Time run: 11/06/2018 12:59:48,,,,,,,,,
Department family,Entity,Date,Expense Type,Expense area,Supplier,Transaction number,AP Amount (�),VAT registration number,Purchase invoice number
Department of Health,NHS Morecambe Bay CCG,5/31/2018,Hcare Srv Rec Fdtn Trust-Contract Baseline,COMMUNITY SERVICES,AIREDALE NHS FOUNDATION TRUST,22403094,"33,038.34 ",,3310034005
Department of Health,NHS Morecambe Bay CCG,5/31/2018,Hcare Srv Rec Fdtn Trust-Contract Baseline,ACUTE COMMISSIONING,AIREDALE NHS FOUNDATION TRUST,22056449,"37,794.00 ",,3310033336
Department of Health,NHS Morecambe Bay CCG,5/31/2018,Hcare Srv Rec Fdtn Trust-Contract Baseline,ACUTE COMMISSIONING,AIREDALE NHS FOUNDATION TRUST,22230917,"43,673.00 ",,3310033939
Department of Health,NHS Morecambe Bay CCG,5/31/2018,Clinical&Medical-Commercial Sector,LEARNING DIFFICULTIES,ASC HEALTHCARE LTD,22330116,"26,811.30 ",,10569
Department of Health,NHS Morecambe Bay CCG,5/31/2018,Clinical&Medical-Commercial Sector,GP FORWARD VIEW,ASH TREES SURGERY,22230897,"25,908.00 ",878521388,PCN003
Department of Health,NHS Morecambe Bay CCG,5/31/2018,C&M - GMS/PMS,LOCAL ENHANCED SERVICES,BAY MEDICAL GROUP,22178295,"28,669.98 ",,01008 8P2EP
Department of Health,NHS Morecambe Bay CCG,5/31/2018,Clinical&Medical-Commercial Sector,PRIMARY CARE DEVELOPMENT,BAY MEDICAL GROUP,22330098,"91,410.00 ",,1437
Department of Health,NHS Morecambe Bay CCG,5/31/2018,Hcare Srv Rec Fdtn Trust-Over/ Under Performance,ACUTE COMMISSIONING,BLACKPOOL TEACHING HOSPITALS NHS FOUNDATION TRUST,22255095,"64,856.00 ",GB654430839,1110038210
Department of Health,NHS Morecambe Bay CCG,5/31/2018,Health Promotion,COMMUNITY SERVICES,BLACKPOOL TEACHING HOSPITALS NHS FOUNDATION TRUST,22255089,"139,500.00 ",GB654430839,1110038192
Department of Health,NHS Morecambe Bay CCG,5/31/2018,Hcare Srv Rec Fdtn Trust-Contract Baseline,ACUTE COMMISSIONING,BLACKPOOL TEACHING HOSPITALS NHS FOUNDATION TRUST,22355065,"272,835.00 ",GB654430839,1110038271
Department of Health,NHS Morecambe Bay CCG,5/31/2018,Hcare Srv Rec Fdtn Trust-Contract Baseline,COMMUNITY SERVICES,BLACKPOOL TEACHING HOSPITALS NHS FOUNDATION TRUST,22355065,"1,120,870.00 ",GB654430839,1110038271
Department of Health,NHS Morecambe Bay CCG,5/31/2018,Clinical&Medical-Commercial Sector,ACUTE COMMISSIONING,BMI HEALTHCARE COLLECTIONS,22118254,"261,128.63 ",,0000090648
Department of Health,NHS Morecambe Bay CCG,5/31/2018,C&M - GMS/PMS,LOCAL ENHANCED SERVICES,CARTMEL SURGERY,22293169,"30,994.15 ",,CU000022233
Department of Health,NHS Morecambe Bay CCG,5/31/2018,Clinical&Medical-Othe Public Sector,COMMISSIONING SCHEMES,CUMBRIA COUNTY COUNCIL,22355073,"695,000.00 ",257177145,0306036
Department of Health,NHS Morecambe Bay CCG,5/31/2018,Hcare Srv Rec Fdtn Trust-Contract Baseline,MENTAL HEALTH CONTRACTS,CUMBRIA PARTNERSHIP NHS FOUNDATION TRUST,22090064,"32,000.00 ",,2510039121
Department of Health,NHS Morecambe Bay CCG,5/31/2018,Hcare Srv Rec Fdtn Trust-Contract Baseline,COMMUNITY SERVICES,CUMBRIA PARTNERSHIP NHS FOUNDATION TRUST,22181958,"331,000.00 ",,2510039122
Department of Health,NHS Morecambe Bay CCG,5/31/2018,Hcare Srv Rec Fdtn Trust-Contract Baseline,MENTAL HEALTH CONTRACTS,CUMBRIA PARTNERSHIP NHS FOUNDATION TRUST,22118054,"1,777,000.00 ",,2510039120
Department of Health,NHS Morecambe Bay CCG,5/31/2018,Cont Care-Mental Health (<65),CHC AD FULL FUND PERS HLTH BUD,DISABILITY ASSOCIATION CARLISLE & EDEN,22402917,"58,683.56 ",,586
Department of Health,NHS Morecambe Bay CCG,5/31/2018,C&M - GMS/PMS,LOCAL ENHANCED SERVICES,DR JH GORRIGAN & PARTNERS,22293180,"32,773.91 ",,CU000022246
Department of Health,NHS Morecambe Bay CCG,5/31/2018,C&M - GMS/PMS,LOCAL ENHANCED SERVICES,DR LA WILSON,22297789,"27,314.83 ",,CU000022269
Department of Health,NHS Morecambe Bay CCG,5/31/2018,C&M - GMS/PMS,LOCAL ENHANCED SERVICES,DR PJI HALL & PARTNERS,22293186,"37,905.08 ",,CU000022252
Department of Health,NHS Morecambe Bay CCG,5/31/2018,C&M - GMS/PMS,LOCAL ENHANCED SERVICES,DR PR JAIN & PARTNER,22293189,"32,862.87 ",,CU000022255
Department of Health,NHS Morecambe Bay CCG,5/31/2018,Hcare Srv Rec NHS Trust-Contract Baseline,ACUTE COMMISSIONING,EAST LANCASHIRE HOSPITALS NHS TRUST,22255103,"42,879.88 ",,E0091358
Department of Health,NHS Morecambe Bay CCG,5/31/2018,Hcare Srv Rec NHS Trust-Contract Baseline,ACUTE COMMISSIONING,EAST LANCASHIRE HOSPITALS NHS TRUST,22056479,"91,471.33 ",,E0091005
Department of Health,NHS Morecambe Bay CCG,5/31/2018,C&M - GMS/PMS,LOCAL ENHANCED SERVICES,HAVERTHWIATE SURGERY,22293192,"44,994.06 ",,CU000022258
Department of Health,NHS Morecambe Bay CCG,5/31/2018,Income tax/NI,BALANCE SHEET,HMRC,22180853,"106,691.47 ",,475PA004428391901
Department of Health,NHS Morecambe Bay CCG,5/31/2018,Clinical&Medical-Independent Sector,EXCEPTIONS & PRIOR APPROVALS,IMAGINE,22430178,"33,106.36 ",,0000005015
Department of Health,NHS Morecambe Bay CCG,5/31/2018,C&M - GMS/PMS,LOCAL ENHANCED SERVICES,JAMES COCHRANE PRACTICE,22293193,"55,516.48 ",,CU000022259
Department of Health,NHS Morecambe Bay CCG,5/31/2018,Hcare Srv Rec Fdtn Trust-Contract Baseline,MENTAL HEALTH CONTRACTS,LANCASHIRE CARE NHS FOUNDATION TRUST,22330240,"45,640.00 ",654923319,I0058774
Department of Health,NHS Morecambe Bay CCG,5/31/2018,Hcare Srv Rec Fdtn Trust-Contract Baseline,COMMUNITY SERVICES,LANCASHIRE CARE NHS FOUNDATION TRUST,22330092,"64,300.00 ",654923319,I0058672
Department of Health,NHS Morecambe Bay CCG,5/31/2018,Hcare Srv Rec Fdtn Trust-Contract Baseline,MENTAL HEALTH CONTRACTS,LANCASHIRE CARE NHS FOUNDATION TRUST,22278998,"1,314,838.00 ",654923319,I0058685
Department of Health,NHS Morecambe Bay CCG,5/31/2018,Clinical&Medical-Othe Public Sector,LEARNING DIFFICULTIES,LANCASHIRE COUNTY COUNCIL,22278845,"355,933.00 ",,5200161616
Department of Health,NHS Morecambe Bay CCG,5/31/2018,Clinical&Medical-Othe Public Sector,COMMISSIONING SCHEMES,LANCASHIRE COUNTY COUNCIL,22056711,"909,746.00 ",,5200163570
Department of Health,NHS Morecambe Bay CCG,5/31/2018,Hcare Srv Rec Fdtn Trust-Contract Baseline,ACUTE COMMISSIONING,LANCASHIRE TEACHING HOSPITALS NHS FOUNDATION TRUST,22430182,"1,449,238.00 ",,15313976
Department of Health,NHS Morecambe Bay CCG,5/31/2018,C&M - GMS/PMS,LOCAL ENHANCED SERVICES,LANCASTER MEDICAL PRACTICE,22178289,"26,085.11 ",,81002 8P2EP
Department of Health,NHS Morecambe Bay CCG,5/31/2018,Hcare Srv Rec NHS Trust-Contract Baseline,ACUTE COMMISSIONING,LEEDS TEACHING HOSPITALS NHS TRUST,22355049,"39,528.00 ",,1410096234
Department of Health,NHS Morecambe Bay CCG,5/31/2018,Hcare Srv Rec Fdtn Trust-Contract Baseline,ACUTE COMMISSIONING,MANCHESTER UNIVERSITY NHS FOUNDATION TRUST,22380728,"272,034.08 ",654415538,0000400031
Department of Health,NHS Morecambe Bay CCG,5/31/2018,Clinical&Medical-Commercial Sector,COMMUNITY SERVICES,MEDEQUIP ASSISTIVE TECHNOLOGY LTD,22278975,"46,825.44 ",218788662,41974
Department of Health,NHS Morecambe Bay CCG,5/31/2018,Charges from CSU,CONTINUING HEALTHCARE ASSESSMENT & SUPPORT,NHS MIDLANDS AND LANCASHIRE CSU,22017359,"(34,341.00)",GB 654442045,7312309951
Department of Health,NHS Morecambe Bay CCG,5/31/2018,Charges from CSU,CONTINUING HEALTHCARE ASSESSMENT & SUPPORT,NHS MIDLANDS AND LANCASHIRE CSU,22017354,"31,479.25 ",GB 654442045,7312309404
Department of Health,NHS Morecambe Bay CCG,5/31/2018,Charges from CSU,COMMUNITY SERVICES,NHS MIDLANDS AND LANCASHIRE CSU,22090243,"153,118.69 ",GB 654442045,7312310255
Department of Health,NHS Morecambe Bay CCG,5/31/2018,Clinical&Medical-Commercial Sector,MENTAL HEALTH SERVICES - COLLABORATIVE COMMISSIONING,NHS WEST LANCASHIRE CCG,22034694,"61,090.00 ",,7013900280
Department of Health,NHS Morecambe Bay CCG,5/31/2018,Hcare Srv Rec NHS Trust-Over/ Under Performance,AMBULANCE SERVICES,NORTH WEST AMBULANCE SERVICE NHS TRUST,22330193,"29,527.00 ",654435138,4110038378
Department of Health,NHS Morecambe Bay CCG,5/31/2018,Clinical&Medical-Serv Recd-NHS Trst,NHS 111,NORTH WEST AMBULANCE SERVICE NHS TRUST,21995097,"102,352.00 ",654435138,4110038124
Department of Health,NHS Morecambe Bay CCG,5/31/2018,Hcare Srv Rec NHS Trust-Contract Baseline,AMBULANCE SERVICES,NORTH WEST AMBULANCE SERVICE NHS TRUST,21995083,"119,972.00 ",654435138,4110038186
Department of Health,NHS Morecambe Bay CCG,5/31/2018,Hcare Srv Rec NHS Trust-Contract Baseline,AMBULANCE SERVICES,NORTH WEST AMBULANCE SERVICE NHS TRUST,21995112,"232,117.00 ",654435138,4110038187
Department of Health,NHS Morecambe Bay CCG,5/31/2018,Hcare Srv Rec NHS Trust-Contract Baseline,AMBULANCE SERVICES,NORTH WEST AMBULANCE SERVICE NHS TRUST,22017414,"1,179,025.00 ",654435138,4110038156
Department of Health,NHS Morecambe Bay CCG,5/31/2018,C&M - GMS/PMS,OUT OF HOURS,PDS MEDICAL,22160159,"70,595.17 ",,00005
Department of Health,NHS Morecambe Bay CCG,5/31/2018,C&M - GMS/PMS,OUT OF HOURS,PDS MEDICAL,22160386,"70,595.17 ",,00023
Department of Health,NHS Morecambe Bay CCG,5/31/2018,Clinical&Medical-Commercial Sector,COMMISSIONING SCHEMES,PDS MEDICAL,22160369,"105,397.00 ",,00024
Department of Health,NHS Morecambe Bay CCG,5/31/2018,C&M - GMS/PMS,OUT OF HOURS,PDS MEDICAL,22160381,"151,513.00 ",,00025
Department of Health,NHS Morecambe Bay CCG,5/31/2018,Hcare Srv Rec NHS Trust-Contract Baseline,ACUTE COMMISSIONING,ROYAL LIVERPOOL AND BROADGREEN UNIVERSITY HOSPITALS NHS TRUST,22056470,"67,609.00 ",654966000,8610081734
Department of Health,NHS Morecambe Bay CCG,5/31/2018,Hcare Srv Rec Fdtn Trust-Non Contract,COMMISSIONING - NON ACUTE,SALFORD ROYAL HOSPITALS NHS FOUNDATION TRUST,22439175,"(40,000.00)",,Z0001418
Department of Health,NHS Morecambe Bay CCG,5/31/2018,Hcare Srv Rec Fdtn Trust-Non Contract,COMMISSIONING - NON ACUTE,SALFORD ROYAL HOSPITALS NHS FOUNDATION TRUST,22439161,"40,000.00 ",,S0015772
Department of Health,NHS Morecambe Bay CCG,5/31/2018,Hcare Srv Rec Fdtn Trust-Contract Baseline,ACUTE COMMISSIONING,SALFORD ROYAL HOSPITALS NHS FOUNDATION TRUST,22090176,"61,594.00 ",,S0015971
Department of Health,NHS Morecambe Bay CCG,5/31/2018,C&M - GMS/PMS,LOCAL ENHANCED SERVICES,SEDBERGH MEDICAL PRACTICE,22293200,"30,602.22 ",,CU000022267
Department of Health,NHS Morecambe Bay CCG,5/31/2018,Clinical&Medical-Drugs,HOSPICES,ST JOHNS HOSPICE,22182001,"25,960.10 ",,CIO530
Department of Health,NHS Morecambe Bay CCG,5/31/2018,Clinical&Medical-Commercial Sector,HOSPICES,ST JOHNS HOSPICE,22330235,"39,666.59 ",,CIO534
Department of Health,NHS Morecambe Bay CCG,5/31/2018,C&M - GMS/PMS,LOCAL ENHANCED SERVICES,STATION HOUSE SURGERY,22293198,"37,373.04 ",,CU000022264
Department of Health,NHS Morecambe Bay CCG,5/31/2018,Computer Network Costs,PRIMARY CARE IT,STRATA HEALTH LTD,22439136,"206,455.20 ",,0371
Department of Health,NHS Morecambe Bay CCG,5/31/2018,Computer Network Costs,COMMISSIONING SCHEMES,UNIVERSITY HOSPITALS OF MORECAMBE BAY NHS FOUNDATION TRUST,22181935,"54,425.00 ",,1000004539
Department of Health,NHS Morecambe Bay CCG,5/31/2018,Hcare Srv Rec Fdtn Trust-Contract Baseline,COMMUNITY SERVICES,UNIVERSITY HOSPITALS OF MORECAMBE BAY NHS FOUNDATION TRUST,22430174,"1,915,729.00 ",,1000005055
Department of Health,NHS Morecambe Bay CCG,5/31/2018,Hcare Srv Rec Fdtn Trust-Contract Baseline,ACUTE COMMISSIONING,UNIVERSITY HOSPITALS OF MORECAMBE BAY NHS FOUNDATION TRUST,22355131,"18,300,000.00 ",,1000005054
Department of Health,NHS Morecambe Bay CCG,5/31/2018,Clinical&Medical-Commercial Sector,COMMISSIONING SCHEMES,UNIVERSITY OF CUMBRIA,22255099,"93,600.00 ",,30108286
Department of Health,NHS Morecambe Bay CCG,5/31/2018,Hcare Srv Rec Fdtn Trust-Contract Baseline,ACUTE COMMISSIONING,WRIGHTINGTON WIGAN & LEIGH NHS FOUNDATION TRUST,22056714,"295,157.00 ",GB654951509,55577053
,,,,,,,,,
,,,,,,,,,
,,,,,,,,,
