Time run: 11/06/2018 12:59:48,,,,,,,,,
Department family,Entity,Date,Expense Type,Expense area,Supplier,Transaction number,AP Amount (�),VAT registration number,Purchase invoice number
Department of Health,NHS Morecambe Bay CCG,4/30/2018,Hcare Srv Rec Fdtn Trust-Contract Baseline,COMMUNITY SERVICES,AIREDALE NHS FOUNDATION TRUST,21956499,"33,038.35 ",,3310033742
Department of Health,NHS Morecambe Bay CCG,4/30/2018,Clinical&Medical-Commercial Sector,LEARNING DIFFICULTIES,ASC HEALTHCARE LTD,21709098,"25,024.00 ",,10543
Department of Health,NHS Morecambe Bay CCG,4/30/2018,Clinical&Medical-Commercial Sector,LEARNING DIFFICULTIES,ASC HEALTHCARE LTD,21729671,"27,705.14 ",,10558
Department of Health,NHS Morecambe Bay CCG,4/30/2018,C&M - GMS/PMS,LOCAL ENHANCED SERVICES,BAY MEDICAL GROUP,21866806,"28,669.98 ",,01008 8P1EP
Department of Health,NHS Morecambe Bay CCG,4/30/2018,C&M - GMS/PMS,LOCAL ENHANCED SERVICES,BENTHAM MEDICAL PRACTICE,21889396,"52,629.37 ",,YN000025808
Department of Health,NHS Morecambe Bay CCG,4/30/2018,Hcare Srv Rec Fdtn Trust-Contract Baseline,ACUTE COMMISSIONING,BLACKPOOL TEACHING HOSPITALS NHS FOUNDATION TRUST,21803810,"27,690.65 ",GB654430839,1110037643
Department of Health,NHS Morecambe Bay CCG,4/30/2018,Hcare Srv Rec Fdtn Trust-Contract Baseline,ACUTE COMMISSIONING,BLACKPOOL TEACHING HOSPITALS NHS FOUNDATION TRUST,21842738,"272,835.00 ",GB654430839,1110037661
Department of Health,NHS Morecambe Bay CCG,4/30/2018,Hcare Srv Rec Fdtn Trust-Contract Baseline,COMMUNITY SERVICES,BLACKPOOL TEACHING HOSPITALS NHS FOUNDATION TRUST,21842738,"1,120,870.00 ",GB654430839,1110037661
Department of Health,NHS Morecambe Bay CCG,4/30/2018,Clinical&Medical-Commercial Sector,ACUTE COMMISSIONING,BMI HEALTHCARE COLLECTIONS,21638826,"35,352.48 ",,0000088229
Department of Health,NHS Morecambe Bay CCG,4/30/2018,Clinical&Medical-Commercial Sector,ACUTE COMMISSIONING,BMI HEALTHCARE COLLECTIONS,21765697,"261,128.63 ",,0000089441
Department of Health,NHS Morecambe Bay CCG,4/30/2018,Hcare Srv Rec Fdtn Trust-Contract Baseline,MENTAL HEALTH CONTRACTS,BRADFORD DISTRICT CARE NHS FOUNDATION TRUST,21623026,"48,954.00 ",,196101
Department of Health,NHS Morecambe Bay CCG,4/30/2018,Clinical&Medical-Commercial Sector,COMMUNITY SERVICES,CANCERCARE NORTH LANCS & SOUTH LAKES,21828064,"45,580.00 ",,1
Department of Health,NHS Morecambe Bay CCG,4/30/2018,Clinical&Medical-Commercial Sector,COMMUNITY SERVICES,CANCERCARE NORTH LANCS & SOUTH LAKES,21828049,"85,495.00 ",,2
Department of Health,NHS Morecambe Bay CCG,4/30/2018,C&M - GMS/PMS,LOCAL ENHANCED SERVICES,CARTMEL SURGERY,21840180,"29,992.84 ",,CU000021913
Department of Health,NHS Morecambe Bay CCG,4/30/2018,Hcare Srv Rec Fdtn Trust-Contract Baseline,ACUTE COMMISSIONING,CHRISTIE HOSPITAL NHS FOUNDATION TRUST,21956538,"47,906.33 ",,29927
Department of Health,NHS Morecambe Bay CCG,4/30/2018,Clinical&Medical-Othe Public Sector,COMMISSIONING SCHEMES,CUMBRIA COUNTY COUNCIL,21940983,"695,000.00 ",257177145,0305467
Department of Health,NHS Morecambe Bay CCG,4/30/2018,Clinical&Medical-Commercial Sector,OUT OF HOURS,CUMBRIA HEALTH ON CALL (CHOC),21729625,"31,981.60 ",,5811
Department of Health,NHS Morecambe Bay CCG,4/30/2018,Hcare Srv Rec Fdtn Trust-Contract Baseline,COMMUNITY SERVICES,CUMBRIA PARTNERSHIP NHS FOUNDATION TRUST,21917339,"(99,000.00)",,2510003379
Department of Health,NHS Morecambe Bay CCG,4/30/2018,Hcare Srv Rec Fdtn Trust-Contract Baseline,MENTAL HEALTH CONTRACTS,CUMBRIA PARTNERSHIP NHS FOUNDATION TRUST,21668826,"32,000.00 ",,2510038797
Department of Health,NHS Morecambe Bay CCG,4/30/2018,Hcare Srv Rec Fdtn Trust-Non Contract,COMMUNITY SERVICES,CUMBRIA PARTNERSHIP NHS FOUNDATION TRUST,21974569,"41,372.00 ",,2510039032
Department of Health,NHS Morecambe Bay CCG,4/30/2018,Hcare Srv Rec Fdtn Trust-Contract Baseline,COMMUNITY SERVICES,CUMBRIA PARTNERSHIP NHS FOUNDATION TRUST,21765662,"331,000.00 ",,2510038792
Department of Health,NHS Morecambe Bay CCG,4/30/2018,Hcare Srv Rec Fdtn Trust-Contract Baseline,MENTAL HEALTH CONTRACTS,CUMBRIA PARTNERSHIP NHS FOUNDATION TRUST,21668830,"1,777,000.00 ",,2510038796
Department of Health,NHS Morecambe Bay CCG,4/30/2018,Clinical&Medical-Independent Sector,LEARNING DIFFICULTIES,DANSHELL HEALTHCARE LTD,21729557,"42,510.00 ",,16434
Department of Health,NHS Morecambe Bay CCG,4/30/2018,Clinical&Medical-Commercial Sector,LEARNING DIFFICULTIES,DANSHELL HEALTHCARE LTD,21873872,"43,927.00 ",,16730
Department of Health,NHS Morecambe Bay CCG,4/30/2018,Clinical&Medical-Independent Sector,LEARNING DIFFICULTIES,DANSHELL HEALTHCARE LTD,21729562,"51,000.00 ",,16439
Department of Health,NHS Morecambe Bay CCG,4/30/2018,Clinical&Medical-Commercial Sector,LEARNING DIFFICULTIES,DANSHELL HEALTHCARE LTD,21873870,"52,700.00 ",,16735
Department of Health,NHS Morecambe Bay CCG,4/30/2018,C&M - GMS/PMS,LOCAL ENHANCED SERVICES,DR JH GORRIGAN & PARTNERS,21840191,"25,594.82 ",,CU000021927
Department of Health,NHS Morecambe Bay CCG,4/30/2018,C&M - GMS/PMS,LOCAL ENHANCED SERVICES,DR LA WILSON,21838151,"40,140.52 ",,CU000021950
Department of Health,NHS Morecambe Bay CCG,4/30/2018,C&M - GMS/PMS,LOCAL ENHANCED SERVICES,DR PJI HALL & PARTNERS,21840197,"32,116.60 ",,CU000021933
Department of Health,NHS Morecambe Bay CCG,4/30/2018,C&M - GMS/PMS,LOCAL ENHANCED SERVICES,DR PR JAIN & PARTNER,21840200,"32,818.62 ",,CU000021936
Department of Health,NHS Morecambe Bay CCG,4/30/2018,Computer Software/License,MEDICINES MANAGEMENT - CLINICAL,FIRST DATABANK EUROPE LTD,21827886,"135,881.86 ",585826589,7644
Department of Health,NHS Morecambe Bay CCG,4/30/2018,Clinical&Medical-Commercial Sector,ACUTE COMMISSIONING,FULWOOD HALL HOSPITAL,21803805,"49,113.15 ",,24KMAPR18MORE
Department of Health,NHS Morecambe Bay CCG,4/30/2018,Clinical&Medical-Commercial Sector,ACUTE COMMISSIONING,FULWOOD HALL HOSPITAL,21974576,"49,113.15 ",,26KMMAY18MORE
Department of Health,NHS Morecambe Bay CCG,4/30/2018,Hcare Srv Rec Fdtn Trust-Non Contract,NCAS/OATS,GUYS & ST THOMAS HOSPITAL NHS FOUNDATION TRUST,21917279,"27,674.00 ",654923417,3236495
Department of Health,NHS Morecambe Bay CCG,4/30/2018,Income tax/NI,BALANCE SHEET,HMRC,21688063,"106,282.85 ",,475PA004428391812
Department of Health,NHS Morecambe Bay CCG,4/30/2018,C&M - GMS/PMS,LOCAL ENHANCED SERVICES,JAMES COCHRANE PRACTICE,21840204,"37,299.04 ",,CU000021940
Department of Health,NHS Morecambe Bay CCG,4/30/2018,Hcare Srv Rec Fdtn Trust-Contract Baseline,MENTAL HEALTH CONTRACTS,LANCASHIRE CARE NHS FOUNDATION TRUST,21873824,"45,640.00 ",654923319,I0058403
Department of Health,NHS Morecambe Bay CCG,4/30/2018,Hcare Srv Rec Fdtn Trust-Over/ Under Performance,MENTAL HEALTH CONTRACTS,LANCASHIRE CARE NHS FOUNDATION TRUST,21786869,"52,000.00 ",654923319,I0057331
Department of Health,NHS Morecambe Bay CCG,4/30/2018,Hcare Srv Rec Fdtn Trust-Over/ Under Performance,MENTAL HEALTH CONTRACTS,LANCASHIRE CARE NHS FOUNDATION TRUST,21786873,"52,000.00 ",654923319,I0057627
Department of Health,NHS Morecambe Bay CCG,4/30/2018,Hcare Srv Rec Fdtn Trust-Contract Baseline,COMMUNITY SERVICES,LANCASHIRE CARE NHS FOUNDATION TRUST,21956269,"64,300.00 ",654923319,I0058407
Department of Health,NHS Morecambe Bay CCG,4/30/2018,Hcare Srv Rec Fdtn Trust-Contract Baseline,MENTAL HEALTH CONTRACTS,LANCASHIRE CARE NHS FOUNDATION TRUST,21974535,"1,314,838.00 ",654923319,I0058402
Department of Health,NHS Morecambe Bay CCG,4/30/2018,Clinical&Medical-Othe Public Sector,MENTAL HEALTH SERVICES - OTHER,LANCASHIRE COUNTY COUNCIL,21872757,"32,440.55 ",,5200161493
Department of Health,NHS Morecambe Bay CCG,4/30/2018,Clinical&Medical-Othe Public Sector,WINTER PRESSURES,LANCASHIRE COUNTY COUNCIL,21584720,"35,000.00 ",,5200161568
Department of Health,NHS Morecambe Bay CCG,4/30/2018,Clinical&Medical-Othe Public Sector,MENTAL HEALTH SERVICES - OTHER,LANCASHIRE COUNTY COUNCIL,21786877,"47,888.00 ",,5100539771
Department of Health,NHS Morecambe Bay CCG,4/30/2018,Hcare Srv Rec Fdtn Trust-Contract Baseline,ACUTE COMMISSIONING,LANCASHIRE TEACHING HOSPITALS NHS FOUNDATION TRUST,21938091,"1,449,238.00 ",,15312740
Department of Health,NHS Morecambe Bay CCG,4/30/2018,C&M - GMS/PMS,LOCAL ENHANCED SERVICES,LANCASTER MEDICAL PRACTICE,21866791,"26,085.11 ",,81002 8P1EP
Department of Health,NHS Morecambe Bay CCG,4/30/2018,Hcare Srv Rec NHS Trust-Contract Baseline,ACUTE COMMISSIONING,LEEDS TEACHING HOSPITALS NHS TRUST,21638846,"39,528.00 ",,1410093560
Department of Health,NHS Morecambe Bay CCG,4/30/2018,Hcare Srv Rec NHS Trust-Contract Baseline,ACUTE COMMISSIONING,LEEDS TEACHING HOSPITALS NHS TRUST,21917340,"39,528.00 ",,1410094321
Department of Health,NHS Morecambe Bay CCG,4/30/2018,Hcare Srv Rec Fdtn Trust-Contract Baseline,ACUTE COMMISSIONING,MANCHESTER UNIVERSITY NHS FOUNDATION TRUST,21938086,"281,733.09 ",654415538,0000353811
Department of Health,NHS Morecambe Bay CCG,4/30/2018,Clinical&Medical-Commercial Sector,COMMUNITY SERVICES,MEDEQUIP ASSISTIVE TECHNOLOGY LTD,21709207,"82,486.04 ",218788662,41775
Department of Health,NHS Morecambe Bay CCG,4/30/2018,Hcare Srv Rec Fdtn Trust-Non Contract,LEARNING DIFFICULTIES,MERSEY CARE NHS FOUNDATION TRUST,21622896,"(214,592.00)",654412841,C0002371
Department of Health,NHS Morecambe Bay CCG,4/30/2018,Hcare Srv Rec Fdtn Trust-Non Contract,LEARNING DIFFICULTIES,MERSEY CARE NHS FOUNDATION TRUST,21622832,"56,592.00 ",654412841,I0035712
Department of Health,NHS Morecambe Bay CCG,4/30/2018,Hcare Srv Rec Fdtn Trust-Non Contract,LEARNING DIFFICULTIES,MERSEY CARE NHS FOUNDATION TRUST,21622811,"158,000.00 ",654412841,I0034879
Department of Health,NHS Morecambe Bay CCG,4/30/2018,Charges from CSU,COMMUNITY SERVICES,NHS MIDLANDS AND LANCASHIRE CSU,21786914,"153,118.69 ",GB 654442045,7312310114
Department of Health,NHS Morecambe Bay CCG,4/30/2018,Non-PFI Oprtng Lease-Bldgs-Lease Rent,RECHARGES NHS PROPERTY SERVICES LTD,NHS PROPERTY SERVICES LTD,21729485,"31,399.35 ",156725100,H51950
Department of Health,NHS Morecambe Bay CCG,4/30/2018,Non-PFI Oprtng Lease-Bldgs-Lease Rent,RECHARGES NHS PROPERTY SERVICES LTD,NHS PROPERTY SERVICES LTD,21729500,"40,740.66 ",156725100,H55263
Department of Health,NHS Morecambe Bay CCG,4/30/2018,Non-PFI Oprtng Lease-Bldgs-Lease Rent,RECHARGES NHS PROPERTY SERVICES LTD,NHS PROPERTY SERVICES LTD,21729501,"94,198.05 ",156725100,H55261
Department of Health,NHS Morecambe Bay CCG,4/30/2018,Hcare Srv Rec NHS Trust-Contract Baseline,ACUTE COMMISSIONING,NORTH CUMBRIA UNIVERSITY HOSPITALS NHS TRUST,21974587,"75,886.00 ",654914810,2010042008
Department of Health,NHS Morecambe Bay CCG,4/30/2018,Clinical&Medical-Serv Recd-NHS Trst,NHS 111,NORTH WEST AMBULANCE SERVICE NHS TRUST,21622921,"111,201.00 ",654435138,4110037785
Department of Health,NHS Morecambe Bay CCG,4/30/2018,Hcare Srv Rec NHS Trust-Contract Baseline,AMBULANCE SERVICES,NORTH WEST AMBULANCE SERVICE NHS TRUST,21622898,"119,972.00 ",654435138,4110037814
Department of Health,NHS Morecambe Bay CCG,4/30/2018,Hcare Srv Rec NHS Trust-Contract Baseline,AMBULANCE SERVICES,NORTH WEST AMBULANCE SERVICE NHS TRUST,21622952,"232,117.00 ",654435138,4110037815
Department of Health,NHS Morecambe Bay CCG,4/30/2018,Hcare Srv Rec NHS Trust-Contract Baseline,AMBULANCE SERVICES,NORTH WEST AMBULANCE SERVICE NHS TRUST,21668915,"1,179,025.00 ",654435138,4110037904
Department of Health,NHS Morecambe Bay CCG,4/30/2018,Clinical&Medical-Commercial Sector,COMMISSIONING SCHEMES,PDS MEDICAL,21923709,"105,397.00 ",,00006
Department of Health,NHS Morecambe Bay CCG,4/30/2018,Clinical&Medical-Commercial Sector,OUT OF HOURS,PDS MEDICAL,21923710,"151,513.00 ",,00007
Department of Health,NHS Morecambe Bay CCG,4/30/2018,Hcare Srv Rec Fdtn Trust-Contract Baseline,ACUTE COMMISSIONING,SALFORD ROYAL HOSPITALS NHS FOUNDATION TRUST,21729685,"61,593.75 ",,S0015432
Department of Health,NHS Morecambe Bay CCG,4/30/2018,Hcare Srv Rec Fdtn Trust-Over/ Under Performance,ACUTE COMMISSIONING,SALFORD ROYAL NHS FOUNDATION TRUST,21828000,"72,516.21 ",654939786,S0015064
Department of Health,NHS Morecambe Bay CCG,4/30/2018,C&M - GMS/PMS,LOCAL ENHANCED SERVICES,SEDBERGH MEDICAL PRACTICE,21840211,"28,229.10 ",,CU000021948
Department of Health,NHS Morecambe Bay CCG,4/30/2018,Cont Care- Adult 100% Fully Funded,CHC AD FULL FUND PERS HLTH BUD,SOLO SUPPORT SERVICES LTD,21803723,"45,732.96 ",241002867,WDN0418
Department of Health,NHS Morecambe Bay CCG,4/30/2018,Clinical&Medical-Commercial Sector,HOSPICES,ST JOHNS HOSPICE,21828022,"29,241.00 ",,CIO522
Department of Health,NHS Morecambe Bay CCG,4/30/2018,Clinical&Medical-Commercial Sector,Winter Resilience,ST JOHNS HOSPICE,21828026,"65,000.00 ",,CIO520
Department of Health,NHS Morecambe Bay CCG,4/30/2018,Clinical&Medical-Commercial Sector,HOSPICES,ST JOHNS HOSPICE,21842740,"300,026.50 ",,CIO521
Department of Health,NHS Morecambe Bay CCG,4/30/2018,Clinical&Medical-Commercial Sector,HOSPICES,ST MARYS HOSPICE LTD,21729602,"72,930.00 ",,285
Department of Health,NHS Morecambe Bay CCG,4/30/2018,Clinical&Medical-Commercial Sector,HOSPICES,ST MARYS HOSPICE LTD,21638875,"115,000.00 ",,284
Department of Health,NHS Morecambe Bay CCG,4/30/2018,Clinical&Medical-Commercial Sector,HOSPICES,ST MARYS HOSPICE LTD,21668920,"397,952.00 ",,283
Department of Health,NHS Morecambe Bay CCG,4/30/2018,C&M - GMS/PMS,LOCAL ENHANCED SERVICES,STATION HOUSE SURGERY,21840209,"43,532.94 ",,CU000021945
Department of Health,NHS Morecambe Bay CCG,4/30/2018,Training Expenses,COMMISSIONING SCHEMES,UNIVERSITY HOSPITALS OF MORECAMBE BAY NHS FOUNDATION TRUST,21917289,"33,000.00 ",,1000004538
Department of Health,NHS Morecambe Bay CCG,4/30/2018,Programme Support Costs,COMMISSIONING SCHEMES,UNIVERSITY HOSPITALS OF MORECAMBE BAY NHS FOUNDATION TRUST,21917292,"50,877.86 ",,1000004561
Department of Health,NHS Morecambe Bay CCG,4/30/2018,Non-PFI Oprtng Lease-Bldgs-Lease Rent,COMMUNITY SERVICES,UNIVERSITY HOSPITALS OF MORECAMBE BAY NHS FOUNDATION TRUST,21568896,"56,250.00 ",,1000004569
Department of Health,NHS Morecambe Bay CCG,4/30/2018,Hcare Srv Rec Fdtn Trust-Non Contract,WINTER PRESSURES,UNIVERSITY HOSPITALS OF MORECAMBE BAY NHS FOUNDATION TRUST,21827963,"84,000.00 ",,1000004627
Department of Health,NHS Morecambe Bay CCG,4/30/2018,Hcare Srv Rec Fdtn Trust-Contract Baseline,COMMUNITY SERVICES,UNIVERSITY HOSPITALS OF MORECAMBE BAY NHS FOUNDATION TRUST,21938090,"1,900,000.00 ",,1000004825
Department of Health,NHS Morecambe Bay CCG,4/30/2018,Hcare Srv Rec Fdtn Trust-Non Contract,COMMUNITY SERVICES,UNIVERSITY HOSPITALS OF MORECAMBE BAY NHS FOUNDATION TRUST,21729715,"1,900,000.00 ",,1000004675
Department of Health,NHS Morecambe Bay CCG,4/30/2018,Hcare Srv Rec Fdtn Trust-Contract Baseline,ACUTE COMMISSIONING,UNIVERSITY HOSPITALS OF MORECAMBE BAY NHS FOUNDATION TRUST,21938088,"18,300,000.00 ",,1000004824
Department of Health,NHS Morecambe Bay CCG,4/30/2018,Hcare Srv Rec Fdtn Trust-Contract Baseline,ACUTE COMMISSIONING,WRIGHTINGTON WIGAN & LEIGH NHS FOUNDATION TRUST,21729702,"295,155.00 ",GB654951509,55576269
