A3131,,Expenditure Over Threshold,,,,,
,,,,,,,
,,,,,,,
,,,,,,,
,,,,,,,
,,,,,,,
RUN AT 02/01/2019 11:37:59,,,,,,,
,,,,,,,
Department family,Entity,Date,Expense Type,Expense area,Supplier,Transaction number,AP Amount (�)
Department of Health,NHS Newark & Sherwood CCG,12/31/2018,Clinical&Medical-Clinical Other,GP FORWARD VIEW,ABBEY MEDICAL GROUP (THE),25036963,"26,825.25 "
Department of Health,NHS Newark & Sherwood CCG,12/31/2018,C&M-GMS DES Minor Surgery,PRC DELEGATED CO-COMMISSIONING,BARNBY GATE SURGERY,25233750,"2,798.13 "
Department of Health,NHS Newark & Sherwood CCG,12/31/2018,C&M-GMS Global Sum,PRC DELEGATED CO-COMMISSIONING,BARNBY GATE SURGERY,25233750,"99,551.55 "
Department of Health,NHS Newark & Sherwood CCG,12/31/2018,C&M-GMS PCO Seniority,PRC DELEGATED CO-COMMISSIONING,BARNBY GATE SURGERY,25233750,"2,634.42 "
Department of Health,NHS Newark & Sherwood CCG,12/31/2018,C&M-GMS Prem Notional Rent,PRC DELEGATED CO-COMMISSIONING,BARNBY GATE SURGERY,25233750,"8,250.00 "
Department of Health,NHS Newark & Sherwood CCG,12/31/2018,C&M-GMS Prem Water Rates,PRC DELEGATED CO-COMMISSIONING,BARNBY GATE SURGERY,25233750,418.21 
Department of Health,NHS Newark & Sherwood CCG,12/31/2018,C&M-GMS QOF Aspiration,PRC DELEGATED CO-COMMISSIONING,BARNBY GATE SURGERY,25233750,"9,873.42 "
Department of Health,NHS Newark & Sherwood CCG,12/31/2018,Clinical&Medical-Voluntary Sector,COMMISSIONING - NON ACUTE,BEAUMOND HOUSE COMMUNITY HOSPICE,25195736,"40,760.33 "
Department of Health,NHS Newark & Sherwood CCG,12/31/2018,C&M-GMS DES Minor Surgery,PRC DELEGATED CO-COMMISSIONING,BILSTHORPE SURGERY,25239192,657.92 
Department of Health,NHS Newark & Sherwood CCG,12/31/2018,C&M-GMS Global Sum,PRC DELEGATED CO-COMMISSIONING,BILSTHORPE SURGERY,25239192,"29,455.69 "
Department of Health,NHS Newark & Sherwood CCG,12/31/2018,C&M-GMS PCO Seniority,PRC DELEGATED CO-COMMISSIONING,BILSTHORPE SURGERY,25239192,"1,131.39 "
Department of Health,NHS Newark & Sherwood CCG,12/31/2018,C&M-GMS Prem Notional Rent,PRC DELEGATED CO-COMMISSIONING,BILSTHORPE SURGERY,25239192,"7,576.30 "
Department of Health,NHS Newark & Sherwood CCG,12/31/2018,C&M-GMS Prem Other,PRC DELEGATED CO-COMMISSIONING,BILSTHORPE SURGERY,25239192,398.70 
Department of Health,NHS Newark & Sherwood CCG,12/31/2018,C&M-GMS QOF Aspiration,PRC DELEGATED CO-COMMISSIONING,BILSTHORPE SURGERY,25239192,"3,272.20 "
Department of Health,NHS Newark & Sherwood CCG,12/31/2018,Clinical&Medical-Independent Sector,ACUTE COMMISSIONING,BMI HEALTHCARE LTD,25195461,"102,018.94 "
Department of Health,NHS Newark & Sherwood CCG,12/31/2018,Clinical&Medical-Independent Sector,ACUTE COMMISSIONING,CARE UK CLINICAL SERVICES LTD,25195593,"34,929.85 "
Department of Health,NHS Newark & Sherwood CCG,12/31/2018,Clinical&Medical-Commercial Sector,CLINICAL ASSESSMENT AND TREATMENT CENTRES,CIRCLE NOTTINGHAM LTD,25195410,"159,434.15 "
Department of Health,NHS Newark & Sherwood CCG,12/31/2018,C&M-GMS DES Extended Hours Access,PRC DELEGATED CO-COMMISSIONING,COLLINGHAM MEDICAL CENTRE,25233734,"3,321.68 "
Department of Health,NHS Newark & Sherwood CCG,12/31/2018,C&M-GMS DES Minor Surgery,PRC DELEGATED CO-COMMISSIONING,COLLINGHAM MEDICAL CENTRE,25233734,"1,575.30 "
Department of Health,NHS Newark & Sherwood CCG,12/31/2018,C&M-GMS Global Sum,PRC DELEGATED CO-COMMISSIONING,COLLINGHAM MEDICAL CENTRE,25233734,"58,388.70 "
Department of Health,NHS Newark & Sherwood CCG,12/31/2018,C&M-GMS Prem Notional Rent,PRC DELEGATED CO-COMMISSIONING,COLLINGHAM MEDICAL CENTRE,25233734,"9,091.67 "
Department of Health,NHS Newark & Sherwood CCG,12/31/2018,C&M-GMS QOF Aspiration,PRC DELEGATED CO-COMMISSIONING,COLLINGHAM MEDICAL CENTRE,25233734,"5,861.37 "
Department of Health,NHS Newark & Sherwood CCG,12/31/2018,C&M-GMS Cost of Drugs -Dispensing,LOCAL ENHANCED SERVICES,COLLINGHAM MEDICAL CENTRE,25321391,"(48,611.15)"
Department of Health,NHS Newark & Sherwood CCG,12/31/2018,C&M-GMS PrscChrgsCll&RmttdbyGPCntra,PRC DELEGATED CO-COMMISSIONING,COLLINGHAM MEDICAL CENTRE,25321391,"(2,508.00)"
Department of Health,NHS Newark & Sherwood CCG,12/31/2018,C&M-GMS Cost of Drugs -Dispensing,LOCAL ENHANCED SERVICES,COLLINGHAM MEDICAL CENTRE,25321392,"96,753.81 "
Department of Health,NHS Newark & Sherwood CCG,12/31/2018,C&M-GMS Prof Fees Dispensing,PRC DELEGATED CO-COMMISSIONING,COLLINGHAM MEDICAL CENTRE,25321392,"16,573.49 "
Department of Health,NHS Newark & Sherwood CCG,12/31/2018,C&M-GMS PrscrptnChrgsColl&RmttdbyGP,LOCAL ENHANCED SERVICES,COLLINGHAM MEDICAL CENTRE,25321392,"2,508.00 "
Department of Health,NHS Newark & Sherwood CCG,12/31/2018,Rent,ESTATES AND FACILITIES,COMMUNITY HEALTH PARTNERSHIPS LTD,25196575,"23,724.00 "
Department of Health,NHS Newark & Sherwood CCG,12/31/2018,Rent,RECHARGES NHS PROPERTY SERVICES LTD,COMMUNITY HEALTH PARTNERSHIPS LTD,25196575,"16,487.00 "
Department of Health,NHS Newark & Sherwood CCG,12/31/2018,Hcare Srv Rec Fdtn Trust-Over/ Under Performance,ACUTE COMMISSIONING,DONCASTER AND BASSETLAW HOSPITALS NHS FOUNDATION TRUST,25006985,"(184,439.00)"
Department of Health,NHS Newark & Sherwood CCG,12/31/2018,Hcare Srv Rec Fdtn Trust-CQUIN,ACUTE COMMISSIONING,DONCASTER AND BASSETLAW HOSPITALS NHS FOUNDATION TRUST,25195640,"3,238.00 "
Department of Health,NHS Newark & Sherwood CCG,12/31/2018,Hcare Srv Rec Fdtn Trust-Contract Baseline,ACUTE COMMISSIONING,DONCASTER AND BASSETLAW HOSPITALS NHS FOUNDATION TRUST,25195640,"270,877.00 "
Department of Health,NHS Newark & Sherwood CCG,12/31/2018,Hcare Srv Rec NHS Trust-CQUIN,AMBULANCE SERVICES,EAST MIDLANDS AMBULANCE SERVICE NHS TRUST,25195621,"4,250.33 "
Department of Health,NHS Newark & Sherwood CCG,12/31/2018,Hcare Srv Rec NHS Trust-Contract Baseline,AMBULANCE SERVICES,EAST MIDLANDS AMBULANCE SERVICE NHS TRUST,25195621,"339,997.67 "
Department of Health,NHS Newark & Sherwood CCG,12/31/2018,C&M-GMS DES Extended Hours Access,PRC DELEGATED CO-COMMISSIONING,HILL VIEW SURGERY,25233740,"1,481.53 "
Department of Health,NHS Newark & Sherwood CCG,12/31/2018,C&M-GMS DES Minor Surgery,PRC DELEGATED CO-COMMISSIONING,HILL VIEW SURGERY,25233740,702.88 
Department of Health,NHS Newark & Sherwood CCG,12/31/2018,C&M-GMS Global Sum,PRC DELEGATED CO-COMMISSIONING,HILL VIEW SURGERY,25233740,"24,326.87 "
Department of Health,NHS Newark & Sherwood CCG,12/31/2018,C&M-GMS MPIG Correction Factor,PRC DELEGATED CO-COMMISSIONING,HILL VIEW SURGERY,25233740,"1,203.47 "
Department of Health,NHS Newark & Sherwood CCG,12/31/2018,C&M-GMS PCO Other,PRC DELEGATED CO-COMMISSIONING,HILL VIEW SURGERY,25233740,"3,845.00 "
Department of Health,NHS Newark & Sherwood CCG,12/31/2018,C&M-GMS PCO Seniority,PRC DELEGATED CO-COMMISSIONING,HILL VIEW SURGERY,25233740,426.50 
Department of Health,NHS Newark & Sherwood CCG,12/31/2018,C&M-GMS Prem Clinical Waste,PRC DELEGATED CO-COMMISSIONING,HILL VIEW SURGERY,25233740,34.98 
Department of Health,NHS Newark & Sherwood CCG,12/31/2018,C&M-GMS Prem Notional Rent,PRC DELEGATED CO-COMMISSIONING,HILL VIEW SURGERY,25233740,"2,383.33 "
Department of Health,NHS Newark & Sherwood CCG,12/31/2018,C&M-GMS QOF Aspiration,PRC DELEGATED CO-COMMISSIONING,HILL VIEW SURGERY,25233740,"2,490.57 "
Department of Health,NHS Newark & Sherwood CCG,12/31/2018,C&M-GMS DES Minor Surgery,PRC DELEGATED CO-COMMISSIONING,HOUNDSFIELD SURGERY,25233752,745.78 
Department of Health,NHS Newark & Sherwood CCG,12/31/2018,C&M-GMS Global Sum,PRC DELEGATED CO-COMMISSIONING,HOUNDSFIELD SURGERY,25233752,"33,113.61 "
Department of Health,NHS Newark & Sherwood CCG,12/31/2018,C&M-GMS PCO Seniority,PRC DELEGATED CO-COMMISSIONING,HOUNDSFIELD SURGERY,25233752,426.50 
Department of Health,NHS Newark & Sherwood CCG,12/31/2018,C&M-GMS Prem Notional Rent,PRC DELEGATED CO-COMMISSIONING,HOUNDSFIELD SURGERY,25233752,"2,643.25 "
Department of Health,NHS Newark & Sherwood CCG,12/31/2018,C&M-GMS QOF Aspiration,PRC DELEGATED CO-COMMISSIONING,HOUNDSFIELD SURGERY,25233752,"2,540.00 "
Department of Health,NHS Newark & Sherwood CCG,12/31/2018,C&M-GMS Cost of Drugs -Dispensing,LOCAL ENHANCED SERVICES,HOUNDSFIELD SURGERY,25321401,"(47,560.70)"
Department of Health,NHS Newark & Sherwood CCG,12/31/2018,C&M-GMS PrscChrgsCll&RmttdbyGPCntra,PRC DELEGATED CO-COMMISSIONING,HOUNDSFIELD SURGERY,25321401,"(3,458.40)"
Department of Health,NHS Newark & Sherwood CCG,12/31/2018,C&M-GMS Cost of Drugs -Dispensing,LOCAL ENHANCED SERVICES,HOUNDSFIELD SURGERY,25321402,"88,358.96 "
Department of Health,NHS Newark & Sherwood CCG,12/31/2018,C&M-GMS Prof Fees Dispensing,PRC DELEGATED CO-COMMISSIONING,HOUNDSFIELD SURGERY,25321402,"17,106.42 "
Department of Health,NHS Newark & Sherwood CCG,12/31/2018,C&M-GMS PrscrptnChrgsColl&RmttdbyGP,LOCAL ENHANCED SERVICES,HOUNDSFIELD SURGERY,25321402,"3,458.40 "
Department of Health,NHS Newark & Sherwood CCG,12/31/2018,C&M-GMS DES Minor Surgery,PRC DELEGATED CO-COMMISSIONING,LOMBARD MEDICAL CENTRE,25233748,"1,576.33 "
Department of Health,NHS Newark & Sherwood CCG,12/31/2018,C&M-GMS Global Sum,PRC DELEGATED CO-COMMISSIONING,LOMBARD MEDICAL CENTRE,25233748,"128,661.82 "
Department of Health,NHS Newark & Sherwood CCG,12/31/2018,C&M-GMS MPIG Correction Factor,PRC DELEGATED CO-COMMISSIONING,LOMBARD MEDICAL CENTRE,25233748,"3,276.74 "
Department of Health,NHS Newark & Sherwood CCG,12/31/2018,C&M-GMS PCO Seniority,PRC DELEGATED CO-COMMISSIONING,LOMBARD MEDICAL CENTRE,25233748,"3,807.01 "
Department of Health,NHS Newark & Sherwood CCG,12/31/2018,C&M-GMS QOF Aspiration,PRC DELEGATED CO-COMMISSIONING,LOMBARD MEDICAL CENTRE,25233748,"14,608.41 "
Department of Health,NHS Newark & Sherwood CCG,12/31/2018,C&M-GMS DES Extended Hours Access,PRC DELEGATED CO-COMMISSIONING,MAJOR OAK MEDICAL PRACTICE,25233742,"3,045.23 "
Department of Health,NHS Newark & Sherwood CCG,12/31/2018,C&M-GMS Global Sum,PRC DELEGATED CO-COMMISSIONING,MAJOR OAK MEDICAL PRACTICE,25233742,"55,019.27 "
Department of Health,NHS Newark & Sherwood CCG,12/31/2018,C&M-GMS PCO Seniority,PRC DELEGATED CO-COMMISSIONING,MAJOR OAK MEDICAL PRACTICE,25233742,992.79 
Department of Health,NHS Newark & Sherwood CCG,12/31/2018,C&M-GMS Prem Actual Rent,PRC DELEGATED CO-COMMISSIONING,MAJOR OAK MEDICAL PRACTICE,25233742,"9,862.32 "
Department of Health,NHS Newark & Sherwood CCG,12/31/2018,C&M-GMS Prem Clinical Waste,PRC DELEGATED CO-COMMISSIONING,MAJOR OAK MEDICAL PRACTICE,25233742,39.50 
Department of Health,NHS Newark & Sherwood CCG,12/31/2018,C&M-GMS Prem Rates,PRC DELEGATED CO-COMMISSIONING,MAJOR OAK MEDICAL PRACTICE,25233742,487.11 
Department of Health,NHS Newark & Sherwood CCG,12/31/2018,C&M-GMS Prem Water Rates,PRC DELEGATED CO-COMMISSIONING,MAJOR OAK MEDICAL PRACTICE,25233742,112.41 
Department of Health,NHS Newark & Sherwood CCG,12/31/2018,C&M-GMS QOF Aspiration,PRC DELEGATED CO-COMMISSIONING,MAJOR OAK MEDICAL PRACTICE,25233742,"6,006.31 "
Department of Health,NHS Newark & Sherwood CCG,12/31/2018,C&M-GMS DES Learn Dsblty Hlth Chk,PRC DELEGATED CO-COMMISSIONING,MIDDLETON LODGE SURGERY,25233732,"4,620.00 "
Department of Health,NHS Newark & Sherwood CCG,12/31/2018,C&M-GMS DES Minor Surgery,PRC DELEGATED CO-COMMISSIONING,MIDDLETON LODGE SURGERY,25233732,"3,287.54 "
Department of Health,NHS Newark & Sherwood CCG,12/31/2018,C&M-GMS Global Sum,PRC DELEGATED CO-COMMISSIONING,MIDDLETON LODGE SURGERY,25233732,"105,427.80 "
Department of Health,NHS Newark & Sherwood CCG,12/31/2018,C&M-GMS PCO Seniority,PRC DELEGATED CO-COMMISSIONING,MIDDLETON LODGE SURGERY,25233732,"1,650.68 "
Department of Health,NHS Newark & Sherwood CCG,12/31/2018,C&M-GMS Prem Notional Rent,PRC DELEGATED CO-COMMISSIONING,MIDDLETON LODGE SURGERY,25233732,"4,483.33 "
Department of Health,NHS Newark & Sherwood CCG,12/31/2018,C&M-GMS QOF Aspiration,PRC DELEGATED CO-COMMISSIONING,MIDDLETON LODGE SURGERY,25233732,"11,511.36 "
Department of Health,NHS Newark & Sherwood CCG,12/31/2018,Cont Care-CCG,CHC ADULT FULLY FUNDED,NHS MANSFIELD & ASHFIELD CCG,25331532,"443,966.00 "
Department of Health,NHS Newark & Sherwood CCG,12/31/2018,Cont Care-CCG,CHC ADULT FULLY FUNDED,NHS MANSFIELD & ASHFIELD CCG,25331539,"400,000.00 "
Department of Health,NHS Newark & Sherwood CCG,12/31/2018,Cont Care-CCG,CHC ADULT FULLY FUNDED,NHS MANSFIELD & ASHFIELD CCG,25331544,"129,521.00 "
Department of Health,NHS Newark & Sherwood CCG,12/31/2018,Cont Care-CCG,CHC ADULT FULLY FUNDED,NHS MANSFIELD & ASHFIELD CCG,25331549,"145,269.00 "
Department of Health,NHS Newark & Sherwood CCG,12/31/2018,Cont Care-CCG,FUNDED NURSING CARE,NHS MANSFIELD & ASHFIELD CCG,25331552,"85,536.00 "
Department of Health,NHS Newark & Sherwood CCG,12/31/2018,Hcare Srv Rec NHS Trust-CQUIN,ACUTE COMMISSIONING,NOTTINGHAM UNIVERSITY HOSPITALS NHS TRUST,25196578,"28,135.83 "
Department of Health,NHS Newark & Sherwood CCG,12/31/2018,Hcare Srv Rec NHS Trust-Contract Baseline,ACUTE COMMISSIONING,NOTTINGHAM UNIVERSITY HOSPITALS NHS TRUST,25196578,"1,166,794.17 "
Department of Health,NHS Newark & Sherwood CCG,12/31/2018,Hcare Srv Rec NHS Trust-Over/ Under Performance,ACUTE COMMISSIONING,NOTTINGHAM UNIVERSITY HOSPITALS NHS TRUST,25331461,"153,092.00 "
Department of Health,NHS Newark & Sherwood CCG,12/31/2018,Hcare Srv Rec NHS Trust-Over/ Under Performance,ACUTE COMMISSIONING,NOTTINGHAM UNIVERSITY HOSPITALS NHS TRUST,25331473,"73,529.00 "
Department of Health,NHS Newark & Sherwood CCG,12/31/2018,Hcare Srv Rec NHS Trust-Over/ Under Performance,ACUTE COMMISSIONING,NOTTINGHAM UNIVERSITY HOSPITALS NHS TRUST,25331484,"162,007.00 "
Department of Health,NHS Newark & Sherwood CCG,12/31/2018,C&M-Independent Sector - CQUIN,ACUTE COMMISSIONING,NOTTINGHAM WOODTHORPE HOSPITAL,25195484,492.05 
Department of Health,NHS Newark & Sherwood CCG,12/31/2018,Clinical&Medical-Independent Sector,ACUTE COMMISSIONING,NOTTINGHAM WOODTHORPE HOSPITAL,25195484,"39,363.88 "
Department of Health,NHS Newark & Sherwood CCG,12/31/2018,Clinical&Medical-Othe Public Sector,PROGRAMME PROJECTS,NOTTINGHAMSHIRE COUNTY COUNCIL,25031518,"252,320.00 "
Department of Health,NHS Newark & Sherwood CCG,12/31/2018,Hcare Srv Rec Fdtn Trust-CQUIN,MENTAL HEALTH CONTRACTS,NOTTINGHAMSHIRE HEALTHCARE NHS TRUST,25195388,"25,195.29 "
Department of Health,NHS Newark & Sherwood CCG,12/31/2018,Hcare Srv Rec Fdtn Trust-Contract Baseline,MENTAL HEALTH CONTRACTS,NOTTINGHAMSHIRE HEALTHCARE NHS TRUST,25195388,"1,007,811.63 "
Department of Health,NHS Newark & Sherwood CCG,12/31/2018,Hcare Srv Rec Fdtn Trust-Contract Baseline,COMMUNITY SERVICES,NOTTINGHAMSHIRE HEALTHCARE NHS TRUST,25195390,"870,110.00 "
Department of Health,NHS Newark & Sherwood CCG,12/31/2018,Hcare Srv Rec Fdtn Trust-Non Contract,IMPROVING ACCESS TO PSYCHOLOGICAL THERAPIES,NOTTINGHAMSHIRE HEALTHCARE NHS TRUST,25195520,"32,881.00 "
Department of Health,NHS Newark & Sherwood CCG,12/31/2018,Hcare Srv Rec Fdtn Trust-Contract Cost per Case,MENTAL HEALTH SERVICES - OTHER,NOTTINGHAMSHIRE HEALTHCARE NHS TRUST,25290570,"46,759.04 "
Department of Health,NHS Newark & Sherwood CCG,12/31/2018,Hcare Srv Rec Fdtn Trust-Contract Cost per Case,LEARNING DIFFICULTIES,NOTTINGHAMSHIRE HEALTHCARE NHS TRUST,25290573,"35,362.71 "
Department of Health,NHS Newark & Sherwood CCG,12/31/2018,Hcare Srv Rec Fdtn Trust-Non Contract,IMPROVING ACCESS TO PSYCHOLOGICAL THERAPIES,NOTTINGHAMSHIRE HEALTHCARE NHS TRUST,25290583,"30,882.00 "
Department of Health,NHS Newark & Sherwood CCG,12/31/2018,Hcare Srv Rec Fdtn Trust-Contract Cost per Case,MENTAL HEALTH SERVICES - OTHER,NOTTINGHAMSHIRE HEALTHCARE NHS TRUST,25290594,"49,417.95 "
Department of Health,NHS Newark & Sherwood CCG,12/31/2018,C&M-APMS Contract Value,PRC DELEGATED CO-COMMISSIONING,PRIMARY INTEGRATED COMMUNITY SERVICES LTD,25105150,"69,005.95 "
Department of Health,NHS Newark & Sherwood CCG,12/31/2018,C&M-APMS DES Minor Surgery,PRC DELEGATED CO-COMMISSIONING,PRIMARY INTEGRATED COMMUNITY SERVICES LTD,25105150,"1,395.46 "
Department of Health,NHS Newark & Sherwood CCG,12/31/2018,C&M-APMS Prem Actual Rent,PRC DELEGATED CO-COMMISSIONING,PRIMARY INTEGRATED COMMUNITY SERVICES LTD,25105150,"13,085.58 "
Department of Health,NHS Newark & Sherwood CCG,12/31/2018,C&M-APMS Prem Clinical Waste,PRC DELEGATED CO-COMMISSIONING,PRIMARY INTEGRATED COMMUNITY SERVICES LTD,25105150,73.79 
Department of Health,NHS Newark & Sherwood CCG,12/31/2018,C&M-APMS Prem Rates,PRC DELEGATED CO-COMMISSIONING,PRIMARY INTEGRATED COMMUNITY SERVICES LTD,25105150,"1,067.13 "
Department of Health,NHS Newark & Sherwood CCG,12/31/2018,C&M-APMS Prem Water Rates,PRC DELEGATED CO-COMMISSIONING,PRIMARY INTEGRATED COMMUNITY SERVICES LTD,25105150,87.91 
Department of Health,NHS Newark & Sherwood CCG,12/31/2018,C&M-PMS QOF Aspiration,PRC DELEGATED CO-COMMISSIONING,PRIMARY INTEGRATED COMMUNITY SERVICES LTD,25105150,"3,811.48 "
Department of Health,NHS Newark & Sherwood CCG,12/31/2018,C&M-GMS DES Extended Hours Access,PRC DELEGATED CO-COMMISSIONING,RAINWORTH HEALTH CENTRE,25233738,"2,851.90 "
Department of Health,NHS Newark & Sherwood CCG,12/31/2018,C&M-GMS DES Minor Surgery,PRC DELEGATED CO-COMMISSIONING,RAINWORTH HEALTH CENTRE,25233738,"1,230.04 "
Department of Health,NHS Newark & Sherwood CCG,12/31/2018,C&M-GMS Global Sum,PRC DELEGATED CO-COMMISSIONING,RAINWORTH HEALTH CENTRE,25233738,"48,863.00 "
Department of Health,NHS Newark & Sherwood CCG,12/31/2018,C&M-GMS PCO Seniority,PRC DELEGATED CO-COMMISSIONING,RAINWORTH HEALTH CENTRE,25233738,"3,234.26 "
Department of Health,NHS Newark & Sherwood CCG,12/31/2018,C&M-GMS Prem Actual Rent,PRC DELEGATED CO-COMMISSIONING,RAINWORTH HEALTH CENTRE,25233738,"16,599.30 "
Department of Health,NHS Newark & Sherwood CCG,12/31/2018,C&M-GMS Prem Rates,PRC DELEGATED CO-COMMISSIONING,RAINWORTH HEALTH CENTRE,25233738,"1,203.16 "
Department of Health,NHS Newark & Sherwood CCG,12/31/2018,C&M-GMS Prem Water Rates,PRC DELEGATED CO-COMMISSIONING,RAINWORTH HEALTH CENTRE,25233738,174.24 
Department of Health,NHS Newark & Sherwood CCG,12/31/2018,C&M-GMS QOF Aspiration,PRC DELEGATED CO-COMMISSIONING,RAINWORTH HEALTH CENTRE,25233738,"4,741.78 "
Department of Health,NHS Newark & Sherwood CCG,12/31/2018,Hcare Srv Rec Fdtn Trust-Over/ Under Performance,ACUTE COMMISSIONING,SHEFFIELD TEACHING HOSPITALS NHS FOUNDATION TRUST,25064026,"70,577.87 "
Department of Health,NHS Newark & Sherwood CCG,12/31/2018,Hcare Srv Rec Fdtn Trust-Contract Baseline,ACUTE COMMISSIONING,SHEFFIELD TEACHING HOSPITALS NHS FOUNDATION TRUST,25195499,"25,171.00 "
Department of Health,NHS Newark & Sherwood CCG,12/31/2018,Hcare Srv Rec Fdtn Trust-CQUIN,ACUTE COMMISSIONING,SHERWOOD FOREST HOSPITALS NHS FOUNDATION TRUST,25195515,"110,854.71 "
Department of Health,NHS Newark & Sherwood CCG,12/31/2018,Hcare Srv Rec Fdtn Trust-CQUIN,COMMUNITY SERVICES,SHERWOOD FOREST HOSPITALS NHS FOUNDATION TRUST,25195515,"6,291.73 "
Department of Health,NHS Newark & Sherwood CCG,12/31/2018,Hcare Srv Rec Fdtn Trust-Contract Baseline,ACUTE COMMISSIONING,SHERWOOD FOREST HOSPITALS NHS FOUNDATION TRUST,25195515,"4,822,232.38 "
Department of Health,NHS Newark & Sherwood CCG,12/31/2018,Hcare Srv Rec Fdtn Trust-Contract Baseline,COMMUNITY SERVICES,SHERWOOD FOREST HOSPITALS NHS FOUNDATION TRUST,25195515,"205,588.56 "
Department of Health,NHS Newark & Sherwood CCG,12/31/2018,Hcare Srv Rec Fdtn Trust-Over/ Under Performance,ACUTE COMMISSIONING,SHERWOOD FOREST HOSPITALS NHS FOUNDATION TRUST,25195515,"85,405.20 "
Department of Health,NHS Newark & Sherwood CCG,12/31/2018,Hcare Srv Rec Fdtn Trust-Over/ Under Performance,ACUTE COMMISSIONING,SHERWOOD FOREST HOSPITALS NHS FOUNDATION TRUST,25195583,"859,444.59 "
Department of Health,NHS Newark & Sherwood CCG,12/31/2018,Hcare Srv Rec Fdtn Trust-Over/ Under Performance,ACUTE COMMISSIONING,SHERWOOD FOREST HOSPITALS NHS FOUNDATION TRUST,25195586,"28,496.25 "
Department of Health,NHS Newark & Sherwood CCG,12/31/2018,C&M-GMS DES Extended Hours Access,PRC DELEGATED CO-COMMISSIONING,SHERWOOD MEDICAL PARTNERSHIP,25233744,"7,438.50 "
Department of Health,NHS Newark & Sherwood CCG,12/31/2018,C&M-GMS DES Learn Dsblty Hlth Chk,PRC DELEGATED CO-COMMISSIONING,SHERWOOD MEDICAL PARTNERSHIP,25233744,"8,260.00 "
Department of Health,NHS Newark & Sherwood CCG,12/31/2018,C&M-GMS DES Minor Surgery,PRC DELEGATED CO-COMMISSIONING,SHERWOOD MEDICAL PARTNERSHIP,25233744,"7,083.70 "
Department of Health,NHS Newark & Sherwood CCG,12/31/2018,C&M-GMS Global Sum,PRC DELEGATED CO-COMMISSIONING,SHERWOOD MEDICAL PARTNERSHIP,25233744,"123,484.32 "
Department of Health,NHS Newark & Sherwood CCG,12/31/2018,C&M-GMS PCO Seniority,PRC DELEGATED CO-COMMISSIONING,SHERWOOD MEDICAL PARTNERSHIP,25233744,"1,709.07 "
Department of Health,NHS Newark & Sherwood CCG,12/31/2018,C&M-GMS Prem Actual Rent,PRC DELEGATED CO-COMMISSIONING,SHERWOOD MEDICAL PARTNERSHIP,25233744,"42,948.00 "
Department of Health,NHS Newark & Sherwood CCG,12/31/2018,C&M-GMS Prem Notional Rent,PRC DELEGATED CO-COMMISSIONING,SHERWOOD MEDICAL PARTNERSHIP,25233744,"3,583.33 "
Department of Health,NHS Newark & Sherwood CCG,12/31/2018,C&M-GMS QOF Aspiration,PRC DELEGATED CO-COMMISSIONING,SHERWOOD MEDICAL PARTNERSHIP,25233744,"11,575.17 "
Department of Health,NHS Newark & Sherwood CCG,12/31/2018,C&M-GMS DES Minor Surgery,PRC DELEGATED CO-COMMISSIONING,SOUTHWELL MEDICAL CENTRE,25233753,"2,706.15 "
Department of Health,NHS Newark & Sherwood CCG,12/31/2018,C&M-GMS Global Sum,PRC DELEGATED CO-COMMISSIONING,SOUTHWELL MEDICAL CENTRE,25233753,"84,261.02 "
Department of Health,NHS Newark & Sherwood CCG,12/31/2018,C&M-GMS MPIG Correction Factor,PRC DELEGATED CO-COMMISSIONING,SOUTHWELL MEDICAL CENTRE,25233753,"3,409.03 "
Department of Health,NHS Newark & Sherwood CCG,12/31/2018,C&M-GMS PCO Other,PRC DELEGATED CO-COMMISSIONING,SOUTHWELL MEDICAL CENTRE,25233753,"7,543.00 "
Department of Health,NHS Newark & Sherwood CCG,12/31/2018,C&M-GMS PCO Seniority,PRC DELEGATED CO-COMMISSIONING,SOUTHWELL MEDICAL CENTRE,25233753,"2,788.15 "
Department of Health,NHS Newark & Sherwood CCG,12/31/2018,C&M-GMS Prem Notional Rent,PRC DELEGATED CO-COMMISSIONING,SOUTHWELL MEDICAL CENTRE,25233753,"17,670.00 "
Department of Health,NHS Newark & Sherwood CCG,12/31/2018,C&M-GMS Prem Other,PRC DELEGATED CO-COMMISSIONING,SOUTHWELL MEDICAL CENTRE,25233753,775.00 
Department of Health,NHS Newark & Sherwood CCG,12/31/2018,C&M-GMS QOF Aspiration,PRC DELEGATED CO-COMMISSIONING,SOUTHWELL MEDICAL CENTRE,25233753,"10,162.11 "
Department of Health,NHS Newark & Sherwood CCG,12/17/2018,C&M-GMS GP Statutory Levy,PRC DELEGATED CO-COMMISSIONING,SOUTHWELL MEDICAL CENTRE,25256994,(799.75)
Department of Health,NHS Newark & Sherwood CCG,12/17/2018,C&M-GMS Voluntary Levy,PRC DELEGATED CO-COMMISSIONING,SOUTHWELL MEDICAL CENTRE,25256994,(121.32)
Department of Health,NHS Newark & Sherwood CCG,12/17/2018,ME - GMS GP Prior Year ERs,PRC DELEGATED CO-COMMISSIONING,SOUTHWELL MEDICAL CENTRE,25256994,(426.76)
Department of Health,NHS Newark & Sherwood CCG,12/17/2018,ME - GMS TPS Added Years Adj EEs,PRC DELEGATED CO-COMMISSIONING,SOUTHWELL MEDICAL CENTRE,25256994,(492.47)
Department of Health,NHS Newark & Sherwood CCG,12/17/2018,ME-GMS GP Pension EEs,PRC DELEGATED CO-COMMISSIONING,SOUTHWELL MEDICAL CENTRE,25256994,"(7,147.50)"
Department of Health,NHS Newark & Sherwood CCG,12/17/2018,ME-GMS GP Pension EEs Adjustments,PRC DELEGATED CO-COMMISSIONING,SOUTHWELL MEDICAL CENTRE,25256994,"(6,530.20)"
Department of Health,NHS Newark & Sherwood CCG,12/17/2018,ME-GMS GP Pension ERs Adjustments,PRC DELEGATED CO-COMMISSIONING,SOUTHWELL MEDICAL CENTRE,25256994,"(14,783.84)"
Department of Health,NHS Newark & Sherwood CCG,12/17/2018,ME-GMS GP Prior Year EEs,PRC DELEGATED CO-COMMISSIONING,SOUTHWELL MEDICAL CENTRE,25256994,(370.97)
Department of Health,NHS Newark & Sherwood CCG,12/31/2018,C&M-GMS Cost of Drugs -Dispensing,LOCAL ENHANCED SERVICES,SOUTHWELL MEDICAL CENTRE,25321403,"(48,161.56)"
Department of Health,NHS Newark & Sherwood CCG,12/31/2018,C&M-GMS PrscChrgsCll&RmttdbyGPCntra,PRC DELEGATED CO-COMMISSIONING,SOUTHWELL MEDICAL CENTRE,25321403,"(3,722.40)"
Department of Health,NHS Newark & Sherwood CCG,12/31/2018,C&M-GMS Cost of Drugs -Dispensing,LOCAL ENHANCED SERVICES,SOUTHWELL MEDICAL CENTRE,25321404,"104,133.83 "
Department of Health,NHS Newark & Sherwood CCG,12/31/2018,C&M-GMS Prof Fees Dispensing,PRC DELEGATED CO-COMMISSIONING,SOUTHWELL MEDICAL CENTRE,25321404,"17,942.51 "
Department of Health,NHS Newark & Sherwood CCG,12/31/2018,C&M-GMS PrscrptnChrgsColl&RmttdbyGP,LOCAL ENHANCED SERVICES,SOUTHWELL MEDICAL CENTRE,25321404,"3,722.40 "
Department of Health,NHS Newark & Sherwood CCG,12/31/2018,C&M-GMS DES Extended Hours Access,PRC DELEGATED CO-COMMISSIONING,THE ABBEY MEDICAL GROUP ,25233736,"5,686.23 "
Department of Health,NHS Newark & Sherwood CCG,12/31/2018,C&M-GMS DES Learn Dsblty Hlth Chk,PRC DELEGATED CO-COMMISSIONING,THE ABBEY MEDICAL GROUP ,25233736,140.00 
Department of Health,NHS Newark & Sherwood CCG,12/31/2018,C&M-GMS Global Sum,PRC DELEGATED CO-COMMISSIONING,THE ABBEY MEDICAL GROUP ,25233736,"98,060.75 "
Department of Health,NHS Newark & Sherwood CCG,12/31/2018,C&M-GMS PCO Other,PRC DELEGATED CO-COMMISSIONING,THE ABBEY MEDICAL GROUP ,25233736,"7,329.00 "
Department of Health,NHS Newark & Sherwood CCG,12/31/2018,C&M-GMS PCO Seniority,PRC DELEGATED CO-COMMISSIONING,THE ABBEY MEDICAL GROUP ,25233736,"5,024.31 "
Department of Health,NHS Newark & Sherwood CCG,12/31/2018,C&M-GMS Prem Notional Rent,PRC DELEGATED CO-COMMISSIONING,THE ABBEY MEDICAL GROUP ,25233736,"16,762.17 "
Department of Health,NHS Newark & Sherwood CCG,12/31/2018,C&M-GMS Prem Water Rates,PRC DELEGATED CO-COMMISSIONING,THE ABBEY MEDICAL GROUP ,25233736,558.84 
Department of Health,NHS Newark & Sherwood CCG,12/31/2018,C&M-GMS QOF Aspiration,PRC DELEGATED CO-COMMISSIONING,THE ABBEY MEDICAL GROUP ,25233736,"9,811.54 "
Department of Health,NHS Newark & Sherwood CCG,12/31/2018,C&M-GMS DES Extended Hours Access,PRC DELEGATED CO-COMMISSIONING,THE FOUNTAIN MEDICAL CENTRE,25233746,"6,744.05 "
Department of Health,NHS Newark & Sherwood CCG,12/31/2018,C&M-GMS DES Learn Dsblty Hlth Chk,PRC DELEGATED CO-COMMISSIONING,THE FOUNTAIN MEDICAL CENTRE,25233746,"1,400.00 "
Department of Health,NHS Newark & Sherwood CCG,12/31/2018,C&M-GMS DES Minor Surgery,PRC DELEGATED CO-COMMISSIONING,THE FOUNTAIN MEDICAL CENTRE,25233746,"4,723.84 "
Department of Health,NHS Newark & Sherwood CCG,12/31/2018,C&M-GMS Global Sum,PRC DELEGATED CO-COMMISSIONING,THE FOUNTAIN MEDICAL CENTRE,25233746,"100,639.01 "
Department of Health,NHS Newark & Sherwood CCG,12/31/2018,C&M-GMS PCO Seniority,PRC DELEGATED CO-COMMISSIONING,THE FOUNTAIN MEDICAL CENTRE,25233746,"1,368.05 "
Department of Health,NHS Newark & Sherwood CCG,12/31/2018,C&M-GMS Prem Notional Rent,PRC DELEGATED CO-COMMISSIONING,THE FOUNTAIN MEDICAL CENTRE,25233746,"6,833.33 "
Department of Health,NHS Newark & Sherwood CCG,12/31/2018,C&M-GMS Prem Water Rates,PRC DELEGATED CO-COMMISSIONING,THE FOUNTAIN MEDICAL CENTRE,25233746,486.35 
Department of Health,NHS Newark & Sherwood CCG,12/31/2018,C&M-GMS QOF Aspiration,PRC DELEGATED CO-COMMISSIONING,THE FOUNTAIN MEDICAL CENTRE,25233746,"11,290.04 "
Department of Health,NHS Newark & Sherwood CCG,12/31/2018,Clinical&Medical-Independent Sector,IMPROVING ACCESS TO PSYCHOLOGICAL THERAPIES,TRENT PTS,25195755,"32,186.50 "
Department of Health,NHS Newark & Sherwood CCG,12/31/2018,Hcare Srv Rec NHS Trust-CQUIN,ACUTE COMMISSIONING,UNITED LINCOLNSHIRE HOSPITALS NHS TRUST,25195403,"3,045.34 "
Department of Health,NHS Newark & Sherwood CCG,12/31/2018,Hcare Srv Rec NHS Trust-Contract Baseline,ACUTE COMMISSIONING,UNITED LINCOLNSHIRE HOSPITALS NHS TRUST,25195403,"319,665.79 "
Department of Health,NHS Newark & Sherwood CCG,12/31/2018,Hcare Srv Rec Fdtn Trust-CQUIN,ACUTE COMMISSIONING,UNIVERSITY HOSPITALS OF DERBY & BURTON NHS FOUNDATION TRUST,25195446,"1,188.96 "
Department of Health,NHS Newark & Sherwood CCG,12/31/2018,Hcare Srv Rec Fdtn Trust-Contract Baseline,ACUTE COMMISSIONING,UNIVERSITY HOSPITALS OF DERBY & BURTON NHS FOUNDATION TRUST,25195446,"49,328.20 "
Department of Health,NHS Newark & Sherwood CCG,12/31/2018,Hcare Srv Rec NHS Trust-CQUIN,ACUTE COMMISSIONING,UNIVERSITY HOSPITALS OF LEICESTER NHS TRUST,25006943,312.17 
Department of Health,NHS Newark & Sherwood CCG,12/31/2018,Hcare Srv Rec NHS Trust-Contract Baseline,ACUTE COMMISSIONING,UNIVERSITY HOSPITALS OF LEICESTER NHS TRUST,25006943,"24,973.83 "
,,,,,,TOTAL,"14,285,950.87 "
