Date,Supplier ,Total (�)
12/31/2018,GEORGE ELIOT HOSPITAL NHS TRUST,"7,466,667"
12/31/2018,UNIVERSITY HOSPITALS COVENTRY AND WARWICKSHIRE NHS TRUST,"2,618,939"
12/31/2018,COVENTRY AND WARWICKSHIRE PARTNERSHIP NHS TRUST,"1,587,833"
12/31/2018,SOUTH WARWICKSHIRE NHS FOUNDATION TRUST,"1,503,391"
12/31/2018,WEST MIDLANDS AMBULANCE SERVICE NHS FOUNDATION TRUST,"778,538"
12/31/2018,UNIVERSITY HOSPITALS BIRMINGHAM NHS FOUNDATION TRUST,"719,790"
12/31/2018,NHS ARDEN AND GEM CSU,"413,049"
12/31/2018,RATCLIFFE ROAD PRACTICE,"238,819"
12/31/2018,SPRING HILL MEDICAL CENTRE,"202,849"
12/31/2018,DR SS SINGH & PARTNERS,"192,595"
12/31/2018,PEAR TREE SURGERY,"164,130"
12/31/2018,ACCOMPLISH,"159,857"
12/31/2018,HAZELWOOD GROUP PRACTICE,"142,355"
12/31/2018,LONG STREET SURGERY,"133,899"
12/31/2018,RED ROOFS PRACTICE,"131,804"
12/31/2018,NEW MEDICAL SYSTEMS LTD,"115,737"
12/31/2018,OLD MILL PRACTICE,"106,414"
12/31/2018,GRANGE MEDICAL PRACTICE,"103,866"
12/31/2018,BMI HEALTHCARE LTD,"94,585"
12/31/2018,MANOR COURT PRACTICE,"88,279"
12/31/2018,UNIVERSITY HOSPITALS OF DERBY & BURTON NHS FOUNDATION TRUST,"81,454"
12/31/2018,HAVEN NURSING HOME,"79,300"
12/31/2018,ARBURY MEDICAL PRACTICE,"79,229"
12/31/2018,BIRMINGHAM WOMENS AND CHILDRENS NHS FOUNDATION TRUST,"72,282"
12/31/2018,SCHOOL ROAD PRACTICE,"59,125"
12/31/2018,CHANCERY LANE PRACTICE,"58,873"
12/31/2018,NHS SANDWELL AND WEST BIRMINGHAM CCG,"50,975"
12/31/2018,RIVERSLEY ROAD PRACTICE,"50,398"
12/31/2018,DRS AK CHAUDHURI & M MOTALA SURGERY,"45,976"
12/31/2018,NUTRICIA LTD,"43,666"
12/31/2018,NEWTOWN ROAD PRACTICE,"37,586"
12/31/2018,SANDWELL AND WEST BIRMINGHAM HOSPITALS NHS TRUST,"37,337"
12/31/2018,STATION STREET SURGERY,"36,871"
12/31/2018,RUGBY ROAD PRACTICE,"36,387"
12/31/2018,MALLING HEALTHCARE AT SATIS HOUSE,"36,243"
12/31/2018,NOTTINGHAM UNIVERSITY HOSPITALS NHS TRUST,"32,887"
12/31/2018,OLD COLE HOUSE PRACTICE,"32,536"
12/31/2018,MALLING HEALTHCARE AT THE CHAUCERS,"31,428"
12/31/2018,MALLING HEALTH,"29,791"
12/31/2018,NORTHUMBERLAND ROAD PRACTICE,"28,397"
12/31/2018,QUEENS ROAD PRACTICE,"26,575"
12/31/2018,MALLING HEALTHCARE AT LEICESTER ROAD,"25,463"
