Date,Supplier ,Amount
31/06/2018,GEORGE ELIOT HOSPITAL NHS TRUST,"7,466,667 "
31/06/2018,WARWICKSHIRE COUNTY COUNCIL,"3,050,108 "
31/06/2018,UNIVERSITY HOSPITALS COVENTRY AND WARWICKSHIRE NHS TRUST,"2,815,274 "
31/06/2018,COVENTRY AND WARWICKSHIRE PARTNERSHIP NHS TRUST,"1,587,833 "
31/06/2018,SOUTH WARWICKSHIRE NHS FOUNDATION TRUST,"1,349,733 "
31/06/2018,WEST MIDLANDS AMBULANCE SERVICE NHS FOUNDATION TRUST,"715,345 "
31/06/2018,UNIVERSITY HOSPITALS BIRMINGHAM NHS FOUNDATION TRUST,"704,374 "
31/06/2018,DR SS SINGH & PARTNERS,"290,444 "
31/06/2018,RATCLIFFE ROAD PRACTICE,"263,227 "
31/06/2018,PEAR TREE SURGERY,"178,183 "
31/06/2018,RED ROOFS PRACTICE,"169,539 "
31/06/2018,HAZELWOOD GROUP PRACTICE,"148,170 "
31/06/2018,SPRING HILL MEDICAL CENTRE,"141,121 "
31/06/2018,LONG STREET SURGERY,"137,173 "
31/06/2018,GRANGE MEDICAL PRACTICE,"117,611 "
31/06/2018,ARBURY MEDICAL PRACTICE,"100,901 "
31/06/2018,MARY ANN EVANS HOSPICE,"98,229 "
31/06/2018,BMI HEALTHCARE COLLECTIONS,"94,585 "
31/06/2018,MANOR COURT PRACTICE,"91,309 "
31/06/2018,NEW MEDICAL SYSTEMS LTD,"85,237 "
31/06/2018,OLD MILL PRACTICE,"83,676 "
31/06/2018,MYTON HAMLET HOSPICE,"80,845 "
31/06/2018,BURTON HOSPITALS NHS FOUNDATION TRUST,"79,591 "
31/06/2018,UNIVERSITY HOSPITALS OF LEICESTER NHS TRUST,"60,448 "
31/06/2018,NHS SANDWELL AND WEST BIRMINGHAM CCG,"50,975 "
31/06/2018,COVENTRY & RUGBY GP ALLIANCE,"50,000 "
31/06/2018,CAPITA BUSINESS SERVICES LTD,"46,764 "
31/06/2018,SCHOOL ROAD PRACTICE,"45,205 "
31/06/2018,ACCOMPLISH,"42,810 "
31/06/2018,CHANCERY LANE PRACTICE,"40,501 "
31/06/2018,BIRMINGHAM WOMENS AND CHILDRENS NHS FOUNDATION TRUST,"39,898 "
31/06/2018,NUTRICIA LTD,"39,105 "
31/06/2018,ROYAL ORTHOPAEDIC HOSPITAL NHS FOUNDATION TRUST,"38,452 "
31/06/2018,SANDWELL AND WEST BIRMINGHAM HOSPITALS NHS TRUST,"37,683 "
31/06/2018,RIVERSLEY ROAD PRACTICE,"37,672 "
31/06/2018,NOTTINGHAM UNIVERSITY HOSPITALS NHS TRUST,"36,792 "
31/06/2018,COVENTRY MIND,"28,954 "
31/06/2018,NEWTOWN ROAD PRACTICE,"28,692 "
31/06/2018,SPIRE HEALTHCARE LTD,"27,792 "
31/06/2018,SPECSAVERS HEARCARE LTD,"27,558 "
31/06/2018,MALLING HEALTH,"27,214 "
31/06/2018,HAVEN NURSING HOME,"27,014 "
31/06/2018,RUGBY ROAD PRACTICE,"26,937 "
31/06/2018,OLD COLE HOUSE PRACTICE,"26,568 "
31/06/2018,STATION STREET SURGERY,"26,199 "
31/06/2018,MALLING HEALTHCARE AT SATIS HOUSE,"25,174 "
