Date,Supplier,Grand Total
11/30/2018,ACCOMPLISH,"42,810 "
11/30/2018,ARBURY MEDICAL PRACTICE,"81,282 "
11/30/2018,BIRMINGHAM WOMENS AND CHILDRENS NHS FOUNDATION TRUST,"69,328 "
11/30/2018,BMI HEALTHCARE LTD,"162,199 "
11/30/2018,CHANCERY LANE PRACTICE,"53,494 "
11/30/2018,COVENTRY AND WARWICKSHIRE PARTNERSHIP NHS TRUST,"1,587,833 "
11/30/2018,DIGNUS HEALTHCARE LTD,"42,631 "
11/30/2018,DR SS SINGH & PARTNERS,"148,752 "
11/30/2018,DRS AK CHAUDHURI & M MOTALA SURGERY,"56,344 "
11/30/2018,EGTON MEDICAL INFORMATION SYSTEMS LTD,"37,971 "
11/30/2018,GEORGE ELIOT HOSPITAL NHS TRUST,"7,466,667 "
11/30/2018,GRANGE MEDICAL PRACTICE,"98,828 "
11/30/2018,HAZELWOOD GROUP PRACTICE,"136,175 "
11/30/2018,JAMES PAGET UNIVERSITY HOSPITALS NHS FOUNDATION TRUST,"59,908 "
11/30/2018,LONG STREET SURGERY,"161,455 "
11/30/2018,MALLING HEALTH,"29,558 "
11/30/2018,MALLING HEALTHCARE AT SATIS HOUSE,"27,659 "
11/30/2018,MANOR COURT PRACTICE,"75,832 "
11/30/2018,MARY ANN EVANS HOSPICE,"60,000 "
11/30/2018,NEW MEDICAL SYSTEMS LTD,"89,652 "
11/30/2018,NEWTOWN ROAD PRACTICE,"39,267 "
11/30/2018,NHS ARDEN AND GEM CSU,"160,598 "
11/30/2018,NHS SANDWELL AND WEST BIRMINGHAM CCG,"50,975 "
11/30/2018,NHS SOUTH WARWICKSHIRE CCG,"106,799 "
11/30/2018,NUTRICIA LTD,"36,089 "
11/30/2018,OLD COLE HOUSE PRACTICE,"33,245 "
11/30/2018,OLD MILL PRACTICE,"106,777 "
11/30/2018,PEAR TREE SURGERY,"154,631 "
11/30/2018,QUEENS ROAD PRACTICE,"33,394 "
11/30/2018,RATCLIFFE ROAD PRACTICE,"211,353 "
11/30/2018,RED ROOFS PRACTICE,"142,821 "
11/30/2018,RIVERSLEY ROAD PRACTICE,"46,386 "
11/30/2018,RUGBY ROAD PRACTICE,"34,145 "
11/30/2018,SANDWELL AND WEST BIRMINGHAM HOSPITALS NHS TRUST,"37,337 "
11/30/2018,SCHOOL ROAD PRACTICE,"49,777 "
11/30/2018,SOUTH WARWICKSHIRE NHS FOUNDATION TRUST,"1,584,403 "
11/30/2018,SPECSAVERS HEARCARE LTD,"28,052 "
11/30/2018,SPIRE HEALTHCARE LTD,"70,215 "
11/30/2018,SPRING HILL MEDICAL CENTRE,"85,672 "
11/30/2018,STATION STREET SURGERY,"29,933 "
11/30/2018,UNIVERSITY HOSPITALS BIRMINGHAM NHS FOUNDATION TRUST,"719,790 "
11/30/2018,UNIVERSITY HOSPITALS COVENTRY AND WARWICKSHIRE NHS TRUST,"2,570,821 "
11/30/2018,UNIVERSITY HOSPITALS OF DERBY & BURTON NHS FOUNDATION TRUST,"81,454 "
11/30/2018,UNIVERSITY HOSPITALS OF LEICESTER NHS TRUST,"36,774 "
11/30/2018,WEST MIDLANDS AMBULANCE SERVICE NHS FOUNDATION TRUST,"632,498 "
