Department family,Entity,Date,Expense Type,Expense area,Supplier,Transaction number,AP Amount (�),VAT registration number,Purchase invoice number
Department of Health,NHS Warwickshire North CCG,3/31/2019,Hcare Srv Rec NHS Trust-Contract Baseline,ACUTE COMMISSIONING,GEORGE ELIOT HOSPITAL NHS TRUST,26213989,"7,287,808.00 ",GB 654922420,05H0319SLA01
Department of Health,NHS Warwickshire North CCG,3/31/2019,Hcare Srv Rec NHS Trust-CQUIN,ACUTE COMMISSIONING,GEORGE ELIOT HOSPITAL NHS TRUST,26213992,"178,859.00 ",GB 654922420,05H0319SLA02
Department of Health,NHS Warwickshire North CCG,3/31/2019,Hcare Srv Rec NHS Trust-Contract Baseline,MENTAL HEALTH CONTRACTS,COVENTRY AND WARWICKSHIRE PARTNERSHIP NHS TRUST,26213993,"1,129,246.00 ",654438521,05H0319SLA03
Department of Health,NHS Warwickshire North CCG,3/31/2019,Hcare Srv Rec NHS Trust-CQUIN,MENTAL HEALTH CONTRACTS,COVENTRY AND WARWICKSHIRE PARTNERSHIP NHS TRUST,26213994,"28,254.00 ",654438521,05H0319SLA04
Department of Health,NHS Warwickshire North CCG,3/31/2019,Hcare Srv Rec NHS Trust-CQUIN,ACUTE COMMISSIONING,UNIVERSITY HOSPITALS COVENTRY AND WARWICKSHIRE NHS TRUST,26224127,"65,683.00 ",654949096,100848-01-MAR-2019
Department of Health,NHS Warwickshire North CCG,3/31/2019,Hcare Srv Rec NHS Trust-Contract Baseline,ACUTE COMMISSIONING,UNIVERSITY HOSPITALS COVENTRY AND WARWICKSHIRE NHS TRUST,26224127,"2,314,785.00 ",654949096,100848-01-MAR-2019
Department of Health,NHS Warwickshire North CCG,3/31/2019,Charges from CSU,ADMINISTRATION & BUSINESS SUPPORT,NHS ARDEN AND GEM CSU,26226655,"4,341.32 ",GB526164259,7312609893
Department of Health,NHS Warwickshire North CCG,3/31/2019,Charges from CSU,CONTINUING HEALTHCARE ASSESSMENT & SUPPORT,NHS ARDEN AND GEM CSU,26226655,"49,062.00 ",GB526164259,7312609893
Department of Health,NHS Warwickshire North CCG,3/31/2019,Clinical&Medical-Independent Sector,Winter Resilience,HAVEN NURSING HOME,26270173,"27,014.26 ",,16721
Department of Health,NHS Warwickshire North CCG,3/31/2019,Hcare Srv Rec Fdtn Trust-CQUIN,ACUTE COMMISSIONING,UNIVERSITY HOSPITALS BIRMINGHAM NHS FOUNDATION TRUST,26283618,"13,720.54 ",GB654912816,OHA007331
Department of Health,NHS Warwickshire North CCG,3/31/2019,Hcare Srv Rec Fdtn Trust-Contract Baseline,ACUTE COMMISSIONING,UNIVERSITY HOSPITALS BIRMINGHAM NHS FOUNDATION TRUST,26283618,"627,143.00 ",GB654912816,OHA007331
Department of Health,NHS Warwickshire North CCG,3/31/2019,Clinical&Medical-Serv Recd-CCGs,NHS 111,NHS SANDWELL AND WEST BIRMINGHAM CCG,26412898,"24,584.90 ",,100850-04-MAR-2019
Department of Health,NHS Warwickshire North CCG,3/31/2019,Recharge : Provided,CORPORATE COSTS & SERVICES,NHS SANDWELL AND WEST BIRMINGHAM CCG,26412898,"2,363.00 ",,100850-04-MAR-2019
Department of Health,NHS Warwickshire North CCG,3/31/2019,Charges from CSU,PRIMARY CARE IT,NHS ARDEN AND GEM CSU,26414008,"30,458.25 ",GB526164259,7312613122
Department of Health,NHS Warwickshire North CCG,3/31/2019,EXP-CAPITAL GRANTS- GENERAL,COMMUNITY SERVICES,WARWICKSHIRE COUNTY COUNCIL,26414129,"26,208.50 ",272426659,10224064
Department of Health,NHS Warwickshire North CCG,3/31/2019,EXP-CAPITAL GRANTS- GENERAL,COMMUNITY SERVICES,WARWICKSHIRE COUNTY COUNCIL,26414150,"26,208.50 ",272426659,10224057
Department of Health,NHS Warwickshire North CCG,3/31/2019,Clinical&Medical-Serv Recd-NHS Trst,ACUTE COMMISSIONING,UNIVERSITY HOSPITALS COVENTRY AND WARWICKSHIRE NHS TRUST,26414153,"40,676.88 ",654949096,1000071460
Department of Health,NHS Warwickshire North CCG,3/31/2019,Hcare Srv Rec Fdtn Trust-CQUIN,ACUTE COMMISSIONING,UNIVERSITY HOSPITALS BIRMINGHAM NHS FOUNDATION TRUST,26414170,"1,698.00 ",GB654912816,OPU048989
Department of Health,NHS Warwickshire North CCG,3/31/2019,Hcare Srv Rec Fdtn Trust-Contract Baseline,ACUTE COMMISSIONING,UNIVERSITY HOSPITALS BIRMINGHAM NHS FOUNDATION TRUST,26414170,"72,587.00 ",GB654912816,OPU048989
Department of Health,NHS Warwickshire North CCG,3/31/2019,Hcare Srv Rec Fdtn Trust-CQUIN,ACUTE COMMISSIONING,BIRMINGHAM WOMENS AND CHILDRENS NHS FOUNDATION TRUST,26414174,701.33 ,654964300,15711131
Department of Health,NHS Warwickshire North CCG,3/31/2019,Hcare Srv Rec Fdtn Trust-Contract Baseline,ACUTE COMMISSIONING,BIRMINGHAM WOMENS AND CHILDRENS NHS FOUNDATION TRUST,26414174,"40,285.00 ",654964300,15711131
Department of Health,NHS Warwickshire North CCG,3/31/2019,Clinical&Medical-Independent Sector,PRESCRIBING,NUTRICIA LTD,26414181,"31,968.56 ",GB436975115,42760319
Department of Health,NHS Warwickshire North CCG,3/31/2019,Hcare Srv Rec Fdtn Trust-CQUIN,ACUTE COMMISSIONING,UNIVERSITY HOSPITALS OF DERBY & BURTON NHS FOUNDATION TRUST,26414196,"1,863.00 ",654967976,800009606
Department of Health,NHS Warwickshire North CCG,3/31/2019,Hcare Srv Rec Fdtn Trust-Contract Baseline,ACUTE COMMISSIONING,UNIVERSITY HOSPITALS OF DERBY & BURTON NHS FOUNDATION TRUST,26414196,"79,591.00 ",654967976,800009606
Department of Health,NHS Warwickshire North CCG,3/31/2019,Professional Fees,PROGRAMME PROJECTS,UNIVERSITY HOSPITALS COVENTRY AND WARWICKSHIRE NHS TRUST,26414258,"70,681.00 ",654949096,1000071665
Department of Health,NHS Warwickshire North CCG,3/31/2019,Charges from CSU,ADMINISTRATION & BUSINESS SUPPORT,NHS ARDEN AND GEM CSU,26414322,"58,875.51 ",GB526164259,7312613487
Department of Health,NHS Warwickshire North CCG,3/31/2019,Charges from CSU,ADMINISTRATION & BUSINESS SUPPORT,NHS ARDEN AND GEM CSU,26414330,"27,624.33 ",GB526164259,7312613488
Department of Health,NHS Warwickshire North CCG,3/31/2019,Charges from CSU,MEDICINES MANAGEMENT - CLINICAL,NHS ARDEN AND GEM CSU,26414330,"44,016.75 ",GB526164259,7312613488
Department of Health,NHS Warwickshire North CCG,3/31/2019,Charges from CSU,PRIMARY CARE IT,NHS ARDEN AND GEM CSU,26414335,"30,458.25 ",GB526164259,7312613489
Department of Health,NHS Warwickshire North CCG,3/31/2019,Hcare Srv Rec Fdtn Trust-CQUIN,ACUTE COMMISSIONING,ROYAL ORTHOPAEDIC HOSPITAL NHS FOUNDATION TRUST,26414427,923.54 ,654965296,0000048007
Department of Health,NHS Warwickshire North CCG,3/31/2019,Hcare Srv Rec Fdtn Trust-Contract Baseline,ACUTE COMMISSIONING,ROYAL ORTHOPAEDIC HOSPITAL NHS FOUNDATION TRUST,26414427,"38,452.00 ",654965296,0000048007
Department of Health,NHS Warwickshire North CCG,3/31/2019,Hcare Srv Rec NHS Trust-CQUIN,ACUTE COMMISSIONING,UNIVERSITY HOSPITALS OF LEICESTER NHS TRUST,26414439,"1,040.00 ",654972400,L0220514
Department of Health,NHS Warwickshire North CCG,3/31/2019,Hcare Srv Rec NHS Trust-Contract Baseline,ACUTE COMMISSIONING,UNIVERSITY HOSPITALS OF LEICESTER NHS TRUST,26414439,"60,448.00 ",654972400,L0220514
Department of Health,NHS Warwickshire North CCG,3/31/2019,Hcare Srv Rec NHS Trust-Contract Baseline,ACUTE COMMISSIONING,SANDWELL AND WEST BIRMINGHAM HOSPITALS NHS TRUST,26414473,"37,336.00 ",GB654916216,51219007
Department of Health,NHS Warwickshire North CCG,3/31/2019,Hcare Srv Rec Fdtn Trust-Over/ Under Performance,ACUTE COMMISSIONING,BIRMINGHAM WOMENS AND CHILDRENS NHS FOUNDATION TRUST,26414532,"55,873.00 ",654964300,15711324
Department of Health,NHS Warwickshire North CCG,3/31/2019,Hcare Srv Rec Fdtn Trust-Over/ Under Performance,URGENT CARE,UNIVERSITY HOSPITALS OF DERBY & BURTON NHS FOUNDATION TRUST,26414612,"93,431.00 ",654967976,800009838
Department of Health,NHS Warwickshire North CCG,3/31/2019,Hcare Srv Rec Fdtn Trust-Contract Baseline,ACUTE COMMISSIONING,WEST MIDLANDS AMBULANCE SERVICE NHS FOUNDATION TRUST,26414626,"583,075.69 ",GB654950708,A0003683
Department of Health,NHS Warwickshire North CCG,3/31/2019,Hcare Srv Rec Fdtn Trust-Contract Baseline,PATIENT TRANSPORT,WEST MIDLANDS AMBULANCE SERVICE NHS FOUNDATION TRUST,26414668,"49,422.25 ",GB654950708,C0003863
Department of Health,NHS Warwickshire North CCG,3/31/2019,Hcare Srv Rec Fdtn Trust-Contract Cost per Case,PATIENT TRANSPORT,WEST MIDLANDS AMBULANCE SERVICE NHS FOUNDATION TRUST,26414849,"108,943.42 ",GB654950708,C0003895
Department of Health,NHS Warwickshire North CCG,3/31/2019,C&M-GMS DES Minor Surgery,PRC DELEGATED CO-COMMISSIONING,ARBURY MEDICAL PRACTICE,26428440,"3,918.60 ",,WA000025605
Department of Health,NHS Warwickshire North CCG,3/31/2019,C&M-GMS Global Sum,PRC DELEGATED CO-COMMISSIONING,ARBURY MEDICAL PRACTICE,26428440,"70,040.58 ",,WA000025605
Department of Health,NHS Warwickshire North CCG,3/31/2019,C&M-GMS PCO Seniority,PRC DELEGATED CO-COMMISSIONING,ARBURY MEDICAL PRACTICE,26428440,636.89 ,,WA000025605
Department of Health,NHS Warwickshire North CCG,3/31/2019,C&M-GMS Prem Notional Rent,PRC DELEGATED CO-COMMISSIONING,ARBURY MEDICAL PRACTICE,26428440,"11,817.00 ",,WA000025605
Department of Health,NHS Warwickshire North CCG,3/31/2019,C&M-GMS QOF Aspiration,PRC DELEGATED CO-COMMISSIONING,ARBURY MEDICAL PRACTICE,26428440,"7,236.69 ",,WA000025605
Department of Health,NHS Warwickshire North CCG,3/31/2019,C&M-GMS DES Learn Dsblty Hlth Chk,PRC DELEGATED CO-COMMISSIONING,CHANCERY LANE PRACTICE,26428442,"1,260.00 ",,WA000025607
Department of Health,NHS Warwickshire North CCG,3/31/2019,C&M-GMS Global Sum,PRC DELEGATED CO-COMMISSIONING,CHANCERY LANE PRACTICE,26428442,"42,804.68 ",,WA000025607
Department of Health,NHS Warwickshire North CCG,3/31/2019,C&M-GMS MPIG Correction Factor,PRC DELEGATED CO-COMMISSIONING,CHANCERY LANE PRACTICE,26428442,538.66 ,,WA000025607
Department of Health,NHS Warwickshire North CCG,3/31/2019,C&M-GMS PCO Seniority,PRC DELEGATED CO-COMMISSIONING,CHANCERY LANE PRACTICE,26428442,"2,412.00 ",,WA000025607
Department of Health,NHS Warwickshire North CCG,3/31/2019,C&M-GMS Prem Notional Rent,PRC DELEGATED CO-COMMISSIONING,CHANCERY LANE PRACTICE,26428442,"5,000.00 ",,WA000025607
Department of Health,NHS Warwickshire North CCG,3/31/2019,C&M-GMS QOF Aspiration,PRC DELEGATED CO-COMMISSIONING,CHANCERY LANE PRACTICE,26428442,"4,513.07 ",,WA000025607
Department of Health,NHS Warwickshire North CCG,3/31/2019,C&M-GMS GP Statutory Levy,PRC DELEGATED CO-COMMISSIONING,DR SS SINGH & PARTNERS,26428443,"(1,066.48)",,WA000025610
Department of Health,NHS Warwickshire North CCG,3/31/2019,ME - GMS TPS Added Years Adj EEs,PRC DELEGATED CO-COMMISSIONING,DR SS SINGH & PARTNERS,26428443,"(1,111.46)",,WA000025610
Department of Health,NHS Warwickshire North CCG,3/31/2019,ME-GMS GP Pension EEs,PRC DELEGATED CO-COMMISSIONING,DR SS SINGH & PARTNERS,26428443,"(14,470.73)",,WA000025610
Department of Health,NHS Warwickshire North CCG,3/31/2019,ME-GMS GP Pension EEs Adjustments,PRC DELEGATED CO-COMMISSIONING,DR SS SINGH & PARTNERS,26428443,"(5,081.60)",,WA000025610
Department of Health,NHS Warwickshire North CCG,3/31/2019,ME-GMS GP Pension ERs Adjustments,PRC DELEGATED CO-COMMISSIONING,DR SS SINGH & PARTNERS,26428443,"(20,504.33)",,WA000025610
Department of Health,NHS Warwickshire North CCG,3/31/2019,C&M-GMS DES Learn Dsblty Hlth Chk,PRC DELEGATED CO-COMMISSIONING,DR SS SINGH & PARTNERS,26428444,"1,680.00 ",,WA000025611
Department of Health,NHS Warwickshire North CCG,3/31/2019,C&M-GMS GP Statutory Levy,PRC DELEGATED CO-COMMISSIONING,DR SS SINGH & PARTNERS,26428444,3.86 ,,WA000025611
Department of Health,NHS Warwickshire North CCG,3/31/2019,C&M-GMS Global Sum,PRC DELEGATED CO-COMMISSIONING,DR SS SINGH & PARTNERS,26428444,"154,589.60 ",,WA000025611
Department of Health,NHS Warwickshire North CCG,3/31/2019,C&M-GMS PCO Locum Adop/Pat/Mat,PRC DELEGATED CO-COMMISSIONING,DR SS SINGH & PARTNERS,26428444,"9,595.00 ",,WA000025611
Department of Health,NHS Warwickshire North CCG,3/31/2019,C&M-GMS PCO Seniority,PRC DELEGATED CO-COMMISSIONING,DR SS SINGH & PARTNERS,26428444,"4,895.80 ",,WA000025611
Department of Health,NHS Warwickshire North CCG,3/31/2019,C&M-GMS Prem Actual Rent,PRC DELEGATED CO-COMMISSIONING,DR SS SINGH & PARTNERS,26428444,"16,000.00 ",,WA000025611
Department of Health,NHS Warwickshire North CCG,3/31/2019,C&M-GMS Prem Rates,PRC DELEGATED CO-COMMISSIONING,DR SS SINGH & PARTNERS,26428444,"12,593.00 ",,WA000025611
Department of Health,NHS Warwickshire North CCG,3/31/2019,C&M-GMS QOF Aspiration,PRC DELEGATED CO-COMMISSIONING,DR SS SINGH & PARTNERS,26428444,"16,271.46 ",,WA000025611
Department of Health,NHS Warwickshire North CCG,3/31/2019,C&M-GMS DES Learn Dsblty Hlth Chk,PRC DELEGATED CO-COMMISSIONING,GRANGE MEDICAL PRACTICE,26428446,"1,400.00 ",,WA000025613
Department of Health,NHS Warwickshire North CCG,3/31/2019,C&M-GMS Global Sum,PRC DELEGATED CO-COMMISSIONING,GRANGE MEDICAL PRACTICE,26428446,"82,100.44 ",,WA000025613
Department of Health,NHS Warwickshire North CCG,3/31/2019,C&M-GMS PCO Seniority,PRC DELEGATED CO-COMMISSIONING,GRANGE MEDICAL PRACTICE,26428446,"2,283.87 ",,WA000025613
Department of Health,NHS Warwickshire North CCG,3/31/2019,C&M-GMS Prem Cost Rent,PRC DELEGATED CO-COMMISSIONING,GRANGE MEDICAL PRACTICE,26428446,"11,701.00 ",,WA000025613
Department of Health,NHS Warwickshire North CCG,3/31/2019,C&M-GMS QOF Aspiration,PRC DELEGATED CO-COMMISSIONING,GRANGE MEDICAL PRACTICE,26428446,"8,691.98 ",,WA000025613
Department of Health,NHS Warwickshire North CCG,3/31/2019,C&M-GMS GP Statutory Levy,PRC DELEGATED CO-COMMISSIONING,HAZELWOOD GROUP PRACTICE,26428448,3.36 ,,WA000025615
Department of Health,NHS Warwickshire North CCG,3/31/2019,C&M-GMS Global Sum,PRC DELEGATED CO-COMMISSIONING,HAZELWOOD GROUP PRACTICE,26428448,"76,407.15 ",,WA000025615
Department of Health,NHS Warwickshire North CCG,3/31/2019,C&M-GMS PCO Seniority,PRC DELEGATED CO-COMMISSIONING,HAZELWOOD GROUP PRACTICE,26428448,"4,530.80 ",,WA000025615
Department of Health,NHS Warwickshire North CCG,3/31/2019,C&M-GMS Prem Notional Rent,PRC DELEGATED CO-COMMISSIONING,HAZELWOOD GROUP PRACTICE,26428448,"11,773.00 ",,WA000025615
Department of Health,NHS Warwickshire North CCG,3/31/2019,C&M-GMS QOF Aspiration,PRC DELEGATED CO-COMMISSIONING,HAZELWOOD GROUP PRACTICE,26428448,"7,049.62 ",,WA000025615
Department of Health,NHS Warwickshire North CCG,3/31/2019,C&M-GMS DES Learn Dsblty Hlth Chk,PRC DELEGATED CO-COMMISSIONING,LONG STREET SURGERY,26428450,"1,680.00 ",,WA000025617
Department of Health,NHS Warwickshire North CCG,3/31/2019,C&M-GMS GP Statutory Levy,PRC DELEGATED CO-COMMISSIONING,LONG STREET SURGERY,26428450,1.41 ,,WA000025617
Department of Health,NHS Warwickshire North CCG,3/31/2019,C&M-GMS Global Sum,PRC DELEGATED CO-COMMISSIONING,LONG STREET SURGERY,26428450,"93,374.19 ",,WA000025617
Department of Health,NHS Warwickshire North CCG,3/31/2019,C&M-GMS PCO Seniority,PRC DELEGATED CO-COMMISSIONING,LONG STREET SURGERY,26428450,"2,533.64 ",,WA000025617
Department of Health,NHS Warwickshire North CCG,3/31/2019,C&M-GMS Prem Notional Rent,PRC DELEGATED CO-COMMISSIONING,LONG STREET SURGERY,26428450,"13,625.00 ",,WA000025617
Department of Health,NHS Warwickshire North CCG,3/31/2019,C&M-GMS QOF Aspiration,PRC DELEGATED CO-COMMISSIONING,LONG STREET SURGERY,26428450,"10,097.51 ",,WA000025617
Department of Health,NHS Warwickshire North CCG,3/31/2019,C&M-GMS DES Learn Dsblty Hlth Chk,PRC DELEGATED CO-COMMISSIONING,MANOR COURT PRACTICE,26428452,"1,400.00 ",,WA000025619
Department of Health,NHS Warwickshire North CCG,3/31/2019,C&M-GMS GP Statutory Levy,PRC DELEGATED CO-COMMISSIONING,MANOR COURT PRACTICE,26428452,6.41 ,,WA000025619
Department of Health,NHS Warwickshire North CCG,3/31/2019,C&M-GMS Global Sum,PRC DELEGATED CO-COMMISSIONING,MANOR COURT PRACTICE,26428452,"65,646.84 ",,WA000025619
Department of Health,NHS Warwickshire North CCG,3/31/2019,C&M-GMS PCO Seniority,PRC DELEGATED CO-COMMISSIONING,MANOR COURT PRACTICE,26428452,"2,549.29 ",,WA000025619
Department of Health,NHS Warwickshire North CCG,3/31/2019,C&M-GMS Prem Actual Rent,PRC DELEGATED CO-COMMISSIONING,MANOR COURT PRACTICE,26428452,"11,375.00 ",,WA000025619
Department of Health,NHS Warwickshire North CCG,3/31/2019,C&M-GMS QOF Aspiration,PRC DELEGATED CO-COMMISSIONING,MANOR COURT PRACTICE,26428452,"6,527.83 ",,WA000025619
Department of Health,NHS Warwickshire North CCG,3/31/2019,C&M-GMS GP Statutory Levy,PRC DELEGATED CO-COMMISSIONING,NEWTOWN ROAD PRACTICE,26428454,0.99 ,,WA000025621
Department of Health,NHS Warwickshire North CCG,3/31/2019,C&M-GMS Global Sum,PRC DELEGATED CO-COMMISSIONING,NEWTOWN ROAD PRACTICE,26428454,"28,801.40 ",,WA000025621
Department of Health,NHS Warwickshire North CCG,3/31/2019,C&M-GMS PCO Seniority,PRC DELEGATED CO-COMMISSIONING,NEWTOWN ROAD PRACTICE,26428454,"1,132.19 ",,WA000025621
Department of Health,NHS Warwickshire North CCG,3/31/2019,C&M-GMS Prem Notional Rent,PRC DELEGATED CO-COMMISSIONING,NEWTOWN ROAD PRACTICE,26428454,"3,579.50 ",,WA000025621
Department of Health,NHS Warwickshire North CCG,3/31/2019,C&M-GMS QOF Aspiration,PRC DELEGATED CO-COMMISSIONING,NEWTOWN ROAD PRACTICE,26428454,"3,871.92 ",,WA000025621
Department of Health,NHS Warwickshire North CCG,3/31/2019,C&M-GMS Global Sum,PRC DELEGATED CO-COMMISSIONING,OLD COLE HOUSE PRACTICE,26428456,"25,405.39 ",,WA000025623
Department of Health,NHS Warwickshire North CCG,3/31/2019,C&M-GMS PCO Seniority,PRC DELEGATED CO-COMMISSIONING,OLD COLE HOUSE PRACTICE,26428456,"1,230.08 ",,WA000025623
Department of Health,NHS Warwickshire North CCG,3/31/2019,C&M-GMS Prem Notional Rent,PRC DELEGATED CO-COMMISSIONING,OLD COLE HOUSE PRACTICE,26428456,"2,600.00 ",,WA000025623
Department of Health,NHS Warwickshire North CCG,3/31/2019,C&M-GMS QOF Aspiration,PRC DELEGATED CO-COMMISSIONING,OLD COLE HOUSE PRACTICE,26428456,"2,694.31 ",,WA000025623
Department of Health,NHS Warwickshire North CCG,3/31/2019,C&M-GMS GP Statutory Levy,PRC DELEGATED CO-COMMISSIONING,OLD MILL PRACTICE,26428457,(633.16),,WA000025624
Department of Health,NHS Warwickshire North CCG,3/31/2019,ME - GMS GP Prior Year ERs,PRC DELEGATED CO-COMMISSIONING,OLD MILL PRACTICE,26428457,"(14,937.93)",,WA000025624
Department of Health,NHS Warwickshire North CCG,3/31/2019,ME-GMS GP Pension EEs,PRC DELEGATED CO-COMMISSIONING,OLD MILL PRACTICE,26428457,"(4,430.48)",,WA000025624
Department of Health,NHS Warwickshire North CCG,3/31/2019,ME-GMS GP Pension ERs Adjustments,PRC DELEGATED CO-COMMISSIONING,OLD MILL PRACTICE,26428457,"(4,655.53)",,WA000025624
Department of Health,NHS Warwickshire North CCG,3/31/2019,ME-GMS GP Prior Year EEs,PRC DELEGATED CO-COMMISSIONING,OLD MILL PRACTICE,26428457,"(15,086.41)",,WA000025624
Department of Health,NHS Warwickshire North CCG,3/31/2019,C&M-GMS GP Statutory Levy,PRC DELEGATED CO-COMMISSIONING,NORTHUMBERLAND ROAD PRACTICE,26428459,0.25 ,,WA000025627
Department of Health,NHS Warwickshire North CCG,3/31/2019,C&M-GMS Global Sum,PRC DELEGATED CO-COMMISSIONING,NORTHUMBERLAND ROAD PRACTICE,26428459,"19,577.87 ",,WA000025627
Department of Health,NHS Warwickshire North CCG,3/31/2019,C&M-GMS MPIG Correction Factor,PRC DELEGATED CO-COMMISSIONING,NORTHUMBERLAND ROAD PRACTICE,26428459,768.10 ,,WA000025627
Department of Health,NHS Warwickshire North CCG,3/31/2019,C&M-GMS Prem Notional Rent,PRC DELEGATED CO-COMMISSIONING,NORTHUMBERLAND ROAD PRACTICE,26428459,"5,687.25 ",,WA000025627
Department of Health,NHS Warwickshire North CCG,3/31/2019,C&M-GMS QOF Aspiration,PRC DELEGATED CO-COMMISSIONING,NORTHUMBERLAND ROAD PRACTICE,26428459,"2,014.10 ",,WA000025627
Department of Health,NHS Warwickshire North CCG,3/31/2019,C&M-GMS DES Learn Dsblty Hlth Chk,PRC DELEGATED CO-COMMISSIONING,RATCLIFFE ROAD PRACTICE,26428462,"1,120.00 ",,WA000025631
Department of Health,NHS Warwickshire North CCG,3/31/2019,C&M-GMS Global Sum,PRC DELEGATED CO-COMMISSIONING,RATCLIFFE ROAD PRACTICE,26428462,"126,150.23 ",,WA000025631
Department of Health,NHS Warwickshire North CCG,3/31/2019,C&M-GMS PCO Locum Sickness,PRC DELEGATED CO-COMMISSIONING,RATCLIFFE ROAD PRACTICE,26428462,"10,841.77 ",,WA000025631
Department of Health,NHS Warwickshire North CCG,3/31/2019,C&M-GMS PCO Seniority,PRC DELEGATED CO-COMMISSIONING,RATCLIFFE ROAD PRACTICE,26428462,"4,297.32 ",,WA000025631
Department of Health,NHS Warwickshire North CCG,3/31/2019,C&M-GMS Prem Notional Rent,PRC DELEGATED CO-COMMISSIONING,RATCLIFFE ROAD PRACTICE,26428462,"20,000.00 ",,WA000025631
Department of Health,NHS Warwickshire North CCG,3/31/2019,C&M-GMS QOF Aspiration,PRC DELEGATED CO-COMMISSIONING,RATCLIFFE ROAD PRACTICE,26428462,"14,206.19 ",,WA000025631
Department of Health,NHS Warwickshire North CCG,3/31/2019,C&M-GMS GP Statutory Levy,PRC DELEGATED CO-COMMISSIONING,RED ROOFS PRACTICE,26428463,(825.21),,WA000025632
Department of Health,NHS Warwickshire North CCG,3/31/2019,ME-GMS GP Pension EEs,PRC DELEGATED CO-COMMISSIONING,RED ROOFS PRACTICE,26428463,"(14,138.17)",,WA000025632
Department of Health,NHS Warwickshire North CCG,3/31/2019,ME-GMS GP Pension ERs Adjustments,PRC DELEGATED CO-COMMISSIONING,RED ROOFS PRACTICE,26428463,"(15,174.61)",,WA000025632
Department of Health,NHS Warwickshire North CCG,3/31/2019,C&M-GMS DES Learn Dsblty Hlth Chk,PRC DELEGATED CO-COMMISSIONING,RED ROOFS PRACTICE,26428464,"2,940.00 ",,WA000025633
Department of Health,NHS Warwickshire North CCG,3/31/2019,C&M-GMS GP Statutory Levy,PRC DELEGATED CO-COMMISSIONING,RED ROOFS PRACTICE,26428464,11.01 ,,WA000025633
Department of Health,NHS Warwickshire North CCG,3/31/2019,C&M-GMS Global Sum,PRC DELEGATED CO-COMMISSIONING,RED ROOFS PRACTICE,26428464,"115,846.61 ",,WA000025633
Department of Health,NHS Warwickshire North CCG,3/31/2019,C&M-GMS MPIG Correction Factor,PRC DELEGATED CO-COMMISSIONING,RED ROOFS PRACTICE,26428464,247.49 ,,WA000025633
Department of Health,NHS Warwickshire North CCG,3/31/2019,C&M-GMS PCO Seniority,PRC DELEGATED CO-COMMISSIONING,RED ROOFS PRACTICE,26428464,"2,555.63 ",,WA000025633
Department of Health,NHS Warwickshire North CCG,3/31/2019,C&M-GMS Prem Notional Rent,PRC DELEGATED CO-COMMISSIONING,RED ROOFS PRACTICE,26428464,"23,995.00 ",,WA000025633
Department of Health,NHS Warwickshire North CCG,3/31/2019,C&M-GMS QOF Aspiration,PRC DELEGATED CO-COMMISSIONING,RED ROOFS PRACTICE,26428464,"13,222.17 ",,WA000025633
Department of Health,NHS Warwickshire North CCG,3/31/2019,C&M-GMS GP Statutory Levy,PRC DELEGATED CO-COMMISSIONING,QUEENS ROAD PRACTICE,26428466,2.10 ,,WA000025635
Department of Health,NHS Warwickshire North CCG,3/31/2019,C&M-GMS Global Sum,PRC DELEGATED CO-COMMISSIONING,QUEENS ROAD PRACTICE,26428466,"19,537.46 ",,WA000025635
Department of Health,NHS Warwickshire North CCG,3/31/2019,C&M-GMS MPIG Correction Factor,PRC DELEGATED CO-COMMISSIONING,QUEENS ROAD PRACTICE,26428466,291.11 ,,WA000025635
Department of Health,NHS Warwickshire North CCG,3/31/2019,C&M-GMS PCO Seniority,PRC DELEGATED CO-COMMISSIONING,QUEENS ROAD PRACTICE,26428466,"1,336.27 ",,WA000025635
Department of Health,NHS Warwickshire North CCG,3/31/2019,C&M-GMS Prem Notional Rent,PRC DELEGATED CO-COMMISSIONING,QUEENS ROAD PRACTICE,26428466,"3,375.00 ",,WA000025635
Department of Health,NHS Warwickshire North CCG,3/31/2019,C&M-GMS QOF Aspiration,PRC DELEGATED CO-COMMISSIONING,QUEENS ROAD PRACTICE,26428466,"2,004.99 ",,WA000025635
Department of Health,NHS Warwickshire North CCG,3/31/2019,C&M-GMS DES Learn Dsblty Hlth Chk,PRC DELEGATED CO-COMMISSIONING,RIVERSLEY ROAD PRACTICE,26428468,700.00 ,,WA000025637
Department of Health,NHS Warwickshire North CCG,3/31/2019,C&M-GMS Global Sum,PRC DELEGATED CO-COMMISSIONING,RIVERSLEY ROAD PRACTICE,26428468,"39,954.19 ",,WA000025637
Department of Health,NHS Warwickshire North CCG,3/31/2019,C&M-GMS MPIG Correction Factor,PRC DELEGATED CO-COMMISSIONING,RIVERSLEY ROAD PRACTICE,26428468,17.76 ,,WA000025637
Department of Health,NHS Warwickshire North CCG,3/31/2019,C&M-GMS PCO Seniority,PRC DELEGATED CO-COMMISSIONING,RIVERSLEY ROAD PRACTICE,26428468,198.99 ,,WA000025637
Department of Health,NHS Warwickshire North CCG,3/31/2019,C&M-GMS Prem Notional Rent,PRC DELEGATED CO-COMMISSIONING,RIVERSLEY ROAD PRACTICE,26428468,"6,125.00 ",,WA000025637
Department of Health,NHS Warwickshire North CCG,3/31/2019,C&M-GMS QOF Aspiration,PRC DELEGATED CO-COMMISSIONING,RIVERSLEY ROAD PRACTICE,26428468,"4,932.48 ",,WA000025637
Department of Health,NHS Warwickshire North CCG,3/31/2019,C&M-GMS GP Statutory Levy,PRC DELEGATED CO-COMMISSIONING,RUGBY ROAD PRACTICE,26428471,1.18 ,,WA000025641
Department of Health,NHS Warwickshire North CCG,3/31/2019,C&M-GMS Global Sum,PRC DELEGATED CO-COMMISSIONING,RUGBY ROAD PRACTICE,26428471,"27,016.99 ",,WA000025641
Department of Health,NHS Warwickshire North CCG,3/31/2019,C&M-GMS PCO Seniority,PRC DELEGATED CO-COMMISSIONING,RUGBY ROAD PRACTICE,26428471,908.57 ,,WA000025641
Department of Health,NHS Warwickshire North CCG,3/31/2019,C&M-GMS Prem Actual Rent,PRC DELEGATED CO-COMMISSIONING,RUGBY ROAD PRACTICE,26428471,"1,450.00 ",,WA000025641
Department of Health,NHS Warwickshire North CCG,3/31/2019,C&M-GMS Prem Notional Rent,PRC DELEGATED CO-COMMISSIONING,RUGBY ROAD PRACTICE,26428471,"3,947.00 ",,WA000025641
Department of Health,NHS Warwickshire North CCG,3/31/2019,C&M-GMS QOF Aspiration,PRC DELEGATED CO-COMMISSIONING,RUGBY ROAD PRACTICE,26428471,"3,105.68 ",,WA000025641
Department of Health,NHS Warwickshire North CCG,3/31/2019,C&M-GMS Global Sum,PRC DELEGATED CO-COMMISSIONING,SPRING HILL MEDICAL CENTRE,26428473,"73,938.28 ",,WA000025643
Department of Health,NHS Warwickshire North CCG,3/31/2019,C&M-GMS PCO Seniority,PRC DELEGATED CO-COMMISSIONING,SPRING HILL MEDICAL CENTRE,26428473,"1,163.93 ",,WA000025643
Department of Health,NHS Warwickshire North CCG,3/31/2019,C&M-GMS Prem Actual Rent,PRC DELEGATED CO-COMMISSIONING,SPRING HILL MEDICAL CENTRE,26428473,"37,014.11 ",,WA000025643
Department of Health,NHS Warwickshire North CCG,3/31/2019,C&M-GMS Prem Notional Rent,PRC DELEGATED CO-COMMISSIONING,SPRING HILL MEDICAL CENTRE,26428473,"3,925.00 ",,WA000025643
Department of Health,NHS Warwickshire North CCG,3/31/2019,C&M-GMS QOF Aspiration,PRC DELEGATED CO-COMMISSIONING,SPRING HILL MEDICAL CENTRE,26428473,"5,984.65 ",,WA000025643
Department of Health,NHS Warwickshire North CCG,3/31/2019,C&M-GMS DES Learn Dsblty Hlth Chk,PRC DELEGATED CO-COMMISSIONING,STATION STREET SURGERY,26428475,140.00 ,,WA000025645
Department of Health,NHS Warwickshire North CCG,3/31/2019,C&M-GMS Global Sum,PRC DELEGATED CO-COMMISSIONING,STATION STREET SURGERY,26428475,"27,604.04 ",,WA000025645
Department of Health,NHS Warwickshire North CCG,3/31/2019,C&M-GMS PCO Seniority,PRC DELEGATED CO-COMMISSIONING,STATION STREET SURGERY,26428475,363.13 ,,WA000025645
Department of Health,NHS Warwickshire North CCG,3/31/2019,C&M-GMS Prem Actual Rent,PRC DELEGATED CO-COMMISSIONING,STATION STREET SURGERY,26428475,725.00 ,,WA000025645
Department of Health,NHS Warwickshire North CCG,3/31/2019,C&M-GMS Prem Notional Rent,PRC DELEGATED CO-COMMISSIONING,STATION STREET SURGERY,26428475,"4,200.00 ",,WA000025645
Department of Health,NHS Warwickshire North CCG,3/31/2019,C&M-GMS QOF Aspiration,PRC DELEGATED CO-COMMISSIONING,STATION STREET SURGERY,26428475,"2,459.88 ",,WA000025645
Department of Health,NHS Warwickshire North CCG,3/31/2019,C&M-GMS Global Sum,PRC DELEGATED CO-COMMISSIONING,MALLING HEALTHCARE AT LEICESTER ROAD,26428479,"19,618.97 ",,WA000025649
Department of Health,NHS Warwickshire North CCG,3/31/2019,C&M-GMS Prem Actual Rent,PRC DELEGATED CO-COMMISSIONING,MALLING HEALTHCARE AT LEICESTER ROAD,26428479,"3,875.00 ",,WA000025649
Department of Health,NHS Warwickshire North CCG,3/31/2019,C&M-GMS QOF Aspiration,PRC DELEGATED CO-COMMISSIONING,MALLING HEALTHCARE AT LEICESTER ROAD,26428479,"1,989.57 ",,WA000025649
Department of Health,NHS Warwickshire North CCG,3/31/2019,C&M-GMS GP Statutory Levy,PRC DELEGATED CO-COMMISSIONING,MALLING HEALTHCARE AT SATIS HOUSE,26428481,0.72 ,,WA000025651
Department of Health,NHS Warwickshire North CCG,3/31/2019,C&M-GMS Global Sum,PRC DELEGATED CO-COMMISSIONING,MALLING HEALTHCARE AT SATIS HOUSE,26428481,"25,212.32 ",,WA000025651
Department of Health,NHS Warwickshire North CCG,3/31/2019,C&M-GMS Prem Actual Rent,PRC DELEGATED CO-COMMISSIONING,MALLING HEALTHCARE AT SATIS HOUSE,26428481,"8,584.25 ",,WA000025651
Department of Health,NHS Warwickshire North CCG,3/31/2019,C&M-GMS QOF Aspiration,PRC DELEGATED CO-COMMISSIONING,MALLING HEALTHCARE AT SATIS HOUSE,26428481,"2,306.85 ",,WA000025651
Department of Health,NHS Warwickshire North CCG,3/31/2019,C&M-GMS Global Sum,PRC DELEGATED CO-COMMISSIONING,MALLING HEALTHCARE AT THE CHAUCERS,26428483,"21,623.80 ",,WA000025653
Department of Health,NHS Warwickshire North CCG,3/31/2019,C&M-GMS Prem Actual Rent,PRC DELEGATED CO-COMMISSIONING,MALLING HEALTHCARE AT THE CHAUCERS,26428483,"7,212.00 ",,WA000025653
Department of Health,NHS Warwickshire North CCG,3/31/2019,C&M-GMS QOF Aspiration,PRC DELEGATED CO-COMMISSIONING,MALLING HEALTHCARE AT THE CHAUCERS,26428483,"2,643.85 ",,WA000025653
Department of Health,NHS Warwickshire North CCG,3/31/2019,C&M-PMS Contract Value,PRC DELEGATED CO-COMMISSIONING,MALLING HEALTH,26428485,"27,656.36 ",974 968 053,WA000025655
Department of Health,NHS Warwickshire North CCG,3/31/2019,C&M-PMS Prem Actual Rent,PRC DELEGATED CO-COMMISSIONING,MALLING HEALTH,26428485,232.86 ,974 968 053,WA000025655
Department of Health,NHS Warwickshire North CCG,3/31/2019,C&M-PMS QOF Aspiration,PRC DELEGATED CO-COMMISSIONING,MALLING HEALTH,26428485,"1,929.24 ",974 968 053,WA000025655
Department of Health,NHS Warwickshire North CCG,3/31/2019,C&M-GMS DES Learn Dsblty Hlth Chk,PRC DELEGATED CO-COMMISSIONING,DRS AK CHAUDHURI & M MOTALA SURGERY,26429995,"1,260.00 ",,WA000025609
Department of Health,NHS Warwickshire North CCG,3/31/2019,C&M-GMS GP Statutory Levy,PRC DELEGATED CO-COMMISSIONING,DRS AK CHAUDHURI & M MOTALA SURGERY,26429995,0.86 ,,WA000025609
Department of Health,NHS Warwickshire North CCG,3/31/2019,C&M-GMS Global Sum,PRC DELEGATED CO-COMMISSIONING,DRS AK CHAUDHURI & M MOTALA SURGERY,26429995,"34,802.79 ",,WA000025609
Department of Health,NHS Warwickshire North CCG,3/31/2019,C&M-GMS Prem Notional Rent,PRC DELEGATED CO-COMMISSIONING,DRS AK CHAUDHURI & M MOTALA SURGERY,26429995,"7,612.50 ",,WA000025609
Department of Health,NHS Warwickshire North CCG,3/31/2019,C&M-GMS QOF Aspiration,PRC DELEGATED CO-COMMISSIONING,DRS AK CHAUDHURI & M MOTALA SURGERY,26429995,"2,299.61 ",,WA000025609
Department of Health,NHS Warwickshire North CCG,3/31/2019,EXP-CAPITAL GRANTS- GENERAL,COMMUNITY SERVICES,WARWICKSHIRE COUNTY COUNCIL,26438898,"274,703.50 ",272426659,10224055
Department of Health,NHS Warwickshire North CCG,3/31/2019,EXP-CAPITAL GRANTS- GENERAL,COMMUNITY SERVICES,WARWICKSHIRE COUNTY COUNCIL,26438905,"274,703.50 ",272426659,10224059
Department of Health,NHS Warwickshire North CCG,3/31/2019,C&M-APMS LES Phlebotomy,ACUTE COMMISSIONING,UNIVERSITY HOSPITALS COVENTRY AND WARWICKSHIRE NHS TRUST,26438906,"188,346.00 ",654949096,1000071795
Department of Health,NHS Warwickshire North CCG,3/31/2019,C&M-GMS LES Phlebotomy,ACUTE COMMISSIONING,UNIVERSITY HOSPITALS COVENTRY AND WARWICKSHIRE NHS TRUST,26438906,"2,006.52 ",654949096,1000071795
Department of Health,NHS Warwickshire North CCG,3/31/2019,C&M-GMS DES Learn Dsblty Hlth Chk,PRC DELEGATED CO-COMMISSIONING,OLD MILL PRACTICE,26447989,"1,260.00 ",,WA000025625
Department of Health,NHS Warwickshire North CCG,3/31/2019,C&M-GMS Global Sum,PRC DELEGATED CO-COMMISSIONING,OLD MILL PRACTICE,26447989,"86,289.76 ",,WA000025625
Department of Health,NHS Warwickshire North CCG,3/31/2019,C&M-GMS MPIG Correction Factor,PRC DELEGATED CO-COMMISSIONING,OLD MILL PRACTICE,26447989,136.82 ,,WA000025625
Department of Health,NHS Warwickshire North CCG,3/31/2019,C&M-GMS Prem Notional Rent,PRC DELEGATED CO-COMMISSIONING,OLD MILL PRACTICE,26447989,"12,000.00 ",,WA000025625
Department of Health,NHS Warwickshire North CCG,3/31/2019,C&M-GMS Prem Water Rates,PRC DELEGATED CO-COMMISSIONING,OLD MILL PRACTICE,26447989,949.71 ,,WA000025625
Department of Health,NHS Warwickshire North CCG,3/31/2019,C&M-GMS QOF Aspiration,PRC DELEGATED CO-COMMISSIONING,OLD MILL PRACTICE,26447989,"7,467.23 ",,WA000025625
Department of Health,NHS Warwickshire North CCG,3/31/2019,ME - GMS GP Prior Year ERs,PRC DELEGATED CO-COMMISSIONING,OLD MILL PRACTICE,26447989,"3,092.08 ",,WA000025625
Department of Health,NHS Warwickshire North CCG,3/31/2019,ME-GMS GP Prior Year EEs,PRC DELEGATED CO-COMMISSIONING,OLD MILL PRACTICE,26447989,"3,832.03 ",,WA000025625
Department of Health,NHS Warwickshire North CCG,3/31/2019,C&M-GMS GP Statutory Levy,PRC DELEGATED CO-COMMISSIONING,PEAR TREE SURGERY,26447990,2.33 ,,WA000025629
Department of Health,NHS Warwickshire North CCG,3/31/2019,C&M-GMS Global Sum,PRC DELEGATED CO-COMMISSIONING,PEAR TREE SURGERY,26447990,"75,155.68 ",,WA000025629
Department of Health,NHS Warwickshire North CCG,3/31/2019,C&M-GMS MPIG Correction Factor,PRC DELEGATED CO-COMMISSIONING,PEAR TREE SURGERY,26447990,"1,165.97 ",,WA000025629
Department of Health,NHS Warwickshire North CCG,3/31/2019,C&M-GMS PCO Seniority,PRC DELEGATED CO-COMMISSIONING,PEAR TREE SURGERY,26447990,"2,333.22 ",,WA000025629
Department of Health,NHS Warwickshire North CCG,3/31/2019,C&M-GMS Prem Notional Rent,PRC DELEGATED CO-COMMISSIONING,PEAR TREE SURGERY,26447990,"16,565.30 ",,WA000025629
Department of Health,NHS Warwickshire North CCG,3/31/2019,C&M-GMS QOF Aspiration,PRC DELEGATED CO-COMMISSIONING,PEAR TREE SURGERY,26447990,"7,417.87 ",,WA000025629
Department of Health,NHS Warwickshire North CCG,3/31/2019,ME - GMS GP Prior Year ERs,PRC DELEGATED CO-COMMISSIONING,PEAR TREE SURGERY,26447990,"1,500.63 ",,WA000025629
Department of Health,NHS Warwickshire North CCG,3/31/2019,ME-GMS GP Prior Year EEs,PRC DELEGATED CO-COMMISSIONING,PEAR TREE SURGERY,26447990,"3,639.85 ",,WA000025629
Department of Health,NHS Warwickshire North CCG,3/31/2019,C&M-GMS GP Statutory Levy,PRC DELEGATED CO-COMMISSIONING,SCHOOL ROAD PRACTICE,26447991,0.79 ,,WA000025639
Department of Health,NHS Warwickshire North CCG,3/31/2019,C&M-GMS Global Sum,PRC DELEGATED CO-COMMISSIONING,SCHOOL ROAD PRACTICE,26447991,"45,478.80 ",,WA000025639
Department of Health,NHS Warwickshire North CCG,3/31/2019,C&M-GMS PCO Seniority,PRC DELEGATED CO-COMMISSIONING,SCHOOL ROAD PRACTICE,26447991,"1,643.85 ",,WA000025639
Department of Health,NHS Warwickshire North CCG,3/31/2019,C&M-GMS Prem Notional Rent,PRC DELEGATED CO-COMMISSIONING,SCHOOL ROAD PRACTICE,26447991,"7,725.00 ",,WA000025639
Department of Health,NHS Warwickshire North CCG,3/31/2019,C&M-GMS QOF Aspiration,PRC DELEGATED CO-COMMISSIONING,SCHOOL ROAD PRACTICE,26447991,"4,328.86 ",,WA000025639
Department of Health,NHS Warwickshire North CCG,3/31/2019,ME - GMS GP Prior Year ERs,PRC DELEGATED CO-COMMISSIONING,SCHOOL ROAD PRACTICE,26447991,526.86 ,,WA000025639
Department of Health,NHS Warwickshire North CCG,3/31/2019,ME-GMS GP Prior Year AVCs,PRC DELEGATED CO-COMMISSIONING,SCHOOL ROAD PRACTICE,26447991,272.64 ,,WA000025639
Department of Health,NHS Warwickshire North CCG,3/31/2019,ME-GMS GP Prior Year EEs,PRC DELEGATED CO-COMMISSIONING,SCHOOL ROAD PRACTICE,26447991,534.23 ,,WA000025639
Department of Health,NHS Warwickshire North CCG,3/31/2019,Clinical&Medical-Othe Public Sector,CHILD AND ADOLESCENT MENTAL HEALTH,WARWICKSHIRE COUNTY COUNCIL,26504577,"1,182,327.00 ",272426659,10224919
Department of Health,NHS Warwickshire North CCG,3/31/2019,Clinical&Medical-Independent Sector,OUT OF HOURS,NHS SOUTH WARWICKSHIRE CCG,26504592,"106,798.76 ",,7019901182
Department of Health,NHS Warwickshire North CCG,3/31/2019,Clinical&Medical-Independent Sector,Mental Health Services - S117 Mental Health,ACCOMPLISH,26550088,"39,956.00 ",,SGN0006943
Department of Health,NHS Warwickshire North CCG,3/31/2019,Clinical&Medical-Voluntary Sector,IMPROVING ACCESS TO PSYCHOLOGICAL THERAPIES,COVENTRY MIND,26550378,"28,954.00 ",,CWM1819651
Department of Health,NHS Warwickshire North CCG,3/31/2019,Cont Care- Prior Year Payments,CHC ADULT FULLY FUNDED,ACCOMPLISH,26599710,"63,441.96 ",,0000069608
Department of Health,NHS Warwickshire North CCG,3/31/2019,Cont Care-Physical Disab (65+),CHC ADULT FULLY FUNDED,WARWICKSHIRE COUNTY COUNCIL,26599760,"42,584.37 ",272426659,10216460
Department of Health,NHS Warwickshire North CCG,3/31/2019,Hcare Srv Rec Fdtn Trust-Non Contract,COMMUNITY SERVICES,SOUTH WARWICKSHIRE NHS FOUNDATION TRUST,26599833,"51,285.00 ",654942118,W0113159
Department of Health,NHS Warwickshire North CCG,3/31/2019,Cont Care- Prior Year Payments,CHC ADULT FULLY FUNDED,WARWICKSHIRE COUNTY COUNCIL,26599895,"65,031.67 ",272426659,10220498
Department of Health,NHS Warwickshire North CCG,3/31/2019,Cont Care-Learning Disab(65+),ADULT JOINT FUNDED CONTINUING CARE,WARWICKSHIRE COUNTY COUNCIL,26599895,"19,430.40 ",272426659,10220498
Department of Health,NHS Warwickshire North CCG,3/31/2019,Hcare Srv Rec Fdtn Trust-Over/ Under Performance,AMBULANCE SERVICES,WEST MIDLANDS AMBULANCE SERVICE NHS FOUNDATION TRUST,26599935,"27,628.00 ",GB654950708,B0001894
Department of Health,NHS Warwickshire North CCG,3/31/2019,Clinical&Medical-Independent Sector,OUT OF HOURS,NHS SOUTH WARWICKSHIRE CCG,26599978,"53,558.77 ",,7019901224
Department of Health,NHS Warwickshire North CCG,3/31/2019,Clinical&Medical-Independent Sector,OUT OF HOURS,NHS SOUTH WARWICKSHIRE CCG,26599979,"53,558.77 ",,7019901225
Department of Health,NHS Warwickshire North CCG,3/31/2019,Charges from CSU,ADMINISTRATION & BUSINESS SUPPORT,NHS ARDEN AND GEM CSU,26599981,"(45,196.00)",GB526164259,7312613760
Department of Health,NHS Warwickshire North CCG,3/31/2019,C&M-GMS Cost of Drugs -Dispensing,LOCAL ENHANCED SERVICES,HAZELWOOD GROUP PRACTICE,26601060,"43,968.94 ",,WA000025812
Department of Health,NHS Warwickshire North CCG,3/31/2019,C&M-GMS Prof Fees Dispensing,PRC DELEGATED CO-COMMISSIONING,HAZELWOOD GROUP PRACTICE,26601060,"7,913.01 ",,WA000025812
Department of Health,NHS Warwickshire North CCG,3/31/2019,C&M-GMS PrscrptnChrgsColl&RmttdbyGP,LOCAL ENHANCED SERVICES,HAZELWOOD GROUP PRACTICE,26601060,"1,364.00 ",,WA000025812
Department of Health,NHS Warwickshire North CCG,3/31/2019,C&M-GMS Cost of Drugs -Dispensing,LOCAL ENHANCED SERVICES,LONG STREET SURGERY,26601061,"(24,764.17)",,WA000025813
Department of Health,NHS Warwickshire North CCG,3/31/2019,C&M-GMS PrscChrgsCll&RmttdbyGPCntra,PRC DELEGATED CO-COMMISSIONING,LONG STREET SURGERY,26601061,"(1,610.40)",,WA000025813
Department of Health,NHS Warwickshire North CCG,3/31/2019,C&M-GMS Cost of Drugs -Dispensing,LOCAL ENHANCED SERVICES,LONG STREET SURGERY,26601062,"44,095.86 ",,WA000025814
Department of Health,NHS Warwickshire North CCG,3/31/2019,C&M-GMS Prof Fees Dispensing,PRC DELEGATED CO-COMMISSIONING,LONG STREET SURGERY,26601062,"9,447.26 ",,WA000025814
Department of Health,NHS Warwickshire North CCG,3/31/2019,C&M-GMS PrscrptnChrgsColl&RmttdbyGP,LOCAL ENHANCED SERVICES,LONG STREET SURGERY,26601062,"1,610.40 ",,WA000025814
Department of Health,NHS Warwickshire North CCG,3/31/2019,C&M-GMS Cost of Drugs -Prescribing,LOCAL ENHANCED SERVICES,OLD MILL PRACTICE,26601066,"21,992.75 ",,WA000025818
Department of Health,NHS Warwickshire North CCG,3/31/2019,C&M-GMS Prof Fees Prescribing,PRC DELEGATED CO-COMMISSIONING,OLD MILL PRACTICE,26601066,"4,646.63 ",,WA000025818
Department of Health,NHS Warwickshire North CCG,3/31/2019,C&M-GMS Cost of Drugs -Dispensing,LOCAL ENHANCED SERVICES,PEAR TREE SURGERY,26601068,"(38,884.58)",,WA000025820
Department of Health,NHS Warwickshire North CCG,3/31/2019,C&M-GMS PrscChrgsCll&RmttdbyGPCntra,PRC DELEGATED CO-COMMISSIONING,PEAR TREE SURGERY,26601068,"(3,273.60)",,WA000025820
Department of Health,NHS Warwickshire North CCG,3/31/2019,C&M-GMS Cost of Drugs -Dispensing,LOCAL ENHANCED SERVICES,PEAR TREE SURGERY,26601069,"74,984.03 ",,WA000025821
Department of Health,NHS Warwickshire North CCG,3/31/2019,C&M-GMS Prof Fees Dispensing,PRC DELEGATED CO-COMMISSIONING,PEAR TREE SURGERY,26601069,"18,237.40 ",,WA000025821
Department of Health,NHS Warwickshire North CCG,3/31/2019,C&M-GMS PrscrptnChrgsColl&RmttdbyGP,LOCAL ENHANCED SERVICES,PEAR TREE SURGERY,26601069,"3,273.60 ",,WA000025821
Department of Health,NHS Warwickshire North CCG,3/31/2019,C&M-GMS Cost of Drugs -Dispensing,LOCAL ENHANCED SERVICES,RATCLIFFE ROAD PRACTICE,26601070,"(39,313.70)",,WA000025822
Department of Health,NHS Warwickshire North CCG,3/31/2019,C&M-GMS PrscChrgsCll&RmttdbyGPCntra,PRC DELEGATED CO-COMMISSIONING,RATCLIFFE ROAD PRACTICE,26601070,"(2,015.20)",,WA000025822
Department of Health,NHS Warwickshire North CCG,3/31/2019,C&M-GMS Cost of Drugs -Dispensing,LOCAL ENHANCED SERVICES,RATCLIFFE ROAD PRACTICE,26601071,"67,736.68 ",,WA000025823
Department of Health,NHS Warwickshire North CCG,3/31/2019,C&M-GMS Prof Fees Dispensing,PRC DELEGATED CO-COMMISSIONING,RATCLIFFE ROAD PRACTICE,26601071,"15,010.08 ",,WA000025823
Department of Health,NHS Warwickshire North CCG,3/31/2019,C&M-GMS PrscrptnChrgsColl&RmttdbyGP,LOCAL ENHANCED SERVICES,RATCLIFFE ROAD PRACTICE,26601071,"2,015.20 ",,WA000025823
Department of Health,NHS Warwickshire North CCG,3/31/2019,Cont Care-Physical Disab (65+),CHC ADULT FULLY FUNDED,WARWICKSHIRE COUNTY COUNCIL,26605002,"(42,584.37)",272426659,10226839
Department of Health,NHS Warwickshire North CCG,3/31/2019,C&M-GMS DES Extended Hours Access,GP FORWARD VIEW,COVENTRY & RUGBY GP ALLIANCE,26609770,"139,145.50 ",,100853-25-MAR-2019
Department of Health,NHS Warwickshire North CCG,3/31/2019,Clinical&Medical-Independent Sector,NCAS/OATS,SPIRE HEALTHCARE LTD,26627492,"49,032.01 ",915970991,05HNCA181911
Department of Health,NHS Warwickshire North CCG,3/31/2019,Hcare Srv Rec NHS Trust-Non Contract,NCAS/OATS,DARTFORD AND GRAVESHAM NHS TRUST,26637208,"42,309.96 ",177907267,1000058619
Department of Health,NHS Warwickshire North CCG,3/31/2019,Clinical&Medical-Serv Recd-F Trsts,COMMUNITY SERVICES,SOUTH WARWICKSHIRE NHS FOUNDATION TRUST,26650484,"31,350.00 ",654942118,W0113987
Department of Health,NHS Warwickshire North CCG,3/31/2019,Clinical&Medical-Serv Recd-F Trsts,COMMUNITY SERVICES,SOUTH WARWICKSHIRE NHS FOUNDATION TRUST,26650506,"33,827.73 ",654942118,W0113986
,,,,,,,,,
