00K NHS Hartlepool and Stockton CCG Invoices over �25k - August 2018,,,,,,,
Department family,Entity,Date,Expense Type,Expense area,Supplier,Transaction number,AP Amount �
Department of Health,NHS Hartlepool&stockton-on-tees CCG,8/31/2018,Clinical&Medical-Othe Public Sector,CHILD AND ADOLESCENT MENTAL HEALTH,HARTLEPOOL BOROUGH COUNCIL,23619215,156000.00
Department of Health,NHS Hartlepool&stockton-on-tees CCG,8/31/2018,Clinical&Medical-Othe Public Sector,CHILD AND ADOLESCENT MENTAL HEALTH,HARTLEPOOL BOROUGH COUNCIL,23644184,130000.00
Department of Health,NHS Hartlepool&stockton-on-tees CCG,8/31/2018,Clinical&Medical-Othe Public Sector,CHILD AND ADOLESCENT MENTAL HEALTH,STOCKTON-ON-TEES BOROUGH COUNCIL,23707329,156528.00
Department of Health,NHS Hartlepool&stockton-on-tees CCG,8/31/2018,Clinical&Medical-Othe Public Sector,LEARNING DIFFICULTIES,DARLINGTON BOROUGH COUNCIL,23322999,53230.00
Department of Health,NHS Hartlepool&stockton-on-tees CCG,8/31/2018,Clinical&Medical-Othe Public Sector,LEARNING DIFFICULTIES,DARLINGTON BOROUGH COUNCIL,23323002,52949.64
Department of Health,NHS Hartlepool&stockton-on-tees CCG,8/31/2018,Clinical&Medical-Othe Public Sector,COLLABORATIVE COMMISSIONING,HARTLEPOOL BOROUGH COUNCIL,23507541,31519.00
Department of Health,NHS Hartlepool&stockton-on-tees CCG,8/31/2018,Clinical&Medical-Othe Public Sector,COLLABORATIVE COMMISSIONING,STOCKTON-ON-TEES BOROUGH COUNCIL,23587687,53055.00
Department of Health,NHS Hartlepool&stockton-on-tees CCG,8/31/2018,Clinical&Medical-Othe Public Sector,Mental Health Services - S117 Mental Health,HARTLEPOOL BOROUGH COUNCIL,23559858,109672.41
Department of Health,NHS Hartlepool&stockton-on-tees CCG,8/31/2018,Clinical&Medical-Othe Public Sector,Mental Health Services - S117 Mental Health,STOCKTON-ON-TEES BOROUGH COUNCIL,23559873,161638.44
Department of Health,NHS Hartlepool&stockton-on-tees CCG,8/31/2018,Clinical&Medical-Independent Sector,ACUTE COMMISSIONING,BMI HEALTHCARE LTD,23643246,58927.72
Department of Health,NHS Hartlepool&stockton-on-tees CCG,8/31/2018,Clinical&Medical-Independent Sector,ACUTE COMMISSIONING,NUFFIELD HEALTH,23328547,389659.42
Department of Health,NHS Hartlepool&stockton-on-tees CCG,8/31/2018,Clinical&Medical-Independent Sector,ACUTE COMMISSIONING,NUFFIELD HEALTH,23388862,-149619.54
Department of Health,NHS Hartlepool&stockton-on-tees CCG,8/31/2018,Clinical&Medical-Independent Sector,ACUTE COMMISSIONING,NUFFIELD HEALTH,23662737,389659.42
Department of Health,NHS Hartlepool&stockton-on-tees CCG,8/31/2018,Clinical&Medical-Independent Sector,IMPROVING ACCESS TO PSYCHOLOGICAL THERAPIES,ALLIANCE PSYCHOLOGICAL SERVICES LTD,23459812,118488.10
Department of Health,NHS Hartlepool&stockton-on-tees CCG,8/31/2018,Clinical&Medical-Independent Sector,IMPROVING ACCESS TO PSYCHOLOGICAL THERAPIES,STARFISH HEALTH & WELLBEING,23525094,35503.55
Department of Health,NHS Hartlepool&stockton-on-tees CCG,8/31/2018,Clinical&Medical-Independent Sector,MENTAL HEALTH CONTRACTS,ALLIANCE PSYCHOLOGICAL SERVICES LTD,23483456,97706.25
Department of Health,NHS Hartlepool&stockton-on-tees CCG,8/31/2018,Clinical&Medical-Independent Sector,MENTAL HEALTH CONTRACTS,HARTLEPOOL MIND,23534703,39082.50
Department of Health,NHS Hartlepool&stockton-on-tees CCG,8/31/2018,Clinical&Medical-Independent Sector,MENTAL HEALTH CONTRACTS,NHS NORTH DURHAM CCG,23483459,175871.25
Department of Health,NHS Hartlepool&stockton-on-tees CCG,8/31/2018,Hcare Srv Rec NHS Trust,NCAS/OATS,ROYAL LIVERPOOL AND BROADGREEN UNIVERSITY HOSPITALS NHS TRUST,23339975,52227.00
Department of Health,NHS Hartlepool&stockton-on-tees CCG,8/31/2018,Hcare Srv Rec Fdtn Trust-Contract Baseline,ACUTE COMMISSIONING,CITY HOSPITALS SUNDERLAND FOUNDATION NHS TRUST,23389323,293339.00
Department of Health,NHS Hartlepool&stockton-on-tees CCG,8/31/2018,Hcare Srv Rec Fdtn Trust-Contract Baseline,ACUTE COMMISSIONING,COUNTY DURHAM AND DARLINGTON NHS FOUNDATION TRUST,23643243,106662.00
Department of Health,NHS Hartlepool&stockton-on-tees CCG,8/31/2018,Hcare Srv Rec Fdtn Trust-Contract Baseline,ACUTE COMMISSIONING,NEWCASTLE UPON TYNE HOSPITALS NHS FOUNDATION TRUST,23359745,296000.00
Department of Health,NHS Hartlepool&stockton-on-tees CCG,8/31/2018,Hcare Srv Rec Fdtn Trust-Contract Baseline,ACUTE COMMISSIONING,NORTH TEES & HARTLEPOOL NHS FOUNDATION TRUST,23388865,-130669.96
Department of Health,NHS Hartlepool&stockton-on-tees CCG,8/31/2018,Hcare Srv Rec Fdtn Trust-Contract Baseline,ACUTE COMMISSIONING,NORTH TEES & HARTLEPOOL NHS FOUNDATION TRUST,23654013,557510.00
Department of Health,NHS Hartlepool&stockton-on-tees CCG,8/31/2018,Hcare Srv Rec Fdtn Trust-Contract Baseline,ACUTE COMMISSIONING,NORTH TEES & HARTLEPOOL NHS FOUNDATION TRUST,23654016,12871188.00
Department of Health,NHS Hartlepool&stockton-on-tees CCG,8/31/2018,Hcare Srv Rec Fdtn Trust-Contract Baseline,ACUTE COMMISSIONING,SOUTH TEES HOSPITALS NHS FOUNDATION TRUST,23699277,2932250.00
Department of Health,NHS Hartlepool&stockton-on-tees CCG,8/31/2018,Hcare Srv Rec Fdtn Trust-Contract Baseline,AMBULANCE SERVICES,NORTH EAST AMBULANCE SERVICES NHS TRUST,23459552,928002.00
Department of Health,NHS Hartlepool&stockton-on-tees CCG,8/31/2018,Hcare Srv Rec Fdtn Trust-Contract Baseline,COMMUNITY SERVICES,NORTH TEES & HARTLEPOOL NHS FOUNDATION TRUST,23654015,2237576.00
Department of Health,NHS Hartlepool&stockton-on-tees CCG,8/31/2018,Hcare Srv Rec Fdtn Trust-Contract Baseline,COMMUNITY SERVICES,SOUTH TEES HOSPITALS NHS FOUNDATION TRUST,23699276,37315.00
Department of Health,NHS Hartlepool&stockton-on-tees CCG,8/31/2018,Hcare Srv Rec Fdtn Trust-Contract Baseline,MENTAL HEALTH CONTRACTS,NORTHUMBERLAND TYNE AND WEAR NHS FOUNDATION TRUST,23618982,28802.00
Department of Health,NHS Hartlepool&stockton-on-tees CCG,8/31/2018,Hcare Srv Rec Fdtn Trust-Contract Baseline,MENTAL HEALTH CONTRACTS,TEES ESK & WEAR VALLEYS NHS FOUNDATION TRUST,23352131,2853427.65
Department of Health,NHS Hartlepool&stockton-on-tees CCG,8/31/2018,Hcare Srv Rec Fdtn Trust-Contract Baseline,NHS 111,NORTH EAST AMBULANCE SERVICES NHS TRUST,23459553,73651.50
Department of Health,NHS Hartlepool&stockton-on-tees CCG,8/31/2018,Voids and Subsidies,RECHARGES NHS PROPERTY SERVICES LTD,COMMUNITY HEALTH PARTNERSHIPS LTD,23368548,48676.69
Department of Health,NHS Hartlepool&stockton-on-tees CCG,8/31/2018,Voids and Subsidies,RECHARGES NHS PROPERTY SERVICES LTD,COMMUNITY HEALTH PARTNERSHIPS LTD,23368563,48676.69
Department of Health,NHS Hartlepool&stockton-on-tees CCG,8/31/2018,Voids and Subsidies,RECHARGES NHS PROPERTY SERVICES LTD,COMMUNITY HEALTH PARTNERSHIPS LTD,23368575,46175.40
Department of Health,NHS Hartlepool&stockton-on-tees CCG,8/31/2018,Voids and Subsidies,RECHARGES NHS PROPERTY SERVICES LTD,COMMUNITY HEALTH PARTNERSHIPS LTD,23368584,46175.40
Department of Health,NHS Hartlepool&stockton-on-tees CCG,8/31/2018,Voids and Subsidies,RECHARGES NHS PROPERTY SERVICES LTD,COMMUNITY HEALTH PARTNERSHIPS LTD,23368591,46175.40
Department of Health,NHS Hartlepool&stockton-on-tees CCG,8/31/2018,Voids and Subsidies,RECHARGES NHS PROPERTY SERVICES LTD,COMMUNITY HEALTH PARTNERSHIPS LTD,23368608,-69407.19
Department of Health,NHS Hartlepool&stockton-on-tees CCG,8/31/2018,Voids and Subsidies,RECHARGES NHS PROPERTY SERVICES LTD,COMMUNITY HEALTH PARTNERSHIPS LTD,23368621,-133843.86
Department of Health,NHS Hartlepool&stockton-on-tees CCG,8/31/2018,Voids and Subsidies,RECHARGES NHS PROPERTY SERVICES LTD,COMMUNITY HEALTH PARTNERSHIPS LTD,23368662,55433.99
Department of Health,NHS Hartlepool&stockton-on-tees CCG,8/31/2018,Voids and Subsidies,RECHARGES NHS PROPERTY SERVICES LTD,COMMUNITY HEALTH PARTNERSHIPS LTD,23368708,31515.37
Department of Health,NHS Hartlepool&stockton-on-tees CCG,8/31/2018,Voids and Subsidies,RECHARGES NHS PROPERTY SERVICES LTD,COMMUNITY HEALTH PARTNERSHIPS LTD,23368725,31515.37
Department of Health,NHS Hartlepool&stockton-on-tees CCG,8/31/2018,Voids and Subsidies,RECHARGES NHS PROPERTY SERVICES LTD,COMMUNITY HEALTH PARTNERSHIPS LTD,23368737,31515.37
Department of Health,NHS Hartlepool&stockton-on-tees CCG,8/31/2018,Voids and Subsidies,RECHARGES NHS PROPERTY SERVICES LTD,COMMUNITY HEALTH PARTNERSHIPS LTD,23368852,31515.37
Department of Health,NHS Hartlepool&stockton-on-tees CCG,8/31/2018,Voids and Subsidies,RECHARGES NHS PROPERTY SERVICES LTD,COMMUNITY HEALTH PARTNERSHIPS LTD,23368870,-55433.99
Department of Health,NHS Hartlepool&stockton-on-tees CCG,8/31/2018,Charges from CSU,ADMINISTRATION & BUSINESS SUPPORT,NHS NORTH OF ENGLAND CSU,23371821,281675.00
Department of Health,NHS Hartlepool&stockton-on-tees CCG,8/31/2018,Charges from CSU,CONTINUING HEALTHCARE ASSESSMENT & SUPPORT,NHS NORTH OF ENGLAND CSU,23371821,68126.30
Department of Health,NHS Hartlepool&stockton-on-tees CCG,8/31/2018,Charges from CSU,MEDICINES MANAGEMENT - CLINICAL,NHS NORTH OF ENGLAND CSU,23371821,103290.70
Department of Health,NHS Hartlepool&stockton-on-tees CCG,8/31/2018,Clinical&Medical-Voluntary Sector,HOSPICES,BUTTERWICK HOSPICE CARE,23389325,39827.08
Department of Health,NHS Hartlepool&stockton-on-tees CCG,8/31/2018,Clinical&Medical-Voluntary Sector,HOSPICES,HARTLEPOOL & DISTRICT HOSPICE,23508397,34350.58
Department of Health,NHS Hartlepool&stockton-on-tees CCG,8/31/2018,Clinical&Medical-Voluntary Sector,IMPROVING ACCESS TO PSYCHOLOGICAL THERAPIES,HARTLEPOOL MIND,23525095,86306.44
Department of Health,NHS Hartlepool&stockton-on-tees CCG,8/31/2018,Clinical&Medical-Voluntary Sector,IMPROVING ACCESS TO PSYCHOLOGICAL THERAPIES,MIDDLESBROUGH & STOCKON MIND,23539338,32999.29
Department of Health,NHS Hartlepool&stockton-on-tees CCG,8/31/2018,C&M-GMS/PMS,LOCAL ENHANCED SERVICES,ARRIVAL PRACTICE,23396527,9964.08
Department of Health,NHS Hartlepool&stockton-on-tees CCG,8/31/2018,C&M-GMS/PMS,LOCAL ENHANCED SERVICES,PARK LANE SURGERY STOCKTON TEES,23552333,-31858.86
Department of Health,NHS Hartlepool&stockton-on-tees CCG,8/31/2018,C&M-GMS/PMS,LOCAL ENHANCED SERVICES,PARK LANE SURGERY STOCKTON TEES,23552334,59630.69
Department of Health,NHS Hartlepool&stockton-on-tees CCG,8/31/2018,C&M-GMS/PMS,PRC DELEGATED CO-COMMISSIONING,ALMA MEDICAL CENTRE,23421998,112256.56
Department of Health,NHS Hartlepool&stockton-on-tees CCG,8/31/2018,C&M-GMS/PMS,PRC DELEGATED CO-COMMISSIONING,ARRIVAL PRACTICE,23396527,83025.41
Department of Health,NHS Hartlepool&stockton-on-tees CCG,8/31/2018,C&M-GMS/PMS,PRC DELEGATED CO-COMMISSIONING,BANK HOUSE SURGERY HARTLEPOOL,23396529,106278.36
Department of Health,NHS Hartlepool&stockton-on-tees CCG,8/31/2018,C&M-GMS/PMS,PRC DELEGATED CO-COMMISSIONING,DR S RASOOL,23396531,28023.65
Department of Health,NHS Hartlepool&stockton-on-tees CCG,8/31/2018,C&M-GMS/PMS,PRC DELEGATED CO-COMMISSIONING,DRS WILLIAMS & OLIVER,23396533,36924.83
Department of Health,NHS Hartlepool&stockton-on-tees CCG,8/31/2018,C&M-GMS/PMS,PRC DELEGATED CO-COMMISSIONING,EAGLESCLIFFE MEDICAL PRACTICE,23396535,77087.83
Department of Health,NHS Hartlepool&stockton-on-tees CCG,8/31/2018,C&M-GMS/PMS,PRC DELEGATED CO-COMMISSIONING,ELM TREE SURGERY,23422002,48038.64
Department of Health,NHS Hartlepool&stockton-on-tees CCG,8/31/2018,C&M-GMS/PMS,PRC DELEGATED CO-COMMISSIONING,GLADSTONE HOUSE SURGERY HARTLEPOOL,23396537,55657.85
Department of Health,NHS Hartlepool&stockton-on-tees CCG,8/31/2018,C&M-GMS/PMS,PRC DELEGATED CO-COMMISSIONING,HART MEDICAL PRACTICE,23396539,92576.11
Department of Health,NHS Hartlepool&stockton-on-tees CCG,8/31/2018,C&M-GMS/PMS,PRC DELEGATED CO-COMMISSIONING,HAVELOCK GRANGE PRACTICE,23396541,151858.91
Department of Health,NHS Hartlepool&stockton-on-tees CCG,8/31/2018,C&M-GMS/PMS,PRC DELEGATED CO-COMMISSIONING,HEADLAND MEDICAL CENTRE,23396543,62682.03
Department of Health,NHS Hartlepool&stockton-on-tees CCG,8/31/2018,C&M-GMS/PMS,PRC DELEGATED CO-COMMISSIONING,KINGSWAY MEDICAL CENTRE,23396547,78947.63
Department of Health,NHS Hartlepool&stockton-on-tees CCG,8/31/2018,C&M-GMS/PMS,PRC DELEGATED CO-COMMISSIONING,KOH & PARTNER,23396544,-41723.21
Department of Health,NHS Hartlepool&stockton-on-tees CCG,8/31/2018,C&M-GMS/PMS,PRC DELEGATED CO-COMMISSIONING,KOH & PARTNER,23396545,52000.32
Department of Health,NHS Hartlepool&stockton-on-tees CCG,8/31/2018,C&M-GMS/PMS,PRC DELEGATED CO-COMMISSIONING,KOH & PARTNER,23419569,41201.87
Department of Health,NHS Hartlepool&stockton-on-tees CCG,8/31/2018,C&M-GMS/PMS,PRC DELEGATED CO-COMMISSIONING,MARSH HOUSE MEDICAL CENTRE,23396548,102033.34
Department of Health,NHS Hartlepool&stockton-on-tees CCG,8/31/2018,C&M-GMS/PMS,PRC DELEGATED CO-COMMISSIONING,MCKENZIE HOUSE SURGERY,23396549,-69992.83
Department of Health,NHS Hartlepool&stockton-on-tees CCG,8/31/2018,C&M-GMS/PMS,PRC DELEGATED CO-COMMISSIONING,MCKENZIE HOUSE SURGERY,23396550,177773.10
Department of Health,NHS Hartlepool&stockton-on-tees CCG,8/31/2018,C&M-GMS/PMS,PRC DELEGATED CO-COMMISSIONING,MCKENZIE HOUSE SURGERY,23396582,74003.47
Department of Health,NHS Hartlepool&stockton-on-tees CCG,8/31/2018,C&M-GMS/PMS,PRC DELEGATED CO-COMMISSIONING,MCKENZIE HOUSE SURGERY,23419568,48367.42
Department of Health,NHS Hartlepool&stockton-on-tees CCG,8/31/2018,C&M-GMS/PMS,PRC DELEGATED CO-COMMISSIONING,NORTON MEDICAL CENTRE,23396554,151847.23
Department of Health,NHS Hartlepool&stockton-on-tees CCG,8/31/2018,C&M-GMS/PMS,PRC DELEGATED CO-COMMISSIONING,PARK LANE SURGERY STOCKTON TEES,23396556,39843.16
Department of Health,NHS Hartlepool&stockton-on-tees CCG,8/31/2018,C&M-GMS/PMS,PRC DELEGATED CO-COMMISSIONING,PARK LANE SURGERY STOCKTON TEES,23552333,-2367.20
Department of Health,NHS Hartlepool&stockton-on-tees CCG,8/31/2018,C&M-GMS/PMS,PRC DELEGATED CO-COMMISSIONING,PARK LANE SURGERY STOCKTON TEES,23552334,14380.94
Department of Health,NHS Hartlepool&stockton-on-tees CCG,8/31/2018,C&M-GMS/PMS,PRC DELEGATED CO-COMMISSIONING,QUEENS PARK MEDICAL CENTRE,23421999,186916.72
Department of Health,NHS Hartlepool&stockton-on-tees CCG,8/31/2018,C&M-GMS/PMS,PRC DELEGATED CO-COMMISSIONING,QUEENSTREE PRACTICE,23396559,51593.00
Department of Health,NHS Hartlepool&stockton-on-tees CCG,8/31/2018,C&M-GMS/PMS,PRC DELEGATED CO-COMMISSIONING,RIVERSIDE MEDICAL CENTRE STOCKTON TEES,23396563,42862.11
Department of Health,NHS Hartlepool&stockton-on-tees CCG,8/31/2018,C&M-GMS/PMS,PRC DELEGATED CO-COMMISSIONING,RIVERSIDE MEDICAL CENTRE STOCKTON TEES,23396581,30851.74
Department of Health,NHS Hartlepool&stockton-on-tees CCG,8/31/2018,C&M-GMS/PMS,PRC DELEGATED CO-COMMISSIONING,ROSEBERRY PRACTICE,23396561,71143.63
Department of Health,NHS Hartlepool&stockton-on-tees CCG,8/31/2018,C&M-GMS/PMS,PRC DELEGATED CO-COMMISSIONING,SEATON SURGERY,23396565,32337.24
Department of Health,NHS Hartlepool&stockton-on-tees CCG,8/31/2018,C&M-GMS/PMS,PRC DELEGATED CO-COMMISSIONING,T THE DOVECOT SURGERY,23396568,35081.63
Department of Health,NHS Hartlepool&stockton-on-tees CCG,8/31/2018,C&M-GMS/PMS,PRC DELEGATED CO-COMMISSIONING,TENNANT STREET MEDICAL PRACTICE,23396570,142077.50
Department of Health,NHS Hartlepool&stockton-on-tees CCG,8/31/2018,C&M-GMS/PMS,PRC DELEGATED CO-COMMISSIONING,THORNABY & BARWICK MEDICAL GROUP,23396567,180835.24
Department of Health,NHS Hartlepool&stockton-on-tees CCG,8/31/2018,C&M-GMS/PMS,PRC DELEGATED CO-COMMISSIONING,WEST VIEW MILLENNIUM SURGERY,23422000,76281.85
Department of Health,NHS Hartlepool&stockton-on-tees CCG,8/31/2018,C&M-GMS/PMS,PRC DELEGATED CO-COMMISSIONING,WOODBRIDGE PRACTICE,23396573,140528.64
Department of Health,NHS Hartlepool&stockton-on-tees CCG,8/31/2018,C&M-GMS/PMS,PRC DELEGATED CO-COMMISSIONING,WOODLANDS FAMILY MEDICAL CENTRE,23396575,121151.74
Department of Health,NHS Hartlepool&stockton-on-tees CCG,8/31/2018,C&M-GMS/PMS,PRC DELEGATED CO-COMMISSIONING,YARM MEDICAL CENTRE,23396576,124252.12
Department of Health,NHS Hartlepool&stockton-on-tees CCG,8/31/2018,C&M-GMS/PMS,PRC DELEGATED CO-COMMISSIONING,YORK ROAD SURGERY HARTLEPOOL,23396578,151556.55
Department of Health,NHS Hartlepool&stockton-on-tees CCG,8/31/2018,Income tax <1Yr,BALANCE SHEET,HMRC,23452989,27897.20
Department of Health,NHS Hartlepool&stockton-on-tees CCG,8/31/2018,Income tax <1Yr-Student Loans,BALANCE SHEET,HMRC,23452989,331.00
Department of Health,NHS Hartlepool&stockton-on-tees CCG,8/31/2018,National Insurance < 1 yr-NI- ERS,BALANCE SHEET,HMRC,23452989,16720.96
Department of Health,NHS Hartlepool&stockton-on-tees CCG,8/31/2018,National Insurance < 1 yr-NI-EES,BALANCE SHEET,HMRC,23452989,11959.53
Department of Health,NHS Hartlepool&stockton-on-tees CCG,8/31/2018,Statutory Mat Pay < 1 yr,BALANCE SHEET,HMRC,23452989,133.56
Department of Health,NHS Hartlepool&stockton-on-tees CCG,8/31/2018,Clinical&Medical-Commercial Sector,COMMUNITY SERVICES,SPECSAVERS HEARCARE LTD,23487750,59740.00
Department of Health,NHS Hartlepool&stockton-on-tees CCG,8/31/2018,Clinical&Medical-Commercial Sector,COMMUNITY SERVICES,SPECSAVERS HEARCARE LTD,23525092,57512.00
Department of Health,NHS Hartlepool&stockton-on-tees CCG,8/31/2018,Cont Care-Learning Disab(<65),CHC ADULT FULLY FUNDED,HESLEY GROUP,23559016,34223.78
Department of Health,NHS Hartlepool&stockton-on-tees CCG,8/31/2018,Cont Care-Learning Disab(<65),CHC ADULT FULLY FUNDED,HESLEY GROUP,23559019,34223.78
Department of Health,NHS Hartlepool&stockton-on-tees CCG,8/31/2018,Cont Care- Adult 100% Fully Funded,CHC ADULT FULLY FUNDED,HARTLEPOOL BOROUGH COUNCIL,23559851,29851.65
Department of Health,NHS Hartlepool&stockton-on-tees CCG,8/31/2018,Cont Care- Adult 100% Fully Funded,CHC ADULT FULLY FUNDED,STOCKTON-ON-TEES BOROUGH COUNCIL,23559864,34291.83
Department of Health,NHS Hartlepool&stockton-on-tees CCG,8/31/2018,Cont Care- Adult Joint Funded,CHC ADULT JOINT FUNDED,HARTLEPOOL BOROUGH COUNCIL,23559856,292408.75
Department of Health,NHS Hartlepool&stockton-on-tees CCG,8/31/2018,Cont Care- Adult Joint Funded,CHC ADULT JOINT FUNDED,STOCKTON-ON-TEES BOROUGH COUNCIL,23559870,358714.50
Department of Health,NHS Hartlepool&stockton-on-tees CCG,8/31/2018,Cont Care-Funded Nursing Care Allow,FUNDED NURSING CARE,STOCKTON-ON-TEES BOROUGH COUNCIL,23559874,90406.31
Department of Health,NHS Hartlepool&stockton-on-tees CCG,8/31/2018,Clinical&Medical-Clinical Other,LOCAL ENHANCED SERVICES,HARTLEPOOL & STOCKTON HEALTH LTD,23566705,53333.33
Department of Health,NHS Hartlepool&stockton-on-tees CCG,8/31/2018,Clinical&Medical-Clinical Other,LOCAL ENHANCED SERVICES,HARTLEPOOL & STOCKTON HEALTH LTD,23566707,91235.25
