00K NHS Hartlepool and Stockton CCG Invoices over �25k,,,,,,,
Department family,Entity,Date,Expense Type,Expense area,Supplier,Transaction number,AP Amount �
Department of Health,NHS Hartlepool&stockton-on-tees CCG,10/31/2018,Clinical&Medical-Independent Sector,ACUTE COMMISSIONING,BMI HEALTHCARE LTD,24109340,58927.72
Department of Health,NHS Hartlepool&stockton-on-tees CCG,10/31/2018,Clinical&Medical-Independent Sector,ACUTE COMMISSIONING,BMI HEALTHCARE LTD,24485113,58927.72
Department of Health,NHS Hartlepool&stockton-on-tees CCG,10/31/2018,Clinical&Medical-Independent Sector,ACUTE COMMISSIONING,NUFFIELD HEALTH,24268885,-47729.62
Department of Health,NHS Hartlepool&stockton-on-tees CCG,10/31/2018,Clinical&Medical-Independent Sector,ACUTE COMMISSIONING,NUFFIELD HEALTH,24268887,-67566.87
Department of Health,NHS Hartlepool&stockton-on-tees CCG,10/31/2018,Clinical&Medical-Independent Sector,ACUTE COMMISSIONING,NUFFIELD HEALTH,24538584,389659.42
Department of Health,NHS Hartlepool&stockton-on-tees CCG,10/31/2018,Clinical&Medical-Independent Sector,ACUTE COMMISSIONING,TEES VALLEY HOSPITAL,22146337,32198.00
Department of Health,NHS Hartlepool&stockton-on-tees CCG,10/31/2018,Clinical&Medical-Independent Sector,ACUTE COMMISSIONING,TEES VALLEY HOSPITAL,22693098,49794.00
Department of Health,NHS Hartlepool&stockton-on-tees CCG,10/31/2018,Clinical&Medical-Independent Sector,ACUTE COMMISSIONING,TEES VALLEY HOSPITAL,24110188,102493.00
Department of Health,NHS Hartlepool&stockton-on-tees CCG,10/31/2018,Clinical&Medical-Independent Sector,ACUTE COMMISSIONING,TEES VALLEY HOSPITAL,24469325,102493.00
Department of Health,NHS Hartlepool&stockton-on-tees CCG,10/31/2018,Clinical&Medical-Independent Sector,IMPROVING ACCESS TO PSYCHOLOGICAL THERAPIES,ALLIANCE PSYCHOLOGICAL SERVICES LTD,24271014,110137.49
Department of Health,NHS Hartlepool&stockton-on-tees CCG,10/31/2018,Clinical&Medical-Independent Sector,IMPROVING ACCESS TO PSYCHOLOGICAL THERAPIES,INSIGHT HEALTHCARE LTD,24354032,58623.75
Department of Health,NHS Hartlepool&stockton-on-tees CCG,10/31/2018,Clinical&Medical-Independent Sector,IMPROVING ACCESS TO PSYCHOLOGICAL THERAPIES,STARFISH HEALTH & WELLBEING,24254811,25276.01
Department of Health,NHS Hartlepool&stockton-on-tees CCG,10/31/2018,Hcare Srv Rec Fdtn Trust-Contract Baseline,ACUTE COMMISSIONING,CITY HOSPITALS SUNDERLAND FOUNDATION NHS TRUST,24309508,293339.00
Department of Health,NHS Hartlepool&stockton-on-tees CCG,10/31/2018,Hcare Srv Rec Fdtn Trust-Contract Baseline,ACUTE COMMISSIONING,CITY HOSPITALS SUNDERLAND FOUNDATION NHS TRUST,24382495,30147.00
Department of Health,NHS Hartlepool&stockton-on-tees CCG,10/31/2018,Hcare Srv Rec Fdtn Trust-Contract Baseline,ACUTE COMMISSIONING,COUNTY DURHAM AND DARLINGTON NHS FOUNDATION TRUST,24063501,106662.00
Department of Health,NHS Hartlepool&stockton-on-tees CCG,10/31/2018,Hcare Srv Rec Fdtn Trust-Contract Baseline,ACUTE COMMISSIONING,COUNTY DURHAM AND DARLINGTON NHS FOUNDATION TRUST,24469152,106662.00
Department of Health,NHS Hartlepool&stockton-on-tees CCG,10/31/2018,Hcare Srv Rec Fdtn Trust-Contract Baseline,ACUTE COMMISSIONING,NEWCASTLE UPON TYNE HOSPITALS NHS FOUNDATION TRUST,24203970,296000.00
Department of Health,NHS Hartlepool&stockton-on-tees CCG,10/31/2018,Hcare Srv Rec Fdtn Trust-Contract Baseline,ACUTE COMMISSIONING,NORTH TEES & HARTLEPOOL NHS FOUNDATION TRUST,24444825,25126.00
Department of Health,NHS Hartlepool&stockton-on-tees CCG,10/31/2018,Hcare Srv Rec Fdtn Trust-Contract Baseline,ACUTE COMMISSIONING,NORTH TEES & HARTLEPOOL NHS FOUNDATION TRUST,24444833,12871188.00
Department of Health,NHS Hartlepool&stockton-on-tees CCG,10/31/2018,Hcare Srv Rec Fdtn Trust-Contract Baseline,ACUTE COMMISSIONING,NORTH TEES & HARTLEPOOL NHS FOUNDATION TRUST,24444834,557510.00
Department of Health,NHS Hartlepool&stockton-on-tees CCG,10/31/2018,Hcare Srv Rec Fdtn Trust-Contract Baseline,ACUTE COMMISSIONING,NORTH TEES & HARTLEPOOL NHS FOUNDATION TRUST,24508737,417000.00
Department of Health,NHS Hartlepool&stockton-on-tees CCG,10/31/2018,Hcare Srv Rec Fdtn Trust-Contract Baseline,ACUTE COMMISSIONING,NORTH TEES & HARTLEPOOL NHS FOUNDATION TRUST,24508749,-45784.44
Department of Health,NHS Hartlepool&stockton-on-tees CCG,10/31/2018,Hcare Srv Rec Fdtn Trust-Contract Baseline,ACUTE COMMISSIONING,SOUTH TEES HOSPITALS NHS FOUNDATION TRUST,24124468,2932250.00
Department of Health,NHS Hartlepool&stockton-on-tees CCG,10/31/2018,Hcare Srv Rec Fdtn Trust-Contract Baseline,ACUTE COMMISSIONING,SOUTH TEES HOSPITALS NHS FOUNDATION TRUST,24526589,2932250.00
Department of Health,NHS Hartlepool&stockton-on-tees CCG,10/31/2018,Hcare Srv Rec Fdtn Trust-Contract Baseline,AMBULANCE SERVICES,NORTH EAST AMBULANCE SERVICES NHS TRUST,24268896,928002.00
Department of Health,NHS Hartlepool&stockton-on-tees CCG,10/31/2018,Hcare Srv Rec Fdtn Trust-Contract Baseline,COMMUNITY SERVICES,NORTH TEES & HARTLEPOOL NHS FOUNDATION TRUST,24444835,2237576.00
Department of Health,NHS Hartlepool&stockton-on-tees CCG,10/31/2018,Hcare Srv Rec Fdtn Trust-Contract Baseline,COMMUNITY SERVICES,NORTH TEES & HARTLEPOOL NHS FOUNDATION TRUST,24508740,63502.00
Department of Health,NHS Hartlepool&stockton-on-tees CCG,10/31/2018,Hcare Srv Rec Fdtn Trust-Contract Baseline,COMMUNITY SERVICES,SOUTH TEES HOSPITALS NHS FOUNDATION TRUST,24124469,37315.00
Department of Health,NHS Hartlepool&stockton-on-tees CCG,10/31/2018,Hcare Srv Rec Fdtn Trust-Contract Baseline,COMMUNITY SERVICES,SOUTH TEES HOSPITALS NHS FOUNDATION TRUST,24526587,37315.00
Department of Health,NHS Hartlepool&stockton-on-tees CCG,10/31/2018,Hcare Srv Rec Fdtn Trust-Contract Baseline,MENTAL HEALTH CONTRACTS,TEES ESK & WEAR VALLEYS NHS FOUNDATION TRUST,24109341,2853427.65
Department of Health,NHS Hartlepool&stockton-on-tees CCG,10/31/2018,Hcare Srv Rec Fdtn Trust-Contract Baseline,NHS 111,NORTH EAST AMBULANCE SERVICES NHS TRUST,24268894,73651.50
Department of Health,NHS Hartlepool&stockton-on-tees CCG,10/31/2018,Clinical&Medical-Commercial Sector,COMMUNITY SERVICES,SPECSAVERS HEARCARE LTD,24082116,41369.00
Department of Health,NHS Hartlepool&stockton-on-tees CCG,10/31/2018,Cont Care-Learning Disab(<65),CHC ADULT FULLY FUNDED,HESLEY GROUP,24408555,34223.78
Department of Health,NHS Hartlepool&stockton-on-tees CCG,10/31/2018,Cont Care-Learning Disab(<65),CHC ADULT FULLY FUNDED,HESLEY GROUP,24408633,34223.78
Department of Health,NHS Hartlepool&stockton-on-tees CCG,10/31/2018,Cont Care-Learning Disab(<65),CHC ADULT FULLY FUNDED,MYLIFE SUPPORTED LIVING LTD,24107979,-96212.96
Department of Health,NHS Hartlepool&stockton-on-tees CCG,10/31/2018,Cont Care-Learning Disab(<65),CHC ADULT FULLY FUNDED,REAL LIFE OPTIONS,24408375,47691.43
Department of Health,NHS Hartlepool&stockton-on-tees CCG,10/31/2018,Cont Care-Learning Disab(<65),CHC ADULT FULLY FUNDED,VOYAGE SPECIALIST HEALTH CARE LTD,24107969,27336.54
Department of Health,NHS Hartlepool&stockton-on-tees CCG,10/31/2018,Cont Care-Learning Disab(<65),CHC ADULT FULLY FUNDED,VOYAGE SPECIALIST HEALTH CARE LTD,24110983,36600.00
Department of Health,NHS Hartlepool&stockton-on-tees CCG,10/31/2018,Clinical&Medical-Voluntary Sector,COMMUNITY SERVICES,CATALYST STOCKTON ON TEES LTD,24440508,225392.40
Department of Health,NHS Hartlepool&stockton-on-tees CCG,10/31/2018,Clinical&Medical-Voluntary Sector,HOSPICES,BUTTERWICK HOSPICE CARE,24124467,39827.08
Department of Health,NHS Hartlepool&stockton-on-tees CCG,10/31/2018,Clinical&Medical-Voluntary Sector,IMPROVING ACCESS TO PSYCHOLOGICAL THERAPIES,HARTLEPOOL MIND,24360427,75731.09
Department of Health,NHS Hartlepool&stockton-on-tees CCG,10/31/2018,Clinical&Medical-Voluntary Sector,IMPROVING ACCESS TO PSYCHOLOGICAL THERAPIES,MIDDLESBROUGH & STOCKON MIND,24360423,25771.01
Department of Health,NHS Hartlepool&stockton-on-tees CCG,10/31/2018,Clinical&Medical-Voluntary Sector,LONG TERM CONDITIONS,TEESSIDE HOSPICE CARE FOUNDATION,24173915,65881.77
Department of Health,NHS Hartlepool&stockton-on-tees CCG,10/31/2018,Clinical&Medical-Voluntary Sector,MENTAL HEALTH SERVICES - OTHER,HARTLEPOOL CARERS,24255682,26477.00
Department of Health,NHS Hartlepool&stockton-on-tees CCG,10/31/2018,C&M-GMS/PMS,LOCAL ENHANCED SERVICES,ARRIVAL PRACTICE,24236142,9964.08
Department of Health,NHS Hartlepool&stockton-on-tees CCG,10/31/2018,C&M-GMS/PMS,LOCAL ENHANCED SERVICES,PARK LANE SURGERY STOCKTON TEES,24350005,-33117.92
Department of Health,NHS Hartlepool&stockton-on-tees CCG,10/31/2018,C&M-GMS/PMS,LOCAL ENHANCED SERVICES,PARK LANE SURGERY STOCKTON TEES,24350006,63890.05
Department of Health,NHS Hartlepool&stockton-on-tees CCG,10/31/2018,C&M-GMS/PMS,PRC DELEGATED CO-COMMISSIONING,ALMA MEDICAL CENTRE,24214109,116283.66
Department of Health,NHS Hartlepool&stockton-on-tees CCG,10/31/2018,C&M-GMS/PMS,PRC DELEGATED CO-COMMISSIONING,ARRIVAL PRACTICE,24236142,32165.87
Department of Health,NHS Hartlepool&stockton-on-tees CCG,10/31/2018,C&M-GMS/PMS,PRC DELEGATED CO-COMMISSIONING,BANK HOUSE SURGERY HARTLEPOOL,24214111,-25111.37
Department of Health,NHS Hartlepool&stockton-on-tees CCG,10/31/2018,C&M-GMS/PMS,PRC DELEGATED CO-COMMISSIONING,BANK HOUSE SURGERY HARTLEPOOL,24214112,92871.35
Department of Health,NHS Hartlepool&stockton-on-tees CCG,10/31/2018,C&M-GMS/PMS,PRC DELEGATED CO-COMMISSIONING,COMMUNITY HEALTH PARTNERSHIPS LTD,24354018,6787.03
Department of Health,NHS Hartlepool&stockton-on-tees CCG,10/31/2018,C&M-GMS/PMS,PRC DELEGATED CO-COMMISSIONING,DR S RASOOL,24214114,30819.09
Department of Health,NHS Hartlepool&stockton-on-tees CCG,10/31/2018,C&M-GMS/PMS,PRC DELEGATED CO-COMMISSIONING,DRS WILLIAMS & OLIVER,24214116,39519.03
Department of Health,NHS Hartlepool&stockton-on-tees CCG,10/31/2018,C&M-GMS/PMS,PRC DELEGATED CO-COMMISSIONING,EAGLESCLIFFE MEDICAL PRACTICE,24214118,83848.29
Department of Health,NHS Hartlepool&stockton-on-tees CCG,10/31/2018,C&M-GMS/PMS,PRC DELEGATED CO-COMMISSIONING,ELM TREE SURGERY,24214164,44896.28
Department of Health,NHS Hartlepool&stockton-on-tees CCG,10/31/2018,C&M-GMS/PMS,PRC DELEGATED CO-COMMISSIONING,GLADSTONE HOUSE SURGERY HARTLEPOOL,24236143,64049.27
Department of Health,NHS Hartlepool&stockton-on-tees CCG,10/31/2018,C&M-GMS/PMS,PRC DELEGATED CO-COMMISSIONING,HART MEDICAL PRACTICE,24214121,99188.30
Department of Health,NHS Hartlepool&stockton-on-tees CCG,10/31/2018,C&M-GMS/PMS,PRC DELEGATED CO-COMMISSIONING,HAVELOCK GRANGE PRACTICE,24214123,155710.90
Department of Health,NHS Hartlepool&stockton-on-tees CCG,10/31/2018,C&M-GMS/PMS,PRC DELEGATED CO-COMMISSIONING,HEADLAND MEDICAL CENTRE,24214125,66293.91
Department of Health,NHS Hartlepool&stockton-on-tees CCG,10/31/2018,C&M-GMS/PMS,PRC DELEGATED CO-COMMISSIONING,KINGSWAY MEDICAL CENTRE,24214129,89133.72
Department of Health,NHS Hartlepool&stockton-on-tees CCG,10/31/2018,C&M-GMS/PMS,PRC DELEGATED CO-COMMISSIONING,KOH & PARTNER,24214127,54740.68
Department of Health,NHS Hartlepool&stockton-on-tees CCG,10/31/2018,C&M-GMS/PMS,PRC DELEGATED CO-COMMISSIONING,MARSH HOUSE MEDICAL CENTRE,24214131,85814.10
Department of Health,NHS Hartlepool&stockton-on-tees CCG,10/31/2018,C&M-GMS/PMS,PRC DELEGATED CO-COMMISSIONING,MCKENZIE HOUSE SURGERY,24214133,199026.95
Department of Health,NHS Hartlepool&stockton-on-tees CCG,10/31/2018,C&M-GMS/PMS,PRC DELEGATED CO-COMMISSIONING,MCKENZIE HOUSE SURGERY,24214168,72127.87
Department of Health,NHS Hartlepool&stockton-on-tees CCG,10/31/2018,C&M-GMS/PMS,PRC DELEGATED CO-COMMISSIONING,NHS ENGLAND,24464652,320198.61
Department of Health,NHS Hartlepool&stockton-on-tees CCG,10/31/2018,C&M-GMS/PMS,PRC DELEGATED CO-COMMISSIONING,NORTON MEDICAL CENTRE,24214136,162510.22
Department of Health,NHS Hartlepool&stockton-on-tees CCG,10/31/2018,C&M-GMS/PMS,PRC DELEGATED CO-COMMISSIONING,NORTON MEDICAL CENTRE,24236144,-82262.36
Department of Health,NHS Hartlepool&stockton-on-tees CCG,10/31/2018,C&M-GMS/PMS,PRC DELEGATED CO-COMMISSIONING,PARK LANE SURGERY STOCKTON TEES,24214138,51082.52
Department of Health,NHS Hartlepool&stockton-on-tees CCG,10/31/2018,C&M-GMS/PMS,PRC DELEGATED CO-COMMISSIONING,PARK LANE SURGERY STOCKTON TEES,24350005,-2789.60
Department of Health,NHS Hartlepool&stockton-on-tees CCG,10/31/2018,C&M-GMS/PMS,PRC DELEGATED CO-COMMISSIONING,PARK LANE SURGERY STOCKTON TEES,24350006,12226.07
Department of Health,NHS Hartlepool&stockton-on-tees CCG,10/31/2018,C&M-GMS/PMS,PRC DELEGATED CO-COMMISSIONING,QUEENS PARK MEDICAL CENTRE,24214140,188675.09
Department of Health,NHS Hartlepool&stockton-on-tees CCG,10/31/2018,C&M-GMS/PMS,PRC DELEGATED CO-COMMISSIONING,QUEENSTREE PRACTICE,24214142,38505.15
Department of Health,NHS Hartlepool&stockton-on-tees CCG,10/31/2018,C&M-GMS/PMS,PRC DELEGATED CO-COMMISSIONING,RIVERSIDE MEDICAL CENTRE STOCKTON TEES,24214146,45520.16
Department of Health,NHS Hartlepool&stockton-on-tees CCG,10/31/2018,C&M-GMS/PMS,PRC DELEGATED CO-COMMISSIONING,ROSEBERRY PRACTICE,24214144,75456.00
Department of Health,NHS Hartlepool&stockton-on-tees CCG,10/31/2018,C&M-GMS/PMS,PRC DELEGATED CO-COMMISSIONING,SEATON SURGERY,24214148,34611.31
Department of Health,NHS Hartlepool&stockton-on-tees CCG,10/31/2018,C&M-GMS/PMS,PRC DELEGATED CO-COMMISSIONING,T THE DOVECOT SURGERY,24214152,37994.01
Department of Health,NHS Hartlepool&stockton-on-tees CCG,10/31/2018,C&M-GMS/PMS,PRC DELEGATED CO-COMMISSIONING,TENNANT STREET MEDICAL PRACTICE,24214154,151836.43
Department of Health,NHS Hartlepool&stockton-on-tees CCG,10/31/2018,C&M-GMS/PMS,PRC DELEGATED CO-COMMISSIONING,THORNABY & BARWICK MEDICAL GROUP,24214150,197134.27
Department of Health,NHS Hartlepool&stockton-on-tees CCG,10/31/2018,C&M-GMS/PMS,PRC DELEGATED CO-COMMISSIONING,WEST VIEW MILLENNIUM SURGERY,24214155,75128.19
Department of Health,NHS Hartlepool&stockton-on-tees CCG,10/31/2018,C&M-GMS/PMS,PRC DELEGATED CO-COMMISSIONING,WOODBRIDGE PRACTICE,24214157,150098.93
Department of Health,NHS Hartlepool&stockton-on-tees CCG,10/31/2018,C&M-GMS/PMS,PRC DELEGATED CO-COMMISSIONING,WOODLANDS FAMILY MEDICAL CENTRE,24214159,128909.74
Department of Health,NHS Hartlepool&stockton-on-tees CCG,10/31/2018,C&M-GMS/PMS,PRC DELEGATED CO-COMMISSIONING,YARM MEDICAL CENTRE,24214161,134640.77
Department of Health,NHS Hartlepool&stockton-on-tees CCG,10/31/2018,C&M-GMS/PMS,PRC DELEGATED CO-COMMISSIONING,YORK ROAD SURGERY HARTLEPOOL,24214163,137712.84
Department of Health,NHS Hartlepool&stockton-on-tees CCG,10/31/2018,Healthcare Srv Rec CCG,MENTAL HEALTH SERVICES - SPECIALIST SERVICES,NHS SOUTH TEES CCG,24250084,3000000.00
Department of Health,NHS Hartlepool&stockton-on-tees CCG,10/31/2018,Charges from CSU,ADMINISTRATION & BUSINESS SUPPORT,NHS NORTH OF ENGLAND CSU,24263627,35784.00
Department of Health,NHS Hartlepool&stockton-on-tees CCG,10/31/2018,Charges from CSU,ADMINISTRATION & BUSINESS SUPPORT,NHS NORTH OF ENGLAND CSU,24268890,286832.00
Department of Health,NHS Hartlepool&stockton-on-tees CCG,10/31/2018,Charges from CSU,ADMINISTRATION & BUSINESS SUPPORT,NHS NORTH OF ENGLAND CSU,24353987,-44455.00
Department of Health,NHS Hartlepool&stockton-on-tees CCG,10/31/2018,Charges from CSU,CONTINUING HEALTHCARE ASSESSMENT & SUPPORT,NHS NORTH OF ENGLAND CSU,24268890,43542.00
Department of Health,NHS Hartlepool&stockton-on-tees CCG,10/31/2018,Charges from CSU,MEDICINES MANAGEMENT - CLINICAL,NHS NORTH OF ENGLAND CSU,24268890,38673.00
Department of Health,NHS Hartlepool&stockton-on-tees CCG,10/31/2018,Charges from CSU,NON RECURRENT PROGRAMMES,NHS NORTH OF ENGLAND CSU,24268890,7892.00
Department of Health,NHS Hartlepool&stockton-on-tees CCG,10/31/2018,Charges from CSU,PATIENT TRANSPORT,NHS NORTH OF ENGLAND CSU,24268890,11397.00
Department of Health,NHS Hartlepool&stockton-on-tees CCG,10/31/2018,Charges from CSU,PRIMARY CARE IT,NHS NORTH OF ENGLAND CSU,24268890,63524.00
Department of Health,NHS Hartlepool&stockton-on-tees CCG,10/31/2018,Income tax <1Yr,BALANCE SHEET,HMRC,24273989,27391.80
Department of Health,NHS Hartlepool&stockton-on-tees CCG,10/31/2018,Income tax <1Yr-Student Loans,BALANCE SHEET,HMRC,24273989,179.00
Department of Health,NHS Hartlepool&stockton-on-tees CCG,10/31/2018,National Insurance < 1 yr-NI- ERS,BALANCE SHEET,HMRC,24273989,16767.15
Department of Health,NHS Hartlepool&stockton-on-tees CCG,10/31/2018,National Insurance < 1 yr-NI-EES,BALANCE SHEET,HMRC,24273989,11854.97
Department of Health,NHS Hartlepool&stockton-on-tees CCG,10/31/2018,Hcare Srv Rec Fdtn Trust-Non Contract,NCAS/OATS,YORK TEACHING HOSPITAL NHS FOUNDATION TRUST,24302025,31135.00
Department of Health,NHS Hartlepool&stockton-on-tees CCG,10/31/2018,Voids and Subsidies,RECHARGES NHS PROPERTY SERVICES LTD,COMMUNITY HEALTH PARTNERSHIPS LTD,24354018,24728.34
Department of Health,NHS Hartlepool&stockton-on-tees CCG,10/31/2018,Clinical&Medical-Clinical Other,LOCAL ENHANCED SERVICES,HARTLEPOOL & STOCKTON HEALTH LTD,24358391,91235.25
Department of Health,NHS Hartlepool&stockton-on-tees CCG,10/31/2018,Clinical&Medical-Clinical Other,LOCAL ENHANCED SERVICES,HARTLEPOOL & STOCKTON HEALTH LTD,24358392,53333.33
Department of Health,NHS Hartlepool&stockton-on-tees CCG,10/31/2018,Cont Care-Physical Disab (<65),CHC ADULT FULLY FUNDED,ELYSIUM HEALTHCARE LTD,24408606,34857.15
Department of Health,NHS Hartlepool&stockton-on-tees CCG,10/31/2018,Cont Care-Physical Disab (<65),CHC ADULT FULLY FUNDED,VOYAGE SPECIALIST HEALTH CARE LTD,24408431,25378.18
Department of Health,NHS Hartlepool&stockton-on-tees CCG,10/31/2018,Cont Care-Mental Health (65+),CHC ADULT FULLY FUNDED,VOYAGE SPECIALIST HEALTH CARE LTD,24408638,46098.57
Department of Health,NHS Hartlepool&stockton-on-tees CCG,10/31/2018,Cont Care- Adult 100% Fully Funded,CHC ADULT FULLY FUNDED,HARTLEPOOL BOROUGH COUNCIL,24408706,29851.65
Department of Health,NHS Hartlepool&stockton-on-tees CCG,10/31/2018,Cont Care- Adult 100% Fully Funded,CHC ADULT FULLY FUNDED,STOCKTON-ON-TEES BOROUGH COUNCIL,24408712,34291.83
Department of Health,NHS Hartlepool&stockton-on-tees CCG,10/31/2018,Cont Care- Adult Joint Funded,CHC ADULT JOINT FUNDED,HARTLEPOOL BOROUGH COUNCIL,24408708,292408.75
Department of Health,NHS Hartlepool&stockton-on-tees CCG,10/31/2018,Cont Care- Adult Joint Funded,CHC ADULT JOINT FUNDED,STOCKTON-ON-TEES BOROUGH COUNCIL,24408715,358714.50
Department of Health,NHS Hartlepool&stockton-on-tees CCG,10/31/2018,Clinical&Medical-Othe Public Sector,Mental Health Services - S117 Mental Health,HARTLEPOOL BOROUGH COUNCIL,24408709,109672.41
Department of Health,NHS Hartlepool&stockton-on-tees CCG,10/31/2018,Clinical&Medical-Othe Public Sector,Mental Health Services - S117 Mental Health,STOCKTON-ON-TEES BOROUGH COUNCIL,24408716,161638.44
Department of Health,NHS Hartlepool&stockton-on-tees CCG,10/31/2018,Cont Care-Funded Nursing Care Allow,FUNDED NURSING CARE,STOCKTON-ON-TEES BOROUGH COUNCIL,24408717,90406.31
Department of Health,NHS Hartlepool&stockton-on-tees CCG,10/31/2018,Cont Care- Prior Year Payments,CHC ADULT FULLY FUNDED,HC ONE LTD,24408739,31339.38
