00K - NHS Hartlepool and Stockton CCG Invoices over �25k - February 2019,,,,,,,
Department family,Entity,Date,Expense Type,Expense area,Supplier,Transaction number,AP Amount �
Department of Health,NHS Hartlepool&stockton-on-tees CCG,2/28/2019,Hcare Srv Rec Fdtn Trust-Contract Baseline,ACUTE COMMISSIONING,CITY HOSPITALS SUNDERLAND FOUNDATION NHS TRUST,26175761,293339.00
Department of Health,NHS Hartlepool&stockton-on-tees CCG,2/28/2019,Hcare Srv Rec Fdtn Trust-Contract Baseline,ACUTE COMMISSIONING,COUNTY DURHAM AND DARLINGTON NHS FOUNDATION TRUST,26175762,106662.00
Department of Health,NHS Hartlepool&stockton-on-tees CCG,2/28/2019,Hcare Srv Rec Fdtn Trust-Contract Baseline,ACUTE COMMISSIONING,NEWCASTLE UPON TYNE HOSPITALS NHS FOUNDATION TRUST,25911523,295650.59
Department of Health,NHS Hartlepool&stockton-on-tees CCG,2/28/2019,Hcare Srv Rec Fdtn Trust-Contract Baseline,ACUTE COMMISSIONING,NORTH TEES & HARTLEPOOL NHS FOUNDATION TRUST,25949406,530987.00
Department of Health,NHS Hartlepool&stockton-on-tees CCG,2/28/2019,Hcare Srv Rec Fdtn Trust-Contract Baseline,ACUTE COMMISSIONING,NORTH TEES & HARTLEPOOL NHS FOUNDATION TRUST,25949407,817154.00
Department of Health,NHS Hartlepool&stockton-on-tees CCG,2/28/2019,Hcare Srv Rec Fdtn Trust-Contract Baseline,ACUTE COMMISSIONING,NORTH TEES & HARTLEPOOL NHS FOUNDATION TRUST,26128452,557510.00
Department of Health,NHS Hartlepool&stockton-on-tees CCG,2/28/2019,Hcare Srv Rec Fdtn Trust-Contract Baseline,ACUTE COMMISSIONING,NORTH TEES & HARTLEPOOL NHS FOUNDATION TRUST,26155132,12871188.00
Department of Health,NHS Hartlepool&stockton-on-tees CCG,2/28/2019,Hcare Srv Rec Fdtn Trust-Contract Baseline,ACUTE COMMISSIONING,SOUTH TEES HOSPITALS NHS FOUNDATION TRUST,23742876,629695.00
Department of Health,NHS Hartlepool&stockton-on-tees CCG,2/28/2019,Hcare Srv Rec Fdtn Trust-Contract Baseline,ACUTE COMMISSIONING,SOUTH TEES HOSPITALS NHS FOUNDATION TRUST,25974795,582000.00
Department of Health,NHS Hartlepool&stockton-on-tees CCG,2/28/2019,Hcare Srv Rec Fdtn Trust-Contract Baseline,ACUTE COMMISSIONING,SOUTH TEES HOSPITALS NHS FOUNDATION TRUST,25974797,1642998.00
Department of Health,NHS Hartlepool&stockton-on-tees CCG,2/28/2019,Hcare Srv Rec Fdtn Trust-Contract Baseline,ACUTE COMMISSIONING,SOUTH TEES HOSPITALS NHS FOUNDATION TRUST,26052272,2932250.00
Department of Health,NHS Hartlepool&stockton-on-tees CCG,2/28/2019,Hcare Srv Rec Fdtn Trust-Contract Baseline,AMBULANCE SERVICES,NORTH EAST AMBULANCE SERVICES NHS TRUST,25910866,873991.40
Department of Health,NHS Hartlepool&stockton-on-tees CCG,2/28/2019,Hcare Srv Rec Fdtn Trust-Contract Baseline,COMMUNITY SERVICES,NORTH TEES & HARTLEPOOL NHS FOUNDATION TRUST,26128455,2250520.00
Department of Health,NHS Hartlepool&stockton-on-tees CCG,2/28/2019,Hcare Srv Rec Fdtn Trust-Contract Baseline,MENTAL HEALTH CONTRACTS,NORTHUMBERLAND TYNE AND WEAR NHS FOUNDATION TRUST,25910865,42445.83
Department of Health,NHS Hartlepool&stockton-on-tees CCG,2/28/2019,Hcare Srv Rec Fdtn Trust-Contract Baseline,MENTAL HEALTH CONTRACTS,TEES ESK & WEAR VALLEYS NHS FOUNDATION TRUST,25891391,2853427.65
Department of Health,NHS Hartlepool&stockton-on-tees CCG,2/28/2019,Hcare Srv Rec Fdtn Trust-Contract Baseline,NHS 111,NORTH EAST AMBULANCE SERVICES NHS TRUST,25877365,103626.10
Department of Health,NHS Hartlepool&stockton-on-tees CCG,2/28/2019,Clinical&Medical-Voluntary Sector,HOSPICES,BUTTERWICK HOSPICE CARE,25877366,39827.08
Department of Health,NHS Hartlepool&stockton-on-tees CCG,2/28/2019,Clinical&Medical-Voluntary Sector,HOSPICES,HARTLEPOOL & DISTRICT HOSPICE,25910867,34350.58
Department of Health,NHS Hartlepool&stockton-on-tees CCG,2/28/2019,Clinical&Medical-Voluntary Sector,IMPROVING ACCESS TO PSYCHOLOGICAL THERAPIES,HARTLEPOOL MIND,25991594,88147.80
Department of Health,NHS Hartlepool&stockton-on-tees CCG,2/28/2019,Clinical&Medical-Voluntary Sector,IMPROVING ACCESS TO PSYCHOLOGICAL THERAPIES,MIDDLESBROUGH & STOCKON MIND,26094047,25268.37
Department of Health,NHS Hartlepool&stockton-on-tees CCG,2/28/2019,Clinical&Medical-Voluntary Sector,LONG TERM CONDITIONS,TEESSIDE HOSPICE CARE FOUNDATION,25457184,65881.77
Department of Health,NHS Hartlepool&stockton-on-tees CCG,2/28/2019,Clinical&Medical-Commercial Sector,COMMUNITY SERVICES,SPECSAVERS HEARCARE LTD,25567042,63172.00
Department of Health,NHS Hartlepool&stockton-on-tees CCG,2/28/2019,Clinical&Medical-Commercial Sector,COMMUNITY SERVICES,SPECSAVERS HEARCARE LTD,26072226,41720.00
Department of Health,NHS Hartlepool&stockton-on-tees CCG,2/28/2019,Clinical&Medical-Independent Sector,ACUTE COMMISSIONING,BMI HEALTHCARE LTD,25910863,25471.45
Department of Health,NHS Hartlepool&stockton-on-tees CCG,2/28/2019,Clinical&Medical-Independent Sector,ACUTE COMMISSIONING,BMI HEALTHCARE LTD,25910864,58927.72
Department of Health,NHS Hartlepool&stockton-on-tees CCG,2/28/2019,Clinical&Medical-Independent Sector,ACUTE COMMISSIONING,NUFFIELD HEALTH,25822179,389659.40
Department of Health,NHS Hartlepool&stockton-on-tees CCG,2/28/2019,Clinical&Medical-Independent Sector,ACUTE COMMISSIONING,NUFFIELD HEALTH,26027543,74234.58
Department of Health,NHS Hartlepool&stockton-on-tees CCG,2/28/2019,Clinical&Medical-Independent Sector,ACUTE COMMISSIONING,NUFFIELD HEALTH,26128459,376218.40
Department of Health,NHS Hartlepool&stockton-on-tees CCG,2/28/2019,Clinical&Medical-Independent Sector,ACUTE COMMISSIONING,NUFFIELD HEALTH,26175759,64109.26
Department of Health,NHS Hartlepool&stockton-on-tees CCG,2/28/2019,Clinical&Medical-Independent Sector,ACUTE COMMISSIONING,TEES VALLEY HOSPITAL,25822034,102493.00
Department of Health,NHS Hartlepool&stockton-on-tees CCG,2/28/2019,Clinical&Medical-Independent Sector,ACUTE COMMISSIONING,TEES VALLEY HOSPITAL,25891396,93351.00
Department of Health,NHS Hartlepool&stockton-on-tees CCG,2/28/2019,Clinical&Medical-Independent Sector,ACUTE COMMISSIONING,TEES VALLEY HOSPITAL,25891398,123713.00
Department of Health,NHS Hartlepool&stockton-on-tees CCG,2/28/2019,Clinical&Medical-Independent Sector,IMPROVING ACCESS TO PSYCHOLOGICAL THERAPIES,ALLIANCE PSYCHOLOGICAL SERVICES LTD,25946978,120844.18
Department of Health,NHS Hartlepool&stockton-on-tees CCG,2/28/2019,Clinical&Medical-Independent Sector,IMPROVING ACCESS TO PSYCHOLOGICAL THERAPIES,ALLIANCE PSYCHOLOGICAL SERVICES LTD,25946979,26128.32
Department of Health,NHS Hartlepool&stockton-on-tees CCG,2/28/2019,Clinical&Medical-Independent Sector,IMPROVING ACCESS TO PSYCHOLOGICAL THERAPIES,STARFISH HEALTH & WELLBEING,25991596,35136.14
Department of Health,NHS Hartlepool&stockton-on-tees CCG,2/28/2019,Clinical&Medical-Independent Sector,GP FORWARD VIEW,HARTLEPOOL & STOCKTON HEALTH LTD,26027546,91235.25
Department of Health,NHS Hartlepool&stockton-on-tees CCG,2/28/2019,Clinical&Medical-Independent Sector,GP FORWARD VIEW,HARTLEPOOL & STOCKTON HEALTH LTD,26027547,53333.33
Department of Health,NHS Hartlepool&stockton-on-tees CCG,2/28/2019,Clinical&Medical-Othe Public Sector,SAFEGUARDING,STOCKTON-ON-TEES BOROUGH COUNCIL,25889322,78228.00
Department of Health,NHS Hartlepool&stockton-on-tees CCG,2/28/2019,Clinical&Medical-Othe Public Sector,Mental Health Services - S117 Mental Health,HARTLEPOOL BOROUGH COUNCIL,25938532,109672.41
Department of Health,NHS Hartlepool&stockton-on-tees CCG,2/28/2019,Clinical&Medical-Othe Public Sector,Mental Health Services - S117 Mental Health,STOCKTON-ON-TEES BOROUGH COUNCIL,25938539,161638.44
Department of Health,NHS Hartlepool&stockton-on-tees CCG,2/28/2019,C&M-GMS/PMS,LOCAL ENHANCED SERVICES,ARRIVAL PRACTICE,25930771,9964.08
Department of Health,NHS Hartlepool&stockton-on-tees CCG,2/28/2019,C&M-GMS/PMS,LOCAL ENHANCED SERVICES,PARK LANE SURGERY STOCKTON TEES,26041337,-34613.31
Department of Health,NHS Hartlepool&stockton-on-tees CCG,2/28/2019,C&M-GMS/PMS,LOCAL ENHANCED SERVICES,PARK LANE SURGERY STOCKTON TEES,26041338,68439.19
Department of Health,NHS Hartlepool&stockton-on-tees CCG,2/28/2019,C&M-GMS/PMS,LOCAL ENHANCED SERVICES,QUEENS PARK MEDICAL CENTRE,26041339,51557.77
Department of Health,NHS Hartlepool&stockton-on-tees CCG,2/28/2019,C&M-GMS/PMS,PRC DELEGATED CO-COMMISSIONING,ALMA MEDICAL CENTRE,25930769,108147.63
Department of Health,NHS Hartlepool&stockton-on-tees CCG,2/28/2019,C&M-GMS/PMS,PRC DELEGATED CO-COMMISSIONING,ARRIVAL PRACTICE,25930771,48318.91
Department of Health,NHS Hartlepool&stockton-on-tees CCG,2/28/2019,C&M-GMS/PMS,PRC DELEGATED CO-COMMISSIONING,BANK HOUSE SURGERY HARTLEPOOL,25930773,107945.44
Department of Health,NHS Hartlepool&stockton-on-tees CCG,2/28/2019,C&M-GMS/PMS,PRC DELEGATED CO-COMMISSIONING,DR S RASOOL,25930775,28425.59
Department of Health,NHS Hartlepool&stockton-on-tees CCG,2/28/2019,C&M-GMS/PMS,PRC DELEGATED CO-COMMISSIONING,DRS WILLIAMS & OLIVER,25930777,37390.78
Department of Health,NHS Hartlepool&stockton-on-tees CCG,2/28/2019,C&M-GMS/PMS,PRC DELEGATED CO-COMMISSIONING,EAGLESCLIFFE MEDICAL PRACTICE,25930779,80405.17
Department of Health,NHS Hartlepool&stockton-on-tees CCG,2/28/2019,C&M-GMS/PMS,PRC DELEGATED CO-COMMISSIONING,ELM TREE SURGERY,25930829,44159.98
Department of Health,NHS Hartlepool&stockton-on-tees CCG,2/28/2019,C&M-GMS/PMS,PRC DELEGATED CO-COMMISSIONING,GLADSTONE HOUSE SURGERY HARTLEPOOL,25930781,58380.30
Department of Health,NHS Hartlepool&stockton-on-tees CCG,2/28/2019,C&M-GMS/PMS,PRC DELEGATED CO-COMMISSIONING,HART MEDICAL PRACTICE,25930783,98275.16
Department of Health,NHS Hartlepool&stockton-on-tees CCG,2/28/2019,C&M-GMS/PMS,PRC DELEGATED CO-COMMISSIONING,HAVELOCK GRANGE PRACTICE,25930785,186173.13
Department of Health,NHS Hartlepool&stockton-on-tees CCG,2/28/2019,C&M-GMS/PMS,PRC DELEGATED CO-COMMISSIONING,HEADLAND MEDICAL CENTRE,25930787,63240.58
Department of Health,NHS Hartlepool&stockton-on-tees CCG,2/28/2019,C&M-GMS/PMS,PRC DELEGATED CO-COMMISSIONING,KINGSWAY MEDICAL CENTRE,25930791,82835.71
Department of Health,NHS Hartlepool&stockton-on-tees CCG,2/28/2019,C&M-GMS/PMS,PRC DELEGATED CO-COMMISSIONING,KOH & PARTNER,25930789,55935.19
Department of Health,NHS Hartlepool&stockton-on-tees CCG,2/28/2019,C&M-GMS/PMS,PRC DELEGATED CO-COMMISSIONING,MARSH HOUSE MEDICAL CENTRE,25930793,79575.16
Department of Health,NHS Hartlepool&stockton-on-tees CCG,2/28/2019,C&M-GMS/PMS,PRC DELEGATED CO-COMMISSIONING,MCKENZIE HOUSE SURGERY,25930795,195539.23
Department of Health,NHS Hartlepool&stockton-on-tees CCG,2/28/2019,C&M-GMS/PMS,PRC DELEGATED CO-COMMISSIONING,MCKENZIE HOUSE SURGERY,25956132,82218.53
Department of Health,NHS Hartlepool&stockton-on-tees CCG,2/28/2019,C&M-GMS/PMS,PRC DELEGATED CO-COMMISSIONING,NORTON MEDICAL CENTRE,25930799,157752.54
Department of Health,NHS Hartlepool&stockton-on-tees CCG,2/28/2019,C&M-GMS/PMS,PRC DELEGATED CO-COMMISSIONING,PARK LANE SURGERY STOCKTON TEES,25930801,53706.24
Department of Health,NHS Hartlepool&stockton-on-tees CCG,2/28/2019,C&M-GMS/PMS,PRC DELEGATED CO-COMMISSIONING,PARK LANE SURGERY STOCKTON TEES,26041337,-2578.40
Department of Health,NHS Hartlepool&stockton-on-tees CCG,2/28/2019,C&M-GMS/PMS,PRC DELEGATED CO-COMMISSIONING,PARK LANE SURGERY STOCKTON TEES,26041338,15952.04
Department of Health,NHS Hartlepool&stockton-on-tees CCG,2/28/2019,C&M-GMS/PMS,PRC DELEGATED CO-COMMISSIONING,QUEENS PARK MEDICAL CENTRE,25930802,-46852.43
Department of Health,NHS Hartlepool&stockton-on-tees CCG,2/28/2019,C&M-GMS/PMS,PRC DELEGATED CO-COMMISSIONING,QUEENS PARK MEDICAL CENTRE,25930803,177815.32
Department of Health,NHS Hartlepool&stockton-on-tees CCG,2/28/2019,C&M-GMS/PMS,PRC DELEGATED CO-COMMISSIONING,QUEENS PARK MEDICAL CENTRE,26041339,13571.20
Department of Health,NHS Hartlepool&stockton-on-tees CCG,2/28/2019,C&M-GMS/PMS,PRC DELEGATED CO-COMMISSIONING,QUEENSTREE PRACTICE,25930805,52255.63
Department of Health,NHS Hartlepool&stockton-on-tees CCG,2/28/2019,C&M-GMS/PMS,PRC DELEGATED CO-COMMISSIONING,RIVERSIDE MEDICAL CENTRE STOCKTON TEES,25930809,41712.44
Department of Health,NHS Hartlepool&stockton-on-tees CCG,2/28/2019,C&M-GMS/PMS,PRC DELEGATED CO-COMMISSIONING,RIVERSIDE MEDICAL CENTRE STOCKTON TEES,25930831,31107.39
Department of Health,NHS Hartlepool&stockton-on-tees CCG,2/28/2019,C&M-GMS/PMS,PRC DELEGATED CO-COMMISSIONING,ROSEBERRY PRACTICE,25930807,72278.40
Department of Health,NHS Hartlepool&stockton-on-tees CCG,2/28/2019,C&M-GMS/PMS,PRC DELEGATED CO-COMMISSIONING,SEATON SURGERY,25930811,33214.37
Department of Health,NHS Hartlepool&stockton-on-tees CCG,2/28/2019,C&M-GMS/PMS,PRC DELEGATED CO-COMMISSIONING,T THE DOVECOT SURGERY,25930815,88835.11
Department of Health,NHS Hartlepool&stockton-on-tees CCG,2/28/2019,C&M-GMS/PMS,PRC DELEGATED CO-COMMISSIONING,TENNANT STREET MEDICAL PRACTICE,25930817,144055.30
Department of Health,NHS Hartlepool&stockton-on-tees CCG,2/28/2019,C&M-GMS/PMS,PRC DELEGATED CO-COMMISSIONING,THORNABY & BARWICK MEDICAL GROUP,25930812,-26402.88
Department of Health,NHS Hartlepool&stockton-on-tees CCG,2/28/2019,C&M-GMS/PMS,PRC DELEGATED CO-COMMISSIONING,THORNABY & BARWICK MEDICAL GROUP,25930813,187882.36
Department of Health,NHS Hartlepool&stockton-on-tees CCG,2/28/2019,C&M-GMS/PMS,PRC DELEGATED CO-COMMISSIONING,WEST VIEW MILLENNIUM SURGERY,25930819,87748.97
Department of Health,NHS Hartlepool&stockton-on-tees CCG,2/28/2019,C&M-GMS/PMS,PRC DELEGATED CO-COMMISSIONING,WOODBRIDGE PRACTICE,25930821,140812.10
Department of Health,NHS Hartlepool&stockton-on-tees CCG,2/28/2019,C&M-GMS/PMS,PRC DELEGATED CO-COMMISSIONING,WOODLANDS FAMILY MEDICAL CENTRE,25930823,121695.40
Department of Health,NHS Hartlepool&stockton-on-tees CCG,2/28/2019,C&M-GMS/PMS,PRC DELEGATED CO-COMMISSIONING,YARM MEDICAL CENTRE,25930825,127412.89
Department of Health,NHS Hartlepool&stockton-on-tees CCG,2/28/2019,C&M-GMS/PMS,PRC DELEGATED CO-COMMISSIONING,YORK ROAD SURGERY HARTLEPOOL,25930827,152593.14
Department of Health,NHS Hartlepool&stockton-on-tees CCG,2/28/2019,Income tax <1Yr,BALANCE SHEET,HMRC,25933930,25836.80
Department of Health,NHS Hartlepool&stockton-on-tees CCG,2/28/2019,Income tax <1Yr-Student Loans,BALANCE SHEET,HMRC,25933930,209.00
Department of Health,NHS Hartlepool&stockton-on-tees CCG,2/28/2019,National Insurance < 1 yr-NI- ERS,BALANCE SHEET,HMRC,25933930,17348.75
Department of Health,NHS Hartlepool&stockton-on-tees CCG,2/28/2019,National Insurance < 1 yr-NI-EES,BALANCE SHEET,HMRC,25933930,12274.44
Department of Health,NHS Hartlepool&stockton-on-tees CCG,2/28/2019,Cont Care-Mental Health (65+),CHC ADULT FULLY FUNDED,VOYAGE SPECIALIST HEALTH CARE LTD,25935751,44587.14
Department of Health,NHS Hartlepool&stockton-on-tees CCG,2/28/2019,Cont Care-Learning Disab(<65),CHC ADULT FULLY FUNDED,HESLEY GROUP,25935967,30911.80
Department of Health,NHS Hartlepool&stockton-on-tees CCG,2/28/2019,Cont Care-Learning Disab(<65),CHC ADULT FULLY FUNDED,HESLEY GROUP,25935968,30911.80
Department of Health,NHS Hartlepool&stockton-on-tees CCG,2/28/2019,Cont Care-Learning Disab(<65),CHC ADULT FULLY FUNDED,MILEWOOD HEALTHCARE LTD,25938398,62524.11
Department of Health,NHS Hartlepool&stockton-on-tees CCG,2/28/2019,Cont Care-Learning Disab(<65),CHC ADULT FULLY FUNDED,SWANTON CARE & COMMUNITY LTD,25938426,72832.86
Department of Health,NHS Hartlepool&stockton-on-tees CCG,2/28/2019,Cont Care-Physical Disab (65+),CHC ADULT FULLY FUNDED,HC ONE OVAL LTD,25938369,29198.66
Department of Health,NHS Hartlepool&stockton-on-tees CCG,2/28/2019,Cont Care- Adult 100% Fully Funded,CHC ADULT FULLY FUNDED,HARTLEPOOL BOROUGH COUNCIL,25938529,29851.65
Department of Health,NHS Hartlepool&stockton-on-tees CCG,2/28/2019,Cont Care- Adult 100% Fully Funded,CHC ADULT FULLY FUNDED,STOCKTON-ON-TEES BOROUGH COUNCIL,25938535,34291.83
Department of Health,NHS Hartlepool&stockton-on-tees CCG,2/28/2019,Cont Care- Adult Joint Funded,CHC ADULT JOINT FUNDED,HARTLEPOOL BOROUGH COUNCIL,25938531,292408.75
Department of Health,NHS Hartlepool&stockton-on-tees CCG,2/28/2019,Cont Care- Adult Joint Funded,CHC ADULT JOINT FUNDED,STOCKTON-ON-TEES BOROUGH COUNCIL,25938538,358714.50
Department of Health,NHS Hartlepool&stockton-on-tees CCG,2/28/2019,Cont Care-Funded Nursing Care Allow,FUNDED NURSING CARE,STOCKTON-ON-TEES BOROUGH COUNCIL,25938540,90406.31
Department of Health,NHS Hartlepool&stockton-on-tees CCG,2/28/2019,Charges from CSU,ADMINISTRATION & BUSINESS SUPPORT,NHS NORTH OF ENGLAND CSU,25973446,11832.00
Department of Health,NHS Hartlepool&stockton-on-tees CCG,2/28/2019,Charges from CSU,CONTINUING HEALTHCARE ASSESSMENT & SUPPORT,NHS NORTH OF ENGLAND CSU,25973446,43542.00
Department of Health,NHS Hartlepool&stockton-on-tees CCG,2/28/2019,Charges from CSU,MEDICINES MANAGEMENT - CLINICAL,NHS NORTH OF ENGLAND CSU,25973446,38673.00
Department of Health,NHS Hartlepool&stockton-on-tees CCG,2/28/2019,Charges from CSU,NON RECURRENT PROGRAMMES,NHS NORTH OF ENGLAND CSU,25973446,7892.00
Department of Health,NHS Hartlepool&stockton-on-tees CCG,2/28/2019,Charges from CSU,PATIENT TRANSPORT,NHS NORTH OF ENGLAND CSU,25973446,11397.00
Department of Health,NHS Hartlepool&stockton-on-tees CCG,2/28/2019,Charges from CSU,PRIMARY CARE IT,NHS NORTH OF ENGLAND CSU,25973446,63524.00
Department of Health,NHS Hartlepool&stockton-on-tees CCG,2/28/2019,Hcare Srv Rec Fdtn Trust-Non Contract,MENTAL HEALTH CONTRACTS,TEES ESK & WEAR VALLEYS NHS FOUNDATION TRUST,26152561,-33750.00
