00K NHS Hartlepool and Stockton CCG Invoices over �25k - March 2019,,,,,,,
Department family,Entity,Date,Expense Type,Expense area,Supplier,Transaction number,AP Amount �
Department of Health,NHS Hartlepool&stockton-on-tees CCG,3/31/2019,Hcare Srv Rec Fdtn Trust-Contract Baseline,ACUTE COMMISSIONING,CITY HOSPITALS SUNDERLAND FOUNDATION NHS TRUST,26175761,293339.00
Department of Health,NHS Hartlepool&stockton-on-tees CCG,3/31/2019,Hcare Srv Rec Fdtn Trust-Contract Baseline,ACUTE COMMISSIONING,COUNTY DURHAM AND DARLINGTON NHS FOUNDATION TRUST,26254638,106662.00
Department of Health,NHS Hartlepool&stockton-on-tees CCG,3/31/2019,Hcare Srv Rec Fdtn Trust-Contract Baseline,ACUTE COMMISSIONING,COUNTY DURHAM AND DARLINGTON NHS FOUNDATION TRUST,26459348,-37145.00
Department of Health,NHS Hartlepool&stockton-on-tees CCG,3/31/2019,Hcare Srv Rec Fdtn Trust-Contract Baseline,ACUTE COMMISSIONING,NEWCASTLE UPON TYNE HOSPITALS NHS FOUNDATION TRUST,26341055,295650.58
Department of Health,NHS Hartlepool&stockton-on-tees CCG,3/31/2019,Hcare Srv Rec Fdtn Trust-Contract Baseline,ACUTE COMMISSIONING,NORTH TEES & HARTLEPOOL NHS FOUNDATION TRUST,26529457,25000.00
Department of Health,NHS Hartlepool&stockton-on-tees CCG,3/31/2019,Hcare Srv Rec Fdtn Trust-Contract Baseline,ACUTE COMMISSIONING,NORTH TEES & HARTLEPOOL NHS FOUNDATION TRUST,26562026,1020719.24
Department of Health,NHS Hartlepool&stockton-on-tees CCG,3/31/2019,Hcare Srv Rec Fdtn Trust-Contract Baseline,ACUTE COMMISSIONING,NORTH TEES & HARTLEPOOL NHS FOUNDATION TRUST,26641338,14594167.00
Department of Health,NHS Hartlepool&stockton-on-tees CCG,3/31/2019,Hcare Srv Rec Fdtn Trust-Contract Baseline,AMBULANCE SERVICES,NORTH EAST AMBULANCE SERVICES NHS TRUST,26320076,873991.40
Department of Health,NHS Hartlepool&stockton-on-tees CCG,3/31/2019,Hcare Srv Rec Fdtn Trust-Contract Baseline,COMMUNITY SERVICES,NORTH TEES & HARTLEPOOL NHS FOUNDATION TRUST,26128455,2250520.00
Department of Health,NHS Hartlepool&stockton-on-tees CCG,3/31/2019,Hcare Srv Rec Fdtn Trust-Contract Baseline,COMMUNITY SERVICES,NORTH TEES & HARTLEPOOL NHS FOUNDATION TRUST,26641336,2323000.00
Department of Health,NHS Hartlepool&stockton-on-tees CCG,3/31/2019,Hcare Srv Rec Fdtn Trust-Contract Baseline,MENTAL HEALTH CONTRACTS,NORTHUMBERLAND TYNE AND WEAR NHS FOUNDATION TRUST,25910865,42445.83
Department of Health,NHS Hartlepool&stockton-on-tees CCG,3/31/2019,Hcare Srv Rec Fdtn Trust-Contract Baseline,MENTAL HEALTH CONTRACTS,NORTHUMBERLAND TYNE AND WEAR NHS FOUNDATION TRUST,26629753,36841.61
Department of Health,NHS Hartlepool&stockton-on-tees CCG,3/31/2019,Hcare Srv Rec Fdtn Trust-Contract Baseline,MENTAL HEALTH CONTRACTS,TEES ESK & WEAR VALLEYS NHS FOUNDATION TRUST,26320074,3126142.65
Department of Health,NHS Hartlepool&stockton-on-tees CCG,3/31/2019,Hcare Srv Rec Fdtn Trust-Contract Baseline,NHS 111,NORTH EAST AMBULANCE SERVICES NHS TRUST,26423888,103626.10
Department of Health,NHS Hartlepool&stockton-on-tees CCG,3/31/2019,Hcare Srv Rec Fdtn Trust-Contract Baseline,NHS 111,NORTH EAST AMBULANCE SERVICES NHS TRUST,26423890,103626.10
Department of Health,NHS Hartlepool&stockton-on-tees CCG,3/31/2019,Clinical&Medical-Independent Sector,ACUTE COMMISSIONING,BMI HEALTHCARE LTD,26238097,58927.72
Department of Health,NHS Hartlepool&stockton-on-tees CCG,3/31/2019,Clinical&Medical-Independent Sector,ACUTE COMMISSIONING,NUFFIELD HEALTH,26175759,64109.26
Department of Health,NHS Hartlepool&stockton-on-tees CCG,3/31/2019,Clinical&Medical-Independent Sector,ACUTE COMMISSIONING,TEES VALLEY HOSPITAL,26231861,102493.00
Department of Health,NHS Hartlepool&stockton-on-tees CCG,3/31/2019,Clinical&Medical-Independent Sector,ACUTE COMMISSIONING,TEES VALLEY HOSPITAL,26536968,134796.00
Department of Health,NHS Hartlepool&stockton-on-tees CCG,3/31/2019,Clinical&Medical-Independent Sector,IMPROVING ACCESS TO PSYCHOLOGICAL THERAPIES,ALLIANCE PSYCHOLOGICAL SERVICES LTD,26399495,116473.44
Department of Health,NHS Hartlepool&stockton-on-tees CCG,3/31/2019,Clinical&Medical-Independent Sector,IMPROVING ACCESS TO PSYCHOLOGICAL THERAPIES,ALLIANCE PSYCHOLOGICAL SERVICES LTD,26399496,31311.65
Department of Health,NHS Hartlepool&stockton-on-tees CCG,3/31/2019,Clinical&Medical-Independent Sector,IMPROVING ACCESS TO PSYCHOLOGICAL THERAPIES,INSIGHT HEALTHCARE LTD,26339855,27945.53
Department of Health,NHS Hartlepool&stockton-on-tees CCG,3/31/2019,Clinical&Medical-Independent Sector,IMPROVING ACCESS TO PSYCHOLOGICAL THERAPIES,STARFISH HEALTH & WELLBEING,26341060,26258.34
Department of Health,NHS Hartlepool&stockton-on-tees CCG,3/31/2019,Clinical&Medical-Independent Sector,GP FORWARD VIEW,HARTLEPOOL & STOCKTON HEALTH LTD,26254631,91235.25
Department of Health,NHS Hartlepool&stockton-on-tees CCG,3/31/2019,Clinical&Medical-Independent Sector,GP FORWARD VIEW,HARTLEPOOL & STOCKTON HEALTH LTD,26254633,53333.33
Department of Health,NHS Hartlepool&stockton-on-tees CCG,3/31/2019,Clinical&Medical-Independent Sector,GP FORWARD VIEW,HARTLEPOOL & STOCKTON HEALTH LTD,26459355,53333.33
Department of Health,NHS Hartlepool&stockton-on-tees CCG,3/31/2019,Clinical&Medical-Independent Sector,GP FORWARD VIEW,HARTLEPOOL & STOCKTON HEALTH LTD,26459356,91235.25
Department of Health,NHS Hartlepool&stockton-on-tees CCG,3/31/2019,Clinical&Medical-Independent Sector,Mental Health Services - S117 Mental Health,BARCHESTER HEALTHCARE LTD,26425641,36892.25
Department of Health,NHS Hartlepool&stockton-on-tees CCG,3/31/2019,Clinical&Medical-Independent Sector,Learning Difficulties - S117,REAL LIFE OPTIONS,26425659,-161300.80
Department of Health,NHS Hartlepool&stockton-on-tees CCG,3/31/2019,Clinical&Medical-Independent Sector,Learning Difficulties - S117,REAL LIFE OPTIONS,26425660,161027.05
Department of Health,NHS Hartlepool&stockton-on-tees CCG,3/31/2019,Clinical&Medical-Independent Sector,Learning Difficulties - S117,REAL LIFE OPTIONS,26425661,161027.05
Department of Health,NHS Hartlepool&stockton-on-tees CCG,3/31/2019,Clinical&Medical-Commercial Sector,COMMUNITY SERVICES,SPECSAVERS HEARCARE LTD,26206033,30059.00
Department of Health,NHS Hartlepool&stockton-on-tees CCG,3/31/2019,Clinical&Medical-Commercial Sector,COMMUNITY SERVICES,SPECSAVERS HEARCARE LTD,26206037,36850.00
Department of Health,NHS Hartlepool&stockton-on-tees CCG,3/31/2019,Clinical&Medical-Commercial Sector,COMMUNITY SERVICES,SPECSAVERS HEARCARE LTD,26341056,46566.00
Department of Health,NHS Hartlepool&stockton-on-tees CCG,3/31/2019,Clinical&Medical-Voluntary Sector,HOSPICES,BUTTERWICK HOSPICE CARE,26255998,39827.08
Department of Health,NHS Hartlepool&stockton-on-tees CCG,3/31/2019,Clinical&Medical-Voluntary Sector,HOSPICES,HARTLEPOOL & DISTRICT HOSPICE,26423832,34350.58
Department of Health,NHS Hartlepool&stockton-on-tees CCG,3/31/2019,Clinical&Medical-Voluntary Sector,IMPROVING ACCESS TO PSYCHOLOGICAL THERAPIES,HARTLEPOOL MIND,26399358,81804.82
Department of Health,NHS Hartlepool&stockton-on-tees CCG,3/31/2019,Hcare Srv Rec Fdtn Trust-Non Contract,ACUTE COMMISSIONING,COUNTY DURHAM AND DARLINGTON NHS FOUNDATION TRUST,26628206,37328.00
Department of Health,NHS Hartlepool&stockton-on-tees CCG,3/31/2019,Hcare Srv Rec Fdtn Trust-Non Contract,MENTAL HEALTH CONTRACTS,TEES ESK & WEAR VALLEYS NHS FOUNDATION TRUST,26292054,77000.00
Department of Health,NHS Hartlepool&stockton-on-tees CCG,3/31/2019,Hcare Srv Rec Fdtn Trust-Non Contract,MENTAL HEALTH CONTRACTS,TEES ESK & WEAR VALLEYS NHS FOUNDATION TRUST,26372799,88350.00
Department of Health,NHS Hartlepool&stockton-on-tees CCG,3/31/2019,Hcare Srv Rec Fdtn Trust-Non Contract,MENTAL HEALTH CONTRACTS,TEES ESK & WEAR VALLEYS NHS FOUNDATION TRUST,26372802,-88350.00
Department of Health,NHS Hartlepool&stockton-on-tees CCG,3/31/2019,Hcare Srv Rec Fdtn Trust-Non Contract,MENTAL HEALTH CONTRACTS,TEES ESK & WEAR VALLEYS NHS FOUNDATION TRUST,26550635,45150.00
Department of Health,NHS Hartlepool&stockton-on-tees CCG,3/31/2019,Hcare Srv Rec Fdtn Trust-Non Contract,MENTAL HEALTH CONTRACTS,TEES ESK & WEAR VALLEYS NHS FOUNDATION TRUST,26628776,59000.00
Department of Health,NHS Hartlepool&stockton-on-tees CCG,3/31/2019,Hcare Srv Rec Fdtn Trust-Non Contract,NON RECURRENT PROGRAMMES,NEWCASTLE UPON TYNE HOSPITALS NHS FOUNDATION TRUST,26657601,600000.00
Department of Health,NHS Hartlepool&stockton-on-tees CCG,3/31/2019,C&M-GMS/PMS,LOCAL ENHANCED SERVICES,ARRIVAL PRACTICE,26360829,9964.08
Department of Health,NHS Hartlepool&stockton-on-tees CCG,3/31/2019,C&M-GMS/PMS,LOCAL ENHANCED SERVICES,HAVELOCK GRANGE PRACTICE,26478228,1740.64
Department of Health,NHS Hartlepool&stockton-on-tees CCG,3/31/2019,C&M-GMS/PMS,LOCAL ENHANCED SERVICES,MCKENZIE HOUSE SURGERY,26478249,2362.83
Department of Health,NHS Hartlepool&stockton-on-tees CCG,3/31/2019,C&M-GMS/PMS,LOCAL ENHANCED SERVICES,PARK LANE SURGERY STOCKTON TEES,26478234,-35287.80
Department of Health,NHS Hartlepool&stockton-on-tees CCG,3/31/2019,C&M-GMS/PMS,LOCAL ENHANCED SERVICES,PARK LANE SURGERY STOCKTON TEES,26478235,67675.24
Department of Health,NHS Hartlepool&stockton-on-tees CCG,3/31/2019,C&M-GMS/PMS,PRC DELEGATED CO-COMMISSIONING,ALMA MEDICAL CENTRE,26360827,109714.16
Department of Health,NHS Hartlepool&stockton-on-tees CCG,3/31/2019,C&M-GMS/PMS,PRC DELEGATED CO-COMMISSIONING,ARRIVAL PRACTICE,26360829,21740.60
Department of Health,NHS Hartlepool&stockton-on-tees CCG,3/31/2019,C&M-GMS/PMS,PRC DELEGATED CO-COMMISSIONING,BANK HOUSE SURGERY HARTLEPOOL,26360831,108320.67
Department of Health,NHS Hartlepool&stockton-on-tees CCG,3/31/2019,C&M-GMS/PMS,PRC DELEGATED CO-COMMISSIONING,COMMUNITY HEALTH PARTNERSHIPS LTD,26560536,6787.03
Department of Health,NHS Hartlepool&stockton-on-tees CCG,3/31/2019,C&M-GMS/PMS,PRC DELEGATED CO-COMMISSIONING,COMMUNITY HEALTH PARTNERSHIPS LTD,26560541,6787.03
Department of Health,NHS Hartlepool&stockton-on-tees CCG,3/31/2019,C&M-GMS/PMS,PRC DELEGATED CO-COMMISSIONING,COMMUNITY HEALTH PARTNERSHIPS LTD,26560543,6787.03
Department of Health,NHS Hartlepool&stockton-on-tees CCG,3/31/2019,C&M-GMS/PMS,PRC DELEGATED CO-COMMISSIONING,COMMUNITY HEALTH PARTNERSHIPS LTD,26560544,6787.03
Department of Health,NHS Hartlepool&stockton-on-tees CCG,3/31/2019,C&M-GMS/PMS,PRC DELEGATED CO-COMMISSIONING,COMMUNITY HEALTH PARTNERSHIPS LTD,26560545,6787.03
Department of Health,NHS Hartlepool&stockton-on-tees CCG,3/31/2019,C&M-GMS/PMS,PRC DELEGATED CO-COMMISSIONING,DR S RASOOL,26360833,29557.78
Department of Health,NHS Hartlepool&stockton-on-tees CCG,3/31/2019,C&M-GMS/PMS,PRC DELEGATED CO-COMMISSIONING,DRS WILLIAMS & OLIVER,26360835,65807.35
Department of Health,NHS Hartlepool&stockton-on-tees CCG,3/31/2019,C&M-GMS/PMS,PRC DELEGATED CO-COMMISSIONING,EAGLESCLIFFE MEDICAL PRACTICE,26360837,134876.36
Department of Health,NHS Hartlepool&stockton-on-tees CCG,3/31/2019,C&M-GMS/PMS,PRC DELEGATED CO-COMMISSIONING,ELM TREE SURGERY,26360884,47942.15
Department of Health,NHS Hartlepool&stockton-on-tees CCG,3/31/2019,C&M-GMS/PMS,PRC DELEGATED CO-COMMISSIONING,GLADSTONE HOUSE SURGERY HARTLEPOOL,26385027,73026.38
Department of Health,NHS Hartlepool&stockton-on-tees CCG,3/31/2019,C&M-GMS/PMS,PRC DELEGATED CO-COMMISSIONING,HART MEDICAL PRACTICE,26360839,95694.15
Department of Health,NHS Hartlepool&stockton-on-tees CCG,3/31/2019,C&M-GMS/PMS,PRC DELEGATED CO-COMMISSIONING,HAVELOCK GRANGE PRACTICE,26360840,118889.41
Department of Health,NHS Hartlepool&stockton-on-tees CCG,3/31/2019,C&M-GMS/PMS,PRC DELEGATED CO-COMMISSIONING,HAVELOCK GRANGE PRACTICE,26385028,-26041.47
Department of Health,NHS Hartlepool&stockton-on-tees CCG,3/31/2019,C&M-GMS/PMS,PRC DELEGATED CO-COMMISSIONING,HAVELOCK GRANGE PRACTICE,26478228,35365.55
Department of Health,NHS Hartlepool&stockton-on-tees CCG,3/31/2019,C&M-GMS/PMS,PRC DELEGATED CO-COMMISSIONING,HEADLAND MEDICAL CENTRE,26360842,65915.12
Department of Health,NHS Hartlepool&stockton-on-tees CCG,3/31/2019,C&M-GMS/PMS,PRC DELEGATED CO-COMMISSIONING,KINGSWAY MEDICAL CENTRE,26360846,83266.85
Department of Health,NHS Hartlepool&stockton-on-tees CCG,3/31/2019,C&M-GMS/PMS,PRC DELEGATED CO-COMMISSIONING,KOH & PARTNER,26360844,70013.73
Department of Health,NHS Hartlepool&stockton-on-tees CCG,3/31/2019,C&M-GMS/PMS,PRC DELEGATED CO-COMMISSIONING,MARSH HOUSE MEDICAL CENTRE,26360848,82414.27
Department of Health,NHS Hartlepool&stockton-on-tees CCG,3/31/2019,C&M-GMS/PMS,PRC DELEGATED CO-COMMISSIONING,MCKENZIE HOUSE SURGERY,26360850,208594.21
Department of Health,NHS Hartlepool&stockton-on-tees CCG,3/31/2019,C&M-GMS/PMS,PRC DELEGATED CO-COMMISSIONING,MCKENZIE HOUSE SURGERY,26360888,59985.59
Department of Health,NHS Hartlepool&stockton-on-tees CCG,3/31/2019,C&M-GMS/PMS,PRC DELEGATED CO-COMMISSIONING,MCKENZIE HOUSE SURGERY,26478249,28939.66
Department of Health,NHS Hartlepool&stockton-on-tees CCG,3/31/2019,C&M-GMS/PMS,PRC DELEGATED CO-COMMISSIONING,MELROSE SURGERY BILLINGHAM,26360852,25312.55
Department of Health,NHS Hartlepool&stockton-on-tees CCG,3/31/2019,C&M-GMS/PMS,PRC DELEGATED CO-COMMISSIONING,NHS ENGLAND,26529464,568547.10
Department of Health,NHS Hartlepool&stockton-on-tees CCG,3/31/2019,C&M-GMS/PMS,PRC DELEGATED CO-COMMISSIONING,NORTON MEDICAL CENTRE,26360854,210295.81
Department of Health,NHS Hartlepool&stockton-on-tees CCG,3/31/2019,C&M-GMS/PMS,PRC DELEGATED CO-COMMISSIONING,PARK LANE SURGERY STOCKTON TEES,26360856,40861.73
Department of Health,NHS Hartlepool&stockton-on-tees CCG,3/31/2019,C&M-GMS/PMS,PRC DELEGATED CO-COMMISSIONING,PARK LANE SURGERY STOCKTON TEES,26478234,-2587.20
Department of Health,NHS Hartlepool&stockton-on-tees CCG,3/31/2019,C&M-GMS/PMS,PRC DELEGATED CO-COMMISSIONING,PARK LANE SURGERY STOCKTON TEES,26478235,13303.19
Department of Health,NHS Hartlepool&stockton-on-tees CCG,3/31/2019,C&M-GMS/PMS,PRC DELEGATED CO-COMMISSIONING,QUEENS PARK MEDICAL CENTRE,26360857,-34742.83
Department of Health,NHS Hartlepool&stockton-on-tees CCG,3/31/2019,C&M-GMS/PMS,PRC DELEGATED CO-COMMISSIONING,QUEENS PARK MEDICAL CENTRE,26360858,239022.57
Department of Health,NHS Hartlepool&stockton-on-tees CCG,3/31/2019,C&M-GMS/PMS,PRC DELEGATED CO-COMMISSIONING,QUEENSTREE PRACTICE,26360860,41687.25
Department of Health,NHS Hartlepool&stockton-on-tees CCG,3/31/2019,C&M-GMS/PMS,PRC DELEGATED CO-COMMISSIONING,RIVERSIDE MEDICAL CENTRE STOCKTON TEES,26360864,42231.07
Department of Health,NHS Hartlepool&stockton-on-tees CCG,3/31/2019,C&M-GMS/PMS,PRC DELEGATED CO-COMMISSIONING,RIVERSIDE MEDICAL CENTRE STOCKTON TEES,26478248,25446.21
Department of Health,NHS Hartlepool&stockton-on-tees CCG,3/31/2019,C&M-GMS/PMS,PRC DELEGATED CO-COMMISSIONING,ROSEBERRY PRACTICE,26360862,75197.99
Department of Health,NHS Hartlepool&stockton-on-tees CCG,3/31/2019,C&M-GMS/PMS,PRC DELEGATED CO-COMMISSIONING,SEATON SURGERY,26360866,34603.26
Department of Health,NHS Hartlepool&stockton-on-tees CCG,3/31/2019,C&M-GMS/PMS,PRC DELEGATED CO-COMMISSIONING,T THE DOVECOT SURGERY,26360870,62948.83
Department of Health,NHS Hartlepool&stockton-on-tees CCG,3/31/2019,C&M-GMS/PMS,PRC DELEGATED CO-COMMISSIONING,TENNANT STREET MEDICAL PRACTICE,26360872,146087.81
Department of Health,NHS Hartlepool&stockton-on-tees CCG,3/31/2019,C&M-GMS/PMS,PRC DELEGATED CO-COMMISSIONING,THORNABY & BARWICK MEDICAL GROUP,26360868,186549.62
Department of Health,NHS Hartlepool&stockton-on-tees CCG,3/31/2019,C&M-GMS/PMS,PRC DELEGATED CO-COMMISSIONING,WEST VIEW MILLENNIUM SURGERY,26360874,76682.62
Department of Health,NHS Hartlepool&stockton-on-tees CCG,3/31/2019,C&M-GMS/PMS,PRC DELEGATED CO-COMMISSIONING,WOODBRIDGE PRACTICE,26360875,-62795.78
Department of Health,NHS Hartlepool&stockton-on-tees CCG,3/31/2019,C&M-GMS/PMS,PRC DELEGATED CO-COMMISSIONING,WOODBRIDGE PRACTICE,26360876,215581.28
Department of Health,NHS Hartlepool&stockton-on-tees CCG,3/31/2019,C&M-GMS/PMS,PRC DELEGATED CO-COMMISSIONING,WOODLANDS FAMILY MEDICAL CENTRE,26360878,126170.55
Department of Health,NHS Hartlepool&stockton-on-tees CCG,3/31/2019,C&M-GMS/PMS,PRC DELEGATED CO-COMMISSIONING,YARM MEDICAL CENTRE,26360880,130407.50
Department of Health,NHS Hartlepool&stockton-on-tees CCG,3/31/2019,C&M-GMS/PMS,PRC DELEGATED CO-COMMISSIONING,YORK ROAD SURGERY HARTLEPOOL,26360882,118190.42
Department of Health,NHS Hartlepool&stockton-on-tees CCG,3/31/2019,Charges from CSU,ADMINISTRATION & BUSINESS SUPPORT,NHS NORTH OF ENGLAND CSU,26399253,25788.75
Department of Health,NHS Hartlepool&stockton-on-tees CCG,3/31/2019,Charges from CSU,CONTINUING HEALTHCARE ASSESSMENT & SUPPORT,NHS NORTH OF ENGLAND CSU,26399253,7079.00
Department of Health,NHS Hartlepool&stockton-on-tees CCG,3/31/2019,Charges from CSU,NON RECURRENT PROGRAMMES,NHS NORTH OF ENGLAND CSU,26399253,45615.25
Department of Health,NHS Hartlepool&stockton-on-tees CCG,3/31/2019,Charges from CSU,PATIENT TRANSPORT,NHS NORTH OF ENGLAND CSU,26399253,56981.00
Department of Health,NHS Hartlepool&stockton-on-tees CCG,3/31/2019,Charges from CSU,PRIMARY CARE IT,NHS NORTH OF ENGLAND CSU,26399253,40396.00
Department of Health,NHS Hartlepool&stockton-on-tees CCG,3/31/2019,Prescribing,PRESCRIBING,NORTH TEES & HARTLEPOOL NHS FOUNDATION TRUST,26419143,682934.43
Department of Health,NHS Hartlepool&stockton-on-tees CCG,3/31/2019,Healthcare Srv Rec CCG,MENTAL HEALTH SERVICES - SPECIALIST SERVICES,NHS SOUTH TEES CCG,26419308,1500000.00
Department of Health,NHS Hartlepool&stockton-on-tees CCG,3/31/2019,Cont Care-Learning Disab(<65),CHC ADULT FULLY FUNDED,HESLEY GROUP,26425206,34223.78
Department of Health,NHS Hartlepool&stockton-on-tees CCG,3/31/2019,Cont Care-Learning Disab(<65),CHC ADULT FULLY FUNDED,HESLEY GROUP,26425207,34223.78
Department of Health,NHS Hartlepool&stockton-on-tees CCG,3/31/2019,Cont Care-Learning Disab(<65),CHC ADULT FULLY FUNDED,MILEWOOD HEALTHCARE LTD,26587111,31397.39
Department of Health,NHS Hartlepool&stockton-on-tees CCG,3/31/2019,Cont Care- Adult 100% Fully Funded,CHC ADULT FULLY FUNDED,HARTLEPOOL BOROUGH COUNCIL,26425645,29851.65
Department of Health,NHS Hartlepool&stockton-on-tees CCG,3/31/2019,Cont Care- Adult 100% Fully Funded,CHC ADULT FULLY FUNDED,STOCKTON-ON-TEES BOROUGH COUNCIL,26425651,34291.83
Department of Health,NHS Hartlepool&stockton-on-tees CCG,3/31/2019,Cont Care- Adult Joint Funded,CHC ADULT JOINT FUNDED,HARTLEPOOL BOROUGH COUNCIL,26425647,292408.75
Department of Health,NHS Hartlepool&stockton-on-tees CCG,3/31/2019,Cont Care- Adult Joint Funded,CHC ADULT JOINT FUNDED,STOCKTON-ON-TEES BOROUGH COUNCIL,26425654,358714.50
Department of Health,NHS Hartlepool&stockton-on-tees CCG,3/31/2019,Cont Care- Adult Joint Funded,CHC ADULT JOINT FUNDED,STOCKTON-ON-TEES BOROUGH COUNCIL,26612414,200000.00
Department of Health,NHS Hartlepool&stockton-on-tees CCG,3/31/2019,Clinical&Medical-Othe Public Sector,REABLEMENT,HARTLEPOOL BOROUGH COUNCIL,26451824,1338010.75
Department of Health,NHS Hartlepool&stockton-on-tees CCG,3/31/2019,Clinical&Medical-Othe Public Sector,REABLEMENT,STOCKTON-ON-TEES BOROUGH COUNCIL,26602407,2346942.00
Department of Health,NHS Hartlepool&stockton-on-tees CCG,3/31/2019,Clinical&Medical-Othe Public Sector,COMMISSIONING - NON ACUTE,MIDDLESBROUGH COUNCIL,26459345,45893.08
Department of Health,NHS Hartlepool&stockton-on-tees CCG,3/31/2019,Clinical&Medical-Othe Public Sector,COMMISSIONING - NON ACUTE,MIDDLESBROUGH COUNCIL,26459347,27450.35
Department of Health,NHS Hartlepool&stockton-on-tees CCG,3/31/2019,Clinical&Medical-Othe Public Sector,COMMISSIONING - NON ACUTE,MIDDLESBROUGH COUNCIL,26459349,52407.42
Department of Health,NHS Hartlepool&stockton-on-tees CCG,3/31/2019,Clinical&Medical-Othe Public Sector,COMMISSIONING - NON ACUTE,MIDDLESBROUGH COUNCIL,26459350,42649.85
Department of Health,NHS Hartlepool&stockton-on-tees CCG,3/31/2019,Clinical&Medical-Othe Public Sector,COMMISSIONING - NON ACUTE,MIDDLESBROUGH COUNCIL,26459351,29729.03
Department of Health,NHS Hartlepool&stockton-on-tees CCG,3/31/2019,Clinical&Medical-Othe Public Sector,Mental Health Services - S117 Mental Health,HARTLEPOOL BOROUGH COUNCIL,26425648,109672.41
Department of Health,NHS Hartlepool&stockton-on-tees CCG,3/31/2019,Clinical&Medical-Othe Public Sector,Mental Health Services - S117 Mental Health,STOCKTON-ON-TEES BOROUGH COUNCIL,26425655,161638.44
Department of Health,NHS Hartlepool&stockton-on-tees CCG,3/31/2019,Cont Care-Funded Nursing Care Allow,FUNDED NURSING CARE,STOCKTON-ON-TEES BOROUGH COUNCIL,26425656,90406.31
Department of Health,NHS Hartlepool&stockton-on-tees CCG,3/31/2019,Income tax <1Yr,BALANCE SHEET,HMRC,26429407,29197.20
Department of Health,NHS Hartlepool&stockton-on-tees CCG,3/31/2019,Income tax <1Yr-Student Loans,BALANCE SHEET,HMRC,26429407,207.00
Department of Health,NHS Hartlepool&stockton-on-tees CCG,3/31/2019,National Insurance < 1 yr-NI- ERS,BALANCE SHEET,HMRC,26429407,17895.68
Department of Health,NHS Hartlepool&stockton-on-tees CCG,3/31/2019,National Insurance < 1 yr-NI-EES,BALANCE SHEET,HMRC,26429407,12560.13
Department of Health,NHS Hartlepool&stockton-on-tees CCG,3/31/2019,Statutory Mat Pay < 1 yr,BALANCE SHEET,HMRC,26429407,-323.32
Department of Health,NHS Hartlepool&stockton-on-tees CCG,3/31/2019,Continuing Care- Equipment,CHC ADULT FULLY FUNDED,MIDDLESBROUGH COUNCIL,26529390,48672.91
Department of Health,NHS Hartlepool&stockton-on-tees CCG,3/31/2019,Hcare Srv Rec NHS Trust,NCAS/OATS,LEEDS TEACHING HOSPITALS NHS TRUST,26550732,28874.96
Department of Health,NHS Hartlepool&stockton-on-tees CCG,3/31/2019,Voids and Subsidies,RECHARGES NHS PROPERTY SERVICES LTD,COMMUNITY HEALTH PARTNERSHIPS LTD,26560536,31318.58
Department of Health,NHS Hartlepool&stockton-on-tees CCG,3/31/2019,Voids and Subsidies,RECHARGES NHS PROPERTY SERVICES LTD,COMMUNITY HEALTH PARTNERSHIPS LTD,26560541,27503.96
Department of Health,NHS Hartlepool&stockton-on-tees CCG,3/31/2019,Voids and Subsidies,RECHARGES NHS PROPERTY SERVICES LTD,COMMUNITY HEALTH PARTNERSHIPS LTD,26560543,27503.96
Department of Health,NHS Hartlepool&stockton-on-tees CCG,3/31/2019,Voids and Subsidies,RECHARGES NHS PROPERTY SERVICES LTD,COMMUNITY HEALTH PARTNERSHIPS LTD,26560544,28937.64
Department of Health,NHS Hartlepool&stockton-on-tees CCG,3/31/2019,Voids and Subsidies,RECHARGES NHS PROPERTY SERVICES LTD,COMMUNITY HEALTH PARTNERSHIPS LTD,26560545,28937.64
Department of Health,NHS Hartlepool&stockton-on-tees CCG,3/31/2019,Voids and Subsidies,RECHARGES NHS PROPERTY SERVICES LTD,NHS PROPERTY SERVICES LTD,26550750,194755.84
Department of Health,NHS Hartlepool&stockton-on-tees CCG,3/31/2019,Services From Local Authorities,ADMINISTRATION & BUSINESS SUPPORT,STOCKTON-ON-TEES BOROUGH COUNCIL,26642033,85000.00
