00K NHS Hartlepool and Stockton CCG Invoices over �25k - July 2018,,,,,,,
Department family,Entity,Date,Expense Type,Expense area,Supplier,Transaction number,AP Amount �
Department of Health,NHS Hartlepool&stockton-on-tees CCG,7/31/2018,Clinical&Medical-Clinical Other,LOCAL ENHANCED SERVICES,HARTLEPOOL & STOCKTON HEALTH LTD,22728934,91235.25
Department of Health,NHS Hartlepool&stockton-on-tees CCG,7/31/2018,Clinical&Medical-Clinical Other,LOCAL ENHANCED SERVICES,HARTLEPOOL & STOCKTON HEALTH LTD,23178012,53333.33
Department of Health,NHS Hartlepool&stockton-on-tees CCG,7/31/2018,Clinical&Medical-Clinical Other,LOCAL ENHANCED SERVICES,HARTLEPOOL & STOCKTON HEALTH LTD,23178015,91235.25
Department of Health,NHS Hartlepool&stockton-on-tees CCG,7/31/2018,Hcare Srv Rec Fdtn Trust-Contract Baseline,ACUTE COMMISSIONING,COUNTY DURHAM AND DARLINGTON NHS FOUNDATION TRUST,23178017,106662.00
Department of Health,NHS Hartlepool&stockton-on-tees CCG,7/31/2018,Hcare Srv Rec Fdtn Trust-Contract Baseline,ACUTE COMMISSIONING,NEWCASTLE UPON TYNE HOSPITALS NHS FOUNDATION TRUST,22973123,296000.00
Department of Health,NHS Hartlepool&stockton-on-tees CCG,7/31/2018,Hcare Srv Rec Fdtn Trust-Contract Baseline,ACUTE COMMISSIONING,NORTH TEES & HARTLEPOOL NHS FOUNDATION TRUST,22853824,557510.00
Department of Health,NHS Hartlepool&stockton-on-tees CCG,7/31/2018,Hcare Srv Rec Fdtn Trust-Contract Baseline,ACUTE COMMISSIONING,NORTH TEES & HARTLEPOOL NHS FOUNDATION TRUST,22853830,12871188.00
Department of Health,NHS Hartlepool&stockton-on-tees CCG,7/31/2018,Hcare Srv Rec Fdtn Trust-Contract Baseline,ACUTE COMMISSIONING,NORTH TEES & HARTLEPOOL NHS FOUNDATION TRUST,22894074,144367.66
Department of Health,NHS Hartlepool&stockton-on-tees CCG,7/31/2018,Hcare Srv Rec Fdtn Trust-Contract Baseline,ACUTE COMMISSIONING,NORTH TEES & HARTLEPOOL NHS FOUNDATION TRUST,23217205,12871188.00
Department of Health,NHS Hartlepool&stockton-on-tees CCG,7/31/2018,Hcare Srv Rec Fdtn Trust-Contract Baseline,ACUTE COMMISSIONING,NORTH TEES & HARTLEPOOL NHS FOUNDATION TRUST,23217210,557510.00
Department of Health,NHS Hartlepool&stockton-on-tees CCG,7/31/2018,Hcare Srv Rec Fdtn Trust-Contract Baseline,ACUTE COMMISSIONING,NORTH TEES & HARTLEPOOL NHS FOUNDATION TRUST,23231094,131726.27
Department of Health,NHS Hartlepool&stockton-on-tees CCG,7/31/2018,Hcare Srv Rec Fdtn Trust-Contract Baseline,ACUTE COMMISSIONING,SOUTH TEES HOSPITALS NHS FOUNDATION TRUST,23231193,2932250.00
Department of Health,NHS Hartlepool&stockton-on-tees CCG,7/31/2018,Hcare Srv Rec Fdtn Trust-Contract Baseline,AMBULANCE SERVICES,NORTH EAST AMBULANCE SERVICES NHS TRUST,23014574,928002.00
Department of Health,NHS Hartlepool&stockton-on-tees CCG,7/31/2018,Hcare Srv Rec Fdtn Trust-Contract Baseline,COMMUNITY SERVICES,NORTH TEES & HARTLEPOOL NHS FOUNDATION TRUST,22853828,2237576.00
Department of Health,NHS Hartlepool&stockton-on-tees CCG,7/31/2018,Hcare Srv Rec Fdtn Trust-Contract Baseline,COMMUNITY SERVICES,NORTH TEES & HARTLEPOOL NHS FOUNDATION TRUST,22894072,-28747.96
Department of Health,NHS Hartlepool&stockton-on-tees CCG,7/31/2018,Hcare Srv Rec Fdtn Trust-Contract Baseline,COMMUNITY SERVICES,NORTH TEES & HARTLEPOOL NHS FOUNDATION TRUST,23217213,2237576.00
Department of Health,NHS Hartlepool&stockton-on-tees CCG,7/31/2018,Hcare Srv Rec Fdtn Trust-Contract Baseline,COMMUNITY SERVICES,SOUTH TEES HOSPITALS NHS FOUNDATION TRUST,23231194,37315.00
Department of Health,NHS Hartlepool&stockton-on-tees CCG,7/31/2018,Hcare Srv Rec Fdtn Trust-Contract Baseline,MENTAL HEALTH CONTRACTS,TEES ESK & WEAR VALLEYS NHS FOUNDATION TRUST,22918449,2853427.65
Department of Health,NHS Hartlepool&stockton-on-tees CCG,7/31/2018,Hcare Srv Rec Fdtn Trust-Contract Baseline,NHS 111,NORTH EAST AMBULANCE SERVICES NHS TRUST,23014575,73651.50
Department of Health,NHS Hartlepool&stockton-on-tees CCG,7/31/2018,Clinical&Medical-Voluntary Sector,HOSPICES,BUTTERWICK HOSPICE CARE,22859783,39827.08
Department of Health,NHS Hartlepool&stockton-on-tees CCG,7/31/2018,Clinical&Medical-Voluntary Sector,HOSPICES,HARTLEPOOL & DISTRICT HOSPICE,23245760,34350.58
Department of Health,NHS Hartlepool&stockton-on-tees CCG,7/31/2018,Clinical&Medical-Voluntary Sector,IMPROVING ACCESS TO PSYCHOLOGICAL THERAPIES,HARTLEPOOL MIND,23042910,83856.66
Department of Health,NHS Hartlepool&stockton-on-tees CCG,7/31/2018,Clinical&Medical-Voluntary Sector,IMPROVING ACCESS TO PSYCHOLOGICAL THERAPIES,HARTLEPOOL MIND,23063617,25347.00
Department of Health,NHS Hartlepool&stockton-on-tees CCG,7/31/2018,Clinical&Medical-Voluntary Sector,IMPROVING ACCESS TO PSYCHOLOGICAL THERAPIES,MIDDLESBROUGH & STOCKON MIND,23080148,29752.56
Department of Health,NHS Hartlepool&stockton-on-tees CCG,7/31/2018,Clinical&Medical-Voluntary Sector,LONG TERM CONDITIONS,TEESSIDE HOSPICE CARE FOUNDATION,22974372,60029.37
Department of Health,NHS Hartlepool&stockton-on-tees CCG,7/31/2018,Clinical&Medical-Independent Sector,ACUTE COMMISSIONING,BMI HEALTHCARE LTD,22882015,58927.72
Department of Health,NHS Hartlepool&stockton-on-tees CCG,7/31/2018,Clinical&Medical-Independent Sector,ACUTE COMMISSIONING,BMI HEALTHCARE LTD,23156976,58927.72
Department of Health,NHS Hartlepool&stockton-on-tees CCG,7/31/2018,Clinical&Medical-Independent Sector,ACUTE COMMISSIONING,TEES VALLEY HOSPITAL,23232909,102493.00
Department of Health,NHS Hartlepool&stockton-on-tees CCG,7/31/2018,Clinical&Medical-Independent Sector,IMPROVING ACCESS TO PSYCHOLOGICAL THERAPIES,ALLIANCE PSYCHOLOGICAL SERVICES LTD,23064508,111469.30
Department of Health,NHS Hartlepool&stockton-on-tees CCG,7/31/2018,Clinical&Medical-Independent Sector,IMPROVING ACCESS TO PSYCHOLOGICAL THERAPIES,NHS DARLINGTON CCG,23213285,78165.00
Department of Health,NHS Hartlepool&stockton-on-tees CCG,7/31/2018,Clinical&Medical-Independent Sector,IMPROVING ACCESS TO PSYCHOLOGICAL THERAPIES,STARFISH HEALTH & WELLBEING,23014573,31641.92
Department of Health,NHS Hartlepool&stockton-on-tees CCG,7/31/2018,Clinical&Medical-Independent Sector,Learning Difficulties - S117,MENCAP,23200615,28774.57
Department of Health,NHS Hartlepool&stockton-on-tees CCG,7/31/2018,C&M-GMS/PMS,LOCAL ENHANCED SERVICES,ARRIVAL PRACTICE,22949961,9964.08
Department of Health,NHS Hartlepool&stockton-on-tees CCG,7/31/2018,C&M-GMS/PMS,LOCAL ENHANCED SERVICES,PARK LANE SURGERY STOCKTON TEES,23083215,-30746.50
Department of Health,NHS Hartlepool&stockton-on-tees CCG,7/31/2018,C&M-GMS/PMS,LOCAL ENHANCED SERVICES,PARK LANE SURGERY STOCKTON TEES,23083216,64282.07
Department of Health,NHS Hartlepool&stockton-on-tees CCG,7/31/2018,C&M-GMS/PMS,PRC DELEGATED CO-COMMISSIONING,ALMA MEDICAL CENTRE,22949959,115646.68
Department of Health,NHS Hartlepool&stockton-on-tees CCG,7/31/2018,C&M-GMS/PMS,PRC DELEGATED CO-COMMISSIONING,ARRIVAL PRACTICE,22949961,18689.38
Department of Health,NHS Hartlepool&stockton-on-tees CCG,7/31/2018,C&M-GMS/PMS,PRC DELEGATED CO-COMMISSIONING,BANK HOUSE SURGERY HARTLEPOOL,22978168,145657.73
Department of Health,NHS Hartlepool&stockton-on-tees CCG,7/31/2018,C&M-GMS/PMS,PRC DELEGATED CO-COMMISSIONING,DR S RASOOL,22951964,28023.65
Department of Health,NHS Hartlepool&stockton-on-tees CCG,7/31/2018,C&M-GMS/PMS,PRC DELEGATED CO-COMMISSIONING,DRS WILLIAMS & OLIVER,22951966,39772.83
Department of Health,NHS Hartlepool&stockton-on-tees CCG,7/31/2018,C&M-GMS/PMS,PRC DELEGATED CO-COMMISSIONING,EAGLESCLIFFE MEDICAL PRACTICE,22951968,77087.83
Department of Health,NHS Hartlepool&stockton-on-tees CCG,7/31/2018,C&M-GMS/PMS,PRC DELEGATED CO-COMMISSIONING,ELM TREE SURGERY,22952014,46002.40
Department of Health,NHS Hartlepool&stockton-on-tees CCG,7/31/2018,C&M-GMS/PMS,PRC DELEGATED CO-COMMISSIONING,GLADSTONE HOUSE SURGERY HARTLEPOOL,22951970,60384.39
Department of Health,NHS Hartlepool&stockton-on-tees CCG,7/31/2018,C&M-GMS/PMS,PRC DELEGATED CO-COMMISSIONING,HART MEDICAL PRACTICE,22951972,92576.11
Department of Health,NHS Hartlepool&stockton-on-tees CCG,7/31/2018,C&M-GMS/PMS,PRC DELEGATED CO-COMMISSIONING,HAVELOCK GRANGE PRACTICE,22951974,216806.48
Department of Health,NHS Hartlepool&stockton-on-tees CCG,7/31/2018,C&M-GMS/PMS,PRC DELEGATED CO-COMMISSIONING,HEADLAND MEDICAL CENTRE,22951976,62682.03
Department of Health,NHS Hartlepool&stockton-on-tees CCG,7/31/2018,C&M-GMS/PMS,PRC DELEGATED CO-COMMISSIONING,KINGSWAY MEDICAL CENTRE,22951980,84504.63
Department of Health,NHS Hartlepool&stockton-on-tees CCG,7/31/2018,C&M-GMS/PMS,PRC DELEGATED CO-COMMISSIONING,KOH & PARTNER,22951978,49639.82
Department of Health,NHS Hartlepool&stockton-on-tees CCG,7/31/2018,C&M-GMS/PMS,PRC DELEGATED CO-COMMISSIONING,MARSH HOUSE MEDICAL CENTRE,22951982,84147.39
Department of Health,NHS Hartlepool&stockton-on-tees CCG,7/31/2018,C&M-GMS/PMS,PRC DELEGATED CO-COMMISSIONING,MCKENZIE HOUSE SURGERY,22951984,187720.51
Department of Health,NHS Hartlepool&stockton-on-tees CCG,7/31/2018,C&M-GMS/PMS,PRC DELEGATED CO-COMMISSIONING,MCKENZIE HOUSE SURGERY,22952018,90247.35
Department of Health,NHS Hartlepool&stockton-on-tees CCG,7/31/2018,C&M-GMS/PMS,PRC DELEGATED CO-COMMISSIONING,NORTON MEDICAL CENTRE,22951988,151847.23
Department of Health,NHS Hartlepool&stockton-on-tees CCG,7/31/2018,C&M-GMS/PMS,PRC DELEGATED CO-COMMISSIONING,PARK LANE SURGERY STOCKTON TEES,22951989,-25220.93
Department of Health,NHS Hartlepool&stockton-on-tees CCG,7/31/2018,C&M-GMS/PMS,PRC DELEGATED CO-COMMISSIONING,PARK LANE SURGERY STOCKTON TEES,22951990,40051.62
Department of Health,NHS Hartlepool&stockton-on-tees CCG,7/31/2018,C&M-GMS/PMS,PRC DELEGATED CO-COMMISSIONING,PARK LANE SURGERY STOCKTON TEES,23083215,-2780.80
Department of Health,NHS Hartlepool&stockton-on-tees CCG,7/31/2018,C&M-GMS/PMS,PRC DELEGATED CO-COMMISSIONING,PARK LANE SURGERY STOCKTON TEES,23083216,12002.14
Department of Health,NHS Hartlepool&stockton-on-tees CCG,7/31/2018,C&M-GMS/PMS,PRC DELEGATED CO-COMMISSIONING,QUEENS PARK MEDICAL CENTRE,22951992,175999.55
Department of Health,NHS Hartlepool&stockton-on-tees CCG,7/31/2018,C&M-GMS/PMS,PRC DELEGATED CO-COMMISSIONING,QUEENSTREE PRACTICE,22951994,36020.76
Department of Health,NHS Hartlepool&stockton-on-tees CCG,7/31/2018,C&M-GMS/PMS,PRC DELEGATED CO-COMMISSIONING,RIVERSIDE MEDICAL CENTRE STOCKTON TEES,22951997,42862.11
Department of Health,NHS Hartlepool&stockton-on-tees CCG,7/31/2018,C&M-GMS/PMS,PRC DELEGATED CO-COMMISSIONING,RIVERSIDE MEDICAL CENTRE STOCKTON TEES,22952016,60919.48
Department of Health,NHS Hartlepool&stockton-on-tees CCG,7/31/2018,C&M-GMS/PMS,PRC DELEGATED CO-COMMISSIONING,ROSEBERRY PRACTICE,22978169,110299.38
Department of Health,NHS Hartlepool&stockton-on-tees CCG,7/31/2018,C&M-GMS/PMS,PRC DELEGATED CO-COMMISSIONING,SEATON SURGERY,22951999,32337.24
Department of Health,NHS Hartlepool&stockton-on-tees CCG,7/31/2018,C&M-GMS/PMS,PRC DELEGATED CO-COMMISSIONING,T THE DOVECOT SURGERY,22952003,86972.75
Department of Health,NHS Hartlepool&stockton-on-tees CCG,7/31/2018,C&M-GMS/PMS,PRC DELEGATED CO-COMMISSIONING,TENNANT STREET MEDICAL PRACTICE,22952004,-32640.26
Department of Health,NHS Hartlepool&stockton-on-tees CCG,7/31/2018,C&M-GMS/PMS,PRC DELEGATED CO-COMMISSIONING,TENNANT STREET MEDICAL PRACTICE,22952005,148314.30
Department of Health,NHS Hartlepool&stockton-on-tees CCG,7/31/2018,C&M-GMS/PMS,PRC DELEGATED CO-COMMISSIONING,THORNABY & BARWICK MEDICAL GROUP,22952001,180835.24
Department of Health,NHS Hartlepool&stockton-on-tees CCG,7/31/2018,C&M-GMS/PMS,PRC DELEGATED CO-COMMISSIONING,WEST VIEW MILLENNIUM SURGERY,22978171,71304.81
Department of Health,NHS Hartlepool&stockton-on-tees CCG,7/31/2018,C&M-GMS/PMS,PRC DELEGATED CO-COMMISSIONING,WOODBRIDGE PRACTICE,22952007,140528.64
Department of Health,NHS Hartlepool&stockton-on-tees CCG,7/31/2018,C&M-GMS/PMS,PRC DELEGATED CO-COMMISSIONING,WOODLANDS FAMILY MEDICAL CENTRE,22952009,121151.74
Department of Health,NHS Hartlepool&stockton-on-tees CCG,7/31/2018,C&M-GMS/PMS,PRC DELEGATED CO-COMMISSIONING,YARM MEDICAL CENTRE,22952011,124252.12
Department of Health,NHS Hartlepool&stockton-on-tees CCG,7/31/2018,C&M-GMS/PMS,PRC DELEGATED CO-COMMISSIONING,YORK ROAD SURGERY HARTLEPOOL,22978172,110912.71
Department of Health,NHS Hartlepool&stockton-on-tees CCG,7/31/2018,Charges from CSU,ADMINISTRATION & BUSINESS SUPPORT,NHS NORTH OF ENGLAND CSU,23014449,220518.10
Department of Health,NHS Hartlepool&stockton-on-tees CCG,7/31/2018,Charges from CSU,CONTINUING HEALTHCARE ASSESSMENT & SUPPORT,NHS NORTH OF ENGLAND CSU,23014449,142500.00
Department of Health,NHS Hartlepool&stockton-on-tees CCG,7/31/2018,Charges from CSU,MEDICINES MANAGEMENT - CLINICAL,NHS NORTH OF ENGLAND CSU,23014449,90073.90
Department of Health,NHS Hartlepool&stockton-on-tees CCG,7/31/2018,Charges from CSU,PRIMARY CARE IT,NHS NORTH OF ENGLAND CSU,23255602,61455.00
Department of Health,NHS Hartlepool&stockton-on-tees CCG,7/31/2018,Income tax <1Yr,BALANCE SHEET,HMRC,23016977,30651.00
Department of Health,NHS Hartlepool&stockton-on-tees CCG,7/31/2018,Income tax <1Yr-Student Loans,BALANCE SHEET,HMRC,23016977,305.00
Department of Health,NHS Hartlepool&stockton-on-tees CCG,7/31/2018,National Insurance < 1 yr-NI- ERS,BALANCE SHEET,HMRC,23016977,17814.69
Department of Health,NHS Hartlepool&stockton-on-tees CCG,7/31/2018,National Insurance < 1 yr-NI-EES,BALANCE SHEET,HMRC,23016977,12295.64
Department of Health,NHS Hartlepool&stockton-on-tees CCG,7/31/2018,Cont Care- Prior Year Payments,CHC ADULT FULLY FUNDED,HARTLEPOOL BOROUGH COUNCIL,23200277,31103.60
Department of Health,NHS Hartlepool&stockton-on-tees CCG,7/31/2018,Cont Care- Prior Year Payments,CHC ADULT FULLY FUNDED,HARTLEPOOL BOROUGH COUNCIL,23200278,39666.80
Department of Health,NHS Hartlepool&stockton-on-tees CCG,7/31/2018,Cont Care-Learning Disab(<65),CHC ADULT FULLY FUNDED,HARTLEPOOL BOROUGH COUNCIL,23228005,31103.60
Department of Health,NHS Hartlepool&stockton-on-tees CCG,7/31/2018,Cont Care-Learning Disab(<65),CHC ADULT FULLY FUNDED,HARTLEPOOL BOROUGH COUNCIL,23228030,39666.80
Department of Health,NHS Hartlepool&stockton-on-tees CCG,7/31/2018,Cont Care-Learning Disab(<65),CHC ADULT FULLY FUNDED,HESLEY GROUP,23200432,34223.78
Department of Health,NHS Hartlepool&stockton-on-tees CCG,7/31/2018,Cont Care-Learning Disab(<65),CHC ADULT FULLY FUNDED,HESLEY GROUP,23200433,34223.78
Department of Health,NHS Hartlepool&stockton-on-tees CCG,7/31/2018,Cont Care-Learning Disab(<65),ADULT JOINT FUNDED CONTINUING CARE,MYLIFE SUPPORTED LIVING LTD,23200624,47064.69
Department of Health,NHS Hartlepool&stockton-on-tees CCG,7/31/2018,Cont Care-Physical Disab (<65),CHC ADULT FULLY FUNDED,VOYAGE SPECIALIST HEALTH CARE LTD,23200616,26142.86
Department of Health,NHS Hartlepool&stockton-on-tees CCG,7/31/2018,Cont Care- Adult 100% Fully Funded,CHC ADULT FULLY FUNDED,HARTLEPOOL BOROUGH COUNCIL,23200689,29851.65
Department of Health,NHS Hartlepool&stockton-on-tees CCG,7/31/2018,Cont Care- Adult 100% Fully Funded,CHC ADULT FULLY FUNDED,STOCKTON-ON-TEES BOROUGH COUNCIL,23200695,34291.83
Department of Health,NHS Hartlepool&stockton-on-tees CCG,7/31/2018,Cont Care- Adult Joint Funded,CHC ADULT JOINT FUNDED,HARTLEPOOL BOROUGH COUNCIL,23200691,292408.75
Department of Health,NHS Hartlepool&stockton-on-tees CCG,7/31/2018,Cont Care- Adult Joint Funded,CHC ADULT JOINT FUNDED,STOCKTON-ON-TEES BOROUGH COUNCIL,23200698,358714.50
Department of Health,NHS Hartlepool&stockton-on-tees CCG,7/31/2018,Clinical&Medical-Othe Public Sector,Mental Health Services - S117 Mental Health,HARTLEPOOL BOROUGH COUNCIL,23200692,109672.41
Department of Health,NHS Hartlepool&stockton-on-tees CCG,7/31/2018,Clinical&Medical-Othe Public Sector,Mental Health Services - S117 Mental Health,STOCKTON-ON-TEES BOROUGH COUNCIL,23200699,161638.44
Department of Health,NHS Hartlepool&stockton-on-tees CCG,7/31/2018,Cont Care-Funded Nursing Care Allow,FUNDED NURSING CARE,STOCKTON-ON-TEES BOROUGH COUNCIL,23200700,90406.31
Department of Health,NHS Hartlepool&stockton-on-tees CCG,7/31/2018,Continuing Care- Equipment,CHC ADULT FULLY FUNDED,MIDDLESBROUGH COUNCIL,23228047,76762.88
