Leicester City CCG,,,,,,,,,
Financial Performance 2018/19 Month 04,,,,,,,,,
Appendix - Expenditure > �25k,,,,,,,,,
,,,,,,,,,
,,,,,,,,,
Department family,Entity,Date,Expense Type,Expense area,Supplier,Transaction number,AP Amount (�),VAT registration number,Purchase invoice number
Department of Health,NHS Leicester City CCG,7/31/2018,C&M-GMS DES Minor Surgery,PRC DELEGATED CO-COMMISSIONING,BEAUMONT LODGE MEDICAL PRACTICE,23051341,"2,182.88 ",,LD000041760
Department of Health,NHS Leicester City CCG,7/31/2018,C&M-GMS Global Sum,PRC DELEGATED CO-COMMISSIONING,BEAUMONT LODGE MEDICAL PRACTICE,23051341,"46,763.41 ",,LD000041760
Department of Health,NHS Leicester City CCG,7/31/2018,C&M-GMS MPIG Correction Factor,PRC DELEGATED CO-COMMISSIONING,BEAUMONT LODGE MEDICAL PRACTICE,23051341,"1,207.30 ",,LD000041760
Department of Health,NHS Leicester City CCG,7/31/2018,C&M-GMS Prem Clinical Waste,PRC DELEGATED CO-COMMISSIONING,BEAUMONT LODGE MEDICAL PRACTICE,23051341,407.60 ,,LD000041760
Department of Health,NHS Leicester City CCG,7/31/2018,C&M-GMS Prem Notional Rent,PRC DELEGATED CO-COMMISSIONING,BEAUMONT LODGE MEDICAL PRACTICE,23051341,"3,999.09 ",,LD000041760
Department of Health,NHS Leicester City CCG,7/31/2018,C&M-GMS Prem Water Rates,PRC DELEGATED CO-COMMISSIONING,BEAUMONT LODGE MEDICAL PRACTICE,23051341,292.00 ,,LD000041760
Department of Health,NHS Leicester City CCG,7/31/2018,C&M-GMS QOF Aspiration,PRC DELEGATED CO-COMMISSIONING,BEAUMONT LODGE MEDICAL PRACTICE,23051341,"4,000.51 ",,LD000041760
Department of Health,NHS Leicester City CCG,7/31/2018,Clinical&Medical-Independent Sector,ACUTE COMMISSIONING,CHAS A BLATCHFORD&SONS LTD,23038121,"209,185.00 ",,9303722
Department of Health,NHS Leicester City CCG,7/31/2018,C&M-GMS Global Sum,PRC DELEGATED CO-COMMISSIONING,CLARENDON PARK MEDICAL CENTRE,23051337,"36,493.60 ",,LD000041754
Department of Health,NHS Leicester City CCG,7/31/2018,C&M-GMS PCO Other,PRC DELEGATED CO-COMMISSIONING,CLARENDON PARK MEDICAL CENTRE,23051337,"3,513.00 ",,LD000041754
Department of Health,NHS Leicester City CCG,7/31/2018,C&M-GMS Prem Notional Rent,PRC DELEGATED CO-COMMISSIONING,CLARENDON PARK MEDICAL CENTRE,23051337,"3,320.83 ",,LD000041754
Department of Health,NHS Leicester City CCG,7/31/2018,C&M-GMS Prem Water Rates,PRC DELEGATED CO-COMMISSIONING,CLARENDON PARK MEDICAL CENTRE,23051337,168.26 ,,LD000041754
Department of Health,NHS Leicester City CCG,7/31/2018,C&M-GMS QOF Aspiration,PRC DELEGATED CO-COMMISSIONING,CLARENDON PARK MEDICAL CENTRE,23051337,"3,641.66 ",,LD000041754
Department of Health,NHS Leicester City CCG,7/31/2018,C&M-GMS Prem Rent Other,PRC DELEGATED CO-COMMISSIONING,COMMUNITY HEALTH PARTNERSHIPS LTD,22987518,"22,866.63 ",GB782562113,0060073533
Department of Health,NHS Leicester City CCG,7/31/2018,Voids and Subsidies,RECHARGES NHS PROPERTY SERVICES LTD,COMMUNITY HEALTH PARTNERSHIPS LTD,22987518,"172,868.47 ",GB782562113,0060073533
Department of Health,NHS Leicester City CCG,7/31/2018,C&M-APMS Contract Value,PRC DELEGATED CO-COMMISSIONING,DHU 111 (EAST MIDLANDS) CIC,22897015,"69,887.38 ",GB257028406,LD000041597
Department of Health,NHS Leicester City CCG,7/31/2018,C&M-APMS Prem Clinical Waste,PRC DELEGATED CO-COMMISSIONING,DHU 111 (EAST MIDLANDS) CIC,22897015,49.01 ,GB257028406,LD000041597
Department of Health,NHS Leicester City CCG,7/31/2018,C&M-APMS Prem Healthcentre Rates,PRC DELEGATED CO-COMMISSIONING,DHU 111 (EAST MIDLANDS) CIC,22897015,"2,163.00 ",GB257028406,LD000041597
Department of Health,NHS Leicester City CCG,7/31/2018,C&M-APMS Prem Healthcentre Rent,PRC DELEGATED CO-COMMISSIONING,DHU 111 (EAST MIDLANDS) CIC,22897015,"16,936.92 ",GB257028406,LD000041597
Department of Health,NHS Leicester City CCG,7/31/2018,C&M-APMS Prem Water Rates,PRC DELEGATED CO-COMMISSIONING,DHU 111 (EAST MIDLANDS) CIC,22897015,154.65 ,GB257028406,LD000041597
Department of Health,NHS Leicester City CCG,7/31/2018,C&M-PMS QOF Aspiration,PRC DELEGATED CO-COMMISSIONING,DHU 111 (EAST MIDLANDS) CIC,22897015,"3,087.51 ",GB257028406,LD000041597
Department of Health,NHS Leicester City CCG,7/31/2018,C&M-APMS Contract Value,PRC DELEGATED CO-COMMISSIONING,DHU 111 (EAST MIDLANDS) CIC,22897032,"33,199.44 ",GB257028406,LD000041607
Department of Health,NHS Leicester City CCG,7/31/2018,C&M-APMS Prem Healthcentre Rates,PRC DELEGATED CO-COMMISSIONING,DHU 111 (EAST MIDLANDS) CIC,22897032,"1,342.07 ",GB257028406,LD000041607
Department of Health,NHS Leicester City CCG,7/31/2018,C&M-APMS Prem Healthcentre Rent,PRC DELEGATED CO-COMMISSIONING,DHU 111 (EAST MIDLANDS) CIC,22897032,"5,500.00 ",GB257028406,LD000041607
Department of Health,NHS Leicester City CCG,7/31/2018,C&M-APMS Prem Water Rates,PRC DELEGATED CO-COMMISSIONING,DHU 111 (EAST MIDLANDS) CIC,22897032,86.19 ,GB257028406,LD000041607
Department of Health,NHS Leicester City CCG,7/31/2018,C&M-PMS QOF Aspiration,PRC DELEGATED CO-COMMISSIONING,DHU 111 (EAST MIDLANDS) CIC,22897032,806.11 ,GB257028406,LD000041607
Department of Health,NHS Leicester City CCG,7/31/2018,Clinical&Medical-Independent Sector,NHS 111,DHU 111 (EAST MIDLANDS) CIC,23190988,"109,402.78 ",GB257028406,SINV00678
Department of Health,NHS Leicester City CCG,7/31/2018,Clinical&Medical-Clinical Other,OUT OF HOURS,DHU HEALTH CARE CIC,22929060,"74,272.45 ",257028406,SINV17012
Department of Health,NHS Leicester City CCG,7/31/2018,Clinical&Medical-Clinical Other,OUT OF HOURS,DHU HEALTH CARE CIC,23191019,"27,604.99 ",257028406,SINV17042
Department of Health,NHS Leicester City CCG,7/31/2018,Clinical&Medical-Clinical Other,OUT OF HOURS,DHU HEALTH CARE CIC,23191026,"74,272.45 ",257028406,SINV17036
Department of Health,NHS Leicester City CCG,7/31/2018,Clinical&Medical-Clinical Other,OUT OF HOURS,DHU HEALTH CARE CIC,23191036,"227,587.50 ",257028406,SINV17032
Department of Health,NHS Leicester City CCG,7/31/2018,Clinical&Medical-Clinical Other,OUT OF HOURS,DHU HEALTH CARE CIC,23191042,"125,082.39 ",257028406,SINV17039
Department of Health,NHS Leicester City CCG,7/31/2018,C&M-GMS DES Minor Surgery,PRC DELEGATED CO-COMMISSIONING,DR AJJ BENTLEY & PARTNERS,23051272,"2,223.48 ",,LD000041678
Department of Health,NHS Leicester City CCG,7/31/2018,C&M-GMS Global Sum,PRC DELEGATED CO-COMMISSIONING,DR AJJ BENTLEY & PARTNERS,23051272,"49,178.62 ",,LD000041678
Department of Health,NHS Leicester City CCG,7/31/2018,C&M-GMS Prem Notional Rent,PRC DELEGATED CO-COMMISSIONING,DR AJJ BENTLEY & PARTNERS,23051272,"4,904.67 ",,LD000041678
Department of Health,NHS Leicester City CCG,7/31/2018,C&M-GMS Prem Water Rates,PRC DELEGATED CO-COMMISSIONING,DR AJJ BENTLEY & PARTNERS,23051272,485.09 ,,LD000041678
Department of Health,NHS Leicester City CCG,7/31/2018,C&M-GMS QOF Aspiration,PRC DELEGATED CO-COMMISSIONING,DR AJJ BENTLEY & PARTNERS,23051272,"6,803.48 ",,LD000041678
Department of Health,NHS Leicester City CCG,7/31/2018,C&M-GMS Global Sum,PRC DELEGATED CO-COMMISSIONING,DR ARCHER R P & PARTNER,23052565,"24,868.32 ",,LD000041682
Department of Health,NHS Leicester City CCG,7/31/2018,C&M-GMS MPIG Correction Factor,PRC DELEGATED CO-COMMISSIONING,DR ARCHER R P & PARTNER,23052565,253.97 ,,LD000041682
Department of Health,NHS Leicester City CCG,7/31/2018,C&M-GMS PCO Other,PRC DELEGATED CO-COMMISSIONING,DR ARCHER R P & PARTNER,23052565,"2,460.00 ",,LD000041682
Department of Health,NHS Leicester City CCG,7/31/2018,C&M-GMS Prem Notional Rent,PRC DELEGATED CO-COMMISSIONING,DR ARCHER R P & PARTNER,23052565,"1,666.67 ",,LD000041682
Department of Health,NHS Leicester City CCG,7/31/2018,C&M-GMS Prem Rates,PRC DELEGATED CO-COMMISSIONING,DR ARCHER R P & PARTNER,23052565,"2,726.30 ",,LD000041682
Department of Health,NHS Leicester City CCG,7/31/2018,C&M-GMS Prem Water Rates,PRC DELEGATED CO-COMMISSIONING,DR ARCHER R P & PARTNER,23052565,217.97 ,,LD000041682
Department of Health,NHS Leicester City CCG,7/31/2018,C&M-GMS QOF Aspiration,PRC DELEGATED CO-COMMISSIONING,DR ARCHER R P & PARTNER,23052565,"2,243.82 ",,LD000041682
Department of Health,NHS Leicester City CCG,7/31/2018,C&M-GMS DES Minor Surgery,PRC DELEGATED CO-COMMISSIONING,DR BAILEY S A & PARTNERS,23051270,"2,528.75 ",,LD000041676
Department of Health,NHS Leicester City CCG,7/31/2018,C&M-GMS Global Sum,PRC DELEGATED CO-COMMISSIONING,DR BAILEY S A & PARTNERS,23051270,"40,984.15 ",,LD000041676
Department of Health,NHS Leicester City CCG,7/31/2018,C&M-GMS MPIG Correction Factor,PRC DELEGATED CO-COMMISSIONING,DR BAILEY S A & PARTNERS,23051270,"1,793.73 ",,LD000041676
Department of Health,NHS Leicester City CCG,7/31/2018,C&M-GMS PCO Doctors Ret Scheme,PRC DELEGATED CO-COMMISSIONING,DR BAILEY S A & PARTNERS,23051270,"1,333.28 ",,LD000041676
Department of Health,NHS Leicester City CCG,7/31/2018,C&M-GMS Prem Actual Rent,PRC DELEGATED CO-COMMISSIONING,DR BAILEY S A & PARTNERS,23051270,290.50 ,,LD000041676
Department of Health,NHS Leicester City CCG,7/31/2018,C&M-GMS Prem Clinical Waste,PRC DELEGATED CO-COMMISSIONING,DR BAILEY S A & PARTNERS,23051270,242.02 ,,LD000041676
Department of Health,NHS Leicester City CCG,7/31/2018,C&M-GMS QOF Aspiration,PRC DELEGATED CO-COMMISSIONING,DR BAILEY S A & PARTNERS,23051270,"4,917.16 ",,LD000041676
Department of Health,NHS Leicester City CCG,7/31/2018,C&M-PMS Baseline Adjustment,PRC DELEGATED CO-COMMISSIONING,DR CROSS I B & PTNRS,22896990,"118,472.90 ",,LD000041583
Department of Health,NHS Leicester City CCG,7/31/2018,C&M-PMS PCO Seniority,PRC DELEGATED CO-COMMISSIONING,DR CROSS I B & PTNRS,22896990,960.64 ,,LD000041583
Department of Health,NHS Leicester City CCG,7/31/2018,C&M-PMS Prem Healthcentre Rent,PRC DELEGATED CO-COMMISSIONING,DR CROSS I B & PTNRS,22896990,"46,556.08 ",,LD000041583
Department of Health,NHS Leicester City CCG,7/31/2018,C&M-PMS Prem Water Rates,PRC DELEGATED CO-COMMISSIONING,DR CROSS I B & PTNRS,22896990,134.30 ,,LD000041583
Department of Health,NHS Leicester City CCG,7/31/2018,C&M-PMS Prof fees Prescribing,PRC DELEGATED CO-COMMISSIONING,DR CROSS I B & PTNRS,22896990,444.00 ,,LD000041583
Department of Health,NHS Leicester City CCG,7/31/2018,C&M-PMS QOF Aspiration,PRC DELEGATED CO-COMMISSIONING,DR CROSS I B & PTNRS,22896990,"4,594.90 ",,LD000041583
Department of Health,NHS Leicester City CCG,7/31/2018,C&M-GMS Global Sum,PRC DELEGATED CO-COMMISSIONING,DR DOCRAT F,23051276,"29,492.55 ",,LD000041686
Department of Health,NHS Leicester City CCG,7/31/2018,C&M-GMS MPIG Correction Factor,PRC DELEGATED CO-COMMISSIONING,DR DOCRAT F,23051276,"1,403.47 ",,LD000041686
Department of Health,NHS Leicester City CCG,7/31/2018,C&M-GMS Prem Healthcentre Rates,PRC DELEGATED CO-COMMISSIONING,DR DOCRAT F,23051276,881.75 ,,LD000041686
Department of Health,NHS Leicester City CCG,7/31/2018,C&M-GMS Prem Healthcentre Rent,PRC DELEGATED CO-COMMISSIONING,DR DOCRAT F,23051276,"8,036.16 ",,LD000041686
Department of Health,NHS Leicester City CCG,7/31/2018,C&M-GMS Prem Water Rates,PRC DELEGATED CO-COMMISSIONING,DR DOCRAT F,23051276,68.92 ,,LD000041686
Department of Health,NHS Leicester City CCG,7/31/2018,C&M-GMS QOF Aspiration,PRC DELEGATED CO-COMMISSIONING,DR DOCRAT F,23051276,"3,437.03 ",,LD000041686
Department of Health,NHS Leicester City CCG,7/31/2018,C&M-GMS DES Minor Surgery,PRC DELEGATED CO-COMMISSIONING,DR DURANT A J & PARTNERS,23051278,"1,916.25 ",,LD000041688
Department of Health,NHS Leicester City CCG,7/31/2018,C&M-GMS Global Sum,PRC DELEGATED CO-COMMISSIONING,DR DURANT A J & PARTNERS,23051278,"76,362.19 ",,LD000041688
Department of Health,NHS Leicester City CCG,7/31/2018,C&M-GMS MPIG Correction Factor,PRC DELEGATED CO-COMMISSIONING,DR DURANT A J & PARTNERS,23051278,554.44 ,,LD000041688
Department of Health,NHS Leicester City CCG,7/31/2018,C&M-GMS Prem Actual Rent,PRC DELEGATED CO-COMMISSIONING,DR DURANT A J & PARTNERS,23051278,484.58 ,,LD000041688
Department of Health,NHS Leicester City CCG,7/31/2018,C&M-GMS Prem Notional Rent,PRC DELEGATED CO-COMMISSIONING,DR DURANT A J & PARTNERS,23051278,"1,916.67 ",,LD000041688
Department of Health,NHS Leicester City CCG,7/31/2018,C&M-GMS Prem Water Rates,PRC DELEGATED CO-COMMISSIONING,DR DURANT A J & PARTNERS,23051278,352.09 ,,LD000041688
Department of Health,NHS Leicester City CCG,7/31/2018,C&M-GMS QOF Aspiration,PRC DELEGATED CO-COMMISSIONING,DR DURANT A J & PARTNERS,23051278,"7,524.90 ",,LD000041688
Department of Health,NHS Leicester City CCG,7/31/2018,C&M-GMS DES Minor Surgery,PRC DELEGATED CO-COMMISSIONING,DR G D COOK & PARTNERS,23052573,"2,049.32 ",,LD000041692
Department of Health,NHS Leicester City CCG,7/31/2018,C&M-GMS Global Sum,PRC DELEGATED CO-COMMISSIONING,DR G D COOK & PARTNERS,23052573,"99,673.81 ",,LD000041692
Department of Health,NHS Leicester City CCG,7/31/2018,C&M-GMS MPIG Correction Factor,PRC DELEGATED CO-COMMISSIONING,DR G D COOK & PARTNERS,23052573,"1,380.35 ",,LD000041692
Department of Health,NHS Leicester City CCG,7/31/2018,C&M-GMS PCO Locum Sickness,PRC DELEGATED CO-COMMISSIONING,DR G D COOK & PARTNERS,23052573,"6,533.64 ",,LD000041692
Department of Health,NHS Leicester City CCG,7/31/2018,C&M-GMS Prem Clinical Waste,PRC DELEGATED CO-COMMISSIONING,DR G D COOK & PARTNERS,23052573,135.75 ,,LD000041692
Department of Health,NHS Leicester City CCG,7/31/2018,C&M-GMS Prem Healthcentre Rates,PRC DELEGATED CO-COMMISSIONING,DR G D COOK & PARTNERS,23052573,"5,542.51 ",,LD000041692
Department of Health,NHS Leicester City CCG,7/31/2018,C&M-GMS Prem Healthcentre Rent,PRC DELEGATED CO-COMMISSIONING,DR G D COOK & PARTNERS,23052573,"29,212.92 ",,LD000041692
Department of Health,NHS Leicester City CCG,7/31/2018,C&M-GMS Prem Water Rates,PRC DELEGATED CO-COMMISSIONING,DR G D COOK & PARTNERS,23052573,354.18 ,,LD000041692
Department of Health,NHS Leicester City CCG,7/31/2018,C&M-GMS QOF Aspiration,PRC DELEGATED CO-COMMISSIONING,DR G D COOK & PARTNERS,23052573,"9,893.43 ",,LD000041692
Department of Health,NHS Leicester City CCG,7/31/2018,C&M-GMS Global Sum,PRC DELEGATED CO-COMMISSIONING,DR G SINGH,23051282,"33,311.19 ",,LD000041694
Department of Health,NHS Leicester City CCG,7/31/2018,C&M-GMS Prem Healthcentre Rates,PRC DELEGATED CO-COMMISSIONING,DR G SINGH,23051282,251.24 ,,LD000041694
Department of Health,NHS Leicester City CCG,7/31/2018,C&M-GMS Prem Healthcentre Rent,PRC DELEGATED CO-COMMISSIONING,DR G SINGH,23051282,"1,939.04 ",,LD000041694
Department of Health,NHS Leicester City CCG,7/31/2018,C&M-GMS Prem Water Rates,PRC DELEGATED CO-COMMISSIONING,DR G SINGH,23051282,87.81 ,,LD000041694
Department of Health,NHS Leicester City CCG,7/31/2018,C&M-GMS QOF Aspiration,PRC DELEGATED CO-COMMISSIONING,DR G SINGH,23051282,"3,270.64 ",,LD000041694
Department of Health,NHS Leicester City CCG,7/31/2018,C&M-GMS DES Minor Surgery,PRC DELEGATED CO-COMMISSIONING,DR HAINSWORTH B,23051280,"1,790.53 ",,LD000041690
Department of Health,NHS Leicester City CCG,7/31/2018,C&M-GMS Global Sum,PRC DELEGATED CO-COMMISSIONING,DR HAINSWORTH B,23051280,"38,380.89 ",,LD000041690
Department of Health,NHS Leicester City CCG,7/31/2018,C&M-GMS Prem Notional Rent,PRC DELEGATED CO-COMMISSIONING,DR HAINSWORTH B,23051280,"4,062.50 ",,LD000041690
Department of Health,NHS Leicester City CCG,7/31/2018,C&M-GMS Prem Water Rates,PRC DELEGATED CO-COMMISSIONING,DR HAINSWORTH B,23051280,260.76 ,,LD000041690
Department of Health,NHS Leicester City CCG,7/31/2018,C&M-GMS QOF Aspiration,PRC DELEGATED CO-COMMISSIONING,DR HAINSWORTH B,23051280,"2,824.06 ",,LD000041690
Department of Health,NHS Leicester City CCG,7/31/2018,C&M-GMS Global Sum,PRC DELEGATED CO-COMMISSIONING,DR HV TRIVEDI & PARTNERS,23051348,"110,546.42 ",,LD000041768
Department of Health,NHS Leicester City CCG,7/31/2018,C&M-GMS MPIG Correction Factor,PRC DELEGATED CO-COMMISSIONING,DR HV TRIVEDI & PARTNERS,23051348,"1,986.09 ",,LD000041768
Department of Health,NHS Leicester City CCG,7/31/2018,C&M-GMS Prem Clinical Waste,PRC DELEGATED CO-COMMISSIONING,DR HV TRIVEDI & PARTNERS,23051348,457.77 ,,LD000041768
Department of Health,NHS Leicester City CCG,7/31/2018,C&M-GMS Prem Notional Rent,PRC DELEGATED CO-COMMISSIONING,DR HV TRIVEDI & PARTNERS,23051348,"9,848.96 ",,LD000041768
Department of Health,NHS Leicester City CCG,7/31/2018,C&M-GMS Prem Water Rates,PRC DELEGATED CO-COMMISSIONING,DR HV TRIVEDI & PARTNERS,23051348,501.18 ,,LD000041768
Department of Health,NHS Leicester City CCG,7/31/2018,C&M-GMS QOF Aspiration,PRC DELEGATED CO-COMMISSIONING,DR HV TRIVEDI & PARTNERS,23051348,"11,318.73 ",,LD000041768
Department of Health,NHS Leicester City CCG,7/31/2018,C&M-GMS DES Minor Surgery,PRC DELEGATED CO-COMMISSIONING,DR JONES I P & PARTNERS,23051285,"1,353.66 ",,LD000041698
Department of Health,NHS Leicester City CCG,7/31/2018,C&M-GMS Global Sum,PRC DELEGATED CO-COMMISSIONING,DR JONES I P & PARTNERS,23051285,"66,610.73 ",,LD000041698
Department of Health,NHS Leicester City CCG,7/31/2018,C&M-GMS MPIG Correction Factor,PRC DELEGATED CO-COMMISSIONING,DR JONES I P & PARTNERS,23051285,79.84 ,,LD000041698
Department of Health,NHS Leicester City CCG,7/31/2018,C&M-GMS PCO Other,PRC DELEGATED CO-COMMISSIONING,DR JONES I P & PARTNERS,23051285,"6,192.00 ",,LD000041698
Department of Health,NHS Leicester City CCG,7/31/2018,C&M-GMS Prem Clinical Waste,PRC DELEGATED CO-COMMISSIONING,DR JONES I P & PARTNERS,23051285,152.42 ,,LD000041698
Department of Health,NHS Leicester City CCG,7/31/2018,C&M-GMS Prem Healthcentre Rates,PRC DELEGATED CO-COMMISSIONING,DR JONES I P & PARTNERS,23051285,"4,335.31 ",,LD000041698
Department of Health,NHS Leicester City CCG,7/31/2018,C&M-GMS Prem Healthcentre Rent,PRC DELEGATED CO-COMMISSIONING,DR JONES I P & PARTNERS,23051285,"28,207.50 ",,LD000041698
Department of Health,NHS Leicester City CCG,7/31/2018,C&M-GMS Prem Water Rates,PRC DELEGATED CO-COMMISSIONING,DR JONES I P & PARTNERS,23051285,251.09 ,,LD000041698
Department of Health,NHS Leicester City CCG,7/31/2018,C&M-GMS QOF Aspiration,PRC DELEGATED CO-COMMISSIONING,DR JONES I P & PARTNERS,23051285,"7,501.65 ",,LD000041698
Department of Health,NHS Leicester City CCG,7/31/2018,C&M-GMS DES Learn Dsblty Hlth Chk,PRC DELEGATED CO-COMMISSIONING,DR KA CHOUDHRY & PARTNERS,23051287,696.00 ,,LD000041700
Department of Health,NHS Leicester City CCG,7/31/2018,C&M-GMS DES Minor Surgery,PRC DELEGATED CO-COMMISSIONING,DR KA CHOUDHRY & PARTNERS,23051287,130.62 ,,LD000041700
Department of Health,NHS Leicester City CCG,7/31/2018,C&M-GMS Global Sum,PRC DELEGATED CO-COMMISSIONING,DR KA CHOUDHRY & PARTNERS,23051287,"25,939.72 ",,LD000041700
Department of Health,NHS Leicester City CCG,7/31/2018,C&M-GMS MPIG Correction Factor,PRC DELEGATED CO-COMMISSIONING,DR KA CHOUDHRY & PARTNERS,23051287,482.78 ,,LD000041700
Department of Health,NHS Leicester City CCG,7/31/2018,C&M-GMS Prem Notional Rent,PRC DELEGATED CO-COMMISSIONING,DR KA CHOUDHRY & PARTNERS,23051287,"2,096.83 ",,LD000041700
Department of Health,NHS Leicester City CCG,7/31/2018,C&M-GMS QOF Aspiration,PRC DELEGATED CO-COMMISSIONING,DR KA CHOUDHRY & PARTNERS,23051287,"2,638.71 ",,LD000041700
Department of Health,NHS Leicester City CCG,7/31/2018,C&M-GMS DES Learn Dsblty Hlth Chk,PRC DELEGATED CO-COMMISSIONING,DR KAPUR R & PARTNERS,23051289,812.00 ,,LD000041702
Department of Health,NHS Leicester City CCG,7/31/2018,C&M-GMS DES Minor Surgery,PRC DELEGATED CO-COMMISSIONING,DR KAPUR R & PARTNERS,23051289,348.81 ,,LD000041702
Department of Health,NHS Leicester City CCG,7/31/2018,C&M-GMS Global Sum,PRC DELEGATED CO-COMMISSIONING,DR KAPUR R & PARTNERS,23051289,"16,090.41 ",,LD000041702
Department of Health,NHS Leicester City CCG,7/31/2018,C&M-GMS MPIG Correction Factor,PRC DELEGATED CO-COMMISSIONING,DR KAPUR R & PARTNERS,23051289,"2,414.54 ",,LD000041702
Department of Health,NHS Leicester City CCG,7/31/2018,C&M-GMS Prem Healthcentre Rates,PRC DELEGATED CO-COMMISSIONING,DR KAPUR R & PARTNERS,23051289,952.25 ,,LD000041702
Department of Health,NHS Leicester City CCG,7/31/2018,C&M-GMS Prem Healthcentre Rent,PRC DELEGATED CO-COMMISSIONING,DR KAPUR R & PARTNERS,23051289,"6,691.42 ",,LD000041702
Department of Health,NHS Leicester City CCG,7/31/2018,C&M-GMS Prem Water Rates,PRC DELEGATED CO-COMMISSIONING,DR KAPUR R & PARTNERS,23051289,74.42 ,,LD000041702
Department of Health,NHS Leicester City CCG,7/31/2018,C&M-GMS QOF Aspiration,PRC DELEGATED CO-COMMISSIONING,DR KAPUR R & PARTNERS,23051289,"1,599.59 ",,LD000041702
Department of Health,NHS Leicester City CCG,7/31/2018,ME-GMS GP Pension EEs,PRC DELEGATED CO-COMMISSIONING,DR KAPUR R & PARTNERS,23051289,394.72 ,,LD000041702
Department of Health,NHS Leicester City CCG,7/31/2018,ME-GMS GP Pension ERs Adjustments,PRC DELEGATED CO-COMMISSIONING,DR KAPUR R & PARTNERS,23051289,656.06 ,,LD000041702
Department of Health,NHS Leicester City CCG,7/31/2018,C&M-GMS DES Minor Surgery,PRC DELEGATED CO-COMMISSIONING,DR KHUNTI P & PTNS,23067007,961.31 ,,LD000041696
Department of Health,NHS Leicester City CCG,7/31/2018,C&M-GMS Global Sum,PRC DELEGATED CO-COMMISSIONING,DR KHUNTI P & PTNS,23067007,"116,407.78 ",,LD000041696
Department of Health,NHS Leicester City CCG,7/31/2018,C&M-GMS MPIG Correction Factor,PRC DELEGATED CO-COMMISSIONING,DR KHUNTI P & PTNS,23067007,"4,947.44 ",,LD000041696
Department of Health,NHS Leicester City CCG,7/31/2018,C&M-GMS PCO Other,PRC DELEGATED CO-COMMISSIONING,DR KHUNTI P & PTNS,23067007,"19,299.00 ",,LD000041696
Department of Health,NHS Leicester City CCG,7/31/2018,C&M-GMS Prem Actual Rent,PRC DELEGATED CO-COMMISSIONING,DR KHUNTI P & PTNS,23067007,"70,650.00 ",,LD000041696
Department of Health,NHS Leicester City CCG,7/31/2018,C&M-GMS QOF Aspiration,PRC DELEGATED CO-COMMISSIONING,DR KHUNTI P & PTNS,23067007,"4,157.57 ",,LD000041696
Department of Health,NHS Leicester City CCG,7/31/2018,C&M-GMS DES Minor Surgery,PRC DELEGATED CO-COMMISSIONING,DR LEACH R A & PARTNERS,23051295,"3,401.02 ",,LD000041708
Department of Health,NHS Leicester City CCG,7/31/2018,C&M-GMS Global Sum,PRC DELEGATED CO-COMMISSIONING,DR LEACH R A & PARTNERS,23051295,"63,621.99 ",,LD000041708
Department of Health,NHS Leicester City CCG,7/31/2018,C&M-GMS Prem Notional Rent,PRC DELEGATED CO-COMMISSIONING,DR LEACH R A & PARTNERS,23051295,"3,641.67 ",,LD000041708
Department of Health,NHS Leicester City CCG,7/31/2018,C&M-GMS QOF Aspiration,PRC DELEGATED CO-COMMISSIONING,DR LEACH R A & PARTNERS,23051295,"7,472.88 ",,LD000041708
Department of Health,NHS Leicester City CCG,7/31/2018,C&M-GMS DES Learn Dsblty Hlth Chk,PRC DELEGATED CO-COMMISSIONING,DR MANSINGH S & PTN,23051291,"1,508.00 ",,LD000041704
Department of Health,NHS Leicester City CCG,7/31/2018,C&M-GMS Global Sum,PRC DELEGATED CO-COMMISSIONING,DR MANSINGH S & PTN,23051291,"41,979.31 ",,LD000041704
Department of Health,NHS Leicester City CCG,7/31/2018,C&M-GMS MPIG Correction Factor,PRC DELEGATED CO-COMMISSIONING,DR MANSINGH S & PTN,23051291,"1,431.40 ",,LD000041704
Department of Health,NHS Leicester City CCG,7/31/2018,C&M-GMS Prem Healthcentre Rates,PRC DELEGATED CO-COMMISSIONING,DR MANSINGH S & PTN,23051291,"1,058.00 ",,LD000041704
Department of Health,NHS Leicester City CCG,7/31/2018,C&M-GMS Prem Healthcentre Rent,PRC DELEGATED CO-COMMISSIONING,DR MANSINGH S & PTN,23051291,"7,434.75 ",,LD000041704
Department of Health,NHS Leicester City CCG,7/31/2018,C&M-GMS Prem Notional Rent,PRC DELEGATED CO-COMMISSIONING,DR MANSINGH S & PTN,23051291,"1,395.83 ",,LD000041704
Department of Health,NHS Leicester City CCG,7/31/2018,C&M-GMS Prem Water Rates,PRC DELEGATED CO-COMMISSIONING,DR MANSINGH S & PTN,23051291,82.67 ,,LD000041704
Department of Health,NHS Leicester City CCG,7/31/2018,C&M-GMS QOF Aspiration,PRC DELEGATED CO-COMMISSIONING,DR MANSINGH S & PTN,23051291,"5,601.85 ",,LD000041704
Department of Health,NHS Leicester City CCG,7/31/2018,C&M-GMS DES Minor Surgery,PRC DELEGATED CO-COMMISSIONING,DR MAWBY & PARTNERS,23051293,"2,398.62 ",,LD000041706
Department of Health,NHS Leicester City CCG,7/31/2018,C&M-GMS Global Sum,PRC DELEGATED CO-COMMISSIONING,DR MAWBY & PARTNERS,23051293,"47,545.90 ",,LD000041706
Department of Health,NHS Leicester City CCG,7/31/2018,C&M-GMS MPIG Correction Factor,PRC DELEGATED CO-COMMISSIONING,DR MAWBY & PARTNERS,23051293,124.28 ,,LD000041706
Department of Health,NHS Leicester City CCG,7/31/2018,C&M-GMS PCO Other,PRC DELEGATED CO-COMMISSIONING,DR MAWBY & PARTNERS,23051293,"4,561.00 ",,LD000041706
Department of Health,NHS Leicester City CCG,7/31/2018,C&M-GMS Prem Clinical Waste,PRC DELEGATED CO-COMMISSIONING,DR MAWBY & PARTNERS,23051293,66.50 ,,LD000041706
Department of Health,NHS Leicester City CCG,7/31/2018,C&M-GMS Prem Healthcentre Rates,PRC DELEGATED CO-COMMISSIONING,DR MAWBY & PARTNERS,23051293,"2,393.58 ",,LD000041706
Department of Health,NHS Leicester City CCG,7/31/2018,C&M-GMS Prem Healthcentre Rent,PRC DELEGATED CO-COMMISSIONING,DR MAWBY & PARTNERS,23051293,"19,429.25 ",,LD000041706
Department of Health,NHS Leicester City CCG,7/31/2018,C&M-GMS Prem Water Rates,PRC DELEGATED CO-COMMISSIONING,DR MAWBY & PARTNERS,23051293,135.08 ,,LD000041706
Department of Health,NHS Leicester City CCG,7/31/2018,C&M-GMS QOF Aspiration,PRC DELEGATED CO-COMMISSIONING,DR MAWBY & PARTNERS,23051293,"5,326.10 ",,LD000041706
Department of Health,NHS Leicester City CCG,7/31/2018,C&M-GMS DES Minor Surgery,PRC DELEGATED CO-COMMISSIONING,DR MODI B,23051310,392.35 ,,LD000041723
Department of Health,NHS Leicester City CCG,7/31/2018,C&M-GMS Global Sum,PRC DELEGATED CO-COMMISSIONING,DR MODI B,23051310,"21,347.96 ",,LD000041723
Department of Health,NHS Leicester City CCG,7/31/2018,C&M-GMS MPIG Correction Factor,PRC DELEGATED CO-COMMISSIONING,DR MODI B,23051310,"1,979.85 ",,LD000041723
Department of Health,NHS Leicester City CCG,7/31/2018,C&M-GMS Prem Notional Rent,PRC DELEGATED CO-COMMISSIONING,DR MODI B,23051310,891.67 ,,LD000041723
Department of Health,NHS Leicester City CCG,7/31/2018,C&M-GMS QOF Aspiration,PRC DELEGATED CO-COMMISSIONING,DR MODI B,23051310,"2,117.70 ",,LD000041723
Department of Health,NHS Leicester City CCG,7/31/2018,C&M-GMS DES Minor Surgery,PRC DELEGATED CO-COMMISSIONING,DR MORJARIA K S,23051312,"1,875.16 ",,LD000041725
Department of Health,NHS Leicester City CCG,7/31/2018,C&M-GMS Global Sum,PRC DELEGATED CO-COMMISSIONING,DR MORJARIA K S,23051312,"27,936.00 ",,LD000041725
Department of Health,NHS Leicester City CCG,7/31/2018,C&M-GMS MPIG Correction Factor,PRC DELEGATED CO-COMMISSIONING,DR MORJARIA K S,23051312,945.47 ,,LD000041725
Department of Health,NHS Leicester City CCG,7/31/2018,C&M-GMS Prem Notional Rent,PRC DELEGATED CO-COMMISSIONING,DR MORJARIA K S,23051312,916.67 ,,LD000041725
Department of Health,NHS Leicester City CCG,7/31/2018,C&M-GMS QOF Aspiration,PRC DELEGATED CO-COMMISSIONING,DR MORJARIA K S,23051312,"3,102.14 ",,LD000041725
Department of Health,NHS Leicester City CCG,7/31/2018,C&M-GMS DES Minor Surgery,PRC DELEGATED CO-COMMISSIONING,DR NANA A & PARTNERS,23051297,"1,828.68 ",,LD000041710
Department of Health,NHS Leicester City CCG,7/31/2018,C&M-GMS Global Sum,PRC DELEGATED CO-COMMISSIONING,DR NANA A & PARTNERS,23051297,"75,423.09 ",,LD000041710
Department of Health,NHS Leicester City CCG,7/31/2018,C&M-GMS MPIG Correction Factor,PRC DELEGATED CO-COMMISSIONING,DR NANA A & PARTNERS,23051297,"4,061.35 ",,LD000041710
Department of Health,NHS Leicester City CCG,7/31/2018,C&M-GMS PCO Doctors Ret Scheme,PRC DELEGATED CO-COMMISSIONING,DR NANA A & PARTNERS,23051297,"1,333.28 ",,LD000041710
Department of Health,NHS Leicester City CCG,7/31/2018,C&M-GMS Prem Healthcentre Rates,PRC DELEGATED CO-COMMISSIONING,DR NANA A & PARTNERS,23051297,"1,408.67 ",,LD000041710
Department of Health,NHS Leicester City CCG,7/31/2018,C&M-GMS Prem Healthcentre Rent,PRC DELEGATED CO-COMMISSIONING,DR NANA A & PARTNERS,23051297,"9,360.42 ",,LD000041710
Department of Health,NHS Leicester City CCG,7/31/2018,C&M-GMS QOF Aspiration,PRC DELEGATED CO-COMMISSIONING,DR NANA A & PARTNERS,23051297,"9,388.69 ",,LD000041710
Department of Health,NHS Leicester City CCG,7/31/2018,C&M-GMS DES Learn Dsblty Hlth Chk,PRC DELEGATED CO-COMMISSIONING,DR NANDHA H D & PTNRS,23051299,"3,132.00 ",,LD000041712
Department of Health,NHS Leicester City CCG,7/31/2018,C&M-GMS DES Minor Surgery,PRC DELEGATED CO-COMMISSIONING,DR NANDHA H D & PTNRS,23051299,478.94 ,,LD000041712
Department of Health,NHS Leicester City CCG,7/31/2018,C&M-GMS Global Sum,PRC DELEGATED CO-COMMISSIONING,DR NANDHA H D & PTNRS,23051299,"61,362.57 ",,LD000041712
Department of Health,NHS Leicester City CCG,7/31/2018,C&M-GMS MPIG Correction Factor,PRC DELEGATED CO-COMMISSIONING,DR NANDHA H D & PTNRS,23051299,"2,756.15 ",,LD000041712
Department of Health,NHS Leicester City CCG,7/31/2018,C&M-GMS Prem Notional Rent,PRC DELEGATED CO-COMMISSIONING,DR NANDHA H D & PTNRS,23051299,"4,629.17 ",,LD000041712
Department of Health,NHS Leicester City CCG,7/31/2018,C&M-GMS QOF Aspiration,PRC DELEGATED CO-COMMISSIONING,DR NANDHA H D & PTNRS,23051299,"6,764.85 ",,LD000041712
Department of Health,NHS Leicester City CCG,7/31/2018,C&M-APMS Contract Value,PRC DELEGATED CO-COMMISSIONING,DR OSAMA Z & PARTNERS,22896994,"102,920.70 ",,LD000041587
Department of Health,NHS Leicester City CCG,7/31/2018,C&M-APMS PCO Seniority,PRC DELEGATED CO-COMMISSIONING,DR OSAMA Z & PARTNERS,22896994,729.27 ,,LD000041587
Department of Health,NHS Leicester City CCG,7/31/2018,C&M-APMS Prem Healthcentre Rates,PRC DELEGATED CO-COMMISSIONING,DR OSAMA Z & PARTNERS,22896994,"1,975.41 ",,LD000041587
Department of Health,NHS Leicester City CCG,7/31/2018,C&M-APMS Prem Healthcentre Rent,PRC DELEGATED CO-COMMISSIONING,DR OSAMA Z & PARTNERS,22896994,"2,128.42 ",,LD000041587
Department of Health,NHS Leicester City CCG,7/31/2018,C&M-PMS QOF Aspiration,PRC DELEGATED CO-COMMISSIONING,DR OSAMA Z & PARTNERS,22896994,"7,009.94 ",,LD000041587
Department of Health,NHS Leicester City CCG,7/31/2018,C&M-GMS DES Minor Surgery,PRC DELEGATED CO-COMMISSIONING,DR PANCHOLI P & PARTNERS,23051301,"4,402.93 ",,LD000041714
Department of Health,NHS Leicester City CCG,7/31/2018,C&M-GMS Global Sum,PRC DELEGATED CO-COMMISSIONING,DR PANCHOLI P & PARTNERS,23051301,"137,586.58 ",,LD000041714
Department of Health,NHS Leicester City CCG,7/31/2018,C&M-GMS MPIG Correction Factor,PRC DELEGATED CO-COMMISSIONING,DR PANCHOLI P & PARTNERS,23051301,"9,527.58 ",,LD000041714
Department of Health,NHS Leicester City CCG,7/31/2018,C&M-GMS Prem Notional Rent,PRC DELEGATED CO-COMMISSIONING,DR PANCHOLI P & PARTNERS,23051301,"7,151.66 ",,LD000041714
Department of Health,NHS Leicester City CCG,7/31/2018,C&M-GMS QOF Aspiration,PRC DELEGATED CO-COMMISSIONING,DR PANCHOLI P & PARTNERS,23051301,"13,370.52 ",,LD000041714
Department of Health,NHS Leicester City CCG,7/31/2018,C&M-GMS DES Minor Surgery,PRC DELEGATED CO-COMMISSIONING,DR PANDYA R P & PTNRS,23051303,"3,570.28 ",,LD000041716
Department of Health,NHS Leicester City CCG,7/31/2018,C&M-GMS Global Sum,PRC DELEGATED CO-COMMISSIONING,DR PANDYA R P & PTNRS,23051303,"75,381.05 ",,LD000041716
Department of Health,NHS Leicester City CCG,7/31/2018,C&M-GMS MPIG Correction Factor,PRC DELEGATED CO-COMMISSIONING,DR PANDYA R P & PTNRS,23051303,326.55 ,,LD000041716
Department of Health,NHS Leicester City CCG,7/31/2018,C&M-GMS PCO Other,PRC DELEGATED CO-COMMISSIONING,DR PANDYA R P & PTNRS,23051303,"6,411.00 ",,LD000041716
Department of Health,NHS Leicester City CCG,7/31/2018,C&M-GMS Prem Notional Rent,PRC DELEGATED CO-COMMISSIONING,DR PANDYA R P & PTNRS,23051303,"5,509.84 ",,LD000041716
Department of Health,NHS Leicester City CCG,7/31/2018,C&M-GMS QOF Aspiration,PRC DELEGATED CO-COMMISSIONING,DR PANDYA R P & PTNRS,23051303,"9,644.96 ",,LD000041716
Department of Health,NHS Leicester City CCG,7/31/2018,C&M-GMS DES Minor Surgery,PRC DELEGATED CO-COMMISSIONING,DR PATCHETT I D & PTNRS,23051305,"6,314.28 ",,LD000041718
Department of Health,NHS Leicester City CCG,7/31/2018,C&M-GMS Global Sum,PRC DELEGATED CO-COMMISSIONING,DR PATCHETT I D & PTNRS,23051305,"63,482.05 ",,LD000041718
Department of Health,NHS Leicester City CCG,7/31/2018,C&M-GMS PCO Doctors Ret Scheme,PRC DELEGATED CO-COMMISSIONING,DR PATCHETT I D & PTNRS,23051305,769.20 ,,LD000041718
Department of Health,NHS Leicester City CCG,7/31/2018,C&M-GMS PCO Other,PRC DELEGATED CO-COMMISSIONING,DR PATCHETT I D & PTNRS,23051305,"5,813.00 ",,LD000041718
Department of Health,NHS Leicester City CCG,7/31/2018,C&M-GMS Prem Notional Rent,PRC DELEGATED CO-COMMISSIONING,DR PATCHETT I D & PTNRS,23051305,"4,123.67 ",,LD000041718
Department of Health,NHS Leicester City CCG,7/31/2018,C&M-GMS QOF Aspiration,PRC DELEGATED CO-COMMISSIONING,DR PATCHETT I D & PTNRS,23051305,"6,194.38 ",,LD000041718
Department of Health,NHS Leicester City CCG,7/31/2018,C&M-GMS DES Learn Dsblty Hlth Chk,PRC DELEGATED CO-COMMISSIONING,DR PATEL J K V & PTNRS,23051307,"4,524.00 ",,LD000041720
Department of Health,NHS Leicester City CCG,7/31/2018,C&M-GMS DES Minor Surgery,PRC DELEGATED CO-COMMISSIONING,DR PATEL J K V & PTNRS,23051307,"1,352.68 ",,LD000041720
Department of Health,NHS Leicester City CCG,7/31/2018,C&M-GMS Global Sum,PRC DELEGATED CO-COMMISSIONING,DR PATEL J K V & PTNRS,23051307,"58,491.67 ",,LD000041720
Department of Health,NHS Leicester City CCG,7/31/2018,C&M-GMS MPIG Correction Factor,PRC DELEGATED CO-COMMISSIONING,DR PATEL J K V & PTNRS,23051307,"1,853.16 ",,LD000041720
Department of Health,NHS Leicester City CCG,7/31/2018,C&M-GMS Prem Clinical Waste,PRC DELEGATED CO-COMMISSIONING,DR PATEL J K V & PTNRS,23051307,17.92 ,,LD000041720
Department of Health,NHS Leicester City CCG,7/31/2018,C&M-GMS Prem Healthcentre Rates,PRC DELEGATED CO-COMMISSIONING,DR PATEL J K V & PTNRS,23051307,"1,228.41 ",,LD000041720
Department of Health,NHS Leicester City CCG,7/31/2018,C&M-GMS Prem Healthcentre Rent,PRC DELEGATED CO-COMMISSIONING,DR PATEL J K V & PTNRS,23051307,"12,051.25 ",,LD000041720
Department of Health,NHS Leicester City CCG,7/31/2018,C&M-GMS Prem Water Rates,PRC DELEGATED CO-COMMISSIONING,DR PATEL J K V & PTNRS,23051307,98.86 ,,LD000041720
Department of Health,NHS Leicester City CCG,7/31/2018,C&M-GMS QOF Aspiration,PRC DELEGATED CO-COMMISSIONING,DR PATEL J K V & PTNRS,23051307,"5,703.20 ",,LD000041720
Department of Health,NHS Leicester City CCG,7/31/2018,C&M-GMS DES Learn Dsblty Hlth Chk,PRC DELEGATED CO-COMMISSIONING,DR R HAZELDINE,23051313,"2,784.00 ",,LD000041727
Department of Health,NHS Leicester City CCG,7/31/2018,C&M-GMS DES Minor Surgery,PRC DELEGATED CO-COMMISSIONING,DR R HAZELDINE,23051313,870.80 ,,LD000041727
Department of Health,NHS Leicester City CCG,7/31/2018,C&M-GMS Global Sum,PRC DELEGATED CO-COMMISSIONING,DR R HAZELDINE,23051313,"39,244.75 ",,LD000041727
Department of Health,NHS Leicester City CCG,7/31/2018,C&M-GMS MPIG Correction Factor,PRC DELEGATED CO-COMMISSIONING,DR R HAZELDINE,23051313,"1,210.07 ",,LD000041727
Department of Health,NHS Leicester City CCG,7/31/2018,C&M-GMS Prem Clinical Waste,PRC DELEGATED CO-COMMISSIONING,DR R HAZELDINE,23051313,0.58 ,,LD000041727
Department of Health,NHS Leicester City CCG,7/31/2018,C&M-GMS Prem Healthcentre Rates,PRC DELEGATED CO-COMMISSIONING,DR R HAZELDINE,23051313,460.08 ,,LD000041727
Department of Health,NHS Leicester City CCG,7/31/2018,C&M-GMS Prem Healthcentre Rent,PRC DELEGATED CO-COMMISSIONING,DR R HAZELDINE,23051313,"6,668.25 ",,LD000041727
Department of Health,NHS Leicester City CCG,7/31/2018,C&M-GMS Prem Notional Rent,PRC DELEGATED CO-COMMISSIONING,DR R HAZELDINE,23051313,"1,050.00 ",,LD000041727
Department of Health,NHS Leicester City CCG,7/31/2018,C&M-GMS Prem Water Rates,PRC DELEGATED CO-COMMISSIONING,DR R HAZELDINE,23051313,36.75 ,,LD000041727
Department of Health,NHS Leicester City CCG,7/31/2018,C&M-GMS QOF Aspiration,PRC DELEGATED CO-COMMISSIONING,DR R HAZELDINE,23051313,"3,902.55 ",,LD000041727
Department of Health,NHS Leicester City CCG,7/31/2018,C&M-GMS DES Minor Surgery,PRC DELEGATED CO-COMMISSIONING,DR R KAPUR & D GANDECHA SURGERY,23051335,87.08 ,,LD000041752
Department of Health,NHS Leicester City CCG,7/31/2018,C&M-GMS Global Sum,PRC DELEGATED CO-COMMISSIONING,DR R KAPUR & D GANDECHA SURGERY,23051335,"31,258.71 ",,LD000041752
Department of Health,NHS Leicester City CCG,7/31/2018,C&M-GMS MPIG Correction Factor,PRC DELEGATED CO-COMMISSIONING,DR R KAPUR & D GANDECHA SURGERY,23051335,750.45 ,,LD000041752
Department of Health,NHS Leicester City CCG,7/31/2018,C&M-GMS Prem Healthcentre Rates,PRC DELEGATED CO-COMMISSIONING,DR R KAPUR & D GANDECHA SURGERY,23051335,551.17 ,,LD000041752
Department of Health,NHS Leicester City CCG,7/31/2018,C&M-GMS Prem Healthcentre Rent,PRC DELEGATED CO-COMMISSIONING,DR R KAPUR & D GANDECHA SURGERY,23051335,"6,435.75 ",,LD000041752
Department of Health,NHS Leicester City CCG,7/31/2018,C&M-GMS Prem Water Rates,PRC DELEGATED CO-COMMISSIONING,DR R KAPUR & D GANDECHA SURGERY,23051335,58.92 ,,LD000041752
Department of Health,NHS Leicester City CCG,7/31/2018,C&M-GMS QOF Aspiration,PRC DELEGATED CO-COMMISSIONING,DR R KAPUR & D GANDECHA SURGERY,23051335,"2,750.95 ",,LD000041752
Department of Health,NHS Leicester City CCG,7/31/2018,C&M-APMS Contract Value,PRC DELEGATED CO-COMMISSIONING,DR RAJIV WADHWA & PARTNERS,22896999,"52,149.45 ",,LD000041589
Department of Health,NHS Leicester City CCG,7/31/2018,C&M-APMS Prem Healthcentre Rates,PRC DELEGATED CO-COMMISSIONING,DR RAJIV WADHWA & PARTNERS,22896999,872.16 ,,LD000041589
Department of Health,NHS Leicester City CCG,7/31/2018,C&M-APMS Prem Healthcentre Rent,PRC DELEGATED CO-COMMISSIONING,DR RAJIV WADHWA & PARTNERS,22896999,"10,184.42 ",,LD000041589
Department of Health,NHS Leicester City CCG,7/31/2018,C&M-APMS Prem Water Rates,PRC DELEGATED CO-COMMISSIONING,DR RAJIV WADHWA & PARTNERS,22896999,93.25 ,,LD000041589
Department of Health,NHS Leicester City CCG,7/31/2018,C&M-PMS QOF Aspiration,PRC DELEGATED CO-COMMISSIONING,DR RAJIV WADHWA & PARTNERS,22896999,"5,618.96 ",,LD000041589
Department of Health,NHS Leicester City CCG,7/31/2018,C&M-APMS Contract Value,PRC DELEGATED CO-COMMISSIONING,DR RAJIV WADHWA & PARTNERS,22897003,"44,430.16 ",,LD000041591
Department of Health,NHS Leicester City CCG,7/31/2018,C&M-APMS Prem Clinical Waste,PRC DELEGATED CO-COMMISSIONING,DR RAJIV WADHWA & PARTNERS,22897003,0.92 ,,LD000041591
Department of Health,NHS Leicester City CCG,7/31/2018,C&M-APMS Prem Healthcentre Rates,PRC DELEGATED CO-COMMISSIONING,DR RAJIV WADHWA & PARTNERS,22897003,713.42 ,,LD000041591
Department of Health,NHS Leicester City CCG,7/31/2018,C&M-APMS Prem Healthcentre Rent,PRC DELEGATED CO-COMMISSIONING,DR RAJIV WADHWA & PARTNERS,22897003,"10,402.01 ",,LD000041591
Department of Health,NHS Leicester City CCG,7/31/2018,C&M-APMS Prem Water Rates,PRC DELEGATED CO-COMMISSIONING,DR RAJIV WADHWA & PARTNERS,22897003,56.92 ,,LD000041591
Department of Health,NHS Leicester City CCG,7/31/2018,C&M-PMS QOF Aspiration,PRC DELEGATED CO-COMMISSIONING,DR RAJIV WADHWA & PARTNERS,22897003,"4,039.14 ",,LD000041591
Department of Health,NHS Leicester City CCG,7/31/2018,C&M-GMS DES Minor Surgery,PRC DELEGATED CO-COMMISSIONING,DR S LONGWORTH & PARTNERS,23051319,"3,578.61 ",,LD000041733
Department of Health,NHS Leicester City CCG,7/31/2018,C&M-GMS Global Sum,PRC DELEGATED CO-COMMISSIONING,DR S LONGWORTH & PARTNERS,23051319,"78,636.62 ",,LD000041733
Department of Health,NHS Leicester City CCG,7/31/2018,C&M-GMS MPIG Correction Factor,PRC DELEGATED CO-COMMISSIONING,DR S LONGWORTH & PARTNERS,23051319,"8,021.79 ",,LD000041733
Department of Health,NHS Leicester City CCG,7/31/2018,C&M-GMS PCO Other,PRC DELEGATED CO-COMMISSIONING,DR S LONGWORTH & PARTNERS,23051319,"7,378.00 ",,LD000041733
Department of Health,NHS Leicester City CCG,7/31/2018,C&M-GMS Prem Healthcentre Rates,PRC DELEGATED CO-COMMISSIONING,DR S LONGWORTH & PARTNERS,23051319,"1,395.36 ",,LD000041733
Department of Health,NHS Leicester City CCG,7/31/2018,C&M-GMS Prem Healthcentre Rent,PRC DELEGATED CO-COMMISSIONING,DR S LONGWORTH & PARTNERS,23051319,"8,090.83 ",,LD000041733
Department of Health,NHS Leicester City CCG,7/31/2018,C&M-GMS Prem Water Rates,PRC DELEGATED CO-COMMISSIONING,DR S LONGWORTH & PARTNERS,23051319,188.65 ,,LD000041733
Department of Health,NHS Leicester City CCG,7/31/2018,C&M-GMS QOF Aspiration,PRC DELEGATED CO-COMMISSIONING,DR S LONGWORTH & PARTNERS,23051319,"9,133.99 ",,LD000041733
Department of Health,NHS Leicester City CCG,7/31/2018,C&M-GMS DES Minor Surgery,PRC DELEGATED CO-COMMISSIONING,DR SHARMA G K & PTNRS,23051317,"1,568.91 ",,LD000041731
Department of Health,NHS Leicester City CCG,7/31/2018,C&M-GMS Global Sum,PRC DELEGATED CO-COMMISSIONING,DR SHARMA G K & PTNRS,23051317,"53,542.11 ",,LD000041731
Department of Health,NHS Leicester City CCG,7/31/2018,C&M-GMS MPIG Correction Factor,PRC DELEGATED CO-COMMISSIONING,DR SHARMA G K & PTNRS,23051317,"3,950.52 ",,LD000041731
Department of Health,NHS Leicester City CCG,7/31/2018,C&M-GMS Prem Notional Rent,PRC DELEGATED CO-COMMISSIONING,DR SHARMA G K & PTNRS,23051317,"3,117.00 ",,LD000041731
Department of Health,NHS Leicester City CCG,7/31/2018,C&M-GMS QOF Aspiration,PRC DELEGATED CO-COMMISSIONING,DR SHARMA G K & PTNRS,23051317,"5,760.82 ",,LD000041731
Department of Health,NHS Leicester City CCG,7/31/2018,C&M-GMS Global Sum,PRC DELEGATED CO-COMMISSIONING,DR WOOD J A & PARTNER,23051321,"36,689.08 ",,LD000041737
Department of Health,NHS Leicester City CCG,7/31/2018,C&M-GMS Prem Notional Rent,PRC DELEGATED CO-COMMISSIONING,DR WOOD J A & PARTNER,23051321,"5,304.17 ",,LD000041737
Department of Health,NHS Leicester City CCG,7/31/2018,C&M-GMS QOF Aspiration,PRC DELEGATED CO-COMMISSIONING,DR WOOD J A & PARTNER,23051321,"3,922.01 ",,LD000041737
Department of Health,NHS Leicester City CCG,7/31/2018,Hcare Srv Rec NHS Trust,AMBULANCE SERVICES,EAST MIDLANDS AMBULANCE SERVICE NHS TRUST,22904035,"996,493.00 ",,11311992
Department of Health,NHS Leicester City CCG,7/31/2018,Clinical&Medical-Independent Sector,MENTAL HEALTH SERVICES - ADULTS,ELYSIUM HEALTHCARE LTD,23073944,"25,324.52 ",GB257732580,HLH00193
Department of Health,NHS Leicester City CCG,7/31/2018,Clinical&Medical-Clinical Other,REABLEMENT,EVERDALE GRANGE LTD,23173399,"98,568.00 ",11009563,43
Department of Health,NHS Leicester City CCG,7/31/2018,C&M-GMS DES Minor Surgery,PRC DELEGATED CO-COMMISSIONING,HIGHFIELD SURGERY,23052581,"1,046.92 ",,LD000041758
Department of Health,NHS Leicester City CCG,7/31/2018,C&M-GMS Global Sum,PRC DELEGATED CO-COMMISSIONING,HIGHFIELD SURGERY,23052581,"22,465.53 ",,LD000041758
Department of Health,NHS Leicester City CCG,7/31/2018,C&M-GMS MPIG Correction Factor,PRC DELEGATED CO-COMMISSIONING,HIGHFIELD SURGERY,23052581,593.19 ,,LD000041758
Department of Health,NHS Leicester City CCG,7/31/2018,C&M-GMS Prem Notional Rent,PRC DELEGATED CO-COMMISSIONING,HIGHFIELD SURGERY,23052581,"1,750.00 ",,LD000041758
Department of Health,NHS Leicester City CCG,7/31/2018,C&M-GMS QOF Aspiration,PRC DELEGATED CO-COMMISSIONING,HIGHFIELD SURGERY,23052581,"2,712.24 ",,LD000041758
Department of Health,NHS Leicester City CCG,7/31/2018,Apprenticeship Levy Payable,BALANCE SHEET,HMRC,23034302,646.00 ,,120PL005699671903
Department of Health,NHS Leicester City CCG,7/31/2018,Income tax <1Yr,BALANCE SHEET,HMRC,23034302,"61,241.80 ",,120PL005699671903
Department of Health,NHS Leicester City CCG,7/31/2018,Income tax <1Yr-Student Loans,BALANCE SHEET,HMRC,23034302,808.00 ,,120PL005699671903
Department of Health,NHS Leicester City CCG,7/31/2018,National Insurance < 1 yr-NI- ERS,BALANCE SHEET,HMRC,23034302,"41,910.05 ",,120PL005699671903
Department of Health,NHS Leicester City CCG,7/31/2018,National Insurance < 1 yr-NI-EES,BALANCE SHEET,HMRC,23034302,"30,272.78 ",,120PL005699671903
Department of Health,NHS Leicester City CCG,7/31/2018,Statutory Mat Pay < 1 yr,BALANCE SHEET,HMRC,23034302,(534.28),,120PL005699671903
Department of Health,NHS Leicester City CCG,7/31/2018,C&M-APMS Contract Value,PRC DELEGATED CO-COMMISSIONING,INCLUSION HEALTHCARE,22897007,"52,074.48 ",,LD000041593
Department of Health,NHS Leicester City CCG,7/31/2018,C&M-APMS Prem Healthcentre Rent,PRC DELEGATED CO-COMMISSIONING,INCLUSION HEALTHCARE,22897007,"5,500.33 ",,LD000041593
Department of Health,NHS Leicester City CCG,7/31/2018,C&M-PMS QOF Aspiration,PRC DELEGATED CO-COMMISSIONING,INCLUSION HEALTHCARE,22897007,295.01 ,,LD000041593
Department of Health,NHS Leicester City CCG,7/31/2018,C&M-APMS Contract Value,PRC DELEGATED CO-COMMISSIONING,LEICESTER ASSIST SERVICES,22897011,"39,996.19 ",,LD000041595
Department of Health,NHS Leicester City CCG,7/31/2018,C&M-APMS Prem Healthcentre Rates,PRC DELEGATED CO-COMMISSIONING,LEICESTER ASSIST SERVICES,22897011,680.35 ,,LD000041595
Department of Health,NHS Leicester City CCG,7/31/2018,C&M-APMS Prem Healthcentre Rent,PRC DELEGATED CO-COMMISSIONING,LEICESTER ASSIST SERVICES,22897011,"1,041.30 ",,LD000041595
Department of Health,NHS Leicester City CCG,7/31/2018,C&M-PMS QOF Aspiration,PRC DELEGATED CO-COMMISSIONING,LEICESTER ASSIST SERVICES,22897011,334.62 ,,LD000041595
Department of Health,NHS Leicester City CCG,7/31/2018,ME-PMS GP Pension EEs-PMS,PRC DELEGATED CO-COMMISSIONING,LEICESTER ASSIST SERVICES,22897011,45.00 ,,LD000041595
Department of Health,NHS Leicester City CCG,7/31/2018,Cont Care- Prior Year Payments,CHC ADULT FULLY FUNDED,LEICESTER CITY COUNCIL,23038094,"93,548.08 ",,86260607
Department of Health,NHS Leicester City CCG,7/31/2018,Clinical&Medical-Othe Public Sector,MENTAL HEALTH CONTRACTS,LEICESTER CITY COUNCIL,23038129,"72,089.25 ",,86361596
Department of Health,NHS Leicester City CCG,7/31/2018,Clinical&Medical-Othe Public Sector,COMMISSIONING - NON ACUTE,LEICESTER CITY COUNCIL,23058562,"1,085,581.00 ",,86361560
Department of Health,NHS Leicester City CCG,7/31/2018,Clinical&Medical-Othe Public Sector,MENTAL HEALTH SERVICES - OTHER,LEICESTER CITY COUNCIL,23074026,"123,473.25 ",,86362979
Department of Health,NHS Leicester City CCG,7/31/2018,Cont Care- Adult Joint Funded,ADULT JOINT FUNDED CONTINUING CARE,LEICESTER CITY COUNCIL,23074028,"184,322.46 ",,86362963
Department of Health,NHS Leicester City CCG,7/31/2018,Clinical&Medical-Othe Public Sector,CONTINUING HEALTHCARE ASSESSMENT & SUPPORT,LEICESTER CITY COUNCIL,23141018,"68,714.91 ",,86363498
Department of Health,NHS Leicester City CCG,7/31/2018,Cont Care- Adult 100% Fully Funded,CHC ADULT FULLY FUNDED,LEICESTER CITY COUNCIL,23141022,"80,885.83 ",,86366116
Department of Health,NHS Leicester City CCG,7/31/2018,Cont Care- Prior Year Payments,CHC ADULT FULLY FUNDED,LEICESTER CITY COUNCIL,23141022,"2,653.65 ",,86366116
Department of Health,NHS Leicester City CCG,7/31/2018,Cont Care- Prior Year Payments,ADULT JOINT FUNDED CONTINUING CARE,LEICESTER CITY COUNCIL,23190998,"1,550,460.37 ",,86369314
Department of Health,NHS Leicester City CCG,7/31/2018,Clinical&Medical-Othe Public Sector,COMMISSIONING - NON ACUTE,LEICESTER CITY COUNCIL,23210884,"462,561.47 ",,86388047
Department of Health,NHS Leicester City CCG,7/31/2018,C&M-APMS Contract Value,PRC DELEGATED CO-COMMISSIONING,LEICESTER CITY HEALTH,22897029,"30,945.00 ",,LD000041605
Department of Health,NHS Leicester City CCG,7/31/2018,C&M-APMS Prem Healthcentre Rates,PRC DELEGATED CO-COMMISSIONING,LEICESTER CITY HEALTH,22897029,417.46 ,,LD000041605
Department of Health,NHS Leicester City CCG,7/31/2018,C&M-APMS Prem Healthcentre Rent,PRC DELEGATED CO-COMMISSIONING,LEICESTER CITY HEALTH,22897029,"3,460.67 ",,LD000041605
Department of Health,NHS Leicester City CCG,7/31/2018,C&M-PMS QOF Aspiration,PRC DELEGATED CO-COMMISSIONING,LEICESTER CITY HEALTH,22897029,"2,292.55 ",,LD000041605
Department of Health,NHS Leicester City CCG,7/31/2018,C&M-GMS DES Minor Surgery,PRC DELEGATED CO-COMMISSIONING,LEICESTER MED GROUP,23051323,435.40 ,,LD000041739
Department of Health,NHS Leicester City CCG,7/31/2018,C&M-GMS Global Sum,PRC DELEGATED CO-COMMISSIONING,LEICESTER MED GROUP,23051323,"22,536.14 ",,LD000041739
Department of Health,NHS Leicester City CCG,7/31/2018,C&M-GMS Prem Actual Rent,PRC DELEGATED CO-COMMISSIONING,LEICESTER MED GROUP,23051323,"11,458.33 ",,LD000041739
Department of Health,NHS Leicester City CCG,7/31/2018,C&M-GMS Prem Notional Rent,PRC DELEGATED CO-COMMISSIONING,LEICESTER MED GROUP,23051323,"11,000.00 ",,LD000041739
Department of Health,NHS Leicester City CCG,7/31/2018,C&M-GMS QOF Aspiration,PRC DELEGATED CO-COMMISSIONING,LEICESTER MED GROUP,23051323,"2,505.53 ",,LD000041739
Department of Health,NHS Leicester City CCG,7/31/2018,Hcare Srv Rec NHS Trust,MENTAL HEALTH CONTRACTS,LEICESTERSHIRE PARTNERSHIP NHS TRUST,22875083,"(87,891.00)",654969872,3195
Department of Health,NHS Leicester City CCG,7/31/2018,Hcare Srv Rec NHS Trust,MENTAL HEALTH CONTRACTS,LEICESTERSHIRE PARTNERSHIP NHS TRUST,22875088,"181,594.47 ",654969872,39717
Department of Health,NHS Leicester City CCG,7/31/2018,Hcare Srv Rec NHS Trust,MENTAL HEALTH CONTRACTS,LEICESTERSHIRE PARTNERSHIP NHS TRUST,22875161,"27,353.19 ",654969872,39749
Department of Health,NHS Leicester City CCG,7/31/2018,Hcare Srv Rec NHS Trust,LEARNING DIFFICULTIES,LEICESTERSHIRE PARTNERSHIP NHS TRUST,23167254,"568,526.00 ",654969872,39950
Department of Health,NHS Leicester City CCG,7/31/2018,Hcare Srv Rec NHS Trust,MENTAL HEALTH CONTRACTS,LEICESTERSHIRE PARTNERSHIP NHS TRUST,23167256,"63,813.00 ",654969872,39956
Department of Health,NHS Leicester City CCG,7/31/2018,Hcare Srv Rec NHS Trust,COMMUNITY SERVICES,LEICESTERSHIRE PARTNERSHIP NHS TRUST,23167258,"2,855,615.00 ",654969872,39953
Department of Health,NHS Leicester City CCG,7/31/2018,Hcare Srv Rec NHS Trust,COMMUNITY SERVICES,LEICESTERSHIRE PARTNERSHIP NHS TRUST,23167260,"53,563.00 ",654969872,39962
Department of Health,NHS Leicester City CCG,7/31/2018,Hcare Srv Rec NHS Trust,MENTAL HEALTH CONTRACTS,LEICESTERSHIRE PARTNERSHIP NHS TRUST,23167263,"3,403,356.00 ",654969872,39947
Department of Health,NHS Leicester City CCG,7/31/2018,Clinical&Medical-Clinical Other,COLLABORATIVE COMMISSIONING,LLR PROVIDER CO LTD,23073862,"39,753.73 ",,704
Department of Health,NHS Leicester City CCG,7/31/2018,Clinical&Medical-Clinical Other,COLLABORATIVE COMMISSIONING,LLR PROVIDER CO LTD,23269312,"59,808.00 ",,709
Department of Health,NHS Leicester City CCG,7/31/2018,Clinical&Medical-Independent Sector,ACUTE COMMISSIONING,NEW MEDICAL SYSTEMS LTD,23038087,"61,715.20 ",275051903,00000050
Department of Health,NHS Leicester City CCG,7/31/2018,Clinical&Medical-Independent Sector,ACUTE COMMISSIONING,NEW MEDICAL SYSTEMS LTD,23038100,"73,460.81 ",275051903,00000141
Department of Health,NHS Leicester City CCG,7/31/2018,Charges from CSU,CONTINUING HEALTHCARE ASSESSMENT & SUPPORT,NHS MIDLANDS AND LANCASHIRE CSU,23083873,"67,308.79 ",GB 654442045,7312310676
Department of Health,NHS Leicester City CCG,7/31/2018,Charges from CSU,CORPORATE COSTS & SERVICES,NHS MIDLANDS AND LANCASHIRE CSU,23083873,"77,472.97 ",GB 654442045,7312310676
Department of Health,NHS Leicester City CCG,7/31/2018,Sterile Products,PRESCRIBING,NHS SUPPLY CHAIN,22904030,"26,860.77 ",,1019060973
Department of Health,NHS Leicester City CCG,7/31/2018,Sterile Products,PRESCRIBING,NHS SUPPLY CHAIN,23074049,"29,102.70 ",,1019072339
Department of Health,NHS Leicester City CCG,7/31/2018,Hcare Srv Rec NHS Trust-Contract Baseline,ACUTE COMMISSIONING,NOTTINGHAM UNIVERSITY HOSPITALS NHS TRUST,22972183,"100,784.00 ",,2000091872
Department of Health,NHS Leicester City CCG,7/31/2018,Hcare Srv Rec NHS Trust-Contract Baseline,ACUTE COMMISSIONING,NOTTINGHAM UNIVERSITY HOSPITALS NHS TRUST,22972213,"(83,270.00)",,2000010998
Department of Health,NHS Leicester City CCG,7/31/2018,Hcare Srv Rec NHS Trust-Contract Baseline,ACUTE COMMISSIONING,NOTTINGHAM UNIVERSITY HOSPITALS NHS TRUST,23038151,"65,968.00 ",,2000094502
Department of Health,NHS Leicester City CCG,7/31/2018,Hlthcre-Foundation Trsts,MENTAL HEALTH CONTRACTS,NOTTINGHAMSHIRE HEALTHCARE NHS TRUST,22972262,"216,754.92 ",,1000046226
Department of Health,NHS Leicester City CCG,7/31/2018,Clinical&Medical-Independent Sector,ACUTE COMMISSIONING,NUFFIELD HEALTH,22911182,"131,949.00 ",564291137,PF180613
Department of Health,NHS Leicester City CCG,7/31/2018,C&M-GMS Global Sum,PRC DELEGATED CO-COMMISSIONING,SAFFRON GROUP PRACTICE,23051325,"122,992.55 ",,LD000041741
Department of Health,NHS Leicester City CCG,7/31/2018,C&M-GMS MPIG Correction Factor,PRC DELEGATED CO-COMMISSIONING,SAFFRON GROUP PRACTICE,23051325,"2,099.13 ",,LD000041741
Department of Health,NHS Leicester City CCG,7/31/2018,C&M-GMS PCO Doctors Ret Scheme,PRC DELEGATED CO-COMMISSIONING,SAFFRON GROUP PRACTICE,23051325,"1,333.28 ",,LD000041741
Department of Health,NHS Leicester City CCG,7/31/2018,C&M-GMS PCO Other,PRC DELEGATED CO-COMMISSIONING,SAFFRON GROUP PRACTICE,23051325,"10,663.00 ",,LD000041741
Department of Health,NHS Leicester City CCG,7/31/2018,C&M-GMS Prem Clinical Waste,PRC DELEGATED CO-COMMISSIONING,SAFFRON GROUP PRACTICE,23051325,"1,873.98 ",,LD000041741
Department of Health,NHS Leicester City CCG,7/31/2018,C&M-GMS Prem Notional Rent,PRC DELEGATED CO-COMMISSIONING,SAFFRON GROUP PRACTICE,23051325,"8,104.16 ",,LD000041741
Department of Health,NHS Leicester City CCG,7/31/2018,C&M-GMS QOF Aspiration,PRC DELEGATED CO-COMMISSIONING,SAFFRON GROUP PRACTICE,23051325,"14,319.17 ",,LD000041741
Department of Health,NHS Leicester City CCG,7/31/2018,C&M-GMS DES Minor Surgery,PRC DELEGATED CO-COMMISSIONING,SAHDEV MASSON & PARTNERS,23051331,"3,570.77 ",,LD000041748
Department of Health,NHS Leicester City CCG,7/31/2018,C&M-GMS Global Sum,PRC DELEGATED CO-COMMISSIONING,SAHDEV MASSON & PARTNERS,23051331,"26,721.11 ",,LD000041748
Department of Health,NHS Leicester City CCG,7/31/2018,C&M-GMS MPIG Correction Factor,PRC DELEGATED CO-COMMISSIONING,SAHDEV MASSON & PARTNERS,23051331,901.71 ,,LD000041748
Department of Health,NHS Leicester City CCG,7/31/2018,C&M-GMS Prem Actual Rent,PRC DELEGATED CO-COMMISSIONING,SAHDEV MASSON & PARTNERS,23051331,396.67 ,,LD000041748
Department of Health,NHS Leicester City CCG,7/31/2018,C&M-GMS Prem Water Rates,PRC DELEGATED CO-COMMISSIONING,SAHDEV MASSON & PARTNERS,23051331,383.78 ,,LD000041748
Department of Health,NHS Leicester City CCG,7/31/2018,C&M-GMS QOF Aspiration,PRC DELEGATED CO-COMMISSIONING,SAHDEV MASSON & PARTNERS,23051331,"2,322.26 ",,LD000041748
Department of Health,NHS Leicester City CCG,7/31/2018,Clinical&Medical-Independent Sector,ACUTE COMMISSIONING,SPIRE HEALTHCARE LTD,22911222,"121,694.00 ",915970991,04CLEIPF181904
Department of Health,NHS Leicester City CCG,7/31/2018,C&M-APMS Contract Value,PRC DELEGATED CO-COMMISSIONING,SPIRIT HEALTHCARE LTD,22897018,"41,311.38 ",283351305,LD000041599
Department of Health,NHS Leicester City CCG,7/31/2018,C&M-APMS Prem Healthcentre Rates,PRC DELEGATED CO-COMMISSIONING,SPIRIT HEALTHCARE LTD,22897018,323.31 ,283351305,LD000041599
Department of Health,NHS Leicester City CCG,7/31/2018,C&M-APMS Prem Healthcentre Rent,PRC DELEGATED CO-COMMISSIONING,SPIRIT HEALTHCARE LTD,22897018,"2,804.17 ",283351305,LD000041599
Department of Health,NHS Leicester City CCG,7/31/2018,C&M-APMS Prem Water Rates,PRC DELEGATED CO-COMMISSIONING,SPIRIT HEALTHCARE LTD,22897018,61.45 ,283351305,LD000041599
Department of Health,NHS Leicester City CCG,7/31/2018,C&M-PMS QOF Aspiration,PRC DELEGATED CO-COMMISSIONING,SPIRIT HEALTHCARE LTD,22897018,"4,101.96 ",283351305,LD000041599
Department of Health,NHS Leicester City CCG,7/31/2018,C&M-APMS Contract Value,PRC DELEGATED CO-COMMISSIONING,SPIRIT HEALTHCARE LTD,22897022,"53,881.64 ",283351305,LD000041601
Department of Health,NHS Leicester City CCG,7/31/2018,C&M-APMS Prem Healthcentre Rates,PRC DELEGATED CO-COMMISSIONING,SPIRIT HEALTHCARE LTD,22897022,412.92 ,283351305,LD000041601
Department of Health,NHS Leicester City CCG,7/31/2018,C&M-APMS Prem Healthcentre Rent,PRC DELEGATED CO-COMMISSIONING,SPIRIT HEALTHCARE LTD,22897022,"2,688.83 ",283351305,LD000041601
Department of Health,NHS Leicester City CCG,7/31/2018,C&M-APMS Prem Water Rates,PRC DELEGATED CO-COMMISSIONING,SPIRIT HEALTHCARE LTD,22897022,101.33 ,283351305,LD000041601
Department of Health,NHS Leicester City CCG,7/31/2018,C&M-PMS QOF Aspiration,PRC DELEGATED CO-COMMISSIONING,SPIRIT HEALTHCARE LTD,22897022,"3,768.24 ",283351305,LD000041601
Department of Health,NHS Leicester City CCG,7/31/2018,C&M-APMS Contract Value,PRC DELEGATED CO-COMMISSIONING,SPIRIT HEALTHCARE LTD,22897025,"30,280.23 ",283351305,LD000041603
Department of Health,NHS Leicester City CCG,7/31/2018,C&M-APMS Prem Healthcentre Rates,PRC DELEGATED CO-COMMISSIONING,SPIRIT HEALTHCARE LTD,22897025,495.13 ,283351305,LD000041603
Department of Health,NHS Leicester City CCG,7/31/2018,C&M-APMS Prem Healthcentre Rent,PRC DELEGATED CO-COMMISSIONING,SPIRIT HEALTHCARE LTD,22897025,"1,508.33 ",283351305,LD000041603
Department of Health,NHS Leicester City CCG,7/31/2018,C&M-PMS QOF Aspiration,PRC DELEGATED CO-COMMISSIONING,SPIRIT HEALTHCARE LTD,22897025,"3,056.56 ",283351305,LD000041603
Department of Health,NHS Leicester City CCG,7/31/2018,Clinical&Medical-Independent Sector,PATIENT TRANSPORT,THAMES AMBULANCE SERVICE LTD,22875120,"142,453.92 ",809846883,20250
Department of Health,NHS Leicester City CCG,7/31/2018,Cont Care-Physical Disab (<65),CHC ADULT FULLY FUNDED,THORNBURY NURSING SERVICES,22972248,"28,228.60 ",,4375075
Department of Health,NHS Leicester City CCG,7/31/2018,Cont Care-Physical Disab (<65),CHC ADULT FULLY FUNDED,THORNBURY NURSING SERVICES,22972267,"28,228.60 ",,4382328
Department of Health,NHS Leicester City CCG,7/31/2018,Cont Care-Physical Disab (<65),CHC ADULT FULLY FUNDED,THORNBURY NURSING SERVICES,23167349,"28,228.60 ",,4407892
Department of Health,NHS Leicester City CCG,7/31/2018,Cont Care-Physical Disab (<65),CHC ADULT FULLY FUNDED,THORNBURY NURSING SERVICES,23210694,"28,228.60 ",,4391243
Department of Health,NHS Leicester City CCG,7/31/2018,Cont Care-Physical Disab (<65),CHC ADULT FULLY FUNDED,THORNBURY NURSING SERVICES,23210712,"28,228.60 ",,4396677
Department of Health,NHS Leicester City CCG,7/31/2018,Hcare Srv Rec NHS Trust-Contract Baseline,ACUTE COMMISSIONING,UNIVERSITY HOSPITALS COVENTRY AND WARWICKSHIRE NHS TRUST,22972208,"45,444.18 ",,1000063106
Department of Health,NHS Leicester City CCG,7/31/2018,Hcare Srv Rec NHS Trust-Contract Baseline,ACUTE COMMISSIONING,UNIVERSITY HOSPITALS OF LEICESTER NHS TRUST,22873690,"44,319.61 ",654972400,L0201083
Department of Health,NHS Leicester City CCG,7/31/2018,Hcare Srv Rec NHS Trust-Contract Baseline,ACUTE COMMISSIONING,UNIVERSITY HOSPITALS OF LEICESTER NHS TRUST,22873714,"32,421.07 ",654972400,L0204409
Department of Health,NHS Leicester City CCG,7/31/2018,Hcare Srv Rec NHS Trust,COLLABORATIVE COMMISSIONING,UNIVERSITY HOSPITALS OF LEICESTER NHS TRUST,22887372,"33,836.36 ",654972400,L0210023
Department of Health,NHS Leicester City CCG,7/31/2018,Hcare Srv Rec NHS Trust,ACUTE COMMISSIONING,UNIVERSITY HOSPITALS OF LEICESTER NHS TRUST,22904021,"(1,281,083.00)",654972400,C0021170
Department of Health,NHS Leicester City CCG,7/31/2018,Hcare Srv Rec NHS Trust-Contract Baseline,ACUTE COMMISSIONING,UNIVERSITY HOSPITALS OF LEICESTER NHS TRUST,22987286,"25,001.96 ",654972400,L0196988
Department of Health,NHS Leicester City CCG,7/31/2018,Hcare Srv Rec NHS Trust-Contract Baseline,ACUTE COMMISSIONING,UNIVERSITY HOSPITALS OF LEICESTER NHS TRUST,23073711,"30,317.70 ",654972400,L0192482
Department of Health,NHS Leicester City CCG,7/31/2018,Hcare Srv Rec NHS Trust-Contract Baseline,ACUTE COMMISSIONING,UNIVERSITY HOSPITALS OF LEICESTER NHS TRUST,23167298,"15,742,943.00 ",654972400,L0212377
Department of Health,NHS Leicester City CCG,7/31/2018,Hcare Srv Rec NHS Trust,COLLABORATIVE COMMISSIONING,UNIVERSITY HOSPITALS OF LEICESTER NHS TRUST,23167331,"56,488.00 ",654972400,L0212404
Department of Health,NHS Leicester City CCG,7/31/2018,Hcare Srv Rec NHS Trust-Contract Baseline,ACUTE COMMISSIONING,UNIVERSITY HOSPITALS OF LEICESTER NHS TRUST,23210918,"2,674,597.00 ",654972400,L0212502
Department of Health,NHS Leicester City CCG,7/31/2018,C&M-GMS Global Sum,PRC DELEGATED CO-COMMISSIONING,WALNUT STREET SURGERY,23051328,"26,062.49 ",,LD000041745
Department of Health,NHS Leicester City CCG,7/31/2018,C&M-GMS Prem Actual Rent,PRC DELEGATED CO-COMMISSIONING,WALNUT STREET SURGERY,23051328,"1,625.00 ",,LD000041745
Department of Health,NHS Leicester City CCG,7/31/2018,C&M-GMS QOF Aspiration,PRC DELEGATED CO-COMMISSIONING,WALNUT STREET SURGERY,23051328,"1,795.36 ",,LD000041745
Department of Health,NHS Leicester City CCG,7/31/2018,ME - GMS GP Prior Year ERs,PRC DELEGATED CO-COMMISSIONING,WALNUT STREET SURGERY,23051328,"2,436.19 ",,LD000041745
Department of Health,NHS Leicester City CCG,7/31/2018,ME-GMS GP Prior Year EEs,PRC DELEGATED CO-COMMISSIONING,WALNUT STREET SURGERY,23051328,"1,206.23 ",,LD000041745
Department of Health,NHS Leicester City CCG,7/31/2018,C&M-GMS Global Sum,PRC DELEGATED CO-COMMISSIONING,WILLOWBROOK MEDICAL CENTRE,23052569,"88,779.37 ",,LD000041684
Department of Health,NHS Leicester City CCG,7/31/2018,C&M-GMS Prem Healthcentre Rates,PRC DELEGATED CO-COMMISSIONING,WILLOWBROOK MEDICAL CENTRE,23052569,226.28 ,,LD000041684
Department of Health,NHS Leicester City CCG,7/31/2018,C&M-GMS Prem Healthcentre Rent,PRC DELEGATED CO-COMMISSIONING,WILLOWBROOK MEDICAL CENTRE,23052569,"3,051.00 ",,LD000041684
Department of Health,NHS Leicester City CCG,7/31/2018,C&M-GMS Prem Notional Rent,PRC DELEGATED CO-COMMISSIONING,WILLOWBROOK MEDICAL CENTRE,23052569,"7,062.50 ",,LD000041684
Department of Health,NHS Leicester City CCG,7/31/2018,C&M-GMS Prem Water Rates,PRC DELEGATED CO-COMMISSIONING,WILLOWBROOK MEDICAL CENTRE,23052569,219.50 ,,LD000041684
Department of Health,NHS Leicester City CCG,7/31/2018,C&M-GMS QOF Aspiration,PRC DELEGATED CO-COMMISSIONING,WILLOWBROOK MEDICAL CENTRE,23052569,"12,504.07 ",,LD000041684
Department of Health,NHS Leicester City CCG,7/31/2018,C&M-GMS Global Sum,PRC DELEGATED CO-COMMISSIONING,WILLOWS MEDICAL CENTRE,23051326,"33,798.40 ",,LD000041743
Department of Health,NHS Leicester City CCG,7/31/2018,C&M-GMS MPIG Correction Factor,PRC DELEGATED CO-COMMISSIONING,WILLOWS MEDICAL CENTRE,23051326,"1,163.54 ",,LD000041743
Department of Health,NHS Leicester City CCG,7/31/2018,C&M-GMS Prem Notional Rent,PRC DELEGATED CO-COMMISSIONING,WILLOWS MEDICAL CENTRE,23051326,"9,333.33 ",,LD000041743
Department of Health,NHS Leicester City CCG,7/31/2018,C&M-GMS QOF Aspiration,PRC DELEGATED CO-COMMISSIONING,WILLOWS MEDICAL CENTRE,23051326,"3,108.96 ",,LD000041743
Department of Health,NHS Leicester City CCG,7/31/2018,Cont Care-Physical Disab (65+),CHC AD FULL FUND PERS HLTH BUD,YASMIN KASSAM 04C,23004315,"65,179.74 ",,162093JUL599
,,,,,,,,,
,,,,,,,,,
,,,,,,,,,
,,,,,,,,,
,,,,,,,,,
,,,,,,,,,
,,,,,,,,,
,,,,,,,,,
,,,,,,,,,
,,,,,,,,,
,,,,,,,,,
,,,,,,,,,
,,,,,,,,,
,,,,,,,,,
,,,,,,,,,
,,,,,,,,,
,,,,,,,,,
,,,,,,,,,
