Leicester City CCG,,,,,,,,,
Financial Performance 2018/19 Month 02,,,,,,,,,
Appendix - Expenditure > �25k,,,,,,,,,
,,,,,,,,,
,,,,,,,,,
Department family,Entity,Date,Expense Type,Expense area,Supplier,Transaction number,AP Amount (�),VAT registration number,Purchase invoice number
Department of Health,NHS Leicester City CCG,5/31/2018,C&M-GMS DES Learn Dsblty Hlth Chk,PRC DELEGATED CO-COMMISSIONING,BEAUMONT LODGE MEDICAL PRACTICE,22176386,"2,380.00 ",,LD000040616
Department of Health,NHS Leicester City CCG,5/31/2018,C&M-GMS Global Sum,PRC DELEGATED CO-COMMISSIONING,BEAUMONT LODGE MEDICAL PRACTICE,22176386,"46,882.38 ",,LD000040616
Department of Health,NHS Leicester City CCG,5/31/2018,C&M-GMS MPIG Correction Factor,PRC DELEGATED CO-COMMISSIONING,BEAUMONT LODGE MEDICAL PRACTICE,22176386,"1,207.30 ",,LD000040616
Department of Health,NHS Leicester City CCG,5/31/2018,C&M-GMS Prem Clinical Waste,PRC DELEGATED CO-COMMISSIONING,BEAUMONT LODGE MEDICAL PRACTICE,22176386,407.60 ,,LD000040616
Department of Health,NHS Leicester City CCG,5/31/2018,C&M-GMS Prem Notional Rent,PRC DELEGATED CO-COMMISSIONING,BEAUMONT LODGE MEDICAL PRACTICE,22176386,"3,999.09 ",,LD000040616
Department of Health,NHS Leicester City CCG,5/31/2018,C&M-GMS QOF Aspiration,PRC DELEGATED CO-COMMISSIONING,BEAUMONT LODGE MEDICAL PRACTICE,22176386,"4,000.51 ",,LD000040616
Department of Health,NHS Leicester City CCG,5/31/2018,Clinical&Medical-Independent Sector,ACUTE COMMISSIONING,BPAS,22353450,"34,200.80 ",855924881,37261
Department of Health,NHS Leicester City CCG,5/31/2018,Clinical&Medical-Independent Sector,ACUTE COMMISSIONING,BPAS,22377085,"43,105.64 ",855924881,37733
Department of Health,NHS Leicester City CCG,5/31/2018,legal fees,CONTINUING HEALTHCARE ASSESSMENT & SUPPORT,BROWNE JACOBSON LLP,22274424,"17,893.00 ",116396270,387366
Department of Health,NHS Leicester City CCG,5/31/2018,legal fees,CORPORATE COSTS & SERVICES,BROWNE JACOBSON LLP,22274424,"4,270.50 ",116396270,387366
Department of Health,NHS Leicester City CCG,5/31/2018,Clinical&Medical-Independent Sector,ACUTE COMMISSIONING,CHAS A BLATCHFORD&SONS LTD,22091220,"209,185.00 ",,9302201
Department of Health,NHS Leicester City CCG,5/31/2018,Recharge : Received,CONTINUING HEALTHCARE ASSESSMENT & SUPPORT,CHS HEALTHCARE,22156226,"30,678.00 ",669927759,25299
Department of Health,NHS Leicester City CCG,5/31/2018,C&M-GMS Global Sum,PRC DELEGATED CO-COMMISSIONING,CLARENDON PARK MEDICAL CENTRE,22176382,"36,387.02 ",,LD000040610
Department of Health,NHS Leicester City CCG,5/31/2018,C&M-GMS Prem Notional Rent,PRC DELEGATED CO-COMMISSIONING,CLARENDON PARK MEDICAL CENTRE,22176382,"3,320.83 ",,LD000040610
Department of Health,NHS Leicester City CCG,5/31/2018,C&M-GMS QOF Aspiration,PRC DELEGATED CO-COMMISSIONING,CLARENDON PARK MEDICAL CENTRE,22176382,"3,641.66 ",,LD000040610
Department of Health,NHS Leicester City CCG,5/31/2018,C&M-GMS Prem Rent Other,PRC DELEGATED CO-COMMISSIONING,COMMUNITY HEALTH PARTNERSHIPS LTD,22274411,"22,866.63 ",GB782562113,0060065879
Department of Health,NHS Leicester City CCG,5/31/2018,Voids and Subsidies,RECHARGES NHS PROPERTY SERVICES LTD,COMMUNITY HEALTH PARTNERSHIPS LTD,22274411,"172,868.47 ",GB782562113,0060065879
Department of Health,NHS Leicester City CCG,5/31/2018,C&M-GMS Prem Rent Other,PRC DELEGATED CO-COMMISSIONING,COMMUNITY HEALTH PARTNERSHIPS LTD,22274418,"22,866.63 ",GB782562113,0060065471
Department of Health,NHS Leicester City CCG,5/31/2018,Voids and Subsidies,RECHARGES NHS PROPERTY SERVICES LTD,COMMUNITY HEALTH PARTNERSHIPS LTD,22274418,"172,868.47 ",GB782562113,0060065471
Department of Health,NHS Leicester City CCG,5/31/2018,C&M-APMS Contract Value,PRC DELEGATED CO-COMMISSIONING,DHU 111 (EAST MIDLANDS) CIC,21994094,"728,750.00 ",GB257028406,MVHUB1819M2M12
Department of Health,NHS Leicester City CCG,5/31/2018,C&M-APMS Contract Value,PRC DELEGATED CO-COMMISSIONING,DHU 111 (EAST MIDLANDS) CIC,22028914,"72,037.96 ",GB257028406,LD000040385
Department of Health,NHS Leicester City CCG,5/31/2018,C&M-APMS Prem Clinical Waste,PRC DELEGATED CO-COMMISSIONING,DHU 111 (EAST MIDLANDS) CIC,22028914,47.24 ,GB257028406,LD000040385
Department of Health,NHS Leicester City CCG,5/31/2018,C&M-APMS Prem Healthcentre Rates,PRC DELEGATED CO-COMMISSIONING,DHU 111 (EAST MIDLANDS) CIC,22028914,"1,712.87 ",GB257028406,LD000040385
Department of Health,NHS Leicester City CCG,5/31/2018,C&M-APMS Prem Healthcentre Rent,PRC DELEGATED CO-COMMISSIONING,DHU 111 (EAST MIDLANDS) CIC,22028914,"16,472.86 ",GB257028406,LD000040385
Department of Health,NHS Leicester City CCG,5/31/2018,C&M-APMS Prem Water Rates,PRC DELEGATED CO-COMMISSIONING,DHU 111 (EAST MIDLANDS) CIC,22028914,136.02 ,GB257028406,LD000040385
Department of Health,NHS Leicester City CCG,5/31/2018,C&M-PMS QOF Aspiration,PRC DELEGATED CO-COMMISSIONING,DHU 111 (EAST MIDLANDS) CIC,22028914,"3,087.51 ",GB257028406,LD000040385
Department of Health,NHS Leicester City CCG,5/31/2018,C&M-APMS Contract Value,PRC DELEGATED CO-COMMISSIONING,DHU 111 (EAST MIDLANDS) CIC,22028929,"33,743.06 ",GB257028406,LD000040395
Department of Health,NHS Leicester City CCG,5/31/2018,C&M-APMS Prem Healthcentre Rates,PRC DELEGATED CO-COMMISSIONING,DHU 111 (EAST MIDLANDS) CIC,22028929,"1,342.07 ",GB257028406,LD000040395
Department of Health,NHS Leicester City CCG,5/31/2018,C&M-APMS Prem Healthcentre Rent,PRC DELEGATED CO-COMMISSIONING,DHU 111 (EAST MIDLANDS) CIC,22028929,"5,500.00 ",GB257028406,LD000040395
Department of Health,NHS Leicester City CCG,5/31/2018,C&M-APMS Prem Water Rates,PRC DELEGATED CO-COMMISSIONING,DHU 111 (EAST MIDLANDS) CIC,22028929,86.19 ,GB257028406,LD000040395
Department of Health,NHS Leicester City CCG,5/31/2018,C&M-PMS QOF Aspiration,PRC DELEGATED CO-COMMISSIONING,DHU 111 (EAST MIDLANDS) CIC,22028929,806.11 ,GB257028406,LD000040395
Department of Health,NHS Leicester City CCG,5/31/2018,Clinical&Medical-Independent Sector,NHS 111,DHU 111 (EAST MIDLANDS) CIC,22425914,"109,402.78 ",GB257028406,SINV00624
Department of Health,NHS Leicester City CCG,5/31/2018,Clinical&Medical-Clinical Other,OUT OF HOURS,DHU HEALTH CARE CIC,22425917,"74,272.45 ",257028406,SINV16536
Department of Health,NHS Leicester City CCG,5/31/2018,Clinical&Medical-Clinical Other,OUT OF HOURS,DHU HEALTH CARE CIC,22425921,"127,521.93 ",257028406,SINV16539
Department of Health,NHS Leicester City CCG,5/31/2018,Clinical&Medical-Clinical Other,OUT OF HOURS,DHU HEALTH CARE CIC,22425925,"227,587.50 ",257028406,SINV16532
Department of Health,NHS Leicester City CCG,5/31/2018,Clinical&Medical-Clinical Other,OUT OF HOURS,DHU HEALTH CARE CIC,22425929,"27,604.99 ",257028406,SINV16542
Department of Health,NHS Leicester City CCG,5/31/2018,C&M-GMS DES Learn Dsblty Hlth Chk,PRC DELEGATED CO-COMMISSIONING,DR AJJ BENTLEY & PARTNERS,22176317,"2,520.00 ",,LD000040536
Department of Health,NHS Leicester City CCG,5/31/2018,C&M-GMS Global Sum,PRC DELEGATED CO-COMMISSIONING,DR AJJ BENTLEY & PARTNERS,22176317,"48,894.95 ",,LD000040536
Department of Health,NHS Leicester City CCG,5/31/2018,C&M-GMS PCO Locum Sickness,PRC DELEGATED CO-COMMISSIONING,DR AJJ BENTLEY & PARTNERS,22176317,"3,901.91 ",,LD000040536
Department of Health,NHS Leicester City CCG,5/31/2018,C&M-GMS Prem Notional Rent,PRC DELEGATED CO-COMMISSIONING,DR AJJ BENTLEY & PARTNERS,22176317,"11,335.19 ",,LD000040536
Department of Health,NHS Leicester City CCG,5/31/2018,C&M-GMS QOF Aspiration,PRC DELEGATED CO-COMMISSIONING,DR AJJ BENTLEY & PARTNERS,22176317,"6,803.48 ",,LD000040536
Department of Health,NHS Leicester City CCG,5/31/2018,C&M-GMS Global Sum,PRC DELEGATED CO-COMMISSIONING,DR ARCHER R P & PARTNER,22175200,"24,993.17 ",,LD000040540
Department of Health,NHS Leicester City CCG,5/31/2018,C&M-GMS MPIG Correction Factor,PRC DELEGATED CO-COMMISSIONING,DR ARCHER R P & PARTNER,22175200,253.97 ,,LD000040540
Department of Health,NHS Leicester City CCG,5/31/2018,C&M-GMS Prem Notional Rent,PRC DELEGATED CO-COMMISSIONING,DR ARCHER R P & PARTNER,22175200,"1,666.67 ",,LD000040540
Department of Health,NHS Leicester City CCG,5/31/2018,C&M-GMS QOF Aspiration,PRC DELEGATED CO-COMMISSIONING,DR ARCHER R P & PARTNER,22175200,"2,243.82 ",,LD000040540
Department of Health,NHS Leicester City CCG,5/31/2018,C&M-GMS DES Learn Dsblty Hlth Chk,PRC DELEGATED CO-COMMISSIONING,DR BAILEY S A & PARTNERS,22176315,"2,380.00 ",,LD000040534
Department of Health,NHS Leicester City CCG,5/31/2018,C&M-GMS Global Sum,PRC DELEGATED CO-COMMISSIONING,DR BAILEY S A & PARTNERS,22176315,"40,741.38 ",,LD000040534
Department of Health,NHS Leicester City CCG,5/31/2018,C&M-GMS MPIG Correction Factor,PRC DELEGATED CO-COMMISSIONING,DR BAILEY S A & PARTNERS,22176315,"1,793.73 ",,LD000040534
Department of Health,NHS Leicester City CCG,5/31/2018,C&M-GMS PCO Doctors Ret Scheme,PRC DELEGATED CO-COMMISSIONING,DR BAILEY S A & PARTNERS,22176315,"1,333.28 ",,LD000040534
Department of Health,NHS Leicester City CCG,5/31/2018,C&M-GMS Prem Actual Rent,PRC DELEGATED CO-COMMISSIONING,DR BAILEY S A & PARTNERS,22176315,290.50 ,,LD000040534
Department of Health,NHS Leicester City CCG,5/31/2018,C&M-GMS Prem Clinical Waste,PRC DELEGATED CO-COMMISSIONING,DR BAILEY S A & PARTNERS,22176315,229.80 ,,LD000040534
Department of Health,NHS Leicester City CCG,5/31/2018,C&M-GMS QOF Aspiration,PRC DELEGATED CO-COMMISSIONING,DR BAILEY S A & PARTNERS,22176315,"4,917.16 ",,LD000040534
Department of Health,NHS Leicester City CCG,5/31/2018,C&M-PMS Baseline Adjustment,PRC DELEGATED CO-COMMISSIONING,DR CROSS I B & PTNRS,22028895,"121,239.15 ",,LD000040365
Department of Health,NHS Leicester City CCG,5/31/2018,C&M-PMS PCO Seniority,PRC DELEGATED CO-COMMISSIONING,DR CROSS I B & PTNRS,22028895,960.64 ,,LD000040365
Department of Health,NHS Leicester City CCG,5/31/2018,C&M-PMS Prem Healthcentre Rent,PRC DELEGATED CO-COMMISSIONING,DR CROSS I B & PTNRS,22028895,"41,254.35 ",,LD000040365
Department of Health,NHS Leicester City CCG,5/31/2018,C&M-PMS Prem Water Rates,PRC DELEGATED CO-COMMISSIONING,DR CROSS I B & PTNRS,22028895,134.30 ,,LD000040365
Department of Health,NHS Leicester City CCG,5/31/2018,C&M-PMS Prof fees Prescribing,PRC DELEGATED CO-COMMISSIONING,DR CROSS I B & PTNRS,22028895,444.00 ,,LD000040365
Department of Health,NHS Leicester City CCG,5/31/2018,C&M-PMS QOF Aspiration,PRC DELEGATED CO-COMMISSIONING,DR CROSS I B & PTNRS,22028895,"4,594.90 ",,LD000040365
Department of Health,NHS Leicester City CCG,5/31/2018,C&M-GMS DES Learn Dsblty Hlth Chk,PRC DELEGATED CO-COMMISSIONING,DR DOCRAT F,22176321,280.00 ,,LD000040544
Department of Health,NHS Leicester City CCG,5/31/2018,C&M-GMS Global Sum,PRC DELEGATED CO-COMMISSIONING,DR DOCRAT F,22176321,"29,647.19 ",,LD000040544
Department of Health,NHS Leicester City CCG,5/31/2018,C&M-GMS MPIG Correction Factor,PRC DELEGATED CO-COMMISSIONING,DR DOCRAT F,22176321,"1,403.47 ",,LD000040544
Department of Health,NHS Leicester City CCG,5/31/2018,C&M-GMS Prem Healthcentre Rates,PRC DELEGATED CO-COMMISSIONING,DR DOCRAT F,22176321,"1,033.70 ",,LD000040544
Department of Health,NHS Leicester City CCG,5/31/2018,C&M-GMS Prem Healthcentre Rent,PRC DELEGATED CO-COMMISSIONING,DR DOCRAT F,22176321,"8,316.45 ",,LD000040544
Department of Health,NHS Leicester City CCG,5/31/2018,C&M-GMS Prem Water Rates,PRC DELEGATED CO-COMMISSIONING,DR DOCRAT F,22176321,103.03 ,,LD000040544
Department of Health,NHS Leicester City CCG,5/31/2018,C&M-GMS QOF Aspiration,PRC DELEGATED CO-COMMISSIONING,DR DOCRAT F,22176321,"3,437.03 ",,LD000040544
Department of Health,NHS Leicester City CCG,5/31/2018,ME-GMS GP Pension EEs,PRC DELEGATED CO-COMMISSIONING,DR DOCRAT F,22176321,865.94 ,,LD000040544
Department of Health,NHS Leicester City CCG,5/31/2018,ME-GMS GP Pension ERs Adjustments,PRC DELEGATED CO-COMMISSIONING,DR DOCRAT F,22176321,199.14 ,,LD000040544
Department of Health,NHS Leicester City CCG,5/31/2018,C&M-GMS DES Learn Dsblty Hlth Chk,PRC DELEGATED CO-COMMISSIONING,DR DURANT A J & PARTNERS,22176323,"1,680.00 ",,LD000040546
Department of Health,NHS Leicester City CCG,5/31/2018,C&M-GMS Global Sum,PRC DELEGATED CO-COMMISSIONING,DR DURANT A J & PARTNERS,22176323,"75,636.13 ",,LD000040546
Department of Health,NHS Leicester City CCG,5/31/2018,C&M-GMS MPIG Correction Factor,PRC DELEGATED CO-COMMISSIONING,DR DURANT A J & PARTNERS,22176323,554.44 ,,LD000040546
Department of Health,NHS Leicester City CCG,5/31/2018,C&M-GMS Prem Actual Rent,PRC DELEGATED CO-COMMISSIONING,DR DURANT A J & PARTNERS,22176323,484.58 ,,LD000040546
Department of Health,NHS Leicester City CCG,5/31/2018,C&M-GMS Prem Notional Rent,PRC DELEGATED CO-COMMISSIONING,DR DURANT A J & PARTNERS,22176323,"1,916.67 ",,LD000040546
Department of Health,NHS Leicester City CCG,5/31/2018,C&M-GMS QOF Aspiration,PRC DELEGATED CO-COMMISSIONING,DR DURANT A J & PARTNERS,22176323,"7,524.90 ",,LD000040546
Department of Health,NHS Leicester City CCG,5/31/2018,C&M-GMS Global Sum,PRC DELEGATED CO-COMMISSIONING,DR G D COOK & PARTNERS,22175203,"99,990.90 ",,LD000040550
Department of Health,NHS Leicester City CCG,5/31/2018,C&M-GMS MPIG Correction Factor,PRC DELEGATED CO-COMMISSIONING,DR G D COOK & PARTNERS,22175203,"1,380.35 ",,LD000040550
Department of Health,NHS Leicester City CCG,5/31/2018,C&M-GMS PCO Locum Adop/Pat/Mat,PRC DELEGATED CO-COMMISSIONING,DR G D COOK & PARTNERS,22175203,"6,372.54 ",,LD000040550
Department of Health,NHS Leicester City CCG,5/31/2018,C&M-GMS Prem Clinical Waste,PRC DELEGATED CO-COMMISSIONING,DR G D COOK & PARTNERS,22175203,141.00 ,,LD000040550
Department of Health,NHS Leicester City CCG,5/31/2018,C&M-GMS Prem Healthcentre Rates,PRC DELEGATED CO-COMMISSIONING,DR G D COOK & PARTNERS,22175203,"5,542.51 ",,LD000040550
Department of Health,NHS Leicester City CCG,5/31/2018,C&M-GMS Prem Healthcentre Rent,PRC DELEGATED CO-COMMISSIONING,DR G D COOK & PARTNERS,22175203,"30,231.82 ",,LD000040550
Department of Health,NHS Leicester City CCG,5/31/2018,C&M-GMS Prem Water Rates,PRC DELEGATED CO-COMMISSIONING,DR G D COOK & PARTNERS,22175203,354.18 ,,LD000040550
Department of Health,NHS Leicester City CCG,5/31/2018,C&M-GMS QOF Aspiration,PRC DELEGATED CO-COMMISSIONING,DR G D COOK & PARTNERS,22175203,"9,893.43 ",,LD000040550
Department of Health,NHS Leicester City CCG,5/31/2018,C&M-GMS Global Sum,PRC DELEGATED CO-COMMISSIONING,DR G SINGH,22176327,"33,261.89 ",,LD000040552
Department of Health,NHS Leicester City CCG,5/31/2018,C&M-GMS Prem Healthcentre Rates,PRC DELEGATED CO-COMMISSIONING,DR G SINGH,22176327,251.24 ,,LD000040552
Department of Health,NHS Leicester City CCG,5/31/2018,C&M-GMS Prem Healthcentre Rent,PRC DELEGATED CO-COMMISSIONING,DR G SINGH,22176327,"1,939.04 ",,LD000040552
Department of Health,NHS Leicester City CCG,5/31/2018,C&M-GMS Prem Water Rates,PRC DELEGATED CO-COMMISSIONING,DR G SINGH,22176327,87.81 ,,LD000040552
Department of Health,NHS Leicester City CCG,5/31/2018,C&M-GMS QOF Aspiration,PRC DELEGATED CO-COMMISSIONING,DR G SINGH,22176327,"3,270.64 ",,LD000040552
Department of Health,NHS Leicester City CCG,5/31/2018,C&M-GMS DES Learn Dsblty Hlth Chk,PRC DELEGATED CO-COMMISSIONING,DR HAINSWORTH B,22176325,"1,540.00 ",,LD000040548
Department of Health,NHS Leicester City CCG,5/31/2018,C&M-GMS Global Sum,PRC DELEGATED CO-COMMISSIONING,DR HAINSWORTH B,22176325,"38,024.38 ",,LD000040548
Department of Health,NHS Leicester City CCG,5/31/2018,C&M-GMS Prem Notional Rent,PRC DELEGATED CO-COMMISSIONING,DR HAINSWORTH B,22176325,"4,062.50 ",,LD000040548
Department of Health,NHS Leicester City CCG,5/31/2018,C&M-GMS QOF Aspiration,PRC DELEGATED CO-COMMISSIONING,DR HAINSWORTH B,22176325,"2,824.06 ",,LD000040548
Department of Health,NHS Leicester City CCG,5/31/2018,C&M-GMS DES Learn Dsblty Hlth Chk,PRC DELEGATED CO-COMMISSIONING,DR HV TRIVEDI & PARTNERS,22176395,420.00 ,,LD000040625
Department of Health,NHS Leicester City CCG,5/31/2018,C&M-GMS Global Sum,PRC DELEGATED CO-COMMISSIONING,DR HV TRIVEDI & PARTNERS,22176395,"110,236.22 ",,LD000040625
Department of Health,NHS Leicester City CCG,5/31/2018,C&M-GMS MPIG Correction Factor,PRC DELEGATED CO-COMMISSIONING,DR HV TRIVEDI & PARTNERS,22176395,"1,986.09 ",,LD000040625
Department of Health,NHS Leicester City CCG,5/31/2018,C&M-GMS Prem Clinical Waste,PRC DELEGATED CO-COMMISSIONING,DR HV TRIVEDI & PARTNERS,22176395,457.77 ,,LD000040625
Department of Health,NHS Leicester City CCG,5/31/2018,C&M-GMS Prem Notional Rent,PRC DELEGATED CO-COMMISSIONING,DR HV TRIVEDI & PARTNERS,22176395,"9,848.96 ",,LD000040625
Department of Health,NHS Leicester City CCG,5/31/2018,C&M-GMS Prem Rates,PRC DELEGATED CO-COMMISSIONING,DR HV TRIVEDI & PARTNERS,22176395,"3,900.00 ",,LD000040625
Department of Health,NHS Leicester City CCG,5/31/2018,C&M-GMS Prem Water Rates,PRC DELEGATED CO-COMMISSIONING,DR HV TRIVEDI & PARTNERS,22176395,429.16 ,,LD000040625
Department of Health,NHS Leicester City CCG,5/31/2018,C&M-GMS QOF Aspiration,PRC DELEGATED CO-COMMISSIONING,DR HV TRIVEDI & PARTNERS,22176395,"11,318.73 ",,LD000040625
Department of Health,NHS Leicester City CCG,5/31/2018,C&M-GMS DES Learn Dsblty Hlth Chk,PRC DELEGATED CO-COMMISSIONING,DR JONES I P & PARTNERS,22176331,"4,340.00 ",,LD000040556
Department of Health,NHS Leicester City CCG,5/31/2018,C&M-GMS Global Sum,PRC DELEGATED CO-COMMISSIONING,DR JONES I P & PARTNERS,22176331,"65,818.73 ",,LD000040556
Department of Health,NHS Leicester City CCG,5/31/2018,C&M-GMS MPIG Correction Factor,PRC DELEGATED CO-COMMISSIONING,DR JONES I P & PARTNERS,22176331,79.84 ,,LD000040556
Department of Health,NHS Leicester City CCG,5/31/2018,C&M-GMS Prem Clinical Waste,PRC DELEGATED CO-COMMISSIONING,DR JONES I P & PARTNERS,22176331,158.31 ,,LD000040556
Department of Health,NHS Leicester City CCG,5/31/2018,C&M-GMS Prem Healthcentre Rates,PRC DELEGATED CO-COMMISSIONING,DR JONES I P & PARTNERS,22176331,"4,335.31 ",,LD000040556
Department of Health,NHS Leicester City CCG,5/31/2018,C&M-GMS Prem Healthcentre Rent,PRC DELEGATED CO-COMMISSIONING,DR JONES I P & PARTNERS,22176331,"29,191.39 ",,LD000040556
Department of Health,NHS Leicester City CCG,5/31/2018,C&M-GMS Prem Water Rates,PRC DELEGATED CO-COMMISSIONING,DR JONES I P & PARTNERS,22176331,283.21 ,,LD000040556
Department of Health,NHS Leicester City CCG,5/31/2018,C&M-GMS QOF Aspiration,PRC DELEGATED CO-COMMISSIONING,DR JONES I P & PARTNERS,22176331,"7,501.65 ",,LD000040556
Department of Health,NHS Leicester City CCG,5/31/2018,C&M-GMS Global Sum,PRC DELEGATED CO-COMMISSIONING,DR KA CHOUDHRY & PARTNERS,22176333,"25,374.40 ",,LD000040558
Department of Health,NHS Leicester City CCG,5/31/2018,C&M-GMS MPIG Correction Factor,PRC DELEGATED CO-COMMISSIONING,DR KA CHOUDHRY & PARTNERS,22176333,482.78 ,,LD000040558
Department of Health,NHS Leicester City CCG,5/31/2018,C&M-GMS Prem Notional Rent,PRC DELEGATED CO-COMMISSIONING,DR KA CHOUDHRY & PARTNERS,22176333,"2,096.83 ",,LD000040558
Department of Health,NHS Leicester City CCG,5/31/2018,C&M-GMS Prem Rates,PRC DELEGATED CO-COMMISSIONING,DR KA CHOUDHRY & PARTNERS,22176333,"3,228.52 ",,LD000040558
Department of Health,NHS Leicester City CCG,5/31/2018,C&M-GMS Prem Water Rates,PRC DELEGATED CO-COMMISSIONING,DR KA CHOUDHRY & PARTNERS,22176333,72.35 ,,LD000040558
Department of Health,NHS Leicester City CCG,5/31/2018,C&M-GMS QOF Aspiration,PRC DELEGATED CO-COMMISSIONING,DR KA CHOUDHRY & PARTNERS,22176333,"2,638.71 ",,LD000040558
Department of Health,NHS Leicester City CCG,5/31/2018,C&M-GMS Global Sum,PRC DELEGATED CO-COMMISSIONING,DR KAPUR R & PARTNERS,22176335,"16,413.71 ",,LD000040560
Department of Health,NHS Leicester City CCG,5/31/2018,C&M-GMS MPIG Correction Factor,PRC DELEGATED CO-COMMISSIONING,DR KAPUR R & PARTNERS,22176335,"2,414.54 ",,LD000040560
Department of Health,NHS Leicester City CCG,5/31/2018,C&M-GMS Prem Healthcentre Rates,PRC DELEGATED CO-COMMISSIONING,DR KAPUR R & PARTNERS,22176335,"1,116.38 ",,LD000040560
Department of Health,NHS Leicester City CCG,5/31/2018,C&M-GMS Prem Healthcentre Rent,PRC DELEGATED CO-COMMISSIONING,DR KAPUR R & PARTNERS,22176335,"6,924.82 ",,LD000040560
Department of Health,NHS Leicester City CCG,5/31/2018,C&M-GMS Prem Water Rates,PRC DELEGATED CO-COMMISSIONING,DR KAPUR R & PARTNERS,22176335,111.25 ,,LD000040560
Department of Health,NHS Leicester City CCG,5/31/2018,C&M-GMS QOF Aspiration,PRC DELEGATED CO-COMMISSIONING,DR KAPUR R & PARTNERS,22176335,"1,599.59 ",,LD000040560
Department of Health,NHS Leicester City CCG,5/31/2018,C&M-GMS DES Learn Dsblty Hlth Chk,PRC DELEGATED CO-COMMISSIONING,DR KHUNTI P & PTNS,22176329,280.00 ,,LD000040554
Department of Health,NHS Leicester City CCG,5/31/2018,C&M-GMS Global Sum,PRC DELEGATED CO-COMMISSIONING,DR KHUNTI P & PTNS,22176329,"119,479.54 ",,LD000040554
Department of Health,NHS Leicester City CCG,5/31/2018,C&M-GMS MPIG Correction Factor,PRC DELEGATED CO-COMMISSIONING,DR KHUNTI P & PTNS,22176329,"4,947.44 ",,LD000040554
Department of Health,NHS Leicester City CCG,5/31/2018,C&M-GMS Prem Rates,PRC DELEGATED CO-COMMISSIONING,DR KHUNTI P & PTNS,22176329,"19,059.67 ",,LD000040554
Department of Health,NHS Leicester City CCG,5/31/2018,C&M-GMS QOF Aspiration,PRC DELEGATED CO-COMMISSIONING,DR KHUNTI P & PTNS,22176329,"4,157.57 ",,LD000040554
Department of Health,NHS Leicester City CCG,5/31/2018,C&M-GMS LES Referral Management,PRC DELEGATED CO-COMMISSIONING,DR KHUNTI P & PTNS,22297737,"25,510.93 ",,IQOR1718P229
Department of Health,NHS Leicester City CCG,5/31/2018,C&M-GMS DES Learn Dsblty Hlth Chk,PRC DELEGATED CO-COMMISSIONING,DR LEACH R A & PARTNERS,22176340,"2,800.00 ",,LD000040566
Department of Health,NHS Leicester City CCG,5/31/2018,C&M-GMS Global Sum,PRC DELEGATED CO-COMMISSIONING,DR LEACH R A & PARTNERS,22176340,"63,555.19 ",,LD000040566
Department of Health,NHS Leicester City CCG,5/31/2018,C&M-GMS Prem Notional Rent,PRC DELEGATED CO-COMMISSIONING,DR LEACH R A & PARTNERS,22176340,"3,641.67 ",,LD000040566
Department of Health,NHS Leicester City CCG,5/31/2018,C&M-GMS QOF Aspiration,PRC DELEGATED CO-COMMISSIONING,DR LEACH R A & PARTNERS,22176340,"7,472.88 ",,LD000040566
Department of Health,NHS Leicester City CCG,5/31/2018,C&M-GMS Global Sum,PRC DELEGATED CO-COMMISSIONING,DR MANSINGH S & PTN,22198788,"42,216.43 ",,LD000040562
Department of Health,NHS Leicester City CCG,5/31/2018,C&M-GMS MPIG Correction Factor,PRC DELEGATED CO-COMMISSIONING,DR MANSINGH S & PTN,22198788,"1,431.40 ",,LD000040562
Department of Health,NHS Leicester City CCG,5/31/2018,C&M-GMS Prem Healthcentre Rates,PRC DELEGATED CO-COMMISSIONING,DR MANSINGH S & PTN,22198788,"1,283.81 ",,LD000040562
Department of Health,NHS Leicester City CCG,5/31/2018,C&M-GMS Prem Healthcentre Rent,PRC DELEGATED CO-COMMISSIONING,DR MANSINGH S & PTN,22198788,"8,050.36 ",,LD000040562
Department of Health,NHS Leicester City CCG,5/31/2018,C&M-GMS Prem Notional Rent,PRC DELEGATED CO-COMMISSIONING,DR MANSINGH S & PTN,22198788,"1,395.83 ",,LD000040562
Department of Health,NHS Leicester City CCG,5/31/2018,C&M-GMS Prem Water Rates,PRC DELEGATED CO-COMMISSIONING,DR MANSINGH S & PTN,22198788,125.65 ,,LD000040562
Department of Health,NHS Leicester City CCG,5/31/2018,C&M-GMS QOF Aspiration,PRC DELEGATED CO-COMMISSIONING,DR MANSINGH S & PTN,22198788,"5,601.85 ",,LD000040562
Department of Health,NHS Leicester City CCG,5/31/2018,ME - GMS GP Prior Year ERs,PRC DELEGATED CO-COMMISSIONING,DR MANSINGH S & PTN,22198788,"17,273.40 ",,LD000040562
Department of Health,NHS Leicester City CCG,5/31/2018,ME-GMS GP Prior Year EEs,PRC DELEGATED CO-COMMISSIONING,DR MANSINGH S & PTN,22198788,"17,417.55 ",,LD000040562
Department of Health,NHS Leicester City CCG,5/31/2018,C&M-GMS Global Sum,PRC DELEGATED CO-COMMISSIONING,DR MAWBY & PARTNERS,22176338,"46,926.69 ",,LD000040564
Department of Health,NHS Leicester City CCG,5/31/2018,C&M-GMS MPIG Correction Factor,PRC DELEGATED CO-COMMISSIONING,DR MAWBY & PARTNERS,22176338,124.28 ,,LD000040564
Department of Health,NHS Leicester City CCG,5/31/2018,C&M-GMS Prem Clinical Waste,PRC DELEGATED CO-COMMISSIONING,DR MAWBY & PARTNERS,22176338,69.03 ,,LD000040564
Department of Health,NHS Leicester City CCG,5/31/2018,C&M-GMS Prem Healthcentre Rates,PRC DELEGATED CO-COMMISSIONING,DR MAWBY & PARTNERS,22176338,"3,009.28 ",,LD000040564
Department of Health,NHS Leicester City CCG,5/31/2018,C&M-GMS Prem Healthcentre Rent,PRC DELEGATED CO-COMMISSIONING,DR MAWBY & PARTNERS,22176338,"20,106.93 ",,LD000040564
Department of Health,NHS Leicester City CCG,5/31/2018,C&M-GMS Prem Water Rates,PRC DELEGATED CO-COMMISSIONING,DR MAWBY & PARTNERS,22176338,135.08 ,,LD000040564
Department of Health,NHS Leicester City CCG,5/31/2018,C&M-GMS QOF Aspiration,PRC DELEGATED CO-COMMISSIONING,DR MAWBY & PARTNERS,22176338,"5,326.10 ",,LD000040564
Department of Health,NHS Leicester City CCG,5/31/2018,C&M-GMS Global Sum,PRC DELEGATED CO-COMMISSIONING,DR MODI B,22176354,"20,621.70 ",,LD000040580
Department of Health,NHS Leicester City CCG,5/31/2018,C&M-GMS MPIG Correction Factor,PRC DELEGATED CO-COMMISSIONING,DR MODI B,22176354,"1,979.85 ",,LD000040580
Department of Health,NHS Leicester City CCG,5/31/2018,C&M-GMS Prem Clinical Waste,PRC DELEGATED CO-COMMISSIONING,DR MODI B,22176354,"1,759.69 ",,LD000040580
Department of Health,NHS Leicester City CCG,5/31/2018,C&M-GMS Prem Notional Rent,PRC DELEGATED CO-COMMISSIONING,DR MODI B,22176354,891.67 ,,LD000040580
Department of Health,NHS Leicester City CCG,5/31/2018,C&M-GMS Prem Water Rates,PRC DELEGATED CO-COMMISSIONING,DR MODI B,22176354,105.64 ,,LD000040580
Department of Health,NHS Leicester City CCG,5/31/2018,C&M-GMS QOF Aspiration,PRC DELEGATED CO-COMMISSIONING,DR MODI B,22176354,"2,117.70 ",,LD000040580
Department of Health,NHS Leicester City CCG,5/31/2018,C&M-GMS DES Learn Dsblty Hlth Chk,PRC DELEGATED CO-COMMISSIONING,DR MORJARIA K S,22176356,"2,380.00 ",,LD000040582
Department of Health,NHS Leicester City CCG,5/31/2018,C&M-GMS Global Sum,PRC DELEGATED CO-COMMISSIONING,DR MORJARIA K S,22176356,"27,237.36 ",,LD000040582
Department of Health,NHS Leicester City CCG,5/31/2018,C&M-GMS MPIG Correction Factor,PRC DELEGATED CO-COMMISSIONING,DR MORJARIA K S,22176356,945.47 ,,LD000040582
Department of Health,NHS Leicester City CCG,5/31/2018,C&M-GMS Prem Notional Rent,PRC DELEGATED CO-COMMISSIONING,DR MORJARIA K S,22176356,916.67 ,,LD000040582
Department of Health,NHS Leicester City CCG,5/31/2018,C&M-GMS QOF Aspiration,PRC DELEGATED CO-COMMISSIONING,DR MORJARIA K S,22176356,"3,102.14 ",,LD000040582
Department of Health,NHS Leicester City CCG,5/31/2018,C&M-GMS DES Learn Dsblty Hlth Chk,PRC DELEGATED CO-COMMISSIONING,DR NANA A & PARTNERS,22176342,"1,540.00 ",,LD000040568
Department of Health,NHS Leicester City CCG,5/31/2018,C&M-GMS Global Sum,PRC DELEGATED CO-COMMISSIONING,DR NANA A & PARTNERS,22176342,"75,016.28 ",,LD000040568
Department of Health,NHS Leicester City CCG,5/31/2018,C&M-GMS MPIG Correction Factor,PRC DELEGATED CO-COMMISSIONING,DR NANA A & PARTNERS,22176342,"4,061.35 ",,LD000040568
Department of Health,NHS Leicester City CCG,5/31/2018,C&M-GMS PCO Doctors Ret Scheme,PRC DELEGATED CO-COMMISSIONING,DR NANA A & PARTNERS,22176342,"1,333.28 ",,LD000040568
Department of Health,NHS Leicester City CCG,5/31/2018,C&M-GMS Prem Healthcentre Rates,PRC DELEGATED CO-COMMISSIONING,DR NANA A & PARTNERS,22176342,"1,408.67 ",,LD000040568
Department of Health,NHS Leicester City CCG,5/31/2018,C&M-GMS Prem Healthcentre Rent,PRC DELEGATED CO-COMMISSIONING,DR NANA A & PARTNERS,22176342,"9,360.42 ",,LD000040568
Department of Health,NHS Leicester City CCG,5/31/2018,C&M-GMS QOF Aspiration,PRC DELEGATED CO-COMMISSIONING,DR NANA A & PARTNERS,22176342,"9,388.69 ",,LD000040568
Department of Health,NHS Leicester City CCG,5/31/2018,C&M-GMS Global Sum,PRC DELEGATED CO-COMMISSIONING,DR NANDHA H D & PTNRS,22176344,"59,179.48 ",,LD000040570
Department of Health,NHS Leicester City CCG,5/31/2018,C&M-GMS MPIG Correction Factor,PRC DELEGATED CO-COMMISSIONING,DR NANDHA H D & PTNRS,22176344,"2,756.15 ",,LD000040570
Department of Health,NHS Leicester City CCG,5/31/2018,C&M-GMS Prem Notional Rent,PRC DELEGATED CO-COMMISSIONING,DR NANDHA H D & PTNRS,22176344,"4,629.17 ",,LD000040570
Department of Health,NHS Leicester City CCG,5/31/2018,C&M-GMS QOF Aspiration,PRC DELEGATED CO-COMMISSIONING,DR NANDHA H D & PTNRS,22176344,"6,764.85 ",,LD000040570
Department of Health,NHS Leicester City CCG,5/31/2018,C&M-APMS Contract Value,PRC DELEGATED CO-COMMISSIONING,DR OSAMA Z & PARTNERS,22028901,"104,962.06 ",,LD000040372
Department of Health,NHS Leicester City CCG,5/31/2018,C&M-APMS PCO Seniority,PRC DELEGATED CO-COMMISSIONING,DR OSAMA Z & PARTNERS,22028901,729.27 ,,LD000040372
Department of Health,NHS Leicester City CCG,5/31/2018,C&M-APMS Prem Healthcentre Rates,PRC DELEGATED CO-COMMISSIONING,DR OSAMA Z & PARTNERS,22028901,"1,975.41 ",,LD000040372
Department of Health,NHS Leicester City CCG,5/31/2018,C&M-APMS Prem Healthcentre Rent,PRC DELEGATED CO-COMMISSIONING,DR OSAMA Z & PARTNERS,22028901,"2,128.42 ",,LD000040372
Department of Health,NHS Leicester City CCG,5/31/2018,C&M-PMS QOF Aspiration,PRC DELEGATED CO-COMMISSIONING,DR OSAMA Z & PARTNERS,22028901,"7,009.94 ",,LD000040372
Department of Health,NHS Leicester City CCG,5/31/2018,C&M-GMS Global Sum,PRC DELEGATED CO-COMMISSIONING,DR PANCHOLI P & PARTNERS,22176346,"136,795.39 ",,LD000040572
Department of Health,NHS Leicester City CCG,5/31/2018,C&M-GMS MPIG Correction Factor,PRC DELEGATED CO-COMMISSIONING,DR PANCHOLI P & PARTNERS,22176346,"9,527.58 ",,LD000040572
Department of Health,NHS Leicester City CCG,5/31/2018,C&M-GMS Prem Notional Rent,PRC DELEGATED CO-COMMISSIONING,DR PANCHOLI P & PARTNERS,22176346,"8,123.17 ",,LD000040572
Department of Health,NHS Leicester City CCG,5/31/2018,C&M-GMS Prem Water Rates,PRC DELEGATED CO-COMMISSIONING,DR PANCHOLI P & PARTNERS,22176346,"1,507.89 ",,LD000040572
Department of Health,NHS Leicester City CCG,5/31/2018,C&M-GMS QOF Aspiration,PRC DELEGATED CO-COMMISSIONING,DR PANCHOLI P & PARTNERS,22176346,"13,370.52 ",,LD000040572
Department of Health,NHS Leicester City CCG,5/31/2018,C&M-GMS LES Referral Management,PRC DELEGATED CO-COMMISSIONING,DR PANCHOLI P & PARTNERS,22297701,"29,982.03 ",,IQOR1718P205
Department of Health,NHS Leicester City CCG,5/31/2018,C&M-GMS GP Statutory Levy,PRC DELEGATED CO-COMMISSIONING,DR PANDYA R P & PTNRS,22176347,(364.60),,LD000040573
Department of Health,NHS Leicester City CCG,5/31/2018,C&M-GMS Voluntary Levy,PRC DELEGATED CO-COMMISSIONING,DR PANDYA R P & PTNRS,22176347,(52.09),,LD000040573
Department of Health,NHS Leicester City CCG,5/31/2018,ME-GMS GP Pension EEs,PRC DELEGATED CO-COMMISSIONING,DR PANDYA R P & PTNRS,22176347,"(23,470.43)",,LD000040573
Department of Health,NHS Leicester City CCG,5/31/2018,ME-GMS GP Pension ERs Adjustments,PRC DELEGATED CO-COMMISSIONING,DR PANDYA R P & PTNRS,22176347,"(23,173.45)",,LD000040573
Department of Health,NHS Leicester City CCG,5/31/2018,C&M-GMS Global Sum,PRC DELEGATED CO-COMMISSIONING,DR PANDYA R P & PTNRS,22176348,"74,749.56 ",,LD000040574
Department of Health,NHS Leicester City CCG,5/31/2018,C&M-GMS MPIG Correction Factor,PRC DELEGATED CO-COMMISSIONING,DR PANDYA R P & PTNRS,22176348,326.55 ,,LD000040574
Department of Health,NHS Leicester City CCG,5/31/2018,C&M-GMS Prem Notional Rent,PRC DELEGATED CO-COMMISSIONING,DR PANDYA R P & PTNRS,22176348,"5,509.84 ",,LD000040574
Department of Health,NHS Leicester City CCG,5/31/2018,C&M-GMS Prem Water Rates,PRC DELEGATED CO-COMMISSIONING,DR PANDYA R P & PTNRS,22176348,273.62 ,,LD000040574
Department of Health,NHS Leicester City CCG,5/31/2018,C&M-GMS QOF Aspiration,PRC DELEGATED CO-COMMISSIONING,DR PANDYA R P & PTNRS,22176348,"9,644.96 ",,LD000040574
Department of Health,NHS Leicester City CCG,5/31/2018,C&M-GMS DES Learn Dsblty Hlth Chk,PRC DELEGATED CO-COMMISSIONING,DR PATCHETT I D & PTNRS,22176350,"2,240.00 ",,LD000040576
Department of Health,NHS Leicester City CCG,5/31/2018,C&M-GMS Global Sum,PRC DELEGATED CO-COMMISSIONING,DR PATCHETT I D & PTNRS,22176350,"63,801.46 ",,LD000040576
Department of Health,NHS Leicester City CCG,5/31/2018,C&M-GMS PCO Doctors Ret Scheme,PRC DELEGATED CO-COMMISSIONING,DR PATCHETT I D & PTNRS,22176350,769.20 ,,LD000040576
Department of Health,NHS Leicester City CCG,5/31/2018,C&M-GMS Prem Notional Rent,PRC DELEGATED CO-COMMISSIONING,DR PATCHETT I D & PTNRS,22176350,"4,123.67 ",,LD000040576
Department of Health,NHS Leicester City CCG,5/31/2018,C&M-GMS Prem Rates,PRC DELEGATED CO-COMMISSIONING,DR PATCHETT I D & PTNRS,22176350,"5,041.21 ",,LD000040576
Department of Health,NHS Leicester City CCG,5/31/2018,C&M-GMS QOF Aspiration,PRC DELEGATED CO-COMMISSIONING,DR PATCHETT I D & PTNRS,22176350,"6,194.38 ",,LD000040576
Department of Health,NHS Leicester City CCG,5/31/2018,C&M-GMS Global Sum,PRC DELEGATED CO-COMMISSIONING,DR PATEL J K V & PTNRS,22176352,"56,588.89 ",,LD000040578
Department of Health,NHS Leicester City CCG,5/31/2018,C&M-GMS MPIG Correction Factor,PRC DELEGATED CO-COMMISSIONING,DR PATEL J K V & PTNRS,22176352,"1,853.16 ",,LD000040578
Department of Health,NHS Leicester City CCG,5/31/2018,C&M-GMS Prem Clinical Waste,PRC DELEGATED CO-COMMISSIONING,DR PATEL J K V & PTNRS,22176352,18.62 ,,LD000040578
Department of Health,NHS Leicester City CCG,5/31/2018,C&M-GMS Prem Healthcentre Rates,PRC DELEGATED CO-COMMISSIONING,DR PATEL J K V & PTNRS,22176352,"1,499.05 ",,LD000040578
Department of Health,NHS Leicester City CCG,5/31/2018,C&M-GMS Prem Healthcentre Rent,PRC DELEGATED CO-COMMISSIONING,DR PATEL J K V & PTNRS,22176352,"12,471.59 ",,LD000040578
Department of Health,NHS Leicester City CCG,5/31/2018,C&M-GMS Prem Water Rates,PRC DELEGATED CO-COMMISSIONING,DR PATEL J K V & PTNRS,22176352,101.29 ,,LD000040578
Department of Health,NHS Leicester City CCG,5/31/2018,C&M-GMS QOF Aspiration,PRC DELEGATED CO-COMMISSIONING,DR PATEL J K V & PTNRS,22176352,"5,703.20 ",,LD000040578
Department of Health,NHS Leicester City CCG,5/31/2018,C&M-GMS DES Learn Dsblty Hlth Chk,PRC DELEGATED CO-COMMISSIONING,DR R HAZELDINE,22176358,"1,960.00 ",,LD000040584
Department of Health,NHS Leicester City CCG,5/31/2018,C&M-GMS Global Sum,PRC DELEGATED CO-COMMISSIONING,DR R HAZELDINE,22176358,"38,796.48 ",,LD000040584
Department of Health,NHS Leicester City CCG,5/31/2018,C&M-GMS MPIG Correction Factor,PRC DELEGATED CO-COMMISSIONING,DR R HAZELDINE,22176358,"1,210.07 ",,LD000040584
Department of Health,NHS Leicester City CCG,5/31/2018,C&M-GMS Prem Clinical Waste,PRC DELEGATED CO-COMMISSIONING,DR R HAZELDINE,22176358,0.60 ,,LD000040584
Department of Health,NHS Leicester City CCG,5/31/2018,C&M-GMS Prem Healthcentre Rates,PRC DELEGATED CO-COMMISSIONING,DR R HAZELDINE,22176358,577.97 ,,LD000040584
Department of Health,NHS Leicester City CCG,5/31/2018,C&M-GMS Prem Healthcentre Rent,PRC DELEGATED CO-COMMISSIONING,DR R HAZELDINE,22176358,"6,900.83 ",,LD000040584
Department of Health,NHS Leicester City CCG,5/31/2018,C&M-GMS Prem Notional Rent,PRC DELEGATED CO-COMMISSIONING,DR R HAZELDINE,22176358,"1,050.00 ",,LD000040584
Department of Health,NHS Leicester City CCG,5/31/2018,C&M-GMS Prem Water Rates,PRC DELEGATED CO-COMMISSIONING,DR R HAZELDINE,22176358,48.42 ,,LD000040584
Department of Health,NHS Leicester City CCG,5/31/2018,C&M-GMS QOF Aspiration,PRC DELEGATED CO-COMMISSIONING,DR R HAZELDINE,22176358,"3,902.55 ",,LD000040584
Department of Health,NHS Leicester City CCG,5/31/2018,C&M-GMS DES Learn Dsblty Hlth Chk,PRC DELEGATED CO-COMMISSIONING,DR R KAPUR & D GANDECHA SURGERY,22176380,560.00 ,,LD000040608
Department of Health,NHS Leicester City CCG,5/31/2018,C&M-GMS Global Sum,PRC DELEGATED CO-COMMISSIONING,DR R KAPUR & D GANDECHA SURGERY,22176380,"30,350.27 ",,LD000040608
Department of Health,NHS Leicester City CCG,5/31/2018,C&M-GMS MPIG Correction Factor,PRC DELEGATED CO-COMMISSIONING,DR R KAPUR & D GANDECHA SURGERY,22176380,750.45 ,,LD000040608
Department of Health,NHS Leicester City CCG,5/31/2018,C&M-GMS Prem Healthcentre Rates,PRC DELEGATED CO-COMMISSIONING,DR R KAPUR & D GANDECHA SURGERY,22176380,650.20 ,,LD000040608
Department of Health,NHS Leicester City CCG,5/31/2018,C&M-GMS Prem Healthcentre Rent,PRC DELEGATED CO-COMMISSIONING,DR R KAPUR & D GANDECHA SURGERY,22176380,"6,660.21 ",,LD000040608
Department of Health,NHS Leicester City CCG,5/31/2018,C&M-GMS Prem Water Rates,PRC DELEGATED CO-COMMISSIONING,DR R KAPUR & D GANDECHA SURGERY,22176380,61.17 ,,LD000040608
Department of Health,NHS Leicester City CCG,5/31/2018,C&M-GMS QOF Aspiration,PRC DELEGATED CO-COMMISSIONING,DR R KAPUR & D GANDECHA SURGERY,22176380,"2,750.95 ",,LD000040608
Department of Health,NHS Leicester City CCG,5/31/2018,C&M-APMS Contract Value,PRC DELEGATED CO-COMMISSIONING,DR RAJIV WADHWA & PARTNERS,22028906,"55,968.46 ",,LD000040377
Department of Health,NHS Leicester City CCG,5/31/2018,C&M-APMS Prem Healthcentre Rates,PRC DELEGATED CO-COMMISSIONING,DR RAJIV WADHWA & PARTNERS,22028906,715.86 ,,LD000040377
Department of Health,NHS Leicester City CCG,5/31/2018,C&M-APMS Prem Healthcentre Rent,PRC DELEGATED CO-COMMISSIONING,DR RAJIV WADHWA & PARTNERS,22028906,"9,834.17 ",,LD000040377
Department of Health,NHS Leicester City CCG,5/31/2018,C&M-APMS Prem Water Rates,PRC DELEGATED CO-COMMISSIONING,DR RAJIV WADHWA & PARTNERS,22028906,89.73 ,,LD000040377
Department of Health,NHS Leicester City CCG,5/31/2018,C&M-PMS QOF Aspiration,PRC DELEGATED CO-COMMISSIONING,DR RAJIV WADHWA & PARTNERS,22028906,"5,618.96 ",,LD000040377
Department of Health,NHS Leicester City CCG,5/31/2018,C&M-APMS Contract Value,PRC DELEGATED CO-COMMISSIONING,DR RAJIV WADHWA & PARTNERS,22028908,"45,285.76 ",,LD000040379
Department of Health,NHS Leicester City CCG,5/31/2018,C&M-APMS Prem Clinical Waste,PRC DELEGATED CO-COMMISSIONING,DR RAJIV WADHWA & PARTNERS,22028908,0.87 ,,LD000040379
Department of Health,NHS Leicester City CCG,5/31/2018,C&M-APMS Prem Healthcentre Rates,PRC DELEGATED CO-COMMISSIONING,DR RAJIV WADHWA & PARTNERS,22028908,530.68 ,,LD000040379
Department of Health,NHS Leicester City CCG,5/31/2018,C&M-APMS Prem Healthcentre Rent,PRC DELEGATED CO-COMMISSIONING,DR RAJIV WADHWA & PARTNERS,22028908,"10,039.22 ",,LD000040379
Department of Health,NHS Leicester City CCG,5/31/2018,C&M-APMS Prem Water Rates,PRC DELEGATED CO-COMMISSIONING,DR RAJIV WADHWA & PARTNERS,22028908,38.90 ,,LD000040379
Department of Health,NHS Leicester City CCG,5/31/2018,C&M-PMS QOF Aspiration,PRC DELEGATED CO-COMMISSIONING,DR RAJIV WADHWA & PARTNERS,22028908,"4,039.14 ",,LD000040379
Department of Health,NHS Leicester City CCG,5/31/2018,C&M-GMS DES Learn Dsblty Hlth Chk,PRC DELEGATED CO-COMMISSIONING,DR S LONGWORTH & PARTNERS,22176366,140.00 ,,LD000040592
Department of Health,NHS Leicester City CCG,5/31/2018,C&M-GMS Global Sum,PRC DELEGATED CO-COMMISSIONING,DR S LONGWORTH & PARTNERS,22176366,"78,320.96 ",,LD000040592
Department of Health,NHS Leicester City CCG,5/31/2018,C&M-GMS MPIG Correction Factor,PRC DELEGATED CO-COMMISSIONING,DR S LONGWORTH & PARTNERS,22176366,"8,021.79 ",,LD000040592
Department of Health,NHS Leicester City CCG,5/31/2018,C&M-GMS Prem Healthcentre Rates,PRC DELEGATED CO-COMMISSIONING,DR S LONGWORTH & PARTNERS,22176366,"1,395.36 ",,LD000040592
Department of Health,NHS Leicester City CCG,5/31/2018,C&M-GMS Prem Healthcentre Rent,PRC DELEGATED CO-COMMISSIONING,DR S LONGWORTH & PARTNERS,22176366,"8,090.83 ",,LD000040592
Department of Health,NHS Leicester City CCG,5/31/2018,C&M-GMS Prem Water Rates,PRC DELEGATED CO-COMMISSIONING,DR S LONGWORTH & PARTNERS,22176366,188.65 ,,LD000040592
Department of Health,NHS Leicester City CCG,5/31/2018,C&M-GMS QOF Aspiration,PRC DELEGATED CO-COMMISSIONING,DR S LONGWORTH & PARTNERS,22176366,"9,133.99 ",,LD000040592
Department of Health,NHS Leicester City CCG,5/31/2018,C&M-GMS Global Sum,PRC DELEGATED CO-COMMISSIONING,DR SHARMA G K & PTNRS,22176364,"53,751.54 ",,LD000040590
Department of Health,NHS Leicester City CCG,5/31/2018,C&M-GMS MPIG Correction Factor,PRC DELEGATED CO-COMMISSIONING,DR SHARMA G K & PTNRS,22176364,"3,950.52 ",,LD000040590
Department of Health,NHS Leicester City CCG,5/31/2018,C&M-GMS Prem Notional Rent,PRC DELEGATED CO-COMMISSIONING,DR SHARMA G K & PTNRS,22176364,"3,117.00 ",,LD000040590
Department of Health,NHS Leicester City CCG,5/31/2018,C&M-GMS QOF Aspiration,PRC DELEGATED CO-COMMISSIONING,DR SHARMA G K & PTNRS,22176364,"5,760.82 ",,LD000040590
Department of Health,NHS Leicester City CCG,5/31/2018,C&M-GMS DES Learn Dsblty Hlth Chk,PRC DELEGATED CO-COMMISSIONING,DR WOOD J A & PARTNER,22176368,"1,820.00 ",,LD000040596
Department of Health,NHS Leicester City CCG,5/31/2018,C&M-GMS Global Sum,PRC DELEGATED CO-COMMISSIONING,DR WOOD J A & PARTNER,22176368,"36,343.34 ",,LD000040596
Department of Health,NHS Leicester City CCG,5/31/2018,C&M-GMS Prem Notional Rent,PRC DELEGATED CO-COMMISSIONING,DR WOOD J A & PARTNER,22176368,"5,304.17 ",,LD000040596
Department of Health,NHS Leicester City CCG,5/31/2018,C&M-GMS QOF Aspiration,PRC DELEGATED CO-COMMISSIONING,DR WOOD J A & PARTNER,22176368,"3,922.01 ",,LD000040596
Department of Health,NHS Leicester City CCG,5/31/2018,Hcare Srv Rec NHS Trust,AMBULANCE SERVICES,EAST MIDLANDS AMBULANCE SERVICE NHS TRUST,22114648,"969,551.00 ",,11311643
Department of Health,NHS Leicester City CCG,5/31/2018,Clinical&Medical-Independent Sector,MENTAL HEALTH SERVICES - ADULTS,ELYSIUM HEALTHCARE LTD,22019579,"25,324.52 ",GB257732580,HLH00144
Department of Health,NHS Leicester City CCG,5/31/2018,C&M-GMS DES Learn Dsblty Hlth Chk,PRC DELEGATED CO-COMMISSIONING,HIGHFIELD SURGERY,22175207,280.00 ,,LD000040614
Department of Health,NHS Leicester City CCG,5/31/2018,C&M-GMS Global Sum,PRC DELEGATED CO-COMMISSIONING,HIGHFIELD SURGERY,22175207,"22,426.60 ",,LD000040614
Department of Health,NHS Leicester City CCG,5/31/2018,C&M-GMS MPIG Correction Factor,PRC DELEGATED CO-COMMISSIONING,HIGHFIELD SURGERY,22175207,593.19 ,,LD000040614
Department of Health,NHS Leicester City CCG,5/31/2018,C&M-GMS Prem Notional Rent,PRC DELEGATED CO-COMMISSIONING,HIGHFIELD SURGERY,22175207,"1,750.00 ",,LD000040614
Department of Health,NHS Leicester City CCG,5/31/2018,C&M-GMS QOF Aspiration,PRC DELEGATED CO-COMMISSIONING,HIGHFIELD SURGERY,22175207,"2,712.24 ",,LD000040614
Department of Health,NHS Leicester City CCG,5/31/2018,Apprenticeship Levy Payable,BALANCE SHEET,HMRC,22198829,641.00 ,,120PL005699671901
Department of Health,NHS Leicester City CCG,5/31/2018,Income tax <1Yr,BALANCE SHEET,HMRC,22198829,"62,998.00 ",,120PL005699671901
Department of Health,NHS Leicester City CCG,5/31/2018,Income tax <1Yr-Student Loans,BALANCE SHEET,HMRC,22198829,814.00 ,,120PL005699671901
Department of Health,NHS Leicester City CCG,5/31/2018,National Insurance < 1 yr-NI- ERS,BALANCE SHEET,HMRC,22198829,"41,779.95 ",,120PL005699671901
Department of Health,NHS Leicester City CCG,5/31/2018,National Insurance < 1 yr-NI-EES,BALANCE SHEET,HMRC,22198829,"30,168.46 ",,120PL005699671901
Department of Health,NHS Leicester City CCG,5/31/2018,Statutory Mat Pay < 1 yr,BALANCE SHEET,HMRC,22198829,(667.85),,120PL005699671901
Department of Health,NHS Leicester City CCG,5/31/2018,C&M-APMS Voluntary Levy,PRC DELEGATED CO-COMMISSIONING,INCLUSION HEALTHCARE,22028909,(43.79),,LD000040380
Department of Health,NHS Leicester City CCG,5/31/2018,ME - PMS GP Prior Year ERs,PRC DELEGATED CO-COMMISSIONING,INCLUSION HEALTHCARE,22028909,"(8,060.92)",,LD000040380
Department of Health,NHS Leicester City CCG,5/31/2018,ME-PMS GP Pension EEs-PMS,PRC DELEGATED CO-COMMISSIONING,INCLUSION HEALTHCARE,22028909,"(4,624.03)",,LD000040380
Department of Health,NHS Leicester City CCG,5/31/2018,ME-PMS GP Pension ERs Adjs - PMS,PRC DELEGATED CO-COMMISSIONING,INCLUSION HEALTHCARE,22028909,"(4,837.04)",,LD000040380
Department of Health,NHS Leicester City CCG,5/31/2018,ME-PMS GP Prior Year EEs,PRC DELEGATED CO-COMMISSIONING,INCLUSION HEALTHCARE,22028909,"(7,567.63)",,LD000040380
Department of Health,NHS Leicester City CCG,5/31/2018,C&M-APMS Contract Value,PRC DELEGATED CO-COMMISSIONING,INCLUSION HEALTHCARE,22028910,"53,131.07 ",,LD000040381
Department of Health,NHS Leicester City CCG,5/31/2018,C&M-APMS Prem Healthcentre Rent,PRC DELEGATED CO-COMMISSIONING,INCLUSION HEALTHCARE,22028910,"3,833.33 ",,LD000040381
Department of Health,NHS Leicester City CCG,5/31/2018,C&M-PMS QOF Aspiration,PRC DELEGATED CO-COMMISSIONING,INCLUSION HEALTHCARE,22028910,295.01 ,,LD000040381
Department of Health,NHS Leicester City CCG,5/31/2018,C&M-APMS Contract Value,PRC DELEGATED CO-COMMISSIONING,LEICESTER ASSIST SERVICES,22028912,"40,807.82 ",,LD000040383
Department of Health,NHS Leicester City CCG,5/31/2018,C&M-APMS Prem Healthcentre Rates,PRC DELEGATED CO-COMMISSIONING,LEICESTER ASSIST SERVICES,22028912,680.35 ,,LD000040383
Department of Health,NHS Leicester City CCG,5/31/2018,C&M-APMS Prem Healthcentre Rent,PRC DELEGATED CO-COMMISSIONING,LEICESTER ASSIST SERVICES,22028912,"1,041.30 ",,LD000040383
Department of Health,NHS Leicester City CCG,5/31/2018,C&M-PMS QOF Aspiration,PRC DELEGATED CO-COMMISSIONING,LEICESTER ASSIST SERVICES,22028912,334.62 ,,LD000040383
Department of Health,NHS Leicester City CCG,5/31/2018,ME-PMS GP Pension EEs-PMS,PRC DELEGATED CO-COMMISSIONING,LEICESTER ASSIST SERVICES,22028912,45.00 ,,LD000040383
Department of Health,NHS Leicester City CCG,5/31/2018,Clinical&Medical-Othe Public Sector,COMMISSIONING - NON ACUTE,LEICESTER CITY COUNCIL,22114681,"1,085,581.00 ",,86221858
Department of Health,NHS Leicester City CCG,5/31/2018,Services From Local Authorities,SAFEGUARDING,LEICESTER CITY COUNCIL,22143708,"69,000.00 ",,86221422
Department of Health,NHS Leicester City CCG,5/31/2018,Cont Care- Prior Year Payments,CHC ADULT FULLY FUNDED,LEICESTER CITY COUNCIL,22353537,"640,250.12 ",,86231148
Department of Health,NHS Leicester City CCG,5/31/2018,Cont Care- Adult Joint Funded,ADULT JOINT FUNDED CONTINUING CARE,LEICESTER CITY COUNCIL,22358329,"1,977,532.86 ",,86159732
Department of Health,NHS Leicester City CCG,5/31/2018,C&M-APMS Contract Value,PRC DELEGATED CO-COMMISSIONING,LEICESTER CITY HEALTH,22028922,"32,061.74 ",,LD000040393
Department of Health,NHS Leicester City CCG,5/31/2018,C&M-APMS Prem Healthcentre Rates,PRC DELEGATED CO-COMMISSIONING,LEICESTER CITY HEALTH,22028922,417.46 ,,LD000040393
Department of Health,NHS Leicester City CCG,5/31/2018,C&M-APMS Prem Healthcentre Rent,PRC DELEGATED CO-COMMISSIONING,LEICESTER CITY HEALTH,22028922,"3,460.67 ",,LD000040393
Department of Health,NHS Leicester City CCG,5/31/2018,C&M-PMS QOF Aspiration,PRC DELEGATED CO-COMMISSIONING,LEICESTER CITY HEALTH,22028922,"2,292.55 ",,LD000040393
Department of Health,NHS Leicester City CCG,5/31/2018,C&M-GMS Global Sum,PRC DELEGATED CO-COMMISSIONING,LEICESTER MED GROUP,22176370,"22,297.18 ",,LD000040598
Department of Health,NHS Leicester City CCG,5/31/2018,C&M-GMS Prem Actual Rent,PRC DELEGATED CO-COMMISSIONING,LEICESTER MED GROUP,22176370,458.33 ,,LD000040598
Department of Health,NHS Leicester City CCG,5/31/2018,C&M-GMS Prem Notional Rent,PRC DELEGATED CO-COMMISSIONING,LEICESTER MED GROUP,22176370,"11,000.00 ",,LD000040598
Department of Health,NHS Leicester City CCG,5/31/2018,C&M-GMS QOF Aspiration,PRC DELEGATED CO-COMMISSIONING,LEICESTER MED GROUP,22176370,"2,505.53 ",,LD000040598
Department of Health,NHS Leicester City CCG,5/31/2018,Cont Care-Physical Disab (65+),CHC ADULT FULLY FUNDED,LEICESTERSHIRE COUNTY CARE LTD,22155762,"34,204.29 ",,161600MAY733
Department of Health,NHS Leicester City CCG,5/31/2018,Cont Care- Prior Year Payments,CHC ADULT FULLY FUNDED,LEICESTERSHIRE COUNTY COUNCIL,22041024,"57,566.54 ",115337102,25163945
Department of Health,NHS Leicester City CCG,5/31/2018,Hcare Srv Rec NHS Trust,MENTAL HEALTH CONTRACTS,LEICESTERSHIRE PARTNERSHIP NHS TRUST,22312975,"63,813.00 ",654969872,39255
Department of Health,NHS Leicester City CCG,5/31/2018,Hcare Srv Rec NHS Trust,COMMUNITY SERVICES,LEICESTERSHIRE PARTNERSHIP NHS TRUST,22312996,"53,563.00 ",654969872,39261
Department of Health,NHS Leicester City CCG,5/31/2018,Hcare Srv Rec NHS Trust,COMMUNITY SERVICES,LEICESTERSHIRE PARTNERSHIP NHS TRUST,22313004,"2,855,615.00 ",654969872,39252
Department of Health,NHS Leicester City CCG,5/31/2018,Hcare Srv Rec NHS Trust,LEARNING DIFFICULTIES,LEICESTERSHIRE PARTNERSHIP NHS TRUST,22313011,"568,526.00 ",654969872,39249
Department of Health,NHS Leicester City CCG,5/31/2018,Hcare Srv Rec NHS Trust,MENTAL HEALTH CONTRACTS,LEICESTERSHIRE PARTNERSHIP NHS TRUST,22313013,"3,403,356.00 ",654969872,39246
Department of Health,NHS Leicester City CCG,5/31/2018,Clinical&Medical-Clinical Other,COLLABORATIVE COMMISSIONING,LLR PROVIDER CO LTD,22376966,"27,089.25 ",,676
Department of Health,NHS Leicester City CCG,5/31/2018,Clinical&Medical-Voluntary Sector,COMMUNITY SERVICES,LOROS,21994093,"874,953.00 ",,0000003534
Department of Health,NHS Leicester City CCG,5/31/2018,Voids and Subsidies,RECHARGES NHS PROPERTY SERVICES LTD,MILLENNIUM FEDERATION,22396698,"42,304.47 ",,MHFCHPINVOICEQTR11819
Department of Health,NHS Leicester City CCG,5/31/2018,Clinical&Medical-Independent Sector,GP FORWARD VIEW,MILLENNIUM FEDERATION,22401788,"162,892.00 ",,SATGPCCG014
Department of Health,NHS Leicester City CCG,5/31/2018,Clinical&Medical-Independent Sector,ACUTE COMMISSIONING,NEW MEDICAL SYSTEMS LTD,22040989,"74,755.42 ",275051903,3589
Department of Health,NHS Leicester City CCG,5/31/2018,Healthcare Srv Rec CCG,OUT OF HOURS,NHS EAST LEICESTERSHIRE AND RUTLAND CCG,22425905,"95,987.10 ",,7016702109
Department of Health,NHS Leicester City CCG,5/31/2018,Clinical&Medical-Serv Recd-CCGs,AMBULANCE SERVICES,NHS HARDWICK CCG,22437440,"(54,857.30)",,7016901799
Department of Health,NHS Leicester City CCG,5/31/2018,Charges from CSU,CORPORATE COSTS & SERVICES,NHS MIDLANDS AND LANCASHIRE CSU,22136311,"144,781.76 ",GB 654442045,7312310257
Department of Health,NHS Leicester City CCG,5/31/2018,Charges from CSU,CONTINUING HEALTHCARE ASSESSMENT & SUPPORT,NHS MIDLANDS AND LANCASHIRE CSU,22136527,"67,308.79 ",GB 654442045,7312310353
Department of Health,NHS Leicester City CCG,5/31/2018,Charges from CSU,CORPORATE COSTS & SERVICES,NHS MIDLANDS AND LANCASHIRE CSU,22136527,"77,472.97 ",GB 654442045,7312310353
Department of Health,NHS Leicester City CCG,5/31/2018,Charges from CSU,CORPORATE COSTS & SERVICES,NHS MIDLANDS AND LANCASHIRE CSU,22274373,"(144,781.76)",GB 654442045,7312310339
Department of Health,NHS Leicester City CCG,5/31/2018,Sterile Products,PRESCRIBING,NHS SUPPLY CHAIN,22114605,"59,573.05 ",,1019016630
Department of Health,NHS Leicester City CCG,5/31/2018,Sterile Products,PRESCRIBING,NHS SUPPLY CHAIN,22156273,"27,388.73 ",,1019023515
Department of Health,NHS Leicester City CCG,5/31/2018,Healthcare Srv Rec CCG,GENERAL RESERVE - PROGRAMME,NHS WEST LEICESTERSHIRE CCG,22256444,"113,147.00 ",,7018301043
Department of Health,NHS Leicester City CCG,5/31/2018,Hcare Srv Rec NHS Trust-Contract Baseline,ACUTE COMMISSIONING,NOTTINGHAM UNIVERSITY HOSPITALS NHS TRUST,22182379,"65,968.00 ",,2000092654
Department of Health,NHS Leicester City CCG,5/31/2018,Hlthcre-Foundation Trsts,MENTAL HEALTH CONTRACTS,NOTTINGHAMSHIRE HEALTHCARE NHS TRUST,21991382,"216,565.25 ",,1000045685
Department of Health,NHS Leicester City CCG,5/31/2018,Hlthcre-Foundation Trsts,MENTAL HEALTH CONTRACTS,NOTTINGHAMSHIRE HEALTHCARE NHS TRUST,22182382,"216,944.59 ",,1000045861
Department of Health,NHS Leicester City CCG,5/31/2018,Clinical&Medical-Independent Sector,ACUTE COMMISSIONING,NUFFIELD HEALTH,22156243,"(32,115.40)",564291137,PF180404
Department of Health,NHS Leicester City CCG,5/31/2018,Clinical&Medical-Independent Sector,ACUTE COMMISSIONING,NUFFIELD HEALTH,22274382,"163,846.00 ",564291137,PF180503
Department of Health,NHS Leicester City CCG,5/31/2018,C&M-GMS GP Statutory Levy,PRC DELEGATED CO-COMMISSIONING,SAFFRON GROUP PRACTICE,22176371,(623.46),,LD000040599
Department of Health,NHS Leicester City CCG,5/31/2018,C&M-GMS Prem Clinical Waste,PRC DELEGATED CO-COMMISSIONING,SAFFRON GROUP PRACTICE,22176371,"(2,278.16)",,LD000040599
Department of Health,NHS Leicester City CCG,5/31/2018,C&M-GMS Voluntary Levy,PRC DELEGATED CO-COMMISSIONING,SAFFRON GROUP PRACTICE,22176371,(89.07),,LD000040599
Department of Health,NHS Leicester City CCG,5/31/2018,ME - GMS GP Prior Year ERs,PRC DELEGATED CO-COMMISSIONING,SAFFRON GROUP PRACTICE,22176371,(793.29),,LD000040599
Department of Health,NHS Leicester City CCG,5/31/2018,ME-GMS GP Pension EEs,PRC DELEGATED CO-COMMISSIONING,SAFFRON GROUP PRACTICE,22176371,"(9,855.27)",,LD000040599
Department of Health,NHS Leicester City CCG,5/31/2018,ME-GMS GP Pension ERs Adjustments,PRC DELEGATED CO-COMMISSIONING,SAFFRON GROUP PRACTICE,22176371,"(10,969.85)",,LD000040599
Department of Health,NHS Leicester City CCG,5/31/2018,ME-GMS GP Prior Year EEs,PRC DELEGATED CO-COMMISSIONING,SAFFRON GROUP PRACTICE,22176371,(889.39),,LD000040599
Department of Health,NHS Leicester City CCG,5/31/2018,C&M-GMS Global Sum,PRC DELEGATED CO-COMMISSIONING,SAFFRON GROUP PRACTICE,22176372,"123,281.98 ",,LD000040600
Department of Health,NHS Leicester City CCG,5/31/2018,C&M-GMS MPIG Correction Factor,PRC DELEGATED CO-COMMISSIONING,SAFFRON GROUP PRACTICE,22176372,"2,099.13 ",,LD000040600
Department of Health,NHS Leicester City CCG,5/31/2018,C&M-GMS PCO Doctors Ret Scheme,PRC DELEGATED CO-COMMISSIONING,SAFFRON GROUP PRACTICE,22176372,"1,333.28 ",,LD000040600
Department of Health,NHS Leicester City CCG,5/31/2018,C&M-GMS Prem Clinical Waste,PRC DELEGATED CO-COMMISSIONING,SAFFRON GROUP PRACTICE,22176372,"1,029.99 ",,LD000040600
Department of Health,NHS Leicester City CCG,5/31/2018,C&M-GMS Prem Notional Rent,PRC DELEGATED CO-COMMISSIONING,SAFFRON GROUP PRACTICE,22176372,"8,104.16 ",,LD000040600
Department of Health,NHS Leicester City CCG,5/31/2018,C&M-GMS Prem Rates,PRC DELEGATED CO-COMMISSIONING,SAFFRON GROUP PRACTICE,22176372,"8,264.12 ",,LD000040600
Department of Health,NHS Leicester City CCG,5/31/2018,C&M-GMS QOF Aspiration,PRC DELEGATED CO-COMMISSIONING,SAFFRON GROUP PRACTICE,22176372,"14,319.17 ",,LD000040600
Department of Health,NHS Leicester City CCG,5/31/2018,C&M-GMS LES Referral Management,PRC DELEGATED CO-COMMISSIONING,SAFFRON GROUP PRACTICE,22297716,"28,396.68 ",,IQOR1718P211
Department of Health,NHS Leicester City CCG,5/31/2018,C&M-GMS DES Learn Dsblty Hlth Chk,PRC DELEGATED CO-COMMISSIONING,SAHDEV MASSON & PARTNERS,22176378,700.00 ,,LD000040606
Department of Health,NHS Leicester City CCG,5/31/2018,C&M-GMS Global Sum,PRC DELEGATED CO-COMMISSIONING,SAHDEV MASSON & PARTNERS,22176378,"26,310.21 ",,LD000040606
Department of Health,NHS Leicester City CCG,5/31/2018,C&M-GMS MPIG Correction Factor,PRC DELEGATED CO-COMMISSIONING,SAHDEV MASSON & PARTNERS,22176378,901.71 ,,LD000040606
Department of Health,NHS Leicester City CCG,5/31/2018,C&M-GMS Prem Actual Rent,PRC DELEGATED CO-COMMISSIONING,SAHDEV MASSON & PARTNERS,22176378,396.67 ,,LD000040606
Department of Health,NHS Leicester City CCG,5/31/2018,C&M-GMS QOF Aspiration,PRC DELEGATED CO-COMMISSIONING,SAHDEV MASSON & PARTNERS,22176378,"2,322.26 ",,LD000040606
Department of Health,NHS Leicester City CCG,5/31/2018,Clinical&Medical-Independent Sector,ACUTE COMMISSIONING,SPIRE HEALTHCARE LTD,22040926,"35,573.03 ",915970991,04CLEIREC171810
Department of Health,NHS Leicester City CCG,5/31/2018,Clinical&Medical-Independent Sector,ACUTE COMMISSIONING,SPIRE HEALTHCARE LTD,22041023,"38,029.80 ",915970991,04CLEIREC171811
Department of Health,NHS Leicester City CCG,5/31/2018,Clinical&Medical-Independent Sector,ACUTE COMMISSIONING,SPIRE HEALTHCARE LTD,22041070,"121,694.00 ",915970991,04CLEIPF181902
Department of Health,NHS Leicester City CCG,5/31/2018,C&M-APMS Contract Value,PRC DELEGATED CO-COMMISSIONING,SPIRIT HEALTHCARE LTD,22028916,"41,998.63 ",283351305,LD000040387
Department of Health,NHS Leicester City CCG,5/31/2018,C&M-APMS DES Minor Surgery,PRC DELEGATED CO-COMMISSIONING,SPIRIT HEALTHCARE LTD,22028916,783.72 ,283351305,LD000040387
Department of Health,NHS Leicester City CCG,5/31/2018,C&M-APMS Prem Healthcentre Rates,PRC DELEGATED CO-COMMISSIONING,SPIRIT HEALTHCARE LTD,22028916,323.31 ,283351305,LD000040387
Department of Health,NHS Leicester City CCG,5/31/2018,C&M-APMS Prem Healthcentre Rent,PRC DELEGATED CO-COMMISSIONING,SPIRIT HEALTHCARE LTD,22028916,"2,804.17 ",283351305,LD000040387
Department of Health,NHS Leicester City CCG,5/31/2018,C&M-APMS Prem Water Rates,PRC DELEGATED CO-COMMISSIONING,SPIRIT HEALTHCARE LTD,22028916,61.45 ,283351305,LD000040387
Department of Health,NHS Leicester City CCG,5/31/2018,C&M-PMS QOF Aspiration,PRC DELEGATED CO-COMMISSIONING,SPIRIT HEALTHCARE LTD,22028916,"4,101.96 ",283351305,LD000040387
Department of Health,NHS Leicester City CCG,5/31/2018,C&M-APMS Contract Value,PRC DELEGATED CO-COMMISSIONING,SPIRIT HEALTHCARE LTD,22028918,"55,048.36 ",283351305,LD000040389
Department of Health,NHS Leicester City CCG,5/31/2018,C&M-APMS Prem Healthcentre Rates,PRC DELEGATED CO-COMMISSIONING,SPIRIT HEALTHCARE LTD,22028918,282.25 ,283351305,LD000040389
Department of Health,NHS Leicester City CCG,5/31/2018,C&M-APMS Prem Healthcentre Rent,PRC DELEGATED CO-COMMISSIONING,SPIRIT HEALTHCARE LTD,22028918,"1,270.83 ",283351305,LD000040389
Department of Health,NHS Leicester City CCG,5/31/2018,C&M-APMS Prem Water Rates,PRC DELEGATED CO-COMMISSIONING,SPIRIT HEALTHCARE LTD,22028918,38.83 ,283351305,LD000040389
Department of Health,NHS Leicester City CCG,5/31/2018,C&M-PMS QOF Aspiration,PRC DELEGATED CO-COMMISSIONING,SPIRIT HEALTHCARE LTD,22028918,"3,768.24 ",283351305,LD000040389
Department of Health,NHS Leicester City CCG,5/31/2018,C&M-APMS Contract Value,PRC DELEGATED CO-COMMISSIONING,SPIRIT HEALTHCARE LTD,22028920,"30,663.71 ",283351305,LD000040391
Department of Health,NHS Leicester City CCG,5/31/2018,C&M-APMS Prem Healthcentre Rates,PRC DELEGATED CO-COMMISSIONING,SPIRIT HEALTHCARE LTD,22028920,495.13 ,283351305,LD000040391
Department of Health,NHS Leicester City CCG,5/31/2018,C&M-APMS Prem Healthcentre Rent,PRC DELEGATED CO-COMMISSIONING,SPIRIT HEALTHCARE LTD,22028920,"1,508.33 ",283351305,LD000040391
Department of Health,NHS Leicester City CCG,5/31/2018,C&M-PMS QOF Aspiration,PRC DELEGATED CO-COMMISSIONING,SPIRIT HEALTHCARE LTD,22028920,"3,056.56 ",283351305,LD000040391
Department of Health,NHS Leicester City CCG,5/31/2018,Clinical&Medical-Independent Sector,PATIENT TRANSPORT,THAMES AMBULANCE SERVICE LTD,22114620,"142,453.92 ",809846883,20046
Department of Health,NHS Leicester City CCG,5/31/2018,Cont Care-Physical Disab (<65),CHC ADULT FULLY FUNDED,THORNBURY NURSING SERVICES,22051408,"28,228.60 ",,4318095
Department of Health,NHS Leicester City CCG,5/31/2018,Cont Care-Physical Disab (<65),CHC ADULT FULLY FUNDED,THORNBURY NURSING SERVICES,22114667,"28,228.60 ",,4325465
Department of Health,NHS Leicester City CCG,5/31/2018,Cont Care-Physical Disab (<65),CHC ADULT FULLY FUNDED,THORNBURY NURSING SERVICES,22227828,"28,228.60 ",,4332596
Department of Health,NHS Leicester City CCG,5/31/2018,Cont Care-Physical Disab (<65),CHC ADULT FULLY FUNDED,THORNBURY NURSING SERVICES,22335467,"28,228.60 ",,4339317
Department of Health,NHS Leicester City CCG,5/31/2018,Cont Care-Physical Disab (<65),CHC ADULT FULLY FUNDED,THORNBURY NURSING SERVICES,22401811,"27,678.60 ",,4346482
Department of Health,NHS Leicester City CCG,5/31/2018,Hcare Srv Rec NHS Trust-Contract Baseline,ACUTE COMMISSIONING,UNIVERSITY HOSPITALS COVENTRY AND WARWICKSHIRE NHS TRUST,21991406,"25,334.50 ",,1000063057
Department of Health,NHS Leicester City CCG,5/31/2018,Hcare Srv Rec NHS Trust-Contract Baseline,ACUTE COMMISSIONING,UNIVERSITY HOSPITALS COVENTRY AND WARWICKSHIRE NHS TRUST,22451824,"25,051.00 ",,1000063912
Department of Health,NHS Leicester City CCG,5/31/2018,Hcare Srv Rec NHS Trust-Contract Baseline,ACUTE COMMISSIONING,UNIVERSITY HOSPITALS OF LEICESTER NHS TRUST,22041030,"27,767.00 ",654972400,L0207345
Department of Health,NHS Leicester City CCG,5/31/2018,Hcare Srv Rec NHS Trust-Non Contract,ACUTE COMMISSIONING,UNIVERSITY HOSPITALS OF LEICESTER NHS TRUST,22091127,"133,202.61 ",654972400,L0206106
Department of Health,NHS Leicester City CCG,5/31/2018,Hcare Srv Rec NHS Trust,COLLABORATIVE COMMISSIONING,UNIVERSITY HOSPITALS OF LEICESTER NHS TRUST,22376999,"56,488.00 ",654972400,L0209295
Department of Health,NHS Leicester City CCG,5/31/2018,Hcare Srv Rec NHS Trust-Contract Baseline,ACUTE COMMISSIONING,UNIVERSITY HOSPITALS OF LEICESTER NHS TRUST,22377000,"15,742,943.00 ",654972400,L0209268
Department of Health,NHS Leicester City CCG,5/31/2018,Hcare Srv Rec NHS Trust-Contract Baseline,ACUTE COMMISSIONING,UNIVERSITY HOSPITALS OF LEICESTER NHS TRUST,22396725,"27,767.00 ",654972400,L0209301
Department of Health,NHS Leicester City CCG,5/31/2018,C&M-GMS Global Sum,PRC DELEGATED CO-COMMISSIONING,WALNUT STREET SURGERY,22176376,"25,559.16 ",,LD000040604
Department of Health,NHS Leicester City CCG,5/31/2018,C&M-GMS QOF Aspiration,PRC DELEGATED CO-COMMISSIONING,WALNUT STREET SURGERY,22176376,"1,795.36 ",,LD000040604
Department of Health,NHS Leicester City CCG,5/31/2018,C&M-GMS DES Learn Dsblty Hlth Chk,PRC DELEGATED CO-COMMISSIONING,WILLOWBROOK MEDICAL CENTRE,22175201,"3,500.00 ",,LD000040542
Department of Health,NHS Leicester City CCG,5/31/2018,C&M-GMS Global Sum,PRC DELEGATED CO-COMMISSIONING,WILLOWBROOK MEDICAL CENTRE,22175201,"89,151.22 ",,LD000040542
Department of Health,NHS Leicester City CCG,5/31/2018,C&M-GMS Prem Healthcentre Rates,PRC DELEGATED CO-COMMISSIONING,WILLOWBROOK MEDICAL CENTRE,22175201,226.28 ,,LD000040542
Department of Health,NHS Leicester City CCG,5/31/2018,C&M-GMS Prem Healthcentre Rent,PRC DELEGATED CO-COMMISSIONING,WILLOWBROOK MEDICAL CENTRE,22175201,"3,051.00 ",,LD000040542
Department of Health,NHS Leicester City CCG,5/31/2018,C&M-GMS Prem Notional Rent,PRC DELEGATED CO-COMMISSIONING,WILLOWBROOK MEDICAL CENTRE,22175201,"7,062.50 ",,LD000040542
Department of Health,NHS Leicester City CCG,5/31/2018,C&M-GMS Prem Water Rates,PRC DELEGATED CO-COMMISSIONING,WILLOWBROOK MEDICAL CENTRE,22175201,989.67 ,,LD000040542
Department of Health,NHS Leicester City CCG,5/31/2018,C&M-GMS QOF Aspiration,PRC DELEGATED CO-COMMISSIONING,WILLOWBROOK MEDICAL CENTRE,22175201,"12,504.07 ",,LD000040542
Department of Health,NHS Leicester City CCG,5/31/2018,C&M-GMS DES Learn Dsblty Hlth Chk,PRC DELEGATED CO-COMMISSIONING,WILLOWS MEDICAL CENTRE,22176374,140.00 ,,LD000040602
Department of Health,NHS Leicester City CCG,5/31/2018,C&M-GMS Global Sum,PRC DELEGATED CO-COMMISSIONING,WILLOWS MEDICAL CENTRE,22176374,"33,366.23 ",,LD000040602
Department of Health,NHS Leicester City CCG,5/31/2018,C&M-GMS MPIG Correction Factor,PRC DELEGATED CO-COMMISSIONING,WILLOWS MEDICAL CENTRE,22176374,"1,163.54 ",,LD000040602
Department of Health,NHS Leicester City CCG,5/31/2018,C&M-GMS Prem Notional Rent,PRC DELEGATED CO-COMMISSIONING,WILLOWS MEDICAL CENTRE,22176374,"9,333.33 ",,LD000040602
Department of Health,NHS Leicester City CCG,5/31/2018,C&M-GMS QOF Aspiration,PRC DELEGATED CO-COMMISSIONING,WILLOWS MEDICAL CENTRE,22176374,"3,108.96 ",,LD000040602
