"A3131 - Expenditure Over �25,000",,,,,,,,,
Time run: 06/12/2018 10:58:05,,,,,,," 16,528,993.29 ",,
Department family,Entity,Date,Expense Type,Expense area,Supplier,Transaction number,AP Amount (�),VAT registration number,Purchase invoice number
Department of Health,NHS North Kirklees CCG,11/30/2018,Clinical&Medical-Commercial Sector,ACUTE COMMISSIONING,NHS WAKEFIELD CCG,24937166,"35,129.99 ",,7016401073
Department of Health,NHS North Kirklees CCG,11/30/2018,Clinical&Medical-Commercial Sector,ACUTE COMMISSIONING,NHS WAKEFIELD CCG,24937167,"38,325.80 ",,7016401074
Department of Health,NHS North Kirklees CCG,11/30/2018,Clinical&Medical-Independent Sector,NCAS/OATS,SPAMEDICA LTD,24597031,"68,195.29 ",,NHSNKL031
Department of Health,NHS North Kirklees CCG,11/30/2018,Clinical&Medical-Independent Sector,COMMUNITY SERVICES,CONNECT HEALTH LTD,24637220,"113,625.00 ",,67013
Department of Health,NHS North Kirklees CCG,11/30/2018,Clinical&Medical-Independent Sector,COMMISSIONING - NON ACUTE,YORKSHIRE CLINIC,24637231,"29,078.39 ",426505170,NK8201819
Department of Health,NHS North Kirklees CCG,11/30/2018,Clinical&Medical-Independent Sector,ACUTE COMMISSIONING,ONEHEALTH GROUP,24723490,"63,673.38 ",,1867
Department of Health,NHS North Kirklees CCG,11/30/2018,Clinical&Medical-Independent Sector,ACUTE COMMISSIONING,ONEHEALTH GROUP,24723701,"37,350.26 ",,1907
Department of Health,NHS North Kirklees CCG,11/30/2018,Clinical&Medical-Independent Sector,COMMUNITY SERVICES,PRIDERM,24743475,"55,601.00 ",,PDSEPT18NK217
Department of Health,NHS North Kirklees CCG,11/30/2018,Clinical&Medical-Independent Sector,WHEELCHAIR SERVICE,OPCARE LTD,24762793,"41,950.00 ",607251365,OPSI006813
Department of Health,NHS North Kirklees CCG,11/30/2018,Clinical&Medical-Independent Sector,COMMUNITY SERVICES,PRIDERM,24784785,"61,375.00 ",,PDOCT18NK222
Department of Health,NHS North Kirklees CCG,11/30/2018,Clinical&Medical-Independent Sector,ACUTE COMMISSIONING,SPIRE HEALTHCARE LTD,24829299,"355,035.00 ",915970991,03JELDPF181908
Department of Health,NHS North Kirklees CCG,11/30/2018,Clinical&Medical-Independent Sector,COMMISSIONING - NON ACUTE,SPIRE HEALTHCARE LTD,24829425,"(120,442.26)",915970991,03JELDREC181906
Department of Health,NHS North Kirklees CCG,11/30/2018,Clinical&Medical-Independent Sector,NCAS/OATS,SPAMEDICA LTD,24852380,"77,995.86 ",,NHSNKL033
Department of Health,NHS North Kirklees CCG,11/30/2018,Clinical&Medical-Not For Profit,COMMUNITY SERVICES,LOCALA COMMUNITY PARTNERSHIPS C.I.C,24743694,"55,000.00 ",,A0007834
Department of Health,NHS North Kirklees CCG,11/30/2018,Clinical&Medical-Not For Profit,COMMUNITY SERVICES,LOCALA COMMUNITY PARTNERSHIPS C.I.C,24918418,"1,150,300.00 ",,A0007900
Department of Health,NHS North Kirklees CCG,11/30/2018,Clinical&Medical-Othe Public Sector,CARERS,KIRKLEES METROPOLITAN COUNCIL,24918326,"10,516.00 ",GB 184352457,8604374765
Department of Health,NHS North Kirklees CCG,11/30/2018,Clinical&Medical-Othe Public Sector,COMMUNITY SERVICES,KIRKLEES METROPOLITAN COUNCIL,24918326,"97,650.00 ",GB 184352457,8604374765
Department of Health,NHS North Kirklees CCG,11/30/2018,Clinical&Medical-Othe Public Sector,INTERMEDIATE CARE,KIRKLEES METROPOLITAN COUNCIL,24918326,"44,736.00 ",GB 184352457,8604374765
Department of Health,NHS North Kirklees CCG,11/30/2018,Clinical&Medical-Othe Public Sector,REABLEMENT,KIRKLEES METROPOLITAN COUNCIL,24918326,"496,098.00 ",GB 184352457,8604374765
Department of Health,NHS North Kirklees CCG,11/30/2018,Clinical&Medical-Serv Recd-F Trsts,IM&T,CALDERDALE & HUDDERSFIELD NHS FOUNDATION TRUST,24885868,"10,989.67 ",654405836,4710127739
Department of Health,NHS North Kirklees CCG,11/30/2018,Clinical&Medical-Serv Recd-F Trsts,PRIMARY CARE IT,CALDERDALE & HUDDERSFIELD NHS FOUNDATION TRUST,24885868,"26,785.17 ",654405836,4710127739
Department of Health,NHS North Kirklees CCG,11/30/2018,Clinical&Medical-Voluntary Sector,Learning Difficulties - S117,ELYSIUM HEALTHCARE LTD,24683560,"27,719.70 ",GB257732580,HLH00298
Department of Health,NHS North Kirklees CCG,11/30/2018,Clinical&Medical-Voluntary Sector,LEARNING DIFFICULTIES,ST MARYS HOSPITALS LTD,24743951,"41,700.00 ",,SM0000001862
Department of Health,NHS North Kirklees CCG,11/30/2018,Computer Hardware Purch,PRIMARY CARE IT,DELL CORPORATION LTD,24885871,"36,874.80 ",635823528,7402478851
Department of Health,NHS North Kirklees CCG,11/30/2018,Cont Care- Children,CHC CHILDREN,KIRKLEES METROPOLITAN COUNCIL,24829304,"88,777.79 ",GB 184352457,8604353223
Department of Health,NHS North Kirklees CCG,11/30/2018,Cont Care- Children,CHC CHILDREN,KIRKLEES METROPOLITAN COUNCIL,24829321,"213,328.50 ",GB 184352457,8604353210
Department of Health,NHS North Kirklees CCG,11/30/2018,Cont Care- Palliative Care,CHC ADULT FULLY FUNDED,KIRKLEES METROPOLITAN COUNCIL,24918313,"2,774.91 ",GB 184352457,8604354358
Department of Health,NHS North Kirklees CCG,11/30/2018,Cont Care-Learning Disab(<65),CHC AD FULL FUND PERS HLTH BUD,KIRKLEES METROPOLITAN COUNCIL,24918313,"2,453.70 ",GB 184352457,8604354358
Department of Health,NHS North Kirklees CCG,11/30/2018,Cont Care-Learning Disab(<65),CHC ADULT FULLY FUNDED,KIRKLEES METROPOLITAN COUNCIL,24918313,"37,658.43 ",GB 184352457,8604354358
Department of Health,NHS North Kirklees CCG,11/30/2018,Cont Care-Learning Disab(<65),CHC ADULT FULLY FUNDED,ST ANNES COMMUNITY SERVICES,24918386,"117,255.50 ",,INV40018
Department of Health,NHS North Kirklees CCG,11/30/2018,Cont Care-Mental Health (65+),CHC ADULT FULLY FUNDED,KIRKLEES METROPOLITAN COUNCIL,24918313,"1,447.35 ",GB 184352457,8604354358
Department of Health,NHS North Kirklees CCG,11/30/2018,Cont Care-Physical Disab (<65),CHC AD FULL FUND PERS HLTH BUD,KIRKLEES METROPOLITAN COUNCIL,24918313,866.67 ,GB 184352457,8604354358
Department of Health,NHS North Kirklees CCG,11/30/2018,Cont Care-Physical Disab (<65),CHC ADULT FULLY FUNDED,KIRKLEES METROPOLITAN COUNCIL,24918313,"62,880.08 ",GB 184352457,8604354358
Department of Health,NHS North Kirklees CCG,11/30/2018,Cont Care-Physical Disab (65+),CHC ADULT FULLY FUNDED,KIRKLEES METROPOLITAN COUNCIL,24918313,"18,773.76 ",GB 184352457,8604354358
Department of Health,NHS North Kirklees CCG,11/30/2018,Cont Care-Physical Disab (65+),CHC ADULT FULLY FUNDED,COUNTRYWIDE,24971409,"26,456.87 ",,CR010993
Department of Health,NHS North Kirklees CCG,11/30/2018,Hcare Srv Rec Fdtn Trust-CQUIN,MENTAL HEALTH CONTRACTS,SOUTH WEST YORKSHIRE PARTNERSHIP NHS FOUNDATION TRUST,24597081,"17,066.00 ",654948785,730108
Department of Health,NHS North Kirklees CCG,11/30/2018,Hcare Srv Rec Fdtn Trust-CQUIN,MENTAL HEALTH CONTRACTS,SOUTH WEST YORKSHIRE PARTNERSHIP NHS FOUNDATION TRUST,24762772,"51,198.00 ",654948785,730230
Department of Health,NHS North Kirklees CCG,11/30/2018,Hcare Srv Rec Fdtn Trust-Non Contract,NCAS/OATS,SOUTH TEES HOSPITALS NHS FOUNDATION TRUST,24549480,"140,744.04 ",GB654931517,D0024663
Department of Health,NHS North Kirklees CCG,11/30/2018,Hcare Srv Rec NHS Trust,ACUTE COMMISSIONING,MID YORKSHIRE HOSPITALS NHS TRUST,24549526,"9,100,000.00 ",654967780,1600003856
Department of Health,NHS North Kirklees CCG,11/30/2018,Hcare Srv Rec NHS Trust,AMBULANCE SERVICES,YORKSHIRE AMBULANCE SERVICE NHS TRUST,24549681,"586,817.00 ",654971305,2810024300
Department of Health,NHS North Kirklees CCG,11/30/2018,Hcare Srv Rec NHS Trust,AMBULANCE SERVICES,YORKSHIRE AMBULANCE SERVICE NHS TRUST,24784798,"94,021.32 ",654971305,2810024515
Department of Health,NHS North Kirklees CCG,11/30/2018,Hcare Srv Rec NHS Trust,ACUTE COMMISSIONING,LEEDS TEACHING HOSPITALS NHS TRUST,24852331,"766,594.00 ",654944112,1410108534
Department of Health,NHS North Kirklees CCG,11/30/2018,Hcare Srv Rec NHS Trust,COMMUNITY SERVICES,MID YORKSHIRE HOSPITALS NHS TRUST,24918475,"40,645.72 ",654967780,1600004521
Department of Health,NHS North Kirklees CCG,11/30/2018,Hcare Srv Rec NHS Trust-CQUIN,ACUTE COMMISSIONING,LEEDS TEACHING HOSPITALS NHS TRUST,24852331,"17,475.00 ",654944112,1410108534
Department of Health,NHS North Kirklees CCG,11/30/2018,Hcare Srv Rec NHS Trust-Non Contract,NCAS/OATS,NOTTINGHAM UNIVERSITY HOSPITALS NHS TRUST,24784734,"238,479.57 ",654434827,2000097170
Department of Health,NHS North Kirklees CCG,11/30/2018,Hcare Srv Rec NHS Trust-Over/ Under Performance,ACUTE COMMISSIONING,LEEDS TEACHING HOSPITALS NHS TRUST,24723581,"104,072.65 ",654944112,1410107739
Department of Health,NHS North Kirklees CCG,11/30/2018,Hlthcre-Foundation Trsts,MENTAL HEALTH CONTRACTS,SOUTH WEST YORKSHIRE PARTNERSHIP NHS FOUNDATION TRUST,24597081,"1,380,463.00 ",654948785,730108
Department of Health,NHS North Kirklees CCG,11/30/2018,Hlthcre-Foundation Trsts,ACUTE COMMISSIONING,BRADFORD TEACHING HOSPITALS NHS FOUNDATION TRUST,24723595,"210,506.00 ",654913617,307738
Department of Health,NHS North Kirklees CCG,11/30/2018,Non-PFI Oprtng Lease-Bldgs-Lease Rent,RECHARGES NHS PROPERTY SERVICES LTD,NHS PROPERTY SERVICES LTD,24723442,"25,919.15 ",156725100,H114186
Department of Health,NHS North Kirklees CCG,11/30/2018,Oth Travel Costs-Car Mileage,SAFEGUARDING,NHS GREATER HUDDERSFIELD CCG,24549601,586.86 ,654459608,7015101460
Department of Health,NHS North Kirklees CCG,11/30/2018,Oth Travel Costs-Car Mileage,CONTRACT MANAGEMENT,NHS GREATER HUDDERSFIELD CCG,24723550,656.76 ,654459608,7015101449
Department of Health,NHS North Kirklees CCG,11/30/2018,Prescribing,PRESCRIBING,AMCARE LTD,24784804,"46,927.72 ",763769971,OPI248510
Department of Health,NHS North Kirklees CCG,11/30/2018,Seconded-Basic Sal-Staff fm oth org,SAFEGUARDING,NHS GREATER HUDDERSFIELD CCG,24549601,"37,752.28 ",654459608,7015101460
Department of Health,NHS North Kirklees CCG,11/30/2018,Seconded-Basic Sal-Staff fm oth org,PERFORMANCE,NHS GREATER HUDDERSFIELD CCG,24723519,"62,231.52 ",654459608,7015101430
Department of Health,NHS North Kirklees CCG,11/30/2018,Seconded-Basic Sal-Staff fm oth org,CONTRACT MANAGEMENT,NHS GREATER HUDDERSFIELD CCG,24723550,"35,646.35 ",654459608,7015101449
Department of Health,NHS North Kirklees CCG,11/30/2018,Seconded-Basic Sal-Staff fm oth org,FINANCE,NHS GREATER HUDDERSFIELD CCG,24723552,"53,292.25 ",654459608,7015101451
Department of Health,NHS North Kirklees CCG,11/30/2018,Seconded-Employer's NHI Costs,SAFEGUARDING,NHS GREATER HUDDERSFIELD CCG,24549601,"4,156.76 ",654459608,7015101460
Department of Health,NHS North Kirklees CCG,11/30/2018,Seconded-Employer's NHI Costs,PERFORMANCE,NHS GREATER HUDDERSFIELD CCG,24723519,"7,064.31 ",654459608,7015101430
Department of Health,NHS North Kirklees CCG,11/30/2018,Seconded-Employer's NHI Costs,CONTRACT MANAGEMENT,NHS GREATER HUDDERSFIELD CCG,24723550,"4,010.22 ",654459608,7015101449
Department of Health,NHS North Kirklees CCG,11/30/2018,Seconded-Employer's NHI Costs,FINANCE,NHS GREATER HUDDERSFIELD CCG,24723552,"5,560.41 ",654459608,7015101451
Department of Health,NHS North Kirklees CCG,11/30/2018,Seconded-Employer's Pension Costs,SAFEGUARDING,NHS GREATER HUDDERSFIELD CCG,24549601,"4,852.58 ",654459608,7015101460
Department of Health,NHS North Kirklees CCG,11/30/2018,Seconded-Employer's Pension Costs,PERFORMANCE,NHS GREATER HUDDERSFIELD CCG,24723519,"7,384.62 ",654459608,7015101430
Department of Health,NHS North Kirklees CCG,11/30/2018,Seconded-Employer's Pension Costs,CONTRACT MANAGEMENT,NHS GREATER HUDDERSFIELD CCG,24723550,"5,439.17 ",654459608,7015101449
Department of Health,NHS North Kirklees CCG,11/30/2018,Seconded-Employer's Pension Costs,FINANCE,NHS GREATER HUDDERSFIELD CCG,24723552,"7,408.42 ",654459608,7015101451
Department of Health,NHS North Kirklees CCG,11/30/2018,Services From Local Authorities,SAFEGUARDING,KIRKLEES METROPOLITAN COUNCIL,24549541,"44,086.00 ",GB 184352457,8604299688
,,,,,,,,,
