A3131 - Expenditure Over Threshold - June 18,,,,,,,,,
,,,,,,,,,
Department family,Entity,Date,Expense Type,Expense area,Supplier,Transaction number,AP Amount (�),VAT registration number,Purchase invoice number
Department of Health,NHS North Kirklees CCG,6/30/2018,Clinical&Medical-Voluntary Sector,LEARNING DIFFICULTIES,ST MARYS HOSPITALS LTD,22463957,"41,700.00 ",,SM00000001446
Department of Health,NHS North Kirklees CCG,6/30/2018,Clinical&Medical-Independent Sector,COMMISSIONING - NON ACUTE,BMI HEALTHCARE COLLECTIONS,22507065,"56,936.50 ",,0000091742
Department of Health,NHS North Kirklees CCG,6/30/2018,Clinical&Medical-Independent Sector,COMMISSIONING - NON ACUTE,SPIRE HEALTHCARE LTD,22507097,"262,078.00 ",915970991,03JELDPF181903
Department of Health,NHS North Kirklees CCG,6/30/2018,Clinical&Medical-Independent Sector,COMMUNITY SERVICES,CONNECT PHYSICAL HEALTH CENTRES LTD,22507115,"113,625.00 ",,65934
Department of Health,NHS North Kirklees CCG,6/30/2018,Clinical&Medical-Voluntary Sector,MENTAL HEALTH SERVICES - OTHER,HIGHBANK PRIORY,22518452,"27,758.75 ",,1100007410
Department of Health,NHS North Kirklees CCG,6/30/2018,Hcare Srv Rec NHS Trust,URGENT CARE,YORKSHIRE AMBULANCE SERVICE NHS TRUST,22534576,"92,130.27 ",,2810022957
Department of Health,NHS North Kirklees CCG,6/30/2018,Hcare Srv Rec NHS Trust,PATIENT TRANSPORT,YORKSHIRE AMBULANCE SERVICE NHS TRUST,22534578,"99,646.38 ",,2810022969
Department of Health,NHS North Kirklees CCG,6/30/2018,Hlthcre-Foundation Trsts,ACUTE COMMISSIONING,BRADFORD TEACHING HOSPITALS NHS FOUNDATION TRUST,22534598,"171,855.78 ",654913617,305311
Department of Health,NHS North Kirklees CCG,6/30/2018,Apprenticeship Levy Payable,BALANCE SHEET,HMRC,22546750,90.00 ,,475PL004582519011902
Department of Health,NHS North Kirklees CCG,6/30/2018,Income tax <1Yr,BALANCE SHEET,HMRC,22546750,"35,224.36 ",,475PL004582519011902
Department of Health,NHS North Kirklees CCG,6/30/2018,Income tax <1Yr-Student Loans,BALANCE SHEET,HMRC,22546750,595.00 ,,475PL004582519011902
Department of Health,NHS North Kirklees CCG,6/30/2018,National Insurance < 1 yr-NI- ERS,BALANCE SHEET,HMRC,22546750,"27,737.88 ",,475PL004582519011902
Department of Health,NHS North Kirklees CCG,6/30/2018,National Insurance < 1 yr-NI-EES,BALANCE SHEET,HMRC,22546750,"21,458.37 ",,475PL004582519011902
Department of Health,NHS North Kirklees CCG,6/30/2018,Hcare Srv Rec NHS Trust,AMBULANCE SERVICES,YORKSHIRE AMBULANCE SERVICE NHS TRUST,22548030,"586,820.00 ",,2810022899
Department of Health,NHS North Kirklees CCG,6/30/2018,Hcare Srv Rec NHS Trust,NHS 111,YORKSHIRE AMBULANCE SERVICE NHS TRUST,22548032,"41,263.00 ",,2810022933
Department of Health,NHS North Kirklees CCG,6/30/2018,Hcare Srv Rec NHS Trust,AMBULANCE SERVICES,YORKSHIRE AMBULANCE SERVICE NHS TRUST,22548102,"49,501.89 ",,2810023023
Department of Health,NHS North Kirklees CCG,6/30/2018,Clinical&Medical-Independent Sector,COMMISSIONING - NON ACUTE,YORKSHIRE CLINIC,22578437,"25,801.86 ",426505170,NK3201819
Department of Health,NHS North Kirklees CCG,6/30/2018,C&M-PMS Contract Value,PRC DELEGATED CO-COMMISSIONING,ALBION MOUNT MEDICAL PRACTICE,22617793,"52,070.34 ",,YW000026299
Department of Health,NHS North Kirklees CCG,6/30/2018,C&M-PMS List Size Adjustment,PRC DELEGATED CO-COMMISSIONING,ALBION MOUNT MEDICAL PRACTICE,22617793,299.07 ,,YW000026299
Department of Health,NHS North Kirklees CCG,6/30/2018,C&M-PMS PCO Seniority,PRC DELEGATED CO-COMMISSIONING,ALBION MOUNT MEDICAL PRACTICE,22617793,"1,666.62 ",,YW000026299
Department of Health,NHS North Kirklees CCG,6/30/2018,C&M-PMS Prem Actual Rent,PRC DELEGATED CO-COMMISSIONING,ALBION MOUNT MEDICAL PRACTICE,22617793,"4,195.83 ",,YW000026299
Department of Health,NHS North Kirklees CCG,6/30/2018,C&M-PMS QOF Achievement,PRC DELEGATED CO-COMMISSIONING,ALBION MOUNT MEDICAL PRACTICE,22617793,"21,787.55 ",,YW000026299
Department of Health,NHS North Kirklees CCG,6/30/2018,C&M-PMS QOF Aspiration,PRC DELEGATED CO-COMMISSIONING,ALBION MOUNT MEDICAL PRACTICE,22617793,"5,259.23 ",,YW000026299
Department of Health,NHS North Kirklees CCG,6/30/2018,C&M-PMS Contract Value,PRC DELEGATED CO-COMMISSIONING,DR AI RAJPURA AND PARTNERS,22617795,"97,463.08 ",,YW000026301
Department of Health,NHS North Kirklees CCG,6/30/2018,C&M-PMS DES Extended Hours Access,PRC DELEGATED CO-COMMISSIONING,DR AI RAJPURA AND PARTNERS,22617795,"7,048.53 ",,YW000026301
Department of Health,NHS North Kirklees CCG,6/30/2018,C&M-PMS List Size Adjustment,PRC DELEGATED CO-COMMISSIONING,DR AI RAJPURA AND PARTNERS,22617795,896.97 ,,YW000026301
Department of Health,NHS North Kirklees CCG,6/30/2018,C&M-PMS PCO Seniority,PRC DELEGATED CO-COMMISSIONING,DR AI RAJPURA AND PARTNERS,22617795,"3,679.00 ",,YW000026301
Department of Health,NHS North Kirklees CCG,6/30/2018,C&M-PMS Prem Notional Rent,PRC DELEGATED CO-COMMISSIONING,DR AI RAJPURA AND PARTNERS,22617795,"10,691.67 ",,YW000026301
Department of Health,NHS North Kirklees CCG,6/30/2018,C&M-PMS QOF Achievement,PRC DELEGATED CO-COMMISSIONING,DR AI RAJPURA AND PARTNERS,22617795,"43,576.86 ",,YW000026301
Department of Health,NHS North Kirklees CCG,6/30/2018,C&M-PMS QOF Aspiration,PRC DELEGATED CO-COMMISSIONING,DR AI RAJPURA AND PARTNERS,22617795,"10,476.57 ",,YW000026301
Department of Health,NHS North Kirklees CCG,6/30/2018,ME - PMS GP Prior Year ERs,PRC DELEGATED CO-COMMISSIONING,DR AI RAJPURA AND PARTNERS,22617795,647.10 ,,YW000026301
Department of Health,NHS North Kirklees CCG,6/30/2018,ME-PMS GP Prior Year AVCs,PRC DELEGATED CO-COMMISSIONING,DR AI RAJPURA AND PARTNERS,22617795,172.80 ,,YW000026301
Department of Health,NHS North Kirklees CCG,6/30/2018,ME-PMS GP Prior Year EEs,PRC DELEGATED CO-COMMISSIONING,DR AI RAJPURA AND PARTNERS,22617795,607.50 ,,YW000026301
Department of Health,NHS North Kirklees CCG,6/30/2018,C&M-PMS Contract Value,PRC DELEGATED CO-COMMISSIONING,DR A P MEHROTRA,22617797,"17,398.75 ",,YW000026303
Department of Health,NHS North Kirklees CCG,6/30/2018,C&M-PMS List Size Adjustment,PRC DELEGATED CO-COMMISSIONING,DR A P MEHROTRA,22617797,421.97 ,,YW000026303
Department of Health,NHS North Kirklees CCG,6/30/2018,C&M-PMS Prem Notional Rent,PRC DELEGATED CO-COMMISSIONING,DR A P MEHROTRA,22617797,"2,112.50 ",,YW000026303
Department of Health,NHS North Kirklees CCG,6/30/2018,C&M-PMS QOF Achievement,PRC DELEGATED CO-COMMISSIONING,DR A P MEHROTRA,22617797,"7,289.29 ",,YW000026303
Department of Health,NHS North Kirklees CCG,6/30/2018,C&M-PMS QOF Aspiration,PRC DELEGATED CO-COMMISSIONING,DR A P MEHROTRA,22617797,"1,731.06 ",,YW000026303
Department of Health,NHS North Kirklees CCG,6/30/2018,C&M-PMS Contract Value,PRC DELEGATED CO-COMMISSIONING,DR C S HOUGHTON & PARTNER,22617799,"24,778.42 ",,YW000026305
Department of Health,NHS North Kirklees CCG,6/30/2018,C&M-PMS DES Extended Hours Access,PRC DELEGATED CO-COMMISSIONING,DR C S HOUGHTON & PARTNER,22617799,"1,623.08 ",,YW000026305
Department of Health,NHS North Kirklees CCG,6/30/2018,C&M-PMS List Size Adjustment,PRC DELEGATED CO-COMMISSIONING,DR C S HOUGHTON & PARTNER,22617799,125.87 ,,YW000026305
Department of Health,NHS North Kirklees CCG,6/30/2018,C&M-PMS PCO Other,PRC DELEGATED CO-COMMISSIONING,DR C S HOUGHTON & PARTNER,22617799,"2,466.00 ",,YW000026305
Department of Health,NHS North Kirklees CCG,6/30/2018,C&M-PMS PCO Seniority,PRC DELEGATED CO-COMMISSIONING,DR C S HOUGHTON & PARTNER,22617799,141.54 ,,YW000026305
Department of Health,NHS North Kirklees CCG,6/30/2018,C&M-PMS Prem Notional Rent,PRC DELEGATED CO-COMMISSIONING,DR C S HOUGHTON & PARTNER,22617799,"2,508.33 ",,YW000026305
Department of Health,NHS North Kirklees CCG,6/30/2018,C&M-PMS QOF Achievement,PRC DELEGATED CO-COMMISSIONING,DR C S HOUGHTON & PARTNER,22617799,"6,721.28 ",,YW000026305
Department of Health,NHS North Kirklees CCG,6/30/2018,C&M-PMS QOF Aspiration,PRC DELEGATED CO-COMMISSIONING,DR C S HOUGHTON & PARTNER,22617799,"2,634.72 ",,YW000026305
Department of Health,NHS North Kirklees CCG,6/30/2018,C&M-PMS Contract Value,PRC DELEGATED CO-COMMISSIONING,DR B A SCRIVINGS & PARTNERS,22617801,"61,638.00 ",,YW000026307
Department of Health,NHS North Kirklees CCG,6/30/2018,C&M-PMS Out of Hours Opt Outs,PRC DELEGATED CO-COMMISSIONING,DR B A SCRIVINGS & PARTNERS,22617801,4.95 ,,YW000026307
Department of Health,NHS North Kirklees CCG,6/30/2018,C&M-PMS PCO Seniority,PRC DELEGATED CO-COMMISSIONING,DR B A SCRIVINGS & PARTNERS,22617801,"3,158.75 ",,YW000026307
Department of Health,NHS North Kirklees CCG,6/30/2018,C&M-PMS Prem Healthcentre Rates,PRC DELEGATED CO-COMMISSIONING,DR B A SCRIVINGS & PARTNERS,22617801,"1,396.42 ",,YW000026307
Department of Health,NHS North Kirklees CCG,6/30/2018,C&M-PMS Prem Healthcentre Rent,PRC DELEGATED CO-COMMISSIONING,DR B A SCRIVINGS & PARTNERS,22617801,"7,820.00 ",,YW000026307
Department of Health,NHS North Kirklees CCG,6/30/2018,C&M-PMS QOF Aspiration,PRC DELEGATED CO-COMMISSIONING,DR B A SCRIVINGS & PARTNERS,22617801,"6,493.48 ",,YW000026307
Department of Health,NHS North Kirklees CCG,6/30/2018,C&M-PMS Contract Value,PRC DELEGATED CO-COMMISSIONING,DR DJ YOUD & PARTNERS,22617804,"76,961.50 ",,YW000026311
Department of Health,NHS North Kirklees CCG,6/30/2018,C&M-PMS DES Extended Hours Access,PRC DELEGATED CO-COMMISSIONING,DR DJ YOUD & PARTNERS,22617804,"4,593.73 ",,YW000026311
Department of Health,NHS North Kirklees CCG,6/30/2018,C&M-PMS DES Learn Dsblty Hlth Chk,PRC DELEGATED CO-COMMISSIONING,DR DJ YOUD & PARTNERS,22617804,"1,960.00 ",,YW000026311
Department of Health,NHS North Kirklees CCG,6/30/2018,C&M-PMS List Size Adjustment,PRC DELEGATED CO-COMMISSIONING,DR DJ YOUD & PARTNERS,22617804,726.96 ,,YW000026311
Department of Health,NHS North Kirklees CCG,6/30/2018,C&M-PMS PCO Other,PRC DELEGATED CO-COMMISSIONING,DR DJ YOUD & PARTNERS,22617804,"6,019.00 ",,YW000026311
Department of Health,NHS North Kirklees CCG,6/30/2018,C&M-PMS PCO Seniority,PRC DELEGATED CO-COMMISSIONING,DR DJ YOUD & PARTNERS,22617804,"1,820.88 ",,YW000026311
Department of Health,NHS North Kirklees CCG,6/30/2018,C&M-PMS Prem Actual Rent,PRC DELEGATED CO-COMMISSIONING,DR DJ YOUD & PARTNERS,22617804,"14,353.17 ",,YW000026311
Department of Health,NHS North Kirklees CCG,6/30/2018,C&M-PMS QOF Achievement,PRC DELEGATED CO-COMMISSIONING,DR DJ YOUD & PARTNERS,22617804,"30,649.84 ",,YW000026311
Department of Health,NHS North Kirklees CCG,6/30/2018,C&M-PMS QOF Aspiration,PRC DELEGATED CO-COMMISSIONING,DR DJ YOUD & PARTNERS,22617804,"7,971.89 ",,YW000026311
Department of Health,NHS North Kirklees CCG,6/30/2018,C&M-PMS Contract Value,PRC DELEGATED CO-COMMISSIONING,DR D E FOWERS & PARTNERS,22617806,"89,655.67 ",,YW000026315
Department of Health,NHS North Kirklees CCG,6/30/2018,C&M-PMS List Size Adjustment,PRC DELEGATED CO-COMMISSIONING,DR D E FOWERS & PARTNERS,22617806,"2,298.30 ",,YW000026315
Department of Health,NHS North Kirklees CCG,6/30/2018,C&M-PMS PCO Seniority,PRC DELEGATED CO-COMMISSIONING,DR D E FOWERS & PARTNERS,22617806,"3,470.43 ",,YW000026315
Department of Health,NHS North Kirklees CCG,6/30/2018,C&M-PMS Prem Actual Rent,PRC DELEGATED CO-COMMISSIONING,DR D E FOWERS & PARTNERS,22617806,"5,710.00 ",,YW000026315
Department of Health,NHS North Kirklees CCG,6/30/2018,C&M-PMS Prem Notional Rent,PRC DELEGATED CO-COMMISSIONING,DR D E FOWERS & PARTNERS,22617806,"5,723.42 ",,YW000026315
Department of Health,NHS North Kirklees CCG,6/30/2018,C&M-PMS Prem Other,PRC DELEGATED CO-COMMISSIONING,DR D E FOWERS & PARTNERS,22617806,433.33 ,,YW000026315
Department of Health,NHS North Kirklees CCG,6/30/2018,C&M-PMS QOF Achievement,PRC DELEGATED CO-COMMISSIONING,DR D E FOWERS & PARTNERS,22617806,"36,583.01 ",,YW000026315
Department of Health,NHS North Kirklees CCG,6/30/2018,C&M-PMS QOF Aspiration,PRC DELEGATED CO-COMMISSIONING,DR D E FOWERS & PARTNERS,22617806,"8,448.97 ",,YW000026315
Department of Health,NHS North Kirklees CCG,6/30/2018,C&M-PMS Contract Value,PRC DELEGATED CO-COMMISSIONING,DR MP LYNCH & PARTNER,22617808,"69,681.92 ",,YW000026317
Department of Health,NHS North Kirklees CCG,6/30/2018,C&M-PMS List Size Adjustment,PRC DELEGATED CO-COMMISSIONING,DR MP LYNCH & PARTNER,22617808,345.95 ,,YW000026317
Department of Health,NHS North Kirklees CCG,6/30/2018,C&M-PMS PCO Seniority,PRC DELEGATED CO-COMMISSIONING,DR MP LYNCH & PARTNER,22617808,"2,955.26 ",,YW000026317
Department of Health,NHS North Kirklees CCG,6/30/2018,C&M-PMS Prem Cost Rent,PRC DELEGATED CO-COMMISSIONING,DR MP LYNCH & PARTNER,22617808,"2,133.33 ",,YW000026317
Department of Health,NHS North Kirklees CCG,6/30/2018,C&M-PMS Prem Notional Rent,PRC DELEGATED CO-COMMISSIONING,DR MP LYNCH & PARTNER,22617808,"2,658.33 ",,YW000026317
Department of Health,NHS North Kirklees CCG,6/30/2018,C&M-PMS QOF Achievement,PRC DELEGATED CO-COMMISSIONING,DR MP LYNCH & PARTNER,22617808,"23,987.69 ",,YW000026317
Department of Health,NHS North Kirklees CCG,6/30/2018,C&M-PMS QOF Aspiration,PRC DELEGATED CO-COMMISSIONING,DR MP LYNCH & PARTNER,22617808,"6,718.45 ",,YW000026317
Department of Health,NHS North Kirklees CCG,6/30/2018,C&M-PMS Contract Value,PRC DELEGATED CO-COMMISSIONING,DR N KHAN & PARTNERS,22617810,"64,397.00 ",,YW000026319
Department of Health,NHS North Kirklees CCG,6/30/2018,C&M-PMS DES Extended Hours Access,PRC DELEGATED CO-COMMISSIONING,DR N KHAN & PARTNERS,22617810,"4,703.45 ",,YW000026319
Department of Health,NHS North Kirklees CCG,6/30/2018,C&M-PMS DES Learn Dsblty Hlth Chk,PRC DELEGATED CO-COMMISSIONING,DR N KHAN & PARTNERS,22617810,"9,520.00 ",,YW000026319
Department of Health,NHS North Kirklees CCG,6/30/2018,C&M-PMS List Size Adjustment,PRC DELEGATED CO-COMMISSIONING,DR N KHAN & PARTNERS,22617810,"2,845.91 ",,YW000026319
Department of Health,NHS North Kirklees CCG,6/30/2018,C&M-PMS PCO Other,PRC DELEGATED CO-COMMISSIONING,DR N KHAN & PARTNERS,22617810,"6,101.00 ",,YW000026319
Department of Health,NHS North Kirklees CCG,6/30/2018,C&M-PMS PCO Seniority,PRC DELEGATED CO-COMMISSIONING,DR N KHAN & PARTNERS,22617810,"1,311.22 ",,YW000026319
Department of Health,NHS North Kirklees CCG,6/30/2018,C&M-PMS Prem Notional Rent,PRC DELEGATED CO-COMMISSIONING,DR N KHAN & PARTNERS,22617810,"8,871.08 ",,YW000026319
Department of Health,NHS North Kirklees CCG,6/30/2018,C&M-PMS QOF Achievement,PRC DELEGATED CO-COMMISSIONING,DR N KHAN & PARTNERS,22617810,"26,796.13 ",,YW000026319
Department of Health,NHS North Kirklees CCG,6/30/2018,C&M-PMS QOF Aspiration,PRC DELEGATED CO-COMMISSIONING,DR N KHAN & PARTNERS,22617810,"5,261.30 ",,YW000026319
Department of Health,NHS North Kirklees CCG,6/30/2018,C&M-PMS Contract Value,PRC DELEGATED CO-COMMISSIONING,DR RK SOOD,22617812,"18,058.16 ",,YW000026321
Department of Health,NHS North Kirklees CCG,6/30/2018,C&M-PMS DES Extended Hours Access,PRC DELEGATED CO-COMMISSIONING,DR RK SOOD,22617812,"1,174.20 ",,YW000026321
Department of Health,NHS North Kirklees CCG,6/30/2018,C&M-PMS List Size Adjustment,PRC DELEGATED CO-COMMISSIONING,DR RK SOOD,22617812,16.85 ,,YW000026321
Department of Health,NHS North Kirklees CCG,6/30/2018,C&M-PMS PCO Other,PRC DELEGATED CO-COMMISSIONING,DR RK SOOD,22617812,"1,923.00 ",,YW000026321
Department of Health,NHS North Kirklees CCG,6/30/2018,C&M-PMS PCO Seniority,PRC DELEGATED CO-COMMISSIONING,DR RK SOOD,22617812,"1,595.48 ",,YW000026321
Department of Health,NHS North Kirklees CCG,6/30/2018,C&M-PMS Prem Notional Rent,PRC DELEGATED CO-COMMISSIONING,DR RK SOOD,22617812,"2,197.25 ",,YW000026321
Department of Health,NHS North Kirklees CCG,6/30/2018,C&M-PMS QOF Achievement,PRC DELEGATED CO-COMMISSIONING,DR RK SOOD,22617812,"8,704.26 ",,YW000026321
Department of Health,NHS North Kirklees CCG,6/30/2018,C&M-PMS QOF Aspiration,PRC DELEGATED CO-COMMISSIONING,DR RK SOOD,22617812,"2,197.99 ",,YW000026321
Department of Health,NHS North Kirklees CCG,6/30/2018,C&M-PMS Contract Value,PRC DELEGATED CO-COMMISSIONING,DR S L NICHOLLS & PARTNERS,22617814,"77,991.84 ",,YW000026323
Department of Health,NHS North Kirklees CCG,6/30/2018,C&M-PMS Out of Hours Opt Outs,PRC DELEGATED CO-COMMISSIONING,DR S L NICHOLLS & PARTNERS,22617814,78.59 ,,YW000026323
Department of Health,NHS North Kirklees CCG,6/30/2018,C&M-PMS PCO Locum Adop/Pat/Mat,PRC DELEGATED CO-COMMISSIONING,DR S L NICHOLLS & PARTNERS,22617814,"3,503.41 ",,YW000026323
Department of Health,NHS North Kirklees CCG,6/30/2018,C&M-PMS PCO Seniority,PRC DELEGATED CO-COMMISSIONING,DR S L NICHOLLS & PARTNERS,22617814,"1,788.60 ",,YW000026323
Department of Health,NHS North Kirklees CCG,6/30/2018,C&M-PMS Prem Notional Rent,PRC DELEGATED CO-COMMISSIONING,DR S L NICHOLLS & PARTNERS,22617814,"5,400.00 ",,YW000026323
Department of Health,NHS North Kirklees CCG,6/30/2018,C&M-PMS QOF Achievement,PRC DELEGATED CO-COMMISSIONING,DR S L NICHOLLS & PARTNERS,22617814,"22,915.34 ",,YW000026323
Department of Health,NHS North Kirklees CCG,6/30/2018,C&M-PMS QOF Aspiration,PRC DELEGATED CO-COMMISSIONING,DR S L NICHOLLS & PARTNERS,22617814,"7,817.30 ",,YW000026323
Department of Health,NHS North Kirklees CCG,6/30/2018,C&M-PMS Contract Value,PRC DELEGATED CO-COMMISSIONING,DR S P AHMED,22617816,"17,300.08 ",,YW000026325
Department of Health,NHS North Kirklees CCG,6/30/2018,C&M-PMS DES Extended Hours Access,PRC DELEGATED CO-COMMISSIONING,DR S P AHMED,22617816,"1,272.05 ",,YW000026325
Department of Health,NHS North Kirklees CCG,6/30/2018,C&M-PMS List Size Adjustment,PRC DELEGATED CO-COMMISSIONING,DR S P AHMED,22617816,817.09 ,,YW000026325
Department of Health,NHS North Kirklees CCG,6/30/2018,C&M-PMS Prem Notional Rent,PRC DELEGATED CO-COMMISSIONING,DR S P AHMED,22617816,"4,033.33 ",,YW000026325
Department of Health,NHS North Kirklees CCG,6/30/2018,C&M-PMS QOF Achievement,PRC DELEGATED CO-COMMISSIONING,DR S P AHMED,22617816,"9,719.09 ",,YW000026325
Department of Health,NHS North Kirklees CCG,6/30/2018,C&M-PMS QOF Aspiration,PRC DELEGATED CO-COMMISSIONING,DR S P AHMED,22617816,"2,133.69 ",,YW000026325
Department of Health,NHS North Kirklees CCG,6/30/2018,C&M-PMS Contract Value,PRC DELEGATED CO-COMMISSIONING,DR YV PATEL,22617818,"37,079.33 ",,YW000026327
Department of Health,NHS North Kirklees CCG,6/30/2018,C&M-PMS DES Extended Hours Access,PRC DELEGATED CO-COMMISSIONING,DR YV PATEL,22617818,"2,319.90 ",,YW000026327
Department of Health,NHS North Kirklees CCG,6/30/2018,C&M-PMS DES Learn Dsblty Hlth Chk,PRC DELEGATED CO-COMMISSIONING,DR YV PATEL,22617818,"2,380.00 ",,YW000026327
Department of Health,NHS North Kirklees CCG,6/30/2018,C&M-PMS Out of Hours Opt Outs,PRC DELEGATED CO-COMMISSIONING,DR YV PATEL,22617818,40.35 ,,YW000026327
Department of Health,NHS North Kirklees CCG,6/30/2018,C&M-PMS PCO Seniority,PRC DELEGATED CO-COMMISSIONING,DR YV PATEL,22617818,"1,492.27 ",,YW000026327
Department of Health,NHS North Kirklees CCG,6/30/2018,C&M-PMS Prem Actual Rent,PRC DELEGATED CO-COMMISSIONING,DR YV PATEL,22617818,"3,125.00 ",,YW000026327
Department of Health,NHS North Kirklees CCG,6/30/2018,C&M-PMS Prem Notional Rent,PRC DELEGATED CO-COMMISSIONING,DR YV PATEL,22617818,"1,570.83 ",,YW000026327
Department of Health,NHS North Kirklees CCG,6/30/2018,C&M-PMS QOF Achievement,PRC DELEGATED CO-COMMISSIONING,DR YV PATEL,22617818,"11,598.11 ",,YW000026327
Department of Health,NHS North Kirklees CCG,6/30/2018,C&M-PMS QOF Aspiration,PRC DELEGATED CO-COMMISSIONING,DR YV PATEL,22617818,"3,954.51 ",,YW000026327
Department of Health,NHS North Kirklees CCG,6/30/2018,C&M-PMS Contract Value,PRC DELEGATED CO-COMMISSIONING,DRS ASMAL & SHAIKH,22617820,"48,212.83 ",,YW000026329
Department of Health,NHS North Kirklees CCG,6/30/2018,C&M-PMS Out of Hours Opt Outs,PRC DELEGATED CO-COMMISSIONING,DRS ASMAL & SHAIKH,22617820,21.31 ,,YW000026329
Department of Health,NHS North Kirklees CCG,6/30/2018,C&M-PMS PCO Other,PRC DELEGATED CO-COMMISSIONING,DRS ASMAL & SHAIKH,22617820,"4,857.00 ",,YW000026329
Department of Health,NHS North Kirklees CCG,6/30/2018,C&M-PMS PCO Seniority,PRC DELEGATED CO-COMMISSIONING,DRS ASMAL & SHAIKH,22617820,"1,501.70 ",,YW000026329
Department of Health,NHS North Kirklees CCG,6/30/2018,C&M-PMS Prem Actual Rent,PRC DELEGATED CO-COMMISSIONING,DRS ASMAL & SHAIKH,22617820,"11,750.00 ",,YW000026329
Department of Health,NHS North Kirklees CCG,6/30/2018,C&M-PMS QOF Achievement,PRC DELEGATED CO-COMMISSIONING,DRS ASMAL & SHAIKH,22617820,"24,247.96 ",,YW000026329
Department of Health,NHS North Kirklees CCG,6/30/2018,C&M-PMS QOF Aspiration,PRC DELEGATED CO-COMMISSIONING,DRS ASMAL & SHAIKH,22617820,"5,261.69 ",,YW000026329
Department of Health,NHS North Kirklees CCG,6/30/2018,C&M-PMS Contract Value,PRC DELEGATED CO-COMMISSIONING,LIVERSEDGE MEDICAL CENTRE,22617822,"25,663.25 ",,YW000026331
Department of Health,NHS North Kirklees CCG,6/30/2018,C&M-PMS DES Extended Hours Access,PRC DELEGATED CO-COMMISSIONING,LIVERSEDGE MEDICAL CENTRE,22617822,"1,626.88 ",,YW000026331
Department of Health,NHS North Kirklees CCG,6/30/2018,C&M-PMS DES Learn Dsblty Hlth Chk,PRC DELEGATED CO-COMMISSIONING,LIVERSEDGE MEDICAL CENTRE,22617822,"2,660.00 ",,YW000026331
Department of Health,NHS North Kirklees CCG,6/30/2018,C&M-PMS Out of Hours Opt Outs,PRC DELEGATED CO-COMMISSIONING,LIVERSEDGE MEDICAL CENTRE,22617822,45.79 ,,YW000026331
Department of Health,NHS North Kirklees CCG,6/30/2018,C&M-PMS PCO Other,PRC DELEGATED CO-COMMISSIONING,LIVERSEDGE MEDICAL CENTRE,22617822,"2,473.00 ",,YW000026331
Department of Health,NHS North Kirklees CCG,6/30/2018,C&M-PMS PCO Seniority,PRC DELEGATED CO-COMMISSIONING,LIVERSEDGE MEDICAL CENTRE,22617822,412.09 ,,YW000026331
Department of Health,NHS North Kirklees CCG,6/30/2018,C&M-PMS Prem Healthcentre Rates,PRC DELEGATED CO-COMMISSIONING,LIVERSEDGE MEDICAL CENTRE,22617822,286.83 ,,YW000026331
Department of Health,NHS North Kirklees CCG,6/30/2018,C&M-PMS Prem Healthcentre Rent,PRC DELEGATED CO-COMMISSIONING,LIVERSEDGE MEDICAL CENTRE,22617822,"3,391.67 ",,YW000026331
Department of Health,NHS North Kirklees CCG,6/30/2018,C&M-PMS QOF Achievement,PRC DELEGATED CO-COMMISSIONING,LIVERSEDGE MEDICAL CENTRE,22617822,"13,000.00 ",,YW000026331
Department of Health,NHS North Kirklees CCG,6/30/2018,C&M-PMS QOF Aspiration,PRC DELEGATED CO-COMMISSIONING,LIVERSEDGE MEDICAL CENTRE,22617822,"2,724.86 ",,YW000026331
Department of Health,NHS North Kirklees CCG,6/30/2018,C&M-PMS Contract Value,PRC DELEGATED CO-COMMISSIONING,PARKVIEW SURGERY CLECKHEATON,22617824,"57,275.58 ",,YW000026333
Department of Health,NHS North Kirklees CCG,6/30/2018,C&M-PMS DES Extended Hours Access,PRC DELEGATED CO-COMMISSIONING,PARKVIEW SURGERY CLECKHEATON,22617824,"3,601.93 ",,YW000026333
Department of Health,NHS North Kirklees CCG,6/30/2018,C&M-PMS DES Learn Dsblty Hlth Chk,PRC DELEGATED CO-COMMISSIONING,PARKVIEW SURGERY CLECKHEATON,22617824,140.00 ,,YW000026333
Department of Health,NHS North Kirklees CCG,6/30/2018,C&M-PMS List Size Adjustment,PRC DELEGATED CO-COMMISSIONING,PARKVIEW SURGERY CLECKHEATON,22617824,359.33 ,,YW000026333
Department of Health,NHS North Kirklees CCG,6/30/2018,C&M-PMS Prem Healthcentre Rates,PRC DELEGATED CO-COMMISSIONING,PARKVIEW SURGERY CLECKHEATON,22617824,729.83 ,,YW000026333
Department of Health,NHS North Kirklees CCG,6/30/2018,C&M-PMS Prem Healthcentre Rent,PRC DELEGATED CO-COMMISSIONING,PARKVIEW SURGERY CLECKHEATON,22617824,"4,700.00 ",,YW000026333
Department of Health,NHS North Kirklees CCG,6/30/2018,C&M-PMS QOF Achievement,PRC DELEGATED CO-COMMISSIONING,PARKVIEW SURGERY CLECKHEATON,22617824,"22,816.95 ",,YW000026333
Department of Health,NHS North Kirklees CCG,6/30/2018,C&M-PMS QOF Aspiration,PRC DELEGATED CO-COMMISSIONING,PARKVIEW SURGERY CLECKHEATON,22617824,"5,716.85 ",,YW000026333
Department of Health,NHS North Kirklees CCG,6/30/2018,C&M-PMS Contract Value,PRC DELEGATED CO-COMMISSIONING,DR CHANDRA & PARTNERS DEWSBURY,22618822,"68,689.51 ",,YW000026313
Department of Health,NHS North Kirklees CCG,6/30/2018,C&M-PMS DES Extended Hours Access,PRC DELEGATED CO-COMMISSIONING,DR CHANDRA & PARTNERS DEWSBURY,22618822,"4,102.10 ",,YW000026313
Department of Health,NHS North Kirklees CCG,6/30/2018,C&M-PMS List Size Adjustment,PRC DELEGATED CO-COMMISSIONING,DR CHANDRA & PARTNERS DEWSBURY,22618822,518.08 ,,YW000026313
Department of Health,NHS North Kirklees CCG,6/30/2018,C&M-PMS PCO Seniority,PRC DELEGATED CO-COMMISSIONING,DR CHANDRA & PARTNERS DEWSBURY,22618822,"1,494.82 ",,YW000026313
Department of Health,NHS North Kirklees CCG,6/30/2018,C&M-PMS Prem Healthcentre Rates,PRC DELEGATED CO-COMMISSIONING,DR CHANDRA & PARTNERS DEWSBURY,22618822,"2,145.33 ",,YW000026313
Department of Health,NHS North Kirklees CCG,6/30/2018,C&M-PMS Prem Healthcentre Rent,PRC DELEGATED CO-COMMISSIONING,DR CHANDRA & PARTNERS DEWSBURY,22618822,"13,620.00 ",,YW000026313
Department of Health,NHS North Kirklees CCG,6/30/2018,C&M-PMS QOF Achievement,PRC DELEGATED CO-COMMISSIONING,DR CHANDRA & PARTNERS DEWSBURY,22618822,"25,819.21 ",,YW000026313
Department of Health,NHS North Kirklees CCG,6/30/2018,C&M-PMS QOF Aspiration,PRC DELEGATED CO-COMMISSIONING,DR CHANDRA & PARTNERS DEWSBURY,22618822,"7,023.00 ",,YW000026313
Department of Health,NHS North Kirklees CCG,6/30/2018,C&M-PMS Contract Value,PRC DELEGATED CO-COMMISSIONING,DR DHIR & PARTNERS,22633792,"53,762.92 ",,YW000026309
Department of Health,NHS North Kirklees CCG,6/30/2018,C&M-PMS DES Extended Hours Access,PRC DELEGATED CO-COMMISSIONING,DR DHIR & PARTNERS,22633792,"3,126.45 ",,YW000026309
Department of Health,NHS North Kirklees CCG,6/30/2018,C&M-PMS Out of Hours Opt Outs,PRC DELEGATED CO-COMMISSIONING,DR DHIR & PARTNERS,22633792,24.96 ,,YW000026309
Department of Health,NHS North Kirklees CCG,6/30/2018,C&M-PMS Prem Healthcentre Rates,PRC DELEGATED CO-COMMISSIONING,DR DHIR & PARTNERS,22633792,"1,064.42 ",,YW000026309
Department of Health,NHS North Kirklees CCG,6/30/2018,C&M-PMS Prem Healthcentre Rent,PRC DELEGATED CO-COMMISSIONING,DR DHIR & PARTNERS,22633792,"7,200.00 ",,YW000026309
Department of Health,NHS North Kirklees CCG,6/30/2018,C&M-PMS QOF Achievement,PRC DELEGATED CO-COMMISSIONING,DR DHIR & PARTNERS,22633792,"15,280.82 ",,YW000026309
Department of Health,NHS North Kirklees CCG,6/30/2018,C&M-PMS QOF Aspiration,PRC DELEGATED CO-COMMISSIONING,DR DHIR & PARTNERS,22633792,"5,854.79 ",,YW000026309
Department of Health,NHS North Kirklees CCG,6/30/2018,ME - PMS GP Prior Year ERs,PRC DELEGATED CO-COMMISSIONING,DR DHIR & PARTNERS,22633792,"1,067.90 ",,YW000026309
Department of Health,NHS North Kirklees CCG,6/30/2018,ME-PMS GP Prior Year EEs,PRC DELEGATED CO-COMMISSIONING,DR DHIR & PARTNERS,22633792,"2,133.48 ",,YW000026309
Department of Health,NHS North Kirklees CCG,6/30/2018,Computer Software/License,PRESCRIBING,FIRST DATABANK EUROPE LTD,22642970,"74,114.30 ",585826589,7653
Department of Health,NHS North Kirklees CCG,6/30/2018,C&M-Independent Sector - CQUIN,COMMUNITY SERVICES,LOCALA COMMUNITY PARTNERSHIPS C.I.C,22643006,"42,541.00 ",,A0007186
Department of Health,NHS North Kirklees CCG,6/30/2018,Clinical&Medical-Independent Sector,COMMUNITY SERVICES,LOCALA COMMUNITY PARTNERSHIPS C.I.C,22643006,"1,134,426.00 ",,A0007186
Department of Health,NHS North Kirklees CCG,6/30/2018,Clinical&Medical-Othe Public Sector,CARERS,KIRKLEES METROPOLITAN COUNCIL,22645958,"10,322.00 ",GB 184352457,8603947850
Department of Health,NHS North Kirklees CCG,6/30/2018,Clinical&Medical-Othe Public Sector,COMMUNITY SERVICES,KIRKLEES METROPOLITAN COUNCIL,22645958,"95,845.00 ",GB 184352457,8603947850
Department of Health,NHS North Kirklees CCG,6/30/2018,Clinical&Medical-Othe Public Sector,INTERMEDIATE CARE,KIRKLEES METROPOLITAN COUNCIL,22645958,"43,908.00 ",GB 184352457,8603947850
Department of Health,NHS North Kirklees CCG,6/30/2018,Clinical&Medical-Othe Public Sector,REABLEMENT,KIRKLEES METROPOLITAN COUNCIL,22645958,"486,925.00 ",GB 184352457,8603947850
Department of Health,NHS North Kirklees CCG,6/30/2018,Cont Care- Palliative Care,CHC ADULT FULLY FUNDED,KIRKLEES METROPOLITAN COUNCIL,22645959,"6,586.26 ",GB 184352457,8603948480
Department of Health,NHS North Kirklees CCG,6/30/2018,Cont Care-Learning Disab(<65),CHC AD FULL FUND PERS HLTH BUD,KIRKLEES METROPOLITAN COUNCIL,22645959,"2,862.45 ",GB 184352457,8603948480
Department of Health,NHS North Kirklees CCG,6/30/2018,Cont Care-Learning Disab(<65),CHC ADULT FULLY FUNDED,KIRKLEES METROPOLITAN COUNCIL,22645959,"36,604.58 ",GB 184352457,8603948480
Department of Health,NHS North Kirklees CCG,6/30/2018,Cont Care-Learning Disab(<65),CHC ADULT JOINT FUNDED,KIRKLEES METROPOLITAN COUNCIL,22645959,"13,610.26 ",GB 184352457,8603948480
Department of Health,NHS North Kirklees CCG,6/30/2018,Cont Care-Mental Health (65+),CHC ADULT FULLY FUNDED,KIRKLEES METROPOLITAN COUNCIL,22645959,"1,447.35 ",GB 184352457,8603948480
Department of Health,NHS North Kirklees CCG,6/30/2018,Cont Care-Mental Health (65+),CHC ADULT JOINT FUNDED,KIRKLEES METROPOLITAN COUNCIL,22645959,665.37 ,GB 184352457,8603948480
Department of Health,NHS North Kirklees CCG,6/30/2018,Cont Care-Physical Disab (65+),CHC ADULT FULLY FUNDED,KIRKLEES METROPOLITAN COUNCIL,22645959,"20,398.85 ",GB 184352457,8603948480
Department of Health,NHS North Kirklees CCG,6/30/2018,Cont Care-Physical Disab (65+),CHC ADULT JOINT FUNDED,KIRKLEES METROPOLITAN COUNCIL,22645959,"2,633.94 ",GB 184352457,8603948480
Department of Health,NHS North Kirklees CCG,6/30/2018,Cont Care-Physical Disab (<65),CHC AD FULL FUND PERS HLTH BUD,KIRKLEES METROPOLITAN COUNCIL,22645959,877.35 ,GB 184352457,8603948480
Department of Health,NHS North Kirklees CCG,6/30/2018,Cont Care-Physical Disab (<65),CHC ADULT FULLY FUNDED,KIRKLEES METROPOLITAN COUNCIL,22645959,"61,897.86 ",GB 184352457,8603948480
Department of Health,NHS North Kirklees CCG,6/30/2018,Cont Care-Physical Disab (<65),CHC ADULT JOINT FUNDED,KIRKLEES METROPOLITAN COUNCIL,22645959,"18,057.26 ",GB 184352457,8603948480
Department of Health,NHS North Kirklees CCG,6/30/2018,Clinical&Medical-Independent Sector,COMMISSIONING - NON ACUTE,ONEHEALTH GROUP,22687938,"62,975.19 ",,1703
Department of Health,NHS North Kirklees CCG,6/30/2018,Prescribing,PRESCRIBING,AMCARE LTD,22709713,"38,793.47 ",763769971,OPI168496
Department of Health,NHS North Kirklees CCG,6/30/2018,C&M-APMS Contract Value,PRC DELEGATED CO-COMMISSIONING,BROUGHTON HOUSE SURGERY BATLEY,22709882,"40,617.58 ",,M3201819
Department of Health,NHS North Kirklees CCG,6/30/2018,C&M-APMS Contract Value,PRC DELEGATED CO-COMMISSIONING,BROUGHTON HOUSE SURGERY BATLEY,22715234,"40,617.58 ",,M1201819
Department of Health,NHS North Kirklees CCG,6/30/2018,Clinical&Medical-Othe Public Sector,COMMUNITY SERVICES,KIRKLEES METROPOLITAN COUNCIL,22728406,886.00 ,GB 184352457,8603931293
Department of Health,NHS North Kirklees CCG,6/30/2018,Clinical&Medical-Othe Public Sector,Mental Health Services - S117 Mental Health,KIRKLEES METROPOLITAN COUNCIL,22728406,"4,961.60 ",GB 184352457,8603931293
Department of Health,NHS North Kirklees CCG,6/30/2018,Cont Care-Funded Nursing Care Allow,FUNDED NURSING CARE,KIRKLEES METROPOLITAN COUNCIL,22728406,"68,966.32 ",GB 184352457,8603931293
Department of Health,NHS North Kirklees CCG,6/30/2018,Clinical&Medical-Independent Sector,COMMUNITY SERVICES,LOCALA COMMUNITY PARTNERSHIPS C.I.C,22732428,"55,000.00 ",,A0007231
Department of Health,NHS North Kirklees CCG,6/30/2018,Clinical&Medical-Independent Sector,COMMISSIONING SCHEMES,PRIDERM,22732472,"56,488.00 ",,PDMAY18NK199
Department of Health,NHS North Kirklees CCG,6/30/2018,Hlthcre-Foundation Trsts,ACUTE COMMISSIONING,CALDERDALE & HUDDERSFIELD NHS FOUNDATION TRUST,22732503,"541,767.33 ",654405836,4710118464
Department of Health,NHS North Kirklees CCG,6/30/2018,Hcare Srv Rec NHS Trust,PLANNED CARE,MID YORKSHIRE HOSPITALS NHS TRUST,22744426,"61,398.00 ",654967780,10088456
Department of Health,NHS North Kirklees CCG,6/30/2018,Hcare Srv Rec NHS Trust,AMBULANCE SERVICES,YORKSHIRE AMBULANCE SERVICE NHS TRUST,22744494,"53,402.00 ",,2810023052
Department of Health,NHS North Kirklees CCG,6/30/2018,Hcare Srv Rec NHS Trust,ACUTE COMMISSIONING,LEEDS TEACHING HOSPITALS NHS TRUST,22744500,"766,784.00 ",,1410098475
Department of Health,NHS North Kirklees CCG,6/30/2018,Hcare Srv Rec NHS Trust-CQUIN,ACUTE COMMISSIONING,LEEDS TEACHING HOSPITALS NHS TRUST,22744500,"17,285.00 ",,1410098475
Department of Health,NHS North Kirklees CCG,6/30/2018,Clinical&Medical-Voluntary Sector,MENTAL HEALTH CONTRACTS,RICHMOND FELLOWSHIP,22754569,"44,166.67 ",100210314,SI00021226
Department of Health,NHS North Kirklees CCG,6/30/2018,C&M-GMS DES Extended Hours Access,PRC DELEGATED CO-COMMISSIONING,DR A M GOODWIN & PARTNERS,22774498,"5,189.85 ",,YW000026443
Department of Health,NHS North Kirklees CCG,6/30/2018,C&M-GMS Global Sum,PRC DELEGATED CO-COMMISSIONING,DR A M GOODWIN & PARTNERS,22774498,"76,525.49 ",,YW000026443
Department of Health,NHS North Kirklees CCG,6/30/2018,C&M-GMS PCO Seniority,PRC DELEGATED CO-COMMISSIONING,DR A M GOODWIN & PARTNERS,22774498,"2,027.90 ",,YW000026443
Department of Health,NHS North Kirklees CCG,6/30/2018,C&M-GMS Prem Notional Rent,PRC DELEGATED CO-COMMISSIONING,DR A M GOODWIN & PARTNERS,22774498,"12,646.83 ",,YW000026443
Department of Health,NHS North Kirklees CCG,6/30/2018,C&M-GMS QOF Achievement,PRC DELEGATED CO-COMMISSIONING,DR A M GOODWIN & PARTNERS,22774498,"36,689.32 ",,YW000026443
Department of Health,NHS North Kirklees CCG,6/30/2018,C&M-GMS QOF Aspiration,PRC DELEGATED CO-COMMISSIONING,DR A M GOODWIN & PARTNERS,22774498,"8,080.88 ",,YW000026443
Department of Health,NHS North Kirklees CCG,6/30/2018,C&M-GMS DES Extended Hours Access,PRC DELEGATED CO-COMMISSIONING,DR F KOHI & PARTNERS,22774500,"8,208.95 ",,YW000026445
Department of Health,NHS North Kirklees CCG,6/30/2018,C&M-GMS Global Sum,PRC DELEGATED CO-COMMISSIONING,DR F KOHI & PARTNERS,22774500,"124,585.28 ",,YW000026445
Department of Health,NHS North Kirklees CCG,6/30/2018,C&M-GMS PCO Other,PRC DELEGATED CO-COMMISSIONING,DR F KOHI & PARTNERS,22774500,"10,347.00 ",,YW000026445
Department of Health,NHS North Kirklees CCG,6/30/2018,C&M-GMS PCO Seniority,PRC DELEGATED CO-COMMISSIONING,DR F KOHI & PARTNERS,22774500,624.41 ,,YW000026445
Department of Health,NHS North Kirklees CCG,6/30/2018,C&M-GMS Prem Notional Rent,PRC DELEGATED CO-COMMISSIONING,DR F KOHI & PARTNERS,22774500,"8,075.00 ",,YW000026445
Department of Health,NHS North Kirklees CCG,6/30/2018,C&M-GMS QOF Achievement,PRC DELEGATED CO-COMMISSIONING,DR F KOHI & PARTNERS,22774500,"65,096.29 ",,YW000026445
Department of Health,NHS North Kirklees CCG,6/30/2018,C&M-GMS QOF Aspiration,PRC DELEGATED CO-COMMISSIONING,DR F KOHI & PARTNERS,22774500,"14,932.21 ",,YW000026445
Department of Health,NHS North Kirklees CCG,6/30/2018,C&M-GMS DES Learn Dsblty Hlth Chk,PRC DELEGATED CO-COMMISSIONING,DR CD ROBINSON & PARTNERS,22774502,"1,960.00 ",,YW000026447
Department of Health,NHS North Kirklees CCG,6/30/2018,C&M-GMS Global Sum,PRC DELEGATED CO-COMMISSIONING,DR CD ROBINSON & PARTNERS,22774502,"43,633.99 ",,YW000026447
Department of Health,NHS North Kirklees CCG,6/30/2018,C&M-GMS PCO Other,PRC DELEGATED CO-COMMISSIONING,DR CD ROBINSON & PARTNERS,22774502,"3,759.00 ",,YW000026447
Department of Health,NHS North Kirklees CCG,6/30/2018,C&M-GMS PCO Seniority,PRC DELEGATED CO-COMMISSIONING,DR CD ROBINSON & PARTNERS,22774502,"2,562.99 ",,YW000026447
Department of Health,NHS North Kirklees CCG,6/30/2018,C&M-GMS Prem Notional Rent,PRC DELEGATED CO-COMMISSIONING,DR CD ROBINSON & PARTNERS,22774502,"3,925.00 ",,YW000026447
Department of Health,NHS North Kirklees CCG,6/30/2018,C&M-GMS QOF Achievement,PRC DELEGATED CO-COMMISSIONING,DR CD ROBINSON & PARTNERS,22774502,"12,825.23 ",,YW000026447
Department of Health,NHS North Kirklees CCG,6/30/2018,C&M-GMS QOF Aspiration,PRC DELEGATED CO-COMMISSIONING,DR CD ROBINSON & PARTNERS,22774502,"4,211.17 ",,YW000026447
Department of Health,NHS North Kirklees CCG,6/30/2018,C&M-GMS DES Extended Hours Access,PRC DELEGATED CO-COMMISSIONING,DR H BHAT,22774504,"1,372.28 ",,YW000026449
Department of Health,NHS North Kirklees CCG,6/30/2018,C&M-GMS Global Sum,PRC DELEGATED CO-COMMISSIONING,DR H BHAT,22774504,"16,224.76 ",,YW000026449
Department of Health,NHS North Kirklees CCG,6/30/2018,C&M-GMS MPIG Correction Factor,PRC DELEGATED CO-COMMISSIONING,DR H BHAT,22774504,658.90 ,,YW000026449
Department of Health,NHS North Kirklees CCG,6/30/2018,C&M-GMS PCO Other,PRC DELEGATED CO-COMMISSIONING,DR H BHAT,22774504,"2,176.00 ",,YW000026449
Department of Health,NHS North Kirklees CCG,6/30/2018,C&M-GMS PCO Seniority,PRC DELEGATED CO-COMMISSIONING,DR H BHAT,22774504,"1,577.03 ",,YW000026449
Department of Health,NHS North Kirklees CCG,6/30/2018,C&M-GMS Prem Notional Rent,PRC DELEGATED CO-COMMISSIONING,DR H BHAT,22774504,"1,625.00 ",,YW000026449
Department of Health,NHS North Kirklees CCG,6/30/2018,C&M-GMS QOF Achievement,PRC DELEGATED CO-COMMISSIONING,DR H BHAT,22774504,"7,511.81 ",,YW000026449
Department of Health,NHS North Kirklees CCG,6/30/2018,C&M-GMS QOF Aspiration,PRC DELEGATED CO-COMMISSIONING,DR H BHAT,22774504,"1,981.18 ",,YW000026449
Department of Health,NHS North Kirklees CCG,6/30/2018,C&M-GMS DES Extended Hours Access,PRC DELEGATED CO-COMMISSIONING,DR SN MEDLEY & PARTNERS,22774506,"2,629.13 ",,YW000026451
Department of Health,NHS North Kirklees CCG,6/30/2018,C&M-GMS Global Sum,PRC DELEGATED CO-COMMISSIONING,DR SN MEDLEY & PARTNERS,22774506,"42,846.51 ",,YW000026451
Department of Health,NHS North Kirklees CCG,6/30/2018,C&M-GMS PCO Other,PRC DELEGATED CO-COMMISSIONING,DR SN MEDLEY & PARTNERS,22774506,"3,640.00 ",,YW000026451
Department of Health,NHS North Kirklees CCG,6/30/2018,C&M-GMS PCO Seniority,PRC DELEGATED CO-COMMISSIONING,DR SN MEDLEY & PARTNERS,22774506,992.79 ,,YW000026451
Department of Health,NHS North Kirklees CCG,6/30/2018,C&M-GMS Prem Healthcentre Rates,PRC DELEGATED CO-COMMISSIONING,DR SN MEDLEY & PARTNERS,22774506,966.42 ,,YW000026451
Department of Health,NHS North Kirklees CCG,6/30/2018,C&M-GMS Prem Healthcentre Rent,PRC DELEGATED CO-COMMISSIONING,DR SN MEDLEY & PARTNERS,22774506,"6,450.00 ",,YW000026451
Department of Health,NHS North Kirklees CCG,6/30/2018,C&M-GMS QOF Achievement,PRC DELEGATED CO-COMMISSIONING,DR SN MEDLEY & PARTNERS,22774506,"19,360.02 ",,YW000026451
Department of Health,NHS North Kirklees CCG,6/30/2018,C&M-GMS QOF Aspiration,PRC DELEGATED CO-COMMISSIONING,DR SN MEDLEY & PARTNERS,22774506,"3,931.51 ",,YW000026451
Department of Health,NHS North Kirklees CCG,6/30/2018,C&M-GMS DES Extended Hours Access,PRC DELEGATED CO-COMMISSIONING,DR SNU HASSAN & PARTNER,22774508,"2,392.10 ",,YW000026453
Department of Health,NHS North Kirklees CCG,6/30/2018,C&M-GMS Global Sum,PRC DELEGATED CO-COMMISSIONING,DR SNU HASSAN & PARTNER,22774508,"35,424.62 ",,YW000026453
Department of Health,NHS North Kirklees CCG,6/30/2018,C&M-GMS MPIG Correction Factor,PRC DELEGATED CO-COMMISSIONING,DR SNU HASSAN & PARTNER,22774508,244.86 ,,YW000026453
Department of Health,NHS North Kirklees CCG,6/30/2018,C&M-GMS PCO Other,PRC DELEGATED CO-COMMISSIONING,DR SNU HASSAN & PARTNER,22774508,"3,359.00 ",,YW000026453
Department of Health,NHS North Kirklees CCG,6/30/2018,C&M-GMS PCO Seniority,PRC DELEGATED CO-COMMISSIONING,DR SNU HASSAN & PARTNER,22774508,"1,928.67 ",,YW000026453
Department of Health,NHS North Kirklees CCG,6/30/2018,C&M-GMS Prem Healthcentre Rates,PRC DELEGATED CO-COMMISSIONING,DR SNU HASSAN & PARTNER,22774508,467.67 ,,YW000026453
Department of Health,NHS North Kirklees CCG,6/30/2018,C&M-GMS Prem Healthcentre Rent,PRC DELEGATED CO-COMMISSIONING,DR SNU HASSAN & PARTNER,22774508,"4,540.00 ",,YW000026453
Department of Health,NHS North Kirklees CCG,6/30/2018,C&M-GMS Prem Notional Rent,PRC DELEGATED CO-COMMISSIONING,DR SNU HASSAN & PARTNER,22774508,720.83 ,,YW000026453
Department of Health,NHS North Kirklees CCG,6/30/2018,C&M-GMS QOF Achievement,PRC DELEGATED CO-COMMISSIONING,DR SNU HASSAN & PARTNER,22774508,"18,107.63 ",,YW000026453
Department of Health,NHS North Kirklees CCG,6/30/2018,C&M-GMS QOF Aspiration,PRC DELEGATED CO-COMMISSIONING,DR SNU HASSAN & PARTNER,22774508,"3,488.47 ",,YW000026453
Department of Health,NHS North Kirklees CCG,6/30/2018,C&M-GMS DES Extended Hours Access,PRC DELEGATED CO-COMMISSIONING,DR S J LAWSON & PARTNERS,22774510,"4,256.00 ",,YW000026455
Department of Health,NHS North Kirklees CCG,6/30/2018,C&M-GMS Global Sum,PRC DELEGATED CO-COMMISSIONING,DR S J LAWSON & PARTNERS,22774510,"63,402.50 ",,YW000026455
Department of Health,NHS North Kirklees CCG,6/30/2018,C&M-GMS MPIG Correction Factor,PRC DELEGATED CO-COMMISSIONING,DR S J LAWSON & PARTNERS,22774510,270.30 ,,YW000026455
Department of Health,NHS North Kirklees CCG,6/30/2018,C&M-GMS PCO Seniority,PRC DELEGATED CO-COMMISSIONING,DR S J LAWSON & PARTNERS,22774510,"3,267.97 ",,YW000026455
Department of Health,NHS North Kirklees CCG,6/30/2018,C&M-GMS Prem Notional Rent,PRC DELEGATED CO-COMMISSIONING,DR S J LAWSON & PARTNERS,22774510,"4,583.33 ",,YW000026455
Department of Health,NHS North Kirklees CCG,6/30/2018,C&M-GMS QOF Achievement,PRC DELEGATED CO-COMMISSIONING,DR S J LAWSON & PARTNERS,22774510,"32,477.12 ",,YW000026455
Department of Health,NHS North Kirklees CCG,6/30/2018,C&M-GMS QOF Aspiration,PRC DELEGATED CO-COMMISSIONING,DR S J LAWSON & PARTNERS,22774510,"6,942.71 ",,YW000026455
Department of Health,NHS North Kirklees CCG,6/30/2018,C&M-GMS DES Extended Hours Access,PRC DELEGATED CO-COMMISSIONING,DR Y MAHMOOD,22774512,"1,905.23 ",,YW000026457
Department of Health,NHS North Kirklees CCG,6/30/2018,C&M-GMS Global Sum,PRC DELEGATED CO-COMMISSIONING,DR Y MAHMOOD,22774512,"23,464.89 ",,YW000026457
Department of Health,NHS North Kirklees CCG,6/30/2018,C&M-GMS MPIG Correction Factor,PRC DELEGATED CO-COMMISSIONING,DR Y MAHMOOD,22774512,612.35 ,,YW000026457
Department of Health,NHS North Kirklees CCG,6/30/2018,C&M-GMS Prem Healthcentre Rates,PRC DELEGATED CO-COMMISSIONING,DR Y MAHMOOD,22774512,623.42 ,,YW000026457
Department of Health,NHS North Kirklees CCG,6/30/2018,C&M-GMS Prem Healthcentre Rent,PRC DELEGATED CO-COMMISSIONING,DR Y MAHMOOD,22774512,"4,760.00 ",,YW000026457
Department of Health,NHS North Kirklees CCG,6/30/2018,C&M-GMS QOF Achievement,PRC DELEGATED CO-COMMISSIONING,DR Y MAHMOOD,22774512,"9,386.21 ",,YW000026457
Department of Health,NHS North Kirklees CCG,6/30/2018,C&M-GMS QOF Aspiration,PRC DELEGATED CO-COMMISSIONING,DR Y MAHMOOD,22774512,"2,158.06 ",,YW000026457
Department of Health,NHS North Kirklees CCG,6/30/2018,Cont Care-Learning Disab(<65),CHC ADULT JOINT FUNDED,KIRKLEES METROPOLITAN COUNCIL,22792480,"36,615.76 ",GB 184352457,8603980493
Department of Health,NHS North Kirklees CCG,6/30/2018,Clinical&Medical-Othe Public Sector,Mental Health Services - S117 Mental Health,KIRKLEES METROPOLITAN COUNCIL,22792498,"25,807.06 ",GB 184352457,8603980558
Department of Health,NHS North Kirklees CCG,6/30/2018,Clinical&Medical-Independent Sector,COMMISSIONING - NON ACUTE,OPCARE LTD,22792756,"41,950.00 ",607251365,OPSI006146
Department of Health,NHS North Kirklees CCG,6/30/2018,C&M-Independent Sector - CQUIN,COMMISSIONING - NON ACUTE,SPAMEDICA LTD,22792990,903.62 ,,NHSNKL028
Department of Health,NHS North Kirklees CCG,6/30/2018,Clinical&Medical-Independent Sector,COMMISSIONING - NON ACUTE,SPAMEDICA LTD,22792990,"72,289.70 ",,NHSNKL028
Department of Health,NHS North Kirklees CCG,6/30/2018,Cont Care-Learning Disab(<65),CHC ADULT JOINT FUNDED,KIRKLEES METROPOLITAN COUNCIL,22793297,"(35,871.03)",GB 184352457,3000272217
Department of Health,NHS North Kirklees CCG,6/30/2018,Cont Care-Physical Disab (65+),CHC ADULT JOINT FUNDED,KIRKLEES METROPOLITAN COUNCIL,22806347,"33,517.23 ",GB 184352457,8603489729
Department of Health,NHS North Kirklees CCG,6/30/2018,Cont Care-Learning Disab(<65),CHC ADULT JOINT FUNDED,KIRKLEES METROPOLITAN COUNCIL,22806351,"35,871.03 ",GB 184352457,8603521933
Department of Health,NHS North Kirklees CCG,6/30/2018,Hcare Srv Rec NHS Trust,ACUTE COMMISSIONING,MID YORKSHIRE HOSPITALS NHS TRUST,22822951,"8,872,500.00 ",654967780,10098021
Department of Health,NHS North Kirklees CCG,6/30/2018,Hcare Srv Rec NHS Trust-CQUIN,ACUTE COMMISSIONING,MID YORKSHIRE HOSPITALS NHS TRUST,22822951,"227,500.00 ",654967780,10098021
Department of Health,NHS North Kirklees CCG,6/30/2018,Cont Care-Physical Disab (<65),CHC ADULT JOINT FUNDED,KIRKLEES METROPOLITAN COUNCIL,22843203,"44,237.14 ",GB 184352457,8603280520
Department of Health,NHS North Kirklees CCG,6/30/2018,Cont Care-Physical Disab (<65),CHC ADULT JOINT FUNDED,KIRKLEES METROPOLITAN COUNCIL,22843526,"(44,237.14)",GB 184352457,3000268836
Department of Health,NHS North Kirklees CCG,6/30/2018,Healthcare Srv Rec CCG,NON RECURRENT PROGRAMMES,NHS WAKEFIELD CCG,22843727,"49,270.27 ",,7016400966
Department of Health,NHS North Kirklees CCG,6/30/2018,Hcare Srv Rec Fdtn Trust-CQUIN,MENTAL HEALTH CONTRACTS,SOUTH WEST YORKSHIRE PARTNERSHIP NHS FOUNDATION TRUST,22847445,"16,323.00 ",654948785,729059
Department of Health,NHS North Kirklees CCG,6/30/2018,Hlthcre-Foundation Trsts,MENTAL HEALTH CONTRACTS,SOUTH WEST YORKSHIRE PARTNERSHIP NHS FOUNDATION TRUST,22847445,"1,305,818.00 ",654948785,729059
Department of Health,NHS North Kirklees CCG,6/30/2018,Clinical&Medical-Othe Public Sector,MENTAL HEALTH SERVICES - OTHER,KIRKLEES METROPOLITAN COUNCIL,22852757,"85,592.50 ",GB 184352457,8603968512
Department of Health,NHS North Kirklees CCG,6/30/2018,Hcare Srv Rec Fdtn Trust-CQUIN,MENTAL HEALTH CONTRACTS,SOUTH WEST YORKSHIRE PARTNERSHIP NHS FOUNDATION TRUST,22852800,"16,323.00 ",654948785,729174
Department of Health,NHS North Kirklees CCG,6/30/2018,Hlthcre-Foundation Trsts,MENTAL HEALTH CONTRACTS,SOUTH WEST YORKSHIRE PARTNERSHIP NHS FOUNDATION TRUST,22852800,"1,381,206.00 ",654948785,729174
Department of Health,NHS North Kirklees CCG,6/30/2018,Hcare Srv Rec Fdtn Trust-CQUIN,MENTAL HEALTH CONTRACTS,SOUTH WEST YORKSHIRE PARTNERSHIP NHS FOUNDATION TRUST,22852809,"2,229.00 ",654948785,729183
Department of Health,NHS North Kirklees CCG,6/30/2018,Hlthcre-Foundation Trsts,MENTAL HEALTH CONTRACTS,SOUTH WEST YORKSHIRE PARTNERSHIP NHS FOUNDATION TRUST,22852809,"159,435.00 ",654948785,729183
,,,,,,,,,
