"Expenditure Over �25,000",,,,,,," 6,147,615.65 ",,
Department family,Entity,Date,Expense Type,Expense area,Supplier,Transaction number,AP Amount (�),VAT registration number,Purchase invoice number
Department of Health,NHS North Kirklees CCG,10/31/2018,Prescribing,PRESCRIBING,AMCARE LTD,24276904,"44,152.36 ",763769971,OPI228391
Department of Health,NHS North Kirklees CCG,10/31/2018,Clinical&Medical-Independent Sector,COMMISSIONING - NON ACUTE,BMI HEALTHCARE COLLECTIONS,24088568,"56,936.50 ",,0000097288
Department of Health,NHS North Kirklees CCG,10/31/2018,Clinical&Medical-Independent Sector,COMMISSIONING - NON ACUTE,BMI HEALTHCARE LTD,24152357,"(34,005.25)",GB235134980,0000098385
Department of Health,NHS North Kirklees CCG,10/31/2018,Hlthcre-Foundation Trsts,ACUTE COMMISSIONING,BRADFORD TEACHING HOSPITALS NHS FOUNDATION TRUST,24320609,"210,506.00 ",654913617,307258
Department of Health,NHS North Kirklees CCG,10/31/2018,Clinical&Medical-Serv Recd-F Trsts,IM&T,CALDERDALE & HUDDERSFIELD NHS FOUNDATION TRUST,24103051,"10,989.67 ",654405836,4710124855
Department of Health,NHS North Kirklees CCG,10/31/2018,Clinical&Medical-Serv Recd-F Trsts,PRIMARY CARE IT,CALDERDALE & HUDDERSFIELD NHS FOUNDATION TRUST,24103051,"26,785.17 ",654405836,4710124855
Department of Health,NHS North Kirklees CCG,10/31/2018,Hcare Srv Rec Fdtn Trust-CQUIN,ACUTE COMMISSIONING,CALDERDALE & HUDDERSFIELD NHS FOUNDATION TRUST,24346843,"11,429.00 ",654405836,4710126385
Department of Health,NHS North Kirklees CCG,10/31/2018,Hlthcre-Foundation Trsts,ACUTE COMMISSIONING,CALDERDALE & HUDDERSFIELD NHS FOUNDATION TRUST,24346843,"530,338.33 ",654405836,4710126385
Department of Health,NHS North Kirklees CCG,10/31/2018,Clinical&Medical-Serv Recd-F Trsts,IM&T,CALDERDALE & HUDDERSFIELD NHS FOUNDATION TRUST,24461325,"10,989.67 ",654405836,4710126425
Department of Health,NHS North Kirklees CCG,10/31/2018,Clinical&Medical-Serv Recd-F Trsts,PRIMARY CARE IT,CALDERDALE & HUDDERSFIELD NHS FOUNDATION TRUST,24461325,"26,785.17 ",654405836,4710126425
Department of Health,NHS North Kirklees CCG,10/31/2018,Clinical&Medical-Clinical Other,GP FORWARD VIEW,CURO HEALTH LTD,24320542,"52,166.00 ",,EASEPT18
Department of Health,NHS North Kirklees CCG,10/31/2018,Clinical&Medical-Clinical Other,GP FORWARD VIEW,CURO HEALTH LTD,24461304,"52,166.00 ",,EAOCT18
Department of Health,NHS North Kirklees CCG,10/31/2018,C&M-GMS LES GP Comm Incentive Sch,COMMISSIONING SCHEMES,CURO HEALTH LTD,24461308,"166,970.80 ",,QAS161804
Department of Health,NHS North Kirklees CCG,10/31/2018,Clinical&Medical-Voluntary Sector,Learning Difficulties - S117,ELYSIUM HEALTHCARE LTD,24152022,"28,643.69 ",GB257732580,HLH00274
Department of Health,NHS North Kirklees CCG,10/31/2018,Cont Care-Funded Nursing Care Allow,FUNDED NURSING CARE,KIRKLEES METROPOLITAN COUNCIL,24181989,"40,435.70 ",GB 184352457,8603966970
Department of Health,NHS North Kirklees CCG,10/31/2018,Cont Care-Funded Nursing Care Allow,FUNDED NURSING CARE,KIRKLEES METROPOLITAN COUNCIL,24191367,"69,131.99 ",GB 184352457,8604096849
Department of Health,NHS North Kirklees CCG,10/31/2018,Cont Care-Mental Health (<65),MENTAL HEALTH SERVICES - OTHER,KIRKLEES METROPOLITAN COUNCIL,24346796,"54,638.50 ",GB 184352457,8603968509
Department of Health,NHS North Kirklees CCG,10/31/2018,Clinical&Medical-Othe Public Sector,CARERS,KIRKLEES METROPOLITAN COUNCIL,24401069,"10,516.00 ",GB 184352457,8604286374
Department of Health,NHS North Kirklees CCG,10/31/2018,Clinical&Medical-Othe Public Sector,COMMUNITY SERVICES,KIRKLEES METROPOLITAN COUNCIL,24401069,"97,650.00 ",GB 184352457,8604286374
Department of Health,NHS North Kirklees CCG,10/31/2018,Clinical&Medical-Othe Public Sector,INTERMEDIATE CARE,KIRKLEES METROPOLITAN COUNCIL,24401069,"44,736.00 ",GB 184352457,8604286374
Department of Health,NHS North Kirklees CCG,10/31/2018,Clinical&Medical-Othe Public Sector,REABLEMENT,KIRKLEES METROPOLITAN COUNCIL,24401069,"496,098.00 ",GB 184352457,8604286374
Department of Health,NHS North Kirklees CCG,10/31/2018,Clinical&Medical-Voluntary Sector,Mental Health Services - S117 Mental Health,KIRKLEES METROPOLITAN COUNCIL,24526264,"33,046.57 ",GB 184352457,8604299662
Department of Health,NHS North Kirklees CCG,10/31/2018,Clinical&Medical-Othe Public Sector,COMMUNITY SERVICES,KIRKLEES METROPOLITAN COUNCIL,24526279,"46,250.00 ",GB 184352457,8604303053
Department of Health,NHS North Kirklees CCG,10/31/2018,Hcare Srv Rec NHS Trust,ACUTE COMMISSIONING,LEEDS TEACHING HOSPITALS NHS TRUST,24346840,"766,594.00 ",654944112,1410106477
Department of Health,NHS North Kirklees CCG,10/31/2018,Hcare Srv Rec NHS Trust-CQUIN,ACUTE COMMISSIONING,LEEDS TEACHING HOSPITALS NHS TRUST,24346840,"17,475.00 ",654944112,1410106477
Department of Health,NHS North Kirklees CCG,10/31/2018,Clinical&Medical-Not For Profit,COMMUNITY SERVICES,LOCALA COMMUNITY PARTNERSHIPS C.I.C,24320660,"55,000.00 ",,A0007689
Department of Health,NHS North Kirklees CCG,10/31/2018,Clinical&Medical-Not For Profit,COMMUNITY SERVICES,LOCALA COMMUNITY PARTNERSHIPS C.I.C,24526182,"55,000.00 ",,A0007555
Department of Health,NHS North Kirklees CCG,10/31/2018,Clinical&Medical-Not For Profit,COMMUNITY SERVICES,LOCALA COMMUNITY PARTNERSHIPS C.I.C,24526274,"1,149,300.33 ",,A0007743
Department of Health,NHS North Kirklees CCG,10/31/2018,Hcare Srv Rec NHS Trust,PLANNED CARE,MID YORKSHIRE HOSPITALS NHS TRUST,24500592,"34,837.00 ",654967780,10099200
Department of Health,NHS North Kirklees CCG,10/31/2018,Hcare Srv Rec NHS Trust,COMMUNITY SERVICES,MID YORKSHIRE HOSPITALS NHS TRUST,24526246,"40,645.72 ",654967780,1600003731
Department of Health,NHS North Kirklees CCG,10/31/2018,Hcare Srv Rec NHS Trust,COMMUNITY SERVICES,MID YORKSHIRE HOSPITALS NHS TRUST,24535794,"81,291.44 ",654967780,1600003504
Department of Health,NHS North Kirklees CCG,10/31/2018,Clinical&Medical-Serv Recd-CCGs,PROCUREMENT,NHS GREATER HUDDERSFIELD CCG,24143588,"26,000.00 ",654459608,7015101413
Department of Health,NHS North Kirklees CCG,10/31/2018,Clinical&Medical-Serv Recd-CCGs,MENTAL HEALTH CONTRACTS,NHS GREATER HUDDERSFIELD CCG,24461089,"32,480.00 ",654459608,7015101424
Department of Health,NHS North Kirklees CCG,10/31/2018,Seconded-Basic Sal-Staff fm oth org,CEO/ BOARD OFFICE,NHS GREATER HUDDERSFIELD CCG,24526267,"24,441.99 ",654459608,7015101431
Department of Health,NHS North Kirklees CCG,10/31/2018,Seconded-Employer's NHI Costs,CEO/ BOARD OFFICE,NHS GREATER HUDDERSFIELD CCG,24526267,"3,117.23 ",654459608,7015101431
Department of Health,NHS North Kirklees CCG,10/31/2018,Seconded-Employer's Pension Costs,CEO/ BOARD OFFICE,NHS GREATER HUDDERSFIELD CCG,24526267,"3,514.76 ",654459608,7015101431
Department of Health,NHS North Kirklees CCG,10/31/2018,Oth Travel Costs-Car Mileage,CEO/ BOARD OFFICE,NHS GREATER HUDDERSFIELD CCG,24526269,254.85 ,654459608,7015101432
Department of Health,NHS North Kirklees CCG,10/31/2018,Seconded-Basic Sal-Staff fm oth org,CEO/ BOARD OFFICE,NHS GREATER HUDDERSFIELD CCG,24526269,"26,946.93 ",654459608,7015101432
Department of Health,NHS North Kirklees CCG,10/31/2018,Seconded-Employer's NHI Costs,CEO/ BOARD OFFICE,NHS GREATER HUDDERSFIELD CCG,24526269,"3,466.35 ",654459608,7015101432
Department of Health,NHS North Kirklees CCG,10/31/2018,Seconded-Employer's Pension Costs,CEO/ BOARD OFFICE,NHS GREATER HUDDERSFIELD CCG,24526269,"3,950.73 ",654459608,7015101432
Department of Health,NHS North Kirklees CCG,10/31/2018,Seconded-Basic Sal-Staff fm oth org,CORPORATE GOVERNANCE,NHS GREATER HUDDERSFIELD CCG,24535875,"50,330.48 ",654459608,7015101450
Department of Health,NHS North Kirklees CCG,10/31/2018,Seconded-Employer's NHI Costs,CORPORATE GOVERNANCE,NHS GREATER HUDDERSFIELD CCG,24535875,"4,678.72 ",654459608,7015101450
Department of Health,NHS North Kirklees CCG,10/31/2018,Seconded-Employer's Pension Costs,CORPORATE GOVERNANCE,NHS GREATER HUDDERSFIELD CCG,24535875,"7,293.04 ",654459608,7015101450
Department of Health,NHS North Kirklees CCG,10/31/2018,Clinical&Medical-Independent Sector,COMMISSIONING - NON ACUTE,OPCARE LTD,24269303,"41,950.00 ",607251365,OPSI006603
Department of Health,NHS North Kirklees CCG,10/31/2018,Cont Care-Funded Nursing Care Allow,FUNDED NURSING CARE,ROCHE HEALTHCARE LTD,24327604,"25,016.41 ",,QA00000184A
Department of Health,NHS North Kirklees CCG,10/31/2018,Clinical&Medical-Independent Sector,NCAS/OATS,SPAMEDICA LTD,24401199,"80,179.17 ",,NHSNKL032
Department of Health,NHS North Kirklees CCG,10/31/2018,Clinical&Medical-Independent Sector,COMMISSIONING - NON ACUTE,SPIRE HEALTHCARE LTD,24152321,"355,035.00 ",915970991,03JELDPF181907
Department of Health,NHS North Kirklees CCG,10/31/2018,Clinical&Medical-Voluntary Sector,LEARNING DIFFICULTIES,ST MARYS HOSPITALS LTD,24119349,"43,090.00 ",,SM00001767
Department of Health,NHS North Kirklees CCG,10/31/2018,Cont Care-Learning Disab(<65),CHC ADULT FULLY FUNDED,VALEO LTD,24170204,"47,525.20 ",,SIMI117973
Department of Health,NHS North Kirklees CCG,10/31/2018,Hcare Srv Rec NHS Trust,PATIENT TRANSPORT,YORKSHIRE AMBULANCE SERVICE NHS TRUST,24320581,"99,646.38 ",,2810024132
Department of Health,NHS North Kirklees CCG,10/31/2018,Hcare Srv Rec NHS Trust,AMBULANCE SERVICES,YORKSHIRE AMBULANCE SERVICE NHS TRUST,24320584,"586,817.00 ",,2810024060
Department of Health,NHS North Kirklees CCG,10/31/2018,Hcare Srv Rec NHS Trust,NHS 111,YORKSHIRE AMBULANCE SERVICE NHS TRUST,24320590,"41,263.00 ",,2810024096
Department of Health,NHS North Kirklees CCG,10/31/2018,Hcare Srv Rec NHS Trust,URGENT CARE,YORKSHIRE AMBULANCE SERVICE NHS TRUST,24320593,"91,565.64 ",,2810024120
Department of Health,NHS North Kirklees CCG,10/31/2018,Hcare Srv Rec NHS Trust,NHS 111,YORKSHIRE AMBULANCE SERVICE NHS TRUST,24535906,"41,263.00 ",,2810024335
Department of Health,NHS North Kirklees CCG,10/31/2018,Hcare Srv Rec NHS Trust,URGENT CARE,YORKSHIRE AMBULANCE SERVICE NHS TRUST,24535909,"91,565.64 ",,2810024359
Department of Health,NHS North Kirklees CCG,10/31/2018,Hcare Srv Rec NHS Trust,PATIENT TRANSPORT,YORKSHIRE AMBULANCE SERVICE NHS TRUST,24535912,"99,646.38 ",,2810024371
Department of Health,NHS North Kirklees CCG,10/31/2018,Clinical&Medical-Independent Sector,COMMISSIONING - NON ACUTE,YORKSHIRE CLINIC,24250004,"29,078.39 ",426505170,NK7201819
,,,,,,,,,
,,,,,,,,,
,,,,,,,,,
,,,,,,,,,
,,,,,,,,,
,,,,,,,,,
,,,,,,,,,
