Northumberland CCG Transparency Report ,,,,,,,
Department family,Entity,Date,Expense Type,Expense area,Supplier,Transaction number,AP Amount �
Department of Health,NHS Northumberland CCG,10/31/2018,Hcare Srv Rec Fdtn Trust-Contract Baseline,ACUTE COMMISSIONING,CITY HOSPITALS SUNDERLAND FOUNDATION NHS TRUST,24327258,68000.00
Department of Health,NHS Northumberland CCG,10/31/2018,Hcare Srv Rec Fdtn Trust-Contract Baseline,ACUTE COMMISSIONING,CITY HOSPITALS SUNDERLAND FOUNDATION NHS TRUST,24442723,26446.00
Department of Health,NHS Northumberland CCG,10/31/2018,Hcare Srv Rec Fdtn Trust-Contract Baseline,ACUTE COMMISSIONING,GATESHEAD HEALTH NHS FOUNDATION TRUST,24258723,118750.00
Department of Health,NHS Northumberland CCG,10/31/2018,Hcare Srv Rec Fdtn Trust-Contract Baseline,ACUTE COMMISSIONING,GATESHEAD HEALTH NHS FOUNDATION TRUST,24382523,118750.00
Department of Health,NHS Northumberland CCG,10/31/2018,Hcare Srv Rec Fdtn Trust-Contract Baseline,ACUTE COMMISSIONING,NEWCASTLE UPON TYNE HOSPITALS NHS FOUNDATION TRUST,24202602,5376898.83
Department of Health,NHS Northumberland CCG,10/31/2018,Hcare Srv Rec Fdtn Trust-Contract Baseline,ACUTE COMMISSIONING,NORTHUMBRIA HEALTHCARE NHS FOUNDATION TRUST,24158996,14218000.00
Department of Health,NHS Northumberland CCG,10/31/2018,Hcare Srv Rec Fdtn Trust-Contract Baseline,AMBULANCE SERVICES,NORTH EAST AMBULANCE SERVICES NHS TRUST,24258434,1213624.00
Department of Health,NHS Northumberland CCG,10/31/2018,Hcare Srv Rec Fdtn Trust-Contract Baseline,COMMUNITY SERVICES,NORTHUMBRIA HEALTHCARE NHS FOUNDATION TRUST,24158995,2377784.58
Department of Health,NHS Northumberland CCG,10/31/2018,Hcare Srv Rec Fdtn Trust-Contract Baseline,MENTAL HEALTH CONTRACTS,NORTHUMBERLAND TYNE AND WEAR NHS FOUNDATION TRUST,24087457,6580028.00
Department of Health,NHS Northumberland CCG,10/31/2018,Hcare Srv Rec Fdtn Trust-Contract Baseline,MENTAL HEALTH CONTRACTS,NORTHUMBERLAND TYNE AND WEAR NHS FOUNDATION TRUST,24087458,28043.00
Department of Health,NHS Northumberland CCG,10/31/2018,Hcare Srv Rec Fdtn Trust-Contract Baseline,MENTAL HEALTH CONTRACTS,NORTHUMBERLAND TYNE AND WEAR NHS FOUNDATION TRUST,24442725,28043.00
Department of Health,NHS Northumberland CCG,10/31/2018,Hcare Srv Rec Fdtn Trust-Contract Baseline,MENTAL HEALTH CONTRACTS,NORTHUMBERLAND TYNE AND WEAR NHS FOUNDATION TRUST,24442726,3255366.00
Department of Health,NHS Northumberland CCG,10/31/2018,Hcare Srv Rec Fdtn Trust-Contract Baseline,NHS 111,NORTH EAST AMBULANCE SERVICES NHS TRUST,24172012,80834.00
Department of Health,NHS Northumberland CCG,10/31/2018,Hcare Srv Rec Fdtn Trust-Contract Baseline,NHS 111,NORTH EAST AMBULANCE SERVICES NHS TRUST,24263725,80834.00
Department of Health,NHS Northumberland CCG,10/31/2018,Clinical&Medical-Independent Sector,ACUTE COMMISSIONING,RAMSAY HEALTH CARE LTD,24107811,36892.00
Department of Health,NHS Northumberland CCG,10/31/2018,Clinical&Medical-Independent Sector,ACUTE COMMISSIONING,RAMSAY HEALTH CARE LTD,24466412,36892.00
Department of Health,NHS Northumberland CCG,10/31/2018,Clinical&Medical-Independent Sector,OUT OF HOURS,NORTHERN DOCTORS URGENT CARE,24166004,175000.00
Department of Health,NHS Northumberland CCG,10/31/2018,Clinical&Medical-Independent Sector,OUT OF HOURS,NORTHERN DOCTORS URGENT CARE,24464510,175000.00
Department of Health,NHS Northumberland CCG,10/31/2018,Clinical&Medical-Independent Sector,GP FORWARD VIEW,ALNWICK MEDICAL GROUP,24308735,60582.00
Department of Health,NHS Northumberland CCG,10/31/2018,Clinical&Medical-Independent Sector,GP FORWARD VIEW,GUIDEPOST MEDICAL GROUP,24382525,47874.00
Department of Health,NHS Northumberland CCG,10/31/2018,Clinical&Medical-Independent Sector,GP FORWARD VIEW,LINTONVILLE MEDICAL GROUP,24284896,47245.00
Department of Health,NHS Northumberland CCG,10/31/2018,Clinical&Medical-Independent Sector,GP FORWARD VIEW,WELL CLOSE MEDICAL GROUP,24428079,52666.68
Department of Health,NHS Northumberland CCG,10/31/2018,Hcare Srv Rec Fdtn Trust-Non Contract,COMMUNITY SERVICES,NORTHUMBRIA HEALTHCARE NHS FOUNDATION TRUST,24399198,129942.75
Department of Health,NHS Northumberland CCG,10/31/2018,Hcare Srv Rec Fdtn Trust-Non Contract,COMMUNITY SERVICES,NORTHUMBRIA HEALTHCARE NHS FOUNDATION TRUST,24399201,129942.75
Department of Health,NHS Northumberland CCG,10/31/2018,Hcare Srv Rec Fdtn Trust-Non Contract,CONTINUING HEALTHCARE ASSESSMENT & SUPPORT,NORTHUMBRIA HEALTHCARE NHS FOUNDATION TRUST,24167611,28886.00
Department of Health,NHS Northumberland CCG,10/31/2018,Hcare Srv Rec Fdtn Trust-Non Contract,LONG TERM CONDITIONS,NORTHUMBRIA HEALTHCARE NHS FOUNDATION TRUST,24469153,61205.93
Department of Health,NHS Northumberland CCG,10/31/2018,Hcare Srv Rec Fdtn Trust-Non Contract,PLANNED CARE,NORTHUMBRIA HEALTHCARE NHS FOUNDATION TRUST,24535753,55823.34
Department of Health,NHS Northumberland CCG,10/31/2018,Hcare Srv Rec Fdtn Trust-Non Contract,PLANNED CARE,NORTHUMBRIA HEALTHCARE NHS FOUNDATION TRUST,24535758,28474.00
Department of Health,NHS Northumberland CCG,10/31/2018,Hcare Srv Rec Fdtn Trust-Non Contract,PLANNED CARE,NORTHUMBRIA HEALTHCARE NHS FOUNDATION TRUST,24535777,-84297.34
Department of Health,NHS Northumberland CCG,10/31/2018,Cont Care- Adult 100% Fully Funded,CHC ADULT FULLY FUNDED,NORTHUMBERLAND COUNTY COUNCIL,24172412,2883112.70
Department of Health,NHS Northumberland CCG,10/31/2018,Clinical&Medical-Othe Public Sector,ACUTE COMMISSIONING,NORTHUMBERLAND COUNTY COUNCIL,24356886,365649.50
Department of Health,NHS Northumberland CCG,10/31/2018,Clinical&Medical-Othe Public Sector,COMMUNITY SERVICES,NORTHUMBERLAND COUNTY COUNCIL,24327128,116087.21
Department of Health,NHS Northumberland CCG,10/31/2018,Clinical&Medical-Othe Public Sector,COMMUNITY SERVICES,NORTHUMBERLAND COUNTY COUNCIL,24382520,116087.21
Department of Health,NHS Northumberland CCG,10/31/2018,Clinical&Medical-Othe Public Sector,MENTAL HEALTH SERVICES - COLLABORATIVE COMMISSIONING,NORTHUMBERLAND COUNTY COUNCIL,24286172,612591.59
Department of Health,NHS Northumberland CCG,10/31/2018,Clinical&Medical-Othe Public Sector,MENTAL HEALTH SERVICES - ADULTS,NORTHUMBERLAND COUNTY COUNCIL,24172416,236627.58
Department of Health,NHS Northumberland CCG,10/31/2018,Clinical&Medical-Othe Public Sector,COMMISSIONING RESERVE,NORTHUMBERLAND COUNTY COUNCIL,24356886,601750.00
Department of Health,NHS Northumberland CCG,10/31/2018,C&M-GMS/PMS,LOCAL ENHANCED SERVICES,BEDLINGTONSHIRE MEDICAL GROUP,24213960,1843.19
Department of Health,NHS Northumberland CCG,10/31/2018,C&M-GMS/PMS,LOCAL ENHANCED SERVICES,BELFORD MEDICAL PRACTICE,24213962,866.44
Department of Health,NHS Northumberland CCG,10/31/2018,C&M-GMS/PMS,LOCAL ENHANCED SERVICES,BELFORD MEDICAL PRACTICE,24351471,46045.01
Department of Health,NHS Northumberland CCG,10/31/2018,C&M-GMS/PMS,LOCAL ENHANCED SERVICES,BELLINGHAM MEDICAL GROUP,24213964,639.26
Department of Health,NHS Northumberland CCG,10/31/2018,C&M-GMS/PMS,LOCAL ENHANCED SERVICES,BONDGATE SURGERY,24238040,2923.96
Department of Health,NHS Northumberland CCG,10/31/2018,C&M-GMS/PMS,LOCAL ENHANCED SERVICES,BONDGATE SURGERY,24351474,54268.22
Department of Health,NHS Northumberland CCG,10/31/2018,C&M-GMS/PMS,LOCAL ENHANCED SERVICES,BRANCH END SURGERY,24213967,780.26
Department of Health,NHS Northumberland CCG,10/31/2018,C&M-GMS/PMS,LOCAL ENHANCED SERVICES,BRANCH END SURGERY,24351476,26594.98
Department of Health,NHS Northumberland CCG,10/31/2018,C&M-GMS/PMS,LOCAL ENHANCED SERVICES,BROCKWELL MEDICAL GROUP,24213971,2431.05
Department of Health,NHS Northumberland CCG,10/31/2018,C&M-GMS/PMS,LOCAL ENHANCED SERVICES,BURN BRAE MEDICAL GROUP,24213969,1498.66
Department of Health,NHS Northumberland CCG,10/31/2018,C&M-GMS/PMS,LOCAL ENHANCED SERVICES,COLLINGWOOD PRACTICE,24213977,731.56
Department of Health,NHS Northumberland CCG,10/31/2018,C&M-GMS/PMS,LOCAL ENHANCED SERVICES,COQUET MEDICAL GROUP,24213973,2008.24
Department of Health,NHS Northumberland CCG,10/31/2018,C&M-GMS/PMS,LOCAL ENHANCED SERVICES,CORBRIDGE HEALTH CENTRE,24213975,1204.30
Department of Health,NHS Northumberland CCG,10/31/2018,C&M-GMS/PMS,LOCAL ENHANCED SERVICES,CORBRIDGE HEALTH CENTRE,24351480,-27243.08
Department of Health,NHS Northumberland CCG,10/31/2018,C&M-GMS/PMS,LOCAL ENHANCED SERVICES,CORBRIDGE HEALTH CENTRE,24351481,52534.26
Department of Health,NHS Northumberland CCG,10/31/2018,C&M-GMS/PMS,LOCAL ENHANCED SERVICES,CRAMLINGTON MEDICAL GROUP DR LEITH,24216035,758.08
Department of Health,NHS Northumberland CCG,10/31/2018,C&M-GMS/PMS,LOCAL ENHANCED SERVICES,DRS JAMIESON & MILLER,24213979,387.63
Department of Health,NHS Northumberland CCG,10/31/2018,C&M-GMS/PMS,LOCAL ENHANCED SERVICES,DRS JAMIESON & MILLER,24351484,22661.72
Department of Health,NHS Northumberland CCG,10/31/2018,C&M-GMS/PMS,LOCAL ENHANCED SERVICES,FORUM FAMILY PRACTICE DR NAYLOR,24215983,938.35
Department of Health,NHS Northumberland CCG,10/31/2018,C&M-GMS/PMS,LOCAL ENHANCED SERVICES,GABLES HEALTH CENTRE,24215985,1039.09
Department of Health,NHS Northumberland CCG,10/31/2018,C&M-GMS/PMS,LOCAL ENHANCED SERVICES,GAS HOUSE LANE SURGERY,24213981,866.75
Department of Health,NHS Northumberland CCG,10/31/2018,C&M-GMS/PMS,LOCAL ENHANCED SERVICES,GAS HOUSE LANE SURGERY,24351486,26998.03
Department of Health,NHS Northumberland CCG,10/31/2018,C&M-GMS/PMS,LOCAL ENHANCED SERVICES,GREYSTOKE,24215988,1508.11
Department of Health,NHS Northumberland CCG,10/31/2018,C&M-GMS/PMS,LOCAL ENHANCED SERVICES,GUIDEPOST MEDICAL GROUP,24215987,1422.19
Department of Health,NHS Northumberland CCG,10/31/2018,C&M-GMS/PMS,LOCAL ENHANCED SERVICES,HALTWHISTLE MEDICAL GROUP,24216033,975.16
Department of Health,NHS Northumberland CCG,10/31/2018,C&M-GMS/PMS,LOCAL ENHANCED SERVICES,HAYDON BRIDGE SURGERY,24215990,19965.22
Department of Health,NHS Northumberland CCG,10/31/2018,C&M-GMS/PMS,LOCAL ENHANCED SERVICES,HAYDON BRIDGE SURGERY,24351493,16881.26
Department of Health,NHS Northumberland CCG,10/31/2018,C&M-GMS/PMS,LOCAL ENHANCED SERVICES,HUMSHAUGH SURGERY,24215994,601.25
Department of Health,NHS Northumberland CCG,10/31/2018,C&M-GMS/PMS,LOCAL ENHANCED SERVICES,HUMSHAUGH SURGERY,24351494,-34652.70
Department of Health,NHS Northumberland CCG,10/31/2018,C&M-GMS/PMS,LOCAL ENHANCED SERVICES,HUMSHAUGH SURGERY,24351495,67760.51
Department of Health,NHS Northumberland CCG,10/31/2018,C&M-GMS/PMS,LOCAL ENHANCED SERVICES,KNAPTON ROBERTS MILLER & DONALDSON,24215998,938.13
Department of Health,NHS Northumberland CCG,10/31/2018,C&M-GMS/PMS,LOCAL ENHANCED SERVICES,KNAPTON ROBERTS MILLER & DONALDSON,24351498,27537.32
Department of Health,NHS Northumberland CCG,10/31/2018,C&M-GMS/PMS,LOCAL ENHANCED SERVICES,LINTONVILLE MEDICAL GROUP,24216000,2222.51
Department of Health,NHS Northumberland CCG,10/31/2018,C&M-GMS/PMS,LOCAL ENHANCED SERVICES,MARINE MEDICAL GROUP,24216002,1759.78
Department of Health,NHS Northumberland CCG,10/31/2018,C&M-GMS/PMS,LOCAL ENHANCED SERVICES,MCDAID,24216004,576.98
Department of Health,NHS Northumberland CCG,10/31/2018,C&M-GMS/PMS,LOCAL ENHANCED SERVICES,MIDDLE FARM SURGERY,24351522,30455.07
Department of Health,NHS Northumberland CCG,10/31/2018,C&M-GMS/PMS,LOCAL ENHANCED SERVICES,PONTELAND MEDICAL GROUP,24216006,1480.91
Department of Health,NHS Northumberland CCG,10/31/2018,C&M-GMS/PMS,LOCAL ENHANCED SERVICES,PONTELAND MEDICAL GROUP,24351503,56180.21
Department of Health,NHS Northumberland CCG,10/31/2018,C&M-GMS/PMS,LOCAL ENHANCED SERVICES,PRUDHOE MEDICAL GROUP,24216008,937.49
Department of Health,NHS Northumberland CCG,10/31/2018,C&M-GMS/PMS,LOCAL ENHANCED SERVICES,RAILWAY MEDICAL GROUP,24216037,3675.30
Department of Health,NHS Northumberland CCG,10/31/2018,C&M-GMS/PMS,LOCAL ENHANCED SERVICES,ROTHBURY PRACTICE,24218286,1095.76
Department of Health,NHS Northumberland CCG,10/31/2018,C&M-GMS/PMS,LOCAL ENHANCED SERVICES,SCOTS GAP,24351506,35040.18
Department of Health,NHS Northumberland CCG,10/31/2018,C&M-GMS/PMS,LOCAL ENHANCED SERVICES,SEATON PARK MEDICAL GROUP,24216012,2993.55
Department of Health,NHS Northumberland CCG,10/31/2018,C&M-GMS/PMS,LOCAL ENHANCED SERVICES,SEGHILL,24216014,925.11
Department of Health,NHS Northumberland CCG,10/31/2018,C&M-GMS/PMS,LOCAL ENHANCED SERVICES,SELE MEDICAL PRACTICE,24216016,979.59
Department of Health,NHS Northumberland CCG,10/31/2018,C&M-GMS/PMS,LOCAL ENHANCED SERVICES,UNION BRAE,24216018,1140.75
Department of Health,NHS Northumberland CCG,10/31/2018,C&M-GMS/PMS,LOCAL ENHANCED SERVICES,UNION BRAE,24351511,35987.48
Department of Health,NHS Northumberland CCG,10/31/2018,C&M-GMS/PMS,LOCAL ENHANCED SERVICES,VILLAGE SURGERY CRAMLINGTON,24216020,1454.77
Department of Health,NHS Northumberland CCG,10/31/2018,C&M-GMS/PMS,LOCAL ENHANCED SERVICES,WELLCLOSE SURGERY,24216027,1458.14
Department of Health,NHS Northumberland CCG,10/31/2018,C&M-GMS/PMS,LOCAL ENHANCED SERVICES,WELLWAY MEDICAL GROUP,24216022,3183.54
Department of Health,NHS Northumberland CCG,10/31/2018,C&M-GMS/PMS,LOCAL ENHANCED SERVICES,WHITE MEDICAL GROUP,24216024,1144.51
Department of Health,NHS Northumberland CCG,10/31/2018,C&M-GMS/PMS,LOCAL ENHANCED SERVICES,WHITE MEDICAL GROUP,24351515,35534.52
Department of Health,NHS Northumberland CCG,10/31/2018,C&M-GMS/PMS,LOCAL ENHANCED SERVICES,WIDDRINGTON,24238042,446.85
Department of Health,NHS Northumberland CCG,10/31/2018,C&M-GMS/PMS,LOCAL ENHANCED SERVICES,WOOLER DR LAMBOURN,24216029,455.20
Department of Health,NHS Northumberland CCG,10/31/2018,C&M-GMS/PMS,LOCAL ENHANCED SERVICES,WOOLER DR LAMBOURN,24351520,32692.23
Department of Health,NHS Northumberland CCG,10/31/2018,C&M-GMS/PMS,PRC DELEGATED CO-COMMISSIONING,BEDLINGTONSHIRE MEDICAL GROUP,24213960,101145.89
Department of Health,NHS Northumberland CCG,10/31/2018,C&M-GMS/PMS,PRC DELEGATED CO-COMMISSIONING,BELFORD MEDICAL PRACTICE,24213962,51451.94
Department of Health,NHS Northumberland CCG,10/31/2018,C&M-GMS/PMS,PRC DELEGATED CO-COMMISSIONING,BELFORD MEDICAL PRACTICE,24351471,12131.04
Department of Health,NHS Northumberland CCG,10/31/2018,C&M-GMS/PMS,PRC DELEGATED CO-COMMISSIONING,BELLINGHAM MEDICAL GROUP,24213964,41428.70
Department of Health,NHS Northumberland CCG,10/31/2018,C&M-GMS/PMS,PRC DELEGATED CO-COMMISSIONING,BONDGATE SURGERY,24238040,208672.07
Department of Health,NHS Northumberland CCG,10/31/2018,C&M-GMS/PMS,PRC DELEGATED CO-COMMISSIONING,BONDGATE SURGERY,24351474,26388.65
Department of Health,NHS Northumberland CCG,10/31/2018,C&M-GMS/PMS,PRC DELEGATED CO-COMMISSIONING,BRANCH END SURGERY,24213967,46144.03
Department of Health,NHS Northumberland CCG,10/31/2018,C&M-GMS/PMS,PRC DELEGATED CO-COMMISSIONING,BRANCH END SURGERY,24351476,8876.94
Department of Health,NHS Northumberland CCG,10/31/2018,C&M-GMS/PMS,PRC DELEGATED CO-COMMISSIONING,BROCKWELL MEDICAL GROUP,24213971,151302.80
Department of Health,NHS Northumberland CCG,10/31/2018,C&M-GMS/PMS,PRC DELEGATED CO-COMMISSIONING,BURN BRAE MEDICAL GROUP,24213969,95890.91
Department of Health,NHS Northumberland CCG,10/31/2018,C&M-GMS/PMS,PRC DELEGATED CO-COMMISSIONING,COLLINGWOOD PRACTICE,24213977,91666.39
Department of Health,NHS Northumberland CCG,10/31/2018,C&M-GMS/PMS,PRC DELEGATED CO-COMMISSIONING,COQUET MEDICAL GROUP,24213973,119453.26
Department of Health,NHS Northumberland CCG,10/31/2018,C&M-GMS/PMS,PRC DELEGATED CO-COMMISSIONING,CORBRIDGE HEALTH CENTRE,24213975,88190.91
Department of Health,NHS Northumberland CCG,10/31/2018,C&M-GMS/PMS,PRC DELEGATED CO-COMMISSIONING,CORBRIDGE HEALTH CENTRE,24351480,-2059.20
Department of Health,NHS Northumberland CCG,10/31/2018,C&M-GMS/PMS,PRC DELEGATED CO-COMMISSIONING,CORBRIDGE HEALTH CENTRE,24351481,16064.74
Department of Health,NHS Northumberland CCG,10/31/2018,C&M-GMS/PMS,PRC DELEGATED CO-COMMISSIONING,CRAMLINGTON MEDICAL GROUP DR LEITH,24216035,58269.75
Department of Health,NHS Northumberland CCG,10/31/2018,C&M-GMS/PMS,PRC DELEGATED CO-COMMISSIONING,DRS JAMIESON & MILLER,24213979,49448.14
Department of Health,NHS Northumberland CCG,10/31/2018,C&M-GMS/PMS,PRC DELEGATED CO-COMMISSIONING,DRS JAMIESON & MILLER,24351484,7044.31
Department of Health,NHS Northumberland CCG,10/31/2018,C&M-GMS/PMS,PRC DELEGATED CO-COMMISSIONING,FORUM FAMILY PRACTICE DR NAYLOR,24215983,54577.82
Department of Health,NHS Northumberland CCG,10/31/2018,C&M-GMS/PMS,PRC DELEGATED CO-COMMISSIONING,GABLES HEALTH CENTRE,24215985,65470.25
Department of Health,NHS Northumberland CCG,10/31/2018,C&M-GMS/PMS,PRC DELEGATED CO-COMMISSIONING,GAS HOUSE LANE SURGERY,24213981,85330.45
Department of Health,NHS Northumberland CCG,10/31/2018,C&M-GMS/PMS,PRC DELEGATED CO-COMMISSIONING,GAS HOUSE LANE SURGERY,24351486,7152.26
Department of Health,NHS Northumberland CCG,10/31/2018,C&M-GMS/PMS,PRC DELEGATED CO-COMMISSIONING,GREYSTOKE,24215988,99189.36
Department of Health,NHS Northumberland CCG,10/31/2018,C&M-GMS/PMS,PRC DELEGATED CO-COMMISSIONING,GUIDEPOST MEDICAL GROUP,24215987,82922.27
Department of Health,NHS Northumberland CCG,10/31/2018,C&M-GMS/PMS,PRC DELEGATED CO-COMMISSIONING,HALTWHISTLE MEDICAL GROUP,24216033,55133.54
Department of Health,NHS Northumberland CCG,10/31/2018,C&M-GMS/PMS,PRC DELEGATED CO-COMMISSIONING,HAYDON BRIDGE SURGERY,24215990,68538.54
Department of Health,NHS Northumberland CCG,10/31/2018,C&M-GMS/PMS,PRC DELEGATED CO-COMMISSIONING,HAYDON BRIDGE SURGERY,24351493,8813.80
Department of Health,NHS Northumberland CCG,10/31/2018,C&M-GMS/PMS,PRC DELEGATED CO-COMMISSIONING,HUMSHAUGH SURGERY,24215994,37083.99
Department of Health,NHS Northumberland CCG,10/31/2018,C&M-GMS/PMS,PRC DELEGATED CO-COMMISSIONING,HUMSHAUGH SURGERY,24351494,-2780.80
Department of Health,NHS Northumberland CCG,10/31/2018,C&M-GMS/PMS,PRC DELEGATED CO-COMMISSIONING,HUMSHAUGH SURGERY,24351495,18621.95
Department of Health,NHS Northumberland CCG,10/31/2018,C&M-GMS/PMS,PRC DELEGATED CO-COMMISSIONING,KNAPTON ROBERTS MILLER & DONALDSON,24215998,61079.19
Department of Health,NHS Northumberland CCG,10/31/2018,C&M-GMS/PMS,PRC DELEGATED CO-COMMISSIONING,KNAPTON ROBERTS MILLER & DONALDSON,24351498,5592.94
Department of Health,NHS Northumberland CCG,10/31/2018,C&M-GMS/PMS,PRC DELEGATED CO-COMMISSIONING,LINTONVILLE MEDICAL GROUP,24216000,135205.63
Department of Health,NHS Northumberland CCG,10/31/2018,C&M-GMS/PMS,PRC DELEGATED CO-COMMISSIONING,MARINE MEDICAL GROUP,24216002,114320.47
Department of Health,NHS Northumberland CCG,10/31/2018,C&M-GMS/PMS,PRC DELEGATED CO-COMMISSIONING,MCDAID,24216004,36665.65
Department of Health,NHS Northumberland CCG,10/31/2018,C&M-GMS/PMS,PRC DELEGATED CO-COMMISSIONING,MIDDLE FARM SURGERY,24351522,8142.41
Department of Health,NHS Northumberland CCG,10/31/2018,C&M-GMS/PMS,PRC DELEGATED CO-COMMISSIONING,PONTELAND MEDICAL GROUP,24216006,96465.32
Department of Health,NHS Northumberland CCG,10/31/2018,C&M-GMS/PMS,PRC DELEGATED CO-COMMISSIONING,PONTELAND MEDICAL GROUP,24351503,13652.57
Department of Health,NHS Northumberland CCG,10/31/2018,C&M-GMS/PMS,PRC DELEGATED CO-COMMISSIONING,PRUDHOE MEDICAL GROUP,24216008,56320.02
Department of Health,NHS Northumberland CCG,10/31/2018,C&M-GMS/PMS,PRC DELEGATED CO-COMMISSIONING,RAILWAY MEDICAL GROUP,24216037,233381.01
Department of Health,NHS Northumberland CCG,10/31/2018,C&M-GMS/PMS,PRC DELEGATED CO-COMMISSIONING,ROTHBURY PRACTICE,24218286,64631.18
Department of Health,NHS Northumberland CCG,10/31/2018,C&M-GMS/PMS,PRC DELEGATED CO-COMMISSIONING,SCOTS GAP,24351506,11137.13
Department of Health,NHS Northumberland CCG,10/31/2018,C&M-GMS/PMS,PRC DELEGATED CO-COMMISSIONING,SEATON PARK MEDICAL GROUP,24216012,197001.96
Department of Health,NHS Northumberland CCG,10/31/2018,C&M-GMS/PMS,PRC DELEGATED CO-COMMISSIONING,SEGHILL,24216014,56508.90
Department of Health,NHS Northumberland CCG,10/31/2018,C&M-GMS/PMS,PRC DELEGATED CO-COMMISSIONING,SELE MEDICAL PRACTICE,24216016,56752.41
Department of Health,NHS Northumberland CCG,10/31/2018,C&M-GMS/PMS,PRC DELEGATED CO-COMMISSIONING,UNION BRAE,24216018,67790.74
Department of Health,NHS Northumberland CCG,10/31/2018,C&M-GMS/PMS,PRC DELEGATED CO-COMMISSIONING,UNION BRAE,24351511,10877.72
Department of Health,NHS Northumberland CCG,10/31/2018,C&M-GMS/PMS,PRC DELEGATED CO-COMMISSIONING,VILLAGE SURGERY CRAMLINGTON,24216020,89335.70
Department of Health,NHS Northumberland CCG,10/31/2018,C&M-GMS/PMS,PRC DELEGATED CO-COMMISSIONING,WELLCLOSE SURGERY,24216027,88861.69
Department of Health,NHS Northumberland CCG,10/31/2018,C&M-GMS/PMS,PRC DELEGATED CO-COMMISSIONING,WELLWAY MEDICAL GROUP,24216022,205571.06
Department of Health,NHS Northumberland CCG,10/31/2018,C&M-GMS/PMS,PRC DELEGATED CO-COMMISSIONING,WHITE MEDICAL GROUP,24216024,69853.08
Department of Health,NHS Northumberland CCG,10/31/2018,C&M-GMS/PMS,PRC DELEGATED CO-COMMISSIONING,WHITE MEDICAL GROUP,24351515,10066.21
Department of Health,NHS Northumberland CCG,10/31/2018,C&M-GMS/PMS,PRC DELEGATED CO-COMMISSIONING,WIDDRINGTON,24238042,43510.59
Department of Health,NHS Northumberland CCG,10/31/2018,C&M-GMS/PMS,PRC DELEGATED CO-COMMISSIONING,WOOLER DR LAMBOURN,24216029,44288.66
Department of Health,NHS Northumberland CCG,10/31/2018,C&M-GMS/PMS,PRC DELEGATED CO-COMMISSIONING,WOOLER DR LAMBOURN,24351520,9437.18
Department of Health,NHS Northumberland CCG,10/31/2018,Audit Fees Internal- External Prov,CORPORATE COSTS & SERVICES,PRICEWATERHOUSECOOPERS LLP,24217877,119928.00
Department of Health,NHS Northumberland CCG,10/31/2018,Audit Fees Internal- External Prov,CORPORATE COSTS & SERVICES,PRICEWATERHOUSECOOPERS LLP,24217886,55248.00
Department of Health,NHS Northumberland CCG,10/31/2018,Audit Fees Internal- External Prov,CORPORATE COSTS & SERVICES,PRICEWATERHOUSECOOPERS LLP,24217891,34165.20
Department of Health,NHS Northumberland CCG,10/31/2018,Audit Fees Internal- External Prov,CORPORATE COSTS & SERVICES,PRICEWATERHOUSECOOPERS LLP,24535762,55248.00
Department of Health,NHS Northumberland CCG,10/31/2018,Audit Fees Internal- External Prov,CORPORATE COSTS & SERVICES,PRICEWATERHOUSECOOPERS LLP,24535781,-55248.00
Department of Health,NHS Northumberland CCG,10/31/2018,Clinical&Medical-Voluntary Sector,IMPROVING ACCESS TO PSYCHOLOGICAL THERAPIES,MENTAL HEALTH MATTERS,24231470,157507.00
Department of Health,NHS Northumberland CCG,10/31/2018,Clinical&Medical-Voluntary Sector,IMPROVING ACCESS TO PSYCHOLOGICAL THERAPIES,MENTAL HEALTH MATTERS,24428080,316397.50
Department of Health,NHS Northumberland CCG,10/31/2018,Clinical&Medical-Clinical Other,MENTAL HEALTH SERVICES - OTHER,DANSHELL HEALTHCARE LTD,24269913,32400.00
Department of Health,NHS Northumberland CCG,10/31/2018,Charges from CSU,ADMINISTRATION & BUSINESS SUPPORT,NHS NORTH OF ENGLAND CSU,24269919,119683.80
Department of Health,NHS Northumberland CCG,10/31/2018,Charges from CSU,ADMINISTRATION & BUSINESS SUPPORT,NHS NORTH OF ENGLAND CSU,24422623,34552.00
Department of Health,NHS Northumberland CCG,10/31/2018,Charges from CSU,MEDICINES MANAGEMENT - CLINICAL,NHS NORTH OF ENGLAND CSU,24269919,3935.28
Department of Health,NHS Northumberland CCG,10/31/2018,Charges from CSU,PRIMARY CARE IT,NHS NORTH OF ENGLAND CSU,24269919,70663.92
Department of Health,NHS Northumberland CCG,10/31/2018,Income tax <1Yr,BALANCE SHEET,HMRC,24273990,39596.28
Department of Health,NHS Northumberland CCG,10/31/2018,Income tax <1Yr-Student Loans,BALANCE SHEET,HMRC,24273990,151.00
Department of Health,NHS Northumberland CCG,10/31/2018,National Insurance < 1 yr-NI- ERS,BALANCE SHEET,HMRC,24273990,21897.53
Department of Health,NHS Northumberland CCG,10/31/2018,National Insurance < 1 yr-NI-EES,BALANCE SHEET,HMRC,24273990,14496.03
Department of Health,NHS Northumberland CCG,10/31/2018,Statutory Mat Pay < 1 yr,BALANCE SHEET,HMRC,24273990,-133.57
Department of Health,NHS Northumberland CCG,10/31/2018,Hcare Srv Rec NHS Trust,ACUTE COMMISSIONING,NORTH CUMBRIA UNIVERSITY HOSPITALS NHS TRUST,24382517,89148.00
Department of Health,NHS Northumberland CCG,10/31/2018,Clinical&Medical-Devolved Admin'n,ACUTE COMMISSIONING,BORDERS HEALTH BOARD,24407854,165127.33
Department of Health,NHS Northumberland CCG,10/31/2018,Clinical&Medical-Devolved Admin'n,ACUTE COMMISSIONING,BORDERS HEALTH BOARD,24508730,165127.33
Department of Health,NHS Northumberland CCG,10/31/2018,Basic Sal-Executive Director,CEO/ BOARD OFFICE,NHS ENGLAND,24442724,23442.73
Department of Health,NHS Northumberland CCG,10/31/2018,E'ers NHI-Executive Director,CEO/ BOARD OFFICE,NHS ENGLAND,24442724,2934.37
Department of Health,NHS Northumberland CCG,10/31/2018,E'ers Pen-Executive Director,CEO/ BOARD OFFICE,NHS ENGLAND,24442724,3371.00
