Northumberland CCG Transparency Report March 19,,,,,,,
Department family,Entity,Date,Expense Type,Expense area,Supplier,Transaction number,AP Amount �
Department of Health,NHS Northumberland CCG,3/31/2019,Hcare Srv Rec Fdtn Trust-Contract Baseline,ACUTE COMMISSIONING,CITY HOSPITALS SUNDERLAND FOUNDATION NHS TRUST,26194159,68000.00
Department of Health,NHS Northumberland CCG,3/31/2019,Hcare Srv Rec Fdtn Trust-Contract Baseline,ACUTE COMMISSIONING,CITY HOSPITALS SUNDERLAND FOUNDATION NHS TRUST,26639810,75326.00
Department of Health,NHS Northumberland CCG,3/31/2019,Hcare Srv Rec Fdtn Trust-Contract Baseline,ACUTE COMMISSIONING,GATESHEAD HEALTH NHS FOUNDATION TRUST,26639809,119461.00
Department of Health,NHS Northumberland CCG,3/31/2019,Hcare Srv Rec Fdtn Trust-Contract Baseline,ACUTE COMMISSIONING,NEWCASTLE UPON TYNE HOSPITALS NHS FOUNDATION TRUST,26265993,-151460.00
Department of Health,NHS Northumberland CCG,3/31/2019,Hcare Srv Rec Fdtn Trust-Contract Baseline,ACUTE COMMISSIONING,NEWCASTLE UPON TYNE HOSPITALS NHS FOUNDATION TRUST,26340466,5374266.50
Department of Health,NHS Northumberland CCG,3/31/2019,Hcare Srv Rec Fdtn Trust-Contract Baseline,ACUTE COMMISSIONING,NORTHUMBRIA HEALTHCARE NHS FOUNDATION TRUST,26320085,15387000.00
Department of Health,NHS Northumberland CCG,3/31/2019,Hcare Srv Rec Fdtn Trust-Contract Baseline,ACUTE COMMISSIONING,NORTHUMBRIA HEALTHCARE NHS FOUNDATION TRUST,26372808,-2039714.00
Department of Health,NHS Northumberland CCG,3/31/2019,Hcare Srv Rec Fdtn Trust-Contract Baseline,ACUTE COMMISSIONING,NORTHUMBRIA HEALTHCARE NHS FOUNDATION TRUST,26372809,663171.00
Department of Health,NHS Northumberland CCG,3/31/2019,Hcare Srv Rec Fdtn Trust-Contract Baseline,ACUTE COMMISSIONING,NORTHUMBRIA HEALTHCARE NHS FOUNDATION TRUST,26372810,933209.00
Department of Health,NHS Northumberland CCG,3/31/2019,Hcare Srv Rec Fdtn Trust-Contract Baseline,ACUTE COMMISSIONING,NORTHUMBRIA HEALTHCARE NHS FOUNDATION TRUST,26372811,1716858.00
Department of Health,NHS Northumberland CCG,3/31/2019,Hcare Srv Rec Fdtn Trust-Contract Baseline,ACUTE COMMISSIONING,NORTHUMBRIA HEALTHCARE NHS FOUNDATION TRUST,26377143,1379745.00
Department of Health,NHS Northumberland CCG,3/31/2019,Hcare Srv Rec Fdtn Trust-Contract Baseline,AMBULANCE SERVICES,NORTH EAST AMBULANCE SERVICES NHS TRUST,26330693,1154980.80
Department of Health,NHS Northumberland CCG,3/31/2019,Hcare Srv Rec Fdtn Trust-Contract Baseline,COMMUNITY SERVICES,NORTHUMBRIA HEALTHCARE NHS FOUNDATION TRUST,26320083,2377569.16
Department of Health,NHS Northumberland CCG,3/31/2019,Hcare Srv Rec Fdtn Trust-Contract Baseline,MENTAL HEALTH CONTRACTS,NORTHUMBERLAND TYNE AND WEAR NHS FOUNDATION TRUST,26231819,3217276.00
Department of Health,NHS Northumberland CCG,3/31/2019,Hcare Srv Rec Fdtn Trust-Contract Baseline,MENTAL HEALTH CONTRACTS,NORTHUMBERLAND TYNE AND WEAR NHS FOUNDATION TRUST,26446046,-252387.00
Department of Health,NHS Northumberland CCG,3/31/2019,Hcare Srv Rec Fdtn Trust-Contract Baseline,MENTAL HEALTH CONTRACTS,NORTHUMBERLAND TYNE AND WEAR NHS FOUNDATION TRUST,26446048,128340.00
Department of Health,NHS Northumberland CCG,3/31/2019,Hcare Srv Rec Fdtn Trust-Contract Baseline,NHS 111,NORTH EAST AMBULANCE SERVICES NHS TRUST,26569103,111428.60
Department of Health,NHS Northumberland CCG,3/31/2019,Clinical&Medical-Independent Sector,ACUTE COMMISSIONING,RAMSAY HEALTH CARE LTD,26232230,36892.00
Department of Health,NHS Northumberland CCG,3/31/2019,Clinical&Medical-Independent Sector,OUT OF HOURS,NORTHERN DOCTORS URGENT CARE,26372812,175000.00
Department of Health,NHS Northumberland CCG,3/31/2019,Clinical&Medical-Independent Sector,GP FORWARD VIEW,HADRIAN PRIMARY CARE ALLIANCE LTD,26293915,34247.00
Department of Health,NHS Northumberland CCG,3/31/2019,Clinical&Medical-Independent Sector,GP FORWARD VIEW,HADRIAN PRIMARY CARE ALLIANCE LTD,26578252,34247.00
Department of Health,NHS Northumberland CCG,3/31/2019,Clinical&Medical-Independent Sector,Winter Resilience,HADRIAN PRIMARY CARE ALLIANCE LTD,26551622,30000.00
Department of Health,NHS Northumberland CCG,3/31/2019,Clinical&Medical-Devolved Admin'n,ACUTE COMMISSIONING,BORDERS HEALTH BOARD,26613196,165127.33
Department of Health,NHS Northumberland CCG,3/31/2019,Clinical&Medical-Devolved Admin'n,ACUTE COMMISSIONING,NHS LOTHIAN,26266179,-40256.76
Department of Health,NHS Northumberland CCG,3/31/2019,Clinical&Medical-Devolved Admin'n,ACUTE COMMISSIONING,NHS LOTHIAN,26330596,32965.00
Department of Health,NHS Northumberland CCG,3/31/2019,Clinical&Medical-Devolved Admin'n,ACUTE COMMISSIONING,NHS LOTHIAN,26551559,40256.76
Department of Health,NHS Northumberland CCG,3/31/2019,Hcare Srv Rec Fdtn Trust-Non Contract,ACUTE COMMISSIONING,NORTHUMBRIA HEALTHCARE NHS FOUNDATION TRUST,26372845,3300000.00
Department of Health,NHS Northumberland CCG,3/31/2019,Hcare Srv Rec Fdtn Trust-Non Contract,ACUTE COMMISSIONING,NORTHUMBRIA HEALTHCARE NHS FOUNDATION TRUST,26561254,58000.00
Department of Health,NHS Northumberland CCG,3/31/2019,Hcare Srv Rec Fdtn Trust-Non Contract,CHILD AND ADOLESCENT MENTAL HEALTH,NORTHUMBERLAND TYNE AND WEAR NHS FOUNDATION TRUST,26664099,100000.00
Department of Health,NHS Northumberland CCG,3/31/2019,Hcare Srv Rec Fdtn Trust-Non Contract,CONTINUING HEALTHCARE ASSESSMENT & SUPPORT,NORTHUMBRIA HEALTHCARE NHS FOUNDATION TRUST,26613194,105317.00
Department of Health,NHS Northumberland CCG,3/31/2019,Hcare Srv Rec Fdtn Trust-Non Contract,PRESCRIBING,NORTHUMBRIA HEALTHCARE NHS FOUNDATION TRUST,26613191,407182.00
Department of Health,NHS Northumberland CCG,3/31/2019,Hcare Srv Rec Fdtn Trust-Non Contract,LEARNING DIFFICULTIES,NORTHUMBERLAND TYNE AND WEAR NHS FOUNDATION TRUST,26330597,64470.00
Department of Health,NHS Northumberland CCG,3/31/2019,Hcare Srv Rec Fdtn Trust-Non Contract,LONG TERM CONDITIONS,NORTHUMBRIA HEALTHCARE NHS FOUNDATION TRUST,26613187,151649.00
Department of Health,NHS Northumberland CCG,3/31/2019,Hcare Srv Rec Fdtn Trust-Non Contract,WINTER PRESSURES,NORTH EAST AMBULANCE SERVICES NHS TRUST,26664118,966000.00
Department of Health,NHS Northumberland CCG,3/31/2019,Professional Fees,CORPORATE COSTS & SERVICES,PRICE WATERHOUSE COOPERS,26330622,48360.00
Department of Health,NHS Northumberland CCG,3/31/2019,Clinical&Medical-Othe Public Sector,ACUTE COMMISSIONING,NORTHUMBERLAND COUNTY COUNCIL,26340271,183333.33
Department of Health,NHS Northumberland CCG,3/31/2019,Clinical&Medical-Othe Public Sector,ACUTE COMMISSIONING,NORTHUMBERLAND COUNTY COUNCIL,26551694,183333.33
Department of Health,NHS Northumberland CCG,3/31/2019,Clinical&Medical-Othe Public Sector,COMMUNITY SERVICES,NORTHUMBERLAND COUNTY COUNCIL,26492605,116087.26
Department of Health,NHS Northumberland CCG,3/31/2019,Clinical&Medical-Othe Public Sector,CONTINUING HEALTHCARE ASSESSMENT & SUPPORT,NORTHUMBERLAND COUNTY COUNCIL,26627656,41666.63
Department of Health,NHS Northumberland CCG,3/31/2019,Clinical&Medical-Othe Public Sector,MENTAL HEALTH SERVICES - COLLABORATIVE COMMISSIONING,NORTHUMBERLAND COUNTY COUNCIL,26330686,203500.00
Department of Health,NHS Northumberland CCG,3/31/2019,Clinical&Medical-Othe Public Sector,MENTAL HEALTH SERVICES - COLLABORATIVE COMMISSIONING,NORTHUMBERLAND COUNTY COUNCIL,26458816,622128.84
Department of Health,NHS Northumberland CCG,3/31/2019,Clinical&Medical-Othe Public Sector,MENTAL HEALTH SERVICES - COLLABORATIVE COMMISSIONING,NORTHUMBERLAND COUNTY COUNCIL,26559878,624365.83
Department of Health,NHS Northumberland CCG,3/31/2019,Clinical&Medical-Othe Public Sector,MENTAL HEALTH SERVICES - COLLABORATIVE COMMISSIONING,NORTHUMBERLAND COUNTY COUNCIL,26664163,30000.00
Department of Health,NHS Northumberland CCG,3/31/2019,Clinical&Medical-Othe Public Sector,COMMISSIONING RESERVE,NORTHUMBERLAND COUNTY COUNCIL,26340271,784066.17
Department of Health,NHS Northumberland CCG,3/31/2019,Clinical&Medical-Othe Public Sector,COMMISSIONING RESERVE,NORTHUMBERLAND COUNTY COUNCIL,26551694,784066.17
Department of Health,NHS Northumberland CCG,3/31/2019,Clinical&Medical-Othe Public Sector,MENTAL HEALTH SERVICES - ADULTS,NORTHUMBERLAND COUNTY COUNCIL,26492604,236627.62
Department of Health,NHS Northumberland CCG,3/31/2019,Clinical&Medical-Voluntary Sector,IMPROVING ACCESS TO PSYCHOLOGICAL THERAPIES,MENTAL HEALTH MATTERS,26340465,316397.50
Department of Health,NHS Northumberland CCG,3/31/2019,C&M-GMS/PMS,LOCAL ENHANCED SERVICES,BEDLINGTONSHIRE MEDICAL GROUP,26365375,1843.19
Department of Health,NHS Northumberland CCG,3/31/2019,C&M-GMS/PMS,LOCAL ENHANCED SERVICES,BELFORD MEDICAL PRACTICE,26365377,866.44
Department of Health,NHS Northumberland CCG,3/31/2019,C&M-GMS/PMS,LOCAL ENHANCED SERVICES,BELFORD MEDICAL PRACTICE,26476991,-24199.82
Department of Health,NHS Northumberland CCG,3/31/2019,C&M-GMS/PMS,LOCAL ENHANCED SERVICES,BELFORD MEDICAL PRACTICE,26476992,43268.85
Department of Health,NHS Northumberland CCG,3/31/2019,C&M-GMS/PMS,LOCAL ENHANCED SERVICES,BELLINGHAM MEDICAL GROUP,26365379,639.26
Department of Health,NHS Northumberland CCG,3/31/2019,C&M-GMS/PMS,LOCAL ENHANCED SERVICES,BONDGATE SURGERY,26386013,2923.96
Department of Health,NHS Northumberland CCG,3/31/2019,C&M-GMS/PMS,LOCAL ENHANCED SERVICES,BONDGATE SURGERY,26476995,49269.63
Department of Health,NHS Northumberland CCG,3/31/2019,C&M-GMS/PMS,LOCAL ENHANCED SERVICES,BRANCH END SURGERY,26365382,780.26
Department of Health,NHS Northumberland CCG,3/31/2019,C&M-GMS/PMS,LOCAL ENHANCED SERVICES,BRANCH END SURGERY,26476997,25936.37
Department of Health,NHS Northumberland CCG,3/31/2019,C&M-GMS/PMS,LOCAL ENHANCED SERVICES,BROCKWELL MEDICAL GROUP,26365386,2431.05
Department of Health,NHS Northumberland CCG,3/31/2019,C&M-GMS/PMS,LOCAL ENHANCED SERVICES,BURN BRAE MEDICAL GROUP,26365384,1498.66
Department of Health,NHS Northumberland CCG,3/31/2019,C&M-GMS/PMS,LOCAL ENHANCED SERVICES,COQUET MEDICAL GROUP,26365388,2008.24
Department of Health,NHS Northumberland CCG,3/31/2019,C&M-GMS/PMS,LOCAL ENHANCED SERVICES,CORBRIDGE HEALTH CENTRE,26365390,1204.30
Department of Health,NHS Northumberland CCG,3/31/2019,C&M-GMS/PMS,LOCAL ENHANCED SERVICES,CORBRIDGE HEALTH CENTRE,26477001,-25390.80
Department of Health,NHS Northumberland CCG,3/31/2019,C&M-GMS/PMS,LOCAL ENHANCED SERVICES,CORBRIDGE HEALTH CENTRE,26477002,52408.74
Department of Health,NHS Northumberland CCG,3/31/2019,C&M-GMS/PMS,LOCAL ENHANCED SERVICES,CRAMLINGTON MEDICAL GROUP DR LEITH,26365448,758.08
Department of Health,NHS Northumberland CCG,3/31/2019,C&M-GMS/PMS,LOCAL ENHANCED SERVICES,DRS JAMIESON & MILLER,26477004,23381.53
Department of Health,NHS Northumberland CCG,3/31/2019,C&M-GMS/PMS,LOCAL ENHANCED SERVICES,FORUM FAMILY PRACTICE DR NAYLOR,26386014,938.35
Department of Health,NHS Northumberland CCG,3/31/2019,C&M-GMS/PMS,LOCAL ENHANCED SERVICES,GABLES HEALTH CENTRE,26365397,1039.09
Department of Health,NHS Northumberland CCG,3/31/2019,C&M-GMS/PMS,LOCAL ENHANCED SERVICES,GAS HOUSE LANE SURGERY,26365394,866.75
Department of Health,NHS Northumberland CCG,3/31/2019,C&M-GMS/PMS,LOCAL ENHANCED SERVICES,GAS HOUSE LANE SURGERY,26477006,27112.84
Department of Health,NHS Northumberland CCG,3/31/2019,C&M-GMS/PMS,LOCAL ENHANCED SERVICES,GREYSTOKE,26365401,1508.11
Department of Health,NHS Northumberland CCG,3/31/2019,C&M-GMS/PMS,LOCAL ENHANCED SERVICES,GUIDEPOST MEDICAL GROUP,26365399,1422.19
Department of Health,NHS Northumberland CCG,3/31/2019,C&M-GMS/PMS,LOCAL ENHANCED SERVICES,HALTWHISTLE MEDICAL GROUP,26365446,975.16
Department of Health,NHS Northumberland CCG,3/31/2019,C&M-GMS/PMS,LOCAL ENHANCED SERVICES,HAYDON BRIDGE SURGERY,26365403,910.10
Department of Health,NHS Northumberland CCG,3/31/2019,C&M-GMS/PMS,LOCAL ENHANCED SERVICES,HUMSHAUGH SURGERY,26365407,601.25
Department of Health,NHS Northumberland CCG,3/31/2019,C&M-GMS/PMS,LOCAL ENHANCED SERVICES,HUMSHAUGH SURGERY,26477015,-35054.76
Department of Health,NHS Northumberland CCG,3/31/2019,C&M-GMS/PMS,LOCAL ENHANCED SERVICES,HUMSHAUGH SURGERY,26477016,67296.43
Department of Health,NHS Northumberland CCG,3/31/2019,C&M-GMS/PMS,LOCAL ENHANCED SERVICES,KNAPTON ROBERTS MILLER & DONALDSON,26365411,938.13
Department of Health,NHS Northumberland CCG,3/31/2019,C&M-GMS/PMS,LOCAL ENHANCED SERVICES,KNAPTON ROBERTS MILLER & DONALDSON,26477018,25608.95
Department of Health,NHS Northumberland CCG,3/31/2019,C&M-GMS/PMS,LOCAL ENHANCED SERVICES,LABURNUM MEDICAL GROUP,26365409,412.83
Department of Health,NHS Northumberland CCG,3/31/2019,C&M-GMS/PMS,LOCAL ENHANCED SERVICES,LINTONVILLE MEDICAL GROUP,26365413,2222.51
Department of Health,NHS Northumberland CCG,3/31/2019,C&M-GMS/PMS,LOCAL ENHANCED SERVICES,MARINE MEDICAL GROUP,26365415,1759.78
Department of Health,NHS Northumberland CCG,3/31/2019,C&M-GMS/PMS,LOCAL ENHANCED SERVICES,MCDAID,26365417,576.98
Department of Health,NHS Northumberland CCG,3/31/2019,C&M-GMS/PMS,LOCAL ENHANCED SERVICES,MIDDLE FARM SURGERY,26477042,31575.64
Department of Health,NHS Northumberland CCG,3/31/2019,C&M-GMS/PMS,LOCAL ENHANCED SERVICES,PONTELAND MEDICAL GROUP,26365418,1480.91
Department of Health,NHS Northumberland CCG,3/31/2019,C&M-GMS/PMS,LOCAL ENHANCED SERVICES,PONTELAND MEDICAL GROUP,26477022,-25535.00
Department of Health,NHS Northumberland CCG,3/31/2019,C&M-GMS/PMS,LOCAL ENHANCED SERVICES,PONTELAND MEDICAL GROUP,26477023,41140.19
Department of Health,NHS Northumberland CCG,3/31/2019,C&M-GMS/PMS,LOCAL ENHANCED SERVICES,PRUDHOE MEDICAL GROUP,26365420,937.49
Department of Health,NHS Northumberland CCG,3/31/2019,C&M-GMS/PMS,LOCAL ENHANCED SERVICES,RAILWAY MEDICAL GROUP,26365450,3675.30
Department of Health,NHS Northumberland CCG,3/31/2019,C&M-GMS/PMS,LOCAL ENHANCED SERVICES,ROTHBURY PRACTICE,26369101,1095.76
Department of Health,NHS Northumberland CCG,3/31/2019,C&M-GMS/PMS,LOCAL ENHANCED SERVICES,SCOTS GAP,26477026,33401.39
Department of Health,NHS Northumberland CCG,3/31/2019,C&M-GMS/PMS,LOCAL ENHANCED SERVICES,SEATON PARK MEDICAL GROUP,26365424,2993.55
Department of Health,NHS Northumberland CCG,3/31/2019,C&M-GMS/PMS,LOCAL ENHANCED SERVICES,SEGHILL,26365426,925.11
Department of Health,NHS Northumberland CCG,3/31/2019,C&M-GMS/PMS,LOCAL ENHANCED SERVICES,SELE MEDICAL PRACTICE,26365428,979.59
Department of Health,NHS Northumberland CCG,3/31/2019,C&M-GMS/PMS,LOCAL ENHANCED SERVICES,UNION BRAE,26365430,1140.75
Department of Health,NHS Northumberland CCG,3/31/2019,C&M-GMS/PMS,LOCAL ENHANCED SERVICES,UNION BRAE,26477031,30692.96
Department of Health,NHS Northumberland CCG,3/31/2019,C&M-GMS/PMS,LOCAL ENHANCED SERVICES,VILLAGE SURGERY CRAMLINGTON,26365432,1454.77
Department of Health,NHS Northumberland CCG,3/31/2019,C&M-GMS/PMS,LOCAL ENHANCED SERVICES,WELLCLOSE SURGERY,26365440,1458.14
Department of Health,NHS Northumberland CCG,3/31/2019,C&M-GMS/PMS,LOCAL ENHANCED SERVICES,WELLWAY MEDICAL GROUP,26365434,3183.54
Department of Health,NHS Northumberland CCG,3/31/2019,C&M-GMS/PMS,LOCAL ENHANCED SERVICES,WHITE MEDICAL GROUP,26365436,1144.51
Department of Health,NHS Northumberland CCG,3/31/2019,C&M-GMS/PMS,LOCAL ENHANCED SERVICES,WHITE MEDICAL GROUP,26477035,32772.59
Department of Health,NHS Northumberland CCG,3/31/2019,C&M-GMS/PMS,LOCAL ENHANCED SERVICES,WIDDRINGTON,26365438,446.85
Department of Health,NHS Northumberland CCG,3/31/2019,C&M-GMS/PMS,LOCAL ENHANCED SERVICES,WOOLER DR LAMBOURN,26365442,455.20
Department of Health,NHS Northumberland CCG,3/31/2019,C&M-GMS/PMS,LOCAL ENHANCED SERVICES,WOOLER DR LAMBOURN,26477040,29330.04
Department of Health,NHS Northumberland CCG,3/31/2019,C&M-GMS/PMS,PRC DELEGATED CO-COMMISSIONING,BEDLINGTONSHIRE MEDICAL GROUP,26365375,103923.12
Department of Health,NHS Northumberland CCG,3/31/2019,C&M-GMS/PMS,PRC DELEGATED CO-COMMISSIONING,BELFORD MEDICAL PRACTICE,26365377,57805.58
Department of Health,NHS Northumberland CCG,3/31/2019,C&M-GMS/PMS,PRC DELEGATED CO-COMMISSIONING,BELFORD MEDICAL PRACTICE,26476991,-1478.40
Department of Health,NHS Northumberland CCG,3/31/2019,C&M-GMS/PMS,PRC DELEGATED CO-COMMISSIONING,BELFORD MEDICAL PRACTICE,26476992,14608.44
Department of Health,NHS Northumberland CCG,3/31/2019,C&M-GMS/PMS,PRC DELEGATED CO-COMMISSIONING,BELLINGHAM MEDICAL GROUP,26365379,40537.79
Department of Health,NHS Northumberland CCG,3/31/2019,C&M-GMS/PMS,PRC DELEGATED CO-COMMISSIONING,BONDGATE SURGERY,26386013,186591.02
Department of Health,NHS Northumberland CCG,3/31/2019,C&M-GMS/PMS,PRC DELEGATED CO-COMMISSIONING,BONDGATE SURGERY,26476995,5860.45
Department of Health,NHS Northumberland CCG,3/31/2019,C&M-GMS/PMS,PRC DELEGATED CO-COMMISSIONING,BRANCH END SURGERY,26365382,47124.64
Department of Health,NHS Northumberland CCG,3/31/2019,C&M-GMS/PMS,PRC DELEGATED CO-COMMISSIONING,BRANCH END SURGERY,26476997,4507.98
Department of Health,NHS Northumberland CCG,3/31/2019,C&M-GMS/PMS,PRC DELEGATED CO-COMMISSIONING,BROCKWELL MEDICAL GROUP,26365386,146496.51
Department of Health,NHS Northumberland CCG,3/31/2019,C&M-GMS/PMS,PRC DELEGATED CO-COMMISSIONING,BURN BRAE MEDICAL GROUP,26365384,95877.15
Department of Health,NHS Northumberland CCG,3/31/2019,C&M-GMS/PMS,PRC DELEGATED CO-COMMISSIONING,COQUET MEDICAL GROUP,26365388,115825.18
Department of Health,NHS Northumberland CCG,3/31/2019,C&M-GMS/PMS,PRC DELEGATED CO-COMMISSIONING,CORBRIDGE HEALTH CENTRE,26365390,82016.97
Department of Health,NHS Northumberland CCG,3/31/2019,C&M-GMS/PMS,PRC DELEGATED CO-COMMISSIONING,CORBRIDGE HEALTH CENTRE,26477001,-2068.00
Department of Health,NHS Northumberland CCG,3/31/2019,C&M-GMS/PMS,PRC DELEGATED CO-COMMISSIONING,CORBRIDGE HEALTH CENTRE,26477002,11480.94
Department of Health,NHS Northumberland CCG,3/31/2019,C&M-GMS/PMS,PRC DELEGATED CO-COMMISSIONING,CRAMLINGTON MEDICAL GROUP DR LEITH,26365448,41883.49
Department of Health,NHS Northumberland CCG,3/31/2019,C&M-GMS/PMS,PRC DELEGATED CO-COMMISSIONING,DRS JAMIESON & MILLER,26477004,4986.10
Department of Health,NHS Northumberland CCG,3/31/2019,C&M-GMS/PMS,PRC DELEGATED CO-COMMISSIONING,FORUM FAMILY PRACTICE DR NAYLOR,26386014,70860.80
Department of Health,NHS Northumberland CCG,3/31/2019,C&M-GMS/PMS,PRC DELEGATED CO-COMMISSIONING,GABLES HEALTH CENTRE,26365397,60142.40
Department of Health,NHS Northumberland CCG,3/31/2019,C&M-GMS/PMS,PRC DELEGATED CO-COMMISSIONING,GAS HOUSE LANE SURGERY,26365394,50445.20
Department of Health,NHS Northumberland CCG,3/31/2019,C&M-GMS/PMS,PRC DELEGATED CO-COMMISSIONING,GAS HOUSE LANE SURGERY,26477006,4464.21
Department of Health,NHS Northumberland CCG,3/31/2019,C&M-GMS/PMS,PRC DELEGATED CO-COMMISSIONING,GREYSTOKE,26365401,85656.64
Department of Health,NHS Northumberland CCG,3/31/2019,C&M-GMS/PMS,PRC DELEGATED CO-COMMISSIONING,GUIDEPOST MEDICAL GROUP,26365399,79366.27
Department of Health,NHS Northumberland CCG,3/31/2019,C&M-GMS/PMS,PRC DELEGATED CO-COMMISSIONING,HALTWHISTLE MEDICAL GROUP,26365446,60168.84
Department of Health,NHS Northumberland CCG,3/31/2019,C&M-GMS/PMS,PRC DELEGATED CO-COMMISSIONING,HAYDON BRIDGE SURGERY,26365403,55625.07
Department of Health,NHS Northumberland CCG,3/31/2019,C&M-GMS/PMS,PRC DELEGATED CO-COMMISSIONING,HUMSHAUGH SURGERY,26365407,37357.39
Department of Health,NHS Northumberland CCG,3/31/2019,C&M-GMS/PMS,PRC DELEGATED CO-COMMISSIONING,HUMSHAUGH SURGERY,26477015,-2640.00
Department of Health,NHS Northumberland CCG,3/31/2019,C&M-GMS/PMS,PRC DELEGATED CO-COMMISSIONING,HUMSHAUGH SURGERY,26477016,15796.86
Department of Health,NHS Northumberland CCG,3/31/2019,C&M-GMS/PMS,PRC DELEGATED CO-COMMISSIONING,KNAPTON ROBERTS MILLER & DONALDSON,26365411,57212.12
Department of Health,NHS Northumberland CCG,3/31/2019,C&M-GMS/PMS,PRC DELEGATED CO-COMMISSIONING,KNAPTON ROBERTS MILLER & DONALDSON,26477018,5093.78
Department of Health,NHS Northumberland CCG,3/31/2019,C&M-GMS/PMS,PRC DELEGATED CO-COMMISSIONING,LABURNUM MEDICAL GROUP,26365409,25435.14
Department of Health,NHS Northumberland CCG,3/31/2019,C&M-GMS/PMS,PRC DELEGATED CO-COMMISSIONING,LINTONVILLE MEDICAL GROUP,26365413,136689.02
Department of Health,NHS Northumberland CCG,3/31/2019,C&M-GMS/PMS,PRC DELEGATED CO-COMMISSIONING,MARINE MEDICAL GROUP,26365415,127042.12
Department of Health,NHS Northumberland CCG,3/31/2019,C&M-GMS/PMS,PRC DELEGATED CO-COMMISSIONING,MCDAID,26365417,35359.16
Department of Health,NHS Northumberland CCG,3/31/2019,C&M-GMS/PMS,PRC DELEGATED CO-COMMISSIONING,MIDDLE FARM SURGERY,26477042,8359.87
Department of Health,NHS Northumberland CCG,3/31/2019,C&M-GMS/PMS,PRC DELEGATED CO-COMMISSIONING,PONTELAND MEDICAL GROUP,26365418,86323.00
Department of Health,NHS Northumberland CCG,3/31/2019,C&M-GMS/PMS,PRC DELEGATED CO-COMMISSIONING,PONTELAND MEDICAL GROUP,26386015,-55616.40
Department of Health,NHS Northumberland CCG,3/31/2019,C&M-GMS/PMS,PRC DELEGATED CO-COMMISSIONING,PONTELAND MEDICAL GROUP,26477022,-1170.40
Department of Health,NHS Northumberland CCG,3/31/2019,C&M-GMS/PMS,PRC DELEGATED CO-COMMISSIONING,PONTELAND MEDICAL GROUP,26477023,10761.21
Department of Health,NHS Northumberland CCG,3/31/2019,C&M-GMS/PMS,PRC DELEGATED CO-COMMISSIONING,PRUDHOE MEDICAL GROUP,26365420,59542.37
Department of Health,NHS Northumberland CCG,3/31/2019,C&M-GMS/PMS,PRC DELEGATED CO-COMMISSIONING,RAILWAY MEDICAL GROUP,26365449,-38133.18
Department of Health,NHS Northumberland CCG,3/31/2019,C&M-GMS/PMS,PRC DELEGATED CO-COMMISSIONING,RAILWAY MEDICAL GROUP,26365450,252260.37
Department of Health,NHS Northumberland CCG,3/31/2019,C&M-GMS/PMS,PRC DELEGATED CO-COMMISSIONING,ROTHBURY PRACTICE,26369101,77612.67
Department of Health,NHS Northumberland CCG,3/31/2019,C&M-GMS/PMS,PRC DELEGATED CO-COMMISSIONING,SCOTS GAP,26477026,9736.77
Department of Health,NHS Northumberland CCG,3/31/2019,C&M-GMS/PMS,PRC DELEGATED CO-COMMISSIONING,SEATON PARK MEDICAL GROUP,26365424,190671.22
Department of Health,NHS Northumberland CCG,3/31/2019,C&M-GMS/PMS,PRC DELEGATED CO-COMMISSIONING,SEGHILL,26365426,58034.87
Department of Health,NHS Northumberland CCG,3/31/2019,C&M-GMS/PMS,PRC DELEGATED CO-COMMISSIONING,SELE MEDICAL PRACTICE,26365428,56212.22
Department of Health,NHS Northumberland CCG,3/31/2019,C&M-GMS/PMS,PRC DELEGATED CO-COMMISSIONING,UNION BRAE,26365430,82849.23
Department of Health,NHS Northumberland CCG,3/31/2019,C&M-GMS/PMS,PRC DELEGATED CO-COMMISSIONING,UNION BRAE,26477031,6909.45
Department of Health,NHS Northumberland CCG,3/31/2019,C&M-GMS/PMS,PRC DELEGATED CO-COMMISSIONING,VILLAGE SURGERY CRAMLINGTON,26365432,91077.99
Department of Health,NHS Northumberland CCG,3/31/2019,C&M-GMS/PMS,PRC DELEGATED CO-COMMISSIONING,WELLCLOSE SURGERY,26365440,103662.62
Department of Health,NHS Northumberland CCG,3/31/2019,C&M-GMS/PMS,PRC DELEGATED CO-COMMISSIONING,WELLWAY MEDICAL GROUP,26365434,234607.51
Department of Health,NHS Northumberland CCG,3/31/2019,C&M-GMS/PMS,PRC DELEGATED CO-COMMISSIONING,WHITE MEDICAL GROUP,26365436,68748.35
Department of Health,NHS Northumberland CCG,3/31/2019,C&M-GMS/PMS,PRC DELEGATED CO-COMMISSIONING,WHITE MEDICAL GROUP,26477035,6802.46
Department of Health,NHS Northumberland CCG,3/31/2019,C&M-GMS/PMS,PRC DELEGATED CO-COMMISSIONING,WIDDRINGTON,26365438,35028.38
Department of Health,NHS Northumberland CCG,3/31/2019,C&M-GMS/PMS,PRC DELEGATED CO-COMMISSIONING,WOOLER DR LAMBOURN,26365442,26908.23
Department of Health,NHS Northumberland CCG,3/31/2019,C&M-GMS/PMS,PRC DELEGATED CO-COMMISSIONING,WOOLER DR LAMBOURN,26477040,6753.25
Department of Health,NHS Northumberland CCG,3/31/2019,Charges from CSU,ADMINISTRATION & BUSINESS SUPPORT,NHS NORTH OF ENGLAND CSU,26377629,94734.65
Department of Health,NHS Northumberland CCG,3/31/2019,Charges from CSU,MEDICINES MANAGEMENT - CLINICAL,NHS NORTH OF ENGLAND CSU,26377629,3114.94
Department of Health,NHS Northumberland CCG,3/31/2019,Charges from CSU,PRIMARY CARE IT,NHS NORTH OF ENGLAND CSU,26377629,55933.41
Department of Health,NHS Northumberland CCG,3/31/2019,Charges from CSU,FINANCE,NHS NORTH OF ENGLAND CSU,26579397,83144.00
Department of Health,NHS Northumberland CCG,3/31/2019,Income tax <1Yr,BALANCE SHEET,HMRC,26429408,36539.98
Department of Health,NHS Northumberland CCG,3/31/2019,Income tax <1Yr-Student Loans,BALANCE SHEET,HMRC,26429408,350.00
Department of Health,NHS Northumberland CCG,3/31/2019,National Insurance < 1 yr-NI- ERS,BALANCE SHEET,HMRC,26429408,21243.83
Department of Health,NHS Northumberland CCG,3/31/2019,National Insurance < 1 yr-NI-EES,BALANCE SHEET,HMRC,26429408,15076.63
Department of Health,NHS Northumberland CCG,3/31/2019,Clinical&Medical-Independent Sector - Prior Year,NON RECURRENT RESERVE,BRISTOL CITY COUNCIL,26551635,104966.90
Department of Health,NHS Northumberland CCG,3/31/2019,Cont Care- Adult 100% Fully Funded,CHC ADULT FULLY FUNDED,NORTHUMBERLAND COUNTY COUNCIL,26579399,3123437.00
