Department family,Entity,Date,Expense Area ,Expense Type,Supplier,Transaction number,   AP Amount (�)   ,Description
DEPARTMENT OF HEALTH ,NHS EAST RIDING OF YORKSHIRE CCG,30/11/2018,ACUTE COMMISSIONING,Hcare Srv Rec Fdtn Trust-Contract Baseline,NORTHERN LINCOLNSHIRE AND GOOLE HOSPITALS NHS FOUNDATION TRUST,2400021243,"107,954.00",APRIL-OCT 2018/19 STD CONTRACT & CQUIN REC TO Q1 CV
DEPARTMENT OF HEALTH ,NHS EAST RIDING OF YORKSHIRE CCG,30/11/2018,ACUTE COMMISSIONING,Hcare Srv Rec Fdtn Trust-Contract Baseline,NORTHERN LINCOLNSHIRE AND GOOLE HOSPITALS NHS FOUNDATION TRUST,2400021258,"138,905.00",APRIL-JULY 2018/19 STD CONTRACT & CQUIN TRADING VARIANCE TO AUG 18
DEPARTMENT OF HEALTH ,NHS EAST RIDING OF YORKSHIRE CCG,30/11/2018,ACUTE COMMISSIONING,Hcare Srv Rec Fdtn Trust-Contract Baseline,NORTHERN LINCOLNSHIRE AND GOOLE HOSPITALS NHS FOUNDATION TRUST,2500002676,"-107,954.00",APRIL-OCT 2018/19 STD CONTRACT & CQUIN REC TO Q1 CV
DEPARTMENT OF HEALTH ,NHS EAST RIDING OF YORKSHIRE CCG,30/11/2018,ACUTE COMMISSIONING,Hcare Srv Rec Fdtn Trust-Contract Baseline,NORTHERN LINCOLNSHIRE AND GOOLE HOSPITALS NHS FOUNDATION TRUST,2500002684,"-138,905.00",APRIL-JULY 2018/19 STD CONTRACT & CQUIN TRADING VARIANCE TO AUG 18
DEPARTMENT OF HEALTH ,NHS EAST RIDING OF YORKSHIRE CCG,30/11/2018,PRC DELEGATED CO-COMMISSIONING,C&M-PMS Contract Value,DR PA HARRIS & PARTNERS,KHU000032049,"116,835.81",LOCAL ENHANCED SERVICES 
DEPARTMENT OF HEALTH ,NHS EAST RIDING OF YORKSHIRE CCG,30/11/2018,PRC DELEGATED CO-COMMISSIONING,C&M-PMS Contract Value,PRACTICE ONE,KHU000032051,"65,333.73",LOCAL ENHANCED SERVICES 
DEPARTMENT OF HEALTH ,NHS EAST RIDING OF YORKSHIRE CCG,30/11/2018,PRC DELEGATED CO-COMMISSIONING,C&M-PMS Contract Value,SNAITH & RAWCLIFFE MEDICAL GROUP,KHU000032053,"125,972.72",LOCAL ENHANCED SERVICES 
DEPARTMENT OF HEALTH ,NHS EAST RIDING OF YORKSHIRE CCG,30/11/2018,PRC DELEGATED CO-COMMISSIONING,C&M-APMS Contract Value,WOLDS VIEW PRIMARY CARE CENTRE,KHU000032054,"109,578.42",LOCAL ENHANCED SERVICES 
DEPARTMENT OF HEALTH ,NHS EAST RIDING OF YORKSHIRE CCG,30/11/2018,LOCAL ENHANCED SERVICES,C&M-GMS Cost of Drugs -Dispensing,DR GARWOOD D J & PARTNERS,KHU000032193,"-74,271.24",LOCAL ENHANCED SERVICES 
DEPARTMENT OF HEALTH ,NHS EAST RIDING OF YORKSHIRE CCG,30/11/2018,LOCAL ENHANCED SERVICES,C&M-GMS Cost of Drugs -Dispensing,DR GARWOOD D J & PARTNERS,KHU000032194,"262,780.53",LOCAL ENHANCED SERVICES 
DEPARTMENT OF HEALTH ,NHS EAST RIDING OF YORKSHIRE CCG,30/11/2018,LOCAL ENHANCED SERVICES,C&M-GMS Cost of Drugs -Prescribing,DR MACNAB H K & PARTNERS,KHU000032196,"80,701.90",LOCAL ENHANCED SERVICES 
DEPARTMENT OF HEALTH ,NHS EAST RIDING OF YORKSHIRE CCG,30/11/2018,LOCAL ENHANCED SERVICES,C&M-GMS Cost of Drugs -Dispensing,DR MARSHALL S M & PARTNERS,KHU000032197,"-44,594.78",LOCAL ENHANCED SERVICES 
DEPARTMENT OF HEALTH ,NHS EAST RIDING OF YORKSHIRE CCG,30/11/2018,LOCAL ENHANCED SERVICES,C&M-GMS Cost of Drugs -Dispensing,DR MARSHALL S M & PARTNERS,KHU000032198,"144,400.57",LOCAL ENHANCED SERVICES 
DEPARTMENT OF HEALTH ,NHS EAST RIDING OF YORKSHIRE CCG,30/11/2018,LOCAL ENHANCED SERVICES,C&M-GMS Cost of Drugs -Prescribing,DR MILNER A C,KHU000032201,"43,721.68",LOCAL ENHANCED SERVICES 
DEPARTMENT OF HEALTH ,NHS EAST RIDING OF YORKSHIRE CCG,30/11/2018,LOCAL ENHANCED SERVICES,C&M-GMS Cost of Drugs -Prescribing,DR MIXER P R & PARTNERS,KHU000032205,"121,259.05",LOCAL ENHANCED SERVICES 
DEPARTMENT OF HEALTH ,NHS EAST RIDING OF YORKSHIRE CCG,30/11/2018,PRC DELEGATED CO-COMMISSIONING,C&M-GMS DES Minor Surgery,DR MOODY M E A & PARTNERS,KHU000032207,"72,279.86",LOCAL ENHANCED SERVICES 
DEPARTMENT OF HEALTH ,NHS EAST RIDING OF YORKSHIRE CCG,30/11/2018,LOCAL ENHANCED SERVICES,C&M-GMS Cost of Drugs -Prescribing,DR PEARSON R L & PARTNERS,KHU000032209,"69,403.51",LOCAL ENHANCED SERVICES 
DEPARTMENT OF HEALTH ,NHS EAST RIDING OF YORKSHIRE CCG,30/11/2018,LOCAL ENHANCED SERVICES,C&M-GMS Cost of Drugs -Dispensing,DR PICKERING N & PARTNERS,KHU000032210,"-84,689.50",LOCAL ENHANCED SERVICES 
DEPARTMENT OF HEALTH ,NHS EAST RIDING OF YORKSHIRE CCG,30/11/2018,LOCAL ENHANCED SERVICES,C&M-GMS Cost of Drugs -Dispensing,DR PICKERING N & PARTNERS,KHU000032211,"253,380.26",LOCAL ENHANCED SERVICES 
DEPARTMENT OF HEALTH ,NHS EAST RIDING OF YORKSHIRE CCG,30/11/2018,LOCAL ENHANCED SERVICES,C&M-GMS Cost of Drugs -Dispensing,DR SYKES A J & PARTNERS,KHU000032212,"-159,251.31",LOCAL ENHANCED SERVICES 
DEPARTMENT OF HEALTH ,NHS EAST RIDING OF YORKSHIRE CCG,30/11/2018,LOCAL ENHANCED SERVICES,C&M-GMS Cost of Drugs -Dispensing,DR SYKES A J & PARTNERS,KHU000032213,"401,102.53",LOCAL ENHANCED SERVICES 
DEPARTMENT OF HEALTH ,NHS EAST RIDING OF YORKSHIRE CCG,30/11/2018,LOCAL ENHANCED SERVICES,C&M-GMS Cost of Drugs -Prescribing,DR WRIGHTSON L & PARTNERS,KHU000032215,"266,666.86",LOCAL ENHANCED SERVICES 
DEPARTMENT OF HEALTH ,NHS EAST RIDING OF YORKSHIRE CCG,30/11/2018,LOCAL ENHANCED SERVICES,C&M-GMS Cost of Drugs -Prescribing,HESSLE GRANGE MEDICAL PRACTICE,KHU000032217,"162,597.60",LOCAL ENHANCED SERVICES 
DEPARTMENT OF HEALTH ,NHS EAST RIDING OF YORKSHIRE CCG,30/11/2018,LOCAL ENHANCED SERVICES,C&M-GMS Cost of Drugs -Prescribing,MANOR HOUSE SURGERY BRIDLINGTON,KHU000032219,"108,275.47",LOCAL ENHANCED SERVICES 
DEPARTMENT OF HEALTH ,NHS EAST RIDING OF YORKSHIRE CCG,30/11/2018,LOCAL ENHANCED SERVICES,C&M-GMS Cost of Drugs -Prescribing,MONTAGUE MEDICAL PRACTICE,KHU000032220,"89,523.07",LOCAL ENHANCED SERVICES 
DEPARTMENT OF HEALTH ,NHS EAST RIDING OF YORKSHIRE CCG,30/11/2018,LOCAL ENHANCED SERVICES,C&M-PMS Cost of Drugs -Dispensing,SNAITH & RAWCLIFFE MEDICAL GROUP,KHU000032224,"-69,504.50",LOCAL ENHANCED SERVICES 
DEPARTMENT OF HEALTH ,NHS EAST RIDING OF YORKSHIRE CCG,30/11/2018,LOCAL ENHANCED SERVICES,C&M-PMS Cost of Drugs -Dispensing,SNAITH & RAWCLIFFE MEDICAL GROUP,KHU000032225,"169,721.42",LOCAL ENHANCED SERVICES 
DEPARTMENT OF HEALTH ,NHS EAST RIDING OF YORKSHIRE CCG,30/11/2018,CLINICAL ASSESSMENT AND TREATMENT CENTRES,Prescribing,LLOYDS PHARMACY CLINICAL HOMECARE LTD,SINV3090314,"62,263.00",PRODUCTS 31/08/18
DEPARTMENT OF HEALTH ,NHS EAST RIDING OF YORKSHIRE CCG,30/11/2018,CLINICAL ASSESSMENT AND TREATMENT CENTRES,Prescribing,LLOYDS PHARMACY CLINICAL HOMECARE LTD,SINV3090403,"28,846.86",PRODUCTS 31/08/18
DEPARTMENT OF HEALTH ,NHS EAST RIDING OF YORKSHIRE CCG,30/11/2018,MEDICINES MANAGEMENT - CLINICAL,Charges from CSU,NHS NORTH OF ENGLAND CSU,7310013466,"39,064.92",MO & IFR P8 18/19
DEPARTMENT OF HEALTH ,NHS EAST RIDING OF YORKSHIRE CCG,30/11/2018,PRC DELEGATED CO-COMMISSIONING,C&M-PMS Contract Value,NHS ENGLAND,103246-22-NOV-2018,"61,812.66",PRIOR YEAR PENSION CONTRIBUTIONS
DEPARTMENT OF HEALTH ,NHS EAST RIDING OF YORKSHIRE CCG,30/11/2018,COMMISSIONING - NON ACUTE,Clinical&Medical-Serv Recd-F Trsts,YORK TEACHING HOSPITAL NHS FOUNDATION TRUST,1010065006,"335,000.00",FAST TRACK FIT EXTENSION 18/19
DEPARTMENT OF HEALTH ,NHS EAST RIDING OF YORKSHIRE CCG,30/11/2018,COMMISSIONING - NON ACUTE,Clinical&Medical-Serv Recd-F Trsts,YORK TEACHING HOSPITAL NHS FOUNDATION TRUST,1010065125,"29,804.00",BACKFILL OF STAFF AUG & SEPT 2018
DEPARTMENT OF HEALTH ,NHS EAST RIDING OF YORKSHIRE CCG,30/11/2018,ACUTE COMMISSIONING,Hcare Srv Rec Fdtn Trust-Contract Baseline,YORK TEACHING HOSPITAL NHS FOUNDATION TRUST,1010065944,"3,558,000.00",AIC NOV 2018
DEPARTMENT OF HEALTH ,NHS EAST RIDING OF YORKSHIRE CCG,30/11/2018,ACUTE COMMISSIONING,Hcare Srv Rec Fdtn Trust-Over/ Under Performance,YORK TEACHING HOSPITAL NHS FOUNDATION TRUST,1010066713,"200,000.00",REPROFILE OF CASHFLOW RELATING TO AIC
DEPARTMENT OF HEALTH ,NHS EAST RIDING OF YORKSHIRE CCG,30/11/2018,PRC DELEGATED CO-COMMISSIONING,C&M-PMS Contract Value,HUMBER TEACHING NHS FOUNDATION TRUST,103246-22-NOV-2018,"336,849.51",MARKET WEIGHTON PRACTICE PAYMENTS AS PER SCHEDULE
DEPARTMENT OF HEALTH ,NHS EAST RIDING OF YORKSHIRE CCG,30/11/2018,ACUTE COMMISSIONING,Hcare Srv Rec NHS Trust-CQUIN,LEEDS TEACHING HOSPITALS NHS TRUST,1410106487,"130,917.00",BLOCK CONTRACT NOVEMBER 2018
DEPARTMENT OF HEALTH ,NHS EAST RIDING OF YORKSHIRE CCG,30/11/2018,NCAS/OATS,Hcare Srv Rec Fdtn Trust-Non Contract,ASHFORD & ST PETERS HOSPITALS NHSFT,14504490,"71,044.00",NCA M06 2018/19
DEPARTMENT OF HEALTH ,NHS EAST RIDING OF YORKSHIRE CCG,30/11/2018,ACUTE COMMISSIONING,Hcare Srv Rec NHS Trust-CQUIN,MID YORKSHIRE HOSPITALS NHS TRUST,1600003858,"89,046.00",CONTRACT INV NOV 2018
DEPARTMENT OF HEALTH ,NHS EAST RIDING OF YORKSHIRE CCG,30/11/2018,COMMISSIONING - NON ACUTE,Clinical&Medical-Serv Recd-F Trsts,NORTHERN LINCOLNSHIRE AND GOOLE HOSPITALS NHS FOUNDATION TRUST,2400021300,"25,890.00",2WTE B7 OCT 17 FOR 18 MONTHS Q1 2018 JUL-SEP
DEPARTMENT OF HEALTH ,NHS EAST RIDING OF YORKSHIRE CCG,30/11/2018,ACUTE COMMISSIONING,Hcare Srv Rec Fdtn Trust-Contract Baseline,NORTHERN LINCOLNSHIRE AND GOOLE HOSPITALS NHS FOUNDATION TRUST,2400021315,"1,354,612.00",M08 2018/19 STD CONTRACTS
DEPARTMENT OF HEALTH ,NHS EAST RIDING OF YORKSHIRE CCG,30/11/2018,PATIENT TRANSPORT,Hcare Srv Rec NHS Trust-Contract Baseline,YORKSHIRE AMBULANCE SERVICE NHS TRUST,2810021111,"102,984.70",PTS ECR CHARGE IN RESPECT OF OOA JULY-OCT 17
DEPARTMENT OF HEALTH ,NHS EAST RIDING OF YORKSHIRE CCG,30/11/2018,PATIENT TRANSPORT,Hcare Srv Rec NHS Trust-Over/ Under Performance,YORKSHIRE AMBULANCE SERVICE NHS TRUST,2810022327,"40,045.85",PTS CONTRACT REC OF IN AREA SALOON CAR JOURNEYS OCT-FEB 2017/18
DEPARTMENT OF HEALTH ,NHS EAST RIDING OF YORKSHIRE CCG,30/11/2018,PATIENT TRANSPORT,Hcare Srv Rec NHS Trust-Over/ Under Performance,YORKSHIRE AMBULANCE SERVICE NHS TRUST,2810022328,"81,063.10",PTS ECR CHARGE IN RESPECT OF OOA PTS JOURNEYS NOV-FEB 2017/18
DEPARTMENT OF HEALTH ,NHS EAST RIDING OF YORKSHIRE CCG,30/11/2018,AMBULANCE SERVICES,Hcare Srv Rec NHS Trust-Contract Baseline,YORKSHIRE AMBULANCE SERVICE NHS TRUST,2810024290,"1,040,894.00",A&E CONTRACT NOV 2018
DEPARTMENT OF HEALTH ,NHS EAST RIDING OF YORKSHIRE CCG,30/11/2018,NHS 111,Hcare Srv Rec NHS Trust-Contract Baseline,YORKSHIRE AMBULANCE SERVICE NHS TRUST,2810024337,"59,898.00",NHS111 NOV 2018 CONTRACT
DEPARTMENT OF HEALTH ,NHS EAST RIDING OF YORKSHIRE CCG,30/11/2018,PATIENT TRANSPORT,Hcare Srv Rec NHS Trust-Contract Baseline,YORKSHIRE AMBULANCE SERVICE NHS TRUST,2810024362,"214,771.78",PTS CONTRACT CHARGE NOVEMBER 2018
DEPARTMENT OF HEALTH ,NHS EAST RIDING OF YORKSHIRE CCG,30/11/2018,ACUTE COMMISSIONING,Hcare Srv Rec Fdtn Trust-Contract Baseline,SHEFFIELD TEACHING HOSPITALS NHS FOUNDATION TRUST,4000546835,"28,725.00",C&V CONTRACT NOV 2018
DEPARTMENT OF HEALTH ,NHS EAST RIDING OF YORKSHIRE CCG,30/11/2018,ACUTE COMMISSIONING,Hcare Srv Rec Fdtn Trust-CQUIN,DONCASTER AND BASSETLAW HOSPITALS NHS FOUNDATION TRUST,56395317,"141,974.00",MONTH 8 2018/19 CONTRACT
DEPARTMENT OF HEALTH ,NHS EAST RIDING OF YORKSHIRE CCG,30/11/2018,MENTAL HEALTH CONTRACTS,Hcare Srv Rec Fdtn Trust-Over/ Under Performance,HUMBER TEACHING NHS FOUNDATION TRUST,59882855,"260,000.00",PROVISION OF EMPLOYMENT ADVISORS 11/10/18
DEPARTMENT OF HEALTH ,NHS EAST RIDING OF YORKSHIRE CCG,30/11/2018,MENTAL HEALTH CONTRACTS,Hcare Srv Rec Fdtn Trust-CQUIN,HUMBER TEACHING NHS FOUNDATION TRUST,59882933,"2,277,835.08",NOVEMBER 18 BLOCK CONTRACT
DEPARTMENT OF HEALTH ,NHS EAST RIDING OF YORKSHIRE CCG,30/11/2018,CHC ADULT FULLY FUNDED,Cont Care-Foundation Trust,HUMBER TEACHING NHS FOUNDATION TRUST,59882939,"136,666.67",RESIDENTIAL AND NURSING CARE NOV 2018
DEPARTMENT OF HEALTH ,NHS EAST RIDING OF YORKSHIRE CCG,30/11/2018,MENTAL HEALTH CONTRACTS,Hcare Srv Rec Fdtn Trust-Contract Variation,HUMBER TEACHING NHS FOUNDATION TRUST,59883014,"40,000.00",CV9 2018/19
DEPARTMENT OF HEALTH ,NHS EAST RIDING OF YORKSHIRE CCG,30/11/2018,ACUTE COMMISSIONING,Hcare Srv Rec NHS Trust-CQUIN,HULL AND EAST YORKSHIRE HOSPITALS NHS TRUST,H0019189,"10,833,333.00",CONTRACT INV NOV 2018
DEPARTMENT OF HEALTH ,NHS EAST RIDING OF YORKSHIRE CCG,30/11/2018,PRC DELEGATED CO-COMMISSIONING,C&M-PMS Contract Value,HUMBER TEACHING NHS FOUNDATION TRUST,KHU000032058,"29,143.53",LOCAL ENHANCED SERVICES 
DEPARTMENT OF HEALTH ,NHS EAST RIDING OF YORKSHIRE CCG,30/11/2018,PRC DELEGATED CO-COMMISSIONING,C&M-PMS Contract Value,HUMBER TEACHING NHS FOUNDATION TRUST,KHU000032060,"38,249.41",LOCAL ENHANCED SERVICES 
DEPARTMENT OF HEALTH ,NHS EAST RIDING OF YORKSHIRE CCG,30/11/2018,PRC DELEGATED CO-COMMISSIONING,C&M-PMS Contract Value,HUMBER TEACHING NHS FOUNDATION TRUST,KHU000032062,"80,609.09",LOCAL ENHANCED SERVICES 
DEPARTMENT OF HEALTH ,NHS EAST RIDING OF YORKSHIRE CCG,30/11/2018,LOCAL ENHANCED SERVICES,C&M-GMS Cost of Drugs -Prescribing,HUMBER TEACHING NHS FOUNDATION TRUST,KHU000032235,"78,397.60",LOCAL ENHANCED SERVICES 
DEPARTMENT OF HEALTH ,NHS EAST RIDING OF YORKSHIRE CCG,30/11/2018,PRC DELEGATED CO-COMMISSIONING,C&M-PMS Contract Value,DR HARRISON R W,KHU000032047,"72,933.81",LOCAL ENHANCED SERVICES 
DEPARTMENT OF HEALTH ,NHS EAST RIDING OF YORKSHIRE CCG,30/11/2018,LOCAL ENHANCED SERVICES,C&M-GMS Cost of Drugs -Dispensing,DR HILL S A & PARTNERS,KHU000032191,"-44,375.27",LOCAL ENHANCED SERVICES 
DEPARTMENT OF HEALTH ,NHS EAST RIDING OF YORKSHIRE CCG,30/11/2018,LOCAL ENHANCED SERVICES,C&M-GMS Cost of Drugs -Dispensing,DR HILL S A & PARTNERS,KHU000032192,"218,705.50",LOCAL ENHANCED SERVICES 
DEPARTMENT OF HEALTH ,NHS EAST RIDING OF YORKSHIRE CCG,30/11/2018,LOCAL ENHANCED SERVICES,C&M-GMS Cost of Drugs -Prescribing,PARK VIEW SURGERY HESSLE,KHU000032222,"42,312.27",LOCAL ENHANCED SERVICES 
DEPARTMENT OF HEALTH ,NHS EAST RIDING OF YORKSHIRE CCG,30/11/2018,LOCAL ENHANCED SERVICES,C&M-GMS Cost of Drugs -Dispensing,RIDINGS MEDICAL GROUP (THE),KHU000032229,"-101,739.09",LOCAL ENHANCED SERVICES 
DEPARTMENT OF HEALTH ,NHS EAST RIDING OF YORKSHIRE CCG,30/11/2018,LOCAL ENHANCED SERVICES,C&M-GMS Cost of Drugs -Dispensing,RIDINGS MEDICAL GROUP (THE),KHU000032230,"462,508.43",LOCAL ENHANCED SERVICES 
DEPARTMENT OF HEALTH ,NHS EAST RIDING OF YORKSHIRE CCG,30/11/2018,LOCAL ENHANCED SERVICES,C&M-GMS Cost of Drugs -Dispensing,HOLDERNESS HEALTH (CHURCH VIEW SURGERY),KHU000032236,"-98,919.10",LOCAL ENHANCED SERVICES 
DEPARTMENT OF HEALTH ,NHS EAST RIDING OF YORKSHIRE CCG,30/11/2018,LOCAL ENHANCED SERVICES,C&M-GMS Cost of Drugs -Dispensing,HOLDERNESS HEALTH (CHURCH VIEW SURGERY),KHU000032237,"292,521.56",LOCAL ENHANCED SERVICES 
DEPARTMENT OF HEALTH ,NHS EAST RIDING OF YORKSHIRE CCG,30/11/2018,LOCAL ENHANCED SERVICES,C&M-GMS Cost of Drugs -Dispensing,HOLDERNESS HEALTH (HEDON GROUP PRACTICE),KHU000032239,"-70,334.09",LOCAL ENHANCED SERVICES 
DEPARTMENT OF HEALTH ,NHS EAST RIDING OF YORKSHIRE CCG,30/11/2018,LOCAL ENHANCED SERVICES,C&M-GMS Cost of Drugs -Dispensing,HOLDERNESS HEALTH (HEDON GROUP PRACTICE),KHU000032240,"271,722.48",LOCAL ENHANCED SERVICES 
DEPARTMENT OF HEALTH ,NHS EAST RIDING OF YORKSHIRE CCG,30/11/2018,ACUTE COMMISSIONING,Clinical&Medical-Independent Sector - Contract Baseline,SPIRE HEALTHCARE LTD,02YHULPF181908,"571,045.00",1/12 ESTIMATED ANNUAL CONTRACT NOV 2018
DEPARTMENT OF HEALTH ,NHS EAST RIDING OF YORKSHIRE CCG,30/11/2018,ACUTE COMMISSIONING,Clinical&Medical-Independent Sector - Over/ Under Performance,SPIRE HEALTHCARE LTD,02YHULREC181905,"-56,530.39",INV 02YHULPF181905 LESS SAC ACTIVITIES AUG 2018/19
DEPARTMENT OF HEALTH ,NHS EAST RIDING OF YORKSHIRE CCG,30/11/2018,CHC ADULT FULLY FUNDED,Cont Care-Learning Disab(<65),HULL CITY COUNCIL,1000267592,"47,461.93",CHC RECHARGE 01/10/18-31/10/18
DEPARTMENT OF HEALTH ,NHS EAST RIDING OF YORKSHIRE CCG,30/11/2018,PRIMARY CARE IT,LPF Management Fees,KIER BUSINESS SERVICES LTD,10117541,"106,885.20",LPF NOV 2018
DEPARTMENT OF HEALTH ,NHS EAST RIDING OF YORKSHIRE CCG,30/11/2018,CLINICAL ASSESSMENT AND TREATMENT CENTRES,Clinical&Medical-Independent Sector,HULL IVF,126777,"25,007.74",NCA MTH ENDING 31/10/18
DEPARTMENT OF HEALTH ,NHS EAST RIDING OF YORKSHIRE CCG,30/11/2018,COMMUNITY SERVICES,Social Care-ICES,NOTTINGHAM REHAB LTD,1800104819,"83,167.96",P4 18/19 MI ICES
DEPARTMENT OF HEALTH ,NHS EAST RIDING OF YORKSHIRE CCG,30/11/2018,COMMUNITY SERVICES,Social Care-ICES,NOTTINGHAM REHAB LTD,1800105378,"81,229.84",P5 18/19 SOCIAL MI
DEPARTMENT OF HEALTH ,NHS EAST RIDING OF YORKSHIRE CCG,30/11/2018,COMMUNITY SERVICES,Social Care-ICES,NOTTINGHAM REHAB LTD,1800105817,"175,608.96",HEALTH SEPT 2018 MI
DEPARTMENT OF HEALTH ,NHS EAST RIDING OF YORKSHIRE CCG,30/11/2018,COMMUNITY SERVICES,Social Care-ICES,NOTTINGHAM REHAB LTD,1800105818,"68,754.72",P6 18/19 SOCIAL MI
DEPARTMENT OF HEALTH ,NHS EAST RIDING OF YORKSHIRE CCG,30/11/2018,COMMUNITY SERVICES,Social Care-ICES,NOTTINGHAM REHAB LTD,1800105819,"84,928.39",WHEELCHAIR EQUIPMENT SEP 18
DEPARTMENT OF HEALTH ,NHS EAST RIDING OF YORKSHIRE CCG,30/11/2018,COMMUNITY SERVICES,Social Care-ICES,NOTTINGHAM REHAB LTD,1800106453,"30,234.83",WHEELCHAIR ASSESSMENTS OCT 18
DEPARTMENT OF HEALTH ,NHS EAST RIDING OF YORKSHIRE CCG,30/11/2018,IMPROVING ACCESS TO PSYCHOLOGICAL THERAPIES,Clinical&Medical-Independent Sector,INSIGHT HEALTHCARE LTD,18759,51953.21,IAPT CASES CLOSED TO OCT 18
DEPARTMENT OF HEALTH ,NHS EAST RIDING OF YORKSHIRE CCG,30/11/2018,COMMUNITY SERVICES,Services From Local Authorities,EAST RIDING OF YORKSHIRE COUNCIL,62028106,6548800,BETTER CARE FUND 2018-19
DEPARTMENT OF HEALTH ,NHS EAST RIDING OF YORKSHIRE CCG,30/11/2018,COMMUNITY SERVICES,Services From Local Authorities,EAST RIDING OF YORKSHIRE COUNCIL,62374292,123231.32,RECHARGE FOR MEDICATION CALLS 04/06/18-29/07/18
DEPARTMENT OF HEALTH ,NHS EAST RIDING OF YORKSHIRE CCG,30/11/2018,FUNDED NURSING CARE,Cont Care-Funded Nursing Care Allow,EAST RIDING OF YORKSHIRE COUNCIL,62376830,59429.13,FUNDED NURSING CARE 30/07/18-26/08/18
DEPARTMENT OF HEALTH ,NHS EAST RIDING OF YORKSHIRE CCG,30/11/2018,Learning Difficulties - S117,Services From Local Authorities,EAST RIDING OF YORKSHIRE COUNCIL,62383534,355412.5,S117 HEALTH RECHARGE 04/06/18-29/07/18
DEPARTMENT OF HEALTH ,NHS EAST RIDING OF YORKSHIRE CCG,30/11/2018,CHC ADULT FULLY FUNDED,Cont Care- Palliative Care,EAST RIDING OF YORKSHIRE COUNCIL,62383569,2938601.57,CHC RECHARGE 04/06/18-29/07/18
DEPARTMENT OF HEALTH ,NHS EAST RIDING OF YORKSHIRE CCG,30/11/2018,COMMUNITY SERVICES,C&M-Independent Sector - CQUIN,CITY HEALTH CARE PARTNERSHIP CIC,7410031661,2294867.33,CARE HOME WASTE NOV 18
DEPARTMENT OF HEALTH ,NHS EAST RIDING OF YORKSHIRE CCG,30/11/2018,COMMUNITY SERVICES,C&M-Independent Sector - CQUIN,CITY HEALTH CARE PARTNERSHIP CIC,7410031676,96041.7,CONTRACT 2 NOV 2018
DEPARTMENT OF HEALTH ,NHS EAST RIDING OF YORKSHIRE CCG,30/11/2018,LOCAL ENHANCED SERVICES,C&M-GMS Practice Transformational Support,PARK SURGERY (DRIFFIELD),GPFV02,36637,GP FORWARD VIEW TRANSFORMATION INVESTMENT 
DEPARTMENT OF HEALTH ,NHS EAST RIDING OF YORKSHIRE CCG,30/11/2018,PRC DELEGATED CO-COMMISSIONING,C&M-PMS Contract Value,GREENGATES MEDICAL GROUP,KHU000032056,210160.79,LOCAL ENHANCED SERVICES 
DEPARTMENT OF HEALTH ,NHS EAST RIDING OF YORKSHIRE CCG,30/11/2018,LOCAL ENHANCED SERVICES,C&M-GMS Cost of Drugs -Dispensing,SOUTH HOLDERNESS MEDICAL PRACTICE,KHU000032188,-57887.98,LOCAL ENHANCED SERVICES 
DEPARTMENT OF HEALTH ,NHS EAST RIDING OF YORKSHIRE CCG,30/11/2018,LOCAL ENHANCED SERVICES,C&M-GMS Cost of Drugs -Dispensing,SOUTH HOLDERNESS MEDICAL PRACTICE,KHU000032189,261315.67,LOCAL ENHANCED SERVICES 
DEPARTMENT OF HEALTH ,NHS EAST RIDING OF YORKSHIRE CCG,30/11/2018,LOCAL ENHANCED SERVICES,C&M-GMS Cost of Drugs -Dispensing,PARK SURGERY (DRIFFIELD),KHU000032227,-138401.58,LOCAL ENHANCED SERVICES 
DEPARTMENT OF HEALTH ,NHS EAST RIDING OF YORKSHIRE CCG,30/11/2018,LOCAL ENHANCED SERVICES,C&M-GMS Cost of Drugs -Dispensing,PARK SURGERY (DRIFFIELD),KHU000032228,471966.78,LOCAL ENHANCED SERVICES 
DEPARTMENT OF HEALTH ,NHS EAST RIDING OF YORKSHIRE CCG,30/11/2018,LOCAL ENHANCED SERVICES,C&M-PMS Cost of Drugs -Dispensing,GREENGATES MEDICAL GROUP,KHU000032232,58490.28,LOCAL ENHANCED SERVICES 
DEPARTMENT OF HEALTH ,NHS EAST RIDING OF YORKSHIRE CCG,30/11/2018,PRC DELEGATED CO-COMMISSIONING,C&M-GMS Global Sum,HUMBER PRIMARY CARE LTD,KHU000032233,25541.06,LOCAL ENHANCED SERVICES 
DEPARTMENT OF HEALTH ,NHS EAST RIDING OF YORKSHIRE CCG,30/11/2018,GP FORWARD VIEW,C&M-GMS Practice Transformational Support,YORKSHIRE HEALTH PARTNERS LTD,EH32018,133833,"3RD PAYMENT UNDER EXTENDED HOURS CONTRACT, SET OUT IN SCHEDULE 4"
DEPARTMENT OF HEALTH ,NHS EAST RIDING OF YORKSHIRE CCG,30/11/2018,CLINICAL ASSESSMENT AND TREATMENT CENTRES,Prescribing,LLOYDS PHARMACY CLINICAL HOMECARE LTD,SINV3138204,38646,PRODUCTS 30/09/18
DEPARTMENT OF HEALTH ,NHS EAST RIDING OF YORKSHIRE CCG,30/11/2018,IMPROVING ACCESS TO PSYCHOLOGICAL THERAPIES,Clinical&Medical-Independent Sector,IESO DIGITAL HEALTH LTD,UK000156,38384.9,BILLABLE WORK PER 2018/19 CONTRACT SEPT 18
