Department family,Entity,Date,Expense Area ,Expense Type,Supplier,Transaction number,   AP Amount (�)   ,Description
DEPARTMENT OF HEALTH ,NHS EAST RIDING OF YORKSHIRE CCG,31/10/2018,NCAS/OATS,Hcare Srv Rec Fdtn Trust-Non Contract,BRADFORD TEACHING HOSPITALS NHS FOUNDATION TRUST,307108,"30,599.56",OATS AUG 18
DEPARTMENT OF HEALTH ,NHS EAST RIDING OF YORKSHIRE CCG,31/10/2018,HOSPICES,Clinical&Medical-Voluntary Sector,BRITISH RED CROSS SOCIETY,650109204,"25,838.00",ASSISTED DISCHARGE 11/08/18-28/10/18
DEPARTMENT OF HEALTH ,NHS EAST RIDING OF YORKSHIRE CCG,31/10/2018,COMMUNITY SERVICES,C&M-Independent Sector - CQUIN,CITY HEALTH CARE PARTNERSHIP CIC,7410031090,"2,294,867.33",OCT BLOCK CONTRACT
DEPARTMENT OF HEALTH ,NHS EAST RIDING OF YORKSHIRE CCG,31/10/2018,COMMUNITY SERVICES,C&M-Independent Sector - CQUIN,CITY HEALTH CARE PARTNERSHIP CIC,7410031089,"96,041.70",OCT BLOCK CONTRACT
DEPARTMENT OF HEALTH ,NHS EAST RIDING OF YORKSHIRE CCG,31/10/2018,COMMUNITY SERVICES,Clinical&Medical-Independent Sector - Contract Baseline,CITY HEALTH CARE PARTNERSHIP CIC,2552,"-94,856.00",AUGUST 2018 CONTRACT 2+4
DEPARTMENT OF HEALTH ,NHS EAST RIDING OF YORKSHIRE CCG,31/10/2018,ACUTE COMMISSIONING,Hcare Srv Rec Fdtn Trust-CQUIN,DONCASTER AND BASSETLAW HOSPITALS NHS FOUNDATION TRUST,56394462,"141,974.00",CONTRACT M07 2018/19
DEPARTMENT OF HEALTH ,NHS EAST RIDING OF YORKSHIRE CCG,31/10/2018,LOCAL ENHANCED SERVICES,C&M-GMS Cost of Drugs -Dispensing,DR GARWOOD D J & PARTNERS,KHU000031767,"271,990.36",LOCAL ENHANCED SERVICES
DEPARTMENT OF HEALTH ,NHS EAST RIDING OF YORKSHIRE CCG,31/10/2018,LOCAL ENHANCED SERVICES,C&M-GMS Cost of Drugs -Dispensing,DR GARWOOD D J & PARTNERS,KHU000031766,"-101,154.57",LOCAL ENHANCED SERVICES
DEPARTMENT OF HEALTH ,NHS EAST RIDING OF YORKSHIRE CCG,31/10/2018,PRC DELEGATED CO-COMMISSIONING,C&M-PMS Contract Value,DR HARRISON R W,KHU000031654,"77,537.30",LOCAL ENHANCED SERVICES
DEPARTMENT OF HEALTH ,NHS EAST RIDING OF YORKSHIRE CCG,31/10/2018,LOCAL ENHANCED SERVICES,C&M-GMS Cost of Drugs -Dispensing,DR HILL S A & PARTNERS,KHU000031765,"190,170.78",LOCAL ENHANCED SERVICES
DEPARTMENT OF HEALTH ,NHS EAST RIDING OF YORKSHIRE CCG,31/10/2018,LOCAL ENHANCED SERVICES,C&M-GMS Cost of Drugs -Dispensing,DR HILL S A & PARTNERS,KHU000031764,"-48,490.85",LOCAL ENHANCED SERVICES
DEPARTMENT OF HEALTH ,NHS EAST RIDING OF YORKSHIRE CCG,31/10/2018,LOCAL ENHANCED SERVICES,C&M-GMS Cost of Drugs -Prescribing,DR MACNAB H K & PARTNERS,KHU000031769,"80,925.54",LOCAL ENHANCED SERVICES
DEPARTMENT OF HEALTH ,NHS EAST RIDING OF YORKSHIRE CCG,31/10/2018,LOCAL ENHANCED SERVICES,C&M-GMS Cost of Drugs -Dispensing,DR MARSHALL S M & PARTNERS,KHU000031771,"131,979.10",LOCAL ENHANCED SERVICES
DEPARTMENT OF HEALTH ,NHS EAST RIDING OF YORKSHIRE CCG,31/10/2018,LOCAL ENHANCED SERVICES,C&M-GMS Cost of Drugs -Dispensing,DR MARSHALL S M & PARTNERS,KHU000031770,"-54,645.23",LOCAL ENHANCED SERVICES
DEPARTMENT OF HEALTH ,NHS EAST RIDING OF YORKSHIRE CCG,31/10/2018,LOCAL ENHANCED SERVICES,C&M-GMS Cost of Drugs -Prescribing,DR MILNER A C,KHU000031774,"36,661.14",LOCAL ENHANCED SERVICES
DEPARTMENT OF HEALTH ,NHS EAST RIDING OF YORKSHIRE CCG,31/10/2018,LOCAL ENHANCED SERVICES,C&M-GMS Cost of Drugs -Prescribing,DR MIXER P R & PARTNERS,KHU000031778,"128,322.82",LOCAL ENHANCED SERVICES
DEPARTMENT OF HEALTH ,NHS EAST RIDING OF YORKSHIRE CCG,31/10/2018,PRC DELEGATED CO-COMMISSIONING,C&M-GMS DES Minor Surgery,DR MOODY M E A & PARTNERS,KHU000031780,"80,041.18",LOCAL ENHANCED SERVICES
DEPARTMENT OF HEALTH ,NHS EAST RIDING OF YORKSHIRE CCG,31/10/2018,PRC DELEGATED CO-COMMISSIONING,C&M-PMS Contract Value,DR PA HARRIS & PARTNERS,KHU000031656,"122,845.16",LOCAL ENHANCED SERVICES
DEPARTMENT OF HEALTH ,NHS EAST RIDING OF YORKSHIRE CCG,31/10/2018,LOCAL ENHANCED SERVICES,C&M-GMS Cost of Drugs -Prescribing,DR PEARSON R L & PARTNERS,KHU000031782,"67,455.90",LOCAL ENHANCED SERVICES
DEPARTMENT OF HEALTH ,NHS EAST RIDING OF YORKSHIRE CCG,31/10/2018,LOCAL ENHANCED SERVICES,C&M-GMS Cost of Drugs -Dispensing,DR PICKERING N & PARTNERS,KHU000031784,"263,736.84",LOCAL ENHANCED SERVICES
DEPARTMENT OF HEALTH ,NHS EAST RIDING OF YORKSHIRE CCG,31/10/2018,LOCAL ENHANCED SERVICES,C&M-GMS Cost of Drugs -Dispensing,DR PICKERING N & PARTNERS,KHU000031783,"-77,319.04",LOCAL ENHANCED SERVICES
DEPARTMENT OF HEALTH ,NHS EAST RIDING OF YORKSHIRE CCG,31/10/2018,LOCAL ENHANCED SERVICES,C&M-GMS Cost of Drugs -Dispensing,DR SYKES A J & PARTNERS,KHU000031786,"376,825.05",LOCAL ENHANCED SERVICES
DEPARTMENT OF HEALTH ,NHS EAST RIDING OF YORKSHIRE CCG,31/10/2018,LOCAL ENHANCED SERVICES,C&M-GMS Cost of Drugs -Dispensing,DR SYKES A J & PARTNERS,KHU000031785,"-117,641.58",LOCAL ENHANCED SERVICES
DEPARTMENT OF HEALTH ,NHS EAST RIDING OF YORKSHIRE CCG,31/10/2018,LOCAL ENHANCED SERVICES,C&M-GMS Cost of Drugs -Prescribing,DR WRIGHTSON L & PARTNERS,KHU000031788,"158,052.89",LOCAL ENHANCED SERVICES
DEPARTMENT OF HEALTH ,NHS EAST RIDING OF YORKSHIRE CCG,31/10/2018,COMMUNITY SERVICES,Services From Local Authorities,EAST RIDING OF YORKSHIRE COUNCIL,PP62028106,"3,750,000.00",2018 BETTER CARE FUND
DEPARTMENT OF HEALTH ,NHS EAST RIDING OF YORKSHIRE CCG,31/10/2018,COMMUNITY SERVICES,Services From Local Authorities,EAST RIDING OF YORKSHIRE COUNCIL,62028122,"2,739,657.00",SECTION 28A (SECTION 256) TRANSFER 2018-19
DEPARTMENT OF HEALTH ,NHS EAST RIDING OF YORKSHIRE CCG,31/10/2018,FUNDED NURSING CARE,Cont Care-Funded Nursing Care Allow,EAST RIDING OF YORKSHIRE COUNCIL,62202459,"108,484.94",FNC 04/06/18-29/07/18
DEPARTMENT OF HEALTH ,NHS EAST RIDING OF YORKSHIRE CCG,31/10/2018,COMMUNITY SERVICES,Services From Local Authorities,EAST RIDING OF YORKSHIRE COUNCIL,62016370,"96,487.99",RECHARGE FOR MEDICATION CALLS 09/04/18-03/06/18
DEPARTMENT OF HEALTH ,NHS EAST RIDING OF YORKSHIRE CCG,31/10/2018,PRC DELEGATED CO-COMMISSIONING,C&M-PMS Contract Value,GREENGATES MEDICAL GROUP,KHU000031663,"198,989.08",LOCAL ENHANCED SERVICES
DEPARTMENT OF HEALTH ,NHS EAST RIDING OF YORKSHIRE CCG,31/10/2018,LOCAL ENHANCED SERVICES,C&M-PMS Cost of Drugs -Dispensing,GREENGATES MEDICAL GROUP,KHU000031804,"30,945.59",LOCAL ENHANCED SERVICES
DEPARTMENT OF HEALTH ,NHS EAST RIDING OF YORKSHIRE CCG,31/10/2018,LOCAL ENHANCED SERVICES,C&M-GMS Cost of Drugs -Prescribing,HESSLE GRANGE MEDICAL PRACTICE,KHU000031790,"115,914.05",LOCAL ENHANCED SERVICES
DEPARTMENT OF HEALTH ,NHS EAST RIDING OF YORKSHIRE CCG,31/10/2018,LOCAL ENHANCED SERVICES,C&M-GMS Cost of Drugs -Dispensing,HOLDERNESS HEALTH (CHURCH VIEW SURGERY),KHU000031809,"278,262.51",LOCAL ENHANCED SERVICES
DEPARTMENT OF HEALTH ,NHS EAST RIDING OF YORKSHIRE CCG,31/10/2018,LOCAL ENHANCED SERVICES,C&M-GMS Cost of Drugs -Dispensing,HOLDERNESS HEALTH (CHURCH VIEW SURGERY),KHU000031808,"-79,248.68",LOCAL ENHANCED SERVICES
DEPARTMENT OF HEALTH ,NHS EAST RIDING OF YORKSHIRE CCG,31/10/2018,LOCAL ENHANCED SERVICES,C&M-GMS Cost of Drugs -Dispensing,HOLDERNESS HEALTH (HEDON GROUP PRACTICE),KHU000031812,"257,673.01",LOCAL ENHANCED SERVICES
DEPARTMENT OF HEALTH ,NHS EAST RIDING OF YORKSHIRE CCG,31/10/2018,LOCAL ENHANCED SERVICES,C&M-GMS Cost of Drugs -Dispensing,HOLDERNESS HEALTH (HEDON GROUP PRACTICE),KHU000031811,"-65,301.55",LOCAL ENHANCED SERVICES
DEPARTMENT OF HEALTH ,NHS EAST RIDING OF YORKSHIRE CCG,31/10/2018,ACUTE COMMISSIONING,Hcare Srv Rec NHS Trust-CQUIN,HULL AND EAST YORKSHIRE HOSPITALS NHS TRUST,H0018600,"10,833,333.33",OCTOBER 2018 BLOCK CONTRACT 
DEPARTMENT OF HEALTH ,NHS EAST RIDING OF YORKSHIRE CCG,31/10/2018,CHC ADULT FULLY FUNDED,Cont Care-Learning Disab(<65),HULL CITY COUNCIL,1000266823,"45,755.79",CHC RECHARGE 01/09/18-30/09/18
DEPARTMENT OF HEALTH ,NHS EAST RIDING OF YORKSHIRE CCG,31/10/2018,MENTAL HEALTH CONTRACTS,Hcare Srv Rec Fdtn Trust-CQUIN,HUMBER TEACHING NHS FOUNDATION TRUST,59882550,"2,195,991.08",OCT BLOCK CONTRACT
DEPARTMENT OF HEALTH ,NHS EAST RIDING OF YORKSHIRE CCG,31/10/2018,CHC ADULT FULLY FUNDED,Cont Care-Foundation Trust,HUMBER TEACHING NHS FOUNDATION TRUST,59882567,"136,666.67",RESIDENTIAL AND NURSING CARE GRANVILLE COURT OCT 2018
DEPARTMENT OF HEALTH ,NHS EAST RIDING OF YORKSHIRE CCG,31/10/2018,IMPROVING ACCESS TO PSYCHOLOGICAL THERAPIES,Hcare Srv Rec Fdtn Trust-Contract Cost per Case,HUMBER TEACHING NHS FOUNDATION TRUST,59882639,"109,007.40",PROVISION OF ER IAPT SERVICE SEPT 2018
DEPARTMENT OF HEALTH ,NHS EAST RIDING OF YORKSHIRE CCG,31/10/2018,PRC DELEGATED CO-COMMISSIONING,C&M-PMS Contract Value,HUMBER TEACHING NHS FOUNDATION TRUST,KHU000031669,"85,933.42",LOCAL ENHANCED SERVICES
DEPARTMENT OF HEALTH ,NHS EAST RIDING OF YORKSHIRE CCG,31/10/2018,LOCAL ENHANCED SERVICES,C&M-GMS Cost of Drugs -Prescribing,HUMBER TEACHING NHS FOUNDATION TRUST,KHU000031807,"74,191.15",LOCAL ENHANCED SERVICES
DEPARTMENT OF HEALTH ,NHS EAST RIDING OF YORKSHIRE CCG,31/10/2018,PRC DELEGATED CO-COMMISSIONING,C&M-PMS Contract Value,HUMBER TEACHING NHS FOUNDATION TRUST,KHU000031667,"40,697.73",LOCAL ENHANCED SERVICES
DEPARTMENT OF HEALTH ,NHS EAST RIDING OF YORKSHIRE CCG,31/10/2018,PRC DELEGATED CO-COMMISSIONING,C&M-PMS Contract Value,HUMBER TEACHING NHS FOUNDATION TRUST,KHU000031665,"29,375.87",LOCAL ENHANCED SERVICES
DEPARTMENT OF HEALTH ,NHS EAST RIDING OF YORKSHIRE CCG,31/10/2018,IMPROVING ACCESS TO PSYCHOLOGICAL THERAPIES,Clinical&Medical-Independent Sector,IESO DIGITAL HEALTH LTD,UK000139,"76,519.10",AUG 18 CONTRACT
DEPARTMENT OF HEALTH ,NHS EAST RIDING OF YORKSHIRE CCG,31/10/2018,IMPROVING ACCESS TO PSYCHOLOGICAL THERAPIES,Clinical&Medical-Independent Sector,INSIGHT HEALTHCARE LTD,18649,"49,503.38",IAPT CASES CLOSED TO SEPT 2018
DEPARTMENT OF HEALTH ,NHS EAST RIDING OF YORKSHIRE CCG,31/10/2018,PRIMARY CARE IT,LPF Management Fees,KIER BUSINESS SERVICES LTD,10110589,"106,885.20",LPF SERVICE RECEIVED IN Y&HUMBER CONTRACT OCT 2018
DEPARTMENT OF HEALTH ,NHS EAST RIDING OF YORKSHIRE CCG,31/10/2018,ACUTE COMMISSIONING,Hcare Srv Rec NHS Trust-CQUIN,LEEDS TEACHING HOSPITALS NHS TRUST,1410104391,"130,917.00",OCT 18 BLOCK CONTRACT INVOICE 
DEPARTMENT OF HEALTH ,NHS EAST RIDING OF YORKSHIRE CCG,31/10/2018,CLINICAL ASSESSMENT AND TREATMENT CENTRES,Prescribing,LLOYDS PHARMACY CLINICAL HOMECARE LTD,SINV3037450,"68,704.00",PRODUCTS SUPPLIED 31/07/18
DEPARTMENT OF HEALTH ,NHS EAST RIDING OF YORKSHIRE CCG,31/10/2018,LOCAL ENHANCED SERVICES,C&M-GMS Cost of Drugs -Prescribing,MANOR HOUSE SURGERY BRIDLINGTON,KHU000031792,"107,885.52",LOCAL ENHANCED SERVICES
DEPARTMENT OF HEALTH ,NHS EAST RIDING OF YORKSHIRE CCG,31/10/2018,ACUTE COMMISSIONING,Hcare Srv Rec NHS Trust-CQUIN,MID YORKSHIRE HOSPITALS NHS TRUST,1600003204,"89,046.00",SLA 21/09/18
DEPARTMENT OF HEALTH ,NHS EAST RIDING OF YORKSHIRE CCG,31/10/2018,LOCAL ENHANCED SERVICES,C&M-GMS Cost of Drugs -Prescribing,MONTAGUE MEDICAL PRACTICE,KHU000031793,"82,178.59",LOCAL ENHANCED SERVICES
DEPARTMENT OF HEALTH ,NHS EAST RIDING OF YORKSHIRE CCG,31/10/2018,CLINICAL ASSESSMENT AND TREATMENT CENTRES,Charges from CSU,NHS NORTH OF ENGLAND CSU,7310013050,"39,064.91",SLA OCT 18
DEPARTMENT OF HEALTH ,NHS EAST RIDING OF YORKSHIRE CCG,31/10/2018,ACUTE COMMISSIONING,Hcare Srv Rec Fdtn Trust-Contract Baseline,NORTHERN LINCOLNSHIRE AND GOOLE HOSPITALS NHS FOUNDATION TRUST,2400021021,"1,413,061.00",STANDARD CONTRACT OCT 2018/19
DEPARTMENT OF HEALTH ,NHS EAST RIDING OF YORKSHIRE CCG,31/10/2018,COMMUNITY SERVICES,Social Care-ICES,NOTTINGHAM REHAB LTD,1800104559,"81,856.10",JUNE MI SOCIAL
DEPARTMENT OF HEALTH ,NHS EAST RIDING OF YORKSHIRE CCG,31/10/2018,COMMUNITY SERVICES,Social Care-ICES,NOTTINGHAM REHAB LTD,1800105892,"27,028.67",WHEELCHAIR ASSESSMENTS SEPT 2018
DEPARTMENT OF HEALTH ,NHS EAST RIDING OF YORKSHIRE CCG,31/10/2018,LOCAL ENHANCED SERVICES,C&M-GMS Cost of Drugs -Dispensing,PARK SURGERY (DRIFFIELD),KHU000031800,"458,536.30",LOCAL ENHANCED SERVICES
DEPARTMENT OF HEALTH ,NHS EAST RIDING OF YORKSHIRE CCG,31/10/2018,LOCAL ENHANCED SERVICES,C&M-GMS Cost of Drugs -Dispensing,PARK SURGERY (DRIFFIELD),KHU000031799,"-176,024.83",LOCAL ENHANCED SERVICES
DEPARTMENT OF HEALTH ,NHS EAST RIDING OF YORKSHIRE CCG,31/10/2018,LOCAL ENHANCED SERVICES,C&M-GMS Cost of Drugs -Prescribing,PARK VIEW SURGERY HESSLE,KHU000031795,"51,162.00",LOCAL ENHANCED SERVICES
DEPARTMENT OF HEALTH ,NHS EAST RIDING OF YORKSHIRE CCG,31/10/2018,PRC DELEGATED CO-COMMISSIONING,C&M-PMS Contract Value,PRACTICE ONE,KHU000031658,"69,389.56",LOCAL ENHANCED SERVICES
DEPARTMENT OF HEALTH ,NHS EAST RIDING OF YORKSHIRE CCG,31/10/2018,IMPROVING ACCESS TO PSYCHOLOGICAL THERAPIES,Clinical&Medical-Independent Sector,RELATE HULL & EAST YORKSHIRE,1819ERCCG6,"25,859.57",TREATMENT 30/09/18
DEPARTMENT OF HEALTH ,NHS EAST RIDING OF YORKSHIRE CCG,31/10/2018,LOCAL ENHANCED SERVICES,C&M-GMS Cost of Drugs -Dispensing,RIDINGS MEDICAL GROUP (THE),KHU000031802,"430,453.19",LOCAL ENHANCED SERVICES
DEPARTMENT OF HEALTH ,NHS EAST RIDING OF YORKSHIRE CCG,31/10/2018,LOCAL ENHANCED SERVICES,C&M-GMS Cost of Drugs -Dispensing,RIDINGS MEDICAL GROUP (THE),KHU000031801,"-112,911.05",LOCAL ENHANCED SERVICES
DEPARTMENT OF HEALTH ,NHS EAST RIDING OF YORKSHIRE CCG,31/10/2018,ACUTE COMMISSIONING,Hcare Srv Rec Fdtn Trust-Contract Baseline,SHEFFIELD TEACHING HOSPITALS NHS FOUNDATION TRUST,4000544650,"28,724.00",C&V CONTRACT OCT 2018
DEPARTMENT OF HEALTH ,NHS EAST RIDING OF YORKSHIRE CCG,31/10/2018,LOCAL ENHANCED SERVICES,C&M-PMS Cost of Drugs -Dispensing,SNAITH & RAWCLIFFE MEDICAL GROUP,KHU000031798,"162,282.87",LOCAL ENHANCED SERVICES
DEPARTMENT OF HEALTH ,NHS EAST RIDING OF YORKSHIRE CCG,31/10/2018,PRC DELEGATED CO-COMMISSIONING,C&M-PMS Contract Value,SNAITH & RAWCLIFFE MEDICAL GROUP,KHU000031660,"131,234.73",LOCAL ENHANCED SERVICES
DEPARTMENT OF HEALTH ,NHS EAST RIDING OF YORKSHIRE CCG,31/10/2018,LOCAL ENHANCED SERVICES,C&M-PMS Cost of Drugs -Dispensing,SNAITH & RAWCLIFFE MEDICAL GROUP,KHU000031797,"-79,921.80",LOCAL ENHANCED SERVICES
DEPARTMENT OF HEALTH ,NHS EAST RIDING OF YORKSHIRE CCG,31/10/2018,LOCAL ENHANCED SERVICES,C&M-GMS Cost of Drugs -Dispensing,SOUTH HOLDERNESS MEDICAL PRACTICE,KHU000031762,"251,576.92",LOCAL ENHANCED SERVICES
DEPARTMENT OF HEALTH ,NHS EAST RIDING OF YORKSHIRE CCG,31/10/2018,LOCAL ENHANCED SERVICES,C&M-GMS Cost of Drugs -Dispensing,SOUTH HOLDERNESS MEDICAL PRACTICE,KHU000031761,"-64,699.21",LOCAL ENHANCED SERVICES
DEPARTMENT OF HEALTH ,NHS EAST RIDING OF YORKSHIRE CCG,31/10/2018,ACUTE COMMISSIONING,Clinical&Medical-Independent Sector - Contract Baseline,SPIRE HEALTHCARE LTD,02YHULPF181907,"555,073.00",1/12 BLOCK CONTRACT OCT 2018
DEPARTMENT OF HEALTH ,NHS EAST RIDING OF YORKSHIRE CCG,31/10/2018,ACUTE COMMISSIONING,Clinical&Medical-Independent Sector - Prior Year,SPIRE HEALTHCARE LTD,02YHULREC171811,"160,961.53",SAC FEB 2017/18
DEPARTMENT OF HEALTH ,NHS EAST RIDING OF YORKSHIRE CCG,31/10/2018,ACUTE COMMISSIONING,Clinical&Medical-Independent Sector - Prior Year,SPIRE HEALTHCARE LTD,02YHULREC171812,"47,705.04",SAC MARCH 2017/18
DEPARTMENT OF HEALTH ,NHS EAST RIDING OF YORKSHIRE CCG,31/10/2018,PRC DELEGATED CO-COMMISSIONING,C&M-APMS Contract Value,WOLDS VIEW PRIMARY CARE CENTRE,KHU000031661,"108,598.42",LOCAL ENHANCED SERVICES
DEPARTMENT OF HEALTH ,NHS EAST RIDING OF YORKSHIRE CCG,31/10/2018,ACUTE COMMISSIONING,Hcare Srv Rec Fdtn Trust-CQUIN,YORK TEACHING HOSPITAL NHS FOUNDATION TRUST,1010065067,"3,558,000.00",AIC OCT 2018/19
DEPARTMENT OF HEALTH ,NHS EAST RIDING OF YORKSHIRE CCG,31/10/2018,ACUTE COMMISSIONING,Hcare Srv Rec Fdtn Trust-Contract Baseline,YORK TEACHING HOSPITAL NHS FOUNDATION TRUST,1010065255,"89,000.00",WITHOUT PREJUDICE PAYMENT ALIGNED TO THE CONT OVERTRADE AIC CONTRACT
DEPARTMENT OF HEALTH ,NHS EAST RIDING OF YORKSHIRE CCG,31/10/2018,AMBULANCE SERVICES,Hcare Srv Rec NHS Trust-Contract Baseline,YORKSHIRE AMBULANCE SERVICE NHS TRUST,2810024050,"1,040,894.00",A&E CONTRACT OCT 2018
DEPARTMENT OF HEALTH ,NHS EAST RIDING OF YORKSHIRE CCG,31/10/2018,PATIENT TRANSPORT,Hcare Srv Rec NHS Trust-Contract Baseline,YORKSHIRE AMBULANCE SERVICE NHS TRUST,2810024123,"214,771.78",PTS CONTRACT OCT 2018
DEPARTMENT OF HEALTH ,NHS EAST RIDING OF YORKSHIRE CCG,31/10/2018,NHS 111,Hcare Srv Rec NHS Trust-Contract Baseline,YORKSHIRE AMBULANCE SERVICE NHS TRUST,2810024098,"59,898.00",NHS 111 CONTRACT OCT 2018
DEPARTMENT OF HEALTH ,NHS EAST RIDING OF YORKSHIRE CCG,31/10/2018,GP FORWARD VIEW,C&M-GMS Practice Transformational Support,YORKSHIRE HEALTH PARTNERS LTD,EH22018,"100,000.00",EXTENDED HOURS CONTRACT SECOND PAYMENT AS PER SCHEDULE 4
,,,,,,,,
,,,,,,,,
,,,,,,,,
,,,,,,,,
,,,,,,,,
,,,,,,,,
,,,,,,,,
,,,,,,,,
,,,,,,,,
,,,,,,,,
,,,,,,,,
,,,,,,,,
,,,,,,,,
,,,,,,,,
,,,,,,,,
,,,,,,,,
,,,,,,,,
,,,,,,,,
,,,,,,,,
,,,,,,,,
,,,,,,,,
,,,,,,,,
,,,,,,,,
,,,,,,,,
,,,,,,,,
,,,,,,,,
,,,,,,,,
,,,,,,,,
,,,,,,,,
,,,,,,,,
,,,,,,,,
,,,,,,,,
,,,,,,,,
,,,,,,,,
,,,,,,,,
,,,,,,,,
,,,,,,,,
,,,,,,,,
,,,,,,,,
,,,,,,,,
,,,,,,,,
,,,,,,,,
,,,,,,,,
,,,,,,,,
,,,,,,,,
,,,,,,,,
,,,,,,,,
,,,,,,,,
,,,,,,,,
,,,,,,,,
,,,,,,,,
,,,,,,,,
,,,,,,,,
,,,,,,,,
,,,,,,,,
,,,,,,,,
,,,,,,,,
,,,,,,,,
,,,,,,,,
,,,,,,,,
,,,,,,,,
