Department family,Entity,Date,Expense Area ,Expense Type,Supplier,Transaction number,   AP Amount (�)   ,Description
DEPARTMENT OF HEALTH ,NHS EAST RIDING OF YORKSHIRE CCG,12/03/2019,PRC DELEGATED CO-COMMISSIONING,C&M-PMS Contract Value,DR PA HARRIS & PARTNERS,KHU000033660,"118,384.09",GP PRACTICE CLAIMS
DEPARTMENT OF HEALTH ,NHS EAST RIDING OF YORKSHIRE CCG,12/03/2019,PRC DELEGATED CO-COMMISSIONING,C&M-PMS DES Minor Surgery,PRACTICE ONE,KHU000033662,"66,023.48",GP PRACTICE CLAIMS
DEPARTMENT OF HEALTH ,NHS EAST RIDING OF YORKSHIRE CCG,12/03/2019,PRC DELEGATED CO-COMMISSIONING,C&M-PMS Contract Value,SNAITH & RAWCLIFFE MEDICAL GROUP,KHU000033663,"-29,039.12",GP PRACTICE CLAIMS
DEPARTMENT OF HEALTH ,NHS EAST RIDING OF YORKSHIRE CCG,12/03/2019,PRC DELEGATED CO-COMMISSIONING,C&M-APMS Contract Value,SNAITH & RAWCLIFFE MEDICAL GROUP,KHU000033664,"122,724.03",GP PRACTICE CLAIMS
DEPARTMENT OF HEALTH ,NHS EAST RIDING OF YORKSHIRE CCG,12/03/2019,PRC DELEGATED CO-COMMISSIONING,C&M-PMS Baseline Adjustment,WOLDS VIEW PRIMARY CARE CENTRE,KHU000033665,"108,598.42",GP PRACTICE CLAIMS
DEPARTMENT OF HEALTH ,NHS EAST RIDING OF YORKSHIRE CCG,14/03/2019,PRC DELEGATED CO-COMMISSIONING,C&M-PMS Baseline Adjustment,DR PA HARRIS & PARTNERS,KHU000033805,"-113,859.28",GP PRACTICE CLAIMS
DEPARTMENT OF HEALTH ,NHS EAST RIDING OF YORKSHIRE CCG,14/03/2019,PRC DELEGATED CO-COMMISSIONING,C&M-PMS Contract Value,DR PA HARRIS & PARTNERS,KHU000033806,"115,553.03",GP PRACTICE CLAIMS
DEPARTMENT OF HEALTH ,NHS EAST RIDING OF YORKSHIRE CCG,14/03/2019,PRC DELEGATED CO-COMMISSIONING,C&M-PMS Contract Value,PRACTICE ONE,KHU000033807,"-62,814.72",GP PRACTICE CLAIMS
DEPARTMENT OF HEALTH ,NHS EAST RIDING OF YORKSHIRE CCG,14/03/2019,PRC DELEGATED CO-COMMISSIONING,C&M-PMS Contract Value,PRACTICE ONE,KHU000033808,"62,833.92",GP PRACTICE CLAIMS
DEPARTMENT OF HEALTH ,NHS EAST RIDING OF YORKSHIRE CCG,14/03/2019,PRC DELEGATED CO-COMMISSIONING,C&M-PMS Contract Value,SNAITH & RAWCLIFFE MEDICAL GROUP,KHU000033809,"-113,970.31",GP PRACTICE CLAIMS
DEPARTMENT OF HEALTH ,NHS EAST RIDING OF YORKSHIRE CCG,14/03/2019,PRC DELEGATED CO-COMMISSIONING,C&M-APMS Contract Value,SNAITH & RAWCLIFFE MEDICAL GROUP,KHU000033810,"122,402.93",GP PRACTICE CLAIMS
DEPARTMENT OF HEALTH ,NHS EAST RIDING OF YORKSHIRE CCG,14/03/2019,PRC DELEGATED CO-COMMISSIONING,C&M-APMS Contract Value,WOLDS VIEW PRIMARY CARE CENTRE,KHU000033811,"-108,598.42",GP PRACTICE CLAIMS
DEPARTMENT OF HEALTH ,NHS EAST RIDING OF YORKSHIRE CCG,14/03/2019,PRC DELEGATED CO-COMMISSIONING,C&M-GMS Cost of Drugs -Dispensing,WOLDS VIEW PRIMARY CARE CENTRE,KHU000033812,"108,598.42",GP PRACTICE CLAIMS
DEPARTMENT OF HEALTH ,NHS EAST RIDING OF YORKSHIRE CCG,27/03/2019,LOCAL ENHANCED SERVICES,C&M-GMS Cost of Drugs -Dispensing,DR GARWOOD D J & PARTNERS,KHU000033911,"-94,303.78",GP PRACTICE CLAIMS
DEPARTMENT OF HEALTH ,NHS EAST RIDING OF YORKSHIRE CCG,27/03/2019,LOCAL ENHANCED SERVICES,C&M-GMS GP Statutory Levy,DR GARWOOD D J & PARTNERS,KHU000033912,"319,876.88",GP PRACTICE CLAIMS
DEPARTMENT OF HEALTH ,NHS EAST RIDING OF YORKSHIRE CCG,27/03/2019,PRC DELEGATED CO-COMMISSIONING,C&M-GMS Cost of Drugs -Prescribing,DR MACNAB H K & PARTNERS,KHU000033913,"-29,418.69",GP PRACTICE CLAIMS
DEPARTMENT OF HEALTH ,NHS EAST RIDING OF YORKSHIRE CCG,27/03/2019,LOCAL ENHANCED SERVICES,C&M-GMS Cost of Drugs -Dispensing,DR MACNAB H K & PARTNERS,KHU000033914,"78,406.05",GP PRACTICE CLAIMS
DEPARTMENT OF HEALTH ,NHS EAST RIDING OF YORKSHIRE CCG,27/03/2019,LOCAL ENHANCED SERVICES,C&M-GMS Cost of Drugs -Dispensing,DR MARSHALL S M & PARTNERS,KHU000033915,"-65,841.42",GP PRACTICE CLAIMS
DEPARTMENT OF HEALTH ,NHS EAST RIDING OF YORKSHIRE CCG,27/03/2019,LOCAL ENHANCED SERVICES,C&M-GMS Cost of Drugs -Prescribing,DR MARSHALL S M & PARTNERS,KHU000033916,"161,807.29",GP PRACTICE CLAIMS
DEPARTMENT OF HEALTH ,NHS EAST RIDING OF YORKSHIRE CCG,27/03/2019,LOCAL ENHANCED SERVICES,C&M-GMS Cost of Drugs -Prescribing,DR MILNER A C,KHU000033919,"37,085.61",GP PRACTICE CLAIMS
DEPARTMENT OF HEALTH ,NHS EAST RIDING OF YORKSHIRE CCG,27/03/2019,LOCAL ENHANCED SERVICES,C&M-GMS Cost of Drugs -Prescribing,DR MIXER P R & PARTNERS,KHU000033923,"106,925.72",GP PRACTICE CLAIMS
DEPARTMENT OF HEALTH ,NHS EAST RIDING OF YORKSHIRE CCG,27/03/2019,LOCAL ENHANCED SERVICES,C&M-GMS Cost of Drugs -Prescribing,DR MOODY M E A & PARTNERS,KHU000033925,"83,104.95",GP PRACTICE CLAIMS
DEPARTMENT OF HEALTH ,NHS EAST RIDING OF YORKSHIRE CCG,27/03/2019,LOCAL ENHANCED SERVICES,C&M-GMS Cost of Drugs -Dispensing,DR PEARSON R L & PARTNERS,KHU000033927,"55,421.30",GP PRACTICE CLAIMS
DEPARTMENT OF HEALTH ,NHS EAST RIDING OF YORKSHIRE CCG,27/03/2019,LOCAL ENHANCED SERVICES,C&M-GMS Cost of Drugs -Dispensing,DR PICKERING N & PARTNERS,KHU000033928,"-86,530.36",GP PRACTICE CLAIMS
DEPARTMENT OF HEALTH ,NHS EAST RIDING OF YORKSHIRE CCG,27/03/2019,LOCAL ENHANCED SERVICES,C&M-GMS Cost of Drugs -Dispensing,DR PICKERING N & PARTNERS,KHU000033929,"256,228.68",GP PRACTICE CLAIMS
DEPARTMENT OF HEALTH ,NHS EAST RIDING OF YORKSHIRE CCG,27/03/2019,LOCAL ENHANCED SERVICES,C&M-GMS Cost of Drugs -Dispensing,DR SYKES A J & PARTNERS,KHU000033930,"-155,738.79",GP PRACTICE CLAIMS
DEPARTMENT OF HEALTH ,NHS EAST RIDING OF YORKSHIRE CCG,27/03/2019,LOCAL ENHANCED SERVICES,C&M-GMS Cost of Drugs -Prescribing,DR SYKES A J & PARTNERS,KHU000033931,"376,999.61",GP PRACTICE CLAIMS
DEPARTMENT OF HEALTH ,NHS EAST RIDING OF YORKSHIRE CCG,27/03/2019,LOCAL ENHANCED SERVICES,C&M-GMS GP Statutory Levy,DR WRIGHTSON L & PARTNERS,KHU000033933,"162,303.35",GP PRACTICE CLAIMS
DEPARTMENT OF HEALTH ,NHS EAST RIDING OF YORKSHIRE CCG,27/03/2019,PRC DELEGATED CO-COMMISSIONING,C&M-GMS Cost of Drugs -Prescribing,HESSLE GRANGE MEDICAL PRACTICE,KHU000033934,"-28,047.03",GP PRACTICE CLAIMS
DEPARTMENT OF HEALTH ,NHS EAST RIDING OF YORKSHIRE CCG,27/03/2019,LOCAL ENHANCED SERVICES,C&M-GMS Cost of Drugs -Prescribing,HESSLE GRANGE MEDICAL PRACTICE,KHU000033935,"114,635.71",GP PRACTICE CLAIMS
DEPARTMENT OF HEALTH ,NHS EAST RIDING OF YORKSHIRE CCG,27/03/2019,LOCAL ENHANCED SERVICES,C&M-GMS Cost of Drugs -Prescribing,MANOR HOUSE SURGERY BRIDLINGTON,KHU000033937,"107,298.51",GP PRACTICE CLAIMS
DEPARTMENT OF HEALTH ,NHS EAST RIDING OF YORKSHIRE CCG,27/03/2019,LOCAL ENHANCED SERVICES,C&M-PMS Cost of Drugs -Dispensing,MONTAGUE MEDICAL PRACTICE,KHU000033939,"81,514.33",GP PRACTICE CLAIMS
DEPARTMENT OF HEALTH ,NHS EAST RIDING OF YORKSHIRE CCG,27/03/2019,LOCAL ENHANCED SERVICES,C&M-PMS Cost of Drugs -Dispensing,SNAITH & RAWCLIFFE MEDICAL GROUP,KHU000033943,"-80,767.84",GP PRACTICE CLAIMS
DEPARTMENT OF HEALTH ,NHS EAST RIDING OF YORKSHIRE CCG,27/03/2019,LOCAL ENHANCED SERVICES,Cont Care- Palliative Care,SNAITH & RAWCLIFFE MEDICAL GROUP,KHU000033944,"171,623.35",GP PRACTICE CLAIMS
DEPARTMENT OF HEALTH ,NHS EAST RIDING OF YORKSHIRE CCG,14/02/2019,CHC ADULT FULLY FUNDED,Clinical&Medical-Independent Sector,EAST RIDING OF YORKSHIRE COUNCIL,63091227,"3,211,206.89",CHC RECHARGE PERIODS 7 & 8
DEPARTMENT OF HEALTH ,NHS EAST RIDING OF YORKSHIRE CCG,07/02/2019,IMPROVING ACCESS TO PSYCHOLOGICAL THERAPIES,C&M-GMS Prem Actual Rent,IESO DIGITAL HEALTH LTD,UK000209,"56,843.34",BILLABLE WORK DEC 2018
DEPARTMENT OF HEALTH ,NHS EAST RIDING OF YORKSHIRE CCG,12/03/2019,PRC DELEGATED CO-COMMISSIONING,C&M-GMS Practice Transformational Support,PARK SURGERY (DRIFFIELD),103310-07-MAR-2019,"63,787.00",GP PRACTICE CLAIMS
DEPARTMENT OF HEALTH ,NHS EAST RIDING OF YORKSHIRE CCG,08/03/2019,GP FORWARD VIEW,C&M-PMS Contract Value,HOLDERNESS HEALTH (CHURCH VIEW SURGERY),INV0260,"35,892.00",PMS REINVESTMENT 2018/19
DEPARTMENT OF HEALTH ,NHS EAST RIDING OF YORKSHIRE CCG,12/03/2019,PRC DELEGATED CO-COMMISSIONING,C&M-PMS Contract Value,DR HARRISON R W,KHU000033658,"71,561.67",GP PRACTICE CLAIMS 
DEPARTMENT OF HEALTH ,NHS EAST RIDING OF YORKSHIRE CCG,14/03/2019,PRC DELEGATED CO-COMMISSIONING,C&M-PMS Contract Value,DR HARRISON R W,KHU000033803,"-68,627.00",GP PRACTICE CLAIMS 
DEPARTMENT OF HEALTH ,NHS EAST RIDING OF YORKSHIRE CCG,14/03/2019,PRC DELEGATED CO-COMMISSIONING,C&M-GMS Cost of Drugs -Dispensing,DR HARRISON R W,KHU000033804,"70,918.63",GP PRACTICE CLAIMS 
DEPARTMENT OF HEALTH ,NHS EAST RIDING OF YORKSHIRE CCG,27/03/2019,LOCAL ENHANCED SERVICES,C&M-GMS Cost of Drugs -Dispensing,DR HILL S A & PARTNERS,KHU000033909,"-50,257.81",GP PRACTICE CLAIMS 
DEPARTMENT OF HEALTH ,NHS EAST RIDING OF YORKSHIRE CCG,27/03/2019,LOCAL ENHANCED SERVICES,C&M-GMS Cost of Drugs -Prescribing,DR HILL S A & PARTNERS,KHU000033910,"174,431.64",GP PRACTICE CLAIMS 
DEPARTMENT OF HEALTH ,NHS EAST RIDING OF YORKSHIRE CCG,27/03/2019,LOCAL ENHANCED SERVICES,C&M-GMS Cost of Drugs -Dispensing,PARK VIEW SURGERY HESSLE,KHU000033941,"41,276.16",GP PRACTICE CLAIMS 
DEPARTMENT OF HEALTH ,NHS EAST RIDING OF YORKSHIRE CCG,27/03/2019,LOCAL ENHANCED SERVICES,C&M-GMS Cost of Drugs -Dispensing,PARK SURGERY (DRIFFIELD),KHU000033945,"-183,087.00",GP PRACTICE CLAIMS 
DEPARTMENT OF HEALTH ,NHS EAST RIDING OF YORKSHIRE CCG,27/03/2019,LOCAL ENHANCED SERVICES,C&M-GMS Cost of Drugs -Dispensing,PARK SURGERY (DRIFFIELD),KHU000033946,"422,014.33",GP PRACTICE CLAIMS 
DEPARTMENT OF HEALTH ,NHS EAST RIDING OF YORKSHIRE CCG,27/03/2019,LOCAL ENHANCED SERVICES,C&M-GMS Cost of Drugs -Dispensing,RIDINGS MEDICAL GROUP (THE),KHU000033947,"-102,662.18",GP PRACTICE CLAIMS 
DEPARTMENT OF HEALTH ,NHS EAST RIDING OF YORKSHIRE CCG,27/03/2019,LOCAL ENHANCED SERVICES,C&M-GMS Cost of Drugs -Dispensing,RIDINGS MEDICAL GROUP (THE),KHU000033948,"428,185.56",GP PRACTICE CLAIMS 
DEPARTMENT OF HEALTH ,NHS EAST RIDING OF YORKSHIRE CCG,27/03/2019,LOCAL ENHANCED SERVICES,C&M-GMS Cost of Drugs -Dispensing,HOLDERNESS HEALTH (CHURCH VIEW SURGERY),KHU000033956,"-83,143.06",GP PRACTICE CLAIMS 
DEPARTMENT OF HEALTH ,NHS EAST RIDING OF YORKSHIRE CCG,27/03/2019,LOCAL ENHANCED SERVICES,C&M-GMS Cost of Drugs -Dispensing,HOLDERNESS HEALTH (CHURCH VIEW SURGERY),KHU000033957,"286,177.12",GP PRACTICE CLAIMS 
DEPARTMENT OF HEALTH ,NHS EAST RIDING OF YORKSHIRE CCG,27/03/2019,LOCAL ENHANCED SERVICES,C&M-GMS Cost of Drugs -Dispensing,HOLDERNESS HEALTH (SOUTH HOLDERNESS MEDICAL PRACTICE),KHU000033959,"-65,693.78",GP PRACTICE CLAIMS 
DEPARTMENT OF HEALTH ,NHS EAST RIDING OF YORKSHIRE CCG,27/03/2019,LOCAL ENHANCED SERVICES,C&M-GMS Cost of Drugs -Dispensing,HOLDERNESS HEALTH (SOUTH HOLDERNESS MEDICAL PRACTICE),KHU000033960,"265,917.36",GP PRACTICE CLAIMS 
DEPARTMENT OF HEALTH ,NHS EAST RIDING OF YORKSHIRE CCG,27/03/2019,LOCAL ENHANCED SERVICES,C&M-GMS Cost of Drugs -Dispensing,HOLDERNESS HEALTH (HEDON GROUP PRACTICE),KHU000033961,"-70,614.15",GP PRACTICE CLAIMS 
DEPARTMENT OF HEALTH ,NHS EAST RIDING OF YORKSHIRE CCG,27/03/2019,LOCAL ENHANCED SERVICES,C&M-GMS Practice Transformational Support,HOLDERNESS HEALTH (HEDON GROUP PRACTICE),KHU000033962,"259,462.24",GP PRACTICE CLAIMS 
DEPARTMENT OF HEALTH ,NHS EAST RIDING OF YORKSHIRE CCG,20/03/2019,GP FORWARD VIEW,C&M-PMS Contract Value,YORKSHIRE HEALTH PARTNERS LTD,EH72019,"133,833.00",SEVENTH PMT UNDER EXTENDED HOURS CONTRACT AS SET OUT IN SCHEDULE 4
DEPARTMENT OF HEALTH ,NHS EAST RIDING OF YORKSHIRE CCG,20/03/2019,PRC DELEGATED CO-COMMISSIONING,Charges from CSU,GREENGATES MEDICAL GROUP,NOINV8770,"169,955.46",GP PRACTICE CLAIMS 
DEPARTMENT OF HEALTH ,NHS EAST RIDING OF YORKSHIRE CCG,01/03/2019,CLINICAL ASSESSMENT AND TREATMENT CENTRES,Recharge : Received,NHS NORTH OF ENGLAND CSU,7310014392,"39,064.91",MEDS OPS & IFR P11 18/19
DEPARTMENT OF HEALTH ,NHS EAST RIDING OF YORKSHIRE CCG,11/03/2019,MH/LD ASSESSMENT & SUPPORT,Clinical&Medical-Serv Recd-F Trsts,NHS NORTH EAST LINCOLNSHIRE CCG,7015701222,"202,000.00",TRANSFORMING CARE PROGRAMME RECHARGE
DEPARTMENT OF HEALTH ,NHS EAST RIDING OF YORKSHIRE CCG,02/03/2019,COMMISSIONING - NON ACUTE,Clinical&Medical-Serv Recd-F Trsts,YORK TEACHING HOSPITAL NHS FOUNDATION TRUST,1010066549,"99,000.00",HCV CANCER ALLIANCE PROGRAMME DIRECTOR RECHARGE FOR Q1-Q3
DEPARTMENT OF HEALTH ,NHS EAST RIDING OF YORKSHIRE CCG,02/03/2019,COMMISSIONING - NON ACUTE,C&M-PMS Contract Value,YORK TEACHING HOSPITAL NHS FOUNDATION TRUST,1010068001,"33,000.00",HCV CANCER ALLIANCE PROGRAMME DIRECTOR RECHARGE FOR Q4
DEPARTMENT OF HEALTH ,NHS EAST RIDING OF YORKSHIRE CCG,19/03/2019,PRC DELEGATED CO-COMMISSIONING,C&M-PMS Contract Value,HUMBER TEACHING NHS FOUNDATION TRUST,103317-14-MAR-2019,"79,268.85",GP PRACTICE CLAIMS
DEPARTMENT OF HEALTH ,NHS EAST RIDING OF YORKSHIRE CCG,19/03/2019,PRC DELEGATED CO-COMMISSIONING,C&M-PMS Contract Value,HUMBER TEACHING NHS FOUNDATION TRUST,103318-14-MAR-2019,"28,228.76",GP PRACTICE CLAIMS
DEPARTMENT OF HEALTH ,NHS EAST RIDING OF YORKSHIRE CCG,19/03/2019,PRC DELEGATED CO-COMMISSIONING,Hcare Srv Rec NHS Trust-CQUIN,HUMBER TEACHING NHS FOUNDATION TRUST,103319-14-MAR-2019,"36,431.87",GP PRACTICE CLAIMS
DEPARTMENT OF HEALTH ,NHS EAST RIDING OF YORKSHIRE CCG,20/02/2019,ACUTE COMMISSIONING,Hcare Srv Rec NHS Trust-CQUIN,LEEDS TEACHING HOSPITALS NHS TRUST,1410121585,"130,913.00",P11 1819 BLOCK
DEPARTMENT OF HEALTH ,NHS EAST RIDING OF YORKSHIRE CCG,26/02/2019,ACUTE COMMISSIONING,Clinical&Medical-Serv Recd-F Trsts,MID YORKSHIRE HOSPITALS NHS TRUST,1600006241,"89,046.00",P12 1819 BLOCK
DEPARTMENT OF HEALTH ,NHS EAST RIDING OF YORKSHIRE CCG,01/03/2019,COMMISSIONING - NON ACUTE,Clinical&Medical-Serv Recd-F Trsts,NORTHERN LINCOLNSHIRE AND GOOLE HOSPITALS NHS FOUNDATION TRUST,2400022028,"25,890.00",HISTOLOGY STAFF 2WTE B7 RFOM OCT 17 FOR 18MTHS Q3 2018 OCT-DEC
DEPARTMENT OF HEALTH ,NHS EAST RIDING OF YORKSHIRE CCG,01/03/2019,COMMISSIONING - NON ACUTE,Hcare Srv Rec Fdtn Trust-CQUIN,NORTHERN LINCOLNSHIRE AND GOOLE HOSPITALS NHS FOUNDATION TRUST,2400022636,"25,890.00",HISTOLOGY STAFF 2WTE B7 RFOM OCT 17 FOR 18MTHS Q4 2018/19 JAN/MAR
DEPARTMENT OF HEALTH ,NHS EAST RIDING OF YORKSHIRE CCG,06/03/2019,ACUTE COMMISSIONING,Hcare Srv Rec Fdtn Trust-Over/ Under Performance,NORTHERN LINCOLNSHIRE AND GOOLE HOSPITALS NHS FOUNDATION TRUST,2400022657,"1,396,835.00",STD CONTRACT MARCH 2019
DEPARTMENT OF HEALTH ,NHS EAST RIDING OF YORKSHIRE CCG,04/03/2019,ACUTE COMMISSIONING,Hcare Srv Rec Fdtn Trust-Over/ Under Performance,NORTHERN LINCOLNSHIRE AND GOOLE HOSPITALS NHS FOUNDATION TRUST,2400022908,"42,436.00",M08 NOV TO M09 DEC 2018/19
DEPARTMENT OF HEALTH ,NHS EAST RIDING OF YORKSHIRE CCG,19/02/2019,ACUTE COMMISSIONING,Hcare Srv Rec Fdtn Trust-Over/ Under Performance,NORTHERN LINCOLNSHIRE AND GOOLE HOSPITALS NHS FOUNDATION TRUST,2500002692,"-107,954.00",CARE & TREATMENT REVIEW JAN 19
DEPARTMENT OF HEALTH ,NHS EAST RIDING OF YORKSHIRE CCG,19/02/2019,ACUTE COMMISSIONING,Hcare Srv Rec Fdtn Trust-Over/ Under Performance,NORTHERN LINCOLNSHIRE AND GOOLE HOSPITALS NHS FOUNDATION TRUST,2500002700,"-138,905.00",DUMMY CREDIT INV 2400021258
DEPARTMENT OF HEALTH ,NHS EAST RIDING OF YORKSHIRE CCG,01/03/2019,ACUTE COMMISSIONING,Hcare Srv Rec NHS Trust-Contract Baseline,NORTHERN LINCOLNSHIRE AND GOOLE HOSPITALS NHS FOUNDATION TRUST,2500002865,"-42,436.00",CREDIT RAISED AGAINST INVOICE 2400022908
DEPARTMENT OF HEALTH ,NHS EAST RIDING OF YORKSHIRE CCG,01/03/2019,AMBULANCE SERVICES,Hcare Srv Rec NHS Trust-Contract Baseline,YORKSHIRE AMBULANCE SERVICE NHS TRUST,2810026005,1040894,CHARGE IN RESPECT OF A&E CORE CONTRACT MARCH 2019
DEPARTMENT OF HEALTH ,NHS EAST RIDING OF YORKSHIRE CCG,01/03/2019,NHS 111,Hcare Srv Rec NHS Trust-Contract Baseline,YORKSHIRE AMBULANCE SERVICE NHS TRUST,2810026027,59898,CHARGE IN RESPECT OF NHS111 MARCH 2019
DEPARTMENT OF HEALTH ,NHS EAST RIDING OF YORKSHIRE CCG,04/03/2019,PATIENT TRANSPORT,Hcare Srv Rec Fdtn Trust-Contract Baseline,YORKSHIRE AMBULANCE SERVICE NHS TRUST,2810026037,214771.78,CHARGE IN RESPECT OF PTS CORE MARCH 2019
DEPARTMENT OF HEALTH ,NHS EAST RIDING OF YORKSHIRE CCG,06/03/2019,ACUTE COMMISSIONING,Hcare Srv Rec Fdtn Trust-CQUIN,SHEFFIELD TEACHING HOSPITALS NHS FOUNDATION TRUST,4000556007,28725,COST & VOLUME CONTRACT MARCH 2019
DEPARTMENT OF HEALTH ,NHS EAST RIDING OF YORKSHIRE CCG,06/03/2019,ACUTE COMMISSIONING,Hcare Srv Rec Fdtn Trust-Contract Variation,DONCASTER AND BASSETLAW HOSPITALS NHS FOUNDATION TRUST,56398303,141974,MARCH 2019 BLOCK
DEPARTMENT OF HEALTH ,NHS EAST RIDING OF YORKSHIRE CCG,22/02/2019,MENTAL HEALTH CONTRACTS,Hcare Srv Rec Fdtn Trust-Contract Variation,HUMBER TEACHING NHS FOUNDATION TRUST,59884053,34120,MH CV 20 2018/19
DEPARTMENT OF HEALTH ,NHS EAST RIDING OF YORKSHIRE CCG,07/03/2019,MENTAL HEALTH CONTRACTS,Hcare Srv Rec Fdtn Trust-CQUIN,HUMBER TEACHING NHS FOUNDATION TRUST,59884107,624399,MH CV21 2018/19
DEPARTMENT OF HEALTH ,NHS EAST RIDING OF YORKSHIRE CCG,08/03/2019,MENTAL HEALTH CONTRACTS,Cont Care-Foundation Trust,HUMBER TEACHING NHS FOUNDATION TRUST,59884176,2302943.41,MARCH 2019 BLOCK
DEPARTMENT OF HEALTH ,NHS EAST RIDING OF YORKSHIRE CCG,08/03/2019,CHC ADULT FULLY FUNDED,Hcare Srv Rec Fdtn Trust-Contract Cost per Case,HUMBER TEACHING NHS FOUNDATION TRUST,59884182,136666.67,PROVISION OF RESIDENTIAL AND NURSING CARE MARCH 2019
DEPARTMENT OF HEALTH ,NHS EAST RIDING OF YORKSHIRE CCG,25/03/2019,IMPROVING ACCESS TO PSYCHOLOGICAL THERAPIES,Clinical&Medical-Serv Recd-NHS Trst,HUMBER TEACHING NHS FOUNDATION TRUST,59884210,71581.83,PROVISION OF EAST RIDING IAPT FEB 2019
DEPARTMENT OF HEALTH ,NHS EAST RIDING OF YORKSHIRE CCG,01/03/2019,COMMISSIONING - NON ACUTE,Clinical&Medical-Serv Recd-NHS Trst,HULL AND EAST YORKSHIRE HOSPITALS NHS TRUST,C0002263,-33000,CREDIT IN RELATION TO INVOICE H0016283
DEPARTMENT OF HEALTH ,NHS EAST RIDING OF YORKSHIRE CCG,15/03/2019,ACUTE COMMISSIONING,Hcare Srv Rec NHS Trust-CQUIN,HULL AND EAST YORKSHIRE HOSPITALS NHS TRUST,H0021221,239000,BLOCK ADJUSTMENT JAN 2019
DEPARTMENT OF HEALTH ,NHS EAST RIDING OF YORKSHIRE CCG,06/03/2019,ACUTE COMMISSIONING,C&M-GMS Cost of Drugs -Prescribing,HULL AND EAST YORKSHIRE HOSPITALS NHS TRUST,H0021911,10928333,MARCH 2019 BLOCK
DEPARTMENT OF HEALTH ,NHS EAST RIDING OF YORKSHIRE CCG,27/03/2019,LOCAL ENHANCED SERVICES,Hcare Srv Rec Fdtn Trust-Contract Baseline,HUMBER TEACHING NHS FOUNDATION TRUST,KHU000033955,71426.72,GP PRACTICE CLAIMS
DEPARTMENT OF HEALTH ,NHS EAST RIDING OF YORKSHIRE CCG,06/03/2019,ACUTE COMMISSIONING,Hcare Srv Rec Fdtn Trust-CQUIN,YORK TEACHING HOSPITAL NHS FOUNDATION TRUST,1010068747,3491340,AIC MARCH 2019
DEPARTMENT OF HEALTH ,NHS EAST RIDING OF YORKSHIRE CCG,06/03/2019,ACUTE COMMISSIONING,Clinical&Medical-Independent Sector - Contract Baseline,NORTHERN LINCOLNSHIRE AND GOOLE HOSPITALS NHS FOUNDATION TRUST,2400022657,1149976,STD CONTRACT MARCH 2019
DEPARTMENT OF HEALTH ,NHS EAST RIDING OF YORKSHIRE CCG,05/03/2019,ACUTE COMMISSIONING,LPF Management Fees,SPIRE HEALTHCARE LTD,02YHULPF181912,604672,1/12 ESTIMATED ANNUAL CONTRACT VALUE MARCH 2019
DEPARTMENT OF HEALTH ,NHS EAST RIDING OF YORKSHIRE CCG,07/03/2019,PRIMARY CARE IT,Cont Care- Prior Year Payments,KIER BUSINESS SERVICES LTD,10145426,106885.2,LPF MARCH 2019
DEPARTMENT OF HEALTH ,NHS EAST RIDING OF YORKSHIRE CCG,28/02/2019,CHC ADULT FULLY FUNDED,C&M-PMS GP Statutory Levy,FYLDE LAW,103301-25-FEB-2019,100019.82,REF:JB/PEA0601 - PUPOC REIMBURSEMENT RETRO 426
DEPARTMENT OF HEALTH ,NHS EAST RIDING OF YORKSHIRE CCG,21/03/2019,PRC DELEGATED CO-COMMISSIONING,Computer Network Costs,HUMBERSIDE GROUP OF LMC LTD,103321-18-MAR-2019,34559.66,QUARTER 4 1819 STATUTORY LEVY
DEPARTMENT OF HEALTH ,NHS EAST RIDING OF YORKSHIRE CCG,18/02/2019,PRIMARY CARE IT,Clinical&Medical-Independent Sector,MJOG LTD,116675,82620,PREMIUM & SMART SERVICE 3 YEARS 01/02/19-31/01/22
DEPARTMENT OF HEALTH ,NHS EAST RIDING OF YORKSHIRE CCG,05/03/2019,CHILD AND ADOLESCENT MENTAL HEALTH,Social Care-ICES,HEALIOS LTD,1219,33264,CHILDREN AND YOUNG PEOPLES AUTISM DIAGNOSTIC ASSESSMENTS  25/02/19
DEPARTMENT OF HEALTH ,NHS EAST RIDING OF YORKSHIRE CCG,05/03/2019,COMMUNITY SERVICES,Social Care-ICES,NOTTINGHAM REHAB LTD,1800106710,98502.89,ACTIVITY INVOICE NOV 18 SOCIAL 
DEPARTMENT OF HEALTH ,NHS EAST RIDING OF YORKSHIRE CCG,14/03/2019,COMMUNITY SERVICES,Social Care-ICES,NOTTINGHAM REHAB LTD,1800106962,70201.76,SOCIAL DEC 2018 MI
DEPARTMENT OF HEALTH ,NHS EAST RIDING OF YORKSHIRE CCG,18/02/2019,COMMUNITY SERVICES,Social Care-ICES,NOTTINGHAM REHAB LTD,1800107288,198965.57,HEALTH JAN 19 MI
DEPARTMENT OF HEALTH ,NHS EAST RIDING OF YORKSHIRE CCG,12/03/2019,COMMUNITY SERVICES,Social Care-ICES,NOTTINGHAM REHAB LTD,1800107292,63102.55,WHEELCHAIR EQUIPMENT 06/02/19
DEPARTMENT OF HEALTH ,NHS EAST RIDING OF YORKSHIRE CCG,18/02/2019,COMMUNITY SERVICES,Social Care-ICES,NOTTINGHAM REHAB LTD,1800107361,26396.41,WHEELCHAIR ASSESSMENTS P10 1819
DEPARTMENT OF HEALTH ,NHS EAST RIDING OF YORKSHIRE CCG,08/03/2019,COMMUNITY SERVICES,Clinical&Medical-Independent Sector,NOTTINGHAM REHAB LTD,1800107508,62893.36,WHEELCHAIR EQUIPMENT FEB 19
DEPARTMENT OF HEALTH ,NHS EAST RIDING OF YORKSHIRE CCG,07/03/2019,IMPROVING ACCESS TO PSYCHOLOGICAL THERAPIES,Cont Care-Funded Nursing Care Allow,INSIGHT HEALTHCARE LTD,19263,56944.9,IAPT CASES CLOSED TO FEB 19
DEPARTMENT OF HEALTH ,NHS EAST RIDING OF YORKSHIRE CCG,11/02/2019,FUNDED NURSING CARE,Services From Local Authorities,EAST RIDING OF YORKSHIRE COUNCIL,63089419,87010.6,FNC PERIODS 8 & 9 2018/19
DEPARTMENT OF HEALTH ,NHS EAST RIDING OF YORKSHIRE CCG,14/02/2019,COMMUNITY SERVICES,Services From Local Authorities,EAST RIDING OF YORKSHIRE COUNCIL,63091286,151429.86,RECHARGE FOR MEDICAL CALLS 24/09/18-18/11/18
DEPARTMENT OF HEALTH ,NHS EAST RIDING OF YORKSHIRE CCG,14/02/2019,Learning Difficulties - S117,Clinical&Medical-Voluntary Sector,EAST RIDING OF YORKSHIRE COUNCIL,63091430,499725.99,S117 HEALTH RECHARGE PERIODS 7 & 8 18/19
DEPARTMENT OF HEALTH ,NHS EAST RIDING OF YORKSHIRE CCG,06/03/2019,HOSPICES,C&M-Independent Sector - CQUIN,BRITISH RED CROSS SOCIETY,650110445,29355.5,ASSISTED DISCHARGE ERY 29/10/18-31/12/18
DEPARTMENT OF HEALTH ,NHS EAST RIDING OF YORKSHIRE CCG,19/02/2019,COMMUNITY SERVICES,C&M-Independent Sector - CQUIN,CITY HEALTH CARE PARTNERSHIP CIC,7410028430,83048.77,INTEGRATED COMMUNITY SERVICES LOCAL INCENTIVE SCHEME ACHIEVMENT QTR 4
DEPARTMENT OF HEALTH ,NHS EAST RIDING OF YORKSHIRE CCG,14/02/2019,COMMUNITY SERVICES,C&M-Independent Sector - CQUIN,CITY HEALTH CARE PARTNERSHIP CIC,7410033091,163125,INTEGRATED COMMUNITY SERVICES QTR 1 2018/19
DEPARTMENT OF HEALTH ,NHS EAST RIDING OF YORKSHIRE CCG,14/02/2019,COMMUNITY SERVICES,C&M-Independent Sector - CQUIN,CITY HEALTH CARE PARTNERSHIP CIC,7410033092,163125,INTEGRATED COMMUNITY SERVICES QTR 2 2018/19
DEPARTMENT OF HEALTH ,NHS EAST RIDING OF YORKSHIRE CCG,14/02/2019,COMMUNITY SERVICES,Clinical&Medical-Not For Profit,CITY HEALTH CARE PARTNERSHIP CIC,7410033093,163125,INTEGRATED COMMUNITY SERVICES QTR 3 2018/19
DEPARTMENT OF HEALTH ,NHS EAST RIDING OF YORKSHIRE CCG,01/03/2019,COMMUNITY SERVICES,Clinical&Medical-Not For Profit,CITY HEALTH CARE PARTNERSHIP CIC,7410034147,96041.7,MARCH 2019 BLOCK
DEPARTMENT OF HEALTH ,NHS EAST RIDING OF YORKSHIRE CCG,01/03/2019,COMMUNITY SERVICES,Clinical&Medical-Not For Profit,CITY HEALTH CARE PARTNERSHIP CIC,7410034148,2294867.35,MARCH 2019 BLOCK
DEPARTMENT OF HEALTH ,NHS EAST RIDING OF YORKSHIRE CCG,22/03/2019,COMMUNITY SERVICES,Non-PFI Oprtng Lease-Bldgs-Lease Rent,CITY HEALTH CARE PARTNERSHIP CIC,7410034235,134000,RESPIRATORY PHYSIOTHERAPY IN CARE HOME 
DEPARTMENT OF HEALTH ,NHS EAST RIDING OF YORKSHIRE CCG,05/03/2019,RECHARGES NHS PROPERTY SERVICES LTD,Non-PFI Oprtng Lease-Bldgs-Lease Rent,NHS PROPERTY SERVICES LTD,H108235,54279.87,TENENT RENT 01/04/1-30/06/18
DEPARTMENT OF HEALTH ,NHS EAST RIDING OF YORKSHIRE CCG,05/03/2019,RECHARGES NHS PROPERTY SERVICES LTD,Non-PFI Oprtng Lease-Bldgs-Lease Rent,NHS PROPERTY SERVICES LTD,H114004,85485.54,CLIENT FM SERVICES 01/04/18-30/06/18
DEPARTMENT OF HEALTH ,NHS EAST RIDING OF YORKSHIRE CCG,05/03/2019,RECHARGES NHS PROPERTY SERVICES LTD,Non-PFI Oprtng Lease-Bldgs-Lease Rent,NHS PROPERTY SERVICES LTD,H153079,28495.18,CLIENT FM SERVICES 01/01/19-31/03/19
DEPARTMENT OF HEALTH ,NHS EAST RIDING OF YORKSHIRE CCG,03/03/2019,RECHARGES NHS PROPERTY SERVICES LTD,Clinical&Medical-Independent Sector,NHS PROPERTY SERVICES LTD,H165360,-47645.62,CLIENT FM SERVICES 01/04/17-31/03/18
DEPARTMENT OF HEALTH ,NHS EAST RIDING OF YORKSHIRE CCG,21/02/2019,NCAS/OATS,Prescribing,SPAMEDICA LTD,NHSERY028,30026.76,NCA OPHTHALMOLOGY CATARACT SERVICES JAN 2019
DEPARTMENT OF HEALTH ,NHS EAST RIDING OF YORKSHIRE CCG,07/03/2019,CLINICAL ASSESSMENT AND TREATMENT CENTRES,Prescribing,LLOYDS PHARMACY CLINICAL HOMECARE LTD,SINV3342269,77292,PRODUCTS 01/02/19
DEPARTMENT OF HEALTH ,NHS EAST RIDING OF YORKSHIRE CCG,07/03/2019,CLINICAL ASSESSMENT AND TREATMENT CENTRES,Prescribing,LLOYDS PHARMACY CLINICAL HOMECARE LTD,SINV3342364,26099.54,PRODUCTS 01/02/19
DEPARTMENT OF HEALTH ,NHS EAST RIDING OF YORKSHIRE CCG,06/03/2019,CLINICAL ASSESSMENT AND TREATMENT CENTRES,Clinical&Medical-Independent Sector,LLOYDS PHARMACY CLINICAL HOMECARE LTD,SINV3388606,97044.4,PRODUCTS 01/03/19
DEPARTMENT OF HEALTH ,NHS EAST RIDING OF YORKSHIRE CCG,06/03/2019,IMPROVING ACCESS TO PSYCHOLOGICAL THERAPIES,,IESO DIGITAL HEALTH LTD,UK000237,75212.33,BILLABLE WORK PER 2018/19 JAN 2019
