Department family,Entity,Date,Expense Area ,Expense Type,Supplier,Transaction number,   AP Amount (�)   ,Description
DEPARTMENT OF HEALTH ,NHS EAST RIDING OF YORKSHIRE CCG,11/02/2019,PRC DELEGATED CO-COMMISSIONING,C&M-PMS Contract Value,DR PA HARRIS & PARTNERS,KHU000033258,"115,878.55",GP PRACTICE CLAIMS 
DEPARTMENT OF HEALTH ,NHS EAST RIDING OF YORKSHIRE CCG,11/02/2019,PRC DELEGATED CO-COMMISSIONING,C&M-PMS Contract Value,PRACTICE ONE,KHU000033260,"66,023.48",GP PRACTICE CLAIMS 
DEPARTMENT OF HEALTH ,NHS EAST RIDING OF YORKSHIRE CCG,11/02/2019,PRC DELEGATED CO-COMMISSIONING,C&M-PMS Contract Value,SNAITH & RAWCLIFFE MEDICAL GROUP,KHU000033262,"118,713.58",GP PRACTICE CLAIMS 
DEPARTMENT OF HEALTH ,NHS EAST RIDING OF YORKSHIRE CCG,11/02/2019,PRC DELEGATED CO-COMMISSIONING,C&M-APMS Contract Value,WOLDS VIEW PRIMARY CARE CENTRE,KHU000033263,"108,878.42",GP PRACTICE CLAIMS 
DEPARTMENT OF HEALTH ,NHS EAST RIDING OF YORKSHIRE CCG,26/02/2019,LOCAL ENHANCED SERVICES,C&M-GMS Cost of Drugs -Dispensing,DR GARWOOD D J & PARTNERS,KHU000033399,"-83,796.78",GP PRACTICE CLAIMS 
DEPARTMENT OF HEALTH ,NHS EAST RIDING OF YORKSHIRE CCG,26/02/2019,LOCAL ENHANCED SERVICES,C&M-GMS Cost of Drugs -Dispensing,DR GARWOOD D J & PARTNERS,KHU000033400,"274,216.32",GP PRACTICE CLAIMS 
DEPARTMENT OF HEALTH ,NHS EAST RIDING OF YORKSHIRE CCG,26/02/2019,LOCAL ENHANCED SERVICES,C&M-GMS Cost of Drugs -Prescribing,DR MACNAB H K & PARTNERS,KHU000033402,"77,157.65",GP PRACTICE CLAIMS 
DEPARTMENT OF HEALTH ,NHS EAST RIDING OF YORKSHIRE CCG,26/02/2019,LOCAL ENHANCED SERVICES,C&M-GMS Cost of Drugs -Dispensing,DR MARSHALL S M & PARTNERS,KHU000033403,"-43,630.15",GP PRACTICE CLAIMS 
DEPARTMENT OF HEALTH ,NHS EAST RIDING OF YORKSHIRE CCG,26/02/2019,LOCAL ENHANCED SERVICES,C&M-GMS Cost of Drugs -Dispensing,DR MARSHALL S M & PARTNERS,KHU000033404,"129,674.67",GP PRACTICE CLAIMS 
DEPARTMENT OF HEALTH ,NHS EAST RIDING OF YORKSHIRE CCG,26/02/2019,LOCAL ENHANCED SERVICES,C&M-GMS Cost of Drugs -Prescribing,DR MILNER A C,KHU000033407,"42,808.79",GP PRACTICE CLAIMS 
DEPARTMENT OF HEALTH ,NHS EAST RIDING OF YORKSHIRE CCG,26/02/2019,LOCAL ENHANCED SERVICES,C&M-GMS Cost of Drugs -Prescribing,DR MIXER P R & PARTNERS,KHU000033411,"98,925.67",GP PRACTICE CLAIMS 
DEPARTMENT OF HEALTH ,NHS EAST RIDING OF YORKSHIRE CCG,26/02/2019,PRC DELEGATED CO-COMMISSIONING,C&M-GMS DES Learn Dsblty Hlth Chk,DR MOODY M E A & PARTNERS,KHU000033413,"72,291.42",GP PRACTICE CLAIMS 
DEPARTMENT OF HEALTH ,NHS EAST RIDING OF YORKSHIRE CCG,26/02/2019,LOCAL ENHANCED SERVICES,C&M-GMS Cost of Drugs -Prescribing,DR PEARSON R L & PARTNERS,KHU000033415,"75,620.72",GP PRACTICE CLAIMS 
DEPARTMENT OF HEALTH ,NHS EAST RIDING OF YORKSHIRE CCG,26/02/2019,LOCAL ENHANCED SERVICES,C&M-GMS Cost of Drugs -Dispensing,DR PICKERING N & PARTNERS,KHU000033416,"-87,484.55",GP PRACTICE CLAIMS 
DEPARTMENT OF HEALTH ,NHS EAST RIDING OF YORKSHIRE CCG,26/02/2019,LOCAL ENHANCED SERVICES,C&M-GMS Cost of Drugs -Dispensing,DR PICKERING N & PARTNERS,KHU000033417,"293,784.79",GP PRACTICE CLAIMS 
DEPARTMENT OF HEALTH ,NHS EAST RIDING OF YORKSHIRE CCG,26/02/2019,LOCAL ENHANCED SERVICES,C&M-GMS Cost of Drugs -Dispensing,DR SYKES A J & PARTNERS,KHU000033418,"-149,784.55",GP PRACTICE CLAIMS 
DEPARTMENT OF HEALTH ,NHS EAST RIDING OF YORKSHIRE CCG,26/02/2019,LOCAL ENHANCED SERVICES,C&M-GMS Cost of Drugs -Dispensing,DR SYKES A J & PARTNERS,KHU000033419,"376,960.98",GP PRACTICE CLAIMS 
DEPARTMENT OF HEALTH ,NHS EAST RIDING OF YORKSHIRE CCG,26/02/2019,LOCAL ENHANCED SERVICES,C&M-GMS Cost of Drugs -Prescribing,DR WRIGHTSON L & PARTNERS,KHU000033421,"206,048.63",GP PRACTICE CLAIMS 
DEPARTMENT OF HEALTH ,NHS EAST RIDING OF YORKSHIRE CCG,26/02/2019,LOCAL ENHANCED SERVICES,C&M-GMS Cost of Drugs -Prescribing,HESSLE GRANGE MEDICAL PRACTICE,KHU000033423,"159,511.64",GP PRACTICE CLAIMS 
DEPARTMENT OF HEALTH ,NHS EAST RIDING OF YORKSHIRE CCG,26/02/2019,LOCAL ENHANCED SERVICES,C&M-GMS Cost of Drugs -Prescribing,MANOR HOUSE SURGERY BRIDLINGTON,KHU000033425,"105,553.70",GP PRACTICE CLAIMS 
DEPARTMENT OF HEALTH ,NHS EAST RIDING OF YORKSHIRE CCG,26/02/2019,LOCAL ENHANCED SERVICES,C&M-GMS Cost of Drugs -Prescribing,MONTAGUE MEDICAL PRACTICE,KHU000033427,"80,768.14",GP PRACTICE CLAIMS 
DEPARTMENT OF HEALTH ,NHS EAST RIDING OF YORKSHIRE CCG,26/02/2019,LOCAL ENHANCED SERVICES,C&M-PMS Cost of Drugs -Dispensing,SNAITH & RAWCLIFFE MEDICAL GROUP,KHU000033431,"-82,957.90",GP PRACTICE CLAIMS 
DEPARTMENT OF HEALTH ,NHS EAST RIDING OF YORKSHIRE CCG,26/02/2019,LOCAL ENHANCED SERVICES,C&M-PMS Cost of Drugs -Dispensing,SNAITH & RAWCLIFFE MEDICAL GROUP,KHU000033432,"180,022.10",GP PRACTICE CLAIMS 
DEPARTMENT OF HEALTH ,NHS EAST RIDING OF YORKSHIRE CCG,31/01/2019,COMMUNITY SERVICES,C&M-Independent Sector - CQUIN,CITY HEALTH CARE PARTNERSHIP CIC,7410033630,"96,041.70",FEB CONTRACT 
DEPARTMENT OF HEALTH ,NHS EAST RIDING OF YORKSHIRE CCG,31/01/2019,COMMUNITY SERVICES,C&M-Independent Sector - CQUIN,CITY HEALTH CARE PARTNERSHIP CIC,7410033631,"2,294,867.35",FEB CONTRACT VARIATION
DEPARTMENT OF HEALTH ,NHS EAST RIDING OF YORKSHIRE CCG,06/02/2019,GP FORWARD VIEW,C&M-GMS Practice Transformational Support,YORKSHIRE HEALTH PARTNERS LTD,EH62019,"133,833.00",SIXTH PAYMENT UNDER EXTENDED HOURS CONTRACT 01/02/19
DEPARTMENT OF HEALTH ,NHS EAST RIDING OF YORKSHIRE CCG,11/02/2019,PRC DELEGATED CO-COMMISSIONING,C&M-PMS Contract Value,DR HARRISON R W,KHU000033256,"71,561.67",GP PRACTICE CLAIMS 
DEPARTMENT OF HEALTH ,NHS EAST RIDING OF YORKSHIRE CCG,11/02/2019,PRC DELEGATED CO-COMMISSIONING,C&M-PMS Contract Value,GREENGATES MEDICAL GROUP,KHU000033265,"190,669.38",GP PRACTICE CLAIMS 
DEPARTMENT OF HEALTH ,NHS EAST RIDING OF YORKSHIRE CCG,26/02/2019,LOCAL ENHANCED SERVICES,C&M-GMS Cost of Drugs -Dispensing,DR HILL S A & PARTNERS,KHU000033397,"-45,560.29",GP PRACTICE CLAIMS 
DEPARTMENT OF HEALTH ,NHS EAST RIDING OF YORKSHIRE CCG,26/02/2019,LOCAL ENHANCED SERVICES,C&M-GMS Cost of Drugs -Dispensing,DR HILL S A & PARTNERS,KHU000033398,"168,019.34",GP PRACTICE CLAIMS 
DEPARTMENT OF HEALTH ,NHS EAST RIDING OF YORKSHIRE CCG,26/02/2019,LOCAL ENHANCED SERVICES,C&M-GMS Cost of Drugs -Prescribing,PARK VIEW SURGERY HESSLE,KHU000033429,"42,319.50",GP PRACTICE CLAIMS 
DEPARTMENT OF HEALTH ,NHS EAST RIDING OF YORKSHIRE CCG,26/02/2019,LOCAL ENHANCED SERVICES,C&M-GMS Cost of Drugs -Dispensing,PARK SURGERY (DRIFFIELD),KHU000033434,"-118,093.10",GP PRACTICE CLAIMS 
DEPARTMENT OF HEALTH ,NHS EAST RIDING OF YORKSHIRE CCG,26/02/2019,LOCAL ENHANCED SERVICES,C&M-GMS Cost of Drugs -Dispensing,PARK SURGERY (DRIFFIELD),KHU000033435,"367,385.93",GP PRACTICE CLAIMS 
DEPARTMENT OF HEALTH ,NHS EAST RIDING OF YORKSHIRE CCG,26/02/2019,LOCAL ENHANCED SERVICES,C&M-GMS Cost of Drugs -Dispensing,RIDINGS MEDICAL GROUP (THE),KHU000033436,"-112,709.02",GP PRACTICE CLAIMS 
DEPARTMENT OF HEALTH ,NHS EAST RIDING OF YORKSHIRE CCG,26/02/2019,LOCAL ENHANCED SERVICES,C&M-GMS Cost of Drugs -Dispensing,RIDINGS MEDICAL GROUP (THE),KHU000033437,"458,095.34",GP PRACTICE CLAIMS 
DEPARTMENT OF HEALTH ,NHS EAST RIDING OF YORKSHIRE CCG,26/02/2019,LOCAL ENHANCED SERVICES,C&M-PMS Cost of Drugs -Dispensing,GREENGATES MEDICAL GROUP,KHU000033439,"38,174.39",GP PRACTICE CLAIMS 
DEPARTMENT OF HEALTH ,NHS EAST RIDING OF YORKSHIRE CCG,26/02/2019,LOCAL ENHANCED SERVICES,C&M-GMS Cost of Drugs -Dispensing,HOLDERNESS HEALTH (CHURCH VIEW SURGERY),KHU000033444,"-88,057.75",GP PRACTICE CLAIMS 
DEPARTMENT OF HEALTH ,NHS EAST RIDING OF YORKSHIRE CCG,26/02/2019,LOCAL ENHANCED SERVICES,C&M-GMS Cost of Drugs -Dispensing,HOLDERNESS HEALTH (CHURCH VIEW SURGERY),KHU000033445,"276,661.26",GP PRACTICE CLAIMS 
DEPARTMENT OF HEALTH ,NHS EAST RIDING OF YORKSHIRE CCG,26/02/2019,LOCAL ENHANCED SERVICES,C&M-GMS Cost of Drugs -Dispensing,HOLDERNESS HEALTH (SOUTH HOLDERNESS MEDICAL PRACTICE),KHU000033447,"-51,762.19",GP PRACTICE CLAIMS 
DEPARTMENT OF HEALTH ,NHS EAST RIDING OF YORKSHIRE CCG,26/02/2019,LOCAL ENHANCED SERVICES,C&M-GMS Cost of Drugs -Dispensing,HOLDERNESS HEALTH (SOUTH HOLDERNESS MEDICAL PRACTICE),KHU000033448,"285,913.70",GP PRACTICE CLAIMS 
DEPARTMENT OF HEALTH ,NHS EAST RIDING OF YORKSHIRE CCG,26/02/2019,LOCAL ENHANCED SERVICES,C&M-GMS Cost of Drugs -Dispensing,HOLDERNESS HEALTH (HEDON GROUP PRACTICE),KHU000033449,"-79,395.71",GP PRACTICE CLAIMS 
DEPARTMENT OF HEALTH ,NHS EAST RIDING OF YORKSHIRE CCG,26/02/2019,LOCAL ENHANCED SERVICES,C&M-GMS Cost of Drugs -Dispensing,HOLDERNESS HEALTH (HEDON GROUP PRACTICE),KHU000033450,"264,763.51",GP PRACTICE CLAIMS 
DEPARTMENT OF HEALTH ,NHS EAST RIDING OF YORKSHIRE CCG,18/02/2019,GP FORWARD VIEW,C&M-GMS Practice Transformational Support,RIDINGS MEDICAL GROUP (THE),KLY316,"27,054.00",PMS FUNDING
DEPARTMENT OF HEALTH ,NHS EAST RIDING OF YORKSHIRE CCG,07/02/2019,ACUTE COMMISSIONING,C&M-Independent Sector - CQUIN,RAMSAY HEALTH CARE UK,SAC101490,"26,107.00",SAC OCT 2018 REC
DEPARTMENT OF HEALTH ,NHS EAST RIDING OF YORKSHIRE CCG,06/02/2019,ACUTE COMMISSIONING,Hcare Srv Rec Fdtn Trust-Contract Baseline,YORK TEACHING HOSPITAL NHS FOUNDATION TRUST,1010068102,"3,491,340.00",18-19 AIC WITH YORK FT FEB 19
DEPARTMENT OF HEALTH ,NHS EAST RIDING OF YORKSHIRE CCG,18/01/2019,ACUTE COMMISSIONING,Hcare Srv Rec NHS Trust-CQUIN,LEEDS TEACHING HOSPITALS NHS TRUST,1410112403,"130,917.00",AP11 INVOICE FOR 1/12TH OR 18/19 
DEPARTMENT OF HEALTH ,NHS EAST RIDING OF YORKSHIRE CCG,31/01/2019,ACUTE COMMISSIONING,Hcare Srv Rec NHS Trust-Over/ Under Performance,LEEDS TEACHING HOSPITALS NHS TRUST,1410114155,"39,464.49",QTR 3 2018-19 ACTUAL ACTIVITY REC
DEPARTMENT OF HEALTH ,NHS EAST RIDING OF YORKSHIRE CCG,24/01/2019,ACUTE COMMISSIONING,Hcare Srv Rec NHS Trust-CQUIN,MID YORKSHIRE HOSPITALS NHS TRUST,1600005596,"89,046.00",SLA BLOCK CONTRACT FEBRAURY 19 
DEPARTMENT OF HEALTH ,NHS EAST RIDING OF YORKSHIRE CCG,06/02/2019,ACUTE COMMISSIONING,Hcare Srv Rec Fdtn Trust-CQUIN,NORTHERN LINCOLNSHIRE AND GOOLE HOSPITALS NHS FOUNDATION TRUST,2400022522,"1,396,835.00",M11 FEBRUARY STANDARD CONTRACT
DEPARTMENT OF HEALTH ,NHS EAST RIDING OF YORKSHIRE CCG,31/01/2019,AMBULANCE SERVICES,Hcare Srv Rec NHS Trust-Contract Baseline,YORKSHIRE AMBULANCE SERVICE NHS TRUST,2810025788,"1,040,894.00",CHARGE IN RESPECT OF A&E CORE CONTRACT EXCLUDING CQUINS FEB 2019
DEPARTMENT OF HEALTH ,NHS EAST RIDING OF YORKSHIRE CCG,31/01/2019,NHS 111,Hcare Srv Rec NHS Trust-Contract Baseline,YORKSHIRE AMBULANCE SERVICE NHS TRUST,2810025835,"59,898.00",NHS111 FEB 2019 BLOCK
DEPARTMENT OF HEALTH ,NHS EAST RIDING OF YORKSHIRE CCG,31/01/2019,PATIENT TRANSPORT,Hcare Srv Rec NHS Trust-Contract Baseline,YORKSHIRE AMBULANCE SERVICE NHS TRUST,2810025862,"214,771.78",PTS CORE FEB 2019
DEPARTMENT OF HEALTH ,NHS EAST RIDING OF YORKSHIRE CCG,06/02/2019,ACUTE COMMISSIONING,Hcare Srv Rec Fdtn Trust-Contract Baseline,SHEFFIELD TEACHING HOSPITALS NHS FOUNDATION TRUST,4000552825,"28,724.00",CPC CONTRACT FEB 2019
DEPARTMENT OF HEALTH ,NHS EAST RIDING OF YORKSHIRE CCG,06/02/2019,ACUTE COMMISSIONING,Hcare Srv Rec Fdtn Trust-CQUIN,DONCASTER AND BASSETLAW HOSPITALS NHS FOUNDATION TRUST,56397587,"141,974.00",FEB 2019 BLOCK CONTRACT 
DEPARTMENT OF HEALTH ,NHS EAST RIDING OF YORKSHIRE CCG,06/02/2019,MENTAL HEALTH CONTRACTS,Hcare Srv Rec Fdtn Trust-CQUIN,HUMBER TEACHING NHS FOUNDATION TRUST,59883902,"2,302,943.41",FEB 2019 BLOCK CONTRACT 
DEPARTMENT OF HEALTH ,NHS EAST RIDING OF YORKSHIRE CCG,11/02/2019,CHC ADULT FULLY FUNDED,Cont Care-Foundation Trust,HUMBER TEACHING NHS FOUNDATION TRUST,59883920,"136,666.67",RESIDENTIAL AND NURSING CARE GRANVILLE COURT FEB 2019
DEPARTMENT OF HEALTH ,NHS EAST RIDING OF YORKSHIRE CCG,06/02/2019,ACUTE COMMISSIONING,Hcare Srv Rec NHS Trust-CQUIN,HULL AND EAST YORKSHIRE HOSPITALS NHS TRUST,H0021224,"10,928,333.35",FEB 2019 BLOCK
DEPARTMENT OF HEALTH ,NHS EAST RIDING OF YORKSHIRE CCG,11/02/2019,PRC DELEGATED CO-COMMISSIONING,C&M-PMS Contract Value,HUMBER TEACHING NHS FOUNDATION TRUST,KHU000033267,"92,277.14",GP PRACTICE CLAIMS 
DEPARTMENT OF HEALTH ,NHS EAST RIDING OF YORKSHIRE CCG,11/02/2019,PRC DELEGATED CO-COMMISSIONING,C&M-PMS Contract Value,HUMBER TEACHING NHS FOUNDATION TRUST,KHU000033269,"41,804.22",GP PRACTICE CLAIMS 
DEPARTMENT OF HEALTH ,NHS EAST RIDING OF YORKSHIRE CCG,11/02/2019,PRC DELEGATED CO-COMMISSIONING,C&M-PMS Contract Value,HUMBER TEACHING NHS FOUNDATION TRUST,KHU000033271,"93,954.42",GP PRACTICE CLAIMS 
DEPARTMENT OF HEALTH ,NHS EAST RIDING OF YORKSHIRE CCG,26/02/2019,LOCAL ENHANCED SERVICES,C&M-GMS Cost of Drugs -Prescribing,HUMBER TEACHING NHS FOUNDATION TRUST,KHU000033443,"72,222.33",GP PRACTICE CLAIMS 
DEPARTMENT OF HEALTH ,NHS EAST RIDING OF YORKSHIRE CCG,01/02/2019,ACUTE COMMISSIONING,C&M-Independent Sector - CQUIN,SPIRE HEALTHCARE LTD,02YHULCQ1819M01M06,"35,156.53",CQUIN RECONCILIATION APR 2018
DEPARTMENT OF HEALTH ,NHS EAST RIDING OF YORKSHIRE CCG,05/02/2019,ACUTE COMMISSIONING,Clinical&Medical-Independent Sector - Contract Baseline,SPIRE HEALTHCARE LTD,02YHULPF181911,"604,672.00",BLOCK CONTRACT INVOICE FEB 2019
DEPARTMENT OF HEALTH ,NHS EAST RIDING OF YORKSHIRE CCG,17/01/2019,CHC ADULT FULLY FUNDED,Cont Care-Learning Disab(<65),HULL CITY COUNCIL,1000270252,"43,636.90",CHC RECHARGE 01/01/19-31/01/19
DEPARTMENT OF HEALTH ,NHS EAST RIDING OF YORKSHIRE CCG,06/02/2019,PRIMARY CARE IT,LPF Management Fees,KIER BUSINESS SERVICES LTD,10138134,"106,885.20",LPF SERVICE RECEIVED FEB 2019
DEPARTMENT OF HEALTH ,NHS EAST RIDING OF YORKSHIRE CCG,25/01/2019,COMMUNITY SERVICES,Social Care-ICES,NOTTINGHAM REHAB LTD,1800106963,"178,717.24",HEALTH INVOICE DEC 18
DEPARTMENT OF HEALTH ,NHS EAST RIDING OF YORKSHIRE CCG,07/02/2019,IMPROVING ACCESS TO PSYCHOLOGICAL THERAPIES,Clinical&Medical-Voluntary Sector,RELATE HULL & EAST YORKSHIRE,1819ERCCG10,"26,196.80",TREATMENT JAN 2019
DEPARTMENT OF HEALTH ,NHS EAST RIDING OF YORKSHIRE CCG,07/02/2019,IMPROVING ACCESS TO PSYCHOLOGICAL THERAPIES,Clinical&Medical-Independent Sector,INSIGHT HEALTHCARE LTD,19106,"58,131.14",IAPT JAN 19
DEPARTMENT OF HEALTH ,NHS EAST RIDING OF YORKSHIRE CCG,24/01/2019,Children's Continuing Care,Cont Care- Children,EAST RIDING OF YORKSHIRE COUNCIL,62944684,"136,709.42",3RD QTR RECHARGES 2018/19
DEPARTMENT OF HEALTH ,NHS EAST RIDING OF YORKSHIRE CCG,26/02/2019,PRC DELEGATED CO-COMMISSIONING,C&M-GMS Global Sum,HUMBER PRIMARY CARE LTD,KHU000033441,"25,518.86",GP PRACTICE CLAIMS 
DEPARTMENT OF HEALTH ,NHS EAST RIDING OF YORKSHIRE CCG,22/01/2019,NCAS/OATS,Clinical&Medical-Independent Sector,SPAMEDICA LTD,NHSERY027,"27,307.96",NCA OPTHAMOLOGY CATARACT SERVICES DEC ACTIVITY 18 
DEPARTMENT OF HEALTH ,NHS EAST RIDING OF YORKSHIRE CCG,05/03/2019,CHC ADULT FULLY FUNDED,Cont Care- Palliative Care,EAST RIDING OF YORKSHIRE COUNCIL,63091227,"3,061,206.89",CHC RECHARGE PERIODS 7 & 8
