Department family,Entity,Date,Expense Area ,Expense Type,Supplier,Transaction number,  AP Amount (�)  ,Description,VAT registration number
DEPARTMENT OF HEALTH ,NHS EAST RIDING OF YORKSHIRE CCG,04/07/2018,CHC ADULT FULLY FUNDED,Cont Care-Foundation Trust,HUMBER TEACHING NHS FOUNDATION TRUST,59881698,136666.67,RESIDENTIAL AND NURSING CARE - GRANVILLE COURT JULY 2018,
DEPARTMENT OF HEALTH ,NHS EAST RIDING OF YORKSHIRE CCG,11/06/2018,LOCAL ENHANCED SERVICES,C&M-GMS Practice Transformational Support,HOLDERNESS HEALTH,20181,30000,MERGER SUPPORT,
DEPARTMENT OF HEALTH ,NHS EAST RIDING OF YORKSHIRE CCG,04/07/2018,PRC DELEGATED CO-COMMISSIONING,C&M-PMS Contract Value,DR PA HARRIS & PARTNERS,KHU000030391,116288.98,LOCAL ENHANCED SERVICES ,
DEPARTMENT OF HEALTH ,NHS EAST RIDING OF YORKSHIRE CCG,04/07/2018,PRC DELEGATED CO-COMMISSIONING,C&M-PMS Contract Value,PRACTICE ONE,KHU000030393,66173.06,LOCAL ENHANCED SERVICES ,
DEPARTMENT OF HEALTH ,NHS EAST RIDING OF YORKSHIRE CCG,04/07/2018,PRC DELEGATED CO-COMMISSIONING,C&M-PMS Contract Value,SNAITH & RAWCLIFFE MEDICAL GROUP,KHU000030395,128849.69,LOCAL ENHANCED SERVICES ,
DEPARTMENT OF HEALTH ,NHS EAST RIDING OF YORKSHIRE CCG,04/07/2018,PRC DELEGATED CO-COMMISSIONING,C&M-APMS Contract Value,WOLDS VIEW PRIMARY CARE CENTRE,KHU000030396,108598.42,LOCAL ENHANCED SERVICES ,
DEPARTMENT OF HEALTH ,NHS EAST RIDING OF YORKSHIRE CCG,24/07/2018,LOCAL ENHANCED SERVICES,C&M-GMS Cost of Drugs -Dispensing,CHURCH VIEW SURGERY HEDON,KHU000030527,-90229.74,LOCAL ENHANCED SERVICES ,
DEPARTMENT OF HEALTH ,NHS EAST RIDING OF YORKSHIRE CCG,24/07/2018,LOCAL ENHANCED SERVICES,C&M-GMS Cost of Drugs -Dispensing,CHURCH VIEW SURGERY HEDON,KHU000030528,271038.67,LOCAL ENHANCED SERVICES ,
DEPARTMENT OF HEALTH ,NHS EAST RIDING OF YORKSHIRE CCG,24/07/2018,LOCAL ENHANCED SERVICES,C&M-GMS Cost of Drugs -Dispensing,DR GREEN A M & PARTNERS,KHU000030529,-60945.97,LOCAL ENHANCED SERVICES ,
DEPARTMENT OF HEALTH ,NHS EAST RIDING OF YORKSHIRE CCG,24/07/2018,LOCAL ENHANCED SERVICES,C&M-GMS Cost of Drugs -Dispensing,DR GREEN A M & PARTNERS,KHU000030530,232661.54,LOCAL ENHANCED SERVICES ,
DEPARTMENT OF HEALTH ,NHS EAST RIDING OF YORKSHIRE CCG,24/07/2018,LOCAL ENHANCED SERVICES,C&M-GMS Cost of Drugs -Dispensing,DR GARWOOD D J & PARTNERS,KHU000030534,-82361.14,LOCAL ENHANCED SERVICES ,
DEPARTMENT OF HEALTH ,NHS EAST RIDING OF YORKSHIRE CCG,24/07/2018,LOCAL ENHANCED SERVICES,C&M-GMS Cost of Drugs -Dispensing,DR GARWOOD D J & PARTNERS,KHU000030535,297308.27,LOCAL ENHANCED SERVICES ,
DEPARTMENT OF HEALTH ,NHS EAST RIDING OF YORKSHIRE CCG,24/07/2018,LOCAL ENHANCED SERVICES,C&M-GMS Cost of Drugs -Prescribing,DR MACNAB H K & PARTNERS,KHU000030537,76605.46,LOCAL ENHANCED SERVICES ,
DEPARTMENT OF HEALTH ,NHS EAST RIDING OF YORKSHIRE CCG,24/07/2018,LOCAL ENHANCED SERVICES,C&M-GMS Cost of Drugs -Dispensing,DR MARSHALL S M & PARTNERS,KHU000030538,-47358.46,LOCAL ENHANCED SERVICES ,
DEPARTMENT OF HEALTH ,NHS EAST RIDING OF YORKSHIRE CCG,24/07/2018,LOCAL ENHANCED SERVICES,C&M-GMS Cost of Drugs -Dispensing,DR MARSHALL S M & PARTNERS,KHU000030539,150793.03,LOCAL ENHANCED SERVICES ,
DEPARTMENT OF HEALTH ,NHS EAST RIDING OF YORKSHIRE CCG,24/07/2018,LOCAL ENHANCED SERVICES,C&M-GMS Cost of Drugs -Prescribing,DR MILNER A C,KHU000030542,33733.24,LOCAL ENHANCED SERVICES ,
DEPARTMENT OF HEALTH ,NHS EAST RIDING OF YORKSHIRE CCG,24/07/2018,LOCAL ENHANCED SERVICES,C&M-GMS Cost of Drugs -Prescribing,DR MIXER P R & PARTNERS,KHU000030545,97831.91,LOCAL ENHANCED SERVICES ,
DEPARTMENT OF HEALTH ,NHS EAST RIDING OF YORKSHIRE CCG,24/07/2018,PRC DELEGATED CO-COMMISSIONING,C&M-GMS DES Extended Hours Access,DR MOODY M E A & PARTNERS,KHU000030547,79572,LOCAL ENHANCED SERVICES ,
DEPARTMENT OF HEALTH ,NHS EAST RIDING OF YORKSHIRE CCG,24/07/2018,LOCAL ENHANCED SERVICES,C&M-GMS Cost of Drugs -Prescribing,DR PEARSON R L & PARTNERS,KHU000030549,63806.02,LOCAL ENHANCED SERVICES ,
DEPARTMENT OF HEALTH ,NHS EAST RIDING OF YORKSHIRE CCG,24/07/2018,LOCAL ENHANCED SERVICES,C&M-GMS Cost of Drugs -Dispensing,DR PICKERING N & PARTNERS,KHU000030550,-78173.06,LOCAL ENHANCED SERVICES ,
DEPARTMENT OF HEALTH ,NHS EAST RIDING OF YORKSHIRE CCG,24/07/2018,LOCAL ENHANCED SERVICES,C&M-GMS Cost of Drugs -Dispensing,DR PICKERING N & PARTNERS,KHU000030551,266680.04,LOCAL ENHANCED SERVICES ,
DEPARTMENT OF HEALTH ,NHS EAST RIDING OF YORKSHIRE CCG,24/07/2018,LOCAL ENHANCED SERVICES,C&M-GMS Cost of Drugs -Dispensing,DR SYKES A J & PARTNERS,KHU000030552,-121252.18,LOCAL ENHANCED SERVICES ,
DEPARTMENT OF HEALTH ,NHS EAST RIDING OF YORKSHIRE CCG,24/07/2018,LOCAL ENHANCED SERVICES,C&M-GMS Cost of Drugs -Dispensing,DR SYKES A J & PARTNERS,KHU000030553,364253.42,LOCAL ENHANCED SERVICES ,
DEPARTMENT OF HEALTH ,NHS EAST RIDING OF YORKSHIRE CCG,24/07/2018,LOCAL ENHANCED SERVICES,C&M-GMS Cost of Drugs -Prescribing,DR WRIGHTSON L & PARTNERS,KHU000030555,207914.59,LOCAL ENHANCED SERVICES ,
DEPARTMENT OF HEALTH ,NHS EAST RIDING OF YORKSHIRE CCG,24/07/2018,LOCAL ENHANCED SERVICES,C&M-GMS Cost of Drugs -Prescribing,HESSLE GRANGE MEDICAL PRACTICE,KHU000030557,108102.21,LOCAL ENHANCED SERVICES ,
DEPARTMENT OF HEALTH ,NHS EAST RIDING OF YORKSHIRE CCG,24/07/2018,LOCAL ENHANCED SERVICES,C&M-GMS Cost of Drugs -Prescribing,MANOR HOUSE SURGERY BRIDLINGTON,KHU000030559,100954.13,LOCAL ENHANCED SERVICES ,
DEPARTMENT OF HEALTH ,NHS EAST RIDING OF YORKSHIRE CCG,24/07/2018,LOCAL ENHANCED SERVICES,C&M-GMS Cost of Drugs -Prescribing,MONTAGUE MEDICAL PRACTICE,KHU000030561,87369.86,LOCAL ENHANCED SERVICES ,
DEPARTMENT OF HEALTH ,NHS EAST RIDING OF YORKSHIRE CCG,24/07/2018,LOCAL ENHANCED SERVICES,C&M-GMS Cost of Drugs -Prescribing,PARK VIEW SURGERY HESSLE,KHU000030563,39049.66,LOCAL ENHANCED SERVICES ,
DEPARTMENT OF HEALTH ,NHS EAST RIDING OF YORKSHIRE CCG,24/07/2018,LOCAL ENHANCED SERVICES,C&M-PMS Cost of Drugs -Dispensing,SNAITH & RAWCLIFFE MEDICAL GROUP,KHU000030565,-71074.78,LOCAL ENHANCED SERVICES ,
DEPARTMENT OF HEALTH ,NHS EAST RIDING OF YORKSHIRE CCG,24/07/2018,LOCAL ENHANCED SERVICES,C&M-PMS Cost of Drugs -Dispensing,SNAITH & RAWCLIFFE MEDICAL GROUP,KHU000030566,161403.44,LOCAL ENHANCED SERVICES ,
DEPARTMENT OF HEALTH ,NHS EAST RIDING OF YORKSHIRE CCG,11/06/2018,CHC ADULT FULLY FUNDED,Cont Care- Palliative Care,EAST RIDING OF YORKSHIRE COUNCIL,61649069,699999.99,CHC RECHARGE 12/03/18-08/04/18,
DEPARTMENT OF HEALTH ,NHS EAST RIDING OF YORKSHIRE CCG,22/06/2018,CLINICAL ASSESSMENT AND TREATMENT CENTRES,Charges from CSU,NHS NORTH OF ENGLAND CSU,7310012186,39064.91,SLA JUNE 2018,
DEPARTMENT OF HEALTH ,NHS EAST RIDING OF YORKSHIRE CCG,13/07/2018,CLINICAL ASSESSMENT AND TREATMENT CENTRES,Charges from CSU,NHS NORTH OF ENGLAND CSU,7310012434,39064.91,LOT 2A AND 2B JULY 2018,
DEPARTMENT OF HEALTH ,NHS EAST RIDING OF YORKSHIRE CCG,18/01/2018,NCAS/OATS,Hcare Srv Rec NHS CCG-Non Contract,NHS VALE OF YORK CCG,7016300571,27763.94,RECHARGE ED FRONT DOOR YORK HOSPITAL BLOCK P1-9 17/18,
DEPARTMENT OF HEALTH ,NHS EAST RIDING OF YORKSHIRE CCG,21/06/2018,ACUTE COMMISSIONING,Hcare Srv Rec NHS Trust-CQUIN,MID YORKSHIRE HOSPITALS NHS TRUST,10098023,89046,P4 18/19 SLA INC 50% CQUINS,
DEPARTMENT OF HEALTH ,NHS EAST RIDING OF YORKSHIRE CCG,01/07/2018,ACUTE COMMISSIONING,Hcare Srv Rec Fdtn Trust-Contract Baseline,YORK TEACHING HOSPITAL NHS FOUNDATION TRUST,1010062979,3450676,P4 18/19 CONTRACT,
DEPARTMENT OF HEALTH ,NHS EAST RIDING OF YORKSHIRE CCG,15/06/2018,ACUTE COMMISSIONING,Hcare Srv Rec NHS Trust-Contract Baseline,LEEDS TEACHING HOSPITALS NHS TRUST,1410098485,130917,P4 18/19 CONTRACT,
DEPARTMENT OF HEALTH ,NHS EAST RIDING OF YORKSHIRE CCG,01/07/2018,ACUTE COMMISSIONING,Hcare Srv Rec Fdtn Trust-Contract Baseline,NORTHERN LINCOLNSHIRE AND GOOLE HOSPITALS NHS FOUNDATION TRUST,2400020059,1411936,P4 18/19 STANDARD CONTRACT,
DEPARTMENT OF HEALTH ,NHS EAST RIDING OF YORKSHIRE CCG,14/06/2018,AMBULANCE SERVICES,Hcare Srv Rec NHS Trust-Contract Baseline,YORKSHIRE AMBULANCE SERVICE NHS TRUST,2810023046,94594,P1&2 18/19 RECONCILIATION A&E,
DEPARTMENT OF HEALTH ,NHS EAST RIDING OF YORKSHIRE CCG,27/06/2018,NHS 111,Hcare Srv Rec NHS Trust-Prior Year,YORKSHIRE AMBULANCE SERVICE NHS TRUST,2810023185,27309,111 CONTRACT 17/18 RECONCILIATION,
DEPARTMENT OF HEALTH ,NHS EAST RIDING OF YORKSHIRE CCG,01/07/2018,AMBULANCE SERVICES,Hcare Srv Rec NHS Trust-Contract Baseline,YORKSHIRE AMBULANCE SERVICE NHS TRUST,2810023198,1040894,A&E CONTRACT P4 18/19,
DEPARTMENT OF HEALTH ,NHS EAST RIDING OF YORKSHIRE CCG,01/07/2018,NHS 111,Hcare Srv Rec NHS Trust-Contract Baseline,YORKSHIRE AMBULANCE SERVICE NHS TRUST,2810023246,59898,P4 111 CONTRACT 18/19,
DEPARTMENT OF HEALTH ,NHS EAST RIDING OF YORKSHIRE CCG,01/07/2018,PATIENT TRANSPORT,Hcare Srv Rec NHS Trust-Contract Baseline,YORKSHIRE AMBULANCE SERVICE NHS TRUST,2810023271,214771.78,P4 PTS CONTRACT 18/19,
DEPARTMENT OF HEALTH ,NHS EAST RIDING OF YORKSHIRE CCG,17/07/2018,AMBULANCE SERVICES,Hcare Srv Rec NHS Trust-CQUIN,YORKSHIRE AMBULANCE SERVICE NHS TRUST,2810023364,56690.59,A&E CQUINS 2017/18,
DEPARTMENT OF HEALTH ,NHS EAST RIDING OF YORKSHIRE CCG,01/07/2018,ACUTE COMMISSIONING,Hcare Srv Rec Fdtn Trust-Contract Baseline,SHEFFIELD TEACHING HOSPITALS NHS FOUNDATION TRUST,4000534871,28724,COST AND VOLUME CONTRACT JULY 2018,
DEPARTMENT OF HEALTH ,NHS EAST RIDING OF YORKSHIRE CCG,02/07/2018,ACUTE COMMISSIONING,Hcare Srv Rec Fdtn Trust-Contract Baseline,DONCASTER AND BASSETLAW HOSPITALS NHS FOUNDATION TRUST,56392595,141974,P4 18/19 CONTRACT % 50% CQUINS,
DEPARTMENT OF HEALTH ,NHS EAST RIDING OF YORKSHIRE CCG,28/02/2018,MENTAL HEALTH CONTRACTS,Hcare Srv Rec Fdtn Trust-Prior Year,HUMBER TEACHING NHS FOUNDATION TRUST,59880482,128526,ADHD DRUGS P1-8 17/18,
DEPARTMENT OF HEALTH ,NHS EAST RIDING OF YORKSHIRE CCG,07/04/2018,MENTAL HEALTH CONTRACTS,Hcare Srv Rec Fdtn Trust-CQUIN,HUMBER TEACHING NHS FOUNDATION TRUST,59881014,154740.91,MH CQUIN Q4 2018/19,
DEPARTMENT OF HEALTH ,NHS EAST RIDING OF YORKSHIRE CCG,21/06/2018,MENTAL HEALTH CONTRACTS,Hcare Srv Rec Fdtn Trust-Prior Year,HUMBER TEACHING NHS FOUNDATION TRUST,59881580,-100000,CREDIT RE: 59880482,
DEPARTMENT OF HEALTH ,NHS EAST RIDING OF YORKSHIRE CCG,04/07/2018,MENTAL HEALTH CONTRACTS,Hcare Srv Rec Fdtn Trust-CQUIN,HUMBER NHS FOUNDATION TRUST,59881691,2169265.33,BLOCK CONTRACT JULY 2018,
DEPARTMENT OF HEALTH ,NHS EAST RIDING OF YORKSHIRE CCG,01/07/2018,ACUTE COMMISSIONING,Hcare Srv Rec NHS Trust-CQUIN,HULL AND EAST YORKSHIRE HOSPITALS NHS TRUST,H0016533,10832083,P4 18/19 MONTHLY CONTRACT,
DEPARTMENT OF HEALTH ,NHS EAST RIDING OF YORKSHIRE CCG,04/07/2018,PRC DELEGATED CO-COMMISSIONING,C&M-PMS Contract Value,HUMBER TEACHING NHS FOUNDATION TRUST,KHU000030404,27080.03,LOCAL ENHANCED SERVICES ,
DEPARTMENT OF HEALTH ,NHS EAST RIDING OF YORKSHIRE CCG,04/07/2018,PRC DELEGATED CO-COMMISSIONING,C&M-PMS Contract Value,DR HARRISON R W,KHU000030389,81766.14,LOCAL ENHANCED SERVICES ,
DEPARTMENT OF HEALTH ,NHS EAST RIDING OF YORKSHIRE CCG,04/07/2018,PRC DELEGATED CO-COMMISSIONING,C&M-PMS Contract Value,MARKET WEIGHTON SURGERY,KHU000030398,204592.86,LOCAL ENHANCED SERVICES ,
DEPARTMENT OF HEALTH ,NHS EAST RIDING OF YORKSHIRE CCG,24/07/2018,LOCAL ENHANCED SERVICES,C&M-GMS Cost of Drugs -Dispensing,DR HILL S A & PARTNERS,KHU000030532,-48208.45,LOCAL ENHANCED SERVICES ,
DEPARTMENT OF HEALTH ,NHS EAST RIDING OF YORKSHIRE CCG,24/07/2018,LOCAL ENHANCED SERVICES,C&M-GMS Cost of Drugs -Dispensing,DR HILL S A & PARTNERS,KHU000030533,182280.4,LOCAL ENHANCED SERVICES ,
DEPARTMENT OF HEALTH ,NHS EAST RIDING OF YORKSHIRE CCG,24/07/2018,LOCAL ENHANCED SERVICES,C&M-GMS Cost of Drugs -Dispensing,RIDINGS MEDICAL GROUP (THE),KHU000030572,-114355.92,LOCAL ENHANCED SERVICES ,
DEPARTMENT OF HEALTH ,NHS EAST RIDING OF YORKSHIRE CCG,24/07/2018,LOCAL ENHANCED SERVICES,C&M-GMS Cost of Drugs -Dispensing,RIDINGS MEDICAL GROUP (THE),KHU000030573,475090.87,LOCAL ENHANCED SERVICES ,
DEPARTMENT OF HEALTH ,NHS EAST RIDING OF YORKSHIRE CCG,08/06/2018,ACUTE COMMISSIONING,Clinical&Medical-Independent Sector - Contract Baseline,SPIRE HEALTHCARE LTD,02YHULPF181903A,604672,1/12 ESTIMATED ANNUAL CONTRACT VALUE JUNE  2018,
DEPARTMENT OF HEALTH ,NHS EAST RIDING OF YORKSHIRE CCG,15/06/2018,MENTAL HEALTH SERVICES - SPECIALIST SERVICES,Clinical&Medical-Independent Sector,BARCHESTER HEALTHCARE LTD,45007048,50403.93,FEES FOR PERIOD 15/02/18-17/06/18,
DEPARTMENT OF HEALTH ,NHS EAST RIDING OF YORKSHIRE CCG,22/06/2018,CHC ADULT FULLY FUNDED,Cont Care-Learning Disab(<65),HULL CITY COUNCIL,1000263943,53038.8,CHC P3 18/19,
DEPARTMENT OF HEALTH ,NHS EAST RIDING OF YORKSHIRE CCG,30/06/2018,PRIMARY CARE IT,LPF Management Fees,KIER BUSINESS SERVICES LTD,10087134,106885.2,KIER BLOCK FOR JUNE 18,
DEPARTMENT OF HEALTH ,NHS EAST RIDING OF YORKSHIRE CCG,08/06/2018,COMMUNITY SERVICES,Social Care-ICES,NOTTINGHAM REHAB LTD,1800104313,224767.78,HEALTH MAY 2018,
DEPARTMENT OF HEALTH ,NHS EAST RIDING OF YORKSHIRE CCG,09/07/2018,COMMUNITY SERVICES,Social Care-ICES,NOTTINGHAM REHAB LTD,18001045581,161233.94,JUNE 2018 MI,
DEPARTMENT OF HEALTH ,NHS EAST RIDING OF YORKSHIRE CCG,09/07/2018,COMMUNITY SERVICES,Social Care-ICES,NOTTINGHAM REHAB LTD,1800104560,62679.13,WHEEL CHAIR EQUIP JUNE 18,
DEPARTMENT OF HEALTH ,NHS EAST RIDING OF YORKSHIRE CCG,30/06/2018,IMPROVING ACCESS TO PSYCHOLOGICAL THERAPIES,Clinical&Medical-Independent Sector,INSIGHT HEALTHCARE LTD,18331,44980.28,IAPT CASES CLOSED TO JUNE 2018,
DEPARTMENT OF HEALTH ,NHS EAST RIDING OF YORKSHIRE CCG,19/06/2018,LOCAL ENHANCED SERVICES,C&M-GMS Practice Transformational Support,YORKSHIRE HEALTH PARTNERS LTD,1TRANS2018,133782,TRANSOFRMATIONAL FUNDING FOR YHP PRACTICES PER STATEMENT OF INTENT,
DEPARTMENT OF HEALTH ,NHS EAST RIDING OF YORKSHIRE CCG,11/06/2018,INTERMEDIATE CARE,Clinical&Medical-Independent Sector,CITY HEALTH CARE PARTNERSHIP CIC,2500,-46195.96,WRIST SPLINT - HESSLE GRANGE,
DEPARTMENT OF HEALTH ,NHS EAST RIDING OF YORKSHIRE CCG,27/06/2018,COMMUNITY SERVICES,Clinical&Medical-Independent Sector,CITY HEALTH CARE PARTNERSHIP CIC,326029,-29483,CREDIT DUPLICATED INVOICE 7410027813,
DEPARTMENT OF HEALTH ,NHS EAST RIDING OF YORKSHIRE CCG,11/06/2018,CHC ADULT FULLY FUNDED,Cont Care- Palliative Care,EAST RIDING OF YORKSHIRE COUNCIL,61649069,742269.24,CHC RECHARGE 12/03/18-08/04/18,
DEPARTMENT OF HEALTH ,NHS EAST RIDING OF YORKSHIRE CCG,11/06/2018,Learning Difficulties - S117,Services From Local Authorities,EAST RIDING OF YORKSHIRE COUNCIL,61649131,151232.22,CANCER CARE REVIEW FOLDERS AND INSERTS,
DEPARTMENT OF HEALTH ,NHS EAST RIDING OF YORKSHIRE CCG,11/06/2018,COMMUNITY SERVICES,Services From Local Authorities,EAST RIDING OF YORKSHIRE COUNCIL,61649972,64861.49,RECHARGE FOR MEDICATION CALLS 12/03/18-08/04/18,
DEPARTMENT OF HEALTH ,NHS EAST RIDING OF YORKSHIRE CCG,10/04/2018,COMMUNITY SERVICES,Clinical&Medical-Independent Sector,CITY HEALTH CARE PARTNERSHIP CIC,7410027813,29483,CONTRACT VARIATION 2017/18,
DEPARTMENT OF HEALTH ,NHS EAST RIDING OF YORKSHIRE CCG,18/06/2018,COMMUNITY SERVICES,Clinical&Medical-Independent Sector,CITY HEALTH CARE PARTNERSHIP CIC,7410029002,42689.83,APRIL 2018 STEP DOWN  BEDS AS PER SCHEDULE ,
DEPARTMENT OF HEALTH ,NHS EAST RIDING OF YORKSHIRE CCG,18/06/2018,COMMUNITY SERVICES,Clinical&Medical-Independent Sector,CITY HEALTH CARE PARTNERSHIP CIC,7410029003,41585.53,MAY 2018 STEP DOWN  BEDS AS PER SCHEDULE ,
DEPARTMENT OF HEALTH ,NHS EAST RIDING OF YORKSHIRE CCG,18/06/2018,COMMUNITY SERVICES,Clinical&Medical-Independent Sector,CITY HEALTH CARE PARTNERSHIP CIC,7410029004,40244.06,JUNE 2018 STEP DOWN BEDS,
DEPARTMENT OF HEALTH ,NHS EAST RIDING OF YORKSHIRE CCG,18/06/2018,COMMUNITY SERVICES,C&M-Independent Sector - CQUIN,CITY HEALTH CARE PARTNERSHIP CIC,7410029017,83048.77,Q4 17/18 LIS ACHIEVEMENT CQUIN,
DEPARTMENT OF HEALTH ,NHS EAST RIDING OF YORKSHIRE CCG,26/06/2018,COMMUNITY SERVICES,C&M-Independent Sector - CQUIN,CITY HEALTH CARE PARTNERSHIP CIC,7410029393,54375,ICS CONTRACT P4 18/19 LIS 50% IN ADVANCE,
DEPARTMENT OF HEALTH ,NHS EAST RIDING OF YORKSHIRE CCG,26/06/2018,COMMUNITY SERVICES,Clinical&Medical-Independent Sector - Contract Baseline,CITY HEALTH CARE PARTNERSHIP CIC,7410029409,94856,CONTRACT 2 & 4 P3 18/19,
DEPARTMENT OF HEALTH ,NHS EAST RIDING OF YORKSHIRE CCG,26/06/2018,COMMUNITY SERVICES,Clinical&Medical-Independent Sector - Contract Baseline,CITY HEALTH CARE PARTNERSHIP CIC,7410029421,2174864.67,P4 18/19 INTEGRATED COMMUNITY SERVICES,
DEPARTMENT OF HEALTH ,NHS EAST RIDING OF YORKSHIRE CCG,18/06/2018,COMMUNITY SERVICES,Clinical&Medical-Independent Sector - Contract Baseline,CITY HEALTH CARE PARTNERSHIP CIC,7410029443,63000,P1-4 CV1,
DEPARTMENT OF HEALTH ,NHS EAST RIDING OF YORKSHIRE CCG,04/07/2018,PRC DELEGATED CO-COMMISSIONING,C&M-PMS Contract Value,GREENGATES MEDICAL GROUP,KHU000030400,190049.88,LOCAL ENHANCED SERVICES ,
DEPARTMENT OF HEALTH ,NHS EAST RIDING OF YORKSHIRE CCG,04/07/2018,PRC DELEGATED CO-COMMISSIONING,C&M-PMS Contract Value,HUMBER NHS FOUNDATION TRUST CHESTNUTS,KHU000030402,38367.82,LOCAL ENHANCED SERVICES ,
DEPARTMENT OF HEALTH ,NHS EAST RIDING OF YORKSHIRE CCG,24/07/2018,LOCAL ENHANCED SERVICES,C&M-GMS Cost of Drugs -Dispensing,SOUTH HOLDERNESS MEDICAL PRACTICE,KHU000030567,-61215.64,LOCAL ENHANCED SERVICES ,
DEPARTMENT OF HEALTH ,NHS EAST RIDING OF YORKSHIRE CCG,24/07/2018,LOCAL ENHANCED SERVICES,C&M-GMS Cost of Drugs -Dispensing,SOUTH HOLDERNESS MEDICAL PRACTICE,KHU000030568,242996.78,LOCAL ENHANCED SERVICES ,
DEPARTMENT OF HEALTH ,NHS EAST RIDING OF YORKSHIRE CCG,24/07/2018,LOCAL ENHANCED SERVICES,C&M-GMS Cost of Drugs -Dispensing,PARK SURGERY (DRIFFIELD),KHU000030570,-84286.22,LOCAL ENHANCED SERVICES ,
DEPARTMENT OF HEALTH ,NHS EAST RIDING OF YORKSHIRE CCG,24/07/2018,LOCAL ENHANCED SERVICES,C&M-GMS Cost of Drugs -Dispensing,PARK SURGERY (DRIFFIELD),KHU000030571,334328.2,LOCAL ENHANCED SERVICES ,
DEPARTMENT OF HEALTH ,NHS EAST RIDING OF YORKSHIRE CCG,24/07/2018,LOCAL ENHANCED SERVICES,C&M-PMS Cost of Drugs -Dispensing,GREENGATES MEDICAL GROUP,KHU000030577,38053.65,LOCAL ENHANCED SERVICES ,
DEPARTMENT OF HEALTH ,NHS EAST RIDING OF YORKSHIRE CCG,24/07/2018,LOCAL ENHANCED SERVICES,C&M-GMS Cost of Drugs -Prescribing,FIELD HOUSE SURGERY,KHU000030579,66556.72,LOCAL ENHANCED SERVICES ,
DEPARTMENT OF HEALTH ,NHS EAST RIDING OF YORKSHIRE CCG,31/07/2018,ACUTE COMMISSIONING,Clinical&Medical-Independent Sector - Contract Baseline,SPIRE HEALTHCARE LTD,02YHULPF181904,535481,BLOCK CONTRACT JUNE 2018,
DEPARTMENT OF HEALTH ,NHS EAST RIDING OF YORKSHIRE CCG,31/05/2018,CLINICAL ASSESSMENT AND TREATMENT CENTRES,Prescribing,LLOYDS PHARMACY CLINICAL HOMECARE LTD,SINV2937346,72998,PRODUCTS SUPPLIED 31/05/18,
DEPARTMENT OF HEALTH ,NHS EAST RIDING OF YORKSHIRE CCG,31/05/2018,CLINICAL ASSESSMENT AND TREATMENT CENTRES,Prescribing,LLOYDS PHARMACY CLINICAL HOMECARE LTD,SINV2937430,31594.18,PRODUCTS SUPPLIED 31/05/18,
DEPARTMENT OF HEALTH ,NHS EAST RIDING OF YORKSHIRE CCG,19/06/2018,IMPROVING ACCESS TO PSYCHOLOGICAL THERAPIES,Clinical&Medical-Independent Sector,IESO DIGITAL HEALTH LTD,UK000092,78647.36,P2 18/19 BILLABLE WORK PER CONTRACT,
DEPARTMENT OF HEALTH ,NHS EAST RIDING OF YORKSHIRE CCG,30/06/2018,MENTAL HEALTH SERVICES - SPECIALIST SERVICES,Clinical&Medical-Independent Sector,CYGNET HEALTHCARE LTD,WKE0056516,39285.5,SPECIAL NURSING / INPATIENT DAYS JUNE 2018,
