Department family,Entity,Date,Expense Area ,Expense Type,Supplier,Transaction number,   AP Amount (�)   ,Description
DEPARTMENT OF HEALTH ,NHS EAST RIDING OF YORKSHIRE CCG,11/01/2019,PRC DELEGATED CO-COMMISSIONING,C&M-PMS Contract Value,DR PA HARRIS & PARTNERS,KHU000032861,"116,313.33",GP PRACTICE CLAIMS
DEPARTMENT OF HEALTH ,NHS EAST RIDING OF YORKSHIRE CCG,11/01/2019,PRC DELEGATED CO-COMMISSIONING,C&M-APMS Contract Value,WOLDS VIEW PRIMARY CARE CENTRE,KHU000032866,"108,598.42",GP PRACTICE CLAIMS
DEPARTMENT OF HEALTH ,NHS EAST RIDING OF YORKSHIRE CCG,29/01/2019,LOCAL ENHANCED SERVICES,C&M-GMS Cost of Drugs -Dispensing,DR GARWOOD D J & PARTNERS,KHU000033001,"-92,120.89",GP PRACTICE CLAIMS
DEPARTMENT OF HEALTH ,NHS EAST RIDING OF YORKSHIRE CCG,29/01/2019,LOCAL ENHANCED SERVICES,C&M-GMS Cost of Drugs -Dispensing,DR GARWOOD D J & PARTNERS,KHU000033002,"301,258.72",GP PRACTICE CLAIMS
DEPARTMENT OF HEALTH ,NHS EAST RIDING OF YORKSHIRE CCG,29/01/2019,LOCAL ENHANCED SERVICES,C&M-GMS Cost of Drugs -Prescribing,DR MACNAB H K & PARTNERS,KHU000033004,"84,786.53",GP PRACTICE CLAIMS
DEPARTMENT OF HEALTH ,NHS EAST RIDING OF YORKSHIRE CCG,29/01/2019,LOCAL ENHANCED SERVICES,C&M-GMS Cost of Drugs -Dispensing,DR MARSHALL S M & PARTNERS,KHU000033005,"-42,653.97",GP PRACTICE CLAIMS
DEPARTMENT OF HEALTH ,NHS EAST RIDING OF YORKSHIRE CCG,29/01/2019,LOCAL ENHANCED SERVICES,C&M-GMS Cost of Drugs -Dispensing,DR MARSHALL S M & PARTNERS,KHU000033006,"126,266.74",GP PRACTICE CLAIMS
DEPARTMENT OF HEALTH ,NHS EAST RIDING OF YORKSHIRE CCG,29/01/2019,LOCAL ENHANCED SERVICES,C&M-GMS Cost of Drugs -Prescribing,DR MILNER A C,KHU000033009,"46,879.36",GP PRACTICE CLAIMS
DEPARTMENT OF HEALTH ,NHS EAST RIDING OF YORKSHIRE CCG,29/01/2019,LOCAL ENHANCED SERVICES,C&M-GMS Cost of Drugs -Prescribing,DR MIXER P R & PARTNERS,KHU000033013,"110,060.88",GP PRACTICE CLAIMS
DEPARTMENT OF HEALTH ,NHS EAST RIDING OF YORKSHIRE CCG,29/01/2019,LOCAL ENHANCED SERVICES,C&M-GMS Cost of Drugs -Prescribing,DR MOODY M E A & PARTNERS,KHU000033015,"82,467.69",GP PRACTICE CLAIMS
DEPARTMENT OF HEALTH ,NHS EAST RIDING OF YORKSHIRE CCG,29/01/2019,LOCAL ENHANCED SERVICES,C&M-GMS Cost of Drugs -Prescribing,DR PEARSON R L & PARTNERS,KHU000033017,"63,686.05",GP PRACTICE CLAIMS
DEPARTMENT OF HEALTH ,NHS EAST RIDING OF YORKSHIRE CCG,29/01/2019,LOCAL ENHANCED SERVICES,C&M-GMS Cost of Drugs -Dispensing,DR PICKERING N & PARTNERS,KHU000033018,"-98,436.44",GP PRACTICE CLAIMS
DEPARTMENT OF HEALTH ,NHS EAST RIDING OF YORKSHIRE CCG,29/01/2019,LOCAL ENHANCED SERVICES,C&M-GMS Cost of Drugs -Dispensing,DR PICKERING N & PARTNERS,KHU000033019,"283,931.83",GP PRACTICE CLAIMS
DEPARTMENT OF HEALTH ,NHS EAST RIDING OF YORKSHIRE CCG,29/01/2019,LOCAL ENHANCED SERVICES,C&M-GMS Cost of Drugs -Dispensing,DR SYKES A J & PARTNERS,KHU000033020,"-162,430.59",GP PRACTICE CLAIMS
DEPARTMENT OF HEALTH ,NHS EAST RIDING OF YORKSHIRE CCG,29/01/2019,LOCAL ENHANCED SERVICES,C&M-GMS Cost of Drugs -Dispensing,DR SYKES A J & PARTNERS,KHU000033021,"379,237.35",GP PRACTICE CLAIMS
DEPARTMENT OF HEALTH ,NHS EAST RIDING OF YORKSHIRE CCG,29/01/2019,LOCAL ENHANCED SERVICES,C&M-GMS Cost of Drugs -Prescribing,DR WRIGHTSON L & PARTNERS,KHU000033023,"161,719.72",GP PRACTICE CLAIMS
DEPARTMENT OF HEALTH ,NHS EAST RIDING OF YORKSHIRE CCG,29/01/2019,LOCAL ENHANCED SERVICES,C&M-GMS Cost of Drugs -Prescribing,HESSLE GRANGE MEDICAL PRACTICE,KHU000033025,"119,121.20",GP PRACTICE CLAIMS
DEPARTMENT OF HEALTH ,NHS EAST RIDING OF YORKSHIRE CCG,11/01/2019,PRC DELEGATED CO-COMMISSIONING,C&M-PMS Contract Value,PRACTICE ONE,KHU000032863,"66,203.64",GP PRACTICE CLAIMS
DEPARTMENT OF HEALTH ,NHS EAST RIDING OF YORKSHIRE CCG,11/01/2019,PRC DELEGATED CO-COMMISSIONING,C&M-PMS Contract Value,SNAITH & RAWCLIFFE MEDICAL GROUP,KHU000032865,"124,344.69",GP PRACTICE CLAIMS
DEPARTMENT OF HEALTH ,NHS EAST RIDING OF YORKSHIRE CCG,29/01/2019,LOCAL ENHANCED SERVICES,C&M-GMS Cost of Drugs -Prescribing,MANOR HOUSE SURGERY BRIDLINGTON,KHU000033027,"115,708.52",GP PRACTICE CLAIMS
DEPARTMENT OF HEALTH ,NHS EAST RIDING OF YORKSHIRE CCG,29/01/2019,LOCAL ENHANCED SERVICES,C&M-GMS Cost of Drugs -Prescribing,MONTAGUE MEDICAL PRACTICE,KHU000033028,"83,718.64",GP PRACTICE CLAIMS
DEPARTMENT OF HEALTH ,NHS EAST RIDING OF YORKSHIRE CCG,29/01/2019,LOCAL ENHANCED SERVICES,C&M-PMS Cost of Drugs -Dispensing,SNAITH & RAWCLIFFE MEDICAL GROUP,KHU000033032,"-90,325.92",GP PRACTICE CLAIMS
DEPARTMENT OF HEALTH ,NHS EAST RIDING OF YORKSHIRE CCG,29/01/2019,LOCAL ENHANCED SERVICES,C&M-PMS Cost of Drugs -Dispensing,SNAITH & RAWCLIFFE MEDICAL GROUP,KHU000033033,"188,907.94",GP PRACTICE CLAIMS
DEPARTMENT OF HEALTH ,NHS EAST RIDING OF YORKSHIRE CCG,09/11/2018,ACUTE COMMISSIONING,Clinical&Medical-Independent Sector - Contract Baseline,SPIRE HEALTHCARE LTD,02YHULPF181908,"32,839.00",1/12 ESTIMATED ANNUAL CONTRACT NOV 2018
DEPARTMENT OF HEALTH ,NHS EAST RIDING OF YORKSHIRE CCG,08/10/2018,ACUTE COMMISSIONING,Clinical&Medical-Independent Sector - Prior Year,SPIRE HEALTHCARE LTD,02YHULREC171812,"45,695.25",SAC MARCH 2017/18
DEPARTMENT OF HEALTH ,NHS EAST RIDING OF YORKSHIRE CCG,18/12/2018,CHC ADULT FULLY FUNDED,Cont Care-Learning Disab(<65),HULL CITY COUNCIL,1000269623,"53,402.26",CHC RECHARGE 01/12/18-31/12/18
DEPARTMENT OF HEALTH ,NHS EAST RIDING OF YORKSHIRE CCG,30/11/2018,COMMUNITY SERVICES,Services From Local Authorities,EAST RIDING OF YORKSHIRE COUNCIL,62591552,"140,498.78",RECHARGE FOR MEDICATION CALLS 30/07/18-23/09/18
DEPARTMENT OF HEALTH ,NHS EAST RIDING OF YORKSHIRE CCG,15/01/2019,COMMUNITY SERVICES,Clinical&Medical-Not For Profit,CITY HEALTH CARE PARTNERSHIP CIC,7410032527,"116,863.40",POSITIVE STEP BEDS JULY - DECEMBER 18
DEPARTMENT OF HEALTH ,NHS EAST RIDING OF YORKSHIRE CCG,25/12/2018,COMMUNITY SERVICES,C&M-Independent Sector - CQUIN,CITY HEALTH CARE PARTNERSHIP CIC,7410032666,"96,041.70",CONTRACT 2 AND 4 CQUIN JAN 2019
DEPARTMENT OF HEALTH ,NHS EAST RIDING OF YORKSHIRE CCG,25/12/2018,COMMUNITY SERVICES,C&M-Independent Sector - CQUIN,CITY HEALTH CARE PARTNERSHIP CIC,7410032667,"2,294,867.35",CONTRACT VARIATION 1 JAN 2018/19
DEPARTMENT OF HEALTH ,NHS EAST RIDING OF YORKSHIRE CCG,07/01/2019,GP FORWARD VIEW,C&M-GMS Practice Transformational Support,YORKSHIRE HEALTH PARTNERS LTD,EH52018,"133,833.00",FIFTH PAYMENT UNDER EXTENDED HOURS CONTRACT 
DEPARTMENT OF HEALTH ,NHS EAST RIDING OF YORKSHIRE CCG,11/01/2019,PRC DELEGATED CO-COMMISSIONING,C&M-PMS Contract Value,DR HARRISON R W,KHU000032859,"75,190.21",GP PRACTICE CLAIMS
DEPARTMENT OF HEALTH ,NHS EAST RIDING OF YORKSHIRE CCG,11/01/2019,PRC DELEGATED CO-COMMISSIONING,C&M-PMS Contract Value,GREENGATES MEDICAL GROUP,KHU000032868,"200,201.31",GP PRACTICE CLAIMS
DEPARTMENT OF HEALTH ,NHS EAST RIDING OF YORKSHIRE CCG,29/01/2019,LOCAL ENHANCED SERVICES,C&M-GMS Cost of Drugs -Dispensing,DR HILL S A & PARTNERS,KHU000032999,"-58,862.01",GP PRACTICE CLAIMS
DEPARTMENT OF HEALTH ,NHS EAST RIDING OF YORKSHIRE CCG,29/01/2019,LOCAL ENHANCED SERVICES,C&M-GMS Cost of Drugs -Dispensing,DR HILL S A & PARTNERS,KHU000033000,"193,117.00",GP PRACTICE CLAIMS
DEPARTMENT OF HEALTH ,NHS EAST RIDING OF YORKSHIRE CCG,29/01/2019,LOCAL ENHANCED SERVICES,C&M-PMS Cost of Drugs -Dispensing,GREENGATES MEDICAL GROUP,KHU000033040,"34,979.47",GP PRACTICE CLAIMS
DEPARTMENT OF HEALTH ,NHS EAST RIDING OF YORKSHIRE CCG,29/01/2019,LOCAL ENHANCED SERVICES,C&M-GMS Cost of Drugs -Dispensing,HOLDERNESS HEALTH (CHURCH VIEW SURGERY),KHU000033044,"-89,533.65",GP PRACTICE CLAIMS
DEPARTMENT OF HEALTH ,NHS EAST RIDING OF YORKSHIRE CCG,29/01/2019,LOCAL ENHANCED SERVICES,C&M-GMS Cost of Drugs -Dispensing,HOLDERNESS HEALTH (CHURCH VIEW SURGERY),KHU000033045,"288,058.95",GP PRACTICE CLAIMS
DEPARTMENT OF HEALTH ,NHS EAST RIDING OF YORKSHIRE CCG,29/01/2019,LOCAL ENHANCED SERVICES,C&M-GMS Cost of Drugs -Dispensing,HOLDERNESS HEALTH (SOUTH HOLDERNESS MEDICAL PRACTICE),KHU000033047,"-76,896.77",GP PRACTICE CLAIMS
DEPARTMENT OF HEALTH ,NHS EAST RIDING OF YORKSHIRE CCG,29/01/2019,LOCAL ENHANCED SERVICES,C&M-GMS Cost of Drugs -Dispensing,HOLDERNESS HEALTH (SOUTH HOLDERNESS MEDICAL PRACTICE),KHU000033048,"270,256.39",GP PRACTICE CLAIMS
DEPARTMENT OF HEALTH ,NHS EAST RIDING OF YORKSHIRE CCG,29/01/2019,LOCAL ENHANCED SERVICES,C&M-GMS Cost of Drugs -Dispensing,HOLDERNESS HEALTH (HEDON GROUP PRACTICE),KHU000033049,"-68,781.55",GP PRACTICE CLAIMS
DEPARTMENT OF HEALTH ,NHS EAST RIDING OF YORKSHIRE CCG,29/01/2019,LOCAL ENHANCED SERVICES,C&M-GMS Cost of Drugs -Dispensing,HOLDERNESS HEALTH (HEDON GROUP PRACTICE),KHU000033050,"268,576.98",GP PRACTICE CLAIMS
DEPARTMENT OF HEALTH ,NHS EAST RIDING OF YORKSHIRE CCG,25/01/2019,CLINICAL ASSESSMENT AND TREATMENT CENTRES,Charges from CSU,NHS NORTH OF ENGLAND CSU,7310014036,"39,064.92",Y AND H LOT 2 A JAN 2019 Y AND H IFR LOT 2B JAN 19
DEPARTMENT OF HEALTH ,NHS EAST RIDING OF YORKSHIRE CCG,18/01/2019,CEO/ BOARD OFFICE,Other Gen Supplies & Srv,NHS HULL CCG,7015500640,"49,529.00",STP CONTRIBUTIONS 2018/19
DEPARTMENT OF HEALTH ,NHS EAST RIDING OF YORKSHIRE CCG,04/01/2019,ACUTE COMMISSIONING,Hcare Srv Rec Fdtn Trust-Contract Baseline,YORK TEACHING HOSPITAL NHS FOUNDATION TRUST,1010067325,"3,491,340.00",AIC JAN 2019
DEPARTMENT OF HEALTH ,NHS EAST RIDING OF YORKSHIRE CCG,19/12/2018,ACUTE COMMISSIONING,Hcare Srv Rec NHS Trust-CQUIN,LEEDS TEACHING HOSPITALS NHS TRUST,1410111211,"130,917.00",BLOCK CONTRACT JAN 2019
DEPARTMENT OF HEALTH ,NHS EAST RIDING OF YORKSHIRE CCG,26/12/2018,ACUTE COMMISSIONING,Hcare Srv Rec NHS Trust-CQUIN,MID YORKSHIRE HOSPITALS NHS TRUST,1600005281,"89,046.00",1819 SLA BLAOCK JAN 19
DEPARTMENT OF HEALTH ,NHS EAST RIDING OF YORKSHIRE CCG,04/01/2019,ACUTE COMMISSIONING,Hcare Srv Rec Fdtn Trust-Contract Baseline,NORTHERN LINCOLNSHIRE AND GOOLE HOSPITALS NHS FOUNDATION TRUST,2400021986,"1,396,835.00",STD CONTRACT JAN 2018/19
DEPARTMENT OF HEALTH ,NHS EAST RIDING OF YORKSHIRE CCG,24/12/2018,AMBULANCE SERVICES,Hcare Srv Rec NHS Trust-Contract Baseline,YORKSHIRE AMBULANCE SERVICE NHS TRUST,2810025100,"1,040,894.00",CHARGE IN RESPECT OF A&E CORE CONTRACT EXC CQUINS JAN 2019
DEPARTMENT OF HEALTH ,NHS EAST RIDING OF YORKSHIRE CCG,25/12/2018,NHS 111,Hcare Srv Rec NHS Trust-Contract Baseline,YORKSHIRE AMBULANCE SERVICE NHS TRUST,2810025148,"59,898.00",CHARGE IN RESPECT OF NHS111 JAN 2019
DEPARTMENT OF HEALTH ,NHS EAST RIDING OF YORKSHIRE CCG,25/12/2018,PATIENT TRANSPORT,Hcare Srv Rec NHS Trust-Contract Baseline,YORKSHIRE AMBULANCE SERVICE NHS TRUST,2810025173,"214,771.78",PTS VARIABLE CONTRACT JAN 2019
DEPARTMENT OF HEALTH ,NHS EAST RIDING OF YORKSHIRE CCG,21/01/2019,AMBULANCE SERVICES,Hcare Srv Rec NHS Trust-Contract Baseline,YORKSHIRE AMBULANCE SERVICE NHS TRUST,2810025714,"102,000.00",CHARGE IN RESPECT OF ADDITIONAL PARAMEDIC REBRANDING FUNDING 2018-19
DEPARTMENT OF HEALTH ,NHS EAST RIDING OF YORKSHIRE CCG,07/01/2019,ACUTE COMMISSIONING,Hcare Srv Rec Fdtn Trust-CQUIN,DONCASTER AND BASSETLAW HOSPITALS NHS FOUNDATION TRUST,56396832,"141,974.00",M10 CONTRACT 2018/19 CQUINS @ 50%
DEPARTMENT OF HEALTH ,NHS EAST RIDING OF YORKSHIRE CCG,16/01/2019,MENTAL HEALTH CONTRACTS,Hcare Srv Rec Fdtn Trust-Contract Variation,HUMBER TEACHING NHS FOUNDATION TRUST,59883210,"129,914.00",PROVISION OF CV18 APR-DEC 2018/19
DEPARTMENT OF HEALTH ,NHS EAST RIDING OF YORKSHIRE CCG,17/12/2018,IMPROVING ACCESS TO PSYCHOLOGICAL THERAPIES,Hcare Srv Rec Fdtn Trust-Contract Cost per Case,HUMBER TEACHING NHS FOUNDATION TRUST,59883304,"106,395.21",IAPT SERVICE NOV 2018
DEPARTMENT OF HEALTH ,NHS EAST RIDING OF YORKSHIRE CCG,09/01/2019,MENTAL HEALTH CONTRACTS,Hcare Srv Rec Fdtn Trust-CQUIN,HUMBER TEACHING NHS FOUNDATION TRUST,59883506,"2,302,943.41",JAN 2019 BLOCK 
DEPARTMENT OF HEALTH ,NHS EAST RIDING OF YORKSHIRE CCG,09/01/2019,CHC ADULT FULLY FUNDED,Cont Care-Foundation Trust,HUMBER TEACHING NHS FOUNDATION TRUST,59883512,"136,666.67",RESIDENTIAL AND NURSING CARE JAN 2019
DEPARTMENT OF HEALTH ,NHS EAST RIDING OF YORKSHIRE CCG,04/01/2019,ACUTE COMMISSIONING,Hcare Srv Rec NHS Trust-CQUIN,HULL AND EAST YORKSHIRE HOSPITALS NHS TRUST,H0020541,"10,833,333.00",BLOCK CONTRACT JAN 2019
DEPARTMENT OF HEALTH ,NHS EAST RIDING OF YORKSHIRE CCG,11/01/2019,PRC DELEGATED CO-COMMISSIONING,C&M-PMS Contract Value,HUMBER TEACHING NHS FOUNDATION TRUST,KHU000032870,"28,475.42",GP PRACTICE CLAIMS
DEPARTMENT OF HEALTH ,NHS EAST RIDING OF YORKSHIRE CCG,11/01/2019,PRC DELEGATED CO-COMMISSIONING,C&M-PMS Contract Value,HUMBER TEACHING NHS FOUNDATION TRUST,KHU000032872,"39,177.80",GP PRACTICE CLAIMS
DEPARTMENT OF HEALTH ,NHS EAST RIDING OF YORKSHIRE CCG,11/01/2019,PRC DELEGATED CO-COMMISSIONING,C&M-PMS Contract Value,HUMBER TEACHING NHS FOUNDATION TRUST,KHU000032874,"84,011.19",GP PRACTICE CLAIMS
DEPARTMENT OF HEALTH ,NHS EAST RIDING OF YORKSHIRE CCG,29/01/2019,LOCAL ENHANCED SERVICES,C&M-GMS Cost of Drugs -Prescribing,HUMBER TEACHING NHS FOUNDATION TRUST,KHU000033043,"80,248.82",GP PRACTICE CLAIMS
DEPARTMENT OF HEALTH ,NHS EAST RIDING OF YORKSHIRE CCG,29/01/2019,LOCAL ENHANCED SERVICES,C&M-GMS Cost of Drugs -Prescribing,PARK VIEW SURGERY HESSLE,KHU000033030,"44,120.86",GP PRACTICE CLAIMS
DEPARTMENT OF HEALTH ,NHS EAST RIDING OF YORKSHIRE CCG,29/01/2019,LOCAL ENHANCED SERVICES,C&M-GMS Cost of Drugs -Dispensing,RIDINGS MEDICAL GROUP (THE),KHU000033037,"-127,227.02",GP PRACTICE CLAIMS
DEPARTMENT OF HEALTH ,NHS EAST RIDING OF YORKSHIRE CCG,29/01/2019,LOCAL ENHANCED SERVICES,C&M-GMS Cost of Drugs -Dispensing,RIDINGS MEDICAL GROUP (THE),KHU000033038,"466,581.81",GP PRACTICE CLAIMS
DEPARTMENT OF HEALTH ,NHS EAST RIDING OF YORKSHIRE CCG,18/01/2019,ACUTE COMMISSIONING,Clinical&Medical-Independent Sector - Contract Baseline,SPIRE HEALTHCARE LTD,02YHULADJYE1718,"137,162.00",INVOICE TO CANCEL 02YHULYE1718CR
DEPARTMENT OF HEALTH ,NHS EAST RIDING OF YORKSHIRE CCG,03/01/2019,ACUTE COMMISSIONING,Clinical&Medical-Independent Sector - Contract Baseline,SPIRE HEALTHCARE LTD,02YHULPF181910,"604,672.00",1/12 ESTIMATED ANNUAL CONTRACT VALUE JAN 2019
DEPARTMENT OF HEALTH ,NHS EAST RIDING OF YORKSHIRE CCG,21/12/2018,ACUTE COMMISSIONING,Clinical&Medical-Independent Sector - Contract Baseline,SPIRE HEALTHCARE LTD,02YHULREC181907,"-67,001.97",INVOICE LESS SAC ACTIVITIES OCT 2018/19
DEPARTMENT OF HEALTH ,NHS EAST RIDING OF YORKSHIRE CCG,22/01/2019,ACUTE COMMISSIONING,Clinical&Medical-Independent Sector - Contract Baseline,SPIRE HEALTHCARE LTD,02YHULYE1718CR,"-137,162.00",END OF 17/18 YEAR FINAL AGREED ADJ
DEPARTMENT OF HEALTH ,NHS EAST RIDING OF YORKSHIRE CCG,28/12/2018,PRIMARY CARE IT,LPF Management Fees,KIER BUSINESS SERVICES LTD,10128794,"106,885.20",LPF SERVICE RECEIVED 01/01/19-31/01/19
DEPARTMENT OF HEALTH ,NHS EAST RIDING OF YORKSHIRE CCG,09/01/2019,COMMUNITY SERVICES,Social Care-ICES,NOTTINGHAM REHAB LTD,1800106434,"95,503.15",ICON ACTIVITY SOCIAL 07/11/18
DEPARTMENT OF HEALTH ,NHS EAST RIDING OF YORKSHIRE CCG,10/12/2018,COMMUNITY SERVICES,Social Care-ICES,NOTTINGHAM REHAB LTD,1800106714,"175,358.38",ICON ACTIVITY NOV 18 HEALTH
DEPARTMENT OF HEALTH ,NHS EAST RIDING OF YORKSHIRE CCG,17/12/2018,COMMUNITY SERVICES,Social Care-ICES,NOTTINGHAM REHAB LTD,1800106777,"29,072.28",WHEELCHAIR ASSESSMENTS 07/12/18
DEPARTMENT OF HEALTH ,NHS EAST RIDING OF YORKSHIRE CCG,17/12/2018,COMMUNITY SERVICES,Social Care-ICES,NOTTINGHAM REHAB LTD,1800106780,"65,041.62",WHEELCHAIR EQUIPMENT MI NOV 2018
DEPARTMENT OF HEALTH ,NHS EAST RIDING OF YORKSHIRE CCG,25/01/2019,COMMUNITY SERVICES,Social Care-ICES,NOTTINGHAM REHAB LTD,1800106965,"68,856.52",WHEEL CHAIR EQUIPMENT DEC 18
DEPARTMENT OF HEALTH ,NHS EAST RIDING OF YORKSHIRE CCG,09/01/2019,IMPROVING ACCESS TO PSYCHOLOGICAL THERAPIES,Clinical&Medical-Independent Sector,INSIGHT HEALTHCARE LTD,19011,"40,321.56",IAPT CASES DECEMBER 2018
DEPARTMENT OF HEALTH ,NHS EAST RIDING OF YORKSHIRE CCG,19/12/2018,CEO/ BOARD OFFICE,"Books, Journals & Subscr",YORKSHIRE & HUMBER AHSN LTD,490,"25,082.40",MEMBERSHIP FEE 2018/19
DEPARTMENT OF HEALTH ,NHS EAST RIDING OF YORKSHIRE CCG,21/12/2018,COMMUNITY SERVICES,Services From Local Authorities,EAST RIDING OF YORKSHIRE COUNCIL,62404370,"65,000.00",PARTNER CONT TO SAFEGUARDING BOARD 2018/19
DEPARTMENT OF HEALTH ,NHS EAST RIDING OF YORKSHIRE CCG,21/12/2018,COMMUNITY SERVICES,Services From Local Authorities,EAST RIDING OF YORKSHIRE COUNCIL,62538449,"31,740.00",SUPPORT TO PARENTS CARERS 2018/19
DEPARTMENT OF HEALTH ,NHS EAST RIDING OF YORKSHIRE CCG,29/01/2019,LOCAL ENHANCED SERVICES,C&M-GMS Cost of Drugs -Dispensing,PARK SURGERY (DRIFFIELD),KHU000033035,"-134,886.82",GP PRACTICE CLAIMS
DEPARTMENT OF HEALTH ,NHS EAST RIDING OF YORKSHIRE CCG,29/01/2019,LOCAL ENHANCED SERVICES,C&M-GMS Cost of Drugs -Dispensing,PARK SURGERY (DRIFFIELD),KHU000033036,"402,054.91",GP PRACTICE CLAIMS
DEPARTMENT OF HEALTH ,NHS EAST RIDING OF YORKSHIRE CCG,09/01/2019,CLINICAL ASSESSMENT AND TREATMENT CENTRES,Prescribing,LLOYDS PHARMACY CLINICAL HOMECARE LTD,SINV3241670,"90,174.00",PRODUCTS 30/11/18
DEPARTMENT OF HEALTH ,NHS EAST RIDING OF YORKSHIRE CCG,09/01/2019,CLINICAL ASSESSMENT AND TREATMENT CENTRES,Prescribing,LLOYDS PHARMACY CLINICAL HOMECARE LTD,SINV3241762,"30,907.35",PRODUCTS ISSUED 30/11/18
DEPARTMENT OF HEALTH ,NHS EAST RIDING OF YORKSHIRE CCG,03/01/2019,CLINICAL ASSESSMENT AND TREATMENT CENTRES,Prescribing,LLOYDS PHARMACY CLINICAL HOMECARE LTD,SINV3290187,"73,427.40",VARIOUS CLINICAL SUPPLEIS 
DEPARTMENT OF HEALTH ,NHS EAST RIDING OF YORKSHIRE CCG,03/01/2019,CLINICAL ASSESSMENT AND TREATMENT CENTRES,Prescribing,LLOYDS PHARMACY CLINICAL HOMECARE LTD,SINV3290277,"28,160.03",PRODUCTS ISSUED 31/12/18
DEPARTMENT OF HEALTH ,NHS EAST RIDING OF YORKSHIRE CCG,11/01/2019,IMPROVING ACCESS TO PSYCHOLOGICAL THERAPIES,Clinical&Medical-Independent Sector,IESO DIGITAL HEALTH LTD,UK000191,"66,548.40",BILLABLE WORK PER 2018-19 CONTRACT NOV 18
