Department family,Entity,Date,Expense Area ,Expense Type,Supplier,Transaction number,  AP Amount (�)  ,Description,VAT registration number
DEPARTMENT OF HEALTH ,NHS EAST RIDING OF YORKSHIRE CCG,25/04/2018,COMMISSIONING - NON ACUTE,Clinical&Medical-Serv Recd-F Trsts,NORTHERN LINCOLNSHIRE AND GOOLE HOSPITALS NHS FOUNDATION TRUST,2400019198," 25,890.00 ",2X BAND 7 DEC-MAR 18,
DEPARTMENT OF HEALTH ,NHS EAST RIDING OF YORKSHIRE CCG,18/04/2018,COMMUNITY SERVICES,Hcare Srv Rec Fdtn Trust-Contract Variation,HUMBER NHS FOUNDATION TRUST,59880710," 30,908.00 ",2017/18 ADDITIONAL RECURRENT FUNDING FOR LAC HEALTH DES NURSE,
DEPARTMENT OF HEALTH ,NHS EAST RIDING OF YORKSHIRE CCG,13/04/2018,PRC DELEGATED CO-COMMISSIONING,C&M-PMS Contract Value,DR PA HARRIS & PARTNERS,KHU000028994," 107,217.65 ",LOCAL ENHANCED SERVICES ,
DEPARTMENT OF HEALTH ,NHS EAST RIDING OF YORKSHIRE CCG,13/04/2018,PRC DELEGATED CO-COMMISSIONING,C&M-PMS Contract Value,PRACTICE ONE,KHU000028996," 63,598.06 ",LOCAL ENHANCED SERVICES ,
DEPARTMENT OF HEALTH ,NHS EAST RIDING OF YORKSHIRE CCG,13/04/2018,PRC DELEGATED CO-COMMISSIONING,C&M-PMS Out of Hours Opt Outs,SNAITH & RAWCLIFFE MEDICAL GROUP,KHU000028997,"-28,355.46 ",LOCAL ENHANCED SERVICES ,
DEPARTMENT OF HEALTH ,NHS EAST RIDING OF YORKSHIRE CCG,13/04/2018,PRC DELEGATED CO-COMMISSIONING,C&M-PMS Contract Value,SNAITH & RAWCLIFFE MEDICAL GROUP,KHU000028998," 105,199.31 ",LOCAL ENHANCED SERVICES ,
DEPARTMENT OF HEALTH ,NHS EAST RIDING OF YORKSHIRE CCG,13/04/2018,PRC DELEGATED CO-COMMISSIONING,C&M-APMS Contract Value,WOLDS VIEW PRIMARY CARE CENTRE,KHU000028999," 108,598.42 ",LOCAL ENHANCED SERVICES ,
DEPARTMENT OF HEALTH ,NHS EAST RIDING OF YORKSHIRE CCG,30/04/2018,LOCAL ENHANCED SERVICES,C&M-GMS Cost of Drugs -Dispensing,CHURCH VIEW SURGERY HEDON,KHU000029176,"-79,659.59 ",LOCAL ENHANCED SERVICES ,
DEPARTMENT OF HEALTH ,NHS EAST RIDING OF YORKSHIRE CCG,30/04/2018,LOCAL ENHANCED SERVICES,C&M-GMS Cost of Drugs -Dispensing,CHURCH VIEW SURGERY HEDON,KHU000029177," 255,128.62 ",LOCAL ENHANCED SERVICES ,
DEPARTMENT OF HEALTH ,NHS EAST RIDING OF YORKSHIRE CCG,30/04/2018,LOCAL ENHANCED SERVICES,C&M-GMS Cost of Drugs -Dispensing,DR GREEN A M & PARTNERS,KHU000029178,"-55,805.24 ",LOCAL ENHANCED SERVICES ,
DEPARTMENT OF HEALTH ,NHS EAST RIDING OF YORKSHIRE CCG,30/04/2018,LOCAL ENHANCED SERVICES,C&M-GMS Cost of Drugs -Dispensing,DR GREEN A M & PARTNERS,KHU000029179," 267,325.89 ",LOCAL ENHANCED SERVICES ,
DEPARTMENT OF HEALTH ,NHS EAST RIDING OF YORKSHIRE CCG,30/04/2018,LOCAL ENHANCED SERVICES,C&M-GMS Cost of Drugs -Dispensing,DR GARWOOD D J & PARTNERS,KHU000029183,"-78,158.54 ",LOCAL ENHANCED SERVICES ,
DEPARTMENT OF HEALTH ,NHS EAST RIDING OF YORKSHIRE CCG,30/04/2018,LOCAL ENHANCED SERVICES,C&M-GMS Cost of Drugs -Dispensing,DR GARWOOD D J & PARTNERS,KHU000029184," 289,236.13 ",LOCAL ENHANCED SERVICES ,
DEPARTMENT OF HEALTH ,NHS EAST RIDING OF YORKSHIRE CCG,30/04/2018,LOCAL ENHANCED SERVICES,C&M-GMS Cost of Drugs -Prescribing,DR MACNAB H K & PARTNERS,KHU000029186," 84,524.55 ",LOCAL ENHANCED SERVICES ,
DEPARTMENT OF HEALTH ,NHS EAST RIDING OF YORKSHIRE CCG,30/04/2018,LOCAL ENHANCED SERVICES,C&M-GMS Cost of Drugs -Dispensing,DR MARSHALL S M & PARTNERS,KHU000029187,"-58,621.47 ",LOCAL ENHANCED SERVICES ,
DEPARTMENT OF HEALTH ,NHS EAST RIDING OF YORKSHIRE CCG,30/04/2018,LOCAL ENHANCED SERVICES,C&M-GMS Cost of Drugs -Dispensing,DR MARSHALL S M & PARTNERS,KHU000029188," 137,292.22 ",LOCAL ENHANCED SERVICES ,
DEPARTMENT OF HEALTH ,NHS EAST RIDING OF YORKSHIRE CCG,30/04/2018,LOCAL ENHANCED SERVICES,C&M-GMS Cost of Drugs -Prescribing,DR MILNER A C,KHU000029191," 39,177.96 ",LOCAL ENHANCED SERVICES ,
DEPARTMENT OF HEALTH ,NHS EAST RIDING OF YORKSHIRE CCG,30/04/2018,LOCAL ENHANCED SERVICES,C&M-GMS Cost of Drugs -Prescribing,DR MIXER P R & PARTNERS,KHU000029194," 97,036.92 ",LOCAL ENHANCED SERVICES ,
DEPARTMENT OF HEALTH ,NHS EAST RIDING OF YORKSHIRE CCG,30/04/2018,PRC DELEGATED CO-COMMISSIONING,C&M-GMS DES Minor Surgery,DR MOODY M E A & PARTNERS,KHU000029196," 74,413.50 ",LOCAL ENHANCED SERVICES ,
DEPARTMENT OF HEALTH ,NHS EAST RIDING OF YORKSHIRE CCG,30/04/2018,LOCAL ENHANCED SERVICES,C&M-GMS Cost of Drugs -Prescribing,DR PEARSON R L & PARTNERS,KHU000029197," 66,202.21 ",LOCAL ENHANCED SERVICES ,
DEPARTMENT OF HEALTH ,NHS EAST RIDING OF YORKSHIRE CCG,30/04/2018,LOCAL ENHANCED SERVICES,C&M-GMS Cost of Drugs -Dispensing,DR PICKERING N & PARTNERS,KHU000029198,"-68,926.35 ",LOCAL ENHANCED SERVICES ,
DEPARTMENT OF HEALTH ,NHS EAST RIDING OF YORKSHIRE CCG,30/04/2018,LOCAL ENHANCED SERVICES,C&M-GMS Cost of Drugs -Dispensing,DR PICKERING N & PARTNERS,KHU000029199," 257,856.87 ",LOCAL ENHANCED SERVICES ,
DEPARTMENT OF HEALTH ,NHS EAST RIDING OF YORKSHIRE CCG,30/04/2018,LOCAL ENHANCED SERVICES,C&M-GMS Cost of Drugs -Dispensing,DR SYKES A J & PARTNERS,KHU000029200,"-102,031.60 ",LOCAL ENHANCED SERVICES ,
DEPARTMENT OF HEALTH ,NHS EAST RIDING OF YORKSHIRE CCG,30/04/2018,LOCAL ENHANCED SERVICES,C&M-GMS Cost of Drugs -Dispensing,DR SYKES A J & PARTNERS,KHU000029201," 345,690.04 ",LOCAL ENHANCED SERVICES ,
DEPARTMENT OF HEALTH ,NHS EAST RIDING OF YORKSHIRE CCG,30/04/2018,LOCAL ENHANCED SERVICES,C&M-GMS Cost of Drugs -Prescribing,DR WRIGHTSON L & PARTNERS,KHU000029203," 144,297.52 ",LOCAL ENHANCED SERVICES ,
DEPARTMENT OF HEALTH ,NHS EAST RIDING OF YORKSHIRE CCG,30/04/2018,PRC DELEGATED CO-COMMISSIONING,ME - GMS TPS Added Years Adj EEs,HESSLE GRANGE MEDICAL PRACTICE,KHU000029204,"-52,369.19 ",LOCAL ENHANCED SERVICES ,
DEPARTMENT OF HEALTH ,NHS EAST RIDING OF YORKSHIRE CCG,30/04/2018,LOCAL ENHANCED SERVICES,C&M-GMS Cost of Drugs -Prescribing,HESSLE GRANGE MEDICAL PRACTICE,KHU000029205," 128,438.23 ",LOCAL ENHANCED SERVICES ,
DEPARTMENT OF HEALTH ,NHS EAST RIDING OF YORKSHIRE CCG,30/04/2018,LOCAL ENHANCED SERVICES,C&M-GMS Cost of Drugs -Prescribing,MANOR HOUSE SURGERY BRIDLINGTON,KHU000029208," 101,365.09 ",LOCAL ENHANCED SERVICES ,
DEPARTMENT OF HEALTH ,NHS EAST RIDING OF YORKSHIRE CCG,30/04/2018,LOCAL ENHANCED SERVICES,C&M-GMS Cost of Drugs -Prescribing,MONTAGUE MEDICAL PRACTICE,KHU000029210," 77,465.71 ",LOCAL ENHANCED SERVICES ,
DEPARTMENT OF HEALTH ,NHS EAST RIDING OF YORKSHIRE CCG,30/04/2018,LOCAL ENHANCED SERVICES,C&M-GMS Cost of Drugs -Prescribing,PARK VIEW SURGERY HESSLE,KHU000029212," 39,396.33 ",LOCAL ENHANCED SERVICES ,
DEPARTMENT OF HEALTH ,NHS EAST RIDING OF YORKSHIRE CCG,30/04/2018,LOCAL ENHANCED SERVICES,C&M-PMS Cost of Drugs -Dispensing,SNAITH & RAWCLIFFE MEDICAL GROUP,KHU000029214,"-76,935.24 ",LOCAL ENHANCED SERVICES ,
DEPARTMENT OF HEALTH ,NHS EAST RIDING OF YORKSHIRE CCG,30/04/2018,LOCAL ENHANCED SERVICES,C&M-PMS Cost of Drugs -Dispensing,SNAITH & RAWCLIFFE MEDICAL GROUP,KHU000029215," 157,016.81 ",LOCAL ENHANCED SERVICES ,
DEPARTMENT OF HEALTH ,NHS EAST RIDING OF YORKSHIRE CCG,25/04/2018,CHC ADULT FULLY FUNDED,Cont Care-Learning Disab(<65),HULL CITY COUNCIL,1000259739," 38,345.46 ",CHC RECHARGES FEB 2018,
DEPARTMENT OF HEALTH ,NHS EAST RIDING OF YORKSHIRE CCG,25/04/2018,CHC ADULT FULLY FUNDED,Cont Care-Learning Disab(<65),HULL CITY COUNCIL,1000259741," 43,585.56 ",CHC RECHARGES MARCH  2018,
DEPARTMENT OF HEALTH ,NHS EAST RIDING OF YORKSHIRE CCG,13/04/2018,Learning Difficulties - S117,Services From Local Authorities,EAST RIDING OF YORKSHIRE COUNCIL,61025545," 370,945.51 ",P9 & P10 S117 17/18 RECHARGE,
DEPARTMENT OF HEALTH ,NHS EAST RIDING OF YORKSHIRE CCG,13/04/2018,ACUTE COMMISSIONING,Hcare Srv Rec NHS Trust-Contract Baseline,MID YORKSHIRE HOSPITALS NHS TRUST,10093726," 73,420.00 ",APRIL 2018 SLA 18/19,
DEPARTMENT OF HEALTH ,NHS EAST RIDING OF YORKSHIRE CCG,13/04/2018,ACUTE COMMISSIONING,Hcare Srv Rec NHS Trust-Contract Baseline,LEEDS TEACHING HOSPITALS NHS TRUST,1410093555," 130,917.00 ",AP01 1/12TH OF 18/19 CONTRACT AGREEMENT,
DEPARTMENT OF HEALTH ,NHS EAST RIDING OF YORKSHIRE CCG,13/04/2018,ACUTE COMMISSIONING,Hcare Srv Rec Fdtn Trust-Contract Baseline,NORTHERN LINCOLNSHIRE AND GOOLE HOSPITALS NHS FOUNDATION TRUST,2400019458," 1,411,936.00 ",M01 2018/19 STANDARD CONTRACT,
DEPARTMENT OF HEALTH ,NHS EAST RIDING OF YORKSHIRE CCG,13/04/2018,NCAS/OATS,Hcare Srv Rec Fdtn Trust-Non Contract,HARROGATE & DISTRICT NHS FOUNDATION NHS TRUST,2510017338," 26,968.00 ",NCA JANUARY 2018,
DEPARTMENT OF HEALTH ,NHS EAST RIDING OF YORKSHIRE CCG,13/04/2018,AMBULANCE SERVICES,Hcare Srv Rec NHS Trust-Contract Baseline,YORKSHIRE AMBULANCE SERVICE NHS TRUST,2810022418," 993,602.00 ",A&E CONTRACT EXC CQUINS APRIL 2018,
DEPARTMENT OF HEALTH ,NHS EAST RIDING OF YORKSHIRE CCG,13/04/2018,NHS 111,Hcare Srv Rec NHS Trust-Contract Baseline,YORKSHIRE AMBULANCE SERVICE NHS TRUST,2810022461," 59,898.00 ",NHS 111 CONTRACT APRIL 2018,
DEPARTMENT OF HEALTH ,NHS EAST RIDING OF YORKSHIRE CCG,13/04/2018,PATIENT TRANSPORT,Hcare Srv Rec NHS Trust-Contract Baseline,YORKSHIRE AMBULANCE SERVICE NHS TRUST,2810022477," 214,771.78 ",PTS CONTRACT APRIL 2018,
DEPARTMENT OF HEALTH ,NHS EAST RIDING OF YORKSHIRE CCG,13/04/2018,ACUTE COMMISSIONING,Hcare Srv Rec Fdtn Trust-Contract Baseline,DONCASTER AND BASSETLAW HOSPITALS NHS FOUNDATION TRUST,56390083," 141,974.00 ",APRIL 2018 BLOCK CONTRACT,
DEPARTMENT OF HEALTH ,NHS EAST RIDING OF YORKSHIRE CCG,03/04/2018,MENTAL HEALTH CONTRACTS,Hcare Srv Rec Fdtn Trust-Contract Variation,HUMBER NHS FOUNDATION TRUST,59880829," 113,000.00 ",17/18 EMPLOYEMENT ADVISORS IN IAPT FUNDING,
DEPARTMENT OF HEALTH ,NHS EAST RIDING OF YORKSHIRE CCG,13/04/2018,MENTAL HEALTH CONTRACTS,Hcare Srv Rec Fdtn Trust-CQUIN,HUMBER NHS FOUNDATION TRUST,59881009," 2,169,265.33 ",APRIL 2018 BLOCK CONTRACT,
DEPARTMENT OF HEALTH ,NHS EAST RIDING OF YORKSHIRE CCG,18/04/2018,IMPROVING ACCESS TO PSYCHOLOGICAL THERAPIES,Hcare Srv Rec Fdtn Trust-Contract Cost per Case,HUMBER NHS FOUNDATION TRUST,59881042," 68,295.12 ",PROVISION OF COMPLETED TREATMENT MARCH 2018,
DEPARTMENT OF HEALTH ,NHS EAST RIDING OF YORKSHIRE CCG,13/04/2018,CHC ADULT FULLY FUNDED,Cont Care-Foundation Trust,HUMBER NHS FOUNDATION TRUST,59881053," 136,666.67 ",PROVISION OF RESIDENTIAL AND NURSING CARE APRIL 2018,
DEPARTMENT OF HEALTH ,NHS EAST RIDING OF YORKSHIRE CCG,13/04/2018,ACUTE COMMISSIONING,Hcare Srv Rec NHS Trust-Contract Baseline,HULL AND EAST YORKSHIRE HOSPITALS NHS TRUST,H0014396," 10,777,083.00 ",MONTHLY BLOCK APRIL 2018,
DEPARTMENT OF HEALTH ,NHS EAST RIDING OF YORKSHIRE CCG,13/04/2018,ACUTE COMMISSIONING,Hcare Srv Rec NHS Trust-CQUIN,HULL AND EAST YORKSHIRE HOSPITALS NHS TRUST,H0015020," 51,113.00 ",CQUIN RISK RESERVE REMAINING 20% - MARCH 2018,
DEPARTMENT OF HEALTH ,NHS EAST RIDING OF YORKSHIRE CCG,13/04/2018,PRC DELEGATED CO-COMMISSIONING,C&M-PMS Contract Value,HUMBER NHS FOUNDATION TRUST,KHU000029001," 71,774.78 ",LOCAL ENHANCED SERVICES ,
DEPARTMENT OF HEALTH ,NHS EAST RIDING OF YORKSHIRE CCG,25/04/2018,LOCAL ENHANCED SERVICES,C&M-GMS Cost of Drugs -Prescribing,HUMBER NHS FOUNDATION TRUST,KHU000029227," 79,402.33 ",LOCAL ENHANCED SERVICES ,
DEPARTMENT OF HEALTH ,NHS EAST RIDING OF YORKSHIRE CCG,16/04/2018,ACUTE COMMISSIONING,Hcare Srv Rec Fdtn Trust-Contract Baseline,YORK TEACHING HOSPITAL NHS FOUNDATION TRUST,1010061260," 3,450,676.00 ",CLINCAL INCOME CONTRACT APRIL 2018,
DEPARTMENT OF HEALTH ,NHS EAST RIDING OF YORKSHIRE CCG,13/04/2018,PRC DELEGATED CO-COMMISSIONING,C&M-PMS Contract Value,DR HARRISON R W,KHU000028992," 71,639.01 ",LOCAL ENHANCED SERVICES ,
DEPARTMENT OF HEALTH ,NHS EAST RIDING OF YORKSHIRE CCG,30/04/2018,LOCAL ENHANCED SERVICES,C&M-GMS Cost of Drugs -Dispensing,DR HILL S A & PARTNERS,KHU000029181,"-43,110.20 ",LOCAL ENHANCED SERVICES ,
DEPARTMENT OF HEALTH ,NHS EAST RIDING OF YORKSHIRE CCG,30/04/2018,LOCAL ENHANCED SERVICES,C&M-GMS Cost of Drugs -Dispensing,DR HILL S A & PARTNERS,KHU000029182," 173,769.27 ",LOCAL ENHANCED SERVICES ,
DEPARTMENT OF HEALTH ,NHS EAST RIDING OF YORKSHIRE CCG,30/04/2018,LOCAL ENHANCED SERVICES,C&M-GMS Cost of Drugs -Dispensing,RIDINGS MEDICAL GROUP (THE),KHU000029220,"-86,120.28 ",LOCAL ENHANCED SERVICES ,
DEPARTMENT OF HEALTH ,NHS EAST RIDING OF YORKSHIRE CCG,30/04/2018,LOCAL ENHANCED SERVICES,C&M-GMS Cost of Drugs -Dispensing,RIDINGS MEDICAL GROUP (THE),KHU000029221," 400,125.89 ",LOCAL ENHANCED SERVICES ,
DEPARTMENT OF HEALTH ,NHS EAST RIDING OF YORKSHIRE CCG,20/04/2018,IMPROVING ACCESS TO PSYCHOLOGICAL THERAPIES,Clinical&Medical-Independent Sector,INSIGHT HEALTHCARE LTD,18010," 48,988.93 ",IAPT CASES CLOSED TO MAR 18,
DEPARTMENT OF HEALTH ,NHS EAST RIDING OF YORKSHIRE CCG,25/04/2018,INTERPRETING SERVICES,Other professional fees,RMP DESIGN & MARKETING LTD,24002," 38,639.80 ",DESIGN AND PRODUCTION OF URGENT CARE CAMPAIGN BOOKLETS MARCH 2018,
DEPARTMENT OF HEALTH ,NHS EAST RIDING OF YORKSHIRE CCG,18/04/2018,COMMUNITY SERVICES,Services From Local Authorities,EAST RIDING OF YORKSHIRE COUNCIL,61026185," 110,844.03 ",RECHARGE FOR MEDICATION CALLS FOR PERIODS 9 AND 10 2017/18,
DEPARTMENT OF HEALTH ,NHS EAST RIDING OF YORKSHIRE CCG,06/04/2018,FUNDED NURSING CARE,Cont Care-Funded Nursing Care Allow,EAST RIDING OF YORKSHIRE COUNCIL,61029915," 62,973.46 ",FNC PERIOD 11 15/01/2018-11/02/18,
DEPARTMENT OF HEALTH ,NHS EAST RIDING OF YORKSHIRE CCG,13/04/2018,Learning Difficulties - S117,Services From Local Authorities,EAST RIDING OF YORKSHIRE COUNCIL,61063404," 376,617.78 ",S117 HEALTH RECHARGE PERIODS 11 17/18 15.01.18-11.03.18,
DEPARTMENT OF HEALTH ,NHS EAST RIDING OF YORKSHIRE CCG,11/04/2018,COMMUNITY SERVICES,Clinical&Medical-Independent Sector,CITY HEALTH CARE PARTNERSHIP CIC,7410027344," 40,007.14 ",POSITIVE STEP DOWN BEDS MARCH 2018,
DEPARTMENT OF HEALTH ,NHS EAST RIDING OF YORKSHIRE CCG,18/04/2018,COMMUNITY SERVICES,Clinical&Medical-Independent Sector,CITY HEALTH CARE PARTNERSHIP CIC,7410027654," 339,000.00 ",ROLL OUT AND SUPPORT OF CARE HOME PROJECTS,
DEPARTMENT OF HEALTH ,NHS EAST RIDING OF YORKSHIRE CCG,18/04/2018,COMMUNITY SERVICES,Clinical&Medical-Independent Sector,CITY HEALTH CARE PARTNERSHIP CIC,7410027706," 54,101.67 ",APRIL 2018 CONTRCATUAL INCOME INTEGRATED COMM SERVICES 2017/18,
DEPARTMENT OF HEALTH ,NHS EAST RIDING OF YORKSHIRE CCG,18/04/2018,COMMUNITY SERVICES,Clinical&Medical-Independent Sector,CITY HEALTH CARE PARTNERSHIP CIC,7410027712," 2,164,066.67 ",APRIL 2018 CONTRCATUAL INCOME INTEGRATED COMM SERVICES 2017/18,
DEPARTMENT OF HEALTH ,NHS EAST RIDING OF YORKSHIRE CCG,30/04/2018,COMMUNITY SERVICES,Clinical&Medical-Not For Profit,CITY HEALTH CARE PARTNERSHIP CIC,7410027810," 74,997.08 ",CONTRACT 4 APRIL 2018,
DEPARTMENT OF HEALTH ,NHS EAST RIDING OF YORKSHIRE CCG,20/04/2018,MENTAL HEALTH SERVICES - OTHER,Clinical&Medical-Clinical Other,CYGNET HEALTHCARE LTD,BIE0044325," 26,016.75 ",PATIENT CARE FEES 04/03/18-31/03/18,
DEPARTMENT OF HEALTH ,NHS EAST RIDING OF YORKSHIRE CCG,13/04/2018,PRC DELEGATED CO-COMMISSIONING,C&M-PMS Contract Value,GREENGATES MEDICAL GROUP,KHU000029003," 175,490.67 ",LOCAL ENHANCED SERVICES ,
DEPARTMENT OF HEALTH ,NHS EAST RIDING OF YORKSHIRE CCG,13/04/2018,PRC DELEGATED CO-COMMISSIONING,C&M-PMS Contract Value,HUMBER NHS FOUNDATION TRUST CHESTNUTS,KHU000029005," 34,504.37 ",LOCAL ENHANCED SERVICES ,
DEPARTMENT OF HEALTH ,NHS EAST RIDING OF YORKSHIRE CCG,30/04/2018,LOCAL ENHANCED SERVICES,C&M-GMS Cost of Drugs -Dispensing,SOUTH HOLDERNESS MEDICAL PRACTICE,KHU000029216,"-68,758.80 ",LOCAL ENHANCED SERVICES ,
DEPARTMENT OF HEALTH ,NHS EAST RIDING OF YORKSHIRE CCG,30/04/2018,LOCAL ENHANCED SERVICES,C&M-GMS Cost of Drugs -Dispensing,SOUTH HOLDERNESS MEDICAL PRACTICE,KHU000029217," 249,104.76 ",LOCAL ENHANCED SERVICES ,
DEPARTMENT OF HEALTH ,NHS EAST RIDING OF YORKSHIRE CCG,30/04/2018,LOCAL ENHANCED SERVICES,C&M-GMS Cost of Drugs -Dispensing,PARK SURGERY (DRIFFIELD),KHU000029218,"-108,588.70 ",LOCAL ENHANCED SERVICES ,
DEPARTMENT OF HEALTH ,NHS EAST RIDING OF YORKSHIRE CCG,30/04/2018,LOCAL ENHANCED SERVICES,C&M-GMS Cost of Drugs -Dispensing,PARK SURGERY (DRIFFIELD),KHU000029219," 318,470.14 ",LOCAL ENHANCED SERVICES ,
DEPARTMENT OF HEALTH ,NHS EAST RIDING OF YORKSHIRE CCG,30/04/2018,LOCAL ENHANCED SERVICES,C&M-PMS Cost of Drugs -Dispensing,GREENGATES MEDICAL GROUP,KHU000029225," 25,850.78 ",LOCAL ENHANCED SERVICES ,
DEPARTMENT OF HEALTH ,NHS EAST RIDING OF YORKSHIRE CCG,27/04/2018,CHC ADULT FULLY FUNDED,Cont Care- Palliative Care,EAST RIDING OF YORKSHIRE COUNCIL,61025510," 800,000.00 ",CHC PERIOD 9-10 20/11/17-14/01/18,
DEPARTMENT OF HEALTH ,NHS EAST RIDING OF YORKSHIRE CCG,03/04/2018,Learning Difficulties - S117,Clinical&Medical-Independent Sector,ST ANDREWS HEALTHCARE,NOINV7045," 36,482.00 ",LOCAL ENHANCED SERVICES ,
