Transparency report April 2018,,,,,,,,
,,,,,,,,
Department family,Entity,Date,Expense Type,Expense area,Supplier,Transaction number,AP Amount (�),Purchase invoice number
Department of Health,NHS Wigan Borough CCG,4/30/2018,Hcare Srv Rec Fdtn Trust-Prior Year,COLLABORATIVE COMMISSIONING,CHRISTIE HOSPITAL NHS FOUNDATION TRUST,21568354,"68,354.00 ",26831
Department of Health,NHS Wigan Borough CCG,4/30/2018,Hcare Srv Rec Fdtn Trust-Contract Baseline,COMMUNITY SERVICES,BRIDGEWATER COMMUNITY HEALTHCARE NHS FOUNDATION TRUST,21568371,"2,882,262.50 ",26306964
Department of Health,NHS Wigan Borough CCG,4/30/2018,Hcare Srv Rec Fdtn Trust-CQUIN,COMMUNITY SERVICES,BRIDGEWATER COMMUNITY HEALTHCARE NHS FOUNDATION TRUST,21568372,"73,904.17 ",26306965
Department of Health,NHS Wigan Borough CCG,4/30/2018,Hcare Srv Rec Fdtn Trust-Non Contract,NCAS/OATS,WIRRAL UNIVERSITY TEACHING HOSPITAL NHS FOUNDATION TRUST,21568374,"25,911.53 ",8510031338
Department of Health,NHS Wigan Borough CCG,4/30/2018,Hcare Srv Rec Fdtn Trust-Over/ Under Performance,ACUTE COMMISSIONING,LANCASHIRE TEACHING HOSPITALS NHS FOUNDATION TRUST,21568397,"149,947.00 ",15311607
Department of Health,NHS Wigan Borough CCG,4/30/2018,Hcare Srv Rec Fdtn Trust-Prior Year,COLLABORATIVE COMMISSIONING,CHRISTIE HOSPITAL NHS FOUNDATION TRUST,21568407,"(68,354.00)",CRN1026831
Department of Health,NHS Wigan Borough CCG,4/30/2018,Hcare Srv Rec Fdtn Trust-Contract Baseline,ACUTE COMMISSIONING,WRIGHTINGTON WIGAN & LEIGH NHS FOUNDATION TRUST,21568412,"14,591,667.00 ",55575902
Department of Health,NHS Wigan Borough CCG,4/30/2018,Cont Care- Adult 100% Fully Funded,CHC ADULT FULLY FUNDED,WIGAN COUNCIL,21589682,"85,327.08 ",71249542606
Department of Health,NHS Wigan Borough CCG,4/30/2018,Cont Care-Physical Disab (65+),Adult Joint Funded Continuing Care,WIGAN COUNCIL,21589692,"44,286.61 ",71249997701
Department of Health,NHS Wigan Borough CCG,4/30/2018,Hcare Srv Rec Fdtn Trust-CQUIN,MENTAL HEALTH CONTRACTS,GREATER MANCHESTER WEST MENTAL HEALTH NHS FOUNDATION TRUST,21589724,"9,844.72 ",0000027307
Department of Health,NHS Wigan Borough CCG,4/30/2018,Hcare Srv Rec Fdtn Trust-Contract Baseline,MENTAL HEALTH CONTRACTS,GREATER MANCHESTER WEST MENTAL HEALTH NHS FOUNDATION TRUST,21589724,"70,535.74 ",0000027307
Department of Health,NHS Wigan Borough CCG,4/30/2018,Clinical&Medical-Commercial Sector,LEARNING DIFFICULTIES,WIGAN COUNCIL,21589726,"6,876.52 ",91249137244A
Department of Health,NHS Wigan Borough CCG,4/30/2018,Cont Care- Adult Joint Funded,ADULT JOINT FUNDED CONTINUING CARE,WIGAN COUNCIL,21589726,"1,941.80 ",91249137244A
Department of Health,NHS Wigan Borough CCG,4/30/2018,Soc Care-Mental health services,MENTAL HEALTH CONTRACTS,WIGAN COUNCIL,21589726,"17,277.18 ",91249137244A
Department of Health,NHS Wigan Borough CCG,4/30/2018,Soc Care-Mental health services,Mental Health Services - S117 Mental Health,WIGAN COUNCIL,21589726,"98,866.43 ",91249137244A
Department of Health,NHS Wigan Borough CCG,4/30/2018,Clinical&Medical-Clinical Other,COMMISSIONING SCHEMES,WIGAN GP ALLIANCE,21596191,"70,000.00 ",ACUTEHUBS201718
Department of Health,NHS Wigan Borough CCG,4/30/2018,C&M-GMS GP Statutory Levy,PRC DELEGATED CO-COMMISSIONING,BEECH HILL MEDICAL CENTRE,21658539,(352.99),WIG000026143
Department of Health,NHS Wigan Borough CCG,4/30/2018,C&M-GMS Voluntary Levy,PRC DELEGATED CO-COMMISSIONING,BEECH HILL MEDICAL CENTRE,21658539,(64.18),WIG000026143
Department of Health,NHS Wigan Borough CCG,4/30/2018,ME - GMS TPS Added Years Adj EEs,PRC DELEGATED CO-COMMISSIONING,BEECH HILL MEDICAL CENTRE,21658539,"(2,577.28)",WIG000026143
Department of Health,NHS Wigan Borough CCG,4/30/2018,ME-GMS GP Pension EEs,PRC DELEGATED CO-COMMISSIONING,BEECH HILL MEDICAL CENTRE,21658539,"(22,423.10)",WIG000026143
Department of Health,NHS Wigan Borough CCG,4/30/2018,ME-GMS GP Pension ERs Adjustments,PRC DELEGATED CO-COMMISSIONING,BEECH HILL MEDICAL CENTRE,21658539,"(22,487.12)",WIG000026143
Department of Health,NHS Wigan Borough CCG,4/30/2018,C&M-GMS Global Sum,PRC DELEGATED CO-COMMISSIONING,BEECH HILL MEDICAL CENTRE,21658540,"96,606.25 ",WIG000026144
Department of Health,NHS Wigan Borough CCG,4/30/2018,C&M-GMS Prem Clinical Waste,PRC DELEGATED CO-COMMISSIONING,BEECH HILL MEDICAL CENTRE,21658540,48.00 ,WIG000026144
Department of Health,NHS Wigan Borough CCG,4/30/2018,C&M-GMS Prem Notional Rent,PRC DELEGATED CO-COMMISSIONING,BEECH HILL MEDICAL CENTRE,21658540,"7,400.00 ",WIG000026144
Department of Health,NHS Wigan Borough CCG,4/30/2018,C&M-GMS Prem Rates,PRC DELEGATED CO-COMMISSIONING,BEECH HILL MEDICAL CENTRE,21658540,"11,826.93 ",WIG000026144
Department of Health,NHS Wigan Borough CCG,4/30/2018,C&M-GMS QOF Aspiration,PRC DELEGATED CO-COMMISSIONING,BEECH HILL MEDICAL CENTRE,21658540,"11,244.63 ",WIG000026144
Department of Health,NHS Wigan Borough CCG,4/30/2018,C&M-PMS Contract Value,PRC DELEGATED CO-COMMISSIONING,BRAITHWAITE SURGERY,21658544,"39,507.76 ",WIG000026148
Department of Health,NHS Wigan Borough CCG,4/30/2018,C&M-PMS Funding Differential Review,PRC DELEGATED CO-COMMISSIONING,BRAITHWAITE SURGERY,21658544,155.57 ,WIG000026148
Department of Health,NHS Wigan Borough CCG,4/30/2018,C&M-PMS Prem Notional Rent,PRC DELEGATED CO-COMMISSIONING,BRAITHWAITE SURGERY,21658544,"3,041.67 ",WIG000026148
Department of Health,NHS Wigan Borough CCG,4/30/2018,C&M-PMS QOF Aspiration,PRC DELEGATED CO-COMMISSIONING,BRAITHWAITE SURGERY,21658544,"3,825.37 ",WIG000026148
Department of Health,NHS Wigan Borough CCG,4/30/2018,C&M-GMS Global Sum,PRC DELEGATED CO-COMMISSIONING,DR A B ANIS & PARTNER,21658546,"35,394.96 ",WIG000026150
Department of Health,NHS Wigan Borough CCG,4/30/2018,C&M-GMS QOF Aspiration,PRC DELEGATED CO-COMMISSIONING,DR A B ANIS & PARTNER,21658546,"3,409.85 ",WIG000026150
Department of Health,NHS Wigan Borough CCG,4/30/2018,C&M-GMS Global Sum,PRC DELEGATED CO-COMMISSIONING,DR C J MUNRO & PARTNERS,21658550,"90,396.77 ",WIG000026154
Department of Health,NHS Wigan Borough CCG,4/30/2018,C&M-GMS MPIG Correction Factor,PRC DELEGATED CO-COMMISSIONING,DR C J MUNRO & PARTNERS,21658550,728.86 ,WIG000026154
Department of Health,NHS Wigan Borough CCG,4/30/2018,C&M-GMS PCO Locum Adop/Pat/Mat,PRC DELEGATED CO-COMMISSIONING,DR C J MUNRO & PARTNERS,21658550,"5,824.24 ",WIG000026154
Department of Health,NHS Wigan Borough CCG,4/30/2018,C&M-GMS Prem Notional Rent,PRC DELEGATED CO-COMMISSIONING,DR C J MUNRO & PARTNERS,21658550,"5,395.83 ",WIG000026154
Department of Health,NHS Wigan Borough CCG,4/30/2018,C&M-GMS Prem Rates,PRC DELEGATED CO-COMMISSIONING,DR C J MUNRO & PARTNERS,21658550,"10,297.61 ",WIG000026154
Department of Health,NHS Wigan Borough CCG,4/30/2018,C&M-GMS QOF Aspiration,PRC DELEGATED CO-COMMISSIONING,DR C J MUNRO & PARTNERS,21658550,"11,488.56 ",WIG000026154
Department of Health,NHS Wigan Borough CCG,4/30/2018,C&M-PMS Contract Value,PRC DELEGATED CO-COMMISSIONING,DR CA XAVIER,21658552,"37,155.59 ",WIG000026156
Department of Health,NHS Wigan Borough CCG,4/30/2018,C&M-PMS DES Learn Dsblty Hlth Chk,PRC DELEGATED CO-COMMISSIONING,DR CA XAVIER,21658552,980.00 ,WIG000026156
Department of Health,NHS Wigan Borough CCG,4/30/2018,C&M-PMS Prem Notional Rent,PRC DELEGATED CO-COMMISSIONING,DR CA XAVIER,21658552,"2,325.00 ",WIG000026156
Department of Health,NHS Wigan Borough CCG,4/30/2018,C&M-PMS QOF Aspiration,PRC DELEGATED CO-COMMISSIONING,DR CA XAVIER,21658552,"3,289.83 ",WIG000026156
Department of Health,NHS Wigan Borough CCG,4/30/2018,C&M-GMS DES Minor Surgery,PRC DELEGATED CO-COMMISSIONING,DR AJ ELLIS,21658554,91.32 ,WIG000026158
Department of Health,NHS Wigan Borough CCG,4/30/2018,C&M-GMS Global Sum,PRC DELEGATED CO-COMMISSIONING,DR AJ ELLIS,21658554,"33,030.76 ",WIG000026158
Department of Health,NHS Wigan Borough CCG,4/30/2018,C&M-GMS Prem Notional Rent,PRC DELEGATED CO-COMMISSIONING,DR AJ ELLIS,21658554,"2,604.17 ",WIG000026158
Department of Health,NHS Wigan Borough CCG,4/30/2018,C&M-GMS QOF Aspiration,PRC DELEGATED CO-COMMISSIONING,DR AJ ELLIS,21658554,"3,231.89 ",WIG000026158
Department of Health,NHS Wigan Borough CCG,4/30/2018,C&M-PMS Contract Value,PRC DELEGATED CO-COMMISSIONING,DR ALISTAIR THOMPSON MANCHESTER,21658557,"30,675.34 ",WIG000026162
Department of Health,NHS Wigan Borough CCG,4/30/2018,C&M-PMS Funding Differential Review,PRC DELEGATED CO-COMMISSIONING,DR ALISTAIR THOMPSON MANCHESTER,21658557,362.29 ,WIG000026162
Department of Health,NHS Wigan Borough CCG,4/30/2018,C&M-PMS Prem Notional Rent,PRC DELEGATED CO-COMMISSIONING,DR ALISTAIR THOMPSON MANCHESTER,21658557,665.00 ,WIG000026162
Department of Health,NHS Wigan Borough CCG,4/30/2018,C&M-PMS QOF Aspiration,PRC DELEGATED CO-COMMISSIONING,DR ALISTAIR THOMPSON MANCHESTER,21658557,"3,123.79 ",WIG000026162
Department of Health,NHS Wigan Borough CCG,4/30/2018,C&M-APMS Contract KPIs,PRC DELEGATED CO-COMMISSIONING,DR ALISTAIR THOMPSON WIGAN,21658559,"17,693.03 ",WIG000026164
Department of Health,NHS Wigan Borough CCG,4/30/2018,C&M-APMS Contract Value,PRC DELEGATED CO-COMMISSIONING,DR ALISTAIR THOMPSON WIGAN,21658559,"53,079.10 ",WIG000026164
Department of Health,NHS Wigan Borough CCG,4/30/2018,C&M-PMS QOF Aspiration,PRC DELEGATED CO-COMMISSIONING,DR ALISTAIR THOMPSON WIGAN,21658559,"5,526.43 ",WIG000026164
Department of Health,NHS Wigan Borough CCG,4/30/2018,C&M-PMS Contract Value,PRC DELEGATED CO-COMMISSIONING,DR CP KHATRI,21658566,"33,637.07 ",WIG000026172
Department of Health,NHS Wigan Borough CCG,4/30/2018,C&M-PMS DES Minor Surgery,PRC DELEGATED CO-COMMISSIONING,DR CP KHATRI,21658566,182.64 ,WIG000026172
Department of Health,NHS Wigan Borough CCG,4/30/2018,C&M-PMS Funding Differential Review,PRC DELEGATED CO-COMMISSIONING,DR CP KHATRI,21658566,266.61 ,WIG000026172
Department of Health,NHS Wigan Borough CCG,4/30/2018,C&M-PMS LES Dermatology/Cryotherapy,LOCAL ENHANCED SERVICES,DR CP KHATRI,21658566,87.39 ,WIG000026172
Department of Health,NHS Wigan Borough CCG,4/30/2018,C&M-PMS Prem Notional Rent,PRC DELEGATED CO-COMMISSIONING,DR CP KHATRI,21658566,"2,600.00 ",WIG000026172
Department of Health,NHS Wigan Borough CCG,4/30/2018,C&M-PMS QOF Aspiration,PRC DELEGATED CO-COMMISSIONING,DR CP KHATRI,21658566,"3,488.05 ",WIG000026172
Department of Health,NHS Wigan Borough CCG,4/30/2018,C&M-PMS GP Statutory Levy,PRC DELEGATED CO-COMMISSIONING,DR D G BRODIE & PARTNERS,21658567,(470.88),WIG000026173
Department of Health,NHS Wigan Borough CCG,4/30/2018,C&M-PMS Voluntary Levy,PRC DELEGATED CO-COMMISSIONING,DR D G BRODIE & PARTNERS,21658567,(85.62),WIG000026173
Department of Health,NHS Wigan Borough CCG,4/30/2018,ME - PMS TPS Added Years Adj EEs,PRC DELEGATED CO-COMMISSIONING,DR D G BRODIE & PARTNERS,21658567,"(1,785.82)",WIG000026173
Department of Health,NHS Wigan Borough CCG,4/30/2018,ME-PMS GP Pension EEs-PMS,PRC DELEGATED CO-COMMISSIONING,DR D G BRODIE & PARTNERS,21658567,"(59,226.73)",WIG000026173
Department of Health,NHS Wigan Borough CCG,4/30/2018,ME-PMS GP Pension ERs Adjs - PMS,PRC DELEGATED CO-COMMISSIONING,DR D G BRODIE & PARTNERS,21658567,"(51,035.14)",WIG000026173
Department of Health,NHS Wigan Borough CCG,4/30/2018,C&M-PMS Contract Value,PRC DELEGATED CO-COMMISSIONING,DR D G BRODIE & PARTNERS,21658568,"135,677.23 ",WIG000026174
Department of Health,NHS Wigan Borough CCG,4/30/2018,C&M-PMS Funding Differential Review,PRC DELEGATED CO-COMMISSIONING,DR D G BRODIE & PARTNERS,21658568,246.44 ,WIG000026174
Department of Health,NHS Wigan Borough CCG,4/30/2018,C&M-PMS QOF Aspiration,PRC DELEGATED CO-COMMISSIONING,DR D G BRODIE & PARTNERS,21658568,"15,706.29 ",WIG000026174
Department of Health,NHS Wigan Borough CCG,4/30/2018,C&M-GMS GP Statutory Levy,PRC DELEGATED CO-COMMISSIONING,DR G FELLOWS & PARTNERS,21658569,(230.51),WIG000026175
Department of Health,NHS Wigan Borough CCG,4/30/2018,C&M-GMS Voluntary Levy,PRC DELEGATED CO-COMMISSIONING,DR G FELLOWS & PARTNERS,21658569,(41.91),WIG000026175
Department of Health,NHS Wigan Borough CCG,4/30/2018,ME-GMS GP Pension EEs,PRC DELEGATED CO-COMMISSIONING,DR G FELLOWS & PARTNERS,21658569,"(24,631.09)",WIG000026175
Department of Health,NHS Wigan Borough CCG,4/30/2018,ME-GMS GP Pension ERs Adjustments,PRC DELEGATED CO-COMMISSIONING,DR G FELLOWS & PARTNERS,21658569,"(21,738.04)",WIG000026175
Department of Health,NHS Wigan Borough CCG,4/30/2018,C&M-GMS Global Sum,PRC DELEGATED CO-COMMISSIONING,DR G FELLOWS & PARTNERS,21658570,"67,724.42 ",WIG000026176
Department of Health,NHS Wigan Borough CCG,4/30/2018,C&M-GMS QOF Aspiration,PRC DELEGATED CO-COMMISSIONING,DR G FELLOWS & PARTNERS,21658570,"7,488.38 ",WIG000026176
Department of Health,NHS Wigan Borough CCG,4/30/2018,C&M-PMS Contract Value,PRC DELEGATED CO-COMMISSIONING,DR J D SEABROOK & PARTNER,21658572,"32,377.17 ",WIG000026178
Department of Health,NHS Wigan Borough CCG,4/30/2018,C&M-PMS Prem Notional Rent,PRC DELEGATED CO-COMMISSIONING,DR J D SEABROOK & PARTNER,21658572,"1,925.00 ",WIG000026178
Department of Health,NHS Wigan Borough CCG,4/30/2018,C&M-PMS QOF Aspiration,PRC DELEGATED CO-COMMISSIONING,DR J D SEABROOK & PARTNER,21658572,"3,031.48 ",WIG000026178
Department of Health,NHS Wigan Borough CCG,4/30/2018,ME-PMS GP Pension EEs-PMS,PRC DELEGATED CO-COMMISSIONING,DR J D SEABROOK & PARTNER,21658572,"3,295.15 ",WIG000026178
Department of Health,NHS Wigan Borough CCG,4/30/2018,ME-PMS GP Pension ERs Adjs - PMS,PRC DELEGATED CO-COMMISSIONING,DR J D SEABROOK & PARTNER,21658572,"3,588.38 ",WIG000026178
Department of Health,NHS Wigan Borough CCG,4/30/2018,C&M-PMS GP Statutory Levy,PRC DELEGATED CO-COMMISSIONING,DR M C SMITH & PARTNERS,21658577,(208.37),WIG000026183
Department of Health,NHS Wigan Borough CCG,4/30/2018,C&M-PMS Voluntary Levy,PRC DELEGATED CO-COMMISSIONING,DR M C SMITH & PARTNERS,21658577,(37.89),WIG000026183
Department of Health,NHS Wigan Borough CCG,4/30/2018,ME-PMS GP Pension EEs-PMS,PRC DELEGATED CO-COMMISSIONING,DR M C SMITH & PARTNERS,21658577,"(18,834.32)",WIG000026183
Department of Health,NHS Wigan Borough CCG,4/30/2018,ME-PMS GP Pension ERs Adjs - PMS,PRC DELEGATED CO-COMMISSIONING,DR M C SMITH & PARTNERS,21658577,"(16,765.01)",WIG000026183
Department of Health,NHS Wigan Borough CCG,4/30/2018,C&M-PMS Contract Value,PRC DELEGATED CO-COMMISSIONING,DR M C SMITH & PARTNERS,21658578,"59,321.69 ",WIG000026184
Department of Health,NHS Wigan Borough CCG,4/30/2018,C&M-PMS DES Minor Surgery,PRC DELEGATED CO-COMMISSIONING,DR M C SMITH & PARTNERS,21658578,45.66 ,WIG000026184
Department of Health,NHS Wigan Borough CCG,4/30/2018,C&M-PMS Funding Differential Review,PRC DELEGATED CO-COMMISSIONING,DR M C SMITH & PARTNERS,21658578,377.64 ,WIG000026184
Department of Health,NHS Wigan Borough CCG,4/30/2018,C&M-PMS Prem Clinical Waste,PRC DELEGATED CO-COMMISSIONING,DR M C SMITH & PARTNERS,21658578,24.00 ,WIG000026184
Department of Health,NHS Wigan Borough CCG,4/30/2018,C&M-PMS Prem Notional Rent,PRC DELEGATED CO-COMMISSIONING,DR M C SMITH & PARTNERS,21658578,"4,025.00 ",WIG000026184
Department of Health,NHS Wigan Borough CCG,4/30/2018,C&M-PMS Prem Rates,PRC DELEGATED CO-COMMISSIONING,DR M C SMITH & PARTNERS,21658578,"8,130.05 ",WIG000026184
Department of Health,NHS Wigan Borough CCG,4/30/2018,C&M-PMS QOF Aspiration,PRC DELEGATED CO-COMMISSIONING,DR M C SMITH & PARTNERS,21658578,"7,267.39 ",WIG000026184
Department of Health,NHS Wigan Borough CCG,4/30/2018,C&M-GMS DES Minor Surgery,PRC DELEGATED CO-COMMISSIONING,DR M K PATEL & PARTNERS,21658580,91.31 ,WIG000026186
Department of Health,NHS Wigan Borough CCG,4/30/2018,C&M-GMS Global Sum,PRC DELEGATED CO-COMMISSIONING,DR M K PATEL & PARTNERS,21658580,"59,630.09 ",WIG000026186
Department of Health,NHS Wigan Borough CCG,4/30/2018,C&M-GMS Prem Clinical Waste,PRC DELEGATED CO-COMMISSIONING,DR M K PATEL & PARTNERS,21658580,"2,810.02 ",WIG000026186
Department of Health,NHS Wigan Borough CCG,4/30/2018,C&M-GMS QOF Aspiration,PRC DELEGATED CO-COMMISSIONING,DR M K PATEL & PARTNERS,21658580,"6,211.56 ",WIG000026186
Department of Health,NHS Wigan Borough CCG,4/30/2018,C&M-GMS GP Statutory Levy,PRC DELEGATED CO-COMMISSIONING,DR M R ASHWORTH & PARTNERS,21658581,(159.45),WIG000026187
Department of Health,NHS Wigan Borough CCG,4/30/2018,C&M-GMS Voluntary Levy,PRC DELEGATED CO-COMMISSIONING,DR M R ASHWORTH & PARTNERS,21658581,(28.99),WIG000026187
Department of Health,NHS Wigan Borough CCG,4/30/2018,ME-GMS GP Pension EEs,PRC DELEGATED CO-COMMISSIONING,DR M R ASHWORTH & PARTNERS,21658581,"(19,431.72)",WIG000026187
Department of Health,NHS Wigan Borough CCG,4/30/2018,ME-GMS GP Pension ERs Adjustments,PRC DELEGATED CO-COMMISSIONING,DR M R ASHWORTH & PARTNERS,21658581,"(19,584.67)",WIG000026187
Department of Health,NHS Wigan Borough CCG,4/30/2018,C&M-GMS Global Sum,PRC DELEGATED CO-COMMISSIONING,DR M R ASHWORTH & PARTNERS,21658582,"42,490.67 ",WIG000026188
Department of Health,NHS Wigan Borough CCG,4/30/2018,C&M-GMS Prem Clinical Waste,PRC DELEGATED CO-COMMISSIONING,DR M R ASHWORTH & PARTNERS,21658582,48.00 ,WIG000026188
Department of Health,NHS Wigan Borough CCG,4/30/2018,C&M-GMS Prem Notional Rent,PRC DELEGATED CO-COMMISSIONING,DR M R ASHWORTH & PARTNERS,21658582,"2,483.33 ",WIG000026188
Department of Health,NHS Wigan Borough CCG,4/30/2018,C&M-GMS QOF Aspiration,PRC DELEGATED CO-COMMISSIONING,DR M R ASHWORTH & PARTNERS,21658582,"4,912.74 ",WIG000026188
Department of Health,NHS Wigan Borough CCG,4/30/2018,C&M-GMS DES Minor Surgery,PRC DELEGATED CO-COMMISSIONING,DR M SHARMA & PARTNERS,21658584,365.26 ,WIG000026190
Department of Health,NHS Wigan Borough CCG,4/30/2018,C&M-GMS Global Sum,PRC DELEGATED CO-COMMISSIONING,DR M SHARMA & PARTNERS,21658584,"39,765.72 ",WIG000026190
Department of Health,NHS Wigan Borough CCG,4/30/2018,C&M-GMS Prem Actual Rent,PRC DELEGATED CO-COMMISSIONING,DR M SHARMA & PARTNERS,21658584,"2,165.99 ",WIG000026190
Department of Health,NHS Wigan Borough CCG,4/30/2018,C&M-GMS QOF Aspiration,PRC DELEGATED CO-COMMISSIONING,DR M SHARMA & PARTNERS,21658584,"4,550.20 ",WIG000026190
Department of Health,NHS Wigan Borough CCG,4/30/2018,C&M-PMS Contract Value,PRC DELEGATED CO-COMMISSIONING,DR M ULLAH,21658586,"27,869.81 ",WIG000026192
Department of Health,NHS Wigan Borough CCG,4/30/2018,C&M-PMS Prof fees Prescribing,PRC DELEGATED CO-COMMISSIONING,DR M ULLAH,21658586,112.50 ,WIG000026192
Department of Health,NHS Wigan Borough CCG,4/30/2018,C&M-PMS QOF Aspiration,PRC DELEGATED CO-COMMISSIONING,DR M ULLAH,21658586,"2,324.07 ",WIG000026192
Department of Health,NHS Wigan Borough CCG,4/30/2018,C&M-GMS DES Minor Surgery,PRC DELEGATED CO-COMMISSIONING,DR L SAXENA,21658590,547.92 ,WIG000026196
Department of Health,NHS Wigan Borough CCG,4/30/2018,C&M-GMS Global Sum,PRC DELEGATED CO-COMMISSIONING,DR L SAXENA,21658590,"21,394.42 ",WIG000026196
Department of Health,NHS Wigan Borough CCG,4/30/2018,C&M-GMS MPIG Correction Factor,PRC DELEGATED CO-COMMISSIONING,DR L SAXENA,21658590,984.64 ,WIG000026196
Department of Health,NHS Wigan Borough CCG,4/30/2018,C&M-GMS Prem Clinical Waste,PRC DELEGATED CO-COMMISSIONING,DR L SAXENA,21658590,899.06 ,WIG000026196
Department of Health,NHS Wigan Borough CCG,4/30/2018,C&M-GMS Prem Notional Rent,PRC DELEGATED CO-COMMISSIONING,DR L SAXENA,21658590,"1,975.00 ",WIG000026196
Department of Health,NHS Wigan Borough CCG,4/30/2018,C&M-GMS QOF Aspiration,PRC DELEGATED CO-COMMISSIONING,DR L SAXENA,21658590,"2,015.24 ",WIG000026196
Department of Health,NHS Wigan Borough CCG,4/30/2018,C&M-GMS DES Minor Surgery,PRC DELEGATED CO-COMMISSIONING,DR M AHMAD & PARTNERS WIGAN,21658592,91.32 ,WIG000026198
Department of Health,NHS Wigan Borough CCG,4/30/2018,C&M-GMS Global Sum,PRC DELEGATED CO-COMMISSIONING,DR M AHMAD & PARTNERS WIGAN,21658592,"51,058.80 ",WIG000026198
Department of Health,NHS Wigan Borough CCG,4/30/2018,C&M-GMS QOF Aspiration,PRC DELEGATED CO-COMMISSIONING,DR M AHMAD & PARTNERS WIGAN,21658592,"6,219.61 ",WIG000026198
Department of Health,NHS Wigan Borough CCG,4/30/2018,C&M-PMS Contract Value,PRC DELEGATED CO-COMMISSIONING,DR R J ANDERSON & PARTNER,21658596,"39,676.03 ",WIG000026202
Department of Health,NHS Wigan Borough CCG,4/30/2018,C&M-PMS Funding Differential Review,PRC DELEGATED CO-COMMISSIONING,DR R J ANDERSON & PARTNER,21658596,"1,166.72 ",WIG000026202
Department of Health,NHS Wigan Borough CCG,4/30/2018,C&M-PMS Prem Actual Rent,PRC DELEGATED CO-COMMISSIONING,DR R J ANDERSON & PARTNER,21658596,"3,479.17 ",WIG000026202
Department of Health,NHS Wigan Borough CCG,4/30/2018,C&M-PMS QOF Aspiration,PRC DELEGATED CO-COMMISSIONING,DR R J ANDERSON & PARTNER,21658596,"3,869.76 ",WIG000026202
Department of Health,NHS Wigan Borough CCG,4/30/2018,C&M-GMS DES Minor Surgery,PRC DELEGATED CO-COMMISSIONING,DR SIVAKUMAR & PARTNERS,21658598,913.20 ,WIG000026204
Department of Health,NHS Wigan Borough CCG,4/30/2018,C&M-GMS Global Sum,PRC DELEGATED CO-COMMISSIONING,DR SIVAKUMAR & PARTNERS,21658598,"32,237.98 ",WIG000026204
Department of Health,NHS Wigan Borough CCG,4/30/2018,C&M-GMS Prem Notional Rent,PRC DELEGATED CO-COMMISSIONING,DR SIVAKUMAR & PARTNERS,21658598,"2,041.67 ",WIG000026204
Department of Health,NHS Wigan Borough CCG,4/30/2018,C&M-GMS QOF Aspiration,PRC DELEGATED CO-COMMISSIONING,DR SIVAKUMAR & PARTNERS,21658598,"3,679.61 ",WIG000026204
Department of Health,NHS Wigan Borough CCG,4/30/2018,C&M-GMS Global Sum,PRC DELEGATED CO-COMMISSIONING,DR SJ ZAMAN,21658600,"32,199.40 ",WIG000026206
Department of Health,NHS Wigan Borough CCG,4/30/2018,C&M-GMS QOF Aspiration,PRC DELEGATED CO-COMMISSIONING,DR SJ ZAMAN,21658600,"3,818.73 ",WIG000026206
Department of Health,NHS Wigan Borough CCG,4/30/2018,C&M-PMS Contract Value,PRC DELEGATED CO-COMMISSIONING,DR S K PITALIA & PARTNER,21658602,"57,160.31 ",WIG000026208
Department of Health,NHS Wigan Borough CCG,4/30/2018,C&M-PMS DES Learn Dsblty Hlth Chk,PRC DELEGATED CO-COMMISSIONING,DR S K PITALIA & PARTNER,21658602,"3,780.00 ",WIG000026208
Department of Health,NHS Wigan Borough CCG,4/30/2018,C&M-PMS Funding Differential Review,PRC DELEGATED CO-COMMISSIONING,DR S K PITALIA & PARTNER,21658602,164.43 ,WIG000026208
Department of Health,NHS Wigan Borough CCG,4/30/2018,C&M-PMS Prem Notional Rent,PRC DELEGATED CO-COMMISSIONING,DR S K PITALIA & PARTNER,21658602,"6,179.17 ",WIG000026208
Department of Health,NHS Wigan Borough CCG,4/30/2018,C&M-PMS QOF Aspiration,PRC DELEGATED CO-COMMISSIONING,DR S K PITALIA & PARTNER,21658602,"6,211.26 ",WIG000026208
Department of Health,NHS Wigan Borough CCG,4/30/2018,C&M-GMS GP Statutory Levy,PRC DELEGATED CO-COMMISSIONING,DR S M MARTIN,21658603,(223.38),WIG000026209
Department of Health,NHS Wigan Borough CCG,4/30/2018,C&M-GMS Voluntary Levy,PRC DELEGATED CO-COMMISSIONING,DR S M MARTIN,21658603,(40.62),WIG000026209
Department of Health,NHS Wigan Borough CCG,4/30/2018,ME - GMS TPS Added Years Adj EEs,PRC DELEGATED CO-COMMISSIONING,DR S M MARTIN,21658603,(129.00),WIG000026209
Department of Health,NHS Wigan Borough CCG,4/30/2018,ME-GMS GP Pension EEs,PRC DELEGATED CO-COMMISSIONING,DR S M MARTIN,21658603,"(12,390.67)",WIG000026209
Department of Health,NHS Wigan Borough CCG,4/30/2018,ME-GMS GP Pension ERs Adjustments,PRC DELEGATED CO-COMMISSIONING,DR S M MARTIN,21658603,"(12,519.25)",WIG000026209
Department of Health,NHS Wigan Borough CCG,4/30/2018,C&M-GMS Global Sum,PRC DELEGATED CO-COMMISSIONING,DR S M MARTIN,21658604,"63,733.96 ",WIG000026210
Department of Health,NHS Wigan Borough CCG,4/30/2018,C&M-GMS QOF Aspiration,PRC DELEGATED CO-COMMISSIONING,DR S M MARTIN,21658604,"6,309.89 ",WIG000026210
Department of Health,NHS Wigan Borough CCG,4/30/2018,C&M-GMS DES Minor Surgery,PRC DELEGATED CO-COMMISSIONING,DR S SUNTHA & PARTNERS,21658608,684.88 ,WIG000026214
Department of Health,NHS Wigan Borough CCG,4/30/2018,C&M-GMS Global Sum,PRC DELEGATED CO-COMMISSIONING,DR S SUNTHA & PARTNERS,21658608,"68,808.09 ",WIG000026214
Department of Health,NHS Wigan Borough CCG,4/30/2018,C&M-GMS Other Small Practice All,PRC DELEGATED CO-COMMISSIONING,DR S SUNTHA & PARTNERS,21658608,"4,526.00 ",WIG000026214
Department of Health,NHS Wigan Borough CCG,4/30/2018,C&M-GMS Prem Notional Rent,PRC DELEGATED CO-COMMISSIONING,DR S SUNTHA & PARTNERS,21658608,"5,304.17 ",WIG000026214
Department of Health,NHS Wigan Borough CCG,4/30/2018,C&M-GMS QOF Aspiration,PRC DELEGATED CO-COMMISSIONING,DR S SUNTHA & PARTNERS,21658608,"9,833.50 ",WIG000026214
Department of Health,NHS Wigan Borough CCG,4/30/2018,C&M-GMS GP Statutory Levy,PRC DELEGATED CO-COMMISSIONING,DRS DARIFAT ELISLAM WAN & SHAIKH,21658610,(174.76),WIG000026217
Department of Health,NHS Wigan Borough CCG,4/30/2018,C&M-GMS Voluntary Levy,PRC DELEGATED CO-COMMISSIONING,DRS DARIFAT ELISLAM WAN & SHAIKH,21658610,(31.78),WIG000026217
Department of Health,NHS Wigan Borough CCG,4/30/2018,ME-GMS GP Pension EEs,PRC DELEGATED CO-COMMISSIONING,DRS DARIFAT ELISLAM WAN & SHAIKH,21658610,"(13,667.41)",WIG000026217
Department of Health,NHS Wigan Borough CCG,4/30/2018,ME-GMS GP Pension ERs Adjustments,PRC DELEGATED CO-COMMISSIONING,DRS DARIFAT ELISLAM WAN & SHAIKH,21658610,"(13,501.57)",WIG000026217
Department of Health,NHS Wigan Borough CCG,4/30/2018,C&M-GMS DES Minor Surgery,PRC DELEGATED CO-COMMISSIONING,DRS DARIFAT ELISLAM WAN & SHAIKH,21658611,"4,474.57 ",WIG000026218
Department of Health,NHS Wigan Borough CCG,4/30/2018,C&M-GMS Global Sum,PRC DELEGATED CO-COMMISSIONING,DRS DARIFAT ELISLAM WAN & SHAIKH,21658611,"53,919.25 ",WIG000026218
Department of Health,NHS Wigan Borough CCG,4/30/2018,C&M-GMS QOF Aspiration,PRC DELEGATED CO-COMMISSIONING,DRS DARIFAT ELISLAM WAN & SHAIKH,21658611,"5,629.69 ",WIG000026218
Department of Health,NHS Wigan Borough CCG,4/30/2018,C&M-GMS Global Sum,PRC DELEGATED CO-COMMISSIONING,DR V K BAJAJ & PARTNER,21658614,"21,130.09 ",WIG000026222
Department of Health,NHS Wigan Borough CCG,4/30/2018,C&M-GMS MPIG Correction Factor,PRC DELEGATED CO-COMMISSIONING,DR V K BAJAJ & PARTNER,21658614,649.26 ,WIG000026222
Department of Health,NHS Wigan Borough CCG,4/30/2018,C&M-GMS Prem Clinical Waste,PRC DELEGATED CO-COMMISSIONING,DR V K BAJAJ & PARTNER,21658614,12.00 ,WIG000026222
Department of Health,NHS Wigan Borough CCG,4/30/2018,C&M-GMS Prem Notional Rent,PRC DELEGATED CO-COMMISSIONING,DR V K BAJAJ & PARTNER,21658614,"1,291.67 ",WIG000026222
Department of Health,NHS Wigan Borough CCG,4/30/2018,C&M-GMS QOF Aspiration,PRC DELEGATED CO-COMMISSIONING,DR V K BAJAJ & PARTNER,21658614,"2,382.41 ",WIG000026222
Department of Health,NHS Wigan Borough CCG,4/30/2018,C&M-PMS Contract Value,PRC DELEGATED CO-COMMISSIONING,INCE SURGERY,21658618,"27,878.53 ",WIG000026226
Department of Health,NHS Wigan Borough CCG,4/30/2018,C&M-PMS DES Learn Dsblty Hlth Chk,PRC DELEGATED CO-COMMISSIONING,INCE SURGERY,21658618,"3,220.00 ",WIG000026226
Department of Health,NHS Wigan Borough CCG,4/30/2018,C&M-PMS Funding Differential Review,PRC DELEGATED CO-COMMISSIONING,INCE SURGERY,21658618,209.61 ,WIG000026226
Department of Health,NHS Wigan Borough CCG,4/30/2018,C&M-PMS QOF Aspiration,PRC DELEGATED CO-COMMISSIONING,INCE SURGERY,21658618,"2,555.80 ",WIG000026226
Department of Health,NHS Wigan Borough CCG,4/30/2018,C&M-APMS Contract KPIs,PRC DELEGATED CO-COMMISSIONING,INTRA FAMILY PRACTICE,21658620,"8,137.45 ",WIG000026228
Department of Health,NHS Wigan Borough CCG,4/30/2018,C&M-APMS Contract Value,PRC DELEGATED CO-COMMISSIONING,INTRA FAMILY PRACTICE,21658620,"24,412.35 ",WIG000026228
Department of Health,NHS Wigan Borough CCG,4/30/2018,C&M-PMS QOF Aspiration,PRC DELEGATED CO-COMMISSIONING,INTRA FAMILY PRACTICE,21658620,"1,383.66 ",WIG000026228
Department of Health,NHS Wigan Borough CCG,4/30/2018,C&M-APMS Contract KPIs,PRC DELEGATED CO-COMMISSIONING,INTRAHEALTH MARSH GREEN,21658624,"8,843.10 ",WIG000026232
Department of Health,NHS Wigan Borough CCG,4/30/2018,C&M-APMS Contract Value,PRC DELEGATED CO-COMMISSIONING,INTRAHEALTH MARSH GREEN,21658624,"26,529.30 ",WIG000026232
Department of Health,NHS Wigan Borough CCG,4/30/2018,C&M-PMS DES Learn Dsblty Hlth Chk,PRC DELEGATED CO-COMMISSIONING,INTRAHEALTH MARSH GREEN,21658624,"1,120.00 ",WIG000026232
Department of Health,NHS Wigan Borough CCG,4/30/2018,C&M-PMS QOF Aspiration,PRC DELEGATED CO-COMMISSIONING,INTRAHEALTH MARSH GREEN,21658624,"1,658.19 ",WIG000026232
Department of Health,NHS Wigan Borough CCG,4/30/2018,C&M-APMS Contract KPIs,PRC DELEGATED CO-COMMISSIONING,INTRAHEALTH PLATT BRIDGE,21658626,"13,781.97 ",WIG000026234
Department of Health,NHS Wigan Borough CCG,4/30/2018,C&M-APMS Contract Value,PRC DELEGATED CO-COMMISSIONING,INTRAHEALTH PLATT BRIDGE,21658626,"41,345.89 ",WIG000026234
Department of Health,NHS Wigan Borough CCG,4/30/2018,C&M-PMS QOF Aspiration,PRC DELEGATED CO-COMMISSIONING,INTRAHEALTH PLATT BRIDGE,21658626,"2,060.25 ",WIG000026234
Department of Health,NHS Wigan Borough CCG,4/30/2018,C&M-APMS Contract KPIs,PRC DELEGATED CO-COMMISSIONING,INTRAHEALTH TYLDESLEY,21658628,"15,335.09 ",WIG000026236
Department of Health,NHS Wigan Borough CCG,4/30/2018,C&M-APMS Contract Value,PRC DELEGATED CO-COMMISSIONING,INTRAHEALTH TYLDESLEY,21658628,"46,005.25 ",WIG000026236
Department of Health,NHS Wigan Borough CCG,4/30/2018,C&M-PMS QOF Aspiration,PRC DELEGATED CO-COMMISSIONING,INTRAHEALTH TYLDESLEY,21658628,"3,732.83 ",WIG000026236
Department of Health,NHS Wigan Borough CCG,4/30/2018,C&M-PMS Contract Value,PRC DELEGATED CO-COMMISSIONING,LOWER INCE SURGERY,21658630,"30,224.05 ",WIG000026238
Department of Health,NHS Wigan Borough CCG,4/30/2018,C&M-PMS DES Learn Dsblty Hlth Chk,PRC DELEGATED CO-COMMISSIONING,LOWER INCE SURGERY,21658630,560.00 ,WIG000026238
Department of Health,NHS Wigan Borough CCG,4/30/2018,C&M-PMS Funding Differential Review,PRC DELEGATED CO-COMMISSIONING,LOWER INCE SURGERY,21658630,548.40 ,WIG000026238
Department of Health,NHS Wigan Borough CCG,4/30/2018,C&M-PMS QOF Aspiration,PRC DELEGATED CO-COMMISSIONING,LOWER INCE SURGERY,21658630,"2,485.52 ",WIG000026238
Department of Health,NHS Wigan Borough CCG,4/30/2018,C&M-APMS Contract KPIs,PRC DELEGATED CO-COMMISSIONING,LEIGH FAMILY PRACTICE,21658632,"30,201.23 ",WIG000026240
Department of Health,NHS Wigan Borough CCG,4/30/2018,C&M-APMS Contract Value,PRC DELEGATED CO-COMMISSIONING,LEIGH FAMILY PRACTICE,21658632,"90,603.68 ",WIG000026240
Department of Health,NHS Wigan Borough CCG,4/30/2018,C&M-APMS Prem Actual Rent,PRC DELEGATED CO-COMMISSIONING,LEIGH FAMILY PRACTICE,21658632,"8,926.70 ",WIG000026240
Department of Health,NHS Wigan Borough CCG,4/30/2018,C&M-PMS QOF Aspiration,PRC DELEGATED CO-COMMISSIONING,LEIGH FAMILY PRACTICE,21658632,"7,203.42 ",WIG000026240
Department of Health,NHS Wigan Borough CCG,4/30/2018,C&M-GMS Global Sum,PRC DELEGATED CO-COMMISSIONING,LILFORD PARK SURGERY,21658634,"29,001.80 ",WIG000026242
Department of Health,NHS Wigan Borough CCG,4/30/2018,C&M-GMS MPIG Correction Factor,PRC DELEGATED CO-COMMISSIONING,LILFORD PARK SURGERY,21658634,619.75 ,WIG000026242
Department of Health,NHS Wigan Borough CCG,4/30/2018,C&M-GMS QOF Aspiration,PRC DELEGATED CO-COMMISSIONING,LILFORD PARK SURGERY,21658634,"3,153.02 ",WIG000026242
Department of Health,NHS Wigan Borough CCG,4/30/2018,C&M-GMS Global Sum,PRC DELEGATED CO-COMMISSIONING,MARUS BRIDGE PRACTICE,21658636,"38,750.04 ",WIG000026244
Department of Health,NHS Wigan Borough CCG,4/30/2018,C&M-GMS MPIG Correction Factor,PRC DELEGATED CO-COMMISSIONING,MARUS BRIDGE PRACTICE,21658636,776.25 ,WIG000026244
Department of Health,NHS Wigan Borough CCG,4/30/2018,C&M-GMS QOF Aspiration,PRC DELEGATED CO-COMMISSIONING,MARUS BRIDGE PRACTICE,21658636,"5,073.48 ",WIG000026244
Department of Health,NHS Wigan Borough CCG,4/30/2018,C&M-GMS DES Learn Dsblty Hlth Chk,PRC DELEGATED CO-COMMISSIONING,PEMBERTON SURGERY,21658639,"4,760.00 ",WIG000026248
Department of Health,NHS Wigan Borough CCG,4/30/2018,C&M-GMS DES Minor Surgery,PRC DELEGATED CO-COMMISSIONING,PEMBERTON SURGERY,21658639,"1,689.29 ",WIG000026248
Department of Health,NHS Wigan Borough CCG,4/30/2018,C&M-GMS Global Sum,PRC DELEGATED CO-COMMISSIONING,PEMBERTON SURGERY,21658639,"78,484.70 ",WIG000026248
Department of Health,NHS Wigan Borough CCG,4/30/2018,C&M-GMS QOF Aspiration,PRC DELEGATED CO-COMMISSIONING,PEMBERTON SURGERY,21658639,"9,176.99 ",WIG000026248
Department of Health,NHS Wigan Borough CCG,4/30/2018,C&M-GMS DES Minor Surgery,PRC DELEGATED CO-COMMISSIONING,SHAKESPEARE SURGERY LTD,21658641,456.60 ,WIG000026250
Department of Health,NHS Wigan Borough CCG,4/30/2018,C&M-GMS Global Sum,PRC DELEGATED CO-COMMISSIONING,SHAKESPEARE SURGERY LTD,21658641,"22,886.80 ",WIG000026250
Department of Health,NHS Wigan Borough CCG,4/30/2018,C&M-GMS MPIG Correction Factor,PRC DELEGATED CO-COMMISSIONING,SHAKESPEARE SURGERY LTD,21658641,750.50 ,WIG000026250
Department of Health,NHS Wigan Borough CCG,4/30/2018,C&M-GMS QOF Aspiration,PRC DELEGATED CO-COMMISSIONING,SHAKESPEARE SURGERY LTD,21658641,"2,439.38 ",WIG000026250
Department of Health,NHS Wigan Borough CCG,4/30/2018,C&M-GMS GP Statutory Levy,PRC DELEGATED CO-COMMISSIONING,STANDISH MEDICAL PRACTICE,21658642,(330.19),WIG000026251
Department of Health,NHS Wigan Borough CCG,4/30/2018,C&M-GMS Voluntary Levy,PRC DELEGATED CO-COMMISSIONING,STANDISH MEDICAL PRACTICE,21658642,(60.04),WIG000026251
Department of Health,NHS Wigan Borough CCG,4/30/2018,ME-GMS GP Pension EEs,PRC DELEGATED CO-COMMISSIONING,STANDISH MEDICAL PRACTICE,21658642,"(38,495.05)",WIG000026251
Department of Health,NHS Wigan Borough CCG,4/30/2018,ME-GMS GP Pension ERs Adjustments,PRC DELEGATED CO-COMMISSIONING,STANDISH MEDICAL PRACTICE,21658642,"(35,684.39)",WIG000026251
Department of Health,NHS Wigan Borough CCG,4/30/2018,C&M-GMS DES Learn Dsblty Hlth Chk,PRC DELEGATED CO-COMMISSIONING,ASPULL SURGERY,21658644,980.00 ,WIG000026254
Department of Health,NHS Wigan Borough CCG,4/30/2018,C&M-GMS Global Sum,PRC DELEGATED CO-COMMISSIONING,ASPULL SURGERY,21658644,"41,400.88 ",WIG000026254
Department of Health,NHS Wigan Borough CCG,4/30/2018,C&M-GMS Prem Notional Rent,PRC DELEGATED CO-COMMISSIONING,ASPULL SURGERY,21658644,"2,016.67 ",WIG000026254
Department of Health,NHS Wigan Borough CCG,4/30/2018,C&M-GMS QOF Aspiration,PRC DELEGATED CO-COMMISSIONING,ASPULL SURGERY,21658644,"5,753.10 ",WIG000026254
Department of Health,NHS Wigan Borough CCG,4/30/2018,C&M-GMS DES Minor Surgery,PRC DELEGATED CO-COMMISSIONING,DICCONSON GROUP PRACTICE,21658646,"3,195.93 ",WIG000026256
Department of Health,NHS Wigan Borough CCG,4/30/2018,C&M-GMS Global Sum,PRC DELEGATED CO-COMMISSIONING,DICCONSON GROUP PRACTICE,21658646,"66,631.50 ",WIG000026256
Department of Health,NHS Wigan Borough CCG,4/30/2018,C&M-GMS QOF Aspiration,PRC DELEGATED CO-COMMISSIONING,DICCONSON GROUP PRACTICE,21658646,"7,737.44 ",WIG000026256
Department of Health,NHS Wigan Borough CCG,4/30/2018,ME - GMS GP Prior Year ERs,PRC DELEGATED CO-COMMISSIONING,DICCONSON GROUP PRACTICE,21658646,20.38 ,WIG000026256
Department of Health,NHS Wigan Borough CCG,4/30/2018,ME-GMS GP Prior Year EEs,PRC DELEGATED CO-COMMISSIONING,DICCONSON GROUP PRACTICE,21658646,"1,736.54 ",WIG000026256
Department of Health,NHS Wigan Borough CCG,4/30/2018,C&M-GMS Global Sum,PRC DELEGATED CO-COMMISSIONING,DR B S RUSSELL & PARTNER,21658648,"30,807.54 ",WIG000026258
Department of Health,NHS Wigan Borough CCG,4/30/2018,C&M-GMS MPIG Correction Factor,PRC DELEGATED CO-COMMISSIONING,DR B S RUSSELL & PARTNER,21658648,65.15 ,WIG000026258
Department of Health,NHS Wigan Borough CCG,4/30/2018,C&M-GMS QOF Aspiration,PRC DELEGATED CO-COMMISSIONING,DR B S RUSSELL & PARTNER,21658648,"3,123.12 ",WIG000026258
Department of Health,NHS Wigan Borough CCG,4/30/2018,C&M-GMS Global Sum,PRC DELEGATED CO-COMMISSIONING,P92042 DR CHAN & PARTNERS,21658650,"35,461.41 ",WIG000026260
Department of Health,NHS Wigan Borough CCG,4/30/2018,C&M-GMS Prem Cost Rent,PRC DELEGATED CO-COMMISSIONING,P92042 DR CHAN & PARTNERS,21658650,997.33 ,WIG000026260
Department of Health,NHS Wigan Borough CCG,4/30/2018,C&M-GMS QOF Aspiration,PRC DELEGATED CO-COMMISSIONING,P92042 DR CHAN & PARTNERS,21658650,"4,185.92 ",WIG000026260
Department of Health,NHS Wigan Borough CCG,4/30/2018,C&M-PMS Contract Value,PRC DELEGATED CO-COMMISSIONING,P92647 DR A OLLERTON,21658654,"26,169.19 ",WIG000026266
Department of Health,NHS Wigan Borough CCG,4/30/2018,C&M-PMS Funding Differential Review,PRC DELEGATED CO-COMMISSIONING,P92647 DR A OLLERTON,21658654,143.46 ,WIG000026266
Department of Health,NHS Wigan Borough CCG,4/30/2018,C&M-PMS QOF Aspiration,PRC DELEGATED CO-COMMISSIONING,P92647 DR A OLLERTON,21658654,"2,687.99 ",WIG000026266
Department of Health,NHS Wigan Borough CCG,4/30/2018,C&M-PMS Contract Value,PRC DELEGATED CO-COMMISSIONING,P92004 DR TUN & PARTNERS,21660969,"64,805.78 ",WIG000026262
Department of Health,NHS Wigan Borough CCG,4/30/2018,C&M-PMS Prem Notional Rent,PRC DELEGATED CO-COMMISSIONING,P92004 DR TUN & PARTNERS,21660969,"2,411.92 ",WIG000026262
Department of Health,NHS Wigan Borough CCG,4/30/2018,C&M-PMS QOF Aspiration,PRC DELEGATED CO-COMMISSIONING,P92004 DR TUN & PARTNERS,21660969,"5,478.72 ",WIG000026262
Department of Health,NHS Wigan Borough CCG,4/30/2018,Cont Care- Palliative Care,CHC ADULT FULLY FUNDED,APPLEBY COURT NURSING HOME,21669099,"14,204.65 ",AC1803
Department of Health,NHS Wigan Borough CCG,4/30/2018,Cont Care-Physical Disab (65+),CHC ADULT FULLY FUNDED,APPLEBY COURT NURSING HOME,21669099,"45,163.52 ",AC1803
Department of Health,NHS Wigan Borough CCG,4/30/2018,Hcare Srv Rec Fdtn Trust-Contract Baseline,ACUTE COMMISSIONING,WRIGHTINGTON WIGAN & LEIGH NHS FOUNDATION TRUST,21669109,"(499,193.00)",55576060
Department of Health,NHS Wigan Borough CCG,4/30/2018,C&M-PMS Contract Value,PRC DELEGATED CO-COMMISSIONING,DR AK ATREY,21674861,"39,415.67 ",WIG000026160
Department of Health,NHS Wigan Borough CCG,4/30/2018,C&M-PMS DES Learn Dsblty Hlth Chk,PRC DELEGATED CO-COMMISSIONING,DR AK ATREY,21674861,"1,260.00 ",WIG000026160
Department of Health,NHS Wigan Borough CCG,4/30/2018,C&M-PMS Funding Differential Review,PRC DELEGATED CO-COMMISSIONING,DR AK ATREY,21674861,375.97 ,WIG000026160
Department of Health,NHS Wigan Borough CCG,4/30/2018,C&M-PMS PCO Locum Sickness,PRC DELEGATED CO-COMMISSIONING,DR AK ATREY,21674861,"3,738.18 ",WIG000026160
Department of Health,NHS Wigan Borough CCG,4/30/2018,C&M-PMS Prof fees Prescribing,PRC DELEGATED CO-COMMISSIONING,DR AK ATREY,21674861,408.42 ,WIG000026160
Department of Health,NHS Wigan Borough CCG,4/30/2018,C&M-PMS QOF Aspiration,PRC DELEGATED CO-COMMISSIONING,DR AK ATREY,21674861,"4,809.75 ",WIG000026160
Department of Health,NHS Wigan Borough CCG,4/30/2018,C&M-GMS Global Sum,PRC DELEGATED CO-COMMISSIONING,DR D TRIVEDI & PARTNER,21674862,"30,126.99 ",WIG000026168
Department of Health,NHS Wigan Borough CCG,4/30/2018,C&M-GMS MPIG Correction Factor,PRC DELEGATED CO-COMMISSIONING,DR D TRIVEDI & PARTNER,21674862,69.17 ,WIG000026168
Department of Health,NHS Wigan Borough CCG,4/30/2018,C&M-GMS Prem Notional Rent,PRC DELEGATED CO-COMMISSIONING,DR D TRIVEDI & PARTNER,21674862,"4,191.67 ",WIG000026168
Department of Health,NHS Wigan Borough CCG,4/30/2018,C&M-GMS Prem Water Rates,PRC DELEGATED CO-COMMISSIONING,DR D TRIVEDI & PARTNER,21674862,406.74 ,WIG000026168
Department of Health,NHS Wigan Borough CCG,4/30/2018,C&M-GMS QOF Aspiration,PRC DELEGATED CO-COMMISSIONING,DR D TRIVEDI & PARTNER,21674862,"3,237.38 ",WIG000026168
Department of Health,NHS Wigan Borough CCG,4/30/2018,ME - GMS GP Prior Year ERs,PRC DELEGATED CO-COMMISSIONING,DR D TRIVEDI & PARTNER,21674862,"12,667.16 ",WIG000026168
Department of Health,NHS Wigan Borough CCG,4/30/2018,ME-GMS GP Pension EEs Adjustments,PRC DELEGATED CO-COMMISSIONING,DR D TRIVEDI & PARTNER,21674862,"11,611.70 ",WIG000026168
Department of Health,NHS Wigan Borough CCG,4/30/2018,ME-GMS GP Pension ERs Adjustments,PRC DELEGATED CO-COMMISSIONING,DR D TRIVEDI & PARTNER,21674862,"11,515.60 ",WIG000026168
Department of Health,NHS Wigan Borough CCG,4/30/2018,ME-GMS GP Prior Year EEs,PRC DELEGATED CO-COMMISSIONING,DR D TRIVEDI & PARTNER,21674862,"12,772.87 ",WIG000026168
Department of Health,NHS Wigan Borough CCG,4/30/2018,C&M-PMS Contract Value,PRC DELEGATED CO-COMMISSIONING,DR S T H SHAH & PARTNERS,21674863,"36,264.84 ",WIG000026216
Department of Health,NHS Wigan Borough CCG,4/30/2018,C&M-PMS Funding Differential Review,PRC DELEGATED CO-COMMISSIONING,DR S T H SHAH & PARTNERS,21674863,430.85 ,WIG000026216
Department of Health,NHS Wigan Borough CCG,4/30/2018,C&M-PMS Prem Notional Rent,PRC DELEGATED CO-COMMISSIONING,DR S T H SHAH & PARTNERS,21674863,"1,835.08 ",WIG000026216
Department of Health,NHS Wigan Borough CCG,4/30/2018,C&M-PMS QOF Aspiration,PRC DELEGATED CO-COMMISSIONING,DR S T H SHAH & PARTNERS,21674863,"4,215.73 ",WIG000026216
Department of Health,NHS Wigan Borough CCG,4/30/2018,ME - PMS GP Prior Year ERs,PRC DELEGATED CO-COMMISSIONING,DR S T H SHAH & PARTNERS,21674863,63.94 ,WIG000026216
Department of Health,NHS Wigan Borough CCG,4/30/2018,ME-PMS GP Pension EEs Adjs - PMS,PRC DELEGATED CO-COMMISSIONING,DR S T H SHAH & PARTNERS,21674863,716.66 ,WIG000026216
Department of Health,NHS Wigan Borough CCG,4/30/2018,ME-PMS GP Pension ERs Adjs - PMS,PRC DELEGATED CO-COMMISSIONING,DR S T H SHAH & PARTNERS,21674863,824.45 ,WIG000026216
Department of Health,NHS Wigan Borough CCG,4/30/2018,ME-PMS GP Prior Year AVCs,PRC DELEGATED CO-COMMISSIONING,DR S T H SHAH & PARTNERS,21674863,24.55 ,WIG000026216
Department of Health,NHS Wigan Borough CCG,4/30/2018,C&M-GMS DES Minor Surgery,PRC DELEGATED CO-COMMISSIONING,DR T M SPIELMANN & PARTNERS,21674864,"1,872.00 ",WIG000026220
Department of Health,NHS Wigan Borough CCG,4/30/2018,C&M-GMS Global Sum,PRC DELEGATED CO-COMMISSIONING,DR T M SPIELMANN & PARTNERS,21674864,"49,682.81 ",WIG000026220
Department of Health,NHS Wigan Borough CCG,4/30/2018,C&M-GMS MPIG Correction Factor,PRC DELEGATED CO-COMMISSIONING,DR T M SPIELMANN & PARTNERS,21674864,505.74 ,WIG000026220
Department of Health,NHS Wigan Borough CCG,4/30/2018,C&M-GMS Prem Clinical Waste,PRC DELEGATED CO-COMMISSIONING,DR T M SPIELMANN & PARTNERS,21674864,12.00 ,WIG000026220
Department of Health,NHS Wigan Borough CCG,4/30/2018,C&M-GMS Prem Other,PRC DELEGATED CO-COMMISSIONING,DR T M SPIELMANN & PARTNERS,21674864,446.87 ,WIG000026220
Department of Health,NHS Wigan Borough CCG,4/30/2018,C&M-GMS Prem Rates,PRC DELEGATED CO-COMMISSIONING,DR T M SPIELMANN & PARTNERS,21674864,"17,204.22 ",WIG000026220
Department of Health,NHS Wigan Borough CCG,4/30/2018,C&M-GMS Prem Water Rates,PRC DELEGATED CO-COMMISSIONING,DR T M SPIELMANN & PARTNERS,21674864,941.67 ,WIG000026220
Department of Health,NHS Wigan Borough CCG,4/30/2018,C&M-GMS QOF Aspiration,PRC DELEGATED CO-COMMISSIONING,DR T M SPIELMANN & PARTNERS,21674864,"5,637.49 ",WIG000026220
Department of Health,NHS Wigan Borough CCG,4/30/2018,C&M-PMS Contract Value,PRC DELEGATED CO-COMMISSIONING,PREMIER HEALTH TEAM,21674865,"22,159.02 ",WIG000026246
Department of Health,NHS Wigan Borough CCG,4/30/2018,C&M-PMS Funding Differential Review,PRC DELEGATED CO-COMMISSIONING,PREMIER HEALTH TEAM,21674865,513.66 ,WIG000026246
Department of Health,NHS Wigan Borough CCG,4/30/2018,C&M-PMS PCO Seniority,PRC DELEGATED CO-COMMISSIONING,PREMIER HEALTH TEAM,21674865,245.70 ,WIG000026246
Department of Health,NHS Wigan Borough CCG,4/30/2018,C&M-PMS QOF Aspiration,PRC DELEGATED CO-COMMISSIONING,PREMIER HEALTH TEAM,21674865,"2,207.07 ",WIG000026246
Department of Health,NHS Wigan Borough CCG,4/30/2018,ME - PMS GP Prior Year ERs,PRC DELEGATED CO-COMMISSIONING,PREMIER HEALTH TEAM,21674865,588.73 ,WIG000026246
Department of Health,NHS Wigan Borough CCG,4/30/2018,ME-PMS GP Prior Year EEs,PRC DELEGATED CO-COMMISSIONING,PREMIER HEALTH TEAM,21674865,"1,912.31 ",WIG000026246
Department of Health,NHS Wigan Borough CCG,4/30/2018,C&M-GMS Global Sum,PRC DELEGATED CO-COMMISSIONING,STANDISH MEDICAL PRACTICE,21674866,"85,390.82 ",WIG000026252
Department of Health,NHS Wigan Borough CCG,4/30/2018,C&M-GMS PCO Locum Adop/Pat/Mat,PRC DELEGATED CO-COMMISSIONING,STANDISH MEDICAL PRACTICE,21674866,"15,350.20 ",WIG000026252
Department of Health,NHS Wigan Borough CCG,4/30/2018,C&M-GMS PCO Locum Sickness,PRC DELEGATED CO-COMMISSIONING,STANDISH MEDICAL PRACTICE,21674866,"12,788.97 ",WIG000026252
Department of Health,NHS Wigan Borough CCG,4/30/2018,C&M-GMS Prem Actual Rent,PRC DELEGATED CO-COMMISSIONING,STANDISH MEDICAL PRACTICE,21674866,"13,376.75 ",WIG000026252
Department of Health,NHS Wigan Borough CCG,4/30/2018,C&M-GMS QOF Aspiration,PRC DELEGATED CO-COMMISSIONING,STANDISH MEDICAL PRACTICE,21674866,"9,483.95 ",WIG000026252
Department of Health,NHS Wigan Borough CCG,4/30/2018,Cont Care- Palliative Care,CHC ADULT FULLY FUNDED,ST GEORGES WIGAN LTD,21708809,"6,985.72 ",094
Department of Health,NHS Wigan Borough CCG,4/30/2018,Cont Care-Learning Disab(<65),CHC ADULT FULLY FUNDED,ST GEORGES WIGAN LTD,21708809,"3,073.71 ",094
Department of Health,NHS Wigan Borough CCG,4/30/2018,Cont Care-Mental Health (65+),CHC ADULT FULLY FUNDED,ST GEORGES WIGAN LTD,21708809,"10,610.86 ",094
Department of Health,NHS Wigan Borough CCG,4/30/2018,Cont Care-Physical Disab (65+),CHC ADULT FULLY FUNDED,ST GEORGES WIGAN LTD,21708809,"43,742.87 ",094
Department of Health,NHS Wigan Borough CCG,4/30/2018,Clinical&Medical-Independent Sector,ACUTE COMMISSIONING,GUY PILKINGTON MEMORIAL HOME LTD,21726532,"228,827.00 ",102532
Department of Health,NHS Wigan Borough CCG,4/30/2018,Hcare Srv Rec NHS Trust-Contract Baseline,ACUTE COMMISSIONING,ROYAL LIVERPOOL AND BROADGREEN UNIVERSITY HOSPITALS NHS TRUST,21726537,"94,537.00 ",8610080321
Department of Health,NHS Wigan Borough CCG,4/30/2018,Hcare Srv Rec NHS Trust-Contract Baseline,ACUTE COMMISSIONING,ST HELENS AND KNOWSLEY HOSPITALS NHS TRUST,21726538,"348,014.00 ",16773962
Department of Health,NHS Wigan Borough CCG,4/30/2018,Hcare Srv Rec Fdtn Trust-Contract Baseline,ACUTE COMMISSIONING,ALDER HEY CHILDRENS NHS FOUNDATION TRUST,21726541,"37,063.50 ",9110025630
Department of Health,NHS Wigan Borough CCG,4/30/2018,Hcare Srv Rec Fdtn Trust-Contract Baseline,ACUTE COMMISSIONING,AINTREE UNIVERSITY HOSPITALS NHS FOUNDATION TRUST,21726543,"59,231.08 ",8410037237
Department of Health,NHS Wigan Borough CCG,4/30/2018,Hcare Srv Rec Fdtn Trust-Contract Baseline,ACUTE COMMISSIONING,AINTREE UNIVERSITY HOSPITALS NHS FOUNDATION TRUST,21726548,"(59,231.08)",3649
Department of Health,NHS Wigan Borough CCG,4/30/2018,Hcare Srv Rec Fdtn Trust-Contract Baseline,ACUTE COMMISSIONING,LANCASHIRE TEACHING HOSPITALS NHS FOUNDATION TRUST,21726565,"191,850.00 ",15311631
Department of Health,NHS Wigan Borough CCG,4/30/2018,Clinical&Medical-Independent Sector,ACUTE COMMISSIONING,SPAMEDICA LTD,21726571,"78,868.13 ",NHSWB072
Department of Health,NHS Wigan Borough CCG,4/30/2018,Hcare Srv Rec Fdtn Trust-Contract Cost per Case,PLANNED CARE,WRIGHTINGTON WIGAN & LEIGH NHS FOUNDATION TRUST,21726586,"63,336.00 ",55575854
Department of Health,NHS Wigan Borough CCG,4/30/2018,Hcare Srv Rec NHS Trust-Contract Baseline,AMBULANCE SERVICES,NORTH WEST AMBULANCE SERVICE NHS TRUST,21726634,"142,005.00 ",4110037822
Department of Health,NHS Wigan Borough CCG,4/30/2018,Hcare Srv Rec NHS Trust-Contract Baseline,NHS 111,NORTH WEST AMBULANCE SERVICE NHS TRUST,21726639,"87,269.00 ",4110037796
Department of Health,NHS Wigan Borough CCG,4/30/2018,Hcare Srv Rec Fdtn Trust-CQUIN,MENTAL HEALTH CONTRACTS,NORTH WEST BOROUGHS HEALTHCARE NHS FOUNDATION TRUST,21726642,"52,701.00 ",16040752
Department of Health,NHS Wigan Borough CCG,4/30/2018,Hcare Srv Rec Fdtn Trust-Contract Baseline,MENTAL HEALTH CONTRACTS,NORTH WEST BOROUGHS HEALTHCARE NHS FOUNDATION TRUST,21726642,"2,201,184.00 ",16040752
Department of Health,NHS Wigan Borough CCG,4/30/2018,Hcare Srv Rec NHS Trust-Contract Baseline,ACUTE COMMISSIONING,SOUTHPORT AND ORMSKIRK HOSPITAL NHS TRUST,21726650,"43,126.00 ",7525935
Department of Health,NHS Wigan Borough CCG,4/30/2018,Hcare Srv Rec NHS Trust-Contract Baseline,AMBULANCE SERVICES,NORTH WEST AMBULANCE SERVICE NHS TRUST,21726685,"736,510.00 ",4110037915
Department of Health,NHS Wigan Borough CCG,4/30/2018,Clinical&Medical-Independent Sector,ACUTE COMMISSIONING,BMI HEALTHCARE COLLECTIONS,21726688,"131,900.42 ",0000089437
Department of Health,NHS Wigan Borough CCG,4/30/2018,Hcare Srv Rec Fdtn Trust-Contract Baseline,ACUTE COMMISSIONING,ROYAL BOLTON HOSPITAL NHS FOUNDATION TRUST,21726693,"1,436,437.63 ",0001048085
Department of Health,NHS Wigan Borough CCG,4/30/2018,Hcare Srv Rec Fdtn Trust-Contract Baseline,COMMUNITY SERVICES,ROYAL BOLTON HOSPITAL NHS FOUNDATION TRUST,21726693,"14,266.75 ",0001048085
Department of Health,NHS Wigan Borough CCG,4/30/2018,Hcare Srv Rec NHS Trust-Over/ Under Performance,ACUTE COMMISSIONING,PENNINE ACUTE HOSPITALS NHS TRUST,21726740,"(39,535.00)",Y0000411
Department of Health,NHS Wigan Borough CCG,4/30/2018,Soc Care-Mental health services,Learning Difficulties - S117,LANCASHIRE COUNTY COUNCIL,21726743,"30,000.00 ",5100540340
Department of Health,NHS Wigan Borough CCG,4/30/2018,Hcare Srv Rec Fdtn Trust-Contract Baseline,ACUTE COMMISSIONING,SALFORD ROYAL HOSPITALS NHS FOUNDATION TRUST,21726747,"1,358,430.33 ",S0015442
Department of Health,NHS Wigan Borough CCG,4/30/2018,Hcare Srv Rec Fdtn Trust-Contract Baseline,COMMUNITY SERVICES,SALFORD ROYAL HOSPITALS NHS FOUNDATION TRUST,21726747,"14,541.66 ",S0015442
Department of Health,NHS Wigan Borough CCG,4/30/2018,Soc Care-Mental health services,Learning Difficulties - S117,LANCASHIRE COUNTY COUNCIL,21726749,"54,500.00 ",5100540341
Department of Health,NHS Wigan Borough CCG,4/30/2018,Clinical&Medical-Voluntary Sector,HOSPICES,WIGAN & LEIGH HOSPICE,21775081,"649,111.50 ",AB1082
Department of Health,NHS Wigan Borough CCG,4/30/2018,Clinical&Medical-Voluntary Sector,MENTAL HEALTH CONTRACTS,ALTERNATIVE FUTURES GROUP,21775087,"98,885.58 ",AFSI059594
Department of Health,NHS Wigan Borough CCG,4/30/2018,Clinical&Medical-Commercial Sector,INTERMEDIATE CARE,CUERDEN DEVELOPMENTS LTD,21775091,"200,000.00 ",ACBD01
Department of Health,NHS Wigan Borough CCG,4/30/2018,Cont Care- Children,Children's Continuing Care Personal Health Budgets,WIGAN COUNCIL,21775093,"239,681.12 ",71250107108
Department of Health,NHS Wigan Borough CCG,4/30/2018,Clinical&Medical-Commercial Sector,INTERMEDIATE CARE,HC ONE LTD,21775112,"31,973.44 ",IRIC016397
Department of Health,NHS Wigan Borough CCG,4/30/2018,Clinical&Medical-Voluntary Sector,HOSPICES,WIGAN & LEIGH HOSPICE,21775179,"(649,111.50)",AB1083
Department of Health,NHS Wigan Borough CCG,4/30/2018,Clinical&Medical-Voluntary Sector,HOSPICES,WIGAN & LEIGH HOSPICE,21775181,"649,760.50 ",AB1084
Department of Health,NHS Wigan Borough CCG,4/30/2018,Soc Care-Other Soc Care,COMMISSIONING - NON ACUTE,WIGAN COUNCIL,21775201,"1,564,386.58 ",71250173705
Department of Health,NHS Wigan Borough CCG,4/30/2018,Clinical&Medical-Independent Sector - Contract Baseline,ACUTE COMMISSIONING,OAKLANDS HOSPITAL,21775209,"60,854.08 ",0850418
Department of Health,NHS Wigan Borough CCG,4/30/2018,Clinical&Medical-Commercial Sector,COMMUNITY SERVICES,BOC LTD,21775244,"29,166.67 ",3046605641
Department of Health,NHS Wigan Borough CCG,4/30/2018,Charges from CCG,CONTINUING HEALTHCARE ASSESSMENT & SUPPORT,NHS OLDHAM CCG,21786518,"2,343.66 ",7011703776
Department of Health,NHS Wigan Borough CCG,4/30/2018,Charges from CCG,CORPORATE COSTS & SERVICES,NHS OLDHAM CCG,21786518,"26,381.34 ",7011703776
Department of Health,NHS Wigan Borough CCG,4/30/2018,Chrgs from SLA,COMMISSIONING - NON ACUTE,NHS OLDHAM CCG,21786518,"6,818.00 ",7011703776
Department of Health,NHS Wigan Borough CCG,4/30/2018,Voids and Subsidies,PRC DELEGATED CO-COMMISSIONING,COMMUNITY HEALTH PARTNERSHIPS LTD,21804197,"348,925.77 ",0060064433
Department of Health,NHS Wigan Borough CCG,4/30/2018,Voids and Subsidies,RECHARGES NHS PROPERTY SERVICES LTD,COMMUNITY HEALTH PARTNERSHIPS LTD,21804197,"85,991.43 ",0060064433
Department of Health,NHS Wigan Borough CCG,4/30/2018,Charges from CCG,CORPORATE COSTS & SERVICES,NHS OLDHAM CCG,21804235,"26,519.00 ",7011703774
Department of Health,NHS Wigan Borough CCG,4/30/2018,Charges from CCG,PRIMARY CARE IT,NHS OLDHAM CCG,21804235,"131,606.00 ",7011703774
Department of Health,NHS Wigan Borough CCG,4/30/2018,Cont Care- Palliative Care,CHC ADULT FULLY FUNDED,LAKESIDE CARE HOME,21804266,"11,978.57 ",MARC18
Department of Health,NHS Wigan Borough CCG,4/30/2018,Cont Care-Physical Disab (65+),CHC ADULT FULLY FUNDED,LAKESIDE CARE HOME,21804266,"29,485.72 ",MARC18
Department of Health,NHS Wigan Borough CCG,4/30/2018,Hcare Srv Rec Fdtn Trust-CQUIN,MENTAL HEALTH CONTRACTS,GREATER MANCHESTER WEST MENTAL HEALTH NHS FOUNDATION TRUST,21804348,"3,618.93 ",0000027730
Department of Health,NHS Wigan Borough CCG,4/30/2018,Hcare Srv Rec Fdtn Trust-Contract Baseline,MENTAL HEALTH CONTRACTS,GREATER MANCHESTER WEST MENTAL HEALTH NHS FOUNDATION TRUST,21804348,"62,785.20 ",0000027730
Department of Health,NHS Wigan Borough CCG,4/30/2018,Hcare Srv Rec Fdtn Trust-Contract Variation,MENTAL HEALTH CONTRACTS,GREATER MANCHESTER WEST MENTAL HEALTH NHS FOUNDATION TRUST,21804348,"6,064.92 ",0000027730
Department of Health,NHS Wigan Borough CCG,4/30/2018,Cont Care- Adult 100% Fully Funded,CHC ADULT FULLY FUNDED,WIGAN COUNCIL,21823807,"51,616.74 ",71250062003
Department of Health,NHS Wigan Borough CCG,4/30/2018,Cont Care- Adult 100% Fully Funded,CHC ADULT FULLY FUNDED,WIGAN COUNCIL,21823809,"96,993.74 ",71250083808
Department of Health,NHS Wigan Borough CCG,4/30/2018,Services From Local Authorities,CONTINUING HEALTHCARE ASSESSMENT & SUPPORT,WIGAN COUNCIL,21823825,"68,875.20 ",71250108402
Department of Health,NHS Wigan Borough CCG,4/30/2018,Clinical&Medical-Othe Public Sector,MENTAL HEALTH CONTRACTS,WIGAN COUNCIL,21823827,"25,812.50 ",71250103001
Department of Health,NHS Wigan Borough CCG,4/30/2018,Clinical&Medical-Othe Public Sector,Learning Difficulties - S117,WIGAN COUNCIL,21823832,"81,019.20 ",71250100901
Department of Health,NHS Wigan Borough CCG,4/30/2018,Clinical&Medical-Commercial Sector,LEARNING DIFFICULTIES,WIGAN COUNCIL,21823836,"6,876.52 ",91249680542
Department of Health,NHS Wigan Borough CCG,4/30/2018,Cont Care- Adult Joint Funded,ADULT JOINT FUNDED CONTINUING CARE,WIGAN COUNCIL,21823836,"1,941.80 ",91249680542
Department of Health,NHS Wigan Borough CCG,4/30/2018,Soc Care-Mental health services,MENTAL HEALTH CONTRACTS,WIGAN COUNCIL,21823836,"6,460.49 ",91249680542
Department of Health,NHS Wigan Borough CCG,4/30/2018,Soc Care-Mental health services,Mental Health Services - S117 Mental Health,WIGAN COUNCIL,21823836,"104,049.06 ",91249680542
Department of Health,NHS Wigan Borough CCG,4/30/2018,Clinical&Medical-Commercial Sector,INTERMEDIATE CARE,CUERDEN DEVELOPMENTS LTD,21823848,"(31,167.99)",CRT1801CR
Department of Health,NHS Wigan Borough CCG,4/30/2018,Clinical&Medical-Commercial Sector,INTERMEDIATE CARE,CUERDEN DEVELOPMENTS LTD,21823859,"199,381.91 ",CRT1801
Department of Health,NHS Wigan Borough CCG,4/30/2018,Clinical&Medical-Voluntary Sector,MENTAL HEALTH CONTRACTS,MAKING SPACE,21823862,"238,293.66 ",GFI001197021
Department of Health,NHS Wigan Borough CCG,4/30/2018,Clinical&Medical-Voluntary Sector,MENTAL HEALTH CONTRACTS,MAKING SPACE,21823863,"70,300.83 ",GFI001195006
Department of Health,NHS Wigan Borough CCG,4/30/2018,Clinical&Medical-Voluntary Sector,MENTAL HEALTH SERVICES - OTHER,MAKING SPACE,21823863,"72,892.54 ",GFI001195006
Department of Health,NHS Wigan Borough CCG,4/30/2018,Clinical&Medical-Commercial Sector,INTERMEDIATE CARE,CUERDEN DEVELOPMENTS LTD,21823891,"31,167.99 ",INV1801RD
Department of Health,NHS Wigan Borough CCG,4/30/2018,Hcare Srv Rec Fdtn Trust-Contract Baseline,ACUTE COMMISSIONING,CHRISTIE HOSPITAL NHS FOUNDATION TRUST,21823901,"132,963.50 ",29664
Department of Health,NHS Wigan Borough CCG,4/30/2018,Clinical&Medical-Independent Sector - Contract Baseline,ACUTE COMMISSIONING,EUXTON HALL HOSPITAL,21823948,"106,425.05 ",120KMWIGAPR18
Department of Health,NHS Wigan Borough CCG,4/30/2018,Services From Local Authorities,CONTINUING HEALTHCARE ASSESSMENT & SUPPORT,WIGAN COUNCIL,21838394,"57,396.00 ",71249540107
Department of Health,NHS Wigan Borough CCG,4/30/2018,Clinical&Medical-Othe Public Sector,Learning Difficulties - S117,WIGAN COUNCIL,21838398,"58,861.00 ",71250087103
Department of Health,NHS Wigan Borough CCG,4/30/2018,Cont Care- Children,Children's Continuing Care,WIGAN COUNCIL,21838404,"51,947.34 ",71250107405
Department of Health,NHS Wigan Borough CCG,4/30/2018,Services From Local Authorities,CONTINUING HEALTHCARE ASSESSMENT & SUPPORT,WIGAN COUNCIL,21838448,"(57,396.00)",71250100307
Department of Health,NHS Wigan Borough CCG,4/30/2018,Services From Local Authorities,COMMISSIONING - NON ACUTE,WIGAN COUNCIL,21868965,"1,100,000.00 ",71250567805
Department of Health,NHS Wigan Borough CCG,4/30/2018,Hcare Srv Rec Fdtn Trust-Contract Variation,COMMUNITY SERVICES,BRIDGEWATER COMMUNITY HEALTHCARE NHS FOUNDATION TRUST,21897730,"56,744.00 ",26306478
Department of Health,NHS Wigan Borough CCG,4/30/2018,Cont Care- Palliative Care,CHC ADULT FULLY FUNDED,HC ONE LTD,21897737,"22,435.71 ",ICAR22032018
Department of Health,NHS Wigan Borough CCG,4/30/2018,Cont Care-Learning Disab(65+),Adult Joint Funded Continuing Care,HC ONE LTD,21897737,"2,723.57 ",ICAR22032018
Department of Health,NHS Wigan Borough CCG,4/30/2018,Cont Care-Learning Disab(<65),Adult Joint Funded Continuing Care,HC ONE LTD,21897737,"2,723.57 ",ICAR22032018
Department of Health,NHS Wigan Borough CCG,4/30/2018,Cont Care-Physical Disab (65+),CHC ADULT FULLY FUNDED,HC ONE LTD,21897737,"29,959.27 ",ICAR22032018
Department of Health,NHS Wigan Borough CCG,4/30/2018,Cont Care-Physical Disab (<65),CHC ADULT FULLY FUNDED,HC ONE LTD,21897737,"18,400.70 ",ICAR22032018
Department of Health,NHS Wigan Borough CCG,4/30/2018,Cont Care- Palliative Care,CHC ADULT FULLY FUNDED,HC ONE LTD,21897738,"2,723.57 ",IROS22032018
Department of Health,NHS Wigan Borough CCG,4/30/2018,Cont Care-Learning Disab(<65),Adult Joint Funded Continuing Care,HC ONE LTD,21897738,"2,587.75 ",IROS22032018
Department of Health,NHS Wigan Borough CCG,4/30/2018,Cont Care-Mental Health (65+),CHC ADULT FULLY FUNDED,HC ONE LTD,21897738,"24,136.63 ",IROS22032018
Department of Health,NHS Wigan Borough CCG,4/30/2018,Cont Care-Physical Disab (65+),CHC ADULT FULLY FUNDED,HC ONE LTD,21897738,"5,447.14 ",IROS22032018
Department of Health,NHS Wigan Borough CCG,4/30/2018,Hcare Srv Rec Fdtn Trust-Prior Year,ACUTE COMMISSIONING,MANCHESTER UNIVERSITY NHS FOUNDATION TRUST,21897779,"61,655.00 ",6210119739
Department of Health,NHS Wigan Borough CCG,4/30/2018,Cont Care- Palliative Care,CHC ADULT FULLY FUNDED,HC ONE LTD,21901011,"14,691.42 ",IWES16042018
Department of Health,NHS Wigan Borough CCG,4/30/2018,Cont Care-Mental Health (65+),CHC ADULT FULLY FUNDED,HC ONE LTD,21901011,"18,449.97 ",IWES16042018
Department of Health,NHS Wigan Borough CCG,4/30/2018,Cont Care-Physical Disab (65+),CHC ADULT FULLY FUNDED,HC ONE LTD,21901011,"9,312.84 ",IWES16042018
Department of Health,NHS Wigan Borough CCG,4/30/2018,Hcare Srv Rec Fdtn Trust-Contract Baseline,ACUTE COMMISSIONING,WALTON CENTRE NHS FOUNDATION TRUST,21901085,"62,744.70 ",N0019484
Department of Health,NHS Wigan Borough CCG,4/30/2018,Cont Care-Funded Nursing Care Allow,FUNDED NURSING CARE,WIGAN COUNCIL,21914830,"182,438.76 ",71250177406
Department of Health,NHS Wigan Borough CCG,4/30/2018,Cont Care-Learning Disab(<65),CHC AD FULL FUND PERS HLTH BUD,WIGAN COUNCIL,21914846,"227,638.75 ",71250586804
Department of Health,NHS Wigan Borough CCG,4/30/2018,Cont Care- Adult 100% Fully Funded,CHC ADULT FULLY FUNDED,WIGAN COUNCIL,21938944,"411,312.00 ",71250175808
Department of Health,NHS Wigan Borough CCG,4/30/2018,Hcare Srv Rec Fdtn Trust-Over/ Under Performance,ACUTE COMMISSIONING,CHRISTIE HOSPITAL NHS FOUNDATION TRUST,21939036,"130,665.79 ",29912
Department of Health,NHS Wigan Borough CCG,4/30/2018,Cont Care- Palliative Care,CHC ADULT FULLY FUNDED,ST GEORGES WIGAN LTD,21939067,"9,221.13 ",095
Department of Health,NHS Wigan Borough CCG,4/30/2018,Cont Care-Learning Disab(<65),CHC ADULT FULLY FUNDED,ST GEORGES WIGAN LTD,21939067,"(3,073.71)",095
Department of Health,NHS Wigan Borough CCG,4/30/2018,Cont Care-Mental Health (65+),CHC ADULT FULLY FUNDED,ST GEORGES WIGAN LTD,21939067,"19,752.56 ",095
Department of Health,NHS Wigan Borough CCG,4/30/2018,Cont Care-Physical Disab (65+),CHC ADULT FULLY FUNDED,ST GEORGES WIGAN LTD,21939067,"54,654.80 ",095
Department of Health,NHS Wigan Borough CCG,4/30/2018,Hcare Srv Rec Fdtn Trust-Contract Baseline,COMMUNITY SERVICES,BRIDGEWATER COMMUNITY HEALTHCARE NHS FOUNDATION TRUST,21958803,"2,870,254.34 ",26307545
Department of Health,NHS Wigan Borough CCG,4/30/2018,Hcare Srv Rec Fdtn Trust-CQUIN,COMMUNITY SERVICES,BRIDGEWATER COMMUNITY HEALTHCARE NHS FOUNDATION TRUST,21958808,"66,757.17 ",26307546
Department of Health,NHS Wigan Borough CCG,4/30/2018,Clinical&Medical-Commercial Sector,INTERMEDIATE CARE,HC ONE LTD,21958838,"30,942.04 ",IRIC016473
Department of Health,NHS Wigan Borough CCG,4/30/2018,Hcare Srv Rec Fdtn Trust-Contract Baseline,ACUTE COMMISSIONING,WARRINGTON & HALTON HOSPITALS NHS FOUNDATION TRUST,21958847,"289,175.00 ",15368060
Department of Health,NHS Wigan Borough CCG,4/30/2018,Hcare Srv Rec Fdtn Trust-Contract Baseline,ACUTE COMMISSIONING,AINTREE UNIVERSITY HOSPITALS NHS FOUNDATION TRUST,21958873,"57,165.67 ",8410037771
Department of Health,NHS Wigan Borough CCG,4/30/2018,Clinical&Medical-Voluntary Sector,WINTER PRESSURES,BRICK PROJECT,21958996,"91,989.00 ",BRK331
Department of Health,NHS Wigan Borough CCG,4/30/2018,Hcare Srv Rec Fdtn Trust-Contract Baseline,ACUTE COMMISSIONING,MANCHESTER UNIVERSITY NHS FOUNDATION TRUST,21959043,"811,852.23 ",0000353854
Department of Health,NHS Wigan Borough CCG,4/30/2018,Hcare Srv Rec Fdtn Trust-Contract Variation,COMMUNITY SERVICES,BRIDGEWATER COMMUNITY HEALTHCARE NHS FOUNDATION TRUST,21959044,"111,822.00 ",26307588
Department of Health,NHS Wigan Borough CCG,4/30/2018,Participation Fees,COMMISSIONING SCHEMES,P92003 DICCONSON GROUP PRACTICE,21959047,"48,755.60 ",JCWCLUSTER1
Department of Health,NHS Wigan Borough CCG,4/30/2018,Clinical&Medical-Voluntary Sector,HOSPICES,WIGAN & LEIGH HOSPICE,21959113,"40,000.00 ",AB1087
Department of Health,NHS Wigan Borough CCG,4/30/2018,Hcare Srv Rec Fdtn Trust-Contract Variation,COMMUNITY SERVICES,BRIDGEWATER COMMUNITY HEALTHCARE NHS FOUNDATION TRUST,21974547,"145,063.00 ",26306475
Department of Health,NHS Wigan Borough CCG,4/30/2018,Hcare Srv Rec Fdtn Trust-Contract Variation,COMMUNITY SERVICES,BRIDGEWATER COMMUNITY HEALTHCARE NHS FOUNDATION TRUST,21974612,"(145,063.00)",26307596
