Transparency report July 2018,,,,,,,,
,,,,,,,,
Department family,Entity,Date,Expense Type,Expense area,Supplier,Transaction number,AP Amount (�),Purchase invoice number
Department of Health,NHS Wigan Borough CCG,7/31/2018,Cont Care- Palliative Care,CHC ADULT FULLY FUNDED,LAKESIDE CARE HOME,22873383,"11,702.10 ",JUN18
Department of Health,NHS Wigan Borough CCG,7/31/2018,Cont Care-Physical Disab (65+),CHC ADULT FULLY FUNDED,LAKESIDE CARE HOME,22873383,"30,315.04 ",JUN18
Department of Health,NHS Wigan Borough CCG,7/31/2018,Recharge : Received,Learning Difficulties - S117,WIGAN COUNCIL,22873395,"29,774.00 ",71251907909
Department of Health,NHS Wigan Borough CCG,7/31/2018,Cont Care- Palliative Care,CHC ADULT FULLY FUNDED,ST GEORGES WIGAN LTD,22873518,"10,618.29 ",098
Department of Health,NHS Wigan Borough CCG,7/31/2018,Cont Care-Mental Health (65+),CHC ADULT FULLY FUNDED,ST GEORGES WIGAN LTD,22873518,"24,216.58 ",098
Department of Health,NHS Wigan Borough CCG,7/31/2018,Cont Care-Physical Disab (65+),CHC ADULT FULLY FUNDED,ST GEORGES WIGAN LTD,22873518,"41,588.61 ",098
Department of Health,NHS Wigan Borough CCG,7/31/2018,Clinical&Medical-Voluntary Sector,CARERS,THINK AHEAD COMMUNITY STROKE GROUP,22905270,"25,000.00 ",TA161
Department of Health,NHS Wigan Borough CCG,7/31/2018,Clinical&Medical-Commercial Sector,INTERMEDIATE CARE,CUERDEN DEVELOPMENTS LTD,22905273,"199,381.91 ",CRT1804
Department of Health,NHS Wigan Borough CCG,7/31/2018,C&M-GMS Practice Transformational Support,LOCAL ENHANCED SERVICES,CARDIUM LTD,22915129,"65,500.00 ",LIGABCQ11819
Department of Health,NHS Wigan Borough CCG,7/31/2018,C&M-GMS Global Sum,PRC DELEGATED CO-COMMISSIONING,BEECH HILL MEDICAL CENTRE,22953589,"96,093.80 ",WIG000027403
Department of Health,NHS Wigan Borough CCG,7/31/2018,C&M-GMS Other Small Practice All,PRC DELEGATED CO-COMMISSIONING,BEECH HILL MEDICAL CENTRE,22953589,"7,820.00 ",WIG000027403
Department of Health,NHS Wigan Borough CCG,7/31/2018,C&M-GMS Prem Clinical Waste,PRC DELEGATED CO-COMMISSIONING,BEECH HILL MEDICAL CENTRE,22953589,104.18 ,WIG000027403
Department of Health,NHS Wigan Borough CCG,7/31/2018,C&M-GMS Prem Notional Rent,PRC DELEGATED CO-COMMISSIONING,BEECH HILL MEDICAL CENTRE,22953589,"7,400.00 ",WIG000027403
Department of Health,NHS Wigan Borough CCG,7/31/2018,C&M-GMS QOF Aspiration,PRC DELEGATED CO-COMMISSIONING,BEECH HILL MEDICAL CENTRE,22953589,"11,244.62 ",WIG000027403
Department of Health,NHS Wigan Borough CCG,7/31/2018,C&M-PMS Contract Value,PRC DELEGATED CO-COMMISSIONING,ASTLEY GENERAL PRACTICE,22953591,"18,584.71 ",WIG000027405
Department of Health,NHS Wigan Borough CCG,7/31/2018,C&M-PMS DES Minor Surgery,PRC DELEGATED CO-COMMISSIONING,ASTLEY GENERAL PRACTICE,22953591,182.63 ,WIG000027405
Department of Health,NHS Wigan Borough CCG,7/31/2018,C&M-PMS Funding Differential Review,PRC DELEGATED CO-COMMISSIONING,ASTLEY GENERAL PRACTICE,22953591,408.04 ,WIG000027405
Department of Health,NHS Wigan Borough CCG,7/31/2018,C&M-PMS Prem Actual Rent,PRC DELEGATED CO-COMMISSIONING,ASTLEY GENERAL PRACTICE,22953591,"1,291.67 ",WIG000027405
Department of Health,NHS Wigan Borough CCG,7/31/2018,C&M-PMS Prof fees Prescribing,PRC DELEGATED CO-COMMISSIONING,ASTLEY GENERAL PRACTICE,22953591,70.08 ,WIG000027405
Department of Health,NHS Wigan Borough CCG,7/31/2018,C&M-PMS QOF Aspiration,PRC DELEGATED CO-COMMISSIONING,ASTLEY GENERAL PRACTICE,22953591,"1,704.55 ",WIG000027405
Department of Health,NHS Wigan Borough CCG,7/31/2018,C&M-PMS Small Practice Allowance,PRC DELEGATED CO-COMMISSIONING,ASTLEY GENERAL PRACTICE,22953591,"2,789.87 ",WIG000027405
Department of Health,NHS Wigan Borough CCG,7/31/2018,C&M-PMS Contract Value,PRC DELEGATED CO-COMMISSIONING,BRAITHWAITE SURGERY,22953593,"39,624.45 ",WIG000027407
Department of Health,NHS Wigan Borough CCG,7/31/2018,C&M-PMS Funding Differential Review,PRC DELEGATED CO-COMMISSIONING,BRAITHWAITE SURGERY,22953593,155.57 ,WIG000027407
Department of Health,NHS Wigan Borough CCG,7/31/2018,C&M-PMS Prem Notional Rent,PRC DELEGATED CO-COMMISSIONING,BRAITHWAITE SURGERY,22953593,"3,041.67 ",WIG000027407
Department of Health,NHS Wigan Borough CCG,7/31/2018,C&M-PMS QOF Aspiration,PRC DELEGATED CO-COMMISSIONING,BRAITHWAITE SURGERY,22953593,"3,825.36 ",WIG000027407
Department of Health,NHS Wigan Borough CCG,7/31/2018,C&M-PMS Small Practice Allowance,PRC DELEGATED CO-COMMISSIONING,BRAITHWAITE SURGERY,22953593,"2,789.87 ",WIG000027407
Department of Health,NHS Wigan Borough CCG,7/31/2018,C&M-GMS Global Sum,PRC DELEGATED CO-COMMISSIONING,DR A B ANIS & PARTNER,22953595,"35,331.27 ",WIG000027409
Department of Health,NHS Wigan Borough CCG,7/31/2018,C&M-GMS QOF Achievement,PRC DELEGATED CO-COMMISSIONING,DR A B ANIS & PARTNER,22953595,"14,072.03 ",WIG000027409
Department of Health,NHS Wigan Borough CCG,7/31/2018,C&M-GMS QOF Aspiration,PRC DELEGATED CO-COMMISSIONING,DR A B ANIS & PARTNER,22953595,"3,409.86 ",WIG000027409
Department of Health,NHS Wigan Borough CCG,7/31/2018,C&M-GMS GP Statutory Levy,PRC DELEGATED CO-COMMISSIONING,DR C J MUNRO & PARTNERS,22953598,(368.11),WIG000027412
Department of Health,NHS Wigan Borough CCG,7/31/2018,C&M-GMS Voluntary Levy,PRC DELEGATED CO-COMMISSIONING,DR C J MUNRO & PARTNERS,22953598,(63.11),WIG000027412
Department of Health,NHS Wigan Borough CCG,7/31/2018,ME - GMS GP Prior Year ERs,PRC DELEGATED CO-COMMISSIONING,DR C J MUNRO & PARTNERS,22953598,"(1,981.18)",WIG000027412
Department of Health,NHS Wigan Borough CCG,7/31/2018,ME - GMS TPS Added Years Adj EEs,PRC DELEGATED CO-COMMISSIONING,DR C J MUNRO & PARTNERS,22953598,(672.22),WIG000027412
Department of Health,NHS Wigan Borough CCG,7/31/2018,ME-GMS GP Pension EEs,PRC DELEGATED CO-COMMISSIONING,DR C J MUNRO & PARTNERS,22953598,"(20,000.25)",WIG000027412
Department of Health,NHS Wigan Borough CCG,7/31/2018,ME-GMS GP Pension ERs Adjustments,PRC DELEGATED CO-COMMISSIONING,DR C J MUNRO & PARTNERS,22953598,"(19,789.60)",WIG000027412
Department of Health,NHS Wigan Borough CCG,7/31/2018,ME-GMS GP Prior Year EEs,PRC DELEGATED CO-COMMISSIONING,DR C J MUNRO & PARTNERS,22953598,"(2,667.58)",WIG000027412
Department of Health,NHS Wigan Borough CCG,7/31/2018,C&M-GMS DES Minor Surgery,PRC DELEGATED CO-COMMISSIONING,DR C J MUNRO & PARTNERS,22953599,"3,470.10 ",WIG000027413
Department of Health,NHS Wigan Borough CCG,7/31/2018,C&M-GMS Global Sum,PRC DELEGATED CO-COMMISSIONING,DR C J MUNRO & PARTNERS,22953599,"90,613.58 ",WIG000027413
Department of Health,NHS Wigan Borough CCG,7/31/2018,C&M-GMS MPIG Correction Factor,PRC DELEGATED CO-COMMISSIONING,DR C J MUNRO & PARTNERS,22953599,728.86 ,WIG000027413
Department of Health,NHS Wigan Borough CCG,7/31/2018,C&M-GMS Other Small Practice All,PRC DELEGATED CO-COMMISSIONING,DR C J MUNRO & PARTNERS,22953599,"7,705.00 ",WIG000027413
Department of Health,NHS Wigan Borough CCG,7/31/2018,C&M-GMS Prem Clinical Waste,PRC DELEGATED CO-COMMISSIONING,DR C J MUNRO & PARTNERS,22953599,78.11 ,WIG000027413
Department of Health,NHS Wigan Borough CCG,7/31/2018,C&M-GMS Prem Notional Rent,PRC DELEGATED CO-COMMISSIONING,DR C J MUNRO & PARTNERS,22953599,"5,395.83 ",WIG000027413
Department of Health,NHS Wigan Borough CCG,7/31/2018,C&M-GMS QOF Aspiration,PRC DELEGATED CO-COMMISSIONING,DR C J MUNRO & PARTNERS,22953599,"11,488.55 ",WIG000027413
Department of Health,NHS Wigan Borough CCG,7/31/2018,C&M-PMS Contract Value,PRC DELEGATED CO-COMMISSIONING,DR CA XAVIER,22953601,"37,554.52 ",WIG000027415
Department of Health,NHS Wigan Borough CCG,7/31/2018,C&M-PMS DES Minor Surgery,PRC DELEGATED CO-COMMISSIONING,DR CA XAVIER,22953601,45.66 ,WIG000027415
Department of Health,NHS Wigan Borough CCG,7/31/2018,C&M-PMS Prem Notional Rent,PRC DELEGATED CO-COMMISSIONING,DR CA XAVIER,22953601,"5,361.29 ",WIG000027415
Department of Health,NHS Wigan Borough CCG,7/31/2018,C&M-PMS QOF Aspiration,PRC DELEGATED CO-COMMISSIONING,DR CA XAVIER,22953601,"3,289.88 ",WIG000027415
Department of Health,NHS Wigan Borough CCG,7/31/2018,C&M-GMS Global Sum,PRC DELEGATED CO-COMMISSIONING,DR AJ ELLIS,22953603,"32,796.88 ",WIG000027417
Department of Health,NHS Wigan Borough CCG,7/31/2018,C&M-GMS Other Small Practice All,PRC DELEGATED CO-COMMISSIONING,DR AJ ELLIS,22953603,"3,007.00 ",WIG000027417
Department of Health,NHS Wigan Borough CCG,7/31/2018,C&M-GMS Prem Notional Rent,PRC DELEGATED CO-COMMISSIONING,DR AJ ELLIS,22953603,"2,604.17 ",WIG000027417
Department of Health,NHS Wigan Borough CCG,7/31/2018,C&M-GMS QOF Aspiration,PRC DELEGATED CO-COMMISSIONING,DR AJ ELLIS,22953603,"3,231.84 ",WIG000027417
Department of Health,NHS Wigan Borough CCG,7/31/2018,C&M-PMS Contract Value,PRC DELEGATED CO-COMMISSIONING,DR AK ATREY,22953605,"39,686.32 ",WIG000027419
Department of Health,NHS Wigan Borough CCG,7/31/2018,C&M-PMS Funding Differential Review,PRC DELEGATED CO-COMMISSIONING,DR AK ATREY,22953605,375.97 ,WIG000027419
Department of Health,NHS Wigan Borough CCG,7/31/2018,C&M-PMS Prof fees Prescribing,PRC DELEGATED CO-COMMISSIONING,DR AK ATREY,22953605,408.42 ,WIG000027419
Department of Health,NHS Wigan Borough CCG,7/31/2018,C&M-PMS QOF Aspiration,PRC DELEGATED CO-COMMISSIONING,DR AK ATREY,22953605,"4,809.77 ",WIG000027419
Department of Health,NHS Wigan Borough CCG,7/31/2018,C&M-PMS Small Practice Allowance,PRC DELEGATED CO-COMMISSIONING,DR AK ATREY,22953605,"3,282.00 ",WIG000027419
Department of Health,NHS Wigan Borough CCG,7/31/2018,C&M-PMS Contract Value,PRC DELEGATED CO-COMMISSIONING,DR ALISTAIR THOMPSON MANCHESTER,22953607,"30,257.99 ",WIG000027421
Department of Health,NHS Wigan Borough CCG,7/31/2018,C&M-PMS Funding Differential Review,PRC DELEGATED CO-COMMISSIONING,DR ALISTAIR THOMPSON MANCHESTER,22953607,362.29 ,WIG000027421
Department of Health,NHS Wigan Borough CCG,7/31/2018,C&M-PMS Prem Notional Rent,PRC DELEGATED CO-COMMISSIONING,DR ALISTAIR THOMPSON MANCHESTER,22953607,665.00 ,WIG000027421
Department of Health,NHS Wigan Borough CCG,7/31/2018,C&M-PMS QOF Aspiration,PRC DELEGATED CO-COMMISSIONING,DR ALISTAIR THOMPSON MANCHESTER,22953607,"3,123.83 ",WIG000027421
Department of Health,NHS Wigan Borough CCG,7/31/2018,C&M-APMS Contract KPIs,PRC DELEGATED CO-COMMISSIONING,DR ALISTAIR THOMPSON WIGAN,22953609,"18,598.67 ",WIG000027423
Department of Health,NHS Wigan Borough CCG,7/31/2018,C&M-APMS Contract Value,PRC DELEGATED CO-COMMISSIONING,DR ALISTAIR THOMPSON WIGAN,22953609,"55,795.98 ",WIG000027423
Department of Health,NHS Wigan Borough CCG,7/31/2018,C&M-APMS QOF Aspiration,PRC DELEGATED CO-COMMISSIONING,DR ALISTAIR THOMPSON WIGAN,22953609,"5,526.43 ",WIG000027423
Department of Health,NHS Wigan Borough CCG,7/31/2018,C&M-GMS Global Sum,PRC DELEGATED CO-COMMISSIONING,DR D TRIVEDI & PARTNER,22953613,"30,195.23 ",WIG000027427
Department of Health,NHS Wigan Borough CCG,7/31/2018,C&M-GMS MPIG Correction Factor,PRC DELEGATED CO-COMMISSIONING,DR D TRIVEDI & PARTNER,22953613,69.17 ,WIG000027427
Department of Health,NHS Wigan Borough CCG,7/31/2018,C&M-GMS Prem Notional Rent,PRC DELEGATED CO-COMMISSIONING,DR D TRIVEDI & PARTNER,22953613,"4,191.67 ",WIG000027427
Department of Health,NHS Wigan Borough CCG,7/31/2018,C&M-GMS QOF Aspiration,PRC DELEGATED CO-COMMISSIONING,DR D TRIVEDI & PARTNER,22953613,"3,237.41 ",WIG000027427
Department of Health,NHS Wigan Borough CCG,7/31/2018,C&M-GMS Global Sum,PRC DELEGATED CO-COMMISSIONING,DR E C VASANTH & PARTNER,22953615,"17,853.41 ",WIG000027429
Department of Health,NHS Wigan Borough CCG,7/31/2018,C&M-GMS QOF Achievement,PRC DELEGATED CO-COMMISSIONING,DR E C VASANTH & PARTNER,22953615,"7,125.84 ",WIG000027429
Department of Health,NHS Wigan Borough CCG,7/31/2018,C&M-GMS QOF Aspiration,PRC DELEGATED CO-COMMISSIONING,DR E C VASANTH & PARTNER,22953615,"1,601.32 ",WIG000027429
Department of Health,NHS Wigan Borough CCG,7/31/2018,C&M-PMS Contract Value,PRC DELEGATED CO-COMMISSIONING,DR CP KHATRI,22953617,"33,538.35 ",WIG000027431
Department of Health,NHS Wigan Borough CCG,7/31/2018,C&M-PMS Funding Differential Review,PRC DELEGATED CO-COMMISSIONING,DR CP KHATRI,22953617,266.61 ,WIG000027431
Department of Health,NHS Wigan Borough CCG,7/31/2018,C&M-PMS Prem Notional Rent,PRC DELEGATED CO-COMMISSIONING,DR CP KHATRI,22953617,"2,600.00 ",WIG000027431
Department of Health,NHS Wigan Borough CCG,7/31/2018,C&M-PMS Prem Water Rates,PRC DELEGATED CO-COMMISSIONING,DR CP KHATRI,22953617,354.98 ,WIG000027431
Department of Health,NHS Wigan Borough CCG,7/31/2018,C&M-PMS QOF Aspiration,PRC DELEGATED CO-COMMISSIONING,DR CP KHATRI,22953617,"3,488.03 ",WIG000027431
Department of Health,NHS Wigan Borough CCG,7/31/2018,C&M-PMS Small Practice Allowance,PRC DELEGATED CO-COMMISSIONING,DR CP KHATRI,22953617,"3,199.00 ",WIG000027431
Department of Health,NHS Wigan Borough CCG,7/31/2018,C&M-PMS GP Statutory Levy,PRC DELEGATED CO-COMMISSIONING,DR D G BRODIE & PARTNERS,22953618,(499.42),WIG000027432
Department of Health,NHS Wigan Borough CCG,7/31/2018,C&M-PMS Small Practice Allowance,PRC DELEGATED CO-COMMISSIONING,DR D G BRODIE & PARTNERS,22953618,"(3,365.00)",WIG000027432
Department of Health,NHS Wigan Borough CCG,7/31/2018,C&M-PMS Voluntary Levy,PRC DELEGATED CO-COMMISSIONING,DR D G BRODIE & PARTNERS,22953618,(85.62),WIG000027432
Department of Health,NHS Wigan Borough CCG,7/31/2018,ME - PMS TPS Added Years Adj EEs,PRC DELEGATED CO-COMMISSIONING,DR D G BRODIE & PARTNERS,22953618,(481.00),WIG000027432
Department of Health,NHS Wigan Borough CCG,7/31/2018,ME-PMS GP Pension EEs-PMS,PRC DELEGATED CO-COMMISSIONING,DR D G BRODIE & PARTNERS,22953618,"(14,375.00)",WIG000027432
Department of Health,NHS Wigan Borough CCG,7/31/2018,ME-PMS GP Pension ERs Adjs - PMS,PRC DELEGATED CO-COMMISSIONING,DR D G BRODIE & PARTNERS,22953618,"(14,571.73)",WIG000027432
Department of Health,NHS Wigan Borough CCG,7/31/2018,C&M-GMS DES Minor Surgery,PRC DELEGATED CO-COMMISSIONING,DR G FELLOWS & PARTNERS,22953620,"2,465.50 ",WIG000027435
Department of Health,NHS Wigan Borough CCG,7/31/2018,C&M-GMS Global Sum,PRC DELEGATED CO-COMMISSIONING,DR G FELLOWS & PARTNERS,22953620,"67,924.83 ",WIG000027435
Department of Health,NHS Wigan Borough CCG,7/31/2018,C&M-GMS Other Small Practice All,PRC DELEGATED CO-COMMISSIONING,DR G FELLOWS & PARTNERS,22953620,"5,305.00 ",WIG000027435
Department of Health,NHS Wigan Borough CCG,7/31/2018,C&M-GMS QOF Aspiration,PRC DELEGATED CO-COMMISSIONING,DR G FELLOWS & PARTNERS,22953620,"7,488.33 ",WIG000027435
Department of Health,NHS Wigan Borough CCG,7/31/2018,C&M-PMS Contract Value,PRC DELEGATED CO-COMMISSIONING,DR J D SEABROOK & PARTNER,22953622,"32,626.87 ",WIG000027437
Department of Health,NHS Wigan Borough CCG,7/31/2018,C&M-PMS Prem Notional Rent,PRC DELEGATED CO-COMMISSIONING,DR J D SEABROOK & PARTNER,22953622,"1,925.00 ",WIG000027437
Department of Health,NHS Wigan Borough CCG,7/31/2018,C&M-PMS QOF Aspiration,PRC DELEGATED CO-COMMISSIONING,DR J D SEABROOK & PARTNER,22953622,"3,031.43 ",WIG000027437
Department of Health,NHS Wigan Borough CCG,7/31/2018,C&M-PMS Small Practice Allowance,PRC DELEGATED CO-COMMISSIONING,DR J D SEABROOK & PARTNER,22953622,"3,007.00 ",WIG000027437
Department of Health,NHS Wigan Borough CCG,7/31/2018,C&M-PMS Contract Value,PRC DELEGATED CO-COMMISSIONING,DR K KHATRI & PARTNERS,22953626,"22,290.06 ",WIG000027441
Department of Health,NHS Wigan Borough CCG,7/31/2018,C&M-PMS Funding Differential Review,PRC DELEGATED CO-COMMISSIONING,DR K KHATRI & PARTNERS,22953626,428.75 ,WIG000027441
Department of Health,NHS Wigan Borough CCG,7/31/2018,C&M-PMS Prem Notional Rent,PRC DELEGATED CO-COMMISSIONING,DR K KHATRI & PARTNERS,22953626,"1,520.83 ",WIG000027441
Department of Health,NHS Wigan Borough CCG,7/31/2018,C&M-PMS QOF Aspiration,PRC DELEGATED CO-COMMISSIONING,DR K KHATRI & PARTNERS,22953626,"2,283.93 ",WIG000027441
Department of Health,NHS Wigan Borough CCG,7/31/2018,C&M-PMS Small Practice Allowance,PRC DELEGATED CO-COMMISSIONING,DR K KHATRI & PARTNERS,22953626,"2,288.00 ",WIG000027441
Department of Health,NHS Wigan Borough CCG,7/31/2018,ME-PMS GP Pension EEs-PMS,PRC DELEGATED CO-COMMISSIONING,DR K KHATRI & PARTNERS,22953626,"3,873.05 ",WIG000027441
Department of Health,NHS Wigan Borough CCG,7/31/2018,ME-PMS GP Pension ERs Adjs - PMS,PRC DELEGATED CO-COMMISSIONING,DR K KHATRI & PARTNERS,22953626,"4,159.46 ",WIG000027441
Department of Health,NHS Wigan Borough CCG,7/31/2018,C&M-PMS Contract Value,PRC DELEGATED CO-COMMISSIONING,DR M C SMITH & PARTNERS,22953628,"59,510.48 ",WIG000027443
Department of Health,NHS Wigan Borough CCG,7/31/2018,C&M-PMS Funding Differential Review,PRC DELEGATED CO-COMMISSIONING,DR M C SMITH & PARTNERS,22953628,377.64 ,WIG000027443
Department of Health,NHS Wigan Borough CCG,7/31/2018,C&M-PMS Prem Clinical Waste,PRC DELEGATED CO-COMMISSIONING,DR M C SMITH & PARTNERS,22953628,36.00 ,WIG000027443
Department of Health,NHS Wigan Borough CCG,7/31/2018,C&M-PMS Prem Notional Rent,PRC DELEGATED CO-COMMISSIONING,DR M C SMITH & PARTNERS,22953628,"4,025.00 ",WIG000027443
Department of Health,NHS Wigan Borough CCG,7/31/2018,C&M-PMS QOF Aspiration,PRC DELEGATED CO-COMMISSIONING,DR M C SMITH & PARTNERS,22953628,"7,267.37 ",WIG000027443
Department of Health,NHS Wigan Borough CCG,7/31/2018,C&M-PMS Small Practice Allowance,PRC DELEGATED CO-COMMISSIONING,DR M C SMITH & PARTNERS,22953628,"4,825.00 ",WIG000027443
Department of Health,NHS Wigan Borough CCG,7/31/2018,C&M-GMS Global Sum,PRC DELEGATED CO-COMMISSIONING,DR M R ASHWORTH & PARTNERS,22953630,"42,379.23 ",WIG000027447
Department of Health,NHS Wigan Borough CCG,7/31/2018,C&M-GMS Prem Clinical Waste,PRC DELEGATED CO-COMMISSIONING,DR M R ASHWORTH & PARTNERS,22953630,60.00 ,WIG000027447
Department of Health,NHS Wigan Borough CCG,7/31/2018,C&M-GMS Prem Notional Rent,PRC DELEGATED CO-COMMISSIONING,DR M R ASHWORTH & PARTNERS,22953630,"2,483.33 ",WIG000027447
Department of Health,NHS Wigan Borough CCG,7/31/2018,C&M-GMS QOF Aspiration,PRC DELEGATED CO-COMMISSIONING,DR M R ASHWORTH & PARTNERS,22953630,"4,912.70 ",WIG000027447
Department of Health,NHS Wigan Borough CCG,7/31/2018,C&M-GMS Global Sum,PRC DELEGATED CO-COMMISSIONING,DR M SHARMA & PARTNERS,22953632,"39,745.66 ",WIG000027449
Department of Health,NHS Wigan Borough CCG,7/31/2018,C&M-GMS Prem Actual Rent,PRC DELEGATED CO-COMMISSIONING,DR M SHARMA & PARTNERS,22953632,"2,165.99 ",WIG000027449
Department of Health,NHS Wigan Borough CCG,7/31/2018,C&M-GMS Prem Water Rates,PRC DELEGATED CO-COMMISSIONING,DR M SHARMA & PARTNERS,22953632,145.48 ,WIG000027449
Department of Health,NHS Wigan Borough CCG,7/31/2018,C&M-GMS QOF Aspiration,PRC DELEGATED CO-COMMISSIONING,DR M SHARMA & PARTNERS,22953632,"4,550.26 ",WIG000027449
Department of Health,NHS Wigan Borough CCG,7/31/2018,C&M-PMS Contract Value,PRC DELEGATED CO-COMMISSIONING,DR M ULLAH,22953634,"28,110.17 ",WIG000027451
Department of Health,NHS Wigan Borough CCG,7/31/2018,C&M-PMS Prof fees Prescribing,PRC DELEGATED CO-COMMISSIONING,DR M ULLAH,22953634,112.50 ,WIG000027451
Department of Health,NHS Wigan Borough CCG,7/31/2018,C&M-PMS QOF Aspiration,PRC DELEGATED CO-COMMISSIONING,DR M ULLAH,22953634,"2,324.10 ",WIG000027451
Department of Health,NHS Wigan Borough CCG,7/31/2018,C&M-GMS Global Sum,PRC DELEGATED CO-COMMISSIONING,DR L SAXENA,22953638,"21,484.14 ",WIG000027455
Department of Health,NHS Wigan Borough CCG,7/31/2018,C&M-GMS MPIG Correction Factor,PRC DELEGATED CO-COMMISSIONING,DR L SAXENA,22953638,984.64 ,WIG000027455
Department of Health,NHS Wigan Borough CCG,7/31/2018,C&M-GMS Other Small Practice All,PRC DELEGATED CO-COMMISSIONING,DR L SAXENA,22953638,"3,845.00 ",WIG000027455
Department of Health,NHS Wigan Borough CCG,7/31/2018,C&M-GMS Prem Clinical Waste,PRC DELEGATED CO-COMMISSIONING,DR L SAXENA,22953638,476.53 ,WIG000027455
Department of Health,NHS Wigan Borough CCG,7/31/2018,C&M-GMS Prem Notional Rent,PRC DELEGATED CO-COMMISSIONING,DR L SAXENA,22953638,"1,975.00 ",WIG000027455
Department of Health,NHS Wigan Borough CCG,7/31/2018,C&M-GMS QOF Aspiration,PRC DELEGATED CO-COMMISSIONING,DR L SAXENA,22953638,"2,015.26 ",WIG000027455
Department of Health,NHS Wigan Borough CCG,7/31/2018,C&M-GMS DES Minor Surgery,PRC DELEGATED CO-COMMISSIONING,DR M AHMAD & PARTNERS WIGAN,22953640,228.30 ,WIG000027457
Department of Health,NHS Wigan Borough CCG,7/31/2018,C&M-GMS Global Sum,PRC DELEGATED CO-COMMISSIONING,DR M AHMAD & PARTNERS WIGAN,22953640,"50,932.91 ",WIG000027457
Department of Health,NHS Wigan Borough CCG,7/31/2018,C&M-GMS QOF Aspiration,PRC DELEGATED CO-COMMISSIONING,DR M AHMAD & PARTNERS WIGAN,22953640,"6,219.61 ",WIG000027457
Department of Health,NHS Wigan Borough CCG,7/31/2018,C&M-PMS Contract Value,PRC DELEGATED CO-COMMISSIONING,DR R J ANDERSON & PARTNER,22953643,"39,737.63 ",WIG000027461
Department of Health,NHS Wigan Borough CCG,7/31/2018,C&M-PMS Funding Differential Review,PRC DELEGATED CO-COMMISSIONING,DR R J ANDERSON & PARTNER,22953643,"1,166.72 ",WIG000027461
Department of Health,NHS Wigan Borough CCG,7/31/2018,C&M-PMS Prem Actual Rent,PRC DELEGATED CO-COMMISSIONING,DR R J ANDERSON & PARTNER,22953643,"3,479.17 ",WIG000027461
Department of Health,NHS Wigan Borough CCG,7/31/2018,C&M-PMS QOF Aspiration,PRC DELEGATED CO-COMMISSIONING,DR R J ANDERSON & PARTNER,22953643,"3,869.77 ",WIG000027461
Department of Health,NHS Wigan Borough CCG,7/31/2018,C&M-PMS Small Practice Allowance,PRC DELEGATED CO-COMMISSIONING,DR R J ANDERSON & PARTNER,22953643,"3,806.00 ",WIG000027461
Department of Health,NHS Wigan Borough CCG,7/31/2018,C&M-GMS Global Sum,PRC DELEGATED CO-COMMISSIONING,DR SIVAKUMAR & PARTNERS,22953645,"31,983.79 ",WIG000027463
Department of Health,NHS Wigan Borough CCG,7/31/2018,C&M-GMS Prem Notional Rent,PRC DELEGATED CO-COMMISSIONING,DR SIVAKUMAR & PARTNERS,22953645,"2,041.67 ",WIG000027463
Department of Health,NHS Wigan Borough CCG,7/31/2018,C&M-GMS QOF Aspiration,PRC DELEGATED CO-COMMISSIONING,DR SIVAKUMAR & PARTNERS,22953645,"3,679.56 ",WIG000027463
Department of Health,NHS Wigan Borough CCG,7/31/2018,C&M-GMS DES Minor Surgery,PRC DELEGATED CO-COMMISSIONING,DR SJ ZAMAN,22953647,"1,324.08 ",WIG000027465
Department of Health,NHS Wigan Borough CCG,7/31/2018,C&M-GMS Global Sum,PRC DELEGATED CO-COMMISSIONING,DR SJ ZAMAN,22953647,"32,292.54 ",WIG000027465
Department of Health,NHS Wigan Borough CCG,7/31/2018,C&M-GMS QOF Aspiration,PRC DELEGATED CO-COMMISSIONING,DR SJ ZAMAN,22953647,"3,818.79 ",WIG000027465
Department of Health,NHS Wigan Borough CCG,7/31/2018,C&M-PMS Contract Value,PRC DELEGATED CO-COMMISSIONING,DR S K PITALIA & PARTNER,22953649,"57,740.69 ",WIG000027467
Department of Health,NHS Wigan Borough CCG,7/31/2018,C&M-PMS DES Minor Surgery,PRC DELEGATED CO-COMMISSIONING,DR S K PITALIA & PARTNER,22953649,"1,278.45 ",WIG000027467
Department of Health,NHS Wigan Borough CCG,7/31/2018,C&M-PMS Funding Differential Review,PRC DELEGATED CO-COMMISSIONING,DR S K PITALIA & PARTNER,22953649,164.43 ,WIG000027467
Department of Health,NHS Wigan Borough CCG,7/31/2018,C&M-PMS Prem Notional Rent,PRC DELEGATED CO-COMMISSIONING,DR S K PITALIA & PARTNER,22953649,"6,179.17 ",WIG000027467
Department of Health,NHS Wigan Borough CCG,7/31/2018,C&M-PMS QOF Aspiration,PRC DELEGATED CO-COMMISSIONING,DR S K PITALIA & PARTNER,22953649,"6,211.26 ",WIG000027467
Department of Health,NHS Wigan Borough CCG,7/31/2018,C&M-PMS Small Practice Allowance,PRC DELEGATED CO-COMMISSIONING,DR S K PITALIA & PARTNER,22953649,"2,789.87 ",WIG000027467
Department of Health,NHS Wigan Borough CCG,7/31/2018,C&M-GMS Global Sum,PRC DELEGATED CO-COMMISSIONING,DR S M MARTIN,22953651,"63,772.16 ",WIG000027469
Department of Health,NHS Wigan Borough CCG,7/31/2018,C&M-GMS QOF Aspiration,PRC DELEGATED CO-COMMISSIONING,DR S M MARTIN,22953651,"6,309.95 ",WIG000027469
Department of Health,NHS Wigan Borough CCG,7/31/2018,C&M-GMS DES Minor Surgery,PRC DELEGATED CO-COMMISSIONING,DR S SUNTHA & PARTNERS,22953655,"1,689.41 ",WIG000027473
Department of Health,NHS Wigan Borough CCG,7/31/2018,C&M-GMS Global Sum,PRC DELEGATED CO-COMMISSIONING,DR S SUNTHA & PARTNERS,22953655,"68,708.05 ",WIG000027473
Department of Health,NHS Wigan Borough CCG,7/31/2018,C&M-GMS Other Small Practice All,PRC DELEGATED CO-COMMISSIONING,DR S SUNTHA & PARTNERS,22953655,"5,496.00 ",WIG000027473
Department of Health,NHS Wigan Borough CCG,7/31/2018,C&M-GMS Prem Notional Rent,PRC DELEGATED CO-COMMISSIONING,DR S SUNTHA & PARTNERS,22953655,"5,304.17 ",WIG000027473
Department of Health,NHS Wigan Borough CCG,7/31/2018,C&M-GMS Prem Rates,PRC DELEGATED CO-COMMISSIONING,DR S SUNTHA & PARTNERS,22953655,"12,499.00 ",WIG000027473
Department of Health,NHS Wigan Borough CCG,7/31/2018,C&M-GMS Prem Water Rates,PRC DELEGATED CO-COMMISSIONING,DR S SUNTHA & PARTNERS,22953655,"1,790.06 ",WIG000027473
Department of Health,NHS Wigan Borough CCG,7/31/2018,C&M-GMS QOF Aspiration,PRC DELEGATED CO-COMMISSIONING,DR S SUNTHA & PARTNERS,22953655,"9,833.48 ",WIG000027473
Department of Health,NHS Wigan Borough CCG,7/31/2018,C&M-PMS Contract Value,PRC DELEGATED CO-COMMISSIONING,DR S T H SHAH & PARTNERS,22953657,"36,388.20 ",WIG000027475
Department of Health,NHS Wigan Borough CCG,7/31/2018,C&M-PMS Funding Differential Review,PRC DELEGATED CO-COMMISSIONING,DR S T H SHAH & PARTNERS,22953657,430.85 ,WIG000027475
Department of Health,NHS Wigan Borough CCG,7/31/2018,C&M-PMS Prem Notional Rent,PRC DELEGATED CO-COMMISSIONING,DR S T H SHAH & PARTNERS,22953657,"1,835.08 ",WIG000027475
Department of Health,NHS Wigan Borough CCG,7/31/2018,C&M-PMS QOF Achievement,PRC DELEGATED CO-COMMISSIONING,DR S T H SHAH & PARTNERS,22953657,"22,631.81 ",WIG000027475
Department of Health,NHS Wigan Borough CCG,7/31/2018,C&M-PMS QOF Aspiration,PRC DELEGATED CO-COMMISSIONING,DR S T H SHAH & PARTNERS,22953657,"4,215.77 ",WIG000027475
Department of Health,NHS Wigan Borough CCG,7/31/2018,C&M-GMS DES Minor Surgery,PRC DELEGATED CO-COMMISSIONING,DRS DARIFAT ELISLAM WAN & SHAIKH,22953658,"4,155.02 ",WIG000027477
Department of Health,NHS Wigan Borough CCG,7/31/2018,C&M-GMS Global Sum,PRC DELEGATED CO-COMMISSIONING,DRS DARIFAT ELISLAM WAN & SHAIKH,22953658,"54,007.60 ",WIG000027477
Department of Health,NHS Wigan Borough CCG,7/31/2018,C&M-GMS QOF Aspiration,PRC DELEGATED CO-COMMISSIONING,DRS DARIFAT ELISLAM WAN & SHAIKH,22953658,"5,629.70 ",WIG000027477
Department of Health,NHS Wigan Borough CCG,7/31/2018,C&M-GMS Global Sum,PRC DELEGATED CO-COMMISSIONING,DR V K BAJAJ & PARTNER,22953661,"21,555.86 ",WIG000027481
Department of Health,NHS Wigan Borough CCG,7/31/2018,C&M-GMS MPIG Correction Factor,PRC DELEGATED CO-COMMISSIONING,DR V K BAJAJ & PARTNER,22953661,649.26 ,WIG000027481
Department of Health,NHS Wigan Borough CCG,7/31/2018,C&M-GMS Prem Clinical Waste,PRC DELEGATED CO-COMMISSIONING,DR V K BAJAJ & PARTNER,22953661,12.00 ,WIG000027481
Department of Health,NHS Wigan Borough CCG,7/31/2018,C&M-GMS Prem Notional Rent,PRC DELEGATED CO-COMMISSIONING,DR V K BAJAJ & PARTNER,22953661,"1,291.67 ",WIG000027481
Department of Health,NHS Wigan Borough CCG,7/31/2018,C&M-GMS Prem Water Rates,PRC DELEGATED CO-COMMISSIONING,DR V K BAJAJ & PARTNER,22953661,52.91 ,WIG000027481
Department of Health,NHS Wigan Borough CCG,7/31/2018,C&M-GMS QOF Aspiration,PRC DELEGATED CO-COMMISSIONING,DR V K BAJAJ & PARTNER,22953661,"2,382.40 ",WIG000027481
Department of Health,NHS Wigan Borough CCG,7/31/2018,C&M-PMS Contract Value,PRC DELEGATED CO-COMMISSIONING,INCE SURGERY,22953665,"27,891.43 ",WIG000027485
Department of Health,NHS Wigan Borough CCG,7/31/2018,C&M-PMS Funding Differential Review,PRC DELEGATED CO-COMMISSIONING,INCE SURGERY,22953665,209.61 ,WIG000027485
Department of Health,NHS Wigan Borough CCG,7/31/2018,C&M-PMS QOF Aspiration,PRC DELEGATED CO-COMMISSIONING,INCE SURGERY,22953665,"2,555.85 ",WIG000027485
Department of Health,NHS Wigan Borough CCG,7/31/2018,C&M-PMS Small Practice Allowance,PRC DELEGATED CO-COMMISSIONING,INCE SURGERY,22953665,"2,789.87 ",WIG000027485
Department of Health,NHS Wigan Borough CCG,7/31/2018,C&M-APMS Contract KPIs,PRC DELEGATED CO-COMMISSIONING,INTRA FAMILY PRACTICE,22953667,"8,439.89 ",WIG000027487
Department of Health,NHS Wigan Borough CCG,7/31/2018,C&M-APMS Contract Value,PRC DELEGATED CO-COMMISSIONING,INTRA FAMILY PRACTICE,22953667,"25,319.71 ",WIG000027487
Department of Health,NHS Wigan Borough CCG,7/31/2018,C&M-PMS QOF Aspiration,PRC DELEGATED CO-COMMISSIONING,INTRA FAMILY PRACTICE,22953667,"1,383.72 ",WIG000027487
Department of Health,NHS Wigan Borough CCG,7/31/2018,C&M-APMS Contract KPIs,PRC DELEGATED CO-COMMISSIONING,INTRAHEALTH LSV,22953669,"6,076.78 ",WIG000027489
Department of Health,NHS Wigan Borough CCG,7/31/2018,C&M-APMS Contract Value,PRC DELEGATED CO-COMMISSIONING,INTRAHEALTH LSV,22953669,"18,230.35 ",WIG000027489
Department of Health,NHS Wigan Borough CCG,7/31/2018,C&M-APMS QOF Aspiration,PRC DELEGATED CO-COMMISSIONING,INTRAHEALTH LSV,22953669,834.15 ,WIG000027489
Department of Health,NHS Wigan Borough CCG,7/31/2018,C&M-APMS Contract KPIs,PRC DELEGATED CO-COMMISSIONING,INTRAHEALTH MARSH GREEN,22953671,"9,266.02 ",WIG000027491
Department of Health,NHS Wigan Borough CCG,7/31/2018,C&M-APMS Contract Value,PRC DELEGATED CO-COMMISSIONING,INTRAHEALTH MARSH GREEN,22953671,"27,798.06 ",WIG000027491
Department of Health,NHS Wigan Borough CCG,7/31/2018,C&M-APMS QOF Aspiration,PRC DELEGATED CO-COMMISSIONING,INTRAHEALTH MARSH GREEN,22953671,"1,658.19 ",WIG000027491
Department of Health,NHS Wigan Borough CCG,7/31/2018,C&M-PMS DES Learn Dsblty Hlth Chk,PRC DELEGATED CO-COMMISSIONING,INTRAHEALTH MARSH GREEN,22953671,980.00 ,WIG000027491
Department of Health,NHS Wigan Borough CCG,7/31/2018,C&M-APMS Contract KPIs,PRC DELEGATED CO-COMMISSIONING,INTRAHEALTH PLATT BRIDGE,22953673,"14,308.41 ",WIG000027493
Department of Health,NHS Wigan Borough CCG,7/31/2018,C&M-APMS Contract Value,PRC DELEGATED CO-COMMISSIONING,INTRAHEALTH PLATT BRIDGE,22953673,"42,925.25 ",WIG000027493
Department of Health,NHS Wigan Borough CCG,7/31/2018,C&M-APMS QOF Aspiration,PRC DELEGATED CO-COMMISSIONING,INTRAHEALTH PLATT BRIDGE,22953673,"2,060.25 ",WIG000027493
Department of Health,NHS Wigan Borough CCG,7/31/2018,C&M-APMS Contract KPIs,PRC DELEGATED CO-COMMISSIONING,INTRAHEALTH TYLDESLEY,22953675,"16,079.73 ",WIG000027495
Department of Health,NHS Wigan Borough CCG,7/31/2018,C&M-APMS Contract Value,PRC DELEGATED CO-COMMISSIONING,INTRAHEALTH TYLDESLEY,22953675,"48,239.13 ",WIG000027495
Department of Health,NHS Wigan Borough CCG,7/31/2018,C&M-APMS QOF Aspiration,PRC DELEGATED CO-COMMISSIONING,INTRAHEALTH TYLDESLEY,22953675,"3,732.83 ",WIG000027495
Department of Health,NHS Wigan Borough CCG,7/31/2018,C&M-PMS Contract Value,PRC DELEGATED CO-COMMISSIONING,LOWER INCE SURGERY,22953677,"30,357.20 ",WIG000027497
Department of Health,NHS Wigan Borough CCG,7/31/2018,C&M-PMS Funding Differential Review,PRC DELEGATED CO-COMMISSIONING,LOWER INCE SURGERY,22953677,548.40 ,WIG000027497
Department of Health,NHS Wigan Borough CCG,7/31/2018,C&M-PMS QOF Aspiration,PRC DELEGATED CO-COMMISSIONING,LOWER INCE SURGERY,22953677,"2,485.51 ",WIG000027497
Department of Health,NHS Wigan Borough CCG,7/31/2018,C&M-PMS Small Practice Allowance,PRC DELEGATED CO-COMMISSIONING,LOWER INCE SURGERY,22953677,"2,789.87 ",WIG000027497
Department of Health,NHS Wigan Borough CCG,7/31/2018,C&M-APMS Contract KPIs,PRC DELEGATED CO-COMMISSIONING,LEIGH FAMILY PRACTICE,22953678,"31,479.03 ",WIG000027498
Department of Health,NHS Wigan Borough CCG,7/31/2018,C&M-APMS Contract Value,PRC DELEGATED CO-COMMISSIONING,LEIGH FAMILY PRACTICE,22953678,"94,437.04 ",WIG000027498
Department of Health,NHS Wigan Borough CCG,7/31/2018,C&M-APMS Prem Actual Rent,PRC DELEGATED CO-COMMISSIONING,LEIGH FAMILY PRACTICE,22953678,"8,926.70 ",WIG000027498
Department of Health,NHS Wigan Borough CCG,7/31/2018,C&M-APMS QOF Aspiration,PRC DELEGATED CO-COMMISSIONING,LEIGH FAMILY PRACTICE,22953678,"7,203.42 ",WIG000027498
Department of Health,NHS Wigan Borough CCG,7/31/2018,ME-PMS GP Pension EEs-PMS,PRC DELEGATED CO-COMMISSIONING,LEIGH FAMILY PRACTICE,22953678,665.98 ,WIG000027498
Department of Health,NHS Wigan Borough CCG,7/31/2018,ME-PMS GP Pension ERs Adjs - PMS,PRC DELEGATED CO-COMMISSIONING,LEIGH FAMILY PRACTICE,22953678,326.79 ,WIG000027498
Department of Health,NHS Wigan Borough CCG,7/31/2018,C&M-GMS Global Sum,PRC DELEGATED CO-COMMISSIONING,LILFORD PARK SURGERY,22953680,"28,785.85 ",WIG000027500
Department of Health,NHS Wigan Borough CCG,7/31/2018,C&M-GMS MPIG Correction Factor,PRC DELEGATED CO-COMMISSIONING,LILFORD PARK SURGERY,22953680,619.75 ,WIG000027500
Department of Health,NHS Wigan Borough CCG,7/31/2018,C&M-GMS QOF Aspiration,PRC DELEGATED CO-COMMISSIONING,LILFORD PARK SURGERY,22953680,"3,152.99 ",WIG000027500
Department of Health,NHS Wigan Borough CCG,7/31/2018,C&M-GMS Global Sum,PRC DELEGATED CO-COMMISSIONING,MARUS BRIDGE PRACTICE,22953682,"38,743.64 ",WIG000027502
Department of Health,NHS Wigan Borough CCG,7/31/2018,C&M-GMS MPIG Correction Factor,PRC DELEGATED CO-COMMISSIONING,MARUS BRIDGE PRACTICE,22953682,776.25 ,WIG000027502
Department of Health,NHS Wigan Borough CCG,7/31/2018,C&M-GMS QOF Aspiration,PRC DELEGATED CO-COMMISSIONING,MARUS BRIDGE PRACTICE,22953682,"5,073.48 ",WIG000027502
Department of Health,NHS Wigan Borough CCG,7/31/2018,C&M-PMS Contract Value,PRC DELEGATED CO-COMMISSIONING,PREMIER HEALTH TEAM,22953684,"22,259.28 ",WIG000027504
Department of Health,NHS Wigan Borough CCG,7/31/2018,C&M-PMS Funding Differential Review,PRC DELEGATED CO-COMMISSIONING,PREMIER HEALTH TEAM,22953684,513.66 ,WIG000027504
Department of Health,NHS Wigan Borough CCG,7/31/2018,C&M-PMS PCO Seniority,PRC DELEGATED CO-COMMISSIONING,PREMIER HEALTH TEAM,22953684,215.75 ,WIG000027504
Department of Health,NHS Wigan Borough CCG,7/31/2018,C&M-PMS QOF Aspiration,PRC DELEGATED CO-COMMISSIONING,PREMIER HEALTH TEAM,22953684,"2,207.10 ",WIG000027504
Department of Health,NHS Wigan Borough CCG,7/31/2018,C&M-PMS Small Practice Allowance,PRC DELEGATED CO-COMMISSIONING,PREMIER HEALTH TEAM,22953684,"2,196.00 ",WIG000027504
Department of Health,NHS Wigan Borough CCG,7/31/2018,C&M-GMS DES Minor Surgery,PRC DELEGATED CO-COMMISSIONING,PEMBERTON SURGERY,22953686,502.26 ,WIG000027506
Department of Health,NHS Wigan Borough CCG,7/31/2018,C&M-GMS Global Sum,PRC DELEGATED CO-COMMISSIONING,PEMBERTON SURGERY,22953686,"78,394.07 ",WIG000027506
Department of Health,NHS Wigan Borough CCG,7/31/2018,C&M-GMS QOF Aspiration,PRC DELEGATED CO-COMMISSIONING,PEMBERTON SURGERY,22953686,"9,177.03 ",WIG000027506
Department of Health,NHS Wigan Borough CCG,7/31/2018,C&M-GMS Global Sum,PRC DELEGATED CO-COMMISSIONING,SHAKESPEARE SURGERY LTD,22953688,"22,912.89 ",WIG000027508
Department of Health,NHS Wigan Borough CCG,7/31/2018,C&M-GMS MPIG Correction Factor,PRC DELEGATED CO-COMMISSIONING,SHAKESPEARE SURGERY LTD,22953688,750.50 ,WIG000027508
Department of Health,NHS Wigan Borough CCG,7/31/2018,C&M-GMS QOF Aspiration,PRC DELEGATED CO-COMMISSIONING,SHAKESPEARE SURGERY LTD,22953688,"2,439.43 ",WIG000027508
Department of Health,NHS Wigan Borough CCG,7/31/2018,C&M-GMS Global Sum,PRC DELEGATED CO-COMMISSIONING,STANDISH MEDICAL PRACTICE,22953690,"86,535.61 ",WIG000027510
Department of Health,NHS Wigan Borough CCG,7/31/2018,C&M-GMS PCO Locum Adop/Pat/Mat,PRC DELEGATED CO-COMMISSIONING,STANDISH MEDICAL PRACTICE,22953690,"6,393.36 ",WIG000027510
Department of Health,NHS Wigan Borough CCG,7/31/2018,C&M-GMS Prem Actual Rent,PRC DELEGATED CO-COMMISSIONING,STANDISH MEDICAL PRACTICE,22953690,"14,818.50 ",WIG000027510
Department of Health,NHS Wigan Borough CCG,7/31/2018,C&M-GMS QOF Aspiration,PRC DELEGATED CO-COMMISSIONING,STANDISH MEDICAL PRACTICE,22953690,"9,483.93 ",WIG000027510
Department of Health,NHS Wigan Borough CCG,7/31/2018,C&M-GMS Global Sum,PRC DELEGATED CO-COMMISSIONING,ASPULL SURGERY,22953692,"41,801.65 ",WIG000027512
Department of Health,NHS Wigan Borough CCG,7/31/2018,C&M-GMS Prem Notional Rent,PRC DELEGATED CO-COMMISSIONING,ASPULL SURGERY,22953692,"2,016.67 ",WIG000027512
Department of Health,NHS Wigan Borough CCG,7/31/2018,C&M-GMS QOF Aspiration,PRC DELEGATED CO-COMMISSIONING,ASPULL SURGERY,22953692,"5,753.14 ",WIG000027512
Department of Health,NHS Wigan Borough CCG,7/31/2018,C&M-GMS Global Sum,PRC DELEGATED CO-COMMISSIONING,DICCONSON GROUP PRACTICE,22953693,"67,360.22 ",WIG000027514
Department of Health,NHS Wigan Borough CCG,7/31/2018,C&M-GMS QOF Aspiration,PRC DELEGATED CO-COMMISSIONING,DICCONSON GROUP PRACTICE,22953693,"7,737.43 ",WIG000027514
Department of Health,NHS Wigan Borough CCG,7/31/2018,ME - GMS GP Prior Year ERs,PRC DELEGATED CO-COMMISSIONING,DICCONSON GROUP PRACTICE,22953693,"1,898.97 ",WIG000027514
Department of Health,NHS Wigan Borough CCG,7/31/2018,ME-GMS GP Pension EEs Adjustments,PRC DELEGATED CO-COMMISSIONING,DICCONSON GROUP PRACTICE,22953693,365.93 ,WIG000027514
Department of Health,NHS Wigan Borough CCG,7/31/2018,ME-GMS GP Pension ERs Adjustments,PRC DELEGATED CO-COMMISSIONING,DICCONSON GROUP PRACTICE,22953693,218.18 ,WIG000027514
Department of Health,NHS Wigan Borough CCG,7/31/2018,ME-GMS GP Prior Year AVCs,PRC DELEGATED CO-COMMISSIONING,DICCONSON GROUP PRACTICE,22953693,483.04 ,WIG000027514
Department of Health,NHS Wigan Borough CCG,7/31/2018,ME-GMS GP Prior Year EEs,PRC DELEGATED CO-COMMISSIONING,DICCONSON GROUP PRACTICE,22953693,"1,918.48 ",WIG000027514
Department of Health,NHS Wigan Borough CCG,7/31/2018,C&M-GMS Global Sum,PRC DELEGATED CO-COMMISSIONING,DR B S RUSSELL & PARTNER,22953695,"31,185.22 ",WIG000027516
Department of Health,NHS Wigan Borough CCG,7/31/2018,C&M-GMS MPIG Correction Factor,PRC DELEGATED CO-COMMISSIONING,DR B S RUSSELL & PARTNER,22953695,65.15 ,WIG000027516
Department of Health,NHS Wigan Borough CCG,7/31/2018,C&M-GMS Other Small Practice All,PRC DELEGATED CO-COMMISSIONING,DR B S RUSSELL & PARTNER,22953695,"2,950.00 ",WIG000027516
Department of Health,NHS Wigan Borough CCG,7/31/2018,C&M-GMS QOF Aspiration,PRC DELEGATED CO-COMMISSIONING,DR B S RUSSELL & PARTNER,22953695,"3,123.10 ",WIG000027516
Department of Health,NHS Wigan Borough CCG,7/31/2018,C&M-GMS Global Sum,PRC DELEGATED CO-COMMISSIONING,P92042 DR CHAN & PARTNERS,22953697,"34,766.78 ",WIG000027518
Department of Health,NHS Wigan Borough CCG,7/31/2018,C&M-GMS Prem Cost Rent,PRC DELEGATED CO-COMMISSIONING,P92042 DR CHAN & PARTNERS,22953697,997.33 ,WIG000027518
Department of Health,NHS Wigan Borough CCG,7/31/2018,C&M-GMS QOF Aspiration,PRC DELEGATED CO-COMMISSIONING,P92042 DR CHAN & PARTNERS,22953697,"4,185.92 ",WIG000027518
Department of Health,NHS Wigan Borough CCG,7/31/2018,C&M-GMS Global Sum,PRC DELEGATED CO-COMMISSIONING,P92647 DR A OLLERTON,22953701,"26,167.97 ",WIG000027524
Department of Health,NHS Wigan Borough CCG,7/31/2018,C&M-GMS Other FDR Payment,PRC DELEGATED CO-COMMISSIONING,P92647 DR A OLLERTON,22953701,286.92 ,WIG000027524
Department of Health,NHS Wigan Borough CCG,7/31/2018,C&M-GMS QOF Aspiration,PRC DELEGATED CO-COMMISSIONING,P92647 DR A OLLERTON,22953701,"2,688.04 ",WIG000027524
Department of Health,NHS Wigan Borough CCG,7/31/2018,C&M-GMS Global Sum,PRC DELEGATED CO-COMMISSIONING,P92004 DR TUN & PARTNERS,22953841,"65,093.40 ",WIG000027520
Department of Health,NHS Wigan Borough CCG,7/31/2018,C&M-GMS Other Small Practice All,PRC DELEGATED CO-COMMISSIONING,P92004 DR TUN & PARTNERS,22953841,"5,075.00 ",WIG000027520
Department of Health,NHS Wigan Borough CCG,7/31/2018,C&M-GMS Prem Notional Rent,PRC DELEGATED CO-COMMISSIONING,P92004 DR TUN & PARTNERS,22953841,"2,411.92 ",WIG000027520
Department of Health,NHS Wigan Borough CCG,7/31/2018,C&M-GMS QOF Aspiration,PRC DELEGATED CO-COMMISSIONING,P92004 DR TUN & PARTNERS,22953841,"5,478.70 ",WIG000027520
Department of Health,NHS Wigan Borough CCG,7/31/2018,C&M-PMS Contract Value,PRC DELEGATED CO-COMMISSIONING,DR D G BRODIE & PARTNERS,22976066,"136,872.51 ",WIG000027433
Department of Health,NHS Wigan Borough CCG,7/31/2018,C&M-PMS DES Minor Surgery,PRC DELEGATED CO-COMMISSIONING,DR D G BRODIE & PARTNERS,22976066,"3,150.36 ",WIG000027433
Department of Health,NHS Wigan Borough CCG,7/31/2018,C&M-PMS Funding Differential Review,PRC DELEGATED CO-COMMISSIONING,DR D G BRODIE & PARTNERS,22976066,246.44 ,WIG000027433
Department of Health,NHS Wigan Borough CCG,7/31/2018,C&M-PMS PCO Locum Adop/Pat/Mat,PRC DELEGATED CO-COMMISSIONING,DR D G BRODIE & PARTNERS,22976066,"6,336.76 ",WIG000027433
Department of Health,NHS Wigan Borough CCG,7/31/2018,C&M-PMS QOF Aspiration,PRC DELEGATED CO-COMMISSIONING,DR D G BRODIE & PARTNERS,22976066,"15,706.34 ",WIG000027433
Department of Health,NHS Wigan Borough CCG,7/31/2018,C&M-GMS DES Minor Surgery,PRC DELEGATED CO-COMMISSIONING,DR M K PATEL & PARTNERS,22976067,(91.31),WIG000027444
Department of Health,NHS Wigan Borough CCG,7/31/2018,C&M-GMS GP Statutory Levy,PRC DELEGATED CO-COMMISSIONING,DR M K PATEL & PARTNERS,22976067,(227.00),WIG000027444
Department of Health,NHS Wigan Borough CCG,7/31/2018,C&M-GMS Voluntary Levy,PRC DELEGATED CO-COMMISSIONING,DR M K PATEL & PARTNERS,22976067,(38.92),WIG000027444
Department of Health,NHS Wigan Borough CCG,7/31/2018,ME - GMS GP Prior Year ERs,PRC DELEGATED CO-COMMISSIONING,DR M K PATEL & PARTNERS,22976067,"(17,273.40)",WIG000027444
Department of Health,NHS Wigan Borough CCG,7/31/2018,ME-GMS GP Pension EEs,PRC DELEGATED CO-COMMISSIONING,DR M K PATEL & PARTNERS,22976067,"(3,956.67)",WIG000027444
Department of Health,NHS Wigan Borough CCG,7/31/2018,ME-GMS GP Pension ERs Adjustments,PRC DELEGATED CO-COMMISSIONING,DR M K PATEL & PARTNERS,22976067,"(4,074.34)",WIG000027444
Department of Health,NHS Wigan Borough CCG,7/31/2018,ME-GMS GP Prior Year EEs,PRC DELEGATED CO-COMMISSIONING,DR M K PATEL & PARTNERS,22976067,"(18,378.53)",WIG000027444
Department of Health,NHS Wigan Borough CCG,7/31/2018,C&M-GMS Global Sum,PRC DELEGATED CO-COMMISSIONING,DR M K PATEL & PARTNERS,22976068,"59,498.19 ",WIG000027445
Department of Health,NHS Wigan Borough CCG,7/31/2018,C&M-GMS Prem Clinical Waste,PRC DELEGATED CO-COMMISSIONING,DR M K PATEL & PARTNERS,22976068,24.00 ,WIG000027445
Department of Health,NHS Wigan Borough CCG,7/31/2018,C&M-GMS QOF Aspiration,PRC DELEGATED CO-COMMISSIONING,DR M K PATEL & PARTNERS,22976068,"6,211.55 ",WIG000027445
Department of Health,NHS Wigan Borough CCG,7/31/2018,ME - GMS GP Prior Year ERs,PRC DELEGATED CO-COMMISSIONING,DR M K PATEL & PARTNERS,22976068,"2,303.12 ",WIG000027445
Department of Health,NHS Wigan Borough CCG,7/31/2018,C&M-GMS Global Sum,PRC DELEGATED CO-COMMISSIONING,DR T M SPIELMANN & PARTNERS,22976071,"49,675.91 ",WIG000027479
Department of Health,NHS Wigan Borough CCG,7/31/2018,C&M-GMS MPIG Correction Factor,PRC DELEGATED CO-COMMISSIONING,DR T M SPIELMANN & PARTNERS,22976071,505.74 ,WIG000027479
Department of Health,NHS Wigan Borough CCG,7/31/2018,C&M-GMS Prem Other,PRC DELEGATED CO-COMMISSIONING,DR T M SPIELMANN & PARTNERS,22976071,446.87 ,WIG000027479
Department of Health,NHS Wigan Borough CCG,7/31/2018,C&M-GMS QOF Aspiration,PRC DELEGATED CO-COMMISSIONING,DR T M SPIELMANN & PARTNERS,22976071,"5,637.48 ",WIG000027479
Department of Health,NHS Wigan Borough CCG,7/31/2018,ME - GMS GP Prior Year ERs,PRC DELEGATED CO-COMMISSIONING,DR T M SPIELMANN & PARTNERS,22976071,"1,022.09 ",WIG000027479
Department of Health,NHS Wigan Borough CCG,7/31/2018,ME-GMS GP Pension EEs Adjustments,PRC DELEGATED CO-COMMISSIONING,DR T M SPIELMANN & PARTNERS,22976071,"1,919.10 ",WIG000027479
Department of Health,NHS Wigan Borough CCG,7/31/2018,ME-GMS GP Pension ERs Adjustments,PRC DELEGATED CO-COMMISSIONING,DR T M SPIELMANN & PARTNERS,22976071,"2,044.18 ",WIG000027479
Department of Health,NHS Wigan Borough CCG,7/31/2018,ME-GMS GP Prior Year EEs,PRC DELEGATED CO-COMMISSIONING,DR T M SPIELMANN & PARTNERS,22976071,959.55 ,WIG000027479
Department of Health,NHS Wigan Borough CCG,7/31/2018,C&M-GMS DES Minor Surgery,PRC DELEGATED CO-COMMISSIONING,DICCONSON GROUP PRACTICE,22976072,"(3,195.93)",WIG000027513
Department of Health,NHS Wigan Borough CCG,7/31/2018,C&M-GMS GP Statutory Levy,PRC DELEGATED CO-COMMISSIONING,DICCONSON GROUP PRACTICE,22976072,(252.88),WIG000027513
Department of Health,NHS Wigan Borough CCG,7/31/2018,C&M-GMS Voluntary Levy,PRC DELEGATED CO-COMMISSIONING,DICCONSON GROUP PRACTICE,22976072,(43.35),WIG000027513
Department of Health,NHS Wigan Borough CCG,7/31/2018,ME - GMS GP Prior Year ERs,PRC DELEGATED CO-COMMISSIONING,DICCONSON GROUP PRACTICE,22976072,"(8,897.63)",WIG000027513
Department of Health,NHS Wigan Borough CCG,7/31/2018,ME - GMS TPS Added Years Adj EEs,PRC DELEGATED CO-COMMISSIONING,DICCONSON GROUP PRACTICE,22976072,(562.50),WIG000027513
Department of Health,NHS Wigan Borough CCG,7/31/2018,ME-GMS GP Pension AVCs,PRC DELEGATED CO-COMMISSIONING,DICCONSON GROUP PRACTICE,22976072,(246.04),WIG000027513
Department of Health,NHS Wigan Borough CCG,7/31/2018,ME-GMS GP Pension EEs,PRC DELEGATED CO-COMMISSIONING,DICCONSON GROUP PRACTICE,22976072,"(6,268.75)",WIG000027513
Department of Health,NHS Wigan Borough CCG,7/31/2018,ME-GMS GP Pension EEs Adjustments,PRC DELEGATED CO-COMMISSIONING,DICCONSON GROUP PRACTICE,22976072,"(4,293.91)",WIG000027513
Department of Health,NHS Wigan Borough CCG,7/31/2018,ME-GMS GP Pension ERs Adjustments,PRC DELEGATED CO-COMMISSIONING,DICCONSON GROUP PRACTICE,22976072,"(11,573.58)",WIG000027513
Department of Health,NHS Wigan Borough CCG,7/31/2018,ME-GMS GP Prior Year EEs,PRC DELEGATED CO-COMMISSIONING,DICCONSON GROUP PRACTICE,22976072,"(8,639.13)",WIG000027513
Department of Health,NHS Wigan Borough CCG,7/31/2018,Clinical&Medical-Independent Sector,CLINICAL ASSESSMENT AND TREATMENT CENTRES,ALLIANCE MEDICAL LTD,22986659,"38,204.77 ",AML097436
Department of Health,NHS Wigan Borough CCG,7/31/2018,Hcare Srv Rec Fdtn Trust-Prior Year,ACUTE COMMISSIONING,WALTON CENTRE NHS FOUNDATION TRUST,22986665,"(72,577.45)",C0003101
Department of Health,NHS Wigan Borough CCG,7/31/2018,Hcare Srv Rec NHS Trust-Contract Baseline,ACUTE COMMISSIONING,ROYAL LIVERPOOL AND BROADGREEN UNIVERSITY HOSPITALS NHS TRUST,22986694,"94,648.00 ",8610083694
Department of Health,NHS Wigan Borough CCG,7/31/2018,Hcare Srv Rec Fdtn Trust-Contract Baseline,ACUTE COMMISSIONING,WALTON CENTRE NHS FOUNDATION TRUST,22986777,"62,744.70 ",N0019823
Department of Health,NHS Wigan Borough CCG,7/31/2018,Hcare Srv Rec Fdtn Trust-Contract Baseline,ACUTE COMMISSIONING,LANCASHIRE TEACHING HOSPITALS NHS FOUNDATION TRUST,22986784,"191,850.00 ",15315265
Department of Health,NHS Wigan Borough CCG,7/31/2018,Clinical&Medical-Independent Sector - Over/ Under Performance,ACUTE COMMISSIONING,EUXTON HALL HOSPITAL,22986799,"42,858.34 ",120KMAPR18WIG
Department of Health,NHS Wigan Borough CCG,7/31/2018,Clinical&Medical-Independent Sector - Over/ Under Performance,ACUTE COMMISSIONING,EUXTON HALL HOSPITAL,22986959,"(42,858.34)",121KMAPR18WIG
Department of Health,NHS Wigan Borough CCG,7/31/2018,Hcare Srv Rec Fdtn Trust-Contract Baseline,ACUTE COMMISSIONING,CHRISTIE HOSPITAL NHS FOUNDATION TRUST,22990972,"155,963.08 ",30385
Department of Health,NHS Wigan Borough CCG,7/31/2018,Clinical&Medical-Independent Sector - Contract Baseline,ACUTE COMMISSIONING,SPAMEDICA LTD,22991109,"81,739.74 ",NHSWB078
Department of Health,NHS Wigan Borough CCG,7/31/2018,Clinical&Medical-Independent Sector - Contract Baseline,ACUTE COMMISSIONING,BMI HEALTHCARE COLLECTIONS,22991144,"148,685.09 ",0000093171
Department of Health,NHS Wigan Borough CCG,7/31/2018,Hcare Srv Rec NHS Trust-Contract Baseline,AMBULANCE SERVICES,NORTH WEST AMBULANCE SERVICE NHS TRUST,22991254,"739,764.00 ",4110039008
Department of Health,NHS Wigan Borough CCG,7/31/2018,Hcare Srv Rec NHS Trust-Contract Baseline,AMBULANCE SERVICES,NORTH WEST AMBULANCE SERVICE NHS TRUST,22991258,"142,005.00 ",4110039066
Department of Health,NHS Wigan Borough CCG,7/31/2018,Hcare Srv Rec NHS Trust-Contract Baseline,NHS 111,NORTH WEST AMBULANCE SERVICE NHS TRUST,22991261,"75,310.00 ",4110038943
Department of Health,NHS Wigan Borough CCG,7/31/2018,Hcare Srv Rec NHS Trust-Contract Baseline,ACUTE COMMISSIONING,SOUTHPORT AND ORMSKIRK HOSPITAL NHS TRUST,22991281,"38,601.00 ",7527161
Department of Health,NHS Wigan Borough CCG,7/31/2018,Clinical&Medical-Voluntary Sector,MENTAL HEALTH CONTRACTS,ALTERNATIVE FUTURES GROUP,22991297,"101,852.09 ",AFSI060045
Department of Health,NHS Wigan Borough CCG,7/31/2018,Soc Care-Other Soc Care,COMMISSIONING - NON ACUTE,WIGAN COUNCIL,22991374,"1,564,386.58 ",71252036303
Department of Health,NHS Wigan Borough CCG,7/31/2018,Hcare Srv Rec NHS Trust-Over/ Under Performance,ACUTE COMMISSIONING,ROYAL LIVERPOOL AND BROADGREEN UNIVERSITY HOSPITALS NHS TRUST,22991406,"29,383.00 ",8610084530
Department of Health,NHS Wigan Borough CCG,7/31/2018,Cont Care- Palliative Care,CHC ADULT FULLY FUNDED,HAIGHFIELD NURSING HOME,22991421,"18,864.29 ",223HF
Department of Health,NHS Wigan Borough CCG,7/31/2018,Cont Care-Physical Disab (65+),CHC ADULT FULLY FUNDED,HAIGHFIELD NURSING HOME,22991421,"35,246.42 ",223HF
Department of Health,NHS Wigan Borough CCG,7/31/2018,Clinical&Medical-Independent Sector - Contract Baseline,ACUTE COMMISSIONING,EUXTON HALL HOSPITAL,23008870,"106,425.05 ",126KMWIGJUL18
Department of Health,NHS Wigan Borough CCG,7/31/2018,Clinical&Medical-Independent Sector - Contract Baseline,ACUTE COMMISSIONING,GUY PILKINGTON MEMORIAL HOME LTD,23008875,"228,827.00 ",102599
Department of Health,NHS Wigan Borough CCG,7/31/2018,Hcare Srv Rec Fdtn Trust-Contract Baseline,ACUTE COMMISSIONING,ALDER HEY CHILDRENS NHS FOUNDATION TRUST,23008881,"37,320.50 ",9110026569
Department of Health,NHS Wigan Borough CCG,7/31/2018,Hcare Srv Rec NHS Trust-Contract Baseline,ACUTE COMMISSIONING,ST HELENS AND KNOWSLEY HOSPITALS NHS TRUST,23008893,"353,331.00 ",16776023
Department of Health,NHS Wigan Borough CCG,7/31/2018,Clinical&Medical-Independent Sector - Contract Baseline,ACUTE COMMISSIONING,OAKLANDS HOSPITAL,23008899,"60,111.96 ",L0850718
Department of Health,NHS Wigan Borough CCG,7/31/2018,Cont Care-Funded Nursing Care Allow,FUNDED NURSING CARE,WIGAN COUNCIL,23008923,"228,870.39 ",71252001002
Department of Health,NHS Wigan Borough CCG,7/31/2018,Hcare Srv Rec Fdtn Trust-Contract Baseline,ACUTE COMMISSIONING,SALFORD ROYAL HOSPITALS NHS FOUNDATION TRUST,23008944,"1,358,430.00 ",S0017396
Department of Health,NHS Wigan Borough CCG,7/31/2018,Hcare Srv Rec Fdtn Trust-Contract Baseline,ACUTE COMMISSIONING,ROYAL BOLTON HOSPITAL NHS FOUNDATION TRUST,23008963,"36,935.56 ",0001049489
Department of Health,NHS Wigan Borough CCG,7/31/2018,Hcare Srv Rec Fdtn Trust-Contract Baseline,ACUTE COMMISSIONING,ROYAL BOLTON HOSPITAL NHS FOUNDATION TRUST,23008966,"1,452,279.44 ",0001049488
Department of Health,NHS Wigan Borough CCG,7/31/2018,Hcare Srv Rec Fdtn Trust-Contract Baseline,COMMUNITY SERVICES,ROYAL BOLTON HOSPITAL NHS FOUNDATION TRUST,23008966,"8,069.00 ",0001049488
Department of Health,NHS Wigan Borough CCG,7/31/2018,Prescribing,PRESCRIBING,OPTUM HEALTH SOLUTIONS (UK) LTD,23013402,"105,842.05 ",0001087737
Department of Health,NHS Wigan Borough CCG,7/31/2018,Hcare Srv Rec Fdtn Trust-Non Contract,COMMUNITY SERVICES,BRIDGEWATER COMMUNITY HEALTHCARE NHS FOUNDATION TRUST,23027976,"34,630.00 ",26308834
Department of Health,NHS Wigan Borough CCG,7/31/2018,Hcare Srv Rec Fdtn Trust-Contract Baseline,LEARNING DIFFICULTIES,MERSEY CARE NHS FOUNDATION TRUST,23027982,"44,615.06 ",I0037927
Department of Health,NHS Wigan Borough CCG,7/31/2018,Hcare Srv Rec Fdtn Trust-CQUIN,MENTAL HEALTH CONTRACTS,NORTH WEST BOROUGHS HEALTHCARE NHS FOUNDATION TRUST,23028006,"52,701.00 ",16041286
Department of Health,NHS Wigan Borough CCG,7/31/2018,Hcare Srv Rec Fdtn Trust-Contract Baseline,MENTAL HEALTH CONTRACTS,NORTH WEST BOROUGHS HEALTHCARE NHS FOUNDATION TRUST,23028006,"2,188,851.00 ",16041286
Department of Health,NHS Wigan Borough CCG,7/31/2018,Clinical&Medical-Independent Sector,CLINICAL ASSESSMENT AND TREATMENT CENTRES,ALLIANCE MEDICAL LTD,23028039,"29,304.89 ",AML100212
Department of Health,NHS Wigan Borough CCG,7/31/2018,Charges from CCG,PRIMARY CARE IT,NHS OLDHAM CCG,23028091,"124,036.00 ",7011704240
Department of Health,NHS Wigan Borough CCG,7/31/2018,Clinical&Medical-Voluntary Sector,HOSPICES,WIGAN & LEIGH HOSPICE,23028237,"40,000.00 ",AB1088
Department of Health,NHS Wigan Borough CCG,7/31/2018,Computer Hardware Purch,PRIMARY CARE IT,NHS OLDHAM CCG,23028320,"29,100.00 ",7011704343
Department of Health,NHS Wigan Borough CCG,7/31/2018,Hcare Srv Rec Fdtn Trust-CQUIN,MENTAL HEALTH CONTRACTS,GREATER MANCHESTER WEST MENTAL HEALTH NHS FOUNDATION TRUST,23028331,513.28 ,0000028714
Department of Health,NHS Wigan Borough CCG,7/31/2018,Hcare Srv Rec Fdtn Trust-Contract Baseline,MENTAL HEALTH CONTRACTS,GREATER MANCHESTER WEST MENTAL HEALTH NHS FOUNDATION TRUST,23028331,"62,513.55 ",0000028714
Department of Health,NHS Wigan Borough CCG,7/31/2018,Hcare Srv Rec Fdtn Trust-Contract Variation,MENTAL HEALTH CONTRACTS,GREATER MANCHESTER WEST MENTAL HEALTH NHS FOUNDATION TRUST,23028331,"6,064.92 ",0000028714
Department of Health,NHS Wigan Borough CCG,7/31/2018,Cont Care- Palliative Care,CHC ADULT FULLY FUNDED,APPLEBY COURT NURSING HOME,23038618,"17,846.90 ",AC1806
Department of Health,NHS Wigan Borough CCG,7/31/2018,Cont Care-Physical Disab (65+),CHC ADULT FULLY FUNDED,APPLEBY COURT NURSING HOME,23038618,"28,227.25 ",AC1806
Department of Health,NHS Wigan Borough CCG,7/31/2018,Recharge : Received,CHC ADULT FULLY FUNDED,WIGAN COUNCIL,23075393,"98,356.54 ",71251357603
Department of Health,NHS Wigan Borough CCG,7/31/2018,Hcare Srv Rec Fdtn Trust-Non Contract,COMMUNITY SERVICES,BRIDGEWATER COMMUNITY HEALTHCARE NHS FOUNDATION TRUST,23075397,"34,630.00 ",26308511
Department of Health,NHS Wigan Borough CCG,7/31/2018,Clinical&Medical-Commercial Sector,MENTAL HEALTH CONTRACTS,HC ONE LTD,23075403,"7,840.80 ",IROS16062018TS
Department of Health,NHS Wigan Borough CCG,7/31/2018,Clinical&Medical-Commercial Sector,Mental Health Services - S117 Mental Health,HC ONE LTD,23075403,"3,921.90 ",IROS16062018TS
Department of Health,NHS Wigan Borough CCG,7/31/2018,Cont Care-Mental Health (65+),CHC ADULT FULLY FUNDED,HC ONE LTD,23075403,"19,053.01 ",IROS16062018TS
Department of Health,NHS Wigan Borough CCG,7/31/2018,Cont Care-Physical Disab (65+),CHC ADULT FULLY FUNDED,HC ONE LTD,23075403,"2,721.43 ",IROS16062018TS
Department of Health,NHS Wigan Borough CCG,7/31/2018,Cont Care-Physical Disab (<65),CHC ADULT FULLY FUNDED,HC ONE LTD,23075403,"2,721.43 ",IROS16062018TS
Department of Health,NHS Wigan Borough CCG,7/31/2018,Recharge : Received,CHC ADULT FULLY FUNDED,WIGAN COUNCIL,23075411,"229,055.69 ",71251879806
Department of Health,NHS Wigan Borough CCG,7/31/2018,Hcare Srv Rec Fdtn Trust-Contract Variation,COMMUNITY SERVICES,BRIDGEWATER COMMUNITY HEALTHCARE NHS FOUNDATION TRUST,23075431,"(31,244.00)",26308587
Department of Health,NHS Wigan Borough CCG,7/31/2018,Clinical&Medical-Commercial Sector,COMMUNITY SERVICES,BOC LTD,23075508,"29,166.67 ",3048017427
Department of Health,NHS Wigan Borough CCG,7/31/2018,Hcare Srv Rec Fdtn Trust-Contract Baseline,LEARNING DIFFICULTIES,MERSEY CARE NHS FOUNDATION TRUST,23093355,"44,615.06 ",I0037930
Department of Health,NHS Wigan Borough CCG,7/31/2018,Cont Care- Palliative Care,CHC ADULT FULLY FUNDED,HC ONE LTD,23141075,"2,812.14 ",IASV16072018
Department of Health,NHS Wigan Borough CCG,7/31/2018,Cont Care-Mental Health (65+),CHC ADULT FULLY FUNDED,HC ONE LTD,23141075,"11,248.56 ",IASV16072018
Department of Health,NHS Wigan Borough CCG,7/31/2018,Cont Care-Mental Health (<65),CHC ADULT FULLY FUNDED,HC ONE LTD,23141075,"2,812.14 ",IASV16072018
Department of Health,NHS Wigan Borough CCG,7/31/2018,Cont Care-Physical Disab (65+),CHC ADULT FULLY FUNDED,HC ONE LTD,23141075,"11,248.56 ",IASV16072018
Department of Health,NHS Wigan Borough CCG,7/31/2018,Cont Care- Palliative Care,CHC ADULT FULLY FUNDED,LAKESIDE CARE HOME,23141078,"6,081.42 ",JUL18
Department of Health,NHS Wigan Borough CCG,7/31/2018,Cont Care-Physical Disab (65+),CHC ADULT FULLY FUNDED,LAKESIDE CARE HOME,23141078,"26,352.87 ",JUL18
Department of Health,NHS Wigan Borough CCG,7/31/2018,Hcare Srv Rec Fdtn Trust-Contract Baseline,ACUTE COMMISSIONING,AINTREE UNIVERSITY HOSPITALS NHS FOUNDATION TRUST,23152861,"55,160.58 ",8410039544
Department of Health,NHS Wigan Borough CCG,7/31/2018,Cont Care-Mental Health (65+),CHC ADULT FULLY FUNDED,HC ONE LTD,23152862,"23,404.98 ",IROS16072018
Department of Health,NHS Wigan Borough CCG,7/31/2018,Cont Care-Physical Disab (65+),CHC ADULT FULLY FUNDED,HC ONE LTD,23152862,"2,812.14 ",IROS16072018
Department of Health,NHS Wigan Borough CCG,7/31/2018,Cont Care-Physical Disab (<65),CHC ADULT FULLY FUNDED,HC ONE LTD,23152862,"2,812.14 ",IROS16072018
Department of Health,NHS Wigan Borough CCG,7/31/2018,Cont Care- Palliative Care,CHC ADULT FULLY FUNDED,HC ONE LTD,23152865,"16,691.41 ",ICAR16072018
Department of Health,NHS Wigan Borough CCG,7/31/2018,Cont Care-Learning Disab(65+),Adult Joint Funded Continuing Care,HC ONE LTD,23152865,"2,812.14 ",ICAR16072018
Department of Health,NHS Wigan Borough CCG,7/31/2018,Cont Care-Physical Disab (65+),CHC ADULT FULLY FUNDED,HC ONE LTD,23152865,"38,971.39 ",ICAR16072018
Department of Health,NHS Wigan Borough CCG,7/31/2018,Cont Care-Physical Disab (<65),CHC ADULT FULLY FUNDED,HC ONE LTD,23152865,"24,113.55 ",ICAR16072018
Department of Health,NHS Wigan Borough CCG,7/31/2018,Hcare Srv Rec Fdtn Trust-Contract Baseline,ACUTE COMMISSIONING,WARRINGTON & HALTON HOSPITALS NHS FOUNDATION TRUST,23152867,"271,335.00 ",15369256
Department of Health,NHS Wigan Borough CCG,7/31/2018,Hcare Srv Rec Fdtn Trust-Contract Baseline,ACUTE COMMISSIONING,MANCHESTER UNIVERSITY NHS FOUNDATION TRUST,23152883,"697,945.50 ",0000406223
Department of Health,NHS Wigan Borough CCG,7/31/2018,Cont Care-Physical Disab (65+),CHC ADULT FULLY FUNDED,HC ONE LTD,23171768,"25,791.42 ",ICAR015501TS
Department of Health,NHS Wigan Borough CCG,7/31/2018,Cont Care- Palliative Care,CHC ADULT FULLY FUNDED,HC ONE LTD,23171790,"17,900.28 ",IWES16072018
Department of Health,NHS Wigan Borough CCG,7/31/2018,Cont Care-Mental Health (65+),CHC ADULT FULLY FUNDED,HC ONE LTD,23171790,"25,309.26 ",IWES16072018
Department of Health,NHS Wigan Borough CCG,7/31/2018,Cont Care-Physical Disab (65+),CHC ADULT FULLY FUNDED,HC ONE LTD,23171790,"19,212.84 ",IWES16072018
Department of Health,NHS Wigan Borough CCG,7/31/2018,Cont Care- Palliative Care,CHC ADULT FULLY FUNDED,HC ONE LTD,23171798,"8,254.99 ",IRIC16072018
Department of Health,NHS Wigan Borough CCG,7/31/2018,Cont Care-Physical Disab (65+),CHC ADULT FULLY FUNDED,HC ONE LTD,23171798,"37,918.54 ",IRIC16072018
Department of Health,NHS Wigan Borough CCG,7/31/2018,Cont Care-Physical Disab (<65),CHC ADULT FULLY FUNDED,HC ONE LTD,23171798,"2,812.14 ",IRIC16072018
Department of Health,NHS Wigan Borough CCG,7/31/2018,Clinical&Medical-Clinical Other,COMMISSIONING SCHEMES,WIGAN GP ALLIANCE,23177321,"177,465.50 ",EHJUN18
Department of Health,NHS Wigan Borough CCG,7/31/2018,Clinical&Medical-Clinical Other,COMMISSIONING SCHEMES,WIGAN GP ALLIANCE,23177322,"177,465.50 ",EHMAY18
Department of Health,NHS Wigan Borough CCG,7/31/2018,Clinical&Medical-Clinical Other,COMMISSIONING SCHEMES,WIGAN GP ALLIANCE,23177323,"177,465.50 ",EHAPR18
Department of Health,NHS Wigan Borough CCG,7/31/2018,Recharge : Received,CHC ADULT FULLY FUNDED,WIGAN COUNCIL,23191279,"76,462.81 ",71251881100
Department of Health,NHS Wigan Borough CCG,7/31/2018,Recharge : Received,Learning Difficulties - S117,WIGAN COUNCIL,23191281,"49,585.18 ",71251919500
Department of Health,NHS Wigan Borough CCG,7/31/2018,Recharge : Received,MENTAL HEALTH CONTRACTS,WIGAN COUNCIL,23191281,"13,087.10 ",71251919500
Department of Health,NHS Wigan Borough CCG,7/31/2018,Recharge : Received,Mental Health Services - S117 Mental Health,WIGAN COUNCIL,23191281,"19,712.50 ",71251919500
Department of Health,NHS Wigan Borough CCG,7/31/2018,Hcare Srv Rec Fdtn Trust-Over/ Under Performance,ACUTE COMMISSIONING,MANCHESTER UNIVERSITY NHS FOUNDATION TRUST,23191286,"(78,899.00)",0000900330
Department of Health,NHS Wigan Borough CCG,7/31/2018,Hcare Srv Rec Fdtn Trust-Contract Baseline,COMMUNITY SERVICES,BRIDGEWATER COMMUNITY HEALTHCARE NHS FOUNDATION TRUST,23191289,"2,703,315.00 ",26308930
Department of Health,NHS Wigan Borough CCG,7/31/2018,Hcare Srv Rec Fdtn Trust-Contract Baseline,OUT OF HOURS,BRIDGEWATER COMMUNITY HEALTHCARE NHS FOUNDATION TRUST,23191289,"172,943.42 ",26308930
Department of Health,NHS Wigan Borough CCG,7/31/2018,Hcare Srv Rec Fdtn Trust-Contract Baseline,COMMUNITY SERVICES,BRIDGEWATER COMMUNITY HEALTHCARE NHS FOUNDATION TRUST,23191292,"66,007.09 ",26308931
Department of Health,NHS Wigan Borough CCG,7/31/2018,Hcare Srv Rec Fdtn Trust-Contract Baseline,OUT OF HOURS,BRIDGEWATER COMMUNITY HEALTHCARE NHS FOUNDATION TRUST,23191292,"4,323.58 ",26308931
Department of Health,NHS Wigan Borough CCG,7/31/2018,Clinical&Medical-Commercial Sector,INTERMEDIATE CARE,HC ONE LTD,23191314,"62,915.48 ",IRIC016629TS
Department of Health,NHS Wigan Borough CCG,7/31/2018,Participation Fees,COMMISSIONING SCHEMES,Y02322 - LEIGH FAMILY PRACTICE,23191370,"28,402.41 ",PCSTANDARDS1819SIGNUP
Department of Health,NHS Wigan Borough CCG,7/31/2018,Participation Fees,COMMISSIONING SCHEMES,P92003 DICCONSON GROUP PRACTICE,23191378,"28,630.35 ",PCSTANDARDS1819SIGNUP
Department of Health,NHS Wigan Borough CCG,7/31/2018,Participation Fees,COMMISSIONING SCHEMES,P92004 DR TUN & PARTNERS,23191385,"27,868.89 ",PCSTANDARDS1819SIGNUP
Department of Health,NHS Wigan Borough CCG,7/31/2018,Participation Fees,COMMISSIONING SCHEMES,P92008 BRADSHAW MEDICAL CENTRE,23191404,"29,577.75 ",PCSTANDARDS1819SIGNUP
Department of Health,NHS Wigan Borough CCG,7/31/2018,Participation Fees,COMMISSIONING SCHEMES,P92010 BEECH HILL MEDICAL PRACTICE,23191408,"41,493.69 ",PCSTANDARDS1819SIGNUP
Department of Health,NHS Wigan Borough CCG,7/31/2018,Participation Fees,COMMISSIONING SCHEMES,P92014 STANDISH MEDICAL PRACTICE,23191409,"36,916.38 ",PCSTANDARDS1819SIGNUP
Department of Health,NHS Wigan Borough CCG,7/31/2018,Participation Fees,COMMISSIONING SCHEMES,P92019 PEMBERTON SURGERY,23191416,"33,758.52 ",PCSTANDARDS1819SIGNUP
Department of Health,NHS Wigan Borough CCG,7/31/2018,Participation Fees,COMMISSIONING SCHEMES,P92011 SULLIVAN WAY SURGERY,23191423,"25,504.11 ",PCSTANDARDS1819SIGNUP
Department of Health,NHS Wigan Borough CCG,7/31/2018,Participation Fees,COMMISSIONING SCHEMES,P92016 PENNYGATE MEDICAL CENTRE,23191431,"58,328.55 ",PCSTANDARDS1819SIGNUP
Department of Health,NHS Wigan Borough CCG,7/31/2018,Participation Fees,COMMISSIONING SCHEMES,P92017 SHEVINGTON SURGERY,23191439,"38,804.94 ",PCSTANDARDS1819SIGNUP
Department of Health,NHS Wigan Borough CCG,7/31/2018,Participation Fees,COMMISSIONING SCHEMES,P92023 DR WARNER & PARTNERS,23191442,"29,115.66 ",PCSTANDARDS1819SIGNUP
Department of Health,NHS Wigan Borough CCG,7/31/2018,Participation Fees,COMMISSIONING SCHEMES,P92026 DR M K PATEL & PARTNERS,23191452,"25,666.26 ",PCSTANDARDS1819SIGNUP
Department of Health,NHS Wigan Borough CCG,7/31/2018,Participation Fees,COMMISSIONING SCHEMES,P92607 GRASMERE SURGERY,23191490,"27,392.22 ",PCSTANDARDS1819SIGNUP
Department of Health,NHS Wigan Borough CCG,7/31/2018,Services From Local Authorities,SAFEGUARDING,WIGAN COUNCIL,23191584,"54,000.00 ",71252494105
Department of Health,NHS Wigan Borough CCG,7/31/2018,Services From Local Authorities,SAFEGUARDING,WIGAN COUNCIL,23191586,"50,000.00 ",71252492903
Department of Health,NHS Wigan Borough CCG,7/31/2018,Clinical&Medical-Voluntary Sector,MENTAL HEALTH CONTRACTS,MAKING SPACE,23191593,"238,293.66 ",GFI001197022
Department of Health,NHS Wigan Borough CCG,7/31/2018,Clinical&Medical-Voluntary Sector,MENTAL HEALTH CONTRACTS,RICHMOND FELLOWSHIP,23191599,"26,501.25 ",SI00021683
Department of Health,NHS Wigan Borough CCG,7/31/2018,Cont Care- Palliative Care,CHC ADULT FULLY FUNDED,ST GEORGES WIGAN LTD,23191626,"5,774.86 ",100
Department of Health,NHS Wigan Borough CCG,7/31/2018,Cont Care-Mental Health (65+),CHC ADULT FULLY FUNDED,ST GEORGES WIGAN LTD,23191626,"13,498.29 ",100
Department of Health,NHS Wigan Borough CCG,7/31/2018,Cont Care-Mental Health (<65),CHC ADULT FULLY FUNDED,ST GEORGES WIGAN LTD,23191626,"2,887.43 ",100
Department of Health,NHS Wigan Borough CCG,7/31/2018,Cont Care-Physical Disab (65+),CHC ADULT FULLY FUNDED,ST GEORGES WIGAN LTD,23191626,"44,278.87 ",100
Department of Health,NHS Wigan Borough CCG,7/31/2018,Hcare Srv Rec Fdtn Trust-Contract Baseline,ACUTE COMMISSIONING,WRIGHTINGTON WIGAN & LEIGH NHS FOUNDATION TRUST,23191656,"15,020,000.00 ",55579416
Department of Health,NHS Wigan Borough CCG,7/31/2018,Hcare Srv Rec Fdtn Trust-Contract Baseline,WINTER PRESSURES,WRIGHTINGTON WIGAN & LEIGH NHS FOUNDATION TRUST,23191656,"216,079.00 ",55579416
Department of Health,NHS Wigan Borough CCG,7/31/2018,Hcare Srv Rec Fdtn Trust-Contract Baseline,Winter Resilience,WRIGHTINGTON WIGAN & LEIGH NHS FOUNDATION TRUST,23191656,"33,333.00 ",55579416
Department of Health,NHS Wigan Borough CCG,7/31/2018,Hcare Srv Rec Fdtn Trust-Contract Baseline,LEARNING DIFFICULTIES,MERSEY CARE NHS FOUNDATION TRUST,23255153,"(200,553.32)",C0002434
,,,,,,,,
