Transparency report June 2018,,,,,,,,,
,,,,,,,,,
Department family,Entity,Date,Expense Type,Expense area,Supplier,Transaction number,AP Amount (�),Purchase invoice number,
Department of Health,NHS Wigan Borough CCG,6/30/2018,Recharge : Received,LEARNING DIFFICULTIES,WIGAN COUNCIL,22463851,"34,576.00 ",71251262206,
Department of Health,NHS Wigan Borough CCG,6/30/2018,Recharge : Received,MENTAL HEALTH CONTRACTS,WIGAN COUNCIL,22463954,"8,798.42 ",71251280208,
Department of Health,NHS Wigan Borough CCG,6/30/2018,Recharge : Received,Mental Health Services - S117 Mental Health,WIGAN COUNCIL,22463954,"18,262.50 ",71251280208,
Department of Health,NHS Wigan Borough CCG,6/30/2018,Hcare Srv Rec Fdtn Trust-Contract Baseline,ACUTE COMMISSIONING,CHRISTIE HOSPITAL NHS FOUNDATION TRUST,22464210,"155,963.08 ",30212,
Department of Health,NHS Wigan Borough CCG,6/30/2018,Hcare Srv Rec Fdtn Trust-Contract Baseline,ACUTE COMMISSIONING,WARRINGTON & HALTON HOSPITALS NHS FOUNDATION TRUST,22487885,"271,335.00 ",15368660,
Department of Health,NHS Wigan Borough CCG,6/30/2018,Cont Care- Palliative Care,CHC AD FULL FUND PERS HLTH BUD,WIGAN COUNCIL,22516171,"10,367.13 ",71251274104,
Department of Health,NHS Wigan Borough CCG,6/30/2018,Cont Care-Learning Disab(<65),CHC AD FULL FUND PERS HLTH BUD,WIGAN COUNCIL,22516171,"49,307.65 ",71251274104,
Department of Health,NHS Wigan Borough CCG,6/30/2018,Cont Care-Mental Health (65+),CHC AD FULL FUND PERS HLTH BUD,WIGAN COUNCIL,22516171,"9,741.08 ",71251274104,
Department of Health,NHS Wigan Borough CCG,6/30/2018,Cont Care-Mental Health (<65),CHC AD FULL FUND PERS HLTH BUD,WIGAN COUNCIL,22516171,"9,962.16 ",71251274104,
Department of Health,NHS Wigan Borough CCG,6/30/2018,Cont Care-Physical Disab (65+),CHC AD FULL FUND PERS HLTH BUD,WIGAN COUNCIL,22516171,"86,357.08 ",71251274104,
Department of Health,NHS Wigan Borough CCG,6/30/2018,Cont Care-Physical Disab (<65),CHC AD FULL FUND PERS HLTH BUD,WIGAN COUNCIL,22516171,"160,590.34 ",71251274104,
Department of Health,NHS Wigan Borough CCG,6/30/2018,Recharge : Received,Learning Difficulties - S117,WIGAN COUNCIL,22531663,"32,693.00 ",71251359706,
Department of Health,NHS Wigan Borough CCG,6/30/2018,Hcare Srv Rec Fdtn Trust-CQUIN,MENTAL HEALTH CONTRACTS,NORTH WEST BOROUGHS HEALTHCARE NHS FOUNDATION TRUST,22531670,"52,701.00 ",16041127,
Department of Health,NHS Wigan Borough CCG,6/30/2018,Hcare Srv Rec Fdtn Trust-Contract Baseline,MENTAL HEALTH CONTRACTS,NORTH WEST BOROUGHS HEALTHCARE NHS FOUNDATION TRUST,22531670,"2,201,184.00 ",16041127,
Department of Health,NHS Wigan Borough CCG,6/30/2018,Cont Care- Palliative Care,CHC ADULT FULLY FUNDED,HAIGHFIELD NURSING HOME,22547806,"18,467.11 ",221HF,
Department of Health,NHS Wigan Borough CCG,6/30/2018,Cont Care-Physical Disab (65+),CHC ADULT FULLY FUNDED,HAIGHFIELD NURSING HOME,22547806,"34,154.32 ",221HF,
Department of Health,NHS Wigan Borough CCG,6/30/2018,C&M-GMS Global Sum,PRC DELEGATED CO-COMMISSIONING,P92004 DR TUN & PARTNERS,22575544,"64,805.78 ",WIG000027103,
Department of Health,NHS Wigan Borough CCG,6/30/2018,C&M-GMS PCO Seniority,PRC DELEGATED CO-COMMISSIONING,P92004 DR TUN & PARTNERS,22575544,833.77 ,WIG000027103,
Department of Health,NHS Wigan Borough CCG,6/30/2018,C&M-GMS Prem Notional Rent,PRC DELEGATED CO-COMMISSIONING,P92004 DR TUN & PARTNERS,22575544,"2,411.92 ",WIG000027103,
Department of Health,NHS Wigan Borough CCG,6/30/2018,C&M-GMS QOF Achievement,PRC DELEGATED CO-COMMISSIONING,P92004 DR TUN & PARTNERS,22575544,"29,832.65 ",WIG000027103,
Department of Health,NHS Wigan Borough CCG,6/30/2018,C&M-GMS QOF Aspiration,PRC DELEGATED CO-COMMISSIONING,P92004 DR TUN & PARTNERS,22575544,"5,478.70 ",WIG000027103,
Department of Health,NHS Wigan Borough CCG,6/30/2018,C&M-GMS GP Statutory Levy,PRC DELEGATED CO-COMMISSIONING,BEECH HILL MEDICAL CENTRE,22577917,(352.99),WIG000026984,
Department of Health,NHS Wigan Borough CCG,6/30/2018,C&M-GMS Voluntary Levy,PRC DELEGATED CO-COMMISSIONING,BEECH HILL MEDICAL CENTRE,22577917,(64.18),WIG000026984,
Department of Health,NHS Wigan Borough CCG,6/30/2018,ME-GMS GP Pension EEs,PRC DELEGATED CO-COMMISSIONING,BEECH HILL MEDICAL CENTRE,22577917,"(13,755.78)",WIG000026984,
Department of Health,NHS Wigan Borough CCG,6/30/2018,ME-GMS GP Pension ERs Adjustments,PRC DELEGATED CO-COMMISSIONING,BEECH HILL MEDICAL CENTRE,22577917,"(14,238.50)",WIG000026984,
Department of Health,NHS Wigan Borough CCG,6/30/2018,C&M-GMS DES Minor Surgery,PRC DELEGATED CO-COMMISSIONING,BEECH HILL MEDICAL CENTRE,22577918,"3,378.76 ",WIG000026985,
Department of Health,NHS Wigan Borough CCG,6/30/2018,C&M-GMS Global Sum,PRC DELEGATED CO-COMMISSIONING,BEECH HILL MEDICAL CENTRE,22577918,"96,606.25 ",WIG000026985,
Department of Health,NHS Wigan Borough CCG,6/30/2018,C&M-GMS PCO Seniority,PRC DELEGATED CO-COMMISSIONING,BEECH HILL MEDICAL CENTRE,22577918,"3,921.76 ",WIG000026985,
Department of Health,NHS Wigan Borough CCG,6/30/2018,C&M-GMS Prem Clinical Waste,PRC DELEGATED CO-COMMISSIONING,BEECH HILL MEDICAL CENTRE,22577918,"4,032.94 ",WIG000026985,
Department of Health,NHS Wigan Borough CCG,6/30/2018,C&M-GMS Prem Notional Rent,PRC DELEGATED CO-COMMISSIONING,BEECH HILL MEDICAL CENTRE,22577918,"7,400.00 ",WIG000026985,
Department of Health,NHS Wigan Borough CCG,6/30/2018,C&M-GMS QOF Achievement,PRC DELEGATED CO-COMMISSIONING,BEECH HILL MEDICAL CENTRE,22577918,"50,653.36 ",WIG000026985,
Department of Health,NHS Wigan Borough CCG,6/30/2018,C&M-GMS QOF Aspiration,PRC DELEGATED CO-COMMISSIONING,BEECH HILL MEDICAL CENTRE,22577918,"11,244.62 ",WIG000026985,
Department of Health,NHS Wigan Borough CCG,6/30/2018,C&M-PMS Contract Value,PRC DELEGATED CO-COMMISSIONING,ASTLEY GENERAL PRACTICE,22577920,"18,550.26 ",WIG000026987,
Department of Health,NHS Wigan Borough CCG,6/30/2018,C&M-PMS DES Learn Dsblty Hlth Chk,PRC DELEGATED CO-COMMISSIONING,ASTLEY GENERAL PRACTICE,22577920,700.00 ,WIG000026987,
Department of Health,NHS Wigan Borough CCG,6/30/2018,C&M-PMS DES Minor Surgery,PRC DELEGATED CO-COMMISSIONING,ASTLEY GENERAL PRACTICE,22577920,593.56 ,WIG000026987,
Department of Health,NHS Wigan Borough CCG,6/30/2018,C&M-PMS Funding Differential Review,PRC DELEGATED CO-COMMISSIONING,ASTLEY GENERAL PRACTICE,22577920,408.04 ,WIG000026987,
Department of Health,NHS Wigan Borough CCG,6/30/2018,C&M-PMS Prem Actual Rent,PRC DELEGATED CO-COMMISSIONING,ASTLEY GENERAL PRACTICE,22577920,"1,291.67 ",WIG000026987,
Department of Health,NHS Wigan Borough CCG,6/30/2018,C&M-PMS Prem Clinical Waste,PRC DELEGATED CO-COMMISSIONING,ASTLEY GENERAL PRACTICE,22577920,"1,706.22 ",WIG000026987,
Department of Health,NHS Wigan Borough CCG,6/30/2018,C&M-PMS Prem Rates,PRC DELEGATED CO-COMMISSIONING,ASTLEY GENERAL PRACTICE,22577920,"5,040.00 ",WIG000026987,
Department of Health,NHS Wigan Borough CCG,6/30/2018,C&M-PMS Prem Water Rates,PRC DELEGATED CO-COMMISSIONING,ASTLEY GENERAL PRACTICE,22577920,159.57 ,WIG000026987,
Department of Health,NHS Wigan Borough CCG,6/30/2018,C&M-PMS Prof fees Prescribing,PRC DELEGATED CO-COMMISSIONING,ASTLEY GENERAL PRACTICE,22577920,70.08 ,WIG000026987,
Department of Health,NHS Wigan Borough CCG,6/30/2018,C&M-PMS QOF Achievement,PRC DELEGATED CO-COMMISSIONING,ASTLEY GENERAL PRACTICE,22577920,"7,392.31 ",WIG000026987,
Department of Health,NHS Wigan Borough CCG,6/30/2018,C&M-PMS QOF Aspiration,PRC DELEGATED CO-COMMISSIONING,ASTLEY GENERAL PRACTICE,22577920,"1,704.55 ",WIG000026987,
Department of Health,NHS Wigan Borough CCG,6/30/2018,C&M-PMS Contract Value,PRC DELEGATED CO-COMMISSIONING,BRAITHWAITE SURGERY,22577922,"39,507.76 ",WIG000026989,
Department of Health,NHS Wigan Borough CCG,6/30/2018,C&M-PMS Funding Differential Review,PRC DELEGATED CO-COMMISSIONING,BRAITHWAITE SURGERY,22577922,155.57 ,WIG000026989,
Department of Health,NHS Wigan Borough CCG,6/30/2018,C&M-PMS Prem Clinical Waste,PRC DELEGATED CO-COMMISSIONING,BRAITHWAITE SURGERY,22577922,"5,162.20 ",WIG000026989,
Department of Health,NHS Wigan Borough CCG,6/30/2018,C&M-PMS Prem Notional Rent,PRC DELEGATED CO-COMMISSIONING,BRAITHWAITE SURGERY,22577922,"3,041.67 ",WIG000026989,
Department of Health,NHS Wigan Borough CCG,6/30/2018,C&M-PMS Prem Rates,PRC DELEGATED CO-COMMISSIONING,BRAITHWAITE SURGERY,22577922,"4,425.84 ",WIG000026989,
Department of Health,NHS Wigan Borough CCG,6/30/2018,C&M-PMS Prem Water Rates,PRC DELEGATED CO-COMMISSIONING,BRAITHWAITE SURGERY,22577922,577.70 ,WIG000026989,
Department of Health,NHS Wigan Borough CCG,6/30/2018,C&M-PMS QOF Achievement,PRC DELEGATED CO-COMMISSIONING,BRAITHWAITE SURGERY,22577922,"18,132.10 ",WIG000026989,
Department of Health,NHS Wigan Borough CCG,6/30/2018,C&M-PMS QOF Aspiration,PRC DELEGATED CO-COMMISSIONING,BRAITHWAITE SURGERY,22577922,"3,825.36 ",WIG000026989,
Department of Health,NHS Wigan Borough CCG,6/30/2018,ME - PMS GP Prior Year ERs,PRC DELEGATED CO-COMMISSIONING,BRAITHWAITE SURGERY,22577922,143.04 ,WIG000026989,
Department of Health,NHS Wigan Borough CCG,6/30/2018,ME-PMS GP Prior Year EEs,PRC DELEGATED CO-COMMISSIONING,BRAITHWAITE SURGERY,22577922,50.04 ,WIG000026989,
Department of Health,NHS Wigan Borough CCG,6/30/2018,C&M-GMS Global Sum,PRC DELEGATED CO-COMMISSIONING,DR A B ANIS & PARTNER,22577924,"35,394.96 ",WIG000026991,
Department of Health,NHS Wigan Borough CCG,6/30/2018,C&M-GMS PCO Seniority,PRC DELEGATED CO-COMMISSIONING,DR A B ANIS & PARTNER,22577924,"3,722.64 ",WIG000026991,
Department of Health,NHS Wigan Borough CCG,6/30/2018,C&M-GMS QOF Aspiration,PRC DELEGATED CO-COMMISSIONING,DR A B ANIS & PARTNER,22577924,"3,409.86 ",WIG000026991,
Department of Health,NHS Wigan Borough CCG,6/30/2018,C&M-GMS Global Sum,PRC DELEGATED CO-COMMISSIONING,DR B H ESA,22577926,"19,866.22 ",WIG000026993,
Department of Health,NHS Wigan Borough CCG,6/30/2018,C&M-GMS Other Small Practice All,PRC DELEGATED CO-COMMISSIONING,DR B H ESA,22577926,"2,063.00 ",WIG000026993,
Department of Health,NHS Wigan Borough CCG,6/30/2018,C&M-GMS PCO Seniority,PRC DELEGATED CO-COMMISSIONING,DR B H ESA,22577926,516.08 ,WIG000026993,
Department of Health,NHS Wigan Borough CCG,6/30/2018,C&M-GMS QOF Achievement,PRC DELEGATED CO-COMMISSIONING,DR B H ESA,22577926,"8,723.65 ",WIG000026993,
Department of Health,NHS Wigan Borough CCG,6/30/2018,C&M-GMS QOF Aspiration,PRC DELEGATED CO-COMMISSIONING,DR B H ESA,22577926,"2,027.87 ",WIG000026993,
Department of Health,NHS Wigan Borough CCG,6/30/2018,C&M-GMS DES Learn Dsblty Hlth Chk,PRC DELEGATED CO-COMMISSIONING,DR C J MUNRO & PARTNERS,22577928,"1,260.00 ",WIG000026995,
Department of Health,NHS Wigan Borough CCG,6/30/2018,C&M-GMS Global Sum,PRC DELEGATED CO-COMMISSIONING,DR C J MUNRO & PARTNERS,22577928,"90,396.77 ",WIG000026995,
Department of Health,NHS Wigan Borough CCG,6/30/2018,C&M-GMS MPIG Correction Factor,PRC DELEGATED CO-COMMISSIONING,DR C J MUNRO & PARTNERS,22577928,728.86 ,WIG000026995,
Department of Health,NHS Wigan Borough CCG,6/30/2018,C&M-GMS PCO Locum Adop/Pat/Mat,PRC DELEGATED CO-COMMISSIONING,DR C J MUNRO & PARTNERS,22577928,"17,937.41 ",WIG000026995,
Department of Health,NHS Wigan Borough CCG,6/30/2018,C&M-GMS PCO Seniority,PRC DELEGATED CO-COMMISSIONING,DR C J MUNRO & PARTNERS,22577928,"4,602.28 ",WIG000026995,
Department of Health,NHS Wigan Borough CCG,6/30/2018,C&M-GMS Prem Clinical Waste,PRC DELEGATED CO-COMMISSIONING,DR C J MUNRO & PARTNERS,22577928,"6,984.36 ",WIG000026995,
Department of Health,NHS Wigan Borough CCG,6/30/2018,C&M-GMS Prem Notional Rent,PRC DELEGATED CO-COMMISSIONING,DR C J MUNRO & PARTNERS,22577928,"5,395.83 ",WIG000026995,
Department of Health,NHS Wigan Borough CCG,6/30/2018,C&M-GMS Prem Water Rates,PRC DELEGATED CO-COMMISSIONING,DR C J MUNRO & PARTNERS,22577928,556.87 ,WIG000026995,
Department of Health,NHS Wigan Borough CCG,6/30/2018,C&M-GMS QOF Achievement,PRC DELEGATED CO-COMMISSIONING,DR C J MUNRO & PARTNERS,22577928,"52,577.26 ",WIG000026995,
Department of Health,NHS Wigan Borough CCG,6/30/2018,C&M-GMS QOF Aspiration,PRC DELEGATED CO-COMMISSIONING,DR C J MUNRO & PARTNERS,22577928,"11,488.55 ",WIG000026995,
Department of Health,NHS Wigan Borough CCG,6/30/2018,C&M-PMS Contract Value,PRC DELEGATED CO-COMMISSIONING,DR CA XAVIER,22577930,"37,155.59 ",WIG000026997,
Department of Health,NHS Wigan Borough CCG,6/30/2018,C&M-PMS DES Learn Dsblty Hlth Chk,PRC DELEGATED CO-COMMISSIONING,DR CA XAVIER,22577930,"1,680.00 ",WIG000026997,
Department of Health,NHS Wigan Borough CCG,6/30/2018,C&M-PMS DES Minor Surgery,PRC DELEGATED CO-COMMISSIONING,DR CA XAVIER,22577930,91.32 ,WIG000026997,
Department of Health,NHS Wigan Borough CCG,6/30/2018,C&M-PMS PCO Seniority,PRC DELEGATED CO-COMMISSIONING,DR CA XAVIER,22577930,"1,163.93 ",WIG000026997,
Department of Health,NHS Wigan Borough CCG,6/30/2018,C&M-PMS Prem Clinical Waste,PRC DELEGATED CO-COMMISSIONING,DR CA XAVIER,22577930,"4,364.85 ",WIG000026997,
Department of Health,NHS Wigan Borough CCG,6/30/2018,C&M-PMS Prem Notional Rent,PRC DELEGATED CO-COMMISSIONING,DR CA XAVIER,22577930,"2,325.00 ",WIG000026997,
Department of Health,NHS Wigan Borough CCG,6/30/2018,C&M-PMS Prem Rates,PRC DELEGATED CO-COMMISSIONING,DR CA XAVIER,22577930,"5,525.18 ",WIG000026997,
Department of Health,NHS Wigan Borough CCG,6/30/2018,C&M-PMS Prem Water Rates,PRC DELEGATED CO-COMMISSIONING,DR CA XAVIER,22577930,334.95 ,WIG000026997,
Department of Health,NHS Wigan Borough CCG,6/30/2018,C&M-PMS QOF Achievement,PRC DELEGATED CO-COMMISSIONING,DR CA XAVIER,22577930,"14,550.02 ",WIG000026997,
Department of Health,NHS Wigan Borough CCG,6/30/2018,C&M-PMS QOF Aspiration,PRC DELEGATED CO-COMMISSIONING,DR CA XAVIER,22577930,"3,289.88 ",WIG000026997,
Department of Health,NHS Wigan Borough CCG,6/30/2018,C&M-GMS Global Sum,PRC DELEGATED CO-COMMISSIONING,DR AJ ELLIS,22577932,"33,030.76 ",WIG000026999,
Department of Health,NHS Wigan Borough CCG,6/30/2018,C&M-GMS PCO Seniority,PRC DELEGATED CO-COMMISSIONING,DR AJ ELLIS,22577932,"1,779.66 ",WIG000026999,
Department of Health,NHS Wigan Borough CCG,6/30/2018,C&M-GMS Prem Notional Rent,PRC DELEGATED CO-COMMISSIONING,DR AJ ELLIS,22577932,"2,604.17 ",WIG000026999,
Department of Health,NHS Wigan Borough CCG,6/30/2018,C&M-GMS QOF Achievement,PRC DELEGATED CO-COMMISSIONING,DR AJ ELLIS,22577932,"15,936.37 ",WIG000026999,
Department of Health,NHS Wigan Borough CCG,6/30/2018,C&M-GMS QOF Aspiration,PRC DELEGATED CO-COMMISSIONING,DR AJ ELLIS,22577932,"3,231.84 ",WIG000026999,
Department of Health,NHS Wigan Borough CCG,6/30/2018,C&M-PMS Contract Value,PRC DELEGATED CO-COMMISSIONING,DR AK ATREY,22577934,"39,415.67 ",WIG000027001,
Department of Health,NHS Wigan Borough CCG,6/30/2018,C&M-PMS DES Minor Surgery,PRC DELEGATED CO-COMMISSIONING,DR AK ATREY,22577934,"4,246.23 ",WIG000027001,
Department of Health,NHS Wigan Borough CCG,6/30/2018,C&M-PMS Funding Differential Review,PRC DELEGATED CO-COMMISSIONING,DR AK ATREY,22577934,375.97 ,WIG000027001,
Department of Health,NHS Wigan Borough CCG,6/30/2018,C&M-PMS PCO Seniority,PRC DELEGATED CO-COMMISSIONING,DR AK ATREY,22577934,"1,629.70 ",WIG000027001,
Department of Health,NHS Wigan Borough CCG,6/30/2018,C&M-PMS Prof fees Prescribing,PRC DELEGATED CO-COMMISSIONING,DR AK ATREY,22577934,408.42 ,WIG000027001,
Department of Health,NHS Wigan Borough CCG,6/30/2018,C&M-PMS QOF Achievement,PRC DELEGATED CO-COMMISSIONING,DR AK ATREY,22577934,"20,731.89 ",WIG000027001,
Department of Health,NHS Wigan Borough CCG,6/30/2018,C&M-PMS QOF Aspiration,PRC DELEGATED CO-COMMISSIONING,DR AK ATREY,22577934,"4,809.77 ",WIG000027001,
Department of Health,NHS Wigan Borough CCG,6/30/2018,C&M-PMS Contract Value,PRC DELEGATED CO-COMMISSIONING,DR ALISTAIR THOMPSON MANCHESTER,22577936,"30,675.34 ",WIG000027003,
Department of Health,NHS Wigan Borough CCG,6/30/2018,C&M-PMS Funding Differential Review,PRC DELEGATED CO-COMMISSIONING,DR ALISTAIR THOMPSON MANCHESTER,22577936,362.29 ,WIG000027003,
Department of Health,NHS Wigan Borough CCG,6/30/2018,C&M-PMS Prem Notional Rent,PRC DELEGATED CO-COMMISSIONING,DR ALISTAIR THOMPSON MANCHESTER,22577936,665.00 ,WIG000027003,
Department of Health,NHS Wigan Borough CCG,6/30/2018,C&M-PMS QOF Achievement,PRC DELEGATED CO-COMMISSIONING,DR ALISTAIR THOMPSON MANCHESTER,22577936,"8,713.52 ",WIG000027003,
Department of Health,NHS Wigan Borough CCG,6/30/2018,C&M-PMS QOF Aspiration,PRC DELEGATED CO-COMMISSIONING,DR ALISTAIR THOMPSON MANCHESTER,22577936,"3,123.83 ",WIG000027003,
Department of Health,NHS Wigan Borough CCG,6/30/2018,C&M-APMS Contract KPIs,PRC DELEGATED CO-COMMISSIONING,DR ALISTAIR THOMPSON WIGAN,22577938,"17,693.03 ",WIG000027005,
Department of Health,NHS Wigan Borough CCG,6/30/2018,C&M-APMS Contract Value,PRC DELEGATED CO-COMMISSIONING,DR ALISTAIR THOMPSON WIGAN,22577938,"53,079.10 ",WIG000027005,
Department of Health,NHS Wigan Borough CCG,6/30/2018,C&M-APMS QOF Aspiration,PRC DELEGATED CO-COMMISSIONING,DR ALISTAIR THOMPSON WIGAN,22577938,"5,526.43 ",WIG000027005,
Department of Health,NHS Wigan Borough CCG,6/30/2018,C&M-PMS QOF Achievement,PRC DELEGATED CO-COMMISSIONING,DR ALISTAIR THOMPSON WIGAN,22577938,"27,538.39 ",WIG000027005,
Department of Health,NHS Wigan Borough CCG,6/30/2018,C&M-GMS DES Learn Dsblty Hlth Chk,PRC DELEGATED CO-COMMISSIONING,DR D PAL & PARTNER,22577940,140.00 ,WIG000027007,
Department of Health,NHS Wigan Borough CCG,6/30/2018,C&M-GMS Global Sum,PRC DELEGATED CO-COMMISSIONING,DR D PAL & PARTNER,22577940,"18,332.66 ",WIG000027007,
Department of Health,NHS Wigan Borough CCG,6/30/2018,C&M-GMS PCO Seniority,PRC DELEGATED CO-COMMISSIONING,DR D PAL & PARTNER,22577940,"1,666.62 ",WIG000027007,
Department of Health,NHS Wigan Borough CCG,6/30/2018,C&M-GMS Prem Notional Rent,PRC DELEGATED CO-COMMISSIONING,DR D PAL & PARTNER,22577940,"1,625.00 ",WIG000027007,
Department of Health,NHS Wigan Borough CCG,6/30/2018,C&M-GMS QOF Achievement,PRC DELEGATED CO-COMMISSIONING,DR D PAL & PARTNER,22577940,"7,777.78 ",WIG000027007,
Department of Health,NHS Wigan Borough CCG,6/30/2018,C&M-GMS QOF Aspiration,PRC DELEGATED CO-COMMISSIONING,DR D PAL & PARTNER,22577940,"1,869.82 ",WIG000027007,
Department of Health,NHS Wigan Borough CCG,6/30/2018,C&M-GMS Global Sum,PRC DELEGATED CO-COMMISSIONING,DR D TRIVEDI & PARTNER,22577942,"30,126.99 ",WIG000027009,
Department of Health,NHS Wigan Borough CCG,6/30/2018,C&M-GMS MPIG Correction Factor,PRC DELEGATED CO-COMMISSIONING,DR D TRIVEDI & PARTNER,22577942,69.17 ,WIG000027009,
Department of Health,NHS Wigan Borough CCG,6/30/2018,C&M-GMS Other Small Practice All,PRC DELEGATED CO-COMMISSIONING,DR D TRIVEDI & PARTNER,22577942,"3,845.00 ",WIG000027009,
Department of Health,NHS Wigan Borough CCG,6/30/2018,C&M-GMS Prem Notional Rent,PRC DELEGATED CO-COMMISSIONING,DR D TRIVEDI & PARTNER,22577942,"4,191.67 ",WIG000027009,
Department of Health,NHS Wigan Borough CCG,6/30/2018,C&M-GMS Prem Water Rates,PRC DELEGATED CO-COMMISSIONING,DR D TRIVEDI & PARTNER,22577942,152.49 ,WIG000027009,
Department of Health,NHS Wigan Borough CCG,6/30/2018,C&M-GMS QOF Achievement,PRC DELEGATED CO-COMMISSIONING,DR D TRIVEDI & PARTNER,22577942,"19,597.18 ",WIG000027009,
Department of Health,NHS Wigan Borough CCG,6/30/2018,C&M-GMS QOF Aspiration,PRC DELEGATED CO-COMMISSIONING,DR D TRIVEDI & PARTNER,22577942,"3,237.41 ",WIG000027009,
Department of Health,NHS Wigan Borough CCG,6/30/2018,C&M-PMS Contract Value,PRC DELEGATED CO-COMMISSIONING,DR CP KHATRI,22577946,"33,637.07 ",WIG000027013,
Department of Health,NHS Wigan Borough CCG,6/30/2018,C&M-PMS DES Minor Surgery,PRC DELEGATED CO-COMMISSIONING,DR CP KHATRI,22577946,639.21 ,WIG000027013,
Department of Health,NHS Wigan Borough CCG,6/30/2018,C&M-PMS Funding Differential Review,PRC DELEGATED CO-COMMISSIONING,DR CP KHATRI,22577946,266.61 ,WIG000027013,
Department of Health,NHS Wigan Borough CCG,6/30/2018,C&M-PMS PCO Seniority,PRC DELEGATED CO-COMMISSIONING,DR CP KHATRI,22577946,"1,607.14 ",WIG000027013,
Department of Health,NHS Wigan Borough CCG,6/30/2018,C&M-PMS Prem Clinical Waste,PRC DELEGATED CO-COMMISSIONING,DR CP KHATRI,22577946,44.25 ,WIG000027013,
Department of Health,NHS Wigan Borough CCG,6/30/2018,C&M-PMS Prem Notional Rent,PRC DELEGATED CO-COMMISSIONING,DR CP KHATRI,22577946,"2,600.00 ",WIG000027013,
Department of Health,NHS Wigan Borough CCG,6/30/2018,C&M-PMS Prem Water Rates,PRC DELEGATED CO-COMMISSIONING,DR CP KHATRI,22577946,90.04 ,WIG000027013,
Department of Health,NHS Wigan Borough CCG,6/30/2018,C&M-PMS QOF Achievement,PRC DELEGATED CO-COMMISSIONING,DR CP KHATRI,22577946,"18,778.25 ",WIG000027013,
Department of Health,NHS Wigan Borough CCG,6/30/2018,C&M-PMS QOF Aspiration,PRC DELEGATED CO-COMMISSIONING,DR CP KHATRI,22577946,"3,488.03 ",WIG000027013,
Department of Health,NHS Wigan Borough CCG,6/30/2018,C&M-PMS GP Statutory Levy,PRC DELEGATED CO-COMMISSIONING,DR D G BRODIE & PARTNERS,22577947,(470.88),WIG000027014,
Department of Health,NHS Wigan Borough CCG,6/30/2018,C&M-PMS Voluntary Levy,PRC DELEGATED CO-COMMISSIONING,DR D G BRODIE & PARTNERS,22577947,(85.62),WIG000027014,
Department of Health,NHS Wigan Borough CCG,6/30/2018,ME - PMS TPS Added Years Adj EEs,PRC DELEGATED CO-COMMISSIONING,DR D G BRODIE & PARTNERS,22577947,(481.00),WIG000027014,
Department of Health,NHS Wigan Borough CCG,6/30/2018,ME-PMS GP Pension EEs-PMS,PRC DELEGATED CO-COMMISSIONING,DR D G BRODIE & PARTNERS,22577947,"(14,375.00)",WIG000027014,
Department of Health,NHS Wigan Borough CCG,6/30/2018,ME-PMS GP Pension ERs Adjs - PMS,PRC DELEGATED CO-COMMISSIONING,DR D G BRODIE & PARTNERS,22577947,"(14,571.73)",WIG000027014,
Department of Health,NHS Wigan Borough CCG,6/30/2018,C&M-PMS Contract Value,PRC DELEGATED CO-COMMISSIONING,DR D G BRODIE & PARTNERS,22577948,"135,677.23 ",WIG000027015,
Department of Health,NHS Wigan Borough CCG,6/30/2018,C&M-PMS DES Minor Surgery,PRC DELEGATED CO-COMMISSIONING,DR D G BRODIE & PARTNERS,22577948,"7,944.36 ",WIG000027015,
Department of Health,NHS Wigan Borough CCG,6/30/2018,C&M-PMS Funding Differential Review,PRC DELEGATED CO-COMMISSIONING,DR D G BRODIE & PARTNERS,22577948,246.44 ,WIG000027015,
Department of Health,NHS Wigan Borough CCG,6/30/2018,C&M-PMS PCO Seniority,PRC DELEGATED CO-COMMISSIONING,DR D G BRODIE & PARTNERS,22577948,"7,366.81 ",WIG000027015,
Department of Health,NHS Wigan Borough CCG,6/30/2018,C&M-PMS Prem Actual Rent,PRC DELEGATED CO-COMMISSIONING,DR D G BRODIE & PARTNERS,22577948,"79,500.00 ",WIG000027015,
Department of Health,NHS Wigan Borough CCG,6/30/2018,C&M-PMS QOF Achievement,PRC DELEGATED CO-COMMISSIONING,DR D G BRODIE & PARTNERS,22577948,"73,024.87 ",WIG000027015,
Department of Health,NHS Wigan Borough CCG,6/30/2018,C&M-PMS QOF Aspiration,PRC DELEGATED CO-COMMISSIONING,DR D G BRODIE & PARTNERS,22577948,"15,706.34 ",WIG000027015,
Department of Health,NHS Wigan Borough CCG,6/30/2018,C&M-PMS Small Practice Allowance,PRC DELEGATED CO-COMMISSIONING,DR D G BRODIE & PARTNERS,22577948,"19,557.00 ",WIG000027015,
Department of Health,NHS Wigan Borough CCG,6/30/2018,C&M-GMS DES Minor Surgery,PRC DELEGATED CO-COMMISSIONING,DR G FELLOWS & PARTNERS,22577950,776.17 ,WIG000027017,
Department of Health,NHS Wigan Borough CCG,6/30/2018,C&M-GMS Global Sum,PRC DELEGATED CO-COMMISSIONING,DR G FELLOWS & PARTNERS,22577950,"67,724.42 ",WIG000027017,
Department of Health,NHS Wigan Borough CCG,6/30/2018,C&M-GMS PCO Seniority,PRC DELEGATED CO-COMMISSIONING,DR G FELLOWS & PARTNERS,22577950,994.14 ,WIG000027017,
Department of Health,NHS Wigan Borough CCG,6/30/2018,C&M-GMS Prem Actual Rent,PRC DELEGATED CO-COMMISSIONING,DR G FELLOWS & PARTNERS,22577950,"17,312.50 ",WIG000027017,
Department of Health,NHS Wigan Borough CCG,6/30/2018,C&M-GMS Prem Clinical Waste,PRC DELEGATED CO-COMMISSIONING,DR G FELLOWS & PARTNERS,22577950,"4,128.70 ",WIG000027017,
Department of Health,NHS Wigan Borough CCG,6/30/2018,C&M-GMS Prem Rates,PRC DELEGATED CO-COMMISSIONING,DR G FELLOWS & PARTNERS,22577950,"11,154.77 ",WIG000027017,
Department of Health,NHS Wigan Borough CCG,6/30/2018,C&M-GMS QOF Achievement,PRC DELEGATED CO-COMMISSIONING,DR G FELLOWS & PARTNERS,22577950,"21,667.46 ",WIG000027017,
Department of Health,NHS Wigan Borough CCG,6/30/2018,C&M-GMS QOF Aspiration,PRC DELEGATED CO-COMMISSIONING,DR G FELLOWS & PARTNERS,22577950,"7,488.33 ",WIG000027017,
Department of Health,NHS Wigan Borough CCG,6/30/2018,C&M-PMS Contract Value,PRC DELEGATED CO-COMMISSIONING,DR J D SEABROOK & PARTNER,22577952,"32,377.17 ",WIG000027019,
Department of Health,NHS Wigan Borough CCG,6/30/2018,C&M-PMS DES Violent Patients,PRC DELEGATED CO-COMMISSIONING,DR J D SEABROOK & PARTNER,22577952,"2,234.62 ",WIG000027019,
Department of Health,NHS Wigan Borough CCG,6/30/2018,C&M-PMS PCO Seniority,PRC DELEGATED CO-COMMISSIONING,DR J D SEABROOK & PARTNER,22577952,"1,221.64 ",WIG000027019,
Department of Health,NHS Wigan Borough CCG,6/30/2018,C&M-PMS Prem Notional Rent,PRC DELEGATED CO-COMMISSIONING,DR J D SEABROOK & PARTNER,22577952,"1,925.00 ",WIG000027019,
Department of Health,NHS Wigan Borough CCG,6/30/2018,C&M-PMS Prem Water Rates,PRC DELEGATED CO-COMMISSIONING,DR J D SEABROOK & PARTNER,22577952,178.64 ,WIG000027019,
Department of Health,NHS Wigan Borough CCG,6/30/2018,C&M-PMS QOF Achievement,PRC DELEGATED CO-COMMISSIONING,DR J D SEABROOK & PARTNER,22577952,"14,494.12 ",WIG000027019,
Department of Health,NHS Wigan Borough CCG,6/30/2018,C&M-PMS QOF Aspiration,PRC DELEGATED CO-COMMISSIONING,DR J D SEABROOK & PARTNER,22577952,"3,031.43 ",WIG000027019,
Department of Health,NHS Wigan Borough CCG,6/30/2018,C&M-PMS Contract Value,PRC DELEGATED CO-COMMISSIONING,DR K KHATRI & PARTNERS,22577956,"22,301.95 ",WIG000027023,
Department of Health,NHS Wigan Borough CCG,6/30/2018,C&M-PMS DES Learn Dsblty Hlth Chk,PRC DELEGATED CO-COMMISSIONING,DR K KHATRI & PARTNERS,22577956,140.00 ,WIG000027023,
Department of Health,NHS Wigan Borough CCG,6/30/2018,C&M-PMS Funding Differential Review,PRC DELEGATED CO-COMMISSIONING,DR K KHATRI & PARTNERS,22577956,428.75 ,WIG000027023,
Department of Health,NHS Wigan Borough CCG,6/30/2018,C&M-PMS PCO Seniority,PRC DELEGATED CO-COMMISSIONING,DR K KHATRI & PARTNERS,22577956,"1,621.22 ",WIG000027023,
Department of Health,NHS Wigan Borough CCG,6/30/2018,C&M-PMS Prem Clinical Waste,PRC DELEGATED CO-COMMISSIONING,DR K KHATRI & PARTNERS,22577956,445.23 ,WIG000027023,
Department of Health,NHS Wigan Borough CCG,6/30/2018,C&M-PMS Prem Notional Rent,PRC DELEGATED CO-COMMISSIONING,DR K KHATRI & PARTNERS,22577956,"1,520.83 ",WIG000027023,
Department of Health,NHS Wigan Borough CCG,6/30/2018,C&M-PMS QOF Achievement,PRC DELEGATED CO-COMMISSIONING,DR K KHATRI & PARTNERS,22577956,"10,137.16 ",WIG000027023,
Department of Health,NHS Wigan Borough CCG,6/30/2018,C&M-PMS QOF Aspiration,PRC DELEGATED CO-COMMISSIONING,DR K KHATRI & PARTNERS,22577956,"6,851.84 ",WIG000027023,
Department of Health,NHS Wigan Borough CCG,6/30/2018,C&M-PMS Contract Value,PRC DELEGATED CO-COMMISSIONING,DR M C SMITH & PARTNERS,22577958,"59,321.69 ",WIG000027025,
Department of Health,NHS Wigan Borough CCG,6/30/2018,C&M-PMS DES Learn Dsblty Hlth Chk,PRC DELEGATED CO-COMMISSIONING,DR M C SMITH & PARTNERS,22577958,"1,260.00 ",WIG000027025,
Department of Health,NHS Wigan Borough CCG,6/30/2018,C&M-PMS Funding Differential Review,PRC DELEGATED CO-COMMISSIONING,DR M C SMITH & PARTNERS,22577958,377.64 ,WIG000027025,
Department of Health,NHS Wigan Borough CCG,6/30/2018,C&M-PMS PCO Seniority,PRC DELEGATED CO-COMMISSIONING,DR M C SMITH & PARTNERS,22577958,"3,390.82 ",WIG000027025,
Department of Health,NHS Wigan Borough CCG,6/30/2018,C&M-PMS Prem Clinical Waste,PRC DELEGATED CO-COMMISSIONING,DR M C SMITH & PARTNERS,22577958,24.00 ,WIG000027025,
Department of Health,NHS Wigan Borough CCG,6/30/2018,C&M-PMS Prem Notional Rent,PRC DELEGATED CO-COMMISSIONING,DR M C SMITH & PARTNERS,22577958,"4,025.00 ",WIG000027025,
Department of Health,NHS Wigan Borough CCG,6/30/2018,C&M-PMS QOF Achievement,PRC DELEGATED CO-COMMISSIONING,DR M C SMITH & PARTNERS,22577958,"34,754.42 ",WIG000027025,
Department of Health,NHS Wigan Borough CCG,6/30/2018,C&M-PMS QOF Aspiration,PRC DELEGATED CO-COMMISSIONING,DR M C SMITH & PARTNERS,22577958,"7,267.37 ",WIG000027025,
Department of Health,NHS Wigan Borough CCG,6/30/2018,C&M-GMS Global Sum,PRC DELEGATED CO-COMMISSIONING,DR M K PATEL & PARTNERS,22577960,"59,630.09 ",WIG000027027,
Department of Health,NHS Wigan Borough CCG,6/30/2018,C&M-GMS Other Small Practice All,PRC DELEGATED CO-COMMISSIONING,DR M K PATEL & PARTNERS,22577960,"4,946.00 ",WIG000027027,
Department of Health,NHS Wigan Borough CCG,6/30/2018,C&M-GMS PCO Seniority,PRC DELEGATED CO-COMMISSIONING,DR M K PATEL & PARTNERS,22577960,"2,263.84 ",WIG000027027,
Department of Health,NHS Wigan Borough CCG,6/30/2018,C&M-GMS Prem Clinical Waste,PRC DELEGATED CO-COMMISSIONING,DR M K PATEL & PARTNERS,22577960,60.00 ,WIG000027027,
Department of Health,NHS Wigan Borough CCG,6/30/2018,C&M-GMS QOF Achievement,PRC DELEGATED CO-COMMISSIONING,DR M K PATEL & PARTNERS,22577960,"28,169.40 ",WIG000027027,
Department of Health,NHS Wigan Borough CCG,6/30/2018,C&M-GMS QOF Aspiration,PRC DELEGATED CO-COMMISSIONING,DR M K PATEL & PARTNERS,22577960,"6,211.55 ",WIG000027027,
Department of Health,NHS Wigan Borough CCG,6/30/2018,C&M-GMS Global Sum,PRC DELEGATED CO-COMMISSIONING,DR M R ASHWORTH & PARTNERS,22577962,"42,490.67 ",WIG000027029,
Department of Health,NHS Wigan Borough CCG,6/30/2018,C&M-GMS PCO Seniority,PRC DELEGATED CO-COMMISSIONING,DR M R ASHWORTH & PARTNERS,22577962,992.79 ,WIG000027029,
Department of Health,NHS Wigan Borough CCG,6/30/2018,C&M-GMS Prem Clinical Waste,PRC DELEGATED CO-COMMISSIONING,DR M R ASHWORTH & PARTNERS,22577962,48.00 ,WIG000027029,
Department of Health,NHS Wigan Borough CCG,6/30/2018,C&M-GMS Prem Notional Rent,PRC DELEGATED CO-COMMISSIONING,DR M R ASHWORTH & PARTNERS,22577962,"2,483.33 ",WIG000027029,
Department of Health,NHS Wigan Borough CCG,6/30/2018,C&M-GMS Prem Water Rates,PRC DELEGATED CO-COMMISSIONING,DR M R ASHWORTH & PARTNERS,22577962,41.18 ,WIG000027029,
Department of Health,NHS Wigan Borough CCG,6/30/2018,C&M-GMS QOF Achievement,PRC DELEGATED CO-COMMISSIONING,DR M R ASHWORTH & PARTNERS,22577962,"21,539.05 ",WIG000027029,
Department of Health,NHS Wigan Borough CCG,6/30/2018,C&M-GMS QOF Aspiration,PRC DELEGATED CO-COMMISSIONING,DR M R ASHWORTH & PARTNERS,22577962,"4,912.70 ",WIG000027029,
Department of Health,NHS Wigan Borough CCG,6/30/2018,C&M-GMS Global Sum,PRC DELEGATED CO-COMMISSIONING,DR M SHARMA & PARTNERS,22577964,"39,765.72 ",WIG000027031,
Department of Health,NHS Wigan Borough CCG,6/30/2018,C&M-GMS Other Small Practice All,PRC DELEGATED CO-COMMISSIONING,DR M SHARMA & PARTNERS,22577964,"3,578.00 ",WIG000027031,
Department of Health,NHS Wigan Borough CCG,6/30/2018,C&M-GMS PCO Seniority,PRC DELEGATED CO-COMMISSIONING,DR M SHARMA & PARTNERS,22577964,670.26 ,WIG000027031,
Department of Health,NHS Wigan Borough CCG,6/30/2018,C&M-GMS Prem Actual Rent,PRC DELEGATED CO-COMMISSIONING,DR M SHARMA & PARTNERS,22577964,"2,165.99 ",WIG000027031,
Department of Health,NHS Wigan Borough CCG,6/30/2018,C&M-GMS Prem Clinical Waste,PRC DELEGATED CO-COMMISSIONING,DR M SHARMA & PARTNERS,22577964,"2,336.65 ",WIG000027031,
Department of Health,NHS Wigan Borough CCG,6/30/2018,C&M-GMS Prem Water Rates,PRC DELEGATED CO-COMMISSIONING,DR M SHARMA & PARTNERS,22577964,614.53 ,WIG000027031,
Department of Health,NHS Wigan Borough CCG,6/30/2018,C&M-GMS QOF Achievement,PRC DELEGATED CO-COMMISSIONING,DR M SHARMA & PARTNERS,22577964,"19,864.58 ",WIG000027031,
Department of Health,NHS Wigan Borough CCG,6/30/2018,C&M-GMS QOF Aspiration,PRC DELEGATED CO-COMMISSIONING,DR M SHARMA & PARTNERS,22577964,"4,550.26 ",WIG000027031,
Department of Health,NHS Wigan Borough CCG,6/30/2018,C&M-PMS Contract Value,PRC DELEGATED CO-COMMISSIONING,DR M ULLAH,22577966,"27,869.81 ",WIG000027033,
Department of Health,NHS Wigan Borough CCG,6/30/2018,C&M-PMS PCO Seniority,PRC DELEGATED CO-COMMISSIONING,DR M ULLAH,22577966,"1,861.32 ",WIG000027033,
Department of Health,NHS Wigan Borough CCG,6/30/2018,C&M-PMS Prof fees Prescribing,PRC DELEGATED CO-COMMISSIONING,DR M ULLAH,22577966,112.50 ,WIG000027033,
Department of Health,NHS Wigan Borough CCG,6/30/2018,C&M-PMS QOF Achievement,PRC DELEGATED CO-COMMISSIONING,DR M ULLAH,22577966,"12,562.87 ",WIG000027033,
Department of Health,NHS Wigan Borough CCG,6/30/2018,C&M-PMS QOF Aspiration,PRC DELEGATED CO-COMMISSIONING,DR M ULLAH,22577966,"2,324.10 ",WIG000027033,
Department of Health,NHS Wigan Borough CCG,6/30/2018,C&M-GMS Global Sum,PRC DELEGATED CO-COMMISSIONING,DR MAUNG & PARTNERS,22577968,"16,844.56 ",WIG000027035,
Department of Health,NHS Wigan Borough CCG,6/30/2018,C&M-GMS Other Small Practice All,PRC DELEGATED CO-COMMISSIONING,DR MAUNG & PARTNERS,22577968,"1,763.00 ",WIG000027035,
Department of Health,NHS Wigan Borough CCG,6/30/2018,C&M-GMS PCO Seniority,PRC DELEGATED CO-COMMISSIONING,DR MAUNG & PARTNERS,22577968,482.09 ,WIG000027035,
Department of Health,NHS Wigan Borough CCG,6/30/2018,C&M-GMS QOF Achievement,PRC DELEGATED CO-COMMISSIONING,DR MAUNG & PARTNERS,22577968,"7,589.94 ",WIG000027035,
Department of Health,NHS Wigan Borough CCG,6/30/2018,C&M-GMS QOF Aspiration,PRC DELEGATED CO-COMMISSIONING,DR MAUNG & PARTNERS,22577968,"1,863.40 ",WIG000027035,
Department of Health,NHS Wigan Borough CCG,6/30/2018,C&M-GMS Global Sum,PRC DELEGATED CO-COMMISSIONING,DR L SAXENA,22577970,"21,394.42 ",WIG000027037,
Department of Health,NHS Wigan Borough CCG,6/30/2018,C&M-GMS MPIG Correction Factor,PRC DELEGATED CO-COMMISSIONING,DR L SAXENA,22577970,984.64 ,WIG000027037,
Department of Health,NHS Wigan Borough CCG,6/30/2018,C&M-GMS PCO Seniority,PRC DELEGATED CO-COMMISSIONING,DR L SAXENA,22577970,"1,022.65 ",WIG000027037,
Department of Health,NHS Wigan Borough CCG,6/30/2018,C&M-GMS Prem Notional Rent,PRC DELEGATED CO-COMMISSIONING,DR L SAXENA,22577970,"1,975.00 ",WIG000027037,
Department of Health,NHS Wigan Borough CCG,6/30/2018,C&M-GMS QOF Achievement,PRC DELEGATED CO-COMMISSIONING,DR L SAXENA,22577970,"8,207.87 ",WIG000027037,
Department of Health,NHS Wigan Borough CCG,6/30/2018,C&M-GMS QOF Aspiration,PRC DELEGATED CO-COMMISSIONING,DR L SAXENA,22577970,"2,015.26 ",WIG000027037,
Department of Health,NHS Wigan Borough CCG,6/30/2018,C&M-GMS DES Minor Surgery,PRC DELEGATED CO-COMMISSIONING,DR M AHMAD & PARTNERS WIGAN,22577972,684.88 ,WIG000027039,
Department of Health,NHS Wigan Borough CCG,6/30/2018,C&M-GMS Global Sum,PRC DELEGATED CO-COMMISSIONING,DR M AHMAD & PARTNERS WIGAN,22577972,"51,058.80 ",WIG000027039,
Department of Health,NHS Wigan Borough CCG,6/30/2018,C&M-GMS PCO Seniority,PRC DELEGATED CO-COMMISSIONING,DR M AHMAD & PARTNERS WIGAN,22577972,"1,156.02 ",WIG000027039,
Department of Health,NHS Wigan Borough CCG,6/30/2018,C&M-GMS QOF Achievement,PRC DELEGATED CO-COMMISSIONING,DR M AHMAD & PARTNERS WIGAN,22577972,"28,701.70 ",WIG000027039,
Department of Health,NHS Wigan Borough CCG,6/30/2018,C&M-GMS QOF Aspiration,PRC DELEGATED CO-COMMISSIONING,DR M AHMAD & PARTNERS WIGAN,22577972,"6,219.61 ",WIG000027039,
Department of Health,NHS Wigan Borough CCG,6/30/2018,ME-GMS GP Pension EEs,PRC DELEGATED CO-COMMISSIONING,DR M AHMAD & PARTNERS WIGAN,22577972,"7,668.03 ",WIG000027039,
Department of Health,NHS Wigan Borough CCG,6/30/2018,ME-GMS GP Pension ERs Adjustments,PRC DELEGATED CO-COMMISSIONING,DR M AHMAD & PARTNERS WIGAN,22577972,"7,999.15 ",WIG000027039,
Department of Health,NHS Wigan Borough CCG,6/30/2018,C&M-PMS Contract Value,PRC DELEGATED CO-COMMISSIONING,DR R J ANDERSON & PARTNER,22577975,"39,676.03 ",WIG000027043,
Department of Health,NHS Wigan Borough CCG,6/30/2018,C&M-PMS DES Minor Surgery,PRC DELEGATED CO-COMMISSIONING,DR R J ANDERSON & PARTNER,22577975,"1,415.46 ",WIG000027043,
Department of Health,NHS Wigan Borough CCG,6/30/2018,C&M-PMS Funding Differential Review,PRC DELEGATED CO-COMMISSIONING,DR R J ANDERSON & PARTNER,22577975,"1,166.72 ",WIG000027043,
Department of Health,NHS Wigan Borough CCG,6/30/2018,C&M-PMS PCO Seniority,PRC DELEGATED CO-COMMISSIONING,DR R J ANDERSON & PARTNER,22577975,222.82 ,WIG000027043,
Department of Health,NHS Wigan Borough CCG,6/30/2018,C&M-PMS Prem Actual Rent,PRC DELEGATED CO-COMMISSIONING,DR R J ANDERSON & PARTNER,22577975,"3,479.17 ",WIG000027043,
Department of Health,NHS Wigan Borough CCG,6/30/2018,C&M-PMS Prem Clinical Waste,PRC DELEGATED CO-COMMISSIONING,DR R J ANDERSON & PARTNER,22577975,36.00 ,WIG000027043,
Department of Health,NHS Wigan Borough CCG,6/30/2018,C&M-PMS Prem Water Rates,PRC DELEGATED CO-COMMISSIONING,DR R J ANDERSON & PARTNER,22577975,338.59 ,WIG000027043,
Department of Health,NHS Wigan Borough CCG,6/30/2018,C&M-PMS QOF Achievement,PRC DELEGATED CO-COMMISSIONING,DR R J ANDERSON & PARTNER,22577975,"16,291.01 ",WIG000027043,
Department of Health,NHS Wigan Borough CCG,6/30/2018,C&M-PMS QOF Aspiration,PRC DELEGATED CO-COMMISSIONING,DR R J ANDERSON & PARTNER,22577975,"3,869.77 ",WIG000027043,
Department of Health,NHS Wigan Borough CCG,6/30/2018,ME - PMS GP Prior Year ERs,PRC DELEGATED CO-COMMISSIONING,DR R J ANDERSON & PARTNER,22577975,"6,950.32 ",WIG000027043,
Department of Health,NHS Wigan Borough CCG,6/30/2018,ME-PMS GP Prior Year EEs,PRC DELEGATED CO-COMMISSIONING,DR R J ANDERSON & PARTNER,22577975,"2,416.68 ",WIG000027043,
Department of Health,NHS Wigan Borough CCG,6/30/2018,C&M-GMS Global Sum,PRC DELEGATED CO-COMMISSIONING,DR SJ ZAMAN,22577978,"32,199.40 ",WIG000027047,
Department of Health,NHS Wigan Borough CCG,6/30/2018,C&M-GMS PCO Seniority,PRC DELEGATED CO-COMMISSIONING,DR SJ ZAMAN,22577978,686.81 ,WIG000027047,
Department of Health,NHS Wigan Borough CCG,6/30/2018,C&M-GMS QOF Achievement,PRC DELEGATED CO-COMMISSIONING,DR SJ ZAMAN,22577978,"18,476.43 ",WIG000027047,
Department of Health,NHS Wigan Borough CCG,6/30/2018,C&M-GMS QOF Aspiration,PRC DELEGATED CO-COMMISSIONING,DR SJ ZAMAN,22577978,"3,818.79 ",WIG000027047,
Department of Health,NHS Wigan Borough CCG,6/30/2018,C&M-PMS Contract Value,PRC DELEGATED CO-COMMISSIONING,DR S K PITALIA & PARTNER,22577980,"57,160.31 ",WIG000027049,
Department of Health,NHS Wigan Borough CCG,6/30/2018,C&M-PMS DES Learn Dsblty Hlth Chk,PRC DELEGATED CO-COMMISSIONING,DR S K PITALIA & PARTNER,22577980,"1,680.00 ",WIG000027049,
Department of Health,NHS Wigan Borough CCG,6/30/2018,C&M-PMS DES Minor Surgery,PRC DELEGATED CO-COMMISSIONING,DR S K PITALIA & PARTNER,22577980,"9,999.10 ",WIG000027049,
Department of Health,NHS Wigan Borough CCG,6/30/2018,C&M-PMS Funding Differential Review,PRC DELEGATED CO-COMMISSIONING,DR S K PITALIA & PARTNER,22577980,164.43 ,WIG000027049,
Department of Health,NHS Wigan Borough CCG,6/30/2018,C&M-PMS Prem Clinical Waste,PRC DELEGATED CO-COMMISSIONING,DR S K PITALIA & PARTNER,22577980,"3,783.72 ",WIG000027049,
Department of Health,NHS Wigan Borough CCG,6/30/2018,C&M-PMS Prem Notional Rent,PRC DELEGATED CO-COMMISSIONING,DR S K PITALIA & PARTNER,22577980,"6,179.17 ",WIG000027049,
Department of Health,NHS Wigan Borough CCG,6/30/2018,C&M-PMS Prem Rates,PRC DELEGATED CO-COMMISSIONING,DR S K PITALIA & PARTNER,22577980,"17,707.13 ",WIG000027049,
Department of Health,NHS Wigan Borough CCG,6/30/2018,C&M-PMS Prem Water Rates,PRC DELEGATED CO-COMMISSIONING,DR S K PITALIA & PARTNER,22577980,"2,687.78 ",WIG000027049,
Department of Health,NHS Wigan Borough CCG,6/30/2018,C&M-PMS QOF Achievement,PRC DELEGATED CO-COMMISSIONING,DR S K PITALIA & PARTNER,22577980,"32,149.39 ",WIG000027049,
Department of Health,NHS Wigan Borough CCG,6/30/2018,C&M-PMS QOF Aspiration,PRC DELEGATED CO-COMMISSIONING,DR S K PITALIA & PARTNER,22577980,"6,211.26 ",WIG000027049,
Department of Health,NHS Wigan Borough CCG,6/30/2018,C&M-GMS Global Sum,PRC DELEGATED CO-COMMISSIONING,DR S M MARTIN,22577982,"63,733.96 ",WIG000027051,
Department of Health,NHS Wigan Borough CCG,6/30/2018,C&M-GMS PCO Seniority,PRC DELEGATED CO-COMMISSIONING,DR S M MARTIN,22577982,"2,636.78 ",WIG000027051,
Department of Health,NHS Wigan Borough CCG,6/30/2018,C&M-GMS QOF Achievement,PRC DELEGATED CO-COMMISSIONING,DR S M MARTIN,22577982,"29,450.95 ",WIG000027051,
Department of Health,NHS Wigan Borough CCG,6/30/2018,C&M-GMS QOF Aspiration,PRC DELEGATED CO-COMMISSIONING,DR S M MARTIN,22577982,"6,309.95 ",WIG000027051,
Department of Health,NHS Wigan Borough CCG,6/30/2018,C&M-PMS Contract Value,PRC DELEGATED CO-COMMISSIONING,DR S S SHAHBAZI,22577984,"21,247.17 ",WIG000027053,
Department of Health,NHS Wigan Borough CCG,6/30/2018,C&M-PMS Funding Differential Review,PRC DELEGATED CO-COMMISSIONING,DR S S SHAHBAZI,22577984,471.65 ,WIG000027053,
Department of Health,NHS Wigan Borough CCG,6/30/2018,C&M-PMS PCO Seniority,PRC DELEGATED CO-COMMISSIONING,DR S S SHAHBAZI,22577984,"1,858.53 ",WIG000027053,
Department of Health,NHS Wigan Borough CCG,6/30/2018,C&M-PMS QOF Achievement,PRC DELEGATED CO-COMMISSIONING,DR S S SHAHBAZI,22577984,"9,634.80 ",WIG000027053,
Department of Health,NHS Wigan Borough CCG,6/30/2018,C&M-PMS QOF Aspiration,PRC DELEGATED CO-COMMISSIONING,DR S S SHAHBAZI,22577984,"2,533.16 ",WIG000027053,
Department of Health,NHS Wigan Borough CCG,6/30/2018,C&M-GMS DES Minor Surgery,PRC DELEGATED CO-COMMISSIONING,DR S SUNTHA & PARTNERS,22577986,"1,598.10 ",WIG000027055,
Department of Health,NHS Wigan Borough CCG,6/30/2018,C&M-GMS Global Sum,PRC DELEGATED CO-COMMISSIONING,DR S SUNTHA & PARTNERS,22577986,"68,808.09 ",WIG000027055,
Department of Health,NHS Wigan Borough CCG,6/30/2018,C&M-GMS PCO Seniority,PRC DELEGATED CO-COMMISSIONING,DR S SUNTHA & PARTNERS,22577986,"2,017.19 ",WIG000027055,
Department of Health,NHS Wigan Borough CCG,6/30/2018,C&M-GMS Prem Notional Rent,PRC DELEGATED CO-COMMISSIONING,DR S SUNTHA & PARTNERS,22577986,"5,304.17 ",WIG000027055,
Department of Health,NHS Wigan Borough CCG,6/30/2018,C&M-GMS QOF Achievement,PRC DELEGATED CO-COMMISSIONING,DR S SUNTHA & PARTNERS,22577986,"38,547.76 ",WIG000027055,
Department of Health,NHS Wigan Borough CCG,6/30/2018,C&M-GMS QOF Aspiration,PRC DELEGATED CO-COMMISSIONING,DR S SUNTHA & PARTNERS,22577986,"9,833.48 ",WIG000027055,
Department of Health,NHS Wigan Borough CCG,6/30/2018,ME-GMS GP Equitable Life,PRC DELEGATED CO-COMMISSIONING,DR S SUNTHA & PARTNERS,22577986,303.25 ,WIG000027055,
Department of Health,NHS Wigan Borough CCG,6/30/2018,C&M-PMS Contract Value,PRC DELEGATED CO-COMMISSIONING,DR S T H SHAH & PARTNERS,22577988,"36,264.84 ",WIG000027057,
Department of Health,NHS Wigan Borough CCG,6/30/2018,C&M-PMS Funding Differential Review,PRC DELEGATED CO-COMMISSIONING,DR S T H SHAH & PARTNERS,22577988,430.85 ,WIG000027057,
Department of Health,NHS Wigan Borough CCG,6/30/2018,C&M-PMS PCO Seniority,PRC DELEGATED CO-COMMISSIONING,DR S T H SHAH & PARTNERS,22577988,516.08 ,WIG000027057,
Department of Health,NHS Wigan Borough CCG,6/30/2018,C&M-PMS Prem Notional Rent,PRC DELEGATED CO-COMMISSIONING,DR S T H SHAH & PARTNERS,22577988,"1,835.08 ",WIG000027057,
Department of Health,NHS Wigan Borough CCG,6/30/2018,C&M-PMS QOF Aspiration,PRC DELEGATED CO-COMMISSIONING,DR S T H SHAH & PARTNERS,22577988,"4,215.77 ",WIG000027057,
Department of Health,NHS Wigan Borough CCG,6/30/2018,C&M-GMS Global Sum,PRC DELEGATED CO-COMMISSIONING,DRS DARIFAT ELISLAM WAN & SHAIKH,22577990,"53,919.25 ",WIG000027059,
Department of Health,NHS Wigan Borough CCG,6/30/2018,C&M-GMS PCO Seniority,PRC DELEGATED CO-COMMISSIONING,DRS DARIFAT ELISLAM WAN & SHAIKH,22577990,"1,158.86 ",WIG000027059,
Department of Health,NHS Wigan Borough CCG,6/30/2018,C&M-GMS QOF Achievement,PRC DELEGATED CO-COMMISSIONING,DRS DARIFAT ELISLAM WAN & SHAIKH,22577990,"21,782.44 ",WIG000027059,
Department of Health,NHS Wigan Borough CCG,6/30/2018,C&M-GMS QOF Aspiration,PRC DELEGATED CO-COMMISSIONING,DRS DARIFAT ELISLAM WAN & SHAIKH,22577990,"5,629.70 ",WIG000027059,
Department of Health,NHS Wigan Borough CCG,6/30/2018,C&M-GMS DES Learn Dsblty Hlth Chk,PRC DELEGATED CO-COMMISSIONING,DR V K BAJAJ & PARTNER,22577993,"1,680.00 ",WIG000027063,
Department of Health,NHS Wigan Borough CCG,6/30/2018,C&M-GMS Global Sum,PRC DELEGATED CO-COMMISSIONING,DR V K BAJAJ & PARTNER,22577993,"21,130.09 ",WIG000027063,
Department of Health,NHS Wigan Borough CCG,6/30/2018,C&M-GMS MPIG Correction Factor,PRC DELEGATED CO-COMMISSIONING,DR V K BAJAJ & PARTNER,22577993,649.26 ,WIG000027063,
Department of Health,NHS Wigan Borough CCG,6/30/2018,C&M-GMS Other Small Practice All,PRC DELEGATED CO-COMMISSIONING,DR V K BAJAJ & PARTNER,22577993,"3,845.00 ",WIG000027063,
Department of Health,NHS Wigan Borough CCG,6/30/2018,C&M-GMS Prem Clinical Waste,PRC DELEGATED CO-COMMISSIONING,DR V K BAJAJ & PARTNER,22577993,12.00 ,WIG000027063,
Department of Health,NHS Wigan Borough CCG,6/30/2018,C&M-GMS Prem Notional Rent,PRC DELEGATED CO-COMMISSIONING,DR V K BAJAJ & PARTNER,22577993,"1,291.67 ",WIG000027063,
Department of Health,NHS Wigan Borough CCG,6/30/2018,C&M-GMS QOF Achievement,PRC DELEGATED CO-COMMISSIONING,DR V K BAJAJ & PARTNER,22577993,"12,997.72 ",WIG000027063,
Department of Health,NHS Wigan Borough CCG,6/30/2018,C&M-GMS QOF Aspiration,PRC DELEGATED CO-COMMISSIONING,DR V K BAJAJ & PARTNER,22577993,"2,382.40 ",WIG000027063,
Department of Health,NHS Wigan Borough CCG,6/30/2018,ME-GMS GP Pension EEs,PRC DELEGATED CO-COMMISSIONING,DR V K BAJAJ & PARTNER,22577993,"2,077.10 ",WIG000027063,
Department of Health,NHS Wigan Borough CCG,6/30/2018,ME-GMS GP Pension ERs Adjustments,PRC DELEGATED CO-COMMISSIONING,DR V K BAJAJ & PARTNER,22577993,"1,105.42 ",WIG000027063,
Department of Health,NHS Wigan Borough CCG,6/30/2018,C&M-PMS Contract Value,PRC DELEGATED CO-COMMISSIONING,FOXLEIGH FAMILY SURGERY,22577995,"17,617.29 ",WIG000027065,
Department of Health,NHS Wigan Borough CCG,6/30/2018,C&M-PMS Funding Differential Review,PRC DELEGATED CO-COMMISSIONING,FOXLEIGH FAMILY SURGERY,22577995,225.75 ,WIG000027065,
Department of Health,NHS Wigan Borough CCG,6/30/2018,C&M-PMS PCO Seniority,PRC DELEGATED CO-COMMISSIONING,FOXLEIGH FAMILY SURGERY,22577995,946.22 ,WIG000027065,
Department of Health,NHS Wigan Borough CCG,6/30/2018,C&M-PMS QOF Achievement,PRC DELEGATED CO-COMMISSIONING,FOXLEIGH FAMILY SURGERY,22577995,"8,616.87 ",WIG000027065,
Department of Health,NHS Wigan Borough CCG,6/30/2018,C&M-PMS QOF Aspiration,PRC DELEGATED CO-COMMISSIONING,FOXLEIGH FAMILY SURGERY,22577995,"2,131.25 ",WIG000027065,
Department of Health,NHS Wigan Borough CCG,6/30/2018,C&M-PMS Contract Value,PRC DELEGATED CO-COMMISSIONING,INCE SURGERY,22577997,"27,878.53 ",WIG000027067,
Department of Health,NHS Wigan Borough CCG,6/30/2018,C&M-PMS Funding Differential Review,PRC DELEGATED CO-COMMISSIONING,INCE SURGERY,22577997,209.61 ,WIG000027067,
Department of Health,NHS Wigan Borough CCG,6/30/2018,C&M-PMS Prem Clinical Waste,PRC DELEGATED CO-COMMISSIONING,INCE SURGERY,22577997,"1,634.25 ",WIG000027067,
Department of Health,NHS Wigan Borough CCG,6/30/2018,C&M-PMS QOF Achievement,PRC DELEGATED CO-COMMISSIONING,INCE SURGERY,22577997,"10,586.26 ",WIG000027067,
Department of Health,NHS Wigan Borough CCG,6/30/2018,C&M-PMS QOF Aspiration,PRC DELEGATED CO-COMMISSIONING,INCE SURGERY,22577997,"2,555.85 ",WIG000027067,
Department of Health,NHS Wigan Borough CCG,6/30/2018,C&M-APMS Contract KPIs,PRC DELEGATED CO-COMMISSIONING,INTRA FAMILY PRACTICE,22577999,"8,137.45 ",WIG000027069,
Department of Health,NHS Wigan Borough CCG,6/30/2018,C&M-APMS Contract Value,PRC DELEGATED CO-COMMISSIONING,INTRA FAMILY PRACTICE,22577999,"24,412.35 ",WIG000027069,
Department of Health,NHS Wigan Borough CCG,6/30/2018,C&M-PMS DES Learn Dsblty Hlth Chk,PRC DELEGATED CO-COMMISSIONING,INTRA FAMILY PRACTICE,22577999,140.00 ,WIG000027069,
Department of Health,NHS Wigan Borough CCG,6/30/2018,C&M-PMS QOF Achievement,PRC DELEGATED CO-COMMISSIONING,INTRA FAMILY PRACTICE,22577999,"8,051.73 ",WIG000027069,
Department of Health,NHS Wigan Borough CCG,6/30/2018,C&M-PMS QOF Aspiration,PRC DELEGATED CO-COMMISSIONING,INTRA FAMILY PRACTICE,22577999,"1,383.72 ",WIG000027069,
Department of Health,NHS Wigan Borough CCG,6/30/2018,C&M-APMS Contract KPIs,PRC DELEGATED CO-COMMISSIONING,INTRAHEALTH LSV,22578001,"5,801.30 ",WIG000027071,
Department of Health,NHS Wigan Borough CCG,6/30/2018,C&M-APMS Contract Value,PRC DELEGATED CO-COMMISSIONING,INTRAHEALTH LSV,22578001,"17,403.91 ",WIG000027071,
Department of Health,NHS Wigan Borough CCG,6/30/2018,C&M-APMS QOF Aspiration,PRC DELEGATED CO-COMMISSIONING,INTRAHEALTH LSV,22578001,834.15 ,WIG000027071,
Department of Health,NHS Wigan Borough CCG,6/30/2018,C&M-PMS QOF Achievement,PRC DELEGATED CO-COMMISSIONING,INTRAHEALTH LSV,22578001,"5,455.82 ",WIG000027071,
Department of Health,NHS Wigan Borough CCG,6/30/2018,C&M-APMS Contract KPIs,PRC DELEGATED CO-COMMISSIONING,INTRAHEALTH MARSH GREEN,22578003,"8,843.10 ",WIG000027073,
Department of Health,NHS Wigan Borough CCG,6/30/2018,C&M-APMS Contract Value,PRC DELEGATED CO-COMMISSIONING,INTRAHEALTH MARSH GREEN,22578003,"26,529.30 ",WIG000027073,
Department of Health,NHS Wigan Borough CCG,6/30/2018,C&M-APMS QOF Aspiration,PRC DELEGATED CO-COMMISSIONING,INTRAHEALTH MARSH GREEN,22578003,"1,658.19 ",WIG000027073,
Department of Health,NHS Wigan Borough CCG,6/30/2018,C&M-PMS QOF Achievement,PRC DELEGATED CO-COMMISSIONING,INTRAHEALTH MARSH GREEN,22578003,"7,966.55 ",WIG000027073,
Department of Health,NHS Wigan Borough CCG,6/30/2018,C&M-APMS Contract KPIs,PRC DELEGATED CO-COMMISSIONING,INTRAHEALTH PLATT BRIDGE,22578005,"13,781.97 ",WIG000027075,
Department of Health,NHS Wigan Borough CCG,6/30/2018,C&M-APMS Contract Value,PRC DELEGATED CO-COMMISSIONING,INTRAHEALTH PLATT BRIDGE,22578005,"41,345.89 ",WIG000027075,
Department of Health,NHS Wigan Borough CCG,6/30/2018,C&M-APMS QOF Aspiration,PRC DELEGATED CO-COMMISSIONING,INTRAHEALTH PLATT BRIDGE,22578005,"2,060.25 ",WIG000027075,
Department of Health,NHS Wigan Borough CCG,6/30/2018,C&M-PMS QOF Achievement,PRC DELEGATED CO-COMMISSIONING,INTRAHEALTH PLATT BRIDGE,22578005,"10,353.93 ",WIG000027075,
Department of Health,NHS Wigan Borough CCG,6/30/2018,C&M-APMS Contract KPIs,PRC DELEGATED CO-COMMISSIONING,INTRAHEALTH TYLDESLEY,22578007,"15,335.09 ",WIG000027077,
Department of Health,NHS Wigan Borough CCG,6/30/2018,C&M-APMS Contract Value,PRC DELEGATED CO-COMMISSIONING,INTRAHEALTH TYLDESLEY,22578007,"46,005.25 ",WIG000027077,
Department of Health,NHS Wigan Borough CCG,6/30/2018,C&M-APMS QOF Aspiration,PRC DELEGATED CO-COMMISSIONING,INTRAHEALTH TYLDESLEY,22578007,"3,732.83 ",WIG000027077,
Department of Health,NHS Wigan Borough CCG,6/30/2018,C&M-PMS QOF Achievement,PRC DELEGATED CO-COMMISSIONING,INTRAHEALTH TYLDESLEY,22578007,"21,669.36 ",WIG000027077,
Department of Health,NHS Wigan Borough CCG,6/30/2018,C&M-PMS Contract Value,PRC DELEGATED CO-COMMISSIONING,LOWER INCE SURGERY,22578009,"30,224.05 ",WIG000027079,
Department of Health,NHS Wigan Borough CCG,6/30/2018,C&M-PMS Funding Differential Review,PRC DELEGATED CO-COMMISSIONING,LOWER INCE SURGERY,22578009,548.40 ,WIG000027079,
Department of Health,NHS Wigan Borough CCG,6/30/2018,C&M-PMS Prem Clinical Waste,PRC DELEGATED CO-COMMISSIONING,LOWER INCE SURGERY,22578009,"1,935.94 ",WIG000027079,
Department of Health,NHS Wigan Borough CCG,6/30/2018,C&M-PMS QOF Achievement,PRC DELEGATED CO-COMMISSIONING,LOWER INCE SURGERY,22578009,"11,027.77 ",WIG000027079,
Department of Health,NHS Wigan Borough CCG,6/30/2018,C&M-PMS QOF Aspiration,PRC DELEGATED CO-COMMISSIONING,LOWER INCE SURGERY,22578009,"2,485.51 ",WIG000027079,
Department of Health,NHS Wigan Borough CCG,6/30/2018,C&M-APMS Contract KPIs,PRC DELEGATED CO-COMMISSIONING,LEIGH FAMILY PRACTICE,22578011,"30,201.23 ",WIG000027081,
Department of Health,NHS Wigan Borough CCG,6/30/2018,C&M-APMS Contract Value,PRC DELEGATED CO-COMMISSIONING,LEIGH FAMILY PRACTICE,22578011,"90,603.68 ",WIG000027081,
Department of Health,NHS Wigan Borough CCG,6/30/2018,C&M-APMS Other Small Practice All,PRC DELEGATED CO-COMMISSIONING,LEIGH FAMILY PRACTICE,22578011,"5,517.00 ",WIG000027081,
Department of Health,NHS Wigan Borough CCG,6/30/2018,C&M-APMS Prem Actual Rent,PRC DELEGATED CO-COMMISSIONING,LEIGH FAMILY PRACTICE,22578011,"8,926.70 ",WIG000027081,
Department of Health,NHS Wigan Borough CCG,6/30/2018,C&M-APMS Prem Rates,PRC DELEGATED CO-COMMISSIONING,LEIGH FAMILY PRACTICE,22578011,"3,936.00 ",WIG000027081,
Department of Health,NHS Wigan Borough CCG,6/30/2018,C&M-APMS QOF Aspiration,PRC DELEGATED CO-COMMISSIONING,LEIGH FAMILY PRACTICE,22578011,"7,203.42 ",WIG000027081,
Department of Health,NHS Wigan Borough CCG,6/30/2018,C&M-PMS QOF Achievement,PRC DELEGATED CO-COMMISSIONING,LEIGH FAMILY PRACTICE,22578011,"33,394.65 ",WIG000027081,
Department of Health,NHS Wigan Borough CCG,6/30/2018,C&M-GMS Global Sum,PRC DELEGATED CO-COMMISSIONING,LILFORD PARK SURGERY,22578013,"29,001.80 ",WIG000027083,
Department of Health,NHS Wigan Borough CCG,6/30/2018,C&M-GMS MPIG Correction Factor,PRC DELEGATED CO-COMMISSIONING,LILFORD PARK SURGERY,22578013,619.75 ,WIG000027083,
Department of Health,NHS Wigan Borough CCG,6/30/2018,C&M-GMS PCO Seniority,PRC DELEGATED CO-COMMISSIONING,LILFORD PARK SURGERY,22578013,198.99 ,WIG000027083,
Department of Health,NHS Wigan Borough CCG,6/30/2018,C&M-GMS QOF Achievement,PRC DELEGATED CO-COMMISSIONING,LILFORD PARK SURGERY,22578013,"17,008.35 ",WIG000027083,
Department of Health,NHS Wigan Borough CCG,6/30/2018,C&M-GMS QOF Aspiration,PRC DELEGATED CO-COMMISSIONING,LILFORD PARK SURGERY,22578013,"3,152.99 ",WIG000027083,
Department of Health,NHS Wigan Borough CCG,6/30/2018,C&M-GMS DES Learn Dsblty Hlth Chk,PRC DELEGATED CO-COMMISSIONING,MARUS BRIDGE PRACTICE,22578015,"1,120.00 ",WIG000027085,
Department of Health,NHS Wigan Borough CCG,6/30/2018,C&M-GMS Global Sum,PRC DELEGATED CO-COMMISSIONING,MARUS BRIDGE PRACTICE,22578015,"38,750.04 ",WIG000027085,
Department of Health,NHS Wigan Borough CCG,6/30/2018,C&M-GMS MPIG Correction Factor,PRC DELEGATED CO-COMMISSIONING,MARUS BRIDGE PRACTICE,22578015,776.25 ,WIG000027085,
Department of Health,NHS Wigan Borough CCG,6/30/2018,C&M-GMS PCO Seniority,PRC DELEGATED CO-COMMISSIONING,MARUS BRIDGE PRACTICE,22578015,"3,385.29 ",WIG000027085,
Department of Health,NHS Wigan Borough CCG,6/30/2018,C&M-GMS QOF Achievement,PRC DELEGATED CO-COMMISSIONING,MARUS BRIDGE PRACTICE,22578015,"26,463.72 ",WIG000027085,
Department of Health,NHS Wigan Borough CCG,6/30/2018,C&M-GMS QOF Aspiration,PRC DELEGATED CO-COMMISSIONING,MARUS BRIDGE PRACTICE,22578015,"5,073.48 ",WIG000027085,
Department of Health,NHS Wigan Borough CCG,6/30/2018,C&M-PMS Contract Value,PRC DELEGATED CO-COMMISSIONING,PREMIER HEALTH TEAM,22578017,"22,159.02 ",WIG000027087,
Department of Health,NHS Wigan Borough CCG,6/30/2018,C&M-PMS DES Learn Dsblty Hlth Chk,PRC DELEGATED CO-COMMISSIONING,PREMIER HEALTH TEAM,22578017,700.00 ,WIG000027087,
Department of Health,NHS Wigan Borough CCG,6/30/2018,C&M-PMS DES Minor Surgery,PRC DELEGATED CO-COMMISSIONING,PREMIER HEALTH TEAM,22578017,45.66 ,WIG000027087,
Department of Health,NHS Wigan Borough CCG,6/30/2018,C&M-PMS Funding Differential Review,PRC DELEGATED CO-COMMISSIONING,PREMIER HEALTH TEAM,22578017,513.66 ,WIG000027087,
Department of Health,NHS Wigan Borough CCG,6/30/2018,C&M-PMS QOF Achievement,PRC DELEGATED CO-COMMISSIONING,PREMIER HEALTH TEAM,22578017,"9,166.86 ",WIG000027087,
Department of Health,NHS Wigan Borough CCG,6/30/2018,C&M-PMS QOF Aspiration,PRC DELEGATED CO-COMMISSIONING,PREMIER HEALTH TEAM,22578017,"2,207.10 ",WIG000027087,
Department of Health,NHS Wigan Borough CCG,6/30/2018,C&M-GMS DES Minor Surgery,PRC DELEGATED CO-COMMISSIONING,PEMBERTON SURGERY,22578019,273.93 ,WIG000027089,
Department of Health,NHS Wigan Borough CCG,6/30/2018,C&M-GMS Global Sum,PRC DELEGATED CO-COMMISSIONING,PEMBERTON SURGERY,22578019,"78,484.70 ",WIG000027089,
Department of Health,NHS Wigan Borough CCG,6/30/2018,C&M-GMS PCO Seniority,PRC DELEGATED CO-COMMISSIONING,PEMBERTON SURGERY,22578019,"1,101.39 ",WIG000027089,
Department of Health,NHS Wigan Borough CCG,6/30/2018,C&M-GMS QOF Achievement,PRC DELEGATED CO-COMMISSIONING,PEMBERTON SURGERY,22578019,"39,026.22 ",WIG000027089,
Department of Health,NHS Wigan Borough CCG,6/30/2018,C&M-GMS QOF Aspiration,PRC DELEGATED CO-COMMISSIONING,PEMBERTON SURGERY,22578019,"9,177.03 ",WIG000027089,
Department of Health,NHS Wigan Borough CCG,6/30/2018,C&M-GMS Global Sum,PRC DELEGATED CO-COMMISSIONING,SHAKESPEARE SURGERY LTD,22578021,"22,886.80 ",WIG000027091,
Department of Health,NHS Wigan Borough CCG,6/30/2018,C&M-GMS MPIG Correction Factor,PRC DELEGATED CO-COMMISSIONING,SHAKESPEARE SURGERY LTD,22578021,750.50 ,WIG000027091,
Department of Health,NHS Wigan Borough CCG,6/30/2018,C&M-GMS PCO Seniority,PRC DELEGATED CO-COMMISSIONING,SHAKESPEARE SURGERY LTD,22578021,"1,438.14 ",WIG000027091,
Department of Health,NHS Wigan Borough CCG,6/30/2018,C&M-GMS QOF Achievement,PRC DELEGATED CO-COMMISSIONING,SHAKESPEARE SURGERY LTD,22578021,"11,772.54 ",WIG000027091,
Department of Health,NHS Wigan Borough CCG,6/30/2018,C&M-GMS QOF Aspiration,PRC DELEGATED CO-COMMISSIONING,SHAKESPEARE SURGERY LTD,22578021,"2,439.43 ",WIG000027091,
Department of Health,NHS Wigan Borough CCG,6/30/2018,C&M-GMS Global Sum,PRC DELEGATED CO-COMMISSIONING,ASPULL SURGERY,22578024,"41,400.88 ",WIG000027095,
Department of Health,NHS Wigan Borough CCG,6/30/2018,C&M-GMS Other Small Practice All,PRC DELEGATED CO-COMMISSIONING,ASPULL SURGERY,22578024,"3,620.00 ",WIG000027095,
Department of Health,NHS Wigan Borough CCG,6/30/2018,C&M-GMS PCO Seniority,PRC DELEGATED CO-COMMISSIONING,ASPULL SURGERY,22578024,"1,053.32 ",WIG000027095,
Department of Health,NHS Wigan Borough CCG,6/30/2018,C&M-GMS Prem Notional Rent,PRC DELEGATED CO-COMMISSIONING,ASPULL SURGERY,22578024,"2,016.67 ",WIG000027095,
Department of Health,NHS Wigan Borough CCG,6/30/2018,C&M-GMS Prem Rates,PRC DELEGATED CO-COMMISSIONING,ASPULL SURGERY,22578024,"3,465.00 ",WIG000027095,
Department of Health,NHS Wigan Borough CCG,6/30/2018,C&M-GMS QOF Achievement,PRC DELEGATED CO-COMMISSIONING,ASPULL SURGERY,22578024,"25,258.63 ",WIG000027095,
Department of Health,NHS Wigan Borough CCG,6/30/2018,C&M-GMS QOF Aspiration,PRC DELEGATED CO-COMMISSIONING,ASPULL SURGERY,22578024,"5,753.14 ",WIG000027095,
Department of Health,NHS Wigan Borough CCG,6/30/2018,C&M-GMS Global Sum,PRC DELEGATED CO-COMMISSIONING,DICCONSON GROUP PRACTICE,22578026,"66,631.50 ",WIG000027097,
Department of Health,NHS Wigan Borough CCG,6/30/2018,C&M-GMS PCO Seniority,PRC DELEGATED CO-COMMISSIONING,DICCONSON GROUP PRACTICE,22578026,"2,141.24 ",WIG000027097,
Department of Health,NHS Wigan Borough CCG,6/30/2018,C&M-GMS QOF Achievement,PRC DELEGATED CO-COMMISSIONING,DICCONSON GROUP PRACTICE,22578026,"37,464.88 ",WIG000027097,
Department of Health,NHS Wigan Borough CCG,6/30/2018,C&M-GMS QOF Aspiration,PRC DELEGATED CO-COMMISSIONING,DICCONSON GROUP PRACTICE,22578026,"7,737.43 ",WIG000027097,
Department of Health,NHS Wigan Borough CCG,6/30/2018,C&M-GMS Global Sum,PRC DELEGATED CO-COMMISSIONING,DR B S RUSSELL & PARTNER,22578028,"30,807.54 ",WIG000027099,
Department of Health,NHS Wigan Borough CCG,6/30/2018,C&M-GMS MPIG Correction Factor,PRC DELEGATED CO-COMMISSIONING,DR B S RUSSELL & PARTNER,22578028,65.15 ,WIG000027099,
Department of Health,NHS Wigan Borough CCG,6/30/2018,C&M-GMS PCO Seniority,PRC DELEGATED CO-COMMISSIONING,DR B S RUSSELL & PARTNER,22578028,"1,022.65 ",WIG000027099,
Department of Health,NHS Wigan Borough CCG,6/30/2018,C&M-GMS QOF Achievement,PRC DELEGATED CO-COMMISSIONING,DR B S RUSSELL & PARTNER,22578028,"15,430.51 ",WIG000027099,
Department of Health,NHS Wigan Borough CCG,6/30/2018,C&M-GMS QOF Aspiration,PRC DELEGATED CO-COMMISSIONING,DR B S RUSSELL & PARTNER,22578028,"3,123.10 ",WIG000027099,
Department of Health,NHS Wigan Borough CCG,6/30/2018,C&M-GMS DES Learn Dsblty Hlth Chk,PRC DELEGATED CO-COMMISSIONING,P92042 DR CHAN & PARTNERS,22578030,560.00 ,WIG000027101,
Department of Health,NHS Wigan Borough CCG,6/30/2018,C&M-GMS Global Sum,PRC DELEGATED CO-COMMISSIONING,P92042 DR CHAN & PARTNERS,22578030,"35,461.41 ",WIG000027101,
Department of Health,NHS Wigan Borough CCG,6/30/2018,C&M-GMS PCO Seniority,PRC DELEGATED CO-COMMISSIONING,P92042 DR CHAN & PARTNERS,22578030,469.21 ,WIG000027101,
Department of Health,NHS Wigan Borough CCG,6/30/2018,C&M-GMS Prem Cost Rent,PRC DELEGATED CO-COMMISSIONING,P92042 DR CHAN & PARTNERS,22578030,997.33 ,WIG000027101,
Department of Health,NHS Wigan Borough CCG,6/30/2018,C&M-GMS QOF Achievement,PRC DELEGATED CO-COMMISSIONING,P92042 DR CHAN & PARTNERS,22578030,"16,103.63 ",WIG000027101,
Department of Health,NHS Wigan Borough CCG,6/30/2018,C&M-GMS QOF Aspiration,PRC DELEGATED CO-COMMISSIONING,P92042 DR CHAN & PARTNERS,22578030,"4,185.92 ",WIG000027101,
Department of Health,NHS Wigan Borough CCG,6/30/2018,C&M-GMS DES Learn Dsblty Hlth Chk,PRC DELEGATED CO-COMMISSIONING,P92647 DR A OLLERTON,22578034,560.00 ,WIG000027107,
Department of Health,NHS Wigan Borough CCG,6/30/2018,C&M-GMS Global Sum,PRC DELEGATED CO-COMMISSIONING,P92647 DR A OLLERTON,22578034,"26,169.19 ",WIG000027107,
Department of Health,NHS Wigan Borough CCG,6/30/2018,C&M-GMS QOF Achievement,PRC DELEGATED CO-COMMISSIONING,P92647 DR A OLLERTON,22578034,"12,180.93 ",WIG000027107,
Department of Health,NHS Wigan Borough CCG,6/30/2018,C&M-GMS QOF Aspiration,PRC DELEGATED CO-COMMISSIONING,P92647 DR A OLLERTON,22578034,"2,688.04 ",WIG000027107,
Department of Health,NHS Wigan Borough CCG,6/30/2018,Hcare Srv Rec NHS Trust-Contract Baseline,ACUTE COMMISSIONING,ROYAL LIVERPOOL AND BROADGREEN UNIVERSITY HOSPITALS NHS TRUST,22580665,"94,870.00 ",8610082459,
Department of Health,NHS Wigan Borough CCG,6/30/2018,Hcare Srv Rec Fdtn Trust-Contract Baseline,ACUTE COMMISSIONING,ALDER HEY CHILDRENS NHS FOUNDATION TRUST,22580667,"37,834.50 ",9110026297,
Department of Health,NHS Wigan Borough CCG,6/30/2018,Clinical&Medical-Independent Sector - Contract Baseline,ACUTE COMMISSIONING,GUY PILKINGTON MEMORIAL HOME LTD,22580668,"228,827.00 ",102580,
Department of Health,NHS Wigan Borough CCG,6/30/2018,Clinical&Medical-Independent Sector - Contract Baseline,ACUTE COMMISSIONING,BMI HEALTHCARE COLLECTIONS,22580671,"148,685.09 ",0000091662,
Department of Health,NHS Wigan Borough CCG,6/30/2018,Clinical&Medical-Independent Sector - Contract Baseline,ACUTE COMMISSIONING,EUXTON HALL HOSPITAL,22580673,"106,425.05 ",125KMJUN18,
Department of Health,NHS Wigan Borough CCG,6/30/2018,Hcare Srv Rec Fdtn Trust-Contract Baseline,ACUTE COMMISSIONING,LANCASHIRE TEACHING HOSPITALS NHS FOUNDATION TRUST,22580675,"191,850.00 ",15313981,
Department of Health,NHS Wigan Borough CCG,6/30/2018,Hcare Srv Rec Fdtn Trust-Contract Baseline,ACUTE COMMISSIONING,WALTON CENTRE NHS FOUNDATION TRUST,22580676,"62,744.70 ",N0019651,
Department of Health,NHS Wigan Borough CCG,6/30/2018,Clinical&Medical-Independent Sector - Contract Baseline,ACUTE COMMISSIONING,OAKLANDS HOSPITAL,22580681,"60,111.96 ",L0850618,
Department of Health,NHS Wigan Borough CCG,6/30/2018,Hcare Srv Rec Fdtn Trust-Contract Baseline,ACUTE COMMISSIONING,CHRISTIE HOSPITAL NHS FOUNDATION TRUST,22580683,"155,963.08 ",30167,
Department of Health,NHS Wigan Borough CCG,6/30/2018,Hcare Srv Rec NHS Trust-Prior Year,ACUTE COMMISSIONING,LEEDS TEACHING HOSPITALS NHS TRUST,22580684,"25,268.17 ",1410097609,
Department of Health,NHS Wigan Borough CCG,6/30/2018,Clinical&Medical-Independent Sector - Contract Baseline,ACUTE COMMISSIONING,SPAMEDICA LTD,22580700,"81,739.74 ",NHSWB076,
Department of Health,NHS Wigan Borough CCG,6/30/2018,Hcare Srv Rec Fdtn Trust-Contract Baseline,ACUTE COMMISSIONING,CHRISTIE HOSPITAL NHS FOUNDATION TRUST,22580731,"(155,963.08)",CRN1030167,
Department of Health,NHS Wigan Borough CCG,6/30/2018,Hcare Srv Rec NHS Trust-Contract Baseline,NHS 111,NORTH WEST AMBULANCE SERVICE NHS TRUST,22580749,"69,286.00 ",4110038580,
Department of Health,NHS Wigan Borough CCG,6/30/2018,Hcare Srv Rec NHS Trust-Contract Baseline,AMBULANCE SERVICES,NORTH WEST AMBULANCE SERVICE NHS TRUST,22580752,"739,764.00 ",4110038642,
Department of Health,NHS Wigan Borough CCG,6/30/2018,Hcare Srv Rec NHS Trust-Contract Baseline,AMBULANCE SERVICES,NORTH WEST AMBULANCE SERVICE NHS TRUST,22580754,"142,005.00 ",4110038700,
Department of Health,NHS Wigan Borough CCG,6/30/2018,Hcare Srv Rec NHS Trust-Contract Baseline,ACUTE COMMISSIONING,ST HELENS AND KNOWSLEY HOSPITALS NHS TRUST,22580770,"344,067.00 ",16775602,
Department of Health,NHS Wigan Borough CCG,6/30/2018,Hcare Srv Rec NHS Trust-Contract Baseline,ACUTE COMMISSIONING,SOUTHPORT AND ORMSKIRK HOSPITAL NHS TRUST,22580775,"38,601.00 ",7526772,
Department of Health,NHS Wigan Borough CCG,6/30/2018,Charges from CCG,CORPORATE COSTS & SERVICES,NHS OLDHAM CCG,22580788,"26,519.00 ",7011704065,
Department of Health,NHS Wigan Borough CCG,6/30/2018,Charges from CCG,PRIMARY CARE IT,NHS OLDHAM CCG,22580788,"131,606.00 ",7011704065,
Department of Health,NHS Wigan Borough CCG,6/30/2018,Hcare Srv Rec Fdtn Trust-Contract Baseline,ACUTE COMMISSIONING,SALFORD ROYAL HOSPITALS NHS FOUNDATION TRUST,22582805,"1,358,430.00 ",S0016900,
Department of Health,NHS Wigan Borough CCG,6/30/2018,C&M-GMS DES Learn Dsblty Hlth Chk,PRC DELEGATED CO-COMMISSIONING,DR N HATIKAKOTY,22596844,840.00 ,WIG000027041,
Department of Health,NHS Wigan Borough CCG,6/30/2018,C&M-GMS Global Sum,PRC DELEGATED CO-COMMISSIONING,DR N HATIKAKOTY,22596844,"15,578.96 ",WIG000027041,
Department of Health,NHS Wigan Borough CCG,6/30/2018,C&M-GMS PCO Seniority,PRC DELEGATED CO-COMMISSIONING,DR N HATIKAKOTY,22596844,"1,558.67 ",WIG000027041,
Department of Health,NHS Wigan Borough CCG,6/30/2018,C&M-GMS Prem Notional Rent,PRC DELEGATED CO-COMMISSIONING,DR N HATIKAKOTY,22596844,"1,833.33 ",WIG000027041,
Department of Health,NHS Wigan Borough CCG,6/30/2018,C&M-GMS Prem Rates,PRC DELEGATED CO-COMMISSIONING,DR N HATIKAKOTY,22596844,"2,015.21 ",WIG000027041,
Department of Health,NHS Wigan Borough CCG,6/30/2018,C&M-GMS Prem Water Rates,PRC DELEGATED CO-COMMISSIONING,DR N HATIKAKOTY,22596844,"47,468.53 ",WIG000027041,
Department of Health,NHS Wigan Borough CCG,6/30/2018,C&M-GMS QOF Achievement,PRC DELEGATED CO-COMMISSIONING,DR N HATIKAKOTY,22596844,"5,430.21 ",WIG000027041,
Department of Health,NHS Wigan Borough CCG,6/30/2018,C&M-GMS QOF Aspiration,PRC DELEGATED CO-COMMISSIONING,DR N HATIKAKOTY,22596844,"1,471.05 ",WIG000027041,
Department of Health,NHS Wigan Borough CCG,6/30/2018,C&M-GMS DES Minor Surgery,PRC DELEGATED CO-COMMISSIONING,DR SIVAKUMAR & PARTNERS,22596845,365.27 ,WIG000027045,
Department of Health,NHS Wigan Borough CCG,6/30/2018,C&M-GMS Global Sum,PRC DELEGATED CO-COMMISSIONING,DR SIVAKUMAR & PARTNERS,22596845,"32,237.98 ",WIG000027045,
Department of Health,NHS Wigan Borough CCG,6/30/2018,C&M-GMS LES Dermatology/Cryotherapy,LOCAL ENHANCED SERVICES,DR SIVAKUMAR & PARTNERS,22596845,58.26 ,WIG000027045,
Department of Health,NHS Wigan Borough CCG,6/30/2018,C&M-GMS PCO Seniority,PRC DELEGATED CO-COMMISSIONING,DR SIVAKUMAR & PARTNERS,22596845,"1,576.87 ",WIG000027045,
Department of Health,NHS Wigan Borough CCG,6/30/2018,C&M-GMS Prem Notional Rent,PRC DELEGATED CO-COMMISSIONING,DR SIVAKUMAR & PARTNERS,22596845,"2,041.67 ",WIG000027045,
Department of Health,NHS Wigan Borough CCG,6/30/2018,C&M-GMS Prem Rates,PRC DELEGATED CO-COMMISSIONING,DR SIVAKUMAR & PARTNERS,22596845,"10,986.73 ",WIG000027045,
Department of Health,NHS Wigan Borough CCG,6/30/2018,C&M-GMS QOF Achievement,PRC DELEGATED CO-COMMISSIONING,DR SIVAKUMAR & PARTNERS,22596845,"16,213.22 ",WIG000027045,
Department of Health,NHS Wigan Borough CCG,6/30/2018,C&M-GMS QOF Aspiration,PRC DELEGATED CO-COMMISSIONING,DR SIVAKUMAR & PARTNERS,22596845,"3,679.56 ",WIG000027045,
Department of Health,NHS Wigan Borough CCG,6/30/2018,C&M-GMS Global Sum,PRC DELEGATED CO-COMMISSIONING,DR T M SPIELMANN & PARTNERS,22596846,"49,682.81 ",WIG000027061,
Department of Health,NHS Wigan Borough CCG,6/30/2018,C&M-GMS MPIG Correction Factor,PRC DELEGATED CO-COMMISSIONING,DR T M SPIELMANN & PARTNERS,22596846,505.74 ,WIG000027061,
Department of Health,NHS Wigan Borough CCG,6/30/2018,C&M-GMS Other Small Practice All,PRC DELEGATED CO-COMMISSIONING,DR T M SPIELMANN & PARTNERS,22596846,"4,420.00 ",WIG000027061,
Department of Health,NHS Wigan Borough CCG,6/30/2018,C&M-GMS PCO Seniority,PRC DELEGATED CO-COMMISSIONING,DR T M SPIELMANN & PARTNERS,22596846,"1,508.23 ",WIG000027061,
Department of Health,NHS Wigan Borough CCG,6/30/2018,C&M-GMS Prem Clinical Waste,PRC DELEGATED CO-COMMISSIONING,DR T M SPIELMANN & PARTNERS,22596846,12.00 ,WIG000027061,
Department of Health,NHS Wigan Borough CCG,6/30/2018,C&M-GMS Prem Other,PRC DELEGATED CO-COMMISSIONING,DR T M SPIELMANN & PARTNERS,22596846,446.87 ,WIG000027061,
Department of Health,NHS Wigan Borough CCG,6/30/2018,C&M-GMS QOF Achievement,PRC DELEGATED CO-COMMISSIONING,DR T M SPIELMANN & PARTNERS,22596846,"27,627.82 ",WIG000027061,
Department of Health,NHS Wigan Borough CCG,6/30/2018,C&M-GMS QOF Aspiration,PRC DELEGATED CO-COMMISSIONING,DR T M SPIELMANN & PARTNERS,22596846,"5,637.48 ",WIG000027061,
Department of Health,NHS Wigan Borough CCG,6/30/2018,ME - GMS GP Prior Year ERs,PRC DELEGATED CO-COMMISSIONING,DR T M SPIELMANN & PARTNERS,22596846,"2,307.74 ",WIG000027061,
Department of Health,NHS Wigan Borough CCG,6/30/2018,ME-GMS GP Prior Year EEs,PRC DELEGATED CO-COMMISSIONING,DR T M SPIELMANN & PARTNERS,22596846,"2,166.53 ",WIG000027061,
Department of Health,NHS Wigan Borough CCG,6/30/2018,C&M-GMS DES Learn Dsblty Hlth Chk,PRC DELEGATED CO-COMMISSIONING,STANDISH MEDICAL PRACTICE,22596847,980.00 ,WIG000027093,
Department of Health,NHS Wigan Borough CCG,6/30/2018,C&M-GMS Global Sum,PRC DELEGATED CO-COMMISSIONING,STANDISH MEDICAL PRACTICE,22596847,"85,390.82 ",WIG000027093,
Department of Health,NHS Wigan Borough CCG,6/30/2018,C&M-GMS Other Small Practice All,PRC DELEGATED CO-COMMISSIONING,STANDISH MEDICAL PRACTICE,22596847,"7,365.00 ",WIG000027093,
Department of Health,NHS Wigan Borough CCG,6/30/2018,C&M-GMS PCO Seniority,PRC DELEGATED CO-COMMISSIONING,STANDISH MEDICAL PRACTICE,22596847,"3,556.08 ",WIG000027093,
Department of Health,NHS Wigan Borough CCG,6/30/2018,C&M-GMS Prem Actual Rent,PRC DELEGATED CO-COMMISSIONING,STANDISH MEDICAL PRACTICE,22596847,"71,458.68 ",WIG000027093,
Department of Health,NHS Wigan Borough CCG,6/30/2018,C&M-GMS Prem Water Rates,PRC DELEGATED CO-COMMISSIONING,STANDISH MEDICAL PRACTICE,22596847,"1,280.52 ",WIG000027093,
Department of Health,NHS Wigan Borough CCG,6/30/2018,C&M-GMS QOF Achievement,PRC DELEGATED CO-COMMISSIONING,STANDISH MEDICAL PRACTICE,22596847,"47,225.42 ",WIG000027093,
Department of Health,NHS Wigan Borough CCG,6/30/2018,C&M-GMS QOF Aspiration,PRC DELEGATED CO-COMMISSIONING,STANDISH MEDICAL PRACTICE,22596847,"9,483.93 ",WIG000027093,
Department of Health,NHS Wigan Borough CCG,6/30/2018,Cont Care-Physical Disab (65+),CHC ADULT FULLY FUNDED,BELONG LTD,22602939,"44,342.86 ",01851017797,
Department of Health,NHS Wigan Borough CCG,6/30/2018,Clinical&Medical-Voluntary Sector,MENTAL HEALTH CONTRACTS,ALTERNATIVE FUTURES GROUP,22603196,"98,885.58 ",AFSI059853,
Department of Health,NHS Wigan Borough CCG,6/30/2018,Cont Care- Palliative Care,CHC ADULT FULLY FUNDED,ST GEORGES WIGAN LTD,22603226,"9,500.58 ",097,
Department of Health,NHS Wigan Borough CCG,6/30/2018,Cont Care-Mental Health (65+),CHC ADULT FULLY FUNDED,ST GEORGES WIGAN LTD,22603226,"18,334.29 ",097,
Department of Health,NHS Wigan Borough CCG,6/30/2018,Cont Care-Physical Disab (65+),CHC ADULT FULLY FUNDED,ST GEORGES WIGAN LTD,22603226,"46,607.45 ",097,
Department of Health,NHS Wigan Borough CCG,6/30/2018,Soc Care-Other Soc Care,COMMISSIONING - NON ACUTE,WIGAN COUNCIL,22603294,"1,564,386.58 ",71251418300,
Department of Health,NHS Wigan Borough CCG,6/30/2018,Charges from CCG,CORPORATE COSTS & SERVICES,NHS SALFORD CCG,22623187,"45,350.00 ",7012300894,
Department of Health,NHS Wigan Borough CCG,6/30/2018,Clinical&Medical-Voluntary Sector,COUNSELLING SERVICES,STROKE ASSOCIATION,22623206,"25,075.00 ",MSSI55,
Department of Health,NHS Wigan Borough CCG,6/30/2018,Recharge : Received,LEARNING DIFFICULTIES,WIGAN COUNCIL,22623208,"6,876.52 ",91250978740,
Department of Health,NHS Wigan Borough CCG,6/30/2018,Recharge : Received,Learning Difficulties - S117,WIGAN COUNCIL,22623208,"16,500.00 ",91250978740,
Department of Health,NHS Wigan Borough CCG,6/30/2018,Recharge : Received,MENTAL HEALTH CONTRACTS,WIGAN COUNCIL,22623208,"6,575.20 ",91250978740,
Department of Health,NHS Wigan Borough CCG,6/30/2018,Recharge : Received,Mental Health Services - S117 Mental Health,WIGAN COUNCIL,22623208,"108,395.62 ",91250978740,
Department of Health,NHS Wigan Borough CCG,6/30/2018,Hcare Srv Rec Fdtn Trust-Contract Baseline,ACUTE COMMISSIONING,ROYAL BOLTON HOSPITAL NHS FOUNDATION TRUST,22623213,"1,460,348.44 ",0001048999,
Department of Health,NHS Wigan Borough CCG,6/30/2018,Charges from CCG,CONTINUING HEALTHCARE ASSESSMENT & SUPPORT,NHS OLDHAM CCG,22623216,"2,343.66 ",7011704060,
Department of Health,NHS Wigan Borough CCG,6/30/2018,Charges from CCG,CORPORATE COSTS & SERVICES,NHS OLDHAM CCG,22623216,"26,381.34 ",7011704060,
Department of Health,NHS Wigan Borough CCG,6/30/2018,Chrgs from SLA,COMMISSIONING - NON ACUTE,NHS OLDHAM CCG,22623216,"6,818.00 ",7011704060,
Department of Health,NHS Wigan Borough CCG,6/30/2018,Cont Care-Funded Nursing Care Allow,FUNDED NURSING CARE,WIGAN COUNCIL,22623221,"265,295.81 ",71251399807,
Department of Health,NHS Wigan Borough CCG,6/30/2018,Hcare Srv Rec Fdtn Trust-CQUIN,MENTAL HEALTH CONTRACTS,GREATER MANCHESTER WEST MENTAL HEALTH NHS FOUNDATION TRUST,22623242,513.25 ,0000028398,
Department of Health,NHS Wigan Borough CCG,6/30/2018,Hcare Srv Rec Fdtn Trust-Contract Baseline,MENTAL HEALTH CONTRACTS,GREATER MANCHESTER WEST MENTAL HEALTH NHS FOUNDATION TRUST,22623242,"63,056.89 ",0000028398,
Department of Health,NHS Wigan Borough CCG,6/30/2018,Hcare Srv Rec Fdtn Trust-Contract Variation,MENTAL HEALTH CONTRACTS,GREATER MANCHESTER WEST MENTAL HEALTH NHS FOUNDATION TRUST,22623242,"6,064.92 ",0000028398,
Department of Health,NHS Wigan Borough CCG,6/30/2018,Clinical&Medical-Commercial Sector,COMMUNITY SERVICES,BOC LTD,22642014,"29,166.67 ",3047547801,
Department of Health,NHS Wigan Borough CCG,6/30/2018,Clinical&Medical-Commercial Sector,MENTAL HEALTH CONTRACTS,HC ONE LTD,22657432,"8,105.26 ",IROS16052018,
Department of Health,NHS Wigan Borough CCG,6/30/2018,Clinical&Medical-Commercial Sector,Mental Health Services - S117 Mental Health,HC ONE LTD,22657432,"4,052.63 ",IROS16052018,
Department of Health,NHS Wigan Borough CCG,6/30/2018,Cont Care- Palliative Care,CHC ADULT FULLY FUNDED,HC ONE LTD,22657432,"3,537.86 ",IROS16052018,
Department of Health,NHS Wigan Borough CCG,6/30/2018,Cont Care-Mental Health (65+),CHC ADULT FULLY FUNDED,HC ONE LTD,22657432,"23,182.88 ",IROS16052018,
Department of Health,NHS Wigan Borough CCG,6/30/2018,Cont Care-Physical Disab (65+),CHC ADULT FULLY FUNDED,HC ONE LTD,22657432,"10,292.87 ",IROS16052018,
Department of Health,NHS Wigan Borough CCG,6/30/2018,Cont Care-Physical Disab (<65),CHC ADULT FULLY FUNDED,HC ONE LTD,22657432,"2,897.86 ",IROS16052018,
Department of Health,NHS Wigan Borough CCG,6/30/2018,Clinical&Medical-Othe Public Sector,MENTAL HEALTH SERVICES - OTHER,WIGAN COUNCIL,22657451,"96,000.00 ",71251434407,
Department of Health,NHS Wigan Borough CCG,6/30/2018,Recharge : Received,CHC ADULT FULLY FUNDED,WIGAN COUNCIL,22687633,"108,164.58 ",71251323408,
Department of Health,NHS Wigan Borough CCG,6/30/2018,Recharge : Received,CHC ADULT FULLY FUNDED,WIGAN COUNCIL,22687639,"140,061.39 ",71251337805,
Department of Health,NHS Wigan Borough CCG,6/30/2018,Cont Care- Palliative Care,CHC ADULT FULLY FUNDED,LAKESIDE CARE HOME,22687667,"9,030.00 ",100789,
Department of Health,NHS Wigan Borough CCG,6/30/2018,Cont Care-Physical Disab (65+),CHC ADULT FULLY FUNDED,LAKESIDE CARE HOME,22687667,"25,523.58 ",100789,
Department of Health,NHS Wigan Borough CCG,6/30/2018,Hcare Srv Rec Fdtn Trust-Contract Baseline,COMMUNITY SERVICES,BRIDGEWATER COMMUNITY HEALTHCARE NHS FOUNDATION TRUST,22731672,"2,703,315.00 ",26308556,
Department of Health,NHS Wigan Borough CCG,6/30/2018,Hcare Srv Rec Fdtn Trust-Contract Baseline,OUT OF HOURS,BRIDGEWATER COMMUNITY HEALTHCARE NHS FOUNDATION TRUST,22731672,"172,943.42 ",26308556,
Department of Health,NHS Wigan Borough CCG,6/30/2018,Hcare Srv Rec Fdtn Trust-CQUIN,COMMUNITY SERVICES,BRIDGEWATER COMMUNITY HEALTHCARE NHS FOUNDATION TRUST,22731677,"66,007.09 ",26308557,
Department of Health,NHS Wigan Borough CCG,6/30/2018,Hcare Srv Rec Fdtn Trust-CQUIN,OUT OF HOURS,BRIDGEWATER COMMUNITY HEALTHCARE NHS FOUNDATION TRUST,22731677,"4,323.58 ",26308557,
Department of Health,NHS Wigan Borough CCG,6/30/2018,Cont Care- Palliative Care,CHC ADULT FULLY FUNDED,HC ONE LTD,22731699,"2,721.43 ",IASV16062018TS,
Department of Health,NHS Wigan Borough CCG,6/30/2018,Cont Care-Mental Health (65+),CHC ADULT FULLY FUNDED,HC ONE LTD,22731699,"12,906.43 ",IASV16062018TS,
Department of Health,NHS Wigan Borough CCG,6/30/2018,Cont Care-Mental Health (<65),CHC ADULT FULLY FUNDED,HC ONE LTD,22731699,"2,721.43 ",IASV16062018TS,
Department of Health,NHS Wigan Borough CCG,6/30/2018,Cont Care-Physical Disab (65+),CHC ADULT FULLY FUNDED,HC ONE LTD,22731699,"10,885.72 ",IASV16062018TS,
Department of Health,NHS Wigan Borough CCG,6/30/2018,Hcare Srv Rec Fdtn Trust-Contract Baseline,ACUTE COMMISSIONING,AINTREE UNIVERSITY HOSPITALS NHS FOUNDATION TRUST,22744658,"55,160.58 ",8410038945,
Department of Health,NHS Wigan Borough CCG,6/30/2018,Clinical&Medical-Independent Sector - Prior Year,ACUTE COMMISSIONING,BMI HEALTHCARE COLLECTIONS,22744752,"42,906.39 ",0000092030,
Department of Health,NHS Wigan Borough CCG,6/30/2018,Hcare Srv Rec Fdtn Trust-Contract Baseline,ACUTE COMMISSIONING,WARRINGTON & HALTON HOSPITALS NHS FOUNDATION TRUST,22744759,"271,335.00 ",15368802,
Department of Health,NHS Wigan Borough CCG,6/30/2018,Cont Care- Palliative Care,CHC ADULT FULLY FUNDED,HC ONE LTD,22754483,"5,442.69 ",IRIC16062018TS,
Department of Health,NHS Wigan Borough CCG,6/30/2018,Cont Care-Physical Disab (65+),CHC ADULT FULLY FUNDED,HC ONE LTD,22754483,"26,205.91 ",IRIC16062018TS,
Department of Health,NHS Wigan Borough CCG,6/30/2018,Cont Care-Physical Disab (<65),CHC ADULT FULLY FUNDED,HC ONE LTD,22754483,"2,721.43 ",IRIC16062018TS,
Department of Health,NHS Wigan Borough CCG,6/30/2018,Participation Fees,COMMISSIONING SCHEMES,P92023 DR WARNER & PARTNERS,22771983,"28,066.05 ",PCSTANDARDS17185,
Department of Health,NHS Wigan Borough CCG,6/30/2018,Participation Fees,COMMISSIONING SCHEMES,P92607 GRASMERE SURGERY,22771995,"27,145.55 ",PCSTANDARDS17185,
Department of Health,NHS Wigan Borough CCG,6/30/2018,Participation Fees,COMMISSIONING SCHEMES,P92003 DICCONSON GROUP PRACTICE,22772008,"28,204.99 ",PCSTANDARDS17185,
Department of Health,NHS Wigan Borough CCG,6/30/2018,Participation Fees,COMMISSIONING SCHEMES,P92010 BEECH HILL MEDICAL PRACTICE,22772009,"41,429.74 ",PCSTANDARDS17185,
Department of Health,NHS Wigan Borough CCG,6/30/2018,Participation Fees,COMMISSIONING SCHEMES,P92017 SHEVINGTON SURGERY,22772014,"38,632.62 ",PCSTANDARDS17185,
Department of Health,NHS Wigan Borough CCG,6/30/2018,Participation Fees,COMMISSIONING SCHEMES,P92026 DR M K PATEL & PARTNERS,22772028,"25,415.53 ",PCSTANDARDS17185,
Department of Health,NHS Wigan Borough CCG,6/30/2018,Participation Fees,COMMISSIONING SCHEMES,P92004 DR TUN & PARTNERS,22772031,"27,479.94 ",PCSTANDARDS17185,
Department of Health,NHS Wigan Borough CCG,6/30/2018,Participation Fees,COMMISSIONING SCHEMES,P92008 BRADSHAW MEDICAL CENTRE,22772033,"28,692.21 ",PCSTANDARDS17185,
Department of Health,NHS Wigan Borough CCG,6/30/2018,Participation Fees,COMMISSIONING SCHEMES,P92011 SULLIVAN WAY SURGERY,22772035,"25,600.86 ",PCSTANDARDS17185,
Department of Health,NHS Wigan Borough CCG,6/30/2018,Participation Fees,COMMISSIONING SCHEMES,P92014 STANDISH MEDICAL PRACTICE,22772036,"36,491.45 ",PCSTANDARDS17185,
Department of Health,NHS Wigan Borough CCG,6/30/2018,Participation Fees,COMMISSIONING SCHEMES,P92016 PENNYGATE MEDICAL CENTRE,22772037,"57,937.02 ",PCSTANDARDS17185,
Department of Health,NHS Wigan Borough CCG,6/30/2018,Participation Fees,COMMISSIONING SCHEMES,P92019 PEMBERTON SURGERY,22772038,"33,143.89 ",PCSTANDARDS17185,
Department of Health,NHS Wigan Borough CCG,6/30/2018,Participation Fees,COMMISSIONING SCHEMES,Y02322 - LEIGH FAMILY PRACTICE,22772043,"28,213.40 ",PCSTANDARDS17185,
Department of Health,NHS Wigan Borough CCG,6/30/2018,Hcare Srv Rec Fdtn Trust-Contract Baseline,ACUTE COMMISSIONING,ROYAL BOLTON HOSPITAL NHS FOUNDATION TRUST,22791054,"36,935.56 ",0001049000,
Department of Health,NHS Wigan Borough CCG,6/30/2018,Postage & Carriage,COMMISSIONING - NON ACUTE,WRIGHTINGTON WIGAN & LEIGH NHS FOUNDATION TRUST,22791107,"40,306.62 ",55578304,
Department of Health,NHS Wigan Borough CCG,6/30/2018,Postage & Carriage,CORPORATE COSTS & SERVICES,WRIGHTINGTON WIGAN & LEIGH NHS FOUNDATION TRUST,22791107,"4,478.51 ",55578304,
Department of Health,NHS Wigan Borough CCG,6/30/2018,Clinical&Medical-Commercial Sector,MENTAL HEALTH CONTRACTS,CHEADLE ROYAL PRIORY,22791110,"40,755.00 ",2900012266,
Department of Health,NHS Wigan Borough CCG,6/30/2018,Clinical&Medical-Commercial Sector,MENTAL HEALTH CONTRACTS,CHEADLE ROYAL PRIORY,22791118,"27,100.00 ",2900012267,
Department of Health,NHS Wigan Borough CCG,6/30/2018,Cont Care- Palliative Care,CHC ADULT FULLY FUNDED,HC ONE LTD,22791152,"17,322.86 ",IWES16062018TS,
Department of Health,NHS Wigan Borough CCG,6/30/2018,Cont Care-Mental Health (65+),CHC ADULT FULLY FUNDED,HC ONE LTD,22791152,"24,492.87 ",IWES16062018TS,
Department of Health,NHS Wigan Borough CCG,6/30/2018,Cont Care-Physical Disab (65+),CHC ADULT FULLY FUNDED,HC ONE LTD,22791152,"24,781.44 ",IWES16062018TS,
Department of Health,NHS Wigan Borough CCG,6/30/2018,Cont Care- Palliative Care,CHC ADULT FULLY FUNDED,HC ONE LTD,22791155,"11,792.86 ",ICAR16062018TS,
Department of Health,NHS Wigan Borough CCG,6/30/2018,Cont Care-Learning Disab(65+),Adult Joint Funded Continuing Care,HC ONE LTD,22791155,"2,721.43 ",ICAR16062018TS,
Department of Health,NHS Wigan Borough CCG,6/30/2018,Cont Care-Physical Disab (65+),CHC ADULT FULLY FUNDED,HC ONE LTD,22791155,"37,714.30 ",ICAR16062018TS,
Department of Health,NHS Wigan Borough CCG,6/30/2018,Cont Care-Physical Disab (<65),CHC ADULT FULLY FUNDED,HC ONE LTD,22791155,"23,579.99 ",ICAR16062018TS,
Department of Health,NHS Wigan Borough CCG,6/30/2018,Recharge : Received,LEARNING DIFFICULTIES,WIGAN COUNCIL,22791213,"6,876.52 ",91251580946,
Department of Health,NHS Wigan Borough CCG,6/30/2018,Recharge : Received,Learning Difficulties - S117,WIGAN COUNCIL,22791213,"13,112.50 ",91251580946,
Department of Health,NHS Wigan Borough CCG,6/30/2018,Recharge : Received,MENTAL HEALTH CONTRACTS,WIGAN COUNCIL,22791213,"6,575.20 ",91251580946,
Department of Health,NHS Wigan Borough CCG,6/30/2018,Recharge : Received,Mental Health Services - S117 Mental Health,WIGAN COUNCIL,22791213,"119,212.18 ",91251580946,
Department of Health,NHS Wigan Borough CCG,6/30/2018,Hcare Srv Rec Fdtn Trust-Contract Baseline,ACUTE COMMISSIONING,WRIGHTINGTON WIGAN & LEIGH NHS FOUNDATION TRUST,22820301,"15,020,000.00 ",55578475,
Department of Health,NHS Wigan Borough CCG,6/30/2018,Hcare Srv Rec Fdtn Trust-Contract Baseline,WINTER PRESSURES,WRIGHTINGTON WIGAN & LEIGH NHS FOUNDATION TRUST,22820301,"113,334.00 ",55578475,
Department of Health,NHS Wigan Borough CCG,6/30/2018,Hcare Srv Rec Fdtn Trust-Contract Baseline,Winter Resilience,WRIGHTINGTON WIGAN & LEIGH NHS FOUNDATION TRUST,22820301,"33,333.00 ",55578475,
Department of Health,NHS Wigan Borough CCG,6/30/2018,Hcare Srv Rec Fdtn Trust-Contract Baseline,ACUTE COMMISSIONING,MANCHESTER UNIVERSITY NHS FOUNDATION TRUST,22843212,"697,945.50 ",0000403172,
,,,,,,,,,
