Transparency report March 2019,,,,,,,,
,,,,,,,,
Department family,Entity,Date,Expense Type,Expense area,Supplier,Transaction number,AP Amount (�),Purchase invoice number
Department of Health,NHS Wigan Borough CCG,3/31/2019,Clinical&Medical-Independent Sector,CHILD AND ADOLESCENT MENTAL HEALTH,ALTRINCHAM GIRLS GRAMMAR SCHOOL,26232985,"94,114.00 ",AGSI2142
Department of Health,NHS Wigan Borough CCG,3/31/2019,Cont Care- Adult 100% Fully Funded,CHC ADULT FULLY FUNDED,BELONG LTD,26272132,"41,564.22 ",01851019715
Department of Health,NHS Wigan Borough CCG,3/31/2019,Cont Care- Adult 100% Fully Funded,CHC ADULT FULLY FUNDED,BELONG LTD,26272137,"33,436.75 ",02451021893
Department of Health,NHS Wigan Borough CCG,3/31/2019,Cont Care-Mental Health (65+),CHC ADULT FULLY FUNDED,STOCKS HALL CARE HOMES LTD,26272141,"6,164.44 ",WIG1110219
Department of Health,NHS Wigan Borough CCG,3/31/2019,Cont Care-Physical Disab (65+),CHC ADULT FULLY FUNDED,STOCKS HALL CARE HOMES LTD,26272141,"20,276.82 ",WIG1110219
Department of Health,NHS Wigan Borough CCG,3/31/2019,Cont Care- Palliative Care,CHC ADULT FULLY FUNDED,ST GEORGES WIGAN LTD,26272152,"2,644.64 ",110
Department of Health,NHS Wigan Borough CCG,3/31/2019,Cont Care-Mental Health (65+),CHC ADULT FULLY FUNDED,ST GEORGES WIGAN LTD,26272152,"18,252.36 ",110
Department of Health,NHS Wigan Borough CCG,3/31/2019,Cont Care-Physical Disab (65+),CHC ADULT FULLY FUNDED,ST GEORGES WIGAN LTD,26272152,"29,488.48 ",110
Department of Health,NHS Wigan Borough CCG,3/31/2019,Cont Care-Mental Health (65+),CHC ADULT FULLY FUNDED,STOCKS HALL CARE HOMES LTD,26272155,"(6,164.44)",WIG1110319
Department of Health,NHS Wigan Borough CCG,3/31/2019,Cont Care-Physical Disab (65+),CHC ADULT FULLY FUNDED,STOCKS HALL CARE HOMES LTD,26272155,"(20,276.82)",WIG1110319
Department of Health,NHS Wigan Borough CCG,3/31/2019,Cont Care- Adult 100% Fully Funded,CHC ADULT FULLY FUNDED,WIGAN COUNCIL,26309171,"152,839.89 ",71256988707
Department of Health,NHS Wigan Borough CCG,3/31/2019,Clinical&Medical-Independent Sector - Over/ Under Performance,ACUTE COMMISSIONING,EUXTON HALL HOSPITAL,26309218,"(45,796.17)",132KMDEC18WIG
Department of Health,NHS Wigan Borough CCG,3/31/2019,Hcare Srv Rec NHS Trust-Over/ Under Performance,ACUTE COMMISSIONING,ST HELENS AND KNOWSLEY HOSPITALS NHS TRUST,26309239,"35,208.00 ",16782413
Department of Health,NHS Wigan Borough CCG,3/31/2019,Hcare Srv Rec NHS Trust-Over/ Under Performance,ACUTE COMMISSIONING,ST HELENS AND KNOWSLEY HOSPITALS NHS TRUST,26309355,"(35,208.00)",16782434
Department of Health,NHS Wigan Borough CCG,3/31/2019,Hcare Srv Rec Fdtn Trust-Non Contract,COMMUNITY SERVICES,BRIDGEWATER COMMUNITY HEALTHCARE NHS FOUNDATION TRUST,26310152,"34,631.00 ",26311809
Department of Health,NHS Wigan Borough CCG,3/31/2019,Clinical&Medical-Commercial Sector,MENTAL HEALTH CONTRACTS,ALTERNATIVE FUTURES GROUP,26310193,"99,874.42 ",AFSI060950
Department of Health,NHS Wigan Borough CCG,3/31/2019,Clinical&Medical-Independent Sector,COMMISSIONING SCHEMES,CITY HEALTH CARE PARTNERSHIP CIC,26350984,"35,000.00 ",7410034157
Department of Health,NHS Wigan Borough CCG,3/31/2019,Charges from CCG,CORPORATE COSTS & SERVICES,NHS OLDHAM CCG,26351004,"26,519.00 ",7011705378
Department of Health,NHS Wigan Borough CCG,3/31/2019,Charges from CCG,PRIMARY CARE IT,NHS OLDHAM CCG,26351004,"123,261.00 ",7011705378
Department of Health,NHS Wigan Borough CCG,3/31/2019,C&M-GMS DES Extended Hours Access,PRC DELEGATED CO-COMMISSIONING,BEECH HILL MEDICAL CENTRE,26364623,"6,074.30 ",WIG000030600
Department of Health,NHS Wigan Borough CCG,3/31/2019,C&M-GMS DES Minor Surgery,PRC DELEGATED CO-COMMISSIONING,BEECH HILL MEDICAL CENTRE,26364623,"6,118.28 ",WIG000030600
Department of Health,NHS Wigan Borough CCG,3/31/2019,C&M-GMS Global Sum,PRC DELEGATED CO-COMMISSIONING,BEECH HILL MEDICAL CENTRE,26364623,"96,475.38 ",WIG000030600
Department of Health,NHS Wigan Borough CCG,3/31/2019,C&M-GMS PCO Seniority,PRC DELEGATED CO-COMMISSIONING,BEECH HILL MEDICAL CENTRE,26364623,"4,027.31 ",WIG000030600
Department of Health,NHS Wigan Borough CCG,3/31/2019,C&M-GMS Prem Clinical Waste,PRC DELEGATED CO-COMMISSIONING,BEECH HILL MEDICAL CENTRE,26364623,"4,380.13 ",WIG000030600
Department of Health,NHS Wigan Borough CCG,3/31/2019,C&M-GMS Prem Notional Rent,PRC DELEGATED CO-COMMISSIONING,BEECH HILL MEDICAL CENTRE,26364623,"7,400.00 ",WIG000030600
Department of Health,NHS Wigan Borough CCG,3/31/2019,C&M-GMS QOF Aspiration,PRC DELEGATED CO-COMMISSIONING,BEECH HILL MEDICAL CENTRE,26364623,"11,244.62 ",WIG000030600
Department of Health,NHS Wigan Borough CCG,3/31/2019,C&M-PMS Contract Value,PRC DELEGATED CO-COMMISSIONING,BRAITHWAITE SURGERY,26364626,"39,697.60 ",WIG000030604
Department of Health,NHS Wigan Borough CCG,3/31/2019,C&M-PMS DES Extended Hours Access,PRC DELEGATED CO-COMMISSIONING,BRAITHWAITE SURGERY,26364626,"2,474.28 ",WIG000030604
Department of Health,NHS Wigan Borough CCG,3/31/2019,C&M-PMS Funding Differential Review,PRC DELEGATED CO-COMMISSIONING,BRAITHWAITE SURGERY,26364626,155.57 ,WIG000030604
Department of Health,NHS Wigan Borough CCG,3/31/2019,C&M-PMS Prem Notional Rent,PRC DELEGATED CO-COMMISSIONING,BRAITHWAITE SURGERY,26364626,"3,041.67 ",WIG000030604
Department of Health,NHS Wigan Borough CCG,3/31/2019,C&M-PMS QOF Aspiration,PRC DELEGATED CO-COMMISSIONING,BRAITHWAITE SURGERY,26364626,"3,825.36 ",WIG000030604
Department of Health,NHS Wigan Borough CCG,3/31/2019,C&M-GMS Global Sum,PRC DELEGATED CO-COMMISSIONING,DR A B ANIS & PARTNER,26364628,"35,611.51 ",WIG000030606
Department of Health,NHS Wigan Borough CCG,3/31/2019,C&M-GMS PCO Seniority,PRC DELEGATED CO-COMMISSIONING,DR A B ANIS & PARTNER,26364628,"3,722.64 ",WIG000030606
Department of Health,NHS Wigan Borough CCG,3/31/2019,C&M-GMS QOF Aspiration,PRC DELEGATED CO-COMMISSIONING,DR A B ANIS & PARTNER,26364628,"3,409.86 ",WIG000030606
Department of Health,NHS Wigan Borough CCG,3/31/2019,C&M-GMS DES Extended Hours Access,PRC DELEGATED CO-COMMISSIONING,DR C J MUNRO & PARTNERS,26364632,"6,007.80 ",WIG000030610
Department of Health,NHS Wigan Borough CCG,3/31/2019,C&M-GMS DES Minor Surgery,PRC DELEGATED CO-COMMISSIONING,DR C J MUNRO & PARTNERS,26364632,"1,415.41 ",WIG000030610
Department of Health,NHS Wigan Borough CCG,3/31/2019,C&M-GMS Global Sum,PRC DELEGATED CO-COMMISSIONING,DR C J MUNRO & PARTNERS,26364632,"92,043.63 ",WIG000030610
Department of Health,NHS Wigan Borough CCG,3/31/2019,C&M-GMS MPIG Correction Factor,PRC DELEGATED CO-COMMISSIONING,DR C J MUNRO & PARTNERS,26364632,728.86 ,WIG000030610
Department of Health,NHS Wigan Borough CCG,3/31/2019,C&M-GMS PCO Seniority,PRC DELEGATED CO-COMMISSIONING,DR C J MUNRO & PARTNERS,26364632,"4,276.02 ",WIG000030610
Department of Health,NHS Wigan Borough CCG,3/31/2019,C&M-GMS Prem Clinical Waste,PRC DELEGATED CO-COMMISSIONING,DR C J MUNRO & PARTNERS,26364632,"7,591.15 ",WIG000030610
Department of Health,NHS Wigan Borough CCG,3/31/2019,C&M-GMS Prem Notional Rent,PRC DELEGATED CO-COMMISSIONING,DR C J MUNRO & PARTNERS,26364632,"5,395.83 ",WIG000030610
Department of Health,NHS Wigan Borough CCG,3/31/2019,C&M-GMS Prem Water Rates,PRC DELEGATED CO-COMMISSIONING,DR C J MUNRO & PARTNERS,26364632,835.91 ,WIG000030610
Department of Health,NHS Wigan Borough CCG,3/31/2019,C&M-GMS QOF Aspiration,PRC DELEGATED CO-COMMISSIONING,DR C J MUNRO & PARTNERS,26364632,"11,488.55 ",WIG000030610
Department of Health,NHS Wigan Borough CCG,3/31/2019,C&M-PMS Contract Value,PRC DELEGATED CO-COMMISSIONING,DR CA XAVIER,26364634,"38,218.83 ",WIG000030612
Department of Health,NHS Wigan Borough CCG,3/31/2019,C&M-PMS DES Extended Hours Access,PRC DELEGATED CO-COMMISSIONING,DR CA XAVIER,26364634,"2,254.35 ",WIG000030612
Department of Health,NHS Wigan Borough CCG,3/31/2019,C&M-PMS Prem Notional Rent,PRC DELEGATED CO-COMMISSIONING,DR CA XAVIER,26364634,"2,400.00 ",WIG000030612
Department of Health,NHS Wigan Borough CCG,3/31/2019,C&M-PMS QOF Aspiration,PRC DELEGATED CO-COMMISSIONING,DR CA XAVIER,26364634,"3,289.88 ",WIG000030612
Department of Health,NHS Wigan Borough CCG,3/31/2019,C&M-GMS Global Sum,PRC DELEGATED CO-COMMISSIONING,DR AJ ELLIS,26364636,"32,626.85 ",WIG000030614
Department of Health,NHS Wigan Borough CCG,3/31/2019,C&M-GMS PCO Seniority,PRC DELEGATED CO-COMMISSIONING,DR AJ ELLIS,26364636,"1,492.27 ",WIG000030614
Department of Health,NHS Wigan Borough CCG,3/31/2019,C&M-GMS Prem Notional Rent,PRC DELEGATED CO-COMMISSIONING,DR AJ ELLIS,26364636,"2,604.17 ",WIG000030614
Department of Health,NHS Wigan Borough CCG,3/31/2019,C&M-GMS Prem Water Rates,PRC DELEGATED CO-COMMISSIONING,DR AJ ELLIS,26364636,388.87 ,WIG000030614
Department of Health,NHS Wigan Borough CCG,3/31/2019,C&M-GMS QOF Aspiration,PRC DELEGATED CO-COMMISSIONING,DR AJ ELLIS,26364636,"3,231.84 ",WIG000030614
Department of Health,NHS Wigan Borough CCG,3/31/2019,C&M-PMS Contract Value,PRC DELEGATED CO-COMMISSIONING,DR AK ATREY,26364638,"41,343.33 ",WIG000030616
Department of Health,NHS Wigan Borough CCG,3/31/2019,C&M-PMS DES Extended Hours Access,PRC DELEGATED CO-COMMISSIONING,DR AK ATREY,26364638,"2,322.75 ",WIG000030616
Department of Health,NHS Wigan Borough CCG,3/31/2019,C&M-PMS Funding Differential Review,PRC DELEGATED CO-COMMISSIONING,DR AK ATREY,26364638,375.97 ,WIG000030616
Department of Health,NHS Wigan Borough CCG,3/31/2019,C&M-PMS PCO Seniority,PRC DELEGATED CO-COMMISSIONING,DR AK ATREY,26364638,"1,666.62 ",WIG000030616
Department of Health,NHS Wigan Borough CCG,3/31/2019,C&M-PMS Prof fees Prescribing,PRC DELEGATED CO-COMMISSIONING,DR AK ATREY,26364638,408.42 ,WIG000030616
Department of Health,NHS Wigan Borough CCG,3/31/2019,C&M-PMS QOF Aspiration,PRC DELEGATED CO-COMMISSIONING,DR AK ATREY,26364638,"4,809.77 ",WIG000030616
Department of Health,NHS Wigan Borough CCG,3/31/2019,C&M-GMS DES Extended Hours Access,PRC DELEGATED CO-COMMISSIONING,DR D PAL & PARTNER,26364640,"1,226.45 ",WIG000030618
Department of Health,NHS Wigan Borough CCG,3/31/2019,C&M-GMS Global Sum,PRC DELEGATED CO-COMMISSIONING,DR D PAL & PARTNER,26364640,"18,044.46 ",WIG000030618
Department of Health,NHS Wigan Borough CCG,3/31/2019,C&M-GMS PCO Seniority,PRC DELEGATED CO-COMMISSIONING,DR D PAL & PARTNER,26364640,"1,680.64 ",WIG000030618
Department of Health,NHS Wigan Borough CCG,3/31/2019,C&M-GMS Prem Notional Rent,PRC DELEGATED CO-COMMISSIONING,DR D PAL & PARTNER,26364640,"1,625.00 ",WIG000030618
Department of Health,NHS Wigan Borough CCG,3/31/2019,C&M-GMS Prem Water Rates,PRC DELEGATED CO-COMMISSIONING,DR D PAL & PARTNER,26364640,599.01 ,WIG000030618
Department of Health,NHS Wigan Borough CCG,3/31/2019,C&M-GMS QOF Aspiration,PRC DELEGATED CO-COMMISSIONING,DR D PAL & PARTNER,26364640,"1,869.82 ",WIG000030618
Department of Health,NHS Wigan Borough CCG,3/31/2019,C&M-GMS DES Extended Hours Access,PRC DELEGATED CO-COMMISSIONING,DR D TRIVEDI & PARTNER,26364642,"1,933.25 ",WIG000030620
Department of Health,NHS Wigan Borough CCG,3/31/2019,C&M-GMS Global Sum,PRC DELEGATED CO-COMMISSIONING,DR D TRIVEDI & PARTNER,26364642,"31,113.32 ",WIG000030620
Department of Health,NHS Wigan Borough CCG,3/31/2019,C&M-GMS MPIG Correction Factor,PRC DELEGATED CO-COMMISSIONING,DR D TRIVEDI & PARTNER,26364642,69.17 ,WIG000030620
Department of Health,NHS Wigan Borough CCG,3/31/2019,C&M-GMS Prem Notional Rent,PRC DELEGATED CO-COMMISSIONING,DR D TRIVEDI & PARTNER,26364642,"4,191.67 ",WIG000030620
Department of Health,NHS Wigan Borough CCG,3/31/2019,C&M-GMS QOF Aspiration,PRC DELEGATED CO-COMMISSIONING,DR D TRIVEDI & PARTNER,26364642,"3,237.41 ",WIG000030620
Department of Health,NHS Wigan Borough CCG,3/31/2019,C&M-PMS Contract Value,PRC DELEGATED CO-COMMISSIONING,DR CP KHATRI,26364646,"33,891.44 ",WIG000030624
Department of Health,NHS Wigan Borough CCG,3/31/2019,C&M-PMS DES Extended Hours Access,PRC DELEGATED CO-COMMISSIONING,DR CP KHATRI,26364646,"2,242.95 ",WIG000030624
Department of Health,NHS Wigan Borough CCG,3/31/2019,C&M-PMS DES Minor Surgery,PRC DELEGATED CO-COMMISSIONING,DR CP KHATRI,26364646,136.98 ,WIG000030624
Department of Health,NHS Wigan Borough CCG,3/31/2019,C&M-PMS Funding Differential Review,PRC DELEGATED CO-COMMISSIONING,DR CP KHATRI,26364646,266.61 ,WIG000030624
Department of Health,NHS Wigan Borough CCG,3/31/2019,C&M-PMS PCO Seniority,PRC DELEGATED CO-COMMISSIONING,DR CP KHATRI,26364646,"1,621.22 ",WIG000030624
Department of Health,NHS Wigan Borough CCG,3/31/2019,C&M-PMS Prem Notional Rent,PRC DELEGATED CO-COMMISSIONING,DR CP KHATRI,26364646,"2,600.00 ",WIG000030624
Department of Health,NHS Wigan Borough CCG,3/31/2019,C&M-PMS QOF Aspiration,PRC DELEGATED CO-COMMISSIONING,DR CP KHATRI,26364646,"3,488.03 ",WIG000030624
Department of Health,NHS Wigan Borough CCG,3/31/2019,C&M-PMS GP Statutory Levy,PRC DELEGATED CO-COMMISSIONING,DR D G BRODIE & PARTNERS,26364647,(499.42),WIG000030625
Department of Health,NHS Wigan Borough CCG,3/31/2019,C&M-PMS Voluntary Levy,PRC DELEGATED CO-COMMISSIONING,DR D G BRODIE & PARTNERS,26364647,(85.62),WIG000030625
Department of Health,NHS Wigan Borough CCG,3/31/2019,ME - PMS TPS Added Years Adj EEs,PRC DELEGATED CO-COMMISSIONING,DR D G BRODIE & PARTNERS,26364647,(481.00),WIG000030625
Department of Health,NHS Wigan Borough CCG,3/31/2019,ME-PMS GP Pension EEs-PMS,PRC DELEGATED CO-COMMISSIONING,DR D G BRODIE & PARTNERS,26364647,"(14,536.25)",WIG000030625
Department of Health,NHS Wigan Borough CCG,3/31/2019,ME-PMS GP Pension ERs Adjs - PMS,PRC DELEGATED CO-COMMISSIONING,DR D G BRODIE & PARTNERS,26364647,"(14,679.58)",WIG000030625
Department of Health,NHS Wigan Borough CCG,3/31/2019,C&M-PMS Contract Value,PRC DELEGATED CO-COMMISSIONING,DR D G BRODIE & PARTNERS,26364648,"138,356.85 ",WIG000030626
Department of Health,NHS Wigan Borough CCG,3/31/2019,C&M-PMS DES Minor Surgery,PRC DELEGATED CO-COMMISSIONING,DR D G BRODIE & PARTNERS,26364648,"4,017.88 ",WIG000030626
Department of Health,NHS Wigan Borough CCG,3/31/2019,C&M-PMS Funding Differential Review,PRC DELEGATED CO-COMMISSIONING,DR D G BRODIE & PARTNERS,26364648,246.44 ,WIG000030626
Department of Health,NHS Wigan Borough CCG,3/31/2019,C&M-PMS PCO Seniority,PRC DELEGATED CO-COMMISSIONING,DR D G BRODIE & PARTNERS,26364648,"7,670.63 ",WIG000030626
Department of Health,NHS Wigan Borough CCG,3/31/2019,C&M-PMS Prem Actual Rent,PRC DELEGATED CO-COMMISSIONING,DR D G BRODIE & PARTNERS,26364648,"79,500.00 ",WIG000030626
Department of Health,NHS Wigan Borough CCG,3/31/2019,C&M-PMS QOF Aspiration,PRC DELEGATED CO-COMMISSIONING,DR D G BRODIE & PARTNERS,26364648,"15,706.34 ",WIG000030626
Department of Health,NHS Wigan Borough CCG,3/31/2019,C&M-GMS DES Extended Hours Access,PRC DELEGATED CO-COMMISSIONING,DR G FELLOWS & PARTNERS,26364650,"4,015.65 ",WIG000030628
Department of Health,NHS Wigan Borough CCG,3/31/2019,C&M-GMS DES Minor Surgery,PRC DELEGATED CO-COMMISSIONING,DR G FELLOWS & PARTNERS,26364650,"2,145.89 ",WIG000030628
Department of Health,NHS Wigan Borough CCG,3/31/2019,C&M-GMS Global Sum,PRC DELEGATED CO-COMMISSIONING,DR G FELLOWS & PARTNERS,26364650,"69,700.16 ",WIG000030628
Department of Health,NHS Wigan Borough CCG,3/31/2019,C&M-GMS PCO Seniority,PRC DELEGATED CO-COMMISSIONING,DR G FELLOWS & PARTNERS,26364650,"1,093.62 ",WIG000030628
Department of Health,NHS Wigan Borough CCG,3/31/2019,C&M-GMS Prem Actual Rent,PRC DELEGATED CO-COMMISSIONING,DR G FELLOWS & PARTNERS,26364650,"17,312.50 ",WIG000030628
Department of Health,NHS Wigan Borough CCG,3/31/2019,C&M-GMS QOF Aspiration,PRC DELEGATED CO-COMMISSIONING,DR G FELLOWS & PARTNERS,26364650,"7,488.33 ",WIG000030628
Department of Health,NHS Wigan Borough CCG,3/31/2019,ME-GMS GP Pension ERs Adjustments,PRC DELEGATED CO-COMMISSIONING,DR G FELLOWS & PARTNERS,26364650,"7,190.00 ",WIG000030628
Department of Health,NHS Wigan Borough CCG,3/31/2019,ME-GMS GP Prior Year EEs,PRC DELEGATED CO-COMMISSIONING,DR G FELLOWS & PARTNERS,26364650,"7,250.00 ",WIG000030628
Department of Health,NHS Wigan Borough CCG,3/31/2019,C&M-PMS Contract Value,PRC DELEGATED CO-COMMISSIONING,DR J D SEABROOK & PARTNER,26364652,"33,623.50 ",WIG000030630
Department of Health,NHS Wigan Borough CCG,3/31/2019,C&M-PMS DES Extended Hours Access,PRC DELEGATED CO-COMMISSIONING,DR J D SEABROOK & PARTNER,26364652,"2,090.95 ",WIG000030630
Department of Health,NHS Wigan Borough CCG,3/31/2019,C&M-PMS PCO Seniority,PRC DELEGATED CO-COMMISSIONING,DR J D SEABROOK & PARTNER,26364652,"1,256.03 ",WIG000030630
Department of Health,NHS Wigan Borough CCG,3/31/2019,C&M-PMS Prem Notional Rent,PRC DELEGATED CO-COMMISSIONING,DR J D SEABROOK & PARTNER,26364652,"1,925.00 ",WIG000030630
Department of Health,NHS Wigan Borough CCG,3/31/2019,C&M-PMS QOF Aspiration,PRC DELEGATED CO-COMMISSIONING,DR J D SEABROOK & PARTNER,26364652,"3,031.43 ",WIG000030630
Department of Health,NHS Wigan Borough CCG,3/31/2019,C&M-PMS Contract Value,PRC DELEGATED CO-COMMISSIONING,DR K KHATRI & PARTNERS,26364653,"22,695.70 ",WIG000030632
Department of Health,NHS Wigan Borough CCG,3/31/2019,C&M-PMS DES Extended Hours Access,PRC DELEGATED CO-COMMISSIONING,DR K KHATRI & PARTNERS,26364653,"1,484.85 ",WIG000030632
Department of Health,NHS Wigan Borough CCG,3/31/2019,C&M-PMS Funding Differential Review,PRC DELEGATED CO-COMMISSIONING,DR K KHATRI & PARTNERS,26364653,428.75 ,WIG000030632
Department of Health,NHS Wigan Borough CCG,3/31/2019,C&M-PMS Prem Notional Rent,PRC DELEGATED CO-COMMISSIONING,DR K KHATRI & PARTNERS,26364653,"1,520.83 ",WIG000030632
Department of Health,NHS Wigan Borough CCG,3/31/2019,C&M-PMS QOF Aspiration,PRC DELEGATED CO-COMMISSIONING,DR K KHATRI & PARTNERS,26364653,"2,283.93 ",WIG000030632
Department of Health,NHS Wigan Borough CCG,3/31/2019,C&M-PMS Contract Value,PRC DELEGATED CO-COMMISSIONING,DR M C SMITH & PARTNERS,26364655,"60,158.42 ",WIG000030634
Department of Health,NHS Wigan Borough CCG,3/31/2019,C&M-PMS Cost of Drugs -Prescribing,LOCAL ENHANCED SERVICES,DR M C SMITH & PARTNERS,26364655,47.12 ,WIG000030634
Department of Health,NHS Wigan Borough CCG,3/31/2019,C&M-PMS DES Extended Hours Access,PRC DELEGATED CO-COMMISSIONING,DR M C SMITH & PARTNERS,26364655,"3,594.33 ",WIG000030634
Department of Health,NHS Wigan Borough CCG,3/31/2019,C&M-PMS Funding Differential Review,PRC DELEGATED CO-COMMISSIONING,DR M C SMITH & PARTNERS,26364655,377.64 ,WIG000030634
Department of Health,NHS Wigan Borough CCG,3/31/2019,C&M-PMS PCO Seniority,PRC DELEGATED CO-COMMISSIONING,DR M C SMITH & PARTNERS,26364655,"2,094.18 ",WIG000030634
Department of Health,NHS Wigan Borough CCG,3/31/2019,C&M-PMS Prem Clinical Waste,PRC DELEGATED CO-COMMISSIONING,DR M C SMITH & PARTNERS,26364655,24.00 ,WIG000030634
Department of Health,NHS Wigan Borough CCG,3/31/2019,C&M-PMS Prem Notional Rent,PRC DELEGATED CO-COMMISSIONING,DR M C SMITH & PARTNERS,26364655,"4,025.00 ",WIG000030634
Department of Health,NHS Wigan Borough CCG,3/31/2019,C&M-PMS Prof fees Prescribing,PRC DELEGATED CO-COMMISSIONING,DR M C SMITH & PARTNERS,26364655,8.12 ,WIG000030634
Department of Health,NHS Wigan Borough CCG,3/31/2019,C&M-PMS QOF Aspiration,PRC DELEGATED CO-COMMISSIONING,DR M C SMITH & PARTNERS,26364655,"7,267.37 ",WIG000030634
Department of Health,NHS Wigan Borough CCG,3/31/2019,C&M-GMS DES Extended Hours Access,PRC DELEGATED CO-COMMISSIONING,DR M K PATEL & PARTNERS,26364657,"3,698.83 ",WIG000030636
Department of Health,NHS Wigan Borough CCG,3/31/2019,C&M-GMS DES Minor Surgery,PRC DELEGATED CO-COMMISSIONING,DR M K PATEL & PARTNERS,26364657,365.27 ,WIG000030636
Department of Health,NHS Wigan Borough CCG,3/31/2019,C&M-GMS Global Sum,PRC DELEGATED CO-COMMISSIONING,DR M K PATEL & PARTNERS,26364657,"60,662.60 ",WIG000030636
Department of Health,NHS Wigan Borough CCG,3/31/2019,C&M-GMS PCO Seniority,PRC DELEGATED CO-COMMISSIONING,DR M K PATEL & PARTNERS,26364657,"2,529.79 ",WIG000030636
Department of Health,NHS Wigan Borough CCG,3/31/2019,C&M-GMS Prem Clinical Waste,PRC DELEGATED CO-COMMISSIONING,DR M K PATEL & PARTNERS,26364657,24.00 ,WIG000030636
Department of Health,NHS Wigan Borough CCG,3/31/2019,C&M-GMS QOF Aspiration,PRC DELEGATED CO-COMMISSIONING,DR M K PATEL & PARTNERS,26364657,"6,211.55 ",WIG000030636
Department of Health,NHS Wigan Borough CCG,3/31/2019,C&M-GMS DES Extended Hours Access,PRC DELEGATED CO-COMMISSIONING,DR M R ASHWORTH & PARTNERS,26364659,"2,738.38 ",WIG000030638
Department of Health,NHS Wigan Borough CCG,3/31/2019,C&M-GMS Global Sum,PRC DELEGATED CO-COMMISSIONING,DR M R ASHWORTH & PARTNERS,26364659,"42,880.57 ",WIG000030638
Department of Health,NHS Wigan Borough CCG,3/31/2019,C&M-GMS PCO Seniority,PRC DELEGATED CO-COMMISSIONING,DR M R ASHWORTH & PARTNERS,26364659,"1,016.68 ",WIG000030638
Department of Health,NHS Wigan Borough CCG,3/31/2019,C&M-GMS Prem Clinical Waste,PRC DELEGATED CO-COMMISSIONING,DR M R ASHWORTH & PARTNERS,26364659,60.00 ,WIG000030638
Department of Health,NHS Wigan Borough CCG,3/31/2019,C&M-GMS Prem Notional Rent,PRC DELEGATED CO-COMMISSIONING,DR M R ASHWORTH & PARTNERS,26364659,"2,483.33 ",WIG000030638
Department of Health,NHS Wigan Borough CCG,3/31/2019,C&M-GMS QOF Aspiration,PRC DELEGATED CO-COMMISSIONING,DR M R ASHWORTH & PARTNERS,26364659,"4,912.70 ",WIG000030638
Department of Health,NHS Wigan Borough CCG,3/31/2019,C&M-GMS DES Minor Surgery,PRC DELEGATED CO-COMMISSIONING,DR M SHARMA & PARTNERS,26364661,684.86 ,WIG000030640
Department of Health,NHS Wigan Borough CCG,3/31/2019,C&M-GMS Global Sum,PRC DELEGATED CO-COMMISSIONING,DR M SHARMA & PARTNERS,26364661,"40,512.76 ",WIG000030640
Department of Health,NHS Wigan Borough CCG,3/31/2019,C&M-GMS PCO Seniority,PRC DELEGATED CO-COMMISSIONING,DR M SHARMA & PARTNERS,26364661,733.61 ,WIG000030640
Department of Health,NHS Wigan Borough CCG,3/31/2019,C&M-GMS Prem Actual Rent,PRC DELEGATED CO-COMMISSIONING,DR M SHARMA & PARTNERS,26364661,"2,165.99 ",WIG000030640
Department of Health,NHS Wigan Borough CCG,3/31/2019,C&M-GMS QOF Aspiration,PRC DELEGATED CO-COMMISSIONING,DR M SHARMA & PARTNERS,26364661,"4,550.26 ",WIG000030640
Department of Health,NHS Wigan Borough CCG,3/31/2019,C&M-PMS Contract Value,PRC DELEGATED CO-COMMISSIONING,DR M ULLAH,26364663,"28,157.97 ",WIG000030642
Department of Health,NHS Wigan Borough CCG,3/31/2019,C&M-PMS DES Extended Hours Access,PRC DELEGATED CO-COMMISSIONING,DR M ULLAH,26364663,"1,637.33 ",WIG000030642
Department of Health,NHS Wigan Borough CCG,3/31/2019,C&M-PMS PCO Seniority,PRC DELEGATED CO-COMMISSIONING,DR M ULLAH,26364663,"1,861.32 ",WIG000030642
Department of Health,NHS Wigan Borough CCG,3/31/2019,C&M-PMS Prof fees Prescribing,PRC DELEGATED CO-COMMISSIONING,DR M ULLAH,26364663,112.50 ,WIG000030642
Department of Health,NHS Wigan Borough CCG,3/31/2019,C&M-PMS QOF Aspiration,PRC DELEGATED CO-COMMISSIONING,DR M ULLAH,26364663,"2,324.10 ",WIG000030642
Department of Health,NHS Wigan Borough CCG,3/31/2019,C&M-GMS DES Extended Hours Access,PRC DELEGATED CO-COMMISSIONING,DR L SAXENA,26364667,"1,492.93 ",WIG000030646
Department of Health,NHS Wigan Borough CCG,3/31/2019,C&M-GMS DES Learn Dsblty Hlth Chk,PRC DELEGATED CO-COMMISSIONING,DR L SAXENA,26364667,140.00 ,WIG000030646
Department of Health,NHS Wigan Borough CCG,3/31/2019,C&M-GMS Global Sum,PRC DELEGATED CO-COMMISSIONING,DR L SAXENA,26364667,"22,247.54 ",WIG000030646
Department of Health,NHS Wigan Borough CCG,3/31/2019,C&M-GMS MPIG Correction Factor,PRC DELEGATED CO-COMMISSIONING,DR L SAXENA,26364667,984.64 ,WIG000030646
Department of Health,NHS Wigan Borough CCG,3/31/2019,C&M-GMS PCO Seniority,PRC DELEGATED CO-COMMISSIONING,DR L SAXENA,26364667,"1,053.32 ",WIG000030646
Department of Health,NHS Wigan Borough CCG,3/31/2019,C&M-GMS Prem Notional Rent,PRC DELEGATED CO-COMMISSIONING,DR L SAXENA,26364667,"1,975.00 ",WIG000030646
Department of Health,NHS Wigan Borough CCG,3/31/2019,C&M-GMS QOF Aspiration,PRC DELEGATED CO-COMMISSIONING,DR L SAXENA,26364667,"2,015.26 ",WIG000030646
Department of Health,NHS Wigan Borough CCG,3/31/2019,C&M-GMS DES Extended Hours Access,PRC DELEGATED CO-COMMISSIONING,DR M AHMAD & PARTNERS WIGAN,26364669,"2,840.98 ",WIG000030648
Department of Health,NHS Wigan Borough CCG,3/31/2019,C&M-GMS DES Minor Surgery,PRC DELEGATED CO-COMMISSIONING,DR M AHMAD & PARTNERS WIGAN,26364669,228.30 ,WIG000030648
Department of Health,NHS Wigan Borough CCG,3/31/2019,C&M-GMS Global Sum,PRC DELEGATED CO-COMMISSIONING,DR M AHMAD & PARTNERS WIGAN,26364669,"51,716.06 ",WIG000030648
Department of Health,NHS Wigan Borough CCG,3/31/2019,C&M-GMS PCO Seniority,PRC DELEGATED CO-COMMISSIONING,DR M AHMAD & PARTNERS WIGAN,26364669,516.08 ,WIG000030648
Department of Health,NHS Wigan Borough CCG,3/31/2019,C&M-GMS QOF Aspiration,PRC DELEGATED CO-COMMISSIONING,DR M AHMAD & PARTNERS WIGAN,26364669,"6,219.61 ",WIG000030648
Department of Health,NHS Wigan Borough CCG,3/31/2019,C&M-PMS Contract Value,PRC DELEGATED CO-COMMISSIONING,DR R J ANDERSON & PARTNER,26364673,"39,988.90 ",WIG000030652
Department of Health,NHS Wigan Borough CCG,3/31/2019,C&M-PMS DES Learn Dsblty Hlth Chk,PRC DELEGATED CO-COMMISSIONING,DR R J ANDERSON & PARTNER,26364673,840.00 ,WIG000030652
Department of Health,NHS Wigan Borough CCG,3/31/2019,C&M-PMS Funding Differential Review,PRC DELEGATED CO-COMMISSIONING,DR R J ANDERSON & PARTNER,26364673,"1,166.72 ",WIG000030652
Department of Health,NHS Wigan Borough CCG,3/31/2019,C&M-PMS PCO Seniority,PRC DELEGATED CO-COMMISSIONING,DR R J ANDERSON & PARTNER,26364673,392.55 ,WIG000030652
Department of Health,NHS Wigan Borough CCG,3/31/2019,C&M-PMS Prem Actual Rent,PRC DELEGATED CO-COMMISSIONING,DR R J ANDERSON & PARTNER,26364673,"3,479.17 ",WIG000030652
Department of Health,NHS Wigan Borough CCG,3/31/2019,C&M-PMS QOF Aspiration,PRC DELEGATED CO-COMMISSIONING,DR R J ANDERSON & PARTNER,26364673,"3,869.77 ",WIG000030652
Department of Health,NHS Wigan Borough CCG,3/31/2019,C&M-GMS DES Extended Hours Access,PRC DELEGATED CO-COMMISSIONING,DR SIVAKUMAR & PARTNERS,26364675,"2,154.13 ",WIG000030654
Department of Health,NHS Wigan Borough CCG,3/31/2019,C&M-GMS DES Minor Surgery,PRC DELEGATED CO-COMMISSIONING,DR SIVAKUMAR & PARTNERS,26364675,"2,146.02 ",WIG000030654
Department of Health,NHS Wigan Borough CCG,3/31/2019,C&M-GMS Global Sum,PRC DELEGATED CO-COMMISSIONING,DR SIVAKUMAR & PARTNERS,26364675,"32,741.58 ",WIG000030654
Department of Health,NHS Wigan Borough CCG,3/31/2019,C&M-GMS PCO Seniority,PRC DELEGATED CO-COMMISSIONING,DR SIVAKUMAR & PARTNERS,26364675,"1,622.69 ",WIG000030654
Department of Health,NHS Wigan Borough CCG,3/31/2019,C&M-GMS Prem Notional Rent,PRC DELEGATED CO-COMMISSIONING,DR SIVAKUMAR & PARTNERS,26364675,"2,041.67 ",WIG000030654
Department of Health,NHS Wigan Borough CCG,3/31/2019,C&M-GMS QOF Aspiration,PRC DELEGATED CO-COMMISSIONING,DR SIVAKUMAR & PARTNERS,26364675,"3,679.56 ",WIG000030654
Department of Health,NHS Wigan Borough CCG,3/31/2019,C&M-GMS DES Extended Hours Access,PRC DELEGATED CO-COMMISSIONING,DR SJ ZAMAN,26364677,"1,968.88 ",WIG000030656
Department of Health,NHS Wigan Borough CCG,3/31/2019,C&M-GMS DES Minor Surgery,PRC DELEGATED CO-COMMISSIONING,DR SJ ZAMAN,26364677,"1,004.44 ",WIG000030656
Department of Health,NHS Wigan Borough CCG,3/31/2019,C&M-GMS Global Sum,PRC DELEGATED CO-COMMISSIONING,DR SJ ZAMAN,26364677,"32,821.27 ",WIG000030656
Department of Health,NHS Wigan Borough CCG,3/31/2019,C&M-GMS PCO Seniority,PRC DELEGATED CO-COMMISSIONING,DR SJ ZAMAN,26364677,908.57 ,WIG000030656
Department of Health,NHS Wigan Borough CCG,3/31/2019,C&M-GMS QOF Aspiration,PRC DELEGATED CO-COMMISSIONING,DR SJ ZAMAN,26364677,"3,818.79 ",WIG000030656
Department of Health,NHS Wigan Borough CCG,3/31/2019,C&M-PMS Contract Value,PRC DELEGATED CO-COMMISSIONING,DR S K PITALIA & PARTNER,26364679,"59,281.05 ",WIG000030658
Department of Health,NHS Wigan Borough CCG,3/31/2019,C&M-PMS DES Extended Hours Access,PRC DELEGATED CO-COMMISSIONING,DR S K PITALIA & PARTNER,26364679,"3,710.23 ",WIG000030658
Department of Health,NHS Wigan Borough CCG,3/31/2019,C&M-PMS Funding Differential Review,PRC DELEGATED CO-COMMISSIONING,DR S K PITALIA & PARTNER,26364679,164.43 ,WIG000030658
Department of Health,NHS Wigan Borough CCG,3/31/2019,C&M-PMS Prem Notional Rent,PRC DELEGATED CO-COMMISSIONING,DR S K PITALIA & PARTNER,26364679,"6,179.17 ",WIG000030658
Department of Health,NHS Wigan Borough CCG,3/31/2019,C&M-PMS QOF Aspiration,PRC DELEGATED CO-COMMISSIONING,DR S K PITALIA & PARTNER,26364679,"6,211.26 ",WIG000030658
Department of Health,NHS Wigan Borough CCG,3/31/2019,C&M-GMS Global Sum,PRC DELEGATED CO-COMMISSIONING,DR S M MARTIN,26364681,"64,376.35 ",WIG000030660
Department of Health,NHS Wigan Borough CCG,3/31/2019,C&M-GMS PCO Seniority,PRC DELEGATED CO-COMMISSIONING,DR S M MARTIN,26364681,"2,712.03 ",WIG000030660
Department of Health,NHS Wigan Borough CCG,3/31/2019,C&M-GMS QOF Aspiration,PRC DELEGATED CO-COMMISSIONING,DR S M MARTIN,26364681,"6,309.95 ",WIG000030660
Department of Health,NHS Wigan Borough CCG,3/31/2019,C&M-PMS Contract Value,PRC DELEGATED CO-COMMISSIONING,DR S S SHAHBAZI,26364683,"21,497.93 ",WIG000030662
Department of Health,NHS Wigan Borough CCG,3/31/2019,C&M-PMS DES Extended Hours Access,PRC DELEGATED CO-COMMISSIONING,DR S S SHAHBAZI,26364683,"1,418.35 ",WIG000030662
Department of Health,NHS Wigan Borough CCG,3/31/2019,C&M-PMS Funding Differential Review,PRC DELEGATED CO-COMMISSIONING,DR S S SHAHBAZI,26364683,471.65 ,WIG000030662
Department of Health,NHS Wigan Borough CCG,3/31/2019,C&M-PMS PCO Seniority,PRC DELEGATED CO-COMMISSIONING,DR S S SHAHBAZI,26364683,"1,861.32 ",WIG000030662
Department of Health,NHS Wigan Borough CCG,3/31/2019,C&M-PMS QOF Aspiration,PRC DELEGATED CO-COMMISSIONING,DR S S SHAHBAZI,26364683,"2,533.16 ",WIG000030662
Department of Health,NHS Wigan Borough CCG,3/31/2019,C&M-GMS DES Extended Hours Access,PRC DELEGATED CO-COMMISSIONING,DR S SUNTHA & PARTNERS,26364685,"4,135.83 ",WIG000030664
Department of Health,NHS Wigan Borough CCG,3/31/2019,C&M-GMS DES Minor Surgery,PRC DELEGATED CO-COMMISSIONING,DR S SUNTHA & PARTNERS,26364685,"2,191.67 ",WIG000030664
Department of Health,NHS Wigan Borough CCG,3/31/2019,C&M-GMS Global Sum,PRC DELEGATED CO-COMMISSIONING,DR S SUNTHA & PARTNERS,26364685,"69,843.23 ",WIG000030664
Department of Health,NHS Wigan Borough CCG,3/31/2019,C&M-GMS PCO Seniority,PRC DELEGATED CO-COMMISSIONING,DR S SUNTHA & PARTNERS,26364685,"2,094.18 ",WIG000030664
Department of Health,NHS Wigan Borough CCG,3/31/2019,C&M-GMS Prem Notional Rent,PRC DELEGATED CO-COMMISSIONING,DR S SUNTHA & PARTNERS,26364685,"5,304.17 ",WIG000030664
Department of Health,NHS Wigan Borough CCG,3/31/2019,C&M-GMS QOF Aspiration,PRC DELEGATED CO-COMMISSIONING,DR S SUNTHA & PARTNERS,26364685,"9,833.48 ",WIG000030664
Department of Health,NHS Wigan Borough CCG,3/31/2019,C&M-PMS Contract Value,PRC DELEGATED CO-COMMISSIONING,DR S T H SHAH & PARTNERS,26364687,"37,044.72 ",WIG000030666
Department of Health,NHS Wigan Borough CCG,3/31/2019,C&M-PMS DES Minor Surgery,PRC DELEGATED CO-COMMISSIONING,DR S T H SHAH & PARTNERS,26364687,182.64 ,WIG000030666
Department of Health,NHS Wigan Borough CCG,3/31/2019,C&M-PMS Funding Differential Review,PRC DELEGATED CO-COMMISSIONING,DR S T H SHAH & PARTNERS,26364687,430.85 ,WIG000030666
Department of Health,NHS Wigan Borough CCG,3/31/2019,C&M-PMS PCO Seniority,PRC DELEGATED CO-COMMISSIONING,DR S T H SHAH & PARTNERS,26364687,549.30 ,WIG000030666
Department of Health,NHS Wigan Borough CCG,3/31/2019,C&M-PMS Prem Notional Rent,PRC DELEGATED CO-COMMISSIONING,DR S T H SHAH & PARTNERS,26364687,"1,835.08 ",WIG000030666
Department of Health,NHS Wigan Borough CCG,3/31/2019,C&M-PMS QOF Aspiration,PRC DELEGATED CO-COMMISSIONING,DR S T H SHAH & PARTNERS,26364687,"4,215.77 ",WIG000030666
Department of Health,NHS Wigan Borough CCG,3/31/2019,C&M-GMS DES Extended Hours Access,PRC DELEGATED CO-COMMISSIONING,DR T M SPIELMANN & PARTNERS,26364690,"3,254.23 ",WIG000030670
Department of Health,NHS Wigan Borough CCG,3/31/2019,C&M-GMS DES Learn Dsblty Hlth Chk,PRC DELEGATED CO-COMMISSIONING,DR T M SPIELMANN & PARTNERS,26364690,"1,260.00 ",WIG000030670
Department of Health,NHS Wigan Borough CCG,3/31/2019,C&M-GMS Global Sum,PRC DELEGATED CO-COMMISSIONING,DR T M SPIELMANN & PARTNERS,26364690,"50,078.34 ",WIG000030670
Department of Health,NHS Wigan Borough CCG,3/31/2019,C&M-GMS MPIG Correction Factor,PRC DELEGATED CO-COMMISSIONING,DR T M SPIELMANN & PARTNERS,26364690,505.74 ,WIG000030670
Department of Health,NHS Wigan Borough CCG,3/31/2019,C&M-GMS PCO Seniority,PRC DELEGATED CO-COMMISSIONING,DR T M SPIELMANN & PARTNERS,26364690,"1,576.02 ",WIG000030670
Department of Health,NHS Wigan Borough CCG,3/31/2019,C&M-GMS Prem Clinical Waste,PRC DELEGATED CO-COMMISSIONING,DR T M SPIELMANN & PARTNERS,26364690,24.00 ,WIG000030670
Department of Health,NHS Wigan Borough CCG,3/31/2019,C&M-GMS Prem Other,PRC DELEGATED CO-COMMISSIONING,DR T M SPIELMANN & PARTNERS,26364690,446.87 ,WIG000030670
Department of Health,NHS Wigan Borough CCG,3/31/2019,C&M-GMS Prem Water Rates,PRC DELEGATED CO-COMMISSIONING,DR T M SPIELMANN & PARTNERS,26364690,123.09 ,WIG000030670
Department of Health,NHS Wigan Borough CCG,3/31/2019,C&M-GMS QOF Aspiration,PRC DELEGATED CO-COMMISSIONING,DR T M SPIELMANN & PARTNERS,26364690,"5,637.48 ",WIG000030670
Department of Health,NHS Wigan Borough CCG,3/31/2019,ME - GMS GP Prior Year ERs,PRC DELEGATED CO-COMMISSIONING,DR T M SPIELMANN & PARTNERS,26364690,"3,338.62 ",WIG000030670
Department of Health,NHS Wigan Borough CCG,3/31/2019,ME-GMS GP Prior Year EEs,PRC DELEGATED CO-COMMISSIONING,DR T M SPIELMANN & PARTNERS,26364690,"3,069.90 ",WIG000030670
Department of Health,NHS Wigan Borough CCG,3/31/2019,C&M-GMS DES Extended Hours Access,PRC DELEGATED CO-COMMISSIONING,DR V K BAJAJ & PARTNER,26364692,"1,297.70 ",WIG000030672
Department of Health,NHS Wigan Borough CCG,3/31/2019,C&M-GMS Global Sum,PRC DELEGATED CO-COMMISSIONING,DR V K BAJAJ & PARTNER,26364692,"23,684.06 ",WIG000030672
Department of Health,NHS Wigan Borough CCG,3/31/2019,C&M-GMS MPIG Correction Factor,PRC DELEGATED CO-COMMISSIONING,DR V K BAJAJ & PARTNER,26364692,649.26 ,WIG000030672
Department of Health,NHS Wigan Borough CCG,3/31/2019,C&M-GMS Prem Clinical Waste,PRC DELEGATED CO-COMMISSIONING,DR V K BAJAJ & PARTNER,26364692,12.00 ,WIG000030672
Department of Health,NHS Wigan Borough CCG,3/31/2019,C&M-GMS Prem Notional Rent,PRC DELEGATED CO-COMMISSIONING,DR V K BAJAJ & PARTNER,26364692,"1,291.67 ",WIG000030672
Department of Health,NHS Wigan Borough CCG,3/31/2019,C&M-GMS QOF Aspiration,PRC DELEGATED CO-COMMISSIONING,DR V K BAJAJ & PARTNER,26364692,"2,382.40 ",WIG000030672
Department of Health,NHS Wigan Borough CCG,3/31/2019,C&M-PMS Contract Value,PRC DELEGATED CO-COMMISSIONING,INCE SURGERY,26364696,"28,391.86 ",WIG000030676
Department of Health,NHS Wigan Borough CCG,3/31/2019,C&M-PMS DES Extended Hours Access,PRC DELEGATED CO-COMMISSIONING,INCE SURGERY,26364696,"1,594.58 ",WIG000030676
Department of Health,NHS Wigan Borough CCG,3/31/2019,C&M-PMS Funding Differential Review,PRC DELEGATED CO-COMMISSIONING,INCE SURGERY,26364696,209.61 ,WIG000030676
Department of Health,NHS Wigan Borough CCG,3/31/2019,C&M-PMS QOF Aspiration,PRC DELEGATED CO-COMMISSIONING,INCE SURGERY,26364696,"2,555.85 ",WIG000030676
Department of Health,NHS Wigan Borough CCG,3/31/2019,C&M-PMS Contract Value,PRC DELEGATED CO-COMMISSIONING,LOWER INCE SURGERY,26364698,"31,048.92 ",WIG000030678
Department of Health,NHS Wigan Borough CCG,3/31/2019,C&M-PMS DES Extended Hours Access,PRC DELEGATED CO-COMMISSIONING,LOWER INCE SURGERY,26364698,"1,922.33 ",WIG000030678
Department of Health,NHS Wigan Borough CCG,3/31/2019,C&M-PMS Funding Differential Review,PRC DELEGATED CO-COMMISSIONING,LOWER INCE SURGERY,26364698,548.40 ,WIG000030678
Department of Health,NHS Wigan Borough CCG,3/31/2019,C&M-PMS QOF Aspiration,PRC DELEGATED CO-COMMISSIONING,LOWER INCE SURGERY,26364698,"2,485.51 ",WIG000030678
Department of Health,NHS Wigan Borough CCG,3/31/2019,C&M-GMS DES Extended Hours Access,PRC DELEGATED CO-COMMISSIONING,LILFORD PARK SURGERY,26364700,"1,920.43 ",WIG000030680
Department of Health,NHS Wigan Borough CCG,3/31/2019,C&M-GMS DES Minor Surgery,PRC DELEGATED CO-COMMISSIONING,LILFORD PARK SURGERY,26364700,"3,789.63 ",WIG000030680
Department of Health,NHS Wigan Borough CCG,3/31/2019,C&M-GMS Global Sum,PRC DELEGATED CO-COMMISSIONING,LILFORD PARK SURGERY,26364700,"29,854.03 ",WIG000030680
Department of Health,NHS Wigan Borough CCG,3/31/2019,C&M-GMS MPIG Correction Factor,PRC DELEGATED CO-COMMISSIONING,LILFORD PARK SURGERY,26364700,619.75 ,WIG000030680
Department of Health,NHS Wigan Borough CCG,3/31/2019,C&M-GMS PCO Seniority,PRC DELEGATED CO-COMMISSIONING,LILFORD PARK SURGERY,26364700,222.82 ,WIG000030680
Department of Health,NHS Wigan Borough CCG,3/31/2019,C&M-GMS QOF Aspiration,PRC DELEGATED CO-COMMISSIONING,LILFORD PARK SURGERY,26364700,"3,152.99 ",WIG000030680
Department of Health,NHS Wigan Borough CCG,3/31/2019,C&M-GMS DES Extended Hours Access,PRC DELEGATED CO-COMMISSIONING,MARUS BRIDGE PRACTICE,26364702,"2,499.93 ",WIG000030682
Department of Health,NHS Wigan Borough CCG,3/31/2019,C&M-GMS Global Sum,PRC DELEGATED CO-COMMISSIONING,MARUS BRIDGE PRACTICE,26364702,"39,801.85 ",WIG000030682
Department of Health,NHS Wigan Borough CCG,3/31/2019,C&M-GMS MPIG Correction Factor,PRC DELEGATED CO-COMMISSIONING,MARUS BRIDGE PRACTICE,26364702,776.25 ,WIG000030682
Department of Health,NHS Wigan Borough CCG,3/31/2019,C&M-GMS PCO Seniority,PRC DELEGATED CO-COMMISSIONING,MARUS BRIDGE PRACTICE,26364702,"3,465.80 ",WIG000030682
Department of Health,NHS Wigan Borough CCG,3/31/2019,C&M-GMS QOF Aspiration,PRC DELEGATED CO-COMMISSIONING,MARUS BRIDGE PRACTICE,26364702,"5,073.48 ",WIG000030682
Department of Health,NHS Wigan Borough CCG,3/31/2019,C&M-PMS Contract Value,PRC DELEGATED CO-COMMISSIONING,PREMIER HEALTH TEAM,26364704,"22,719.16 ",WIG000030684
Department of Health,NHS Wigan Borough CCG,3/31/2019,C&M-PMS DES Extended Hours Access,PRC DELEGATED CO-COMMISSIONING,PREMIER HEALTH TEAM,26364704,"1,418.35 ",WIG000030684
Department of Health,NHS Wigan Borough CCG,3/31/2019,C&M-PMS DES Minor Surgery,PRC DELEGATED CO-COMMISSIONING,PREMIER HEALTH TEAM,26364704,228.30 ,WIG000030684
Department of Health,NHS Wigan Borough CCG,3/31/2019,C&M-PMS Funding Differential Review,PRC DELEGATED CO-COMMISSIONING,PREMIER HEALTH TEAM,26364704,513.66 ,WIG000030684
Department of Health,NHS Wigan Borough CCG,3/31/2019,C&M-PMS Prem Healthcentre Rent,PRC DELEGATED CO-COMMISSIONING,PREMIER HEALTH TEAM,26364704,"78,430.19 ",WIG000030684
Department of Health,NHS Wigan Borough CCG,3/31/2019,C&M-PMS QOF Aspiration,PRC DELEGATED CO-COMMISSIONING,PREMIER HEALTH TEAM,26364704,"2,207.10 ",WIG000030684
Department of Health,NHS Wigan Borough CCG,3/31/2019,C&M-GMS DES Minor Surgery,PRC DELEGATED CO-COMMISSIONING,PEMBERTON SURGERY,26364706,"1,232.71 ",WIG000030686
Department of Health,NHS Wigan Borough CCG,3/31/2019,C&M-GMS Global Sum,PRC DELEGATED CO-COMMISSIONING,PEMBERTON SURGERY,26364706,"80,909.41 ",WIG000030686
Department of Health,NHS Wigan Borough CCG,3/31/2019,C&M-GMS PCO Seniority,PRC DELEGATED CO-COMMISSIONING,PEMBERTON SURGERY,26364706,"1,122.27 ",WIG000030686
Department of Health,NHS Wigan Borough CCG,3/31/2019,C&M-GMS QOF Aspiration,PRC DELEGATED CO-COMMISSIONING,PEMBERTON SURGERY,26364706,"9,177.03 ",WIG000030686
Department of Health,NHS Wigan Borough CCG,3/31/2019,C&M-GMS Global Sum,PRC DELEGATED CO-COMMISSIONING,SHAKESPEARE SURGERY LTD,26364708,"23,496.36 ",WIG000030688
Department of Health,NHS Wigan Borough CCG,3/31/2019,C&M-GMS MPIG Correction Factor,PRC DELEGATED CO-COMMISSIONING,SHAKESPEARE SURGERY LTD,26364708,750.50 ,WIG000030688
Department of Health,NHS Wigan Borough CCG,3/31/2019,C&M-GMS PCO Seniority,PRC DELEGATED CO-COMMISSIONING,SHAKESPEARE SURGERY LTD,26364708,"1,623.34 ",WIG000030688
Department of Health,NHS Wigan Borough CCG,3/31/2019,C&M-GMS QOF Aspiration,PRC DELEGATED CO-COMMISSIONING,SHAKESPEARE SURGERY LTD,26364708,"2,439.43 ",WIG000030688
Department of Health,NHS Wigan Borough CCG,3/31/2019,C&M-GMS DES Extended Hours Access,PRC DELEGATED CO-COMMISSIONING,STANDISH MEDICAL PRACTICE,26364710,"5,727.55 ",WIG000030690
Department of Health,NHS Wigan Borough CCG,3/31/2019,C&M-GMS DES Minor Surgery,PRC DELEGATED CO-COMMISSIONING,STANDISH MEDICAL PRACTICE,26364710,502.26 ,WIG000030690
Department of Health,NHS Wigan Borough CCG,3/31/2019,C&M-GMS Global Sum,PRC DELEGATED CO-COMMISSIONING,STANDISH MEDICAL PRACTICE,26364710,"88,134.68 ",WIG000030690
Department of Health,NHS Wigan Borough CCG,3/31/2019,C&M-GMS PCO Seniority,PRC DELEGATED CO-COMMISSIONING,STANDISH MEDICAL PRACTICE,26364710,"2,333.16 ",WIG000030690
Department of Health,NHS Wigan Borough CCG,3/31/2019,C&M-GMS Prem Actual Rent,PRC DELEGATED CO-COMMISSIONING,STANDISH MEDICAL PRACTICE,26364710,"59,274.00 ",WIG000030690
Department of Health,NHS Wigan Borough CCG,3/31/2019,C&M-GMS Prem Water Rates,PRC DELEGATED CO-COMMISSIONING,STANDISH MEDICAL PRACTICE,26364710,374.62 ,WIG000030690
Department of Health,NHS Wigan Borough CCG,3/31/2019,C&M-GMS QOF Aspiration,PRC DELEGATED CO-COMMISSIONING,STANDISH MEDICAL PRACTICE,26364710,"9,483.93 ",WIG000030690
Department of Health,NHS Wigan Borough CCG,3/31/2019,ME - GMS GP Prior Year ERs,PRC DELEGATED CO-COMMISSIONING,STANDISH MEDICAL PRACTICE,26364710,"6,351.20 ",WIG000030690
Department of Health,NHS Wigan Borough CCG,3/31/2019,ME-GMS GP Pension EEs Adjustments,PRC DELEGATED CO-COMMISSIONING,STANDISH MEDICAL PRACTICE,26364710,"6,404.20 ",WIG000030690
Department of Health,NHS Wigan Borough CCG,3/31/2019,ME-GMS GP Pension ERs Adjustments,PRC DELEGATED CO-COMMISSIONING,STANDISH MEDICAL PRACTICE,26364710,"6,351.20 ",WIG000030690
Department of Health,NHS Wigan Borough CCG,3/31/2019,ME-GMS GP Prior Year EEs,PRC DELEGATED CO-COMMISSIONING,STANDISH MEDICAL PRACTICE,26364710,"6,404.20 ",WIG000030690
Department of Health,NHS Wigan Borough CCG,3/31/2019,C&M-GMS GP Statutory Levy,PRC DELEGATED CO-COMMISSIONING,ASPULL SURGERY,26364711,(159.16),WIG000030691
Department of Health,NHS Wigan Borough CCG,3/31/2019,C&M-GMS Voluntary Levy,PRC DELEGATED CO-COMMISSIONING,ASPULL SURGERY,26364711,(27.29),WIG000030691
Department of Health,NHS Wigan Borough CCG,3/31/2019,ME - GMS GP Prior Year ERs,PRC DELEGATED CO-COMMISSIONING,ASPULL SURGERY,26364711,"(23,386.28)",WIG000030691
Department of Health,NHS Wigan Borough CCG,3/31/2019,ME-GMS GP Pension EEs,PRC DELEGATED CO-COMMISSIONING,ASPULL SURGERY,26364711,"(1,866.88)",WIG000030691
Department of Health,NHS Wigan Borough CCG,3/31/2019,ME-GMS GP Pension ERs Adjustments,PRC DELEGATED CO-COMMISSIONING,ASPULL SURGERY,26364711,"(1,851.43)",WIG000030691
Department of Health,NHS Wigan Borough CCG,3/31/2019,ME-GMS GP Prior Year AVCs,PRC DELEGATED CO-COMMISSIONING,ASPULL SURGERY,26364711,"(2,737.80)",WIG000030691
Department of Health,NHS Wigan Borough CCG,3/31/2019,C&M-GMS DES Extended Hours Access,PRC DELEGATED CO-COMMISSIONING,ASPULL SURGERY,26364712,"2,588.28 ",WIG000030692
Department of Health,NHS Wigan Borough CCG,3/31/2019,C&M-GMS Global Sum,PRC DELEGATED CO-COMMISSIONING,ASPULL SURGERY,26364712,"42,295.78 ",WIG000030692
Department of Health,NHS Wigan Borough CCG,3/31/2019,C&M-GMS PCO Seniority,PRC DELEGATED CO-COMMISSIONING,ASPULL SURGERY,26364712,"1,101.39 ",WIG000030692
Department of Health,NHS Wigan Borough CCG,3/31/2019,C&M-GMS Prem Notional Rent,PRC DELEGATED CO-COMMISSIONING,ASPULL SURGERY,26364712,"2,016.67 ",WIG000030692
Department of Health,NHS Wigan Borough CCG,3/31/2019,C&M-GMS QOF Aspiration,PRC DELEGATED CO-COMMISSIONING,ASPULL SURGERY,26364712,"5,753.14 ",WIG000030692
Department of Health,NHS Wigan Borough CCG,3/31/2019,C&M-GMS DES Learn Dsblty Hlth Chk,PRC DELEGATED CO-COMMISSIONING,DICCONSON GROUP PRACTICE,26364714,700.00 ,WIG000030694
Department of Health,NHS Wigan Borough CCG,3/31/2019,C&M-GMS Global Sum,PRC DELEGATED CO-COMMISSIONING,DICCONSON GROUP PRACTICE,26364714,"68,472.67 ",WIG000030694
Department of Health,NHS Wigan Borough CCG,3/31/2019,C&M-GMS PCO Seniority,PRC DELEGATED CO-COMMISSIONING,DICCONSON GROUP PRACTICE,26364714,"2,092.42 ",WIG000030694
Department of Health,NHS Wigan Borough CCG,3/31/2019,C&M-GMS QOF Aspiration,PRC DELEGATED CO-COMMISSIONING,DICCONSON GROUP PRACTICE,26364714,"7,737.43 ",WIG000030694
Department of Health,NHS Wigan Borough CCG,3/31/2019,C&M-GMS DES Extended Hours Access,PRC DELEGATED CO-COMMISSIONING,DR B S RUSSELL & PARTNER,26364716,"2,048.68 ",WIG000030696
Department of Health,NHS Wigan Borough CCG,3/31/2019,C&M-GMS DES Minor Surgery,PRC DELEGATED CO-COMMISSIONING,DR B S RUSSELL & PARTNER,26364716,867.54 ,WIG000030696
Department of Health,NHS Wigan Borough CCG,3/31/2019,C&M-GMS Global Sum,PRC DELEGATED CO-COMMISSIONING,DR B S RUSSELL & PARTNER,26364716,"31,862.23 ",WIG000030696
Department of Health,NHS Wigan Borough CCG,3/31/2019,C&M-GMS MPIG Correction Factor,PRC DELEGATED CO-COMMISSIONING,DR B S RUSSELL & PARTNER,26364716,65.15 ,WIG000030696
Department of Health,NHS Wigan Borough CCG,3/31/2019,C&M-GMS PCO Seniority,PRC DELEGATED CO-COMMISSIONING,DR B S RUSSELL & PARTNER,26364716,"1,042.76 ",WIG000030696
Department of Health,NHS Wigan Borough CCG,3/31/2019,C&M-GMS QOF Aspiration,PRC DELEGATED CO-COMMISSIONING,DR B S RUSSELL & PARTNER,26364716,"3,123.10 ",WIG000030696
Department of Health,NHS Wigan Borough CCG,3/31/2019,C&M-GMS DES Extended Hours Access,PRC DELEGATED CO-COMMISSIONING,P92042 DR CHAN & PARTNERS,26364718,"2,086.20 ",WIG000030698
Department of Health,NHS Wigan Borough CCG,3/31/2019,C&M-GMS DES Minor Surgery,PRC DELEGATED CO-COMMISSIONING,P92042 DR CHAN & PARTNERS,26364718,502.26 ,WIG000030698
Department of Health,NHS Wigan Borough CCG,3/31/2019,C&M-GMS Global Sum,PRC DELEGATED CO-COMMISSIONING,P92042 DR CHAN & PARTNERS,26364718,"50,370.20 ",WIG000030698
Department of Health,NHS Wigan Borough CCG,3/31/2019,C&M-GMS PCO Seniority,PRC DELEGATED CO-COMMISSIONING,P92042 DR CHAN & PARTNERS,26364718,516.08 ,WIG000030698
Department of Health,NHS Wigan Borough CCG,3/31/2019,C&M-GMS Prem Cost Rent,PRC DELEGATED CO-COMMISSIONING,P92042 DR CHAN & PARTNERS,26364718,997.33 ,WIG000030698
Department of Health,NHS Wigan Borough CCG,3/31/2019,C&M-GMS Prem Notional Rent,PRC DELEGATED CO-COMMISSIONING,P92042 DR CHAN & PARTNERS,26364718,"1,677.42 ",WIG000030698
Department of Health,NHS Wigan Borough CCG,3/31/2019,C&M-GMS QOF Aspiration,PRC DELEGATED CO-COMMISSIONING,P92042 DR CHAN & PARTNERS,26364718,"4,185.92 ",WIG000030698
Department of Health,NHS Wigan Borough CCG,3/31/2019,C&M-GMS DES Extended Hours Access,PRC DELEGATED CO-COMMISSIONING,P92647 DR A OLLERTON,26364720,"1,537.58 ",WIG000030702
Department of Health,NHS Wigan Borough CCG,3/31/2019,C&M-GMS Global Sum,PRC DELEGATED CO-COMMISSIONING,P92647 DR A OLLERTON,26364720,"26,392.67 ",WIG000030702
Department of Health,NHS Wigan Borough CCG,3/31/2019,C&M-GMS Other FDR Payment,PRC DELEGATED CO-COMMISSIONING,P92647 DR A OLLERTON,26364720,143.46 ,WIG000030702
Department of Health,NHS Wigan Borough CCG,3/31/2019,C&M-GMS PCO Other,PRC DELEGATED CO-COMMISSIONING,P92647 DR A OLLERTON,26364720,"2,364.00 ",WIG000030702
Department of Health,NHS Wigan Borough CCG,3/31/2019,C&M-GMS QOF Aspiration,PRC DELEGATED CO-COMMISSIONING,P92647 DR A OLLERTON,26364720,"2,688.04 ",WIG000030702
Department of Health,NHS Wigan Borough CCG,3/31/2019,C&M-APMS Contract KPIs,PRC DELEGATED CO-COMMISSIONING,LEIGH SPORTS VILLAGE PRACTICE,26364722,75.61 ,WIG000030704
Department of Health,NHS Wigan Borough CCG,3/31/2019,C&M-APMS Contract Value,PRC DELEGATED CO-COMMISSIONING,LEIGH SPORTS VILLAGE PRACTICE,26364722,"28,071.78 ",WIG000030704
Department of Health,NHS Wigan Borough CCG,3/31/2019,C&M-APMS DES Extended Hours Access,PRC DELEGATED CO-COMMISSIONING,LEIGH SPORTS VILLAGE PRACTICE,26364722,"2,912.51 ",WIG000030704
Department of Health,NHS Wigan Borough CCG,3/31/2019,C&M-APMS QOF Aspiration,PRC DELEGATED CO-COMMISSIONING,LEIGH SPORTS VILLAGE PRACTICE,26364722,834.15 ,WIG000030704
Department of Health,NHS Wigan Borough CCG,3/31/2019,C&M-PMS QOF Aspiration,PRC DELEGATED CO-COMMISSIONING,LEIGH SPORTS VILLAGE PRACTICE,26364722,"1,383.72 ",WIG000030704
Department of Health,NHS Wigan Borough CCG,3/31/2019,C&M-APMS Contract KPIs,PRC DELEGATED CO-COMMISSIONING,CLAIRE HOUSE GP SURGERY,26364724,131.61 ,WIG000030706
Department of Health,NHS Wigan Borough CCG,3/31/2019,C&M-APMS Contract Value,PRC DELEGATED CO-COMMISSIONING,CLAIRE HOUSE GP SURGERY,26364724,"26,172.02 ",WIG000030706
Department of Health,NHS Wigan Borough CCG,3/31/2019,C&M-APMS DES Minor Surgery,PRC DELEGATED CO-COMMISSIONING,CLAIRE HOUSE GP SURGERY,26364724,639.17 ,WIG000030706
Department of Health,NHS Wigan Borough CCG,3/31/2019,C&M-APMS QOF Aspiration,PRC DELEGATED CO-COMMISSIONING,CLAIRE HOUSE GP SURGERY,26364724,"2,060.25 ",WIG000030706
Department of Health,NHS Wigan Borough CCG,3/31/2019,C&M-APMS Contract KPIs,PRC DELEGATED CO-COMMISSIONING,POPLAR STREET SURGERY,26364726,186.16 ,WIG000030708
Department of Health,NHS Wigan Borough CCG,3/31/2019,C&M-APMS Contract Value,PRC DELEGATED CO-COMMISSIONING,POPLAR STREET SURGERY,26364726,"38,257.61 ",WIG000030708
Department of Health,NHS Wigan Borough CCG,3/31/2019,C&M-APMS DES Extended Hours Access,PRC DELEGATED CO-COMMISSIONING,POPLAR STREET SURGERY,26364726,"4,886.80 ",WIG000030708
Department of Health,NHS Wigan Borough CCG,3/31/2019,C&M-APMS QOF Aspiration,PRC DELEGATED CO-COMMISSIONING,POPLAR STREET SURGERY,26364726,"3,732.83 ",WIG000030708
Department of Health,NHS Wigan Borough CCG,3/31/2019,C&M-APMS Contract KPIs,PRC DELEGATED CO-COMMISSIONING,BRYN STREET SURGERY,26364727,226.41 ,WIG000030710
Department of Health,NHS Wigan Borough CCG,3/31/2019,C&M-APMS Contract Value,PRC DELEGATED CO-COMMISSIONING,BRYN STREET SURGERY,26364727,"46,832.48 ",WIG000030710
Department of Health,NHS Wigan Borough CCG,3/31/2019,C&M-APMS QOF Aspiration,PRC DELEGATED CO-COMMISSIONING,BRYN STREET SURGERY,26364727,"5,526.43 ",WIG000030710
Department of Health,NHS Wigan Borough CCG,3/31/2019,C&M-APMS Contract Value,PRC DELEGATED CO-COMMISSIONING,LEIGH FAMILY PRACTICE,26364728,"(1,277.79)",WIG000030711
Department of Health,NHS Wigan Borough CCG,3/31/2019,C&M-APMS Prem Actual Rent,PRC DELEGATED CO-COMMISSIONING,LEIGH FAMILY PRACTICE,26364728,"(8,926.70)",WIG000030711
Department of Health,NHS Wigan Borough CCG,3/31/2019,C&M-PMS Prem Healthcentre Rent,PRC DELEGATED CO-COMMISSIONING,LEIGH FAMILY PRACTICE,26364728,"(19,970.16)",WIG000030711
Department of Health,NHS Wigan Borough CCG,3/31/2019,C&M-APMS Contract KPIs,PRC DELEGATED CO-COMMISSIONING,LEIGH FAMILY PRACTICE,26364729,319.45 ,WIG000030712
Department of Health,NHS Wigan Borough CCG,3/31/2019,C&M-APMS Contract Value,PRC DELEGATED CO-COMMISSIONING,LEIGH FAMILY PRACTICE,26364729,"67,158.43 ",WIG000030712
Department of Health,NHS Wigan Borough CCG,3/31/2019,C&M-APMS DES Minor Surgery,PRC DELEGATED CO-COMMISSIONING,LEIGH FAMILY PRACTICE,26364729,182.64 ,WIG000030712
Department of Health,NHS Wigan Borough CCG,3/31/2019,C&M-APMS Prem Actual Rent,PRC DELEGATED CO-COMMISSIONING,LEIGH FAMILY PRACTICE,26364729,"8,926.70 ",WIG000030712
Department of Health,NHS Wigan Borough CCG,3/31/2019,C&M-APMS QOF Aspiration,PRC DELEGATED CO-COMMISSIONING,LEIGH FAMILY PRACTICE,26364729,"7,203.42 ",WIG000030712
Department of Health,NHS Wigan Borough CCG,3/31/2019,ME-PMS GP Pension EEs Adjs - PMS,PRC DELEGATED CO-COMMISSIONING,LEIGH FAMILY PRACTICE,26364729,"4,833.35 ",WIG000030712
Department of Health,NHS Wigan Borough CCG,3/31/2019,ME-PMS GP Pension ERs Adjs - PMS,PRC DELEGATED CO-COMMISSIONING,LEIGH FAMILY PRACTICE,26364729,"4,793.35 ",WIG000030712
Department of Health,NHS Wigan Borough CCG,3/31/2019,C&M-PMS Contract Value,PRC DELEGATED CO-COMMISSIONING,DR ALISTAIR THOMPSON MANCHESTER,26364735,"30,259.81 ",WIG000030718
Department of Health,NHS Wigan Borough CCG,3/31/2019,C&M-PMS DES Extended Hours Access,PRC DELEGATED CO-COMMISSIONING,DR ALISTAIR THOMPSON MANCHESTER,26364735,"1,916.63 ",WIG000030718
Department of Health,NHS Wigan Borough CCG,3/31/2019,C&M-PMS Funding Differential Review,PRC DELEGATED CO-COMMISSIONING,DR ALISTAIR THOMPSON MANCHESTER,26364735,362.29 ,WIG000030718
Department of Health,NHS Wigan Borough CCG,3/31/2019,C&M-PMS Prem Notional Rent,PRC DELEGATED CO-COMMISSIONING,DR ALISTAIR THOMPSON MANCHESTER,26364735,"2,342.42 ",WIG000030718
Department of Health,NHS Wigan Borough CCG,3/31/2019,C&M-PMS QOF Aspiration,PRC DELEGATED CO-COMMISSIONING,DR ALISTAIR THOMPSON MANCHESTER,26364735,"3,123.83 ",WIG000030718
Department of Health,NHS Wigan Borough CCG,3/31/2019,C&M-GMS DES Extended Hours Access,PRC DELEGATED CO-COMMISSIONING,P92004 DR TUN & PARTNERS,26368090,"3,800.48 ",WIG000030700
Department of Health,NHS Wigan Borough CCG,3/31/2019,C&M-GMS DES Minor Surgery,PRC DELEGATED CO-COMMISSIONING,P92004 DR TUN & PARTNERS,26368090,182.64 ,WIG000030700
Department of Health,NHS Wigan Borough CCG,3/31/2019,C&M-GMS Global Sum,PRC DELEGATED CO-COMMISSIONING,P92004 DR TUN & PARTNERS,26368090,"65,973.67 ",WIG000030700
Department of Health,NHS Wigan Borough CCG,3/31/2019,C&M-GMS PCO Seniority,PRC DELEGATED CO-COMMISSIONING,P92004 DR TUN & PARTNERS,26368090,"1,067.12 ",WIG000030700
Department of Health,NHS Wigan Borough CCG,3/31/2019,C&M-GMS Prem Notional Rent,PRC DELEGATED CO-COMMISSIONING,P92004 DR TUN & PARTNERS,26368090,"2,411.92 ",WIG000030700
Department of Health,NHS Wigan Borough CCG,3/31/2019,C&M-GMS QOF Aspiration,PRC DELEGATED CO-COMMISSIONING,P92004 DR TUN & PARTNERS,26368090,"5,478.70 ",WIG000030700
Department of Health,NHS Wigan Borough CCG,3/31/2019,Charges from CCG,CONTINUING HEALTHCARE ASSESSMENT & SUPPORT,NHS OLDHAM CCG,26369684,(851.84),7011705355
Department of Health,NHS Wigan Borough CCG,3/31/2019,Charges from CCG,CORPORATE COSTS & SERVICES,NHS OLDHAM CCG,26369684,"(50,707.16)",7011705355
Department of Health,NHS Wigan Borough CCG,3/31/2019,Charges from CCG,PRIMARY CARE IT,NHS OLDHAM CCG,26369684,"(44,298.00)",7011705355
Department of Health,NHS Wigan Borough CCG,3/31/2019,Chrgs from SLA,CONTINUING HEALTHCARE ASSESSMENT & SUPPORT,NHS OLDHAM CCG,26369684,"(7,484.00)",7011705355
Department of Health,NHS Wigan Borough CCG,3/31/2019,Hcare Srv Rec Fdtn Trust-CQUIN,MENTAL HEALTH CONTRACTS,NORTH WEST BOROUGHS HEALTHCARE NHS FOUNDATION TRUST,26369697,"65,647.00 ",16042817
Department of Health,NHS Wigan Borough CCG,3/31/2019,Hcare Srv Rec Fdtn Trust-Contract Baseline,MENTAL HEALTH CONTRACTS,NORTH WEST BOROUGHS HEALTHCARE NHS FOUNDATION TRUST,26369697,"2,175,437.00 ",16042817
Department of Health,NHS Wigan Borough CCG,3/31/2019,Hcare Srv Rec Fdtn Trust-Contract Variation,CHILD AND ADOLESCENT MENTAL HEALTH,NORTH WEST BOROUGHS HEALTHCARE NHS FOUNDATION TRUST,26369697,"52,251.00 ",16042817
Department of Health,NHS Wigan Borough CCG,3/31/2019,Hcare Srv Rec Fdtn Trust-Contract Variation,LEARNING DIFFICULTIES,NORTH WEST BOROUGHS HEALTHCARE NHS FOUNDATION TRUST,26369697,"6,471.00 ",16042817
Department of Health,NHS Wigan Borough CCG,3/31/2019,Hcare Srv Rec Fdtn Trust-Contract Variation,MENTAL HEALTH CONTRACTS,NORTH WEST BOROUGHS HEALTHCARE NHS FOUNDATION TRUST,26369697,"32,152.00 ",16042817
Department of Health,NHS Wigan Borough CCG,3/31/2019,Charges from CCG,CONTINUING HEALTHCARE ASSESSMENT & SUPPORT,NHS OLDHAM CCG,26369702,"2,343.66 ",7011705385
Department of Health,NHS Wigan Borough CCG,3/31/2019,Charges from CCG,CORPORATE COSTS & SERVICES,NHS OLDHAM CCG,26369702,"26,381.34 ",7011705385
Department of Health,NHS Wigan Borough CCG,3/31/2019,Chrgs from SLA,COMMISSIONING - NON ACUTE,NHS OLDHAM CCG,26369702,"6,818.00 ",7011705385
Department of Health,NHS Wigan Borough CCG,3/31/2019,Clinical&Medical-Commercial Sector,Learning Difficulties - S117,WIGAN COUNCIL,26369714,"30,699.00 ",71256989001
Department of Health,NHS Wigan Borough CCG,3/31/2019,Clinical&Medical-Commercial Sector,Learning Difficulties - S117,WIGAN COUNCIL,26369723,"31,992.00 ",71257521404
Department of Health,NHS Wigan Borough CCG,3/31/2019,Cont Care- Palliative Care,CHC ADULT FULLY FUNDED,APPLEBY COURT NURSING HOME,26369769,"20,652.30 ",AC1902
Department of Health,NHS Wigan Borough CCG,3/31/2019,Cont Care-Physical Disab (65+),CHC ADULT FULLY FUNDED,APPLEBY COURT NURSING HOME,26369769,"19,791.80 ",AC1902
Department of Health,NHS Wigan Borough CCG,3/31/2019,C&M-PMS GP Statutory Levy,PRC DELEGATED CO-COMMISSIONING,BRAITHWAITE SURGERY,26386996,(152.20),WIG000030603
Department of Health,NHS Wigan Borough CCG,3/31/2019,C&M-PMS Voluntary Levy,PRC DELEGATED CO-COMMISSIONING,BRAITHWAITE SURGERY,26386996,(26.09),WIG000030603
Department of Health,NHS Wigan Borough CCG,3/31/2019,ME - PMS GP Prior Year ERs,PRC DELEGATED CO-COMMISSIONING,BRAITHWAITE SURGERY,26386996,"(15,486.51)",WIG000030603
Department of Health,NHS Wigan Borough CCG,3/31/2019,ME-PMS GP Pension EEs Adjs - PMS,PRC DELEGATED CO-COMMISSIONING,BRAITHWAITE SURGERY,26386996,"(6,510.41)",WIG000030603
Department of Health,NHS Wigan Borough CCG,3/31/2019,ME-PMS GP Pension EEs-PMS,PRC DELEGATED CO-COMMISSIONING,BRAITHWAITE SURGERY,26386996,"(1,369.79)",WIG000030603
Department of Health,NHS Wigan Borough CCG,3/31/2019,ME-PMS GP Pension ERs Adjs - PMS,PRC DELEGATED CO-COMMISSIONING,BRAITHWAITE SURGERY,26386996,"(9,065.39)",WIG000030603
Department of Health,NHS Wigan Borough CCG,3/31/2019,ME-PMS GP Prior Year EEs,PRC DELEGATED CO-COMMISSIONING,BRAITHWAITE SURGERY,26386996,"(13,461.85)",WIG000030603
Department of Health,NHS Wigan Borough CCG,3/31/2019,C&M-GMS DES Minor Surgery,PRC DELEGATED CO-COMMISSIONING,DRS DARIFAT ELISLAM WAN & SHAIKH,26386998,"2,876.52 ",WIG000030668
Department of Health,NHS Wigan Borough CCG,3/31/2019,C&M-GMS Global Sum,PRC DELEGATED CO-COMMISSIONING,DRS DARIFAT ELISLAM WAN & SHAIKH,26386998,"54,510.49 ",WIG000030668
Department of Health,NHS Wigan Borough CCG,3/31/2019,C&M-GMS PCO Other,PRC DELEGATED CO-COMMISSIONING,DRS DARIFAT ELISLAM WAN & SHAIKH,26386998,"4,137.00 ",WIG000030668
Department of Health,NHS Wigan Borough CCG,3/31/2019,C&M-GMS PCO Seniority,PRC DELEGATED CO-COMMISSIONING,DRS DARIFAT ELISLAM WAN & SHAIKH,26386998,567.64 ,WIG000030668
Department of Health,NHS Wigan Borough CCG,3/31/2019,C&M-GMS QOF Aspiration,PRC DELEGATED CO-COMMISSIONING,DRS DARIFAT ELISLAM WAN & SHAIKH,26386998,"5,629.70 ",WIG000030668
Department of Health,NHS Wigan Borough CCG,3/31/2019,Cont Care- Palliative Care,CHC ADULT FULLY FUNDED,BELONG LTD,26388677,"28,800.00 ",01851019251
Department of Health,NHS Wigan Borough CCG,3/31/2019,Cont Care-Learning Disab(<65),CHC ADULT FULLY FUNDED,BELONG LTD,26388677,"7,200.00 ",01851019251
Department of Health,NHS Wigan Borough CCG,3/31/2019,Cont Care-Mental Health (65+),CHC ADULT FULLY FUNDED,BELONG LTD,26388677,"3,600.00 ",01851019251
Department of Health,NHS Wigan Borough CCG,3/31/2019,Cont Care-Physical Disab (65+),CHC ADULT FULLY FUNDED,BELONG LTD,26388677,"37,102.50 ",01851019251
Department of Health,NHS Wigan Borough CCG,3/31/2019,Cont Care-Physical Disab (<65),CHC ADULT FULLY FUNDED,BELONG LTD,26388677,"3,600.00 ",01851019251
Department of Health,NHS Wigan Borough CCG,3/31/2019,Cont Care- Adult 100% Fully Funded,CHC ADULT FULLY FUNDED,BELONG LTD,26388707,"(41,194.08)",CN01851019524
Department of Health,NHS Wigan Borough CCG,3/31/2019,Cont Care- Adult 100% Fully Funded,CHC ADULT FULLY FUNDED,WIGAN COUNCIL,26388789,"51,879.90 ",71257019006
Department of Health,NHS Wigan Borough CCG,3/31/2019,Clinical&Medical-Commercial Sector,Learning Difficulties - S117,WIGAN COUNCIL,26388843,"6,462.50 ",91257188344
Department of Health,NHS Wigan Borough CCG,3/31/2019,Clinical&Medical-Commercial Sector,MENTAL HEALTH CONTRACTS,WIGAN COUNCIL,26388843,"4,190.00 ",91257188344
Department of Health,NHS Wigan Borough CCG,3/31/2019,Clinical&Medical-Commercial Sector,Mental Health Services - S117 Mental Health,WIGAN COUNCIL,26388843,"145,415.79 ",91257188344
Department of Health,NHS Wigan Borough CCG,3/31/2019,Clinical&Medical-Voluntary Sector,LEARNING DIFFICULTIES,WIGAN COUNCIL,26388843,"6,876.52 ",91257188344
Department of Health,NHS Wigan Borough CCG,3/31/2019,Hcare Srv Rec Fdtn Trust-Contract Baseline,COMMUNITY SERVICES,BRIDGEWATER COMMUNITY HEALTHCARE NHS FOUNDATION TRUST,26413259,"2,677,132.00 ",26311656
Department of Health,NHS Wigan Borough CCG,3/31/2019,Hcare Srv Rec Fdtn Trust-Contract Baseline,OUT OF HOURS,BRIDGEWATER COMMUNITY HEALTHCARE NHS FOUNDATION TRUST,26413259,"199,126.42 ",26311656
Department of Health,NHS Wigan Borough CCG,3/31/2019,Hcare Srv Rec Fdtn Trust-Contract Baseline,Winter Resilience,BRIDGEWATER COMMUNITY HEALTHCARE NHS FOUNDATION TRUST,26413259,"22,727.00 ",26311656
Department of Health,NHS Wigan Borough CCG,3/31/2019,Hcare Srv Rec Fdtn Trust-Contract Variation,CHILDREN SERVICES,BRIDGEWATER COMMUNITY HEALTHCARE NHS FOUNDATION TRUST,26413259,"1,367.75 ",26311656
Department of Health,NHS Wigan Borough CCG,3/31/2019,Hcare Srv Rec Fdtn Trust-CQUIN,COMMUNITY SERVICES,BRIDGEWATER COMMUNITY HEALTHCARE NHS FOUNDATION TRUST,26413260,"65,352.00 ",26311657
Department of Health,NHS Wigan Borough CCG,3/31/2019,Hcare Srv Rec Fdtn Trust-CQUIN,OUT OF HOURS,BRIDGEWATER COMMUNITY HEALTHCARE NHS FOUNDATION TRUST,26413260,"4,978.67 ",26311657
Department of Health,NHS Wigan Borough CCG,3/31/2019,Hcare Srv Rec Fdtn Trust-Contract Variation,COMMUNITY SERVICES,BRIDGEWATER COMMUNITY HEALTHCARE NHS FOUNDATION TRUST,26414198,"137,214.00 ",26310537
Department of Health,NHS Wigan Borough CCG,3/31/2019,Clinical&Medical-Independent Sector - Contract Baseline,ACUTE COMMISSIONING,EUXTON HALL HOSPITAL,26414288,"106,425.05 ",140KMWIGMAR19
Department of Health,NHS Wigan Borough CCG,3/31/2019,Clinical&Medical-Independent Sector - Contract Baseline,ACUTE COMMISSIONING,GUY PILKINGTON MEMORIAL HOME LTD,26414314,"228,827.00 ",102779
Department of Health,NHS Wigan Borough CCG,3/31/2019,Hcare Srv Rec Fdtn Trust-Contract Baseline,ACUTE COMMISSIONING,ALDER HEY CHILDRENS NHS FOUNDATION TRUST,26414401,"37,320.50 ",9110030750
Department of Health,NHS Wigan Borough CCG,3/31/2019,Hcare Srv Rec NHS Trust-Contract Baseline,ACUTE COMMISSIONING,ROYAL LIVERPOOL AND BROADGREEN UNIVERSITY HOSPITALS NHS TRUST,26414417,"94,648.00 ",8610098309
Department of Health,NHS Wigan Borough CCG,3/31/2019,Hcare Srv Rec Fdtn Trust-Contract Baseline,ACUTE COMMISSIONING,CHRISTIE HOSPITAL NHS FOUNDATION TRUST,26414465,"157,701.54 ",32135
Department of Health,NHS Wigan Borough CCG,3/31/2019,Hcare Srv Rec NHS Trust-Contract Baseline,ACUTE COMMISSIONING,ST HELENS AND KNOWSLEY HOSPITALS NHS TRUST,26414485,"353,331.00 ",16782350
Department of Health,NHS Wigan Borough CCG,3/31/2019,Hcare Srv Rec Fdtn Trust-Contract Baseline,ACUTE COMMISSIONING,WALTON CENTRE NHS FOUNDATION TRUST,26414496,"62,744.70 ",N0020767
Department of Health,NHS Wigan Borough CCG,3/31/2019,Clinical&Medical-Independent Sector,CLINICAL ASSESSMENT AND TREATMENT CENTRES,ALLIANCE MEDICAL LTD,26414513,"33,160.49 ",AML115625
Department of Health,NHS Wigan Borough CCG,3/31/2019,Clinical&Medical-Independent Sector - Contract Baseline,ACUTE COMMISSIONING,BMI HEALTHCARE LTD,26414545,"148,685.09 ",0000104791
Department of Health,NHS Wigan Borough CCG,3/31/2019,Hcare Srv Rec Fdtn Trust-Contract Baseline,ACUTE COMMISSIONING,LANCASHIRE TEACHING HOSPITALS NHS FOUNDATION TRUST,26414738,"236,650.00 ",15187976
Department of Health,NHS Wigan Borough CCG,3/31/2019,Clinical&Medical-Independent Sector - Contract Baseline,ACUTE COMMISSIONING,OAKLANDS HOSPITAL,26414774,"60,111.96 ",L0850319
Department of Health,NHS Wigan Borough CCG,3/31/2019,Clinical&Medical-Independent Sector - Contract Baseline,ACUTE COMMISSIONING,SPAMEDICA LTD,26414883,"81,739.74 ",NHSWB095
Department of Health,NHS Wigan Borough CCG,3/31/2019,Hcare Srv Rec NHS Trust-Contract Baseline,ACUTE COMMISSIONING,SOUTHPORT AND ORMSKIRK HOSPITAL NHS TRUST,26415034,"38,601.00 ",7530050
Department of Health,NHS Wigan Borough CCG,3/31/2019,Hcare Srv Rec Fdtn Trust-Contract Baseline,ACUTE COMMISSIONING,SALFORD ROYAL HOSPITALS NHS FOUNDATION TRUST,26415066,"1,358,434.00 ",S0023621
Department of Health,NHS Wigan Borough CCG,3/31/2019,Hcare Srv Rec NHS Trust-Contract Baseline,NHS 111,NORTH WEST AMBULANCE SERVICE NHS TRUST,26415081,"77,244.00 ",4110044305
Department of Health,NHS Wigan Borough CCG,3/31/2019,Hcare Srv Rec NHS Trust-Contract Baseline,AMBULANCE SERVICES,NORTH WEST AMBULANCE SERVICE NHS TRUST,26415103,"142,007.00 ",4110044417
Department of Health,NHS Wigan Borough CCG,3/31/2019,Hcare Srv Rec Fdtn Trust-Over/ Under Performance,ACUTE COMMISSIONING,LANCASHIRE TEACHING HOSPITALS NHS FOUNDATION TRUST,26415177,"(45,990.39)",15324731
Department of Health,NHS Wigan Borough CCG,3/31/2019,Hcare Srv Rec Fdtn Trust-Contract Baseline,ACUTE COMMISSIONING,ROYAL BOLTON HOSPITAL NHS FOUNDATION TRUST,26415320,"36,935.56 ",0001052924
Department of Health,NHS Wigan Borough CCG,3/31/2019,Hcare Srv Rec Fdtn Trust-Contract Baseline,ACUTE COMMISSIONING,ROYAL BOLTON HOSPITAL NHS FOUNDATION TRUST,26415332,"1,452,279.47 ",0001052922
Department of Health,NHS Wigan Borough CCG,3/31/2019,Hcare Srv Rec Fdtn Trust-Contract Baseline,COMMUNITY SERVICES,ROYAL BOLTON HOSPITAL NHS FOUNDATION TRUST,26415332,"8,068.97 ",0001052922
Department of Health,NHS Wigan Borough CCG,3/31/2019,Hcare Srv Rec NHS Trust-Contract Baseline,AMBULANCE SERVICES,NORTH WEST AMBULANCE SERVICE NHS TRUST,26415352,"739,760.00 ",4110044460
Department of Health,NHS Wigan Borough CCG,3/31/2019,Clinical&Medical-Commercial Sector,COMMUNITY SERVICES,BOC LTD,26415448,"29,166.67 ",3051748743
Department of Health,NHS Wigan Borough CCG,3/31/2019,Hcare Srv Rec Fdtn Trust-Over/ Under Performance,ACUTE COMMISSIONING,ROYAL BOLTON HOSPITAL NHS FOUNDATION TRUST,26434234,"42,071.00 ",0001051753
Department of Health,NHS Wigan Borough CCG,3/31/2019,Hcare Srv Rec Fdtn Trust-Contract Baseline,COMMUNITY SERVICES,BRIDGEWATER COMMUNITY HEALTHCARE NHS FOUNDATION TRUST,26434310,"137,214.00 ",26311842
Department of Health,NHS Wigan Borough CCG,3/31/2019,Hcare Srv Rec Fdtn Trust-Over/ Under Performance,ACUTE COMMISSIONING,MANCHESTER UNIVERSITY NHS FOUNDATION TRUST,26434340,"34,162.00 ",0000428895
Department of Health,NHS Wigan Borough CCG,3/31/2019,Voids and Subsidies,PRC DELEGATED CO-COMMISSIONING,COMMUNITY HEALTH PARTNERSHIPS LTD,26434351,"339,550.26 ",0060101217
Department of Health,NHS Wigan Borough CCG,3/31/2019,Voids and Subsidies,RECHARGES NHS PROPERTY SERVICES LTD,COMMUNITY HEALTH PARTNERSHIPS LTD,26434351,"47,053.84 ",0060101217
Department of Health,NHS Wigan Borough CCG,3/31/2019,Hcare Srv Rec Fdtn Trust-CQUIN,MENTAL HEALTH CONTRACTS,GREATER MANCHESTER WEST MENTAL HEALTH NHS FOUNDATION TRUST,26434431,"9,778.05 ",0000031407
Department of Health,NHS Wigan Borough CCG,3/31/2019,Hcare Srv Rec Fdtn Trust-Contract Baseline,MENTAL HEALTH CONTRACTS,GREATER MANCHESTER WEST MENTAL HEALTH NHS FOUNDATION TRUST,26434431,"62,785.18 ",0000031407
Department of Health,NHS Wigan Borough CCG,3/31/2019,Hcare Srv Rec Fdtn Trust-Contract Variation,MENTAL HEALTH CONTRACTS,GREATER MANCHESTER WEST MENTAL HEALTH NHS FOUNDATION TRUST,26434431,"6,064.91 ",0000031407
Department of Health,NHS Wigan Borough CCG,3/31/2019,Clinical&Medical-Serv Recd-CCGs,COMMISSIONING - NON ACUTE,NHS MANCHESTER CCG,26454466,"92,600.00 ",7031300448
Department of Health,NHS Wigan Borough CCG,3/31/2019,Cont Care- Palliative Care,CHC ADULT FULLY FUNDED,HAIGHFIELD NURSING HOME,26454530,"16,580.71 ",291HF
Department of Health,NHS Wigan Borough CCG,3/31/2019,Cont Care-Physical Disab (65+),CHC ADULT FULLY FUNDED,HAIGHFIELD NURSING HOME,26454530,"28,097.86 ",291HF
Department of Health,NHS Wigan Borough CCG,3/31/2019,Soc Care-Other Soc Care,COMMISSIONING - NON ACUTE,WIGAN COUNCIL,26454591,"1,564,386.58 ",71257586506
Department of Health,NHS Wigan Borough CCG,3/31/2019,Postage & Carriage,COMMISSIONING - NON ACUTE,WRIGHTINGTON WIGAN & LEIGH NHS FOUNDATION TRUST,26454668,"40,306.62 ",55586224
Department of Health,NHS Wigan Borough CCG,3/31/2019,Postage & Carriage,CORPORATE COSTS & SERVICES,WRIGHTINGTON WIGAN & LEIGH NHS FOUNDATION TRUST,26454668,"4,478.51 ",55586224
Department of Health,NHS Wigan Borough CCG,3/31/2019,Hcare Srv Rec NHS Trust-CQUIN,AMBULANCE SERVICES,NORTH WEST AMBULANCE SERVICE NHS TRUST,26454773,"44,153.00 ",4110044631
Department of Health,NHS Wigan Borough CCG,3/31/2019,Hcare Srv Rec Fdtn Trust-Contract Baseline,LEARNING DIFFICULTIES,MERSEY CARE NHS FOUNDATION TRUST,26458786,"44,615.06 ",I0039888
Department of Health,NHS Wigan Borough CCG,3/31/2019,Hcare Srv Rec NHS Trust-Over/ Under Performance,ACUTE COMMISSIONING,ST HELENS AND KNOWSLEY HOSPITALS NHS TRUST,26468987,"29,587.00 ",16782426
Department of Health,NHS Wigan Borough CCG,3/31/2019,Clinical&Medical-Serv Recd-CCGs,COLLABORATIVE COMMISSIONING,NHS TRAFFORD CCG,26477841,"42,094.90 ",7013501468
Department of Health,NHS Wigan Borough CCG,3/31/2019,Participation Fees,COMMISSIONING SCHEMES,P92010 BEECH HILL MEDICAL PRACTICE,26482034,"40,952.91 ",PCSTANDARDS18194
Department of Health,NHS Wigan Borough CCG,3/31/2019,Participation Fees,COMMISSIONING SCHEMES,Y02322 - LEIGH FAMILY PRACTICE,26482057,"28,149.69 ",PCSTANDARDS18194
Department of Health,NHS Wigan Borough CCG,3/31/2019,Participation Fees,COMMISSIONING SCHEMES,P92041 ASHTON MEDICAL CENTRE - SSP HEALTH LTD,26482069,"25,181.91 ",PCSTANDARDS18194
Department of Health,NHS Wigan Borough CCG,3/31/2019,Participation Fees,COMMISSIONING SCHEMES,P92607 GRASMERE SURGERY,26482077,"27,345.24 ",PCSTANDARDS18194
Department of Health,NHS Wigan Borough CCG,3/31/2019,Participation Fees,COMMISSIONING SCHEMES,P92003 DICCONSON GROUP PRACTICE,26482093,"29,078.85 ",PCSTANDARDS18194
Department of Health,NHS Wigan Borough CCG,3/31/2019,Participation Fees,COMMISSIONING SCHEMES,P92004 DR TUN & PARTNERS,26482099,"28,039.92 ",PCSTANDARDS18194
Department of Health,NHS Wigan Borough CCG,3/31/2019,Participation Fees,COMMISSIONING SCHEMES,P92008 BRADSHAW MEDICAL CENTRE,26482106,"29,672.31 ",PCSTANDARDS18194
Department of Health,NHS Wigan Borough CCG,3/31/2019,Participation Fees,COMMISSIONING SCHEMES,P92011 SULLIVAN WAY SURGERY,26482109,"25,561.89 ",PCSTANDARDS18194
Department of Health,NHS Wigan Borough CCG,3/31/2019,Participation Fees,COMMISSIONING SCHEMES,P92014 STANDISH MEDICAL PRACTICE,26482111,"37,659.45 ",PCSTANDARDS18194
Department of Health,NHS Wigan Borough CCG,3/31/2019,Participation Fees,COMMISSIONING SCHEMES,P92016 PENNYGATE MEDICAL CENTRE,26482114,"58,786.56 ",PCSTANDARDS18194
Department of Health,NHS Wigan Borough CCG,3/31/2019,Participation Fees,COMMISSIONING SCHEMES,P92017 SHEVINGTON SURGERY,26482117,"39,051.84 ",PCSTANDARDS18194
Department of Health,NHS Wigan Borough CCG,3/31/2019,Participation Fees,COMMISSIONING SCHEMES,P92019 PEMBERTON SURGERY,26482120,"34,395.33 ",PCSTANDARDS18194
Department of Health,NHS Wigan Borough CCG,3/31/2019,Participation Fees,COMMISSIONING SCHEMES,P92023 DR WARNER & PARTNERS,26482125,"29,615.73 ",PCSTANDARDS18194
Department of Health,NHS Wigan Borough CCG,3/31/2019,Participation Fees,COMMISSIONING SCHEMES,P92026 DR M K PATEL & PARTNERS,26482129,"25,805.43 ",PCSTANDARDS18194
Department of Health,NHS Wigan Borough CCG,3/31/2019,Cont Care- Palliative Care,CHC ADULT FULLY FUNDED,HC ONE LTD,26482147,"8,783.97 ",IWWLCONSOLMAR2019
Department of Health,NHS Wigan Borough CCG,3/31/2019,Cont Care-Physical Disab (65+),CHC ADULT FULLY FUNDED,HC ONE LTD,26482147,"29,279.90 ",IWWLCONSOLMAR2019
Department of Health,NHS Wigan Borough CCG,3/31/2019,Cont Care- Palliative Care,CHC ADULT FULLY FUNDED,HC ONE LTD,26482159,"17,443.69 ",ICAR16032019
Department of Health,NHS Wigan Borough CCG,3/31/2019,Cont Care-Learning Disab(65+),Adult Joint Funded Continuing Care,HC ONE LTD,26482159,"2,927.99 ",ICAR16032019
Department of Health,NHS Wigan Borough CCG,3/31/2019,Cont Care-Physical Disab (65+),CHC ADULT FULLY FUNDED,HC ONE LTD,26482159,"40,361.59 ",ICAR16032019
Department of Health,NHS Wigan Borough CCG,3/31/2019,Cont Care-Physical Disab (<65),CHC ADULT FULLY FUNDED,HC ONE LTD,26482159,"24,461.10 ",ICAR16032019
Department of Health,NHS Wigan Borough CCG,3/31/2019,Cont Care- Palliative Care,CHC ADULT FULLY FUNDED,HC ONE LTD,26482162,"22,384.97 ",IRIC16032019
Department of Health,NHS Wigan Borough CCG,3/31/2019,Cont Care-Physical Disab (65+),CHC ADULT FULLY FUNDED,HC ONE LTD,26482162,"24,840.69 ",IRIC16032019
Department of Health,NHS Wigan Borough CCG,3/31/2019,Cont Care-Physical Disab (<65),CHC ADULT FULLY FUNDED,HC ONE LTD,26482162,"2,927.99 ",IRIC16032019
Department of Health,NHS Wigan Borough CCG,3/31/2019,Cont Care-Mental Health (65+),CHC ADULT FULLY FUNDED,HC ONE LTD,26482166,"24,215.93 ",IROS16032019
Department of Health,NHS Wigan Borough CCG,3/31/2019,Cont Care-Mental Health (<65),CHC ADULT FULLY FUNDED,HC ONE LTD,26482166,(755.61),IROS16032019
Department of Health,NHS Wigan Borough CCG,3/31/2019,Cont Care-Physical Disab (65+),CHC ADULT FULLY FUNDED,HC ONE LTD,26482166,"2,927.99 ",IROS16032019
Department of Health,NHS Wigan Borough CCG,3/31/2019,Cont Care- Palliative Care,CHC ADULT FULLY FUNDED,HC ONE LTD,26482167,"14,039.98 ",IWES16032019
Department of Health,NHS Wigan Borough CCG,3/31/2019,Cont Care-Mental Health (65+),CHC ADULT FULLY FUNDED,HC ONE LTD,26482167,"27,485.33 ",IWES16032019
Department of Health,NHS Wigan Borough CCG,3/31/2019,Cont Care-Physical Disab (65+),CHC ADULT FULLY FUNDED,HC ONE LTD,26482167,"20,590.38 ",IWES16032019
Department of Health,NHS Wigan Borough CCG,3/31/2019,Clinical&Medical-Clinical Other,COMMISSIONING SCHEMES,WIGAN GP ALLIANCE,26515132,"532,396.50 ",EHQ41819
Department of Health,NHS Wigan Borough CCG,3/31/2019,Cont Care-Funded Nursing Care Allow,FUNDED NURSING CARE,WIGAN COUNCIL,26528076,"255,685.76 ",71257602404
Department of Health,NHS Wigan Borough CCG,3/31/2019,Hcare Srv Rec Fdtn Trust-Non Contract,ACUTE COMMISSIONING,WRIGHTINGTON WIGAN & LEIGH NHS FOUNDATION TRUST,26548355,"101,250.00 ",55584483
Department of Health,NHS Wigan Borough CCG,3/31/2019,Hcare Srv Rec Fdtn Trust-Over/ Under Performance,ACUTE COMMISSIONING,WRIGHTINGTON WIGAN & LEIGH NHS FOUNDATION TRUST,26548355,"942,957.00 ",55584483
Department of Health,NHS Wigan Borough CCG,3/31/2019,Clinical&Medical-Independent Sector,CLINICAL ASSESSMENT AND TREATMENT CENTRES,ALLIANCE MEDICAL LTD,26548422,"34,146.98 ",AML120133
Department of Health,NHS Wigan Borough CCG,3/31/2019,Hcare Srv Rec Fdtn Trust-Non Contract,ACUTE COMMISSIONING,WRIGHTINGTON WIGAN & LEIGH NHS FOUNDATION TRUST,26548477,"303,750.00 ",55586215
Department of Health,NHS Wigan Borough CCG,3/31/2019,Hcare Srv Rec Fdtn Trust-Over/ Under Performance,ACUTE COMMISSIONING,WRIGHTINGTON WIGAN & LEIGH NHS FOUNDATION TRUST,26548477,"2,152,043.00 ",55586215
Department of Health,NHS Wigan Borough CCG,3/31/2019,Clinical&Medical-Commercial Sector,INTERMEDIATE CARE,HC ONE LTD,26548519,"33,572.16 ",IRIC017268
Department of Health,NHS Wigan Borough CCG,3/31/2019,Hcare Srv Rec NHS Trust-CQUIN,AMBULANCE SERVICES,NORTH WEST AMBULANCE SERVICE NHS TRUST,26548533,"(44,153.00)",2316
Department of Health,NHS Wigan Borough CCG,3/31/2019,Hcare Srv Rec Fdtn Trust-Non Contract,MENTAL HEALTH CONTRACTS,NORTH WEST BOROUGHS HEALTHCARE NHS FOUNDATION TRUST,26548559,"165,583.00 ",16042918
Department of Health,NHS Wigan Borough CCG,3/31/2019,Hcare Srv Rec Fdtn Trust-Contract Variation,CHILD AND ADOLESCENT MENTAL HEALTH,NORTH WEST BOROUGHS HEALTHCARE NHS FOUNDATION TRUST,26548561,"25,429.00 ",16042919
Department of Health,NHS Wigan Borough CCG,3/31/2019,Hcare Srv Rec NHS Trust-CQUIN,AMBULANCE SERVICES,NORTH WEST AMBULANCE SERVICE NHS TRUST,26548721,"44,153.00 ",4110044691
Department of Health,NHS Wigan Borough CCG,3/31/2019,Hcare Srv Rec NHS Trust-Over/ Under Performance,ACUTE COMMISSIONING,ROYAL LIVERPOOL AND BROADGREEN UNIVERSITY HOSPITALS NHS TRUST,26548745,"(25,775.00)",9275
Department of Health,NHS Wigan Borough CCG,3/31/2019,Computer Hardware Purch,PRIMARY CARE IT,NHS OLDHAM CCG,26548753,"29,097.33 ",7011705442
Department of Health,NHS Wigan Borough CCG,3/31/2019,Clinical&Medical-Commercial Sector,Learning Difficulties - S117,WIGAN COUNCIL,26548912,"21,452.00 ",71258074006
Department of Health,NHS Wigan Borough CCG,3/31/2019,Clinical&Medical-Commercial Sector,MENTAL HEALTH CONTRACTS,WIGAN COUNCIL,26548912,"8,451.84 ",71258074006
Department of Health,NHS Wigan Borough CCG,3/31/2019,Clinical&Medical-Commercial Sector,Mental Health Services - S117 Mental Health,WIGAN COUNCIL,26548912,"6,757.15 ",71258074006
Department of Health,NHS Wigan Borough CCG,3/31/2019,Clinical&Medical-Voluntary Sector,LEARNING DIFFICULTIES,WIGAN COUNCIL,26548912,"10,176.00 ",71258074006
Department of Health,NHS Wigan Borough CCG,3/31/2019,Hcare Srv Rec Fdtn Trust-Over/ Under Performance,ACUTE COMMISSIONING,ROYAL BOLTON HOSPITAL NHS FOUNDATION TRUST,26551091,"55,429.00 ",0001053300
Department of Health,NHS Wigan Borough CCG,3/31/2019,Hcare Srv Rec NHS Trust-Over/ Under Performance,ACUTE COMMISSIONING,ST HELENS AND KNOWSLEY HOSPITALS NHS TRUST,26551169,"65,771.00 ",16783063
Department of Health,NHS Wigan Borough CCG,3/31/2019,Hcare Srv Rec Fdtn Trust-Contract Baseline,ACUTE COMMISSIONING,WRIGHTINGTON WIGAN & LEIGH NHS FOUNDATION TRUST,26551190,"1,500,000.00 ",55586338
Department of Health,NHS Wigan Borough CCG,3/31/2019,Hcare Srv Rec Fdtn Trust-Over/ Under Performance,ACUTE COMMISSIONING,UNIVERSITY HOSPITALS OF MORECAMBE BAY NHS FOUNDATION TRUST,26551208,"31,319.00 ",1000008310
Department of Health,NHS Wigan Borough CCG,3/31/2019,Hcare Srv Rec Fdtn Trust-Over/ Under Performance,ACUTE COMMISSIONING,MANCHESTER UNIVERSITY NHS FOUNDATION TRUST,26551302,"318,960.00 ",0000430764
Department of Health,NHS Wigan Borough CCG,3/31/2019,Clinical&Medical-Commercial Sector,CHILD AND ADOLESCENT MENTAL HEALTH,CORC LTD,26562185,"67,773.00 ",CORC1361819
Department of Health,NHS Wigan Borough CCG,3/31/2019,Cont Care- Palliative Care,CHC ADULT FULLY FUNDED,ST GEORGES WIGAN LTD,26606727,"2,928.00 ",111
Department of Health,NHS Wigan Borough CCG,3/31/2019,Cont Care-Mental Health (65+),CHC ADULT FULLY FUNDED,ST GEORGES WIGAN LTD,26606727,"17,492.51 ",111
Department of Health,NHS Wigan Borough CCG,3/31/2019,Cont Care-Physical Disab (65+),CHC ADULT FULLY FUNDED,ST GEORGES WIGAN LTD,26606727,"32,648.00 ",111
Department of Health,NHS Wigan Borough CCG,3/31/2019,Clinical&Medical-Independent Sector - Over/ Under Performance,ACUTE COMMISSIONING,SPAMEDICA LTD,26606736,"56,140.54 ",NHSWB096
Department of Health,NHS Wigan Borough CCG,3/31/2019,Hcare Srv Rec Fdtn Trust-Contract Baseline,LEARNING DIFFICULTIES,MERSEY CARE NHS FOUNDATION TRUST,26606836,"270,174.00 ",I0040074
Department of Health,NHS Wigan Borough CCG,3/31/2019,Cont Care- Palliative Care,CHC ADULT FULLY FUNDED,APPLEBY COURT NURSING HOME,26606905,"20,748.00 ",AC1903
Department of Health,NHS Wigan Borough CCG,3/31/2019,Cont Care-Physical Disab (65+),CHC ADULT FULLY FUNDED,APPLEBY COURT NURSING HOME,26606905,"20,748.00 ",AC1903
Department of Health,NHS Wigan Borough CCG,3/31/2019,Clinical&Medical-Commercial Sector,CHILD AND ADOLESCENT MENTAL HEALTH,ASSOCIATION OF COLLEGES,26609844,"300,000.00 ",SIAFC002662
Department of Health,NHS Wigan Borough CCG,3/31/2019,Hcare Srv Rec Fdtn Trust-Over/ Under Performance,ACUTE COMMISSIONING,CLATTERBRIDGE CANCER CENTRE NHS FT,26633591,"27,471.37 ",9010011269
Department of Health,NHS Wigan Borough CCG,3/31/2019,Cont Care- Adult 100% Fully Funded,CHC ADULT FULLY FUNDED,COMPLETE CARE HOLDINGS LTD,26647518,"28,840.18 ",CG9774
Department of Health,NHS Wigan Borough CCG,3/31/2019,Hcare Srv Rec Fdtn Trust-Contract Baseline,ACUTE COMMISSIONING,WARRINGTON & HALTON HOSPITALS NHS FOUNDATION TRUST,26647547,"317,045.00 ",15372955
Department of Health,NHS Wigan Borough CCG,3/31/2019,Cont Care- Adult 100% Fully Funded,CHC ADULT FULLY FUNDED,WIGAN COUNCIL,26647550,"51,707.24 ",71257655004
Department of Health,NHS Wigan Borough CCG,3/31/2019,Cont Care- Palliative Care,CHC ADULT FULLY FUNDED,WIGAN COUNCIL,26647553,"5,151.24 ",71257663003
Department of Health,NHS Wigan Borough CCG,3/31/2019,Cont Care-Learning Disab(<65),CHC ADULT FULLY FUNDED,WIGAN COUNCIL,26647553,"8,414.50 ",71257663003
Department of Health,NHS Wigan Borough CCG,3/31/2019,Cont Care-Physical Disab (65+),CHC ADULT FULLY FUNDED,WIGAN COUNCIL,26647553,"8,190.70 ",71257663003
Department of Health,NHS Wigan Borough CCG,3/31/2019,Cont Care-Physical Disab (<65),CHC ADULT FULLY FUNDED,WIGAN COUNCIL,26647553,"6,150.88 ",71257663003
Department of Health,NHS Wigan Borough CCG,3/31/2019,Cont Care- Palliative Care,CHC ADULT FULLY FUNDED,WIGAN COUNCIL,26647554,"22,149.83 ",71257663508
Department of Health,NHS Wigan Borough CCG,3/31/2019,Cont Care-Learning Disab(65+),CHC ADULT FULLY FUNDED,WIGAN COUNCIL,26647554,"8,389.44 ",71257663508
Department of Health,NHS Wigan Borough CCG,3/31/2019,Cont Care-Learning Disab(<65),CHC ADULT FULLY FUNDED,WIGAN COUNCIL,26647554,"122,689.17 ",71257663508
Department of Health,NHS Wigan Borough CCG,3/31/2019,Cont Care-Mental Health (65+),CHC ADULT FULLY FUNDED,WIGAN COUNCIL,26647554,"19,302.08 ",71257663508
Department of Health,NHS Wigan Borough CCG,3/31/2019,Cont Care-Mental Health (<65),CHC ADULT FULLY FUNDED,WIGAN COUNCIL,26647554,"29,706.32 ",71257663508
Department of Health,NHS Wigan Borough CCG,3/31/2019,Cont Care-Physical Disab (65+),CHC ADULT FULLY FUNDED,WIGAN COUNCIL,26647554,"123,198.58 ",71257663508
Department of Health,NHS Wigan Borough CCG,3/31/2019,Cont Care-Physical Disab (<65),CHC ADULT FULLY FUNDED,WIGAN COUNCIL,26647554,"341,693.27 ",71257663508
Department of Health,NHS Wigan Borough CCG,3/31/2019,Services From Local Authorities,CHC ADULT FULLY FUNDED,WIGAN COUNCIL,26647555,"26,362.29 ",71257661603
Department of Health,NHS Wigan Borough CCG,3/31/2019,Cont Care- Adult 100% Fully Funded,CHC ADULT FULLY FUNDED,WIGAN COUNCIL,26647556,"207,825.03 ",71257654908
Department of Health,NHS Wigan Borough CCG,3/31/2019,Cont Care- Children,Children's Continuing Care,WIGAN COUNCIL,26647560,"51,947.34 ",71258080407
Department of Health,NHS Wigan Borough CCG,3/31/2019,Cont Care- Children,Children's Continuing Care Personal Health Budgets,WIGAN COUNCIL,26647560,"299,348.61 ",71258080407
Department of Health,NHS Wigan Borough CCG,3/31/2019,Cont Care- Adult 100% Fully Funded,CHC ADULT FULLY FUNDED,WIGAN COUNCIL,26647563,"107,430.11 ",71258075805
Department of Health,NHS Wigan Borough CCG,3/31/2019,Hcare Srv Rec Fdtn Trust-Contract Baseline,ACUTE COMMISSIONING,AINTREE UNIVERSITY HOSPITALS NHS FOUNDATION TRUST,26647566,"55,160.58 ",8410044157
Department of Health,NHS Wigan Borough CCG,3/31/2019,Clinical&Medical-Commercial Sector,MENTAL HEALTH CONTRACTS,HIGHBANK PRIORY,26647695,"26,513.99 ",1100008107
Department of Health,NHS Wigan Borough CCG,3/31/2019,Hcare Srv Rec Fdtn Trust-Contract Cost per Case,PLANNED CARE,WRIGHTINGTON WIGAN & LEIGH NHS FOUNDATION TRUST,26647706,"46,189.00 ",55586682
Department of Health,NHS Wigan Borough CCG,3/31/2019,Hcare Srv Rec Fdtn Trust-Contract Baseline,ACUTE COMMISSIONING,WRIGHTINGTON WIGAN & LEIGH NHS FOUNDATION TRUST,26647708,"16,620,717.00 ",55586683
Department of Health,NHS Wigan Borough CCG,3/31/2019,Hcare Srv Rec Fdtn Trust-Contract Baseline,ACUTE COMMISSIONING,MANCHESTER UNIVERSITY NHS FOUNDATION TRUST,26647773,"814,079.50 ",0000431873
Department of Health,NHS Wigan Borough CCG,3/31/2019,Clinical&Medical-Commercial Sector,LEARNING DIFFICULTIES,WIGAN COUNCIL,26649959,"6,876.52 ",91257823146
Department of Health,NHS Wigan Borough CCG,3/31/2019,Clinical&Medical-Commercial Sector,Learning Difficulties - S117,WIGAN COUNCIL,26649959,"6,900.00 ",91257823146
Department of Health,NHS Wigan Borough CCG,3/31/2019,Clinical&Medical-Commercial Sector,MENTAL HEALTH CONTRACTS,WIGAN COUNCIL,26649959,"4,190.00 ",91257823146
Department of Health,NHS Wigan Borough CCG,3/31/2019,Clinical&Medical-Commercial Sector,Mental Health Services - S117 Mental Health,WIGAN COUNCIL,26649959,"159,960.17 ",91257823146
Department of Health,NHS Wigan Borough CCG,3/31/2019,Clinical&Medical-Serv Recd-F Trsts,COMMISSIONING - NON ACUTE,WRIGHTINGTON WIGAN & LEIGH NHS FOUNDATION TRUST,26664149,"7,000,000.00 ",55586540
Department of Health,NHS Wigan Borough CCG,3/31/2019,C&M-APMS Contract Value,PRC DELEGATED CO-COMMISSIONING,Y02322 - LEIGH FAMILY PRACTICE,26664272,"86,296.92 ",APMSRECY02322001
Department of Health,NHS Wigan Borough CCG,3/31/2019,C&M-APMS LES Anti-coagulation,LOCAL ENHANCED SERVICES,INTRAHEALTH LTD,26664317,"29,325.00 ",NAV840
Department of Health,NHS Wigan Borough CCG,3/31/2019,C&M-APMS LES Anti-coagulation,LOCAL ENHANCED SERVICES,INTRAHEALTH LTD,26664336,"28,985.00 ",NAV841
Department of Health,NHS Wigan Borough CCG,3/31/2019,Hcare Srv Rec Fdtn Trust-Over/ Under Performance,ACUTE COMMISSIONING,WARRINGTON & HALTON HOSPITALS NHS FOUNDATION TRUST,26665661,"245,593.95 ",15373087
,,,,,,,,
