A3131 - Expenditure Over Threshold,,,,,,,,,
,,,,,,,,,
,,,,,,,,,
,,,,,,,,,
Time run: 01/10/2018 13:01:51,,,,,,,,,
,,,,,,,,,
Department family,Entity,Date,Expense Type,Expense area,Supplier,Transaction number,AP Amount (�),VAT registration number,Purchase invoice number
Department of Health,NHS East & North Hertfordshire CCG,30/09/2018,C&M-APMS Contract Value,PRC DELEGATED CO-COMMISSIONING,12 POINT CARE LTD,23817502,"111,515.16 ",,HT000037592
Department of Health,NHS East & North Hertfordshire CCG,30/09/2018,C&M-APMS Prem Rates,PRC DELEGATED CO-COMMISSIONING,12 POINT CARE LTD,23817502,"4,051.38 ",,HT000037592
Department of Health,NHS East & North Hertfordshire CCG,30/09/2018,C&M-PMS QOF Aspiration,PRC DELEGATED CO-COMMISSIONING,12 POINT CARE LTD,23817502,"3,312.79 ",,HT000037592
Department of Health,NHS East & North Hertfordshire CCG,30/09/2018,C&M-APMS Contract Value,PRC DELEGATED CO-COMMISSIONING,12 POINT CARE LTD,23842985,"(64,701.01)",,HT000037591
Department of Health,NHS East & North Hertfordshire CCG,30/09/2018,C&M-APMS QOF Aspiration,PRC DELEGATED CO-COMMISSIONING,12 POINT CARE LTD,23842985,"(9,938.35)",,HT000037591
Department of Health,NHS East & North Hertfordshire CCG,30/09/2018,C&M-PMS GP Statutory Levy,PRC DELEGATED CO-COMMISSIONING,12 POINT CARE LTD,23842985,(568.04),,HT000037591
Department of Health,NHS East & North Hertfordshire CCG,30/09/2018,C&M-PMS Voluntary Levy,PRC DELEGATED CO-COMMISSIONING,12 POINT CARE LTD,23842985,(64.55),,HT000037591
Department of Health,NHS East & North Hertfordshire CCG,30/09/2018,ME - APMS GP Prior Year ERs,PRC DELEGATED CO-COMMISSIONING,12 POINT CARE LTD,23842985,"(5,072.14)",,HT000037591
Department of Health,NHS East & North Hertfordshire CCG,30/09/2018,ME-APMS GP Prior Year EEs,PRC DELEGATED CO-COMMISSIONING,12 POINT CARE LTD,23842985,"(3,672.84)",,HT000037591
Department of Health,NHS East & North Hertfordshire CCG,30/09/2018,Clinical&Medical-Independent Sector,ACUTE COMMISSIONING,ALLIANCE MEDICAL LTD,24024177,"34,500.00 ",GB 523318667,AML104423
Department of Health,NHS East & North Hertfordshire CCG,30/09/2018,C&M-GMS Global Sum,PRC DELEGATED CO-COMMISSIONING,AMWELL STREET SURGERY,24012862,"80,681.92 ",,HT000037616
Department of Health,NHS East & North Hertfordshire CCG,30/09/2018,C&M-GMS MPIG Correction Factor,PRC DELEGATED CO-COMMISSIONING,AMWELL STREET SURGERY,24012862,"2,310.15 ",,HT000037616
Department of Health,NHS East & North Hertfordshire CCG,30/09/2018,C&M-GMS PCO Locum Sickness,PRC DELEGATED CO-COMMISSIONING,AMWELL STREET SURGERY,24012862,"5,251.56 ",,HT000037616
Department of Health,NHS East & North Hertfordshire CCG,30/09/2018,C&M-GMS PCO Seniority,PRC DELEGATED CO-COMMISSIONING,AMWELL STREET SURGERY,24012862,"4,570.05 ",,HT000037616
Department of Health,NHS East & North Hertfordshire CCG,30/09/2018,C&M-GMS Prem Actual Rent,PRC DELEGATED CO-COMMISSIONING,AMWELL STREET SURGERY,24012862,"46,542.00 ",,HT000037616
Department of Health,NHS East & North Hertfordshire CCG,30/09/2018,C&M-GMS Prem Rates,PRC DELEGATED CO-COMMISSIONING,AMWELL STREET SURGERY,24012862,"107,844.74 ",,HT000037616
Department of Health,NHS East & North Hertfordshire CCG,30/09/2018,C&M-GMS Prem Water Rates,PRC DELEGATED CO-COMMISSIONING,AMWELL STREET SURGERY,24012862,208.43 ,,HT000037616
Department of Health,NHS East & North Hertfordshire CCG,30/09/2018,C&M-GMS QOF Aspiration,PRC DELEGATED CO-COMMISSIONING,AMWELL STREET SURGERY,24012862,"8,946.15 ",,HT000037616
Department of Health,NHS East & North Hertfordshire CCG,30/09/2018,C&M-GMS LES Anti-coagulation,LOCAL ENHANCED SERVICES,ASHWELL SURGERY,24007048,"33,568.62 ",879108291,FSEN0918001
Department of Health,NHS East & North Hertfordshire CCG,30/09/2018,C&M-GMS Global Sum,PRC DELEGATED CO-COMMISSIONING,ASHWELL SURGERY,24012858,"57,087.83 ",879108291,HT000037612
Department of Health,NHS East & North Hertfordshire CCG,30/09/2018,C&M-GMS MPIG Correction Factor,PRC DELEGATED CO-COMMISSIONING,ASHWELL SURGERY,24012858,"1,150.80 ",879108291,HT000037612
Department of Health,NHS East & North Hertfordshire CCG,30/09/2018,C&M-GMS PCO Seniority,PRC DELEGATED CO-COMMISSIONING,ASHWELL SURGERY,24012858,"1,639.15 ",879108291,HT000037612
Department of Health,NHS East & North Hertfordshire CCG,30/09/2018,C&M-GMS Prem Notional Rent,PRC DELEGATED CO-COMMISSIONING,ASHWELL SURGERY,24012858,"7,747.50 ",879108291,HT000037612
Department of Health,NHS East & North Hertfordshire CCG,30/09/2018,C&M-GMS Prem Rates,PRC DELEGATED CO-COMMISSIONING,ASHWELL SURGERY,24012858,"1,708.41 ",879108291,HT000037612
Department of Health,NHS East & North Hertfordshire CCG,30/09/2018,C&M-GMS QOF Aspiration,PRC DELEGATED CO-COMMISSIONING,ASHWELL SURGERY,24012858,"4,794.78 ",879108291,HT000037612
Department of Health,NHS East & North Hertfordshire CCG,30/09/2018,ME - GMS GP Prior Year ERs,PRC DELEGATED CO-COMMISSIONING,ASHWELL SURGERY,24012858,161.62 ,879108291,HT000037612
Department of Health,NHS East & North Hertfordshire CCG,30/09/2018,ME-GMS GP Prior Year EEs,PRC DELEGATED CO-COMMISSIONING,ASHWELL SURGERY,24012858,39.14 ,879108291,HT000037612
Department of Health,NHS East & North Hertfordshire CCG,30/09/2018,C&M-GMS Cost of Drugs -Dispensing,LOCAL ENHANCED SERVICES,ASHWELL SURGERY,24039983,"(27,466.20)",879108291,HT000037952
Department of Health,NHS East & North Hertfordshire CCG,30/09/2018,C&M-GMS PrscChrgsCll&RmttdbyGPCntra,PRC DELEGATED CO-COMMISSIONING,ASHWELL SURGERY,24039983,"(2,411.20)",879108291,HT000037952
Department of Health,NHS East & North Hertfordshire CCG,30/09/2018,C&M-GMS Cost of Drugs -Dispensing,LOCAL ENHANCED SERVICES,ASHWELL SURGERY,24039984,"53,615.76 ",879108291,HT000037953
Department of Health,NHS East & North Hertfordshire CCG,30/09/2018,C&M-GMS Prof Fees Dispensing,PRC DELEGATED CO-COMMISSIONING,ASHWELL SURGERY,24039984,"10,036.81 ",879108291,HT000037953
Department of Health,NHS East & North Hertfordshire CCG,30/09/2018,C&M-GMS PrscrptnChrgsColl&RmttdbyGP,LOCAL ENHANCED SERVICES,ASHWELL SURGERY,24039984,"2,411.20 ",879108291,HT000037953
Department of Health,NHS East & North Hertfordshire CCG,30/09/2018,Hcare Srv Rec NHS Trust-Contract Baseline,ACUTE COMMISSIONING,BARKING HAVERING AND REDBRIDGE HOSPITALS NHS TRUST,23779268,"100,483.00 ",,8451820
Department of Health,NHS East & North Hertfordshire CCG,30/09/2018,Hcare Srv Rec NHS Trust-Contract Baseline,ACUTE COMMISSIONING,BARTS HEALTH NHS TRUST,24049647,"206,427.84 ",,347721
Department of Health,NHS East & North Hertfordshire CCG,30/09/2018,Hcare Srv Rec Fdtn Trust-Contract Baseline,ACUTE COMMISSIONING,BASILDON & THURROCK UNIVERSITY HOSPITALS NHS FOUNDATION TRUST,23740067,"43,245.00 ",,0000097764
Department of Health,NHS East & North Hertfordshire CCG,30/09/2018,Hcare Srv Rec NHS Trust-Contract Baseline,ACUTE COMMISSIONING,BEDFORD HOSPITAL NHS TRUST,23724241,"28,628.29 ",,I0165871
Department of Health,NHS East & North Hertfordshire CCG,30/09/2018,C&M-GMS GP Statutory Levy,PRC DELEGATED CO-COMMISSIONING,BEDFORDSHIRE AND HERTFORDSHIRE LMC LTD (STAT LEVY),24083058,"65,942.80 ",,105524-25-SEP-2018
Department of Health,NHS East & North Hertfordshire CCG,30/09/2018,C&M-GMS Voluntary Levy,PRC DELEGATED CO-COMMISSIONING,BEDFORDSHIRE AND HERTFORDSHIRE LMC LTD (STAT LEVY),24083058,"7,493.52 ",,105524-25-SEP-2018
Department of Health,NHS East & North Hertfordshire CCG,30/09/2018,C&M-GMS Global Sum,PRC DELEGATED CO-COMMISSIONING,BEDWELL MEDICAL CENTRE,24012860,"86,050.06 ",,HT000037614
Department of Health,NHS East & North Hertfordshire CCG,30/09/2018,C&M-GMS PCO Locum Adop/Pat/Mat,PRC DELEGATED CO-COMMISSIONING,BEDWELL MEDICAL CENTRE,24012860,"5,574.02 ",,HT000037614
Department of Health,NHS East & North Hertfordshire CCG,30/09/2018,C&M-GMS PCO Seniority,PRC DELEGATED CO-COMMISSIONING,BEDWELL MEDICAL CENTRE,24012860,"1,302.05 ",,HT000037614
Department of Health,NHS East & North Hertfordshire CCG,30/09/2018,C&M-GMS Prem Actual Rent,PRC DELEGATED CO-COMMISSIONING,BEDWELL MEDICAL CENTRE,24012860,"22,495.10 ",,HT000037614
Department of Health,NHS East & North Hertfordshire CCG,30/09/2018,C&M-GMS Prem Notional Rent,PRC DELEGATED CO-COMMISSIONING,BEDWELL MEDICAL CENTRE,24012860,"3,229.17 ",,HT000037614
Department of Health,NHS East & North Hertfordshire CCG,30/09/2018,C&M-GMS Prem Rates,PRC DELEGATED CO-COMMISSIONING,BEDWELL MEDICAL CENTRE,24012860,"2,042.89 ",,HT000037614
Department of Health,NHS East & North Hertfordshire CCG,30/09/2018,C&M-GMS QOF Aspiration,PRC DELEGATED CO-COMMISSIONING,BEDWELL MEDICAL CENTRE,24012860,"8,462.17 ",,HT000037614
Department of Health,NHS East & North Hertfordshire CCG,30/09/2018,ME - GMS GP Prior Year ERs,PRC DELEGATED CO-COMMISSIONING,BEDWELL MEDICAL CENTRE,24012860,383.63 ,,HT000037614
Department of Health,NHS East & North Hertfordshire CCG,30/09/2018,ME-GMS GP Pension EEs Adjustments,PRC DELEGATED CO-COMMISSIONING,BEDWELL MEDICAL CENTRE,24012860,68.08 ,,HT000037614
Department of Health,NHS East & North Hertfordshire CCG,30/09/2018,ME-GMS GP Pension ERs Adjustments,PRC DELEGATED CO-COMMISSIONING,BEDWELL MEDICAL CENTRE,24012860,105.25 ,,HT000037614
Department of Health,NHS East & North Hertfordshire CCG,30/09/2018,ME-GMS GP Prior Year EEs,PRC DELEGATED CO-COMMISSIONING,BEDWELL MEDICAL CENTRE,24012860,960.46 ,,HT000037614
Department of Health,NHS East & North Hertfordshire CCG,30/09/2018,C&M-GMS Global Sum,PRC DELEGATED CO-COMMISSIONING,BIRCHWOOD SURGERY,24012864,"92,869.54 ",,HT000037618
Department of Health,NHS East & North Hertfordshire CCG,30/09/2018,C&M-GMS PCO Seniority,PRC DELEGATED CO-COMMISSIONING,BIRCHWOOD SURGERY,24012864,"2,443.39 ",,HT000037618
Department of Health,NHS East & North Hertfordshire CCG,30/09/2018,C&M-GMS Prem Rates,PRC DELEGATED CO-COMMISSIONING,BIRCHWOOD SURGERY,24012864,"1,277.11 ",,HT000037618
Department of Health,NHS East & North Hertfordshire CCG,30/09/2018,C&M-GMS QOF Aspiration,PRC DELEGATED CO-COMMISSIONING,BIRCHWOOD SURGERY,24012864,"11,389.28 ",,HT000037618
Department of Health,NHS East & North Hertfordshire CCG,30/09/2018,Clinical&Medical-Independent Sector - Prior Year,ACUTE COMMISSIONING,BMI HEALTHCARE COLLECTIONS,23710870,"44,245.44 ",,0000095483
Department of Health,NHS East & North Hertfordshire CCG,30/09/2018,Clinical&Medical-Independent Sector - Prior Year,ACUTE COMMISSIONING,BMI HEALTHCARE COLLECTIONS,23710871,"36,705.51 ",,0000095484
Department of Health,NHS East & North Hertfordshire CCG,30/09/2018,Clinical&Medical-Independent Sector,ACUTE COMMISSIONING,BMI HEALTHCARE COLLECTIONS,23848905,"91,874.98 ",,0000096807
Department of Health,NHS East & North Hertfordshire CCG,30/09/2018,Clinical&Medical-Independent Sector,ACUTE COMMISSIONING,BMI HEALTHCARE COLLECTIONS,23848909,"107,041.78 ",,0000096806
Department of Health,NHS East & North Hertfordshire CCG,30/09/2018,Clinical&Medical-Independent Sector,COLLABORATIVE COMMISSIONING,BOURN HALL CLINIC,23861809,"42,250.00 ",,16137
Department of Health,NHS East & North Hertfordshire CCG,30/09/2018,Clinical&Medical-Independent Sector,COLLABORATIVE COMMISSIONING,BOURN HALL CLINIC,23861886,"40,850.00 ",,16206
Department of Health,NHS East & North Hertfordshire CCG,30/09/2018,Clinical&Medical-Voluntary Sector,COMMUNITY SERVICES,BPAS,23998219,"26,813.54 ",855924881,38799
Department of Health,NHS East & North Hertfordshire CCG,30/09/2018,C&M-GMS Global Sum,PRC DELEGATED CO-COMMISSIONING,BRIDGE COTTAGE SURGERY,24012870,"112,011.44 ",,HT000037624
Department of Health,NHS East & North Hertfordshire CCG,30/09/2018,C&M-GMS PCO Seniority,PRC DELEGATED CO-COMMISSIONING,BRIDGE COTTAGE SURGERY,24012870,"2,581.47 ",,HT000037624
Department of Health,NHS East & North Hertfordshire CCG,30/09/2018,C&M-GMS Prem Notional Rent,PRC DELEGATED CO-COMMISSIONING,BRIDGE COTTAGE SURGERY,24012870,"9,508.33 ",,HT000037624
Department of Health,NHS East & North Hertfordshire CCG,30/09/2018,C&M-GMS Prem Rates,PRC DELEGATED CO-COMMISSIONING,BRIDGE COTTAGE SURGERY,24012870,"2,550.32 ",,HT000037624
Department of Health,NHS East & North Hertfordshire CCG,30/09/2018,C&M-GMS QOF Aspiration,PRC DELEGATED CO-COMMISSIONING,BRIDGE COTTAGE SURGERY,24012870,"11,166.13 ",,HT000037624
Department of Health,NHS East & North Hertfordshire CCG,30/09/2018,C&M-GMS Global Sum,PRC DELEGATED CO-COMMISSIONING,BUNTINGFORD MEDICAL CENTRE,24012866,"50,442.31 ",,HT000037620
Department of Health,NHS East & North Hertfordshire CCG,30/09/2018,C&M-GMS Prem Actual Rent,PRC DELEGATED CO-COMMISSIONING,BUNTINGFORD MEDICAL CENTRE,24012866,790.00 ,,HT000037620
Department of Health,NHS East & North Hertfordshire CCG,30/09/2018,C&M-GMS Prem Rates,PRC DELEGATED CO-COMMISSIONING,BUNTINGFORD MEDICAL CENTRE,24012866,817.07 ,,HT000037620
Department of Health,NHS East & North Hertfordshire CCG,30/09/2018,C&M-GMS QOF Aspiration,PRC DELEGATED CO-COMMISSIONING,BUNTINGFORD MEDICAL CENTRE,24012866,"4,885.79 ",,HT000037620
Department of Health,NHS East & North Hertfordshire CCG,30/09/2018,Cont Care- Adult 100% Fully Funded,CHC ADULT FULLY FUNDED,BUPA CARE HOMES,23923869,"13,750.73 ",239731641,BUP1806ENA
Department of Health,NHS East & North Hertfordshire CCG,30/09/2018,Cont Care-Physical Disab (65+),CHC ADULT FULLY FUNDED,BUPA CARE HOMES,23923869,"22,579.73 ",239731641,BUP1806ENA
Department of Health,NHS East & North Hertfordshire CCG,30/09/2018,Cont Care- Adult 100% Fully Funded,CHC ADULT FULLY FUNDED,BUPA CARE HOMES,24006055,"7,721.50 ",239731641,BUP1807ENA
Department of Health,NHS East & North Hertfordshire CCG,30/09/2018,Cont Care-Physical Disab (65+),CHC ADULT FULLY FUNDED,BUPA CARE HOMES,24006055,"23,257.13 ",239731641,BUP1807ENA
Department of Health,NHS East & North Hertfordshire CCG,30/09/2018,C&M-GMS Global Sum,PRC DELEGATED CO-COMMISSIONING,BURVILL HOUSE SURGERY,24012868,"69,465.16 ",,HT000037622
Department of Health,NHS East & North Hertfordshire CCG,30/09/2018,C&M-GMS Other FDR Payment,PRC DELEGATED CO-COMMISSIONING,BURVILL HOUSE SURGERY,24012868,"2,989.42 ",,HT000037622
Department of Health,NHS East & North Hertfordshire CCG,30/09/2018,C&M-GMS PCO Seniority,PRC DELEGATED CO-COMMISSIONING,BURVILL HOUSE SURGERY,24012868,"3,081.18 ",,HT000037622
Department of Health,NHS East & North Hertfordshire CCG,30/09/2018,C&M-GMS Prem Actual Rent,PRC DELEGATED CO-COMMISSIONING,BURVILL HOUSE SURGERY,24012868,350.00 ,,HT000037622
Department of Health,NHS East & North Hertfordshire CCG,30/09/2018,C&M-GMS Prem Notional Rent,PRC DELEGATED CO-COMMISSIONING,BURVILL HOUSE SURGERY,24012868,"4,808.33 ",,HT000037622
Department of Health,NHS East & North Hertfordshire CCG,30/09/2018,C&M-GMS Prem Rates,PRC DELEGATED CO-COMMISSIONING,BURVILL HOUSE SURGERY,24012868,"1,283.96 ",,HT000037622
Department of Health,NHS East & North Hertfordshire CCG,30/09/2018,C&M-GMS QOF Aspiration,PRC DELEGATED CO-COMMISSIONING,BURVILL HOUSE SURGERY,24012868,"6,398.11 ",,HT000037622
Department of Health,NHS East & North Hertfordshire CCG,30/09/2018,External Consultancy Fees,IT NETWORK & TELECOMS,BYTES SOFTWARE SERVICES LTD,23947824,"30,240.00 ",823818226,526588
Department of Health,NHS East & North Hertfordshire CCG,31/08/2018,Hcare Srv Rec Fdtn Trust-Contract Baseline,ACUTE COMMISSIONING,CAMBRIDGE UNIVERSITY HOSPITALS NHS FOUNDATION TRUST,23667473,"1,414,983.75 ",,70022139
Department of Health,NHS East & North Hertfordshire CCG,30/09/2018,Cont Care-Learning Disab(<65),CHC ADULT FULLY FUNDED,CANDOUR CARE SERVICES,23713318,"32,351.25 ",,478A
Department of Health,NHS East & North Hertfordshire CCG,30/09/2018,Cont Care-Learning Disab(<65),CHC ADULT FULLY FUNDED,CANDOUR CARE SERVICES,23793492,"31,307.67 ",,481
Department of Health,NHS East & North Hertfordshire CCG,30/09/2018,C&M-GMS Global Sum,PRC DELEGATED CO-COMMISSIONING,CASTLEGATE SURGERY HERTFORD,24012877,"50,059.79 ",,HT000037632
Department of Health,NHS East & North Hertfordshire CCG,30/09/2018,C&M-GMS MPIG Correction Factor,PRC DELEGATED CO-COMMISSIONING,CASTLEGATE SURGERY HERTFORD,24012877,107.76 ,,HT000037632
Department of Health,NHS East & North Hertfordshire CCG,30/09/2018,C&M-GMS PCO Seniority,PRC DELEGATED CO-COMMISSIONING,CASTLEGATE SURGERY HERTFORD,24012877,"2,202.82 ",,HT000037632
Department of Health,NHS East & North Hertfordshire CCG,30/09/2018,C&M-GMS Prem Rates,PRC DELEGATED CO-COMMISSIONING,CASTLEGATE SURGERY HERTFORD,24012877,"1,164.41 ",,HT000037632
Department of Health,NHS East & North Hertfordshire CCG,30/09/2018,C&M-GMS QOF Aspiration,PRC DELEGATED CO-COMMISSIONING,CASTLEGATE SURGERY HERTFORD,24012877,"4,522.97 ",,HT000037632
Department of Health,NHS East & North Hertfordshire CCG,30/09/2018,C&M-GMS Global Sum,PRC DELEGATED CO-COMMISSIONING,CHELLS WAY SURGERY,24012872,"94,865.82 ",,HT000037626
Department of Health,NHS East & North Hertfordshire CCG,30/09/2018,C&M-GMS MPIG Correction Factor,PRC DELEGATED CO-COMMISSIONING,CHELLS WAY SURGERY,24012872,303.89 ,,HT000037626
Department of Health,NHS East & North Hertfordshire CCG,30/09/2018,C&M-GMS PCO Seniority,PRC DELEGATED CO-COMMISSIONING,CHELLS WAY SURGERY,24012872,"4,879.33 ",,HT000037626
Department of Health,NHS East & North Hertfordshire CCG,30/09/2018,C&M-GMS Prem Rates,PRC DELEGATED CO-COMMISSIONING,CHELLS WAY SURGERY,24012872,"1,092.26 ",,HT000037626
Department of Health,NHS East & North Hertfordshire CCG,30/09/2018,C&M-GMS QOF Aspiration,PRC DELEGATED CO-COMMISSIONING,CHELLS WAY SURGERY,24012872,"8,893.85 ",,HT000037626
Department of Health,NHS East & North Hertfordshire CCG,30/09/2018,Hcare Srv Rec Fdtn Trust-Contract Baseline,ACUTE COMMISSIONING,CHELSEA AND WESTMINSTER HOSPITAL NHS FOUNDATION TRUST,23779169,"28,536.17 ",654915415,N0025137
Department of Health,NHS East & North Hertfordshire CCG,30/09/2018,C&M-GMS Global Sum,PRC DELEGATED CO-COMMISSIONING,CHURCH STREET SURGERY BISHOPS STORT,24036988,"96,862.11 ",,HT000037628
Department of Health,NHS East & North Hertfordshire CCG,30/09/2018,C&M-GMS MPIG Correction Factor,PRC DELEGATED CO-COMMISSIONING,CHURCH STREET SURGERY BISHOPS STORT,24036988,637.65 ,,HT000037628
Department of Health,NHS East & North Hertfordshire CCG,30/09/2018,C&M-GMS PCO Locum Sickness,PRC DELEGATED CO-COMMISSIONING,CHURCH STREET SURGERY BISHOPS STORT,24036988,"1,626.36 ",,HT000037628
Department of Health,NHS East & North Hertfordshire CCG,30/09/2018,C&M-GMS PCO Seniority,PRC DELEGATED CO-COMMISSIONING,CHURCH STREET SURGERY BISHOPS STORT,24036988,"3,290.62 ",,HT000037628
Department of Health,NHS East & North Hertfordshire CCG,30/09/2018,C&M-GMS Prem Cost Rent,PRC DELEGATED CO-COMMISSIONING,CHURCH STREET SURGERY BISHOPS STORT,24036988,"6,936.58 ",,HT000037628
Department of Health,NHS East & North Hertfordshire CCG,30/09/2018,C&M-GMS Prem Rates,PRC DELEGATED CO-COMMISSIONING,CHURCH STREET SURGERY BISHOPS STORT,24036988,"1,575.20 ",,HT000037628
Department of Health,NHS East & North Hertfordshire CCG,30/09/2018,C&M-GMS QOF Aspiration,PRC DELEGATED CO-COMMISSIONING,CHURCH STREET SURGERY BISHOPS STORT,24036988,"9,240.80 ",,HT000037628
Department of Health,NHS East & North Hertfordshire CCG,30/09/2018,C&M-GMS Global Sum,PRC DELEGATED CO-COMMISSIONING,CHURCH STREET SURGERY WARE,24012875,"59,562.67 ",,HT000037630
Department of Health,NHS East & North Hertfordshire CCG,30/09/2018,C&M-GMS MPIG Correction Factor,PRC DELEGATED CO-COMMISSIONING,CHURCH STREET SURGERY WARE,24012875,841.90 ,,HT000037630
Department of Health,NHS East & North Hertfordshire CCG,30/09/2018,C&M-GMS PCO Seniority,PRC DELEGATED CO-COMMISSIONING,CHURCH STREET SURGERY WARE,24012875,"1,406.52 ",,HT000037630
Department of Health,NHS East & North Hertfordshire CCG,30/09/2018,C&M-GMS Prem Notional Rent,PRC DELEGATED CO-COMMISSIONING,CHURCH STREET SURGERY WARE,24012875,"6,129.17 ",,HT000037630
Department of Health,NHS East & North Hertfordshire CCG,30/09/2018,C&M-GMS Prem Rates,PRC DELEGATED CO-COMMISSIONING,CHURCH STREET SURGERY WARE,24012875,"2,208.00 ",,HT000037630
Department of Health,NHS East & North Hertfordshire CCG,30/09/2018,C&M-GMS Prem Water Rates,PRC DELEGATED CO-COMMISSIONING,CHURCH STREET SURGERY WARE,24012875,140.22 ,,HT000037630
Department of Health,NHS East & North Hertfordshire CCG,30/09/2018,C&M-GMS QOF Aspiration,PRC DELEGATED CO-COMMISSIONING,CHURCH STREET SURGERY WARE,24012875,"6,780.75 ",,HT000037630
Department of Health,NHS East & North Hertfordshire CCG,30/09/2018,C&M-GMS Global Sum,PRC DELEGATED CO-COMMISSIONING,COURTENAY HOUSE SURGERY,24012879,"46,368.73 ",,HT000037634
Department of Health,NHS East & North Hertfordshire CCG,30/09/2018,C&M-GMS MPIG Correction Factor,PRC DELEGATED CO-COMMISSIONING,COURTENAY HOUSE SURGERY,24012879,239.37 ,,HT000037634
Department of Health,NHS East & North Hertfordshire CCG,30/09/2018,C&M-GMS PCO Seniority,PRC DELEGATED CO-COMMISSIONING,COURTENAY HOUSE SURGERY,24012879,"3,057.94 ",,HT000037634
Department of Health,NHS East & North Hertfordshire CCG,30/09/2018,C&M-GMS Prem Rates,PRC DELEGATED CO-COMMISSIONING,COURTENAY HOUSE SURGERY,24012879,"2,908.70 ",,HT000037634
Department of Health,NHS East & North Hertfordshire CCG,30/09/2018,C&M-GMS QOF Aspiration,PRC DELEGATED CO-COMMISSIONING,COURTENAY HOUSE SURGERY,24012879,"4,186.55 ",,HT000037634
Department of Health,NHS East & North Hertfordshire CCG,30/09/2018,C&M-GMS Global Sum,PRC DELEGATED CO-COMMISSIONING,CROMWELL MEDICAL CENTRE,24012881,"51,012.36 ",,HT000037636
Department of Health,NHS East & North Hertfordshire CCG,30/09/2018,C&M-GMS PCO Seniority,PRC DELEGATED CO-COMMISSIONING,CROMWELL MEDICAL CENTRE,24012881,"1,373.63 ",,HT000037636
Department of Health,NHS East & North Hertfordshire CCG,30/09/2018,C&M-GMS Prem Notional Rent,PRC DELEGATED CO-COMMISSIONING,CROMWELL MEDICAL CENTRE,24012881,"5,150.00 ",,HT000037636
Department of Health,NHS East & North Hertfordshire CCG,30/09/2018,C&M-GMS Prem Rates,PRC DELEGATED CO-COMMISSIONING,CROMWELL MEDICAL CENTRE,24012881,"2,028.05 ",,HT000037636
Department of Health,NHS East & North Hertfordshire CCG,30/09/2018,C&M-GMS QOF Aspiration,PRC DELEGATED CO-COMMISSIONING,CROMWELL MEDICAL CENTRE,24012881,"5,396.90 ",,HT000037636
Department of Health,NHS East & North Hertfordshire CCG,30/09/2018,C&M-GMS Global Sum,PRC DELEGATED CO-COMMISSIONING,CUFFLEY & GOFFS OAK MEDICAL PRACTICE,24012883,"86,007.99 ",,HT000037638
Department of Health,NHS East & North Hertfordshire CCG,30/09/2018,C&M-GMS PCO Doctors Ret Scheme,PRC DELEGATED CO-COMMISSIONING,CUFFLEY & GOFFS OAK MEDICAL PRACTICE,24012883,692.28 ,,HT000037638
Department of Health,NHS East & North Hertfordshire CCG,30/09/2018,C&M-GMS PCO Seniority,PRC DELEGATED CO-COMMISSIONING,CUFFLEY & GOFFS OAK MEDICAL PRACTICE,24012883,847.31 ,,HT000037638
Department of Health,NHS East & North Hertfordshire CCG,30/09/2018,C&M-GMS Prem Rates,PRC DELEGATED CO-COMMISSIONING,CUFFLEY & GOFFS OAK MEDICAL PRACTICE,24012883,"2,036.10 ",,HT000037638
Department of Health,NHS East & North Hertfordshire CCG,30/09/2018,C&M-GMS QOF Aspiration,PRC DELEGATED CO-COMMISSIONING,CUFFLEY & GOFFS OAK MEDICAL PRACTICE,24012883,"8,375.55 ",,HT000037638
Department of Health,NHS East & North Hertfordshire CCG,30/09/2018,C&M-GMS Global Sum,PRC DELEGATED CO-COMMISSIONING,DOLPHIN HOUSE SURGERY,24012885,"88,826.92 ",,HT000037640
Department of Health,NHS East & North Hertfordshire CCG,30/09/2018,C&M-GMS MPIG Correction Factor,PRC DELEGATED CO-COMMISSIONING,DOLPHIN HOUSE SURGERY,24012885,"2,803.15 ",,HT000037640
Department of Health,NHS East & North Hertfordshire CCG,30/09/2018,C&M-GMS PCO Seniority,PRC DELEGATED CO-COMMISSIONING,DOLPHIN HOUSE SURGERY,24012885,"5,639.80 ",,HT000037640
Department of Health,NHS East & North Hertfordshire CCG,30/09/2018,C&M-GMS Prem Actual Rent,PRC DELEGATED CO-COMMISSIONING,DOLPHIN HOUSE SURGERY,24012885,"2,245.83 ",,HT000037640
Department of Health,NHS East & North Hertfordshire CCG,30/09/2018,C&M-GMS Prem Rates,PRC DELEGATED CO-COMMISSIONING,DOLPHIN HOUSE SURGERY,24012885,"3,732.00 ",,HT000037640
Department of Health,NHS East & North Hertfordshire CCG,30/09/2018,C&M-GMS QOF Aspiration,PRC DELEGATED CO-COMMISSIONING,DOLPHIN HOUSE SURGERY,24012885,"10,698.33 ",,HT000037640
Department of Health,NHS East & North Hertfordshire CCG,31/08/2018,Hcare Srv Rec NHS Trust-Contract Baseline,ACUTE COMMISSIONING,EAST AND NORTH HERTFORDSHIRE NHS TRUST,23584381,"18,241,780.91 ",,4155686
Department of Health,NHS East & North Hertfordshire CCG,30/09/2018,Cont Care-NHS Trust,CHC CHILDREN,EAST AND NORTH HERTFORDSHIRE NHS TRUST,24084953,"58,900.00 ",,4156513
Department of Health,NHS East & North Hertfordshire CCG,30/09/2018,Cont Care-NHS Trust,CHC CHILDREN,EAST AND NORTH HERTFORDSHIRE NHS TRUST,24084958,"54,615.00 ",,4156516
Department of Health,NHS East & North Hertfordshire CCG,30/09/2018,Cont Care-NHS Trust,CHC CHILDREN,EAST AND NORTH HERTFORDSHIRE NHS TRUST,24084962,"54,938.00 ",,4156519
Department of Health,NHS East & North Hertfordshire CCG,30/09/2018,Cont Care-NHS Trust,CHC CHILDREN,EAST AND NORTH HERTFORDSHIRE NHS TRUST,24084967,"50,331.00 ",,4156522
Department of Health,NHS East & North Hertfordshire CCG,30/09/2018,Cont Care-NHS Trust,CHC CHILDREN,EAST AND NORTH HERTFORDSHIRE NHS TRUST,24084971,"57,170.00 ",,4156523
Department of Health,NHS East & North Hertfordshire CCG,30/09/2018,Hcare Srv Rec NHS Trust-Contract Baseline,AMBULANCE SERVICES,EAST OF ENGLAND AMBULANCE SERVICE NHS TRUST,23779283,"1,632,205.93 ",,8110643
Department of Health,NHS East & North Hertfordshire CCG,30/09/2018,Travel Booking Services,PATIENT TRANSPORT,EAST OF ENGLAND AMBULANCE SERVICE NHS TRUST,23779284,"233,181.00 ",,8110667
Department of Health,NHS East & North Hertfordshire CCG,30/09/2018,Hcare Srv Rec NHS Trust,AMBULANCE SERVICES,EAST OF ENGLAND AMBULANCE SERVICE NHS TRUST,23779315,"29,818.00 ",,8110691
Department of Health,NHS East & North Hertfordshire CCG,30/09/2018,Hcare Srv Rec NHS Trust-Contract Baseline,AMBULANCE SERVICES,EAST OF ENGLAND AMBULANCE SERVICE NHS TRUST,24024031,"38,071.00 ",,8110216
Department of Health,NHS East & North Hertfordshire CCG,30/09/2018,Hcare Srv Rec NHS Trust,AMBULANCE SERVICES,EAST OF ENGLAND AMBULANCE SERVICE NHS TRUST,24024314,"29,818.00 ",,8109857
Department of Health,NHS East & North Hertfordshire CCG,30/09/2018,Hcare Srv Rec NHS Trust,AMBULANCE SERVICES,EAST OF ENGLAND AMBULANCE SERVICE NHS TRUST,24024324,"29,818.00 ",,8110267
Department of Health,NHS East & North Hertfordshire CCG,30/09/2018,C&M-APMS LES Extended Hours,GP FORWARD VIEW,EPHEDRA HEALTHCARE LTD,23904898,"37,884.00 ",,EASEP2018
Department of Health,NHS East & North Hertfordshire CCG,30/09/2018,Hcare Srv Rec Fdtn Trust-Contract Cost per Case,COMMUNITY SERVICES,ESSEX PARTNERSHIP UNIVERSITY NHS FT,23806090,"68,703.17 ",GB654974100,I0062285
Department of Health,NHS East & North Hertfordshire CCG,30/09/2018,Clinical&Medical-Independent Sector,Winter Resilience,FINECARE HOMES (STEVENAGE),23754784,"25,242.86 ",,D2A24JUL
Department of Health,NHS East & North Hertfordshire CCG,30/09/2018,Clinical&Medical-Independent Sector,Winter Resilience,FINECARE HOMES (STEVENAGE),23754800,"25,242.86 ",,D2A26AUG
Department of Health,NHS East & North Hertfordshire CCG,30/09/2018,C&M-GMS Global Sum,PRC DELEGATED CO-COMMISSIONING,GARDEN CITY PRACTICE,24012887,"64,847.32 ",,HT000037642
Department of Health,NHS East & North Hertfordshire CCG,30/09/2018,C&M-GMS Other FDR Payment,PRC DELEGATED CO-COMMISSIONING,GARDEN CITY PRACTICE,24012887,"4,543.05 ",,HT000037642
Department of Health,NHS East & North Hertfordshire CCG,30/09/2018,C&M-GMS PCO Seniority,PRC DELEGATED CO-COMMISSIONING,GARDEN CITY PRACTICE,24012887,"2,469.26 ",,HT000037642
Department of Health,NHS East & North Hertfordshire CCG,30/09/2018,C&M-GMS Prem Actual Rent,PRC DELEGATED CO-COMMISSIONING,GARDEN CITY PRACTICE,24012887,"2,020.83 ",,HT000037642
Department of Health,NHS East & North Hertfordshire CCG,30/09/2018,C&M-GMS Prem Notional Rent,PRC DELEGATED CO-COMMISSIONING,GARDEN CITY PRACTICE,24012887,"2,471.25 ",,HT000037642
Department of Health,NHS East & North Hertfordshire CCG,30/09/2018,C&M-GMS QOF Aspiration,PRC DELEGATED CO-COMMISSIONING,GARDEN CITY PRACTICE,24012887,"6,036.56 ",,HT000037642
Department of Health,NHS East & North Hertfordshire CCG,30/09/2018,C&M-GMS Global Sum,PRC DELEGATED CO-COMMISSIONING,GARDEN CITY SURGERY,24012889,"47,049.80 ",,HT000037644
Department of Health,NHS East & North Hertfordshire CCG,30/09/2018,C&M-GMS MPIG Correction Factor,PRC DELEGATED CO-COMMISSIONING,GARDEN CITY SURGERY,24012889,"1,061.42 ",,HT000037644
Department of Health,NHS East & North Hertfordshire CCG,30/09/2018,C&M-GMS PCO Seniority,PRC DELEGATED CO-COMMISSIONING,GARDEN CITY SURGERY,24012889,"1,530.58 ",,HT000037644
Department of Health,NHS East & North Hertfordshire CCG,30/09/2018,C&M-GMS Prem Actual Rent,PRC DELEGATED CO-COMMISSIONING,GARDEN CITY SURGERY,24012889,"2,495.83 ",,HT000037644
Department of Health,NHS East & North Hertfordshire CCG,30/09/2018,C&M-GMS Prem Rates,PRC DELEGATED CO-COMMISSIONING,GARDEN CITY SURGERY,24012889,"2,686.85 ",,HT000037644
Department of Health,NHS East & North Hertfordshire CCG,30/09/2018,C&M-GMS QOF Aspiration,PRC DELEGATED CO-COMMISSIONING,GARDEN CITY SURGERY,24012889,"4,543.48 ",,HT000037644
Department of Health,NHS East & North Hertfordshire CCG,30/09/2018,C&M-GMS Practice Transformational Support,LOCAL ENHANCED SERVICES,GARDEN HOUSE HOSPICE,23724291,"27,528.89 ",,912
Department of Health,NHS East & North Hertfordshire CCG,30/09/2018,C&M-APMS Contract Value,PRC DELEGATED CO-COMMISSIONING,GENERATING HEALTHCARE LTD,23817493,"61,501.00 ",,HT000037586
Department of Health,NHS East & North Hertfordshire CCG,30/09/2018,C&M-APMS Prem Actual Rent,PRC DELEGATED CO-COMMISSIONING,GENERATING HEALTHCARE LTD,23817493,"2,777.08 ",,HT000037586
Department of Health,NHS East & North Hertfordshire CCG,30/09/2018,C&M-APMS Prem Rates,PRC DELEGATED CO-COMMISSIONING,GENERATING HEALTHCARE LTD,23817493,"1,428.00 ",,HT000037586
Department of Health,NHS East & North Hertfordshire CCG,30/09/2018,C&M-PMS QOF Aspiration,PRC DELEGATED CO-COMMISSIONING,GENERATING HEALTHCARE LTD,23817493,"2,654.26 ",,HT000037586
Department of Health,NHS East & North Hertfordshire CCG,30/09/2018,C&M-APMS Contract Value,PRC DELEGATED CO-COMMISSIONING,GENERATING HEALTHCARE LTD,23817496,"27,906.40 ",,HT000037588
Department of Health,NHS East & North Hertfordshire CCG,30/09/2018,C&M-APMS Prem Actual Rent,PRC DELEGATED CO-COMMISSIONING,GENERATING HEALTHCARE LTD,23817496,"2,239.58 ",,HT000037588
Department of Health,NHS East & North Hertfordshire CCG,30/09/2018,C&M-APMS Prem Rates,PRC DELEGATED CO-COMMISSIONING,GENERATING HEALTHCARE LTD,23817496,358.73 ,,HT000037588
Department of Health,NHS East & North Hertfordshire CCG,30/09/2018,C&M-PMS QOF Aspiration,PRC DELEGATED CO-COMMISSIONING,GENERATING HEALTHCARE LTD,23817496,"1,738.62 ",,HT000037588
Department of Health,NHS East & North Hertfordshire CCG,30/09/2018,Hcare Srv Rec Fdtn Trust-Contract Baseline,ACUTE COMMISSIONING,GREAT ORMOND STREET HOSPITAL FOR CHILDREN NHS FOUNDATION TRUST,23779165,"52,591.92 ",654922910,X0199750
Department of Health,NHS East & North Hertfordshire CCG,30/09/2018,Hcare Srv Rec Fdtn Trust-Contract Baseline,ACUTE COMMISSIONING,GUYS & ST THOMAS HOSPITAL NHS FOUNDATION TRUST,23779125,"139,797.00 ",654923417,3245934
Department of Health,NHS East & North Hertfordshire CCG,30/09/2018,Hcare Srv Rec Fdtn Trust-Over/ Under Performance,ACUTE COMMISSIONING,GUYS & ST THOMAS HOSPITAL NHS FOUNDATION TRUST,24074919,"70,490.00 ",654923417,3243210
Department of Health,NHS East & North Hertfordshire CCG,30/09/2018,C&M-GMS Global Sum,PRC DELEGATED CO-COMMISSIONING,HAILEY VIEW SURGERY,24012891,"54,104.75 ",,HT000037646
Department of Health,NHS East & North Hertfordshire CCG,30/09/2018,C&M-GMS MPIG Correction Factor,PRC DELEGATED CO-COMMISSIONING,HAILEY VIEW SURGERY,24012891,28.80 ,,HT000037646
Department of Health,NHS East & North Hertfordshire CCG,30/09/2018,C&M-GMS PCO Seniority,PRC DELEGATED CO-COMMISSIONING,HAILEY VIEW SURGERY,24012891,"1,994.22 ",,HT000037646
Department of Health,NHS East & North Hertfordshire CCG,30/09/2018,C&M-GMS Prem Rates,PRC DELEGATED CO-COMMISSIONING,HAILEY VIEW SURGERY,24012891,"2,352.56 ",,HT000037646
Department of Health,NHS East & North Hertfordshire CCG,30/09/2018,C&M-GMS Prem Water Rates,PRC DELEGATED CO-COMMISSIONING,HAILEY VIEW SURGERY,24012891,507.70 ,,HT000037646
Department of Health,NHS East & North Hertfordshire CCG,30/09/2018,C&M-GMS QOF Aspiration,PRC DELEGATED CO-COMMISSIONING,HAILEY VIEW SURGERY,24012891,"6,950.11 ",,HT000037646
Department of Health,NHS East & North Hertfordshire CCG,30/09/2018,ME-GMS GP Pension EEs Adjustments,PRC DELEGATED CO-COMMISSIONING,HAILEY VIEW SURGERY,24012891,"1,311.30 ",,HT000037646
Department of Health,NHS East & North Hertfordshire CCG,30/09/2018,ME-GMS GP Pension ERs Adjustments,PRC DELEGATED CO-COMMISSIONING,HAILEY VIEW SURGERY,24012891,"2,027.58 ",,HT000037646
Department of Health,NHS East & North Hertfordshire CCG,30/09/2018,C&M-GMS Global Sum,PRC DELEGATED CO-COMMISSIONING,HALL GROVE SURGERY,24017369,"110,735.90 ",,HT000037650
Department of Health,NHS East & North Hertfordshire CCG,30/09/2018,C&M-GMS PCO Seniority,PRC DELEGATED CO-COMMISSIONING,HALL GROVE SURGERY,24017369,"5,368.78 ",,HT000037650
Department of Health,NHS East & North Hertfordshire CCG,30/09/2018,C&M-GMS Prem Notional Rent,PRC DELEGATED CO-COMMISSIONING,HALL GROVE SURGERY,24017369,"7,737.50 ",,HT000037650
Department of Health,NHS East & North Hertfordshire CCG,30/09/2018,C&M-GMS Prem Rates,PRC DELEGATED CO-COMMISSIONING,HALL GROVE SURGERY,24017369,"1,475.22 ",,HT000037650
Department of Health,NHS East & North Hertfordshire CCG,30/09/2018,C&M-GMS QOF Aspiration,PRC DELEGATED CO-COMMISSIONING,HALL GROVE SURGERY,24017369,"11,899.71 ",,HT000037650
Department of Health,NHS East & North Hertfordshire CCG,30/09/2018,C&M-GMS Global Sum,PRC DELEGATED CO-COMMISSIONING,HANSCOMBE HOUSE SURGERY,24012895,"66,704.78 ",,HT000037652
Department of Health,NHS East & North Hertfordshire CCG,30/09/2018,C&M-GMS MPIG Correction Factor,PRC DELEGATED CO-COMMISSIONING,HANSCOMBE HOUSE SURGERY,24012895,273.95 ,,HT000037652
Department of Health,NHS East & North Hertfordshire CCG,30/09/2018,C&M-GMS PCO Seniority,PRC DELEGATED CO-COMMISSIONING,HANSCOMBE HOUSE SURGERY,24012895,"3,808.68 ",,HT000037652
Department of Health,NHS East & North Hertfordshire CCG,30/09/2018,C&M-GMS Prem Actual Rent,PRC DELEGATED CO-COMMISSIONING,HANSCOMBE HOUSE SURGERY,24012895,"5,614.33 ",,HT000037652
Department of Health,NHS East & North Hertfordshire CCG,30/09/2018,C&M-GMS Prem Rates,PRC DELEGATED CO-COMMISSIONING,HANSCOMBE HOUSE SURGERY,24012895,"2,736.15 ",,HT000037652
Department of Health,NHS East & North Hertfordshire CCG,30/09/2018,C&M-GMS QOF Aspiration,PRC DELEGATED CO-COMMISSIONING,HANSCOMBE HOUSE SURGERY,24012895,"6,298.79 ",,HT000037652
Department of Health,NHS East & North Hertfordshire CCG,30/09/2018,Clinical&Medical-Independent Sector,URGENT CARE,HAVERSTOCK HEALTHCARE LTD,23738751,"31,117.40 ",215028936,CHESHUNTMIU021819A
Department of Health,NHS East & North Hertfordshire CCG,30/09/2018,Clinical&Medical-Independent Sector,URGENT CARE,HAVERSTOCK HEALTHCARE LTD,23985818,"34,019.97 ",215028936,CHESHUNTMIU041819A
Department of Health,NHS East & North Hertfordshire CCG,30/09/2018,Clinical&Medical-Independent Sector,URGENT CARE,HAVERSTOCK HEALTHCARE LTD,23985825,"33,989.63 ",215028936,CHESHUNTMIU031819A
Department of Health,NHS East & North Hertfordshire CCG,30/09/2018,Clinical&Medical-Independent Sector,URGENT CARE,HAVERSTOCK HEALTHCARE LTD,23985858,"53,376.00 ",215028936,CHESHUNTMIU0918
Department of Health,NHS East & North Hertfordshire CCG,30/09/2018,Cont Care- Adult 100% Fully Funded,CHC ADULT FULLY FUNDED,HC ONE OVAL LTD,23724235,311.10 ,283937558,ISCHJUL18
Department of Health,NHS East & North Hertfordshire CCG,30/09/2018,Cont Care-Physical Disab (65+),CHC ADULT FULLY FUNDED,HC ONE OVAL LTD,23724235,"58,415.24 ",283937558,ISCHJUL18
Department of Health,NHS East & North Hertfordshire CCG,30/09/2018,Cont Care-Physical Disab (<65),CHC ADULT FULLY FUNDED,HC ONE OVAL LTD,23724235,996.17 ,283937558,ISCHJUL18
Department of Health,NHS East & North Hertfordshire CCG,30/09/2018,Cont Care-FNC Client Continence Allow,FUNDED NURSING CARE,HC ONE OVAL LTD,23886486,"1,362.49 ",283937558,STC056070TOSTC056154
Department of Health,NHS East & North Hertfordshire CCG,30/09/2018,Cont Care-Funded Nursing Care Allow,FUNDED NURSING CARE,HC ONE OVAL LTD,23886486,"57,615.19 ",283937558,STC056070TOSTC056154
Department of Health,NHS East & North Hertfordshire CCG,30/09/2018,Cont Care- Prior Year Payments,FUNDED NURSING CARE,HC ONE OVAL LTD,23985883,"54,651.78 ",283937558,WDV0001ATOWDV0002A
Department of Health,NHS East & North Hertfordshire CCG,30/09/2018,Hcare Srv Rec NHS Trust-Contract Baseline,COMMUNITY SERVICES,HERTFORDSHIRE COMMUNITY NHS TRUST,23738887,"3,537,852.00 ",654 4402 89,H0001915
Department of Health,NHS East & North Hertfordshire CCG,30/09/2018,Cont Care- Prior Year Payments,FUNDED NURSING CARE,HERTFORDSHIRE COUNTY COUNCIL,23724194,"261,479.71 ",GB214527877,1801980601
Department of Health,NHS East & North Hertfordshire CCG,30/09/2018,Clinical&Medical-Othe Public Sector,MENTAL HEALTH CONTRACTS,HERTFORDSHIRE COUNTY COUNCIL,23724217,"196,813.00 ",GB214527877,1802566840
Department of Health,NHS East & North Hertfordshire CCG,30/09/2018,Clinical&Medical-Othe Public Sector,MENTAL HEALTH SERVICES - COLLABORATIVE COMMISSIONING,HERTFORDSHIRE COUNTY COUNCIL,23724217,"6,880,931.00 ",GB214527877,1802566840
Department of Health,NHS East & North Hertfordshire CCG,30/09/2018,Cont Care- Prior Year Payments,FUNDED NURSING CARE,HERTFORDSHIRE COUNTY COUNCIL,23724262,"(59,596.58)",GB214527877,1802575094
Department of Health,NHS East & North Hertfordshire CCG,30/09/2018,Cont Care- Prior Year Payments,FUNDED NURSING CARE,HERTFORDSHIRE COUNTY COUNCIL,23724266,"(65,315.00)",GB214527877,1802575095
Department of Health,NHS East & North Hertfordshire CCG,30/09/2018,Clinical&Medical-Othe Public Sector,CARERS,HERTFORDSHIRE COUNTY COUNCIL,23806048,"24,167.00 ",GB214527877,1802566835
Department of Health,NHS East & North Hertfordshire CCG,30/09/2018,Clinical&Medical-Othe Public Sector,INTERMEDIATE CARE,HERTFORDSHIRE COUNTY COUNCIL,23806048,"203,187.00 ",GB214527877,1802566835
Department of Health,NHS East & North Hertfordshire CCG,30/09/2018,Cont Care- Adult 100% Fully Funded,CHC ADULT FULLY FUNDED,HERTFORDSHIRE COUNTY COUNCIL,23806048,"41,293.00 ",GB214527877,1802566835
Department of Health,NHS East & North Hertfordshire CCG,30/09/2018,Seconded-Basic Sal-Staff fm oth org,OPERATIONS MANAGEMENT,HERTFORDSHIRE COUNTY COUNCIL,23806048,"4,419.00 ",GB214527877,1802566835
Department of Health,NHS East & North Hertfordshire CCG,30/09/2018,Soc Care-Other Soc Care,LONG TERM CONDITIONS,HERTFORDSHIRE COUNTY COUNCIL,23806048,"1,151,946.00 ",GB214527877,1802566835
Department of Health,NHS East & North Hertfordshire CCG,30/09/2018,Clinical&Medical-Othe Public Sector,NON RECURRENT PROGRAMMES,HERTFORDSHIRE COUNTY COUNCIL,23946186,"30,875.75 ",GB214527877,1802545601
Department of Health,NHS East & North Hertfordshire CCG,30/09/2018,Clinical&Medical-Othe Public Sector,MENTAL HEALTH CONTRACTS,HERTFORDSHIRE COUNTY COUNCIL,23968576,"196,813.00 ",GB214527877,1802577509
Department of Health,NHS East & North Hertfordshire CCG,30/09/2018,Clinical&Medical-Othe Public Sector,MENTAL HEALTH SERVICES - COLLABORATIVE COMMISSIONING,HERTFORDSHIRE COUNTY COUNCIL,23968576,"6,869,991.00 ",GB214527877,1802577509
Department of Health,NHS East & North Hertfordshire CCG,30/09/2018,Seconded-Basic Sal-Staff fm oth org,COMMISSIONING,HERTFORDSHIRE PARTNERSHIP NHS FOUNDATION TRUST,23724213,"41,660.00 ",654950120,P0001154
Department of Health,NHS East & North Hertfordshire CCG,30/09/2018,Hcare Srv Rec Fdtn Trust-Prior Year,REABLEMENT,HERTFORDSHIRE PARTNERSHIP NHS FOUNDATION TRUST,24058681,"425,023.00 ",654950120,P0001273
Department of Health,NHS East & North Hertfordshire CCG,30/09/2018,Clinical&Medical-Independent Sector,NHS 111,HERTS URGENT CARE,23779266,"643,643.38 ",210815253,0000004437
Department of Health,NHS East & North Hertfordshire CCG,30/09/2018,C&M-GMS Global Sum,PRC DELEGATED CO-COMMISSIONING,HIGH ST SURGERY,24012897,"35,046.62 ",,HT000037654
Department of Health,NHS East & North Hertfordshire CCG,30/09/2018,C&M-GMS Prem Actual Rent,PRC DELEGATED CO-COMMISSIONING,HIGH ST SURGERY,24012897,"8,110.00 ",,HT000037654
Department of Health,NHS East & North Hertfordshire CCG,30/09/2018,C&M-GMS Prem Rates,PRC DELEGATED CO-COMMISSIONING,HIGH ST SURGERY,24012897,"1,188.00 ",,HT000037654
Department of Health,NHS East & North Hertfordshire CCG,30/09/2018,C&M-GMS QOF Aspiration,PRC DELEGATED CO-COMMISSIONING,HIGH ST SURGERY,24012897,"4,063.10 ",,HT000037654
Department of Health,NHS East & North Hertfordshire CCG,30/09/2018,Clinical&Medical-Independent Sector,NCAS/OATS,HOLLY HOUSE HOSPITAL,23793489,"28,697.40 ",,06K0718
Department of Health,NHS East & North Hertfordshire CCG,30/09/2018,Hcare Srv Rec NHS Trust-Contract Baseline,ACUTE COMMISSIONING,IMPERIAL COLLEGE HEALTHCARE NHS TRUST,23724246,"62,762.00 ",654945990,H0163695
Department of Health,NHS East & North Hertfordshire CCG,30/09/2018,Computer Maintenance,IT NETWORK & TELECOMS,ITHEALTH LTD,23798314,"57,728.90 ",GB-610302315,130164
Department of Health,NHS East & North Hertfordshire CCG,30/09/2018,C&M-GMS Global Sum,PRC DELEGATED CO-COMMISSIONING,KELLER P & PARTNERS,24012899,"86,284.68 ",,HT000037656
Department of Health,NHS East & North Hertfordshire CCG,30/09/2018,C&M-GMS PCO Doctors Ret Scheme,PRC DELEGATED CO-COMMISSIONING,KELLER P & PARTNERS,24012899,"2,769.20 ",,HT000037656
Department of Health,NHS East & North Hertfordshire CCG,30/09/2018,C&M-GMS PCO Seniority,PRC DELEGATED CO-COMMISSIONING,KELLER P & PARTNERS,24012899,"3,020.49 ",,HT000037656
Department of Health,NHS East & North Hertfordshire CCG,30/09/2018,C&M-GMS Prem Notional Rent,PRC DELEGATED CO-COMMISSIONING,KELLER P & PARTNERS,24012899,"5,375.00 ",,HT000037656
Department of Health,NHS East & North Hertfordshire CCG,30/09/2018,C&M-GMS Prem Water Rates,PRC DELEGATED CO-COMMISSIONING,KELLER P & PARTNERS,24012899,166.21 ,,HT000037656
Department of Health,NHS East & North Hertfordshire CCG,30/09/2018,C&M-GMS QOF Aspiration,PRC DELEGATED CO-COMMISSIONING,KELLER P & PARTNERS,24012899,"8,114.04 ",,HT000037656
Department of Health,NHS East & North Hertfordshire CCG,30/09/2018,C&M-GMS Global Sum,PRC DELEGATED CO-COMMISSIONING,KING GEORGE SURGERY,24012901,"101,839.56 ",,HT000037658
Department of Health,NHS East & North Hertfordshire CCG,30/09/2018,C&M-GMS PCO Seniority,PRC DELEGATED CO-COMMISSIONING,KING GEORGE SURGERY,24012901,"4,153.80 ",,HT000037658
Department of Health,NHS East & North Hertfordshire CCG,30/09/2018,C&M-GMS Prem Actual Rent,PRC DELEGATED CO-COMMISSIONING,KING GEORGE SURGERY,24012901,465.83 ,,HT000037658
Department of Health,NHS East & North Hertfordshire CCG,30/09/2018,C&M-GMS Prem Rates,PRC DELEGATED CO-COMMISSIONING,KING GEORGE SURGERY,24012901,"2,451.41 ",,HT000037658
Department of Health,NHS East & North Hertfordshire CCG,30/09/2018,C&M-GMS QOF Aspiration,PRC DELEGATED CO-COMMISSIONING,KING GEORGE SURGERY,24012901,"10,181.78 ",,HT000037658
Department of Health,NHS East & North Hertfordshire CCG,30/09/2018,C&M-GMS Cost of Drugs -Dispensing,LOCAL ENHANCED SERVICES,KING GEORGE SURGERY,24040007,"31,389.35 ",,HT000037977
Department of Health,NHS East & North Hertfordshire CCG,30/09/2018,C&M-GMS Prof Fees Dispensing,PRC DELEGATED CO-COMMISSIONING,KING GEORGE SURGERY,24040007,"5,184.39 ",,HT000037977
Department of Health,NHS East & North Hertfordshire CCG,30/09/2018,C&M-GMS PrscrptnChrgsColl&RmttdbyGP,LOCAL ENHANCED SERVICES,KING GEORGE SURGERY,24040007,246.40 ,,HT000037977
Department of Health,NHS East & North Hertfordshire CCG,30/09/2018,Hcare Srv Rec Fdtn Trust-Contract Baseline,ACUTE COMMISSIONING,KING`S COLLEGE HOSPITAL NHS FOUNDATION TRUST,23724225,"27,092.00 ",654926800,00261978
Department of Health,NHS East & North Hertfordshire CCG,30/09/2018,C&M-GMS Global Sum,PRC DELEGATED CO-COMMISSIONING,KNEBWORTH AND MARYMEAD PRACTICE,24017371,"84,950.73 ",,HT000037660
Department of Health,NHS East & North Hertfordshire CCG,30/09/2018,C&M-GMS PCO Seniority,PRC DELEGATED CO-COMMISSIONING,KNEBWORTH AND MARYMEAD PRACTICE,24017371,"2,851.99 ",,HT000037660
Department of Health,NHS East & North Hertfordshire CCG,30/09/2018,C&M-GMS Prem Actual Rent,PRC DELEGATED CO-COMMISSIONING,KNEBWORTH AND MARYMEAD PRACTICE,24017371,"11,000.00 ",,HT000037660
Department of Health,NHS East & North Hertfordshire CCG,30/09/2018,C&M-GMS Prem Notional Rent,PRC DELEGATED CO-COMMISSIONING,KNEBWORTH AND MARYMEAD PRACTICE,24017371,"2,770.83 ",,HT000037660
Department of Health,NHS East & North Hertfordshire CCG,30/09/2018,C&M-GMS Prem Rates,PRC DELEGATED CO-COMMISSIONING,KNEBWORTH AND MARYMEAD PRACTICE,24017371,"1,658.10 ",,HT000037660
Department of Health,NHS East & North Hertfordshire CCG,30/09/2018,C&M-GMS QOF Aspiration,PRC DELEGATED CO-COMMISSIONING,KNEBWORTH AND MARYMEAD PRACTICE,24017371,"9,441.94 ",,HT000037660
Department of Health,NHS East & North Hertfordshire CCG,30/09/2018,C&M-APMS Contract Value,PRC DELEGATED CO-COMMISSIONING,LEA VALLEY HEALTH LTD,23817500,"82,735.79 ",,HT000037590
Department of Health,NHS East & North Hertfordshire CCG,30/09/2018,C&M-PMS QOF Aspiration,PRC DELEGATED CO-COMMISSIONING,LEA VALLEY HEALTH LTD,23817500,"5,499.74 ",,HT000037590
Department of Health,NHS East & North Hertfordshire CCG,30/09/2018,C&M-GMS Global Sum,PRC DELEGATED CO-COMMISSIONING,LISTER HOUSE SURGERY HATFIELD,24012903,"88,647.22 ",,HT000037662
Department of Health,NHS East & North Hertfordshire CCG,30/09/2018,C&M-GMS PCO Seniority,PRC DELEGATED CO-COMMISSIONING,LISTER HOUSE SURGERY HATFIELD,24012903,"4,532.77 ",,HT000037662
Department of Health,NHS East & North Hertfordshire CCG,30/09/2018,C&M-GMS Prem Notional Rent,PRC DELEGATED CO-COMMISSIONING,LISTER HOUSE SURGERY HATFIELD,24012903,"10,262.50 ",,HT000037662
Department of Health,NHS East & North Hertfordshire CCG,30/09/2018,C&M-GMS Prem Rates,PRC DELEGATED CO-COMMISSIONING,LISTER HOUSE SURGERY HATFIELD,24012903,"2,234.94 ",,HT000037662
Department of Health,NHS East & North Hertfordshire CCG,30/09/2018,C&M-GMS QOF Aspiration,PRC DELEGATED CO-COMMISSIONING,LISTER HOUSE SURGERY HATFIELD,24012903,"8,324.24 ",,HT000037662
Department of Health,NHS East & North Hertfordshire CCG,30/09/2018,C&M-GMS Global Sum,PRC DELEGATED CO-COMMISSIONING,MANOR HOUSE SURGERY STEVENAGE,24012905,"34,757.95 ",,HT000037664
Department of Health,NHS East & North Hertfordshire CCG,30/09/2018,C&M-GMS MPIG Correction Factor,PRC DELEGATED CO-COMMISSIONING,MANOR HOUSE SURGERY STEVENAGE,24012905,620.09 ,,HT000037664
Department of Health,NHS East & North Hertfordshire CCG,30/09/2018,C&M-GMS PCO Seniority,PRC DELEGATED CO-COMMISSIONING,MANOR HOUSE SURGERY STEVENAGE,24012905,"1,299.84 ",,HT000037664
Department of Health,NHS East & North Hertfordshire CCG,30/09/2018,C&M-GMS Prem Rates,PRC DELEGATED CO-COMMISSIONING,MANOR HOUSE SURGERY STEVENAGE,24012905,436.21 ,,HT000037664
Department of Health,NHS East & North Hertfordshire CCG,30/09/2018,C&M-GMS QOF Aspiration,PRC DELEGATED CO-COMMISSIONING,MANOR HOUSE SURGERY STEVENAGE,24012905,"2,769.11 ",,HT000037664
Department of Health,NHS East & North Hertfordshire CCG,30/09/2018,C&M-GMS Global Sum,PRC DELEGATED CO-COMMISSIONING,MAPLES HEALTH CENTRE,24012907,"76,386.92 ",,HT000037666
Department of Health,NHS East & North Hertfordshire CCG,30/09/2018,C&M-GMS MPIG Correction Factor,PRC DELEGATED CO-COMMISSIONING,MAPLES HEALTH CENTRE,24012907,319.26 ,,HT000037666
Department of Health,NHS East & North Hertfordshire CCG,30/09/2018,C&M-GMS PCO Seniority,PRC DELEGATED CO-COMMISSIONING,MAPLES HEALTH CENTRE,24012907,"1,099.98 ",,HT000037666
Department of Health,NHS East & North Hertfordshire CCG,30/09/2018,C&M-GMS Prem Rates,PRC DELEGATED CO-COMMISSIONING,MAPLES HEALTH CENTRE,24012907,"2,487.07 ",,HT000037666
Department of Health,NHS East & North Hertfordshire CCG,30/09/2018,C&M-GMS QOF Aspiration,PRC DELEGATED CO-COMMISSIONING,MAPLES HEALTH CENTRE,24012907,"6,892.92 ",,HT000037666
Department of Health,NHS East & North Hertfordshire CCG,30/09/2018,Clinical&Medical-Voluntary Sector,COMMUNITY SERVICES,MARIE STOPES INTERNATIONAL,23925013,"36,823.17 ",882426016,MS181751
Department of Health,NHS East & North Hertfordshire CCG,30/09/2018,Hcare Srv Rec NHS Trust-Contract Baseline,ACUTE COMMISSIONING,MID ESSEX HOSPITALS SERVICES NHS TRUST,23779337,"107,923.00 ",,2000108102
Department of Health,NHS East & North Hertfordshire CCG,30/09/2018,Clinical&Medical-Independent Sector,WHEELCHAIR SERVICE,MILLBROOK HEALTHCARE LTD,23806066,"138,705.35 ",GB675991080,19067
Department of Health,NHS East & North Hertfordshire CCG,30/09/2018,Hcare Srv Rec Fdtn Trust-Contract Baseline,ACUTE COMMISSIONING,MOORFIELDS EYE HOSPITAL NHS FOUNDATION TRUST,23779147,"370,391.00 ",,IC0035025
Department of Health,NHS East & North Hertfordshire CCG,30/09/2018,C&M-GMS Global Sum,PRC DELEGATED CO-COMMISSIONING,MUCH HADHAM HLTH CNTRE,24012911,"47,922.13 ",876631000,HT000037670
Department of Health,NHS East & North Hertfordshire CCG,30/09/2018,C&M-GMS PCO Seniority,PRC DELEGATED CO-COMMISSIONING,MUCH HADHAM HLTH CNTRE,24012911,"3,174.39 ",876631000,HT000037670
Department of Health,NHS East & North Hertfordshire CCG,30/09/2018,C&M-GMS Prem Actual Rent,PRC DELEGATED CO-COMMISSIONING,MUCH HADHAM HLTH CNTRE,24012911,"7,198.00 ",876631000,HT000037670
Department of Health,NHS East & North Hertfordshire CCG,30/09/2018,C&M-GMS Prem Notional Rent,PRC DELEGATED CO-COMMISSIONING,MUCH HADHAM HLTH CNTRE,24012911,650.00 ,876631000,HT000037670
Department of Health,NHS East & North Hertfordshire CCG,30/09/2018,C&M-GMS Prem Rates,PRC DELEGATED CO-COMMISSIONING,MUCH HADHAM HLTH CNTRE,24012911,681.10 ,876631000,HT000037670
Department of Health,NHS East & North Hertfordshire CCG,30/09/2018,C&M-GMS Prem Water Rates,PRC DELEGATED CO-COMMISSIONING,MUCH HADHAM HLTH CNTRE,24012911,122.60 ,876631000,HT000037670
Department of Health,NHS East & North Hertfordshire CCG,30/09/2018,C&M-GMS QOF Aspiration,PRC DELEGATED CO-COMMISSIONING,MUCH HADHAM HLTH CNTRE,24012911,"5,155.58 ",876631000,HT000037670
Department of Health,NHS East & North Hertfordshire CCG,30/09/2018,C&M-GMS Cost of Drugs -Dispensing,LOCAL ENHANCED SERVICES,MUCH HADHAM HLTH CNTRE,24040013,"(53,083.04)",876631000,HT000037984
Department of Health,NHS East & North Hertfordshire CCG,30/09/2018,C&M-GMS PrscChrgsCll&RmttdbyGPCntra,PRC DELEGATED CO-COMMISSIONING,MUCH HADHAM HLTH CNTRE,24040013,"(4,435.20)",876631000,HT000037984
Department of Health,NHS East & North Hertfordshire CCG,30/09/2018,C&M-GMS Cost of Drugs -Dispensing,LOCAL ENHANCED SERVICES,MUCH HADHAM HLTH CNTRE,24040014,"105,222.69 ",876631000,HT000037985
Department of Health,NHS East & North Hertfordshire CCG,30/09/2018,C&M-GMS Prof Fees Dispensing,PRC DELEGATED CO-COMMISSIONING,MUCH HADHAM HLTH CNTRE,24040014,"17,587.88 ",876631000,HT000037985
Department of Health,NHS East & North Hertfordshire CCG,30/09/2018,C&M-GMS PrscrptnChrgsColl&RmttdbyGP,LOCAL ENHANCED SERVICES,MUCH HADHAM HLTH CNTRE,24040014,"4,435.20 ",876631000,HT000037985
Department of Health,NHS East & North Hertfordshire CCG,30/09/2018,C&M-GMS Global Sum,PRC DELEGATED CO-COMMISSIONING,NEVELLS ROAD SURGERY,24012909,"71,093.19 ",,HT000037668
Department of Health,NHS East & North Hertfordshire CCG,30/09/2018,C&M-GMS PCO Seniority,PRC DELEGATED CO-COMMISSIONING,NEVELLS ROAD SURGERY,24012909,"2,643.42 ",,HT000037668
Department of Health,NHS East & North Hertfordshire CCG,30/09/2018,C&M-GMS Prem Actual Rent,PRC DELEGATED CO-COMMISSIONING,NEVELLS ROAD SURGERY,24012909,162.50 ,,HT000037668
Department of Health,NHS East & North Hertfordshire CCG,30/09/2018,C&M-GMS Prem Notional Rent,PRC DELEGATED CO-COMMISSIONING,NEVELLS ROAD SURGERY,24012909,"1,166.67 ",,HT000037668
Department of Health,NHS East & North Hertfordshire CCG,30/09/2018,C&M-GMS QOF Aspiration,PRC DELEGATED CO-COMMISSIONING,NEVELLS ROAD SURGERY,24012909,"8,074.10 ",,HT000037668
Department of Health,NHS East & North Hertfordshire CCG,30/09/2018,Charges from CCG,PROGRAMME PROJECTS,NHS HERTS VALLEYS CCG,23923903,"83,815.70 ",,7021201040
Department of Health,NHS East & North Hertfordshire CCG,30/09/2018,Charges from CCG,PROGRAMME PROJECTS,NHS WEST ESSEX CCG,23923847,"40,319.79 ",,7022000970
Department of Health,NHS East & North Hertfordshire CCG,30/09/2018,Hcare Srv Rec NHS CCG-Non Contract,Winter Resilience,NHS WEST ESSEX CCG,24074594,"151,704.00 ",,7022000984
Department of Health,NHS East & North Hertfordshire CCG,30/09/2018,Hcare Srv Rec NHS Trust-Contract Baseline,ACUTE COMMISSIONING,NORTH MIDDLESEX UNIVERSITY HOSPITAL NHS TRUST,23738650,"691,614.00 ",,051572
Department of Health,NHS East & North Hertfordshire CCG,30/09/2018,Hcare Srv Rec NHS Trust-Over/ Under Performance,ACUTE COMMISSIONING,NORTH MIDDLESEX UNIVERSITY HOSPITAL NHS TRUST,23832109,"163,850.00 ",,051426
Department of Health,NHS East & North Hertfordshire CCG,30/09/2018,C&M-GMS Global Sum,PRC DELEGATED CO-COMMISSIONING,ORFORD LODGE,24012917,"70,006.07 ",,HT000037676
Department of Health,NHS East & North Hertfordshire CCG,30/09/2018,C&M-GMS PCO Seniority,PRC DELEGATED CO-COMMISSIONING,ORFORD LODGE,24012917,"2,314.52 ",,HT000037676
Department of Health,NHS East & North Hertfordshire CCG,30/09/2018,C&M-GMS Prem Rates,PRC DELEGATED CO-COMMISSIONING,ORFORD LODGE,24012917,"3,746.80 ",,HT000037676
Department of Health,NHS East & North Hertfordshire CCG,30/09/2018,C&M-GMS QOF Aspiration,PRC DELEGATED CO-COMMISSIONING,ORFORD LODGE,24012917,"7,206.81 ",,HT000037676
Department of Health,NHS East & North Hertfordshire CCG,30/09/2018,C&M-GMS Global Sum,PRC DELEGATED CO-COMMISSIONING,PARK GREEN SURGERY BROXBOURNE,24012913,"67,964.79 ",,HT000037672
Department of Health,NHS East & North Hertfordshire CCG,30/09/2018,C&M-GMS MPIG Correction Factor,PRC DELEGATED CO-COMMISSIONING,PARK GREEN SURGERY BROXBOURNE,24012913,622.42 ,,HT000037672
Department of Health,NHS East & North Hertfordshire CCG,30/09/2018,C&M-GMS PCO Seniority,PRC DELEGATED CO-COMMISSIONING,PARK GREEN SURGERY BROXBOURNE,24012913,"3,922.54 ",,HT000037672
Department of Health,NHS East & North Hertfordshire CCG,30/09/2018,C&M-GMS Prem Notional Rent,PRC DELEGATED CO-COMMISSIONING,PARK GREEN SURGERY BROXBOURNE,24012913,"7,216.67 ",,HT000037672
Department of Health,NHS East & North Hertfordshire CCG,30/09/2018,C&M-GMS Prem Rates,PRC DELEGATED CO-COMMISSIONING,PARK GREEN SURGERY BROXBOURNE,24012913,"1,226.69 ",,HT000037672
Department of Health,NHS East & North Hertfordshire CCG,30/09/2018,C&M-GMS QOF Aspiration,PRC DELEGATED CO-COMMISSIONING,PARK GREEN SURGERY BROXBOURNE,24012913,"7,179.38 ",,HT000037672
Department of Health,NHS East & North Hertfordshire CCG,30/09/2018,C&M-GMS Global Sum,PRC DELEGATED CO-COMMISSIONING,PARSONAGE SURGERY,24012915,"34,252.98 ",,HT000037674
Department of Health,NHS East & North Hertfordshire CCG,30/09/2018,C&M-GMS MPIG Correction Factor,PRC DELEGATED CO-COMMISSIONING,PARSONAGE SURGERY,24012915,762.23 ,,HT000037674
Department of Health,NHS East & North Hertfordshire CCG,30/09/2018,C&M-GMS PCO Seniority,PRC DELEGATED CO-COMMISSIONING,PARSONAGE SURGERY,24012915,771.08 ,,HT000037674
Department of Health,NHS East & North Hertfordshire CCG,30/09/2018,C&M-GMS Prem Actual Rent,PRC DELEGATED CO-COMMISSIONING,PARSONAGE SURGERY,24012915,"7,562.50 ",,HT000037674
Department of Health,NHS East & North Hertfordshire CCG,30/09/2018,C&M-GMS Prem Clinical Waste,PRC DELEGATED CO-COMMISSIONING,PARSONAGE SURGERY,24012915,73.96 ,,HT000037674
Department of Health,NHS East & North Hertfordshire CCG,30/09/2018,C&M-GMS Prem Healthcentre Rates,PRC DELEGATED CO-COMMISSIONING,PARSONAGE SURGERY,24012915,"1,351.44 ",,HT000037674
Department of Health,NHS East & North Hertfordshire CCG,30/09/2018,C&M-GMS Prem Water Rates,PRC DELEGATED CO-COMMISSIONING,PARSONAGE SURGERY,24012915,107.72 ,,HT000037674
Department of Health,NHS East & North Hertfordshire CCG,30/09/2018,C&M-GMS QOF Aspiration,PRC DELEGATED CO-COMMISSIONING,PARSONAGE SURGERY,24012915,"3,375.96 ",,HT000037674
Department of Health,NHS East & North Hertfordshire CCG,30/09/2018,C&M-GMS Global Sum,PRC DELEGATED CO-COMMISSIONING,PEARTREE GROUP PRACTICE,24017373,"138,023.72 ",,HT000037682
Department of Health,NHS East & North Hertfordshire CCG,30/09/2018,C&M-GMS PCO Seniority,PRC DELEGATED CO-COMMISSIONING,PEARTREE GROUP PRACTICE,24017373,"3,133.11 ",,HT000037682
Department of Health,NHS East & North Hertfordshire CCG,30/09/2018,C&M-GMS Prem Actual Rent,PRC DELEGATED CO-COMMISSIONING,PEARTREE GROUP PRACTICE,24017373,"6,375.00 ",,HT000037682
Department of Health,NHS East & North Hertfordshire CCG,30/09/2018,C&M-GMS Prem Notional Rent,PRC DELEGATED CO-COMMISSIONING,PEARTREE GROUP PRACTICE,24017373,"7,578.33 ",,HT000037682
Department of Health,NHS East & North Hertfordshire CCG,30/09/2018,C&M-GMS Prem Rates,PRC DELEGATED CO-COMMISSIONING,PEARTREE GROUP PRACTICE,24017373,"3,145.31 ",,HT000037682
Department of Health,NHS East & North Hertfordshire CCG,30/09/2018,C&M-GMS QOF Aspiration,PRC DELEGATED CO-COMMISSIONING,PEARTREE GROUP PRACTICE,24017373,"14,602.38 ",,HT000037682
Department of Health,NHS East & North Hertfordshire CCG,30/09/2018,ME-GMS GP Pension EEs Adjustments,PRC DELEGATED CO-COMMISSIONING,PEARTREE GROUP PRACTICE,24017373,"1,642.50 ",,HT000037682
Department of Health,NHS East & North Hertfordshire CCG,30/09/2018,ME-GMS GP Pension ERs Adjustments,PRC DELEGATED CO-COMMISSIONING,PEARTREE GROUP PRACTICE,24017373,"2,539.69 ",,HT000037682
Department of Health,NHS East & North Hertfordshire CCG,30/09/2018,Clinical&Medical-Independent Sector,ACUTE COMMISSIONING,PINEHILL HOSPITAL,23779225,"543,154.00 ",GB426505170 1,ENHCCGPINSEPT18
Department of Health,NHS East & North Hertfordshire CCG,30/09/2018,Clinical&Medical-Independent Sector,ACUTE COMMISSIONING,PINEHILL HOSPITAL,23779249,"100,219.39 ",GB426505170 1,ENHCCGPININVFINJUN18
Department of Health,NHS East & North Hertfordshire CCG,30/09/2018,Cont Care-Physical Disab (65+),CHC ADULT FULLY FUNDED,PINELODGE CARE HOME,24074533,"26,128.57 ",,1017564
Department of Health,NHS East & North Hertfordshire CCG,30/09/2018,C&M-GMS DES Violent Patients,PRC DELEGATED CO-COMMISSIONING,PORTMILL SURGERY,24012919,"3,859.17 ",,HT000037678
Department of Health,NHS East & North Hertfordshire CCG,30/09/2018,C&M-GMS Global Sum,PRC DELEGATED CO-COMMISSIONING,PORTMILL SURGERY,24012919,"95,378.84 ",,HT000037678
Department of Health,NHS East & North Hertfordshire CCG,30/09/2018,C&M-GMS PCO Seniority,PRC DELEGATED CO-COMMISSIONING,PORTMILL SURGERY,24012919,"3,510.61 ",,HT000037678
Department of Health,NHS East & North Hertfordshire CCG,30/09/2018,C&M-GMS Prem Rates,PRC DELEGATED CO-COMMISSIONING,PORTMILL SURGERY,24012919,"6,365.50 ",,HT000037678
Department of Health,NHS East & North Hertfordshire CCG,30/09/2018,C&M-GMS QOF Aspiration,PRC DELEGATED CO-COMMISSIONING,PORTMILL SURGERY,24012919,"8,659.43 ",,HT000037678
Department of Health,NHS East & North Hertfordshire CCG,30/09/2018,C&M-GMS Global Sum,PRC DELEGATED CO-COMMISSIONING,POTTERELLS MEDICAL CENTRE,24012921,"99,171.51 ",,HT000037680
Department of Health,NHS East & North Hertfordshire CCG,30/09/2018,C&M-GMS MPIG Correction Factor,PRC DELEGATED CO-COMMISSIONING,POTTERELLS MEDICAL CENTRE,24012921,"1,484.31 ",,HT000037680
Department of Health,NHS East & North Hertfordshire CCG,30/09/2018,C&M-GMS PCO Doctors Ret Scheme,PRC DELEGATED CO-COMMISSIONING,POTTERELLS MEDICAL CENTRE,24012921,"1,999.92 ",,HT000037680
Department of Health,NHS East & North Hertfordshire CCG,30/09/2018,C&M-GMS PCO Seniority,PRC DELEGATED CO-COMMISSIONING,POTTERELLS MEDICAL CENTRE,24012921,"4,249.02 ",,HT000037680
Department of Health,NHS East & North Hertfordshire CCG,30/09/2018,C&M-GMS Prem Notional Rent,PRC DELEGATED CO-COMMISSIONING,POTTERELLS MEDICAL CENTRE,24012921,"5,516.42 ",,HT000037680
Department of Health,NHS East & North Hertfordshire CCG,30/09/2018,C&M-GMS Prem Rates,PRC DELEGATED CO-COMMISSIONING,POTTERELLS MEDICAL CENTRE,24012921,"2,445.94 ",,HT000037680
Department of Health,NHS East & North Hertfordshire CCG,30/09/2018,C&M-GMS QOF Aspiration,PRC DELEGATED CO-COMMISSIONING,POTTERELLS MEDICAL CENTRE,24012921,"6,799.92 ",,HT000037680
Department of Health,NHS East & North Hertfordshire CCG,30/09/2018,ME - GMS GP Prior Year ERs,PRC DELEGATED CO-COMMISSIONING,POTTERELLS MEDICAL CENTRE,24012921,"4,177.16 ",,HT000037680
Department of Health,NHS East & North Hertfordshire CCG,30/09/2018,ME-GMS GP Prior Year EEs,PRC DELEGATED CO-COMMISSIONING,POTTERELLS MEDICAL CENTRE,24012921,"4,719.54 ",,HT000037680
Department of Health,NHS East & North Hertfordshire CCG,31/08/2018,Hcare Srv Rec NHS Trust-Contract Baseline,ACUTE COMMISSIONING,PRINCESS ALEXANDRA HOSPITAL NHS TRUST,23667460,"5,276,927.47 ",654964985,BL180619
Department of Health,NHS East & North Hertfordshire CCG,30/09/2018,C&M-GMS Global Sum,PRC DELEGATED CO-COMMISSIONING,PUCKERIDGE & STANDON SURGERY,24012925,"61,928.09 ",,HT000037686
Department of Health,NHS East & North Hertfordshire CCG,30/09/2018,C&M-GMS PCO Seniority,PRC DELEGATED CO-COMMISSIONING,PUCKERIDGE & STANDON SURGERY,24012925,"3,394.13 ",,HT000037686
Department of Health,NHS East & North Hertfordshire CCG,30/09/2018,C&M-GMS Prem Notional Rent,PRC DELEGATED CO-COMMISSIONING,PUCKERIDGE & STANDON SURGERY,24012925,"4,745.83 ",,HT000037686
Department of Health,NHS East & North Hertfordshire CCG,30/09/2018,C&M-GMS Prem Rates,PRC DELEGATED CO-COMMISSIONING,PUCKERIDGE & STANDON SURGERY,24012925,840.20 ,,HT000037686
Department of Health,NHS East & North Hertfordshire CCG,30/09/2018,C&M-GMS QOF Aspiration,PRC DELEGATED CO-COMMISSIONING,PUCKERIDGE & STANDON SURGERY,24012925,"6,026.12 ",,HT000037686
Department of Health,NHS East & North Hertfordshire CCG,30/09/2018,Cont Care- Adult 100% Fully Funded,CHC ADULT FULLY FUNDED,RAMSAY NEUROLOGICAL SERVICES,23923930,"250,000.00 ",,ENHERTS0918PF
Department of Health,NHS East & North Hertfordshire CCG,30/09/2018,C&M-GMS Global Sum,PRC DELEGATED CO-COMMISSIONING,REGAL CHAMBERS SURGERY,24012923,"86,368.94 ",,HT000037684
Department of Health,NHS East & North Hertfordshire CCG,30/09/2018,C&M-GMS MPIG Correction Factor,PRC DELEGATED CO-COMMISSIONING,REGAL CHAMBERS SURGERY,24012923,42.58 ,,HT000037684
Department of Health,NHS East & North Hertfordshire CCG,30/09/2018,C&M-GMS PCO Seniority,PRC DELEGATED CO-COMMISSIONING,REGAL CHAMBERS SURGERY,24012923,"3,833.64 ",,HT000037684
Department of Health,NHS East & North Hertfordshire CCG,30/09/2018,C&M-GMS Prem Rates,PRC DELEGATED CO-COMMISSIONING,REGAL CHAMBERS SURGERY,24012923,"3,105.90 ",,HT000037684
Department of Health,NHS East & North Hertfordshire CCG,30/09/2018,C&M-GMS QOF Aspiration,PRC DELEGATED CO-COMMISSIONING,REGAL CHAMBERS SURGERY,24012923,"10,207.19 ",,HT000037684
Department of Health,NHS East & North Hertfordshire CCG,30/09/2018,ME-GMS GP Pension EEs Adjustments,PRC DELEGATED CO-COMMISSIONING,REGAL CHAMBERS SURGERY,24012923,176.40 ,,HT000037684
Department of Health,NHS East & North Hertfordshire CCG,30/09/2018,ME-GMS GP Pension ERs Adjustments,PRC DELEGATED CO-COMMISSIONING,REGAL CHAMBERS SURGERY,24012923,202.93 ,,HT000037684
Department of Health,NHS East & North Hertfordshire CCG,30/09/2018,Clinical&Medical-Independent Sector,ACUTE COMMISSIONING,RIVERS HOSPITAL,23779237,"759,093.00 ",426505170,ENHCCGSEP2018RIVERS
Department of Health,NHS East & North Hertfordshire CCG,30/09/2018,Hcare Srv Rec Fdtn Trust-Contract Baseline,ACUTE COMMISSIONING,ROYAL BROMPTON & HAREFIELD NHS FOUNDATION TRUST,23754830,"84,210.92 ",,S004351
Department of Health,NHS East & North Hertfordshire CCG,31/08/2018,Hcare Srv Rec Fdtn Trust-Contract Baseline,ACUTE COMMISSIONING,ROYAL FREE LONDON NHS FOUNDATION TRUST,23667458,"2,169,055.00 ",654946987,I0163204
Department of Health,NHS East & North Hertfordshire CCG,30/09/2018,Hcare Srv Rec NHS Trust-Contract Baseline,ACUTE COMMISSIONING,ROYAL NATIONAL ORTHOPAEDIC HOSPITAL NHS TRUST,23740087,"222,690.00 ",,B0037827
Department of Health,NHS East & North Hertfordshire CCG,30/09/2018,Hcare Srv Rec Fdtn Trust-Contract Baseline,ACUTE COMMISSIONING,ROYAL PAPWORTH HOSPITAL NHS FOUNDATION TRUST,23886239,"121,559.00 ",,57791345
Department of Health,NHS East & North Hertfordshire CCG,30/09/2018,Hcare Srv Rec Fdtn Trust-Over/ Under Performance,ACUTE COMMISSIONING,ROYAL PAPWORTH HOSPITAL NHS FOUNDATION TRUST,24074292,"(108,984.16)",,57789630
Department of Health,NHS East & North Hertfordshire CCG,30/09/2018,C&M-GMS Global Sum,PRC DELEGATED CO-COMMISSIONING,SHEPHALL SURGERY,24012927,"53,232.57 ",,HT000037690
Department of Health,NHS East & North Hertfordshire CCG,30/09/2018,C&M-GMS PCO Seniority,PRC DELEGATED CO-COMMISSIONING,SHEPHALL SURGERY,24012927,"3,940.56 ",,HT000037690
Department of Health,NHS East & North Hertfordshire CCG,30/09/2018,C&M-GMS Prem Actual Rent,PRC DELEGATED CO-COMMISSIONING,SHEPHALL SURGERY,24012927,"9,966.67 ",,HT000037690
Department of Health,NHS East & North Hertfordshire CCG,30/09/2018,C&M-GMS Prem Rates,PRC DELEGATED CO-COMMISSIONING,SHEPHALL SURGERY,24012927,"1,545.97 ",,HT000037690
Department of Health,NHS East & North Hertfordshire CCG,30/09/2018,C&M-GMS QOF Aspiration,PRC DELEGATED CO-COMMISSIONING,SHEPHALL SURGERY,24012927,"5,611.83 ",,HT000037690
Department of Health,NHS East & North Hertfordshire CCG,30/09/2018,C&M-GMS Global Sum,PRC DELEGATED CO-COMMISSIONING,SHIPHAY MANOR & ABBEY ROAD SURGERY,24012929,"60,554.45 ",,HT000037692
Department of Health,NHS East & North Hertfordshire CCG,30/09/2018,C&M-GMS Other FDR Payment,PRC DELEGATED CO-COMMISSIONING,SHIPHAY MANOR & ABBEY ROAD SURGERY,24012929,"1,544.44 ",,HT000037692
Department of Health,NHS East & North Hertfordshire CCG,30/09/2018,C&M-GMS PCO Seniority,PRC DELEGATED CO-COMMISSIONING,SHIPHAY MANOR & ABBEY ROAD SURGERY,24012929,"4,086.07 ",,HT000037692
Department of Health,NHS East & North Hertfordshire CCG,30/09/2018,C&M-GMS Prem Actual Rent,PRC DELEGATED CO-COMMISSIONING,SHIPHAY MANOR & ABBEY ROAD SURGERY,24012929,"4,208.34 ",,HT000037692
Department of Health,NHS East & North Hertfordshire CCG,30/09/2018,C&M-GMS QOF Aspiration,PRC DELEGATED CO-COMMISSIONING,SHIPHAY MANOR & ABBEY ROAD SURGERY,24012929,"6,106.36 ",,HT000037692
Department of Health,NHS East & North Hertfordshire CCG,30/09/2018,C&M-GMS Global Sum,PRC DELEGATED CO-COMMISSIONING,SOUTH STREET SURGERY,24017375,"120,290.10 ",,HT000037688
Department of Health,NHS East & North Hertfordshire CCG,30/09/2018,C&M-GMS MPIG Correction Factor,PRC DELEGATED CO-COMMISSIONING,SOUTH STREET SURGERY,24017375,"3,097.73 ",,HT000037688
Department of Health,NHS East & North Hertfordshire CCG,30/09/2018,C&M-GMS PCO Seniority,PRC DELEGATED CO-COMMISSIONING,SOUTH STREET SURGERY,24017375,"3,681.19 ",,HT000037688
Department of Health,NHS East & North Hertfordshire CCG,30/09/2018,C&M-GMS Prem Actual Rent,PRC DELEGATED CO-COMMISSIONING,SOUTH STREET SURGERY,24017375,"19,805.15 ",,HT000037688
Department of Health,NHS East & North Hertfordshire CCG,30/09/2018,C&M-GMS Prem Rates,PRC DELEGATED CO-COMMISSIONING,SOUTH STREET SURGERY,24017375,"3,055.44 ",,HT000037688
Department of Health,NHS East & North Hertfordshire CCG,30/09/2018,C&M-GMS QOF Aspiration,PRC DELEGATED CO-COMMISSIONING,SOUTH STREET SURGERY,24017375,"14,738.54 ",,HT000037688
Department of Health,NHS East & North Hertfordshire CCG,30/09/2018,Clinical&Medical-Independent Sector,ACUTE COMMISSIONING,SPIRE HEALTHCARE LTD,23848948,"124,407.00 ",915970991,06KHPNPF181906
Department of Health,NHS East & North Hertfordshire CCG,30/09/2018,C&M-APMS Contract Value,PRC DELEGATED CO-COMMISSIONING,SPRING HOUSE MEDICAL CENTRE,23842984,"86,079.47 ",,HT000037584
Department of Health,NHS East & North Hertfordshire CCG,30/09/2018,C&M-APMS DES Extended Hours Access,PRC DELEGATED CO-COMMISSIONING,SPRING HOUSE MEDICAL CENTRE,23842984,"4,386.63 ",,HT000037584
Department of Health,NHS East & North Hertfordshire CCG,30/09/2018,C&M-APMS Prem Rates,PRC DELEGATED CO-COMMISSIONING,SPRING HOUSE MEDICAL CENTRE,23842984,"1,644.00 ",,HT000037584
Department of Health,NHS East & North Hertfordshire CCG,30/09/2018,C&M-PMS QOF Aspiration,PRC DELEGATED CO-COMMISSIONING,SPRING HOUSE MEDICAL CENTRE,23842984,"3,162.50 ",,HT000037584
Department of Health,NHS East & North Hertfordshire CCG,30/09/2018,C&M-GMS Global Sum,PRC DELEGATED CO-COMMISSIONING,STANHOPE SURGERY,24012934,"40,192.15 ",,HT000037698
Department of Health,NHS East & North Hertfordshire CCG,30/09/2018,C&M-GMS MPIG Correction Factor,PRC DELEGATED CO-COMMISSIONING,STANHOPE SURGERY,24012934,324.12 ,,HT000037698
Department of Health,NHS East & North Hertfordshire CCG,30/09/2018,C&M-GMS PCO Seniority,PRC DELEGATED CO-COMMISSIONING,STANHOPE SURGERY,24012934,963.87 ,,HT000037698
Department of Health,NHS East & North Hertfordshire CCG,30/09/2018,C&M-GMS Prem Actual Rent,PRC DELEGATED CO-COMMISSIONING,STANHOPE SURGERY,24012934,"4,130.00 ",,HT000037698
Department of Health,NHS East & North Hertfordshire CCG,30/09/2018,C&M-GMS QOF Aspiration,PRC DELEGATED CO-COMMISSIONING,STANHOPE SURGERY,24012934,"3,727.31 ",,HT000037698
Department of Health,NHS East & North Hertfordshire CCG,30/09/2018,C&M-GMS GP Statutory Levy,PRC DELEGATED CO-COMMISSIONING,STANMORE MEDICAL GROUP,24012935,"(3,895.65)",,HT000037699
Department of Health,NHS East & North Hertfordshire CCG,30/09/2018,C&M-GMS Voluntary Levy,PRC DELEGATED CO-COMMISSIONING,STANMORE MEDICAL GROUP,24012935,(442.69),,HT000037699
Department of Health,NHS East & North Hertfordshire CCG,30/09/2018,ME - GMS TPS Added Years Adj EEs,PRC DELEGATED CO-COMMISSIONING,STANMORE MEDICAL GROUP,24012935,"(1,139.54)",,HT000037699
Department of Health,NHS East & North Hertfordshire CCG,30/09/2018,ME-GMS GP Pension EEs,PRC DELEGATED CO-COMMISSIONING,STANMORE MEDICAL GROUP,24012935,"(16,574.70)",,HT000037699
Department of Health,NHS East & North Hertfordshire CCG,30/09/2018,ME-GMS GP Pension ERs Adjustments,PRC DELEGATED CO-COMMISSIONING,STANMORE MEDICAL GROUP,24012935,"(16,828.17)",,HT000037699
Department of Health,NHS East & North Hertfordshire CCG,30/09/2018,C&M-GMS Global Sum,PRC DELEGATED CO-COMMISSIONING,STANMORE MEDICAL GROUP,24012936,"223,966.86 ",,HT000037700
Department of Health,NHS East & North Hertfordshire CCG,30/09/2018,C&M-GMS MPIG Correction Factor,PRC DELEGATED CO-COMMISSIONING,STANMORE MEDICAL GROUP,24012936,936.24 ,,HT000037700
Department of Health,NHS East & North Hertfordshire CCG,30/09/2018,C&M-GMS PCO Seniority,PRC DELEGATED CO-COMMISSIONING,STANMORE MEDICAL GROUP,24012936,"4,308.48 ",,HT000037700
Department of Health,NHS East & North Hertfordshire CCG,30/09/2018,C&M-GMS Prem Actual Rent,PRC DELEGATED CO-COMMISSIONING,STANMORE MEDICAL GROUP,24012936,"43,637.50 ",,HT000037700
Department of Health,NHS East & North Hertfordshire CCG,30/09/2018,C&M-GMS Prem Notional Rent,PRC DELEGATED CO-COMMISSIONING,STANMORE MEDICAL GROUP,24012936,"2,441.67 ",,HT000037700
Department of Health,NHS East & North Hertfordshire CCG,30/09/2018,C&M-GMS QOF Aspiration,PRC DELEGATED CO-COMMISSIONING,STANMORE MEDICAL GROUP,24012936,"22,249.47 ",,HT000037700
Department of Health,NHS East & North Hertfordshire CCG,30/09/2018,C&M-APMS LES Extended Hours,GP FORWARD VIEW,STEVENAGE HEALTH LTD,23904909,"33,377.56 ",,SHLEASERVICE0002AUG18
Department of Health,NHS East & North Hertfordshire CCG,30/09/2018,C&M-GMS Global Sum,PRC DELEGATED CO-COMMISSIONING,STOCKWELL LODGE MEDICAL CENTRE,24012932,"72,146.89 ",,HT000037696
Department of Health,NHS East & North Hertfordshire CCG,30/09/2018,C&M-GMS MPIG Correction Factor,PRC DELEGATED CO-COMMISSIONING,STOCKWELL LODGE MEDICAL CENTRE,24012932,646.73 ,,HT000037696
Department of Health,NHS East & North Hertfordshire CCG,30/09/2018,C&M-GMS PCO Seniority,PRC DELEGATED CO-COMMISSIONING,STOCKWELL LODGE MEDICAL CENTRE,24012932,"3,944.11 ",,HT000037696
Department of Health,NHS East & North Hertfordshire CCG,30/09/2018,C&M-GMS Prem Notional Rent,PRC DELEGATED CO-COMMISSIONING,STOCKWELL LODGE MEDICAL CENTRE,24012932,"9,583.33 ",,HT000037696
Department of Health,NHS East & North Hertfordshire CCG,30/09/2018,C&M-GMS QOF Aspiration,PRC DELEGATED CO-COMMISSIONING,STOCKWELL LODGE MEDICAL CENTRE,24012932,"6,781.23 ",,HT000037696
Department of Health,NHS East & North Hertfordshire CCG,30/09/2018,C&M-GMS Global Sum,PRC DELEGATED CO-COMMISSIONING,SURGERY ASTONIA HOUSE,24012930,"85,176.00 ",,HT000037694
Department of Health,NHS East & North Hertfordshire CCG,30/09/2018,C&M-GMS MPIG Correction Factor,PRC DELEGATED CO-COMMISSIONING,SURGERY ASTONIA HOUSE,24012930,534.09 ,,HT000037694
Department of Health,NHS East & North Hertfordshire CCG,30/09/2018,C&M-GMS PCO Seniority,PRC DELEGATED CO-COMMISSIONING,SURGERY ASTONIA HOUSE,24012930,"5,583.51 ",,HT000037694
Department of Health,NHS East & North Hertfordshire CCG,30/09/2018,C&M-GMS Prem Rates,PRC DELEGATED CO-COMMISSIONING,SURGERY ASTONIA HOUSE,24012930,"1,697.21 ",,HT000037694
Department of Health,NHS East & North Hertfordshire CCG,30/09/2018,C&M-GMS Prem Water Rates,PRC DELEGATED CO-COMMISSIONING,SURGERY ASTONIA HOUSE,24012930,221.67 ,,HT000037694
Department of Health,NHS East & North Hertfordshire CCG,30/09/2018,C&M-GMS QOF Aspiration,PRC DELEGATED CO-COMMISSIONING,SURGERY ASTONIA HOUSE,24012930,"9,729.83 ",,HT000037694
Department of Health,NHS East & North Hertfordshire CCG,30/09/2018,C&M-GMS Global Sum,PRC DELEGATED CO-COMMISSIONING,SYMONDS GREEN HEALTH CENTRE,24012938,"29,982.25 ",,HT000037702
Department of Health,NHS East & North Hertfordshire CCG,30/09/2018,C&M-GMS MPIG Correction Factor,PRC DELEGATED CO-COMMISSIONING,SYMONDS GREEN HEALTH CENTRE,24012938,137.57 ,,HT000037702
Department of Health,NHS East & North Hertfordshire CCG,30/09/2018,C&M-GMS PCO Seniority,PRC DELEGATED CO-COMMISSIONING,SYMONDS GREEN HEALTH CENTRE,24012938,"1,336.27 ",,HT000037702
Department of Health,NHS East & North Hertfordshire CCG,30/09/2018,C&M-GMS Prem Actual Rent,PRC DELEGATED CO-COMMISSIONING,SYMONDS GREEN HEALTH CENTRE,24012938,"9,375.00 ",,HT000037702
Department of Health,NHS East & North Hertfordshire CCG,30/09/2018,C&M-GMS QOF Aspiration,PRC DELEGATED CO-COMMISSIONING,SYMONDS GREEN HEALTH CENTRE,24012938,"2,799.76 ",,HT000037702
Department of Health,NHS East & North Hertfordshire CCG,30/09/2018,Hcare Srv Rec Fdtn Trust-Contract Baseline,ACUTE COMMISSIONING,UNIVERSITY COLLEGE LONDON HOSPITALS NHS FOUNDATION TRUST,23724248,"614,646.00 ",654948687,SLA4060
Department of Health,NHS East & North Hertfordshire CCG,30/09/2018,Clinical&Medical-Independent Sector - Prior Year,REABLEMENT,VIRGIN CARE SERVICES LTD,24084760,"39,707.35 ",GB918510332,10300800989
Department of Health,NHS East & North Hertfordshire CCG,30/09/2018,C&M-GMS Global Sum,PRC DELEGATED CO-COMMISSIONING,WALLACE HOUSE SURGERY,24012942,"87,107.71 ",,HT000037706
Department of Health,NHS East & North Hertfordshire CCG,30/09/2018,C&M-GMS MPIG Correction Factor,PRC DELEGATED CO-COMMISSIONING,WALLACE HOUSE SURGERY,24012942,322.01 ,,HT000037706
Department of Health,NHS East & North Hertfordshire CCG,30/09/2018,C&M-GMS PCO Doctors Ret Scheme,PRC DELEGATED CO-COMMISSIONING,WALLACE HOUSE SURGERY,24012942,"2,769.12 ",,HT000037706
Department of Health,NHS East & North Hertfordshire CCG,30/09/2018,C&M-GMS PCO Seniority,PRC DELEGATED CO-COMMISSIONING,WALLACE HOUSE SURGERY,24012942,"1,987.45 ",,HT000037706
Department of Health,NHS East & North Hertfordshire CCG,30/09/2018,C&M-GMS Prem Actual Rent,PRC DELEGATED CO-COMMISSIONING,WALLACE HOUSE SURGERY,24012942,"18,700.00 ",,HT000037706
Department of Health,NHS East & North Hertfordshire CCG,30/09/2018,C&M-GMS QOF Aspiration,PRC DELEGATED CO-COMMISSIONING,WALLACE HOUSE SURGERY,24012942,"9,621.18 ",,HT000037706
Department of Health,NHS East & North Hertfordshire CCG,30/09/2018,C&M-GMS Global Sum,PRC DELEGATED CO-COMMISSIONING,WARDEN LODGE MEDICAL PRACTICE,24012944,"69,030.06 ",,HT000037708
Department of Health,NHS East & North Hertfordshire CCG,30/09/2018,C&M-GMS Other FDR Payment,PRC DELEGATED CO-COMMISSIONING,WARDEN LODGE MEDICAL PRACTICE,24012944,"3,086.39 ",,HT000037708
Department of Health,NHS East & North Hertfordshire CCG,30/09/2018,C&M-GMS PCO Seniority,PRC DELEGATED CO-COMMISSIONING,WARDEN LODGE MEDICAL PRACTICE,24012944,"1,191.51 ",,HT000037708
Department of Health,NHS East & North Hertfordshire CCG,30/09/2018,C&M-GMS Prem Actual Rent,PRC DELEGATED CO-COMMISSIONING,WARDEN LODGE MEDICAL PRACTICE,24012944,"61,587.50 ",,HT000037708
Department of Health,NHS East & North Hertfordshire CCG,30/09/2018,C&M-GMS Prem Rates,PRC DELEGATED CO-COMMISSIONING,WARDEN LODGE MEDICAL PRACTICE,24012944,"1,915.66 ",,HT000037708
Department of Health,NHS East & North Hertfordshire CCG,30/09/2018,C&M-GMS QOF Aspiration,PRC DELEGATED CO-COMMISSIONING,WARDEN LODGE MEDICAL PRACTICE,24012944,"7,493.89 ",,HT000037708
Department of Health,NHS East & North Hertfordshire CCG,30/09/2018,C&M-GMS Global Sum,PRC DELEGATED CO-COMMISSIONING,WATTON PLACE CLINIC,24012946,"34,308.81 ",,HT000037710
Department of Health,NHS East & North Hertfordshire CCG,30/09/2018,C&M-GMS MPIG Correction Factor,PRC DELEGATED CO-COMMISSIONING,WATTON PLACE CLINIC,24012946,208.54 ,,HT000037710
Department of Health,NHS East & North Hertfordshire CCG,30/09/2018,C&M-GMS PCO Seniority,PRC DELEGATED CO-COMMISSIONING,WATTON PLACE CLINIC,24012946,"2,418.25 ",,HT000037710
Department of Health,NHS East & North Hertfordshire CCG,30/09/2018,C&M-GMS Prem Notional Rent,PRC DELEGATED CO-COMMISSIONING,WATTON PLACE CLINIC,24012946,"1,737.50 ",,HT000037710
Department of Health,NHS East & North Hertfordshire CCG,30/09/2018,C&M-GMS Prem Rates,PRC DELEGATED CO-COMMISSIONING,WATTON PLACE CLINIC,24012946,"10,822.06 ",,HT000037710
Department of Health,NHS East & North Hertfordshire CCG,30/09/2018,C&M-GMS QOF Aspiration,PRC DELEGATED CO-COMMISSIONING,WATTON PLACE CLINIC,24012946,"2,926.53 ",,HT000037710
Department of Health,NHS East & North Hertfordshire CCG,30/09/2018,C&M-GMS Cost of Drugs -Dispensing,LOCAL ENHANCED SERVICES,WATTON PLACE CLINIC,24040032,"(48,422.50)",,HT000038004
Department of Health,NHS East & North Hertfordshire CCG,30/09/2018,C&M-GMS PrscChrgsCll&RmttdbyGPCntra,PRC DELEGATED CO-COMMISSIONING,WATTON PLACE CLINIC,24040032,"(4,593.60)",,HT000038004
Department of Health,NHS East & North Hertfordshire CCG,30/09/2018,C&M-GMS Cost of Drugs -Dispensing,LOCAL ENHANCED SERVICES,WATTON PLACE CLINIC,24040033,"95,405.69 ",,HT000038005
Department of Health,NHS East & North Hertfordshire CCG,30/09/2018,C&M-GMS Prof Fees Dispensing,PRC DELEGATED CO-COMMISSIONING,WATTON PLACE CLINIC,24040033,"15,954.99 ",,HT000038005
Department of Health,NHS East & North Hertfordshire CCG,30/09/2018,C&M-GMS PrscrptnChrgsColl&RmttdbyGP,LOCAL ENHANCED SERVICES,WATTON PLACE CLINIC,24040033,"4,593.60 ",,HT000038005
Department of Health,NHS East & North Hertfordshire CCG,30/09/2018,Hcare Srv Rec NHS Trust-Contract Baseline,ACUTE COMMISSIONING,WEST HERTFORDSHIRE HOSPITALS NHS TRUST,23738854,"257,008.72 ",,0000255562
Department of Health,NHS East & North Hertfordshire CCG,30/09/2018,Hcare Srv Rec NHS Trust-Over/ Under Performance,ACUTE COMMISSIONING,WEST HERTFORDSHIRE HOSPITALS NHS TRUST,24084689,"(40,143.00)",,0000024575
Department of Health,NHS East & North Hertfordshire CCG,30/09/2018,Hcare Srv Rec NHS Trust-Over/ Under Performance,ACUTE COMMISSIONING,WEST HERTFORDSHIRE HOSPITALS NHS TRUST,24084698,"99,695.00 ",,0000248389
Department of Health,NHS East & North Hertfordshire CCG,30/09/2018,Hcare Srv Rec NHS Trust-Contract Baseline,ACUTE COMMISSIONING,WHITTINGTON HOSPITAL NHS TRUST (THE),23738904,"29,516.83 ",654948100,00083253
Department of Health,NHS East & North Hertfordshire CCG,30/09/2018,C&M-GMS Global Sum,PRC DELEGATED CO-COMMISSIONING,WHITWELL SURGERY,24012940,"21,453.30 ",,HT000037704
Department of Health,NHS East & North Hertfordshire CCG,30/09/2018,C&M-GMS PCO Seniority,PRC DELEGATED CO-COMMISSIONING,WHITWELL SURGERY,24012940,624.41 ,,HT000037704
Department of Health,NHS East & North Hertfordshire CCG,30/09/2018,C&M-GMS Prem Rates,PRC DELEGATED CO-COMMISSIONING,WHITWELL SURGERY,24012940,"4,132.50 ",,HT000037704
Department of Health,NHS East & North Hertfordshire CCG,30/09/2018,C&M-GMS Prem Water Rates,PRC DELEGATED CO-COMMISSIONING,WHITWELL SURGERY,24012940,944.03 ,,HT000037704
Department of Health,NHS East & North Hertfordshire CCG,30/09/2018,C&M-GMS QOF Aspiration,PRC DELEGATED CO-COMMISSIONING,WHITWELL SURGERY,24012940,"1,672.89 ",,HT000037704
Department of Health,NHS East & North Hertfordshire CCG,30/09/2018,C&M-GMS Cost of Drugs -Dispensing,LOCAL ENHANCED SERVICES,WHITWELL SURGERY,24040029,"34,533.47 ",,HT000038001
Department of Health,NHS East & North Hertfordshire CCG,30/09/2018,C&M-GMS Prof Fees Dispensing,PRC DELEGATED CO-COMMISSIONING,WHITWELL SURGERY,24040029,"7,360.24 ",,HT000038001
Department of Health,NHS East & North Hertfordshire CCG,30/09/2018,C&M-GMS PrscrptnChrgsColl&RmttdbyGP,LOCAL ENHANCED SERVICES,WHITWELL SURGERY,24040029,"1,654.40 ",,HT000038001
Department of Health,NHS East & North Hertfordshire CCG,30/09/2018,C&M-GMS Global Sum,PRC DELEGATED CO-COMMISSIONING,WRAFTON HOUSE,24012948,"66,725.10 ",,HT000037712
Department of Health,NHS East & North Hertfordshire CCG,30/09/2018,C&M-GMS PCO Seniority,PRC DELEGATED CO-COMMISSIONING,WRAFTON HOUSE,24012948,"1,662.74 ",,HT000037712
Department of Health,NHS East & North Hertfordshire CCG,30/09/2018,C&M-GMS Prem Actual Rent,PRC DELEGATED CO-COMMISSIONING,WRAFTON HOUSE,24012948,"2,687.50 ",,HT000037712
Department of Health,NHS East & North Hertfordshire CCG,30/09/2018,C&M-GMS Prem Rates,PRC DELEGATED CO-COMMISSIONING,WRAFTON HOUSE,24012948,"2,183.83 ",,HT000037712
Department of Health,NHS East & North Hertfordshire CCG,30/09/2018,C&M-GMS QOF Aspiration,PRC DELEGATED CO-COMMISSIONING,WRAFTON HOUSE,24012948,"7,458.56 ",,HT000037712
Department of Health,NHS East & North Hertfordshire CCG,30/09/2018,Cont Care-FNC Client Continence Allow,FUNDED NURSING CARE,WYMONDLEY NURSING & CARE HOME LTD,23850103,921.49 ,,NHS482
Department of Health,NHS East & North Hertfordshire CCG,30/09/2018,Cont Care-Funded Nursing Care Allow,FUNDED NURSING CARE,WYMONDLEY NURSING & CARE HOME LTD,23850103,"32,535.84 ",,NHS482
,,,,,,,,,
,,,,,,,"62,225,269.93 ",,
