A3131 - Expenditure Over Threshold,,,,,,,,,
,,,,,,,,,
,,,,,,,,,
,,,,,,,,,
Time run: 08/06/2018 13:01:28,,,,,,,,,
,,,,,,,,,
Department family,Entity,Date,Expense Type,Expense area,Supplier,Transaction number,AP Amount (�),VAT registration number,Purchase invoice number
Department of Health,NHS East & North Hertfordshire CCG,31/05/2018,Computer Software/License,ADHOC BUSINESS,ACCENTURE (UK) LTD,22430747,"31,842.00 ",GB788629066,3003394248
Department of Health,NHS East & North Hertfordshire CCG,31/05/2018,C&M-GMS Global Sum,PRC DELEGATED CO-COMMISSIONING,AMWELL STREET SURGERY,22364358,"80,458.07 ",,HT000035696
Department of Health,NHS East & North Hertfordshire CCG,31/05/2018,C&M-GMS MPIG Correction Factor,PRC DELEGATED CO-COMMISSIONING,AMWELL STREET SURGERY,22364358,"2,310.15 ",,HT000035696
Department of Health,NHS East & North Hertfordshire CCG,31/05/2018,C&M-GMS Other Addtl Staff Paymts,PRC DELEGATED CO-COMMISSIONING,AMWELL STREET SURGERY,22364358,"1,515.55 ",,HT000035696
Department of Health,NHS East & North Hertfordshire CCG,31/05/2018,C&M-GMS QOF Aspiration,PRC DELEGATED CO-COMMISSIONING,AMWELL STREET SURGERY,22364358,"8,946.15 ",,HT000035696
Department of Health,NHS East & North Hertfordshire CCG,31/05/2018,Clinical&Medical-Independent Sector,REABLEMENT,ARDENS HEALTH INFORMATICS LTD,21995450,"37,801.42 ",193674175,041
Department of Health,NHS East & North Hertfordshire CCG,31/05/2018,C&M-GMS DES UNPLANNED ADMISSIONS,PRC DELEGATED CO-COMMISSIONING,ASHWELL SURGERY,22391831,"10,663.94 ",879108291,HT000035692
Department of Health,NHS East & North Hertfordshire CCG,31/05/2018,C&M-GMS Dispensing Quality Sch,PRC DELEGATED CO-COMMISSIONING,ASHWELL SURGERY,22391831,"8,036.70 ",879108291,HT000035692
Department of Health,NHS East & North Hertfordshire CCG,31/05/2018,C&M-GMS Global Sum,PRC DELEGATED CO-COMMISSIONING,ASHWELL SURGERY,22391831,"57,294.06 ",879108291,HT000035692
Department of Health,NHS East & North Hertfordshire CCG,31/05/2018,C&M-GMS MPIG Correction Factor,PRC DELEGATED CO-COMMISSIONING,ASHWELL SURGERY,22391831,"1,150.80 ",879108291,HT000035692
Department of Health,NHS East & North Hertfordshire CCG,31/05/2018,C&M-GMS Other Addtl Staff Paymts,PRC DELEGATED CO-COMMISSIONING,ASHWELL SURGERY,22391831,"1,547.95 ",879108291,HT000035692
Department of Health,NHS East & North Hertfordshire CCG,31/05/2018,C&M-GMS PCO Locum Adop/Pat/Mat,PRC DELEGATED CO-COMMISSIONING,ASHWELL SURGERY,22391831,"2,263.48 ",879108291,HT000035692
Department of Health,NHS East & North Hertfordshire CCG,31/05/2018,C&M-GMS Prem Notional Rent,PRC DELEGATED CO-COMMISSIONING,ASHWELL SURGERY,22391831,"7,747.50 ",879108291,HT000035692
Department of Health,NHS East & North Hertfordshire CCG,31/05/2018,C&M-GMS Prem Rates,PRC DELEGATED CO-COMMISSIONING,ASHWELL SURGERY,22391831,464.91 ,879108291,HT000035692
Department of Health,NHS East & North Hertfordshire CCG,31/05/2018,C&M-GMS Prem Water Rates,PRC DELEGATED CO-COMMISSIONING,ASHWELL SURGERY,22391831,64.74 ,879108291,HT000035692
Department of Health,NHS East & North Hertfordshire CCG,31/05/2018,C&M-GMS QOF Aspiration,PRC DELEGATED CO-COMMISSIONING,ASHWELL SURGERY,22391831,"4,794.78 ",879108291,HT000035692
Department of Health,NHS East & North Hertfordshire CCG,31/05/2018,C&M-GMS Cost of Drugs -Dispensing,LOCAL ENHANCED SERVICES,ASHWELL SURGERY,22395817,"(30,241.00)",879108291,HT000036025
Department of Health,NHS East & North Hertfordshire CCG,31/05/2018,C&M-GMS PrscChrgsCll&RmttdbyGPCntra,PRC DELEGATED CO-COMMISSIONING,ASHWELL SURGERY,22395817,"(2,476.80)",879108291,HT000036025
Department of Health,NHS East & North Hertfordshire CCG,31/05/2018,C&M-GMS Cost of Drugs -Dispensing,LOCAL ENHANCED SERVICES,ASHWELL SURGERY,22395818,"46,428.59 ",879108291,HT000036026
Department of Health,NHS East & North Hertfordshire CCG,31/05/2018,C&M-GMS Prof Fees Dispensing,PRC DELEGATED CO-COMMISSIONING,ASHWELL SURGERY,22395818,"11,005.84 ",879108291,HT000036026
Department of Health,NHS East & North Hertfordshire CCG,31/05/2018,C&M-GMS PrscrptnChrgsColl&RmttdbyGP,LOCAL ENHANCED SERVICES,ASHWELL SURGERY,22395818,"2,476.80 ",879108291,HT000036026
Department of Health,NHS East & North Hertfordshire CCG,31/05/2018,Hcare Srv Rec NHS Trust-Contract Baseline,ACUTE COMMISSIONING,BARKING HAVERING AND REDBRIDGE HOSPITALS NHS TRUST,22040674,"78,541.00 ",,8449344
Department of Health,NHS East & North Hertfordshire CCG,31/05/2018,Hcare Srv Rec NHS Trust-Contract Baseline,ACUTE COMMISSIONING,BARTS HEALTH NHS TRUST,22271463,"211,471.13 ",,331498
Department of Health,NHS East & North Hertfordshire CCG,31/05/2018,Hcare Srv Rec NHS Trust-Over/ Under Performance,ACUTE COMMISSIONING,BARTS HEALTH NHS TRUST,22426902,"29,877.00 ",,333295
Department of Health,NHS East & North Hertfordshire CCG,31/05/2018,Hcare Srv Rec NHS Trust-Over/ Under Performance,ACUTE COMMISSIONING,BARTS HEALTH NHS TRUST,22427240,"(29,876.82)",,334615
Department of Health,NHS East & North Hertfordshire CCG,31/05/2018,Hcare Srv Rec NHS Trust-Contract Baseline,ACUTE COMMISSIONING,BARTS HEALTH NHS TRUST,22441709,"154,041.64 ",,335288
Department of Health,NHS East & North Hertfordshire CCG,31/05/2018,Hcare Srv Rec Fdtn Trust-Contract Baseline,ACUTE COMMISSIONING,BASILDON & THURROCK UNIVERSITY HOSPITALS NHS FOUNDATION TRUST,22059884,"45,853.00 ",,0000095125
Department of Health,NHS East & North Hertfordshire CCG,31/05/2018,C&M-GMS DES Learn Dsblty Hlth Chk,PRC DELEGATED CO-COMMISSIONING,BEDWELL MEDICAL CENTRE,22364356,"1,680.00 ",,HT000035694
Department of Health,NHS East & North Hertfordshire CCG,31/05/2018,C&M-GMS Global Sum,PRC DELEGATED CO-COMMISSIONING,BEDWELL MEDICAL CENTRE,22364356,"85,315.64 ",,HT000035694
Department of Health,NHS East & North Hertfordshire CCG,31/05/2018,C&M-GMS Other Addtl Staff Paymts,PRC DELEGATED CO-COMMISSIONING,BEDWELL MEDICAL CENTRE,22364356,"2,533.16 ",,HT000035694
Department of Health,NHS East & North Hertfordshire CCG,31/05/2018,C&M-GMS Prem Notional Rent,PRC DELEGATED CO-COMMISSIONING,BEDWELL MEDICAL CENTRE,22364356,"2,929.17 ",,HT000035694
Department of Health,NHS East & North Hertfordshire CCG,31/05/2018,C&M-GMS Prem Rates,PRC DELEGATED CO-COMMISSIONING,BEDWELL MEDICAL CENTRE,22364356,"6,128.67 ",,HT000035694
Department of Health,NHS East & North Hertfordshire CCG,31/05/2018,C&M-GMS Prem Water Rates,PRC DELEGATED CO-COMMISSIONING,BEDWELL MEDICAL CENTRE,22364356,800.77 ,,HT000035694
Department of Health,NHS East & North Hertfordshire CCG,31/05/2018,C&M-GMS QOF Aspiration,PRC DELEGATED CO-COMMISSIONING,BEDWELL MEDICAL CENTRE,22364356,"8,462.17 ",,HT000035694
Department of Health,NHS East & North Hertfordshire CCG,31/05/2018,C&M-GMS DES Learn Dsblty Hlth Chk,PRC DELEGATED CO-COMMISSIONING,BIRCHWOOD SURGERY,22364360,"3,220.00 ",,HT000035698
Department of Health,NHS East & North Hertfordshire CCG,31/05/2018,C&M-GMS Global Sum,PRC DELEGATED CO-COMMISSIONING,BIRCHWOOD SURGERY,22364360,"94,058.80 ",,HT000035698
Department of Health,NHS East & North Hertfordshire CCG,31/05/2018,C&M-GMS Other Addtl Staff Paymts,PRC DELEGATED CO-COMMISSIONING,BIRCHWOOD SURGERY,22364360,"2,929.61 ",,HT000035698
Department of Health,NHS East & North Hertfordshire CCG,31/05/2018,C&M-GMS PCO Locum Adop/Pat/Mat,PRC DELEGATED CO-COMMISSIONING,BIRCHWOOD SURGERY,22364360,"7,110.00 ",,HT000035698
Department of Health,NHS East & North Hertfordshire CCG,31/05/2018,C&M-GMS Prem Actual Rent,PRC DELEGATED CO-COMMISSIONING,BIRCHWOOD SURGERY,22364360,"26,550.00 ",,HT000035698
Department of Health,NHS East & North Hertfordshire CCG,31/05/2018,C&M-GMS QOF Aspiration,PRC DELEGATED CO-COMMISSIONING,BIRCHWOOD SURGERY,22364360,"11,389.28 ",,HT000035698
Department of Health,NHS East & North Hertfordshire CCG,31/05/2018,Clinical&Medical-Independent Sector,ACUTE COMMISSIONING,BMI HEALTHCARE COLLECTIONS,22059855,"75,987.41 ",,0000089727
Department of Health,NHS East & North Hertfordshire CCG,31/05/2018,Clinical&Medical-Independent Sector,ACUTE COMMISSIONING,BMI HEALTHCARE COLLECTIONS,22190958,"107,041.78 ",,0000090706
Department of Health,NHS East & North Hertfordshire CCG,31/05/2018,Clinical&Medical-Independent Sector,ACUTE COMMISSIONING,BMI HEALTHCARE COLLECTIONS,22190963,"91,874.98 ",,0000090765
Department of Health,NHS East & North Hertfordshire CCG,31/05/2018,Clinical&Medical-Voluntary Sector,COMMUNITY SERVICES,BPAS,22404543,"26,412.51 ",855924881,37712
Department of Health,NHS East & North Hertfordshire CCG,31/05/2018,C&M-GMS Global Sum,PRC DELEGATED CO-COMMISSIONING,BRIDGE COTTAGE SURGERY,22364366,"112,292.08 ",,HT000035704
Department of Health,NHS East & North Hertfordshire CCG,31/05/2018,C&M-GMS Prem Notional Rent,PRC DELEGATED CO-COMMISSIONING,BRIDGE COTTAGE SURGERY,22364366,"9,508.33 ",,HT000035704
Department of Health,NHS East & North Hertfordshire CCG,31/05/2018,C&M-GMS Prem Rates,PRC DELEGATED CO-COMMISSIONING,BRIDGE COTTAGE SURGERY,22364366,"1,789.82 ",,HT000035704
Department of Health,NHS East & North Hertfordshire CCG,31/05/2018,C&M-GMS Prem Water Rates,PRC DELEGATED CO-COMMISSIONING,BRIDGE COTTAGE SURGERY,22364366,191.37 ,,HT000035704
Department of Health,NHS East & North Hertfordshire CCG,31/05/2018,C&M-GMS QOF Aspiration,PRC DELEGATED CO-COMMISSIONING,BRIDGE COTTAGE SURGERY,22364366,"11,166.13 ",,HT000035704
Department of Health,NHS East & North Hertfordshire CCG,31/05/2018,C&M-GMS DES Learn Dsblty Hlth Chk,PRC DELEGATED CO-COMMISSIONING,BUNTINGFORD MEDICAL CENTRE,22364362,140.00 ,,HT000035700
Department of Health,NHS East & North Hertfordshire CCG,31/05/2018,C&M-GMS Global Sum,PRC DELEGATED CO-COMMISSIONING,BUNTINGFORD MEDICAL CENTRE,22364362,"49,518.01 ",,HT000035700
Department of Health,NHS East & North Hertfordshire CCG,31/05/2018,C&M-GMS Other Addtl Staff Paymts,PRC DELEGATED CO-COMMISSIONING,BUNTINGFORD MEDICAL CENTRE,22364362,"1,204.31 ",,HT000035700
Department of Health,NHS East & North Hertfordshire CCG,31/05/2018,C&M-GMS Prem Actual Rent,PRC DELEGATED CO-COMMISSIONING,BUNTINGFORD MEDICAL CENTRE,22364362,"11,730.00 ",,HT000035700
Department of Health,NHS East & North Hertfordshire CCG,31/05/2018,C&M-GMS Prem Rates,PRC DELEGATED CO-COMMISSIONING,BUNTINGFORD MEDICAL CENTRE,22364362,817.07 ,,HT000035700
Department of Health,NHS East & North Hertfordshire CCG,31/05/2018,C&M-GMS QOF Aspiration,PRC DELEGATED CO-COMMISSIONING,BUNTINGFORD MEDICAL CENTRE,22364362,"4,885.79 ",,HT000035700
Department of Health,NHS East & North Hertfordshire CCG,31/05/2018,C&M-GMS Global Sum,PRC DELEGATED CO-COMMISSIONING,BURVILL HOUSE SURGERY,22364364,"68,364.56 ",,HT000035702
Department of Health,NHS East & North Hertfordshire CCG,31/05/2018,C&M-GMS Other FDR Payment,PRC DELEGATED CO-COMMISSIONING,BURVILL HOUSE SURGERY,22364364,"2,989.42 ",,HT000035702
Department of Health,NHS East & North Hertfordshire CCG,31/05/2018,C&M-GMS Prem Actual Rent,PRC DELEGATED CO-COMMISSIONING,BURVILL HOUSE SURGERY,22364364,350.00 ,,HT000035702
Department of Health,NHS East & North Hertfordshire CCG,31/05/2018,C&M-GMS Prem Notional Rent,PRC DELEGATED CO-COMMISSIONING,BURVILL HOUSE SURGERY,22364364,"4,808.33 ",,HT000035702
Department of Health,NHS East & North Hertfordshire CCG,31/05/2018,C&M-GMS Prem Rates,PRC DELEGATED CO-COMMISSIONING,BURVILL HOUSE SURGERY,22364364,"3,851.89 ",,HT000035702
Department of Health,NHS East & North Hertfordshire CCG,31/05/2018,C&M-GMS Prem Water Rates,PRC DELEGATED CO-COMMISSIONING,BURVILL HOUSE SURGERY,22364364,"1,627.51 ",,HT000035702
Department of Health,NHS East & North Hertfordshire CCG,31/05/2018,C&M-GMS QOF Aspiration,PRC DELEGATED CO-COMMISSIONING,BURVILL HOUSE SURGERY,22364364,"6,398.11 ",,HT000035702
Department of Health,NHS East & North Hertfordshire CCG,31/05/2018,Hcare Srv Rec Fdtn Trust-Over/ Under Performance,ACUTE COMMISSIONING,CAMBRIDGE UNIVERSITY HOSPITALS NHS FOUNDATION TRUST,22121891,"163,692.62 ",,80204134
Department of Health,NHS East & North Hertfordshire CCG,31/05/2018,Hcare Srv Rec Fdtn Trust-Contract Baseline,ACUTE COMMISSIONING,CAMBRIDGE UNIVERSITY HOSPITALS NHS FOUNDATION TRUST,22137941,"453,083.75 ",,80206270
Department of Health,NHS East & North Hertfordshire CCG,31/05/2018,Hcare Srv Rec Fdtn Trust-Contract Baseline,ACUTE COMMISSIONING,CAMBRIDGE UNIVERSITY HOSPITALS NHS FOUNDATION TRUST,22190986,"(93,214.56)",,60028872
Department of Health,NHS East & North Hertfordshire CCG,31/05/2018,Hcare Srv Rec Fdtn Trust-Contract Baseline,ACUTE COMMISSIONING,CAMBRIDGE UNIVERSITY HOSPITALS NHS FOUNDATION TRUST,22191028,"(93,214.56)",,60028873
Department of Health,NHS East & North Hertfordshire CCG,31/05/2018,Hcare Srv Rec Fdtn Trust-Over/ Under Performance,ACUTE COMMISSIONING,CAMBRIDGE UNIVERSITY HOSPITALS NHS FOUNDATION TRUST,22310859,"82,868.84 ",,80198540
Department of Health,NHS East & North Hertfordshire CCG,31/05/2018,Hcare Srv Rec Fdtn Trust-Prior Year,ACUTE COMMISSIONING,CAMBRIDGE UNIVERSITY HOSPITALS NHS FOUNDATION TRUST,22311460,"(160,251.98)",,60028969
Department of Health,NHS East & North Hertfordshire CCG,31/05/2018,Hcare Srv Rec Fdtn Trust-Contract Baseline,ACUTE COMMISSIONING,CAMBRIDGE UNIVERSITY HOSPITALS NHS FOUNDATION TRUST,22311461,"453,083.75 ",,80206385
Department of Health,NHS East & North Hertfordshire CCG,31/05/2018,Cont Care-Learning Disab(<65),CHC ADULT FULLY FUNDED,CANDOUR CARE SERVICES,22157690,"32,351.25 ",,468
Department of Health,NHS East & North Hertfordshire CCG,31/05/2018,C&M-GMS DES Learn Dsblty Hlth Chk,PRC DELEGATED CO-COMMISSIONING,CASTLEGATE SURGERY HERTFORD,22364375,"2,240.00 ",,HT000035712
Department of Health,NHS East & North Hertfordshire CCG,31/05/2018,C&M-GMS Global Sum,PRC DELEGATED CO-COMMISSIONING,CASTLEGATE SURGERY HERTFORD,22364375,"49,974.90 ",,HT000035712
Department of Health,NHS East & North Hertfordshire CCG,31/05/2018,C&M-GMS MPIG Correction Factor,PRC DELEGATED CO-COMMISSIONING,CASTLEGATE SURGERY HERTFORD,22364375,107.76 ,,HT000035712
Department of Health,NHS East & North Hertfordshire CCG,31/05/2018,C&M-GMS Prem Actual Rent,PRC DELEGATED CO-COMMISSIONING,CASTLEGATE SURGERY HERTFORD,22364375,"20,150.00 ",,HT000035712
Department of Health,NHS East & North Hertfordshire CCG,31/05/2018,C&M-GMS Prem Rates,PRC DELEGATED CO-COMMISSIONING,CASTLEGATE SURGERY HERTFORD,22364375,"1,164.41 ",,HT000035712
Department of Health,NHS East & North Hertfordshire CCG,31/05/2018,C&M-GMS QOF Aspiration,PRC DELEGATED CO-COMMISSIONING,CASTLEGATE SURGERY HERTFORD,22364375,"4,522.97 ",,HT000035712
Department of Health,NHS East & North Hertfordshire CCG,31/05/2018,C&M-GMS DES Learn Dsblty Hlth Chk,PRC DELEGATED CO-COMMISSIONING,CHELLS WAY SURGERY,22364368,140.00 ,,HT000035706
Department of Health,NHS East & North Hertfordshire CCG,31/05/2018,C&M-GMS Global Sum,PRC DELEGATED CO-COMMISSIONING,CHELLS WAY SURGERY,22364368,"94,830.00 ",,HT000035706
Department of Health,NHS East & North Hertfordshire CCG,31/05/2018,C&M-GMS MPIG Correction Factor,PRC DELEGATED CO-COMMISSIONING,CHELLS WAY SURGERY,22364368,303.89 ,,HT000035706
Department of Health,NHS East & North Hertfordshire CCG,31/05/2018,C&M-GMS Prem Actual Rent,PRC DELEGATED CO-COMMISSIONING,CHELLS WAY SURGERY,22364368,"49,792.50 ",,HT000035706
Department of Health,NHS East & North Hertfordshire CCG,31/05/2018,C&M-GMS Prem Rates,PRC DELEGATED CO-COMMISSIONING,CHELLS WAY SURGERY,22364368,"2,184.52 ",,HT000035706
Department of Health,NHS East & North Hertfordshire CCG,31/05/2018,C&M-GMS QOF Aspiration,PRC DELEGATED CO-COMMISSIONING,CHELLS WAY SURGERY,22364368,"8,893.85 ",,HT000035706
Department of Health,NHS East & North Hertfordshire CCG,31/05/2018,Hcare Srv Rec Fdtn Trust-Contract Baseline,ACUTE COMMISSIONING,CHELSEA AND WESTMINSTER HOSPITAL NHS FOUNDATION TRUST,22040639,"32,594.10 ",654915415,N0022181
Department of Health,NHS East & North Hertfordshire CCG,31/05/2018,C&M-GMS DES Learn Dsblty Hlth Chk,PRC DELEGATED CO-COMMISSIONING,CHURCH STREET SURGERY BISHOPS STORT,22364370,"1,540.00 ",,HT000035708
Department of Health,NHS East & North Hertfordshire CCG,31/05/2018,C&M-GMS Global Sum,PRC DELEGATED CO-COMMISSIONING,CHURCH STREET SURGERY BISHOPS STORT,22364370,"97,071.34 ",,HT000035708
Department of Health,NHS East & North Hertfordshire CCG,31/05/2018,C&M-GMS MPIG Correction Factor,PRC DELEGATED CO-COMMISSIONING,CHURCH STREET SURGERY BISHOPS STORT,22364370,637.65 ,,HT000035708
Department of Health,NHS East & North Hertfordshire CCG,31/05/2018,C&M-GMS Other Addtl Staff Paymts,PRC DELEGATED CO-COMMISSIONING,CHURCH STREET SURGERY BISHOPS STORT,22364370,"2,987.29 ",,HT000035708
Department of Health,NHS East & North Hertfordshire CCG,31/05/2018,C&M-GMS Prem Actual Rent,PRC DELEGATED CO-COMMISSIONING,CHURCH STREET SURGERY BISHOPS STORT,22364370,"8,600.00 ",,HT000035708
Department of Health,NHS East & North Hertfordshire CCG,31/05/2018,C&M-GMS Prem Cost Rent,PRC DELEGATED CO-COMMISSIONING,CHURCH STREET SURGERY BISHOPS STORT,22364370,"6,936.58 ",,HT000035708
Department of Health,NHS East & North Hertfordshire CCG,31/05/2018,C&M-GMS Prem Rates,PRC DELEGATED CO-COMMISSIONING,CHURCH STREET SURGERY BISHOPS STORT,22364370,"4,725.59 ",,HT000035708
Department of Health,NHS East & North Hertfordshire CCG,31/05/2018,C&M-GMS QOF Aspiration,PRC DELEGATED CO-COMMISSIONING,CHURCH STREET SURGERY BISHOPS STORT,22364370,"9,240.80 ",,HT000035708
Department of Health,NHS East & North Hertfordshire CCG,31/05/2018,ME - GMS GP Prior Year ERs,PRC DELEGATED CO-COMMISSIONING,CHURCH STREET SURGERY BISHOPS STORT,22364370,700.76 ,,HT000035708
Department of Health,NHS East & North Hertfordshire CCG,31/05/2018,ME-GMS GP Prior Year AVCs,PRC DELEGATED CO-COMMISSIONING,CHURCH STREET SURGERY BISHOPS STORT,22364370,26.65 ,,HT000035708
Department of Health,NHS East & North Hertfordshire CCG,31/05/2018,ME-GMS GP Prior Year EEs,PRC DELEGATED CO-COMMISSIONING,CHURCH STREET SURGERY BISHOPS STORT,22364370,"1,977.98 ",,HT000035708
Department of Health,NHS East & North Hertfordshire CCG,31/05/2018,C&M-GMS DES Learn Dsblty Hlth Chk,PRC DELEGATED CO-COMMISSIONING,CHURCH STREET SURGERY WARE,22364373,980.00 ,,HT000035710
Department of Health,NHS East & North Hertfordshire CCG,31/05/2018,C&M-GMS Global Sum,PRC DELEGATED CO-COMMISSIONING,CHURCH STREET SURGERY WARE,22364373,"59,977.40 ",,HT000035710
Department of Health,NHS East & North Hertfordshire CCG,31/05/2018,C&M-GMS MPIG Correction Factor,PRC DELEGATED CO-COMMISSIONING,CHURCH STREET SURGERY WARE,22364373,841.90 ,,HT000035710
Department of Health,NHS East & North Hertfordshire CCG,31/05/2018,C&M-GMS Other Addtl Staff Paymts,PRC DELEGATED CO-COMMISSIONING,CHURCH STREET SURGERY WARE,22364373,"1,581.72 ",,HT000035710
Department of Health,NHS East & North Hertfordshire CCG,31/05/2018,C&M-GMS Prem Notional Rent,PRC DELEGATED CO-COMMISSIONING,CHURCH STREET SURGERY WARE,22364373,"6,129.17 ",,HT000035710
Department of Health,NHS East & North Hertfordshire CCG,31/05/2018,C&M-GMS Prem Rates,PRC DELEGATED CO-COMMISSIONING,CHURCH STREET SURGERY WARE,22364373,"2,208.00 ",,HT000035710
Department of Health,NHS East & North Hertfordshire CCG,31/05/2018,C&M-GMS QOF Aspiration,PRC DELEGATED CO-COMMISSIONING,CHURCH STREET SURGERY WARE,22364373,"6,780.75 ",,HT000035710
Department of Health,NHS East & North Hertfordshire CCG,31/05/2018,C&M-GMS Dispensing Quality Sch,PRC DELEGATED CO-COMMISSIONING,COURTENAY HOUSE SURGERY,22364379,"1,955.64 ",,HT000035714
Department of Health,NHS East & North Hertfordshire CCG,31/05/2018,C&M-GMS Global Sum,PRC DELEGATED CO-COMMISSIONING,COURTENAY HOUSE SURGERY,22364379,"45,720.31 ",,HT000035714
Department of Health,NHS East & North Hertfordshire CCG,31/05/2018,C&M-GMS MPIG Correction Factor,PRC DELEGATED CO-COMMISSIONING,COURTENAY HOUSE SURGERY,22364379,239.37 ,,HT000035714
Department of Health,NHS East & North Hertfordshire CCG,31/05/2018,C&M-GMS Prem Actual Rent,PRC DELEGATED CO-COMMISSIONING,COURTENAY HOUSE SURGERY,22364379,"30,237.50 ",,HT000035714
Department of Health,NHS East & North Hertfordshire CCG,31/05/2018,C&M-GMS Prem Rates,PRC DELEGATED CO-COMMISSIONING,COURTENAY HOUSE SURGERY,22364379,"8,726.10 ",,HT000035714
Department of Health,NHS East & North Hertfordshire CCG,31/05/2018,C&M-GMS QOF Aspiration,PRC DELEGATED CO-COMMISSIONING,COURTENAY HOUSE SURGERY,22364379,"4,186.55 ",,HT000035714
Department of Health,NHS East & North Hertfordshire CCG,31/05/2018,C&M-GMS DES Learn Dsblty Hlth Chk,PRC DELEGATED CO-COMMISSIONING,CROMWELL MEDICAL CENTRE,22364382,"1,400.00 ",,HT000035716
Department of Health,NHS East & North Hertfordshire CCG,31/05/2018,C&M-GMS Global Sum,PRC DELEGATED CO-COMMISSIONING,CROMWELL MEDICAL CENTRE,22364382,"50,632.98 ",,HT000035716
Department of Health,NHS East & North Hertfordshire CCG,31/05/2018,C&M-GMS Other Addtl Staff Paymts,PRC DELEGATED CO-COMMISSIONING,CROMWELL MEDICAL CENTRE,22364382,"1,085.73 ",,HT000035716
Department of Health,NHS East & North Hertfordshire CCG,31/05/2018,C&M-GMS Prem Notional Rent,PRC DELEGATED CO-COMMISSIONING,CROMWELL MEDICAL CENTRE,22364382,"5,150.00 ",,HT000035716
Department of Health,NHS East & North Hertfordshire CCG,31/05/2018,C&M-GMS QOF Aspiration,PRC DELEGATED CO-COMMISSIONING,CROMWELL MEDICAL CENTRE,22364382,"5,396.90 ",,HT000035716
Department of Health,NHS East & North Hertfordshire CCG,31/05/2018,C&M-GMS DES Learn Dsblty Hlth Chk,PRC DELEGATED CO-COMMISSIONING,CUFFLEY & GOFFS OAK MEDICAL PRACTICE,22364387,"1,540.00 ",,HT000035718
Department of Health,NHS East & North Hertfordshire CCG,31/05/2018,C&M-GMS Global Sum,PRC DELEGATED CO-COMMISSIONING,CUFFLEY & GOFFS OAK MEDICAL PRACTICE,22364387,"85,709.89 ",,HT000035718
Department of Health,NHS East & North Hertfordshire CCG,31/05/2018,C&M-GMS Other Addtl Staff Paymts,PRC DELEGATED CO-COMMISSIONING,CUFFLEY & GOFFS OAK MEDICAL PRACTICE,22364387,991.47 ,,HT000035718
Department of Health,NHS East & North Hertfordshire CCG,31/05/2018,C&M-GMS PCO Doctors Ret Scheme,PRC DELEGATED CO-COMMISSIONING,CUFFLEY & GOFFS OAK MEDICAL PRACTICE,22364387,532.62 ,,HT000035718
Department of Health,NHS East & North Hertfordshire CCG,31/05/2018,C&M-GMS QOF Aspiration,PRC DELEGATED CO-COMMISSIONING,CUFFLEY & GOFFS OAK MEDICAL PRACTICE,22364387,"8,375.55 ",,HT000035718
Department of Health,NHS East & North Hertfordshire CCG,31/05/2018,ME - GMS GP Prior Year ERs,PRC DELEGATED CO-COMMISSIONING,DOLPHIN HOUSE SURGERY,22364389,"(10,240.43)",,HT000035719
Department of Health,NHS East & North Hertfordshire CCG,31/05/2018,ME - GMS TPS Added Years Adj EEs,PRC DELEGATED CO-COMMISSIONING,DOLPHIN HOUSE SURGERY,22364389,(333.33),,HT000035719
Department of Health,NHS East & North Hertfordshire CCG,31/05/2018,ME-GMS GP Pension EEs,PRC DELEGATED CO-COMMISSIONING,DOLPHIN HOUSE SURGERY,22364389,"(8,004.58)",,HT000035719
Department of Health,NHS East & North Hertfordshire CCG,31/05/2018,ME-GMS GP Pension ERs Adjustments,PRC DELEGATED CO-COMMISSIONING,DOLPHIN HOUSE SURGERY,22364389,"(8,184.62)",,HT000035719
Department of Health,NHS East & North Hertfordshire CCG,31/05/2018,ME-GMS GP Prior Year EEs,PRC DELEGATED CO-COMMISSIONING,DOLPHIN HOUSE SURGERY,22364389,"(9,667.54)",,HT000035719
Department of Health,NHS East & North Hertfordshire CCG,31/05/2018,C&M-GMS Global Sum,PRC DELEGATED CO-COMMISSIONING,DOLPHIN HOUSE SURGERY,22364391,"87,957.58 ",,HT000035720
Department of Health,NHS East & North Hertfordshire CCG,31/05/2018,C&M-GMS MPIG Correction Factor,PRC DELEGATED CO-COMMISSIONING,DOLPHIN HOUSE SURGERY,22364391,"2,803.15 ",,HT000035720
Department of Health,NHS East & North Hertfordshire CCG,31/05/2018,C&M-GMS Other Addtl Staff Paymts,PRC DELEGATED CO-COMMISSIONING,DOLPHIN HOUSE SURGERY,22364391,"1,476.98 ",,HT000035720
Department of Health,NHS East & North Hertfordshire CCG,31/05/2018,C&M-GMS Prem Actual Rent,PRC DELEGATED CO-COMMISSIONING,DOLPHIN HOUSE SURGERY,22364391,"27,570.86 ",,HT000035720
Department of Health,NHS East & North Hertfordshire CCG,31/05/2018,C&M-GMS Prem Rates,PRC DELEGATED CO-COMMISSIONING,DOLPHIN HOUSE SURGERY,22364391,"8,615.99 ",,HT000035720
Department of Health,NHS East & North Hertfordshire CCG,31/05/2018,C&M-GMS Prem Trade Refuse,PRC DELEGATED CO-COMMISSIONING,DOLPHIN HOUSE SURGERY,22364391,939.50 ,,HT000035720
Department of Health,NHS East & North Hertfordshire CCG,31/05/2018,C&M-GMS Prem Water Rates,PRC DELEGATED CO-COMMISSIONING,DOLPHIN HOUSE SURGERY,22364391,"3,418.67 ",,HT000035720
Department of Health,NHS East & North Hertfordshire CCG,31/05/2018,C&M-GMS QOF Aspiration,PRC DELEGATED CO-COMMISSIONING,DOLPHIN HOUSE SURGERY,22364391,"10,698.33 ",,HT000035720
Department of Health,NHS East & North Hertfordshire CCG,31/05/2018,Clinical&Medical-Clinical Other,REABLEMENT,DR N SELVADURAI,22330339,"31,200.00 ",,PHELBOTOMY2018MARCH18002
Department of Health,NHS East & North Hertfordshire CCG,30/04/2018,Hcare Srv Rec NHS Trust-Contract Baseline,ACUTE COMMISSIONING,EAST AND NORTH HERTFORDSHIRE NHS TRUST,21868655,"18,242,182.82 ",,4152213
Department of Health,NHS East & North Hertfordshire CCG,31/05/2018,Hcare Srv Rec NHS Trust-Non Contract,WINTER PRESSURES,EAST AND NORTH HERTFORDSHIRE NHS TRUST,22188623,"132,000.00 ",,4151652
Department of Health,NHS East & North Hertfordshire CCG,31/05/2018,Hcare Srv Rec NHS Trust-Non Contract,NCAS/OATS,EAST AND NORTH HERTFORDSHIRE NHS TRUST,22330287,"27,868.00 ",,4151598
Department of Health,NHS East & North Hertfordshire CCG,31/05/2018,Hcare Srv Rec NHS Trust-Contract Baseline,AMBULANCE SERVICES,EAST OF ENGLAND AMBULANCE SERVICE NHS TRUST,22059866,"1,632,205.93 ",,8108904
Department of Health,NHS East & North Hertfordshire CCG,31/05/2018,Travel Booking Services,PATIENT TRANSPORT,EAST OF ENGLAND AMBULANCE SERVICE NHS TRUST,22059871,"233,181.00 ",,8108925
Department of Health,NHS East & North Hertfordshire CCG,31/05/2018,Hcare Srv Rec NHS Trust-Contract Baseline,AMBULANCE SERVICES,EAST OF ENGLAND AMBULANCE SERVICE NHS TRUST,22191033,"36,058.50 ",,8109218
Department of Health,NHS East & North Hertfordshire CCG,31/05/2018,Hcare Srv Rec NHS Trust,AMBULANCE SERVICES,EAST OF ENGLAND AMBULANCE SERVICE NHS TRUST,22441705,"29,818.00 ",,8108873
Department of Health,NHS East & North Hertfordshire CCG,31/05/2018,Hcare Srv Rec NHS Trust,AMBULANCE SERVICES,EAST OF ENGLAND AMBULANCE SERVICE NHS TRUST,22441795,"29,818.00 ",,8109300
Department of Health,NHS East & North Hertfordshire CCG,31/05/2018,Clinical&Medical-Independent Sector,Winter Resilience,FINECARE HOMES (STEVENAGE),22232503,"25,242.86 ",,D2A18MAY
Department of Health,NHS East & North Hertfordshire CCG,31/05/2018,C&M-GMS Global Sum,PRC DELEGATED CO-COMMISSIONING,GARDEN CITY PRACTICE,22364396,"64,671.02 ",,HT000035722
Department of Health,NHS East & North Hertfordshire CCG,31/05/2018,C&M-GMS Other FDR Payment,PRC DELEGATED CO-COMMISSIONING,GARDEN CITY PRACTICE,22364396,"4,543.05 ",,HT000035722
Department of Health,NHS East & North Hertfordshire CCG,31/05/2018,C&M-GMS Prem Actual Rent,PRC DELEGATED CO-COMMISSIONING,GARDEN CITY PRACTICE,22364396,"2,020.83 ",,HT000035722
Department of Health,NHS East & North Hertfordshire CCG,31/05/2018,C&M-GMS Prem Notional Rent,PRC DELEGATED CO-COMMISSIONING,GARDEN CITY PRACTICE,22364396,"2,471.25 ",,HT000035722
Department of Health,NHS East & North Hertfordshire CCG,31/05/2018,C&M-GMS QOF Aspiration,PRC DELEGATED CO-COMMISSIONING,GARDEN CITY PRACTICE,22364396,"6,036.56 ",,HT000035722
Department of Health,NHS East & North Hertfordshire CCG,31/05/2018,C&M-GMS DES Learn Dsblty Hlth Chk,PRC DELEGATED CO-COMMISSIONING,GARDEN CITY SURGERY,22391832,280.00 ,,HT000035724
Department of Health,NHS East & North Hertfordshire CCG,31/05/2018,C&M-GMS Global Sum,PRC DELEGATED CO-COMMISSIONING,GARDEN CITY SURGERY,22391832,"46,883.77 ",,HT000035724
Department of Health,NHS East & North Hertfordshire CCG,31/05/2018,C&M-GMS LES Translation Fees,LOCAL ENHANCED SERVICES,GARDEN CITY SURGERY,22391832,220.00 ,,HT000035724
Department of Health,NHS East & North Hertfordshire CCG,31/05/2018,C&M-GMS MPIG Correction Factor,PRC DELEGATED CO-COMMISSIONING,GARDEN CITY SURGERY,22391832,"1,061.42 ",,HT000035724
Department of Health,NHS East & North Hertfordshire CCG,31/05/2018,C&M-GMS Other Addtl Staff Paymts,PRC DELEGATED CO-COMMISSIONING,GARDEN CITY SURGERY,22391832,"1,331.45 ",,HT000035724
Department of Health,NHS East & North Hertfordshire CCG,31/05/2018,C&M-GMS Prem Actual Rent,PRC DELEGATED CO-COMMISSIONING,GARDEN CITY SURGERY,22391832,"2,495.83 ",,HT000035724
Department of Health,NHS East & North Hertfordshire CCG,31/05/2018,C&M-GMS Prem Rates,PRC DELEGATED CO-COMMISSIONING,GARDEN CITY SURGERY,22391832,"2,686.85 ",,HT000035724
Department of Health,NHS East & North Hertfordshire CCG,31/05/2018,C&M-GMS QOF Aspiration,PRC DELEGATED CO-COMMISSIONING,GARDEN CITY SURGERY,22391832,"4,543.48 ",,HT000035724
Department of Health,NHS East & North Hertfordshire CCG,31/05/2018,Cont Care- Adult 100% Fully Funded,CHC ADULT FULLY FUNDED,GARDEN HOUSE HOSPICE,22310915,"220,589.91 ",,866
Department of Health,NHS East & North Hertfordshire CCG,31/05/2018,Cont Care- Prior Year Payments,CHC ADULT FULLY FUNDED,GARDEN HOUSE HOSPICE,22310915,"17,621.09 ",,866
Department of Health,NHS East & North Hertfordshire CCG,31/05/2018,C&M-APMS Contract Value,PRC DELEGATED CO-COMMISSIONING,GENERATING HEALTHCARE LTD,22104892,"(22,828.70)",,HT000035667
Department of Health,NHS East & North Hertfordshire CCG,31/05/2018,ME-PMS GP Pension EEs-PMS,PRC DELEGATED CO-COMMISSIONING,GENERATING HEALTHCARE LTD,22104892,"(1,824.26)",,HT000035667
Department of Health,NHS East & North Hertfordshire CCG,31/05/2018,ME-PMS GP Pension ERs Adjs - PMS,PRC DELEGATED CO-COMMISSIONING,GENERATING HEALTHCARE LTD,22104892,"(2,016.05)",,HT000035667
Department of Health,NHS East & North Hertfordshire CCG,31/05/2018,C&M-APMS Contract Value,PRC DELEGATED CO-COMMISSIONING,GENERATING HEALTHCARE LTD,22104896,"27,880.24 ",,HT000035670
Department of Health,NHS East & North Hertfordshire CCG,31/05/2018,C&M-APMS Other Addtl Staff Paymts,PRC DELEGATED CO-COMMISSIONING,GENERATING HEALTHCARE LTD,22104896,650.35 ,,HT000035670
Department of Health,NHS East & North Hertfordshire CCG,31/05/2018,C&M-APMS PCO Other,PRC DELEGATED CO-COMMISSIONING,GENERATING HEALTHCARE LTD,22104896,"4,185.50 ",,HT000035670
Department of Health,NHS East & North Hertfordshire CCG,31/05/2018,C&M-APMS Prem Actual Rent,PRC DELEGATED CO-COMMISSIONING,GENERATING HEALTHCARE LTD,22104896,"2,239.58 ",,HT000035670
Department of Health,NHS East & North Hertfordshire CCG,31/05/2018,C&M-PMS DES Learn Dsblty Hlth Chk,PRC DELEGATED CO-COMMISSIONING,GENERATING HEALTHCARE LTD,22104896,700.00 ,,HT000035670
Department of Health,NHS East & North Hertfordshire CCG,31/05/2018,C&M-APMS Contract Value,PRC DELEGATED CO-COMMISSIONING,GENERATING HEALTHCARE LTD,22129802,"54,407.82 ",,HT000035668
Department of Health,NHS East & North Hertfordshire CCG,31/05/2018,C&M-APMS DES Minor Surgery,PRC DELEGATED CO-COMMISSIONING,GENERATING HEALTHCARE LTD,22129802,350.40 ,,HT000035668
Department of Health,NHS East & North Hertfordshire CCG,31/05/2018,C&M-APMS Other Addtl Staff Paymts,PRC DELEGATED CO-COMMISSIONING,GENERATING HEALTHCARE LTD,22129802,"1,055.78 ",,HT000035668
Department of Health,NHS East & North Hertfordshire CCG,31/05/2018,C&M-APMS PCO Other,PRC DELEGATED CO-COMMISSIONING,GENERATING HEALTHCARE LTD,22129802,"4,185.50 ",,HT000035668
Department of Health,NHS East & North Hertfordshire CCG,31/05/2018,C&M-APMS Prem Actual Rent,PRC DELEGATED CO-COMMISSIONING,GENERATING HEALTHCARE LTD,22129802,"2,777.08 ",,HT000035668
Department of Health,NHS East & North Hertfordshire CCG,31/05/2018,ME - PMS GP Prior Year ERs,PRC DELEGATED CO-COMMISSIONING,GENERATING HEALTHCARE LTD,22129802,"2,275.29 ",,HT000035668
Department of Health,NHS East & North Hertfordshire CCG,31/05/2018,ME-PMS GP Prior Year EEs,PRC DELEGATED CO-COMMISSIONING,GENERATING HEALTHCARE LTD,22129802,"1,977.82 ",,HT000035668
Department of Health,NHS East & North Hertfordshire CCG,31/05/2018,Hcare Srv Rec Fdtn Trust-Contract Baseline,ACUTE COMMISSIONING,GREAT ORMOND STREET HOSPITAL FOR CHILDREN NHS FOUNDATION TRUST,22040273,"52,591.92 ",654922910,X0194136
Department of Health,NHS East & North Hertfordshire CCG,31/05/2018,Hcare Srv Rec Fdtn Trust-Contract Baseline,ACUTE COMMISSIONING,GUYS & ST THOMAS HOSPITAL NHS FOUNDATION TRUST,22040149,"148,824.00 ",654923417,3238302
Department of Health,NHS East & North Hertfordshire CCG,31/05/2018,C&M-GMS DES Learn Dsblty Hlth Chk,PRC DELEGATED CO-COMMISSIONING,HAILEY VIEW SURGERY,22391833,980.00 ,,HT000035726
Department of Health,NHS East & North Hertfordshire CCG,31/05/2018,C&M-GMS Global Sum,PRC DELEGATED CO-COMMISSIONING,HAILEY VIEW SURGERY,22391833,"53,941.73 ",,HT000035726
Department of Health,NHS East & North Hertfordshire CCG,31/05/2018,C&M-GMS MPIG Correction Factor,PRC DELEGATED CO-COMMISSIONING,HAILEY VIEW SURGERY,22391833,28.80 ,,HT000035726
Department of Health,NHS East & North Hertfordshire CCG,31/05/2018,C&M-GMS Other Addtl Staff Paymts,PRC DELEGATED CO-COMMISSIONING,HAILEY VIEW SURGERY,22391833,"1,729.81 ",,HT000035726
Department of Health,NHS East & North Hertfordshire CCG,31/05/2018,C&M-GMS PCO Doctors Ret Scheme,PRC DELEGATED CO-COMMISSIONING,HAILEY VIEW SURGERY,22391833,"5,384.60 ",,HT000035726
Department of Health,NHS East & North Hertfordshire CCG,31/05/2018,C&M-GMS Prem Actual Rent,PRC DELEGATED CO-COMMISSIONING,HAILEY VIEW SURGERY,22391833,"45,105.00 ",,HT000035726
Department of Health,NHS East & North Hertfordshire CCG,31/05/2018,C&M-GMS Prem Rates,PRC DELEGATED CO-COMMISSIONING,HAILEY VIEW SURGERY,22391833,"7,057.69 ",,HT000035726
Department of Health,NHS East & North Hertfordshire CCG,31/05/2018,C&M-GMS Prem Water Rates,PRC DELEGATED CO-COMMISSIONING,HAILEY VIEW SURGERY,22391833,530.46 ,,HT000035726
Department of Health,NHS East & North Hertfordshire CCG,31/05/2018,C&M-GMS QOF Aspiration,PRC DELEGATED CO-COMMISSIONING,HAILEY VIEW SURGERY,22391833,"6,950.11 ",,HT000035726
Department of Health,NHS East & North Hertfordshire CCG,31/05/2018,ME - GMS GP Prior Year ERs,PRC DELEGATED CO-COMMISSIONING,HALL GROVE SURGERY,22370804,"(3,262.50)",,HT000035729
Department of Health,NHS East & North Hertfordshire CCG,31/05/2018,ME - GMS TPS Added Years Adj EEs,PRC DELEGATED CO-COMMISSIONING,HALL GROVE SURGERY,22370804,(809.14),,HT000035729
Department of Health,NHS East & North Hertfordshire CCG,31/05/2018,ME-GMS GP Pension EEs,PRC DELEGATED CO-COMMISSIONING,HALL GROVE SURGERY,22370804,"(8,929.85)",,HT000035729
Department of Health,NHS East & North Hertfordshire CCG,31/05/2018,ME-GMS GP Pension ERs Adjustments,PRC DELEGATED CO-COMMISSIONING,HALL GROVE SURGERY,22370804,"(9,207.27)",,HT000035729
Department of Health,NHS East & North Hertfordshire CCG,31/05/2018,ME-GMS GP Prior Year EEs,PRC DELEGATED CO-COMMISSIONING,HALL GROVE SURGERY,22370804,"(2,812.50)",,HT000035729
Department of Health,NHS East & North Hertfordshire CCG,31/05/2018,C&M-GMS Global Sum,PRC DELEGATED CO-COMMISSIONING,HALL GROVE SURGERY,22370806,"110,067.65 ",,HT000035730
Department of Health,NHS East & North Hertfordshire CCG,31/05/2018,C&M-GMS Prem Notional Rent,PRC DELEGATED CO-COMMISSIONING,HALL GROVE SURGERY,22370806,"7,737.50 ",,HT000035730
Department of Health,NHS East & North Hertfordshire CCG,31/05/2018,C&M-GMS Prem Rates,PRC DELEGATED CO-COMMISSIONING,HALL GROVE SURGERY,22370806,"1,475.22 ",,HT000035730
Department of Health,NHS East & North Hertfordshire CCG,31/05/2018,C&M-GMS QOF Aspiration,PRC DELEGATED CO-COMMISSIONING,HALL GROVE SURGERY,22370806,"11,899.71 ",,HT000035730
Department of Health,NHS East & North Hertfordshire CCG,31/05/2018,C&M-GMS DES Learn Dsblty Hlth Chk,PRC DELEGATED CO-COMMISSIONING,HANSCOMBE HOUSE SURGERY,22364406,420.00 ,,HT000035732
Department of Health,NHS East & North Hertfordshire CCG,31/05/2018,C&M-GMS Global Sum,PRC DELEGATED CO-COMMISSIONING,HANSCOMBE HOUSE SURGERY,22364406,"66,630.41 ",,HT000035732
Department of Health,NHS East & North Hertfordshire CCG,31/05/2018,C&M-GMS MPIG Correction Factor,PRC DELEGATED CO-COMMISSIONING,HANSCOMBE HOUSE SURGERY,22364406,273.95 ,,HT000035732
Department of Health,NHS East & North Hertfordshire CCG,31/05/2018,C&M-GMS Other Addtl Staff Paymts,PRC DELEGATED CO-COMMISSIONING,HANSCOMBE HOUSE SURGERY,22364406,"1,098.54 ",,HT000035732
Department of Health,NHS East & North Hertfordshire CCG,31/05/2018,C&M-GMS Prem Actual Rent,PRC DELEGATED CO-COMMISSIONING,HANSCOMBE HOUSE SURGERY,22364406,"5,614.33 ",,HT000035732
Department of Health,NHS East & North Hertfordshire CCG,31/05/2018,C&M-GMS Prem Rates,PRC DELEGATED CO-COMMISSIONING,HANSCOMBE HOUSE SURGERY,22364406,"2,736.15 ",,HT000035732
Department of Health,NHS East & North Hertfordshire CCG,31/05/2018,C&M-GMS QOF Aspiration,PRC DELEGATED CO-COMMISSIONING,HANSCOMBE HOUSE SURGERY,22364406,"6,298.79 ",,HT000035732
Department of Health,NHS East & North Hertfordshire CCG,31/05/2018,Cont Care-FNC Client Continence Allow,FUNDED NURSING CARE,HC ONE OVAL LTD,22311048,"1,351.84 ",283937558,STC055017TOSTC055093
Department of Health,NHS East & North Hertfordshire CCG,31/05/2018,Cont Care-Funded Nursing Care Allow,FUNDED NURSING CARE,HC ONE OVAL LTD,22311048,"51,040.59 ",283937558,STC055017TOSTC055093
Department of Health,NHS East & North Hertfordshire CCG,31/05/2018,Cont Care- Prior Year Payments,CHC ADULT FULLY FUNDED,HC ONE OVAL LTD,22426928,"59,373.30 ",283937558,ISCHMAR18
Department of Health,NHS East & North Hertfordshire CCG,31/05/2018,Cont Care-Physical Disab (65+),CHC ADULT FULLY FUNDED,HC ONE OVAL LTD,22427008,"57,816.26 ",283937558,ISCHAPR18
Department of Health,NHS East & North Hertfordshire CCG,31/05/2018,Hcare Srv Rec NHS Trust-Contract Baseline,COMMUNITY SERVICES,HERTFORDSHIRE COMMUNITY NHS TRUST,22188640,"3,399,353.00 ",654 4402 89,H0001236
Department of Health,NHS East & North Hertfordshire CCG,31/05/2018,Hcare Srv Rec NHS Trust-Contract Baseline,COMMUNITY SERVICES,HERTFORDSHIRE COMMUNITY NHS TRUST,22311453,"276,996.00 ",654 4402 89,H0001291
Department of Health,NHS East & North Hertfordshire CCG,31/05/2018,Hcare Srv Rec NHS Trust-Prior Year,REABLEMENT,HERTFORDSHIRE COMMUNITY NHS TRUST,22330268,"28,426.22 ",654 4402 89,H0000223
Department of Health,NHS East & North Hertfordshire CCG,31/05/2018,Hcare Srv Rec NHS Trust-Prior Year,REABLEMENT,HERTFORDSHIRE COMMUNITY NHS TRUST,22330284,"43,999.68 ",654 4402 89,H0000839
Department of Health,NHS East & North Hertfordshire CCG,31/05/2018,Clinical&Medical-Othe Public Sector,MENTAL HEALTH CONTRACTS,HERTFORDSHIRE COUNTY COUNCIL,21995552,"196,614.00 ",,1802496933
Department of Health,NHS East & North Hertfordshire CCG,31/05/2018,Hcare Srv Rec Oth-NHS-Over/ Under Performance,MENTAL HEALTH CONTRACTS,HERTFORDSHIRE COUNTY COUNCIL,21995552,"6,796,169.00 ",,1802496933
Department of Health,NHS East & North Hertfordshire CCG,31/05/2018,Accruals <1Yr-Non-NHS PeriodEndAccrual,BALANCE SHEET,HERTFORDSHIRE COUNTY COUNCIL,22122502,"812,123.80 ",,1802505378
Department of Health,NHS East & North Hertfordshire CCG,31/05/2018,Clinical&Medical-Othe Public Sector,REABLEMENT,HERTFORDSHIRE COUNTY COUNCIL,22122502,"(323,035.58)",,1802505378
Department of Health,NHS East & North Hertfordshire CCG,31/05/2018,Accruals <1Yr-Non-NHS PeriodEndAccrual,BALANCE SHEET,HERTFORDSHIRE COUNTY COUNCIL,22122507,"262,631.73 ",,1802505380
Department of Health,NHS East & North Hertfordshire CCG,31/05/2018,Services From Local Authorities,NURSING DIRECTORATE,HERTFORDSHIRE COUNTY COUNCIL,22271581,"52,150.00 ",,1802505888
Department of Health,NHS East & North Hertfordshire CCG,31/05/2018,Clinical&Medical-Othe Public Sector,CARERS,HERTFORDSHIRE COUNTY COUNCIL,22310904,"24,167.00 ",,1802496936
Department of Health,NHS East & North Hertfordshire CCG,31/05/2018,Clinical&Medical-Othe Public Sector,INTERMEDIATE CARE,HERTFORDSHIRE COUNTY COUNCIL,22310904,"203,187.00 ",,1802496936
Department of Health,NHS East & North Hertfordshire CCG,31/05/2018,Clinical&Medical-Othe Public Sector,LONG TERM CONDITIONS,HERTFORDSHIRE COUNTY COUNCIL,22310904,"1,151,946.00 ",,1802496936
Department of Health,NHS East & North Hertfordshire CCG,31/05/2018,Cont Care- Adult 100% Fully Funded,CHC ADULT FULLY FUNDED,HERTFORDSHIRE COUNTY COUNCIL,22310904,"41,293.00 ",,1802496936
Department of Health,NHS East & North Hertfordshire CCG,31/05/2018,Seconded-Basic Sal-Staff fm oth org,OPERATIONS MANAGEMENT,HERTFORDSHIRE COUNTY COUNCIL,22310904,"4,333.00 ",,1802496936
Department of Health,NHS East & North Hertfordshire CCG,31/05/2018,Accruals <1Yr-Non-NHS PeriodEndAccrual,BALANCE SHEET,HERTFORDSHIRE COUNTY COUNCIL,22310914,"182,481.13 ",,1802505376
Department of Health,NHS East & North Hertfordshire CCG,31/05/2018,Hcare Srv Rec Fdtn Trust-Prior Year,REABLEMENT,HERTFORDSHIRE PARTNERSHIP NHS FOUNDATION TRUST,21995548,"80,000.00 ",654950120,P0000679
Department of Health,NHS East & North Hertfordshire CCG,31/05/2018,Clinical&Medical-Independent Sector,NHS 111,HERTS URGENT CARE,22123549,"725,143.21 ",210815253,0000004243
Department of Health,NHS East & North Hertfordshire CCG,31/05/2018,C&M-GMS DES Learn Dsblty Hlth Chk,PRC DELEGATED CO-COMMISSIONING,HIGH ST SURGERY,22364411,420.00 ,,HT000035734
Department of Health,NHS East & North Hertfordshire CCG,31/05/2018,C&M-GMS Global Sum,PRC DELEGATED CO-COMMISSIONING,HIGH ST SURGERY,22364411,"34,669.59 ",,HT000035734
Department of Health,NHS East & North Hertfordshire CCG,31/05/2018,C&M-GMS Other Addtl Staff Paymts,PRC DELEGATED CO-COMMISSIONING,HIGH ST SURGERY,22364411,"1,440.22 ",,HT000035734
Department of Health,NHS East & North Hertfordshire CCG,31/05/2018,C&M-GMS Prem Rates,PRC DELEGATED CO-COMMISSIONING,HIGH ST SURGERY,22364411,"1,188.00 ",,HT000035734
Department of Health,NHS East & North Hertfordshire CCG,31/05/2018,C&M-GMS QOF Aspiration,PRC DELEGATED CO-COMMISSIONING,HIGH ST SURGERY,22364411,"4,063.10 ",,HT000035734
Department of Health,NHS East & North Hertfordshire CCG,31/05/2018,Hcare Srv Rec NHS Trust-Contract Baseline,ACUTE COMMISSIONING,IMPERIAL COLLEGE HEALTHCARE NHS TRUST,22059879,"62,115.00 ",654945990,H0159495
Department of Health,NHS East & North Hertfordshire CCG,31/05/2018,Hcare Srv Rec NHS Trust-Over/ Under Performance,ACUTE COMMISSIONING,IMPERIAL COLLEGE HEALTHCARE NHS TRUST,22452896,"327,790.80 ",654945990,H0157408
Department of Health,NHS East & North Hertfordshire CCG,31/05/2018,Hcare Srv Rec NHS Trust-Prior Year,ACUTE COMMISSIONING,IMPERIAL COLLEGE HEALTHCARE NHS TRUST,22452915,"(110,590.85)",654945990,H0160287
Department of Health,NHS East & North Hertfordshire CCG,31/05/2018,Netwrkd assets(Owned)-Cost-Addns,BALANCE SHEET,INSIGHT DIRECT (UK) LTD,22259408,"849,423.12 ",746 0751 29,3877378
Department of Health,NHS East & North Hertfordshire CCG,31/05/2018,Computer Maintenance,PRIMARY CARE IT,ITS DIGITAL,22002626,"25,600.00 ",GB801445955,12733
Department of Health,NHS East & North Hertfordshire CCG,31/05/2018,External Consultancy Fees,SERVICE TRANSFORMATION PROJECTS - (A),ITS DIGITAL,22040472,"63,434.00 ",GB801445955,12952
Department of Health,NHS East & North Hertfordshire CCG,31/05/2018,Computer Maintenance,PRIMARY CARE IT,ITS DIGITAL,22430366,"29,725.50 ",GB801445955,12797
Department of Health,NHS East & North Hertfordshire CCG,31/05/2018,C&M-GMS Global Sum,PRC DELEGATED CO-COMMISSIONING,KELLER P & PARTNERS,22364415,"85,818.39 ",,HT000035736
Department of Health,NHS East & North Hertfordshire CCG,31/05/2018,C&M-GMS Other Addtl Staff Paymts,PRC DELEGATED CO-COMMISSIONING,KELLER P & PARTNERS,22364415,"2,456.07 ",,HT000035736
Department of Health,NHS East & North Hertfordshire CCG,31/05/2018,C&M-GMS Prem Notional Rent,PRC DELEGATED CO-COMMISSIONING,KELLER P & PARTNERS,22364415,"5,375.00 ",,HT000035736
Department of Health,NHS East & North Hertfordshire CCG,31/05/2018,C&M-GMS QOF Aspiration,PRC DELEGATED CO-COMMISSIONING,KELLER P & PARTNERS,22364415,"8,114.04 ",,HT000035736
Department of Health,NHS East & North Hertfordshire CCG,31/05/2018,C&M-GMS Dispensing Quality Sch,PRC DELEGATED CO-COMMISSIONING,KING GEORGE SURGERY,22364419,"2,141.40 ",,HT000035738
Department of Health,NHS East & North Hertfordshire CCG,31/05/2018,C&M-GMS Global Sum,PRC DELEGATED CO-COMMISSIONING,KING GEORGE SURGERY,22364419,"101,329.70 ",,HT000035738
Department of Health,NHS East & North Hertfordshire CCG,31/05/2018,C&M-GMS Other Addtl Staff Paymts,PRC DELEGATED CO-COMMISSIONING,KING GEORGE SURGERY,22364419,"2,546.39 ",,HT000035738
Department of Health,NHS East & North Hertfordshire CCG,31/05/2018,C&M-GMS Prem Actual Rent,PRC DELEGATED CO-COMMISSIONING,KING GEORGE SURGERY,22364419,"47,183.33 ",,HT000035738
Department of Health,NHS East & North Hertfordshire CCG,31/05/2018,C&M-GMS Prem Rates,PRC DELEGATED CO-COMMISSIONING,KING GEORGE SURGERY,22364419,"4,902.83 ",,HT000035738
Department of Health,NHS East & North Hertfordshire CCG,31/05/2018,C&M-GMS Prem Water Rates,PRC DELEGATED CO-COMMISSIONING,KING GEORGE SURGERY,22364419,360.97 ,,HT000035738
Department of Health,NHS East & North Hertfordshire CCG,31/05/2018,C&M-GMS QOF Aspiration,PRC DELEGATED CO-COMMISSIONING,KING GEORGE SURGERY,22364419,"10,181.78 ",,HT000035738
Department of Health,NHS East & North Hertfordshire CCG,31/05/2018,ME - GMS GP Prior Year ERs,PRC DELEGATED CO-COMMISSIONING,KING GEORGE SURGERY,22364419,"1,235.81 ",,HT000035738
Department of Health,NHS East & North Hertfordshire CCG,31/05/2018,ME-GMS GP Prior Year EEs,PRC DELEGATED CO-COMMISSIONING,KING GEORGE SURGERY,22364419,"1,166.67 ",,HT000035738
Department of Health,NHS East & North Hertfordshire CCG,31/05/2018,C&M-GMS Cost of Drugs -Dispensing,LOCAL ENHANCED SERVICES,KING GEORGE SURGERY,22395844,"27,669.86 ",,HT000036053
Department of Health,NHS East & North Hertfordshire CCG,31/05/2018,C&M-GMS Prof Fees Dispensing,PRC DELEGATED CO-COMMISSIONING,KING GEORGE SURGERY,22395844,"3,835.08 ",,HT000036053
Department of Health,NHS East & North Hertfordshire CCG,31/05/2018,C&M-GMS PrscrptnChrgsColl&RmttdbyGP,LOCAL ENHANCED SERVICES,KING GEORGE SURGERY,22395844,275.00 ,,HT000036053
Department of Health,NHS East & North Hertfordshire CCG,31/05/2018,C&M-GMS DES Learn Dsblty Hlth Chk,PRC DELEGATED CO-COMMISSIONING,KNEBWORTH AND MARYMEAD PRACTICE,22370808,"7,000.00 ",,HT000035740
Department of Health,NHS East & North Hertfordshire CCG,31/05/2018,C&M-GMS Global Sum,PRC DELEGATED CO-COMMISSIONING,KNEBWORTH AND MARYMEAD PRACTICE,22370808,"84,365.81 ",,HT000035740
Department of Health,NHS East & North Hertfordshire CCG,31/05/2018,C&M-GMS Other Addtl Staff Paymts,PRC DELEGATED CO-COMMISSIONING,KNEBWORTH AND MARYMEAD PRACTICE,22370808,"2,541.63 ",,HT000035740
Department of Health,NHS East & North Hertfordshire CCG,31/05/2018,C&M-GMS Prem Notional Rent,PRC DELEGATED CO-COMMISSIONING,KNEBWORTH AND MARYMEAD PRACTICE,22370808,"2,770.83 ",,HT000035740
Department of Health,NHS East & North Hertfordshire CCG,31/05/2018,C&M-GMS Prem Rates,PRC DELEGATED CO-COMMISSIONING,KNEBWORTH AND MARYMEAD PRACTICE,22370808,"1,658.10 ",,HT000035740
Department of Health,NHS East & North Hertfordshire CCG,31/05/2018,C&M-GMS QOF Aspiration,PRC DELEGATED CO-COMMISSIONING,KNEBWORTH AND MARYMEAD PRACTICE,22370808,"9,441.94 ",,HT000035740
Department of Health,NHS East & North Hertfordshire CCG,31/05/2018,ME - GMS GP Prior Year ERs,PRC DELEGATED CO-COMMISSIONING,KNEBWORTH AND MARYMEAD PRACTICE,22370808,"4,275.28 ",,HT000035740
Department of Health,NHS East & North Hertfordshire CCG,31/05/2018,ME-GMS GP Prior Year AVCs,PRC DELEGATED CO-COMMISSIONING,KNEBWORTH AND MARYMEAD PRACTICE,22370808,"1,387.25 ",,HT000035740
Department of Health,NHS East & North Hertfordshire CCG,31/05/2018,ME-GMS GP Prior Year EEs,PRC DELEGATED CO-COMMISSIONING,KNEBWORTH AND MARYMEAD PRACTICE,22370808,"3,502.77 ",,HT000035740
Department of Health,NHS East & North Hertfordshire CCG,31/05/2018,C&M-APMS Contract Value,PRC DELEGATED CO-COMMISSIONING,LEA VALLEY HEALTH LTD,22129803,"77,453.81 ",,HT000035672
Department of Health,NHS East & North Hertfordshire CCG,31/05/2018,C&M-APMS DES Extended Hours Access,PRC DELEGATED CO-COMMISSIONING,LEA VALLEY HEALTH LTD,22129803,"4,395.18 ",,HT000035672
Department of Health,NHS East & North Hertfordshire CCG,31/05/2018,C&M-APMS DES Minor Surgery,PRC DELEGATED CO-COMMISSIONING,LEA VALLEY HEALTH LTD,22129803,87.60 ,,HT000035672
Department of Health,NHS East & North Hertfordshire CCG,31/05/2018,C&M-APMS Other Addtl Staff Paymts,PRC DELEGATED CO-COMMISSIONING,LEA VALLEY HEALTH LTD,22129803,"2,134.50 ",,HT000035672
Department of Health,NHS East & North Hertfordshire CCG,31/05/2018,C&M-APMS Prem Actual Rent,PRC DELEGATED CO-COMMISSIONING,LEA VALLEY HEALTH LTD,22129803,"22,312.50 ",,HT000035672
Department of Health,NHS East & North Hertfordshire CCG,31/05/2018,C&M-APMS Prof Fees Prescribing,LOCAL ENHANCED SERVICES,LEA VALLEY HEALTH LTD,22129803,787.84 ,,HT000035672
Department of Health,NHS East & North Hertfordshire CCG,31/05/2018,C&M-APMS Prof Fees Prescribing,PRC DELEGATED CO-COMMISSIONING,LEA VALLEY HEALTH LTD,22129803,152.41 ,,HT000035672
Department of Health,NHS East & North Hertfordshire CCG,31/05/2018,C&M-GMS DES Learn Dsblty Hlth Chk,PRC DELEGATED CO-COMMISSIONING,LISTER HOUSE SURGERY HATFIELD,22364424,"2,520.00 ",,HT000035742
Department of Health,NHS East & North Hertfordshire CCG,31/05/2018,C&M-GMS Global Sum,PRC DELEGATED CO-COMMISSIONING,LISTER HOUSE SURGERY HATFIELD,22364424,"88,397.19 ",,HT000035742
Department of Health,NHS East & North Hertfordshire CCG,31/05/2018,C&M-GMS Prem Notional Rent,PRC DELEGATED CO-COMMISSIONING,LISTER HOUSE SURGERY HATFIELD,22364424,"10,262.50 ",,HT000035742
Department of Health,NHS East & North Hertfordshire CCG,31/05/2018,C&M-GMS QOF Aspiration,PRC DELEGATED CO-COMMISSIONING,LISTER HOUSE SURGERY HATFIELD,22364424,"8,324.24 ",,HT000035742
Department of Health,NHS East & North Hertfordshire CCG,31/05/2018,Hcare Srv Rec NHS Trust-Contract Baseline,ACUTE COMMISSIONING,LONDON NORTH WEST HEALTHCARE NHS TRUST,22018034,"68,621.00 ",654463720,A0043907
Department of Health,NHS East & North Hertfordshire CCG,31/05/2018,Hcare Srv Rec Fdtn Trust-Contract Baseline,ACUTE COMMISSIONING,LUTON & DUNSTABLE HOSPITAL NHS FOUNDATION TRUST,22018041,"142,810.58 ",654929007,52989199
Department of Health,NHS East & North Hertfordshire CCG,31/05/2018,C&M-GMS Global Sum,PRC DELEGATED CO-COMMISSIONING,MANOR HOUSE SURGERY STEVENAGE,22364426,"34,210.85 ",,HT000035743
Department of Health,NHS East & North Hertfordshire CCG,31/05/2018,C&M-GMS MPIG Correction Factor,PRC DELEGATED CO-COMMISSIONING,MANOR HOUSE SURGERY STEVENAGE,22364426,620.09 ,,HT000035743
Department of Health,NHS East & North Hertfordshire CCG,31/05/2018,C&M-GMS Other Addtl Staff Paymts,PRC DELEGATED CO-COMMISSIONING,MANOR HOUSE SURGERY STEVENAGE,22364426,782.75 ,,HT000035743
Department of Health,NHS East & North Hertfordshire CCG,31/05/2018,C&M-GMS Prem Actual Rent,PRC DELEGATED CO-COMMISSIONING,MANOR HOUSE SURGERY STEVENAGE,22364426,"9,902.50 ",,HT000035743
Department of Health,NHS East & North Hertfordshire CCG,31/05/2018,C&M-GMS Prem Rates,PRC DELEGATED CO-COMMISSIONING,MANOR HOUSE SURGERY STEVENAGE,22364426,872.42 ,,HT000035743
Department of Health,NHS East & North Hertfordshire CCG,31/05/2018,C&M-GMS QOF Aspiration,PRC DELEGATED CO-COMMISSIONING,MANOR HOUSE SURGERY STEVENAGE,22364426,"2,769.11 ",,HT000035743
Department of Health,NHS East & North Hertfordshire CCG,31/05/2018,C&M-GMS Global Sum,PRC DELEGATED CO-COMMISSIONING,MAPLES HEALTH CENTRE,22364432,"75,765.50 ",,HT000035745
Department of Health,NHS East & North Hertfordshire CCG,31/05/2018,C&M-GMS MPIG Correction Factor,PRC DELEGATED CO-COMMISSIONING,MAPLES HEALTH CENTRE,22364432,319.26 ,,HT000035745
Department of Health,NHS East & North Hertfordshire CCG,31/05/2018,C&M-GMS Other Addtl Staff Paymts,PRC DELEGATED CO-COMMISSIONING,MAPLES HEALTH CENTRE,22364432,"2,383.08 ",,HT000035745
Department of Health,NHS East & North Hertfordshire CCG,31/05/2018,C&M-GMS Prem Actual Rent,PRC DELEGATED CO-COMMISSIONING,MAPLES HEALTH CENTRE,22364432,"48,537.50 ",,HT000035745
Department of Health,NHS East & North Hertfordshire CCG,31/05/2018,C&M-GMS Prem Rates,PRC DELEGATED CO-COMMISSIONING,MAPLES HEALTH CENTRE,22364432,"2,487.07 ",,HT000035745
Department of Health,NHS East & North Hertfordshire CCG,31/05/2018,C&M-GMS QOF Aspiration,PRC DELEGATED CO-COMMISSIONING,MAPLES HEALTH CENTRE,22364432,"6,892.92 ",,HT000035745
Department of Health,NHS East & North Hertfordshire CCG,31/05/2018,Clinical&Medical-Voluntary Sector,REABLEMENT,MARIE STOPES INTERNATIONAL,21995542,"46,495.75 ",882426016,MS180507
Department of Health,NHS East & North Hertfordshire CCG,31/05/2018,Clinical&Medical-Voluntary Sector,COMMUNITY SERVICES,MARIE STOPES INTERNATIONAL,22330321,"38,843.30 ",882426016,MS180735
Department of Health,NHS East & North Hertfordshire CCG,31/05/2018,Clinical&Medical-Voluntary Sector,REABLEMENT,MARIE STOPES INTERNATIONAL,22330321,(412.08),882426016,MS180735
Department of Health,NHS East & North Hertfordshire CCG,31/05/2018,Hcare Srv Rec NHS Trust-Contract Baseline,ACUTE COMMISSIONING,MID ESSEX HOSPITALS SERVICES NHS TRUST,22188678,"107,923.00 ",,2000106032
Department of Health,NHS East & North Hertfordshire CCG,31/05/2018,Clinical&Medical-Independent Sector,WHEELCHAIR SERVICE,MILLBROOK HEALTHCARE LTD,22311435,"123,108.09 ",GB675991080,17604A
Department of Health,NHS East & North Hertfordshire CCG,31/05/2018,Hcare Srv Rec Fdtn Trust-Contract Baseline,ACUTE COMMISSIONING,MOORFIELDS EYE HOSPITAL NHS FOUNDATION TRUST,22040231,"370,391.00 ",,IC0034107
Department of Health,NHS East & North Hertfordshire CCG,31/05/2018,C&M-GMS DES Learn Dsblty Hlth Chk,PRC DELEGATED CO-COMMISSIONING,MUCH HADHAM HLTH CNTRE,22364440,"7,700.00 ",876631000,HT000035749
Department of Health,NHS East & North Hertfordshire CCG,31/05/2018,C&M-GMS Dispensing Quality Sch,PRC DELEGATED CO-COMMISSIONING,MUCH HADHAM HLTH CNTRE,22364440,"14,943.36 ",876631000,HT000035749
Department of Health,NHS East & North Hertfordshire CCG,31/05/2018,C&M-GMS Global Sum,PRC DELEGATED CO-COMMISSIONING,MUCH HADHAM HLTH CNTRE,22364440,"47,787.10 ",876631000,HT000035749
Department of Health,NHS East & North Hertfordshire CCG,31/05/2018,C&M-GMS Other Addtl Staff Paymts,PRC DELEGATED CO-COMMISSIONING,MUCH HADHAM HLTH CNTRE,22364440,230.42 ,876631000,HT000035749
Department of Health,NHS East & North Hertfordshire CCG,31/05/2018,C&M-GMS Prem Actual Rent,PRC DELEGATED CO-COMMISSIONING,MUCH HADHAM HLTH CNTRE,22364440,812.50 ,876631000,HT000035749
Department of Health,NHS East & North Hertfordshire CCG,31/05/2018,C&M-GMS Prem Notional Rent,PRC DELEGATED CO-COMMISSIONING,MUCH HADHAM HLTH CNTRE,22364440,650.00 ,876631000,HT000035749
Department of Health,NHS East & North Hertfordshire CCG,31/05/2018,C&M-GMS Prem Rates,PRC DELEGATED CO-COMMISSIONING,MUCH HADHAM HLTH CNTRE,22364440,681.10 ,876631000,HT000035749
Department of Health,NHS East & North Hertfordshire CCG,31/05/2018,C&M-GMS QOF Aspiration,PRC DELEGATED CO-COMMISSIONING,MUCH HADHAM HLTH CNTRE,22364440,"5,155.58 ",876631000,HT000035749
Department of Health,NHS East & North Hertfordshire CCG,31/05/2018,ME-GMS GP Prior Year EEs,PRC DELEGATED CO-COMMISSIONING,MUCH HADHAM HLTH CNTRE,22364440,272.00 ,876631000,HT000035749
Department of Health,NHS East & North Hertfordshire CCG,31/05/2018,C&M-GMS Cost of Drugs -Dispensing,LOCAL ENHANCED SERVICES,MUCH HADHAM HLTH CNTRE,22395849,"(56,682.66)",876631000,HT000036060
Department of Health,NHS East & North Hertfordshire CCG,31/05/2018,C&M-GMS PrscChrgsCll&RmttdbyGPCntra,PRC DELEGATED CO-COMMISSIONING,MUCH HADHAM HLTH CNTRE,22395849,"(4,532.20)",876631000,HT000036060
Department of Health,NHS East & North Hertfordshire CCG,31/05/2018,C&M-GMS Cost of Drugs -Dispensing,LOCAL ENHANCED SERVICES,MUCH HADHAM HLTH CNTRE,22395850,"104,582.84 ",876631000,HT000036061
Department of Health,NHS East & North Hertfordshire CCG,31/05/2018,C&M-GMS Prof Fees Dispensing,PRC DELEGATED CO-COMMISSIONING,MUCH HADHAM HLTH CNTRE,22395850,"17,795.01 ",876631000,HT000036061
Department of Health,NHS East & North Hertfordshire CCG,31/05/2018,C&M-GMS PrscrptnChrgsColl&RmttdbyGP,LOCAL ENHANCED SERVICES,MUCH HADHAM HLTH CNTRE,22395850,"4,532.20 ",876631000,HT000036061
Department of Health,NHS East & North Hertfordshire CCG,31/05/2018,C&M-GMS Global Sum,PRC DELEGATED CO-COMMISSIONING,NEVELLS ROAD SURGERY,22364437,"70,343.09 ",,HT000035747
Department of Health,NHS East & North Hertfordshire CCG,31/05/2018,C&M-GMS Other Addtl Staff Paymts,PRC DELEGATED CO-COMMISSIONING,NEVELLS ROAD SURGERY,22364437,"1,893.78 ",,HT000035747
Department of Health,NHS East & North Hertfordshire CCG,31/05/2018,C&M-GMS Prem Actual Rent,PRC DELEGATED CO-COMMISSIONING,NEVELLS ROAD SURGERY,22364437,"7,250.00 ",,HT000035747
Department of Health,NHS East & North Hertfordshire CCG,31/05/2018,C&M-GMS Prem Notional Rent,PRC DELEGATED CO-COMMISSIONING,NEVELLS ROAD SURGERY,22364437,"1,166.67 ",,HT000035747
Department of Health,NHS East & North Hertfordshire CCG,31/05/2018,C&M-GMS QOF Aspiration,PRC DELEGATED CO-COMMISSIONING,NEVELLS ROAD SURGERY,22364437,"8,074.10 ",,HT000035747
Department of Health,NHS East & North Hertfordshire CCG,31/05/2018,Hcare Srv Rec NHS Trust-Contract Baseline,ACUTE COMMISSIONING,NORTH MIDDLESEX UNIVERSITY HOSPITAL NHS TRUST,22059889,"599,033.00 ",,049754
Department of Health,NHS East & North Hertfordshire CCG,31/05/2018,Hcare Srv Rec NHS Trust-Contract Baseline,ACUTE COMMISSIONING,NORTH MIDDLESEX UNIVERSITY HOSPITAL NHS TRUST,22232482,"39,780.00 ",,049669
Department of Health,NHS East & North Hertfordshire CCG,31/05/2018,Cont Care- Retrospective Claims,CHC ADULT FULLY FUNDED,ONE-OFF SUPPLIER,22189315,"13,616.23 ",,105139-11-MAY-2018
Department of Health,NHS East & North Hertfordshire CCG,31/05/2018,Corporation Tax Payable,BALANCE SHEET,ONE-OFF SUPPLIER,22189315,(766.26),,105139-11-MAY-2018
Department of Health,NHS East & North Hertfordshire CCG,31/05/2018,NHS Recbles <1Yr- CHC Risk Pool Con,BALANCE SHEET,ONE-OFF SUPPLIER,22189315,"23,385.50 ",,105139-11-MAY-2018
Department of Health,NHS East & North Hertfordshire CCG,31/05/2018,C&M-GMS DES Learn Dsblty Hlth Chk,PRC DELEGATED CO-COMMISSIONING,ORFORD LODGE,22364445,280.00 ,,HT000035755
Department of Health,NHS East & North Hertfordshire CCG,31/05/2018,C&M-GMS Global Sum,PRC DELEGATED CO-COMMISSIONING,ORFORD LODGE,22364445,"70,018.87 ",,HT000035755
Department of Health,NHS East & North Hertfordshire CCG,31/05/2018,C&M-GMS Other Addtl Staff Paymts,PRC DELEGATED CO-COMMISSIONING,ORFORD LODGE,22364445,"1,748.13 ",,HT000035755
Department of Health,NHS East & North Hertfordshire CCG,31/05/2018,C&M-GMS Prem Actual Rent,PRC DELEGATED CO-COMMISSIONING,ORFORD LODGE,22364445,"30,690.00 ",,HT000035755
Department of Health,NHS East & North Hertfordshire CCG,31/05/2018,C&M-GMS QOF Aspiration,PRC DELEGATED CO-COMMISSIONING,ORFORD LODGE,22364445,"7,206.81 ",,HT000035755
Department of Health,NHS East & North Hertfordshire CCG,31/05/2018,C&M-GMS Global Sum,PRC DELEGATED CO-COMMISSIONING,PARK GREEN SURGERY BROXBOURNE,22391835,"67,918.28 ",,HT000035751
Department of Health,NHS East & North Hertfordshire CCG,31/05/2018,C&M-GMS MPIG Correction Factor,PRC DELEGATED CO-COMMISSIONING,PARK GREEN SURGERY BROXBOURNE,22391835,622.42 ,,HT000035751
Department of Health,NHS East & North Hertfordshire CCG,31/05/2018,C&M-GMS Other Addtl Staff Paymts,PRC DELEGATED CO-COMMISSIONING,PARK GREEN SURGERY BROXBOURNE,22391835,"2,276.81 ",,HT000035751
Department of Health,NHS East & North Hertfordshire CCG,31/05/2018,C&M-GMS Prem Notional Rent,PRC DELEGATED CO-COMMISSIONING,PARK GREEN SURGERY BROXBOURNE,22391835,"7,216.67 ",,HT000035751
Department of Health,NHS East & North Hertfordshire CCG,31/05/2018,C&M-GMS QOF Aspiration,PRC DELEGATED CO-COMMISSIONING,PARK GREEN SURGERY BROXBOURNE,22391835,"7,179.38 ",,HT000035751
Department of Health,NHS East & North Hertfordshire CCG,31/05/2018,ME - GMS GP Prior Year ERs,PRC DELEGATED CO-COMMISSIONING,PARK GREEN SURGERY BROXBOURNE,22391835,777.00 ,,HT000035751
Department of Health,NHS East & North Hertfordshire CCG,31/05/2018,ME-GMS GP Prior Year EEs,PRC DELEGATED CO-COMMISSIONING,PARK GREEN SURGERY BROXBOURNE,22391835,"2,199.31 ",,HT000035751
Department of Health,NHS East & North Hertfordshire CCG,31/05/2018,C&M-GMS DES Learn Dsblty Hlth Chk,PRC DELEGATED CO-COMMISSIONING,PARSONAGE SURGERY,22364443,700.00 ,,HT000035753
Department of Health,NHS East & North Hertfordshire CCG,31/05/2018,C&M-GMS Global Sum,PRC DELEGATED CO-COMMISSIONING,PARSONAGE SURGERY,22364443,"33,491.69 ",,HT000035753
Department of Health,NHS East & North Hertfordshire CCG,31/05/2018,C&M-GMS MPIG Correction Factor,PRC DELEGATED CO-COMMISSIONING,PARSONAGE SURGERY,22364443,762.23 ,,HT000035753
Department of Health,NHS East & North Hertfordshire CCG,31/05/2018,C&M-GMS Other Addtl Staff Paymts,PRC DELEGATED CO-COMMISSIONING,PARSONAGE SURGERY,22364443,527.47 ,,HT000035753
Department of Health,NHS East & North Hertfordshire CCG,31/05/2018,C&M-GMS QOF Aspiration,PRC DELEGATED CO-COMMISSIONING,PARSONAGE SURGERY,22364443,"3,375.96 ",,HT000035753
Department of Health,NHS East & North Hertfordshire CCG,31/05/2018,C&M-GMS Global Sum,PRC DELEGATED CO-COMMISSIONING,PEARTREE GROUP PRACTICE,22370810,"138,129.11 ",,HT000035761
Department of Health,NHS East & North Hertfordshire CCG,31/05/2018,C&M-GMS Prem Actual Rent,PRC DELEGATED CO-COMMISSIONING,PEARTREE GROUP PRACTICE,22370810,"5,391.67 ",,HT000035761
Department of Health,NHS East & North Hertfordshire CCG,31/05/2018,C&M-GMS Prem Notional Rent,PRC DELEGATED CO-COMMISSIONING,PEARTREE GROUP PRACTICE,22370810,"7,578.33 ",,HT000035761
Department of Health,NHS East & North Hertfordshire CCG,31/05/2018,C&M-GMS Prem Rates,PRC DELEGATED CO-COMMISSIONING,PEARTREE GROUP PRACTICE,22370810,"9,435.92 ",,HT000035761
Department of Health,NHS East & North Hertfordshire CCG,31/05/2018,C&M-GMS QOF Aspiration,PRC DELEGATED CO-COMMISSIONING,PEARTREE GROUP PRACTICE,22370810,"14,602.38 ",,HT000035761
Department of Health,NHS East & North Hertfordshire CCG,31/05/2018,Clinical&Medical-Independent Sector,ACUTE COMMISSIONING,PINEHILL HOSPITAL,22059853,"218,137.91 ",GB426505170 1,ENHCCGPININVFINJAN18
Department of Health,NHS East & North Hertfordshire CCG,31/05/2018,Clinical&Medical-Independent Sector,ACUTE COMMISSIONING,PINEHILL HOSPITAL,22271681,"543,154.00 ",GB426505170 1,ENHCCGPINMAY18
Department of Health,NHS East & North Hertfordshire CCG,31/05/2018,Cont Care- Prior Year Payments,CHC ADULT FULLY FUNDED,PINELODGE CARE HOME,22311420,"16,350.00 ",,79191
Department of Health,NHS East & North Hertfordshire CCG,31/05/2018,Cont Care-Physical Disab (65+),CHC ADULT FULLY FUNDED,PINELODGE CARE HOME,22311420,"9,150.00 ",,79191
Department of Health,NHS East & North Hertfordshire CCG,31/05/2018,C&M-GMS DES Learn Dsblty Hlth Chk,PRC DELEGATED CO-COMMISSIONING,PORTMILL SURGERY,22364447,980.00 ,,HT000035757
Department of Health,NHS East & North Hertfordshire CCG,31/05/2018,C&M-GMS DES Violent Patients,PRC DELEGATED CO-COMMISSIONING,PORTMILL SURGERY,22364447,"3,859.17 ",,HT000035757
Department of Health,NHS East & North Hertfordshire CCG,31/05/2018,C&M-GMS Global Sum,PRC DELEGATED CO-COMMISSIONING,PORTMILL SURGERY,22364447,"95,254.89 ",,HT000035757
Department of Health,NHS East & North Hertfordshire CCG,31/05/2018,C&M-GMS Other Addtl Staff Paymts,PRC DELEGATED CO-COMMISSIONING,PORTMILL SURGERY,22364447,"2,903.16 ",,HT000035757
Department of Health,NHS East & North Hertfordshire CCG,31/05/2018,C&M-GMS PCO Locum Adop/Pat/Mat,PRC DELEGATED CO-COMMISSIONING,PORTMILL SURGERY,22364447,"28,665.13 ",,HT000035757
Department of Health,NHS East & North Hertfordshire CCG,31/05/2018,C&M-GMS Prem Actual Rent,PRC DELEGATED CO-COMMISSIONING,PORTMILL SURGERY,22364447,"27,237.50 ",,HT000035757
Department of Health,NHS East & North Hertfordshire CCG,31/05/2018,C&M-GMS Prem Rates,PRC DELEGATED CO-COMMISSIONING,PORTMILL SURGERY,22364447,"6,365.50 ",,HT000035757
Department of Health,NHS East & North Hertfordshire CCG,31/05/2018,C&M-GMS QOF Aspiration,PRC DELEGATED CO-COMMISSIONING,PORTMILL SURGERY,22364447,"8,659.43 ",,HT000035757
Department of Health,NHS East & North Hertfordshire CCG,31/05/2018,C&M-GMS Global Sum,PRC DELEGATED CO-COMMISSIONING,POTTERELLS MEDICAL CENTRE,22364449,"101,202.05 ",,HT000035759
Department of Health,NHS East & North Hertfordshire CCG,31/05/2018,C&M-GMS MPIG Correction Factor,PRC DELEGATED CO-COMMISSIONING,POTTERELLS MEDICAL CENTRE,22364449,"1,484.31 ",,HT000035759
Department of Health,NHS East & North Hertfordshire CCG,31/05/2018,C&M-GMS PCO Doctors Ret Scheme,PRC DELEGATED CO-COMMISSIONING,POTTERELLS MEDICAL CENTRE,22364449,615.36 ,,HT000035759
Department of Health,NHS East & North Hertfordshire CCG,31/05/2018,C&M-GMS Prem Actual Rent,PRC DELEGATED CO-COMMISSIONING,POTTERELLS MEDICAL CENTRE,22364449,"6,453.00 ",,HT000035759
Department of Health,NHS East & North Hertfordshire CCG,31/05/2018,C&M-GMS Prem Notional Rent,PRC DELEGATED CO-COMMISSIONING,POTTERELLS MEDICAL CENTRE,22364449,"5,516.42 ",,HT000035759
Department of Health,NHS East & North Hertfordshire CCG,31/05/2018,C&M-GMS Prem Rates,PRC DELEGATED CO-COMMISSIONING,POTTERELLS MEDICAL CENTRE,22364449,"7,337.81 ",,HT000035759
Department of Health,NHS East & North Hertfordshire CCG,31/05/2018,C&M-GMS QOF Aspiration,PRC DELEGATED CO-COMMISSIONING,POTTERELLS MEDICAL CENTRE,22364449,"6,799.92 ",,HT000035759
Department of Health,NHS East & North Hertfordshire CCG,31/05/2018,C&M-APMS Contract Value,PRC DELEGATED CO-COMMISSIONING,PRACTICE SURGERIES LTD,22129801,"66,854.64 ",,HT000035666
Department of Health,NHS East & North Hertfordshire CCG,31/05/2018,C&M-APMS Other Addtl Staff Paymts,PRC DELEGATED CO-COMMISSIONING,PRACTICE SURGERIES LTD,22129801,"1,024.25 ",,HT000035666
Department of Health,NHS East & North Hertfordshire CCG,31/05/2018,C&M-APMS Prem Other,PRC DELEGATED CO-COMMISSIONING,PRACTICE SURGERIES LTD,22129801,"1,588.28 ",,HT000035666
Department of Health,NHS East & North Hertfordshire CCG,30/04/2018,Hcare Srv Rec NHS Trust-Contract Baseline,ACUTE COMMISSIONING,PRINCESS ALEXANDRA HOSPITAL NHS TRUST,21897334,"5,100,000.00 ",654964985,BL180219
Department of Health,NHS East & North Hertfordshire CCG,31/05/2018,ME - GMS GP Prior Year ERs,PRC DELEGATED CO-COMMISSIONING,PUCKERIDGE & STANDON SURGERY,22364452,"(14,421.08)",,HT000035764
Department of Health,NHS East & North Hertfordshire CCG,31/05/2018,ME-GMS GP Pension EEs,PRC DELEGATED CO-COMMISSIONING,PUCKERIDGE & STANDON SURGERY,22364452,"(4,222.10)",,HT000035764
Department of Health,NHS East & North Hertfordshire CCG,31/05/2018,ME-GMS GP Pension ERs Adjustments,PRC DELEGATED CO-COMMISSIONING,PUCKERIDGE & STANDON SURGERY,22364452,"(4,843.56)",,HT000035764
Department of Health,NHS East & North Hertfordshire CCG,31/05/2018,ME-GMS GP Prior Year EEs,PRC DELEGATED CO-COMMISSIONING,PUCKERIDGE & STANDON SURGERY,22364452,"(14,622.85)",,HT000035764
Department of Health,NHS East & North Hertfordshire CCG,31/05/2018,C&M-GMS Global Sum,PRC DELEGATED CO-COMMISSIONING,PUCKERIDGE & STANDON SURGERY,22364453,"61,426.81 ",,HT000035765
Department of Health,NHS East & North Hertfordshire CCG,31/05/2018,C&M-GMS Other Addtl Staff Paymts,PRC DELEGATED CO-COMMISSIONING,PUCKERIDGE & STANDON SURGERY,22364453,"1,549.89 ",,HT000035765
Department of Health,NHS East & North Hertfordshire CCG,31/05/2018,C&M-GMS Prem Notional Rent,PRC DELEGATED CO-COMMISSIONING,PUCKERIDGE & STANDON SURGERY,22364453,"4,745.83 ",,HT000035765
Department of Health,NHS East & North Hertfordshire CCG,31/05/2018,C&M-GMS QOF Aspiration,PRC DELEGATED CO-COMMISSIONING,PUCKERIDGE & STANDON SURGERY,22364453,"6,026.12 ",,HT000035765
Department of Health,NHS East & North Hertfordshire CCG,31/05/2018,Cont Care- Prior Year Payments,CHC AD FULL FUND PERS HLTH BUD,PURPLE CONVERSATION CIC,22310922,"(27,052.86)",,15091
Department of Health,NHS East & North Hertfordshire CCG,31/05/2018,Cont Care- Prior Year Payments,CHC ADULT FULLY FUNDED,RAMSAY NEUROLOGICAL SERVICES,22059878,"76,056.88 ",,ENHERTS01180318
Department of Health,NHS East & North Hertfordshire CCG,31/05/2018,Cont Care- Adult 100% Fully Funded,CHC ADULT FULLY FUNDED,RAMSAY NEUROLOGICAL SERVICES,22271560,"250,000.00 ",,ENHERTS0518PF
Department of Health,NHS East & North Hertfordshire CCG,31/05/2018,C&M-GMS DES Learn Dsblty Hlth Chk,PRC DELEGATED CO-COMMISSIONING,REGAL CHAMBERS SURGERY,22364451,"1,120.00 ",,HT000035763
Department of Health,NHS East & North Hertfordshire CCG,31/05/2018,C&M-GMS Global Sum,PRC DELEGATED CO-COMMISSIONING,REGAL CHAMBERS SURGERY,22364451,"85,610.93 ",,HT000035763
Department of Health,NHS East & North Hertfordshire CCG,31/05/2018,C&M-GMS MPIG Correction Factor,PRC DELEGATED CO-COMMISSIONING,REGAL CHAMBERS SURGERY,22364451,42.58 ,,HT000035763
Department of Health,NHS East & North Hertfordshire CCG,31/05/2018,C&M-GMS Other Addtl Staff Paymts,PRC DELEGATED CO-COMMISSIONING,REGAL CHAMBERS SURGERY,22364451,"2,345.17 ",,HT000035763
Department of Health,NHS East & North Hertfordshire CCG,31/05/2018,C&M-GMS Prem Actual Rent,PRC DELEGATED CO-COMMISSIONING,REGAL CHAMBERS SURGERY,22364451,"22,215.12 ",,HT000035763
Department of Health,NHS East & North Hertfordshire CCG,31/05/2018,C&M-GMS Prem Rates,PRC DELEGATED CO-COMMISSIONING,REGAL CHAMBERS SURGERY,22364451,"3,105.90 ",,HT000035763
Department of Health,NHS East & North Hertfordshire CCG,31/05/2018,C&M-GMS Prem Water Rates,PRC DELEGATED CO-COMMISSIONING,REGAL CHAMBERS SURGERY,22364451,149.61 ,,HT000035763
Department of Health,NHS East & North Hertfordshire CCG,31/05/2018,C&M-GMS QOF Aspiration,PRC DELEGATED CO-COMMISSIONING,REGAL CHAMBERS SURGERY,22364451,"10,207.19 ",,HT000035763
Department of Health,NHS East & North Hertfordshire CCG,31/05/2018,Clinical&Medical-Independent Sector,ACUTE COMMISSIONING,RIVERS HOSPITAL,22059854,"163,597.88 ",426505170,ENHCCGRIVINVFINJAN18
Department of Health,NHS East & North Hertfordshire CCG,31/05/2018,Clinical&Medical-Independent Sector,ACUTE COMMISSIONING,RIVERS HOSPITAL,22059892,"759,093.00 ",426505170,ENHCCGMAY2018RIVERS
Department of Health,NHS East & North Hertfordshire CCG,31/05/2018,Hcare Srv Rec Fdtn Trust-Contract Baseline,ACUTE COMMISSIONING,ROYAL BROMPTON & HAREFIELD NHS FOUNDATION TRUST,22018047,"84,210.92 ",,S003640
Department of Health,NHS East & North Hertfordshire CCG,30/04/2018,Hcare Srv Rec Fdtn Trust-Contract Baseline,ACUTE COMMISSIONING,ROYAL FREE LONDON NHS FOUNDATION TRUST,21935831,"2,130,787.00 ",654946987,I0158907
Department of Health,NHS East & North Hertfordshire CCG,31/05/2018,Hcare Srv Rec Fdtn Trust-Prior Year,NCAS/OATS,ROYAL MARSDEN NHS FOUNDATION TRUST (THE),22059858,"54,815.39 ",,45748343
Department of Health,NHS East & North Hertfordshire CCG,31/05/2018,Hcare Srv Rec Fdtn Trust-Prior Year,REABLEMENT,ROYAL MARSDEN NHS FOUNDATION TRUST (THE),22059858,588.61 ,,45748343
Department of Health,NHS East & North Hertfordshire CCG,31/05/2018,Hcare Srv Rec NHS Trust-Contract Baseline,ACUTE COMMISSIONING,ROYAL NATIONAL ORTHOPAEDIC HOSPITAL NHS TRUST,22040732,"200,781.00 ",,B0036697
Department of Health,NHS East & North Hertfordshire CCG,31/05/2018,Hcare Srv Rec Fdtn Trust-Contract Baseline,ACUTE COMMISSIONING,ROYAL PAPWORTH HOSPITAL NHS FOUNDATION TRUST,22040671,"116,503.00 ",,57788605
Department of Health,NHS East & North Hertfordshire CCG,31/05/2018,C&M-GMS DES Learn Dsblty Hlth Chk,PRC DELEGATED CO-COMMISSIONING,SHEPHALL SURGERY,22391836,700.00 ,,HT000035769
Department of Health,NHS East & North Hertfordshire CCG,31/05/2018,C&M-GMS Global Sum,PRC DELEGATED CO-COMMISSIONING,SHEPHALL SURGERY,22391836,"53,076.31 ",,HT000035769
Department of Health,NHS East & North Hertfordshire CCG,31/05/2018,C&M-GMS Other Addtl Staff Paymts,PRC DELEGATED CO-COMMISSIONING,SHEPHALL SURGERY,22391836,"1,692.36 ",,HT000035769
Department of Health,NHS East & North Hertfordshire CCG,31/05/2018,C&M-GMS Prem Actual Rent,PRC DELEGATED CO-COMMISSIONING,SHEPHALL SURGERY,22391836,"9,966.67 ",,HT000035769
Department of Health,NHS East & North Hertfordshire CCG,31/05/2018,C&M-GMS Prem Other,PRC DELEGATED CO-COMMISSIONING,SHEPHALL SURGERY,22391836,"16,333.60 ",,HT000035769
Department of Health,NHS East & North Hertfordshire CCG,31/05/2018,C&M-GMS QOF Aspiration,PRC DELEGATED CO-COMMISSIONING,SHEPHALL SURGERY,22391836,"5,611.83 ",,HT000035769
Department of Health,NHS East & North Hertfordshire CCG,31/05/2018,C&M-GMS Global Sum,PRC DELEGATED CO-COMMISSIONING,SHIPHAY MANOR & ABBEY ROAD SURGERY,22364456,"60,427.54 ",,HT000035771
Department of Health,NHS East & North Hertfordshire CCG,31/05/2018,C&M-GMS Other Addtl Staff Paymts,PRC DELEGATED CO-COMMISSIONING,SHIPHAY MANOR & ABBEY ROAD SURGERY,22364456,"2,147.74 ",,HT000035771
Department of Health,NHS East & North Hertfordshire CCG,31/05/2018,C&M-GMS Other FDR Payment,PRC DELEGATED CO-COMMISSIONING,SHIPHAY MANOR & ABBEY ROAD SURGERY,22364456,"1,544.44 ",,HT000035771
Department of Health,NHS East & North Hertfordshire CCG,31/05/2018,C&M-GMS Prem Actual Rent,PRC DELEGATED CO-COMMISSIONING,SHIPHAY MANOR & ABBEY ROAD SURGERY,22364456,"3,816.67 ",,HT000035771
Department of Health,NHS East & North Hertfordshire CCG,31/05/2018,C&M-GMS QOF Aspiration,PRC DELEGATED CO-COMMISSIONING,SHIPHAY MANOR & ABBEY ROAD SURGERY,22364456,"6,106.36 ",,HT000035771
Department of Health,NHS East & North Hertfordshire CCG,31/05/2018,C&M-GMS Global Sum,PRC DELEGATED CO-COMMISSIONING,SOUTH STREET SURGERY,22370812,"119,921.87 ",,HT000035767
Department of Health,NHS East & North Hertfordshire CCG,31/05/2018,C&M-GMS MPIG Correction Factor,PRC DELEGATED CO-COMMISSIONING,SOUTH STREET SURGERY,22370812,"3,097.73 ",,HT000035767
Department of Health,NHS East & North Hertfordshire CCG,31/05/2018,C&M-GMS Other Addtl Staff Paymts,PRC DELEGATED CO-COMMISSIONING,SOUTH STREET SURGERY,22370812,"1,722.98 ",,HT000035767
Department of Health,NHS East & North Hertfordshire CCG,31/05/2018,C&M-GMS Prem Actual Rent,PRC DELEGATED CO-COMMISSIONING,SOUTH STREET SURGERY,22370812,"19,887.50 ",,HT000035767
Department of Health,NHS East & North Hertfordshire CCG,31/05/2018,C&M-GMS Prem Rates,PRC DELEGATED CO-COMMISSIONING,SOUTH STREET SURGERY,22370812,"4,111.44 ",,HT000035767
Department of Health,NHS East & North Hertfordshire CCG,31/05/2018,C&M-GMS QOF Aspiration,PRC DELEGATED CO-COMMISSIONING,SOUTH STREET SURGERY,22370812,"14,738.54 ",,HT000035767
Department of Health,NHS East & North Hertfordshire CCG,31/05/2018,Clinical&Medical-Independent Sector,ACUTE COMMISSIONING,SPIRE HEALTHCARE LTD,22059850,"27,074.48 ",915970991,06KHPNREC171811
Department of Health,NHS East & North Hertfordshire CCG,31/05/2018,Clinical&Medical-Independent Sector,ACUTE COMMISSIONING,SPIRE HEALTHCARE LTD,22188649,"91,438.00 ",915970991,06KHPNPF181902
Department of Health,NHS East & North Hertfordshire CCG,31/05/2018,Clinical&Medical-Independent Sector,ACUTE COMMISSIONING,SPIRE HEALTHCARE LTD,22441791,"100,114.99 ",915970991,06KHPNREC171812
Department of Health,NHS East & North Hertfordshire CCG,31/05/2018,C&M-APMS Contract Value,PRC DELEGATED CO-COMMISSIONING,SPRING HOUSE MEDICAL CENTRE,22104888,"91,690.76 ",,HT000035664
Department of Health,NHS East & North Hertfordshire CCG,31/05/2018,C&M-APMS DES Minor Surgery,PRC DELEGATED CO-COMMISSIONING,SPRING HOUSE MEDICAL CENTRE,22104888,700.70 ,,HT000035664
Department of Health,NHS East & North Hertfordshire CCG,31/05/2018,C&M-APMS LES Translation Fees,LOCAL ENHANCED SERVICES,SPRING HOUSE MEDICAL CENTRE,22104888,208.56 ,,HT000035664
Department of Health,NHS East & North Hertfordshire CCG,31/05/2018,C&M-APMS Prem Rates,PRC DELEGATED CO-COMMISSIONING,SPRING HOUSE MEDICAL CENTRE,22104888,"1,644.00 ",,HT000035664
Department of Health,NHS East & North Hertfordshire CCG,31/05/2018,C&M-PMS QOF Aspiration,PRC DELEGATED CO-COMMISSIONING,SPRING HOUSE MEDICAL CENTRE,22104888,"3,162.50 ",,HT000035664
Department of Health,NHS East & North Hertfordshire CCG,31/05/2018,Hcare Srv Rec Fdtn Trust-Non Contract,NCAS/OATS,ST GEORGES UNIVERSITY HOSPITALS NHS FOUNDATION TRUST,22330276,"29,138.92 ",GB654461922,6425233
Department of Health,NHS East & North Hertfordshire CCG,31/05/2018,Hcare Srv Rec Fdtn Trust-Prior Year,REABLEMENT,ST GEORGES UNIVERSITY HOSPITALS NHS FOUNDATION TRUST,22330276,297.95 ,GB654461922,6425233
Department of Health,NHS East & North Hertfordshire CCG,31/05/2018,C&M-GMS Global Sum,PRC DELEGATED CO-COMMISSIONING,STANHOPE SURGERY,22364461,"39,971.40 ",,HT000035777
Department of Health,NHS East & North Hertfordshire CCG,31/05/2018,C&M-GMS MPIG Correction Factor,PRC DELEGATED CO-COMMISSIONING,STANHOPE SURGERY,22364461,324.12 ,,HT000035777
Department of Health,NHS East & North Hertfordshire CCG,31/05/2018,C&M-GMS Other Addtl Staff Paymts,PRC DELEGATED CO-COMMISSIONING,STANHOPE SURGERY,22364461,"1,106.16 ",,HT000035777
Department of Health,NHS East & North Hertfordshire CCG,31/05/2018,C&M-GMS Prem Actual Rent,PRC DELEGATED CO-COMMISSIONING,STANHOPE SURGERY,22364461,"4,130.00 ",,HT000035777
Department of Health,NHS East & North Hertfordshire CCG,31/05/2018,C&M-GMS QOF Aspiration,PRC DELEGATED CO-COMMISSIONING,STANHOPE SURGERY,22364461,"3,727.31 ",,HT000035777
Department of Health,NHS East & North Hertfordshire CCG,31/05/2018,ME - GMS GP Prior Year ERs,PRC DELEGATED CO-COMMISSIONING,STANMORE MEDICAL GROUP,22364462,"(9,212.48)",,HT000035778
Department of Health,NHS East & North Hertfordshire CCG,31/05/2018,ME - GMS TPS Added Years Adj EEs,PRC DELEGATED CO-COMMISSIONING,STANMORE MEDICAL GROUP,22364462,"(5,743.97)",,HT000035778
Department of Health,NHS East & North Hertfordshire CCG,31/05/2018,ME-GMS GP Pension EEs,PRC DELEGATED CO-COMMISSIONING,STANMORE MEDICAL GROUP,22364462,"(22,151.26)",,HT000035778
Department of Health,NHS East & North Hertfordshire CCG,31/05/2018,ME-GMS GP Pension ERs Adjustments,PRC DELEGATED CO-COMMISSIONING,STANMORE MEDICAL GROUP,22364462,"(21,777.67)",,HT000035778
Department of Health,NHS East & North Hertfordshire CCG,31/05/2018,ME-GMS GP Prior Year EEs,PRC DELEGATED CO-COMMISSIONING,STANMORE MEDICAL GROUP,22364462,"(8,648.72)",,HT000035778
Department of Health,NHS East & North Hertfordshire CCG,31/05/2018,C&M-GMS Global Sum,PRC DELEGATED CO-COMMISSIONING,STANMORE MEDICAL GROUP,22364463,"223,422.59 ",,HT000035779
Department of Health,NHS East & North Hertfordshire CCG,31/05/2018,C&M-GMS MPIG Correction Factor,PRC DELEGATED CO-COMMISSIONING,STANMORE MEDICAL GROUP,22364463,936.24 ,,HT000035779
Department of Health,NHS East & North Hertfordshire CCG,31/05/2018,C&M-GMS Other Addtl Staff Paymts,PRC DELEGATED CO-COMMISSIONING,STANMORE MEDICAL GROUP,22364463,"5,850.12 ",,HT000035779
Department of Health,NHS East & North Hertfordshire CCG,31/05/2018,C&M-GMS Prem Actual Rent,PRC DELEGATED CO-COMMISSIONING,STANMORE MEDICAL GROUP,22364463,"8,075.00 ",,HT000035779
Department of Health,NHS East & North Hertfordshire CCG,31/05/2018,C&M-GMS Prem Notional Rent,PRC DELEGATED CO-COMMISSIONING,STANMORE MEDICAL GROUP,22364463,"2,441.67 ",,HT000035779
Department of Health,NHS East & North Hertfordshire CCG,31/05/2018,C&M-GMS QOF Aspiration,PRC DELEGATED CO-COMMISSIONING,STANMORE MEDICAL GROUP,22364463,"22,249.47 ",,HT000035779
Department of Health,NHS East & North Hertfordshire CCG,31/05/2018,C&M-GMS DES Learn Dsblty Hlth Chk,PRC DELEGATED CO-COMMISSIONING,STOCKWELL LODGE MEDICAL CENTRE,22364459,280.00 ,,HT000035775
Department of Health,NHS East & North Hertfordshire CCG,31/05/2018,C&M-GMS Global Sum,PRC DELEGATED CO-COMMISSIONING,STOCKWELL LODGE MEDICAL CENTRE,22364459,"73,501.72 ",,HT000035775
Department of Health,NHS East & North Hertfordshire CCG,31/05/2018,C&M-GMS MPIG Correction Factor,PRC DELEGATED CO-COMMISSIONING,STOCKWELL LODGE MEDICAL CENTRE,22364459,646.73 ,,HT000035775
Department of Health,NHS East & North Hertfordshire CCG,31/05/2018,C&M-GMS Other Addtl Staff Paymts,PRC DELEGATED CO-COMMISSIONING,STOCKWELL LODGE MEDICAL CENTRE,22364459,"1,910.85 ",,HT000035775
Department of Health,NHS East & North Hertfordshire CCG,31/05/2018,C&M-GMS Prem Notional Rent,PRC DELEGATED CO-COMMISSIONING,STOCKWELL LODGE MEDICAL CENTRE,22364459,"9,583.33 ",,HT000035775
Department of Health,NHS East & North Hertfordshire CCG,31/05/2018,C&M-GMS QOF Aspiration,PRC DELEGATED CO-COMMISSIONING,STOCKWELL LODGE MEDICAL CENTRE,22364459,"6,781.23 ",,HT000035775
Department of Health,NHS East & North Hertfordshire CCG,31/05/2018,C&M-GMS DES Learn Dsblty Hlth Chk,PRC DELEGATED CO-COMMISSIONING,SURGERY ASTONIA HOUSE,22391837,"2,520.00 ",,HT000035773
Department of Health,NHS East & North Hertfordshire CCG,31/05/2018,C&M-GMS Global Sum,PRC DELEGATED CO-COMMISSIONING,SURGERY ASTONIA HOUSE,22391837,"84,978.15 ",,HT000035773
Department of Health,NHS East & North Hertfordshire CCG,31/05/2018,C&M-GMS MPIG Correction Factor,PRC DELEGATED CO-COMMISSIONING,SURGERY ASTONIA HOUSE,22391837,534.09 ,,HT000035773
Department of Health,NHS East & North Hertfordshire CCG,31/05/2018,C&M-GMS Other Addtl Staff Paymts,PRC DELEGATED CO-COMMISSIONING,SURGERY ASTONIA HOUSE,22391837,"2,433.18 ",,HT000035773
Department of Health,NHS East & North Hertfordshire CCG,31/05/2018,C&M-GMS PCO Locum Adop/Pat/Mat,PRC DELEGATED CO-COMMISSIONING,SURGERY ASTONIA HOUSE,22391837,"13,873.44 ",,HT000035773
Department of Health,NHS East & North Hertfordshire CCG,31/05/2018,C&M-GMS Prem Actual Rent,PRC DELEGATED CO-COMMISSIONING,SURGERY ASTONIA HOUSE,22391837,"39,775.75 ",,HT000035773
Department of Health,NHS East & North Hertfordshire CCG,31/05/2018,C&M-GMS Prem Rates,PRC DELEGATED CO-COMMISSIONING,SURGERY ASTONIA HOUSE,22391837,"1,697.21 ",,HT000035773
Department of Health,NHS East & North Hertfordshire CCG,31/05/2018,C&M-GMS Prem Water Rates,PRC DELEGATED CO-COMMISSIONING,SURGERY ASTONIA HOUSE,22391837,110.37 ,,HT000035773
Department of Health,NHS East & North Hertfordshire CCG,31/05/2018,C&M-GMS QOF Aspiration,PRC DELEGATED CO-COMMISSIONING,SURGERY ASTONIA HOUSE,22391837,"9,729.83 ",,HT000035773
Department of Health,NHS East & North Hertfordshire CCG,31/05/2018,C&M-GMS Global Sum,PRC DELEGATED CO-COMMISSIONING,SYMONDS GREEN HEALTH CENTRE,22364465,"29,844.32 ",,HT000035781
Department of Health,NHS East & North Hertfordshire CCG,31/05/2018,C&M-GMS MPIG Correction Factor,PRC DELEGATED CO-COMMISSIONING,SYMONDS GREEN HEALTH CENTRE,22364465,137.57 ,,HT000035781
Department of Health,NHS East & North Hertfordshire CCG,31/05/2018,C&M-GMS Other Addtl Staff Paymts,PRC DELEGATED CO-COMMISSIONING,SYMONDS GREEN HEALTH CENTRE,22364465,"1,161.22 ",,HT000035781
Department of Health,NHS East & North Hertfordshire CCG,31/05/2018,C&M-GMS QOF Aspiration,PRC DELEGATED CO-COMMISSIONING,SYMONDS GREEN HEALTH CENTRE,22364465,"2,799.76 ",,HT000035781
Department of Health,NHS East & North Hertfordshire CCG,31/05/2018,Computer Software/License,IT MANAGEMENT TEAM,TRUSTMARQUE SOLUTIONS LTD,22191325,"59,997.74 ",,2271883
Department of Health,NHS East & North Hertfordshire CCG,31/05/2018,Hcare Srv Rec Fdtn Trust-Contract Baseline,ACUTE COMMISSIONING,UNIVERSITY COLLEGE LONDON HOSPITALS NHS FOUNDATION TRUST,21995590,"614,646.00 ",654948687,SLA3559
Department of Health,NHS East & North Hertfordshire CCG,31/05/2018,C&M-GMS DES Learn Dsblty Hlth Chk,PRC DELEGATED CO-COMMISSIONING,WALLACE HOUSE SURGERY,22364469,560.00 ,,HT000035785
Department of Health,NHS East & North Hertfordshire CCG,31/05/2018,C&M-GMS Global Sum,PRC DELEGATED CO-COMMISSIONING,WALLACE HOUSE SURGERY,22364469,"87,059.71 ",,HT000035785
Department of Health,NHS East & North Hertfordshire CCG,31/05/2018,C&M-GMS MPIG Correction Factor,PRC DELEGATED CO-COMMISSIONING,WALLACE HOUSE SURGERY,22364469,322.01 ,,HT000035785
Department of Health,NHS East & North Hertfordshire CCG,31/05/2018,C&M-GMS Other Addtl Staff Paymts,PRC DELEGATED CO-COMMISSIONING,WALLACE HOUSE SURGERY,22364469,"2,481.63 ",,HT000035785
Department of Health,NHS East & North Hertfordshire CCG,31/05/2018,C&M-GMS QOF Aspiration,PRC DELEGATED CO-COMMISSIONING,WALLACE HOUSE SURGERY,22364469,"9,621.18 ",,HT000035785
Department of Health,NHS East & North Hertfordshire CCG,31/05/2018,ME - GMS GP Prior Year ERs,PRC DELEGATED CO-COMMISSIONING,WALLACE HOUSE SURGERY,22364469,"2,487.83 ",,HT000035785
Department of Health,NHS East & North Hertfordshire CCG,31/05/2018,ME-GMS GP Prior Year AVCs,PRC DELEGATED CO-COMMISSIONING,WALLACE HOUSE SURGERY,22364469,132.86 ,,HT000035785
Department of Health,NHS East & North Hertfordshire CCG,31/05/2018,ME-GMS GP Prior Year EEs,PRC DELEGATED CO-COMMISSIONING,WALLACE HOUSE SURGERY,22364469,"1,975.30 ",,HT000035785
Department of Health,NHS East & North Hertfordshire CCG,31/05/2018,C&M-GMS Global Sum,PRC DELEGATED CO-COMMISSIONING,WARDEN LODGE MEDICAL PRACTICE,22364471,"68,817.16 ",,HT000035787
Department of Health,NHS East & North Hertfordshire CCG,31/05/2018,C&M-GMS Other Addtl Staff Paymts,PRC DELEGATED CO-COMMISSIONING,WARDEN LODGE MEDICAL PRACTICE,22364471,"1,777.63 ",,HT000035787
Department of Health,NHS East & North Hertfordshire CCG,31/05/2018,C&M-GMS Other FDR Payment,PRC DELEGATED CO-COMMISSIONING,WARDEN LODGE MEDICAL PRACTICE,22364471,"3,086.39 ",,HT000035787
Department of Health,NHS East & North Hertfordshire CCG,31/05/2018,C&M-GMS Prem Actual Rent,PRC DELEGATED CO-COMMISSIONING,WARDEN LODGE MEDICAL PRACTICE,22364471,"12,317.50 ",,HT000035787
Department of Health,NHS East & North Hertfordshire CCG,31/05/2018,C&M-GMS Prem Rates,PRC DELEGATED CO-COMMISSIONING,WARDEN LODGE MEDICAL PRACTICE,22364471,"1,915.66 ",,HT000035787
Department of Health,NHS East & North Hertfordshire CCG,31/05/2018,C&M-GMS QOF Aspiration,PRC DELEGATED CO-COMMISSIONING,WARDEN LODGE MEDICAL PRACTICE,22364471,"7,493.89 ",,HT000035787
Department of Health,NHS East & North Hertfordshire CCG,31/05/2018,C&M-GMS Dispensing Quality Sch,PRC DELEGATED CO-COMMISSIONING,WATTON PLACE CLINIC,22364472,"12,033.12 ",,HT000035788
Department of Health,NHS East & North Hertfordshire CCG,31/05/2018,C&M-GMS Global Sum,PRC DELEGATED CO-COMMISSIONING,WATTON PLACE CLINIC,22364472,"33,861.98 ",,HT000035788
Department of Health,NHS East & North Hertfordshire CCG,31/05/2018,C&M-GMS MPIG Correction Factor,PRC DELEGATED CO-COMMISSIONING,WATTON PLACE CLINIC,22364472,208.54 ,,HT000035788
Department of Health,NHS East & North Hertfordshire CCG,31/05/2018,C&M-GMS Prem Actual Rent,PRC DELEGATED CO-COMMISSIONING,WATTON PLACE CLINIC,22364472,"8,819.75 ",,HT000035788
Department of Health,NHS East & North Hertfordshire CCG,31/05/2018,C&M-GMS Prem Notional Rent,PRC DELEGATED CO-COMMISSIONING,WATTON PLACE CLINIC,22364472,"1,666.67 ",,HT000035788
Department of Health,NHS East & North Hertfordshire CCG,31/05/2018,C&M-GMS Prem Water Rates,PRC DELEGATED CO-COMMISSIONING,WATTON PLACE CLINIC,22364472,105.41 ,,HT000035788
Department of Health,NHS East & North Hertfordshire CCG,31/05/2018,C&M-GMS QOF Aspiration,PRC DELEGATED CO-COMMISSIONING,WATTON PLACE CLINIC,22364472,"2,926.53 ",,HT000035788
Department of Health,NHS East & North Hertfordshire CCG,31/05/2018,C&M-GMS Cost of Drugs -Dispensing,LOCAL ENHANCED SERVICES,WATTON PLACE CLINIC,22395869,"(41,274.20)",,HT000036082
Department of Health,NHS East & North Hertfordshire CCG,31/05/2018,C&M-GMS PrscChrgsCll&RmttdbyGPCntra,PRC DELEGATED CO-COMMISSIONING,WATTON PLACE CLINIC,22395869,"(3,336.80)",,HT000036082
Department of Health,NHS East & North Hertfordshire CCG,31/05/2018,C&M-GMS Cost of Drugs -Dispensing,LOCAL ENHANCED SERVICES,WATTON PLACE CLINIC,22395870,"97,894.15 ",,HT000036083
Department of Health,NHS East & North Hertfordshire CCG,31/05/2018,C&M-GMS Prof Fees Dispensing,PRC DELEGATED CO-COMMISSIONING,WATTON PLACE CLINIC,22395870,"12,433.45 ",,HT000036083
Department of Health,NHS East & North Hertfordshire CCG,31/05/2018,C&M-GMS PrscrptnChrgsColl&RmttdbyGP,LOCAL ENHANCED SERVICES,WATTON PLACE CLINIC,22395870,"3,336.80 ",,HT000036083
Department of Health,NHS East & North Hertfordshire CCG,31/05/2018,Hcare Srv Rec NHS Trust-Contract Baseline,ACUTE COMMISSIONING,WEST HERTFORDSHIRE HOSPITALS NHS TRUST,22059844,"225,251.00 ",,0000253075
Department of Health,NHS East & North Hertfordshire CCG,31/05/2018,Hcare Srv Rec NHS Trust-Contract Baseline,ACUTE COMMISSIONING,WHITTINGTON HOSPITAL NHS TRUST (THE),22059873,"35,252.91 ",654948100,00081478
Department of Health,NHS East & North Hertfordshire CCG,31/05/2018,C&M-GMS Dispensing Quality Sch,PRC DELEGATED CO-COMMISSIONING,WHITWELL SURGERY,22364467,"6,336.48 ",,HT000035783
Department of Health,NHS East & North Hertfordshire CCG,31/05/2018,C&M-GMS Global Sum,PRC DELEGATED CO-COMMISSIONING,WHITWELL SURGERY,22364467,"21,790.78 ",,HT000035783
Department of Health,NHS East & North Hertfordshire CCG,31/05/2018,C&M-GMS Other Addtl Staff Paymts,PRC DELEGATED CO-COMMISSIONING,WHITWELL SURGERY,22364467,481.96 ,,HT000035783
Department of Health,NHS East & North Hertfordshire CCG,31/05/2018,C&M-GMS Prem Actual Rent,PRC DELEGATED CO-COMMISSIONING,WHITWELL SURGERY,22364467,"12,037.50 ",,HT000035783
Department of Health,NHS East & North Hertfordshire CCG,31/05/2018,C&M-GMS QOF Aspiration,PRC DELEGATED CO-COMMISSIONING,WHITWELL SURGERY,22364467,"1,672.89 ",,HT000035783
Department of Health,NHS East & North Hertfordshire CCG,31/05/2018,C&M-GMS Cost of Drugs -Dispensing,LOCAL ENHANCED SERVICES,WHITWELL SURGERY,22395866,"36,580.30 ",,HT000036079
Department of Health,NHS East & North Hertfordshire CCG,31/05/2018,C&M-GMS Prof Fees Dispensing,PRC DELEGATED CO-COMMISSIONING,WHITWELL SURGERY,22395866,"6,686.55 ",,HT000036079
Department of Health,NHS East & North Hertfordshire CCG,31/05/2018,C&M-GMS PrscrptnChrgsColl&RmttdbyGP,LOCAL ENHANCED SERVICES,WHITWELL SURGERY,22395866,"1,642.40 ",,HT000036079
Department of Health,NHS East & North Hertfordshire CCG,31/05/2018,C&M-GMS Global Sum,PRC DELEGATED CO-COMMISSIONING,WRAFTON HOUSE,22364475,"67,029.83 ",,HT000035790
Department of Health,NHS East & North Hertfordshire CCG,31/05/2018,C&M-GMS Prem Actual Rent,PRC DELEGATED CO-COMMISSIONING,WRAFTON HOUSE,22364475,"30,436.00 ",,HT000035790
Department of Health,NHS East & North Hertfordshire CCG,31/05/2018,C&M-GMS Prem Rates,PRC DELEGATED CO-COMMISSIONING,WRAFTON HOUSE,22364475,"2,183.83 ",,HT000035790
Department of Health,NHS East & North Hertfordshire CCG,31/05/2018,C&M-GMS Prem Water Rates,PRC DELEGATED CO-COMMISSIONING,WRAFTON HOUSE,22364475,489.22 ,,HT000035790
Department of Health,NHS East & North Hertfordshire CCG,31/05/2018,C&M-GMS QOF Aspiration,PRC DELEGATED CO-COMMISSIONING,WRAFTON HOUSE,22364475,"7,458.56 ",,HT000035790
Department of Health,NHS East & North Hertfordshire CCG,31/05/2018,Cont Care-FNC Client Continence Allow,FUNDED NURSING CARE,WYMONDLEY NURSING & CARE HOME LTD,22159436,907.74 ,,NHS462
Department of Health,NHS East & North Hertfordshire CCG,31/05/2018,Cont Care-Funded Nursing Care Allow,FUNDED NURSING CARE,WYMONDLEY NURSING & CARE HOME LTD,22159436,"30,818.48 ",,NHS462
,,,,,,,,,
,,,,,,,"56,058,199.55 ",,
