A3131 - Expenditure Over Threshold,,,,,,,,,
,,,,,,,,,
,,,,,,,,,
,,,,,,,,,
Time run: 04/09/2018 15:47:28,,,,,,,,,
,,,,,,,,,
Department family,Entity,Date,Expense Type,Expense area,Supplier,Transaction number,AP Amount (�),VAT registration number,Purchase invoice number
Department of Health,NHS East & North Hertfordshire CCG,31/08/2018,C&M-APMS Contract Value,PRC DELEGATED CO-COMMISSIONING,12 POINT CARE LTD,23393353,"(64,763.77)",,HT000037115
Department of Health,NHS East & North Hertfordshire CCG,31/08/2018,C&M-APMS Contract Value,PRC DELEGATED CO-COMMISSIONING,12 POINT CARE LTD,23393354,"123,081.16 ",,HT000037116
Department of Health,NHS East & North Hertfordshire CCG,31/08/2018,C&M-APMS Prem Actual Rent,PRC DELEGATED CO-COMMISSIONING,12 POINT CARE LTD,23393354,"22,100.00 ",,HT000037116
Department of Health,NHS East & North Hertfordshire CCG,31/08/2018,C&M-PMS QOF Aspiration,PRC DELEGATED CO-COMMISSIONING,12 POINT CARE LTD,23393354,"16,563.93 ",,HT000037116
Department of Health,NHS East & North Hertfordshire CCG,31/08/2018,Computer Software/License,IT MANAGEMENT TEAM,ACCENTURE (UK) LTD,23313765,"91,235.25 ",788629066,3003389776
Department of Health,NHS East & North Hertfordshire CCG,31/08/2018,C&M-GMS Global Sum,PRC DELEGATED CO-COMMISSIONING,AMWELL STREET SURGERY,23626758,"80,681.92 ",,HT000037138
Department of Health,NHS East & North Hertfordshire CCG,31/08/2018,C&M-GMS MPIG Correction Factor,PRC DELEGATED CO-COMMISSIONING,AMWELL STREET SURGERY,23626758,"2,310.15 ",,HT000037138
Department of Health,NHS East & North Hertfordshire CCG,31/08/2018,C&M-GMS QOF Aspiration,PRC DELEGATED CO-COMMISSIONING,AMWELL STREET SURGERY,23626758,"8,946.15 ",,HT000037138
Department of Health,NHS East & North Hertfordshire CCG,31/08/2018,C&M-GMS LES Anti-coagulation,LOCAL ENHANCED SERVICES,ASHWELL SURGERY,23541366,"32,836.95 ",879108291,FSEN0818049
Department of Health,NHS East & North Hertfordshire CCG,31/08/2018,C&M-GMS DES Extended Hours Access,PRC DELEGATED CO-COMMISSIONING,ASHWELL SURGERY,23626749,"3,777.20 ",879108291,HT000037134
Department of Health,NHS East & North Hertfordshire CCG,31/08/2018,C&M-GMS Global Sum,PRC DELEGATED CO-COMMISSIONING,ASHWELL SURGERY,23626749,"57,087.83 ",879108291,HT000037134
Department of Health,NHS East & North Hertfordshire CCG,31/08/2018,C&M-GMS MPIG Correction Factor,PRC DELEGATED CO-COMMISSIONING,ASHWELL SURGERY,23626749,"1,150.80 ",879108291,HT000037134
Department of Health,NHS East & North Hertfordshire CCG,31/08/2018,C&M-GMS Prem Notional Rent,PRC DELEGATED CO-COMMISSIONING,ASHWELL SURGERY,23626749,"7,747.50 ",879108291,HT000037134
Department of Health,NHS East & North Hertfordshire CCG,31/08/2018,C&M-GMS Prem Rates,PRC DELEGATED CO-COMMISSIONING,ASHWELL SURGERY,23626749,"1,708.41 ",879108291,HT000037134
Department of Health,NHS East & North Hertfordshire CCG,31/08/2018,C&M-GMS Prem Water Rates,PRC DELEGATED CO-COMMISSIONING,ASHWELL SURGERY,23626749,116.59 ,879108291,HT000037134
Department of Health,NHS East & North Hertfordshire CCG,31/08/2018,C&M-GMS QOF Aspiration,PRC DELEGATED CO-COMMISSIONING,ASHWELL SURGERY,23626749,"4,794.78 ",879108291,HT000037134
Department of Health,NHS East & North Hertfordshire CCG,31/08/2018,C&M-GMS Cost of Drugs -Dispensing,LOCAL ENHANCED SERVICES,ASHWELL SURGERY,23657995,"(29,462.50)",879108291,HT000037458
Department of Health,NHS East & North Hertfordshire CCG,31/08/2018,C&M-GMS PrscChrgsCll&RmttdbyGPCntra,PRC DELEGATED CO-COMMISSIONING,ASHWELL SURGERY,23657995,"(2,657.60)",879108291,HT000037458
Department of Health,NHS East & North Hertfordshire CCG,31/08/2018,C&M-GMS Cost of Drugs -Dispensing,LOCAL ENHANCED SERVICES,ASHWELL SURGERY,23657999,"53,795.76 ",879108291,HT000037459
Department of Health,NHS East & North Hertfordshire CCG,31/08/2018,C&M-GMS Prof Fees Dispensing,PRC DELEGATED CO-COMMISSIONING,ASHWELL SURGERY,23657999,"10,735.78 ",879108291,HT000037459
Department of Health,NHS East & North Hertfordshire CCG,31/08/2018,C&M-GMS PrscrptnChrgsColl&RmttdbyGP,LOCAL ENHANCED SERVICES,ASHWELL SURGERY,23657999,"2,657.60 ",879108291,HT000037459
Department of Health,NHS East & North Hertfordshire CCG,31/08/2018,Hcare Srv Rec NHS Trust-Contract Baseline,ACUTE COMMISSIONING,BARKING HAVERING AND REDBRIDGE HOSPITALS NHS TRUST,23345393,"100,483.00 ",,8451255
Department of Health,NHS East & North Hertfordshire CCG,31/08/2018,Hcare Srv Rec NHS Trust-Over/ Under Performance,ACUTE COMMISSIONING,BARKING HAVERING AND REDBRIDGE HOSPITALS NHS TRUST,23482408,"123,523.00 ",,8448406
Department of Health,NHS East & North Hertfordshire CCG,31/08/2018,Hcare Srv Rec NHS Trust-Prior Year,ACUTE COMMISSIONING,BARKING HAVERING AND REDBRIDGE HOSPITALS NHS TRUST,23482525,"(59,959.12)",,8451369
Department of Health,NHS East & North Hertfordshire CCG,31/08/2018,Hcare Srv Rec NHS Trust-Contract Baseline,ACUTE COMMISSIONING,BARTS HEALTH NHS TRUST,23686365,"260,757.02 ",,344524
Department of Health,NHS East & North Hertfordshire CCG,31/08/2018,Hcare Srv Rec Fdtn Trust-Contract Baseline,ACUTE COMMISSIONING,BASILDON & THURROCK UNIVERSITY HOSPITALS NHS FOUNDATION TRUST,23323880,"43,245.00 ",,0000097163
Department of Health,NHS East & North Hertfordshire CCG,31/08/2018,Hcare Srv Rec NHS Trust-Contract Baseline,ACUTE COMMISSIONING,BEDFORD HOSPITAL NHS TRUST,23363461,"28,628.29 ",,I0165290
Department of Health,NHS East & North Hertfordshire CCG,31/08/2018,C&M-GMS DES Extended Hours Access,PRC DELEGATED CO-COMMISSIONING,BEDWELL MEDICAL CENTRE,23626753,"5,995.93 ",,HT000037136
Department of Health,NHS East & North Hertfordshire CCG,31/08/2018,C&M-GMS Global Sum,PRC DELEGATED CO-COMMISSIONING,BEDWELL MEDICAL CENTRE,23626753,"86,050.06 ",,HT000037136
Department of Health,NHS East & North Hertfordshire CCG,31/08/2018,C&M-GMS PCO Locum Adop/Pat/Mat,PRC DELEGATED CO-COMMISSIONING,BEDWELL MEDICAL CENTRE,23626753,"2,352.02 ",,HT000037136
Department of Health,NHS East & North Hertfordshire CCG,31/08/2018,C&M-GMS Prem Notional Rent,PRC DELEGATED CO-COMMISSIONING,BEDWELL MEDICAL CENTRE,23626753,"3,229.17 ",,HT000037136
Department of Health,NHS East & North Hertfordshire CCG,31/08/2018,C&M-GMS Prem Rates,PRC DELEGATED CO-COMMISSIONING,BEDWELL MEDICAL CENTRE,23626753,"2,042.89 ",,HT000037136
Department of Health,NHS East & North Hertfordshire CCG,31/08/2018,C&M-GMS QOF Aspiration,PRC DELEGATED CO-COMMISSIONING,BEDWELL MEDICAL CENTRE,23626753,"8,462.17 ",,HT000037136
Department of Health,NHS East & North Hertfordshire CCG,31/08/2018,C&M-GMS DES Extended Hours Access,PRC DELEGATED CO-COMMISSIONING,BIRCHWOOD SURGERY,23646225,"6,530.30 ",,HT000037140
Department of Health,NHS East & North Hertfordshire CCG,31/08/2018,C&M-GMS Global Sum,PRC DELEGATED CO-COMMISSIONING,BIRCHWOOD SURGERY,23646225,"92,869.54 ",,HT000037140
Department of Health,NHS East & North Hertfordshire CCG,31/08/2018,C&M-GMS PCO Locum Adop/Pat/Mat,PRC DELEGATED CO-COMMISSIONING,BIRCHWOOD SURGERY,23646225,"5,254.56 ",,HT000037140
Department of Health,NHS East & North Hertfordshire CCG,31/08/2018,C&M-GMS Prem Actual Rent,PRC DELEGATED CO-COMMISSIONING,BIRCHWOOD SURGERY,23646225,"26,550.00 ",,HT000037140
Department of Health,NHS East & North Hertfordshire CCG,31/08/2018,C&M-GMS Prem Rates,PRC DELEGATED CO-COMMISSIONING,BIRCHWOOD SURGERY,23646225,"6,385.53 ",,HT000037140
Department of Health,NHS East & North Hertfordshire CCG,31/08/2018,C&M-GMS Prem Water Rates,PRC DELEGATED CO-COMMISSIONING,BIRCHWOOD SURGERY,23646225,430.80 ,,HT000037140
Department of Health,NHS East & North Hertfordshire CCG,31/08/2018,C&M-GMS QOF Aspiration,PRC DELEGATED CO-COMMISSIONING,BIRCHWOOD SURGERY,23646225,"11,389.28 ",,HT000037140
Department of Health,NHS East & North Hertfordshire CCG,31/08/2018,Telecoms-Data lines,ADHOC BUSINESS,BLOCK SOLUTIONS LTD,23700996,"171,474.02 ",,1205295
Department of Health,NHS East & North Hertfordshire CCG,31/08/2018,Clinical&Medical-Independent Sector,ACUTE COMMISSIONING,BMI HEALTHCARE COLLECTIONS,23461937,"107,041.78 ",,0000094584
Department of Health,NHS East & North Hertfordshire CCG,31/08/2018,Clinical&Medical-Independent Sector,ACUTE COMMISSIONING,BMI HEALTHCARE COLLECTIONS,23461941,"91,874.98 ",,0000094585
Department of Health,NHS East & North Hertfordshire CCG,31/08/2018,C&M-GMS Global Sum,PRC DELEGATED CO-COMMISSIONING,BRIDGE COTTAGE SURGERY,23646227,"112,011.44 ",,HT000037146
Department of Health,NHS East & North Hertfordshire CCG,31/08/2018,C&M-GMS Prem Notional Rent,PRC DELEGATED CO-COMMISSIONING,BRIDGE COTTAGE SURGERY,23646227,"9,508.33 ",,HT000037146
Department of Health,NHS East & North Hertfordshire CCG,31/08/2018,C&M-GMS Prem Rates,PRC DELEGATED CO-COMMISSIONING,BRIDGE COTTAGE SURGERY,23646227,"2,550.32 ",,HT000037146
Department of Health,NHS East & North Hertfordshire CCG,31/08/2018,C&M-GMS QOF Aspiration,PRC DELEGATED CO-COMMISSIONING,BRIDGE COTTAGE SURGERY,23646227,"11,166.13 ",,HT000037146
Department of Health,NHS East & North Hertfordshire CCG,31/08/2018,ME - GMS GP Prior Year ERs,PRC DELEGATED CO-COMMISSIONING,BRIDGE COTTAGE SURGERY,23646227,"8,058.02 ",,HT000037146
Department of Health,NHS East & North Hertfordshire CCG,31/08/2018,ME-GMS GP Pension EEs Adjustments,PRC DELEGATED CO-COMMISSIONING,BRIDGE COTTAGE SURGERY,23646227,"1,051.88 ",,HT000037146
Department of Health,NHS East & North Hertfordshire CCG,31/08/2018,ME-GMS GP Pension ERs Adjustments,PRC DELEGATED CO-COMMISSIONING,BRIDGE COTTAGE SURGERY,23646227,"1,120.44 ",,HT000037146
Department of Health,NHS East & North Hertfordshire CCG,31/08/2018,ME-GMS GP Prior Year EEs,PRC DELEGATED CO-COMMISSIONING,BRIDGE COTTAGE SURGERY,23646227,"5,216.95 ",,HT000037146
Department of Health,NHS East & North Hertfordshire CCG,31/08/2018,C&M-GMS DES Extended Hours Access,PRC DELEGATED CO-COMMISSIONING,BUNTINGFORD MEDICAL CENTRE,23626763,"3,256.60 ",,HT000037142
Department of Health,NHS East & North Hertfordshire CCG,31/08/2018,C&M-GMS Global Sum,PRC DELEGATED CO-COMMISSIONING,BUNTINGFORD MEDICAL CENTRE,23626763,"50,442.31 ",,HT000037142
Department of Health,NHS East & North Hertfordshire CCG,31/08/2018,C&M-GMS Prem Actual Rent,PRC DELEGATED CO-COMMISSIONING,BUNTINGFORD MEDICAL CENTRE,23626763,"14,890.00 ",,HT000037142
Department of Health,NHS East & North Hertfordshire CCG,31/08/2018,C&M-GMS Prem Rates,PRC DELEGATED CO-COMMISSIONING,BUNTINGFORD MEDICAL CENTRE,23626763,817.07 ,,HT000037142
Department of Health,NHS East & North Hertfordshire CCG,31/08/2018,C&M-GMS QOF Aspiration,PRC DELEGATED CO-COMMISSIONING,BUNTINGFORD MEDICAL CENTRE,23626763,"4,885.79 ",,HT000037142
Department of Health,NHS East & North Hertfordshire CCG,31/08/2018,Cont Care- Adult 100% Fully Funded,CHC ADULT FULLY FUNDED,BUPA CARE HOMES,23313182,"21,049.06 ",239731641,BUP1805EN
Department of Health,NHS East & North Hertfordshire CCG,31/08/2018,Cont Care-Physical Disab (65+),CHC ADULT FULLY FUNDED,BUPA CARE HOMES,23313182,"16,031.62 ",239731641,BUP1805EN
Department of Health,NHS East & North Hertfordshire CCG,31/08/2018,C&M-GMS DES Extended Hours Access,PRC DELEGATED CO-COMMISSIONING,BURVILL HOUSE SURGERY,23626767,"4,992.73 ",,HT000037144
Department of Health,NHS East & North Hertfordshire CCG,31/08/2018,C&M-GMS Global Sum,PRC DELEGATED CO-COMMISSIONING,BURVILL HOUSE SURGERY,23626767,"69,465.16 ",,HT000037144
Department of Health,NHS East & North Hertfordshire CCG,31/08/2018,C&M-GMS Other FDR Payment,PRC DELEGATED CO-COMMISSIONING,BURVILL HOUSE SURGERY,23626767,"2,989.42 ",,HT000037144
Department of Health,NHS East & North Hertfordshire CCG,31/08/2018,C&M-GMS PCO Locum Sickness,PRC DELEGATED CO-COMMISSIONING,BURVILL HOUSE SURGERY,23626767,"11,313.05 ",,HT000037144
Department of Health,NHS East & North Hertfordshire CCG,31/08/2018,C&M-GMS Prem Actual Rent,PRC DELEGATED CO-COMMISSIONING,BURVILL HOUSE SURGERY,23626767,350.00 ,,HT000037144
Department of Health,NHS East & North Hertfordshire CCG,31/08/2018,C&M-GMS Prem Notional Rent,PRC DELEGATED CO-COMMISSIONING,BURVILL HOUSE SURGERY,23626767,"4,808.33 ",,HT000037144
Department of Health,NHS East & North Hertfordshire CCG,31/08/2018,C&M-GMS Prem Rates,PRC DELEGATED CO-COMMISSIONING,BURVILL HOUSE SURGERY,23626767,"1,283.96 ",,HT000037144
Department of Health,NHS East & North Hertfordshire CCG,31/08/2018,C&M-GMS QOF Aspiration,PRC DELEGATED CO-COMMISSIONING,BURVILL HOUSE SURGERY,23626767,"6,398.11 ",,HT000037144
Department of Health,NHS East & North Hertfordshire CCG,31/07/2018,Hcare Srv Rec Fdtn Trust-Contract Baseline,ACUTE COMMISSIONING,CAMBRIDGE UNIVERSITY HOSPITALS NHS FOUNDATION TRUST,23215683,"1,414,983.75 ",,70022138
Department of Health,NHS East & North Hertfordshire CCG,31/08/2018,Cont Care-Physical Disab (65+),CHC ADULT FULLY FUNDED,CARE UK COMMUNITY PARTNERSHIPS LTD,23612147,"28,698.41 ",594959072,FITCH003154
Department of Health,NHS East & North Hertfordshire CCG,31/08/2018,Cont Care-Physical Disab (65+),CHC ADULT FULLY FUNDED,CARE UK COMMUNITY PARTNERSHIPS LTD,23612171,"(28,414.28)",594959072,CNFITCH003154
Department of Health,NHS East & North Hertfordshire CCG,31/08/2018,C&M-GMS DES Extended Hours Access,PRC DELEGATED CO-COMMISSIONING,CASTLEGATE SURGERY HERTFORD,23626786,"3,749.18 ",,HT000037154
Department of Health,NHS East & North Hertfordshire CCG,31/08/2018,C&M-GMS Global Sum,PRC DELEGATED CO-COMMISSIONING,CASTLEGATE SURGERY HERTFORD,23626786,"50,059.79 ",,HT000037154
Department of Health,NHS East & North Hertfordshire CCG,31/08/2018,C&M-GMS MPIG Correction Factor,PRC DELEGATED CO-COMMISSIONING,CASTLEGATE SURGERY HERTFORD,23626786,107.76 ,,HT000037154
Department of Health,NHS East & North Hertfordshire CCG,31/08/2018,C&M-GMS PCO Doctors Ret Scheme,PRC DELEGATED CO-COMMISSIONING,CASTLEGATE SURGERY HERTFORD,23626786,283.80 ,,HT000037154
Department of Health,NHS East & North Hertfordshire CCG,31/08/2018,C&M-GMS Prem Actual Rent,PRC DELEGATED CO-COMMISSIONING,CASTLEGATE SURGERY HERTFORD,23626786,"20,150.00 ",,HT000037154
Department of Health,NHS East & North Hertfordshire CCG,31/08/2018,C&M-GMS Prem Rates,PRC DELEGATED CO-COMMISSIONING,CASTLEGATE SURGERY HERTFORD,23626786,"1,164.41 ",,HT000037154
Department of Health,NHS East & North Hertfordshire CCG,31/08/2018,C&M-GMS Prem Water Rates,PRC DELEGATED CO-COMMISSIONING,CASTLEGATE SURGERY HERTFORD,23626786,95.52 ,,HT000037154
Department of Health,NHS East & North Hertfordshire CCG,31/08/2018,C&M-GMS QOF Aspiration,PRC DELEGATED CO-COMMISSIONING,CASTLEGATE SURGERY HERTFORD,23626786,"4,522.97 ",,HT000037154
Department of Health,NHS East & North Hertfordshire CCG,31/08/2018,C&M-GMS DES Extended Hours Access,PRC DELEGATED CO-COMMISSIONING,CHELLS WAY SURGERY,23626772,"6,947.35 ",,HT000037148
Department of Health,NHS East & North Hertfordshire CCG,31/08/2018,C&M-GMS Global Sum,PRC DELEGATED CO-COMMISSIONING,CHELLS WAY SURGERY,23626772,"94,865.82 ",,HT000037148
Department of Health,NHS East & North Hertfordshire CCG,31/08/2018,C&M-GMS MPIG Correction Factor,PRC DELEGATED CO-COMMISSIONING,CHELLS WAY SURGERY,23626772,303.89 ,,HT000037148
Department of Health,NHS East & North Hertfordshire CCG,31/08/2018,C&M-GMS Prem Actual Rent,PRC DELEGATED CO-COMMISSIONING,CHELLS WAY SURGERY,23626772,"49,792.50 ",,HT000037148
Department of Health,NHS East & North Hertfordshire CCG,31/08/2018,C&M-GMS Prem Rates,PRC DELEGATED CO-COMMISSIONING,CHELLS WAY SURGERY,23626772,"1,092.26 ",,HT000037148
Department of Health,NHS East & North Hertfordshire CCG,31/08/2018,C&M-GMS QOF Aspiration,PRC DELEGATED CO-COMMISSIONING,CHELLS WAY SURGERY,23626772,"8,893.85 ",,HT000037148
Department of Health,NHS East & North Hertfordshire CCG,31/08/2018,Hcare Srv Rec Fdtn Trust-Contract Baseline,ACUTE COMMISSIONING,CHELSEA AND WESTMINSTER HOSPITAL NHS FOUNDATION TRUST,23345367,"28,536.17 ",654915415,N0024516
Department of Health,NHS East & North Hertfordshire CCG,31/08/2018,C&M-GMS DES Extended Hours Access,PRC DELEGATED CO-COMMISSIONING,CHURCH STREET SURGERY BISHOPS STORT,23626777,"7,848.43 ",,HT000037150
Department of Health,NHS East & North Hertfordshire CCG,31/08/2018,C&M-GMS DES Learn Dsblty Hlth Chk,PRC DELEGATED CO-COMMISSIONING,CHURCH STREET SURGERY BISHOPS STORT,23626777,"4,340.00 ",,HT000037150
Department of Health,NHS East & North Hertfordshire CCG,31/08/2018,C&M-GMS Global Sum,PRC DELEGATED CO-COMMISSIONING,CHURCH STREET SURGERY BISHOPS STORT,23626777,"96,862.11 ",,HT000037150
Department of Health,NHS East & North Hertfordshire CCG,31/08/2018,C&M-GMS MPIG Correction Factor,PRC DELEGATED CO-COMMISSIONING,CHURCH STREET SURGERY BISHOPS STORT,23626777,637.65 ,,HT000037150
Department of Health,NHS East & North Hertfordshire CCG,31/08/2018,C&M-GMS Prem Actual Rent,PRC DELEGATED CO-COMMISSIONING,CHURCH STREET SURGERY BISHOPS STORT,23626777,"8,600.00 ",,HT000037150
Department of Health,NHS East & North Hertfordshire CCG,31/08/2018,C&M-GMS Prem Cost Rent,PRC DELEGATED CO-COMMISSIONING,CHURCH STREET SURGERY BISHOPS STORT,23626777,"6,936.58 ",,HT000037150
Department of Health,NHS East & North Hertfordshire CCG,31/08/2018,C&M-GMS Prem Rates,PRC DELEGATED CO-COMMISSIONING,CHURCH STREET SURGERY BISHOPS STORT,23626777,"1,575.20 ",,HT000037150
Department of Health,NHS East & North Hertfordshire CCG,31/08/2018,C&M-GMS QOF Aspiration,PRC DELEGATED CO-COMMISSIONING,CHURCH STREET SURGERY BISHOPS STORT,23626777,"9,240.80 ",,HT000037150
Department of Health,NHS East & North Hertfordshire CCG,31/08/2018,ME - GMS GP Prior Year ERs,PRC DELEGATED CO-COMMISSIONING,CHURCH STREET SURGERY BISHOPS STORT,23626777,"2,010.77 ",,HT000037150
Department of Health,NHS East & North Hertfordshire CCG,31/08/2018,ME-GMS GP Prior Year AVCs,PRC DELEGATED CO-COMMISSIONING,CHURCH STREET SURGERY BISHOPS STORT,23626777,"1,265.52 ",,HT000037150
Department of Health,NHS East & North Hertfordshire CCG,31/08/2018,ME-GMS GP Prior Year EEs,PRC DELEGATED CO-COMMISSIONING,CHURCH STREET SURGERY BISHOPS STORT,23626777,"3,038.28 ",,HT000037150
Department of Health,NHS East & North Hertfordshire CCG,31/08/2018,C&M-GMS DES Extended Hours Access,PRC DELEGATED CO-COMMISSIONING,CHURCH STREET SURGERY WARE,23626782,"4,534.83 ",,HT000037152
Department of Health,NHS East & North Hertfordshire CCG,31/08/2018,C&M-GMS Global Sum,PRC DELEGATED CO-COMMISSIONING,CHURCH STREET SURGERY WARE,23626782,"59,562.67 ",,HT000037152
Department of Health,NHS East & North Hertfordshire CCG,31/08/2018,C&M-GMS MPIG Correction Factor,PRC DELEGATED CO-COMMISSIONING,CHURCH STREET SURGERY WARE,23626782,841.90 ,,HT000037152
Department of Health,NHS East & North Hertfordshire CCG,31/08/2018,C&M-GMS Prem Notional Rent,PRC DELEGATED CO-COMMISSIONING,CHURCH STREET SURGERY WARE,23626782,"6,129.17 ",,HT000037152
Department of Health,NHS East & North Hertfordshire CCG,31/08/2018,C&M-GMS Prem Rates,PRC DELEGATED CO-COMMISSIONING,CHURCH STREET SURGERY WARE,23626782,"2,208.00 ",,HT000037152
Department of Health,NHS East & North Hertfordshire CCG,31/08/2018,C&M-GMS QOF Aspiration,PRC DELEGATED CO-COMMISSIONING,CHURCH STREET SURGERY WARE,23626782,"6,780.75 ",,HT000037152
Department of Health,NHS East & North Hertfordshire CCG,31/08/2018,Training Expenses,GP FORWARD VIEW,CONEXUS HEALTHCARE LTD,23612019,"30,000.00 ",284044407,SI68
Department of Health,NHS East & North Hertfordshire CCG,31/08/2018,C&M-GMS Global Sum,PRC DELEGATED CO-COMMISSIONING,COURTENAY HOUSE SURGERY,23626790,"46,368.73 ",,HT000037156
Department of Health,NHS East & North Hertfordshire CCG,31/08/2018,C&M-GMS MPIG Correction Factor,PRC DELEGATED CO-COMMISSIONING,COURTENAY HOUSE SURGERY,23626790,239.37 ,,HT000037156
Department of Health,NHS East & North Hertfordshire CCG,31/08/2018,C&M-GMS Prem Actual Rent,PRC DELEGATED CO-COMMISSIONING,COURTENAY HOUSE SURGERY,23626790,"30,237.50 ",,HT000037156
Department of Health,NHS East & North Hertfordshire CCG,31/08/2018,C&M-GMS Prem Rates,PRC DELEGATED CO-COMMISSIONING,COURTENAY HOUSE SURGERY,23626790,"2,908.70 ",,HT000037156
Department of Health,NHS East & North Hertfordshire CCG,31/08/2018,C&M-GMS QOF Aspiration,PRC DELEGATED CO-COMMISSIONING,COURTENAY HOUSE SURGERY,23626790,"4,186.55 ",,HT000037156
Department of Health,NHS East & North Hertfordshire CCG,31/08/2018,C&M-GMS DES Extended Hours Access,PRC DELEGATED CO-COMMISSIONING,CROMWELL MEDICAL CENTRE,23626792,"3,798.58 ",,HT000037157
Department of Health,NHS East & North Hertfordshire CCG,31/08/2018,C&M-GMS Global Sum,PRC DELEGATED CO-COMMISSIONING,CROMWELL MEDICAL CENTRE,23626792,"51,012.36 ",,HT000037157
Department of Health,NHS East & North Hertfordshire CCG,31/08/2018,C&M-GMS Prem Notional Rent,PRC DELEGATED CO-COMMISSIONING,CROMWELL MEDICAL CENTRE,23626792,"5,150.00 ",,HT000037157
Department of Health,NHS East & North Hertfordshire CCG,31/08/2018,C&M-GMS Prem Rates,PRC DELEGATED CO-COMMISSIONING,CROMWELL MEDICAL CENTRE,23626792,"2,028.05 ",,HT000037157
Department of Health,NHS East & North Hertfordshire CCG,31/08/2018,C&M-GMS QOF Aspiration,PRC DELEGATED CO-COMMISSIONING,CROMWELL MEDICAL CENTRE,23626792,"5,396.90 ",,HT000037157
Department of Health,NHS East & North Hertfordshire CCG,31/08/2018,C&M-GMS DES Extended Hours Access,PRC DELEGATED CO-COMMISSIONING,CUFFLEY & GOFFS OAK MEDICAL PRACTICE,23626794,"6,075.25 ",,HT000037159
Department of Health,NHS East & North Hertfordshire CCG,31/08/2018,C&M-GMS Global Sum,PRC DELEGATED CO-COMMISSIONING,CUFFLEY & GOFFS OAK MEDICAL PRACTICE,23626794,"86,007.99 ",,HT000037159
Department of Health,NHS East & North Hertfordshire CCG,31/08/2018,C&M-GMS PCO Doctors Ret Scheme,PRC DELEGATED CO-COMMISSIONING,CUFFLEY & GOFFS OAK MEDICAL PRACTICE,23626794,692.28 ,,HT000037159
Department of Health,NHS East & North Hertfordshire CCG,31/08/2018,C&M-GMS Prem Rates,PRC DELEGATED CO-COMMISSIONING,CUFFLEY & GOFFS OAK MEDICAL PRACTICE,23626794,"2,036.10 ",,HT000037159
Department of Health,NHS East & North Hertfordshire CCG,31/08/2018,C&M-GMS QOF Aspiration,PRC DELEGATED CO-COMMISSIONING,CUFFLEY & GOFFS OAK MEDICAL PRACTICE,23626794,"8,375.55 ",,HT000037159
Department of Health,NHS East & North Hertfordshire CCG,31/08/2018,C&M-GMS DES Extended Hours Access,PRC DELEGATED CO-COMMISSIONING,DOLPHIN HOUSE SURGERY,23626796,"6,685.15 ",,HT000037161
Department of Health,NHS East & North Hertfordshire CCG,31/08/2018,C&M-GMS DES Learn Dsblty Hlth Chk,PRC DELEGATED CO-COMMISSIONING,DOLPHIN HOUSE SURGERY,23626796,"4,620.00 ",,HT000037161
Department of Health,NHS East & North Hertfordshire CCG,31/08/2018,C&M-GMS Global Sum,PRC DELEGATED CO-COMMISSIONING,DOLPHIN HOUSE SURGERY,23626796,"88,826.92 ",,HT000037161
Department of Health,NHS East & North Hertfordshire CCG,31/08/2018,C&M-GMS MPIG Correction Factor,PRC DELEGATED CO-COMMISSIONING,DOLPHIN HOUSE SURGERY,23626796,"2,803.15 ",,HT000037161
Department of Health,NHS East & North Hertfordshire CCG,31/08/2018,C&M-GMS Prem Actual Rent,PRC DELEGATED CO-COMMISSIONING,DOLPHIN HOUSE SURGERY,23626796,"20,833.33 ",,HT000037161
Department of Health,NHS East & North Hertfordshire CCG,31/08/2018,C&M-GMS Prem Rates,PRC DELEGATED CO-COMMISSIONING,DOLPHIN HOUSE SURGERY,23626796,"3,732.00 ",,HT000037161
Department of Health,NHS East & North Hertfordshire CCG,31/08/2018,C&M-GMS Prem Water Rates,PRC DELEGATED CO-COMMISSIONING,DOLPHIN HOUSE SURGERY,23626796,665.29 ,,HT000037161
Department of Health,NHS East & North Hertfordshire CCG,31/08/2018,C&M-GMS QOF Aspiration,PRC DELEGATED CO-COMMISSIONING,DOLPHIN HOUSE SURGERY,23626796,"10,698.33 ",,HT000037161
Department of Health,NHS East & North Hertfordshire CCG,31/07/2018,Hcare Srv Rec NHS Trust-Contract Baseline,ACUTE COMMISSIONING,EAST AND NORTH HERTFORDSHIRE NHS TRUST,23117381,"18,241,780.91 ",,4154645
Department of Health,NHS East & North Hertfordshire CCG,31/08/2018,PREPYMT OVERSEAS NON EEA PATIENTS,BALANCE SHEET,EAST AND NORTH HERTFORDSHIRE NHS TRUST,23363580,"28,204.50 ",,4155364
Department of Health,NHS East & North Hertfordshire CCG,31/08/2018,Hcare Srv Rec NHS Trust-Prior Year,ACUTE COMMISSIONING,EAST AND NORTH HERTFORDSHIRE NHS TRUST,23556754,"176,341.56 ",,4155530
Department of Health,NHS East & North Hertfordshire CCG,31/08/2018,Hcare Srv Rec NHS Trust-Non Contract,ACUTE COMMISSIONING,EAST AND NORTH HERTFORDSHIRE NHS TRUST,23584461,"131,508.67 ",,4155804
Department of Health,NHS East & North Hertfordshire CCG,31/08/2018,Hcare Srv Rec NHS Trust-Non Contract,ACUTE COMMISSIONING,EAST AND NORTH HERTFORDSHIRE NHS TRUST,23667448,"193,000.00 ",,4155722
Department of Health,NHS East & North Hertfordshire CCG,31/08/2018,Travel Booking Services,PATIENT TRANSPORT,EAST OF ENGLAND AMBULANCE SERVICE NHS TRUST,23345372,"233,181.00 ",,8110245
Department of Health,NHS East & North Hertfordshire CCG,31/08/2018,Hcare Srv Rec NHS Trust-Contract Baseline,AMBULANCE SERVICES,EAST OF ENGLAND AMBULANCE SERVICE NHS TRUST,23384876,"1,632,205.93 ",,8110394
Department of Health,NHS East & North Hertfordshire CCG,31/08/2018,Travel Booking Services,PATIENT TRANSPORT,EAST OF ENGLAND AMBULANCE SERVICE NHS TRUST,23407129,"(37,778.66)",,8110356
Department of Health,NHS East & North Hertfordshire CCG,31/08/2018,Computer Maintenance,CCG-IT PROGRAMME,EGTON MEDICAL INFORMATION SYSTEMS LTD,23437541,"113,383.92 ",927149214,EMINV014308
Department of Health,NHS East & North Hertfordshire CCG,31/08/2018,Computer Maintenance,CCG-IT PROGRAMME,EGTON MEDICAL INFORMATION SYSTEMS LTD,23437542,"108,926.29 ",927149214,EMINV014309
Department of Health,NHS East & North Hertfordshire CCG,31/08/2018,Computer Maintenance,CCG-IT PROGRAMME,EGTON MEDICAL INFORMATION SYSTEMS LTD,23461946,"63,339.05 ",927149214,EMINV014310
Department of Health,NHS East & North Hertfordshire CCG,31/08/2018,C&M-APMS LES Extended Hours,GP FORWARD VIEW,EPHEDRA HEALTHCARE LTD,23517875,"37,884.00 ",,EAAUG2018
Department of Health,NHS East & North Hertfordshire CCG,31/08/2018,Hcare Srv Rec Fdtn Trust-Contract Cost per Case,COMMUNITY SERVICES,ESSEX PARTNERSHIP UNIVERSITY NHS FT,23363714,"68,703.17 ",GB654974100,I0061911
Department of Health,NHS East & North Hertfordshire CCG,31/08/2018,C&M-GMS DES Extended Hours Access,PRC DELEGATED CO-COMMISSIONING,GARDEN CITY PRACTICE,23626798,"4,789.90 ",,HT000037163
Department of Health,NHS East & North Hertfordshire CCG,31/08/2018,C&M-GMS Global Sum,PRC DELEGATED CO-COMMISSIONING,GARDEN CITY PRACTICE,23626798,"64,847.32 ",,HT000037163
Department of Health,NHS East & North Hertfordshire CCG,31/08/2018,C&M-GMS Other FDR Payment,PRC DELEGATED CO-COMMISSIONING,GARDEN CITY PRACTICE,23626798,"4,543.05 ",,HT000037163
Department of Health,NHS East & North Hertfordshire CCG,31/08/2018,C&M-GMS Prem Actual Rent,PRC DELEGATED CO-COMMISSIONING,GARDEN CITY PRACTICE,23626798,"2,020.83 ",,HT000037163
Department of Health,NHS East & North Hertfordshire CCG,31/08/2018,C&M-GMS Prem Notional Rent,PRC DELEGATED CO-COMMISSIONING,GARDEN CITY PRACTICE,23626798,"2,471.25 ",,HT000037163
Department of Health,NHS East & North Hertfordshire CCG,31/08/2018,C&M-GMS QOF Aspiration,PRC DELEGATED CO-COMMISSIONING,GARDEN CITY PRACTICE,23626798,"6,036.56 ",,HT000037163
Department of Health,NHS East & North Hertfordshire CCG,31/08/2018,C&M-GMS Global Sum,PRC DELEGATED CO-COMMISSIONING,GARDEN CITY SURGERY,23626800,"47,049.80 ",,HT000037165
Department of Health,NHS East & North Hertfordshire CCG,31/08/2018,C&M-GMS MPIG Correction Factor,PRC DELEGATED CO-COMMISSIONING,GARDEN CITY SURGERY,23626800,"1,061.42 ",,HT000037165
Department of Health,NHS East & North Hertfordshire CCG,31/08/2018,C&M-GMS Prem Actual Rent,PRC DELEGATED CO-COMMISSIONING,GARDEN CITY SURGERY,23626800,"2,495.83 ",,HT000037165
Department of Health,NHS East & North Hertfordshire CCG,31/08/2018,C&M-GMS Prem Rates,PRC DELEGATED CO-COMMISSIONING,GARDEN CITY SURGERY,23626800,"2,686.85 ",,HT000037165
Department of Health,NHS East & North Hertfordshire CCG,31/08/2018,C&M-GMS Prem Water Rates,PRC DELEGATED CO-COMMISSIONING,GARDEN CITY SURGERY,23626800,429.40 ,,HT000037165
Department of Health,NHS East & North Hertfordshire CCG,31/08/2018,C&M-GMS QOF Aspiration,PRC DELEGATED CO-COMMISSIONING,GARDEN CITY SURGERY,23626800,"4,543.48 ",,HT000037165
Department of Health,NHS East & North Hertfordshire CCG,31/08/2018,C&M-APMS Contract Value,PRC DELEGATED CO-COMMISSIONING,GENERATING HEALTHCARE LTD,23419210,"48,616.54 ",,HT000037110
Department of Health,NHS East & North Hertfordshire CCG,31/08/2018,C&M-APMS DES Minor Surgery,PRC DELEGATED CO-COMMISSIONING,GENERATING HEALTHCARE LTD,23419210,43.79 ,,HT000037110
Department of Health,NHS East & North Hertfordshire CCG,31/08/2018,C&M-APMS Prem Actual Rent,PRC DELEGATED CO-COMMISSIONING,GENERATING HEALTHCARE LTD,23419210,"2,777.08 ",,HT000037110
Department of Health,NHS East & North Hertfordshire CCG,31/08/2018,C&M-APMS Prem Rates,PRC DELEGATED CO-COMMISSIONING,GENERATING HEALTHCARE LTD,23419210,"1,428.00 ",,HT000037110
Department of Health,NHS East & North Hertfordshire CCG,31/08/2018,C&M-PMS QOF Aspiration,PRC DELEGATED CO-COMMISSIONING,GENERATING HEALTHCARE LTD,23419210,"13,271.32 ",,HT000037110
Department of Health,NHS East & North Hertfordshire CCG,31/08/2018,ME-PMS GP Pension EEs Adjs - PMS,PRC DELEGATED CO-COMMISSIONING,GENERATING HEALTHCARE LTD,23419210,150.88 ,,HT000037110
Department of Health,NHS East & North Hertfordshire CCG,31/08/2018,ME-PMS GP Pension ERs Adjs - PMS,PRC DELEGATED CO-COMMISSIONING,GENERATING HEALTHCARE LTD,23419210,305.58 ,,HT000037110
Department of Health,NHS East & North Hertfordshire CCG,31/08/2018,C&M-APMS Contract Value,PRC DELEGATED CO-COMMISSIONING,GENERATING HEALTHCARE LTD,23419211,"21,048.41 ",,HT000037112
Department of Health,NHS East & North Hertfordshire CCG,31/08/2018,C&M-APMS Prem Actual Rent,PRC DELEGATED CO-COMMISSIONING,GENERATING HEALTHCARE LTD,23419211,"2,239.58 ",,HT000037112
Department of Health,NHS East & North Hertfordshire CCG,31/08/2018,C&M-APMS Prem Rates,PRC DELEGATED CO-COMMISSIONING,GENERATING HEALTHCARE LTD,23419211,358.73 ,,HT000037112
Department of Health,NHS East & North Hertfordshire CCG,31/08/2018,C&M-PMS QOF Aspiration,PRC DELEGATED CO-COMMISSIONING,GENERATING HEALTHCARE LTD,23419211,"8,693.10 ",,HT000037112
Department of Health,NHS East & North Hertfordshire CCG,31/08/2018,ME - PMS GP Prior Year ERs,PRC DELEGATED CO-COMMISSIONING,GENERATING HEALTHCARE LTD,23419211,"3,606.96 ",,HT000037112
Department of Health,NHS East & North Hertfordshire CCG,31/08/2018,ME-PMS GP Prior Year EEs,PRC DELEGATED CO-COMMISSIONING,GENERATING HEALTHCARE LTD,23419211,"3,135.44 ",,HT000037112
Department of Health,NHS East & North Hertfordshire CCG,31/08/2018,Hcare Srv Rec Fdtn Trust-Contract Baseline,ACUTE COMMISSIONING,GREAT ORMOND STREET HOSPITAL FOR CHILDREN NHS FOUNDATION TRUST,23345357,"52,591.92 ",654922910,X0198125
Department of Health,NHS East & North Hertfordshire CCG,31/08/2018,Hcare Srv Rec Fdtn Trust-Contract Baseline,ACUTE COMMISSIONING,GUYS & ST THOMAS HOSPITAL NHS FOUNDATION TRUST,23345305,"139,797.00 ",654923417,3243975
Department of Health,NHS East & North Hertfordshire CCG,31/08/2018,C&M-GMS DES Extended Hours Access,PRC DELEGATED CO-COMMISSIONING,HAILEY VIEW SURGERY,23626802,"3,992.38 ",,HT000037167
Department of Health,NHS East & North Hertfordshire CCG,31/08/2018,C&M-GMS Global Sum,PRC DELEGATED CO-COMMISSIONING,HAILEY VIEW SURGERY,23626802,"54,104.75 ",,HT000037167
Department of Health,NHS East & North Hertfordshire CCG,31/08/2018,C&M-GMS MPIG Correction Factor,PRC DELEGATED CO-COMMISSIONING,HAILEY VIEW SURGERY,23626802,28.80 ,,HT000037167
Department of Health,NHS East & North Hertfordshire CCG,31/08/2018,C&M-GMS PCO Doctors Ret Scheme,PRC DELEGATED CO-COMMISSIONING,HAILEY VIEW SURGERY,23626802,"1,384.60 ",,HT000037167
Department of Health,NHS East & North Hertfordshire CCG,31/08/2018,C&M-GMS Prem Actual Rent,PRC DELEGATED CO-COMMISSIONING,HAILEY VIEW SURGERY,23626802,"45,105.00 ",,HT000037167
Department of Health,NHS East & North Hertfordshire CCG,31/08/2018,C&M-GMS Prem Rates,PRC DELEGATED CO-COMMISSIONING,HAILEY VIEW SURGERY,23626802,"2,352.56 ",,HT000037167
Department of Health,NHS East & North Hertfordshire CCG,31/08/2018,C&M-GMS QOF Aspiration,PRC DELEGATED CO-COMMISSIONING,HAILEY VIEW SURGERY,23626802,"6,950.11 ",,HT000037167
Department of Health,NHS East & North Hertfordshire CCG,31/08/2018,ME-GMS GP Pension EEs Adjustments,PRC DELEGATED CO-COMMISSIONING,HAILEY VIEW SURGERY,23626802,702.00 ,,HT000037167
Department of Health,NHS East & North Hertfordshire CCG,31/08/2018,ME-GMS GP Pension ERs Adjustments,PRC DELEGATED CO-COMMISSIONING,HAILEY VIEW SURGERY,23626802,647.10 ,,HT000037167
Department of Health,NHS East & North Hertfordshire CCG,31/08/2018,C&M-GMS LES Basket of Procedures,REABLEMENT,HALL GROVE SURGERY,23541285,"26,590.91 ",,FSEN0818019
Department of Health,NHS East & North Hertfordshire CCG,31/08/2018,C&M-GMS DES Extended Hours Access,PRC DELEGATED CO-COMMISSIONING,HALL GROVE SURGERY,23630817,"7,616.15 ",,HT000037171
Department of Health,NHS East & North Hertfordshire CCG,31/08/2018,C&M-GMS Global Sum,PRC DELEGATED CO-COMMISSIONING,HALL GROVE SURGERY,23630817,"110,735.90 ",,HT000037171
Department of Health,NHS East & North Hertfordshire CCG,31/08/2018,C&M-GMS Prem Notional Rent,PRC DELEGATED CO-COMMISSIONING,HALL GROVE SURGERY,23630817,"7,737.50 ",,HT000037171
Department of Health,NHS East & North Hertfordshire CCG,31/08/2018,C&M-GMS Prem Rates,PRC DELEGATED CO-COMMISSIONING,HALL GROVE SURGERY,23630817,"1,475.22 ",,HT000037171
Department of Health,NHS East & North Hertfordshire CCG,31/08/2018,C&M-GMS QOF Aspiration,PRC DELEGATED CO-COMMISSIONING,HALL GROVE SURGERY,23630817,"11,899.71 ",,HT000037171
Department of Health,NHS East & North Hertfordshire CCG,31/08/2018,C&M-GMS DES Extended Hours Access,PRC DELEGATED CO-COMMISSIONING,HANSCOMBE HOUSE SURGERY,23626805,"4,937.63 ",,HT000037173
Department of Health,NHS East & North Hertfordshire CCG,31/08/2018,C&M-GMS Global Sum,PRC DELEGATED CO-COMMISSIONING,HANSCOMBE HOUSE SURGERY,23626805,"66,704.78 ",,HT000037173
Department of Health,NHS East & North Hertfordshire CCG,31/08/2018,C&M-GMS MPIG Correction Factor,PRC DELEGATED CO-COMMISSIONING,HANSCOMBE HOUSE SURGERY,23626805,273.95 ,,HT000037173
Department of Health,NHS East & North Hertfordshire CCG,31/08/2018,C&M-GMS Prem Actual Rent,PRC DELEGATED CO-COMMISSIONING,HANSCOMBE HOUSE SURGERY,23626805,"5,614.33 ",,HT000037173
Department of Health,NHS East & North Hertfordshire CCG,31/08/2018,C&M-GMS Prem Rates,PRC DELEGATED CO-COMMISSIONING,HANSCOMBE HOUSE SURGERY,23626805,"2,736.15 ",,HT000037173
Department of Health,NHS East & North Hertfordshire CCG,31/08/2018,C&M-GMS QOF Aspiration,PRC DELEGATED CO-COMMISSIONING,HANSCOMBE HOUSE SURGERY,23626805,"6,298.79 ",,HT000037173
Department of Health,NHS East & North Hertfordshire CCG,31/08/2018,Clinical&Medical-Independent Sector,URGENT CARE,HAVERSTOCK HEALTHCARE LTD,23684128,"35,463.23 ",215028936,CHESHUNTMIU0218ARV
Department of Health,NHS East & North Hertfordshire CCG,31/08/2018,Clinical&Medical-Independent Sector,URGENT CARE,HAVERSTOCK HEALTHCARE LTD,23684169,"53,376.00 ",215028936,CHESHUNTMIU0818
Department of Health,NHS East & North Hertfordshire CCG,31/08/2018,Cont Care-FNC Client Continence Allow,FUNDED NURSING CARE,HC ONE OVAL LTD,23584210,"1,342.61 ",283937558,STC055712TOSTC055786
Department of Health,NHS East & North Hertfordshire CCG,31/08/2018,Cont Care-Funded Nursing Care Allow,FUNDED NURSING CARE,HC ONE OVAL LTD,23584210,"51,573.44 ",283937558,STC055712TOSTC055786
Department of Health,NHS East & North Hertfordshire CCG,31/08/2018,Hcare Srv Rec NHS Trust-Prior Year,REABLEMENT,HERTFORDSHIRE COMMUNITY NHS TRUST,23405732,"90,457.00 ",654 4402 89,H0000993
Department of Health,NHS East & North Hertfordshire CCG,31/08/2018,Hcare Srv Rec NHS Trust-Contract Baseline,COMMUNITY SERVICES,HERTFORDSHIRE COMMUNITY NHS TRUST,23482448,"3,537,851.51 ",654 4402 89,H0001743
Department of Health,NHS East & North Hertfordshire CCG,31/08/2018,Hcare Srv Rec NHS Trust-Prior Year,REABLEMENT,HERTFORDSHIRE COMMUNITY NHS TRUST,23684065,"31,220.00 ",654 4402 89,H0001777
Department of Health,NHS East & North Hertfordshire CCG,31/08/2018,Clinical&Medical-Othe Public Sector,MENTAL HEALTH CONTRACTS,HERTFORDSHIRE COUNTY COUNCIL,23313222,"197,610.00 ",GB214527877,1802549720
Department of Health,NHS East & North Hertfordshire CCG,31/08/2018,Clinical&Medical-Othe Public Sector,MENTAL HEALTH SERVICES - COLLABORATIVE COMMISSIONING,HERTFORDSHIRE COUNTY COUNCIL,23313222,"7,154,338.00 ",GB214527877,1802549720
Department of Health,NHS East & North Hertfordshire CCG,31/08/2018,Clinical&Medical-Othe Public Sector,CARERS,HERTFORDSHIRE COUNTY COUNCIL,23384758,"24,167.00 ",GB214527877,1802549728
Department of Health,NHS East & North Hertfordshire CCG,31/08/2018,Clinical&Medical-Othe Public Sector,INTERMEDIATE CARE,HERTFORDSHIRE COUNTY COUNCIL,23384758,"203,187.00 ",GB214527877,1802549728
Department of Health,NHS East & North Hertfordshire CCG,31/08/2018,Cont Care- Adult 100% Fully Funded,CHC ADULT FULLY FUNDED,HERTFORDSHIRE COUNTY COUNCIL,23384758,"41,293.00 ",GB214527877,1802549728
Department of Health,NHS East & North Hertfordshire CCG,31/08/2018,Seconded-Basic Sal-Staff fm oth org,OPERATIONS MANAGEMENT,HERTFORDSHIRE COUNTY COUNCIL,23384758,"4,419.00 ",GB214527877,1802549728
Department of Health,NHS East & North Hertfordshire CCG,31/08/2018,Soc Care-Other Soc Care,LONG TERM CONDITIONS,HERTFORDSHIRE COUNTY COUNCIL,23384758,"1,151,946.00 ",GB214527877,1802549728
Department of Health,NHS East & North Hertfordshire CCG,31/08/2018,Clinical&Medical-Independent Sector,NHS 111,HERTS URGENT CARE,23384825,"671,233.15 ",210815253,0000004405
Department of Health,NHS East & North Hertfordshire CCG,31/08/2018,C&M-GMS DES Extended Hours Access,PRC DELEGATED CO-COMMISSIONING,HIGH ST SURGERY,23626807,"2,460.50 ",,HT000037175
Department of Health,NHS East & North Hertfordshire CCG,31/08/2018,C&M-GMS Global Sum,PRC DELEGATED CO-COMMISSIONING,HIGH ST SURGERY,23626807,"35,046.62 ",,HT000037175
Department of Health,NHS East & North Hertfordshire CCG,31/08/2018,C&M-GMS Prem Rates,PRC DELEGATED CO-COMMISSIONING,HIGH ST SURGERY,23626807,"1,188.00 ",,HT000037175
Department of Health,NHS East & North Hertfordshire CCG,31/08/2018,C&M-GMS QOF Aspiration,PRC DELEGATED CO-COMMISSIONING,HIGH ST SURGERY,23626807,"4,063.10 ",,HT000037175
Department of Health,NHS East & North Hertfordshire CCG,31/08/2018,Hcare Srv Rec Fdtn Trust-Non Contract,NCAS/OATS,HILLINGDON HOSPITALS NHS FOUNDATION TRUST,23489703,"25,217.00 ",654925117,N0098409
Department of Health,NHS East & North Hertfordshire CCG,31/08/2018,Hcare Srv Rec Fdtn Trust-Prior Year,NCAS/OATS,HILLINGDON HOSPITALS NHS FOUNDATION TRUST,23489706,"25,974.00 ",654925117,N0099650
Department of Health,NHS East & North Hertfordshire CCG,31/08/2018,Clinical&Medical-Independent Sector,NCAS/OATS,HOLLY HOUSE HOSPITAL,23345379,"27,147.40 ",,06K0618
Department of Health,NHS East & North Hertfordshire CCG,31/08/2018,Hcare Srv Rec NHS Trust-Contract Baseline,ACUTE COMMISSIONING,IMPERIAL COLLEGE HEALTHCARE NHS TRUST,23313325,"62,762.00 ",654945990,H0162885
Department of Health,NHS East & North Hertfordshire CCG,31/08/2018,Computer Maintenance,CCG-IT PROGRAMME,INSIGHT DIRECT (UK) LTD,23518014,"149,222.40 ",746 0751 29,3992605
Department of Health,NHS East & North Hertfordshire CCG,31/08/2018,Computer Software/License,IT MANAGEMENT TEAM,INSIGHT DIRECT (UK) LTD,23518015,"90,922.16 ",746 0751 29,3992789
Department of Health,NHS East & North Hertfordshire CCG,31/08/2018,External Consultancy Fees,IT MANAGEMENT TEAM,INSIGHT DIRECT (UK) LTD,23518015,"20,194.18 ",746 0751 29,3992789
Department of Health,NHS East & North Hertfordshire CCG,31/08/2018,Miscellaneous Expenditure (L9),PRIMARY CARE IT,INSIGHT DIRECT (UK) LTD,23518017,"111,145.88 ",746 0751 29,3992629
Department of Health,NHS East & North Hertfordshire CCG,31/08/2018,Clinical&Medical-Voluntary Sector,HOSPICES,KEECH HOSPICE CARE,23638429,"172,540.00 ",,SIN003795
Department of Health,NHS East & North Hertfordshire CCG,31/08/2018,C&M-GMS DES Extended Hours Access,PRC DELEGATED CO-COMMISSIONING,KELLER P & PARTNERS,23646229,"5,921.35 ",,HT000037177
Department of Health,NHS East & North Hertfordshire CCG,31/08/2018,C&M-GMS Global Sum,PRC DELEGATED CO-COMMISSIONING,KELLER P & PARTNERS,23646229,"86,284.68 ",,HT000037177
Department of Health,NHS East & North Hertfordshire CCG,31/08/2018,C&M-GMS PCO Doctors Ret Scheme,PRC DELEGATED CO-COMMISSIONING,KELLER P & PARTNERS,23646229,"4,000.00 ",,HT000037177
Department of Health,NHS East & North Hertfordshire CCG,31/08/2018,C&M-GMS Prem Notional Rent,PRC DELEGATED CO-COMMISSIONING,KELLER P & PARTNERS,23646229,"5,375.00 ",,HT000037177
Department of Health,NHS East & North Hertfordshire CCG,31/08/2018,C&M-GMS QOF Aspiration,PRC DELEGATED CO-COMMISSIONING,KELLER P & PARTNERS,23646229,"8,114.04 ",,HT000037177
Department of Health,NHS East & North Hertfordshire CCG,31/08/2018,ME-GMS GP Pension EEs Adjustments,PRC DELEGATED CO-COMMISSIONING,KELLER P & PARTNERS,23646229,888.75 ,,HT000037177
Department of Health,NHS East & North Hertfordshire CCG,31/08/2018,ME-GMS GP Pension ERs Adjustments,PRC DELEGATED CO-COMMISSIONING,KELLER P & PARTNERS,23646229,946.68 ,,HT000037177
Department of Health,NHS East & North Hertfordshire CCG,31/08/2018,C&M-GMS DES Extended Hours Access,PRC DELEGATED CO-COMMISSIONING,KING GEORGE SURGERY,23626809,"7,355.85 ",,HT000037178
Department of Health,NHS East & North Hertfordshire CCG,31/08/2018,C&M-GMS Global Sum,PRC DELEGATED CO-COMMISSIONING,KING GEORGE SURGERY,23626809,"101,839.56 ",,HT000037178
Department of Health,NHS East & North Hertfordshire CCG,31/08/2018,C&M-GMS Prem Actual Rent,PRC DELEGATED CO-COMMISSIONING,KING GEORGE SURGERY,23626809,"47,183.33 ",,HT000037178
Department of Health,NHS East & North Hertfordshire CCG,31/08/2018,C&M-GMS Prem Rates,PRC DELEGATED CO-COMMISSIONING,KING GEORGE SURGERY,23626809,"2,451.41 ",,HT000037178
Department of Health,NHS East & North Hertfordshire CCG,31/08/2018,C&M-GMS QOF Aspiration,PRC DELEGATED CO-COMMISSIONING,KING GEORGE SURGERY,23626809,"10,181.78 ",,HT000037178
Department of Health,NHS East & North Hertfordshire CCG,31/08/2018,ME-GMS GP Pension EEs,PRC DELEGATED CO-COMMISSIONING,KING GEORGE SURGERY,23626809,"8,134.73 ",,HT000037178
Department of Health,NHS East & North Hertfordshire CCG,31/08/2018,ME-GMS GP Pension EEs Adjustments,PRC DELEGATED CO-COMMISSIONING,KING GEORGE SURGERY,23626809,"1,161.17 ",,HT000037178
Department of Health,NHS East & North Hertfordshire CCG,31/08/2018,ME-GMS GP Pension ERs Adjustments,PRC DELEGATED CO-COMMISSIONING,KING GEORGE SURGERY,23626809,"6,138.85 ",,HT000037178
Department of Health,NHS East & North Hertfordshire CCG,31/08/2018,C&M-GMS Cost of Drugs -Dispensing,LOCAL ENHANCED SERVICES,KING GEORGE SURGERY,23658064,"31,643.44 ",,HT000037486
Department of Health,NHS East & North Hertfordshire CCG,31/08/2018,C&M-GMS Prof Fees Dispensing,PRC DELEGATED CO-COMMISSIONING,KING GEORGE SURGERY,23658064,"5,363.23 ",,HT000037486
Department of Health,NHS East & North Hertfordshire CCG,31/08/2018,C&M-GMS PrscrptnChrgsColl&RmttdbyGP,LOCAL ENHANCED SERVICES,KING GEORGE SURGERY,23658064,202.40 ,,HT000037486
Department of Health,NHS East & North Hertfordshire CCG,31/08/2018,Hcare Srv Rec Fdtn Trust-Contract Baseline,ACUTE COMMISSIONING,KING`S COLLEGE HOSPITAL NHS FOUNDATION TRUST,23313239,"27,093.00 ",654926800,00261105
Department of Health,NHS East & North Hertfordshire CCG,31/08/2018,C&M-GMS DES Extended Hours Access,PRC DELEGATED CO-COMMISSIONING,KNEBWORTH AND MARYMEAD PRACTICE,23646230,"5,826.35 ",,HT000037180
Department of Health,NHS East & North Hertfordshire CCG,31/08/2018,C&M-GMS Global Sum,PRC DELEGATED CO-COMMISSIONING,KNEBWORTH AND MARYMEAD PRACTICE,23646230,"84,950.73 ",,HT000037180
Department of Health,NHS East & North Hertfordshire CCG,31/08/2018,C&M-GMS PCO Locum Sickness,PRC DELEGATED CO-COMMISSIONING,KNEBWORTH AND MARYMEAD PRACTICE,23646230,"62,568.90 ",,HT000037180
Department of Health,NHS East & North Hertfordshire CCG,31/08/2018,C&M-GMS Prem Notional Rent,PRC DELEGATED CO-COMMISSIONING,KNEBWORTH AND MARYMEAD PRACTICE,23646230,"2,770.83 ",,HT000037180
Department of Health,NHS East & North Hertfordshire CCG,31/08/2018,C&M-GMS Prem Rates,PRC DELEGATED CO-COMMISSIONING,KNEBWORTH AND MARYMEAD PRACTICE,23646230,"1,658.10 ",,HT000037180
Department of Health,NHS East & North Hertfordshire CCG,31/08/2018,C&M-GMS QOF Aspiration,PRC DELEGATED CO-COMMISSIONING,KNEBWORTH AND MARYMEAD PRACTICE,23646230,"9,441.94 ",,HT000037180
Department of Health,NHS East & North Hertfordshire CCG,31/08/2018,C&M-APMS Contract Value,PRC DELEGATED CO-COMMISSIONING,LEA VALLEY HEALTH LTD,23419213,"77,453.81 ",,HT000037114
Department of Health,NHS East & North Hertfordshire CCG,31/08/2018,C&M-APMS DES Minor Surgery,PRC DELEGATED CO-COMMISSIONING,LEA VALLEY HEALTH LTD,23419213,569.27 ,,HT000037114
Department of Health,NHS East & North Hertfordshire CCG,31/08/2018,C&M-APMS Prem Actual Rent,PRC DELEGATED CO-COMMISSIONING,LEA VALLEY HEALTH LTD,23419213,"22,312.50 ",,HT000037114
Department of Health,NHS East & North Hertfordshire CCG,31/08/2018,C&M-PMS QOF Aspiration,PRC DELEGATED CO-COMMISSIONING,LEA VALLEY HEALTH LTD,23419213,"27,498.71 ",,HT000037114
Department of Health,NHS East & North Hertfordshire CCG,31/08/2018,ME - PMS GP Prior Year ERs,PRC DELEGATED CO-COMMISSIONING,LEA VALLEY HEALTH LTD,23419213,"1,836.84 ",,HT000037114
Department of Health,NHS East & North Hertfordshire CCG,31/08/2018,ME-PMS GP Prior Year AVCs,PRC DELEGATED CO-COMMISSIONING,LEA VALLEY HEALTH LTD,23419213,235.99 ,,HT000037114
Department of Health,NHS East & North Hertfordshire CCG,31/08/2018,ME-PMS GP Prior Year EEs,PRC DELEGATED CO-COMMISSIONING,LEA VALLEY HEALTH LTD,23419213,"3,149.79 ",,HT000037114
Department of Health,NHS East & North Hertfordshire CCG,31/08/2018,Miscellaneous Expenditure (L9),LOCAL ENHANCED SERVICES,LEA VALLEY HEALTH LTD,23461789,"31,320.00 ",,90
Department of Health,NHS East & North Hertfordshire CCG,31/08/2018,C&M-GMS DES Extended Hours Access,PRC DELEGATED CO-COMMISSIONING,LISTER HOUSE SURGERY HATFIELD,23626811,"6,039.15 ",,HT000037182
Department of Health,NHS East & North Hertfordshire CCG,31/08/2018,C&M-GMS DES Minor Surgery,PRC DELEGATED CO-COMMISSIONING,LISTER HOUSE SURGERY HATFIELD,23626811,"1,313.70 ",,HT000037182
Department of Health,NHS East & North Hertfordshire CCG,31/08/2018,C&M-GMS Global Sum,PRC DELEGATED CO-COMMISSIONING,LISTER HOUSE SURGERY HATFIELD,23626811,"88,647.22 ",,HT000037182
Department of Health,NHS East & North Hertfordshire CCG,31/08/2018,C&M-GMS Prem Notional Rent,PRC DELEGATED CO-COMMISSIONING,LISTER HOUSE SURGERY HATFIELD,23626811,"10,262.50 ",,HT000037182
Department of Health,NHS East & North Hertfordshire CCG,31/08/2018,C&M-GMS Prem Rates,PRC DELEGATED CO-COMMISSIONING,LISTER HOUSE SURGERY HATFIELD,23626811,"2,234.94 ",,HT000037182
Department of Health,NHS East & North Hertfordshire CCG,31/08/2018,C&M-GMS QOF Aspiration,PRC DELEGATED CO-COMMISSIONING,LISTER HOUSE SURGERY HATFIELD,23626811,"8,324.24 ",,HT000037182
Department of Health,NHS East & North Hertfordshire CCG,31/08/2018,Hcare Srv Rec Fdtn Trust-Contract Baseline,ACUTE COMMISSIONING,LUTON & DUNSTABLE HOSPITAL NHS FOUNDATION TRUST,23313259,"187,914.75 ",654929007,52990929
Department of Health,NHS East & North Hertfordshire CCG,31/08/2018,C&M-GMS DES Extended Hours Access,PRC DELEGATED CO-COMMISSIONING,MANOR HOUSE SURGERY STEVENAGE,23626812,"2,804.40 ",,HT000037183
Department of Health,NHS East & North Hertfordshire CCG,31/08/2018,C&M-GMS Global Sum,PRC DELEGATED CO-COMMISSIONING,MANOR HOUSE SURGERY STEVENAGE,23626812,"34,757.95 ",,HT000037183
Department of Health,NHS East & North Hertfordshire CCG,31/08/2018,C&M-GMS MPIG Correction Factor,PRC DELEGATED CO-COMMISSIONING,MANOR HOUSE SURGERY STEVENAGE,23626812,620.09 ,,HT000037183
Department of Health,NHS East & North Hertfordshire CCG,31/08/2018,C&M-GMS Prem Actual Rent,PRC DELEGATED CO-COMMISSIONING,MANOR HOUSE SURGERY STEVENAGE,23626812,"9,902.50 ",,HT000037183
Department of Health,NHS East & North Hertfordshire CCG,31/08/2018,C&M-GMS Prem Rates,PRC DELEGATED CO-COMMISSIONING,MANOR HOUSE SURGERY STEVENAGE,23626812,436.21 ,,HT000037183
Department of Health,NHS East & North Hertfordshire CCG,31/08/2018,C&M-GMS QOF Aspiration,PRC DELEGATED CO-COMMISSIONING,MANOR HOUSE SURGERY STEVENAGE,23626812,"2,769.11 ",,HT000037183
Department of Health,NHS East & North Hertfordshire CCG,31/08/2018,C&M-GMS DES Extended Hours Access,PRC DELEGATED CO-COMMISSIONING,MAPLES HEALTH CENTRE,23626814,"5,830.63 ",,HT000037185
Department of Health,NHS East & North Hertfordshire CCG,31/08/2018,C&M-GMS Global Sum,PRC DELEGATED CO-COMMISSIONING,MAPLES HEALTH CENTRE,23626814,"76,386.92 ",,HT000037185
Department of Health,NHS East & North Hertfordshire CCG,31/08/2018,C&M-GMS MPIG Correction Factor,PRC DELEGATED CO-COMMISSIONING,MAPLES HEALTH CENTRE,23626814,319.26 ,,HT000037185
Department of Health,NHS East & North Hertfordshire CCG,31/08/2018,C&M-GMS Prem Actual Rent,PRC DELEGATED CO-COMMISSIONING,MAPLES HEALTH CENTRE,23626814,"48,537.50 ",,HT000037185
Department of Health,NHS East & North Hertfordshire CCG,31/08/2018,C&M-GMS Prem Rates,PRC DELEGATED CO-COMMISSIONING,MAPLES HEALTH CENTRE,23626814,"2,487.07 ",,HT000037185
Department of Health,NHS East & North Hertfordshire CCG,31/08/2018,C&M-GMS Prem Water Rates,PRC DELEGATED CO-COMMISSIONING,MAPLES HEALTH CENTRE,23626814,90.93 ,,HT000037185
Department of Health,NHS East & North Hertfordshire CCG,31/08/2018,C&M-GMS QOF Aspiration,PRC DELEGATED CO-COMMISSIONING,MAPLES HEALTH CENTRE,23626814,"6,892.92 ",,HT000037185
Department of Health,NHS East & North Hertfordshire CCG,31/08/2018,Clinical&Medical-Voluntary Sector,COMMUNITY SERVICES,MARIE STOPES INTERNATIONAL,23482470,"36,107.19 ",882426016,MS181507
Department of Health,NHS East & North Hertfordshire CCG,31/08/2018,External Data Contracts,STRATEGY & DEVELOPMENT,MEDEANALYTICS,23384786,"58,738.00 ",,INV12938
Department of Health,NHS East & North Hertfordshire CCG,31/08/2018,External Data Contracts,STRATEGY & DEVELOPMENT,MEDEANALYTICS,23384787,"58,738.00 ",,INV12799
Department of Health,NHS East & North Hertfordshire CCG,31/08/2018,Hcare Srv Rec NHS Trust-Contract Baseline,ACUTE COMMISSIONING,MID ESSEX HOSPITALS SERVICES NHS TRUST,23345437,"107,923.00 ",,2000107451
Department of Health,NHS East & North Hertfordshire CCG,31/08/2018,Clinical&Medical-Independent Sector,WHEELCHAIR SERVICE,MILLBROOK HEALTHCARE LTD,23363542,"123,108.05 ",GB675991080,18597
Department of Health,NHS East & North Hertfordshire CCG,31/08/2018,Cont Care- Prior Year Payments,CHC ADULT FULLY FUNDED,MONREAD LODGE NURSING HOME LTD,23434102,"30,647.17 ",,MN008131
Department of Health,NHS East & North Hertfordshire CCG,31/08/2018,Cont Care-Physical Disab (65+),CHC ADULT FULLY FUNDED,MONREAD LODGE NURSING HOME LTD,23434102,"20,663.72 ",,MN008131
Department of Health,NHS East & North Hertfordshire CCG,31/08/2018,Hcare Srv Rec Fdtn Trust-Contract Baseline,ACUTE COMMISSIONING,MOORFIELDS EYE HOSPITAL NHS FOUNDATION TRUST,23345355,"370,391.00 ",,IC0034747
Department of Health,NHS East & North Hertfordshire CCG,31/08/2018,C&M-GMS DES Extended Hours Access,PRC DELEGATED CO-COMMISSIONING,MUCH HADHAM HLTH CNTRE,23626817,"3,078.48 ",876631000,HT000037189
Department of Health,NHS East & North Hertfordshire CCG,31/08/2018,C&M-GMS Global Sum,PRC DELEGATED CO-COMMISSIONING,MUCH HADHAM HLTH CNTRE,23626817,"47,922.13 ",876631000,HT000037189
Department of Health,NHS East & North Hertfordshire CCG,31/08/2018,C&M-GMS Prem Actual Rent,PRC DELEGATED CO-COMMISSIONING,MUCH HADHAM HLTH CNTRE,23626817,812.50 ,876631000,HT000037189
Department of Health,NHS East & North Hertfordshire CCG,31/08/2018,C&M-GMS Prem Notional Rent,PRC DELEGATED CO-COMMISSIONING,MUCH HADHAM HLTH CNTRE,23626817,650.00 ,876631000,HT000037189
Department of Health,NHS East & North Hertfordshire CCG,31/08/2018,C&M-GMS Prem Rates,PRC DELEGATED CO-COMMISSIONING,MUCH HADHAM HLTH CNTRE,23626817,681.10 ,876631000,HT000037189
Department of Health,NHS East & North Hertfordshire CCG,31/08/2018,C&M-GMS QOF Aspiration,PRC DELEGATED CO-COMMISSIONING,MUCH HADHAM HLTH CNTRE,23626817,"5,155.58 ",876631000,HT000037189
Department of Health,NHS East & North Hertfordshire CCG,31/08/2018,C&M-GMS Cost of Drugs -Dispensing,LOCAL ENHANCED SERVICES,MUCH HADHAM HLTH CNTRE,23658077,"(54,016.06)",876631000,HT000037493
Department of Health,NHS East & North Hertfordshire CCG,31/08/2018,C&M-GMS Cost of Drugs -Dispensing,LOCAL ENHANCED SERVICES,MUCH HADHAM HLTH CNTRE,23658079,"106,033.23 ",876631000,HT000037494
Department of Health,NHS East & North Hertfordshire CCG,31/08/2018,C&M-GMS Prof Fees Dispensing,PRC DELEGATED CO-COMMISSIONING,MUCH HADHAM HLTH CNTRE,23658079,"18,612.89 ",876631000,HT000037494
Department of Health,NHS East & North Hertfordshire CCG,31/08/2018,C&M-GMS DES Learn Dsblty Hlth Chk,PRC DELEGATED CO-COMMISSIONING,NEVELLS ROAD SURGERY,23646231,"5,180.00 ",,HT000037187
Department of Health,NHS East & North Hertfordshire CCG,31/08/2018,C&M-GMS Global Sum,PRC DELEGATED CO-COMMISSIONING,NEVELLS ROAD SURGERY,23646231,"71,093.19 ",,HT000037187
Department of Health,NHS East & North Hertfordshire CCG,31/08/2018,C&M-GMS Prem Actual Rent,PRC DELEGATED CO-COMMISSIONING,NEVELLS ROAD SURGERY,23646231,"7,250.00 ",,HT000037187
Department of Health,NHS East & North Hertfordshire CCG,31/08/2018,C&M-GMS Prem Notional Rent,PRC DELEGATED CO-COMMISSIONING,NEVELLS ROAD SURGERY,23646231,"1,166.67 ",,HT000037187
Department of Health,NHS East & North Hertfordshire CCG,31/08/2018,C&M-GMS Prem Water Rates,PRC DELEGATED CO-COMMISSIONING,NEVELLS ROAD SURGERY,23646231,167.04 ,,HT000037187
Department of Health,NHS East & North Hertfordshire CCG,31/08/2018,C&M-GMS QOF Aspiration,PRC DELEGATED CO-COMMISSIONING,NEVELLS ROAD SURGERY,23646231,"8,074.10 ",,HT000037187
Department of Health,NHS East & North Hertfordshire CCG,31/08/2018,Hcare Srv Rec NHS Trust-Contract Baseline,ACUTE COMMISSIONING,NORTH MIDDLESEX UNIVERSITY HOSPITAL NHS TRUST,23384751,"691,614.00 ",,051114
Department of Health,NHS East & North Hertfordshire CCG,31/08/2018,C&M-GMS DES Extended Hours Access,PRC DELEGATED CO-COMMISSIONING,ORFORD LODGE,23626821,"4,959.48 ",,HT000037195
Department of Health,NHS East & North Hertfordshire CCG,31/08/2018,C&M-GMS Global Sum,PRC DELEGATED CO-COMMISSIONING,ORFORD LODGE,23626821,"70,006.07 ",,HT000037195
Department of Health,NHS East & North Hertfordshire CCG,31/08/2018,C&M-GMS Prem Actual Rent,PRC DELEGATED CO-COMMISSIONING,ORFORD LODGE,23626821,"30,690.00 ",,HT000037195
Department of Health,NHS East & North Hertfordshire CCG,31/08/2018,C&M-GMS Prem Rates,PRC DELEGATED CO-COMMISSIONING,ORFORD LODGE,23626821,"3,746.80 ",,HT000037195
Department of Health,NHS East & North Hertfordshire CCG,31/08/2018,C&M-GMS QOF Aspiration,PRC DELEGATED CO-COMMISSIONING,ORFORD LODGE,23626821,"7,206.81 ",,HT000037195
Department of Health,NHS East & North Hertfordshire CCG,31/08/2018,C&M-GMS Global Sum,PRC DELEGATED CO-COMMISSIONING,PARK GREEN SURGERY BROXBOURNE,23646233,"67,964.79 ",,HT000037191
Department of Health,NHS East & North Hertfordshire CCG,31/08/2018,C&M-GMS MPIG Correction Factor,PRC DELEGATED CO-COMMISSIONING,PARK GREEN SURGERY BROXBOURNE,23646233,622.42 ,,HT000037191
Department of Health,NHS East & North Hertfordshire CCG,31/08/2018,C&M-GMS PCO Other,PRC DELEGATED CO-COMMISSIONING,PARK GREEN SURGERY BROXBOURNE,23646233,"6,642.00 ",,HT000037191
Department of Health,NHS East & North Hertfordshire CCG,31/08/2018,C&M-GMS Prem Notional Rent,PRC DELEGATED CO-COMMISSIONING,PARK GREEN SURGERY BROXBOURNE,23646233,"7,216.67 ",,HT000037191
Department of Health,NHS East & North Hertfordshire CCG,31/08/2018,C&M-GMS Prem Rates,PRC DELEGATED CO-COMMISSIONING,PARK GREEN SURGERY BROXBOURNE,23646233,"1,226.69 ",,HT000037191
Department of Health,NHS East & North Hertfordshire CCG,31/08/2018,C&M-GMS Prem Water Rates,PRC DELEGATED CO-COMMISSIONING,PARK GREEN SURGERY BROXBOURNE,23646233,263.98 ,,HT000037191
Department of Health,NHS East & North Hertfordshire CCG,31/08/2018,C&M-GMS QOF Aspiration,PRC DELEGATED CO-COMMISSIONING,PARK GREEN SURGERY BROXBOURNE,23646233,"7,179.38 ",,HT000037191
Department of Health,NHS East & North Hertfordshire CCG,31/08/2018,C&M-GMS DES Extended Hours Access,PRC DELEGATED CO-COMMISSIONING,PARSONAGE SURGERY,23626819,"1,275.38 ",,HT000037193
Department of Health,NHS East & North Hertfordshire CCG,31/08/2018,C&M-GMS Global Sum,PRC DELEGATED CO-COMMISSIONING,PARSONAGE SURGERY,23626819,"34,252.98 ",,HT000037193
Department of Health,NHS East & North Hertfordshire CCG,31/08/2018,C&M-GMS MPIG Correction Factor,PRC DELEGATED CO-COMMISSIONING,PARSONAGE SURGERY,23626819,762.23 ,,HT000037193
Department of Health,NHS East & North Hertfordshire CCG,31/08/2018,C&M-GMS QOF Aspiration,PRC DELEGATED CO-COMMISSIONING,PARSONAGE SURGERY,23626819,"3,375.96 ",,HT000037193
Department of Health,NHS East & North Hertfordshire CCG,31/08/2018,C&M-GMS DES Extended Hours Access,PRC DELEGATED CO-COMMISSIONING,PEARTREE GROUP PRACTICE,23630820,"9,922.28 ",,HT000037201
Department of Health,NHS East & North Hertfordshire CCG,31/08/2018,C&M-GMS Global Sum,PRC DELEGATED CO-COMMISSIONING,PEARTREE GROUP PRACTICE,23630820,"138,023.72 ",,HT000037201
Department of Health,NHS East & North Hertfordshire CCG,31/08/2018,C&M-GMS Prem Actual Rent,PRC DELEGATED CO-COMMISSIONING,PEARTREE GROUP PRACTICE,23630820,"6,375.00 ",,HT000037201
Department of Health,NHS East & North Hertfordshire CCG,31/08/2018,C&M-GMS Prem Notional Rent,PRC DELEGATED CO-COMMISSIONING,PEARTREE GROUP PRACTICE,23630820,"7,578.33 ",,HT000037201
Department of Health,NHS East & North Hertfordshire CCG,31/08/2018,C&M-GMS Prem Rates,PRC DELEGATED CO-COMMISSIONING,PEARTREE GROUP PRACTICE,23630820,"3,145.31 ",,HT000037201
Department of Health,NHS East & North Hertfordshire CCG,31/08/2018,C&M-GMS QOF Aspiration,PRC DELEGATED CO-COMMISSIONING,PEARTREE GROUP PRACTICE,23630820,"14,602.38 ",,HT000037201
Department of Health,NHS East & North Hertfordshire CCG,31/08/2018,Clinical&Medical-Independent Sector,ACUTE COMMISSIONING,PINEHILL HOSPITAL,23384820,"543,154.00 ",GB426505170 1,ENHCCGPINAUG18
Department of Health,NHS East & North Hertfordshire CCG,31/08/2018,Clinical&Medical-Independent Sector,ACUTE COMMISSIONING,PINEHILL HOSPITAL,23684192,"93,284.23 ",GB426505170 1,ENHCCGPININVFINAPR18A
Department of Health,NHS East & North Hertfordshire CCG,31/08/2018,Clinical&Medical-Independent Sector,ACUTE COMMISSIONING,PINEHILL HOSPITAL,23684195,"56,821.09 ",GB426505170 1,ENHCCGPININVFINMAY18A
Department of Health,NHS East & North Hertfordshire CCG,31/08/2018,C&M-GMS DES Extended Hours Access,PRC DELEGATED CO-COMMISSIONING,PORTMILL SURGERY,23646235,"6,742.15 ",,HT000037197
Department of Health,NHS East & North Hertfordshire CCG,31/08/2018,C&M-GMS DES Violent Patients,PRC DELEGATED CO-COMMISSIONING,PORTMILL SURGERY,23646235,"3,859.17 ",,HT000037197
Department of Health,NHS East & North Hertfordshire CCG,31/08/2018,C&M-GMS Global Sum,PRC DELEGATED CO-COMMISSIONING,PORTMILL SURGERY,23646235,"95,378.84 ",,HT000037197
Department of Health,NHS East & North Hertfordshire CCG,31/08/2018,C&M-GMS PCO Locum Adop/Pat/Mat,PRC DELEGATED CO-COMMISSIONING,PORTMILL SURGERY,23646235,"7,006.08 ",,HT000037197
Department of Health,NHS East & North Hertfordshire CCG,31/08/2018,C&M-GMS Prem Actual Rent,PRC DELEGATED CO-COMMISSIONING,PORTMILL SURGERY,23646235,"27,237.50 ",,HT000037197
Department of Health,NHS East & North Hertfordshire CCG,31/08/2018,C&M-GMS Prem Rates,PRC DELEGATED CO-COMMISSIONING,PORTMILL SURGERY,23646235,"6,365.50 ",,HT000037197
Department of Health,NHS East & North Hertfordshire CCG,31/08/2018,C&M-GMS QOF Aspiration,PRC DELEGATED CO-COMMISSIONING,PORTMILL SURGERY,23646235,"8,659.43 ",,HT000037197
Department of Health,NHS East & North Hertfordshire CCG,31/08/2018,ME - GMS GP Prior Year ERs,PRC DELEGATED CO-COMMISSIONING,PORTMILL SURGERY,23646235,"1,797.51 ",,HT000037197
Department of Health,NHS East & North Hertfordshire CCG,31/08/2018,ME-GMS GP Pension EEs Adjustments,PRC DELEGATED CO-COMMISSIONING,PORTMILL SURGERY,23646235,"1,815.50 ",,HT000037197
Department of Health,NHS East & North Hertfordshire CCG,31/08/2018,ME-GMS GP Pension ERs Adjustments,PRC DELEGATED CO-COMMISSIONING,PORTMILL SURGERY,23646235,869.76 ,,HT000037197
Department of Health,NHS East & North Hertfordshire CCG,31/08/2018,ME-GMS GP Prior Year EEs,PRC DELEGATED CO-COMMISSIONING,PORTMILL SURGERY,23646235,"1,562.49 ",,HT000037197
Department of Health,NHS East & North Hertfordshire CCG,31/08/2018,C&M-GMS DES Extended Hours Access,PRC DELEGATED CO-COMMISSIONING,POTTERELLS MEDICAL CENTRE,23626823,"8,203.73 ",,HT000037199
Department of Health,NHS East & North Hertfordshire CCG,31/08/2018,C&M-GMS Global Sum,PRC DELEGATED CO-COMMISSIONING,POTTERELLS MEDICAL CENTRE,23626823,"99,171.51 ",,HT000037199
Department of Health,NHS East & North Hertfordshire CCG,31/08/2018,C&M-GMS MPIG Correction Factor,PRC DELEGATED CO-COMMISSIONING,POTTERELLS MEDICAL CENTRE,23626823,"1,484.31 ",,HT000037199
Department of Health,NHS East & North Hertfordshire CCG,31/08/2018,C&M-GMS PCO Other,PRC DELEGATED CO-COMMISSIONING,POTTERELLS MEDICAL CENTRE,23626823,"10,283.00 ",,HT000037199
Department of Health,NHS East & North Hertfordshire CCG,31/08/2018,C&M-GMS Prem Actual Rent,PRC DELEGATED CO-COMMISSIONING,POTTERELLS MEDICAL CENTRE,23626823,"6,453.00 ",,HT000037199
Department of Health,NHS East & North Hertfordshire CCG,31/08/2018,C&M-GMS Prem Notional Rent,PRC DELEGATED CO-COMMISSIONING,POTTERELLS MEDICAL CENTRE,23626823,"5,516.42 ",,HT000037199
Department of Health,NHS East & North Hertfordshire CCG,31/08/2018,C&M-GMS Prem Rates,PRC DELEGATED CO-COMMISSIONING,POTTERELLS MEDICAL CENTRE,23626823,"2,445.94 ",,HT000037199
Department of Health,NHS East & North Hertfordshire CCG,31/08/2018,C&M-GMS QOF Aspiration,PRC DELEGATED CO-COMMISSIONING,POTTERELLS MEDICAL CENTRE,23626823,"6,799.92 ",,HT000037199
Department of Health,NHS East & North Hertfordshire CCG,31/07/2018,Hcare Srv Rec NHS Trust-Contract Baseline,ACUTE COMMISSIONING,PRINCESS ALEXANDRA HOSPITAL NHS TRUST,23215651,"5,276,927.47 ",654964985,BL180519
Department of Health,NHS East & North Hertfordshire CCG,31/08/2018,C&M-GMS DES Extended Hours Access,PRC DELEGATED CO-COMMISSIONING,PUCKERIDGE & STANDON SURGERY,23626826,"4,092.60 ",,HT000037205
Department of Health,NHS East & North Hertfordshire CCG,31/08/2018,C&M-GMS Global Sum,PRC DELEGATED CO-COMMISSIONING,PUCKERIDGE & STANDON SURGERY,23626826,"61,928.09 ",,HT000037205
Department of Health,NHS East & North Hertfordshire CCG,31/08/2018,C&M-GMS Prem Notional Rent,PRC DELEGATED CO-COMMISSIONING,PUCKERIDGE & STANDON SURGERY,23626826,"4,745.83 ",,HT000037205
Department of Health,NHS East & North Hertfordshire CCG,31/08/2018,C&M-GMS Prem Rates,PRC DELEGATED CO-COMMISSIONING,PUCKERIDGE & STANDON SURGERY,23626826,840.20 ,,HT000037205
Department of Health,NHS East & North Hertfordshire CCG,31/08/2018,C&M-GMS QOF Aspiration,PRC DELEGATED CO-COMMISSIONING,PUCKERIDGE & STANDON SURGERY,23626826,"6,026.12 ",,HT000037205
Department of Health,NHS East & North Hertfordshire CCG,31/08/2018,Cont Care- Adult 100% Fully Funded,CHC ADULT FULLY FUNDED,RAMSAY NEUROLOGICAL SERVICES,23584512,"250,000.00 ",,ENHERTS0818PF
Department of Health,NHS East & North Hertfordshire CCG,31/08/2018,C&M-GMS DES Extended Hours Access,PRC DELEGATED CO-COMMISSIONING,REGAL CHAMBERS SURGERY,23626825,"5,992.60 ",,HT000037203
Department of Health,NHS East & North Hertfordshire CCG,31/08/2018,C&M-GMS Global Sum,PRC DELEGATED CO-COMMISSIONING,REGAL CHAMBERS SURGERY,23626825,"86,368.94 ",,HT000037203
Department of Health,NHS East & North Hertfordshire CCG,31/08/2018,C&M-GMS MPIG Correction Factor,PRC DELEGATED CO-COMMISSIONING,REGAL CHAMBERS SURGERY,23626825,42.58 ,,HT000037203
Department of Health,NHS East & North Hertfordshire CCG,31/08/2018,C&M-GMS Prem Rates,PRC DELEGATED CO-COMMISSIONING,REGAL CHAMBERS SURGERY,23626825,"3,105.90 ",,HT000037203
Department of Health,NHS East & North Hertfordshire CCG,31/08/2018,C&M-GMS QOF Aspiration,PRC DELEGATED CO-COMMISSIONING,REGAL CHAMBERS SURGERY,23626825,"10,207.19 ",,HT000037203
Department of Health,NHS East & North Hertfordshire CCG,31/08/2018,ME-GMS GP Prior Year EEs,PRC DELEGATED CO-COMMISSIONING,REGAL CHAMBERS SURGERY,23626825,780.30 ,,HT000037203
Department of Health,NHS East & North Hertfordshire CCG,31/08/2018,Clinical&Medical-Independent Sector,ACUTE COMMISSIONING,RIVERS HOSPITAL,23384818,"759,093.00 ",426505170,ENHCCGAUG2018RIVERS
Department of Health,NHS East & North Hertfordshire CCG,31/08/2018,Clinical&Medical-Independent Sector,ACUTE COMMISSIONING,RIVERS HOSPITAL,23684197,"73,057.22 ",426505170,ENHCCGRIVINVFINMAY18
Department of Health,NHS East & North Hertfordshire CCG,31/08/2018,Hcare Srv Rec Fdtn Trust-Contract Baseline,ACUTE COMMISSIONING,ROYAL BROMPTON & HAREFIELD NHS FOUNDATION TRUST,23313264,"84,210.92 ",,S004206
Department of Health,NHS East & North Hertfordshire CCG,31/07/2018,Hcare Srv Rec Fdtn Trust-Contract Baseline,ACUTE COMMISSIONING,ROYAL FREE LONDON NHS FOUNDATION TRUST,23193630,"2,169,054.00 ",654946987,I0162035
Department of Health,NHS East & North Hertfordshire CCG,31/08/2018,Hcare Srv Rec NHS Trust-Contract Baseline,ACUTE COMMISSIONING,ROYAL NATIONAL ORTHOPAEDIC HOSPITAL NHS TRUST,23345405,"222,690.00 ",,B0037464
Department of Health,NHS East & North Hertfordshire CCG,31/08/2018,Hcare Srv Rec NHS Trust-Prior Year,ACUTE COMMISSIONING,ROYAL NATIONAL ORTHOPAEDIC HOSPITAL NHS TRUST,23405744,"(49,357.00)",,B0036891
Department of Health,NHS East & North Hertfordshire CCG,31/08/2018,Hcare Srv Rec NHS Trust-Prior Year,ACUTE COMMISSIONING,ROYAL NATIONAL ORTHOPAEDIC HOSPITAL NHS TRUST,23405760,"(25,634.00)",,B0037236
Department of Health,NHS East & North Hertfordshire CCG,31/08/2018,Hcare Srv Rec NHS Trust-Over/ Under Performance,ACUTE COMMISSIONING,ROYAL NATIONAL ORTHOPAEDIC HOSPITAL NHS TRUST,23482545,"26,624.00 ",,B0037602
Department of Health,NHS East & North Hertfordshire CCG,31/08/2018,Hcare Srv Rec Fdtn Trust-Contract Baseline,ACUTE COMMISSIONING,ROYAL PAPWORTH HOSPITAL NHS FOUNDATION TRUST,23345415,"116,503.00 ",,57790658
Department of Health,NHS East & North Hertfordshire CCG,31/08/2018,Legal / Prof Fees,CORPORATE COSTS & SERVICES,SENECA ADVISORY LTD,23642920,"39,000.00 ",263145713,ENH007
Department of Health,NHS East & North Hertfordshire CCG,31/08/2018,C&M-GMS DES Extended Hours Access,PRC DELEGATED CO-COMMISSIONING,SHEPHALL SURGERY,23626828,"3,855.10 ",,HT000037209
Department of Health,NHS East & North Hertfordshire CCG,31/08/2018,C&M-GMS Global Sum,PRC DELEGATED CO-COMMISSIONING,SHEPHALL SURGERY,23626828,"53,232.57 ",,HT000037209
Department of Health,NHS East & North Hertfordshire CCG,31/08/2018,C&M-GMS Prem Actual Rent,PRC DELEGATED CO-COMMISSIONING,SHEPHALL SURGERY,23626828,"9,966.67 ",,HT000037209
Department of Health,NHS East & North Hertfordshire CCG,31/08/2018,C&M-GMS Prem Rates,PRC DELEGATED CO-COMMISSIONING,SHEPHALL SURGERY,23626828,"7,729.85 ",,HT000037209
Department of Health,NHS East & North Hertfordshire CCG,31/08/2018,C&M-GMS QOF Aspiration,PRC DELEGATED CO-COMMISSIONING,SHEPHALL SURGERY,23626828,"5,611.83 ",,HT000037209
Department of Health,NHS East & North Hertfordshire CCG,31/08/2018,C&M-GMS Global Sum,PRC DELEGATED CO-COMMISSIONING,SHIPHAY MANOR & ABBEY ROAD SURGERY,23626830,"60,554.45 ",,HT000037211
Department of Health,NHS East & North Hertfordshire CCG,31/08/2018,C&M-GMS Other FDR Payment,PRC DELEGATED CO-COMMISSIONING,SHIPHAY MANOR & ABBEY ROAD SURGERY,23626830,"1,544.44 ",,HT000037211
Department of Health,NHS East & North Hertfordshire CCG,31/08/2018,C&M-GMS Prem Actual Rent,PRC DELEGATED CO-COMMISSIONING,SHIPHAY MANOR & ABBEY ROAD SURGERY,23626830,"4,208.34 ",,HT000037211
Department of Health,NHS East & North Hertfordshire CCG,31/08/2018,C&M-GMS QOF Aspiration,PRC DELEGATED CO-COMMISSIONING,SHIPHAY MANOR & ABBEY ROAD SURGERY,23626830,"6,106.36 ",,HT000037211
Department of Health,NHS East & North Hertfordshire CCG,31/08/2018,C&M-GMS DES Extended Hours Access,PRC DELEGATED CO-COMMISSIONING,SOUTH STREET SURGERY,23630822,"9,680.98 ",,HT000037207
Department of Health,NHS East & North Hertfordshire CCG,31/08/2018,C&M-GMS Global Sum,PRC DELEGATED CO-COMMISSIONING,SOUTH STREET SURGERY,23630822,"120,290.10 ",,HT000037207
Department of Health,NHS East & North Hertfordshire CCG,31/08/2018,C&M-GMS MPIG Correction Factor,PRC DELEGATED CO-COMMISSIONING,SOUTH STREET SURGERY,23630822,"3,097.73 ",,HT000037207
Department of Health,NHS East & North Hertfordshire CCG,31/08/2018,C&M-GMS Prem Actual Rent,PRC DELEGATED CO-COMMISSIONING,SOUTH STREET SURGERY,23630822,"19,887.50 ",,HT000037207
Department of Health,NHS East & North Hertfordshire CCG,31/08/2018,C&M-GMS Prem Rates,PRC DELEGATED CO-COMMISSIONING,SOUTH STREET SURGERY,23630822,"3,055.44 ",,HT000037207
Department of Health,NHS East & North Hertfordshire CCG,31/08/2018,C&M-GMS QOF Aspiration,PRC DELEGATED CO-COMMISSIONING,SOUTH STREET SURGERY,23630822,"14,738.54 ",,HT000037207
Department of Health,NHS East & North Hertfordshire CCG,31/08/2018,Clinical&Medical-Independent Sector,ACUTE COMMISSIONING,SPIRE HEALTHCARE LTD,23461989,"124,407.00 ",915970991,06KHPNPF181905
Department of Health,NHS East & North Hertfordshire CCG,31/08/2018,C&M-APMS Contract Value,PRC DELEGATED CO-COMMISSIONING,SPRING HOUSE MEDICAL CENTRE,23393349,"82,787.65 ",,HT000037108
Department of Health,NHS East & North Hertfordshire CCG,31/08/2018,C&M-APMS DES Minor Surgery,PRC DELEGATED CO-COMMISSIONING,SPRING HOUSE MEDICAL CENTRE,23393349,963.46 ,,HT000037108
Department of Health,NHS East & North Hertfordshire CCG,31/08/2018,C&M-APMS PCO Other,PRC DELEGATED CO-COMMISSIONING,SPRING HOUSE MEDICAL CENTRE,23393349,"5,737.00 ",,HT000037108
Department of Health,NHS East & North Hertfordshire CCG,31/08/2018,C&M-APMS Prem Actual Rent,PRC DELEGATED CO-COMMISSIONING,SPRING HOUSE MEDICAL CENTRE,23393349,"1,744.00 ",,HT000037108
Department of Health,NHS East & North Hertfordshire CCG,31/08/2018,C&M-APMS Prem Rates,PRC DELEGATED CO-COMMISSIONING,SPRING HOUSE MEDICAL CENTRE,23393349,"1,644.00 ",,HT000037108
Department of Health,NHS East & North Hertfordshire CCG,31/08/2018,C&M-APMS Prem Water Rates,PRC DELEGATED CO-COMMISSIONING,SPRING HOUSE MEDICAL CENTRE,23393349,649.65 ,,HT000037108
Department of Health,NHS East & North Hertfordshire CCG,31/08/2018,C&M-PMS QOF Aspiration,PRC DELEGATED CO-COMMISSIONING,SPRING HOUSE MEDICAL CENTRE,23393349,"3,162.50 ",,HT000037108
Department of Health,NHS East & North Hertfordshire CCG,31/08/2018,Hcare Srv Rec Fdtn Trust-Non Contract,NCAS/OATS,ST GEORGES UNIVERSITY HOSPITALS NHS FOUNDATION TRUST,23566589,"23,825.65 ",GB654461922,6415423
Department of Health,NHS East & North Hertfordshire CCG,31/08/2018,Hcare Srv Rec Fdtn Trust-Prior Year,REABLEMENT,ST GEORGES UNIVERSITY HOSPITALS NHS FOUNDATION TRUST,23566589,"1,489.79 ",GB654461922,6415423
Department of Health,NHS East & North Hertfordshire CCG,31/08/2018,C&M-GMS Global Sum,PRC DELEGATED CO-COMMISSIONING,STANHOPE SURGERY,23626835,"40,192.15 ",,HT000037217
Department of Health,NHS East & North Hertfordshire CCG,31/08/2018,C&M-GMS MPIG Correction Factor,PRC DELEGATED CO-COMMISSIONING,STANHOPE SURGERY,23626835,324.12 ,,HT000037217
Department of Health,NHS East & North Hertfordshire CCG,31/08/2018,C&M-GMS Prem Actual Rent,PRC DELEGATED CO-COMMISSIONING,STANHOPE SURGERY,23626835,"4,130.00 ",,HT000037217
Department of Health,NHS East & North Hertfordshire CCG,31/08/2018,C&M-GMS QOF Aspiration,PRC DELEGATED CO-COMMISSIONING,STANHOPE SURGERY,23626835,"3,727.31 ",,HT000037217
Department of Health,NHS East & North Hertfordshire CCG,31/08/2018,ME - GMS TPS Added Years Adj EEs,PRC DELEGATED CO-COMMISSIONING,STANMORE MEDICAL GROUP,23626836,"(1,139.54)",,HT000037218
Department of Health,NHS East & North Hertfordshire CCG,31/08/2018,ME-GMS GP Pension EEs,PRC DELEGATED CO-COMMISSIONING,STANMORE MEDICAL GROUP,23626836,"(16,574.70)",,HT000037218
Department of Health,NHS East & North Hertfordshire CCG,31/08/2018,ME-GMS GP Pension ERs Adjustments,PRC DELEGATED CO-COMMISSIONING,STANMORE MEDICAL GROUP,23626836,"(16,828.17)",,HT000037218
Department of Health,NHS East & North Hertfordshire CCG,31/08/2018,C&M-GMS DES Extended Hours Access,PRC DELEGATED CO-COMMISSIONING,STANMORE MEDICAL GROUP,23626837,"16,765.13 ",,HT000037219
Department of Health,NHS East & North Hertfordshire CCG,31/08/2018,C&M-GMS Global Sum,PRC DELEGATED CO-COMMISSIONING,STANMORE MEDICAL GROUP,23626837,"223,966.86 ",,HT000037219
Department of Health,NHS East & North Hertfordshire CCG,31/08/2018,C&M-GMS MPIG Correction Factor,PRC DELEGATED CO-COMMISSIONING,STANMORE MEDICAL GROUP,23626837,936.24 ,,HT000037219
Department of Health,NHS East & North Hertfordshire CCG,31/08/2018,C&M-GMS Prem Notional Rent,PRC DELEGATED CO-COMMISSIONING,STANMORE MEDICAL GROUP,23626837,"2,441.67 ",,HT000037219
Department of Health,NHS East & North Hertfordshire CCG,31/08/2018,C&M-GMS QOF Aspiration,PRC DELEGATED CO-COMMISSIONING,STANMORE MEDICAL GROUP,23626837,"22,249.47 ",,HT000037219
Department of Health,NHS East & North Hertfordshire CCG,31/08/2018,C&M-GMS DES Extended Hours Access,PRC DELEGATED CO-COMMISSIONING,STOCKWELL LODGE MEDICAL CENTRE,23646237,"5,527.10 ",,HT000037215
Department of Health,NHS East & North Hertfordshire CCG,31/08/2018,C&M-GMS Global Sum,PRC DELEGATED CO-COMMISSIONING,STOCKWELL LODGE MEDICAL CENTRE,23646237,"72,146.89 ",,HT000037215
Department of Health,NHS East & North Hertfordshire CCG,31/08/2018,C&M-GMS MPIG Correction Factor,PRC DELEGATED CO-COMMISSIONING,STOCKWELL LODGE MEDICAL CENTRE,23646237,646.73 ,,HT000037215
Department of Health,NHS East & North Hertfordshire CCG,31/08/2018,C&M-GMS Prem Notional Rent,PRC DELEGATED CO-COMMISSIONING,STOCKWELL LODGE MEDICAL CENTRE,23646237,"9,583.33 ",,HT000037215
Department of Health,NHS East & North Hertfordshire CCG,31/08/2018,C&M-GMS QOF Aspiration,PRC DELEGATED CO-COMMISSIONING,STOCKWELL LODGE MEDICAL CENTRE,23646237,"6,781.23 ",,HT000037215
Department of Health,NHS East & North Hertfordshire CCG,31/08/2018,ME - GMS GP Prior Year ERs,PRC DELEGATED CO-COMMISSIONING,STOCKWELL LODGE MEDICAL CENTRE,23646237,"3,130.77 ",,HT000037215
Department of Health,NHS East & North Hertfordshire CCG,31/08/2018,ME-GMS GP Pension EEs Adjustments,PRC DELEGATED CO-COMMISSIONING,STOCKWELL LODGE MEDICAL CENTRE,23646237,"1,169.07 ",,HT000037215
Department of Health,NHS East & North Hertfordshire CCG,31/08/2018,ME-GMS GP Pension ERs Adjustments,PRC DELEGATED CO-COMMISSIONING,STOCKWELL LODGE MEDICAL CENTRE,23646237,"1,344.91 ",,HT000037215
Department of Health,NHS East & North Hertfordshire CCG,31/08/2018,ME-GMS GP Prior Year EEs,PRC DELEGATED CO-COMMISSIONING,STOCKWELL LODGE MEDICAL CENTRE,23646237,"2,721.43 ",,HT000037215
Department of Health,NHS East & North Hertfordshire CCG,31/08/2018,C&M-GMS Practice Transformational Support,LOCAL ENHANCED SERVICES,STORT VALLEY HEALTH CARE LTD,23684052,"30,000.00 ",,1
Department of Health,NHS East & North Hertfordshire CCG,31/08/2018,C&M-GMS DES Extended Hours Access,PRC DELEGATED CO-COMMISSIONING,SURGERY ASTONIA HOUSE,23626832,"6,126.08 ",,HT000037213
Department of Health,NHS East & North Hertfordshire CCG,31/08/2018,C&M-GMS Global Sum,PRC DELEGATED CO-COMMISSIONING,SURGERY ASTONIA HOUSE,23626832,"85,176.00 ",,HT000037213
Department of Health,NHS East & North Hertfordshire CCG,31/08/2018,C&M-GMS MPIG Correction Factor,PRC DELEGATED CO-COMMISSIONING,SURGERY ASTONIA HOUSE,23626832,534.09 ,,HT000037213
Department of Health,NHS East & North Hertfordshire CCG,31/08/2018,C&M-GMS PCO Doctors Ret Scheme,PRC DELEGATED CO-COMMISSIONING,SURGERY ASTONIA HOUSE,23626832,"2,538.30 ",,HT000037213
Department of Health,NHS East & North Hertfordshire CCG,31/08/2018,C&M-GMS Prem Actual Rent,PRC DELEGATED CO-COMMISSIONING,SURGERY ASTONIA HOUSE,23626832,"39,775.75 ",,HT000037213
Department of Health,NHS East & North Hertfordshire CCG,31/08/2018,C&M-GMS Prem Rates,PRC DELEGATED CO-COMMISSIONING,SURGERY ASTONIA HOUSE,23626832,"1,697.21 ",,HT000037213
Department of Health,NHS East & North Hertfordshire CCG,31/08/2018,C&M-GMS Prem Water Rates,PRC DELEGATED CO-COMMISSIONING,SURGERY ASTONIA HOUSE,23626832,89.05 ,,HT000037213
Department of Health,NHS East & North Hertfordshire CCG,31/08/2018,C&M-GMS QOF Aspiration,PRC DELEGATED CO-COMMISSIONING,SURGERY ASTONIA HOUSE,23626832,"9,729.83 ",,HT000037213
Department of Health,NHS East & North Hertfordshire CCG,31/08/2018,C&M-GMS DES Extended Hours Access,PRC DELEGATED CO-COMMISSIONING,SYMONDS GREEN HEALTH CENTRE,23626839,"2,107.10 ",,HT000037221
Department of Health,NHS East & North Hertfordshire CCG,31/08/2018,C&M-GMS Global Sum,PRC DELEGATED CO-COMMISSIONING,SYMONDS GREEN HEALTH CENTRE,23626839,"29,982.25 ",,HT000037221
Department of Health,NHS East & North Hertfordshire CCG,31/08/2018,C&M-GMS MPIG Correction Factor,PRC DELEGATED CO-COMMISSIONING,SYMONDS GREEN HEALTH CENTRE,23626839,137.57 ,,HT000037221
Department of Health,NHS East & North Hertfordshire CCG,31/08/2018,C&M-GMS QOF Aspiration,PRC DELEGATED CO-COMMISSIONING,SYMONDS GREEN HEALTH CENTRE,23626839,"2,799.76 ",,HT000037221
Department of Health,NHS East & North Hertfordshire CCG,31/08/2018,Hcare Srv Rec Fdtn Trust-Contract Baseline,ACUTE COMMISSIONING,UNIVERSITY COLLEGE LONDON HOSPITALS NHS FOUNDATION TRUST,23313335,"614,646.00 ",654948687,SLA3951
Department of Health,NHS East & North Hertfordshire CCG,31/08/2018,Telecoms-Data lines,ADHOC BUSINESS,VIRGIN MEDIA BUSINESS LTD,23387349,"238,935.61 ",591819014,931138058
Department of Health,NHS East & North Hertfordshire CCG,31/08/2018,Telecoms-Data lines,ADHOC BUSINESS,VIRGIN MEDIA BUSINESS LTD,23387350,"240,062.81 ",591819014,931559048B
Department of Health,NHS East & North Hertfordshire CCG,31/08/2018,C&M-GMS Global Sum,PRC DELEGATED CO-COMMISSIONING,WALLACE HOUSE SURGERY,23626843,"87,107.71 ",,HT000037225
Department of Health,NHS East & North Hertfordshire CCG,31/08/2018,C&M-GMS MPIG Correction Factor,PRC DELEGATED CO-COMMISSIONING,WALLACE HOUSE SURGERY,23626843,322.01 ,,HT000037225
Department of Health,NHS East & North Hertfordshire CCG,31/08/2018,C&M-GMS QOF Aspiration,PRC DELEGATED CO-COMMISSIONING,WALLACE HOUSE SURGERY,23626843,"9,621.18 ",,HT000037225
Department of Health,NHS East & North Hertfordshire CCG,31/08/2018,C&M-GMS DES Extended Hours Access,PRC DELEGATED CO-COMMISSIONING,WARDEN LODGE MEDICAL PRACTICE,23646238,"5,036.43 ",,HT000037227
Department of Health,NHS East & North Hertfordshire CCG,31/08/2018,C&M-GMS Global Sum,PRC DELEGATED CO-COMMISSIONING,WARDEN LODGE MEDICAL PRACTICE,23646238,"69,030.06 ",,HT000037227
Department of Health,NHS East & North Hertfordshire CCG,31/08/2018,C&M-GMS Other FDR Payment,PRC DELEGATED CO-COMMISSIONING,WARDEN LODGE MEDICAL PRACTICE,23646238,"3,086.39 ",,HT000037227
Department of Health,NHS East & North Hertfordshire CCG,31/08/2018,C&M-GMS Prem Actual Rent,PRC DELEGATED CO-COMMISSIONING,WARDEN LODGE MEDICAL PRACTICE,23646238,"12,317.50 ",,HT000037227
Department of Health,NHS East & North Hertfordshire CCG,31/08/2018,C&M-GMS Prem Rates,PRC DELEGATED CO-COMMISSIONING,WARDEN LODGE MEDICAL PRACTICE,23646238,"1,915.66 ",,HT000037227
Department of Health,NHS East & North Hertfordshire CCG,31/08/2018,C&M-GMS QOF Aspiration,PRC DELEGATED CO-COMMISSIONING,WARDEN LODGE MEDICAL PRACTICE,23646238,"7,493.89 ",,HT000037227
Department of Health,NHS East & North Hertfordshire CCG,31/08/2018,ME-GMS GP Pension AVCs,PRC DELEGATED CO-COMMISSIONING,WARDEN LODGE MEDICAL PRACTICE,23646238,522.93 ,,HT000037227
Department of Health,NHS East & North Hertfordshire CCG,31/08/2018,ME-GMS GP Pension EEs Adjustments,PRC DELEGATED CO-COMMISSIONING,WARDEN LODGE MEDICAL PRACTICE,23646238,"2,690.00 ",,HT000037227
Department of Health,NHS East & North Hertfordshire CCG,31/08/2018,ME-GMS GP Pension ERs Adjustments,PRC DELEGATED CO-COMMISSIONING,WARDEN LODGE MEDICAL PRACTICE,23646238,"3,094.57 ",,HT000037227
Department of Health,NHS East & North Hertfordshire CCG,31/08/2018,C&M-GMS Global Sum,PRC DELEGATED CO-COMMISSIONING,WATTON PLACE CLINIC,23626845,"34,308.81 ",,HT000037228
Department of Health,NHS East & North Hertfordshire CCG,31/08/2018,C&M-GMS MPIG Correction Factor,PRC DELEGATED CO-COMMISSIONING,WATTON PLACE CLINIC,23626845,208.54 ,,HT000037228
Department of Health,NHS East & North Hertfordshire CCG,31/08/2018,C&M-GMS PCO Other,PRC DELEGATED CO-COMMISSIONING,WATTON PLACE CLINIC,23626845,"3,354.00 ",,HT000037228
Department of Health,NHS East & North Hertfordshire CCG,31/08/2018,C&M-GMS Prem Actual Rent,PRC DELEGATED CO-COMMISSIONING,WATTON PLACE CLINIC,23626845,"8,819.75 ",,HT000037228
Department of Health,NHS East & North Hertfordshire CCG,31/08/2018,C&M-GMS Prem Notional Rent,PRC DELEGATED CO-COMMISSIONING,WATTON PLACE CLINIC,23626845,"1,737.50 ",,HT000037228
Department of Health,NHS East & North Hertfordshire CCG,31/08/2018,C&M-GMS Prem Water Rates,PRC DELEGATED CO-COMMISSIONING,WATTON PLACE CLINIC,23626845,157.82 ,,HT000037228
Department of Health,NHS East & North Hertfordshire CCG,31/08/2018,C&M-GMS QOF Aspiration,PRC DELEGATED CO-COMMISSIONING,WATTON PLACE CLINIC,23626845,"2,926.53 ",,HT000037228
Department of Health,NHS East & North Hertfordshire CCG,31/08/2018,C&M-GMS Cost of Drugs -Dispensing,LOCAL ENHANCED SERVICES,WATTON PLACE CLINIC,23658104,"(51,615.67)",,HT000037514
Department of Health,NHS East & North Hertfordshire CCG,31/08/2018,C&M-GMS Cost of Drugs -Dispensing,LOCAL ENHANCED SERVICES,WATTON PLACE CLINIC,23658105,"101,533.47 ",,HT000037515
Department of Health,NHS East & North Hertfordshire CCG,31/08/2018,C&M-GMS Prof Fees Dispensing,PRC DELEGATED CO-COMMISSIONING,WATTON PLACE CLINIC,23658105,"16,460.39 ",,HT000037515
Department of Health,NHS East & North Hertfordshire CCG,31/08/2018,Hcare Srv Rec NHS Trust-Contract Baseline,ACUTE COMMISSIONING,WEST HERTFORDSHIRE HOSPITALS NHS TRUST,23384759,"257,008.72 ",,0000254955
Department of Health,NHS East & North Hertfordshire CCG,31/08/2018,Hcare Srv Rec NHS Trust-Over/ Under Performance,ACUTE COMMISSIONING,WEST HERTFORDSHIRE HOSPITALS NHS TRUST,23703368,"63,409.00 ",,0000255269
Department of Health,NHS East & North Hertfordshire CCG,31/08/2018,Hcare Srv Rec NHS Trust-Contract Baseline,ACUTE COMMISSIONING,WHITTINGTON HOSPITAL NHS TRUST (THE),23384845,"29,516.83 ",654948100,00082882
Department of Health,NHS East & North Hertfordshire CCG,31/08/2018,C&M-GMS DES OOAR in hrs urgentcare,PRC DELEGATED CO-COMMISSIONING,WHITWELL SURGERY,23626841,329.79 ,,HT000037223
Department of Health,NHS East & North Hertfordshire CCG,31/08/2018,C&M-GMS DES Extended Hours Access,PRC DELEGATED CO-COMMISSIONING,WHITWELL SURGERY,23626841,"1,298.65 ",,HT000037223
Department of Health,NHS East & North Hertfordshire CCG,31/08/2018,C&M-GMS Global Sum,PRC DELEGATED CO-COMMISSIONING,WHITWELL SURGERY,23626841,"21,453.30 ",,HT000037223
Department of Health,NHS East & North Hertfordshire CCG,31/08/2018,C&M-GMS Prem Actual Rent,PRC DELEGATED CO-COMMISSIONING,WHITWELL SURGERY,23626841,"12,037.50 ",,HT000037223
Department of Health,NHS East & North Hertfordshire CCG,31/08/2018,C&M-GMS QOF Aspiration,PRC DELEGATED CO-COMMISSIONING,WHITWELL SURGERY,23626841,"1,672.89 ",,HT000037223
Department of Health,NHS East & North Hertfordshire CCG,31/08/2018,C&M-GMS Cost of Drugs -Dispensing,LOCAL ENHANCED SERVICES,WHITWELL SURGERY,23658101,"37,409.59 ",,HT000037511
Department of Health,NHS East & North Hertfordshire CCG,31/08/2018,C&M-GMS Prof Fees Dispensing,PRC DELEGATED CO-COMMISSIONING,WHITWELL SURGERY,23658101,"7,245.42 ",,HT000037511
Department of Health,NHS East & North Hertfordshire CCG,31/08/2018,C&M-GMS PrscrptnChrgsColl&RmttdbyGP,LOCAL ENHANCED SERVICES,WHITWELL SURGERY,23658101,"1,742.40 ",,HT000037511
Department of Health,NHS East & North Hertfordshire CCG,31/08/2018,C&M-GMS DES Extended Hours Access,PRC DELEGATED CO-COMMISSIONING,WRAFTON HOUSE,23626847,"4,583.28 ",,HT000037230
Department of Health,NHS East & North Hertfordshire CCG,31/08/2018,C&M-GMS DES Learn Dsblty Hlth Chk,PRC DELEGATED CO-COMMISSIONING,WRAFTON HOUSE,23626847,"3,360.00 ",,HT000037230
Department of Health,NHS East & North Hertfordshire CCG,31/08/2018,C&M-GMS Global Sum,PRC DELEGATED CO-COMMISSIONING,WRAFTON HOUSE,23626847,"66,725.10 ",,HT000037230
Department of Health,NHS East & North Hertfordshire CCG,31/08/2018,C&M-GMS Prem Actual Rent,PRC DELEGATED CO-COMMISSIONING,WRAFTON HOUSE,23626847,"30,436.00 ",,HT000037230
Department of Health,NHS East & North Hertfordshire CCG,31/08/2018,C&M-GMS Prem Rates,PRC DELEGATED CO-COMMISSIONING,WRAFTON HOUSE,23626847,"2,183.83 ",,HT000037230
Department of Health,NHS East & North Hertfordshire CCG,31/08/2018,C&M-GMS QOF Aspiration,PRC DELEGATED CO-COMMISSIONING,WRAFTON HOUSE,23626847,"7,458.56 ",,HT000037230
Department of Health,NHS East & North Hertfordshire CCG,31/08/2018,Cont Care-FNC Client Continence Allow,FUNDED NURSING CARE,WYMONDLEY NURSING & CARE HOME LTD,23363696,952.02 ,,NHS477
Department of Health,NHS East & North Hertfordshire CCG,31/08/2018,Cont Care-Funded Nursing Care Allow,FUNDED NURSING CARE,WYMONDLEY NURSING & CARE HOME LTD,23363696,"32,919.74 ",,NHS477
,,,,,,,,,
,,,,,,,"56,637,210.36 ",,
