A3131 - Expenditure Over Threshold,,,,,,,,,
,,,,,,,,,
,,,,,,,,,
,,,,,,,,,
Time run: 07/12/2018 15:27:58,,,,,,,,,
,,,,,,,,,
Department family,Entity,Date,Expense Type,Expense area,Supplier,Transaction number,AP Amount (�),VAT registration number,Purchase invoice number
Department of Health,NHS East & North Hertfordshire CCG,30/11/2018,C&M-APMS Contract Value,PRC DELEGATED CO-COMMISSIONING,12 POINT CARE LTD,24669183,"(64,696.86)",,HT000038520
Department of Health,NHS East & North Hertfordshire CCG,30/11/2018,C&M-APMS Contract Value,PRC DELEGATED CO-COMMISSIONING,12 POINT CARE LTD,24669184,"110,126.06 ",,HT000038521
Department of Health,NHS East & North Hertfordshire CCG,30/11/2018,C&M-APMS Prem Actual Rent,PRC DELEGATED CO-COMMISSIONING,12 POINT CARE LTD,24669184,"22,100.00 ",,HT000038521
Department of Health,NHS East & North Hertfordshire CCG,30/11/2018,C&M-APMS Prem Rates,PRC DELEGATED CO-COMMISSIONING,12 POINT CARE LTD,24669184,810.28 ,,HT000038521
Department of Health,NHS East & North Hertfordshire CCG,30/11/2018,C&M-PMS QOF Aspiration,PRC DELEGATED CO-COMMISSIONING,12 POINT CARE LTD,24669184,"3,312.79 ",,HT000038521
Department of Health,NHS East & North Hertfordshire CCG,30/11/2018,C&M-APMS LES Extended Hours,GP FORWARD VIEW,12 POINT CARE LTD,24727425,"36,742.20 ",,12PCEASAPM02
Department of Health,NHS East & North Hertfordshire CCG,30/11/2018,C&M-GMS DES Learn Dsblty Hlth Chk,PRC DELEGATED CO-COMMISSIONING,AMWELL STREET SURGERY,24905116,"1,260.00 ",,HT000038543
Department of Health,NHS East & North Hertfordshire CCG,30/11/2018,C&M-GMS Global Sum,PRC DELEGATED CO-COMMISSIONING,AMWELL STREET SURGERY,24905116,"82,567.34 ",,HT000038543
Department of Health,NHS East & North Hertfordshire CCG,30/11/2018,C&M-GMS MPIG Correction Factor,PRC DELEGATED CO-COMMISSIONING,AMWELL STREET SURGERY,24905116,"2,310.15 ",,HT000038543
Department of Health,NHS East & North Hertfordshire CCG,30/11/2018,C&M-GMS PCO Locum Sickness,PRC DELEGATED CO-COMMISSIONING,AMWELL STREET SURGERY,24905116,"6,103.04 ",,HT000038543
Department of Health,NHS East & North Hertfordshire CCG,30/11/2018,C&M-GMS Prem Rates,PRC DELEGATED CO-COMMISSIONING,AMWELL STREET SURGERY,24905116,"8,381.00 ",,HT000038543
Department of Health,NHS East & North Hertfordshire CCG,30/11/2018,C&M-GMS QOF Aspiration,PRC DELEGATED CO-COMMISSIONING,AMWELL STREET SURGERY,24905116,"8,946.15 ",,HT000038543
Department of Health,NHS East & North Hertfordshire CCG,30/11/2018,C&M-GMS LES Anti-coagulation,LOCAL ENHANCED SERVICES,ASHWELL SURGERY,24895127,"28,576.24 ",879108291,FSEN1118002
Department of Health,NHS East & North Hertfordshire CCG,30/11/2018,C&M-GMS DES Learn Dsblty Hlth Chk,PRC DELEGATED CO-COMMISSIONING,ASHWELL SURGERY,24905112,140.00 ,879108291,HT000038539
Department of Health,NHS East & North Hertfordshire CCG,30/11/2018,C&M-GMS DES Minor Surgery,PRC DELEGATED CO-COMMISSIONING,ASHWELL SURGERY,24905112,"1,532.87 ",879108291,HT000038539
Department of Health,NHS East & North Hertfordshire CCG,30/11/2018,C&M-GMS Global Sum,PRC DELEGATED CO-COMMISSIONING,ASHWELL SURGERY,24905112,"57,275.71 ",879108291,HT000038539
Department of Health,NHS East & North Hertfordshire CCG,30/11/2018,C&M-GMS MPIG Correction Factor,PRC DELEGATED CO-COMMISSIONING,ASHWELL SURGERY,24905112,"1,150.80 ",879108291,HT000038539
Department of Health,NHS East & North Hertfordshire CCG,30/11/2018,C&M-GMS Prem Notional Rent,PRC DELEGATED CO-COMMISSIONING,ASHWELL SURGERY,24905112,"7,747.50 ",879108291,HT000038539
Department of Health,NHS East & North Hertfordshire CCG,30/11/2018,C&M-GMS Prem Rates,PRC DELEGATED CO-COMMISSIONING,ASHWELL SURGERY,24905112,"1,708.41 ",879108291,HT000038539
Department of Health,NHS East & North Hertfordshire CCG,30/11/2018,C&M-GMS Prem Water Rates,PRC DELEGATED CO-COMMISSIONING,ASHWELL SURGERY,24905112,44.09 ,879108291,HT000038539
Department of Health,NHS East & North Hertfordshire CCG,30/11/2018,C&M-GMS QOF Aspiration,PRC DELEGATED CO-COMMISSIONING,ASHWELL SURGERY,24905112,"4,794.78 ",879108291,HT000038539
Department of Health,NHS East & North Hertfordshire CCG,30/11/2018,C&M-GMS Cost of Drugs -Dispensing,LOCAL ENHANCED SERVICES,ASHWELL SURGERY,24930017,"(23,591.50)",879108291,HT000038851
Department of Health,NHS East & North Hertfordshire CCG,30/11/2018,C&M-GMS PrscChrgsCll&RmttdbyGPCntra,PRC DELEGATED CO-COMMISSIONING,ASHWELL SURGERY,24930017,"(1,795.20)",879108291,HT000038851
Department of Health,NHS East & North Hertfordshire CCG,30/11/2018,C&M-GMS Cost of Drugs -Dispensing,LOCAL ENHANCED SERVICES,ASHWELL SURGERY,24930018,"55,890.30 ",879108291,HT000038852
Department of Health,NHS East & North Hertfordshire CCG,30/11/2018,C&M-GMS Prof Fees Dispensing,PRC DELEGATED CO-COMMISSIONING,ASHWELL SURGERY,24930018,"9,729.22 ",879108291,HT000038852
Department of Health,NHS East & North Hertfordshire CCG,30/11/2018,C&M-GMS PrscrptnChrgsColl&RmttdbyGP,LOCAL ENHANCED SERVICES,ASHWELL SURGERY,24930018,"1,795.20 ",879108291,HT000038852
Department of Health,NHS East & North Hertfordshire CCG,30/11/2018,C&M-GMS Global Sum,PRC DELEGATED CO-COMMISSIONING,BANCROFT MEDICAL CENTRE,24741210,"70,128.32 ",,FSEN1118001
Department of Health,NHS East & North Hertfordshire CCG,30/11/2018,C&M-GMS DES Learn Dsblty Hlth Chk,PRC DELEGATED CO-COMMISSIONING,BANCROFT MEDICAL CENTRE,24905196,"1,960.00 ",,HT000038634
Department of Health,NHS East & North Hertfordshire CCG,30/11/2018,C&M-GMS Global Sum,PRC DELEGATED CO-COMMISSIONING,BANCROFT MEDICAL CENTRE,24905196,"122,628.50 ",,HT000038634
Department of Health,NHS East & North Hertfordshire CCG,30/11/2018,C&M-GMS MPIG Correction Factor,PRC DELEGATED CO-COMMISSIONING,BANCROFT MEDICAL CENTRE,24905196,239.37 ,,HT000038634
Department of Health,NHS East & North Hertfordshire CCG,30/11/2018,C&M-GMS Prem Actual Rent,PRC DELEGATED CO-COMMISSIONING,BANCROFT MEDICAL CENTRE,24905196,"60,927.50 ",,HT000038634
Department of Health,NHS East & North Hertfordshire CCG,30/11/2018,C&M-GMS Prem Rates,PRC DELEGATED CO-COMMISSIONING,BANCROFT MEDICAL CENTRE,24905196,"6,655.50 ",,HT000038634
Department of Health,NHS East & North Hertfordshire CCG,30/11/2018,C&M-GMS QOF Aspiration,PRC DELEGATED CO-COMMISSIONING,BANCROFT MEDICAL CENTRE,24905196,"11,393.36 ",,HT000038634
Department of Health,NHS East & North Hertfordshire CCG,30/11/2018,C&M-GMS Cost of Drugs -Dispensing,LOCAL ENHANCED SERVICES,BANCROFT MEDICAL CENTRE,24930072,"28,839.34 ",,HT000038910
Department of Health,NHS East & North Hertfordshire CCG,30/11/2018,C&M-GMS Cost of Drugs -Prescribing,LOCAL ENHANCED SERVICES,BANCROFT MEDICAL CENTRE,24930072,"4,755.50 ",,HT000038910
Department of Health,NHS East & North Hertfordshire CCG,30/11/2018,C&M-GMS Prof Fees Dispensing,PRC DELEGATED CO-COMMISSIONING,BANCROFT MEDICAL CENTRE,24930072,"3,915.95 ",,HT000038910
Department of Health,NHS East & North Hertfordshire CCG,30/11/2018,C&M-GMS Prof Fees Prescribing,PRC DELEGATED CO-COMMISSIONING,BANCROFT MEDICAL CENTRE,24930072,593.40 ,,HT000038910
Department of Health,NHS East & North Hertfordshire CCG,30/11/2018,C&M-GMS PrscrptnChrgsColl&RmttdbyGP,LOCAL ENHANCED SERVICES,BANCROFT MEDICAL CENTRE,24930072,862.40 ,,HT000038910
Department of Health,NHS East & North Hertfordshire CCG,30/11/2018,Hcare Srv Rec NHS Trust-Contract Baseline,ACUTE COMMISSIONING,BARKING HAVERING AND REDBRIDGE HOSPITALS NHS TRUST,24594963,"100,483.00 ",654924414,8452979
Department of Health,NHS East & North Hertfordshire CCG,30/11/2018,Hcare Srv Rec NHS Trust-Contract Baseline,ACUTE COMMISSIONING,BARTS HEALTH NHS TRUST,24857632,"228,260.81 ",654947005,353979
Department of Health,NHS East & North Hertfordshire CCG,30/11/2018,Hcare Srv Rec Fdtn Trust-Contract Baseline,ACUTE COMMISSIONING,BASILDON & THURROCK UNIVERSITY HOSPITALS NHS FOUNDATION TRUST,24611328,"43,245.00 ",GB 654911917,0000099126
Department of Health,NHS East & North Hertfordshire CCG,30/11/2018,Hcare Srv Rec NHS Trust-Contract Baseline,ACUTE COMMISSIONING,BEDFORD HOSPITAL NHS TRUST,24611204,"28,628.29 ",654912424,I0167340
Department of Health,NHS East & North Hertfordshire CCG,30/11/2018,C&M-GMS DES Learn Dsblty Hlth Chk,PRC DELEGATED CO-COMMISSIONING,BEDWELL MEDICAL CENTRE,24905114,"1,680.00 ",,HT000038541
Department of Health,NHS East & North Hertfordshire CCG,30/11/2018,C&M-GMS Global Sum,PRC DELEGATED CO-COMMISSIONING,BEDWELL MEDICAL CENTRE,24905114,"87,337.86 ",,HT000038541
Department of Health,NHS East & North Hertfordshire CCG,30/11/2018,C&M-GMS Prem Notional Rent,PRC DELEGATED CO-COMMISSIONING,BEDWELL MEDICAL CENTRE,24905114,"3,229.17 ",,HT000038541
Department of Health,NHS East & North Hertfordshire CCG,30/11/2018,C&M-GMS Prem Rates,PRC DELEGATED CO-COMMISSIONING,BEDWELL MEDICAL CENTRE,24905114,"2,042.89 ",,HT000038541
Department of Health,NHS East & North Hertfordshire CCG,30/11/2018,C&M-GMS QOF Aspiration,PRC DELEGATED CO-COMMISSIONING,BEDWELL MEDICAL CENTRE,24905114,"8,462.17 ",,HT000038541
Department of Health,NHS East & North Hertfordshire CCG,30/11/2018,ME - GMS GP Prior Year ERs,PRC DELEGATED CO-COMMISSIONING,BIRCHWOOD SURGERY,24905117,"(10,763.78)",,HT000038544
Department of Health,NHS East & North Hertfordshire CCG,30/11/2018,ME - GMS TPS Added Years Adj EEs,PRC DELEGATED CO-COMMISSIONING,BIRCHWOOD SURGERY,24905117,(224.16),,HT000038544
Department of Health,NHS East & North Hertfordshire CCG,30/11/2018,ME-GMS GP Pension EEs,PRC DELEGATED CO-COMMISSIONING,BIRCHWOOD SURGERY,24905117,"(6,110.98)",,HT000038544
Department of Health,NHS East & North Hertfordshire CCG,30/11/2018,ME-GMS GP Pension ERs Adjustments,PRC DELEGATED CO-COMMISSIONING,BIRCHWOOD SURGERY,24905117,"(6,643.90)",,HT000038544
Department of Health,NHS East & North Hertfordshire CCG,30/11/2018,ME-GMS GP Prior Year EEs,PRC DELEGATED CO-COMMISSIONING,BIRCHWOOD SURGERY,24905117,"(9,365.24)",,HT000038544
Department of Health,NHS East & North Hertfordshire CCG,30/11/2018,C&M-GMS DES Learn Dsblty Hlth Chk,PRC DELEGATED CO-COMMISSIONING,BIRCHWOOD SURGERY,24930983,"2,100.00 ",,HT000038545
Department of Health,NHS East & North Hertfordshire CCG,30/11/2018,C&M-GMS Global Sum,PRC DELEGATED CO-COMMISSIONING,BIRCHWOOD SURGERY,24930983,"92,803.22 ",,HT000038545
Department of Health,NHS East & North Hertfordshire CCG,30/11/2018,C&M-GMS PCO Locum Adop/Pat/Mat,PRC DELEGATED CO-COMMISSIONING,BIRCHWOOD SURGERY,24930983,"8,874.72 ",,HT000038545
Department of Health,NHS East & North Hertfordshire CCG,30/11/2018,C&M-GMS Prem Actual Rent,PRC DELEGATED CO-COMMISSIONING,BIRCHWOOD SURGERY,24930983,"26,550.00 ",,HT000038545
Department of Health,NHS East & North Hertfordshire CCG,30/11/2018,C&M-GMS Prem Rates,PRC DELEGATED CO-COMMISSIONING,BIRCHWOOD SURGERY,24930983,"11,829.52 ",,HT000038545
Department of Health,NHS East & North Hertfordshire CCG,30/11/2018,C&M-GMS QOF Aspiration,PRC DELEGATED CO-COMMISSIONING,BIRCHWOOD SURGERY,24930983,"11,389.28 ",,HT000038545
Department of Health,NHS East & North Hertfordshire CCG,30/11/2018,ME - GMS GP Prior Year ERs,PRC DELEGATED CO-COMMISSIONING,BIRCHWOOD SURGERY,24930983,"5,088.34 ",,HT000038545
Department of Health,NHS East & North Hertfordshire CCG,30/11/2018,ME-GMS GP Pension EEs Adjustments,PRC DELEGATED CO-COMMISSIONING,BIRCHWOOD SURGERY,24930983,"6,225.03 ",,HT000038545
Department of Health,NHS East & North Hertfordshire CCG,30/11/2018,ME-GMS GP Pension ERs Adjustments,PRC DELEGATED CO-COMMISSIONING,BIRCHWOOD SURGERY,24930983,"6,630.82 ",,HT000038545
Department of Health,NHS East & North Hertfordshire CCG,30/11/2018,ME-GMS GP Prior Year AVCs,PRC DELEGATED CO-COMMISSIONING,BIRCHWOOD SURGERY,24930983,246.41 ,,HT000038545
Department of Health,NHS East & North Hertfordshire CCG,30/11/2018,ME-GMS GP Prior Year EEs,PRC DELEGATED CO-COMMISSIONING,BIRCHWOOD SURGERY,24930983,"4,514.66 ",,HT000038545
Department of Health,NHS East & North Hertfordshire CCG,30/11/2018,Clinical&Medical-Independent Sector,ACUTE COMMISSIONING,BMI HEALTHCARE LTD,24707477,"107,041.78 ",GB235134980,0000099363
Department of Health,NHS East & North Hertfordshire CCG,30/11/2018,Clinical&Medical-Independent Sector,ACUTE COMMISSIONING,BMI HEALTHCARE LTD,24707482,"91,874.98 ",GB235134980,0000099373
Department of Health,NHS East & North Hertfordshire CCG,30/11/2018,Clinical&Medical-Independent Sector,ACUTE COMMISSIONING,BMI HEALTHCARE LTD,24770375,"89,752.11 ",GB235134980,0000098301
Department of Health,NHS East & North Hertfordshire CCG,30/11/2018,Clinical&Medical-Independent Sector,ACUTE COMMISSIONING,BMI HEALTHCARE LTD,24770376,"98,145.84 ",GB235134980,0000098300
Department of Health,NHS East & North Hertfordshire CCG,30/11/2018,Clinical&Medical-Independent Sector,COLLABORATIVE COMMISSIONING,BOURN HALL CLINIC,24808209,"32,840.00 ",,16276
Department of Health,NHS East & North Hertfordshire CCG,30/11/2018,Clinical&Medical-Voluntary Sector,COMMUNITY SERVICES,BPAS,24935463,"30,523.59 ",855924881,39285
Department of Health,NHS East & North Hertfordshire CCG,30/11/2018,C&M-GMS DES Learn Dsblty Hlth Chk,PRC DELEGATED CO-COMMISSIONING,BRIDGE COTTAGE SURGERY,24905123,"1,120.00 ",,HT000038551
Department of Health,NHS East & North Hertfordshire CCG,30/11/2018,C&M-GMS Global Sum,PRC DELEGATED CO-COMMISSIONING,BRIDGE COTTAGE SURGERY,24905123,"113,381.07 ",,HT000038551
Department of Health,NHS East & North Hertfordshire CCG,30/11/2018,C&M-GMS Prem Notional Rent,PRC DELEGATED CO-COMMISSIONING,BRIDGE COTTAGE SURGERY,24905123,"9,508.33 ",,HT000038551
Department of Health,NHS East & North Hertfordshire CCG,30/11/2018,C&M-GMS Prem Rates,PRC DELEGATED CO-COMMISSIONING,BRIDGE COTTAGE SURGERY,24905123,"2,550.32 ",,HT000038551
Department of Health,NHS East & North Hertfordshire CCG,30/11/2018,C&M-GMS Prem Water Rates,PRC DELEGATED CO-COMMISSIONING,BRIDGE COTTAGE SURGERY,24905123,175.71 ,,HT000038551
Department of Health,NHS East & North Hertfordshire CCG,30/11/2018,C&M-GMS QOF Aspiration,PRC DELEGATED CO-COMMISSIONING,BRIDGE COTTAGE SURGERY,24905123,"11,166.13 ",,HT000038551
Department of Health,NHS East & North Hertfordshire CCG,30/11/2018,C&M-GMS DES Learn Dsblty Hlth Chk,PRC DELEGATED CO-COMMISSIONING,BUNTINGFORD MEDICAL CENTRE,24905119,140.00 ,,HT000038547
Department of Health,NHS East & North Hertfordshire CCG,30/11/2018,C&M-GMS Global Sum,PRC DELEGATED CO-COMMISSIONING,BUNTINGFORD MEDICAL CENTRE,24905119,"51,301.37 ",,HT000038547
Department of Health,NHS East & North Hertfordshire CCG,30/11/2018,C&M-GMS Prem Actual Rent,PRC DELEGATED CO-COMMISSIONING,BUNTINGFORD MEDICAL CENTRE,24905119,"14,890.00 ",,HT000038547
Department of Health,NHS East & North Hertfordshire CCG,30/11/2018,C&M-GMS Prem Rates,PRC DELEGATED CO-COMMISSIONING,BUNTINGFORD MEDICAL CENTRE,24905119,817.07 ,,HT000038547
Department of Health,NHS East & North Hertfordshire CCG,30/11/2018,C&M-GMS QOF Aspiration,PRC DELEGATED CO-COMMISSIONING,BUNTINGFORD MEDICAL CENTRE,24905119,"4,885.79 ",,HT000038547
Department of Health,NHS East & North Hertfordshire CCG,30/11/2018,Cont Care- Adult 100% Fully Funded,CHC ADULT FULLY FUNDED,BUPA CARE HOMES,24852692,"3,587.14 ",239731641,BUP201810EN
Department of Health,NHS East & North Hertfordshire CCG,30/11/2018,Cont Care-Physical Disab (65+),CHC ADULT FULLY FUNDED,BUPA CARE HOMES,24852692,"21,522.86 ",239731641,BUP201810EN
Department of Health,NHS East & North Hertfordshire CCG,30/11/2018,C&M-GMS Global Sum,PRC DELEGATED CO-COMMISSIONING,BURVILL HOUSE SURGERY,24905121,"71,502.10 ",,HT000038549
Department of Health,NHS East & North Hertfordshire CCG,30/11/2018,C&M-GMS Other FDR Payment,PRC DELEGATED CO-COMMISSIONING,BURVILL HOUSE SURGERY,24905121,"2,989.42 ",,HT000038549
Department of Health,NHS East & North Hertfordshire CCG,30/11/2018,C&M-GMS PCO Locum Sickness,PRC DELEGATED CO-COMMISSIONING,BURVILL HOUSE SURGERY,24905121,"9,268.29 ",,HT000038549
Department of Health,NHS East & North Hertfordshire CCG,30/11/2018,C&M-GMS Prem Actual Rent,PRC DELEGATED CO-COMMISSIONING,BURVILL HOUSE SURGERY,24905121,350.00 ,,HT000038549
Department of Health,NHS East & North Hertfordshire CCG,30/11/2018,C&M-GMS Prem Notional Rent,PRC DELEGATED CO-COMMISSIONING,BURVILL HOUSE SURGERY,24905121,"4,808.33 ",,HT000038549
Department of Health,NHS East & North Hertfordshire CCG,30/11/2018,C&M-GMS Prem Rates,PRC DELEGATED CO-COMMISSIONING,BURVILL HOUSE SURGERY,24905121,"1,283.96 ",,HT000038549
Department of Health,NHS East & North Hertfordshire CCG,30/11/2018,C&M-GMS QOF Aspiration,PRC DELEGATED CO-COMMISSIONING,BURVILL HOUSE SURGERY,24905121,"6,398.11 ",,HT000038549
Department of Health,NHS East & North Hertfordshire CCG,31/10/2018,Hcare Srv Rec Fdtn Trust-Contract Baseline,ACUTE COMMISSIONING,CAMBRIDGE UNIVERSITY HOSPITALS NHS FOUNDATION TRUST,24506793,"1,414,983.75 ",654910528,70022141
Department of Health,NHS East & North Hertfordshire CCG,30/11/2018,Hcare Srv Rec Fdtn Trust-Over/ Under Performance,ACUTE COMMISSIONING,CAMBRIDGE UNIVERSITY HOSPITALS NHS FOUNDATION TRUST,24972995,"155,867.51 ",654910528,80211526
Department of Health,NHS East & North Hertfordshire CCG,30/11/2018,Cont Care-Learning Disab(<65),CHC ADULT FULLY FUNDED,CANDOUR CARE SERVICES,24707534,"31,307.67 ",,488
Department of Health,NHS East & North Hertfordshire CCG,30/11/2018,Cont Care-Physical Disab (<65),CHC ADULT FULLY FUNDED,CAREBRIDGE STAFFING LTD,24594455,"27,367.25 ",,SB68445082018
Department of Health,NHS East & North Hertfordshire CCG,30/11/2018,C&M-GMS DES Learn Dsblty Hlth Chk,PRC DELEGATED CO-COMMISSIONING,CASTLEGATE SURGERY HERTFORD,24905131,420.00 ,,HT000038559
Department of Health,NHS East & North Hertfordshire CCG,30/11/2018,C&M-GMS Global Sum,PRC DELEGATED CO-COMMISSIONING,CASTLEGATE SURGERY HERTFORD,24905131,"51,242.76 ",,HT000038559
Department of Health,NHS East & North Hertfordshire CCG,30/11/2018,C&M-GMS MPIG Correction Factor,PRC DELEGATED CO-COMMISSIONING,CASTLEGATE SURGERY HERTFORD,24905131,107.76 ,,HT000038559
Department of Health,NHS East & North Hertfordshire CCG,30/11/2018,C&M-GMS PCO Doctors Ret Scheme,PRC DELEGATED CO-COMMISSIONING,CASTLEGATE SURGERY HERTFORD,24905131,615.40 ,,HT000038559
Department of Health,NHS East & North Hertfordshire CCG,30/11/2018,C&M-GMS Prem Actual Rent,PRC DELEGATED CO-COMMISSIONING,CASTLEGATE SURGERY HERTFORD,24905131,"20,150.00 ",,HT000038559
Department of Health,NHS East & North Hertfordshire CCG,30/11/2018,C&M-GMS Prem Rates,PRC DELEGATED CO-COMMISSIONING,CASTLEGATE SURGERY HERTFORD,24905131,"1,164.41 ",,HT000038559
Department of Health,NHS East & North Hertfordshire CCG,30/11/2018,C&M-GMS QOF Aspiration,PRC DELEGATED CO-COMMISSIONING,CASTLEGATE SURGERY HERTFORD,24905131,"4,522.97 ",,HT000038559
Department of Health,NHS East & North Hertfordshire CCG,30/11/2018,C&M-GMS Global Sum,PRC DELEGATED CO-COMMISSIONING,CHELLS WAY SURGERY,24905125,"96,257.06 ",,HT000038553
Department of Health,NHS East & North Hertfordshire CCG,30/11/2018,C&M-GMS MPIG Correction Factor,PRC DELEGATED CO-COMMISSIONING,CHELLS WAY SURGERY,24905125,303.89 ,,HT000038553
Department of Health,NHS East & North Hertfordshire CCG,30/11/2018,C&M-GMS Prem Actual Rent,PRC DELEGATED CO-COMMISSIONING,CHELLS WAY SURGERY,24905125,"49,792.50 ",,HT000038553
Department of Health,NHS East & North Hertfordshire CCG,30/11/2018,C&M-GMS Prem Rates,PRC DELEGATED CO-COMMISSIONING,CHELLS WAY SURGERY,24905125,"1,092.26 ",,HT000038553
Department of Health,NHS East & North Hertfordshire CCG,30/11/2018,C&M-GMS QOF Aspiration,PRC DELEGATED CO-COMMISSIONING,CHELLS WAY SURGERY,24905125,"8,893.85 ",,HT000038553
Department of Health,NHS East & North Hertfordshire CCG,30/11/2018,ME - GMS GP Prior Year ERs,PRC DELEGATED CO-COMMISSIONING,CHELLS WAY SURGERY,24905125,"9,378.88 ",,HT000038553
Department of Health,NHS East & North Hertfordshire CCG,30/11/2018,ME-GMS GP Pension ERs Adjustments,PRC DELEGATED CO-COMMISSIONING,CHELLS WAY SURGERY,24905125,"1,044.49 ",,HT000038553
Department of Health,NHS East & North Hertfordshire CCG,30/11/2018,ME-GMS GP Prior Year EEs,PRC DELEGATED CO-COMMISSIONING,CHELLS WAY SURGERY,24905125,"10,569.22 ",,HT000038553
Department of Health,NHS East & North Hertfordshire CCG,30/11/2018,Hcare Srv Rec Fdtn Trust-Contract Baseline,ACUTE COMMISSIONING,CHELSEA AND WESTMINSTER HOSPITAL NHS FOUNDATION TRUST,24594493,"28,536.17 ",654915415,N0026674
Department of Health,NHS East & North Hertfordshire CCG,30/11/2018,C&M-GMS DES Learn Dsblty Hlth Chk,PRC DELEGATED CO-COMMISSIONING,CHURCH STREET SURGERY BISHOPS STORT,24905127,560.00 ,,HT000038555
Department of Health,NHS East & North Hertfordshire CCG,30/11/2018,C&M-GMS Global Sum,PRC DELEGATED CO-COMMISSIONING,CHURCH STREET SURGERY BISHOPS STORT,24905127,"97,866.52 ",,HT000038555
Department of Health,NHS East & North Hertfordshire CCG,30/11/2018,C&M-GMS MPIG Correction Factor,PRC DELEGATED CO-COMMISSIONING,CHURCH STREET SURGERY BISHOPS STORT,24905127,637.65 ,,HT000038555
Department of Health,NHS East & North Hertfordshire CCG,30/11/2018,C&M-GMS Prem Actual Rent,PRC DELEGATED CO-COMMISSIONING,CHURCH STREET SURGERY BISHOPS STORT,24905127,"8,600.00 ",,HT000038555
Department of Health,NHS East & North Hertfordshire CCG,30/11/2018,C&M-GMS Prem Cost Rent,PRC DELEGATED CO-COMMISSIONING,CHURCH STREET SURGERY BISHOPS STORT,24905127,"6,936.58 ",,HT000038555
Department of Health,NHS East & North Hertfordshire CCG,30/11/2018,C&M-GMS Prem Rates,PRC DELEGATED CO-COMMISSIONING,CHURCH STREET SURGERY BISHOPS STORT,24905127,"1,575.20 ",,HT000038555
Department of Health,NHS East & North Hertfordshire CCG,30/11/2018,C&M-GMS QOF Aspiration,PRC DELEGATED CO-COMMISSIONING,CHURCH STREET SURGERY BISHOPS STORT,24905127,"9,240.80 ",,HT000038555
Department of Health,NHS East & North Hertfordshire CCG,30/11/2018,C&M-GMS Global Sum,PRC DELEGATED CO-COMMISSIONING,CHURCH STREET SURGERY WARE,24905129,"59,243.34 ",,HT000038557
Department of Health,NHS East & North Hertfordshire CCG,30/11/2018,C&M-GMS MPIG Correction Factor,PRC DELEGATED CO-COMMISSIONING,CHURCH STREET SURGERY WARE,24905129,841.90 ,,HT000038557
Department of Health,NHS East & North Hertfordshire CCG,30/11/2018,C&M-GMS Prem Notional Rent,PRC DELEGATED CO-COMMISSIONING,CHURCH STREET SURGERY WARE,24905129,"6,129.17 ",,HT000038557
Department of Health,NHS East & North Hertfordshire CCG,30/11/2018,C&M-GMS Prem Rates,PRC DELEGATED CO-COMMISSIONING,CHURCH STREET SURGERY WARE,24905129,"2,208.00 ",,HT000038557
Department of Health,NHS East & North Hertfordshire CCG,30/11/2018,C&M-GMS QOF Aspiration,PRC DELEGATED CO-COMMISSIONING,CHURCH STREET SURGERY WARE,24905129,"6,780.75 ",,HT000038557
Department of Health,NHS East & North Hertfordshire CCG,30/11/2018,C&M-GMS DES Learn Dsblty Hlth Chk,PRC DELEGATED CO-COMMISSIONING,CROMWELL MEDICAL CENTRE,24905132,280.00 ,,HT000038560
Department of Health,NHS East & North Hertfordshire CCG,30/11/2018,C&M-GMS Global Sum,PRC DELEGATED CO-COMMISSIONING,CROMWELL MEDICAL CENTRE,24905132,"51,843.79 ",,HT000038560
Department of Health,NHS East & North Hertfordshire CCG,30/11/2018,C&M-GMS Prem Notional Rent,PRC DELEGATED CO-COMMISSIONING,CROMWELL MEDICAL CENTRE,24905132,"5,150.00 ",,HT000038560
Department of Health,NHS East & North Hertfordshire CCG,30/11/2018,C&M-GMS Prem Rates,PRC DELEGATED CO-COMMISSIONING,CROMWELL MEDICAL CENTRE,24905132,"2,028.05 ",,HT000038560
Department of Health,NHS East & North Hertfordshire CCG,30/11/2018,C&M-GMS QOF Aspiration,PRC DELEGATED CO-COMMISSIONING,CROMWELL MEDICAL CENTRE,24905132,"5,396.90 ",,HT000038560
Department of Health,NHS East & North Hertfordshire CCG,30/11/2018,C&M-GMS DES Learn Dsblty Hlth Chk,PRC DELEGATED CO-COMMISSIONING,CUFFLEY & GOFFS OAK MEDICAL PRACTICE,24905134,420.00 ,,HT000038562
Department of Health,NHS East & North Hertfordshire CCG,30/11/2018,C&M-GMS Global Sum,PRC DELEGATED CO-COMMISSIONING,CUFFLEY & GOFFS OAK MEDICAL PRACTICE,24905134,"87,752.57 ",,HT000038562
Department of Health,NHS East & North Hertfordshire CCG,30/11/2018,C&M-GMS Prem Rates,PRC DELEGATED CO-COMMISSIONING,CUFFLEY & GOFFS OAK MEDICAL PRACTICE,24905134,"2,036.10 ",,HT000038562
Department of Health,NHS East & North Hertfordshire CCG,30/11/2018,C&M-GMS QOF Aspiration,PRC DELEGATED CO-COMMISSIONING,CUFFLEY & GOFFS OAK MEDICAL PRACTICE,24905134,"8,375.55 ",,HT000038562
Department of Health,NHS East & North Hertfordshire CCG,30/11/2018,C&M-GMS DES Learn Dsblty Hlth Chk,PRC DELEGATED CO-COMMISSIONING,DOLPHIN HOUSE SURGERY,24905136,420.00 ,,HT000038564
Department of Health,NHS East & North Hertfordshire CCG,30/11/2018,C&M-GMS DES Minor Surgery,PRC DELEGATED CO-COMMISSIONING,DOLPHIN HOUSE SURGERY,24905136,"5,562.25 ",,HT000038564
Department of Health,NHS East & North Hertfordshire CCG,30/11/2018,C&M-GMS Global Sum,PRC DELEGATED CO-COMMISSIONING,DOLPHIN HOUSE SURGERY,24905136,"90,957.63 ",,HT000038564
Department of Health,NHS East & North Hertfordshire CCG,30/11/2018,C&M-GMS MPIG Correction Factor,PRC DELEGATED CO-COMMISSIONING,DOLPHIN HOUSE SURGERY,24905136,"2,803.15 ",,HT000038564
Department of Health,NHS East & North Hertfordshire CCG,30/11/2018,C&M-GMS PCO Seniority,PRC DELEGATED CO-COMMISSIONING,DOLPHIN HOUSE SURGERY,24905136,"6,806.60 ",,HT000038564
Department of Health,NHS East & North Hertfordshire CCG,30/11/2018,C&M-GMS Prem Actual Rent,PRC DELEGATED CO-COMMISSIONING,DOLPHIN HOUSE SURGERY,24905136,"20,833.33 ",,HT000038564
Department of Health,NHS East & North Hertfordshire CCG,30/11/2018,C&M-GMS Prem Rates,PRC DELEGATED CO-COMMISSIONING,DOLPHIN HOUSE SURGERY,24905136,"3,732.00 ",,HT000038564
Department of Health,NHS East & North Hertfordshire CCG,30/11/2018,C&M-GMS QOF Aspiration,PRC DELEGATED CO-COMMISSIONING,DOLPHIN HOUSE SURGERY,24905136,"10,698.33 ",,HT000038564
Department of Health,NHS East & North Hertfordshire CCG,31/10/2018,Hcare Srv Rec NHS Trust-Contract Baseline,ACUTE COMMISSIONING,EAST AND NORTH HERTFORDSHIRE NHS TRUST,24463569,"18,241,780.91 ",654973984,4157293
Department of Health,NHS East & North Hertfordshire CCG,30/11/2018,Cont Care-NHS Trust,CHC CHILDREN,EAST AND NORTH HERTFORDSHIRE NHS TRUST,24550508,"53,405.00 ",654973984,4157558
Department of Health,NHS East & North Hertfordshire CCG,30/11/2018,Clinical&Medical-Independent Sector,NON RECURRENT PROGRAMMES,EAST AND NORTH HERTFORDSHIRE NHS TRUST,24569049,"50,000.00 ",654973984,4157564
Department of Health,NHS East & North Hertfordshire CCG,30/11/2018,PREPYMT OVERSEAS NON EEA PATIENTS,BALANCE SHEET,EAST AND NORTH HERTFORDSHIRE NHS TRUST,24808219,"37,620.00 ",654973984,4157923
Department of Health,NHS East & North Hertfordshire CCG,30/11/2018,Hcare Srv Rec NHS Trust-Non Contract,NCAS/OATS,EAST AND NORTH HERTFORDSHIRE NHS TRUST,24837986,"29,718.00 ",654973984,4156994
Department of Health,NHS East & North Hertfordshire CCG,30/11/2018,Hcare Srv Rec NHS Trust-Contract Baseline,AMBULANCE SERVICES,EAST OF ENGLAND AMBULANCE SERVICE NHS TRUST,24681287,"1,632,205.93 ",654919501,8111441
Department of Health,NHS East & North Hertfordshire CCG,30/11/2018,Travel Booking Services,PATIENT TRANSPORT,EAST OF ENGLAND AMBULANCE SERVICE NHS TRUST,24681300,"233,181.00 ",654919501,8111458
Department of Health,NHS East & North Hertfordshire CCG,30/11/2018,Cont Care- Prior Year Payments,CHC ADULT FULLY FUNDED,ENFIELD COUNCIL,24838050,"90,391.00 ",GB220670890,82820698
Department of Health,NHS East & North Hertfordshire CCG,30/11/2018,Cont Care- Prior Year Payments,CHC ADULT FULLY FUNDED,ENFIELD COUNCIL,24838061,"90,391.00 ",GB220670890,82820680
Department of Health,NHS East & North Hertfordshire CCG,30/11/2018,Cont Care- Prior Year Payments,CHC ADULT FULLY FUNDED,ENFIELD COUNCIL,24838072,"90,391.00 ",GB220670890,82820703
Department of Health,NHS East & North Hertfordshire CCG,30/11/2018,C&M-APMS LES Extended Hours,GP FORWARD VIEW,EPHEDRA HEALTHCARE LTD,24681361,"37,884.00 ",,EANOV2018
Department of Health,NHS East & North Hertfordshire CCG,30/11/2018,Hcare Srv Rec Fdtn Trust-Contract Cost per Case,COMMUNITY SERVICES,ESSEX PARTNERSHIP UNIVERSITY NHS FT,24655122,"68,703.17 ",GB654974100,I0063060
Department of Health,NHS East & North Hertfordshire CCG,30/11/2018,Hcare Srv Rec Fdtn Trust-Non Contract,NCAS/OATS,FRIMLEY HEALTH NHS FOUNDATION TRUST,24631363,"26,280.00 ",654922028,N0102283
Department of Health,NHS East & North Hertfordshire CCG,30/11/2018,C&M-GMS DES Learn Dsblty Hlth Chk,PRC DELEGATED CO-COMMISSIONING,GARDEN CITY PRACTICE,24905138,"2,800.00 ",,HT000038566
Department of Health,NHS East & North Hertfordshire CCG,30/11/2018,C&M-GMS Global Sum,PRC DELEGATED CO-COMMISSIONING,GARDEN CITY PRACTICE,24905138,"65,329.41 ",,HT000038566
Department of Health,NHS East & North Hertfordshire CCG,30/11/2018,C&M-GMS Other FDR Payment,PRC DELEGATED CO-COMMISSIONING,GARDEN CITY PRACTICE,24905138,"4,543.05 ",,HT000038566
Department of Health,NHS East & North Hertfordshire CCG,30/11/2018,C&M-GMS Prem Actual Rent,PRC DELEGATED CO-COMMISSIONING,GARDEN CITY PRACTICE,24905138,"2,020.83 ",,HT000038566
Department of Health,NHS East & North Hertfordshire CCG,30/11/2018,C&M-GMS Prem Notional Rent,PRC DELEGATED CO-COMMISSIONING,GARDEN CITY PRACTICE,24905138,"2,471.25 ",,HT000038566
Department of Health,NHS East & North Hertfordshire CCG,30/11/2018,C&M-GMS Prem Rates,PRC DELEGATED CO-COMMISSIONING,GARDEN CITY PRACTICE,24905138,"1,908.87 ",,HT000038566
Department of Health,NHS East & North Hertfordshire CCG,30/11/2018,C&M-GMS QOF Aspiration,PRC DELEGATED CO-COMMISSIONING,GARDEN CITY PRACTICE,24905138,"6,036.56 ",,HT000038566
Department of Health,NHS East & North Hertfordshire CCG,30/11/2018,C&M-GMS DES Learn Dsblty Hlth Chk,PRC DELEGATED CO-COMMISSIONING,GARDEN CITY SURGERY,24905140,280.00 ,,HT000038568
Department of Health,NHS East & North Hertfordshire CCG,30/11/2018,C&M-GMS Global Sum,PRC DELEGATED CO-COMMISSIONING,GARDEN CITY SURGERY,24905140,"48,254.64 ",,HT000038568
Department of Health,NHS East & North Hertfordshire CCG,30/11/2018,C&M-GMS MPIG Correction Factor,PRC DELEGATED CO-COMMISSIONING,GARDEN CITY SURGERY,24905140,"1,061.42 ",,HT000038568
Department of Health,NHS East & North Hertfordshire CCG,30/11/2018,C&M-GMS Prem Actual Rent,PRC DELEGATED CO-COMMISSIONING,GARDEN CITY SURGERY,24905140,"2,495.83 ",,HT000038568
Department of Health,NHS East & North Hertfordshire CCG,30/11/2018,C&M-GMS Prem Rates,PRC DELEGATED CO-COMMISSIONING,GARDEN CITY SURGERY,24905140,"2,686.85 ",,HT000038568
Department of Health,NHS East & North Hertfordshire CCG,30/11/2018,C&M-GMS QOF Aspiration,PRC DELEGATED CO-COMMISSIONING,GARDEN CITY SURGERY,24905140,"4,543.48 ",,HT000038568
Department of Health,NHS East & North Hertfordshire CCG,30/11/2018,C&M-APMS Contract Value,PRC DELEGATED CO-COMMISSIONING,GENERATING HEALTHCARE LTD,24669180,"22,826.61 ",,HT000038517
Department of Health,NHS East & North Hertfordshire CCG,30/11/2018,C&M-APMS Prem Actual Rent,PRC DELEGATED CO-COMMISSIONING,GENERATING HEALTHCARE LTD,24669180,"2,239.58 ",,HT000038517
Department of Health,NHS East & North Hertfordshire CCG,30/11/2018,C&M-APMS Prem Rates,PRC DELEGATED CO-COMMISSIONING,GENERATING HEALTHCARE LTD,24669180,358.73 ,,HT000038517
Department of Health,NHS East & North Hertfordshire CCG,30/11/2018,C&M-PMS QOF Aspiration,PRC DELEGATED CO-COMMISSIONING,GENERATING HEALTHCARE LTD,24669180,"1,738.62 ",,HT000038517
Department of Health,NHS East & North Hertfordshire CCG,30/11/2018,C&M-APMS Contract Value,PRC DELEGATED CO-COMMISSIONING,GENERATING HEALTHCARE LTD,24693012,"53,601.19 ",,HT000038515
Department of Health,NHS East & North Hertfordshire CCG,30/11/2018,C&M-APMS Prem Actual Rent,PRC DELEGATED CO-COMMISSIONING,GENERATING HEALTHCARE LTD,24693012,"2,777.08 ",,HT000038515
Department of Health,NHS East & North Hertfordshire CCG,30/11/2018,C&M-APMS Prem Rates,PRC DELEGATED CO-COMMISSIONING,GENERATING HEALTHCARE LTD,24693012,"1,428.00 ",,HT000038515
Department of Health,NHS East & North Hertfordshire CCG,30/11/2018,C&M-APMS Prem Water Rates,PRC DELEGATED CO-COMMISSIONING,GENERATING HEALTHCARE LTD,24693012,86.13 ,,HT000038515
Department of Health,NHS East & North Hertfordshire CCG,30/11/2018,C&M-PMS DES Learn Dsblty Hlth Chk,PRC DELEGATED CO-COMMISSIONING,GENERATING HEALTHCARE LTD,24693012,"2,100.00 ",,HT000038515
Department of Health,NHS East & North Hertfordshire CCG,30/11/2018,C&M-PMS QOF Aspiration,PRC DELEGATED CO-COMMISSIONING,GENERATING HEALTHCARE LTD,24693012,"2,654.26 ",,HT000038515
Department of Health,NHS East & North Hertfordshire CCG,30/11/2018,C&M-APMS LES Extended Hours,GP FORWARD VIEW,GENERATING HEALTHCARE LTD,24794988,"34,667.00 ",,630
Department of Health,NHS East & North Hertfordshire CCG,30/11/2018,Hcare Srv Rec Fdtn Trust-Contract Baseline,ACUTE COMMISSIONING,GREAT ORMOND STREET HOSPITAL FOR CHILDREN NHS FOUNDATION TRUST,24594770,"52,591.92 ",654922910,X0203231
Department of Health,NHS East & North Hertfordshire CCG,30/11/2018,Hcare Srv Rec Fdtn Trust-Contract Baseline,ACUTE COMMISSIONING,GUYS & ST THOMAS HOSPITAL NHS FOUNDATION TRUST,24594573,"139,797.00 ",654923417,3249941
Department of Health,NHS East & North Hertfordshire CCG,30/11/2018,C&M-GMS DES Learn Dsblty Hlth Chk,PRC DELEGATED CO-COMMISSIONING,HAILEY VIEW SURGERY,24905142,"1,120.00 ",,HT000038570
Department of Health,NHS East & North Hertfordshire CCG,30/11/2018,C&M-GMS Global Sum,PRC DELEGATED CO-COMMISSIONING,HAILEY VIEW SURGERY,24905142,"54,855.91 ",,HT000038570
Department of Health,NHS East & North Hertfordshire CCG,30/11/2018,C&M-GMS MPIG Correction Factor,PRC DELEGATED CO-COMMISSIONING,HAILEY VIEW SURGERY,24905142,28.80 ,,HT000038570
Department of Health,NHS East & North Hertfordshire CCG,30/11/2018,C&M-GMS Prem Actual Rent,PRC DELEGATED CO-COMMISSIONING,HAILEY VIEW SURGERY,24905142,"45,105.00 ",,HT000038570
Department of Health,NHS East & North Hertfordshire CCG,30/11/2018,C&M-GMS Prem Rates,PRC DELEGATED CO-COMMISSIONING,HAILEY VIEW SURGERY,24905142,"2,352.56 ",,HT000038570
Department of Health,NHS East & North Hertfordshire CCG,30/11/2018,C&M-GMS QOF Aspiration,PRC DELEGATED CO-COMMISSIONING,HAILEY VIEW SURGERY,24905142,"6,950.11 ",,HT000038570
Department of Health,NHS East & North Hertfordshire CCG,30/11/2018,C&M-GMS Global Sum,PRC DELEGATED CO-COMMISSIONING,HALL GROVE SURGERY,24908463,"112,194.72 ",,HT000038574
Department of Health,NHS East & North Hertfordshire CCG,30/11/2018,C&M-GMS Prem Notional Rent,PRC DELEGATED CO-COMMISSIONING,HALL GROVE SURGERY,24908463,"7,737.50 ",,HT000038574
Department of Health,NHS East & North Hertfordshire CCG,30/11/2018,C&M-GMS Prem Rates,PRC DELEGATED CO-COMMISSIONING,HALL GROVE SURGERY,24908463,"1,475.22 ",,HT000038574
Department of Health,NHS East & North Hertfordshire CCG,30/11/2018,C&M-GMS QOF Aspiration,PRC DELEGATED CO-COMMISSIONING,HALL GROVE SURGERY,24908463,"11,899.71 ",,HT000038574
Department of Health,NHS East & North Hertfordshire CCG,30/11/2018,C&M-GMS DES Learn Dsblty Hlth Chk,PRC DELEGATED CO-COMMISSIONING,HANSCOMBE HOUSE SURGERY,24905146,420.00 ,,HT000038576
Department of Health,NHS East & North Hertfordshire CCG,30/11/2018,C&M-GMS DES Minor Surgery,PRC DELEGATED CO-COMMISSIONING,HANSCOMBE HOUSE SURGERY,24905146,"6,174.85 ",,HT000038576
Department of Health,NHS East & North Hertfordshire CCG,30/11/2018,C&M-GMS Global Sum,PRC DELEGATED CO-COMMISSIONING,HANSCOMBE HOUSE SURGERY,24905146,"68,199.91 ",,HT000038576
Department of Health,NHS East & North Hertfordshire CCG,30/11/2018,C&M-GMS MPIG Correction Factor,PRC DELEGATED CO-COMMISSIONING,HANSCOMBE HOUSE SURGERY,24905146,273.95 ,,HT000038576
Department of Health,NHS East & North Hertfordshire CCG,30/11/2018,C&M-GMS Prem Actual Rent,PRC DELEGATED CO-COMMISSIONING,HANSCOMBE HOUSE SURGERY,24905146,"5,614.33 ",,HT000038576
Department of Health,NHS East & North Hertfordshire CCG,30/11/2018,C&M-GMS Prem Rates,PRC DELEGATED CO-COMMISSIONING,HANSCOMBE HOUSE SURGERY,24905146,"2,736.15 ",,HT000038576
Department of Health,NHS East & North Hertfordshire CCG,30/11/2018,C&M-GMS QOF Aspiration,PRC DELEGATED CO-COMMISSIONING,HANSCOMBE HOUSE SURGERY,24905146,"6,298.79 ",,HT000038576
Department of Health,NHS East & North Hertfordshire CCG,30/11/2018,Clinical&Medical-Independent Sector,URGENT CARE,HAVERSTOCK HEALTHCARE LTD,24852852,"53,376.00 ",215028936,CHESHUNTMIU1018
Department of Health,NHS East & North Hertfordshire CCG,30/11/2018,Clinical&Medical-Independent Sector,URGENT CARE,HAVERSTOCK HEALTHCARE LTD,24872563,"53,376.00 ",215028936,CHESHUNTMIU1118
Department of Health,NHS East & North Hertfordshire CCG,30/11/2018,Cont Care-FNC Client Continence Allow,FUNDED NURSING CARE,HC ONE OVAL LTD,24852357,"55,966.16 ",218 770886,STC056225TOSTC056307
Department of Health,NHS East & North Hertfordshire CCG,30/11/2018,Cont Care-Funded Nursing Care Allow,FUNDED NURSING CARE,HC ONE OVAL LTD,24852357,"1,299.30 ",218 770886,STC056225TOSTC056307
Department of Health,NHS East & North Hertfordshire CCG,30/11/2018,Cont Care- Adult 100% Fully Funded,CHC ADULT FULLY FUNDED,HC ONE OVAL LTD,24980161,"12,651.58 ",218 770886,IWDVSEPT18
Department of Health,NHS East & North Hertfordshire CCG,30/11/2018,Cont Care-Physical Disab (65+),CHC ADULT FULLY FUNDED,HC ONE OVAL LTD,24980161,"59,380.48 ",218 770886,IWDVSEPT18
Department of Health,NHS East & North Hertfordshire CCG,30/11/2018,Clinical&Medical-Independent Sector,NON RECURRENT PROGRAMMES,HCPA LTD,24958438,"80,084.00 ",,5440
Department of Health,NHS East & North Hertfordshire CCG,30/11/2018,Hcare Srv Rec NHS Trust-Contract Baseline,COMMUNITY SERVICES,HERTFORDSHIRE COMMUNITY NHS TRUST,24611284,"3,537,852.00 ",654 4402 89,H0002449
Department of Health,NHS East & North Hertfordshire CCG,30/11/2018,Clinical&Medical-Othe Public Sector,CARERS,HERTFORDSHIRE COUNTY COUNCIL,24681159,"24,167.00 ",GB214527877,1802597878
Department of Health,NHS East & North Hertfordshire CCG,30/11/2018,Clinical&Medical-Othe Public Sector,INTERMEDIATE CARE,HERTFORDSHIRE COUNTY COUNCIL,24681159,"117,923.00 ",GB214527877,1802597878
Department of Health,NHS East & North Hertfordshire CCG,30/11/2018,Cont Care- Adult 100% Fully Funded,CHC ADULT FULLY FUNDED,HERTFORDSHIRE COUNTY COUNCIL,24681159,"41,293.00 ",GB214527877,1802597878
Department of Health,NHS East & North Hertfordshire CCG,30/11/2018,Seconded-Basic Sal-Staff fm oth org,OPERATIONS MANAGEMENT,HERTFORDSHIRE COUNTY COUNCIL,24681159,"4,419.00 ",GB214527877,1802597878
Department of Health,NHS East & North Hertfordshire CCG,30/11/2018,Soc Care-Other Soc Care,LONG TERM CONDITIONS,HERTFORDSHIRE COUNTY COUNCIL,24681159,"1,151,946.00 ",GB214527877,1802597878
Department of Health,NHS East & North Hertfordshire CCG,30/11/2018,Clinical&Medical-Othe Public Sector,COMMUNITY SERVICES,HERTFORDSHIRE COUNTY COUNCIL,24783010,"120,000.00 ",GB214527877,1802628576
Department of Health,NHS East & North Hertfordshire CCG,31/10/2018,Clinical&Medical-Othe Public Sector,MENTAL HEALTH CONTRACTS,HERTFORDSHIRE COUNTY COUNCIL,24418824,"196,813.00 ",GB214527877,1802597883
Department of Health,NHS East & North Hertfordshire CCG,31/10/2018,Clinical&Medical-Othe Public Sector,MENTAL HEALTH SERVICES - COLLABORATIVE COMMISSIONING,HERTFORDSHIRE COUNTY COUNCIL,24418824,"6,869,991.00 ",GB214527877,1802597883
Department of Health,NHS East & North Hertfordshire CCG,30/11/2018,Clinical&Medical-Independent Sector,NHS 111,HERTS URGENT CARE,24611299,"673,422.08 ",210815253,0000004477
Department of Health,NHS East & North Hertfordshire CCG,30/11/2018,Clinical&Medical-Independent Sector,COMMISSIONING SCHEMES,HERTS URGENT CARE,24854010,"8,083.91 ",210815253,0000004506
Department of Health,NHS East & North Hertfordshire CCG,30/11/2018,Clinical&Medical-Independent Sector,NHS 111,HERTS URGENT CARE,24854010,"9,732.98 ",210815253,0000004506
Department of Health,NHS East & North Hertfordshire CCG,30/11/2018,Clinical&Medical-Independent Sector,OUT OF HOURS,HERTS URGENT CARE,24854010,"26,849.75 ",210815253,0000004506
Department of Health,NHS East & North Hertfordshire CCG,30/11/2018,C&M-GMS Global Sum,PRC DELEGATED CO-COMMISSIONING,HIGH ST SURGERY,24905148,"35,544.62 ",,HT000038578
Department of Health,NHS East & North Hertfordshire CCG,30/11/2018,C&M-GMS Prem Rates,PRC DELEGATED CO-COMMISSIONING,HIGH ST SURGERY,24905148,"1,188.00 ",,HT000038578
Department of Health,NHS East & North Hertfordshire CCG,30/11/2018,C&M-GMS QOF Aspiration,PRC DELEGATED CO-COMMISSIONING,HIGH ST SURGERY,24905148,"4,063.10 ",,HT000038578
Department of Health,NHS East & North Hertfordshire CCG,30/11/2018,Clinical&Medical-Independent Sector,NCAS/OATS,HOLLY HOUSE HOSPITAL,24749328,"32,943.35 ",,06K0918
Department of Health,NHS East & North Hertfordshire CCG,30/11/2018,Hcare Srv Rec Fdtn Trust-Non Contract,NCAS/OATS,HOMERTON UNIVERSITY HOSPITAL NHS FOUNDATION TRUST,24871941,"31,702.68 ",654965884,61282858
Department of Health,NHS East & North Hertfordshire CCG,30/11/2018,Hcare Srv Rec Fdtn Trust-Non Contract,NCAS/OATS,HOMERTON UNIVERSITY HOSPITAL NHS FOUNDATION TRUST,24872522,"30,205.48 ",654965884,61283861
Department of Health,NHS East & North Hertfordshire CCG,30/11/2018,Hcare Srv Rec NHS Trust-Contract Baseline,ACUTE COMMISSIONING,IMPERIAL COLLEGE HEALTHCARE NHS TRUST,24611241,"62,762.00 ",654945990,H0165884
Department of Health,NHS East & North Hertfordshire CCG,30/11/2018,NHS Payables <1Yr-Non PO Accruals,BALANCE SHEET,IMPERIAL COLLEGE HEALTHCARE NHS TRUST,24980455,"544,550.00 ",654945990,H0167152
Department of Health,NHS East & North Hertfordshire CCG,30/11/2018,C&M-GMS Global Sum,PRC DELEGATED CO-COMMISSIONING,KELLER P & PARTNERS,24905150,"87,383.88 ",,HT000038580
Department of Health,NHS East & North Hertfordshire CCG,30/11/2018,C&M-GMS PCO Doctors Ret Scheme,PRC DELEGATED CO-COMMISSIONING,KELLER P & PARTNERS,24905150,"2,615.32 ",,HT000038580
Department of Health,NHS East & North Hertfordshire CCG,30/11/2018,C&M-GMS Prem Notional Rent,PRC DELEGATED CO-COMMISSIONING,KELLER P & PARTNERS,24905150,"5,375.00 ",,HT000038580
Department of Health,NHS East & North Hertfordshire CCG,30/11/2018,C&M-GMS QOF Aspiration,PRC DELEGATED CO-COMMISSIONING,KELLER P & PARTNERS,24905150,"8,114.04 ",,HT000038580
Department of Health,NHS East & North Hertfordshire CCG,30/11/2018,C&M-GMS Cost of Drugs -Dispensing,LOCAL ENHANCED SERVICES,KING GEORGE SURGERY,24930042,"30,647.90 ",,HT000038877
Department of Health,NHS East & North Hertfordshire CCG,30/11/2018,C&M-GMS Prof Fees Dispensing,PRC DELEGATED CO-COMMISSIONING,KING GEORGE SURGERY,24930042,"4,592.66 ",,HT000038877
Department of Health,NHS East & North Hertfordshire CCG,30/11/2018,C&M-GMS PrscrptnChrgsColl&RmttdbyGP,LOCAL ENHANCED SERVICES,KING GEORGE SURGERY,24930042,255.20 ,,HT000038877
Department of Health,NHS East & North Hertfordshire CCG,30/11/2018,C&M-GMS DES Learn Dsblty Hlth Chk,PRC DELEGATED CO-COMMISSIONING,KING GEORGE SURGERY,24930984,280.00 ,,HT000038582
Department of Health,NHS East & North Hertfordshire CCG,30/11/2018,C&M-GMS Global Sum,PRC DELEGATED CO-COMMISSIONING,KING GEORGE SURGERY,24930984,"102,180.55 ",,HT000038582
Department of Health,NHS East & North Hertfordshire CCG,30/11/2018,C&M-GMS PCO Doctors Ret Scheme,PRC DELEGATED CO-COMMISSIONING,KING GEORGE SURGERY,24930984,"4,076.90 ",,HT000038582
Department of Health,NHS East & North Hertfordshire CCG,30/11/2018,C&M-GMS Prem Actual Rent,PRC DELEGATED CO-COMMISSIONING,KING GEORGE SURGERY,24930984,"47,183.33 ",,HT000038582
Department of Health,NHS East & North Hertfordshire CCG,30/11/2018,C&M-GMS Prem Rates,PRC DELEGATED CO-COMMISSIONING,KING GEORGE SURGERY,24930984,"2,451.41 ",,HT000038582
Department of Health,NHS East & North Hertfordshire CCG,30/11/2018,C&M-GMS QOF Aspiration,PRC DELEGATED CO-COMMISSIONING,KING GEORGE SURGERY,24930984,"10,181.78 ",,HT000038582
Department of Health,NHS East & North Hertfordshire CCG,30/11/2018,Hcare Srv Rec Fdtn Trust-Contract Baseline,ACUTE COMMISSIONING,KING`S COLLEGE HOSPITAL NHS FOUNDATION TRUST,24611214,"27,092.00 ",654926800,00264161
Department of Health,NHS East & North Hertfordshire CCG,30/11/2018,C&M-GMS Global Sum,PRC DELEGATED CO-COMMISSIONING,KNEBWORTH AND MARYMEAD PRACTICE,24908465,"86,460.15 ",,HT000038584
Department of Health,NHS East & North Hertfordshire CCG,30/11/2018,C&M-GMS Prem Notional Rent,PRC DELEGATED CO-COMMISSIONING,KNEBWORTH AND MARYMEAD PRACTICE,24908465,"2,770.83 ",,HT000038584
Department of Health,NHS East & North Hertfordshire CCG,30/11/2018,C&M-GMS Prem Rates,PRC DELEGATED CO-COMMISSIONING,KNEBWORTH AND MARYMEAD PRACTICE,24908465,"1,658.10 ",,HT000038584
Department of Health,NHS East & North Hertfordshire CCG,30/11/2018,C&M-GMS QOF Aspiration,PRC DELEGATED CO-COMMISSIONING,KNEBWORTH AND MARYMEAD PRACTICE,24908465,"9,441.94 ",,HT000038584
Department of Health,NHS East & North Hertfordshire CCG,30/11/2018,C&M-APMS Contract Value,PRC DELEGATED CO-COMMISSIONING,LEA VALLEY HEALTH LTD,24669182,"78,334.14 ",,HT000038519
Department of Health,NHS East & North Hertfordshire CCG,30/11/2018,C&M-APMS DES Extended Hours Access,PRC DELEGATED CO-COMMISSIONING,LEA VALLEY HEALTH LTD,24669182,"8,474.96 ",,HT000038519
Department of Health,NHS East & North Hertfordshire CCG,30/11/2018,C&M-APMS DES Minor Surgery,PRC DELEGATED CO-COMMISSIONING,LEA VALLEY HEALTH LTD,24669182,177.20 ,,HT000038519
Department of Health,NHS East & North Hertfordshire CCG,30/11/2018,C&M-APMS Prem Actual Rent,PRC DELEGATED CO-COMMISSIONING,LEA VALLEY HEALTH LTD,24669182,"22,312.50 ",,HT000038519
Department of Health,NHS East & North Hertfordshire CCG,30/11/2018,C&M-APMS Prem Rates,PRC DELEGATED CO-COMMISSIONING,LEA VALLEY HEALTH LTD,24669182,"1,411.54 ",,HT000038519
Department of Health,NHS East & North Hertfordshire CCG,30/11/2018,C&M-PMS QOF Aspiration,PRC DELEGATED CO-COMMISSIONING,LEA VALLEY HEALTH LTD,24669182,"5,499.74 ",,HT000038519
Department of Health,NHS East & North Hertfordshire CCG,30/11/2018,C&M-GMS DES Learn Dsblty Hlth Chk,PRC DELEGATED CO-COMMISSIONING,LISTER HOUSE SURGERY HATFIELD,24905153,"1,400.00 ",,HT000038586
Department of Health,NHS East & North Hertfordshire CCG,30/11/2018,C&M-GMS Global Sum,PRC DELEGATED CO-COMMISSIONING,LISTER HOUSE SURGERY HATFIELD,24905153,"89,607.76 ",,HT000038586
Department of Health,NHS East & North Hertfordshire CCG,30/11/2018,C&M-GMS Prem Notional Rent,PRC DELEGATED CO-COMMISSIONING,LISTER HOUSE SURGERY HATFIELD,24905153,"10,333.33 ",,HT000038586
Department of Health,NHS East & North Hertfordshire CCG,30/11/2018,C&M-GMS Prem Rates,PRC DELEGATED CO-COMMISSIONING,LISTER HOUSE SURGERY HATFIELD,24905153,"2,234.94 ",,HT000038586
Department of Health,NHS East & North Hertfordshire CCG,30/11/2018,C&M-GMS QOF Aspiration,PRC DELEGATED CO-COMMISSIONING,LISTER HOUSE SURGERY HATFIELD,24905153,"8,324.24 ",,HT000038586
Department of Health,NHS East & North Hertfordshire CCG,30/11/2018,Hcare Srv Rec Fdtn Trust-Contract Baseline,ACUTE COMMISSIONING,LUTON & DUNSTABLE HOSPITAL NHS FOUNDATION TRUST,24594818,"187,914.75 ",654929007,52992639
Department of Health,NHS East & North Hertfordshire CCG,30/11/2018,Hcare Srv Rec Fdtn Trust-Prior Year,ACUTE COMMISSIONING,LUTON & DUNSTABLE HOSPITAL NHS FOUNDATION TRUST,24707385,"40,775.72 ",654929007,52990563
Department of Health,NHS East & North Hertfordshire CCG,30/11/2018,C&M-GMS Global Sum,PRC DELEGATED CO-COMMISSIONING,MANOR HOUSE SURGERY STEVENAGE,24905154,"35,528.75 ",,HT000038587
Department of Health,NHS East & North Hertfordshire CCG,30/11/2018,C&M-GMS MPIG Correction Factor,PRC DELEGATED CO-COMMISSIONING,MANOR HOUSE SURGERY STEVENAGE,24905154,620.09 ,,HT000038587
Department of Health,NHS East & North Hertfordshire CCG,30/11/2018,C&M-GMS Prem Actual Rent,PRC DELEGATED CO-COMMISSIONING,MANOR HOUSE SURGERY STEVENAGE,24905154,"9,902.50 ",,HT000038587
Department of Health,NHS East & North Hertfordshire CCG,30/11/2018,C&M-GMS Prem Rates,PRC DELEGATED CO-COMMISSIONING,MANOR HOUSE SURGERY STEVENAGE,24905154,436.21 ,,HT000038587
Department of Health,NHS East & North Hertfordshire CCG,30/11/2018,C&M-GMS Prem Water Rates,PRC DELEGATED CO-COMMISSIONING,MANOR HOUSE SURGERY STEVENAGE,24905154,136.38 ,,HT000038587
Department of Health,NHS East & North Hertfordshire CCG,30/11/2018,C&M-GMS QOF Aspiration,PRC DELEGATED CO-COMMISSIONING,MANOR HOUSE SURGERY STEVENAGE,24905154,"2,769.11 ",,HT000038587
Department of Health,NHS East & North Hertfordshire CCG,30/11/2018,C&M-GMS DES Minor Surgery,PRC DELEGATED CO-COMMISSIONING,MAPLES HEALTH CENTRE,24905156,"1,445.17 ",,HT000038589
Department of Health,NHS East & North Hertfordshire CCG,30/11/2018,C&M-GMS Global Sum,PRC DELEGATED CO-COMMISSIONING,MAPLES HEALTH CENTRE,24905156,"77,413.75 ",,HT000038589
Department of Health,NHS East & North Hertfordshire CCG,30/11/2018,C&M-GMS MPIG Correction Factor,PRC DELEGATED CO-COMMISSIONING,MAPLES HEALTH CENTRE,24905156,319.26 ,,HT000038589
Department of Health,NHS East & North Hertfordshire CCG,30/11/2018,C&M-GMS Prem Actual Rent,PRC DELEGATED CO-COMMISSIONING,MAPLES HEALTH CENTRE,24905156,"48,537.50 ",,HT000038589
Department of Health,NHS East & North Hertfordshire CCG,30/11/2018,C&M-GMS Prem Rates,PRC DELEGATED CO-COMMISSIONING,MAPLES HEALTH CENTRE,24905156,"2,487.07 ",,HT000038589
Department of Health,NHS East & North Hertfordshire CCG,30/11/2018,C&M-GMS QOF Aspiration,PRC DELEGATED CO-COMMISSIONING,MAPLES HEALTH CENTRE,24905156,"6,892.92 ",,HT000038589
Department of Health,NHS East & North Hertfordshire CCG,30/11/2018,Clinical&Medical-Voluntary Sector,PALLIATIVE CARE,MARIE CURIE,24652701,"40,000.00 ",626722537,005889
Department of Health,NHS East & North Hertfordshire CCG,30/11/2018,Clinical&Medical-Voluntary Sector,COMMUNITY SERVICES,MARIE STOPES INTERNATIONAL,24852526,"37,941.93 ",882426016,MS182126
Department of Health,NHS East & North Hertfordshire CCG,30/11/2018,Computer Software/License,STRATEGY & DEVELOPMENT,METHODS ANALYTICS LTD,24935570,"43,200.00 ",GB-859140314,SIN045827
Department of Health,NHS East & North Hertfordshire CCG,30/11/2018,Hcare Srv Rec NHS Trust-Contract Baseline,ACUTE COMMISSIONING,MID ESSEX HOSPITALS SERVICES NHS TRUST,24631493,"107,923.00 ",654930128,2000109228
Department of Health,NHS East & North Hertfordshire CCG,30/11/2018,Clinical&Medical-Independent Sector,WHEELCHAIR SERVICE,MILLBROOK HEALTHCARE LTD,24652782,"123,108.05 ",GB675991080,19968
Department of Health,NHS East & North Hertfordshire CCG,30/11/2018,Hcare Srv Rec Fdtn Trust-Contract Baseline,ACUTE COMMISSIONING,MOORFIELDS EYE HOSPITAL NHS FOUNDATION TRUST,24594489,"370,391.00 ",654930716,IC0035568
Department of Health,NHS East & North Hertfordshire CCG,30/11/2018,C&M-GMS DES Learn Dsblty Hlth Chk,PRC DELEGATED CO-COMMISSIONING,MUCH HADHAM HLTH CNTRE,24905160,"3,080.00 ",876631000,HT000038593
Department of Health,NHS East & North Hertfordshire CCG,30/11/2018,C&M-GMS Global Sum,PRC DELEGATED CO-COMMISSIONING,MUCH HADHAM HLTH CNTRE,24905160,"48,677.33 ",876631000,HT000038593
Department of Health,NHS East & North Hertfordshire CCG,30/11/2018,C&M-GMS Prem Actual Rent,PRC DELEGATED CO-COMMISSIONING,MUCH HADHAM HLTH CNTRE,24905160,812.50 ,876631000,HT000038593
Department of Health,NHS East & North Hertfordshire CCG,30/11/2018,C&M-GMS Prem Notional Rent,PRC DELEGATED CO-COMMISSIONING,MUCH HADHAM HLTH CNTRE,24905160,650.00 ,876631000,HT000038593
Department of Health,NHS East & North Hertfordshire CCG,30/11/2018,C&M-GMS Prem Rates,PRC DELEGATED CO-COMMISSIONING,MUCH HADHAM HLTH CNTRE,24905160,681.10 ,876631000,HT000038593
Department of Health,NHS East & North Hertfordshire CCG,30/11/2018,C&M-GMS QOF Aspiration,PRC DELEGATED CO-COMMISSIONING,MUCH HADHAM HLTH CNTRE,24905160,"5,155.58 ",876631000,HT000038593
Department of Health,NHS East & North Hertfordshire CCG,30/11/2018,C&M-GMS Cost of Drugs -Dispensing,LOCAL ENHANCED SERVICES,MUCH HADHAM HLTH CNTRE,24930047,"(48,658.80)",876631000,HT000038883
Department of Health,NHS East & North Hertfordshire CCG,30/11/2018,C&M-GMS PrscChrgsCll&RmttdbyGPCntra,PRC DELEGATED CO-COMMISSIONING,MUCH HADHAM HLTH CNTRE,24930047,"(3,986.40)",876631000,HT000038883
Department of Health,NHS East & North Hertfordshire CCG,30/11/2018,C&M-GMS Cost of Drugs -Dispensing,LOCAL ENHANCED SERVICES,MUCH HADHAM HLTH CNTRE,24930048,"100,332.94 ",876631000,HT000038884
Department of Health,NHS East & North Hertfordshire CCG,30/11/2018,C&M-GMS Prof Fees Dispensing,PRC DELEGATED CO-COMMISSIONING,MUCH HADHAM HLTH CNTRE,24930048,"15,778.60 ",876631000,HT000038884
Department of Health,NHS East & North Hertfordshire CCG,30/11/2018,C&M-GMS PrscrptnChrgsColl&RmttdbyGP,LOCAL ENHANCED SERVICES,MUCH HADHAM HLTH CNTRE,24930048,"3,986.40 ",876631000,HT000038884
Department of Health,NHS East & North Hertfordshire CCG,30/11/2018,C&M-GMS Global Sum,PRC DELEGATED CO-COMMISSIONING,NEVELLS ROAD SURGERY,24905158,"72,273.86 ",,HT000038591
Department of Health,NHS East & North Hertfordshire CCG,30/11/2018,C&M-GMS Prem Actual Rent,PRC DELEGATED CO-COMMISSIONING,NEVELLS ROAD SURGERY,24905158,"7,250.00 ",,HT000038591
Department of Health,NHS East & North Hertfordshire CCG,30/11/2018,C&M-GMS Prem Notional Rent,PRC DELEGATED CO-COMMISSIONING,NEVELLS ROAD SURGERY,24905158,"1,166.67 ",,HT000038591
Department of Health,NHS East & North Hertfordshire CCG,30/11/2018,C&M-GMS QOF Aspiration,PRC DELEGATED CO-COMMISSIONING,NEVELLS ROAD SURGERY,24905158,"8,074.10 ",,HT000038591
Department of Health,NHS East & North Hertfordshire CCG,30/11/2018,Hcare Srv Rec NHS Trust-Contract Baseline,ACUTE COMMISSIONING,NORTH MIDDLESEX UNIVERSITY HOSPITAL NHS TRUST,24594471,"691,614.00 ",654946204,052645
Department of Health,NHS East & North Hertfordshire CCG,30/11/2018,C&M-GMS DES Learn Dsblty Hlth Chk,PRC DELEGATED CO-COMMISSIONING,PARK GREEN SURGERY BROXBOURNE,24905162,140.00 ,,HT000038595
Department of Health,NHS East & North Hertfordshire CCG,30/11/2018,C&M-GMS Global Sum,PRC DELEGATED CO-COMMISSIONING,PARK GREEN SURGERY BROXBOURNE,24905162,"69,108.07 ",,HT000038595
Department of Health,NHS East & North Hertfordshire CCG,30/11/2018,C&M-GMS MPIG Correction Factor,PRC DELEGATED CO-COMMISSIONING,PARK GREEN SURGERY BROXBOURNE,24905162,622.42 ,,HT000038595
Department of Health,NHS East & North Hertfordshire CCG,30/11/2018,C&M-GMS Prem Notional Rent,PRC DELEGATED CO-COMMISSIONING,PARK GREEN SURGERY BROXBOURNE,24905162,"7,216.67 ",,HT000038595
Department of Health,NHS East & North Hertfordshire CCG,30/11/2018,C&M-GMS Prem Rates,PRC DELEGATED CO-COMMISSIONING,PARK GREEN SURGERY BROXBOURNE,24905162,"1,226.69 ",,HT000038595
Department of Health,NHS East & North Hertfordshire CCG,30/11/2018,C&M-GMS Prem Water Rates,PRC DELEGATED CO-COMMISSIONING,PARK GREEN SURGERY BROXBOURNE,24905162,219.41 ,,HT000038595
Department of Health,NHS East & North Hertfordshire CCG,30/11/2018,C&M-GMS QOF Aspiration,PRC DELEGATED CO-COMMISSIONING,PARK GREEN SURGERY BROXBOURNE,24905162,"7,179.38 ",,HT000038595
Department of Health,NHS East & North Hertfordshire CCG,30/11/2018,C&M-GMS Global Sum,PRC DELEGATED CO-COMMISSIONING,PARSONAGE SURGERY,24905164,"35,423.23 ",,HT000038597
Department of Health,NHS East & North Hertfordshire CCG,30/11/2018,C&M-GMS MPIG Correction Factor,PRC DELEGATED CO-COMMISSIONING,PARSONAGE SURGERY,24905164,762.23 ,,HT000038597
Department of Health,NHS East & North Hertfordshire CCG,30/11/2018,C&M-GMS QOF Aspiration,PRC DELEGATED CO-COMMISSIONING,PARSONAGE SURGERY,24905164,"3,375.96 ",,HT000038597
Department of Health,NHS East & North Hertfordshire CCG,30/11/2018,C&M-GMS Global Sum,PRC DELEGATED CO-COMMISSIONING,PEARTREE GROUP PRACTICE,24908467,"139,200.90 ",,HT000038603
Department of Health,NHS East & North Hertfordshire CCG,30/11/2018,C&M-GMS Prem Actual Rent,PRC DELEGATED CO-COMMISSIONING,PEARTREE GROUP PRACTICE,24908467,"6,375.00 ",,HT000038603
Department of Health,NHS East & North Hertfordshire CCG,30/11/2018,C&M-GMS Prem Notional Rent,PRC DELEGATED CO-COMMISSIONING,PEARTREE GROUP PRACTICE,24908467,"7,578.33 ",,HT000038603
Department of Health,NHS East & North Hertfordshire CCG,30/11/2018,C&M-GMS Prem Rates,PRC DELEGATED CO-COMMISSIONING,PEARTREE GROUP PRACTICE,24908467,"3,145.31 ",,HT000038603
Department of Health,NHS East & North Hertfordshire CCG,30/11/2018,C&M-GMS QOF Aspiration,PRC DELEGATED CO-COMMISSIONING,PEARTREE GROUP PRACTICE,24908467,"14,602.38 ",,HT000038603
Department of Health,NHS East & North Hertfordshire CCG,30/11/2018,Clinical&Medical-Independent Sector,ACUTE COMMISSIONING,PINEHILL HOSPITAL,24611248,"543,154.00 ",GB426505170 1,ENHCCGPINNOV18
Department of Health,NHS East & North Hertfordshire CCG,30/11/2018,C&M-GMS DES Learn Dsblty Hlth Chk,PRC DELEGATED CO-COMMISSIONING,PORTMILL SURGERY,24905166,280.00 ,,HT000038599
Department of Health,NHS East & North Hertfordshire CCG,30/11/2018,C&M-GMS DES Violent Patients,PRC DELEGATED CO-COMMISSIONING,PORTMILL SURGERY,24905166,"3,859.17 ",,HT000038599
Department of Health,NHS East & North Hertfordshire CCG,30/11/2018,C&M-GMS Global Sum,PRC DELEGATED CO-COMMISSIONING,PORTMILL SURGERY,24905166,"96,007.85 ",,HT000038599
Department of Health,NHS East & North Hertfordshire CCG,30/11/2018,C&M-GMS Prem Actual Rent,PRC DELEGATED CO-COMMISSIONING,PORTMILL SURGERY,24905166,"27,237.50 ",,HT000038599
Department of Health,NHS East & North Hertfordshire CCG,30/11/2018,C&M-GMS Prem Rates,PRC DELEGATED CO-COMMISSIONING,PORTMILL SURGERY,24905166,"6,365.50 ",,HT000038599
Department of Health,NHS East & North Hertfordshire CCG,30/11/2018,C&M-GMS QOF Aspiration,PRC DELEGATED CO-COMMISSIONING,PORTMILL SURGERY,24905166,"8,659.43 ",,HT000038599
Department of Health,NHS East & North Hertfordshire CCG,30/11/2018,C&M-GMS DES Learn Dsblty Hlth Chk,PRC DELEGATED CO-COMMISSIONING,POTTERELLS MEDICAL CENTRE,24905168,140.00 ,,HT000038601
Department of Health,NHS East & North Hertfordshire CCG,30/11/2018,C&M-GMS Global Sum,PRC DELEGATED CO-COMMISSIONING,POTTERELLS MEDICAL CENTRE,24905168,"102,917.58 ",,HT000038601
Department of Health,NHS East & North Hertfordshire CCG,30/11/2018,C&M-GMS MPIG Correction Factor,PRC DELEGATED CO-COMMISSIONING,POTTERELLS MEDICAL CENTRE,24905168,"1,484.31 ",,HT000038601
Department of Health,NHS East & North Hertfordshire CCG,30/11/2018,C&M-GMS PCO Doctors Ret Scheme,PRC DELEGATED CO-COMMISSIONING,POTTERELLS MEDICAL CENTRE,24905168,"2,000.00 ",,HT000038601
Department of Health,NHS East & North Hertfordshire CCG,30/11/2018,C&M-GMS Prem Actual Rent,PRC DELEGATED CO-COMMISSIONING,POTTERELLS MEDICAL CENTRE,24905168,"6,453.00 ",,HT000038601
Department of Health,NHS East & North Hertfordshire CCG,30/11/2018,C&M-GMS Prem Notional Rent,PRC DELEGATED CO-COMMISSIONING,POTTERELLS MEDICAL CENTRE,24905168,"6,320.29 ",,HT000038601
Department of Health,NHS East & North Hertfordshire CCG,30/11/2018,C&M-GMS Prem Rates,PRC DELEGATED CO-COMMISSIONING,POTTERELLS MEDICAL CENTRE,24905168,"2,445.94 ",,HT000038601
Department of Health,NHS East & North Hertfordshire CCG,30/11/2018,C&M-GMS QOF Aspiration,PRC DELEGATED CO-COMMISSIONING,POTTERELLS MEDICAL CENTRE,24905168,"6,799.92 ",,HT000038601
Department of Health,NHS East & North Hertfordshire CCG,31/10/2018,Hcare Srv Rec NHS Trust-Contract Baseline,ACUTE COMMISSIONING,PRINCESS ALEXANDRA HOSPITAL NHS TRUST,24463656,"5,276,927.47 ",654964985,BL180802
Department of Health,NHS East & North Hertfordshire CCG,30/11/2018,C&M-GMS Global Sum,PRC DELEGATED CO-COMMISSIONING,PUCKERIDGE & STANDON SURGERY,24905172,"63,253.61 ",,HT000038607
Department of Health,NHS East & North Hertfordshire CCG,30/11/2018,C&M-GMS Prem Notional Rent,PRC DELEGATED CO-COMMISSIONING,PUCKERIDGE & STANDON SURGERY,24905172,"4,745.83 ",,HT000038607
Department of Health,NHS East & North Hertfordshire CCG,30/11/2018,C&M-GMS Prem Rates,PRC DELEGATED CO-COMMISSIONING,PUCKERIDGE & STANDON SURGERY,24905172,840.20 ,,HT000038607
Department of Health,NHS East & North Hertfordshire CCG,30/11/2018,C&M-GMS QOF Aspiration,PRC DELEGATED CO-COMMISSIONING,PUCKERIDGE & STANDON SURGERY,24905172,"6,026.12 ",,HT000038607
Department of Health,NHS East & North Hertfordshire CCG,30/11/2018,Cont Care- Adult 100% Fully Funded,CHC ADULT FULLY FUNDED,RAMSAY NEUROLOGICAL SERVICES,24707467,"35,564.58 ",,ENHERTS07180918
Department of Health,NHS East & North Hertfordshire CCG,30/11/2018,Cont Care- Adult 100% Fully Funded,CHC ADULT FULLY FUNDED,RAMSAY NEUROLOGICAL SERVICES,24838030,"250,000.00 ",,ENHERTS1118PF
Department of Health,NHS East & North Hertfordshire CCG,30/11/2018,C&M-GMS DES Learn Dsblty Hlth Chk,PRC DELEGATED CO-COMMISSIONING,REGAL CHAMBERS SURGERY,24905170,840.00 ,,HT000038605
Department of Health,NHS East & North Hertfordshire CCG,30/11/2018,C&M-GMS Global Sum,PRC DELEGATED CO-COMMISSIONING,REGAL CHAMBERS SURGERY,24905170,"87,687.65 ",,HT000038605
Department of Health,NHS East & North Hertfordshire CCG,30/11/2018,C&M-GMS MPIG Correction Factor,PRC DELEGATED CO-COMMISSIONING,REGAL CHAMBERS SURGERY,24905170,42.58 ,,HT000038605
Department of Health,NHS East & North Hertfordshire CCG,30/11/2018,C&M-GMS Prem Rates,PRC DELEGATED CO-COMMISSIONING,REGAL CHAMBERS SURGERY,24905170,"3,105.90 ",,HT000038605
Department of Health,NHS East & North Hertfordshire CCG,30/11/2018,C&M-GMS QOF Aspiration,PRC DELEGATED CO-COMMISSIONING,REGAL CHAMBERS SURGERY,24905170,"10,207.19 ",,HT000038605
Department of Health,NHS East & North Hertfordshire CCG,30/11/2018,Clinical&Medical-Independent Sector,ACUTE COMMISSIONING,RIVERS HOSPITAL,24611246,"759,093.00 ",426505170,ENHCCGNOV2018RIVERS
Department of Health,NHS East & North Hertfordshire CCG,30/11/2018,Hcare Srv Rec Fdtn Trust-Contract Baseline,ACUTE COMMISSIONING,ROYAL BROMPTON & HAREFIELD NHS FOUNDATION TRUST,24594482,"84,210.92 ",654968091,S004708
Department of Health,NHS East & North Hertfordshire CCG,31/10/2018,Hcare Srv Rec Fdtn Trust-Contract Baseline,ACUTE COMMISSIONING,ROYAL FREE LONDON NHS FOUNDATION TRUST,24506666,"2,169,055.00 ",654946987,I0166115
Department of Health,NHS East & North Hertfordshire CCG,30/11/2018,Hcare Srv Rec NHS Trust-Contract Baseline,ACUTE COMMISSIONING,ROYAL NATIONAL ORTHOPAEDIC HOSPITAL NHS TRUST,24594954,"222,690.00 ",654947494,B0038261
Department of Health,NHS East & North Hertfordshire CCG,30/11/2018,Hcare Srv Rec Fdtn Trust-Contract Baseline,ACUTE COMMISSIONING,ROYAL PAPWORTH HOSPITAL NHS FOUNDATION TRUST,24681276,"116,503.00 ",GB654935994,57792878
Department of Health,NHS East & North Hertfordshire CCG,30/11/2018,C&M-GMS DES Learn Dsblty Hlth Chk,PRC DELEGATED CO-COMMISSIONING,SHEPHALL SURGERY,24905174,280.00 ,,HT000038611
Department of Health,NHS East & North Hertfordshire CCG,30/11/2018,C&M-GMS DES Minor Surgery,PRC DELEGATED CO-COMMISSIONING,SHEPHALL SURGERY,24905174,832.07 ,,HT000038611
Department of Health,NHS East & North Hertfordshire CCG,30/11/2018,C&M-GMS Global Sum,PRC DELEGATED CO-COMMISSIONING,SHEPHALL SURGERY,24905174,"54,287.92 ",,HT000038611
Department of Health,NHS East & North Hertfordshire CCG,30/11/2018,C&M-GMS Prem Actual Rent,PRC DELEGATED CO-COMMISSIONING,SHEPHALL SURGERY,24905174,"9,966.67 ",,HT000038611
Department of Health,NHS East & North Hertfordshire CCG,30/11/2018,C&M-GMS Prem Rates,PRC DELEGATED CO-COMMISSIONING,SHEPHALL SURGERY,24905174,"1,545.97 ",,HT000038611
Department of Health,NHS East & North Hertfordshire CCG,30/11/2018,C&M-GMS QOF Aspiration,PRC DELEGATED CO-COMMISSIONING,SHEPHALL SURGERY,24905174,"5,611.83 ",,HT000038611
Department of Health,NHS East & North Hertfordshire CCG,30/11/2018,C&M-GMS DES Minor Surgery,PRC DELEGATED CO-COMMISSIONING,SHIPHAY MANOR & ABBEY ROAD SURGERY,24905176,"3,503.42 ",,HT000038613
Department of Health,NHS East & North Hertfordshire CCG,30/11/2018,C&M-GMS Global Sum,PRC DELEGATED CO-COMMISSIONING,SHIPHAY MANOR & ABBEY ROAD SURGERY,24905176,"61,438.26 ",,HT000038613
Department of Health,NHS East & North Hertfordshire CCG,30/11/2018,C&M-GMS Other FDR Payment,PRC DELEGATED CO-COMMISSIONING,SHIPHAY MANOR & ABBEY ROAD SURGERY,24905176,"1,544.44 ",,HT000038613
Department of Health,NHS East & North Hertfordshire CCG,30/11/2018,C&M-GMS Prem Actual Rent,PRC DELEGATED CO-COMMISSIONING,SHIPHAY MANOR & ABBEY ROAD SURGERY,24905176,"4,208.34 ",,HT000038613
Department of Health,NHS East & North Hertfordshire CCG,30/11/2018,C&M-GMS QOF Aspiration,PRC DELEGATED CO-COMMISSIONING,SHIPHAY MANOR & ABBEY ROAD SURGERY,24905176,"6,106.36 ",,HT000038613
Department of Health,NHS East & North Hertfordshire CCG,30/11/2018,C&M-GMS DES Learn Dsblty Hlth Chk,PRC DELEGATED CO-COMMISSIONING,SOUTH STREET SURGERY,24908469,"4,060.00 ",,HT000038609
Department of Health,NHS East & North Hertfordshire CCG,30/11/2018,C&M-GMS Global Sum,PRC DELEGATED CO-COMMISSIONING,SOUTH STREET SURGERY,24908469,"121,915.77 ",,HT000038609
Department of Health,NHS East & North Hertfordshire CCG,30/11/2018,C&M-GMS MPIG Correction Factor,PRC DELEGATED CO-COMMISSIONING,SOUTH STREET SURGERY,24908469,"3,097.73 ",,HT000038609
Department of Health,NHS East & North Hertfordshire CCG,30/11/2018,C&M-GMS Prem Actual Rent,PRC DELEGATED CO-COMMISSIONING,SOUTH STREET SURGERY,24908469,"19,887.50 ",,HT000038609
Department of Health,NHS East & North Hertfordshire CCG,30/11/2018,C&M-GMS Prem Rates,PRC DELEGATED CO-COMMISSIONING,SOUTH STREET SURGERY,24908469,"3,055.44 ",,HT000038609
Department of Health,NHS East & North Hertfordshire CCG,30/11/2018,C&M-GMS Prem Water Rates,PRC DELEGATED CO-COMMISSIONING,SOUTH STREET SURGERY,24908469,327.19 ,,HT000038609
Department of Health,NHS East & North Hertfordshire CCG,30/11/2018,C&M-GMS QOF Aspiration,PRC DELEGATED CO-COMMISSIONING,SOUTH STREET SURGERY,24908469,"14,738.54 ",,HT000038609
Department of Health,NHS East & North Hertfordshire CCG,30/11/2018,Clinical&Medical-Independent Sector,ACUTE COMMISSIONING,SPIRE HEALTHCARE LTD,24707544,"124,407.00 ",915970991,06KHPNPF181908
Department of Health,NHS East & North Hertfordshire CCG,30/11/2018,Clinical&Medical-Independent Sector,ACUTE COMMISSIONING,SPIRE HEALTHCARE LTD,24770361,"(35,884.57)",915970991,06KHPNREC181904
Department of Health,NHS East & North Hertfordshire CCG,30/11/2018,ME - PMS TPS Added Years Adj EEs,PRC DELEGATED CO-COMMISSIONING,SPRING HOUSE MEDICAL CENTRE,24669174,(476.00),,HT000038512
Department of Health,NHS East & North Hertfordshire CCG,30/11/2018,ME-PMS GP Pension EEs-PMS,PRC DELEGATED CO-COMMISSIONING,SPRING HOUSE MEDICAL CENTRE,24669174,"(16,225.99)",,HT000038512
Department of Health,NHS East & North Hertfordshire CCG,30/11/2018,ME-PMS GP Pension ERs Adjs - PMS,PRC DELEGATED CO-COMMISSIONING,SPRING HOUSE MEDICAL CENTRE,24669174,"(15,766.09)",,HT000038512
Department of Health,NHS East & North Hertfordshire CCG,30/11/2018,C&M-APMS Contract Value,PRC DELEGATED CO-COMMISSIONING,SPRING HOUSE MEDICAL CENTRE,24669176,"83,333.26 ",,HT000038513
Department of Health,NHS East & North Hertfordshire CCG,30/11/2018,C&M-APMS DES Minor Surgery,PRC DELEGATED CO-COMMISSIONING,SPRING HOUSE MEDICAL CENTRE,24669176,"1,313.86 ",,HT000038513
Department of Health,NHS East & North Hertfordshire CCG,30/11/2018,C&M-APMS LES Translation Fees,LOCAL ENHANCED SERVICES,SPRING HOUSE MEDICAL CENTRE,24669176,95.16 ,,HT000038513
Department of Health,NHS East & North Hertfordshire CCG,30/11/2018,C&M-APMS Prem Rates,PRC DELEGATED CO-COMMISSIONING,SPRING HOUSE MEDICAL CENTRE,24669176,"1,644.00 ",,HT000038513
Department of Health,NHS East & North Hertfordshire CCG,30/11/2018,C&M-PMS QOF Aspiration,PRC DELEGATED CO-COMMISSIONING,SPRING HOUSE MEDICAL CENTRE,24669176,"3,162.50 ",,HT000038513
Department of Health,NHS East & North Hertfordshire CCG,30/11/2018,C&M-GMS Global Sum,PRC DELEGATED CO-COMMISSIONING,STANHOPE SURGERY,24905182,"40,637.83 ",,HT000038619
Department of Health,NHS East & North Hertfordshire CCG,30/11/2018,C&M-GMS MPIG Correction Factor,PRC DELEGATED CO-COMMISSIONING,STANHOPE SURGERY,24905182,324.12 ,,HT000038619
Department of Health,NHS East & North Hertfordshire CCG,30/11/2018,C&M-GMS Prem Actual Rent,PRC DELEGATED CO-COMMISSIONING,STANHOPE SURGERY,24905182,"4,130.00 ",,HT000038619
Department of Health,NHS East & North Hertfordshire CCG,30/11/2018,C&M-GMS QOF Aspiration,PRC DELEGATED CO-COMMISSIONING,STANHOPE SURGERY,24905182,"3,727.31 ",,HT000038619
Department of Health,NHS East & North Hertfordshire CCG,30/11/2018,ME - GMS TPS Added Years Adj EEs,PRC DELEGATED CO-COMMISSIONING,STANMORE MEDICAL GROUP,24905183,"(1,139.54)",,HT000038620
Department of Health,NHS East & North Hertfordshire CCG,30/11/2018,ME-GMS GP Pension EEs,PRC DELEGATED CO-COMMISSIONING,STANMORE MEDICAL GROUP,24905183,"(18,007.20)",,HT000038620
Department of Health,NHS East & North Hertfordshire CCG,30/11/2018,ME-GMS GP Pension ERs Adjustments,PRC DELEGATED CO-COMMISSIONING,STANMORE MEDICAL GROUP,24905183,"(18,338.07)",,HT000038620
Department of Health,NHS East & North Hertfordshire CCG,30/11/2018,C&M-GMS DES Learn Dsblty Hlth Chk,PRC DELEGATED CO-COMMISSIONING,STANMORE MEDICAL GROUP,24905184,"17,360.00 ",,HT000038621
Department of Health,NHS East & North Hertfordshire CCG,30/11/2018,C&M-GMS Global Sum,PRC DELEGATED CO-COMMISSIONING,STANMORE MEDICAL GROUP,24905184,"226,926.11 ",,HT000038621
Department of Health,NHS East & North Hertfordshire CCG,30/11/2018,C&M-GMS MPIG Correction Factor,PRC DELEGATED CO-COMMISSIONING,STANMORE MEDICAL GROUP,24905184,936.24 ,,HT000038621
Department of Health,NHS East & North Hertfordshire CCG,30/11/2018,C&M-GMS Prem Notional Rent,PRC DELEGATED CO-COMMISSIONING,STANMORE MEDICAL GROUP,24905184,"2,441.67 ",,HT000038621
Department of Health,NHS East & North Hertfordshire CCG,30/11/2018,C&M-GMS QOF Aspiration,PRC DELEGATED CO-COMMISSIONING,STANMORE MEDICAL GROUP,24905184,"22,249.47 ",,HT000038621
Department of Health,NHS East & North Hertfordshire CCG,30/11/2018,C&M-GMS Cost of Drugs -Prescribing,LOCAL ENHANCED SERVICES,STANMORE MEDICAL GROUP,24930059,"23,483.91 ",,HT000038897
Department of Health,NHS East & North Hertfordshire CCG,30/11/2018,C&M-GMS Prof Fees Prescribing,PRC DELEGATED CO-COMMISSIONING,STANMORE MEDICAL GROUP,24930059,"5,084.53 ",,HT000038897
Department of Health,NHS East & North Hertfordshire CCG,30/11/2018,C&M-GMS Global Sum,PRC DELEGATED CO-COMMISSIONING,STOCKWELL LODGE MEDICAL CENTRE,24905180,"71,684.31 ",,HT000038617
Department of Health,NHS East & North Hertfordshire CCG,30/11/2018,C&M-GMS MPIG Correction Factor,PRC DELEGATED CO-COMMISSIONING,STOCKWELL LODGE MEDICAL CENTRE,24905180,646.73 ,,HT000038617
Department of Health,NHS East & North Hertfordshire CCG,30/11/2018,C&M-GMS Prem Notional Rent,PRC DELEGATED CO-COMMISSIONING,STOCKWELL LODGE MEDICAL CENTRE,24905180,"9,583.33 ",,HT000038617
Department of Health,NHS East & North Hertfordshire CCG,30/11/2018,C&M-GMS QOF Aspiration,PRC DELEGATED CO-COMMISSIONING,STOCKWELL LODGE MEDICAL CENTRE,24905180,"6,781.23 ",,HT000038617
Department of Health,NHS East & North Hertfordshire CCG,30/11/2018,C&M-GMS DES Learn Dsblty Hlth Chk,PRC DELEGATED CO-COMMISSIONING,SURGERY ASTONIA HOUSE,24905178,980.00 ,,HT000038615
Department of Health,NHS East & North Hertfordshire CCG,30/11/2018,C&M-GMS Global Sum,PRC DELEGATED CO-COMMISSIONING,SURGERY ASTONIA HOUSE,24905178,"86,173.05 ",,HT000038615
Department of Health,NHS East & North Hertfordshire CCG,30/11/2018,C&M-GMS MPIG Correction Factor,PRC DELEGATED CO-COMMISSIONING,SURGERY ASTONIA HOUSE,24905178,534.09 ,,HT000038615
Department of Health,NHS East & North Hertfordshire CCG,30/11/2018,C&M-GMS Prem Actual Rent,PRC DELEGATED CO-COMMISSIONING,SURGERY ASTONIA HOUSE,24905178,"39,775.75 ",,HT000038615
Department of Health,NHS East & North Hertfordshire CCG,30/11/2018,C&M-GMS Prem Rates,PRC DELEGATED CO-COMMISSIONING,SURGERY ASTONIA HOUSE,24905178,"1,697.21 ",,HT000038615
Department of Health,NHS East & North Hertfordshire CCG,30/11/2018,C&M-GMS QOF Aspiration,PRC DELEGATED CO-COMMISSIONING,SURGERY ASTONIA HOUSE,24905178,"9,729.83 ",,HT000038615
Department of Health,NHS East & North Hertfordshire CCG,30/11/2018,C&M-GMS Global Sum,PRC DELEGATED CO-COMMISSIONING,SYMONDS GREEN HEALTH CENTRE,24905186,"30,290.41 ",,HT000038623
Department of Health,NHS East & North Hertfordshire CCG,30/11/2018,C&M-GMS MPIG Correction Factor,PRC DELEGATED CO-COMMISSIONING,SYMONDS GREEN HEALTH CENTRE,24905186,137.57 ,,HT000038623
Department of Health,NHS East & North Hertfordshire CCG,30/11/2018,C&M-GMS QOF Aspiration,PRC DELEGATED CO-COMMISSIONING,SYMONDS GREEN HEALTH CENTRE,24905186,"2,799.76 ",,HT000038623
Department of Health,NHS East & North Hertfordshire CCG,30/11/2018,Hcare Srv Rec Fdtn Trust-Prior Year,ACUTE COMMISSIONING,UNIVERSITY COLLEGE LONDON HOSPITALS NHS FOUNDATION TRUST,24772101,"94,945.00 ",654948687,PERA1522
Department of Health,NHS East & North Hertfordshire CCG,30/11/2018,Hcare Srv Rec Fdtn Trust-Contract Baseline,ACUTE COMMISSIONING,UNIVERSITY COLLEGE LONDON HOSPITALS NHS FOUNDATION TRUST,24783071,"614,646.00 ",654948687,5010182396
Department of Health,NHS East & North Hertfordshire CCG,30/11/2018,C&M-GMS Global Sum,PRC DELEGATED CO-COMMISSIONING,WALLACE HOUSE SURGERY,24905190,"88,150.19 ",,HT000038627
Department of Health,NHS East & North Hertfordshire CCG,30/11/2018,C&M-GMS MPIG Correction Factor,PRC DELEGATED CO-COMMISSIONING,WALLACE HOUSE SURGERY,24905190,322.01 ,,HT000038627
Department of Health,NHS East & North Hertfordshire CCG,30/11/2018,C&M-GMS PCO Doctors Ret Scheme,PRC DELEGATED CO-COMMISSIONING,WALLACE HOUSE SURGERY,24905190,"5,230.72 ",,HT000038627
Department of Health,NHS East & North Hertfordshire CCG,30/11/2018,C&M-GMS QOF Aspiration,PRC DELEGATED CO-COMMISSIONING,WALLACE HOUSE SURGERY,24905190,"9,621.18 ",,HT000038627
Department of Health,NHS East & North Hertfordshire CCG,30/11/2018,C&M-GMS DES Learn Dsblty Hlth Chk,PRC DELEGATED CO-COMMISSIONING,WARDEN LODGE MEDICAL PRACTICE,24905192,700.00 ,,HT000038629
Department of Health,NHS East & North Hertfordshire CCG,30/11/2018,C&M-GMS Global Sum,PRC DELEGATED CO-COMMISSIONING,WARDEN LODGE MEDICAL PRACTICE,24905192,"70,111.36 ",,HT000038629
Department of Health,NHS East & North Hertfordshire CCG,30/11/2018,C&M-GMS Other FDR Payment,PRC DELEGATED CO-COMMISSIONING,WARDEN LODGE MEDICAL PRACTICE,24905192,"3,086.39 ",,HT000038629
Department of Health,NHS East & North Hertfordshire CCG,30/11/2018,C&M-GMS Prem Actual Rent,PRC DELEGATED CO-COMMISSIONING,WARDEN LODGE MEDICAL PRACTICE,24905192,"12,317.50 ",,HT000038629
Department of Health,NHS East & North Hertfordshire CCG,30/11/2018,C&M-GMS Prem Rates,PRC DELEGATED CO-COMMISSIONING,WARDEN LODGE MEDICAL PRACTICE,24905192,"1,915.66 ",,HT000038629
Department of Health,NHS East & North Hertfordshire CCG,30/11/2018,C&M-GMS QOF Aspiration,PRC DELEGATED CO-COMMISSIONING,WARDEN LODGE MEDICAL PRACTICE,24905192,"7,493.89 ",,HT000038629
Department of Health,NHS East & North Hertfordshire CCG,30/11/2018,ME - GMS TPS Added Years Adj EEs,PRC DELEGATED CO-COMMISSIONING,WARDEN LODGE MEDICAL PRACTICE,24905192,211.78 ,,HT000038629
Department of Health,NHS East & North Hertfordshire CCG,30/11/2018,C&M-GMS Cost of Drugs -Dispensing,LOCAL ENHANCED SERVICES,WATTON PLACE CLINIC,24930065,"(50,214.40)",,HT000038903
Department of Health,NHS East & North Hertfordshire CCG,30/11/2018,C&M-GMS PrscChrgsCll&RmttdbyGPCntra,PRC DELEGATED CO-COMMISSIONING,WATTON PLACE CLINIC,24930065,"(5,130.40)",,HT000038903
Department of Health,NHS East & North Hertfordshire CCG,30/11/2018,C&M-GMS Cost of Drugs -Dispensing,LOCAL ENHANCED SERVICES,WATTON PLACE CLINIC,24930066,"105,175.15 ",,HT000038904
Department of Health,NHS East & North Hertfordshire CCG,30/11/2018,C&M-GMS Prof Fees Dispensing,PRC DELEGATED CO-COMMISSIONING,WATTON PLACE CLINIC,24930066,"17,348.19 ",,HT000038904
Department of Health,NHS East & North Hertfordshire CCG,30/11/2018,C&M-GMS PrscrptnChrgsColl&RmttdbyGP,LOCAL ENHANCED SERVICES,WATTON PLACE CLINIC,24930066,"5,130.40 ",,HT000038904
Department of Health,NHS East & North Hertfordshire CCG,30/11/2018,C&M-GMS DES OOAR in hrs urgentcare,PRC DELEGATED CO-COMMISSIONING,WATTON PLACE CLINIC,24930985,126.96 ,,HT000038630
Department of Health,NHS East & North Hertfordshire CCG,30/11/2018,C&M-GMS Global Sum,PRC DELEGATED CO-COMMISSIONING,WATTON PLACE CLINIC,24930985,"34,884.72 ",,HT000038630
Department of Health,NHS East & North Hertfordshire CCG,30/11/2018,C&M-GMS MPIG Correction Factor,PRC DELEGATED CO-COMMISSIONING,WATTON PLACE CLINIC,24930985,208.54 ,,HT000038630
Department of Health,NHS East & North Hertfordshire CCG,30/11/2018,C&M-GMS Prem Actual Rent,PRC DELEGATED CO-COMMISSIONING,WATTON PLACE CLINIC,24930985,"8,819.75 ",,HT000038630
Department of Health,NHS East & North Hertfordshire CCG,30/11/2018,C&M-GMS Prem Notional Rent,PRC DELEGATED CO-COMMISSIONING,WATTON PLACE CLINIC,24930985,"1,737.50 ",,HT000038630
Department of Health,NHS East & North Hertfordshire CCG,30/11/2018,C&M-GMS Prem Rates,PRC DELEGATED CO-COMMISSIONING,WATTON PLACE CLINIC,24930985,"1,803.68 ",,HT000038630
Department of Health,NHS East & North Hertfordshire CCG,30/11/2018,C&M-GMS QOF Aspiration,PRC DELEGATED CO-COMMISSIONING,WATTON PLACE CLINIC,24930985,"2,926.53 ",,HT000038630
Department of Health,NHS East & North Hertfordshire CCG,30/11/2018,Hcare Srv Rec NHS Trust-Over/ Under Performance,ACUTE COMMISSIONING,WEST HERTFORDSHIRE HOSPITALS NHS TRUST,24871940,"165,250.00 ",654974002,0000254776
Department of Health,NHS East & North Hertfordshire CCG,30/11/2018,Hcare Srv Rec NHS Trust-Over/ Under Performance,ACUTE COMMISSIONING,WEST HERTFORDSHIRE HOSPITALS NHS TRUST,24872526,"(42,843.00)",654974002,0000025411
Department of Health,NHS East & North Hertfordshire CCG,30/11/2018,Hcare Srv Rec NHS Trust-Contract Baseline,ACUTE COMMISSIONING,WHITTINGTON HOSPITAL NHS TRUST (THE),24594762,"29,516.83 ",654948100,00084188
Department of Health,NHS East & North Hertfordshire CCG,30/11/2018,C&M-GMS DES OOAR in hrs urgentcare,PRC DELEGATED CO-COMMISSIONING,WHITWELL SURGERY,24905188,111.09 ,,HT000038625
Department of Health,NHS East & North Hertfordshire CCG,30/11/2018,C&M-GMS Global Sum,PRC DELEGATED CO-COMMISSIONING,WHITWELL SURGERY,24905188,"21,644.44 ",,HT000038625
Department of Health,NHS East & North Hertfordshire CCG,30/11/2018,C&M-GMS Prem Actual Rent,PRC DELEGATED CO-COMMISSIONING,WHITWELL SURGERY,24905188,"12,037.50 ",,HT000038625
Department of Health,NHS East & North Hertfordshire CCG,30/11/2018,C&M-GMS Prem Rates,PRC DELEGATED CO-COMMISSIONING,WHITWELL SURGERY,24905188,688.75 ,,HT000038625
Department of Health,NHS East & North Hertfordshire CCG,30/11/2018,C&M-GMS QOF Aspiration,PRC DELEGATED CO-COMMISSIONING,WHITWELL SURGERY,24905188,"1,672.89 ",,HT000038625
Department of Health,NHS East & North Hertfordshire CCG,30/11/2018,C&M-GMS Cost of Drugs -Dispensing,LOCAL ENHANCED SERVICES,WHITWELL SURGERY,24930062,"38,569.62 ",,HT000038900
Department of Health,NHS East & North Hertfordshire CCG,30/11/2018,C&M-GMS Prof Fees Dispensing,PRC DELEGATED CO-COMMISSIONING,WHITWELL SURGERY,24930062,"6,973.72 ",,HT000038900
Department of Health,NHS East & North Hertfordshire CCG,30/11/2018,C&M-GMS PrscrptnChrgsColl&RmttdbyGP,LOCAL ENHANCED SERVICES,WHITWELL SURGERY,24930062,"1,522.40 ",,HT000038900
Department of Health,NHS East & North Hertfordshire CCG,30/11/2018,C&M-GMS Global Sum,PRC DELEGATED CO-COMMISSIONING,WRAFTON HOUSE,24905194,"66,722.11 ",,HT000038632
Department of Health,NHS East & North Hertfordshire CCG,30/11/2018,C&M-GMS Prem Actual Rent,PRC DELEGATED CO-COMMISSIONING,WRAFTON HOUSE,24905194,"30,436.00 ",,HT000038632
Department of Health,NHS East & North Hertfordshire CCG,30/11/2018,C&M-GMS Prem Rates,PRC DELEGATED CO-COMMISSIONING,WRAFTON HOUSE,24905194,"2,183.83 ",,HT000038632
Department of Health,NHS East & North Hertfordshire CCG,30/11/2018,C&M-GMS QOF Aspiration,PRC DELEGATED CO-COMMISSIONING,WRAFTON HOUSE,24905194,"7,458.56 ",,HT000038632
Department of Health,NHS East & North Hertfordshire CCG,30/11/2018,Cont Care-FNC Client Continence Allow,FUNDED NURSING CARE,WYMONDLEY NURSING & CARE HOME LTD,24709545,"1,007.21 ",,NHS491
Department of Health,NHS East & North Hertfordshire CCG,30/11/2018,Cont Care-Funded Nursing Care Allow,FUNDED NURSING CARE,WYMONDLEY NURSING & CARE HOME LTD,24709545,"32,535.84 ",,NHS491
Department of Health,NHS East & North Hertfordshire CCG,30/11/2018,Clinical&Medical-Independent Sector,COMMUNITY SERVICES,XPERT HEALTH TRAINING & EDUCATION LTD,24631507,"26,402.88 ",122763919,7923
,,,,,,,,,
,,,,,,,"55,214,498.50 ",,
