A3131 - Expenditure Over Threshold,,,,,,,,,
,,,,,,,,,
,,,,,,,,,
,,,,,,,,,
Time run: 04/03/2019 10:23:20,,,,,,,,,
,,,,,,,,,
Department family,Entity,Date,Expense Type,Expense area,Supplier,Transaction number,AP Amount (�),VAT registration number,Purchase invoice number
Department of Health,NHS East & North Hertfordshire CCG,28/02/2019,C&M-APMS Contract Value,PRC DELEGATED CO-COMMISSIONING,12 POINT CARE LTD,25933260,"(66,675.46)",,HT000039896
Department of Health,NHS East & North Hertfordshire CCG,28/02/2019,C&M-APMS Contract Value,PRC DELEGATED CO-COMMISSIONING,12 POINT CARE LTD,25933262,"108,250.11 ",,HT000039897
Department of Health,NHS East & North Hertfordshire CCG,28/02/2019,C&M-APMS Prem Actual Rent,PRC DELEGATED CO-COMMISSIONING,12 POINT CARE LTD,25933262,"22,100.00 ",,HT000039897
Department of Health,NHS East & North Hertfordshire CCG,28/02/2019,C&M-APMS Prem Rates,PRC DELEGATED CO-COMMISSIONING,12 POINT CARE LTD,25933262,810.28 ,,HT000039897
Department of Health,NHS East & North Hertfordshire CCG,28/02/2019,C&M-PMS QOF Aspiration,PRC DELEGATED CO-COMMISSIONING,12 POINT CARE LTD,25933262,"3,312.79 ",,HT000039897
Department of Health,NHS East & North Hertfordshire CCG,28/02/2019,Clinical&Medical-Clinical Other,GP FORWARD VIEW,12 POINT CARE LTD,25965773,"34,292.72 ",,12PCEASAPM05
Department of Health,NHS East & North Hertfordshire CCG,28/02/2019,C&M-GMS Global Sum,PRC DELEGATED CO-COMMISSIONING,AMWELL STREET SURGERY,26114864,"83,361.02 ",,HT000039910
Department of Health,NHS East & North Hertfordshire CCG,28/02/2019,C&M-GMS MPIG Correction Factor,PRC DELEGATED CO-COMMISSIONING,AMWELL STREET SURGERY,26114864,"2,310.15 ",,HT000039910
Department of Health,NHS East & North Hertfordshire CCG,28/02/2019,C&M-GMS Prem Other,PRC DELEGATED CO-COMMISSIONING,AMWELL STREET SURGERY,26114864,"2,550.00 ",,HT000039910
Department of Health,NHS East & North Hertfordshire CCG,28/02/2019,C&M-GMS QOF Aspiration,PRC DELEGATED CO-COMMISSIONING,AMWELL STREET SURGERY,26114864,"8,946.15 ",,HT000039910
Department of Health,NHS East & North Hertfordshire CCG,28/02/2019,C&M-GMS Global Sum,PRC DELEGATED CO-COMMISSIONING,ASHWELL SURGERY,26134984,"57,198.22 ",879108291,HT000039906
Department of Health,NHS East & North Hertfordshire CCG,28/02/2019,C&M-GMS MPIG Correction Factor,PRC DELEGATED CO-COMMISSIONING,ASHWELL SURGERY,26134984,"1,150.80 ",879108291,HT000039906
Department of Health,NHS East & North Hertfordshire CCG,28/02/2019,C&M-GMS Prem Notional Rent,PRC DELEGATED CO-COMMISSIONING,ASHWELL SURGERY,26134984,"7,747.50 ",879108291,HT000039906
Department of Health,NHS East & North Hertfordshire CCG,28/02/2019,C&M-GMS Prem Water Rates,PRC DELEGATED CO-COMMISSIONING,ASHWELL SURGERY,26134984,68.84 ,879108291,HT000039906
Department of Health,NHS East & North Hertfordshire CCG,28/02/2019,C&M-GMS QOF Aspiration,PRC DELEGATED CO-COMMISSIONING,ASHWELL SURGERY,26134984,"4,794.78 ",879108291,HT000039906
Department of Health,NHS East & North Hertfordshire CCG,28/02/2019,ME-GMS GP Pension EEs Adjustments,PRC DELEGATED CO-COMMISSIONING,ASHWELL SURGERY,26134984,"6,114.17 ",879108291,HT000039906
Department of Health,NHS East & North Hertfordshire CCG,28/02/2019,ME-GMS GP Pension ERs Adjustments,PRC DELEGATED CO-COMMISSIONING,ASHWELL SURGERY,26134984,"6,063.57 ",879108291,HT000039906
Department of Health,NHS East & North Hertfordshire CCG,28/02/2019,C&M-GMS Cost of Drugs -Dispensing,LOCAL ENHANCED SERVICES,ASHWELL SURGERY,26142987,"(27,527.46)",879108291,HT000040131
Department of Health,NHS East & North Hertfordshire CCG,28/02/2019,C&M-GMS Cost of Drugs -Dispensing,LOCAL ENHANCED SERVICES,ASHWELL SURGERY,26142988,"58,546.19 ",879108291,HT000040132
Department of Health,NHS East & North Hertfordshire CCG,28/02/2019,C&M-GMS Prof Fees Dispensing,PRC DELEGATED CO-COMMISSIONING,ASHWELL SURGERY,26142988,"11,944.42 ",879108291,HT000040132
Department of Health,NHS East & North Hertfordshire CCG,28/02/2019,C&M-GMS Global Sum,PRC DELEGATED CO-COMMISSIONING,BANCROFT MEDICAL CENTRE,26114940,"118,073.35 ",,HT000040001
Department of Health,NHS East & North Hertfordshire CCG,28/02/2019,C&M-GMS MPIG Correction Factor,PRC DELEGATED CO-COMMISSIONING,BANCROFT MEDICAL CENTRE,26114940,239.37 ,,HT000040001
Department of Health,NHS East & North Hertfordshire CCG,28/02/2019,C&M-GMS Prem Actual Rent,PRC DELEGATED CO-COMMISSIONING,BANCROFT MEDICAL CENTRE,26114940,"60,927.50 ",,HT000040001
Department of Health,NHS East & North Hertfordshire CCG,28/02/2019,C&M-GMS QOF Aspiration,PRC DELEGATED CO-COMMISSIONING,BANCROFT MEDICAL CENTRE,26114940,"11,393.36 ",,HT000040001
Department of Health,NHS East & North Hertfordshire CCG,28/02/2019,C&M-GMS Cost of Drugs -Dispensing,LOCAL ENHANCED SERVICES,BANCROFT MEDICAL CENTRE,26143042,"25,766.85 ",,HT000040189
Department of Health,NHS East & North Hertfordshire CCG,28/02/2019,C&M-GMS Prof Fees Dispensing,PRC DELEGATED CO-COMMISSIONING,BANCROFT MEDICAL CENTRE,26143042,"4,303.04 ",,HT000040189
Department of Health,NHS East & North Hertfordshire CCG,28/02/2019,C&M-GMS PrscrptnChrgsColl&RmttdbyGP,LOCAL ENHANCED SERVICES,BANCROFT MEDICAL CENTRE,26143042,880.00 ,,HT000040189
Department of Health,NHS East & North Hertfordshire CCG,28/02/2019,Hcare Srv Rec NHS Trust-Contract Baseline,ACUTE COMMISSIONING,BARKING HAVERING AND REDBRIDGE HOSPITALS NHS TRUST,25965036,"100,483.00 ",654924414,8454431
Department of Health,NHS East & North Hertfordshire CCG,28/02/2019,Hcare Srv Rec NHS Trust-Prior Year,ACUTE COMMISSIONING,BARTS HEALTH NHS TRUST,25854534,"44,979.55 ",654947005,345229
Department of Health,NHS East & North Hertfordshire CCG,28/02/2019,Hcare Srv Rec Fdtn Trust-Contract Baseline,ACUTE COMMISSIONING,BASILDON & THURROCK UNIVERSITY HOSPITALS NHS FOUNDATION TRUST,25854672,"43,245.00 ",GB 654911917,0000101002
Department of Health,NHS East & North Hertfordshire CCG,28/02/2019,Hcare Srv Rec NHS Trust-Contract Baseline,ACUTE COMMISSIONING,BEDFORD HOSPITAL NHS TRUST,25854556,"28,628.29 ",654912424,I0169047
Department of Health,NHS East & North Hertfordshire CCG,28/02/2019,ME-GMS GP Pension EEs,PRC DELEGATED CO-COMMISSIONING,BEDWELL MEDICAL CENTRE,26114861,"(13,978.77)",,HT000039907
Department of Health,NHS East & North Hertfordshire CCG,28/02/2019,ME-GMS GP Pension ERs Adjustments,PRC DELEGATED CO-COMMISSIONING,BEDWELL MEDICAL CENTRE,26114861,"(13,353.44)",,HT000039907
Department of Health,NHS East & North Hertfordshire CCG,28/02/2019,C&M-GMS Global Sum,PRC DELEGATED CO-COMMISSIONING,BEDWELL MEDICAL CENTRE,26114862,"87,617.55 ",,HT000039908
Department of Health,NHS East & North Hertfordshire CCG,28/02/2019,C&M-GMS PCO Locum Adop/Pat/Mat,PRC DELEGATED CO-COMMISSIONING,BEDWELL MEDICAL CENTRE,26114862,"5,100.00 ",,HT000039908
Department of Health,NHS East & North Hertfordshire CCG,28/02/2019,C&M-GMS Prem Notional Rent,PRC DELEGATED CO-COMMISSIONING,BEDWELL MEDICAL CENTRE,26114862,"3,229.17 ",,HT000039908
Department of Health,NHS East & North Hertfordshire CCG,28/02/2019,C&M-GMS QOF Aspiration,PRC DELEGATED CO-COMMISSIONING,BEDWELL MEDICAL CENTRE,26114862,"8,462.17 ",,HT000039908
Department of Health,NHS East & North Hertfordshire CCG,28/02/2019,Participation Fees,FINANCIAL ACCOUNTS SERVICES,BIRCHWOOD SURGERY,25841347,"57,630.03 ",,06KPCSE011
Department of Health,NHS East & North Hertfordshire CCG,28/02/2019,C&M-GMS Global Sum,PRC DELEGATED CO-COMMISSIONING,BIRCHWOOD SURGERY,26114866,"91,728.66 ",,HT000039912
Department of Health,NHS East & North Hertfordshire CCG,28/02/2019,C&M-GMS PCO Locum Sickness,PRC DELEGATED CO-COMMISSIONING,BIRCHWOOD SURGERY,26114866,"7,006.08 ",,HT000039912
Department of Health,NHS East & North Hertfordshire CCG,28/02/2019,C&M-GMS Prem Actual Rent,PRC DELEGATED CO-COMMISSIONING,BIRCHWOOD SURGERY,26114866,"26,550.00 ",,HT000039912
Department of Health,NHS East & North Hertfordshire CCG,28/02/2019,C&M-GMS Prem Water Rates,PRC DELEGATED CO-COMMISSIONING,BIRCHWOOD SURGERY,26114866,274.25 ,,HT000039912
Department of Health,NHS East & North Hertfordshire CCG,28/02/2019,C&M-GMS QOF Aspiration,PRC DELEGATED CO-COMMISSIONING,BIRCHWOOD SURGERY,26114866,"11,389.28 ",,HT000039912
Department of Health,NHS East & North Hertfordshire CCG,28/02/2019,ME-GMS GP Pension EEs Adjustments,PRC DELEGATED CO-COMMISSIONING,BIRCHWOOD SURGERY,26114866,"2,625.00 ",,HT000039912
Department of Health,NHS East & North Hertfordshire CCG,28/02/2019,ME-GMS GP Pension ERs Adjustments,PRC DELEGATED CO-COMMISSIONING,BIRCHWOOD SURGERY,26114866,"3,019.80 ",,HT000039912
Department of Health,NHS East & North Hertfordshire CCG,28/02/2019,Clinical&Medical-Independent Sector,ACUTE COMMISSIONING,BMI HEALTHCARE LTD,25834455,"89,480.85 ",GB235134980,0000100713
Department of Health,NHS East & North Hertfordshire CCG,28/02/2019,Clinical&Medical-Independent Sector,ACUTE COMMISSIONING,BMI HEALTHCARE LTD,25834500,"99,594.79 ",GB235134980,0000102941
Department of Health,NHS East & North Hertfordshire CCG,28/02/2019,Clinical&Medical-Independent Sector,ACUTE COMMISSIONING,BMI HEALTHCARE LTD,25982752,"107,041.78 ",GB235134980,0000103683
Department of Health,NHS East & North Hertfordshire CCG,28/02/2019,Clinical&Medical-Independent Sector,ACUTE COMMISSIONING,BMI HEALTHCARE LTD,25982753,"91,874.98 ",GB235134980,0000103684
Department of Health,NHS East & North Hertfordshire CCG,28/02/2019,Clinical&Medical-Independent Sector,ACUTE COMMISSIONING,BMI HEALTHCARE LTD,26069159,"61,108.18 ",GB235134980,0000100714
Department of Health,NHS East & North Hertfordshire CCG,28/02/2019,Clinical&Medical-Independent Sector,ACUTE COMMISSIONING,BMI HEALTHCARE LTD,26069164,"53,058.65 ",GB235134980,0000102216
Department of Health,NHS East & North Hertfordshire CCG,28/02/2019,Clinical&Medical-Independent Sector,ACUTE COMMISSIONING,BMI HEALTHCARE LTD,26199370,"42,129.51 ",GB235134980,0000102217
Department of Health,NHS East & North Hertfordshire CCG,28/02/2019,Clinical&Medical-Independent Sector,ACUTE COMMISSIONING,BMI HEALTHCARE LTD,26199388,"68,595.40 ",GB235134980,0000102942
Department of Health,NHS East & North Hertfordshire CCG,28/02/2019,Clinical&Medical-Independent Sector,ACUTE COMMISSIONING,BMI HEALTHCARE LTD,26199439,"30,398.98 ",GB235134980,0000104191
Department of Health,NHS East & North Hertfordshire CCG,28/02/2019,Clinical&Medical-Independent Sector,COLLABORATIVE COMMISSIONING,BOURN HALL CLINIC,26127388,"45,194.61 ",,16252
Department of Health,NHS East & North Hertfordshire CCG,28/02/2019,Clinical&Medical-Independent Sector,COLLABORATIVE COMMISSIONING,BOURN HALL CLINIC,26127637,"27,340.00 ",,16523
Department of Health,NHS East & North Hertfordshire CCG,28/02/2019,C&M-GMS Global Sum,PRC DELEGATED CO-COMMISSIONING,BRIDGE COTTAGE SURGERY,26114871,"113,218.87 ",,HT000039918
Department of Health,NHS East & North Hertfordshire CCG,28/02/2019,C&M-GMS Prem Notional Rent,PRC DELEGATED CO-COMMISSIONING,BRIDGE COTTAGE SURGERY,26114871,"9,508.33 ",,HT000039918
Department of Health,NHS East & North Hertfordshire CCG,28/02/2019,C&M-GMS QOF Aspiration,PRC DELEGATED CO-COMMISSIONING,BRIDGE COTTAGE SURGERY,26114871,"11,166.13 ",,HT000039918
Department of Health,NHS East & North Hertfordshire CCG,28/02/2019,C&M-GMS Global Sum,PRC DELEGATED CO-COMMISSIONING,BUNTINGFORD MEDICAL CENTRE,26134985,"51,851.68 ",,HT000039914
Department of Health,NHS East & North Hertfordshire CCG,28/02/2019,C&M-GMS Prem Actual Rent,PRC DELEGATED CO-COMMISSIONING,BUNTINGFORD MEDICAL CENTRE,26134985,"14,890.00 ",,HT000039914
Department of Health,NHS East & North Hertfordshire CCG,28/02/2019,C&M-GMS Prem Water Rates,PRC DELEGATED CO-COMMISSIONING,BUNTINGFORD MEDICAL CENTRE,26134985,136.53 ,,HT000039914
Department of Health,NHS East & North Hertfordshire CCG,28/02/2019,C&M-GMS QOF Aspiration,PRC DELEGATED CO-COMMISSIONING,BUNTINGFORD MEDICAL CENTRE,26134985,"4,885.79 ",,HT000039914
Department of Health,NHS East & North Hertfordshire CCG,28/02/2019,ME - GMS GP Prior Year ERs,PRC DELEGATED CO-COMMISSIONING,BUNTINGFORD MEDICAL CENTRE,26134985,80.28 ,,HT000039914
Department of Health,NHS East & North Hertfordshire CCG,28/02/2019,ME-GMS GP Prior Year AVCs,PRC DELEGATED CO-COMMISSIONING,BUNTINGFORD MEDICAL CENTRE,26134985,14.03 ,,HT000039914
Department of Health,NHS East & North Hertfordshire CCG,28/02/2019,ME-GMS GP Prior Year EEs,PRC DELEGATED CO-COMMISSIONING,BUNTINGFORD MEDICAL CENTRE,26134985,"1,090.43 ",,HT000039914
Department of Health,NHS East & North Hertfordshire CCG,28/02/2019,Cont Care- Adult 100% Fully Funded,CHC ADULT FULLY FUNDED,BUPA CARE HOMES,25809595,"3,587.14 ",239731641,BUP201812EN
Department of Health,NHS East & North Hertfordshire CCG,28/02/2019,Cont Care-Physical Disab (65+),CHC ADULT FULLY FUNDED,BUPA CARE HOMES,25809595,"21,522.86 ",239731641,BUP201812EN
Department of Health,NHS East & North Hertfordshire CCG,28/02/2019,C&M-GMS Global Sum,PRC DELEGATED CO-COMMISSIONING,BURVILL HOUSE SURGERY,26114869,"72,579.10 ",,HT000039916
Department of Health,NHS East & North Hertfordshire CCG,28/02/2019,C&M-GMS Other FDR Payment,PRC DELEGATED CO-COMMISSIONING,BURVILL HOUSE SURGERY,26114869,"2,989.42 ",,HT000039916
Department of Health,NHS East & North Hertfordshire CCG,28/02/2019,C&M-GMS Prem Actual Rent,PRC DELEGATED CO-COMMISSIONING,BURVILL HOUSE SURGERY,26114869,350.00 ,,HT000039916
Department of Health,NHS East & North Hertfordshire CCG,28/02/2019,C&M-GMS Prem Notional Rent,PRC DELEGATED CO-COMMISSIONING,BURVILL HOUSE SURGERY,26114869,"4,808.33 ",,HT000039916
Department of Health,NHS East & North Hertfordshire CCG,28/02/2019,C&M-GMS QOF Aspiration,PRC DELEGATED CO-COMMISSIONING,BURVILL HOUSE SURGERY,26114869,"6,398.11 ",,HT000039916
Department of Health,NHS East & North Hertfordshire CCG,31/01/2019,Hcare Srv Rec Fdtn Trust-Contract Baseline,ACUTE COMMISSIONING,CAMBRIDGE UNIVERSITY HOSPITALS NHS FOUNDATION TRUST,25695704,"1,414,983.75 ",654910528,70022144
Department of Health,NHS East & North Hertfordshire CCG,28/02/2019,Hcare Srv Rec Fdtn Trust-Prior Year,ACUTE COMMISSIONING,CAMBRIDGE UNIVERSITY HOSPITALS NHS FOUNDATION TRUST,25812146,"(77,111.55)",654910528,60030565
Department of Health,NHS East & North Hertfordshire CCG,28/02/2019,Hcare Srv Rec Fdtn Trust-Over/ Under Performance,ACUTE COMMISSIONING,CAMBRIDGE UNIVERSITY HOSPITALS NHS FOUNDATION TRUST,26002670,"36,611.70 ",654910528,80212218
Department of Health,NHS East & North Hertfordshire CCG,28/02/2019,Cont Care-Learning Disab(<65),CHC ADULT FULLY FUNDED,CANDOUR CARE SERVICES,25965219,"29,220.24 ",,497
Department of Health,NHS East & North Hertfordshire CCG,28/02/2019,C&M-GMS Global Sum,PRC DELEGATED CO-COMMISSIONING,CASTLEGATE SURGERY HERTFORD,26114876,"51,297.79 ",,HT000039926
Department of Health,NHS East & North Hertfordshire CCG,28/02/2019,C&M-GMS MPIG Correction Factor,PRC DELEGATED CO-COMMISSIONING,CASTLEGATE SURGERY HERTFORD,26114876,107.76 ,,HT000039926
Department of Health,NHS East & North Hertfordshire CCG,28/02/2019,C&M-GMS PCO Doctors Ret Scheme,PRC DELEGATED CO-COMMISSIONING,CASTLEGATE SURGERY HERTFORD,26114876,615.40 ,,HT000039926
Department of Health,NHS East & North Hertfordshire CCG,28/02/2019,C&M-GMS PCO Other,PRC DELEGATED CO-COMMISSIONING,CASTLEGATE SURGERY HERTFORD,26114876,"4,987.00 ",,HT000039926
Department of Health,NHS East & North Hertfordshire CCG,28/02/2019,C&M-GMS Prem Actual Rent,PRC DELEGATED CO-COMMISSIONING,CASTLEGATE SURGERY HERTFORD,26114876,"20,150.00 ",,HT000039926
Department of Health,NHS East & North Hertfordshire CCG,28/02/2019,C&M-GMS QOF Aspiration,PRC DELEGATED CO-COMMISSIONING,CASTLEGATE SURGERY HERTFORD,26114876,"4,522.97 ",,HT000039926
Department of Health,NHS East & North Hertfordshire CCG,28/02/2019,C&M-GMS Global Sum,PRC DELEGATED CO-COMMISSIONING,CHELLS WAY SURGERY,26134987,"96,490.39 ",,HT000039920
Department of Health,NHS East & North Hertfordshire CCG,28/02/2019,C&M-GMS MPIG Correction Factor,PRC DELEGATED CO-COMMISSIONING,CHELLS WAY SURGERY,26134987,303.89 ,,HT000039920
Department of Health,NHS East & North Hertfordshire CCG,28/02/2019,C&M-GMS Prem Actual Rent,PRC DELEGATED CO-COMMISSIONING,CHELLS WAY SURGERY,26134987,"49,792.50 ",,HT000039920
Department of Health,NHS East & North Hertfordshire CCG,28/02/2019,C&M-GMS QOF Aspiration,PRC DELEGATED CO-COMMISSIONING,CHELLS WAY SURGERY,26134987,"8,893.85 ",,HT000039920
Department of Health,NHS East & North Hertfordshire CCG,28/02/2019,ME-GMS GP Pension AVCs,PRC DELEGATED CO-COMMISSIONING,CHELLS WAY SURGERY,26134987,"1,277.10 ",,HT000039920
Department of Health,NHS East & North Hertfordshire CCG,28/02/2019,ME-GMS GP Pension EEs Adjustments,PRC DELEGATED CO-COMMISSIONING,CHELLS WAY SURGERY,26134987,"2,511.00 ",,HT000039920
Department of Health,NHS East & North Hertfordshire CCG,28/02/2019,ME-GMS GP Pension ERs Adjustments,PRC DELEGATED CO-COMMISSIONING,CHELLS WAY SURGERY,26134987,"3,882.60 ",,HT000039920
Department of Health,NHS East & North Hertfordshire CCG,28/02/2019,Hcare Srv Rec Fdtn Trust-Contract Baseline,ACUTE COMMISSIONING,CHELSEA AND WESTMINSTER HOSPITAL NHS FOUNDATION TRUST,25834520,"28,536.17 ",654915415,N0029041
Department of Health,NHS East & North Hertfordshire CCG,28/02/2019,C&M-GMS Global Sum,PRC DELEGATED CO-COMMISSIONING,CHURCH STREET SURGERY BISHOPS STORT,26114873,"97,605.45 ",,HT000039922
Department of Health,NHS East & North Hertfordshire CCG,28/02/2019,C&M-GMS MPIG Correction Factor,PRC DELEGATED CO-COMMISSIONING,CHURCH STREET SURGERY BISHOPS STORT,26114873,637.65 ,,HT000039922
Department of Health,NHS East & North Hertfordshire CCG,28/02/2019,C&M-GMS Prem Actual Rent,PRC DELEGATED CO-COMMISSIONING,CHURCH STREET SURGERY BISHOPS STORT,26114873,"8,600.00 ",,HT000039922
Department of Health,NHS East & North Hertfordshire CCG,28/02/2019,C&M-GMS Prem Cost Rent,PRC DELEGATED CO-COMMISSIONING,CHURCH STREET SURGERY BISHOPS STORT,26114873,"6,936.58 ",,HT000039922
Department of Health,NHS East & North Hertfordshire CCG,28/02/2019,C&M-GMS QOF Aspiration,PRC DELEGATED CO-COMMISSIONING,CHURCH STREET SURGERY BISHOPS STORT,26114873,"9,240.80 ",,HT000039922
Department of Health,NHS East & North Hertfordshire CCG,28/02/2019,C&M-GMS Global Sum,PRC DELEGATED CO-COMMISSIONING,CHURCH STREET SURGERY WARE,26114874,"58,134.49 ",,HT000039924
Department of Health,NHS East & North Hertfordshire CCG,28/02/2019,C&M-GMS MPIG Correction Factor,PRC DELEGATED CO-COMMISSIONING,CHURCH STREET SURGERY WARE,26114874,841.90 ,,HT000039924
Department of Health,NHS East & North Hertfordshire CCG,28/02/2019,C&M-GMS Prem Notional Rent,PRC DELEGATED CO-COMMISSIONING,CHURCH STREET SURGERY WARE,26114874,"6,129.17 ",,HT000039924
Department of Health,NHS East & North Hertfordshire CCG,28/02/2019,C&M-GMS Prem Water Rates,PRC DELEGATED CO-COMMISSIONING,CHURCH STREET SURGERY WARE,26114874,177.61 ,,HT000039924
Department of Health,NHS East & North Hertfordshire CCG,28/02/2019,C&M-GMS QOF Aspiration,PRC DELEGATED CO-COMMISSIONING,CHURCH STREET SURGERY WARE,26114874,"6,780.75 ",,HT000039924
Department of Health,NHS East & North Hertfordshire CCG,28/02/2019,ME - GMS GP Prior Year ERs,PRC DELEGATED CO-COMMISSIONING,CHURCH STREET SURGERY WARE,26114874,612.38 ,,HT000039924
Department of Health,NHS East & North Hertfordshire CCG,28/02/2019,ME-GMS GP Prior Year EEs,PRC DELEGATED CO-COMMISSIONING,CHURCH STREET SURGERY WARE,26114874,566.90 ,,HT000039924
Department of Health,NHS East & North Hertfordshire CCG,28/02/2019,C&M-GMS Global Sum,PRC DELEGATED CO-COMMISSIONING,CROMWELL MEDICAL CENTRE,26114877,"52,693.36 ",,HT000039927
Department of Health,NHS East & North Hertfordshire CCG,28/02/2019,C&M-GMS Prem Notional Rent,PRC DELEGATED CO-COMMISSIONING,CROMWELL MEDICAL CENTRE,26114877,"5,150.00 ",,HT000039927
Department of Health,NHS East & North Hertfordshire CCG,28/02/2019,C&M-GMS QOF Aspiration,PRC DELEGATED CO-COMMISSIONING,CROMWELL MEDICAL CENTRE,26114877,"5,396.90 ",,HT000039927
Department of Health,NHS East & North Hertfordshire CCG,28/02/2019,C&M-GMS Global Sum,PRC DELEGATED CO-COMMISSIONING,CUFFLEY & GOFFS OAK MEDICAL PRACTICE,26114878,"87,797.65 ",,HT000039929
Department of Health,NHS East & North Hertfordshire CCG,28/02/2019,C&M-GMS QOF Aspiration,PRC DELEGATED CO-COMMISSIONING,CUFFLEY & GOFFS OAK MEDICAL PRACTICE,26114878,"8,375.55 ",,HT000039929
Department of Health,NHS East & North Hertfordshire CCG,28/02/2019,Clinical&Medical-Independent Sector,INTERMEDIATE CARE,DOLPHIN HOUSE SURGERY,25965437,"26,071.48 ",,09FEB19
Department of Health,NHS East & North Hertfordshire CCG,28/02/2019,ME - GMS GP Prior Year ERs,PRC DELEGATED CO-COMMISSIONING,DOLPHIN HOUSE SURGERY,26114879,"(1,452.96)",,HT000039930
Department of Health,NHS East & North Hertfordshire CCG,28/02/2019,ME-GMS GP Pension EEs,PRC DELEGATED CO-COMMISSIONING,DOLPHIN HOUSE SURGERY,26114879,"(13,206.12)",,HT000039930
Department of Health,NHS East & North Hertfordshire CCG,28/02/2019,ME-GMS GP Pension EEs Adjustments,PRC DELEGATED CO-COMMISSIONING,DOLPHIN HOUSE SURGERY,26114879,"(6,075.40)",,HT000039930
Department of Health,NHS East & North Hertfordshire CCG,28/02/2019,ME-GMS GP Pension ERs Adjustments,PRC DELEGATED CO-COMMISSIONING,DOLPHIN HOUSE SURGERY,26114879,"(20,322.56)",,HT000039930
Department of Health,NHS East & North Hertfordshire CCG,28/02/2019,ME-GMS GP Prior Year EEs,PRC DELEGATED CO-COMMISSIONING,DOLPHIN HOUSE SURGERY,26114879,"(1,465.10)",,HT000039930
Department of Health,NHS East & North Hertfordshire CCG,28/02/2019,C&M-GMS Global Sum,PRC DELEGATED CO-COMMISSIONING,DOLPHIN HOUSE SURGERY,26114880,"91,953.72 ",,HT000039931
Department of Health,NHS East & North Hertfordshire CCG,28/02/2019,C&M-GMS MPIG Correction Factor,PRC DELEGATED CO-COMMISSIONING,DOLPHIN HOUSE SURGERY,26114880,"2,803.15 ",,HT000039931
Department of Health,NHS East & North Hertfordshire CCG,28/02/2019,C&M-GMS Prem Actual Rent,PRC DELEGATED CO-COMMISSIONING,DOLPHIN HOUSE SURGERY,26114880,"20,833.33 ",,HT000039931
Department of Health,NHS East & North Hertfordshire CCG,28/02/2019,C&M-GMS Prem Water Rates,PRC DELEGATED CO-COMMISSIONING,DOLPHIN HOUSE SURGERY,26114880,627.55 ,,HT000039931
Department of Health,NHS East & North Hertfordshire CCG,28/02/2019,C&M-GMS QOF Aspiration,PRC DELEGATED CO-COMMISSIONING,DOLPHIN HOUSE SURGERY,26114880,"10,698.33 ",,HT000039931
Department of Health,NHS East & North Hertfordshire CCG,28/02/2019,ME - GMS GP Prior Year ERs,PRC DELEGATED CO-COMMISSIONING,DOLPHIN HOUSE SURGERY,26114880,"1,574.46 ",,HT000039931
Department of Health,NHS East & North Hertfordshire CCG,28/02/2019,ME - GMS TPS Added Years Adj EEs,PRC DELEGATED CO-COMMISSIONING,DOLPHIN HOUSE SURGERY,26114880,66.85 ,,HT000039931
Department of Health,NHS East & North Hertfordshire CCG,28/02/2019,ME-GMS GP Pension EEs Adjustments,PRC DELEGATED CO-COMMISSIONING,DOLPHIN HOUSE SURGERY,26114880,624.96 ,,HT000039931
Department of Health,NHS East & North Hertfordshire CCG,28/02/2019,ME-GMS GP Pension ERs Adjustments,PRC DELEGATED CO-COMMISSIONING,DOLPHIN HOUSE SURGERY,26114880,719.04 ,,HT000039931
Department of Health,NHS East & North Hertfordshire CCG,28/02/2019,ME-GMS GP Prior Year EEs,PRC DELEGATED CO-COMMISSIONING,DOLPHIN HOUSE SURGERY,26114880,"3,615.31 ",,HT000039931
Department of Health,NHS East & North Hertfordshire CCG,31/01/2019,Hcare Srv Rec NHS Trust-Contract Baseline,ACUTE COMMISSIONING,EAST AND NORTH HERTFORDSHIRE NHS TRUST,25695752,"18,241,780.91 ",654973984,4159776
Department of Health,NHS East & North Hertfordshire CCG,28/02/2019,Cont Care-NHS Trust,CHC CHILDREN,EAST AND NORTH HERTFORDSHIRE NHS TRUST,25834493,"55,807.00 ",654973984,4159657
Department of Health,NHS East & North Hertfordshire CCG,28/02/2019,Hcare Srv Rec NHS Trust-Over/ Under Performance,ACUTE COMMISSIONING,EAST AND NORTH HERTFORDSHIRE NHS TRUST,25941687,"2,299,865.00 ",654973984,4157013
Department of Health,NHS East & North Hertfordshire CCG,28/02/2019,Hcare Srv Rec NHS Trust-Non Contract,ACUTE COMMISSIONING,EAST AND NORTH HERTFORDSHIRE NHS TRUST,25941955,"162,500.00 ",654973984,4160066
Department of Health,NHS East & North Hertfordshire CCG,28/02/2019,Hcare Srv Rec NHS Trust-Prior Year,ACUTE COMMISSIONING,EAST AND NORTH HERTFORDSHIRE NHS TRUST,26085653,"193,000.00 ",654973984,4151402
Department of Health,NHS East & North Hertfordshire CCG,28/02/2019,Hcare Srv Rec NHS Trust,AMBULANCE SERVICES,EAST OF ENGLAND AMBULANCE SERVICE NHS TRUST,25812087,"29,818.00 ",654919501,8111067
Department of Health,NHS East & North Hertfordshire CCG,28/02/2019,Hcare Srv Rec NHS Trust-Contract Baseline,AMBULANCE SERVICES,EAST OF ENGLAND AMBULANCE SERVICE NHS TRUST,25903893,"1,632,205.93 ",654919501,8112643
Department of Health,NHS East & North Hertfordshire CCG,28/02/2019,Travel Booking Services,PATIENT TRANSPORT,EAST OF ENGLAND AMBULANCE SERVICE NHS TRUST,25903899,"233,181.00 ",654919501,8112660
Department of Health,NHS East & North Hertfordshire CCG,28/02/2019,Hcare Srv Rec NHS Trust-Contract Baseline,AMBULANCE SERVICES,EAST OF ENGLAND AMBULANCE SERVICE NHS TRUST,25964689,"54,250.00 ",654919501,8112336
Department of Health,NHS East & North Hertfordshire CCG,28/02/2019,Hcare Srv Rec NHS Trust-Contract Baseline,AMBULANCE SERVICES,EAST OF ENGLAND AMBULANCE SERVICE NHS TRUST,26069915,"47,588.00 ",654919501,8112954
Department of Health,NHS East & North Hertfordshire CCG,28/02/2019,Hcare Srv Rec NHS Trust-Contract Baseline,AMBULANCE SERVICES,EAST OF ENGLAND AMBULANCE SERVICE NHS TRUST,26152775,"57,104.00 ",654919501,8111517
Department of Health,NHS East & North Hertfordshire CCG,28/02/2019,Hcare Srv Rec NHS Trust,AMBULANCE SERVICES,EAST OF ENGLAND AMBULANCE SERVICE NHS TRUST,26152827,"39,528.00 ",654919501,8113006
Department of Health,NHS East & North Hertfordshire CCG,28/02/2019,Netwrkd assets(Owned)-Cost-Addns,BALANCE SHEET,EMBER SERVICES LTD,25903830,"42,180.00 ",158272493,0977
Department of Health,NHS East & North Hertfordshire CCG,28/02/2019,Hcare Srv Rec Fdtn Trust-Contract Cost per Case,COMMUNITY SERVICES,ESSEX PARTNERSHIP UNIVERSITY NHS FT,25889138,"68,703.17 ",GB654974100,I0064502
Department of Health,NHS East & North Hertfordshire CCG,28/02/2019,C&M-GMS Global Sum,PRC DELEGATED CO-COMMISSIONING,GARDEN CITY PRACTICE,26114882,"65,258.10 ",,HT000039933
Department of Health,NHS East & North Hertfordshire CCG,28/02/2019,C&M-GMS Other FDR Payment,PRC DELEGATED CO-COMMISSIONING,GARDEN CITY PRACTICE,26114882,"4,543.05 ",,HT000039933
Department of Health,NHS East & North Hertfordshire CCG,28/02/2019,C&M-GMS Prem Actual Rent,PRC DELEGATED CO-COMMISSIONING,GARDEN CITY PRACTICE,26114882,"2,020.83 ",,HT000039933
Department of Health,NHS East & North Hertfordshire CCG,28/02/2019,C&M-GMS Prem Notional Rent,PRC DELEGATED CO-COMMISSIONING,GARDEN CITY PRACTICE,26114882,"2,471.25 ",,HT000039933
Department of Health,NHS East & North Hertfordshire CCG,28/02/2019,C&M-GMS QOF Aspiration,PRC DELEGATED CO-COMMISSIONING,GARDEN CITY PRACTICE,26114882,"6,036.56 ",,HT000039933
Department of Health,NHS East & North Hertfordshire CCG,28/02/2019,C&M-GMS Global Sum,PRC DELEGATED CO-COMMISSIONING,GARDEN CITY SURGERY,26114884,"48,695.31 ",,HT000039935
Department of Health,NHS East & North Hertfordshire CCG,28/02/2019,C&M-GMS MPIG Correction Factor,PRC DELEGATED CO-COMMISSIONING,GARDEN CITY SURGERY,26114884,"1,061.42 ",,HT000039935
Department of Health,NHS East & North Hertfordshire CCG,28/02/2019,C&M-GMS Prem Actual Rent,PRC DELEGATED CO-COMMISSIONING,GARDEN CITY SURGERY,26114884,"2,495.83 ",,HT000039935
Department of Health,NHS East & North Hertfordshire CCG,28/02/2019,C&M-GMS Prem Water Rates,PRC DELEGATED CO-COMMISSIONING,GARDEN CITY SURGERY,26114884,149.63 ,,HT000039935
Department of Health,NHS East & North Hertfordshire CCG,28/02/2019,C&M-GMS QOF Aspiration,PRC DELEGATED CO-COMMISSIONING,GARDEN CITY SURGERY,26114884,"4,543.48 ",,HT000039935
Department of Health,NHS East & North Hertfordshire CCG,28/02/2019,C&M-APMS Contract Value,PRC DELEGATED CO-COMMISSIONING,GENERATING HEALTHCARE LTD,25933250,"52,989.63 ",,HT000039891
Department of Health,NHS East & North Hertfordshire CCG,28/02/2019,C&M-APMS DES Extended Hours Access,PRC DELEGATED CO-COMMISSIONING,GENERATING HEALTHCARE LTD,25933250,"7,924.44 ",,HT000039891
Department of Health,NHS East & North Hertfordshire CCG,28/02/2019,C&M-APMS Prem Actual Rent,PRC DELEGATED CO-COMMISSIONING,GENERATING HEALTHCARE LTD,25933250,"2,777.08 ",,HT000039891
Department of Health,NHS East & North Hertfordshire CCG,28/02/2019,C&M-PMS QOF Aspiration,PRC DELEGATED CO-COMMISSIONING,GENERATING HEALTHCARE LTD,25933250,"2,654.26 ",,HT000039891
Department of Health,NHS East & North Hertfordshire CCG,28/02/2019,C&M-APMS Contract Value,PRC DELEGATED CO-COMMISSIONING,GENERATING HEALTHCARE LTD,25933254,"23,206.05 ",,HT000039893
Department of Health,NHS East & North Hertfordshire CCG,28/02/2019,C&M-APMS Prem Actual Rent,PRC DELEGATED CO-COMMISSIONING,GENERATING HEALTHCARE LTD,25933254,"2,239.58 ",,HT000039893
Department of Health,NHS East & North Hertfordshire CCG,28/02/2019,C&M-PMS QOF Aspiration,PRC DELEGATED CO-COMMISSIONING,GENERATING HEALTHCARE LTD,25933254,"1,738.62 ",,HT000039893
Department of Health,NHS East & North Hertfordshire CCG,28/02/2019,Clinical&Medical-Clinical Other,GP FORWARD VIEW,GENERATING HEALTHCARE LTD,26002724,"34,667.00 ",,633
Department of Health,NHS East & North Hertfordshire CCG,28/02/2019,Hcare Srv Rec Fdtn Trust-Contract Baseline,ACUTE COMMISSIONING,GREAT ORMOND STREET HOSPITAL FOR CHILDREN NHS FOUNDATION TRUST,25834637,"52,591.92 ",654922910,X0207526
Department of Health,NHS East & North Hertfordshire CCG,28/02/2019,Hcare Srv Rec Fdtn Trust-Contract Baseline,ACUTE COMMISSIONING,GUYS & ST THOMAS HOSPITAL NHS FOUNDATION TRUST,25834518,"139,797.00 ",654923417,3255640
Department of Health,NHS East & North Hertfordshire CCG,28/02/2019,C&M-GMS Global Sum,PRC DELEGATED CO-COMMISSIONING,HAILEY VIEW SURGERY,26114886,"54,957.78 ",,HT000039937
Department of Health,NHS East & North Hertfordshire CCG,28/02/2019,C&M-GMS MPIG Correction Factor,PRC DELEGATED CO-COMMISSIONING,HAILEY VIEW SURGERY,26114886,28.80 ,,HT000039937
Department of Health,NHS East & North Hertfordshire CCG,28/02/2019,C&M-GMS PCO Doctors Ret Scheme,PRC DELEGATED CO-COMMISSIONING,HAILEY VIEW SURGERY,26114886,"1,384.56 ",,HT000039937
Department of Health,NHS East & North Hertfordshire CCG,28/02/2019,C&M-GMS Prem Actual Rent,PRC DELEGATED CO-COMMISSIONING,HAILEY VIEW SURGERY,26114886,"45,105.00 ",,HT000039937
Department of Health,NHS East & North Hertfordshire CCG,28/02/2019,C&M-GMS QOF Aspiration,PRC DELEGATED CO-COMMISSIONING,HAILEY VIEW SURGERY,26114886,"6,950.11 ",,HT000039937
Department of Health,NHS East & North Hertfordshire CCG,28/02/2019,C&M-GMS Global Sum,PRC DELEGATED CO-COMMISSIONING,HALL GROVE SURGERY,26117014,"112,730.75 ",,HT000039941
Department of Health,NHS East & North Hertfordshire CCG,28/02/2019,C&M-GMS Prem Notional Rent,PRC DELEGATED CO-COMMISSIONING,HALL GROVE SURGERY,26117014,"7,737.50 ",,HT000039941
Department of Health,NHS East & North Hertfordshire CCG,28/02/2019,C&M-GMS QOF Aspiration,PRC DELEGATED CO-COMMISSIONING,HALL GROVE SURGERY,26117014,"11,899.71 ",,HT000039941
Department of Health,NHS East & North Hertfordshire CCG,28/02/2019,C&M-GMS Global Sum,PRC DELEGATED CO-COMMISSIONING,HANSCOMBE HOUSE SURGERY,26114890,"69,006.54 ",,HT000039943
Department of Health,NHS East & North Hertfordshire CCG,28/02/2019,C&M-GMS MPIG Correction Factor,PRC DELEGATED CO-COMMISSIONING,HANSCOMBE HOUSE SURGERY,26114890,273.95 ,,HT000039943
Department of Health,NHS East & North Hertfordshire CCG,28/02/2019,C&M-GMS PCO Locum Sickness,PRC DELEGATED CO-COMMISSIONING,HANSCOMBE HOUSE SURGERY,26114890,"7,006.08 ",,HT000039943
Department of Health,NHS East & North Hertfordshire CCG,28/02/2019,C&M-GMS Prem Actual Rent,PRC DELEGATED CO-COMMISSIONING,HANSCOMBE HOUSE SURGERY,26114890,"5,614.33 ",,HT000039943
Department of Health,NHS East & North Hertfordshire CCG,28/02/2019,C&M-GMS QOF Aspiration,PRC DELEGATED CO-COMMISSIONING,HANSCOMBE HOUSE SURGERY,26114890,"6,298.79 ",,HT000039943
Department of Health,NHS East & North Hertfordshire CCG,28/02/2019,Cont Care- Adult 100% Fully Funded,CHC ADULT FULLY FUNDED,HC ONE OVAL LTD,25854547,"3,733.25 ",218 770886,ISCHNOV18
Department of Health,NHS East & North Hertfordshire CCG,28/02/2019,Cont Care-Physical Disab (65+),CHC ADULT FULLY FUNDED,HC ONE OVAL LTD,25854547,"53,831.57 ",218 770886,ISCHNOV18
Department of Health,NHS East & North Hertfordshire CCG,28/02/2019,Cont Care-FNC Client Continence Allow,FUNDED NURSING CARE,HC ONE OVAL LTD,26026015,"1,235.04 ",218 770886,STC057117
Department of Health,NHS East & North Hertfordshire CCG,28/02/2019,Cont Care-Funded Nursing Care Allow,FUNDED NURSING CARE,HC ONE OVAL LTD,26026015,"52,922.31 ",218 770886,STC057117
Department of Health,NHS East & North Hertfordshire CCG,28/02/2019,Cont Care-FNC Client Continence Allow,FUNDED NURSING CARE,HC ONE OVAL LTD,26026093,"1,257.05 ",218 770886,STC057013TOSTC057089
Department of Health,NHS East & North Hertfordshire CCG,28/02/2019,Cont Care-Funded Nursing Care Allow,FUNDED NURSING CARE,HC ONE OVAL LTD,26026093,"53,250.64 ",218 770886,STC057013TOSTC057089
Department of Health,NHS East & North Hertfordshire CCG,28/02/2019,Cont Care- Adult 100% Fully Funded,CHC ADULT FULLY FUNDED,HC ONE OVAL LTD,26085729,"22,710.59 ",218 770886,IWDVDEC2018
Department of Health,NHS East & North Hertfordshire CCG,28/02/2019,Cont Care-Physical Disab (65+),CHC ADULT FULLY FUNDED,HC ONE OVAL LTD,26085729,"47,642.21 ",218 770886,IWDVDEC2018
Department of Health,NHS East & North Hertfordshire CCG,28/02/2019,Cont Care-Physical Disab (<65),CHC ADULT FULLY FUNDED,HC ONE OVAL LTD,26085729,"3,214.74 ",218 770886,IWDVDEC2018
Department of Health,NHS East & North Hertfordshire CCG,28/02/2019,Hcare Srv Rec NHS Trust-Contract Baseline,COMMUNITY SERVICES,HERTFORDSHIRE COMMUNITY NHS TRUST,25809758,"3,537,851.51 ",654 4402 89,H0003045
Department of Health,NHS East & North Hertfordshire CCG,28/02/2019,Hcare Srv Rec NHS Trust,PROGRAMME PROJECTS,HERTFORDSHIRE COMMUNITY NHS TRUST,26174172,"67,000.00 ",654 4402 89,H0003090
Department of Health,NHS East & North Hertfordshire CCG,28/02/2019,Social Care-ICES,COMMUNITY SERVICES,HERTFORDSHIRE COUNTY COUNCIL,25812019,"318,389.00 ",GB214527877,1802664195
Department of Health,NHS East & North Hertfordshire CCG,28/02/2019,Clinical&Medical-Othe Public Sector,WINTER PRESSURES,HERTFORDSHIRE COUNTY COUNCIL,25840187,"50,000.00 ",GB214527877,1802661797
Department of Health,NHS East & North Hertfordshire CCG,28/02/2019,Travel Booking Services,PATIENT TRANSPORT,HERTFORDSHIRE COUNTY COUNCIL,25888598,"28,885.00 ",GB214527877,1802165236
Department of Health,NHS East & North Hertfordshire CCG,28/02/2019,Clinical&Medical-Othe Public Sector,MENTAL HEALTH CONTRACTS,HERTFORDSHIRE COUNTY COUNCIL,25888911,"196,813.00 ",GB214527877,1802663939
Department of Health,NHS East & North Hertfordshire CCG,28/02/2019,Clinical&Medical-Othe Public Sector,MENTAL HEALTH SERVICES - COLLABORATIVE COMMISSIONING,HERTFORDSHIRE COUNTY COUNCIL,25888911,"6,863,249.00 ",GB214527877,1802663939
Department of Health,NHS East & North Hertfordshire CCG,28/02/2019,Travel Booking Services,PATIENT TRANSPORT,HERTFORDSHIRE COUNTY COUNCIL,25888978,"26,639.00 ",GB214527877,1801995168
Department of Health,NHS East & North Hertfordshire CCG,28/02/2019,Travel Booking Services,PATIENT TRANSPORT,HERTFORDSHIRE COUNTY COUNCIL,25921987,"64,284.00 ",GB214527877,1802661759
Department of Health,NHS East & North Hertfordshire CCG,28/02/2019,Clinical&Medical-Othe Public Sector,CARERS,HERTFORDSHIRE COUNTY COUNCIL,25964836,"24,167.00 ",GB214527877,1802663942
Department of Health,NHS East & North Hertfordshire CCG,28/02/2019,Clinical&Medical-Othe Public Sector,INTERMEDIATE CARE,HERTFORDSHIRE COUNTY COUNCIL,25964836,"117,923.00 ",GB214527877,1802663942
Department of Health,NHS East & North Hertfordshire CCG,28/02/2019,Clinical&Medical-Othe Public Sector,LONG TERM CONDITIONS,HERTFORDSHIRE COUNTY COUNCIL,25964836,"1,151,946.00 ",GB214527877,1802663942
Department of Health,NHS East & North Hertfordshire CCG,28/02/2019,Cont Care- Adult 100% Fully Funded,CHC ADULT FULLY FUNDED,HERTFORDSHIRE COUNTY COUNCIL,25964836,"41,293.00 ",GB214527877,1802663942
Department of Health,NHS East & North Hertfordshire CCG,28/02/2019,Seconded-Basic Sal-Staff fm oth org,OPERATIONS MANAGEMENT,HERTFORDSHIRE COUNTY COUNCIL,25964836,"4,419.00 ",GB214527877,1802663942
Department of Health,NHS East & North Hertfordshire CCG,28/02/2019,Clinical&Medical-Independent Sector,NHS 111,HERTS URGENT CARE,25903905,"114,283.16 ",210815253,0000004674
Department of Health,NHS East & North Hertfordshire CCG,28/02/2019,Clinical&Medical-Independent Sector,COMMISSIONING SCHEMES,HERTS URGENT CARE,25903911,"111,802.00 ",210815253,0000004673
Department of Health,NHS East & North Hertfordshire CCG,28/02/2019,Clinical&Medical-Independent Sector,NHS 111,HERTS URGENT CARE,25903911,"20,325.63 ",210815253,0000004673
Department of Health,NHS East & North Hertfordshire CCG,28/02/2019,Clinical&Medical-Independent Sector,OUT OF HOURS,HERTS URGENT CARE,25903911,"371,336.00 ",210815253,0000004673
Department of Health,NHS East & North Hertfordshire CCG,28/02/2019,C&M-GMS Global Sum,PRC DELEGATED CO-COMMISSIONING,HIGH ST SURGERY,26114892,"35,922.71 ",,HT000039945
Department of Health,NHS East & North Hertfordshire CCG,28/02/2019,C&M-GMS QOF Aspiration,PRC DELEGATED CO-COMMISSIONING,HIGH ST SURGERY,26114892,"4,063.10 ",,HT000039945
Department of Health,NHS East & North Hertfordshire CCG,28/02/2019,Hcare Srv Rec Fdtn Trust-Non Contract,NCAS/OATS,HILLINGDON HOSPITALS NHS FOUNDATION TRUST,26010511,"34,076.00 ",654925117,N0101554
Department of Health,NHS East & North Hertfordshire CCG,28/02/2019,Clinical&Medical-Independent Sector,NCAS/OATS,HOLLY HOUSE HOSPITAL,25854583,"25,140.22 ",,06K1218
Department of Health,NHS East & North Hertfordshire CCG,28/02/2019,Hcare Srv Rec Fdtn Trust-Non Contract,NCAS/OATS,HOMERTON UNIVERSITY HOSPITAL NHS FOUNDATION TRUST,25903877,"26,211.73 ",654965884,61289696
Department of Health,NHS East & North Hertfordshire CCG,28/02/2019,Hcare Srv Rec NHS Trust-Over/ Under Performance,ACUTE COMMISSIONING,IMPERIAL COLLEGE HEALTHCARE NHS TRUST,25964802,"122,768.43 ",654945990,H0168884
Department of Health,NHS East & North Hertfordshire CCG,28/02/2019,Hcare Srv Rec NHS Trust-Contract Baseline,ACUTE COMMISSIONING,IMPERIAL COLLEGE HEALTHCARE NHS TRUST,25964933,"116,293.00 ",654945990,H0169190
Department of Health,NHS East & North Hertfordshire CCG,28/02/2019,Miscellaneous Expenditure (L9),PRIMARY CARE IT,INSIGHT DIRECT (UK) LTD,26013186,"196,080.00 ",746 0751 29,4235760
Department of Health,NHS East & North Hertfordshire CCG,28/02/2019,Miscellaneous Expenditure (L9),PRIMARY CARE IT,INSIGHT DIRECT (UK) LTD,26013188,"255,600.00 ",746 0751 29,4235762
Department of Health,NHS East & North Hertfordshire CCG,28/02/2019,Miscellaneous Expenditure (L9),PRIMARY CARE IT,INSIGHT DIRECT (UK) LTD,26013189,"303,924.00 ",746 0751 29,4235769
Department of Health,NHS East & North Hertfordshire CCG,28/02/2019,C&M-GMS Global Sum,PRC DELEGATED CO-COMMISSIONING,KELLER P & PARTNERS,26114894,"87,660.80 ",,HT000039947
Department of Health,NHS East & North Hertfordshire CCG,28/02/2019,C&M-GMS PCO Doctors Ret Scheme,PRC DELEGATED CO-COMMISSIONING,KELLER P & PARTNERS,26114894,"1,230.72 ",,HT000039947
Department of Health,NHS East & North Hertfordshire CCG,28/02/2019,C&M-GMS PCO Locum Adop/Pat/Mat,PRC DELEGATED CO-COMMISSIONING,KELLER P & PARTNERS,26114894,"2,286.12 ",,HT000039947
Department of Health,NHS East & North Hertfordshire CCG,28/02/2019,C&M-GMS PCO Locum Sickness,PRC DELEGATED CO-COMMISSIONING,KELLER P & PARTNERS,26114894,"6,463.53 ",,HT000039947
Department of Health,NHS East & North Hertfordshire CCG,28/02/2019,C&M-GMS Prem Notional Rent,PRC DELEGATED CO-COMMISSIONING,KELLER P & PARTNERS,26114894,"5,375.00 ",,HT000039947
Department of Health,NHS East & North Hertfordshire CCG,28/02/2019,C&M-GMS QOF Aspiration,PRC DELEGATED CO-COMMISSIONING,KELLER P & PARTNERS,26114894,"8,114.04 ",,HT000039947
Department of Health,NHS East & North Hertfordshire CCG,28/02/2019,C&M-GMS Global Sum,PRC DELEGATED CO-COMMISSIONING,KING GEORGE SURGERY,26134990,"102,399.03 ",,HT000039949
Department of Health,NHS East & North Hertfordshire CCG,28/02/2019,C&M-GMS PCO Doctors Ret Scheme,PRC DELEGATED CO-COMMISSIONING,KING GEORGE SURGERY,26134990,923.00 ,,HT000039949
Department of Health,NHS East & North Hertfordshire CCG,28/02/2019,C&M-GMS PCO Locum Sickness,PRC DELEGATED CO-COMMISSIONING,KING GEORGE SURGERY,26134990,"4,540.00 ",,HT000039949
Department of Health,NHS East & North Hertfordshire CCG,28/02/2019,C&M-GMS Prem Actual Rent,PRC DELEGATED CO-COMMISSIONING,KING GEORGE SURGERY,26134990,"47,183.33 ",,HT000039949
Department of Health,NHS East & North Hertfordshire CCG,28/02/2019,C&M-GMS QOF Aspiration,PRC DELEGATED CO-COMMISSIONING,KING GEORGE SURGERY,26134990,"10,181.78 ",,HT000039949
Department of Health,NHS East & North Hertfordshire CCG,28/02/2019,C&M-GMS Cost of Drugs -Dispensing,LOCAL ENHANCED SERVICES,KING GEORGE SURGERY,26143012,"33,973.95 ",,HT000040157
Department of Health,NHS East & North Hertfordshire CCG,28/02/2019,C&M-GMS Prof Fees Dispensing,PRC DELEGATED CO-COMMISSIONING,KING GEORGE SURGERY,26143012,"5,572.95 ",,HT000040157
Department of Health,NHS East & North Hertfordshire CCG,28/02/2019,C&M-GMS PrscrptnChrgsColl&RmttdbyGP,LOCAL ENHANCED SERVICES,KING GEORGE SURGERY,26143012,176.00 ,,HT000040157
Department of Health,NHS East & North Hertfordshire CCG,28/02/2019,Hcare Srv Rec Fdtn Trust-Contract Baseline,ACUTE COMMISSIONING,KING`S COLLEGE HOSPITAL NHS FOUNDATION TRUST,25834489,"27,092.00 ",654926800,00266677
Department of Health,NHS East & North Hertfordshire CCG,28/02/2019,C&M-GMS Global Sum,PRC DELEGATED CO-COMMISSIONING,KNEBWORTH AND MARYMEAD PRACTICE,26117018,"86,957.70 ",,HT000039951
Department of Health,NHS East & North Hertfordshire CCG,28/02/2019,C&M-GMS Prem Notional Rent,PRC DELEGATED CO-COMMISSIONING,KNEBWORTH AND MARYMEAD PRACTICE,26117018,"2,770.83 ",,HT000039951
Department of Health,NHS East & North Hertfordshire CCG,28/02/2019,C&M-GMS Prem Rates,PRC DELEGATED CO-COMMISSIONING,KNEBWORTH AND MARYMEAD PRACTICE,26117018,"2,181.05 ",,HT000039951
Department of Health,NHS East & North Hertfordshire CCG,28/02/2019,C&M-GMS QOF Aspiration,PRC DELEGATED CO-COMMISSIONING,KNEBWORTH AND MARYMEAD PRACTICE,26117018,"9,441.94 ",,HT000039951
Department of Health,NHS East & North Hertfordshire CCG,28/02/2019,C&M-APMS Contract Value,PRC DELEGATED CO-COMMISSIONING,LEA VALLEY HEALTH LTD,25933257,"78,334.14 ",,HT000039895
Department of Health,NHS East & North Hertfordshire CCG,28/02/2019,C&M-APMS DES Extended Hours Access,PRC DELEGATED CO-COMMISSIONING,LEA VALLEY HEALTH LTD,25933257,"4,237.48 ",,HT000039895
Department of Health,NHS East & North Hertfordshire CCG,28/02/2019,C&M-APMS DES Minor Surgery,PRC DELEGATED CO-COMMISSIONING,LEA VALLEY HEALTH LTD,25933257,"1,883.07 ",,HT000039895
Department of Health,NHS East & North Hertfordshire CCG,28/02/2019,C&M-APMS Prem Actual Rent,PRC DELEGATED CO-COMMISSIONING,LEA VALLEY HEALTH LTD,25933257,"22,312.50 ",,HT000039895
Department of Health,NHS East & North Hertfordshire CCG,28/02/2019,C&M-PMS QOF Aspiration,PRC DELEGATED CO-COMMISSIONING,LEA VALLEY HEALTH LTD,25933257,"5,499.74 ",,HT000039895
Department of Health,NHS East & North Hertfordshire CCG,28/02/2019,C&M-GMS Global Sum,PRC DELEGATED CO-COMMISSIONING,LISTER HOUSE SURGERY HATFIELD,26114897,"89,885.02 ",,HT000039953
Department of Health,NHS East & North Hertfordshire CCG,28/02/2019,C&M-GMS Prem Notional Rent,PRC DELEGATED CO-COMMISSIONING,LISTER HOUSE SURGERY HATFIELD,26114897,"10,333.33 ",,HT000039953
Department of Health,NHS East & North Hertfordshire CCG,28/02/2019,C&M-GMS QOF Aspiration,PRC DELEGATED CO-COMMISSIONING,LISTER HOUSE SURGERY HATFIELD,26114897,"8,324.24 ",,HT000039953
Department of Health,NHS East & North Hertfordshire CCG,28/02/2019,Hcare Srv Rec Fdtn Trust-Contract Baseline,ACUTE COMMISSIONING,LUTON & DUNSTABLE HOSPITAL NHS FOUNDATION TRUST,25834504,"187,914.75 ",654929007,52994341
Department of Health,NHS East & North Hertfordshire CCG,28/02/2019,C&M-GMS Global Sum,PRC DELEGATED CO-COMMISSIONING,MANOR HOUSE SURGERY STEVENAGE,26114898,"35,643.71 ",,HT000039954
Department of Health,NHS East & North Hertfordshire CCG,28/02/2019,C&M-GMS MPIG Correction Factor,PRC DELEGATED CO-COMMISSIONING,MANOR HOUSE SURGERY STEVENAGE,26114898,620.09 ,,HT000039954
Department of Health,NHS East & North Hertfordshire CCG,28/02/2019,C&M-GMS Prem Actual Rent,PRC DELEGATED CO-COMMISSIONING,MANOR HOUSE SURGERY STEVENAGE,26114898,"9,902.50 ",,HT000039954
Department of Health,NHS East & North Hertfordshire CCG,28/02/2019,C&M-GMS QOF Aspiration,PRC DELEGATED CO-COMMISSIONING,MANOR HOUSE SURGERY STEVENAGE,26114898,"2,769.11 ",,HT000039954
Department of Health,NHS East & North Hertfordshire CCG,28/02/2019,C&M-GMS Global Sum,PRC DELEGATED CO-COMMISSIONING,MAPLES HEALTH CENTRE,26114900,"77,535.93 ",,HT000039956
Department of Health,NHS East & North Hertfordshire CCG,28/02/2019,C&M-GMS MPIG Correction Factor,PRC DELEGATED CO-COMMISSIONING,MAPLES HEALTH CENTRE,26114900,319.26 ,,HT000039956
Department of Health,NHS East & North Hertfordshire CCG,28/02/2019,C&M-GMS Prem Actual Rent,PRC DELEGATED CO-COMMISSIONING,MAPLES HEALTH CENTRE,26114900,"49,260.00 ",,HT000039956
Department of Health,NHS East & North Hertfordshire CCG,28/02/2019,C&M-GMS QOF Aspiration,PRC DELEGATED CO-COMMISSIONING,MAPLES HEALTH CENTRE,26114900,"6,892.92 ",,HT000039956
Department of Health,NHS East & North Hertfordshire CCG,28/02/2019,External Data Contracts,STRATEGY & DEVELOPMENT,MEDEANALYTICS,26174398,"36,178.00 ",,INV14457
Department of Health,NHS East & North Hertfordshire CCG,28/02/2019,Hcare Srv Rec NHS Trust-Contract Baseline,ACUTE COMMISSIONING,MID ESSEX HOSPITALS SERVICES NHS TRUST,25854706,"107,923.00 ",654930128,2000110450
Department of Health,NHS East & North Hertfordshire CCG,28/02/2019,Clinical&Medical-Independent Sector,WHEELCHAIR SERVICE,MILLBROOK HEALTHCARE LTD,25965504,"123,108.05 ",GB675991080,21401
Department of Health,NHS East & North Hertfordshire CCG,28/02/2019,Hcare Srv Rec Fdtn Trust-Contract Baseline,ACUTE COMMISSIONING,MOORFIELDS EYE HOSPITAL NHS FOUNDATION TRUST,25834496,"370,391.00 ",654930716,IC0036406
Department of Health,NHS East & North Hertfordshire CCG,28/02/2019,Hcare Srv Rec Fdtn Trust-Prior Year,ACUTE COMMISSIONING,MOORFIELDS EYE HOSPITAL NHS FOUNDATION TRUST,25964371,"40,276.00 ",654930716,IC0033551
Department of Health,NHS East & North Hertfordshire CCG,28/02/2019,Hcare Srv Rec Fdtn Trust-Over/ Under Performance,ACUTE COMMISSIONING,MOORFIELDS EYE HOSPITAL NHS FOUNDATION TRUST,25964399,"31,001.00 ",654930716,IC0033511
Department of Health,NHS East & North Hertfordshire CCG,28/02/2019,Hcare Srv Rec Fdtn Trust-Prior Year,ACUTE COMMISSIONING,MOORFIELDS EYE HOSPITAL NHS FOUNDATION TRUST,25964406,"31,839.00 ",654930716,IC0034372
Department of Health,NHS East & North Hertfordshire CCG,28/02/2019,Hcare Srv Rec Fdtn Trust-Prior Year,ACUTE COMMISSIONING,MOORFIELDS EYE HOSPITAL NHS FOUNDATION TRUST,26127688,"(43,531.00)",654930716,CC0006816
Department of Health,NHS East & North Hertfordshire CCG,28/02/2019,C&M-GMS Global Sum,PRC DELEGATED CO-COMMISSIONING,MUCH HADHAM HLTH CNTRE,26114904,"48,867.90 ",876631000,HT000039960
Department of Health,NHS East & North Hertfordshire CCG,28/02/2019,C&M-GMS Prem Actual Rent,PRC DELEGATED CO-COMMISSIONING,MUCH HADHAM HLTH CNTRE,26114904,812.50 ,876631000,HT000039960
Department of Health,NHS East & North Hertfordshire CCG,28/02/2019,C&M-GMS Prem Notional Rent,PRC DELEGATED CO-COMMISSIONING,MUCH HADHAM HLTH CNTRE,26114904,650.00 ,876631000,HT000039960
Department of Health,NHS East & North Hertfordshire CCG,28/02/2019,C&M-GMS QOF Aspiration,PRC DELEGATED CO-COMMISSIONING,MUCH HADHAM HLTH CNTRE,26114904,"5,155.58 ",876631000,HT000039960
Department of Health,NHS East & North Hertfordshire CCG,28/02/2019,C&M-GMS Cost of Drugs -Dispensing,LOCAL ENHANCED SERVICES,MUCH HADHAM HLTH CNTRE,26143017,"(53,410.30)",876631000,HT000040163
Department of Health,NHS East & North Hertfordshire CCG,28/02/2019,C&M-GMS Cost of Drugs -Dispensing,LOCAL ENHANCED SERVICES,MUCH HADHAM HLTH CNTRE,26143018,"111,789.16 ",876631000,HT000040164
Department of Health,NHS East & North Hertfordshire CCG,28/02/2019,C&M-GMS Prof Fees Dispensing,PRC DELEGATED CO-COMMISSIONING,MUCH HADHAM HLTH CNTRE,26143018,"17,882.78 ",876631000,HT000040164
Department of Health,NHS East & North Hertfordshire CCG,28/02/2019,C&M-GMS Global Sum,PRC DELEGATED CO-COMMISSIONING,NEVELLS ROAD SURGERY,26114902,"72,876.51 ",,HT000039958
Department of Health,NHS East & North Hertfordshire CCG,28/02/2019,C&M-GMS Prem Actual Rent,PRC DELEGATED CO-COMMISSIONING,NEVELLS ROAD SURGERY,26114902,"7,250.00 ",,HT000039958
Department of Health,NHS East & North Hertfordshire CCG,28/02/2019,C&M-GMS Prem Notional Rent,PRC DELEGATED CO-COMMISSIONING,NEVELLS ROAD SURGERY,26114902,"1,166.67 ",,HT000039958
Department of Health,NHS East & North Hertfordshire CCG,28/02/2019,C&M-GMS QOF Aspiration,PRC DELEGATED CO-COMMISSIONING,NEVELLS ROAD SURGERY,26114902,"8,074.10 ",,HT000039958
Department of Health,NHS East & North Hertfordshire CCG,28/02/2019,Rent,ESTATES AND FACILITIES,NHS PROPERTY SERVICES LTD,25982832,"83,213.40 ",156725100,H167840
Department of Health,NHS East & North Hertfordshire CCG,28/02/2019,Hcare Srv Rec NHS Trust-Contract Baseline,ACUTE COMMISSIONING,NORTH MIDDLESEX UNIVERSITY HOSPITAL NHS TRUST,25903812,"691,614.00 ",654946204,054028
Department of Health,NHS East & North Hertfordshire CCG,28/02/2019,C&M-GMS Global Sum,PRC DELEGATED CO-COMMISSIONING,PARK GREEN SURGERY BROXBOURNE,26114906,"68,952.99 ",,HT000039962
Department of Health,NHS East & North Hertfordshire CCG,28/02/2019,C&M-GMS MPIG Correction Factor,PRC DELEGATED CO-COMMISSIONING,PARK GREEN SURGERY BROXBOURNE,26114906,622.42 ,,HT000039962
Department of Health,NHS East & North Hertfordshire CCG,28/02/2019,C&M-GMS Prem Notional Rent,PRC DELEGATED CO-COMMISSIONING,PARK GREEN SURGERY BROXBOURNE,26114906,"7,445.84 ",,HT000039962
Department of Health,NHS East & North Hertfordshire CCG,28/02/2019,C&M-GMS Prem Water Rates,PRC DELEGATED CO-COMMISSIONING,PARK GREEN SURGERY BROXBOURNE,26114906,75.25 ,,HT000039962
Department of Health,NHS East & North Hertfordshire CCG,28/02/2019,C&M-GMS QOF Aspiration,PRC DELEGATED CO-COMMISSIONING,PARK GREEN SURGERY BROXBOURNE,26114906,"7,179.38 ",,HT000039962
Department of Health,NHS East & North Hertfordshire CCG,28/02/2019,ME-GMS GP Pension EEs Adjustments,PRC DELEGATED CO-COMMISSIONING,PARK GREEN SURGERY BROXBOURNE,26114906,124.50 ,,HT000039962
Department of Health,NHS East & North Hertfordshire CCG,28/02/2019,ME-GMS GP Pension ERs Adjustments,PRC DELEGATED CO-COMMISSIONING,PARK GREEN SURGERY BROXBOURNE,26114906,143.30 ,,HT000039962
Department of Health,NHS East & North Hertfordshire CCG,28/02/2019,C&M-GMS Global Sum,PRC DELEGATED CO-COMMISSIONING,PARSONAGE SURGERY,26114908,"35,956.08 ",,HT000039964
Department of Health,NHS East & North Hertfordshire CCG,28/02/2019,C&M-GMS MPIG Correction Factor,PRC DELEGATED CO-COMMISSIONING,PARSONAGE SURGERY,26114908,762.23 ,,HT000039964
Department of Health,NHS East & North Hertfordshire CCG,28/02/2019,C&M-GMS QOF Aspiration,PRC DELEGATED CO-COMMISSIONING,PARSONAGE SURGERY,26114908,"3,375.96 ",,HT000039964
Department of Health,NHS East & North Hertfordshire CCG,28/02/2019,C&M-GMS Global Sum,PRC DELEGATED CO-COMMISSIONING,PEARTREE GROUP PRACTICE,26114938,"138,857.00 ",,HT000039999
Department of Health,NHS East & North Hertfordshire CCG,28/02/2019,C&M-GMS Prem Actual Rent,PRC DELEGATED CO-COMMISSIONING,PEARTREE GROUP PRACTICE,26114938,"6,375.00 ",,HT000039999
Department of Health,NHS East & North Hertfordshire CCG,28/02/2019,C&M-GMS Prem Notional Rent,PRC DELEGATED CO-COMMISSIONING,PEARTREE GROUP PRACTICE,26114938,"7,578.33 ",,HT000039999
Department of Health,NHS East & North Hertfordshire CCG,28/02/2019,C&M-GMS QOF Aspiration,PRC DELEGATED CO-COMMISSIONING,PEARTREE GROUP PRACTICE,26114938,"14,602.38 ",,HT000039999
Department of Health,NHS East & North Hertfordshire CCG,28/02/2019,Clinical&Medical-Independent Sector,ACUTE COMMISSIONING,PINEHILL HOSPITAL,25903815,"106,498.51 ",GB426505170 1,ENHCCGPININVFINSEP18
Department of Health,NHS East & North Hertfordshire CCG,28/02/2019,Clinical&Medical-Independent Sector,ACUTE COMMISSIONING,PINEHILL HOSPITAL,25903922,"543,154.00 ",GB426505170 1,ENHCCGPINFEB19
Department of Health,NHS East & North Hertfordshire CCG,28/02/2019,Clinical&Medical-Independent Sector,ACUTE COMMISSIONING,PINEHILL HOSPITAL,26127395,"51,146.86 ",GB426505170 1,ENHCCGPININVFINOCT18
Department of Health,NHS East & North Hertfordshire CCG,28/02/2019,Cont Care- Prior Year Payments,FUNDED NURSING CARE,PINELODGE CARE HOME,25834617,"11,112.29 ",,PN1972
Department of Health,NHS East & North Hertfordshire CCG,28/02/2019,Cont Care-Funded Nursing Care Allow,FUNDED NURSING CARE,PINELODGE CARE HOME,25834617,"41,337.91 ",,PN1972
Department of Health,NHS East & North Hertfordshire CCG,28/02/2019,Cont Care-FNC Client Continence Allow,FUNDED NURSING CARE,PINELODGE CARE HOME,25888846,"1,763.68 ",,PINENOV1119
Department of Health,NHS East & North Hertfordshire CCG,28/02/2019,Cont Care-Funded Nursing Care Allow,FUNDED NURSING CARE,PINELODGE CARE HOME,25888846,"55,785.18 ",,PINENOV1119
Department of Health,NHS East & North Hertfordshire CCG,28/02/2019,Cont Care-FNC Client Continence Allow,FUNDED NURSING CARE,PINELODGE CARE HOME,25888847,"1,771.20 ",,PINEDEC1119
Department of Health,NHS East & North Hertfordshire CCG,28/02/2019,Cont Care-Funded Nursing Care Allow,FUNDED NURSING CARE,PINELODGE CARE HOME,25888847,"56,696.39 ",,PINEDEC1119
Department of Health,NHS East & North Hertfordshire CCG,28/02/2019,Cont Care-FNC Client Continence Allow,FUNDED NURSING CARE,PINELODGE CARE HOME,26002689,"1,728.35 ",,PINEJAN1120
Department of Health,NHS East & North Hertfordshire CCG,28/02/2019,Cont Care-Funded Nursing Care Allow,FUNDED NURSING CARE,PINELODGE CARE HOME,26002689,"54,678.39 ",,PINEJAN1120
Department of Health,NHS East & North Hertfordshire CCG,28/02/2019,Cont Care-FNC Client Continence Allow,FUNDED NURSING CARE,PINELODGE CARE HOME,26104161,"1,188.59 ",,PN1971
Department of Health,NHS East & North Hertfordshire CCG,28/02/2019,Cont Care-Funded Nursing Care Allow,FUNDED NURSING CARE,PINELODGE CARE HOME,26104161,"52,554.29 ",,PN1971
Department of Health,NHS East & North Hertfordshire CCG,28/02/2019,Cont Care-Physical Disab (65+),CHC ADULT FULLY FUNDED,PINELODGE CARE HOME,26127527,"130,084.22 ",,PN1970
Department of Health,NHS East & North Hertfordshire CCG,28/02/2019,Cont Care-Physical Disab (<65),CHC ADULT FULLY FUNDED,PINELODGE CARE HOME,26127527,"9,600.00 ",,PN1970
Department of Health,NHS East & North Hertfordshire CCG,28/02/2019,C&M-GMS DES Violent Patients,PRC DELEGATED CO-COMMISSIONING,PORTMILL SURGERY,26114910,"3,859.17 ",,HT000039966
Department of Health,NHS East & North Hertfordshire CCG,28/02/2019,C&M-GMS Global Sum,PRC DELEGATED CO-COMMISSIONING,PORTMILL SURGERY,26114910,"95,895.04 ",,HT000039966
Department of Health,NHS East & North Hertfordshire CCG,28/02/2019,C&M-GMS Prem Actual Rent,PRC DELEGATED CO-COMMISSIONING,PORTMILL SURGERY,26114910,"27,237.50 ",,HT000039966
Department of Health,NHS East & North Hertfordshire CCG,28/02/2019,C&M-GMS Prem Water Rates,PRC DELEGATED CO-COMMISSIONING,PORTMILL SURGERY,26114910,"1,794.13 ",,HT000039966
Department of Health,NHS East & North Hertfordshire CCG,28/02/2019,C&M-GMS QOF Aspiration,PRC DELEGATED CO-COMMISSIONING,PORTMILL SURGERY,26114910,"8,659.43 ",,HT000039966
Department of Health,NHS East & North Hertfordshire CCG,28/02/2019,C&M-GMS Global Sum,PRC DELEGATED CO-COMMISSIONING,POTTERELLS MEDICAL CENTRE,26114912,"102,440.28 ",,HT000039968
Department of Health,NHS East & North Hertfordshire CCG,28/02/2019,C&M-GMS MPIG Correction Factor,PRC DELEGATED CO-COMMISSIONING,POTTERELLS MEDICAL CENTRE,26114912,"1,484.31 ",,HT000039968
Department of Health,NHS East & North Hertfordshire CCG,28/02/2019,C&M-GMS Prem Actual Rent,PRC DELEGATED CO-COMMISSIONING,POTTERELLS MEDICAL CENTRE,26114912,"6,453.00 ",,HT000039968
Department of Health,NHS East & North Hertfordshire CCG,28/02/2019,C&M-GMS Prem Notional Rent,PRC DELEGATED CO-COMMISSIONING,POTTERELLS MEDICAL CENTRE,26114912,"5,583.33 ",,HT000039968
Department of Health,NHS East & North Hertfordshire CCG,28/02/2019,C&M-GMS QOF Aspiration,PRC DELEGATED CO-COMMISSIONING,POTTERELLS MEDICAL CENTRE,26114912,"6,799.92 ",,HT000039968
Department of Health,NHS East & North Hertfordshire CCG,31/01/2019,Hcare Srv Rec NHS Trust-Contract Baseline,ACUTE COMMISSIONING,PRINCESS ALEXANDRA HOSPITAL NHS TRUST,25695698,"5,276,927.47 ",654964985,BL181102
Department of Health,NHS East & North Hertfordshire CCG,28/02/2019,Hcare Srv Rec NHS Trust-Over/ Under Performance,ACUTE COMMISSIONING,PRINCESS ALEXANDRA HOSPITAL NHS TRUST,26186347,"(1,000,000.00)",654964985,CR001807
Department of Health,NHS East & North Hertfordshire CCG,28/02/2019,C&M-GMS Global Sum,PRC DELEGATED CO-COMMISSIONING,PUCKERIDGE & STANDON SURGERY,26114916,"63,467.01 ",,HT000039972
Department of Health,NHS East & North Hertfordshire CCG,28/02/2019,C&M-GMS Prem Notional Rent,PRC DELEGATED CO-COMMISSIONING,PUCKERIDGE & STANDON SURGERY,26114916,"4,745.83 ",,HT000039972
Department of Health,NHS East & North Hertfordshire CCG,28/02/2019,C&M-GMS QOF Aspiration,PRC DELEGATED CO-COMMISSIONING,PUCKERIDGE & STANDON SURGERY,26114916,"6,026.12 ",,HT000039972
Department of Health,NHS East & North Hertfordshire CCG,28/02/2019,Cont Care- Adult 100% Fully Funded,CHC ADULT FULLY FUNDED,RAMSAY NEUROLOGICAL SERVICES,26127497,"250,000.00 ",,ENHERTS0219PFA
Department of Health,NHS East & North Hertfordshire CCG,28/02/2019,C&M-GMS Global Sum,PRC DELEGATED CO-COMMISSIONING,REGAL CHAMBERS SURGERY,26114914,"88,341.57 ",,HT000039970
Department of Health,NHS East & North Hertfordshire CCG,28/02/2019,C&M-GMS MPIG Correction Factor,PRC DELEGATED CO-COMMISSIONING,REGAL CHAMBERS SURGERY,26114914,42.58 ,,HT000039970
Department of Health,NHS East & North Hertfordshire CCG,28/02/2019,C&M-GMS PCO Locum Adop/Pat/Mat,PRC DELEGATED CO-COMMISSIONING,REGAL CHAMBERS SURGERY,26114914,"7,006.08 ",,HT000039970
Department of Health,NHS East & North Hertfordshire CCG,28/02/2019,C&M-GMS QOF Aspiration,PRC DELEGATED CO-COMMISSIONING,REGAL CHAMBERS SURGERY,26114914,"10,207.19 ",,HT000039970
Department of Health,NHS East & North Hertfordshire CCG,28/02/2019,Clinical&Medical-Independent Sector,ACUTE COMMISSIONING,RIVERS HOSPITAL,25903820,"115,448.39 ",426505170,ENHCCGRIVINVFINSEPT18
Department of Health,NHS East & North Hertfordshire CCG,28/02/2019,Clinical&Medical-Independent Sector,ACUTE COMMISSIONING,RIVERS HOSPITAL,25903848,"759,093.00 ",426505170,ENHCCGFEB2019RIVERS
Department of Health,NHS East & North Hertfordshire CCG,28/02/2019,Clinical&Medical-Independent Sector,ACUTE COMMISSIONING,RIVERS HOSPITAL,26127399,"174,628.68 ",426505170,ENHCCGRIVINVFINOCT18
Department of Health,NHS East & North Hertfordshire CCG,28/02/2019,Hcare Srv Rec Fdtn Trust-Contract Baseline,ACUTE COMMISSIONING,ROYAL BROMPTON & HAREFIELD NHS FOUNDATION TRUST,25834479,"84,210.92 ",654968091,S005282
Department of Health,NHS East & North Hertfordshire CCG,31/01/2019,Hcare Srv Rec Fdtn Trust-Contract Baseline,ACUTE COMMISSIONING,ROYAL FREE LONDON NHS FOUNDATION TRUST,25735856,"2,169,055.00 ",654946987,I0169248
Department of Health,NHS East & North Hertfordshire CCG,28/02/2019,Hcare Srv Rec Fdtn Trust-Contract Baseline,ACUTE COMMISSIONING,ROYAL FREE LONDON NHS FOUNDATION TRUST,25982726,"59,769.00 ",654946987,I0157178
Department of Health,NHS East & North Hertfordshire CCG,28/02/2019,Hcare Srv Rec Fdtn Trust-Prior Year,ACUTE COMMISSIONING,ROYAL FREE LONDON NHS FOUNDATION TRUST,25982842,"(26,475.00)",654946987,C0020878
Department of Health,NHS East & North Hertfordshire CCG,28/02/2019,Hcare Srv Rec NHS Trust-Contract Baseline,ACUTE COMMISSIONING,ROYAL NATIONAL ORTHOPAEDIC HOSPITAL NHS TRUST,25834598,"222,690.00 ",654947494,B0039115
Department of Health,NHS East & North Hertfordshire CCG,28/02/2019,Hcare Srv Rec NHS Trust-Over/ Under Performance,ACUTE COMMISSIONING,ROYAL NATIONAL ORTHOPAEDIC HOSPITAL NHS TRUST,25888703,"(27,436.00)",654947494,B0038434
Department of Health,NHS East & North Hertfordshire CCG,28/02/2019,Hcare Srv Rec NHS Trust-Over/ Under Performance,ACUTE COMMISSIONING,ROYAL NATIONAL ORTHOPAEDIC HOSPITAL NHS TRUST,25888754,"(58,232.00)",654947494,B0038776
Department of Health,NHS East & North Hertfordshire CCG,28/02/2019,Hcare Srv Rec NHS Trust-Over/ Under Performance,ACUTE COMMISSIONING,ROYAL NATIONAL ORTHOPAEDIC HOSPITAL NHS TRUST,25941664,"37,796.00 ",654947494,B0037416
Department of Health,NHS East & North Hertfordshire CCG,28/02/2019,Hcare Srv Rec NHS Trust-Over/ Under Performance,ACUTE COMMISSIONING,ROYAL NATIONAL ORTHOPAEDIC HOSPITAL NHS TRUST,25942276,"55,239.00 ",654947494,B0039255
Department of Health,NHS East & North Hertfordshire CCG,28/02/2019,Hcare Srv Rec Fdtn Trust-Contract Baseline,ACUTE COMMISSIONING,ROYAL PAPWORTH HOSPITAL NHS FOUNDATION TRUST,25889137,"116,503.00 ",GB654935994,57794919
Department of Health,NHS East & North Hertfordshire CCG,28/02/2019,C&M-GMS Global Sum,PRC DELEGATED CO-COMMISSIONING,SHEPHALL SURGERY,26114918,"54,543.81 ",,HT000039976
Department of Health,NHS East & North Hertfordshire CCG,28/02/2019,C&M-GMS Prem Actual Rent,PRC DELEGATED CO-COMMISSIONING,SHEPHALL SURGERY,26114918,"9,966.67 ",,HT000039976
Department of Health,NHS East & North Hertfordshire CCG,28/02/2019,C&M-GMS QOF Aspiration,PRC DELEGATED CO-COMMISSIONING,SHEPHALL SURGERY,26114918,"5,611.83 ",,HT000039976
Department of Health,NHS East & North Hertfordshire CCG,28/02/2019,C&M-GMS Global Sum,PRC DELEGATED CO-COMMISSIONING,SHIPHAY MANOR & ABBEY ROAD SURGERY,26114920,"61,420.72 ",,HT000039978
Department of Health,NHS East & North Hertfordshire CCG,28/02/2019,C&M-GMS Other FDR Payment,PRC DELEGATED CO-COMMISSIONING,SHIPHAY MANOR & ABBEY ROAD SURGERY,26114920,"1,544.44 ",,HT000039978
Department of Health,NHS East & North Hertfordshire CCG,28/02/2019,C&M-GMS Prem Actual Rent,PRC DELEGATED CO-COMMISSIONING,SHIPHAY MANOR & ABBEY ROAD SURGERY,26114920,"4,208.34 ",,HT000039978
Department of Health,NHS East & North Hertfordshire CCG,28/02/2019,C&M-GMS QOF Aspiration,PRC DELEGATED CO-COMMISSIONING,SHIPHAY MANOR & ABBEY ROAD SURGERY,26114920,"6,106.36 ",,HT000039978
Department of Health,NHS East & North Hertfordshire CCG,28/02/2019,C&M-GMS Global Sum,PRC DELEGATED CO-COMMISSIONING,SOUTH STREET SURGERY,26117021,"122,193.92 ",,HT000039974
Department of Health,NHS East & North Hertfordshire CCG,28/02/2019,C&M-GMS MPIG Correction Factor,PRC DELEGATED CO-COMMISSIONING,SOUTH STREET SURGERY,26117021,"3,097.73 ",,HT000039974
Department of Health,NHS East & North Hertfordshire CCG,28/02/2019,C&M-GMS Prem Actual Rent,PRC DELEGATED CO-COMMISSIONING,SOUTH STREET SURGERY,26117021,"19,887.50 ",,HT000039974
Department of Health,NHS East & North Hertfordshire CCG,28/02/2019,C&M-GMS QOF Aspiration,PRC DELEGATED CO-COMMISSIONING,SOUTH STREET SURGERY,26117021,"14,738.54 ",,HT000039974
Department of Health,NHS East & North Hertfordshire CCG,28/02/2019,Clinical&Medical-Independent Sector,ACUTE COMMISSIONING,SPIRE HEALTHCARE LTD,25982798,"124,407.00 ",915970991,06KHPNPF181911
Department of Health,NHS East & North Hertfordshire CCG,28/02/2019,C&M-APMS Contract Value,PRC DELEGATED CO-COMMISSIONING,SPRING HOUSE MEDICAL CENTRE,25933245,"84,348.35 ",,HT000039889
Department of Health,NHS East & North Hertfordshire CCG,28/02/2019,C&M-APMS DES Minor Surgery,PRC DELEGATED CO-COMMISSIONING,SPRING HOUSE MEDICAL CENTRE,25933245,788.28 ,,HT000039889
Department of Health,NHS East & North Hertfordshire CCG,28/02/2019,C&M-APMS LES Translation Fees,LOCAL ENHANCED SERVICES,SPRING HOUSE MEDICAL CENTRE,25933245,95.16 ,,HT000039889
Department of Health,NHS East & North Hertfordshire CCG,28/02/2019,C&M-PMS QOF Aspiration,PRC DELEGATED CO-COMMISSIONING,SPRING HOUSE MEDICAL CENTRE,25933245,"3,162.50 ",,HT000039889
Department of Health,NHS East & North Hertfordshire CCG,28/02/2019,C&M-GMS Global Sum,PRC DELEGATED CO-COMMISSIONING,STANHOPE SURGERY,26114926,"40,745.69 ",,HT000039984
Department of Health,NHS East & North Hertfordshire CCG,28/02/2019,C&M-GMS MPIG Correction Factor,PRC DELEGATED CO-COMMISSIONING,STANHOPE SURGERY,26114926,324.12 ,,HT000039984
Department of Health,NHS East & North Hertfordshire CCG,28/02/2019,C&M-GMS PCO Other,PRC DELEGATED CO-COMMISSIONING,STANHOPE SURGERY,26114926,"4,526.00 ",,HT000039984
Department of Health,NHS East & North Hertfordshire CCG,28/02/2019,C&M-GMS Prem Actual Rent,PRC DELEGATED CO-COMMISSIONING,STANHOPE SURGERY,26114926,"6,165.69 ",,HT000039984
Department of Health,NHS East & North Hertfordshire CCG,28/02/2019,C&M-GMS QOF Aspiration,PRC DELEGATED CO-COMMISSIONING,STANHOPE SURGERY,26114926,"3,727.31 ",,HT000039984
Department of Health,NHS East & North Hertfordshire CCG,28/02/2019,ME - GMS TPS Added Years Adj EEs,PRC DELEGATED CO-COMMISSIONING,STANMORE MEDICAL GROUP,26114927,"(1,139.54)",,HT000039985
Department of Health,NHS East & North Hertfordshire CCG,28/02/2019,ME-GMS GP Pension EEs,PRC DELEGATED CO-COMMISSIONING,STANMORE MEDICAL GROUP,26114927,"(15,036.95)",,HT000039985
Department of Health,NHS East & North Hertfordshire CCG,28/02/2019,ME-GMS GP Pension ERs Adjustments,PRC DELEGATED CO-COMMISSIONING,STANMORE MEDICAL GROUP,26114927,"(15,302.69)",,HT000039985
Department of Health,NHS East & North Hertfordshire CCG,28/02/2019,C&M-GMS Global Sum,PRC DELEGATED CO-COMMISSIONING,STANMORE MEDICAL GROUP,26134991,"227,451.12 ",,HT000039986
Department of Health,NHS East & North Hertfordshire CCG,28/02/2019,C&M-GMS MPIG Correction Factor,PRC DELEGATED CO-COMMISSIONING,STANMORE MEDICAL GROUP,26134991,936.24 ,,HT000039986
Department of Health,NHS East & North Hertfordshire CCG,28/02/2019,C&M-GMS Prem Notional Rent,PRC DELEGATED CO-COMMISSIONING,STANMORE MEDICAL GROUP,26134991,"2,441.67 ",,HT000039986
Department of Health,NHS East & North Hertfordshire CCG,28/02/2019,C&M-GMS Prem Rates,PRC DELEGATED CO-COMMISSIONING,STANMORE MEDICAL GROUP,26134991,"3,168.25 ",,HT000039986
Department of Health,NHS East & North Hertfordshire CCG,28/02/2019,C&M-GMS QOF Aspiration,PRC DELEGATED CO-COMMISSIONING,STANMORE MEDICAL GROUP,26134991,"22,249.47 ",,HT000039986
Department of Health,NHS East & North Hertfordshire CCG,28/02/2019,ME-GMS GP Pension EEs Adjustments,PRC DELEGATED CO-COMMISSIONING,STANMORE MEDICAL GROUP,26134991,"24,817.75 ",,HT000039986
Department of Health,NHS East & North Hertfordshire CCG,28/02/2019,ME-GMS GP Pension ERs Adjustments,PRC DELEGATED CO-COMMISSIONING,STANMORE MEDICAL GROUP,26134991,"25,150.64 ",,HT000039986
Department of Health,NHS East & North Hertfordshire CCG,28/02/2019,C&M-APMS LES Extended Hours,GP FORWARD VIEW,STEVENAGE HEALTH LTD,25812052,"29,184.57 ",,SHLEASERVICEJAN2019
Department of Health,NHS East & North Hertfordshire CCG,28/02/2019,C&M-GMS Global Sum,PRC DELEGATED CO-COMMISSIONING,STOCKWELL LODGE MEDICAL CENTRE,26114924,"70,679.80 ",,HT000039982
Department of Health,NHS East & North Hertfordshire CCG,28/02/2019,C&M-GMS MPIG Correction Factor,PRC DELEGATED CO-COMMISSIONING,STOCKWELL LODGE MEDICAL CENTRE,26114924,646.73 ,,HT000039982
Department of Health,NHS East & North Hertfordshire CCG,28/02/2019,C&M-GMS Prem Notional Rent,PRC DELEGATED CO-COMMISSIONING,STOCKWELL LODGE MEDICAL CENTRE,26114924,"9,583.33 ",,HT000039982
Department of Health,NHS East & North Hertfordshire CCG,28/02/2019,C&M-GMS QOF Aspiration,PRC DELEGATED CO-COMMISSIONING,STOCKWELL LODGE MEDICAL CENTRE,26114924,"6,781.23 ",,HT000039982
Department of Health,NHS East & North Hertfordshire CCG,28/02/2019,Cont Care-Physical Disab (<65),CHC ADULT FULLY FUNDED,SUE RYDER CARE,25809600,"57,527.43 ",GB 927 5079 02,22816
Department of Health,NHS East & North Hertfordshire CCG,28/02/2019,C&M-GMS Global Sum,PRC DELEGATED CO-COMMISSIONING,SURGERY ASTONIA HOUSE,26114922,"86,291.69 ",,HT000039980
Department of Health,NHS East & North Hertfordshire CCG,28/02/2019,C&M-GMS MPIG Correction Factor,PRC DELEGATED CO-COMMISSIONING,SURGERY ASTONIA HOUSE,26114922,534.09 ,,HT000039980
Department of Health,NHS East & North Hertfordshire CCG,28/02/2019,C&M-GMS PCO Doctors Ret Scheme,PRC DELEGATED CO-COMMISSIONING,SURGERY ASTONIA HOUSE,26114922,"1,384.56 ",,HT000039980
Department of Health,NHS East & North Hertfordshire CCG,28/02/2019,C&M-GMS Prem Actual Rent,PRC DELEGATED CO-COMMISSIONING,SURGERY ASTONIA HOUSE,26114922,"39,775.75 ",,HT000039980
Department of Health,NHS East & North Hertfordshire CCG,28/02/2019,C&M-GMS Prem Water Rates,PRC DELEGATED CO-COMMISSIONING,SURGERY ASTONIA HOUSE,26114922,135.68 ,,HT000039980
Department of Health,NHS East & North Hertfordshire CCG,28/02/2019,C&M-GMS QOF Aspiration,PRC DELEGATED CO-COMMISSIONING,SURGERY ASTONIA HOUSE,26114922,"9,729.83 ",,HT000039980
Department of Health,NHS East & North Hertfordshire CCG,28/02/2019,C&M-GMS Global Sum,PRC DELEGATED CO-COMMISSIONING,SYMONDS GREEN HEALTH CENTRE,26114929,"30,290.73 ",,HT000039988
Department of Health,NHS East & North Hertfordshire CCG,28/02/2019,C&M-GMS MPIG Correction Factor,PRC DELEGATED CO-COMMISSIONING,SYMONDS GREEN HEALTH CENTRE,26114929,137.57 ,,HT000039988
Department of Health,NHS East & North Hertfordshire CCG,28/02/2019,C&M-GMS QOF Aspiration,PRC DELEGATED CO-COMMISSIONING,SYMONDS GREEN HEALTH CENTRE,26114929,"2,799.76 ",,HT000039988
Department of Health,NHS East & North Hertfordshire CCG,28/02/2019,Hcare Srv Rec Fdtn Trust-Over/ Under Performance,ACUTE COMMISSIONING,UNIVERSITY COLLEGE LONDON HOSPITALS NHS FOUNDATION TRUST,25809488,"475,766.00 ",654948687,5010188146
Department of Health,NHS East & North Hertfordshire CCG,28/02/2019,Hcare Srv Rec Fdtn Trust-Contract Baseline,ACUTE COMMISSIONING,UNIVERSITY COLLEGE LONDON HOSPITALS NHS FOUNDATION TRUST,25854564,"614,646.00 ",654948687,5010189689
Department of Health,NHS East & North Hertfordshire CCG,28/02/2019,Hcare Srv Rec Fdtn Trust-Prior Year,ACUTE COMMISSIONING,UNIVERSITY COLLEGE LONDON HOSPITALS NHS FOUNDATION TRUST,26069918,"(32,186.00)",654948687,5090011562
Department of Health,NHS East & North Hertfordshire CCG,28/02/2019,Hcare Srv Rec Fdtn Trust-Over/ Under Performance,ACUTE COMMISSIONING,UNIVERSITY COLLEGE LONDON HOSPITALS NHS FOUNDATION TRUST,26186285,"209,011.00 ",654948687,1114920
Department of Health,NHS East & North Hertfordshire CCG,28/02/2019,Clinical&Medical-Independent Sector,COMMUNITY SERVICES,VIRGIN CARE SERVICES LTD,26069859,"46,624.00 ",GB918510332,10301387105
Department of Health,NHS East & North Hertfordshire CCG,28/02/2019,C&M-GMS Global Sum,PRC DELEGATED CO-COMMISSIONING,WALLACE HOUSE SURGERY,26114933,"88,000.72 ",,HT000039992
Department of Health,NHS East & North Hertfordshire CCG,28/02/2019,C&M-GMS MPIG Correction Factor,PRC DELEGATED CO-COMMISSIONING,WALLACE HOUSE SURGERY,26114933,322.01 ,,HT000039992
Department of Health,NHS East & North Hertfordshire CCG,28/02/2019,C&M-GMS QOF Aspiration,PRC DELEGATED CO-COMMISSIONING,WALLACE HOUSE SURGERY,26114933,"9,621.18 ",,HT000039992
Department of Health,NHS East & North Hertfordshire CCG,28/02/2019,C&M-GMS Global Sum,PRC DELEGATED CO-COMMISSIONING,WARDEN LODGE MEDICAL PRACTICE,26114935,"69,675.21 ",,HT000039994
Department of Health,NHS East & North Hertfordshire CCG,28/02/2019,C&M-GMS Other FDR Payment,PRC DELEGATED CO-COMMISSIONING,WARDEN LODGE MEDICAL PRACTICE,26114935,"3,086.39 ",,HT000039994
Department of Health,NHS East & North Hertfordshire CCG,28/02/2019,C&M-GMS Prem Actual Rent,PRC DELEGATED CO-COMMISSIONING,WARDEN LODGE MEDICAL PRACTICE,26114935,"12,317.50 ",,HT000039994
Department of Health,NHS East & North Hertfordshire CCG,28/02/2019,C&M-GMS Prem Water Rates,PRC DELEGATED CO-COMMISSIONING,WARDEN LODGE MEDICAL PRACTICE,26114935,513.11 ,,HT000039994
Department of Health,NHS East & North Hertfordshire CCG,28/02/2019,C&M-GMS QOF Aspiration,PRC DELEGATED CO-COMMISSIONING,WARDEN LODGE MEDICAL PRACTICE,26114935,"7,493.89 ",,HT000039994
Department of Health,NHS East & North Hertfordshire CCG,28/02/2019,ME-GMS GP Pension EEs Adjustments,PRC DELEGATED CO-COMMISSIONING,WARDEN LODGE MEDICAL PRACTICE,26114935,"1,316.52 ",,HT000039994
Department of Health,NHS East & North Hertfordshire CCG,28/02/2019,ME-GMS GP Pension ERs Adjustments,PRC DELEGATED CO-COMMISSIONING,WARDEN LODGE MEDICAL PRACTICE,26114935,"1,402.34 ",,HT000039994
Department of Health,NHS East & North Hertfordshire CCG,28/02/2019,C&M-GMS Global Sum,PRC DELEGATED CO-COMMISSIONING,WATTON PLACE CLINIC,26114936,"35,262.75 ",,HT000039995
Department of Health,NHS East & North Hertfordshire CCG,28/02/2019,C&M-GMS MPIG Correction Factor,PRC DELEGATED CO-COMMISSIONING,WATTON PLACE CLINIC,26114936,208.54 ,,HT000039995
Department of Health,NHS East & North Hertfordshire CCG,28/02/2019,C&M-GMS PCO Locum Sickness,PRC DELEGATED CO-COMMISSIONING,WATTON PLACE CLINIC,26114936,"5,200.85 ",,HT000039995
Department of Health,NHS East & North Hertfordshire CCG,28/02/2019,C&M-GMS Prem Actual Rent,PRC DELEGATED CO-COMMISSIONING,WATTON PLACE CLINIC,26114936,"8,819.75 ",,HT000039995
Department of Health,NHS East & North Hertfordshire CCG,28/02/2019,C&M-GMS Prem Notional Rent,PRC DELEGATED CO-COMMISSIONING,WATTON PLACE CLINIC,26114936,"1,737.50 ",,HT000039995
Department of Health,NHS East & North Hertfordshire CCG,28/02/2019,C&M-GMS QOF Aspiration,PRC DELEGATED CO-COMMISSIONING,WATTON PLACE CLINIC,26114936,"2,926.53 ",,HT000039995
Department of Health,NHS East & North Hertfordshire CCG,28/02/2019,C&M-GMS Cost of Drugs -Dispensing,LOCAL ENHANCED SERVICES,WATTON PLACE CLINIC,26143034,"(52,838.86)",,HT000040181
Department of Health,NHS East & North Hertfordshire CCG,28/02/2019,C&M-GMS Cost of Drugs -Dispensing,LOCAL ENHANCED SERVICES,WATTON PLACE CLINIC,26143035,"105,141.60 ",,HT000040182
Department of Health,NHS East & North Hertfordshire CCG,28/02/2019,C&M-GMS Prof Fees Dispensing,PRC DELEGATED CO-COMMISSIONING,WATTON PLACE CLINIC,26143035,"16,706.43 ",,HT000040182
Department of Health,NHS East & North Hertfordshire CCG,28/02/2019,Hcare Srv Rec NHS Trust-Contract Baseline,ACUTE COMMISSIONING,WEST HERTFORDSHIRE HOSPITALS NHS TRUST,25903839,"257,008.72 ",654974002,0000258004
Department of Health,NHS East & North Hertfordshire CCG,28/02/2019,Cont Care-FNC Client Continence Allow,FUNDED NURSING CARE,WESTGATE HEALTHCARE LTD,26026294,798.50 ,245299873,RNCCWES0225
Department of Health,NHS East & North Hertfordshire CCG,28/02/2019,Cont Care-Funded Nursing Care Allow,FUNDED NURSING CARE,WESTGATE HEALTHCARE LTD,26026294,"25,463.68 ",245299873,RNCCWES0225
Department of Health,NHS East & North Hertfordshire CCG,28/02/2019,Hcare Srv Rec NHS Trust-Contract Baseline,ACUTE COMMISSIONING,WHITTINGTON HOSPITAL NHS TRUST (THE),25834523,"29,516.83 ",654948100,00085518
Department of Health,NHS East & North Hertfordshire CCG,28/02/2019,C&M-GMS Global Sum,PRC DELEGATED CO-COMMISSIONING,WHITWELL SURGERY,26114931,"21,647.42 ",,HT000039990
Department of Health,NHS East & North Hertfordshire CCG,28/02/2019,C&M-GMS Prem Actual Rent,PRC DELEGATED CO-COMMISSIONING,WHITWELL SURGERY,26114931,"12,037.50 ",,HT000039990
Department of Health,NHS East & North Hertfordshire CCG,28/02/2019,C&M-GMS QOF Aspiration,PRC DELEGATED CO-COMMISSIONING,WHITWELL SURGERY,26114931,"1,672.89 ",,HT000039990
Department of Health,NHS East & North Hertfordshire CCG,28/02/2019,C&M-GMS Cost of Drugs -Dispensing,LOCAL ENHANCED SERVICES,WHITWELL SURGERY,26143031,"36,336.06 ",,HT000040178
Department of Health,NHS East & North Hertfordshire CCG,28/02/2019,C&M-GMS Prof Fees Dispensing,PRC DELEGATED CO-COMMISSIONING,WHITWELL SURGERY,26143031,"7,511.26 ",,HT000040178
Department of Health,NHS East & North Hertfordshire CCG,28/02/2019,C&M-GMS PrscrptnChrgsColl&RmttdbyGP,LOCAL ENHANCED SERVICES,WHITWELL SURGERY,26143031,"1,628.00 ",,HT000040178
Department of Health,NHS East & North Hertfordshire CCG,28/02/2019,C&M-GMS Global Sum,PRC DELEGATED CO-COMMISSIONING,WRAFTON HOUSE,26134993,"66,933.70 ",,HT000039997
Department of Health,NHS East & North Hertfordshire CCG,28/02/2019,C&M-GMS Prem Actual Rent,PRC DELEGATED CO-COMMISSIONING,WRAFTON HOUSE,26134993,"30,436.00 ",,HT000039997
Department of Health,NHS East & North Hertfordshire CCG,28/02/2019,C&M-GMS QOF Aspiration,PRC DELEGATED CO-COMMISSIONING,WRAFTON HOUSE,26134993,"7,458.56 ",,HT000039997
Department of Health,NHS East & North Hertfordshire CCG,28/02/2019,ME - GMS GP Prior Year ERs,PRC DELEGATED CO-COMMISSIONING,WRAFTON HOUSE,26134993,185.11 ,,HT000039997
Department of Health,NHS East & North Hertfordshire CCG,28/02/2019,ME-GMS GP Prior Year EEs,PRC DELEGATED CO-COMMISSIONING,WRAFTON HOUSE,26134993,119.56 ,,HT000039997
Department of Health,NHS East & North Hertfordshire CCG,28/02/2019,Cont Care-FNC Client Continence Allow,FUNDED NURSING CARE,WYMONDLEY NURSING & CARE HOME LTD,26104173,805.00 ,,WM19002
Department of Health,NHS East & North Hertfordshire CCG,28/02/2019,Cont Care-Funded Nursing Care Allow,FUNDED NURSING CARE,WYMONDLEY NURSING & CARE HOME LTD,26104173,"26,096.40 ",,WM19002
,,,,,,,,,
,,,,,,,"58,779,124.42 ",,
