A3131 - Expenditure Over Threshold,,,,,,,,,
,,,,,,,,,
,,,,,,,,,
,,,,,,,,,
Time run: 05/11/2018 14:07:05,,,,,,,,,
,,,,,,,,,
Department family,Entity,Date,Expense Type,Expense area,Supplier,Transaction number,AP Amount (�),VAT registration number,Purchase invoice number
Department of Health,NHS East & North Hertfordshire CCG,31/10/2018,C&M-APMS Contract Value,PRC DELEGATED CO-COMMISSIONING,12 POINT CARE LTD,24209149,"(64,696.86)",,HT000038076
Department of Health,NHS East & North Hertfordshire CCG,31/10/2018,C&M-APMS Contract Value,PRC DELEGATED CO-COMMISSIONING,12 POINT CARE LTD,24209150,"106,374.16 ",,HT000038077
Department of Health,NHS East & North Hertfordshire CCG,31/10/2018,C&M-APMS Prem Rates,PRC DELEGATED CO-COMMISSIONING,12 POINT CARE LTD,24209150,810.28 ,,HT000038077
Department of Health,NHS East & North Hertfordshire CCG,31/10/2018,C&M-PMS QOF Aspiration,PRC DELEGATED CO-COMMISSIONING,12 POINT CARE LTD,24209150,"3,312.79 ",,HT000038077
Department of Health,NHS East & North Hertfordshire CCG,31/10/2018,C&M-APMS LES Extended Hours,GP FORWARD VIEW,12 POINT CARE LTD,24227066,"37,966.94 ",,12PCEASAPM01
Department of Health,NHS East & North Hertfordshire CCG,31/10/2018,Clinical&Medical-Independent Sector,ACUTE COMMISSIONING,ALLIANCE MEDICAL LTD,24267507,"37,200.00 ",GB 523318667,AML106255
Department of Health,NHS East & North Hertfordshire CCG,31/10/2018,C&M-GMS DES Minor Surgery,PRC DELEGATED CO-COMMISSIONING,AMWELL STREET SURGERY,24449997,175.18 ,,HT000038098
Department of Health,NHS East & North Hertfordshire CCG,31/10/2018,C&M-GMS Global Sum,PRC DELEGATED CO-COMMISSIONING,AMWELL STREET SURGERY,24449997,"88,285.68 ",,HT000038098
Department of Health,NHS East & North Hertfordshire CCG,31/10/2018,C&M-GMS MPIG Correction Factor,PRC DELEGATED CO-COMMISSIONING,AMWELL STREET SURGERY,24449997,"2,310.15 ",,HT000038098
Department of Health,NHS East & North Hertfordshire CCG,31/10/2018,C&M-GMS PCO Locum Sickness,PRC DELEGATED CO-COMMISSIONING,AMWELL STREET SURGERY,24449997,"7,006.80 ",,HT000038098
Department of Health,NHS East & North Hertfordshire CCG,31/10/2018,C&M-GMS Prem Rates,PRC DELEGATED CO-COMMISSIONING,AMWELL STREET SURGERY,24449997,"8,381.00 ",,HT000038098
Department of Health,NHS East & North Hertfordshire CCG,31/10/2018,C&M-GMS QOF Aspiration,PRC DELEGATED CO-COMMISSIONING,AMWELL STREET SURGERY,24449997,"8,946.15 ",,HT000038098
Department of Health,NHS East & North Hertfordshire CCG,31/10/2018,Computer Software/License,PRIMARY CARE IT,ARDENS HEALTH INFORMATICS LTD,24226840,"40,576.34 ",193674175,056
Department of Health,NHS East & North Hertfordshire CCG,31/10/2018,C&M-GMS LES Anti-coagulation,LOCAL ENHANCED SERVICES,ASHWELL SURGERY,24367890,"32,660.34 ",879108291,FSEN1018017
Department of Health,NHS East & North Hertfordshire CCG,31/10/2018,C&M-GMS DES Extended Hours Access,PRC DELEGATED CO-COMMISSIONING,ASHWELL SURGERY,24449993,"3,777.20 ",879108291,HT000038094
Department of Health,NHS East & North Hertfordshire CCG,31/10/2018,C&M-GMS DES Minor Surgery,PRC DELEGATED CO-COMMISSIONING,ASHWELL SURGERY,24449993,613.08 ,879108291,HT000038094
Department of Health,NHS East & North Hertfordshire CCG,31/10/2018,C&M-GMS Global Sum,PRC DELEGATED CO-COMMISSIONING,ASHWELL SURGERY,24449993,"61,313.05 ",879108291,HT000038094
Department of Health,NHS East & North Hertfordshire CCG,31/10/2018,C&M-GMS MPIG Correction Factor,PRC DELEGATED CO-COMMISSIONING,ASHWELL SURGERY,24449993,"1,150.80 ",879108291,HT000038094
Department of Health,NHS East & North Hertfordshire CCG,31/10/2018,C&M-GMS Prem Notional Rent,PRC DELEGATED CO-COMMISSIONING,ASHWELL SURGERY,24449993,"7,747.50 ",879108291,HT000038094
Department of Health,NHS East & North Hertfordshire CCG,31/10/2018,C&M-GMS Prem Rates,PRC DELEGATED CO-COMMISSIONING,ASHWELL SURGERY,24449993,"1,708.41 ",879108291,HT000038094
Department of Health,NHS East & North Hertfordshire CCG,31/10/2018,C&M-GMS QOF Aspiration,PRC DELEGATED CO-COMMISSIONING,ASHWELL SURGERY,24449993,"4,794.78 ",879108291,HT000038094
Department of Health,NHS East & North Hertfordshire CCG,31/10/2018,ME - GMS GP Prior Year ERs,PRC DELEGATED CO-COMMISSIONING,ASHWELL SURGERY,24449993,"1,575.43 ",879108291,HT000038094
Department of Health,NHS East & North Hertfordshire CCG,31/10/2018,ME-GMS GP Prior Year EEs,PRC DELEGATED CO-COMMISSIONING,ASHWELL SURGERY,24449993,"1,939.62 ",879108291,HT000038094
Department of Health,NHS East & North Hertfordshire CCG,31/10/2018,C&M-GMS Cost of Drugs -Dispensing,LOCAL ENHANCED SERVICES,ASHWELL SURGERY,24472000,"(30,356.02)",879108291,HT000038397
Department of Health,NHS East & North Hertfordshire CCG,31/10/2018,C&M-GMS PrscChrgsCll&RmttdbyGPCntra,PRC DELEGATED CO-COMMISSIONING,ASHWELL SURGERY,24472000,"(2,666.40)",879108291,HT000038397
Department of Health,NHS East & North Hertfordshire CCG,31/10/2018,C&M-GMS Cost of Drugs -Dispensing,LOCAL ENHANCED SERVICES,ASHWELL SURGERY,24472001,"51,795.81 ",879108291,HT000038398
Department of Health,NHS East & North Hertfordshire CCG,31/10/2018,C&M-GMS Prof Fees Dispensing,PRC DELEGATED CO-COMMISSIONING,ASHWELL SURGERY,24472001,"11,680.11 ",879108291,HT000038398
Department of Health,NHS East & North Hertfordshire CCG,31/10/2018,C&M-GMS PrscrptnChrgsColl&RmttdbyGP,LOCAL ENHANCED SERVICES,ASHWELL SURGERY,24472001,"2,666.40 ",879108291,HT000038398
Department of Health,NHS East & North Hertfordshire CCG,31/10/2018,C&M-GMS DES Extended Hours Access,PRC DELEGATED CO-COMMISSIONING,BANCROFT MEDICAL CENTRE,24450078,"4,959.48 ",,HT000038189
Department of Health,NHS East & North Hertfordshire CCG,31/10/2018,C&M-GMS DES Minor Surgery,PRC DELEGATED CO-COMMISSIONING,BANCROFT MEDICAL CENTRE,24450078,"5,999.93 ",,HT000038189
Department of Health,NHS East & North Hertfordshire CCG,31/10/2018,C&M-GMS Global Sum,PRC DELEGATED CO-COMMISSIONING,BANCROFT MEDICAL CENTRE,24450078,"50,798.56 ",,HT000038189
Department of Health,NHS East & North Hertfordshire CCG,31/10/2018,C&M-GMS MPIG Correction Factor,PRC DELEGATED CO-COMMISSIONING,BANCROFT MEDICAL CENTRE,24450078,239.37 ,,HT000038189
Department of Health,NHS East & North Hertfordshire CCG,31/10/2018,C&M-GMS Prem Rates,PRC DELEGATED CO-COMMISSIONING,BANCROFT MEDICAL CENTRE,24450078,"6,655.50 ",,HT000038189
Department of Health,NHS East & North Hertfordshire CCG,31/10/2018,C&M-GMS QOF Aspiration,PRC DELEGATED CO-COMMISSIONING,BANCROFT MEDICAL CENTRE,24450078,"18,600.17 ",,HT000038189
Department of Health,NHS East & North Hertfordshire CCG,31/10/2018,Hcare Srv Rec NHS Trust-Contract Baseline,ACUTE COMMISSIONING,BARKING HAVERING AND REDBRIDGE HOSPITALS NHS TRUST,24197855,"100,483.00 ",654924414,8452415
Department of Health,NHS East & North Hertfordshire CCG,31/10/2018,Hcare Srv Rec NHS Trust-Contract Baseline,ACUTE COMMISSIONING,BARTS HEALTH NHS TRUST,24510041,"260,227.41 ",654947005,350763
Department of Health,NHS East & North Hertfordshire CCG,31/10/2018,Hcare Srv Rec Fdtn Trust-Contract Baseline,ACUTE COMMISSIONING,BASILDON & THURROCK UNIVERSITY HOSPITALS NHS FOUNDATION TRUST,24118728,"43,245.00 ",GB 654911917,0000098390
Department of Health,NHS East & North Hertfordshire CCG,31/10/2018,Hcare Srv Rec NHS Trust-Contract Baseline,ACUTE COMMISSIONING,BEDFORD HOSPITAL NHS TRUST,24118630,"28,628.29 ",654912424,I0166534
Department of Health,NHS East & North Hertfordshire CCG,31/10/2018,Hcare Srv Rec NHS Trust-Prior Year,ACUTE COMMISSIONING,BEDFORD HOSPITAL NHS TRUST,24534809,"77,191.00 ",654912424,I0162925A
Department of Health,NHS East & North Hertfordshire CCG,31/10/2018,Hcare Srv Rec NHS Trust-Prior Year,ACUTE COMMISSIONING,BEDFORD HOSPITAL NHS TRUST,24534932,"(32,887.00)",654912424,C0014428
Department of Health,NHS East & North Hertfordshire CCG,31/10/2018,C&M-GMS DES Extended Hours Access,PRC DELEGATED CO-COMMISSIONING,BEDWELL MEDICAL CENTRE,24449995,"5,995.93 ",,HT000038096
Department of Health,NHS East & North Hertfordshire CCG,31/10/2018,C&M-GMS DES Minor Surgery,PRC DELEGATED CO-COMMISSIONING,BEDWELL MEDICAL CENTRE,24449995,"2,014.38 ",,HT000038096
Department of Health,NHS East & North Hertfordshire CCG,31/10/2018,C&M-GMS Global Sum,PRC DELEGATED CO-COMMISSIONING,BEDWELL MEDICAL CENTRE,24449995,"93,407.14 ",,HT000038096
Department of Health,NHS East & North Hertfordshire CCG,31/10/2018,C&M-GMS Prem Notional Rent,PRC DELEGATED CO-COMMISSIONING,BEDWELL MEDICAL CENTRE,24449995,"8,328.35 ",,HT000038096
Department of Health,NHS East & North Hertfordshire CCG,31/10/2018,C&M-GMS Prem Rates,PRC DELEGATED CO-COMMISSIONING,BEDWELL MEDICAL CENTRE,24449995,"2,042.89 ",,HT000038096
Department of Health,NHS East & North Hertfordshire CCG,31/10/2018,C&M-GMS Prem Water Rates,PRC DELEGATED CO-COMMISSIONING,BEDWELL MEDICAL CENTRE,24449995,131.66 ,,HT000038096
Department of Health,NHS East & North Hertfordshire CCG,31/10/2018,C&M-GMS QOF Aspiration,PRC DELEGATED CO-COMMISSIONING,BEDWELL MEDICAL CENTRE,24449995,"8,462.17 ",,HT000038096
Department of Health,NHS East & North Hertfordshire CCG,31/10/2018,C&M-GMS DES Extended Hours Access,PRC DELEGATED CO-COMMISSIONING,BIRCHWOOD SURGERY,24449999,"6,530.30 ",,HT000038100
Department of Health,NHS East & North Hertfordshire CCG,31/10/2018,C&M-GMS DES Minor Surgery,PRC DELEGATED CO-COMMISSIONING,BIRCHWOOD SURGERY,24449999,"2,233.31 ",,HT000038100
Department of Health,NHS East & North Hertfordshire CCG,31/10/2018,C&M-GMS Global Sum,PRC DELEGATED CO-COMMISSIONING,BIRCHWOOD SURGERY,24449999,"99,413.73 ",,HT000038100
Department of Health,NHS East & North Hertfordshire CCG,31/10/2018,C&M-GMS PCO Locum Adop/Pat/Mat,PRC DELEGATED CO-COMMISSIONING,BIRCHWOOD SURGERY,24449999,"15,480.41 ",,HT000038100
Department of Health,NHS East & North Hertfordshire CCG,31/10/2018,C&M-GMS Prem Rates,PRC DELEGATED CO-COMMISSIONING,BIRCHWOOD SURGERY,24449999,"1,277.11 ",,HT000038100
Department of Health,NHS East & North Hertfordshire CCG,31/10/2018,C&M-GMS QOF Aspiration,PRC DELEGATED CO-COMMISSIONING,BIRCHWOOD SURGERY,24449999,"11,389.28 ",,HT000038100
Department of Health,NHS East & North Hertfordshire CCG,31/10/2018,Clinical&Medical-Independent Sector,ACUTE COMMISSIONING,BMI HEALTHCARE COLLECTIONS,24251911,"107,041.78 ",,0000097344
Department of Health,NHS East & North Hertfordshire CCG,31/10/2018,Clinical&Medical-Independent Sector,ACUTE COMMISSIONING,BMI HEALTHCARE COLLECTIONS,24251914,"91,874.98 ",,0000097345
Department of Health,NHS East & North Hertfordshire CCG,31/10/2018,Clinical&Medical-Independent Sector,NCAS/OATS,BMI HEALTHCARE COLLECTIONS,24398615,"30,201.70 ",,0000098598
Department of Health,NHS East & North Hertfordshire CCG,31/10/2018,C&M-GMS DES Minor Surgery,PRC DELEGATED CO-COMMISSIONING,BRIDGE COTTAGE SURGERY,24450005,"2,890.30 ",,HT000038106
Department of Health,NHS East & North Hertfordshire CCG,31/10/2018,C&M-GMS Global Sum,PRC DELEGATED CO-COMMISSIONING,BRIDGE COTTAGE SURGERY,24450005,"121,289.39 ",,HT000038106
Department of Health,NHS East & North Hertfordshire CCG,31/10/2018,C&M-GMS Prem Notional Rent,PRC DELEGATED CO-COMMISSIONING,BRIDGE COTTAGE SURGERY,24450005,"9,508.33 ",,HT000038106
Department of Health,NHS East & North Hertfordshire CCG,31/10/2018,C&M-GMS Prem Rates,PRC DELEGATED CO-COMMISSIONING,BRIDGE COTTAGE SURGERY,24450005,"2,550.32 ",,HT000038106
Department of Health,NHS East & North Hertfordshire CCG,31/10/2018,C&M-GMS QOF Aspiration,PRC DELEGATED CO-COMMISSIONING,BRIDGE COTTAGE SURGERY,24450005,"11,166.13 ",,HT000038106
Department of Health,NHS East & North Hertfordshire CCG,31/10/2018,C&M-GMS DES Extended Hours Access,PRC DELEGATED CO-COMMISSIONING,BUNTINGFORD MEDICAL CENTRE,24450001,"3,256.60 ",,HT000038102
Department of Health,NHS East & North Hertfordshire CCG,31/10/2018,C&M-GMS DES Minor Surgery,PRC DELEGATED CO-COMMISSIONING,BUNTINGFORD MEDICAL CENTRE,24450001,"1,795.59 ",,HT000038102
Department of Health,NHS East & North Hertfordshire CCG,31/10/2018,C&M-GMS Global Sum,PRC DELEGATED CO-COMMISSIONING,BUNTINGFORD MEDICAL CENTRE,24450001,"54,834.55 ",,HT000038102
Department of Health,NHS East & North Hertfordshire CCG,31/10/2018,C&M-GMS Prem Actual Rent,PRC DELEGATED CO-COMMISSIONING,BUNTINGFORD MEDICAL CENTRE,24450001,790.00 ,,HT000038102
Department of Health,NHS East & North Hertfordshire CCG,31/10/2018,C&M-GMS Prem Rates,PRC DELEGATED CO-COMMISSIONING,BUNTINGFORD MEDICAL CENTRE,24450001,817.07 ,,HT000038102
Department of Health,NHS East & North Hertfordshire CCG,31/10/2018,C&M-GMS QOF Aspiration,PRC DELEGATED CO-COMMISSIONING,BUNTINGFORD MEDICAL CENTRE,24450001,"4,885.79 ",,HT000038102
Department of Health,NHS East & North Hertfordshire CCG,31/10/2018,Cont Care- Adult 100% Fully Funded,CHC ADULT FULLY FUNDED,BUPA CARE HOMES,24197175,"4,628.57 ",239731641,BUP201808EN
Department of Health,NHS East & North Hertfordshire CCG,31/10/2018,Cont Care-Physical Disab (65+),CHC ADULT FULLY FUNDED,BUPA CARE HOMES,24197175,"20,481.43 ",239731641,BUP201808EN
Department of Health,NHS East & North Hertfordshire CCG,31/10/2018,C&M-GMS DES Extended Hours Access,PRC DELEGATED CO-COMMISSIONING,BURVILL HOUSE SURGERY,24450003,"4,992.73 ",,HT000038104
Department of Health,NHS East & North Hertfordshire CCG,31/10/2018,C&M-GMS DES Minor Surgery,PRC DELEGATED CO-COMMISSIONING,BURVILL HOUSE SURGERY,24450003,744.51 ,,HT000038104
Department of Health,NHS East & North Hertfordshire CCG,31/10/2018,C&M-GMS Global Sum,PRC DELEGATED CO-COMMISSIONING,BURVILL HOUSE SURGERY,24450003,"76,389.01 ",,HT000038104
Department of Health,NHS East & North Hertfordshire CCG,31/10/2018,C&M-GMS Other FDR Payment,PRC DELEGATED CO-COMMISSIONING,BURVILL HOUSE SURGERY,24450003,"2,989.42 ",,HT000038104
Department of Health,NHS East & North Hertfordshire CCG,31/10/2018,C&M-GMS Prem Actual Rent,PRC DELEGATED CO-COMMISSIONING,BURVILL HOUSE SURGERY,24450003,350.00 ,,HT000038104
Department of Health,NHS East & North Hertfordshire CCG,31/10/2018,C&M-GMS Prem Notional Rent,PRC DELEGATED CO-COMMISSIONING,BURVILL HOUSE SURGERY,24450003,"4,808.33 ",,HT000038104
Department of Health,NHS East & North Hertfordshire CCG,31/10/2018,C&M-GMS Prem Rates,PRC DELEGATED CO-COMMISSIONING,BURVILL HOUSE SURGERY,24450003,"1,283.96 ",,HT000038104
Department of Health,NHS East & North Hertfordshire CCG,31/10/2018,C&M-GMS QOF Aspiration,PRC DELEGATED CO-COMMISSIONING,BURVILL HOUSE SURGERY,24450003,"6,398.11 ",,HT000038104
Department of Health,NHS East & North Hertfordshire CCG,30/09/2018,Hcare Srv Rec Fdtn Trust-Contract Baseline,ACUTE COMMISSIONING,CAMBRIDGE UNIVERSITY HOSPITALS NHS FOUNDATION TRUST,24044016,"1,414,983.75 ",,70022140
Department of Health,NHS East & North Hertfordshire CCG,31/10/2018,Hcare Srv Rec Fdtn Trust-Over/ Under Performance,ACUTE COMMISSIONING,CAMBRIDGE UNIVERSITY HOSPITALS NHS FOUNDATION TRUST,24251703,"250,660.74 ",654910528,80210126
Department of Health,NHS East & North Hertfordshire CCG,31/10/2018,Hcare Srv Rec Fdtn Trust-Over/ Under Performance,ACUTE COMMISSIONING,CAMBRIDGE UNIVERSITY HOSPITALS NHS FOUNDATION TRUST,24506553,"105,598.19 ",654910528,80210961
Department of Health,NHS East & North Hertfordshire CCG,31/10/2018,Cont Care-Learning Disab(<65),CHC ADULT FULLY FUNDED,CANDOUR CARE SERVICES,24253336,"32,351.25 ",,483
Department of Health,NHS East & North Hertfordshire CCG,31/10/2018,Cont Care-Physical Disab (65+),CHC ADULT FULLY FUNDED,CARE UK COMMUNITY PARTNERSHIPS LTD,24251924,"30,663.18 ",594959072,CLEVE003209
Department of Health,NHS East & North Hertfordshire CCG,31/10/2018,Cont Care-Physical Disab (65+),CHC ADULT FULLY FUNDED,CARE UK COMMUNITY PARTNERSHIPS LTD,24251928,"(30,359.59)",594959072,CNCLEVE003226
Department of Health,NHS East & North Hertfordshire CCG,31/10/2018,C&M-GMS DES Extended Hours Access,PRC DELEGATED CO-COMMISSIONING,CASTLEGATE SURGERY HERTFORD,24450013,"3,749.18 ",,HT000038114
Department of Health,NHS East & North Hertfordshire CCG,31/10/2018,C&M-GMS DES Minor Surgery,PRC DELEGATED CO-COMMISSIONING,CASTLEGATE SURGERY HERTFORD,24450013,"1,795.71 ",,HT000038114
Department of Health,NHS East & North Hertfordshire CCG,31/10/2018,C&M-GMS Global Sum,PRC DELEGATED CO-COMMISSIONING,CASTLEGATE SURGERY HERTFORD,24450013,"54,773.20 ",,HT000038114
Department of Health,NHS East & North Hertfordshire CCG,31/10/2018,C&M-GMS MPIG Correction Factor,PRC DELEGATED CO-COMMISSIONING,CASTLEGATE SURGERY HERTFORD,24450013,107.76 ,,HT000038114
Department of Health,NHS East & North Hertfordshire CCG,31/10/2018,C&M-GMS PCO Doctors Ret Scheme,PRC DELEGATED CO-COMMISSIONING,CASTLEGATE SURGERY HERTFORD,24450013,615.40 ,,HT000038114
Department of Health,NHS East & North Hertfordshire CCG,31/10/2018,C&M-GMS Prem Rates,PRC DELEGATED CO-COMMISSIONING,CASTLEGATE SURGERY HERTFORD,24450013,"1,164.41 ",,HT000038114
Department of Health,NHS East & North Hertfordshire CCG,31/10/2018,C&M-GMS Prem Water Rates,PRC DELEGATED CO-COMMISSIONING,CASTLEGATE SURGERY HERTFORD,24450013,93.44 ,,HT000038114
Department of Health,NHS East & North Hertfordshire CCG,31/10/2018,C&M-GMS QOF Aspiration,PRC DELEGATED CO-COMMISSIONING,CASTLEGATE SURGERY HERTFORD,24450013,"4,522.97 ",,HT000038114
Department of Health,NHS East & North Hertfordshire CCG,31/10/2018,C&M-GMS DES Extended Hours Access,PRC DELEGATED CO-COMMISSIONING,CHELLS WAY SURGERY,24450007,"6,947.35 ",,HT000038108
Department of Health,NHS East & North Hertfordshire CCG,31/10/2018,C&M-GMS DES Minor Surgery,PRC DELEGATED CO-COMMISSIONING,CHELLS WAY SURGERY,24450007,"2,189.50 ",,HT000038108
Department of Health,NHS East & North Hertfordshire CCG,31/10/2018,C&M-GMS Global Sum,PRC DELEGATED CO-COMMISSIONING,CHELLS WAY SURGERY,24450007,"102,974.17 ",,HT000038108
Department of Health,NHS East & North Hertfordshire CCG,31/10/2018,C&M-GMS MPIG Correction Factor,PRC DELEGATED CO-COMMISSIONING,CHELLS WAY SURGERY,24450007,303.89 ,,HT000038108
Department of Health,NHS East & North Hertfordshire CCG,31/10/2018,C&M-GMS Prem Rates,PRC DELEGATED CO-COMMISSIONING,CHELLS WAY SURGERY,24450007,"1,092.26 ",,HT000038108
Department of Health,NHS East & North Hertfordshire CCG,31/10/2018,C&M-GMS QOF Aspiration,PRC DELEGATED CO-COMMISSIONING,CHELLS WAY SURGERY,24450007,"8,893.85 ",,HT000038108
Department of Health,NHS East & North Hertfordshire CCG,31/10/2018,ME - GMS GP Prior Year ERs,PRC DELEGATED CO-COMMISSIONING,CHELLS WAY SURGERY,24450007,"2,260.52 ",,HT000038108
Department of Health,NHS East & North Hertfordshire CCG,31/10/2018,ME - GMS TPS Added Years Adj EEs,PRC DELEGATED CO-COMMISSIONING,CHELLS WAY SURGERY,24450007,121.58 ,,HT000038108
Department of Health,NHS East & North Hertfordshire CCG,31/10/2018,ME-GMS GP Pension EEs,PRC DELEGATED CO-COMMISSIONING,CHELLS WAY SURGERY,24450007,258.44 ,,HT000038108
Department of Health,NHS East & North Hertfordshire CCG,31/10/2018,ME-GMS GP Prior Year EEs,PRC DELEGATED CO-COMMISSIONING,CHELLS WAY SURGERY,24450007,"2,292.21 ",,HT000038108
Department of Health,NHS East & North Hertfordshire CCG,31/10/2018,Hcare Srv Rec Fdtn Trust-Contract Baseline,ACUTE COMMISSIONING,CHELSEA AND WESTMINSTER HOSPITAL NHS FOUNDATION TRUST,24197555,"28,536.17 ",654915415,N0026357
Department of Health,NHS East & North Hertfordshire CCG,31/10/2018,C&M-GMS DES Extended Hours Access,PRC DELEGATED CO-COMMISSIONING,CHURCH STREET SURGERY BISHOPS STORT,24450009,"7,848.43 ",,HT000038110
Department of Health,NHS East & North Hertfordshire CCG,31/10/2018,C&M-GMS DES Minor Surgery,PRC DELEGATED CO-COMMISSIONING,CHURCH STREET SURGERY BISHOPS STORT,24450009,"3,153.06 ",,HT000038110
Department of Health,NHS East & North Hertfordshire CCG,31/10/2018,C&M-GMS Global Sum,PRC DELEGATED CO-COMMISSIONING,CHURCH STREET SURGERY BISHOPS STORT,24450009,"104,711.06 ",,HT000038110
Department of Health,NHS East & North Hertfordshire CCG,31/10/2018,C&M-GMS MPIG Correction Factor,PRC DELEGATED CO-COMMISSIONING,CHURCH STREET SURGERY BISHOPS STORT,24450009,637.65 ,,HT000038110
Department of Health,NHS East & North Hertfordshire CCG,31/10/2018,C&M-GMS Prem Actual Rent,PRC DELEGATED CO-COMMISSIONING,CHURCH STREET SURGERY BISHOPS STORT,24450009,"11,475.00 ",,HT000038110
Department of Health,NHS East & North Hertfordshire CCG,31/10/2018,C&M-GMS Prem Cost Rent,PRC DELEGATED CO-COMMISSIONING,CHURCH STREET SURGERY BISHOPS STORT,24450009,"6,936.58 ",,HT000038110
Department of Health,NHS East & North Hertfordshire CCG,31/10/2018,C&M-GMS Prem Rates,PRC DELEGATED CO-COMMISSIONING,CHURCH STREET SURGERY BISHOPS STORT,24450009,"1,575.20 ",,HT000038110
Department of Health,NHS East & North Hertfordshire CCG,31/10/2018,C&M-GMS QOF Aspiration,PRC DELEGATED CO-COMMISSIONING,CHURCH STREET SURGERY BISHOPS STORT,24450009,"9,240.80 ",,HT000038110
Department of Health,NHS East & North Hertfordshire CCG,31/10/2018,C&M-GMS DES Extended Hours Access,PRC DELEGATED CO-COMMISSIONING,CHURCH STREET SURGERY WARE,24450011,"4,534.83 ",,HT000038112
Department of Health,NHS East & North Hertfordshire CCG,31/10/2018,C&M-GMS DES Minor Surgery,PRC DELEGATED CO-COMMISSIONING,CHURCH STREET SURGERY WARE,24450011,437.90 ,,HT000038112
Department of Health,NHS East & North Hertfordshire CCG,31/10/2018,C&M-GMS Global Sum,PRC DELEGATED CO-COMMISSIONING,CHURCH STREET SURGERY WARE,24450011,"63,468.04 ",,HT000038112
Department of Health,NHS East & North Hertfordshire CCG,31/10/2018,C&M-GMS MPIG Correction Factor,PRC DELEGATED CO-COMMISSIONING,CHURCH STREET SURGERY WARE,24450011,841.90 ,,HT000038112
Department of Health,NHS East & North Hertfordshire CCG,31/10/2018,C&M-GMS Prem Notional Rent,PRC DELEGATED CO-COMMISSIONING,CHURCH STREET SURGERY WARE,24450011,"6,129.17 ",,HT000038112
Department of Health,NHS East & North Hertfordshire CCG,31/10/2018,C&M-GMS Prem Rates,PRC DELEGATED CO-COMMISSIONING,CHURCH STREET SURGERY WARE,24450011,"2,208.00 ",,HT000038112
Department of Health,NHS East & North Hertfordshire CCG,31/10/2018,C&M-GMS QOF Aspiration,PRC DELEGATED CO-COMMISSIONING,CHURCH STREET SURGERY WARE,24450011,"6,780.75 ",,HT000038112
Department of Health,NHS East & North Hertfordshire CCG,31/10/2018,Other Travel Costs - Car Parking,ADHOC BUSINESS,CP PLUS LTD,24379876,999.16 ,,25604
Department of Health,NHS East & North Hertfordshire CCG,31/10/2018,Other Travel Costs - Car Parking,CCG-IT PROGRAMME,CP PLUS LTD,24379876,"1,314.18 ",,25604
Department of Health,NHS East & North Hertfordshire CCG,31/10/2018,Other Travel Costs - Car Parking,CONTINUING HEALTHCARE ASSESSMENT & SUPPORT,CP PLUS LTD,24379876,"5,267.54 ",,25604
Department of Health,NHS East & North Hertfordshire CCG,31/10/2018,Other Travel Costs - Car Parking,CORPORATE COSTS & SERVICES,CP PLUS LTD,24379876,"15,472.24 ",,25604
Department of Health,NHS East & North Hertfordshire CCG,31/10/2018,Other Travel Costs - Car Parking,FINANCIAL ACCOUNTS SERVICES,CP PLUS LTD,24379876,"1,303.36 ",,25604
Department of Health,NHS East & North Hertfordshire CCG,31/10/2018,Other Travel Costs - Car Parking,IT HELP DESK,CP PLUS LTD,24379876,"3,942.54 ",,25604
Department of Health,NHS East & North Hertfordshire CCG,31/10/2018,Other Travel Costs - Car Parking,IT MANAGEMENT TEAM,CP PLUS LTD,24379876,"1,314.18 ",,25604
Department of Health,NHS East & North Hertfordshire CCG,31/10/2018,Other Travel Costs - Car Parking,IT NETWORK & TELECOMS,CP PLUS LTD,24379876,"3,692.44 ",,25604
Department of Health,NHS East & North Hertfordshire CCG,31/10/2018,Other Travel Costs - Car Parking,MEDICINES MANAGEMENT - CLINICAL,CP PLUS LTD,24379876,"2,639.18 ",,25604
Department of Health,NHS East & North Hertfordshire CCG,31/10/2018,C&M-GMS DES Extended Hours Access,PRC DELEGATED CO-COMMISSIONING,CROMWELL MEDICAL CENTRE,24450014,"3,798.58 ",,HT000038115
Department of Health,NHS East & North Hertfordshire CCG,31/10/2018,C&M-GMS DES Minor Surgery,PRC DELEGATED CO-COMMISSIONING,CROMWELL MEDICAL CENTRE,24450014,"1,094.75 ",,HT000038115
Department of Health,NHS East & North Hertfordshire CCG,31/10/2018,C&M-GMS Global Sum,PRC DELEGATED CO-COMMISSIONING,CROMWELL MEDICAL CENTRE,24450014,"55,441.96 ",,HT000038115
Department of Health,NHS East & North Hertfordshire CCG,31/10/2018,C&M-GMS Prem Notional Rent,PRC DELEGATED CO-COMMISSIONING,CROMWELL MEDICAL CENTRE,24450014,"5,150.00 ",,HT000038115
Department of Health,NHS East & North Hertfordshire CCG,31/10/2018,C&M-GMS Prem Rates,PRC DELEGATED CO-COMMISSIONING,CROMWELL MEDICAL CENTRE,24450014,"2,028.05 ",,HT000038115
Department of Health,NHS East & North Hertfordshire CCG,31/10/2018,C&M-GMS QOF Aspiration,PRC DELEGATED CO-COMMISSIONING,CROMWELL MEDICAL CENTRE,24450014,"5,396.90 ",,HT000038115
Department of Health,NHS East & North Hertfordshire CCG,31/10/2018,C&M-GMS DES Extended Hours Access,PRC DELEGATED CO-COMMISSIONING,CUFFLEY & GOFFS OAK MEDICAL PRACTICE,24450016,"6,075.25 ",,HT000038117
Department of Health,NHS East & North Hertfordshire CCG,31/10/2018,C&M-GMS DES Minor Surgery,PRC DELEGATED CO-COMMISSIONING,CUFFLEY & GOFFS OAK MEDICAL PRACTICE,24450016,"1,007.21 ",,HT000038117
Department of Health,NHS East & North Hertfordshire CCG,31/10/2018,C&M-GMS Global Sum,PRC DELEGATED CO-COMMISSIONING,CUFFLEY & GOFFS OAK MEDICAL PRACTICE,24450016,"93,831.29 ",,HT000038117
Department of Health,NHS East & North Hertfordshire CCG,31/10/2018,C&M-GMS PCO Doctors Ret Scheme,PRC DELEGATED CO-COMMISSIONING,CUFFLEY & GOFFS OAK MEDICAL PRACTICE,24450016,615.36 ,,HT000038117
Department of Health,NHS East & North Hertfordshire CCG,31/10/2018,C&M-GMS Prem Rates,PRC DELEGATED CO-COMMISSIONING,CUFFLEY & GOFFS OAK MEDICAL PRACTICE,24450016,"2,036.10 ",,HT000038117
Department of Health,NHS East & North Hertfordshire CCG,31/10/2018,C&M-GMS QOF Aspiration,PRC DELEGATED CO-COMMISSIONING,CUFFLEY & GOFFS OAK MEDICAL PRACTICE,24450016,"8,375.55 ",,HT000038117
Department of Health,NHS East & North Hertfordshire CCG,31/10/2018,C&M-GMS DES Extended Hours Access,PRC DELEGATED CO-COMMISSIONING,DOLPHIN HOUSE SURGERY,24450018,"6,685.15 ",,HT000038119
Department of Health,NHS East & North Hertfordshire CCG,31/10/2018,C&M-GMS DES Minor Surgery,PRC DELEGATED CO-COMMISSIONING,DOLPHIN HOUSE SURGERY,24450018,"3,459.91 ",,HT000038119
Department of Health,NHS East & North Hertfordshire CCG,31/10/2018,C&M-GMS Global Sum,PRC DELEGATED CO-COMMISSIONING,DOLPHIN HOUSE SURGERY,24450018,"97,205.78 ",,HT000038119
Department of Health,NHS East & North Hertfordshire CCG,31/10/2018,C&M-GMS MPIG Correction Factor,PRC DELEGATED CO-COMMISSIONING,DOLPHIN HOUSE SURGERY,24450018,"2,803.15 ",,HT000038119
Department of Health,NHS East & North Hertfordshire CCG,31/10/2018,C&M-GMS Prem Actual Rent,PRC DELEGATED CO-COMMISSIONING,DOLPHIN HOUSE SURGERY,24450018,"2,245.83 ",,HT000038119
Department of Health,NHS East & North Hertfordshire CCG,31/10/2018,C&M-GMS Prem Rates,PRC DELEGATED CO-COMMISSIONING,DOLPHIN HOUSE SURGERY,24450018,"3,732.00 ",,HT000038119
Department of Health,NHS East & North Hertfordshire CCG,31/10/2018,C&M-GMS QOF Aspiration,PRC DELEGATED CO-COMMISSIONING,DOLPHIN HOUSE SURGERY,24450018,"10,698.33 ",,HT000038119
Department of Health,NHS East & North Hertfordshire CCG,31/10/2018,ME - GMS GP Prior Year ERs,PRC DELEGATED CO-COMMISSIONING,DOLPHIN HOUSE SURGERY,24450018,"10,160.81 ",,HT000038119
Department of Health,NHS East & North Hertfordshire CCG,31/10/2018,ME-GMS GP Prior Year EEs,PRC DELEGATED CO-COMMISSIONING,DOLPHIN HOUSE SURGERY,24450018,"9,592.38 ",,HT000038119
Department of Health,NHS East & North Hertfordshire CCG,31/10/2018,Miscellaneous Expenditure (L9),LOCAL ENHANCED SERVICES,DR N SELVADURAI,24443080,"26,292.15 ",,SR91188
Department of Health,NHS East & North Hertfordshire CCG,30/09/2018,Hcare Srv Rec NHS Trust-Contract Baseline,ACUTE COMMISSIONING,EAST AND NORTH HERTFORDSHIRE NHS TRUST,23998221,"18,241,780.91 ",,4156647
Department of Health,NHS East & North Hertfordshire CCG,31/10/2018,Hcare Srv Rec NHS Trust-Over/ Under Performance,ACUTE COMMISSIONING,EAST AND NORTH HERTFORDSHIRE NHS TRUST,24379789,"2,384,850.00 ",654973984,4157004
Department of Health,NHS East & North Hertfordshire CCG,31/10/2018,Hcare Srv Rec NHS Trust-Non Contract,ACUTE COMMISSIONING,EAST AND NORTH HERTFORDSHIRE NHS TRUST,24517509,"54,166.67 ",654973984,4157561
Department of Health,NHS East & North Hertfordshire CCG,31/10/2018,Travel Booking Services,PATIENT TRANSPORT,EAST OF ENGLAND AMBULANCE SERVICE NHS TRUST,24090920,"424,431.00 ",654919501,8108623
Department of Health,NHS East & North Hertfordshire CCG,31/10/2018,Hcare Srv Rec NHS Trust-Contract Baseline,AMBULANCE SERVICES,EAST OF ENGLAND AMBULANCE SERVICE NHS TRUST,24197563,"1,632,205.93 ",654919501,8110974
Department of Health,NHS East & North Hertfordshire CCG,31/10/2018,Travel Booking Services,PATIENT TRANSPORT,EAST OF ENGLAND AMBULANCE SERVICE NHS TRUST,24197567,"233,181.00 ",654919501,8110999
Department of Health,NHS East & North Hertfordshire CCG,31/10/2018,Computer Maintenance,CCG-IT PROGRAMME,EGTON MEDICAL INFORMATION SYSTEMS LTD,24150069,"113,833.92 ",927149214,EMINV015244
Department of Health,NHS East & North Hertfordshire CCG,31/10/2018,Computer Maintenance,CCG-IT PROGRAMME,EGTON MEDICAL INFORMATION SYSTEMS LTD,24150075,"108,926.29 ",927149214,EMINV015245
Department of Health,NHS East & North Hertfordshire CCG,31/10/2018,Computer Maintenance,CCG-IT PROGRAMME,EGTON MEDICAL INFORMATION SYSTEMS LTD,24150076,"63,339.05 ",927149214,EMINV015246
Department of Health,NHS East & North Hertfordshire CCG,31/10/2018,C&M-APMS LES Extended Hours,GP FORWARD VIEW,EPHEDRA HEALTHCARE LTD,24281288,"37,884.00 ",,EAOCT2018
Department of Health,NHS East & North Hertfordshire CCG,31/10/2018,Miscellaneous Expenditure (L9),LOCAL ENHANCED SERVICES,EPHEDRA HEALTHCARE LTD,24322474,"77,760.00 ",,WPEXTRA2018
Department of Health,NHS East & North Hertfordshire CCG,31/10/2018,Hcare Srv Rec Fdtn Trust-Contract Cost per Case,COMMUNITY SERVICES,ESSEX PARTNERSHIP UNIVERSITY NHS FT,24227208,"68,703.17 ",GB654974100,I0062637
Department of Health,NHS East & North Hertfordshire CCG,31/10/2018,Clinical&Medical-Independent Sector,Winter Resilience,FINECARE HOMES (STEVENAGE),24418765,"25,242.86 ",,D2A30OCT
Department of Health,NHS East & North Hertfordshire CCG,31/10/2018,C&M-GMS DES Extended Hours Access,PRC DELEGATED CO-COMMISSIONING,GARDEN CITY PRACTICE,24450020,"4,789.90 ",,HT000038121
Department of Health,NHS East & North Hertfordshire CCG,31/10/2018,C&M-GMS DES Minor Surgery,PRC DELEGATED CO-COMMISSIONING,GARDEN CITY PRACTICE,24450020,"2,408.77 ",,HT000038121
Department of Health,NHS East & North Hertfordshire CCG,31/10/2018,C&M-GMS Global Sum,PRC DELEGATED CO-COMMISSIONING,GARDEN CITY PRACTICE,24450020,"69,920.51 ",,HT000038121
Department of Health,NHS East & North Hertfordshire CCG,31/10/2018,C&M-GMS Other FDR Payment,PRC DELEGATED CO-COMMISSIONING,GARDEN CITY PRACTICE,24450020,"4,543.05 ",,HT000038121
Department of Health,NHS East & North Hertfordshire CCG,31/10/2018,C&M-GMS Prem Actual Rent,PRC DELEGATED CO-COMMISSIONING,GARDEN CITY PRACTICE,24450020,"2,020.83 ",,HT000038121
Department of Health,NHS East & North Hertfordshire CCG,31/10/2018,C&M-GMS Prem Notional Rent,PRC DELEGATED CO-COMMISSIONING,GARDEN CITY PRACTICE,24450020,"2,471.25 ",,HT000038121
Department of Health,NHS East & North Hertfordshire CCG,31/10/2018,C&M-GMS Prem Rates,PRC DELEGATED CO-COMMISSIONING,GARDEN CITY PRACTICE,24450020,"13,362.10 ",,HT000038121
Department of Health,NHS East & North Hertfordshire CCG,31/10/2018,C&M-GMS Prem Water Rates,PRC DELEGATED CO-COMMISSIONING,GARDEN CITY PRACTICE,24450020,"2,023.74 ",,HT000038121
Department of Health,NHS East & North Hertfordshire CCG,31/10/2018,C&M-GMS QOF Aspiration,PRC DELEGATED CO-COMMISSIONING,GARDEN CITY PRACTICE,24450020,"6,036.56 ",,HT000038121
Department of Health,NHS East & North Hertfordshire CCG,31/10/2018,C&M-GMS DES Minor Surgery,PRC DELEGATED CO-COMMISSIONING,GARDEN CITY SURGERY,24450022,43.79 ,,HT000038123
Department of Health,NHS East & North Hertfordshire CCG,31/10/2018,C&M-GMS Global Sum,PRC DELEGATED CO-COMMISSIONING,GARDEN CITY SURGERY,24450022,"51,582.51 ",,HT000038123
Department of Health,NHS East & North Hertfordshire CCG,31/10/2018,C&M-GMS MPIG Correction Factor,PRC DELEGATED CO-COMMISSIONING,GARDEN CITY SURGERY,24450022,"1,061.42 ",,HT000038123
Department of Health,NHS East & North Hertfordshire CCG,31/10/2018,C&M-GMS Prem Actual Rent,PRC DELEGATED CO-COMMISSIONING,GARDEN CITY SURGERY,24450022,"2,495.83 ",,HT000038123
Department of Health,NHS East & North Hertfordshire CCG,31/10/2018,C&M-GMS Prem Rates,PRC DELEGATED CO-COMMISSIONING,GARDEN CITY SURGERY,24450022,"2,686.85 ",,HT000038123
Department of Health,NHS East & North Hertfordshire CCG,31/10/2018,C&M-GMS QOF Aspiration,PRC DELEGATED CO-COMMISSIONING,GARDEN CITY SURGERY,24450022,"4,543.48 ",,HT000038123
Department of Health,NHS East & North Hertfordshire CCG,31/10/2018,C&M-APMS Contract Value,PRC DELEGATED CO-COMMISSIONING,GENERATING HEALTHCARE LTD,24209142,"52,378.07 ",,HT000038071
Department of Health,NHS East & North Hertfordshire CCG,31/10/2018,C&M-APMS Prem Actual Rent,PRC DELEGATED CO-COMMISSIONING,GENERATING HEALTHCARE LTD,24209142,"2,777.08 ",,HT000038071
Department of Health,NHS East & North Hertfordshire CCG,31/10/2018,C&M-APMS Prem Rates,PRC DELEGATED CO-COMMISSIONING,GENERATING HEALTHCARE LTD,24209142,"1,428.00 ",,HT000038071
Department of Health,NHS East & North Hertfordshire CCG,31/10/2018,C&M-PMS QOF Aspiration,PRC DELEGATED CO-COMMISSIONING,GENERATING HEALTHCARE LTD,24209142,"2,654.26 ",,HT000038071
Department of Health,NHS East & North Hertfordshire CCG,31/10/2018,ME - PMS GP Prior Year ERs,PRC DELEGATED CO-COMMISSIONING,GENERATING HEALTHCARE LTD,24209142,"1,051.25 ",,HT000038071
Department of Health,NHS East & North Hertfordshire CCG,31/10/2018,ME-PMS GP Prior Year EEs,PRC DELEGATED CO-COMMISSIONING,GENERATING HEALTHCARE LTD,24209142,918.92 ,,HT000038071
Department of Health,NHS East & North Hertfordshire CCG,31/10/2018,C&M-APMS Contract Value,PRC DELEGATED CO-COMMISSIONING,GENERATING HEALTHCARE LTD,24209147,"22,826.61 ",,HT000038073
Department of Health,NHS East & North Hertfordshire CCG,31/10/2018,C&M-APMS Prem Actual Rent,PRC DELEGATED CO-COMMISSIONING,GENERATING HEALTHCARE LTD,24209147,"2,239.58 ",,HT000038073
Department of Health,NHS East & North Hertfordshire CCG,31/10/2018,C&M-APMS Prem Rates,PRC DELEGATED CO-COMMISSIONING,GENERATING HEALTHCARE LTD,24209147,358.73 ,,HT000038073
Department of Health,NHS East & North Hertfordshire CCG,31/10/2018,C&M-PMS QOF Aspiration,PRC DELEGATED CO-COMMISSIONING,GENERATING HEALTHCARE LTD,24209147,"1,738.62 ",,HT000038073
Department of Health,NHS East & North Hertfordshire CCG,31/10/2018,C&M-APMS LES Extended Hours,GP FORWARD VIEW,GENERATING HEALTHCARE LTD,24267689,"34,667.00 ",,626
Department of Health,NHS East & North Hertfordshire CCG,31/10/2018,Hcare Srv Rec Fdtn Trust-Contract Baseline,ACUTE COMMISSIONING,GREAT ORMOND STREET HOSPITAL FOR CHILDREN NHS FOUNDATION TRUST,24197539,"52,591.92 ",654922910,X0201832
Department of Health,NHS East & North Hertfordshire CCG,31/10/2018,Hcare Srv Rec Fdtn Trust-Contract Baseline,ACUTE COMMISSIONING,GUYS & ST THOMAS HOSPITAL NHS FOUNDATION TRUST,24197049,"139,797.00 ",654923417,3247604
Department of Health,NHS East & North Hertfordshire CCG,31/10/2018,C&M-GMS DES Extended Hours Access,PRC DELEGATED CO-COMMISSIONING,HAILEY VIEW SURGERY,24450024,"3,992.38 ",,HT000038125
Department of Health,NHS East & North Hertfordshire CCG,31/10/2018,C&M-GMS DES Minor Surgery,PRC DELEGATED CO-COMMISSIONING,HAILEY VIEW SURGERY,24450024,"6,831.94 ",,HT000038125
Department of Health,NHS East & North Hertfordshire CCG,31/10/2018,C&M-GMS Global Sum,PRC DELEGATED CO-COMMISSIONING,HAILEY VIEW SURGERY,24450024,"58,675.01 ",,HT000038125
Department of Health,NHS East & North Hertfordshire CCG,31/10/2018,C&M-GMS MPIG Correction Factor,PRC DELEGATED CO-COMMISSIONING,HAILEY VIEW SURGERY,24450024,28.80 ,,HT000038125
Department of Health,NHS East & North Hertfordshire CCG,31/10/2018,C&M-GMS PCO Doctors Ret Scheme,PRC DELEGATED CO-COMMISSIONING,HAILEY VIEW SURGERY,24450024,"2,615.22 ",,HT000038125
Department of Health,NHS East & North Hertfordshire CCG,31/10/2018,C&M-GMS Prem Rates,PRC DELEGATED CO-COMMISSIONING,HAILEY VIEW SURGERY,24450024,"2,352.56 ",,HT000038125
Department of Health,NHS East & North Hertfordshire CCG,31/10/2018,C&M-GMS QOF Aspiration,PRC DELEGATED CO-COMMISSIONING,HAILEY VIEW SURGERY,24450024,"6,950.11 ",,HT000038125
Department of Health,NHS East & North Hertfordshire CCG,31/10/2018,C&M-GMS DES Extended Hours Access,PRC DELEGATED CO-COMMISSIONING,HALL GROVE SURGERY,24458183,"7,616.15 ",,HT000038129
Department of Health,NHS East & North Hertfordshire CCG,31/10/2018,C&M-GMS DES Minor Surgery,PRC DELEGATED CO-COMMISSIONING,HALL GROVE SURGERY,24458183,"4,291.96 ",,HT000038129
Department of Health,NHS East & North Hertfordshire CCG,31/10/2018,C&M-GMS Global Sum,PRC DELEGATED CO-COMMISSIONING,HALL GROVE SURGERY,24458183,"120,005.22 ",,HT000038129
Department of Health,NHS East & North Hertfordshire CCG,31/10/2018,C&M-GMS Prem Notional Rent,PRC DELEGATED CO-COMMISSIONING,HALL GROVE SURGERY,24458183,"7,737.50 ",,HT000038129
Department of Health,NHS East & North Hertfordshire CCG,31/10/2018,C&M-GMS Prem Rates,PRC DELEGATED CO-COMMISSIONING,HALL GROVE SURGERY,24458183,"1,475.22 ",,HT000038129
Department of Health,NHS East & North Hertfordshire CCG,31/10/2018,C&M-GMS QOF Aspiration,PRC DELEGATED CO-COMMISSIONING,HALL GROVE SURGERY,24458183,"11,899.71 ",,HT000038129
Department of Health,NHS East & North Hertfordshire CCG,31/10/2018,C&M-GMS DES Extended Hours Access,PRC DELEGATED CO-COMMISSIONING,HANSCOMBE HOUSE SURGERY,24450028,"4,937.63 ",,HT000038131
Department of Health,NHS East & North Hertfordshire CCG,31/10/2018,C&M-GMS DES Minor Surgery,PRC DELEGATED CO-COMMISSIONING,HANSCOMBE HOUSE SURGERY,24450028,"4,204.10 ",,HT000038131
Department of Health,NHS East & North Hertfordshire CCG,31/10/2018,C&M-GMS Global Sum,PRC DELEGATED CO-COMMISSIONING,HANSCOMBE HOUSE SURGERY,24450028,"72,908.81 ",,HT000038131
Department of Health,NHS East & North Hertfordshire CCG,31/10/2018,C&M-GMS MPIG Correction Factor,PRC DELEGATED CO-COMMISSIONING,HANSCOMBE HOUSE SURGERY,24450028,273.95 ,,HT000038131
Department of Health,NHS East & North Hertfordshire CCG,31/10/2018,C&M-GMS Prem Actual Rent,PRC DELEGATED CO-COMMISSIONING,HANSCOMBE HOUSE SURGERY,24450028,"5,614.33 ",,HT000038131
Department of Health,NHS East & North Hertfordshire CCG,31/10/2018,C&M-GMS Prem Rates,PRC DELEGATED CO-COMMISSIONING,HANSCOMBE HOUSE SURGERY,24450028,"2,736.15 ",,HT000038131
Department of Health,NHS East & North Hertfordshire CCG,31/10/2018,C&M-GMS Prem Water Rates,PRC DELEGATED CO-COMMISSIONING,HANSCOMBE HOUSE SURGERY,24450028,569.27 ,,HT000038131
Department of Health,NHS East & North Hertfordshire CCG,31/10/2018,C&M-GMS QOF Aspiration,PRC DELEGATED CO-COMMISSIONING,HANSCOMBE HOUSE SURGERY,24450028,"6,298.79 ",,HT000038131
Department of Health,NHS East & North Hertfordshire CCG,31/10/2018,Cont Care-Physical Disab (65+),CHC ADULT FULLY FUNDED,HC ONE OVAL LTD,24301812,"59,743.47 ",218 770886,ISCHAUG18
Department of Health,NHS East & North Hertfordshire CCG,31/10/2018,Cont Care-Physical Disab (65+),CHC ADULT FULLY FUNDED,HC ONE OVAL LTD,24380029,"57,816.26 ",218 770886,ISCHSEP18
Department of Health,NHS East & North Hertfordshire CCG,31/10/2018,Cont Care- Prior Year Payments,CHC ADULT FULLY FUNDED,HC ONE OVAL LTD,24517319,"66,460.72 ",218 770886,IWDVFEB18
Department of Health,NHS East & North Hertfordshire CCG,31/10/2018,Cont Care- Prior Year Payments,CHC ADULT FULLY FUNDED,HC ONE OVAL LTD,24517329,"73,365.00 ",218 770886,IWDVMAR18
Department of Health,NHS East & North Hertfordshire CCG,31/10/2018,Cont Care- Adult 100% Fully Funded,CHC ADULT FULLY FUNDED,HC ONE OVAL LTD,24517333,"26,858.65 ",218 770886,IWDVAPR18
Department of Health,NHS East & North Hertfordshire CCG,31/10/2018,Cont Care-Physical Disab (65+),CHC ADULT FULLY FUNDED,HC ONE OVAL LTD,24517333,"44,216.56 ",218 770886,IWDVAPR18
Department of Health,NHS East & North Hertfordshire CCG,31/10/2018,Cont Care- Adult 100% Fully Funded,CHC ADULT FULLY FUNDED,HC ONE OVAL LTD,24517340,"25,717.95 ",218 770886,IWDVMAY18
Department of Health,NHS East & North Hertfordshire CCG,31/10/2018,Cont Care-Physical Disab (65+),CHC ADULT FULLY FUNDED,HC ONE OVAL LTD,24517340,"47,863.56 ",218 770886,IWDVMAY18
Department of Health,NHS East & North Hertfordshire CCG,31/10/2018,Cont Care- Adult 100% Fully Funded,CHC ADULT FULLY FUNDED,HC ONE OVAL LTD,24517353,"24,888.36 ",218 770886,IWDVJUN18
Department of Health,NHS East & North Hertfordshire CCG,31/10/2018,Cont Care-Physical Disab (65+),CHC ADULT FULLY FUNDED,HC ONE OVAL LTD,24517353,"46,319.55 ",218 770886,IWDVJUN18
Department of Health,NHS East & North Hertfordshire CCG,31/10/2018,Cont Care- Adult 100% Fully Funded,CHC ADULT FULLY FUNDED,HC ONE OVAL LTD,24517360,"15,140.41 ",218 770886,IWDVJUL18
Department of Health,NHS East & North Hertfordshire CCG,31/10/2018,Cont Care-Physical Disab (65+),CHC ADULT FULLY FUNDED,HC ONE OVAL LTD,24517360,"58,503.96 ",218 770886,IWDVJUL18
Department of Health,NHS East & North Hertfordshire CCG,31/10/2018,Cont Care- Adult 100% Fully Funded,CHC ADULT FULLY FUNDED,HC ONE OVAL LTD,24517368,"14,942.11 ",218 770886,IWDVAUG18
Department of Health,NHS East & North Hertfordshire CCG,31/10/2018,Cont Care-Physical Disab (65+),CHC ADULT FULLY FUNDED,HC ONE OVAL LTD,24517368,"56,164.99 ",218 770886,IWDVAUG18
Department of Health,NHS East & North Hertfordshire CCG,31/10/2018,Cont Care-Physical Disab (<65),CHC ADULT FULLY FUNDED,HC ONE OVAL LTD,24517368,"3,431.26 ",218 770886,IWDVAUG18
Department of Health,NHS East & North Hertfordshire CCG,31/10/2018,Cont Care- Adult 100% Fully Funded,CHC ADULT FULLY FUNDED,HC ONE OVAL LTD,24517531,"(52,132.87)",218 770886,CWDV014482
Department of Health,NHS East & North Hertfordshire CCG,31/10/2018,Cont Care- Prior Year Payments,CHC ADULT FULLY FUNDED,HC ONE OVAL LTD,24517531,"(45,713.20)",218 770886,CWDV014482
Department of Health,NHS East & North Hertfordshire CCG,31/10/2018,Hcare Srv Rec NHS Trust,COMMUNITY SERVICES,HERTFORDSHIRE COMMUNITY NHS TRUST,24165438,"47,386.63 ",654 4402 89,H0002180
Department of Health,NHS East & North Hertfordshire CCG,31/10/2018,Hcare Srv Rec NHS Trust-Contract Baseline,COMMUNITY SERVICES,HERTFORDSHIRE COMMUNITY NHS TRUST,24267527,"3,537,852.00 ",654 4402 89,H0002117
Department of Health,NHS East & North Hertfordshire CCG,31/10/2018,Hcare Srv Rec NHS Trust-Non Contract,WINTER PRESSURES,HERTFORDSHIRE COMMUNITY NHS TRUST,24322892,"149,592.00 ",654 4402 89,H0002318
Department of Health,NHS East & North Hertfordshire CCG,31/10/2018,Clinical&Medical-Othe Public Sector,NON RECURRENT PROGRAMMES,HERTFORDSHIRE COUNTY COUNCIL,24197465,"30,875.75 ",GB214527877,1802587138
Department of Health,NHS East & North Hertfordshire CCG,31/10/2018,Clinical&Medical-Othe Public Sector,CARERS,HERTFORDSHIRE COUNTY COUNCIL,24267509,"24,167.00 ",GB214527877,1802577512
Department of Health,NHS East & North Hertfordshire CCG,31/10/2018,Clinical&Medical-Othe Public Sector,INTERMEDIATE CARE,HERTFORDSHIRE COUNTY COUNCIL,24267509,"(393,661.00)",GB214527877,1802577512
Department of Health,NHS East & North Hertfordshire CCG,31/10/2018,Cont Care- Adult 100% Fully Funded,CHC ADULT FULLY FUNDED,HERTFORDSHIRE COUNTY COUNCIL,24267509,"41,293.00 ",GB214527877,1802577512
Department of Health,NHS East & North Hertfordshire CCG,31/10/2018,Seconded-Basic Sal-Staff fm oth org,OPERATIONS MANAGEMENT,HERTFORDSHIRE COUNTY COUNCIL,24267509,"4,419.00 ",GB214527877,1802577512
Department of Health,NHS East & North Hertfordshire CCG,31/10/2018,Soc Care-Other Soc Care,LONG TERM CONDITIONS,HERTFORDSHIRE COUNTY COUNCIL,24267509,"1,151,946.00 ",GB214527877,1802577512
Department of Health,NHS East & North Hertfordshire CCG,31/10/2018,Cont Care- Children,CHC CHILDREN,HERTFORDSHIRE COUNTY COUNCIL,24322072,"617,543.16 ",GB214527877,1802586269
Department of Health,NHS East & North Hertfordshire CCG,31/10/2018,Social Care-ICES,COMMUNITY SERVICES,HERTFORDSHIRE COUNTY COUNCIL,24463605,"318,390.00 ",GB214527877,1802608408
Department of Health,NHS East & North Hertfordshire CCG,31/10/2018,Clinical&Medical-Independent Sector,NHS 111,HERTS URGENT CARE,24251861,"686,887.54 ",210815253,0000004453
Department of Health,NHS East & North Hertfordshire CCG,31/10/2018,Clinical&Medical-Independent Sector,COMMISSIONING SCHEMES,HERTS URGENT CARE,24301815,"25,625.41 ",210815253,0000004443
Department of Health,NHS East & North Hertfordshire CCG,31/10/2018,Clinical&Medical-Independent Sector,NHS 111,HERTS URGENT CARE,24301815,"167,199.67 ",210815253,0000004443
Department of Health,NHS East & North Hertfordshire CCG,31/10/2018,Clinical&Medical-Independent Sector,OUT OF HOURS,HERTS URGENT CARE,24301815,"18,577.74 ",210815253,0000004443
Department of Health,NHS East & North Hertfordshire CCG,31/10/2018,C&M-GMS DES Extended Hours Access,PRC DELEGATED CO-COMMISSIONING,HIGH ST SURGERY,24450030,"2,460.50 ",,HT000038133
Department of Health,NHS East & North Hertfordshire CCG,31/10/2018,C&M-GMS Global Sum,PRC DELEGATED CO-COMMISSIONING,HIGH ST SURGERY,24450030,"38,016.56 ",,HT000038133
Department of Health,NHS East & North Hertfordshire CCG,31/10/2018,C&M-GMS Prem Rates,PRC DELEGATED CO-COMMISSIONING,HIGH ST SURGERY,24450030,"1,188.00 ",,HT000038133
Department of Health,NHS East & North Hertfordshire CCG,31/10/2018,C&M-GMS Prem Water Rates,PRC DELEGATED CO-COMMISSIONING,HIGH ST SURGERY,24450030,435.92 ,,HT000038133
Department of Health,NHS East & North Hertfordshire CCG,31/10/2018,C&M-GMS QOF Aspiration,PRC DELEGATED CO-COMMISSIONING,HIGH ST SURGERY,24450030,"4,063.10 ",,HT000038133
Department of Health,NHS East & North Hertfordshire CCG,31/10/2018,Clinical&Medical-Independent Sector,NCAS/OATS,HOLLY HOUSE HOSPITAL,24506587,"37,627.26 ",,06K0818
Department of Health,NHS East & North Hertfordshire CCG,31/10/2018,Hcare Srv Rec NHS Trust-Contract Baseline,ACUTE COMMISSIONING,IMPERIAL COLLEGE HEALTHCARE NHS TRUST,24118667,"62,762.00 ",654945990,H0164918
Department of Health,NHS East & North Hertfordshire CCG,31/10/2018,Computer Hardware Purch,PRIMARY CARE IT,INSIGHT DIRECT (UK) LTD,24157271,"113,622.58 ",746 0751 29,4045947
Department of Health,NHS East & North Hertfordshire CCG,31/10/2018,Computer Hardware Purch,PRIMARY CARE IT,INSIGHT DIRECT (UK) LTD,24157272,"111,574.12 ",746 0751 29,4045931
Department of Health,NHS East & North Hertfordshire CCG,31/10/2018,C&M-GMS DES Extended Hours Access,PRC DELEGATED CO-COMMISSIONING,KELLER P & PARTNERS,24471989,"5,921.35 ",,HT000038135
Department of Health,NHS East & North Hertfordshire CCG,31/10/2018,C&M-GMS DES Minor Surgery,PRC DELEGATED CO-COMMISSIONING,KELLER P & PARTNERS,24471989,"3,635.09 ",,HT000038135
Department of Health,NHS East & North Hertfordshire CCG,31/10/2018,C&M-GMS Global Sum,PRC DELEGATED CO-COMMISSIONING,KELLER P & PARTNERS,24471989,"93,467.84 ",,HT000038135
Department of Health,NHS East & North Hertfordshire CCG,31/10/2018,C&M-GMS PCO Locum Sickness,PRC DELEGATED CO-COMMISSIONING,KELLER P & PARTNERS,24471989,"1,550.00 ",,HT000038135
Department of Health,NHS East & North Hertfordshire CCG,31/10/2018,C&M-GMS Prem Notional Rent,PRC DELEGATED CO-COMMISSIONING,KELLER P & PARTNERS,24471989,"9,278.29 ",,HT000038135
Department of Health,NHS East & North Hertfordshire CCG,31/10/2018,C&M-GMS QOF Aspiration,PRC DELEGATED CO-COMMISSIONING,KELLER P & PARTNERS,24471989,"8,114.04 ",,HT000038135
Department of Health,NHS East & North Hertfordshire CCG,31/10/2018,C&M-GMS DES Extended Hours Access,PRC DELEGATED CO-COMMISSIONING,KING GEORGE SURGERY,24450033,"7,355.85 ",,HT000038137
Department of Health,NHS East & North Hertfordshire CCG,31/10/2018,C&M-GMS DES Minor Surgery,PRC DELEGATED CO-COMMISSIONING,KING GEORGE SURGERY,24450033,919.59 ,,HT000038137
Department of Health,NHS East & North Hertfordshire CCG,31/10/2018,C&M-GMS Global Sum,PRC DELEGATED CO-COMMISSIONING,KING GEORGE SURGERY,24450033,"109,374.32 ",,HT000038137
Department of Health,NHS East & North Hertfordshire CCG,31/10/2018,C&M-GMS Prem Actual Rent,PRC DELEGATED CO-COMMISSIONING,KING GEORGE SURGERY,24450033,465.83 ,,HT000038137
Department of Health,NHS East & North Hertfordshire CCG,31/10/2018,C&M-GMS Prem Rates,PRC DELEGATED CO-COMMISSIONING,KING GEORGE SURGERY,24450033,"2,451.41 ",,HT000038137
Department of Health,NHS East & North Hertfordshire CCG,31/10/2018,C&M-GMS QOF Aspiration,PRC DELEGATED CO-COMMISSIONING,KING GEORGE SURGERY,24450033,"10,181.78 ",,HT000038137
Department of Health,NHS East & North Hertfordshire CCG,31/10/2018,C&M-GMS Cost of Drugs -Dispensing,LOCAL ENHANCED SERVICES,KING GEORGE SURGERY,24472023,"28,313.17 ",,HT000038421
Department of Health,NHS East & North Hertfordshire CCG,31/10/2018,C&M-GMS Prof Fees Dispensing,PRC DELEGATED CO-COMMISSIONING,KING GEORGE SURGERY,24472023,"4,846.56 ",,HT000038421
Department of Health,NHS East & North Hertfordshire CCG,31/10/2018,C&M-GMS PrscrptnChrgsColl&RmttdbyGP,LOCAL ENHANCED SERVICES,KING GEORGE SURGERY,24472023,149.60 ,,HT000038421
Department of Health,NHS East & North Hertfordshire CCG,31/10/2018,Hcare Srv Rec Fdtn Trust-Contract Baseline,ACUTE COMMISSIONING,KING`S COLLEGE HOSPITAL NHS FOUNDATION TRUST,24118633,"27,092.00 ",654926800,00262913
Department of Health,NHS East & North Hertfordshire CCG,31/10/2018,C&M-GMS DES Extended Hours Access,PRC DELEGATED CO-COMMISSIONING,KNEBWORTH AND MARYMEAD PRACTICE,24458185,"5,826.35 ",,HT000038139
Department of Health,NHS East & North Hertfordshire CCG,31/10/2018,C&M-GMS DES Minor Surgery,PRC DELEGATED CO-COMMISSIONING,KNEBWORTH AND MARYMEAD PRACTICE,24458185,"3,240.74 ",,HT000038139
Department of Health,NHS East & North Hertfordshire CCG,31/10/2018,C&M-GMS Global Sum,PRC DELEGATED CO-COMMISSIONING,KNEBWORTH AND MARYMEAD PRACTICE,24458185,"92,440.29 ",,HT000038139
Department of Health,NHS East & North Hertfordshire CCG,31/10/2018,C&M-GMS Prem Notional Rent,PRC DELEGATED CO-COMMISSIONING,KNEBWORTH AND MARYMEAD PRACTICE,24458185,"2,770.83 ",,HT000038139
Department of Health,NHS East & North Hertfordshire CCG,31/10/2018,C&M-GMS Prem Rates,PRC DELEGATED CO-COMMISSIONING,KNEBWORTH AND MARYMEAD PRACTICE,24458185,"1,658.10 ",,HT000038139
Department of Health,NHS East & North Hertfordshire CCG,31/10/2018,C&M-GMS QOF Aspiration,PRC DELEGATED CO-COMMISSIONING,KNEBWORTH AND MARYMEAD PRACTICE,24458185,"9,441.94 ",,HT000038139
Department of Health,NHS East & North Hertfordshire CCG,31/10/2018,C&M-APMS Contract Value,PRC DELEGATED CO-COMMISSIONING,LEA VALLEY HEALTH LTD,24237986,"78,334.14 ",,HT000038075
Department of Health,NHS East & North Hertfordshire CCG,31/10/2018,C&M-APMS Prem Other,PRC DELEGATED CO-COMMISSIONING,LEA VALLEY HEALTH LTD,24237986,"3,712.28 ",,HT000038075
Department of Health,NHS East & North Hertfordshire CCG,31/10/2018,C&M-APMS Prem Rates,PRC DELEGATED CO-COMMISSIONING,LEA VALLEY HEALTH LTD,24237986,"9,880.77 ",,HT000038075
Department of Health,NHS East & North Hertfordshire CCG,31/10/2018,C&M-PMS QOF Aspiration,PRC DELEGATED CO-COMMISSIONING,LEA VALLEY HEALTH LTD,24237986,"5,499.74 ",,HT000038075
Department of Health,NHS East & North Hertfordshire CCG,31/10/2018,ME - PMS GP Prior Year ERs,PRC DELEGATED CO-COMMISSIONING,LEA VALLEY HEALTH LTD,24237986,"1,749.56 ",,HT000038075
Department of Health,NHS East & North Hertfordshire CCG,31/10/2018,ME-PMS GP Pension EEs Adjs - PMS,PRC DELEGATED CO-COMMISSIONING,LEA VALLEY HEALTH LTD,24237986,"4,927.50 ",,HT000038075
Department of Health,NHS East & North Hertfordshire CCG,31/10/2018,ME-PMS GP Pension ERs Adjs - PMS,PRC DELEGATED CO-COMMISSIONING,LEA VALLEY HEALTH LTD,24237986,"5,248.68 ",,HT000038075
Department of Health,NHS East & North Hertfordshire CCG,31/10/2018,ME-PMS GP Prior Year EEs,PRC DELEGATED CO-COMMISSIONING,LEA VALLEY HEALTH LTD,24237986,"1,642.50 ",,HT000038075
Department of Health,NHS East & North Hertfordshire CCG,31/10/2018,C&M-GMS DES Extended Hours Access,PRC DELEGATED CO-COMMISSIONING,LISTER HOUSE SURGERY HATFIELD,24450035,"6,039.15 ",,HT000038141
Department of Health,NHS East & North Hertfordshire CCG,31/10/2018,C&M-GMS DES Minor Surgery,PRC DELEGATED CO-COMMISSIONING,LISTER HOUSE SURGERY HATFIELD,24450035,"1,357.49 ",,HT000038141
Department of Health,NHS East & North Hertfordshire CCG,31/10/2018,C&M-GMS Global Sum,PRC DELEGATED CO-COMMISSIONING,LISTER HOUSE SURGERY HATFIELD,24450035,"95,890.49 ",,HT000038141
Department of Health,NHS East & North Hertfordshire CCG,31/10/2018,C&M-GMS Prem Notional Rent,PRC DELEGATED CO-COMMISSIONING,LISTER HOUSE SURGERY HATFIELD,24450035,"12,885.66 ",,HT000038141
Department of Health,NHS East & North Hertfordshire CCG,31/10/2018,C&M-GMS Prem Rates,PRC DELEGATED CO-COMMISSIONING,LISTER HOUSE SURGERY HATFIELD,24450035,"2,234.94 ",,HT000038141
Department of Health,NHS East & North Hertfordshire CCG,31/10/2018,C&M-GMS QOF Aspiration,PRC DELEGATED CO-COMMISSIONING,LISTER HOUSE SURGERY HATFIELD,24450035,"8,324.24 ",,HT000038141
Department of Health,NHS East & North Hertfordshire CCG,31/10/2018,Hcare Srv Rec Fdtn Trust-Contract Baseline,ACUTE COMMISSIONING,LUTON & DUNSTABLE HOSPITAL NHS FOUNDATION TRUST,24118641,"187,914.75 ",654929007,52992103
Department of Health,NHS East & North Hertfordshire CCG,31/10/2018,C&M-GMS DES Extended Hours Access,PRC DELEGATED CO-COMMISSIONING,MANOR HOUSE SURGERY STEVENAGE,24450036,"2,804.40 ",,HT000038142
Department of Health,NHS East & North Hertfordshire CCG,31/10/2018,C&M-GMS DES Minor Surgery,PRC DELEGATED CO-COMMISSIONING,MANOR HOUSE SURGERY STEVENAGE,24450036,"4,905.18 ",,HT000038142
Department of Health,NHS East & North Hertfordshire CCG,31/10/2018,C&M-GMS Global Sum,PRC DELEGATED CO-COMMISSIONING,MANOR HOUSE SURGERY STEVENAGE,24450036,"37,972.06 ",,HT000038142
Department of Health,NHS East & North Hertfordshire CCG,31/10/2018,C&M-GMS MPIG Correction Factor,PRC DELEGATED CO-COMMISSIONING,MANOR HOUSE SURGERY STEVENAGE,24450036,620.09 ,,HT000038142
Department of Health,NHS East & North Hertfordshire CCG,31/10/2018,C&M-GMS Prem Rates,PRC DELEGATED CO-COMMISSIONING,MANOR HOUSE SURGERY STEVENAGE,24450036,436.21 ,,HT000038142
Department of Health,NHS East & North Hertfordshire CCG,31/10/2018,C&M-GMS QOF Aspiration,PRC DELEGATED CO-COMMISSIONING,MANOR HOUSE SURGERY STEVENAGE,24450036,"2,769.11 ",,HT000038142
Department of Health,NHS East & North Hertfordshire CCG,31/10/2018,C&M-GMS DES Extended Hours Access,PRC DELEGATED CO-COMMISSIONING,MAPLES HEALTH CENTRE,24450038,"5,830.63 ",,HT000038144
Department of Health,NHS East & North Hertfordshire CCG,31/10/2018,C&M-GMS DES Minor Surgery,PRC DELEGATED CO-COMMISSIONING,MAPLES HEALTH CENTRE,24450038,"4,554.52 ",,HT000038144
Department of Health,NHS East & North Hertfordshire CCG,31/10/2018,C&M-GMS Global Sum,PRC DELEGATED CO-COMMISSIONING,MAPLES HEALTH CENTRE,24450038,"82,805.02 ",,HT000038144
Department of Health,NHS East & North Hertfordshire CCG,31/10/2018,C&M-GMS MPIG Correction Factor,PRC DELEGATED CO-COMMISSIONING,MAPLES HEALTH CENTRE,24450038,319.26 ,,HT000038144
Department of Health,NHS East & North Hertfordshire CCG,31/10/2018,C&M-GMS Prem Rates,PRC DELEGATED CO-COMMISSIONING,MAPLES HEALTH CENTRE,24450038,"2,487.07 ",,HT000038144
Department of Health,NHS East & North Hertfordshire CCG,31/10/2018,C&M-GMS QOF Aspiration,PRC DELEGATED CO-COMMISSIONING,MAPLES HEALTH CENTRE,24450038,"6,892.92 ",,HT000038144
Department of Health,NHS East & North Hertfordshire CCG,31/10/2018,Clinical&Medical-Voluntary Sector,COMMUNITY SERVICES,MARIE STOPES INTERNATIONAL,24267581,"34,697.89 ",882426016,MS181937
Department of Health,NHS East & North Hertfordshire CCG,31/10/2018,Hcare Srv Rec NHS Trust-Contract Baseline,ACUTE COMMISSIONING,MID ESSEX HOSPITALS SERVICES NHS TRUST,24197877,"107,923.00 ",654930128,2000108726
Department of Health,NHS East & North Hertfordshire CCG,31/10/2018,Clinical&Medical-Independent Sector,WHEELCHAIR SERVICE,MILLBROOK HEALTHCARE LTD,24165431,"123,108.05 ",GB675991080,19511
Department of Health,NHS East & North Hertfordshire CCG,31/10/2018,C&M-GMS Practice Transformational Support,LOCAL ENHANCED SERVICES,MJOG LTD,24279866,"41,860.80 ",493320645,113408
Department of Health,NHS East & North Hertfordshire CCG,31/10/2018,Hcare Srv Rec Fdtn Trust-Contract Baseline,ACUTE COMMISSIONING,MOORFIELDS EYE HOSPITAL NHS FOUNDATION TRUST,24197342,"370,391.00 ",654930716,IC0035302
Department of Health,NHS East & North Hertfordshire CCG,31/10/2018,C&M-GMS DES Extended Hours Access,PRC DELEGATED CO-COMMISSIONING,MUCH HADHAM HLTH CNTRE,24450042,"3,078.48 ",876631000,HT000038148
Department of Health,NHS East & North Hertfordshire CCG,31/10/2018,C&M-GMS DES Minor Surgery,PRC DELEGATED CO-COMMISSIONING,MUCH HADHAM HLTH CNTRE,24450042,"1,182.55 ",876631000,HT000038148
Department of Health,NHS East & North Hertfordshire CCG,31/10/2018,C&M-GMS Global Sum,PRC DELEGATED CO-COMMISSIONING,MUCH HADHAM HLTH CNTRE,24450042,"52,055.34 ",876631000,HT000038148
Department of Health,NHS East & North Hertfordshire CCG,31/10/2018,C&M-GMS Prem Notional Rent,PRC DELEGATED CO-COMMISSIONING,MUCH HADHAM HLTH CNTRE,24450042,650.00 ,876631000,HT000038148
Department of Health,NHS East & North Hertfordshire CCG,31/10/2018,C&M-GMS Prem Rates,PRC DELEGATED CO-COMMISSIONING,MUCH HADHAM HLTH CNTRE,24450042,681.10 ,876631000,HT000038148
Department of Health,NHS East & North Hertfordshire CCG,31/10/2018,C&M-GMS QOF Aspiration,PRC DELEGATED CO-COMMISSIONING,MUCH HADHAM HLTH CNTRE,24450042,"5,155.58 ",876631000,HT000038148
Department of Health,NHS East & North Hertfordshire CCG,31/10/2018,C&M-GMS Cost of Drugs -Dispensing,LOCAL ENHANCED SERVICES,MUCH HADHAM HLTH CNTRE,24472030,"(57,638.52)",876631000,HT000038428
Department of Health,NHS East & North Hertfordshire CCG,31/10/2018,C&M-GMS PrscChrgsCll&RmttdbyGPCntra,PRC DELEGATED CO-COMMISSIONING,MUCH HADHAM HLTH CNTRE,24472030,"(4,523.20)",876631000,HT000038428
Department of Health,NHS East & North Hertfordshire CCG,31/10/2018,C&M-GMS Cost of Drugs -Dispensing,LOCAL ENHANCED SERVICES,MUCH HADHAM HLTH CNTRE,24472031,"106,662.99 ",876631000,HT000038429
Department of Health,NHS East & North Hertfordshire CCG,31/10/2018,C&M-GMS Prof Fees Dispensing,PRC DELEGATED CO-COMMISSIONING,MUCH HADHAM HLTH CNTRE,24472031,"19,582.99 ",876631000,HT000038429
Department of Health,NHS East & North Hertfordshire CCG,31/10/2018,C&M-GMS PrscrptnChrgsColl&RmttdbyGP,LOCAL ENHANCED SERVICES,MUCH HADHAM HLTH CNTRE,24472031,"4,523.20 ",876631000,HT000038429
Department of Health,NHS East & North Hertfordshire CCG,31/10/2018,C&M-GMS DES Minor Surgery,PRC DELEGATED CO-COMMISSIONING,NEVELLS ROAD SURGERY,24450040,"3,678.48 ",,HT000038146
Department of Health,NHS East & North Hertfordshire CCG,31/10/2018,C&M-GMS Global Sum,PRC DELEGATED CO-COMMISSIONING,NEVELLS ROAD SURGERY,24450040,"77,279.03 ",,HT000038146
Department of Health,NHS East & North Hertfordshire CCG,31/10/2018,C&M-GMS Prem Notional Rent,PRC DELEGATED CO-COMMISSIONING,NEVELLS ROAD SURGERY,24450040,"1,166.67 ",,HT000038146
Department of Health,NHS East & North Hertfordshire CCG,31/10/2018,C&M-GMS QOF Aspiration,PRC DELEGATED CO-COMMISSIONING,NEVELLS ROAD SURGERY,24450040,"8,074.10 ",,HT000038146
Department of Health,NHS East & North Hertfordshire CCG,31/10/2018,Chrgs from SLA,HUMAN RESOURCES,NHS HERTS VALLEYS CCG,24506634,"89,603.00 ",,7021201087
Department of Health,NHS East & North Hertfordshire CCG,31/10/2018,Non-PFI Oprtng Lease-Bldgs-Lease Rent,RECHARGES NHS PROPERTY SERVICES LTD,NHS PROPERTY SERVICES LTD,24340490,"29,037.06 ",156725100,H119190
Department of Health,NHS East & North Hertfordshire CCG,31/10/2018,Non-PFI Oprtng Lease-Bldgs-Lease Rent,RECHARGES NHS PROPERTY SERVICES LTD,NHS PROPERTY SERVICES LTD,24463537,"41,833.77 ",156725100,H119247
Department of Health,NHS East & North Hertfordshire CCG,31/10/2018,Charges from CCG,PROGRAMME PROJECTS,NHS WEST ESSEX CCG,24322646,"251,000.00 ",654461726,7022001012
Department of Health,NHS East & North Hertfordshire CCG,31/10/2018,Hcare Srv Rec NHS Trust-Contract Baseline,ACUTE COMMISSIONING,NORTH MIDDLESEX UNIVERSITY HOSPITAL NHS TRUST,24197006,"691,614.00 ",654946204,052226
Department of Health,NHS East & North Hertfordshire CCG,31/10/2018,C&M-GMS DES Minor Surgery,PRC DELEGATED CO-COMMISSIONING,PARK GREEN SURGERY BROXBOURNE,24450044,"4,948.27 ",,HT000038150
Department of Health,NHS East & North Hertfordshire CCG,31/10/2018,C&M-GMS Global Sum,PRC DELEGATED CO-COMMISSIONING,PARK GREEN SURGERY BROXBOURNE,24450044,"73,906.04 ",,HT000038150
Department of Health,NHS East & North Hertfordshire CCG,31/10/2018,C&M-GMS MPIG Correction Factor,PRC DELEGATED CO-COMMISSIONING,PARK GREEN SURGERY BROXBOURNE,24450044,622.42 ,,HT000038150
Department of Health,NHS East & North Hertfordshire CCG,31/10/2018,C&M-GMS Prem Notional Rent,PRC DELEGATED CO-COMMISSIONING,PARK GREEN SURGERY BROXBOURNE,24450044,"7,216.67 ",,HT000038150
Department of Health,NHS East & North Hertfordshire CCG,31/10/2018,C&M-GMS Prem Rates,PRC DELEGATED CO-COMMISSIONING,PARK GREEN SURGERY BROXBOURNE,24450044,"1,226.69 ",,HT000038150
Department of Health,NHS East & North Hertfordshire CCG,31/10/2018,C&M-GMS QOF Aspiration,PRC DELEGATED CO-COMMISSIONING,PARK GREEN SURGERY BROXBOURNE,24450044,"7,179.38 ",,HT000038150
Department of Health,NHS East & North Hertfordshire CCG,31/10/2018,C&M-GMS DES Extended Hours Access,PRC DELEGATED CO-COMMISSIONING,PARSONAGE SURGERY,24450046,"1,275.38 ",,HT000038152
Department of Health,NHS East & North Hertfordshire CCG,31/10/2018,C&M-GMS Global Sum,PRC DELEGATED CO-COMMISSIONING,PARSONAGE SURGERY,24450046,"37,819.22 ",,HT000038152
Department of Health,NHS East & North Hertfordshire CCG,31/10/2018,C&M-GMS MPIG Correction Factor,PRC DELEGATED CO-COMMISSIONING,PARSONAGE SURGERY,24450046,762.23 ,,HT000038152
Department of Health,NHS East & North Hertfordshire CCG,31/10/2018,C&M-GMS QOF Aspiration,PRC DELEGATED CO-COMMISSIONING,PARSONAGE SURGERY,24450046,"3,375.96 ",,HT000038152
Department of Health,NHS East & North Hertfordshire CCG,31/10/2018,C&M-GMS DES Extended Hours Access,PRC DELEGATED CO-COMMISSIONING,PEARTREE GROUP PRACTICE,24458187,"9,922.28 ",,HT000038158
Department of Health,NHS East & North Hertfordshire CCG,31/10/2018,C&M-GMS DES Minor Surgery,PRC DELEGATED CO-COMMISSIONING,PEARTREE GROUP PRACTICE,24458187,"4,204.30 ",,HT000038158
Department of Health,NHS East & North Hertfordshire CCG,31/10/2018,C&M-GMS Global Sum,PRC DELEGATED CO-COMMISSIONING,PEARTREE GROUP PRACTICE,24458187,"148,975.44 ",,HT000038158
Department of Health,NHS East & North Hertfordshire CCG,31/10/2018,C&M-GMS Prem Actual Rent,PRC DELEGATED CO-COMMISSIONING,PEARTREE GROUP PRACTICE,24458187,"6,375.00 ",,HT000038158
Department of Health,NHS East & North Hertfordshire CCG,31/10/2018,C&M-GMS Prem Notional Rent,PRC DELEGATED CO-COMMISSIONING,PEARTREE GROUP PRACTICE,24458187,"9,036.19 ",,HT000038158
Department of Health,NHS East & North Hertfordshire CCG,31/10/2018,C&M-GMS Prem Rates,PRC DELEGATED CO-COMMISSIONING,PEARTREE GROUP PRACTICE,24458187,"3,145.31 ",,HT000038158
Department of Health,NHS East & North Hertfordshire CCG,31/10/2018,C&M-GMS QOF Aspiration,PRC DELEGATED CO-COMMISSIONING,PEARTREE GROUP PRACTICE,24458187,"14,602.38 ",,HT000038158
Department of Health,NHS East & North Hertfordshire CCG,31/10/2018,Clinical&Medical-Independent Sector,ACUTE COMMISSIONING,PINEHILL HOSPITAL,24251887,"543,154.00 ",GB426505170 1,ENHCCGPINOCT18
Department of Health,NHS East & North Hertfordshire CCG,31/10/2018,C&M-GMS DES Extended Hours Access,PRC DELEGATED CO-COMMISSIONING,PORTMILL SURGERY,24450048,"6,742.15 ",,HT000038154
Department of Health,NHS East & North Hertfordshire CCG,31/10/2018,C&M-GMS DES Minor Surgery,PRC DELEGATED CO-COMMISSIONING,PORTMILL SURGERY,24450048,"2,802.94 ",,HT000038154
Department of Health,NHS East & North Hertfordshire CCG,31/10/2018,C&M-GMS DES Violent Patients,PRC DELEGATED CO-COMMISSIONING,PORTMILL SURGERY,24450048,"3,859.17 ",,HT000038154
Department of Health,NHS East & North Hertfordshire CCG,31/10/2018,C&M-GMS Global Sum,PRC DELEGATED CO-COMMISSIONING,PORTMILL SURGERY,24450048,"102,742.05 ",,HT000038154
Department of Health,NHS East & North Hertfordshire CCG,31/10/2018,C&M-GMS Prem Rates,PRC DELEGATED CO-COMMISSIONING,PORTMILL SURGERY,24450048,"6,365.50 ",,HT000038154
Department of Health,NHS East & North Hertfordshire CCG,31/10/2018,C&M-GMS QOF Aspiration,PRC DELEGATED CO-COMMISSIONING,PORTMILL SURGERY,24450048,"8,659.43 ",,HT000038154
Department of Health,NHS East & North Hertfordshire CCG,31/10/2018,C&M-GMS DES Extended Hours Access,PRC DELEGATED CO-COMMISSIONING,POTTERELLS MEDICAL CENTRE,24450050,"8,203.73 ",,HT000038156
Department of Health,NHS East & North Hertfordshire CCG,31/10/2018,C&M-GMS DES Minor Surgery,PRC DELEGATED CO-COMMISSIONING,POTTERELLS MEDICAL CENTRE,24450050,"8,539.87 ",,HT000038156
Department of Health,NHS East & North Hertfordshire CCG,31/10/2018,C&M-GMS Global Sum,PRC DELEGATED CO-COMMISSIONING,POTTERELLS MEDICAL CENTRE,24450050,"109,983.78 ",,HT000038156
Department of Health,NHS East & North Hertfordshire CCG,31/10/2018,C&M-GMS MPIG Correction Factor,PRC DELEGATED CO-COMMISSIONING,POTTERELLS MEDICAL CENTRE,24450050,"1,484.31 ",,HT000038156
Department of Health,NHS East & North Hertfordshire CCG,31/10/2018,C&M-GMS Prem Notional Rent,PRC DELEGATED CO-COMMISSIONING,POTTERELLS MEDICAL CENTRE,24450050,"5,516.42 ",,HT000038156
Department of Health,NHS East & North Hertfordshire CCG,31/10/2018,C&M-GMS Prem Rates,PRC DELEGATED CO-COMMISSIONING,POTTERELLS MEDICAL CENTRE,24450050,"2,445.94 ",,HT000038156
Department of Health,NHS East & North Hertfordshire CCG,31/10/2018,C&M-GMS QOF Aspiration,PRC DELEGATED CO-COMMISSIONING,POTTERELLS MEDICAL CENTRE,24450050,"6,799.92 ",,HT000038156
Department of Health,NHS East & North Hertfordshire CCG,30/09/2018,Hcare Srv Rec NHS Trust-Contract Baseline,ACUTE COMMISSIONING,PRINCESS ALEXANDRA HOSPITAL NHS TRUST,24044012,"5,276,927.47 ",654964985,BL180717
Department of Health,NHS East & North Hertfordshire CCG,31/10/2018,Hcare Srv Rec NHS Trust,NON RECURRENT PROGRAMMES,PRINCESS ALEXANDRA HOSPITAL NHS TRUST,24301933,"50,000.00 ",654964985,A113959
Department of Health,NHS East & North Hertfordshire CCG,31/10/2018,Hcare Srv Rec NHS Trust-Prior Year,ACUTE COMMISSIONING,PRINCESS ALEXANDRA HOSPITAL NHS TRUST,24463611,"(1,396,014.00)",654964985,CR001755
Department of Health,NHS East & North Hertfordshire CCG,31/10/2018,C&M-GMS DES Extended Hours Access,PRC DELEGATED CO-COMMISSIONING,PUCKERIDGE & STANDON SURGERY,24450054,"4,092.60 ",,HT000038162
Department of Health,NHS East & North Hertfordshire CCG,31/10/2018,C&M-GMS DES Minor Surgery,PRC DELEGATED CO-COMMISSIONING,PUCKERIDGE & STANDON SURGERY,24450054,"7,225.85 ",,HT000038162
Department of Health,NHS East & North Hertfordshire CCG,31/10/2018,C&M-GMS Global Sum,PRC DELEGATED CO-COMMISSIONING,PUCKERIDGE & STANDON SURGERY,24450054,"67,615.00 ",,HT000038162
Department of Health,NHS East & North Hertfordshire CCG,31/10/2018,C&M-GMS Prem Notional Rent,PRC DELEGATED CO-COMMISSIONING,PUCKERIDGE & STANDON SURGERY,24450054,"4,745.83 ",,HT000038162
Department of Health,NHS East & North Hertfordshire CCG,31/10/2018,C&M-GMS Prem Rates,PRC DELEGATED CO-COMMISSIONING,PUCKERIDGE & STANDON SURGERY,24450054,840.20 ,,HT000038162
Department of Health,NHS East & North Hertfordshire CCG,31/10/2018,C&M-GMS QOF Aspiration,PRC DELEGATED CO-COMMISSIONING,PUCKERIDGE & STANDON SURGERY,24450054,"6,026.12 ",,HT000038162
Department of Health,NHS East & North Hertfordshire CCG,31/10/2018,Cont Care- Adult 100% Fully Funded,CHC ADULT FULLY FUNDED,RAMSAY NEUROLOGICAL SERVICES,24379718,"250,000.00 ",,ENHERTS1018PF
Department of Health,NHS East & North Hertfordshire CCG,31/10/2018,C&M-GMS DES Extended Hours Access,PRC DELEGATED CO-COMMISSIONING,REGAL CHAMBERS SURGERY,24450052,"5,992.60 ",,HT000038160
Department of Health,NHS East & North Hertfordshire CCG,31/10/2018,C&M-GMS DES Minor Surgery,PRC DELEGATED CO-COMMISSIONING,REGAL CHAMBERS SURGERY,24450052,"1,839.18 ",,HT000038160
Department of Health,NHS East & North Hertfordshire CCG,31/10/2018,C&M-GMS Global Sum,PRC DELEGATED CO-COMMISSIONING,REGAL CHAMBERS SURGERY,24450052,"93,730.95 ",,HT000038160
Department of Health,NHS East & North Hertfordshire CCG,31/10/2018,C&M-GMS MPIG Correction Factor,PRC DELEGATED CO-COMMISSIONING,REGAL CHAMBERS SURGERY,24450052,42.58 ,,HT000038160
Department of Health,NHS East & North Hertfordshire CCG,31/10/2018,C&M-GMS Prem Actual Rent,PRC DELEGATED CO-COMMISSIONING,REGAL CHAMBERS SURGERY,24450052,"48,610.00 ",,HT000038160
Department of Health,NHS East & North Hertfordshire CCG,31/10/2018,C&M-GMS Prem Rates,PRC DELEGATED CO-COMMISSIONING,REGAL CHAMBERS SURGERY,24450052,"3,105.90 ",,HT000038160
Department of Health,NHS East & North Hertfordshire CCG,31/10/2018,C&M-GMS QOF Aspiration,PRC DELEGATED CO-COMMISSIONING,REGAL CHAMBERS SURGERY,24450052,"10,207.19 ",,HT000038160
Department of Health,NHS East & North Hertfordshire CCG,31/10/2018,Clinical&Medical-Independent Sector,ACUTE COMMISSIONING,RIVERS HOSPITAL,24251874,"759,093.00 ",426505170,ENHCCGOCT2018RIVERS
Department of Health,NHS East & North Hertfordshire CCG,31/10/2018,Hcare Srv Rec Fdtn Trust-Contract Baseline,ACUTE COMMISSIONING,ROYAL BROMPTON & HAREFIELD NHS FOUNDATION TRUST,24118649,"84,210.92 ",654968091,S004569
Department of Health,NHS East & North Hertfordshire CCG,30/09/2018,Hcare Srv Rec Fdtn Trust-Contract Baseline,ACUTE COMMISSIONING,ROYAL FREE LONDON NHS FOUNDATION TRUST,23985959,"2,169,055.00 ",654946987,I0164380
Department of Health,NHS East & North Hertfordshire CCG,31/10/2018,Hcare Srv Rec Fdtn Trust-Over/ Under Performance,ACUTE COMMISSIONING,ROYAL FREE LONDON NHS FOUNDATION TRUST,24196653,"75,117.00 ",654946987,I0146808
Department of Health,NHS East & North Hertfordshire CCG,31/10/2018,Hcare Srv Rec Fdtn Trust-Over/ Under Performance,ACUTE COMMISSIONING,ROYAL FREE LONDON NHS FOUNDATION TRUST,24196680,"116,594.00 ",654946987,I0152969
Department of Health,NHS East & North Hertfordshire CCG,31/10/2018,Hcare Srv Rec Fdtn Trust-Over/ Under Performance,ACUTE COMMISSIONING,ROYAL FREE LONDON NHS FOUNDATION TRUST,24196687,"(49,327.00)",654946987,C0018399
Department of Health,NHS East & North Hertfordshire CCG,31/10/2018,Hcare Srv Rec Fdtn Trust-Prior Year,ACUTE COMMISSIONING,ROYAL FREE LONDON NHS FOUNDATION TRUST,24196704,"(52,758.00)",654946987,C0019133
Department of Health,NHS East & North Hertfordshire CCG,31/10/2018,Hcare Srv Rec Fdtn Trust-Over/ Under Performance,ACUTE COMMISSIONING,ROYAL FREE LONDON NHS FOUNDATION TRUST,24197580,"(82,136.00)",654946987,C0020178
Department of Health,NHS East & North Hertfordshire CCG,31/10/2018,Hcare Srv Rec Fdtn Trust-Over/ Under Performance,ACUTE COMMISSIONING,ROYAL FREE LONDON NHS FOUNDATION TRUST,24506503,"(284,784.00)",654946987,C0018537
Department of Health,NHS East & North Hertfordshire CCG,31/10/2018,Hcare Srv Rec Fdtn Trust-Over/ Under Performance,ACUTE COMMISSIONING,ROYAL FREE LONDON NHS FOUNDATION TRUST,24506506,"(263,923.00)",654946987,C0018639
Department of Health,NHS East & North Hertfordshire CCG,31/10/2018,Hcare Srv Rec Fdtn Trust-Prior Year,ACUTE COMMISSIONING,ROYAL FREE LONDON NHS FOUNDATION TRUST,24506521,"(202,073.00)",654946987,C0019669
Department of Health,NHS East & North Hertfordshire CCG,31/10/2018,Hcare Srv Rec NHS Trust-Contract Baseline,ACUTE COMMISSIONING,ROYAL NATIONAL ORTHOPAEDIC HOSPITAL NHS TRUST,24118656,"222,691.00 ",,B0038040
Department of Health,NHS East & North Hertfordshire CCG,31/10/2018,Hcare Srv Rec Fdtn Trust-Contract Baseline,ACUTE COMMISSIONING,ROYAL PAPWORTH HOSPITAL NHS FOUNDATION TRUST,24132379,"116,503.00 ",,57792026
Department of Health,NHS East & North Hertfordshire CCG,31/10/2018,C&M-GMS DES Extended Hours Access,PRC DELEGATED CO-COMMISSIONING,SHEPHALL SURGERY,24450056,"3,855.10 ",,HT000038166
Department of Health,NHS East & North Hertfordshire CCG,31/10/2018,C&M-GMS DES Minor Surgery,PRC DELEGATED CO-COMMISSIONING,SHEPHALL SURGERY,24450056,656.93 ,,HT000038166
Department of Health,NHS East & North Hertfordshire CCG,31/10/2018,C&M-GMS Global Sum,PRC DELEGATED CO-COMMISSIONING,SHEPHALL SURGERY,24450056,"58,052.97 ",,HT000038166
Department of Health,NHS East & North Hertfordshire CCG,31/10/2018,C&M-GMS Prem Actual Rent,PRC DELEGATED CO-COMMISSIONING,SHEPHALL SURGERY,24450056,"9,966.67 ",,HT000038166
Department of Health,NHS East & North Hertfordshire CCG,31/10/2018,C&M-GMS Prem Rates,PRC DELEGATED CO-COMMISSIONING,SHEPHALL SURGERY,24450056,"1,545.97 ",,HT000038166
Department of Health,NHS East & North Hertfordshire CCG,31/10/2018,C&M-GMS QOF Aspiration,PRC DELEGATED CO-COMMISSIONING,SHEPHALL SURGERY,24450056,"5,611.83 ",,HT000038166
Department of Health,NHS East & North Hertfordshire CCG,31/10/2018,C&M-GMS DES Minor Surgery,PRC DELEGATED CO-COMMISSIONING,SHIPHAY MANOR & ABBEY ROAD SURGERY,24450058,"4,466.96 ",,HT000038168
Department of Health,NHS East & North Hertfordshire CCG,31/10/2018,C&M-GMS Global Sum,PRC DELEGATED CO-COMMISSIONING,SHIPHAY MANOR & ABBEY ROAD SURGERY,24450058,"65,723.65 ",,HT000038168
Department of Health,NHS East & North Hertfordshire CCG,31/10/2018,C&M-GMS Other FDR Payment,PRC DELEGATED CO-COMMISSIONING,SHIPHAY MANOR & ABBEY ROAD SURGERY,24450058,"1,544.44 ",,HT000038168
Department of Health,NHS East & North Hertfordshire CCG,31/10/2018,C&M-GMS Prem Actual Rent,PRC DELEGATED CO-COMMISSIONING,SHIPHAY MANOR & ABBEY ROAD SURGERY,24450058,"4,208.34 ",,HT000038168
Department of Health,NHS East & North Hertfordshire CCG,31/10/2018,C&M-GMS QOF Aspiration,PRC DELEGATED CO-COMMISSIONING,SHIPHAY MANOR & ABBEY ROAD SURGERY,24450058,"6,106.36 ",,HT000038168
Department of Health,NHS East & North Hertfordshire CCG,31/10/2018,C&M-GMS DES Extended Hours Access,PRC DELEGATED CO-COMMISSIONING,SOUTH STREET SURGERY,24458189,"9,680.98 ",,HT000038164
Department of Health,NHS East & North Hertfordshire CCG,31/10/2018,C&M-GMS DES Minor Surgery,PRC DELEGATED CO-COMMISSIONING,SOUTH STREET SURGERY,24458189,"11,080.17 ",,HT000038164
Department of Health,NHS East & North Hertfordshire CCG,31/10/2018,C&M-GMS Global Sum,PRC DELEGATED CO-COMMISSIONING,SOUTH STREET SURGERY,24458189,"130,400.36 ",,HT000038164
Department of Health,NHS East & North Hertfordshire CCG,31/10/2018,C&M-GMS MPIG Correction Factor,PRC DELEGATED CO-COMMISSIONING,SOUTH STREET SURGERY,24458189,"3,097.73 ",,HT000038164
Department of Health,NHS East & North Hertfordshire CCG,31/10/2018,C&M-GMS PCO Other,PRC DELEGATED CO-COMMISSIONING,SOUTH STREET SURGERY,24458189,"12,093.00 ",,HT000038164
Department of Health,NHS East & North Hertfordshire CCG,31/10/2018,C&M-GMS Prem Rates,PRC DELEGATED CO-COMMISSIONING,SOUTH STREET SURGERY,24458189,"3,055.44 ",,HT000038164
Department of Health,NHS East & North Hertfordshire CCG,31/10/2018,C&M-GMS QOF Aspiration,PRC DELEGATED CO-COMMISSIONING,SOUTH STREET SURGERY,24458189,"14,738.54 ",,HT000038164
Department of Health,NHS East & North Hertfordshire CCG,31/10/2018,Clinical&Medical-Independent Sector,ACUTE COMMISSIONING,SPIRE HEALTHCARE LTD,24251973,"124,407.00 ",915970991,06KHPNPF181907
Department of Health,NHS East & North Hertfordshire CCG,31/10/2018,C&M-APMS Contract Value,PRC DELEGATED CO-COMMISSIONING,SPRING HOUSE MEDICAL CENTRE,24209139,"82,749.32 ",,HT000038069
Department of Health,NHS East & North Hertfordshire CCG,31/10/2018,C&M-APMS Prem Actual Rent,PRC DELEGATED CO-COMMISSIONING,SPRING HOUSE MEDICAL CENTRE,24209139,"27,371.33 ",,HT000038069
Department of Health,NHS East & North Hertfordshire CCG,31/10/2018,C&M-APMS Prem Rates,PRC DELEGATED CO-COMMISSIONING,SPRING HOUSE MEDICAL CENTRE,24209139,"1,644.00 ",,HT000038069
Department of Health,NHS East & North Hertfordshire CCG,31/10/2018,C&M-PMS QOF Aspiration,PRC DELEGATED CO-COMMISSIONING,SPRING HOUSE MEDICAL CENTRE,24209139,"3,162.50 ",,HT000038069
Department of Health,NHS East & North Hertfordshire CCG,31/10/2018,C&M-GMS DES Minor Surgery,PRC DELEGATED CO-COMMISSIONING,STANHOPE SURGERY,24450063,963.38 ,,HT000038174
Department of Health,NHS East & North Hertfordshire CCG,31/10/2018,C&M-GMS Global Sum,PRC DELEGATED CO-COMMISSIONING,STANHOPE SURGERY,24450063,"43,477.18 ",,HT000038174
Department of Health,NHS East & North Hertfordshire CCG,31/10/2018,C&M-GMS MPIG Correction Factor,PRC DELEGATED CO-COMMISSIONING,STANHOPE SURGERY,24450063,324.12 ,,HT000038174
Department of Health,NHS East & North Hertfordshire CCG,31/10/2018,C&M-GMS Prem Actual Rent,PRC DELEGATED CO-COMMISSIONING,STANHOPE SURGERY,24450063,"4,130.00 ",,HT000038174
Department of Health,NHS East & North Hertfordshire CCG,31/10/2018,C&M-GMS QOF Aspiration,PRC DELEGATED CO-COMMISSIONING,STANHOPE SURGERY,24450063,"3,727.31 ",,HT000038174
Department of Health,NHS East & North Hertfordshire CCG,31/10/2018,C&M-GMS LES Care of Older People,REABLEMENT,STANMORE MEDICAL GROUP,24317203,"54,999.36 ",,FSEN1018002
Department of Health,NHS East & North Hertfordshire CCG,31/10/2018,ME - GMS TPS Added Years Adj EEs,PRC DELEGATED CO-COMMISSIONING,STANMORE MEDICAL GROUP,24450064,"(1,139.54)",,HT000038175
Department of Health,NHS East & North Hertfordshire CCG,31/10/2018,ME-GMS GP Pension EEs,PRC DELEGATED CO-COMMISSIONING,STANMORE MEDICAL GROUP,24450064,"(16,574.70)",,HT000038175
Department of Health,NHS East & North Hertfordshire CCG,31/10/2018,ME-GMS GP Pension ERs Adjustments,PRC DELEGATED CO-COMMISSIONING,STANMORE MEDICAL GROUP,24450064,"(16,828.17)",,HT000038175
Department of Health,NHS East & North Hertfordshire CCG,31/10/2018,C&M-GMS DES Extended Hours Access,PRC DELEGATED CO-COMMISSIONING,STANMORE MEDICAL GROUP,24450065,"16,765.13 ",,HT000038176
Department of Health,NHS East & North Hertfordshire CCG,31/10/2018,C&M-GMS DES Minor Surgery,PRC DELEGATED CO-COMMISSIONING,STANMORE MEDICAL GROUP,24450065,"6,394.02 ",,HT000038176
Department of Health,NHS East & North Hertfordshire CCG,31/10/2018,C&M-GMS Global Sum,PRC DELEGATED CO-COMMISSIONING,STANMORE MEDICAL GROUP,24450065,"242,775.69 ",,HT000038176
Department of Health,NHS East & North Hertfordshire CCG,31/10/2018,C&M-GMS MPIG Correction Factor,PRC DELEGATED CO-COMMISSIONING,STANMORE MEDICAL GROUP,24450065,936.24 ,,HT000038176
Department of Health,NHS East & North Hertfordshire CCG,31/10/2018,C&M-GMS Prem Actual Rent,PRC DELEGATED CO-COMMISSIONING,STANMORE MEDICAL GROUP,24450065,"8,075.00 ",,HT000038176
Department of Health,NHS East & North Hertfordshire CCG,31/10/2018,C&M-GMS Prem Notional Rent,PRC DELEGATED CO-COMMISSIONING,STANMORE MEDICAL GROUP,24450065,"2,441.67 ",,HT000038176
Department of Health,NHS East & North Hertfordshire CCG,31/10/2018,C&M-GMS QOF Aspiration,PRC DELEGATED CO-COMMISSIONING,STANMORE MEDICAL GROUP,24450065,"22,249.47 ",,HT000038176
Department of Health,NHS East & North Hertfordshire CCG,31/10/2018,C&M-APMS LES Extended Hours,GP FORWARD VIEW,STEVENAGE HEALTH LTD,24279817,"29,184.57 ",,SHLEASERVICE0003SEPT18
Department of Health,NHS East & North Hertfordshire CCG,31/10/2018,C&M-APMS LES Extended Hours,GP FORWARD VIEW,STEVENAGE HEALTH LTD,24423159,"29,184.57 ",,SHLEASERVICE0004OCT18
Department of Health,NHS East & North Hertfordshire CCG,31/10/2018,C&M-GMS DES Extended Hours Access,PRC DELEGATED CO-COMMISSIONING,STOCKWELL LODGE MEDICAL CENTRE,24450061,"5,527.10 ",,HT000038172
Department of Health,NHS East & North Hertfordshire CCG,31/10/2018,C&M-GMS Global Sum,PRC DELEGATED CO-COMMISSIONING,STOCKWELL LODGE MEDICAL CENTRE,24450061,"76,824.97 ",,HT000038172
Department of Health,NHS East & North Hertfordshire CCG,31/10/2018,C&M-GMS MPIG Correction Factor,PRC DELEGATED CO-COMMISSIONING,STOCKWELL LODGE MEDICAL CENTRE,24450061,646.73 ,,HT000038172
Department of Health,NHS East & North Hertfordshire CCG,31/10/2018,C&M-GMS Prem Notional Rent,PRC DELEGATED CO-COMMISSIONING,STOCKWELL LODGE MEDICAL CENTRE,24450061,"9,583.33 ",,HT000038172
Department of Health,NHS East & North Hertfordshire CCG,31/10/2018,C&M-GMS QOF Aspiration,PRC DELEGATED CO-COMMISSIONING,STOCKWELL LODGE MEDICAL CENTRE,24450061,"6,781.23 ",,HT000038172
Department of Health,NHS East & North Hertfordshire CCG,31/10/2018,C&M-GMS DES Extended Hours Access,PRC DELEGATED CO-COMMISSIONING,SURGERY ASTONIA HOUSE,24450059,"6,126.08 ",,HT000038170
Department of Health,NHS East & North Hertfordshire CCG,31/10/2018,C&M-GMS DES Minor Surgery,PRC DELEGATED CO-COMMISSIONING,SURGERY ASTONIA HOUSE,24450059,"3,591.40 ",,HT000038170
Department of Health,NHS East & North Hertfordshire CCG,31/10/2018,C&M-GMS Global Sum,PRC DELEGATED CO-COMMISSIONING,SURGERY ASTONIA HOUSE,24450059,"92,182.15 ",,HT000038170
Department of Health,NHS East & North Hertfordshire CCG,31/10/2018,C&M-GMS MPIG Correction Factor,PRC DELEGATED CO-COMMISSIONING,SURGERY ASTONIA HOUSE,24450059,534.09 ,,HT000038170
Department of Health,NHS East & North Hertfordshire CCG,31/10/2018,C&M-GMS Prem Rates,PRC DELEGATED CO-COMMISSIONING,SURGERY ASTONIA HOUSE,24450059,"1,697.21 ",,HT000038170
Department of Health,NHS East & North Hertfordshire CCG,31/10/2018,C&M-GMS Prem Water Rates,PRC DELEGATED CO-COMMISSIONING,SURGERY ASTONIA HOUSE,24450059,276.98 ,,HT000038170
Department of Health,NHS East & North Hertfordshire CCG,31/10/2018,C&M-GMS QOF Aspiration,PRC DELEGATED CO-COMMISSIONING,SURGERY ASTONIA HOUSE,24450059,"9,729.83 ",,HT000038170
Department of Health,NHS East & North Hertfordshire CCG,31/10/2018,C&M-GMS DES Extended Hours Access,PRC DELEGATED CO-COMMISSIONING,SYMONDS GREEN HEALTH CENTRE,24450067,"2,107.10 ",,HT000038178
Department of Health,NHS East & North Hertfordshire CCG,31/10/2018,C&M-GMS DES Minor Surgery,PRC DELEGATED CO-COMMISSIONING,SYMONDS GREEN HEALTH CENTRE,24450067,437.92 ,,HT000038178
Department of Health,NHS East & North Hertfordshire CCG,31/10/2018,C&M-GMS Global Sum,PRC DELEGATED CO-COMMISSIONING,SYMONDS GREEN HEALTH CENTRE,24450067,"32,405.15 ",,HT000038178
Department of Health,NHS East & North Hertfordshire CCG,31/10/2018,C&M-GMS MPIG Correction Factor,PRC DELEGATED CO-COMMISSIONING,SYMONDS GREEN HEALTH CENTRE,24450067,137.57 ,,HT000038178
Department of Health,NHS East & North Hertfordshire CCG,31/10/2018,C&M-GMS QOF Aspiration,PRC DELEGATED CO-COMMISSIONING,SYMONDS GREEN HEALTH CENTRE,24450067,"2,799.76 ",,HT000038178
Department of Health,NHS East & North Hertfordshire CCG,31/10/2018,Hcare Srv Rec Fdtn Trust-Contract Baseline,ACUTE COMMISSIONING,UNIVERSITY COLLEGE LONDON HOSPITALS NHS FOUNDATION TRUST,24118644,"614,646.00 ",654948687,SLA4170
Department of Health,NHS East & North Hertfordshire CCG,31/10/2018,C&M-GMS DES Extended Hours Access,PRC DELEGATED CO-COMMISSIONING,WALLACE HOUSE SURGERY,24450071,"12,603.66 ",,HT000038182
Department of Health,NHS East & North Hertfordshire CCG,31/10/2018,C&M-GMS DES Minor Surgery,PRC DELEGATED CO-COMMISSIONING,WALLACE HOUSE SURGERY,24450071,"4,817.26 ",,HT000038182
Department of Health,NHS East & North Hertfordshire CCG,31/10/2018,C&M-GMS Global Sum,PRC DELEGATED CO-COMMISSIONING,WALLACE HOUSE SURGERY,24450071,"94,300.39 ",,HT000038182
Department of Health,NHS East & North Hertfordshire CCG,31/10/2018,C&M-GMS MPIG Correction Factor,PRC DELEGATED CO-COMMISSIONING,WALLACE HOUSE SURGERY,24450071,322.01 ,,HT000038182
Department of Health,NHS East & North Hertfordshire CCG,31/10/2018,C&M-GMS PCO Doctors Ret Scheme,PRC DELEGATED CO-COMMISSIONING,WALLACE HOUSE SURGERY,24450071,"1,230.72 ",,HT000038182
Department of Health,NHS East & North Hertfordshire CCG,31/10/2018,C&M-GMS Prem Water Rates,PRC DELEGATED CO-COMMISSIONING,WALLACE HOUSE SURGERY,24450071,235.09 ,,HT000038182
Department of Health,NHS East & North Hertfordshire CCG,31/10/2018,C&M-GMS QOF Aspiration,PRC DELEGATED CO-COMMISSIONING,WALLACE HOUSE SURGERY,24450071,"9,621.18 ",,HT000038182
Department of Health,NHS East & North Hertfordshire CCG,31/10/2018,C&M-GMS DES Extended Hours Access,PRC DELEGATED CO-COMMISSIONING,WARDEN LODGE MEDICAL PRACTICE,24450073,"5,036.43 ",,HT000038184
Department of Health,NHS East & North Hertfordshire CCG,31/10/2018,C&M-GMS DES Minor Surgery,PRC DELEGATED CO-COMMISSIONING,WARDEN LODGE MEDICAL PRACTICE,24450073,"3,109.09 ",,HT000038184
Department of Health,NHS East & North Hertfordshire CCG,31/10/2018,C&M-GMS Global Sum,PRC DELEGATED CO-COMMISSIONING,WARDEN LODGE MEDICAL PRACTICE,24450073,"74,989.57 ",,HT000038184
Department of Health,NHS East & North Hertfordshire CCG,31/10/2018,C&M-GMS Other FDR Payment,PRC DELEGATED CO-COMMISSIONING,WARDEN LODGE MEDICAL PRACTICE,24450073,"3,086.39 ",,HT000038184
Department of Health,NHS East & North Hertfordshire CCG,31/10/2018,C&M-GMS Prem Actual Rent,PRC DELEGATED CO-COMMISSIONING,WARDEN LODGE MEDICAL PRACTICE,24450073,"12,317.50 ",,HT000038184
Department of Health,NHS East & North Hertfordshire CCG,31/10/2018,C&M-GMS Prem Rates,PRC DELEGATED CO-COMMISSIONING,WARDEN LODGE MEDICAL PRACTICE,24450073,"1,915.66 ",,HT000038184
Department of Health,NHS East & North Hertfordshire CCG,31/10/2018,C&M-GMS QOF Aspiration,PRC DELEGATED CO-COMMISSIONING,WARDEN LODGE MEDICAL PRACTICE,24450073,"7,493.89 ",,HT000038184
Department of Health,NHS East & North Hertfordshire CCG,31/10/2018,C&M-GMS Global Sum,PRC DELEGATED CO-COMMISSIONING,WATTON PLACE CLINIC,24450074,"37,295.58 ",,HT000038185
Department of Health,NHS East & North Hertfordshire CCG,31/10/2018,C&M-GMS MPIG Correction Factor,PRC DELEGATED CO-COMMISSIONING,WATTON PLACE CLINIC,24450074,208.54 ,,HT000038185
Department of Health,NHS East & North Hertfordshire CCG,31/10/2018,C&M-GMS Prem Notional Rent,PRC DELEGATED CO-COMMISSIONING,WATTON PLACE CLINIC,24450074,"2,401.88 ",,HT000038185
Department of Health,NHS East & North Hertfordshire CCG,31/10/2018,C&M-GMS Prem Rates,PRC DELEGATED CO-COMMISSIONING,WATTON PLACE CLINIC,24450074,"1,803.68 ",,HT000038185
Department of Health,NHS East & North Hertfordshire CCG,31/10/2018,C&M-GMS Prem Water Rates,PRC DELEGATED CO-COMMISSIONING,WATTON PLACE CLINIC,24450074,141.23 ,,HT000038185
Department of Health,NHS East & North Hertfordshire CCG,31/10/2018,C&M-GMS QOF Aspiration,PRC DELEGATED CO-COMMISSIONING,WATTON PLACE CLINIC,24450074,"2,926.53 ",,HT000038185
Department of Health,NHS East & North Hertfordshire CCG,31/10/2018,C&M-GMS Cost of Drugs -Dispensing,LOCAL ENHANCED SERVICES,WATTON PLACE CLINIC,24472060,"(47,526.55)",,HT000038446
Department of Health,NHS East & North Hertfordshire CCG,31/10/2018,C&M-GMS PrscChrgsCll&RmttdbyGPCntra,PRC DELEGATED CO-COMMISSIONING,WATTON PLACE CLINIC,24472060,"(3,687.20)",,HT000038446
Department of Health,NHS East & North Hertfordshire CCG,31/10/2018,C&M-GMS Cost of Drugs -Dispensing,LOCAL ENHANCED SERVICES,WATTON PLACE CLINIC,24472062,"100,863.33 ",,HT000038447
Department of Health,NHS East & North Hertfordshire CCG,31/10/2018,C&M-GMS Prof Fees Dispensing,PRC DELEGATED CO-COMMISSIONING,WATTON PLACE CLINIC,24472062,"14,853.24 ",,HT000038447
Department of Health,NHS East & North Hertfordshire CCG,31/10/2018,C&M-GMS PrscrptnChrgsColl&RmttdbyGP,LOCAL ENHANCED SERVICES,WATTON PLACE CLINIC,24472062,"3,687.20 ",,HT000038447
Department of Health,NHS East & North Hertfordshire CCG,31/10/2018,Hcare Srv Rec NHS Trust-Contract Baseline,ACUTE COMMISSIONING,WEST HERTFORDSHIRE HOSPITALS NHS TRUST,24152069,"257,008.72 ",654974002,0000256076
Department of Health,NHS East & North Hertfordshire CCG,31/10/2018,Hcare Srv Rec NHS Trust,NON RECURRENT PROGRAMMES,WEST HERTFORDSHIRE HOSPITALS NHS TRUST,24251879,"50,000.00 ",654974002,0000256282
Department of Health,NHS East & North Hertfordshire CCG,31/10/2018,Hcare Srv Rec NHS Trust-Contract Baseline,ACUTE COMMISSIONING,WEST HERTFORDSHIRE HOSPITALS NHS TRUST,24506609,"257,008.72 ",654974002,0000256605
Department of Health,NHS East & North Hertfordshire CCG,31/10/2018,Cont Care- Prior Year Payments,FUNDED NURSING CARE,WESTGATE HEALTHCARE LTD,24517619,"12,072.34 ",245299873,RNCCWES0208
Department of Health,NHS East & North Hertfordshire CCG,31/10/2018,Cont Care-FNC Client Continence Allow,FUNDED NURSING CARE,WESTGATE HEALTHCARE LTD,24517619,653.55 ,245299873,RNCCWES0208
Department of Health,NHS East & North Hertfordshire CCG,31/10/2018,Cont Care-Funded Nursing Care Allow,FUNDED NURSING CARE,WESTGATE HEALTHCARE LTD,24517619,"20,673.75 ",245299873,RNCCWES0208
Department of Health,NHS East & North Hertfordshire CCG,31/10/2018,Hcare Srv Rec NHS Trust-Contract Baseline,ACUTE COMMISSIONING,WHITTINGTON HOSPITAL NHS TRUST (THE),24132421,"29,516.83 ",654948100,00083738
Department of Health,NHS East & North Hertfordshire CCG,31/10/2018,C&M-GMS DES OOAR in hrs urgentcare,PRC DELEGATED CO-COMMISSIONING,WHITWELL SURGERY,24450069,536.10 ,,HT000038180
Department of Health,NHS East & North Hertfordshire CCG,31/10/2018,C&M-GMS DES Extended Hours Access,PRC DELEGATED CO-COMMISSIONING,WHITWELL SURGERY,24450069,"1,298.65 ",,HT000038180
Department of Health,NHS East & North Hertfordshire CCG,31/10/2018,C&M-GMS Global Sum,PRC DELEGATED CO-COMMISSIONING,WHITWELL SURGERY,24450069,"23,170.29 ",,HT000038180
Department of Health,NHS East & North Hertfordshire CCG,31/10/2018,C&M-GMS Prem Rates,PRC DELEGATED CO-COMMISSIONING,WHITWELL SURGERY,24450069,688.75 ,,HT000038180
Department of Health,NHS East & North Hertfordshire CCG,31/10/2018,C&M-GMS QOF Aspiration,PRC DELEGATED CO-COMMISSIONING,WHITWELL SURGERY,24450069,"1,672.89 ",,HT000038180
Department of Health,NHS East & North Hertfordshire CCG,31/10/2018,C&M-GMS Cost of Drugs -Dispensing,LOCAL ENHANCED SERVICES,WHITWELL SURGERY,24472054,"34,308.30 ",,HT000038443
Department of Health,NHS East & North Hertfordshire CCG,31/10/2018,C&M-GMS Prof Fees Dispensing,PRC DELEGATED CO-COMMISSIONING,WHITWELL SURGERY,24472054,"7,143.07 ",,HT000038443
Department of Health,NHS East & North Hertfordshire CCG,31/10/2018,C&M-GMS PrscrptnChrgsColl&RmttdbyGP,LOCAL ENHANCED SERVICES,WHITWELL SURGERY,24472054,"1,346.40 ",,HT000038443
Department of Health,NHS East & North Hertfordshire CCG,31/10/2018,C&M-GMS DES Extended Hours Access,PRC DELEGATED CO-COMMISSIONING,WRAFTON HOUSE,24450076,"4,583.28 ",,HT000038187
Department of Health,NHS East & North Hertfordshire CCG,31/10/2018,C&M-GMS DES Minor Surgery,PRC DELEGATED CO-COMMISSIONING,WRAFTON HOUSE,24450076,963.46 ,,HT000038187
Department of Health,NHS East & North Hertfordshire CCG,31/10/2018,C&M-GMS Global Sum,PRC DELEGATED CO-COMMISSIONING,WRAFTON HOUSE,24450076,"71,448.12 ",,HT000038187
Department of Health,NHS East & North Hertfordshire CCG,31/10/2018,C&M-GMS Prem Rates,PRC DELEGATED CO-COMMISSIONING,WRAFTON HOUSE,24450076,"2,183.83 ",,HT000038187
Department of Health,NHS East & North Hertfordshire CCG,31/10/2018,C&M-GMS Prem Water Rates,PRC DELEGATED CO-COMMISSIONING,WRAFTON HOUSE,24450076,309.34 ,,HT000038187
Department of Health,NHS East & North Hertfordshire CCG,31/10/2018,C&M-GMS QOF Aspiration,PRC DELEGATED CO-COMMISSIONING,WRAFTON HOUSE,24450076,"7,458.56 ",,HT000038187
Department of Health,NHS East & North Hertfordshire CCG,31/10/2018,Cont Care-FNC Client Continence Allow,FUNDED NURSING CARE,WYMONDLEY NURSING & CARE HOME LTD,24281271,"1,018.44 ",,NHS488
Department of Health,NHS East & North Hertfordshire CCG,31/10/2018,Cont Care-Funded Nursing Care Allow,FUNDED NURSING CARE,WYMONDLEY NURSING & CARE HOME LTD,24281271,"32,919.74 ",,NHS488
,,,,,,,,,
,,,,,,,"50,319,994.19 ",,
