A3131 - Expenditure Over Threshold,,,,,,,,,
,,,,,,,,,
,,,,,,,,,
Time run: 10/09/2018 09:54:45,,,,,,,,,
,,,,,,,,,
Department family,Entity,Date,Expense Type,Expense area,Supplier,Transaction number,AP Amount (�),VAT registration number,Purchase invoice number
Department of Health,NHS West Essex CCG,31/08/2018,Hcare Srv Rec Fdtn Trust-Non Contract,MENTAL HEALTH CONTRACTS,CAMBRIDGESHIRE & PETERBOROUGH NHS FOUNDATION TRUST,23307311,"33,550.00 ",654426433,9900020610
Department of Health,NHS West Essex CCG,31/08/2018,Hcare Srv Rec Fdtn Trust-Non Contract,MENTAL HEALTH CONTRACTS,CAMBRIDGESHIRE & PETERBOROUGH NHS FOUNDATION TRUST,23307313,"33,550.00 ",654426433,9900020845
Department of Health,NHS West Essex CCG,31/08/2018,Hcare Srv Rec Fdtn Trust-Non Contract,MENTAL HEALTH CONTRACTS,CAMBRIDGESHIRE & PETERBOROUGH NHS FOUNDATION TRUST,23307318,"33,550.00 ",654426433,9900021082
Department of Health,NHS West Essex CCG,31/08/2018,Hcare Srv Rec Fdtn Trust-Non Contract,MENTAL HEALTH CONTRACTS,CAMBRIDGESHIRE & PETERBOROUGH NHS FOUNDATION TRUST,23307321,"33,550.00 ",654426433,9900021081
Department of Health,NHS West Essex CCG,31/08/2018,Hcare Srv Rec Fdtn Trust-Non Contract,MENTAL HEALTH CONTRACTS,CAMBRIDGESHIRE & PETERBOROUGH NHS FOUNDATION TRUST,23307322,"33,550.00 ",654426433,9900021605
Department of Health,NHS West Essex CCG,31/08/2018,Hcare Srv Rec Fdtn Trust-Non Contract,MENTAL HEALTH CONTRACTS,CAMBRIDGESHIRE & PETERBOROUGH NHS FOUNDATION TRUST,23307325,"29,150.00 ",654426433,9900021604
Department of Health,NHS West Essex CCG,31/08/2018,Hcare Srv Rec Fdtn Trust-Non Contract,MENTAL HEALTH CONTRACTS,CAMBRIDGESHIRE & PETERBOROUGH NHS FOUNDATION TRUST,23307364,"(104,575.00)",654426433,9910001992
Department of Health,NHS West Essex CCG,31/08/2018,Clinical&Medical-Serv Recd-F Trsts,LEARNING DIFFICULTIES,HERTFORDSHIRE PARTNERSHIP NHS FOUNDATION TRUST,23307374,"743,130.25 ",654950120,P0001063
Department of Health,NHS West Essex CCG,31/08/2018,Clinical&Medical-Serv Recd-F Trsts,MENTAL HEALTH SERVICES - SPECIALIST SERVICES,HERTFORDSHIRE PARTNERSHIP NHS FOUNDATION TRUST,23307374,"33,203.08 ",654950120,P0001063
Department of Health,NHS West Essex CCG,31/08/2018,Hcare Srv Rec Fdtn Trust-CQUIN,LEARNING DIFFICULTIES,HERTFORDSHIRE PARTNERSHIP NHS FOUNDATION TRUST,23307374,"9,708.33 ",654950120,P0001063
Department of Health,NHS West Essex CCG,31/08/2018,Clinical&Medical-Voluntary Sector,DEMENTIA,HERITAGE CARE LTD,23307398,"42,656.00 ",,A106900
Department of Health,NHS West Essex CCG,31/08/2018,Hcare Srv Rec NHS Trust-Prior Year,ACUTE COMMISSIONING,BARTS HEALTH NHS TRUST,23349854,"146,527.48 ",,344295
Department of Health,NHS West Essex CCG,31/08/2018,Hcare Srv Rec NHS Trust-Prior Year,ACUTE COMMISSIONING,BARTS HEALTH NHS TRUST,23349876,"(146,527.48)",,345347
Department of Health,NHS West Essex CCG,31/08/2018,C&M-GP PRACTICE REVENUE - PCTF,GP FORWARD VIEW,ST VINCENTS HEALTH & PUBLIC SECTOR CONSULTING LTD,23349881,"92,400.00 ",751356436,1125
Department of Health,NHS West Essex CCG,31/08/2018,C&M-GP PRACTICE REVENUE - PCTF,GP FORWARD VIEW,ST VINCENTS HEALTH & PUBLIC SECTOR CONSULTING LTD,23349889,"(92,400.00)",751356436,1132
Department of Health,NHS West Essex CCG,31/08/2018,Clinical&Medical-Commercial Sector,NHS 111,INTEGRATED CARE 24 LTD,23349915,"76,705.00 ",991241024,1710
Department of Health,NHS West Essex CCG,31/08/2018,Cont Care-Funded Nursing Care Allow,FUNDED NURSING CARE,BARCHESTER HEALTHCARE LTD,23356011,"26,254.56 ",2792285,PH001F
Department of Health,NHS West Essex CCG,31/08/2018,Miscellaneous Expenditure (L9),PROGRAMME PROJECTS,LISTER MEDICAL CENTRE,23359474,"34,956.00 ",,FPCDQ21819
Department of Health,NHS West Essex CCG,31/08/2018,Clinical&Medical-Commercial Sector,PRIMARY CARE DEVELOPMENT,STELLAR HEALTHCARE,23359478,"151,838.50 ",,1195
Department of Health,NHS West Essex CCG,31/08/2018,Clinical&Medical-Commercial Sector,COMMISSIONING SCHEMES,STELLAR HEALTHCARE,23359480,"60,685.00 ",,1196
Department of Health,NHS West Essex CCG,31/08/2018,Clinical&Medical-Clinical Other,LEARNING DIFFICULTIES,ANGLIAN COMMUNITY ENTERPRISE CIC,23359483,"193,890.00 ",107576214,7000018724
Department of Health,NHS West Essex CCG,31/08/2018,Hcare Srv Rec Fdtn Trust-CQUIN,CHILD AND ADOLESCENT MENTAL HEALTH,NORTH EAST LONDON NHS FOUNDATION TRUST,23380554,"77,165.00 ",654404447,0000047857
Department of Health,NHS West Essex CCG,31/08/2018,Hcare Srv Rec NHS Trust-CQUIN,ACUTE COMMISSIONING,NORTH MIDDLESEX UNIVERSITY HOSPITAL NHS TRUST,23380564,"1,423.00 ",,051115
Department of Health,NHS West Essex CCG,31/08/2018,Hcare Srv Rec NHS Trust-Contract Baseline,ACUTE COMMISSIONING,NORTH MIDDLESEX UNIVERSITY HOSPITAL NHS TRUST,23380564,"113,850.00 ",,051115
Department of Health,NHS West Essex CCG,31/08/2018,Hcare Srv Rec NHS Trust-Drugs,ACUTE COMMISSIONING,NORTH MIDDLESEX UNIVERSITY HOSPITAL NHS TRUST,23380564,"2,172.00 ",,051115
Department of Health,NHS West Essex CCG,31/08/2018,Hcare Srv Rec Fdtn Trust-CQUIN,ACUTE COMMISSIONING,GUYS & ST THOMAS HOSPITAL NHS FOUNDATION TRUST,23380567,"1,915.00 ",654923417,3243936
Department of Health,NHS West Essex CCG,31/08/2018,Hcare Srv Rec Fdtn Trust-Contract Baseline,ACUTE COMMISSIONING,GUYS & ST THOMAS HOSPITAL NHS FOUNDATION TRUST,23380567,"79,421.00 ",654923417,3243936
Department of Health,NHS West Essex CCG,31/08/2018,Hcare Srv Rec Fdtn Trust-Drugs,ACUTE COMMISSIONING,GUYS & ST THOMAS HOSPITAL NHS FOUNDATION TRUST,23380567,"13,564.00 ",654923417,3243936
Department of Health,NHS West Essex CCG,31/08/2018,Hcare Srv Rec Fdtn Trust-CQUIN,ACUTE COMMISSIONING,ROYAL FREE LONDON NHS FOUNDATION TRUST,23380573,"2,026.00 ",654946987,I0162060
Department of Health,NHS West Essex CCG,31/08/2018,Hcare Srv Rec Fdtn Trust-Contract Baseline,ACUTE COMMISSIONING,ROYAL FREE LONDON NHS FOUNDATION TRUST,23380573,"165,927.00 ",654946987,I0162060
Department of Health,NHS West Essex CCG,31/08/2018,Hcare Srv Rec Fdtn Trust-Drugs,ACUTE COMMISSIONING,ROYAL FREE LONDON NHS FOUNDATION TRUST,23380573,"17,170.00 ",654946987,I0162060
Department of Health,NHS West Essex CCG,31/08/2018,Clinical&Medical-Independent Sector,ACUTE COMMISSIONING,HOLLY HOUSE HOSPITAL,23380624,"224,231.00 ",,CABWEPT112TH082018
Department of Health,NHS West Essex CCG,31/08/2018,Hcare Srv Rec NHS Trust-CQUIN,ACUTE COMMISSIONING,BARTS HEALTH NHS TRUST,23380641,"22,129.00 ",,344384
Department of Health,NHS West Essex CCG,31/08/2018,Hcare Srv Rec NHS Trust-Contract Baseline,ACUTE COMMISSIONING,BARTS HEALTH NHS TRUST,23380641,"1,770,317.54 ",,344384
Department of Health,NHS West Essex CCG,31/08/2018,Hcare Srv Rec Fdtn Trust-CQUIN,ACUTE COMMISSIONING,HOMERTON UNIVERSITY HOSPITAL NHS FOUNDATION TRUST,23380651,652.50 ,654965884,61283199
Department of Health,NHS West Essex CCG,31/08/2018,Hcare Srv Rec Fdtn Trust-Contract Baseline,ACUTE COMMISSIONING,HOMERTON UNIVERSITY HOSPITAL NHS FOUNDATION TRUST,23380651,"52,200.42 ",654965884,61283199
Department of Health,NHS West Essex CCG,31/08/2018,Hcare Srv Rec Fdtn Trust-CQUIN,ACUTE COMMISSIONING,MOORFIELDS EYE HOSPITAL NHS FOUNDATION TRUST,23380659,"1,201.00 ",,IC0034753
Department of Health,NHS West Essex CCG,31/08/2018,Hcare Srv Rec Fdtn Trust-Contract Baseline,ACUTE COMMISSIONING,MOORFIELDS EYE HOSPITAL NHS FOUNDATION TRUST,23380659,"99,989.00 ",,IC0034753
Department of Health,NHS West Essex CCG,31/08/2018,Hcare Srv Rec Fdtn Trust-Drugs,ACUTE COMMISSIONING,MOORFIELDS EYE HOSPITAL NHS FOUNDATION TRUST,23380659,"20,077.00 ",,IC0034753
Department of Health,NHS West Essex CCG,31/08/2018,Hcare Srv Rec Fdtn Trust-CQUIN,ACUTE COMMISSIONING,GREAT ORMOND STREET HOSPITAL FOR CHILDREN NHS FOUNDATION TRUST,23380669,295.00 ,654922910,X0198166
Department of Health,NHS West Essex CCG,31/08/2018,Hcare Srv Rec Fdtn Trust-Contract Baseline,ACUTE COMMISSIONING,GREAT ORMOND STREET HOSPITAL FOR CHILDREN NHS FOUNDATION TRUST,23380669,"26,854.63 ",654922910,X0198166
Department of Health,NHS West Essex CCG,31/08/2018,Hcare Srv Rec Fdtn Trust-Devices,ACUTE COMMISSIONING,GREAT ORMOND STREET HOSPITAL FOR CHILDREN NHS FOUNDATION TRUST,23380669,892.00 ,654922910,X0198166
Department of Health,NHS West Essex CCG,31/08/2018,Hcare Srv Rec Fdtn Trust-Drugs,ACUTE COMMISSIONING,GREAT ORMOND STREET HOSPITAL FOR CHILDREN NHS FOUNDATION TRUST,23380669,"1,720.00 ",654922910,X0198166
Department of Health,NHS West Essex CCG,31/08/2018,Hcare Srv Rec Fdtn Trust-CQUIN,ACUTE COMMISSIONING,COLCHESTER HOSPITAL UNIVERSITY NHS FOUNDATION TRUST,23380694,530.00 ,654921325,6000000167
Department of Health,NHS West Essex CCG,31/08/2018,Hcare Srv Rec Fdtn Trust-Contract Baseline,ACUTE COMMISSIONING,COLCHESTER HOSPITAL UNIVERSITY NHS FOUNDATION TRUST,23380694,"31,878.09 ",654921325,6000000167
Department of Health,NHS West Essex CCG,31/08/2018,Hcare Srv Rec Fdtn Trust-Drugs,ACUTE COMMISSIONING,COLCHESTER HOSPITAL UNIVERSITY NHS FOUNDATION TRUST,23380694,619.00 ,654921325,6000000167
Department of Health,NHS West Essex CCG,31/08/2018,Clinical&Medical-Commercial Sector,ACUTE COMMISSIONING,RIVERS HOSPITAL,23380715,"587,565.00 ",426505170,WECCGAUG2018RIVERS
Department of Health,NHS West Essex CCG,31/08/2018,Hcare Srv Rec NHS Trust-Contract Baseline,AMBULANCE SERVICES,EAST OF ENGLAND AMBULANCE SERVICE NHS TRUST,23380727,"976,566.93 ",,8110241
Department of Health,NHS West Essex CCG,31/08/2018,Hcare Srv Rec NHS Trust,AMBULANCE SERVICES,EAST OF ENGLAND AMBULANCE SERVICE NHS TRUST,23380747,"129,188.00 ",,8110253
Department of Health,NHS West Essex CCG,31/08/2018,Hcare Srv Rec Fdtn Trust-CQUIN,ACUTE COMMISSIONING,UNIVERSITY COLLEGE LONDON HOSPITALS NHS FOUNDATION TRUST,23380752,"3,625.00 ",654948687,SLA3974
Department of Health,NHS West Essex CCG,31/08/2018,Hcare Srv Rec Fdtn Trust-Contract Baseline,ACUTE COMMISSIONING,UNIVERSITY COLLEGE LONDON HOSPITALS NHS FOUNDATION TRUST,23380752,"319,793.00 ",654948687,SLA3974
Department of Health,NHS West Essex CCG,31/08/2018,Clinical&Medical-Independent Sector,ACUTE COMMISSIONING,SPIRE HEALTHCARE LTD,23380766,"32,822.00 ",915970991,07HRODPF181905
Department of Health,NHS West Essex CCG,31/08/2018,Clinical&Medical-Commercial Sector,ACUTE COMMISSIONING,SPRINGFIELD HOSPITAL,23380778,"44,627.19 ",GB-426505170,2300
Department of Health,NHS West Essex CCG,31/08/2018,Hcare Srv Rec Fdtn Trust-CQUIN,ACUTE COMMISSIONING,BASILDON & THURROCK UNIVERSITY HOSPITALS NHS FOUNDATION TRUST,23380787,"1,580.00 ",,0000097161
Department of Health,NHS West Essex CCG,31/08/2018,Hcare Srv Rec Fdtn Trust-Contract Baseline,ACUTE COMMISSIONING,BASILDON & THURROCK UNIVERSITY HOSPITALS NHS FOUNDATION TRUST,23380787,"128,415.00 ",,0000097161
Department of Health,NHS West Essex CCG,31/08/2018,Hcare Srv Rec Fdtn Trust-Devices,ACUTE COMMISSIONING,BASILDON & THURROCK UNIVERSITY HOSPITALS NHS FOUNDATION TRUST,23380787,117.00 ,,0000097161
Department of Health,NHS West Essex CCG,31/08/2018,Hcare Srv Rec Fdtn Trust-Drugs,ACUTE COMMISSIONING,BASILDON & THURROCK UNIVERSITY HOSPITALS NHS FOUNDATION TRUST,23380787,"1,213.00 ",,0000097161
Department of Health,NHS West Essex CCG,31/08/2018,Hcare Srv Rec NHS Trust-CQUIN,ACUTE COMMISSIONING,EAST AND NORTH HERTFORDSHIRE NHS TRUST,23380795,"1,350.00 ",,4155369
Department of Health,NHS West Essex CCG,31/08/2018,Hcare Srv Rec NHS Trust-Contract Baseline,ACUTE COMMISSIONING,EAST AND NORTH HERTFORDSHIRE NHS TRUST,23380795,"112,920.66 ",,4155369
Department of Health,NHS West Essex CCG,31/08/2018,Hcare Srv Rec NHS Trust-CQUIN,ACUTE COMMISSIONING,BARKING HAVERING AND REDBRIDGE HOSPITALS NHS TRUST,23380807,"6,564.00 ",,8451250
Department of Health,NHS West Essex CCG,31/08/2018,Hcare Srv Rec NHS Trust-Contract Baseline,ACUTE COMMISSIONING,BARKING HAVERING AND REDBRIDGE HOSPITALS NHS TRUST,23380807,"706,333.00 ",,8451250
Department of Health,NHS West Essex CCG,31/08/2018,Hcare Srv Rec NHS Trust-Drugs,ACUTE COMMISSIONING,BARKING HAVERING AND REDBRIDGE HOSPITALS NHS TRUST,23380807,"21,073.00 ",,8451250
Department of Health,NHS West Essex CCG,31/08/2018,Hcare Srv Rec NHS Trust-Contract Baseline,ACUTE COMMISSIONING,ROYAL NATIONAL ORTHOPAEDIC HOSPITAL NHS TRUST,23380818,"68,009.00 ",,B0037473
Department of Health,NHS West Essex CCG,31/08/2018,Hcare Srv Rec Fdtn Trust-CQUIN,ACUTE COMMISSIONING,ROYAL PAPWORTH HOSPITAL NHS FOUNDATION TRUST,23380821,"1,335.00 ",,57790666
Department of Health,NHS West Essex CCG,31/08/2018,Hcare Srv Rec Fdtn Trust-Contract Baseline,ACUTE COMMISSIONING,ROYAL PAPWORTH HOSPITAL NHS FOUNDATION TRUST,23380821,"106,831.00 ",,57790666
Department of Health,NHS West Essex CCG,31/08/2018,Hlthcre-Foundation Trsts,MENTAL HEALTH CONTRACTS,ESSEX PARTNERSHIP UNIVERSITY NHS FT,23380838,"30,021.00 ",GB654974100,I0061877
Department of Health,NHS West Essex CCG,31/08/2018,Hcare Srv Rec Fdtn Trust-CQUIN,COMMUNITY SERVICES,ESSEX PARTNERSHIP UNIVERSITY NHS FT,23380840,"31,854.00 ",GB654974100,I0061859
Department of Health,NHS West Essex CCG,31/08/2018,Hcare Srv Rec Fdtn Trust-Contract Baseline,COMMUNITY SERVICES,ESSEX PARTNERSHIP UNIVERSITY NHS FT,23380845,"1,441,479.67 ",GB654974100,I0061883
Department of Health,NHS West Essex CCG,31/08/2018,Hcare Srv Rec Fdtn Trust-Contract Baseline,LEARNING DIFFICULTIES,ESSEX PARTNERSHIP UNIVERSITY NHS FT,23380845,"24,719.00 ",GB654974100,I0061883
Department of Health,NHS West Essex CCG,31/08/2018,Hcare Srv Rec Fdtn Trust-Contract Baseline,Winter Resilience,ESSEX PARTNERSHIP UNIVERSITY NHS FT,23380845,"72,944.00 ",GB654974100,I0061883
Department of Health,NHS West Essex CCG,31/08/2018,Hcare Srv Rec Fdtn Trust-Contract Variation,PROGRAMME PROJECTS,ESSEX PARTNERSHIP UNIVERSITY NHS FT,23380845,"2,446.00 ",GB654974100,I0061883
Department of Health,NHS West Essex CCG,31/08/2018,Hcare Srv Rec Fdtn Trust-Contract Baseline,CHILD AND ADOLESCENT MENTAL HEALTH,ESSEX PARTNERSHIP UNIVERSITY NHS FT,23380847,"11,641.00 ",GB654974100,I0061904
Department of Health,NHS West Essex CCG,31/08/2018,Hcare Srv Rec Fdtn Trust-Contract Baseline,MENTAL HEALTH CONTRACTS,ESSEX PARTNERSHIP UNIVERSITY NHS FT,23380847,"1,623,292.00 ",GB654974100,I0061904
Department of Health,NHS West Essex CCG,31/08/2018,Hcare Srv Rec NHS Trust-CQUIN,ACUTE COMMISSIONING,MID ESSEX HOSPITALS SERVICES NHS TRUST,23380860,"28,042.00 ",,2000107455
Department of Health,NHS West Essex CCG,31/08/2018,Hcare Srv Rec NHS Trust-Contract Baseline,ACUTE COMMISSIONING,MID ESSEX HOSPITALS SERVICES NHS TRUST,23380860,"1,131,340.00 ",,2000107455
Department of Health,NHS West Essex CCG,31/08/2018,Hcare Srv Rec NHS Trust-Devices,ACUTE COMMISSIONING,MID ESSEX HOSPITALS SERVICES NHS TRUST,23380860,100.00 ,,2000107455
Department of Health,NHS West Essex CCG,31/08/2018,Hcare Srv Rec Fdtn Trust-CQUIN,CHILD AND ADOLESCENT MENTAL HEALTH,NORTH EAST LONDON NHS FOUNDATION TRUST,23380862,"6,438.00 ",654404447,0000050544
Department of Health,NHS West Essex CCG,31/08/2018,Hcare Srv Rec Fdtn Trust-Contract Baseline,CHILD AND ADOLESCENT MENTAL HEALTH,NORTH EAST LONDON NHS FOUNDATION TRUST,23380862,"197,613.00 ",654404447,0000050544
Department of Health,NHS West Essex CCG,31/08/2018,Hcare Srv Rec Fdtn Trust-Contract Variation,MENTAL HEALTH SERVICES - OTHER,NORTH EAST LONDON NHS FOUNDATION TRUST,23380862,"53,181.00 ",654404447,0000050544
Department of Health,NHS West Essex CCG,31/08/2018,Cont Care-Mental Health (65+),CHC ADULT FULLY FUNDED,BARCHESTER HEALTHCARE LTD,23389139,"39,900.00 ",2792285,097014157
Department of Health,NHS West Essex CCG,31/08/2018,C&M-PMS Contract Value,PRC DELEGATED CO-COMMISSIONING,DR HU KHAN & PARTNERS,23391352,"78,091.52 ",,EX000074167
Department of Health,NHS West Essex CCG,31/08/2018,C&M-PMS List Size Adjustment,PRC DELEGATED CO-COMMISSIONING,DR HU KHAN & PARTNERS,23391352,551.31 ,,EX000074167
Department of Health,NHS West Essex CCG,31/08/2018,C&M-PMS Out of Hours Opt Outs,PRC DELEGATED CO-COMMISSIONING,DR HU KHAN & PARTNERS,23391352,19.26 ,,EX000074167
Department of Health,NHS West Essex CCG,31/08/2018,C&M-PMS Prem Notional Rent,PRC DELEGATED CO-COMMISSIONING,DR HU KHAN & PARTNERS,23391352,"7,950.00 ",,EX000074167
Department of Health,NHS West Essex CCG,31/08/2018,C&M-PMS QOF Aspiration,PRC DELEGATED CO-COMMISSIONING,DR HU KHAN & PARTNERS,23391352,"6,976.83 ",,EX000074167
Department of Health,NHS West Essex CCG,31/08/2018,C&M-APMS Contract Value,PRC DELEGATED CO-COMMISSIONING,SLADE W R & PARTNERS,23391354,"26,162.42 ",,EX000074169
Department of Health,NHS West Essex CCG,31/08/2018,C&M-APMS Other Baseline Adjustment,PRC DELEGATED CO-COMMISSIONING,SLADE W R & PARTNERS,23391354,"2,643.96 ",,EX000074169
Department of Health,NHS West Essex CCG,31/08/2018,C&M-APMS Prem Actual Rent,PRC DELEGATED CO-COMMISSIONING,SLADE W R & PARTNERS,23391354,"5,499.99 ",,EX000074169
Department of Health,NHS West Essex CCG,31/08/2018,C&M-APMS QOF Aspiration,PRC DELEGATED CO-COMMISSIONING,SLADE W R & PARTNERS,23391354,"1,241.92 ",,EX000074169
Department of Health,NHS West Essex CCG,31/08/2018,C&M-PMS Contract Value,PRC DELEGATED CO-COMMISSIONING,SYDENHAM HOUSE SURGERY,23391356,"21,589.30 ",,EX000074171
Department of Health,NHS West Essex CCG,31/08/2018,C&M-PMS Funding Differential Review,PRC DELEGATED CO-COMMISSIONING,SYDENHAM HOUSE SURGERY,23391356,937.67 ,,EX000074171
Department of Health,NHS West Essex CCG,31/08/2018,C&M-PMS List Size Adjustment,PRC DELEGATED CO-COMMISSIONING,SYDENHAM HOUSE SURGERY,23391356,"5,181.95 ",,EX000074171
Department of Health,NHS West Essex CCG,31/08/2018,C&M-PMS Prem Actual Rent,PRC DELEGATED CO-COMMISSIONING,SYDENHAM HOUSE SURGERY,23391356,"5,280.00 ",,EX000074171
Department of Health,NHS West Essex CCG,31/08/2018,C&M-PMS QOF Aspiration,PRC DELEGATED CO-COMMISSIONING,SYDENHAM HOUSE SURGERY,23391356,"1,979.81 ",,EX000074171
Department of Health,NHS West Essex CCG,31/08/2018,Cont Care-Learning Disab(<65),CHC AD FULL FUND PERS HLTH BUD,PURPLE CONVERSATION CIC,23405422,"26,184.30 ",,15744
Department of Health,NHS West Essex CCG,31/08/2018,Clinical&Medical-Clinical Other,COMMISSIONING - NON ACUTE,MARIE STOPES INTERNATIONAL,23432361,"40,655.00 ",882426016,MS181235
Department of Health,NHS West Essex CCG,31/08/2018,Hcare Srv Rec Fdtn Trust-CQUIN,IMPROVING ACCESS TO PSYCHOLOGICAL THERAPIES,HERTFORDSHIRE PARTNERSHIP NHS FOUNDATION TRUST,23432362,"1,821.00 ",654950120,P0001071
Department of Health,NHS West Essex CCG,31/08/2018,Hcare Srv Rec Fdtn Trust-Contract Baseline,IMPROVING ACCESS TO PSYCHOLOGICAL THERAPIES,HERTFORDSHIRE PARTNERSHIP NHS FOUNDATION TRUST,23432362,"145,728.33 ",654950120,P0001071
Department of Health,NHS West Essex CCG,31/08/2018,Clinical&Medical-Voluntary Sector,DEMENTIA,AGE UK ESSEX LTD,23432364,"34,490.75 ",,AUE181910
Department of Health,NHS West Essex CCG,31/08/2018,Clinical&Medical-Commercial Sector,WINTER PRESSURES,STELLAR HEALTHCARE,23432420,"42,011.49 ",,1198
Department of Health,NHS West Essex CCG,31/08/2018,Cont Care-Physical Disab (<65),CHC AD FULL FUND PERS HLTH BUD,PURPLE CONVERSATION CIC,23445043,"28,871.70 ",,15746
Department of Health,NHS West Essex CCG,31/08/2018,Apprenticeship Levy Payable,BALANCE SHEET,HMRC,23455712,"1,467.00 ",,120PB005657401904
Department of Health,NHS West Essex CCG,31/08/2018,Income tax <1Yr,BALANCE SHEET,HMRC,23455712,"89,302.20 ",,120PB005657401904
Department of Health,NHS West Essex CCG,31/08/2018,Income tax <1Yr-Student Loans,BALANCE SHEET,HMRC,23455712,"1,713.00 ",,120PB005657401904
Department of Health,NHS West Essex CCG,31/08/2018,National Insurance < 1 yr-NI- ERS,BALANCE SHEET,HMRC,23455712,"59,008.28 ",,120PB005657401904
Department of Health,NHS West Essex CCG,31/08/2018,National Insurance < 1 yr-NI-EES,BALANCE SHEET,HMRC,23455712,"40,330.06 ",,120PB005657401904
Department of Health,NHS West Essex CCG,31/08/2018,Statutory Mat Pay < 1 yr,BALANCE SHEET,HMRC,23455712,(534.28),,120PB005657401904
Department of Health,NHS West Essex CCG,31/08/2018,Cont Care-Mental Health (65+),CHC ADULT FULLY FUNDED,BARCHESTER HEALTHCARE LTD,23465876,"41,693.75 ",2792285,035037709
Department of Health,NHS West Essex CCG,31/08/2018,Cont Care-Mental Health (65+),CHC ADULT FULLY FUNDED,BARCHESTER HEALTHCARE LTD,23466054,"(41,475.00)",2792285,035037796
Department of Health,NHS West Essex CCG,31/08/2018,Clinical&Medical-Commercial Sector,OUT OF HOURS,PARTNERSHIP OF EAST LONDON CO-OPERATIVES LTD,23466148,"151,952.41 ",,0000002810
Department of Health,NHS West Essex CCG,31/08/2018,Hcare Srv Rec Fdtn Trust-Prior Year,ACUTE COMMISSIONING,UNIVERSITY COLLEGE LONDON HOSPITALS NHS FOUNDATION TRUST,23483643,"(76,726.00)",654948687,PERAC1240
Department of Health,NHS West Essex CCG,31/08/2018,Basic Sal-Rechgs to-from Other NHS,COLLABORATIVE COMMISSIONING,NHS EAST AND NORTH HERTFORDSHIRE CCG,23483668,"27,005.28 ",,7020901923
Department of Health,NHS West Essex CCG,31/08/2018,Clinical&Medical-Independent Sector,ACUTE COMMISSIONING,NUFFIELD HEALTH,23483854,"35,506.65 ",564291137,WE1120818
Department of Health,NHS West Essex CCG,31/08/2018,Miscellaneous Expenditure (L9),PROGRAMME PROJECTS,LIMES MEDICAL CENTRE,23483914,"38,595.00 ",,WECCG0300718
Department of Health,NHS West Essex CCG,31/08/2018,Miscellaneous Expenditure (L9),PROGRAMME PROJECTS,ONGAR HEALTH CENTRE,23485983,"28,231.50 ",879120993,YPER1815
Department of Health,NHS West Essex CCG,31/08/2018,Clinical&Medical-Othe Public Sector,COMMUNITY SERVICES,ESSEX COUNTY COUNCIL,23503710,"1,618,503.21 ",104252813,1010861716
Department of Health,NHS West Essex CCG,31/08/2018,Clinical&Medical-Clinical Other,COMMISSIONING - NON ACUTE,MARIE STOPES INTERNATIONAL,23505998,"37,584.00 ",882426016,MS181096
Department of Health,NHS West Essex CCG,31/08/2018,Services From Local Authorities,BUSINESS INFORMATICS,ESSEX COUNTY COUNCIL,23506011,"93,502.80 ",104252813,1010853747
Department of Health,NHS West Essex CCG,31/08/2018,Clinical&Medical-Independent Sector,LEARNING DIFFICULTIES,CYGNET LEARNING DISABILITIES LTD,23539117,"28,458.00 ",GB248 2803 96,TIH0058780
Department of Health,NHS West Essex CCG,31/08/2018,External Consultancy Fees,PRIMARY CARE INVESTMENTS,ST VINCENTS HEALTH & PUBLIC SECTOR CONSULTING LTD,23540237,"120,447.00 ",751356436,1141
Department of Health,NHS West Essex CCG,31/08/2018,Hcare Srv Rec NHS Trust-Prior Year,ACUTE COMMISSIONING,NORTH MIDDLESEX UNIVERSITY HOSPITAL NHS TRUST,23565325,"40,543.00 ",,050331
Department of Health,NHS West Essex CCG,31/08/2018,Hcare Srv Rec NHS Trust-Over/ Under Performance,ACUTE COMMISSIONING,NORTH MIDDLESEX UNIVERSITY HOSPITAL NHS TRUST,23565374,"36,297.00 ",,050982
Department of Health,NHS West Essex CCG,31/08/2018,Hcare Srv Rec Fdtn Trust-Over/ Under Performance,ACUTE COMMISSIONING,ROYAL FREE LONDON NHS FOUNDATION TRUST,23565388,"(50,331.00)",654946987,C0019631
Department of Health,NHS West Essex CCG,31/08/2018,Clinical&Medical-Independent Sector - Over/ Under Performance,ACUTE COMMISSIONING,HOLLY HOUSE HOSPITAL,23565668,"(29,841.84)",,07H0618C
Department of Health,NHS West Essex CCG,31/08/2018,Hcare Srv Rec NHS Trust-Over/ Under Performance,ACUTE COMMISSIONING,NORTH MIDDLESEX UNIVERSITY HOSPITAL NHS TRUST,23565754,"76,752.00 ",,051428
Department of Health,NHS West Essex CCG,31/08/2018,Clinical&Medical-Clinical Other,COMMISSIONING - NON ACUTE,MARIE STOPES INTERNATIONAL,23565763,"37,708.00 ",882426016,MS181567
Department of Health,NHS West Essex CCG,31/08/2018,Cont Care-Funded Nursing Care Allow,FUNDED NURSING CARE,SHERRELL HEALTHCARE LTD,23565794,"30,921.40 ",,SH318F
Department of Health,NHS West Essex CCG,31/08/2018,Hcare Srv Rec Fdtn Trust-Over/ Under Performance,ACUTE COMMISSIONING,BASILDON & THURROCK UNIVERSITY HOSPITALS NHS FOUNDATION TRUST,23590012,"465,650.00 ",,0000094046
Department of Health,NHS West Essex CCG,31/08/2018,Hcare Srv Rec Fdtn Trust-Over/ Under Performance,ACUTE COMMISSIONING,BASILDON & THURROCK UNIVERSITY HOSPITALS NHS FOUNDATION TRUST,23590127,"(465,650.00)",,0000008179
Department of Health,NHS West Essex CCG,31/08/2018,Hcare Srv Rec Fdtn Trust-Prior Year,ACUTE COMMISSIONING,BASILDON & THURROCK UNIVERSITY HOSPITALS NHS FOUNDATION TRUST,23590128,"202,051.16 ",,0000097462
Department of Health,NHS West Essex CCG,31/08/2018,Clinical&Medical-Independent Sector,LEARNING DIFFICULTIES,CYGNET LEARNING DISABILITIES LTD,23594077,"27,540.00 ",GB248 2803 96,TIH0054195
Department of Health,NHS West Essex CCG,31/08/2018,Charges from CSU,END OF LIFE,NHS ARDEN AND GEM CSU,23594097,"36,589.00 ",GB526164259,7312611332
Department of Health,NHS West Essex CCG,31/08/2018,Hcare Srv Rec NHS Trust-CQUIN,ACUTE COMMISSIONING,PRINCESS ALEXANDRA HOSPITAL NHS TRUST,23594143,"180,992.00 ",654964985,BL180618
Department of Health,NHS West Essex CCG,31/08/2018,Hcare Srv Rec NHS Trust-Contract Baseline,ACUTE COMMISSIONING,PRINCESS ALEXANDRA HOSPITAL NHS TRUST,23594143,"9,049,182.13 ",654964985,BL180618
Department of Health,NHS West Essex CCG,31/08/2018,Hcare Srv Rec NHS Trust-Devices,ACUTE COMMISSIONING,PRINCESS ALEXANDRA HOSPITAL NHS TRUST,23594143,"3,988.00 ",654964985,BL180618
Department of Health,NHS West Essex CCG,31/08/2018,Hcare Srv Rec NHS Trust-Drugs,ACUTE COMMISSIONING,PRINCESS ALEXANDRA HOSPITAL NHS TRUST,23594143,"310,340.00 ",654964985,BL180618
Department of Health,NHS West Essex CCG,31/08/2018,C&M-GMS Cost of Drugs -Dispensing,LOCAL ENHANCED SERVICES,EDEN SURGERIES HATFIELD HEATH,23628074,"(65,551.16)",,EX000074801
Department of Health,NHS West Essex CCG,31/08/2018,C&M-GMS PrscChrgsCll&RmttdbyGPCntra,PRC DELEGATED CO-COMMISSIONING,EDEN SURGERIES HATFIELD HEATH,23628074,"(5,737.40)",,EX000074801
Department of Health,NHS West Essex CCG,31/08/2018,C&M-GMS Cost of Drugs -Dispensing,LOCAL ENHANCED SERVICES,EDEN SURGERIES HATFIELD HEATH,23628075,"120,321.86 ",,EX000074802
Department of Health,NHS West Essex CCG,31/08/2018,C&M-GMS Prof Fees Dispensing,PRC DELEGATED CO-COMMISSIONING,EDEN SURGERIES HATFIELD HEATH,23628075,"23,545.30 ",,EX000074802
Department of Health,NHS West Essex CCG,31/08/2018,C&M-GMS PrscrptnChrgsColl&RmttdbyGP,LOCAL ENHANCED SERVICES,EDEN SURGERIES HATFIELD HEATH,23628075,"5,737.40 ",,EX000074802
Department of Health,NHS West Essex CCG,31/08/2018,C&M-GMS Cost of Drugs -Dispensing,LOCAL ENHANCED SERVICES,GOLD STREET SURGERY,23628077,"40,047.43 ",876657169,EX000074804
Department of Health,NHS West Essex CCG,31/08/2018,C&M-GMS Prof Fees Dispensing,PRC DELEGATED CO-COMMISSIONING,GOLD STREET SURGERY,23628077,"6,441.97 ",876657169,EX000074804
Department of Health,NHS West Essex CCG,31/08/2018,C&M-GMS PrscrptnChrgsColl&RmttdbyGP,LOCAL ENHANCED SERVICES,GOLD STREET SURGERY,23628077,"1,249.60 ",876657169,EX000074804
Department of Health,NHS West Essex CCG,31/08/2018,C&M-GMS Cost of Drugs -Dispensing,LOCAL ENHANCED SERVICES,LINN P,23628078,"(42,164.32)",884041619,EX000074805
Department of Health,NHS West Essex CCG,31/08/2018,C&M-GMS PrscChrgsCll&RmttdbyGPCntra,PRC DELEGATED CO-COMMISSIONING,LINN P,23628078,"(2,059.20)",884041619,EX000074805
Department of Health,NHS West Essex CCG,31/08/2018,C&M-GMS Cost of Drugs -Dispensing,LOCAL ENHANCED SERVICES,LINN P,23628079,"79,197.52 ",884041619,EX000074806
Department of Health,NHS West Essex CCG,31/08/2018,C&M-GMS Prof Fees Dispensing,PRC DELEGATED CO-COMMISSIONING,LINN P,23628079,"13,074.75 ",884041619,EX000074806
Department of Health,NHS West Essex CCG,31/08/2018,C&M-GMS PrscrptnChrgsColl&RmttdbyGP,LOCAL ENHANCED SERVICES,LINN P,23628079,"2,059.20 ",884041619,EX000074806
Department of Health,NHS West Essex CCG,31/08/2018,C&M-GMS Cost of Drugs -Dispensing,LOCAL ENHANCED SERVICES,LORT E A & PARTNERS,23628080,"(39,903.98)",879115003,EX000074807
Department of Health,NHS West Essex CCG,31/08/2018,C&M-GMS PrscChrgsCll&RmttdbyGPCntra,PRC DELEGATED CO-COMMISSIONING,LORT E A & PARTNERS,23628080,"(3,264.80)",879115003,EX000074807
Department of Health,NHS West Essex CCG,31/08/2018,C&M-GMS Cost of Drugs -Dispensing,LOCAL ENHANCED SERVICES,LORT E A & PARTNERS,23628081,"83,685.55 ",879115003,EX000074808
Department of Health,NHS West Essex CCG,31/08/2018,C&M-GMS Prof Fees Dispensing,PRC DELEGATED CO-COMMISSIONING,LORT E A & PARTNERS,23628081,"14,411.08 ",879115003,EX000074808
Department of Health,NHS West Essex CCG,31/08/2018,C&M-GMS PrscrptnChrgsColl&RmttdbyGP,LOCAL ENHANCED SERVICES,LORT E A & PARTNERS,23628081,"3,264.80 ",879115003,EX000074808
Department of Health,NHS West Essex CCG,31/08/2018,C&M-GMS Cost of Drugs -Dispensing,LOCAL ENHANCED SERVICES,RAYNER J M & PARTNERS,23628082,"(30,323.26)",,EX000074809
Department of Health,NHS West Essex CCG,31/08/2018,C&M-GMS PrscChrgsCll&RmttdbyGPCntra,PRC DELEGATED CO-COMMISSIONING,RAYNER J M & PARTNERS,23628082,"(4,884.00)",,EX000074809
Department of Health,NHS West Essex CCG,31/08/2018,C&M-GMS Cost of Drugs -Dispensing,LOCAL ENHANCED SERVICES,RAYNER J M & PARTNERS,23628083,"59,033.96 ",,EX000074810
Department of Health,NHS West Essex CCG,31/08/2018,C&M-GMS Prof Fees Dispensing,PRC DELEGATED CO-COMMISSIONING,RAYNER J M & PARTNERS,23628083,"13,179.14 ",,EX000074810
Department of Health,NHS West Essex CCG,31/08/2018,C&M-GMS PrscrptnChrgsColl&RmttdbyGP,LOCAL ENHANCED SERVICES,RAYNER J M & PARTNERS,23628083,"4,884.00 ",,EX000074810
Department of Health,NHS West Essex CCG,31/08/2018,C&M-GMS Cost of Drugs -Dispensing,LOCAL ENHANCED SERVICES,SILLS P R & PARTNER,23628086,"(24,735.48)",,EX000074813
Department of Health,NHS West Essex CCG,31/08/2018,C&M-GMS PrscChrgsCll&RmttdbyGPCntra,PRC DELEGATED CO-COMMISSIONING,SILLS P R & PARTNER,23628086,"(2,367.20)",,EX000074813
Department of Health,NHS West Essex CCG,31/08/2018,C&M-GMS Cost of Drugs -Dispensing,LOCAL ENHANCED SERVICES,SILLS P R & PARTNER,23628087,"55,235.96 ",,EX000074814
Department of Health,NHS West Essex CCG,31/08/2018,C&M-GMS Prof Fees Dispensing,PRC DELEGATED CO-COMMISSIONING,SILLS P R & PARTNER,23628087,"8,080.96 ",,EX000074814
Department of Health,NHS West Essex CCG,31/08/2018,C&M-GMS PrscrptnChrgsColl&RmttdbyGP,LOCAL ENHANCED SERVICES,SILLS P R & PARTNER,23628087,"2,367.20 ",,EX000074814
Department of Health,NHS West Essex CCG,31/08/2018,C&M-GMS Cost of Drugs -Dispensing,LOCAL ENHANCED SERVICES,TAYLER M J & PARTNERS,23628088,"(50,236.86)",,EX000074815
Department of Health,NHS West Essex CCG,31/08/2018,C&M-GMS PrscChrgsCll&RmttdbyGPCntra,PRC DELEGATED CO-COMMISSIONING,TAYLER M J & PARTNERS,23628088,"(4,180.00)",,EX000074815
Department of Health,NHS West Essex CCG,31/08/2018,C&M-GMS Cost of Drugs -Dispensing,LOCAL ENHANCED SERVICES,TAYLER M J & PARTNERS,23628089,"84,985.11 ",,EX000074816
Department of Health,NHS West Essex CCG,31/08/2018,C&M-GMS Prof Fees Dispensing,PRC DELEGATED CO-COMMISSIONING,TAYLER M J & PARTNERS,23628089,"18,609.54 ",,EX000074816
Department of Health,NHS West Essex CCG,31/08/2018,C&M-GMS PrscrptnChrgsColl&RmttdbyGP,LOCAL ENHANCED SERVICES,TAYLER M J & PARTNERS,23628089,"4,180.00 ",,EX000074816
Department of Health,NHS West Essex CCG,31/08/2018,C&M-GMS Cost of Drugs -Dispensing,LOCAL ENHANCED SERVICES,VERNON J G & PARTNERS,23628090,"(55,188.40)",,EX000074817
Department of Health,NHS West Essex CCG,31/08/2018,C&M-GMS PrscChrgsCll&RmttdbyGPCntra,PRC DELEGATED CO-COMMISSIONING,VERNON J G & PARTNERS,23628090,"(3,238.40)",,EX000074817
Department of Health,NHS West Essex CCG,31/08/2018,C&M-GMS Cost of Drugs -Dispensing,LOCAL ENHANCED SERVICES,VERNON J G & PARTNERS,23628091,"108,835.95 ",,EX000074818
Department of Health,NHS West Essex CCG,31/08/2018,C&M-GMS Prof Fees Dispensing,PRC DELEGATED CO-COMMISSIONING,VERNON J G & PARTNERS,23628091,"18,936.89 ",,EX000074818
Department of Health,NHS West Essex CCG,31/08/2018,C&M-GMS PrscrptnChrgsColl&RmttdbyGP,LOCAL ENHANCED SERVICES,VERNON J G & PARTNERS,23628091,"3,238.40 ",,EX000074818
Department of Health,NHS West Essex CCG,31/08/2018,C&M-GMS Cost of Drugs -Dispensing,LOCAL ENHANCED SERVICES,ONGAR HEALTH CENTRE,23628092,"(38,934.40)",879120993,EX000074819
Department of Health,NHS West Essex CCG,31/08/2018,C&M-GMS PrscChrgsCll&RmttdbyGPCntra,PRC DELEGATED CO-COMMISSIONING,ONGAR HEALTH CENTRE,23628092,"(2,692.80)",879120993,EX000074819
Department of Health,NHS West Essex CCG,31/08/2018,C&M-GMS Cost of Drugs -Dispensing,LOCAL ENHANCED SERVICES,ONGAR HEALTH CENTRE,23628093,"83,868.67 ",879120993,EX000074820
Department of Health,NHS West Essex CCG,31/08/2018,C&M-GMS Prof Fees Dispensing,PRC DELEGATED CO-COMMISSIONING,ONGAR HEALTH CENTRE,23628093,"13,630.99 ",879120993,EX000074820
Department of Health,NHS West Essex CCG,31/08/2018,C&M-GMS PrscrptnChrgsColl&RmttdbyGP,LOCAL ENHANCED SERVICES,ONGAR HEALTH CENTRE,23628093,"2,692.80 ",879120993,EX000074820
Department of Health,NHS West Essex CCG,31/08/2018,Cont Care PUPoCs (Non Closedown),CHC ADULT FULLY FUNDED,ESSEX COUNTY COUNCIL,23637865,"142,338.96 ",104252813,1010861340
Department of Health,NHS West Essex CCG,31/08/2018,Clinical&Medical-Commercial Sector,COMMISSIONING SCHEMES,UTTLESFORD HEALTH LTD,23637873,"32,990.00 ",,INV0148
Department of Health,NHS West Essex CCG,31/08/2018,Clinical&Medical-Independent Sector,ACUTE COMMISSIONING,HOLLY HOUSE HOSPITAL,23637885,"224,231.00 ",,CABWEPT112TH092018
Department of Health,NHS West Essex CCG,31/08/2018,Hcare Srv Rec Fdtn Trust-CQUIN,ACUTE COMMISSIONING,CAMBRIDGE UNIVERSITY HOSPITALS NHS FOUNDATION TRUST,23637891,"23,553.00 ",,70022067
Department of Health,NHS West Essex CCG,31/08/2018,Hcare Srv Rec Fdtn Trust-Contract Baseline,ACUTE COMMISSIONING,CAMBRIDGE UNIVERSITY HOSPITALS NHS FOUNDATION TRUST,23637891,"1,885,561.67 ",,70022067
Department of Health,NHS West Essex CCG,31/08/2018,Hcare Srv Rec Fdtn Trust-Devices,ACUTE COMMISSIONING,CAMBRIDGE UNIVERSITY HOSPITALS NHS FOUNDATION TRUST,23637891,"27,528.00 ",,70022067
Department of Health,NHS West Essex CCG,31/08/2018,Hcare Srv Rec Fdtn Trust-Drugs,ACUTE COMMISSIONING,CAMBRIDGE UNIVERSITY HOSPITALS NHS FOUNDATION TRUST,23637891,"79,795.00 ",,70022067
Department of Health,NHS West Essex CCG,31/08/2018,C&M-GMS Global Sum,PRC DELEGATED CO-COMMISSIONING,DR RM PRADHAN,23658205,"50,797.40 ",,EX000074358
Department of Health,NHS West Essex CCG,31/08/2018,C&M-GMS Other FDR Payment,PRC DELEGATED CO-COMMISSIONING,DR RM PRADHAN,23658205,"2,485.99 ",,EX000074358
Department of Health,NHS West Essex CCG,31/08/2018,C&M-GMS PCO Other,PRC DELEGATED CO-COMMISSIONING,DR RM PRADHAN,23658205,"4,526.00 ",,EX000074358
Department of Health,NHS West Essex CCG,31/08/2018,C&M-GMS Prem Notional Rent,PRC DELEGATED CO-COMMISSIONING,DR RM PRADHAN,23658205,"4,331.67 ",,EX000074358
Department of Health,NHS West Essex CCG,31/08/2018,C&M-GMS Prem Rates,PRC DELEGATED CO-COMMISSIONING,DR RM PRADHAN,23658205,"15,958.16 ",,EX000074358
Department of Health,NHS West Essex CCG,31/08/2018,C&M-GMS QOF Aspiration,PRC DELEGATED CO-COMMISSIONING,DR RM PRADHAN,23658205,"4,364.44 ",,EX000074358
Department of Health,NHS West Essex CCG,31/08/2018,C&M-GMS Global Sum,PRC DELEGATED CO-COMMISSIONING,BELLINGHAM J M & PARTNERS,23659103,"68,747.71 ",,EX000074306
Department of Health,NHS West Essex CCG,31/08/2018,C&M-GMS Other FDR Payment,PRC DELEGATED CO-COMMISSIONING,BELLINGHAM J M & PARTNERS,23659103,"2,400.96 ",,EX000074306
Department of Health,NHS West Essex CCG,31/08/2018,C&M-GMS PCO Other,PRC DELEGATED CO-COMMISSIONING,BELLINGHAM J M & PARTNERS,23659103,"6,160.00 ",,EX000074306
Department of Health,NHS West Essex CCG,31/08/2018,C&M-GMS Prem Actual Rent,PRC DELEGATED CO-COMMISSIONING,BELLINGHAM J M & PARTNERS,23659103,"9,200.00 ",,EX000074306
Department of Health,NHS West Essex CCG,31/08/2018,C&M-GMS QOF Aspiration,PRC DELEGATED CO-COMMISSIONING,BELLINGHAM J M & PARTNERS,23659103,"7,509.47 ",,EX000074306
Department of Health,NHS West Essex CCG,31/08/2018,C&M-GMS Global Sum,PRC DELEGATED CO-COMMISSIONING,ASHFORD A L & PARTNERS,23659105,"149,931.95 ",,EX000074308
Department of Health,NHS West Essex CCG,31/08/2018,C&M-GMS Other FDR Payment,PRC DELEGATED CO-COMMISSIONING,ASHFORD A L & PARTNERS,23659105,"4,871.86 ",,EX000074308
Department of Health,NHS West Essex CCG,31/08/2018,C&M-GMS Prem Actual Rent,PRC DELEGATED CO-COMMISSIONING,ASHFORD A L & PARTNERS,23659105,"10,166.66 ",,EX000074308
Department of Health,NHS West Essex CCG,31/08/2018,C&M-GMS Prem Other,PRC DELEGATED CO-COMMISSIONING,ASHFORD A L & PARTNERS,23659105,26.83 ,,EX000074308
Department of Health,NHS West Essex CCG,31/08/2018,C&M-GMS QOF Aspiration,PRC DELEGATED CO-COMMISSIONING,ASHFORD A L & PARTNERS,23659105,"14,478.45 ",,EX000074308
Department of Health,NHS West Essex CCG,31/08/2018,C&M-GMS Global Sum,PRC DELEGATED CO-COMMISSIONING,CHUKWU A C & PARTNERS,23659107,"77,153.68 ",,EX000074310
Department of Health,NHS West Essex CCG,31/08/2018,C&M-GMS Other FDR Payment,PRC DELEGATED CO-COMMISSIONING,CHUKWU A C & PARTNERS,23659107,"2,124.76 ",,EX000074310
Department of Health,NHS West Essex CCG,31/08/2018,C&M-GMS Prem Actual Rent,PRC DELEGATED CO-COMMISSIONING,CHUKWU A C & PARTNERS,23659107,"9,490.00 ",,EX000074310
Department of Health,NHS West Essex CCG,31/08/2018,C&M-GMS QOF Aspiration,PRC DELEGATED CO-COMMISSIONING,CHUKWU A C & PARTNERS,23659107,"9,080.66 ",,EX000074310
Department of Health,NHS West Essex CCG,31/08/2018,C&M-GMS Global Sum,PRC DELEGATED CO-COMMISSIONING,COLVIN D A,23659109,"31,262.33 ",,EX000074312
Department of Health,NHS West Essex CCG,31/08/2018,C&M-GMS Prem Actual Rent,PRC DELEGATED CO-COMMISSIONING,COLVIN D A,23659109,"2,625.00 ",,EX000074312
Department of Health,NHS West Essex CCG,31/08/2018,C&M-GMS QOF Aspiration,PRC DELEGATED CO-COMMISSIONING,COLVIN D A,23659109,"2,778.58 ",,EX000074312
Department of Health,NHS West Essex CCG,31/08/2018,C&M-GMS Global Sum,PRC DELEGATED CO-COMMISSIONING,CROKER N M & PARTNERS,23659111,"59,586.57 ",,EX000074314
Department of Health,NHS West Essex CCG,31/08/2018,C&M-GMS Prem Notional Rent,PRC DELEGATED CO-COMMISSIONING,CROKER N M & PARTNERS,23659111,"3,657.50 ",,EX000074314
Department of Health,NHS West Essex CCG,31/08/2018,C&M-GMS QOF Aspiration,PRC DELEGATED CO-COMMISSIONING,CROKER N M & PARTNERS,23659111,"6,163.61 ",,EX000074314
Department of Health,NHS West Essex CCG,31/08/2018,C&M-GMS Global Sum,PRC DELEGATED CO-COMMISSIONING,DHAWAN N & PARTNERS,23659113,"103,164.48 ",,EX000074316
Department of Health,NHS West Essex CCG,31/08/2018,C&M-GMS Other FDR Payment,PRC DELEGATED CO-COMMISSIONING,DHAWAN N & PARTNERS,23659113,"1,819.01 ",,EX000074316
Department of Health,NHS West Essex CCG,31/08/2018,C&M-GMS QOF Aspiration,PRC DELEGATED CO-COMMISSIONING,DHAWAN N & PARTNERS,23659113,"8,716.72 ",,EX000074316
Department of Health,NHS West Essex CCG,31/08/2018,C&M-GMS Global Sum,PRC DELEGATED CO-COMMISSIONING,DR ANTHONY & PARTNERS,23659115,"64,469.05 ",,EX000074318
Department of Health,NHS West Essex CCG,31/08/2018,C&M-GMS Other FDR Payment,PRC DELEGATED CO-COMMISSIONING,DR ANTHONY & PARTNERS,23659115,"3,316.32 ",,EX000074318
Department of Health,NHS West Essex CCG,31/08/2018,C&M-GMS Prem Notional Rent,PRC DELEGATED CO-COMMISSIONING,DR ANTHONY & PARTNERS,23659115,"8,200.00 ",,EX000074318
Department of Health,NHS West Essex CCG,31/08/2018,C&M-GMS QOF Aspiration,PRC DELEGATED CO-COMMISSIONING,DR ANTHONY & PARTNERS,23659115,"6,663.22 ",,EX000074318
Department of Health,NHS West Essex CCG,31/08/2018,C&M-GMS Global Sum,PRC DELEGATED CO-COMMISSIONING,EDEN SURGERIES HATFIELD HEATH,23659117,"69,886.25 ",,EX000074320
Department of Health,NHS West Essex CCG,31/08/2018,C&M-GMS MPIG Correction Factor,PRC DELEGATED CO-COMMISSIONING,EDEN SURGERIES HATFIELD HEATH,23659117,"1,355.60 ",,EX000074320
Department of Health,NHS West Essex CCG,31/08/2018,C&M-GMS Prem Notional Rent,PRC DELEGATED CO-COMMISSIONING,EDEN SURGERIES HATFIELD HEATH,23659117,"7,566.67 ",,EX000074320
Department of Health,NHS West Essex CCG,31/08/2018,C&M-GMS QOF Aspiration,PRC DELEGATED CO-COMMISSIONING,EDEN SURGERIES HATFIELD HEATH,23659117,"6,741.43 ",,EX000074320
Department of Health,NHS West Essex CCG,31/08/2018,C&M-GMS Global Sum,PRC DELEGATED CO-COMMISSIONING,GOLD STREET SURGERY,23659119,"69,370.69 ",876657169,EX000074322
Department of Health,NHS West Essex CCG,31/08/2018,C&M-GMS MPIG Correction Factor,PRC DELEGATED CO-COMMISSIONING,GOLD STREET SURGERY,23659119,"1,438.05 ",876657169,EX000074322
Department of Health,NHS West Essex CCG,31/08/2018,C&M-GMS Other FDR Payment,PRC DELEGATED CO-COMMISSIONING,GOLD STREET SURGERY,23659119,464.12 ,876657169,EX000074322
Department of Health,NHS West Essex CCG,31/08/2018,C&M-GMS Prem Notional Rent,PRC DELEGATED CO-COMMISSIONING,GOLD STREET SURGERY,23659119,"8,312.50 ",876657169,EX000074322
Department of Health,NHS West Essex CCG,31/08/2018,C&M-GMS QOF Aspiration,PRC DELEGATED CO-COMMISSIONING,GOLD STREET SURGERY,23659119,"7,436.64 ",876657169,EX000074322
Department of Health,NHS West Essex CCG,31/08/2018,C&M-GMS Global Sum,PRC DELEGATED CO-COMMISSIONING,HASAN A & PARTNER,23659121,"69,375.22 ",,EX000074324
Department of Health,NHS West Essex CCG,31/08/2018,C&M-GMS MPIG Correction Factor,PRC DELEGATED CO-COMMISSIONING,HASAN A & PARTNER,23659121,136.64 ,,EX000074324
Department of Health,NHS West Essex CCG,31/08/2018,C&M-GMS Prem Notional Rent,PRC DELEGATED CO-COMMISSIONING,HASAN A & PARTNER,23659121,"5,358.87 ",,EX000074324
Department of Health,NHS West Essex CCG,31/08/2018,C&M-GMS Prem Rates,PRC DELEGATED CO-COMMISSIONING,HASAN A & PARTNER,23659121,"6,026.56 ",,EX000074324
Department of Health,NHS West Essex CCG,31/08/2018,C&M-GMS QOF Aspiration,PRC DELEGATED CO-COMMISSIONING,HASAN A & PARTNER,23659121,"5,394.76 ",,EX000074324
Department of Health,NHS West Essex CCG,31/08/2018,C&M-GP PRACTICE REVENUE - PCTF,PRC DELEGATED CO-COMMISSIONING,HASAN A & PARTNER,23659121,"2,000.00 ",,EX000074324
Department of Health,NHS West Essex CCG,31/08/2018,C&M-GMS Global Sum,PRC DELEGATED CO-COMMISSIONING,IPAKCHI A A,23659123,"33,120.00 ",,EX000074326
Department of Health,NHS West Essex CCG,31/08/2018,C&M-GMS MPIG Correction Factor,PRC DELEGATED CO-COMMISSIONING,IPAKCHI A A,23659123,436.26 ,,EX000074326
Department of Health,NHS West Essex CCG,31/08/2018,C&M-GMS Other FDR Payment,PRC DELEGATED CO-COMMISSIONING,IPAKCHI A A,23659123,634.79 ,,EX000074326
Department of Health,NHS West Essex CCG,31/08/2018,C&M-GMS Prem Actual Rent,PRC DELEGATED CO-COMMISSIONING,IPAKCHI A A,23659123,"2,541.67 ",,EX000074326
Department of Health,NHS West Essex CCG,31/08/2018,C&M-GMS QOF Aspiration,PRC DELEGATED CO-COMMISSIONING,IPAKCHI A A,23659123,"3,375.41 ",,EX000074326
Department of Health,NHS West Essex CCG,31/08/2018,C&M-GMS Global Sum,PRC DELEGATED CO-COMMISSIONING,HUSSAIN I & PARTNERS,23659125,"48,239.46 ",,EX000074328
Department of Health,NHS West Essex CCG,31/08/2018,C&M-GMS MPIG Correction Factor,PRC DELEGATED CO-COMMISSIONING,HUSSAIN I & PARTNERS,23659125,"1,441.95 ",,EX000074328
Department of Health,NHS West Essex CCG,31/08/2018,C&M-GMS Prem Notional Rent,PRC DELEGATED CO-COMMISSIONING,HUSSAIN I & PARTNERS,23659125,"6,350.00 ",,EX000074328
Department of Health,NHS West Essex CCG,31/08/2018,C&M-GMS QOF Aspiration,PRC DELEGATED CO-COMMISSIONING,HUSSAIN I & PARTNERS,23659125,"5,382.74 ",,EX000074328
Department of Health,NHS West Essex CCG,31/08/2018,C&M-GMS Global Sum,PRC DELEGATED CO-COMMISSIONING,KISENYI M R & PARTNERS,23659128,"70,372.01 ",,EX000074332
Department of Health,NHS West Essex CCG,31/08/2018,C&M-GMS Other FDR Payment,PRC DELEGATED CO-COMMISSIONING,KISENYI M R & PARTNERS,23659128,"6,104.15 ",,EX000074332
Department of Health,NHS West Essex CCG,31/08/2018,C&M-GMS PCO Other,PRC DELEGATED CO-COMMISSIONING,KISENYI M R & PARTNERS,23659128,"6,591.00 ",,EX000074332
Department of Health,NHS West Essex CCG,31/08/2018,C&M-GMS Prem Actual Rent,PRC DELEGATED CO-COMMISSIONING,KISENYI M R & PARTNERS,23659128,"6,550.00 ",,EX000074332
Department of Health,NHS West Essex CCG,31/08/2018,C&M-GMS QOF Aspiration,PRC DELEGATED CO-COMMISSIONING,KISENYI M R & PARTNERS,23659128,"5,913.77 ",,EX000074332
Department of Health,NHS West Essex CCG,31/08/2018,C&M-GMS Global Sum,PRC DELEGATED CO-COMMISSIONING,LINN P,23659130,"76,842.02 ",884041619,EX000074334
Department of Health,NHS West Essex CCG,31/08/2018,C&M-GMS MPIG Correction Factor,PRC DELEGATED CO-COMMISSIONING,LINN P,23659130,310.26 ,884041619,EX000074334
Department of Health,NHS West Essex CCG,31/08/2018,C&M-GMS PCO Locum Adop/Pat/Mat,PRC DELEGATED CO-COMMISSIONING,LINN P,23659130,"8,276.08 ",884041619,EX000074334
Department of Health,NHS West Essex CCG,31/08/2018,C&M-GMS Prem Notional Rent,PRC DELEGATED CO-COMMISSIONING,LINN P,23659130,"5,296.08 ",884041619,EX000074334
Department of Health,NHS West Essex CCG,31/08/2018,C&M-GMS QOF Aspiration,PRC DELEGATED CO-COMMISSIONING,LINN P,23659130,"6,332.41 ",884041619,EX000074334
Department of Health,NHS West Essex CCG,31/08/2018,C&M-GMS Global Sum,PRC DELEGATED CO-COMMISSIONING,LORT E A & PARTNERS,23659132,"57,330.29 ",879115003,EX000074336
Department of Health,NHS West Essex CCG,31/08/2018,C&M-GMS MPIG Correction Factor,PRC DELEGATED CO-COMMISSIONING,LORT E A & PARTNERS,23659132,"2,683.59 ",879115003,EX000074336
Department of Health,NHS West Essex CCG,31/08/2018,C&M-GMS Prem Actual Rent,PRC DELEGATED CO-COMMISSIONING,LORT E A & PARTNERS,23659132,"6,229.17 ",879115003,EX000074336
Department of Health,NHS West Essex CCG,31/08/2018,C&M-GMS QOF Aspiration,PRC DELEGATED CO-COMMISSIONING,LORT E A & PARTNERS,23659132,"6,273.48 ",879115003,EX000074336
Department of Health,NHS West Essex CCG,31/08/2018,C&M-GMS Global Sum,PRC DELEGATED CO-COMMISSIONING,MOSS C E & PARTNERS,23659134,"26,344.28 ",,EX000074338
Department of Health,NHS West Essex CCG,31/08/2018,C&M-GMS Other FDR Payment,PRC DELEGATED CO-COMMISSIONING,MOSS C E & PARTNERS,23659134,"2,028.89 ",,EX000074338
Department of Health,NHS West Essex CCG,31/08/2018,C&M-GMS PCO Other,PRC DELEGATED CO-COMMISSIONING,MOSS C E & PARTNERS,23659134,"2,914.00 ",,EX000074338
Department of Health,NHS West Essex CCG,31/08/2018,C&M-GMS Prem Notional Rent,PRC DELEGATED CO-COMMISSIONING,MOSS C E & PARTNERS,23659134,"2,275.31 ",,EX000074338
Department of Health,NHS West Essex CCG,31/08/2018,C&M-GMS QOF Aspiration,PRC DELEGATED CO-COMMISSIONING,MOSS C E & PARTNERS,23659134,"3,548.06 ",,EX000074338
Department of Health,NHS West Essex CCG,31/08/2018,C&M-GMS GP Statutory Levy,PRC DELEGATED CO-COMMISSIONING,ONUORAH J & PARTNERS,23659135,(477.12),,EX000074339
Department of Health,NHS West Essex CCG,31/08/2018,C&M-GMS QOF Achievement,PRC DELEGATED CO-COMMISSIONING,ONUORAH J & PARTNERS,23659135,"(100,000.00)",,EX000074339
Department of Health,NHS West Essex CCG,31/08/2018,C&M-GMS Voluntary Levy,PRC DELEGATED CO-COMMISSIONING,ONUORAH J & PARTNERS,23659135,(91.12),,EX000074339
Department of Health,NHS West Essex CCG,31/08/2018,ME-GMS GP Pension EEs,PRC DELEGATED CO-COMMISSIONING,ONUORAH J & PARTNERS,23659135,"(4,504.90)",,EX000074339
Department of Health,NHS West Essex CCG,31/08/2018,ME-GMS GP Pension ERs Adjustments,PRC DELEGATED CO-COMMISSIONING,ONUORAH J & PARTNERS,23659135,"(4,844.04)",,EX000074339
Department of Health,NHS West Essex CCG,31/08/2018,C&M-GMS Global Sum,PRC DELEGATED CO-COMMISSIONING,ONUORAH J & PARTNERS,23659136,"102,041.81 ",,EX000074340
Department of Health,NHS West Essex CCG,31/08/2018,C&M-GMS Prem Actual Rent,PRC DELEGATED CO-COMMISSIONING,ONUORAH J & PARTNERS,23659136,"11,765.00 ",,EX000074340
Department of Health,NHS West Essex CCG,31/08/2018,C&M-GMS QOF Aspiration,PRC DELEGATED CO-COMMISSIONING,ONUORAH J & PARTNERS,23659136,"8,832.43 ",,EX000074340
Department of Health,NHS West Essex CCG,31/08/2018,C&M-GMS Global Sum,PRC DELEGATED CO-COMMISSIONING,NUFFIELD HOUSE HEALTH CENTRE,23659138,"90,904.66 ",,EX000074342
Department of Health,NHS West Essex CCG,31/08/2018,C&M-GMS MPIG Correction Factor,PRC DELEGATED CO-COMMISSIONING,NUFFIELD HOUSE HEALTH CENTRE,23659138,513.00 ,,EX000074342
Department of Health,NHS West Essex CCG,31/08/2018,C&M-GMS Prem Actual Rent,PRC DELEGATED CO-COMMISSIONING,NUFFIELD HOUSE HEALTH CENTRE,23659138,"19,083.58 ",,EX000074342
Department of Health,NHS West Essex CCG,31/08/2018,C&M-GMS QOF Aspiration,PRC DELEGATED CO-COMMISSIONING,NUFFIELD HOUSE HEALTH CENTRE,23659138,"8,780.18 ",,EX000074342
Department of Health,NHS West Essex CCG,31/08/2018,C&M-GMS Global Sum,PRC DELEGATED CO-COMMISSIONING,RAYNER J M & PARTNERS,23659140,"41,635.52 ",,EX000074344
Department of Health,NHS West Essex CCG,31/08/2018,C&M-GMS MPIG Correction Factor,PRC DELEGATED CO-COMMISSIONING,RAYNER J M & PARTNERS,23659140,"2,294.44 ",,EX000074344
Department of Health,NHS West Essex CCG,31/08/2018,C&M-GMS Prem Notional Rent,PRC DELEGATED CO-COMMISSIONING,RAYNER J M & PARTNERS,23659140,"3,845.83 ",,EX000074344
Department of Health,NHS West Essex CCG,31/08/2018,C&M-GMS QOF Aspiration,PRC DELEGATED CO-COMMISSIONING,RAYNER J M & PARTNERS,23659140,"4,530.32 ",,EX000074344
Department of Health,NHS West Essex CCG,31/08/2018,C&M-GMS Global Sum,PRC DELEGATED CO-COMMISSIONING,ROBERTS M J & PARTNERS,23659142,"129,305.07 ",,EX000074346
Department of Health,NHS West Essex CCG,31/08/2018,C&M-GMS Other FDR Payment,PRC DELEGATED CO-COMMISSIONING,ROBERTS M J & PARTNERS,23659142,"5,089.03 ",,EX000074346
Department of Health,NHS West Essex CCG,31/08/2018,C&M-GMS Prem Actual Rent,PRC DELEGATED CO-COMMISSIONING,ROBERTS M J & PARTNERS,23659142,"5,733.33 ",,EX000074346
Department of Health,NHS West Essex CCG,31/08/2018,C&M-GMS QOF Aspiration,PRC DELEGATED CO-COMMISSIONING,ROBERTS M J & PARTNERS,23659142,"14,024.45 ",,EX000074346
Department of Health,NHS West Essex CCG,31/08/2018,ME-GMS GP Pension EEs Adjustments,PRC DELEGATED CO-COMMISSIONING,ROBERTS M J & PARTNERS,23659142,268.27 ,,EX000074346
Department of Health,NHS West Essex CCG,31/08/2018,ME-GMS GP Pension ERs Adjustments,PRC DELEGATED CO-COMMISSIONING,ROBERTS M J & PARTNERS,23659142,414.81 ,,EX000074346
Department of Health,NHS West Essex CCG,31/08/2018,C&M-GMS Global Sum,PRC DELEGATED CO-COMMISSIONING,ROBERTS R P L & PARTNERS,23659144,"73,022.90 ",,EX000074348
Department of Health,NHS West Essex CCG,31/08/2018,C&M-GMS MPIG Correction Factor,PRC DELEGATED CO-COMMISSIONING,ROBERTS R P L & PARTNERS,23659144,"1,160.24 ",,EX000074348
Department of Health,NHS West Essex CCG,31/08/2018,C&M-GMS Prem Notional Rent,PRC DELEGATED CO-COMMISSIONING,ROBERTS R P L & PARTNERS,23659144,"9,813.59 ",,EX000074348
Department of Health,NHS West Essex CCG,31/08/2018,C&M-GMS QOF Aspiration,PRC DELEGATED CO-COMMISSIONING,ROBERTS R P L & PARTNERS,23659144,"8,519.77 ",,EX000074348
Department of Health,NHS West Essex CCG,31/08/2018,C&M-GMS Global Sum,PRC DELEGATED CO-COMMISSIONING,TAYLER M J & PARTNERS,23659146,"57,737.86 ",,EX000074352
Department of Health,NHS West Essex CCG,31/08/2018,C&M-GMS MPIG Correction Factor,PRC DELEGATED CO-COMMISSIONING,TAYLER M J & PARTNERS,23659146,"1,929.28 ",,EX000074352
Department of Health,NHS West Essex CCG,31/08/2018,C&M-GMS Prem Notional Rent,PRC DELEGATED CO-COMMISSIONING,TAYLER M J & PARTNERS,23659146,"3,916.67 ",,EX000074352
Department of Health,NHS West Essex CCG,31/08/2018,C&M-GMS QOF Aspiration,PRC DELEGATED CO-COMMISSIONING,TAYLER M J & PARTNERS,23659146,"6,336.56 ",,EX000074352
Department of Health,NHS West Essex CCG,31/08/2018,C&M-GMS Global Sum,PRC DELEGATED CO-COMMISSIONING,TAYLOR J S G & PARTNERS,23659148,"29,079.36 ",,EX000074354
Department of Health,NHS West Essex CCG,31/08/2018,C&M-GMS MPIG Correction Factor,PRC DELEGATED CO-COMMISSIONING,TAYLOR J S G & PARTNERS,23659148,531.11 ,,EX000074354
Department of Health,NHS West Essex CCG,31/08/2018,C&M-GMS Prem Actual Rent,PRC DELEGATED CO-COMMISSIONING,TAYLOR J S G & PARTNERS,23659148,"3,016.67 ",,EX000074354
Department of Health,NHS West Essex CCG,31/08/2018,C&M-GMS QOF Aspiration,PRC DELEGATED CO-COMMISSIONING,TAYLOR J S G & PARTNERS,23659148,"2,626.97 ",,EX000074354
Department of Health,NHS West Essex CCG,31/08/2018,C&M-GMS Global Sum,PRC DELEGATED CO-COMMISSIONING,VERNON J G & PARTNERS,23659150,"103,331.24 ",,EX000074356
Department of Health,NHS West Essex CCG,31/08/2018,C&M-GMS MPIG Correction Factor,PRC DELEGATED CO-COMMISSIONING,VERNON J G & PARTNERS,23659150,"2,733.59 ",,EX000074356
Department of Health,NHS West Essex CCG,31/08/2018,C&M-GMS Prem Notional Rent,PRC DELEGATED CO-COMMISSIONING,VERNON J G & PARTNERS,23659150,"9,005.00 ",,EX000074356
Department of Health,NHS West Essex CCG,31/08/2018,C&M-GMS QOF Aspiration,PRC DELEGATED CO-COMMISSIONING,VERNON J G & PARTNERS,23659150,"9,135.80 ",,EX000074356
Department of Health,NHS West Essex CCG,31/08/2018,C&M-GMS Global Sum,PRC DELEGATED CO-COMMISSIONING,STANSTED SURGERY,23659152,"65,901.69 ",,EX000074360
Department of Health,NHS West Essex CCG,31/08/2018,C&M-GMS MPIG Correction Factor,PRC DELEGATED CO-COMMISSIONING,STANSTED SURGERY,23659152,"2,066.58 ",,EX000074360
Department of Health,NHS West Essex CCG,31/08/2018,C&M-GMS PCO Other,PRC DELEGATED CO-COMMISSIONING,STANSTED SURGERY,23659152,"6,032.00 ",,EX000074360
Department of Health,NHS West Essex CCG,31/08/2018,C&M-GMS Prem Actual Rent,PRC DELEGATED CO-COMMISSIONING,STANSTED SURGERY,23659152,"15,722.52 ",,EX000074360
Department of Health,NHS West Essex CCG,31/08/2018,C&M-GMS QOF Aspiration,PRC DELEGATED CO-COMMISSIONING,STANSTED SURGERY,23659152,"7,015.30 ",,EX000074360
Department of Health,NHS West Essex CCG,31/08/2018,C&M-GMS Global Sum,PRC DELEGATED CO-COMMISSIONING,ONGAR HEALTH CENTRE,23659154,"93,281.81 ",879120993,EX000074362
Department of Health,NHS West Essex CCG,31/08/2018,C&M-GMS MPIG Correction Factor,PRC DELEGATED CO-COMMISSIONING,ONGAR HEALTH CENTRE,23659154,551.93 ,879120993,EX000074362
Department of Health,NHS West Essex CCG,31/08/2018,C&M-GMS PCO Doctors Ret Scheme,PRC DELEGATED CO-COMMISSIONING,ONGAR HEALTH CENTRE,23659154,"6,230.64 ",879120993,EX000074362
Department of Health,NHS West Essex CCG,31/08/2018,C&M-GMS PCO Other,PRC DELEGATED CO-COMMISSIONING,ONGAR HEALTH CENTRE,23659154,"7,313.00 ",879120993,EX000074362
Department of Health,NHS West Essex CCG,31/08/2018,C&M-GMS Prem Actual Rent,PRC DELEGATED CO-COMMISSIONING,ONGAR HEALTH CENTRE,23659154,"14,357.11 ",879120993,EX000074362
Department of Health,NHS West Essex CCG,31/08/2018,C&M-GMS QOF Aspiration,PRC DELEGATED CO-COMMISSIONING,ONGAR HEALTH CENTRE,23659154,"11,660.98 ",879120993,EX000074362
Department of Health,NHS West Essex CCG,31/08/2018,C&M-GMS Global Sum,PRC DELEGATED CO-COMMISSIONING,KANDASAMY P,23659976,"35,944.55 ",,EX000074330
Department of Health,NHS West Essex CCG,31/08/2018,C&M-GMS Other FDR Payment,PRC DELEGATED CO-COMMISSIONING,KANDASAMY P,23659976,"1,205.55 ",,EX000074330
Department of Health,NHS West Essex CCG,31/08/2018,C&M-GMS Prem Actual Rent,PRC DELEGATED CO-COMMISSIONING,KANDASAMY P,23659976,"8,786.60 ",,EX000074330
Department of Health,NHS West Essex CCG,31/08/2018,C&M-GMS QOF Aspiration,PRC DELEGATED CO-COMMISSIONING,KANDASAMY P,23659976,"6,475.49 ",,EX000074330
Department of Health,NHS West Essex CCG,31/08/2018,ME-GMS GP Pension EEs Adjustments,PRC DELEGATED CO-COMMISSIONING,KANDASAMY P,23659976,263.84 ,,EX000074330
Department of Health,NHS West Essex CCG,31/08/2018,ME-GMS GP Pension ERs Adjustments,PRC DELEGATED CO-COMMISSIONING,KANDASAMY P,23659976,303.56 ,,EX000074330
Department of Health,NHS West Essex CCG,31/08/2018,C&M-GMS Global Sum,PRC DELEGATED CO-COMMISSIONING,SILLS P R & PARTNER,23659978,"83,172.18 ",,EX000074350
Department of Health,NHS West Essex CCG,31/08/2018,C&M-GMS MPIG Correction Factor,PRC DELEGATED CO-COMMISSIONING,SILLS P R & PARTNER,23659978,"1,026.82 ",,EX000074350
Department of Health,NHS West Essex CCG,31/08/2018,C&M-GMS Other FDR Payment,PRC DELEGATED CO-COMMISSIONING,SILLS P R & PARTNER,23659978,"2,020.72 ",,EX000074350
Department of Health,NHS West Essex CCG,31/08/2018,C&M-GMS PCO Locum Sickness,PRC DELEGATED CO-COMMISSIONING,SILLS P R & PARTNER,23659978,"6,347.35 ",,EX000074350
Department of Health,NHS West Essex CCG,31/08/2018,C&M-GMS Prem Actual Rent,PRC DELEGATED CO-COMMISSIONING,SILLS P R & PARTNER,23659978,"2,520.83 ",,EX000074350
Department of Health,NHS West Essex CCG,31/08/2018,C&M-GMS Prem Cost Rent,PRC DELEGATED CO-COMMISSIONING,SILLS P R & PARTNER,23659978,"3,887.50 ",,EX000074350
Department of Health,NHS West Essex CCG,31/08/2018,C&M-GMS QOF Aspiration,PRC DELEGATED CO-COMMISSIONING,SILLS P R & PARTNER,23659978,"7,867.32 ",,EX000074350
Department of Health,NHS West Essex CCG,31/08/2018,ME - GMS GP Prior Year ERs,PRC DELEGATED CO-COMMISSIONING,SILLS P R & PARTNER,23659978,"8,778.97 ",,EX000074350
Department of Health,NHS West Essex CCG,31/08/2018,ME-GMS GP Pension EEs Adjustments,PRC DELEGATED CO-COMMISSIONING,SILLS P R & PARTNER,23659978,"2,259.01 ",,EX000074350
Department of Health,NHS West Essex CCG,31/08/2018,ME-GMS GP Pension ERs Adjustments,PRC DELEGATED CO-COMMISSIONING,SILLS P R & PARTNER,23659978,"1,561.30 ",,EX000074350
Department of Health,NHS West Essex CCG,31/08/2018,ME-GMS GP Prior Year EEs,PRC DELEGATED CO-COMMISSIONING,SILLS P R & PARTNER,23659978,"9,713.69 ",,EX000074350
Department of Health,NHS West Essex CCG,31/08/2018,Cont Care-FNC Client Continence Allow,FUNDED NURSING CARE,FOREST PLACE NURSING HOME,23668181,"1,155.75 ",,29382
Department of Health,NHS West Essex CCG,31/08/2018,Cont Care-Funded Nursing Care Allow,FUNDED NURSING CARE,FOREST PLACE NURSING HOME,23668181,"34,591.85 ",,29382
Department of Health,NHS West Essex CCG,31/08/2018,Charges from CSU,IM&T,NHS ARDEN AND GEM CSU,23668206,"18,018.50 ",GB526164259,7312611467
Department of Health,NHS West Essex CCG,31/08/2018,Charges from CSU,PRIMARY CARE IT,NHS ARDEN AND GEM CSU,23668206,"46,999.92 ",GB526164259,7312611467
Department of Health,NHS West Essex CCG,31/08/2018,Clinical&Medical-Commercial Sector,COMMISSIONING SCHEMES,UTTLESFORD HEALTH LTD,23668267,"32,990.00 ",,INV0151
Department of Health,NHS West Essex CCG,31/08/2018,Hcare Srv Rec Fdtn Trust-Prior Year,ACUTE COMMISSIONING,ROYAL BROMPTON & HAREFIELD NHS FOUNDATION TRUST,23678192,"106,267.45 ",,S003849
Department of Health,NHS West Essex CCG,31/08/2018,Clinical&Medical-Independent Sector - Prior Year,ACUTE COMMISSIONING,RIVERS HOSPITAL,23678197,"31,239.96 ",426505170,WECCGRIVINVFINMAR18
Department of Health,NHS West Essex CCG,31/08/2018,Clinical&Medical-Independent Sector - Prior Year,ACUTE COMMISSIONING,SPRINGFIELD HOSPITAL,23678352,"27,424.70 ",GB-426505170,WE0318TU
Department of Health,NHS West Essex CCG,31/08/2018,Clinical&Medical-Independent Sector - Over/ Under Performance,ACUTE COMMISSIONING,RIVERS HOSPITAL,23696118,"30,584.84 ",426505170,WECCGRIVINVFINAPR18
Department of Health,NHS West Essex CCG,31/08/2018,Clinical&Medical-Commercial Sector,OUT OF HOURS,PARTNERSHIP OF EAST LONDON CO-OPERATIVES LTD,23696385,"151,952.41 ",,0000002844
,,,,,,,,,
