Department family,Entity,Date,Expense Type,Expense area,Supplier,Transaction number,Amount,VAT registration number
Department of Health,NHS Stockport CCG,31/12/2018,Cont Care-Physical Disab (65+),CHC ADULT FULLY FUNDED,MARIA MALLABAND CARE GROUP,25003103,30112.15,-
Department of Health,NHS Stockport CCG,31/12/2018,Services From Local Authorities,SAFEGUARDING,STOCKPORT METROPOLITAN BOROUGH COUNCIL,25003106,32000,GB158556040
Department of Health,NHS Stockport CCG,31/12/2018,Hcare Srv Rec NHS Trust-Over/ Under Performance,COLLABORATIVE COMMISSIONING,NORTH WEST AMBULANCE SERVICE NHS TRUST,25025239,34940,654435138
Department of Health,NHS Stockport CCG,31/12/2018,Hcare Srv Rec Fdtn Trust-Non Contract,MENTAL HEALTH CONTRACTS,PENNINE CARE NHS FOUNDATION TRUST,25025427,29440,654425730
Department of Health,NHS Stockport CCG,31/12/2018,Clinical&Medical-Commercial Sector,LOCAL ENHANCED SERVICES,PRIMARY EYECARE SERVICES LTD,25076085,30894,-
Department of Health,NHS Stockport CCG,31/12/2018,Clinical&Medical-Commercial Sector,PLANNED CARE,BMI HEALTHCARE LTD,25076096,38333.33,GB235134980
Department of Health,NHS Stockport CCG,31/12/2018,Clinical&Medical-Commercial Sector,PLANNED CARE,BMI HEALTHCARE LTD,25076098,466659.6,GB235134980
Department of Health,NHS Stockport CCG,31/12/2018,Hcare Srv Rec Fdtn Trust-Over/ Under Performance,ACUTE COMMISSIONING,TAMESIDE HOSPITAL NHS FOUNDATION TRUST,25076113,33871.18,654945109
Department of Health,NHS Stockport CCG,31/12/2018,Clinical&Medical-Commercial Sector,PLANNED CARE,ABL HEALTH LTD,25076115,27390.67,-
Department of Health,NHS Stockport CCG,31/12/2018,C&M-PMS Contract Value,PRC DELEGATED CO-COMMISSIONING,BEECH HOUSE MEDICAL PRACTICE,25105378,54219.27,-
Department of Health,NHS Stockport CCG,31/12/2018,C&M-PMS DES Extended Hours Access,PRC DELEGATED CO-COMMISSIONING,BEECH HOUSE MEDICAL PRACTICE,25105378,3934.9,-
Department of Health,NHS Stockport CCG,31/12/2018,C&M-PMS Funding Differential Review,PRC DELEGATED CO-COMMISSIONING,BEECH HOUSE MEDICAL PRACTICE,25105378,934.27,-
Department of Health,NHS Stockport CCG,31/12/2018,C&M-PMS PCO Seniority,PRC DELEGATED CO-COMMISSIONING,BEECH HOUSE MEDICAL PRACTICE,25105378,2532.27,-
Department of Health,NHS Stockport CCG,31/12/2018,C&M-PMS QOF Aspiration,PRC DELEGATED CO-COMMISSIONING,BEECH HOUSE MEDICAL PRACTICE,25105378,8495.05,-
Department of Health,NHS Stockport CCG,31/12/2018,ME - PMS GP Prior Year ERs,PRC DELEGATED CO-COMMISSIONING,BEECH HOUSE MEDICAL PRACTICE,25105378,1620.69,-
Department of Health,NHS Stockport CCG,31/12/2018,ME-PMS GP Prior Year EEs,PRC DELEGATED CO-COMMISSIONING,BEECH HOUSE MEDICAL PRACTICE,25105378,697,-
Department of Health,NHS Stockport CCG,31/12/2018,C&M-PMS Contract Value,PRC DELEGATED CO-COMMISSIONING,ALVANLEY FAMILY PRACTICE,25105382,38562.92,-
Department of Health,NHS Stockport CCG,31/12/2018,C&M-PMS DES Extended Hours Access,PRC DELEGATED CO-COMMISSIONING,ALVANLEY FAMILY PRACTICE,25105382,2468.58,-
Department of Health,NHS Stockport CCG,31/12/2018,C&M-PMS DES Learn Dsblty Hlth Chk,PRC DELEGATED CO-COMMISSIONING,ALVANLEY FAMILY PRACTICE,25105382,1260,-
Department of Health,NHS Stockport CCG,31/12/2018,C&M-PMS DES Minor Surgery,PRC DELEGATED CO-COMMISSIONING,ALVANLEY FAMILY PRACTICE,25105382,346.88,-
Department of Health,NHS Stockport CCG,31/12/2018,C&M-PMS Funding Differential Review,PRC DELEGATED CO-COMMISSIONING,ALVANLEY FAMILY PRACTICE,25105382,108.76,-
Department of Health,NHS Stockport CCG,31/12/2018,C&M-PMS PCO Seniority,PRC DELEGATED CO-COMMISSIONING,ALVANLEY FAMILY PRACTICE,25105382,1661.31,-
Department of Health,NHS Stockport CCG,31/12/2018,C&M-PMS QOF Aspiration,PRC DELEGATED CO-COMMISSIONING,ALVANLEY FAMILY PRACTICE,25105382,4496.1,-
Department of Health,NHS Stockport CCG,31/12/2018,C&M-PMS Contract Value,PRC DELEGATED CO-COMMISSIONING,ARCHWOOD MEDICAL PRACTICE,25105386,43524.82,-
Department of Health,NHS Stockport CCG,31/12/2018,C&M-PMS DES Extended Hours Access,PRC DELEGATED CO-COMMISSIONING,ARCHWOOD MEDICAL PRACTICE,25105386,2795.85,-
Department of Health,NHS Stockport CCG,31/12/2018,C&M-PMS DES Learn Dsblty Hlth Chk,PRC DELEGATED CO-COMMISSIONING,ARCHWOOD MEDICAL PRACTICE,25105386,140,-
Department of Health,NHS Stockport CCG,31/12/2018,C&M-PMS Funding Differential Review,PRC DELEGATED CO-COMMISSIONING,ARCHWOOD MEDICAL PRACTICE,25105386,341.52,-
Department of Health,NHS Stockport CCG,31/12/2018,C&M-PMS PCO Seniority,PRC DELEGATED CO-COMMISSIONING,ARCHWOOD MEDICAL PRACTICE,25105386,2154.84,-
Department of Health,NHS Stockport CCG,31/12/2018,C&M-PMS QOF Aspiration,PRC DELEGATED CO-COMMISSIONING,ARCHWOOD MEDICAL PRACTICE,25105386,5859.38,-
Department of Health,NHS Stockport CCG,31/12/2018,C&M-GMS DES Extended Hours Access,PRC DELEGATED CO-COMMISSIONING,ADSHALL ROAD MEDICAL PRACTICE,25105389,2271.45,-
Department of Health,NHS Stockport CCG,31/12/2018,C&M-GMS DES Learn Dsblty Hlth Chk,PRC DELEGATED CO-COMMISSIONING,ADSHALL ROAD MEDICAL PRACTICE,25105389,140,-
Department of Health,NHS Stockport CCG,31/12/2018,C&M-GMS DES Minor Surgery,PRC DELEGATED CO-COMMISSIONING,ADSHALL ROAD MEDICAL PRACTICE,25105389,173.44,-
Department of Health,NHS Stockport CCG,31/12/2018,C&M-GMS Global Sum,PRC DELEGATED CO-COMMISSIONING,ADSHALL ROAD MEDICAL PRACTICE,25105389,32419.99,-
Department of Health,NHS Stockport CCG,31/12/2018,C&M-GMS MPIG Correction Factor,PRC DELEGATED CO-COMMISSIONING,ADSHALL ROAD MEDICAL PRACTICE,25105389,424.57,-
Department of Health,NHS Stockport CCG,31/12/2018,C&M-GMS PCO Locum Adop/Pat/Mat,PRC DELEGATED CO-COMMISSIONING,ADSHALL ROAD MEDICAL PRACTICE,25105389,9550,-
Department of Health,NHS Stockport CCG,31/12/2018,C&M-GMS PCO Seniority,PRC DELEGATED CO-COMMISSIONING,ADSHALL ROAD MEDICAL PRACTICE,25105389,119.39,-
Department of Health,NHS Stockport CCG,31/12/2018,C&M-GMS Prem Notional Rent,PRC DELEGATED CO-COMMISSIONING,ADSHALL ROAD MEDICAL PRACTICE,25105389,2627.33,-
Department of Health,NHS Stockport CCG,31/12/2018,C&M-GMS QOF Aspiration,PRC DELEGATED CO-COMMISSIONING,ADSHALL ROAD MEDICAL PRACTICE,25105389,4038.3,-
Department of Health,NHS Stockport CCG,31/12/2018,C&M-GMS DES Extended Hours Access,PRC DELEGATED CO-COMMISSIONING,BRAMHALL HEALTH CENTRE,25105392,6115.63,-
Department of Health,NHS Stockport CCG,31/12/2018,C&M-GMS Global Sum,PRC DELEGATED CO-COMMISSIONING,BRAMHALL HEALTH CENTRE,25105392,85471.47,-
Department of Health,NHS Stockport CCG,31/12/2018,C&M-GMS MPIG Correction Factor,PRC DELEGATED CO-COMMISSIONING,BRAMHALL HEALTH CENTRE,25105392,1526.02,-
Department of Health,NHS Stockport CCG,31/12/2018,C&M-GMS PCO Seniority,PRC DELEGATED CO-COMMISSIONING,BRAMHALL HEALTH CENTRE,25105392,2363.74,-
Department of Health,NHS Stockport CCG,31/12/2018,C&M-GMS QOF Aspiration,PRC DELEGATED CO-COMMISSIONING,BRAMHALL HEALTH CENTRE,25105392,9679.61,-
Department of Health,NHS Stockport CCG,31/12/2018,ME - GMS GP Prior Year ERs,PRC DELEGATED CO-COMMISSIONING,BRAMHALL HEALTH CENTRE,25105392,306.54,-
Department of Health,NHS Stockport CCG,31/12/2018,ME-GMS GP Prior Year EEs,PRC DELEGATED CO-COMMISSIONING,BRAMHALL HEALTH CENTRE,25105392,756.26,-
Department of Health,NHS Stockport CCG,31/12/2018,C&M-PMS Contract Value,PRC DELEGATED CO-COMMISSIONING,BRAMHALL PARK MEDICAL CENTRE,25105394,97099.05,-
Department of Health,NHS Stockport CCG,31/12/2018,C&M-PMS Cost of Drugs -Prescribing,LOCAL ENHANCED SERVICES,BRAMHALL PARK MEDICAL CENTRE,25105394,9.02,-
Department of Health,NHS Stockport CCG,31/12/2018,C&M-PMS DES Extended Hours Access,PRC DELEGATED CO-COMMISSIONING,BRAMHALL PARK MEDICAL CENTRE,25105394,6874.2,-
Department of Health,NHS Stockport CCG,31/12/2018,C&M-PMS DES Minor Surgery,PRC DELEGATED CO-COMMISSIONING,BRAMHALL PARK MEDICAL CENTRE,25105394,390.24,-
Department of Health,NHS Stockport CCG,31/12/2018,C&M-PMS Funding Differential Review,PRC DELEGATED CO-COMMISSIONING,BRAMHALL PARK MEDICAL CENTRE,25105394,887.4,-
Department of Health,NHS Stockport CCG,31/12/2018,C&M-PMS PCO Seniority,PRC DELEGATED CO-COMMISSIONING,BRAMHALL PARK MEDICAL CENTRE,25105394,2105.19,-
Department of Health,NHS Stockport CCG,31/12/2018,C&M-PMS Prem Notional Rent,PRC DELEGATED CO-COMMISSIONING,BRAMHALL PARK MEDICAL CENTRE,25105394,2900,-
Department of Health,NHS Stockport CCG,31/12/2018,C&M-PMS Prof fees Prescribing,PRC DELEGATED CO-COMMISSIONING,BRAMHALL PARK MEDICAL CENTRE,25105394,5.98,-
Department of Health,NHS Stockport CCG,31/12/2018,C&M-PMS QOF Aspiration,PRC DELEGATED CO-COMMISSIONING,BRAMHALL PARK MEDICAL CENTRE,25105394,12894.65,-
Department of Health,NHS Stockport CCG,31/12/2018,C&M-PMS Contract Value,PRC DELEGATED CO-COMMISSIONING,BREDBURY MEDICAL PRACTICE,25105399,32028.81,-
Department of Health,NHS Stockport CCG,31/12/2018,C&M-PMS DES Extended Hours Access,PRC DELEGATED CO-COMMISSIONING,BREDBURY MEDICAL PRACTICE,25105399,6564.98,-
Department of Health,NHS Stockport CCG,31/12/2018,C&M-PMS Funding Differential Review,PRC DELEGATED CO-COMMISSIONING,BREDBURY MEDICAL PRACTICE,25105399,398.52,-
Department of Health,NHS Stockport CCG,31/12/2018,C&M-PMS PCO Seniority,PRC DELEGATED CO-COMMISSIONING,BREDBURY MEDICAL PRACTICE,25105399,2358.38,-
Department of Health,NHS Stockport CCG,31/12/2018,C&M-PMS Prem Notional Rent,PRC DELEGATED CO-COMMISSIONING,BREDBURY MEDICAL PRACTICE,25105399,3316.67,-
Department of Health,NHS Stockport CCG,31/12/2018,C&M-PMS QOF Aspiration,PRC DELEGATED CO-COMMISSIONING,BREDBURY MEDICAL PRACTICE,25105399,3370.09,-
Department of Health,NHS Stockport CCG,31/12/2018,C&M-GMS DES Extended Hours Access,PRC DELEGATED CO-COMMISSIONING,BRACONDALE MEDICAL CENTRE,25105403,2478.55,-
Department of Health,NHS Stockport CCG,31/12/2018,C&M-GMS Global Sum,PRC DELEGATED CO-COMMISSIONING,BRACONDALE MEDICAL CENTRE,25105403,36644.26,-
Department of Health,NHS Stockport CCG,31/12/2018,C&M-GMS MPIG Correction Factor,PRC DELEGATED CO-COMMISSIONING,BRACONDALE MEDICAL CENTRE,25105403,440.1,-
Department of Health,NHS Stockport CCG,31/12/2018,C&M-GMS PCO Seniority,PRC DELEGATED CO-COMMISSIONING,BRACONDALE MEDICAL CENTRE,25105403,545.14,-
Department of Health,NHS Stockport CCG,31/12/2018,C&M-GMS QOF Aspiration,PRC DELEGATED CO-COMMISSIONING,BRACONDALE MEDICAL CENTRE,25105403,3928.52,-
Department of Health,NHS Stockport CCG,31/12/2018,C&M-PMS Contract Value,PRC DELEGATED CO-COMMISSIONING,CARITAS GENERAL PRACTICE PARTNERSHIP,25105406,93683.62,-
Department of Health,NHS Stockport CCG,31/12/2018,C&M-PMS DES Extended Hours Access,PRC DELEGATED CO-COMMISSIONING,CARITAS GENERAL PRACTICE PARTNERSHIP,25105406,6291.85,-
Department of Health,NHS Stockport CCG,31/12/2018,C&M-PMS DES Minor Surgery,PRC DELEGATED CO-COMMISSIONING,CARITAS GENERAL PRACTICE PARTNERSHIP,25105406,737.12,-
Department of Health,NHS Stockport CCG,31/12/2018,C&M-PMS Funding Differential Review,PRC DELEGATED CO-COMMISSIONING,CARITAS GENERAL PRACTICE PARTNERSHIP,25105406,77.25,-
Department of Health,NHS Stockport CCG,31/12/2018,C&M-PMS PCO Seniority,PRC DELEGATED CO-COMMISSIONING,CARITAS GENERAL PRACTICE PARTNERSHIP,25105406,3820.25,-
Department of Health,NHS Stockport CCG,31/12/2018,C&M-PMS Prem Actual Rent,PRC DELEGATED CO-COMMISSIONING,CARITAS GENERAL PRACTICE PARTNERSHIP,25105406,870,-
Department of Health,NHS Stockport CCG,31/12/2018,C&M-PMS Prem Notional Rent,PRC DELEGATED CO-COMMISSIONING,CARITAS GENERAL PRACTICE PARTNERSHIP,25105406,6626.66,-
Department of Health,NHS Stockport CCG,31/12/2018,C&M-PMS Prem Water Rates,PRC DELEGATED CO-COMMISSIONING,CARITAS GENERAL PRACTICE PARTNERSHIP,25105406,541.35,-
Department of Health,NHS Stockport CCG,31/12/2018,C&M-PMS QOF Aspiration,PRC DELEGATED CO-COMMISSIONING,CARITAS GENERAL PRACTICE PARTNERSHIP,25105406,11271.09,-
Department of Health,NHS Stockport CCG,31/12/2018,ME - PMS GP Prior Year ERs,PRC DELEGATED CO-COMMISSIONING,CARITAS GENERAL PRACTICE PARTNERSHIP,25105406,3538.36,-
Department of Health,NHS Stockport CCG,31/12/2018,ME-PMS GP Prior Year EEs,PRC DELEGATED CO-COMMISSIONING,CARITAS GENERAL PRACTICE PARTNERSHIP,25105406,3092.97,-
Department of Health,NHS Stockport CCG,31/12/2018,C&M-GMS DES Extended Hours Access,PRC DELEGATED CO-COMMISSIONING,CALE GREEN SURGERY,25105411,1832.55,-
Department of Health,NHS Stockport CCG,31/12/2018,C&M-GMS Global Sum,PRC DELEGATED CO-COMMISSIONING,CALE GREEN SURGERY,25105411,27755.51,-
Department of Health,NHS Stockport CCG,31/12/2018,C&M-GMS MPIG Correction Factor,PRC DELEGATED CO-COMMISSIONING,CALE GREEN SURGERY,25105411,113.74,-
Department of Health,NHS Stockport CCG,31/12/2018,C&M-GMS PCO Seniority,PRC DELEGATED CO-COMMISSIONING,CALE GREEN SURGERY,25105411,516.08,-
Department of Health,NHS Stockport CCG,31/12/2018,C&M-GMS Prem Notional Rent,PRC DELEGATED CO-COMMISSIONING,CALE GREEN SURGERY,25105411,1416.67,-
Department of Health,NHS Stockport CCG,31/12/2018,C&M-GMS QOF Aspiration,PRC DELEGATED CO-COMMISSIONING,CALE GREEN SURGERY,25105411,2654.95,-
Department of Health,NHS Stockport CCG,31/12/2018,C&M-PMS Contract Value,PRC DELEGATED CO-COMMISSIONING,BRINNINGTON HEALTH CENTRE STOCKPORT,25105414,76465.81,-
Department of Health,NHS Stockport CCG,31/12/2018,C&M-PMS DES Extended Hours Access,PRC DELEGATED CO-COMMISSIONING,BRINNINGTON HEALTH CENTRE STOCKPORT,25105414,4225.13,-
Department of Health,NHS Stockport CCG,31/12/2018,C&M-PMS DES Learn Dsblty Hlth Chk,PRC DELEGATED CO-COMMISSIONING,BRINNINGTON HEALTH CENTRE STOCKPORT,25105414,280,-
Department of Health,NHS Stockport CCG,31/12/2018,C&M-PMS Funding Differential Review,PRC DELEGATED CO-COMMISSIONING,BRINNINGTON HEALTH CENTRE STOCKPORT,25105414,314.34,-
Department of Health,NHS Stockport CCG,31/12/2018,C&M-PMS PCO Seniority,PRC DELEGATED CO-COMMISSIONING,BRINNINGTON HEALTH CENTRE STOCKPORT,25105414,4500.18,-
Department of Health,NHS Stockport CCG,31/12/2018,C&M-PMS QOF Aspiration,PRC DELEGATED CO-COMMISSIONING,BRINNINGTON HEALTH CENTRE STOCKPORT,25105414,10407.72,-
Department of Health,NHS Stockport CCG,31/12/2018,C&M-PMS Contract Value,PRC DELEGATED CO-COMMISSIONING,CHEADLE HULME HEALTH CENTRE - DR SEABROOK,25105418,86856.79,-
Department of Health,NHS Stockport CCG,31/12/2018,C&M-PMS DES Extended Hours Access,PRC DELEGATED CO-COMMISSIONING,CHEADLE HULME HEALTH CENTRE - DR SEABROOK,25105418,6118.48,-
Department of Health,NHS Stockport CCG,31/12/2018,C&M-PMS DES Learn Dsblty Hlth Chk,PRC DELEGATED CO-COMMISSIONING,CHEADLE HULME HEALTH CENTRE - DR SEABROOK,25105418,1820,-
Department of Health,NHS Stockport CCG,31/12/2018,C&M-PMS DES Minor Surgery,PRC DELEGATED CO-COMMISSIONING,CHEADLE HULME HEALTH CENTRE - DR SEABROOK,25105418,1474.24,-
Department of Health,NHS Stockport CCG,31/12/2018,C&M-PMS Funding Differential Review,PRC DELEGATED CO-COMMISSIONING,CHEADLE HULME HEALTH CENTRE - DR SEABROOK,25105418,517.22,-
Department of Health,NHS Stockport CCG,31/12/2018,C&M-PMS PCO Seniority,PRC DELEGATED CO-COMMISSIONING,CHEADLE HULME HEALTH CENTRE - DR SEABROOK,25105418,4156.74,-
Department of Health,NHS Stockport CCG,31/12/2018,C&M-PMS Prem Notional Rent,PRC DELEGATED CO-COMMISSIONING,CHEADLE HULME HEALTH CENTRE - DR SEABROOK,25105418,3812.5,-
Department of Health,NHS Stockport CCG,31/12/2018,C&M-PMS QOF Aspiration,PRC DELEGATED CO-COMMISSIONING,CHEADLE HULME HEALTH CENTRE - DR SEABROOK,25105418,9344.42,-
Department of Health,NHS Stockport CCG,31/12/2018,C&M-PMS Contract Value,PRC DELEGATED CO-COMMISSIONING,CHEADLE HULME HEALTH CENTRE - DR SHIPSTON,25105422,73705.69,-
Department of Health,NHS Stockport CCG,31/12/2018,C&M-PMS DES Extended Hours Access,PRC DELEGATED CO-COMMISSIONING,CHEADLE HULME HEALTH CENTRE - DR SHIPSTON,25105422,5275.83,-
Department of Health,NHS Stockport CCG,31/12/2018,C&M-PMS DES Minor Surgery,PRC DELEGATED CO-COMMISSIONING,CHEADLE HULME HEALTH CENTRE - DR SHIPSTON,25105422,346.88,-
Department of Health,NHS Stockport CCG,31/12/2018,C&M-PMS Funding Differential Review,PRC DELEGATED CO-COMMISSIONING,CHEADLE HULME HEALTH CENTRE - DR SHIPSTON,25105422,717.61,-
Department of Health,NHS Stockport CCG,31/12/2018,C&M-PMS PCO Seniority,PRC DELEGATED CO-COMMISSIONING,CHEADLE HULME HEALTH CENTRE - DR SHIPSTON,25105422,4235.23,-
Department of Health,NHS Stockport CCG,31/12/2018,C&M-PMS Prem Notional Rent,PRC DELEGATED CO-COMMISSIONING,CHEADLE HULME HEALTH CENTRE - DR SHIPSTON,25105422,4941.67,-
Department of Health,NHS Stockport CCG,31/12/2018,C&M-PMS QOF Aspiration,PRC DELEGATED CO-COMMISSIONING,CHEADLE HULME HEALTH CENTRE - DR SHIPSTON,25105422,8235.81,-
Department of Health,NHS Stockport CCG,31/12/2018,C&M-GMS Voluntary Levy,PRC DELEGATED CO-COMMISSIONING,CHEADLE MEDICAL PRACTICE,25105424,-388.25,-
Department of Health,NHS Stockport CCG,31/12/2018,ME - GMS GP Prior Year ERs,PRC DELEGATED CO-COMMISSIONING,CHEADLE MEDICAL PRACTICE,25105424,-6015,-
Department of Health,NHS Stockport CCG,31/12/2018,ME-GMS GP Pension EEs,PRC DELEGATED CO-COMMISSIONING,CHEADLE MEDICAL PRACTICE,25105424,-5721.15,-
Department of Health,NHS Stockport CCG,31/12/2018,ME-GMS GP Pension EEs Adjustments,PRC DELEGATED CO-COMMISSIONING,CHEADLE MEDICAL PRACTICE,25105424,-6111.65,-
Department of Health,NHS Stockport CCG,31/12/2018,ME-GMS GP Pension ERs Adjustments,PRC DELEGATED CO-COMMISSIONING,CHEADLE MEDICAL PRACTICE,25105424,-13146.05,-
Department of Health,NHS Stockport CCG,31/12/2018,ME-GMS GP Prior Year EEs,PRC DELEGATED CO-COMMISSIONING,CHEADLE MEDICAL PRACTICE,25105424,-5228.61,-
Department of Health,NHS Stockport CCG,31/12/2018,C&M-GMS DES Extended Hours Access,PRC DELEGATED CO-COMMISSIONING,CHEADLE MEDICAL PRACTICE,25105425,5668.18,-
Department of Health,NHS Stockport CCG,31/12/2018,C&M-GMS DES Minor Surgery,PRC DELEGATED CO-COMMISSIONING,CHEADLE MEDICAL PRACTICE,25105425,2341.44,-
Department of Health,NHS Stockport CCG,31/12/2018,C&M-GMS Global Sum,PRC DELEGATED CO-COMMISSIONING,CHEADLE MEDICAL PRACTICE,25105425,79713.86,-
Department of Health,NHS Stockport CCG,31/12/2018,C&M-GMS MPIG Correction Factor,PRC DELEGATED CO-COMMISSIONING,CHEADLE MEDICAL PRACTICE,25105425,953.44,-
Department of Health,NHS Stockport CCG,31/12/2018,C&M-GMS PCO Locum Sickness,PRC DELEGATED CO-COMMISSIONING,CHEADLE MEDICAL PRACTICE,25105425,2360,-
Department of Health,NHS Stockport CCG,31/12/2018,C&M-GMS PCO Seniority,PRC DELEGATED CO-COMMISSIONING,CHEADLE MEDICAL PRACTICE,25105425,426.5,-
Department of Health,NHS Stockport CCG,31/12/2018,C&M-GMS Prem Notional Rent,PRC DELEGATED CO-COMMISSIONING,CHEADLE MEDICAL PRACTICE,25105425,5450,-
Department of Health,NHS Stockport CCG,31/12/2018,C&M-GMS QOF Aspiration,PRC DELEGATED CO-COMMISSIONING,CHEADLE MEDICAL PRACTICE,25105425,10003.56,-
Department of Health,NHS Stockport CCG,31/12/2018,C&M-GMS DES Extended Hours Access,PRC DELEGATED CO-COMMISSIONING,CHADSFIELD MEDICAL PRACTICE,25105434,3320.25,-
Department of Health,NHS Stockport CCG,31/12/2018,C&M-GMS DES Minor Surgery,PRC DELEGATED CO-COMMISSIONING,CHADSFIELD MEDICAL PRACTICE,25105434,484,-
Department of Health,NHS Stockport CCG,31/12/2018,C&M-GMS Global Sum,PRC DELEGATED CO-COMMISSIONING,CHADSFIELD MEDICAL PRACTICE,25105434,54269.17,-
Department of Health,NHS Stockport CCG,31/12/2018,C&M-GMS MPIG Correction Factor,PRC DELEGATED CO-COMMISSIONING,CHADSFIELD MEDICAL PRACTICE,25105434,638.93,-
Department of Health,NHS Stockport CCG,31/12/2018,C&M-GMS PCO Seniority,PRC DELEGATED CO-COMMISSIONING,CHADSFIELD MEDICAL PRACTICE,25105434,1595.38,-
Department of Health,NHS Stockport CCG,31/12/2018,C&M-GMS QOF Aspiration,PRC DELEGATED CO-COMMISSIONING,CHADSFIELD MEDICAL PRACTICE,25105434,7245.93,-
Department of Health,NHS Stockport CCG,31/12/2018,C&M-PMS Contract Value,PRC DELEGATED CO-COMMISSIONING,FAMILY SURGERY STOCKPORT,25105440,86290.54,-
Department of Health,NHS Stockport CCG,31/12/2018,C&M-PMS DES Extended Hours Access,PRC DELEGATED CO-COMMISSIONING,FAMILY SURGERY STOCKPORT,25105440,5669.13,-
Department of Health,NHS Stockport CCG,31/12/2018,C&M-PMS Funding Differential Review,PRC DELEGATED CO-COMMISSIONING,FAMILY SURGERY STOCKPORT,25105440,538.73,-
Department of Health,NHS Stockport CCG,31/12/2018,C&M-PMS PCO Seniority,PRC DELEGATED CO-COMMISSIONING,FAMILY SURGERY STOCKPORT,25105440,1209.64,-
Department of Health,NHS Stockport CCG,31/12/2018,C&M-PMS Prem Notional Rent,PRC DELEGATED CO-COMMISSIONING,FAMILY SURGERY STOCKPORT,25105440,5800,-
Department of Health,NHS Stockport CCG,31/12/2018,C&M-PMS QOF Aspiration,PRC DELEGATED CO-COMMISSIONING,FAMILY SURGERY STOCKPORT,25105440,8896.65,-
Department of Health,NHS Stockport CCG,31/12/2018,ME-PMS GP Prior Year EEs,PRC DELEGATED CO-COMMISSIONING,FAMILY SURGERY STOCKPORT,25105440,2988.68,-
Department of Health,NHS Stockport CCG,31/12/2018,C&M-GMS DES Extended Hours Access,PRC DELEGATED CO-COMMISSIONING,GUYWOOD PRACTICE,25105446,1396.98,-
Department of Health,NHS Stockport CCG,31/12/2018,C&M-GMS DES Minor Surgery,PRC DELEGATED CO-COMMISSIONING,GUYWOOD PRACTICE,25105446,260.16,-
Department of Health,NHS Stockport CCG,31/12/2018,C&M-GMS Global Sum,PRC DELEGATED CO-COMMISSIONING,GUYWOOD PRACTICE,25105446,21820.6,-
Department of Health,NHS Stockport CCG,31/12/2018,C&M-GMS MPIG Correction Factor,PRC DELEGATED CO-COMMISSIONING,GUYWOOD PRACTICE,25105446,450.47,-
Department of Health,NHS Stockport CCG,31/12/2018,C&M-GMS PCO Seniority,PRC DELEGATED CO-COMMISSIONING,GUYWOOD PRACTICE,25105446,1242.3,-
Department of Health,NHS Stockport CCG,31/12/2018,C&M-GMS QOF Aspiration,PRC DELEGATED CO-COMMISSIONING,GUYWOOD PRACTICE,25105446,2485.31,-
Department of Health,NHS Stockport CCG,31/12/2018,C&M-PMS Contract Value,PRC DELEGATED CO-COMMISSIONING,HEATON MERSEY MEDICAL PRACTICE,25105448,51875.05,-
Department of Health,NHS Stockport CCG,31/12/2018,C&M-PMS DES Extended Hours Access,PRC DELEGATED CO-COMMISSIONING,HEATON MERSEY MEDICAL PRACTICE,25105448,3881.7,-
Department of Health,NHS Stockport CCG,31/12/2018,C&M-PMS Funding Differential Review,PRC DELEGATED CO-COMMISSIONING,HEATON MERSEY MEDICAL PRACTICE,25105448,814.83,-
Department of Health,NHS Stockport CCG,31/12/2018,C&M-PMS PCO Seniority,PRC DELEGATED CO-COMMISSIONING,HEATON MERSEY MEDICAL PRACTICE,25105448,3384.79,-
Department of Health,NHS Stockport CCG,31/12/2018,C&M-PMS Prem Notional Rent,PRC DELEGATED CO-COMMISSIONING,HEATON MERSEY MEDICAL PRACTICE,25105448,3208.33,-
Department of Health,NHS Stockport CCG,31/12/2018,C&M-PMS QOF Aspiration,PRC DELEGATED CO-COMMISSIONING,HEATON MERSEY MEDICAL PRACTICE,25105448,6327.86,-
Department of Health,NHS Stockport CCG,31/12/2018,C&M-GMS DES Extended Hours Access,PRC DELEGATED CO-COMMISSIONING,HEATON NORRIS HEALTH CENTRE DR MARSHALL,25105452,3473.2,-
Department of Health,NHS Stockport CCG,31/12/2018,C&M-GMS DES Learn Dsblty Hlth Chk,PRC DELEGATED CO-COMMISSIONING,HEATON NORRIS HEALTH CENTRE DR MARSHALL,25105452,700,-
Department of Health,NHS Stockport CCG,31/12/2018,C&M-GMS DES Minor Surgery,PRC DELEGATED CO-COMMISSIONING,HEATON NORRIS HEALTH CENTRE DR MARSHALL,25105452,2601.6,-
Department of Health,NHS Stockport CCG,31/12/2018,C&M-GMS Global Sum,PRC DELEGATED CO-COMMISSIONING,HEATON NORRIS HEALTH CENTRE DR MARSHALL,25105452,55911.37,-
Department of Health,NHS Stockport CCG,31/12/2018,C&M-GMS PCO Seniority,PRC DELEGATED CO-COMMISSIONING,HEATON NORRIS HEALTH CENTRE DR MARSHALL,25105452,1336.27,-
Department of Health,NHS Stockport CCG,31/12/2018,C&M-GMS QOF Aspiration,PRC DELEGATED CO-COMMISSIONING,HEATON NORRIS HEALTH CENTRE DR MARSHALL,25105452,6957.73,-
Department of Health,NHS Stockport CCG,31/12/2018,C&M-PMS Contract Value,PRC DELEGATED CO-COMMISSIONING,HIGH LANE MEDICAL CENTRE,25105455,42774.84,-
Department of Health,NHS Stockport CCG,31/12/2018,C&M-PMS DES Extended Hours Access,PRC DELEGATED CO-COMMISSIONING,HIGH LANE MEDICAL CENTRE,25105455,2808.68,-
Department of Health,NHS Stockport CCG,31/12/2018,C&M-PMS DES Minor Surgery,PRC DELEGATED CO-COMMISSIONING,HIGH LANE MEDICAL CENTRE,25105455,3772.32,-
Department of Health,NHS Stockport CCG,31/12/2018,C&M-PMS Funding Differential Review,PRC DELEGATED CO-COMMISSIONING,HIGH LANE MEDICAL CENTRE,25105455,233.19,-
Department of Health,NHS Stockport CCG,31/12/2018,C&M-PMS PCO Seniority,PRC DELEGATED CO-COMMISSIONING,HIGH LANE MEDICAL CENTRE,25105455,1577.03,-
Department of Health,NHS Stockport CCG,31/12/2018,C&M-PMS QOF Aspiration,PRC DELEGATED CO-COMMISSIONING,HIGH LANE MEDICAL CENTRE,25105455,4407.41,-
Department of Health,NHS Stockport CCG,31/12/2018,C&M-GMS DES Extended Hours Access,PRC DELEGATED CO-COMMISSIONING,HEALD GREEN HEALTH CENTRE DR WRIGHT,25105458,3101.75,-
Department of Health,NHS Stockport CCG,31/12/2018,C&M-GMS DES Learn Dsblty Hlth Chk,PRC DELEGATED CO-COMMISSIONING,HEALD GREEN HEALTH CENTRE DR WRIGHT,25105458,1120,-
Department of Health,NHS Stockport CCG,31/12/2018,C&M-GMS DES Minor Surgery,PRC DELEGATED CO-COMMISSIONING,HEALD GREEN HEALTH CENTRE DR WRIGHT,25105458,43.36,-
Department of Health,NHS Stockport CCG,31/12/2018,C&M-GMS Global Sum,PRC DELEGATED CO-COMMISSIONING,HEALD GREEN HEALTH CENTRE DR WRIGHT,25105458,42595.56,-
Department of Health,NHS Stockport CCG,31/12/2018,C&M-GMS MPIG Correction Factor,PRC DELEGATED CO-COMMISSIONING,HEALD GREEN HEALTH CENTRE DR WRIGHT,25105458,459.64,-
Department of Health,NHS Stockport CCG,31/12/2018,C&M-GMS PCO Seniority,PRC DELEGATED CO-COMMISSIONING,HEALD GREEN HEALTH CENTRE DR WRIGHT,25105458,1132.19,-
Department of Health,NHS Stockport CCG,31/12/2018,C&M-GMS QOF Aspiration,PRC DELEGATED CO-COMMISSIONING,HEALD GREEN HEALTH CENTRE DR WRIGHT,25105458,5147.76,-
Department of Health,NHS Stockport CCG,31/12/2018,C&M-GMS DES Extended Hours Access,PRC DELEGATED CO-COMMISSIONING,MARPLE BRIDGE SURGERY,25105463,3070.4,-
Department of Health,NHS Stockport CCG,31/12/2018,C&M-GMS DES Minor Surgery,PRC DELEGATED CO-COMMISSIONING,MARPLE BRIDGE SURGERY,25105463,433.6,-
Department of Health,NHS Stockport CCG,31/12/2018,C&M-GMS Global Sum,PRC DELEGATED CO-COMMISSIONING,MARPLE BRIDGE SURGERY,25105463,46321.65,-
Department of Health,NHS Stockport CCG,31/12/2018,C&M-GMS MPIG Correction Factor,PRC DELEGATED CO-COMMISSIONING,MARPLE BRIDGE SURGERY,25105463,671.18,-
Department of Health,NHS Stockport CCG,31/12/2018,C&M-GMS PCO Seniority,PRC DELEGATED CO-COMMISSIONING,MARPLE BRIDGE SURGERY,25105463,660.83,-
Department of Health,NHS Stockport CCG,31/12/2018,C&M-GMS QOF Aspiration,PRC DELEGATED CO-COMMISSIONING,MARPLE BRIDGE SURGERY,25105463,5428.68,-
Department of Health,NHS Stockport CCG,31/12/2018,C&M-PMS Contract Value,PRC DELEGATED CO-COMMISSIONING,MARPLE COTTAGE SURGERY,25105467,51393.15,-
Department of Health,NHS Stockport CCG,31/12/2018,C&M-PMS DES Extended Hours Access,PRC DELEGATED CO-COMMISSIONING,MARPLE COTTAGE SURGERY,25105467,3395.3,-
Department of Health,NHS Stockport CCG,31/12/2018,C&M-PMS Funding Differential Review,PRC DELEGATED CO-COMMISSIONING,MARPLE COTTAGE SURGERY,25105467,311.62,-
Department of Health,NHS Stockport CCG,31/12/2018,C&M-PMS PCO Seniority,PRC DELEGATED CO-COMMISSIONING,MARPLE COTTAGE SURGERY,25105467,992.79,-
Department of Health,NHS Stockport CCG,31/12/2018,C&M-PMS Prem Notional Rent,PRC DELEGATED CO-COMMISSIONING,MARPLE COTTAGE SURGERY,25105467,4143.67,-
Department of Health,NHS Stockport CCG,31/12/2018,C&M-PMS QOF Aspiration,PRC DELEGATED CO-COMMISSIONING,MARPLE COTTAGE SURGERY,25105467,6490.68,-
Department of Health,NHS Stockport CCG,31/12/2018,C&M-GMS DES Extended Hours Access,PRC DELEGATED CO-COMMISSIONING,MARPLE MEDICAL PRACTICE,25105471,3403.85,-
Department of Health,NHS Stockport CCG,31/12/2018,C&M-GMS Global Sum,PRC DELEGATED CO-COMMISSIONING,MARPLE MEDICAL PRACTICE,25105471,51463.89,-
Department of Health,NHS Stockport CCG,31/12/2018,C&M-GMS MPIG Correction Factor,PRC DELEGATED CO-COMMISSIONING,MARPLE MEDICAL PRACTICE,25105471,401.71,-
Department of Health,NHS Stockport CCG,31/12/2018,C&M-GMS PCO Seniority,PRC DELEGATED CO-COMMISSIONING,MARPLE MEDICAL PRACTICE,25105471,2504.62,-
Department of Health,NHS Stockport CCG,31/12/2018,C&M-GMS Prem Notional Rent,PRC DELEGATED CO-COMMISSIONING,MARPLE MEDICAL PRACTICE,25105471,2614.08,-
Department of Health,NHS Stockport CCG,31/12/2018,C&M-GMS QOF Aspiration,PRC DELEGATED CO-COMMISSIONING,MARPLE MEDICAL PRACTICE,25105471,6991.86,-
Department of Health,NHS Stockport CCG,31/12/2018,C&M-GMS DES Extended Hours Access,PRC DELEGATED CO-COMMISSIONING,MANOR MEDICAL PRACTICE,25105476,4222.75,-
Department of Health,NHS Stockport CCG,31/12/2018,C&M-GMS DES Learn Dsblty Hlth Chk,PRC DELEGATED CO-COMMISSIONING,MANOR MEDICAL PRACTICE,25105476,700,-
Department of Health,NHS Stockport CCG,31/12/2018,C&M-GMS Global Sum,PRC DELEGATED CO-COMMISSIONING,MANOR MEDICAL PRACTICE,25105476,69093.2,-
Department of Health,NHS Stockport CCG,31/12/2018,C&M-GMS PCO Seniority,PRC DELEGATED CO-COMMISSIONING,MANOR MEDICAL PRACTICE,25105476,624.41,-
Department of Health,NHS Stockport CCG,31/12/2018,C&M-GMS Prem Actual Rent,PRC DELEGATED CO-COMMISSIONING,MANOR MEDICAL PRACTICE,25105476,1658.33,-
Department of Health,NHS Stockport CCG,31/12/2018,C&M-GMS Prem Water Rates,PRC DELEGATED CO-COMMISSIONING,MANOR MEDICAL PRACTICE,25105476,78.19,-
Department of Health,NHS Stockport CCG,31/12/2018,C&M-GMS QOF Aspiration,PRC DELEGATED CO-COMMISSIONING,MANOR MEDICAL PRACTICE,25105476,8434.98,-
Department of Health,NHS Stockport CCG,31/12/2018,ME - GMS GP Prior Year ERs,PRC DELEGATED CO-COMMISSIONING,MANOR MEDICAL PRACTICE,25105476,1581.8,-
Department of Health,NHS Stockport CCG,31/12/2018,ME-GMS GP Pension EEs Adjustments,PRC DELEGATED CO-COMMISSIONING,MANOR MEDICAL PRACTICE,25105476,312.4,-
Department of Health,NHS Stockport CCG,31/12/2018,ME-GMS GP Pension ERs Adjustments,PRC DELEGATED CO-COMMISSIONING,MANOR MEDICAL PRACTICE,25105476,632.72,-
Department of Health,NHS Stockport CCG,31/12/2018,ME-GMS GP Prior Year EEs,PRC DELEGATED CO-COMMISSIONING,MANOR MEDICAL PRACTICE,25105476,781,-
Department of Health,NHS Stockport CCG,31/12/2018,C&M-GMS DES Extended Hours Access,PRC DELEGATED CO-COMMISSIONING,PARK VIEW GROUP PRACTICE,25105480,4253.15,-
Department of Health,NHS Stockport CCG,31/12/2018,C&M-GMS DES Minor Surgery,PRC DELEGATED CO-COMMISSIONING,PARK VIEW GROUP PRACTICE,25105480,1344.16,-
Department of Health,NHS Stockport CCG,31/12/2018,C&M-GMS Global Sum,PRC DELEGATED CO-COMMISSIONING,PARK VIEW GROUP PRACTICE,25105480,63680.53,-
Department of Health,NHS Stockport CCG,31/12/2018,C&M-GMS PCO Seniority,PRC DELEGATED CO-COMMISSIONING,PARK VIEW GROUP PRACTICE,25105480,3488.4,-
Department of Health,NHS Stockport CCG,31/12/2018,C&M-GMS Prem Notional Rent,PRC DELEGATED CO-COMMISSIONING,PARK VIEW GROUP PRACTICE,25105480,4787.5,-
Department of Health,NHS Stockport CCG,31/12/2018,C&M-GMS QOF Aspiration,PRC DELEGATED CO-COMMISSIONING,PARK VIEW GROUP PRACTICE,25105480,7438.8,-
Department of Health,NHS Stockport CCG,31/12/2018,C&M-PMS Contract Value,PRC DELEGATED CO-COMMISSIONING,SOUTH REDDISH MEDICAL CENTRE,25105484,26924.17,-
Department of Health,NHS Stockport CCG,31/12/2018,C&M-PMS DES Extended Hours Access,PRC DELEGATED CO-COMMISSIONING,SOUTH REDDISH MEDICAL CENTRE,25105484,1709.53,-
Department of Health,NHS Stockport CCG,31/12/2018,C&M-PMS DES Minor Surgery,PRC DELEGATED CO-COMMISSIONING,SOUTH REDDISH MEDICAL CENTRE,25105484,216.8,-
Department of Health,NHS Stockport CCG,31/12/2018,C&M-PMS Funding Differential Review,PRC DELEGATED CO-COMMISSIONING,SOUTH REDDISH MEDICAL CENTRE,25105484,307.51,-
Department of Health,NHS Stockport CCG,31/12/2018,C&M-PMS PCO Seniority,PRC DELEGATED CO-COMMISSIONING,SOUTH REDDISH MEDICAL CENTRE,25105484,908.56,-
Department of Health,NHS Stockport CCG,31/12/2018,C&M-PMS QOF Aspiration,PRC DELEGATED CO-COMMISSIONING,SOUTH REDDISH MEDICAL CENTRE,25105484,3162.65,-
Department of Health,NHS Stockport CCG,31/12/2018,C&M-GMS DES Extended Hours Access,PRC DELEGATED CO-COMMISSIONING,SPRINGFIELD SURGERY STOCKPORT,25105488,2608.7,-
Department of Health,NHS Stockport CCG,31/12/2018,C&M-GMS DES Minor Surgery,PRC DELEGATED CO-COMMISSIONING,SPRINGFIELD SURGERY STOCKPORT,25105488,476.96,-
Department of Health,NHS Stockport CCG,31/12/2018,C&M-GMS Global Sum,PRC DELEGATED CO-COMMISSIONING,SPRINGFIELD SURGERY STOCKPORT,25105488,36597.99,-
Department of Health,NHS Stockport CCG,31/12/2018,C&M-GMS MPIG Correction Factor,PRC DELEGATED CO-COMMISSIONING,SPRINGFIELD SURGERY STOCKPORT,25105488,285.29,-
Department of Health,NHS Stockport CCG,31/12/2018,C&M-GMS PCO Seniority,PRC DELEGATED CO-COMMISSIONING,SPRINGFIELD SURGERY STOCKPORT,25105488,567.64,-
Department of Health,NHS Stockport CCG,31/12/2018,C&M-GMS Prem Notional Rent,PRC DELEGATED CO-COMMISSIONING,SPRINGFIELD SURGERY STOCKPORT,25105488,2045.83,-
Department of Health,NHS Stockport CCG,31/12/2018,C&M-GMS QOF Aspiration,PRC DELEGATED CO-COMMISSIONING,SPRINGFIELD SURGERY STOCKPORT,25105488,4093.21,-
Department of Health,NHS Stockport CCG,31/12/2018,C&M-PMS Prem Notional Rent,PRC DELEGATED CO-COMMISSIONING,STOCKPORT MEDICAL GROUP,25105494,-7460.83,-
Department of Health,NHS Stockport CCG,31/12/2018,ME - PMS TPS Added Years Adj EEs,PRC DELEGATED CO-COMMISSIONING,STOCKPORT MEDICAL GROUP,25105494,-434.68,-
Department of Health,NHS Stockport CCG,31/12/2018,ME-PMS GP Pension EEs-PMS,PRC DELEGATED CO-COMMISSIONING,STOCKPORT MEDICAL GROUP,25105494,-8799.63,-
Department of Health,NHS Stockport CCG,31/12/2018,ME-PMS GP Pension ERs Adjs - PMS,PRC DELEGATED CO-COMMISSIONING,STOCKPORT MEDICAL GROUP,25105494,-9877.37,-
Department of Health,NHS Stockport CCG,31/12/2018,C&M-PMS Contract Value,PRC DELEGATED CO-COMMISSIONING,STOCKPORT MEDICAL GROUP,25105496,111827.14,-
Department of Health,NHS Stockport CCG,31/12/2018,C&M-PMS DES Extended Hours Access,PRC DELEGATED CO-COMMISSIONING,STOCKPORT MEDICAL GROUP,25105496,7690.25,-
Department of Health,NHS Stockport CCG,31/12/2018,C&M-PMS DES Learn Dsblty Hlth Chk,PRC DELEGATED CO-COMMISSIONING,STOCKPORT MEDICAL GROUP,25105496,420,-
Department of Health,NHS Stockport CCG,31/12/2018,C&M-PMS Funding Differential Review,PRC DELEGATED CO-COMMISSIONING,STOCKPORT MEDICAL GROUP,25105496,422.56,-
Department of Health,NHS Stockport CCG,31/12/2018,C&M-PMS PCO Seniority,PRC DELEGATED CO-COMMISSIONING,STOCKPORT MEDICAL GROUP,25105496,4709.37,-
Department of Health,NHS Stockport CCG,31/12/2018,C&M-PMS Prem Notional Rent,PRC DELEGATED CO-COMMISSIONING,STOCKPORT MEDICAL GROUP,25105496,15063.33,-
Department of Health,NHS Stockport CCG,31/12/2018,C&M-PMS QOF Aspiration,PRC DELEGATED CO-COMMISSIONING,STOCKPORT MEDICAL GROUP,25105496,13083.12,-
Department of Health,NHS Stockport CCG,31/12/2018,ME - PMS GP Prior Year ERs,PRC DELEGATED CO-COMMISSIONING,STOCKPORT MEDICAL GROUP,25105496,1784.77,-
Department of Health,NHS Stockport CCG,31/12/2018,ME-PMS GP Pension EEs Adjs - PMS,PRC DELEGATED CO-COMMISSIONING,STOCKPORT MEDICAL GROUP,25105496,186.64,-
Department of Health,NHS Stockport CCG,31/12/2018,ME-PMS GP Pension ERs Adjs - PMS,PRC DELEGATED CO-COMMISSIONING,STOCKPORT MEDICAL GROUP,25105496,60.06,-
Department of Health,NHS Stockport CCG,31/12/2018,ME-PMS GP Prior Year EEs,PRC DELEGATED CO-COMMISSIONING,STOCKPORT MEDICAL GROUP,25105496,1160.72,-
Department of Health,NHS Stockport CCG,31/12/2018,C&M-GMS DES Extended Hours Access,PRC DELEGATED CO-COMMISSIONING,VILLAGE SURGERY STOCKPORT,25105498,2747.4,-
Department of Health,NHS Stockport CCG,31/12/2018,C&M-GMS DES Minor Surgery,PRC DELEGATED CO-COMMISSIONING,VILLAGE SURGERY STOCKPORT,25105498,780.48,-
Department of Health,NHS Stockport CCG,31/12/2018,C&M-GMS Global Sum,PRC DELEGATED CO-COMMISSIONING,VILLAGE SURGERY STOCKPORT,25105498,37410.39,-
Department of Health,NHS Stockport CCG,31/12/2018,C&M-GMS MPIG Correction Factor,PRC DELEGATED CO-COMMISSIONING,VILLAGE SURGERY STOCKPORT,25105498,1377.65,-
Department of Health,NHS Stockport CCG,31/12/2018,C&M-GMS PCO Seniority,PRC DELEGATED CO-COMMISSIONING,VILLAGE SURGERY STOCKPORT,25105498,1479.95,-
Department of Health,NHS Stockport CCG,31/12/2018,C&M-GMS Prem Notional Rent,PRC DELEGATED CO-COMMISSIONING,VILLAGE SURGERY STOCKPORT,25105498,3191.67,-
Department of Health,NHS Stockport CCG,31/12/2018,C&M-GMS QOF Aspiration,PRC DELEGATED CO-COMMISSIONING,VILLAGE SURGERY STOCKPORT,25105498,3757.19,-
Department of Health,NHS Stockport CCG,31/12/2018,C&M-GMS DES Extended Hours Access,PRC DELEGATED CO-COMMISSIONING,WOODLEY VILLAGE SURGERY,25105508,1558.95,-
Department of Health,NHS Stockport CCG,31/12/2018,C&M-GMS DES Learn Dsblty Hlth Chk,PRC DELEGATED CO-COMMISSIONING,WOODLEY VILLAGE SURGERY,25105508,560,-
Department of Health,NHS Stockport CCG,31/12/2018,C&M-GMS DES Minor Surgery,PRC DELEGATED CO-COMMISSIONING,WOODLEY VILLAGE SURGERY,25105508,693.76,-
Department of Health,NHS Stockport CCG,31/12/2018,C&M-GMS Global Sum,PRC DELEGATED CO-COMMISSIONING,WOODLEY VILLAGE SURGERY,25105508,23804.29,-
Department of Health,NHS Stockport CCG,31/12/2018,C&M-GMS QOF Aspiration,PRC DELEGATED CO-COMMISSIONING,WOODLEY VILLAGE SURGERY,25105508,3135.04,-
Department of Health,NHS Stockport CCG,31/12/2018,C&M-GMS DES Extended Hours Access,PRC DELEGATED CO-COMMISSIONING,DR OWEN & PARTNERS,25105516,3054.25,-
Department of Health,NHS Stockport CCG,31/12/2018,C&M-GMS DES Minor Surgery,PRC DELEGATED CO-COMMISSIONING,DR OWEN & PARTNERS,25105516,173.44,-
Department of Health,NHS Stockport CCG,31/12/2018,C&M-GMS Global Sum,PRC DELEGATED CO-COMMISSIONING,DR OWEN & PARTNERS,25105516,45039.64,-
Department of Health,NHS Stockport CCG,31/12/2018,C&M-GMS MPIG Correction Factor,PRC DELEGATED CO-COMMISSIONING,DR OWEN & PARTNERS,25105516,74.87,-
Department of Health,NHS Stockport CCG,31/12/2018,C&M-GMS PCO Seniority,PRC DELEGATED CO-COMMISSIONING,DR OWEN & PARTNERS,25105516,2484.53,-
Department of Health,NHS Stockport CCG,31/12/2018,C&M-GMS QOF Aspiration,PRC DELEGATED CO-COMMISSIONING,DR OWEN & PARTNERS,25105516,5519.59,-
Department of Health,NHS Stockport CCG,31/12/2018,ME-GMS GP Pension EEs Adjustments,PRC DELEGATED CO-COMMISSIONING,DR OWEN & PARTNERS,25105516,641.66,-
Department of Health,NHS Stockport CCG,31/12/2018,ME-GMS GP Prior Year EEs,PRC DELEGATED CO-COMMISSIONING,DR OWEN & PARTNERS,25105516,1599.96,-
Department of Health,NHS Stockport CCG,31/12/2018,C&M-PMS Contract Value,PRC DELEGATED CO-COMMISSIONING,ADSWOOD ROAD SURGERY,25140226,28311.43,-
Department of Health,NHS Stockport CCG,31/12/2018,C&M-PMS DES Extended Hours Access,PRC DELEGATED CO-COMMISSIONING,ADSWOOD ROAD SURGERY,25140226,2133.7,-
Department of Health,NHS Stockport CCG,31/12/2018,C&M-PMS DES Learn Dsblty Hlth Chk,PRC DELEGATED CO-COMMISSIONING,ADSWOOD ROAD SURGERY,25140226,420,-
Department of Health,NHS Stockport CCG,31/12/2018,C&M-PMS Funding Differential Review,PRC DELEGATED CO-COMMISSIONING,ADSWOOD ROAD SURGERY,25140226,424.61,-
Department of Health,NHS Stockport CCG,31/12/2018,C&M-PMS Prem Notional Rent,PRC DELEGATED CO-COMMISSIONING,ADSWOOD ROAD SURGERY,25140226,2441.67,-
Department of Health,NHS Stockport CCG,31/12/2018,C&M-PMS QOF Aspiration,PRC DELEGATED CO-COMMISSIONING,ADSWOOD ROAD SURGERY,25140226,3678.48,-
Department of Health,NHS Stockport CCG,31/12/2018,ME-PMS GP Pension EEs Adjs - PMS,PRC DELEGATED CO-COMMISSIONING,ADSWOOD ROAD SURGERY,25140226,3606.18,-
Department of Health,NHS Stockport CCG,31/12/2018,ME-PMS GP Pension ERs Adjs - PMS,PRC DELEGATED CO-COMMISSIONING,ADSWOOD ROAD SURGERY,25140226,4293.61,-
Department of Health,NHS Stockport CCG,31/12/2018,C&M-GMS DES Extended Hours Access,PRC DELEGATED CO-COMMISSIONING,GATLEY MEDICAL CENTRE,25140227,4436.03,-
Department of Health,NHS Stockport CCG,31/12/2018,C&M-GMS DES Learn Dsblty Hlth Chk,PRC DELEGATED CO-COMMISSIONING,GATLEY MEDICAL CENTRE,25140227,280,-
Department of Health,NHS Stockport CCG,31/12/2018,C&M-GMS DES Minor Surgery,PRC DELEGATED CO-COMMISSIONING,GATLEY MEDICAL CENTRE,25140227,997.28,-
Department of Health,NHS Stockport CCG,31/12/2018,C&M-GMS Global Sum,PRC DELEGATED CO-COMMISSIONING,GATLEY MEDICAL CENTRE,25140227,61022.22,-
Department of Health,NHS Stockport CCG,31/12/2018,C&M-GMS MPIG Correction Factor,PRC DELEGATED CO-COMMISSIONING,GATLEY MEDICAL CENTRE,25140227,586.83,-
Department of Health,NHS Stockport CCG,31/12/2018,C&M-GMS PCO Locum Adop/Pat/Mat,PRC DELEGATED CO-COMMISSIONING,GATLEY MEDICAL CENTRE,25140227,1700,-
Department of Health,NHS Stockport CCG,31/12/2018,C&M-GMS PCO Locum Sickness,PRC DELEGATED CO-COMMISSIONING,GATLEY MEDICAL CENTRE,25140227,6599.63,-
Department of Health,NHS Stockport CCG,31/12/2018,C&M-GMS PCO Seniority,PRC DELEGATED CO-COMMISSIONING,GATLEY MEDICAL CENTRE,25140227,3124.91,-
Department of Health,NHS Stockport CCG,31/12/2018,C&M-GMS Prem Other,PRC DELEGATED CO-COMMISSIONING,GATLEY MEDICAL CENTRE,25140227,4538.7,-
Department of Health,NHS Stockport CCG,31/12/2018,C&M-GMS Prem Water Rates,PRC DELEGATED CO-COMMISSIONING,GATLEY MEDICAL CENTRE,25140227,779.81,-
Department of Health,NHS Stockport CCG,31/12/2018,C&M-GMS QOF Aspiration,PRC DELEGATED CO-COMMISSIONING,GATLEY MEDICAL CENTRE,25140227,7571.86,-
Department of Health,NHS Stockport CCG,31/12/2018,Apprenticeship Levy Payable,BALANCE SHEET,HMRC,25149894,827,-
Department of Health,NHS Stockport CCG,31/12/2018,Income tax <1Yr,BALANCE SHEET,HMRC,25149894,73557.1,-
Department of Health,NHS Stockport CCG,31/12/2018,Income tax <1Yr-Student Loans,BALANCE SHEET,HMRC,25149894,1536,-
Department of Health,NHS Stockport CCG,31/12/2018,National Insurance < 1 yr-NI- ERS,BALANCE SHEET,HMRC,25149894,44462.41,-
Department of Health,NHS Stockport CCG,31/12/2018,National Insurance < 1 yr-NI-EES,BALANCE SHEET,HMRC,25149894,31970.1,-
Department of Health,NHS Stockport CCG,31/12/2018,Statutory Mat Pay < 1 yr,BALANCE SHEET,HMRC,25149894,-2003.55,-
Department of Health,NHS Stockport CCG,31/12/2018,ME - PMS GP Prior Year ERs,PRC DELEGATED CO-COMMISSIONING,HEATON MOOR MEDICAL CENTRE,25168183,-17182.38,-
Department of Health,NHS Stockport CCG,31/12/2018,ME - PMS TPS Added Years Adj EEs,PRC DELEGATED CO-COMMISSIONING,HEATON MOOR MEDICAL CENTRE,25168183,-924.18,-
Department of Health,NHS Stockport CCG,31/12/2018,ME-PMS GP Pension EEs Adjs - PMS,PRC DELEGATED CO-COMMISSIONING,HEATON MOOR MEDICAL CENTRE,25168183,-300,-
Department of Health,NHS Stockport CCG,31/12/2018,ME-PMS GP Pension EEs-PMS,PRC DELEGATED CO-COMMISSIONING,HEATON MOOR MEDICAL CENTRE,25168183,-16472.14,-
Department of Health,NHS Stockport CCG,31/12/2018,ME-PMS GP Pension ERs Adjs - PMS,PRC DELEGATED CO-COMMISSIONING,HEATON MOOR MEDICAL CENTRE,25168183,-17774.17,-
Department of Health,NHS Stockport CCG,31/12/2018,ME-PMS GP Prior Year AVCs,PRC DELEGATED CO-COMMISSIONING,HEATON MOOR MEDICAL CENTRE,25168183,-552.61,-
Department of Health,NHS Stockport CCG,31/12/2018,ME-PMS GP Prior Year EEs,PRC DELEGATED CO-COMMISSIONING,HEATON MOOR MEDICAL CENTRE,25168183,-16945.29,-
Department of Health,NHS Stockport CCG,31/12/2018,C&M-PMS Contract Value,PRC DELEGATED CO-COMMISSIONING,HEATON MOOR MEDICAL CENTRE,25168184,255742.05,-
Department of Health,NHS Stockport CCG,31/12/2018,C&M-PMS DES Extended Hours Access,PRC DELEGATED CO-COMMISSIONING,HEATON MOOR MEDICAL CENTRE,25168184,17807.75,-
Department of Health,NHS Stockport CCG,31/12/2018,C&M-PMS DES Learn Dsblty Hlth Chk,PRC DELEGATED CO-COMMISSIONING,HEATON MOOR MEDICAL CENTRE,25168184,140,-
Department of Health,NHS Stockport CCG,31/12/2018,C&M-PMS DES Minor Surgery,PRC DELEGATED CO-COMMISSIONING,HEATON MOOR MEDICAL CENTRE,25168184,4292.64,-
Department of Health,NHS Stockport CCG,31/12/2018,C&M-PMS Funding Differential Review,PRC DELEGATED CO-COMMISSIONING,HEATON MOOR MEDICAL CENTRE,25168184,1756.83,-
Department of Health,NHS Stockport CCG,31/12/2018,C&M-PMS PCO Locum Adop/Pat/Mat,PRC DELEGATED CO-COMMISSIONING,HEATON MOOR MEDICAL CENTRE,25168184,10572.24,-
Department of Health,NHS Stockport CCG,31/12/2018,C&M-PMS PCO Seniority,PRC DELEGATED CO-COMMISSIONING,HEATON MOOR MEDICAL CENTRE,25168184,8820.46,-
Department of Health,NHS Stockport CCG,31/12/2018,C&M-PMS Prem Notional Rent,PRC DELEGATED CO-COMMISSIONING,HEATON MOOR MEDICAL CENTRE,25168184,11243.75,-
Department of Health,NHS Stockport CCG,31/12/2018,C&M-PMS QOF Aspiration,PRC DELEGATED CO-COMMISSIONING,HEATON MOOR MEDICAL CENTRE,25168184,26742.15,-
Department of Health,NHS Stockport CCG,31/12/2018,ME-PMS GP Prior Year EEs,PRC DELEGATED CO-COMMISSIONING,HEATON MOOR MEDICAL CENTRE,25168184,73.15,-
Department of Health,NHS Stockport CCG,31/12/2018,Non-PFI Oprtng Lease-Bldgs-Lease Rent,ESTATES AND FACILITIES,NHS PROPERTY SERVICES LTD,25173301,-172277.47,156725100
Department of Health,NHS Stockport CCG,31/12/2018,Clinical&Medical-Serv Recd-CCGs,PRIMARY CARE IT,NHS OLDHAM CCG,25173327,-56992,-
Department of Health,NHS Stockport CCG,31/12/2018,Other Gen Supplies & Srv,IM&T,NHS OLDHAM CCG,25173327,-59782,-
Department of Health,NHS Stockport CCG,31/12/2018,Non-PFI Oprtng Lease-Bldgs-Lease Rent,ESTATES AND FACILITIES,NHS PROPERTY SERVICES LTD,25185688,167445.15,156725100
Department of Health,NHS Stockport CCG,31/12/2018,Clinical&Medical-Serv Recd-CCGs,PRIMARY CARE IT,NHS OLDHAM CCG,25185738,99767,-
Department of Health,NHS Stockport CCG,31/12/2018,Other Gen Supplies & Srv,IM&T,NHS OLDHAM CCG,25185738,18487,-
Department of Health,NHS Stockport CCG,31/12/2018,Other Gen Supplies & Srv,COLLABORATIVE COMMISSIONING,NHS OLDHAM CCG,25185740,1978,-
Department of Health,NHS Stockport CCG,31/12/2018,Other Gen Supplies & Srv,CONTRACT MANAGEMENT,NHS OLDHAM CCG,25185740,22555,-
Department of Health,NHS Stockport CCG,31/12/2018,Other Gen Supplies & Srv,HUMAN RESOURCES,NHS OLDHAM CCG,25185740,10374,-
Department of Health,NHS Stockport CCG,31/12/2018,Other Gen Supplies & Srv,IM&T,NHS OLDHAM CCG,25185740,2184,-
Department of Health,NHS Stockport CCG,31/12/2018,Other Gen Supplies & Srv,MEDICINES MANAGEMENT - CLINICAL,NHS OLDHAM CCG,25185740,8857,-
Department of Health,NHS Stockport CCG,31/12/2018,Other Gen Supplies & Srv,NHS 111,NHS OLDHAM CCG,25185740,1861,-
Department of Health,NHS Stockport CCG,31/12/2018,Clinical&Medical-Serv Recd-NHS Trst,NHS 111,NORTH WEST AMBULANCE SERVICE NHS TRUST,25185741,74254,654435138
Department of Health,NHS Stockport CCG,31/12/2018,Hcare Srv Rec Fdtn Trust-Contract Baseline,MENTAL HEALTH CONTRACTS,PENNINE CARE NHS FOUNDATION TRUST,25218513,33337,654425730
Department of Health,NHS Stockport CCG,31/12/2018,Hcare Srv Rec NHS Trust-Contract Baseline,COLLABORATIVE COMMISSIONING,NORTH WEST AMBULANCE SERVICE NHS TRUST,25218534,703527,654435138
Department of Health,NHS Stockport CCG,31/12/2018,Hcare Srv Rec NHS Trust-Contract Baseline,COLLABORATIVE COMMISSIONING,NORTH WEST AMBULANCE SERVICE NHS TRUST,25218590,72919,654435138
Department of Health,NHS Stockport CCG,31/12/2018,Hcare Srv Rec Fdtn Trust-Contract Baseline,MENTAL HEALTH CONTRACTS,GREATER MANCHESTER MENTAL HEALTH NHS FOUNDATION TRUST,25218628,30731.36,GB654929594
Department of Health,NHS Stockport CCG,31/12/2018,Hcare Srv Rec Fdtn Trust-Non Contract,MENTAL HEALTH CONTRACTS,PENNINE CARE NHS FOUNDATION TRUST,25218653,36800,654425730
Department of Health,NHS Stockport CCG,31/12/2018,Clinical&Medical-Commercial Sector,COMMISSIONING SCHEMES,MASTERCALL HEALTHCARE,25218656,50252.33,-
Department of Health,NHS Stockport CCG,31/12/2018,Hcare Srv Rec NHS Trust-Contract Baseline,COLLABORATIVE COMMISSIONING,NORTH WEST AMBULANCE SERVICE NHS TRUST,25218674,37879.28,654435138
Department of Health,NHS Stockport CCG,31/12/2018,Clinical&Medical-Commercial Sector,MENTAL HEALTH CONTRACTS,FUTURE DIRECTIONS CIC,25218728,56805.63,-
Department of Health,NHS Stockport CCG,31/12/2018,Hcare Srv Rec Fdtn Trust-Contract Baseline,ACUTE COMMISSIONING,WRIGHTINGTON WIGAN & LEIGH NHS FOUNDATION TRUST,25244274,54945,GB654951509
Department of Health,NHS Stockport CCG,31/12/2018,Clinical&Medical-Commercial Sector,PLANNED CARE,OPTEGRA MANCHESTER,25244308,328890,938297867
Department of Health,NHS Stockport CCG,31/12/2018,Hcare Srv Rec Fdtn Trust-Contract Baseline,MENTAL HEALTH CONTRACTS,PENNINE CARE NHS FOUNDATION TRUST,25244328,2373978,654425730
Department of Health,NHS Stockport CCG,31/12/2018,Hcare Srv Rec Fdtn Trust-Non Contract,MENTAL HEALTH CONTRACTS,PENNINE CARE NHS FOUNDATION TRUST,25244360,98044,654425730
Department of Health,NHS Stockport CCG,31/12/2018,Hcare Srv Rec Fdtn Trust-Contract Baseline,ACUTE COMMISSIONING,TAMESIDE HOSPITAL NHS FOUNDATION TRUST,25244363,96041.06,654945109
Department of Health,NHS Stockport CCG,31/12/2018,C&M-GMS LES 24 Hour ABPM,LOCAL ENHANCED SERVICES,VIADUCT CARE LTD,25283594,12164.42,-
Department of Health,NHS Stockport CCG,31/12/2018,C&M-GMS LES Spirometry,LOCAL ENHANCED SERVICES,VIADUCT CARE LTD,25283594,8363.25,-
Department of Health,NHS Stockport CCG,31/12/2018,Clinical&Medical-Independent Sector,COMMISSIONING SCHEMES,VIADUCT CARE LTD,25283594,329472.33,-
Department of Health,NHS Stockport CCG,31/12/2018,Clinical&Medical-Commercial Sector,MENTAL HEALTH SERVICES - ADULTS,CYGNET HEALTHCARE LTD,25283631,50979,248280396
Department of Health,NHS Stockport CCG,31/12/2018,Hcare Srv Rec Fdtn Trust-Non Contract,MENTAL HEALTH CONTRACTS,PENNINE CARE NHS FOUNDATION TRUST,25283733,70153,654425730
Department of Health,NHS Stockport CCG,31/12/2018,Clinical&Medical-Commercial Sector,HOSPICES,ST ANNES HOSPICE,25283799,217962,-
Department of Health,NHS Stockport CCG,31/12/2018,C&M-PMS Cost of Drugs -Prescribing,LOCAL ENHANCED SERVICES,BRAMHALL PARK MEDICAL CENTRE,25321651,20472.11,-
Department of Health,NHS Stockport CCG,31/12/2018,C&M-PMS Prof fees Prescribing,PRC DELEGATED CO-COMMISSIONING,BRAMHALL PARK MEDICAL CENTRE,25321651,4606.02,-
Department of Health,NHS Stockport CCG,31/12/2018,C&M-GMS Cost of Drugs -Prescribing,LOCAL ENHANCED SERVICES,CHEADLE MEDICAL PRACTICE,25321659,20935.54,-
Department of Health,NHS Stockport CCG,31/12/2018,C&M-GMS Prof Fees Prescribing,PRC DELEGATED CO-COMMISSIONING,CHEADLE MEDICAL PRACTICE,25321659,5531.24,-
Department of Health,NHS Stockport CCG,31/12/2018,C&M-PMS Cost of Drugs -Prescribing,LOCAL ENHANCED SERVICES,HEATON MOOR MEDICAL CENTRE,25323045,45521.46,-
Department of Health,NHS Stockport CCG,31/12/2018,C&M-PMS Prof fees Prescribing,PRC DELEGATED CO-COMMISSIONING,HEATON MOOR MEDICAL CENTRE,25323045,11001.16,-
Department of Health,NHS Stockport CCG,31/12/2018,Hcare Srv Rec Fdtn Trust-Contract Baseline,ACUTE COMMISSIONING,MANCHESTER UNIVERSITY NHS FOUNDATION TRUST,25342992,4108414,654415538
Department of Health,NHS Stockport CCG,31/12/2018,Hcare Srv Rec Fdtn Trust-Non Contract,COMMUNITY SERVICES,STOCKPORT NHS FOUNDATION TRUST,25342993,39133,654974295
Department of Health,NHS Stockport CCG,31/12/2018,Hcare Srv Rec Fdtn Trust-Contract Baseline,ACUTE COMMISSIONING,STOCKPORT NHS FOUNDATION TRUST,25342994,12879584,654974295
Department of Health,NHS Stockport CCG,31/12/2018,Hcare Srv Rec Fdtn Trust-Contract Baseline,COMMUNITY SERVICES,STOCKPORT NHS FOUNDATION TRUST,25342995,1619988,654974295
Department of Health,NHS Stockport CCG,31/12/2018,Computer Software/License,PROGRAMME PROJECTS,MEDICAL DATA SOLUTIONS & SERVICES LTD,25364484,34800,-
Department of Health,NHS Stockport CCG,31/12/2018,Clinical&Medical-Othe Public Sector,COMMISSIONING - NON ACUTE,STOCKPORT METROPOLITAN BOROUGH COUNCIL,25364499,25000,GB158556040
Department of Health,NHS Stockport CCG,31/12/2018,Clinical&Medical-Othe Public Sector,COMMUNITY SERVICES,STOCKPORT METROPOLITAN BOROUGH COUNCIL,25364499,1083000,GB158556040
Department of Health,NHS Stockport CCG,31/12/2018,Clinical&Medical-Othe Public Sector,LEARNING DIFFICULTIES,STOCKPORT METROPOLITAN BOROUGH COUNCIL,25364499,132916.67,GB158556040
Department of Health,NHS Stockport CCG,31/12/2018,Clinical&Medical-Othe Public Sector,LONG TERM CONDITIONS,STOCKPORT METROPOLITAN BOROUGH COUNCIL,25364499,317666.66,GB158556040
Department of Health,NHS Stockport CCG,31/12/2018,Clinical&Medical-Othe Public Sector,MENTAL HEALTH SERVICES - OTHER,STOCKPORT METROPOLITAN BOROUGH COUNCIL,25364499,24083.34,GB158556040
Department of Health,NHS Stockport CCG,31/12/2018,Clinical&Medical-Othe Public Sector,REABLEMENT,STOCKPORT METROPOLITAN BOROUGH COUNCIL,25364499,100333.33,GB158556040
Department of Health,NHS Stockport CCG,31/12/2018,Cont Care- Children,CHC CHILDREN,STOCKPORT METROPOLITAN BOROUGH COUNCIL,25364511,81358.96,GB158556040
Department of Health,NHS Stockport CCG,31/12/2018,Clinical&Medical-Independent Sector,OUT OF HOURS,MASTERCALL HEALTHCARE,25364517,269279,-
Department of Health,NHS Stockport CCG,31/12/2018,Hcare Srv Rec Fdtn Trust-Non Contract,ACUTE COMMISSIONING,STOCKPORT NHS FOUNDATION TRUST,25364526,-105388,654974295
Department of Health,NHS Stockport CCG,31/12/2018,Hcare Srv Rec Fdtn Trust-Non Contract,NON RECURRENT PROGRAMMES,STOCKPORT NHS FOUNDATION TRUST,25364528,583500,654974295
