Department family,Entity,Date,Expense Type,Expense area,Supplier,Transaction number,AP Amount (�),VAT registration number
Department of Health,NHS Stockport CCG,31/05/2018,Cont Care- Children,CHC CHILDREN,STOCKPORT METROPOLITAN BOROUGH COUNCIL,22015015,39215.5,GB158556040
Department of Health,NHS Stockport CCG,31/05/2018,Cont Care-Learning Disab(<65),CHC AD FULL FUND PERS HLTH BUD,STOCKPORT METROPOLITAN BOROUGH COUNCIL,22015016,49640.24,GB158556040
Department of Health,NHS Stockport CCG,31/05/2018,Cont Care- Children,CHC CHILDREN,STOCKPORT METROPOLITAN BOROUGH COUNCIL,22015018,40679.58,GB158556040
Department of Health,NHS Stockport CCG,31/05/2018,Hcare Srv Rec Fdtn Trust-Contract Baseline,ACUTE COMMISSIONING,MANCHESTER UNIVERSITY NHS FOUNDATION TRUST,22015080,4239392.75,654415538
Department of Health,NHS Stockport CCG,31/05/2018,Hcare Srv Rec Fdtn Trust-Non Contract,COMMUNITY SERVICES,STOCKPORT NHS FOUNDATION TRUST,22015161,42350,
Department of Health,NHS Stockport CCG,31/05/2018,Hcare Srv Rec Fdtn Trust-Contract Baseline,COMMUNITY SERVICES,STOCKPORT NHS FOUNDATION TRUST,22015164,1578300,
Department of Health,NHS Stockport CCG,31/05/2018,Hcare Srv Rec Fdtn Trust-Contract Baseline,ACUTE COMMISSIONING,STOCKPORT NHS FOUNDATION TRUST,22015165,13241196,
Department of Health,NHS Stockport CCG,31/05/2018,Services From Local Authorities,NON RECURRENT PROGRAMMES,STOCKPORT METROPOLITAN BOROUGH COUNCIL,22021196,750000,GB158556040
Department of Health,NHS Stockport CCG,31/05/2018,Clinical&Medical-Commercial Sector,Winter Resilience,OAKWOOD HOUSE PSYCHOLOGICAL SERVICES & TRAINING LTD,22037796,44867.43,
Department of Health,NHS Stockport CCG,31/05/2018,Cont Care-Learning Disab(<65),CHC ADULT FULLY FUNDED,STOCKPORT METROPOLITAN BOROUGH COUNCIL,22054390,30112.94,GB158556040
Department of Health,NHS Stockport CCG,31/05/2018,Other Gen Supplies & Srv,COLLABORATIVE COMMISSIONING,NHS OLDHAM CCG,22090670,1978,
Department of Health,NHS Stockport CCG,31/05/2018,Other Gen Supplies & Srv,CONTRACT MANAGEMENT,NHS OLDHAM CCG,22090670,22555,
Department of Health,NHS Stockport CCG,31/05/2018,Other Gen Supplies & Srv,HUMAN RESOURCES,NHS OLDHAM CCG,22090670,10374,
Department of Health,NHS Stockport CCG,31/05/2018,Other Gen Supplies & Srv,IM&T,NHS OLDHAM CCG,22090670,2184,
Department of Health,NHS Stockport CCG,31/05/2018,Other Gen Supplies & Srv,MEDICINES MANAGEMENT - CLINICAL,NHS OLDHAM CCG,22090670,8857,
Department of Health,NHS Stockport CCG,31/05/2018,Other Gen Supplies & Srv,NHS 111,NHS OLDHAM CCG,22090670,1861,
Department of Health,NHS Stockport CCG,31/05/2018,C&M-PMS Contract Value,PRC DELEGATED CO-COMMISSIONING,BEECH HOUSE MEDICAL PRACTICE,22110076,54178.11,
Department of Health,NHS Stockport CCG,31/05/2018,C&M-PMS Funding Differential Review,PRC DELEGATED CO-COMMISSIONING,BEECH HOUSE MEDICAL PRACTICE,22110076,934.27,
Department of Health,NHS Stockport CCG,31/05/2018,C&M-PMS PCO Locum Adop/Pat/Mat,PRC DELEGATED CO-COMMISSIONING,BEECH HOUSE MEDICAL PRACTICE,22110076,7392,
Department of Health,NHS Stockport CCG,31/05/2018,C&M-PMS Prem Rates,PRC DELEGATED CO-COMMISSIONING,BEECH HOUSE MEDICAL PRACTICE,22110076,7702.47,
Department of Health,NHS Stockport CCG,31/05/2018,C&M-PMS Prem Water Rates,PRC DELEGATED CO-COMMISSIONING,BEECH HOUSE MEDICAL PRACTICE,22110076,233.07,
Department of Health,NHS Stockport CCG,31/05/2018,C&M-PMS QOF Aspiration,PRC DELEGATED CO-COMMISSIONING,BEECH HOUSE MEDICAL PRACTICE,22110076,8495.05,
Department of Health,NHS Stockport CCG,31/05/2018,C&M-PMS Contract Value,PRC DELEGATED CO-COMMISSIONING,ALVANLEY FAMILY PRACTICE,22110078,37327.49,
Department of Health,NHS Stockport CCG,31/05/2018,C&M-PMS DES Learn Dsblty Hlth Chk,PRC DELEGATED CO-COMMISSIONING,ALVANLEY FAMILY PRACTICE,22110078,1540,
Department of Health,NHS Stockport CCG,31/05/2018,C&M-PMS Funding Differential Review,PRC DELEGATED CO-COMMISSIONING,ALVANLEY FAMILY PRACTICE,22110078,108.76,
Department of Health,NHS Stockport CCG,31/05/2018,C&M-PMS Prem Healthcentre Rent,PRC DELEGATED CO-COMMISSIONING,ALVANLEY FAMILY PRACTICE,22110078,41934.04,
Department of Health,NHS Stockport CCG,31/05/2018,C&M-PMS QOF Aspiration,PRC DELEGATED CO-COMMISSIONING,ALVANLEY FAMILY PRACTICE,22110078,4496.1,
Department of Health,NHS Stockport CCG,31/05/2018,C&M-PMS Contract Value,PRC DELEGATED CO-COMMISSIONING,ARCHWOOD MEDICAL PRACTICE,22110079,42876.93,
Department of Health,NHS Stockport CCG,31/05/2018,C&M-PMS DES Minor Surgery,PRC DELEGATED CO-COMMISSIONING,ARCHWOOD MEDICAL PRACTICE,22110079,1257.44,
Department of Health,NHS Stockport CCG,31/05/2018,C&M-PMS Funding Differential Review,PRC DELEGATED CO-COMMISSIONING,ARCHWOOD MEDICAL PRACTICE,22110079,341.52,
Department of Health,NHS Stockport CCG,31/05/2018,C&M-PMS PCO Locum Adop/Pat/Mat,PRC DELEGATED CO-COMMISSIONING,ARCHWOOD MEDICAL PRACTICE,22110079,25281.98,
Department of Health,NHS Stockport CCG,31/05/2018,C&M-PMS Prem Healthcentre Rent,PRC DELEGATED CO-COMMISSIONING,ARCHWOOD MEDICAL PRACTICE,22110079,63172.83,
Department of Health,NHS Stockport CCG,31/05/2018,C&M-PMS QOF Aspiration,PRC DELEGATED CO-COMMISSIONING,ARCHWOOD MEDICAL PRACTICE,22110079,5859.38,
Department of Health,NHS Stockport CCG,31/05/2018,C&M-GMS DES Learn Dsblty Hlth Chk,PRC DELEGATED CO-COMMISSIONING,ADSHALL ROAD MEDICAL PRACTICE,22110081,420,
Department of Health,NHS Stockport CCG,31/05/2018,C&M-GMS Global Sum,PRC DELEGATED CO-COMMISSIONING,ADSHALL ROAD MEDICAL PRACTICE,22110081,31864.41,
Department of Health,NHS Stockport CCG,31/05/2018,C&M-GMS MPIG Correction Factor,PRC DELEGATED CO-COMMISSIONING,ADSHALL ROAD MEDICAL PRACTICE,22110081,424.57,
Department of Health,NHS Stockport CCG,31/05/2018,C&M-GMS Prem Notional Rent,PRC DELEGATED CO-COMMISSIONING,ADSHALL ROAD MEDICAL PRACTICE,22110081,2627.33,
Department of Health,NHS Stockport CCG,31/05/2018,C&M-GMS Prem Rates,PRC DELEGATED CO-COMMISSIONING,ADSHALL ROAD MEDICAL PRACTICE,22110081,3156.77,
Department of Health,NHS Stockport CCG,31/05/2018,C&M-GMS Prem Water Rates,PRC DELEGATED CO-COMMISSIONING,ADSHALL ROAD MEDICAL PRACTICE,22110081,301.46,
Department of Health,NHS Stockport CCG,31/05/2018,C&M-GMS QOF Aspiration,PRC DELEGATED CO-COMMISSIONING,ADSHALL ROAD MEDICAL PRACTICE,22110081,4038.3,
Department of Health,NHS Stockport CCG,31/05/2018,C&M-PMS Contract Value,PRC DELEGATED CO-COMMISSIONING,ADSWOOD ROAD SURGERY,22110083,28124.53,
Department of Health,NHS Stockport CCG,31/05/2018,C&M-PMS DES Learn Dsblty Hlth Chk,PRC DELEGATED CO-COMMISSIONING,ADSWOOD ROAD SURGERY,22110083,1120,
Department of Health,NHS Stockport CCG,31/05/2018,C&M-PMS Funding Differential Review,PRC DELEGATED CO-COMMISSIONING,ADSWOOD ROAD SURGERY,22110083,424.61,
Department of Health,NHS Stockport CCG,31/05/2018,C&M-PMS Prem Notional Rent,PRC DELEGATED CO-COMMISSIONING,ADSWOOD ROAD SURGERY,22110083,2441.67,
Department of Health,NHS Stockport CCG,31/05/2018,C&M-PMS QOF Aspiration,PRC DELEGATED CO-COMMISSIONING,ADSWOOD ROAD SURGERY,22110083,3678.48,
Department of Health,NHS Stockport CCG,31/05/2018,C&M-GMS DES Learn Dsblty Hlth Chk,PRC DELEGATED CO-COMMISSIONING,BRAMHALL HEALTH CENTRE,22110085,280,
Department of Health,NHS Stockport CCG,31/05/2018,C&M-GMS Global Sum,PRC DELEGATED CO-COMMISSIONING,BRAMHALL HEALTH CENTRE,22110085,84244.61,
Department of Health,NHS Stockport CCG,31/05/2018,C&M-GMS MPIG Correction Factor,PRC DELEGATED CO-COMMISSIONING,BRAMHALL HEALTH CENTRE,22110085,1526.02,
Department of Health,NHS Stockport CCG,31/05/2018,C&M-GMS QOF Aspiration,PRC DELEGATED CO-COMMISSIONING,BRAMHALL HEALTH CENTRE,22110085,9679.61,
Department of Health,NHS Stockport CCG,31/05/2018,ME-GMS GP Pension EEs Adjustments,PRC DELEGATED CO-COMMISSIONING,BRAMHALL HEALTH CENTRE,22110085,1812.5,
Department of Health,NHS Stockport CCG,31/05/2018,ME-GMS GP Pension ERs Adjustments,PRC DELEGATED CO-COMMISSIONING,BRAMHALL HEALTH CENTRE,22110085,1797.5,
Department of Health,NHS Stockport CCG,31/05/2018,C&M-PMS Contract Value,PRC DELEGATED CO-COMMISSIONING,BRAMHALL PARK MEDICAL CENTRE,22110087,96788.91,
Department of Health,NHS Stockport CCG,31/05/2018,C&M-PMS DES Learn Dsblty Hlth Chk,PRC DELEGATED CO-COMMISSIONING,BRAMHALL PARK MEDICAL CENTRE,22110087,5320,
Department of Health,NHS Stockport CCG,31/05/2018,C&M-PMS DES Minor Surgery,PRC DELEGATED CO-COMMISSIONING,BRAMHALL PARK MEDICAL CENTRE,22110087,260.16,
Department of Health,NHS Stockport CCG,31/05/2018,C&M-PMS Funding Differential Review,PRC DELEGATED CO-COMMISSIONING,BRAMHALL PARK MEDICAL CENTRE,22110087,887.4,
Department of Health,NHS Stockport CCG,31/05/2018,C&M-PMS Prem Healthcentre Rent,PRC DELEGATED CO-COMMISSIONING,BRAMHALL PARK MEDICAL CENTRE,22110087,15152.74,
Department of Health,NHS Stockport CCG,31/05/2018,C&M-PMS Prem Notional Rent,PRC DELEGATED CO-COMMISSIONING,BRAMHALL PARK MEDICAL CENTRE,22110087,2900,
Department of Health,NHS Stockport CCG,31/05/2018,C&M-PMS Prem Water Rates,PRC DELEGATED CO-COMMISSIONING,BRAMHALL PARK MEDICAL CENTRE,22110087,265.83,
Department of Health,NHS Stockport CCG,31/05/2018,C&M-PMS QOF Aspiration,PRC DELEGATED CO-COMMISSIONING,BRAMHALL PARK MEDICAL CENTRE,22110087,12894.65,
Department of Health,NHS Stockport CCG,31/05/2018,C&M-PMS Contract Value,PRC DELEGATED CO-COMMISSIONING,BREDBURY MEDICAL PRACTICE,22110089,31774.75,
Department of Health,NHS Stockport CCG,31/05/2018,C&M-PMS Funding Differential Review,PRC DELEGATED CO-COMMISSIONING,BREDBURY MEDICAL PRACTICE,22110089,398.52,
Department of Health,NHS Stockport CCG,31/05/2018,C&M-PMS Prem Notional Rent,PRC DELEGATED CO-COMMISSIONING,BREDBURY MEDICAL PRACTICE,22110089,3316.67,
Department of Health,NHS Stockport CCG,31/05/2018,C&M-PMS QOF Aspiration,PRC DELEGATED CO-COMMISSIONING,BREDBURY MEDICAL PRACTICE,22110089,3370.09,
Department of Health,NHS Stockport CCG,31/05/2018,C&M-GMS Global Sum,PRC DELEGATED CO-COMMISSIONING,BRACONDALE MEDICAL CENTRE,22110091,35909.18,
Department of Health,NHS Stockport CCG,31/05/2018,C&M-GMS MPIG Correction Factor,PRC DELEGATED CO-COMMISSIONING,BRACONDALE MEDICAL CENTRE,22110091,440.1,
Department of Health,NHS Stockport CCG,31/05/2018,C&M-GMS QOF Aspiration,PRC DELEGATED CO-COMMISSIONING,BRACONDALE MEDICAL CENTRE,22110091,3928.52,
Department of Health,NHS Stockport CCG,31/05/2018,C&M-PMS Contract Value,PRC DELEGATED CO-COMMISSIONING,CARITAS GENERAL PRACTICE PARTNERSHIP,22110093,93607.43,
Department of Health,NHS Stockport CCG,31/05/2018,C&M-PMS Funding Differential Review,PRC DELEGATED CO-COMMISSIONING,CARITAS GENERAL PRACTICE PARTNERSHIP,22110093,77.25,
Department of Health,NHS Stockport CCG,31/05/2018,C&M-PMS PCO Locum Sickness,PRC DELEGATED CO-COMMISSIONING,CARITAS GENERAL PRACTICE PARTNERSHIP,22110093,6590.04,
Department of Health,NHS Stockport CCG,31/05/2018,C&M-PMS Prem Actual Rent,PRC DELEGATED CO-COMMISSIONING,CARITAS GENERAL PRACTICE PARTNERSHIP,22110093,870,
Department of Health,NHS Stockport CCG,31/05/2018,C&M-PMS Prem Notional Rent,PRC DELEGATED CO-COMMISSIONING,CARITAS GENERAL PRACTICE PARTNERSHIP,22110093,6626.66,
Department of Health,NHS Stockport CCG,31/05/2018,C&M-PMS QOF Aspiration,PRC DELEGATED CO-COMMISSIONING,CARITAS GENERAL PRACTICE PARTNERSHIP,22110093,11271.09,
Department of Health,NHS Stockport CCG,31/05/2018,C&M-GMS Global Sum,PRC DELEGATED CO-COMMISSIONING,CALE GREEN SURGERY,22110095,26919.67,
Department of Health,NHS Stockport CCG,31/05/2018,C&M-GMS MPIG Correction Factor,PRC DELEGATED CO-COMMISSIONING,CALE GREEN SURGERY,22110095,113.74,
Department of Health,NHS Stockport CCG,31/05/2018,C&M-GMS Prem Notional Rent,PRC DELEGATED CO-COMMISSIONING,CALE GREEN SURGERY,22110095,1416.67,
Department of Health,NHS Stockport CCG,31/05/2018,C&M-GMS QOF Aspiration,PRC DELEGATED CO-COMMISSIONING,CALE GREEN SURGERY,22110095,2654.95,
Department of Health,NHS Stockport CCG,31/05/2018,C&M-PMS Contract Value,PRC DELEGATED CO-COMMISSIONING,BRINNINGTON HEALTH CENTRE STOCKPORT,22110097,74745.78,
Department of Health,NHS Stockport CCG,31/05/2018,C&M-PMS DES Minor Surgery,PRC DELEGATED CO-COMMISSIONING,BRINNINGTON HEALTH CENTRE STOCKPORT,22110097,1170.72,
Department of Health,NHS Stockport CCG,31/05/2018,C&M-PMS Funding Differential Review,PRC DELEGATED CO-COMMISSIONING,BRINNINGTON HEALTH CENTRE STOCKPORT,22110097,314.34,
Department of Health,NHS Stockport CCG,31/05/2018,C&M-PMS Prem Healthcentre Rent,PRC DELEGATED CO-COMMISSIONING,BRINNINGTON HEALTH CENTRE STOCKPORT,22110097,1708.16,
Department of Health,NHS Stockport CCG,31/05/2018,C&M-PMS QOF Aspiration,PRC DELEGATED CO-COMMISSIONING,BRINNINGTON HEALTH CENTRE STOCKPORT,22110097,10407.72,
Department of Health,NHS Stockport CCG,31/05/2018,C&M-PMS Contract Value,PRC DELEGATED CO-COMMISSIONING,CHEADLE HULME HEALTH CENTRE - DR SEABROOK,22110099,85032.73,
Department of Health,NHS Stockport CCG,31/05/2018,C&M-PMS DES Minor Surgery,PRC DELEGATED CO-COMMISSIONING,CHEADLE HULME HEALTH CENTRE - DR SEABROOK,22110099,2428.16,
Department of Health,NHS Stockport CCG,31/05/2018,C&M-PMS Funding Differential Review,PRC DELEGATED CO-COMMISSIONING,CHEADLE HULME HEALTH CENTRE - DR SEABROOK,22110099,517.22,
Department of Health,NHS Stockport CCG,31/05/2018,C&M-PMS Prem Healthcentre Rent,PRC DELEGATED CO-COMMISSIONING,CHEADLE HULME HEALTH CENTRE - DR SEABROOK,22110099,19380.76,
Department of Health,NHS Stockport CCG,31/05/2018,C&M-PMS Prem Notional Rent,PRC DELEGATED CO-COMMISSIONING,CHEADLE HULME HEALTH CENTRE - DR SEABROOK,22110099,3812.5,
Department of Health,NHS Stockport CCG,31/05/2018,C&M-PMS QOF Aspiration,PRC DELEGATED CO-COMMISSIONING,CHEADLE HULME HEALTH CENTRE - DR SEABROOK,22110099,9344.42,
Department of Health,NHS Stockport CCG,31/05/2018,C&M-PMS Contract Value,PRC DELEGATED CO-COMMISSIONING,CHEADLE HULME HEALTH CENTRE - DR SHIPSTON,22110101,72691.32,
Department of Health,NHS Stockport CCG,31/05/2018,C&M-PMS DES Learn Dsblty Hlth Chk,PRC DELEGATED CO-COMMISSIONING,CHEADLE HULME HEALTH CENTRE - DR SHIPSTON,22110101,1960,
Department of Health,NHS Stockport CCG,31/05/2018,C&M-PMS Funding Differential Review,PRC DELEGATED CO-COMMISSIONING,CHEADLE HULME HEALTH CENTRE - DR SHIPSTON,22110101,717.61,
Department of Health,NHS Stockport CCG,31/05/2018,C&M-PMS PCO Locum Adop/Pat/Mat,PRC DELEGATED CO-COMMISSIONING,CHEADLE HULME HEALTH CENTRE - DR SHIPSTON,22110101,2063.26,
Department of Health,NHS Stockport CCG,31/05/2018,C&M-PMS Prem Healthcentre Rent,PRC DELEGATED CO-COMMISSIONING,CHEADLE HULME HEALTH CENTRE - DR SHIPSTON,22110101,9827.43,
Department of Health,NHS Stockport CCG,31/05/2018,C&M-PMS Prem Notional Rent,PRC DELEGATED CO-COMMISSIONING,CHEADLE HULME HEALTH CENTRE - DR SHIPSTON,22110101,4941.67,
Department of Health,NHS Stockport CCG,31/05/2018,C&M-PMS QOF Aspiration,PRC DELEGATED CO-COMMISSIONING,CHEADLE HULME HEALTH CENTRE - DR SHIPSTON,22110101,8235.81,
Department of Health,NHS Stockport CCG,31/05/2018,C&M-GMS DES Learn Dsblty Hlth Chk,PRC DELEGATED CO-COMMISSIONING,CHEADLE MEDICAL PRACTICE,22110103,1120,
Department of Health,NHS Stockport CCG,31/05/2018,C&M-GMS DES Minor Surgery,PRC DELEGATED CO-COMMISSIONING,CHEADLE MEDICAL PRACTICE,22110103,2037.92,
Department of Health,NHS Stockport CCG,31/05/2018,C&M-GMS Global Sum,PRC DELEGATED CO-COMMISSIONING,CHEADLE MEDICAL PRACTICE,22110103,78049.14,
Department of Health,NHS Stockport CCG,31/05/2018,C&M-GMS MPIG Correction Factor,PRC DELEGATED CO-COMMISSIONING,CHEADLE MEDICAL PRACTICE,22110103,953.44,
Department of Health,NHS Stockport CCG,31/05/2018,C&M-GMS Prem Notional Rent,PRC DELEGATED CO-COMMISSIONING,CHEADLE MEDICAL PRACTICE,22110103,5450,
Department of Health,NHS Stockport CCG,31/05/2018,C&M-GMS Prem Water Rates,PRC DELEGATED CO-COMMISSIONING,CHEADLE MEDICAL PRACTICE,22110103,1011.87,
Department of Health,NHS Stockport CCG,31/05/2018,C&M-GMS QOF Aspiration,PRC DELEGATED CO-COMMISSIONING,CHEADLE MEDICAL PRACTICE,22110103,10003.56,
Department of Health,NHS Stockport CCG,31/05/2018,C&M-GMS DES Minor Surgery,PRC DELEGATED CO-COMMISSIONING,CHADSFIELD MEDICAL PRACTICE,22110107,303.52,
Department of Health,NHS Stockport CCG,31/05/2018,C&M-GMS Global Sum,PRC DELEGATED CO-COMMISSIONING,CHADSFIELD MEDICAL PRACTICE,22110107,53958.22,
Department of Health,NHS Stockport CCG,31/05/2018,C&M-GMS MPIG Correction Factor,PRC DELEGATED CO-COMMISSIONING,CHADSFIELD MEDICAL PRACTICE,22110107,638.93,
Department of Health,NHS Stockport CCG,31/05/2018,C&M-GMS Prem Healthcentre Rent,PRC DELEGATED CO-COMMISSIONING,CHADSFIELD MEDICAL PRACTICE,22110107,822.39,
Department of Health,NHS Stockport CCG,31/05/2018,C&M-GMS QOF Aspiration,PRC DELEGATED CO-COMMISSIONING,CHADSFIELD MEDICAL PRACTICE,22110107,7245.93,
Department of Health,NHS Stockport CCG,31/05/2018,C&M-PMS Contract Value,PRC DELEGATED CO-COMMISSIONING,FAMILY SURGERY STOCKPORT,22110109,85725.09,
Department of Health,NHS Stockport CCG,31/05/2018,C&M-PMS DES Learn Dsblty Hlth Chk,PRC DELEGATED CO-COMMISSIONING,FAMILY SURGERY STOCKPORT,22110109,700,
Department of Health,NHS Stockport CCG,31/05/2018,C&M-PMS DES Minor Surgery,PRC DELEGATED CO-COMMISSIONING,FAMILY SURGERY STOCKPORT,22110109,693.76,
Department of Health,NHS Stockport CCG,31/05/2018,C&M-PMS Funding Differential Review,PRC DELEGATED CO-COMMISSIONING,FAMILY SURGERY STOCKPORT,22110109,538.73,
Department of Health,NHS Stockport CCG,31/05/2018,C&M-PMS Prem Notional Rent,PRC DELEGATED CO-COMMISSIONING,FAMILY SURGERY STOCKPORT,22110109,5716.67,
Department of Health,NHS Stockport CCG,31/05/2018,C&M-PMS QOF Aspiration,PRC DELEGATED CO-COMMISSIONING,FAMILY SURGERY STOCKPORT,22110109,8896.65,
Department of Health,NHS Stockport CCG,31/05/2018,C&M-GMS Global Sum,PRC DELEGATED CO-COMMISSIONING,GATLEY MEDICAL CENTRE,22110111,59583.09,
Department of Health,NHS Stockport CCG,31/05/2018,C&M-GMS MPIG Correction Factor,PRC DELEGATED CO-COMMISSIONING,GATLEY MEDICAL CENTRE,22110111,586.83,
Department of Health,NHS Stockport CCG,31/05/2018,C&M-GMS Prem Rates,PRC DELEGATED CO-COMMISSIONING,GATLEY MEDICAL CENTRE,22110111,18307.44,
Department of Health,NHS Stockport CCG,31/05/2018,C&M-GMS QOF Aspiration,PRC DELEGATED CO-COMMISSIONING,GATLEY MEDICAL CENTRE,22110111,7571.86,
Department of Health,NHS Stockport CCG,31/05/2018,C&M-GMS DES Learn Dsblty Hlth Chk,PRC DELEGATED CO-COMMISSIONING,GUYWOOD PRACTICE,22110113,840,
Department of Health,NHS Stockport CCG,31/05/2018,C&M-GMS DES Minor Surgery,PRC DELEGATED CO-COMMISSIONING,GUYWOOD PRACTICE,22110113,563.68,
Department of Health,NHS Stockport CCG,31/05/2018,C&M-GMS Global Sum,PRC DELEGATED CO-COMMISSIONING,GUYWOOD PRACTICE,22110113,21492.12,
Department of Health,NHS Stockport CCG,31/05/2018,C&M-GMS MPIG Correction Factor,PRC DELEGATED CO-COMMISSIONING,GUYWOOD PRACTICE,22110113,450.47,
Department of Health,NHS Stockport CCG,31/05/2018,C&M-GMS Prem Healthcentre Rent,PRC DELEGATED CO-COMMISSIONING,GUYWOOD PRACTICE,22110113,302.15,
Department of Health,NHS Stockport CCG,31/05/2018,C&M-GMS QOF Aspiration,PRC DELEGATED CO-COMMISSIONING,GUYWOOD PRACTICE,22110113,2485.31,
Department of Health,NHS Stockport CCG,31/05/2018,C&M-PMS Contract Value,PRC DELEGATED CO-COMMISSIONING,HEATON MERSEY MEDICAL PRACTICE,22110115,51208.82,
Department of Health,NHS Stockport CCG,31/05/2018,C&M-PMS DES Learn Dsblty Hlth Chk,PRC DELEGATED CO-COMMISSIONING,HEATON MERSEY MEDICAL PRACTICE,22110115,980,
Department of Health,NHS Stockport CCG,31/05/2018,C&M-PMS Funding Differential Review,PRC DELEGATED CO-COMMISSIONING,HEATON MERSEY MEDICAL PRACTICE,22110115,814.83,
Department of Health,NHS Stockport CCG,31/05/2018,C&M-PMS Prem Notional Rent,PRC DELEGATED CO-COMMISSIONING,HEATON MERSEY MEDICAL PRACTICE,22110115,3208.33,
Department of Health,NHS Stockport CCG,31/05/2018,C&M-PMS Prem Rates,PRC DELEGATED CO-COMMISSIONING,HEATON MERSEY MEDICAL PRACTICE,22110115,12310.18,
Department of Health,NHS Stockport CCG,31/05/2018,C&M-PMS Prem Water Rates,PRC DELEGATED CO-COMMISSIONING,HEATON MERSEY MEDICAL PRACTICE,22110115,1867.02,
Department of Health,NHS Stockport CCG,31/05/2018,C&M-PMS QOF Aspiration,PRC DELEGATED CO-COMMISSIONING,HEATON MERSEY MEDICAL PRACTICE,22110115,6327.86,
Department of Health,NHS Stockport CCG,31/05/2018,C&M-GMS Global Sum,PRC DELEGATED CO-COMMISSIONING,HEATON NORRIS HEALTH CENTRE DR MARSHALL,22110117,56920.59,
Department of Health,NHS Stockport CCG,31/05/2018,C&M-GMS PCO Locum Adop/Pat/Mat,PRC DELEGATED CO-COMMISSIONING,HEATON NORRIS HEALTH CENTRE DR MARSHALL,22110117,31007.5,
Department of Health,NHS Stockport CCG,31/05/2018,C&M-GMS Prem Healthcentre Rent,PRC DELEGATED CO-COMMISSIONING,HEATON NORRIS HEALTH CENTRE DR MARSHALL,22110117,365.89,
Department of Health,NHS Stockport CCG,31/05/2018,C&M-GMS QOF Aspiration,PRC DELEGATED CO-COMMISSIONING,HEATON NORRIS HEALTH CENTRE DR MARSHALL,22110117,6957.73,
Department of Health,NHS Stockport CCG,31/05/2018,C&M-PMS Contract Value,PRC DELEGATED CO-COMMISSIONING,HIGH LANE MEDICAL CENTRE,22110119,41418.65,
Department of Health,NHS Stockport CCG,31/05/2018,C&M-PMS Funding Differential Review,PRC DELEGATED CO-COMMISSIONING,HIGH LANE MEDICAL CENTRE,22110119,233.19,
Department of Health,NHS Stockport CCG,31/05/2018,C&M-PMS Prem Water Rates,PRC DELEGATED CO-COMMISSIONING,HIGH LANE MEDICAL CENTRE,22110119,187.62,
Department of Health,NHS Stockport CCG,31/05/2018,C&M-PMS QOF Aspiration,PRC DELEGATED CO-COMMISSIONING,HIGH LANE MEDICAL CENTRE,22110119,4407.41,
Department of Health,NHS Stockport CCG,31/05/2018,C&M-PMS Contract Value,PRC DELEGATED CO-COMMISSIONING,MARPLE COTTAGE SURGERY,22110123,49759.52,
Department of Health,NHS Stockport CCG,31/05/2018,C&M-PMS Funding Differential Review,PRC DELEGATED CO-COMMISSIONING,MARPLE COTTAGE SURGERY,22110123,311.62,
Department of Health,NHS Stockport CCG,31/05/2018,C&M-PMS Prem Notional Rent,PRC DELEGATED CO-COMMISSIONING,MARPLE COTTAGE SURGERY,22110123,4143.67,
Department of Health,NHS Stockport CCG,31/05/2018,C&M-PMS QOF Aspiration,PRC DELEGATED CO-COMMISSIONING,MARPLE COTTAGE SURGERY,22110123,6490.68,
Department of Health,NHS Stockport CCG,31/05/2018,C&M-GMS DES Learn Dsblty Hlth Chk,PRC DELEGATED CO-COMMISSIONING,MARPLE MEDICAL PRACTICE,22110125,420,
Department of Health,NHS Stockport CCG,31/05/2018,C&M-GMS Global Sum,PRC DELEGATED CO-COMMISSIONING,MARPLE MEDICAL PRACTICE,22110125,50972.94,
Department of Health,NHS Stockport CCG,31/05/2018,C&M-GMS MPIG Correction Factor,PRC DELEGATED CO-COMMISSIONING,MARPLE MEDICAL PRACTICE,22110125,401.71,
Department of Health,NHS Stockport CCG,31/05/2018,C&M-GMS Prem Notional Rent,PRC DELEGATED CO-COMMISSIONING,MARPLE MEDICAL PRACTICE,22110125,2614.08,
Department of Health,NHS Stockport CCG,31/05/2018,C&M-GMS QOF Aspiration,PRC DELEGATED CO-COMMISSIONING,MARPLE MEDICAL PRACTICE,22110125,6991.86,
Department of Health,NHS Stockport CCG,31/05/2018,C&M-GMS DES Minor Surgery,PRC DELEGATED CO-COMMISSIONING,MANOR MEDICAL PRACTICE,22110127,1474.24,
Department of Health,NHS Stockport CCG,31/05/2018,C&M-GMS Global Sum,PRC DELEGATED CO-COMMISSIONING,MANOR MEDICAL PRACTICE,22110127,67417.07,
Department of Health,NHS Stockport CCG,31/05/2018,C&M-GMS Prem Actual Rent,PRC DELEGATED CO-COMMISSIONING,MANOR MEDICAL PRACTICE,22110127,1658.33,
Department of Health,NHS Stockport CCG,31/05/2018,C&M-GMS Prem Healthcentre Rent,PRC DELEGATED CO-COMMISSIONING,MANOR MEDICAL PRACTICE,22110127,1399.49,
Department of Health,NHS Stockport CCG,31/05/2018,C&M-GMS Prem Rates,PRC DELEGATED CO-COMMISSIONING,MANOR MEDICAL PRACTICE,22110127,5960.88,
Department of Health,NHS Stockport CCG,31/05/2018,C&M-GMS Prem Water Rates,PRC DELEGATED CO-COMMISSIONING,MANOR MEDICAL PRACTICE,22110127,354.98,
Department of Health,NHS Stockport CCG,31/05/2018,C&M-GMS QOF Aspiration,PRC DELEGATED CO-COMMISSIONING,MANOR MEDICAL PRACTICE,22110127,8434.98,
Department of Health,NHS Stockport CCG,31/05/2018,C&M-GMS DES Learn Dsblty Hlth Chk,PRC DELEGATED CO-COMMISSIONING,PARK VIEW GROUP PRACTICE,22110129,1820,
Department of Health,NHS Stockport CCG,31/05/2018,C&M-GMS DES Minor Surgery,PRC DELEGATED CO-COMMISSIONING,PARK VIEW GROUP PRACTICE,22110129,390.24,
Department of Health,NHS Stockport CCG,31/05/2018,C&M-GMS Global Sum,PRC DELEGATED CO-COMMISSIONING,PARK VIEW GROUP PRACTICE,22110129,62782.77,
Department of Health,NHS Stockport CCG,31/05/2018,C&M-GMS Prem Notional Rent,PRC DELEGATED CO-COMMISSIONING,PARK VIEW GROUP PRACTICE,22110129,4658.33,
Department of Health,NHS Stockport CCG,31/05/2018,C&M-GMS QOF Aspiration,PRC DELEGATED CO-COMMISSIONING,PARK VIEW GROUP PRACTICE,22110129,7438.8,
Department of Health,NHS Stockport CCG,31/05/2018,C&M-PMS Contract Value,PRC DELEGATED CO-COMMISSIONING,SOUTH REDDISH MEDICAL CENTRE,22110131,26827.07,
Department of Health,NHS Stockport CCG,31/05/2018,C&M-PMS DES Learn Dsblty Hlth Chk,PRC DELEGATED CO-COMMISSIONING,SOUTH REDDISH MEDICAL CENTRE,22110131,420,
Department of Health,NHS Stockport CCG,31/05/2018,C&M-PMS DES Minor Surgery,PRC DELEGATED CO-COMMISSIONING,SOUTH REDDISH MEDICAL CENTRE,22110131,260.16,
Department of Health,NHS Stockport CCG,31/05/2018,C&M-PMS Funding Differential Review,PRC DELEGATED CO-COMMISSIONING,SOUTH REDDISH MEDICAL CENTRE,22110131,307.51,
Department of Health,NHS Stockport CCG,31/05/2018,C&M-PMS QOF Aspiration,PRC DELEGATED CO-COMMISSIONING,SOUTH REDDISH MEDICAL CENTRE,22110131,3162.65,
Department of Health,NHS Stockport CCG,31/05/2018,ME - PMS GP Prior Year ERs,PRC DELEGATED CO-COMMISSIONING,SOUTH REDDISH MEDICAL CENTRE,22110131,6062.64,
Department of Health,NHS Stockport CCG,31/05/2018,ME-PMS GP Pension EEs Adjs - PMS,PRC DELEGATED CO-COMMISSIONING,SOUTH REDDISH MEDICAL CENTRE,22110131,1161.17,
Department of Health,NHS Stockport CCG,31/05/2018,ME-PMS GP Pension ERs Adjs - PMS,PRC DELEGATED CO-COMMISSIONING,SOUTH REDDISH MEDICAL CENTRE,22110131,1151.56,
Department of Health,NHS Stockport CCG,31/05/2018,ME-PMS GP Prior Year EEs,PRC DELEGATED CO-COMMISSIONING,SOUTH REDDISH MEDICAL CENTRE,22110131,6035.93,
Department of Health,NHS Stockport CCG,31/05/2018,C&M-GMS Global Sum,PRC DELEGATED CO-COMMISSIONING,SPRINGFIELD SURGERY STOCKPORT,22110133,35905.27,
Department of Health,NHS Stockport CCG,31/05/2018,C&M-GMS MPIG Correction Factor,PRC DELEGATED CO-COMMISSIONING,SPRINGFIELD SURGERY STOCKPORT,22110133,285.29,
Department of Health,NHS Stockport CCG,31/05/2018,C&M-GMS Prem Notional Rent,PRC DELEGATED CO-COMMISSIONING,SPRINGFIELD SURGERY STOCKPORT,22110133,2045.83,
Department of Health,NHS Stockport CCG,31/05/2018,C&M-GMS Prem Water Rates,PRC DELEGATED CO-COMMISSIONING,SPRINGFIELD SURGERY STOCKPORT,22110133,299.52,
Department of Health,NHS Stockport CCG,31/05/2018,C&M-GMS QOF Aspiration,PRC DELEGATED CO-COMMISSIONING,SPRINGFIELD SURGERY STOCKPORT,22110133,4093.21,
Department of Health,NHS Stockport CCG,31/05/2018,C&M-GMS DES Learn Dsblty Hlth Chk,PRC DELEGATED CO-COMMISSIONING,VILLAGE SURGERY STOCKPORT,22110138,560,
Department of Health,NHS Stockport CCG,31/05/2018,C&M-GMS Global Sum,PRC DELEGATED CO-COMMISSIONING,VILLAGE SURGERY STOCKPORT,22110138,36075.79,
Department of Health,NHS Stockport CCG,31/05/2018,C&M-GMS MPIG Correction Factor,PRC DELEGATED CO-COMMISSIONING,VILLAGE SURGERY STOCKPORT,22110138,1377.65,
Department of Health,NHS Stockport CCG,31/05/2018,C&M-GMS Prem Notional Rent,PRC DELEGATED CO-COMMISSIONING,VILLAGE SURGERY STOCKPORT,22110138,3191.67,
Department of Health,NHS Stockport CCG,31/05/2018,C&M-GMS QOF Aspiration,PRC DELEGATED CO-COMMISSIONING,VILLAGE SURGERY STOCKPORT,22110138,3757.19,
Department of Health,NHS Stockport CCG,31/05/2018,C&M-GMS DES Minor Surgery,PRC DELEGATED CO-COMMISSIONING,WOODLEY VILLAGE SURGERY,22110142,476.96,
Department of Health,NHS Stockport CCG,31/05/2018,C&M-GMS Global Sum,PRC DELEGATED CO-COMMISSIONING,WOODLEY VILLAGE SURGERY,22110142,24032.9,
Department of Health,NHS Stockport CCG,31/05/2018,C&M-GMS Prem Healthcentre Rent,PRC DELEGATED CO-COMMISSIONING,WOODLEY VILLAGE SURGERY,22110142,50531.76,
Department of Health,NHS Stockport CCG,31/05/2018,C&M-GMS QOF Aspiration,PRC DELEGATED CO-COMMISSIONING,WOODLEY VILLAGE SURGERY,22110142,3135.04,
Department of Health,NHS Stockport CCG,31/05/2018,C&M-GMS Global Sum,PRC DELEGATED CO-COMMISSIONING,BL MEDICAL PRACTICE,22110144,15932.86,
Department of Health,NHS Stockport CCG,31/05/2018,C&M-GMS MPIG Correction Factor,PRC DELEGATED CO-COMMISSIONING,BL MEDICAL PRACTICE,22110144,283.77,
Department of Health,NHS Stockport CCG,31/05/2018,C&M-GMS Prem Healthcentre Rent,PRC DELEGATED CO-COMMISSIONING,BL MEDICAL PRACTICE,22110144,42285.23,
Department of Health,NHS Stockport CCG,31/05/2018,C&M-GMS QOF Aspiration,PRC DELEGATED CO-COMMISSIONING,BL MEDICAL PRACTICE,22110144,1777.58,
Department of Health,NHS Stockport CCG,31/05/2018,C&M-GMS Global Sum,PRC DELEGATED CO-COMMISSIONING,DR OWEN & PARTNERS,22110146,43711.51,
Department of Health,NHS Stockport CCG,31/05/2018,C&M-GMS MPIG Correction Factor,PRC DELEGATED CO-COMMISSIONING,DR OWEN & PARTNERS,22110146,74.87,
Department of Health,NHS Stockport CCG,31/05/2018,C&M-GMS Other Small Practice All,PRC DELEGATED CO-COMMISSIONING,DR OWEN & PARTNERS,22110146,4526,
Department of Health,NHS Stockport CCG,31/05/2018,C&M-GMS Prem Healthcentre Rent,PRC DELEGATED CO-COMMISSIONING,DR OWEN & PARTNERS,22110146,15540.09,
Department of Health,NHS Stockport CCG,31/05/2018,C&M-GMS QOF Aspiration,PRC DELEGATED CO-COMMISSIONING,DR OWEN & PARTNERS,22110146,5519.59,
Department of Health,NHS Stockport CCG,31/05/2018,C&M-PMS Prem Healthcentre Rent,PRC DELEGATED CO-COMMISSIONING,HEATON MOOR MEDICAL CENTRE,22111898,-2476.84,
Department of Health,NHS Stockport CCG,31/05/2018,C&M-PMS Voluntary Levy,PRC DELEGATED CO-COMMISSIONING,HEATON MOOR MEDICAL CENTRE,22111898,-1214.68,
Department of Health,NHS Stockport CCG,31/05/2018,ME - PMS TPS Added Years Adj EEs,PRC DELEGATED CO-COMMISSIONING,HEATON MOOR MEDICAL CENTRE,22111898,-924.18,
Department of Health,NHS Stockport CCG,31/05/2018,ME-PMS GP Pension EEs-PMS,PRC DELEGATED CO-COMMISSIONING,HEATON MOOR MEDICAL CENTRE,22111898,-15761.96,
Department of Health,NHS Stockport CCG,31/05/2018,ME-PMS GP Pension ERs Adjs - PMS,PRC DELEGATED CO-COMMISSIONING,HEATON MOOR MEDICAL CENTRE,22111898,-17014.71,
Department of Health,NHS Stockport CCG,31/05/2018,C&M-PMS Contract Value,PRC DELEGATED CO-COMMISSIONING,HEATON MOOR MEDICAL CENTRE,22111899,248282.22,
Department of Health,NHS Stockport CCG,31/05/2018,C&M-PMS DES Minor Surgery,PRC DELEGATED CO-COMMISSIONING,HEATON MOOR MEDICAL CENTRE,22111899,1647.68,
Department of Health,NHS Stockport CCG,31/05/2018,C&M-PMS Funding Differential Review,PRC DELEGATED CO-COMMISSIONING,HEATON MOOR MEDICAL CENTRE,22111899,1756.83,
Department of Health,NHS Stockport CCG,31/05/2018,C&M-PMS Prem Healthcentre Rent,PRC DELEGATED CO-COMMISSIONING,HEATON MOOR MEDICAL CENTRE,22111899,747.73,
Department of Health,NHS Stockport CCG,31/05/2018,C&M-PMS Prem Notional Rent,PRC DELEGATED CO-COMMISSIONING,HEATON MOOR MEDICAL CENTRE,22111899,9114.58,
Department of Health,NHS Stockport CCG,31/05/2018,C&M-PMS QOF Aspiration,PRC DELEGATED CO-COMMISSIONING,HEATON MOOR MEDICAL CENTRE,22111899,26742.15,
Department of Health,NHS Stockport CCG,31/05/2018,C&M-PMS Voluntary Levy,PRC DELEGATED CO-COMMISSIONING,ARCHWOOD MEDICAL PRACTICE,22127903,-190.71,
Department of Health,NHS Stockport CCG,31/05/2018,ME - PMS GP Prior Year ERs,PRC DELEGATED CO-COMMISSIONING,ARCHWOOD MEDICAL PRACTICE,22127903,-8060.92,
Department of Health,NHS Stockport CCG,31/05/2018,ME-PMS GP Pension EEs Adjs - PMS,PRC DELEGATED CO-COMMISSIONING,ARCHWOOD MEDICAL PRACTICE,22127903,-1161.17,
Department of Health,NHS Stockport CCG,31/05/2018,ME-PMS GP Pension EEs-PMS,PRC DELEGATED CO-COMMISSIONING,ARCHWOOD MEDICAL PRACTICE,22127903,-3560.55,
Department of Health,NHS Stockport CCG,31/05/2018,ME-PMS GP Pension ERs Adjs - PMS,PRC DELEGATED CO-COMMISSIONING,ARCHWOOD MEDICAL PRACTICE,22127903,-5017.35,
Department of Health,NHS Stockport CCG,31/05/2018,ME-PMS GP Prior Year EEs,PRC DELEGATED CO-COMMISSIONING,ARCHWOOD MEDICAL PRACTICE,22127903,-8128.19,
Department of Health,NHS Stockport CCG,31/05/2018,C&M-GMS Global Sum,PRC DELEGATED CO-COMMISSIONING,HEALD GREEN HEALTH CENTRE DR WRIGHT,22127904,42844.18,
Department of Health,NHS Stockport CCG,31/05/2018,C&M-GMS MPIG Correction Factor,PRC DELEGATED CO-COMMISSIONING,HEALD GREEN HEALTH CENTRE DR WRIGHT,22127904,459.64,
Department of Health,NHS Stockport CCG,31/05/2018,C&M-GMS PCO Locum Adop/Pat/Mat,PRC DELEGATED CO-COMMISSIONING,HEALD GREEN HEALTH CENTRE DR WRIGHT,22127904,11439.44,
Department of Health,NHS Stockport CCG,31/05/2018,C&M-GMS Prem Healthcentre Rent,PRC DELEGATED CO-COMMISSIONING,HEALD GREEN HEALTH CENTRE DR WRIGHT,22127904,213128.3,
Department of Health,NHS Stockport CCG,31/05/2018,C&M-GMS QOF Aspiration,PRC DELEGATED CO-COMMISSIONING,HEALD GREEN HEALTH CENTRE DR WRIGHT,22127904,5147.76,
Department of Health,NHS Stockport CCG,31/05/2018,C&M-GMS DES Learn Dsblty Hlth Chk,PRC DELEGATED CO-COMMISSIONING,MARPLE BRIDGE SURGERY,22127905,560,
Department of Health,NHS Stockport CCG,31/05/2018,C&M-GMS DES Minor Surgery,PRC DELEGATED CO-COMMISSIONING,MARPLE BRIDGE SURGERY,22127905,867.2,
Department of Health,NHS Stockport CCG,31/05/2018,C&M-GMS Global Sum,PRC DELEGATED CO-COMMISSIONING,MARPLE BRIDGE SURGERY,22127905,45600.07,
Department of Health,NHS Stockport CCG,31/05/2018,C&M-GMS MPIG Correction Factor,PRC DELEGATED CO-COMMISSIONING,MARPLE BRIDGE SURGERY,22127905,671.18,
Department of Health,NHS Stockport CCG,31/05/2018,C&M-GMS QOF Aspiration,PRC DELEGATED CO-COMMISSIONING,MARPLE BRIDGE SURGERY,22127905,5428.68,
Department of Health,NHS Stockport CCG,31/05/2018,C&M-PMS Contract Value,PRC DELEGATED CO-COMMISSIONING,STOCKPORT MEDICAL GROUP,22127906,108323.91,
Department of Health,NHS Stockport CCG,31/05/2018,C&M-PMS DES Learn Dsblty Hlth Chk,PRC DELEGATED CO-COMMISSIONING,STOCKPORT MEDICAL GROUP,22127906,2940,
Department of Health,NHS Stockport CCG,31/05/2018,C&M-PMS DES Minor Surgery,PRC DELEGATED CO-COMMISSIONING,STOCKPORT MEDICAL GROUP,22127906,2514.88,
Department of Health,NHS Stockport CCG,31/05/2018,C&M-PMS Funding Differential Review,PRC DELEGATED CO-COMMISSIONING,STOCKPORT MEDICAL GROUP,22127906,422.56,
Department of Health,NHS Stockport CCG,31/05/2018,C&M-PMS Prem Notional Rent,PRC DELEGATED CO-COMMISSIONING,STOCKPORT MEDICAL GROUP,22127906,7460.83,
Department of Health,NHS Stockport CCG,31/05/2018,C&M-PMS Prem Rates,PRC DELEGATED CO-COMMISSIONING,STOCKPORT MEDICAL GROUP,22127906,11880,
Department of Health,NHS Stockport CCG,31/05/2018,C&M-PMS Prem Water Rates,PRC DELEGATED CO-COMMISSIONING,STOCKPORT MEDICAL GROUP,22127906,3610.31,
Department of Health,NHS Stockport CCG,31/05/2018,C&M-PMS QOF Aspiration,PRC DELEGATED CO-COMMISSIONING,STOCKPORT MEDICAL GROUP,22127906,13083.12,
Department of Health,NHS Stockport CCG,31/05/2018,ME - PMS GP Prior Year ERs,PRC DELEGATED CO-COMMISSIONING,STOCKPORT MEDICAL GROUP,22127906,4989.28,
Department of Health,NHS Stockport CCG,31/05/2018,ME-PMS GP Prior Year EEs,PRC DELEGATED CO-COMMISSIONING,STOCKPORT MEDICAL GROUP,22127906,4710.19,
Department of Health,NHS Stockport CCG,31/05/2018,Computer Software/License,NON RECURRENT PROGRAMMES,CONSULTANT CONNECT LTD,22181206,72000,GB212422658
Department of Health,NHS Stockport CCG,31/05/2018,Hcare Srv Rec NHS Trust-Contract Baseline,ACUTE COMMISSIONING,PENNINE ACUTE HOSPITALS NHS TRUST,22181223,46146,654418333
Department of Health,NHS Stockport CCG,31/05/2018,Hcare Srv Rec NHS Trust-Contract Baseline,ACUTE COMMISSIONING,EAST CHESHIRE NHS TRUST,22181227,197015.58,
Department of Health,NHS Stockport CCG,31/05/2018,Clinical&Medical-Commercial Sector,LOCAL ENHANCED SERVICES,PRIMARY EYECARE LTD,22181252,33687,
Department of Health,NHS Stockport CCG,31/05/2018,Hlthcre-Foundation Trsts,ACUTE COMMISSIONING,CHRISTIE HOSPITAL NHS FOUNDATION TRUST,22181267,351425.75,
Department of Health,NHS Stockport CCG,31/05/2018,Clinical&Medical-Commercial Sector,IMPROVING ACCESS TO PSYCHOLOGICAL THERAPIES,SELF HELP SERVICES,22181296,42908.75,
Department of Health,NHS Stockport CCG,31/05/2018,Clinical&Medical-Commercial Sector,PLANNED CARE,ABL HEALTH LTD,22181303,27390.67,
Department of Health,NHS Stockport CCG,31/05/2018,Hcare Srv Rec Fdtn Trust-Contract Baseline,ACUTE COMMISSIONING,WRIGHTINGTON WIGAN & LEIGH NHS FOUNDATION TRUST,22181324,54969,GB654951509
Department of Health,NHS Stockport CCG,31/05/2018,Hcare Srv Rec Fdtn Trust-Contract Baseline,ACUTE COMMISSIONING,SALFORD ROYAL HOSPITALS NHS FOUNDATION TRUST,22181328,29211,
Department of Health,NHS Stockport CCG,31/05/2018,Hcare Srv Rec Fdtn Trust-Contract Baseline,ACUTE COMMISSIONING,SALFORD ROYAL HOSPITALS NHS FOUNDATION TRUST,22181330,590742,
Department of Health,NHS Stockport CCG,31/05/2018,Clinical&Medical-Commercial Sector,PLANNED CARE,BMI HEALTHCARE COLLECTIONS,22181383,466659.6,
Department of Health,NHS Stockport CCG,31/05/2018,Clinical&Medical-Commercial Sector,PLANNED CARE,BMI HEALTHCARE COLLECTIONS,22181407,-165253.96,
Department of Health,NHS Stockport CCG,31/05/2018,Clinical&Medical-Commercial Sector,PLANNED CARE,OPTEGRA MANCHESTER,22181410,95926.58,938297867
Department of Health,NHS Stockport CCG,31/05/2018,Clinical&Medical-Commercial Sector,PLANNED CARE,OPTEGRA MANCHESTER,22181413,176730,938297867
Department of Health,NHS Stockport CCG,31/05/2018,Clinical&Medical-Commercial Sector,PLANNED CARE,OPTEGRA MANCHESTER,22181419,207714,938297867
Department of Health,NHS Stockport CCG,31/05/2018,Clinical&Medical-Commercial Sector,PLANNED CARE,OPTEGRA MANCHESTER,22181422,104763.4,938297867
Department of Health,NHS Stockport CCG,31/05/2018,Apprenticeship Levy Payable,BALANCE SHEET,HMRC,22202937,675,
Department of Health,NHS Stockport CCG,31/05/2018,Income tax <1Yr,BALANCE SHEET,HMRC,22202937,56704.4,
Department of Health,NHS Stockport CCG,31/05/2018,Income tax <1Yr-Student Loans,BALANCE SHEET,HMRC,22202937,1176,
Department of Health,NHS Stockport CCG,31/05/2018,National Insurance < 1 yr-NI- ERS,BALANCE SHEET,HMRC,22202937,40261.53,
Department of Health,NHS Stockport CCG,31/05/2018,National Insurance < 1 yr-NI-EES,BALANCE SHEET,HMRC,22202937,29888.75,
Department of Health,NHS Stockport CCG,31/05/2018,Statutory Mat Pay < 1 yr,BALANCE SHEET,HMRC,22202937,-1391.2,
Department of Health,NHS Stockport CCG,31/05/2018,Clinical&Medical-Serv Recd-CCGs,PRIMARY CARE IT,NHS OLDHAM CCG,22208410,99767,
Department of Health,NHS Stockport CCG,31/05/2018,Clinical&Medical-Commercial Sector,PLANNED CARE,BMI HEALTHCARE COLLECTIONS,22208475,38333.33,
Department of Health,NHS Stockport CCG,31/05/2018,Clinical&Medical-Commercial Sector,PLANNED CARE,BMI HEALTHCARE COLLECTIONS,22208481,110169.32,
Department of Health,NHS Stockport CCG,31/05/2018,Clinical&Medical-Commercial Sector,PLANNED CARE,BMI HEALTHCARE COLLECTIONS,22208487,38333.33,
Department of Health,NHS Stockport CCG,31/05/2018,Clinical&Medical-Commercial Sector,PLANNED CARE,BMI HEALTHCARE COLLECTIONS,22208490,110169.32,
Department of Health,NHS Stockport CCG,31/05/2018,Hcare Srv Rec NHS Trust-Contract Baseline,COLLABORATIVE COMMISSIONING,NORTH WEST AMBULANCE SERVICE NHS TRUST,22227189,700436,654435138
Department of Health,NHS Stockport CCG,31/05/2018,Clinical&Medical-Serv Recd-NHS Trst,NHS 111,NORTH WEST AMBULANCE SERVICE NHS TRUST,22227310,68997,654435138
Department of Health,NHS Stockport CCG,31/05/2018,Hcare Srv Rec NHS Trust-Contract Baseline,COLLABORATIVE COMMISSIONING,NORTH WEST AMBULANCE SERVICE NHS TRUST,22227329,72919,654435138
Department of Health,NHS Stockport CCG,31/05/2018,Hcare Srv Rec NHS Trust-Contract Baseline,COLLABORATIVE COMMISSIONING,NORTH WEST AMBULANCE SERVICE NHS TRUST,22227337,700436,654435138
Department of Health,NHS Stockport CCG,31/05/2018,"Books, Journals & Subscr",STRATEGY & DEVELOPMENT,SALFORD ROYAL HOSPITALS NHS FOUNDATION TRUST,22227346,40000,
Department of Health,NHS Stockport CCG,31/05/2018,Clinical&Medical-Commercial Sector,PLANNED CARE,DIAGNOSTIC HEALTHCARE LTD,22351061,44599.91,204941917
Department of Health,NHS Stockport CCG,31/05/2018,Clinical&Medical-Commercial Sector,PLANNED CARE,BMI HEALTHCARE COLLECTIONS,22351358,-42130.5,
Department of Health,NHS Stockport CCG,31/05/2018,Clinical&Medical-Commercial Sector,PLANNED CARE,SPIRE HEALTHCARE LTD,22382991,26833.36,915970991
Department of Health,NHS Stockport CCG,31/05/2018,Cont Care- Children,CHC CHILDREN,STOCKPORT METROPOLITAN BOROUGH COUNCIL,22402179,40489,GB158556040
Department of Health,NHS Stockport CCG,31/05/2018,Hcare Srv Rec Fdtn Trust-Contract Baseline,ACUTE COMMISSIONING,TAMESIDE AND GLOSSOP INTEGRATED CARE NHS FOUNDATION TRUST,22450166,95646.2,GB654945109
Department of Health,NHS Stockport CCG,31/05/2018,Clinical&Medical-Commercial Sector,COMMISSIONING SCHEMES,MASTERCALL HEALTHCARE,22450189,49932.68,
Department of Health,NHS Stockport CCG,31/05/2018,Clinical&Medical-Commercial Sector,MENTAL HEALTH CONTRACTS,FUTURE DIRECTIONS CIC,22450198,56805.63,
Department of Health,NHS Stockport CCG,31/05/2018,Hcare Srv Rec Fdtn Trust-Contract Baseline,MENTAL HEALTH CONTRACTS,PENNINE CARE NHS FOUNDATION TRUST,22450206,2320321,
Department of Health,NHS Stockport CCG,31/05/2018,Clinical&Medical-Othe Public Sector,COMMISSIONING - NON ACUTE,STOCKPORT METROPOLITAN BOROUGH COUNCIL,22450212,25000,GB158556040
Department of Health,NHS Stockport CCG,31/05/2018,Clinical&Medical-Othe Public Sector,COMMUNITY SERVICES,STOCKPORT METROPOLITAN BOROUGH COUNCIL,22450212,1083000,GB158556040
Department of Health,NHS Stockport CCG,31/05/2018,Clinical&Medical-Othe Public Sector,LEARNING DIFFICULTIES,STOCKPORT METROPOLITAN BOROUGH COUNCIL,22450212,132916.67,GB158556040
Department of Health,NHS Stockport CCG,31/05/2018,Clinical&Medical-Othe Public Sector,LONG TERM CONDITIONS,STOCKPORT METROPOLITAN BOROUGH COUNCIL,22450212,317666.66,GB158556040
Department of Health,NHS Stockport CCG,31/05/2018,Clinical&Medical-Othe Public Sector,MENTAL HEALTH SERVICES - OTHER,STOCKPORT METROPOLITAN BOROUGH COUNCIL,22450212,24083.34,GB158556040
Department of Health,NHS Stockport CCG,31/05/2018,Clinical&Medical-Othe Public Sector,REABLEMENT,STOCKPORT METROPOLITAN BOROUGH COUNCIL,22450212,100333.33,GB158556040
Department of Health,NHS Stockport CCG,31/05/2018,Clinical&Medical-Independent Sector,OUT OF HOURS,MASTERCALL HEALTHCARE,22450228,281240,
Department of Health,NHS Stockport CCG,31/05/2018,Clinical&Medical-Independent Sector,LOCAL ENHANCED SERVICES,PRIMARY EYECARE LTD,22450287,31350,
Department of Health,NHS Stockport CCG,31/05/2018,Hcare Srv Rec Fdtn Trust-Contract Baseline,ACUTE COMMISSIONING,MANCHESTER UNIVERSITY NHS FOUNDATION TRUST,22450305,4108414,654415538
Department of Health,NHS Stockport CCG,31/05/2018,Hcare Srv Rec Fdtn Trust-Non Contract,MENTAL HEALTH CONTRACTS,PENNINE CARE NHS FOUNDATION TRUST,22450308,36800,
Department of Health,NHS Stockport CCG,31/05/2018,Hcare Srv Rec Fdtn Trust-Non Contract,ACUTE COMMISSIONING,STOCKPORT NHS FOUNDATION TRUST,22450339,54600,
Department of Health,NHS Stockport CCG,31/05/2018,Hcare Srv Rec Fdtn Trust-Contract Baseline,COMMUNITY SERVICES,STOCKPORT NHS FOUNDATION TRUST,22450347,1589254,
Department of Health,NHS Stockport CCG,31/05/2018,Hcare Srv Rec Fdtn Trust-Contract Baseline,ACUTE COMMISSIONING,STOCKPORT NHS FOUNDATION TRUST,22450349,12879584,
