Department family,Entity,Date,Expense Type,Expense area,Supplier,Transaction number,Amount,VAT registration number
Department of Health,NHS Stockport CCG,30/11/2018,Hcare Srv Rec Fdtn Trust-Contract Baseline,MENTAL HEALTH CONTRACTS,GREATER MANCHESTER MENTAL HEALTH NHS FOUNDATION TRUST,24547772,30731.39,GB654929594
Department of Health,NHS Stockport CCG,30/11/2018,Clinical&Medical-Othe Public Sector,PROGRAMME PROJECTS,STOCKPORT METROPOLITAN BOROUGH COUNCIL,24547803,73188.5,GB158556040
Department of Health,NHS Stockport CCG,30/11/2018,Hcare Srv Rec Fdtn Trust-Contract Baseline,MENTAL HEALTH CONTRACTS,PENNINE CARE NHS FOUNDATION TRUST,24547835,2358064,654425730
Department of Health,NHS Stockport CCG,30/11/2018,Hcare Srv Rec Fdtn Trust-Contract Baseline,MENTAL HEALTH CONTRACTS,PENNINE CARE NHS FOUNDATION TRUST,24547840,33639,654425730
Department of Health,NHS Stockport CCG,30/11/2018,Hcare Srv Rec NHS Trust-Contract Baseline,ACUTE COMMISSIONING,EAST CHESHIRE NHS TRUST,24547845,197016,654919892
Department of Health,NHS Stockport CCG,30/11/2018,Hcare Srv Rec Fdtn Trust-Contract Baseline,ACUTE COMMISSIONING,TAMESIDE HOSPITAL NHS FOUNDATION TRUST,24547875,96041.06,654945109
Department of Health,NHS Stockport CCG,30/11/2018,Clinical&Medical-Independent Sector,LOCAL ENHANCED SERVICES,PRIMARY EYECARE NORTH LTD,24547885,28386,-
Department of Health,NHS Stockport CCG,30/11/2018,Hcare Srv Rec NHS Trust-Contract Baseline,ACUTE COMMISSIONING,PENNINE ACUTE HOSPITALS NHS TRUST,24547901,46146,654418333
Department of Health,NHS Stockport CCG,30/11/2018,Hcare Srv Rec Fdtn Trust-Contract Baseline,ACUTE COMMISSIONING,SALFORD ROYAL HOSPITALS NHS FOUNDATION TRUST,24547973,29211,65 4939786
Department of Health,NHS Stockport CCG,30/11/2018,Hcare Srv Rec Fdtn Trust-Contract Baseline,ACUTE COMMISSIONING,SALFORD ROYAL HOSPITALS NHS FOUNDATION TRUST,24547978,590742,65 4939786
Department of Health,NHS Stockport CCG,30/11/2018,Hlthcre-Foundation Trsts,ACUTE COMMISSIONING,CHRISTIE HOSPITAL NHS FOUNDATION TRUST,24547985,325841.63,GB 654916118
Department of Health,NHS Stockport CCG,30/11/2018,Clinical&Medical-Commercial Sector,PLANNED CARE,BMI HEALTHCARE LTD,24547990,-65053.04,GB235134980
Department of Health,NHS Stockport CCG,30/11/2018,Clinical&Medical-Independent Sector,COMMISSIONING SCHEMES,VIADUCT CARE LTD,24548000,350000,-
Department of Health,NHS Stockport CCG,30/11/2018,Clinical&Medical-Independent Sector,COMMISSIONING SCHEMES,VIADUCT CARE LTD,24548020,350000,-
Department of Health,NHS Stockport CCG,30/11/2018,Hcare Srv Rec Fdtn Trust-Contract Baseline,ACUTE COMMISSIONING,STOCKPORT NHS FOUNDATION TRUST,24548373,-105388,654974295
Department of Health,NHS Stockport CCG,30/11/2018,Hcare Srv Rec Fdtn Trust-Contract Baseline,ACUTE COMMISSIONING,STOCKPORT NHS FOUNDATION TRUST,24548378,12879584,654974295
Department of Health,NHS Stockport CCG,30/11/2018,Hcare Srv Rec Fdtn Trust-Contract Baseline,COMMUNITY SERVICES,STOCKPORT NHS FOUNDATION TRUST,24548385,1619988,654974295
Department of Health,NHS Stockport CCG,30/11/2018,Hcare Srv Rec Fdtn Trust-Over/ Under Performance,ACUTE COMMISSIONING,MANCHESTER UNIVERSITY NHS FOUNDATION TRUST,24568000,426328,654415538
Department of Health,NHS Stockport CCG,30/11/2018,Hcare Srv Rec Fdtn Trust-Contract Baseline,ACUTE COMMISSIONING,MANCHESTER UNIVERSITY NHS FOUNDATION TRUST,24568623,4108414,654415538
Department of Health,NHS Stockport CCG,30/11/2018,Hcare Srv Rec Fdtn Trust-Contract Baseline,ACUTE COMMISSIONING,MANCHESTER UNIVERSITY NHS FOUNDATION TRUST,24568633,382537,654415538
Department of Health,NHS Stockport CCG,30/11/2018,Clinical&Medical-Commercial Sector,COMMUNITY SERVICES,PARTNERSHIPS IN CARE LTD,24595305,26433,GB 626524835
Department of Health,NHS Stockport CCG,30/11/2018,Hcare Srv Rec Fdtn Trust-Non Contract,ACUTE COMMISSIONING,STOCKPORT NHS FOUNDATION TRUST,24638349,141643.5,654974295
Department of Health,NHS Stockport CCG,30/11/2018,Hcare Srv Rec Fdtn Trust-Non Contract,ACUTE COMMISSIONING,STOCKPORT NHS FOUNDATION TRUST,24638353,30000,654974295
Department of Health,NHS Stockport CCG,30/11/2018,Clinical&Medical-Commercial Sector,PLANNED CARE,SPIRE HEALTHCARE LTD,24638356,38906.79,915970991
Department of Health,NHS Stockport CCG,30/11/2018,Clinical&Medical-Commercial Sector,PLANNED CARE,BMI HEALTHCARE LTD,24638389,466659.6,GB235134980
Department of Health,NHS Stockport CCG,30/11/2018,Clinical&Medical-Commercial Sector,PLANNED CARE,BMI HEALTHCARE LTD,24638392,38333.33,GB235134980
Department of Health,NHS Stockport CCG,30/11/2018,Clinical&Medical-Commercial Sector,PLANNED CARE,ABL HEALTH LTD,24638393,27390.67,-
Department of Health,NHS Stockport CCG,30/11/2018,Hcare Srv Rec Fdtn Trust-Non Contract,COMMUNITY SERVICES,STOCKPORT NHS FOUNDATION TRUST,24638398,39133,654974295
Department of Health,NHS Stockport CCG,30/11/2018,Clinical&Medical-Commercial Sector,PLANNED CARE,SPIRE HEALTHCARE LTD,24638412,28064,915970991
Department of Health,NHS Stockport CCG,30/11/2018,Clinical&Medical-Serv Recd-CCGs,PRIMARY CARE IT,NHS OLDHAM CCG,24638436,99767,-
Department of Health,NHS Stockport CCG,30/11/2018,Other Gen Supplies & Srv,IM&T,NHS OLDHAM CCG,24638436,18487,-
Department of Health,NHS Stockport CCG,30/11/2018,Other Gen Supplies & Srv,COLLABORATIVE COMMISSIONING,NHS OLDHAM CCG,24638442,1978,-
Department of Health,NHS Stockport CCG,30/11/2018,Other Gen Supplies & Srv,CONTRACT MANAGEMENT,NHS OLDHAM CCG,24638442,22555,-
Department of Health,NHS Stockport CCG,30/11/2018,Other Gen Supplies & Srv,HUMAN RESOURCES,NHS OLDHAM CCG,24638442,10374,-
Department of Health,NHS Stockport CCG,30/11/2018,Other Gen Supplies & Srv,IM&T,NHS OLDHAM CCG,24638442,2184,-
Department of Health,NHS Stockport CCG,30/11/2018,Other Gen Supplies & Srv,MEDICINES MANAGEMENT - CLINICAL,NHS OLDHAM CCG,24638442,8857,-
Department of Health,NHS Stockport CCG,30/11/2018,Other Gen Supplies & Srv,NHS 111,NHS OLDHAM CCG,24638442,1861,-
Department of Health,NHS Stockport CCG,30/11/2018,Hcare Srv Rec Fdtn Trust-Non Contract,ACUTE COMMISSIONING,STOCKPORT NHS FOUNDATION TRUST,24650007,583500,654974295
Department of Health,NHS Stockport CCG,30/11/2018,Clinical&Medical-Voluntary Sector,PROGRAMME PROJECTS,ARTS FOR RECOVERY IN THE COMMUNITY,24650013,29795,-
Department of Health,NHS Stockport CCG,30/11/2018,Hcare Srv Rec Fdtn Trust-Contract Baseline,ACUTE COMMISSIONING,WRIGHTINGTON WIGAN & LEIGH NHS FOUNDATION TRUST,24650016,54945,GB654951509
Department of Health,NHS Stockport CCG,30/11/2018,C&M-PMS Contract Value,PRC DELEGATED CO-COMMISSIONING,BEECH HOUSE MEDICAL PRACTICE,24669402,54219.27,-
Department of Health,NHS Stockport CCG,30/11/2018,C&M-PMS Funding Differential Review,PRC DELEGATED CO-COMMISSIONING,BEECH HOUSE MEDICAL PRACTICE,24669402,934.27,-
Department of Health,NHS Stockport CCG,30/11/2018,C&M-PMS QOF Aspiration,PRC DELEGATED CO-COMMISSIONING,BEECH HOUSE MEDICAL PRACTICE,24669402,8495.05,-
Department of Health,NHS Stockport CCG,30/11/2018,C&M-PMS Contract Value,PRC DELEGATED CO-COMMISSIONING,ALVANLEY FAMILY PRACTICE,24669404,38562.92,-
Department of Health,NHS Stockport CCG,30/11/2018,C&M-PMS DES Minor Surgery,PRC DELEGATED CO-COMMISSIONING,ALVANLEY FAMILY PRACTICE,24669404,780.48,-
Department of Health,NHS Stockport CCG,30/11/2018,C&M-PMS Funding Differential Review,PRC DELEGATED CO-COMMISSIONING,ALVANLEY FAMILY PRACTICE,24669404,108.76,-
Department of Health,NHS Stockport CCG,30/11/2018,C&M-PMS QOF Aspiration,PRC DELEGATED CO-COMMISSIONING,ALVANLEY FAMILY PRACTICE,24669404,4496.1,-
Department of Health,NHS Stockport CCG,30/11/2018,C&M-PMS Contract Value,PRC DELEGATED CO-COMMISSIONING,ARCHWOOD MEDICAL PRACTICE,24669406,43524.82,-
Department of Health,NHS Stockport CCG,30/11/2018,C&M-PMS Funding Differential Review,PRC DELEGATED CO-COMMISSIONING,ARCHWOOD MEDICAL PRACTICE,24669406,341.52,-
Department of Health,NHS Stockport CCG,30/11/2018,C&M-PMS PCO Locum Adop/Pat/Mat,PRC DELEGATED CO-COMMISSIONING,ARCHWOOD MEDICAL PRACTICE,24669406,22266.72,-
Department of Health,NHS Stockport CCG,30/11/2018,C&M-PMS QOF Aspiration,PRC DELEGATED CO-COMMISSIONING,ARCHWOOD MEDICAL PRACTICE,24669406,5859.38,-
Department of Health,NHS Stockport CCG,30/11/2018,C&M-GMS Global Sum,PRC DELEGATED CO-COMMISSIONING,ADSHALL ROAD MEDICAL PRACTICE,24669408,32419.99,-
Department of Health,NHS Stockport CCG,30/11/2018,C&M-GMS MPIG Correction Factor,PRC DELEGATED CO-COMMISSIONING,ADSHALL ROAD MEDICAL PRACTICE,24669408,424.57,-
Department of Health,NHS Stockport CCG,30/11/2018,C&M-GMS PCO Locum Adop/Pat/Mat,PRC DELEGATED CO-COMMISSIONING,ADSHALL ROAD MEDICAL PRACTICE,24669408,6800,-
Department of Health,NHS Stockport CCG,30/11/2018,C&M-GMS Prem Notional Rent,PRC DELEGATED CO-COMMISSIONING,ADSHALL ROAD MEDICAL PRACTICE,24669408,2627.33,-
Department of Health,NHS Stockport CCG,30/11/2018,C&M-GMS QOF Aspiration,PRC DELEGATED CO-COMMISSIONING,ADSHALL ROAD MEDICAL PRACTICE,24669408,4038.3,-
Department of Health,NHS Stockport CCG,30/11/2018,C&M-PMS Contract Value,PRC DELEGATED CO-COMMISSIONING,ADSWOOD ROAD SURGERY,24669410,28311.43,-
Department of Health,NHS Stockport CCG,30/11/2018,C&M-PMS DES Minor Surgery,PRC DELEGATED CO-COMMISSIONING,ADSWOOD ROAD SURGERY,24669410,43.36,-
Department of Health,NHS Stockport CCG,30/11/2018,C&M-PMS Funding Differential Review,PRC DELEGATED CO-COMMISSIONING,ADSWOOD ROAD SURGERY,24669410,424.61,-
Department of Health,NHS Stockport CCG,30/11/2018,C&M-PMS Prem Notional Rent,PRC DELEGATED CO-COMMISSIONING,ADSWOOD ROAD SURGERY,24669410,2441.67,-
Department of Health,NHS Stockport CCG,30/11/2018,C&M-PMS Prem Water Rates,PRC DELEGATED CO-COMMISSIONING,ADSWOOD ROAD SURGERY,24669410,99.02,-
Department of Health,NHS Stockport CCG,30/11/2018,C&M-PMS QOF Aspiration,PRC DELEGATED CO-COMMISSIONING,ADSWOOD ROAD SURGERY,24669410,3678.48,-
Department of Health,NHS Stockport CCG,30/11/2018,C&M-GMS DES Learn Dsblty Hlth Chk,PRC DELEGATED CO-COMMISSIONING,BRAMHALL HEALTH CENTRE,24669412,1120,-
Department of Health,NHS Stockport CCG,30/11/2018,C&M-GMS Global Sum,PRC DELEGATED CO-COMMISSIONING,BRAMHALL HEALTH CENTRE,24669412,85471.47,-
Department of Health,NHS Stockport CCG,30/11/2018,C&M-GMS MPIG Correction Factor,PRC DELEGATED CO-COMMISSIONING,BRAMHALL HEALTH CENTRE,24669412,1526.02,-
Department of Health,NHS Stockport CCG,30/11/2018,C&M-GMS QOF Aspiration,PRC DELEGATED CO-COMMISSIONING,BRAMHALL HEALTH CENTRE,24669412,9679.61,-
Department of Health,NHS Stockport CCG,30/11/2018,ME-GMS GP Pension EEs Adjustments,PRC DELEGATED CO-COMMISSIONING,BRAMHALL HEALTH CENTRE,24669412,4339.1,-
Department of Health,NHS Stockport CCG,30/11/2018,ME-GMS GP Pension ERs Adjustments,PRC DELEGATED CO-COMMISSIONING,BRAMHALL HEALTH CENTRE,24669412,4621.95,-
Department of Health,NHS Stockport CCG,30/11/2018,C&M-PMS Contract Value,PRC DELEGATED CO-COMMISSIONING,BREDBURY MEDICAL PRACTICE,24669415,32028.81,-
Department of Health,NHS Stockport CCG,30/11/2018,C&M-PMS Funding Differential Review,PRC DELEGATED CO-COMMISSIONING,BREDBURY MEDICAL PRACTICE,24669415,398.52,-
Department of Health,NHS Stockport CCG,30/11/2018,C&M-PMS Prem Notional Rent,PRC DELEGATED CO-COMMISSIONING,BREDBURY MEDICAL PRACTICE,24669415,3316.67,-
Department of Health,NHS Stockport CCG,30/11/2018,C&M-PMS QOF Aspiration,PRC DELEGATED CO-COMMISSIONING,BREDBURY MEDICAL PRACTICE,24669415,3370.09,-
Department of Health,NHS Stockport CCG,30/11/2018,C&M-GMS Global Sum,PRC DELEGATED CO-COMMISSIONING,BRACONDALE MEDICAL CENTRE,24669417,36644.26,-
Department of Health,NHS Stockport CCG,30/11/2018,C&M-GMS MPIG Correction Factor,PRC DELEGATED CO-COMMISSIONING,BRACONDALE MEDICAL CENTRE,24669417,440.1,-
Department of Health,NHS Stockport CCG,30/11/2018,C&M-GMS QOF Aspiration,PRC DELEGATED CO-COMMISSIONING,BRACONDALE MEDICAL CENTRE,24669417,3928.52,-
Department of Health,NHS Stockport CCG,30/11/2018,C&M-PMS Contract Value,PRC DELEGATED CO-COMMISSIONING,CARITAS GENERAL PRACTICE PARTNERSHIP,24669419,93683.62,-
Department of Health,NHS Stockport CCG,30/11/2018,C&M-PMS DES Minor Surgery,PRC DELEGATED CO-COMMISSIONING,CARITAS GENERAL PRACTICE PARTNERSHIP,24669419,303.52,-
Department of Health,NHS Stockport CCG,30/11/2018,C&M-PMS Funding Differential Review,PRC DELEGATED CO-COMMISSIONING,CARITAS GENERAL PRACTICE PARTNERSHIP,24669419,77.25,-
Department of Health,NHS Stockport CCG,30/11/2018,C&M-PMS Prem Actual Rent,PRC DELEGATED CO-COMMISSIONING,CARITAS GENERAL PRACTICE PARTNERSHIP,24669419,870,-
Department of Health,NHS Stockport CCG,30/11/2018,C&M-PMS Prem Notional Rent,PRC DELEGATED CO-COMMISSIONING,CARITAS GENERAL PRACTICE PARTNERSHIP,24669419,6626.66,-
Department of Health,NHS Stockport CCG,30/11/2018,C&M-PMS QOF Aspiration,PRC DELEGATED CO-COMMISSIONING,CARITAS GENERAL PRACTICE PARTNERSHIP,24669419,11271.09,-
Department of Health,NHS Stockport CCG,30/11/2018,C&M-GMS Global Sum,PRC DELEGATED CO-COMMISSIONING,CALE GREEN SURGERY,24669421,27755.51,-
Department of Health,NHS Stockport CCG,30/11/2018,C&M-GMS MPIG Correction Factor,PRC DELEGATED CO-COMMISSIONING,CALE GREEN SURGERY,24669421,113.74,-
Department of Health,NHS Stockport CCG,30/11/2018,C&M-GMS Prem Notional Rent,PRC DELEGATED CO-COMMISSIONING,CALE GREEN SURGERY,24669421,1416.67,-
Department of Health,NHS Stockport CCG,30/11/2018,C&M-GMS QOF Aspiration,PRC DELEGATED CO-COMMISSIONING,CALE GREEN SURGERY,24669421,2654.95,-
Department of Health,NHS Stockport CCG,30/11/2018,C&M-PMS Voluntary Levy,PRC DELEGATED CO-COMMISSIONING,BRINNINGTON HEALTH CENTRE STOCKPORT,24669422,-290.63,-
Department of Health,NHS Stockport CCG,30/11/2018,ME - PMS GP Prior Year ERs,PRC DELEGATED CO-COMMISSIONING,BRINNINGTON HEALTH CENTRE STOCKPORT,24669422,-8749.28,-
Department of Health,NHS Stockport CCG,30/11/2018,ME - PMS TPS Added Years Adj EEs,PRC DELEGATED CO-COMMISSIONING,BRINNINGTON HEALTH CENTRE STOCKPORT,24669422,-251.88,-
Department of Health,NHS Stockport CCG,30/11/2018,ME-PMS GP Pension EEs Adjs - PMS,PRC DELEGATED CO-COMMISSIONING,BRINNINGTON HEALTH CENTRE STOCKPORT,24669422,-959.48,-
Department of Health,NHS Stockport CCG,30/11/2018,ME-PMS GP Pension EEs-PMS,PRC DELEGATED CO-COMMISSIONING,BRINNINGTON HEALTH CENTRE STOCKPORT,24669422,-6093.38,-
Department of Health,NHS Stockport CCG,30/11/2018,ME-PMS GP Pension ERs Adjs - PMS,PRC DELEGATED CO-COMMISSIONING,BRINNINGTON HEALTH CENTRE STOCKPORT,24669422,-7152.32,-
Department of Health,NHS Stockport CCG,30/11/2018,ME-PMS GP Prior Year EEs,PRC DELEGATED CO-COMMISSIONING,BRINNINGTON HEALTH CENTRE STOCKPORT,24669422,-8255.83,-
Department of Health,NHS Stockport CCG,30/11/2018,C&M-PMS Contract Value,PRC DELEGATED CO-COMMISSIONING,CHEADLE HULME HEALTH CENTRE - DR SEABROOK,24669424,86856.79,-
Department of Health,NHS Stockport CCG,30/11/2018,C&M-PMS DES Minor Surgery,PRC DELEGATED CO-COMMISSIONING,CHEADLE HULME HEALTH CENTRE - DR SEABROOK,24669424,2081.28,-
Department of Health,NHS Stockport CCG,30/11/2018,C&M-PMS Funding Differential Review,PRC DELEGATED CO-COMMISSIONING,CHEADLE HULME HEALTH CENTRE - DR SEABROOK,24669424,517.22,-
Department of Health,NHS Stockport CCG,30/11/2018,C&M-PMS Prem Notional Rent,PRC DELEGATED CO-COMMISSIONING,CHEADLE HULME HEALTH CENTRE - DR SEABROOK,24669424,3812.5,-
Department of Health,NHS Stockport CCG,30/11/2018,C&M-PMS QOF Aspiration,PRC DELEGATED CO-COMMISSIONING,CHEADLE HULME HEALTH CENTRE - DR SEABROOK,24669424,9344.42,-
Department of Health,NHS Stockport CCG,30/11/2018,C&M-PMS Contract Value,PRC DELEGATED CO-COMMISSIONING,CHEADLE HULME HEALTH CENTRE - DR SHIPSTON,24669426,73705.69,-
Department of Health,NHS Stockport CCG,30/11/2018,C&M-PMS DES Learn Dsblty Hlth Chk,PRC DELEGATED CO-COMMISSIONING,CHEADLE HULME HEALTH CENTRE - DR SHIPSTON,24669426,140,-
Department of Health,NHS Stockport CCG,30/11/2018,C&M-PMS DES Minor Surgery,PRC DELEGATED CO-COMMISSIONING,CHEADLE HULME HEALTH CENTRE - DR SHIPSTON,24669426,650.4,-
Department of Health,NHS Stockport CCG,30/11/2018,C&M-PMS Funding Differential Review,PRC DELEGATED CO-COMMISSIONING,CHEADLE HULME HEALTH CENTRE - DR SHIPSTON,24669426,717.61,-
Department of Health,NHS Stockport CCG,30/11/2018,C&M-PMS Prem Notional Rent,PRC DELEGATED CO-COMMISSIONING,CHEADLE HULME HEALTH CENTRE - DR SHIPSTON,24669426,4941.67,-
Department of Health,NHS Stockport CCG,30/11/2018,C&M-PMS QOF Aspiration,PRC DELEGATED CO-COMMISSIONING,CHEADLE HULME HEALTH CENTRE - DR SHIPSTON,24669426,8235.81,-
Department of Health,NHS Stockport CCG,30/11/2018,ME - PMS GP Prior Year ERs,PRC DELEGATED CO-COMMISSIONING,CHEADLE HULME HEALTH CENTRE - DR SHIPSTON,24669426,1426.42,-
Department of Health,NHS Stockport CCG,30/11/2018,ME-PMS GP Prior Year EEs,PRC DELEGATED CO-COMMISSIONING,CHEADLE HULME HEALTH CENTRE - DR SHIPSTON,24669426,2556.54,-
Department of Health,NHS Stockport CCG,30/11/2018,C&M-GMS Voluntary Levy,PRC DELEGATED CO-COMMISSIONING,CHEADLE MEDICAL PRACTICE,24669427,-388.25,-
Department of Health,NHS Stockport CCG,30/11/2018,ME - GMS GP Prior Year ERs,PRC DELEGATED CO-COMMISSIONING,CHEADLE MEDICAL PRACTICE,24669427,-9346.98,-
Department of Health,NHS Stockport CCG,30/11/2018,ME-GMS GP Pension EEs,PRC DELEGATED CO-COMMISSIONING,CHEADLE MEDICAL PRACTICE,24669427,-5721.15,-
Department of Health,NHS Stockport CCG,30/11/2018,ME-GMS GP Pension EEs Adjustments,PRC DELEGATED CO-COMMISSIONING,CHEADLE MEDICAL PRACTICE,24669427,-4978.14,-
Department of Health,NHS Stockport CCG,30/11/2018,ME-GMS GP Pension ERs Adjustments,PRC DELEGATED CO-COMMISSIONING,CHEADLE MEDICAL PRACTICE,24669427,-12008.26,-
Department of Health,NHS Stockport CCG,30/11/2018,ME-GMS GP Prior Year EEs,PRC DELEGATED CO-COMMISSIONING,CHEADLE MEDICAL PRACTICE,24669427,-8775,-
Department of Health,NHS Stockport CCG,30/11/2018,C&M-GMS DES Learn Dsblty Hlth Chk,PRC DELEGATED CO-COMMISSIONING,CHEADLE MEDICAL PRACTICE,24669428,1400,-
Department of Health,NHS Stockport CCG,30/11/2018,C&M-GMS DES Minor Surgery,PRC DELEGATED CO-COMMISSIONING,CHEADLE MEDICAL PRACTICE,24669428,2168,-
Department of Health,NHS Stockport CCG,30/11/2018,C&M-GMS Global Sum,PRC DELEGATED CO-COMMISSIONING,CHEADLE MEDICAL PRACTICE,24669428,79713.86,-
Department of Health,NHS Stockport CCG,30/11/2018,C&M-GMS MPIG Correction Factor,PRC DELEGATED CO-COMMISSIONING,CHEADLE MEDICAL PRACTICE,24669428,953.44,-
Department of Health,NHS Stockport CCG,30/11/2018,C&M-GMS PCO Locum Adop/Pat/Mat,PRC DELEGATED CO-COMMISSIONING,CHEADLE MEDICAL PRACTICE,24669428,3360,-
Department of Health,NHS Stockport CCG,30/11/2018,C&M-GMS Prem Notional Rent,PRC DELEGATED CO-COMMISSIONING,CHEADLE MEDICAL PRACTICE,24669428,5450,-
Department of Health,NHS Stockport CCG,30/11/2018,C&M-GMS QOF Aspiration,PRC DELEGATED CO-COMMISSIONING,CHEADLE MEDICAL PRACTICE,24669428,10003.56,-
Department of Health,NHS Stockport CCG,30/11/2018,C&M-GMS DES Minor Surgery,PRC DELEGATED CO-COMMISSIONING,CHADSFIELD MEDICAL PRACTICE,24669432,346.88,-
Department of Health,NHS Stockport CCG,30/11/2018,C&M-GMS Global Sum,PRC DELEGATED CO-COMMISSIONING,CHADSFIELD MEDICAL PRACTICE,24669432,54269.17,-
Department of Health,NHS Stockport CCG,30/11/2018,C&M-GMS MPIG Correction Factor,PRC DELEGATED CO-COMMISSIONING,CHADSFIELD MEDICAL PRACTICE,24669432,638.93,-
Department of Health,NHS Stockport CCG,30/11/2018,C&M-GMS QOF Aspiration,PRC DELEGATED CO-COMMISSIONING,CHADSFIELD MEDICAL PRACTICE,24669432,7245.93,-
Department of Health,NHS Stockport CCG,30/11/2018,ME - GMS GP Prior Year ERs,PRC DELEGATED CO-COMMISSIONING,CHADSFIELD MEDICAL PRACTICE,24669432,4510.68,-
Department of Health,NHS Stockport CCG,30/11/2018,ME-GMS GP Prior Year EEs,PRC DELEGATED CO-COMMISSIONING,CHADSFIELD MEDICAL PRACTICE,24669432,3433.76,-
Department of Health,NHS Stockport CCG,30/11/2018,C&M-PMS Contract Value,PRC DELEGATED CO-COMMISSIONING,FAMILY SURGERY STOCKPORT,24669434,86290.54,-
Department of Health,NHS Stockport CCG,30/11/2018,C&M-PMS DES Minor Surgery,PRC DELEGATED CO-COMMISSIONING,FAMILY SURGERY STOCKPORT,24669434,1647.68,-
Department of Health,NHS Stockport CCG,30/11/2018,C&M-PMS Funding Differential Review,PRC DELEGATED CO-COMMISSIONING,FAMILY SURGERY STOCKPORT,24669434,538.73,-
Department of Health,NHS Stockport CCG,30/11/2018,C&M-PMS PCO Locum Adop/Pat/Mat,PRC DELEGATED CO-COMMISSIONING,FAMILY SURGERY STOCKPORT,24669434,3414.18,-
Department of Health,NHS Stockport CCG,30/11/2018,C&M-PMS Prem Notional Rent,PRC DELEGATED CO-COMMISSIONING,FAMILY SURGERY STOCKPORT,24669434,5800,-
Department of Health,NHS Stockport CCG,30/11/2018,C&M-PMS Prem Water Rates,PRC DELEGATED CO-COMMISSIONING,FAMILY SURGERY STOCKPORT,24669434,395.94,-
Department of Health,NHS Stockport CCG,30/11/2018,C&M-PMS QOF Aspiration,PRC DELEGATED CO-COMMISSIONING,FAMILY SURGERY STOCKPORT,24669434,8896.65,-
Department of Health,NHS Stockport CCG,30/11/2018,C&M-GMS DES Minor Surgery,PRC DELEGATED CO-COMMISSIONING,GATLEY MEDICAL CENTRE,24669436,520.32,-
Department of Health,NHS Stockport CCG,30/11/2018,C&M-GMS Global Sum,PRC DELEGATED CO-COMMISSIONING,GATLEY MEDICAL CENTRE,24669436,61022.22,-
Department of Health,NHS Stockport CCG,30/11/2018,C&M-GMS MPIG Correction Factor,PRC DELEGATED CO-COMMISSIONING,GATLEY MEDICAL CENTRE,24669436,586.83,-
Department of Health,NHS Stockport CCG,30/11/2018,C&M-GMS PCO Locum Sickness,PRC DELEGATED CO-COMMISSIONING,GATLEY MEDICAL CENTRE,24669436,10854.6,-
Department of Health,NHS Stockport CCG,30/11/2018,C&M-GMS QOF Aspiration,PRC DELEGATED CO-COMMISSIONING,GATLEY MEDICAL CENTRE,24669436,7571.86,-
Department of Health,NHS Stockport CCG,30/11/2018,C&M-GMS DES Learn Dsblty Hlth Chk,PRC DELEGATED CO-COMMISSIONING,GUYWOOD PRACTICE,24669438,140,-
Department of Health,NHS Stockport CCG,30/11/2018,C&M-GMS DES Minor Surgery,PRC DELEGATED CO-COMMISSIONING,GUYWOOD PRACTICE,24669438,780.48,-
Department of Health,NHS Stockport CCG,30/11/2018,C&M-GMS Global Sum,PRC DELEGATED CO-COMMISSIONING,GUYWOOD PRACTICE,24669438,21820.6,-
Department of Health,NHS Stockport CCG,30/11/2018,C&M-GMS MPIG Correction Factor,PRC DELEGATED CO-COMMISSIONING,GUYWOOD PRACTICE,24669438,450.47,-
Department of Health,NHS Stockport CCG,30/11/2018,C&M-GMS QOF Aspiration,PRC DELEGATED CO-COMMISSIONING,GUYWOOD PRACTICE,24669438,2485.31,-
Department of Health,NHS Stockport CCG,30/11/2018,C&M-PMS Contract Value,PRC DELEGATED CO-COMMISSIONING,HEATON MERSEY MEDICAL PRACTICE,24669440,51875.05,-
Department of Health,NHS Stockport CCG,30/11/2018,C&M-PMS DES Minor Surgery,PRC DELEGATED CO-COMMISSIONING,HEATON MERSEY MEDICAL PRACTICE,24669440,563.68,-
Department of Health,NHS Stockport CCG,30/11/2018,C&M-PMS Funding Differential Review,PRC DELEGATED CO-COMMISSIONING,HEATON MERSEY MEDICAL PRACTICE,24669440,814.83,-
Department of Health,NHS Stockport CCG,30/11/2018,C&M-PMS Prem Notional Rent,PRC DELEGATED CO-COMMISSIONING,HEATON MERSEY MEDICAL PRACTICE,24669440,3208.33,-
Department of Health,NHS Stockport CCG,30/11/2018,C&M-PMS QOF Aspiration,PRC DELEGATED CO-COMMISSIONING,HEATON MERSEY MEDICAL PRACTICE,24669440,6327.86,-
Department of Health,NHS Stockport CCG,30/11/2018,C&M-GMS Global Sum,PRC DELEGATED CO-COMMISSIONING,HEATON NORRIS HEALTH CENTRE DR MARSHALL,24669442,55911.37,-
Department of Health,NHS Stockport CCG,30/11/2018,C&M-GMS QOF Aspiration,PRC DELEGATED CO-COMMISSIONING,HEATON NORRIS HEALTH CENTRE DR MARSHALL,24669442,6957.73,-
Department of Health,NHS Stockport CCG,30/11/2018,C&M-PMS Contract Value,PRC DELEGATED CO-COMMISSIONING,HIGH LANE MEDICAL CENTRE,24669444,42774.84,-
Department of Health,NHS Stockport CCG,30/11/2018,C&M-PMS Funding Differential Review,PRC DELEGATED CO-COMMISSIONING,HIGH LANE MEDICAL CENTRE,24669444,233.19,-
Department of Health,NHS Stockport CCG,30/11/2018,C&M-PMS QOF Aspiration,PRC DELEGATED CO-COMMISSIONING,HIGH LANE MEDICAL CENTRE,24669444,4407.41,-
Department of Health,NHS Stockport CCG,30/11/2018,C&M-GMS Global Sum,PRC DELEGATED CO-COMMISSIONING,HEALD GREEN HEALTH CENTRE DR WRIGHT,24669446,42595.56,-
Department of Health,NHS Stockport CCG,30/11/2018,C&M-GMS MPIG Correction Factor,PRC DELEGATED CO-COMMISSIONING,HEALD GREEN HEALTH CENTRE DR WRIGHT,24669446,459.64,-
Department of Health,NHS Stockport CCG,30/11/2018,C&M-GMS QOF Aspiration,PRC DELEGATED CO-COMMISSIONING,HEALD GREEN HEALTH CENTRE DR WRIGHT,24669446,5147.76,-
Department of Health,NHS Stockport CCG,30/11/2018,ME-GMS GP Pension EEs Adjustments,PRC DELEGATED CO-COMMISSIONING,HEALD GREEN HEALTH CENTRE DR WRIGHT,24669446,1928.4,-
Department of Health,NHS Stockport CCG,30/11/2018,ME-GMS GP Prior Year EEs,PRC DELEGATED CO-COMMISSIONING,HEALD GREEN HEALTH CENTRE DR WRIGHT,24669446,46.33,-
Department of Health,NHS Stockport CCG,30/11/2018,C&M-GMS DES Minor Surgery,PRC DELEGATED CO-COMMISSIONING,MARPLE BRIDGE SURGERY,24669448,693.76,-
Department of Health,NHS Stockport CCG,30/11/2018,C&M-GMS Global Sum,PRC DELEGATED CO-COMMISSIONING,MARPLE BRIDGE SURGERY,24669448,46321.65,-
Department of Health,NHS Stockport CCG,30/11/2018,C&M-GMS MPIG Correction Factor,PRC DELEGATED CO-COMMISSIONING,MARPLE BRIDGE SURGERY,24669448,671.18,-
Department of Health,NHS Stockport CCG,30/11/2018,C&M-GMS QOF Aspiration,PRC DELEGATED CO-COMMISSIONING,MARPLE BRIDGE SURGERY,24669448,5428.68,-
Department of Health,NHS Stockport CCG,30/11/2018,C&M-PMS Contract Value,PRC DELEGATED CO-COMMISSIONING,MARPLE COTTAGE SURGERY,24669450,51393.15,-
Department of Health,NHS Stockport CCG,30/11/2018,C&M-PMS DES Minor Surgery,PRC DELEGATED CO-COMMISSIONING,MARPLE COTTAGE SURGERY,24669450,7718.08,-
Department of Health,NHS Stockport CCG,30/11/2018,C&M-PMS Funding Differential Review,PRC DELEGATED CO-COMMISSIONING,MARPLE COTTAGE SURGERY,24669450,311.62,-
Department of Health,NHS Stockport CCG,30/11/2018,C&M-PMS Prem Notional Rent,PRC DELEGATED CO-COMMISSIONING,MARPLE COTTAGE SURGERY,24669450,4143.67,-
Department of Health,NHS Stockport CCG,30/11/2018,C&M-PMS QOF Aspiration,PRC DELEGATED CO-COMMISSIONING,MARPLE COTTAGE SURGERY,24669450,6490.68,-
Department of Health,NHS Stockport CCG,30/11/2018,C&M-GMS Global Sum,PRC DELEGATED CO-COMMISSIONING,MARPLE MEDICAL PRACTICE,24669452,51463.89,-
Department of Health,NHS Stockport CCG,30/11/2018,C&M-GMS MPIG Correction Factor,PRC DELEGATED CO-COMMISSIONING,MARPLE MEDICAL PRACTICE,24669452,401.71,-
Department of Health,NHS Stockport CCG,30/11/2018,C&M-GMS Prem Notional Rent,PRC DELEGATED CO-COMMISSIONING,MARPLE MEDICAL PRACTICE,24669452,2614.08,-
Department of Health,NHS Stockport CCG,30/11/2018,C&M-GMS QOF Aspiration,PRC DELEGATED CO-COMMISSIONING,MARPLE MEDICAL PRACTICE,24669452,6991.86,-
Department of Health,NHS Stockport CCG,30/11/2018,C&M-GMS Global Sum,PRC DELEGATED CO-COMMISSIONING,MANOR MEDICAL PRACTICE,24669454,69093.2,-
Department of Health,NHS Stockport CCG,30/11/2018,C&M-GMS Prem Actual Rent,PRC DELEGATED CO-COMMISSIONING,MANOR MEDICAL PRACTICE,24669454,1658.33,-
Department of Health,NHS Stockport CCG,30/11/2018,C&M-GMS Prem Healthcentre Rent,PRC DELEGATED CO-COMMISSIONING,MANOR MEDICAL PRACTICE,24669454,1028.83,-
Department of Health,NHS Stockport CCG,30/11/2018,C&M-GMS QOF Aspiration,PRC DELEGATED CO-COMMISSIONING,MANOR MEDICAL PRACTICE,24669454,8434.98,-
Department of Health,NHS Stockport CCG,30/11/2018,C&M-GMS DES Learn Dsblty Hlth Chk,PRC DELEGATED CO-COMMISSIONING,PARK VIEW GROUP PRACTICE,24669456,1260,-
Department of Health,NHS Stockport CCG,30/11/2018,C&M-GMS DES Minor Surgery,PRC DELEGATED CO-COMMISSIONING,PARK VIEW GROUP PRACTICE,24669456,476.96,-
Department of Health,NHS Stockport CCG,30/11/2018,C&M-GMS Global Sum,PRC DELEGATED CO-COMMISSIONING,PARK VIEW GROUP PRACTICE,24669456,63680.53,-
Department of Health,NHS Stockport CCG,30/11/2018,C&M-GMS Prem Notional Rent,PRC DELEGATED CO-COMMISSIONING,PARK VIEW GROUP PRACTICE,24669456,4787.5,-
Department of Health,NHS Stockport CCG,30/11/2018,C&M-GMS Prem Water Rates,PRC DELEGATED CO-COMMISSIONING,PARK VIEW GROUP PRACTICE,24669456,387.33,-
Department of Health,NHS Stockport CCG,30/11/2018,C&M-GMS QOF Aspiration,PRC DELEGATED CO-COMMISSIONING,PARK VIEW GROUP PRACTICE,24669456,7438.8,-
Department of Health,NHS Stockport CCG,30/11/2018,C&M-PMS Contract Value,PRC DELEGATED CO-COMMISSIONING,SOUTH REDDISH MEDICAL CENTRE,24669458,26924.17,-
Department of Health,NHS Stockport CCG,30/11/2018,C&M-PMS DES Minor Surgery,PRC DELEGATED CO-COMMISSIONING,SOUTH REDDISH MEDICAL CENTRE,24669458,216.8,-
Department of Health,NHS Stockport CCG,30/11/2018,C&M-PMS Funding Differential Review,PRC DELEGATED CO-COMMISSIONING,SOUTH REDDISH MEDICAL CENTRE,24669458,307.51,-
Department of Health,NHS Stockport CCG,30/11/2018,C&M-PMS Prem Healthcentre Rent,PRC DELEGATED CO-COMMISSIONING,SOUTH REDDISH MEDICAL CENTRE,24669458,12075,-
Department of Health,NHS Stockport CCG,30/11/2018,C&M-PMS QOF Aspiration,PRC DELEGATED CO-COMMISSIONING,SOUTH REDDISH MEDICAL CENTRE,24669458,3162.65,-
Department of Health,NHS Stockport CCG,30/11/2018,ME - PMS GP Prior Year ERs,PRC DELEGATED CO-COMMISSIONING,SOUTH REDDISH MEDICAL CENTRE,24669458,71.9,-
Department of Health,NHS Stockport CCG,30/11/2018,ME-PMS GP Pension EEs Adjs - PMS,PRC DELEGATED CO-COMMISSIONING,SOUTH REDDISH MEDICAL CENTRE,24669458,2394,-
Department of Health,NHS Stockport CCG,30/11/2018,ME-PMS GP Pension ERs Adjs - PMS,PRC DELEGATED CO-COMMISSIONING,SOUTH REDDISH MEDICAL CENTRE,24669458,2588.4,-
Department of Health,NHS Stockport CCG,30/11/2018,ME-PMS GP Prior Year EEs,PRC DELEGATED CO-COMMISSIONING,SOUTH REDDISH MEDICAL CENTRE,24669458,46.5,-
Department of Health,NHS Stockport CCG,30/11/2018,C&M-GMS DES Minor Surgery,PRC DELEGATED CO-COMMISSIONING,SPRINGFIELD SURGERY STOCKPORT,24669460,520.32,-
Department of Health,NHS Stockport CCG,30/11/2018,C&M-GMS Global Sum,PRC DELEGATED CO-COMMISSIONING,SPRINGFIELD SURGERY STOCKPORT,24669460,36597.99,-
Department of Health,NHS Stockport CCG,30/11/2018,C&M-GMS MPIG Correction Factor,PRC DELEGATED CO-COMMISSIONING,SPRINGFIELD SURGERY STOCKPORT,24669460,285.29,-
Department of Health,NHS Stockport CCG,30/11/2018,C&M-GMS Prem Notional Rent,PRC DELEGATED CO-COMMISSIONING,SPRINGFIELD SURGERY STOCKPORT,24669460,2045.83,-
Department of Health,NHS Stockport CCG,30/11/2018,C&M-GMS QOF Aspiration,PRC DELEGATED CO-COMMISSIONING,SPRINGFIELD SURGERY STOCKPORT,24669460,4093.21,-
Department of Health,NHS Stockport CCG,30/11/2018,C&M-PMS Prem Notional Rent,PRC DELEGATED CO-COMMISSIONING,STOCKPORT MEDICAL GROUP,24669463,-7460.83,-
Department of Health,NHS Stockport CCG,30/11/2018,C&M-PMS Voluntary Levy,PRC DELEGATED CO-COMMISSIONING,STOCKPORT MEDICAL GROUP,24669463,-533.98,-
Department of Health,NHS Stockport CCG,30/11/2018,ME - PMS GP Prior Year ERs,PRC DELEGATED CO-COMMISSIONING,STOCKPORT MEDICAL GROUP,24669463,-808.65,-
Department of Health,NHS Stockport CCG,30/11/2018,ME - PMS TPS Added Years Adj EEs,PRC DELEGATED CO-COMMISSIONING,STOCKPORT MEDICAL GROUP,24669463,-434.68,-
Department of Health,NHS Stockport CCG,30/11/2018,ME-PMS GP Pension EEs-PMS,PRC DELEGATED CO-COMMISSIONING,STOCKPORT MEDICAL GROUP,24669463,-8799.63,-
Department of Health,NHS Stockport CCG,30/11/2018,ME-PMS GP Pension ERs Adjs - PMS,PRC DELEGATED CO-COMMISSIONING,STOCKPORT MEDICAL GROUP,24669463,-9877.37,-
Department of Health,NHS Stockport CCG,30/11/2018,ME-PMS GP Prior Year EEs,PRC DELEGATED CO-COMMISSIONING,STOCKPORT MEDICAL GROUP,24669463,-981.73,-
Department of Health,NHS Stockport CCG,30/11/2018,C&M-PMS Contract Value,PRC DELEGATED CO-COMMISSIONING,STOCKPORT MEDICAL GROUP,24669464,111827.14,-
Department of Health,NHS Stockport CCG,30/11/2018,C&M-PMS DES Minor Surgery,PRC DELEGATED CO-COMMISSIONING,STOCKPORT MEDICAL GROUP,24669464,14959.2,-
Department of Health,NHS Stockport CCG,30/11/2018,C&M-PMS Funding Differential Review,PRC DELEGATED CO-COMMISSIONING,STOCKPORT MEDICAL GROUP,24669464,422.56,-
Department of Health,NHS Stockport CCG,30/11/2018,C&M-PMS Prem Notional Rent,PRC DELEGATED CO-COMMISSIONING,STOCKPORT MEDICAL GROUP,24669464,15063.33,-
Department of Health,NHS Stockport CCG,30/11/2018,C&M-PMS QOF Aspiration,PRC DELEGATED CO-COMMISSIONING,STOCKPORT MEDICAL GROUP,24669464,13083.12,-
Department of Health,NHS Stockport CCG,30/11/2018,C&M-GMS Global Sum,PRC DELEGATED CO-COMMISSIONING,VILLAGE SURGERY STOCKPORT,24669466,37410.39,-
Department of Health,NHS Stockport CCG,30/11/2018,C&M-GMS MPIG Correction Factor,PRC DELEGATED CO-COMMISSIONING,VILLAGE SURGERY STOCKPORT,24669466,1377.65,-
Department of Health,NHS Stockport CCG,30/11/2018,C&M-GMS Prem Notional Rent,PRC DELEGATED CO-COMMISSIONING,VILLAGE SURGERY STOCKPORT,24669466,3191.67,-
Department of Health,NHS Stockport CCG,30/11/2018,C&M-GMS QOF Aspiration,PRC DELEGATED CO-COMMISSIONING,VILLAGE SURGERY STOCKPORT,24669466,3757.19,-
Department of Health,NHS Stockport CCG,30/11/2018,C&M-GMS DES Minor Surgery,PRC DELEGATED CO-COMMISSIONING,WOODLEY VILLAGE SURGERY,24669470,737.12,-
Department of Health,NHS Stockport CCG,30/11/2018,C&M-GMS Global Sum,PRC DELEGATED CO-COMMISSIONING,WOODLEY VILLAGE SURGERY,24669470,23804.29,-
Department of Health,NHS Stockport CCG,30/11/2018,C&M-GMS PCO Other,PRC DELEGATED CO-COMMISSIONING,WOODLEY VILLAGE SURGERY,24669470,2393,-
Department of Health,NHS Stockport CCG,30/11/2018,C&M-GMS Prem Healthcentre Rent,PRC DELEGATED CO-COMMISSIONING,WOODLEY VILLAGE SURGERY,24669470,77708.86,-
Department of Health,NHS Stockport CCG,30/11/2018,C&M-GMS QOF Aspiration,PRC DELEGATED CO-COMMISSIONING,WOODLEY VILLAGE SURGERY,24669470,3135.04,-
Department of Health,NHS Stockport CCG,30/11/2018,C&M-GMS DES Minor Surgery,PRC DELEGATED CO-COMMISSIONING,DR OWEN & PARTNERS,24669474,43.36,-
Department of Health,NHS Stockport CCG,30/11/2018,C&M-GMS Global Sum,PRC DELEGATED CO-COMMISSIONING,DR OWEN & PARTNERS,24669474,45039.64,-
Department of Health,NHS Stockport CCG,30/11/2018,C&M-GMS MPIG Correction Factor,PRC DELEGATED CO-COMMISSIONING,DR OWEN & PARTNERS,24669474,74.87,-
Department of Health,NHS Stockport CCG,30/11/2018,C&M-GMS QOF Aspiration,PRC DELEGATED CO-COMMISSIONING,DR OWEN & PARTNERS,24669474,5519.59,-
Department of Health,NHS Stockport CCG,30/11/2018,C&M-PMS Voluntary Levy,PRC DELEGATED CO-COMMISSIONING,HEATON MOOR MEDICAL CENTRE,24672987,-1234.96,-
Department of Health,NHS Stockport CCG,30/11/2018,ME - PMS TPS Added Years Adj EEs,PRC DELEGATED CO-COMMISSIONING,HEATON MOOR MEDICAL CENTRE,24672987,-924.18,-
Department of Health,NHS Stockport CCG,30/11/2018,ME-PMS GP Pension EEs Adjs - PMS,PRC DELEGATED CO-COMMISSIONING,HEATON MOOR MEDICAL CENTRE,24672987,-10004.96,-
Department of Health,NHS Stockport CCG,30/11/2018,ME-PMS GP Pension EEs-PMS,PRC DELEGATED CO-COMMISSIONING,HEATON MOOR MEDICAL CENTRE,24672987,-15692.97,-
Department of Health,NHS Stockport CCG,30/11/2018,ME-PMS GP Pension ERs Adjs - PMS,PRC DELEGATED CO-COMMISSIONING,HEATON MOOR MEDICAL CENTRE,24672987,-26857.5,-
Department of Health,NHS Stockport CCG,30/11/2018,C&M-PMS Contract Value,PRC DELEGATED CO-COMMISSIONING,HEATON MOOR MEDICAL CENTRE,24672988,255742.05,-
Department of Health,NHS Stockport CCG,30/11/2018,C&M-PMS DES Minor Surgery,PRC DELEGATED CO-COMMISSIONING,HEATON MOOR MEDICAL CENTRE,24672988,3035.2,-
Department of Health,NHS Stockport CCG,30/11/2018,C&M-PMS Funding Differential Review,PRC DELEGATED CO-COMMISSIONING,HEATON MOOR MEDICAL CENTRE,24672988,1756.83,-
Department of Health,NHS Stockport CCG,30/11/2018,C&M-PMS Prem Healthcentre Rent,PRC DELEGATED CO-COMMISSIONING,HEATON MOOR MEDICAL CENTRE,24672988,6831.41,-
Department of Health,NHS Stockport CCG,30/11/2018,C&M-PMS Prem Notional Rent,PRC DELEGATED CO-COMMISSIONING,HEATON MOOR MEDICAL CENTRE,24672988,11243.75,-
Department of Health,NHS Stockport CCG,30/11/2018,C&M-PMS Prem Water Rates,PRC DELEGATED CO-COMMISSIONING,HEATON MOOR MEDICAL CENTRE,24672988,513.12,-
Department of Health,NHS Stockport CCG,30/11/2018,C&M-PMS QOF Aspiration,PRC DELEGATED CO-COMMISSIONING,HEATON MOOR MEDICAL CENTRE,24672988,26742.15,-
Department of Health,NHS Stockport CCG,30/11/2018,C&M-PMS Contract Value,PRC DELEGATED CO-COMMISSIONING,BRAMHALL PARK MEDICAL CENTRE,24693004,97099.05,-
Department of Health,NHS Stockport CCG,30/11/2018,C&M-PMS Cost of Drugs -Prescribing,LOCAL ENHANCED SERVICES,BRAMHALL PARK MEDICAL CENTRE,24693004,34.16,-
Department of Health,NHS Stockport CCG,30/11/2018,C&M-PMS DES Learn Dsblty Hlth Chk,PRC DELEGATED CO-COMMISSIONING,BRAMHALL PARK MEDICAL CENTRE,24693004,700,-
Department of Health,NHS Stockport CCG,30/11/2018,C&M-PMS Funding Differential Review,PRC DELEGATED CO-COMMISSIONING,BRAMHALL PARK MEDICAL CENTRE,24693004,887.4,-
Department of Health,NHS Stockport CCG,30/11/2018,C&M-PMS PCO Locum Sickness,PRC DELEGATED CO-COMMISSIONING,BRAMHALL PARK MEDICAL CENTRE,24693004,950,-
Department of Health,NHS Stockport CCG,30/11/2018,C&M-PMS Prem Notional Rent,PRC DELEGATED CO-COMMISSIONING,BRAMHALL PARK MEDICAL CENTRE,24693004,2900,-
Department of Health,NHS Stockport CCG,30/11/2018,C&M-PMS Prem Water Rates,PRC DELEGATED CO-COMMISSIONING,BRAMHALL PARK MEDICAL CENTRE,24693004,940.31,-
Department of Health,NHS Stockport CCG,30/11/2018,C&M-PMS Prof fees Prescribing,PRC DELEGATED CO-COMMISSIONING,BRAMHALL PARK MEDICAL CENTRE,24693004,16.1,-
Department of Health,NHS Stockport CCG,30/11/2018,C&M-PMS QOF Aspiration,PRC DELEGATED CO-COMMISSIONING,BRAMHALL PARK MEDICAL CENTRE,24693004,12894.65,-
Department of Health,NHS Stockport CCG,30/11/2018,ME-PMS GP Pension EEs Adjs - PMS,PRC DELEGATED CO-COMMISSIONING,BRAMHALL PARK MEDICAL CENTRE,24693004,2695.43,-
Department of Health,NHS Stockport CCG,30/11/2018,ME-PMS GP Pension ERs Adjs - PMS,PRC DELEGATED CO-COMMISSIONING,BRAMHALL PARK MEDICAL CENTRE,24693004,2871.13,-
Department of Health,NHS Stockport CCG,30/11/2018,C&M-PMS Contract Value,PRC DELEGATED CO-COMMISSIONING,BRINNINGTON HEALTH CENTRE STOCKPORT,24693005,76465.81,-
Department of Health,NHS Stockport CCG,30/11/2018,C&M-PMS DES Minor Surgery,PRC DELEGATED CO-COMMISSIONING,BRINNINGTON HEALTH CENTRE STOCKPORT,24693005,3121.92,-
Department of Health,NHS Stockport CCG,30/11/2018,C&M-PMS Funding Differential Review,PRC DELEGATED CO-COMMISSIONING,BRINNINGTON HEALTH CENTRE STOCKPORT,24693005,314.34,-
Department of Health,NHS Stockport CCG,30/11/2018,C&M-PMS QOF Aspiration,PRC DELEGATED CO-COMMISSIONING,BRINNINGTON HEALTH CENTRE STOCKPORT,24693005,10407.72,-
Department of Health,NHS Stockport CCG,30/11/2018,ME - PMS GP Prior Year ERs,PRC DELEGATED CO-COMMISSIONING,BRINNINGTON HEALTH CENTRE STOCKPORT,24693005,2325.18,-
Department of Health,NHS Stockport CCG,30/11/2018,ME-PMS GP Pension AVCs,PRC DELEGATED CO-COMMISSIONING,BRINNINGTON HEALTH CENTRE STOCKPORT,24693005,989.19,-
Department of Health,NHS Stockport CCG,30/11/2018,ME-PMS GP Pension EEs Adjs - PMS,PRC DELEGATED CO-COMMISSIONING,BRINNINGTON HEALTH CENTRE STOCKPORT,24693005,240.75,-
Department of Health,NHS Stockport CCG,30/11/2018,ME-PMS GP Pension ERs Adjs - PMS,PRC DELEGATED CO-COMMISSIONING,BRINNINGTON HEALTH CENTRE STOCKPORT,24693005,323.55,-
Department of Health,NHS Stockport CCG,30/11/2018,ME-PMS GP Prior Year EEs,PRC DELEGATED CO-COMMISSIONING,BRINNINGTON HEALTH CENTRE STOCKPORT,24693005,2370.3,-
Department of Health,NHS Stockport CCG,30/11/2018,Hcare Srv Rec NHS Trust,NCAS/OATS,ROYAL LIVERPOOL AND BROADGREEN UNIVERSITY HOSPITALS NHS TRUST,24697992,25806,654966000
Department of Health,NHS Stockport CCG,30/11/2018,Hcare Srv Rec NHS Trust-Contract Baseline,COLLABORATIVE COMMISSIONING,NORTH WEST AMBULANCE SERVICE NHS TRUST,24697998,703527,654435138
Department of Health,NHS Stockport CCG,30/11/2018,Hcare Srv Rec NHS Trust-Contract Baseline,COLLABORATIVE COMMISSIONING,NORTH WEST AMBULANCE SERVICE NHS TRUST,24698003,72919,654435138
Department of Health,NHS Stockport CCG,30/11/2018,Clinical&Medical-Commercial Sector,PLANNED CARE,OPTEGRA MANCHESTER,24698005,115042.98,938297867
Department of Health,NHS Stockport CCG,30/11/2018,Clinical&Medical-Commercial Sector,PLANNED CARE,OPTEGRA MANCHESTER,24698008,346868,938297867
Department of Health,NHS Stockport CCG,30/11/2018,Clinical&Medical-Serv Recd-NHS Trst,NHS 111,NORTH WEST AMBULANCE SERVICE NHS TRUST,24721818,61244,654435138
Department of Health,NHS Stockport CCG,30/11/2018,Cont Care-Funded Nursing Care Allow,FUNDED NURSING CARE,STOCKPORT METROPOLITAN BOROUGH COUNCIL,24721834,958591,GB158556040
Department of Health,NHS Stockport CCG,30/11/2018,Clinical&Medical-Serv Recd-NHS Trst,NHS 111,NORTH WEST AMBULANCE SERVICE NHS TRUST,24721895,58893,654435138
Department of Health,NHS Stockport CCG,30/11/2018,Apprenticeship Levy Payable,BALANCE SHEET,HMRC,24740978,749,-
Department of Health,NHS Stockport CCG,30/11/2018,Income tax <1Yr,BALANCE SHEET,HMRC,24740978,64020.17,-
Department of Health,NHS Stockport CCG,30/11/2018,Income tax <1Yr-Student Loans,BALANCE SHEET,HMRC,24740978,1497,-
Department of Health,NHS Stockport CCG,30/11/2018,National Insurance < 1 yr-NI- ERS,BALANCE SHEET,HMRC,24740978,42816.99,-
Department of Health,NHS Stockport CCG,30/11/2018,National Insurance < 1 yr-NI-EES,BALANCE SHEET,HMRC,24740978,30379.08,-
Department of Health,NHS Stockport CCG,30/11/2018,Statutory Mat Pay < 1 yr,BALANCE SHEET,HMRC,24740978,-3195.12,-
Department of Health,NHS Stockport CCG,30/11/2018,Hlthcre-Foundation Trsts,LEARNING DIFFICULTIES,MERSEY CARE NHS TRUST,24744229,-28028,654 412 841
Department of Health,NHS Stockport CCG,30/11/2018,Hcare Srv Rec Fdtn Trust-Contract Baseline,ACUTE COMMISSIONING,MANCHESTER UNIVERSITY NHS FOUNDATION TRUST,24795018,335597,654415538
Department of Health,NHS Stockport CCG,30/11/2018,Hcare Srv Rec Fdtn Trust-Non Contract,MENTAL HEALTH CONTRACTS,PENNINE CARE NHS FOUNDATION TRUST,24795019,29440,654425730
Department of Health,NHS Stockport CCG,30/11/2018,Hcare Srv Rec Fdtn Trust-Over/ Under Performance,ACUTE COMMISSIONING,MANCHESTER UNIVERSITY NHS FOUNDATION TRUST,24795020,672871,654415538
Department of Health,NHS Stockport CCG,30/11/2018,Hcare Srv Rec Fdtn Trust-Over/ Under Performance,ACUTE COMMISSIONING,MANCHESTER UNIVERSITY NHS FOUNDATION TRUST,24795023,337281.13,654415538
Department of Health,NHS Stockport CCG,30/11/2018,Clinical&Medical-Commercial Sector,IMPROVING ACCESS TO PSYCHOLOGICAL THERAPIES,SELF HELP SERVICES,24795024,42908.75,-
Department of Health,NHS Stockport CCG,30/11/2018,Hcare Srv Rec Fdtn Trust-Contract Baseline,MENTAL HEALTH CONTRACTS,GREATER MANCHESTER MENTAL HEALTH NHS FOUNDATION TRUST,24795032,30731.38,GB654929594
Department of Health,NHS Stockport CCG,30/11/2018,Clinical&Medical-Commercial Sector,PLANNED CARE,DIAGNOSTIC HEALTHCARE LTD,24795034,49903.2,204941917
Department of Health,NHS Stockport CCG,30/11/2018,Clinical&Medical-Commercial Sector,COMMISSIONING SCHEMES,MASTERCALL HEALTHCARE,24834683,28535.1,-
Department of Health,NHS Stockport CCG,30/11/2018,Clinical&Medical-Commercial Sector,COMMISSIONING SCHEMES,MASTERCALL HEALTHCARE,24834787,-28535.1,-
Department of Health,NHS Stockport CCG,30/11/2018,Clinical&Medical-Independent Sector,OUT OF HOURS,MASTERCALL HEALTHCARE,24835104,221475,-
Department of Health,NHS Stockport CCG,30/11/2018,Clinical&Medical-Commercial Sector,MENTAL HEALTH CONTRACTS,FUTURE DIRECTIONS CIC,24842575,56805.63,-
Department of Health,NHS Stockport CCG,30/11/2018,Programme Support Costs,PROGRAMME PROJECTS,NHS MANCHESTER CCG,24866124,151800,-
Department of Health,NHS Stockport CCG,30/11/2018,Clinical&Medical-Othe Public Sector,COMMISSIONING - NON ACUTE,STOCKPORT METROPOLITAN BOROUGH COUNCIL,24866133,25000,GB158556040
Department of Health,NHS Stockport CCG,30/11/2018,Clinical&Medical-Othe Public Sector,COMMUNITY SERVICES,STOCKPORT METROPOLITAN BOROUGH COUNCIL,24866133,1083000,GB158556040
Department of Health,NHS Stockport CCG,30/11/2018,Clinical&Medical-Othe Public Sector,LEARNING DIFFICULTIES,STOCKPORT METROPOLITAN BOROUGH COUNCIL,24866133,132916.67,GB158556040
Department of Health,NHS Stockport CCG,30/11/2018,Clinical&Medical-Othe Public Sector,LONG TERM CONDITIONS,STOCKPORT METROPOLITAN BOROUGH COUNCIL,24866133,317666.66,GB158556040
Department of Health,NHS Stockport CCG,30/11/2018,Clinical&Medical-Othe Public Sector,MENTAL HEALTH SERVICES - OTHER,STOCKPORT METROPOLITAN BOROUGH COUNCIL,24866133,24083.34,GB158556040
Department of Health,NHS Stockport CCG,30/11/2018,Clinical&Medical-Othe Public Sector,REABLEMENT,STOCKPORT METROPOLITAN BOROUGH COUNCIL,24866133,100333.33,GB158556040
Department of Health,NHS Stockport CCG,30/11/2018,Hcare Srv Rec Fdtn Trust-Contract Baseline,MENTAL HEALTH CONTRACTS,PENNINE CARE NHS FOUNDATION TRUST,24866145,38952,654425730
Department of Health,NHS Stockport CCG,30/11/2018,Hcare Srv Rec Fdtn Trust-Contract Baseline,MENTAL HEALTH CONTRACTS,PENNINE CARE NHS FOUNDATION TRUST,24866148,38952,654425730
Department of Health,NHS Stockport CCG,30/11/2018,Hcare Srv Rec NHS Trust-Contract Baseline,ACUTE COMMISSIONING,EAST CHESHIRE NHS TRUST,24901989,197016,654919892
Department of Health,NHS Stockport CCG,30/11/2018,Clinical&Medical-Commercial Sector,PLANNED CARE,SPIRE HEALTHCARE LTD,24901990,29376.53,915970991
Department of Health,NHS Stockport CCG,30/11/2018,Hcare Srv Rec Fdtn Trust-Contract Baseline,ACUTE COMMISSIONING,MANCHESTER UNIVERSITY NHS FOUNDATION TRUST,24901991,4108414,654415538
Department of Health,NHS Stockport CCG,30/11/2018,Hcare Srv Rec Fdtn Trust-Contract Baseline,ACUTE COMMISSIONING,TAMESIDE HOSPITAL NHS FOUNDATION TRUST,24901992,96041.06,654945109
Department of Health,NHS Stockport CCG,30/11/2018,Hcare Srv Rec Fdtn Trust-Contract Baseline,ACUTE COMMISSIONING,SALFORD ROYAL HOSPITALS NHS FOUNDATION TRUST,24901993,590742,65 4939786
Department of Health,NHS Stockport CCG,30/11/2018,Hlthcre-Foundation Trsts,ACUTE COMMISSIONING,CHRISTIE HOSPITAL NHS FOUNDATION TRUST,24901994,325841.63,GB 654916118
Department of Health,NHS Stockport CCG,30/11/2018,Hcare Srv Rec Fdtn Trust-Non Contract,NON RECURRENT PROGRAMMES,STOCKPORT NHS FOUNDATION TRUST,24953510,-105388,654974295
Department of Health,NHS Stockport CCG,30/11/2018,Clinical&Medical-Commercial Sector,COMMISSIONING SCHEMES,MASTERCALL HEALTHCARE,24969053,50252.33,-
Department of Health,NHS Stockport CCG,30/11/2018,Hcare Srv Rec Fdtn Trust-Contract Baseline,MENTAL HEALTH CONTRACTS,PENNINE CARE NHS FOUNDATION TRUST,24969293,2338846,654425730
Department of Health,NHS Stockport CCG,30/11/2018,Hcare Srv Rec Fdtn Trust-Non Contract,COMMUNITY SERVICES,STOCKPORT NHS FOUNDATION TRUST,24969366,39133,654974295
Department of Health,NHS Stockport CCG,30/11/2018,Hcare Srv Rec Fdtn Trust-Non Contract,NON RECURRENT PROGRAMMES,STOCKPORT NHS FOUNDATION TRUST,24969371,583500,654974295
Department of Health,NHS Stockport CCG,30/11/2018,Hcare Srv Rec Fdtn Trust-Contract Baseline,COMMUNITY SERVICES,STOCKPORT NHS FOUNDATION TRUST,24969373,1619988,654974295
Department of Health,NHS Stockport CCG,30/11/2018,Hcare Srv Rec Fdtn Trust-Contract Baseline,ACUTE COMMISSIONING,STOCKPORT NHS FOUNDATION TRUST,24969375,12879584,654974295
