Department family,Entity,Date,Expense Type,Expense area,Supplier,Transaction number,Amount,VAT registration number
Department of Health,NHS Stockport CCG,31/10/2018,Clinical&Medical-Commercial Sector,COMMUNITY SERVICES,PARTNERSHIPS IN CARE LTD,24118986,29568,GB 626524835
Department of Health,NHS Stockport CCG,31/10/2018,Training Expenses,EDUCATION AND TRAINING,CONEXUS HEALTHCARE LTD,24125047,29500,284044407
Department of Health,NHS Stockport CCG,31/10/2018,Clinical&Medical-Commercial Sector,PLANNED CARE,OPTEGRA MANCHESTER,24137453,112571.93,938297867
Department of Health,NHS Stockport CCG,31/10/2018,Hcare Srv Rec Fdtn Trust-Contract Baseline,MENTAL HEALTH CONTRACTS,PENNINE CARE NHS FOUNDATION TRUST,24137459,33045,654425730
Department of Health,NHS Stockport CCG,31/10/2018,Hcare Srv Rec NHS Trust-Contract Baseline,COLLABORATIVE COMMISSIONING,NORTH WEST AMBULANCE SERVICE NHS TRUST,24137487,703527,654435138
Department of Health,NHS Stockport CCG,31/10/2018,Hcare Srv Rec NHS Trust-Contract Baseline,COLLABORATIVE COMMISSIONING,NORTH WEST AMBULANCE SERVICE NHS TRUST,24137492,72919,654435138
Department of Health,NHS Stockport CCG,31/10/2018,Clinical&Medical-Othe Public Sector,MENTAL HEALTH CONTRACTS,STOCKPORT METROPOLITAN BOROUGH COUNCIL,24137506,33000,GB158556040
Department of Health,NHS Stockport CCG,31/10/2018,Hcare Srv Rec Fdtn Trust-Non Contract,ACUTE COMMISSIONING,STOCKPORT NHS FOUNDATION TRUST,24137518,-105388,654974295
Department of Health,NHS Stockport CCG,31/10/2018,Hcare Srv Rec Fdtn Trust-Non Contract,ACUTE COMMISSIONING,STOCKPORT NHS FOUNDATION TRUST,24137519,583500,654974295
Department of Health,NHS Stockport CCG,31/10/2018,Clinical&Medical-Commercial Sector,PLANNED CARE,BMI HEALTHCARE COLLECTIONS,24137520,38333.33,-
Department of Health,NHS Stockport CCG,31/10/2018,Clinical&Medical-Commercial Sector,PLANNED CARE,BMI HEALTHCARE COLLECTIONS,24137522,466659.6,-
Department of Health,NHS Stockport CCG,31/10/2018,Clinical&Medical-Commercial Sector,MENTAL HEALTH SERVICES - ADULTS,STANDWALK,24137527,60984.83,-
Department of Health,NHS Stockport CCG,31/10/2018,Clinical&Medical-Commercial Sector,LOCAL ENHANCED SERVICES,PRIMARY EYECARE NORTH LTD,24170030,30381,-
Department of Health,NHS Stockport CCG,31/10/2018,Clinical&Medical-Serv Recd-CCGs,PRIMARY CARE IT,NHS OLDHAM CCG,24170055,99767,-
Department of Health,NHS Stockport CCG,31/10/2018,Other Gen Supplies & Srv,IM&T,NHS OLDHAM CCG,24170055,18487,-
Department of Health,NHS Stockport CCG,31/10/2018,Other Gen Supplies & Srv,COLLABORATIVE COMMISSIONING,NHS OLDHAM CCG,24170057,1978,-
Department of Health,NHS Stockport CCG,31/10/2018,Other Gen Supplies & Srv,CONTRACT MANAGEMENT,NHS OLDHAM CCG,24170057,22555,-
Department of Health,NHS Stockport CCG,31/10/2018,Other Gen Supplies & Srv,HUMAN RESOURCES,NHS OLDHAM CCG,24170057,10374,-
Department of Health,NHS Stockport CCG,31/10/2018,Other Gen Supplies & Srv,IM&T,NHS OLDHAM CCG,24170057,2184,-
Department of Health,NHS Stockport CCG,31/10/2018,Other Gen Supplies & Srv,MEDICINES MANAGEMENT - CLINICAL,NHS OLDHAM CCG,24170057,8857,-
Department of Health,NHS Stockport CCG,31/10/2018,Other Gen Supplies & Srv,NHS 111,NHS OLDHAM CCG,24170057,1861,-
Department of Health,NHS Stockport CCG,31/10/2018,Clinical&Medical-Commercial Sector,IMPROVING ACCESS TO PSYCHOLOGICAL THERAPIES,SELF HELP SERVICES,24170088,42908.75,-
Department of Health,NHS Stockport CCG,31/10/2018,C&M-PMS Contract Value,PRC DELEGATED CO-COMMISSIONING,HEATON MOOR MEDICAL CENTRE,24215719,273408.1,-
Department of Health,NHS Stockport CCG,31/10/2018,C&M-PMS DES Minor Surgery,PRC DELEGATED CO-COMMISSIONING,HEATON MOOR MEDICAL CENTRE,24215719,2514.88,-
Department of Health,NHS Stockport CCG,31/10/2018,C&M-PMS Funding Differential Review,PRC DELEGATED CO-COMMISSIONING,HEATON MOOR MEDICAL CENTRE,24215719,1756.83,-
Department of Health,NHS Stockport CCG,31/10/2018,C&M-PMS Prem Notional Rent,PRC DELEGATED CO-COMMISSIONING,HEATON MOOR MEDICAL CENTRE,24215719,11243.75,-
Department of Health,NHS Stockport CCG,31/10/2018,C&M-PMS Prem Water Rates,PRC DELEGATED CO-COMMISSIONING,HEATON MOOR MEDICAL CENTRE,24215719,299.22,-
Department of Health,NHS Stockport CCG,31/10/2018,C&M-PMS QOF Aspiration,PRC DELEGATED CO-COMMISSIONING,HEATON MOOR MEDICAL CENTRE,24215719,26742.15,-
Department of Health,NHS Stockport CCG,31/10/2018,ME - PMS GP Prior Year ERs,PRC DELEGATED CO-COMMISSIONING,HEATON MOOR MEDICAL CENTRE,24215719,3500.04,-
Department of Health,NHS Stockport CCG,31/10/2018,ME-PMS GP Prior Year EEs,PRC DELEGATED CO-COMMISSIONING,HEATON MOOR MEDICAL CENTRE,24215719,3624.96,-
Department of Health,NHS Stockport CCG,31/10/2018,C&M-PMS Contract Value,PRC DELEGATED CO-COMMISSIONING,BEECH HOUSE MEDICAL PRACTICE,24216187,58038.32,-
Department of Health,NHS Stockport CCG,31/10/2018,C&M-PMS DES Minor Surgery,PRC DELEGATED CO-COMMISSIONING,BEECH HOUSE MEDICAL PRACTICE,24216187,1777.76,-
Department of Health,NHS Stockport CCG,31/10/2018,C&M-PMS Funding Differential Review,PRC DELEGATED CO-COMMISSIONING,BEECH HOUSE MEDICAL PRACTICE,24216187,934.27,-
Department of Health,NHS Stockport CCG,31/10/2018,C&M-PMS QOF Aspiration,PRC DELEGATED CO-COMMISSIONING,BEECH HOUSE MEDICAL PRACTICE,24216187,8495.05,-
Department of Health,NHS Stockport CCG,31/10/2018,C&M-PMS Contract Value,PRC DELEGATED CO-COMMISSIONING,ALVANLEY FAMILY PRACTICE,24216189,41227.98,-
Department of Health,NHS Stockport CCG,31/10/2018,C&M-PMS DES Minor Surgery,PRC DELEGATED CO-COMMISSIONING,ALVANLEY FAMILY PRACTICE,24216189,737.12,-
Department of Health,NHS Stockport CCG,31/10/2018,C&M-PMS Funding Differential Review,PRC DELEGATED CO-COMMISSIONING,ALVANLEY FAMILY PRACTICE,24216189,108.76,-
Department of Health,NHS Stockport CCG,31/10/2018,C&M-PMS QOF Aspiration,PRC DELEGATED CO-COMMISSIONING,ALVANLEY FAMILY PRACTICE,24216189,4496.1,-
Department of Health,NHS Stockport CCG,31/10/2018,C&M-PMS Contract Value,PRC DELEGATED CO-COMMISSIONING,ARCHWOOD MEDICAL PRACTICE,24216191,46562.04,-
Department of Health,NHS Stockport CCG,31/10/2018,C&M-PMS Funding Differential Review,PRC DELEGATED CO-COMMISSIONING,ARCHWOOD MEDICAL PRACTICE,24216191,341.52,-
Department of Health,NHS Stockport CCG,31/10/2018,C&M-PMS QOF Aspiration,PRC DELEGATED CO-COMMISSIONING,ARCHWOOD MEDICAL PRACTICE,24216191,5859.38,-
Department of Health,NHS Stockport CCG,31/10/2018,C&M-GMS DES Minor Surgery,PRC DELEGATED CO-COMMISSIONING,ADSHALL ROAD MEDICAL PRACTICE,24216193,43.36,-
Department of Health,NHS Stockport CCG,31/10/2018,C&M-GMS Global Sum,PRC DELEGATED CO-COMMISSIONING,ADSHALL ROAD MEDICAL PRACTICE,24216193,34676.81,-
Department of Health,NHS Stockport CCG,31/10/2018,C&M-GMS MPIG Correction Factor,PRC DELEGATED CO-COMMISSIONING,ADSHALL ROAD MEDICAL PRACTICE,24216193,424.57,-
Department of Health,NHS Stockport CCG,31/10/2018,C&M-GMS PCO Locum Adop/Pat/Mat,PRC DELEGATED CO-COMMISSIONING,ADSHALL ROAD MEDICAL PRACTICE,24216193,23281.84,-
Department of Health,NHS Stockport CCG,31/10/2018,C&M-GMS Prem Notional Rent,PRC DELEGATED CO-COMMISSIONING,ADSHALL ROAD MEDICAL PRACTICE,24216193,2627.33,-
Department of Health,NHS Stockport CCG,31/10/2018,C&M-GMS Prem Water Rates,PRC DELEGATED CO-COMMISSIONING,ADSHALL ROAD MEDICAL PRACTICE,24216193,278.84,-
Department of Health,NHS Stockport CCG,31/10/2018,C&M-GMS QOF Aspiration,PRC DELEGATED CO-COMMISSIONING,ADSHALL ROAD MEDICAL PRACTICE,24216193,4038.3,-
Department of Health,NHS Stockport CCG,31/10/2018,C&M-PMS Contract Value,PRC DELEGATED CO-COMMISSIONING,ADSWOOD ROAD SURGERY,24216195,30304.88,-
Department of Health,NHS Stockport CCG,31/10/2018,C&M-PMS DES Minor Surgery,PRC DELEGATED CO-COMMISSIONING,ADSWOOD ROAD SURGERY,24216195,43.36,-
Department of Health,NHS Stockport CCG,31/10/2018,C&M-PMS Funding Differential Review,PRC DELEGATED CO-COMMISSIONING,ADSWOOD ROAD SURGERY,24216195,424.61,-
Department of Health,NHS Stockport CCG,31/10/2018,C&M-PMS Prem Notional Rent,PRC DELEGATED CO-COMMISSIONING,ADSWOOD ROAD SURGERY,24216195,2441.67,-
Department of Health,NHS Stockport CCG,31/10/2018,C&M-PMS QOF Aspiration,PRC DELEGATED CO-COMMISSIONING,ADSWOOD ROAD SURGERY,24216195,3678.48,-
Department of Health,NHS Stockport CCG,31/10/2018,C&M-GMS DES Learn Dsblty Hlth Chk,PRC DELEGATED CO-COMMISSIONING,BRAMHALL HEALTH CENTRE,24216197,1680,-
Department of Health,NHS Stockport CCG,31/10/2018,C&M-GMS Global Sum,PRC DELEGATED CO-COMMISSIONING,BRAMHALL HEALTH CENTRE,24216197,91426.72,-
Department of Health,NHS Stockport CCG,31/10/2018,C&M-GMS MPIG Correction Factor,PRC DELEGATED CO-COMMISSIONING,BRAMHALL HEALTH CENTRE,24216197,1526.02,-
Department of Health,NHS Stockport CCG,31/10/2018,C&M-GMS QOF Aspiration,PRC DELEGATED CO-COMMISSIONING,BRAMHALL HEALTH CENTRE,24216197,9679.61,-
Department of Health,NHS Stockport CCG,31/10/2018,C&M-PMS Contract Value,PRC DELEGATED CO-COMMISSIONING,BRAMHALL PARK MEDICAL CENTRE,24216198,103927.37,-
Department of Health,NHS Stockport CCG,31/10/2018,C&M-PMS DES Minor Surgery,PRC DELEGATED CO-COMMISSIONING,BRAMHALL PARK MEDICAL CENTRE,24216198,260.16,-
Department of Health,NHS Stockport CCG,31/10/2018,C&M-PMS Funding Differential Review,PRC DELEGATED CO-COMMISSIONING,BRAMHALL PARK MEDICAL CENTRE,24216198,887.4,-
Department of Health,NHS Stockport CCG,31/10/2018,C&M-PMS Prem Notional Rent,PRC DELEGATED CO-COMMISSIONING,BRAMHALL PARK MEDICAL CENTRE,24216198,2900,-
Department of Health,NHS Stockport CCG,31/10/2018,C&M-PMS QOF Aspiration,PRC DELEGATED CO-COMMISSIONING,BRAMHALL PARK MEDICAL CENTRE,24216198,12894.65,-
Department of Health,NHS Stockport CCG,31/10/2018,C&M-PMS Contract Value,PRC DELEGATED CO-COMMISSIONING,BREDBURY MEDICAL PRACTICE,24216200,34271.77,-
Department of Health,NHS Stockport CCG,31/10/2018,C&M-PMS Funding Differential Review,PRC DELEGATED CO-COMMISSIONING,BREDBURY MEDICAL PRACTICE,24216200,398.52,-
Department of Health,NHS Stockport CCG,31/10/2018,C&M-PMS Prem Notional Rent,PRC DELEGATED CO-COMMISSIONING,BREDBURY MEDICAL PRACTICE,24216200,3316.67,-
Department of Health,NHS Stockport CCG,31/10/2018,C&M-PMS QOF Aspiration,PRC DELEGATED CO-COMMISSIONING,BREDBURY MEDICAL PRACTICE,24216200,3370.09,-
Department of Health,NHS Stockport CCG,31/10/2018,C&M-GMS Global Sum,PRC DELEGATED CO-COMMISSIONING,BRACONDALE MEDICAL CENTRE,24216202,39194.06,-
Department of Health,NHS Stockport CCG,31/10/2018,C&M-GMS MPIG Correction Factor,PRC DELEGATED CO-COMMISSIONING,BRACONDALE MEDICAL CENTRE,24216202,440.1,-
Department of Health,NHS Stockport CCG,31/10/2018,C&M-GMS QOF Aspiration,PRC DELEGATED CO-COMMISSIONING,BRACONDALE MEDICAL CENTRE,24216202,3928.52,-
Department of Health,NHS Stockport CCG,31/10/2018,C&M-PMS Contract Value,PRC DELEGATED CO-COMMISSIONING,CARITAS GENERAL PRACTICE PARTNERSHIP,24216204,100296.72,-
Department of Health,NHS Stockport CCG,31/10/2018,C&M-PMS DES Minor Surgery,PRC DELEGATED CO-COMMISSIONING,CARITAS GENERAL PRACTICE PARTNERSHIP,24216204,520.32,-
Department of Health,NHS Stockport CCG,31/10/2018,C&M-PMS Funding Differential Review,PRC DELEGATED CO-COMMISSIONING,CARITAS GENERAL PRACTICE PARTNERSHIP,24216204,77.25,-
Department of Health,NHS Stockport CCG,31/10/2018,C&M-PMS Prem Actual Rent,PRC DELEGATED CO-COMMISSIONING,CARITAS GENERAL PRACTICE PARTNERSHIP,24216204,870,-
Department of Health,NHS Stockport CCG,31/10/2018,C&M-PMS Prem Notional Rent,PRC DELEGATED CO-COMMISSIONING,CARITAS GENERAL PRACTICE PARTNERSHIP,24216204,6626.66,-
Department of Health,NHS Stockport CCG,31/10/2018,C&M-PMS QOF Aspiration,PRC DELEGATED CO-COMMISSIONING,CARITAS GENERAL PRACTICE PARTNERSHIP,24216204,11271.09,-
Department of Health,NHS Stockport CCG,31/10/2018,C&M-GMS Global Sum,PRC DELEGATED CO-COMMISSIONING,CALE GREEN SURGERY,24216206,29675.22,-
Department of Health,NHS Stockport CCG,31/10/2018,C&M-GMS MPIG Correction Factor,PRC DELEGATED CO-COMMISSIONING,CALE GREEN SURGERY,24216206,113.74,-
Department of Health,NHS Stockport CCG,31/10/2018,C&M-GMS Prem Notional Rent,PRC DELEGATED CO-COMMISSIONING,CALE GREEN SURGERY,24216206,1416.67,-
Department of Health,NHS Stockport CCG,31/10/2018,C&M-GMS QOF Aspiration,PRC DELEGATED CO-COMMISSIONING,CALE GREEN SURGERY,24216206,2654.95,-
Department of Health,NHS Stockport CCG,31/10/2018,C&M-PMS Contract Value,PRC DELEGATED CO-COMMISSIONING,BRINNINGTON HEALTH CENTRE STOCKPORT,24216208,81768.46,-
Department of Health,NHS Stockport CCG,31/10/2018,C&M-PMS Funding Differential Review,PRC DELEGATED CO-COMMISSIONING,BRINNINGTON HEALTH CENTRE STOCKPORT,24216208,314.34,-
Department of Health,NHS Stockport CCG,31/10/2018,C&M-PMS Prem Healthcentre Rent,PRC DELEGATED CO-COMMISSIONING,BRINNINGTON HEALTH CENTRE STOCKPORT,24216208,35178.44,-
Department of Health,NHS Stockport CCG,31/10/2018,C&M-PMS QOF Aspiration,PRC DELEGATED CO-COMMISSIONING,BRINNINGTON HEALTH CENTRE STOCKPORT,24216208,10407.72,-
Department of Health,NHS Stockport CCG,31/10/2018,ME-PMS GP Prior Year EEs,PRC DELEGATED CO-COMMISSIONING,BRINNINGTON HEALTH CENTRE STOCKPORT,24216208,452.9,-
Department of Health,NHS Stockport CCG,31/10/2018,C&M-PMS Contract Value,PRC DELEGATED CO-COMMISSIONING,CHEADLE HULME HEALTH CENTRE - DR SEABROOK,24216210,92904.17,-
Department of Health,NHS Stockport CCG,31/10/2018,C&M-PMS DES Minor Surgery,PRC DELEGATED CO-COMMISSIONING,CHEADLE HULME HEALTH CENTRE - DR SEABROOK,24216210,1170.72,-
Department of Health,NHS Stockport CCG,31/10/2018,C&M-PMS Funding Differential Review,PRC DELEGATED CO-COMMISSIONING,CHEADLE HULME HEALTH CENTRE - DR SEABROOK,24216210,517.22,-
Department of Health,NHS Stockport CCG,31/10/2018,C&M-PMS Prem Notional Rent,PRC DELEGATED CO-COMMISSIONING,CHEADLE HULME HEALTH CENTRE - DR SEABROOK,24216210,3812.5,-
Department of Health,NHS Stockport CCG,31/10/2018,C&M-PMS QOF Aspiration,PRC DELEGATED CO-COMMISSIONING,CHEADLE HULME HEALTH CENTRE - DR SEABROOK,24216210,9344.42,-
Department of Health,NHS Stockport CCG,31/10/2018,C&M-PMS Contract Value,PRC DELEGATED CO-COMMISSIONING,CHEADLE HULME HEALTH CENTRE - DR SHIPSTON,24216212,78833.94,-
Department of Health,NHS Stockport CCG,31/10/2018,C&M-PMS DES Minor Surgery,PRC DELEGATED CO-COMMISSIONING,CHEADLE HULME HEALTH CENTRE - DR SHIPSTON,24216212,520.32,-
Department of Health,NHS Stockport CCG,31/10/2018,C&M-PMS Funding Differential Review,PRC DELEGATED CO-COMMISSIONING,CHEADLE HULME HEALTH CENTRE - DR SHIPSTON,24216212,717.61,-
Department of Health,NHS Stockport CCG,31/10/2018,C&M-PMS Prem Notional Rent,PRC DELEGATED CO-COMMISSIONING,CHEADLE HULME HEALTH CENTRE - DR SHIPSTON,24216212,4941.67,-
Department of Health,NHS Stockport CCG,31/10/2018,C&M-PMS Prem Water Rates,PRC DELEGATED CO-COMMISSIONING,CHEADLE HULME HEALTH CENTRE - DR SHIPSTON,24216212,133.19,-
Department of Health,NHS Stockport CCG,31/10/2018,C&M-PMS QOF Aspiration,PRC DELEGATED CO-COMMISSIONING,CHEADLE HULME HEALTH CENTRE - DR SHIPSTON,24216212,8235.81,-
Department of Health,NHS Stockport CCG,31/10/2018,C&M-GMS Voluntary Levy,PRC DELEGATED CO-COMMISSIONING,CHEADLE MEDICAL PRACTICE,24216213,-388.25,-
Department of Health,NHS Stockport CCG,31/10/2018,ME - GMS GP Prior Year ERs,PRC DELEGATED CO-COMMISSIONING,CHEADLE MEDICAL PRACTICE,24216213,-9257.14,-
Department of Health,NHS Stockport CCG,31/10/2018,ME-GMS GP Pension EEs,PRC DELEGATED CO-COMMISSIONING,CHEADLE MEDICAL PRACTICE,24216213,-6457.85,-
Department of Health,NHS Stockport CCG,31/10/2018,ME-GMS GP Pension EEs Adjustments,PRC DELEGATED CO-COMMISSIONING,CHEADLE MEDICAL PRACTICE,24216213,-6911.33,-
Department of Health,NHS Stockport CCG,31/10/2018,ME-GMS GP Pension ERs Adjustments,PRC DELEGATED CO-COMMISSIONING,CHEADLE MEDICAL PRACTICE,24216213,-17603.21,-
Department of Health,NHS Stockport CCG,31/10/2018,ME-GMS GP Prior Year EEs,PRC DELEGATED CO-COMMISSIONING,CHEADLE MEDICAL PRACTICE,24216213,-7389.7,-
Department of Health,NHS Stockport CCG,31/10/2018,C&M-GMS DES Minor Surgery,PRC DELEGATED CO-COMMISSIONING,CHEADLE MEDICAL PRACTICE,24216214,2298.08,-
Department of Health,NHS Stockport CCG,31/10/2018,C&M-GMS Global Sum,PRC DELEGATED CO-COMMISSIONING,CHEADLE MEDICAL PRACTICE,24216214,85247.92,-
Department of Health,NHS Stockport CCG,31/10/2018,C&M-GMS MPIG Correction Factor,PRC DELEGATED CO-COMMISSIONING,CHEADLE MEDICAL PRACTICE,24216214,953.44,-
Department of Health,NHS Stockport CCG,31/10/2018,C&M-GMS PCO Locum Adop/Pat/Mat,PRC DELEGATED CO-COMMISSIONING,CHEADLE MEDICAL PRACTICE,24216214,34861.74,-
Department of Health,NHS Stockport CCG,31/10/2018,C&M-GMS Prem Notional Rent,PRC DELEGATED CO-COMMISSIONING,CHEADLE MEDICAL PRACTICE,24216214,5450,-
Department of Health,NHS Stockport CCG,31/10/2018,C&M-GMS Prem Water Rates,PRC DELEGATED CO-COMMISSIONING,CHEADLE MEDICAL PRACTICE,24216214,319.41,-
Department of Health,NHS Stockport CCG,31/10/2018,C&M-GMS QOF Aspiration,PRC DELEGATED CO-COMMISSIONING,CHEADLE MEDICAL PRACTICE,24216214,10003.56,-
Department of Health,NHS Stockport CCG,31/10/2018,ME-GMS GP Pension EEs Adjustments,PRC DELEGATED CO-COMMISSIONING,CHEADLE MEDICAL PRACTICE,24216214,943.45,-
Department of Health,NHS Stockport CCG,31/10/2018,ME-GMS GP Pension ERs Adjustments,PRC DELEGATED CO-COMMISSIONING,CHEADLE MEDICAL PRACTICE,24216214,1004.96,-
Department of Health,NHS Stockport CCG,31/10/2018,C&M-PMS Contract Value,PRC DELEGATED CO-COMMISSIONING,FAMILY SURGERY STOCKPORT,24216218,92355.92,-
Department of Health,NHS Stockport CCG,31/10/2018,C&M-PMS Funding Differential Review,PRC DELEGATED CO-COMMISSIONING,FAMILY SURGERY STOCKPORT,24216218,538.73,-
Department of Health,NHS Stockport CCG,31/10/2018,C&M-PMS PCO Locum Adop/Pat/Mat,PRC DELEGATED CO-COMMISSIONING,FAMILY SURGERY STOCKPORT,24216218,9190,-
Department of Health,NHS Stockport CCG,31/10/2018,C&M-PMS Prem Notional Rent,PRC DELEGATED CO-COMMISSIONING,FAMILY SURGERY STOCKPORT,24216218,8550,-
Department of Health,NHS Stockport CCG,31/10/2018,C&M-PMS QOF Aspiration,PRC DELEGATED CO-COMMISSIONING,FAMILY SURGERY STOCKPORT,24216218,8896.65,-
Department of Health,NHS Stockport CCG,31/10/2018,C&M-GMS DES Minor Surgery,PRC DELEGATED CO-COMMISSIONING,GATLEY MEDICAL CENTRE,24216220,1084,-
Department of Health,NHS Stockport CCG,31/10/2018,C&M-GMS Global Sum,PRC DELEGATED CO-COMMISSIONING,GATLEY MEDICAL CENTRE,24216220,65255.27,-
Department of Health,NHS Stockport CCG,31/10/2018,C&M-GMS MPIG Correction Factor,PRC DELEGATED CO-COMMISSIONING,GATLEY MEDICAL CENTRE,24216220,586.83,-
Department of Health,NHS Stockport CCG,31/10/2018,C&M-GMS QOF Aspiration,PRC DELEGATED CO-COMMISSIONING,GATLEY MEDICAL CENTRE,24216220,7571.86,-
Department of Health,NHS Stockport CCG,31/10/2018,C&M-GMS Global Sum,PRC DELEGATED CO-COMMISSIONING,GUYWOOD PRACTICE,24216222,23340.59,-
Department of Health,NHS Stockport CCG,31/10/2018,C&M-GMS MPIG Correction Factor,PRC DELEGATED CO-COMMISSIONING,GUYWOOD PRACTICE,24216222,450.47,-
Department of Health,NHS Stockport CCG,31/10/2018,C&M-GMS QOF Aspiration,PRC DELEGATED CO-COMMISSIONING,GUYWOOD PRACTICE,24216222,2485.31,-
Department of Health,NHS Stockport CCG,31/10/2018,C&M-PMS Contract Value,PRC DELEGATED CO-COMMISSIONING,HEATON MERSEY MEDICAL PRACTICE,24216224,55486.67,-
Department of Health,NHS Stockport CCG,31/10/2018,C&M-PMS DES Minor Surgery,PRC DELEGATED CO-COMMISSIONING,HEATON MERSEY MEDICAL PRACTICE,24216224,216.8,-
Department of Health,NHS Stockport CCG,31/10/2018,C&M-PMS Funding Differential Review,PRC DELEGATED CO-COMMISSIONING,HEATON MERSEY MEDICAL PRACTICE,24216224,814.83,-
Department of Health,NHS Stockport CCG,31/10/2018,C&M-PMS Prem Notional Rent,PRC DELEGATED CO-COMMISSIONING,HEATON MERSEY MEDICAL PRACTICE,24216224,3208.33,-
Department of Health,NHS Stockport CCG,31/10/2018,C&M-PMS QOF Aspiration,PRC DELEGATED CO-COMMISSIONING,HEATON MERSEY MEDICAL PRACTICE,24216224,6327.86,-
Department of Health,NHS Stockport CCG,31/10/2018,C&M-GMS DES Learn Dsblty Hlth Chk,PRC DELEGATED CO-COMMISSIONING,HEATON NORRIS HEALTH CENTRE DR MARSHALL,24216226,280,-
Department of Health,NHS Stockport CCG,31/10/2018,C&M-GMS DES Minor Surgery,PRC DELEGATED CO-COMMISSIONING,HEATON NORRIS HEALTH CENTRE DR MARSHALL,24216226,2168,-
Department of Health,NHS Stockport CCG,31/10/2018,C&M-GMS Global Sum,PRC DELEGATED CO-COMMISSIONING,HEATON NORRIS HEALTH CENTRE DR MARSHALL,24216226,59946.55,-
Department of Health,NHS Stockport CCG,31/10/2018,C&M-GMS QOF Aspiration,PRC DELEGATED CO-COMMISSIONING,HEATON NORRIS HEALTH CENTRE DR MARSHALL,24216226,6957.73,-
Department of Health,NHS Stockport CCG,31/10/2018,C&M-PMS Contract Value,PRC DELEGATED CO-COMMISSIONING,HIGH LANE MEDICAL CENTRE,24216228,45711.17,-
Department of Health,NHS Stockport CCG,31/10/2018,C&M-PMS Funding Differential Review,PRC DELEGATED CO-COMMISSIONING,HIGH LANE MEDICAL CENTRE,24216228,233.19,-
Department of Health,NHS Stockport CCG,31/10/2018,C&M-PMS Prem Water Rates,PRC DELEGATED CO-COMMISSIONING,HIGH LANE MEDICAL CENTRE,24216228,260.71,-
Department of Health,NHS Stockport CCG,31/10/2018,C&M-PMS QOF Aspiration,PRC DELEGATED CO-COMMISSIONING,HIGH LANE MEDICAL CENTRE,24216228,4407.41,-
Department of Health,NHS Stockport CCG,31/10/2018,C&M-GMS Global Sum,PRC DELEGATED CO-COMMISSIONING,HEALD GREEN HEALTH CENTRE DR WRIGHT,24216230,45599.63,-
Department of Health,NHS Stockport CCG,31/10/2018,C&M-GMS MPIG Correction Factor,PRC DELEGATED CO-COMMISSIONING,HEALD GREEN HEALTH CENTRE DR WRIGHT,24216230,459.64,-
Department of Health,NHS Stockport CCG,31/10/2018,C&M-GMS QOF Aspiration,PRC DELEGATED CO-COMMISSIONING,HEALD GREEN HEALTH CENTRE DR WRIGHT,24216230,5147.76,-
Department of Health,NHS Stockport CCG,31/10/2018,C&M-GMS DES Minor Surgery,PRC DELEGATED CO-COMMISSIONING,MARPLE BRIDGE SURGERY,24216232,433.6,-
Department of Health,NHS Stockport CCG,31/10/2018,C&M-GMS Global Sum,PRC DELEGATED CO-COMMISSIONING,MARPLE BRIDGE SURGERY,24216232,49549.51,-
Department of Health,NHS Stockport CCG,31/10/2018,C&M-GMS MPIG Correction Factor,PRC DELEGATED CO-COMMISSIONING,MARPLE BRIDGE SURGERY,24216232,671.18,-
Department of Health,NHS Stockport CCG,31/10/2018,C&M-GMS Prem Water Rates,PRC DELEGATED CO-COMMISSIONING,MARPLE BRIDGE SURGERY,24216232,224.8,-
Department of Health,NHS Stockport CCG,31/10/2018,C&M-GMS QOF Aspiration,PRC DELEGATED CO-COMMISSIONING,MARPLE BRIDGE SURGERY,24216232,5428.68,-
Department of Health,NHS Stockport CCG,31/10/2018,C&M-PMS Contract Value,PRC DELEGATED CO-COMMISSIONING,MARPLE COTTAGE SURGERY,24216234,54940.83,-
Department of Health,NHS Stockport CCG,31/10/2018,C&M-PMS Funding Differential Review,PRC DELEGATED CO-COMMISSIONING,MARPLE COTTAGE SURGERY,24216234,311.62,-
Department of Health,NHS Stockport CCG,31/10/2018,C&M-PMS Prem Notional Rent,PRC DELEGATED CO-COMMISSIONING,MARPLE COTTAGE SURGERY,24216234,4143.67,-
Department of Health,NHS Stockport CCG,31/10/2018,C&M-PMS QOF Aspiration,PRC DELEGATED CO-COMMISSIONING,MARPLE COTTAGE SURGERY,24216234,6490.68,-
Department of Health,NHS Stockport CCG,31/10/2018,C&M-GMS DES Learn Dsblty Hlth Chk,PRC DELEGATED CO-COMMISSIONING,MARPLE MEDICAL PRACTICE,24216236,420,-
Department of Health,NHS Stockport CCG,31/10/2018,C&M-GMS Global Sum,PRC DELEGATED CO-COMMISSIONING,MARPLE MEDICAL PRACTICE,24216236,55068.97,-
Department of Health,NHS Stockport CCG,31/10/2018,C&M-GMS MPIG Correction Factor,PRC DELEGATED CO-COMMISSIONING,MARPLE MEDICAL PRACTICE,24216236,401.71,-
Department of Health,NHS Stockport CCG,31/10/2018,C&M-GMS Prem Notional Rent,PRC DELEGATED CO-COMMISSIONING,MARPLE MEDICAL PRACTICE,24216236,2614.08,-
Department of Health,NHS Stockport CCG,31/10/2018,C&M-GMS Prem Water Rates,PRC DELEGATED CO-COMMISSIONING,MARPLE MEDICAL PRACTICE,24216236,901.22,-
Department of Health,NHS Stockport CCG,31/10/2018,C&M-GMS QOF Aspiration,PRC DELEGATED CO-COMMISSIONING,MARPLE MEDICAL PRACTICE,24216236,6991.86,-
Department of Health,NHS Stockport CCG,31/10/2018,C&M-GMS Global Sum,PRC DELEGATED CO-COMMISSIONING,MANOR MEDICAL PRACTICE,24216238,73892.14,-
Department of Health,NHS Stockport CCG,31/10/2018,C&M-GMS Prem Actual Rent,PRC DELEGATED CO-COMMISSIONING,MANOR MEDICAL PRACTICE,24216238,1658.33,-
Department of Health,NHS Stockport CCG,31/10/2018,C&M-GMS QOF Aspiration,PRC DELEGATED CO-COMMISSIONING,MANOR MEDICAL PRACTICE,24216238,8434.98,-
Department of Health,NHS Stockport CCG,31/10/2018,C&M-PMS Contract Value,PRC DELEGATED CO-COMMISSIONING,SOUTH REDDISH MEDICAL CENTRE,24216241,28830.18,-
Department of Health,NHS Stockport CCG,31/10/2018,C&M-PMS Funding Differential Review,PRC DELEGATED CO-COMMISSIONING,SOUTH REDDISH MEDICAL CENTRE,24216241,307.51,-
Department of Health,NHS Stockport CCG,31/10/2018,C&M-PMS QOF Aspiration,PRC DELEGATED CO-COMMISSIONING,SOUTH REDDISH MEDICAL CENTRE,24216241,3162.65,-
Department of Health,NHS Stockport CCG,31/10/2018,ME-PMS GP Pension EEs Adjs - PMS,PRC DELEGATED CO-COMMISSIONING,SOUTH REDDISH MEDICAL CENTRE,24216241,19.15,-
Department of Health,NHS Stockport CCG,31/10/2018,ME-PMS GP Pension ERs Adjs - PMS,PRC DELEGATED CO-COMMISSIONING,SOUTH REDDISH MEDICAL CENTRE,24216241,22.03,-
Department of Health,NHS Stockport CCG,31/10/2018,C&M-GMS DES Minor Surgery,PRC DELEGATED CO-COMMISSIONING,SPRINGFIELD SURGERY STOCKPORT,24216243,433.6,-
Department of Health,NHS Stockport CCG,31/10/2018,C&M-GMS Global Sum,PRC DELEGATED CO-COMMISSIONING,SPRINGFIELD SURGERY STOCKPORT,24216243,39149.02,-
Department of Health,NHS Stockport CCG,31/10/2018,C&M-GMS MPIG Correction Factor,PRC DELEGATED CO-COMMISSIONING,SPRINGFIELD SURGERY STOCKPORT,24216243,285.29,-
Department of Health,NHS Stockport CCG,31/10/2018,C&M-GMS Prem Notional Rent,PRC DELEGATED CO-COMMISSIONING,SPRINGFIELD SURGERY STOCKPORT,24216243,2045.83,-
Department of Health,NHS Stockport CCG,31/10/2018,C&M-GMS QOF Aspiration,PRC DELEGATED CO-COMMISSIONING,SPRINGFIELD SURGERY STOCKPORT,24216243,4093.21,-
Department of Health,NHS Stockport CCG,31/10/2018,C&M-PMS Prem Notional Rent,PRC DELEGATED CO-COMMISSIONING,STOCKPORT MEDICAL GROUP,24216246,-7460.83,-
Department of Health,NHS Stockport CCG,31/10/2018,C&M-PMS Voluntary Levy,PRC DELEGATED CO-COMMISSIONING,STOCKPORT MEDICAL GROUP,24216246,-533.98,-
Department of Health,NHS Stockport CCG,31/10/2018,ME - PMS GP Prior Year ERs,PRC DELEGATED CO-COMMISSIONING,STOCKPORT MEDICAL GROUP,24216246,-3308.73,-
Department of Health,NHS Stockport CCG,31/10/2018,ME - PMS TPS Added Years Adj EEs,PRC DELEGATED CO-COMMISSIONING,STOCKPORT MEDICAL GROUP,24216246,-434.68,-
Department of Health,NHS Stockport CCG,31/10/2018,ME-PMS GP Pension EEs Adjs - PMS,PRC DELEGATED CO-COMMISSIONING,STOCKPORT MEDICAL GROUP,24216246,-4935.48,-
Department of Health,NHS Stockport CCG,31/10/2018,ME-PMS GP Pension EEs-PMS,PRC DELEGATED CO-COMMISSIONING,STOCKPORT MEDICAL GROUP,24216246,-8799.63,-
Department of Health,NHS Stockport CCG,31/10/2018,ME-PMS GP Pension ERs Adjs - PMS,PRC DELEGATED CO-COMMISSIONING,STOCKPORT MEDICAL GROUP,24216246,-15555.15,-
Department of Health,NHS Stockport CCG,31/10/2018,ME-PMS GP Prior Year EEs,PRC DELEGATED CO-COMMISSIONING,STOCKPORT MEDICAL GROUP,24216246,-2312.18,-
Department of Health,NHS Stockport CCG,31/10/2018,C&M-PMS Contract Value,PRC DELEGATED CO-COMMISSIONING,STOCKPORT MEDICAL GROUP,24216247,119543.62,-
Department of Health,NHS Stockport CCG,31/10/2018,C&M-PMS DES Minor Surgery,PRC DELEGATED CO-COMMISSIONING,STOCKPORT MEDICAL GROUP,24216247,303.52,-
Department of Health,NHS Stockport CCG,31/10/2018,C&M-PMS Funding Differential Review,PRC DELEGATED CO-COMMISSIONING,STOCKPORT MEDICAL GROUP,24216247,422.56,-
Department of Health,NHS Stockport CCG,31/10/2018,C&M-PMS Prem Notional Rent,PRC DELEGATED CO-COMMISSIONING,STOCKPORT MEDICAL GROUP,24216247,15063.33,-
Department of Health,NHS Stockport CCG,31/10/2018,C&M-PMS QOF Aspiration,PRC DELEGATED CO-COMMISSIONING,STOCKPORT MEDICAL GROUP,24216247,13083.12,-
Department of Health,NHS Stockport CCG,31/10/2018,C&M-GMS Global Sum,PRC DELEGATED CO-COMMISSIONING,VILLAGE SURGERY STOCKPORT,24216249,39978.1,-
Department of Health,NHS Stockport CCG,31/10/2018,C&M-GMS MPIG Correction Factor,PRC DELEGATED CO-COMMISSIONING,VILLAGE SURGERY STOCKPORT,24216249,1377.65,-
Department of Health,NHS Stockport CCG,31/10/2018,C&M-GMS Prem Notional Rent,PRC DELEGATED CO-COMMISSIONING,VILLAGE SURGERY STOCKPORT,24216249,3191.67,-
Department of Health,NHS Stockport CCG,31/10/2018,C&M-GMS Prem Water Rates,PRC DELEGATED CO-COMMISSIONING,VILLAGE SURGERY STOCKPORT,24216249,206.54,-
Department of Health,NHS Stockport CCG,31/10/2018,C&M-GMS QOF Aspiration,PRC DELEGATED CO-COMMISSIONING,VILLAGE SURGERY STOCKPORT,24216249,3757.19,-
Department of Health,NHS Stockport CCG,31/10/2018,C&M-GMS DES Learn Dsblty Hlth Chk,PRC DELEGATED CO-COMMISSIONING,WOODLEY VILLAGE SURGERY,24216253,840,-
Department of Health,NHS Stockport CCG,31/10/2018,C&M-GMS DES Minor Surgery,PRC DELEGATED CO-COMMISSIONING,WOODLEY VILLAGE SURGERY,24216253,433.6,-
Department of Health,NHS Stockport CCG,31/10/2018,C&M-GMS Global Sum,PRC DELEGATED CO-COMMISSIONING,WOODLEY VILLAGE SURGERY,24216253,25492.05,-
Department of Health,NHS Stockport CCG,31/10/2018,C&M-GMS QOF Aspiration,PRC DELEGATED CO-COMMISSIONING,WOODLEY VILLAGE SURGERY,24216253,3135.04,-
Department of Health,NHS Stockport CCG,31/10/2018,C&M-GMS Global Sum,PRC DELEGATED CO-COMMISSIONING,DR OWEN & PARTNERS,24216257,48154.79,-
Department of Health,NHS Stockport CCG,31/10/2018,C&M-GMS MPIG Correction Factor,PRC DELEGATED CO-COMMISSIONING,DR OWEN & PARTNERS,24216257,74.87,-
Department of Health,NHS Stockport CCG,31/10/2018,C&M-GMS QOF Aspiration,PRC DELEGATED CO-COMMISSIONING,DR OWEN & PARTNERS,24216257,5519.59,-
Department of Health,NHS Stockport CCG,31/10/2018,Hcare Srv Rec Fdtn Trust-Over/ Under Performance,ACUTE COMMISSIONING,SALFORD ROYAL HOSPITALS NHS FOUNDATION TRUST,24227055,429554,65 4939786
Department of Health,NHS Stockport CCG,31/10/2018,Clinical&Medical-Commercial Sector,PLANNED CARE,SPIRE HEALTHCARE LTD,24227133,28064,915970991
Department of Health,NHS Stockport CCG,31/10/2018,Hcare Srv Rec Fdtn Trust-Contract Baseline,ACUTE COMMISSIONING,SALFORD ROYAL HOSPITALS NHS FOUNDATION TRUST,24227147,114838,65 4939786
Department of Health,NHS Stockport CCG,31/10/2018,Hcare Srv Rec NHS Trust-Contract Baseline,ACUTE COMMISSIONING,EAST CHESHIRE NHS TRUST,24227159,197016,654919892
Department of Health,NHS Stockport CCG,31/10/2018,Hcare Srv Rec NHS Trust-Contract Baseline,ACUTE COMMISSIONING,PENNINE ACUTE HOSPITALS NHS TRUST,24227233,46146,654418333
Department of Health,NHS Stockport CCG,31/10/2018,Clinical&Medical-Independent Sector,OUT OF HOURS,MASTERCALL HEALTHCARE,24227238,233879,-
Department of Health,NHS Stockport CCG,31/10/2018,Clinical&Medical-Commercial Sector,PLANNED CARE,ABL HEALTH LTD,24227289,27390.67,-
Department of Health,NHS Stockport CCG,31/10/2018,Hlthcre-Foundation Trsts,ACUTE COMMISSIONING,CHRISTIE HOSPITAL NHS FOUNDATION TRUST,24227324,340007.93,GB 654916118
Department of Health,NHS Stockport CCG,31/10/2018,Clinical&Medical-Commercial Sector,PLANNED CARE,SPIRE HEALTHCARE LTD,24227375,28064,915970991
Department of Health,NHS Stockport CCG,31/10/2018,Clinical&Medical-Commercial Sector,PLANNED CARE,BMI HEALTHCARE LTD,24227405,70088.65,GB235134980
Department of Health,NHS Stockport CCG,31/10/2018,C&M-GMS Voluntary Levy,PRC DELEGATED CO-COMMISSIONING,CHADSFIELD MEDICAL PRACTICE,24239986,-225.54,-
Department of Health,NHS Stockport CCG,31/10/2018,ME - GMS GP Prior Year ERs,PRC DELEGATED CO-COMMISSIONING,CHADSFIELD MEDICAL PRACTICE,24239986,-15034.57,-
Department of Health,NHS Stockport CCG,31/10/2018,ME-GMS GP Pension EEs,PRC DELEGATED CO-COMMISSIONING,CHADSFIELD MEDICAL PRACTICE,24239986,-3729.59,-
Department of Health,NHS Stockport CCG,31/10/2018,ME-GMS GP Pension EEs Adjustments,PRC DELEGATED CO-COMMISSIONING,CHADSFIELD MEDICAL PRACTICE,24239986,-2856.27,-
Department of Health,NHS Stockport CCG,31/10/2018,ME-GMS GP Pension ERs Adjustments,PRC DELEGATED CO-COMMISSIONING,CHADSFIELD MEDICAL PRACTICE,24239986,-7156.42,-
Department of Health,NHS Stockport CCG,31/10/2018,ME-GMS GP Prior Year EEs,PRC DELEGATED CO-COMMISSIONING,CHADSFIELD MEDICAL PRACTICE,24239986,-14034.49,-
Department of Health,NHS Stockport CCG,31/10/2018,C&M-GMS DES Minor Surgery,PRC DELEGATED CO-COMMISSIONING,CHADSFIELD MEDICAL PRACTICE,24239987,346.88,-
Department of Health,NHS Stockport CCG,31/10/2018,C&M-GMS Global Sum,PRC DELEGATED CO-COMMISSIONING,CHADSFIELD MEDICAL PRACTICE,24239987,58082.83,-
Department of Health,NHS Stockport CCG,31/10/2018,C&M-GMS MPIG Correction Factor,PRC DELEGATED CO-COMMISSIONING,CHADSFIELD MEDICAL PRACTICE,24239987,638.93,-
Department of Health,NHS Stockport CCG,31/10/2018,C&M-GMS PCO Other,PRC DELEGATED CO-COMMISSIONING,CHADSFIELD MEDICAL PRACTICE,24239987,4494,-
Department of Health,NHS Stockport CCG,31/10/2018,C&M-GMS QOF Aspiration,PRC DELEGATED CO-COMMISSIONING,CHADSFIELD MEDICAL PRACTICE,24239987,7245.93,-
Department of Health,NHS Stockport CCG,31/10/2018,ME - GMS GP Prior Year ERs,PRC DELEGATED CO-COMMISSIONING,CHADSFIELD MEDICAL PRACTICE,24239987,1391.16,-
Department of Health,NHS Stockport CCG,31/10/2018,ME-GMS GP Pension EEs Adjustments,PRC DELEGATED CO-COMMISSIONING,CHADSFIELD MEDICAL PRACTICE,24239987,1695.51,-
Department of Health,NHS Stockport CCG,31/10/2018,ME-GMS GP Pension ERs Adjustments,PRC DELEGATED CO-COMMISSIONING,CHADSFIELD MEDICAL PRACTICE,24239987,1391.16,-
Department of Health,NHS Stockport CCG,31/10/2018,ME-GMS GP Prior Year EEs,PRC DELEGATED CO-COMMISSIONING,CHADSFIELD MEDICAL PRACTICE,24239987,1449.51,-
Department of Health,NHS Stockport CCG,31/10/2018,C&M-PMS Voluntary Levy,PRC DELEGATED CO-COMMISSIONING,HEATON MOOR MEDICAL CENTRE,24239988,-1234.96,-
Department of Health,NHS Stockport CCG,31/10/2018,ME - PMS GP Prior Year ERs,PRC DELEGATED CO-COMMISSIONING,HEATON MOOR MEDICAL CENTRE,24239988,-3815.87,-
Department of Health,NHS Stockport CCG,31/10/2018,ME - PMS TPS Added Years Adj EEs,PRC DELEGATED CO-COMMISSIONING,HEATON MOOR MEDICAL CENTRE,24239988,-546.05,-
Department of Health,NHS Stockport CCG,31/10/2018,ME-PMS GP Pension EEs Adjs - PMS,PRC DELEGATED CO-COMMISSIONING,HEATON MOOR MEDICAL CENTRE,24239988,-1125,-
Department of Health,NHS Stockport CCG,31/10/2018,ME-PMS GP Pension EEs-PMS,PRC DELEGATED CO-COMMISSIONING,HEATON MOOR MEDICAL CENTRE,24239988,-13823.22,-
Department of Health,NHS Stockport CCG,31/10/2018,ME-PMS GP Pension ERs Adjs - PMS,PRC DELEGATED CO-COMMISSIONING,HEATON MOOR MEDICAL CENTRE,24239988,-16475.47,-
Department of Health,NHS Stockport CCG,31/10/2018,ME-PMS GP Prior Year EEs,PRC DELEGATED CO-COMMISSIONING,HEATON MOOR MEDICAL CENTRE,24239988,-3862.79,-
Department of Health,NHS Stockport CCG,31/10/2018,C&M-GMS DES Minor Surgery,PRC DELEGATED CO-COMMISSIONING,PARK VIEW GROUP PRACTICE,24239989,1691.04,-
Department of Health,NHS Stockport CCG,31/10/2018,C&M-GMS Global Sum,PRC DELEGATED CO-COMMISSIONING,PARK VIEW GROUP PRACTICE,24239989,68135.49,-
Department of Health,NHS Stockport CCG,31/10/2018,C&M-GMS PCO Other,PRC DELEGATED CO-COMMISSIONING,PARK VIEW GROUP PRACTICE,24239989,5587,-
Department of Health,NHS Stockport CCG,31/10/2018,C&M-GMS Prem Notional Rent,PRC DELEGATED CO-COMMISSIONING,PARK VIEW GROUP PRACTICE,24239989,4787.5,-
Department of Health,NHS Stockport CCG,31/10/2018,C&M-GMS QOF Aspiration,PRC DELEGATED CO-COMMISSIONING,PARK VIEW GROUP PRACTICE,24239989,7438.8,-
Department of Health,NHS Stockport CCG,31/10/2018,Hcare Srv Rec Fdtn Trust-Contract Baseline,ACUTE COMMISSIONING,WRIGHTINGTON WIGAN & LEIGH NHS FOUNDATION TRUST,24247577,54945,GB654951509
Department of Health,NHS Stockport CCG,31/10/2018,Cont Care-Physical Disab (<65),CHC ADULT JOINT FUNDED,STOCKPORT METROPOLITAN BOROUGH COUNCIL,24267613,32695.43,GB158556040
Department of Health,NHS Stockport CCG,31/10/2018,Hcare Srv Rec NHS Trust-Over/ Under Performance,COMMUNITY SERVICES,PENNINE ACUTE HOSPITALS NHS TRUST,24267619,38336,654418333
Department of Health,NHS Stockport CCG,31/10/2018,Hcare Srv Rec Fdtn Trust-Contract Baseline,ACUTE COMMISSIONING,MANCHESTER UNIVERSITY NHS FOUNDATION TRUST,24267624,133426,654415538
Department of Health,NHS Stockport CCG,31/10/2018,Hcare Srv Rec Fdtn Trust-Non Contract,MENTAL HEALTH CONTRACTS,PENNINE CARE NHS FOUNDATION TRUST,24267629,42263,654425730
Department of Health,NHS Stockport CCG,31/10/2018,Hcare Srv Rec Fdtn Trust-Contract Baseline,MENTAL HEALTH CONTRACTS,GREATER MANCHESTER MENTAL HEALTH NHS FOUNDATION TRUST,24267800,30731.34,GB654929594
Department of Health,NHS Stockport CCG,31/10/2018,Clinical&Medical-Commercial Sector,PLANNED CARE,OPTEGRA MANCHESTER,24267950,83556.45,938297867
Department of Health,NHS Stockport CCG,31/10/2018,Clinical&Medical-Commercial Sector,PLANNED CARE,OPTEGRA MANCHESTER,24267958,314764,938297867
Department of Health,NHS Stockport CCG,31/10/2018,Apprenticeship Levy Payable,BALANCE SHEET,HMRC,24276001,1088,-
Department of Health,NHS Stockport CCG,31/10/2018,Income tax <1Yr,BALANCE SHEET,HMRC,24276001,143868.4,-
Department of Health,NHS Stockport CCG,31/10/2018,Income tax <1Yr-Student Loans,BALANCE SHEET,HMRC,24276001,1611,-
Department of Health,NHS Stockport CCG,31/10/2018,National Insurance < 1 yr-NI- ERS,BALANCE SHEET,HMRC,24276001,51361.92,-
Department of Health,NHS Stockport CCG,31/10/2018,National Insurance < 1 yr-NI-EES,BALANCE SHEET,HMRC,24276001,32195.46,-
Department of Health,NHS Stockport CCG,31/10/2018,Statutory Mat Pay < 1 yr,BALANCE SHEET,HMRC,24276001,-5829.46,-
Department of Health,NHS Stockport CCG,31/10/2018,Clinical&Medical-Othe Public Sector,COMMISSIONING - NON ACUTE,STOCKPORT METROPOLITAN BOROUGH COUNCIL,24290984,25000,GB158556040
Department of Health,NHS Stockport CCG,31/10/2018,Clinical&Medical-Othe Public Sector,COMMUNITY SERVICES,STOCKPORT METROPOLITAN BOROUGH COUNCIL,24290984,1083000,GB158556040
Department of Health,NHS Stockport CCG,31/10/2018,Clinical&Medical-Othe Public Sector,LEARNING DIFFICULTIES,STOCKPORT METROPOLITAN BOROUGH COUNCIL,24290984,132916.67,GB158556040
Department of Health,NHS Stockport CCG,31/10/2018,Clinical&Medical-Othe Public Sector,LONG TERM CONDITIONS,STOCKPORT METROPOLITAN BOROUGH COUNCIL,24290984,317666.66,GB158556040
Department of Health,NHS Stockport CCG,31/10/2018,Clinical&Medical-Othe Public Sector,MENTAL HEALTH SERVICES - OTHER,STOCKPORT METROPOLITAN BOROUGH COUNCIL,24290984,24083.34,GB158556040
Department of Health,NHS Stockport CCG,31/10/2018,Clinical&Medical-Othe Public Sector,REABLEMENT,STOCKPORT METROPOLITAN BOROUGH COUNCIL,24290984,100333.33,GB158556040
Department of Health,NHS Stockport CCG,31/10/2018,Hcare Srv Rec Fdtn Trust-Non Contract,COMMUNITY SERVICES,STOCKPORT NHS FOUNDATION TRUST,24315613,39133,654974295
Department of Health,NHS Stockport CCG,31/10/2018,Clinical&Medical-Commercial Sector,HOSPICES,ST ANNES HOSPICE,24315629,217962,-
Department of Health,NHS Stockport CCG,31/10/2018,Clinical&Medical-Commercial Sector,COMMISSIONING SCHEMES,MASTERCALL HEALTHCARE,24315661,50252.33,-
Department of Health,NHS Stockport CCG,31/10/2018,Hcare Srv Rec Fdtn Trust-Contract Baseline,ACUTE COMMISSIONING,SALFORD ROYAL HOSPITALS NHS FOUNDATION TRUST,24315667,29211,65 4939786
Department of Health,NHS Stockport CCG,31/10/2018,Hcare Srv Rec Fdtn Trust-Contract Baseline,ACUTE COMMISSIONING,SALFORD ROYAL HOSPITALS NHS FOUNDATION TRUST,24315690,590742,65 4939786
Department of Health,NHS Stockport CCG,31/10/2018,Programme Support Costs,NON RECURRENT PROGRAMMES,CARE UNBOUND LTD,24325893,74176.5,258456177
Department of Health,NHS Stockport CCG,31/10/2018,Clinical&Medical-Devolved Admin'n,NCAS/OATS,BETSI CADWALADR UNIVERSITY LHB,24352798,35447,654439560
Department of Health,NHS Stockport CCG,31/10/2018,Clinical&Medical-Independent Sector,LOCAL ENHANCED SERVICES,PRIMARY EYECARE NORTH LTD,24352806,32547,-
Department of Health,NHS Stockport CCG,31/10/2018,Clinical&Medical-Commercial Sector,PLANNED CARE,SPECSAVERS HEARCARE LTD,24352818,28073.22,279002406
Department of Health,NHS Stockport CCG,31/10/2018,Clinical&Medical-Commercial Sector,PLANNED CARE,SPECSAVERS HEARCARE LTD,24352939,29294.2,279002406
Department of Health,NHS Stockport CCG,31/10/2018,Cont Care-Learning Disab(<65),CHC ADULT FULLY FUNDED,STOCKPORT METROPOLITAN BOROUGH COUNCIL,24353032,30112.94,GB158556040
Department of Health,NHS Stockport CCG,31/10/2018,Cont Care-Learning Disab(<65),CHC AD FULL FUND PERS HLTH BUD,STOCKPORT METROPOLITAN BOROUGH COUNCIL,24353061,34366.32,GB158556040
Department of Health,NHS Stockport CCG,31/10/2018,Cont Care-Physical Disab (<65),CHC ADULT JOINT FUNDED,STOCKPORT METROPOLITAN BOROUGH COUNCIL,24353073,25236.25,GB158556040
Department of Health,NHS Stockport CCG,31/10/2018,Clinical&Medical-Commercial Sector,PLANNED CARE,DIAGNOSTIC HEALTHCARE LTD,24353174,41918.69,204941917
Department of Health,NHS Stockport CCG,31/10/2018,Telecoms-Phone Rental and Calls,PRIMARY CARE IT,NHS OLDHAM CCG,24379878,89180.13,-
Department of Health,NHS Stockport CCG,31/10/2018,Clinical&Medical-Serv Recd-CCGs,PRIMARY CARE IT,NHS OLDHAM CCG,24380215,99767,-
Department of Health,NHS Stockport CCG,31/10/2018,Telecoms-Phone Rental and Calls,PRIMARY CARE IT,NHS OLDHAM CCG,24380273,50010.42,-
Department of Health,NHS Stockport CCG,31/10/2018,Clinical&Medical-Commercial Sector,MENTAL HEALTH SERVICES - ADULTS,OAKWOOD HOUSE PSYCHOLOGICAL SERVICES & TRAINING LTD,24380596,44867.43,-
Department of Health,NHS Stockport CCG,31/10/2018,Clinical&Medical-Commercial Sector,MENTAL HEALTH SERVICES - ADULTS,CYGNET HEALTHCARE LTD,24380613,32575.5,248280396
Department of Health,NHS Stockport CCG,31/10/2018,Clinical&Medical-Commercial Sector,MENTAL HEALTH SERVICES - ADULTS,CYGNET HEALTHCARE LTD,24380616,41193.38,248280396
Department of Health,NHS Stockport CCG,31/10/2018,C&M-GMS LES 24 Hour ABPM,LOCAL ENHANCED SERVICES,VIADUCT CARE LTD,24380623,12164.42,-
Department of Health,NHS Stockport CCG,31/10/2018,C&M-GMS LES Spirometry,LOCAL ENHANCED SERVICES,VIADUCT CARE LTD,24380623,8636.25,-
Department of Health,NHS Stockport CCG,31/10/2018,Clinical&Medical-Independent Sector,LOCAL ENHANCED SERVICES,VIADUCT CARE LTD,24380623,330046.33,-
Department of Health,NHS Stockport CCG,31/10/2018,C&M-GMS LES 24 Hour ABPM,LOCAL ENHANCED SERVICES,VIADUCT CARE LTD,24380626,12164.42,-
Department of Health,NHS Stockport CCG,31/10/2018,C&M-GMS LES Spirometry,LOCAL ENHANCED SERVICES,VIADUCT CARE LTD,24380626,260837.58,-
Department of Health,NHS Stockport CCG,31/10/2018,Cont Care- Children,CHC CHILDREN,STOCKPORT METROPOLITAN BOROUGH COUNCIL,24502496,106409.95,GB158556040
Department of Health,NHS Stockport CCG,31/10/2018,Clinical&Medical-Independent Sector,OUT OF HOURS,MASTERCALL HEALTHCARE,24502518,223941,-
Department of Health,NHS Stockport CCG,31/10/2018,Clinical&Medical-Commercial Sector,MENTAL HEALTH CONTRACTS,FUTURE DIRECTIONS CIC,24502520,56805.63,-
