Department family,Entity,Date,Expense Type,Expense area,Supplier,Transaction number,Amount,VAT registration number
Department of Health,NHS Stockport CCG,30/09/2018,Clinical&Medical-Commercial Sector,IMPROVING ACCESS TO PSYCHOLOGICAL THERAPIES,SELF HELP SERVICES,23738044,42908.75,-
Department of Health,NHS Stockport CCG,30/09/2018,Clinical&Medical-Commercial Sector,PLANNED CARE,OPTEGRA MANCHESTER,23738060,104679.67,938297867
Department of Health,NHS Stockport CCG,30/09/2018,Hcare Srv Rec Fdtn Trust-Non Contract,MENTAL HEALTH CONTRACTS,PENNINE CARE NHS FOUNDATION TRUST,23738235,29440,654425730
Department of Health,NHS Stockport CCG,30/09/2018,External Consultancy Fees,NON RECURRENT PROGRAMMES,CORDIS BRIGHT LTD,23783448,23770.71,722524753
Department of Health,NHS Stockport CCG,30/09/2018,C&M-PMS Contract Value,PRC DELEGATED CO-COMMISSIONING,BEECH HOUSE MEDICAL PRACTICE,23815086,53710.76,-
Department of Health,NHS Stockport CCG,30/09/2018,C&M-PMS DES Extended Hours Access,PRC DELEGATED CO-COMMISSIONING,BEECH HOUSE MEDICAL PRACTICE,23815086,3934.9,-
Department of Health,NHS Stockport CCG,30/09/2018,C&M-PMS Funding Differential Review,PRC DELEGATED CO-COMMISSIONING,BEECH HOUSE MEDICAL PRACTICE,23815086,934.27,-
Department of Health,NHS Stockport CCG,30/09/2018,C&M-PMS PCO Seniority,PRC DELEGATED CO-COMMISSIONING,BEECH HOUSE MEDICAL PRACTICE,23815086,2510.25,-
Department of Health,NHS Stockport CCG,30/09/2018,C&M-PMS QOF Aspiration,PRC DELEGATED CO-COMMISSIONING,BEECH HOUSE MEDICAL PRACTICE,23815086,8495.05,-
Department of Health,NHS Stockport CCG,30/09/2018,ME - PMS GP Prior Year ERs,PRC DELEGATED CO-COMMISSIONING,BEECH HOUSE MEDICAL PRACTICE,23815086,594.88,-
Department of Health,NHS Stockport CCG,30/09/2018,ME-PMS GP Prior Year EEs,PRC DELEGATED CO-COMMISSIONING,BEECH HOUSE MEDICAL PRACTICE,23815086,520,-
Department of Health,NHS Stockport CCG,30/09/2018,C&M-PMS Contract Value,PRC DELEGATED CO-COMMISSIONING,ALVANLEY FAMILY PRACTICE,23815100,37927.15,-
Department of Health,NHS Stockport CCG,30/09/2018,C&M-PMS DES Extended Hours Access,PRC DELEGATED CO-COMMISSIONING,ALVANLEY FAMILY PRACTICE,23815100,4937.16,-
Department of Health,NHS Stockport CCG,30/09/2018,C&M-PMS DES Learn Dsblty Hlth Chk,PRC DELEGATED CO-COMMISSIONING,ALVANLEY FAMILY PRACTICE,23815100,980,-
Department of Health,NHS Stockport CCG,30/09/2018,C&M-PMS DES Minor Surgery,PRC DELEGATED CO-COMMISSIONING,ALVANLEY FAMILY PRACTICE,23815100,1127.36,-
Department of Health,NHS Stockport CCG,30/09/2018,C&M-PMS Funding Differential Review,PRC DELEGATED CO-COMMISSIONING,ALVANLEY FAMILY PRACTICE,23815100,108.76,-
Department of Health,NHS Stockport CCG,30/09/2018,C&M-PMS PCO Seniority,PRC DELEGATED CO-COMMISSIONING,ALVANLEY FAMILY PRACTICE,23815100,1651.84,-
Department of Health,NHS Stockport CCG,30/09/2018,C&M-PMS QOF Aspiration,PRC DELEGATED CO-COMMISSIONING,ALVANLEY FAMILY PRACTICE,23815100,4496.1,-
Department of Health,NHS Stockport CCG,30/09/2018,C&M-PMS Contract Value,PRC DELEGATED CO-COMMISSIONING,ARCHWOOD MEDICAL PRACTICE,23815108,42852.69,-
Department of Health,NHS Stockport CCG,30/09/2018,C&M-PMS DES Extended Hours Access,PRC DELEGATED CO-COMMISSIONING,ARCHWOOD MEDICAL PRACTICE,23815108,2795.85,-
Department of Health,NHS Stockport CCG,30/09/2018,C&M-PMS DES Learn Dsblty Hlth Chk,PRC DELEGATED CO-COMMISSIONING,ARCHWOOD MEDICAL PRACTICE,23815108,280,-
Department of Health,NHS Stockport CCG,30/09/2018,C&M-PMS Funding Differential Review,PRC DELEGATED CO-COMMISSIONING,ARCHWOOD MEDICAL PRACTICE,23815108,341.52,-
Department of Health,NHS Stockport CCG,30/09/2018,C&M-PMS PCO Seniority,PRC DELEGATED CO-COMMISSIONING,ARCHWOOD MEDICAL PRACTICE,23815108,2147.27,-
Department of Health,NHS Stockport CCG,30/09/2018,C&M-PMS QOF Aspiration,PRC DELEGATED CO-COMMISSIONING,ARCHWOOD MEDICAL PRACTICE,23815108,5859.38,-
Department of Health,NHS Stockport CCG,30/09/2018,C&M-GMS DES Extended Hours Access,PRC DELEGATED CO-COMMISSIONING,ADSHALL ROAD MEDICAL PRACTICE,23815118,2271.45,-
Department of Health,NHS Stockport CCG,30/09/2018,C&M-GMS DES Learn Dsblty Hlth Chk,PRC DELEGATED CO-COMMISSIONING,ADSHALL ROAD MEDICAL PRACTICE,23815118,280,-
Department of Health,NHS Stockport CCG,30/09/2018,C&M-GMS Global Sum,PRC DELEGATED CO-COMMISSIONING,ADSHALL ROAD MEDICAL PRACTICE,23815118,31862.25,-
Department of Health,NHS Stockport CCG,30/09/2018,C&M-GMS MPIG Correction Factor,PRC DELEGATED CO-COMMISSIONING,ADSHALL ROAD MEDICAL PRACTICE,23815118,424.57,-
Department of Health,NHS Stockport CCG,30/09/2018,C&M-GMS PCO Seniority,PRC DELEGATED CO-COMMISSIONING,ADSHALL ROAD MEDICAL PRACTICE,23815118,117.58,-
Department of Health,NHS Stockport CCG,30/09/2018,C&M-GMS Prem Notional Rent,PRC DELEGATED CO-COMMISSIONING,ADSHALL ROAD MEDICAL PRACTICE,23815118,2627.33,-
Department of Health,NHS Stockport CCG,30/09/2018,C&M-GMS Prem Water Rates,PRC DELEGATED CO-COMMISSIONING,ADSHALL ROAD MEDICAL PRACTICE,23815118,287.5,-
Department of Health,NHS Stockport CCG,30/09/2018,C&M-GMS QOF Aspiration,PRC DELEGATED CO-COMMISSIONING,ADSHALL ROAD MEDICAL PRACTICE,23815118,4038.3,-
Department of Health,NHS Stockport CCG,30/09/2018,C&M-PMS Contract Value,PRC DELEGATED CO-COMMISSIONING,ADSWOOD ROAD SURGERY,23815129,28176.72,-
Department of Health,NHS Stockport CCG,30/09/2018,C&M-PMS DES Extended Hours Access,PRC DELEGATED CO-COMMISSIONING,ADSWOOD ROAD SURGERY,23815129,2133.7,-
Department of Health,NHS Stockport CCG,30/09/2018,C&M-PMS DES Learn Dsblty Hlth Chk,PRC DELEGATED CO-COMMISSIONING,ADSWOOD ROAD SURGERY,23815129,560,-
Department of Health,NHS Stockport CCG,30/09/2018,C&M-PMS DES Minor Surgery,PRC DELEGATED CO-COMMISSIONING,ADSWOOD ROAD SURGERY,23815129,86.72,-
Department of Health,NHS Stockport CCG,30/09/2018,C&M-PMS Funding Differential Review,PRC DELEGATED CO-COMMISSIONING,ADSWOOD ROAD SURGERY,23815129,424.61,-
Department of Health,NHS Stockport CCG,30/09/2018,C&M-PMS PCO Seniority,PRC DELEGATED CO-COMMISSIONING,ADSWOOD ROAD SURGERY,23815129,1371.19,-
Department of Health,NHS Stockport CCG,30/09/2018,C&M-PMS Prem Notional Rent,PRC DELEGATED CO-COMMISSIONING,ADSWOOD ROAD SURGERY,23815129,2441.67,-
Department of Health,NHS Stockport CCG,30/09/2018,C&M-PMS QOF Aspiration,PRC DELEGATED CO-COMMISSIONING,ADSWOOD ROAD SURGERY,23815129,3678.48,-
Department of Health,NHS Stockport CCG,30/09/2018,C&M-GMS DES Extended Hours Access,PRC DELEGATED CO-COMMISSIONING,BRAMHALL HEALTH CENTRE,23815141,6115.63,-
Department of Health,NHS Stockport CCG,30/09/2018,C&M-GMS Global Sum,PRC DELEGATED CO-COMMISSIONING,BRAMHALL HEALTH CENTRE,23815141,84507.53,-
Department of Health,NHS Stockport CCG,30/09/2018,C&M-GMS MPIG Correction Factor,PRC DELEGATED CO-COMMISSIONING,BRAMHALL HEALTH CENTRE,23815141,1526.02,-
Department of Health,NHS Stockport CCG,30/09/2018,C&M-GMS Other Small Practice All,PRC DELEGATED CO-COMMISSIONING,BRAMHALL HEALTH CENTRE,23815141,7850,-
Department of Health,NHS Stockport CCG,30/09/2018,C&M-GMS PCO Seniority,PRC DELEGATED CO-COMMISSIONING,BRAMHALL HEALTH CENTRE,23815141,2963.05,-
Department of Health,NHS Stockport CCG,30/09/2018,C&M-GMS QOF Aspiration,PRC DELEGATED CO-COMMISSIONING,BRAMHALL HEALTH CENTRE,23815141,9679.61,-
Department of Health,NHS Stockport CCG,30/09/2018,C&M-PMS Contract Value,PRC DELEGATED CO-COMMISSIONING,BRAMHALL PARK MEDICAL CENTRE,23815145,96038.73,-
Department of Health,NHS Stockport CCG,30/09/2018,C&M-PMS DES Extended Hours Access,PRC DELEGATED CO-COMMISSIONING,BRAMHALL PARK MEDICAL CENTRE,23815145,6874.2,-
Department of Health,NHS Stockport CCG,30/09/2018,C&M-PMS DES Learn Dsblty Hlth Chk,PRC DELEGATED CO-COMMISSIONING,BRAMHALL PARK MEDICAL CENTRE,23815145,840,-
Department of Health,NHS Stockport CCG,30/09/2018,C&M-PMS DES Minor Surgery,PRC DELEGATED CO-COMMISSIONING,BRAMHALL PARK MEDICAL CENTRE,23815145,823.84,-
Department of Health,NHS Stockport CCG,30/09/2018,C&M-PMS Funding Differential Review,PRC DELEGATED CO-COMMISSIONING,BRAMHALL PARK MEDICAL CENTRE,23815145,887.4,-
Department of Health,NHS Stockport CCG,30/09/2018,C&M-PMS PCO Seniority,PRC DELEGATED CO-COMMISSIONING,BRAMHALL PARK MEDICAL CENTRE,23815145,3240.14,-
Department of Health,NHS Stockport CCG,30/09/2018,C&M-PMS Prem Notional Rent,PRC DELEGATED CO-COMMISSIONING,BRAMHALL PARK MEDICAL CENTRE,23815145,2900,-
Department of Health,NHS Stockport CCG,30/09/2018,C&M-PMS QOF Aspiration,PRC DELEGATED CO-COMMISSIONING,BRAMHALL PARK MEDICAL CENTRE,23815145,12894.65,-
Department of Health,NHS Stockport CCG,30/09/2018,C&M-PMS Contract Value,PRC DELEGATED CO-COMMISSIONING,BREDBURY MEDICAL PRACTICE,23815155,31554.7,-
Department of Health,NHS Stockport CCG,30/09/2018,C&M-PMS Funding Differential Review,PRC DELEGATED CO-COMMISSIONING,BREDBURY MEDICAL PRACTICE,23815155,398.52,-
Department of Health,NHS Stockport CCG,30/09/2018,C&M-PMS PCO Seniority,PRC DELEGATED CO-COMMISSIONING,BREDBURY MEDICAL PRACTICE,23815155,2349.17,-
Department of Health,NHS Stockport CCG,30/09/2018,C&M-PMS Prem Notional Rent,PRC DELEGATED CO-COMMISSIONING,BREDBURY MEDICAL PRACTICE,23815155,3316.67,-
Department of Health,NHS Stockport CCG,30/09/2018,C&M-PMS QOF Aspiration,PRC DELEGATED CO-COMMISSIONING,BREDBURY MEDICAL PRACTICE,23815155,3370.09,-
Department of Health,NHS Stockport CCG,30/09/2018,C&M-GMS DES Extended Hours Access,PRC DELEGATED CO-COMMISSIONING,BRACONDALE MEDICAL CENTRE,23815164,2478.55,-
Department of Health,NHS Stockport CCG,30/09/2018,C&M-GMS Global Sum,PRC DELEGATED CO-COMMISSIONING,BRACONDALE MEDICAL CENTRE,23815164,36084.48,-
Department of Health,NHS Stockport CCG,30/09/2018,C&M-GMS MPIG Correction Factor,PRC DELEGATED CO-COMMISSIONING,BRACONDALE MEDICAL CENTRE,23815164,440.1,-
Department of Health,NHS Stockport CCG,30/09/2018,C&M-GMS PCO Seniority,PRC DELEGATED CO-COMMISSIONING,BRACONDALE MEDICAL CENTRE,23815164,500.31,-
Department of Health,NHS Stockport CCG,30/09/2018,C&M-GMS Prem Actual Rent,PRC DELEGATED CO-COMMISSIONING,BRACONDALE MEDICAL CENTRE,23815164,7720,-
Department of Health,NHS Stockport CCG,30/09/2018,C&M-GMS QOF Aspiration,PRC DELEGATED CO-COMMISSIONING,BRACONDALE MEDICAL CENTRE,23815164,3928.52,-
Department of Health,NHS Stockport CCG,30/09/2018,C&M-PMS Contract Value,PRC DELEGATED CO-COMMISSIONING,CARITAS GENERAL PRACTICE PARTNERSHIP,23815168,93228.04,-
Department of Health,NHS Stockport CCG,30/09/2018,C&M-PMS DES Extended Hours Access,PRC DELEGATED CO-COMMISSIONING,CARITAS GENERAL PRACTICE PARTNERSHIP,23815168,6291.85,-
Department of Health,NHS Stockport CCG,30/09/2018,C&M-PMS DES Minor Surgery,PRC DELEGATED CO-COMMISSIONING,CARITAS GENERAL PRACTICE PARTNERSHIP,23815168,1084,-
Department of Health,NHS Stockport CCG,30/09/2018,C&M-PMS Funding Differential Review,PRC DELEGATED CO-COMMISSIONING,CARITAS GENERAL PRACTICE PARTNERSHIP,23815168,77.25,-
Department of Health,NHS Stockport CCG,30/09/2018,C&M-PMS PCO Seniority,PRC DELEGATED CO-COMMISSIONING,CARITAS GENERAL PRACTICE PARTNERSHIP,23815168,3763.69,-
Department of Health,NHS Stockport CCG,30/09/2018,C&M-PMS Prem Actual Rent,PRC DELEGATED CO-COMMISSIONING,CARITAS GENERAL PRACTICE PARTNERSHIP,23815168,870,-
Department of Health,NHS Stockport CCG,30/09/2018,C&M-PMS Prem Notional Rent,PRC DELEGATED CO-COMMISSIONING,CARITAS GENERAL PRACTICE PARTNERSHIP,23815168,6626.66,-
Department of Health,NHS Stockport CCG,30/09/2018,C&M-PMS Prem Water Rates,PRC DELEGATED CO-COMMISSIONING,CARITAS GENERAL PRACTICE PARTNERSHIP,23815168,573.75,-
Department of Health,NHS Stockport CCG,30/09/2018,C&M-PMS QOF Aspiration,PRC DELEGATED CO-COMMISSIONING,CARITAS GENERAL PRACTICE PARTNERSHIP,23815168,11271.09,-
Department of Health,NHS Stockport CCG,30/09/2018,C&M-PMS Contract Value,PRC DELEGATED CO-COMMISSIONING,BRINNINGTON HEALTH CENTRE STOCKPORT,23815178,75273.16,-
Department of Health,NHS Stockport CCG,30/09/2018,C&M-PMS DES Extended Hours Access,PRC DELEGATED CO-COMMISSIONING,BRINNINGTON HEALTH CENTRE STOCKPORT,23815178,4225.13,-
Department of Health,NHS Stockport CCG,30/09/2018,C&M-PMS DES Learn Dsblty Hlth Chk,PRC DELEGATED CO-COMMISSIONING,BRINNINGTON HEALTH CENTRE STOCKPORT,23815178,1400,-
Department of Health,NHS Stockport CCG,30/09/2018,C&M-PMS DES Minor Surgery,PRC DELEGATED CO-COMMISSIONING,BRINNINGTON HEALTH CENTRE STOCKPORT,23815178,737.12,-
Department of Health,NHS Stockport CCG,30/09/2018,C&M-PMS Funding Differential Review,PRC DELEGATED CO-COMMISSIONING,BRINNINGTON HEALTH CENTRE STOCKPORT,23815178,314.34,-
Department of Health,NHS Stockport CCG,30/09/2018,C&M-PMS PCO Seniority,PRC DELEGATED CO-COMMISSIONING,BRINNINGTON HEALTH CENTRE STOCKPORT,23815178,4447.05,-
Department of Health,NHS Stockport CCG,30/09/2018,C&M-PMS QOF Aspiration,PRC DELEGATED CO-COMMISSIONING,BRINNINGTON HEALTH CENTRE STOCKPORT,23815178,10407.72,-
Department of Health,NHS Stockport CCG,30/09/2018,C&M-PMS Contract Value,PRC DELEGATED CO-COMMISSIONING,CHEADLE HULME HEALTH CENTRE - DR SEABROOK,23815187,85411.87,-
Department of Health,NHS Stockport CCG,30/09/2018,C&M-PMS DES Extended Hours Access,PRC DELEGATED CO-COMMISSIONING,CHEADLE HULME HEALTH CENTRE - DR SEABROOK,23815187,6118.48,-
Department of Health,NHS Stockport CCG,30/09/2018,C&M-PMS DES Learn Dsblty Hlth Chk,PRC DELEGATED CO-COMMISSIONING,CHEADLE HULME HEALTH CENTRE - DR SEABROOK,23815187,280,-
Department of Health,NHS Stockport CCG,30/09/2018,C&M-PMS DES Minor Surgery,PRC DELEGATED CO-COMMISSIONING,CHEADLE HULME HEALTH CENTRE - DR SEABROOK,23815187,1994.56,-
Department of Health,NHS Stockport CCG,30/09/2018,C&M-PMS Funding Differential Review,PRC DELEGATED CO-COMMISSIONING,CHEADLE HULME HEALTH CENTRE - DR SEABROOK,23815187,517.22,-
Department of Health,NHS Stockport CCG,30/09/2018,C&M-PMS PCO Seniority,PRC DELEGATED CO-COMMISSIONING,CHEADLE HULME HEALTH CENTRE - DR SEABROOK,23815187,4101.39,-
Department of Health,NHS Stockport CCG,30/09/2018,C&M-PMS Prem Notional Rent,PRC DELEGATED CO-COMMISSIONING,CHEADLE HULME HEALTH CENTRE - DR SEABROOK,23815187,3812.5,-
Department of Health,NHS Stockport CCG,30/09/2018,C&M-PMS QOF Aspiration,PRC DELEGATED CO-COMMISSIONING,CHEADLE HULME HEALTH CENTRE - DR SEABROOK,23815187,9344.42,-
Department of Health,NHS Stockport CCG,30/09/2018,C&M-PMS Prem Notional Rent,PRC DELEGATED CO-COMMISSIONING,CHEADLE HULME HEALTH CENTRE - DR SHIPSTON,23815192,-12775.02,-
Department of Health,NHS Stockport CCG,30/09/2018,C&M-PMS Voluntary Levy,PRC DELEGATED CO-COMMISSIONING,CHEADLE HULME HEALTH CENTRE - DR SHIPSTON,23815192,-360,-
Department of Health,NHS Stockport CCG,30/09/2018,ME-PMS GP Pension EEs-PMS,PRC DELEGATED CO-COMMISSIONING,CHEADLE HULME HEALTH CENTRE - DR SHIPSTON,23815192,-6750.21,-
Department of Health,NHS Stockport CCG,30/09/2018,ME-PMS GP Pension ERs Adjs - PMS,PRC DELEGATED CO-COMMISSIONING,CHEADLE HULME HEALTH CENTRE - DR SHIPSTON,23815192,-7136.09,-
Department of Health,NHS Stockport CCG,30/09/2018,C&M-PMS Contract Value,PRC DELEGATED CO-COMMISSIONING,CHEADLE HULME HEALTH CENTRE - DR SHIPSTON,23815198,72778.04,-
Department of Health,NHS Stockport CCG,30/09/2018,C&M-PMS DES Extended Hours Access,PRC DELEGATED CO-COMMISSIONING,CHEADLE HULME HEALTH CENTRE - DR SHIPSTON,23815198,5275.83,-
Department of Health,NHS Stockport CCG,30/09/2018,C&M-PMS DES Learn Dsblty Hlth Chk,PRC DELEGATED CO-COMMISSIONING,CHEADLE HULME HEALTH CENTRE - DR SHIPSTON,23815198,420,-
Department of Health,NHS Stockport CCG,30/09/2018,C&M-PMS DES Minor Surgery,PRC DELEGATED CO-COMMISSIONING,CHEADLE HULME HEALTH CENTRE - DR SHIPSTON,23815198,1604.32,-
Department of Health,NHS Stockport CCG,30/09/2018,C&M-PMS Funding Differential Review,PRC DELEGATED CO-COMMISSIONING,CHEADLE HULME HEALTH CENTRE - DR SHIPSTON,23815198,717.61,-
Department of Health,NHS Stockport CCG,30/09/2018,C&M-PMS PCO Seniority,PRC DELEGATED CO-COMMISSIONING,CHEADLE HULME HEALTH CENTRE - DR SHIPSTON,23815198,4138.94,-
Department of Health,NHS Stockport CCG,30/09/2018,C&M-PMS Prem Notional Rent,PRC DELEGATED CO-COMMISSIONING,CHEADLE HULME HEALTH CENTRE - DR SHIPSTON,23815198,4941.67,-
Department of Health,NHS Stockport CCG,30/09/2018,C&M-PMS QOF Aspiration,PRC DELEGATED CO-COMMISSIONING,CHEADLE HULME HEALTH CENTRE - DR SHIPSTON,23815198,8235.81,-
Department of Health,NHS Stockport CCG,30/09/2018,C&M-GMS DES Extended Hours Access,PRC DELEGATED CO-COMMISSIONING,CHEADLE MEDICAL PRACTICE,23815206,5668.18,-
Department of Health,NHS Stockport CCG,30/09/2018,C&M-GMS DES Minor Surgery,PRC DELEGATED CO-COMMISSIONING,CHEADLE MEDICAL PRACTICE,23815206,4596.16,-
Department of Health,NHS Stockport CCG,30/09/2018,C&M-GMS Global Sum,PRC DELEGATED CO-COMMISSIONING,CHEADLE MEDICAL PRACTICE,23815206,78434.1,-
Department of Health,NHS Stockport CCG,30/09/2018,C&M-GMS MPIG Correction Factor,PRC DELEGATED CO-COMMISSIONING,CHEADLE MEDICAL PRACTICE,23815206,953.44,-
Department of Health,NHS Stockport CCG,30/09/2018,C&M-GMS PCO Seniority,PRC DELEGATED CO-COMMISSIONING,CHEADLE MEDICAL PRACTICE,23815206,1396.45,-
Department of Health,NHS Stockport CCG,30/09/2018,C&M-GMS Prem Notional Rent,PRC DELEGATED CO-COMMISSIONING,CHEADLE MEDICAL PRACTICE,23815206,5450,-
Department of Health,NHS Stockport CCG,30/09/2018,C&M-GMS QOF Aspiration,PRC DELEGATED CO-COMMISSIONING,CHEADLE MEDICAL PRACTICE,23815206,10003.56,-
Department of Health,NHS Stockport CCG,30/09/2018,C&M-GMS DES Extended Hours Access,PRC DELEGATED CO-COMMISSIONING,CHADSFIELD MEDICAL PRACTICE,23815228,3320.25,-
Department of Health,NHS Stockport CCG,30/09/2018,C&M-GMS DES Learn Dsblty Hlth Chk,PRC DELEGATED CO-COMMISSIONING,CHADSFIELD MEDICAL PRACTICE,23815228,700,-
Department of Health,NHS Stockport CCG,30/09/2018,C&M-GMS Global Sum,PRC DELEGATED CO-COMMISSIONING,CHADSFIELD MEDICAL PRACTICE,23815228,53768.98,-
Department of Health,NHS Stockport CCG,30/09/2018,C&M-GMS MPIG Correction Factor,PRC DELEGATED CO-COMMISSIONING,CHADSFIELD MEDICAL PRACTICE,23815228,638.93,-
Department of Health,NHS Stockport CCG,30/09/2018,C&M-GMS PCO Seniority,PRC DELEGATED CO-COMMISSIONING,CHADSFIELD MEDICAL PRACTICE,23815228,1564.4,-
Department of Health,NHS Stockport CCG,30/09/2018,C&M-GMS QOF Aspiration,PRC DELEGATED CO-COMMISSIONING,CHADSFIELD MEDICAL PRACTICE,23815228,7245.93,-
Department of Health,NHS Stockport CCG,30/09/2018,C&M-PMS Contract Value,PRC DELEGATED CO-COMMISSIONING,FAMILY SURGERY STOCKPORT,23815240,85292.77,-
Department of Health,NHS Stockport CCG,30/09/2018,C&M-PMS DES Extended Hours Access,PRC DELEGATED CO-COMMISSIONING,FAMILY SURGERY STOCKPORT,23815240,5669.13,-
Department of Health,NHS Stockport CCG,30/09/2018,C&M-PMS DES Minor Surgery,PRC DELEGATED CO-COMMISSIONING,FAMILY SURGERY STOCKPORT,23815240,1821.12,-
Department of Health,NHS Stockport CCG,30/09/2018,C&M-PMS Funding Differential Review,PRC DELEGATED CO-COMMISSIONING,FAMILY SURGERY STOCKPORT,23815240,538.73,-
Department of Health,NHS Stockport CCG,30/09/2018,C&M-PMS PCO Locum Adop/Pat/Mat,PRC DELEGATED CO-COMMISSIONING,FAMILY SURGERY STOCKPORT,23815240,3240,-
Department of Health,NHS Stockport CCG,30/09/2018,C&M-PMS PCO Seniority,PRC DELEGATED CO-COMMISSIONING,FAMILY SURGERY STOCKPORT,23815240,1182.81,-
Department of Health,NHS Stockport CCG,30/09/2018,C&M-PMS Prem Notional Rent,PRC DELEGATED CO-COMMISSIONING,FAMILY SURGERY STOCKPORT,23815240,5716.67,-
Department of Health,NHS Stockport CCG,30/09/2018,C&M-PMS Prem Water Rates,PRC DELEGATED CO-COMMISSIONING,FAMILY SURGERY STOCKPORT,23815240,356.56,-
Department of Health,NHS Stockport CCG,30/09/2018,C&M-PMS QOF Aspiration,PRC DELEGATED CO-COMMISSIONING,FAMILY SURGERY STOCKPORT,23815240,8896.65,-
Department of Health,NHS Stockport CCG,30/09/2018,C&M-GMS DES Extended Hours Access,PRC DELEGATED CO-COMMISSIONING,GATLEY MEDICAL CENTRE,23815252,4436.03,-
Department of Health,NHS Stockport CCG,30/09/2018,C&M-GMS DES Learn Dsblty Hlth Chk,PRC DELEGATED CO-COMMISSIONING,GATLEY MEDICAL CENTRE,23815252,140,-
Department of Health,NHS Stockport CCG,30/09/2018,C&M-GMS DES Minor Surgery,PRC DELEGATED CO-COMMISSIONING,GATLEY MEDICAL CENTRE,23815252,1517.6,-
Department of Health,NHS Stockport CCG,30/09/2018,C&M-GMS Global Sum,PRC DELEGATED CO-COMMISSIONING,GATLEY MEDICAL CENTRE,23815252,60085.49,-
Department of Health,NHS Stockport CCG,30/09/2018,C&M-GMS MPIG Correction Factor,PRC DELEGATED CO-COMMISSIONING,GATLEY MEDICAL CENTRE,23815252,586.83,-
Department of Health,NHS Stockport CCG,30/09/2018,C&M-GMS PCO Locum Sickness,PRC DELEGATED CO-COMMISSIONING,GATLEY MEDICAL CENTRE,23815252,8670.9,-
Department of Health,NHS Stockport CCG,30/09/2018,C&M-GMS PCO Seniority,PRC DELEGATED CO-COMMISSIONING,GATLEY MEDICAL CENTRE,23815252,3118.6,-
Department of Health,NHS Stockport CCG,30/09/2018,C&M-GMS Prem Actual Rent,PRC DELEGATED CO-COMMISSIONING,GATLEY MEDICAL CENTRE,23815252,31035.5,-
Department of Health,NHS Stockport CCG,30/09/2018,C&M-GMS Prem Water Rates,PRC DELEGATED CO-COMMISSIONING,GATLEY MEDICAL CENTRE,23815252,2318.79,-
Department of Health,NHS Stockport CCG,30/09/2018,C&M-GMS QOF Aspiration,PRC DELEGATED CO-COMMISSIONING,GATLEY MEDICAL CENTRE,23815252,7571.86,-
Department of Health,NHS Stockport CCG,30/09/2018,C&M-GMS DES Extended Hours Access,PRC DELEGATED CO-COMMISSIONING,GUYWOOD PRACTICE,23815261,1396.98,-
Department of Health,NHS Stockport CCG,30/09/2018,C&M-GMS Global Sum,PRC DELEGATED CO-COMMISSIONING,GUYWOOD PRACTICE,23815261,21456.93,-
Department of Health,NHS Stockport CCG,30/09/2018,C&M-GMS MPIG Correction Factor,PRC DELEGATED CO-COMMISSIONING,GUYWOOD PRACTICE,23815261,450.47,-
Department of Health,NHS Stockport CCG,30/09/2018,C&M-GMS PCO Seniority,PRC DELEGATED CO-COMMISSIONING,GUYWOOD PRACTICE,23815261,1230.08,-
Department of Health,NHS Stockport CCG,30/09/2018,C&M-GMS QOF Aspiration,PRC DELEGATED CO-COMMISSIONING,GUYWOOD PRACTICE,23815261,2485.31,-
Department of Health,NHS Stockport CCG,30/09/2018,C&M-PMS Contract Value,PRC DELEGATED CO-COMMISSIONING,HEATON MERSEY MEDICAL PRACTICE,23815268,50987.98,-
Department of Health,NHS Stockport CCG,30/09/2018,C&M-PMS DES Extended Hours Access,PRC DELEGATED CO-COMMISSIONING,HEATON MERSEY MEDICAL PRACTICE,23815268,3881.7,-
Department of Health,NHS Stockport CCG,30/09/2018,C&M-PMS Funding Differential Review,PRC DELEGATED CO-COMMISSIONING,HEATON MERSEY MEDICAL PRACTICE,23815268,814.83,-
Department of Health,NHS Stockport CCG,30/09/2018,C&M-PMS PCO Seniority,PRC DELEGATED CO-COMMISSIONING,HEATON MERSEY MEDICAL PRACTICE,23815268,3374.49,-
Department of Health,NHS Stockport CCG,30/09/2018,C&M-PMS Prem Notional Rent,PRC DELEGATED CO-COMMISSIONING,HEATON MERSEY MEDICAL PRACTICE,23815268,3208.33,-
Department of Health,NHS Stockport CCG,30/09/2018,C&M-PMS QOF Aspiration,PRC DELEGATED CO-COMMISSIONING,HEATON MERSEY MEDICAL PRACTICE,23815268,6327.86,-
Department of Health,NHS Stockport CCG,30/09/2018,C&M-GMS DES Extended Hours Access,PRC DELEGATED CO-COMMISSIONING,HEATON NORRIS HEALTH CENTRE DR MARSHALL,23815276,3473.2,-
Department of Health,NHS Stockport CCG,30/09/2018,C&M-GMS Global Sum,PRC DELEGATED CO-COMMISSIONING,HEATON NORRIS HEALTH CENTRE DR MARSHALL,23815276,56928.98,-
Department of Health,NHS Stockport CCG,30/09/2018,C&M-GMS PCO Seniority,PRC DELEGATED CO-COMMISSIONING,HEATON NORRIS HEALTH CENTRE DR MARSHALL,23815276,1334.29,-
Department of Health,NHS Stockport CCG,30/09/2018,C&M-GMS QOF Aspiration,PRC DELEGATED CO-COMMISSIONING,HEATON NORRIS HEALTH CENTRE DR MARSHALL,23815276,6957.73,-
Department of Health,NHS Stockport CCG,30/09/2018,C&M-PMS Contract Value,PRC DELEGATED CO-COMMISSIONING,HIGH LANE MEDICAL CENTRE,23815282,41628.12,-
Department of Health,NHS Stockport CCG,30/09/2018,C&M-PMS DES Extended Hours Access,PRC DELEGATED CO-COMMISSIONING,HIGH LANE MEDICAL CENTRE,23815282,2808.68,-
Department of Health,NHS Stockport CCG,30/09/2018,C&M-PMS Funding Differential Review,PRC DELEGATED CO-COMMISSIONING,HIGH LANE MEDICAL CENTRE,23815282,233.19,-
Department of Health,NHS Stockport CCG,30/09/2018,C&M-PMS PCO Seniority,PRC DELEGATED CO-COMMISSIONING,HIGH LANE MEDICAL CENTRE,23815282,1574.7,-
Department of Health,NHS Stockport CCG,30/09/2018,C&M-PMS Prem Actual Rent,PRC DELEGATED CO-COMMISSIONING,HIGH LANE MEDICAL CENTRE,23815282,16458.35,-
Department of Health,NHS Stockport CCG,30/09/2018,C&M-PMS QOF Aspiration,PRC DELEGATED CO-COMMISSIONING,HIGH LANE MEDICAL CENTRE,23815282,4407.41,-
Department of Health,NHS Stockport CCG,30/09/2018,C&M-GMS DES Extended Hours Access,PRC DELEGATED CO-COMMISSIONING,MARPLE BRIDGE SURGERY,23815290,3070.4,-
Department of Health,NHS Stockport CCG,30/09/2018,C&M-GMS DES Learn Dsblty Hlth Chk,PRC DELEGATED CO-COMMISSIONING,MARPLE BRIDGE SURGERY,23815290,280,-
Department of Health,NHS Stockport CCG,30/09/2018,C&M-GMS DES Minor Surgery,PRC DELEGATED CO-COMMISSIONING,MARPLE BRIDGE SURGERY,23815290,346.88,-
Department of Health,NHS Stockport CCG,30/09/2018,C&M-GMS Global Sum,PRC DELEGATED CO-COMMISSIONING,MARPLE BRIDGE SURGERY,23815290,45826.13,-
Department of Health,NHS Stockport CCG,30/09/2018,C&M-GMS MPIG Correction Factor,PRC DELEGATED CO-COMMISSIONING,MARPLE BRIDGE SURGERY,23815290,671.18,-
Department of Health,NHS Stockport CCG,30/09/2018,C&M-GMS PCO Seniority,PRC DELEGATED CO-COMMISSIONING,MARPLE BRIDGE SURGERY,23815290,660.21,-
Department of Health,NHS Stockport CCG,30/09/2018,C&M-GMS Prem Actual Rent,PRC DELEGATED CO-COMMISSIONING,MARPLE BRIDGE SURGERY,23815290,9500,-
Department of Health,NHS Stockport CCG,30/09/2018,C&M-GMS QOF Aspiration,PRC DELEGATED CO-COMMISSIONING,MARPLE BRIDGE SURGERY,23815290,5428.68,-
Department of Health,NHS Stockport CCG,30/09/2018,C&M-PMS Contract Value,PRC DELEGATED CO-COMMISSIONING,MARPLE COTTAGE SURGERY,23815296,50456.44,-
Department of Health,NHS Stockport CCG,30/09/2018,C&M-PMS DES Extended Hours Access,PRC DELEGATED CO-COMMISSIONING,MARPLE COTTAGE SURGERY,23815296,3395.3,-
Department of Health,NHS Stockport CCG,30/09/2018,C&M-PMS DES Minor Surgery,PRC DELEGATED CO-COMMISSIONING,MARPLE COTTAGE SURGERY,23815296,13268.16,-
Department of Health,NHS Stockport CCG,30/09/2018,C&M-PMS Funding Differential Review,PRC DELEGATED CO-COMMISSIONING,MARPLE COTTAGE SURGERY,23815296,311.62,-
Department of Health,NHS Stockport CCG,30/09/2018,C&M-PMS PCO Seniority,PRC DELEGATED CO-COMMISSIONING,MARPLE COTTAGE SURGERY,23815296,971.73,-
Department of Health,NHS Stockport CCG,30/09/2018,C&M-PMS Prem Notional Rent,PRC DELEGATED CO-COMMISSIONING,MARPLE COTTAGE SURGERY,23815296,4143.67,-
Department of Health,NHS Stockport CCG,30/09/2018,C&M-PMS QOF Aspiration,PRC DELEGATED CO-COMMISSIONING,MARPLE COTTAGE SURGERY,23815296,6490.68,-
Department of Health,NHS Stockport CCG,30/09/2018,ME-PMS GP Pension EEs Adjs - PMS,PRC DELEGATED CO-COMMISSIONING,MARPLE COTTAGE SURGERY,23815296,7068.75,-
Department of Health,NHS Stockport CCG,30/09/2018,ME-PMS GP Pension ERs Adjs - PMS,PRC DELEGATED CO-COMMISSIONING,MARPLE COTTAGE SURGERY,23815296,7010.25,-
Department of Health,NHS Stockport CCG,30/09/2018,C&M-GMS DES Extended Hours Access,PRC DELEGATED CO-COMMISSIONING,MANOR MEDICAL PRACTICE,23815304,4222.75,-
Department of Health,NHS Stockport CCG,30/09/2018,C&M-GMS DES Learn Dsblty Hlth Chk,PRC DELEGATED CO-COMMISSIONING,MANOR MEDICAL PRACTICE,23815304,560,-
Department of Health,NHS Stockport CCG,30/09/2018,C&M-GMS DES Minor Surgery,PRC DELEGATED CO-COMMISSIONING,MANOR MEDICAL PRACTICE,23815304,2644.96,-
Department of Health,NHS Stockport CCG,30/09/2018,C&M-GMS Global Sum,PRC DELEGATED CO-COMMISSIONING,MANOR MEDICAL PRACTICE,23815304,68126.66,-
Department of Health,NHS Stockport CCG,30/09/2018,C&M-GMS Other Small Practice All,PRC DELEGATED CO-COMMISSIONING,MANOR MEDICAL PRACTICE,23815304,5615,-
Department of Health,NHS Stockport CCG,30/09/2018,C&M-GMS PCO Seniority,PRC DELEGATED CO-COMMISSIONING,MANOR MEDICAL PRACTICE,23815304,624.41,-
Department of Health,NHS Stockport CCG,30/09/2018,C&M-GMS Prem Actual Rent,PRC DELEGATED CO-COMMISSIONING,MANOR MEDICAL PRACTICE,23815304,1658.33,-
Department of Health,NHS Stockport CCG,30/09/2018,C&M-GMS Prem Water Rates,PRC DELEGATED CO-COMMISSIONING,MANOR MEDICAL PRACTICE,23815304,185.82,-
Department of Health,NHS Stockport CCG,30/09/2018,C&M-GMS QOF Aspiration,PRC DELEGATED CO-COMMISSIONING,MANOR MEDICAL PRACTICE,23815304,8434.98,-
Department of Health,NHS Stockport CCG,30/09/2018,C&M-GMS DES Extended Hours Access,PRC DELEGATED CO-COMMISSIONING,PARK VIEW GROUP PRACTICE,23815308,4253.15,-
Department of Health,NHS Stockport CCG,30/09/2018,C&M-GMS DES Minor Surgery,PRC DELEGATED CO-COMMISSIONING,PARK VIEW GROUP PRACTICE,23815308,520.32,-
Department of Health,NHS Stockport CCG,30/09/2018,C&M-GMS Global Sum,PRC DELEGATED CO-COMMISSIONING,PARK VIEW GROUP PRACTICE,23815308,62910.91,-
Department of Health,NHS Stockport CCG,30/09/2018,C&M-GMS PCO Seniority,PRC DELEGATED CO-COMMISSIONING,PARK VIEW GROUP PRACTICE,23815308,3446.96,-
Department of Health,NHS Stockport CCG,30/09/2018,C&M-GMS Prem Notional Rent,PRC DELEGATED CO-COMMISSIONING,PARK VIEW GROUP PRACTICE,23815308,4787.5,-
Department of Health,NHS Stockport CCG,30/09/2018,C&M-GMS Prem Water Rates,PRC DELEGATED CO-COMMISSIONING,PARK VIEW GROUP PRACTICE,23815308,3509.58,-
Department of Health,NHS Stockport CCG,30/09/2018,C&M-GMS QOF Aspiration,PRC DELEGATED CO-COMMISSIONING,PARK VIEW GROUP PRACTICE,23815308,7438.8,-
Department of Health,NHS Stockport CCG,30/09/2018,C&M-PMS Contract Value,PRC DELEGATED CO-COMMISSIONING,SOUTH REDDISH MEDICAL CENTRE,23815312,26935.3,-
Department of Health,NHS Stockport CCG,30/09/2018,C&M-PMS DES Extended Hours Access,PRC DELEGATED CO-COMMISSIONING,SOUTH REDDISH MEDICAL CENTRE,23815312,1709.53,-
Department of Health,NHS Stockport CCG,30/09/2018,C&M-PMS DES Minor Surgery,PRC DELEGATED CO-COMMISSIONING,SOUTH REDDISH MEDICAL CENTRE,23815312,216.8,-
Department of Health,NHS Stockport CCG,30/09/2018,C&M-PMS Funding Differential Review,PRC DELEGATED CO-COMMISSIONING,SOUTH REDDISH MEDICAL CENTRE,23815312,307.51,-
Department of Health,NHS Stockport CCG,30/09/2018,C&M-PMS PCO Locum Sickness,PRC DELEGATED CO-COMMISSIONING,SOUTH REDDISH MEDICAL CENTRE,23815312,1930,-
Department of Health,NHS Stockport CCG,30/09/2018,C&M-PMS PCO Seniority,PRC DELEGATED CO-COMMISSIONING,SOUTH REDDISH MEDICAL CENTRE,23815312,833.84,-
Department of Health,NHS Stockport CCG,30/09/2018,C&M-PMS QOF Aspiration,PRC DELEGATED CO-COMMISSIONING,SOUTH REDDISH MEDICAL CENTRE,23815312,3162.65,-
Department of Health,NHS Stockport CCG,30/09/2018,C&M-GMS DES Extended Hours Access,PRC DELEGATED CO-COMMISSIONING,SPRINGFIELD SURGERY STOCKPORT,23815315,2608.7,-
Department of Health,NHS Stockport CCG,30/09/2018,C&M-GMS DES Minor Surgery,PRC DELEGATED CO-COMMISSIONING,SPRINGFIELD SURGERY STOCKPORT,23815315,867.2,-
Department of Health,NHS Stockport CCG,30/09/2018,C&M-GMS Global Sum,PRC DELEGATED CO-COMMISSIONING,SPRINGFIELD SURGERY STOCKPORT,23815315,36086.98,-
Department of Health,NHS Stockport CCG,30/09/2018,C&M-GMS MPIG Correction Factor,PRC DELEGATED CO-COMMISSIONING,SPRINGFIELD SURGERY STOCKPORT,23815315,285.29,-
Department of Health,NHS Stockport CCG,30/09/2018,C&M-GMS PCO Seniority,PRC DELEGATED CO-COMMISSIONING,SPRINGFIELD SURGERY STOCKPORT,23815315,548.58,-
Department of Health,NHS Stockport CCG,30/09/2018,C&M-GMS Prem Notional Rent,PRC DELEGATED CO-COMMISSIONING,SPRINGFIELD SURGERY STOCKPORT,23815315,2045.83,-
Department of Health,NHS Stockport CCG,30/09/2018,C&M-GMS QOF Aspiration,PRC DELEGATED CO-COMMISSIONING,SPRINGFIELD SURGERY STOCKPORT,23815315,4093.21,-
Department of Health,NHS Stockport CCG,30/09/2018,C&M-PMS Prem Notional Rent,PRC DELEGATED CO-COMMISSIONING,STOCKPORT MEDICAL GROUP,23815321,-7460.83,-
Department of Health,NHS Stockport CCG,30/09/2018,C&M-PMS Voluntary Levy,PRC DELEGATED CO-COMMISSIONING,STOCKPORT MEDICAL GROUP,23815321,-528.83,-
Department of Health,NHS Stockport CCG,30/09/2018,ME - PMS GP Prior Year ERs,PRC DELEGATED CO-COMMISSIONING,STOCKPORT MEDICAL GROUP,23815321,-566.21,-
Department of Health,NHS Stockport CCG,30/09/2018,ME - PMS TPS Added Years Adj EEs,PRC DELEGATED CO-COMMISSIONING,STOCKPORT MEDICAL GROUP,23815321,-434.68,-
Department of Health,NHS Stockport CCG,30/09/2018,ME-PMS GP Pension EEs Adjs - PMS,PRC DELEGATED CO-COMMISSIONING,STOCKPORT MEDICAL GROUP,23815321,-627.25,-
Department of Health,NHS Stockport CCG,30/09/2018,ME-PMS GP Pension EEs-PMS,PRC DELEGATED CO-COMMISSIONING,STOCKPORT MEDICAL GROUP,23815321,-8799.63,-
Department of Health,NHS Stockport CCG,30/09/2018,ME-PMS GP Pension ERs Adjs - PMS,PRC DELEGATED CO-COMMISSIONING,STOCKPORT MEDICAL GROUP,23815321,-10848.01,-
Department of Health,NHS Stockport CCG,30/09/2018,ME-PMS GP Prior Year EEs,PRC DELEGATED CO-COMMISSIONING,STOCKPORT MEDICAL GROUP,23815321,-366.19,-
Department of Health,NHS Stockport CCG,30/09/2018,C&M-PMS Contract Value,PRC DELEGATED CO-COMMISSIONING,STOCKPORT MEDICAL GROUP,23815324,109372.87,-
Department of Health,NHS Stockport CCG,30/09/2018,C&M-PMS DES Extended Hours Access,PRC DELEGATED CO-COMMISSIONING,STOCKPORT MEDICAL GROUP,23815324,7690.25,-
Department of Health,NHS Stockport CCG,30/09/2018,C&M-PMS DES Learn Dsblty Hlth Chk,PRC DELEGATED CO-COMMISSIONING,STOCKPORT MEDICAL GROUP,23815324,1540,-
Department of Health,NHS Stockport CCG,30/09/2018,C&M-PMS Funding Differential Review,PRC DELEGATED CO-COMMISSIONING,STOCKPORT MEDICAL GROUP,23815324,422.56,-
Department of Health,NHS Stockport CCG,30/09/2018,C&M-PMS PCO Seniority,PRC DELEGATED CO-COMMISSIONING,STOCKPORT MEDICAL GROUP,23815324,4692,-
Department of Health,NHS Stockport CCG,30/09/2018,C&M-PMS Prem Notional Rent,PRC DELEGATED CO-COMMISSIONING,STOCKPORT MEDICAL GROUP,23815324,15063.33,-
Department of Health,NHS Stockport CCG,30/09/2018,C&M-PMS QOF Aspiration,PRC DELEGATED CO-COMMISSIONING,STOCKPORT MEDICAL GROUP,23815324,13083.12,-
Department of Health,NHS Stockport CCG,30/09/2018,C&M-GMS DES Extended Hours Access,PRC DELEGATED CO-COMMISSIONING,VILLAGE SURGERY STOCKPORT,23815329,2747.4,-
Department of Health,NHS Stockport CCG,30/09/2018,C&M-GMS DES Minor Surgery,PRC DELEGATED CO-COMMISSIONING,VILLAGE SURGERY STOCKPORT,23815329,260.16,-
Department of Health,NHS Stockport CCG,30/09/2018,C&M-GMS Global Sum,PRC DELEGATED CO-COMMISSIONING,VILLAGE SURGERY STOCKPORT,23815329,36556.19,-
Department of Health,NHS Stockport CCG,30/09/2018,C&M-GMS MPIG Correction Factor,PRC DELEGATED CO-COMMISSIONING,VILLAGE SURGERY STOCKPORT,23815329,1377.65,-
Department of Health,NHS Stockport CCG,30/09/2018,C&M-GMS Other Small Practice All,PRC DELEGATED CO-COMMISSIONING,VILLAGE SURGERY STOCKPORT,23815329,3774,-
Department of Health,NHS Stockport CCG,30/09/2018,C&M-GMS PCO Seniority,PRC DELEGATED CO-COMMISSIONING,VILLAGE SURGERY STOCKPORT,23815329,1458.38,-
Department of Health,NHS Stockport CCG,30/09/2018,C&M-GMS Prem Notional Rent,PRC DELEGATED CO-COMMISSIONING,VILLAGE SURGERY STOCKPORT,23815329,3191.67,-
Department of Health,NHS Stockport CCG,30/09/2018,C&M-GMS Prem Water Rates,PRC DELEGATED CO-COMMISSIONING,VILLAGE SURGERY STOCKPORT,23815329,175.27,-
Department of Health,NHS Stockport CCG,30/09/2018,C&M-GMS QOF Aspiration,PRC DELEGATED CO-COMMISSIONING,VILLAGE SURGERY STOCKPORT,23815329,3757.19,-
Department of Health,NHS Stockport CCG,30/09/2018,C&M-GMS DES Extended Hours Access,PRC DELEGATED CO-COMMISSIONING,WOODLEY VILLAGE SURGERY,23815338,1558.95,-
Department of Health,NHS Stockport CCG,30/09/2018,C&M-GMS DES Minor Surgery,PRC DELEGATED CO-COMMISSIONING,WOODLEY VILLAGE SURGERY,23815338,563.68,-
Department of Health,NHS Stockport CCG,30/09/2018,C&M-GMS Global Sum,PRC DELEGATED CO-COMMISSIONING,WOODLEY VILLAGE SURGERY,23815338,23613.58,-
Department of Health,NHS Stockport CCG,30/09/2018,C&M-GMS QOF Aspiration,PRC DELEGATED CO-COMMISSIONING,WOODLEY VILLAGE SURGERY,23815338,3135.04,-
Department of Health,NHS Stockport CCG,30/09/2018,C&M-PMS Voluntary Levy,PRC DELEGATED CO-COMMISSIONING,HEATON MOOR MEDICAL CENTRE,23823379,-1226.34,-
Department of Health,NHS Stockport CCG,30/09/2018,ME - PMS TPS Added Years Adj EEs,PRC DELEGATED CO-COMMISSIONING,HEATON MOOR MEDICAL CENTRE,23823379,-546.05,-
Department of Health,NHS Stockport CCG,30/09/2018,ME-PMS GP Pension EEs-PMS,PRC DELEGATED CO-COMMISSIONING,HEATON MOOR MEDICAL CENTRE,23823379,-13260.72,-
Department of Health,NHS Stockport CCG,30/09/2018,ME-PMS GP Pension ERs Adjs - PMS,PRC DELEGATED CO-COMMISSIONING,HEATON MOOR MEDICAL CENTRE,23823379,-14534.17,-
Department of Health,NHS Stockport CCG,30/09/2018,C&M-PMS Contract Value,PRC DELEGATED CO-COMMISSIONING,HEATON MOOR MEDICAL CENTRE,23823380,250949.33,-
Department of Health,NHS Stockport CCG,30/09/2018,C&M-PMS DES Extended Hours Access,PRC DELEGATED CO-COMMISSIONING,HEATON MOOR MEDICAL CENTRE,23823380,35615.5,-
Department of Health,NHS Stockport CCG,30/09/2018,C&M-PMS DES Learn Dsblty Hlth Chk,PRC DELEGATED CO-COMMISSIONING,HEATON MOOR MEDICAL CENTRE,23823380,280,-
Department of Health,NHS Stockport CCG,30/09/2018,C&M-PMS DES Minor Surgery,PRC DELEGATED CO-COMMISSIONING,HEATON MOOR MEDICAL CENTRE,23823380,3338.72,-
Department of Health,NHS Stockport CCG,30/09/2018,C&M-PMS Funding Differential Review,PRC DELEGATED CO-COMMISSIONING,HEATON MOOR MEDICAL CENTRE,23823380,1756.83,-
Department of Health,NHS Stockport CCG,30/09/2018,C&M-PMS PCO Seniority,PRC DELEGATED CO-COMMISSIONING,HEATON MOOR MEDICAL CENTRE,23823380,5444.12,-
Department of Health,NHS Stockport CCG,30/09/2018,C&M-PMS Prem Notional Rent,PRC DELEGATED CO-COMMISSIONING,HEATON MOOR MEDICAL CENTRE,23823380,21889.57,-
Department of Health,NHS Stockport CCG,30/09/2018,C&M-PMS QOF Aspiration,PRC DELEGATED CO-COMMISSIONING,HEATON MOOR MEDICAL CENTRE,23823380,26742.15,-
Department of Health,NHS Stockport CCG,30/09/2018,ME - PMS GP Prior Year ERs,PRC DELEGATED CO-COMMISSIONING,HEATON MOOR MEDICAL CENTRE,23823380,2395.85,-
Department of Health,NHS Stockport CCG,30/09/2018,ME-PMS GP Prior Year EEs,PRC DELEGATED CO-COMMISSIONING,HEATON MOOR MEDICAL CENTRE,23823380,2960.28,-
Department of Health,NHS Stockport CCG,30/09/2018,C&M-GMS DES Extended Hours Access,PRC DELEGATED CO-COMMISSIONING,CALE GREEN SURGERY,23842046,1832.55,-
Department of Health,NHS Stockport CCG,30/09/2018,C&M-GMS Global Sum,PRC DELEGATED CO-COMMISSIONING,CALE GREEN SURGERY,23842046,27281.08,-
Department of Health,NHS Stockport CCG,30/09/2018,C&M-GMS MPIG Correction Factor,PRC DELEGATED CO-COMMISSIONING,CALE GREEN SURGERY,23842046,113.74,-
Department of Health,NHS Stockport CCG,30/09/2018,C&M-GMS PCO Seniority,PRC DELEGATED CO-COMMISSIONING,CALE GREEN SURGERY,23842046,500.29,-
Department of Health,NHS Stockport CCG,30/09/2018,C&M-GMS Prem Notional Rent,PRC DELEGATED CO-COMMISSIONING,CALE GREEN SURGERY,23842046,1416.67,-
Department of Health,NHS Stockport CCG,30/09/2018,C&M-GMS QOF Aspiration,PRC DELEGATED CO-COMMISSIONING,CALE GREEN SURGERY,23842046,2654.95,-
Department of Health,NHS Stockport CCG,30/09/2018,ME - GMS GP Prior Year ERs,PRC DELEGATED CO-COMMISSIONING,CALE GREEN SURGERY,23842046,1372.81,-
Department of Health,NHS Stockport CCG,30/09/2018,ME-GMS GP Prior Year AVCs,PRC DELEGATED CO-COMMISSIONING,CALE GREEN SURGERY,23842046,197.77,-
Department of Health,NHS Stockport CCG,30/09/2018,ME-GMS GP Prior Year EEs,PRC DELEGATED CO-COMMISSIONING,CALE GREEN SURGERY,23842046,1413.33,-
Department of Health,NHS Stockport CCG,30/09/2018,C&M-GMS DES Extended Hours Access,PRC DELEGATED CO-COMMISSIONING,HEALD GREEN HEALTH CENTRE DR WRIGHT,23842047,3101.75,-
Department of Health,NHS Stockport CCG,30/09/2018,C&M-GMS DES Minor Surgery,PRC DELEGATED CO-COMMISSIONING,HEALD GREEN HEALTH CENTRE DR WRIGHT,23842047,563.68,-
Department of Health,NHS Stockport CCG,30/09/2018,C&M-GMS Global Sum,PRC DELEGATED CO-COMMISSIONING,HEALD GREEN HEALTH CENTRE DR WRIGHT,23842047,42507.97,-
Department of Health,NHS Stockport CCG,30/09/2018,C&M-GMS MPIG Correction Factor,PRC DELEGATED CO-COMMISSIONING,HEALD GREEN HEALTH CENTRE DR WRIGHT,23842047,459.64,-
Department of Health,NHS Stockport CCG,30/09/2018,C&M-GMS PCO Seniority,PRC DELEGATED CO-COMMISSIONING,HEALD GREEN HEALTH CENTRE DR WRIGHT,23842047,1122.15,-
Department of Health,NHS Stockport CCG,30/09/2018,C&M-GMS Prem Actual Rent,PRC DELEGATED CO-COMMISSIONING,HEALD GREEN HEALTH CENTRE DR WRIGHT,23842047,107973.2,-
Department of Health,NHS Stockport CCG,30/09/2018,C&M-GMS QOF Aspiration,PRC DELEGATED CO-COMMISSIONING,HEALD GREEN HEALTH CENTRE DR WRIGHT,23842047,5147.76,-
Department of Health,NHS Stockport CCG,30/09/2018,C&M-GMS DES Extended Hours Access,PRC DELEGATED CO-COMMISSIONING,MARPLE MEDICAL PRACTICE,23842048,3403.85,-
Department of Health,NHS Stockport CCG,30/09/2018,C&M-GMS Global Sum,PRC DELEGATED CO-COMMISSIONING,MARPLE MEDICAL PRACTICE,23842048,51110.59,-
Department of Health,NHS Stockport CCG,30/09/2018,C&M-GMS MPIG Correction Factor,PRC DELEGATED CO-COMMISSIONING,MARPLE MEDICAL PRACTICE,23842048,401.71,-
Department of Health,NHS Stockport CCG,30/09/2018,C&M-GMS PCO Seniority,PRC DELEGATED CO-COMMISSIONING,MARPLE MEDICAL PRACTICE,23842048,2485.5,-
Department of Health,NHS Stockport CCG,30/09/2018,C&M-GMS Prem Notional Rent,PRC DELEGATED CO-COMMISSIONING,MARPLE MEDICAL PRACTICE,23842048,2614.08,-
Department of Health,NHS Stockport CCG,30/09/2018,C&M-GMS QOF Aspiration,PRC DELEGATED CO-COMMISSIONING,MARPLE MEDICAL PRACTICE,23842048,6991.86,-
Department of Health,NHS Stockport CCG,30/09/2018,ME-GMS GP Pension EEs Adjustments,PRC DELEGATED CO-COMMISSIONING,MARPLE MEDICAL PRACTICE,23842048,855.52,-
Department of Health,NHS Stockport CCG,30/09/2018,ME-GMS GP Pension ERs Adjustments,PRC DELEGATED CO-COMMISSIONING,MARPLE MEDICAL PRACTICE,23842048,848.44,-
Department of Health,NHS Stockport CCG,30/09/2018,C&M-GMS DES Extended Hours Access,PRC DELEGATED CO-COMMISSIONING,DR OWEN & PARTNERS,23842049,3054.25,-
Department of Health,NHS Stockport CCG,30/09/2018,C&M-GMS Global Sum,PRC DELEGATED CO-COMMISSIONING,DR OWEN & PARTNERS,23842049,44316.52,-
Department of Health,NHS Stockport CCG,30/09/2018,C&M-GMS MPIG Correction Factor,PRC DELEGATED CO-COMMISSIONING,DR OWEN & PARTNERS,23842049,74.87,-
Department of Health,NHS Stockport CCG,30/09/2018,C&M-GMS PCO Seniority,PRC DELEGATED CO-COMMISSIONING,DR OWEN & PARTNERS,23842049,2466.42,-
Department of Health,NHS Stockport CCG,30/09/2018,C&M-GMS Prem Actual Rent,PRC DELEGATED CO-COMMISSIONING,DR OWEN & PARTNERS,23842049,114385.46,-
Department of Health,NHS Stockport CCG,30/09/2018,C&M-GMS QOF Aspiration,PRC DELEGATED CO-COMMISSIONING,DR OWEN & PARTNERS,23842049,5519.59,-
Department of Health,NHS Stockport CCG,30/09/2018,Hcare Srv Rec NHS Trust-Contract Baseline,COLLABORATIVE COMMISSIONING,NORTH WEST AMBULANCE SERVICE NHS TRUST,23847285,100933,654435138
Department of Health,NHS Stockport CCG,30/09/2018,Clinical&Medical-Commercial Sector,IMPROVING ACCESS TO PSYCHOLOGICAL THERAPIES,SELF HELP SERVICES,23847313,42908.75,-
Department of Health,NHS Stockport CCG,30/09/2018,Clinical&Medical-Commercial Sector,COMMISSIONING SCHEMES,MASTERCALL HEALTHCARE,23847319,49932.68,-
Department of Health,NHS Stockport CCG,30/09/2018,Clinical&Medical-Serv Recd-CCGs,PRIMARY CARE IT,NHS OLDHAM CCG,23865027,99767,-
Department of Health,NHS Stockport CCG,30/09/2018,Other Gen Supplies & Srv,IM&T,NHS OLDHAM CCG,23865027,18487,-
Department of Health,NHS Stockport CCG,30/09/2018,Clinical&Medical-Othe Public Sector,COMMISSIONING - NON ACUTE,STOCKPORT METROPOLITAN BOROUGH COUNCIL,23865043,25000,GB158556040
Department of Health,NHS Stockport CCG,30/09/2018,Clinical&Medical-Othe Public Sector,COMMUNITY SERVICES,STOCKPORT METROPOLITAN BOROUGH COUNCIL,23865043,1083000,GB158556040
Department of Health,NHS Stockport CCG,30/09/2018,Clinical&Medical-Othe Public Sector,LEARNING DIFFICULTIES,STOCKPORT METROPOLITAN BOROUGH COUNCIL,23865043,132916.67,GB158556040
Department of Health,NHS Stockport CCG,30/09/2018,Clinical&Medical-Othe Public Sector,LONG TERM CONDITIONS,STOCKPORT METROPOLITAN BOROUGH COUNCIL,23865043,317666.66,GB158556040
Department of Health,NHS Stockport CCG,30/09/2018,Clinical&Medical-Othe Public Sector,MENTAL HEALTH SERVICES - OTHER,STOCKPORT METROPOLITAN BOROUGH COUNCIL,23865043,24083.34,GB158556040
Department of Health,NHS Stockport CCG,30/09/2018,Clinical&Medical-Othe Public Sector,REABLEMENT,STOCKPORT METROPOLITAN BOROUGH COUNCIL,23865043,100333.33,GB158556040
Department of Health,NHS Stockport CCG,30/09/2018,Non-PFI Oprtng Lease-Bldgs-Lease Rent,RECHARGES NHS PROPERTY SERVICES LTD,STOCKPORT METROPOLITAN BOROUGH COUNCIL,23886744,55218.91,GB158556040
Department of Health,NHS Stockport CCG,30/09/2018,Apprenticeship Levy Payable,BALANCE SHEET,HMRC,23898139,1088,-
Department of Health,NHS Stockport CCG,30/09/2018,Income tax <1Yr,BALANCE SHEET,HMRC,23898139,82955.5,-
Department of Health,NHS Stockport CCG,30/09/2018,Income tax <1Yr-Student Loans,BALANCE SHEET,HMRC,23898139,1962,-
Department of Health,NHS Stockport CCG,30/09/2018,National Insurance < 1 yr-NI- ERS,BALANCE SHEET,HMRC,23898139,51759.13,-
Department of Health,NHS Stockport CCG,30/09/2018,National Insurance < 1 yr-NI-EES,BALANCE SHEET,HMRC,23898139,34012.68,-
Department of Health,NHS Stockport CCG,30/09/2018,Statutory Mat Pay < 1 yr,BALANCE SHEET,HMRC,23898139,-1597.54,-
Department of Health,NHS Stockport CCG,30/09/2018,Clinical&Medical-Commercial Sector,NCAS/OATS,BMI HEALTHCARE COLLECTIONS,23915989,-30549.32,-
Department of Health,NHS Stockport CCG,30/09/2018,Clinical&Medical-Drugs,COMMUNITY SERVICES,STOCKPORT NHS FOUNDATION TRUST,23925948,62436.43,654974295
Department of Health,NHS Stockport CCG,30/09/2018,Hcare Srv Rec Fdtn Trust-Non Contract,NON RECURRENT PROGRAMMES,STOCKPORT NHS FOUNDATION TRUST,23925952,114690,654974295
Department of Health,NHS Stockport CCG,30/09/2018,Clinical&Medical-Drugs,COMMUNITY SERVICES,STOCKPORT NHS FOUNDATION TRUST,23925958,33638.28,654974295
Department of Health,NHS Stockport CCG,30/09/2018,Clinical&Medical-Drugs,COMMUNITY SERVICES,STOCKPORT NHS FOUNDATION TRUST,23925967,52171.89,654974295
Department of Health,NHS Stockport CCG,30/09/2018,Clinical&Medical-Drugs,COMMUNITY SERVICES,STOCKPORT NHS FOUNDATION TRUST,23927001,47871.77,654974295
Department of Health,NHS Stockport CCG,30/09/2018,Clinical&Medical-Drugs,COMMUNITY SERVICES,STOCKPORT NHS FOUNDATION TRUST,23927005,41120.23,654974295
Department of Health,NHS Stockport CCG,30/09/2018,Clinical&Medical-Commercial Sector,PLANNED CARE,OPTEGRA MANCHESTER,23927009,352100,938297867
Department of Health,NHS Stockport CCG,30/09/2018,Clinical&Medical-Independent Sector,OUT OF HOURS,MASTERCALL HEALTHCARE,23927036,30083.32,-
Department of Health,NHS Stockport CCG,30/09/2018,Hcare Srv Rec NHS Trust-Contract Baseline,COLLABORATIVE COMMISSIONING,NORTH WEST AMBULANCE SERVICE NHS TRUST,23927061,43557.11,654435138
Department of Health,NHS Stockport CCG,30/09/2018,Hcare Srv Rec Fdtn Trust-Non Contract,ACUTE COMMISSIONING,STOCKPORT NHS FOUNDATION TRUST,23927087,583500,654974295
Department of Health,NHS Stockport CCG,30/09/2018,Other Gen Supplies & Srv,COLLABORATIVE COMMISSIONING,NHS OLDHAM CCG,23927090,1978,-
Department of Health,NHS Stockport CCG,30/09/2018,Other Gen Supplies & Srv,CONTRACT MANAGEMENT,NHS OLDHAM CCG,23927090,22555,-
Department of Health,NHS Stockport CCG,30/09/2018,Other Gen Supplies & Srv,HUMAN RESOURCES,NHS OLDHAM CCG,23927090,10374,-
Department of Health,NHS Stockport CCG,30/09/2018,Other Gen Supplies & Srv,IM&T,NHS OLDHAM CCG,23927090,2184,-
Department of Health,NHS Stockport CCG,30/09/2018,Other Gen Supplies & Srv,MEDICINES MANAGEMENT - CLINICAL,NHS OLDHAM CCG,23927090,8857,-
Department of Health,NHS Stockport CCG,30/09/2018,Other Gen Supplies & Srv,NHS 111,NHS OLDHAM CCG,23927090,1861,-
Department of Health,NHS Stockport CCG,30/09/2018,Hcare Srv Rec Fdtn Trust-Contract Baseline,ACUTE COMMISSIONING,WRIGHTINGTON WIGAN & LEIGH NHS FOUNDATION TRUST,23927110,54945,GB654951509
Department of Health,NHS Stockport CCG,30/09/2018,Hcare Srv Rec Fdtn Trust-Over/ Under Performance,ACUTE COMMISSIONING,STOCKPORT NHS FOUNDATION TRUST,23927166,873223,654974295
Department of Health,NHS Stockport CCG,30/09/2018,Clinical&Medical-Commercial Sector,PLANNED CARE,DIAGNOSTIC HEALTHCARE LTD,23941206,40523.2,204941917
Department of Health,NHS Stockport CCG,30/09/2018,Hlthcre-Foundation Trsts,NCAS/OATS,UNIVERSITY COLLEGE LONDON HOSPITALS NHS FOUNDATION TRUST,23941280,27631,654948687
Department of Health,NHS Stockport CCG,30/09/2018,Hcare Srv Rec NHS Trust-Contract Baseline,ACUTE COMMISSIONING,EAST CHESHIRE NHS TRUST,23941323,197016,654919892
Department of Health,NHS Stockport CCG,30/09/2018,Hcare Srv Rec NHS Trust-Over/ Under Performance,COLLABORATIVE COMMISSIONING,NORTH WEST AMBULANCE SERVICE NHS TRUST,23941353,46198,654435138
Department of Health,NHS Stockport CCG,30/09/2018,Clinical&Medical-Commercial Sector,PLANNED CARE,DIAGNOSTIC HEALTHCARE LTD,23941722,39804.18,204941917
Department of Health,NHS Stockport CCG,30/09/2018,Clinical&Medical-Commercial Sector,PLANNED CARE,OPTEGRA MANCHESTER,23941885,261850,938297867
Department of Health,NHS Stockport CCG,30/09/2018,Clinical&Medical-Commercial Sector,PLANNED CARE,OPTEGRA MANCHESTER,23942010,280180,938297867
Department of Health,NHS Stockport CCG,30/09/2018,Clinical&Medical-Commercial Sector,PLANNED CARE,OPTEGRA MANCHESTER,23942013,106723.3,938297867
Department of Health,NHS Stockport CCG,30/09/2018,Hcare Srv Rec Fdtn Trust-Contract Baseline,ACUTE COMMISSIONING,TAMESIDE AND GLOSSOP INTEGRATED CARE NHS FOUNDATION TRUST,23942024,121583.37,GB654945109
Department of Health,NHS Stockport CCG,30/09/2018,Hcare Srv Rec NHS Trust-Contract Baseline,COLLABORATIVE COMMISSIONING,NORTH WEST AMBULANCE SERVICE NHS TRUST,23964240,72919,654435138
Department of Health,NHS Stockport CCG,30/09/2018,C&M-GMS LES 24 Hour ABPM,LOCAL ENHANCED SERVICES,VIADUCT CARE LTD,23964362,12164,-
Department of Health,NHS Stockport CCG,30/09/2018,C&M-GMS LES Spirometry,LOCAL ENHANCED SERVICES,VIADUCT CARE LTD,23964362,8636,-
Department of Health,NHS Stockport CCG,30/09/2018,Clinical&Medical-Independent Sector,COMMISSIONING SCHEMES,VIADUCT CARE LTD,23964362,197206,-
Department of Health,NHS Stockport CCG,30/09/2018,Clinical&Medical-Independent Sector,COMMISSIONING SCHEMES,VIADUCT CARE LTD,23964367,79735,-
Department of Health,NHS Stockport CCG,30/09/2018,Hcare Srv Rec NHS Trust-Contract Baseline,COLLABORATIVE COMMISSIONING,NORTH WEST AMBULANCE SERVICE NHS TRUST,23981348,703527,654435138
Department of Health,NHS Stockport CCG,30/09/2018,Clinical&Medical-Serv Recd-NHS Trst,NHS 111,NORTH WEST AMBULANCE SERVICE NHS TRUST,23981380,57178,654435138
Department of Health,NHS Stockport CCG,30/09/2018,Cont Care-Learning Disab(<65),CHC ADULT FULLY FUNDED,STOCKPORT METROPOLITAN BOROUGH COUNCIL,23996531,30112.94,GB158556040
Department of Health,NHS Stockport CCG,30/09/2018,Cont Care-Learning Disab(<65),CHC AD FULL FUND PERS HLTH BUD,STOCKPORT METROPOLITAN BOROUGH COUNCIL,23996647,49640.24,GB158556040
Department of Health,NHS Stockport CCG,30/09/2018,Computer Software/License,MEDICINES MANAGEMENT - CLINICAL,FIRST DATABANK UK LTD,24024221,115211,585 826 589
Department of Health,NHS Stockport CCG,30/09/2018,Cont Care-Physical Disab (<65),CHC ADULT JOINT FUNDED,STOCKPORT METROPOLITAN BOROUGH COUNCIL,24024361,25236.25,GB158556040
Department of Health,NHS Stockport CCG,30/09/2018,Hcare Srv Rec Fdtn Trust-Contract Baseline,MENTAL HEALTH CONTRACTS,GREATER MANCHESTER WEST MENTAL HEALTH NHS FOUNDATION TRUST,24047867,30731.43,654929594
Department of Health,NHS Stockport CCG,30/09/2018,Clinical&Medical-Commercial Sector,MENTAL HEALTH CONTRACTS,FUTURE DIRECTIONS CIC,24047915,56805.63,-
Department of Health,NHS Stockport CCG,30/09/2018,Hcare Srv Rec Fdtn Trust-Non Contract,MENTAL HEALTH CONTRACTS,PENNINE CARE NHS FOUNDATION TRUST,24047920,29440,654425730
Department of Health,NHS Stockport CCG,30/09/2018,Hcare Srv Rec Fdtn Trust-Contract Baseline,MENTAL HEALTH CONTRACTS,PENNINE CARE NHS FOUNDATION TRUST,24069995,-62847,654425730
Department of Health,NHS Stockport CCG,30/09/2018,Hcare Srv Rec Fdtn Trust-Contract Baseline,MENTAL HEALTH CONTRACTS,PENNINE CARE NHS FOUNDATION TRUST,24080014,51853,654425730
Department of Health,NHS Stockport CCG,30/09/2018,Hcare Srv Rec Fdtn Trust-Contract Baseline,ACUTE COMMISSIONING,STOCKPORT NHS FOUNDATION TRUST,24080077,39133,654974295
Department of Health,NHS Stockport CCG,30/09/2018,Hcare Srv Rec Fdtn Trust-Contract Baseline,MENTAL HEALTH CONTRACTS,PENNINE CARE NHS FOUNDATION TRUST,24080085,2319629,654425730
Department of Health,NHS Stockport CCG,30/09/2018,Clinical&Medical-Commercial Sector,HOSPICES,BEECHWOOD CANCER CARE CENTRE,24080093,127008.28,-
Department of Health,NHS Stockport CCG,30/09/2018,Hcare Srv Rec Fdtn Trust-Contract Baseline,ACUTE COMMISSIONING,STOCKPORT NHS FOUNDATION TRUST,24080099,12879584,654974295
Department of Health,NHS Stockport CCG,30/09/2018,Hcare Srv Rec Fdtn Trust-Contract Baseline,COMMUNITY SERVICES,STOCKPORT NHS FOUNDATION TRUST,24080106,1619988,654974295
Department of Health,NHS Stockport CCG,30/09/2018,Hcare Srv Rec Fdtn Trust-Contract Baseline,ACUTE COMMISSIONING,TAMESIDE HOSPITAL NHS FOUNDATION TRUST,24080109,96041.06,654945109
Department of Health,NHS Stockport CCG,30/09/2018,Hcare Srv Rec Fdtn Trust-Contract Baseline,ACUTE COMMISSIONING,MANCHESTER UNIVERSITY NHS FOUNDATION TRUST,24080114,4108414,654415538
