Department family,Entity,Date,Expense Type,Expense area,Supplier,Transaction number,Amount,VAT registration number
Department of Health,NHS Stockport CCG,31/08/2018,Clinical&Medical-Othe Public Sector,COMMISSIONING - NON ACUTE,STOCKPORT METROPOLITAN BOROUGH COUNCIL,23279927,25000,GB158556040
Department of Health,NHS Stockport CCG,31/08/2018,Clinical&Medical-Othe Public Sector,COMMUNITY SERVICES,STOCKPORT METROPOLITAN BOROUGH COUNCIL,23279927,1083000,GB158556040
Department of Health,NHS Stockport CCG,31/08/2018,Clinical&Medical-Othe Public Sector,LEARNING DIFFICULTIES,STOCKPORT METROPOLITAN BOROUGH COUNCIL,23279927,132916.67,GB158556040
Department of Health,NHS Stockport CCG,31/08/2018,Clinical&Medical-Othe Public Sector,LONG TERM CONDITIONS,STOCKPORT METROPOLITAN BOROUGH COUNCIL,23279927,317666.66,GB158556040
Department of Health,NHS Stockport CCG,31/08/2018,Clinical&Medical-Othe Public Sector,MENTAL HEALTH SERVICES - OTHER,STOCKPORT METROPOLITAN BOROUGH COUNCIL,23279927,24083.34,GB158556040
Department of Health,NHS Stockport CCG,31/08/2018,Clinical&Medical-Othe Public Sector,REABLEMENT,STOCKPORT METROPOLITAN BOROUGH COUNCIL,23279927,100333.33,GB158556040
Department of Health,NHS Stockport CCG,31/08/2018,Hcare Srv Rec Fdtn Trust-Contract Baseline,ACUTE COMMISSIONING,SALFORD ROYAL HOSPITALS NHS FOUNDATION TRUST,23279928,590742,
Department of Health,NHS Stockport CCG,31/08/2018,Hcare Srv Rec Fdtn Trust-Contract Baseline,ACUTE COMMISSIONING,SALFORD ROYAL HOSPITALS NHS FOUNDATION TRUST,23279929,29211,
Department of Health,NHS Stockport CCG,31/08/2018,Hlthcre-Foundation Trsts,ACUTE COMMISSIONING,CHRISTIE HOSPITAL NHS FOUNDATION TRUST,23279930,323480.58,
Department of Health,NHS Stockport CCG,31/08/2018,Hcare Srv Rec Fdtn Trust-Contract Baseline,COMMUNITY SERVICES,STOCKPORT NHS FOUNDATION TRUST,23279938,1742923,
Department of Health,NHS Stockport CCG,31/08/2018,Hcare Srv Rec Fdtn Trust-Contract Baseline,ACUTE COMMISSIONING,STOCKPORT NHS FOUNDATION TRUST,23279939,12879584,
Department of Health,NHS Stockport CCG,31/08/2018,Hcare Srv Rec Fdtn Trust-Contract Baseline,ACUTE COMMISSIONING,MANCHESTER UNIVERSITY NHS FOUNDATION TRUST,23279943,4108414,654415538
Department of Health,NHS Stockport CCG,31/08/2018,Hcare Srv Rec Fdtn Trust-Contract Baseline,ACUTE COMMISSIONING,TAMESIDE AND GLOSSOP INTEGRATED CARE NHS FOUNDATION TRUST,23279957,96041.06,GB654945109
Department of Health,NHS Stockport CCG,31/08/2018,Hcare Srv Rec Fdtn Trust-Non Contract,ACUTE COMMISSIONING,STOCKPORT NHS FOUNDATION TRUST,23361831,583500,
Department of Health,NHS Stockport CCG,31/08/2018,Hcare Srv Rec Fdtn Trust-Non Contract,ACUTE COMMISSIONING,STOCKPORT NHS FOUNDATION TRUST,23361833,-105388,
Department of Health,NHS Stockport CCG,31/08/2018,Clinical&Medical-Serv Recd-CCGs,PRIMARY CARE IT,NHS OLDHAM CCG,23361867,99767,
Department of Health,NHS Stockport CCG,31/08/2018,Other Gen Supplies & Srv,IM&T,NHS OLDHAM CCG,23361867,18487,
Department of Health,NHS Stockport CCG,31/08/2018,Hcare Srv Rec Fdtn Trust-Contract Baseline,ACUTE COMMISSIONING,WRIGHTINGTON WIGAN & LEIGH NHS FOUNDATION TRUST,23361904,54945,GB654951509
Department of Health,NHS Stockport CCG,31/08/2018,C&M-PMS Contract Value,PRC DELEGATED CO-COMMISSIONING,BEECH HOUSE MEDICAL PRACTICE,23398204,53710.76,
Department of Health,NHS Stockport CCG,31/08/2018,C&M-PMS DES Extended Hours Access,PRC DELEGATED CO-COMMISSIONING,BEECH HOUSE MEDICAL PRACTICE,23398204,3934.9,
Department of Health,NHS Stockport CCG,31/08/2018,C&M-PMS DES Minor Surgery,PRC DELEGATED CO-COMMISSIONING,BEECH HOUSE MEDICAL PRACTICE,23398204,1951.2,
Department of Health,NHS Stockport CCG,31/08/2018,C&M-PMS Funding Differential Review,PRC DELEGATED CO-COMMISSIONING,BEECH HOUSE MEDICAL PRACTICE,23398204,934.27,
Department of Health,NHS Stockport CCG,31/08/2018,C&M-PMS QOF Aspiration,PRC DELEGATED CO-COMMISSIONING,BEECH HOUSE MEDICAL PRACTICE,23398204,8495.05,
Department of Health,NHS Stockport CCG,31/08/2018,C&M-PMS Contract Value,PRC DELEGATED CO-COMMISSIONING,ALVANLEY FAMILY PRACTICE,23398206,37927.15,
Department of Health,NHS Stockport CCG,31/08/2018,C&M-PMS DES Minor Surgery,PRC DELEGATED CO-COMMISSIONING,ALVANLEY FAMILY PRACTICE,23398206,1560.96,
Department of Health,NHS Stockport CCG,31/08/2018,C&M-PMS Funding Differential Review,PRC DELEGATED CO-COMMISSIONING,ALVANLEY FAMILY PRACTICE,23398206,108.76,
Department of Health,NHS Stockport CCG,31/08/2018,C&M-PMS QOF Aspiration,PRC DELEGATED CO-COMMISSIONING,ALVANLEY FAMILY PRACTICE,23398206,4496.1,
Department of Health,NHS Stockport CCG,31/08/2018,C&M-PMS Contract Value,PRC DELEGATED CO-COMMISSIONING,ARCHWOOD MEDICAL PRACTICE,23398208,42852.69,
Department of Health,NHS Stockport CCG,31/08/2018,C&M-PMS DES Extended Hours Access,PRC DELEGATED CO-COMMISSIONING,ARCHWOOD MEDICAL PRACTICE,23398208,2795.85,
Department of Health,NHS Stockport CCG,31/08/2018,C&M-PMS DES Minor Surgery,PRC DELEGATED CO-COMMISSIONING,ARCHWOOD MEDICAL PRACTICE,23398208,2861.76,
Department of Health,NHS Stockport CCG,31/08/2018,C&M-PMS Funding Differential Review,PRC DELEGATED CO-COMMISSIONING,ARCHWOOD MEDICAL PRACTICE,23398208,341.52,
Department of Health,NHS Stockport CCG,31/08/2018,C&M-PMS QOF Aspiration,PRC DELEGATED CO-COMMISSIONING,ARCHWOOD MEDICAL PRACTICE,23398208,5859.38,
Department of Health,NHS Stockport CCG,31/08/2018,C&M-GMS DES Extended Hours Access,PRC DELEGATED CO-COMMISSIONING,ADSHALL ROAD MEDICAL PRACTICE,23398210,2271.45,
Department of Health,NHS Stockport CCG,31/08/2018,C&M-GMS DES Minor Surgery,PRC DELEGATED CO-COMMISSIONING,ADSHALL ROAD MEDICAL PRACTICE,23398210,216.8,
Department of Health,NHS Stockport CCG,31/08/2018,C&M-GMS Global Sum,PRC DELEGATED CO-COMMISSIONING,ADSHALL ROAD MEDICAL PRACTICE,23398210,31862.25,
Department of Health,NHS Stockport CCG,31/08/2018,C&M-GMS MPIG Correction Factor,PRC DELEGATED CO-COMMISSIONING,ADSHALL ROAD MEDICAL PRACTICE,23398210,424.57,
Department of Health,NHS Stockport CCG,31/08/2018,C&M-GMS Prem Notional Rent,PRC DELEGATED CO-COMMISSIONING,ADSHALL ROAD MEDICAL PRACTICE,23398210,2627.33,
Department of Health,NHS Stockport CCG,31/08/2018,C&M-GMS QOF Aspiration,PRC DELEGATED CO-COMMISSIONING,ADSHALL ROAD MEDICAL PRACTICE,23398210,4038.3,
Department of Health,NHS Stockport CCG,31/08/2018,C&M-PMS Contract Value,PRC DELEGATED CO-COMMISSIONING,ADSWOOD ROAD SURGERY,23398212,28176.72,
Department of Health,NHS Stockport CCG,31/08/2018,C&M-PMS DES Extended Hours Access,PRC DELEGATED CO-COMMISSIONING,ADSWOOD ROAD SURGERY,23398212,2133.7,
Department of Health,NHS Stockport CCG,31/08/2018,C&M-PMS Funding Differential Review,PRC DELEGATED CO-COMMISSIONING,ADSWOOD ROAD SURGERY,23398212,424.61,
Department of Health,NHS Stockport CCG,31/08/2018,C&M-PMS Prem Notional Rent,PRC DELEGATED CO-COMMISSIONING,ADSWOOD ROAD SURGERY,23398212,2441.67,
Department of Health,NHS Stockport CCG,31/08/2018,C&M-PMS Prem Water Rates,PRC DELEGATED CO-COMMISSIONING,ADSWOOD ROAD SURGERY,23398212,94.53,
Department of Health,NHS Stockport CCG,31/08/2018,C&M-PMS QOF Aspiration,PRC DELEGATED CO-COMMISSIONING,ADSWOOD ROAD SURGERY,23398212,3678.48,
Department of Health,NHS Stockport CCG,31/08/2018,C&M-GMS DES Extended Hours Access,PRC DELEGATED CO-COMMISSIONING,BRAMHALL HEALTH CENTRE,23398214,6115.63,
Department of Health,NHS Stockport CCG,31/08/2018,C&M-GMS Global Sum,PRC DELEGATED CO-COMMISSIONING,BRAMHALL HEALTH CENTRE,23398214,84507.53,
Department of Health,NHS Stockport CCG,31/08/2018,C&M-GMS MPIG Correction Factor,PRC DELEGATED CO-COMMISSIONING,BRAMHALL HEALTH CENTRE,23398214,1526.02,
Department of Health,NHS Stockport CCG,31/08/2018,C&M-GMS QOF Aspiration,PRC DELEGATED CO-COMMISSIONING,BRAMHALL HEALTH CENTRE,23398214,9679.61,
Department of Health,NHS Stockport CCG,31/08/2018,C&M-PMS Contract Value,PRC DELEGATED CO-COMMISSIONING,BRAMHALL PARK MEDICAL CENTRE,23398216,96038.73,
Department of Health,NHS Stockport CCG,31/08/2018,C&M-PMS DES Extended Hours Access,PRC DELEGATED CO-COMMISSIONING,BRAMHALL PARK MEDICAL CENTRE,23398216,6874.2,
Department of Health,NHS Stockport CCG,31/08/2018,C&M-PMS DES Minor Surgery,PRC DELEGATED CO-COMMISSIONING,BRAMHALL PARK MEDICAL CENTRE,23398216,780.48,
Department of Health,NHS Stockport CCG,31/08/2018,C&M-PMS Funding Differential Review,PRC DELEGATED CO-COMMISSIONING,BRAMHALL PARK MEDICAL CENTRE,23398216,887.4,
Department of Health,NHS Stockport CCG,31/08/2018,C&M-PMS Prem Notional Rent,PRC DELEGATED CO-COMMISSIONING,BRAMHALL PARK MEDICAL CENTRE,23398216,2900,
Department of Health,NHS Stockport CCG,31/08/2018,C&M-PMS QOF Aspiration,PRC DELEGATED CO-COMMISSIONING,BRAMHALL PARK MEDICAL CENTRE,23398216,12894.65,
Department of Health,NHS Stockport CCG,31/08/2018,C&M-PMS Contract Value,PRC DELEGATED CO-COMMISSIONING,BREDBURY MEDICAL PRACTICE,23398218,31554.7,
Department of Health,NHS Stockport CCG,31/08/2018,C&M-PMS Funding Differential Review,PRC DELEGATED CO-COMMISSIONING,BREDBURY MEDICAL PRACTICE,23398218,398.52,
Department of Health,NHS Stockport CCG,31/08/2018,C&M-PMS Prem Notional Rent,PRC DELEGATED CO-COMMISSIONING,BREDBURY MEDICAL PRACTICE,23398218,3316.67,
Department of Health,NHS Stockport CCG,31/08/2018,C&M-PMS QOF Aspiration,PRC DELEGATED CO-COMMISSIONING,BREDBURY MEDICAL PRACTICE,23398218,3370.09,
Department of Health,NHS Stockport CCG,31/08/2018,C&M-GMS DES Extended Hours Access,PRC DELEGATED CO-COMMISSIONING,BRACONDALE MEDICAL CENTRE,23398220,2478.55,
Department of Health,NHS Stockport CCG,31/08/2018,C&M-GMS DES Minor Surgery,PRC DELEGATED CO-COMMISSIONING,BRACONDALE MEDICAL CENTRE,23398220,2384.8,
Department of Health,NHS Stockport CCG,31/08/2018,C&M-GMS Global Sum,PRC DELEGATED CO-COMMISSIONING,BRACONDALE MEDICAL CENTRE,23398220,36084.48,
Department of Health,NHS Stockport CCG,31/08/2018,C&M-GMS MPIG Correction Factor,PRC DELEGATED CO-COMMISSIONING,BRACONDALE MEDICAL CENTRE,23398220,440.1,
Department of Health,NHS Stockport CCG,31/08/2018,C&M-GMS QOF Aspiration,PRC DELEGATED CO-COMMISSIONING,BRACONDALE MEDICAL CENTRE,23398220,3928.52,
Department of Health,NHS Stockport CCG,31/08/2018,C&M-PMS Contract Value,PRC DELEGATED CO-COMMISSIONING,CARITAS GENERAL PRACTICE PARTNERSHIP,23398222,93228.04,
Department of Health,NHS Stockport CCG,31/08/2018,C&M-PMS DES Extended Hours Access,PRC DELEGATED CO-COMMISSIONING,CARITAS GENERAL PRACTICE PARTNERSHIP,23398222,6291.85,
Department of Health,NHS Stockport CCG,31/08/2018,C&M-PMS DES Minor Surgery,PRC DELEGATED CO-COMMISSIONING,CARITAS GENERAL PRACTICE PARTNERSHIP,23398222,520.32,
Department of Health,NHS Stockport CCG,31/08/2018,C&M-PMS Funding Differential Review,PRC DELEGATED CO-COMMISSIONING,CARITAS GENERAL PRACTICE PARTNERSHIP,23398222,77.25,
Department of Health,NHS Stockport CCG,31/08/2018,C&M-PMS Prem Actual Rent,PRC DELEGATED CO-COMMISSIONING,CARITAS GENERAL PRACTICE PARTNERSHIP,23398222,870,
Department of Health,NHS Stockport CCG,31/08/2018,C&M-PMS Prem Notional Rent,PRC DELEGATED CO-COMMISSIONING,CARITAS GENERAL PRACTICE PARTNERSHIP,23398222,6626.66,
Department of Health,NHS Stockport CCG,31/08/2018,C&M-PMS QOF Aspiration,PRC DELEGATED CO-COMMISSIONING,CARITAS GENERAL PRACTICE PARTNERSHIP,23398222,11271.09,
Department of Health,NHS Stockport CCG,31/08/2018,C&M-GMS DES Extended Hours Access,PRC DELEGATED CO-COMMISSIONING,CALE GREEN SURGERY,23398224,1832.55,
Department of Health,NHS Stockport CCG,31/08/2018,C&M-GMS Global Sum,PRC DELEGATED CO-COMMISSIONING,CALE GREEN SURGERY,23398224,27281.08,
Department of Health,NHS Stockport CCG,31/08/2018,C&M-GMS MPIG Correction Factor,PRC DELEGATED CO-COMMISSIONING,CALE GREEN SURGERY,23398224,113.74,
Department of Health,NHS Stockport CCG,31/08/2018,C&M-GMS Prem Notional Rent,PRC DELEGATED CO-COMMISSIONING,CALE GREEN SURGERY,23398224,1416.67,
Department of Health,NHS Stockport CCG,31/08/2018,C&M-GMS QOF Aspiration,PRC DELEGATED CO-COMMISSIONING,CALE GREEN SURGERY,23398224,2654.95,
Department of Health,NHS Stockport CCG,31/08/2018,C&M-PMS Contract Value,PRC DELEGATED CO-COMMISSIONING,CHEADLE HULME HEALTH CENTRE - DR SEABROOK,23398227,85411.87,
Department of Health,NHS Stockport CCG,31/08/2018,C&M-PMS DES Extended Hours Access,PRC DELEGATED CO-COMMISSIONING,CHEADLE HULME HEALTH CENTRE - DR SEABROOK,23398227,6118.48,
Department of Health,NHS Stockport CCG,31/08/2018,C&M-PMS DES Minor Surgery,PRC DELEGATED CO-COMMISSIONING,CHEADLE HULME HEALTH CENTRE - DR SEABROOK,23398227,1604.32,
Department of Health,NHS Stockport CCG,31/08/2018,C&M-PMS Funding Differential Review,PRC DELEGATED CO-COMMISSIONING,CHEADLE HULME HEALTH CENTRE - DR SEABROOK,23398227,517.22,
Department of Health,NHS Stockport CCG,31/08/2018,C&M-PMS Prem Clinical Waste,PRC DELEGATED CO-COMMISSIONING,CHEADLE HULME HEALTH CENTRE - DR SEABROOK,23398227,1627.53,
Department of Health,NHS Stockport CCG,31/08/2018,C&M-PMS Prem Notional Rent,PRC DELEGATED CO-COMMISSIONING,CHEADLE HULME HEALTH CENTRE - DR SEABROOK,23398227,3812.5,
Department of Health,NHS Stockport CCG,31/08/2018,C&M-PMS Prem Rates,PRC DELEGATED CO-COMMISSIONING,CHEADLE HULME HEALTH CENTRE - DR SEABROOK,23398227,16866.05,
Department of Health,NHS Stockport CCG,31/08/2018,C&M-PMS Prem Water Rates,PRC DELEGATED CO-COMMISSIONING,CHEADLE HULME HEALTH CENTRE - DR SEABROOK,23398227,160.53,
Department of Health,NHS Stockport CCG,31/08/2018,C&M-PMS QOF Aspiration,PRC DELEGATED CO-COMMISSIONING,CHEADLE HULME HEALTH CENTRE - DR SEABROOK,23398227,9344.42,
Department of Health,NHS Stockport CCG,31/08/2018,C&M-PMS Small Practice Allowance,PRC DELEGATED CO-COMMISSIONING,CHEADLE HULME HEALTH CENTRE - DR SEABROOK,23398227,7825,
Department of Health,NHS Stockport CCG,31/08/2018,C&M-PMS Contract Value,PRC DELEGATED CO-COMMISSIONING,CHEADLE HULME HEALTH CENTRE - DR SHIPSTON,23398229,72778.04,
Department of Health,NHS Stockport CCG,31/08/2018,C&M-PMS DES Extended Hours Access,PRC DELEGATED CO-COMMISSIONING,CHEADLE HULME HEALTH CENTRE - DR SHIPSTON,23398229,5275.83,
Department of Health,NHS Stockport CCG,31/08/2018,C&M-PMS Funding Differential Review,PRC DELEGATED CO-COMMISSIONING,CHEADLE HULME HEALTH CENTRE - DR SHIPSTON,23398229,717.61,
Department of Health,NHS Stockport CCG,31/08/2018,C&M-PMS Prem Notional Rent,PRC DELEGATED CO-COMMISSIONING,CHEADLE HULME HEALTH CENTRE - DR SHIPSTON,23398229,4941.67,
Department of Health,NHS Stockport CCG,31/08/2018,C&M-PMS QOF Aspiration,PRC DELEGATED CO-COMMISSIONING,CHEADLE HULME HEALTH CENTRE - DR SHIPSTON,23398229,8235.81,
Department of Health,NHS Stockport CCG,31/08/2018,C&M-GMS DES Minor Surgery,PRC DELEGATED CO-COMMISSIONING,CHEADLE MEDICAL PRACTICE,23398230,-3382.08,
Department of Health,NHS Stockport CCG,31/08/2018,C&M-GMS Voluntary Levy,PRC DELEGATED CO-COMMISSIONING,CHEADLE MEDICAL PRACTICE,23398230,-387.83,
Department of Health,NHS Stockport CCG,31/08/2018,ME - GMS GP Prior Year ERs,PRC DELEGATED CO-COMMISSIONING,CHEADLE MEDICAL PRACTICE,23398230,-1269.05,
Department of Health,NHS Stockport CCG,31/08/2018,ME-GMS GP Pension EEs,PRC DELEGATED CO-COMMISSIONING,CHEADLE MEDICAL PRACTICE,23398230,-5886.62,
Department of Health,NHS Stockport CCG,31/08/2018,ME-GMS GP Pension EEs Adjustments,PRC DELEGATED CO-COMMISSIONING,CHEADLE MEDICAL PRACTICE,23398230,-3194.03,
Department of Health,NHS Stockport CCG,31/08/2018,ME-GMS GP Pension ERs Adjustments,PRC DELEGATED CO-COMMISSIONING,CHEADLE MEDICAL PRACTICE,23398230,-10817.04,
Department of Health,NHS Stockport CCG,31/08/2018,ME-GMS GP Prior Year EEs,PRC DELEGATED CO-COMMISSIONING,CHEADLE MEDICAL PRACTICE,23398230,-1045.71,
Department of Health,NHS Stockport CCG,31/08/2018,C&M-GMS DES Extended Hours Access,PRC DELEGATED CO-COMMISSIONING,CHEADLE MEDICAL PRACTICE,23398231,5668.18,
Department of Health,NHS Stockport CCG,31/08/2018,C&M-GMS DES Learn Dsblty Hlth Chk,PRC DELEGATED CO-COMMISSIONING,CHEADLE MEDICAL PRACTICE,23398231,140,
Department of Health,NHS Stockport CCG,31/08/2018,C&M-GMS DES Minor Surgery,PRC DELEGATED CO-COMMISSIONING,CHEADLE MEDICAL PRACTICE,23398231,5073.12,
Department of Health,NHS Stockport CCG,31/08/2018,C&M-GMS Global Sum,PRC DELEGATED CO-COMMISSIONING,CHEADLE MEDICAL PRACTICE,23398231,78434.1,
Department of Health,NHS Stockport CCG,31/08/2018,C&M-GMS MPIG Correction Factor,PRC DELEGATED CO-COMMISSIONING,CHEADLE MEDICAL PRACTICE,23398231,953.44,
Department of Health,NHS Stockport CCG,31/08/2018,C&M-GMS Prem Notional Rent,PRC DELEGATED CO-COMMISSIONING,CHEADLE MEDICAL PRACTICE,23398231,5450,
Department of Health,NHS Stockport CCG,31/08/2018,C&M-GMS Prem Water Rates,PRC DELEGATED CO-COMMISSIONING,CHEADLE MEDICAL PRACTICE,23398231,232.42,
Department of Health,NHS Stockport CCG,31/08/2018,C&M-GMS QOF Aspiration,PRC DELEGATED CO-COMMISSIONING,CHEADLE MEDICAL PRACTICE,23398231,10003.56,
Department of Health,NHS Stockport CCG,31/08/2018,C&M-GMS DES Extended Hours Access,PRC DELEGATED CO-COMMISSIONING,CHADSFIELD MEDICAL PRACTICE,23398235,3320.25,
Department of Health,NHS Stockport CCG,31/08/2018,C&M-GMS Global Sum,PRC DELEGATED CO-COMMISSIONING,CHADSFIELD MEDICAL PRACTICE,23398235,53768.98,
Department of Health,NHS Stockport CCG,31/08/2018,C&M-GMS MPIG Correction Factor,PRC DELEGATED CO-COMMISSIONING,CHADSFIELD MEDICAL PRACTICE,23398235,638.93,
Department of Health,NHS Stockport CCG,31/08/2018,C&M-GMS QOF Aspiration,PRC DELEGATED CO-COMMISSIONING,CHADSFIELD MEDICAL PRACTICE,23398235,7245.93,
Department of Health,NHS Stockport CCG,31/08/2018,C&M-GMS DES Extended Hours Access,PRC DELEGATED CO-COMMISSIONING,GATLEY MEDICAL CENTRE,23398238,4436.03,
Department of Health,NHS Stockport CCG,31/08/2018,C&M-GMS DES Minor Surgery,PRC DELEGATED CO-COMMISSIONING,GATLEY MEDICAL CENTRE,23398238,693.76,
Department of Health,NHS Stockport CCG,31/08/2018,C&M-GMS Global Sum,PRC DELEGATED CO-COMMISSIONING,GATLEY MEDICAL CENTRE,23398238,60085.49,
Department of Health,NHS Stockport CCG,31/08/2018,C&M-GMS MPIG Correction Factor,PRC DELEGATED CO-COMMISSIONING,GATLEY MEDICAL CENTRE,23398238,586.83,
Department of Health,NHS Stockport CCG,31/08/2018,C&M-GMS PCO Locum Sickness,PRC DELEGATED CO-COMMISSIONING,GATLEY MEDICAL CENTRE,23398238,16667.62,
Department of Health,NHS Stockport CCG,31/08/2018,C&M-GMS QOF Aspiration,PRC DELEGATED CO-COMMISSIONING,GATLEY MEDICAL CENTRE,23398238,7571.86,
Department of Health,NHS Stockport CCG,31/08/2018,C&M-PMS Contract Value,PRC DELEGATED CO-COMMISSIONING,HEATON MERSEY MEDICAL PRACTICE,23398241,50987.98,
Department of Health,NHS Stockport CCG,31/08/2018,C&M-PMS DES Extended Hours Access,PRC DELEGATED CO-COMMISSIONING,HEATON MERSEY MEDICAL PRACTICE,23398241,3881.7,
Department of Health,NHS Stockport CCG,31/08/2018,C&M-PMS DES Minor Surgery,PRC DELEGATED CO-COMMISSIONING,HEATON MERSEY MEDICAL PRACTICE,23398241,780.48,
Department of Health,NHS Stockport CCG,31/08/2018,C&M-PMS Funding Differential Review,PRC DELEGATED CO-COMMISSIONING,HEATON MERSEY MEDICAL PRACTICE,23398241,814.83,
Department of Health,NHS Stockport CCG,31/08/2018,C&M-PMS Prem Notional Rent,PRC DELEGATED CO-COMMISSIONING,HEATON MERSEY MEDICAL PRACTICE,23398241,3208.33,
Department of Health,NHS Stockport CCG,31/08/2018,C&M-PMS QOF Aspiration,PRC DELEGATED CO-COMMISSIONING,HEATON MERSEY MEDICAL PRACTICE,23398241,6327.86,
Department of Health,NHS Stockport CCG,31/08/2018,C&M-GMS DES Extended Hours Access,PRC DELEGATED CO-COMMISSIONING,HEATON NORRIS HEALTH CENTRE DR MARSHALL,23398243,3473.2,
Department of Health,NHS Stockport CCG,31/08/2018,C&M-GMS DES Minor Surgery,PRC DELEGATED CO-COMMISSIONING,HEATON NORRIS HEALTH CENTRE DR MARSHALL,23398243,737.12,
Department of Health,NHS Stockport CCG,31/08/2018,C&M-GMS Global Sum,PRC DELEGATED CO-COMMISSIONING,HEATON NORRIS HEALTH CENTRE DR MARSHALL,23398243,56928.98,
Department of Health,NHS Stockport CCG,31/08/2018,C&M-GMS Other Small Practice All,PRC DELEGATED CO-COMMISSIONING,HEATON NORRIS HEALTH CENTRE DR MARSHALL,23398243,4686,
Department of Health,NHS Stockport CCG,31/08/2018,C&M-GMS QOF Aspiration,PRC DELEGATED CO-COMMISSIONING,HEATON NORRIS HEALTH CENTRE DR MARSHALL,23398243,6957.73,
Department of Health,NHS Stockport CCG,31/08/2018,ME - GMS GP Prior Year ERs,PRC DELEGATED CO-COMMISSIONING,HEATON NORRIS HEALTH CENTRE DR MARSHALL,23398243,1642.16,
Department of Health,NHS Stockport CCG,31/08/2018,ME-GMS GP Prior Year EEs,PRC DELEGATED CO-COMMISSIONING,HEATON NORRIS HEALTH CENTRE DR MARSHALL,23398243,2139.44,
Department of Health,NHS Stockport CCG,31/08/2018,C&M-PMS Contract Value,PRC DELEGATED CO-COMMISSIONING,HIGH LANE MEDICAL CENTRE,23398245,41628.12,
Department of Health,NHS Stockport CCG,31/08/2018,C&M-PMS DES Extended Hours Access,PRC DELEGATED CO-COMMISSIONING,HIGH LANE MEDICAL CENTRE,23398245,2808.68,
Department of Health,NHS Stockport CCG,31/08/2018,C&M-PMS DES Minor Surgery,PRC DELEGATED CO-COMMISSIONING,HIGH LANE MEDICAL CENTRE,23398245,3728.96,
Department of Health,NHS Stockport CCG,31/08/2018,C&M-PMS Funding Differential Review,PRC DELEGATED CO-COMMISSIONING,HIGH LANE MEDICAL CENTRE,23398245,233.19,
Department of Health,NHS Stockport CCG,31/08/2018,C&M-PMS Prem Water Rates,PRC DELEGATED CO-COMMISSIONING,HIGH LANE MEDICAL CENTRE,23398245,167.16,
Department of Health,NHS Stockport CCG,31/08/2018,C&M-PMS QOF Aspiration,PRC DELEGATED CO-COMMISSIONING,HIGH LANE MEDICAL CENTRE,23398245,4407.41,
Department of Health,NHS Stockport CCG,31/08/2018,C&M-GMS DES Extended Hours Access,PRC DELEGATED CO-COMMISSIONING,HEALD GREEN HEALTH CENTRE DR WRIGHT,23398247,3101.75,
Department of Health,NHS Stockport CCG,31/08/2018,C&M-GMS DES Minor Surgery,PRC DELEGATED CO-COMMISSIONING,HEALD GREEN HEALTH CENTRE DR WRIGHT,23398247,2384.8,
Department of Health,NHS Stockport CCG,31/08/2018,C&M-GMS Global Sum,PRC DELEGATED CO-COMMISSIONING,HEALD GREEN HEALTH CENTRE DR WRIGHT,23398247,42507.97,
Department of Health,NHS Stockport CCG,31/08/2018,C&M-GMS MPIG Correction Factor,PRC DELEGATED CO-COMMISSIONING,HEALD GREEN HEALTH CENTRE DR WRIGHT,23398247,459.64,
Department of Health,NHS Stockport CCG,31/08/2018,C&M-GMS PCO Locum Adop/Pat/Mat,PRC DELEGATED CO-COMMISSIONING,HEALD GREEN HEALTH CENTRE DR WRIGHT,23398247,8884.18,
Department of Health,NHS Stockport CCG,31/08/2018,C&M-GMS QOF Aspiration,PRC DELEGATED CO-COMMISSIONING,HEALD GREEN HEALTH CENTRE DR WRIGHT,23398247,5147.76,
Department of Health,NHS Stockport CCG,31/08/2018,ME-GMS GP Pension EEs Adjustments,PRC DELEGATED CO-COMMISSIONING,HEALD GREEN HEALTH CENTRE DR WRIGHT,23398247,810,
Department of Health,NHS Stockport CCG,31/08/2018,ME-GMS GP Pension ERs Adjustments,PRC DELEGATED CO-COMMISSIONING,HEALD GREEN HEALTH CENTRE DR WRIGHT,23398247,5169.97,
Department of Health,NHS Stockport CCG,31/08/2018,ME-GMS GP Prior Year EEs,PRC DELEGATED CO-COMMISSIONING,HEALD GREEN HEALTH CENTRE DR WRIGHT,23398247,4685.8,
Department of Health,NHS Stockport CCG,31/08/2018,C&M-GMS DES Extended Hours Access,PRC DELEGATED CO-COMMISSIONING,MARPLE BRIDGE SURGERY,23398249,3070.4,
Department of Health,NHS Stockport CCG,31/08/2018,C&M-GMS DES Minor Surgery,PRC DELEGATED CO-COMMISSIONING,MARPLE BRIDGE SURGERY,23398249,520.32,
Department of Health,NHS Stockport CCG,31/08/2018,C&M-GMS Global Sum,PRC DELEGATED CO-COMMISSIONING,MARPLE BRIDGE SURGERY,23398249,45826.13,
Department of Health,NHS Stockport CCG,31/08/2018,C&M-GMS MPIG Correction Factor,PRC DELEGATED CO-COMMISSIONING,MARPLE BRIDGE SURGERY,23398249,671.18,
Department of Health,NHS Stockport CCG,31/08/2018,C&M-GMS QOF Aspiration,PRC DELEGATED CO-COMMISSIONING,MARPLE BRIDGE SURGERY,23398249,5428.68,
Department of Health,NHS Stockport CCG,31/08/2018,C&M-GMS DES Extended Hours Access,PRC DELEGATED CO-COMMISSIONING,MARPLE MEDICAL PRACTICE,23398251,3403.85,
Department of Health,NHS Stockport CCG,31/08/2018,C&M-GMS Global Sum,PRC DELEGATED CO-COMMISSIONING,MARPLE MEDICAL PRACTICE,23398251,51110.59,
Department of Health,NHS Stockport CCG,31/08/2018,C&M-GMS MPIG Correction Factor,PRC DELEGATED CO-COMMISSIONING,MARPLE MEDICAL PRACTICE,23398251,401.71,
Department of Health,NHS Stockport CCG,31/08/2018,C&M-GMS Prem Notional Rent,PRC DELEGATED CO-COMMISSIONING,MARPLE MEDICAL PRACTICE,23398251,2614.08,
Department of Health,NHS Stockport CCG,31/08/2018,C&M-GMS QOF Aspiration,PRC DELEGATED CO-COMMISSIONING,MARPLE MEDICAL PRACTICE,23398251,6991.86,
Department of Health,NHS Stockport CCG,31/08/2018,C&M-GMS DES Extended Hours Access,PRC DELEGATED CO-COMMISSIONING,MANOR MEDICAL PRACTICE,23398253,4222.75,
Department of Health,NHS Stockport CCG,31/08/2018,C&M-GMS Global Sum,PRC DELEGATED CO-COMMISSIONING,MANOR MEDICAL PRACTICE,23398253,68126.66,
Department of Health,NHS Stockport CCG,31/08/2018,C&M-GMS Prem Actual Rent,PRC DELEGATED CO-COMMISSIONING,MANOR MEDICAL PRACTICE,23398253,1658.33,
Department of Health,NHS Stockport CCG,31/08/2018,C&M-GMS QOF Aspiration,PRC DELEGATED CO-COMMISSIONING,MANOR MEDICAL PRACTICE,23398253,8434.98,
Department of Health,NHS Stockport CCG,31/08/2018,ME-GMS GP Pension EEs Adjustments,PRC DELEGATED CO-COMMISSIONING,MANOR MEDICAL PRACTICE,23398253,1418.39,
Department of Health,NHS Stockport CCG,31/08/2018,ME-GMS GP Pension ERs Adjustments,PRC DELEGATED CO-COMMISSIONING,MANOR MEDICAL PRACTICE,23398253,1406.65,
Department of Health,NHS Stockport CCG,31/08/2018,C&M-GMS DES Extended Hours Access,PRC DELEGATED CO-COMMISSIONING,PARK VIEW GROUP PRACTICE,23398254,4253.15,
Department of Health,NHS Stockport CCG,31/08/2018,C&M-GMS DES Learn Dsblty Hlth Chk,PRC DELEGATED CO-COMMISSIONING,PARK VIEW GROUP PRACTICE,23398254,140,
Department of Health,NHS Stockport CCG,31/08/2018,C&M-GMS Global Sum,PRC DELEGATED CO-COMMISSIONING,PARK VIEW GROUP PRACTICE,23398254,62910.91,
Department of Health,NHS Stockport CCG,31/08/2018,C&M-GMS Prem Notional Rent,PRC DELEGATED CO-COMMISSIONING,PARK VIEW GROUP PRACTICE,23398254,4787.5,
Department of Health,NHS Stockport CCG,31/08/2018,C&M-GMS QOF Aspiration,PRC DELEGATED CO-COMMISSIONING,PARK VIEW GROUP PRACTICE,23398254,7438.8,
Department of Health,NHS Stockport CCG,31/08/2018,C&M-GMS DES Extended Hours Access,PRC DELEGATED CO-COMMISSIONING,SPRINGFIELD SURGERY STOCKPORT,23398256,2608.7,
Department of Health,NHS Stockport CCG,31/08/2018,C&M-GMS DES Minor Surgery,PRC DELEGATED CO-COMMISSIONING,SPRINGFIELD SURGERY STOCKPORT,23398256,1170.72,
Department of Health,NHS Stockport CCG,31/08/2018,C&M-GMS Global Sum,PRC DELEGATED CO-COMMISSIONING,SPRINGFIELD SURGERY STOCKPORT,23398256,36086.98,
Department of Health,NHS Stockport CCG,31/08/2018,C&M-GMS MPIG Correction Factor,PRC DELEGATED CO-COMMISSIONING,SPRINGFIELD SURGERY STOCKPORT,23398256,285.29,
Department of Health,NHS Stockport CCG,31/08/2018,C&M-GMS Prem Notional Rent,PRC DELEGATED CO-COMMISSIONING,SPRINGFIELD SURGERY STOCKPORT,23398256,2045.83,
Department of Health,NHS Stockport CCG,31/08/2018,C&M-GMS QOF Aspiration,PRC DELEGATED CO-COMMISSIONING,SPRINGFIELD SURGERY STOCKPORT,23398256,4093.21,
Department of Health,NHS Stockport CCG,31/08/2018,C&M-PMS Prem Notional Rent,PRC DELEGATED CO-COMMISSIONING,STOCKPORT MEDICAL GROUP,23398259,-7460.83,
Department of Health,NHS Stockport CCG,31/08/2018,C&M-PMS Voluntary Levy,PRC DELEGATED CO-COMMISSIONING,STOCKPORT MEDICAL GROUP,23398259,-528.83,
Department of Health,NHS Stockport CCG,31/08/2018,ME - PMS TPS Added Years Adj EEs,PRC DELEGATED CO-COMMISSIONING,STOCKPORT MEDICAL GROUP,23398259,-434.68,
Department of Health,NHS Stockport CCG,31/08/2018,ME-PMS GP Pension EEs-PMS,PRC DELEGATED CO-COMMISSIONING,STOCKPORT MEDICAL GROUP,23398259,-8473.38,
Department of Health,NHS Stockport CCG,31/08/2018,ME-PMS GP Pension ERs Adjs - PMS,PRC DELEGATED CO-COMMISSIONING,STOCKPORT MEDICAL GROUP,23398259,-9553.82,
Department of Health,NHS Stockport CCG,31/08/2018,C&M-PMS Contract Value,PRC DELEGATED CO-COMMISSIONING,STOCKPORT MEDICAL GROUP,23398260,109372.87,
Department of Health,NHS Stockport CCG,31/08/2018,C&M-PMS DES Extended Hours Access,PRC DELEGATED CO-COMMISSIONING,STOCKPORT MEDICAL GROUP,23398260,7690.25,
Department of Health,NHS Stockport CCG,31/08/2018,C&M-PMS DES Minor Surgery,PRC DELEGATED CO-COMMISSIONING,STOCKPORT MEDICAL GROUP,23398260,9062.24,
Department of Health,NHS Stockport CCG,31/08/2018,C&M-PMS Funding Differential Review,PRC DELEGATED CO-COMMISSIONING,STOCKPORT MEDICAL GROUP,23398260,422.56,
Department of Health,NHS Stockport CCG,31/08/2018,C&M-PMS Prem Notional Rent,PRC DELEGATED CO-COMMISSIONING,STOCKPORT MEDICAL GROUP,23398260,15063.33,
Department of Health,NHS Stockport CCG,31/08/2018,C&M-PMS Prem Water Rates,PRC DELEGATED CO-COMMISSIONING,STOCKPORT MEDICAL GROUP,23398260,160.53,
Department of Health,NHS Stockport CCG,31/08/2018,C&M-PMS QOF Aspiration,PRC DELEGATED CO-COMMISSIONING,STOCKPORT MEDICAL GROUP,23398260,13083.12,
Department of Health,NHS Stockport CCG,31/08/2018,C&M-GMS DES Extended Hours Access,PRC DELEGATED CO-COMMISSIONING,VILLAGE SURGERY STOCKPORT,23398262,2747.4,
Department of Health,NHS Stockport CCG,31/08/2018,C&M-GMS DES Minor Surgery,PRC DELEGATED CO-COMMISSIONING,VILLAGE SURGERY STOCKPORT,23398262,260.16,
Department of Health,NHS Stockport CCG,31/08/2018,C&M-GMS Global Sum,PRC DELEGATED CO-COMMISSIONING,VILLAGE SURGERY STOCKPORT,23398262,36556.19,
Department of Health,NHS Stockport CCG,31/08/2018,C&M-GMS MPIG Correction Factor,PRC DELEGATED CO-COMMISSIONING,VILLAGE SURGERY STOCKPORT,23398262,1377.65,
Department of Health,NHS Stockport CCG,31/08/2018,C&M-GMS Prem Notional Rent,PRC DELEGATED CO-COMMISSIONING,VILLAGE SURGERY STOCKPORT,23398262,3191.67,
Department of Health,NHS Stockport CCG,31/08/2018,C&M-GMS QOF Aspiration,PRC DELEGATED CO-COMMISSIONING,VILLAGE SURGERY STOCKPORT,23398262,3757.19,
Department of Health,NHS Stockport CCG,31/08/2018,C&M-GMS DES Extended Hours Access,PRC DELEGATED CO-COMMISSIONING,WOODLEY VILLAGE SURGERY,23398266,1558.95,
Department of Health,NHS Stockport CCG,31/08/2018,C&M-GMS DES Minor Surgery,PRC DELEGATED CO-COMMISSIONING,WOODLEY VILLAGE SURGERY,23398266,867.2,
Department of Health,NHS Stockport CCG,31/08/2018,C&M-GMS Global Sum,PRC DELEGATED CO-COMMISSIONING,WOODLEY VILLAGE SURGERY,23398266,23613.58,
Department of Health,NHS Stockport CCG,31/08/2018,C&M-GMS QOF Aspiration,PRC DELEGATED CO-COMMISSIONING,WOODLEY VILLAGE SURGERY,23398266,3135.04,
Department of Health,NHS Stockport CCG,31/08/2018,ME - GMS GP Prior Year ERs,PRC DELEGATED CO-COMMISSIONING,WOODLEY VILLAGE SURGERY,23398266,1170.4,
Department of Health,NHS Stockport CCG,31/08/2018,ME-GMS GP Prior Year EEs,PRC DELEGATED CO-COMMISSIONING,WOODLEY VILLAGE SURGERY,23398266,2705.19,
Department of Health,NHS Stockport CCG,31/08/2018,C&M-GMS DES Extended Hours Access,PRC DELEGATED CO-COMMISSIONING,DR OWEN & PARTNERS,23398270,3054.25,
Department of Health,NHS Stockport CCG,31/08/2018,C&M-GMS DES Minor Surgery,PRC DELEGATED CO-COMMISSIONING,DR OWEN & PARTNERS,23398270,390.24,
Department of Health,NHS Stockport CCG,31/08/2018,C&M-GMS Global Sum,PRC DELEGATED CO-COMMISSIONING,DR OWEN & PARTNERS,23398270,44316.52,
Department of Health,NHS Stockport CCG,31/08/2018,C&M-GMS MPIG Correction Factor,PRC DELEGATED CO-COMMISSIONING,DR OWEN & PARTNERS,23398270,74.87,
Department of Health,NHS Stockport CCG,31/08/2018,C&M-GMS QOF Aspiration,PRC DELEGATED CO-COMMISSIONING,DR OWEN & PARTNERS,23398270,5519.59,
Department of Health,NHS Stockport CCG,31/08/2018,C&M-PMS DES Minor Surgery,PRC DELEGATED CO-COMMISSIONING,HEATON MOOR MEDICAL CENTRE,23400363,-1951.2,
Department of Health,NHS Stockport CCG,31/08/2018,C&M-PMS Voluntary Levy,PRC DELEGATED CO-COMMISSIONING,HEATON MOOR MEDICAL CENTRE,23400363,-1226.34,
Department of Health,NHS Stockport CCG,31/08/2018,ME - PMS TPS Added Years Adj EEs,PRC DELEGATED CO-COMMISSIONING,HEATON MOOR MEDICAL CENTRE,23400363,-546.05,
Department of Health,NHS Stockport CCG,31/08/2018,ME-PMS GP Pension EEs-PMS,PRC DELEGATED CO-COMMISSIONING,HEATON MOOR MEDICAL CENTRE,23400363,-13260.72,
Department of Health,NHS Stockport CCG,31/08/2018,ME-PMS GP Pension ERs Adjs - PMS,PRC DELEGATED CO-COMMISSIONING,HEATON MOOR MEDICAL CENTRE,23400363,-14534.17,
Department of Health,NHS Stockport CCG,31/08/2018,C&M-PMS Contract Value,PRC DELEGATED CO-COMMISSIONING,HEATON MOOR MEDICAL CENTRE,23400364,250949.33,
Department of Health,NHS Stockport CCG,31/08/2018,C&M-PMS DES Minor Surgery,PRC DELEGATED CO-COMMISSIONING,HEATON MOOR MEDICAL CENTRE,23400364,4899.68,
Department of Health,NHS Stockport CCG,31/08/2018,C&M-PMS Funding Differential Review,PRC DELEGATED CO-COMMISSIONING,HEATON MOOR MEDICAL CENTRE,23400364,1756.83,
Department of Health,NHS Stockport CCG,31/08/2018,C&M-PMS Prem Notional Rent,PRC DELEGATED CO-COMMISSIONING,HEATON MOOR MEDICAL CENTRE,23400364,9114.58,
Department of Health,NHS Stockport CCG,31/08/2018,C&M-PMS QOF Aspiration,PRC DELEGATED CO-COMMISSIONING,HEATON MOOR MEDICAL CENTRE,23400364,26742.15,
Department of Health,NHS Stockport CCG,31/08/2018,Clinical&Medical-Commercial Sector,PLANNED CARE,SPECSAVERS HEARCARE LTD,23407617,41325.01,913158146
Department of Health,NHS Stockport CCG,31/08/2018,Clinical&Medical-Commercial Sector,PLANNED CARE,SPIRE HEALTHCARE LTD,23407670,28064,915970991
Department of Health,NHS Stockport CCG,31/08/2018,C&M-PMS Contract Value,PRC DELEGATED CO-COMMISSIONING,BRINNINGTON HEALTH CENTRE STOCKPORT,23423984,75273.16,
Department of Health,NHS Stockport CCG,31/08/2018,C&M-PMS DES Extended Hours Access,PRC DELEGATED CO-COMMISSIONING,BRINNINGTON HEALTH CENTRE STOCKPORT,23423984,4225.13,
Department of Health,NHS Stockport CCG,31/08/2018,C&M-PMS DES Minor Surgery,PRC DELEGATED CO-COMMISSIONING,BRINNINGTON HEALTH CENTRE STOCKPORT,23423984,2991.84,
Department of Health,NHS Stockport CCG,31/08/2018,C&M-PMS Funding Differential Review,PRC DELEGATED CO-COMMISSIONING,BRINNINGTON HEALTH CENTRE STOCKPORT,23423984,314.34,
Department of Health,NHS Stockport CCG,31/08/2018,C&M-PMS QOF Aspiration,PRC DELEGATED CO-COMMISSIONING,BRINNINGTON HEALTH CENTRE STOCKPORT,23423984,10407.72,
Department of Health,NHS Stockport CCG,31/08/2018,ME-PMS GP Pension EEs Adjs - PMS,PRC DELEGATED CO-COMMISSIONING,BRINNINGTON HEALTH CENTRE STOCKPORT,23423984,3363.75,
Department of Health,NHS Stockport CCG,31/08/2018,ME-PMS GP Pension ERs Adjs - PMS,PRC DELEGATED CO-COMMISSIONING,BRINNINGTON HEALTH CENTRE STOCKPORT,23423984,3583,
Department of Health,NHS Stockport CCG,31/08/2018,C&M-PMS Contract Value,PRC DELEGATED CO-COMMISSIONING,FAMILY SURGERY STOCKPORT,23423985,85292.77,
Department of Health,NHS Stockport CCG,31/08/2018,C&M-PMS DES Extended Hours Access,PRC DELEGATED CO-COMMISSIONING,FAMILY SURGERY STOCKPORT,23423985,5669.13,
Department of Health,NHS Stockport CCG,31/08/2018,C&M-PMS DES Minor Surgery,PRC DELEGATED CO-COMMISSIONING,FAMILY SURGERY STOCKPORT,23423985,390.24,
Department of Health,NHS Stockport CCG,31/08/2018,C&M-PMS Funding Differential Review,PRC DELEGATED CO-COMMISSIONING,FAMILY SURGERY STOCKPORT,23423985,538.73,
Department of Health,NHS Stockport CCG,31/08/2018,C&M-PMS PCO Locum Adop/Pat/Mat,PRC DELEGATED CO-COMMISSIONING,FAMILY SURGERY STOCKPORT,23423985,8790,
Department of Health,NHS Stockport CCG,31/08/2018,C&M-PMS Prem Notional Rent,PRC DELEGATED CO-COMMISSIONING,FAMILY SURGERY STOCKPORT,23423985,5716.67,
Department of Health,NHS Stockport CCG,31/08/2018,C&M-PMS Prem Water Rates,PRC DELEGATED CO-COMMISSIONING,FAMILY SURGERY STOCKPORT,23423985,290.36,
Department of Health,NHS Stockport CCG,31/08/2018,C&M-PMS QOF Aspiration,PRC DELEGATED CO-COMMISSIONING,FAMILY SURGERY STOCKPORT,23423985,8896.65,
Department of Health,NHS Stockport CCG,31/08/2018,ME - PMS GP Prior Year ERs,PRC DELEGATED CO-COMMISSIONING,FAMILY SURGERY STOCKPORT,23423985,18913.83,
Department of Health,NHS Stockport CCG,31/08/2018,ME-PMS GP Pension EEs Adjs - PMS,PRC DELEGATED CO-COMMISSIONING,FAMILY SURGERY STOCKPORT,23423985,4500,
Department of Health,NHS Stockport CCG,31/08/2018,ME-PMS GP Pension ERs Adjs - PMS,PRC DELEGATED CO-COMMISSIONING,FAMILY SURGERY STOCKPORT,23423985,4793.32,
Department of Health,NHS Stockport CCG,31/08/2018,ME-PMS GP Prior Year EEs,PRC DELEGATED CO-COMMISSIONING,FAMILY SURGERY STOCKPORT,23423985,18514.17,
Department of Health,NHS Stockport CCG,31/08/2018,C&M-GMS DES Extended Hours Access,PRC DELEGATED CO-COMMISSIONING,GUYWOOD PRACTICE,23423986,1396.98,
Department of Health,NHS Stockport CCG,31/08/2018,C&M-GMS DES Minor Surgery,PRC DELEGATED CO-COMMISSIONING,GUYWOOD PRACTICE,23423986,650.4,
Department of Health,NHS Stockport CCG,31/08/2018,C&M-GMS Global Sum,PRC DELEGATED CO-COMMISSIONING,GUYWOOD PRACTICE,23423986,21456.93,
Department of Health,NHS Stockport CCG,31/08/2018,C&M-GMS MPIG Correction Factor,PRC DELEGATED CO-COMMISSIONING,GUYWOOD PRACTICE,23423986,450.47,
Department of Health,NHS Stockport CCG,31/08/2018,C&M-GMS QOF Aspiration,PRC DELEGATED CO-COMMISSIONING,GUYWOOD PRACTICE,23423986,2485.31,
Department of Health,NHS Stockport CCG,31/08/2018,ME-GMS GP Pension EEs Adjustments,PRC DELEGATED CO-COMMISSIONING,GUYWOOD PRACTICE,23423986,262.4,
Department of Health,NHS Stockport CCG,31/08/2018,ME-GMS GP Pension ERs Adjustments,PRC DELEGATED CO-COMMISSIONING,GUYWOOD PRACTICE,23423986,405.73,
Department of Health,NHS Stockport CCG,31/08/2018,C&M-PMS Contract Value,PRC DELEGATED CO-COMMISSIONING,MARPLE COTTAGE SURGERY,23423988,50456.44,
Department of Health,NHS Stockport CCG,31/08/2018,C&M-PMS DES Extended Hours Access,PRC DELEGATED CO-COMMISSIONING,MARPLE COTTAGE SURGERY,23423988,3395.3,
Department of Health,NHS Stockport CCG,31/08/2018,C&M-PMS Funding Differential Review,PRC DELEGATED CO-COMMISSIONING,MARPLE COTTAGE SURGERY,23423988,311.62,
Department of Health,NHS Stockport CCG,31/08/2018,C&M-PMS Prem Notional Rent,PRC DELEGATED CO-COMMISSIONING,MARPLE COTTAGE SURGERY,23423988,4143.67,
Department of Health,NHS Stockport CCG,31/08/2018,C&M-PMS QOF Aspiration,PRC DELEGATED CO-COMMISSIONING,MARPLE COTTAGE SURGERY,23423988,6490.68,
Department of Health,NHS Stockport CCG,31/08/2018,ME-PMS GP Pension EEs Adjs - PMS,PRC DELEGATED CO-COMMISSIONING,MARPLE COTTAGE SURGERY,23423988,9425,
Department of Health,NHS Stockport CCG,31/08/2018,ME-PMS GP Pension ERs Adjs - PMS,PRC DELEGATED CO-COMMISSIONING,MARPLE COTTAGE SURGERY,23423988,9347,
Department of Health,NHS Stockport CCG,31/08/2018,C&M-PMS Contract Value,PRC DELEGATED CO-COMMISSIONING,SOUTH REDDISH MEDICAL CENTRE,23423990,26935.3,
Department of Health,NHS Stockport CCG,31/08/2018,C&M-PMS DES Extended Hours Access,PRC DELEGATED CO-COMMISSIONING,SOUTH REDDISH MEDICAL CENTRE,23423990,1709.53,
Department of Health,NHS Stockport CCG,31/08/2018,C&M-PMS Funding Differential Review,PRC DELEGATED CO-COMMISSIONING,SOUTH REDDISH MEDICAL CENTRE,23423990,307.51,
Department of Health,NHS Stockport CCG,31/08/2018,C&M-PMS PCO Locum Sickness,PRC DELEGATED CO-COMMISSIONING,SOUTH REDDISH MEDICAL CENTRE,23423990,5452.5,
Department of Health,NHS Stockport CCG,31/08/2018,C&M-PMS Prem Healthcentre Rent,PRC DELEGATED CO-COMMISSIONING,SOUTH REDDISH MEDICAL CENTRE,23423990,27978.64,
Department of Health,NHS Stockport CCG,31/08/2018,C&M-PMS QOF Aspiration,PRC DELEGATED CO-COMMISSIONING,SOUTH REDDISH MEDICAL CENTRE,23423990,3162.65,
Department of Health,NHS Stockport CCG,31/08/2018,Apprenticeship Levy Payable,BALANCE SHEET,HMRC,23455700,773,
Department of Health,NHS Stockport CCG,31/08/2018,Income tax <1Yr,BALANCE SHEET,HMRC,23455700,58463.6,
Department of Health,NHS Stockport CCG,31/08/2018,Income tax <1Yr-Student Loans,BALANCE SHEET,HMRC,23455700,1509,
Department of Health,NHS Stockport CCG,31/08/2018,National Insurance < 1 yr-NI- ERS,BALANCE SHEET,HMRC,23455700,42782.44,
Department of Health,NHS Stockport CCG,31/08/2018,National Insurance < 1 yr-NI-EES,BALANCE SHEET,HMRC,23455700,31651.8,
Department of Health,NHS Stockport CCG,31/08/2018,Statutory Mat Pay < 1 yr,BALANCE SHEET,HMRC,23455700,-1335.7,
Department of Health,NHS Stockport CCG,31/08/2018,Clinical&Medical-Independent Sector,LOCAL ENHANCED SERVICES,PRIMARY EYECARE NORTH LTD,23502303,32718,
Department of Health,NHS Stockport CCG,31/08/2018,Non-PFI Oprtng Lease-Bldgs-Lease Rent,RECHARGES NHS PROPERTY SERVICES LTD,NHS PROPERTY SERVICES LTD,23502364,26392.45,156725100
Department of Health,NHS Stockport CCG,31/08/2018,Non-PFI Oprtng Lease-Bldgs-Lease Rent,RECHARGES NHS PROPERTY SERVICES LTD,NHS PROPERTY SERVICES LTD,23502393,26392.45,156725100
Department of Health,NHS Stockport CCG,31/08/2018,Clinical&Medical-Independent Sector,LOCAL ENHANCED SERVICES,PRIMARY EYECARE LTD,23502528,31407,
Department of Health,NHS Stockport CCG,31/08/2018,C&M-GMS LES 24 Hour ABPM,LOCAL ENHANCED SERVICES,VIADUCT CARE LTD,23502590,10333,
Department of Health,NHS Stockport CCG,31/08/2018,C&M-GMS LES Spirometry,LOCAL ENHANCED SERVICES,VIADUCT CARE LTD,23502590,7337,
Department of Health,NHS Stockport CCG,31/08/2018,Clinical&Medical-Independent Sector,COMMISSIONING SCHEMES,VIADUCT CARE LTD,23502590,140939,
Department of Health,NHS Stockport CCG,31/08/2018,Other Gen Supplies & Srv,COLLABORATIVE COMMISSIONING,NHS OLDHAM CCG,23502625,1978,
Department of Health,NHS Stockport CCG,31/08/2018,Other Gen Supplies & Srv,CONTRACT MANAGEMENT,NHS OLDHAM CCG,23502625,22555,
Department of Health,NHS Stockport CCG,31/08/2018,Other Gen Supplies & Srv,HUMAN RESOURCES,NHS OLDHAM CCG,23502625,10374,
Department of Health,NHS Stockport CCG,31/08/2018,Other Gen Supplies & Srv,IM&T,NHS OLDHAM CCG,23502625,2184,
Department of Health,NHS Stockport CCG,31/08/2018,Other Gen Supplies & Srv,MEDICINES MANAGEMENT - CLINICAL,NHS OLDHAM CCG,23502625,8857,
Department of Health,NHS Stockport CCG,31/08/2018,Other Gen Supplies & Srv,NHS 111,NHS OLDHAM CCG,23502625,1861,
Department of Health,NHS Stockport CCG,31/08/2018,Clinical&Medical-Othe Public Sector,COMMISSIONING - NON ACUTE,STOCKPORT METROPOLITAN BOROUGH COUNCIL,23502691,25000,GB158556040
Department of Health,NHS Stockport CCG,31/08/2018,Clinical&Medical-Othe Public Sector,COMMUNITY SERVICES,STOCKPORT METROPOLITAN BOROUGH COUNCIL,23502691,1083000,GB158556040
Department of Health,NHS Stockport CCG,31/08/2018,Clinical&Medical-Othe Public Sector,LEARNING DIFFICULTIES,STOCKPORT METROPOLITAN BOROUGH COUNCIL,23502691,132916.67,GB158556040
Department of Health,NHS Stockport CCG,31/08/2018,Clinical&Medical-Othe Public Sector,LONG TERM CONDITIONS,STOCKPORT METROPOLITAN BOROUGH COUNCIL,23502691,317666.66,GB158556040
Department of Health,NHS Stockport CCG,31/08/2018,Clinical&Medical-Othe Public Sector,MENTAL HEALTH SERVICES - OTHER,STOCKPORT METROPOLITAN BOROUGH COUNCIL,23502691,24083.34,GB158556040
Department of Health,NHS Stockport CCG,31/08/2018,Clinical&Medical-Othe Public Sector,REABLEMENT,STOCKPORT METROPOLITAN BOROUGH COUNCIL,23502691,100333.33,GB158556040
Department of Health,NHS Stockport CCG,31/08/2018,Hcare Srv Rec Fdtn Trust-Contract Baseline,MENTAL HEALTH CONTRACTS,GREATER MANCHESTER MENTAL HEALTH NHS FOUNDATION TRUST,23516445,30731.35,GB654929594
Department of Health,NHS Stockport CCG,31/08/2018,Hcare Srv Rec Fdtn Trust-Contract Baseline,MENTAL HEALTH CONTRACTS,GREATER MANCHESTER WEST MENTAL HEALTH NHS FOUNDATION TRUST,23516465,30731.37,654929594
Department of Health,NHS Stockport CCG,31/08/2018,Miscellaneous Expenditure (L9),CONTRACT MANAGEMENT,NHS BLACKPOOL CCG,23516468,27967,
Department of Health,NHS Stockport CCG,31/08/2018,Cont Care-Funded Nursing Care Allow,FUNDED NURSING CARE,STOCKPORT METROPOLITAN BOROUGH COUNCIL,23516477,883006,GB158556040
Department of Health,NHS Stockport CCG,31/08/2018,Clinical&Medical-Serv Recd-NHS Trst,NHS 111,NORTH WEST AMBULANCE SERVICE NHS TRUST,23516496,57071,654435138
Department of Health,NHS Stockport CCG,31/08/2018,Hcare Srv Rec NHS Trust-Contract Baseline,COLLABORATIVE COMMISSIONING,NORTH WEST AMBULANCE SERVICE NHS TRUST,23516503,703527,654435138
Department of Health,NHS Stockport CCG,31/08/2018,Hcare Srv Rec NHS Trust-Contract Baseline,COLLABORATIVE COMMISSIONING,NORTH WEST AMBULANCE SERVICE NHS TRUST,23516521,72919,654435138
Department of Health,NHS Stockport CCG,31/08/2018,Clinical&Medical-Commercial Sector,COMMISSIONING SCHEMES,MASTERCALL HEALTHCARE,23516527,49932.68,
Department of Health,NHS Stockport CCG,31/08/2018,Hcare Srv Rec Fdtn Trust-Contract Baseline,MENTAL HEALTH CONTRACTS,GREATER MANCHESTER WEST MENTAL HEALTH NHS FOUNDATION TRUST,23516549,30731.37,654929594
Department of Health,NHS Stockport CCG,31/08/2018,Clinical&Medical-Independent Sector,OUT OF HOURS,MASTERCALL HEALTHCARE,23516555,252804,
Department of Health,NHS Stockport CCG,31/08/2018,External Consultancy Fees,BUSINESS DEVELOPMENT,DELOITTE LLP,23523834,35802,809707706
Department of Health,NHS Stockport CCG,31/08/2018,Hcare Srv Rec Fdtn Trust-Non Contract,COMMUNITY SERVICES,STOCKPORT NHS FOUNDATION TRUST,23583734,39133,
Department of Health,NHS Stockport CCG,31/08/2018,Clinical&Medical-Commercial Sector,PLANNED CARE,BMI HEALTHCARE COLLECTIONS,23583763,-110169.32,
Department of Health,NHS Stockport CCG,31/08/2018,Hcare Srv Rec Fdtn Trust-Non Contract,MENTAL HEALTH CONTRACTS,PENNINE CARE NHS FOUNDATION TRUST,23583787,36800,
Department of Health,NHS Stockport CCG,31/08/2018,Hcare Srv Rec Fdtn Trust-Non Contract,COMMUNITY SERVICES,STOCKPORT NHS FOUNDATION TRUST,23583792,39133,
Department of Health,NHS Stockport CCG,31/08/2018,Hcare Srv Rec Fdtn Trust-Non Contract,MENTAL HEALTH CONTRACTS,PENNINE CARE NHS FOUNDATION TRUST,23598189,74892,
Department of Health,NHS Stockport CCG,31/08/2018,Clinical&Medical-Commercial Sector,NCAS/OATS,BMI HEALTHCARE COLLECTIONS,23598277,-49258.69,
Department of Health,NHS Stockport CCG,31/08/2018,Hcare Srv Rec Fdtn Trust-Contract Baseline,MENTAL HEALTH CONTRACTS,PENNINE CARE NHS FOUNDATION TRUST,23598524,2319629,
Department of Health,NHS Stockport CCG,31/08/2018,Hcare Srv Rec Fdtn Trust-Contract Baseline,MENTAL HEALTH CONTRACTS,PENNINE CARE NHS FOUNDATION TRUST,23598566,33045,
Department of Health,NHS Stockport CCG,31/08/2018,Clinical&Medical-Commercial Sector,MENTAL HEALTH CONTRACTS,FUTURE DIRECTIONS CIC,23598600,56805.63,
Department of Health,NHS Stockport CCG,31/08/2018,Hcare Srv Rec Fdtn Trust-Non Contract,MENTAL HEALTH CONTRACTS,PENNINE CARE NHS FOUNDATION TRUST,23598624,-74892,
Department of Health,NHS Stockport CCG,31/08/2018,Clinical&Medical-Commercial Sector,PLANNED CARE,BMI HEALTHCARE COLLECTIONS,23611790,110169.32,
Department of Health,NHS Stockport CCG,31/08/2018,Hcare Srv Rec NHS Trust-Contract Baseline,ACUTE COMMISSIONING,EAST CHESHIRE NHS TRUST,23611795,197016,
Department of Health,NHS Stockport CCG,31/08/2018,Hcare Srv Rec NHS Trust-Contract Baseline,ACUTE COMMISSIONING,PENNINE ACUTE HOSPITALS NHS TRUST,23611801,46146,654418333
Department of Health,NHS Stockport CCG,31/08/2018,Clinical&Medical-Commercial Sector,PLANNED CARE,BMI HEALTHCARE COLLECTIONS,23611806,38333.33,
Department of Health,NHS Stockport CCG,31/08/2018,Clinical&Medical-Commercial Sector,PLANNED CARE,BMI HEALTHCARE COLLECTIONS,23637046,466659.6,
Department of Health,NHS Stockport CCG,31/08/2018,Computer Hardware Purch,PRIMARY CARE IT,STOCKPORT METROPOLITAN BOROUGH COUNCIL,23637065,29668.72,GB158556040
Department of Health,NHS Stockport CCG,31/08/2018,Clinical&Medical-Commercial Sector,MENTAL HEALTH SERVICES - ADULTS,STANDWALK,23637072,60321.95,
Department of Health,NHS Stockport CCG,31/08/2018,Clinical&Medical-Commercial Sector,PLANNED CARE,ABL HEALTH LTD,23661965,27390.67,
Department of Health,NHS Stockport CCG,31/08/2018,Clinical&Medical-Commercial Sector,PLANNED CARE,ABL HEALTH LTD,23661974,29369.34,
Department of Health,NHS Stockport CCG,31/08/2018,Hcare Srv Rec NHS Trust-Contract Baseline,ACUTE COMMISSIONING,PENNINE ACUTE HOSPITALS NHS TRUST,23675659,46146,654418333
Department of Health,NHS Stockport CCG,31/08/2018,Clinical&Medical-Commercial Sector,PLANNED CARE,BMI HEALTHCARE COLLECTIONS,23675704,466659.6,
Department of Health,NHS Stockport CCG,31/08/2018,Clinical&Medical-Commercial Sector,PLANNED CARE,BMI HEALTHCARE COLLECTIONS,23675733,38333.33,
Department of Health,NHS Stockport CCG,31/08/2018,Hlthcre-Foundation Trsts,ACUTE COMMISSIONING,CHRISTIE HOSPITAL NHS FOUNDATION TRUST,23675746,323480.58,
Department of Health,NHS Stockport CCG,31/08/2018,Hcare Srv Rec Fdtn Trust-Contract Baseline,ACUTE COMMISSIONING,MANCHESTER UNIVERSITY NHS FOUNDATION TRUST,23675764,4108414,654415538
Department of Health,NHS Stockport CCG,31/08/2018,Hcare Srv Rec Fdtn Trust-Contract Baseline,ACUTE COMMISSIONING,STOCKPORT NHS FOUNDATION TRUST,23675790,12879584,
Department of Health,NHS Stockport CCG,31/08/2018,Hcare Srv Rec Fdtn Trust-Contract Baseline,COMMUNITY SERVICES,STOCKPORT NHS FOUNDATION TRUST,23675792,1619989,
Department of Health,NHS Stockport CCG,31/08/2018,Hlthcre-Foundation Trsts,ACUTE COMMISSIONING,CHRISTIE HOSPITAL NHS FOUNDATION TRUST,23704024,-42064,
Department of Health,NHS Stockport CCG,31/08/2018,Hcare Srv Rec Fdtn Trust-Contract Baseline,ACUTE COMMISSIONING,SALFORD ROYAL HOSPITALS NHS FOUNDATION TRUST,23704030,29211,
Department of Health,NHS Stockport CCG,31/08/2018,Hcare Srv Rec Fdtn Trust-Contract Baseline,ACUTE COMMISSIONING,SALFORD ROYAL HOSPITALS NHS FOUNDATION TRUST,23704035,590742,
Department of Health,NHS Stockport CCG,31/08/2018,Hcare Srv Rec Fdtn Trust-Contract Baseline,ACUTE COMMISSIONING,STOCKPORT NHS FOUNDATION TRUST,23704039,-105388,
Department of Health,NHS Stockport CCG,31/08/2018,Hcare Srv Rec Fdtn Trust-Contract Baseline,ACUTE COMMISSIONING,TAMESIDE AND GLOSSOP INTEGRATED CARE NHS FOUNDATION TRUST,23704040,96041.06,GB654945109
