Department family,Entity,Date,Expense Type,Expense area,Supplier,Transaction number,Amount,VAT registration number
Department of Health,NHS Stockport CCG,31/03/2019,Audit Fees: Statutory,CORPORATE COSTS & SERVICES,KPMG LLP,26194077,40029.3,791788859
Department of Health,NHS Stockport CCG,31/03/2019,Clinical&Medical-Commercial Sector,COMMUNITY SERVICES,STOCKPORT METROPOLITAN BOROUGH COUNCIL,26235049,31100,GB158556040
Department of Health,NHS Stockport CCG,31/03/2019,Cont Care- Children,CHC CHILDREN,STOCKPORT METROPOLITAN BOROUGH COUNCIL,26235049,99410,GB158556040
Department of Health,NHS Stockport CCG,31/03/2019,Telecoms-Phone Rental and Calls,PRIMARY CARE IT,NHS OLDHAM CCG,26272087,52058.12,"""-"""
Department of Health,NHS Stockport CCG,31/03/2019,Hcare Srv Rec Fdtn Trust-Non Contract,CONTRACT MANAGEMENT,MANCHESTER UNIVERSITY NHS FOUNDATION TRUST,26272174,25000,654415538
Department of Health,NHS Stockport CCG,31/03/2019,Clinical&Medical-Independent Sector,WINTER PRESSURES,MASTERCALL HEALTHCARE,26272181,184692,"""-"""
Department of Health,NHS Stockport CCG,31/03/2019,Clinical&Medical-Commercial Sector,COMMISSIONING SCHEMES,MASTERCALL HEALTHCARE,26272189,50252.33,"""-"""
Department of Health,NHS Stockport CCG,31/03/2019,Hcare Srv Rec Fdtn Trust-Contract Baseline,MENTAL HEALTH CONTRACTS,CHESHIRE AND WIRRAL PARTNERSHIP NHS FOUNDATION TRUST,26309035,25261.24,654951901
Department of Health,NHS Stockport CCG,31/03/2019,Hcare Srv Rec Fdtn Trust-Contract Baseline,MENTAL HEALTH CONTRACTS,PENNINE CARE NHS FOUNDATION TRUST,26309741,33114.97,654425730
Department of Health,NHS Stockport CCG,31/03/2019,Hcare Srv Rec Fdtn Trust-Contract Baseline,MENTAL HEALTH CONTRACTS,PENNINE CARE NHS FOUNDATION TRUST,26309752,2300241.42,654425730
Department of Health,NHS Stockport CCG,31/03/2019,Clinical&Medical-Commercial Sector,COMMUNITY SERVICES,LEONARD CHESHIRE DISABILITY,26309958,48017.27,899322375
Department of Health,NHS Stockport CCG,31/03/2019,Hcare Srv Rec Fdtn Trust-Contract Baseline,COMMUNITY SERVICES,STOCKPORT NHS FOUNDATION TRUST,26318524,1619988,654974295
Department of Health,NHS Stockport CCG,31/03/2019,Hcare Srv Rec Fdtn Trust-Contract Baseline,ACUTE COMMISSIONING,STOCKPORT NHS FOUNDATION TRUST,26318528,12879584,654974295
Department of Health,NHS Stockport CCG,31/03/2019,C&M-PMS Contract Value,PRC DELEGATED CO-COMMISSIONING,BEECH HOUSE MEDICAL PRACTICE,26365554,54262.25,"""-"""
Department of Health,NHS Stockport CCG,31/03/2019,C&M-PMS DES Extended Hours Access,PRC DELEGATED CO-COMMISSIONING,BEECH HOUSE MEDICAL PRACTICE,26365554,3934.9,"""-"""
Department of Health,NHS Stockport CCG,31/03/2019,C&M-PMS DES Minor Surgery,PRC DELEGATED CO-COMMISSIONING,BEECH HOUSE MEDICAL PRACTICE,26365554,5246.56,"""-"""
Department of Health,NHS Stockport CCG,31/03/2019,C&M-PMS Funding Differential Review,PRC DELEGATED CO-COMMISSIONING,BEECH HOUSE MEDICAL PRACTICE,26365554,934.27,"""-"""
Department of Health,NHS Stockport CCG,31/03/2019,C&M-PMS PCO Seniority,PRC DELEGATED CO-COMMISSIONING,BEECH HOUSE MEDICAL PRACTICE,26365554,2553.35,"""-"""
Department of Health,NHS Stockport CCG,31/03/2019,C&M-PMS QOF Aspiration,PRC DELEGATED CO-COMMISSIONING,BEECH HOUSE MEDICAL PRACTICE,26365554,8495.05,"""-"""
Department of Health,NHS Stockport CCG,31/03/2019,C&M-PMS Contract Value,PRC DELEGATED CO-COMMISSIONING,ARCHWOOD MEDICAL PRACTICE,26365557,43734.86,"""-"""
Department of Health,NHS Stockport CCG,31/03/2019,C&M-PMS DES Extended Hours Access,PRC DELEGATED CO-COMMISSIONING,ARCHWOOD MEDICAL PRACTICE,26365557,2795.85,"""-"""
Department of Health,NHS Stockport CCG,31/03/2019,C&M-PMS Funding Differential Review,PRC DELEGATED CO-COMMISSIONING,ARCHWOOD MEDICAL PRACTICE,26365557,341.52,"""-"""
Department of Health,NHS Stockport CCG,31/03/2019,C&M-PMS PCO Seniority,PRC DELEGATED CO-COMMISSIONING,ARCHWOOD MEDICAL PRACTICE,26365557,2154.84,"""-"""
Department of Health,NHS Stockport CCG,31/03/2019,C&M-PMS Prem Healthcentre Rent,PRC DELEGATED CO-COMMISSIONING,ARCHWOOD MEDICAL PRACTICE,26365557,21091.83,"""-"""
Department of Health,NHS Stockport CCG,31/03/2019,C&M-PMS QOF Aspiration,PRC DELEGATED CO-COMMISSIONING,ARCHWOOD MEDICAL PRACTICE,26365557,5859.38,"""-"""
Department of Health,NHS Stockport CCG,31/03/2019,ME - PMS GP Prior Year ERs,PRC DELEGATED CO-COMMISSIONING,ARCHWOOD MEDICAL PRACTICE,26365557,23975.75,"""-"""
Department of Health,NHS Stockport CCG,31/03/2019,ME-PMS GP Pension EEs Adjs - PMS,PRC DELEGATED CO-COMMISSIONING,ARCHWOOD MEDICAL PRACTICE,26365557,2576.9,"""-"""
Department of Health,NHS Stockport CCG,31/03/2019,ME-PMS GP Pension ERs Adjs - PMS,PRC DELEGATED CO-COMMISSIONING,ARCHWOOD MEDICAL PRACTICE,26365557,3984.44,"""-"""
Department of Health,NHS Stockport CCG,31/03/2019,ME-PMS GP Prior Year EEs,PRC DELEGATED CO-COMMISSIONING,ARCHWOOD MEDICAL PRACTICE,26365557,15511.79,"""-"""
Department of Health,NHS Stockport CCG,31/03/2019,C&M-GMS DES Extended Hours Access,PRC DELEGATED CO-COMMISSIONING,ADSHALL ROAD MEDICAL PRACTICE,26365559,2271.45,"""-"""
Department of Health,NHS Stockport CCG,31/03/2019,C&M-GMS DES Learn Dsblty Hlth Chk,PRC DELEGATED CO-COMMISSIONING,ADSHALL ROAD MEDICAL PRACTICE,26365559,140,"""-"""
Department of Health,NHS Stockport CCG,31/03/2019,C&M-GMS DES Minor Surgery,PRC DELEGATED CO-COMMISSIONING,ADSHALL ROAD MEDICAL PRACTICE,26365559,130.08,"""-"""
Department of Health,NHS Stockport CCG,31/03/2019,C&M-GMS Global Sum,PRC DELEGATED CO-COMMISSIONING,ADSHALL ROAD MEDICAL PRACTICE,26365559,32608.28,"""-"""
Department of Health,NHS Stockport CCG,31/03/2019,C&M-GMS MPIG Correction Factor,PRC DELEGATED CO-COMMISSIONING,ADSHALL ROAD MEDICAL PRACTICE,26365559,424.57,"""-"""
Department of Health,NHS Stockport CCG,31/03/2019,C&M-GMS PCO Locum Adop/Pat/Mat,PRC DELEGATED CO-COMMISSIONING,ADSHALL ROAD MEDICAL PRACTICE,26365559,6240,"""-"""
Department of Health,NHS Stockport CCG,31/03/2019,C&M-GMS PCO Seniority,PRC DELEGATED CO-COMMISSIONING,ADSHALL ROAD MEDICAL PRACTICE,26365559,119.39,"""-"""
Department of Health,NHS Stockport CCG,31/03/2019,C&M-GMS Prem Notional Rent,PRC DELEGATED CO-COMMISSIONING,ADSHALL ROAD MEDICAL PRACTICE,26365559,2627.33,"""-"""
Department of Health,NHS Stockport CCG,31/03/2019,C&M-GMS QOF Aspiration,PRC DELEGATED CO-COMMISSIONING,ADSHALL ROAD MEDICAL PRACTICE,26365559,4038.3,"""-"""
Department of Health,NHS Stockport CCG,31/03/2019,C&M-PMS Contract Value,PRC DELEGATED CO-COMMISSIONING,ADSWOOD ROAD SURGERY,26365560,28429.1,"""-"""
Department of Health,NHS Stockport CCG,31/03/2019,C&M-PMS DES Learn Dsblty Hlth Chk,PRC DELEGATED CO-COMMISSIONING,ADSWOOD ROAD SURGERY,26365560,2240,"""-"""
Department of Health,NHS Stockport CCG,31/03/2019,C&M-PMS Funding Differential Review,PRC DELEGATED CO-COMMISSIONING,ADSWOOD ROAD SURGERY,26365560,424.61,"""-"""
Department of Health,NHS Stockport CCG,31/03/2019,C&M-PMS Prem Notional Rent,PRC DELEGATED CO-COMMISSIONING,ADSWOOD ROAD SURGERY,26365560,2441.67,"""-"""
Department of Health,NHS Stockport CCG,31/03/2019,C&M-PMS QOF Aspiration,PRC DELEGATED CO-COMMISSIONING,ADSWOOD ROAD SURGERY,26365560,3678.48,"""-"""
Department of Health,NHS Stockport CCG,31/03/2019,C&M-GMS DES Extended Hours Access,PRC DELEGATED CO-COMMISSIONING,BRAMHALL HEALTH CENTRE,26365562,6115.63,"""-"""
Department of Health,NHS Stockport CCG,31/03/2019,C&M-GMS Global Sum,PRC DELEGATED CO-COMMISSIONING,BRAMHALL HEALTH CENTRE,26365562,85262.63,"""-"""
Department of Health,NHS Stockport CCG,31/03/2019,C&M-GMS MPIG Correction Factor,PRC DELEGATED CO-COMMISSIONING,BRAMHALL HEALTH CENTRE,26365562,1526.02,"""-"""
Department of Health,NHS Stockport CCG,31/03/2019,C&M-GMS PCO Seniority,PRC DELEGATED CO-COMMISSIONING,BRAMHALL HEALTH CENTRE,26365562,1928.67,"""-"""
Department of Health,NHS Stockport CCG,31/03/2019,C&M-GMS QOF Aspiration,PRC DELEGATED CO-COMMISSIONING,BRAMHALL HEALTH CENTRE,26365562,9679.61,"""-"""
Department of Health,NHS Stockport CCG,31/03/2019,C&M-PMS Contract Value,PRC DELEGATED CO-COMMISSIONING,BRAMHALL PARK MEDICAL CENTRE,26365564,96994.65,"""-"""
Department of Health,NHS Stockport CCG,31/03/2019,C&M-PMS DES Extended Hours Access,PRC DELEGATED CO-COMMISSIONING,BRAMHALL PARK MEDICAL CENTRE,26365564,6874.2,"""-"""
Department of Health,NHS Stockport CCG,31/03/2019,C&M-PMS DES Learn Dsblty Hlth Chk,PRC DELEGATED CO-COMMISSIONING,BRAMHALL PARK MEDICAL CENTRE,26365564,420,"""-"""
Department of Health,NHS Stockport CCG,31/03/2019,C&M-PMS DES Minor Surgery,PRC DELEGATED CO-COMMISSIONING,BRAMHALL PARK MEDICAL CENTRE,26365564,260.16,"""-"""
Department of Health,NHS Stockport CCG,31/03/2019,C&M-PMS Funding Differential Review,PRC DELEGATED CO-COMMISSIONING,BRAMHALL PARK MEDICAL CENTRE,26365564,887.4,"""-"""
Department of Health,NHS Stockport CCG,31/03/2019,C&M-PMS PCO Seniority,PRC DELEGATED CO-COMMISSIONING,BRAMHALL PARK MEDICAL CENTRE,26365564,1945.42,"""-"""
Department of Health,NHS Stockport CCG,31/03/2019,C&M-PMS Prem Notional Rent,PRC DELEGATED CO-COMMISSIONING,BRAMHALL PARK MEDICAL CENTRE,26365564,2900,"""-"""
Department of Health,NHS Stockport CCG,31/03/2019,C&M-PMS QOF Aspiration,PRC DELEGATED CO-COMMISSIONING,BRAMHALL PARK MEDICAL CENTRE,26365564,12894.65,"""-"""
Department of Health,NHS Stockport CCG,31/03/2019,C&M-PMS Contract Value,PRC DELEGATED CO-COMMISSIONING,BREDBURY MEDICAL PRACTICE,26365566,31756.51,"""-"""
Department of Health,NHS Stockport CCG,31/03/2019,C&M-PMS DES Extended Hours Access,PRC DELEGATED CO-COMMISSIONING,BREDBURY MEDICAL PRACTICE,26365566,2188.33,"""-"""
Department of Health,NHS Stockport CCG,31/03/2019,C&M-PMS DES Minor Surgery,PRC DELEGATED CO-COMMISSIONING,BREDBURY MEDICAL PRACTICE,26365566,2601.6,"""-"""
Department of Health,NHS Stockport CCG,31/03/2019,C&M-PMS Funding Differential Review,PRC DELEGATED CO-COMMISSIONING,BREDBURY MEDICAL PRACTICE,26365566,398.52,"""-"""
Department of Health,NHS Stockport CCG,31/03/2019,C&M-PMS PCO Seniority,PRC DELEGATED CO-COMMISSIONING,BREDBURY MEDICAL PRACTICE,26365566,2401.23,"""-"""
Department of Health,NHS Stockport CCG,31/03/2019,C&M-PMS Prem Notional Rent,PRC DELEGATED CO-COMMISSIONING,BREDBURY MEDICAL PRACTICE,26365566,3316.67,"""-"""
Department of Health,NHS Stockport CCG,31/03/2019,C&M-PMS QOF Aspiration,PRC DELEGATED CO-COMMISSIONING,BREDBURY MEDICAL PRACTICE,26365566,3370.09,"""-"""
Department of Health,NHS Stockport CCG,31/03/2019,C&M-GMS DES Extended Hours Access,PRC DELEGATED CO-COMMISSIONING,BRACONDALE MEDICAL CENTRE,26365568,2478.55,"""-"""
Department of Health,NHS Stockport CCG,31/03/2019,C&M-GMS Global Sum,PRC DELEGATED CO-COMMISSIONING,BRACONDALE MEDICAL CENTRE,26365568,36881.09,"""-"""
Department of Health,NHS Stockport CCG,31/03/2019,C&M-GMS MPIG Correction Factor,PRC DELEGATED CO-COMMISSIONING,BRACONDALE MEDICAL CENTRE,26365568,440.1,"""-"""
Department of Health,NHS Stockport CCG,31/03/2019,C&M-GMS PCO Seniority,PRC DELEGATED CO-COMMISSIONING,BRACONDALE MEDICAL CENTRE,26365568,545.14,"""-"""
Department of Health,NHS Stockport CCG,31/03/2019,C&M-GMS Prem Actual Rent,PRC DELEGATED CO-COMMISSIONING,BRACONDALE MEDICAL CENTRE,26365568,7720,"""-"""
Department of Health,NHS Stockport CCG,31/03/2019,C&M-GMS QOF Aspiration,PRC DELEGATED CO-COMMISSIONING,BRACONDALE MEDICAL CENTRE,26365568,3928.52,"""-"""
Department of Health,NHS Stockport CCG,31/03/2019,C&M-PMS Contract Value,PRC DELEGATED CO-COMMISSIONING,CARITAS GENERAL PRACTICE PARTNERSHIP,26365570,93443.69,"""-"""
Department of Health,NHS Stockport CCG,31/03/2019,C&M-PMS DES Extended Hours Access,PRC DELEGATED CO-COMMISSIONING,CARITAS GENERAL PRACTICE PARTNERSHIP,26365570,6291.85,"""-"""
Department of Health,NHS Stockport CCG,31/03/2019,C&M-PMS DES Minor Surgery,PRC DELEGATED CO-COMMISSIONING,CARITAS GENERAL PRACTICE PARTNERSHIP,26365570,216.8,"""-"""
Department of Health,NHS Stockport CCG,31/03/2019,C&M-PMS Funding Differential Review,PRC DELEGATED CO-COMMISSIONING,CARITAS GENERAL PRACTICE PARTNERSHIP,26365570,77.25,"""-"""
Department of Health,NHS Stockport CCG,31/03/2019,C&M-PMS PCO Seniority,PRC DELEGATED CO-COMMISSIONING,CARITAS GENERAL PRACTICE PARTNERSHIP,26365570,3820.25,"""-"""
Department of Health,NHS Stockport CCG,31/03/2019,C&M-PMS Prem Actual Rent,PRC DELEGATED CO-COMMISSIONING,CARITAS GENERAL PRACTICE PARTNERSHIP,26365570,870,"""-"""
Department of Health,NHS Stockport CCG,31/03/2019,C&M-PMS Prem Notional Rent,PRC DELEGATED CO-COMMISSIONING,CARITAS GENERAL PRACTICE PARTNERSHIP,26365570,6626.66,"""-"""
Department of Health,NHS Stockport CCG,31/03/2019,C&M-PMS QOF Aspiration,PRC DELEGATED CO-COMMISSIONING,CARITAS GENERAL PRACTICE PARTNERSHIP,26365570,11271.09,"""-"""
Department of Health,NHS Stockport CCG,31/03/2019,C&M-GMS DES Extended Hours Access,PRC DELEGATED CO-COMMISSIONING,CALE GREEN SURGERY,26365572,1832.55,"""-"""
Department of Health,NHS Stockport CCG,31/03/2019,C&M-GMS Global Sum,PRC DELEGATED CO-COMMISSIONING,CALE GREEN SURGERY,26365572,27515.96,"""-"""
Department of Health,NHS Stockport CCG,31/03/2019,C&M-GMS MPIG Correction Factor,PRC DELEGATED CO-COMMISSIONING,CALE GREEN SURGERY,26365572,113.74,"""-"""
Department of Health,NHS Stockport CCG,31/03/2019,C&M-GMS PCO Seniority,PRC DELEGATED CO-COMMISSIONING,CALE GREEN SURGERY,26365572,516.08,"""-"""
Department of Health,NHS Stockport CCG,31/03/2019,C&M-GMS Prem Notional Rent,PRC DELEGATED CO-COMMISSIONING,CALE GREEN SURGERY,26365572,2274.17,"""-"""
Department of Health,NHS Stockport CCG,31/03/2019,C&M-GMS QOF Aspiration,PRC DELEGATED CO-COMMISSIONING,CALE GREEN SURGERY,26365572,2654.95,"""-"""
Department of Health,NHS Stockport CCG,31/03/2019,C&M-PMS Contract Value,PRC DELEGATED CO-COMMISSIONING,BRINNINGTON HEALTH CENTRE STOCKPORT,26365574,76094.12,"""-"""
Department of Health,NHS Stockport CCG,31/03/2019,C&M-PMS DES Extended Hours Access,PRC DELEGATED CO-COMMISSIONING,BRINNINGTON HEALTH CENTRE STOCKPORT,26365574,4225.13,"""-"""
Department of Health,NHS Stockport CCG,31/03/2019,C&M-PMS DES Learn Dsblty Hlth Chk,PRC DELEGATED CO-COMMISSIONING,BRINNINGTON HEALTH CENTRE STOCKPORT,26365574,3080,"""-"""
Department of Health,NHS Stockport CCG,31/03/2019,C&M-PMS Funding Differential Review,PRC DELEGATED CO-COMMISSIONING,BRINNINGTON HEALTH CENTRE STOCKPORT,26365574,314.34,"""-"""
Department of Health,NHS Stockport CCG,31/03/2019,C&M-PMS PCO Locum Sickness,PRC DELEGATED CO-COMMISSIONING,BRINNINGTON HEALTH CENTRE STOCKPORT,26365574,2440,"""-"""
Department of Health,NHS Stockport CCG,31/03/2019,C&M-PMS PCO Seniority,PRC DELEGATED CO-COMMISSIONING,BRINNINGTON HEALTH CENTRE STOCKPORT,26365574,4515.51,"""-"""
Department of Health,NHS Stockport CCG,31/03/2019,C&M-PMS Prem Healthcentre Rent,PRC DELEGATED CO-COMMISSIONING,BRINNINGTON HEALTH CENTRE STOCKPORT,26365574,35178.44,"""-"""
Department of Health,NHS Stockport CCG,31/03/2019,C&M-PMS QOF Aspiration,PRC DELEGATED CO-COMMISSIONING,BRINNINGTON HEALTH CENTRE STOCKPORT,26365574,10407.72,"""-"""
Department of Health,NHS Stockport CCG,31/03/2019,ME - PMS GP Prior Year ERs,PRC DELEGATED CO-COMMISSIONING,BRINNINGTON HEALTH CENTRE STOCKPORT,26365574,522.55,"""-"""
Department of Health,NHS Stockport CCG,31/03/2019,ME-PMS GP Pension EEs Adjs - PMS,PRC DELEGATED CO-COMMISSIONING,BRINNINGTON HEALTH CENTRE STOCKPORT,26365574,479.55,"""-"""
Department of Health,NHS Stockport CCG,31/03/2019,ME-PMS GP Pension ERs Adjs - PMS,PRC DELEGATED CO-COMMISSIONING,BRINNINGTON HEALTH CENTRE STOCKPORT,26365574,741.47,"""-"""
Department of Health,NHS Stockport CCG,31/03/2019,ME-PMS GP Prior Year EEs,PRC DELEGATED CO-COMMISSIONING,BRINNINGTON HEALTH CENTRE STOCKPORT,26365574,1139.81,"""-"""
Department of Health,NHS Stockport CCG,31/03/2019,C&M-PMS Contract Value,PRC DELEGATED CO-COMMISSIONING,CHEADLE HULME HEALTH CENTRE - DR SEABROOK,26365576,86636.92,"""-"""
Department of Health,NHS Stockport CCG,31/03/2019,C&M-PMS DES Extended Hours Access,PRC DELEGATED CO-COMMISSIONING,CHEADLE HULME HEALTH CENTRE - DR SEABROOK,26365576,6118.48,"""-"""
Department of Health,NHS Stockport CCG,31/03/2019,C&M-PMS DES Minor Surgery,PRC DELEGATED CO-COMMISSIONING,CHEADLE HULME HEALTH CENTRE - DR SEABROOK,26365576,2254.72,"""-"""
Department of Health,NHS Stockport CCG,31/03/2019,C&M-PMS Funding Differential Review,PRC DELEGATED CO-COMMISSIONING,CHEADLE HULME HEALTH CENTRE - DR SEABROOK,26365576,517.22,"""-"""
Department of Health,NHS Stockport CCG,31/03/2019,C&M-PMS PCO Seniority,PRC DELEGATED CO-COMMISSIONING,CHEADLE HULME HEALTH CENTRE - DR SEABROOK,26365576,4158.12,"""-"""
Department of Health,NHS Stockport CCG,31/03/2019,C&M-PMS Prem Healthcentre Rent,PRC DELEGATED CO-COMMISSIONING,CHEADLE HULME HEALTH CENTRE - DR SEABROOK,26365576,6617.66,"""-"""
Department of Health,NHS Stockport CCG,31/03/2019,C&M-PMS Prem Notional Rent,PRC DELEGATED CO-COMMISSIONING,CHEADLE HULME HEALTH CENTRE - DR SEABROOK,26365576,3812.5,"""-"""
Department of Health,NHS Stockport CCG,31/03/2019,C&M-PMS QOF Aspiration,PRC DELEGATED CO-COMMISSIONING,CHEADLE HULME HEALTH CENTRE - DR SEABROOK,26365576,9344.42,"""-"""
Department of Health,NHS Stockport CCG,31/03/2019,C&M-PMS Contract Value,PRC DELEGATED CO-COMMISSIONING,CHEADLE HULME HEALTH CENTRE - DR SHIPSTON,26365578,73490.43,"""-"""
Department of Health,NHS Stockport CCG,31/03/2019,C&M-PMS DES Extended Hours Access,PRC DELEGATED CO-COMMISSIONING,CHEADLE HULME HEALTH CENTRE - DR SHIPSTON,26365578,5275.83,"""-"""
Department of Health,NHS Stockport CCG,31/03/2019,C&M-PMS DES Minor Surgery,PRC DELEGATED CO-COMMISSIONING,CHEADLE HULME HEALTH CENTRE - DR SHIPSTON,26365578,780.48,"""-"""
Department of Health,NHS Stockport CCG,31/03/2019,C&M-PMS Funding Differential Review,PRC DELEGATED CO-COMMISSIONING,CHEADLE HULME HEALTH CENTRE - DR SHIPSTON,26365578,717.61,"""-"""
Department of Health,NHS Stockport CCG,31/03/2019,C&M-PMS PCO Seniority,PRC DELEGATED CO-COMMISSIONING,CHEADLE HULME HEALTH CENTRE - DR SHIPSTON,26365578,4406.37,"""-"""
Department of Health,NHS Stockport CCG,31/03/2019,C&M-PMS Prem Healthcentre Rent,PRC DELEGATED CO-COMMISSIONING,CHEADLE HULME HEALTH CENTRE - DR SHIPSTON,26365578,3388.14,"""-"""
Department of Health,NHS Stockport CCG,31/03/2019,C&M-PMS Prem Notional Rent,PRC DELEGATED CO-COMMISSIONING,CHEADLE HULME HEALTH CENTRE - DR SHIPSTON,26365578,4941.67,"""-"""
Department of Health,NHS Stockport CCG,31/03/2019,C&M-PMS QOF Aspiration,PRC DELEGATED CO-COMMISSIONING,CHEADLE HULME HEALTH CENTRE - DR SHIPSTON,26365578,8235.81,"""-"""
Department of Health,NHS Stockport CCG,31/03/2019,C&M-GMS DES Extended Hours Access,PRC DELEGATED CO-COMMISSIONING,CHEADLE MEDICAL PRACTICE,26365580,5668.18,"""-"""
Department of Health,NHS Stockport CCG,31/03/2019,C&M-GMS DES Minor Surgery,PRC DELEGATED CO-COMMISSIONING,CHEADLE MEDICAL PRACTICE,26365580,3555.52,"""-"""
Department of Health,NHS Stockport CCG,31/03/2019,C&M-GMS Global Sum,PRC DELEGATED CO-COMMISSIONING,CHEADLE MEDICAL PRACTICE,26365580,79933.83,"""-"""
Department of Health,NHS Stockport CCG,31/03/2019,C&M-GMS MPIG Correction Factor,PRC DELEGATED CO-COMMISSIONING,CHEADLE MEDICAL PRACTICE,26365580,953.44,"""-"""
Department of Health,NHS Stockport CCG,31/03/2019,C&M-GMS PCO Seniority,PRC DELEGATED CO-COMMISSIONING,CHEADLE MEDICAL PRACTICE,26365580,2533.14,"""-"""
Department of Health,NHS Stockport CCG,31/03/2019,C&M-GMS Prem Notional Rent,PRC DELEGATED CO-COMMISSIONING,CHEADLE MEDICAL PRACTICE,26365580,5450,"""-"""
Department of Health,NHS Stockport CCG,31/03/2019,C&M-GMS QOF Aspiration,PRC DELEGATED CO-COMMISSIONING,CHEADLE MEDICAL PRACTICE,26365580,10003.56,"""-"""
Department of Health,NHS Stockport CCG,31/03/2019,C&M-GMS DES Extended Hours Access,PRC DELEGATED CO-COMMISSIONING,CHADSFIELD MEDICAL PRACTICE,26365584,3320.25,"""-"""
Department of Health,NHS Stockport CCG,31/03/2019,C&M-GMS DES Learn Dsblty Hlth Chk,PRC DELEGATED CO-COMMISSIONING,CHADSFIELD MEDICAL PRACTICE,26365584,140,"""-"""
Department of Health,NHS Stockport CCG,31/03/2019,C&M-GMS DES Minor Surgery,PRC DELEGATED CO-COMMISSIONING,CHADSFIELD MEDICAL PRACTICE,26365584,910.56,"""-"""
Department of Health,NHS Stockport CCG,31/03/2019,C&M-GMS Global Sum,PRC DELEGATED CO-COMMISSIONING,CHADSFIELD MEDICAL PRACTICE,26365584,54466.6,"""-"""
Department of Health,NHS Stockport CCG,31/03/2019,C&M-GMS MPIG Correction Factor,PRC DELEGATED CO-COMMISSIONING,CHADSFIELD MEDICAL PRACTICE,26365584,638.93,"""-"""
Department of Health,NHS Stockport CCG,31/03/2019,C&M-GMS PCO Seniority,PRC DELEGATED CO-COMMISSIONING,CHADSFIELD MEDICAL PRACTICE,26365584,1595.38,"""-"""
Department of Health,NHS Stockport CCG,31/03/2019,C&M-GMS Prem Healthcentre Rent,PRC DELEGATED CO-COMMISSIONING,CHADSFIELD MEDICAL PRACTICE,26365584,867.84,"""-"""
Department of Health,NHS Stockport CCG,31/03/2019,C&M-GMS QOF Aspiration,PRC DELEGATED CO-COMMISSIONING,CHADSFIELD MEDICAL PRACTICE,26365584,7245.93,"""-"""
Department of Health,NHS Stockport CCG,31/03/2019,C&M-PMS Contract Value,PRC DELEGATED CO-COMMISSIONING,FAMILY SURGERY STOCKPORT,26365586,86034.88,"""-"""
Department of Health,NHS Stockport CCG,31/03/2019,C&M-PMS DES Extended Hours Access,PRC DELEGATED CO-COMMISSIONING,FAMILY SURGERY STOCKPORT,26365586,5669.13,"""-"""
Department of Health,NHS Stockport CCG,31/03/2019,C&M-PMS DES Minor Surgery,PRC DELEGATED CO-COMMISSIONING,FAMILY SURGERY STOCKPORT,26365586,3035.2,"""-"""
Department of Health,NHS Stockport CCG,31/03/2019,C&M-PMS Funding Differential Review,PRC DELEGATED CO-COMMISSIONING,FAMILY SURGERY STOCKPORT,26365586,538.73,"""-"""
Department of Health,NHS Stockport CCG,31/03/2019,C&M-PMS PCO Seniority,PRC DELEGATED CO-COMMISSIONING,FAMILY SURGERY STOCKPORT,26365586,1215.61,"""-"""
Department of Health,NHS Stockport CCG,31/03/2019,C&M-PMS Prem Notional Rent,PRC DELEGATED CO-COMMISSIONING,FAMILY SURGERY STOCKPORT,26365586,5800,"""-"""
Department of Health,NHS Stockport CCG,31/03/2019,C&M-PMS Prem Water Rates,PRC DELEGATED CO-COMMISSIONING,FAMILY SURGERY STOCKPORT,26365586,256.56,"""-"""
Department of Health,NHS Stockport CCG,31/03/2019,C&M-PMS QOF Aspiration,PRC DELEGATED CO-COMMISSIONING,FAMILY SURGERY STOCKPORT,26365586,8896.65,"""-"""
Department of Health,NHS Stockport CCG,31/03/2019,C&M-GMS DES Extended Hours Access,PRC DELEGATED CO-COMMISSIONING,GATLEY MEDICAL CENTRE,26365588,4436.03,"""-"""
Department of Health,NHS Stockport CCG,31/03/2019,C&M-GMS DES Minor Surgery,PRC DELEGATED CO-COMMISSIONING,GATLEY MEDICAL CENTRE,26365588,1257.44,"""-"""
Department of Health,NHS Stockport CCG,31/03/2019,C&M-GMS Global Sum,PRC DELEGATED CO-COMMISSIONING,GATLEY MEDICAL CENTRE,26365588,61267.64,"""-"""
Department of Health,NHS Stockport CCG,31/03/2019,C&M-GMS MPIG Correction Factor,PRC DELEGATED CO-COMMISSIONING,GATLEY MEDICAL CENTRE,26365588,586.83,"""-"""
Department of Health,NHS Stockport CCG,31/03/2019,C&M-GMS PCO Locum Adop/Pat/Mat,PRC DELEGATED CO-COMMISSIONING,GATLEY MEDICAL CENTRE,26365588,6150,"""-"""
Department of Health,NHS Stockport CCG,31/03/2019,C&M-GMS PCO Locum Sickness,PRC DELEGATED CO-COMMISSIONING,GATLEY MEDICAL CENTRE,26365588,6864.63,"""-"""
Department of Health,NHS Stockport CCG,31/03/2019,C&M-GMS PCO Seniority,PRC DELEGATED CO-COMMISSIONING,GATLEY MEDICAL CENTRE,26365588,3124.91,"""-"""
Department of Health,NHS Stockport CCG,31/03/2019,C&M-GMS Prem Actual Rent,PRC DELEGATED CO-COMMISSIONING,GATLEY MEDICAL CENTRE,26365588,29673.89,"""-"""
Department of Health,NHS Stockport CCG,31/03/2019,C&M-GMS Prem Other,PRC DELEGATED CO-COMMISSIONING,GATLEY MEDICAL CENTRE,26365588,453.87,"""-"""
Department of Health,NHS Stockport CCG,31/03/2019,C&M-GMS QOF Aspiration,PRC DELEGATED CO-COMMISSIONING,GATLEY MEDICAL CENTRE,26365588,7571.86,"""-"""
Department of Health,NHS Stockport CCG,31/03/2019,C&M-GMS DES Extended Hours Access,PRC DELEGATED CO-COMMISSIONING,GUYWOOD PRACTICE,26365590,1396.98,"""-"""
Department of Health,NHS Stockport CCG,31/03/2019,C&M-GMS DES Learn Dsblty Hlth Chk,PRC DELEGATED CO-COMMISSIONING,GUYWOOD PRACTICE,26365590,980,"""-"""
Department of Health,NHS Stockport CCG,31/03/2019,C&M-GMS Global Sum,PRC DELEGATED CO-COMMISSIONING,GUYWOOD PRACTICE,26365590,21495.69,"""-"""
Department of Health,NHS Stockport CCG,31/03/2019,C&M-GMS MPIG Correction Factor,PRC DELEGATED CO-COMMISSIONING,GUYWOOD PRACTICE,26365590,450.47,"""-"""
Department of Health,NHS Stockport CCG,31/03/2019,C&M-GMS PCO Seniority,PRC DELEGATED CO-COMMISSIONING,GUYWOOD PRACTICE,26365590,1263.15,"""-"""
Department of Health,NHS Stockport CCG,31/03/2019,C&M-GMS Prem Healthcentre Rent,PRC DELEGATED CO-COMMISSIONING,GUYWOOD PRACTICE,26365590,496.78,"""-"""
Department of Health,NHS Stockport CCG,31/03/2019,C&M-GMS QOF Aspiration,PRC DELEGATED CO-COMMISSIONING,GUYWOOD PRACTICE,26365590,2485.31,"""-"""
Department of Health,NHS Stockport CCG,31/03/2019,ME - GMS GP Prior Year ERs,PRC DELEGATED CO-COMMISSIONING,GUYWOOD PRACTICE,26365590,506.64,"""-"""
Department of Health,NHS Stockport CCG,31/03/2019,ME-GMS GP Prior Year EEs,PRC DELEGATED CO-COMMISSIONING,GUYWOOD PRACTICE,26365590,478.33,"""-"""
Department of Health,NHS Stockport CCG,31/03/2019,C&M-PMS Contract Value,PRC DELEGATED CO-COMMISSIONING,HEATON MERSEY MEDICAL PRACTICE,26365592,52002.09,"""-"""
Department of Health,NHS Stockport CCG,31/03/2019,C&M-PMS DES Extended Hours Access,PRC DELEGATED CO-COMMISSIONING,HEATON MERSEY MEDICAL PRACTICE,26365592,3881.7,"""-"""
Department of Health,NHS Stockport CCG,31/03/2019,C&M-PMS Funding Differential Review,PRC DELEGATED CO-COMMISSIONING,HEATON MERSEY MEDICAL PRACTICE,26365592,814.83,"""-"""
Department of Health,NHS Stockport CCG,31/03/2019,C&M-PMS PCO Seniority,PRC DELEGATED CO-COMMISSIONING,HEATON MERSEY MEDICAL PRACTICE,26365592,3384.79,"""-"""
Department of Health,NHS Stockport CCG,31/03/2019,C&M-PMS Prem Notional Rent,PRC DELEGATED CO-COMMISSIONING,HEATON MERSEY MEDICAL PRACTICE,26365592,3208.33,"""-"""
Department of Health,NHS Stockport CCG,31/03/2019,C&M-PMS QOF Aspiration,PRC DELEGATED CO-COMMISSIONING,HEATON MERSEY MEDICAL PRACTICE,26365592,6327.86,"""-"""
Department of Health,NHS Stockport CCG,31/03/2019,C&M-GMS DES Extended Hours Access,PRC DELEGATED CO-COMMISSIONING,HEATON NORRIS HEALTH CENTRE DR MARSHALL,26365594,3473.2,"""-"""
Department of Health,NHS Stockport CCG,31/03/2019,C&M-GMS DES Minor Surgery,PRC DELEGATED CO-COMMISSIONING,HEATON NORRIS HEALTH CENTRE DR MARSHALL,26365594,1214.08,"""-"""
Department of Health,NHS Stockport CCG,31/03/2019,C&M-GMS Global Sum,PRC DELEGATED CO-COMMISSIONING,HEATON NORRIS HEALTH CENTRE DR MARSHALL,26365594,55787.89,"""-"""
Department of Health,NHS Stockport CCG,31/03/2019,C&M-GMS PCO Seniority,PRC DELEGATED CO-COMMISSIONING,HEATON NORRIS HEALTH CENTRE DR MARSHALL,26365594,1336.27,"""-"""
Department of Health,NHS Stockport CCG,31/03/2019,C&M-GMS QOF Aspiration,PRC DELEGATED CO-COMMISSIONING,HEATON NORRIS HEALTH CENTRE DR MARSHALL,26365594,6957.73,"""-"""
Department of Health,NHS Stockport CCG,31/03/2019,C&M-PMS Contract Value,PRC DELEGATED CO-COMMISSIONING,HIGH LANE MEDICAL CENTRE,26365595,42956.24,"""-"""
Department of Health,NHS Stockport CCG,31/03/2019,C&M-PMS DES Extended Hours Access,PRC DELEGATED CO-COMMISSIONING,HIGH LANE MEDICAL CENTRE,26365595,2808.68,"""-"""
Department of Health,NHS Stockport CCG,31/03/2019,C&M-PMS Funding Differential Review,PRC DELEGATED CO-COMMISSIONING,HIGH LANE MEDICAL CENTRE,26365595,233.19,"""-"""
Department of Health,NHS Stockport CCG,31/03/2019,C&M-PMS PCO Seniority,PRC DELEGATED CO-COMMISSIONING,HIGH LANE MEDICAL CENTRE,26365595,1577.03,"""-"""
Department of Health,NHS Stockport CCG,31/03/2019,C&M-PMS Prem Actual Rent,PRC DELEGATED CO-COMMISSIONING,HIGH LANE MEDICAL CENTRE,26365595,16458.35,"""-"""
Department of Health,NHS Stockport CCG,31/03/2019,C&M-PMS Prem Water Rates,PRC DELEGATED CO-COMMISSIONING,HIGH LANE MEDICAL CENTRE,26365595,3863.68,"""-"""
Department of Health,NHS Stockport CCG,31/03/2019,C&M-PMS QOF Aspiration,PRC DELEGATED CO-COMMISSIONING,HIGH LANE MEDICAL CENTRE,26365595,4407.41,"""-"""
Department of Health,NHS Stockport CCG,31/03/2019,C&M-GMS DES Extended Hours Access,PRC DELEGATED CO-COMMISSIONING,HEALD GREEN HEALTH CENTRE DR WRIGHT,26365597,3101.75,"""-"""
Department of Health,NHS Stockport CCG,31/03/2019,C&M-GMS DES Minor Surgery,PRC DELEGATED CO-COMMISSIONING,HEALD GREEN HEALTH CENTRE DR WRIGHT,26365597,130.08,"""-"""
Department of Health,NHS Stockport CCG,31/03/2019,C&M-GMS Global Sum,PRC DELEGATED CO-COMMISSIONING,HEALD GREEN HEALTH CENTRE DR WRIGHT,26365597,42465.83,"""-"""
Department of Health,NHS Stockport CCG,31/03/2019,C&M-GMS MPIG Correction Factor,PRC DELEGATED CO-COMMISSIONING,HEALD GREEN HEALTH CENTRE DR WRIGHT,26365597,459.64,"""-"""
Department of Health,NHS Stockport CCG,31/03/2019,C&M-GMS PCO Locum Adop/Pat/Mat,PRC DELEGATED CO-COMMISSIONING,HEALD GREEN HEALTH CENTRE DR WRIGHT,26365597,1400,"""-"""
Department of Health,NHS Stockport CCG,31/03/2019,C&M-GMS PCO Seniority,PRC DELEGATED CO-COMMISSIONING,HEALD GREEN HEALTH CENTRE DR WRIGHT,26365597,1132.19,"""-"""
Department of Health,NHS Stockport CCG,31/03/2019,C&M-GMS QOF Aspiration,PRC DELEGATED CO-COMMISSIONING,HEALD GREEN HEALTH CENTRE DR WRIGHT,26365597,5147.76,"""-"""
Department of Health,NHS Stockport CCG,31/03/2019,C&M-GMS DES Extended Hours Access,PRC DELEGATED CO-COMMISSIONING,MARPLE BRIDGE SURGERY,26365599,3070.4,"""-"""
Department of Health,NHS Stockport CCG,31/03/2019,C&M-GMS DES Minor Surgery,PRC DELEGATED CO-COMMISSIONING,MARPLE BRIDGE SURGERY,26365599,1214.08,"""-"""
Department of Health,NHS Stockport CCG,31/03/2019,C&M-GMS Global Sum,PRC DELEGATED CO-COMMISSIONING,MARPLE BRIDGE SURGERY,26365599,46090.93,"""-"""
Department of Health,NHS Stockport CCG,31/03/2019,C&M-GMS MPIG Correction Factor,PRC DELEGATED CO-COMMISSIONING,MARPLE BRIDGE SURGERY,26365599,671.18,"""-"""
Department of Health,NHS Stockport CCG,31/03/2019,C&M-GMS PCO Locum Adop/Pat/Mat,PRC DELEGATED CO-COMMISSIONING,MARPLE BRIDGE SURGERY,26365599,6126,"""-"""
Department of Health,NHS Stockport CCG,31/03/2019,C&M-GMS PCO Seniority,PRC DELEGATED CO-COMMISSIONING,MARPLE BRIDGE SURGERY,26365599,660.83,"""-"""
Department of Health,NHS Stockport CCG,31/03/2019,C&M-GMS Prem Actual Rent,PRC DELEGATED CO-COMMISSIONING,MARPLE BRIDGE SURGERY,26365599,9500,"""-"""
Department of Health,NHS Stockport CCG,31/03/2019,C&M-GMS Prem Water Rates,PRC DELEGATED CO-COMMISSIONING,MARPLE BRIDGE SURGERY,26365599,366.31,"""-"""
Department of Health,NHS Stockport CCG,31/03/2019,C&M-GMS QOF Aspiration,PRC DELEGATED CO-COMMISSIONING,MARPLE BRIDGE SURGERY,26365599,5428.68,"""-"""
Department of Health,NHS Stockport CCG,31/03/2019,C&M-PMS Contract Value,PRC DELEGATED CO-COMMISSIONING,MARPLE COTTAGE SURGERY,26365601,51587.55,"""-"""
Department of Health,NHS Stockport CCG,31/03/2019,C&M-PMS DES Extended Hours Access,PRC DELEGATED CO-COMMISSIONING,MARPLE COTTAGE SURGERY,26365601,3395.3,"""-"""
Department of Health,NHS Stockport CCG,31/03/2019,C&M-PMS Funding Differential Review,PRC DELEGATED CO-COMMISSIONING,MARPLE COTTAGE SURGERY,26365601,311.62,"""-"""
Department of Health,NHS Stockport CCG,31/03/2019,C&M-PMS PCO Seniority,PRC DELEGATED CO-COMMISSIONING,MARPLE COTTAGE SURGERY,26365601,992.79,"""-"""
Department of Health,NHS Stockport CCG,31/03/2019,C&M-PMS Prem Notional Rent,PRC DELEGATED CO-COMMISSIONING,MARPLE COTTAGE SURGERY,26365601,4143.67,"""-"""
Department of Health,NHS Stockport CCG,31/03/2019,C&M-PMS QOF Aspiration,PRC DELEGATED CO-COMMISSIONING,MARPLE COTTAGE SURGERY,26365601,6490.68,"""-"""
Department of Health,NHS Stockport CCG,31/03/2019,C&M-GMS DES Extended Hours Access,PRC DELEGATED CO-COMMISSIONING,MARPLE MEDICAL PRACTICE,26365602,3403.85,"""-"""
Department of Health,NHS Stockport CCG,31/03/2019,C&M-GMS DES Learn Dsblty Hlth Chk,PRC DELEGATED CO-COMMISSIONING,MARPLE MEDICAL PRACTICE,26365602,140,"""-"""
Department of Health,NHS Stockport CCG,31/03/2019,C&M-GMS Global Sum,PRC DELEGATED CO-COMMISSIONING,MARPLE MEDICAL PRACTICE,26365602,51212.86,"""-"""
Department of Health,NHS Stockport CCG,31/03/2019,C&M-GMS MPIG Correction Factor,PRC DELEGATED CO-COMMISSIONING,MARPLE MEDICAL PRACTICE,26365602,401.71,"""-"""
Department of Health,NHS Stockport CCG,31/03/2019,C&M-GMS PCO Other,PRC DELEGATED CO-COMMISSIONING,MARPLE MEDICAL PRACTICE,26365602,4595,"""-"""
Department of Health,NHS Stockport CCG,31/03/2019,C&M-GMS PCO Seniority,PRC DELEGATED CO-COMMISSIONING,MARPLE MEDICAL PRACTICE,26365602,2516.79,"""-"""
Department of Health,NHS Stockport CCG,31/03/2019,C&M-GMS Prem Notional Rent,PRC DELEGATED CO-COMMISSIONING,MARPLE MEDICAL PRACTICE,26365602,2614.08,"""-"""
Department of Health,NHS Stockport CCG,31/03/2019,C&M-GMS Prem Rates,PRC DELEGATED CO-COMMISSIONING,MARPLE MEDICAL PRACTICE,26365602,14201.7,"""-"""
Department of Health,NHS Stockport CCG,31/03/2019,C&M-GMS Prem Water Rates,PRC DELEGATED CO-COMMISSIONING,MARPLE MEDICAL PRACTICE,26365602,719.93,"""-"""
Department of Health,NHS Stockport CCG,31/03/2019,C&M-GMS QOF Aspiration,PRC DELEGATED CO-COMMISSIONING,MARPLE MEDICAL PRACTICE,26365602,6991.86,"""-"""
Department of Health,NHS Stockport CCG,31/03/2019,ME - GMS GP Prior Year ERs,PRC DELEGATED CO-COMMISSIONING,MARPLE MEDICAL PRACTICE,26365602,1952.52,"""-"""
Department of Health,NHS Stockport CCG,31/03/2019,ME-GMS GP Prior Year EEs,PRC DELEGATED CO-COMMISSIONING,MARPLE MEDICAL PRACTICE,26365602,4411.33,"""-"""
Department of Health,NHS Stockport CCG,31/03/2019,C&M-GMS DES Extended Hours Access,PRC DELEGATED CO-COMMISSIONING,MANOR MEDICAL PRACTICE,26365604,4222.75,"""-"""
Department of Health,NHS Stockport CCG,31/03/2019,C&M-GMS Global Sum,PRC DELEGATED CO-COMMISSIONING,MANOR MEDICAL PRACTICE,26365604,69219.38,"""-"""
Department of Health,NHS Stockport CCG,31/03/2019,C&M-GMS PCO Seniority,PRC DELEGATED CO-COMMISSIONING,MANOR MEDICAL PRACTICE,26365604,642.44,"""-"""
Department of Health,NHS Stockport CCG,31/03/2019,C&M-GMS Prem Actual Rent,PRC DELEGATED CO-COMMISSIONING,MANOR MEDICAL PRACTICE,26365604,1658.33,"""-"""
Department of Health,NHS Stockport CCG,31/03/2019,C&M-GMS Prem Healthcentre Rent,PRC DELEGATED CO-COMMISSIONING,MANOR MEDICAL PRACTICE,26365604,3915.58,"""-"""
Department of Health,NHS Stockport CCG,31/03/2019,C&M-GMS QOF Aspiration,PRC DELEGATED CO-COMMISSIONING,MANOR MEDICAL PRACTICE,26365604,8434.98,"""-"""
Department of Health,NHS Stockport CCG,31/03/2019,C&M-GMS DES Extended Hours Access,PRC DELEGATED CO-COMMISSIONING,PARK VIEW GROUP PRACTICE,26365606,4253.15,"""-"""
Department of Health,NHS Stockport CCG,31/03/2019,C&M-GMS DES Minor Surgery,PRC DELEGATED CO-COMMISSIONING,PARK VIEW GROUP PRACTICE,26365606,1127.36,"""-"""
Department of Health,NHS Stockport CCG,31/03/2019,C&M-GMS Global Sum,PRC DELEGATED CO-COMMISSIONING,PARK VIEW GROUP PRACTICE,26365606,63901.43,"""-"""
Department of Health,NHS Stockport CCG,31/03/2019,C&M-GMS PCO Seniority,PRC DELEGATED CO-COMMISSIONING,PARK VIEW GROUP PRACTICE,26365606,3488.4,"""-"""
Department of Health,NHS Stockport CCG,31/03/2019,C&M-GMS Prem Notional Rent,PRC DELEGATED CO-COMMISSIONING,PARK VIEW GROUP PRACTICE,26365606,4787.5,"""-"""
Department of Health,NHS Stockport CCG,31/03/2019,C&M-GMS QOF Aspiration,PRC DELEGATED CO-COMMISSIONING,PARK VIEW GROUP PRACTICE,26365606,7438.8,"""-"""
Department of Health,NHS Stockport CCG,31/03/2019,C&M-PMS Contract Value,PRC DELEGATED CO-COMMISSIONING,SOUTH REDDISH MEDICAL CENTRE,26365608,26898.62,"""-"""
Department of Health,NHS Stockport CCG,31/03/2019,C&M-PMS DES Extended Hours Access,PRC DELEGATED CO-COMMISSIONING,SOUTH REDDISH MEDICAL CENTRE,26365608,1709.53,"""-"""
Department of Health,NHS Stockport CCG,31/03/2019,C&M-PMS Funding Differential Review,PRC DELEGATED CO-COMMISSIONING,SOUTH REDDISH MEDICAL CENTRE,26365608,307.51,"""-"""
Department of Health,NHS Stockport CCG,31/03/2019,C&M-PMS PCO Seniority,PRC DELEGATED CO-COMMISSIONING,SOUTH REDDISH MEDICAL CENTRE,26365608,908.57,"""-"""
Department of Health,NHS Stockport CCG,31/03/2019,C&M-PMS QOF Aspiration,PRC DELEGATED CO-COMMISSIONING,SOUTH REDDISH MEDICAL CENTRE,26365608,3162.65,"""-"""
Department of Health,NHS Stockport CCG,31/03/2019,C&M-GMS DES Extended Hours Access,PRC DELEGATED CO-COMMISSIONING,SPRINGFIELD SURGERY STOCKPORT,26365610,2608.7,"""-"""
Department of Health,NHS Stockport CCG,31/03/2019,C&M-GMS DES Minor Surgery,PRC DELEGATED CO-COMMISSIONING,SPRINGFIELD SURGERY STOCKPORT,26365610,737.12,"""-"""
Department of Health,NHS Stockport CCG,31/03/2019,C&M-GMS Global Sum,PRC DELEGATED CO-COMMISSIONING,SPRINGFIELD SURGERY STOCKPORT,26365610,36869.39,"""-"""
Department of Health,NHS Stockport CCG,31/03/2019,C&M-GMS MPIG Correction Factor,PRC DELEGATED CO-COMMISSIONING,SPRINGFIELD SURGERY STOCKPORT,26365610,285.29,"""-"""
Department of Health,NHS Stockport CCG,31/03/2019,C&M-GMS PCO Seniority,PRC DELEGATED CO-COMMISSIONING,SPRINGFIELD SURGERY STOCKPORT,26365610,567.64,"""-"""
Department of Health,NHS Stockport CCG,31/03/2019,C&M-GMS Prem Notional Rent,PRC DELEGATED CO-COMMISSIONING,SPRINGFIELD SURGERY STOCKPORT,26365610,2045.83,"""-"""
Department of Health,NHS Stockport CCG,31/03/2019,C&M-GMS QOF Aspiration,PRC DELEGATED CO-COMMISSIONING,SPRINGFIELD SURGERY STOCKPORT,26365610,4093.21,"""-"""
Department of Health,NHS Stockport CCG,31/03/2019,C&M-GMS DES Extended Hours Access,PRC DELEGATED CO-COMMISSIONING,VILLAGE SURGERY STOCKPORT,26365615,2747.4,"""-"""
Department of Health,NHS Stockport CCG,31/03/2019,C&M-GMS Global Sum,PRC DELEGATED CO-COMMISSIONING,VILLAGE SURGERY STOCKPORT,26365615,38005.24,"""-"""
Department of Health,NHS Stockport CCG,31/03/2019,C&M-GMS MPIG Correction Factor,PRC DELEGATED CO-COMMISSIONING,VILLAGE SURGERY STOCKPORT,26365615,1377.65,"""-"""
Department of Health,NHS Stockport CCG,31/03/2019,C&M-GMS PCO Seniority,PRC DELEGATED CO-COMMISSIONING,VILLAGE SURGERY STOCKPORT,26365615,1479.95,"""-"""
Department of Health,NHS Stockport CCG,31/03/2019,C&M-GMS Prem Notional Rent,PRC DELEGATED CO-COMMISSIONING,VILLAGE SURGERY STOCKPORT,26365615,3191.67,"""-"""
Department of Health,NHS Stockport CCG,31/03/2019,C&M-GMS QOF Aspiration,PRC DELEGATED CO-COMMISSIONING,VILLAGE SURGERY STOCKPORT,26365615,3757.19,"""-"""
Department of Health,NHS Stockport CCG,31/03/2019,C&M-GMS DES Extended Hours Access,PRC DELEGATED CO-COMMISSIONING,WOODLEY VILLAGE SURGERY,26365619,1558.95,"""-"""
Department of Health,NHS Stockport CCG,31/03/2019,C&M-GMS DES Minor Surgery,PRC DELEGATED CO-COMMISSIONING,WOODLEY VILLAGE SURGERY,26365619,476.96,"""-"""
Department of Health,NHS Stockport CCG,31/03/2019,C&M-GMS Global Sum,PRC DELEGATED CO-COMMISSIONING,WOODLEY VILLAGE SURGERY,26365619,23397.65,"""-"""
Department of Health,NHS Stockport CCG,31/03/2019,C&M-GMS QOF Aspiration,PRC DELEGATED CO-COMMISSIONING,WOODLEY VILLAGE SURGERY,26365619,3135.04,"""-"""
Department of Health,NHS Stockport CCG,31/03/2019,C&M-GMS DES Extended Hours Access,PRC DELEGATED CO-COMMISSIONING,BL MEDICAL PRACTICE,26365621,1098.2,"""-"""
Department of Health,NHS Stockport CCG,31/03/2019,C&M-GMS Global Sum,PRC DELEGATED CO-COMMISSIONING,BL MEDICAL PRACTICE,26365621,15974.29,"""-"""
Department of Health,NHS Stockport CCG,31/03/2019,C&M-GMS MPIG Correction Factor,PRC DELEGATED CO-COMMISSIONING,BL MEDICAL PRACTICE,26365621,283.77,"""-"""
Department of Health,NHS Stockport CCG,31/03/2019,C&M-GMS PCO Seniority,PRC DELEGATED CO-COMMISSIONING,BL MEDICAL PRACTICE,26365621,946.22,"""-"""
Department of Health,NHS Stockport CCG,31/03/2019,C&M-GMS Prem Healthcentre Rent,PRC DELEGATED CO-COMMISSIONING,BL MEDICAL PRACTICE,26365621,9241.86,"""-"""
Department of Health,NHS Stockport CCG,31/03/2019,C&M-GMS QOF Aspiration,PRC DELEGATED CO-COMMISSIONING,BL MEDICAL PRACTICE,26365621,1777.58,"""-"""
Department of Health,NHS Stockport CCG,31/03/2019,C&M-GMS DES Extended Hours Access,PRC DELEGATED CO-COMMISSIONING,DR OWEN & PARTNERS,26365623,3054.25,"""-"""
Department of Health,NHS Stockport CCG,31/03/2019,C&M-GMS DES Minor Surgery,PRC DELEGATED CO-COMMISSIONING,DR OWEN & PARTNERS,26365623,130.08,"""-"""
Department of Health,NHS Stockport CCG,31/03/2019,C&M-GMS Global Sum,PRC DELEGATED CO-COMMISSIONING,DR OWEN & PARTNERS,26365623,45587.27,"""-"""
Department of Health,NHS Stockport CCG,31/03/2019,C&M-GMS MPIG Correction Factor,PRC DELEGATED CO-COMMISSIONING,DR OWEN & PARTNERS,26365623,74.87,"""-"""
Department of Health,NHS Stockport CCG,31/03/2019,C&M-GMS PCO Seniority,PRC DELEGATED CO-COMMISSIONING,DR OWEN & PARTNERS,26365623,2592.94,"""-"""
Department of Health,NHS Stockport CCG,31/03/2019,C&M-GMS QOF Aspiration,PRC DELEGATED CO-COMMISSIONING,DR OWEN & PARTNERS,26365623,5519.59,"""-"""
Department of Health,NHS Stockport CCG,31/03/2019,C&M-PMS Prem Healthcentre Rent,PRC DELEGATED CO-COMMISSIONING,HEATON MOOR MEDICAL GROUP,26365624,-221.97,"""-"""
Department of Health,NHS Stockport CCG,31/03/2019,C&M-PMS Voluntary Levy,PRC DELEGATED CO-COMMISSIONING,HEATON MOOR MEDICAL GROUP,26365624,-1244.45,"""-"""
Department of Health,NHS Stockport CCG,31/03/2019,ME - PMS TPS Added Years Adj EEs,PRC DELEGATED CO-COMMISSIONING,HEATON MOOR MEDICAL GROUP,26365624,-924.18,"""-"""
Department of Health,NHS Stockport CCG,31/03/2019,ME-PMS GP Pension EEs Adjs - PMS,PRC DELEGATED CO-COMMISSIONING,HEATON MOOR MEDICAL GROUP,26365624,-4860,"""-"""
Department of Health,NHS Stockport CCG,31/03/2019,ME-PMS GP Pension EEs-PMS,PRC DELEGATED CO-COMMISSIONING,HEATON MOOR MEDICAL GROUP,26365624,-14805.06,"""-"""
Department of Health,NHS Stockport CCG,31/03/2019,ME-PMS GP Pension ERs Adjs - PMS,PRC DELEGATED CO-COMMISSIONING,HEATON MOOR MEDICAL GROUP,26365624,-21357.19,"""-"""
Department of Health,NHS Stockport CCG,31/03/2019,C&M-PMS Contract Value,PRC DELEGATED CO-COMMISSIONING,HEATON MOOR MEDICAL GROUP,26365625,257197.08,"""-"""
Department of Health,NHS Stockport CCG,31/03/2019,C&M-PMS DES Extended Hours Access,PRC DELEGATED CO-COMMISSIONING,HEATON MOOR MEDICAL GROUP,26365625,19941.45,"""-"""
Department of Health,NHS Stockport CCG,31/03/2019,C&M-PMS DES Minor Surgery,PRC DELEGATED CO-COMMISSIONING,HEATON MOOR MEDICAL GROUP,26365625,7891.52,"""-"""
Department of Health,NHS Stockport CCG,31/03/2019,C&M-PMS Funding Differential Review,PRC DELEGATED CO-COMMISSIONING,HEATON MOOR MEDICAL GROUP,26365625,2181.44,"""-"""
Department of Health,NHS Stockport CCG,31/03/2019,C&M-PMS PCO Locum Adop/Pat/Mat,PRC DELEGATED CO-COMMISSIONING,HEATON MOOR MEDICAL GROUP,26365625,5400,"""-"""
Department of Health,NHS Stockport CCG,31/03/2019,C&M-PMS PCO Seniority,PRC DELEGATED CO-COMMISSIONING,HEATON MOOR MEDICAL GROUP,26365625,7153.75,"""-"""
Department of Health,NHS Stockport CCG,31/03/2019,C&M-PMS Prem Notional Rent,PRC DELEGATED CO-COMMISSIONING,HEATON MOOR MEDICAL GROUP,26365625,13685.42,"""-"""
Department of Health,NHS Stockport CCG,31/03/2019,C&M-PMS Prem Water Rates,PRC DELEGATED CO-COMMISSIONING,HEATON MOOR MEDICAL GROUP,26365625,816.41,"""-"""
Department of Health,NHS Stockport CCG,31/03/2019,C&M-PMS QOF Aspiration,PRC DELEGATED CO-COMMISSIONING,HEATON MOOR MEDICAL GROUP,26365625,30420.63,"""-"""
Department of Health,NHS Stockport CCG,31/03/2019,Clinical&Medical-Commercial Sector,COMMUNITY SERVICES,PARTNERSHIPS IN CARE LTD,26369110,29106,GB 626524835
Department of Health,NHS Stockport CCG,31/03/2019,Clinical&Medical-Serv Recd-CCGs,PRIMARY CARE IT,NHS OLDHAM CCG,26369405,-28437,"""-"""
Department of Health,NHS Stockport CCG,31/03/2019,Other Gen Supplies & Srv,CONTRACT MANAGEMENT,NHS OLDHAM CCG,26369405,-26977,"""-"""
Department of Health,NHS Stockport CCG,31/03/2019,Other Gen Supplies & Srv,HUMAN RESOURCES,NHS OLDHAM CCG,26369405,-1026,"""-"""
Department of Health,NHS Stockport CCG,31/03/2019,Other Gen Supplies & Srv,IM&T,NHS OLDHAM CCG,26369405,-16204,"""-"""
Department of Health,NHS Stockport CCG,31/03/2019,Other Gen Supplies & Srv,MEDICINES MANAGEMENT - CLINICAL,NHS OLDHAM CCG,26369405,-11403,"""-"""
Department of Health,NHS Stockport CCG,31/03/2019,Clinical&Medical-Serv Recd-NHS Trst,NHS 111,NORTH WEST AMBULANCE SERVICE NHS TRUST,26369461,65608,654435138
Department of Health,NHS Stockport CCG,31/03/2019,External Consultancy Fees,URGENT CARE,MANCHESTER UNIVERSITY NHS FOUNDATION TRUST,26379255,-82710,654415538
Department of Health,NHS Stockport CCG,31/03/2019,Clinical&Medical-Independent Sector,COMMISSIONING SCHEMES,HEATON MOOR MEDICAL GROUP,26379508,30054.82,"""-"""
Department of Health,NHS Stockport CCG,31/03/2019,C&M-PMS Contract Value,PRC DELEGATED CO-COMMISSIONING,ALVANLEY FAMILY PRACTICE,26385017,38727.32,"""-"""
Department of Health,NHS Stockport CCG,31/03/2019,C&M-PMS DES Extended Hours Access,PRC DELEGATED CO-COMMISSIONING,ALVANLEY FAMILY PRACTICE,26385017,2468.58,"""-"""
Department of Health,NHS Stockport CCG,31/03/2019,C&M-PMS Funding Differential Review,PRC DELEGATED CO-COMMISSIONING,ALVANLEY FAMILY PRACTICE,26385017,108.76,"""-"""
Department of Health,NHS Stockport CCG,31/03/2019,C&M-PMS PCO Locum Sickness,PRC DELEGATED CO-COMMISSIONING,ALVANLEY FAMILY PRACTICE,26385017,4953.04,"""-"""
Department of Health,NHS Stockport CCG,31/03/2019,C&M-PMS PCO Seniority,PRC DELEGATED CO-COMMISSIONING,ALVANLEY FAMILY PRACTICE,26385017,1685.31,"""-"""
Department of Health,NHS Stockport CCG,31/03/2019,C&M-PMS QOF Aspiration,PRC DELEGATED CO-COMMISSIONING,ALVANLEY FAMILY PRACTICE,26385017,4496.1,"""-"""
Department of Health,NHS Stockport CCG,31/03/2019,C&M-PMS Contract Value,PRC DELEGATED CO-COMMISSIONING,STOCKPORT MEDICAL GROUP,26385020,112405.55,"""-"""
Department of Health,NHS Stockport CCG,31/03/2019,C&M-PMS DES Extended Hours Access,PRC DELEGATED CO-COMMISSIONING,STOCKPORT MEDICAL GROUP,26385020,7690.25,"""-"""
Department of Health,NHS Stockport CCG,31/03/2019,C&M-PMS DES Minor Surgery,PRC DELEGATED CO-COMMISSIONING,STOCKPORT MEDICAL GROUP,26385020,11056.8,"""-"""
Department of Health,NHS Stockport CCG,31/03/2019,C&M-PMS Funding Differential Review,PRC DELEGATED CO-COMMISSIONING,STOCKPORT MEDICAL GROUP,26385020,422.56,"""-"""
Department of Health,NHS Stockport CCG,31/03/2019,C&M-PMS PCO Locum Adop/Pat/Mat,PRC DELEGATED CO-COMMISSIONING,STOCKPORT MEDICAL GROUP,26385020,9410,"""-"""
Department of Health,NHS Stockport CCG,31/03/2019,C&M-PMS PCO Seniority,PRC DELEGATED CO-COMMISSIONING,STOCKPORT MEDICAL GROUP,26385020,4709.37,"""-"""
Department of Health,NHS Stockport CCG,31/03/2019,C&M-PMS Prem Notional Rent,PRC DELEGATED CO-COMMISSIONING,STOCKPORT MEDICAL GROUP,26385020,15063.33,"""-"""
Department of Health,NHS Stockport CCG,31/03/2019,C&M-PMS QOF Aspiration,PRC DELEGATED CO-COMMISSIONING,STOCKPORT MEDICAL GROUP,26385020,13083.12,"""-"""
Department of Health,NHS Stockport CCG,31/03/2019,ME-PMS GP Pension AVCs,PRC DELEGATED CO-COMMISSIONING,STOCKPORT MEDICAL GROUP,26385020,522.99,"""-"""
Department of Health,NHS Stockport CCG,31/03/2019,ME-PMS GP Pension EEs Adjs - PMS,PRC DELEGATED CO-COMMISSIONING,STOCKPORT MEDICAL GROUP,26385020,930,"""-"""
Department of Health,NHS Stockport CCG,31/03/2019,ME-PMS GP Pension ERs Adjs - PMS,PRC DELEGATED CO-COMMISSIONING,STOCKPORT MEDICAL GROUP,26385020,1437.99,"""-"""
Department of Health,NHS Stockport CCG,31/03/2019,Hcare Srv Rec NHS Trust-Contract Baseline,COLLABORATIVE COMMISSIONING,NORTH WEST AMBULANCE SERVICE NHS TRUST,26388682,72918,654435138
Department of Health,NHS Stockport CCG,31/03/2019,Clinical&Medical-Commercial Sector,COMMISSIONING SCHEMES,MASTERCALL HEALTHCARE,26388694,50252.33,"""-"""
Department of Health,NHS Stockport CCG,31/03/2019,Hcare Srv Rec NHS Trust-Contract Baseline,COLLABORATIVE COMMISSIONING,NORTH WEST AMBULANCE SERVICE NHS TRUST,26388813,703524,654435138
Department of Health,NHS Stockport CCG,31/03/2019,Apprenticeship Levy Payable,BALANCE SHEET,HMRC,26426627,867,654457614
Department of Health,NHS Stockport CCG,31/03/2019,Income tax <1Yr,BALANCE SHEET,HMRC,26426627,69724.81,654457614
Department of Health,NHS Stockport CCG,31/03/2019,Income tax <1Yr-Student Loans,BALANCE SHEET,HMRC,26426627,1494,654457614
Department of Health,NHS Stockport CCG,31/03/2019,National Insurance < 1 yr-NI- ERS,BALANCE SHEET,HMRC,26426627,46025.09,654457614
Department of Health,NHS Stockport CCG,31/03/2019,National Insurance < 1 yr-NI-EES,BALANCE SHEET,HMRC,26426627,31953.74,654457614
Department of Health,NHS Stockport CCG,31/03/2019,Statutory Mat Pay < 1 yr,BALANCE SHEET,HMRC,26426627,-2145.36,654457614
Department of Health,NHS Stockport CCG,31/03/2019,Statutory Paternity Pay < 1 yr,BALANCE SHEET,HMRC,26426627,-267.14,654457614
Department of Health,NHS Stockport CCG,31/03/2019,Hcare Srv Rec Fdtn Trust-Contract Baseline,ACUTE COMMISSIONING,STOCKPORT NHS FOUNDATION TRUST,26510520,-105388,654974295
Department of Health,NHS Stockport CCG,31/03/2019,Services From Local Authorities,SAFEGUARDING,STOCKPORT METROPOLITAN BOROUGH COUNCIL,26512165,45600,GB158556040
Department of Health,NHS Stockport CCG,31/03/2019,Non-PFI Oprtng Lease-Bldgs-Lease Rent,RECHARGES NHS PROPERTY SERVICES LTD,NHS PROPERTY SERVICES LTD,26547907,-40267.6,156725100
Department of Health,NHS Stockport CCG,31/03/2019,Non-PFI Oprtng Lease-Bldgs-Lease Rent,RECHARGES NHS PROPERTY SERVICES LTD,NHS PROPERTY SERVICES LTD,26547964,-43385.28,156725100
Department of Health,NHS Stockport CCG,31/03/2019,Non-PFI Oprtng Lease-Bldgs-Lease Rent,RECHARGES NHS PROPERTY SERVICES LTD,NHS PROPERTY SERVICES LTD,26547982,28672.72,156725100
Department of Health,NHS Stockport CCG,31/03/2019,Non-PFI Oprtng Lease-Bldgs-Lease Rent,RECHARGES NHS PROPERTY SERVICES LTD,NHS PROPERTY SERVICES LTD,26548991,-44013.44,156725100
Department of Health,NHS Stockport CCG,31/03/2019,Voids and Subsidies,PRC DELEGATED CO-COMMISSIONING,NHS PROPERTY SERVICES LTD,26548996,-52934.9,156725100
Department of Health,NHS Stockport CCG,31/03/2019,Voids and Subsidies,PRC DELEGATED CO-COMMISSIONING,NHS PROPERTY SERVICES LTD,26549000,44011.59,156725100
Department of Health,NHS Stockport CCG,31/03/2019,Voids and Subsidies,PRC DELEGATED CO-COMMISSIONING,NHS PROPERTY SERVICES LTD,26549007,-110796.92,156725100
Department of Health,NHS Stockport CCG,31/03/2019,Non-PFI Oprtng Lease-Bldgs-Lease Rent,RECHARGES NHS PROPERTY SERVICES LTD,NHS PROPERTY SERVICES LTD,26549013,33846.1,156725100
Department of Health,NHS Stockport CCG,31/03/2019,Voids and Subsidies,PRC DELEGATED CO-COMMISSIONING,NHS PROPERTY SERVICES LTD,26549017,-76962.29,156725100
Department of Health,NHS Stockport CCG,31/03/2019,Voids and Subsidies,PRC DELEGATED CO-COMMISSIONING,NHS PROPERTY SERVICES LTD,26549020,35031.68,156725100
Department of Health,NHS Stockport CCG,31/03/2019,Voids and Subsidies,PRC DELEGATED CO-COMMISSIONING,NHS PROPERTY SERVICES LTD,26549040,44628.23,156725100
Department of Health,NHS Stockport CCG,31/03/2019,Voids and Subsidies,PRC DELEGATED CO-COMMISSIONING,NHS PROPERTY SERVICES LTD,26549046,-40604.85,156725100
Department of Health,NHS Stockport CCG,31/03/2019,Voids and Subsidies,PRC DELEGATED CO-COMMISSIONING,NHS PROPERTY SERVICES LTD,26549059,-66260.1,156725100
Department of Health,NHS Stockport CCG,31/03/2019,Hcare Srv Rec Fdtn Trust-Over/ Under Performance,ACUTE COMMISSIONING,SALFORD ROYAL HOSPITALS NHS FOUNDATION TRUST,26549128,191016,65 4939786
Department of Health,NHS Stockport CCG,31/03/2019,Non-PFI Oprtng Lease-Bldgs-Lease Rent,ESTATES AND FACILITIES,NHS PROPERTY SERVICES LTD,26549268,32482.08,156725100
Department of Health,NHS Stockport CCG,31/03/2019,Clinical&Medical-Drugs,COMMUNITY SERVICES,STOCKPORT NHS FOUNDATION TRUST,26549348,44125.94,654974295
Department of Health,NHS Stockport CCG,31/03/2019,Non-PFI Oprtng Lease-Bldgs-Lease Rent,RECHARGES NHS PROPERTY SERVICES LTD,NHS PROPERTY SERVICES LTD,26549365,39087.56,156725100
Department of Health,NHS Stockport CCG,31/03/2019,Clinical&Medical-Drugs,COMMUNITY SERVICES,STOCKPORT NHS FOUNDATION TRUST,26549393,47437.36,654974295
Department of Health,NHS Stockport CCG,31/03/2019,Clinical&Medical-Drugs,COMMUNITY SERVICES,STOCKPORT NHS FOUNDATION TRUST,26549397,47034.34,654974295
Department of Health,NHS Stockport CCG,31/03/2019,Clinical&Medical-Drugs,COMMUNITY SERVICES,STOCKPORT NHS FOUNDATION TRUST,26549492,39542.4,654974295
Department of Health,NHS Stockport CCG,31/03/2019,Hcare Srv Rec Fdtn Trust-Contract Baseline,ACUTE COMMISSIONING,TAMESIDE HOSPITAL NHS FOUNDATION TRUST,26549494,91561.57,654945109
Department of Health,NHS Stockport CCG,31/03/2019,Non-PFI Oprtng Lease-Bldgs-Lease Rent,RECHARGES NHS PROPERTY SERVICES LTD,NHS PROPERTY SERVICES LTD,26549527,-51109.32,156725100
Department of Health,NHS Stockport CCG,31/03/2019,Clinical&Medical-Drugs,COMMUNITY SERVICES,STOCKPORT NHS FOUNDATION TRUST,26549562,48856.36,654974295
Department of Health,NHS Stockport CCG,31/03/2019,Healthcare Srv Rec CCG,PROGRAMME PROJECTS,NHS MANCHESTER CCG,26549595,81600,"""-"""
Department of Health,NHS Stockport CCG,31/03/2019,Clinical&Medical-Commercial Sector,PLANNED CARE,SPECSAVERS HEARCARE LTD,26549599,33541.9,163836882
Department of Health,NHS Stockport CCG,31/03/2019,Hcare Srv Rec Fdtn Trust-Non Contract,MENTAL HEALTH CONTRACTS,PENNINE CARE NHS FOUNDATION TRUST,26549605,30483,654425730
Department of Health,NHS Stockport CCG,31/03/2019,Hcare Srv Rec Fdtn Trust-Over/ Under Performance,ACUTE COMMISSIONING,STOCKPORT NHS FOUNDATION TRUST,26549609,1148009,654974295
Department of Health,NHS Stockport CCG,31/03/2019,Hcare Srv Rec Fdtn Trust-Over/ Under Performance,ACUTE COMMISSIONING,SALFORD ROYAL HOSPITALS NHS FOUNDATION TRUST,26549626,-191016,65 4939786
Department of Health,NHS Stockport CCG,31/03/2019,Hcare Srv Rec NHS Trust-Contract Baseline,ACUTE COMMISSIONING,PENNINE ACUTE HOSPITALS NHS TRUST,26549631,46140,654418333
Department of Health,NHS Stockport CCG,31/03/2019,Clinical&Medical-Commercial Sector,PLANNED CARE,ABL HEALTH LTD,26549635,27390.67,"""-"""
Department of Health,NHS Stockport CCG,31/03/2019,Hcare Srv Rec Fdtn Trust-Non Contract,NON RECURRENT PROGRAMMES,STOCKPORT NHS FOUNDATION TRUST,26549705,583500,654974295
Department of Health,NHS Stockport CCG,31/03/2019,Hcare Srv Rec Fdtn Trust-Non Contract,COMMUNITY SERVICES,STOCKPORT NHS FOUNDATION TRUST,26549707,39133,654974295
Department of Health,NHS Stockport CCG,31/03/2019,Clinical&Medical-Commercial Sector,PLANNED CARE,SPIRE HEALTHCARE LTD,26549749,28064,915970991
Department of Health,NHS Stockport CCG,31/03/2019,Clinical&Medical-Commercial Sector,LOCAL ENHANCED SERVICES,PRIMARY EYECARE LTD,26549784,38931,"""-"""
Department of Health,NHS Stockport CCG,31/03/2019,Clinical&Medical-Serv Recd-CCGs,PRIMARY CARE IT,NHS OLDHAM CCG,26549797,99767,"""-"""
Department of Health,NHS Stockport CCG,31/03/2019,Other Gen Supplies & Srv,IM&T,NHS OLDHAM CCG,26549797,18487,"""-"""
Department of Health,NHS Stockport CCG,31/03/2019,Other Gen Supplies & Srv,COLLABORATIVE COMMISSIONING,NHS OLDHAM CCG,26549802,1978,"""-"""
Department of Health,NHS Stockport CCG,31/03/2019,Other Gen Supplies & Srv,CONTRACT MANAGEMENT,NHS OLDHAM CCG,26549802,22555,"""-"""
Department of Health,NHS Stockport CCG,31/03/2019,Other Gen Supplies & Srv,HUMAN RESOURCES,NHS OLDHAM CCG,26549802,10374,"""-"""
Department of Health,NHS Stockport CCG,31/03/2019,Other Gen Supplies & Srv,IM&T,NHS OLDHAM CCG,26549802,2184,"""-"""
Department of Health,NHS Stockport CCG,31/03/2019,Other Gen Supplies & Srv,MEDICINES MANAGEMENT - CLINICAL,NHS OLDHAM CCG,26549802,8857,"""-"""
Department of Health,NHS Stockport CCG,31/03/2019,Other Gen Supplies & Srv,NHS 111,NHS OLDHAM CCG,26549802,1861,"""-"""
Department of Health,NHS Stockport CCG,31/03/2019,Hcare Srv Rec Fdtn Trust-Contract Baseline,ACUTE COMMISSIONING,SALFORD ROYAL HOSPITALS NHS FOUNDATION TRUST,26549819,590743,65 4939786
Department of Health,NHS Stockport CCG,31/03/2019,Hcare Srv Rec Fdtn Trust-Contract Baseline,ACUTE COMMISSIONING,SALFORD ROYAL HOSPITALS NHS FOUNDATION TRUST,26549834,29214,65 4939786
Department of Health,NHS Stockport CCG,31/03/2019,Hcare Srv Rec Fdtn Trust-Non Contract,ACUTE COMMISSIONING,SALFORD ROYAL HOSPITALS NHS FOUNDATION TRUST,26549864,111939,65 4939786
Department of Health,NHS Stockport CCG,31/03/2019,Clinical&Medical-Commercial Sector,PLANNED CARE,DIAGNOSTIC HEALTHCARE LTD,26549913,27700.48,204941917
Department of Health,NHS Stockport CCG,31/03/2019,Hcare Srv Rec Fdtn Trust-Contract Baseline,ACUTE COMMISSIONING,MANCHESTER UNIVERSITY NHS FOUNDATION TRUST,26549931,31384,654415538
Department of Health,NHS Stockport CCG,31/03/2019,Clinical&Medical-Commercial Sector,PLANNED CARE,NATIONAL UNPLANNED PREGNANCY ADVISORY SERVICE,26549944,28860.72,"""-"""
Department of Health,NHS Stockport CCG,31/03/2019,Hcare Srv Rec Fdtn Trust-Contract Baseline,ACUTE COMMISSIONING,WRIGHTINGTON WIGAN & LEIGH NHS FOUNDATION TRUST,26549960,54947.51,GB654951509
Department of Health,NHS Stockport CCG,31/03/2019,Hcare Srv Rec Fdtn Trust-Non Contract,ACUTE COMMISSIONING,STOCKPORT NHS FOUNDATION TRUST,26550034,356000,654974295
Department of Health,NHS Stockport CCG,31/03/2019,Hcare Srv Rec Fdtn Trust-Non Contract,WINTER PRESSURES,STOCKPORT NHS FOUNDATION TRUST,26550040,33000,654974295
Department of Health,NHS Stockport CCG,31/03/2019,Hcare Srv Rec Fdtn Trust-Non Contract,ACUTE COMMISSIONING,STOCKPORT NHS FOUNDATION TRUST,26550045,187000,654974295
Department of Health,NHS Stockport CCG,31/03/2019,Hcare Srv Rec Fdtn Trust-Non Contract,WINTER PRESSURES,STOCKPORT NHS FOUNDATION TRUST,26550049,184000,654974295
Department of Health,NHS Stockport CCG,31/03/2019,Hcare Srv Rec Fdtn Trust-Non Contract,WINTER PRESSURES,STOCKPORT NHS FOUNDATION TRUST,26550054,295000,654974295
Department of Health,NHS Stockport CCG,31/03/2019,Cont Care- Children,CHC CHILDREN,STOCKPORT METROPOLITAN BOROUGH COUNCIL,26550137,62374.68,GB158556040
Department of Health,NHS Stockport CCG,31/03/2019,Hcare Srv Rec NHS Trust-Contract Baseline,COLLABORATIVE COMMISSIONING,NORTH WEST AMBULANCE SERVICE NHS TRUST,26550241,-41990,654435138
Department of Health,NHS Stockport CCG,31/03/2019,Clinical&Medical-Independent Sector,OUT OF HOURS,MASTERCALL HEALTHCARE,26550284,236772,"""-"""
Department of Health,NHS Stockport CCG,31/03/2019,Hcare Srv Rec Fdtn Trust-Over/ Under Performance,ACUTE COMMISSIONING,TAMESIDE HOSPITAL NHS FOUNDATION TRUST,26550315,102890.12,654945109
Department of Health,NHS Stockport CCG,31/03/2019,Clinical&Medical-Othe Public Sector,COMMISSIONING - NON ACUTE,STOCKPORT METROPOLITAN BOROUGH COUNCIL,26550363,25000,GB158556040
Department of Health,NHS Stockport CCG,31/03/2019,Clinical&Medical-Othe Public Sector,COMMUNITY SERVICES,STOCKPORT METROPOLITAN BOROUGH COUNCIL,26550363,1085000,GB158556040
Department of Health,NHS Stockport CCG,31/03/2019,Clinical&Medical-Othe Public Sector,LEARNING DIFFICULTIES,STOCKPORT METROPOLITAN BOROUGH COUNCIL,26550363,132916.67,GB158556040
Department of Health,NHS Stockport CCG,31/03/2019,Clinical&Medical-Othe Public Sector,LONG TERM CONDITIONS,STOCKPORT METROPOLITAN BOROUGH COUNCIL,26550363,317666.66,GB158556040
Department of Health,NHS Stockport CCG,31/03/2019,Clinical&Medical-Othe Public Sector,MENTAL HEALTH SERVICES - OTHER,STOCKPORT METROPOLITAN BOROUGH COUNCIL,26550363,24083.34,GB158556040
Department of Health,NHS Stockport CCG,31/03/2019,Clinical&Medical-Othe Public Sector,REABLEMENT,STOCKPORT METROPOLITAN BOROUGH COUNCIL,26550363,100333.33,GB158556040
Department of Health,NHS Stockport CCG,31/03/2019,Clinical&Medical-Commercial Sector,PLANNED CARE,BMI HEALTHCARE LTD,26550373,101030.29,GB235134980
Department of Health,NHS Stockport CCG,31/03/2019,Voids and Subsidies,PRC DELEGATED CO-COMMISSIONING,NHS PROPERTY SERVICES LTD,26575188,34854.88,156725100
Department of Health,NHS Stockport CCG,31/03/2019,Voids and Subsidies,PRC DELEGATED CO-COMMISSIONING,NHS PROPERTY SERVICES LTD,26575192,32478.2,156725100
Department of Health,NHS Stockport CCG,31/03/2019,Non-PFI Oprtng Lease-Bldgs-Lease Rent,RECHARGES NHS PROPERTY SERVICES LTD,NHS PROPERTY SERVICES LTD,26575232,-68994.03,156725100
Department of Health,NHS Stockport CCG,31/03/2019,Non-PFI Oprtng Lease-Bldgs-Lease Rent,ESTATES AND FACILITIES,NHS PROPERTY SERVICES LTD,26575264,29660.72,156725100
Department of Health,NHS Stockport CCG,31/03/2019,Hcare Srv Rec NHS Trust-Contract Baseline,COLLABORATIVE COMMISSIONING,NORTH WEST AMBULANCE SERVICE NHS TRUST,26575377,41990,654435138
Department of Health,NHS Stockport CCG,31/03/2019,Hcare Srv Rec NHS Trust-Contract Baseline,COLLABORATIVE COMMISSIONING,NORTH WEST AMBULANCE SERVICE NHS TRUST,26575387,41990,654435138
Department of Health,NHS Stockport CCG,31/03/2019,Income tax <1Yr,BALANCE SHEET,HMRC,26594757,61836,654457614
Department of Health,NHS Stockport CCG,31/03/2019,Income tax <1Yr-Student Loans,BALANCE SHEET,HMRC,26594757,1520,654457614
Department of Health,NHS Stockport CCG,31/03/2019,National Insurance < 1 yr-NI- ERS,BALANCE SHEET,HMRC,26594757,42453.31,654457614
Department of Health,NHS Stockport CCG,31/03/2019,National Insurance < 1 yr-NI-EES,BALANCE SHEET,HMRC,26594757,30716.62,654457614
Department of Health,NHS Stockport CCG,31/03/2019,Statutory Mat Pay < 1 yr,BALANCE SHEET,HMRC,26594757,-4449.01,654457614
Department of Health,NHS Stockport CCG,31/03/2019,C&M-PMS Cost of Drugs -Prescribing,LOCAL ENHANCED SERVICES,FAMILY SURGERY STOCKPORT,26599344,26919.97,"""-"""
Department of Health,NHS Stockport CCG,31/03/2019,C&M-PMS Prof fees Prescribing,PRC DELEGATED CO-COMMISSIONING,FAMILY SURGERY STOCKPORT,26599344,7194.55,"""-"""
Department of Health,NHS Stockport CCG,31/03/2019,C&M-PMS Cost of Drugs -Prescribing,LOCAL ENHANCED SERVICES,HEATON MOOR MEDICAL GROUP,26599365,20204.57,"""-"""
Department of Health,NHS Stockport CCG,31/03/2019,C&M-PMS Prof fees Prescribing,PRC DELEGATED CO-COMMISSIONING,HEATON MOOR MEDICAL GROUP,26599365,5027.94,"""-"""
Department of Health,NHS Stockport CCG,31/03/2019,Voids and Subsidies,PRC DELEGATED CO-COMMISSIONING,NHS PROPERTY SERVICES LTD,26605383,38558.8,156725100
Department of Health,NHS Stockport CCG,31/03/2019,Non-PFI Oprtng Lease-Bldgs-Lease Rent,RECHARGES NHS PROPERTY SERVICES LTD,NHS PROPERTY SERVICES LTD,26605385,37685.14,156725100
Department of Health,NHS Stockport CCG,31/03/2019,Clinical&Medical-Independent Sector,COMMISSIONING SCHEMES,VIADUCT CARE LTD,26622834,63657,"""-"""
Department of Health,NHS Stockport CCG,31/03/2019,Clinical&Medical-Independent Sector,COMMISSIONING SCHEMES,VIADUCT CARE LTD,26622844,129000,"""-"""
Department of Health,NHS Stockport CCG,31/03/2019,C&M-PMS LES Primary Care Offer,LOCAL ENHANCED SERVICES,VIADUCT CARE LTD,26622849,40000,"""-"""
Department of Health,NHS Stockport CCG,31/03/2019,Clinical&Medical-Independent Sector,COMMISSIONING SCHEMES,VIADUCT CARE LTD,26622854,-945000,"""-"""
Department of Health,NHS Stockport CCG,31/03/2019,Clinical&Medical-Independent Sector,COMMISSIONING SCHEMES,VIADUCT CARE LTD,26622869,129886,"""-"""
Department of Health,NHS Stockport CCG,31/03/2019,Hcare Srv Rec Fdtn Trust-Non Contract,ACUTE COMMISSIONING,STOCKPORT NHS FOUNDATION TRUST,26622896,63000,654974295
Department of Health,NHS Stockport CCG,31/03/2019,Hcare Srv Rec Fdtn Trust-Non Contract,ACUTE COMMISSIONING,STOCKPORT NHS FOUNDATION TRUST,26622899,118000,654974295
Department of Health,NHS Stockport CCG,31/03/2019,Programme Support Costs,PROGRAMME PROJECTS,NORTH WEST BOROUGHS HEALTHCARE NHS FOUNDATION TRUST,26632864,26024,"""-"""
Department of Health,NHS Stockport CCG,31/03/2019,Programme Support Costs,PROGRAMME PROJECTS,NHS TRAFFORD CCG,26632926,37103.7,"""-"""
Department of Health,NHS Stockport CCG,31/03/2019,Clinical&Medical-Commercial Sector,MENTAL HEALTH CONTRACTS,FUTURE DIRECTIONS CIC,26632951,56805.63,"""-"""
Department of Health,NHS Stockport CCG,31/03/2019,Hcare Srv Rec Fdtn Trust-Contract Baseline,MENTAL HEALTH CONTRACTS,GREATER MANCHESTER WEST MENTAL HEALTH NHS FOUNDATION TRUST,26634995,31442.66,654929594
Department of Health,NHS Stockport CCG,31/03/2019,Clinical&Medical-Commercial Sector,MENTAL HEALTH SERVICES - ADULTS,STANDWALK,26635059,59659.07,"""-"""
Department of Health,NHS Stockport CCG,31/03/2019,Hcare Srv Rec NHS Trust-Contract Baseline,ACUTE COMMISSIONING,PENNINE ACUTE HOSPITALS NHS TRUST,26647181,46146,654418333
Department of Health,NHS Stockport CCG,31/03/2019,Hcare Srv Rec Fdtn Trust-Contract Baseline,ACUTE COMMISSIONING,STOCKPORT NHS FOUNDATION TRUST,26647193,12879584,654974295
Department of Health,NHS Stockport CCG,31/03/2019,Hcare Srv Rec Fdtn Trust-Non Contract,NON RECURRENT PROGRAMMES,STOCKPORT NHS FOUNDATION TRUST,26647197,583500,654974295
Department of Health,NHS Stockport CCG,31/03/2019,Hcare Srv Rec Fdtn Trust-Contract Baseline,COMMUNITY SERVICES,STOCKPORT NHS FOUNDATION TRUST,26647198,1619988,654974295
