Department family,Entity,Date,Expense Type,Expense area,Supplier,Transaction number,Amount,VAT registration number
Department of Health,NHS Stockport CCG,30/04/2018,Clinical&Medical-Serv Recd-F Trsts,CHILD AND ADOLESCENT MENTAL HEALTH,PENNINE CARE NHS FOUNDATION TRUST,21590888,33750,-
Department of Health,NHS Stockport CCG,30/04/2018,Miscellaneous Expenditure (L9),NON RECURRENT PROGRAMMES,VIADUCT HEALTH LTD,21590909,213000,-
Department of Health,NHS Stockport CCG,30/04/2018,Clinical&Medical-Drugs,COMMUNITY SERVICES,STOCKPORT NHS FOUNDATION TRUST,21593618,53790.2,-
Department of Health,NHS Stockport CCG,30/04/2018,Clinical&Medical-Drugs,COMMUNITY SERVICES,STOCKPORT NHS FOUNDATION TRUST,21593620,323200.74,-
Department of Health,NHS Stockport CCG,30/04/2018,Programme Support Costs,NON RECURRENT PROGRAMMES,CARE UNBOUND LTD,21609853,148353,258456177
Department of Health,NHS Stockport CCG,30/04/2018,Programme Support Costs,NON RECURRENT PROGRAMMES,CARE UNBOUND LTD,21609984,-148353,258456177
Department of Health,NHS Stockport CCG,30/04/2018,Clinical&Medical-Commercial Sector,PLANNED CARE,BMI HEALTHCARE COLLECTIONS,21610039,149608.65,-
Department of Health,NHS Stockport CCG,30/04/2018,Miscellaneous Expenditure (L9),NON RECURRENT PROGRAMMES,VIADUCT CARE LTD,21610071,297000,-
Department of Health,NHS Stockport CCG,30/04/2018,Miscellaneous Expenditure (L9),NON RECURRENT PROGRAMMES,VIADUCT CARE LTD,21610074,121250,-
Department of Health,NHS Stockport CCG,30/04/2018,Cont Care- Children,CHC CHILDREN,STOCKPORT METROPOLITAN BOROUGH COUNCIL,21624333,170426,GB158556040
Department of Health,NHS Stockport CCG,30/04/2018,C&M-PMS Contract Value,PRC DELEGATED CO-COMMISSIONING,BEECH HOUSE MEDICAL PRACTICE,21657066,54178.11,-
Department of Health,NHS Stockport CCG,30/04/2018,C&M-PMS Funding Differential Review,PRC DELEGATED CO-COMMISSIONING,BEECH HOUSE MEDICAL PRACTICE,21657066,934.27,-
Department of Health,NHS Stockport CCG,30/04/2018,C&M-PMS QOF Aspiration,PRC DELEGATED CO-COMMISSIONING,BEECH HOUSE MEDICAL PRACTICE,21657066,8495,-
Department of Health,NHS Stockport CCG,30/04/2018,C&M-PMS Contract Value,PRC DELEGATED CO-COMMISSIONING,ALVANLEY FAMILY PRACTICE,21657068,37327.49,-
Department of Health,NHS Stockport CCG,30/04/2018,C&M-PMS Funding Differential Review,PRC DELEGATED CO-COMMISSIONING,ALVANLEY FAMILY PRACTICE,21657068,108.76,-
Department of Health,NHS Stockport CCG,30/04/2018,C&M-PMS QOF Aspiration,PRC DELEGATED CO-COMMISSIONING,ALVANLEY FAMILY PRACTICE,21657068,4496.14,-
Department of Health,NHS Stockport CCG,30/04/2018,C&M-PMS Contract Value,PRC DELEGATED CO-COMMISSIONING,ARCHWOOD MEDICAL PRACTICE,21657070,42876.93,-
Department of Health,NHS Stockport CCG,30/04/2018,C&M-PMS DES Learn Dsblty Hlth Chk,PRC DELEGATED CO-COMMISSIONING,ARCHWOOD MEDICAL PRACTICE,21657070,140,-
Department of Health,NHS Stockport CCG,30/04/2018,C&M-PMS DES Minor Surgery,PRC DELEGATED CO-COMMISSIONING,ARCHWOOD MEDICAL PRACTICE,21657070,737.12,-
Department of Health,NHS Stockport CCG,30/04/2018,C&M-PMS Funding Differential Review,PRC DELEGATED CO-COMMISSIONING,ARCHWOOD MEDICAL PRACTICE,21657070,341.52,-
Department of Health,NHS Stockport CCG,30/04/2018,C&M-PMS QOF Aspiration,PRC DELEGATED CO-COMMISSIONING,ARCHWOOD MEDICAL PRACTICE,21657070,5859.36,-
Department of Health,NHS Stockport CCG,30/04/2018,C&M-GMS Global Sum,PRC DELEGATED CO-COMMISSIONING,ADSHALL ROAD MEDICAL PRACTICE,21657072,31864.41,-
Department of Health,NHS Stockport CCG,30/04/2018,C&M-GMS MPIG Correction Factor,PRC DELEGATED CO-COMMISSIONING,ADSHALL ROAD MEDICAL PRACTICE,21657072,424.57,-
Department of Health,NHS Stockport CCG,30/04/2018,C&M-GMS Prem Notional Rent,PRC DELEGATED CO-COMMISSIONING,ADSHALL ROAD MEDICAL PRACTICE,21657072,2627.33,-
Department of Health,NHS Stockport CCG,30/04/2018,C&M-GMS Prem Water Rates,PRC DELEGATED CO-COMMISSIONING,ADSHALL ROAD MEDICAL PRACTICE,21657072,580.09,-
Department of Health,NHS Stockport CCG,30/04/2018,C&M-GMS QOF Aspiration,PRC DELEGATED CO-COMMISSIONING,ADSHALL ROAD MEDICAL PRACTICE,21657072,4038.34,-
Department of Health,NHS Stockport CCG,30/04/2018,C&M-PMS Contract Value,PRC DELEGATED CO-COMMISSIONING,ADSWOOD ROAD SURGERY,21657074,28124.53,-
Department of Health,NHS Stockport CCG,30/04/2018,C&M-PMS Funding Differential Review,PRC DELEGATED CO-COMMISSIONING,ADSWOOD ROAD SURGERY,21657074,424.61,-
Department of Health,NHS Stockport CCG,30/04/2018,C&M-PMS Prem Notional Rent,PRC DELEGATED CO-COMMISSIONING,ADSWOOD ROAD SURGERY,21657074,2441.67,-
Department of Health,NHS Stockport CCG,30/04/2018,C&M-PMS Prem Rates,PRC DELEGATED CO-COMMISSIONING,ADSWOOD ROAD SURGERY,21657074,8680.25,-
Department of Health,NHS Stockport CCG,30/04/2018,C&M-PMS Prem Water Rates,PRC DELEGATED CO-COMMISSIONING,ADSWOOD ROAD SURGERY,21657074,900.1,-
Department of Health,NHS Stockport CCG,30/04/2018,C&M-PMS QOF Aspiration,PRC DELEGATED CO-COMMISSIONING,ADSWOOD ROAD SURGERY,21657074,3678.47,-
Department of Health,NHS Stockport CCG,30/04/2018,C&M-GMS Voluntary Levy,PRC DELEGATED CO-COMMISSIONING,BRAMHALL HEALTH CENTRE,21657075,-417.15,-
Department of Health,NHS Stockport CCG,30/04/2018,ME - GMS TPS Added Years Adj EEs,PRC DELEGATED CO-COMMISSIONING,BRAMHALL HEALTH CENTRE,21657075,-1440.35,-
Department of Health,NHS Stockport CCG,30/04/2018,ME-GMS GP Pension EEs,PRC DELEGATED CO-COMMISSIONING,BRAMHALL HEALTH CENTRE,21657075,-17755.22,-
Department of Health,NHS Stockport CCG,30/04/2018,ME-GMS GP Pension ERs Adjustments,PRC DELEGATED CO-COMMISSIONING,BRAMHALL HEALTH CENTRE,21657075,-16984.3,-
Department of Health,NHS Stockport CCG,30/04/2018,C&M-PMS Contract Value,PRC DELEGATED CO-COMMISSIONING,BRAMHALL PARK MEDICAL CENTRE,21657077,96788.91,-
Department of Health,NHS Stockport CCG,30/04/2018,C&M-PMS Funding Differential Review,PRC DELEGATED CO-COMMISSIONING,BRAMHALL PARK MEDICAL CENTRE,21657077,887.4,-
Department of Health,NHS Stockport CCG,30/04/2018,C&M-PMS Prem Notional Rent,PRC DELEGATED CO-COMMISSIONING,BRAMHALL PARK MEDICAL CENTRE,21657077,2900,-
Department of Health,NHS Stockport CCG,30/04/2018,C&M-PMS Prem Rates,PRC DELEGATED CO-COMMISSIONING,BRAMHALL PARK MEDICAL CENTRE,21657077,11400,-
Department of Health,NHS Stockport CCG,30/04/2018,C&M-PMS Prem Water Rates,PRC DELEGATED CO-COMMISSIONING,BRAMHALL PARK MEDICAL CENTRE,21657077,692.98,-
Department of Health,NHS Stockport CCG,30/04/2018,C&M-PMS QOF Aspiration,PRC DELEGATED CO-COMMISSIONING,BRAMHALL PARK MEDICAL CENTRE,21657077,12894.62,-
Department of Health,NHS Stockport CCG,30/04/2018,C&M-PMS Contract Value,PRC DELEGATED CO-COMMISSIONING,BREDBURY MEDICAL PRACTICE,21657079,31774.75,-
Department of Health,NHS Stockport CCG,30/04/2018,C&M-PMS Funding Differential Review,PRC DELEGATED CO-COMMISSIONING,BREDBURY MEDICAL PRACTICE,21657079,398.52,-
Department of Health,NHS Stockport CCG,30/04/2018,C&M-PMS Prem Notional Rent,PRC DELEGATED CO-COMMISSIONING,BREDBURY MEDICAL PRACTICE,21657079,3316.67,-
Department of Health,NHS Stockport CCG,30/04/2018,C&M-PMS QOF Aspiration,PRC DELEGATED CO-COMMISSIONING,BREDBURY MEDICAL PRACTICE,21657079,3370.04,-
Department of Health,NHS Stockport CCG,30/04/2018,C&M-GMS DES Learn Dsblty Hlth Chk,PRC DELEGATED CO-COMMISSIONING,BRACONDALE MEDICAL CENTRE,21657081,980,-
Department of Health,NHS Stockport CCG,30/04/2018,C&M-GMS DES Minor Surgery,PRC DELEGATED CO-COMMISSIONING,BRACONDALE MEDICAL CENTRE,21657081,1994.56,-
Department of Health,NHS Stockport CCG,30/04/2018,C&M-GMS Global Sum,PRC DELEGATED CO-COMMISSIONING,BRACONDALE MEDICAL CENTRE,21657081,35909.18,-
Department of Health,NHS Stockport CCG,30/04/2018,C&M-GMS MPIG Correction Factor,PRC DELEGATED CO-COMMISSIONING,BRACONDALE MEDICAL CENTRE,21657081,440.1,-
Department of Health,NHS Stockport CCG,30/04/2018,C&M-GMS Prem Water Rates,PRC DELEGATED CO-COMMISSIONING,BRACONDALE MEDICAL CENTRE,21657081,319.1,-
Department of Health,NHS Stockport CCG,30/04/2018,C&M-GMS QOF Aspiration,PRC DELEGATED CO-COMMISSIONING,BRACONDALE MEDICAL CENTRE,21657081,3928.46,-
Department of Health,NHS Stockport CCG,30/04/2018,C&M-PMS Contract Value,PRC DELEGATED CO-COMMISSIONING,CARITAS GENERAL PRACTICE PARTNERSHIP,21657083,93607.43,-
Department of Health,NHS Stockport CCG,30/04/2018,C&M-PMS Funding Differential Review,PRC DELEGATED CO-COMMISSIONING,CARITAS GENERAL PRACTICE PARTNERSHIP,21657083,77.25,-
Department of Health,NHS Stockport CCG,30/04/2018,C&M-PMS Prem Actual Rent,PRC DELEGATED CO-COMMISSIONING,CARITAS GENERAL PRACTICE PARTNERSHIP,21657083,870,-
Department of Health,NHS Stockport CCG,30/04/2018,C&M-PMS Prem Notional Rent,PRC DELEGATED CO-COMMISSIONING,CARITAS GENERAL PRACTICE PARTNERSHIP,21657083,6626.66,-
Department of Health,NHS Stockport CCG,30/04/2018,C&M-PMS Prem Water Rates,PRC DELEGATED CO-COMMISSIONING,CARITAS GENERAL PRACTICE PARTNERSHIP,21657083,624.15,-
Department of Health,NHS Stockport CCG,30/04/2018,C&M-PMS QOF Aspiration,PRC DELEGATED CO-COMMISSIONING,CARITAS GENERAL PRACTICE PARTNERSHIP,21657083,11271.04,-
Department of Health,NHS Stockport CCG,30/04/2018,C&M-GMS Global Sum,PRC DELEGATED CO-COMMISSIONING,CALE GREEN SURGERY,21657085,26919.67,-
Department of Health,NHS Stockport CCG,30/04/2018,C&M-GMS MPIG Correction Factor,PRC DELEGATED CO-COMMISSIONING,CALE GREEN SURGERY,21657085,113.74,-
Department of Health,NHS Stockport CCG,30/04/2018,C&M-GMS Prem Notional Rent,PRC DELEGATED CO-COMMISSIONING,CALE GREEN SURGERY,21657085,1416.67,-
Department of Health,NHS Stockport CCG,30/04/2018,C&M-GMS QOF Aspiration,PRC DELEGATED CO-COMMISSIONING,CALE GREEN SURGERY,21657085,2654.98,-
Department of Health,NHS Stockport CCG,30/04/2018,C&M-PMS Contract Value,PRC DELEGATED CO-COMMISSIONING,BRINNINGTON HEALTH CENTRE STOCKPORT,21657087,74745.78,-
Department of Health,NHS Stockport CCG,30/04/2018,C&M-PMS DES Minor Surgery,PRC DELEGATED CO-COMMISSIONING,BRINNINGTON HEALTH CENTRE STOCKPORT,21657087,737.12,-
Department of Health,NHS Stockport CCG,30/04/2018,C&M-PMS Funding Differential Review,PRC DELEGATED CO-COMMISSIONING,BRINNINGTON HEALTH CENTRE STOCKPORT,21657087,314.34,-
Department of Health,NHS Stockport CCG,30/04/2018,C&M-PMS QOF Aspiration,PRC DELEGATED CO-COMMISSIONING,BRINNINGTON HEALTH CENTRE STOCKPORT,21657087,10407.71,-
Department of Health,NHS Stockport CCG,30/04/2018,C&M-PMS Contract Value,PRC DELEGATED CO-COMMISSIONING,CHEADLE HULME HEALTH CENTRE - DR SEABROOK,21657089,85032.73,-
Department of Health,NHS Stockport CCG,30/04/2018,C&M-PMS Funding Differential Review,PRC DELEGATED CO-COMMISSIONING,CHEADLE HULME HEALTH CENTRE - DR SEABROOK,21657089,517.22,-
Department of Health,NHS Stockport CCG,30/04/2018,C&M-PMS Prem Notional Rent,PRC DELEGATED CO-COMMISSIONING,CHEADLE HULME HEALTH CENTRE - DR SEABROOK,21657089,3812.5,-
Department of Health,NHS Stockport CCG,30/04/2018,C&M-PMS QOF Aspiration,PRC DELEGATED CO-COMMISSIONING,CHEADLE HULME HEALTH CENTRE - DR SEABROOK,21657089,9344.41,-
Department of Health,NHS Stockport CCG,30/04/2018,C&M-PMS Contract Value,PRC DELEGATED CO-COMMISSIONING,CHEADLE HULME HEALTH CENTRE - DR SHIPSTON,21657091,72691.32,-
Department of Health,NHS Stockport CCG,30/04/2018,C&M-PMS DES Minor Surgery,PRC DELEGATED CO-COMMISSIONING,CHEADLE HULME HEALTH CENTRE - DR SHIPSTON,21657091,2861.76,-
Department of Health,NHS Stockport CCG,30/04/2018,C&M-PMS Funding Differential Review,PRC DELEGATED CO-COMMISSIONING,CHEADLE HULME HEALTH CENTRE - DR SHIPSTON,21657091,717.61,-
Department of Health,NHS Stockport CCG,30/04/2018,C&M-PMS Prem Notional Rent,PRC DELEGATED CO-COMMISSIONING,CHEADLE HULME HEALTH CENTRE - DR SHIPSTON,21657091,4941.67,-
Department of Health,NHS Stockport CCG,30/04/2018,C&M-PMS QOF Aspiration,PRC DELEGATED CO-COMMISSIONING,CHEADLE HULME HEALTH CENTRE - DR SHIPSTON,21657091,8235.85,-
Department of Health,NHS Stockport CCG,30/04/2018,C&M-GMS DES Minor Surgery,PRC DELEGATED CO-COMMISSIONING,CHEADLE MEDICAL PRACTICE,21657093,1734.4,-
Department of Health,NHS Stockport CCG,30/04/2018,C&M-GMS Global Sum,PRC DELEGATED CO-COMMISSIONING,CHEADLE MEDICAL PRACTICE,21657093,78049.14,-
Department of Health,NHS Stockport CCG,30/04/2018,C&M-GMS MPIG Correction Factor,PRC DELEGATED CO-COMMISSIONING,CHEADLE MEDICAL PRACTICE,21657093,953.44,-
Department of Health,NHS Stockport CCG,30/04/2018,C&M-GMS Prem Notional Rent,PRC DELEGATED CO-COMMISSIONING,CHEADLE MEDICAL PRACTICE,21657093,5450,-
Department of Health,NHS Stockport CCG,30/04/2018,C&M-GMS Prem Rates,PRC DELEGATED CO-COMMISSIONING,CHEADLE MEDICAL PRACTICE,21657093,20025.14,-
Department of Health,NHS Stockport CCG,30/04/2018,C&M-GMS QOF Aspiration,PRC DELEGATED CO-COMMISSIONING,CHEADLE MEDICAL PRACTICE,21657093,10003.58,-
Department of Health,NHS Stockport CCG,30/04/2018,C&M-GMS DES Minor Surgery,PRC DELEGATED CO-COMMISSIONING,CHADSFIELD MEDICAL PRACTICE,21657097,303.52,-
Department of Health,NHS Stockport CCG,30/04/2018,C&M-GMS Global Sum,PRC DELEGATED CO-COMMISSIONING,CHADSFIELD MEDICAL PRACTICE,21657097,53958.22,-
Department of Health,NHS Stockport CCG,30/04/2018,C&M-GMS MPIG Correction Factor,PRC DELEGATED CO-COMMISSIONING,CHADSFIELD MEDICAL PRACTICE,21657097,638.93,-
Department of Health,NHS Stockport CCG,30/04/2018,C&M-GMS QOF Aspiration,PRC DELEGATED CO-COMMISSIONING,CHADSFIELD MEDICAL PRACTICE,21657097,7245.89,-
Department of Health,NHS Stockport CCG,30/04/2018,C&M-GMS Global Sum,PRC DELEGATED CO-COMMISSIONING,GATLEY MEDICAL CENTRE,21657100,59583.09,-
Department of Health,NHS Stockport CCG,30/04/2018,C&M-GMS MPIG Correction Factor,PRC DELEGATED CO-COMMISSIONING,GATLEY MEDICAL CENTRE,21657100,586.83,-
Department of Health,NHS Stockport CCG,30/04/2018,C&M-GMS Other Small Practice All,PRC DELEGATED CO-COMMISSIONING,GATLEY MEDICAL CENTRE,21657100,1952,-
Department of Health,NHS Stockport CCG,30/04/2018,C&M-GMS QOF Aspiration,PRC DELEGATED CO-COMMISSIONING,GATLEY MEDICAL CENTRE,21657100,7571.83,-
Department of Health,NHS Stockport CCG,30/04/2018,C&M-PMS Contract Value,PRC DELEGATED CO-COMMISSIONING,HEATON MERSEY MEDICAL PRACTICE,21657104,51208.82,-
Department of Health,NHS Stockport CCG,30/04/2018,C&M-PMS Funding Differential Review,PRC DELEGATED CO-COMMISSIONING,HEATON MERSEY MEDICAL PRACTICE,21657104,814.83,-
Department of Health,NHS Stockport CCG,30/04/2018,C&M-PMS Prem Notional Rent,PRC DELEGATED CO-COMMISSIONING,HEATON MERSEY MEDICAL PRACTICE,21657104,3208.33,-
Department of Health,NHS Stockport CCG,30/04/2018,C&M-PMS QOF Aspiration,PRC DELEGATED CO-COMMISSIONING,HEATON MERSEY MEDICAL PRACTICE,21657104,6327.85,-
Department of Health,NHS Stockport CCG,30/04/2018,C&M-GMS DES Minor Surgery,PRC DELEGATED CO-COMMISSIONING,HEATON NORRIS HEALTH CENTRE DR MARSHALL,21657106,1777.76,-
Department of Health,NHS Stockport CCG,30/04/2018,C&M-GMS Global Sum,PRC DELEGATED CO-COMMISSIONING,HEATON NORRIS HEALTH CENTRE DR MARSHALL,21657106,56920.59,-
Department of Health,NHS Stockport CCG,30/04/2018,C&M-GMS QOF Aspiration,PRC DELEGATED CO-COMMISSIONING,HEATON NORRIS HEALTH CENTRE DR MARSHALL,21657106,6957.78,-
Department of Health,NHS Stockport CCG,30/04/2018,C&M-PMS Contract Value,PRC DELEGATED CO-COMMISSIONING,HIGH LANE MEDICAL CENTRE,21657108,41418.65,-
Department of Health,NHS Stockport CCG,30/04/2018,C&M-PMS DES Minor Surgery,PRC DELEGATED CO-COMMISSIONING,HIGH LANE MEDICAL CENTRE,21657108,563.68,-
Department of Health,NHS Stockport CCG,30/04/2018,C&M-PMS Funding Differential Review,PRC DELEGATED CO-COMMISSIONING,HIGH LANE MEDICAL CENTRE,21657108,233.19,-
Department of Health,NHS Stockport CCG,30/04/2018,C&M-PMS Prem Water Rates,PRC DELEGATED CO-COMMISSIONING,HIGH LANE MEDICAL CENTRE,21657108,3744.2,-
Department of Health,NHS Stockport CCG,30/04/2018,C&M-PMS QOF Aspiration,PRC DELEGATED CO-COMMISSIONING,HIGH LANE MEDICAL CENTRE,21657108,4407.38,-
Department of Health,NHS Stockport CCG,30/04/2018,C&M-GMS DES Minor Surgery,PRC DELEGATED CO-COMMISSIONING,HEALD GREEN HEALTH CENTRE DR WRIGHT,21657110,520.32,-
Department of Health,NHS Stockport CCG,30/04/2018,C&M-GMS Global Sum,PRC DELEGATED CO-COMMISSIONING,HEALD GREEN HEALTH CENTRE DR WRIGHT,21657110,42844.18,-
Department of Health,NHS Stockport CCG,30/04/2018,C&M-GMS MPIG Correction Factor,PRC DELEGATED CO-COMMISSIONING,HEALD GREEN HEALTH CENTRE DR WRIGHT,21657110,459.64,-
Department of Health,NHS Stockport CCG,30/04/2018,C&M-GMS QOF Aspiration,PRC DELEGATED CO-COMMISSIONING,HEALD GREEN HEALTH CENTRE DR WRIGHT,21657110,5147.74,-
Department of Health,NHS Stockport CCG,30/04/2018,C&M-GMS Global Sum,PRC DELEGATED CO-COMMISSIONING,MARPLE BRIDGE SURGERY,21657112,45600.07,-
Department of Health,NHS Stockport CCG,30/04/2018,C&M-GMS MPIG Correction Factor,PRC DELEGATED CO-COMMISSIONING,MARPLE BRIDGE SURGERY,21657112,671.18,-
Department of Health,NHS Stockport CCG,30/04/2018,C&M-GMS Prem Rates,PRC DELEGATED CO-COMMISSIONING,MARPLE BRIDGE SURGERY,21657112,11640,-
Department of Health,NHS Stockport CCG,30/04/2018,C&M-GMS Prem Water Rates,PRC DELEGATED CO-COMMISSIONING,MARPLE BRIDGE SURGERY,21657112,354.98,-
Department of Health,NHS Stockport CCG,30/04/2018,C&M-GMS QOF Aspiration,PRC DELEGATED CO-COMMISSIONING,MARPLE BRIDGE SURGERY,21657112,5428.68,-
Department of Health,NHS Stockport CCG,30/04/2018,C&M-PMS Contract Value,PRC DELEGATED CO-COMMISSIONING,MARPLE COTTAGE SURGERY,21657114,49759.52,-
Department of Health,NHS Stockport CCG,30/04/2018,C&M-PMS DES Learn Dsblty Hlth Chk,PRC DELEGATED CO-COMMISSIONING,MARPLE COTTAGE SURGERY,21657114,420,-
Department of Health,NHS Stockport CCG,30/04/2018,C&M-PMS DES Minor Surgery,PRC DELEGATED CO-COMMISSIONING,MARPLE COTTAGE SURGERY,21657114,5810.24,-
Department of Health,NHS Stockport CCG,30/04/2018,C&M-PMS Funding Differential Review,PRC DELEGATED CO-COMMISSIONING,MARPLE COTTAGE SURGERY,21657114,311.62,-
Department of Health,NHS Stockport CCG,30/04/2018,C&M-PMS Prem Notional Rent,PRC DELEGATED CO-COMMISSIONING,MARPLE COTTAGE SURGERY,21657114,4143.67,-
Department of Health,NHS Stockport CCG,30/04/2018,C&M-PMS Prem Rates,PRC DELEGATED CO-COMMISSIONING,MARPLE COTTAGE SURGERY,21657114,15155.66,-
Department of Health,NHS Stockport CCG,30/04/2018,C&M-PMS Prem Water Rates,PRC DELEGATED CO-COMMISSIONING,MARPLE COTTAGE SURGERY,21657114,862.2,-
Department of Health,NHS Stockport CCG,30/04/2018,C&M-PMS QOF Aspiration,PRC DELEGATED CO-COMMISSIONING,MARPLE COTTAGE SURGERY,21657114,6490.62,-
Department of Health,NHS Stockport CCG,30/04/2018,C&M-GMS DES Minor Surgery,PRC DELEGATED CO-COMMISSIONING,MARPLE MEDICAL PRACTICE,21657116,1517.6,-
Department of Health,NHS Stockport CCG,30/04/2018,C&M-GMS Global Sum,PRC DELEGATED CO-COMMISSIONING,MARPLE MEDICAL PRACTICE,21657116,50972.94,-
Department of Health,NHS Stockport CCG,30/04/2018,C&M-GMS MPIG Correction Factor,PRC DELEGATED CO-COMMISSIONING,MARPLE MEDICAL PRACTICE,21657116,401.71,-
Department of Health,NHS Stockport CCG,30/04/2018,C&M-GMS Prem Notional Rent,PRC DELEGATED CO-COMMISSIONING,MARPLE MEDICAL PRACTICE,21657116,2614.08,-
Department of Health,NHS Stockport CCG,30/04/2018,C&M-GMS QOF Aspiration,PRC DELEGATED CO-COMMISSIONING,MARPLE MEDICAL PRACTICE,21657116,6991.87,-
Department of Health,NHS Stockport CCG,30/04/2018,C&M-GMS Global Sum,PRC DELEGATED CO-COMMISSIONING,MANOR MEDICAL PRACTICE,21657118,67417.07,-
Department of Health,NHS Stockport CCG,30/04/2018,C&M-GMS Prem Actual Rent,PRC DELEGATED CO-COMMISSIONING,MANOR MEDICAL PRACTICE,21657118,1658.33,-
Department of Health,NHS Stockport CCG,30/04/2018,C&M-GMS Prem Water Rates,PRC DELEGATED CO-COMMISSIONING,MANOR MEDICAL PRACTICE,21657118,104.69,-
Department of Health,NHS Stockport CCG,30/04/2018,C&M-GMS QOF Aspiration,PRC DELEGATED CO-COMMISSIONING,MANOR MEDICAL PRACTICE,21657118,8434.98,-
Department of Health,NHS Stockport CCG,30/04/2018,C&M-GMS Global Sum,PRC DELEGATED CO-COMMISSIONING,PARK VIEW GROUP PRACTICE,21657120,62782.77,-
Department of Health,NHS Stockport CCG,30/04/2018,C&M-GMS PCO Seniority,PRC DELEGATED CO-COMMISSIONING,PARK VIEW GROUP PRACTICE,21657120,700.9,-
Department of Health,NHS Stockport CCG,30/04/2018,C&M-GMS Prem Notional Rent,PRC DELEGATED CO-COMMISSIONING,PARK VIEW GROUP PRACTICE,21657120,4658.33,-
Department of Health,NHS Stockport CCG,30/04/2018,C&M-GMS Prem Rates,PRC DELEGATED CO-COMMISSIONING,PARK VIEW GROUP PRACTICE,21657120,10582.28,-
Department of Health,NHS Stockport CCG,30/04/2018,C&M-GMS QOF Aspiration,PRC DELEGATED CO-COMMISSIONING,PARK VIEW GROUP PRACTICE,21657120,7438.77,-
Department of Health,NHS Stockport CCG,30/04/2018,ME-GMS GP Prior Year EEs,PRC DELEGATED CO-COMMISSIONING,PARK VIEW GROUP PRACTICE,21657120,653.05,-
Department of Health,NHS Stockport CCG,30/04/2018,C&M-PMS Contract Value,PRC DELEGATED CO-COMMISSIONING,SOUTH REDDISH MEDICAL CENTRE,21657122,26827.07,-
Department of Health,NHS Stockport CCG,30/04/2018,C&M-PMS Funding Differential Review,PRC DELEGATED CO-COMMISSIONING,SOUTH REDDISH MEDICAL CENTRE,21657122,307.51,-
Department of Health,NHS Stockport CCG,30/04/2018,C&M-PMS QOF Aspiration,PRC DELEGATED CO-COMMISSIONING,SOUTH REDDISH MEDICAL CENTRE,21657122,3162.69,-
Department of Health,NHS Stockport CCG,30/04/2018,C&M-GMS DES Minor Surgery,PRC DELEGATED CO-COMMISSIONING,SPRINGFIELD SURGERY STOCKPORT,21657124,867.2,-
Department of Health,NHS Stockport CCG,30/04/2018,C&M-GMS Global Sum,PRC DELEGATED CO-COMMISSIONING,SPRINGFIELD SURGERY STOCKPORT,21657124,35905.27,-
Department of Health,NHS Stockport CCG,30/04/2018,C&M-GMS MPIG Correction Factor,PRC DELEGATED CO-COMMISSIONING,SPRINGFIELD SURGERY STOCKPORT,21657124,285.29,-
Department of Health,NHS Stockport CCG,30/04/2018,C&M-GMS Prem Notional Rent,PRC DELEGATED CO-COMMISSIONING,SPRINGFIELD SURGERY STOCKPORT,21657124,2045.83,-
Department of Health,NHS Stockport CCG,30/04/2018,C&M-GMS QOF Aspiration,PRC DELEGATED CO-COMMISSIONING,SPRINGFIELD SURGERY STOCKPORT,21657124,4093.18,-
Department of Health,NHS Stockport CCG,30/04/2018,C&M-PMS Contract Value,PRC DELEGATED CO-COMMISSIONING,STOCKPORT MEDICAL GROUP,21657128,108323.91,-
Department of Health,NHS Stockport CCG,30/04/2018,C&M-PMS DES Minor Surgery,PRC DELEGATED CO-COMMISSIONING,STOCKPORT MEDICAL GROUP,21657128,3902.4,-
Department of Health,NHS Stockport CCG,30/04/2018,C&M-PMS Funding Differential Review,PRC DELEGATED CO-COMMISSIONING,STOCKPORT MEDICAL GROUP,21657128,422.56,-
Department of Health,NHS Stockport CCG,30/04/2018,C&M-PMS Prem Notional Rent,PRC DELEGATED CO-COMMISSIONING,STOCKPORT MEDICAL GROUP,21657128,7460.83,-
Department of Health,NHS Stockport CCG,30/04/2018,C&M-PMS QOF Aspiration,PRC DELEGATED CO-COMMISSIONING,STOCKPORT MEDICAL GROUP,21657128,13083.14,-
Department of Health,NHS Stockport CCG,30/04/2018,C&M-GMS Global Sum,PRC DELEGATED CO-COMMISSIONING,VILLAGE SURGERY STOCKPORT,21657130,36075.79,-
Department of Health,NHS Stockport CCG,30/04/2018,C&M-GMS MPIG Correction Factor,PRC DELEGATED CO-COMMISSIONING,VILLAGE SURGERY STOCKPORT,21657130,1377.65,-
Department of Health,NHS Stockport CCG,30/04/2018,C&M-GMS Prem Notional Rent,PRC DELEGATED CO-COMMISSIONING,VILLAGE SURGERY STOCKPORT,21657130,3191.67,-
Department of Health,NHS Stockport CCG,30/04/2018,C&M-GMS Prem Rates,PRC DELEGATED CO-COMMISSIONING,VILLAGE SURGERY STOCKPORT,21657130,11280,-
Department of Health,NHS Stockport CCG,30/04/2018,C&M-GMS QOF Aspiration,PRC DELEGATED CO-COMMISSIONING,VILLAGE SURGERY STOCKPORT,21657130,3757.23,-
Department of Health,NHS Stockport CCG,30/04/2018,C&M-GMS Global Sum,PRC DELEGATED CO-COMMISSIONING,WOODLEY VILLAGE SURGERY,21657134,24032.9,-
Department of Health,NHS Stockport CCG,30/04/2018,C&M-GMS QOF Aspiration,PRC DELEGATED CO-COMMISSIONING,WOODLEY VILLAGE SURGERY,21657134,3135.03,-
Department of Health,NHS Stockport CCG,30/04/2018,C&M-GMS DES Minor Surgery,PRC DELEGATED CO-COMMISSIONING,DR OWEN & PARTNERS,21657138,216.8,-
Department of Health,NHS Stockport CCG,30/04/2018,C&M-GMS Global Sum,PRC DELEGATED CO-COMMISSIONING,DR OWEN & PARTNERS,21657138,43711.51,-
Department of Health,NHS Stockport CCG,30/04/2018,C&M-GMS MPIG Correction Factor,PRC DELEGATED CO-COMMISSIONING,DR OWEN & PARTNERS,21657138,74.87,-
Department of Health,NHS Stockport CCG,30/04/2018,C&M-GMS QOF Aspiration,PRC DELEGATED CO-COMMISSIONING,DR OWEN & PARTNERS,21657138,5519.6,-
Department of Health,NHS Stockport CCG,30/04/2018,C&M-PMS Voluntary Levy,PRC DELEGATED CO-COMMISSIONING,HEATON MOOR MEDICAL CENTRE,21661856,-1214.68,-
Department of Health,NHS Stockport CCG,30/04/2018,ME - PMS TPS Added Years Adj EEs,PRC DELEGATED CO-COMMISSIONING,HEATON MOOR MEDICAL CENTRE,21661856,-883.24,-
Department of Health,NHS Stockport CCG,30/04/2018,ME-PMS GP Pension EEs-PMS,PRC DELEGATED CO-COMMISSIONING,HEATON MOOR MEDICAL CENTRE,21661856,-13069.21,-
Department of Health,NHS Stockport CCG,30/04/2018,ME-PMS GP Pension ERs Adjs - PMS,PRC DELEGATED CO-COMMISSIONING,HEATON MOOR MEDICAL CENTRE,21661856,-13971.45,-
Department of Health,NHS Stockport CCG,30/04/2018,C&M-PMS Contract Value,PRC DELEGATED CO-COMMISSIONING,HEATON MOOR MEDICAL CENTRE,21661857,248282.22,-
Department of Health,NHS Stockport CCG,30/04/2018,C&M-PMS DES Minor Surgery,PRC DELEGATED CO-COMMISSIONING,HEATON MOOR MEDICAL CENTRE,21661857,1430.88,-
Department of Health,NHS Stockport CCG,30/04/2018,C&M-PMS Funding Differential Review,PRC DELEGATED CO-COMMISSIONING,HEATON MOOR MEDICAL CENTRE,21661857,1756.83,-
Department of Health,NHS Stockport CCG,30/04/2018,C&M-PMS Prem Notional Rent,PRC DELEGATED CO-COMMISSIONING,HEATON MOOR MEDICAL CENTRE,21661857,9114.58,-
Department of Health,NHS Stockport CCG,30/04/2018,C&M-PMS Prem Rates,PRC DELEGATED CO-COMMISSIONING,HEATON MOOR MEDICAL CENTRE,21661857,67649.75,-
Department of Health,NHS Stockport CCG,30/04/2018,C&M-PMS Prem Water Rates,PRC DELEGATED CO-COMMISSIONING,HEATON MOOR MEDICAL CENTRE,21661857,1827.65,-
Department of Health,NHS Stockport CCG,30/04/2018,C&M-PMS QOF Aspiration,PRC DELEGATED CO-COMMISSIONING,HEATON MOOR MEDICAL CENTRE,21661857,26742.16,-
Department of Health,NHS Stockport CCG,30/04/2018,Hcare Srv Rec Fdtn Trust-Over/ Under Performance,ACUTE COMMISSIONING,STOCKPORT NHS FOUNDATION TRUST,21668041,-258562,-
Department of Health,NHS Stockport CCG,30/04/2018,Programme Support Costs,NON RECURRENT PROGRAMMES,CARE UNBOUND LTD,21668043,74176.5,258456177
Department of Health,NHS Stockport CCG,30/04/2018,Clinical&Medical-Commercial Sector,MENTAL HEALTH SERVICES - ADULTS,STANDWALK,21668050,59659.07,-
Department of Health,NHS Stockport CCG,30/04/2018,C&M-GMS Global Sum,PRC DELEGATED CO-COMMISSIONING,BRAMHALL HEALTH CENTRE,21675803,84244.61,-
Department of Health,NHS Stockport CCG,30/04/2018,C&M-GMS MPIG Correction Factor,PRC DELEGATED CO-COMMISSIONING,BRAMHALL HEALTH CENTRE,21675803,1526.02,-
Department of Health,NHS Stockport CCG,30/04/2018,C&M-GMS QOF Aspiration,PRC DELEGATED CO-COMMISSIONING,BRAMHALL HEALTH CENTRE,21675803,9679.64,-
Department of Health,NHS Stockport CCG,30/04/2018,ME-GMS GP Pension EEs Adjustments,PRC DELEGATED CO-COMMISSIONING,BRAMHALL HEALTH CENTRE,21675803,10373.75,-
Department of Health,NHS Stockport CCG,30/04/2018,ME-GMS GP Pension ERs Adjustments,PRC DELEGATED CO-COMMISSIONING,BRAMHALL HEALTH CENTRE,21675803,11515.93,-
Department of Health,NHS Stockport CCG,30/04/2018,C&M-PMS Contract Value,PRC DELEGATED CO-COMMISSIONING,FAMILY SURGERY STOCKPORT,21675804,85725.09,-
Department of Health,NHS Stockport CCG,30/04/2018,C&M-PMS DES Minor Surgery,PRC DELEGATED CO-COMMISSIONING,FAMILY SURGERY STOCKPORT,21675804,650.4,-
Department of Health,NHS Stockport CCG,30/04/2018,C&M-PMS Funding Differential Review,PRC DELEGATED CO-COMMISSIONING,FAMILY SURGERY STOCKPORT,21675804,538.73,-
Department of Health,NHS Stockport CCG,30/04/2018,C&M-PMS PCO Locum Sickness,PRC DELEGATED CO-COMMISSIONING,FAMILY SURGERY STOCKPORT,21675804,12139.26,-
Department of Health,NHS Stockport CCG,30/04/2018,C&M-PMS Prem Notional Rent,PRC DELEGATED CO-COMMISSIONING,FAMILY SURGERY STOCKPORT,21675804,5716.67,-
Department of Health,NHS Stockport CCG,30/04/2018,C&M-PMS Prem Rates,PRC DELEGATED CO-COMMISSIONING,FAMILY SURGERY STOCKPORT,21675804,12331.22,-
Department of Health,NHS Stockport CCG,30/04/2018,C&M-PMS QOF Aspiration,PRC DELEGATED CO-COMMISSIONING,FAMILY SURGERY STOCKPORT,21675804,8896.69,-
Department of Health,NHS Stockport CCG,30/04/2018,ME - PMS TPS Added Years Adj EEs,PRC DELEGATED CO-COMMISSIONING,FAMILY SURGERY STOCKPORT,21675804,76.65,-
Department of Health,NHS Stockport CCG,30/04/2018,Hcare Srv Rec NHS Trust-Contract Baseline,ACUTE COMMISSIONING,PENNINE ACUTE HOSPITALS NHS TRUST,21703615,46146,654418333
Department of Health,NHS Stockport CCG,30/04/2018,Hcare Srv Rec NHS Trust-Contract Baseline,ACUTE COMMISSIONING,EAST CHESHIRE NHS TRUST,21703618,176305.27,-
Department of Health,NHS Stockport CCG,30/04/2018,Clinical&Medical-Commercial Sector,PLANNED CARE,ABL HEALTH LTD,21703620,27390.67,-
Department of Health,NHS Stockport CCG,30/04/2018,Clinical&Medical-Commercial Sector,HOSPICES,BEECHWOOD CANCER CARE CENTRE,21703626,127008.28,-
Department of Health,NHS Stockport CCG,30/04/2018,Clinical&Medical-Commercial Sector,PLANNED CARE,BMI HEALTHCARE COLLECTIONS,21703634,466659.6,-
Department of Health,NHS Stockport CCG,30/04/2018,Clinical&Medical-Commercial Sector,PLANNED CARE,BMI HEALTHCARE COLLECTIONS,21703635,165253.96,-
Department of Health,NHS Stockport CCG,30/04/2018,Services From Local Authorities,NON RECURRENT PROGRAMMES,STOCKPORT METROPOLITAN BOROUGH COUNCIL,21703639,1335000,GB158556040
Department of Health,NHS Stockport CCG,30/04/2018,Clinical&Medical-Serv Recd-CCGs,PRIMARY CARE IT,NHS OLDHAM CCG,21755794,99767,-
Department of Health,NHS Stockport CCG,30/04/2018,Other Gen Supplies & Srv,IM&T,NHS OLDHAM CCG,21755794,18487,-
Department of Health,NHS Stockport CCG,30/04/2018,Hcare Srv Rec Fdtn Trust-Contract Baseline,ACUTE COMMISSIONING,SALFORD ROYAL HOSPITALS NHS FOUNDATION TRUST,21755795,619953.24,-
Department of Health,NHS Stockport CCG,30/04/2018,Hcare Srv Rec Fdtn Trust-Contract Baseline,ACUTE COMMISSIONING,WRIGHTINGTON WIGAN & LEIGH NHS FOUNDATION TRUST,21755796,54922,GB654951509
Department of Health,NHS Stockport CCG,30/04/2018,Other Gen Supplies & Srv,COLLABORATIVE COMMISSIONING,NHS OLDHAM CCG,21803823,2701,-
Department of Health,NHS Stockport CCG,30/04/2018,Other Gen Supplies & Srv,CONTRACT MANAGEMENT,NHS OLDHAM CCG,21803823,22555,-
Department of Health,NHS Stockport CCG,30/04/2018,Other Gen Supplies & Srv,HUMAN RESOURCES,NHS OLDHAM CCG,21803823,10374,-
Department of Health,NHS Stockport CCG,30/04/2018,Other Gen Supplies & Srv,IM&T,NHS OLDHAM CCG,21803823,2184,-
Department of Health,NHS Stockport CCG,30/04/2018,Other Gen Supplies & Srv,MEDICINES MANAGEMENT - CLINICAL,NHS OLDHAM CCG,21803823,8857,-
Department of Health,NHS Stockport CCG,30/04/2018,Other Gen Supplies & Srv,NHS 111,NHS OLDHAM CCG,21803823,1861,-
Department of Health,NHS Stockport CCG,30/04/2018,Clinical&Medical-Commercial Sector,HOSPICES,ST ANNES HOSPICE,21803829,276547,-
Department of Health,NHS Stockport CCG,30/04/2018,Clinical&Medical-Commercial Sector,IMPROVING ACCESS TO PSYCHOLOGICAL THERAPIES,SELF HELP SERVICES,21803833,42908.75,-
Department of Health,NHS Stockport CCG,30/04/2018,Clinical&Medical-Othe Public Sector,COMMISSIONING - NON ACUTE,STOCKPORT METROPOLITAN BOROUGH COUNCIL,21803837,25000,GB158556040
Department of Health,NHS Stockport CCG,30/04/2018,Clinical&Medical-Othe Public Sector,COMMUNITY SERVICES,STOCKPORT METROPOLITAN BOROUGH COUNCIL,21803837,1083000,GB158556040
Department of Health,NHS Stockport CCG,30/04/2018,Clinical&Medical-Othe Public Sector,LEARNING DIFFICULTIES,STOCKPORT METROPOLITAN BOROUGH COUNCIL,21803837,132916.67,GB158556040
Department of Health,NHS Stockport CCG,30/04/2018,Clinical&Medical-Othe Public Sector,LONG TERM CONDITIONS,STOCKPORT METROPOLITAN BOROUGH COUNCIL,21803837,317666.66,GB158556040
Department of Health,NHS Stockport CCG,30/04/2018,Clinical&Medical-Othe Public Sector,MENTAL HEALTH SERVICES - OTHER,STOCKPORT METROPOLITAN BOROUGH COUNCIL,21803837,24083.34,GB158556040
Department of Health,NHS Stockport CCG,30/04/2018,Clinical&Medical-Othe Public Sector,REABLEMENT,STOCKPORT METROPOLITAN BOROUGH COUNCIL,21803837,100333.33,GB158556040
Department of Health,NHS Stockport CCG,30/04/2018,Hcare Srv Rec Fdtn Trust-Contract Baseline,MENTAL HEALTH CONTRACTS,PENNINE CARE NHS FOUNDATION TRUST,21819761,175729,-
Department of Health,NHS Stockport CCG,30/04/2018,Hlthcre-Foundation Trsts,ACUTE COMMISSIONING,CHRISTIE HOSPITAL NHS FOUNDATION TRUST,21823791,295535.42,-
Department of Health,NHS Stockport CCG,30/04/2018,Hcare Srv Rec NHS Trust-Contract Baseline,ACUTE COMMISSIONING,EAST CHESHIRE NHS TRUST,21845839,-2364187,-
Department of Health,NHS Stockport CCG,30/04/2018,Hcare Srv Rec NHS Trust-Contract Baseline,COLLABORATIVE COMMISSIONING,NORTH WEST AMBULANCE SERVICE NHS TRUST,21870166,26036,654435138
Department of Health,NHS Stockport CCG,30/04/2018,Clinical&Medical-Commercial Sector,LOCAL ENHANCED SERVICES,PRIMARY EYECARE NORTH LTD,21870170,30153,-
Department of Health,NHS Stockport CCG,30/04/2018,Clinical&Medical-Serv Recd-NHS Trst,NHS 111,NORTH WEST AMBULANCE SERVICE NHS TRUST,21870188,76365,654435138
Department of Health,NHS Stockport CCG,30/04/2018,Clinical&Medical-Commercial Sector,COMMISSIONING SCHEMES,MASTERCALL HEALTHCARE,21870191,49932.68,-
Department of Health,NHS Stockport CCG,30/04/2018,Clinical&Medical-Commercial Sector,PLANNED CARE,DIAGNOSTIC HEALTHCARE LTD,21870203,43508.88,204941917
Department of Health,NHS Stockport CCG,30/04/2018,Hcare Srv Rec Fdtn Trust-Contract Baseline,ACUTE COMMISSIONING,TAMESIDE HOSPITAL NHS FOUNDATION TRUST,21870224,96435.92,654945109
Department of Health,NHS Stockport CCG,30/04/2018,Hcare Srv Rec NHS Trust-Contract Baseline,ACUTE COMMISSIONING,EAST CHESHIRE NHS TRUST,21870229,2364187,-
Department of Health,NHS Stockport CCG,30/04/2018,Clinical&Medical-Independent Sector,OUT OF HOURS,MASTERCALL HEALTHCARE,21870232,249453,-
Department of Health,NHS Stockport CCG,30/04/2018,Clinical&Medical-Commercial Sector,PLANNED CARE,BMI HEALTHCARE COLLECTIONS,21870235,-59977.5,-
Department of Health,NHS Stockport CCG,30/04/2018,Clinical&Medical-Commercial Sector,PLANNED CARE,BMI HEALTHCARE COLLECTIONS,21870236,75889.9,-
Department of Health,NHS Stockport CCG,30/04/2018,Cont Care-Funded Nursing Care Allow,FUNDED NURSING CARE,STOCKPORT METROPOLITAN BOROUGH COUNCIL,21915872,792252,GB158556040
Department of Health,NHS Stockport CCG,30/04/2018,Miscellaneous Expenditure (L9),NON RECURRENT PROGRAMMES,STOCKPORT NHS FOUNDATION TRUST,21954853,125806,-
Department of Health,NHS Stockport CCG,30/04/2018,Hcare Srv Rec NHS Trust-Contract Baseline,COLLABORATIVE COMMISSIONING,NORTH WEST AMBULANCE SERVICE NHS TRUST,21954855,72919,654435138
Department of Health,NHS Stockport CCG,30/04/2018,Miscellaneous Expenditure (L9),NON RECURRENT PROGRAMMES,STOCKPORT NHS FOUNDATION TRUST,21954860,-125806,-
Department of Health,NHS Stockport CCG,30/04/2018,Clinical&Medical-Commercial Sector,NCAS/OATS,INHEALTH CATS LTD,21954909,33062.83,-
Department of Health,NHS Stockport CCG,30/04/2018,External Consultancy Fees,NON RECURRENT PROGRAMMES,CORDIS BRIGHT LTD,21972434,47541.42,722524753
Department of Health,NHS Stockport CCG,30/04/2018,Hcare Srv Rec Fdtn Trust-Contract Baseline,MENTAL HEALTH CONTRACTS,GREATER MANCHESTER WEST MENTAL HEALTH NHS FOUNDATION TRUST,21974960,30895.97,654929594
Department of Health,NHS Stockport CCG,30/04/2018,Hcare Srv Rec Fdtn Trust-Contract Baseline,MENTAL HEALTH CONTRACTS,PENNINE CARE NHS FOUNDATION TRUST,21974963,33047.4,-
Department of Health,NHS Stockport CCG,30/04/2018,Hcare Srv Rec Fdtn Trust-Contract Baseline,MENTAL HEALTH CONTRACTS,PENNINE CARE NHS FOUNDATION TRUST,21974965,35358,-
Department of Health,NHS Stockport CCG,30/04/2018,Hcare Srv Rec Fdtn Trust-Contract Baseline,MENTAL HEALTH CONTRACTS,PENNINE CARE NHS FOUNDATION TRUST,21974990,2320319,-
Department of Health,NHS Stockport CCG,30/04/2018,Hcare Srv Rec Fdtn Trust-Contract Baseline,MENTAL HEALTH CONTRACTS,PENNINE CARE NHS FOUNDATION TRUST,21974994,33047.4,-
Department of Health,NHS Stockport CCG,30/04/2018,Clinical&Medical-Commercial Sector,MENTAL HEALTH CONTRACTS,FUTURE DIRECTIONS CIC,21975018,56805.63,-
