Department family,Entity,Date,Expense Type,Expense area,Supplier,Transaction number,AP Amount (�),VAT registration number,Purchase invoice number
Department of Health,NHS Mid Essex CCG,31/01/2019,Clinical&Medical-Commercial Sector,CHILDREN SERVICES,SONNET CARE HOMES (ESSEX) LTD,25425814,26529.6,194780564,SM25589
Department of Health,NHS Mid Essex CCG,31/01/2019,Hcare Srv Rec NHS Trust-Non Contract,COMMISSIONING - NON ACUTE,MID ESSEX HOSPITALS SERVICES NHS TRUST,25456678,43146,654930128,2000109185
Department of Health,NHS Mid Essex CCG,31/01/2019,Hcare Srv Rec NHS Trust,ACUTE COMMISSIONING,BARTS HEALTH NHS TRUST,25471890,350540.7,654947005,357229
Department of Health,NHS Mid Essex CCG,31/01/2019,Hlthcre-Foundation Trsts,ACUTE COMMISSIONING,ROYAL FREE LONDON NHS FOUNDATION TRUST,25471943,56278,654946987,I0168225
Department of Health,NHS Mid Essex CCG,31/01/2019,Hlthcre-Foundation Trsts,ACUTE COMMISSIONING,WEST SUFFOLK NHS FOUNDATION TRUST,25471963,42958.75,654950806,413499
Department of Health,NHS Mid Essex CCG,31/01/2019,Hcare Srv Rec NHS Trust,ACUTE COMMISSIONING,PRINCESS ALEXANDRA HOSPITAL NHS TRUST,25472985,49509.87,654964985,BL181008
Department of Health,NHS Mid Essex CCG,31/01/2019,Hlthcre-Foundation Trsts,ACUTE COMMISSIONING,GREAT ORMOND STREET HOSPITAL FOR CHILDREN NHS FOUNDATION TRUST,25473003,39637.17,654922910,X0205969
Department of Health,NHS Mid Essex CCG,31/01/2019,Hcare Srv Rec Fdtn Trust-Contract Baseline,ACUTE COMMISSIONING,EAST SUFFOLK AND NORTH ESSEX NHS FOUNDATION TRUST,25473008,64148,GB654921325,6000002814
Department of Health,NHS Mid Essex CCG,31/01/2019,Hlthcre-Foundation Trsts,ACUTE COMMISSIONING,ROYAL PAPWORTH HOSPITAL NHS FOUNDATION TRUST,25473065,30491,GB654935994,57794190
Department of Health,NHS Mid Essex CCG,31/01/2019,Hcare Srv Rec NHS Trust,ACUTE COMMISSIONING,BARKING HAVERING AND REDBRIDGE HOSPITALS NHS TRUST,25473069,114978,654924414,8453922
Department of Health,NHS Mid Essex CCG,31/01/2019,Charges from CSU,BUSINESS INFORMATICS,NHS ARDEN AND GEM CSU,25473076,138484.89,GB526164259,7312612808
Department of Health,NHS Mid Essex CCG,31/01/2019,Apprenticeship Levy Payable,BALANCE SHEET,HMRC,25487800,1710,,120PC005657331909
Department of Health,NHS Mid Essex CCG,31/01/2019,Income tax <1Yr,BALANCE SHEET,HMRC,25487800,85063.4,,120PC005657331909
Department of Health,NHS Mid Essex CCG,31/01/2019,Income tax <1Yr-Student Loans,BALANCE SHEET,HMRC,25487800,1157,,120PC005657331909
Department of Health,NHS Mid Essex CCG,31/01/2019,National Insurance < 1 yr-NI- ERS,BALANCE SHEET,HMRC,25487800,64212.09,,120PC005657331909
Department of Health,NHS Mid Essex CCG,31/01/2019,National Insurance < 1 yr-NI-EES,BALANCE SHEET,HMRC,25487800,45860.5,,120PC005657331909
Department of Health,NHS Mid Essex CCG,31/01/2019,Statutory Mat Pay < 1 yr,BALANCE SHEET,HMRC,25487800,-4709.34,,120PC005657331909
Department of Health,NHS Mid Essex CCG,31/01/2019,Cont Care- Palliative Care,CHC ADULT FULLY FUNDED,HC ONE OVAL LTD,25514193,5311.85,218 770886,ADR041895
Department of Health,NHS Mid Essex CCG,31/01/2019,Cont Care-Interim Funding(Pre Panel),CHC ADULT FULLY FUNDED,HC ONE OVAL LTD,25514193,3764.29,218 770886,ADR041895
Department of Health,NHS Mid Essex CCG,31/01/2019,Cont Care-Mental Health (65+),CHC ADULT FULLY FUNDED,HC ONE OVAL LTD,25514193,10579.82,218 770886,ADR041895
Department of Health,NHS Mid Essex CCG,31/01/2019,Cont Care-Physical Disab (65+),CHC ADULT FULLY FUNDED,HC ONE OVAL LTD,25514193,11385.49,218 770886,ADR041895
Department of Health,NHS Mid Essex CCG,31/01/2019,Clinical&Medical-Clinical Other,COUNSELLING SERVICES,SIDNEY HOUSE SURGERY,25514202,32000,,PCSTD001
Department of Health,NHS Mid Essex CCG,31/01/2019,Clinical&Medical-Serv Recd-F Trsts,LEARNING DIFFICULTIES,HERTFORDSHIRE PARTNERSHIP NHS FOUNDATION TRUST,25514216,254388.64,654950120,P0001684
Department of Health,NHS Mid Essex CCG,31/01/2019,Hcare Srv Rec NHS Trust,ACUTE COMMISSIONING,ROYAL NATIONAL ORTHOPAEDIC HOSPITAL NHS TRUST,25514237,78853,654947494,B0038837
Department of Health,NHS Mid Essex CCG,31/01/2019,Clinical&Medical-Voluntary Sector,END OF LIFE,FARLEIGH HOSPICE,25514270,26979.75,594899355,H275
Department of Health,NHS Mid Essex CCG,31/01/2019,Other Transport Costs,PATIENT TRANSPORT,ERS TRANSITION LTD,25514292,161347.69,270758092,INV000005437
Department of Health,NHS Mid Essex CCG,31/01/2019,Charges from CSU,IM&T,NHS ARDEN AND GEM CSU,25514342,22394.7,GB526164259,7312612858
Department of Health,NHS Mid Essex CCG,31/01/2019,Charges from CSU,PRIMARY CARE IT,NHS ARDEN AND GEM CSU,25514342,58414.6,GB526164259,7312612858
Department of Health,NHS Mid Essex CCG,31/01/2019,Hcare Srv Rec Fdtn Trust-Non Contract,MENTAL HEALTH SERVICES - OTHER,NHS NORTH EAST ESSEX CCG,25565482,204000,654462625,7021501255
Department of Health,NHS Mid Essex CCG,31/01/2019,Hlthcre-Foundation Trsts,LEARNING DIFFICULTIES,HERTFORDSHIRE PARTNERSHIP NHS FOUNDATION TRUST,25565566,172491.46,654950120,P0001696
Department of Health,NHS Mid Essex CCG,31/01/2019,Hlthcre-Foundation Trsts,ACUTE COMMISSIONING,EAST SUFFOLK AND NORTH ESSEX NHS FOUNDATION TRUST,25565574,1791415.17,GB654921325,6000002831
Department of Health,NHS Mid Essex CCG,31/01/2019,Hcare Srv Rec NHS Trust,AMBULANCE SERVICES,EAST OF ENGLAND AMBULANCE SERVICE NHS TRUST,25565582,1204548.29,654919501,8112297
Department of Health,NHS Mid Essex CCG,31/01/2019,Hlthcre-Foundation Trsts,ACUTE COMMISSIONING,BASILDON & THURROCK UNIVERSITY HOSPITALS NHS FOUNDATION TRUST,25565588,445967, GB 654911917,100323
Department of Health,NHS Mid Essex CCG,31/01/2019,Clinical&Medical-Independent Sector,ACUTE COMMISSIONING,SPRINGFIELD HOSPITAL,25565595,964032.31,GB-426505170,3124
Department of Health,NHS Mid Essex CCG,31/01/2019,Hcare Srv Rec Fdtn Trust-Contract Baseline,CHILD AND ADOLESCENT MENTAL HEALTH,NORTH EAST LONDON NHS FOUNDATION TRUST,25565699,148126,654404447,54020
Department of Health,NHS Mid Essex CCG,31/01/2019,Hcare Srv Rec Fdtn Trust-Non Contract,CHILD AND ADOLESCENT MENTAL HEALTH,NORTH EAST LONDON NHS FOUNDATION TRUST,25565699,85801,654404447,54020
Department of Health,NHS Mid Essex CCG,31/01/2019,Cont Care-Physical Disab (65+),CHC ADULT FULLY FUNDED,BUPA CARE HOMES,25565701,15273.17,239731641,LWN018203TOLWN018209
Department of Health,NHS Mid Essex CCG,31/01/2019,Cont Care-Physical Disab (<65),CHC ADULT FULLY FUNDED,BUPA CARE HOMES,25565701,10376.67,239731641,LWN018203TOLWN018209
Department of Health,NHS Mid Essex CCG,31/01/2019,Hlthcre-Foundation Trsts,MENTAL HEALTH CONTRACTS,ESSEX PARTNERSHIP UNIVERSITY NHS FT,25565723,1946728.48,GB654974100,I0063829
Department of Health,NHS Mid Essex CCG,31/01/2019,Hcare Srv Rec Fdtn Trust-Over/ Under Performance,MENTAL HEALTH CONTRACTS,ESSEX PARTNERSHIP UNIVERSITY NHS FT,25565725,35238,GB654974100,I0063783
Department of Health,NHS Mid Essex CCG,31/01/2019,Hlthcre-Foundation Trsts,ACUTE COMMISSIONING,HOMERTON UNIVERSITY HOSPITAL NHS FOUNDATION TRUST,25565740,25839.5,654965884,61288836
Department of Health,NHS Mid Essex CCG,31/01/2019,Cont Care- Palliative Care,CHC ADULT FULLY FUNDED,BUPA CARE HOMES,25565774,8267.77,239731641,HFP026869TOHFP026878
Department of Health,NHS Mid Essex CCG,31/01/2019,Cont Care-Mental Health (65+),CHC ADULT FULLY FUNDED,BUPA CARE HOMES,25565774,6853.48,239731641,HFP026869TOHFP026878
Department of Health,NHS Mid Essex CCG,31/01/2019,Cont Care-Physical Disab (65+),CHC ADULT FULLY FUNDED,BUPA CARE HOMES,25565774,17133.69,239731641,HFP026869TOHFP026878
Department of Health,NHS Mid Essex CCG,31/01/2019,Clinical&Medical-Clinical Other,COUNSELLING SERVICES,DR S BAKEWELL & PARTNERS,25579641,27778.5,,FP0003
Department of Health,NHS Mid Essex CCG,31/01/2019,Clinical&Medical-Independent Sector,ACUTE COMMISSIONING,OAKS HOSPITAL,25579745,67605.62,426505170,ME0119
Department of Health,NHS Mid Essex CCG,31/01/2019,Hlthcre-Foundation Trsts,ACUTE COMMISSIONING,CAMBRIDGE UNIVERSITY HOSPITALS NHS FOUNDATION TRUST,25579877,91304.77,654910528,80213956
Department of Health,NHS Mid Essex CCG,31/01/2019,Cont Care-Learning Disab(<65),CHC ADULT FULLY FUNDED,AMBER HEALTHCARE SERVICES LTD,25579936,25355.14,,BA040
,,,,,,,,,
,,,,,,,,,
Department of Health,NHS Mid Essex CCG,31/01/2019,Hcare Srv Rec NHS Trust-Contract Cost per Case,ACUTE COMMISSIONING,MID ESSEX HOSPITALS SERVICES NHS TRUST,25595475,434633,654930128,2000109990
Department of Health,NHS Mid Essex CCG,31/01/2019,Hcare Srv Rec NHS Trust,ACUTE COMMISSIONING,MID ESSEX HOSPITALS SERVICES NHS TRUST,25595481,14419235,654930128,2000109971
Department of Health,NHS Mid Essex CCG,31/01/2019,Hcare Srv Rec NHS Trust-Devices,HIGH COST DRUGS,MID ESSEX HOSPITALS SERVICES NHS TRUST,25595481,3035,654930128,2000109971
Department of Health,NHS Mid Essex CCG,31/01/2019,Hcare Srv Rec NHS Trust-Drugs,HIGH COST DRUGS,MID ESSEX HOSPITALS SERVICES NHS TRUST,25595481,640201,654930128,2000109971
Department of Health,NHS Mid Essex CCG,31/01/2019,Clinical&Medical-Commercial Sector,COMMISSIONING - NON ACUTE,MARIE STOPES INTERNATIONAL,25595543,37769.26,882426016,MS182580
Department of Health,NHS Mid Essex CCG,31/01/2019,Cont Care-Mental Health (65+),CHC ADULT FULLY FUNDED,LONGMEAD COURT NURSING HOME,25634894,20646.07,,JAN201901
Department of Health,NHS Mid Essex CCG,31/01/2019,Cont Care-Physical Disab (65+),CHC ADULT FULLY FUNDED,LONGMEAD COURT NURSING HOME,25634894,15102.04,,JAN201901
Department of Health,NHS Mid Essex CCG,31/01/2019,Cont Care-Mental Health (65+),CHC ADULT FULLY FUNDED,SONNET CARE HOMES (ESSEX) LTD,25634921,3426.74,194780564,SM25696
Department of Health,NHS Mid Essex CCG,31/01/2019,Cont Care-Physical Disab (65+),CHC ADULT FULLY FUNDED,SONNET CARE HOMES (ESSEX) LTD,25634921,20781.52,194780564,SM25696
Department of Health,NHS Mid Essex CCG,31/01/2019,Cont Care-Physical Disab (<65),CHC ADULT FULLY FUNDED,SONNET CARE HOMES (ESSEX) LTD,25634921,11178.07,194780564,SM25696
Department of Health,NHS Mid Essex CCG,31/01/2019,Cont Care-FNC Client Continence Allow,FUNDED NURSING CARE,BRAINTREE NURSING HOME,25634926,1537.71,,010119BNHFNCCONT
Department of Health,NHS Mid Essex CCG,31/01/2019,Cont Care-Funded Nursing Care Allow,FUNDED NURSING CARE,BRAINTREE NURSING HOME,25634926,43652.92,,010119BNHFNCCONT
Department of Health,NHS Mid Essex CCG,31/01/2019,Cont Care-Mental Health (65+),CHC ADULT FULLY FUNDED,OPAL CARE HOMES LTD,25634935,21150.19,,840CHCJAN2019
Department of Health,NHS Mid Essex CCG,31/01/2019,Cont Care-Physical Disab (65+),CHC ADULT FULLY FUNDED,OPAL CARE HOMES LTD,25634935,31805.78,,840CHCJAN2019
Department of Health,NHS Mid Essex CCG,31/01/2019,Cont Care-Physical Disab (65+),CHC ADULT FULLY FUNDED,FOREST PINES CARE,25634940,47642.74,,853CHCJAN201918
Department of Health,NHS Mid Essex CCG,31/01/2019,Clinical&Medical-Commercial Sector,CHILDREN SERVICES,SONNET CARE HOMES (ESSEX) LTD,25662457,27413.92,194780564,SM25688
Department of Health,NHS Mid Essex CCG,31/01/2019,Hcare Srv Rec NHS Trust,ACUTE COMMISSIONING,MID ESSEX HOSPITALS SERVICES NHS TRUST,25662516,-434633,654930128,10114
Department of Health,NHS Mid Essex CCG,31/01/2019,Clinical&Medical-Independent Sector,ACUTE COMMISSIONING,CARE UK (URGENT CARE) LTD,25678208,31374,,100084013
Department of Health,NHS Mid Essex CCG,31/01/2019,Hlthcre-Foundation Trsts,ACUTE COMMISSIONING,MOORFIELDS EYE HOSPITAL NHS FOUNDATION TRUST,25678424,101587,654930716,IC0036409
Department of Health,NHS Mid Essex CCG,31/01/2019,Hlthcre-Foundation Trsts,ACUTE COMMISSIONING,SOUTHEND UNIVERSITY HOSPITAL NHS FOUNDATION TRUST,25678442,148580,654942902,450417
Department of Health,NHS Mid Essex CCG,31/01/2019,Clinical&Medical-Not For Profit,COMMUNITY SERVICES,ESSEX COUNTY COUNCIL,25695460,1049008.67,104252813,1011023988
Department of Health,NHS Mid Essex CCG,31/01/2019,Clinical&Medical-Othe Public Sector,COMMISSIONING - NON ACUTE,ESSEX COUNTY COUNCIL,25695460,713145.53,104252813,1011023988
Department of Health,NHS Mid Essex CCG,31/01/2019,Clinical&Medical-Othe Public Sector,REABLEMENT,ESSEX COUNTY COUNCIL,25695460,76669.31,104252813,1011023988
Department of Health,NHS Mid Essex CCG,31/01/2019,Hcare Srv Rec Fdtn Trust-Contract Baseline,MENTAL HEALTH SERVICES - OTHER,ESSEX COUNTY COUNCIL,25695460,15709.58,104252813,1011023988
Department of Health,NHS Mid Essex CCG,31/01/2019,Hcare Srv Rec Fdtn Trust-Non Contract,MENTAL HEALTH CONTRACTS,ESSEX COUNTY COUNCIL,25695460,8789.13,104252813,1011023988
Department of Health,NHS Mid Essex CCG,31/01/2019,Services From Local Authorities,CARERS,ESSEX COUNTY COUNCIL,25695460,8385.28,104252813,1011023988
Department of Health,NHS Mid Essex CCG,31/01/2019,C&M-GP PRACTICE REVENUE - PCTF,GP FORWARD VIEW,ELIZABETH COURTAULD MEDICAL LTD,25695468,131778,,H8913
Department of Health,NHS Mid Essex CCG,31/01/2019,Cont Care-Learning Disab(<65),CHC ADULT FULLY FUNDED,ESSEX COUNTY COUNCIL,25718014,27495.63,104252813,1011014903
Department of Health,NHS Mid Essex CCG,31/01/2019,Cont Care- Prior Year Payments,CHC ADULT FULLY FUNDED,ESSEX COUNTY COUNCIL,25718039,2427.69,104252813,1011014805
Department of Health,NHS Mid Essex CCG,31/01/2019,Cont Care-Learning Disab(<65),CHC ADULT FULLY FUNDED,ESSEX COUNTY COUNCIL,25718039,23693.75,104252813,1011014805
Department of Health,NHS Mid Essex CCG,31/01/2019,Utilisation-Cont Care<1Yr,Balance Sheet,ESSEX COUNTY COUNCIL,25718054,29771.11,104252813,1011014832
Department of Health,NHS Mid Essex CCG,31/01/2019,Cont Care-Learning Disab(<65),CHC ADULT FULLY FUNDED,ESSEX COUNTY COUNCIL,25718224,52283.79,104252813,1011023057
Department of Health,NHS Mid Essex CCG,31/01/2019,Cont Care-FNC Client Continence Allow,FUNDED NURSING CARE,LEGACY CARE UK LTD,25736020,178.25,,Jan-19
Department of Health,NHS Mid Essex CCG,31/01/2019,Cont Care-Funded Nursing Care Allow,FUNDED NURSING CARE,LEGACY CARE UK LTD,25736020,6303.81,,Jan-19
Department of Health,NHS Mid Essex CCG,31/01/2019,Cont Care-Interim Funding(Pre Panel),CHC ADULT FULLY FUNDED,LEGACY CARE UK LTD,25736020,9205.71,,Jan-19
Department of Health,NHS Mid Essex CCG,31/01/2019,Cont Care-Mental Health (65+),CHC ADULT FULLY FUNDED,LEGACY CARE UK LTD,25736020,23085.79,,Jan-19
Department of Health,NHS Mid Essex CCG,31/01/2019,Cont Care-Physical Disab (65+),CHC ADULT FULLY FUNDED,LEGACY CARE UK LTD,25736020,3542.86,,Jan-19
Department of Health,NHS Mid Essex CCG,31/01/2019,Cont Care-Mental Health (65+),CHC ADULT FULLY FUNDED,ELMCROFT CARE HOME LTD,25736079,3316.2,,108817
Department of Health,NHS Mid Essex CCG,31/01/2019,Cont Care-Physical Disab (65+),CHC ADULT FULLY FUNDED,ELMCROFT CARE HOME LTD,25736079,45129.48,,108817
Department of Health,NHS Mid Essex CCG,31/01/2019,Cont Care- Palliative Care,CHC ADULT FULLY FUNDED,CARE UK COMMUNITY PARTNERSHIPS LTD,25736096,39051.43,594959072,R51883FT40
Department of Health,NHS Mid Essex CCG,31/01/2019,Cont Care-Physical Disab (65+),CHC ADULT FULLY FUNDED,CARE UK COMMUNITY PARTNERSHIPS LTD,25736114,37840.6,594959072,R51883CHC68
Department of Health,NHS Mid Essex CCG,31/01/2019,Cont Care-Physical Disab (<65),CHC ADULT FULLY FUNDED,CARE UK COMMUNITY PARTNERSHIPS LTD,25736114,3426.74,594959072,R51883CHC68
Department of Health,NHS Mid Essex CCG,31/01/2019,Cont Care-Mental Health (65+),CHC ADULT FULLY FUNDED,CARE UK COMMUNITY PARTNERSHIPS LTD,25736118,12195.31,594959072,R51292CHC72
Department of Health,NHS Mid Essex CCG,31/01/2019,Cont Care-Physical Disab (65+),CHC ADULT FULLY FUNDED,CARE UK COMMUNITY PARTNERSHIPS LTD,25736118,48460,594959072,R51292CHC72
Department of Health,NHS Mid Essex CCG,31/01/2019,C&M-GMS Cost of Drugs -Dispensing,LOCAL ENHANCED SERVICES,LITTLER,25750264,-46159.56,,EX000079506
Department of Health,NHS Mid Essex CCG,31/01/2019,C&M-GMS Cost of Drugs -Dispensing,LOCAL ENHANCED SERVICES,LITTLER,25750265,76330.82,,EX000079507
Department of Health,NHS Mid Essex CCG,31/01/2019,C&M-GMS PrscrptnChrgsColl&RmttdbyGP,LOCAL ENHANCED SERVICES,LITTLER,25750265,2824.8,,EX000079507
Department of Health,NHS Mid Essex CCG,31/01/2019,C&M-GMS Cost of Drugs -Dispensing,LOCAL ENHANCED SERVICES,ABAZIE OD & PARTNER,25751220,30949.51,,EX000079485
Department of Health,NHS Mid Essex CCG,31/01/2019,C&M-GMS PrscrptnChrgsColl&RmttdbyGP,LOCAL ENHANCED SERVICES,ABAZIE OD & PARTNER,25751220,668.8,,EX000079485
Department of Health,NHS Mid Essex CCG,31/01/2019,C&M-GMS Cost of Drugs -Dispensing,LOCAL ENHANCED SERVICES,BAILEY M C & PARTNERS,25751221,-29308.08,,EX000079486
Department of Health,NHS Mid Essex CCG,31/01/2019,C&M-GMS Cost of Drugs -Dispensing,LOCAL ENHANCED SERVICES,BAILEY M C & PARTNERS,25751222,52714.02,,EX000079487
Department of Health,NHS Mid Essex CCG,31/01/2019,C&M-GMS PrscrptnChrgsColl&RmttdbyGP,LOCAL ENHANCED SERVICES,BAILEY M C & PARTNERS,25751222,1636.8,,EX000079487
Department of Health,NHS Mid Essex CCG,31/01/2019,C&M-GMS Cost of Drugs -Dispensing,LOCAL ENHANCED SERVICES,ACORN D J & PARTNER,25751223,-42139.58,,EX000079488
Department of Health,NHS Mid Essex CCG,31/01/2019,C&M-GMS Cost of Drugs -Dispensing,LOCAL ENHANCED SERVICES,ACORN D J & PARTNER,25751224,90550.43,,EX000079489
Department of Health,NHS Mid Essex CCG,31/01/2019,C&M-GMS PrscrptnChrgsColl&RmttdbyGP,LOCAL ENHANCED SERVICES,ACORN D J & PARTNER,25751224,3194.4,,EX000079489
Department of Health,NHS Mid Essex CCG,31/01/2019,C&M-GMS Cost of Drugs -Dispensing,LOCAL ENHANCED SERVICES,BRANN & PARTNERS,25751228,27412.41,,EX000079493
Department of Health,NHS Mid Essex CCG,31/01/2019,C&M-GMS PrscrptnChrgsColl&RmttdbyGP,LOCAL ENHANCED SERVICES,BRANN & PARTNERS,25751228,677.6,,EX000079493
Department of Health,NHS Mid Essex CCG,31/01/2019,C&M-GMS Cost of Drugs -Dispensing,LOCAL ENHANCED SERVICES,BOWTON P A & PARTNER,25751230,37512.4,,EX000079495
Department of Health,NHS Mid Essex CCG,31/01/2019,C&M-GMS PrscrptnChrgsColl&RmttdbyGP,LOCAL ENHANCED SERVICES,BOWTON P A & PARTNER,25751230,1328.8,,EX000079495
Department of Health,NHS Mid Essex CCG,31/01/2019,C&M-GMS Cost of Drugs -Dispensing,LOCAL ENHANCED SERVICES,COOPER N I & PARTNERS,25751231,-48010.75,,EX000079496
Department of Health,NHS Mid Essex CCG,31/01/2019,C&M-GMS Cost of Drugs -Dispensing,LOCAL ENHANCED SERVICES,COOPER N I & PARTNERS,25751232,102573.82,,EX000079497
Department of Health,NHS Mid Essex CCG,31/01/2019,C&M-GMS PrscrptnChrgsColl&RmttdbyGP,LOCAL ENHANCED SERVICES,COOPER N I & PARTNERS,25751232,2173.6,,EX000079497
Department of Health,NHS Mid Essex CCG,31/01/2019,C&M-GMS Cost of Drugs -Dispensing,LOCAL ENHANCED SERVICES,DE SOUZA R F & PARTNERS,25751234,49599.47,,EX000079499
Department of Health,NHS Mid Essex CCG,31/01/2019,C&M-GMS PrscrptnChrgsColl&RmttdbyGP,LOCAL ENHANCED SERVICES,DE SOUZA R F & PARTNERS,25751234,1548.8,,EX000079499
Department of Health,NHS Mid Essex CCG,31/01/2019,C&M-GMS Cost of Drugs -Dispensing,LOCAL ENHANCED SERVICES,DR S BAKEWELL & PARTNERS,25751235,-106409.3,,EX000079500
Department of Health,NHS Mid Essex CCG,31/01/2019,C&M-GMS Cost of Drugs -Dispensing,LOCAL ENHANCED SERVICES,DR S BAKEWELL & PARTNERS,25751236,192903.31,,EX000079501
Department of Health,NHS Mid Essex CCG,31/01/2019,C&M-GMS PrscrptnChrgsColl&RmttdbyGP,LOCAL ENHANCED SERVICES,DR S BAKEWELL & PARTNERS,25751236,8395.2,,EX000079501
Department of Health,NHS Mid Essex CCG,31/01/2019,C&M-GMS Cost of Drugs -Dispensing,LOCAL ENHANCED SERVICES,HODGKINSON J A,25751238,24942.27,,EX000079503
Department of Health,NHS Mid Essex CCG,31/01/2019,C&M-GMS PrscrptnChrgsColl&RmttdbyGP,LOCAL ENHANCED SERVICES,HODGKINSON J A,25751238,985.6,,EX000079503
Department of Health,NHS Mid Essex CCG,31/01/2019,C&M-GMS Cost of Drugs -Dispensing,LOCAL ENHANCED SERVICES,LATIF M H & PARTNERS,25751240,39460.46,,EX000079505
Department of Health,NHS Mid Essex CCG,31/01/2019,C&M-GMS PrscrptnChrgsColl&RmttdbyGP,LOCAL ENHANCED SERVICES,LATIF M H & PARTNERS,25751240,616,,EX000079505
Department of Health,NHS Mid Essex CCG,31/01/2019,C&M-GMS Cost of Drugs -Dispensing,LOCAL ENHANCED SERVICES,MOUNT CHAMBERS MEDICAL PRACTICE,25751241,-26481.43,879062486,EX000079508
Department of Health,NHS Mid Essex CCG,31/01/2019,C&M-GMS Cost of Drugs -Dispensing,LOCAL ENHANCED SERVICES,MOUNT CHAMBERS MEDICAL PRACTICE,25751242,49471.24,879062486,EX000079509
Department of Health,NHS Mid Essex CCG,31/01/2019,C&M-GMS PrscrptnChrgsColl&RmttdbyGP,LOCAL ENHANCED SERVICES,MOUNT CHAMBERS MEDICAL PRACTICE,25751242,809.6,879062486,EX000079509
Department of Health,NHS Mid Essex CCG,31/01/2019,C&M-GMS Cost of Drugs -Dispensing,LOCAL ENHANCED SERVICES,OLIVER D PARTNERS,25751243,-72992.14,,EX000079510
Department of Health,NHS Mid Essex CCG,31/01/2019,C&M-GMS Cost of Drugs -Dispensing,LOCAL ENHANCED SERVICES,OLIVER D PARTNERS,25751244,124927.3,,EX000079511
Department of Health,NHS Mid Essex CCG,31/01/2019,C&M-GMS PrscrptnChrgsColl&RmttdbyGP,LOCAL ENHANCED SERVICES,OLIVER D PARTNERS,25751244,4417.6,,EX000079511
Department of Health,NHS Mid Essex CCG,31/01/2019,C&M-GMS Cost of Drugs -Dispensing,LOCAL ENHANCED SERVICES,ROPER R M & PARTNERS,25751245,-31325.85,,EX000079512
Department of Health,NHS Mid Essex CCG,31/01/2019,C&M-GMS Cost of Drugs -Dispensing,LOCAL ENHANCED SERVICES,ROPER R M & PARTNERS,25751246,54413.74,,EX000079513
Department of Health,NHS Mid Essex CCG,31/01/2019,C&M-GMS PrscrptnChrgsColl&RmttdbyGP,LOCAL ENHANCED SERVICES,ROPER R M & PARTNERS,25751246,1601.6,,EX000079513
Department of Health,NHS Mid Essex CCG,31/01/2019,C&M-GMS Cost of Drugs -Dispensing,LOCAL ENHANCED SERVICES,RUSSELL S M & PARTNERS,25751247,-26839.88,,EX000079514
Department of Health,NHS Mid Essex CCG,31/01/2019,C&M-GMS Cost of Drugs -Dispensing,LOCAL ENHANCED SERVICES,RUSSELL S M & PARTNERS,25751248,56753.37,,EX000079515
Department of Health,NHS Mid Essex CCG,31/01/2019,C&M-GMS PrscrptnChrgsColl&RmttdbyGP,LOCAL ENHANCED SERVICES,RUSSELL S M & PARTNERS,25751248,1249.6,,EX000079515
Department of Health,NHS Mid Essex CCG,31/01/2019,C&M-GMS Cost of Drugs -Dispensing,LOCAL ENHANCED SERVICES,SILCOX R F & PARTNER,25751250,35173.56,,EX000079517
Department of Health,NHS Mid Essex CCG,31/01/2019,C&M-GMS PrscrptnChrgsColl&RmttdbyGP,LOCAL ENHANCED SERVICES,SILCOX R F & PARTNER,25751250,1196.8,,EX000079517
Department of Health,NHS Mid Essex CCG,31/01/2019,C&M-GMS Cost of Drugs -Dispensing,LOCAL ENHANCED SERVICES,SPOWAGE P & PARTNERS,25751251,-37000.37,,EX000079518
Department of Health,NHS Mid Essex CCG,31/01/2019,C&M-GMS Cost of Drugs -Dispensing,LOCAL ENHANCED SERVICES,SPOWAGE P & PARTNERS,25751252,70921.89,,EX000079519
Department of Health,NHS Mid Essex CCG,31/01/2019,C&M-GMS PrscrptnChrgsColl&RmttdbyGP,LOCAL ENHANCED SERVICES,SPOWAGE P & PARTNERS,25751252,2569.6,,EX000079519
Department of Health,NHS Mid Essex CCG,31/01/2019,C&M-GMS Cost of Drugs -Dispensing,LOCAL ENHANCED SERVICES,TEVERSON E & PARTNERS,25751253,-34742.09,,EX000079520
Department of Health,NHS Mid Essex CCG,31/01/2019,C&M-GMS Cost of Drugs -Dispensing,LOCAL ENHANCED SERVICES,TEVERSON E & PARTNERS,25751254,68123.83,,EX000079521
Department of Health,NHS Mid Essex CCG,31/01/2019,C&M-GMS PrscrptnChrgsColl&RmttdbyGP,LOCAL ENHANCED SERVICES,TEVERSON E & PARTNERS,25751254,1276,,EX000079521
Department of Health,NHS Mid Essex CCG,31/01/2019,C&M-GMS Cost of Drugs -Dispensing,LOCAL ENHANCED SERVICES,WILLIAMS D A & PARTNERS,25751255,-32383.65,,EX000079522
Department of Health,NHS Mid Essex CCG,31/01/2019,C&M-GMS Cost of Drugs -Dispensing,LOCAL ENHANCED SERVICES,WILLIAMS D A & PARTNERS,25751256,48962.21,,EX000079523
Department of Health,NHS Mid Essex CCG,31/01/2019,C&M-GMS PrscrptnChrgsColl&RmttdbyGP,LOCAL ENHANCED SERVICES,WILLIAMS D A & PARTNERS,25751256,1232,,EX000079523
Department of Health,NHS Mid Essex CCG,31/01/2019,C&M-GMS Cost of Drugs -Dispensing,LOCAL ENHANCED SERVICES,DR N SAI SANKAR,25751258,25827.51,,EX000079525
Department of Health,NHS Mid Essex CCG,31/01/2019,C&M-GMS PrscrptnChrgsColl&RmttdbyGP,LOCAL ENHANCED SERVICES,DR N SAI SANKAR,25751258,1478.4,,EX000079525
Department of Health,NHS Mid Essex CCG,31/01/2019,C&M-GMS Cost of Drugs -Dispensing,LOCAL ENHANCED SERVICES,DENGIE MEDICAL PARTNERSHIP,25751259,-29079.8,223823524,EX000079526
Department of Health,NHS Mid Essex CCG,31/01/2019,C&M-GMS Cost of Drugs -Dispensing,LOCAL ENHANCED SERVICES,DENGIE MEDICAL PARTNERSHIP,25751260,62812.26,223823524,EX000079527
Department of Health,NHS Mid Essex CCG,31/01/2019,C&M-GMS PrscrptnChrgsColl&RmttdbyGP,LOCAL ENHANCED SERVICES,DENGIE MEDICAL PARTNERSHIP,25751260,2164.8,223823524,EX000079527
Department of Health,NHS Mid Essex CCG,31/01/2019,Clinical&Medical-Commercial Sector,CLINICAL ASSESSMENT AND TREATMENT CENTRES,INTEGRATED CARE 24 LTD,25754918,33684.04,991241024,2338
Department of Health,NHS Mid Essex CCG,31/01/2019,Clinical&Medical-Commercial Sector,NHS 111,INTEGRATED CARE 24 LTD,25754959,182849.94,991241024,2385
Department of Health,NHS Mid Essex CCG,31/01/2019,Clinical&Medical-Commercial Sector,OUT OF HOURS,INTEGRATED CARE 24 LTD,25754959,189028.72,991241024,2385
Department of Health,NHS Mid Essex CCG,31/01/2019,Clinical&Medical-Not For Profit,COMMUNITY SERVICES,PROVIDE CIC,25756145,252325,,4000012141
Department of Health,NHS Mid Essex CCG,31/01/2019,Clinical&Medical-Not For Profit,COMMUNITY SERVICES,PROVIDE CIC,25756167,252325,,4000012143
Department of Health,NHS Mid Essex CCG,31/01/2019,Clinical&Medical-Not For Profit,COMMUNITY SERVICES,PROVIDE CIC,25756198,1293937,,4000012140
Department of Health,NHS Mid Essex CCG,31/01/2019,Clinical&Medical-Not For Profit,COMMUNITY SERVICES,PROVIDE CIC,25756209,1293937,,4000012142
Department of Health,NHS Mid Essex CCG,31/01/2019,Computer Network Costs,IM&T,ESSEX PARTNERSHIP UNIVERSITY NHS FT,25756419,6662.26,GB654974100,I0064181
Department of Health,NHS Mid Essex CCG,31/01/2019,Computer Network Costs,PRIMARY CARE IT,ESSEX PARTNERSHIP UNIVERSITY NHS FT,25756419,22533.08,GB654974100,I0064181
Department of Health,NHS Mid Essex CCG,31/01/2019,Computer Network Costs,IM&T,ESSEX PARTNERSHIP UNIVERSITY NHS FT,25756426,2976,GB654974100,I0064183
Department of Health,NHS Mid Essex CCG,31/01/2019,Computer Network Costs,PRIMARY CARE IT,ESSEX PARTNERSHIP UNIVERSITY NHS FT,25756426,40763.25,GB654974100,I0064183
Department of Health,NHS Mid Essex CCG,31/01/2019,Clinical&Medical-Clinical Other,COMMUNITY SERVICES,APOS THERAPY APOS MEDICAL UK,25774399,41258.92,,2021223
Department of Health,NHS Mid Essex CCG,31/01/2019,Hlthcre-Foundation Trsts,ACUTE COMMISSIONING,ROYAL FREE LONDON NHS FOUNDATION TRUST,25774461,56277,654946987,I0169228
Department of Health,NHS Mid Essex CCG,31/01/2019,Hcare Srv Rec NHS Trust,ACUTE COMMISSIONING,PRINCESS ALEXANDRA HOSPITAL NHS TRUST,25774522,49509.87,654964985,BL181108
Department of Health,NHS Mid Essex CCG,31/01/2019,Hlthcre-Foundation Trsts,ACUTE COMMISSIONING,CAMBRIDGE UNIVERSITY HOSPITALS NHS FOUNDATION TRUST,25774527,208572.33,654910528,70022240
Department of Health,NHS Mid Essex CCG,31/01/2019,Hlthcre-Foundation Trsts,ACUTE COMMISSIONING,WEST SUFFOLK NHS FOUNDATION TRUST,25774633,42958.75,654950806,413816
Department of Health,NHS Mid Essex CCG,31/01/2019,Cont Care-Learning Disab(<65),CHC ADULT FULLY FUNDED,CHILDRENS TRUST (THE),25774634,46650.72,492278025,SIN017626
Department of Health,NHS Mid Essex CCG,31/01/2019,Clinical&Medical-Serv Recd-F Trsts,INTERPRETING SERVICES,BASILDON & THURROCK UNIVERSITY HOSPITALS NHS FOUNDATION TRUST,25798294,75000, GB 654911917,100884
