Department family,Entity,Date,Expense Type,Expense area,Supplier,Transaction number,AP Amount (�),VAT registration number,Purchase invoice number
Department of Health,NHS Mid Essex CCG,28/02/2019,Cont Care- Prior Year Payments,CHC ADULT FULLY FUNDED,ESSEX COUNTY COUNCIL,25810777,48792.86,104252813,1011016350
Department of Health,NHS Mid Essex CCG,28/02/2019,Cont Care-Physical Disab (65+),CHC ADULT FULLY FUNDED,ESSEX COUNTY COUNCIL,25810777,6222.85,104252813,1011016350
Department of Health,NHS Mid Essex CCG,28/02/2019,Cont Care-Learning Disab(<65),CHC ADULT FULLY FUNDED,ESSEX COUNTY COUNCIL,25810790,26902.45,104252813,1011016332
Department of Health,NHS Mid Essex CCG,28/02/2019,Hlthcre-Foundation Trsts,ACUTE COMMISSIONING,GUYS & ST THOMAS HOSPITAL NHS FOUNDATION TRUST,25810906,81304,654923417,3255652
Department of Health,NHS Mid Essex CCG,28/02/2019,Hcare Srv Rec Fdtn Trust-Contract Baseline,ACUTE COMMISSIONING,EAST SUFFOLK AND NORTH ESSEX NHS FOUNDATION TRUST,25810959,64148,GB654921325,6000003435
Department of Health,NHS Mid Essex CCG,28/02/2019,Prescribing,MEDICINES MANAGEMENT - CLINICAL,RIVERMEAD PHARMACY,25827007,48097.37,,51851
Department of Health,NHS Mid Essex CCG,28/02/2019,Clinical&Medical-Commercial Sector,HIGH COST DRUGS,ROCHE DIABETES CARE LTD,25827070,27664.56,GB189655151,5130503835
Department of Health,NHS Mid Essex CCG,28/02/2019,Hcare Srv Rec Fdtn Trust-Devices,HIGH COST DRUGS,QUEEN ELIZABETH HOSPITAL KINGS LYNN NHS FOUNDATION TRUST,25836691,574,654926995,711725
Department of Health,NHS Mid Essex CCG,28/02/2019,Hcare Srv Rec Fdtn Trust-Non Contract,NCAS/OATS,QUEEN ELIZABETH HOSPITAL KINGS LYNN NHS FOUNDATION TRUST,25836691,26670.47,654926995,711725
Department of Health,NHS Mid Essex CCG,28/02/2019,Cont Care- Prior Year Payments,CHC ADULT FULLY FUNDED,ESSEX COUNTY COUNCIL,25836780,90769.95,104252813,1011025648
Department of Health,NHS Mid Essex CCG,28/02/2019,Cont Care-Learning Disab(<65),CHC ADULT FULLY FUNDED,ESSEX COUNTY COUNCIL,25836780,131449.86,104252813,1011025648
Department of Health,NHS Mid Essex CCG,28/02/2019,Cont Care- Prior Year Payments,CHC ADULT FULLY FUNDED,ESSEX COUNTY COUNCIL,25836797,82886.32,104252813,101104027X
Department of Health,NHS Mid Essex CCG,28/02/2019,Cont Care-Learning Disab(<65),CHC ADULT FULLY FUNDED,ESSEX COUNTY COUNCIL,25836797,105984.31,104252813,101104027X
Department of Health,NHS Mid Essex CCG,28/02/2019,Hlthcre-Foundation Trsts,ACUTE COMMISSIONING,UNIVERSITY COLLEGE LONDON HOSPITALS NHS FOUNDATION TRUST,25836800,169892,654948687,5010189701
Department of Health,NHS Mid Essex CCG,28/02/2019,Clinical&Medical-Independent Sector,ACUTE COMMISSIONING,OAKS HOSPITAL,25854568,67605.62,426505170,ME0219
Department of Health,NHS Mid Essex CCG,28/02/2019,Charges from CSU,BUSINESS INFORMATICS,NHS ARDEN AND GEM CSU,25854605,138484.89,GB526164259,7312613204
Department of Health,NHS Mid Essex CCG,28/02/2019,Hcare Srv Rec Fdtn Trust-Non Contract,NCAS/OATS,ST GEORGES UNIVERSITY HOSPITALS NHS FOUNDATION TRUST,25868523,29818.91,GB654461922,6445369
Department of Health,NHS Mid Essex CCG,28/02/2019,Hcare Srv Rec NHS Trust,ACUTE COMMISSIONING,ROYAL NATIONAL ORTHOPAEDIC HOSPITAL NHS TRUST,25868580,78852,654947494,B0039119
Department of Health,NHS Mid Essex CCG,28/02/2019,Hlthcre-Foundation Trsts,ACUTE COMMISSIONING,HOMERTON UNIVERSITY HOSPITAL NHS FOUNDATION TRUST,25888316,25839.5,654965884,61289826
Department of Health,NHS Mid Essex CCG,28/02/2019,Charges from CSU,IM&T,NHS ARDEN AND GEM CSU,25888344,11324.37,GB526164259,7312613203
Department of Health,NHS Mid Essex CCG,28/02/2019,Charges from CSU,PRIMARY CARE IT,NHS ARDEN AND GEM CSU,25888344,69484.85,GB526164259,7312613203
Department of Health,NHS Mid Essex CCG,28/02/2019,Hcare Srv Rec Fdtn Trust-Non Contract,LEARNING DIFFICULTIES,HERTFORDSHIRE PARTNERSHIP NHS FOUNDATION TRUST,25903827,34591.95,654950120,P0001598
Department of Health,NHS Mid Essex CCG,28/02/2019,Hcare Srv Rec NHS Trust,LONG TERM CONDITIONS,MID ESSEX HOSPITALS SERVICES NHS TRUST,25903845,87730,654930128,2000110150
Department of Health,NHS Mid Essex CCG,28/02/2019,Hcare Srv Rec NHS Trust,LONG TERM CONDITIONS,MID ESSEX HOSPITALS SERVICES NHS TRUST,25903846,133712,654930128,2000110149
Department of Health,NHS Mid Essex CCG,28/02/2019,Hcare Srv Rec NHS Trust,LONG TERM CONDITIONS,MID ESSEX HOSPITALS SERVICES NHS TRUST,25903850,200000,654930128,2000110144
Department of Health,NHS Mid Essex CCG,28/02/2019,Clinical&Medical-Independent Sector,ACUTE COMMISSIONING,SPRINGFIELD HOSPITAL,25906025,-339409.9,GB-426505170,ME0918CR
Department of Health,NHS Mid Essex CCG,28/02/2019,Apprenticeship Levy Payable,BALANCE SHEET,HMRC,25939179,1668,,120PC005657331910
Department of Health,NHS Mid Essex CCG,28/02/2019,Income tax <1Yr,BALANCE SHEET,HMRC,25939179,95333.8,,120PC005657331910
Department of Health,NHS Mid Essex CCG,28/02/2019,Income tax <1Yr-Student Loans,BALANCE SHEET,HMRC,25939179,1494,,120PC005657331910
Department of Health,NHS Mid Essex CCG,28/02/2019,National Insurance < 1 yr-NI- ERS,BALANCE SHEET,HMRC,25939179,63336.28,,120PC005657331910
Department of Health,NHS Mid Essex CCG,28/02/2019,National Insurance < 1 yr-NI-EES,BALANCE SHEET,HMRC,25939179,43976.17,,120PC005657331910
Department of Health,NHS Mid Essex CCG,28/02/2019,Statutory Mat Pay < 1 yr,BALANCE SHEET,HMRC,25939179,-2688.64,,120PC005657331910
Department of Health,NHS Mid Essex CCG,28/02/2019,Recharge : Received,CORPORATE GOVERNANCE,NHS ENGLAND,25940635,51017,654 442 045,7000030640
Department of Health,NHS Mid Essex CCG,28/02/2019,Computer Software/License,MEDICINES MANAGEMENT - CLINICAL,FIRST DATABANK UK LTD,25940657,153422.28,585 826 589,8172
Department of Health,NHS Mid Essex CCG,28/02/2019,Clinical&Medical-Serv Recd-F Trsts,LEARNING DIFFICULTIES,HERTFORDSHIRE PARTNERSHIP NHS FOUNDATION TRUST,25940661,254388.64,654950120,P0001815
Department of Health,NHS Mid Essex CCG,28/02/2019,Clinical&Medical-Clinical Other,COUNSELLING SERVICES,COOPER N I & PARTNERS,25940682,28596.75,,FO03012019BHG
Department of Health,NHS Mid Essex CCG,28/02/2019,Clinical&Medical-Independent Sector,ACUTE COMMISSIONING,SPRINGFIELD HOSPITAL,25964062,339409.9,GB-426505170,ME0918TU
Department of Health,NHS Mid Essex CCG,28/02/2019,Clinical&Medical-Independent Sector,ACUTE COMMISSIONING,SPRINGFIELD HOSPITAL,25964115,339409.9,GB-426505170,ME0918RE
Department of Health,NHS Mid Essex CCG,28/02/2019,Clinical&Medical-Independent Sector,ACUTE COMMISSIONING,SPRINGFIELD HOSPITAL,25964118,363134.91,GB-426505170,ME1018TU
Department of Health,NHS Mid Essex CCG,28/02/2019,Hcare Srv Rec NHS Trust,ACUTE COMMISSIONING,BARKING HAVERING AND REDBRIDGE HOSPITALS NHS TRUST,25964136,114978,654924414,8454429
Department of Health,NHS Mid Essex CCG,28/02/2019,Other Transport Costs,PATIENT TRANSPORT,ERS TRANSITION LTD,25964171,136025.06,270758092,INV000005851
Department of Health,NHS Mid Essex CCG,28/02/2019,Other Transport Costs,Winter Resilience,ERS TRANSITION LTD,25964171,25322.63,270758092,INV000005851
Department of Health,NHS Mid Essex CCG,28/02/2019,Clinical&Medical-Independent Sector,ACUTE COMMISSIONING,CARE UK (URGENT CARE) LTD,25964322,-37485,,100086668
Department of Health,NHS Mid Essex CCG,28/02/2019,Hcare Srv Rec NHS Trust,ACUTE COMMISSIONING,BARTS HEALTH NHS TRUST,25981923,31245,654947005,333293
Department of Health,NHS Mid Essex CCG,28/02/2019,Hlthcre-Foundation Trsts,ACUTE COMMISSIONING,ROYAL MARSDEN NHS FOUNDATION TRUST (THE),25981962,32721,65 4947396,45756319
Department of Health,NHS Mid Essex CCG,28/02/2019,Hlthcre-Foundation Trsts,IMPROVING ACCESS TO PSYCHOLOGICAL THERAPIES,HERTFORDSHIRE PARTNERSHIP NHS FOUNDATION TRUST,25984018,172491.46,654950120,P0001827
Department of Health,NHS Mid Essex CCG,28/02/2019,Hcare Srv Rec NHS Trust,ACUTE COMMISSIONING,BARTS HEALTH NHS TRUST,25984044,-31245.44,654947005,334613
Department of Health,NHS Mid Essex CCG,28/02/2019,Clinical&Medical-Independent Sector,ACUTE COMMISSIONING,CARE UK (URGENT CARE) LTD,25984101,37485,,100086525
Department of Health,NHS Mid Essex CCG,28/02/2019,Clinical&Medical-Commercial Sector,COMMISSIONING - NON ACUTE,HEALTH NAVIGATOR LTD,25984170,31200,221770432,INVME1013
Department of Health,NHS Mid Essex CCG,28/02/2019,Hlthcre-Foundation Trsts,ACUTE COMMISSIONING,ROYAL PAPWORTH HOSPITAL NHS FOUNDATION TRUST,25984178,30491,GB654935994,57794925
Department of Health,NHS Mid Essex CCG,28/02/2019,Hcare Srv Rec Fdtn Trust-Over/ Under Performance,MENTAL HEALTH CONTRACTS,ESSEX PARTNERSHIP UNIVERSITY NHS FT,25984212,35238,GB654974100,I0064483
Department of Health,NHS Mid Essex CCG,28/02/2019,Hcare Srv Rec NHS Trust-Contract Cost per Case,ACUTE COMMISSIONING,MID ESSEX HOSPITALS SERVICES NHS TRUST,25984218,434633,654930128,2000110462
Department of Health,NHS Mid Essex CCG,28/02/2019,Hcare Srv Rec Fdtn Trust-Contract Baseline,CHILD AND ADOLESCENT MENTAL HEALTH,NORTH EAST LONDON NHS FOUNDATION TRUST,25984231,148126,654404447,54671
Department of Health,NHS Mid Essex CCG,28/02/2019,Hcare Srv Rec Fdtn Trust-Non Contract,CHILD AND ADOLESCENT MENTAL HEALTH,NORTH EAST LONDON NHS FOUNDATION TRUST,25984231,85801,654404447,54671
Department of Health,NHS Mid Essex CCG,28/02/2019,Clinical&Medical-Commercial Sector,COMMISSIONING - NON ACUTE,HEALTH NAVIGATOR LTD,25984232,-31200,221770432,1
Department of Health,NHS Mid Essex CCG,28/02/2019,Cont Care-Physical Disab (65+),CHC ADULT FULLY FUNDED,BUPA CARE HOMES,25984430,20951.74,239731641,LWN018299TOLWN018307
Department of Health,NHS Mid Essex CCG,28/02/2019,Cont Care-Physical Disab (<65),CHC ADULT FULLY FUNDED,BUPA CARE HOMES,25984430,10376.67,239731641,LWN018299TOLWN018307
Department of Health,NHS Mid Essex CCG,28/02/2019,Other Transport Costs,PATIENT TRANSPORT,ERS TRANSITION LTD,26009378,28800,270758092,INV000005491
Department of Health,NHS Mid Essex CCG,28/02/2019,Hlthcre-Foundation Trsts,ACUTE COMMISSIONING,EAST SUFFOLK AND NORTH ESSEX NHS FOUNDATION TRUST,26009406,1791415.16,GB654921325,6000003279
Department of Health,NHS Mid Essex CCG,28/02/2019,Hcare Srv Rec NHS Trust,AMBULANCE SERVICES,EAST OF ENGLAND AMBULANCE SERVICE NHS TRUST,26009442,1204548.29,654919501,8112648
Department of Health,NHS Mid Essex CCG,28/02/2019,Hlthcre-Foundation Trsts,ACUTE COMMISSIONING,BASILDON & THURROCK UNIVERSITY HOSPITALS NHS FOUNDATION TRUST,26009471,445967, GB 654911917,100994
Department of Health,NHS Mid Essex CCG,28/02/2019,Clinical&Medical-Independent Sector,ACUTE COMMISSIONING,SPRINGFIELD HOSPITAL,26009477,509382.33,GB-426505170,ME1118TU
Department of Health,NHS Mid Essex CCG,28/02/2019,Hlthcre-Foundation Trsts,ACUTE COMMISSIONING,GREAT ORMOND STREET HOSPITAL FOR CHILDREN NHS FOUNDATION TRUST,26009487,39637.17,654922910,X0207549
Department of Health,NHS Mid Essex CCG,28/02/2019,Hlthcre-Foundation Trsts,MENTAL HEALTH CONTRACTS,ESSEX PARTNERSHIP UNIVERSITY NHS FT,26009538,1946728.48,GB654974100,I0064524
Department of Health,NHS Mid Essex CCG,28/02/2019,Clinical&Medical-Independent Sector,ACUTE COMMISSIONING,SPRINGFIELD HOSPITAL,26009580,964032.31,GB-426505170,3148
Department of Health,NHS Mid Essex CCG,28/02/2019,Cont Care- Palliative Care,CHC ADULT FULLY FUNDED,BUPA CARE HOMES,26009732,9075.26,239731641,HFP026753TOHFP026764
Department of Health,NHS Mid Essex CCG,28/02/2019,Cont Care-Interim Funding(Pre Panel),CHC ADULT FULLY FUNDED,BUPA CARE HOMES,26009732,4089.98,239731641,HFP026753TOHFP026764
Department of Health,NHS Mid Essex CCG,28/02/2019,Cont Care-Mental Health (65+),CHC ADULT FULLY FUNDED,BUPA CARE HOMES,26009732,6632.4,239731641,HFP026753TOHFP026764
Department of Health,NHS Mid Essex CCG,28/02/2019,Cont Care-Physical Disab (65+),CHC ADULT FULLY FUNDED,BUPA CARE HOMES,26009732,16581,239731641,HFP026753TOHFP026764
Department of Health,NHS Mid Essex CCG,28/02/2019,Clinical&Medical-Clinical Other,COMMUNITY SERVICES,APOS THERAPY APOS MEDICAL UK,26050453,41258.92,,2021249
Department of Health,NHS Mid Essex CCG,28/02/2019,Clinical&Medical-Voluntary Sector,END OF LIFE,FARLEIGH HOSPICE,26050456,26979.75,594899355,FH300
Department of Health,NHS Mid Essex CCG,28/02/2019,Clinical&Medical-Not For Profit,COMMUNITY SERVICES,ESSEX COUNTY COUNCIL,26050498,1049008.67,104252813,1011054671
Department of Health,NHS Mid Essex CCG,28/02/2019,Clinical&Medical-Othe Public Sector,COMMISSIONING - NON ACUTE,ESSEX COUNTY COUNCIL,26050498,713145.49,104252813,1011054671
Department of Health,NHS Mid Essex CCG,28/02/2019,Clinical&Medical-Othe Public Sector,REABLEMENT,ESSEX COUNTY COUNCIL,26050498,76669.31,104252813,1011054671
Department of Health,NHS Mid Essex CCG,28/02/2019,Hcare Srv Rec Fdtn Trust-Contract Baseline,MENTAL HEALTH SERVICES - OTHER,ESSEX COUNTY COUNCIL,26050498,15709.58,104252813,1011054671
Department of Health,NHS Mid Essex CCG,28/02/2019,Hcare Srv Rec Fdtn Trust-Non Contract,MENTAL HEALTH CONTRACTS,ESSEX COUNTY COUNCIL,26050498,8789.13,104252813,1011054671
Department of Health,NHS Mid Essex CCG,28/02/2019,Services From Local Authorities,CARERS,ESSEX COUNTY COUNCIL,26050498,8385.28,104252813,1011054671
Department of Health,NHS Mid Essex CCG,28/02/2019,Recharge : Received,LONG TERM CONDITIONS,BASILDON & THURROCK UNIVERSITY HOSPITALS NHS FOUNDATION TRUST,26050520,40000, GB 654911917,101191
Department of Health,NHS Mid Essex CCG,28/02/2019,Cont Care- Children,CHC CHILDREN,ESSEX COUNTY COUNCIL,26069230,61473.11,104252813,1011049822
Department of Health,NHS Mid Essex CCG,28/02/2019,C&M-GP PRACTICE REVENUE - PCTF,GP FORWARD VIEW,ELIZABETH COURTAULD MEDICAL LTD,26069438,131778,,H8915
Department of Health,NHS Mid Essex CCG,28/02/2019,Cont Care-Physical Disab (65+),CHC ADULT FULLY FUNDED,BRAINTREE NURSING HOME,26069481,33493.62,,010219BNHCHC
Department of Health,NHS Mid Essex CCG,28/02/2019,Cont Care- Palliative Care,CHC ADULT FULLY FUNDED,FOREST PINES CARE,26069548,27303.38,,853FTFEB201919
Department of Health,NHS Mid Essex CCG,28/02/2019,Cont Care-Physical Disab (65+),CHC ADULT FULLY FUNDED,FOREST PINES CARE,26069556,34046.32,,853CHCFEB201919
Department of Health,NHS Mid Essex CCG,28/02/2019,Cont Care- Palliative Care,CHC ADULT FULLY FUNDED,ST GEORGES WITHAM NURSING HOME,26069571,26311.77,,MECCG0219CHC
Department of Health,NHS Mid Essex CCG,28/02/2019,Cont Care-Mental Health (65+),CHC ADULT FULLY FUNDED,SONNET CARE HOMES (ESSEX) LTD,26069606,3095.12,194780564,SM25804
Department of Health,NHS Mid Essex CCG,28/02/2019,Cont Care-Physical Disab (65+),CHC ADULT FULLY FUNDED,SONNET CARE HOMES (ESSEX) LTD,26069606,19418.46,194780564,SM25804
Department of Health,NHS Mid Essex CCG,28/02/2019,Cont Care-Physical Disab (<65),CHC ADULT FULLY FUNDED,SONNET CARE HOMES (ESSEX) LTD,26069606,10096.32,194780564,SM25804
Department of Health,NHS Mid Essex CCG,28/02/2019,Cont Care-Mental Health (65+),CHC ADULT FULLY FUNDED,LONGMEAD COURT NURSING HOME,26069633,25528.56,,FEB201901
Department of Health,NHS Mid Essex CCG,28/02/2019,Cont Care-Physical Disab (65+),CHC ADULT FULLY FUNDED,LONGMEAD COURT NURSING HOME,26069633,13840.24,,FEB201901
Department of Health,NHS Mid Essex CCG,28/02/2019,Hcare Srv Rec NHS Trust-Non Contract,NCAS/OATS,MID ESSEX HOSPITALS SERVICES NHS TRUST,26101224,34709.21,654930128,2000110240
Department of Health,NHS Mid Essex CCG,28/02/2019,Cont Care-Mental Health (65+),CHC ADULT FULLY FUNDED,ELMCROFT CARE HOME LTD,26101234,9938.66,,108841
Department of Health,NHS Mid Essex CCG,28/02/2019,Cont Care-Physical Disab (65+),CHC ADULT FULLY FUNDED,ELMCROFT CARE HOME LTD,26101234,26853.32,,108841
Department of Health,NHS Mid Essex CCG,28/02/2019,Cont Care-Mental Health (65+),CHC ADULT FULLY FUNDED,OPAL CARE HOMES LTD,26101244,22736.04,,840CHCFEB2019
Department of Health,NHS Mid Essex CCG,28/02/2019,Cont Care-Physical Disab (65+),CHC ADULT FULLY FUNDED,OPAL CARE HOMES LTD,26101244,25988.3,,840CHCFEB2019
Department of Health,NHS Mid Essex CCG,28/02/2019,C&M-GMS Cost of Drugs -Dispensing,LOCAL ENHANCED SERVICES,LITTLER,26142225,-38888.6,,EX000080433
Department of Health,NHS Mid Essex CCG,28/02/2019,C&M-GMS Cost of Drugs -Dispensing,LOCAL ENHANCED SERVICES,LITTLER,26142227,71547,,EX000080434
Department of Health,NHS Mid Essex CCG,28/02/2019,C&M-GMS PrscrptnChrgsColl&RmttdbyGP,LOCAL ENHANCED SERVICES,LITTLER,26142227,2692.8,,EX000080434
Department of Health,NHS Mid Essex CCG,28/02/2019,C&M-GMS Cost of Drugs -Dispensing,LOCAL ENHANCED SERVICES,ABAZIE OD & PARTNER,26143044,31160.34,,EX000080412
Department of Health,NHS Mid Essex CCG,28/02/2019,C&M-GMS PrscrptnChrgsColl&RmttdbyGP,LOCAL ENHANCED SERVICES,ABAZIE OD & PARTNER,26143044,598.4,,EX000080412
Department of Health,NHS Mid Essex CCG,28/02/2019,C&M-GMS Cost of Drugs -Dispensing,LOCAL ENHANCED SERVICES,BAILEY M C & PARTNERS,26143045,-26494.07,,EX000080413
Department of Health,NHS Mid Essex CCG,28/02/2019,C&M-GMS Cost of Drugs -Dispensing,LOCAL ENHANCED SERVICES,BAILEY M C & PARTNERS,26143046,49187.12,,EX000080414
Department of Health,NHS Mid Essex CCG,28/02/2019,C&M-GMS PrscrptnChrgsColl&RmttdbyGP,LOCAL ENHANCED SERVICES,BAILEY M C & PARTNERS,26143046,1865.6,,EX000080414
Department of Health,NHS Mid Essex CCG,28/02/2019,C&M-GMS Cost of Drugs -Dispensing,LOCAL ENHANCED SERVICES,ACORN D J & PARTNER,26143047,-46454.48,,EX000080415
Department of Health,NHS Mid Essex CCG,28/02/2019,C&M-GMS Cost of Drugs -Dispensing,LOCAL ENHANCED SERVICES,ACORN D J & PARTNER,26143048,77213.82,,EX000080416
Department of Health,NHS Mid Essex CCG,28/02/2019,C&M-GMS PrscrptnChrgsColl&RmttdbyGP,LOCAL ENHANCED SERVICES,ACORN D J & PARTNER,26143048,3053.6,,EX000080416
Department of Health,NHS Mid Essex CCG,28/02/2019,C&M-GMS Cost of Drugs -Dispensing,LOCAL ENHANCED SERVICES,BRANN & PARTNERS,26143052,31205.59,,EX000080420
Department of Health,NHS Mid Essex CCG,28/02/2019,C&M-GMS PrscrptnChrgsColl&RmttdbyGP,LOCAL ENHANCED SERVICES,BRANN & PARTNERS,26143052,519.2,,EX000080420
Department of Health,NHS Mid Essex CCG,28/02/2019,C&M-GMS Cost of Drugs -Dispensing,LOCAL ENHANCED SERVICES,BOWTON P A & PARTNER,26143054,57452.44,,EX000080422
Department of Health,NHS Mid Essex CCG,28/02/2019,C&M-GMS PrscrptnChrgsColl&RmttdbyGP,LOCAL ENHANCED SERVICES,BOWTON P A & PARTNER,26143054,941.6,,EX000080422
Department of Health,NHS Mid Essex CCG,28/02/2019,C&M-GMS Cost of Drugs -Dispensing,LOCAL ENHANCED SERVICES,COOPER N I & PARTNERS,26143055,-46780.08,,EX000080423
Department of Health,NHS Mid Essex CCG,28/02/2019,C&M-GMS Cost of Drugs -Dispensing,LOCAL ENHANCED SERVICES,COOPER N I & PARTNERS,26143056,87809.28,,EX000080424
Department of Health,NHS Mid Essex CCG,28/02/2019,C&M-GMS PrscrptnChrgsColl&RmttdbyGP,LOCAL ENHANCED SERVICES,COOPER N I & PARTNERS,26143056,2349.6,,EX000080424
Department of Health,NHS Mid Essex CCG,28/02/2019,C&M-GMS Cost of Drugs -Dispensing,LOCAL ENHANCED SERVICES,DE SOUZA R F & PARTNERS,26143058,39018.73,,EX000080426
Department of Health,NHS Mid Essex CCG,28/02/2019,C&M-GMS PrscrptnChrgsColl&RmttdbyGP,LOCAL ENHANCED SERVICES,DE SOUZA R F & PARTNERS,26143058,1566.4,,EX000080426
Department of Health,NHS Mid Essex CCG,28/02/2019,C&M-GMS Cost of Drugs -Dispensing,LOCAL ENHANCED SERVICES,DR S BAKEWELL & PARTNERS,26143059,-93580.11,,EX000080427
Department of Health,NHS Mid Essex CCG,28/02/2019,C&M-GMS Cost of Drugs -Dispensing,LOCAL ENHANCED SERVICES,DR S BAKEWELL & PARTNERS,26143060,183677.56,,EX000080428
Department of Health,NHS Mid Essex CCG,28/02/2019,C&M-GMS PrscrptnChrgsColl&RmttdbyGP,LOCAL ENHANCED SERVICES,DR S BAKEWELL & PARTNERS,26143060,8060.8,,EX000080428
Department of Health,NHS Mid Essex CCG,28/02/2019,C&M-GMS Cost of Drugs -Dispensing,LOCAL ENHANCED SERVICES,LATIF M H & PARTNERS,26143064,30264.43,,EX000080432
Department of Health,NHS Mid Essex CCG,28/02/2019,C&M-GMS PrscrptnChrgsColl&RmttdbyGP,LOCAL ENHANCED SERVICES,LATIF M H & PARTNERS,26143064,932.8,,EX000080432
Department of Health,NHS Mid Essex CCG,28/02/2019,C&M-GMS Cost of Drugs -Dispensing,LOCAL ENHANCED SERVICES,MOUNT CHAMBERS MEDICAL PRACTICE,26143066,46785.74,879062486,EX000080436
Department of Health,NHS Mid Essex CCG,28/02/2019,C&M-GMS PrscrptnChrgsColl&RmttdbyGP,LOCAL ENHANCED SERVICES,MOUNT CHAMBERS MEDICAL PRACTICE,26143066,563.2,879062486,EX000080436
Department of Health,NHS Mid Essex CCG,28/02/2019,C&M-GMS Cost of Drugs -Dispensing,LOCAL ENHANCED SERVICES,OLIVER D PARTNERS,26143067,-71751.9,,EX000080437
Department of Health,NHS Mid Essex CCG,28/02/2019,C&M-GMS Cost of Drugs -Dispensing,LOCAL ENHANCED SERVICES,OLIVER D PARTNERS,26143068,133071.8,,EX000080438
Department of Health,NHS Mid Essex CCG,28/02/2019,C&M-GMS PrscrptnChrgsColl&RmttdbyGP,LOCAL ENHANCED SERVICES,OLIVER D PARTNERS,26143068,4356,,EX000080438
Department of Health,NHS Mid Essex CCG,28/02/2019,C&M-GMS Cost of Drugs -Dispensing,LOCAL ENHANCED SERVICES,ROPER R M & PARTNERS,26143069,-28460.88,,EX000080439
Department of Health,NHS Mid Essex CCG,28/02/2019,C&M-GMS Cost of Drugs -Dispensing,LOCAL ENHANCED SERVICES,ROPER R M & PARTNERS,26143070,53719.07,,EX000080440
Department of Health,NHS Mid Essex CCG,28/02/2019,C&M-GMS PrscrptnChrgsColl&RmttdbyGP,LOCAL ENHANCED SERVICES,ROPER R M & PARTNERS,26143070,1548.8,,EX000080440
Department of Health,NHS Mid Essex CCG,28/02/2019,C&M-GMS Cost of Drugs -Dispensing,LOCAL ENHANCED SERVICES,RUSSELL S M & PARTNERS,26143071,-25001.48,,EX000080441
Department of Health,NHS Mid Essex CCG,28/02/2019,C&M-GMS Cost of Drugs -Dispensing,LOCAL ENHANCED SERVICES,RUSSELL S M & PARTNERS,26143072,45890.83,,EX000080442
Department of Health,NHS Mid Essex CCG,28/02/2019,C&M-GMS PrscrptnChrgsColl&RmttdbyGP,LOCAL ENHANCED SERVICES,RUSSELL S M & PARTNERS,26143072,1654.4,,EX000080442
Department of Health,NHS Mid Essex CCG,28/02/2019,C&M-GMS Cost of Drugs -Dispensing,LOCAL ENHANCED SERVICES,SILCOX R F & PARTNER,26143074,28047.11,,EX000080444
Department of Health,NHS Mid Essex CCG,28/02/2019,C&M-GMS PrscrptnChrgsColl&RmttdbyGP,LOCAL ENHANCED SERVICES,SILCOX R F & PARTNER,26143074,695.2,,EX000080444
Department of Health,NHS Mid Essex CCG,28/02/2019,C&M-GMS Cost of Drugs -Dispensing,LOCAL ENHANCED SERVICES,SPOWAGE P & PARTNERS,26143075,-34868.24,,EX000080445
Department of Health,NHS Mid Essex CCG,28/02/2019,C&M-GMS Cost of Drugs -Dispensing,LOCAL ENHANCED SERVICES,SPOWAGE P & PARTNERS,26143076,49759.7,,EX000080446
Department of Health,NHS Mid Essex CCG,28/02/2019,C&M-GMS PrscrptnChrgsColl&RmttdbyGP,LOCAL ENHANCED SERVICES,SPOWAGE P & PARTNERS,26143076,2208.8,,EX000080446
Department of Health,NHS Mid Essex CCG,28/02/2019,C&M-GMS Cost of Drugs -Dispensing,LOCAL ENHANCED SERVICES,TEVERSON E & PARTNERS,26143077,-37253.92,,EX000080447
Department of Health,NHS Mid Essex CCG,28/02/2019,C&M-GMS Cost of Drugs -Dispensing,LOCAL ENHANCED SERVICES,TEVERSON E & PARTNERS,26143078,65366.94,,EX000080448
Department of Health,NHS Mid Essex CCG,28/02/2019,C&M-GMS PrscrptnChrgsColl&RmttdbyGP,LOCAL ENHANCED SERVICES,TEVERSON E & PARTNERS,26143078,1302.4,,EX000080448
Department of Health,NHS Mid Essex CCG,28/02/2019,C&M-GMS Cost of Drugs -Dispensing,LOCAL ENHANCED SERVICES,WILLIAMS D A & PARTNERS,26143080,43333.94,,EX000080450
Department of Health,NHS Mid Essex CCG,28/02/2019,C&M-GMS PrscrptnChrgsColl&RmttdbyGP,LOCAL ENHANCED SERVICES,WILLIAMS D A & PARTNERS,26143080,897.6,,EX000080450
Department of Health,NHS Mid Essex CCG,28/02/2019,C&M-GMS Cost of Drugs -Dispensing,LOCAL ENHANCED SERVICES,DR N SAI SANKAR,26143082,25148.49,,EX000080452
Department of Health,NHS Mid Essex CCG,28/02/2019,C&M-GMS PrscrptnChrgsColl&RmttdbyGP,LOCAL ENHANCED SERVICES,DR N SAI SANKAR,26143082,1443.2,,EX000080452
Department of Health,NHS Mid Essex CCG,28/02/2019,C&M-GMS Cost of Drugs -Dispensing,LOCAL ENHANCED SERVICES,DENGIE MEDICAL PARTNERSHIP,26143083,-35529.24,223823524,EX000080453
Department of Health,NHS Mid Essex CCG,28/02/2019,C&M-GMS Cost of Drugs -Dispensing,LOCAL ENHANCED SERVICES,DENGIE MEDICAL PARTNERSHIP,26143084,51559.29,223823524,EX000080454
Department of Health,NHS Mid Essex CCG,28/02/2019,C&M-GMS PrscrptnChrgsColl&RmttdbyGP,LOCAL ENHANCED SERVICES,DENGIE MEDICAL PARTNERSHIP,26143084,2094.4,223823524,EX000080454
Department of Health,NHS Mid Essex CCG,28/02/2019,Clinical&Medical-Commercial Sector,WINTER PRESSURES,HILTON NURSING PARTNERS,26154644,300000,,20823
Department of Health,NHS Mid Essex CCG,28/02/2019,Hcare Srv Rec NHS Trust,ACUTE COMMISSIONING,MID ESSEX HOSPITALS SERVICES NHS TRUST,26154695,13984602,654930128,2000110467
Department of Health,NHS Mid Essex CCG,28/02/2019,Hcare Srv Rec NHS Trust-Devices,HIGH COST DRUGS,MID ESSEX HOSPITALS SERVICES NHS TRUST,26154695,3035,654930128,2000110467
Department of Health,NHS Mid Essex CCG,28/02/2019,Hcare Srv Rec NHS Trust-Drugs,HIGH COST DRUGS,MID ESSEX HOSPITALS SERVICES NHS TRUST,26154695,640201,654930128,2000110467
Department of Health,NHS Mid Essex CCG,28/02/2019,Clinical&Medical-Commercial Sector,CHILDREN SERVICES,SONNET CARE HOMES (ESSEX) LTD,26154709,27413.92,194780564,SM25797
Department of Health,NHS Mid Essex CCG,28/02/2019,Cont Care- Palliative Care,CHC ADULT FULLY FUNDED,CAREBASE (CHELMSFORD),26154714,72500.01,,CWFNC0119
Department of Health,NHS Mid Essex CCG,28/02/2019,Cont Care-FNC Client Continence Allow,FUNDED NURSING CARE,CAREBASE (CHELMSFORD),26154714,201.25,,CWFNC0119
Department of Health,NHS Mid Essex CCG,28/02/2019,Cont Care-Funded Nursing Care Allow,FUNDED NURSING CARE,CAREBASE (CHELMSFORD),26154714,6574.93,,CWFNC0119
Department of Health,NHS Mid Essex CCG,28/02/2019,Cont Care-Physical Disab (65+),CHC ADULT FULLY FUNDED,CAREBASE (CHELMSFORD),26154714,3728.57,,CWFNC0119
Department of Health,NHS Mid Essex CCG,28/02/2019,Cont Care-Physical Disab (<65),CHC ADULT FULLY FUNDED,CAREBASE (CHELMSFORD),26154714,2071.43,,CWFNC0119
Department of Health,NHS Mid Essex CCG,28/02/2019,Cont Care- Palliative Care,CHC ADULT FULLY FUNDED,CAREBASE (CHELMSFORD),26154719,68564.29,,CWFNC1218
Department of Health,NHS Mid Essex CCG,28/02/2019,Cont Care-FNC Client Continence Allow,FUNDED NURSING CARE,CAREBASE (CHELMSFORD),26154719,2.46,,CWFNC1218
Department of Health,NHS Mid Essex CCG,28/02/2019,Cont Care-Funded Nursing Care Allow,FUNDED NURSING CARE,CAREBASE (CHELMSFORD),26154719,2033.49,,CWFNC1218
Department of Health,NHS Mid Essex CCG,28/02/2019,Cont Care- Palliative Care,CHC ADULT FULLY FUNDED,CAREBASE (CHELMSFORD),26154725,81200,,CWFNC1018
Department of Health,NHS Mid Essex CCG,28/02/2019,Cont Care-FNC Client Continence Allow,FUNDED NURSING CARE,CAREBASE (CHELMSFORD),26154725,25.46,,CWFNC1018
Department of Health,NHS Mid Essex CCG,28/02/2019,Cont Care-Funded Nursing Care Allow,FUNDED NURSING CARE,CAREBASE (CHELMSFORD),26154725,700.43,,CWFNC1018
Department of Health,NHS Mid Essex CCG,28/02/2019,Cont Care-Physical Disab (65+),CHC ADULT FULLY FUNDED,CAREBASE (CHELMSFORD),26154725,2485.71,,CWFNC1018
Department of Health,NHS Mid Essex CCG,28/02/2019,Cont Care- Palliative Care,CHC ADULT FULLY FUNDED,CAREBASE (CHELMSFORD),26154732,79128.57,,CWFNC1118
Department of Health,NHS Mid Essex CCG,28/02/2019,Cont Care-FNC Client Continence Allow,FUNDED NURSING CARE,CAREBASE (CHELMSFORD),26154732,24.64,,CWFNC1118
Department of Health,NHS Mid Essex CCG,28/02/2019,Cont Care-Funded Nursing Care Allow,FUNDED NURSING CARE,CAREBASE (CHELMSFORD),26154732,1739.76,,CWFNC1118
Department of Health,NHS Mid Essex CCG,28/02/2019,Hlthcre-Foundation Trsts,ACUTE COMMISSIONING,CAMBRIDGE UNIVERSITY HOSPITALS NHS FOUNDATION TRUST,26154746,208572.33,654910528,70022241
Department of Health,NHS Mid Essex CCG,28/02/2019,Cont Care-Mental Health (65+),CHC ADULT FULLY FUNDED,CARE UK COMMUNITY PARTNERSHIPS LTD,26154768,11015.12,594959072,R51292CHC73
Department of Health,NHS Mid Essex CCG,28/02/2019,Cont Care-Physical Disab (65+),CHC ADULT FULLY FUNDED,CARE UK COMMUNITY PARTNERSHIPS LTD,26154768,42434.84,594959072,R51292CHC73
Department of Health,NHS Mid Essex CCG,28/02/2019,Cont Care-Mental Health (65+),CHC ADULT FULLY FUNDED,CARE UK COMMUNITY PARTNERSHIPS LTD,26154769,4800,594959072,R51883CHC69
Department of Health,NHS Mid Essex CCG,28/02/2019,Cont Care-Physical Disab (65+),CHC ADULT FULLY FUNDED,CARE UK COMMUNITY PARTNERSHIPS LTD,26154769,33820.26,594959072,R51883CHC69
Department of Health,NHS Mid Essex CCG,28/02/2019,Cont Care-Physical Disab (<65),CHC ADULT FULLY FUNDED,CARE UK COMMUNITY PARTNERSHIPS LTD,26154769,3095.12,594959072,R51883CHC69
Department of Health,NHS Mid Essex CCG,28/02/2019,Cont Care-FNC Client Continence Allow,FUNDED NURSING CARE,LEGACY CARE UK LTD,26154822,119.93,,Feb-19
Department of Health,NHS Mid Essex CCG,28/02/2019,Cont Care-Funded Nursing Care Allow,FUNDED NURSING CARE,LEGACY CARE UK LTD,26154822,4564.05,,Feb-19
Department of Health,NHS Mid Essex CCG,28/02/2019,Cont Care-Mental Health (65+),CHC ADULT FULLY FUNDED,LEGACY CARE UK LTD,26154822,20851.68,,Feb-19
Department of Health,NHS Mid Essex CCG,28/02/2019,Cont Care-Physical Disab (65+),CHC ADULT FULLY FUNDED,LEGACY CARE UK LTD,26154822,3200,,Feb-19
Department of Health,NHS Mid Essex CCG,28/02/2019,Hcare Srv Rec NHS Trust,AMBULANCE SERVICES,EAST OF ENGLAND AMBULANCE SERVICE NHS TRUST,26172317,35124,654919501,8112952
Department of Health,NHS Mid Essex CCG,28/02/2019,Cont Care-Mental Health (65+),CHC AD FULL FUND PERS HLTH BUD,PURPLE CONVERSATION CIC,26172529,-38901.7,280668086,16422
Department of Health,NHS Mid Essex CCG,28/02/2019,Clinical&Medical-Commercial Sector,COMMISSIONING - NON ACUTE,HEALTH NAVIGATOR LTD,26186383,28800,221770432,INVME1014
Department of Health,NHS Mid Essex CCG,28/02/2019,Hlthcre-Foundation Trsts,ACUTE COMMISSIONING,SOUTHEND UNIVERSITY HOSPITAL NHS FOUNDATION TRUST,26186465,148580,654942902,450857
