Division,Directorate,Department,Cost Centre,Subjective Code Description,Supplier,Invoice Number,Invoice Distribution Amount,Invoice Amount,Payment  Date,,,
BRADFORD PATHOLOGY JV,BRADFORD PATHOLOGY JV,BRADFORD PATHOLOGY JOINT VENTURE,332239,Laboratory Reagents,Beckman Coulter Uk Ltd,1402983,"29,340.61","35,208.73",24/04/2018
BRADFORD PATHOLOGY JV,BRADFORD PATHOLOGY JV,BRADFORD PATHOLOGY JOINT VENTURE,332239,Laboratory Reagents,Beckman Coulter Uk Ltd,1402983,"5,868.12","35,208.73",24/04/2018
BRADFORD PATHOLOGY JV,BRADFORD PATHOLOGY JV,BRADFORD PATHOLOGY JOINT VENTURE,332239,Laboratory Reagents,Beckman Coulter Uk Ltd,1402960,"97,145.47","116,574.56",24/04/2018
BRADFORD PATHOLOGY JV,BRADFORD PATHOLOGY JV,BRADFORD PATHOLOGY JOINT VENTURE,332239,Laboratory Reagents,Beckman Coulter Uk Ltd,1402960,"19,429.09","116,574.56",24/04/2018
BRADFORD PATHOLOGY JV,BRADFORD PATHOLOGY JV,BRADFORD PATHOLOGY JOINT VENTURE,332239,Laboratory Reagents,Beckman Coulter Uk Ltd,1402953,"23,814.44","28,577.33",24/04/2018
BRADFORD PATHOLOGY JV,BRADFORD PATHOLOGY JV,BRADFORD PATHOLOGY JOINT VENTURE,332239,Laboratory Reagents,Beckman Coulter Uk Ltd,1402953,"4,762.89","28,577.33",24/04/2018
BRADFORD PATHOLOGY JV,BRADFORD PATHOLOGY JV,BRADFORD PATHOLOGY JOINT VENTURE,332239,Laboratory Reagents,Beckman Coulter Uk Ltd,1402912,"148,380.48","178,056.58",24/04/2018
BRADFORD PATHOLOGY JV,BRADFORD PATHOLOGY JV,BRADFORD PATHOLOGY JOINT VENTURE,332239,Laboratory Reagents,Beckman Coulter Uk Ltd,1402912,"29,676.10","178,056.58",24/04/2018
INTEGRATED CARE GROUP,MEDICAL MANAGEMENT,MEDICAL MANAGEMENT,330003,Agency Nursing,Hb Retinue Ltd,ANHST2887,"21,724.34","26,069.32",27/04/2018
BALANCE SHEET,BALANCE SHEET,BALANCE SHEET,339302,Vat Debtor < One Year,Hb Retinue Ltd,ANHST2887,"4,344.98","26,069.32",27/04/2018
INTEGRATED CARE GROUP,MEDICAL MANAGEMENT,MEDICAL MANAGEMENT,330003,Agency Nursing,Hb Retinue Ltd,ANHST2896,"31,374.84","37,649.81",27/04/2018
INTEGRATED CARE GROUP,MEDICAL MANAGEMENT,MEDICAL MANAGEMENT,330003,Agency Nursing,Hb Retinue Ltd,ANHST2896,"6,274.97","37,649.81",27/04/2018
INTEGRATED CARE GROUP,MEDICAL MANAGEMENT,MEDICAL MANAGEMENT,330003,Agency Nursing,Hb Retinue Ltd,ANHST2903,"21,805.95","26,167.20",27/04/2018
BALANCE SHEET,BALANCE SHEET,BALANCE SHEET,339302,Vat Debtor < One Year,Hb Retinue Ltd,ANHST2903,"4,361.25","26,167.20",27/04/2018
INTEGRATED CARE GROUP,MEDICAL MANAGEMENT,MEDICAL MANAGEMENT,330003,Agency Nursing,Hb Retinue Ltd,ANHST2928,"28,400.47","34,080.61",27/04/2018
BALANCE SHEET,BALANCE SHEET,BALANCE SHEET,339302,Vat Debtor < One Year,Hb Retinue Ltd,ANHST2928,"5,680.14","34,080.61",27/04/2018
INTEGRATED CARE GROUP,MEDICAL MANAGEMENT,MEDICAL MANAGEMENT,330003,Agency Nursing,Hb Retinue Ltd,ANHST2955,"25,610.57","30,732.69",26/04/2018
BALANCE SHEET,BALANCE SHEET,BALANCE SHEET,339302,Vat Debtor < One Year,Hb Retinue Ltd,ANHST2955,"5,122.12","30,732.69",26/04/2018
ESTATES & FACILITIES,FACILITIES,LAUNDRY SERVICES,333016,External Contracts : Laundry,Synergy Health Managed Services Ltd,40002805,"37,813.76","45,376.51",13/04/2018
BALANCE SHEET,BALANCE SHEET,BALANCE SHEET,339302,Vat Debtor < One Year,Synergy Health Managed Services Ltd,40002805,"7,562.75","45,376.51",13/04/2018
BALANCE SHEET,BALANCE SHEET,BALANCE SHEET,338519,Additions - Non Residential Buildings,Siemens Healthcare Ltd,1051037673,"29,885.00","35,862.00",26/04/2018
BALANCE SHEET,BALANCE SHEET,BALANCE SHEET,338519,Additions - Non Residential Buildings,Siemens Healthcare Ltd,1051037673,"5,977.00","35,862.00",26/04/2018
BALANCE SHEET,BALANCE SHEET,BALANCE SHEET,338518,Additions - Plant And Machinery,Sonosite Fujifilm Ltd,371124,"49,897.00","59,876.40",19/04/2018
BALANCE SHEET,BALANCE SHEET,BALANCE SHEET,338518,Additions - Plant And Machinery,Sonosite Fujifilm Ltd,371124,"9,979.40","59,876.40",19/04/2018
ESTATES & FACILITIES,FACILITIES,UTILITIES,333210,Gas,Gazprom Energy,5858943,"53,584.55","64,301.46",20/04/2018
ESTATES & FACILITIES,FACILITIES,UTILITIES,333210,Gas,Gazprom Energy,5858943,"10,716.91","64,301.46",20/04/2018
ESTATES & FACILITIES,FACILITIES,UTILITIES,333210,Gas,Gazprom Energy,5944944,"51,621.98","61,946.38",26/04/2018
ESTATES & FACILITIES,FACILITIES,UTILITIES,333210,Gas,Gazprom Energy,5944944,"10,324.40","61,946.38",26/04/2018
CENTRAL INCOME,CENTRAL,CENTRAL,334206,Contract : Other External,Agh Solutions Ltd,5400000036,"1,828,133.25","2,193,759.90",20/04/2018
CENTRAL INCOME,CENTRAL,CENTRAL,334206,Contract : Other External,Agh Solutions Ltd,5400000036,"365,626.65","2,193,759.90",20/04/2018
CENTRAL INCOME,CENTRAL,CENTRAL,334206,Contract : Other External,Agh Solutions Ltd,5400000037,"95,998.57","115,198.28",20/04/2018
CENTRAL INCOME,CENTRAL,CENTRAL,334206,Contract : Other External,Agh Solutions Ltd,5400000037,"19,199.71","115,198.28",20/04/2018
CORPORATE SERVICES,FINANCE,INFORMATION MANAGEMENT & TECHNOLOGY,334166,Computer Network Costs,Virgin Media Payments Ltd,908168-107,"7,357.61","44,185.67",26/04/2018
CORPORATE SERVICES,FINANCE,INFORMATION MANAGEMENT & TECHNOLOGY,334166,Computer Network Costs,Virgin Media Payments Ltd,908168-107,"36,788.06","44,185.67",26/04/2018
CORPORATE SERVICES,FINANCE,INFORMATION MANAGEMENT & TECHNOLOGY,334166,Computer Network Costs,Virgin Media Payments Ltd,908168-107,40.00,"44,185.67",26/04/2018
BALANCE SHEET,BALANCE SHEET,BALANCE SHEET,339647,NHS Creditors < One Year,The Phoenix Partnership (Leeds) Ltd,5240,"61,147.22","61,147.22",18/05/2018,,,
DIAGNOSTIC SERVICES,PATHOLOGY,PATHOLOGY,332216,Laboratory External Tests,Beckman Coulter Uk Ltd,1403646,"173,441.09","208,129.31",04/05/2018,,,
DIAGNOSTIC SERVICES,PATHOLOGY,PATHOLOGY,332216,Laboratory External Tests,Beckman Coulter Uk Ltd,1403646,"34,688.22","208,129.31",04/05/2018,,,
DIAGNOSTIC SERVICES,PATHOLOGY,PATHOLOGY,332216,Laboratory External Tests,Beckman Coulter Uk Ltd,1403645,"122,166.23","146,599.48",04/05/2018,,,
DIAGNOSTIC SERVICES,PATHOLOGY,PATHOLOGY,332216,Laboratory External Tests,Beckman Coulter Uk Ltd,1403645,"24,433.25","146,599.48",04/05/2018,,,
CORPORATE SERVICES,OPERATIONS,OPERATIONS,334042,Computer Software / License Fees,The Phoenix Partnership (Leeds) Ltd,8358,"314,458.75","377,350.50",18/05/2018,,,
BALANCE SHEET,BALANCE SHEET,BALANCE SHEET,339302,Vat Debtor < One Year,The Phoenix Partnership (Leeds) Ltd,8358,"62,891.75","377,350.50",18/05/2018,,,
BALANCE SHEET,BALANCE SHEET,BALANCE SHEET,338518,Additions - Plant And Machinery,Stryker Uk Ltd,28260594,"22,714.29","75,890.35",18/05/2018,,,
BALANCE SHEET,BALANCE SHEET,BALANCE SHEET,338518,Additions - Plant And Machinery,Stryker Uk Ltd,28260594,"2,194.98","75,890.35",18/05/2018,,,
BALANCE SHEET,BALANCE SHEET,BALANCE SHEET,338518,Additions - Plant And Machinery,Stryker Uk Ltd,28260594,"2,535.03","75,890.35",18/05/2018,,,
BALANCE SHEET,BALANCE SHEET,BALANCE SHEET,338518,Additions - Plant And Machinery,Stryker Uk Ltd,28260594,"12,857.16","75,890.35",18/05/2018,,,
BALANCE SHEET,BALANCE SHEET,BALANCE SHEET,338518,Additions - Plant And Machinery,Stryker Uk Ltd,28260594,"13,714.29","75,890.35",18/05/2018,,,
BALANCE SHEET,BALANCE SHEET,BALANCE SHEET,338518,Additions - Plant And Machinery,Stryker Uk Ltd,28260594,"3,600.00","75,890.35",18/05/2018,,,
BALANCE SHEET,BALANCE SHEET,BALANCE SHEET,338518,Additions - Plant And Machinery,Stryker Uk Ltd,28260594,"3,605.07","75,890.35",18/05/2018,,,
BALANCE SHEET,BALANCE SHEET,BALANCE SHEET,338518,Additions - Plant And Machinery,Stryker Uk Ltd,28260594,773.00,"75,890.35",18/05/2018,,,
BALANCE SHEET,BALANCE SHEET,BALANCE SHEET,338518,Additions - Plant And Machinery,Stryker Uk Ltd,28260594,414.00,"75,890.35",18/05/2018,,,
BALANCE SHEET,BALANCE SHEET,BALANCE SHEET,338518,Additions - Plant And Machinery,Stryker Uk Ltd,28260594,48.42,"75,890.35",18/05/2018,,,
BALANCE SHEET,BALANCE SHEET,BALANCE SHEET,338518,Additions - Plant And Machinery,Stryker Uk Ltd,28260594,785.72,"75,890.35",18/05/2018,,,
BALANCE SHEET,BALANCE SHEET,BALANCE SHEET,338518,Additions - Plant And Machinery,Stryker Uk Ltd,28260594,"12,648.39","75,890.35",18/05/2018,,,
BALANCE SHEET,BALANCE SHEET,BALANCE SHEET,338518,Additions - Plant And Machinery,Stryker Uk Ltd,28261617,"20,892.87","25,071.44",18/05/2018,,,
BALANCE SHEET,BALANCE SHEET,BALANCE SHEET,338518,Additions - Plant And Machinery,Stryker Uk Ltd,28261617,"4,178.57","25,071.44",18/05/2018,,,
DIAGNOSTIC SERVICES,RADIOLOGY,RADIOLOGY,332100,X-Ray Equipment : Purchases,Siemens Healthcare Ltd,1051037306,"111,610.94","133,933.13",25/05/2018,,,
BALANCE SHEET,BALANCE SHEET,BALANCE SHEET,339302,Vat Debtor < One Year,Siemens Healthcare Ltd,1051037306,"22,322.19","133,933.13",25/05/2018,,,
CORPORATE SERVICES,FINANCE,INFORMATION MANAGEMENT & TECHNOLOGY,334155,Computer Hardware Purchases,Ans Group Ltd,INV052689,796.28,"36,752.35",04/05/2018,,,
CORPORATE SERVICES,FINANCE,INFORMATION MANAGEMENT & TECHNOLOGY,334155,Computer Hardware Purchases,Ans Group Ltd,INV052689,"1,600.80","36,752.35",04/05/2018,,,
CORPORATE SERVICES,FINANCE,INFORMATION MANAGEMENT & TECHNOLOGY,334155,Computer Hardware Purchases,Ans Group Ltd,INV052689,"16,581.32","36,752.35",04/05/2018,,,
CORPORATE SERVICES,FINANCE,INFORMATION MANAGEMENT & TECHNOLOGY,334155,Computer Hardware Purchases,Ans Group Ltd,INV052689,144.12,"36,752.35",04/05/2018,,,
CORPORATE SERVICES,FINANCE,INFORMATION MANAGEMENT & TECHNOLOGY,334155,Computer Hardware Purchases,Ans Group Ltd,INV052689,136.88,"36,752.35",04/05/2018,,,
CORPORATE SERVICES,FINANCE,INFORMATION MANAGEMENT & TECHNOLOGY,334155,Computer Hardware Purchases,Ans Group Ltd,INV052689,"9,327.00","36,752.35",04/05/2018,,,
CORPORATE SERVICES,FINANCE,INFORMATION MANAGEMENT & TECHNOLOGY,334155,Computer Hardware Purchases,Ans Group Ltd,INV052689,"1,640.56","36,752.35",04/05/2018,,,
CORPORATE SERVICES,FINANCE,INFORMATION MANAGEMENT & TECHNOLOGY,334155,Computer Hardware Purchases,Ans Group Ltd,INV052689,400.00,"36,752.35",04/05/2018,,,
CORPORATE SERVICES,FINANCE,INFORMATION MANAGEMENT & TECHNOLOGY,334155,Computer Hardware Purchases,Ans Group Ltd,INV052689,"6,125.39","36,752.35",04/05/2018,,,
CORPORATE SERVICES,FINANCE,INFORMATION MANAGEMENT & TECHNOLOGY,334188,Computer Maintenance,System C Healthcare Ltd,0000021413,"33,000.00","39,600.00",18/05/2018,,,
CORPORATE SERVICES,FINANCE,INFORMATION MANAGEMENT & TECHNOLOGY,334188,Computer Maintenance,System C Healthcare Ltd,0000021413,"6,600.00","39,600.00",18/05/2018,,,
DIAGNOSTIC SERVICES,PATHOLOGY,PATHOLOGY,332216,Laboratory External Tests,Beckman Coulter Uk Ltd,1403784,"120,183.27","144,219.92",18/05/2018,,,
DIAGNOSTIC SERVICES,PATHOLOGY,PATHOLOGY,332216,Laboratory External Tests,Beckman Coulter Uk Ltd,1403784,"24,036.65","144,219.92",18/05/2018,,,
DIAGNOSTIC SERVICES,PATHOLOGY,PATHOLOGY,332216,Laboratory External Tests,Beckman Coulter Uk Ltd,1403785,"156,027.44","187,232.93",18/05/2018,,,
DIAGNOSTIC SERVICES,PATHOLOGY,PATHOLOGY,332216,Laboratory External Tests,Beckman Coulter Uk Ltd,1403785,"31,205.49","187,232.93",18/05/2018,,,
CORPORATE SERVICES,FINANCE,INFORMATION MANAGEMENT & TECHNOLOGY,334161,Computer Maintenance,Healthcare Software Solutions Ltd,2051,"43,416.49","52,099.79",18/05/2018,,,
CORPORATE SERVICES,FINANCE,INFORMATION MANAGEMENT & TECHNOLOGY,334161,Computer Maintenance,Healthcare Software Solutions Ltd,2051,"8,683.30","52,099.79",18/05/2018,,,
BALANCE SHEET,BALANCE SHEET,BALANCE SHEET,338469,Additions - Non Residential Buildings,Mindray (Uk) Ltd,610045302,"22,320.00","44,289.00",18/05/2018,,,
BALANCE SHEET,BALANCE SHEET,BALANCE SHEET,338469,Additions - Non Residential Buildings,Mindray (Uk) Ltd,610045302,"6,681.00","44,289.00",18/05/2018,,,
BALANCE SHEET,BALANCE SHEET,BALANCE SHEET,338469,Additions - Non Residential Buildings,Mindray (Uk) Ltd,610045302,"7,719.00","44,289.00",18/05/2018,,,
BALANCE SHEET,BALANCE SHEET,BALANCE SHEET,338469,Additions - Non Residential Buildings,Mindray (Uk) Ltd,610045302,187.50,"44,289.00",18/05/2018,,,
BALANCE SHEET,BALANCE SHEET,BALANCE SHEET,338469,Additions - Non Residential Buildings,Mindray (Uk) Ltd,610045302,"7,381.50","44,289.00",18/05/2018,,,
DIAGNOSTIC SERVICES,RADIOLOGY,RADIOLOGY,332100,X-Ray Equipment : Purchases,Siemens Healthcare Ltd,1051037675,"97,863.68","117,436.42",25/05/2018,,,
BALANCE SHEET,BALANCE SHEET,BALANCE SHEET,339302,Vat Debtor < One Year,Siemens Healthcare Ltd,1051037675,"19,572.74","117,436.42",25/05/2018,,,
DIAGNOSTIC SERVICES,RADIOLOGY,RADIOLOGY,332100,X-Ray Equipment : Purchases,Siemens Healthcare Ltd,1051039485,"107,805.43","129,366.52",25/05/2018,,,
BALANCE SHEET,BALANCE SHEET,BALANCE SHEET,339302,Vat Debtor < One Year,Siemens Healthcare Ltd,1051039485,"21,561.09","129,366.52",25/05/2018,,,
BALANCE SHEET,BALANCE SHEET,BALANCE SHEET,338522,Additions - Information Technology,Trustmarque Solutions Ltd,2270644,"22,235.04","26,682.05",25/05/2018,,,
BALANCE SHEET,BALANCE SHEET,BALANCE SHEET,338522,Additions - Information Technology,Trustmarque Solutions Ltd,2270644,"4,447.01","26,682.05",25/05/2018,,,
DIAGNOSTIC SERVICES,DIAGNOSTIC SERVICES,PROVIDER PROVIDER,334502,Non Healthcare Services From Foundation Trusts,Bradford Teaching Hospitals Nhs Foundation Trust,301406//,"53,542.76","53,542.76",25/05/2018,,,
INTEGRATED CARE GROUP,MEDICAL MANAGEMENT,MEDICAL MANAGEMENT,330003,Agency Nursing,Hb Retinue Ltd,ANHST2789,"27,109.81","32,531.77",01/06/2018
BALANCE SHEET,BALANCE SHEET,BALANCE SHEET,339302,Vat Debtor < One Year,Hb Retinue Ltd,ANHST2789,"5,421.96","32,531.77",01/06/2018
INTEGRATED CARE GROUP,MEDICAL MANAGEMENT,MEDICAL MANAGEMENT,330003,Agency Nursing,Hb Retinue Ltd,ANHST2823,"24,358.13","29,229.76",01/06/2018
BALANCE SHEET,BALANCE SHEET,BALANCE SHEET,339302,Vat Debtor < One Year,Hb Retinue Ltd,ANHST2823,"4,871.63","29,229.76",01/06/2018
INTEGRATED CARE GROUP,MEDICAL MANAGEMENT,MEDICAL MANAGEMENT,330003,Agency Nursing,Hb Retinue Ltd,ANHST2776,"23,014.85","27,617.84",01/06/2018
BALANCE SHEET,BALANCE SHEET,BALANCE SHEET,339302,Vat Debtor < One Year,Hb Retinue Ltd,ANHST2776,"4,602.99","27,617.84",01/06/2018
TELEMEDICINE,TELEMEDICINE,TELEMEDICINE,334033,Other General Supplies And Services,Immedicare Llp,IMM00736,"10,000.00","27,000.00",22/06/2018
TELEMEDICINE,TELEMEDICINE,TELEMEDICINE,334033,Other General Supplies And Services,Immedicare Llp,IMM00736,"15,000.00","27,000.00",22/06/2018
TELEMEDICINE,TELEMEDICINE,TELEMEDICINE,334033,Other General Supplies And Services,Immedicare Llp,IMM00736,"2,000.00","27,000.00",22/06/2018
BALANCE SHEET,BALANCE SHEET,BALANCE SHEET,338518,Additions - Plant And Machinery,Carefusion Uk 236 Ltd,31800516RI,"22,240.00","49,669.51",15/06/2018
BALANCE SHEET,BALANCE SHEET,BALANCE SHEET,338518,Additions - Plant And Machinery,Carefusion Uk 236 Ltd,31800516RI,"13,273.00","49,669.51",15/06/2018
BALANCE SHEET,BALANCE SHEET,BALANCE SHEET,338518,Additions - Plant And Machinery,Carefusion Uk 236 Ltd,31800516RI,170,"49,669.51",15/06/2018
BALANCE SHEET,BALANCE SHEET,BALANCE SHEET,338518,Additions - Plant And Machinery,Carefusion Uk 236 Ltd,31800516RI,905,"49,669.51",15/06/2018
BALANCE SHEET,BALANCE SHEET,BALANCE SHEET,338518,Additions - Plant And Machinery,Carefusion Uk 236 Ltd,31800516RI,"4,000.00","49,669.51",15/06/2018
BALANCE SHEET,BALANCE SHEET,BALANCE SHEET,338518,Additions - Plant And Machinery,Carefusion Uk 236 Ltd,31800516RI,503.26,"49,669.51",15/06/2018
BALANCE SHEET,BALANCE SHEET,BALANCE SHEET,338518,Additions - Plant And Machinery,Carefusion Uk 236 Ltd,31800516RI,300,"49,669.51",15/06/2018
BALANCE SHEET,BALANCE SHEET,BALANCE SHEET,338518,Additions - Plant And Machinery,Carefusion Uk 236 Ltd,31800516RI,"8,278.25","49,669.51",15/06/2018
BALANCE SHEET,BALANCE SHEET,BALANCE SHEET,338522,Additions - Information Technology,Dell Corporation Ltd,7402424788,"24,200.00","29,040.00",08/06/2018
BALANCE SHEET,BALANCE SHEET,BALANCE SHEET,338522,Additions - Information Technology,Dell Corporation Ltd,7402424788,"4,840.00","29,040.00",08/06/2018
BALANCE SHEET,BALANCE SHEET,BALANCE SHEET,338522,Additions - Information Technology,Dell Corporation Ltd,7402426980,"14,216.76","85,300.56",08/06/2018
BALANCE SHEET,BALANCE SHEET,BALANCE SHEET,338522,Additions - Information Technology,Dell Corporation Ltd,7402426980,"30,768.80","85,300.56",08/06/2018
BALANCE SHEET,BALANCE SHEET,BALANCE SHEET,338522,Additions - Information Technology,Dell Corporation Ltd,7402426980,"5,280.00","85,300.56",08/06/2018
BALANCE SHEET,BALANCE SHEET,BALANCE SHEET,338522,Additions - Information Technology,Dell Corporation Ltd,7402426980,950,"85,300.56",08/06/2018
BALANCE SHEET,BALANCE SHEET,BALANCE SHEET,338522,Additions - Information Technology,Dell Corporation Ltd,7402426980,"2,300.00","85,300.56",08/06/2018
BALANCE SHEET,BALANCE SHEET,BALANCE SHEET,338522,Additions - Information Technology,Dell Corporation Ltd,7402426980,"27,865.00","85,300.56",08/06/2018
BALANCE SHEET,BALANCE SHEET,BALANCE SHEET,338522,Additions - Information Technology,Dell Corporation Ltd,7402426980,"3,920.00","85,300.56",08/06/2018
TELEMEDICINE,TELEMEDICINE,TELEMEDICINE,334033,Other General Supplies And Services,Immedicare Llp,IMM00750,"10,000.00","27,000.00",22/06/2018
TELEMEDICINE,TELEMEDICINE,TELEMEDICINE,334033,Other General Supplies And Services,Immedicare Llp,IMM00750,"15,000.00","27,000.00",22/06/2018
TELEMEDICINE,TELEMEDICINE,TELEMEDICINE,334033,Other General Supplies And Services,Immedicare Llp,IMM00750,"2,000.00","27,000.00",22/06/2018
TELEMEDICINE,TELEMEDICINE,TELEMEDICINE,334033,Other General Supplies And Services,Immedicare Llp,IMM00771,"10,000.00","27,000.00",22/06/2018
TELEMEDICINE,TELEMEDICINE,TELEMEDICINE,334033,Other General Supplies And Services,Immedicare Llp,IMM00771,"15,000.00","27,000.00",22/06/2018
TELEMEDICINE,TELEMEDICINE,TELEMEDICINE,334033,Other General Supplies And Services,Immedicare Llp,IMM00771,"2,000.00","27,000.00",22/06/2018
CENTRAL INCOME,CENTRAL,CENTRAL,334206,Contract : Other External,Agh Solutions Ltd,5400000072,"1,784,220.00","2,141,064.00",19/06/2018
BALANCE SHEET,BALANCE SHEET,BALANCE SHEET,339302,Vat Debtor < One Year,Agh Solutions Ltd,5400000072,"356,844.00","2,141,064.00",19/06/2018
INTEGRATED CARE GROUP,PHARMACY,DRUGS,332390,Drugs,Roche Products Ltd,1322015697,"26,328.79","26,328.79",08/06/2018
CORPORATE SERVICES,RATES,Council Tax,333212,Rates,City Of Bradford Metropolitan District Council,31000215 18.05.18,"297,292.01","297,292.01",15/06/2018
INTEGRATED CARE GROUP,MEDICAL MANAGEMENT,MEDICAL MANAGEMENT,330003,Agency Nursing,Hb Retinue Ltd,ANHST2989,"22,450.19","26,940.26",15/06/2018
BALANCE SHEET,BALANCE SHEET,BALANCE SHEET,339302,Vat Debtor < One Year,Hb Retinue Ltd,ANHST2989,"4,490.07","26,940.26",15/06/2018
BALANCE SHEET,BALANCE SHEET,BALANCE SHEET,338518,Additions - Plant And Machinery,Cardiac Services Ltd,G-INV274658,"13,400.00","39,328.80",22/06/2018
BALANCE SHEET,BALANCE SHEET,BALANCE SHEET,338518,Additions - Plant And Machinery,Cardiac Services Ltd,G-INV274658,"4,280.00","39,328.80",22/06/2018
BALANCE SHEET,BALANCE SHEET,BALANCE SHEET,338518,Additions - Plant And Machinery,Cardiac Services Ltd,G-INV274658,716,"39,328.80",22/06/2018
BALANCE SHEET,BALANCE SHEET,BALANCE SHEET,338518,Additions - Plant And Machinery,Cardiac Services Ltd,G-INV274658,768,"39,328.80",22/06/2018
BALANCE SHEET,BALANCE SHEET,BALANCE SHEET,338518,Additions - Plant And Machinery,Cardiac Services Ltd,G-INV274658,"5,500.00","39,328.80",22/06/2018
BALANCE SHEET,BALANCE SHEET,BALANCE SHEET,338518,Additions - Plant And Machinery,Cardiac Services Ltd,G-INV274658,"1,998.00","39,328.80",22/06/2018
BALANCE SHEET,BALANCE SHEET,BALANCE SHEET,338518,Additions - Plant And Machinery,Cardiac Services Ltd,G-INV274658,772,"39,328.80",22/06/2018
BALANCE SHEET,BALANCE SHEET,BALANCE SHEET,338518,Additions - Plant And Machinery,Cardiac Services Ltd,G-INV274658,420,"39,328.80",22/06/2018
BALANCE SHEET,BALANCE SHEET,BALANCE SHEET,338518,Additions - Plant And Machinery,Cardiac Services Ltd,G-INV274658,"1,840.00","39,328.80",22/06/2018
BALANCE SHEET,BALANCE SHEET,BALANCE SHEET,338518,Additions - Plant And Machinery,Cardiac Services Ltd,G-INV274658,"3,080.00","39,328.80",22/06/2018
BALANCE SHEET,BALANCE SHEET,BALANCE SHEET,338518,Additions - Plant And Machinery,Cardiac Services Ltd,G-INV274658,"6,554.80","39,328.80",22/06/2018
INTEGRATED CARE GROUP,COMMUNITY SERVICES,ADMINISTRATION,334675,Contract : Other External,Nhs Property Services Ltd,00000001/H43749,"31,867.29","31,867.29",15/06/2018
INTEGRATED CARE GROUP,COMMUNITY SERVICES,ADMINISTRATION,334384,Rent,Nhs Property Services Ltd,00000001/H43750,"36,502.68","36,502.68",15/06/2018
INTEGRATED CARE GROUP,COMMUNITY SERVICES,ADMINISTRATION,334602,Rent,Nhs Property Services Ltd,00000001/H43752,"76,424.39","76,424.39",15/06/2018
BALANCE SHEET,BALANCE SHEET,BALANCE SHEET,338469,Additions - Non Residential Buildings,Behrens Healthcare,IN0022706,"22,449.98","31,964.76",19/06/2018
BALANCE SHEET,BALANCE SHEET,BALANCE SHEET,338469,Additions - Non Residential Buildings,Behrens Healthcare,IN0022706,"1,633.04","31,964.76",19/06/2018
BALANCE SHEET,BALANCE SHEET,BALANCE SHEET,338469,Additions - Non Residential Buildings,Behrens Healthcare,IN0022706,480,"31,964.76",19/06/2018
BALANCE SHEET,BALANCE SHEET,BALANCE SHEET,338469,Additions - Non Residential Buildings,Behrens Healthcare,IN0022706,412.88,"31,964.76",19/06/2018
BALANCE SHEET,BALANCE SHEET,BALANCE SHEET,338469,Additions - Non Residential Buildings,Behrens Healthcare,IN0022706,"1,661.40","31,964.76",19/06/2018
BALANCE SHEET,BALANCE SHEET,BALANCE SHEET,338469,Additions - Non Residential Buildings,Behrens Healthcare,IN0022706,"5,327.46","31,964.76",19/06/2018
DIAGNOSTIC SERVICES,PATHOLOGY,PATHOLOGY,332216,Laboratory External Tests,Beckman Coulter Uk Ltd,1405815,"160,820.47","192,984.56",19/06/2018
DIAGNOSTIC SERVICES,PATHOLOGY,PATHOLOGY,332216,Laboratory External Tests,Beckman Coulter Uk Ltd,1405815,"32,164.09","192,984.56",19/06/2018
DIAGNOSTIC SERVICES,PATHOLOGY,PATHOLOGY,332216,Laboratory External Tests,Beckman Coulter Uk Ltd,1405821,"119,480.62","143,376.74",19/06/2018
DIAGNOSTIC SERVICES,PATHOLOGY,PATHOLOGY,332216,Laboratory External Tests,Beckman Coulter Uk Ltd,1405821,"23,896.12","143,376.74",19/06/2018
CORPORATE SERVICES,FINANCE,INFORMATION MANAGEMENT & TECHNOLOGY,334155,External Consultancy Fees,Blazie Engineering Ltd,14115,"1,200.00","25,860.00",19/06/2018
CORPORATE SERVICES,FINANCE,INFORMATION MANAGEMENT & TECHNOLOGY,334155,External Consultancy Fees,Blazie Engineering Ltd,14115,"19,800.00","25,860.00",19/06/2018
CORPORATE SERVICES,FINANCE,INFORMATION MANAGEMENT & TECHNOLOGY,334155,External Consultancy Fees,Blazie Engineering Ltd,14115,550,"25,860.00",19/06/2018
CORPORATE SERVICES,FINANCE,INFORMATION MANAGEMENT & TECHNOLOGY,334155,External Consultancy Fees,Blazie Engineering Ltd,14115,"4,310.00","25,860.00",19/06/2018
CENTRAL INCOME,CENTRAL,CENTRAL,334206,Contract : Other External,Agh Solutions Ltd,5400000088,"1,784,220.00","2,141,064.00",22/06/2018
BALANCE SHEET,BALANCE SHEET,BALANCE SHEET,339302,Vat Debtor < One Year,Agh Solutions Ltd,5400000088,"356,844.00","2,141,064.00",22/06/2018
CENTRAL INCOME,CENTRAL,CENTRAL,334206,Contract : Other External,Agh Solutions Ltd,5400000002,"93,712.00","112,454.40",02/07/2018
BALANCE SHEET,BALANCE SHEET,BALANCE SHEET,339302,Vat Debtor < One Year,Agh Solutions Ltd,5400000002,"18,742.40","112,454.40",02/07/2018
CENTRAL INCOME,CENTRAL,CENTRAL,334206,Contract : Other External,Agh Solutions Ltd,5400000003,"45,670.00","54,804.00",02/07/2018
CENTRAL INCOME,CENTRAL,CENTRAL,334206,Contract : Other External,Agh Solutions Ltd,5400000003,"9,134.00","54,804.00",02/07/2018
DIAGNOSTIC SERVICES,DIAGNOSTIC SERVICES,PROVIDER PROVIDER,334502,Non Healthcare Services From Foundation Trusts,Bradford Teaching Hospitals Nhs Foundation Trust,303537,"26,834.64","26,834.64",11/07/2018
CORPORATE SERVICES,FINANCE,FINANCE DEPARTMENT,334200,External Consultancy Fees,Qe Facilities Ltd,2210000812,"23,443.40","28,132.08",13/07/2018
BALANCE SHEET,BALANCE SHEET,BALANCE SHEET,339302,Vat Debtor < One Year,Qe Facilities Ltd,2210000812,"4,688.68","28,132.08",13/07/2018
CENTRAL INCOME,CENTRAL,CENTRAL,334206,Contract : Other External,Agh Solutions Ltd,5400000070,"1,784,220.00","2,141,064.00",20/07/2018
BALANCE SHEET,BALANCE SHEET,BALANCE SHEET,339302,Vat Debtor < One Year,Agh Solutions Ltd,5400000070,"356,844.00","2,141,064.00",20/07/2018
DIAGNOSTIC SERVICES,RADIOLOGY,RADIOLOGY,332110,Computer Maintenance,Agfa Healthcare Uk Ltd,DEIN/28030017,"115,197.00","138,236.40",27/07/2018
DIAGNOSTIC SERVICES,RADIOLOGY,RADIOLOGY,332110,Computer Maintenance,Agfa Healthcare Uk Ltd,DEIN/28030017,"23,039.40","138,236.40",27/07/2018
BALANCE SHEET,BALANCE SHEET,BALANCE SHEET,338531,Additions - Information Technology,Ans Group Ltd,0001005871,"4,799.16","28,794.95",13/07/2018
BALANCE SHEET,BALANCE SHEET,BALANCE SHEET,338531,Additions - Information Technology,Ans Group Ltd,0001005871,"16,975.80","28,794.95",13/07/2018
BALANCE SHEET,BALANCE SHEET,BALANCE SHEET,338531,Additions - Information Technology,Ans Group Ltd,0001005871,99.67,"28,794.95",13/07/2018
BALANCE SHEET,BALANCE SHEET,BALANCE SHEET,338531,Additions - Information Technology,Ans Group Ltd,0001005871,149.52,"28,794.95",13/07/2018
BALANCE SHEET,BALANCE SHEET,BALANCE SHEET,338531,Additions - Information Technology,Ans Group Ltd,0001005871,"3,955.12","28,794.95",13/07/2018
BALANCE SHEET,BALANCE SHEET,BALANCE SHEET,338531,Additions - Information Technology,Ans Group Ltd,0001005871,"2,815.68","28,794.95",13/07/2018
RESERVES,RESERVES AND PROVISIONS RESERVES,RESERVES AND PROVISIONS,337086,Computer Software / License Fees,Civica Uk Ltd,C/PS165635,"29,800.00","35,760.00",11/07/2018
RESERVES,RESERVES AND PROVISIONS RESERVES,RESERVES AND PROVISIONS,337086,Computer Software / License Fees,Civica Uk Ltd,C/PS165635,"5,960.00","35,760.00",11/07/2018
CORPORATE SERVICES,HUMAN RESOURCES,HUMAN RESOURCES,334236,Computer Software / License Fees,Insight Direct (Uk) Ltd,3872071,"50,071.66","60,085.99",19/07/2018
CORPORATE SERVICES,HUMAN RESOURCES,HUMAN RESOURCES,334236,Computer Software / License Fees,Insight Direct (Uk) Ltd,3872071,"10,014.33","60,085.99",19/07/2018
INTEGRATED CARE GROUP,PHARMACY,DRUGS,332390,Drugs,Healthcare At Home Ltd,OP/7266842,"30,284.04","30,284.04",02/07/2018
INTEGRATED CARE GROUP,PHARMACY,DRUGS,332390,Drugs,Healthcare At Home Ltd,OP/7266985,"26,762.64","26,762.64",02/07/2018
DIAGNOSTIC SERVICES,PATHOLOGY,PATHOLOGY,332216,Laboratory External Tests,Beckman Coulter Uk Ltd,1408337,"170,250.83","204,301.00",19/07/2018
DIAGNOSTIC SERVICES,PATHOLOGY,PATHOLOGY,332216,Laboratory External Tests,Beckman Coulter Uk Ltd,1408337,"34,050.17","204,301.00",19/07/2018
DIAGNOSTIC SERVICES,PATHOLOGY,PATHOLOGY,332216,Laboratory External Tests,Beckman Coulter Uk Ltd,1408576,"122,739.04","147,286.85",19/07/2018
DIAGNOSTIC SERVICES,PATHOLOGY,PATHOLOGY,332216,Laboratory External Tests,Beckman Coulter Uk Ltd,1408576,"24,547.81","147,286.85",19/07/2018
CORPORATE SERVICES,FINANCE,INFORMATION MANAGEMENT & TECHNOLOGY,334155,Computer Hardware Purchases,Ans Group Ltd,0001005790,796.28,"36,752.35",02/07/2018
CORPORATE SERVICES,FINANCE,INFORMATION MANAGEMENT & TECHNOLOGY,334155,Computer Hardware Purchases,Ans Group Ltd,0001005790,"1,600.80","36,752.35",02/07/2018
CORPORATE SERVICES,FINANCE,INFORMATION MANAGEMENT & TECHNOLOGY,334155,Computer Hardware Purchases,Ans Group Ltd,0001005790,"16,581.32","36,752.35",02/07/2018
CORPORATE SERVICES,FINANCE,INFORMATION MANAGEMENT & TECHNOLOGY,334155,Computer Hardware Purchases,Ans Group Ltd,0001005790,144.12,"36,752.35",02/07/2018
CORPORATE SERVICES,FINANCE,INFORMATION MANAGEMENT & TECHNOLOGY,334155,Computer Hardware Purchases,Ans Group Ltd,0001005790,136.88,"36,752.35",02/07/2018
CORPORATE SERVICES,FINANCE,INFORMATION MANAGEMENT & TECHNOLOGY,334155,Computer Hardware Purchases,Ans Group Ltd,0001005790,"9,327.00","36,752.35",02/07/2018
CORPORATE SERVICES,FINANCE,INFORMATION MANAGEMENT & TECHNOLOGY,334155,Computer Hardware Purchases,Ans Group Ltd,0001005790,"6,125.39","36,752.35",02/07/2018
CORPORATE SERVICES,FINANCE,INFORMATION MANAGEMENT & TECHNOLOGY,334155,Computer Hardware Purchases,Ans Group Ltd,0001005790,"1,640.56","36,752.35",02/07/2018
CORPORATE SERVICES,FINANCE,INFORMATION MANAGEMENT & TECHNOLOGY,334155,Computer Hardware Purchases,Ans Group Ltd,0001005790,400.00,"36,752.35",02/07/2018
DIAGNOSTIC SERVICES,RADIOLOGY,RADIOLOGY,332100,X-Ray Equipment : Purchases,Siemens Healthcare Ltd,1051041304,"20,644.60","123,867.61",06/07/2018
DIAGNOSTIC SERVICES,RADIOLOGY,RADIOLOGY,332100,X-Ray Equipment : Purchases,Siemens Healthcare Ltd,1051041304,"103,223.01","123,867.61",06/07/2018
BALANCE SHEET,BALANCE SHEET,BALANCE SHEET,339804,Utilisation - Other Provisions/Liabilities,Nhs Business Services Authority,EA3433,"107,673.88","107,673.88",27/07/2018
INTEGRATED CARE GROUP,THERAPY SERVICES,PHYSIOTHERAPY,332366,Healthcare From Local Authorities,Yordales Health Ltd,1023,"29,150.00","29,150.00",19/07/2018
CENTRAL INCOME,CENTRAL,CENTRAL,334206,Contract : Other External,Agh Solutions Ltd,5400000042,"46,784.35","56,141.22",11/07/2018
CENTRAL INCOME,CENTRAL,CENTRAL,334206,Contract : Other External,Agh Solutions Ltd,5400000042,"9,356.87","56,141.22",11/07/2018
CENTRAL INCOME,CENTRAL,CENTRAL,334206,Contract : Other External,Agh Solutions Ltd,5400000073,"95,998.57","115,198.28",11/07/2018
BALANCE SHEET,BALANCE SHEET,BALANCE SHEET,339302,Vat Debtor < One Year,Agh Solutions Ltd,5400000073,"19,199.71","115,198.28",11/07/2018
CENTRAL INCOME,CENTRAL,CENTRAL,334206,Contract : Other External,Agh Solutions Ltd,5400000075,"46,784.35","56,141.22",11/07/2018
CENTRAL INCOME,CENTRAL,CENTRAL,334206,Contract : Other External,Agh Solutions Ltd,5400000075,"9,356.87","56,141.22",11/07/2018
CENTRAL INCOME,CENTRAL,CENTRAL,334206,Contract : Other External,Agh Solutions Ltd,5400000089,"95,998.57","115,198.28",11/07/2018
BALANCE SHEET,BALANCE SHEET,BALANCE SHEET,339302,Vat Debtor < One Year,Agh Solutions Ltd,5400000089,"19,199.71","115,198.28",11/07/2018
CENTRAL INCOME,CENTRAL,CENTRAL,334206,Contract : Other External,Agh Solutions Ltd,5400000090,"46,784.35","56,141.22",11/07/2018
CENTRAL INCOME,CENTRAL,CENTRAL,334206,Contract : Other External,Agh Solutions Ltd,5400000090,"9,356.87","56,141.22",11/07/2018
CORPORATE SERVICES,OFFICE OF THE CHIEF EXECUTIVE,OFFICE OF THE CHIEF EXECUTIVE,334009,National Qc And Accreditation Fees,Care Quality Commission,42324650,"115,268.00","115,268.00",11/07/2018
CENTRAL INCOME,CENTRAL,CENTRAL,334206,Contract : Other External,Agh Solutions Ltd,5400000215,"1,784,220.00","2,141,064.00",13/07/2018
BALANCE SHEET,BALANCE SHEET,BALANCE SHEET,339302,Vat Debtor < One Year,Agh Solutions Ltd,5400000215,"356,844.00","2,141,064.00",13/07/2018
DIAGNOSTIC SERVICES,RADIOLOGY,RADIOLOGY,332100,X-Ray Equipment : Purchases,Siemens Healthcare Ltd,1051044804,"81,925.69","98,310.83",24/08/2018
BALANCE SHEET,BALANCE SHEET,BALANCE SHEET,339302,Vat Debtor < One Year,Siemens Healthcare Ltd,1051044804,"16,385.14","98,310.83",24/08/2018
INTEGRATED CARE GROUP,MEDICAL MANAGEMENT,MEDICAL MANAGEMENT,330003,Agency Nursing,Hb Retinue Ltd,ANHST3073,"33,789.61","40,547.56",07/08/2018
BALANCE SHEET,BALANCE SHEET,BALANCE SHEET,339302,Vat Debtor < One Year,Hb Retinue Ltd,ANHST3073,"6,757.95","40,547.56",07/08/2018
INTEGRATED CARE GROUP,MEDICAL MANAGEMENT,MEDICAL MANAGEMENT,330003,Agency Nursing,Hb Retinue Ltd,ANHST3092,"37,925.18","45,510.30",07/08/2018
BALANCE SHEET,BALANCE SHEET,BALANCE SHEET,339302,Vat Debtor < One Year,Hb Retinue Ltd,ANHST3092,"7,585.12","45,510.30",07/08/2018
INTEGRATED CARE GROUP,MEDICAL MANAGEMENT,MEDICAL MANAGEMENT,330003,Agency Nursing,Hb Retinue Ltd,ANHST3116,"29,463.80","35,356.57",10/08/2018
BALANCE SHEET,BALANCE SHEET,BALANCE SHEET,339302,Vat Debtor < One Year,Hb Retinue Ltd,ANHST3116,"5,892.77","35,356.57",10/08/2018
INTEGRATED CARE GROUP,MEDICAL MANAGEMENT,MEDICAL MANAGEMENT,330003,Agency Nursing,Hb Retinue Ltd,ANHST3129,"26,415.10","31,698.11",07/08/2018
BALANCE SHEET,BALANCE SHEET,BALANCE SHEET,339302,Vat Debtor < One Year,Hb Retinue Ltd,ANHST3129,"5,283.01","31,698.11",07/08/2018
DIAGNOSTIC SERVICES,PATHOLOGY,PATHOLOGY,332216,Laboratory External Tests,Beckman Coulter Uk Ltd,1411584,"123,757.57","148,509.08",10/08/2018
DIAGNOSTIC SERVICES,PATHOLOGY,PATHOLOGY,332216,Laboratory External Tests,Beckman Coulter Uk Ltd,1411584,"24,751.51","148,509.08",10/08/2018
DIAGNOSTIC SERVICES,PATHOLOGY,PATHOLOGY,332216,Laboratory External Tests,Beckman Coulter Uk Ltd,1411585,"163,167.09","195,800.51",10/08/2018
DIAGNOSTIC SERVICES,PATHOLOGY,PATHOLOGY,332216,Laboratory External Tests,Beckman Coulter Uk Ltd,1411585,"32,633.42","195,800.51",10/08/2018
INTEGRATED CARE GROUP,MEDICAL MANAGEMENT,MEDICAL MANAGEMENT,330003,Agency Nursing,Hb Retinue Ltd,ANHST3141,"36,693.38","44,032.04",10/08/2018
BALANCE SHEET,BALANCE SHEET,BALANCE SHEET,339302,Vat Debtor < One Year,Hb Retinue Ltd,ANHST3141,"7,338.66","44,032.04",10/08/2018
CENTRAL INCOME,CENTRAL,CENTRAL,334206,Contract : Other External,Agh Solutions Ltd,5400000292,"1,784,220.00","2,141,064.00",17/08/2018
BALANCE SHEET,BALANCE SHEET,BALANCE SHEET,339302,Vat Debtor < One Year,Agh Solutions Ltd,5400000292,"356,844.00","2,141,064.00",17/08/2018
DIAGNOSTIC SERVICES,RADIOLOGY,RADIOLOGY,332100,X-Ray Equipment : Purchases,Siemens Healthcare Ltd,1051046118,"98,982.26","118,778.71",24/08/2018
BALANCE SHEET,BALANCE SHEET,BALANCE SHEET,339302,Vat Debtor < One Year,Siemens Healthcare Ltd,1051046118,"19,796.45","118,778.71",24/08/2018
CORPORATE SERVICES,FINANCE,INFORMATION MANAGEMENT & TECHNOLOGY,334171,Computer Software / License Fees,Sunquest Information Systems (Europe) Ltd,37511,"22,536.20","135,217.20",07/09/2018
CORPORATE SERVICES,FINANCE,INFORMATION MANAGEMENT & TECHNOLOGY,334171,Computer Software / License Fees,Sunquest Information Systems (Europe) Ltd,37511,"112,681.00","135,217.20",07/09/2018
INTEGRATED CARE GROUP,PHARMACY,DRUGS,332390,Drugs,Roche Products Ltd,1322034047,"27,360.91","27,360.91",03/09/2018
INTEGRATED CARE GROUP,PHARMACY,DRUGS,332390,Drugs,Healthcare At Home Ltd,OP/7419487,"25,354.08","25,354.08",26/09/2018
BRADFORD PATHOLOGY JV,BRADFORD PATHOLOGY JV,BRADFORD PATHOLOGY JOINT VENTURE,332239,Laboratory Reagents,Beckman Coulter Uk Ltd,1413380,"89,987.73","147,115.33",12/09/2018
DIAGNOSTIC SERVICES,PATHOLOGY,PATHOLOGY,332216,Laboratory External Tests,Beckman Coulter Uk Ltd,1413380,"32,608.38","147,115.33",12/09/2018
BALANCE SHEET,BALANCE SHEET,BALANCE SHEET,339302,Vat Debtor < One Year,Beckman Coulter Uk Ltd,1413380,"24,519.22","147,115.33",12/09/2018
BALANCE SHEET,BALANCE SHEET,BALANCE SHEET,339302,Vat Debtor < One Year,Beckman Coulter Uk Ltd,1413365,"33,091.47","198,548.81",12/09/2018
DIAGNOSTIC SERVICES,PATHOLOGY,PATHOLOGY,332216,Laboratory External Tests,Beckman Coulter Uk Ltd,1413365,"165,457.34","198,548.81",12/09/2018
CENTRAL INCOME,CENTRAL,CENTRAL,334206,Contract : Other External,Agh Solutions Ltd,5400000373,"1,784,220.00","2,141,064.00",19/09/2018
BALANCE SHEET,BALANCE SHEET,BALANCE SHEET,339302,Vat Debtor < One Year,Agh Solutions Ltd,5400000373,"356,844.00","2,141,064.00",19/09/2018
DIAGNOSTIC SERVICES,RADIOLOGY,RADIOLOGY,332110,Computer Maintenance,Agfa Healthcare Uk Ltd,DEIN/28040018,"38,399.00","46,078.80",17/10/2018
BALANCE SHEET,BALANCE SHEET,BALANCE SHEET,339302,Vat Debtor < One Year,Agfa Healthcare Uk Ltd,DEIN/28040018,"7,679.80","46,078.80",17/10/2018
DIAGNOSTIC SERVICES,RADIOLOGY,RADIOLOGY,332110,Computer Maintenance,Agfa Healthcare Uk Ltd,DEIN/28070014,"38,399.00","46,078.80",17/10/2018
BALANCE SHEET,BALANCE SHEET,BALANCE SHEET,339302,Vat Debtor < One Year,Agfa Healthcare Uk Ltd,DEIN/28070014,"7,679.80","46,078.80",17/10/2018
CORPORATE SERVICES,FINANCE,INFORMATION MANAGEMENT & TECHNOLOGY,334193,Computer Maintenance,Dell Corporation Ltd,7402461648,"21,964.64","26,357.57",17/10/2018
CORPORATE SERVICES,FINANCE,INFORMATION MANAGEMENT & TECHNOLOGY,334193,Computer Maintenance,Dell Corporation Ltd,7402461648,"4,392.93","26,357.57",17/10/2018
DIAGNOSTIC SERVICES,RADIOLOGY,RADIOLOGY,332100,X-Ray Equipment : Purchases,Siemens Healthcare Ltd,1051048194,"103,564.68","124,277.62",12/10/2018
BALANCE SHEET,BALANCE SHEET,BALANCE SHEET,339302,Vat Debtor < One Year,Siemens Healthcare Ltd,1051048194,"20,712.94","124,277.62",12/10/2018
CORPORATE SERVICES,HUMAN RESOURCES,HUMAN RESOURCES,334302,Advertising And Staff Recruitment,Interact Medical,199288,"32,971.83","39,566.20",19/10/2018
CORPORATE SERVICES,HUMAN RESOURCES,HUMAN RESOURCES,334302,Advertising And Staff Recruitment,Interact Medical,199288,"6,594.37","39,566.20",19/10/2018
CENTRAL INCOME,CENTRAL,CENTRAL,334206,Contract : Other External,Agh Solutions Ltd,5400000429,"1,784,220.00","2,141,064.00",12/10/2018
BALANCE SHEET,BALANCE SHEET,BALANCE SHEET,339302,Vat Debtor < One Year,Agh Solutions Ltd,5400000429,"356,844.00","2,141,064.00",12/10/2018
DIAGNOSTIC SERVICES,PATHOLOGY,PATHOLOGY,332216,Laboratory External Tests,Beckman Coulter Uk Ltd,1416502,"115,405.11","138,486.13",12/10/2018
DIAGNOSTIC SERVICES,PATHOLOGY,PATHOLOGY,332216,Laboratory External Tests,Beckman Coulter Uk Ltd,1416502,"23,081.02","138,486.13",12/10/2018
DIAGNOSTIC SERVICES,PATHOLOGY,PATHOLOGY,332216,Laboratory External Tests,Beckman Coulter Uk Ltd,1416478,"166,669.72","200,003.66",12/10/2018
DIAGNOSTIC SERVICES,PATHOLOGY,PATHOLOGY,332216,Laboratory External Tests,Beckman Coulter Uk Ltd,1416478,"33,333.94","200,003.66",12/10/2018
BALANCE SHEET,BALANCE SHEET,BALANCE SHEET,339366,Trade Debtors < One Year,NHS Dudley Clinical Commissioning Group,CREDIT34032,"26,853.94","26,853.94",12/10/2018
BALANCE SHEET,BALANCE SHEET,BALANCE SHEET,338469,Additions - Assets Under Construction,Agh Solutions Ltd,5400000264,"367,227.25","440,672.70",26/10/2018
BALANCE SHEET,BALANCE SHEET,BALANCE SHEET,338469,Additions - Assets Under Construction,Agh Solutions Ltd,5400000264,"73,445.45","440,672.70",26/10/2018
BALANCE SHEET,BALANCE SHEET,BALANCE SHEET,338518,Additions - Plant And Machinery,Agh Solutions Ltd,5400000265,"103,073.73","123,688.48",26/10/2018
BALANCE SHEET,BALANCE SHEET,BALANCE SHEET,338518,Additions - Plant And Machinery,Agh Solutions Ltd,5400000265,"20,614.75","123,688.48",26/10/2018
CENTRAL INCOME,CENTRAL,CENTRAL,334206,Contract : Other External,Agh Solutions Ltd,5400000216,"95,998.57","115,198.28",26/10/2018
BALANCE SHEET,BALANCE SHEET,BALANCE SHEET,339302,Vat Debtor < One Year,Agh Solutions Ltd,5400000216,"19,199.71","115,198.28",26/10/2018
CENTRAL INCOME,CENTRAL,CENTRAL,334206,Contract : Other External,Agh Solutions Ltd,5400000217,"46,784.35","56,141.22",26/10/2018
CENTRAL INCOME,CENTRAL,CENTRAL,334206,Contract : Other External,Agh Solutions Ltd,5400000217,"9,356.87","56,141.22",26/10/2018
CENTRAL INCOME,CENTRAL,CENTRAL,334206,Contract : Other External,Agh Solutions Ltd,5400000291,"95,998.57","115,198.28",26/10/2018
BALANCE SHEET,BALANCE SHEET,BALANCE SHEET,339302,Vat Debtor < One Year,Agh Solutions Ltd,5400000291,"19,199.71","115,198.28",26/10/2018
CENTRAL INCOME,CENTRAL,CENTRAL,334206,Contract : Other External,Agh Solutions Ltd,5400000293,"46,784.35","56,141.22",26/10/2018
CENTRAL INCOME,CENTRAL,CENTRAL,334206,Contract : Other External,Agh Solutions Ltd,5400000293,"9,356.87","56,141.22",26/10/2018
CENTRAL INCOME,CENTRAL,CENTRAL,334206,Contract : Other External,Agh Solutions Ltd,5400000372,"95,998.57","115,198.28",26/10/2018
BALANCE SHEET,BALANCE SHEET,BALANCE SHEET,339302,Vat Debtor < One Year,Agh Solutions Ltd,5400000372,"19,199.71","115,198.28",26/10/2018
CENTRAL INCOME,CENTRAL,CENTRAL,334206,Contract : Other External,Agh Solutions Ltd,5400000379,"46,784.35","56,141.22",26/10/2018
CENTRAL INCOME,CENTRAL,CENTRAL,334206,Contract : Other External,Agh Solutions Ltd,5400000379,"9,356.87","56,141.22",26/10/2018
TELEMEDICINE,TELEMEDICINE,TELEMEDICINE,334343,Computer Software / License Fees,Immedicare Llp,IMM00790,"3,816.00","48,696.00",02/11/2018
TELEMEDICINE,TELEMEDICINE,TELEMEDICINE,334343,Computer Software / License Fees,Immedicare Llp,IMM00790,"19,080.00","48,696.00",02/11/2018
TELEMEDICINE,TELEMEDICINE,TELEMEDICINE,334343,Computer Software / License Fees,Immedicare Llp,IMM00790,"25,800.00","48,696.00",02/11/2018
TELEMEDICINE,TELEMEDICINE,TELEMEDICINE,334342,Computer Software / License Fees,Immedicare Llp,IMM00796,"3,816.00","48,696.00",02/11/2018
TELEMEDICINE,TELEMEDICINE,TELEMEDICINE,334342,Computer Software / License Fees,Immedicare Llp,IMM00796,"19,080.00","48,696.00",02/11/2018
TELEMEDICINE,TELEMEDICINE,TELEMEDICINE,334342,Computer Software / License Fees,Immedicare Llp,IMM00796,"25,800.00","48,696.00",02/11/2018
DIAGNOSTIC SERVICES,RADIOLOGY,RADIOLOGY,332110,Contract : Other External,Northern Medical Ultrasound Ltd,INV-0537,"30,474.00","30,474.00",26/11/2018
CENTRAL INCOME,CENTRAL,CENTRAL,334206,Contract : Other External,Agh Solutions Ltd,5400000428,"95,998.57","115,198.28",02/11/2018
BALANCE SHEET,BALANCE SHEET,BALANCE SHEET,339302,Vat Debtor < One Year,Agh Solutions Ltd,5400000428,"19,199.71","115,198.28",02/11/2018
CENTRAL INCOME,CENTRAL,CENTRAL,334206,Contract : Other External,Agh Solutions Ltd,5400000439,"46,784.35","56,141.22",02/11/2018
CENTRAL INCOME,CENTRAL,CENTRAL,334206,Contract : Other External,Agh Solutions Ltd,5400000439,"9,356.87","56,141.22",02/11/2018
CENTRAL INCOME,CENTRAL,CENTRAL,334206,Contract : Other External,Agh Solutions Ltd,5400000526,"1,802,731.60","2,163,277.92",16/11/2018
BALANCE SHEET,BALANCE SHEET,BALANCE SHEET,339302,Vat Debtor < One Year,Agh Solutions Ltd,5400000526,"360,546.32","2,163,277.92",16/11/2018
DIAGNOSTIC SERVICES,PATHOLOGY,PATHOLOGY,332216,Laboratory External Tests,Beckman Coulter Uk Ltd,1419842,"123,009.55","147,611.46",23/11/2018
BALANCE SHEET,BALANCE SHEET,BALANCE SHEET,339301,Vat Debtor < One Year,Beckman Coulter Uk Ltd,1419842,"24,601.91","147,611.46",23/11/2018
DIAGNOSTIC SERVICES,RADIOLOGY,RADIOLOGY,332110,Other Clinical Costs,Northern Medical Ultrasound Ltd,INV-0606,"15,214.00","25,545.00",26/11/2018
DIAGNOSTIC SERVICES,RADIOLOGY,RADIOLOGY,332110,Contract : Other External,Northern Medical Ultrasound Ltd,INV-0606,"10,331.00","25,545.00",26/11/2018
CORPORATE SERVICES,RATES,Council Tax,333212,Rates,City Of Bradford Metropolitan District Council,31000215 18.05.18,"297,293.00","297,293.00",04/12/2018
DIAGNOSTIC SERVICES,RADIOLOGY,RADIOLOGY,332100,X-Ray Equipment : Purchases,Siemens Healthcare Ltd,1051050505,"107,370.19","128,844.23",03/12/2018
BALANCE SHEET,BALANCE SHEET,BALANCE SHEET,339302,Vat Debtor < One Year,Siemens Healthcare Ltd,1051050505,"21,474.04","128,844.23",03/12/2018
DIAGNOSTIC SERVICES,PATHOLOGY,PATHOLOGY,332216,Laboratory External Tests,Beckman Coulter Uk Ltd,1419776,"185,595.05","222,714.06",07/12/2018
BALANCE SHEET,BALANCE SHEET,BALANCE SHEET,339302,Vat Debtor < One Year,Beckman Coulter Uk Ltd,1419776,"37,119.01","222,714.06",07/12/2018
DIAGNOSTIC SERVICES,RADIOLOGY,RADIOLOGY,332110,Other Clinical Costs,Agfa Healthcare Uk Ltd,DEIN/28100012,"38,399.00","46,078.80",03/12/2018
BALANCE SHEET,BALANCE SHEET,BALANCE SHEET,339302,Vat Debtor < One Year,Agfa Healthcare Uk Ltd,DEIN/28100012,"7,679.80","46,078.80",03/12/2018
DIAGNOSTIC SERVICES,RADIOLOGY,RADIOLOGY,332100,X-Ray Equipment : Purchases,Siemens Healthcare Ltd,1051051905,"95,176.75","114,212.10",14/12/2018
BALANCE SHEET,BALANCE SHEET,BALANCE SHEET,339302,Vat Debtor < One Year,Siemens Healthcare Ltd,1051051905,"19,035.35","114,212.10",14/12/2018
BALANCE SHEET,BALANCE SHEET,BALANCE SHEET,339302,Vat Debtor < One Year,Agh Solutions Ltd,5400000421,"2,190.53","286,959.85",10/12/2018
BALANCE SHEET,BALANCE SHEET,BALANCE SHEET,338469,Additions - Non Residential Buildings,Agh Solutions Ltd,5400000421,"273,816.65","286,959.85",10/12/2018
BALANCE SHEET,BALANCE SHEET,BALANCE SHEET,338469,Additions - Non Residential Buildings,Agh Solutions Ltd,5400000421,"10,952.67","286,959.85",10/12/2018
BALANCE SHEET,BALANCE SHEET,BALANCE SHEET,338542,Additions - Non Residential Buildings,Agh Solutions Ltd,5400000422,"51,599.43","54,076.21",10/12/2018
BALANCE SHEET,BALANCE SHEET,BALANCE SHEET,338542,Additions - Non Residential Buildings,Agh Solutions Ltd,5400000422,"2,063.98","54,076.21",10/12/2018
BALANCE SHEET,BALANCE SHEET,BALANCE SHEET,339302,Vat Debtor < One Year,Agh Solutions Ltd,5400000422,412.80,"54,076.21",10/12/2018
INTEGRATED CARE GROUP,MEDICAL MANAGEMENT,MEDICAL MANAGEMENT,330145,Computer Software / License Fees,Dynamic Health Systems Services Ltd,1017,"27,000.00","36,000.00",07/12/2018
INTEGRATED CARE GROUP,MEDICAL MANAGEMENT,MEDICAL MANAGEMENT,330145,Computer Software / License Fees,Dynamic Health Systems Services Ltd,1017,"3,000.00","36,000.00",07/12/2018
INTEGRATED CARE GROUP,MEDICAL MANAGEMENT,MEDICAL MANAGEMENT,330145,Computer Software / License Fees,Dynamic Health Systems Services Ltd,1017,"6,000.00","36,000.00",07/12/2018
SURGICAL SERVICES,ACCESS,ACCESS,330508,Healthcare From Foundation Trusts,Bradford Teaching Hospitals Nhs Foundation Trust,307792,"492,025.00","492,025.00",10/12/2018
DIAGNOSTIC SERVICES,PATHOLOGY,PATHOLOGY,332216,Laboratory External Tests,Beckman Coulter Uk Ltd,1422943,"183,870.99","220,645.19",21/12/2018
BALANCE SHEET,BALANCE SHEET,BALANCE SHEET,339302,Vat Debtor < One Year,Beckman Coulter Uk Ltd,1422943,"36,774.20","220,645.19",21/12/2018
BALANCE SHEET,BALANCE SHEET,BALANCE SHEET,339302,Vat Debtor < One Year,Siemens Healthcare Ltd,1051052611,"13,831.40","82,988.41",14/12/2018
DIAGNOSTIC SERVICES,RADIOLOGY,RADIOLOGY,332100,X-Ray Equipment : Purchases,Siemens Healthcare Ltd,1051052611,"69,157.01","82,988.41",14/12/2018
CENTRAL INCOME,CENTRAL,CENTRAL,334206,Contract : Other External,Agh Solutions Ltd,5400000571,"1,734,591.17","2,081,509.40",14/12/2018
BALANCE SHEET,BALANCE SHEET,BALANCE SHEET,339302,Vat Debtor < One Year,Agh Solutions Ltd,5400000571,"346,918.23","2,081,509.40",14/12/2018
DIAGNOSTIC SERVICES,PATHOLOGY,PATHOLOGY,332216,Laboratory External Tests,Beckman Coulter Uk Ltd,1422942,"118,857.01","142,628.41",21/12/2018
BALANCE SHEET,BALANCE SHEET,BALANCE SHEET,339302,Vat Debtor < One Year,Beckman Coulter Uk Ltd,1422942,"23,771.40","142,628.41",21/12/2018
INTEGRATED CARE GROUP,COMMUNITY SERVICES,ADMINISTRATION,334602,Rent,Nhs Property Services Ltd,00000001/H59147,"84,019.73","84,019.73",21/12/2018
INTEGRATED CARE GROUP,COMMUNITY SERVICES,ADMINISTRATION,334602,Rent,Nhs Property Services Ltd,00000001/H75284,"84,019.73","84,019.73",21/12/2018
CENTRAL INCOME,CENTRAL,CENTRAL,334206,Contract : Other External,Agh Solutions Ltd,5400000070,"1,784,220.00","2,141,064.00",18/01/2019
BALANCE SHEET,BALANCE SHEET,BALANCE SHEET,339302,Vat Debtor < One Year,Agh Solutions Ltd,5400000070,"356,844.00","2,141,064.00",18/01/2019
CORPORATE SERVICES,OPERATIONS,OPERATIONS,334042,Computer Software / License Fees,Insight Direct (Uk) Ltd,4134089,"40,210.00","48,252.00",11/01/2019
BALANCE SHEET,BALANCE SHEET,BALANCE SHEET,339302,Vat Debtor < One Year,Insight Direct (Uk) Ltd,4134089,"8,042.00","48,252.00",11/01/2019
DIAGNOSTIC SERVICES,DIAGNOSTIC SERVICES,PROVIDER PROVIDER,334502,Non Healthcare Services From Foundation Trusts,Bradford District Care Trust,307784,"47,198.28","47,198.28",18/01/2019
INTEGRATED CARE GROUP,PHARMACY,DRUGS,332390,Drugs,Roche Products Ltd,1322060568,"35,271.10","35,271.10",18/01/2019
CENTRAL INCOME,CENTRAL,CENTRAL,334206,Contract : Other External,Agh Solutions Ltd,5400000647,"1,821,576.88","2,185,892.25",18/01/2019
BALANCE SHEET,BALANCE SHEET,BALANCE SHEET,339302,Vat Debtor < One Year,Agh Solutions Ltd,5400000647,"364,315.37","2,185,892.25",18/01/2019
INTEGRATED CARE GROUP,PHARMACY,DRUGS,332390,Drugs,Alexion Pharma Uk Ltd,90717739,"30,240.00","30,240.00",25/01/2019
CENTRAL INCOME,CENTRAL,CENTRAL,334405,External Consultancy Fees,Qe Facilities Ltd,2210000937,"90,000.00","108,000.00",01/02/2019
BALANCE SHEET,BALANCE SHEET,BALANCE SHEET,339302,Vat Debtor < One Year,Qe Facilities Ltd,2210000937,"18,000.00","108,000.00",01/02/2019
CORPORATE SERVICES,MEDICAL TRAINING,MEDICAL TRAINING,334149,External Consultancy Fees,Chks Ltd,6049001374,"60,000.00","77,276.66",20/02/2019
CORPORATE SERVICES,MEDICAL TRAINING,MEDICAL TRAINING,334149,External Consultancy Fees,Chks Ltd,6049001374,"4,397.22","77,276.66",20/02/2019
CORPORATE SERVICES,MEDICAL TRAINING,MEDICAL TRAINING,334149,External Consultancy Fees,Chks Ltd,6049001374,"12,879.44","77,276.66",20/02/2019
DIAGNOSTIC SERVICES,PATHOLOGY,PATHOLOGY,332216,Laboratory External Tests,Integrated Laboratory Solutions LLP,ILS32,"54,886.15","65,863.38",15/02/2019
BALANCE SHEET,BALANCE SHEET,BALANCE SHEET,339302,Vat Debtor < One Year,Integrated Laboratory Solutions LLP,ILS32,"10,977.23","65,863.38",15/02/2019
DIAGNOSTIC SERVICES,PATHOLOGY,PATHOLOGY,332216,Laboratory External Tests,Integrated Laboratory Solutions LLP,ILS33,"42,310.95","50,773.14",15/02/2019
BALANCE SHEET,BALANCE SHEET,BALANCE SHEET,339302,Vat Debtor < One Year,Integrated Laboratory Solutions LLP,ILS33,"8,462.19","50,773.14",15/02/2019
DIAGNOSTIC SERVICES,PATHOLOGY,PATHOLOGY,332216,Laboratory External Tests,Integrated Laboratory Solutions LLP,ILS34,"42,310.95","50,773.14",15/02/2019
BALANCE SHEET,BALANCE SHEET,BALANCE SHEET,339302,Vat Debtor < One Year,Integrated Laboratory Solutions LLP,ILS34,"8,462.19","50,773.14",15/02/2019
BALANCE SHEET,BALANCE SHEET,BALANCE SHEET,338469,Additions - Non Residential Buildings,Agh Solutions Ltd,5400000313,"340,996.73","409,196.07",20/02/2019
BALANCE SHEET,BALANCE SHEET,BALANCE SHEET,339302,Vat Debtor < One Year,Agh Solutions Ltd,5400000313,"68,199.34","409,196.07",20/02/2019
BALANCE SHEET,BALANCE SHEET,BALANCE SHEET,338518,Additions - Plant And Machinery,Agh Solutions Ltd,5400000314,"94,032.17","112,838.60",20/02/2019
BALANCE SHEET,BALANCE SHEET,BALANCE SHEET,339302,Vat Debtor < One Year,Agh Solutions Ltd,5400000314,"18,806.43","112,838.60",20/02/2019
BALANCE SHEET,BALANCE SHEET,BALANCE SHEET,338469,Additions - Furniture And Fittings,Agh Solutions Ltd,5400000320,"25,190.28","32,142.28",20/02/2019
BALANCE SHEET,BALANCE SHEET,BALANCE SHEET,338469,Additions - Non Residential Buildings,Agh Solutions Ltd,5400000320,"1,594.95","32,142.28",20/02/2019
BALANCE SHEET,BALANCE SHEET,BALANCE SHEET,339302,Vat Debtor < One Year,Agh Solutions Ltd,5400000320,"5,357.05","32,142.28",20/02/2019
BALANCE SHEET,BALANCE SHEET,BALANCE SHEET,338469,Additions - Non Residential Buildings,Agh Solutions Ltd,5400000516,"284,769.32","341,723.17",22/02/2019
BALANCE SHEET,BALANCE SHEET,BALANCE SHEET,339302,Vat Debtor < One Year,Agh Solutions Ltd,5400000516,"56,953.85","341,723.17",22/02/2019
BALANCE SHEET,BALANCE SHEET,BALANCE SHEET,338542,Additions - Non Residential Buildings,Agh Solutions Ltd,5400000517,"53,663.41","64,396.10",22/02/2019
BALANCE SHEET,BALANCE SHEET,BALANCE SHEET,339302,Vat Debtor < One Year,Agh Solutions Ltd,5400000517,"10,732.69","64,396.10",22/02/2019
BALANCE SHEET,BALANCE SHEET,BALANCE SHEET,338542,Additions - Non Residential Buildings,Agh Solutions Ltd,5400000527,"59,483.91","71,380.69",22/02/2019
BALANCE SHEET,BALANCE SHEET,BALANCE SHEET,339302,Vat Debtor < One Year,Agh Solutions Ltd,5400000527,"11,896.78","71,380.69",22/02/2019
BALANCE SHEET,BALANCE SHEET,BALANCE SHEET,338533,Additions - Non Residential Buildings,Agh Solutions Ltd,5400000529,"28,035.09","34,728.12",22/02/2019
BALANCE SHEET,BALANCE SHEET,BALANCE SHEET,338533,Additions - Information Technology,Agh Solutions Ltd,5400000529,905.00,"34,728.12",22/02/2019
BALANCE SHEET,BALANCE SHEET,BALANCE SHEET,339302,Vat Debtor < One Year,Agh Solutions Ltd,5400000529,"5,788.03","34,728.12",22/02/2019
BALANCE SHEET,BALANCE SHEET,BALANCE SHEET,338533,Additions - Information Technology,Agh Solutions Ltd,5400000425,"40,889.76","49,067.72",22/02/2019
BALANCE SHEET,BALANCE SHEET,BALANCE SHEET,339302,Vat Debtor < One Year,Agh Solutions Ltd,5400000425,"8,177.96","49,067.72",22/02/2019
BALANCE SHEET,BALANCE SHEET,BALANCE SHEET,338533,Additions - Non Residential Buildings,Agh Solutions Ltd,5400000653,"32,147.63","38,577.16",22/02/2019
BALANCE SHEET,BALANCE SHEET,BALANCE SHEET,339302,Vat Debtor < One Year,Agh Solutions Ltd,5400000653,"6,429.53","38,577.16",22/02/2019
BALANCE SHEET,BALANCE SHEET,BALANCE SHEET,338546,Additions - Plant And Machinery,Agh Solutions Ltd,5400000656,"43,210.96","51,853.15",22/02/2019
BALANCE SHEET,BALANCE SHEET,BALANCE SHEET,339302,Vat Debtor < One Year,Agh Solutions Ltd,5400000656,"8,642.19","51,853.15",22/02/2019
BALANCE SHEET,BALANCE SHEET,BALANCE SHEET,338543,Additions - Non Residential Buildings,Agh Solutions Ltd,5400000657,"156,431.94","187,718.33",22/02/2019
BALANCE SHEET,BALANCE SHEET,BALANCE SHEET,339302,Vat Debtor < One Year,Agh Solutions Ltd,5400000657,"31,286.39","187,718.33",22/02/2019
BALANCE SHEET,BALANCE SHEET,BALANCE SHEET,338542,Additions - Non Residential Buildings,Agh Solutions Ltd,5400000659,"29,097.08","34,916.49",22/02/2019
BALANCE SHEET,BALANCE SHEET,BALANCE SHEET,339302,Vat Debtor < One Year,Agh Solutions Ltd,5400000659,"5,819.41","34,916.49",22/02/2019
DIAGNOSTIC SERVICES,PATHOLOGY,PATHOLOGY,332216,Laboratory External Tests,Beckman Coulter Uk Ltd,1426158,"167,199.66","200,639.59",15/02/2019
BALANCE SHEET,BALANCE SHEET,BALANCE SHEET,339302,Vat Debtor < One Year,Beckman Coulter Uk Ltd,1426158,"33,439.93","200,639.59",15/02/2019
BALANCE SHEET,BALANCE SHEET,BALANCE SHEET,338531,Additions - Information Technology,Xma Ltd,KO57864,"35,685.65","46,413.28",05/02/2019
BALANCE SHEET,BALANCE SHEET,BALANCE SHEET,338531,Additions - Information Technology,Xma Ltd,KO57864,"2,992.08","46,413.28",05/02/2019
BALANCE SHEET,BALANCE SHEET,BALANCE SHEET,338531,Additions - Information Technology,Xma Ltd,KO57864,"7,735.55","46,413.28",05/02/2019
INTEGRATED CARE GROUP,MEDICAL MANAGEMENT,MEDICAL MANAGEMENT,330003,Agency Nursing,Hb Retinue Ltd,ANHST3088,"32,326.44","38,791.72",11/02/2019
BALANCE SHEET,BALANCE SHEET,BALANCE SHEET,339302,Vat Debtor < One Year,Hb Retinue Ltd,ANHST3088,"6,465.28","38,791.72",11/02/2019
BALANCE SHEET,BALANCE SHEET,BALANCE SHEET,339302,Vat Debtor < One Year,Hb Retinue Ltd,ANHST3084,"4,738.89","28,433.41",11/02/2019
INTEGRATED CARE GROUP,MEDICAL MANAGEMENT,MEDICAL MANAGEMENT,330003,Agency Nursing,Hb Retinue Ltd,ANHST3084,"23,694.52","28,433.41",11/02/2019
DIAGNOSTIC SERVICES,PATHOLOGY,PATHOLOGY,332216,Laboratory External Tests,Integrated Laboratory Solutions LLP,ILS18,"126,165.48","151,398.57",15/02/2019
BALANCE SHEET,BALANCE SHEET,BALANCE SHEET,339302,Vat Debtor < One Year,Integrated Laboratory Solutions LLP,ILS18,"25,233.09","151,398.57",15/02/2019
DIAGNOSTIC SERVICES,PATHOLOGY,PATHOLOGY,332216,Laboratory External Tests,Integrated Laboratory Solutions LLP,ILS22,"48,110.86","57,733.03",15/02/2019
BALANCE SHEET,BALANCE SHEET,BALANCE SHEET,339302,Vat Debtor < One Year,Integrated Laboratory Solutions LLP,ILS22,"9,622.17","57,733.03",15/02/2019
DIAGNOSTIC SERVICES,PATHOLOGY,PATHOLOGY,332216,Laboratory External Tests,Integrated Laboratory Solutions LLP,ILS23,"57,696.26","69,235.51",15/02/2019
BALANCE SHEET,BALANCE SHEET,BALANCE SHEET,339302,Vat Debtor < One Year,Integrated Laboratory Solutions LLP,ILS23,"11,539.25","69,235.51",15/02/2019
DIAGNOSTIC SERVICES,PATHOLOGY,PATHOLOGY,332216,Laboratory External Tests,Integrated Laboratory Solutions LLP,ILS24,"49,868.48","59,842.18",15/02/2019
BALANCE SHEET,BALANCE SHEET,BALANCE SHEET,339302,Vat Debtor < One Year,Integrated Laboratory Solutions LLP,ILS24,"9,973.70","59,842.18",15/02/2019
DIAGNOSTIC SERVICES,PATHOLOGY,PATHOLOGY,332216,Laboratory External Tests,Integrated Laboratory Solutions LLP,ILS26,"267,551.36","321,061.63",15/02/2019
BALANCE SHEET,BALANCE SHEET,BALANCE SHEET,339302,Vat Debtor < One Year,Integrated Laboratory Solutions LLP,ILS26,"53,510.27","321,061.63",15/02/2019
DIAGNOSTIC SERVICES,PATHOLOGY,PATHOLOGY,332216,Laboratory External Tests,Integrated Laboratory Solutions LLP,ILS28,"126,932.85","152,319.42",15/02/2019
BALANCE SHEET,BALANCE SHEET,BALANCE SHEET,339302,Vat Debtor < One Year,Integrated Laboratory Solutions LLP,ILS28,"25,386.57","152,319.42",15/02/2019
BALANCE SHEET,BALANCE SHEET,BALANCE SHEET,338544,Additions - Non Residential Buildings,Agh Solutions Ltd,5400000594,"72,757.77","87,309.33",20/02/2019
BALANCE SHEET,BALANCE SHEET,BALANCE SHEET,339302,Vat Debtor < One Year,Agh Solutions Ltd,5400000594,"14,551.56","87,309.33",20/02/2019
BALANCE SHEET,BALANCE SHEET,BALANCE SHEET,338537,Additions - Non Residential Buildings,Agh Solutions Ltd,5400000595,"58,750.43","70,500.52",20/02/2019
BALANCE SHEET,BALANCE SHEET,BALANCE SHEET,339302,Vat Debtor < One Year,Agh Solutions Ltd,5400000595,"11,750.09","70,500.52",20/02/2019
BALANCE SHEET,BALANCE SHEET,BALANCE SHEET,338542,Additions - Non Residential Buildings,Agh Solutions Ltd,5400000596,"34,764.00","41,716.79",20/02/2019
BALANCE SHEET,BALANCE SHEET,BALANCE SHEET,339302,Vat Debtor < One Year,Agh Solutions Ltd,5400000596,"6,952.79","41,716.79",20/02/2019
BALANCE SHEET,BALANCE SHEET,BALANCE SHEET,338469,Additions - Non Residential Buildings,Agh Solutions Ltd,5400000649,"24,382.98","29,259.57",22/02/2019
BALANCE SHEET,BALANCE SHEET,BALANCE SHEET,339302,Vat Debtor < One Year,Agh Solutions Ltd,5400000649,"4,876.59","29,259.57",22/02/2019
BALANCE SHEET,BALANCE SHEET,BALANCE SHEET,338535,Additions - Plant And Machinery,Agh Solutions Ltd,5400000709,"78,095.27","93,714.32",22/02/2019
BALANCE SHEET,BALANCE SHEET,BALANCE SHEET,339302,Vat Debtor < One Year,Agh Solutions Ltd,5400000709,"15,619.05","93,714.32",22/02/2019
BALANCE SHEET,BALANCE SHEET,BALANCE SHEET,338543,Additions - Non Residential Buildings,Agh Solutions Ltd,5400000707,"119,065.78","142,878.94",22/02/2019
BALANCE SHEET,BALANCE SHEET,BALANCE SHEET,339302,Vat Debtor < One Year,Agh Solutions Ltd,5400000707,"23,813.16","142,878.94",22/02/2019
BALANCE SHEET,BALANCE SHEET,BALANCE SHEET,338538,Additions - Assets Under Construction,Agh Solutions Ltd,5400000702,"79,060.30","94,872.36",22/02/2019
BALANCE SHEET,BALANCE SHEET,BALANCE SHEET,339302,Vat Debtor < One Year,Agh Solutions Ltd,5400000702,"15,812.06","94,872.36",22/02/2019
DIAGNOSTIC SERVICES,DIAGNOSTIC SERVICES,PROVIDER PROVIDER,334502,Non Healthcare Services From Foundation Trusts,Bradford Teaching Hospitals Nhs Foundation Trust,307784/,"47,198.28","47,198.28",22/02/2019
CENTRAL INCOME,CENTRAL,CENTRAL,334206,Contract : Other External,Agh Solutions Ltd,5400000525,"95,998.57","115,198.28",12/03/2019
BALANCE SHEET,BALANCE SHEET,BALANCE SHEET,339302,Vat Debtor < One Year,Agh Solutions Ltd,5400000525,"19,199.71","115,198.28",12/03/2019
CENTRAL INCOME,CENTRAL,CENTRAL,334206,Contract : Other External,Agh Solutions Ltd,5400000528,"56,141.22","56,141.22",12/03/2019
CENTRAL INCOME,CENTRAL,CENTRAL,334206,Contract : Other External,Agh Solutions Ltd,5400000567,"95,998.57","115,198.28",16/03/2019
BALANCE SHEET,BALANCE SHEET,BALANCE SHEET,339302,Vat Debtor < One Year,Agh Solutions Ltd,5400000567,"19,199.71","115,198.28",16/03/2019
CENTRAL INCOME,CENTRAL,CENTRAL,334206,Contract : Other External,Agh Solutions Ltd,5400000572,"56,141.22","56,141.22",16/03/2019
CENTRAL INCOME,CENTRAL,CENTRAL,334206,Contract : Other External,Agh Solutions Ltd,5400000633,"56,141.22","56,141.22",12/03/2019
CENTRAL INCOME,CENTRAL,CENTRAL,334206,Contract : Other External,Agh Solutions Ltd,5400000637,"95,998.57","115,198.28",12/03/2019
BALANCE SHEET,BALANCE SHEET,BALANCE SHEET,339302,Vat Debtor < One Year,Agh Solutions Ltd,5400000637,"19,199.71","115,198.28",12/03/2019
CENTRAL INCOME,CENTRAL,CENTRAL,334206,Contract : Other External,Agh Solutions Ltd,5400000678,"1,954,641.61","2,345,569.94",15/03/2019
BALANCE SHEET,BALANCE SHEET,BALANCE SHEET,339302,Vat Debtor < One Year,Agh Solutions Ltd,5400000678,"390,928.33","2,345,569.94",15/03/2019
BALANCE SHEET,BALANCE SHEET,BALANCE SHEET,338544,Additions - Non Residential Buildings,Agh Solutions Ltd,5400000780,"57,797.11","69,356.53",15/03/2019
BALANCE SHEET,BALANCE SHEET,BALANCE SHEET,339302,Vat Debtor < One Year,Agh Solutions Ltd,5400000780,"11,559.42","69,356.53",15/03/2019
BALANCE SHEET,BALANCE SHEET,BALANCE SHEET,339366,Trade Debtors < One Year,Agh Solutions Ltd,5400000441,"59,745.60","59,745.60",15/03/2019
CENTRAL INCOME,CENTRAL,CENTRAL,334206,Contract : Other External,Agh Solutions Ltd,5400000775,"1,772,008.41","2,126,410.11",22/03/2019
BALANCE SHEET,BALANCE SHEET,BALANCE SHEET,339302,Vat Debtor < One Year,Agh Solutions Ltd,5400000775,"354,401.70","2,126,410.11",22/03/2019
CENTRAL INCOME,CENTRAL,CENTRAL,334206,Contract : Other External,Agh Solutions Ltd,5400000679,"95,998.57","115,198.28",22/03/2019
BALANCE SHEET,BALANCE SHEET,BALANCE SHEET,339302,Vat Debtor < One Year,Agh Solutions Ltd,5400000679,"19,199.71","115,198.28",22/03/2019
CENTRAL INCOME,CENTRAL,CENTRAL,334206,Contract : Other External,Agh Solutions Ltd,5400000680,"56,141.22","56,141.22",22/03/2019
DIAGNOSTIC SERVICES,PATHOLOGY,PATHOLOGY,332216,Laboratory External Tests,Beckman Coulter Uk Ltd,1429578,"114,044.56","136,853.47",22/03/2019
BALANCE SHEET,BALANCE SHEET,BALANCE SHEET,339302,Vat Debtor < One Year,Beckman Coulter Uk Ltd,1429578,"22,808.91","136,853.47",22/03/2019
DIAGNOSTIC SERVICES,PATHOLOGY,PATHOLOGY,332216,Laboratory External Tests,Beckman Coulter Uk Ltd,1429633,"179,057.64","214,869.17",22/03/2019
BALANCE SHEET,BALANCE SHEET,BALANCE SHEET,339302,Vat Debtor < One Year,Beckman Coulter Uk Ltd,1429633,"35,811.53","214,869.17",22/03/2019
DIAGNOSTIC SERVICES,PATHOLOGY,PATHOLOGY,332216,Laboratory External Tests,Beckman Coulter Uk Ltd,1430603,"177,727.29","213,272.75",22/03/2019
BALANCE SHEET,BALANCE SHEET,BALANCE SHEET,339302,Vat Debtor < One Year,Beckman Coulter Uk Ltd,1430603,"35,545.46","213,272.75",22/03/2019
DIAGNOSTIC SERVICES,PATHOLOGY,PATHOLOGY,332216,Laboratory External Tests,Beckman Coulter Uk Ltd,1426168,"113,075.56","135,690.67",22/03/2019
BALANCE SHEET,BALANCE SHEET,BALANCE SHEET,339302,Vat Debtor < One Year,Beckman Coulter Uk Ltd,1426168,"22,615.11","135,690.67",22/03/2019
CORPORATE SERVICES,FINANCE,INFORMATION MANAGEMENT & TECHNOLOGY,334199,External Consultancy Fees,Bradford Teaching Hospitals Nhs Foundation Trust,303576,"30,000.00","30,000.00",11/03/2019
DIAGNOSTIC SERVICES,DIAGNOSTIC SERVICES,PROVIDER PROVIDER,334502,Non Healthcare Services From Foundation Trusts,Bradford Teaching Hospitals Nhs Foundation Trust,301278,"53,542.76","53,542.76",11/03/2019
DIAGNOSTIC SERVICES,PATHOLOGY,PATHOLOGY,332216,Laboratory External Tests,Integrated Laboratory Solutions LLP,ILS43,"32,150.63","38,580.76",08/03/2019
BALANCE SHEET,BALANCE SHEET,BALANCE SHEET,339302,Vat Debtor < One Year,Integrated Laboratory Solutions LLP,ILS43,"6,430.13","38,580.76",08/03/2019
DIAGNOSTIC SERVICES,PATHOLOGY,PATHOLOGY,332216,Laboratory External Tests,Integrated Laboratory Solutions LLP,ILS42,"42,310.95","50,773.14",08/03/2019
BALANCE SHEET,BALANCE SHEET,BALANCE SHEET,339302,Vat Debtor < One Year,Integrated Laboratory Solutions LLP,ILS42,"8,462.19","50,773.14",08/03/2019
DIAGNOSTIC SERVICES,PATHOLOGY,PATHOLOGY,332216,Laboratory External Tests,Integrated Laboratory Solutions LLP,ILS41,"42,310.95","50,773.14",08/03/2019
BALANCE SHEET,BALANCE SHEET,BALANCE SHEET,339302,Vat Debtor < One Year,Integrated Laboratory Solutions LLP,ILS41,"8,462.19","50,773.14",08/03/2019
DIAGNOSTIC SERVICES,PATHOLOGY,PATHOLOGY,332216,Laboratory External Tests,Integrated Laboratory Solutions LLP,ILS40,"42,310.95","50,773.14",08/03/2019
BALANCE SHEET,BALANCE SHEET,BALANCE SHEET,339302,Vat Debtor < One Year,Integrated Laboratory Solutions LLP,ILS40,"8,462.19","50,773.14",08/03/2019
DIAGNOSTIC SERVICES,PATHOLOGY,PATHOLOGY,332216,Laboratory External Tests,Integrated Laboratory Solutions LLP,ILS39,"67,449.95","80,939.94",08/03/2019
BALANCE SHEET,BALANCE SHEET,BALANCE SHEET,339302,Vat Debtor < One Year,Integrated Laboratory Solutions LLP,ILS39,"13,489.99","80,939.94",08/03/2019
DIAGNOSTIC SERVICES,PATHOLOGY,PATHOLOGY,332216,Laboratory External Tests,Integrated Laboratory Solutions LLP,ILS38,"47,555.50","57,066.60",08/03/2019
BALANCE SHEET,BALANCE SHEET,BALANCE SHEET,339302,Vat Debtor < One Year,Integrated Laboratory Solutions LLP,ILS38,"9,511.10","57,066.60",08/03/2019
BALANCE SHEET,BALANCE SHEET,BALANCE SHEET,339801,Utilisation - Early Retirement Provision - Staff,Nhs Business Services Authority,2000000615,"31,162.40","31,162.40",08/03/2019
BALANCE SHEET,BALANCE SHEET,BALANCE SHEET,339801,Utilisation - Early Retirement Provision - Staff,Nhs Business Services Authority,2000000820,"31,421.70","31,421.70",08/03/2019
BALANCE SHEET,BALANCE SHEET,BALANCE SHEET,339801,Utilisation - Early Retirement Provision - Staff,Nhs Business Services Authority,2000001031,"31,421.70","31,421.70",08/03/2019
DIAGNOSTIC SERVICES,RADIOLOGY,RADIOLOGY,332100,Med Surg Eqpt Repairs,Siemens Healthcare Ltd,1051055009,"132,585.60","159,102.72",01/03/2019
BALANCE SHEET,BALANCE SHEET,BALANCE SHEET,339302,Vat Debtor < One Year,Siemens Healthcare Ltd,1051055009,"26,517.12","159,102.72",01/03/2019
DIAGNOSTIC SERVICES,RADIOLOGY,RADIOLOGY,332100,X-Ray Equipment : Purchases,Siemens Healthcare Ltd,1051056107,"102,691.15","123,229.38",01/03/2019
BALANCE SHEET,BALANCE SHEET,BALANCE SHEET,339302,Vat Debtor < One Year,Siemens Healthcare Ltd,1051056107,"20,538.23","123,229.38",01/03/2019
CORPORATE SERVICES,FINANCE,INFORMATION MANAGEMENT & TECHNOLOGY,334166,Computer Network Costs,Virgin Media Payments Ltd,908168-121,"44,215.67","44,215.67",25/03/2019

