AP Invoice Report Over25k,,,,,,,,,
,,,,,,,,,
Accounting Period Name,SEP 2018,,,,,,,,
,,,,,,, - , , 
Division,Directorate,Department,Cost Centre,Subjective Code Description,Supplier,Invoice Number,Invoice Distribution Amount,Invoice Amount,Payment  Date
CORPORATE SERVICES,FINANCE,INFORMATION MANAGEMENT & TECHNOLOGY,334171,Computer Software / License Fees,Sunquest Information Systems (Europe) Ltd,37511,"22,536.20","135,217.20",07/09/2018
CORPORATE SERVICES,FINANCE,INFORMATION MANAGEMENT & TECHNOLOGY,334171,Computer Software / License Fees,Sunquest Information Systems (Europe) Ltd,37511,"112,681.00","135,217.20",07/09/2018
INTEGRATED CARE GROUP,PHARMACY,DRUGS,332390,Drugs,Roche Products Ltd,1322034047,"27,360.91","27,360.91",03/09/2018
INTEGRATED CARE GROUP,PHARMACY,DRUGS,332390,Drugs,Healthcare At Home Ltd,OP/7419487,"25,354.08","25,354.08",26/09/2018
BRADFORD PATHOLOGY JV,BRADFORD PATHOLOGY JV,BRADFORD PATHOLOGY JOINT VENTURE,332239,Laboratory Reagents,Beckman Coulter Uk Ltd,1413380,"89,987.73","147,115.33",12/09/2018
DIAGNOSTIC SERVICES,PATHOLOGY,PATHOLOGY,332216,Laboratory External Tests,Beckman Coulter Uk Ltd,1413380,"32,608.38","147,115.33",12/09/2018
BALANCE SHEET,BALANCE SHEET,BALANCE SHEET,339302,Vat Debtor < One Year,Beckman Coulter Uk Ltd,1413380,"24,519.22","147,115.33",12/09/2018
BALANCE SHEET,BALANCE SHEET,BALANCE SHEET,339302,Vat Debtor < One Year,Beckman Coulter Uk Ltd,1413365,"33,091.47","198,548.81",12/09/2018
DIAGNOSTIC SERVICES,PATHOLOGY,PATHOLOGY,332216,Laboratory External Tests,Beckman Coulter Uk Ltd,1413365,"165,457.34","198,548.81",12/09/2018
CENTRAL INCOME,CENTRAL,CENTRAL,334206,Contract : Other External,Agh Solutions Ltd,5400000373,"1,784,220.00","2,141,064.00",19/09/2018
BALANCE SHEET,BALANCE SHEET,BALANCE SHEET,339302,Vat Debtor < One Year,Agh Solutions Ltd,5400000373,"356,844.00","2,141,064.00",19/09/2018
,,,,,,,,,
,,,,,,,,,
,,,,,,,,,
,,,,,,,,,
,,,,,,,,,
,,,,,,,,,
,,,,,,,,,
,,,,,,,,,
,,,,,,,,,
,,,,,,,,,
,,,,,,,,,
,,,,,,,,,
,,,,,,,,,
,,,,,,,,,
,,,,,,,,,
,,,,,,,,,
,,,,,,,,,
