AP Invoice Report Over25k,,,,,,,,,
,,,,,,,,,
Accounting Period Name,Feb-2019,,,,,,,,
,,,,,,, - , , 
Division,Directorate,Department,Cost Centre,Subjective Code Description,Supplier,Invoice Number,Invoice Distribution Amount,Invoice Amount,Payment  Date
CENTRAL INCOME,CENTRAL,CENTRAL,334405,External Consultancy Fees,Qe Facilities Ltd,2210000937,"90,000.00","108,000.00",01/02/2019
BALANCE SHEET,BALANCE SHEET,BALANCE SHEET,339302,Vat Debtor < One Year,Qe Facilities Ltd,2210000937,"18,000.00","108,000.00",01/02/2019
CORPORATE SERVICES,MEDICAL TRAINING,MEDICAL TRAINING,334149,External Consultancy Fees,Chks Ltd,6049001374,"60,000.00","77,276.66",20/02/2019
CORPORATE SERVICES,MEDICAL TRAINING,MEDICAL TRAINING,334149,External Consultancy Fees,Chks Ltd,6049001374,"4,397.22","77,276.66",20/02/2019
CORPORATE SERVICES,MEDICAL TRAINING,MEDICAL TRAINING,334149,External Consultancy Fees,Chks Ltd,6049001374,"12,879.44","77,276.66",20/02/2019
DIAGNOSTIC SERVICES,PATHOLOGY,PATHOLOGY,332216,Laboratory External Tests,Integrated Laboratory Solutions LLP,ILS32,"54,886.15","65,863.38",15/02/2019
BALANCE SHEET,BALANCE SHEET,BALANCE SHEET,339302,Vat Debtor < One Year,Integrated Laboratory Solutions LLP,ILS32,"10,977.23","65,863.38",15/02/2019
DIAGNOSTIC SERVICES,PATHOLOGY,PATHOLOGY,332216,Laboratory External Tests,Integrated Laboratory Solutions LLP,ILS33,"42,310.95","50,773.14",15/02/2019
BALANCE SHEET,BALANCE SHEET,BALANCE SHEET,339302,Vat Debtor < One Year,Integrated Laboratory Solutions LLP,ILS33,"8,462.19","50,773.14",15/02/2019
DIAGNOSTIC SERVICES,PATHOLOGY,PATHOLOGY,332216,Laboratory External Tests,Integrated Laboratory Solutions LLP,ILS34,"42,310.95","50,773.14",15/02/2019
BALANCE SHEET,BALANCE SHEET,BALANCE SHEET,339302,Vat Debtor < One Year,Integrated Laboratory Solutions LLP,ILS34,"8,462.19","50,773.14",15/02/2019
BALANCE SHEET,BALANCE SHEET,BALANCE SHEET,338469,Additions - Non Residential Buildings,Agh Solutions Ltd,5400000313,"340,996.73","409,196.07",20/02/2019
BALANCE SHEET,BALANCE SHEET,BALANCE SHEET,339302,Vat Debtor < One Year,Agh Solutions Ltd,5400000313,"68,199.34","409,196.07",20/02/2019
BALANCE SHEET,BALANCE SHEET,BALANCE SHEET,338518,Additions - Plant And Machinery,Agh Solutions Ltd,5400000314,"94,032.17","112,838.60",20/02/2019
BALANCE SHEET,BALANCE SHEET,BALANCE SHEET,339302,Vat Debtor < One Year,Agh Solutions Ltd,5400000314,"18,806.43","112,838.60",20/02/2019
BALANCE SHEET,BALANCE SHEET,BALANCE SHEET,338469,Additions - Furniture And Fittings,Agh Solutions Ltd,5400000320,"25,190.28","32,142.28",20/02/2019
BALANCE SHEET,BALANCE SHEET,BALANCE SHEET,338469,Additions - Non Residential Buildings,Agh Solutions Ltd,5400000320,"1,594.95","32,142.28",20/02/2019
BALANCE SHEET,BALANCE SHEET,BALANCE SHEET,339302,Vat Debtor < One Year,Agh Solutions Ltd,5400000320,"5,357.05","32,142.28",20/02/2019
BALANCE SHEET,BALANCE SHEET,BALANCE SHEET,338469,Additions - Non Residential Buildings,Agh Solutions Ltd,5400000516,"284,769.32","341,723.17",22/02/2019
BALANCE SHEET,BALANCE SHEET,BALANCE SHEET,339302,Vat Debtor < One Year,Agh Solutions Ltd,5400000516,"56,953.85","341,723.17",22/02/2019
BALANCE SHEET,BALANCE SHEET,BALANCE SHEET,338542,Additions - Non Residential Buildings,Agh Solutions Ltd,5400000517,"53,663.41","64,396.10",22/02/2019
BALANCE SHEET,BALANCE SHEET,BALANCE SHEET,339302,Vat Debtor < One Year,Agh Solutions Ltd,5400000517,"10,732.69","64,396.10",22/02/2019
BALANCE SHEET,BALANCE SHEET,BALANCE SHEET,338542,Additions - Non Residential Buildings,Agh Solutions Ltd,5400000527,"59,483.91","71,380.69",22/02/2019
BALANCE SHEET,BALANCE SHEET,BALANCE SHEET,339302,Vat Debtor < One Year,Agh Solutions Ltd,5400000527,"11,896.78","71,380.69",22/02/2019
BALANCE SHEET,BALANCE SHEET,BALANCE SHEET,338533,Additions - Non Residential Buildings,Agh Solutions Ltd,5400000529,"28,035.09","34,728.12",22/02/2019
BALANCE SHEET,BALANCE SHEET,BALANCE SHEET,338533,Additions - Information Technology,Agh Solutions Ltd,5400000529,905.00,"34,728.12",22/02/2019
BALANCE SHEET,BALANCE SHEET,BALANCE SHEET,339302,Vat Debtor < One Year,Agh Solutions Ltd,5400000529,"5,788.03","34,728.12",22/02/2019
BALANCE SHEET,BALANCE SHEET,BALANCE SHEET,338533,Additions - Information Technology,Agh Solutions Ltd,5400000425,"40,889.76","49,067.72",22/02/2019
BALANCE SHEET,BALANCE SHEET,BALANCE SHEET,339302,Vat Debtor < One Year,Agh Solutions Ltd,5400000425,"8,177.96","49,067.72",22/02/2019
BALANCE SHEET,BALANCE SHEET,BALANCE SHEET,338533,Additions - Non Residential Buildings,Agh Solutions Ltd,5400000653,"32,147.63","38,577.16",22/02/2019
BALANCE SHEET,BALANCE SHEET,BALANCE SHEET,339302,Vat Debtor < One Year,Agh Solutions Ltd,5400000653,"6,429.53","38,577.16",22/02/2019
BALANCE SHEET,BALANCE SHEET,BALANCE SHEET,338546,Additions - Plant And Machinery,Agh Solutions Ltd,5400000656,"43,210.96","51,853.15",22/02/2019
BALANCE SHEET,BALANCE SHEET,BALANCE SHEET,339302,Vat Debtor < One Year,Agh Solutions Ltd,5400000656,"8,642.19","51,853.15",22/02/2019
BALANCE SHEET,BALANCE SHEET,BALANCE SHEET,338543,Additions - Non Residential Buildings,Agh Solutions Ltd,5400000657,"156,431.94","187,718.33",22/02/2019
BALANCE SHEET,BALANCE SHEET,BALANCE SHEET,339302,Vat Debtor < One Year,Agh Solutions Ltd,5400000657,"31,286.39","187,718.33",22/02/2019
BALANCE SHEET,BALANCE SHEET,BALANCE SHEET,338542,Additions - Non Residential Buildings,Agh Solutions Ltd,5400000659,"29,097.08","34,916.49",22/02/2019
BALANCE SHEET,BALANCE SHEET,BALANCE SHEET,339302,Vat Debtor < One Year,Agh Solutions Ltd,5400000659,"5,819.41","34,916.49",22/02/2019
DIAGNOSTIC SERVICES,PATHOLOGY,PATHOLOGY,332216,Laboratory External Tests,Beckman Coulter Uk Ltd,1426158,"167,199.66","200,639.59",15/02/2019
BALANCE SHEET,BALANCE SHEET,BALANCE SHEET,339302,Vat Debtor < One Year,Beckman Coulter Uk Ltd,1426158,"33,439.93","200,639.59",15/02/2019
BALANCE SHEET,BALANCE SHEET,BALANCE SHEET,338531,Additions - Information Technology,Xma Ltd,KO57864,"35,685.65","46,413.28",05/02/2019
BALANCE SHEET,BALANCE SHEET,BALANCE SHEET,338531,Additions - Information Technology,Xma Ltd,KO57864,"2,992.08","46,413.28",05/02/2019
BALANCE SHEET,BALANCE SHEET,BALANCE SHEET,338531,Additions - Information Technology,Xma Ltd,KO57864,"7,735.55","46,413.28",05/02/2019
INTEGRATED CARE GROUP,MEDICAL MANAGEMENT,MEDICAL MANAGEMENT,330003,Agency Nursing,Hb Retinue Ltd,ANHST3088,"32,326.44","38,791.72",11/02/2019
BALANCE SHEET,BALANCE SHEET,BALANCE SHEET,339302,Vat Debtor < One Year,Hb Retinue Ltd,ANHST3088,"6,465.28","38,791.72",11/02/2019
BALANCE SHEET,BALANCE SHEET,BALANCE SHEET,339302,Vat Debtor < One Year,Hb Retinue Ltd,ANHST3084,"4,738.89","28,433.41",11/02/2019
INTEGRATED CARE GROUP,MEDICAL MANAGEMENT,MEDICAL MANAGEMENT,330003,Agency Nursing,Hb Retinue Ltd,ANHST3084,"23,694.52","28,433.41",11/02/2019
DIAGNOSTIC SERVICES,PATHOLOGY,PATHOLOGY,332216,Laboratory External Tests,Integrated Laboratory Solutions LLP,ILS18,"126,165.48","151,398.57",15/02/2019
BALANCE SHEET,BALANCE SHEET,BALANCE SHEET,339302,Vat Debtor < One Year,Integrated Laboratory Solutions LLP,ILS18,"25,233.09","151,398.57",15/02/2019
DIAGNOSTIC SERVICES,PATHOLOGY,PATHOLOGY,332216,Laboratory External Tests,Integrated Laboratory Solutions LLP,ILS22,"48,110.86","57,733.03",15/02/2019
BALANCE SHEET,BALANCE SHEET,BALANCE SHEET,339302,Vat Debtor < One Year,Integrated Laboratory Solutions LLP,ILS22,"9,622.17","57,733.03",15/02/2019
DIAGNOSTIC SERVICES,PATHOLOGY,PATHOLOGY,332216,Laboratory External Tests,Integrated Laboratory Solutions LLP,ILS23,"57,696.26","69,235.51",15/02/2019
BALANCE SHEET,BALANCE SHEET,BALANCE SHEET,339302,Vat Debtor < One Year,Integrated Laboratory Solutions LLP,ILS23,"11,539.25","69,235.51",15/02/2019
DIAGNOSTIC SERVICES,PATHOLOGY,PATHOLOGY,332216,Laboratory External Tests,Integrated Laboratory Solutions LLP,ILS24,"49,868.48","59,842.18",15/02/2019
BALANCE SHEET,BALANCE SHEET,BALANCE SHEET,339302,Vat Debtor < One Year,Integrated Laboratory Solutions LLP,ILS24,"9,973.70","59,842.18",15/02/2019
DIAGNOSTIC SERVICES,PATHOLOGY,PATHOLOGY,332216,Laboratory External Tests,Integrated Laboratory Solutions LLP,ILS26,"267,551.36","321,061.63",15/02/2019
BALANCE SHEET,BALANCE SHEET,BALANCE SHEET,339302,Vat Debtor < One Year,Integrated Laboratory Solutions LLP,ILS26,"53,510.27","321,061.63",15/02/2019
DIAGNOSTIC SERVICES,PATHOLOGY,PATHOLOGY,332216,Laboratory External Tests,Integrated Laboratory Solutions LLP,ILS28,"126,932.85","152,319.42",15/02/2019
BALANCE SHEET,BALANCE SHEET,BALANCE SHEET,339302,Vat Debtor < One Year,Integrated Laboratory Solutions LLP,ILS28,"25,386.57","152,319.42",15/02/2019
BALANCE SHEET,BALANCE SHEET,BALANCE SHEET,338544,Additions - Non Residential Buildings,Agh Solutions Ltd,5400000594,"72,757.77","87,309.33",20/02/2019
BALANCE SHEET,BALANCE SHEET,BALANCE SHEET,339302,Vat Debtor < One Year,Agh Solutions Ltd,5400000594,"14,551.56","87,309.33",20/02/2019
BALANCE SHEET,BALANCE SHEET,BALANCE SHEET,338537,Additions - Non Residential Buildings,Agh Solutions Ltd,5400000595,"58,750.43","70,500.52",20/02/2019
BALANCE SHEET,BALANCE SHEET,BALANCE SHEET,339302,Vat Debtor < One Year,Agh Solutions Ltd,5400000595,"11,750.09","70,500.52",20/02/2019
BALANCE SHEET,BALANCE SHEET,BALANCE SHEET,338542,Additions - Non Residential Buildings,Agh Solutions Ltd,5400000596,"34,764.00","41,716.79",20/02/2019
BALANCE SHEET,BALANCE SHEET,BALANCE SHEET,339302,Vat Debtor < One Year,Agh Solutions Ltd,5400000596,"6,952.79","41,716.79",20/02/2019
BALANCE SHEET,BALANCE SHEET,BALANCE SHEET,338469,Additions - Non Residential Buildings,Agh Solutions Ltd,5400000649,"24,382.98","29,259.57",22/02/2019
BALANCE SHEET,BALANCE SHEET,BALANCE SHEET,339302,Vat Debtor < One Year,Agh Solutions Ltd,5400000649,"4,876.59","29,259.57",22/02/2019
BALANCE SHEET,BALANCE SHEET,BALANCE SHEET,338535,Additions - Plant And Machinery,Agh Solutions Ltd,5400000709,"78,095.27","93,714.32",22/02/2019
BALANCE SHEET,BALANCE SHEET,BALANCE SHEET,339302,Vat Debtor < One Year,Agh Solutions Ltd,5400000709,"15,619.05","93,714.32",22/02/2019
BALANCE SHEET,BALANCE SHEET,BALANCE SHEET,338543,Additions - Non Residential Buildings,Agh Solutions Ltd,5400000707,"119,065.78","142,878.94",22/02/2019
BALANCE SHEET,BALANCE SHEET,BALANCE SHEET,339302,Vat Debtor < One Year,Agh Solutions Ltd,5400000707,"23,813.16","142,878.94",22/02/2019
BALANCE SHEET,BALANCE SHEET,BALANCE SHEET,338538,Additions - Assets Under Construction,Agh Solutions Ltd,5400000702,"79,060.30","94,872.36",22/02/2019
BALANCE SHEET,BALANCE SHEET,BALANCE SHEET,339302,Vat Debtor < One Year,Agh Solutions Ltd,5400000702,"15,812.06","94,872.36",22/02/2019
DIAGNOSTIC SERVICES,DIAGNOSTIC SERVICES,PROVIDER PROVIDER,334502,Non Healthcare Services From Foundation Trusts,Bradford Teaching Hospitals Nhs Foundation Trust,307784/,"47,198.28","47,198.28",22/02/2019
,,,,,,,,,
,,,,,,,,,
,,,,,,,,,
,,,,,,,,,
,,,,,,,,,
,,,,,,,,,
,,,,,,,,,
,,,,,,,,,
,,,,,,,,,
,,,,,,,,,
,,,,,,,,,
,,,,,,,,,
,,,,,,,,,
,,,,,,,,,
,,,,,,,,,
,,,,,,,,,
,,,,,,,,,
,,,,,,,,,
,,,,,,,,,
,,,,,,,,,
,,,,,,,,,
,,,,,,,,,
,,,,,,,,,
,,,,,,,,,
,,,,,,,,,
,,,,,,,,,
,,,,,,,,,
,,,,,,,,,
,,,,,,,,,
,,,,,,,,,
,,,,,,,,,
,,,,,,,,,
,,,,,,,,,
,,,,,,,,,
,,,,,,,,,
,,,,,,,,,
,,,,,,,,,
,,,,,,,,,
,,,,,,,,,
,,,,,,,,,
,,,,,,,,,
,,,,,,,,,
,,,,,,,,,
,,,,,,,,,
,,,,,,,,,
,,,,,,,,,
,,,,,,,,,
,,,,,,,,,
,,,,,,,,,
,,,,,,,,,
,,,,,,,,,
,,,,,,,,,
,,,,,,,,,
,,,,,,,,,
,,,,,,,,,
,,,,,,,,,
,,,,,,,,,
,,,,,,,,,
,,,,,,,,,
,,,,,,,,,
,,,,,,,,,
,,,,,,,,,
,,,,,,,,,
,,,,,,,,,
,,,,,,,,,
,,,,,,,,,
,,,,,,,,,
,,,,,,,,,
,,,,,,,,,
,,,,,,,,,
,,,,,,,,,
,,,,,,,,,
,,,,,,,,,
,,,,,,,,,
,,,,,,,,,
,,,,,,,,,
,,,,,,,,,
,,,,,,,,,
,,,,,,,,,
,,,,,,,,,
,,,,,,,,,
,,,,,,,,,
,,,,,,,,,
