AP Invoice Report Over25k,,,,,,,,,
,,,,,,,,,
Accounting Period Name,Mar-19,,,,,,,,
,,,,,,,, , 
Division,Directorate,Department,Cost Centre,Subjective Code Description,Supplier,Invoice Number,Invoice Distribution Amount,Invoice Amount,Payment  Date
CENTRAL INCOME,CENTRAL,CENTRAL,334206,Contract : Other External,Agh Solutions Ltd,5400000525,"95,998.57","115,198.28",12/03/2019
BALANCE SHEET,BALANCE SHEET,BALANCE SHEET,339302,Vat Debtor < One Year,Agh Solutions Ltd,5400000525,"19,199.71","115,198.28",12/03/2019
CENTRAL INCOME,CENTRAL,CENTRAL,334206,Contract : Other External,Agh Solutions Ltd,5400000528,"56,141.22","56,141.22",12/03/2019
CENTRAL INCOME,CENTRAL,CENTRAL,334206,Contract : Other External,Agh Solutions Ltd,5400000567,"95,998.57","115,198.28",16/03/2019
BALANCE SHEET,BALANCE SHEET,BALANCE SHEET,339302,Vat Debtor < One Year,Agh Solutions Ltd,5400000567,"19,199.71","115,198.28",16/03/2019
CENTRAL INCOME,CENTRAL,CENTRAL,334206,Contract : Other External,Agh Solutions Ltd,5400000572,"56,141.22","56,141.22",16/03/2019
CENTRAL INCOME,CENTRAL,CENTRAL,334206,Contract : Other External,Agh Solutions Ltd,5400000633,"56,141.22","56,141.22",12/03/2019
CENTRAL INCOME,CENTRAL,CENTRAL,334206,Contract : Other External,Agh Solutions Ltd,5400000637,"95,998.57","115,198.28",12/03/2019
BALANCE SHEET,BALANCE SHEET,BALANCE SHEET,339302,Vat Debtor < One Year,Agh Solutions Ltd,5400000637,"19,199.71","115,198.28",12/03/2019
CENTRAL INCOME,CENTRAL,CENTRAL,334206,Contract : Other External,Agh Solutions Ltd,5400000678,"1,954,641.61","2,345,569.94",15/03/2019
BALANCE SHEET,BALANCE SHEET,BALANCE SHEET,339302,Vat Debtor < One Year,Agh Solutions Ltd,5400000678,"390,928.33","2,345,569.94",15/03/2019
BALANCE SHEET,BALANCE SHEET,BALANCE SHEET,338544,Additions - Non Residential Buildings,Agh Solutions Ltd,5400000780,"57,797.11","69,356.53",15/03/2019
BALANCE SHEET,BALANCE SHEET,BALANCE SHEET,339302,Vat Debtor < One Year,Agh Solutions Ltd,5400000780,"11,559.42","69,356.53",15/03/2019
BALANCE SHEET,BALANCE SHEET,BALANCE SHEET,339366,Trade Debtors < One Year,Agh Solutions Ltd,5400000441,"59,745.60","59,745.60",15/03/2019
CENTRAL INCOME,CENTRAL,CENTRAL,334206,Contract : Other External,Agh Solutions Ltd,5400000775,"1,772,008.41","2,126,410.11",22/03/2019
BALANCE SHEET,BALANCE SHEET,BALANCE SHEET,339302,Vat Debtor < One Year,Agh Solutions Ltd,5400000775,"354,401.70","2,126,410.11",22/03/2019
CENTRAL INCOME,CENTRAL,CENTRAL,334206,Contract : Other External,Agh Solutions Ltd,5400000679,"95,998.57","115,198.28",22/03/2019
BALANCE SHEET,BALANCE SHEET,BALANCE SHEET,339302,Vat Debtor < One Year,Agh Solutions Ltd,5400000679,"19,199.71","115,198.28",22/03/2019
CENTRAL INCOME,CENTRAL,CENTRAL,334206,Contract : Other External,Agh Solutions Ltd,5400000680,"56,141.22","56,141.22",22/03/2019
DIAGNOSTIC SERVICES,PATHOLOGY,PATHOLOGY,332216,Laboratory External Tests,Beckman Coulter Uk Ltd,1429578,"114,044.56","136,853.47",22/03/2019
BALANCE SHEET,BALANCE SHEET,BALANCE SHEET,339302,Vat Debtor < One Year,Beckman Coulter Uk Ltd,1429578,"22,808.91","136,853.47",22/03/2019
DIAGNOSTIC SERVICES,PATHOLOGY,PATHOLOGY,332216,Laboratory External Tests,Beckman Coulter Uk Ltd,1429633,"179,057.64","214,869.17",22/03/2019
BALANCE SHEET,BALANCE SHEET,BALANCE SHEET,339302,Vat Debtor < One Year,Beckman Coulter Uk Ltd,1429633,"35,811.53","214,869.17",22/03/2019
DIAGNOSTIC SERVICES,PATHOLOGY,PATHOLOGY,332216,Laboratory External Tests,Beckman Coulter Uk Ltd,1430603,"177,727.29","213,272.75",22/03/2019
BALANCE SHEET,BALANCE SHEET,BALANCE SHEET,339302,Vat Debtor < One Year,Beckman Coulter Uk Ltd,1430603,"35,545.46","213,272.75",22/03/2019
DIAGNOSTIC SERVICES,PATHOLOGY,PATHOLOGY,332216,Laboratory External Tests,Beckman Coulter Uk Ltd,1426168,"113,075.56","135,690.67",22/03/2019
BALANCE SHEET,BALANCE SHEET,BALANCE SHEET,339302,Vat Debtor < One Year,Beckman Coulter Uk Ltd,1426168,"22,615.11","135,690.67",22/03/2019
CORPORATE SERVICES,FINANCE,INFORMATION MANAGEMENT & TECHNOLOGY,334199,External Consultancy Fees,Bradford Teaching Hospitals Nhs Foundation Trust,303576,"30,000.00","30,000.00",11/03/2019
DIAGNOSTIC SERVICES,DIAGNOSTIC SERVICES,PROVIDER PROVIDER,334502,Non Healthcare Services From Foundation Trusts,Bradford Teaching Hospitals Nhs Foundation Trust,301278,"53,542.76","53,542.76",11/03/2019
DIAGNOSTIC SERVICES,PATHOLOGY,PATHOLOGY,332216,Laboratory External Tests,Integrated Laboratory Solutions LLP,ILS43,"32,150.63","38,580.76",08/03/2019
BALANCE SHEET,BALANCE SHEET,BALANCE SHEET,339302,Vat Debtor < One Year,Integrated Laboratory Solutions LLP,ILS43,"6,430.13","38,580.76",08/03/2019
DIAGNOSTIC SERVICES,PATHOLOGY,PATHOLOGY,332216,Laboratory External Tests,Integrated Laboratory Solutions LLP,ILS42,"42,310.95","50,773.14",08/03/2019
BALANCE SHEET,BALANCE SHEET,BALANCE SHEET,339302,Vat Debtor < One Year,Integrated Laboratory Solutions LLP,ILS42,"8,462.19","50,773.14",08/03/2019
DIAGNOSTIC SERVICES,PATHOLOGY,PATHOLOGY,332216,Laboratory External Tests,Integrated Laboratory Solutions LLP,ILS41,"42,310.95","50,773.14",08/03/2019
BALANCE SHEET,BALANCE SHEET,BALANCE SHEET,339302,Vat Debtor < One Year,Integrated Laboratory Solutions LLP,ILS41,"8,462.19","50,773.14",08/03/2019
DIAGNOSTIC SERVICES,PATHOLOGY,PATHOLOGY,332216,Laboratory External Tests,Integrated Laboratory Solutions LLP,ILS40,"42,310.95","50,773.14",08/03/2019
BALANCE SHEET,BALANCE SHEET,BALANCE SHEET,339302,Vat Debtor < One Year,Integrated Laboratory Solutions LLP,ILS40,"8,462.19","50,773.14",08/03/2019
DIAGNOSTIC SERVICES,PATHOLOGY,PATHOLOGY,332216,Laboratory External Tests,Integrated Laboratory Solutions LLP,ILS39,"67,449.95","80,939.94",08/03/2019
BALANCE SHEET,BALANCE SHEET,BALANCE SHEET,339302,Vat Debtor < One Year,Integrated Laboratory Solutions LLP,ILS39,"13,489.99","80,939.94",08/03/2019
DIAGNOSTIC SERVICES,PATHOLOGY,PATHOLOGY,332216,Laboratory External Tests,Integrated Laboratory Solutions LLP,ILS38,"47,555.50","57,066.60",08/03/2019
BALANCE SHEET,BALANCE SHEET,BALANCE SHEET,339302,Vat Debtor < One Year,Integrated Laboratory Solutions LLP,ILS38,"9,511.10","57,066.60",08/03/2019
BALANCE SHEET,BALANCE SHEET,BALANCE SHEET,339801,Utilisation - Early Retirement Provision - Staff,Nhs Business Services Authority,2000000615,"31,162.40","31,162.40",08/03/2019
BALANCE SHEET,BALANCE SHEET,BALANCE SHEET,339801,Utilisation - Early Retirement Provision - Staff,Nhs Business Services Authority,2000000820,"31,421.70","31,421.70",08/03/2019
BALANCE SHEET,BALANCE SHEET,BALANCE SHEET,339801,Utilisation - Early Retirement Provision - Staff,Nhs Business Services Authority,2000001031,"31,421.70","31,421.70",08/03/2019
DIAGNOSTIC SERVICES,RADIOLOGY,RADIOLOGY,332100,Med Surg Eqpt Repairs,Siemens Healthcare Ltd,1051055009,"132,585.60","159,102.72",01/03/2019
BALANCE SHEET,BALANCE SHEET,BALANCE SHEET,339302,Vat Debtor < One Year,Siemens Healthcare Ltd,1051055009,"26,517.12","159,102.72",01/03/2019
DIAGNOSTIC SERVICES,RADIOLOGY,RADIOLOGY,332100,X-Ray Equipment : Purchases,Siemens Healthcare Ltd,1051056107,"102,691.15","123,229.38",01/03/2019
BALANCE SHEET,BALANCE SHEET,BALANCE SHEET,339302,Vat Debtor < One Year,Siemens Healthcare Ltd,1051056107,"20,538.23","123,229.38",01/03/2019
CORPORATE SERVICES,FINANCE,INFORMATION MANAGEMENT & TECHNOLOGY,334166,Computer Network Costs,Virgin Media Payments Ltd,908168-121,"44,215.67","44,215.67",25/03/2019
