NHS North Durham CCG - Invoices over �25k - October 2018,,,,,,,
Department family,Entity,Date,Expense Type,Expense area,Supplier,Transaction number,AP Amount �
Department of Health,NHS North Durham CCG,10/31/2018,Hcare Srv Rec Fdtn Trust-Contract Baseline,ACUTE COMMISSIONING,CITY HOSPITALS SUNDERLAND FOUNDATION NHS TRUST,24308795,1384460.00
Department of Health,NHS North Durham CCG,10/31/2018,Hcare Srv Rec Fdtn Trust-Contract Baseline,ACUTE COMMISSIONING,COUNTY DURHAM AND DARLINGTON NHS FOUNDATION TRUST,24407849,9646199.00
Department of Health,NHS North Durham CCG,10/31/2018,Hcare Srv Rec Fdtn Trust-Contract Baseline,ACUTE COMMISSIONING,GATESHEAD HEALTH NHS FOUNDATION TRUST,24268878,530235.00
Department of Health,NHS North Durham CCG,10/31/2018,Hcare Srv Rec Fdtn Trust-Contract Baseline,ACUTE COMMISSIONING,GATESHEAD HEALTH NHS FOUNDATION TRUST,24421972,530235.00
Department of Health,NHS North Durham CCG,10/31/2018,Hcare Srv Rec Fdtn Trust-Contract Baseline,ACUTE COMMISSIONING,NEWCASTLE UPON TYNE HOSPITALS NHS FOUNDATION TRUST,24202596,1320655.50
Department of Health,NHS North Durham CCG,10/31/2018,Hcare Srv Rec Fdtn Trust-Contract Baseline,ACUTE COMMISSIONING,NORTH TEES & HARTLEPOOL NHS FOUNDATION TRUST,24421979,43373.00
Department of Health,NHS North Durham CCG,10/31/2018,Hcare Srv Rec Fdtn Trust-Contract Baseline,ACUTE COMMISSIONING,NORTHUMBRIA HEALTHCARE NHS FOUNDATION TRUST,24157258,83527.25
Department of Health,NHS North Durham CCG,10/31/2018,Hcare Srv Rec Fdtn Trust-Contract Baseline,ACUTE COMMISSIONING,SOUTH TEES HOSPITALS NHS FOUNDATION TRUST,24125033,113650.00
Department of Health,NHS North Durham CCG,10/31/2018,Hcare Srv Rec Fdtn Trust-Contract Baseline,ACUTE COMMISSIONING,SOUTH TEES HOSPITALS NHS FOUNDATION TRUST,24524248,113650.00
Department of Health,NHS North Durham CCG,10/31/2018,Hcare Srv Rec Fdtn Trust-Contract Baseline,AMBULANCE SERVICES,NORTH EAST AMBULANCE SERVICES NHS TRUST,24269988,830621.00
Department of Health,NHS North Durham CCG,10/31/2018,Hcare Srv Rec Fdtn Trust-Contract Baseline,COMMUNITY SERVICES,COUNTY DURHAM AND DARLINGTON NHS FOUNDATION TRUST,24407848,2648217.00
Department of Health,NHS North Durham CCG,10/31/2018,Hcare Srv Rec Fdtn Trust-Contract Baseline,COMMUNITY SERVICES,NORTH TEES & HARTLEPOOL NHS FOUNDATION TRUST,24421978,77892.00
Department of Health,NHS North Durham CCG,10/31/2018,Hcare Srv Rec Fdtn Trust-Contract Baseline,IMPROVING ACCESS TO PSYCHOLOGICAL THERAPIES,TEES ESK & WEAR VALLEYS NHS FOUNDATION TRUST,24139481,118171.78
Department of Health,NHS North Durham CCG,10/31/2018,Hcare Srv Rec Fdtn Trust-Contract Baseline,MENTAL HEALTH CONTRACTS,NORTHUMBERLAND TYNE AND WEAR NHS FOUNDATION TRUST,23698758,-49574.00
Department of Health,NHS North Durham CCG,10/31/2018,Hcare Srv Rec Fdtn Trust-Contract Baseline,MENTAL HEALTH CONTRACTS,NORTHUMBERLAND TYNE AND WEAR NHS FOUNDATION TRUST,24421977,127400.00
Department of Health,NHS North Durham CCG,10/31/2018,Hcare Srv Rec Fdtn Trust-Contract Baseline,MENTAL HEALTH CONTRACTS,TEES ESK & WEAR VALLEYS NHS FOUNDATION TRUST,24139477,3070940.46
Department of Health,NHS North Durham CCG,10/31/2018,Hcare Srv Rec Fdtn Trust-Contract Baseline,NHS 111,NORTH EAST AMBULANCE SERVICES NHS TRUST,24268880,64144.42
Department of Health,NHS North Durham CCG,10/31/2018,Clinical&Medical-Independent Sector,ACUTE COMMISSIONING,SPIRE HEALTHCARE LTD,24125034,355842.00
Department of Health,NHS North Durham CCG,10/31/2018,Clinical&Medical-Independent Sector,ACUTE COMMISSIONING,TYNESIDE SURGICAL SERVICES LTD,24255482,41789.00
Department of Health,NHS North Durham CCG,10/31/2018,Clinical&Medical-Independent Sector,COMMISSIONING SCHEMES,CLAYPATH & UNIVERSITY MEDICAL GROUP,24162025,37750.71
Department of Health,NHS North Durham CCG,10/31/2018,Clinical&Medical-Independent Sector,COMMISSIONING SCHEMES,DERWENTSIDE HEALTHCARE LTD,24202598,59803.81
Department of Health,NHS North Durham CCG,10/31/2018,Clinical&Medical-Independent Sector,COMMISSIONING SCHEMES,DERWENTSIDE HEALTHCARE LTD,24263518,105000.00
Department of Health,NHS North Durham CCG,10/31/2018,Clinical&Medical-Independent Sector,COMMISSIONING SCHEMES,DERWENTSIDE HEALTHCARE LTD,24520420,79574.00
Department of Health,NHS North Durham CCG,10/31/2018,Clinical&Medical-Independent Sector,COMMISSIONING SCHEMES,MEDICAL GROUP,24162207,27975.08
Department of Health,NHS North Durham CCG,10/31/2018,Clinical&Medical-Independent Sector,COMMUNITY SERVICES,INTRAHEALTH LTD,24253877,63027.50
Department of Health,NHS North Durham CCG,10/31/2018,Clinical&Medical-Independent Sector,COMMUNITY SERVICES,LYDON PHARMACY GROUP LTD,24091451,34510.00
Department of Health,NHS North Durham CCG,10/31/2018,Clinical&Medical-Independent Sector,MENTAL HEALTH SERVICES - SPECIALIST SERVICES,ELYSIUM HEALTHCARE LTD,24153746,37815.35
Department of Health,NHS North Durham CCG,10/31/2018,Clinical&Medical-Independent Sector,NON RECURRENT PROGRAMMES,CHESTER LE STREET HEALTH LTD,24398286,26584.00
Department of Health,NHS North Durham CCG,10/31/2018,Clinical&Medical-Independent Sector,Mental Health Services - S117 Mental Health,ESSENTIAL CARE & SUPPORT LTD,24448178,54699.45
Department of Health,NHS North Durham CCG,10/31/2018,Recharge : Provided,NON RECURRENT PROGRAMMES,GATESHEAD HEALTH NHS FOUNDATION TRUST,24102113,50000.00
Department of Health,NHS North Durham CCG,10/31/2018,Recharge : Provided,NON RECURRENT PROGRAMMES,GATESHEAD HEALTH NHS FOUNDATION TRUST,24102120,61648.00
Department of Health,NHS North Durham CCG,10/31/2018,Clinical&Medical-Voluntary Sector,HOSPICES,MARIE CURIE,24140572,32500.00
Department of Health,NHS North Durham CCG,10/31/2018,Clinical&Medical-Voluntary Sector,HOSPICES,ST CUTHBERTS HOSPICE,24139876,175108.47
Department of Health,NHS North Durham CCG,10/31/2018,C&M-GMS/PMS,LOCAL ENHANCED SERVICES,BELMONT & SHERBURN MEDICAL GROUP,24345987,22987.63
Department of Health,NHS North Durham CCG,10/31/2018,C&M-GMS/PMS,LOCAL ENHANCED SERVICES,HAVEN SURGERY,24346000,33399.66
Department of Health,NHS North Durham CCG,10/31/2018,C&M-GMS/PMS,LOCAL ENHANCED SERVICES,LEVICK JF,24346004,-32948.86
Department of Health,NHS North Durham CCG,10/31/2018,C&M-GMS/PMS,LOCAL ENHANCED SERVICES,LEVICK JF,24346005,59443.38
Department of Health,NHS North Durham CCG,10/31/2018,C&M-GMS/PMS,LOCAL ENHANCED SERVICES,MEDICAL GROUP,24346008,48464.42
Department of Health,NHS North Durham CCG,10/31/2018,C&M-GMS/PMS,LOCAL ENHANCED SERVICES,WEST RAINTON SURGERY,24346019,30287.76
Department of Health,NHS North Durham CCG,10/31/2018,C&M-GMS/PMS,PRC DELEGATED CO-COMMISSIONING,ASTLEY & LEVICK,24216674,61059.12
Department of Health,NHS North Durham CCG,10/31/2018,C&M-GMS/PMS,PRC DELEGATED CO-COMMISSIONING,BELMONT & SHERBURN MEDICAL GROUP,24216673,70183.55
Department of Health,NHS North Durham CCG,10/31/2018,C&M-GMS/PMS,PRC DELEGATED CO-COMMISSIONING,BELMONT & SHERBURN MEDICAL GROUP,24345987,2267.78
Department of Health,NHS North Durham CCG,10/31/2018,C&M-GMS/PMS,PRC DELEGATED CO-COMMISSIONING,BIDWELL & DAVIDSON,24216676,51291.27
Department of Health,NHS North Durham CCG,10/31/2018,C&M-GMS/PMS,PRC DELEGATED CO-COMMISSIONING,BOWBURN MEDICAL CENTRE,24216725,37639.12
Department of Health,NHS North Durham CCG,10/31/2018,C&M-GMS/PMS,PRC DELEGATED CO-COMMISSIONING,CEDARS MEDICAL GROUP,24216684,62853.55
Department of Health,NHS North Durham CCG,10/31/2018,C&M-GMS/PMS,PRC DELEGATED CO-COMMISSIONING,CESTRIA HEALTH CENTRE,24216685,-27009.76
Department of Health,NHS North Durham CCG,10/31/2018,C&M-GMS/PMS,PRC DELEGATED CO-COMMISSIONING,CESTRIA HEALTH CENTRE,24216686,164948.42
Department of Health,NHS North Durham CCG,10/31/2018,C&M-GMS/PMS,PRC DELEGATED CO-COMMISSIONING,CHASTLETON MEDICAL GROUP,24216678,112235.01
Department of Health,NHS North Durham CCG,10/31/2018,C&M-GMS/PMS,PRC DELEGATED CO-COMMISSIONING,CHEVELEY PARK MEDICAL CENTRE,24216682,41948.83
Department of Health,NHS North Durham CCG,10/31/2018,C&M-GMS/PMS,PRC DELEGATED CO-COMMISSIONING,CLAYPATH & UNIVERSITY MEDICAL GROUP,24216679,-27461.31
Department of Health,NHS North Durham CCG,10/31/2018,C&M-GMS/PMS,PRC DELEGATED CO-COMMISSIONING,CLAYPATH & UNIVERSITY MEDICAL GROUP,24216680,199789.01
Department of Health,NHS North Durham CCG,10/31/2018,C&M-GMS/PMS,PRC DELEGATED CO-COMMISSIONING,CONSETT MEDICAL CENTRE,24238071,209878.38
Department of Health,NHS North Durham CCG,10/31/2018,C&M-GMS/PMS,PRC DELEGATED CO-COMMISSIONING,DHUNY RA,24216689,29627.82
Department of Health,NHS North Durham CCG,10/31/2018,C&M-GMS/PMS,PRC DELEGATED CO-COMMISSIONING,DUNELM MEDICAL PRACTICE,24216691,124044.41
Department of Health,NHS North Durham CCG,10/31/2018,C&M-GMS/PMS,PRC DELEGATED CO-COMMISSIONING,GOLLINGS & PARTNERS,24219928,92169.63
Department of Health,NHS North Durham CCG,10/31/2018,C&M-GMS/PMS,PRC DELEGATED CO-COMMISSIONING,GREAT LUMLEY SURGERY,24216693,48912.15
Department of Health,NHS North Durham CCG,10/31/2018,C&M-GMS/PMS,PRC DELEGATED CO-COMMISSIONING,HAVEN SURGERY,24346000,7365.21
Department of Health,NHS North Durham CCG,10/31/2018,C&M-GMS/PMS,PRC DELEGATED CO-COMMISSIONING,LAMBERT & PARTNER,24216699,55750.46
Department of Health,NHS North Durham CCG,10/31/2018,C&M-GMS/PMS,PRC DELEGATED CO-COMMISSIONING,LE DUNE P,24216697,47371.66
Department of Health,NHS North Durham CCG,10/31/2018,C&M-GMS/PMS,PRC DELEGATED CO-COMMISSIONING,LEVICK JF,24216703,97673.96
Department of Health,NHS North Durham CCG,10/31/2018,C&M-GMS/PMS,PRC DELEGATED CO-COMMISSIONING,LEVICK JF,24346004,-1610.40
Department of Health,NHS North Durham CCG,10/31/2018,C&M-GMS/PMS,PRC DELEGATED CO-COMMISSIONING,LEVICK JF,24346005,15739.33
Department of Health,NHS North Durham CCG,10/31/2018,C&M-GMS/PMS,PRC DELEGATED CO-COMMISSIONING,LILLY & PARTNERS,24216705,83860.91
Department of Health,NHS North Durham CCG,10/31/2018,C&M-GMS/PMS,PRC DELEGATED CO-COMMISSIONING,MEDICAL GROUP,24216706,-35360.39
Department of Health,NHS North Durham CCG,10/31/2018,C&M-GMS/PMS,PRC DELEGATED CO-COMMISSIONING,MEDICAL GROUP,24216707,258036.84
Department of Health,NHS North Durham CCG,10/31/2018,C&M-GMS/PMS,PRC DELEGATED CO-COMMISSIONING,MEDICAL GROUP,24346008,4237.25
Department of Health,NHS North Durham CCG,10/31/2018,C&M-GMS/PMS,PRC DELEGATED CO-COMMISSIONING,NAGI SS,24216709,31129.92
Department of Health,NHS North Durham CCG,10/31/2018,C&M-GMS/PMS,PRC DELEGATED CO-COMMISSIONING,NHS ENGLAND,24316176,31718.66
Department of Health,NHS North Durham CCG,10/31/2018,C&M-GMS/PMS,PRC DELEGATED CO-COMMISSIONING,SACRISTON SURGERY,24216713,104776.96
Department of Health,NHS North Durham CCG,10/31/2018,C&M-GMS/PMS,PRC DELEGATED CO-COMMISSIONING,STANLEY MEDICAL GROUP,24216717,117973.38
Department of Health,NHS North Durham CCG,10/31/2018,C&M-GMS/PMS,PRC DELEGATED CO-COMMISSIONING,STUART & PARTNERS,24216715,140622.31
Department of Health,NHS North Durham CCG,10/31/2018,C&M-GMS/PMS,PRC DELEGATED CO-COMMISSIONING,TANFIELD VIEW SURGERY,24216719,120297.44
Department of Health,NHS North Durham CCG,10/31/2018,C&M-GMS/PMS,PRC DELEGATED CO-COMMISSIONING,TYSON & PARTNERS,24216720,87266.81
Department of Health,NHS North Durham CCG,10/31/2018,C&M-GMS/PMS,PRC DELEGATED CO-COMMISSIONING,WEST RAINTON SURGERY,24216722,62713.32
Department of Health,NHS North Durham CCG,10/31/2018,C&M-GMS/PMS,PRC DELEGATED CO-COMMISSIONING,WEST RAINTON SURGERY,24346019,7668.52
Department of Health,NHS North Durham CCG,10/31/2018,C&M-GMS/PMS,PRC DELEGATED CO-COMMISSIONING,WOODS & PARTNERS,24216724,68288.85
Department of Health,NHS North Durham CCG,10/31/2018,Clinical&Medical-Serv Recd-Oth NHS,NON RECURRENT PROGRAMMES,NHS NORTH CUMBRIA CCG,24221066,30130.00
Department of Health,NHS North Durham CCG,10/31/2018,Income tax <1Yr,BALANCE SHEET,HMRC,24273988,35113.60
Department of Health,NHS North Durham CCG,10/31/2018,Income tax <1Yr-Student Loans,BALANCE SHEET,HMRC,24273988,308.00
Department of Health,NHS North Durham CCG,10/31/2018,National Insurance < 1 yr-NI- ERS,BALANCE SHEET,HMRC,24273988,21409.67
Department of Health,NHS North Durham CCG,10/31/2018,National Insurance < 1 yr-NI-EES,BALANCE SHEET,HMRC,24273988,14410.57
Department of Health,NHS North Durham CCG,10/31/2018,Statutory Mat Pay < 1 yr,BALANCE SHEET,HMRC,24273988,-267.14
Department of Health,NHS North Durham CCG,10/31/2018,Voids and Subsidies,RECHARGES NHS PROPERTY SERVICES LTD,NHS PROPERTY SERVICES LTD,24280389,65942.05
Department of Health,NHS North Durham CCG,10/31/2018,Voids and Subsidies,RECHARGES NHS PROPERTY SERVICES LTD,NHS PROPERTY SERVICES LTD,24280440,48606.82
Department of Health,NHS North Durham CCG,10/31/2018,Charges from CSU,CONTINUING HEALTHCARE ASSESSMENT & SUPPORT,NHS NORTH OF ENGLAND CSU,24285317,32583.00
Department of Health,NHS North Durham CCG,10/31/2018,Charges from CSU,NON RECURRENT PROGRAMMES,NHS NORTH OF ENGLAND CSU,24285317,6487.00
Department of Health,NHS North Durham CCG,10/31/2018,Charges from CSU,PRIMARY CARE IT,NHS NORTH OF ENGLAND CSU,24285317,54084.00
Department of Health,NHS North Durham CCG,10/31/2018,Charges from CSU,CORPORATE COSTS & SERVICES,NHS NORTH OF ENGLAND CSU,24285317,230083.00
Department of Health,NHS North Durham CCG,10/31/2018,Charges from CSU,LEARNING DIFFICULTIES,NHS NORTH OF ENGLAND CSU,24285317,4442.00
Department of Health,NHS North Durham CCG,10/31/2018,Clinical&Medical-Othe Public Sector,CHILD AND ADOLESCENT MENTAL HEALTH,DURHAM COUNTY COUNCIL,24326092,8633.66
Department of Health,NHS North Durham CCG,10/31/2018,Clinical&Medical-Othe Public Sector,COMMUNITY SERVICES,DURHAM COUNTY COUNCIL,24326092,84165.37
Department of Health,NHS North Durham CCG,10/31/2018,Clinical&Medical-Othe Public Sector,MENTAL HEALTH CONTRACTS,DURHAM COUNTY COUNCIL,24326092,23886.07
Department of Health,NHS North Durham CCG,10/31/2018,Clinical&Medical-Othe Public Sector,REABLEMENT,DURHAM COUNTY COUNCIL,24326098,1534571.00
Department of Health,NHS North Durham CCG,10/31/2018,Clinical&Medical-Othe Public Sector,SAFEGUARDING,DURHAM COUNTY COUNCIL,24326092,4866.33
Department of Health,NHS North Durham CCG,10/31/2018,Clinical&Medical-Othe Public Sector,CARERS,DURHAM COUNTY COUNCIL,24326092,33802.98
Department of Health,NHS North Durham CCG,10/31/2018,Clinical&Medical-Othe Public Sector,Winter Resilience,DURHAM COUNTY COUNCIL,24326092,5704.25
Department of Health,NHS North Durham CCG,10/31/2018,Cont Care- Adult Joint Funded,CHC ADULT JOINT FUNDED,DURHAM COUNTY COUNCIL,24326092,223170.71
Department of Health,NHS North Durham CCG,10/31/2018,Cont Care- Children,CHC CHILDREN,DURHAM COUNTY COUNCIL,24326092,49412.81
Department of Health,NHS North Durham CCG,10/31/2018,Cont Care-Funded Nursing Care Allow,FUNDED NURSING CARE,DURHAM COUNTY COUNCIL,24326092,158949.16
Department of Health,NHS North Durham CCG,10/31/2018,Continuing Care- Equipment,ADULT JOINT FUNDED CONTINUING CARE,DURHAM COUNTY COUNCIL,24326092,1363.66
Department of Health,NHS North Durham CCG,10/31/2018,Basic Sal-Internal Recharge-Pay,MEDICINES MANAGEMENT - CLINICAL,"NHS DURHAM DALES, EASINGTON AND SEDGEFIELD CCG",24398170,20617.71
Department of Health,NHS North Durham CCG,10/31/2018,E'ers NHI-Internal Recharge-Pay,MEDICINES MANAGEMENT - CLINICAL,"NHS DURHAM DALES, EASINGTON AND SEDGEFIELD CCG",24398170,2270.22
Department of Health,NHS North Durham CCG,10/31/2018,E'ers Pen-Internal Recharge-Pay,MEDICINES MANAGEMENT - CLINICAL,"NHS DURHAM DALES, EASINGTON AND SEDGEFIELD CCG",24398170,2040.48
Department of Health,NHS North Durham CCG,10/31/2018,Oth Travel Costs-Car Mileage,MEDICINES MANAGEMENT - CLINICAL,"NHS DURHAM DALES, EASINGTON AND SEDGEFIELD CCG",24398170,233.51
Department of Health,NHS North Durham CCG,10/31/2018,Hcare Srv Rec NHS CCG-Non Contract,NON RECURRENT PROGRAMMES,NHS NEWCASTLE GATESHEAD CCG,24419022,25000.00
Department of Health,NHS North Durham CCG,10/31/2018,Prescribing,CENTRAL DRUGS,NUTRICIA LTD,24474822,46627.58
