NHS North Durham CCG - Invoices over �25k - September 2018,,,,,,,
Department family,Entity,Date,Expense Type,Expense area,Supplier,Transaction number,AP Amount �
Department of Health,NHS North Durham CCG,9/30/2018,Clinical&Medical-Independent Sector,ACUTE COMMISSIONING,SPIRE HEALTHCARE LTD,23711539,355842.00
Department of Health,NHS North Durham CCG,9/30/2018,Clinical&Medical-Independent Sector,ACUTE COMMISSIONING,TYNESIDE SURGICAL SERVICES LTD,23871993,41789.00
Department of Health,NHS North Durham CCG,9/30/2018,Clinical&Medical-Independent Sector,ACUTE COMMISSIONING,TYNESIDE SURGICAL SERVICES LTD,24062914,26368.23
Department of Health,NHS North Durham CCG,9/30/2018,Clinical&Medical-Independent Sector,COMMISSIONING SCHEMES,CENTRAL DURHAM GP PROVIDERS LTD,23929873,48088.86
Department of Health,NHS North Durham CCG,9/30/2018,Clinical&Medical-Independent Sector,COMMISSIONING SCHEMES,CENTRAL DURHAM GP PROVIDERS LTD,24020860,44088.00
Department of Health,NHS North Durham CCG,9/30/2018,Clinical&Medical-Independent Sector,COMMUNITY SERVICES,MINOR OPS LTD,23798301,27434.00
Department of Health,NHS North Durham CCG,9/30/2018,Clinical&Medical-Independent Sector,MENTAL HEALTH SERVICES - SPECIALIST SERVICES,ELYSIUM HEALTHCARE LTD,23722027,37815.35
Department of Health,NHS North Durham CCG,9/30/2018,Clinical&Medical-Independent Sector,MENTAL HEALTH SERVICES - SPECIALIST SERVICES,ELYSIUM HEALTHCARE LTD,23852376,36595.50
Department of Health,NHS North Durham CCG,9/30/2018,Clinical&Medical-Independent Sector,NON RECURRENT PROGRAMMES,DERWENTSIDE HEALTHCARE LTD,23735145,53168.00
Department of Health,NHS North Durham CCG,9/30/2018,Clinical&Medical-Independent Sector,NON RECURRENT PROGRAMMES,OPPORTUNITY CAFE COMMUNITY INTEREST CO,23735137,60000.00
Department of Health,NHS North Durham CCG,9/30/2018,Clinical&Medical-Independent Sector,NON RECURRENT PROGRAMMES,SKILLS FOR PEOPLE,23945638,35200.00
Department of Health,NHS North Durham CCG,9/30/2018,Clinical&Medical-Independent Sector,PCTF Revenue,DERWENTSIDE HEALTHCARE LTD,23735140,119361.00
Department of Health,NHS North Durham CCG,9/30/2018,Clinical&Medical-Independent Sector,PROGRAMME PROJECTS,DERWENTSIDE HEALTHCARE LTD,23735144,32928.00
Department of Health,NHS North Durham CCG,9/30/2018,Hcare Srv Rec Fdtn Trust-Contract Baseline,ACUTE COMMISSIONING,CITY HOSPITALS SUNDERLAND FOUNDATION NHS TRUST,23763966,1384460.00
Department of Health,NHS North Durham CCG,9/30/2018,Hcare Srv Rec Fdtn Trust-Contract Baseline,ACUTE COMMISSIONING,COUNTY DURHAM AND DARLINGTON NHS FOUNDATION TRUST,24063502,9646199.00
Department of Health,NHS North Durham CCG,9/30/2018,Hcare Srv Rec Fdtn Trust-Contract Baseline,ACUTE COMMISSIONING,GATESHEAD HEALTH NHS FOUNDATION TRUST,23763870,530236.00
Department of Health,NHS North Durham CCG,9/30/2018,Hcare Srv Rec Fdtn Trust-Contract Baseline,ACUTE COMMISSIONING,NEWCASTLE UPON TYNE HOSPITALS NHS FOUNDATION TRUST,23797281,1320655.50
Department of Health,NHS North Durham CCG,9/30/2018,Hcare Srv Rec Fdtn Trust-Contract Baseline,ACUTE COMMISSIONING,NORTH TEES & HARTLEPOOL NHS FOUNDATION TRUST,24000296,43373.00
Department of Health,NHS North Durham CCG,9/30/2018,Hcare Srv Rec Fdtn Trust-Contract Baseline,ACUTE COMMISSIONING,NORTHUMBRIA HEALTHCARE NHS FOUNDATION TRUST,23783327,83527.25
Department of Health,NHS North Durham CCG,9/30/2018,Hcare Srv Rec Fdtn Trust-Contract Baseline,AMBULANCE SERVICES,NORTH EAST AMBULANCE SERVICES NHS TRUST,23870818,830621.00
Department of Health,NHS North Durham CCG,9/30/2018,Hcare Srv Rec Fdtn Trust-Contract Baseline,COMMUNITY SERVICES,COUNTY DURHAM AND DARLINGTON NHS FOUNDATION TRUST,24063500,2648217.00
Department of Health,NHS North Durham CCG,9/30/2018,Hcare Srv Rec Fdtn Trust-Contract Baseline,COMMUNITY SERVICES,NORTH TEES & HARTLEPOOL NHS FOUNDATION TRUST,24000295,77892.00
Department of Health,NHS North Durham CCG,9/30/2018,Hcare Srv Rec Fdtn Trust-Contract Baseline,IMPROVING ACCESS TO PSYCHOLOGICAL THERAPIES,TEES ESK & WEAR VALLEYS NHS FOUNDATION TRUST,23763873,118171.78
Department of Health,NHS North Durham CCG,9/30/2018,Hcare Srv Rec Fdtn Trust-Contract Baseline,MENTAL HEALTH CONTRACTS,NORTHUMBERLAND TYNE AND WEAR NHS FOUNDATION TRUST,24076434,127400.00
Department of Health,NHS North Durham CCG,9/30/2018,Hcare Srv Rec Fdtn Trust-Contract Baseline,MENTAL HEALTH CONTRACTS,TEES ESK & WEAR VALLEYS NHS FOUNDATION TRUST,23763874,2994936.46
Department of Health,NHS North Durham CCG,9/30/2018,Hcare Srv Rec Fdtn Trust-Contract Baseline,NHS 111,NORTH EAST AMBULANCE SERVICES NHS TRUST,23871997,64144.42
Department of Health,NHS North Durham CCG,9/30/2018,Prescribing,CENTRAL DRUGS,NUTRICIA LTD,23789051,46154.53
Department of Health,NHS North Durham CCG,9/30/2018,Charges from CSU,COMMUNITY SERVICES,NHS NORTH OF ENGLAND CSU,23806424,6094.00
Department of Health,NHS North Durham CCG,9/30/2018,Charges from CSU,CONTINUING HEALTHCARE ASSESSMENT & SUPPORT,NHS NORTH OF ENGLAND CSU,23806424,32583.00
Department of Health,NHS North Durham CCG,9/30/2018,Charges from CSU,NON RECURRENT PROGRAMMES,NHS NORTH OF ENGLAND CSU,23806424,6487.00
Department of Health,NHS North Durham CCG,9/30/2018,Charges from CSU,PRIMARY CARE IT,NHS NORTH OF ENGLAND CSU,23806424,54084.00
Department of Health,NHS North Durham CCG,9/30/2018,Charges from CSU,CORPORATE COSTS & SERVICES,NHS NORTH OF ENGLAND CSU,23806424,230083.00
Department of Health,NHS North Durham CCG,9/30/2018,Charges from CSU,LEARNING DIFFICULTIES,NHS NORTH OF ENGLAND CSU,23806424,4442.00
Department of Health,NHS North Durham CCG,9/30/2018,C&M-GMS/PMS,LOCAL ENHANCED SERVICES,HAVEN SURGERY,23935407,38035.07
Department of Health,NHS North Durham CCG,9/30/2018,C&M-GMS/PMS,LOCAL ENHANCED SERVICES,LEVICK JF,23935411,-32208.17
Department of Health,NHS North Durham CCG,9/30/2018,C&M-GMS/PMS,LOCAL ENHANCED SERVICES,LEVICK JF,23935412,63581.78
Department of Health,NHS North Durham CCG,9/30/2018,C&M-GMS/PMS,LOCAL ENHANCED SERVICES,MEDICAL GROUP,23935415,30441.08
Department of Health,NHS North Durham CCG,9/30/2018,C&M-GMS/PMS,LOCAL ENHANCED SERVICES,WEST RAINTON SURGERY,23935426,29980.88
Department of Health,NHS North Durham CCG,9/30/2018,C&M-GMS/PMS,PRC DELEGATED CO-COMMISSIONING,ASTLEY & LEVICK,23814055,57813.57
Department of Health,NHS North Durham CCG,9/30/2018,C&M-GMS/PMS,PRC DELEGATED CO-COMMISSIONING,BELMONT & SHERBURN MEDICAL GROUP,23814053,67888.84
Department of Health,NHS North Durham CCG,9/30/2018,C&M-GMS/PMS,PRC DELEGATED CO-COMMISSIONING,BIDWELL & DAVIDSON,23814057,75650.30
Department of Health,NHS North Durham CCG,9/30/2018,C&M-GMS/PMS,PRC DELEGATED CO-COMMISSIONING,BOWBURN MEDICAL CENTRE,23814108,35403.85
Department of Health,NHS North Durham CCG,9/30/2018,C&M-GMS/PMS,PRC DELEGATED CO-COMMISSIONING,CEDARS MEDICAL GROUP,23814065,55816.04
Department of Health,NHS North Durham CCG,9/30/2018,C&M-GMS/PMS,PRC DELEGATED CO-COMMISSIONING,CESTRIA HEALTH CENTRE,23814066,-27733.26
Department of Health,NHS North Durham CCG,9/30/2018,C&M-GMS/PMS,PRC DELEGATED CO-COMMISSIONING,CESTRIA HEALTH CENTRE,23814067,131257.16
Department of Health,NHS North Durham CCG,9/30/2018,C&M-GMS/PMS,PRC DELEGATED CO-COMMISSIONING,CHASTLETON MEDICAL GROUP,23814059,108114.79
Department of Health,NHS North Durham CCG,9/30/2018,C&M-GMS/PMS,PRC DELEGATED CO-COMMISSIONING,CHEVELEY PARK MEDICAL CENTRE,23814063,38565.44
Department of Health,NHS North Durham CCG,9/30/2018,C&M-GMS/PMS,PRC DELEGATED CO-COMMISSIONING,CLAYPATH & UNIVERSITY MEDICAL GROUP,23814060,-45728.08
Department of Health,NHS North Durham CCG,9/30/2018,C&M-GMS/PMS,PRC DELEGATED CO-COMMISSIONING,CLAYPATH & UNIVERSITY MEDICAL GROUP,23814061,199162.57
Department of Health,NHS North Durham CCG,9/30/2018,C&M-GMS/PMS,PRC DELEGATED CO-COMMISSIONING,CONSETT MEDICAL CENTRE,23814069,190797.42
Department of Health,NHS North Durham CCG,9/30/2018,C&M-GMS/PMS,PRC DELEGATED CO-COMMISSIONING,DHUNY RA,23814071,29010.95
Department of Health,NHS North Durham CCG,9/30/2018,C&M-GMS/PMS,PRC DELEGATED CO-COMMISSIONING,DUNELM MEDICAL PRACTICE,23814073,120285.85
Department of Health,NHS North Durham CCG,9/30/2018,C&M-GMS/PMS,PRC DELEGATED CO-COMMISSIONING,GOLLINGS & PARTNERS,23817969,89499.12
Department of Health,NHS North Durham CCG,9/30/2018,C&M-GMS/PMS,PRC DELEGATED CO-COMMISSIONING,GREAT LUMLEY SURGERY,23814075,46528.11
Department of Health,NHS North Durham CCG,9/30/2018,C&M-GMS/PMS,PRC DELEGATED CO-COMMISSIONING,HAVEN SURGERY,23935407,8301.53
Department of Health,NHS North Durham CCG,9/30/2018,C&M-GMS/PMS,PRC DELEGATED CO-COMMISSIONING,LAMBERT & PARTNER,23814081,53783.29
Department of Health,NHS North Durham CCG,9/30/2018,C&M-GMS/PMS,PRC DELEGATED CO-COMMISSIONING,LE DUNE P,23814079,38421.08
Department of Health,NHS North Durham CCG,9/30/2018,C&M-GMS/PMS,PRC DELEGATED CO-COMMISSIONING,LEVICK JF,23814085,89101.96
Department of Health,NHS North Durham CCG,9/30/2018,C&M-GMS/PMS,PRC DELEGATED CO-COMMISSIONING,LEVICK JF,23935411,-1328.80
Department of Health,NHS North Durham CCG,9/30/2018,C&M-GMS/PMS,PRC DELEGATED CO-COMMISSIONING,LEVICK JF,23935412,12193.02
Department of Health,NHS North Durham CCG,9/30/2018,C&M-GMS/PMS,PRC DELEGATED CO-COMMISSIONING,LILLY & PARTNERS,23814087,82155.65
Department of Health,NHS North Durham CCG,9/30/2018,C&M-GMS/PMS,PRC DELEGATED CO-COMMISSIONING,MEDICAL GROUP,23814088,-50472.12
Department of Health,NHS North Durham CCG,9/30/2018,C&M-GMS/PMS,PRC DELEGATED CO-COMMISSIONING,MEDICAL GROUP,23814089,251338.03
Department of Health,NHS North Durham CCG,43373,C&M-GMS/PMS,PRC DELEGATED CO-COMMISSIONING,MEDICAL GROUP,23935415,4074.97
Department of Health,NHS North Durham CCG,43373,C&M-GMS/PMS,PRC DELEGATED CO-COMMISSIONING,NAGI SS,23814091,29443.52
Department of Health,NHS North Durham CCG,43373,C&M-GMS/PMS,PRC DELEGATED CO-COMMISSIONING,SACRISTON SURGERY,23814095,105855.09
Department of Health,NHS North Durham CCG,43373,C&M-GMS/PMS,PRC DELEGATED CO-COMMISSIONING,STANLEY MEDICAL GROUP,23814099,270374.01
Department of Health,NHS North Durham CCG,43373,C&M-GMS/PMS,PRC DELEGATED CO-COMMISSIONING,STUART & PARTNERS,23814097,155112.48
Department of Health,NHS North Durham CCG,43373,C&M-GMS/PMS,PRC DELEGATED CO-COMMISSIONING,TANFIELD VIEW SURGERY,23814101,116239.12
Department of Health,NHS North Durham CCG,43373,C&M-GMS/PMS,PRC DELEGATED CO-COMMISSIONING,TYSON & PARTNERS,23814103,141613.99
Department of Health,NHS North Durham CCG,43373,C&M-GMS/PMS,PRC DELEGATED CO-COMMISSIONING,WEST RAINTON SURGERY,23814105,60356.50
Department of Health,NHS North Durham CCG,43373,C&M-GMS/PMS,PRC DELEGATED CO-COMMISSIONING,WEST RAINTON SURGERY,23935426,4371.92
Department of Health,NHS North Durham CCG,43373,C&M-GMS/PMS,PRC DELEGATED CO-COMMISSIONING,WOODS & PARTNERS,23814107,73768.37
Department of Health,NHS North Durham CCG,43373,Cont Care-Learning Disab(<65),CHC ADULT FULLY FUNDED,ALLIED HEALTHCARE GROUP LTD,23860023,31062.00
Department of Health,NHS North Durham CCG,43373,Income tax <1Yr,BALANCE SHEET,HMRC,23897984,35572.20
Department of Health,NHS North Durham CCG,43373,Income tax <1Yr-Student Loans,BALANCE SHEET,HMRC,23897984,372.00
Department of Health,NHS North Durham CCG,43373,National Insurance < 1 yr-NI- ERS,BALANCE SHEET,HMRC,23897984,22823.18
Department of Health,NHS North Durham CCG,43373,National Insurance < 1 yr-NI-EES,BALANCE SHEET,HMRC,23897984,15588.39
Department of Health,NHS North Durham CCG,43373,Statutory Mat Pay < 1 yr,BALANCE SHEET,HMRC,23897984,-534.28
Department of Health,NHS North Durham CCG,43373,Cont Care-Mental Health (<65),CHC ADULT FULLY FUNDED,BARCHESTER HEALTHCARE LTD,23951172,44312.14
Department of Health,NHS North Durham CCG,43373,Clinical&Medical-Othe Public Sector,CHILD AND ADOLESCENT MENTAL HEALTH,DURHAM COUNTY COUNCIL,23998811,8633.66
Department of Health,NHS North Durham CCG,43373,Clinical&Medical-Othe Public Sector,COMMUNITY SERVICES,DURHAM COUNTY COUNCIL,23998811,84165.37
Department of Health,NHS North Durham CCG,43373,Clinical&Medical-Othe Public Sector,MENTAL HEALTH CONTRACTS,DURHAM COUNTY COUNCIL,23998811,23886.07
Department of Health,NHS North Durham CCG,43373,Clinical&Medical-Othe Public Sector,NON RECURRENT PROGRAMMES,CUMBRIA COUNTY COUNCIL,23979230,300000.00
Department of Health,NHS North Durham CCG,43373,Clinical&Medical-Othe Public Sector,REABLEMENT,DURHAM COUNTY COUNCIL,24000287,1534571.00
Department of Health,NHS North Durham CCG,43373,Clinical&Medical-Othe Public Sector,SAFEGUARDING,DURHAM COUNTY COUNCIL,23998811,4866.33
Department of Health,NHS North Durham CCG,43373,Clinical&Medical-Othe Public Sector,CARERS,DURHAM COUNTY COUNCIL,23998811,33802.98
Department of Health,NHS North Durham CCG,43373,Clinical&Medical-Othe Public Sector,Winter Resilience,DURHAM COUNTY COUNCIL,23998811,5704.25
Department of Health,NHS North Durham CCG,43373,Recharge : Provided,NON RECURRENT PROGRAMMES,CITY HOSPITALS SUNDERLAND FOUNDATION NHS TRUST,23991202,61648.00
Department of Health,NHS North Durham CCG,43373,Recharge : Provided,NON RECURRENT PROGRAMMES,NORTHUMBERLAND TYNE AND WEAR NHS FOUNDATION TRUST,23991137,300000.00
Department of Health,NHS North Durham CCG,43373,Recharge : Provided,NON RECURRENT PROGRAMMES,NORTHUMBERLAND TYNE AND WEAR NHS FOUNDATION TRUST,23991177,-300000.00
Department of Health,NHS North Durham CCG,43373,Recharge : Provided,NON RECURRENT PROGRAMMES,NORTHUMBERLAND TYNE AND WEAR NHS FOUNDATION TRUST,23991181,300000.00
Department of Health,NHS North Durham CCG,43373,Cont Care- Adult Joint Funded,CHC ADULT JOINT FUNDED,DURHAM COUNTY COUNCIL,23998811,223170.71
Department of Health,NHS North Durham CCG,43373,Cont Care- Children,CHC CHILDREN,DURHAM COUNTY COUNCIL,23998811,49412.81
Department of Health,NHS North Durham CCG,43373,Cont Care-Funded Nursing Care Allow,FUNDED NURSING CARE,DURHAM COUNTY COUNCIL,23998811,158949.16
Department of Health,NHS North Durham CCG,43373,Continuing Care- Equipment,ADULT JOINT FUNDED CONTINUING CARE,DURHAM COUNTY COUNCIL,23998811,1363.66
Department of Health,NHS North Durham CCG,43373,Clinical&Medical-Voluntary Sector,HOSPICES,DERWENTSIDE HOSPICE CARE FOUNDATION,24076433,120828.25
