NHS North Durham CCG Invoices over �25k - July 2018,,,,,,,
Department family,Entity,Date,Expense Type,Expense area,Supplier,Transaction number,AP Amount �
Department of Health,NHS North Durham CCG,7/31/2018,Hcare Srv Rec Fdtn Trust-Contract Baseline,ACUTE COMMISSIONING,COUNTY DURHAM AND DARLINGTON NHS FOUNDATION TRUST,23176184,9646199.00
Department of Health,NHS North Durham CCG,7/31/2018,Hcare Srv Rec Fdtn Trust-Contract Baseline,ACUTE COMMISSIONING,GATESHEAD HEALTH NHS FOUNDATION TRUST,22908167,530236.00
Department of Health,NHS North Durham CCG,7/31/2018,Hcare Srv Rec Fdtn Trust-Contract Baseline,ACUTE COMMISSIONING,NEWCASTLE UPON TYNE HOSPITALS NHS FOUNDATION TRUST,22975003,1320655.50
Department of Health,NHS North Durham CCG,7/31/2018,Hcare Srv Rec Fdtn Trust-Contract Baseline,ACUTE COMMISSIONING,NORTH TEES & HARTLEPOOL NHS FOUNDATION TRUST,23199034,43373.00
Department of Health,NHS North Durham CCG,7/31/2018,Hcare Srv Rec Fdtn Trust-Contract Baseline,ACUTE COMMISSIONING,NORTHUMBRIA HEALTHCARE NHS FOUNDATION TRUST,22921796,83527.25
Department of Health,NHS North Durham CCG,7/31/2018,Hcare Srv Rec Fdtn Trust-Contract Baseline,ACUTE COMMISSIONING,SOUTH TEES HOSPITALS NHS FOUNDATION TRUST,23232836,113650.00
Department of Health,NHS North Durham CCG,7/31/2018,Hcare Srv Rec Fdtn Trust-Contract Baseline,AMBULANCE SERVICES,NORTH EAST AMBULANCE SERVICES NHS TRUST,23015257,830621.00
Department of Health,NHS North Durham CCG,7/31/2018,Hcare Srv Rec Fdtn Trust-Contract Baseline,COMMUNITY SERVICES,COUNTY DURHAM AND DARLINGTON NHS FOUNDATION TRUST,23176185,2648217.00
Department of Health,NHS North Durham CCG,7/31/2018,Hcare Srv Rec Fdtn Trust-Contract Baseline,COMMUNITY SERVICES,NORTH TEES & HARTLEPOOL NHS FOUNDATION TRUST,23199037,77892.00
Department of Health,NHS North Durham CCG,7/31/2018,Hcare Srv Rec Fdtn Trust-Contract Baseline,IMPROVING ACCESS TO PSYCHOLOGICAL THERAPIES,TEES ESK & WEAR VALLEYS NHS FOUNDATION TRUST,22921795,75534.34
Department of Health,NHS North Durham CCG,7/31/2018,Hcare Srv Rec Fdtn Trust-Contract Baseline,MENTAL HEALTH CONTRACTS,NORTHUMBERLAND TYNE AND WEAR NHS FOUNDATION TRUST,23199031,127400.00
Department of Health,NHS North Durham CCG,7/31/2018,Hcare Srv Rec Fdtn Trust-Contract Baseline,MENTAL HEALTH CONTRACTS,TEES ESK & WEAR VALLEYS NHS FOUNDATION TRUST,21232709,3187568.82
Department of Health,NHS North Durham CCG,7/31/2018,Hcare Srv Rec Fdtn Trust-Contract Baseline,MENTAL HEALTH CONTRACTS,TEES ESK & WEAR VALLEYS NHS FOUNDATION TRUST,21639641,271000.00
Department of Health,NHS North Durham CCG,7/31/2018,Hcare Srv Rec Fdtn Trust-Contract Baseline,MENTAL HEALTH CONTRACTS,TEES ESK & WEAR VALLEYS NHS FOUNDATION TRUST,22878205,67886.00
Department of Health,NHS North Durham CCG,7/31/2018,Hcare Srv Rec Fdtn Trust-Contract Baseline,MENTAL HEALTH CONTRACTS,TEES ESK & WEAR VALLEYS NHS FOUNDATION TRUST,22921794,3037573.90
Department of Health,NHS North Durham CCG,7/31/2018,Hcare Srv Rec Fdtn Trust-Contract Baseline,NHS 111,NORTH EAST AMBULANCE SERVICES NHS TRUST,23013400,64144.42
Department of Health,NHS North Durham CCG,7/31/2018,Clinical&Medical-Independent Sector,ACUTE COMMISSIONING,SPIRE HEALTHCARE LTD,22859782,355842.00
Department of Health,NHS North Durham CCG,7/31/2018,Clinical&Medical-Independent Sector,ACUTE COMMISSIONING,TYNESIDE SURGICAL SERVICES LTD,23029741,41789.00
Department of Health,NHS North Durham CCG,7/31/2018,Clinical&Medical-Independent Sector,COMMISSIONING SCHEMES,CHESTER LE STREET HEALTH LTD,23015274,29551.12
Department of Health,NHS North Durham CCG,7/31/2018,Clinical&Medical-Independent Sector,COMMISSIONING SCHEMES,CLAYPATH & UNIVERSITY MEDICAL GROUP,22925081,37750.71
Department of Health,NHS North Durham CCG,7/31/2018,Clinical&Medical-Independent Sector,COMMISSIONING SCHEMES,MEDICAL GROUP,22925165,27975.08
Department of Health,NHS North Durham CCG,7/31/2018,Clinical&Medical-Independent Sector,COMMISSIONING SCHEMES,MEDICAL GROUP,22925265,28289.11
Department of Health,NHS North Durham CCG,7/31/2018,Clinical&Medical-Independent Sector,COMMUNITY SERVICES,INTRAHEALTH LTD,23119243,64132.50
Department of Health,NHS North Durham CCG,7/31/2018,Clinical&Medical-Independent Sector,COMMUNITY SERVICES,"NHS DURHAM DALES, EASINGTON AND SEDGEFIELD CCG",23270910,199228.45
Department of Health,NHS North Durham CCG,7/31/2018,Clinical&Medical-Independent Sector,COMMUNITY SERVICES,SPECSAVERS HEARCARE LTD,22895174,27307.00
Department of Health,NHS North Durham CCG,7/31/2018,Clinical&Medical-Independent Sector,MENTAL HEALTH SERVICES - SPECIALIST SERVICES,ELYSIUM HEALTHCARE LTD,22986208,36595.50
Department of Health,NHS North Durham CCG,7/31/2018,Clinical&Medical-Independent Sector,MENTAL HEALTH SERVICES - SPECIALIST SERVICES,ELYSIUM HEALTHCARE LTD,22986249,37815.35
Department of Health,NHS North Durham CCG,7/31/2018,Clinical&Medical-Independent Sector,PCTF Revenue,CENTRAL DURHAM GP PROVIDERS LTD,23167000,44088.00
Department of Health,NHS North Durham CCG,7/31/2018,Clinical&Medical-Independent Sector,GP FORWARD VIEW,INTRAHEALTH LTD,23005015,63173.16
Department of Health,NHS North Durham CCG,7/31/2018,Charges from CSU,COMMUNITY SERVICES,NHS NORTH OF ENGLAND CSU,22994139,6094.00
Department of Health,NHS North Durham CCG,7/31/2018,Charges from CSU,CONTINUING HEALTHCARE ASSESSMENT & SUPPORT,NHS NORTH OF ENGLAND CSU,22994139,32583.00
Department of Health,NHS North Durham CCG,7/31/2018,Charges from CSU,NON RECURRENT PROGRAMMES,NHS NORTH OF ENGLAND CSU,22994139,6487.00
Department of Health,NHS North Durham CCG,7/31/2018,Charges from CSU,PRIMARY CARE IT,NHS NORTH OF ENGLAND CSU,22994139,54084.00
Department of Health,NHS North Durham CCG,7/31/2018,Charges from CSU,PRIMARY CARE IT,NHS NORTH OF ENGLAND CSU,23087984,633811.00
Department of Health,NHS North Durham CCG,7/31/2018,Charges from CSU,PRIMARY CARE IT,NHS NORTH OF ENGLAND CSU,23212609,91505.00
Department of Health,NHS North Durham CCG,7/31/2018,Charges from CSU,PCTF Revenue,NHS NORTH OF ENGLAND CSU,22890394,187000.00
Department of Health,NHS North Durham CCG,7/31/2018,Charges from CSU,CORPORATE COSTS & SERVICES,NHS NORTH OF ENGLAND CSU,22994139,230083.00
Department of Health,NHS North Durham CCG,7/31/2018,Charges from CSU,CORPORATE COSTS & SERVICES,NHS NORTH OF ENGLAND CSU,23212609,8000.00
Department of Health,NHS North Durham CCG,7/31/2018,Charges from CSU,LEARNING DIFFICULTIES,NHS NORTH OF ENGLAND CSU,22994139,4442.00
Department of Health,NHS North Durham CCG,7/31/2018,Cont Care-Learning Disab(<65),CHC ADULT FULLY FUNDED,ALLIED HEALTHCARE GROUP LTD,22894446,31396.80
Department of Health,NHS North Durham CCG,7/31/2018,Cont Care- Prior Year Payments,CHC ADULT FULLY FUNDED,NEWLIFE CARE,23063819,50025.00
Department of Health,NHS North Durham CCG,7/31/2018,Cont Care- Prior Year Payments,ADULT JOINT FUNDED CONTINUING CARE,COMMUNITY INTEGRATED CARE,22899989,91030.63
Department of Health,NHS North Durham CCG,7/31/2018,Cont Care- Prior Year Payments,FUNDED NURSING CARE,PERFECT CARE LTD,23201209,-28704.11
Department of Health,NHS North Durham CCG,7/31/2018,Voids and Subsidies,RECHARGES NHS PROPERTY SERVICES LTD,NHS PROPERTY SERVICES LTD,22928618,140274.31
Department of Health,NHS North Durham CCG,7/31/2018,Voids and Subsidies,RECHARGES NHS PROPERTY SERVICES LTD,NHS PROPERTY SERVICES LTD,23035604,118156.85
Department of Health,NHS North Durham CCG,7/31/2018,C&M-GMS/PMS,LOCAL ENHANCED SERVICES,HAVEN SURGERY,23083055,29608.40
Department of Health,NHS North Durham CCG,7/31/2018,C&M-GMS/PMS,LOCAL ENHANCED SERVICES,LEVICK JF,23083059,-34683.83
Department of Health,NHS North Durham CCG,7/31/2018,C&M-GMS/PMS,LOCAL ENHANCED SERVICES,LEVICK JF,23083060,57487.05
Department of Health,NHS North Durham CCG,7/31/2018,C&M-GMS/PMS,LOCAL ENHANCED SERVICES,MEDICAL GROUP,23083063,35805.83
Department of Health,NHS North Durham CCG,7/31/2018,C&M-GMS/PMS,LOCAL ENHANCED SERVICES,WEST RAINTON SURGERY,23083074,28891.94
Department of Health,NHS North Durham CCG,7/31/2018,C&M-GMS/PMS,PRC DELEGATED CO-COMMISSIONING,ASTLEY & LEVICK,22977966,64647.93
Department of Health,NHS North Durham CCG,7/31/2018,C&M-GMS/PMS,PRC DELEGATED CO-COMMISSIONING,BELMONT & SHERBURN MEDICAL GROUP,22947168,65826.44
Department of Health,NHS North Durham CCG,7/31/2018,C&M-GMS/PMS,PRC DELEGATED CO-COMMISSIONING,BIDWELL & DAVIDSON,22947171,47765.78
Department of Health,NHS North Durham CCG,7/31/2018,C&M-GMS/PMS,PRC DELEGATED CO-COMMISSIONING,BOWBURN MEDICAL CENTRE,22947223,35263.85
Department of Health,NHS North Durham CCG,7/31/2018,C&M-GMS/PMS,PRC DELEGATED CO-COMMISSIONING,CEDARS MEDICAL GROUP,22947179,57567.56
Department of Health,NHS North Durham CCG,7/31/2018,C&M-GMS/PMS,PRC DELEGATED CO-COMMISSIONING,CESTRIA HEALTH CENTRE,22947180,-25789.26
Department of Health,NHS North Durham CCG,7/31/2018,C&M-GMS/PMS,PRC DELEGATED CO-COMMISSIONING,CESTRIA HEALTH CENTRE,22947181,130683.72
Department of Health,NHS North Durham CCG,7/31/2018,C&M-GMS/PMS,PRC DELEGATED CO-COMMISSIONING,CHASTLETON MEDICAL GROUP,22947173,103841.98
Department of Health,NHS North Durham CCG,7/31/2018,C&M-GMS/PMS,PRC DELEGATED CO-COMMISSIONING,CHEVELEY PARK MEDICAL CENTRE,22947177,38194.29
Department of Health,NHS North Durham CCG,7/31/2018,C&M-GMS/PMS,PRC DELEGATED CO-COMMISSIONING,CLAYPATH & UNIVERSITY MEDICAL GROUP,22947174,-25150.08
Department of Health,NHS North Durham CCG,7/31/2018,C&M-GMS/PMS,PRC DELEGATED CO-COMMISSIONING,CLAYPATH & UNIVERSITY MEDICAL GROUP,22947175,189253.71
Department of Health,NHS North Durham CCG,7/31/2018,C&M-GMS/PMS,PRC DELEGATED CO-COMMISSIONING,CONSETT MEDICAL CENTRE,22947183,183366.56
Department of Health,NHS North Durham CCG,7/31/2018,C&M-GMS/PMS,PRC DELEGATED CO-COMMISSIONING,DHUNY RA,22947185,28199.35
Department of Health,NHS North Durham CCG,7/31/2018,C&M-GMS/PMS,PRC DELEGATED CO-COMMISSIONING,DIPTON SURGERY,22947187,38045.76
Department of Health,NHS North Durham CCG,7/31/2018,C&M-GMS/PMS,PRC DELEGATED CO-COMMISSIONING,DUNELM MEDICAL PRACTICE,22947189,114527.04
Department of Health,NHS North Durham CCG,7/31/2018,C&M-GMS/PMS,PRC DELEGATED CO-COMMISSIONING,GOLLINGS & PARTNERS,22950974,106135.99
Department of Health,NHS North Durham CCG,7/31/2018,C&M-GMS/PMS,PRC DELEGATED CO-COMMISSIONING,GREAT LUMLEY SURGERY,22947191,46653.75
Department of Health,NHS North Durham CCG,7/31/2018,C&M-GMS/PMS,PRC DELEGATED CO-COMMISSIONING,HAVEN SURGERY,23083055,6508.11
Department of Health,NHS North Durham CCG,7/31/2018,C&M-GMS/PMS,PRC DELEGATED CO-COMMISSIONING,LAMBERT & PARTNER,22947197,52197.89
Department of Health,NHS North Durham CCG,7/31/2018,C&M-GMS/PMS,PRC DELEGATED CO-COMMISSIONING,LE DUNE P,22947195,40316.00
Department of Health,NHS North Durham CCG,7/31/2018,C&M-GMS/PMS,PRC DELEGATED CO-COMMISSIONING,LEVICK JF,22947201,49844.76
Department of Health,NHS North Durham CCG,7/31/2018,C&M-GMS/PMS,PRC DELEGATED CO-COMMISSIONING,LEVICK JF,23083059,-1179.20
Department of Health,NHS North Durham CCG,7/31/2018,C&M-GMS/PMS,PRC DELEGATED CO-COMMISSIONING,LEVICK JF,23083060,14447.78
Department of Health,NHS North Durham CCG,7/31/2018,C&M-GMS/PMS,PRC DELEGATED CO-COMMISSIONING,LILLY & PARTNERS,22947203,83800.34
Department of Health,NHS North Durham CCG,7/31/2018,C&M-GMS/PMS,PRC DELEGATED CO-COMMISSIONING,MEDICAL GROUP,22947204,-35358.62
Department of Health,NHS North Durham CCG,7/31/2018,C&M-GMS/PMS,PRC DELEGATED CO-COMMISSIONING,MEDICAL GROUP,22947205,240552.36
Department of Health,NHS North Durham CCG,7/31/2018,C&M-GMS/PMS,PRC DELEGATED CO-COMMISSIONING,MEDICAL GROUP,23083063,4956.97
Department of Health,NHS North Durham CCG,7/31/2018,C&M-GMS/PMS,PRC DELEGATED CO-COMMISSIONING,NAGI SS,22947207,29443.52
Department of Health,NHS North Durham CCG,7/31/2018,C&M-GMS/PMS,PRC DELEGATED CO-COMMISSIONING,SACRISTON SURGERY,22947210,97850.74
Department of Health,NHS North Durham CCG,7/31/2018,C&M-GMS/PMS,PRC DELEGATED CO-COMMISSIONING,STANLEY MEDICAL GROUP,22947214,107879.50
Department of Health,NHS North Durham CCG,7/31/2018,C&M-GMS/PMS,PRC DELEGATED CO-COMMISSIONING,STUART & PARTNERS,22947212,132084.45
Department of Health,NHS North Durham CCG,7/31/2018,C&M-GMS/PMS,PRC DELEGATED CO-COMMISSIONING,TANFIELD VIEW SURGERY,22947216,113237.86
Department of Health,NHS North Durham CCG,7/31/2018,C&M-GMS/PMS,PRC DELEGATED CO-COMMISSIONING,TYSON & PARTNERS,22947218,79862.10
Department of Health,NHS North Durham CCG,7/31/2018,C&M-GMS/PMS,PRC DELEGATED CO-COMMISSIONING,WEST RAINTON SURGERY,22947220,57500.30
Department of Health,NHS North Durham CCG,7/31/2018,C&M-GMS/PMS,PRC DELEGATED CO-COMMISSIONING,WEST RAINTON SURGERY,23083074,6596.88
Department of Health,NHS North Durham CCG,7/31/2018,C&M-GMS/PMS,PRC DELEGATED CO-COMMISSIONING,WOODS & PARTNERS,22947222,63893.96
Department of Health,NHS North Durham CCG,7/31/2018,Clinical&Medical-Voluntary Sector,HOSPICES,DERWENTSIDE HOSPICE CARE FOUNDATION,22972891,120828.25
Department of Health,NHS North Durham CCG,7/31/2018,Income tax <1Yr,BALANCE SHEET,HMRC,23016978,36436.40
Department of Health,NHS North Durham CCG,7/31/2018,Income tax <1Yr-Student Loans,BALANCE SHEET,HMRC,23016978,284.00
Department of Health,NHS North Durham CCG,7/31/2018,National Insurance < 1 yr-NI- ERS,BALANCE SHEET,HMRC,23016978,22176.43
Department of Health,NHS North Durham CCG,7/31/2018,National Insurance < 1 yr-NI-EES,BALANCE SHEET,HMRC,23016978,14686.27
Department of Health,NHS North Durham CCG,7/31/2018,Statutory Mat Pay < 1 yr,BALANCE SHEET,HMRC,23016978,-534.28
Department of Health,NHS North Durham CCG,7/31/2018,Clinical&Medical-Othe Public Sector,CHILD AND ADOLESCENT MENTAL HEALTH,DURHAM COUNTY COUNCIL,23037594,8633.66
Department of Health,NHS North Durham CCG,7/31/2018,Clinical&Medical-Othe Public Sector,COMMUNITY SERVICES,DURHAM COUNTY COUNCIL,23037594,84165.37
Department of Health,NHS North Durham CCG,7/31/2018,Clinical&Medical-Othe Public Sector,MENTAL HEALTH CONTRACTS,DURHAM COUNTY COUNCIL,23037594,23886.07
Department of Health,NHS North Durham CCG,7/31/2018,Clinical&Medical-Othe Public Sector,REABLEMENT,DURHAM COUNTY COUNCIL,23037593,1534571.00
Department of Health,NHS North Durham CCG,7/31/2018,Clinical&Medical-Othe Public Sector,SAFEGUARDING,DURHAM COUNTY COUNCIL,23037594,4866.33
Department of Health,NHS North Durham CCG,7/31/2018,Clinical&Medical-Othe Public Sector,CARERS,DURHAM COUNTY COUNCIL,23037594,33802.98
Department of Health,NHS North Durham CCG,7/31/2018,Clinical&Medical-Othe Public Sector,Winter Resilience,DURHAM COUNTY COUNCIL,23037594,5704.25
Department of Health,NHS North Durham CCG,7/31/2018,Cont Care- Adult Joint Funded,CHC ADULT JOINT FUNDED,DURHAM COUNTY COUNCIL,23037594,223170.71
Department of Health,NHS North Durham CCG,7/31/2018,Cont Care- Children,CHC CHILDREN,DURHAM COUNTY COUNCIL,23037594,49412.81
Department of Health,NHS North Durham CCG,7/31/2018,Cont Care-Funded Nursing Care Allow,FUNDED NURSING CARE,DURHAM COUNTY COUNCIL,23037594,158949.16
Department of Health,NHS North Durham CCG,7/31/2018,Continuing Care- Equipment,ADULT JOINT FUNDED CONTINUING CARE,DURHAM COUNTY COUNCIL,23037594,1363.66
Department of Health,NHS North Durham CCG,7/31/2018,Hcare Srv Rec Fdtn Trust-Contract Cost per Case,AMBULANCE SERVICES,NORTH EAST AMBULANCE SERVICES NHS TRUST,23227442,43000.00
