Department family,Entity,Date,Expense Type,Expense area,Supplier,Purchase invoice number,AP Amount (�)
Department of Health,NHS Tameside And Glossop CCG,28/02/2019,C&M-PMS Contract Value,PRC DELEGATED CO-COMMISSIONING,ALBION MEDICAL PRACTICE,GMK000020975,"75,702.04"
Department of Health,NHS Tameside And Glossop CCG,28/02/2019,C&M-PMS DES Learn Dsblty Hlth Chk,PRC DELEGATED CO-COMMISSIONING,ALBION MEDICAL PRACTICE,GMK000020975,"1,120.00"
Department of Health,NHS Tameside And Glossop CCG,28/02/2019,C&M-PMS DES Minor Surgery,PRC DELEGATED CO-COMMISSIONING,ALBION MEDICAL PRACTICE,GMK000020975,"1,049.00"
Department of Health,NHS Tameside And Glossop CCG,28/02/2019,C&M-PMS Funding Differential Review,PRC DELEGATED CO-COMMISSIONING,ALBION MEDICAL PRACTICE,GMK000020975,746.61
Department of Health,NHS Tameside And Glossop CCG,28/02/2019,C&M-PMS PCO Locum Sickness,PRC DELEGATED CO-COMMISSIONING,ALBION MEDICAL PRACTICE,GMK000020975,"3,630.00"
Department of Health,NHS Tameside And Glossop CCG,28/02/2019,C&M-PMS Prem Notional Rent,PRC DELEGATED CO-COMMISSIONING,ALBION MEDICAL PRACTICE,GMK000020975,"6,137.51"
Department of Health,NHS Tameside And Glossop CCG,28/02/2019,C&M-PMS QOF Aspiration,PRC DELEGATED CO-COMMISSIONING,ALBION MEDICAL PRACTICE,GMK000020975,"8,587.76"
Department of Health,NHS Tameside And Glossop CCG,28/02/2019,C&M-APMS DES Minor Surgery,PRC DELEGATED CO-COMMISSIONING,ASHTON GP SERVICE,GMK000020971,218.55
Department of Health,NHS Tameside And Glossop CCG,28/02/2019,C&M-APMS DES Violent Patients,PRC DELEGATED CO-COMMISSIONING,ASHTON GP SERVICE,GMK000020971,725.05
Department of Health,NHS Tameside And Glossop CCG,28/02/2019,C&M-PMS Contract Value,PRC DELEGATED CO-COMMISSIONING,ASHTON GP SERVICE,GMK000020971,"26,135.13"
Department of Health,NHS Tameside And Glossop CCG,28/02/2019,C&M-PMS Prem Healthcentre Rent,PRC DELEGATED CO-COMMISSIONING,ASHTON GP SERVICE,GMK000020971,"144,056.97"
Department of Health,NHS Tameside And Glossop CCG,28/02/2019,C&M-PMS QOF Aspiration,PRC DELEGATED CO-COMMISSIONING,ASHTON GP SERVICE,GMK000020971,"1,594.48"
Department of Health,NHS Tameside And Glossop CCG,28/02/2019,C&M-GMS Global Sum,PRC DELEGATED CO-COMMISSIONING,ASHTON MEDICAL GROUP,GMK000021041,"146,240.61"
Department of Health,NHS Tameside And Glossop CCG,28/02/2019,C&M-GMS MPIG Correction Factor,PRC DELEGATED CO-COMMISSIONING,ASHTON MEDICAL GROUP,GMK000021041,96.79
Department of Health,NHS Tameside And Glossop CCG,28/02/2019,C&M-GMS PCO Seniority,PRC DELEGATED CO-COMMISSIONING,ASHTON MEDICAL GROUP,GMK000021041,"10,158.44"
Department of Health,NHS Tameside And Glossop CCG,28/02/2019,C&M-GMS Prem Notional Rent,PRC DELEGATED CO-COMMISSIONING,ASHTON MEDICAL GROUP,GMK000021041,"9,570.83"
Department of Health,NHS Tameside And Glossop CCG,28/02/2019,C&M-GMS Prem Water Rates,PRC DELEGATED CO-COMMISSIONING,ASHTON MEDICAL GROUP,GMK000021041,297.7
Department of Health,NHS Tameside And Glossop CCG,28/02/2019,C&M-GMS QOF Aspiration,PRC DELEGATED CO-COMMISSIONING,ASHTON MEDICAL GROUP,GMK000021041,"15,867.94"
Department of Health,NHS Tameside And Glossop CCG,28/02/2019,ME-GMS GP Pension EEs Adjustments,PRC DELEGATED CO-COMMISSIONING,ASHTON MEDICAL GROUP,GMK000021041,"4,644.69"
Department of Health,NHS Tameside And Glossop CCG,28/02/2019,ME-GMS GP Pension ERs Adjustments,PRC DELEGATED CO-COMMISSIONING,ASHTON MEDICAL GROUP,GMK000021041,"4,606.24"
Department of Health,NHS Tameside And Glossop CCG,28/02/2019,C&M-GMS Global Sum,PRC DELEGATED CO-COMMISSIONING,AWBURN HOUSE MEDICAL PRACTICE,GMK000020973,"57,439.40"
Department of Health,NHS Tameside And Glossop CCG,28/02/2019,C&M-GMS Prem Notional Rent,PRC DELEGATED CO-COMMISSIONING,AWBURN HOUSE MEDICAL PRACTICE,GMK000020973,"2,833.33"
Department of Health,NHS Tameside And Glossop CCG,28/02/2019,C&M-GMS QOF Aspiration,PRC DELEGATED CO-COMMISSIONING,AWBURN HOUSE MEDICAL PRACTICE,GMK000020973,"4,652.45"
Department of Health,NHS Tameside And Glossop CCG,28/02/2019,Clinical&Medical-Independent Sector,ACUTE COMMISSIONING,BMI HEALTHCARE LTD,103606,"125,062.05"
Department of Health,NHS Tameside And Glossop CCG,28/02/2019,Voids and Subsidies,RECHARGES NHS PROPERTY SERVICES LTD,BRIDGEWATER COMMUNITY HEALTHCARE NHS FOUNDATION TRUST,26311705,"46,064.58"
Department of Health,NHS Tameside And Glossop CCG,28/02/2019,C&M-PMS Contract Value,PRC DELEGATED CO-COMMISSIONING,BROOKE SURGERY,GMK000020977,"81,496.83"
Department of Health,NHS Tameside And Glossop CCG,28/02/2019,C&M-PMS Funding Differential Review,PRC DELEGATED CO-COMMISSIONING,BROOKE SURGERY,GMK000020977,171.11
Department of Health,NHS Tameside And Glossop CCG,28/02/2019,C&M-PMS Prem Notional Rent,PRC DELEGATED CO-COMMISSIONING,BROOKE SURGERY,GMK000020977,"5,395.83"
Department of Health,NHS Tameside And Glossop CCG,28/02/2019,C&M-PMS QOF Aspiration,PRC DELEGATED CO-COMMISSIONING,BROOKE SURGERY,GMK000020977,"9,185.69"
Department of Health,NHS Tameside And Glossop CCG,28/02/2019,Clinical&Medical-Independent Sector,ACUTE COMMISSIONING,CARE UK CLINICAL SERVICES LTD,100087102,"42,051.45"
Department of Health,NHS Tameside And Glossop CCG,28/02/2019,Hcare Srv Rec Fdtn Trust-CQUIN,ACUTE COMMISSIONING,CHRISTIE HOSPITAL NHS FOUNDATION TRUST,31834,"3,537.92"
Department of Health,NHS Tameside And Glossop CCG,28/02/2019,Hcare Srv Rec Fdtn Trust-Contract Baseline,ACUTE COMMISSIONING,CHRISTIE HOSPITAL NHS FOUNDATION TRUST,31834,"150,885.58"
Department of Health,NHS Tameside And Glossop CCG,28/02/2019,Hcare Srv Rec Fdtn Trust-Over/ Under Performance,ACUTE COMMISSIONING,CHRISTIE HOSPITAL NHS FOUNDATION TRUST,32073,"58,276.00"
Department of Health,NHS Tameside And Glossop CCG,28/02/2019,C&M-PMS Contract Value,PRC DELEGATED CO-COMMISSIONING,CLARENDON MEDICAL PRACTICE,GMK000021035,"64,466.42"
Department of Health,NHS Tameside And Glossop CCG,28/02/2019,C&M-PMS DES Minor Surgery,PRC DELEGATED CO-COMMISSIONING,CLARENDON MEDICAL PRACTICE,GMK000021035,611.94
Department of Health,NHS Tameside And Glossop CCG,28/02/2019,C&M-PMS Funding Differential Review,PRC DELEGATED CO-COMMISSIONING,CLARENDON MEDICAL PRACTICE,GMK000021035,200.04
Department of Health,NHS Tameside And Glossop CCG,28/02/2019,C&M-PMS Prem Notional Rent,PRC DELEGATED CO-COMMISSIONING,CLARENDON MEDICAL PRACTICE,GMK000021035,"4,501.91"
Department of Health,NHS Tameside And Glossop CCG,28/02/2019,C&M-PMS Prem Water Rates,PRC DELEGATED CO-COMMISSIONING,CLARENDON MEDICAL PRACTICE,GMK000021035,507.22
Department of Health,NHS Tameside And Glossop CCG,28/02/2019,C&M-PMS QOF Aspiration,PRC DELEGATED CO-COMMISSIONING,CLARENDON MEDICAL PRACTICE,GMK000021035,"7,975.28"
Department of Health,NHS Tameside And Glossop CCG,28/02/2019,Voids and Subsidies,RECHARGES NHS PROPERTY SERVICES LTD,COMMUNITY HEALTH PARTNERSHIPS LTD,60098512,"44,401.46"
Department of Health,NHS Tameside And Glossop CCG,28/02/2019,C&M-GMS DES Learn Dsblty Hlth Chk,PRC DELEGATED CO-COMMISSIONING,DENTON MEDICAL PRACTICE,GMK000020981,"1,120.00"
Department of Health,NHS Tameside And Glossop CCG,28/02/2019,C&M-GMS DES Minor Surgery,PRC DELEGATED CO-COMMISSIONING,DENTON MEDICAL PRACTICE,GMK000020981,743.02
Department of Health,NHS Tameside And Glossop CCG,28/02/2019,C&M-GMS Global Sum,PRC DELEGATED CO-COMMISSIONING,DENTON MEDICAL PRACTICE,GMK000020981,"57,118.76"
Department of Health,NHS Tameside And Glossop CCG,28/02/2019,C&M-GMS Prem Other,PRC DELEGATED CO-COMMISSIONING,DENTON MEDICAL PRACTICE,GMK000020981,233.33
Department of Health,NHS Tameside And Glossop CCG,28/02/2019,C&M-GMS QOF Aspiration,PRC DELEGATED CO-COMMISSIONING,DENTON MEDICAL PRACTICE,GMK000020981,"7,158.07"
Department of Health,NHS Tameside And Glossop CCG,28/02/2019,Soc Care-Other Soc Care,NON RECURRENT PROGRAMMES,DERBYSHIRE COUNTY COUNCIL,1.0002E+17,"152,346.00"
Department of Health,NHS Tameside And Glossop CCG,28/02/2019,C&M-GMS DES Learn Dsblty Hlth Chk,PRC DELEGATED CO-COMMISSIONING,DONNEYBROOK MEDICAL CENTRE,GMK000020983,140
Department of Health,NHS Tameside And Glossop CCG,28/02/2019,C&M-GMS DES Minor Surgery,PRC DELEGATED CO-COMMISSIONING,DONNEYBROOK MEDICAL CENTRE,GMK000020983,"1,092.75"
Department of Health,NHS Tameside And Glossop CCG,28/02/2019,C&M-GMS Global Sum,PRC DELEGATED CO-COMMISSIONING,DONNEYBROOK MEDICAL CENTRE,GMK000020983,"74,230.65"
Department of Health,NHS Tameside And Glossop CCG,28/02/2019,C&M-GMS PCO Seniority,PRC DELEGATED CO-COMMISSIONING,DONNEYBROOK MEDICAL CENTRE,GMK000020983,"1,975.72"
Department of Health,NHS Tameside And Glossop CCG,28/02/2019,C&M-GMS Prem Notional Rent,PRC DELEGATED CO-COMMISSIONING,DONNEYBROOK MEDICAL CENTRE,GMK000020983,"4,887.50"
Department of Health,NHS Tameside And Glossop CCG,28/02/2019,C&M-GMS QOF Aspiration,PRC DELEGATED CO-COMMISSIONING,DONNEYBROOK MEDICAL CENTRE,GMK000020983,"9,007.14"
Department of Health,NHS Tameside And Glossop CCG,28/02/2019,C&M-GMS Voluntary Levy,PRC DELEGATED CO-COMMISSIONING,DONNEYBROOK MEDICAL CENTRE,GMK000020982,-221.72
Department of Health,NHS Tameside And Glossop CCG,28/02/2019,ME-GMS GP Pension EEs,PRC DELEGATED CO-COMMISSIONING,DONNEYBROOK MEDICAL CENTRE,GMK000020982,"-4,568.75"
Department of Health,NHS Tameside And Glossop CCG,28/02/2019,ME-GMS GP Pension EEs Adjustments,PRC DELEGATED CO-COMMISSIONING,DONNEYBROOK MEDICAL CENTRE,GMK000020982,"-18,275.00"
Department of Health,NHS Tameside And Glossop CCG,28/02/2019,ME-GMS GP Pension ERs Adjustments,PRC DELEGATED CO-COMMISSIONING,DONNEYBROOK MEDICAL CENTRE,GMK000020982,"-23,643.15"
Department of Health,NHS Tameside And Glossop CCG,28/02/2019,C&M-PMS Contract Value,PRC DELEGATED CO-COMMISSIONING,DROYLSDEN MEDICAL PRACTICE,GMK000020985,"26,619.12"
Department of Health,NHS Tameside And Glossop CCG,28/02/2019,C&M-PMS QOF Aspiration,PRC DELEGATED CO-COMMISSIONING,DROYLSDEN MEDICAL PRACTICE,GMK000020985,"2,390.85"
Department of Health,NHS Tameside And Glossop CCG,28/02/2019,C&M-GMS DES UNPLANNED ADMISSIONS,PRC DELEGATED CO-COMMISSIONING,DUKINFIELD MEDICAL PRACTICE,GMK000021039,"3,538.92"
Department of Health,NHS Tameside And Glossop CCG,28/02/2019,C&M-GMS Global Sum,PRC DELEGATED CO-COMMISSIONING,DUKINFIELD MEDICAL PRACTICE,GMK000021039,"82,719.60"
Department of Health,NHS Tameside And Glossop CCG,28/02/2019,C&M-GMS Prem Notional Rent,PRC DELEGATED CO-COMMISSIONING,DUKINFIELD MEDICAL PRACTICE,GMK000021039,"4,454.16"
Department of Health,NHS Tameside And Glossop CCG,28/02/2019,C&M-GMS QOF Aspiration,PRC DELEGATED CO-COMMISSIONING,DUKINFIELD MEDICAL PRACTICE,GMK000021039,"9,498.22"
Department of Health,NHS Tameside And Glossop CCG,28/02/2019,Clinical&Medical-Independent Sector,OUT OF HOURS,GO TO DOC LTD,6537,"190,921.00"
Department of Health,NHS Tameside And Glossop CCG,28/02/2019,C&M-GMS DES Minor Surgery,PRC DELEGATED CO-COMMISSIONING,GORDON STREET MEDICAL CENTRE,GMK000020987,"1,410.35"
Department of Health,NHS Tameside And Glossop CCG,28/02/2019,C&M-GMS Global Sum,PRC DELEGATED CO-COMMISSIONING,GORDON STREET MEDICAL CENTRE,GMK000020987,"32,837.58"
Department of Health,NHS Tameside And Glossop CCG,28/02/2019,C&M-GMS MPIG Correction Factor,PRC DELEGATED CO-COMMISSIONING,GORDON STREET MEDICAL CENTRE,GMK000020987,490.87
Department of Health,NHS Tameside And Glossop CCG,28/02/2019,C&M-GMS PCO Seniority,PRC DELEGATED CO-COMMISSIONING,GORDON STREET MEDICAL CENTRE,GMK000020987,478.59
Department of Health,NHS Tameside And Glossop CCG,28/02/2019,C&M-GMS Prem Notional Rent,PRC DELEGATED CO-COMMISSIONING,GORDON STREET MEDICAL CENTRE,GMK000020987,"2,250.00"
Department of Health,NHS Tameside And Glossop CCG,28/02/2019,C&M-GMS QOF Aspiration,PRC DELEGATED CO-COMMISSIONING,GORDON STREET MEDICAL CENTRE,GMK000020987,"2,723.64"
Department of Health,NHS Tameside And Glossop CCG,28/02/2019,Hcare Srv Rec Fdtn Trust-Contract Baseline,MENTAL HEALTH CONTRACTS,GREATER MANCHESTER MENTAL HEALTH NHS FOUNDATION TRUST,31101,"27,052.65"
Department of Health,NHS Tameside And Glossop CCG,28/02/2019,C&M-GMS DES Minor Surgery,PRC DELEGATED CO-COMMISSIONING,GROSVENOR MEDICAL CENTRE STALYBRIDGE,GMK000020991,349.68
Department of Health,NHS Tameside And Glossop CCG,28/02/2019,C&M-GMS Global Sum,PRC DELEGATED CO-COMMISSIONING,GROSVENOR MEDICAL CENTRE STALYBRIDGE,GMK000020991,"46,378.58"
Department of Health,NHS Tameside And Glossop CCG,28/02/2019,C&M-GMS MPIG Correction Factor,PRC DELEGATED CO-COMMISSIONING,GROSVENOR MEDICAL CENTRE STALYBRIDGE,GMK000020991,751.2
Department of Health,NHS Tameside And Glossop CCG,28/02/2019,C&M-GMS Prem Notional Rent,PRC DELEGATED CO-COMMISSIONING,GROSVENOR MEDICAL CENTRE STALYBRIDGE,GMK000020991,"3,472.34"
Department of Health,NHS Tameside And Glossop CCG,28/02/2019,C&M-GMS QOF Aspiration,PRC DELEGATED CO-COMMISSIONING,GROSVENOR MEDICAL CENTRE STALYBRIDGE,GMK000020991,"5,556.95"
Department of Health,NHS Tameside And Glossop CCG,28/02/2019,C&M-APMS Other Baseline Adjustment,PRC DELEGATED CO-COMMISSIONING,GTD PRIMARY CARE LTD,185,"141,533.28"
Department of Health,NHS Tameside And Glossop CCG,28/02/2019,C&M-PMS Contract Value,PRC DELEGATED CO-COMMISSIONING,GUIDE BRIDGE MEDICAL PRACTICE,GMK000021037,"30,461.92"
Department of Health,NHS Tameside And Glossop CCG,28/02/2019,C&M-PMS QOF Aspiration,PRC DELEGATED CO-COMMISSIONING,GUIDE BRIDGE MEDICAL PRACTICE,GMK000021037,"2,724.65"
Department of Health,NHS Tameside And Glossop CCG,28/02/2019,C&M-GMS Global Sum,PRC DELEGATED CO-COMMISSIONING,HADFIELD MEDICAL CENTRE,GMK000020989,"23,292.57"
Department of Health,NHS Tameside And Glossop CCG,28/02/2019,C&M-GMS MPIG Correction Factor,PRC DELEGATED CO-COMMISSIONING,HADFIELD MEDICAL CENTRE,GMK000020989,127.98
Department of Health,NHS Tameside And Glossop CCG,28/02/2019,C&M-GMS PCO Seniority,PRC DELEGATED CO-COMMISSIONING,HADFIELD MEDICAL CENTRE,GMK000020989,469.21
Department of Health,NHS Tameside And Glossop CCG,28/02/2019,C&M-GMS Prem Notional Rent,PRC DELEGATED CO-COMMISSIONING,HADFIELD MEDICAL CENTRE,GMK000020989,"3,291.67"
Department of Health,NHS Tameside And Glossop CCG,28/02/2019,C&M-GMS Prem Water Rates,PRC DELEGATED CO-COMMISSIONING,HADFIELD MEDICAL CENTRE,GMK000020989,197.87
Department of Health,NHS Tameside And Glossop CCG,28/02/2019,C&M-GMS QOF Aspiration,PRC DELEGATED CO-COMMISSIONING,HADFIELD MEDICAL CENTRE,GMK000020989,"2,676.51"
Department of Health,NHS Tameside And Glossop CCG,28/02/2019,C&M-GMS Global Sum,PRC DELEGATED CO-COMMISSIONING,HATTERSLEY GROUP PRACTICE,GMK000020993,"41,224.92"
Department of Health,NHS Tameside And Glossop CCG,28/02/2019,C&M-GMS MPIG Correction Factor,PRC DELEGATED CO-COMMISSIONING,HATTERSLEY GROUP PRACTICE,GMK000020993,371.69
Department of Health,NHS Tameside And Glossop CCG,28/02/2019,C&M-GMS QOF Aspiration,PRC DELEGATED CO-COMMISSIONING,HATTERSLEY GROUP PRACTICE,GMK000020993,"4,444.00"
Department of Health,NHS Tameside And Glossop CCG,28/02/2019,ME - GMS GP Prior Year ERs,PRC DELEGATED CO-COMMISSIONING,HATTERSLEY GROUP PRACTICE,GMK000020993,"2,775.40"
Department of Health,NHS Tameside And Glossop CCG,28/02/2019,ME-GMS GP Prior Year EEs,PRC DELEGATED CO-COMMISSIONING,HATTERSLEY GROUP PRACTICE,GMK000020993,"3,259.87"
Department of Health,NHS Tameside And Glossop CCG,28/02/2019,C&M-GMS DES Learn Dsblty Hlth Chk,PRC DELEGATED CO-COMMISSIONING,HAUGHTON THORNLEY MEDICAL CENTRES,GMK000020995,"1,260.00"
Department of Health,NHS Tameside And Glossop CCG,28/02/2019,C&M-GMS DES Minor Surgery,PRC DELEGATED CO-COMMISSIONING,HAUGHTON THORNLEY MEDICAL CENTRES,GMK000020995,"2,666.11"
Department of Health,NHS Tameside And Glossop CCG,28/02/2019,C&M-GMS Global Sum,PRC DELEGATED CO-COMMISSIONING,HAUGHTON THORNLEY MEDICAL CENTRES,GMK000020995,"93,974.76"
Department of Health,NHS Tameside And Glossop CCG,28/02/2019,C&M-GMS Prem Notional Rent,PRC DELEGATED CO-COMMISSIONING,HAUGHTON THORNLEY MEDICAL CENTRES,GMK000020995,"3,095.83"
Department of Health,NHS Tameside And Glossop CCG,28/02/2019,C&M-GMS Prem Other,PRC DELEGATED CO-COMMISSIONING,HAUGHTON THORNLEY MEDICAL CENTRES,GMK000020995,458.33
Department of Health,NHS Tameside And Glossop CCG,28/02/2019,C&M-GMS QOF Aspiration,PRC DELEGATED CO-COMMISSIONING,HAUGHTON THORNLEY MEDICAL CENTRES,GMK000020995,"10,709.22"
Department of Health,NHS Tameside And Glossop CCG,28/02/2019,Cont Care-Learning Disab(<65),CHC AD FULL FUND PERS HLTH BUD,HEALTH YOUR WAY,PHBMAR190006,"45,189.97"
Department of Health,NHS Tameside And Glossop CCG,28/02/2019,C&M-GMS DES Learn Dsblty Hlth Chk,PRC DELEGATED CO-COMMISSIONING,HOWARD MEDICAL PRACTICE,GMK000020997,140
Department of Health,NHS Tameside And Glossop CCG,28/02/2019,C&M-GMS DES Minor Surgery,PRC DELEGATED CO-COMMISSIONING,HOWARD MEDICAL PRACTICE,GMK000020997,"1,486.06"
Department of Health,NHS Tameside And Glossop CCG,28/02/2019,C&M-GMS Global Sum,PRC DELEGATED CO-COMMISSIONING,HOWARD MEDICAL PRACTICE,GMK000020997,"24,896.67"
Department of Health,NHS Tameside And Glossop CCG,28/02/2019,C&M-GMS MPIG Correction Factor,PRC DELEGATED CO-COMMISSIONING,HOWARD MEDICAL PRACTICE,GMK000020997,336.61
Department of Health,NHS Tameside And Glossop CCG,28/02/2019,C&M-GMS Prem Notional Rent,PRC DELEGATED CO-COMMISSIONING,HOWARD MEDICAL PRACTICE,GMK000020997,"2,544.03"
Department of Health,NHS Tameside And Glossop CCG,28/02/2019,C&M-GMS Prem Water Rates,PRC DELEGATED CO-COMMISSIONING,HOWARD MEDICAL PRACTICE,GMK000020997,456.25
Department of Health,NHS Tameside And Glossop CCG,28/02/2019,C&M-GMS QOF Aspiration,PRC DELEGATED CO-COMMISSIONING,HOWARD MEDICAL PRACTICE,GMK000020997,"2,843.75"
Department of Health,NHS Tameside And Glossop CCG,28/02/2019,C&M-GMS DES Learn Dsblty Hlth Chk,PRC DELEGATED CO-COMMISSIONING,HT PRACTICE,GMK000020999,840
Department of Health,NHS Tameside And Glossop CCG,28/02/2019,C&M-GMS DES Minor Surgery,PRC DELEGATED CO-COMMISSIONING,HT PRACTICE,GMK000020999,568.21
Department of Health,NHS Tameside And Glossop CCG,28/02/2019,C&M-GMS Global Sum,PRC DELEGATED CO-COMMISSIONING,HT PRACTICE,GMK000020999,"64,733.38"
Department of Health,NHS Tameside And Glossop CCG,28/02/2019,C&M-GMS MPIG Correction Factor,PRC DELEGATED CO-COMMISSIONING,HT PRACTICE,GMK000020999,171.31
Department of Health,NHS Tameside And Glossop CCG,28/02/2019,C&M-GMS Prem Healthcentre Rent,PRC DELEGATED CO-COMMISSIONING,HT PRACTICE,GMK000020999,"140,693.41"
Department of Health,NHS Tameside And Glossop CCG,28/02/2019,C&M-GMS Prem Notional Rent,PRC DELEGATED CO-COMMISSIONING,HT PRACTICE,GMK000020999,"1,850.00"
Department of Health,NHS Tameside And Glossop CCG,28/02/2019,C&M-GMS QOF Aspiration,PRC DELEGATED CO-COMMISSIONING,HT PRACTICE,GMK000020999,"6,034.74"
Department of Health,NHS Tameside And Glossop CCG,28/02/2019,Clinical&Medical-Independent Sector,ACUTE COMMISSIONING,HYDE PHYSIOTHERAPY CENTRE,201902,"55,685.00"
Department of Health,NHS Tameside And Glossop CCG,28/02/2019,Clinical&Medical-Independent Sector,CLINICAL ASSESSMENT AND TREATMENT CENTRES,INHEALTH CATS LTD,CATIN000427,"71,182.50"
Department of Health,NHS Tameside And Glossop CCG,28/02/2019,Clinical&Medical-Independent Sector,CLINICAL ASSESSMENT AND TREATMENT CENTRES,INHEALTH CATS LTD,CATIN000422,"28,219.03"
Department of Health,NHS Tameside And Glossop CCG,28/02/2019,C&M-GMS Global Sum,PRC DELEGATED CO-COMMISSIONING,KING STREET MEDICAL CENTRE DUKINFIELD,GMK000021003,"27,341.94"
Department of Health,NHS Tameside And Glossop CCG,28/02/2019,C&M-GMS Prem Notional Rent,PRC DELEGATED CO-COMMISSIONING,KING STREET MEDICAL CENTRE DUKINFIELD,GMK000021003,"1,937.50"
Department of Health,NHS Tameside And Glossop CCG,28/02/2019,C&M-GMS QOF Aspiration,PRC DELEGATED CO-COMMISSIONING,KING STREET MEDICAL CENTRE DUKINFIELD,GMK000021003,"2,322.21"
Department of Health,NHS Tameside And Glossop CCG,28/02/2019,C&M-GMS DES Learn Dsblty Hlth Chk,PRC DELEGATED CO-COMMISSIONING,LAMBGATES SURGERY,GMK000021001,840
Department of Health,NHS Tameside And Glossop CCG,28/02/2019,C&M-GMS DES Minor Surgery,PRC DELEGATED CO-COMMISSIONING,LAMBGATES SURGERY,GMK000021001,568.22
Department of Health,NHS Tameside And Glossop CCG,28/02/2019,C&M-GMS Global Sum,PRC DELEGATED CO-COMMISSIONING,LAMBGATES SURGERY,GMK000021001,"45,123.59"
Department of Health,NHS Tameside And Glossop CCG,28/02/2019,C&M-GMS MPIG Correction Factor,PRC DELEGATED CO-COMMISSIONING,LAMBGATES SURGERY,GMK000021001,694.54
Department of Health,NHS Tameside And Glossop CCG,28/02/2019,C&M-GMS Prem Water Rates,PRC DELEGATED CO-COMMISSIONING,LAMBGATES SURGERY,GMK000021001,466.52
Department of Health,NHS Tameside And Glossop CCG,28/02/2019,C&M-GMS QOF Aspiration,PRC DELEGATED CO-COMMISSIONING,LAMBGATES SURGERY,GMK000021001,"5,867.40"
Department of Health,NHS Tameside And Glossop CCG,28/02/2019,C&M-GMS DES Learn Dsblty Hlth Chk,PRC DELEGATED CO-COMMISSIONING,LOCKSIDE MEDICAL CENTRE,GMK000021005,560
Department of Health,NHS Tameside And Glossop CCG,28/02/2019,C&M-GMS DES Minor Surgery,PRC DELEGATED CO-COMMISSIONING,LOCKSIDE MEDICAL CENTRE,GMK000021005,917.9
Department of Health,NHS Tameside And Glossop CCG,28/02/2019,C&M-GMS Global Sum,PRC DELEGATED CO-COMMISSIONING,LOCKSIDE MEDICAL CENTRE,GMK000021005,"54,858.71"
Department of Health,NHS Tameside And Glossop CCG,28/02/2019,C&M-GMS MPIG Correction Factor,PRC DELEGATED CO-COMMISSIONING,LOCKSIDE MEDICAL CENTRE,GMK000021005,610.79
Department of Health,NHS Tameside And Glossop CCG,28/02/2019,C&M-GMS Prem Notional Rent,PRC DELEGATED CO-COMMISSIONING,LOCKSIDE MEDICAL CENTRE,GMK000021005,"3,438.08"
Department of Health,NHS Tameside And Glossop CCG,28/02/2019,C&M-GMS QOF Aspiration,PRC DELEGATED CO-COMMISSIONING,LOCKSIDE MEDICAL CENTRE,GMK000021005,"5,867.63"
Department of Health,NHS Tameside And Glossop CCG,28/02/2019,Hcare Srv Rec Fdtn Trust-CQUIN,ACUTE COMMISSIONING,MANCHESTER UNIVERSITY NHS FOUNDATION TRUST,424263,"63,260.00"
Department of Health,NHS Tameside And Glossop CCG,28/02/2019,Hcare Srv Rec Fdtn Trust-Contract Baseline,ACUTE COMMISSIONING,MANCHESTER UNIVERSITY NHS FOUNDATION TRUST,424263,"2,542,820.92"
Department of Health,NHS Tameside And Glossop CCG,28/02/2019,Hcare Srv Rec Fdtn Trust-Non Contract,ACUTE COMMISSIONING,MANCHESTER UNIVERSITY NHS FOUNDATION TRUST,426670,"49,875.00"
Department of Health,NHS Tameside And Glossop CCG,28/02/2019,Hcare Srv Rec Fdtn Trust-Over/ Under Performance,ACUTE COMMISSIONING,MANCHESTER UNIVERSITY NHS FOUNDATION TRUST,426950,"154,905.00"
Department of Health,NHS Tameside And Glossop CCG,28/02/2019,C&M-PMS Contract Value,PRC DELEGATED CO-COMMISSIONING,MANOR HOUSE SURGERY GLOSSOP,GMK000021009,"92,659.49"
Department of Health,NHS Tameside And Glossop CCG,28/02/2019,C&M-PMS DES Minor Surgery,PRC DELEGATED CO-COMMISSIONING,MANOR HOUSE SURGERY GLOSSOP,GMK000021009,"3,492.86"
Department of Health,NHS Tameside And Glossop CCG,28/02/2019,C&M-PMS Funding Differential Review,PRC DELEGATED CO-COMMISSIONING,MANOR HOUSE SURGERY GLOSSOP,GMK000021009,875.79
Department of Health,NHS Tameside And Glossop CCG,28/02/2019,C&M-PMS PCO Seniority,PRC DELEGATED CO-COMMISSIONING,MANOR HOUSE SURGERY GLOSSOP,GMK000021009,"2,081.02"
Department of Health,NHS Tameside And Glossop CCG,28/02/2019,C&M-PMS Prem Notional Rent,PRC DELEGATED CO-COMMISSIONING,MANOR HOUSE SURGERY GLOSSOP,GMK000021009,"7,500.00"
Department of Health,NHS Tameside And Glossop CCG,28/02/2019,C&M-PMS Prem Water Rates,PRC DELEGATED CO-COMMISSIONING,MANOR HOUSE SURGERY GLOSSOP,GMK000021009,780.45
Department of Health,NHS Tameside And Glossop CCG,28/02/2019,C&M-PMS QOF Aspiration,PRC DELEGATED CO-COMMISSIONING,MANOR HOUSE SURGERY GLOSSOP,GMK000021009,"12,208.61"
Department of Health,NHS Tameside And Glossop CCG,28/02/2019,Clinical&Medical-Independent Sector,ACUTE COMMISSIONING,MARIE STOPES INTERNATIONAL,MS190100,"25,116.02"
Department of Health,NHS Tameside And Glossop CCG,28/02/2019,C&M-GMS DES Minor Surgery,PRC DELEGATED CO-COMMISSIONING,MARKET STREET MEDICAL PRACTICE,GMK000021007,611.91
Department of Health,NHS Tameside And Glossop CCG,28/02/2019,C&M-GMS Global Sum,PRC DELEGATED CO-COMMISSIONING,MARKET STREET MEDICAL PRACTICE,GMK000021007,"46,300.46"
Department of Health,NHS Tameside And Glossop CCG,28/02/2019,C&M-GMS PCO Locum Adop/Pat/Mat,PRC DELEGATED CO-COMMISSIONING,MARKET STREET MEDICAL PRACTICE,GMK000021007,"1,404.37"
Department of Health,NHS Tameside And Glossop CCG,28/02/2019,C&M-GMS Prem Actual Rent,PRC DELEGATED CO-COMMISSIONING,MARKET STREET MEDICAL PRACTICE,GMK000021007,"2,837.50"
Department of Health,NHS Tameside And Glossop CCG,28/02/2019,C&M-GMS Prem Water Rates,PRC DELEGATED CO-COMMISSIONING,MARKET STREET MEDICAL PRACTICE,GMK000021007,76.86
Department of Health,NHS Tameside And Glossop CCG,28/02/2019,C&M-GMS QOF Aspiration,PRC DELEGATED CO-COMMISSIONING,MARKET STREET MEDICAL PRACTICE,GMK000021007,"5,284.22"
Department of Health,NHS Tameside And Glossop CCG,28/02/2019,C&M-GMS DES Learn Dsblty Hlth Chk,PRC DELEGATED CO-COMMISSIONING,MEDLOCK VALE MEDICAL PRACTICE,GMK000021015,980
Department of Health,NHS Tameside And Glossop CCG,28/02/2019,C&M-GMS DES Minor Surgery,PRC DELEGATED CO-COMMISSIONING,MEDLOCK VALE MEDICAL PRACTICE,GMK000021015,"1,354.94"
Department of Health,NHS Tameside And Glossop CCG,28/02/2019,C&M-GMS Global Sum,PRC DELEGATED CO-COMMISSIONING,MEDLOCK VALE MEDICAL PRACTICE,GMK000021015,"63,499.78"
Department of Health,NHS Tameside And Glossop CCG,28/02/2019,C&M-GMS Prem Notional Rent,PRC DELEGATED CO-COMMISSIONING,MEDLOCK VALE MEDICAL PRACTICE,GMK000021015,"4,062.50"
Department of Health,NHS Tameside And Glossop CCG,28/02/2019,C&M-GMS QOF Aspiration,PRC DELEGATED CO-COMMISSIONING,MEDLOCK VALE MEDICAL PRACTICE,GMK000021015,"6,319.00"
Department of Health,NHS Tameside And Glossop CCG,28/02/2019,C&M-PMS Contract Value,PRC DELEGATED CO-COMMISSIONING,MILLBROOK MEDICAL PRACTICE,GMK000021011,"21,372.29"
Department of Health,NHS Tameside And Glossop CCG,28/02/2019,C&M-PMS Prem Healthcentre Rent,PRC DELEGATED CO-COMMISSIONING,MILLBROOK MEDICAL PRACTICE,GMK000021011,"154,349.55"
Department of Health,NHS Tameside And Glossop CCG,28/02/2019,C&M-PMS QOF Aspiration,PRC DELEGATED CO-COMMISSIONING,MILLBROOK MEDICAL PRACTICE,GMK000021011,"1,664.30"
Department of Health,NHS Tameside And Glossop CCG,28/02/2019,C&M-GMS DES Learn Dsblty Hlth Chk,PRC DELEGATED CO-COMMISSIONING,MILLGATE HEALTHCARE PARTNERSHIP,GMK000021033,"2,520.00"
Department of Health,NHS Tameside And Glossop CCG,28/02/2019,C&M-GMS Global Sum,PRC DELEGATED CO-COMMISSIONING,MILLGATE HEALTHCARE PARTNERSHIP,GMK000021033,"149,870.36"
Department of Health,NHS Tameside And Glossop CCG,28/02/2019,C&M-GMS MPIG Correction Factor,PRC DELEGATED CO-COMMISSIONING,MILLGATE HEALTHCARE PARTNERSHIP,GMK000021033,425.43
Department of Health,NHS Tameside And Glossop CCG,28/02/2019,C&M-GMS Prem Notional Rent,PRC DELEGATED CO-COMMISSIONING,MILLGATE HEALTHCARE PARTNERSHIP,GMK000021033,"5,262.50"
Department of Health,NHS Tameside And Glossop CCG,28/02/2019,C&M-GMS QOF Aspiration,PRC DELEGATED CO-COMMISSIONING,MILLGATE HEALTHCARE PARTNERSHIP,GMK000021033,"17,459.92"
Department of Health,NHS Tameside And Glossop CCG,28/02/2019,Healthcare Srv Rec CCG,MENTAL HEALTH SERVICES - ADULTS,NHS FYLDE & WYRE CCG,7014102108,"105,012.00"
Department of Health,NHS Tameside And Glossop CCG,28/02/2019,Other Gen Supplies & Srv,PROGRAMME PROJECTS,NHS MANCHESTER CCG,7031300446,"70,300.00"
Department of Health,NHS Tameside And Glossop CCG,28/02/2019,Clinical&Medical-Serv Recd-CCGs,CONTINUING HEALTHCARE ASSESSMENT & SUPPORT,NHS OLDHAM CCG,7011705215,"4,005.00"
Department of Health,NHS Tameside And Glossop CCG,28/02/2019,Clinical&Medical-Serv Recd-CCGs,CORPORATE COSTS & SERVICES,NHS OLDHAM CCG,7011705215,"1,736.00"
Department of Health,NHS Tameside And Glossop CCG,28/02/2019,Clinical&Medical-Serv Recd-CCGs,FINANCE,NHS OLDHAM CCG,7011705215,"16,037.00"
Department of Health,NHS Tameside And Glossop CCG,28/02/2019,Clinical&Medical-Serv Recd-CCGs,HUMAN RESOURCES,NHS OLDHAM CCG,7011705215,10
Department of Health,NHS Tameside And Glossop CCG,28/02/2019,Clinical&Medical-Serv Recd-CCGs,MEDICINES MANAGEMENT - CLINICAL,NHS OLDHAM CCG,7011705215,"7,038.00"
Department of Health,NHS Tameside And Glossop CCG,28/02/2019,Clinical&Medical-Serv Recd-CCGs,NHS 111,NHS OLDHAM CCG,7011705215,"1,479.00"
Department of Health,NHS Tameside And Glossop CCG,28/02/2019,Healthcare Srv Rec CCG,COMMISSIONING - NON ACUTE,NHS OLDHAM CCG,7011705215,"1,321.00"
Department of Health,NHS Tameside And Glossop CCG,28/02/2019,C&M-GMS IT Comm Servs -GP Practices,PRIMARY CARE IT,NHS OLDHAM CCG,7011705205,"65,953.00"
Department of Health,NHS Tameside And Glossop CCG,28/02/2019,Clinical&Medical-Serv Recd-CCGs,PROGRAMME PROJECTS,NHS OLDHAM CCG,7011705205,"5,725.00"
Department of Health,NHS Tameside And Glossop CCG,28/02/2019,Utilisation-Other Provs/Liabs<1Yr,BALANCE SHEET,NHS PROPERTY SERVICES LTD,NAVS04437,"119,836.00"
Department of Health,NHS Tameside And Glossop CCG,28/02/2019,Hcare Srv Rec NHS Trust-Contract Baseline,PATIENT TRANSPORT,NORTH WEST AMBULANCE SERVICE NHS TRUST,4110043908,"90,735.00"
Department of Health,NHS Tameside And Glossop CCG,28/02/2019,Hcare Srv Rec NHS Trust-Over/ Under Performance,NHS 111,NORTH WEST AMBULANCE SERVICE NHS TRUST,4110043783,"40,818.00"
Department of Health,NHS Tameside And Glossop CCG,28/02/2019,Hcare Srv Rec NHS Trust-Contract Baseline,AMBULANCE SERVICES,NORTH WEST AMBULANCE SERVICE NHS TRUST,4110043850,"663,559.00"
Department of Health,NHS Tameside And Glossop CCG,28/02/2019,Hcare Srv Rec NHS Trust-CQUIN,ACUTE COMMISSIONING,PENNINE ACUTE HOSPITALS NHS TRUST,A0013595,"6,373.00"
Department of Health,NHS Tameside And Glossop CCG,28/02/2019,Hcare Srv Rec NHS Trust-Contract Baseline,ACUTE COMMISSIONING,PENNINE ACUTE HOSPITALS NHS TRUST,A0013595,"284,632.00"
Department of Health,NHS Tameside And Glossop CCG,28/02/2019,Hcare Srv Rec Fdtn Trust-Contract Baseline,MENTAL HEALTH CONTRACTS,PENNINE CARE NHS FOUNDATION TRUST,1010033811,"1,922,736.00"
Department of Health,NHS Tameside And Glossop CCG,28/02/2019,Hcare Srv Rec Fdtn Trust-CQUIN,MENTAL HEALTH CONTRACTS,PENNINE CARE NHS FOUNDATION TRUST,1010033842,"28,759.00"
Department of Health,NHS Tameside And Glossop CCG,28/02/2019,Hcare Srv Rec Fdtn Trust-Non Contract,MENTAL HEALTH SERVICES - OTHER,PENNINE CARE NHS FOUNDATION TRUST,1010033829,"33,915.00"
Department of Health,NHS Tameside And Glossop CCG,28/02/2019,Hcare Srv Rec Fdtn Trust-Prior Year,MENTAL HEALTH CONTRACTS,PENNINE CARE NHS FOUNDATION TRUST,2643,"-90,766.00"
Department of Health,NHS Tameside And Glossop CCG,28/02/2019,Clinical&Medical-Commercial Sector,WHEELCHAIR SERVICE,ROSS AUTO ENGINEERING LTD,24248,"50,286.70"
Department of Health,NHS Tameside And Glossop CCG,28/02/2019,Clinical&Medical-Commercial Sector,WHEELCHAIR SERVICE,ROSS AUTO ENGINEERING LTD,24406,"50,286.70"
Department of Health,NHS Tameside And Glossop CCG,28/02/2019,Clinical&Medical-Clinical Other,PRIMARY CARE INVESTMENTS,ROYAL COLLEGE OF GENERAL PRACTITIONERS,INVOTH003537,"39,600.00"
Department of Health,NHS Tameside And Glossop CCG,28/02/2019,Clinical&Medical-Clinical Other,PRIMARY CARE INVESTMENTS,ROYAL COLLEGE OF GENERAL PRACTITIONERS,INVOTH003538,"39,600.00"
Department of Health,NHS Tameside And Glossop CCG,28/02/2019,Clinical&Medical-Clinical Other,PRIMARY CARE INVESTMENTS,ROYAL COLLEGE OF GENERAL PRACTITIONERS,INVOTH003536,"40,800.00"
Department of Health,NHS Tameside And Glossop CCG,28/02/2019,Clinical&Medical-Clinical Other,PRIMARY CARE INVESTMENTS,ROYAL COLLEGE OF GENERAL PRACTITIONERS,INVOTH003539,"39,600.00"
Department of Health,NHS Tameside And Glossop CCG,28/02/2019,Hcare Srv Rec Fdtn Trust-CQUIN,ACUTE COMMISSIONING,SALFORD ROYAL HOSPITALS NHS FOUNDATION TRUST,S0022778,"9,563.00"
Department of Health,NHS Tameside And Glossop CCG,28/02/2019,Hcare Srv Rec Fdtn Trust-Contract Baseline,ACUTE COMMISSIONING,SALFORD ROYAL HOSPITALS NHS FOUNDATION TRUST,S0022778,"436,270.00"
Department of Health,NHS Tameside And Glossop CCG,28/02/2019,C&M-GMS Global Sum,PRC DELEGATED CO-COMMISSIONING,SIMMONDLEY MEDICAL PRACTICE,GMK000021021,"23,006.31"
Department of Health,NHS Tameside And Glossop CCG,28/02/2019,C&M-GMS MPIG Correction Factor,PRC DELEGATED CO-COMMISSIONING,SIMMONDLEY MEDICAL PRACTICE,GMK000021021,"1,076.66"
Department of Health,NHS Tameside And Glossop CCG,28/02/2019,C&M-GMS Prem Notional Rent,PRC DELEGATED CO-COMMISSIONING,SIMMONDLEY MEDICAL PRACTICE,GMK000021021,"2,389.58"
Department of Health,NHS Tameside And Glossop CCG,28/02/2019,C&M-GMS QOF Aspiration,PRC DELEGATED CO-COMMISSIONING,SIMMONDLEY MEDICAL PRACTICE,GMK000021021,"2,300.62"
Department of Health,NHS Tameside And Glossop CCG,28/02/2019,C&M-GMS DES Learn Dsblty Hlth Chk,PRC DELEGATED CO-COMMISSIONING,SMITHY,GMK000021019,140
Department of Health,NHS Tameside And Glossop CCG,28/02/2019,C&M-GMS DES Minor Surgery,PRC DELEGATED CO-COMMISSIONING,SMITHY,GMK000021019,393.39
Department of Health,NHS Tameside And Glossop CCG,28/02/2019,C&M-GMS Global Sum,PRC DELEGATED CO-COMMISSIONING,SMITHY,GMK000021019,"33,481.53"
Department of Health,NHS Tameside And Glossop CCG,28/02/2019,C&M-GMS MPIG Correction Factor,PRC DELEGATED CO-COMMISSIONING,SMITHY,GMK000021019,290.52
Department of Health,NHS Tameside And Glossop CCG,28/02/2019,C&M-GMS Prem Notional Rent,PRC DELEGATED CO-COMMISSIONING,SMITHY,GMK000021019,"2,437.50"
Department of Health,NHS Tameside And Glossop CCG,28/02/2019,C&M-GMS QOF Aspiration,PRC DELEGATED CO-COMMISSIONING,SMITHY,GMK000021019,"3,350.00"
Department of Health,NHS Tameside And Glossop CCG,28/02/2019,Clinical&Medical-Independent Sector,ACUTE COMMISSIONING,SPAMEDICA LTD,NHSTMG130,"93,711.31"
Department of Health,NHS Tameside And Glossop CCG,28/02/2019,Clinical&Medical-Independent Sector,ACUTE COMMISSIONING,SPAMEDICA LTD,NHSTMG131,"36,858.52"
Department of Health,NHS Tameside And Glossop CCG,28/02/2019,Clinical&Medical-Independent Sector,ACUTE COMMISSIONING,SPECSAVERS HEARCARE LTD,21960283,"26,381.31"
Department of Health,NHS Tameside And Glossop CCG,28/02/2019,Clinical&Medical-Independent Sector,ACUTE COMMISSIONING,SPECSAVERS HEARCARE LTD,21960288,"30,379.99"
Department of Health,NHS Tameside And Glossop CCG,28/02/2019,C&M-GMS Global Sum,PRC DELEGATED CO-COMMISSIONING,ST ANDREWS HOUSE,GMK000021023,"40,360.06"
Department of Health,NHS Tameside And Glossop CCG,28/02/2019,C&M-GMS Prem Notional Rent,PRC DELEGATED CO-COMMISSIONING,ST ANDREWS HOUSE,GMK000021023,"4,055.75"
Department of Health,NHS Tameside And Glossop CCG,28/02/2019,C&M-GMS QOF Aspiration,PRC DELEGATED CO-COMMISSIONING,ST ANDREWS HOUSE,GMK000021023,"4,086.12"
Department of Health,NHS Tameside And Glossop CCG,28/02/2019,C&M-GMS DES Minor Surgery,PRC DELEGATED CO-COMMISSIONING,STAMFORD HOUSE,GMK000021027,"16,338.96"
Department of Health,NHS Tameside And Glossop CCG,28/02/2019,C&M-GMS DES Violent Patients,PRC DELEGATED CO-COMMISSIONING,STAMFORD HOUSE,GMK000021027,300
Department of Health,NHS Tameside And Glossop CCG,28/02/2019,C&M-GMS Global Sum,PRC DELEGATED CO-COMMISSIONING,STAMFORD HOUSE,GMK000021027,"30,929.58"
Department of Health,NHS Tameside And Glossop CCG,28/02/2019,C&M-GMS MPIG Correction Factor,PRC DELEGATED CO-COMMISSIONING,STAMFORD HOUSE,GMK000021027,582.97
Department of Health,NHS Tameside And Glossop CCG,28/02/2019,C&M-GMS Prem Actual Rent,PRC DELEGATED CO-COMMISSIONING,STAMFORD HOUSE,GMK000021027,"1,936.25"
Department of Health,NHS Tameside And Glossop CCG,28/02/2019,C&M-GMS Prem Water Rates,PRC DELEGATED CO-COMMISSIONING,STAMFORD HOUSE,GMK000021027,501.16
Department of Health,NHS Tameside And Glossop CCG,28/02/2019,C&M-GMS QOF Aspiration,PRC DELEGATED CO-COMMISSIONING,STAMFORD HOUSE,GMK000021027,"3,193.10"
Department of Health,NHS Tameside And Glossop CCG,28/02/2019,C&M-GMS DES Minor Surgery,PRC DELEGATED CO-COMMISSIONING,STAVELEIGH MEDICAL CENTRE,GMK000021025,830.45
Department of Health,NHS Tameside And Glossop CCG,28/02/2019,C&M-GMS Global Sum,PRC DELEGATED CO-COMMISSIONING,STAVELEIGH MEDICAL CENTRE,GMK000021025,"49,754.64"
Department of Health,NHS Tameside And Glossop CCG,28/02/2019,C&M-GMS Prem Cost Rent,PRC DELEGATED CO-COMMISSIONING,STAVELEIGH MEDICAL CENTRE,GMK000021025,"3,232.75"
Department of Health,NHS Tameside And Glossop CCG,28/02/2019,C&M-GMS Prem Water Rates,PRC DELEGATED CO-COMMISSIONING,STAVELEIGH MEDICAL CENTRE,GMK000021025,471.53
Department of Health,NHS Tameside And Glossop CCG,28/02/2019,C&M-GMS QOF Aspiration,PRC DELEGATED CO-COMMISSIONING,STAVELEIGH MEDICAL CENTRE,GMK000021025,"5,670.37"
Department of Health,NHS Tameside And Glossop CCG,28/02/2019,Hcare Srv Rec Fdtn Trust-Contract Baseline,ACUTE COMMISSIONING,STOCKPORT NHS FOUNDATION TRUST,40079545,"857,886.00"
Department of Health,NHS Tameside And Glossop CCG,28/02/2019,Hcare Srv Rec Fdtn Trust-Over/ Under Performance,ACUTE COMMISSIONING,STOCKPORT NHS FOUNDATION TRUST,40079952,"-196,462.00"
Department of Health,NHS Tameside And Glossop CCG,28/02/2019,Clinical Leads,CLINICAL LEADS,TAMESIDE HOSPITAL NHS FOUNDATION TRUST,T0002623,"19,013.00"
Department of Health,NHS Tameside And Glossop CCG,28/02/2019,Clinical&Medical-Serv Recd-F Trsts,COMMUNITY SERVICES,TAMESIDE HOSPITAL NHS FOUNDATION TRUST,T0002623,"182,233.00"
Department of Health,NHS Tameside And Glossop CCG,28/02/2019,Hcare Srv Rec Fdtn Trust-Contract Baseline,COMMUNITY SERVICES,TAMESIDE HOSPITAL NHS FOUNDATION TRUST,T0002623,"308,333.00"
Department of Health,NHS Tameside And Glossop CCG,28/02/2019,Hcare Srv Rec Fdtn Trust-Non Contract,CORPORATE GOVERNANCE,TAMESIDE HOSPITAL NHS FOUNDATION TRUST,T0002623,"5,000.00"
Department of Health,NHS Tameside And Glossop CCG,28/02/2019,Hcare Srv Rec Fdtn Trust-Non Contract,MENTAL HEALTH SERVICES - OTHER,TAMESIDE HOSPITAL NHS FOUNDATION TRUST,T0002623,"94,667.00"
Department of Health,NHS Tameside And Glossop CCG,28/02/2019,Hcare Srv Rec Fdtn Trust-Non Contract,WINTER PRESSURES,TAMESIDE HOSPITAL NHS FOUNDATION TRUST,T0002623,"10,817,858.50"
Department of Health,NHS Tameside And Glossop CCG,28/02/2019,Seconded-Basic Sal-Staff fm oth org,MEDICINES MANAGEMENT - CLINICAL,TAMESIDE HOSPITAL NHS FOUNDATION TRUST,T0002623,"6,697.00"
Department of Health,NHS Tameside And Glossop CCG,28/02/2019,Seconded-Employer's NHI Costs,MEDICINES MANAGEMENT - CLINICAL,TAMESIDE HOSPITAL NHS FOUNDATION TRUST,T0002623,731
Department of Health,NHS Tameside And Glossop CCG,28/02/2019,Seconded-Employer's Pension Costs,MEDICINES MANAGEMENT - CLINICAL,TAMESIDE HOSPITAL NHS FOUNDATION TRUST,T0002623,339
Department of Health,NHS Tameside And Glossop CCG,28/02/2019,Voids and Subsidies,RECHARGES NHS PROPERTY SERVICES LTD,TAMESIDE HOSPITAL NHS FOUNDATION TRUST,T0002399,"271,957.16"
Department of Health,NHS Tameside And Glossop CCG,28/02/2019,Hcare Srv Rec Fdtn Trust-Non Contract,EXCEPTIONS & PRIOR APPROVALS,TAMESIDE HOSPITAL NHS FOUNDATION TRUST,T0002400,"1,516,863.00"
Department of Health,NHS Tameside And Glossop CCG,28/02/2019,Hlthcre-Foundation Trsts,Winter Resilience,TAMESIDE HOSPITAL NHS FOUNDATION TRUST,T0002631,"95,946.00"
Department of Health,NHS Tameside And Glossop CCG,28/02/2019,Clinical&Medical-Serv Recd-F Trsts,COMMUNITY SERVICES,TAMESIDE HOSPITAL NHS FOUNDATION TRUST,T0002098,"108,264.00"
Department of Health,NHS Tameside And Glossop CCG,28/02/2019,Clinical&Medical-Serv Recd-F Trsts,COMMUNITY SERVICES,TAMESIDE HOSPITAL NHS FOUNDATION TRUST,X0000218,"-40,930.67"
Department of Health,NHS Tameside And Glossop CCG,28/02/2019,Clinical&Medical-Othe Public Sector,COMMUNITY SERVICES,TAMESIDE METROPOLITAN BOROUGH COUNCIL,68002558,"3,335,276.54"
Department of Health,NHS Tameside And Glossop CCG,28/02/2019,C&M-GMS DES Minor Surgery,PRC DELEGATED CO-COMMISSIONING,TOWN HALL SURGERY,GMK000021029,349.68
Department of Health,NHS Tameside And Glossop CCG,28/02/2019,C&M-GMS Global Sum,PRC DELEGATED CO-COMMISSIONING,TOWN HALL SURGERY,GMK000021029,"24,042.04"
Department of Health,NHS Tameside And Glossop CCG,28/02/2019,C&M-GMS Prem Notional Rent,PRC DELEGATED CO-COMMISSIONING,TOWN HALL SURGERY,GMK000021029,"1,891.67"
Department of Health,NHS Tameside And Glossop CCG,28/02/2019,C&M-GMS QOF Aspiration,PRC DELEGATED CO-COMMISSIONING,TOWN HALL SURGERY,GMK000021029,"2,458.87"
Department of Health,NHS Tameside And Glossop CCG,28/02/2019,C&M-GMS DES Minor Surgery,PRC DELEGATED CO-COMMISSIONING,WEST END MEDICAL CENTRE,GMK000021030,305.97
Department of Health,NHS Tameside And Glossop CCG,28/02/2019,C&M-GMS DES Violent Patients,PRC DELEGATED CO-COMMISSIONING,WEST END MEDICAL CENTRE,GMK000021030,"3,582.60"
Department of Health,NHS Tameside And Glossop CCG,28/02/2019,C&M-GMS Global Sum,PRC DELEGATED CO-COMMISSIONING,WEST END MEDICAL CENTRE,GMK000021030,"35,486.65"
Department of Health,NHS Tameside And Glossop CCG,28/02/2019,C&M-GMS Prem Notional Rent,PRC DELEGATED CO-COMMISSIONING,WEST END MEDICAL CENTRE,GMK000021030,"3,600.00"
Department of Health,NHS Tameside And Glossop CCG,28/02/2019,C&M-GMS QOF Aspiration,PRC DELEGATED CO-COMMISSIONING,WEST END MEDICAL CENTRE,GMK000021030,"3,237.95"
Department of Health,NHS Tameside And Glossop CCG,28/02/2019,Hcare Srv Rec Fdtn Trust-CQUIN,ACUTE COMMISSIONING,WRIGHTINGTON WIGAN & LEIGH NHS FOUNDATION TRUST,55585273,"2,276.00"
Department of Health,NHS Tameside And Glossop CCG,28/02/2019,Hcare Srv Rec Fdtn Trust-Contract Baseline,ACUTE COMMISSIONING,WRIGHTINGTON WIGAN & LEIGH NHS FOUNDATION TRUST,55585273,"91,929.00"
