Department family,Entity,Date,Expense Type,Expense area,Supplier,Purchase invoice number,AP Amount (�)
Department of Health,NHS Tameside And Glossop CCG,31/12/2018,C&M-PMS Contract Value,PRC DELEGATED CO-COMMISSIONING,ALBION MEDICAL PRACTICE,GMK000020375,"75,448.12"
Department of Health,NHS Tameside And Glossop CCG,31/12/2018,C&M-PMS DES Learn Dsblty Hlth Chk,PRC DELEGATED CO-COMMISSIONING,ALBION MEDICAL PRACTICE,GMK000020375,280
Department of Health,NHS Tameside And Glossop CCG,31/12/2018,C&M-PMS DES Minor Surgery,PRC DELEGATED CO-COMMISSIONING,ALBION MEDICAL PRACTICE,GMK000020375,699.36
Department of Health,NHS Tameside And Glossop CCG,31/12/2018,C&M-PMS Funding Differential Review,PRC DELEGATED CO-COMMISSIONING,ALBION MEDICAL PRACTICE,GMK000020375,746.61
Department of Health,NHS Tameside And Glossop CCG,31/12/2018,C&M-PMS Prem Notional Rent,PRC DELEGATED CO-COMMISSIONING,ALBION MEDICAL PRACTICE,GMK000020375,"4,404.17"
Department of Health,NHS Tameside And Glossop CCG,31/12/2018,C&M-PMS Prem Water Rates,PRC DELEGATED CO-COMMISSIONING,ALBION MEDICAL PRACTICE,GMK000020375,290.18
Department of Health,NHS Tameside And Glossop CCG,31/12/2018,C&M-PMS QOF Aspiration,PRC DELEGATED CO-COMMISSIONING,ALBION MEDICAL PRACTICE,GMK000020375,"8,587.76"
Department of Health,NHS Tameside And Glossop CCG,31/12/2018,C&M-APMS DES Extended Hours Access,PRC DELEGATED CO-COMMISSIONING,ASHTON GP SERVICE,GMK000020371,"1,743.73"
Department of Health,NHS Tameside And Glossop CCG,31/12/2018,C&M-APMS DES Minor Surgery,PRC DELEGATED CO-COMMISSIONING,ASHTON GP SERVICE,GMK000020371,218.54
Department of Health,NHS Tameside And Glossop CCG,31/12/2018,C&M-APMS DES Violent Patients,PRC DELEGATED CO-COMMISSIONING,ASHTON GP SERVICE,GMK000020371,"1,066.25"
Department of Health,NHS Tameside And Glossop CCG,31/12/2018,C&M-PMS Contract Value,PRC DELEGATED CO-COMMISSIONING,ASHTON GP SERVICE,GMK000020371,"25,085.93"
Department of Health,NHS Tameside And Glossop CCG,31/12/2018,C&M-PMS QOF Aspiration,PRC DELEGATED CO-COMMISSIONING,ASHTON GP SERVICE,GMK000020371,"1,594.48"
Department of Health,NHS Tameside And Glossop CCG,31/12/2018,C&M-GMS DES Extended Hours Access,PRC DELEGATED CO-COMMISSIONING,ASHTON MEDICAL GROUP,GMK000020440,"9,153.25"
Department of Health,NHS Tameside And Glossop CCG,31/12/2018,C&M-GMS DES Minor Surgery,PRC DELEGATED CO-COMMISSIONING,ASHTON MEDICAL GROUP,GMK000020440,"2,229.18"
Department of Health,NHS Tameside And Glossop CCG,31/12/2018,C&M-GMS Global Sum,PRC DELEGATED CO-COMMISSIONING,ASHTON MEDICAL GROUP,GMK000020440,"146,756.76"
Department of Health,NHS Tameside And Glossop CCG,31/12/2018,C&M-GMS MPIG Correction Factor,PRC DELEGATED CO-COMMISSIONING,ASHTON MEDICAL GROUP,GMK000020440,96.79
Department of Health,NHS Tameside And Glossop CCG,31/12/2018,C&M-GMS PCO Other,PRC DELEGATED CO-COMMISSIONING,ASHTON MEDICAL GROUP,GMK000020440,"12,530.00"
Department of Health,NHS Tameside And Glossop CCG,31/12/2018,C&M-GMS PCO Seniority,PRC DELEGATED CO-COMMISSIONING,ASHTON MEDICAL GROUP,GMK000020440,"1,101.39"
Department of Health,NHS Tameside And Glossop CCG,31/12/2018,C&M-GMS Prem Notional Rent,PRC DELEGATED CO-COMMISSIONING,ASHTON MEDICAL GROUP,GMK000020440,"9,570.83"
Department of Health,NHS Tameside And Glossop CCG,31/12/2018,C&M-GMS Prem Water Rates,PRC DELEGATED CO-COMMISSIONING,ASHTON MEDICAL GROUP,GMK000020440,320.92
Department of Health,NHS Tameside And Glossop CCG,31/12/2018,C&M-GMS QOF Aspiration,PRC DELEGATED CO-COMMISSIONING,ASHTON MEDICAL GROUP,GMK000020440,"15,867.94"
Department of Health,NHS Tameside And Glossop CCG,31/12/2018,ME - GMS GP Prior Year ERs,PRC DELEGATED CO-COMMISSIONING,ASHTON MEDICAL GROUP,GMK000020440,"1,545.85"
Department of Health,NHS Tameside And Glossop CCG,31/12/2018,ME-GMS GP Pension EEs Adjustments,PRC DELEGATED CO-COMMISSIONING,ASHTON MEDICAL GROUP,GMK000020440,"6,595.05"
Department of Health,NHS Tameside And Glossop CCG,31/12/2018,ME-GMS GP Pension ERs Adjustments,PRC DELEGATED CO-COMMISSIONING,ASHTON MEDICAL GROUP,GMK000020440,"6,540.47"
Department of Health,NHS Tameside And Glossop CCG,31/12/2018,ME-GMS GP Prior Year EEs,PRC DELEGATED CO-COMMISSIONING,ASHTON MEDICAL GROUP,GMK000020440,"1,558.75"
Department of Health,NHS Tameside And Glossop CCG,31/12/2018,C&M-GMS Global Sum,PRC DELEGATED CO-COMMISSIONING,AWBURN HOUSE MEDICAL PRACTICE,GMK000020373,"57,219.16"
Department of Health,NHS Tameside And Glossop CCG,31/12/2018,C&M-GMS Prem Notional Rent,PRC DELEGATED CO-COMMISSIONING,AWBURN HOUSE MEDICAL PRACTICE,GMK000020373,"2,833.33"
Department of Health,NHS Tameside And Glossop CCG,31/12/2018,C&M-GMS QOF Aspiration,PRC DELEGATED CO-COMMISSIONING,AWBURN HOUSE MEDICAL PRACTICE,GMK000020373,"4,652.45"
Department of Health,NHS Tameside And Glossop CCG,31/12/2018,Clinical&Medical-Independent Sector,ACUTE COMMISSIONING,BMI HEALTHCARE LTD,100488,"62,363.28"
Department of Health,NHS Tameside And Glossop CCG,31/12/2018,Clinical&Medical-Independent Sector,ACUTE COMMISSIONING,BMI HEALTHCARE LTD,101089,"125,062.05"
Department of Health,NHS Tameside And Glossop CCG,31/12/2018,Clinical&Medical-Independent Sector,ACUTE COMMISSIONING,BMI HEALTHCARE LTD,101980,"78,029.26"
Department of Health,NHS Tameside And Glossop CCG,31/12/2018,C&M-PMS Contract Value,PRC DELEGATED CO-COMMISSIONING,BROOKE SURGERY,GMK000020377,"82,019.89"
Department of Health,NHS Tameside And Glossop CCG,31/12/2018,C&M-PMS DES Extended Hours Access,PRC DELEGATED CO-COMMISSIONING,BROOKE SURGERY,GMK000020377,"4,930.03"
Department of Health,NHS Tameside And Glossop CCG,31/12/2018,C&M-PMS Funding Differential Review,PRC DELEGATED CO-COMMISSIONING,BROOKE SURGERY,GMK000020377,171.11
Department of Health,NHS Tameside And Glossop CCG,31/12/2018,C&M-PMS PCO Seniority,PRC DELEGATED CO-COMMISSIONING,BROOKE SURGERY,GMK000020377,"1,113.44"
Department of Health,NHS Tameside And Glossop CCG,31/12/2018,C&M-PMS Prem Notional Rent,PRC DELEGATED CO-COMMISSIONING,BROOKE SURGERY,GMK000020377,"5,395.83"
Department of Health,NHS Tameside And Glossop CCG,31/12/2018,C&M-PMS Prem Water Rates,PRC DELEGATED CO-COMMISSIONING,BROOKE SURGERY,GMK000020377,205.39
Department of Health,NHS Tameside And Glossop CCG,31/12/2018,C&M-PMS QOF Aspiration,PRC DELEGATED CO-COMMISSIONING,BROOKE SURGERY,GMK000020377,"9,185.69"
Department of Health,NHS Tameside And Glossop CCG,31/12/2018,Clinical&Medical-Independent Sector,ACUTE COMMISSIONING,CARE UK CLINICAL SERVICES LTD,100080911,"42,078.06"
Department of Health,NHS Tameside And Glossop CCG,31/12/2018,Clinical&Medical-Independent Sector,ACUTE COMMISSIONING,CARE UK CLINICAL SERVICES LTD,100082898,"42,422.96"
Department of Health,NHS Tameside And Glossop CCG,31/12/2018,Cont Care-Mental Health (65+),CHC ADULT FULLY FUNDED,CARE UK COMMUNITY PARTNERSHIPS LTD,RVRSD011233,"85,373.04"
Department of Health,NHS Tameside And Glossop CCG,31/12/2018,Hcare Srv Rec Fdtn Trust-CQUIN,ACUTE COMMISSIONING,CHRISTIE HOSPITAL NHS FOUNDATION TRUST,31484,"3,537.92"
Department of Health,NHS Tameside And Glossop CCG,31/12/2018,Hcare Srv Rec Fdtn Trust-Contract Baseline,ACUTE COMMISSIONING,CHRISTIE HOSPITAL NHS FOUNDATION TRUST,31484,"151,599.62"
Department of Health,NHS Tameside And Glossop CCG,31/12/2018,C&M-PMS Contract Value,PRC DELEGATED CO-COMMISSIONING,CLARENDON MEDICAL PRACTICE,GMK000020434,"64,495.42"
Department of Health,NHS Tameside And Glossop CCG,31/12/2018,C&M-PMS DES Extended Hours Access,PRC DELEGATED CO-COMMISSIONING,CLARENDON MEDICAL PRACTICE,GMK000020434,"3,774.83"
Department of Health,NHS Tameside And Glossop CCG,31/12/2018,C&M-PMS DES Minor Surgery,PRC DELEGATED CO-COMMISSIONING,CLARENDON MEDICAL PRACTICE,GMK000020434,"2,272.92"
Department of Health,NHS Tameside And Glossop CCG,31/12/2018,C&M-PMS Funding Differential Review,PRC DELEGATED CO-COMMISSIONING,CLARENDON MEDICAL PRACTICE,GMK000020434,200.04
Department of Health,NHS Tameside And Glossop CCG,31/12/2018,C&M-PMS PCO Seniority,PRC DELEGATED CO-COMMISSIONING,CLARENDON MEDICAL PRACTICE,GMK000020434,516.08
Department of Health,NHS Tameside And Glossop CCG,31/12/2018,C&M-PMS Prem Notional Rent,PRC DELEGATED CO-COMMISSIONING,CLARENDON MEDICAL PRACTICE,GMK000020434,"4,501.91"
Department of Health,NHS Tameside And Glossop CCG,31/12/2018,C&M-PMS QOF Aspiration,PRC DELEGATED CO-COMMISSIONING,CLARENDON MEDICAL PRACTICE,GMK000020434,"7,975.28"
Department of Health,NHS Tameside And Glossop CCG,31/12/2018,Voids and Subsidies,RECHARGES NHS PROPERTY SERVICES LTD,COMMUNITY HEALTH PARTNERSHIPS LTD,60090401,"29,032.53"
Department of Health,NHS Tameside And Glossop CCG,31/12/2018,C&M-GMS DES Extended Hours Access,PRC DELEGATED CO-COMMISSIONING,DENTON MEDICAL PRACTICE,GMK000020381,"3,596.70"
Department of Health,NHS Tameside And Glossop CCG,31/12/2018,C&M-GMS DES Minor Surgery,PRC DELEGATED CO-COMMISSIONING,DENTON MEDICAL PRACTICE,GMK000020381,437.1
Department of Health,NHS Tameside And Glossop CCG,31/12/2018,C&M-GMS Global Sum,PRC DELEGATED CO-COMMISSIONING,DENTON MEDICAL PRACTICE,GMK000020381,"56,797.95"
Department of Health,NHS Tameside And Glossop CCG,31/12/2018,C&M-GMS Prem Actual Rent,PRC DELEGATED CO-COMMISSIONING,DENTON MEDICAL PRACTICE,GMK000020381,"16,950.00"
Department of Health,NHS Tameside And Glossop CCG,31/12/2018,C&M-GMS Prem Other,PRC DELEGATED CO-COMMISSIONING,DENTON MEDICAL PRACTICE,GMK000020381,233.33
Department of Health,NHS Tameside And Glossop CCG,31/12/2018,C&M-GMS Prem Water Rates,PRC DELEGATED CO-COMMISSIONING,DENTON MEDICAL PRACTICE,GMK000020381,496
Department of Health,NHS Tameside And Glossop CCG,31/12/2018,C&M-GMS QOF Aspiration,PRC DELEGATED CO-COMMISSIONING,DENTON MEDICAL PRACTICE,GMK000020381,"7,158.07"
Department of Health,NHS Tameside And Glossop CCG,31/12/2018,Soc Care-Other Soc Care,NON RECURRENT PROGRAMMES,DERBYSHIRE COUNTY COUNCIL,1.0002E+17,"152,346.00"
Department of Health,NHS Tameside And Glossop CCG,31/12/2018,C&M-GMS DES Extended Hours Access,PRC DELEGATED CO-COMMISSIONING,DONNEYBROOK MEDICAL CENTRE,GMK000020382,"4,473.55"
Department of Health,NHS Tameside And Glossop CCG,31/12/2018,C&M-GMS DES Learn Dsblty Hlth Chk,PRC DELEGATED CO-COMMISSIONING,DONNEYBROOK MEDICAL CENTRE,GMK000020382,"1,120.00"
Department of Health,NHS Tameside And Glossop CCG,31/12/2018,C&M-GMS DES Minor Surgery,PRC DELEGATED CO-COMMISSIONING,DONNEYBROOK MEDICAL CENTRE,GMK000020382,"1,180.13"
Department of Health,NHS Tameside And Glossop CCG,31/12/2018,C&M-GMS Global Sum,PRC DELEGATED CO-COMMISSIONING,DONNEYBROOK MEDICAL CENTRE,GMK000020382,"74,897.58"
Department of Health,NHS Tameside And Glossop CCG,31/12/2018,C&M-GMS Prem Notional Rent,PRC DELEGATED CO-COMMISSIONING,DONNEYBROOK MEDICAL CENTRE,GMK000020382,"4,887.50"
Department of Health,NHS Tameside And Glossop CCG,31/12/2018,C&M-GMS Prem Water Rates,PRC DELEGATED CO-COMMISSIONING,DONNEYBROOK MEDICAL CENTRE,GMK000020382,138.56
Department of Health,NHS Tameside And Glossop CCG,31/12/2018,C&M-GMS QOF Aspiration,PRC DELEGATED CO-COMMISSIONING,DONNEYBROOK MEDICAL CENTRE,GMK000020382,"9,007.14"
Department of Health,NHS Tameside And Glossop CCG,31/12/2018,C&M-APMS DES Extended Hours Access,PRC DELEGATED CO-COMMISSIONING,DROYLSDEN MEDICAL PRACTICE,GMK000020384,"1,823.53"
Department of Health,NHS Tameside And Glossop CCG,31/12/2018,C&M-PMS Contract Value,PRC DELEGATED CO-COMMISSIONING,DROYLSDEN MEDICAL PRACTICE,GMK000020384,"26,676.72"
Department of Health,NHS Tameside And Glossop CCG,31/12/2018,C&M-PMS QOF Aspiration,PRC DELEGATED CO-COMMISSIONING,DROYLSDEN MEDICAL PRACTICE,GMK000020384,"2,390.85"
Department of Health,NHS Tameside And Glossop CCG,31/12/2018,ME - PMS GP Prior Year ERs,PRC DELEGATED CO-COMMISSIONING,DROYLSDEN MEDICAL PRACTICE,GMK000020384,"1,264.48"
Department of Health,NHS Tameside And Glossop CCG,31/12/2018,ME-PMS GP Prior Year EEs,PRC DELEGATED CO-COMMISSIONING,DROYLSDEN MEDICAL PRACTICE,GMK000020384,"1,410.39"
Department of Health,NHS Tameside And Glossop CCG,31/12/2018,C&M-GMS DES Extended Hours Access,PRC DELEGATED CO-COMMISSIONING,DUKINFIELD MEDICAL PRACTICE,GMK000020438,"5,147.58"
Department of Health,NHS Tameside And Glossop CCG,31/12/2018,C&M-GMS Global Sum,PRC DELEGATED CO-COMMISSIONING,DUKINFIELD MEDICAL PRACTICE,GMK000020438,"83,041.02"
Department of Health,NHS Tameside And Glossop CCG,31/12/2018,C&M-GMS Prem Notional Rent,PRC DELEGATED CO-COMMISSIONING,DUKINFIELD MEDICAL PRACTICE,GMK000020438,"4,454.16"
Department of Health,NHS Tameside And Glossop CCG,31/12/2018,C&M-GMS Prem Water Rates,PRC DELEGATED CO-COMMISSIONING,DUKINFIELD MEDICAL PRACTICE,GMK000020438,350.06
Department of Health,NHS Tameside And Glossop CCG,31/12/2018,C&M-GMS QOF Aspiration,PRC DELEGATED CO-COMMISSIONING,DUKINFIELD MEDICAL PRACTICE,GMK000020438,"9,498.22"
Department of Health,NHS Tameside And Glossop CCG,31/12/2018,Computer Software/License,PRESCRIBING,FIRST DATABANK EUROPE LTD,8129,"92,312.17"
Department of Health,NHS Tameside And Glossop CCG,31/12/2018,C&M-GMS LES Extended Hours,OUT OF HOURS,GO TO DOC LTD,6244,"222,741.00"
Department of Health,NHS Tameside And Glossop CCG,31/12/2018,C&M-GMS DES Learn Dsblty Hlth Chk,PRC DELEGATED CO-COMMISSIONING,GORDON STREET MEDICAL CENTRE,GMK000020386,"1,820.00"
Department of Health,NHS Tameside And Glossop CCG,31/12/2018,C&M-GMS Global Sum,PRC DELEGATED CO-COMMISSIONING,GORDON STREET MEDICAL CENTRE,GMK000020386,"32,500.51"
Department of Health,NHS Tameside And Glossop CCG,31/12/2018,C&M-GMS MPIG Correction Factor,PRC DELEGATED CO-COMMISSIONING,GORDON STREET MEDICAL CENTRE,GMK000020386,490.87
Department of Health,NHS Tameside And Glossop CCG,31/12/2018,C&M-GMS PCO Seniority,PRC DELEGATED CO-COMMISSIONING,GORDON STREET MEDICAL CENTRE,GMK000020386,"2,017.72"
Department of Health,NHS Tameside And Glossop CCG,31/12/2018,C&M-GMS Prem Notional Rent,PRC DELEGATED CO-COMMISSIONING,GORDON STREET MEDICAL CENTRE,GMK000020386,"2,250.00"
Department of Health,NHS Tameside And Glossop CCG,31/12/2018,C&M-GMS QOF Aspiration,PRC DELEGATED CO-COMMISSIONING,GORDON STREET MEDICAL CENTRE,GMK000020386,"2,723.64"
Department of Health,NHS Tameside And Glossop CCG,31/12/2018,Hcare Srv Rec Fdtn Trust-Contract Baseline,MENTAL HEALTH CONTRACTS,GREATER MANCHESTER MENTAL HEALTH NHS FOUNDATION TRUST,30417,"27,052.71"
Department of Health,NHS Tameside And Glossop CCG,31/12/2018,C&M-GMS DES Minor Surgery,PRC DELEGATED CO-COMMISSIONING,GROSVENOR MEDICAL CENTRE STALYBRIDGE,GMK000020390,131.13
Department of Health,NHS Tameside And Glossop CCG,31/12/2018,C&M-GMS Global Sum,PRC DELEGATED CO-COMMISSIONING,GROSVENOR MEDICAL CENTRE STALYBRIDGE,GMK000020390,"46,115.99"
Department of Health,NHS Tameside And Glossop CCG,31/12/2018,C&M-GMS MPIG Correction Factor,PRC DELEGATED CO-COMMISSIONING,GROSVENOR MEDICAL CENTRE STALYBRIDGE,GMK000020390,751.2
Department of Health,NHS Tameside And Glossop CCG,31/12/2018,C&M-GMS Prem Notional Rent,PRC DELEGATED CO-COMMISSIONING,GROSVENOR MEDICAL CENTRE STALYBRIDGE,GMK000020390,"4,414.07"
Department of Health,NHS Tameside And Glossop CCG,31/12/2018,C&M-GMS Prem Water Rates,PRC DELEGATED CO-COMMISSIONING,GROSVENOR MEDICAL CENTRE STALYBRIDGE,GMK000020390,123.27
Department of Health,NHS Tameside And Glossop CCG,31/12/2018,C&M-GMS QOF Aspiration,PRC DELEGATED CO-COMMISSIONING,GROSVENOR MEDICAL CENTRE STALYBRIDGE,GMK000020390,"5,556.95"
Department of Health,NHS Tameside And Glossop CCG,31/12/2018,C&M-APMS Other Baseline Adjustment,PRC DELEGATED CO-COMMISSIONING,GTD PRIMARY CARE LTD,179,"129,916.20"
Department of Health,NHS Tameside And Glossop CCG,31/12/2018,C&M-APMS DES Extended Hours Access,PRC DELEGATED CO-COMMISSIONING,GUIDE BRIDGE MEDICAL PRACTICE,GMK000020436,"1,958.43"
Department of Health,NHS Tameside And Glossop CCG,31/12/2018,C&M-APMS DES Minor Surgery,PRC DELEGATED CO-COMMISSIONING,GUIDE BRIDGE MEDICAL PRACTICE,GMK000020436,87.42
Department of Health,NHS Tameside And Glossop CCG,31/12/2018,C&M-PMS Contract Value,PRC DELEGATED CO-COMMISSIONING,GUIDE BRIDGE MEDICAL PRACTICE,GMK000020436,"29,833.22"
Department of Health,NHS Tameside And Glossop CCG,31/12/2018,C&M-PMS QOF Aspiration,PRC DELEGATED CO-COMMISSIONING,GUIDE BRIDGE MEDICAL PRACTICE,GMK000020436,"2,724.65"
Department of Health,NHS Tameside And Glossop CCG,31/12/2018,C&M-GMS DES Extended Hours Access,PRC DELEGATED CO-COMMISSIONING,HADFIELD MEDICAL CENTRE,GMK000020388,"1,516.20"
Department of Health,NHS Tameside And Glossop CCG,31/12/2018,C&M-GMS DES Learn Dsblty Hlth Chk,PRC DELEGATED CO-COMMISSIONING,HADFIELD MEDICAL CENTRE,GMK000020388,"3,500.00"
Department of Health,NHS Tameside And Glossop CCG,31/12/2018,C&M-GMS Global Sum,PRC DELEGATED CO-COMMISSIONING,HADFIELD MEDICAL CENTRE,GMK000020388,"22,959.11"
Department of Health,NHS Tameside And Glossop CCG,31/12/2018,C&M-GMS MPIG Correction Factor,PRC DELEGATED CO-COMMISSIONING,HADFIELD MEDICAL CENTRE,GMK000020388,127.98
Department of Health,NHS Tameside And Glossop CCG,31/12/2018,C&M-GMS Prem Notional Rent,PRC DELEGATED CO-COMMISSIONING,HADFIELD MEDICAL CENTRE,GMK000020388,"3,291.67"
Department of Health,NHS Tameside And Glossop CCG,31/12/2018,C&M-GMS QOF Aspiration,PRC DELEGATED CO-COMMISSIONING,HADFIELD MEDICAL CENTRE,GMK000020388,"2,676.51"
Department of Health,NHS Tameside And Glossop CCG,31/12/2018,C&M-GMS DES Extended Hours Access,PRC DELEGATED CO-COMMISSIONING,HATTERSLEY GROUP PRACTICE,GMK000020392,"2,600.63"
Department of Health,NHS Tameside And Glossop CCG,31/12/2018,C&M-GMS DES Minor Surgery,PRC DELEGATED CO-COMMISSIONING,HATTERSLEY GROUP PRACTICE,GMK000020392,611.94
Department of Health,NHS Tameside And Glossop CCG,31/12/2018,C&M-GMS Global Sum,PRC DELEGATED CO-COMMISSIONING,HATTERSLEY GROUP PRACTICE,GMK000020392,"41,462.23"
Department of Health,NHS Tameside And Glossop CCG,31/12/2018,C&M-GMS MPIG Correction Factor,PRC DELEGATED CO-COMMISSIONING,HATTERSLEY GROUP PRACTICE,GMK000020392,371.69
Department of Health,NHS Tameside And Glossop CCG,31/12/2018,C&M-GMS PCO Seniority,PRC DELEGATED CO-COMMISSIONING,HATTERSLEY GROUP PRACTICE,GMK000020392,"2,635.57"
Department of Health,NHS Tameside And Glossop CCG,31/12/2018,C&M-GMS QOF Aspiration,PRC DELEGATED CO-COMMISSIONING,HATTERSLEY GROUP PRACTICE,GMK000020392,"4,444.00"
Department of Health,NHS Tameside And Glossop CCG,31/12/2018,C&M-GMS DES Extended Hours Access,PRC DELEGATED CO-COMMISSIONING,HAUGHTON THORNLEY MEDICAL CENTRES,GMK000020394,"5,823.50"
Department of Health,NHS Tameside And Glossop CCG,31/12/2018,C&M-GMS DES Minor Surgery,PRC DELEGATED CO-COMMISSIONING,HAUGHTON THORNLEY MEDICAL CENTRES,GMK000020394,"2,622.49"
Department of Health,NHS Tameside And Glossop CCG,31/12/2018,C&M-GMS DES Violent Patients,PRC DELEGATED CO-COMMISSIONING,HAUGHTON THORNLEY MEDICAL CENTRES,GMK000020394,50
Department of Health,NHS Tameside And Glossop CCG,31/12/2018,C&M-GMS Global Sum,PRC DELEGATED CO-COMMISSIONING,HAUGHTON THORNLEY MEDICAL CENTRES,GMK000020394,"93,429.64"
Department of Health,NHS Tameside And Glossop CCG,31/12/2018,C&M-GMS PCO Seniority,PRC DELEGATED CO-COMMISSIONING,HAUGHTON THORNLEY MEDICAL CENTRES,GMK000020394,192.47
Department of Health,NHS Tameside And Glossop CCG,31/12/2018,C&M-GMS Prem Actual Rent,PRC DELEGATED CO-COMMISSIONING,HAUGHTON THORNLEY MEDICAL CENTRES,GMK000020394,"35,850.00"
Department of Health,NHS Tameside And Glossop CCG,31/12/2018,C&M-GMS Prem Notional Rent,PRC DELEGATED CO-COMMISSIONING,HAUGHTON THORNLEY MEDICAL CENTRES,GMK000020394,"3,095.83"
Department of Health,NHS Tameside And Glossop CCG,31/12/2018,C&M-GMS Prem Other,PRC DELEGATED CO-COMMISSIONING,HAUGHTON THORNLEY MEDICAL CENTRES,GMK000020394,458.33
Department of Health,NHS Tameside And Glossop CCG,31/12/2018,C&M-GMS Prem Water Rates,PRC DELEGATED CO-COMMISSIONING,HAUGHTON THORNLEY MEDICAL CENTRES,GMK000020394,665.01
Department of Health,NHS Tameside And Glossop CCG,31/12/2018,C&M-GMS QOF Aspiration,PRC DELEGATED CO-COMMISSIONING,HAUGHTON THORNLEY MEDICAL CENTRES,GMK000020394,"10,709.22"
Department of Health,NHS Tameside And Glossop CCG,31/12/2018,C&M-GMS DES Extended Hours Access,PRC DELEGATED CO-COMMISSIONING,HOWARD MEDICAL PRACTICE,GMK000020396,"1,660.13"
Department of Health,NHS Tameside And Glossop CCG,31/12/2018,C&M-GMS DES Learn Dsblty Hlth Chk,PRC DELEGATED CO-COMMISSIONING,HOWARD MEDICAL PRACTICE,GMK000020396,840
Department of Health,NHS Tameside And Glossop CCG,31/12/2018,C&M-GMS DES Minor Surgery,PRC DELEGATED CO-COMMISSIONING,HOWARD MEDICAL PRACTICE,GMK000020396,"1,617.16"
Department of Health,NHS Tameside And Glossop CCG,31/12/2018,C&M-GMS Global Sum,PRC DELEGATED CO-COMMISSIONING,HOWARD MEDICAL PRACTICE,GMK000020396,"24,876.68"
Department of Health,NHS Tameside And Glossop CCG,31/12/2018,C&M-GMS MPIG Correction Factor,PRC DELEGATED CO-COMMISSIONING,HOWARD MEDICAL PRACTICE,GMK000020396,336.61
Department of Health,NHS Tameside And Glossop CCG,31/12/2018,C&M-GMS Prem Notional Rent,PRC DELEGATED CO-COMMISSIONING,HOWARD MEDICAL PRACTICE,GMK000020396,"2,544.03"
Department of Health,NHS Tameside And Glossop CCG,31/12/2018,C&M-GMS QOF Aspiration,PRC DELEGATED CO-COMMISSIONING,HOWARD MEDICAL PRACTICE,GMK000020396,"2,843.75"
Department of Health,NHS Tameside And Glossop CCG,31/12/2018,C&M-GMS DES Extended Hours Access,PRC DELEGATED CO-COMMISSIONING,HT PRACTICE,GMK000020398,"3,898.80"
Department of Health,NHS Tameside And Glossop CCG,31/12/2018,C&M-GMS DES Minor Surgery,PRC DELEGATED CO-COMMISSIONING,HT PRACTICE,GMK000020398,"2,054.16"
Department of Health,NHS Tameside And Glossop CCG,31/12/2018,C&M-GMS Global Sum,PRC DELEGATED CO-COMMISSIONING,HT PRACTICE,GMK000020398,"65,240.75"
Department of Health,NHS Tameside And Glossop CCG,31/12/2018,C&M-GMS MPIG Correction Factor,PRC DELEGATED CO-COMMISSIONING,HT PRACTICE,GMK000020398,171.31
Department of Health,NHS Tameside And Glossop CCG,31/12/2018,C&M-GMS Prem Notional Rent,PRC DELEGATED CO-COMMISSIONING,HT PRACTICE,GMK000020398,"1,850.00"
Department of Health,NHS Tameside And Glossop CCG,31/12/2018,C&M-GMS QOF Aspiration,PRC DELEGATED CO-COMMISSIONING,HT PRACTICE,GMK000020398,"6,034.74"
Department of Health,NHS Tameside And Glossop CCG,31/12/2018,ME-GMS GP Pension EEs Adjustments,PRC DELEGATED CO-COMMISSIONING,HT PRACTICE,GMK000020398,"4,728.00"
Department of Health,NHS Tameside And Glossop CCG,31/12/2018,ME-GMS GP Pension ERs Adjustments,PRC DELEGATED CO-COMMISSIONING,HT PRACTICE,GMK000020398,"3,451.20"
Department of Health,NHS Tameside And Glossop CCG,31/12/2018,ME-GMS GP Prior Year EEs,PRC DELEGATED CO-COMMISSIONING,HT PRACTICE,GMK000020398,"5,221.33"
Department of Health,NHS Tameside And Glossop CCG,31/12/2018,Clinical&Medical-Independent Sector,ACUTE COMMISSIONING,HYDE PHYSIOTHERAPY CENTRE,201814,"50,855.00"
Department of Health,NHS Tameside And Glossop CCG,31/12/2018,Clinical&Medical-Independent Sector,ACUTE COMMISSIONING,HYDE PHYSIOTHERAPY CENTRE,201815,"36,750.00"
Department of Health,NHS Tameside And Glossop CCG,31/12/2018,Clinical&Medical-Independent Sector,CLINICAL ASSESSMENT AND TREATMENT CENTRES,INHEALTH CATS LTD,CATIN000403,"113,227.72"
Department of Health,NHS Tameside And Glossop CCG,31/12/2018,C&M-GMS DES Extended Hours Access,PRC DELEGATED CO-COMMISSIONING,KING STREET MEDICAL CENTRE DUKINFIELD,GMK000020402,"1,746.58"
Department of Health,NHS Tameside And Glossop CCG,31/12/2018,C&M-GMS DES Learn Dsblty Hlth Chk,PRC DELEGATED CO-COMMISSIONING,KING STREET MEDICAL CENTRE DUKINFIELD,GMK000020402,700
Department of Health,NHS Tameside And Glossop CCG,31/12/2018,C&M-GMS DES Minor Surgery,PRC DELEGATED CO-COMMISSIONING,KING STREET MEDICAL CENTRE DUKINFIELD,GMK000020402,480.81
Department of Health,NHS Tameside And Glossop CCG,31/12/2018,C&M-GMS Global Sum,PRC DELEGATED CO-COMMISSIONING,KING STREET MEDICAL CENTRE DUKINFIELD,GMK000020402,"27,206.01"
Department of Health,NHS Tameside And Glossop CCG,31/12/2018,C&M-GMS Prem Notional Rent,PRC DELEGATED CO-COMMISSIONING,KING STREET MEDICAL CENTRE DUKINFIELD,GMK000020402,"1,937.50"
Department of Health,NHS Tameside And Glossop CCG,31/12/2018,C&M-GMS QOF Aspiration,PRC DELEGATED CO-COMMISSIONING,KING STREET MEDICAL CENTRE DUKINFIELD,GMK000020402,"2,322.21"
Department of Health,NHS Tameside And Glossop CCG,31/12/2018,C&M-GMS DES Extended Hours Access,PRC DELEGATED CO-COMMISSIONING,LAMBGATES SURGERY,GMK000020400,"3,093.20"
Department of Health,NHS Tameside And Glossop CCG,31/12/2018,C&M-GMS DES Minor Surgery,PRC DELEGATED CO-COMMISSIONING,LAMBGATES SURGERY,GMK000020400,"1,223.87"
Department of Health,NHS Tameside And Glossop CCG,31/12/2018,C&M-GMS Global Sum,PRC DELEGATED CO-COMMISSIONING,LAMBGATES SURGERY,GMK000020400,"44,777.94"
Department of Health,NHS Tameside And Glossop CCG,31/12/2018,C&M-GMS MPIG Correction Factor,PRC DELEGATED CO-COMMISSIONING,LAMBGATES SURGERY,GMK000020400,694.54
Department of Health,NHS Tameside And Glossop CCG,31/12/2018,C&M-GMS Prem Actual Rent,PRC DELEGATED CO-COMMISSIONING,LAMBGATES SURGERY,GMK000020400,"46,973.00"
Department of Health,NHS Tameside And Glossop CCG,31/12/2018,C&M-GMS QOF Aspiration,PRC DELEGATED CO-COMMISSIONING,LAMBGATES SURGERY,GMK000020400,"5,867.40"
Department of Health,NHS Tameside And Glossop CCG,31/12/2018,C&M-GMS DES Extended Hours Access,PRC DELEGATED CO-COMMISSIONING,LOCKSIDE MEDICAL CENTRE,GMK000020404,"3,655.60"
Department of Health,NHS Tameside And Glossop CCG,31/12/2018,C&M-GMS DES Minor Surgery,PRC DELEGATED CO-COMMISSIONING,LOCKSIDE MEDICAL CENTRE,GMK000020404,"1,355.00"
Department of Health,NHS Tameside And Glossop CCG,31/12/2018,C&M-GMS Global Sum,PRC DELEGATED CO-COMMISSIONING,LOCKSIDE MEDICAL CENTRE,GMK000020404,"54,452.74"
Department of Health,NHS Tameside And Glossop CCG,31/12/2018,C&M-GMS MPIG Correction Factor,PRC DELEGATED CO-COMMISSIONING,LOCKSIDE MEDICAL CENTRE,GMK000020404,610.79
Department of Health,NHS Tameside And Glossop CCG,31/12/2018,C&M-GMS Prem Notional Rent,PRC DELEGATED CO-COMMISSIONING,LOCKSIDE MEDICAL CENTRE,GMK000020404,"3,438.08"
Department of Health,NHS Tameside And Glossop CCG,31/12/2018,C&M-GMS QOF Aspiration,PRC DELEGATED CO-COMMISSIONING,LOCKSIDE MEDICAL CENTRE,GMK000020404,"5,867.63"
Department of Health,NHS Tameside And Glossop CCG,31/12/2018,Hcare Srv Rec Fdtn Trust-CQUIN,ACUTE COMMISSIONING,MANCHESTER UNIVERSITY NHS FOUNDATION TRUST,418541,"63,260.00"
Department of Health,NHS Tameside And Glossop CCG,31/12/2018,Hcare Srv Rec Fdtn Trust-Contract Baseline,ACUTE COMMISSIONING,MANCHESTER UNIVERSITY NHS FOUNDATION TRUST,418541,"2,542,820.92"
Department of Health,NHS Tameside And Glossop CCG,31/12/2018,Hcare Srv Rec Fdtn Trust-Contract Baseline,ACUTE COMMISSIONING,MANCHESTER UNIVERSITY NHS FOUNDATION TRUST,416331,"133,355.00"
Department of Health,NHS Tameside And Glossop CCG,31/12/2018,Hcare Srv Rec Fdtn Trust-Non Contract,ACUTE COMMISSIONING,MANCHESTER UNIVERSITY NHS FOUNDATION TRUST,421393,"49,875.00"
Department of Health,NHS Tameside And Glossop CCG,31/12/2018,C&M-PMS Contract Value,PRC DELEGATED CO-COMMISSIONING,MANOR HOUSE SURGERY GLOSSOP,GMK000020408,"92,396.89"
Department of Health,NHS Tameside And Glossop CCG,31/12/2018,C&M-PMS DES Extended Hours Access,PRC DELEGATED CO-COMMISSIONING,MANOR HOUSE SURGERY GLOSSOP,GMK000020408,"6,375.45"
Department of Health,NHS Tameside And Glossop CCG,31/12/2018,C&M-PMS DES Learn Dsblty Hlth Chk,PRC DELEGATED CO-COMMISSIONING,MANOR HOUSE SURGERY GLOSSOP,GMK000020408,"5,040.00"
Department of Health,NHS Tameside And Glossop CCG,31/12/2018,C&M-PMS DES Minor Surgery,PRC DELEGATED CO-COMMISSIONING,MANOR HOUSE SURGERY GLOSSOP,GMK000020408,"4,041.13"
Department of Health,NHS Tameside And Glossop CCG,31/12/2018,C&M-PMS Funding Differential Review,PRC DELEGATED CO-COMMISSIONING,MANOR HOUSE SURGERY GLOSSOP,GMK000020408,875.79
Department of Health,NHS Tameside And Glossop CCG,31/12/2018,C&M-PMS Prem Notional Rent,PRC DELEGATED CO-COMMISSIONING,MANOR HOUSE SURGERY GLOSSOP,GMK000020408,"7,500.00"
Department of Health,NHS Tameside And Glossop CCG,31/12/2018,C&M-PMS QOF Aspiration,PRC DELEGATED CO-COMMISSIONING,MANOR HOUSE SURGERY GLOSSOP,GMK000020408,"12,208.61"
Department of Health,NHS Tameside And Glossop CCG,31/12/2018,C&M-GMS DES Minor Surgery,PRC DELEGATED CO-COMMISSIONING,MARKET STREET MEDICAL PRACTICE,GMK000020406,524.52
Department of Health,NHS Tameside And Glossop CCG,31/12/2018,C&M-GMS Global Sum,PRC DELEGATED CO-COMMISSIONING,MARKET STREET MEDICAL PRACTICE,GMK000020406,"46,205.25"
Department of Health,NHS Tameside And Glossop CCG,31/12/2018,C&M-GMS Prem Actual Rent,PRC DELEGATED CO-COMMISSIONING,MARKET STREET MEDICAL PRACTICE,GMK000020406,"2,837.50"
Department of Health,NHS Tameside And Glossop CCG,31/12/2018,C&M-GMS QOF Aspiration,PRC DELEGATED CO-COMMISSIONING,MARKET STREET MEDICAL PRACTICE,GMK000020406,"5,284.22"
Department of Health,NHS Tameside And Glossop CCG,31/12/2018,C&M-GMS DES Extended Hours Access,PRC DELEGATED CO-COMMISSIONING,MEDLOCK VALE MEDICAL PRACTICE,GMK000020414,"3,863.18"
Department of Health,NHS Tameside And Glossop CCG,31/12/2018,C&M-GMS DES Minor Surgery,PRC DELEGATED CO-COMMISSIONING,MEDLOCK VALE MEDICAL PRACTICE,GMK000020414,699.33
Department of Health,NHS Tameside And Glossop CCG,31/12/2018,C&M-GMS Global Sum,PRC DELEGATED CO-COMMISSIONING,MEDLOCK VALE MEDICAL PRACTICE,GMK000020414,"62,894.25"
Department of Health,NHS Tameside And Glossop CCG,31/12/2018,C&M-GMS Prem Notional Rent,PRC DELEGATED CO-COMMISSIONING,MEDLOCK VALE MEDICAL PRACTICE,GMK000020414,"4,062.50"
Department of Health,NHS Tameside And Glossop CCG,31/12/2018,C&M-GMS QOF Aspiration,PRC DELEGATED CO-COMMISSIONING,MEDLOCK VALE MEDICAL PRACTICE,GMK000020414,"6,319.00"
Department of Health,NHS Tameside And Glossop CCG,31/12/2018,C&M-APMS DES Extended Hours Access,PRC DELEGATED CO-COMMISSIONING,MILLBROOK MEDICAL PRACTICE,GMK000020410,"1,521.43"
Department of Health,NHS Tameside And Glossop CCG,31/12/2018,C&M-APMS DES Minor Surgery,PRC DELEGATED CO-COMMISSIONING,MILLBROOK MEDICAL PRACTICE,GMK000020410,262.26
Department of Health,NHS Tameside And Glossop CCG,31/12/2018,C&M-APMS Prem Water Rates,PRC DELEGATED CO-COMMISSIONING,MILLBROOK MEDICAL PRACTICE,GMK000020410,"1,018.37"
Department of Health,NHS Tameside And Glossop CCG,31/12/2018,C&M-PMS Contract Value,PRC DELEGATED CO-COMMISSIONING,MILLBROOK MEDICAL PRACTICE,GMK000020410,"21,225.56"
Department of Health,NHS Tameside And Glossop CCG,31/12/2018,C&M-PMS QOF Aspiration,PRC DELEGATED CO-COMMISSIONING,MILLBROOK MEDICAL PRACTICE,GMK000020410,"1,664.30"
Department of Health,NHS Tameside And Glossop CCG,31/12/2018,C&M-GMS DES Extended Hours Access,PRC DELEGATED CO-COMMISSIONING,MILLGATE HEALTHCARE PARTNERSHIP,GMK000020432,"9,850.55"
Department of Health,NHS Tameside And Glossop CCG,31/12/2018,C&M-GMS DES Minor Surgery,PRC DELEGATED CO-COMMISSIONING,MILLGATE HEALTHCARE PARTNERSHIP,GMK000020432,"2,404.05"
Department of Health,NHS Tameside And Glossop CCG,31/12/2018,C&M-GMS Global Sum,PRC DELEGATED CO-COMMISSIONING,MILLGATE HEALTHCARE PARTNERSHIP,GMK000020432,"150,525.23"
Department of Health,NHS Tameside And Glossop CCG,31/12/2018,C&M-GMS MPIG Correction Factor,PRC DELEGATED CO-COMMISSIONING,MILLGATE HEALTHCARE PARTNERSHIP,GMK000020432,425.43
Department of Health,NHS Tameside And Glossop CCG,31/12/2018,C&M-GMS Prem Notional Rent,PRC DELEGATED CO-COMMISSIONING,MILLGATE HEALTHCARE PARTNERSHIP,GMK000020432,"10,554.33"
Department of Health,NHS Tameside And Glossop CCG,31/12/2018,C&M-GMS QOF Aspiration,PRC DELEGATED CO-COMMISSIONING,MILLGATE HEALTHCARE PARTNERSHIP,GMK000020432,"17,459.92"
Department of Health,NHS Tameside And Glossop CCG,31/12/2018,C&M-GMS DES Minor Surgery,PRC DELEGATED CO-COMMISSIONING,MOSSLEY MEDICAL PRACTICE,GMK000020412,43.71
Department of Health,NHS Tameside And Glossop CCG,31/12/2018,C&M-GMS Global Sum,PRC DELEGATED CO-COMMISSIONING,MOSSLEY MEDICAL PRACTICE,GMK000020412,"15,368.17"
Department of Health,NHS Tameside And Glossop CCG,31/12/2018,C&M-GMS MPIG Correction Factor,PRC DELEGATED CO-COMMISSIONING,MOSSLEY MEDICAL PRACTICE,GMK000020412,871.9
Department of Health,NHS Tameside And Glossop CCG,31/12/2018,C&M-GMS PCO Locum Sickness,PRC DELEGATED CO-COMMISSIONING,MOSSLEY MEDICAL PRACTICE,GMK000020412,"10,684.38"
Department of Health,NHS Tameside And Glossop CCG,31/12/2018,C&M-GMS Prem Notional Rent,PRC DELEGATED CO-COMMISSIONING,MOSSLEY MEDICAL PRACTICE,GMK000020412,"1,480.00"
Department of Health,NHS Tameside And Glossop CCG,31/12/2018,C&M-GMS QOF Aspiration,PRC DELEGATED CO-COMMISSIONING,MOSSLEY MEDICAL PRACTICE,GMK000020412,"1,486.64"
Department of Health,NHS Tameside And Glossop CCG,31/12/2018,C&M-GMS IT Comm Servs -GP Practices,PRIMARY CARE IT,NHS OLDHAM CCG,7011704956,"57,884.00"
Department of Health,NHS Tameside And Glossop CCG,31/12/2018,C&M-PMS IT Comm Servs -GP Practices,PRIMARY CARE IT,NHS OLDHAM CCG,7011704956,"8,069.00"
Department of Health,NHS Tameside And Glossop CCG,31/12/2018,Clinical&Medical-Serv Recd-CCGs,PROGRAMME PROJECTS,NHS OLDHAM CCG,7011704956,"5,725.00"
Department of Health,NHS Tameside And Glossop CCG,31/12/2018,Clinical&Medical-Serv Recd-CCGs,CONTINUING HEALTHCARE ASSESSMENT & SUPPORT,NHS OLDHAM CCG,7011704966,"4,005.00"
Department of Health,NHS Tameside And Glossop CCG,31/12/2018,Clinical&Medical-Serv Recd-CCGs,CORPORATE COSTS & SERVICES,NHS OLDHAM CCG,7011704966,"1,736.00"
Department of Health,NHS Tameside And Glossop CCG,31/12/2018,Clinical&Medical-Serv Recd-CCGs,FINANCE,NHS OLDHAM CCG,7011704966,"16,037.00"
Department of Health,NHS Tameside And Glossop CCG,31/12/2018,Clinical&Medical-Serv Recd-CCGs,HUMAN RESOURCES,NHS OLDHAM CCG,7011704966,10
Department of Health,NHS Tameside And Glossop CCG,31/12/2018,Clinical&Medical-Serv Recd-CCGs,MEDICINES MANAGEMENT - CLINICAL,NHS OLDHAM CCG,7011704966,"7,038.00"
Department of Health,NHS Tameside And Glossop CCG,31/12/2018,Clinical&Medical-Serv Recd-CCGs,NHS 111,NHS OLDHAM CCG,7011704966,"1,479.00"
Department of Health,NHS Tameside And Glossop CCG,31/12/2018,Healthcare Srv Rec CCG,COMMISSIONING - NON ACUTE,NHS OLDHAM CCG,7011704966,"1,321.00"
Department of Health,NHS Tameside And Glossop CCG,31/12/2018,Hcare Srv Rec NHS Trust-Contract Baseline,NHS 111,NORTH WEST AMBULANCE SERVICE NHS TRUST,4110042626,"56,755.00"
Department of Health,NHS Tameside And Glossop CCG,31/12/2018,Hcare Srv Rec NHS Trust-Contract Baseline,AMBULANCE SERVICES,NORTH WEST AMBULANCE SERVICE NHS TRUST,4110042699,"663,559.00"
Department of Health,NHS Tameside And Glossop CCG,31/12/2018,Hcare Srv Rec NHS Trust-Contract Baseline,PATIENT TRANSPORT,NORTH WEST AMBULANCE SERVICE NHS TRUST,4110042747,"90,735.00"
Department of Health,NHS Tameside And Glossop CCG,31/12/2018,Hcare Srv Rec NHS Trust-CQUIN,AMBULANCE SERVICES,NORTH WEST AMBULANCE SERVICE NHS TRUST,4110042806,"35,727.35"
Department of Health,NHS Tameside And Glossop CCG,31/12/2018,Clinical&Medical-Independent Sector,ACUTE COMMISSIONING,PIONEER HEALTHCARE LTD,1187,"25,875.00"
Department of Health,NHS Tameside And Glossop CCG,31/12/2018,Clinical&Medical-Commercial Sector,WHEELCHAIR SERVICE,ROSS AUTO ENGINEERING LTD,24001,"50,286.70"
Department of Health,NHS Tameside And Glossop CCG,31/12/2018,Hcare Srv Rec Fdtn Trust-CQUIN,ACUTE COMMISSIONING,SALFORD ROYAL HOSPITALS NHS FOUNDATION TRUST,S0020856,"9,863.00"
Department of Health,NHS Tameside And Glossop CCG,31/12/2018,Hcare Srv Rec Fdtn Trust-Contract Baseline,ACUTE COMMISSIONING,SALFORD ROYAL HOSPITALS NHS FOUNDATION TRUST,S0020856,"435,970.00"
Department of Health,NHS Tameside And Glossop CCG,31/12/2018,C&M-GMS DES Extended Hours Access,PRC DELEGATED CO-COMMISSIONING,SIMMONDLEY MEDICAL PRACTICE,GMK000020420,"1,732.80"
Department of Health,NHS Tameside And Glossop CCG,31/12/2018,C&M-GMS Global Sum,PRC DELEGATED CO-COMMISSIONING,SIMMONDLEY MEDICAL PRACTICE,GMK000020420,"22,880.75"
Department of Health,NHS Tameside And Glossop CCG,31/12/2018,C&M-GMS MPIG Correction Factor,PRC DELEGATED CO-COMMISSIONING,SIMMONDLEY MEDICAL PRACTICE,GMK000020420,"1,076.66"
Department of Health,NHS Tameside And Glossop CCG,31/12/2018,C&M-GMS Prem Notional Rent,PRC DELEGATED CO-COMMISSIONING,SIMMONDLEY MEDICAL PRACTICE,GMK000020420,"2,389.58"
Department of Health,NHS Tameside And Glossop CCG,31/12/2018,C&M-GMS QOF Aspiration,PRC DELEGATED CO-COMMISSIONING,SIMMONDLEY MEDICAL PRACTICE,GMK000020420,"2,300.62"
Department of Health,NHS Tameside And Glossop CCG,31/12/2018,C&M-GMS DES Minor Surgery,PRC DELEGATED CO-COMMISSIONING,SMITHY,GMK000020418,"1,136.42"
Department of Health,NHS Tameside And Glossop CCG,31/12/2018,C&M-GMS Global Sum,PRC DELEGATED CO-COMMISSIONING,SMITHY,GMK000020418,"33,553.75"
Department of Health,NHS Tameside And Glossop CCG,31/12/2018,C&M-GMS MPIG Correction Factor,PRC DELEGATED CO-COMMISSIONING,SMITHY,GMK000020418,290.52
Department of Health,NHS Tameside And Glossop CCG,31/12/2018,C&M-GMS Prem Notional Rent,PRC DELEGATED CO-COMMISSIONING,SMITHY,GMK000020418,"2,437.50"
Department of Health,NHS Tameside And Glossop CCG,31/12/2018,C&M-GMS QOF Aspiration,PRC DELEGATED CO-COMMISSIONING,SMITHY,GMK000020418,"3,350.00"
Department of Health,NHS Tameside And Glossop CCG,31/12/2018,Clinical&Medical-Independent Sector,ACUTE COMMISSIONING,SPAMEDICA LTD,NHSTMG126,"93,711.31"
Department of Health,NHS Tameside And Glossop CCG,31/12/2018,Clinical&Medical-Independent Sector,ACUTE COMMISSIONING,SPIRE HEALTHCARE LTD,01YMANREC181906,"35,550.45"
Department of Health,NHS Tameside And Glossop CCG,31/12/2018,Clinical&Medical-Independent Sector,ACUTE COMMISSIONING,SPIRE HEALTHCARE LTD,01YMANREC181907,"60,065.40"
Department of Health,NHS Tameside And Glossop CCG,31/12/2018,C&M-GMS Global Sum,PRC DELEGATED CO-COMMISSIONING,ST ANDREWS HOUSE,GMK000020422,"40,396.78"
Department of Health,NHS Tameside And Glossop CCG,31/12/2018,C&M-GMS Prem Notional Rent,PRC DELEGATED CO-COMMISSIONING,ST ANDREWS HOUSE,GMK000020422,"4,055.75"
Department of Health,NHS Tameside And Glossop CCG,31/12/2018,C&M-GMS QOF Aspiration,PRC DELEGATED CO-COMMISSIONING,ST ANDREWS HOUSE,GMK000020422,"4,086.12"
Department of Health,NHS Tameside And Glossop CCG,31/12/2018,C&M-GMS DES Extended Hours Access,PRC DELEGATED CO-COMMISSIONING,STAMFORD HOUSE,GMK000020426,"2,126.10"
Department of Health,NHS Tameside And Glossop CCG,31/12/2018,C&M-GMS Global Sum,PRC DELEGATED CO-COMMISSIONING,STAMFORD HOUSE,GMK000020426,"30,866.67"
Department of Health,NHS Tameside And Glossop CCG,31/12/2018,C&M-GMS MPIG Correction Factor,PRC DELEGATED CO-COMMISSIONING,STAMFORD HOUSE,GMK000020426,582.97
Department of Health,NHS Tameside And Glossop CCG,31/12/2018,C&M-GMS Prem Actual Rent,PRC DELEGATED CO-COMMISSIONING,STAMFORD HOUSE,GMK000020426,"1,936.25"
Department of Health,NHS Tameside And Glossop CCG,31/12/2018,C&M-GMS QOF Aspiration,PRC DELEGATED CO-COMMISSIONING,STAMFORD HOUSE,GMK000020426,"3,193.10"
Department of Health,NHS Tameside And Glossop CCG,31/12/2018,C&M-GMS DES Minor Surgery,PRC DELEGATED CO-COMMISSIONING,STAVELEIGH MEDICAL CENTRE,GMK000020424,"1,835.72"
Department of Health,NHS Tameside And Glossop CCG,31/12/2018,C&M-GMS Global Sum,PRC DELEGATED CO-COMMISSIONING,STAVELEIGH MEDICAL CENTRE,GMK000020424,"49,544.11"
Department of Health,NHS Tameside And Glossop CCG,31/12/2018,C&M-GMS Prem Cost Rent,PRC DELEGATED CO-COMMISSIONING,STAVELEIGH MEDICAL CENTRE,GMK000020424,"3,232.75"
Department of Health,NHS Tameside And Glossop CCG,31/12/2018,C&M-GMS QOF Aspiration,PRC DELEGATED CO-COMMISSIONING,STAVELEIGH MEDICAL CENTRE,GMK000020424,"5,670.37"
Department of Health,NHS Tameside And Glossop CCG,31/12/2018,ME - GMS GP Prior Year ERs,PRC DELEGATED CO-COMMISSIONING,STAVELEIGH MEDICAL CENTRE,GMK000020424,470.94
Department of Health,NHS Tameside And Glossop CCG,31/12/2018,ME-GMS GP Prior Year EEs,PRC DELEGATED CO-COMMISSIONING,STAVELEIGH MEDICAL CENTRE,GMK000020424,477.54
Department of Health,NHS Tameside And Glossop CCG,31/12/2018,Hcare Srv Rec Fdtn Trust-Contract Baseline,ACUTE COMMISSIONING,STOCKPORT NHS FOUNDATION TRUST,40078584,"857,886.00"
Department of Health,NHS Tameside And Glossop CCG,31/12/2018,Clinical&Medical-Othe Public Sector,CHILD AND ADOLESCENT MENTAL HEALTH,TAMESIDE METROPOLITAN BOROUGH COUNCIL,61976432,"1,521.08"
Department of Health,NHS Tameside And Glossop CCG,31/12/2018,Clinical&Medical-Othe Public Sector,COMMUNITY SERVICES,TAMESIDE METROPOLITAN BOROUGH COUNCIL,61976432,"1,986,905.83"
Department of Health,NHS Tameside And Glossop CCG,31/12/2018,Clinical&Medical-Othe Public Sector,LEARNING DIFFICULTIES,TAMESIDE METROPOLITAN BOROUGH COUNCIL,61976432,"28,045.83"
Department of Health,NHS Tameside And Glossop CCG,31/12/2018,Clinical&Medical-Othe Public Sector,PRESCRIBING,TAMESIDE METROPOLITAN BOROUGH COUNCIL,61976432,"-56,907.58"
Department of Health,NHS Tameside And Glossop CCG,31/12/2018,Cont Care- Adult Joint Funded,ADULT JOINT FUNDED CONTINUING CARE,TAMESIDE METROPOLITAN BOROUGH COUNCIL,61976432,"194,463.30"
Department of Health,NHS Tameside And Glossop CCG,31/12/2018,Cont Care- Children,CHC ADULT FULLY FUNDED,TAMESIDE METROPOLITAN BOROUGH COUNCIL,61976432,307.02
Department of Health,NHS Tameside And Glossop CCG,31/12/2018,Cont Care- Children,CHC CHILD PERS HLTH BUD,TAMESIDE METROPOLITAN BOROUGH COUNCIL,61976432,"-5,167.00"
Department of Health,NHS Tameside And Glossop CCG,31/12/2018,Cont Care- Children,CHC CHILDREN,TAMESIDE METROPOLITAN BOROUGH COUNCIL,61976432,"7,362.90"
Department of Health,NHS Tameside And Glossop CCG,31/12/2018,Cont Care-Funded Nursing Care Allow,FUNDED NURSING CARE,TAMESIDE METROPOLITAN BOROUGH COUNCIL,61976432,"163,333.43"
Department of Health,NHS Tameside And Glossop CCG,31/12/2018,GROSSRECOVEMPBEN - SALARIES & WAGES,MEDICINES MANAGEMENT - CLINICAL,TAMESIDE METROPOLITAN BOROUGH COUNCIL,61976432,"-1,593.25"
Department of Health,NHS Tameside And Glossop CCG,31/12/2018,GROSSRECOVEMPBEN - SALARIES & WAGES,Nursing and Quality Programme,TAMESIDE METROPOLITAN BOROUGH COUNCIL,61976432,"-2,431.42"
Department of Health,NHS Tameside And Glossop CCG,31/12/2018,GROSSRECOVEMPBEN - SALARIES & WAGES,PROGRAMME PROJECTS,TAMESIDE METROPOLITAN BOROUGH COUNCIL,61976432,"-3,983.17"
Department of Health,NHS Tameside And Glossop CCG,31/12/2018,GROSSRECOVEMPBEN - SOCIAL SECURITY,MEDICINES MANAGEMENT - CLINICAL,TAMESIDE METROPOLITAN BOROUGH COUNCIL,61976432,-181.25
Department of Health,NHS Tameside And Glossop CCG,31/12/2018,GROSSRECOVEMPBEN - SOCIAL SECURITY,Nursing and Quality Programme,TAMESIDE METROPOLITAN BOROUGH COUNCIL,61976432,-550.87
Department of Health,NHS Tameside And Glossop CCG,31/12/2018,GROSSRECOVEMPBEN - SOCIAL SECURITY,PROGRAMME PROJECTS,TAMESIDE METROPOLITAN BOROUGH COUNCIL,61976432,-452.8
Department of Health,NHS Tameside And Glossop CCG,31/12/2018,GROSSRECOVEMPBEN ERCONTS2NHSPENSION,MEDICINES MANAGEMENT - CLINICAL,TAMESIDE METROPOLITAN BOROUGH COUNCIL,61976432,-223.08
Department of Health,NHS Tameside And Glossop CCG,31/12/2018,GROSSRECOVEMPBEN ERCONTS2NHSPENSION,Nursing and Quality Programme,TAMESIDE METROPOLITAN BOROUGH COUNCIL,61976432,-768.63
Department of Health,NHS Tameside And Glossop CCG,31/12/2018,GROSSRECOVEMPBEN ERCONTS2NHSPENSION,PROGRAMME PROJECTS,TAMESIDE METROPOLITAN BOROUGH COUNCIL,61976432,-572.78
Department of Health,NHS Tameside And Glossop CCG,31/12/2018,Local AuthorityRevenue-Non-Contract,CONTINUING HEALTHCARE ASSESSMENT & SUPPORT,TAMESIDE METROPOLITAN BOROUGH COUNCIL,61976432,"-3,329.33"
Department of Health,NHS Tameside And Glossop CCG,31/12/2018,Local AuthorityRevenue-Non-Contract,Nursing and Quality Programme,TAMESIDE METROPOLITAN BOROUGH COUNCIL,61976432,-307.44
Department of Health,NHS Tameside And Glossop CCG,31/12/2018,Local AuthorityRevenue-Non-Contract,PROGRAMME PROJECTS,TAMESIDE METROPOLITAN BOROUGH COUNCIL,61976432,"-13,131.25"
Department of Health,NHS Tameside And Glossop CCG,31/12/2018,Other Transport Costs,PATIENT TRANSPORT,TAMESIDE METROPOLITAN BOROUGH COUNCIL,61976432,"-3,685.08"
Department of Health,NHS Tameside And Glossop CCG,31/12/2018,Postage & Carriage,CORPORATE COSTS & SERVICES,TAMESIDE METROPOLITAN BOROUGH COUNCIL,61976432,"6,506.19"
Department of Health,NHS Tameside And Glossop CCG,31/12/2018,Prepymnts <1Yr-Non-NHS PeriodEndAccrual,BALANCE SHEET,TAMESIDE METROPOLITAN BOROUGH COUNCIL,61976432,194.97
Department of Health,NHS Tameside And Glossop CCG,31/12/2018,Printing Costs,CORPORATE COSTS & SERVICES,TAMESIDE METROPOLITAN BOROUGH COUNCIL,61976432,"1,939.09"
Department of Health,NHS Tameside And Glossop CCG,31/12/2018,Rail Travel,CORPORATE COSTS & SERVICES,TAMESIDE METROPOLITAN BOROUGH COUNCIL,61976432,-411.05
Department of Health,NHS Tameside And Glossop CCG,31/12/2018,Rent,ESTATES AND FACILITIES,TAMESIDE METROPOLITAN BOROUGH COUNCIL,61976432,"8,666.67"
Department of Health,NHS Tameside And Glossop CCG,31/12/2018,Rent,RECHARGES NHS PROPERTY SERVICES LTD,TAMESIDE METROPOLITAN BOROUGH COUNCIL,61976432,"3,833.33"
Department of Health,NHS Tameside And Glossop CCG,31/12/2018,Seconded-Basic Sal-Staff fm oth org,COMMISSIONING,TAMESIDE METROPOLITAN BOROUGH COUNCIL,61976432,"1,977.21"
Department of Health,NHS Tameside And Glossop CCG,31/12/2018,Seconded-Basic Sal-Staff fm oth org,FINANCE,TAMESIDE METROPOLITAN BOROUGH COUNCIL,61976432,"4,908.39"
Department of Health,NHS Tameside And Glossop CCG,31/12/2018,Seconded-Basic Sal-Staff fm oth org,PROGRAMME PROJECTS,TAMESIDE METROPOLITAN BOROUGH COUNCIL,61976432,"3,402.45"
Department of Health,NHS Tameside And Glossop CCG,31/12/2018,Seconded-Employer's NHI Costs,COMMISSIONING,TAMESIDE METROPOLITAN BOROUGH COUNCIL,61976432,205.04
Department of Health,NHS Tameside And Glossop CCG,31/12/2018,Seconded-Employer's NHI Costs,PROGRAMME PROJECTS,TAMESIDE METROPOLITAN BOROUGH COUNCIL,61976432,521.55
Department of Health,NHS Tameside And Glossop CCG,31/12/2018,Seconded-Employer's Pension Costs,COMMISSIONING,TAMESIDE METROPOLITAN BOROUGH COUNCIL,61976432,415.21
Department of Health,NHS Tameside And Glossop CCG,31/12/2018,Seconded-Employer's Pension Costs,PROGRAMME PROJECTS,TAMESIDE METROPOLITAN BOROUGH COUNCIL,61976432,536.57
Department of Health,NHS Tameside And Glossop CCG,31/12/2018,Soc Care-Other Soc Care,INTERPRETING SERVICES,TAMESIDE METROPOLITAN BOROUGH COUNCIL,61976432,"15,824.79"
Department of Health,NHS Tameside And Glossop CCG,31/12/2018,Soc Care-Other Soc Care,MENTAL CAPACITY ACT,TAMESIDE METROPOLITAN BOROUGH COUNCIL,61976432,"2,669.93"
Department of Health,NHS Tameside And Glossop CCG,31/12/2018,Soc Care-Other Soc Care,MENTAL HEALTH SERVICES - ADULTS,TAMESIDE METROPOLITAN BOROUGH COUNCIL,61976432,"4,320.83"
Department of Health,NHS Tameside And Glossop CCG,31/12/2018,Soc Care-Other Soc Care,NON RECURRENT PROGRAMMES,TAMESIDE METROPOLITAN BOROUGH COUNCIL,61976432,"914,083.34"
Department of Health,NHS Tameside And Glossop CCG,31/12/2018,Soc Care-Other Soc Care,SAFEGUARDING,TAMESIDE METROPOLITAN BOROUGH COUNCIL,61976432,"13,725.00"
Department of Health,NHS Tameside And Glossop CCG,31/12/2018,C&M-GMS Global Sum,PRC DELEGATED CO-COMMISSIONING,TOWN HALL SURGERY,GMK000020428,"23,987.23"
Department of Health,NHS Tameside And Glossop CCG,31/12/2018,C&M-GMS Prem Notional Rent,PRC DELEGATED CO-COMMISSIONING,TOWN HALL SURGERY,GMK000020428,"1,891.67"
Department of Health,NHS Tameside And Glossop CCG,31/12/2018,C&M-GMS QOF Aspiration,PRC DELEGATED CO-COMMISSIONING,TOWN HALL SURGERY,GMK000020428,"2,458.87"
Department of Health,NHS Tameside And Glossop CCG,31/12/2018,C&M-PMS Contract Value,PRC DELEGATED CO-COMMISSIONING,WATERLOO MEDICAL PRACTICE,GMK000020430,"19,548.79"
Department of Health,NHS Tameside And Glossop CCG,31/12/2018,C&M-PMS Funding Differential Review,PRC DELEGATED CO-COMMISSIONING,WATERLOO MEDICAL PRACTICE,GMK000020430,467.28
Department of Health,NHS Tameside And Glossop CCG,31/12/2018,C&M-PMS Prem Notional Rent,PRC DELEGATED CO-COMMISSIONING,WATERLOO MEDICAL PRACTICE,GMK000020430,"5,389.00"
Department of Health,NHS Tameside And Glossop CCG,31/12/2018,C&M-PMS Prem Water Rates,PRC DELEGATED CO-COMMISSIONING,WATERLOO MEDICAL PRACTICE,GMK000020430,136.72
Department of Health,NHS Tameside And Glossop CCG,31/12/2018,C&M-PMS QOF Aspiration,PRC DELEGATED CO-COMMISSIONING,WATERLOO MEDICAL PRACTICE,GMK000020430,"1,561.14"
Department of Health,NHS Tameside And Glossop CCG,31/12/2018,C&M-GMS DES Extended Hours Access,PRC DELEGATED CO-COMMISSIONING,WEST END MEDICAL CENTRE,GMK000020429,"2,162.20"
Department of Health,NHS Tameside And Glossop CCG,31/12/2018,C&M-GMS DES Minor Surgery,PRC DELEGATED CO-COMMISSIONING,WEST END MEDICAL CENTRE,GMK000020429,"1,180.17"
Department of Health,NHS Tameside And Glossop CCG,31/12/2018,C&M-GMS DES Violent Patients,PRC DELEGATED CO-COMMISSIONING,WEST END MEDICAL CENTRE,GMK000020429,"5,885.70"
Department of Health,NHS Tameside And Glossop CCG,31/12/2018,C&M-GMS Global Sum,PRC DELEGATED CO-COMMISSIONING,WEST END MEDICAL CENTRE,GMK000020429,"35,523.48"
Department of Health,NHS Tameside And Glossop CCG,31/12/2018,C&M-GMS Prem Notional Rent,PRC DELEGATED CO-COMMISSIONING,WEST END MEDICAL CENTRE,GMK000020429,"3,600.00"
Department of Health,NHS Tameside And Glossop CCG,31/12/2018,C&M-GMS QOF Aspiration,PRC DELEGATED CO-COMMISSIONING,WEST END MEDICAL CENTRE,GMK000020429,"3,237.95"
Department of Health,NHS Tameside And Glossop CCG,31/12/2018,Hcare Srv Rec Fdtn Trust-CQUIN,ACUTE COMMISSIONING,WRIGHTINGTON WIGAN & LEIGH NHS FOUNDATION TRUST,55583649,"2,276.00"
Department of Health,NHS Tameside And Glossop CCG,31/12/2018,Hcare Srv Rec Fdtn Trust-Contract Baseline,ACUTE COMMISSIONING,WRIGHTINGTON WIGAN & LEIGH NHS FOUNDATION TRUST,55583649,"91,929.00"
