Department family,Entity,Date,Expense Type,Expense area,Supplier,Purchase invoice number,AP Amount (�)
Department of Health,NHS Tameside And Glossop CCG,30/06/2018,Clinical&Medical-Independent Sector,ACUTE COMMISSIONING,ABL HEALTH LTD,TS241V3,"26,774.40 "
Department of Health,NHS Tameside And Glossop CCG,30/06/2018,Social Care-Domiciliary Care Exp,MENTAL HEALTH SERVICES - ADULTS,AGE UK TAMESIDE,4716,"52,702.00 "
Department of Health,NHS Tameside And Glossop CCG,30/06/2018,C&M-PMS Contract Value,PRC DELEGATED CO-COMMISSIONING,ALBION MEDICAL PRACTICE,GMK000018545,"75,073.35 "
Department of Health,NHS Tameside And Glossop CCG,30/06/2018,C&M-PMS DES Minor Surgery,PRC DELEGATED CO-COMMISSIONING,ALBION MEDICAL PRACTICE,GMK000018545,"2,622.46 "
Department of Health,NHS Tameside And Glossop CCG,30/06/2018,C&M-PMS Funding Differential Review,PRC DELEGATED CO-COMMISSIONING,ALBION MEDICAL PRACTICE,GMK000018545,746.61 
Department of Health,NHS Tameside And Glossop CCG,30/06/2018,C&M-PMS Prem Notional Rent,PRC DELEGATED CO-COMMISSIONING,ALBION MEDICAL PRACTICE,GMK000018545,"4,404.17 "
Department of Health,NHS Tameside And Glossop CCG,30/06/2018,C&M-PMS Prem Water Rates,PRC DELEGATED CO-COMMISSIONING,ALBION MEDICAL PRACTICE,GMK000018545,607.06 
Department of Health,NHS Tameside And Glossop CCG,30/06/2018,C&M-PMS QOF Achievement,PRC DELEGATED CO-COMMISSIONING,ALBION MEDICAL PRACTICE,GMK000018545,"44,024.39 "
Department of Health,NHS Tameside And Glossop CCG,30/06/2018,C&M-PMS QOF Aspiration,PRC DELEGATED CO-COMMISSIONING,ALBION MEDICAL PRACTICE,GMK000018545,"8,587.76 "
Department of Health,NHS Tameside And Glossop CCG,30/06/2018,C&M-PMS Small Practice Allowance,PRC DELEGATED CO-COMMISSIONING,ALBION MEDICAL PRACTICE,GMK000018545,"5,926.00 "
Department of Health,NHS Tameside And Glossop CCG,30/06/2018,C&M-APMS Contract Value,PRC DELEGATED CO-COMMISSIONING,ASHTON GP SERVICE,GMK000018539,"66,615.09 "
Department of Health,NHS Tameside And Glossop CCG,30/06/2018,C&M-APMS DES Minor Surgery,PRC DELEGATED CO-COMMISSIONING,ASHTON GP SERVICE,GMK000018539,843.60 
Department of Health,NHS Tameside And Glossop CCG,30/06/2018,C&M-PMS Contract Value,PRC DELEGATED CO-COMMISSIONING,ASHTON GP SERVICE,GMK000018539,"24,938.89 "
Department of Health,NHS Tameside And Glossop CCG,30/06/2018,C&M-PMS DES Minor Surgery,PRC DELEGATED CO-COMMISSIONING,ASHTON GP SERVICE,GMK000018539,"1,108.90 "
Department of Health,NHS Tameside And Glossop CCG,30/06/2018,C&M-PMS DES Violent Patients,PRC DELEGATED CO-COMMISSIONING,ASHTON GP SERVICE,GMK000018539,255.90 
Department of Health,NHS Tameside And Glossop CCG,30/06/2018,C&M-PMS QOF Achievement,PRC DELEGATED CO-COMMISSIONING,ASHTON GP SERVICE,GMK000018539,"7,299.62 "
Department of Health,NHS Tameside And Glossop CCG,30/06/2018,C&M-PMS QOF Aspiration,PRC DELEGATED CO-COMMISSIONING,ASHTON GP SERVICE,GMK000018539,"1,594.48 "
Department of Health,NHS Tameside And Glossop CCG,30/06/2018,C&M-GMS Global Sum,PRC DELEGATED CO-COMMISSIONING,AWBURN HOUSE MEDICAL PRACTICE,GMK000018543,"56,807.14 "
Department of Health,NHS Tameside And Glossop CCG,30/06/2018,C&M-GMS Other Small Practice All,PRC DELEGATED CO-COMMISSIONING,AWBURN HOUSE MEDICAL PRACTICE,GMK000018543,"4,580.00 "
Department of Health,NHS Tameside And Glossop CCG,30/06/2018,C&M-GMS PCO Locum Adop/Pat/Mat,PRC DELEGATED CO-COMMISSIONING,AWBURN HOUSE MEDICAL PRACTICE,GMK000018543,"14,968.49 "
Department of Health,NHS Tameside And Glossop CCG,30/06/2018,C&M-GMS Prem Notional Rent,PRC DELEGATED CO-COMMISSIONING,AWBURN HOUSE MEDICAL PRACTICE,GMK000018543,"2,833.33 "
Department of Health,NHS Tameside And Glossop CCG,30/06/2018,C&M-GMS QOF Achievement,PRC DELEGATED CO-COMMISSIONING,AWBURN HOUSE MEDICAL PRACTICE,GMK000018543,"19,813.04 "
Department of Health,NHS Tameside And Glossop CCG,30/06/2018,C&M-GMS QOF Aspiration,PRC DELEGATED CO-COMMISSIONING,AWBURN HOUSE MEDICAL PRACTICE,GMK000018543,"4,652.45 "
Department of Health,NHS Tameside And Glossop CCG,30/06/2018,C&M-GMS DES Learn Dsblty Hlth Chk,PRC DELEGATED CO-COMMISSIONING,BEDFORD HOUSE MEDICAL CENTRE,GMK000018541,980.00 
Department of Health,NHS Tameside And Glossop CCG,30/06/2018,C&M-GMS DES Minor Surgery,PRC DELEGATED CO-COMMISSIONING,BEDFORD HOUSE MEDICAL CENTRE,GMK000018541,437.07 
Department of Health,NHS Tameside And Glossop CCG,30/06/2018,C&M-GMS Global Sum,PRC DELEGATED CO-COMMISSIONING,BEDFORD HOUSE MEDICAL CENTRE,GMK000018541,"52,525.32 "
Department of Health,NHS Tameside And Glossop CCG,30/06/2018,C&M-GMS PCO Seniority,PRC DELEGATED CO-COMMISSIONING,BEDFORD HOUSE MEDICAL CENTRE,GMK000018541,"1,053.32 "
Department of Health,NHS Tameside And Glossop CCG,30/06/2018,C&M-GMS Prem Notional Rent,PRC DELEGATED CO-COMMISSIONING,BEDFORD HOUSE MEDICAL CENTRE,GMK000018541,"2,766.67 "
Department of Health,NHS Tameside And Glossop CCG,30/06/2018,C&M-GMS QOF Achievement,PRC DELEGATED CO-COMMISSIONING,BEDFORD HOUSE MEDICAL CENTRE,GMK000018541,"13,011.15 "
Department of Health,NHS Tameside And Glossop CCG,30/06/2018,C&M-GMS QOF Aspiration,PRC DELEGATED CO-COMMISSIONING,BEDFORD HOUSE MEDICAL CENTRE,GMK000018541,"4,975.49 "
Department of Health,NHS Tameside And Glossop CCG,30/06/2018,ME - GMS GP Prior Year ERs,PRC DELEGATED CO-COMMISSIONING,BEDFORD HOUSE MEDICAL CENTRE,GMK000018541,"8,196.33 "
Department of Health,NHS Tameside And Glossop CCG,30/06/2018,ME-GMS GP Prior Year EEs,PRC DELEGATED CO-COMMISSIONING,BEDFORD HOUSE MEDICAL CENTRE,GMK000018541,"7,694.75 "
Department of Health,NHS Tameside And Glossop CCG,30/06/2018,Clinical&Medical-Independent Sector,ACUTE COMMISSIONING,BMI HEALTHCARE COLLECTIONS,0000091690,"125,062.05 "
Department of Health,NHS Tameside And Glossop CCG,30/06/2018,C&M-PMS Contract Value,PRC DELEGATED CO-COMMISSIONING,BROOKE SURGERY,GMK000018547,"80,926.96 "
Department of Health,NHS Tameside And Glossop CCG,30/06/2018,C&M-PMS DES Learn Dsblty Hlth Chk,PRC DELEGATED CO-COMMISSIONING,BROOKE SURGERY,GMK000018547,"2,240.00 "
Department of Health,NHS Tameside And Glossop CCG,30/06/2018,C&M-PMS DES Minor Surgery,PRC DELEGATED CO-COMMISSIONING,BROOKE SURGERY,GMK000018547,"3,103.19 "
Department of Health,NHS Tameside And Glossop CCG,30/06/2018,C&M-PMS Funding Differential Review,PRC DELEGATED CO-COMMISSIONING,BROOKE SURGERY,GMK000018547,171.11 
Department of Health,NHS Tameside And Glossop CCG,30/06/2018,C&M-PMS PCO Seniority,PRC DELEGATED CO-COMMISSIONING,BROOKE SURGERY,GMK000018547,"1,067.11 "
Department of Health,NHS Tameside And Glossop CCG,30/06/2018,C&M-PMS Prem Notional Rent,PRC DELEGATED CO-COMMISSIONING,BROOKE SURGERY,GMK000018547,"5,395.83 "
Department of Health,NHS Tameside And Glossop CCG,30/06/2018,C&M-PMS QOF Achievement,PRC DELEGATED CO-COMMISSIONING,BROOKE SURGERY,GMK000018547,"40,568.77 "
Department of Health,NHS Tameside And Glossop CCG,30/06/2018,C&M-PMS QOF Aspiration,PRC DELEGATED CO-COMMISSIONING,BROOKE SURGERY,GMK000018547,"9,185.69 "
Department of Health,NHS Tameside And Glossop CCG,30/06/2018,Clinical&Medical-Independent Sector,ACUTE COMMISSIONING,CARE UK CLINICAL SERVICES LTD,100068759,"30,000.00 "
Department of Health,NHS Tameside And Glossop CCG,30/06/2018,Clinical&Medical-Independent Sector,ACUTE COMMISSIONING,CARE UK CLINICAL SERVICES LTD,100072084,"30,000.00 "
Department of Health,NHS Tameside And Glossop CCG,30/06/2018,C&M-GMS DES Learn Dsblty Hlth Chk,PRC DELEGATED CO-COMMISSIONING,CHAPEL STREET MEDICAL PRACTICE ASHTON LYNE,GMK000018549,560.00 
Department of Health,NHS Tameside And Glossop CCG,30/06/2018,C&M-GMS DES Minor Surgery,PRC DELEGATED CO-COMMISSIONING,CHAPEL STREET MEDICAL PRACTICE ASHTON LYNE,GMK000018549,"1,398.72 "
Department of Health,NHS Tameside And Glossop CCG,30/06/2018,C&M-GMS Global Sum,PRC DELEGATED CO-COMMISSIONING,CHAPEL STREET MEDICAL PRACTICE ASHTON LYNE,GMK000018549,"42,065.80 "
Department of Health,NHS Tameside And Glossop CCG,30/06/2018,C&M-GMS PCO Locum Adop/Pat/Mat,PRC DELEGATED CO-COMMISSIONING,CHAPEL STREET MEDICAL PRACTICE ASHTON LYNE,GMK000018549,"7,467.72 "
Department of Health,NHS Tameside And Glossop CCG,30/06/2018,C&M-GMS Prem Notional Rent,PRC DELEGATED CO-COMMISSIONING,CHAPEL STREET MEDICAL PRACTICE ASHTON LYNE,GMK000018549,"3,920.83 "
Department of Health,NHS Tameside And Glossop CCG,30/06/2018,C&M-GMS QOF Achievement,PRC DELEGATED CO-COMMISSIONING,CHAPEL STREET MEDICAL PRACTICE ASHTON LYNE,GMK000018549,"24,969.08 "
Department of Health,NHS Tameside And Glossop CCG,30/06/2018,C&M-GMS QOF Aspiration,PRC DELEGATED CO-COMMISSIONING,CHAPEL STREET MEDICAL PRACTICE ASHTON LYNE,GMK000018549,"5,567.70 "
Department of Health,NHS Tameside And Glossop CCG,30/06/2018,Hcare Srv Rec Fdtn Trust-CQUIN,ACUTE COMMISSIONING,CHRISTIE HOSPITAL NHS FOUNDATION TRUST,30206,"3,536.92 "
Department of Health,NHS Tameside And Glossop CCG,30/06/2018,Hcare Srv Rec Fdtn Trust-Contract Baseline,ACUTE COMMISSIONING,CHRISTIE HOSPITAL NHS FOUNDATION TRUST,30206,"149,566.50 "
Department of Health,NHS Tameside And Glossop CCG,30/06/2018,C&M-PMS Contract Value,PRC DELEGATED CO-COMMISSIONING,CLARENDON MEDICAL PRACTICE,GMK000018608,"63,669.00 "
Department of Health,NHS Tameside And Glossop CCG,30/06/2018,C&M-PMS Funding Differential Review,PRC DELEGATED CO-COMMISSIONING,CLARENDON MEDICAL PRACTICE,GMK000018608,200.04 
Department of Health,NHS Tameside And Glossop CCG,30/06/2018,C&M-PMS Prem Notional Rent,PRC DELEGATED CO-COMMISSIONING,CLARENDON MEDICAL PRACTICE,GMK000018608,"4,501.91 "
Department of Health,NHS Tameside And Glossop CCG,30/06/2018,C&M-PMS Prem Water Rates,PRC DELEGATED CO-COMMISSIONING,CLARENDON MEDICAL PRACTICE,GMK000018608,62.46 
Department of Health,NHS Tameside And Glossop CCG,30/06/2018,C&M-PMS QOF Achievement,PRC DELEGATED CO-COMMISSIONING,CLARENDON MEDICAL PRACTICE,GMK000018608,"41,334.63 "
Department of Health,NHS Tameside And Glossop CCG,30/06/2018,C&M-PMS QOF Aspiration,PRC DELEGATED CO-COMMISSIONING,CLARENDON MEDICAL PRACTICE,GMK000018608,"7,975.28 "
Department of Health,NHS Tameside And Glossop CCG,30/06/2018,C&M-PMS Small Practice Allowance,PRC DELEGATED CO-COMMISSIONING,CLARENDON MEDICAL PRACTICE,GMK000018608,"5,049.00 "
Department of Health,NHS Tameside And Glossop CCG,30/06/2018,C&M-GMS Global Sum,PRC DELEGATED CO-COMMISSIONING,COTTAGE LANE SURGERY,GMK000018551,"16,119.05 "
Department of Health,NHS Tameside And Glossop CCG,30/06/2018,C&M-GMS MPIG Correction Factor,PRC DELEGATED CO-COMMISSIONING,COTTAGE LANE SURGERY,GMK000018551,722.11 
Department of Health,NHS Tameside And Glossop CCG,30/06/2018,C&M-GMS Prem Notional Rent,PRC DELEGATED CO-COMMISSIONING,COTTAGE LANE SURGERY,GMK000018551,"2,016.67 "
Department of Health,NHS Tameside And Glossop CCG,30/06/2018,C&M-GMS QOF Achievement,PRC DELEGATED CO-COMMISSIONING,COTTAGE LANE SURGERY,GMK000018551,"10,241.73 "
Department of Health,NHS Tameside And Glossop CCG,30/06/2018,C&M-GMS QOF Aspiration,PRC DELEGATED CO-COMMISSIONING,COTTAGE LANE SURGERY,GMK000018551,"2,087.89 "
Department of Health,NHS Tameside And Glossop CCG,30/06/2018,C&M-GMS DES Learn Dsblty Hlth Chk,PRC DELEGATED CO-COMMISSIONING,DENTON MEDICAL PRACTICE,GMK000018553,840.00 
Department of Health,NHS Tameside And Glossop CCG,30/06/2018,C&M-GMS DES Minor Surgery,PRC DELEGATED CO-COMMISSIONING,DENTON MEDICAL PRACTICE,GMK000018553,917.86 
Department of Health,NHS Tameside And Glossop CCG,30/06/2018,C&M-GMS Global Sum,PRC DELEGATED CO-COMMISSIONING,DENTON MEDICAL PRACTICE,GMK000018553,"55,461.63 "
Department of Health,NHS Tameside And Glossop CCG,30/06/2018,C&M-GMS Other Small Practice All,PRC DELEGATED CO-COMMISSIONING,DENTON MEDICAL PRACTICE,GMK000018553,"4,797.00 "
Department of Health,NHS Tameside And Glossop CCG,30/06/2018,C&M-GMS Prem Actual Rent,PRC DELEGATED CO-COMMISSIONING,DENTON MEDICAL PRACTICE,GMK000018553,"16,950.00 "
Department of Health,NHS Tameside And Glossop CCG,30/06/2018,C&M-GMS Prem Other,PRC DELEGATED CO-COMMISSIONING,DENTON MEDICAL PRACTICE,GMK000018553,233.33 
Department of Health,NHS Tameside And Glossop CCG,30/06/2018,C&M-GMS Prem Rates,PRC DELEGATED CO-COMMISSIONING,DENTON MEDICAL PRACTICE,GMK000018553,"6,600.53 "
Department of Health,NHS Tameside And Glossop CCG,30/06/2018,C&M-GMS Prem Water Rates,PRC DELEGATED CO-COMMISSIONING,DENTON MEDICAL PRACTICE,GMK000018553,548.37 
Department of Health,NHS Tameside And Glossop CCG,30/06/2018,C&M-GMS QOF Achievement,PRC DELEGATED CO-COMMISSIONING,DENTON MEDICAL PRACTICE,GMK000018553,"32,834.79 "
Department of Health,NHS Tameside And Glossop CCG,30/06/2018,C&M-GMS QOF Aspiration,PRC DELEGATED CO-COMMISSIONING,DENTON MEDICAL PRACTICE,GMK000018553,"7,158.07 "
Department of Health,NHS Tameside And Glossop CCG,30/06/2018,Soc Care-Other Soc Care,NON RECURRENT PROGRAMMES,DERBYSHIRE COUNTY COUNCIL,100020181800018235,"152,345.72 "
Department of Health,NHS Tameside And Glossop CCG,30/06/2018,Soc Care-Other Soc Care,NON RECURRENT PROGRAMMES,DERBYSHIRE COUNTY COUNCIL,100020181800026429,"152,346.00 "
Department of Health,NHS Tameside And Glossop CCG,30/06/2018,C&M-GMS Global Sum,PRC DELEGATED CO-COMMISSIONING,DONNEYBROOK MEDICAL CENTRE,GMK000018555,"73,907.86 "
Department of Health,NHS Tameside And Glossop CCG,30/06/2018,C&M-GMS Prem Notional Rent,PRC DELEGATED CO-COMMISSIONING,DONNEYBROOK MEDICAL CENTRE,GMK000018555,"4,887.50 "
Department of Health,NHS Tameside And Glossop CCG,30/06/2018,C&M-GMS Prem Water Rates,PRC DELEGATED CO-COMMISSIONING,DONNEYBROOK MEDICAL CENTRE,GMK000018555,138.37 
Department of Health,NHS Tameside And Glossop CCG,30/06/2018,C&M-GMS QOF Achievement,PRC DELEGATED CO-COMMISSIONING,DONNEYBROOK MEDICAL CENTRE,GMK000018555,"42,360.40 "
Department of Health,NHS Tameside And Glossop CCG,30/06/2018,C&M-GMS QOF Aspiration,PRC DELEGATED CO-COMMISSIONING,DONNEYBROOK MEDICAL CENTRE,GMK000018555,"9,007.14 "
Department of Health,NHS Tameside And Glossop CCG,30/06/2018,C&M-APMS DES Minor Surgery,PRC DELEGATED CO-COMMISSIONING,DROYLSDEN MEDICAL PRACTICE,GMK000018557,337.44 
Department of Health,NHS Tameside And Glossop CCG,30/06/2018,C&M-PMS Contract Value,PRC DELEGATED CO-COMMISSIONING,DROYLSDEN MEDICAL PRACTICE,GMK000018557,"25,648.68 "
Department of Health,NHS Tameside And Glossop CCG,30/06/2018,C&M-PMS QOF Achievement,PRC DELEGATED CO-COMMISSIONING,DROYLSDEN MEDICAL PRACTICE,GMK000018557,"11,678.59 "
Department of Health,NHS Tameside And Glossop CCG,30/06/2018,C&M-PMS QOF Aspiration,PRC DELEGATED CO-COMMISSIONING,DROYLSDEN MEDICAL PRACTICE,GMK000018557,"2,390.85 "
Department of Health,NHS Tameside And Glossop CCG,30/06/2018,C&M-GMS DES Minor Surgery,PRC DELEGATED CO-COMMISSIONING,DUKINFIELD MEDICAL PRACTICE,GMK000018612,874.20 
Department of Health,NHS Tameside And Glossop CCG,30/06/2018,C&M-GMS Global Sum,PRC DELEGATED CO-COMMISSIONING,DUKINFIELD MEDICAL PRACTICE,GMK000018612,"81,653.17 "
Department of Health,NHS Tameside And Glossop CCG,30/06/2018,C&M-GMS Prem Notional Rent,PRC DELEGATED CO-COMMISSIONING,DUKINFIELD MEDICAL PRACTICE,GMK000018612,"4,408.33 "
Department of Health,NHS Tameside And Glossop CCG,30/06/2018,C&M-GMS Prem Water Rates,PRC DELEGATED CO-COMMISSIONING,DUKINFIELD MEDICAL PRACTICE,GMK000018612,364.21 
Department of Health,NHS Tameside And Glossop CCG,30/06/2018,C&M-GMS QOF Achievement,PRC DELEGATED CO-COMMISSIONING,DUKINFIELD MEDICAL PRACTICE,GMK000018612,"46,205.05 "
Department of Health,NHS Tameside And Glossop CCG,30/06/2018,C&M-GMS QOF Aspiration,PRC DELEGATED CO-COMMISSIONING,DUKINFIELD MEDICAL PRACTICE,GMK000018612,"9,498.22 "
Department of Health,NHS Tameside And Glossop CCG,30/06/2018,C&M-GMS Global Sum,PRC DELEGATED CO-COMMISSIONING,GORDON STREET MEDICAL CENTRE,GMK000018559,"32,126.84 "
Department of Health,NHS Tameside And Glossop CCG,30/06/2018,C&M-GMS MPIG Correction Factor,PRC DELEGATED CO-COMMISSIONING,GORDON STREET MEDICAL CENTRE,GMK000018559,490.87 
Department of Health,NHS Tameside And Glossop CCG,30/06/2018,C&M-GMS PCO Seniority,PRC DELEGATED CO-COMMISSIONING,GORDON STREET MEDICAL CENTRE,GMK000018559,"2,463.77 "
Department of Health,NHS Tameside And Glossop CCG,30/06/2018,C&M-GMS Prem Notional Rent,PRC DELEGATED CO-COMMISSIONING,GORDON STREET MEDICAL CENTRE,GMK000018559,"2,250.00 "
Department of Health,NHS Tameside And Glossop CCG,30/06/2018,C&M-GMS QOF Achievement,PRC DELEGATED CO-COMMISSIONING,GORDON STREET MEDICAL CENTRE,GMK000018559,"5,603.69 "
Department of Health,NHS Tameside And Glossop CCG,30/06/2018,C&M-GMS QOF Aspiration,PRC DELEGATED CO-COMMISSIONING,GORDON STREET MEDICAL CENTRE,GMK000018559,"2,723.64 "
Department of Health,NHS Tameside And Glossop CCG,30/06/2018,C&M-GMS LES Extended Hours,OUT OF HOURS,GOTODOC LTD,0000004590,"67,250.00 "
Department of Health,NHS Tameside And Glossop CCG,30/06/2018,Clinical&Medical-Independent Sector,OUT OF HOURS,GOTODOC LTD,0000004581,"145,351.00 "
Department of Health,NHS Tameside And Glossop CCG,30/06/2018,Hcare Srv Rec Fdtn Trust-Contract Baseline,MENTAL HEALTH CONTRACTS,GREATER MANCHESTER MENTAL HEALTH NHS FOUNDATION TRUST,0000028406,"27,052.68 "
Department of Health,NHS Tameside And Glossop CCG,30/06/2018,C&M-GMS DES Minor Surgery,PRC DELEGATED CO-COMMISSIONING,GROSVENOR MEDICAL CENTRE STALYBRIDGE,GMK000018563,699.36 
Department of Health,NHS Tameside And Glossop CCG,30/06/2018,C&M-GMS Global Sum,PRC DELEGATED CO-COMMISSIONING,GROSVENOR MEDICAL CENTRE STALYBRIDGE,GMK000018563,"45,386.92 "
Department of Health,NHS Tameside And Glossop CCG,30/06/2018,C&M-GMS MPIG Correction Factor,PRC DELEGATED CO-COMMISSIONING,GROSVENOR MEDICAL CENTRE STALYBRIDGE,GMK000018563,751.20 
Department of Health,NHS Tameside And Glossop CCG,30/06/2018,C&M-GMS Prem Notional Rent,PRC DELEGATED CO-COMMISSIONING,GROSVENOR MEDICAL CENTRE STALYBRIDGE,GMK000018563,"3,304.17 "
Department of Health,NHS Tameside And Glossop CCG,30/06/2018,C&M-GMS QOF Achievement,PRC DELEGATED CO-COMMISSIONING,GROSVENOR MEDICAL CENTRE STALYBRIDGE,GMK000018563,"30,061.90 "
Department of Health,NHS Tameside And Glossop CCG,30/06/2018,C&M-GMS QOF Aspiration,PRC DELEGATED CO-COMMISSIONING,GROSVENOR MEDICAL CENTRE STALYBRIDGE,GMK000018563,"5,556.95 "
Department of Health,NHS Tameside And Glossop CCG,30/06/2018,ME - GMS GP Prior Year ERs,PRC DELEGATED CO-COMMISSIONING,GROSVENOR MEDICAL CENTRE STALYBRIDGE,GMK000018563,"1,411.50 "
Department of Health,NHS Tameside And Glossop CCG,30/06/2018,ME-GMS GP Prior Year EEs,PRC DELEGATED CO-COMMISSIONING,GROSVENOR MEDICAL CENTRE STALYBRIDGE,GMK000018563,"1,325.12 "
Department of Health,NHS Tameside And Glossop CCG,30/06/2018,Clinical&Medical-Othe Public Sector,OUT OF HOURS,GTD PRIMARY CARE LTD,0000000152,"139,996.16 "
Department of Health,NHS Tameside And Glossop CCG,30/06/2018,C&M-APMS Other Baseline Adjustment,PRC DELEGATED CO-COMMISSIONING,GTD PRIMARY CARE LTD,0000000156,"141,533.28 "
Department of Health,NHS Tameside And Glossop CCG,30/06/2018,C&M-APMS Contract Value,PRC DELEGATED CO-COMMISSIONING,GUIDE BRIDGE MEDICAL PRACTICE,GMK000018610,"63,788.78 "
Department of Health,NHS Tameside And Glossop CCG,30/06/2018,C&M-APMS DES Minor Surgery,PRC DELEGATED CO-COMMISSIONING,GUIDE BRIDGE MEDICAL PRACTICE,GMK000018610,168.72 
Department of Health,NHS Tameside And Glossop CCG,30/06/2018,C&M-PMS Contract Value,PRC DELEGATED CO-COMMISSIONING,GUIDE BRIDGE MEDICAL PRACTICE,GMK000018610,"28,276.35 "
Department of Health,NHS Tameside And Glossop CCG,30/06/2018,C&M-PMS QOF Achievement,PRC DELEGATED CO-COMMISSIONING,GUIDE BRIDGE MEDICAL PRACTICE,GMK000018610,"17,852.41 "
Department of Health,NHS Tameside And Glossop CCG,30/06/2018,C&M-PMS QOF Aspiration,PRC DELEGATED CO-COMMISSIONING,GUIDE BRIDGE MEDICAL PRACTICE,GMK000018610,"2,724.65 "
Department of Health,NHS Tameside And Glossop CCG,30/06/2018,C&M-GMS Voluntary Levy,PRC DELEGATED CO-COMMISSIONING,HADFIELD MEDICAL CENTRE,GMK000018560,(75.97)
Department of Health,NHS Tameside And Glossop CCG,30/06/2018,ME-GMS GP Pension EEs,PRC DELEGATED CO-COMMISSIONING,HADFIELD MEDICAL CENTRE,GMK000018560,"(12,879.84)"
Department of Health,NHS Tameside And Glossop CCG,30/06/2018,ME-GMS GP Pension ERs Adjustments,PRC DELEGATED CO-COMMISSIONING,HADFIELD MEDICAL CENTRE,GMK000018560,"(13,085.80)"
Department of Health,NHS Tameside And Glossop CCG,30/06/2018,C&M-GMS Global Sum,PRC DELEGATED CO-COMMISSIONING,HADFIELD MEDICAL CENTRE,GMK000018561,"22,589.41 "
Department of Health,NHS Tameside And Glossop CCG,30/06/2018,C&M-GMS MPIG Correction Factor,PRC DELEGATED CO-COMMISSIONING,HADFIELD MEDICAL CENTRE,GMK000018561,127.98 
Department of Health,NHS Tameside And Glossop CCG,30/06/2018,C&M-GMS Prem Notional Rent,PRC DELEGATED CO-COMMISSIONING,HADFIELD MEDICAL CENTRE,GMK000018561,"3,291.67 "
Department of Health,NHS Tameside And Glossop CCG,30/06/2018,C&M-GMS QOF Achievement,PRC DELEGATED CO-COMMISSIONING,HADFIELD MEDICAL CENTRE,GMK000018561,"9,863.72 "
Department of Health,NHS Tameside And Glossop CCG,30/06/2018,C&M-GMS QOF Aspiration,PRC DELEGATED CO-COMMISSIONING,HADFIELD MEDICAL CENTRE,GMK000018561,"2,676.51 "
Department of Health,NHS Tameside And Glossop CCG,30/06/2018,C&M-GMS DES Minor Surgery,PRC DELEGATED CO-COMMISSIONING,HATTERSLEY GROUP PRACTICE,GMK000018565,253.08 
Department of Health,NHS Tameside And Glossop CCG,30/06/2018,C&M-GMS Global Sum,PRC DELEGATED CO-COMMISSIONING,HATTERSLEY GROUP PRACTICE,GMK000018565,"40,649.71 "
Department of Health,NHS Tameside And Glossop CCG,30/06/2018,C&M-GMS MPIG Correction Factor,PRC DELEGATED CO-COMMISSIONING,HATTERSLEY GROUP PRACTICE,GMK000018565,371.69 
Department of Health,NHS Tameside And Glossop CCG,30/06/2018,C&M-GMS PCO Seniority,PRC DELEGATED CO-COMMISSIONING,HATTERSLEY GROUP PRACTICE,GMK000018565,"2,609.32 "
Department of Health,NHS Tameside And Glossop CCG,30/06/2018,C&M-GMS QOF Achievement,PRC DELEGATED CO-COMMISSIONING,HATTERSLEY GROUP PRACTICE,GMK000018565,"19,645.33 "
Department of Health,NHS Tameside And Glossop CCG,30/06/2018,C&M-GMS QOF Aspiration,PRC DELEGATED CO-COMMISSIONING,HATTERSLEY GROUP PRACTICE,GMK000018565,"4,444.00 "
Department of Health,NHS Tameside And Glossop CCG,30/06/2018,C&M-GMS DES Minor Surgery,PRC DELEGATED CO-COMMISSIONING,HAUGHTON THORNLEY MEDICAL CENTRES,GMK000018567,"1,355.01 "
Department of Health,NHS Tameside And Glossop CCG,30/06/2018,C&M-GMS Global Sum,PRC DELEGATED CO-COMMISSIONING,HAUGHTON THORNLEY MEDICAL CENTRES,GMK000018567,"90,756.52 "
Department of Health,NHS Tameside And Glossop CCG,30/06/2018,C&M-GMS PCO Seniority,PRC DELEGATED CO-COMMISSIONING,HAUGHTON THORNLEY MEDICAL CENTRES,GMK000018567,177.56 
Department of Health,NHS Tameside And Glossop CCG,30/06/2018,C&M-GMS Prem Actual Rent,PRC DELEGATED CO-COMMISSIONING,HAUGHTON THORNLEY MEDICAL CENTRES,GMK000018567,"35,850.00 "
Department of Health,NHS Tameside And Glossop CCG,30/06/2018,C&M-GMS Prem Notional Rent,PRC DELEGATED CO-COMMISSIONING,HAUGHTON THORNLEY MEDICAL CENTRES,GMK000018567,"3,095.83 "
Department of Health,NHS Tameside And Glossop CCG,30/06/2018,C&M-GMS Prem Other,PRC DELEGATED CO-COMMISSIONING,HAUGHTON THORNLEY MEDICAL CENTRES,GMK000018567,458.33 
Department of Health,NHS Tameside And Glossop CCG,30/06/2018,C&M-GMS QOF Achievement,PRC DELEGATED CO-COMMISSIONING,HAUGHTON THORNLEY MEDICAL CENTRES,GMK000018567,"49,759.26 "
Department of Health,NHS Tameside And Glossop CCG,30/06/2018,C&M-GMS QOF Aspiration,PRC DELEGATED CO-COMMISSIONING,HAUGHTON THORNLEY MEDICAL CENTRES,GMK000018567,"10,709.22 "
Department of Health,NHS Tameside And Glossop CCG,30/06/2018,C&M-GMS DES Learn Dsblty Hlth Chk,PRC DELEGATED CO-COMMISSIONING,HOWARD MEDICAL PRACTICE,GMK000018568,420.00 
Department of Health,NHS Tameside And Glossop CCG,30/06/2018,C&M-GMS Global Sum,PRC DELEGATED CO-COMMISSIONING,HOWARD MEDICAL PRACTICE,GMK000018568,"24,817.29 "
Department of Health,NHS Tameside And Glossop CCG,30/06/2018,C&M-GMS MPIG Correction Factor,PRC DELEGATED CO-COMMISSIONING,HOWARD MEDICAL PRACTICE,GMK000018568,336.61 
Department of Health,NHS Tameside And Glossop CCG,30/06/2018,C&M-GMS Prem Notional Rent,PRC DELEGATED CO-COMMISSIONING,HOWARD MEDICAL PRACTICE,GMK000018568,"2,544.03 "
Department of Health,NHS Tameside And Glossop CCG,30/06/2018,C&M-GMS QOF Achievement,PRC DELEGATED CO-COMMISSIONING,HOWARD MEDICAL PRACTICE,GMK000018568,"17,074.19 "
Department of Health,NHS Tameside And Glossop CCG,30/06/2018,C&M-GMS QOF Aspiration,PRC DELEGATED CO-COMMISSIONING,HOWARD MEDICAL PRACTICE,GMK000018568,"2,843.75 "
Department of Health,NHS Tameside And Glossop CCG,30/06/2018,C&M-GMS DES Minor Surgery,PRC DELEGATED CO-COMMISSIONING,HT PRACTICE,GMK000018570,"1,704.54 "
Department of Health,NHS Tameside And Glossop CCG,30/06/2018,C&M-GMS Global Sum,PRC DELEGATED CO-COMMISSIONING,HT PRACTICE,GMK000018570,"64,034.45 "
Department of Health,NHS Tameside And Glossop CCG,30/06/2018,C&M-GMS MPIG Correction Factor,PRC DELEGATED CO-COMMISSIONING,HT PRACTICE,GMK000018570,171.31 
Department of Health,NHS Tameside And Glossop CCG,30/06/2018,C&M-GMS Prem Notional Rent,PRC DELEGATED CO-COMMISSIONING,HT PRACTICE,GMK000018570,"1,850.00 "
Department of Health,NHS Tameside And Glossop CCG,30/06/2018,C&M-GMS QOF Achievement,PRC DELEGATED CO-COMMISSIONING,HT PRACTICE,GMK000018570,"25,893.58 "
Department of Health,NHS Tameside And Glossop CCG,30/06/2018,C&M-GMS QOF Aspiration,PRC DELEGATED CO-COMMISSIONING,HT PRACTICE,GMK000018570,"6,034.74 "
Department of Health,NHS Tameside And Glossop CCG,30/06/2018,Clinical&Medical-Independent Sector,ACUTE COMMISSIONING,HYDE PHYSIOTHERAPY CENTRE,201805,"43,435.00 "
Department of Health,NHS Tameside And Glossop CCG,30/06/2018,C&M-GMS DES Minor Surgery,PRC DELEGATED CO-COMMISSIONING,KING STREET MEDICAL CENTRE DUKINFIELD,GMK000018574,349.68 
Department of Health,NHS Tameside And Glossop CCG,30/06/2018,C&M-GMS Global Sum,PRC DELEGATED CO-COMMISSIONING,KING STREET MEDICAL CENTRE DUKINFIELD,GMK000018574,"26,965.42 "
Department of Health,NHS Tameside And Glossop CCG,30/06/2018,C&M-GMS Prem Notional Rent,PRC DELEGATED CO-COMMISSIONING,KING STREET MEDICAL CENTRE DUKINFIELD,GMK000018574,"1,937.50 "
Department of Health,NHS Tameside And Glossop CCG,30/06/2018,C&M-GMS QOF Achievement,PRC DELEGATED CO-COMMISSIONING,KING STREET MEDICAL CENTRE DUKINFIELD,GMK000018574,"12,119.84 "
Department of Health,NHS Tameside And Glossop CCG,30/06/2018,C&M-GMS QOF Aspiration,PRC DELEGATED CO-COMMISSIONING,KING STREET MEDICAL CENTRE DUKINFIELD,GMK000018574,"2,322.21 "
Department of Health,NHS Tameside And Glossop CCG,30/06/2018,C&M-GMS DES Learn Dsblty Hlth Chk,PRC DELEGATED CO-COMMISSIONING,LAMBGATES SURGERY,GMK000018572,420.00 
Department of Health,NHS Tameside And Glossop CCG,30/06/2018,C&M-GMS DES Minor Surgery,PRC DELEGATED CO-COMMISSIONING,LAMBGATES SURGERY,GMK000018572,611.93 
Department of Health,NHS Tameside And Glossop CCG,30/06/2018,C&M-GMS Global Sum,PRC DELEGATED CO-COMMISSIONING,LAMBGATES SURGERY,GMK000018572,"44,456.32 "
Department of Health,NHS Tameside And Glossop CCG,30/06/2018,C&M-GMS MPIG Correction Factor,PRC DELEGATED CO-COMMISSIONING,LAMBGATES SURGERY,GMK000018572,694.54 
Department of Health,NHS Tameside And Glossop CCG,30/06/2018,C&M-GMS Prem Actual Rent,PRC DELEGATED CO-COMMISSIONING,LAMBGATES SURGERY,GMK000018572,"46,973.00 "
Department of Health,NHS Tameside And Glossop CCG,30/06/2018,C&M-GMS QOF Achievement,PRC DELEGATED CO-COMMISSIONING,LAMBGATES SURGERY,GMK000018572,"23,691.86 "
Department of Health,NHS Tameside And Glossop CCG,30/06/2018,C&M-GMS QOF Aspiration,PRC DELEGATED CO-COMMISSIONING,LAMBGATES SURGERY,GMK000018572,"5,867.40 "
Department of Health,NHS Tameside And Glossop CCG,30/06/2018,C&M-GMS Global Sum,PRC DELEGATED CO-COMMISSIONING,LOCKSIDE MEDICAL CENTRE,GMK000018576,"53,080.68 "
Department of Health,NHS Tameside And Glossop CCG,30/06/2018,C&M-GMS MPIG Correction Factor,PRC DELEGATED CO-COMMISSIONING,LOCKSIDE MEDICAL CENTRE,GMK000018576,610.79 
Department of Health,NHS Tameside And Glossop CCG,30/06/2018,C&M-GMS Other Small Practice All,PRC DELEGATED CO-COMMISSIONING,LOCKSIDE MEDICAL CENTRE,GMK000018576,"4,911.00 "
Department of Health,NHS Tameside And Glossop CCG,30/06/2018,C&M-GMS Prem Notional Rent,PRC DELEGATED CO-COMMISSIONING,LOCKSIDE MEDICAL CENTRE,GMK000018576,"3,438.08 "
Department of Health,NHS Tameside And Glossop CCG,30/06/2018,C&M-GMS QOF Achievement,PRC DELEGATED CO-COMMISSIONING,LOCKSIDE MEDICAL CENTRE,GMK000018576,"27,150.34 "
Department of Health,NHS Tameside And Glossop CCG,30/06/2018,C&M-GMS QOF Aspiration,PRC DELEGATED CO-COMMISSIONING,LOCKSIDE MEDICAL CENTRE,GMK000018576,"5,867.63 "
Department of Health,NHS Tameside And Glossop CCG,30/06/2018,C&M-PMS Voluntary Levy,PRC DELEGATED CO-COMMISSIONING,MANOR HOUSE SURGERY GLOSSOP,GMK000018579,(319.44)
Department of Health,NHS Tameside And Glossop CCG,30/06/2018,ME-PMS GP Pension EEs-PMS,PRC DELEGATED CO-COMMISSIONING,MANOR HOUSE SURGERY GLOSSOP,GMK000018579,"(15,963.09)"
Department of Health,NHS Tameside And Glossop CCG,30/06/2018,ME-PMS GP Pension ERs Adjs - PMS,PRC DELEGATED CO-COMMISSIONING,MANOR HOUSE SURGERY GLOSSOP,GMK000018579,"(16,277.47)"
Department of Health,NHS Tameside And Glossop CCG,30/06/2018,C&M-PMS Contract Value,PRC DELEGATED CO-COMMISSIONING,MANOR HOUSE SURGERY GLOSSOP,GMK000018580,"90,610.63 "
Department of Health,NHS Tameside And Glossop CCG,30/06/2018,C&M-PMS DES Minor Surgery,PRC DELEGATED CO-COMMISSIONING,MANOR HOUSE SURGERY GLOSSOP,GMK000018580,"3,429.15 "
Department of Health,NHS Tameside And Glossop CCG,30/06/2018,C&M-PMS Funding Differential Review,PRC DELEGATED CO-COMMISSIONING,MANOR HOUSE SURGERY GLOSSOP,GMK000018580,875.79 
Department of Health,NHS Tameside And Glossop CCG,30/06/2018,C&M-PMS PCO Seniority,PRC DELEGATED CO-COMMISSIONING,MANOR HOUSE SURGERY GLOSSOP,GMK000018580,662.72 
Department of Health,NHS Tameside And Glossop CCG,30/06/2018,C&M-PMS Prem Notional Rent,PRC DELEGATED CO-COMMISSIONING,MANOR HOUSE SURGERY GLOSSOP,GMK000018580,"7,500.00 "
Department of Health,NHS Tameside And Glossop CCG,30/06/2018,C&M-PMS QOF Achievement,PRC DELEGATED CO-COMMISSIONING,MANOR HOUSE SURGERY GLOSSOP,GMK000018580,"54,190.50 "
Department of Health,NHS Tameside And Glossop CCG,30/06/2018,C&M-PMS QOF Aspiration,PRC DELEGATED CO-COMMISSIONING,MANOR HOUSE SURGERY GLOSSOP,GMK000018580,"12,208.61 "
Department of Health,NHS Tameside And Glossop CCG,30/06/2018,C&M-GMS DES Minor Surgery,PRC DELEGATED CO-COMMISSIONING,MARKET STREET MEDICAL PRACTICE,GMK000018578,874.20 
Department of Health,NHS Tameside And Glossop CCG,30/06/2018,C&M-GMS Global Sum,PRC DELEGATED CO-COMMISSIONING,MARKET STREET MEDICAL PRACTICE,GMK000018578,"45,287.82 "
Department of Health,NHS Tameside And Glossop CCG,30/06/2018,C&M-GMS Other Small Practice All,PRC DELEGATED CO-COMMISSIONING,MARKET STREET MEDICAL PRACTICE,GMK000018578,"3,920.00 "
Department of Health,NHS Tameside And Glossop CCG,30/06/2018,C&M-GMS Prem Actual Rent,PRC DELEGATED CO-COMMISSIONING,MARKET STREET MEDICAL PRACTICE,GMK000018578,"2,837.50 "
Department of Health,NHS Tameside And Glossop CCG,30/06/2018,C&M-GMS QOF Achievement,PRC DELEGATED CO-COMMISSIONING,MARKET STREET MEDICAL PRACTICE,GMK000018578,"27,069.42 "
Department of Health,NHS Tameside And Glossop CCG,30/06/2018,C&M-GMS QOF Aspiration,PRC DELEGATED CO-COMMISSIONING,MARKET STREET MEDICAL PRACTICE,GMK000018578,"5,284.22 "
Department of Health,NHS Tameside And Glossop CCG,30/06/2018,Clinical&Medical-Independent Sector,ACUTE COMMISSIONING,MEDISCAN DIAGNOSTIC SERVICES LTD,INV002954,"25,088.00 "
Department of Health,NHS Tameside And Glossop CCG,30/06/2018,Clinical&Medical-Independent Sector,ACUTE COMMISSIONING,MEDISCAN DIAGNOSTIC SERVICES LTD,INV002997,"30,176.00 "
Department of Health,NHS Tameside And Glossop CCG,30/06/2018,C&M-GMS DES Minor Surgery,PRC DELEGATED CO-COMMISSIONING,MEDLOCK VALE MEDICAL PRACTICE,GMK000018586,437.07 
Department of Health,NHS Tameside And Glossop CCG,30/06/2018,C&M-GMS Global Sum,PRC DELEGATED CO-COMMISSIONING,MEDLOCK VALE MEDICAL PRACTICE,GMK000018586,"62,374.08 "
Department of Health,NHS Tameside And Glossop CCG,30/06/2018,C&M-GMS Other Small Practice All,PRC DELEGATED CO-COMMISSIONING,MEDLOCK VALE MEDICAL PRACTICE,GMK000018586,"5,140.00 "
Department of Health,NHS Tameside And Glossop CCG,30/06/2018,C&M-GMS PCO Locum Adop/Pat/Mat,PRC DELEGATED CO-COMMISSIONING,MEDLOCK VALE MEDICAL PRACTICE,GMK000018586,"2,160.00 "
Department of Health,NHS Tameside And Glossop CCG,30/06/2018,C&M-GMS Prem Notional Rent,PRC DELEGATED CO-COMMISSIONING,MEDLOCK VALE MEDICAL PRACTICE,GMK000018586,"4,062.50 "
Department of Health,NHS Tameside And Glossop CCG,30/06/2018,C&M-GMS Prem Water Rates,PRC DELEGATED CO-COMMISSIONING,MEDLOCK VALE MEDICAL PRACTICE,GMK000018586,171.54 
Department of Health,NHS Tameside And Glossop CCG,30/06/2018,C&M-GMS QOF Achievement,PRC DELEGATED CO-COMMISSIONING,MEDLOCK VALE MEDICAL PRACTICE,GMK000018586,"23,209.44 "
Department of Health,NHS Tameside And Glossop CCG,30/06/2018,C&M-GMS QOF Aspiration,PRC DELEGATED CO-COMMISSIONING,MEDLOCK VALE MEDICAL PRACTICE,GMK000018586,"6,319.00 "
Department of Health,NHS Tameside And Glossop CCG,30/06/2018,ME - GMS GP Prior Year ERs,PRC DELEGATED CO-COMMISSIONING,MEDLOCK VALE MEDICAL PRACTICE,GMK000018586,447.69 
Department of Health,NHS Tameside And Glossop CCG,30/06/2018,ME-GMS GP Prior Year EEs,PRC DELEGATED CO-COMMISSIONING,MEDLOCK VALE MEDICAL PRACTICE,GMK000018586,551.49 
Department of Health,NHS Tameside And Glossop CCG,30/06/2018,C&M-APMS Contract Value,PRC DELEGATED CO-COMMISSIONING,MILLBROOK MEDICAL PRACTICE,GMK000018582,"7,999.60 "
Department of Health,NHS Tameside And Glossop CCG,30/06/2018,C&M-APMS DES Minor Surgery,PRC DELEGATED CO-COMMISSIONING,MILLBROOK MEDICAL PRACTICE,GMK000018582,253.08 
Department of Health,NHS Tameside And Glossop CCG,30/06/2018,C&M-PMS Contract Value,PRC DELEGATED CO-COMMISSIONING,MILLBROOK MEDICAL PRACTICE,GMK000018582,"20,579.78 "
Department of Health,NHS Tameside And Glossop CCG,30/06/2018,C&M-PMS QOF Achievement,PRC DELEGATED CO-COMMISSIONING,MILLBROOK MEDICAL PRACTICE,GMK000018582,"7,428.22 "
Department of Health,NHS Tameside And Glossop CCG,30/06/2018,C&M-PMS QOF Aspiration,PRC DELEGATED CO-COMMISSIONING,MILLBROOK MEDICAL PRACTICE,GMK000018582,"1,664.30 "
Department of Health,NHS Tameside And Glossop CCG,30/06/2018,C&M-GMS DES Minor Surgery,PRC DELEGATED CO-COMMISSIONING,MILLGATE HEALTHCARE PARTNERSHIP,GMK000018606,"4,808.04 "
Department of Health,NHS Tameside And Glossop CCG,30/06/2018,C&M-GMS Global Sum,PRC DELEGATED CO-COMMISSIONING,MILLGATE HEALTHCARE PARTNERSHIP,GMK000018606,"150,538.39 "
Department of Health,NHS Tameside And Glossop CCG,30/06/2018,C&M-GMS MPIG Correction Factor,PRC DELEGATED CO-COMMISSIONING,MILLGATE HEALTHCARE PARTNERSHIP,GMK000018606,425.43 
Department of Health,NHS Tameside And Glossop CCG,30/06/2018,C&M-GMS Prem Notional Rent,PRC DELEGATED CO-COMMISSIONING,MILLGATE HEALTHCARE PARTNERSHIP,GMK000018606,"3,771.17 "
Department of Health,NHS Tameside And Glossop CCG,30/06/2018,C&M-GMS QOF Achievement,PRC DELEGATED CO-COMMISSIONING,MILLGATE HEALTHCARE PARTNERSHIP,GMK000018606,"111,453.52 "
Department of Health,NHS Tameside And Glossop CCG,30/06/2018,C&M-GMS QOF Aspiration,PRC DELEGATED CO-COMMISSIONING,MILLGATE HEALTHCARE PARTNERSHIP,GMK000018606,"17,477.52 "
Department of Health,NHS Tameside And Glossop CCG,30/06/2018,ME - GMS GP Prior Year ERs,PRC DELEGATED CO-COMMISSIONING,MILLGATE HEALTHCARE PARTNERSHIP,GMK000018606,"4,793.33 "
Department of Health,NHS Tameside And Glossop CCG,30/06/2018,ME-GMS GP Pension EEs Adjustments,PRC DELEGATED CO-COMMISSIONING,MILLGATE HEALTHCARE PARTNERSHIP,GMK000018606,"2,250.00 "
Department of Health,NHS Tameside And Glossop CCG,30/06/2018,ME-GMS GP Pension ERs Adjustments,PRC DELEGATED CO-COMMISSIONING,MILLGATE HEALTHCARE PARTNERSHIP,GMK000018606,"2,396.67 "
Department of Health,NHS Tameside And Glossop CCG,30/06/2018,ME-GMS GP Prior Year EEs,PRC DELEGATED CO-COMMISSIONING,MILLGATE HEALTHCARE PARTNERSHIP,GMK000018606,"4,500.00 "
Department of Health,NHS Tameside And Glossop CCG,30/06/2018,C&M-GMS IT Comm Servs -GP Practices,PRIMARY CARE IT,NHS OLDHAM CCG,7011704049,"57,884.00 "
Department of Health,NHS Tameside And Glossop CCG,30/06/2018,C&M-PMS IT Comm Servs -GP Practices,PRIMARY CARE IT,NHS OLDHAM CCG,7011704049,"8,069.00 "
Department of Health,NHS Tameside And Glossop CCG,30/06/2018,Clinical&Medical-Serv Recd-CCGs,PROGRAMME PROJECTS,NHS OLDHAM CCG,7011704049,"5,725.00 "
Department of Health,NHS Tameside And Glossop CCG,30/06/2018,Clinical&Medical-Serv Recd-CCGs,CONTINUING HEALTHCARE ASSESSMENT & SUPPORT,NHS OLDHAM CCG,7011704058,"11,043.00 "
Department of Health,NHS Tameside And Glossop CCG,30/06/2018,Clinical&Medical-Serv Recd-CCGs,CORPORATE COSTS & SERVICES,NHS OLDHAM CCG,7011704058,"1,736.00 "
Department of Health,NHS Tameside And Glossop CCG,30/06/2018,Clinical&Medical-Serv Recd-CCGs,FINANCE,NHS OLDHAM CCG,7011704058,"16,037.00 "
Department of Health,NHS Tameside And Glossop CCG,30/06/2018,Clinical&Medical-Serv Recd-CCGs,HUMAN RESOURCES,NHS OLDHAM CCG,7011704058,10.00 
Department of Health,NHS Tameside And Glossop CCG,30/06/2018,Clinical&Medical-Serv Recd-CCGs,NHS 111,NHS OLDHAM CCG,7011704058,"1,479.00 "
Department of Health,NHS Tameside And Glossop CCG,30/06/2018,Healthcare Srv Rec CCG,COMMISSIONING - NON ACUTE,NHS OLDHAM CCG,7011704058,"1,321.00 "
Department of Health,NHS Tameside And Glossop CCG,30/06/2018,Chrgs from SLA,CORPORATE COSTS & SERVICES,NHS SALFORD CCG,7012300892,"45,350.00 "
Department of Health,NHS Tameside And Glossop CCG,30/06/2018,Hcare Srv Rec NHS Trust-Contract Baseline,NHS 111,NORTH WEST AMBULANCE SERVICE NHS TRUST,4110038562,"42,273.00 "
Department of Health,NHS Tameside And Glossop CCG,30/06/2018,Hcare Srv Rec NHS Trust-Contract Baseline,PATIENT TRANSPORT,NORTH WEST AMBULANCE SERVICE NHS TRUST,4110038685,"90,735.00 "
Department of Health,NHS Tameside And Glossop CCG,30/06/2018,Hcare Srv Rec NHS Trust-Contract Baseline,AMBULANCE SERVICES,NORTH WEST AMBULANCE SERVICE NHS TRUST,4110038624,"663,559.00 "
Department of Health,NHS Tameside And Glossop CCG,30/06/2018,Hcare Srv Rec NHS Trust-CQUIN,ACUTE COMMISSIONING,PENNINE ACUTE HOSPITALS NHS TRUST,A0007122,"6,373.00 "
Department of Health,NHS Tameside And Glossop CCG,30/06/2018,Hcare Srv Rec NHS Trust-Contract Baseline,ACUTE COMMISSIONING,PENNINE ACUTE HOSPITALS NHS TRUST,A0007122,"284,632.00 "
Department of Health,NHS Tameside And Glossop CCG,30/06/2018,Hcare Srv Rec NHS Trust-Prior Year,ACUTE COMMISSIONING,PENNINE ACUTE HOSPITALS NHS TRUST,A0007538,"39,074.00 "
Department of Health,NHS Tameside And Glossop CCG,30/06/2018,Hcare Srv Rec Fdtn Trust-CQUIN,MENTAL HEALTH CONTRACTS,PENNINE CARE NHS FOUNDATION TRUST,1010028853,"28,460.40 "
Department of Health,NHS Tameside And Glossop CCG,30/06/2018,Hcare Srv Rec Fdtn Trust-Contract Baseline,MENTAL HEALTH CONTRACTS,PENNINE CARE NHS FOUNDATION TRUST,1010028784,"1,897,648.00 "
Department of Health,NHS Tameside And Glossop CCG,30/06/2018,Cont Care-Learning Disab(<65),CHC AD FULL FUND PERS HLTH BUD,PRIORY GROUP LTD,A720000149,"27,751.38 "
Department of Health,NHS Tameside And Glossop CCG,30/06/2018,Soc Care-Other Soc Care,MENTAL HEALTH SERVICES - ADULTS,RICHMOND FELLOWSHIP,SI00020607,"54,583.33 "
Department of Health,NHS Tameside And Glossop CCG,30/06/2018,Clinical&Medical-Commercial Sector,WHEELCHAIR SERVICE,ROSS AUTO ENGINEERING LTD,23357,"50,286.70 "
Department of Health,NHS Tameside And Glossop CCG,30/06/2018,Hcare Srv Rec Fdtn Trust-Non Contract,SAFEGUARDING,SALFORD ROYAL HOSPITALS NHS FOUNDATION TRUST,S0015790,"34,874.00 "
Department of Health,NHS Tameside And Glossop CCG,30/06/2018,Hcare Srv Rec Fdtn Trust-Contract Baseline,ACUTE COMMISSIONING,SALFORD ROYAL HOSPITALS NHS FOUNDATION TRUST,S0016893,"445,833.00 "
Department of Health,NHS Tameside And Glossop CCG,30/06/2018,C&M-GMS Global Sum,PRC DELEGATED CO-COMMISSIONING,SIMMONDLEY MEDICAL PRACTICE,GMK000018592,"21,817.65 "
Department of Health,NHS Tameside And Glossop CCG,30/06/2018,C&M-GMS MPIG Correction Factor,PRC DELEGATED CO-COMMISSIONING,SIMMONDLEY MEDICAL PRACTICE,GMK000018592,"1,076.66 "
Department of Health,NHS Tameside And Glossop CCG,30/06/2018,C&M-GMS Prem Notional Rent,PRC DELEGATED CO-COMMISSIONING,SIMMONDLEY MEDICAL PRACTICE,GMK000018592,"2,389.58 "
Department of Health,NHS Tameside And Glossop CCG,30/06/2018,C&M-GMS Prem Rates,PRC DELEGATED CO-COMMISSIONING,SIMMONDLEY MEDICAL PRACTICE,GMK000018592,"7,729.85 "
Department of Health,NHS Tameside And Glossop CCG,30/06/2018,C&M-GMS QOF Achievement,PRC DELEGATED CO-COMMISSIONING,SIMMONDLEY MEDICAL PRACTICE,GMK000018592,"11,294.36 "
Department of Health,NHS Tameside And Glossop CCG,30/06/2018,C&M-GMS QOF Aspiration,PRC DELEGATED CO-COMMISSIONING,SIMMONDLEY MEDICAL PRACTICE,GMK000018592,"2,300.62 "
Department of Health,NHS Tameside And Glossop CCG,30/06/2018,C&M-GMS DES Learn Dsblty Hlth Chk,PRC DELEGATED CO-COMMISSIONING,SMITHY,GMK000018590,140.00 
Department of Health,NHS Tameside And Glossop CCG,30/06/2018,C&M-GMS DES Minor Surgery,PRC DELEGATED CO-COMMISSIONING,SMITHY,GMK000018590,"1,223.81 "
Department of Health,NHS Tameside And Glossop CCG,30/06/2018,C&M-GMS Global Sum,PRC DELEGATED CO-COMMISSIONING,SMITHY,GMK000018590,"33,159.94 "
Department of Health,NHS Tameside And Glossop CCG,30/06/2018,C&M-GMS MPIG Correction Factor,PRC DELEGATED CO-COMMISSIONING,SMITHY,GMK000018590,290.52 
Department of Health,NHS Tameside And Glossop CCG,30/06/2018,C&M-GMS Prem Notional Rent,PRC DELEGATED CO-COMMISSIONING,SMITHY,GMK000018590,"2,437.50 "
Department of Health,NHS Tameside And Glossop CCG,30/06/2018,C&M-GMS Prem Rates,PRC DELEGATED CO-COMMISSIONING,SMITHY,GMK000018590,"6,457.04 "
Department of Health,NHS Tameside And Glossop CCG,30/06/2018,C&M-GMS Prem Water Rates,PRC DELEGATED CO-COMMISSIONING,SMITHY,GMK000018590,392.06 
Department of Health,NHS Tameside And Glossop CCG,30/06/2018,C&M-GMS QOF Achievement,PRC DELEGATED CO-COMMISSIONING,SMITHY,GMK000018590,"16,152.33 "
Department of Health,NHS Tameside And Glossop CCG,30/06/2018,C&M-GMS QOF Aspiration,PRC DELEGATED CO-COMMISSIONING,SMITHY,GMK000018590,"3,350.00 "
Department of Health,NHS Tameside And Glossop CCG,30/06/2018,Clinical&Medical-Independent Sector,ACUTE COMMISSIONING,SPAMEDICA LTD,NHSTMG113,"93,711.31 "
Department of Health,NHS Tameside And Glossop CCG,30/06/2018,C&M-GMS DES Minor Surgery,PRC DELEGATED CO-COMMISSIONING,ST ANDREWS HOUSE,GMK000018594,830.49 
Department of Health,NHS Tameside And Glossop CCG,30/06/2018,C&M-GMS Global Sum,PRC DELEGATED CO-COMMISSIONING,ST ANDREWS HOUSE,GMK000018594,"40,292.69 "
Department of Health,NHS Tameside And Glossop CCG,30/06/2018,C&M-GMS Prem Notional Rent,PRC DELEGATED CO-COMMISSIONING,ST ANDREWS HOUSE,GMK000018594,"4,055.75 "
Department of Health,NHS Tameside And Glossop CCG,30/06/2018,C&M-GMS Prem Water Rates,PRC DELEGATED CO-COMMISSIONING,ST ANDREWS HOUSE,GMK000018594,"3,064.61 "
Department of Health,NHS Tameside And Glossop CCG,30/06/2018,C&M-GMS QOF Achievement,PRC DELEGATED CO-COMMISSIONING,ST ANDREWS HOUSE,GMK000018594,"21,163.50 "
Department of Health,NHS Tameside And Glossop CCG,30/06/2018,C&M-GMS QOF Aspiration,PRC DELEGATED CO-COMMISSIONING,ST ANDREWS HOUSE,GMK000018594,"4,086.12 "
Department of Health,NHS Tameside And Glossop CCG,30/06/2018,ME - GMS GP Prior Year ERs,PRC DELEGATED CO-COMMISSIONING,ST ANDREWS HOUSE,GMK000018594,"3,482.96 "
Department of Health,NHS Tameside And Glossop CCG,30/06/2018,ME-GMS GP Prior Year AVCs,PRC DELEGATED CO-COMMISSIONING,ST ANDREWS HOUSE,GMK000018594,"1,626.08 "
Department of Health,NHS Tameside And Glossop CCG,30/06/2018,ME-GMS GP Prior Year EEs,PRC DELEGATED CO-COMMISSIONING,ST ANDREWS HOUSE,GMK000018594,"6,548.92 "
Department of Health,NHS Tameside And Glossop CCG,30/06/2018,C&M-GMS DES Minor Surgery,PRC DELEGATED CO-COMMISSIONING,STAMFORD HOUSE,GMK000018598,"25,170.79 "
Department of Health,NHS Tameside And Glossop CCG,30/06/2018,C&M-GMS DES Violent Patients,PRC DELEGATED CO-COMMISSIONING,STAMFORD HOUSE,GMK000018598,50.00 
Department of Health,NHS Tameside And Glossop CCG,30/06/2018,C&M-GMS Global Sum,PRC DELEGATED CO-COMMISSIONING,STAMFORD HOUSE,GMK000018598,"30,403.57 "
Department of Health,NHS Tameside And Glossop CCG,30/06/2018,C&M-GMS MPIG Correction Factor,PRC DELEGATED CO-COMMISSIONING,STAMFORD HOUSE,GMK000018598,582.97 
Department of Health,NHS Tameside And Glossop CCG,30/06/2018,C&M-GMS Prem Actual Rent,PRC DELEGATED CO-COMMISSIONING,STAMFORD HOUSE,GMK000018598,"1,936.25 "
Department of Health,NHS Tameside And Glossop CCG,30/06/2018,C&M-GMS Prem Water Rates,PRC DELEGATED CO-COMMISSIONING,STAMFORD HOUSE,GMK000018598,181.02 
Department of Health,NHS Tameside And Glossop CCG,30/06/2018,C&M-GMS QOF Achievement,PRC DELEGATED CO-COMMISSIONING,STAMFORD HOUSE,GMK000018598,"13,570.02 "
Department of Health,NHS Tameside And Glossop CCG,30/06/2018,C&M-GMS QOF Aspiration,PRC DELEGATED CO-COMMISSIONING,STAMFORD HOUSE,GMK000018598,"3,193.10 "
Department of Health,NHS Tameside And Glossop CCG,30/06/2018,C&M-GMS DES Minor Surgery,PRC DELEGATED CO-COMMISSIONING,STAVELEIGH MEDICAL CENTRE,GMK000018596,"2,491.34 "
Department of Health,NHS Tameside And Glossop CCG,30/06/2018,C&M-GMS Global Sum,PRC DELEGATED CO-COMMISSIONING,STAVELEIGH MEDICAL CENTRE,GMK000018596,"49,603.56 "
Department of Health,NHS Tameside And Glossop CCG,30/06/2018,C&M-GMS Prem Cost Rent,PRC DELEGATED CO-COMMISSIONING,STAVELEIGH MEDICAL CENTRE,GMK000018596,"3,232.75 "
Department of Health,NHS Tameside And Glossop CCG,30/06/2018,C&M-GMS Prem Water Rates,PRC DELEGATED CO-COMMISSIONING,STAVELEIGH MEDICAL CENTRE,GMK000018596,489.06 
Department of Health,NHS Tameside And Glossop CCG,30/06/2018,C&M-GMS QOF Achievement,PRC DELEGATED CO-COMMISSIONING,STAVELEIGH MEDICAL CENTRE,GMK000018596,"21,651.98 "
Department of Health,NHS Tameside And Glossop CCG,30/06/2018,C&M-GMS QOF Aspiration,PRC DELEGATED CO-COMMISSIONING,STAVELEIGH MEDICAL CENTRE,GMK000018596,"5,670.37 "
Department of Health,NHS Tameside And Glossop CCG,30/06/2018,Hcare Srv Rec Fdtn Trust-CQUIN,ACUTE COMMISSIONING,STOCKPORT NHS FOUNDATION TRUST,40075446,"19,738.10 "
Department of Health,NHS Tameside And Glossop CCG,30/06/2018,Hcare Srv Rec Fdtn Trust-Contract Baseline,ACUTE COMMISSIONING,STOCKPORT NHS FOUNDATION TRUST,40075446,"840,531.90 "
Department of Health,NHS Tameside And Glossop CCG,30/06/2018,C&M-GMS DES Learn Dsblty Hlth Chk,PRC DELEGATED CO-COMMISSIONING,TAME VALLEY MEDICAL CENTRE,GMK000018600,420.00 
Department of Health,NHS Tameside And Glossop CCG,30/06/2018,C&M-GMS DES Minor Surgery,PRC DELEGATED CO-COMMISSIONING,TAME VALLEY MEDICAL CENTRE,GMK000018600,480.81 
Department of Health,NHS Tameside And Glossop CCG,30/06/2018,C&M-GMS Global Sum,PRC DELEGATED CO-COMMISSIONING,TAME VALLEY MEDICAL CENTRE,GMK000018600,"50,530.01 "
Department of Health,NHS Tameside And Glossop CCG,30/06/2018,C&M-GMS MPIG Correction Factor,PRC DELEGATED CO-COMMISSIONING,TAME VALLEY MEDICAL CENTRE,GMK000018600,96.79 
Department of Health,NHS Tameside And Glossop CCG,30/06/2018,C&M-GMS Prem Notional Rent,PRC DELEGATED CO-COMMISSIONING,TAME VALLEY MEDICAL CENTRE,GMK000018600,"2,883.33 "
Department of Health,NHS Tameside And Glossop CCG,30/06/2018,C&M-GMS QOF Achievement,PRC DELEGATED CO-COMMISSIONING,TAME VALLEY MEDICAL CENTRE,GMK000018600,"22,939.11 "
Department of Health,NHS Tameside And Glossop CCG,30/06/2018,C&M-GMS QOF Aspiration,PRC DELEGATED CO-COMMISSIONING,TAME VALLEY MEDICAL CENTRE,GMK000018600,"5,324.75 "
Department of Health,NHS Tameside And Glossop CCG,30/06/2018,Hcare Srv Rec Fdtn Trust-Contract Baseline,ACUTE COMMISSIONING,TAMESIDE HOSPITAL NHS FOUNDATION TRUST,T0000309,"13,293,500.00 "
Department of Health,NHS Tameside And Glossop CCG,30/06/2018,Clinical&Medical-Othe Public Sector,CHILD AND ADOLESCENT MENTAL HEALTH,TAMESIDE METROPOLITAN BOROUGH COUNCIL,61811908,"1,521.08 "
Department of Health,NHS Tameside And Glossop CCG,30/06/2018,Clinical&Medical-Othe Public Sector,COMMUNITY SERVICES,TAMESIDE METROPOLITAN BOROUGH COUNCIL,61811908,"19,655.83 "
Department of Health,NHS Tameside And Glossop CCG,30/06/2018,Clinical&Medical-Othe Public Sector,LEARNING DIFFICULTIES,TAMESIDE METROPOLITAN BOROUGH COUNCIL,61811908,"28,045.83 "
Department of Health,NHS Tameside And Glossop CCG,30/06/2018,Clinical&Medical-Othe Public Sector,PRESCRIBING,TAMESIDE METROPOLITAN BOROUGH COUNCIL,61811908,"(53,174.43)"
Department of Health,NHS Tameside And Glossop CCG,30/06/2018,Cont Care- Children,CHC CHILD PERS HLTH BUD,TAMESIDE METROPOLITAN BOROUGH COUNCIL,61811908,"(1,480.00)"
Department of Health,NHS Tameside And Glossop CCG,30/06/2018,GROSSRECOVEMPBEN - SALARIES & WAGES,MEDICINES MANAGEMENT - CLINICAL,TAMESIDE METROPOLITAN BOROUGH COUNCIL,61811908,"(1,593.25)"
Department of Health,NHS Tameside And Glossop CCG,30/06/2018,GROSSRECOVEMPBEN - SALARIES & WAGES,Nursing and Quality Programme,TAMESIDE METROPOLITAN BOROUGH COUNCIL,61811908,"(8,226.17)"
Department of Health,NHS Tameside And Glossop CCG,30/06/2018,GROSSRECOVEMPBEN - SALARIES & WAGES,PROGRAMME PROJECTS,TAMESIDE METROPOLITAN BOROUGH COUNCIL,61811908,"(3,924.33)"
Department of Health,NHS Tameside And Glossop CCG,30/06/2018,GROSSRECOVEMPBEN - SOCIAL SECURITY,MEDICINES MANAGEMENT - CLINICAL,TAMESIDE METROPOLITAN BOROUGH COUNCIL,61811908,(181.25)
Department of Health,NHS Tameside And Glossop CCG,30/06/2018,GROSSRECOVEMPBEN - SOCIAL SECURITY,Nursing and Quality Programme,TAMESIDE METROPOLITAN BOROUGH COUNCIL,61811908,(825.26)
Department of Health,NHS Tameside And Glossop CCG,30/06/2018,GROSSRECOVEMPBEN - SOCIAL SECURITY,PROGRAMME PROJECTS,TAMESIDE METROPOLITAN BOROUGH COUNCIL,61811908,(444.68)
Department of Health,NHS Tameside And Glossop CCG,30/06/2018,GROSSRECOVEMPBEN ERCONTS2NHSPENSION,MEDICINES MANAGEMENT - CLINICAL,TAMESIDE METROPOLITAN BOROUGH COUNCIL,61811908,(223.08)
Department of Health,NHS Tameside And Glossop CCG,30/06/2018,GROSSRECOVEMPBEN ERCONTS2NHSPENSION,Nursing and Quality Programme,TAMESIDE METROPOLITAN BOROUGH COUNCIL,61811908,"(1,162.79)"
Department of Health,NHS Tameside And Glossop CCG,30/06/2018,GROSSRECOVEMPBEN ERCONTS2NHSPENSION,PROGRAMME PROJECTS,TAMESIDE METROPOLITAN BOROUGH COUNCIL,61811908,(564.32)
Department of Health,NHS Tameside And Glossop CCG,30/06/2018,Local AuthorityRevenue-Non-Contract,CONTINUING HEALTHCARE ASSESSMENT & SUPPORT,TAMESIDE METROPOLITAN BOROUGH COUNCIL,61811908,"(3,329.33)"
Department of Health,NHS Tameside And Glossop CCG,30/06/2018,Local AuthorityRevenue-Non-Contract,PROGRAMME PROJECTS,TAMESIDE METROPOLITAN BOROUGH COUNCIL,61811908,"(13,131.25)"
Department of Health,NHS Tameside And Glossop CCG,30/06/2018,Prepymnts <1Yr-Non-NHS PeriodEndAccrual,BALANCE SHEET,TAMESIDE METROPOLITAN BOROUGH COUNCIL,61811908,159.98 
Department of Health,NHS Tameside And Glossop CCG,30/06/2018,Recharge : Provided,PROGRAMME PROJECTS,TAMESIDE METROPOLITAN BOROUGH COUNCIL,61811908,"(27,585.66)"
Department of Health,NHS Tameside And Glossop CCG,30/06/2018,Rent,ESTATES AND FACILITIES,TAMESIDE METROPOLITAN BOROUGH COUNCIL,61811908,"8,666.67 "
Department of Health,NHS Tameside And Glossop CCG,30/06/2018,Rent,RECHARGES NHS PROPERTY SERVICES LTD,TAMESIDE METROPOLITAN BOROUGH COUNCIL,61811908,"3,833.33 "
Department of Health,NHS Tameside And Glossop CCG,30/06/2018,Seconded-Basic Sal-Staff fm oth org,PROGRAMME PROJECTS,TAMESIDE METROPOLITAN BOROUGH COUNCIL,61811908,"5,110.16 "
Department of Health,NHS Tameside And Glossop CCG,30/06/2018,Seconded-Employer's NHI Costs,PROGRAMME PROJECTS,TAMESIDE METROPOLITAN BOROUGH COUNCIL,61811908,511.44 
Department of Health,NHS Tameside And Glossop CCG,30/06/2018,Seconded-Employer's Pension Costs,PROGRAMME PROJECTS,TAMESIDE METROPOLITAN BOROUGH COUNCIL,61811908,"1,073.14 "
Department of Health,NHS Tameside And Glossop CCG,30/06/2018,Soc Care-Other Soc Care,MENTAL CAPACITY ACT,TAMESIDE METROPOLITAN BOROUGH COUNCIL,61811908,"2,669.93 "
Department of Health,NHS Tameside And Glossop CCG,30/06/2018,Soc Care-Other Soc Care,MENTAL HEALTH SERVICES - ADULTS,TAMESIDE METROPOLITAN BOROUGH COUNCIL,61811908,"13,056.00 "
Department of Health,NHS Tameside And Glossop CCG,30/06/2018,Soc Care-Other Soc Care,NON RECURRENT PROGRAMMES,TAMESIDE METROPOLITAN BOROUGH COUNCIL,61811908,"914,083.34 "
Department of Health,NHS Tameside And Glossop CCG,30/06/2018,Soc Care-Other Soc Care,PROGRAMME PROJECTS,TAMESIDE METROPOLITAN BOROUGH COUNCIL,61811908,"(49,169.60)"
Department of Health,NHS Tameside And Glossop CCG,30/06/2018,Soc Care-Other Soc Care,SAFEGUARDING,TAMESIDE METROPOLITAN BOROUGH COUNCIL,61811908,"13,725.00 "
Department of Health,NHS Tameside And Glossop CCG,30/06/2018,C&M-GMS DES Minor Surgery,PRC DELEGATED CO-COMMISSIONING,TOWN HALL SURGERY,GMK000018602,655.60 
Department of Health,NHS Tameside And Glossop CCG,30/06/2018,C&M-GMS Global Sum,PRC DELEGATED CO-COMMISSIONING,TOWN HALL SURGERY,GMK000018602,"23,954.08 "
Department of Health,NHS Tameside And Glossop CCG,30/06/2018,C&M-GMS Prem Notional Rent,PRC DELEGATED CO-COMMISSIONING,TOWN HALL SURGERY,GMK000018602,"1,891.67 "
Department of Health,NHS Tameside And Glossop CCG,30/06/2018,C&M-GMS QOF Achievement,PRC DELEGATED CO-COMMISSIONING,TOWN HALL SURGERY,GMK000018602,"12,862.31 "
Department of Health,NHS Tameside And Glossop CCG,30/06/2018,C&M-GMS QOF Aspiration,PRC DELEGATED CO-COMMISSIONING,TOWN HALL SURGERY,GMK000018602,"2,458.87 "
Department of Health,NHS Tameside And Glossop CCG,30/06/2018,C&M-PMS Contract Value,PRC DELEGATED CO-COMMISSIONING,WATERLOO MEDICAL PRACTICE,GMK000018604,"19,941.28 "
Department of Health,NHS Tameside And Glossop CCG,30/06/2018,C&M-PMS Funding Differential Review,PRC DELEGATED CO-COMMISSIONING,WATERLOO MEDICAL PRACTICE,GMK000018604,467.28 
Department of Health,NHS Tameside And Glossop CCG,30/06/2018,C&M-PMS Prem Notional Rent,PRC DELEGATED CO-COMMISSIONING,WATERLOO MEDICAL PRACTICE,GMK000018604,"1,788.33 "
Department of Health,NHS Tameside And Glossop CCG,30/06/2018,C&M-PMS QOF Achievement,PRC DELEGATED CO-COMMISSIONING,WATERLOO MEDICAL PRACTICE,GMK000018604,"7,727.44 "
Department of Health,NHS Tameside And Glossop CCG,30/06/2018,C&M-PMS QOF Aspiration,PRC DELEGATED CO-COMMISSIONING,WATERLOO MEDICAL PRACTICE,GMK000018604,"1,561.14 "
Department of Health,NHS Tameside And Glossop CCG,30/06/2018,C&M-GMS DES Minor Surgery,PRC DELEGATED CO-COMMISSIONING,WEST END MEDICAL CENTRE,GMK000018603,655.65 
Department of Health,NHS Tameside And Glossop CCG,30/06/2018,C&M-GMS DES Violent Patients,PRC DELEGATED CO-COMMISSIONING,WEST END MEDICAL CENTRE,GMK000018603,"3,966.45 "
Department of Health,NHS Tameside And Glossop CCG,30/06/2018,C&M-GMS Global Sum,PRC DELEGATED CO-COMMISSIONING,WEST END MEDICAL CENTRE,GMK000018603,"35,167.81 "
Department of Health,NHS Tameside And Glossop CCG,30/06/2018,C&M-GMS Prem Notional Rent,PRC DELEGATED CO-COMMISSIONING,WEST END MEDICAL CENTRE,GMK000018603,"3,600.00 "
Department of Health,NHS Tameside And Glossop CCG,30/06/2018,C&M-GMS QOF Achievement,PRC DELEGATED CO-COMMISSIONING,WEST END MEDICAL CENTRE,GMK000018603,"11,788.95 "
Department of Health,NHS Tameside And Glossop CCG,30/06/2018,C&M-GMS QOF Aspiration,PRC DELEGATED CO-COMMISSIONING,WEST END MEDICAL CENTRE,GMK000018603,"3,237.95 "
Department of Health,NHS Tameside And Glossop CCG,30/06/2018,Hcare Srv Rec Fdtn Trust-CQUIN,ACUTE COMMISSIONING,WRIGHTINGTON WIGAN & LEIGH NHS FOUNDATION TRUST,55578029,"2,276.00 "
Department of Health,NHS Tameside And Glossop CCG,30/06/2018,Hcare Srv Rec Fdtn Trust-Contract Baseline,ACUTE COMMISSIONING,WRIGHTINGTON WIGAN & LEIGH NHS FOUNDATION TRUST,55578029,"91,929.00 "
