Department family,Entity,Date,Expense Type,Expense area,Supplier,Transaction number,AP Amount (�)
Department of Health,NHS Sheffield CCG,31/01/2019,C&M-PMS Contract Value,PRC DELEGATED CO-COMMISSIONING,ABBEY LANE SURGERY,25487041,"23,569.10 "
Department of Health,NHS Sheffield CCG,31/01/2019,C&M-PMS Prem Notional Rent,PRC DELEGATED CO-COMMISSIONING,ABBEY LANE SURGERY,25487041,"2,122.92 "
Department of Health,NHS Sheffield CCG,31/01/2019,C&M-PMS Prem Rates,PRC DELEGATED CO-COMMISSIONING,ABBEY LANE SURGERY,25487041,744.00 
Department of Health,NHS Sheffield CCG,31/01/2019,C&M-PMS QOF Aspiration,PRC DELEGATED CO-COMMISSIONING,ABBEY LANE SURGERY,25487041,"2,572.92 "
Department of Health,NHS Sheffield CCG,31/01/2019,Cont Care-Physical Disab (65+),CHC ADULT FULLY FUNDED,ABBEYCARE NURSING,25444827,"51,285.78 "
Department of Health,NHS Sheffield CCG,31/01/2019,C&M-PMS Contract Value,PRC DELEGATED CO-COMMISSIONING,AVENUE MEDICAL CENTRE SHEFFIELD,25487039,"54,616.25 "
Department of Health,NHS Sheffield CCG,31/01/2019,C&M-PMS Out of Hours Opt Outs,PRC DELEGATED CO-COMMISSIONING,AVENUE MEDICAL CENTRE SHEFFIELD,25487039,3.86 
Department of Health,NHS Sheffield CCG,31/01/2019,C&M-PMS PCO Other,PRC DELEGATED CO-COMMISSIONING,AVENUE MEDICAL CENTRE SHEFFIELD,25487039,511.88 
Department of Health,NHS Sheffield CCG,31/01/2019,C&M-PMS Prem Notional Rent,PRC DELEGATED CO-COMMISSIONING,AVENUE MEDICAL CENTRE SHEFFIELD,25487039,"5,546.67 "
Department of Health,NHS Sheffield CCG,31/01/2019,C&M-PMS Prem Rates,PRC DELEGATED CO-COMMISSIONING,AVENUE MEDICAL CENTRE SHEFFIELD,25487039,"1,564.20 "
Department of Health,NHS Sheffield CCG,31/01/2019,C&M-PMS QOF Aspiration,PRC DELEGATED CO-COMMISSIONING,AVENUE MEDICAL CENTRE SHEFFIELD,25487039,"5,705.45 "
Department of Health,NHS Sheffield CCG,31/01/2019,Hcare Srv Rec Fdtn Trust-Contract Baseline,ACUTE COMMISSIONING,BARNSLEY HOSPITAL NHS FOUNDATION TRUST,25552584,"73,344.00 "
Department of Health,NHS Sheffield CCG,31/01/2019,C&M-PMS Contract Value,PRC DELEGATED CO-COMMISSIONING,BARNSLEY ROAD SURGERY,25487043,"21,763.76 "
Department of Health,NHS Sheffield CCG,31/01/2019,C&M-PMS Prem Notional Rent,PRC DELEGATED CO-COMMISSIONING,BARNSLEY ROAD SURGERY,25487043,"2,652.17 "
Department of Health,NHS Sheffield CCG,31/01/2019,C&M-PMS Prem Rates,PRC DELEGATED CO-COMMISSIONING,BARNSLEY ROAD SURGERY,25487043,"6,480.00 "
Department of Health,NHS Sheffield CCG,31/01/2019,C&M-PMS QOF Aspiration,PRC DELEGATED CO-COMMISSIONING,BARNSLEY ROAD SURGERY,25487043,"2,364.70 "
Department of Health,NHS Sheffield CCG,31/01/2019,C&M-GMS Global Sum,PRC DELEGATED CO-COMMISSIONING,BASLOW ROAD & SHOREHAM STREET SURGERIES,25725688,"96,905.83 "
Department of Health,NHS Sheffield CCG,31/01/2019,C&M-GMS MPIG Correction Factor,PRC DELEGATED CO-COMMISSIONING,BASLOW ROAD & SHOREHAM STREET SURGERIES,25725688,292.43 
Department of Health,NHS Sheffield CCG,31/01/2019,C&M-GMS Prem Notional Rent,PRC DELEGATED CO-COMMISSIONING,BASLOW ROAD & SHOREHAM STREET SURGERIES,25725688,"8,511.25 "
Department of Health,NHS Sheffield CCG,31/01/2019,C&M-GMS Prem Rates,PRC DELEGATED CO-COMMISSIONING,BASLOW ROAD & SHOREHAM STREET SURGERIES,25725688,"2,273.00 "
Department of Health,NHS Sheffield CCG,31/01/2019,Cont Care-Physical Disab (65+),CHC ADULT FULLY FUNDED,BC SHEFFIELD LTD,25444828,"36,915.01 "
Department of Health,NHS Sheffield CCG,31/01/2019,C&M-PMS Contract Value,PRC DELEGATED CO-COMMISSIONING,BIRLEY HEALTH CENTRE,25487046,"63,435.34 "
Department of Health,NHS Sheffield CCG,31/01/2019,C&M-PMS Out of Hours Opt Outs,PRC DELEGATED CO-COMMISSIONING,BIRLEY HEALTH CENTRE,25487046,7.07 
Department of Health,NHS Sheffield CCG,31/01/2019,C&M-PMS PCO Locum Adop/Pat/Mat,PRC DELEGATED CO-COMMISSIONING,BIRLEY HEALTH CENTRE,25487046,"13,390.97 "
Department of Health,NHS Sheffield CCG,31/01/2019,C&M-PMS PCO Other,PRC DELEGATED CO-COMMISSIONING,BIRLEY HEALTH CENTRE,25487046,596.36 
Department of Health,NHS Sheffield CCG,31/01/2019,C&M-PMS Prem Notional Rent,PRC DELEGATED CO-COMMISSIONING,BIRLEY HEALTH CENTRE,25487046,"7,600.58 "
Department of Health,NHS Sheffield CCG,31/01/2019,C&M-PMS Prem Rates,PRC DELEGATED CO-COMMISSIONING,BIRLEY HEALTH CENTRE,25487046,"1,650.00 "
Department of Health,NHS Sheffield CCG,31/01/2019,C&M-PMS QOF Aspiration,PRC DELEGATED CO-COMMISSIONING,BIRLEY HEALTH CENTRE,25487046,"7,642.20 "
Department of Health,NHS Sheffield CCG,31/01/2019,Clinical&Medical-Independent Sector,ACUTE COMMISSIONING,BMI HEALTHCARE LTD,25497501,"84,881.31 "
Department of Health,NHS Sheffield CCG,31/01/2019,C&M-GMS Cost of Drugs -Prescribing,LOCAL ENHANCED SERVICES,BROOMHILL SURGERY,25725695,"11,258.72 "
Department of Health,NHS Sheffield CCG,31/01/2019,C&M-GMS Global Sum,PRC DELEGATED CO-COMMISSIONING,BROOMHILL SURGERY,25725695,"63,623.52 "
Department of Health,NHS Sheffield CCG,31/01/2019,C&M-GMS MPIG Correction Factor,PRC DELEGATED CO-COMMISSIONING,BROOMHILL SURGERY,25725695,502.00 
Department of Health,NHS Sheffield CCG,31/01/2019,C&M-GMS Prem Cost Rent,PRC DELEGATED CO-COMMISSIONING,BROOMHILL SURGERY,25725695,"3,380.00 "
Department of Health,NHS Sheffield CCG,31/01/2019,C&M-GMS Prem Notional Rent,PRC DELEGATED CO-COMMISSIONING,BROOMHILL SURGERY,25725695,"2,612.50 "
Department of Health,NHS Sheffield CCG,31/01/2019,C&M-GMS Prem Rates,PRC DELEGATED CO-COMMISSIONING,BROOMHILL SURGERY,25725695,"1,848.00 "
Department of Health,NHS Sheffield CCG,31/01/2019,C&M-GMS Prof Fees Prescribing,PRC DELEGATED CO-COMMISSIONING,BROOMHILL SURGERY,25725695,"2,433.79 "
Department of Health,NHS Sheffield CCG,31/01/2019,C&M-GMS IT Comm Servs -GP Practices,PRIMARY CARE IT,BT GLOBAL SERVICES,25585762,"24,479.24 "
Department of Health,NHS Sheffield CCG,31/01/2019,Computer Software/License,CORPORATE COSTS & SERVICES,BT GLOBAL SERVICES,25585762,"1,692.48 "
Department of Health,NHS Sheffield CCG,31/01/2019,C&M-GMS Cost of Drugs -Prescribing,LOCAL ENHANCED SERVICES,BUCHANAN ROAD SURGERY,25725691,59.86 
Department of Health,NHS Sheffield CCG,31/01/2019,C&M-GMS Global Sum,PRC DELEGATED CO-COMMISSIONING,BUCHANAN ROAD SURGERY,25725691,"35,425.64 "
Department of Health,NHS Sheffield CCG,31/01/2019,C&M-GMS MPIG Correction Factor,PRC DELEGATED CO-COMMISSIONING,BUCHANAN ROAD SURGERY,25725691,"1,310.51 "
Department of Health,NHS Sheffield CCG,31/01/2019,C&M-GMS Prem Notional Rent,PRC DELEGATED CO-COMMISSIONING,BUCHANAN ROAD SURGERY,25725691,"2,595.83 "
Department of Health,NHS Sheffield CCG,31/01/2019,C&M-GMS Prem Rates,PRC DELEGATED CO-COMMISSIONING,BUCHANAN ROAD SURGERY,25725691,864.00 
Department of Health,NHS Sheffield CCG,31/01/2019,C&M-GMS Prof Fees Prescribing,PRC DELEGATED CO-COMMISSIONING,BUCHANAN ROAD SURGERY,25725691,23.13 
Department of Health,NHS Sheffield CCG,31/01/2019,C&M-PMS Contract Value,PRC DELEGATED CO-COMMISSIONING,BURNCROSS SURGERY,25487049,"121,727.76 "
Department of Health,NHS Sheffield CCG,31/01/2019,C&M-PMS Prem Notional Rent,PRC DELEGATED CO-COMMISSIONING,BURNCROSS SURGERY,25487049,"14,058.33 "
Department of Health,NHS Sheffield CCG,31/01/2019,C&M-PMS QOF Aspiration,PRC DELEGATED CO-COMMISSIONING,BURNCROSS SURGERY,25487049,"16,082.74 "
Department of Health,NHS Sheffield CCG,31/01/2019,C&M-PMS Contract Value,PRC DELEGATED CO-COMMISSIONING,BURNGREAVE SURGERY,25487051,"56,852.61 "
Department of Health,NHS Sheffield CCG,31/01/2019,C&M-PMS Prem Notional Rent,PRC DELEGATED CO-COMMISSIONING,BURNGREAVE SURGERY,25487051,"6,622.92 "
Department of Health,NHS Sheffield CCG,31/01/2019,C&M-PMS Prem Rates,PRC DELEGATED CO-COMMISSIONING,BURNGREAVE SURGERY,25487051,"1,929.00 "
Department of Health,NHS Sheffield CCG,31/01/2019,C&M-PMS QOF Aspiration,PRC DELEGATED CO-COMMISSIONING,BURNGREAVE SURGERY,25487051,"4,881.27 "
Department of Health,NHS Sheffield CCG,31/01/2019,C&M-GMS Cost of Drugs -Prescribing,LOCAL ENHANCED SERVICES,CARTERKNOWLE & DORE MEDICAL PRACTICE,25725700,"15,684.08 "
Department of Health,NHS Sheffield CCG,31/01/2019,C&M-GMS Global Sum,PRC DELEGATED CO-COMMISSIONING,CARTERKNOWLE & DORE MEDICAL PRACTICE,25725700,"84,355.76 "
Department of Health,NHS Sheffield CCG,31/01/2019,C&M-GMS MPIG Correction Factor,PRC DELEGATED CO-COMMISSIONING,CARTERKNOWLE & DORE MEDICAL PRACTICE,25725700,"1,494.59 "
Department of Health,NHS Sheffield CCG,31/01/2019,C&M-GMS PCO Other,PRC DELEGATED CO-COMMISSIONING,CARTERKNOWLE & DORE MEDICAL PRACTICE,25725700,838.11 
Department of Health,NHS Sheffield CCG,31/01/2019,C&M-GMS Prem Notional Rent,PRC DELEGATED CO-COMMISSIONING,CARTERKNOWLE & DORE MEDICAL PRACTICE,25725700,"7,596.50 "
Department of Health,NHS Sheffield CCG,31/01/2019,C&M-GMS Prem Rates,PRC DELEGATED CO-COMMISSIONING,CARTERKNOWLE & DORE MEDICAL PRACTICE,25725700,"1,862.00 "
Department of Health,NHS Sheffield CCG,31/01/2019,C&M-GMS Prof Fees Prescribing,PRC DELEGATED CO-COMMISSIONING,CARTERKNOWLE & DORE MEDICAL PRACTICE,25725700,"3,512.74 "
Department of Health,NHS Sheffield CCG,31/01/2019,C&M-GMS Cost of Drugs -Prescribing,LOCAL ENHANCED SERVICES,CHARNOCK HEALTH PRIMARY CARE CENTRE,25725697,"7,106.18 "
Department of Health,NHS Sheffield CCG,31/01/2019,C&M-GMS Global Sum,PRC DELEGATED CO-COMMISSIONING,CHARNOCK HEALTH PRIMARY CARE CENTRE,25725697,"41,848.60 "
Department of Health,NHS Sheffield CCG,31/01/2019,C&M-GMS MPIG Correction Factor,PRC DELEGATED CO-COMMISSIONING,CHARNOCK HEALTH PRIMARY CARE CENTRE,25725697,413.25 
Department of Health,NHS Sheffield CCG,31/01/2019,C&M-GMS PCO Locum Adop/Pat/Mat,PRC DELEGATED CO-COMMISSIONING,CHARNOCK HEALTH PRIMARY CARE CENTRE,25725697,"2,627.08 "
Department of Health,NHS Sheffield CCG,31/01/2019,C&M-GMS PCO Other,PRC DELEGATED CO-COMMISSIONING,CHARNOCK HEALTH PRIMARY CARE CENTRE,25725697,396.20 
Department of Health,NHS Sheffield CCG,31/01/2019,C&M-GMS Prem Actual Rent,PRC DELEGATED CO-COMMISSIONING,CHARNOCK HEALTH PRIMARY CARE CENTRE,25725697,"20,100.00 "
Department of Health,NHS Sheffield CCG,31/01/2019,C&M-GMS Prem Notional Rent,PRC DELEGATED CO-COMMISSIONING,CHARNOCK HEALTH PRIMARY CARE CENTRE,25725697,335.00 
Department of Health,NHS Sheffield CCG,31/01/2019,C&M-GMS Prem Rates,PRC DELEGATED CO-COMMISSIONING,CHARNOCK HEALTH PRIMARY CARE CENTRE,25725697,"1,247.00 "
Department of Health,NHS Sheffield CCG,31/01/2019,C&M-GMS Prof Fees Prescribing,PRC DELEGATED CO-COMMISSIONING,CHARNOCK HEALTH PRIMARY CARE CENTRE,25725697,"1,727.04 "
Department of Health,NHS Sheffield CCG,31/01/2019,Hcare Srv Rec Fdtn Trust-Contract Baseline,ACUTE COMMISSIONING,CHESTERFIELD ROYAL HOSPITAL NHS FOUNDATION TRUST,25552623,"85,072.00 "
Department of Health,NHS Sheffield CCG,31/01/2019,Hcare Srv Rec Fdtn Trust-Contract Baseline,ACUTE COMMISSIONING,CHESTERFIELD ROYAL HOSPITAL NHS FOUNDATION TRUST,25552746,"266,428.00 "
Department of Health,NHS Sheffield CCG,31/01/2019,Clinical&Medical-Independent Sector,ACUTE COMMISSIONING,CLAREMONT HOSPITAL,25497520,"65,047.00 "
Department of Health,NHS Sheffield CCG,31/01/2019,Voids and Subsidies,RECHARGES NHS PROPERTY SERVICES LTD,COMMUNITY HEALTH PARTNERSHIPS LTD,25585632,"134,854.13 "
Department of Health,NHS Sheffield CCG,31/01/2019,Cont Care-Funded Nursing Care Allow,FUNDED NURSING CARE,COUNTRY COURT CARE LTD,25444823,"26,231.86 "
Department of Health,NHS Sheffield CCG,31/01/2019,C&M-GMS Cost of Drugs -Prescribing,LOCAL ENHANCED SERVICES,CROOKES PRACTICE,25725704,"3,943.38 "
Department of Health,NHS Sheffield CCG,31/01/2019,C&M-GMS Global Sum,PRC DELEGATED CO-COMMISSIONING,CROOKES PRACTICE,25725704,"50,172.87 "
Department of Health,NHS Sheffield CCG,31/01/2019,C&M-GMS MPIG Correction Factor,PRC DELEGATED CO-COMMISSIONING,CROOKES PRACTICE,25725704,"1,545.92 "
Department of Health,NHS Sheffield CCG,31/01/2019,C&M-GMS PCO Other,PRC DELEGATED CO-COMMISSIONING,CROOKES PRACTICE,25725704,559.22 
Department of Health,NHS Sheffield CCG,31/01/2019,C&M-GMS Prem Notional Rent,PRC DELEGATED CO-COMMISSIONING,CROOKES PRACTICE,25725704,"3,874.67 "
Department of Health,NHS Sheffield CCG,31/01/2019,C&M-GMS Prem Rates,PRC DELEGATED CO-COMMISSIONING,CROOKES PRACTICE,25725704,"1,476.00 "
Department of Health,NHS Sheffield CCG,31/01/2019,C&M-GMS Prof Fees Prescribing,PRC DELEGATED CO-COMMISSIONING,CROOKES PRACTICE,25725704,984.31 
Department of Health,NHS Sheffield CCG,31/01/2019,C&M-PMS Contract Value,PRC DELEGATED CO-COMMISSIONING,DEEPCAR MEDICAL CENTRE,25487058,"41,127.71 "
Department of Health,NHS Sheffield CCG,31/01/2019,C&M-PMS Prem Healthcentre Rent,PRC DELEGATED CO-COMMISSIONING,DEEPCAR MEDICAL CENTRE,25487058,"29,067.58 "
Department of Health,NHS Sheffield CCG,31/01/2019,C&M-PMS QOF Aspiration,PRC DELEGATED CO-COMMISSIONING,DEEPCAR MEDICAL CENTRE,25487058,"4,182.29 "
Department of Health,NHS Sheffield CCG,31/01/2019,Cont Care- Prior Year Payments,CHC ADULT FULLY FUNDED,DERBYSHIRE COUNTY COUNCIL,25585541,"46,111.01 "
Department of Health,NHS Sheffield CCG,31/01/2019,Cont Care- Prior Year Payments,CHC ADULT FULLY FUNDED,DERBYSHIRE COUNTY COUNCIL,25585763,"(46,111.01)"
Department of Health,NHS Sheffield CCG,31/01/2019,C&M-GMS Cost of Drugs -Prescribing,LOCAL ENHANCED SERVICES,DEVONSHIRE GREEN MEDICAL CENTRE,25725707,"2,040.46 "
Department of Health,NHS Sheffield CCG,31/01/2019,C&M-GMS Global Sum,PRC DELEGATED CO-COMMISSIONING,DEVONSHIRE GREEN MEDICAL CENTRE,25725707,"45,766.64 "
Department of Health,NHS Sheffield CCG,31/01/2019,C&M-GMS MPIG Correction Factor,PRC DELEGATED CO-COMMISSIONING,DEVONSHIRE GREEN MEDICAL CENTRE,25725707,"3,231.20 "
Department of Health,NHS Sheffield CCG,31/01/2019,C&M-GMS Prem Notional Rent,PRC DELEGATED CO-COMMISSIONING,DEVONSHIRE GREEN MEDICAL CENTRE,25725707,"5,987.50 "
Department of Health,NHS Sheffield CCG,31/01/2019,C&M-GMS Prem Rates,PRC DELEGATED CO-COMMISSIONING,DEVONSHIRE GREEN MEDICAL CENTRE,25725707,866.00 
Department of Health,NHS Sheffield CCG,31/01/2019,C&M-GMS Prof Fees Prescribing,PRC DELEGATED CO-COMMISSIONING,DEVONSHIRE GREEN MEDICAL CENTRE,25725707,511.43 
Department of Health,NHS Sheffield CCG,31/01/2019,Miscellaneous Expenditure (L9),BEREAVEMENT SERVICE,DONCASTER AND BASSETLAW HOSPITALS NHS FOUNDATION TRUST,25552533,(278.55)
Department of Health,NHS Sheffield CCG,31/01/2019,Oth Travel Costs-Car Mileage,BEREAVEMENT SERVICE,DONCASTER AND BASSETLAW HOSPITALS NHS FOUNDATION TRUST,25552533,346.90 
Department of Health,NHS Sheffield CCG,31/01/2019,Other Travel Costs - Car Parking,BEREAVEMENT SERVICE,DONCASTER AND BASSETLAW HOSPITALS NHS FOUNDATION TRUST,25552533,37.40 
Department of Health,NHS Sheffield CCG,31/01/2019,Seconded-Basic Sal-Staff fm oth org,BEREAVEMENT SERVICE,DONCASTER AND BASSETLAW HOSPITALS NHS FOUNDATION TRUST,25552533,"38,737.43 "
Department of Health,NHS Sheffield CCG,31/01/2019,Seconded-Employer's NHI Costs,BEREAVEMENT SERVICE,DONCASTER AND BASSETLAW HOSPITALS NHS FOUNDATION TRUST,25552533,"3,286.47 "
Department of Health,NHS Sheffield CCG,31/01/2019,Hcare Srv Rec Fdtn Trust-Contract Baseline,ACUTE COMMISSIONING,DONCASTER AND BASSETLAW HOSPITALS NHS FOUNDATION TRUST,25552621,"35,160.00 "
Department of Health,NHS Sheffield CCG,31/01/2019,External Consultancy Fees,CLINICAL LEADS,DONCASTER AND BASSETLAW HOSPITALS NHS FOUNDATION TRUST,25587038,"47,900.00 "
Department of Health,NHS Sheffield CCG,31/01/2019,C&M-PMS Contract Value,PRC DELEGATED CO-COMMISSIONING,DOVERCOURT SURGERY,25487061,"72,767.61 "
Department of Health,NHS Sheffield CCG,31/01/2019,C&M-PMS Out of Hours Opt Outs,PRC DELEGATED CO-COMMISSIONING,DOVERCOURT SURGERY,25487061,7.91 
Department of Health,NHS Sheffield CCG,31/01/2019,C&M-PMS PCO Other,PRC DELEGATED CO-COMMISSIONING,DOVERCOURT SURGERY,25487061,584.56 
Department of Health,NHS Sheffield CCG,31/01/2019,C&M-PMS Prem Actual Rent,PRC DELEGATED CO-COMMISSIONING,DOVERCOURT SURGERY,25487061,"12,400.00 "
Department of Health,NHS Sheffield CCG,31/01/2019,C&M-PMS Prem Notional Rent,PRC DELEGATED CO-COMMISSIONING,DOVERCOURT SURGERY,25487061,"1,708.34 "
Department of Health,NHS Sheffield CCG,31/01/2019,C&M-PMS QOF Aspiration,PRC DELEGATED CO-COMMISSIONING,DOVERCOURT SURGERY,25487061,"7,443.07 "
Department of Health,NHS Sheffield CCG,31/01/2019,C&M-PMS Contract Value,PRC DELEGATED CO-COMMISSIONING,DR MEHROTRA & PARTNER,25487064,"27,872.06 "
Department of Health,NHS Sheffield CCG,31/01/2019,C&M-PMS DES Learn Dsblty Hlth Chk,PRC DELEGATED CO-COMMISSIONING,DR MEHROTRA & PARTNER,25487064,464.00 
Department of Health,NHS Sheffield CCG,31/01/2019,C&M-PMS PCO Other,PRC DELEGATED CO-COMMISSIONING,DR MEHROTRA & PARTNER,25487064,621.00 
Department of Health,NHS Sheffield CCG,31/01/2019,C&M-PMS Prem Actual Rent,PRC DELEGATED CO-COMMISSIONING,DR MEHROTRA & PARTNER,25487064,"2,650.00 "
Department of Health,NHS Sheffield CCG,31/01/2019,C&M-PMS Prem Notional Rent,PRC DELEGATED CO-COMMISSIONING,DR MEHROTRA & PARTNER,25487064,"5,157.29 "
Department of Health,NHS Sheffield CCG,31/01/2019,C&M-PMS Prem Rates,PRC DELEGATED CO-COMMISSIONING,DR MEHROTRA & PARTNER,25487064,"1,463.00 "
Department of Health,NHS Sheffield CCG,31/01/2019,C&M-PMS QOF Aspiration,PRC DELEGATED CO-COMMISSIONING,DR MEHROTRA & PARTNER,25487064,"3,078.44 "
Department of Health,NHS Sheffield CCG,31/01/2019,C&M-PMS Contract Value,PRC DELEGATED CO-COMMISSIONING,DR MILNER & PARTNERS,25487066,"75,515.81 "
Department of Health,NHS Sheffield CCG,31/01/2019,C&M-PMS Out of Hours Opt Outs,PRC DELEGATED CO-COMMISSIONING,DR MILNER & PARTNERS,25487066,9.66 
Department of Health,NHS Sheffield CCG,31/01/2019,C&M-PMS Prem Actual Rent,PRC DELEGATED CO-COMMISSIONING,DR MILNER & PARTNERS,25487066,"11,382.00 "
Department of Health,NHS Sheffield CCG,31/01/2019,C&M-PMS Prem Notional Rent,PRC DELEGATED CO-COMMISSIONING,DR MILNER & PARTNERS,25487066,"4,462.42 "
Department of Health,NHS Sheffield CCG,31/01/2019,C&M-PMS Prem Rates,PRC DELEGATED CO-COMMISSIONING,DR MILNER & PARTNERS,25487066,"2,464.00 "
Department of Health,NHS Sheffield CCG,31/01/2019,C&M-PMS QOF Aspiration,PRC DELEGATED CO-COMMISSIONING,DR MILNER & PARTNERS,25487066,"6,553.23 "
Department of Health,NHS Sheffield CCG,31/01/2019,C&M-GMS Cost of Drugs -Prescribing,LOCAL ENHANCED SERVICES,DUKE MEDICAL CENTRE,25725715,"4,677.37 "
Department of Health,NHS Sheffield CCG,31/01/2019,C&M-GMS Global Sum,PRC DELEGATED CO-COMMISSIONING,DUKE MEDICAL CENTRE,25725715,"57,624.97 "
Department of Health,NHS Sheffield CCG,31/01/2019,C&M-GMS MPIG Correction Factor,PRC DELEGATED CO-COMMISSIONING,DUKE MEDICAL CENTRE,25725715,612.51 
Department of Health,NHS Sheffield CCG,31/01/2019,C&M-GMS PCO Other,PRC DELEGATED CO-COMMISSIONING,DUKE MEDICAL CENTRE,25725715,495.17 
Department of Health,NHS Sheffield CCG,31/01/2019,C&M-GMS Prem Notional Rent,PRC DELEGATED CO-COMMISSIONING,DUKE MEDICAL CENTRE,25725715,"5,721.67 "
Department of Health,NHS Sheffield CCG,31/01/2019,C&M-GMS Prem Rates,PRC DELEGATED CO-COMMISSIONING,DUKE MEDICAL CENTRE,25725715,"1,405.87 "
Department of Health,NHS Sheffield CCG,31/01/2019,C&M-GMS Prof Fees Prescribing,PRC DELEGATED CO-COMMISSIONING,DUKE MEDICAL CENTRE,25725715,958.61 
Department of Health,NHS Sheffield CCG,31/01/2019,C&M-PMS Contract Value,PRC DELEGATED CO-COMMISSIONING,DUNNINC ROAD SURGERY,25487071,"24,109.99 "
Department of Health,NHS Sheffield CCG,31/01/2019,C&M-PMS Prem Notional Rent,PRC DELEGATED CO-COMMISSIONING,DUNNINC ROAD SURGERY,25487071,"1,664.58 "
Department of Health,NHS Sheffield CCG,31/01/2019,C&M-PMS QOF Aspiration,PRC DELEGATED CO-COMMISSIONING,DUNNINC ROAD SURGERY,25487071,"2,554.49 "
Department of Health,NHS Sheffield CCG,31/01/2019,C&M-PMS Contract Value,PRC DELEGATED CO-COMMISSIONING,DYKES HALL MEDICAL CENTRE,25487073,"72,713.26 "
Department of Health,NHS Sheffield CCG,31/01/2019,C&M-PMS Out of Hours Opt Outs,PRC DELEGATED CO-COMMISSIONING,DYKES HALL MEDICAL CENTRE,25487073,12.02 
Department of Health,NHS Sheffield CCG,31/01/2019,C&M-PMS Prem Notional Rent,PRC DELEGATED CO-COMMISSIONING,DYKES HALL MEDICAL CENTRE,25487073,"5,377.08 "
Department of Health,NHS Sheffield CCG,31/01/2019,C&M-PMS Prem Rates,PRC DELEGATED CO-COMMISSIONING,DYKES HALL MEDICAL CENTRE,25487073,"1,039.00 "
Department of Health,NHS Sheffield CCG,31/01/2019,C&M-PMS QOF Aspiration,PRC DELEGATED CO-COMMISSIONING,DYKES HALL MEDICAL CENTRE,25487073,"8,079.17 "
Department of Health,NHS Sheffield CCG,31/01/2019,C&M-PMS Contract Value,PRC DELEGATED CO-COMMISSIONING,EAST BANK MEDICAL CENTRE,25487075,"47,201.34 "
Department of Health,NHS Sheffield CCG,31/01/2019,C&M-PMS Prem Notional Rent,PRC DELEGATED CO-COMMISSIONING,EAST BANK MEDICAL CENTRE,25487075,"10,583.34 "
Department of Health,NHS Sheffield CCG,31/01/2019,C&M-PMS Prem Rates,PRC DELEGATED CO-COMMISSIONING,EAST BANK MEDICAL CENTRE,25487075,"2,729.00 "
Department of Health,NHS Sheffield CCG,31/01/2019,C&M-PMS QOF Aspiration,PRC DELEGATED CO-COMMISSIONING,EAST BANK MEDICAL CENTRE,25487075,"4,881.64 "
Department of Health,NHS Sheffield CCG,31/01/2019,C&M-GMS Cost of Drugs -Prescribing,LOCAL ENHANCED SERVICES,ECCLESFIELD GROUP PRACTICE,25725711,"9,412.65 "
Department of Health,NHS Sheffield CCG,31/01/2019,C&M-GMS Global Sum,PRC DELEGATED CO-COMMISSIONING,ECCLESFIELD GROUP PRACTICE,25725711,"67,421.93 "
Department of Health,NHS Sheffield CCG,31/01/2019,C&M-GMS PCO Other,PRC DELEGATED CO-COMMISSIONING,ECCLESFIELD GROUP PRACTICE,25725711,572.78 
Department of Health,NHS Sheffield CCG,31/01/2019,C&M-GMS Prem Notional Rent,PRC DELEGATED CO-COMMISSIONING,ECCLESFIELD GROUP PRACTICE,25725711,"6,805.42 "
Department of Health,NHS Sheffield CCG,31/01/2019,C&M-GMS Prem Rates,PRC DELEGATED CO-COMMISSIONING,ECCLESFIELD GROUP PRACTICE,25725711,"1,278.00 "
Department of Health,NHS Sheffield CCG,31/01/2019,C&M-GMS Prof Fees Prescribing,PRC DELEGATED CO-COMMISSIONING,ECCLESFIELD GROUP PRACTICE,25725711,"2,107.40 "
Department of Health,NHS Sheffield CCG,31/01/2019,C&M-GMS Cost of Drugs -Prescribing,LOCAL ENHANCED SERVICES,ELM LANE SURGERY,25725713,"4,899.77 "
Department of Health,NHS Sheffield CCG,31/01/2019,C&M-GMS Global Sum,PRC DELEGATED CO-COMMISSIONING,ELM LANE SURGERY,25725713,"39,526.15 "
Department of Health,NHS Sheffield CCG,31/01/2019,C&M-GMS MPIG Correction Factor,PRC DELEGATED CO-COMMISSIONING,ELM LANE SURGERY,25725713,838.53 
Department of Health,NHS Sheffield CCG,31/01/2019,C&M-GMS Prem Notional Rent,PRC DELEGATED CO-COMMISSIONING,ELM LANE SURGERY,25725713,"5,305.50 "
Department of Health,NHS Sheffield CCG,31/01/2019,C&M-GMS Prem Rates,PRC DELEGATED CO-COMMISSIONING,ELM LANE SURGERY,25725713,"1,340.00 "
Department of Health,NHS Sheffield CCG,31/01/2019,C&M-GMS Prof Fees Prescribing,PRC DELEGATED CO-COMMISSIONING,ELM LANE SURGERY,25725713,850.67 
Department of Health,NHS Sheffield CCG,31/01/2019,Clinical&Medical-Independent Sector,MENTAL HEALTH CONTRACTS,ELYSIUM HEALTHCARE LTD,25552743,"204,166.26 "
Department of Health,NHS Sheffield CCG,31/01/2019,Cont Care-Physical Disab (<65),CHC ADULT FULLY FUNDED,FAIRWINDS HEALTH CARE LTD,25444796,"39,203.66 "
Department of Health,NHS Sheffield CCG,31/01/2019,C&M-PMS Contract Value,PRC DELEGATED CO-COMMISSIONING,FALKLAND HOUSE,25487078,"25,925.02 "
Department of Health,NHS Sheffield CCG,31/01/2019,C&M-PMS Out of Hours Opt Outs,PRC DELEGATED CO-COMMISSIONING,FALKLAND HOUSE,25487078,7.20 
Department of Health,NHS Sheffield CCG,31/01/2019,C&M-PMS PCO Other,PRC DELEGATED CO-COMMISSIONING,FALKLAND HOUSE,25487078,307.67 
Department of Health,NHS Sheffield CCG,31/01/2019,C&M-PMS Prem Notional Rent,PRC DELEGATED CO-COMMISSIONING,FALKLAND HOUSE,25487078,"1,866.67 "
Department of Health,NHS Sheffield CCG,31/01/2019,C&M-PMS Prem Rates,PRC DELEGATED CO-COMMISSIONING,FALKLAND HOUSE,25487078,756.00 
Department of Health,NHS Sheffield CCG,31/01/2019,C&M-PMS QOF Aspiration,PRC DELEGATED CO-COMMISSIONING,FALKLAND HOUSE,25487078,"2,902.49 "
Department of Health,NHS Sheffield CCG,31/01/2019,C&M-GMS Cost of Drugs -Prescribing,LOCAL ENHANCED SERVICES,FAR LANE MEDICAL CENTRE,25725722,"4,843.11 "
Department of Health,NHS Sheffield CCG,31/01/2019,C&M-GMS Global Sum,PRC DELEGATED CO-COMMISSIONING,FAR LANE MEDICAL CENTRE,25725722,"54,818.94 "
Department of Health,NHS Sheffield CCG,31/01/2019,C&M-GMS PCO Other,PRC DELEGATED CO-COMMISSIONING,FAR LANE MEDICAL CENTRE,25725722,518.33 
Department of Health,NHS Sheffield CCG,31/01/2019,C&M-GMS Prem Notional Rent,PRC DELEGATED CO-COMMISSIONING,FAR LANE MEDICAL CENTRE,25725722,"3,462.50 "
Department of Health,NHS Sheffield CCG,31/01/2019,C&M-GMS Prem Rates,PRC DELEGATED CO-COMMISSIONING,FAR LANE MEDICAL CENTRE,25725722,"1,114.00 "
Department of Health,NHS Sheffield CCG,31/01/2019,C&M-GMS Prem Water Rates,PRC DELEGATED CO-COMMISSIONING,FAR LANE MEDICAL CENTRE,25725722,121.01 
Department of Health,NHS Sheffield CCG,31/01/2019,C&M-GMS Prof Fees Prescribing,PRC DELEGATED CO-COMMISSIONING,FAR LANE MEDICAL CENTRE,25725722,"1,233.60 "
Department of Health,NHS Sheffield CCG,31/01/2019,C&M-PMS Contract Value,PRC DELEGATED CO-COMMISSIONING,FIRTH PARK SURGERY,25487077,"74,421.36 "
Department of Health,NHS Sheffield CCG,31/01/2019,C&M-PMS Prem Notional Rent,PRC DELEGATED CO-COMMISSIONING,FIRTH PARK SURGERY,25487077,"4,500.00 "
Department of Health,NHS Sheffield CCG,31/01/2019,C&M-PMS Prem Rates,PRC DELEGATED CO-COMMISSIONING,FIRTH PARK SURGERY,25487077,"1,330.00 "
Department of Health,NHS Sheffield CCG,31/01/2019,C&M-PMS QOF Aspiration,PRC DELEGATED CO-COMMISSIONING,FIRTH PARK SURGERY,25487077,"7,359.15 "
Department of Health,NHS Sheffield CCG,31/01/2019,C&M-GMS Cost of Drugs -Prescribing,LOCAL ENHANCED SERVICES,FLOWERS HEALTH CENTRE,25725790,"2,844.08 "
Department of Health,NHS Sheffield CCG,31/01/2019,C&M-GMS Global Sum,PRC DELEGATED CO-COMMISSIONING,FLOWERS HEALTH CENTRE,25725790,"36,838.54 "
Department of Health,NHS Sheffield CCG,31/01/2019,C&M-GMS MPIG Correction Factor,PRC DELEGATED CO-COMMISSIONING,FLOWERS HEALTH CENTRE,25725790,"1,476.31 "
Department of Health,NHS Sheffield CCG,31/01/2019,C&M-GMS Prem Healthcentre Rent,PRC DELEGATED CO-COMMISSIONING,FLOWERS HEALTH CENTRE,25725790,"33,513.30 "
Department of Health,NHS Sheffield CCG,31/01/2019,C&M-GMS Prof Fees Prescribing,PRC DELEGATED CO-COMMISSIONING,FLOWERS HEALTH CENTRE,25725790,758.15 
Department of Health,NHS Sheffield CCG,31/01/2019,Cont Care-Physical Disab (<65),CHC ADULT FULLY FUNDED,FOUR SEASONS HEALTH CARE LTD,25444820,"31,670.78 "
Department of Health,NHS Sheffield CCG,31/01/2019,C&M-PMS Contract Value,PRC DELEGATED CO-COMMISSIONING,FOXHILL MEDICAL CENTRE SHEFFIELD,25487153,"51,983.21 "
Department of Health,NHS Sheffield CCG,31/01/2019,C&M-PMS PCO Other,PRC DELEGATED CO-COMMISSIONING,FOXHILL MEDICAL CENTRE SHEFFIELD,25487153,446.84 
Department of Health,NHS Sheffield CCG,31/01/2019,C&M-PMS Prem Healthcentre Rent,PRC DELEGATED CO-COMMISSIONING,FOXHILL MEDICAL CENTRE SHEFFIELD,25487153,"46,751.16 "
Department of Health,NHS Sheffield CCG,31/01/2019,C&M-PMS QOF Aspiration,PRC DELEGATED CO-COMMISSIONING,FOXHILL MEDICAL CENTRE SHEFFIELD,25487153,"5,580.51 "
Department of Health,NHS Sheffield CCG,31/01/2019,C&M-PMS Contract Value,PRC DELEGATED CO-COMMISSIONING,GLEADLESS MEDICAL CENTRE,25487081,"69,435.00 "
Department of Health,NHS Sheffield CCG,31/01/2019,C&M-PMS Out of Hours Opt Outs,PRC DELEGATED CO-COMMISSIONING,GLEADLESS MEDICAL CENTRE,25487081,16.70 
Department of Health,NHS Sheffield CCG,31/01/2019,C&M-PMS PCO Other,PRC DELEGATED CO-COMMISSIONING,GLEADLESS MEDICAL CENTRE,25487081,619.11 
Department of Health,NHS Sheffield CCG,31/01/2019,C&M-PMS Prem Notional Rent,PRC DELEGATED CO-COMMISSIONING,GLEADLESS MEDICAL CENTRE,25487081,"6,750.00 "
Department of Health,NHS Sheffield CCG,31/01/2019,C&M-PMS Prem Rates,PRC DELEGATED CO-COMMISSIONING,GLEADLESS MEDICAL CENTRE,25487081,"1,564.00 "
Department of Health,NHS Sheffield CCG,31/01/2019,C&M-PMS Prem Water Rates,PRC DELEGATED CO-COMMISSIONING,GLEADLESS MEDICAL CENTRE,25487081,232.61 
Department of Health,NHS Sheffield CCG,31/01/2019,C&M-PMS QOF Aspiration,PRC DELEGATED CO-COMMISSIONING,GLEADLESS MEDICAL CENTRE,25487081,"7,712.98 "
Department of Health,NHS Sheffield CCG,31/01/2019,C&M-GMS Cost of Drugs -Prescribing,LOCAL ENHANCED SERVICES,GRENOSIDE SURGERY,25725730,"4,950.26 "
Department of Health,NHS Sheffield CCG,31/01/2019,C&M-GMS Global Sum,PRC DELEGATED CO-COMMISSIONING,GRENOSIDE SURGERY,25725730,"57,269.55 "
Department of Health,NHS Sheffield CCG,31/01/2019,C&M-GMS PCO Locum Adop/Pat/Mat,PRC DELEGATED CO-COMMISSIONING,GRENOSIDE SURGERY,25725730,"14,347.86 "
Department of Health,NHS Sheffield CCG,31/01/2019,C&M-GMS Prem Notional Rent,PRC DELEGATED CO-COMMISSIONING,GRENOSIDE SURGERY,25725730,"8,110.42 "
Department of Health,NHS Sheffield CCG,31/01/2019,C&M-GMS Prem Rates,PRC DELEGATED CO-COMMISSIONING,GRENOSIDE SURGERY,25725730,"1,500.50 "
Department of Health,NHS Sheffield CCG,31/01/2019,C&M-GMS Prof Fees Prescribing,PRC DELEGATED CO-COMMISSIONING,GRENOSIDE SURGERY,25725730,961.18 
Department of Health,NHS Sheffield CCG,31/01/2019,C&M-GMS Cost of Drugs -Prescribing,LOCAL ENHANCED SERVICES,GREYSTONES MEDICAL CENTRE,25725732,831.71 
Department of Health,NHS Sheffield CCG,31/01/2019,C&M-GMS Global Sum,PRC DELEGATED CO-COMMISSIONING,GREYSTONES MEDICAL CENTRE,25725732,"19,612.97 "
Department of Health,NHS Sheffield CCG,31/01/2019,C&M-GMS MPIG Correction Factor,PRC DELEGATED CO-COMMISSIONING,GREYSTONES MEDICAL CENTRE,25725732,"1,104.46 "
Department of Health,NHS Sheffield CCG,31/01/2019,C&M-GMS PCO Other,PRC DELEGATED CO-COMMISSIONING,GREYSTONES MEDICAL CENTRE,25725732,292.44 
Department of Health,NHS Sheffield CCG,31/01/2019,C&M-GMS Prem Notional Rent,PRC DELEGATED CO-COMMISSIONING,GREYSTONES MEDICAL CENTRE,25725732,"2,885.42 "
Department of Health,NHS Sheffield CCG,31/01/2019,C&M-GMS Prem Rates,PRC DELEGATED CO-COMMISSIONING,GREYSTONES MEDICAL CENTRE,25725732,538.00 
Department of Health,NHS Sheffield CCG,31/01/2019,C&M-GMS Prof Fees Prescribing,PRC DELEGATED CO-COMMISSIONING,GREYSTONES MEDICAL CENTRE,25725732,187.61 
Department of Health,NHS Sheffield CCG,31/01/2019,C&M-PMS Contract Value,PRC DELEGATED CO-COMMISSIONING,HACKENTHORPE MEDICAL CENTRE,25487085,"48,555.66 "
Department of Health,NHS Sheffield CCG,31/01/2019,C&M-PMS PCO Other,PRC DELEGATED CO-COMMISSIONING,HACKENTHORPE MEDICAL CENTRE,25487085,480.78 
Department of Health,NHS Sheffield CCG,31/01/2019,C&M-PMS Prem Notional Rent,PRC DELEGATED CO-COMMISSIONING,HACKENTHORPE MEDICAL CENTRE,25487085,"4,981.25 "
Department of Health,NHS Sheffield CCG,31/01/2019,C&M-PMS Prem Rates,PRC DELEGATED CO-COMMISSIONING,HACKENTHORPE MEDICAL CENTRE,25487085,"1,196.00 "
Department of Health,NHS Sheffield CCG,31/01/2019,C&M-PMS Prem Water Rates,PRC DELEGATED CO-COMMISSIONING,HACKENTHORPE MEDICAL CENTRE,25487085,226.69 
Department of Health,NHS Sheffield CCG,31/01/2019,C&M-PMS QOF Aspiration,PRC DELEGATED CO-COMMISSIONING,HACKENTHORPE MEDICAL CENTRE,25487085,"6,346.88 "
Department of Health,NHS Sheffield CCG,31/01/2019,C&M-GMS Cost of Drugs -Prescribing,LOCAL ENHANCED SERVICES,HANDSWORTH MEDICAL PRACTICE SHEFFIELD,25725728,"8,522.19 "
Department of Health,NHS Sheffield CCG,31/01/2019,C&M-GMS Global Sum,PRC DELEGATED CO-COMMISSIONING,HANDSWORTH MEDICAL PRACTICE SHEFFIELD,25725728,"75,435.85 "
Department of Health,NHS Sheffield CCG,31/01/2019,C&M-GMS Prem Notional Rent,PRC DELEGATED CO-COMMISSIONING,HANDSWORTH MEDICAL PRACTICE SHEFFIELD,25725728,"3,321.66 "
Department of Health,NHS Sheffield CCG,31/01/2019,C&M-GMS Prof Fees Prescribing,PRC DELEGATED CO-COMMISSIONING,HANDSWORTH MEDICAL PRACTICE SHEFFIELD,25725728,"2,117.68 "
Department of Health,NHS Sheffield CCG,31/01/2019,C&M-GMS Global Sum,PRC DELEGATED CO-COMMISSIONING,HAROLD STREET MEDICAL CENTRE,25725725,"20,783.31 "
Department of Health,NHS Sheffield CCG,31/01/2019,C&M-GMS PCO Other,PRC DELEGATED CO-COMMISSIONING,HAROLD STREET MEDICAL CENTRE,25725725,138.11 
Department of Health,NHS Sheffield CCG,31/01/2019,C&M-GMS Prem Notional Rent,PRC DELEGATED CO-COMMISSIONING,HAROLD STREET MEDICAL CENTRE,25725725,"4,675.00 "
Department of Health,NHS Sheffield CCG,31/01/2019,C&M-GMS QOF Aspiration,PRC DELEGATED CO-COMMISSIONING,HAROLD STREET MEDICAL CENTRE,25725725,"1,247.04 "
Department of Health,NHS Sheffield CCG,31/01/2019,C&M-APMS LES Basket of Procedures,LOCAL ENHANCED SERVICES,HEALTH CARE SURGERY,25711255,"31,226.00 "
Department of Health,NHS Sheffield CCG,31/01/2019,C&M-GMS Cost of Drugs -Prescribing,LOCAL ENHANCED SERVICES,HEALTH CARE SURGERY,25725738,"3,994.39 "
Department of Health,NHS Sheffield CCG,31/01/2019,C&M-GMS Global Sum,PRC DELEGATED CO-COMMISSIONING,HEALTH CARE SURGERY,25725738,"38,345.60 "
Department of Health,NHS Sheffield CCG,31/01/2019,C&M-GMS MPIG Correction Factor,PRC DELEGATED CO-COMMISSIONING,HEALTH CARE SURGERY,25725738,780.02 
Department of Health,NHS Sheffield CCG,31/01/2019,C&M-GMS PCO Other,PRC DELEGATED CO-COMMISSIONING,HEALTH CARE SURGERY,25725738,374.20 
Department of Health,NHS Sheffield CCG,31/01/2019,C&M-GMS Prem Notional Rent,PRC DELEGATED CO-COMMISSIONING,HEALTH CARE SURGERY,25725738,"3,862.50 "
Department of Health,NHS Sheffield CCG,31/01/2019,C&M-GMS Prem Rates,PRC DELEGATED CO-COMMISSIONING,HEALTH CARE SURGERY,25725738,574.00 
Department of Health,NHS Sheffield CCG,31/01/2019,C&M-GMS Prof Fees Prescribing,PRC DELEGATED CO-COMMISSIONING,HEALTH CARE SURGERY,25725738,925.20 
Department of Health,NHS Sheffield CCG,31/01/2019,C&M-GMS Global Sum,PRC DELEGATED CO-COMMISSIONING,HEELEY GREEN SURGERY,25725734,"42,112.49 "
Department of Health,NHS Sheffield CCG,31/01/2019,C&M-GMS MPIG Correction Factor,PRC DELEGATED CO-COMMISSIONING,HEELEY GREEN SURGERY,25725734,376.20 
Department of Health,NHS Sheffield CCG,31/01/2019,C&M-GMS Prem Notional Rent,PRC DELEGATED CO-COMMISSIONING,HEELEY GREEN SURGERY,25725734,"3,254.17 "
Department of Health,NHS Sheffield CCG,31/01/2019,C&M-GMS Prem Rates,PRC DELEGATED CO-COMMISSIONING,HEELEY GREEN SURGERY,25725734,"2,572.21 "
Department of Health,NHS Sheffield CCG,31/01/2019,C&M-GMS Cost of Drugs -Prescribing,LOCAL ENHANCED SERVICES,HOLLIES MEDICAL CENTRE,25725736,"5,816.60 "
Department of Health,NHS Sheffield CCG,31/01/2019,C&M-GMS Global Sum,PRC DELEGATED CO-COMMISSIONING,HOLLIES MEDICAL CENTRE,25725736,"59,092.58 "
Department of Health,NHS Sheffield CCG,31/01/2019,C&M-GMS MPIG Correction Factor,PRC DELEGATED CO-COMMISSIONING,HOLLIES MEDICAL CENTRE,25725736,"1,452.73 "
Department of Health,NHS Sheffield CCG,31/01/2019,C&M-GMS PCO Other,PRC DELEGATED CO-COMMISSIONING,HOLLIES MEDICAL CENTRE,25725736,624.24 
Department of Health,NHS Sheffield CCG,31/01/2019,C&M-GMS Prem Notional Rent,PRC DELEGATED CO-COMMISSIONING,HOLLIES MEDICAL CENTRE,25725736,"3,229.17 "
Department of Health,NHS Sheffield CCG,31/01/2019,C&M-GMS Prem Rates,PRC DELEGATED CO-COMMISSIONING,HOLLIES MEDICAL CENTRE,25725736,"1,224.00 "
Department of Health,NHS Sheffield CCG,31/01/2019,C&M-GMS Prof Fees Prescribing,PRC DELEGATED CO-COMMISSIONING,HOLLIES MEDICAL CENTRE,25725736,"1,292.71 "
Department of Health,NHS Sheffield CCG,31/01/2019,Cont Care-Physical Disab (<65),CHC ADULT FULLY FUNDED,HORIZON CARE HOMES LTD,25444769,"40,733.91 "
Department of Health,NHS Sheffield CCG,31/01/2019,Cont Care-Physical Disab (65+),CHC ADULT FULLY FUNDED,HORIZON CARE HOMES LTD,25444789,"53,142.85 "
Department of Health,NHS Sheffield CCG,31/01/2019,Cont Care-Physical Disab (<65),CHC ADULT FULLY FUNDED,HORIZON CARE HOMES LTD,25444813,"31,106.91 "
Department of Health,NHS Sheffield CCG,31/01/2019,C&M-PMS Contract Value,PRC DELEGATED CO-COMMISSIONING,JAUNTY SPRINGS HEALTH CENTRE,25487094,"30,396.04 "
Department of Health,NHS Sheffield CCG,31/01/2019,C&M-PMS PCO Other,PRC DELEGATED CO-COMMISSIONING,JAUNTY SPRINGS HEALTH CENTRE,25487094,284.89 
Department of Health,NHS Sheffield CCG,31/01/2019,C&M-PMS Prem Notional Rent,PRC DELEGATED CO-COMMISSIONING,JAUNTY SPRINGS HEALTH CENTRE,25487094,"3,208.33 "
Department of Health,NHS Sheffield CCG,31/01/2019,C&M-PMS Prem Rates,PRC DELEGATED CO-COMMISSIONING,JAUNTY SPRINGS HEALTH CENTRE,25487094,631.00 
Department of Health,NHS Sheffield CCG,31/01/2019,C&M-PMS Prem Water Rates,PRC DELEGATED CO-COMMISSIONING,JAUNTY SPRINGS HEALTH CENTRE,25487094,64.73 
Department of Health,NHS Sheffield CCG,31/01/2019,C&M-PMS QOF Aspiration,PRC DELEGATED CO-COMMISSIONING,JAUNTY SPRINGS HEALTH CENTRE,25487094,"3,861.25 "
Department of Health,NHS Sheffield CCG,31/01/2019,C&M-GMS IT Comm Servs -GP Practices,PRIMARY CARE IT,KIER BUSINESS SERVICES LTD,25404532,"103,393.20 "
Department of Health,NHS Sheffield CCG,31/01/2019,FM Computer Contracts,BUSINESS INFORMATICS,KIER BUSINESS SERVICES LTD,25404532,"36,933.60 "
Department of Health,NHS Sheffield CCG,31/01/2019,C&M-GMS LES Translation Fees,INTERPRETING SERVICES,LANGUAGELINE SOLUTIONS,25632215,"28,380.00 "
Department of Health,NHS Sheffield CCG,31/01/2019,C&M-GMS LES Translation Fees,INTERPRETING SERVICES,LANGUAGELINE SOLUTIONS,25632218,"31,418.64 "
Department of Health,NHS Sheffield CCG,31/01/2019,Hcare Srv Rec NHS Trust-Contract Baseline,ACUTE COMMISSIONING,LEEDS TEACHING HOSPITALS NHS TRUST,25552547,"44,759.00 "
Department of Health,NHS Sheffield CCG,31/01/2019,Cont Care-Physical Disab (<65),CHC ADULT FULLY FUNDED,LONGLEY HEALTH CARE LTD,25444778,"86,113.88 "
Department of Health,NHS Sheffield CCG,31/01/2019,Cont Care-Physical Disab (<65),CHC ADULT FULLY FUNDED,LOXLEY HEALTH CARE LTD,25444798,"82,453.46 "
Department of Health,NHS Sheffield CCG,31/01/2019,C&M-PMS Contract Value,PRC DELEGATED CO-COMMISSIONING,MANCHESTER ROAD SURGERY SHEFFIELD,25487101,"32,546.58 "
Department of Health,NHS Sheffield CCG,31/01/2019,C&M-PMS Prem Cost Rent,PRC DELEGATED CO-COMMISSIONING,MANCHESTER ROAD SURGERY SHEFFIELD,25487101,"3,472.17 "
Department of Health,NHS Sheffield CCG,31/01/2019,C&M-PMS Prem Notional Rent,PRC DELEGATED CO-COMMISSIONING,MANCHESTER ROAD SURGERY SHEFFIELD,25487101,442.92 
Department of Health,NHS Sheffield CCG,31/01/2019,C&M-PMS Prem Rates,PRC DELEGATED CO-COMMISSIONING,MANCHESTER ROAD SURGERY SHEFFIELD,25487101,948.00 
Department of Health,NHS Sheffield CCG,31/01/2019,C&M-PMS QOF Aspiration,PRC DELEGATED CO-COMMISSIONING,MANCHESTER ROAD SURGERY SHEFFIELD,25487101,"4,036.85 "
Department of Health,NHS Sheffield CCG,31/01/2019,C&M-PMS Contract Value,PRC DELEGATED CO-COMMISSIONING,MANOR & PARK GROUP PRACTICE,25488568,"76,837.91 "
Department of Health,NHS Sheffield CCG,31/01/2019,C&M-PMS Out of Hours Opt Outs,PRC DELEGATED CO-COMMISSIONING,MANOR & PARK GROUP PRACTICE,25488568,43.03 
Department of Health,NHS Sheffield CCG,31/01/2019,C&M-PMS Prem Notional Rent,PRC DELEGATED CO-COMMISSIONING,MANOR & PARK GROUP PRACTICE,25488568,"9,050.00 "
Department of Health,NHS Sheffield CCG,31/01/2019,C&M-PMS Prem Rates,PRC DELEGATED CO-COMMISSIONING,MANOR & PARK GROUP PRACTICE,25488568,975.00 
Department of Health,NHS Sheffield CCG,31/01/2019,C&M-PMS QOF Aspiration,PRC DELEGATED CO-COMMISSIONING,MANOR & PARK GROUP PRACTICE,25488568,"7,862.89 "
Department of Health,NHS Sheffield CCG,31/01/2019,C&M-GMS Cost of Drugs -Prescribing,LOCAL ENHANCED SERVICES,MATHEWS PRACTICE,25725745,155.82 
Department of Health,NHS Sheffield CCG,31/01/2019,C&M-GMS Global Sum,PRC DELEGATED CO-COMMISSIONING,MATHEWS PRACTICE,25725745,"61,772.03 "
Department of Health,NHS Sheffield CCG,31/01/2019,C&M-GMS MPIG Correction Factor,PRC DELEGATED CO-COMMISSIONING,MATHEWS PRACTICE,25725745,598.96 
Department of Health,NHS Sheffield CCG,31/01/2019,C&M-GMS Prem Notional Rent,PRC DELEGATED CO-COMMISSIONING,MATHEWS PRACTICE,25725745,"8,660.42 "
Department of Health,NHS Sheffield CCG,31/01/2019,C&M-GMS Prem Rates,PRC DELEGATED CO-COMMISSIONING,MATHEWS PRACTICE,25725745,"1,962.00 "
Department of Health,NHS Sheffield CCG,31/01/2019,C&M-GMS Prof Fees Prescribing,PRC DELEGATED CO-COMMISSIONING,MATHEWS PRACTICE,25725745,100.23 
Department of Health,NHS Sheffield CCG,31/01/2019,C&M-PMS Contract Value,PRC DELEGATED CO-COMMISSIONING,MEADOWHEAD GROUP PRACTICE,25487096,"77,318.95 "
Department of Health,NHS Sheffield CCG,31/01/2019,C&M-PMS Out of Hours Opt Outs,PRC DELEGATED CO-COMMISSIONING,MEADOWHEAD GROUP PRACTICE,25487096,138.58 
Department of Health,NHS Sheffield CCG,31/01/2019,C&M-PMS Prem Cost Rent,PRC DELEGATED CO-COMMISSIONING,MEADOWHEAD GROUP PRACTICE,25487096,"3,647.42 "
Department of Health,NHS Sheffield CCG,31/01/2019,C&M-PMS Prem Notional Rent,PRC DELEGATED CO-COMMISSIONING,MEADOWHEAD GROUP PRACTICE,25487096,"3,358.33 "
Department of Health,NHS Sheffield CCG,31/01/2019,C&M-PMS Prem Rates,PRC DELEGATED CO-COMMISSIONING,MEADOWHEAD GROUP PRACTICE,25487096,"1,788.00 "
Department of Health,NHS Sheffield CCG,31/01/2019,C&M-PMS QOF Aspiration,PRC DELEGATED CO-COMMISSIONING,MEADOWHEAD GROUP PRACTICE,25487096,"9,134.83 "
Department of Health,NHS Sheffield CCG,31/01/2019,C&M-GMS Cost of Drugs -Prescribing,LOCAL ENHANCED SERVICES,MEDICAL CENTRE CRYSTAL PEAKS,25725741,"4,683.83 "
Department of Health,NHS Sheffield CCG,31/01/2019,C&M-GMS Global Sum,PRC DELEGATED CO-COMMISSIONING,MEDICAL CENTRE CRYSTAL PEAKS,25725741,"45,743.63 "
Department of Health,NHS Sheffield CCG,31/01/2019,C&M-GMS MPIG Correction Factor,PRC DELEGATED CO-COMMISSIONING,MEDICAL CENTRE CRYSTAL PEAKS,25725741,"1,131.34 "
Department of Health,NHS Sheffield CCG,31/01/2019,C&M-GMS PCO Other,PRC DELEGATED CO-COMMISSIONING,MEDICAL CENTRE CRYSTAL PEAKS,25725741,474.67 
Department of Health,NHS Sheffield CCG,31/01/2019,C&M-GMS Prem Actual Rent,PRC DELEGATED CO-COMMISSIONING,MEDICAL CENTRE CRYSTAL PEAKS,25725741,"17,610.00 "
Department of Health,NHS Sheffield CCG,31/01/2019,C&M-GMS Prem Notional Rent,PRC DELEGATED CO-COMMISSIONING,MEDICAL CENTRE CRYSTAL PEAKS,25725741,270.00 
Department of Health,NHS Sheffield CCG,31/01/2019,C&M-GMS Prem Rates,PRC DELEGATED CO-COMMISSIONING,MEDICAL CENTRE CRYSTAL PEAKS,25725741,"1,530.28 "
Department of Health,NHS Sheffield CCG,31/01/2019,C&M-GMS Prof Fees Prescribing,PRC DELEGATED CO-COMMISSIONING,MEDICAL CENTRE CRYSTAL PEAKS,25725741,"1,171.92 "
Department of Health,NHS Sheffield CCG,31/01/2019,C&M-GMS Cost of Drugs -Prescribing,LOCAL ENHANCED SERVICES,MILL ROAD SURGERY SHEFFIELD,25742154,"5,222.29 "
Department of Health,NHS Sheffield CCG,31/01/2019,C&M-GMS Global Sum,PRC DELEGATED CO-COMMISSIONING,MILL ROAD SURGERY SHEFFIELD,25742154,"40,535.85 "
Department of Health,NHS Sheffield CCG,31/01/2019,C&M-GMS MPIG Correction Factor,PRC DELEGATED CO-COMMISSIONING,MILL ROAD SURGERY SHEFFIELD,25742154,122.04 
Department of Health,NHS Sheffield CCG,31/01/2019,C&M-GMS PCO Locum Adop/Pat/Mat,PRC DELEGATED CO-COMMISSIONING,MILL ROAD SURGERY SHEFFIELD,25742154,"2,286.12 "
Department of Health,NHS Sheffield CCG,31/01/2019,C&M-GMS PCO Other,PRC DELEGATED CO-COMMISSIONING,MILL ROAD SURGERY SHEFFIELD,25742154,389.44 
Department of Health,NHS Sheffield CCG,31/01/2019,C&M-GMS Prem Notional Rent,PRC DELEGATED CO-COMMISSIONING,MILL ROAD SURGERY SHEFFIELD,25742154,"4,593.33 "
Department of Health,NHS Sheffield CCG,31/01/2019,C&M-GMS Prem Rates,PRC DELEGATED CO-COMMISSIONING,MILL ROAD SURGERY SHEFFIELD,25742154,"1,507.43 "
Department of Health,NHS Sheffield CCG,31/01/2019,C&M-GMS Prof Fees Prescribing,PRC DELEGATED CO-COMMISSIONING,MILL ROAD SURGERY SHEFFIELD,25742154,"1,210.47 "
Department of Health,NHS Sheffield CCG,31/01/2019,Clinical&Medical-Independent Sector,Mental Health Services - S117 Mental Health,MOORVILLE RESIDENTIAL,25466357,"8,124.30 "
Department of Health,NHS Sheffield CCG,31/01/2019,Cont Care-Learning Disab(<65),CHC ADULT FULLY FUNDED,MOORVILLE RESIDENTIAL,25466357,"20,005.05 "
Department of Health,NHS Sheffield CCG,31/01/2019,Cont Care-Learning Disab(<65),CHC ADULT JOINT FUNDED,MOORVILLE RESIDENTIAL,25466357,"1,212.73 "
Department of Health,NHS Sheffield CCG,31/01/2019,Cont Care-Mental Health (<65),CHC ADULT JOINT FUNDED,MOORVILLE RESIDENTIAL,25466357,491.57 
Department of Health,NHS Sheffield CCG,31/01/2019,C&M-PMS Contract Value,PRC DELEGATED CO-COMMISSIONING,MOSBOROUGH HEALTH CENTRE,25487104,"48,377.22 "
Department of Health,NHS Sheffield CCG,31/01/2019,C&M-PMS PCO Other,PRC DELEGATED CO-COMMISSIONING,MOSBOROUGH HEALTH CENTRE,25487104,471.11 
Department of Health,NHS Sheffield CCG,31/01/2019,C&M-PMS Prem Notional Rent,PRC DELEGATED CO-COMMISSIONING,MOSBOROUGH HEALTH CENTRE,25487104,"4,091.67 "
Department of Health,NHS Sheffield CCG,31/01/2019,C&M-PMS Prem Rates,PRC DELEGATED CO-COMMISSIONING,MOSBOROUGH HEALTH CENTRE,25487104,891.00 
Department of Health,NHS Sheffield CCG,31/01/2019,C&M-PMS QOF Aspiration,PRC DELEGATED CO-COMMISSIONING,MOSBOROUGH HEALTH CENTRE,25487104,"5,763.82 "
Department of Health,NHS Sheffield CCG,31/01/2019,C&M-PMS Contract Value,PRC DELEGATED CO-COMMISSIONING,NETHERGREEN SURGERY,25487108,"63,373.08 "
Department of Health,NHS Sheffield CCG,31/01/2019,C&M-PMS Prem Cost Rent,PRC DELEGATED CO-COMMISSIONING,NETHERGREEN SURGERY,25487108,"5,057.33 "
Department of Health,NHS Sheffield CCG,31/01/2019,C&M-PMS Prem Rates,PRC DELEGATED CO-COMMISSIONING,NETHERGREEN SURGERY,25487108,"1,236.00 "
Department of Health,NHS Sheffield CCG,31/01/2019,C&M-PMS QOF Aspiration,PRC DELEGATED CO-COMMISSIONING,NETHERGREEN SURGERY,25487108,"6,267.38 "
Department of Health,NHS Sheffield CCG,31/01/2019,Recharge : Received,CONTINUING HEALTHCARE ASSESSMENT & SUPPORT,NHS DONCASTER CCG,25444744,"391,912.00 "
Department of Health,NHS Sheffield CCG,31/01/2019,Charges from CSU,BUSINESS INFORMATICS,NHS NORTH OF ENGLAND CSU,25711401,"30,083.00 "
Department of Health,NHS Sheffield CCG,31/01/2019,Voids and Subsidies,RECHARGES NHS PROPERTY SERVICES LTD,NHS PROPERTY SERVICES LTD,25585660,"34,305.86 "
Department of Health,NHS Sheffield CCG,31/01/2019,Rent,CONTINUING HEALTHCARE ASSESSMENT & SUPPORT,NHS PROPERTY SERVICES LTD,25798649,"27,814.20 "
Department of Health,NHS Sheffield CCG,31/01/2019,Rent,ESTATES AND FACILITIES,NHS PROPERTY SERVICES LTD,25798649,"73,696.85 "
Department of Health,NHS Sheffield CCG,31/01/2019,C&M-GMS Cost of Drugs -Prescribing,LOCAL ENHANCED SERVICES,NORFOLK PARK HEALTH CENTRE,25725752,"1,720.74 "
Department of Health,NHS Sheffield CCG,31/01/2019,C&M-GMS Global Sum,PRC DELEGATED CO-COMMISSIONING,NORFOLK PARK HEALTH CENTRE,25725752,"37,609.51 "
Department of Health,NHS Sheffield CCG,31/01/2019,C&M-GMS MPIG Correction Factor,PRC DELEGATED CO-COMMISSIONING,NORFOLK PARK HEALTH CENTRE,25725752,924.61 
Department of Health,NHS Sheffield CCG,31/01/2019,C&M-GMS Prem Healthcentre Rent,PRC DELEGATED CO-COMMISSIONING,NORFOLK PARK HEALTH CENTRE,25725752,"24,044.86 "
Department of Health,NHS Sheffield CCG,31/01/2019,C&M-GMS Prof Fees Prescribing,PRC DELEGATED CO-COMMISSIONING,NORFOLK PARK HEALTH CENTRE,25725752,557.69 
Department of Health,NHS Sheffield CCG,31/01/2019,Hcare Srv Rec Fdtn Trust-Contract Baseline,ACUTE COMMISSIONING,NORTHERN LINCOLNSHIRE AND GOOLE HOSPITALS NHS FOUNDATION TRUST,25593366,"33,889.00 "
Department of Health,NHS Sheffield CCG,31/01/2019,C&M-GMS Cost of Drugs -Prescribing,LOCAL ENHANCED SERVICES,NORWOOD MEDICAL CENTRE SHEFFIELD,25725755,"5,023.60 "
Department of Health,NHS Sheffield CCG,31/01/2019,C&M-GMS Global Sum,PRC DELEGATED CO-COMMISSIONING,NORWOOD MEDICAL CENTRE SHEFFIELD,25725755,"64,358.66 "
Department of Health,NHS Sheffield CCG,31/01/2019,C&M-GMS PCO Other,PRC DELEGATED CO-COMMISSIONING,NORWOOD MEDICAL CENTRE SHEFFIELD,25725755,559.17 
Department of Health,NHS Sheffield CCG,31/01/2019,C&M-GMS Prem Notional Rent,PRC DELEGATED CO-COMMISSIONING,NORWOOD MEDICAL CENTRE SHEFFIELD,25725755,"5,187.50 "
Department of Health,NHS Sheffield CCG,31/01/2019,C&M-GMS Prof Fees Prescribing,PRC DELEGATED CO-COMMISSIONING,NORWOOD MEDICAL CENTRE SHEFFIELD,25725755,"1,429.32 "
Department of Health,NHS Sheffield CCG,31/01/2019,Hcare Srv Rec NHS Trust-Contract Baseline,ACUTE COMMISSIONING,NOTTINGHAM UNIVERSITY HOSPITALS NHS TRUST,25552732,"28,040.00 "
Department of Health,NHS Sheffield CCG,31/01/2019,Clinical&Medical-Independent Sector,ACUTE COMMISSIONING,ONEHEALTH GROUP,25497523,"74,162.00 "
Department of Health,NHS Sheffield CCG,31/01/2019,C&M-GMS Cost of Drugs -Dispensing,LOCAL ENHANCED SERVICES,OUGHTIBRIDGE SURGERY,25725758,"(16,187.38)"
Department of Health,NHS Sheffield CCG,31/01/2019,C&M-GMS GP Statutory Levy,PRC DELEGATED CO-COMMISSIONING,OUGHTIBRIDGE SURGERY,25725758,(174.84)
Department of Health,NHS Sheffield CCG,31/01/2019,C&M-GMS PrscChrgsCll&RmttdbyGPCntra,PRC DELEGATED CO-COMMISSIONING,OUGHTIBRIDGE SURGERY,25725758,(642.40)
Department of Health,NHS Sheffield CCG,31/01/2019,C&M-GMS Voluntary Levy,PRC DELEGATED CO-COMMISSIONING,OUGHTIBRIDGE SURGERY,25725758,(29.14)
Department of Health,NHS Sheffield CCG,31/01/2019,C&M-GMS Cost of Drugs -Dispensing,LOCAL ENHANCED SERVICES,OUGHTIBRIDGE SURGERY,25725759,"34,144.40 "
Department of Health,NHS Sheffield CCG,31/01/2019,C&M-GMS Global Sum,PRC DELEGATED CO-COMMISSIONING,OUGHTIBRIDGE SURGERY,25725759,"42,801.25 "
Department of Health,NHS Sheffield CCG,31/01/2019,C&M-GMS PCO Locum Adop/Pat/Mat,PRC DELEGATED CO-COMMISSIONING,OUGHTIBRIDGE SURGERY,25725759,"3,607.47 "
Department of Health,NHS Sheffield CCG,31/01/2019,C&M-GMS Prem Notional Rent,PRC DELEGATED CO-COMMISSIONING,OUGHTIBRIDGE SURGERY,25725759,"3,957.33 "
Department of Health,NHS Sheffield CCG,31/01/2019,C&M-GMS Prem Rates,PRC DELEGATED CO-COMMISSIONING,OUGHTIBRIDGE SURGERY,25725759,976.00 
Department of Health,NHS Sheffield CCG,31/01/2019,C&M-GMS Prof Fees Dispensing,PRC DELEGATED CO-COMMISSIONING,OUGHTIBRIDGE SURGERY,25725759,"5,891.67 "
Department of Health,NHS Sheffield CCG,31/01/2019,C&M-GMS PrscrptnChrgsColl&RmttdbyGP,LOCAL ENHANCED SERVICES,OUGHTIBRIDGE SURGERY,25725759,642.40 
Department of Health,NHS Sheffield CCG,31/01/2019,C&M-PMS Contract Value,PRC DELEGATED CO-COMMISSIONING,OWLTHORPE MEDICAL CENTRE,25487111,"33,565.48 "
Department of Health,NHS Sheffield CCG,31/01/2019,C&M-PMS Out of Hours Opt Outs,PRC DELEGATED CO-COMMISSIONING,OWLTHORPE MEDICAL CENTRE,25487111,9.14 
Department of Health,NHS Sheffield CCG,31/01/2019,C&M-PMS Prem Actual Rent,PRC DELEGATED CO-COMMISSIONING,OWLTHORPE MEDICAL CENTRE,25487111,"7,539.58 "
Department of Health,NHS Sheffield CCG,31/01/2019,C&M-PMS Prem Rates,PRC DELEGATED CO-COMMISSIONING,OWLTHORPE MEDICAL CENTRE,25487111,"1,327.52 "
Department of Health,NHS Sheffield CCG,31/01/2019,C&M-PMS QOF Aspiration,PRC DELEGATED CO-COMMISSIONING,OWLTHORPE MEDICAL CENTRE,25487111,"4,022.05 "
Department of Health,NHS Sheffield CCG,31/01/2019,C&M-PMS Contract Value,PRC DELEGATED CO-COMMISSIONING,PAGE HALL MEDICAL CENTRE,25487113,"57,376.24 "
Department of Health,NHS Sheffield CCG,31/01/2019,C&M-PMS PCO Other,PRC DELEGATED CO-COMMISSIONING,PAGE HALL MEDICAL CENTRE,25487113,535.50 
Department of Health,NHS Sheffield CCG,31/01/2019,C&M-PMS Prem Notional Rent,PRC DELEGATED CO-COMMISSIONING,PAGE HALL MEDICAL CENTRE,25487113,"4,833.33 "
Department of Health,NHS Sheffield CCG,31/01/2019,C&M-PMS Prem Rates,PRC DELEGATED CO-COMMISSIONING,PAGE HALL MEDICAL CENTRE,25487113,"1,076.33 "
Department of Health,NHS Sheffield CCG,31/01/2019,C&M-PMS QOF Aspiration,PRC DELEGATED CO-COMMISSIONING,PAGE HALL MEDICAL CENTRE,25487113,"4,906.36 "
Department of Health,NHS Sheffield CCG,31/01/2019,C&M-PMS Contract Value,PRC DELEGATED CO-COMMISSIONING,PITSMOOR SURGERY,25487116,"77,650.22 "
Department of Health,NHS Sheffield CCG,31/01/2019,C&M-PMS Out of Hours Opt Outs,PRC DELEGATED CO-COMMISSIONING,PITSMOOR SURGERY,25487116,17.00 
Department of Health,NHS Sheffield CCG,31/01/2019,C&M-PMS Prem Notional Rent,PRC DELEGATED CO-COMMISSIONING,PITSMOOR SURGERY,25487116,"9,650.00 "
Department of Health,NHS Sheffield CCG,31/01/2019,C&M-PMS Prem Rates,PRC DELEGATED CO-COMMISSIONING,PITSMOOR SURGERY,25487116,"2,154.00 "
Department of Health,NHS Sheffield CCG,31/01/2019,C&M-PMS QOF Aspiration,PRC DELEGATED CO-COMMISSIONING,PITSMOOR SURGERY,25487116,"7,079.26 "
Department of Health,NHS Sheffield CCG,31/01/2019,C&M-PMS Contract Value,PRC DELEGATED CO-COMMISSIONING,PORTER BROOK MEDICAL CENTRE,25487117,"(8,499.33)"
Department of Health,NHS Sheffield CCG,31/01/2019,C&M-PMS GP Statutory Levy,PRC DELEGATED CO-COMMISSIONING,PORTER BROOK MEDICAL CENTRE,25487117,(883.80)
Department of Health,NHS Sheffield CCG,31/01/2019,C&M-PMS Out of Hours Opt Outs,PRC DELEGATED CO-COMMISSIONING,PORTER BROOK MEDICAL CENTRE,25487117,"(8,269.97)"
Department of Health,NHS Sheffield CCG,31/01/2019,C&M-PMS Voluntary Levy,PRC DELEGATED CO-COMMISSIONING,PORTER BROOK MEDICAL CENTRE,25487117,(147.30)
Department of Health,NHS Sheffield CCG,31/01/2019,C&M-PMS Contract Value,PRC DELEGATED CO-COMMISSIONING,PORTER BROOK MEDICAL CENTRE,25487118,"175,852.18 "
Department of Health,NHS Sheffield CCG,31/01/2019,C&M-PMS Out of Hours Opt Outs,PRC DELEGATED CO-COMMISSIONING,PORTER BROOK MEDICAL CENTRE,25487118,417.96 
Department of Health,NHS Sheffield CCG,31/01/2019,C&M-PMS PCO Other,PRC DELEGATED CO-COMMISSIONING,PORTER BROOK MEDICAL CENTRE,25487118,"1,902.44 "
Department of Health,NHS Sheffield CCG,31/01/2019,C&M-PMS Prem Actual Rent,PRC DELEGATED CO-COMMISSIONING,PORTER BROOK MEDICAL CENTRE,25487118,"1,333.33 "
Department of Health,NHS Sheffield CCG,31/01/2019,C&M-PMS Prem Notional Rent,PRC DELEGATED CO-COMMISSIONING,PORTER BROOK MEDICAL CENTRE,25487118,"9,666.67 "
Department of Health,NHS Sheffield CCG,31/01/2019,C&M-PMS Prem Rates,PRC DELEGATED CO-COMMISSIONING,PORTER BROOK MEDICAL CENTRE,25487118,"1,548.63 "
Department of Health,NHS Sheffield CCG,31/01/2019,C&M-PMS QOF Aspiration,PRC DELEGATED CO-COMMISSIONING,PORTER BROOK MEDICAL CENTRE,25487118,"8,562.06 "
Department of Health,NHS Sheffield CCG,31/01/2019,C&M-GMS LES Equitable Funding,LOCAL ENHANCED SERVICES,PORTER BROOK MEDICAL CENTRE,25689202,"26,331.00 "
Department of Health,NHS Sheffield CCG,31/01/2019,Clinical&Medical-Commercial Sector,PATIENT TRANSPORT,PREMIER CARE DIRECT LTD,25388720,"112,480.55 "
Department of Health,NHS Sheffield CCG,31/01/2019,C&M-APMS DES Extended Hours Access,GP FORWARD VIEW,PRIMARY CARE SHEFFIELD LTD,25404495,"291,333.33 "
Department of Health,NHS Sheffield CCG,31/01/2019,C&M-GMS LES Basket of Procedures,LOCAL ENHANCED SERVICES,PRIMARY CARE SHEFFIELD LTD,25404506,"28,217.50 "
Department of Health,NHS Sheffield CCG,31/01/2019,C&M-APMS DES Extended Hours Access,GP FORWARD VIEW,PRIMARY CARE SHEFFIELD LTD,25404508,"291,333.34 "
Department of Health,NHS Sheffield CCG,31/01/2019,C&M-APMS DES Extended Hours Access,GP FORWARD VIEW,PRIMARY CARE SHEFFIELD LTD,25682141,"291,333.33 "
Department of Health,NHS Sheffield CCG,31/01/2019,C&M-APMS LES Basket of Procedures,LOCAL ENHANCED SERVICES,PRIMARY CARE SHEFFIELD LTD,25711287,"33,067.00 "
Department of Health,NHS Sheffield CCG,31/01/2019,C&M-OES Childrens Schemes,LOCAL ENHANCED SERVICES,PRIMARY EYECARE SERVICES LTD,25404516,"1,050.00 "
Department of Health,NHS Sheffield CCG,31/01/2019,C&M-OES Glaucoma,LOCAL ENHANCED SERVICES,PRIMARY EYECARE SERVICES LTD,25404516,770.00 
Department of Health,NHS Sheffield CCG,31/01/2019,C&M-OES Intra-ocular Ocular Hypertn,LOCAL ENHANCED SERVICES,PRIMARY EYECARE SERVICES LTD,25404516,340.00 
Department of Health,NHS Sheffield CCG,31/01/2019,C&M-OES PEARS,LOCAL ENHANCED SERVICES,PRIMARY EYECARE SERVICES LTD,25404516,"24,014.50 "
Department of Health,NHS Sheffield CCG,31/01/2019,C&M-PMS Contract Value,PRC DELEGATED CO-COMMISSIONING,RICHMOND MEDICAL CENTRE,25487120,"66,305.86 "
Department of Health,NHS Sheffield CCG,31/01/2019,C&M-PMS PCO Other,PRC DELEGATED CO-COMMISSIONING,RICHMOND MEDICAL CENTRE,25487120,617.78 
Department of Health,NHS Sheffield CCG,31/01/2019,C&M-PMS Prem Notional Rent,PRC DELEGATED CO-COMMISSIONING,RICHMOND MEDICAL CENTRE,25487120,"4,731.00 "
Department of Health,NHS Sheffield CCG,31/01/2019,C&M-PMS Prem Rates,PRC DELEGATED CO-COMMISSIONING,RICHMOND MEDICAL CENTRE,25487120,"1,425.00 "
Department of Health,NHS Sheffield CCG,31/01/2019,C&M-PMS QOF Aspiration,PRC DELEGATED CO-COMMISSIONING,RICHMOND MEDICAL CENTRE,25487120,"8,188.48 "
Department of Health,NHS Sheffield CCG,31/01/2019,Cont Care-Physical Disab (<65),CHC ADULT FULLY FUNDED,ROSEBERRY CARE CENTRES,25444777,"26,005.76 "
Department of Health,NHS Sheffield CCG,31/01/2019,Cont Care-Physical Disab (<65),CHC ADULT FULLY FUNDED,ROSEBERRY CARE CENTRES,25444779,"41,579.23 "
Department of Health,NHS Sheffield CCG,31/01/2019,Cont Care-Funded Nursing Care Allow,FUNDED NURSING CARE,ROSEBERRY CARE CENTRES,25465720,"25,508.86 "
Department of Health,NHS Sheffield CCG,31/01/2019,Cont Care-Funded Nursing Care Allow,FUNDED NURSING CARE,ROSEBERRY CARE CENTRES,25466059,"30,034.39 "
Department of Health,NHS Sheffield CCG,31/01/2019,Oth Travel Costs-Car Mileage,BEREAVEMENT SERVICE,ROTHERHAM NHS FOUNDATION TRUST,25689625,126.26 
Department of Health,NHS Sheffield CCG,31/01/2019,Seconded-Basic Sal-Staff fm oth org,BEREAVEMENT SERVICE,ROTHERHAM NHS FOUNDATION TRUST,25689625,"33,112.09 "
Department of Health,NHS Sheffield CCG,31/01/2019,Seconded-Employer's NHI Costs,BEREAVEMENT SERVICE,ROTHERHAM NHS FOUNDATION TRUST,25689625,"3,872.53 "
Department of Health,NHS Sheffield CCG,31/01/2019,Hcare Srv Rec Fdtn Trust-Contract Baseline,ACUTE COMMISSIONING,ROTHERHAM NHS FOUNDATION TRUST,25718138,"428,814.00 "
Department of Health,NHS Sheffield CCG,31/01/2019,Other Gen Supplies & Srv,BEREAVEMENT SERVICE,ROTHERHAM NHS FOUNDATION TRUST,25798743,"250,000.00 "
Department of Health,NHS Sheffield CCG,31/01/2019,Other Gen Supplies & Srv,BEREAVEMENT SERVICE,ROTHERHAM NHS FOUNDATION TRUST,25798749,"497,618.00 "
Department of Health,NHS Sheffield CCG,31/01/2019,C&M-PMS Contract Value,PRC DELEGATED CO-COMMISSIONING,RUSTLINGS ROAD MEDICAL CENTRE,25487125,"27,601.10 "
Department of Health,NHS Sheffield CCG,31/01/2019,C&M-PMS PCO Other,PRC DELEGATED CO-COMMISSIONING,RUSTLINGS ROAD MEDICAL CENTRE,25487125,347.11 
Department of Health,NHS Sheffield CCG,31/01/2019,C&M-PMS Prem Notional Rent,PRC DELEGATED CO-COMMISSIONING,RUSTLINGS ROAD MEDICAL CENTRE,25487125,"1,167.92 "
Department of Health,NHS Sheffield CCG,31/01/2019,C&M-PMS Prem Water Rates,PRC DELEGATED CO-COMMISSIONING,RUSTLINGS ROAD MEDICAL CENTRE,25487125,100.22 
Department of Health,NHS Sheffield CCG,31/01/2019,C&M-PMS QOF Aspiration,PRC DELEGATED CO-COMMISSIONING,RUSTLINGS ROAD MEDICAL CENTRE,25487125,"2,389.45 "
Department of Health,NHS Sheffield CCG,31/01/2019,C&M-PMS Contract Value,PRC DELEGATED CO-COMMISSIONING,SELBORNE ROAD MEDICAL CENTRE,25487123,"19,632.79 "
Department of Health,NHS Sheffield CCG,31/01/2019,C&M-PMS DES Learn Dsblty Hlth Chk,PRC DELEGATED CO-COMMISSIONING,SELBORNE ROAD MEDICAL CENTRE,25487123,"1,160.00 "
Department of Health,NHS Sheffield CCG,31/01/2019,C&M-PMS Out of Hours Opt Outs,PRC DELEGATED CO-COMMISSIONING,SELBORNE ROAD MEDICAL CENTRE,25487123,4.03 
Department of Health,NHS Sheffield CCG,31/01/2019,C&M-PMS PCO Other,PRC DELEGATED CO-COMMISSIONING,SELBORNE ROAD MEDICAL CENTRE,25487123,229.64 
Department of Health,NHS Sheffield CCG,31/01/2019,C&M-PMS Prem Notional Rent,PRC DELEGATED CO-COMMISSIONING,SELBORNE ROAD MEDICAL CENTRE,25487123,"1,735.42 "
Department of Health,NHS Sheffield CCG,31/01/2019,C&M-PMS Prem Rates,PRC DELEGATED CO-COMMISSIONING,SELBORNE ROAD MEDICAL CENTRE,25487123,588.00 
Department of Health,NHS Sheffield CCG,31/01/2019,C&M-PMS QOF Aspiration,PRC DELEGATED CO-COMMISSIONING,SELBORNE ROAD MEDICAL CENTRE,25487123,"2,043.75 "
Department of Health,NHS Sheffield CCG,31/01/2019,Cont Care-Physical Disab (<65),CHC ADULT FULLY FUNDED,SEVEN HILLS NURSING HOME,25444803,"43,371.60 "
Department of Health,NHS Sheffield CCG,31/01/2019,C&M-GMS Cost of Drugs -Prescribing,LOCAL ENHANCED SERVICES,SHARROW LANE MEDICAL CENTRE,25725764,"2,711.05 "
Department of Health,NHS Sheffield CCG,31/01/2019,C&M-GMS Global Sum,PRC DELEGATED CO-COMMISSIONING,SHARROW LANE MEDICAL CENTRE,25725764,"23,195.59 "
Department of Health,NHS Sheffield CCG,31/01/2019,C&M-GMS MPIG Correction Factor,PRC DELEGATED CO-COMMISSIONING,SHARROW LANE MEDICAL CENTRE,25725764,"1,960.32 "
Department of Health,NHS Sheffield CCG,31/01/2019,C&M-GMS PCO Other,PRC DELEGATED CO-COMMISSIONING,SHARROW LANE MEDICAL CENTRE,25725764,302.53 
Department of Health,NHS Sheffield CCG,31/01/2019,C&M-GMS Prem Notional Rent,PRC DELEGATED CO-COMMISSIONING,SHARROW LANE MEDICAL CENTRE,25725764,"2,741.66 "
Department of Health,NHS Sheffield CCG,31/01/2019,C&M-GMS Prem Rates,PRC DELEGATED CO-COMMISSIONING,SHARROW LANE MEDICAL CENTRE,25725764,517.00 
Department of Health,NHS Sheffield CCG,31/01/2019,C&M-GMS Prem Water Rates,PRC DELEGATED CO-COMMISSIONING,SHARROW LANE MEDICAL CENTRE,25725764,104.21 
Department of Health,NHS Sheffield CCG,31/01/2019,C&M-GMS Prof Fees Prescribing,PRC DELEGATED CO-COMMISSIONING,SHARROW LANE MEDICAL CENTRE,25725764,657.92 
Department of Health,NHS Sheffield CCG,31/01/2019,Hcare Srv Rec Fdtn Trust-CQUIN,ACUTE CHILDRENS SERVICES,SHEFFIELD CHILDRENS NHS FOUNDATION TRUST,25388903,"43,223.00 "
Department of Health,NHS Sheffield CCG,31/01/2019,Hcare Srv Rec Fdtn Trust-CQUIN,COMMUNITY SERVICES,SHEFFIELD CHILDRENS NHS FOUNDATION TRUST,25388903,"3,550.00 "
Department of Health,NHS Sheffield CCG,31/01/2019,Hcare Srv Rec Fdtn Trust-Contract Baseline,ACUTE CHILDRENS SERVICES,SHEFFIELD CHILDRENS NHS FOUNDATION TRUST,25388903,"(35,147.23)"
Department of Health,NHS Sheffield CCG,31/01/2019,Hcare Srv Rec Fdtn Trust-Contract Baseline,CHILD AND ADOLESCENT MENTAL HEALTH,SHEFFIELD CHILDRENS NHS FOUNDATION TRUST,25388903,"135,993.00 "
Department of Health,NHS Sheffield CCG,31/01/2019,Hcare Srv Rec Fdtn Trust-Contract Baseline,COMMUNITY SERVICES,SHEFFIELD CHILDRENS NHS FOUNDATION TRUST,25388903,"(17,364.00)"
Department of Health,NHS Sheffield CCG,31/01/2019,Hcare Srv Rec Fdtn Trust-Contract Baseline,HIGH COST DRUGS,SHEFFIELD CHILDRENS NHS FOUNDATION TRUST,25388903,"(1,825.00)"
Department of Health,NHS Sheffield CCG,31/01/2019,Hcare Srv Rec Fdtn Trust-Contract Baseline,PLANNED CARE,SHEFFIELD CHILDRENS NHS FOUNDATION TRUST,25388903,"145,697.00 "
Department of Health,NHS Sheffield CCG,31/01/2019,Hcare Srv Rec Fdtn Trust-Contract Baseline,SAFEGUARDING,SHEFFIELD CHILDRENS NHS FOUNDATION TRUST,25388903,"(8,174.00)"
Department of Health,NHS Sheffield CCG,31/01/2019,Hcare Srv Rec Fdtn Trust-Contract Baseline,URGENT CARE,SHEFFIELD CHILDRENS NHS FOUNDATION TRUST,25388903,"240,994.00 "
Department of Health,NHS Sheffield CCG,31/01/2019,Hcare Srv Rec Fdtn Trust-CQUIN,ACUTE CHILDRENS SERVICES,SHEFFIELD CHILDRENS NHS FOUNDATION TRUST,25615194,"33,781.00 "
Department of Health,NHS Sheffield CCG,31/01/2019,Hcare Srv Rec Fdtn Trust-CQUIN,COMMUNITY SERVICES,SHEFFIELD CHILDRENS NHS FOUNDATION TRUST,25615194,"3,984.00 "
Department of Health,NHS Sheffield CCG,31/01/2019,Hcare Srv Rec Fdtn Trust-Contract Baseline,ACUTE CHILDRENS SERVICES,SHEFFIELD CHILDRENS NHS FOUNDATION TRUST,25615194,"259,425.79 "
Department of Health,NHS Sheffield CCG,31/01/2019,Hcare Srv Rec Fdtn Trust-Contract Baseline,CHILD AND ADOLESCENT MENTAL HEALTH,SHEFFIELD CHILDRENS NHS FOUNDATION TRUST,25615194,"429,451.00 "
Department of Health,NHS Sheffield CCG,31/01/2019,Hcare Srv Rec Fdtn Trust-Contract Baseline,COMMUNITY SERVICES,SHEFFIELD CHILDRENS NHS FOUNDATION TRUST,25615194,"318,731.00 "
Department of Health,NHS Sheffield CCG,31/01/2019,Hcare Srv Rec Fdtn Trust-Contract Baseline,HIGH COST DRUGS,SHEFFIELD CHILDRENS NHS FOUNDATION TRUST,25615194,"62,433.00 "
Department of Health,NHS Sheffield CCG,31/01/2019,Hcare Srv Rec Fdtn Trust-Contract Baseline,MENTAL HEALTH CONTRACTS,SHEFFIELD CHILDRENS NHS FOUNDATION TRUST,25615194,"5,096.00 "
Department of Health,NHS Sheffield CCG,31/01/2019,Hcare Srv Rec Fdtn Trust-Contract Baseline,PLANNED CARE,SHEFFIELD CHILDRENS NHS FOUNDATION TRUST,25615194,"956,921.00 "
Department of Health,NHS Sheffield CCG,31/01/2019,Hcare Srv Rec Fdtn Trust-Contract Baseline,SAFEGUARDING,SHEFFIELD CHILDRENS NHS FOUNDATION TRUST,25615194,"33,664.00 "
Department of Health,NHS Sheffield CCG,31/01/2019,Hcare Srv Rec Fdtn Trust-Contract Baseline,URGENT CARE,SHEFFIELD CHILDRENS NHS FOUNDATION TRUST,25615194,"983,413.00 "
Department of Health,NHS Sheffield CCG,31/01/2019,Services From Local Authorities,MENTAL HEALTH SERVICES - COLLABORATIVE COMMISSIONING,SHEFFIELD CITY COUNCIL,25513397,"26,678.20 "
Department of Health,NHS Sheffield CCG,31/01/2019,Cont Care- Children,CHC CHILDREN,SHEFFIELD CITY COUNCIL,25528030,"44,317.34 "
Department of Health,NHS Sheffield CCG,31/01/2019,Cont Care-Physical Disab (65+),CHC ADULT FULLY FUNDED,SHEFFIELD CITY COUNCIL,25552735,"807,112.10 "
Department of Health,NHS Sheffield CCG,31/01/2019,Clinical&Medical-Othe Public Sector,COMMUNITY SERVICES,SHEFFIELD CITY COUNCIL,25585615,"21,831.00 "
Department of Health,NHS Sheffield CCG,31/01/2019,Clinical&Medical-Othe Public Sector,MENTAL HEALTH SERVICES - COLLABORATIVE COMMISSIONING,SHEFFIELD CITY COUNCIL,25585615,"(10,581.00)"
Department of Health,NHS Sheffield CCG,31/01/2019,Clinical&Medical-Othe Public Sector,REABLEMENT,SHEFFIELD CITY COUNCIL,25585615,"160,416.00 "
Department of Health,NHS Sheffield CCG,31/01/2019,Clinical&Medical-Othe Public Sector,SAFEGUARDING,SHEFFIELD CITY COUNCIL,25585615,"15,324.00 "
Department of Health,NHS Sheffield CCG,31/01/2019,Soc Care-Joint H&C Teams/Working,INTERMEDIATE CARE,SHEFFIELD CITY COUNCIL,25585615,"151,448.00 "
Department of Health,NHS Sheffield CCG,31/01/2019,Soc Care-Other Soc Care,COMMUNITY SERVICES,SHEFFIELD CITY COUNCIL,25585615,"1,467,750.00 "
Department of Health,NHS Sheffield CCG,31/01/2019,Soc Care-Support Prim Care,COMMUNITY SERVICES,SHEFFIELD CITY COUNCIL,25585615,"58,000.00 "
Department of Health,NHS Sheffield CCG,31/01/2019,Programme Support Costs,COUNSELLING SERVICES,SHEFFIELD CITY COUNCIL,25711430,"100,000.00 "
Department of Health,NHS Sheffield CCG,31/01/2019,External Consultancy Fees,BEREAVEMENT SERVICE,SHEFFIELD HEALTH & SOCIAL CARE NHS FOUNDATION TRUST,25404878,"43,000.00 "
Department of Health,NHS Sheffield CCG,31/01/2019,C&M-APMS Contract Value,PRC DELEGATED CO-COMMISSIONING,SHEFFIELD HEALTH & SOCIAL CARE NHS FOUNDATION TRUST,25488562,"124,128.29 "
Department of Health,NHS Sheffield CCG,31/01/2019,C&M-APMS OOH Opt Outs,PRC DELEGATED CO-COMMISSIONING,SHEFFIELD HEALTH & SOCIAL CARE NHS FOUNDATION TRUST,25488562,5.00 
Department of Health,NHS Sheffield CCG,31/01/2019,C&M-APMS Prem Actual Rent,PRC DELEGATED CO-COMMISSIONING,SHEFFIELD HEALTH & SOCIAL CARE NHS FOUNDATION TRUST,25488562,"5,169.68 "
Department of Health,NHS Sheffield CCG,31/01/2019,C&M-APMS Prem Healthcentre Rent,PRC DELEGATED CO-COMMISSIONING,SHEFFIELD HEALTH & SOCIAL CARE NHS FOUNDATION TRUST,25488562,"59,021.14 "
Department of Health,NHS Sheffield CCG,31/01/2019,C&M-APMS Prem Notional Rent,PRC DELEGATED CO-COMMISSIONING,SHEFFIELD HEALTH & SOCIAL CARE NHS FOUNDATION TRUST,25488562,"2,804.17 "
Department of Health,NHS Sheffield CCG,31/01/2019,C&M-PMS Contract Value,PRC DELEGATED CO-COMMISSIONING,SHEFFIELD HEALTH & SOCIAL CARE NHS FOUNDATION TRUST,25488562,"2,915.63 "
Department of Health,NHS Sheffield CCG,31/01/2019,C&M-PMS Out of Hours Opt Outs,PRC DELEGATED CO-COMMISSIONING,SHEFFIELD HEALTH & SOCIAL CARE NHS FOUNDATION TRUST,25488562,107.98 
Department of Health,NHS Sheffield CCG,31/01/2019,C&M-PMS QOF Aspiration,PRC DELEGATED CO-COMMISSIONING,SHEFFIELD HEALTH & SOCIAL CARE NHS FOUNDATION TRUST,25488562,"11,714.38 "
Department of Health,NHS Sheffield CCG,31/01/2019,C&M-APMS Contract Value,PRC DELEGATED CO-COMMISSIONING,SHEFFIELD HEALTH & SOCIAL CARE NHS FOUNDATION TRUST,25488566,"27,406.29 "
Department of Health,NHS Sheffield CCG,31/01/2019,C&M-APMS OOH Opt Outs,PRC DELEGATED CO-COMMISSIONING,SHEFFIELD HEALTH & SOCIAL CARE NHS FOUNDATION TRUST,25488566,8.11 
Department of Health,NHS Sheffield CCG,31/01/2019,C&M-PMS Contract Value,PRC DELEGATED CO-COMMISSIONING,SHEFFIELD HEALTH & SOCIAL CARE NHS FOUNDATION TRUST,25488566,639.51 
Department of Health,NHS Sheffield CCG,31/01/2019,C&M-PMS Out of Hours Opt Outs,PRC DELEGATED CO-COMMISSIONING,SHEFFIELD HEALTH & SOCIAL CARE NHS FOUNDATION TRUST,25488566,23.68 
Department of Health,NHS Sheffield CCG,31/01/2019,C&M-PMS QOF Aspiration,PRC DELEGATED CO-COMMISSIONING,SHEFFIELD HEALTH & SOCIAL CARE NHS FOUNDATION TRUST,25488566,"1,425.29 "
Department of Health,NHS Sheffield CCG,31/01/2019,Hcare Srv Rec Fdtn Trust-Contract Baseline,MENTAL HEALTH CONTRACTS,SHEFFIELD HEALTH & SOCIAL CARE NHS FOUNDATION TRUST,25615346,"440,000.00 "
Department of Health,NHS Sheffield CCG,31/01/2019,Hcare Srv Rec Fdtn Trust-Contract Baseline,MENTAL HEALTH CONTRACTS,SHEFFIELD HEALTH & SOCIAL CARE NHS FOUNDATION TRUST,25615390,"6,391,179.25 "
Department of Health,NHS Sheffield CCG,31/01/2019,Cont Care-NHSFT-Adult 100% Funded,CHC ADULT FULLY FUNDED,SHEFFIELD HEALTH & SOCIAL CARE NHS FOUNDATION TRUST,25689529,"240,830.02 "
Department of Health,NHS Sheffield CCG,31/01/2019,Hcare Srv Rec Fdtn Trust-Contract Baseline,ACUTE COMMISSIONING,SHEFFIELD TEACHING HOSPITALS NHS FOUNDATION TRUST,25388714,"3,905,387.00 "
Department of Health,NHS Sheffield CCG,31/01/2019,Hcare Srv Rec Fdtn Trust-Contract Baseline,ACUTE COMMISSIONING,SHEFFIELD TEACHING HOSPITALS NHS FOUNDATION TRUST,25388716,"1,280,879.00 "
Department of Health,NHS Sheffield CCG,31/01/2019,Hcare Srv Rec Fdtn Trust-Contract Baseline,ACUTE COMMISSIONING,SHEFFIELD TEACHING HOSPITALS NHS FOUNDATION TRUST,25388719,"27,862,482.00 "
Department of Health,NHS Sheffield CCG,31/01/2019,Hcare Srv Rec Fdtn Trust-Contract Baseline,ACUTE COMMISSIONING,SHEFFIELD TEACHING HOSPITALS NHS FOUNDATION TRUST,25552899,"750,000.00 "
Department of Health,NHS Sheffield CCG,31/01/2019,Hcare Srv Rec Fdtn Trust-Contract Baseline,ACUTE COMMISSIONING,SHEFFIELD TEACHING HOSPITALS NHS FOUNDATION TRUST,25798652,"336,801.00 "
Department of Health,NHS Sheffield CCG,31/01/2019,Hcare Srv Rec Fdtn Trust-Contract Baseline,ACUTE COMMISSIONING,SHEFFIELD TEACHING HOSPITALS NHS FOUNDATION TRUST,25798655,"1,280,880.00 "
Department of Health,NHS Sheffield CCG,31/01/2019,Hcare Srv Rec Fdtn Trust-Contract Baseline,ACUTE COMMISSIONING,SHEFFIELD TEACHING HOSPITALS NHS FOUNDATION TRUST,25798657,"3,905,387.00 "
Department of Health,NHS Sheffield CCG,31/01/2019,Hcare Srv Rec Fdtn Trust-Contract Baseline,ACUTE COMMISSIONING,SHEFFIELD TEACHING HOSPITALS NHS FOUNDATION TRUST,25798660,"27,862,481.00 "
Department of Health,NHS Sheffield CCG,31/01/2019,Hcare Srv Rec Fdtn Trust-Non Contract,COMMISSIONING - NON ACUTE,SHEFFIELD TEACHING HOSPITALS NHS FOUNDATION TRUST,25798715,"171,800.00 "
Department of Health,NHS Sheffield CCG,31/01/2019,Other Gen Supplies & Srv,BEREAVEMENT SERVICE,SHEFFIELD TEACHING HOSPITALS NHS FOUNDATION TRUST,25798748,"70,000.00 "
Department of Health,NHS Sheffield CCG,31/01/2019,C&M-GMS Cost of Drugs -Prescribing,LOCAL ENHANCED SERVICES,SHIREGREEN MEDICAL CENTRE,25725772,"6,896.73 "
Department of Health,NHS Sheffield CCG,31/01/2019,C&M-GMS Global Sum,PRC DELEGATED CO-COMMISSIONING,SHIREGREEN MEDICAL CENTRE,25725772,"58,730.53 "
Department of Health,NHS Sheffield CCG,31/01/2019,C&M-GMS MPIG Correction Factor,PRC DELEGATED CO-COMMISSIONING,SHIREGREEN MEDICAL CENTRE,25725772,453.69 
Department of Health,NHS Sheffield CCG,31/01/2019,C&M-GMS PCO Other,PRC DELEGATED CO-COMMISSIONING,SHIREGREEN MEDICAL CENTRE,25725772,552.24 
Department of Health,NHS Sheffield CCG,31/01/2019,C&M-GMS Prem Cost Rent,PRC DELEGATED CO-COMMISSIONING,SHIREGREEN MEDICAL CENTRE,25725772,"1,792.33 "
Department of Health,NHS Sheffield CCG,31/01/2019,C&M-GMS Prem Notional Rent,PRC DELEGATED CO-COMMISSIONING,SHIREGREEN MEDICAL CENTRE,25725772,"5,375.00 "
Department of Health,NHS Sheffield CCG,31/01/2019,C&M-GMS Prem Rates,PRC DELEGATED CO-COMMISSIONING,SHIREGREEN MEDICAL CENTRE,25725772,"1,844.00 "
Department of Health,NHS Sheffield CCG,31/01/2019,C&M-GMS Prof Fees Prescribing,PRC DELEGATED CO-COMMISSIONING,SHIREGREEN MEDICAL CENTRE,25725772,"1,753.04 "
Department of Health,NHS Sheffield CCG,31/01/2019,C&M-PMS Contract Value,PRC DELEGATED CO-COMMISSIONING,SLOAN MEDICAL CENTRE,25487127,"94,225.19 "
Department of Health,NHS Sheffield CCG,31/01/2019,C&M-PMS PCO Other,PRC DELEGATED CO-COMMISSIONING,SLOAN MEDICAL CENTRE,25487127,879.11 
Department of Health,NHS Sheffield CCG,31/01/2019,C&M-PMS Prem Actual Rent,PRC DELEGATED CO-COMMISSIONING,SLOAN MEDICAL CENTRE,25487127,"15,535.83 "
Department of Health,NHS Sheffield CCG,31/01/2019,C&M-PMS Prem Notional Rent,PRC DELEGATED CO-COMMISSIONING,SLOAN MEDICAL CENTRE,25487127,608.33 
Department of Health,NHS Sheffield CCG,31/01/2019,C&M-PMS Prem Rates,PRC DELEGATED CO-COMMISSIONING,SLOAN MEDICAL CENTRE,25487127,"3,083.00 "
Department of Health,NHS Sheffield CCG,31/01/2019,C&M-PMS QOF Aspiration,PRC DELEGATED CO-COMMISSIONING,SLOAN MEDICAL CENTRE,25487127,"9,952.56 "
Department of Health,NHS Sheffield CCG,31/01/2019,C&M-PMS Contract Value,PRC DELEGATED CO-COMMISSIONING,SOTHALL MEDICAL CENTRE,25487129,"71,233.54 "
Department of Health,NHS Sheffield CCG,31/01/2019,C&M-PMS Out of Hours Opt Outs,PRC DELEGATED CO-COMMISSIONING,SOTHALL MEDICAL CENTRE,25487129,2.83 
Department of Health,NHS Sheffield CCG,31/01/2019,C&M-PMS PCO Other,PRC DELEGATED CO-COMMISSIONING,SOTHALL MEDICAL CENTRE,25487129,701.89 
Department of Health,NHS Sheffield CCG,31/01/2019,C&M-PMS Prem Notional Rent,PRC DELEGATED CO-COMMISSIONING,SOTHALL MEDICAL CENTRE,25487129,"5,116.67 "
Department of Health,NHS Sheffield CCG,31/01/2019,C&M-PMS Prem Rates,PRC DELEGATED CO-COMMISSIONING,SOTHALL MEDICAL CENTRE,25487129,"1,251.00 "
Department of Health,NHS Sheffield CCG,31/01/2019,C&M-PMS Prem Water Rates,PRC DELEGATED CO-COMMISSIONING,SOTHALL MEDICAL CENTRE,25487129,134.46 
Department of Health,NHS Sheffield CCG,31/01/2019,C&M-PMS QOF Aspiration,PRC DELEGATED CO-COMMISSIONING,SOTHALL MEDICAL CENTRE,25487129,"8,691.35 "
Department of Health,NHS Sheffield CCG,31/01/2019,Cont Care-Physical Disab (<65),CHC ADULT FULLY FUNDED,SOUTH YORKSHIRE HOUSING ASSOCIATION LTD,25444794,"120,285.09 "
Department of Health,NHS Sheffield CCG,31/01/2019,Cont Care- Adult 100% Fully Funded,CHC ADULT FULLY FUNDED,SOUTH YORKSHIRE HOUSING ASSOCIATION LTD,25444811,"25,500.00 "
Department of Health,NHS Sheffield CCG,31/01/2019,Clinical&Medical-Independent Sector,MENTAL HEALTH CONTRACTS,SOUTH YORKSHIRE HOUSING ASSOCIATION LTD,25552662,"34,435.00 "
Department of Health,NHS Sheffield CCG,31/01/2019,C&M-PMS Contract Value,PRC DELEGATED CO-COMMISSIONING,SOUTHEY GREEN MEDICAL CENTRE,25487131,"26,388.53 "
Department of Health,NHS Sheffield CCG,31/01/2019,C&M-PMS Out of Hours Opt Outs,PRC DELEGATED CO-COMMISSIONING,SOUTHEY GREEN MEDICAL CENTRE,25487131,42.83 
Department of Health,NHS Sheffield CCG,31/01/2019,C&M-PMS Prem Notional Rent,PRC DELEGATED CO-COMMISSIONING,SOUTHEY GREEN MEDICAL CENTRE,25487131,"3,362.50 "
Department of Health,NHS Sheffield CCG,31/01/2019,C&M-PMS Prem Rates,PRC DELEGATED CO-COMMISSIONING,SOUTHEY GREEN MEDICAL CENTRE,25487131,"1,152.00 "
Department of Health,NHS Sheffield CCG,31/01/2019,C&M-PMS QOF Aspiration,PRC DELEGATED CO-COMMISSIONING,SOUTHEY GREEN MEDICAL CENTRE,25487131,"2,539.36 "
Department of Health,NHS Sheffield CCG,31/01/2019,Clinical&Medical-Independent Sector,NCAS/OATS,SPAMEDICA LTD,25711260,"60,330.78 "
Department of Health,NHS Sheffield CCG,31/01/2019,Clinical&Medical-Independent Sector,NCAS/OATS,SPAMEDICA LTD,25752570,"78,319.42 "
Department of Health,NHS Sheffield CCG,31/01/2019,C&M-GMS Global Sum,PRC DELEGATED CO-COMMISSIONING,STANNINGTON MEDICAL CENTRE,25725776,"24,884.90 "
Department of Health,NHS Sheffield CCG,31/01/2019,C&M-GMS PCO Other,PRC DELEGATED CO-COMMISSIONING,STANNINGTON MEDICAL CENTRE,25725776,257.66 
Department of Health,NHS Sheffield CCG,31/01/2019,C&M-GMS Prem Notional Rent,PRC DELEGATED CO-COMMISSIONING,STANNINGTON MEDICAL CENTRE,25725776,"2,575.00 "
Department of Health,NHS Sheffield CCG,31/01/2019,C&M-GMS Prem Rates,PRC DELEGATED CO-COMMISSIONING,STANNINGTON MEDICAL CENTRE,25725776,368.00 
Department of Health,NHS Sheffield CCG,31/01/2019,C&M-GMS Prem Water Rates,PRC DELEGATED CO-COMMISSIONING,STANNINGTON MEDICAL CENTRE,25725776,204.76 
Department of Health,NHS Sheffield CCG,31/01/2019,C&M-GMS Cost of Drugs -Prescribing,LOCAL ENHANCED SERVICES,STONECROFT MEDICAL CENTRE,25725774,"1,377.24 "
Department of Health,NHS Sheffield CCG,31/01/2019,C&M-GMS Global Sum,PRC DELEGATED CO-COMMISSIONING,STONECROFT MEDICAL CENTRE,25725774,"31,680.53 "
Department of Health,NHS Sheffield CCG,31/01/2019,C&M-GMS MPIG Correction Factor,PRC DELEGATED CO-COMMISSIONING,STONECROFT MEDICAL CENTRE,25725774,618.25 
Department of Health,NHS Sheffield CCG,31/01/2019,C&M-GMS PCO Other,PRC DELEGATED CO-COMMISSIONING,STONECROFT MEDICAL CENTRE,25725774,315.78 
Department of Health,NHS Sheffield CCG,31/01/2019,C&M-GMS Prem Notional Rent,PRC DELEGATED CO-COMMISSIONING,STONECROFT MEDICAL CENTRE,25725774,"2,808.33 "
Department of Health,NHS Sheffield CCG,31/01/2019,C&M-GMS Prem Rates,PRC DELEGATED CO-COMMISSIONING,STONECROFT MEDICAL CENTRE,25725774,"1,188.00 "
Department of Health,NHS Sheffield CCG,31/01/2019,C&M-GMS Prof Fees Prescribing,PRC DELEGATED CO-COMMISSIONING,STONECROFT MEDICAL CENTRE,25725774,159.34 
Department of Health,NHS Sheffield CCG,31/01/2019,Cont Care-Physical Disab (<65),CHC ADULT FULLY FUNDED,SUSASH GB LTD T/A EAGLE HOUSE,25444775,"25,239.85 "
Department of Health,NHS Sheffield CCG,31/01/2019,Clinical&Medical-Independent Sector,MENTAL HEALTH CONTRACTS,SUSASH GB LTD T/A EAGLE HOUSE,25552657,"30,092.00 "
Department of Health,NHS Sheffield CCG,31/01/2019,C&M-GMS Global Sum,PRC DELEGATED CO-COMMISSIONING,TOTLEY RISE MEDICAL CENTRE,25742156,"24,336.38 "
Department of Health,NHS Sheffield CCG,31/01/2019,C&M-GMS MPIG Correction Factor,PRC DELEGATED CO-COMMISSIONING,TOTLEY RISE MEDICAL CENTRE,25742156,103.13 
Department of Health,NHS Sheffield CCG,31/01/2019,C&M-GMS Prem Notional Rent,PRC DELEGATED CO-COMMISSIONING,TOTLEY RISE MEDICAL CENTRE,25742156,"1,491.67 "
Department of Health,NHS Sheffield CCG,31/01/2019,C&M-GMS Prem Rates,PRC DELEGATED CO-COMMISSIONING,TOTLEY RISE MEDICAL CENTRE,25742156,151.00 
Department of Health,NHS Sheffield CCG,31/01/2019,C&M-GMS Cost of Drugs -Prescribing,LOCAL ENHANCED SERVICES,TRAMWAYS MEDICAL CENTRE,25725778,"8,939.31 "
Department of Health,NHS Sheffield CCG,31/01/2019,C&M-GMS Global Sum,PRC DELEGATED CO-COMMISSIONING,TRAMWAYS MEDICAL CENTRE,25725778,"60,811.03 "
Department of Health,NHS Sheffield CCG,31/01/2019,C&M-GMS PCO Other,PRC DELEGATED CO-COMMISSIONING,TRAMWAYS MEDICAL CENTRE,25725778,597.78 
Department of Health,NHS Sheffield CCG,31/01/2019,C&M-GMS Prem Cost Rent,PRC DELEGATED CO-COMMISSIONING,TRAMWAYS MEDICAL CENTRE,25725778,"4,012.75 "
Department of Health,NHS Sheffield CCG,31/01/2019,C&M-GMS Prem Rates,PRC DELEGATED CO-COMMISSIONING,TRAMWAYS MEDICAL CENTRE,25725778,980.00 
Department of Health,NHS Sheffield CCG,31/01/2019,C&M-GMS Prem Water Rates,PRC DELEGATED CO-COMMISSIONING,TRAMWAYS MEDICAL CENTRE,25725778,584.01 
Department of Health,NHS Sheffield CCG,31/01/2019,C&M-GMS Prof Fees Prescribing,PRC DELEGATED CO-COMMISSIONING,TRAMWAYS MEDICAL CENTRE,25725778,"1,923.17 "
Department of Health,NHS Sheffield CCG,31/01/2019,Cont Care-Funded Nursing Care Allow,FUNDED NURSING CARE,ULTIMA CARE CENTRES (NO1) LTD,25466045,"36,308.88 "
Department of Health,NHS Sheffield CCG,31/01/2019,Hcare Srv Rec NHS Trust-Contract Baseline,ACUTE COMMISSIONING,UNITED LINCOLNSHIRE HOSPITALS NHS TRUST,25552619,"54,794.60 "
Department of Health,NHS Sheffield CCG,31/01/2019,C&M-PMS Contract Value,PRC DELEGATED CO-COMMISSIONING,UNIVERSITY HEALTH SERVICE,25487140,"192,415.94 "
Department of Health,NHS Sheffield CCG,31/01/2019,C&M-PMS Out of Hours Opt Outs,PRC DELEGATED CO-COMMISSIONING,UNIVERSITY HEALTH SERVICE,25487140,440.96 
Department of Health,NHS Sheffield CCG,31/01/2019,C&M-PMS Prem Notional Rent,PRC DELEGATED CO-COMMISSIONING,UNIVERSITY HEALTH SERVICE,25487140,"15,833.33 "
Department of Health,NHS Sheffield CCG,31/01/2019,C&M-PMS QOF Aspiration,PRC DELEGATED CO-COMMISSIONING,UNIVERSITY HEALTH SERVICE,25487140,"3,984.72 "
Department of Health,NHS Sheffield CCG,31/01/2019,C&M-GMS LES Equitable Funding,LOCAL ENHANCED SERVICES,UNIVERSITY HEALTH SERVICE,25689300,"26,202.00 "
Department of Health,NHS Sheffield CCG,31/01/2019,Other Research Exp,CLINICAL GOVERNANCE,UNIVERSITY OF SHEFFIELD,25388707,"64,581.63 "
Department of Health,NHS Sheffield CCG,31/01/2019,C&M-GMS Cost of Drugs -Prescribing,LOCAL ENHANCED SERVICES,UPPERTHORPE MEDICAL CENTRE,25725781,"13,695.18 "
Department of Health,NHS Sheffield CCG,31/01/2019,C&M-GMS Global Sum,PRC DELEGATED CO-COMMISSIONING,UPPERTHORPE MEDICAL CENTRE,25725781,"81,133.18 "
Department of Health,NHS Sheffield CCG,31/01/2019,C&M-GMS MPIG Correction Factor,PRC DELEGATED CO-COMMISSIONING,UPPERTHORPE MEDICAL CENTRE,25725781,"1,325.74 "
Department of Health,NHS Sheffield CCG,31/01/2019,C&M-GMS Prem Notional Rent,PRC DELEGATED CO-COMMISSIONING,UPPERTHORPE MEDICAL CENTRE,25725781,"2,497.83 "
Department of Health,NHS Sheffield CCG,31/01/2019,C&M-GMS Prem Rates,PRC DELEGATED CO-COMMISSIONING,UPPERTHORPE MEDICAL CENTRE,25725781,"2,338.00 "
Department of Health,NHS Sheffield CCG,31/01/2019,C&M-GMS Prem Water Rates,PRC DELEGATED CO-COMMISSIONING,UPPERTHORPE MEDICAL CENTRE,25725781,151.57 
Department of Health,NHS Sheffield CCG,31/01/2019,C&M-GMS Prof Fees Prescribing,PRC DELEGATED CO-COMMISSIONING,UPPERTHORPE MEDICAL CENTRE,25725781,"2,909.24 "
Department of Health,NHS Sheffield CCG,31/01/2019,C&M-PMS Contract Value,PRC DELEGATED CO-COMMISSIONING,UPWELL STREET SURGERY,25487143,"37,659.26 "
Department of Health,NHS Sheffield CCG,31/01/2019,C&M-PMS Out of Hours Opt Outs,PRC DELEGATED CO-COMMISSIONING,UPWELL STREET SURGERY,25487143,17.00 
Department of Health,NHS Sheffield CCG,31/01/2019,C&M-PMS PCO Other,PRC DELEGATED CO-COMMISSIONING,UPWELL STREET SURGERY,25487143,357.44 
Department of Health,NHS Sheffield CCG,31/01/2019,C&M-PMS Prem Notional Rent,PRC DELEGATED CO-COMMISSIONING,UPWELL STREET SURGERY,25487143,"8,137.50 "
Department of Health,NHS Sheffield CCG,31/01/2019,C&M-PMS Prem Rates,PRC DELEGATED CO-COMMISSIONING,UPWELL STREET SURGERY,25487143,"1,265.00 "
Department of Health,NHS Sheffield CCG,31/01/2019,C&M-PMS QOF Aspiration,PRC DELEGATED CO-COMMISSIONING,UPWELL STREET SURGERY,25487143,"4,294.99 "
Department of Health,NHS Sheffield CCG,31/01/2019,C&M-PMS Contract Value,PRC DELEGATED CO-COMMISSIONING,VALLEY MEDICAL CENTRE,25487145,"78,034.72 "
Department of Health,NHS Sheffield CCG,31/01/2019,C&M-PMS Out of Hours Opt Outs,PRC DELEGATED CO-COMMISSIONING,VALLEY MEDICAL CENTRE,25487145,7.70 
Department of Health,NHS Sheffield CCG,31/01/2019,C&M-PMS Prem Rates,PRC DELEGATED CO-COMMISSIONING,VALLEY MEDICAL CENTRE,25487145,"1,823.31 "
Department of Health,NHS Sheffield CCG,31/01/2019,C&M-PMS QOF Aspiration,PRC DELEGATED CO-COMMISSIONING,VALLEY MEDICAL CENTRE,25487145,"8,516.48 "
Department of Health,NHS Sheffield CCG,31/01/2019,C&M-GMS Cost of Drugs -Prescribing,LOCAL ENHANCED SERVICES,WALKLEY HOUSE MEDICAL CENTRE,25725786,"9,317.85 "
Department of Health,NHS Sheffield CCG,31/01/2019,C&M-GMS Global Sum,PRC DELEGATED CO-COMMISSIONING,WALKLEY HOUSE MEDICAL CENTRE,25725786,"84,194.56 "
Department of Health,NHS Sheffield CCG,31/01/2019,C&M-GMS Prem Notional Rent,PRC DELEGATED CO-COMMISSIONING,WALKLEY HOUSE MEDICAL CENTRE,25725786,"5,635.50 "
Department of Health,NHS Sheffield CCG,31/01/2019,C&M-GMS Prem Rates,PRC DELEGATED CO-COMMISSIONING,WALKLEY HOUSE MEDICAL CENTRE,25725786,"1,779.00 "
Department of Health,NHS Sheffield CCG,31/01/2019,C&M-GMS Prof Fees Prescribing,PRC DELEGATED CO-COMMISSIONING,WALKLEY HOUSE MEDICAL CENTRE,25725786,"2,341.27 "
Department of Health,NHS Sheffield CCG,31/01/2019,C&M-GMS Cost of Drugs -Prescribing,LOCAL ENHANCED SERVICES,WHITE HOUSE SURGERY SHEFFIELD,25725784,"5,022.71 "
Department of Health,NHS Sheffield CCG,31/01/2019,C&M-GMS Global Sum,PRC DELEGATED CO-COMMISSIONING,WHITE HOUSE SURGERY SHEFFIELD,25725784,"50,317.55 "
Department of Health,NHS Sheffield CCG,31/01/2019,C&M-GMS MPIG Correction Factor,PRC DELEGATED CO-COMMISSIONING,WHITE HOUSE SURGERY SHEFFIELD,25725784,"1,391.30 "
Department of Health,NHS Sheffield CCG,31/01/2019,C&M-GMS Prem Notional Rent,PRC DELEGATED CO-COMMISSIONING,WHITE HOUSE SURGERY SHEFFIELD,25725784,"9,104.17 "
Department of Health,NHS Sheffield CCG,31/01/2019,C&M-GMS Prem Rates,PRC DELEGATED CO-COMMISSIONING,WHITE HOUSE SURGERY SHEFFIELD,25725784,"2,211.00 "
Department of Health,NHS Sheffield CCG,31/01/2019,C&M-GMS Prof Fees Prescribing,PRC DELEGATED CO-COMMISSIONING,WHITE HOUSE SURGERY SHEFFIELD,25725784,"1,529.15 "
Department of Health,NHS Sheffield CCG,31/01/2019,Cont Care-Physical Disab (<65),CHC ADULT FULLY FUNDED,WILLOWBECK HEALTH CARE LTD,25444767,"124,430.09 "
Department of Health,NHS Sheffield CCG,31/01/2019,C&M-PMS Contract Value,PRC DELEGATED CO-COMMISSIONING,WINCOBANK MEDICAL CENTRE,25487150,"62,037.97 "
Department of Health,NHS Sheffield CCG,31/01/2019,C&M-PMS Out of Hours Opt Outs,PRC DELEGATED CO-COMMISSIONING,WINCOBANK MEDICAL CENTRE,25487150,3.43 
Department of Health,NHS Sheffield CCG,31/01/2019,C&M-PMS Prem Healthcentre Rent,PRC DELEGATED CO-COMMISSIONING,WINCOBANK MEDICAL CENTRE,25487150,"44,024.50 "
Department of Health,NHS Sheffield CCG,31/01/2019,C&M-PMS QOF Aspiration,PRC DELEGATED CO-COMMISSIONING,WINCOBANK MEDICAL CENTRE,25487150,"6,309.99 "
Department of Health,NHS Sheffield CCG,31/01/2019,C&M-PMS Contract Value,PRC DELEGATED CO-COMMISSIONING,WOODHOUSE HEALTH CENTRE,25504068,"100,779.71 "
Department of Health,NHS Sheffield CCG,31/01/2019,C&M-PMS Prem Notional Rent,PRC DELEGATED CO-COMMISSIONING,WOODHOUSE HEALTH CENTRE,25504068,"6,338.58 "
Department of Health,NHS Sheffield CCG,31/01/2019,C&M-PMS Prem Water Rates,PRC DELEGATED CO-COMMISSIONING,WOODHOUSE HEALTH CENTRE,25504068,501.27 
Department of Health,NHS Sheffield CCG,31/01/2019,C&M-PMS QOF Aspiration,PRC DELEGATED CO-COMMISSIONING,WOODHOUSE HEALTH CENTRE,25504068,"13,695.89 "
Department of Health,NHS Sheffield CCG,31/01/2019,C&M-PMS Contract Value,PRC DELEGATED CO-COMMISSIONING,WOODSEATS MEDICAL CENTRE,25488564,"74,669.18 "
Department of Health,NHS Sheffield CCG,31/01/2019,C&M-PMS PCO Other,PRC DELEGATED CO-COMMISSIONING,WOODSEATS MEDICAL CENTRE,25488564,661.44 
Department of Health,NHS Sheffield CCG,31/01/2019,C&M-PMS Prem Notional Rent,PRC DELEGATED CO-COMMISSIONING,WOODSEATS MEDICAL CENTRE,25488564,"11,666.67 "
Department of Health,NHS Sheffield CCG,31/01/2019,C&M-PMS Prem Rates,PRC DELEGATED CO-COMMISSIONING,WOODSEATS MEDICAL CENTRE,25488564,"3,032.00 "
Department of Health,NHS Sheffield CCG,31/01/2019,C&M-PMS QOF Aspiration,PRC DELEGATED CO-COMMISSIONING,WOODSEATS MEDICAL CENTRE,25488564,"7,979.47 "
Department of Health,NHS Sheffield CCG,31/01/2019,C&M-APMS LES Basket of Procedures,LOCAL ENHANCED SERVICES,WOODSEATS MEDICAL CENTRE,25711279,"33,303.00 "
Department of Health,NHS Sheffield CCG,31/01/2019,Hcare Srv Rec Fdtn Trust-Non Contract,NCAS/OATS,YORK TEACHING HOSPITAL NHS FOUNDATION TRUST,25513116,"36,967.88 "
Department of Health,NHS Sheffield CCG,31/01/2019,"Books, Journals & Subscr",COUNSELLING SERVICES,YORKSHIRE & HUMBER AHSN LTD,25632400,"48,994.80 "
Department of Health,NHS Sheffield CCG,31/01/2019,Hcare Srv Rec NHS Trust-Contract Baseline,AMBULANCE SERVICES,YORKSHIRE AMBULANCE SERVICE NHS TRUST,25404357,"124,103.00 "
Department of Health,NHS Sheffield CCG,31/01/2019,Hcare Srv Rec NHS Trust-CQUIN,AMBULANCE SERVICES,YORKSHIRE AMBULANCE SERVICE NHS TRUST,25404359,"34,499.00 "
Department of Health,NHS Sheffield CCG,31/01/2019,Hcare Srv Rec NHS Trust-Contract Baseline,AMBULANCE SERVICES,YORKSHIRE AMBULANCE SERVICE NHS TRUST,25404370,"1,509,029.00 "
Department of Health,NHS Sheffield CCG,31/01/2019,Hcare Srv Rec NHS Trust-Contract Baseline,NHS 111,YORKSHIRE AMBULANCE SERVICE NHS TRUST,25404372,"114,923.00 "
Department of Health,NHS Sheffield CCG,31/01/2019,Hcare Srv Rec NHS Trust-Contract Baseline,PATIENT TRANSPORT,YORKSHIRE AMBULANCE SERVICE NHS TRUST,25404374,"245,019.60 "
Department of Health,NHS Sheffield CCG,31/01/2019,Hcare Srv Rec NHS Trust-Contract Baseline,AMBULANCE SERVICES,YORKSHIRE AMBULANCE SERVICE NHS TRUST,25632407,"147,000.00 "
,,,,,,,
