,,,,,,,,,,,
,,,,,,,,,,,
,,,,,,,,,,,
,,,,,,,,,,,
,,,,,,,,,,,
Milton Keynes CCG,,,,,,,,,,,
Financial Performance 2018/19 Month 03,,,,,,,,,,,
EXPENDITURE OVER �25K REPORT June 18,,,,,,,,,,,
,,,,,,,,,,,
RUN AT 04/07/2018 10:10:15,,,,,,,,,,,
Department family,Entity,Date,Expense Type,Expense area,Supplier,Transaction number,AP Net Amount,AP Amount,Tax Code Description,Purchase invoice number,URL
Department of Health,NHS Milton Keynes CCG,30/06/2018,Clinical&Medical-Independent Sector,COMMISSIONING - NON ACUTE,WHADDON MEDICAL CENTRE,22465502,"49,930.00","49,930.00",OUTSIDE SCOPE,WMCCAR0618,http://nww.docserv.wyss.nhs.uk/synergyiim/dist/?val=577037_4758008_20180530142706
Department of Health,NHS Milton Keynes CCG,30/06/2018,Hcare Srv Rec Fdtn Trust-CQUIN,ACUTE COMMISSIONING,GUYS & ST THOMAS HOSPITAL NHS FOUNDATION TRUST,22501179,845.08,845.08,OUTSIDE SCOPE,3240638,https://nww.einvoice-prod.sbs.nhs.uk:8179/invoicepdf/051b8a94-df79-549d-abde-2ba8b3e3484f
Department of Health,NHS Milton Keynes CCG,30/06/2018,Hcare Srv Rec Fdtn Trust-Contract Baseline,ACUTE COMMISSIONING,GUYS & ST THOMAS HOSPITAL NHS FOUNDATION TRUST,22501179,"36,828.92","36,828.92",OUTSIDE SCOPE,3240638,https://nww.einvoice-prod.sbs.nhs.uk:8179/invoicepdf/051b8a94-df79-549d-abde-2ba8b3e3484f
Department of Health,NHS Milton Keynes CCG,30/06/2018,Clinical&Medical-Independent Sector,ACUTE COMMISSIONING,BMI HEALTHCARE COLLECTIONS,22501185,"152,464.73","152,464.73",EXEMPT,0000091719,http://nww.docserv.wyss.nhs.uk/synergyiim/dist/?val=566274_4675826_20180522131025
Department of Health,NHS Milton Keynes CCG,30/06/2018,Hcare Srv Rec NHS Trust-CQUIN,ACUTE COMMISSIONING,NORTHAMPTON GENERAL HOSPITAL NHS TRUST,22501258,"2,973.00","2,973.00",OUTSIDE SCOPE,239443,http://nww.docserv.wyss.nhs.uk/synergyiim/dist/?val=572212_4720455_20180524194250
Department of Health,NHS Milton Keynes CCG,30/06/2018,Hcare Srv Rec NHS Trust-Contract Baseline,ACUTE COMMISSIONING,NORTHAMPTON GENERAL HOSPITAL NHS TRUST,22501258,"245,903.00","245,903.00",OUTSIDE SCOPE,239443,http://nww.docserv.wyss.nhs.uk/synergyiim/dist/?val=572212_4720455_20180524194250
Department of Health,NHS Milton Keynes CCG,30/06/2018,Hcare Srv Rec Fdtn Trust-Contract Baseline,ACUTE COMMISSIONING,ROYAL BROMPTON & HAREFIELD NHS FOUNDATION TRUST,22501301,"31,240.67","31,240.67",OUTSIDE SCOPE,S003760,https://nww.einvoice-prod.sbs.nhs.uk:8179/invoicepdf/e3fc9d69-2cec-5721-b325-8b683bebcbd1
Department of Health,NHS Milton Keynes CCG,30/06/2018,Clinical&Medical-Independent Sector,GP FORWARD VIEW,MKGP PLUS LTD,22501340,"127,064.83","127,064.83",EXEMPT,MKGPP52,https://nww.einvoice-prod.sbs.nhs.uk:8179/invoicepdf/4e7fed7c-f1f8-5118-a221-eec2d3d45b62
Department of Health,NHS Milton Keynes CCG,30/06/2018,Clinical&Medical-Independent Sector,ACUTE COMMISSIONING,HORTON HOSPITAL,22501428,"63,106.92","63,106.92",EXEMPT,HORMK201803,https://nww.einvoice-prod.sbs.nhs.uk:8179/invoicepdf/a0d16dd4-a3ad-59d5-9e25-545fd6b82a79
Department of Health,NHS Milton Keynes CCG,30/06/2018,Clinical&Medical-Commercial Sector,WHEELCHAIR SERVICE,AJ MOBILITY LTD,22501436,"58,165.75","69,798.90",STANDARD,520393,https://nww.einvoice-prod.sbs.nhs.uk:8179/invoicepdf/f92c8df3-bb66-5233-9e03-bc087e3f096c
Department of Health,NHS Milton Keynes CCG,30/06/2018,Hcare Srv Rec Fdtn Trust-Contract Baseline,ACUTE COMMISSIONING,UNIVERSITY COLLEGE LONDON HOSPITALS NHS FOUNDATION TRUST,22501444,"44,095.00","44,095.00",EXEMPT,SLA3724,https://nww.einvoice-prod.sbs.nhs.uk:8179/invoicepdf/25173d30-1fc4-5f06-98e2-fec907ff265f
Department of Health,NHS Milton Keynes CCG,30/06/2018,Clinical&Medical-Commercial Sector,COMMUNITY SERVICES,MKGP PLUS LTD,22533370,"28,975.50","28,975.50",EXEMPT,MKGPP12,https://nww.einvoice-prod.sbs.nhs.uk:8179/invoicepdf/007fc68c-a41e-5051-a28c-452f90a697a6
Department of Health,NHS Milton Keynes CCG,30/06/2018,Clinical&Medical-Independent Sector,CLINICAL ASSESSMENT AND TREATMENT CENTRES,MILTON KEYNES URGENT CARE SERVICES,22533380,"256,527.00","256,527.00",EXEMPT,1201740,https://nww.einvoice-prod.sbs.nhs.uk:8179/invoicepdf/4f7ad640-3fd8-541a-8eff-fe4ea6a14c49
Department of Health,NHS Milton Keynes CCG,30/06/2018,Clinical&Medical-Independent Sector,OUT OF HOURS,MILTON KEYNES URGENT CARE SERVICES,22533380,"62,486.01","62,486.01",EXEMPT,1201740,https://nww.einvoice-prod.sbs.nhs.uk:8179/invoicepdf/4f7ad640-3fd8-541a-8eff-fe4ea6a14c49
Department of Health,NHS Milton Keynes CCG,30/06/2018,Programme Support Costs,NON RECURRENT PROGRAMMES,CMK MEDICAL CENTRE,22533384,"52,430.88","52,430.88",EXEMPT,2018037,https://nww.einvoice-prod.sbs.nhs.uk:8179/invoicepdf/1083a14c-bc31-5dd1-9239-d1d0dec680c7
Department of Health,NHS Milton Keynes CCG,30/06/2018,Programme Support Costs,NON RECURRENT PROGRAMMES,WHADDON MEDICAL CENTRE,22533386,"26,524.00","26,524.00",OUTSIDE SCOPE,CLUSTER32018,http://nww.docserv.wyss.nhs.uk/synergyiim/dist/?val=561545_4643684_20180518143859
Department of Health,NHS Milton Keynes CCG,30/06/2018,Programme Support Costs,NON RECURRENT PROGRAMMES,WESTCROFT HEALTH CENTRE,22533388,"41,769.60","41,769.60",OUTSIDE SCOPE,144,https://nww.einvoice-prod.sbs.nhs.uk:8179/invoicepdf/dc20af8a-c029-5d57-8f76-d845a706356f
Department of Health,NHS Milton Keynes CCG,30/06/2018,Clinical&Medical-Independent Sector,ACUTE COMMISSIONING,RAMSAY HEALTH CARE UK T/A BLAKELANDS HOSPITAL,22533405,"343,850.73","343,850.73",EXEMPT,BLAMK201803,https://nww.einvoice-prod.sbs.nhs.uk:8179/invoicepdf/ed14d6ab-2bf9-52f6-b18d-96acca6914be
Department of Health,NHS Milton Keynes CCG,30/06/2018,Programme Support Costs,NON RECURRENT PROGRAMMES,EAST LONDON NHS FOUNDATION TRUST,22533409,"29,400.00","29,400.00",OUTSIDE SCOPE,10431141,http://nww.docserv.wyss.nhs.uk/Inter-NHS/PRD2104F18729810431141.pdf
Department of Health,NHS Milton Keynes CCG,30/06/2018,Hcare Srv Rec Fdtn Trust-Contract Baseline,PLANNED CARE,MILTON KEYNES HOSPITAL NHS FOUNDATION TRUST,22533410,"11,571,248.00","11,571,248.00",OUTSIDE SCOPE,42940646,http://nww.docserv.wyss.nhs.uk/Inter-NHS/PRD2104F18776742940646.pdf
Department of Health,NHS Milton Keynes CCG,30/06/2018,Hcare Srv Rec Fdtn Trust-CQUIN,PLANNED CARE,MILTON KEYNES HOSPITAL NHS FOUNDATION TRUST,22533412,"140,484.00","140,484.00",OUTSIDE SCOPE,42940647,http://nww.docserv.wyss.nhs.uk/Inter-NHS/PRD2104F18776742940647.pdf
Department of Health,NHS Milton Keynes CCG,30/06/2018,Hcare Srv Rec Fdtn Trust-Contract Baseline,CHILD AND ADOLESCENT MENTAL HEALTH,CENTRAL & NORTH WEST LONDON NHS FOUNDATION TRUST,22547135,"282,252.00","282,252.00",OUTSIDE SCOPE,53474508,http://nww.docserv.wyss.nhs.uk/Inter-NHS/PRD2104F105355953474508.pdf
Department of Health,NHS Milton Keynes CCG,30/06/2018,Hcare Srv Rec Fdtn Trust-Contract Baseline,COMMUNITY SERVICES,CENTRAL & NORTH WEST LONDON NHS FOUNDATION TRUST,22547135,"1,223,871.96","1,223,871.96",OUTSIDE SCOPE,53474508,http://nww.docserv.wyss.nhs.uk/Inter-NHS/PRD2104F105355953474508.pdf
Department of Health,NHS Milton Keynes CCG,30/06/2018,Hcare Srv Rec Fdtn Trust-Contract Baseline,MENTAL HEALTH CONTRACTS,CENTRAL & NORTH WEST LONDON NHS FOUNDATION TRUST,22547135,"1,661,381.00","1,661,381.00",OUTSIDE SCOPE,53474508,http://nww.docserv.wyss.nhs.uk/Inter-NHS/PRD2104F105355953474508.pdf
Department of Health,NHS Milton Keynes CCG,30/06/2018,Hlthcre-Foundation Trsts,COMMUNITY SERVICES,CENTRAL & NORTH WEST LONDON NHS FOUNDATION TRUST,22547139,"40,672.83","40,672.83",OUTSIDE SCOPE,53474530,http://nww.docserv.wyss.nhs.uk/Inter-NHS/PRD2104F105355953474530.pdf
Department of Health,NHS Milton Keynes CCG,30/06/2018,Clinical&Medical-Independent Sector,ACUTE COMMISSIONING,RAMSAY HEALTH CARE UK T/A BLAKELANDS HOSPITAL,22561960,"-79,919.42","-79,919.42",EXEMPT,BLAMKR201712,https://nww.einvoice-prod.sbs.nhs.uk:8179/invoicepdf/c3145ccf-f9e5-59f3-a08c-5f66742bc812
Department of Health,NHS Milton Keynes CCG,30/06/2018,Clinical&Medical-Independent Sector,ACUTE COMMISSIONING,RAMSAY HEALTH CARE UK T/A BLAKELANDS HOSPITAL,22561961,"-40,696.73","-40,696.73",EXEMPT,BLAMKR201801,https://nww.einvoice-prod.sbs.nhs.uk:8179/invoicepdf/5c36113f-0fc0-5a97-a61d-15f36eafb9f8
Department of Health,NHS Milton Keynes CCG,30/06/2018,C&M-APMS Contract Value,PRC DELEGATED CO-COMMISSIONING,KEY MEDICAL SERVICES LTD,22567932,"28,059.68","28,059.68",OUTSIDE SCOPE,BU000021324,X24N_NHAIS_20180615_BU.1
Department of Health,NHS Milton Keynes CCG,30/06/2018,C&M-APMS Prem Healthcentre Rent,PRC DELEGATED CO-COMMISSIONING,KEY MEDICAL SERVICES LTD,22567932,"6,700.00","6,700.00",OUTSIDE SCOPE,BU000021324,X24N_NHAIS_20180615_BU.1
Department of Health,NHS Milton Keynes CCG,30/06/2018,C&M-PMS QOF Achievement,PRC DELEGATED CO-COMMISSIONING,KEY MEDICAL SERVICES LTD,22567932,942.17,942.17,OUTSIDE SCOPE,BU000021324,X24N_NHAIS_20180615_BU.1
Department of Health,NHS Milton Keynes CCG,30/06/2018,C&M-PMS QOF Aspiration,PRC DELEGATED CO-COMMISSIONING,KEY MEDICAL SERVICES LTD,22567932,"1,866.78","1,866.78",OUTSIDE SCOPE,BU000021324,X24N_NHAIS_20180615_BU.1
Department of Health,NHS Milton Keynes CCG,30/06/2018,C&M-APMS Contract Value,PRC DELEGATED CO-COMMISSIONING,PRACTICE SURGERIES LTD,22567934,"43,060.85","43,060.85",OUTSIDE SCOPE,BU000021326,X24N_NHAIS_20180615_BU.1
Department of Health,NHS Milton Keynes CCG,30/06/2018,C&M-PMS QOF Achievement,PRC DELEGATED CO-COMMISSIONING,PRACTICE SURGERIES LTD,22567934,"14,268.20","14,268.20",OUTSIDE SCOPE,BU000021326,X24N_NHAIS_20180615_BU.1
Department of Health,NHS Milton Keynes CCG,30/06/2018,C&M-PMS QOF Aspiration,PRC DELEGATED CO-COMMISSIONING,PRACTICE SURGERIES LTD,22567934,"2,951.89","2,951.89",OUTSIDE SCOPE,BU000021326,X24N_NHAIS_20180615_BU.1
Department of Health,NHS Milton Keynes CCG,30/06/2018,Cont Care- Prior Year Payments,FUNDED NURSING CARE,MILTON KEYNES COUNCIL,22582965,"267,261.90","267,261.90",EXEMPT,6087327932,http://nww.docserv.wyss.nhs.uk/synergyiim/dist/?val=488499_3980247_20180320184948
Department of Health,NHS Milton Keynes CCG,30/06/2018,Clinical&Medical-Independent Sector,COMMISSIONING - NON ACUTE,PRACTICE SERVICES LTD,22582982,"26,730.41","26,730.41",EXEMPT,7277,http://nww.docserv.wyss.nhs.uk/synergyiim/dist/?val=579974_4788259_20180601114041
Department of Health,NHS Milton Keynes CCG,30/06/2018,Hcare Srv Rec Fdtn Trust-Contract Cost per Case,COMMUNITY SERVICES,CENTRAL & NORTH WEST LONDON NHS FOUNDATION TRUST,22582986,"35,404.04","35,404.04",OUTSIDE SCOPE,53474510,http://nww.docserv.wyss.nhs.uk/Inter-NHS/PRD2104F105355953474510.pdf
Department of Health,NHS Milton Keynes CCG,30/06/2018,C&M-APMS Contract Value,PRC DELEGATED CO-COMMISSIONING,BROUGHTON GATE HEALTH CENTRE,22595792,"81,503.97","81,503.97",OUTSIDE SCOPE,BU000021323,X24N_NHAIS_20180615_BU.1
Department of Health,NHS Milton Keynes CCG,30/06/2018,C&M-APMS Prem Rates,PRC DELEGATED CO-COMMISSIONING,BROUGHTON GATE HEALTH CENTRE,22595792,"6,252.50","6,252.50",OUTSIDE SCOPE,BU000021323,X24N_NHAIS_20180615_BU.1
Department of Health,NHS Milton Keynes CCG,30/06/2018,C&M-APMS Prem Water Rates,PRC DELEGATED CO-COMMISSIONING,BROUGHTON GATE HEALTH CENTRE,22595792,234.50,234.50,OUTSIDE SCOPE,BU000021323,X24N_NHAIS_20180615_BU.1
Department of Health,NHS Milton Keynes CCG,30/06/2018,C&M-PMS QOF Achievement,PRC DELEGATED CO-COMMISSIONING,BROUGHTON GATE HEALTH CENTRE,22595792,"19,336.85","19,336.85",OUTSIDE SCOPE,BU000021323,X24N_NHAIS_20180615_BU.1
Department of Health,NHS Milton Keynes CCG,30/06/2018,C&M-PMS QOF Aspiration,PRC DELEGATED CO-COMMISSIONING,BROUGHTON GATE HEALTH CENTRE,22595792,"4,143.88","4,143.88",OUTSIDE SCOPE,BU000021323,X24N_NHAIS_20180615_BU.1
Department of Health,NHS Milton Keynes CCG,30/06/2018,Computer Software/License,OPERATIONS MANAGEMENT,PHOENIX PARTNERSHIP (LEEDS) LTD,22604011,"57,298.05","68,757.66",STANDARD,8398,http://nww.docserv.wyss.nhs.uk/synergyiim/dist/?val=523045_4270245_20180416155604
Department of Health,NHS Milton Keynes CCG,30/06/2018,Hlthcre-Foundation Trsts,COMMUNITY SERVICES,CENTRAL & NORTH WEST LONDON NHS FOUNDATION TRUST,22604015,"40,831.75","40,831.75",OUTSIDE SCOPE,53473714,http://nww.docserv.wyss.nhs.uk/Inter-NHS/PRD2104F105355953473714.pdf
Department of Health,NHS Milton Keynes CCG,30/06/2018,Hcare Srv Rec Fdtn Trust-CQUIN,URGENT CARE,OXFORD UNIVERSITY HOSPITALS NHS FOUNDATION TRUST,22604060,"15,340.25","15,340.25",EXEMPT,8279244,https://nww.einvoice-prod.sbs.nhs.uk:8179/invoicepdf/2097c8be-6eab-5192-8117-f56a6e35b808
Department of Health,NHS Milton Keynes CCG,30/06/2018,Hcare Srv Rec Fdtn Trust-Contract Baseline,URGENT CARE,OXFORD UNIVERSITY HOSPITALS NHS FOUNDATION TRUST,22604060,"655,029.75","655,029.75",EXEMPT,8279244,https://nww.einvoice-prod.sbs.nhs.uk:8179/invoicepdf/2097c8be-6eab-5192-8117-f56a6e35b808
Department of Health,NHS Milton Keynes CCG,30/06/2018,Clinical&Medical-Independent Sector,NHS 111,DHU 111 (EAST MIDLANDS) CIC,22604064,"55,742.46","66,890.95",STANDARD,SINV00629,https://nww.einvoice-prod.sbs.nhs.uk:8179/invoicepdf/25b8f67a-cc57-50f4-9425-adaaec362bcb
Department of Health,NHS Milton Keynes CCG,30/06/2018,Hcare Srv Rec Fdtn Trust-Contract Baseline,ACUTE COMMISSIONING,ROYAL FREE LONDON NHS FOUNDATION TRUST,22604083,"27,684.17","27,684.17",OUTSIDE SCOPE,I0160110,https://nww.einvoice-prod.sbs.nhs.uk:8179/invoicepdf/ee9d5654-80b4-524d-a04a-33386fb85166
Department of Health,NHS Milton Keynes CCG,30/06/2018,Hcare Srv Rec Fdtn Trust-Contract Baseline,URGENT CARE,LUTON & DUNSTABLE HOSPITAL NHS FOUNDATION TRUST,22604086,"121,834.58","121,834.58",OUTSIDE SCOPE,52989785,http://nww.docserv.wyss.nhs.uk/synergyiim/dist/?val=572830_4727112_20180525124431
Department of Health,NHS Milton Keynes CCG,30/06/2018,Clinical&Medical-Independent Sector,COMMISSIONING - NON ACUTE,CONNECT PHYSICAL HEALTH CENTRES LTD,22604138,"98,976.00","98,976.00",EXEMPT,65915,https://nww.einvoice-prod.sbs.nhs.uk:8179/invoicepdf/67d69022-9d78-5f0a-99b4-a13bf166200f
Department of Health,NHS Milton Keynes CCG,30/06/2018,Hcare Srv Rec Fdtn Trust-Contract Baseline,PATIENT TRANSPORT,SOUTH CENTRAL AMBULANCE SERVICE NHS FOUNDATION TRUST,22604151,"106,896.35","106,896.35",EXEMPT,INV0048759,https://nww.einvoice-prod.sbs.nhs.uk:8179/invoicepdf/f6f135aa-80da-5c32-b56a-5364d88d8aab
Department of Health,NHS Milton Keynes CCG,30/06/2018,Hcare Srv Rec Fdtn Trust-Contract Baseline,AMBULANCE SERVICES,SOUTH CENTRAL AMBULANCE SERVICE NHS FOUNDATION TRUST,22604165,"756,705.48","756,705.48",EXEMPT,INV0048748,https://nww.einvoice-prod.sbs.nhs.uk:8179/invoicepdf/71a00558-837c-5ce6-893e-0e52867060a0
Department of Health,NHS Milton Keynes CCG,30/06/2018,Charges from CSU,PRIMARY CARE IT,NHS ARDEN AND GEM CSU,22604185,"51,348.50","51,348.50",OUTSIDE SCOPE,7312610920,http://nww.docserv.wyss.nhs.uk/Inter-NHS/PRD2204F13963927312610920.pdf
Department of Health,NHS Milton Keynes CCG,30/06/2018,Rent,ESTATES AND FACILITIES,NHS PROPERTY SERVICES LTD,22604217,"143,538.19","143,538.19",EXEMPT,H60926,https://nww.einvoice-prod.sbs.nhs.uk:8179/invoicepdf/a44d3fab-61bb-5eff-98cb-5de1452e52e5
Department of Health,NHS Milton Keynes CCG,30/06/2018,Charges from CSU,OPERATIONS MANAGEMENT,NHS ARDEN AND GEM CSU,22604223,"114,767.42","114,767.42",OUTSIDE SCOPE,7312610969,http://nww.docserv.wyss.nhs.uk/Inter-NHS/PRD2204F13963927312610969.pdf
Department of Health,NHS Milton Keynes CCG,30/06/2018,Hcare Srv Rec NHS Trust-CQUIN,ACUTE COMMISSIONING,BEDFORD HOSPITAL NHS TRUST,22604252,"2,502.09","2,502.09",OUTSIDE SCOPE,I0164651,https://nww.einvoice-prod.sbs.nhs.uk:8179/invoicepdf/b9518424-c741-530a-ba87-d6587727aa36
Department of Health,NHS Milton Keynes CCG,30/06/2018,Hcare Srv Rec NHS Trust-Contract Baseline,ACUTE COMMISSIONING,BEDFORD HOSPITAL NHS TRUST,22604252,"209,578.33","209,578.33",OUTSIDE SCOPE,I0164651,https://nww.einvoice-prod.sbs.nhs.uk:8179/invoicepdf/b9518424-c741-530a-ba87-d6587727aa36
Department of Health,NHS Milton Keynes CCG,30/06/2018,Computer Software/License,OPERATIONS MANAGEMENT,PHOENIX PARTNERSHIP (LEEDS) LTD,22604273,"-57,298.05","-68,757.66",STANDARD,CR8398,http://nww.docserv.wyss.nhs.uk/synergyiim/dist/?val=587882_4856360_20180608104245
Department of Health,NHS Milton Keynes CCG,30/06/2018,Computer Software/License,OPERATIONS MANAGEMENT,PHOENIX PARTNERSHIP (LEEDS) LTD,22604276,"40,527.06","48,632.47",STANDARD,8905,http://nww.docserv.wyss.nhs.uk/synergyiim/dist/?val=587882_4856362_20180608104245
Department of Health,NHS Milton Keynes CCG,30/06/2018,Clinical&Medical-Othe Public Sector,CHILDREN SERVICES,MILTON KEYNES COUNCIL,22624292,"31,502.00","31,502.00",EXEMPT,425000062496,http://nww.docserv.wyss.nhs.uk/synergyiim/dist/?val=565277_4671158_20180522100127
Department of Health,NHS Milton Keynes CCG,30/06/2018,Hcare Srv Rec Fdtn Trust-Over/ Under Performance,URGENT CARE,OXFORD UNIVERSITY HOSPITALS NHS FOUNDATION TRUST,22624327,"-56,389.81","-56,389.81",EXEMPT,CRN5240,https://nww.einvoice-prod.sbs.nhs.uk:8179/invoicepdf/5a501561-ef29-5fb1-82e5-c51227363c1c
Department of Health,NHS Milton Keynes CCG,30/06/2018,Hcare Srv Rec Fdtn Trust-Prior Year,URGENT CARE,OXFORD UNIVERSITY HOSPITALS NHS FOUNDATION TRUST,22624360,"-27,291.62","-27,291.62",EXEMPT,CRN5280,https://nww.einvoice-prod.sbs.nhs.uk:8179/invoicepdf/8b707eff-9438-5b60-9863-8e70f64d7227
Department of Health,NHS Milton Keynes CCG,30/06/2018,Programme Support Costs,NON RECURRENT PROGRAMMES,NHS LUTON CCG,22624369,"175,712.76","175,712.76",OUTSIDE SCOPE,7021303902,http://nww.docserv.wyss.nhs.uk/Inter-NHS/PRD2204F12984327021303902.pdf
Department of Health,NHS Milton Keynes CCG,30/06/2018,Clinical&Medical-Independent Sector,ACUTE COMMISSIONING,HORTON HOSPITAL,22645839,"76,882.72","76,882.72",EXEMPT,HORMKR201710A,https://nww.einvoice-prod.sbs.nhs.uk:8179/invoicepdf/0a459baf-241a-5984-8443-59d8be65e668
Department of Health,NHS Milton Keynes CCG,30/06/2018,Hcare Srv Rec Fdtn Trust-Over/ Under Performance,AMBULANCE SERVICES,SOUTH CENTRAL AMBULANCE SERVICE NHS FOUNDATION TRUST,22645847,"67,001.24","67,001.24",EXEMPT,INV0048243,https://nww.einvoice-prod.sbs.nhs.uk:8179/invoicepdf/5876695b-5753-53a0-b763-e868662a97f7
Department of Health,NHS Milton Keynes CCG,30/06/2018,Hcare Srv Rec Fdtn Trust-Over/ Under Performance,AMBULANCE SERVICES,SOUTH CENTRAL AMBULANCE SERVICE NHS FOUNDATION TRUST,22645849,"143,444.77","143,444.77",EXEMPT,INV0048318,https://nww.einvoice-prod.sbs.nhs.uk:8179/invoicepdf/8781732f-57b4-543c-852d-c583d0a29be9
Department of Health,NHS Milton Keynes CCG,30/06/2018,Hcare Srv Rec NHS Trust-Over/ Under Performance,ACUTE COMMISSIONING,IMPERIAL COLLEGE HEALTHCARE NHS TRUST,22645851,"26,216.54","26,216.54",OUTSIDE SCOPE,H0157386,http://nww.docserv.wyss.nhs.uk/synergyiim/dist/?val=496230_4036012_20180323182818
Department of Health,NHS Milton Keynes CCG,30/06/2018,Clinical&Medical-Independent Sector,COMMISSIONING SCHEMES,NEWPORT PAGNELL MEDICAL CENTRE,22661522,"31,690.75","31,690.75",OUTSIDE SCOPE,3693,https://nww.einvoice-prod.sbs.nhs.uk:8179/invoicepdf/bde4b3d8-48ca-50e0-9aa8-77741150bf77
Department of Health,NHS Milton Keynes CCG,30/06/2018,C&M-GMS Cost of Drugs -Prescribing,LOCAL ENHANCED SERVICES,BEDFORD STREET SURGERY,22684963,397.63,397.63,OUTSIDE SCOPE,BU000021340,X24N_NHAIS_20180622_BU.1
Department of Health,NHS Milton Keynes CCG,30/06/2018,C&M-GMS DES Minor Surgery,PRC DELEGATED CO-COMMISSIONING,BEDFORD STREET SURGERY,22684963,"2,783.75","2,783.75",OUTSIDE SCOPE,BU000021340,X24N_NHAIS_20180622_BU.1
Department of Health,NHS Milton Keynes CCG,30/06/2018,C&M-GMS Global Sum,PRC DELEGATED CO-COMMISSIONING,BEDFORD STREET SURGERY,22684963,"80,832.54","80,832.54",OUTSIDE SCOPE,BU000021340,X24N_NHAIS_20180622_BU.1
Department of Health,NHS Milton Keynes CCG,30/06/2018,C&M-GMS Other FDR Payment,PRC DELEGATED CO-COMMISSIONING,BEDFORD STREET SURGERY,22684963,"6,150.19","6,150.19",OUTSIDE SCOPE,BU000021340,X24N_NHAIS_20180622_BU.1
Department of Health,NHS Milton Keynes CCG,30/06/2018,C&M-GMS PCO Locum Adop/Pat/Mat,PRC DELEGATED CO-COMMISSIONING,BEDFORD STREET SURGERY,22684963,"8,200.00","8,200.00",OUTSIDE SCOPE,BU000021340,X24N_NHAIS_20180622_BU.1
Department of Health,NHS Milton Keynes CCG,30/06/2018,C&M-GMS PCO Seniority,PRC DELEGATED CO-COMMISSIONING,BEDFORD STREET SURGERY,22684963,"3,017.02","3,017.02",OUTSIDE SCOPE,BU000021340,X24N_NHAIS_20180622_BU.1
Department of Health,NHS Milton Keynes CCG,30/06/2018,C&M-GMS Prem Cost Rent,PRC DELEGATED CO-COMMISSIONING,BEDFORD STREET SURGERY,22684963,"3,344.25","3,344.25",OUTSIDE SCOPE,BU000021340,X24N_NHAIS_20180622_BU.1
Department of Health,NHS Milton Keynes CCG,30/06/2018,C&M-GMS Prem Notional Rent,PRC DELEGATED CO-COMMISSIONING,BEDFORD STREET SURGERY,22684963,"2,900.00","2,900.00",OUTSIDE SCOPE,BU000021340,X24N_NHAIS_20180622_BU.1
Department of Health,NHS Milton Keynes CCG,30/06/2018,C&M-GMS Prof Fees Prescribing,PRC DELEGATED CO-COMMISSIONING,BEDFORD STREET SURGERY,22684963,112.70,112.70,OUTSIDE SCOPE,BU000021340,X24N_NHAIS_20180622_BU.1
Department of Health,NHS Milton Keynes CCG,30/06/2018,C&M-GMS QOF Achievement,PRC DELEGATED CO-COMMISSIONING,BEDFORD STREET SURGERY,22684963,"32,129.11","32,129.11",OUTSIDE SCOPE,BU000021340,X24N_NHAIS_20180622_BU.1
Department of Health,NHS Milton Keynes CCG,30/06/2018,C&M-GMS QOF Aspiration,PRC DELEGATED CO-COMMISSIONING,BEDFORD STREET SURGERY,22684963,"7,553.14","7,553.14",OUTSIDE SCOPE,BU000021340,X24N_NHAIS_20180622_BU.1
Department of Health,NHS Milton Keynes CCG,30/06/2018,C&M-GMS Cost of Drugs -Prescribing,LOCAL ENHANCED SERVICES,DRAYTON RD SURGERY,22684967,68.45,68.45,OUTSIDE SCOPE,BU000021347,X24N_NHAIS_20180622_BU.1
Department of Health,NHS Milton Keynes CCG,30/06/2018,C&M-GMS Global Sum,PRC DELEGATED CO-COMMISSIONING,DRAYTON RD SURGERY,22684967,"20,539.92","20,539.92",OUTSIDE SCOPE,BU000021347,X24N_NHAIS_20180622_BU.1
Department of Health,NHS Milton Keynes CCG,30/06/2018,C&M-GMS MPIG Correction Factor,PRC DELEGATED CO-COMMISSIONING,DRAYTON RD SURGERY,22684967,544.11,544.11,OUTSIDE SCOPE,BU000021347,X24N_NHAIS_20180622_BU.1
Department of Health,NHS Milton Keynes CCG,30/06/2018,C&M-GMS PCO Seniority,PRC DELEGATED CO-COMMISSIONING,DRAYTON RD SURGERY,22684967,"1,534.18","1,534.18",OUTSIDE SCOPE,BU000021347,X24N_NHAIS_20180622_BU.1
Department of Health,NHS Milton Keynes CCG,30/06/2018,C&M-GMS Prem Notional Rent,PRC DELEGATED CO-COMMISSIONING,DRAYTON RD SURGERY,22684967,"1,366.67","1,366.67",OUTSIDE SCOPE,BU000021347,X24N_NHAIS_20180622_BU.1
Department of Health,NHS Milton Keynes CCG,30/06/2018,C&M-GMS Prof Fees Prescribing,PRC DELEGATED CO-COMMISSIONING,DRAYTON RD SURGERY,22684967,13.80,13.80,OUTSIDE SCOPE,BU000021347,X24N_NHAIS_20180622_BU.1
Department of Health,NHS Milton Keynes CCG,30/06/2018,C&M-GMS QOF Achievement,PRC DELEGATED CO-COMMISSIONING,DRAYTON RD SURGERY,22684967,"7,213.39","7,213.39",OUTSIDE SCOPE,BU000021347,X24N_NHAIS_20180622_BU.1
Department of Health,NHS Milton Keynes CCG,30/06/2018,C&M-GMS QOF Aspiration,PRC DELEGATED CO-COMMISSIONING,DRAYTON RD SURGERY,22684967,"1,779.38","1,779.38",OUTSIDE SCOPE,BU000021347,X24N_NHAIS_20180622_BU.1
Department of Health,NHS Milton Keynes CCG,30/06/2018,C&M-GMS Cost of Drugs -Prescribing,LOCAL ENHANCED SERVICES,FISHERMEAD MEDICAL CENTRE,22684969,121.96,121.96,OUTSIDE SCOPE,BU000021349,X24N_NHAIS_20180622_BU.1
Department of Health,NHS Milton Keynes CCG,30/06/2018,C&M-GMS DES Learn Dsblty Hlth Chk,PRC DELEGATED CO-COMMISSIONING,FISHERMEAD MEDICAL CENTRE,22684969,140.00,140.00,OUTSIDE SCOPE,BU000021349,X24N_NHAIS_20180622_BU.1
Department of Health,NHS Milton Keynes CCG,30/06/2018,C&M-GMS DES Minor Surgery,PRC DELEGATED CO-COMMISSIONING,FISHERMEAD MEDICAL CENTRE,22684969,486.06,486.06,OUTSIDE SCOPE,BU000021349,X24N_NHAIS_20180622_BU.1
Department of Health,NHS Milton Keynes CCG,30/06/2018,C&M-GMS Global Sum,PRC DELEGATED CO-COMMISSIONING,FISHERMEAD MEDICAL CENTRE,22684969,"42,377.13","42,377.13",OUTSIDE SCOPE,BU000021349,X24N_NHAIS_20180622_BU.1
Department of Health,NHS Milton Keynes CCG,30/06/2018,C&M-GMS MPIG Correction Factor,PRC DELEGATED CO-COMMISSIONING,FISHERMEAD MEDICAL CENTRE,22684969,"1,358.14","1,358.14",OUTSIDE SCOPE,BU000021349,X24N_NHAIS_20180622_BU.1
Department of Health,NHS Milton Keynes CCG,30/06/2018,C&M-GMS PCO Seniority,PRC DELEGATED CO-COMMISSIONING,FISHERMEAD MEDICAL CENTRE,22684969,"1,461.79","1,461.79",OUTSIDE SCOPE,BU000021349,X24N_NHAIS_20180622_BU.1
Department of Health,NHS Milton Keynes CCG,30/06/2018,C&M-GMS Prem Cost Rent,PRC DELEGATED CO-COMMISSIONING,FISHERMEAD MEDICAL CENTRE,22684969,"3,111.33","3,111.33",OUTSIDE SCOPE,BU000021349,X24N_NHAIS_20180622_BU.1
Department of Health,NHS Milton Keynes CCG,30/06/2018,C&M-GMS Prem Notional Rent,PRC DELEGATED CO-COMMISSIONING,FISHERMEAD MEDICAL CENTRE,22684969,"2,358.33","2,358.33",OUTSIDE SCOPE,BU000021349,X24N_NHAIS_20180622_BU.1
Department of Health,NHS Milton Keynes CCG,30/06/2018,C&M-GMS Prof Fees Prescribing,PRC DELEGATED CO-COMMISSIONING,FISHERMEAD MEDICAL CENTRE,22684969,20.70,20.70,OUTSIDE SCOPE,BU000021349,X24N_NHAIS_20180622_BU.1
Department of Health,NHS Milton Keynes CCG,30/06/2018,C&M-GMS QOF Achievement,PRC DELEGATED CO-COMMISSIONING,FISHERMEAD MEDICAL CENTRE,22684969,"13,598.67","13,598.67",OUTSIDE SCOPE,BU000021349,X24N_NHAIS_20180622_BU.1
Department of Health,NHS Milton Keynes CCG,30/06/2018,C&M-GMS QOF Aspiration,PRC DELEGATED CO-COMMISSIONING,FISHERMEAD MEDICAL CENTRE,22684969,"3,136.99","3,136.99",OUTSIDE SCOPE,BU000021349,X24N_NHAIS_20180622_BU.1
Department of Health,NHS Milton Keynes CCG,30/06/2018,C&M-GMS Cost of Drugs -Prescribing,LOCAL ENHANCED SERVICES,WESTCROFT HEALTH CENTRE,22684980,747.58,747.58,OUTSIDE SCOPE,BU000021373,X24N_NHAIS_20180622_BU.1
Department of Health,NHS Milton Keynes CCG,30/06/2018,C&M-GMS DES Minor Surgery,PRC DELEGATED CO-COMMISSIONING,WESTCROFT HEALTH CENTRE,22684980,441.90,441.90,OUTSIDE SCOPE,BU000021373,X24N_NHAIS_20180622_BU.1
Department of Health,NHS Milton Keynes CCG,30/06/2018,C&M-GMS Global Sum,PRC DELEGATED CO-COMMISSIONING,WESTCROFT HEALTH CENTRE,22684980,"71,152.23","71,152.23",OUTSIDE SCOPE,BU000021373,X24N_NHAIS_20180622_BU.1
Department of Health,NHS Milton Keynes CCG,30/06/2018,C&M-GMS MPIG Correction Factor,PRC DELEGATED CO-COMMISSIONING,WESTCROFT HEALTH CENTRE,22684980,"3,141.92","3,141.92",OUTSIDE SCOPE,BU000021373,X24N_NHAIS_20180622_BU.1
Department of Health,NHS Milton Keynes CCG,30/06/2018,C&M-GMS PCO Seniority,PRC DELEGATED CO-COMMISSIONING,WESTCROFT HEALTH CENTRE,22684980,357.54,357.54,OUTSIDE SCOPE,BU000021373,X24N_NHAIS_20180622_BU.1
Department of Health,NHS Milton Keynes CCG,30/06/2018,C&M-GMS Prem Rates,PRC DELEGATED CO-COMMISSIONING,WESTCROFT HEALTH CENTRE,22684980,"1,707.65","1,707.65",OUTSIDE SCOPE,BU000021373,X24N_NHAIS_20180622_BU.1
Department of Health,NHS Milton Keynes CCG,30/06/2018,C&M-GMS Prof Fees Prescribing,PRC DELEGATED CO-COMMISSIONING,WESTCROFT HEALTH CENTRE,22684980,151.80,151.80,OUTSIDE SCOPE,BU000021373,X24N_NHAIS_20180622_BU.1
Department of Health,NHS Milton Keynes CCG,30/06/2018,C&M-GMS QOF Achievement,PRC DELEGATED CO-COMMISSIONING,WESTCROFT HEALTH CENTRE,22684980,"31,262.43","31,262.43",OUTSIDE SCOPE,BU000021373,X24N_NHAIS_20180622_BU.1
Department of Health,NHS Milton Keynes CCG,30/06/2018,C&M-GMS QOF Aspiration,PRC DELEGATED CO-COMMISSIONING,WESTCROFT HEALTH CENTRE,22684980,"5,932.66","5,932.66",OUTSIDE SCOPE,BU000021373,X24N_NHAIS_20180622_BU.1
Department of Health,NHS Milton Keynes CCG,30/06/2018,C&M-GMS DES Minor Surgery,PRC DELEGATED CO-COMMISSIONING,WESTFIELD ROAD SURGERY,22684982,927.98,927.98,OUTSIDE SCOPE,BU000021375,X24N_NHAIS_20180622_BU.1
Department of Health,NHS Milton Keynes CCG,30/06/2018,C&M-GMS Global Sum,PRC DELEGATED CO-COMMISSIONING,WESTFIELD ROAD SURGERY,22684982,"41,455.67","41,455.67",OUTSIDE SCOPE,BU000021375,X24N_NHAIS_20180622_BU.1
Department of Health,NHS Milton Keynes CCG,30/06/2018,C&M-GMS Other FDR Payment,PRC DELEGATED CO-COMMISSIONING,WESTFIELD ROAD SURGERY,22684982,"2,223.85","2,223.85",OUTSIDE SCOPE,BU000021375,X24N_NHAIS_20180622_BU.1
Department of Health,NHS Milton Keynes CCG,30/06/2018,C&M-GMS PCO Other,PRC DELEGATED CO-COMMISSIONING,WESTFIELD ROAD SURGERY,22684982,"3,895.00","3,895.00",OUTSIDE SCOPE,BU000021375,X24N_NHAIS_20180622_BU.1
Department of Health,NHS Milton Keynes CCG,30/06/2018,C&M-GMS PCO Seniority,PRC DELEGATED CO-COMMISSIONING,WESTFIELD ROAD SURGERY,22684982,158.55,158.55,OUTSIDE SCOPE,BU000021375,X24N_NHAIS_20180622_BU.1
Department of Health,NHS Milton Keynes CCG,30/06/2018,C&M-GMS Prem Actual Rent,PRC DELEGATED CO-COMMISSIONING,WESTFIELD ROAD SURGERY,22684982,"3,083.33","3,083.33",OUTSIDE SCOPE,BU000021375,X24N_NHAIS_20180622_BU.1
Department of Health,NHS Milton Keynes CCG,30/06/2018,C&M-GMS Prem Notional Rent,PRC DELEGATED CO-COMMISSIONING,WESTFIELD ROAD SURGERY,22684982,81.33,81.33,OUTSIDE SCOPE,BU000021375,X24N_NHAIS_20180622_BU.1
Department of Health,NHS Milton Keynes CCG,30/06/2018,C&M-GMS Prem Rates,PRC DELEGATED CO-COMMISSIONING,WESTFIELD ROAD SURGERY,22684982,825.53,825.53,OUTSIDE SCOPE,BU000021375,X24N_NHAIS_20180622_BU.1
Department of Health,NHS Milton Keynes CCG,30/06/2018,C&M-GMS QOF Achievement,PRC DELEGATED CO-COMMISSIONING,WESTFIELD ROAD SURGERY,22684982,"19,850.67","19,850.67",OUTSIDE SCOPE,BU000021375,X24N_NHAIS_20180622_BU.1
Department of Health,NHS Milton Keynes CCG,30/06/2018,C&M-GMS QOF Aspiration,PRC DELEGATED CO-COMMISSIONING,WESTFIELD ROAD SURGERY,22684982,"4,102.35","4,102.35",OUTSIDE SCOPE,BU000021375,X24N_NHAIS_20180622_BU.1
Department of Health,NHS Milton Keynes CCG,30/06/2018,C&M-GMS Cost of Drugs -Prescribing,LOCAL ENHANCED SERVICES,WATER EATON HEALTH CENTRE,22684985,269.38,269.38,OUTSIDE SCOPE,BU000021380,X24N_NHAIS_20180622_BU.1
Department of Health,NHS Milton Keynes CCG,30/06/2018,C&M-GMS DES Minor Surgery,PRC DELEGATED CO-COMMISSIONING,WATER EATON HEALTH CENTRE,22684985,265.14,265.14,OUTSIDE SCOPE,BU000021380,X24N_NHAIS_20180622_BU.1
Department of Health,NHS Milton Keynes CCG,30/06/2018,C&M-GMS Global Sum,PRC DELEGATED CO-COMMISSIONING,WATER EATON HEALTH CENTRE,22684985,"40,417.24","40,417.24",OUTSIDE SCOPE,BU000021380,X24N_NHAIS_20180622_BU.1
Department of Health,NHS Milton Keynes CCG,30/06/2018,C&M-GMS MPIG Correction Factor,PRC DELEGATED CO-COMMISSIONING,WATER EATON HEALTH CENTRE,22684985,"1,335.14","1,335.14",OUTSIDE SCOPE,BU000021380,X24N_NHAIS_20180622_BU.1
Department of Health,NHS Milton Keynes CCG,30/06/2018,C&M-GMS PCO Seniority,PRC DELEGATED CO-COMMISSIONING,WATER EATON HEALTH CENTRE,22684985,963.87,963.87,OUTSIDE SCOPE,BU000021380,X24N_NHAIS_20180622_BU.1
Department of Health,NHS Milton Keynes CCG,30/06/2018,C&M-GMS Prof Fees Prescribing,PRC DELEGATED CO-COMMISSIONING,WATER EATON HEALTH CENTRE,22684985,144.90,144.90,OUTSIDE SCOPE,BU000021380,X24N_NHAIS_20180622_BU.1
Department of Health,NHS Milton Keynes CCG,30/06/2018,C&M-GMS QOF Achievement,PRC DELEGATED CO-COMMISSIONING,WATER EATON HEALTH CENTRE,22684985,"17,820.83","17,820.83",OUTSIDE SCOPE,BU000021380,X24N_NHAIS_20180622_BU.1
Department of Health,NHS Milton Keynes CCG,30/06/2018,C&M-GMS QOF Aspiration,PRC DELEGATED CO-COMMISSIONING,WATER EATON HEALTH CENTRE,22684985,"4,379.50","4,379.50",OUTSIDE SCOPE,BU000021380,X24N_NHAIS_20180622_BU.1
Department of Health,NHS Milton Keynes CCG,30/06/2018,C&M-GMS Cost of Drugs -Prescribing,LOCAL ENHANCED SERVICES,NEWPORT PAGNELL MEDICAL CENTRE,22684988,"5,974.05","5,974.05",OUTSIDE SCOPE,BU000021384,X24N_NHAIS_20180622_BU.1
Department of Health,NHS Milton Keynes CCG,30/06/2018,C&M-GMS Global Sum,PRC DELEGATED CO-COMMISSIONING,NEWPORT PAGNELL MEDICAL CENTRE,22684988,"142,018.49","142,018.49",OUTSIDE SCOPE,BU000021384,X24N_NHAIS_20180622_BU.1
Department of Health,NHS Milton Keynes CCG,30/06/2018,C&M-GMS Other FDR Payment,PRC DELEGATED CO-COMMISSIONING,NEWPORT PAGNELL MEDICAL CENTRE,22684988,"10,127.18","10,127.18",OUTSIDE SCOPE,BU000021384,X24N_NHAIS_20180622_BU.1
Department of Health,NHS Milton Keynes CCG,30/06/2018,C&M-GMS PCO Seniority,PRC DELEGATED CO-COMMISSIONING,NEWPORT PAGNELL MEDICAL CENTRE,22684988,"1,361.85","1,361.85",OUTSIDE SCOPE,BU000021384,X24N_NHAIS_20180622_BU.1
Department of Health,NHS Milton Keynes CCG,30/06/2018,C&M-GMS Prem Actual Rent,PRC DELEGATED CO-COMMISSIONING,NEWPORT PAGNELL MEDICAL CENTRE,22684988,"10,812.50","10,812.50",OUTSIDE SCOPE,BU000021384,X24N_NHAIS_20180622_BU.1
Department of Health,NHS Milton Keynes CCG,30/06/2018,C&M-GMS Prem Notional Rent,PRC DELEGATED CO-COMMISSIONING,NEWPORT PAGNELL MEDICAL CENTRE,22684988,"16,245.83","16,245.83",OUTSIDE SCOPE,BU000021384,X24N_NHAIS_20180622_BU.1
Department of Health,NHS Milton Keynes CCG,30/06/2018,C&M-GMS Prof Fees Prescribing,PRC DELEGATED CO-COMMISSIONING,NEWPORT PAGNELL MEDICAL CENTRE,22684988,556.60,556.60,OUTSIDE SCOPE,BU000021384,X24N_NHAIS_20180622_BU.1
Department of Health,NHS Milton Keynes CCG,30/06/2018,C&M-GMS QOF Achievement,PRC DELEGATED CO-COMMISSIONING,NEWPORT PAGNELL MEDICAL CENTRE,22684988,"76,540.80","76,540.80",OUTSIDE SCOPE,BU000021384,X24N_NHAIS_20180622_BU.1
Department of Health,NHS Milton Keynes CCG,30/06/2018,C&M-GMS QOF Aspiration,PRC DELEGATED CO-COMMISSIONING,NEWPORT PAGNELL MEDICAL CENTRE,22684988,"15,734.02","15,734.02",OUTSIDE SCOPE,BU000021384,X24N_NHAIS_20180622_BU.1
Department of Health,NHS Milton Keynes CCG,30/06/2018,C&M-GMS Cost of Drugs -Prescribing,LOCAL ENHANCED SERVICES,CMK MEDICAL CENTRE,22684990,"2,028.63","2,028.63",OUTSIDE SCOPE,BU000021386,X24N_NHAIS_20180622_BU.1
Department of Health,NHS Milton Keynes CCG,30/06/2018,C&M-GMS Global Sum,PRC DELEGATED CO-COMMISSIONING,CMK MEDICAL CENTRE,22684990,"119,054.16","119,054.16",OUTSIDE SCOPE,BU000021386,X24N_NHAIS_20180622_BU.1
Department of Health,NHS Milton Keynes CCG,30/06/2018,C&M-GMS Other FDR Payment,PRC DELEGATED CO-COMMISSIONING,CMK MEDICAL CENTRE,22684990,"3,054.32","3,054.32",OUTSIDE SCOPE,BU000021386,X24N_NHAIS_20180622_BU.1
Department of Health,NHS Milton Keynes CCG,30/06/2018,C&M-GMS PCO Seniority,PRC DELEGATED CO-COMMISSIONING,CMK MEDICAL CENTRE,22684990,"5,477.03","5,477.03",OUTSIDE SCOPE,BU000021386,X24N_NHAIS_20180622_BU.1
Department of Health,NHS Milton Keynes CCG,30/06/2018,C&M-GMS Prof Fees Prescribing,PRC DELEGATED CO-COMMISSIONING,CMK MEDICAL CENTRE,22684990,591.10,591.10,OUTSIDE SCOPE,BU000021386,X24N_NHAIS_20180622_BU.1
Department of Health,NHS Milton Keynes CCG,30/06/2018,C&M-GMS QOF Achievement,PRC DELEGATED CO-COMMISSIONING,CMK MEDICAL CENTRE,22684990,"35,873.54","35,873.54",OUTSIDE SCOPE,BU000021386,X24N_NHAIS_20180622_BU.1
Department of Health,NHS Milton Keynes CCG,30/06/2018,C&M-GMS QOF Aspiration,PRC DELEGATED CO-COMMISSIONING,CMK MEDICAL CENTRE,22684990,"8,615.62","8,615.62",OUTSIDE SCOPE,BU000021386,X24N_NHAIS_20180622_BU.1
Department of Health,NHS Milton Keynes CCG,30/06/2018,C&M-GMS Cost of Drugs -Prescribing,LOCAL ENHANCED SERVICES,ASHFIELD MEDICAL CENTRE MILTON KEYNES,22685131,519.47,519.47,OUTSIDE SCOPE,BU000021342,X24N_NHAIS_20180622_BU.1
Department of Health,NHS Milton Keynes CCG,30/06/2018,C&M-GMS DES Minor Surgery,PRC DELEGATED CO-COMMISSIONING,ASHFIELD MEDICAL CENTRE MILTON KEYNES,22685131,265.14,265.14,OUTSIDE SCOPE,BU000021342,X24N_NHAIS_20180622_BU.1
Department of Health,NHS Milton Keynes CCG,30/06/2018,C&M-GMS Global Sum,PRC DELEGATED CO-COMMISSIONING,ASHFIELD MEDICAL CENTRE MILTON KEYNES,22685131,"86,939.13","86,939.13",OUTSIDE SCOPE,BU000021342,X24N_NHAIS_20180622_BU.1
Department of Health,NHS Milton Keynes CCG,30/06/2018,C&M-GMS Other FDR Payment,PRC DELEGATED CO-COMMISSIONING,ASHFIELD MEDICAL CENTRE MILTON KEYNES,22685131,521.66,521.66,OUTSIDE SCOPE,BU000021342,X24N_NHAIS_20180622_BU.1
Department of Health,NHS Milton Keynes CCG,30/06/2018,C&M-GMS PCO Seniority,PRC DELEGATED CO-COMMISSIONING,ASHFIELD MEDICAL CENTRE MILTON KEYNES,22685131,"3,693.96","3,693.96",OUTSIDE SCOPE,BU000021342,X24N_NHAIS_20180622_BU.1
Department of Health,NHS Milton Keynes CCG,30/06/2018,C&M-GMS Prem Rates,PRC DELEGATED CO-COMMISSIONING,ASHFIELD MEDICAL CENTRE MILTON KEYNES,22685131,"1,918.81","1,918.81",OUTSIDE SCOPE,BU000021342,X24N_NHAIS_20180622_BU.1
Department of Health,NHS Milton Keynes CCG,30/06/2018,C&M-GMS Prof Fees Prescribing,PRC DELEGATED CO-COMMISSIONING,ASHFIELD MEDICAL CENTRE MILTON KEYNES,22685131,147.20,147.20,OUTSIDE SCOPE,BU000021342,X24N_NHAIS_20180622_BU.1
Department of Health,NHS Milton Keynes CCG,30/06/2018,C&M-GMS QOF Achievement,PRC DELEGATED CO-COMMISSIONING,ASHFIELD MEDICAL CENTRE MILTON KEYNES,22685131,"28,599.26","28,599.26",OUTSIDE SCOPE,BU000021342,X24N_NHAIS_20180622_BU.1
Department of Health,NHS Milton Keynes CCG,30/06/2018,C&M-GMS QOF Aspiration,PRC DELEGATED CO-COMMISSIONING,ASHFIELD MEDICAL CENTRE MILTON KEYNES,22685131,"7,270.90","7,270.90",OUTSIDE SCOPE,BU000021342,X24N_NHAIS_20180622_BU.1
Department of Health,NHS Milton Keynes CCG,30/06/2018,C&M-GMS Cost of Drugs -Prescribing,LOCAL ENHANCED SERVICES,COBBS GARDEN SURGERY,22696968,"3,096.73","3,096.73",OUTSIDE SCOPE,BU000021345,X24N_NHAIS_20180622_BU.1
Department of Health,NHS Milton Keynes CCG,30/06/2018,C&M-GMS DES Learn Dsblty Hlth Chk,PRC DELEGATED CO-COMMISSIONING,COBBS GARDEN SURGERY,22696968,140.00,140.00,OUTSIDE SCOPE,BU000021345,X24N_NHAIS_20180622_BU.1
Department of Health,NHS Milton Keynes CCG,30/06/2018,C&M-GMS DES Minor Surgery,PRC DELEGATED CO-COMMISSIONING,COBBS GARDEN SURGERY,22696968,397.70,397.70,OUTSIDE SCOPE,BU000021345,X24N_NHAIS_20180622_BU.1
Department of Health,NHS Milton Keynes CCG,30/06/2018,C&M-GMS Global Sum,PRC DELEGATED CO-COMMISSIONING,COBBS GARDEN SURGERY,22696968,"57,339.27","57,339.27",OUTSIDE SCOPE,BU000021345,X24N_NHAIS_20180622_BU.1
Department of Health,NHS Milton Keynes CCG,30/06/2018,C&M-GMS MPIG Correction Factor,PRC DELEGATED CO-COMMISSIONING,COBBS GARDEN SURGERY,22696968,502.40,502.40,OUTSIDE SCOPE,BU000021345,X24N_NHAIS_20180622_BU.1
Department of Health,NHS Milton Keynes CCG,30/06/2018,C&M-GMS PCO Seniority,PRC DELEGATED CO-COMMISSIONING,COBBS GARDEN SURGERY,22696968,"2,383.56","2,383.56",OUTSIDE SCOPE,BU000021345,X24N_NHAIS_20180622_BU.1
Department of Health,NHS Milton Keynes CCG,30/06/2018,C&M-GMS Prem Clinical Waste,PRC DELEGATED CO-COMMISSIONING,COBBS GARDEN SURGERY,22696968,"1,390.48","1,390.48",OUTSIDE SCOPE,BU000021345,X24N_NHAIS_20180622_BU.1
Department of Health,NHS Milton Keynes CCG,30/06/2018,C&M-GMS Prem Cost Rent,PRC DELEGATED CO-COMMISSIONING,COBBS GARDEN SURGERY,22696968,"2,357.10","2,357.10",OUTSIDE SCOPE,BU000021345,X24N_NHAIS_20180622_BU.1
Department of Health,NHS Milton Keynes CCG,30/06/2018,C&M-GMS Prem Notional Rent,PRC DELEGATED CO-COMMISSIONING,COBBS GARDEN SURGERY,22696968,683.33,683.33,OUTSIDE SCOPE,BU000021345,X24N_NHAIS_20180622_BU.1
Department of Health,NHS Milton Keynes CCG,30/06/2018,C&M-GMS Prem Rates,PRC DELEGATED CO-COMMISSIONING,COBBS GARDEN SURGERY,22696968,987.40,987.40,OUTSIDE SCOPE,BU000021345,X24N_NHAIS_20180622_BU.1
Department of Health,NHS Milton Keynes CCG,30/06/2018,C&M-GMS Prof Fees Prescribing,PRC DELEGATED CO-COMMISSIONING,COBBS GARDEN SURGERY,22696968,184.00,184.00,OUTSIDE SCOPE,BU000021345,X24N_NHAIS_20180622_BU.1
Department of Health,NHS Milton Keynes CCG,30/06/2018,C&M-GMS QOF Achievement,PRC DELEGATED CO-COMMISSIONING,COBBS GARDEN SURGERY,22696968,"27,415.43","27,415.43",OUTSIDE SCOPE,BU000021345,X24N_NHAIS_20180622_BU.1
Department of Health,NHS Milton Keynes CCG,30/06/2018,C&M-GMS QOF Aspiration,PRC DELEGATED CO-COMMISSIONING,COBBS GARDEN SURGERY,22696968,"6,291.75","6,291.75",OUTSIDE SCOPE,BU000021345,X24N_NHAIS_20180622_BU.1
Department of Health,NHS Milton Keynes CCG,30/06/2018,ME - GMS GP Prior Year ERs,PRC DELEGATED CO-COMMISSIONING,COBBS GARDEN SURGERY,22696968,748.96,748.96,OUTSIDE SCOPE,BU000021345,X24N_NHAIS_20180622_BU.1
Department of Health,NHS Milton Keynes CCG,30/06/2018,ME-GMS GP Prior Year EEs,PRC DELEGATED CO-COMMISSIONING,COBBS GARDEN SURGERY,22696968,651.04,651.04,OUTSIDE SCOPE,BU000021345,X24N_NHAIS_20180622_BU.1
Department of Health,NHS Milton Keynes CCG,30/06/2018,C&M-GMS Cost of Drugs -Prescribing,LOCAL ENHANCED SERVICES,WOLVERTON HEALTH CENTRE,22696969,655.67,655.67,OUTSIDE SCOPE,BU000021351,X24N_NHAIS_20180622_BU.1
Department of Health,NHS Milton Keynes CCG,30/06/2018,C&M-GMS DES Minor Surgery,PRC DELEGATED CO-COMMISSIONING,WOLVERTON HEALTH CENTRE,22696969,"4,153.86","4,153.86",OUTSIDE SCOPE,BU000021351,X24N_NHAIS_20180622_BU.1
Department of Health,NHS Milton Keynes CCG,30/06/2018,C&M-GMS Global Sum,PRC DELEGATED CO-COMMISSIONING,WOLVERTON HEALTH CENTRE,22696969,"98,925.05","98,925.05",OUTSIDE SCOPE,BU000021351,X24N_NHAIS_20180622_BU.1
Department of Health,NHS Milton Keynes CCG,30/06/2018,C&M-GMS Other FDR Payment,PRC DELEGATED CO-COMMISSIONING,WOLVERTON HEALTH CENTRE,22696969,"6,327.21","6,327.21",OUTSIDE SCOPE,BU000021351,X24N_NHAIS_20180622_BU.1
Department of Health,NHS Milton Keynes CCG,30/06/2018,C&M-GMS PCO Other,PRC DELEGATED CO-COMMISSIONING,WOLVERTON HEALTH CENTRE,22696969,"9,525.00","9,525.00",OUTSIDE SCOPE,BU000021351,X24N_NHAIS_20180622_BU.1
Department of Health,NHS Milton Keynes CCG,30/06/2018,C&M-GMS PCO Seniority,PRC DELEGATED CO-COMMISSIONING,WOLVERTON HEALTH CENTRE,22696969,"2,653.65","2,653.65",OUTSIDE SCOPE,BU000021351,X24N_NHAIS_20180622_BU.1
Department of Health,NHS Milton Keynes CCG,30/06/2018,C&M-GMS Prem Actual Rent,PRC DELEGATED CO-COMMISSIONING,WOLVERTON HEALTH CENTRE,22696969,"59,100.00","59,100.00",OUTSIDE SCOPE,BU000021351,X24N_NHAIS_20180622_BU.1
Department of Health,NHS Milton Keynes CCG,30/06/2018,C&M-GMS Prem Rates,PRC DELEGATED CO-COMMISSIONING,WOLVERTON HEALTH CENTRE,22696969,"5,176.50","5,176.50",OUTSIDE SCOPE,BU000021351,X24N_NHAIS_20180622_BU.1
Department of Health,NHS Milton Keynes CCG,30/06/2018,C&M-GMS Prem Water Rates,PRC DELEGATED CO-COMMISSIONING,WOLVERTON HEALTH CENTRE,22696969,315.52,315.52,OUTSIDE SCOPE,BU000021351,X24N_NHAIS_20180622_BU.1
Department of Health,NHS Milton Keynes CCG,30/06/2018,C&M-GMS Prof Fees Prescribing,PRC DELEGATED CO-COMMISSIONING,WOLVERTON HEALTH CENTRE,22696969,144.90,144.90,OUTSIDE SCOPE,BU000021351,X24N_NHAIS_20180622_BU.1
Department of Health,NHS Milton Keynes CCG,30/06/2018,C&M-GMS QOF Achievement,PRC DELEGATED CO-COMMISSIONING,WOLVERTON HEALTH CENTRE,22696969,"40,877.99","40,877.99",OUTSIDE SCOPE,BU000021351,X24N_NHAIS_20180622_BU.1
Department of Health,NHS Milton Keynes CCG,30/06/2018,C&M-GMS QOF Aspiration,PRC DELEGATED CO-COMMISSIONING,WOLVERTON HEALTH CENTRE,22696969,"9,098.11","9,098.11",OUTSIDE SCOPE,BU000021351,X24N_NHAIS_20180622_BU.1
Department of Health,NHS Milton Keynes CCG,30/06/2018,ME-GMS GP Pension AVCs,PRC DELEGATED CO-COMMISSIONING,WOLVERTON HEALTH CENTRE,22696969,"1,800.00","1,800.00",OUTSIDE SCOPE,BU000021351,X24N_NHAIS_20180622_BU.1
Department of Health,NHS Milton Keynes CCG,30/06/2018,ME-GMS GP Pension EEs Adjustments,PRC DELEGATED CO-COMMISSIONING,WOLVERTON HEALTH CENTRE,22696969,"2,900.00","2,900.00",OUTSIDE SCOPE,BU000021351,X24N_NHAIS_20180622_BU.1
Department of Health,NHS Milton Keynes CCG,30/06/2018,ME-GMS GP Pension ERs Adjustments,PRC DELEGATED CO-COMMISSIONING,WOLVERTON HEALTH CENTRE,22696969,"2,876.00","2,876.00",OUTSIDE SCOPE,BU000021351,X24N_NHAIS_20180622_BU.1
Department of Health,NHS Milton Keynes CCG,30/06/2018,C&M-GMS Cost of Drugs -Prescribing,LOCAL ENHANCED SERVICES,GROVE SURGERY,22696970,515.44,515.44,OUTSIDE SCOPE,BU000021353,X24N_NHAIS_20180622_BU.1
Department of Health,NHS Milton Keynes CCG,30/06/2018,C&M-GMS Global Sum,PRC DELEGATED CO-COMMISSIONING,GROVE SURGERY,22696970,"53,558.15","53,558.15",OUTSIDE SCOPE,BU000021353,X24N_NHAIS_20180622_BU.1
Department of Health,NHS Milton Keynes CCG,30/06/2018,C&M-GMS Other FDR Payment,PRC DELEGATED CO-COMMISSIONING,GROVE SURGERY,22696970,889.41,889.41,OUTSIDE SCOPE,BU000021353,X24N_NHAIS_20180622_BU.1
Department of Health,NHS Milton Keynes CCG,30/06/2018,C&M-GMS PCO Seniority,PRC DELEGATED CO-COMMISSIONING,GROVE SURGERY,22696970,177.56,177.56,OUTSIDE SCOPE,BU000021353,X24N_NHAIS_20180622_BU.1
Department of Health,NHS Milton Keynes CCG,30/06/2018,C&M-GMS Prem Actual Rent,PRC DELEGATED CO-COMMISSIONING,GROVE SURGERY,22696970,"20,475.00","20,475.00",OUTSIDE SCOPE,BU000021353,X24N_NHAIS_20180622_BU.1
Department of Health,NHS Milton Keynes CCG,30/06/2018,C&M-GMS Prem Rates,PRC DELEGATED CO-COMMISSIONING,GROVE SURGERY,22696970,"9,557.66","9,557.66",OUTSIDE SCOPE,BU000021353,X24N_NHAIS_20180622_BU.1
Department of Health,NHS Milton Keynes CCG,30/06/2018,C&M-GMS Prem Water Rates,PRC DELEGATED CO-COMMISSIONING,GROVE SURGERY,22696970,"1,804.69","1,804.69",OUTSIDE SCOPE,BU000021353,X24N_NHAIS_20180622_BU.1
Department of Health,NHS Milton Keynes CCG,30/06/2018,C&M-GMS Prof Fees Prescribing,PRC DELEGATED CO-COMMISSIONING,GROVE SURGERY,22696970,126.50,126.50,OUTSIDE SCOPE,BU000021353,X24N_NHAIS_20180622_BU.1
Department of Health,NHS Milton Keynes CCG,30/06/2018,C&M-GMS QOF Achievement,PRC DELEGATED CO-COMMISSIONING,GROVE SURGERY,22696970,"22,339.73","22,339.73",OUTSIDE SCOPE,BU000021353,X24N_NHAIS_20180622_BU.1
Department of Health,NHS Milton Keynes CCG,30/06/2018,C&M-GMS QOF Aspiration,PRC DELEGATED CO-COMMISSIONING,GROVE SURGERY,22696970,"4,454.57","4,454.57",OUTSIDE SCOPE,BU000021353,X24N_NHAIS_20180622_BU.1
Department of Health,NHS Milton Keynes CCG,30/06/2018,C&M-GMS Cost of Drugs -Prescribing,LOCAL ENHANCED SERVICES,HILLTOPS MEDICAL CENTRE,22696971,"2,202.01","2,202.01",OUTSIDE SCOPE,BU000021355,X24N_NHAIS_20180622_BU.1
Department of Health,NHS Milton Keynes CCG,30/06/2018,C&M-GMS DES Learn Dsblty Hlth Chk,PRC DELEGATED CO-COMMISSIONING,HILLTOPS MEDICAL CENTRE,22696971,"1,120.00","1,120.00",OUTSIDE SCOPE,BU000021355,X24N_NHAIS_20180622_BU.1
Department of Health,NHS Milton Keynes CCG,30/06/2018,C&M-GMS DES Minor Surgery,PRC DELEGATED CO-COMMISSIONING,HILLTOPS MEDICAL CENTRE,22696971,"1,325.66","1,325.66",OUTSIDE SCOPE,BU000021355,X24N_NHAIS_20180622_BU.1
Department of Health,NHS Milton Keynes CCG,30/06/2018,C&M-GMS Global Sum,PRC DELEGATED CO-COMMISSIONING,HILLTOPS MEDICAL CENTRE,22696971,"96,748.47","96,748.47",OUTSIDE SCOPE,BU000021355,X24N_NHAIS_20180622_BU.1
Department of Health,NHS Milton Keynes CCG,30/06/2018,C&M-GMS Other FDR Payment,PRC DELEGATED CO-COMMISSIONING,HILLTOPS MEDICAL CENTRE,22696971,"6,393.13","6,393.13",OUTSIDE SCOPE,BU000021355,X24N_NHAIS_20180622_BU.1
Department of Health,NHS Milton Keynes CCG,30/06/2018,C&M-GMS PCO Other,PRC DELEGATED CO-COMMISSIONING,HILLTOPS MEDICAL CENTRE,22696971,"9,733.00","9,733.00",OUTSIDE SCOPE,BU000021355,X24N_NHAIS_20180622_BU.1
Department of Health,NHS Milton Keynes CCG,30/06/2018,C&M-GMS PCO Seniority,PRC DELEGATED CO-COMMISSIONING,HILLTOPS MEDICAL CENTRE,22696971,"3,473.32","3,473.32",OUTSIDE SCOPE,BU000021355,X24N_NHAIS_20180622_BU.1
Department of Health,NHS Milton Keynes CCG,30/06/2018,C&M-GMS Prem Notional Rent,PRC DELEGATED CO-COMMISSIONING,HILLTOPS MEDICAL CENTRE,22696971,"11,791.67","11,791.67",OUTSIDE SCOPE,BU000021355,X24N_NHAIS_20180622_BU.1
Department of Health,NHS Milton Keynes CCG,30/06/2018,C&M-GMS Prem Rates,PRC DELEGATED CO-COMMISSIONING,HILLTOPS MEDICAL CENTRE,22696971,"2,561.96","2,561.96",OUTSIDE SCOPE,BU000021355,X24N_NHAIS_20180622_BU.1
Department of Health,NHS Milton Keynes CCG,30/06/2018,C&M-GMS Prof Fees Prescribing,PRC DELEGATED CO-COMMISSIONING,HILLTOPS MEDICAL CENTRE,22696971,365.70,365.70,OUTSIDE SCOPE,BU000021355,X24N_NHAIS_20180622_BU.1
Department of Health,NHS Milton Keynes CCG,30/06/2018,C&M-GMS QOF Achievement,PRC DELEGATED CO-COMMISSIONING,HILLTOPS MEDICAL CENTRE,22696971,"50,925.79","50,925.79",OUTSIDE SCOPE,BU000021355,X24N_NHAIS_20180622_BU.1
Department of Health,NHS Milton Keynes CCG,30/06/2018,C&M-GMS QOF Aspiration,PRC DELEGATED CO-COMMISSIONING,HILLTOPS MEDICAL CENTRE,22696971,"10,503.01","10,503.01",OUTSIDE SCOPE,BU000021355,X24N_NHAIS_20180622_BU.1
Department of Health,NHS Milton Keynes CCG,30/06/2018,C&M-GMS Cost of Drugs -Prescribing,LOCAL ENHANCED SERVICES,MILTON KEYNES VILLAGE PRACTICE,22696972,"2,188.31","2,188.31",OUTSIDE SCOPE,BU000021357,X24N_NHAIS_20180622_BU.1
Department of Health,NHS Milton Keynes CCG,30/06/2018,C&M-GMS DES Minor Surgery,PRC DELEGATED CO-COMMISSIONING,MILTON KEYNES VILLAGE PRACTICE,22696972,530.28,530.28,OUTSIDE SCOPE,BU000021357,X24N_NHAIS_20180622_BU.1
Department of Health,NHS Milton Keynes CCG,30/06/2018,C&M-GMS Global Sum,PRC DELEGATED CO-COMMISSIONING,MILTON KEYNES VILLAGE PRACTICE,22696972,"78,815.21","78,815.21",OUTSIDE SCOPE,BU000021357,X24N_NHAIS_20180622_BU.1
Department of Health,NHS Milton Keynes CCG,30/06/2018,C&M-GMS MPIG Correction Factor,PRC DELEGATED CO-COMMISSIONING,MILTON KEYNES VILLAGE PRACTICE,22696972,"3,625.63","3,625.63",OUTSIDE SCOPE,BU000021357,X24N_NHAIS_20180622_BU.1
Department of Health,NHS Milton Keynes CCG,30/06/2018,C&M-GMS PCO Other,PRC DELEGATED CO-COMMISSIONING,MILTON KEYNES VILLAGE PRACTICE,22696972,"9,015.00","9,015.00",OUTSIDE SCOPE,BU000021357,X24N_NHAIS_20180622_BU.1
Department of Health,NHS Milton Keynes CCG,30/06/2018,C&M-GMS PCO Seniority,PRC DELEGATED CO-COMMISSIONING,MILTON KEYNES VILLAGE PRACTICE,22696972,"2,305.36","2,305.36",OUTSIDE SCOPE,BU000021357,X24N_NHAIS_20180622_BU.1
Department of Health,NHS Milton Keynes CCG,30/06/2018,C&M-GMS Prem Rates,PRC DELEGATED CO-COMMISSIONING,MILTON KEYNES VILLAGE PRACTICE,22696972,"1,811.47","1,811.47",OUTSIDE SCOPE,BU000021357,X24N_NHAIS_20180622_BU.1
Department of Health,NHS Milton Keynes CCG,30/06/2018,C&M-GMS Prof Fees Prescribing,PRC DELEGATED CO-COMMISSIONING,MILTON KEYNES VILLAGE PRACTICE,22696972,363.40,363.40,OUTSIDE SCOPE,BU000021357,X24N_NHAIS_20180622_BU.1
Department of Health,NHS Milton Keynes CCG,30/06/2018,C&M-GMS QOF Achievement,PRC DELEGATED CO-COMMISSIONING,MILTON KEYNES VILLAGE PRACTICE,22696972,"32,821.78","32,821.78",OUTSIDE SCOPE,BU000021357,X24N_NHAIS_20180622_BU.1
Department of Health,NHS Milton Keynes CCG,30/06/2018,C&M-GMS QOF Aspiration,PRC DELEGATED CO-COMMISSIONING,MILTON KEYNES VILLAGE PRACTICE,22696972,"6,427.49","6,427.49",OUTSIDE SCOPE,BU000021357,X24N_NHAIS_20180622_BU.1
Department of Health,NHS Milton Keynes CCG,30/06/2018,C&M-GMS Cost of Drugs -Prescribing,LOCAL ENHANCED SERVICES,OAKRIDGE PARK MEDICAL CENTRE,22696973,"1,042.25","1,042.25",OUTSIDE SCOPE,BU000021359,X24N_NHAIS_20180622_BU.1
Department of Health,NHS Milton Keynes CCG,30/06/2018,C&M-GMS DES Learn Dsblty Hlth Chk,PRC DELEGATED CO-COMMISSIONING,OAKRIDGE PARK MEDICAL CENTRE,22696973,980.00,980.00,OUTSIDE SCOPE,BU000021359,X24N_NHAIS_20180622_BU.1
Department of Health,NHS Milton Keynes CCG,30/06/2018,C&M-GMS Global Sum,PRC DELEGATED CO-COMMISSIONING,OAKRIDGE PARK MEDICAL CENTRE,22696973,"78,033.76","78,033.76",OUTSIDE SCOPE,BU000021359,X24N_NHAIS_20180622_BU.1
Department of Health,NHS Milton Keynes CCG,30/06/2018,C&M-GMS MPIG Correction Factor,PRC DELEGATED CO-COMMISSIONING,OAKRIDGE PARK MEDICAL CENTRE,22696973,606.14,606.14,OUTSIDE SCOPE,BU000021359,X24N_NHAIS_20180622_BU.1
Department of Health,NHS Milton Keynes CCG,30/06/2018,C&M-GMS PCO Seniority,PRC DELEGATED CO-COMMISSIONING,OAKRIDGE PARK MEDICAL CENTRE,22696973,"2,034.35","2,034.35",OUTSIDE SCOPE,BU000021359,X24N_NHAIS_20180622_BU.1
Department of Health,NHS Milton Keynes CCG,30/06/2018,C&M-GMS Prem Healthcentre Rent,PRC DELEGATED CO-COMMISSIONING,OAKRIDGE PARK MEDICAL CENTRE,22696973,"38,198.17","38,198.17",OUTSIDE SCOPE,BU000021359,X24N_NHAIS_20180622_BU.1
Department of Health,NHS Milton Keynes CCG,30/06/2018,C&M-GMS Prem Rates,PRC DELEGATED CO-COMMISSIONING,OAKRIDGE PARK MEDICAL CENTRE,22696973,"5,419.30","5,419.30",OUTSIDE SCOPE,BU000021359,X24N_NHAIS_20180622_BU.1
Department of Health,NHS Milton Keynes CCG,30/06/2018,C&M-GMS Prem Water Rates,PRC DELEGATED CO-COMMISSIONING,OAKRIDGE PARK MEDICAL CENTRE,22696973,164.53,164.53,OUTSIDE SCOPE,BU000021359,X24N_NHAIS_20180622_BU.1
Department of Health,NHS Milton Keynes CCG,30/06/2018,C&M-GMS Prof Fees Prescribing,PRC DELEGATED CO-COMMISSIONING,OAKRIDGE PARK MEDICAL CENTRE,22696973,142.60,142.60,OUTSIDE SCOPE,BU000021359,X24N_NHAIS_20180622_BU.1
Department of Health,NHS Milton Keynes CCG,30/06/2018,C&M-GMS QOF Achievement,PRC DELEGATED CO-COMMISSIONING,OAKRIDGE PARK MEDICAL CENTRE,22696973,"30,945.85","30,945.85",OUTSIDE SCOPE,BU000021359,X24N_NHAIS_20180622_BU.1
Department of Health,NHS Milton Keynes CCG,30/06/2018,C&M-GMS QOF Aspiration,PRC DELEGATED CO-COMMISSIONING,OAKRIDGE PARK MEDICAL CENTRE,22696973,"7,070.62","7,070.62",OUTSIDE SCOPE,BU000021359,X24N_NHAIS_20180622_BU.1
Department of Health,NHS Milton Keynes CCG,30/06/2018,C&M-GMS Cost of Drugs -Prescribing,LOCAL ENHANCED SERVICES,PARKSIDE MEDICAL CENTRE,22696974,359.89,359.89,OUTSIDE SCOPE,BU000021361,X24N_NHAIS_20180622_BU.1
Department of Health,NHS Milton Keynes CCG,30/06/2018,C&M-GMS DES Minor Surgery,PRC DELEGATED CO-COMMISSIONING,PARKSIDE MEDICAL CENTRE,22696974,"1,325.70","1,325.70",OUTSIDE SCOPE,BU000021361,X24N_NHAIS_20180622_BU.1
Department of Health,NHS Milton Keynes CCG,30/06/2018,C&M-GMS Global Sum,PRC DELEGATED CO-COMMISSIONING,PARKSIDE MEDICAL CENTRE,22696974,"72,528.28","72,528.28",OUTSIDE SCOPE,BU000021361,X24N_NHAIS_20180622_BU.1
Department of Health,NHS Milton Keynes CCG,30/06/2018,C&M-GMS MPIG Correction Factor,PRC DELEGATED CO-COMMISSIONING,PARKSIDE MEDICAL CENTRE,22696974,10.45,10.45,OUTSIDE SCOPE,BU000021361,X24N_NHAIS_20180622_BU.1
Department of Health,NHS Milton Keynes CCG,30/06/2018,C&M-GMS PCO Other,PRC DELEGATED CO-COMMISSIONING,PARKSIDE MEDICAL CENTRE,22696974,"11,881.00","11,881.00",OUTSIDE SCOPE,BU000021361,X24N_NHAIS_20180622_BU.1
Department of Health,NHS Milton Keynes CCG,30/06/2018,C&M-GMS PCO Seniority,PRC DELEGATED CO-COMMISSIONING,PARKSIDE MEDICAL CENTRE,22696974,"1,878.91","1,878.91",OUTSIDE SCOPE,BU000021361,X24N_NHAIS_20180622_BU.1
Department of Health,NHS Milton Keynes CCG,30/06/2018,C&M-GMS Prem Notional Rent,PRC DELEGATED CO-COMMISSIONING,PARKSIDE MEDICAL CENTRE,22696974,"10,458.33","10,458.33",OUTSIDE SCOPE,BU000021361,X24N_NHAIS_20180622_BU.1
Department of Health,NHS Milton Keynes CCG,30/06/2018,C&M-GMS Prof Fees Prescribing,PRC DELEGATED CO-COMMISSIONING,PARKSIDE MEDICAL CENTRE,22696974,105.80,105.80,OUTSIDE SCOPE,BU000021361,X24N_NHAIS_20180622_BU.1
Department of Health,NHS Milton Keynes CCG,30/06/2018,C&M-GMS QOF Achievement,PRC DELEGATED CO-COMMISSIONING,PARKSIDE MEDICAL CENTRE,22696974,"31,927.95","31,927.95",OUTSIDE SCOPE,BU000021361,X24N_NHAIS_20180622_BU.1
Department of Health,NHS Milton Keynes CCG,30/06/2018,C&M-GMS QOF Aspiration,PRC DELEGATED CO-COMMISSIONING,PARKSIDE MEDICAL CENTRE,22696974,"7,914.57","7,914.57",OUTSIDE SCOPE,BU000021361,X24N_NHAIS_20180622_BU.1
Department of Health,NHS Milton Keynes CCG,30/06/2018,C&M-GMS Cost of Drugs -Prescribing,LOCAL ENHANCED SERVICES,RED HOUSE SURGERY,22696975,"5,087.36","5,087.36",OUTSIDE SCOPE,BU000021363,X24N_NHAIS_20180622_BU.1
Department of Health,NHS Milton Keynes CCG,30/06/2018,C&M-GMS DES Minor Surgery,PRC DELEGATED CO-COMMISSIONING,RED HOUSE SURGERY,22696975,"1,723.41","1,723.41",OUTSIDE SCOPE,BU000021363,X24N_NHAIS_20180622_BU.1
Department of Health,NHS Milton Keynes CCG,30/06/2018,C&M-GMS Global Sum,PRC DELEGATED CO-COMMISSIONING,RED HOUSE SURGERY,22696975,"100,787.95","100,787.95",OUTSIDE SCOPE,BU000021363,X24N_NHAIS_20180622_BU.1
Department of Health,NHS Milton Keynes CCG,30/06/2018,C&M-GMS Other FDR Payment,PRC DELEGATED CO-COMMISSIONING,RED HOUSE SURGERY,22696975,756.26,756.26,OUTSIDE SCOPE,BU000021363,X24N_NHAIS_20180622_BU.1
Department of Health,NHS Milton Keynes CCG,30/06/2018,C&M-GMS PCO Other,PRC DELEGATED CO-COMMISSIONING,RED HOUSE SURGERY,22696975,"8,194.00","8,194.00",OUTSIDE SCOPE,BU000021363,X24N_NHAIS_20180622_BU.1
Department of Health,NHS Milton Keynes CCG,30/06/2018,C&M-GMS PCO Seniority,PRC DELEGATED CO-COMMISSIONING,RED HOUSE SURGERY,22696975,"4,832.42","4,832.42",OUTSIDE SCOPE,BU000021363,X24N_NHAIS_20180622_BU.1
Department of Health,NHS Milton Keynes CCG,30/06/2018,C&M-GMS Prem Actual Rent,PRC DELEGATED CO-COMMISSIONING,RED HOUSE SURGERY,22696975,"1,666.66","1,666.66",OUTSIDE SCOPE,BU000021363,X24N_NHAIS_20180622_BU.1
Department of Health,NHS Milton Keynes CCG,30/06/2018,C&M-GMS Prem Notional Rent,PRC DELEGATED CO-COMMISSIONING,RED HOUSE SURGERY,22696975,"4,916.67","4,916.67",OUTSIDE SCOPE,BU000021363,X24N_NHAIS_20180622_BU.1
Department of Health,NHS Milton Keynes CCG,30/06/2018,C&M-GMS Prem Rates,PRC DELEGATED CO-COMMISSIONING,RED HOUSE SURGERY,22696975,"5,581.28","5,581.28",OUTSIDE SCOPE,BU000021363,X24N_NHAIS_20180622_BU.1
Department of Health,NHS Milton Keynes CCG,30/06/2018,C&M-GMS Prof Fees Prescribing,PRC DELEGATED CO-COMMISSIONING,RED HOUSE SURGERY,22696975,602.60,602.60,OUTSIDE SCOPE,BU000021363,X24N_NHAIS_20180622_BU.1
Department of Health,NHS Milton Keynes CCG,30/06/2018,C&M-GMS QOF Achievement,PRC DELEGATED CO-COMMISSIONING,RED HOUSE SURGERY,22696975,"44,210.64","44,210.64",OUTSIDE SCOPE,BU000021363,X24N_NHAIS_20180622_BU.1
Department of Health,NHS Milton Keynes CCG,30/06/2018,C&M-GMS QOF Aspiration,PRC DELEGATED CO-COMMISSIONING,RED HOUSE SURGERY,22696975,"9,987.32","9,987.32",OUTSIDE SCOPE,BU000021363,X24N_NHAIS_20180622_BU.1
Department of Health,NHS Milton Keynes CCG,30/06/2018,C&M-GMS Cost of Drugs -Prescribing,LOCAL ENHANCED SERVICES,PURBECK HEALTH CENTRE,22696976,473.44,473.44,OUTSIDE SCOPE,BU000021365,X24N_NHAIS_20180622_BU.1
Department of Health,NHS Milton Keynes CCG,30/06/2018,C&M-GMS Global Sum,PRC DELEGATED CO-COMMISSIONING,PURBECK HEALTH CENTRE,22696976,"42,930.64","42,930.64",OUTSIDE SCOPE,BU000021365,X24N_NHAIS_20180622_BU.1
Department of Health,NHS Milton Keynes CCG,30/06/2018,C&M-GMS Other FDR Payment,PRC DELEGATED CO-COMMISSIONING,PURBECK HEALTH CENTRE,22696976,"4,880.33","4,880.33",OUTSIDE SCOPE,BU000021365,X24N_NHAIS_20180622_BU.1
Department of Health,NHS Milton Keynes CCG,30/06/2018,C&M-GMS PCO Other,PRC DELEGATED CO-COMMISSIONING,PURBECK HEALTH CENTRE,22696976,"4,427.00","4,427.00",OUTSIDE SCOPE,BU000021365,X24N_NHAIS_20180622_BU.1
Department of Health,NHS Milton Keynes CCG,30/06/2018,C&M-GMS PCO Seniority,PRC DELEGATED CO-COMMISSIONING,PURBECK HEALTH CENTRE,22696976,"1,622.69","1,622.69",OUTSIDE SCOPE,BU000021365,X24N_NHAIS_20180622_BU.1
Department of Health,NHS Milton Keynes CCG,30/06/2018,C&M-GMS Prem Actual Rent,PRC DELEGATED CO-COMMISSIONING,PURBECK HEALTH CENTRE,22696976,250.00,250.00,OUTSIDE SCOPE,BU000021365,X24N_NHAIS_20180622_BU.1
Department of Health,NHS Milton Keynes CCG,30/06/2018,C&M-GMS Prem Healthcentre Rent,PRC DELEGATED CO-COMMISSIONING,PURBECK HEALTH CENTRE,22696976,"2,708.33","2,708.33",OUTSIDE SCOPE,BU000021365,X24N_NHAIS_20180622_BU.1
Department of Health,NHS Milton Keynes CCG,30/06/2018,C&M-GMS Prem Rates,PRC DELEGATED CO-COMMISSIONING,PURBECK HEALTH CENTRE,22696976,182.40,182.40,OUTSIDE SCOPE,BU000021365,X24N_NHAIS_20180622_BU.1
Department of Health,NHS Milton Keynes CCG,30/06/2018,C&M-GMS Prof Fees Prescribing,PRC DELEGATED CO-COMMISSIONING,PURBECK HEALTH CENTRE,22696976,209.30,209.30,OUTSIDE SCOPE,BU000021365,X24N_NHAIS_20180622_BU.1
Department of Health,NHS Milton Keynes CCG,30/06/2018,C&M-GMS QOF Achievement,PRC DELEGATED CO-COMMISSIONING,PURBECK HEALTH CENTRE,22696976,"14,305.53","14,305.53",OUTSIDE SCOPE,BU000021365,X24N_NHAIS_20180622_BU.1
Department of Health,NHS Milton Keynes CCG,30/06/2018,C&M-GMS QOF Aspiration,PRC DELEGATED CO-COMMISSIONING,PURBECK HEALTH CENTRE,22696976,"3,941.49","3,941.49",OUTSIDE SCOPE,BU000021365,X24N_NHAIS_20180622_BU.1
Department of Health,NHS Milton Keynes CCG,30/06/2018,C&M-GMS Cost of Drugs -Prescribing,LOCAL ENHANCED SERVICES,SOVEREIGN MEDICAL CENTRE,22696977,410.67,410.67,OUTSIDE SCOPE,BU000021367,X24N_NHAIS_20180622_BU.1
Department of Health,NHS Milton Keynes CCG,30/06/2018,C&M-GMS Global Sum,PRC DELEGATED CO-COMMISSIONING,SOVEREIGN MEDICAL CENTRE,22696977,"69,011.39","69,011.39",OUTSIDE SCOPE,BU000021367,X24N_NHAIS_20180622_BU.1
Department of Health,NHS Milton Keynes CCG,30/06/2018,C&M-GMS PCO Other,PRC DELEGATED CO-COMMISSIONING,SOVEREIGN MEDICAL CENTRE,22696977,"6,409.00","6,409.00",OUTSIDE SCOPE,BU000021367,X24N_NHAIS_20180622_BU.1
Department of Health,NHS Milton Keynes CCG,30/06/2018,C&M-GMS PCO Seniority,PRC DELEGATED CO-COMMISSIONING,SOVEREIGN MEDICAL CENTRE,22696977,"3,807.53","3,807.53",OUTSIDE SCOPE,BU000021367,X24N_NHAIS_20180622_BU.1
Department of Health,NHS Milton Keynes CCG,30/06/2018,C&M-GMS Prem Cost Rent,PRC DELEGATED CO-COMMISSIONING,SOVEREIGN MEDICAL CENTRE,22696977,"5,661.33","5,661.33",OUTSIDE SCOPE,BU000021367,X24N_NHAIS_20180622_BU.1
Department of Health,NHS Milton Keynes CCG,30/06/2018,C&M-GMS Prem Rates,PRC DELEGATED CO-COMMISSIONING,SOVEREIGN MEDICAL CENTRE,22696977,"1,071.18","1,071.18",OUTSIDE SCOPE,BU000021367,X24N_NHAIS_20180622_BU.1
Department of Health,NHS Milton Keynes CCG,30/06/2018,C&M-GMS Prem Water Rates,PRC DELEGATED CO-COMMISSIONING,SOVEREIGN MEDICAL CENTRE,22696977,166.89,166.89,OUTSIDE SCOPE,BU000021367,X24N_NHAIS_20180622_BU.1
Department of Health,NHS Milton Keynes CCG,30/06/2018,C&M-GMS Prof Fees Prescribing,PRC DELEGATED CO-COMMISSIONING,SOVEREIGN MEDICAL CENTRE,22696977,101.20,101.20,OUTSIDE SCOPE,BU000021367,X24N_NHAIS_20180622_BU.1
Department of Health,NHS Milton Keynes CCG,30/06/2018,C&M-GMS QOF Achievement,PRC DELEGATED CO-COMMISSIONING,SOVEREIGN MEDICAL CENTRE,22696977,"27,397.10","27,397.10",OUTSIDE SCOPE,BU000021367,X24N_NHAIS_20180622_BU.1
Department of Health,NHS Milton Keynes CCG,30/06/2018,C&M-GMS QOF Aspiration,PRC DELEGATED CO-COMMISSIONING,SOVEREIGN MEDICAL CENTRE,22696977,"6,425.39","6,425.39",OUTSIDE SCOPE,BU000021367,X24N_NHAIS_20180622_BU.1
Department of Health,NHS Milton Keynes CCG,30/06/2018,C&M-GMS Cost of Drugs -Prescribing,LOCAL ENHANCED SERVICES,STONEDEAN PRACTICE,22696978,624.88,624.88,OUTSIDE SCOPE,BU000021369,X24N_NHAIS_20180622_BU.1
Department of Health,NHS Milton Keynes CCG,30/06/2018,C&M-GMS DES Minor Surgery,PRC DELEGATED CO-COMMISSIONING,STONEDEAN PRACTICE,22696978,"1,148.91","1,148.91",OUTSIDE SCOPE,BU000021369,X24N_NHAIS_20180622_BU.1
Department of Health,NHS Milton Keynes CCG,30/06/2018,C&M-GMS Global Sum,PRC DELEGATED CO-COMMISSIONING,STONEDEAN PRACTICE,22696978,"48,496.44","48,496.44",OUTSIDE SCOPE,BU000021369,X24N_NHAIS_20180622_BU.1
Department of Health,NHS Milton Keynes CCG,30/06/2018,C&M-GMS PCO Other,PRC DELEGATED CO-COMMISSIONING,STONEDEAN PRACTICE,22696978,"4,666.00","4,666.00",OUTSIDE SCOPE,BU000021369,X24N_NHAIS_20180622_BU.1
Department of Health,NHS Milton Keynes CCG,30/06/2018,C&M-GMS PCO Seniority,PRC DELEGATED CO-COMMISSIONING,STONEDEAN PRACTICE,22696978,"1,691.15","1,691.15",OUTSIDE SCOPE,BU000021369,X24N_NHAIS_20180622_BU.1
Department of Health,NHS Milton Keynes CCG,30/06/2018,C&M-GMS Prem Actual Rent,PRC DELEGATED CO-COMMISSIONING,STONEDEAN PRACTICE,22696978,360.00,360.00,OUTSIDE SCOPE,BU000021369,X24N_NHAIS_20180622_BU.1
Department of Health,NHS Milton Keynes CCG,30/06/2018,C&M-GMS Prof Fees Prescribing,PRC DELEGATED CO-COMMISSIONING,STONEDEAN PRACTICE,22696978,248.40,248.40,OUTSIDE SCOPE,BU000021369,X24N_NHAIS_20180622_BU.1
Department of Health,NHS Milton Keynes CCG,30/06/2018,C&M-GMS QOF Achievement,PRC DELEGATED CO-COMMISSIONING,STONEDEAN PRACTICE,22696978,"22,419.38","22,419.38",OUTSIDE SCOPE,BU000021369,X24N_NHAIS_20180622_BU.1
Department of Health,NHS Milton Keynes CCG,30/06/2018,C&M-GMS QOF Aspiration,PRC DELEGATED CO-COMMISSIONING,STONEDEAN PRACTICE,22696978,"4,737.67","4,737.67",OUTSIDE SCOPE,BU000021369,X24N_NHAIS_20180622_BU.1
Department of Health,NHS Milton Keynes CCG,30/06/2018,C&M-GMS Cost of Drugs -Prescribing,LOCAL ENHANCED SERVICES,STONY MEDICAL CENTRE,22696980,"2,984.22","2,984.22",OUTSIDE SCOPE,BU000021371,X24N_NHAIS_20180622_BU.1
Department of Health,NHS Milton Keynes CCG,30/06/2018,C&M-GMS DES Minor Surgery,PRC DELEGATED CO-COMMISSIONING,STONY MEDICAL CENTRE,22696980,662.85,662.85,OUTSIDE SCOPE,BU000021371,X24N_NHAIS_20180622_BU.1
Department of Health,NHS Milton Keynes CCG,30/06/2018,C&M-GMS Global Sum,PRC DELEGATED CO-COMMISSIONING,STONY MEDICAL CENTRE,22696980,"81,215.01","81,215.01",OUTSIDE SCOPE,BU000021371,X24N_NHAIS_20180622_BU.1
Department of Health,NHS Milton Keynes CCG,30/06/2018,C&M-GMS PCO Other,PRC DELEGATED CO-COMMISSIONING,STONY MEDICAL CENTRE,22696980,"6,887.00","6,887.00",OUTSIDE SCOPE,BU000021371,X24N_NHAIS_20180622_BU.1
Department of Health,NHS Milton Keynes CCG,30/06/2018,C&M-GMS PCO Seniority,PRC DELEGATED CO-COMMISSIONING,STONY MEDICAL CENTRE,22696980,"2,072.38","2,072.38",OUTSIDE SCOPE,BU000021371,X24N_NHAIS_20180622_BU.1
Department of Health,NHS Milton Keynes CCG,30/06/2018,C&M-GMS Prof Fees Prescribing,PRC DELEGATED CO-COMMISSIONING,STONY MEDICAL CENTRE,22696980,349.60,349.60,OUTSIDE SCOPE,BU000021371,X24N_NHAIS_20180622_BU.1
Department of Health,NHS Milton Keynes CCG,30/06/2018,C&M-GMS QOF Achievement,PRC DELEGATED CO-COMMISSIONING,STONY MEDICAL CENTRE,22696980,"33,593.83","33,593.83",OUTSIDE SCOPE,BU000021371,X24N_NHAIS_20180622_BU.1
Department of Health,NHS Milton Keynes CCG,30/06/2018,C&M-GMS QOF Aspiration,PRC DELEGATED CO-COMMISSIONING,STONY MEDICAL CENTRE,22696980,"7,362.16","7,362.16",OUTSIDE SCOPE,BU000021371,X24N_NHAIS_20180622_BU.1
Department of Health,NHS Milton Keynes CCG,30/06/2018,C&M-GMS Cost of Drugs -Prescribing,LOCAL ENHANCED SERVICES,WHADDON MEDICAL CENTRE,22696981,"1,205.28","1,205.28",OUTSIDE SCOPE,BU000021377,X24N_NHAIS_20180622_BU.1
Department of Health,NHS Milton Keynes CCG,30/06/2018,C&M-GMS DES Minor Surgery,PRC DELEGATED CO-COMMISSIONING,WHADDON MEDICAL CENTRE,22696981,"2,032.68","2,032.68",OUTSIDE SCOPE,BU000021377,X24N_NHAIS_20180622_BU.1
Department of Health,NHS Milton Keynes CCG,30/06/2018,C&M-GMS Global Sum,PRC DELEGATED CO-COMMISSIONING,WHADDON MEDICAL CENTRE,22696981,"88,506.75","88,506.75",OUTSIDE SCOPE,BU000021377,X24N_NHAIS_20180622_BU.1
Department of Health,NHS Milton Keynes CCG,30/06/2018,C&M-GMS Other FDR Payment,PRC DELEGATED CO-COMMISSIONING,WHADDON MEDICAL CENTRE,22696981,937.06,937.06,OUTSIDE SCOPE,BU000021377,X24N_NHAIS_20180622_BU.1
Department of Health,NHS Milton Keynes CCG,30/06/2018,C&M-GMS PCO Other,PRC DELEGATED CO-COMMISSIONING,WHADDON MEDICAL CENTRE,22696981,"8,001.00","8,001.00",OUTSIDE SCOPE,BU000021377,X24N_NHAIS_20180622_BU.1
Department of Health,NHS Milton Keynes CCG,30/06/2018,C&M-GMS PCO Seniority,PRC DELEGATED CO-COMMISSIONING,WHADDON MEDICAL CENTRE,22696981,"5,112.20","5,112.20",OUTSIDE SCOPE,BU000021377,X24N_NHAIS_20180622_BU.1
Department of Health,NHS Milton Keynes CCG,30/06/2018,C&M-GMS Prem Actual Rent,PRC DELEGATED CO-COMMISSIONING,WHADDON MEDICAL CENTRE,22696981,"42,483.29","42,483.29",OUTSIDE SCOPE,BU000021377,X24N_NHAIS_20180622_BU.1
Department of Health,NHS Milton Keynes CCG,30/06/2018,C&M-GMS Prem Clinical Waste,PRC DELEGATED CO-COMMISSIONING,WHADDON MEDICAL CENTRE,22696981,"1,158.40","1,158.40",OUTSIDE SCOPE,BU000021377,X24N_NHAIS_20180622_BU.1
Department of Health,NHS Milton Keynes CCG,30/06/2018,C&M-GMS Prem Rates,PRC DELEGATED CO-COMMISSIONING,WHADDON MEDICAL CENTRE,22696981,"2,682.62","2,682.62",OUTSIDE SCOPE,BU000021377,X24N_NHAIS_20180622_BU.1
Department of Health,NHS Milton Keynes CCG,30/06/2018,C&M-GMS Prof Fees Prescribing,PRC DELEGATED CO-COMMISSIONING,WHADDON MEDICAL CENTRE,22696981,535.90,535.90,OUTSIDE SCOPE,BU000021377,X24N_NHAIS_20180622_BU.1
Department of Health,NHS Milton Keynes CCG,30/06/2018,C&M-GMS QOF Achievement,PRC DELEGATED CO-COMMISSIONING,WHADDON MEDICAL CENTRE,22696981,"45,521.77","45,521.77",OUTSIDE SCOPE,BU000021377,X24N_NHAIS_20180622_BU.1
Department of Health,NHS Milton Keynes CCG,30/06/2018,C&M-GMS QOF Aspiration,PRC DELEGATED CO-COMMISSIONING,WHADDON MEDICAL CENTRE,22696981,"9,884.30","9,884.30",OUTSIDE SCOPE,BU000021377,X24N_NHAIS_20180622_BU.1
Department of Health,NHS Milton Keynes CCG,30/06/2018,C&M-GMS Cost of Drugs -Prescribing,LOCAL ENHANCED SERVICES,WALNUT TREE HEALTH CENTRE,22696982,"1,908.75","1,908.75",OUTSIDE SCOPE,BU000021379,X24N_NHAIS_20180622_BU.1
Department of Health,NHS Milton Keynes CCG,30/06/2018,C&M-GMS DES Minor Surgery,PRC DELEGATED CO-COMMISSIONING,WALNUT TREE HEALTH CENTRE,22696982,707.04,707.04,OUTSIDE SCOPE,BU000021379,X24N_NHAIS_20180622_BU.1
Department of Health,NHS Milton Keynes CCG,30/06/2018,C&M-GMS Global Sum,PRC DELEGATED CO-COMMISSIONING,WALNUT TREE HEALTH CENTRE,22696982,"55,944.95","55,944.95",OUTSIDE SCOPE,BU000021379,X24N_NHAIS_20180622_BU.1
Department of Health,NHS Milton Keynes CCG,30/06/2018,C&M-GMS Other FDR Payment,PRC DELEGATED CO-COMMISSIONING,WALNUT TREE HEALTH CENTRE,22696982,"9,194.70","9,194.70",OUTSIDE SCOPE,BU000021379,X24N_NHAIS_20180622_BU.1
Department of Health,NHS Milton Keynes CCG,30/06/2018,C&M-GMS PCO Locum Sickness,PRC DELEGATED CO-COMMISSIONING,WALNUT TREE HEALTH CENTRE,22696982,"1,695.50","1,695.50",OUTSIDE SCOPE,BU000021379,X24N_NHAIS_20180622_BU.1
Department of Health,NHS Milton Keynes CCG,30/06/2018,C&M-GMS PCO Other,PRC DELEGATED CO-COMMISSIONING,WALNUT TREE HEALTH CENTRE,22696982,"6,535.00","6,535.00",OUTSIDE SCOPE,BU000021379,X24N_NHAIS_20180622_BU.1
Department of Health,NHS Milton Keynes CCG,30/06/2018,C&M-GMS Prem Notional Rent,PRC DELEGATED CO-COMMISSIONING,WALNUT TREE HEALTH CENTRE,22696982,"5,800.00","5,800.00",OUTSIDE SCOPE,BU000021379,X24N_NHAIS_20180622_BU.1
Department of Health,NHS Milton Keynes CCG,30/06/2018,C&M-GMS Prem Rates,PRC DELEGATED CO-COMMISSIONING,WALNUT TREE HEALTH CENTRE,22696982,"1,338.20","1,338.20",OUTSIDE SCOPE,BU000021379,X24N_NHAIS_20180622_BU.1
Department of Health,NHS Milton Keynes CCG,30/06/2018,C&M-GMS Prof Fees Prescribing,PRC DELEGATED CO-COMMISSIONING,WALNUT TREE HEALTH CENTRE,22696982,324.30,324.30,OUTSIDE SCOPE,BU000021379,X24N_NHAIS_20180622_BU.1
Department of Health,NHS Milton Keynes CCG,30/06/2018,C&M-GMS QOF Achievement,PRC DELEGATED CO-COMMISSIONING,WALNUT TREE HEALTH CENTRE,22696982,"24,948.37","24,948.37",OUTSIDE SCOPE,BU000021379,X24N_NHAIS_20180622_BU.1
Department of Health,NHS Milton Keynes CCG,30/06/2018,C&M-GMS QOF Aspiration,PRC DELEGATED CO-COMMISSIONING,WALNUT TREE HEALTH CENTRE,22696982,"5,413.45","5,413.45",OUTSIDE SCOPE,BU000021379,X24N_NHAIS_20180622_BU.1
Department of Health,NHS Milton Keynes CCG,30/06/2018,C&M-GMS Cost of Drugs -Prescribing,LOCAL ENHANCED SERVICES,WATLING VALE MEDICAL CENTRE,22696983,"1,858.94","1,858.94",OUTSIDE SCOPE,BU000021382,X24N_NHAIS_20180622_BU.1
Department of Health,NHS Milton Keynes CCG,30/06/2018,C&M-GMS Global Sum,PRC DELEGATED CO-COMMISSIONING,WATLING VALE MEDICAL CENTRE,22696983,"74,731.58","74,731.58",OUTSIDE SCOPE,BU000021382,X24N_NHAIS_20180622_BU.1
Department of Health,NHS Milton Keynes CCG,30/06/2018,C&M-GMS Other FDR Payment,PRC DELEGATED CO-COMMISSIONING,WATLING VALE MEDICAL CENTRE,22696983,"7,550.38","7,550.38",OUTSIDE SCOPE,BU000021382,X24N_NHAIS_20180622_BU.1
Department of Health,NHS Milton Keynes CCG,30/06/2018,C&M-GMS PCO Other,PRC DELEGATED CO-COMMISSIONING,WATLING VALE MEDICAL CENTRE,22696983,"8,002.00","8,002.00",OUTSIDE SCOPE,BU000021382,X24N_NHAIS_20180622_BU.1
Department of Health,NHS Milton Keynes CCG,30/06/2018,C&M-GMS PCO Seniority,PRC DELEGATED CO-COMMISSIONING,WATLING VALE MEDICAL CENTRE,22696983,"2,094.18","2,094.18",OUTSIDE SCOPE,BU000021382,X24N_NHAIS_20180622_BU.1
Department of Health,NHS Milton Keynes CCG,30/06/2018,C&M-GMS Prem Actual Rent,PRC DELEGATED CO-COMMISSIONING,WATLING VALE MEDICAL CENTRE,22696983,"5,625.00","5,625.00",OUTSIDE SCOPE,BU000021382,X24N_NHAIS_20180622_BU.1
Department of Health,NHS Milton Keynes CCG,30/06/2018,C&M-GMS Prem Rates,PRC DELEGATED CO-COMMISSIONING,WATLING VALE MEDICAL CENTRE,22696983,"1,289.44","1,289.44",OUTSIDE SCOPE,BU000021382,X24N_NHAIS_20180622_BU.1
Department of Health,NHS Milton Keynes CCG,30/06/2018,C&M-GMS Prof Fees Prescribing,PRC DELEGATED CO-COMMISSIONING,WATLING VALE MEDICAL CENTRE,22696983,165.60,165.60,OUTSIDE SCOPE,BU000021382,X24N_NHAIS_20180622_BU.1
Department of Health,NHS Milton Keynes CCG,30/06/2018,C&M-GMS QOF Achievement,PRC DELEGATED CO-COMMISSIONING,WATLING VALE MEDICAL CENTRE,22696983,"36,159.94","36,159.94",OUTSIDE SCOPE,BU000021382,X24N_NHAIS_20180622_BU.1
Department of Health,NHS Milton Keynes CCG,30/06/2018,C&M-GMS QOF Aspiration,PRC DELEGATED CO-COMMISSIONING,WATLING VALE MEDICAL CENTRE,22696983,"6,799.53","6,799.53",OUTSIDE SCOPE,BU000021382,X24N_NHAIS_20180622_BU.1
Department of Health,NHS Milton Keynes CCG,30/06/2018,C&M-GMS Prem Improvement Grant,PRC DELEGATED CO-COMMISSIONING,MILTON KEYNES VILLAGE PRACTICE,22727055,"40,094.90","48,113.88",STANDARD,MKVP07418BUSKFO,http://nww.docserv.wyss.nhs.uk/synergyiim/dist/?val=596916_4952169_20180618152656
Department of Health,NHS Milton Keynes CCG,30/06/2018,Clinical&Medical-Voluntary Sector,HOSPICES,WILLEN HOSPICE,22791855,"89,809.92","89,809.92",OUTSIDE SCOPE,WH0798,http://nww.docserv.wyss.nhs.uk/synergyiim/dist/?val=594858_4918951_20180614140814
Department of Health,NHS Milton Keynes CCG,30/06/2018,Programme Support Costs,NON RECURRENT PROGRAMMES,NHS BEDFORDSHIRE CCG,22807342,"344,222.24","344,222.24",OUTSIDE SCOPE,7020701815,http://nww.docserv.wyss.nhs.uk/Inter-NHS/PRD2204F9895797020701815.pdf
Department of Health,NHS Milton Keynes CCG,30/06/2018,Hcare Srv Rec Fdtn Trust-Prior Year,PLANNED CARE,MILTON KEYNES HOSPITAL NHS FOUNDATION TRUST,22807357,"750,000.00","750,000.00",OUTSIDE SCOPE,42940811,http://nww.docserv.wyss.nhs.uk/Inter-NHS/PRD2104F18776742940811.pdf
Department of Health,NHS Milton Keynes CCG,30/06/2018,Hcare Srv Rec Fdtn Trust-CQUIN,AMBULANCE SERVICES,SOUTH CENTRAL AMBULANCE SERVICE NHS FOUNDATION TRUST,22824268,"34,289.15","34,289.15",EXEMPT,INV0048335,https://nww.einvoice-prod.sbs.nhs.uk:8179/invoicepdf/a353b609-ab5a-5277-b8c2-2a849182e881
Department of Health,NHS Milton Keynes CCG,30/06/2018,Voids and Subsidies,RECHARGES NHS PROPERTY SERVICES LTD,NHS PROPERTY SERVICES LTD,22824356,"28,370.34","28,370.34",EXEMPT,H60929,https://nww.einvoice-prod.sbs.nhs.uk:8179/invoicepdf/e44e444e-b19c-5253-8266-0c830bbc7dbc
Department of Health,NHS Milton Keynes CCG,30/06/2018,Clinical&Medical-Voluntary Sector,COMMUNITY SERVICES,WATERHALL CARE CENTRE,22852224,"42,428.57","42,428.57",EXEMPT,FG6281779,http://nww.docserv.wyss.nhs.uk/synergyiim/dist/?val=609320_5066066_20180627142213
Department of Health,NHS Milton Keynes CCG,30/06/2018,Clinical&Medical-Independent Sector,COMMISSIONING - NON ACUTE,WHADDON MEDICAL CENTRE,22852229,"49,930.00","49,930.00",OUTSIDE SCOPE,WMCCAR0718,http://nww.docserv.wyss.nhs.uk/synergyiim/dist/?val=609454_5068028_20180627150629
