A3131 - Expenditure Over Threshold,,,,,,,,
Department family,Entity,Date,Expense Type,Expense area,Supplier,Transaction number,AP Amount (�),Purchase invoice number
Department of Health,NHS Nottingham City CCG,2/28/2019,Clinical&Medical-Commercial Sector,PATIENT TRANSPORT,ARRIVA TRANSPORT SOLUTIONS,26046809,"118,491.00 ",1006896
Department of Health,NHS Nottingham City CCG,2/28/2019,Clinical&Medical-Commercial Sector,ACUTE COMMISSIONING,BMI HEALTHCARE LTD,25967293,"27,747.31 ",0000103628
Department of Health,NHS Nottingham City CCG,2/28/2019,Clinical&Medical-Voluntary Sector,COMMUNITY SERVICES,BPAS,25881385,"65,000.00 ",39643
Department of Health,NHS Nottingham City CCG,2/28/2019,Clinical&Medical-Clinical Other,CHC ADULT FULLY FUNDED,CHURCH FARM NURSING HOME LTD,25993473,"26,804.00 ",QA00003235A
Department of Health,NHS Nottingham City CCG,2/28/2019,Clinical&Medical-Commercial Sector,CLINICAL ASSESSMENT AND TREATMENT CENTRES,CIRCLE NOTTINGHAM LTD,26107535,"(156,848.26)",8587
Department of Health,NHS Nottingham City CCG,2/28/2019,Clinical&Medical-Commercial Sector,CLINICAL ASSESSMENT AND TREATMENT CENTRES,CIRCLE NOTTINGHAM LTD,25861571,"33,568.19 ",8844
Department of Health,NHS Nottingham City CCG,2/28/2019,Clinical&Medical-Commercial Sector,CLINICAL ASSESSMENT AND TREATMENT CENTRES,CIRCLE NOTTINGHAM LTD,26046799,"2,026,730.10 ",8863
Department of Health,NHS Nottingham City CCG,2/28/2019,Voids and Subsidies,RECHARGES NHS PROPERTY SERVICES LTD,COMMUNITY HEALTH PARTNERSHIPS LTD,25967543,"115,606.98 ",0060096980
Department of Health,NHS Nottingham City CCG,2/28/2019,Rent,RECHARGES NHS PROPERTY SERVICES LTD,COMMUNITY HEALTH PARTNERSHIPS LTD,26107666,"38,776.52 ",0060097666
Department of Health,NHS Nottingham City CCG,2/28/2019,Clinical&Medical-Clinical Other,CHC ADULT FULLY FUNDED,CREATIVE CARE (EASTMIDLANDS) LTD,26187115,"28,422.72 ",OP001
Department of Health,NHS Nottingham City CCG,2/28/2019,Hcare Srv Rec NHS Trust,AMBULANCE SERVICES,EAST MIDLANDS AMBULANCE SERVICE NHS TRUST,25943125,"1,004,247.00 ",11313372
Department of Health,NHS Nottingham City CCG,2/28/2019,Clinical&Medical-Clinical Other,CHC ADULT FULLY FUNDED,FOUR SEASONS HEALTH CARE LTD,25993315,"31,424.84 ",QA00003208
Department of Health,NHS Nottingham City CCG,2/28/2019,Clinical&Medical-Clinical Other,CHC ADULT FULLY FUNDED,HC ONE LTD,25993199,"27,264.16 ",QA00003189A
Department of Health,NHS Nottingham City CCG,2/28/2019,Clinical&Medical-Clinical Other,CHC ADULT FULLY FUNDED,HEATHCOTES M LTD,26187369,"47,464.00 ",11297
Department of Health,NHS Nottingham City CCG,2/28/2019,Apprenticeship Levy Payable,BALANCE SHEET,HMRC,25961994,982.00 ,120PW005700591910
Department of Health,NHS Nottingham City CCG,2/28/2019,Income tax <1Yr,BALANCE SHEET,HMRC,25961994,"59,219.80 ",120PW005700591910
Department of Health,NHS Nottingham City CCG,2/28/2019,Income tax <1Yr-Student Loans,BALANCE SHEET,HMRC,25961994,"1,187.00 ",120PW005700591910
Department of Health,NHS Nottingham City CCG,2/28/2019,National Insurance < 1 yr-NI- ERS,BALANCE SHEET,HMRC,25961994,"47,272.45 ",120PW005700591910
Department of Health,NHS Nottingham City CCG,2/28/2019,National Insurance < 1 yr-NI-EES,BALANCE SHEET,HMRC,25961994,"36,211.03 ",120PW005700591910
Department of Health,NHS Nottingham City CCG,2/28/2019,Statutory Mat Pay < 1 yr,BALANCE SHEET,HMRC,25961994,(534.28),120PW005700591910
Department of Health,NHS Nottingham City CCG,2/28/2019,Clinical&Medical-Voluntary Sector,IMPROVING ACCESS TO PSYCHOLOGICAL THERAPIES,INSIGHT HEALTHCARE LTD,25907282,"40,000.00 ",18965
Department of Health,NHS Nottingham City CCG,2/28/2019,Clinical&Medical-Independent Sector - Non Contract,IMPROVING ACCESS TO PSYCHOLOGICAL THERAPIES,INSIGHT HEALTHCARE LTD,26187285,"117,657.00 ",19154
Department of Health,NHS Nottingham City CCG,2/28/2019,Minor Works,ESTATES AND FACILITIES,INTEGRAL UK LTD,25872520,"35,516.91 ",841734
Department of Health,NHS Nottingham City CCG,2/28/2019,Clinical&Medical-Clinical Other,CHC ADULT FULLY FUNDED,KISIMUL GROUP LTD,25861607,"26,928.24 ",0000029252
Department of Health,NHS Nottingham City CCG,2/28/2019,Clinical&Medical-Clinical Other,CHC ADULT FULLY FUNDED,LANDERMEADS PRIVATE NURSING HOME,25993297,"26,487.56 ",QA00003206A
Department of Health,NHS Nottingham City CCG,2/28/2019,Clinical&Medical-Clinical Other,CHC ADULT FULLY FUNDED,MEADOWCROFT HEALTH CARE LTD,25993419,"36,496.44 ",QA00003225
Department of Health,NHS Nottingham City CCG,2/28/2019,Clinical&Medical-Clinical Other,CHC ADULT FULLY FUNDED,MULBERRY COURT CARE HOME,25993498,"38,384.12 ",QA00003240A
Department of Health,NHS Nottingham City CCG,2/28/2019,Clinical&Medical-Independent Sector,OUT OF HOURS,NEMS COMMUNITY BENEFIT SERVICE,26107564,"264,154.88 ",1115
Department of Health,NHS Nottingham City CCG,2/28/2019,Programme Support Costs,MEDICINES MANAGEMENT - CLINICAL,NHS MANSFIELD & ASHFIELD CCG,26020466,"81,000.00 ",7017201230
Department of Health,NHS Nottingham City CCG,2/28/2019,Healthcare Srv Rec CCG,MENTAL CAPACITY ACT,NHS NEWARK & SHERWOOD CCG,26046868,"47,608.00 ",7017501493
Department of Health,NHS Nottingham City CCG,2/28/2019,Misc Income-Other Operating Rev NHS,FINANCE,NHS NOTTINGHAM NORTH & EAST CCG,26175489,"1,200,000.00 ",104651-26-FEB-2019
Department of Health,NHS Nottingham City CCG,2/28/2019,Seconded-Basic Sal-Staff fm oth org,EXCEPTIONS & PRIOR APPROVALS,NHS NOTTINGHAM NORTH & EAST CCG,25838658,"35,282.00 ",7017800612
Department of Health,NHS Nottingham City CCG,2/28/2019,Voids and Subsidies,RECHARGES NHS PROPERTY SERVICES LTD,NHS PROPERTY SERVICES LTD,26050573,"2,000,000.00 ",104640-15-FEB-2019
Department of Health,NHS Nottingham City CCG,2/28/2019,Provs Exp-Other-Other General Provns,PROGRAMME PROJECTS,NHS RUSHCLIFFE CCG,25943499,"74,527.59 ",7018001628
Department of Health,NHS Nottingham City CCG,2/28/2019,Clinical&Medical-Not For Profit,COMMUNITY SERVICES,NOTTINGHAM CITY CARE PARTNERSHIP CIC,26187065,"(53,661.00)",SCR001343
Department of Health,NHS Nottingham City CCG,2/28/2019,Clinical&Medical-Not For Profit,COMMUNITY SERVICES,NOTTINGHAM CITY CARE PARTNERSHIP CIC,26187075,"(68,675.00)",SCR001345
Department of Health,NHS Nottingham City CCG,2/28/2019,Clinical&Medical-Not For Profit,COMMUNITY SERVICES,NOTTINGHAM CITY CARE PARTNERSHIP CIC,26187404,"(172,919.00)",SCR001444
Department of Health,NHS Nottingham City CCG,2/28/2019,Clinical&Medical-Not For Profit,INTERMEDIATE CARE,NOTTINGHAM CITY CARE PARTNERSHIP CIC,26046871,"175,618.16 ",SI013591
Department of Health,NHS Nottingham City CCG,2/28/2019,Clinical&Medical-Not For Profit,CHILD AND ADOLESCENT MENTAL HEALTH,NOTTINGHAM CITY CARE PARTNERSHIP CIC,26107704,"25,000.00 ",SI013616
Department of Health,NHS Nottingham City CCG,2/28/2019,Clinical&Medical-Clinical Other,CHC ADULT FULLY FUNDED,NOTTINGHAM CITY COUNCIL,25891288,"650,000.00 ",104628-01-FEB-2019
Department of Health,NHS Nottingham City CCG,2/28/2019,Clinical&Medical-Clinical Other,CHC ADULT FULLY FUNDED,NOTTINGHAM CITY COUNCIL,25891291,"550,000.00 ",104629-01-FEB-2019
Department of Health,NHS Nottingham City CCG,2/28/2019,Clinical&Medical-Clinical Other,CHC ADULT FULLY FUNDED,NOTTINGHAM CITY COUNCIL,25891290,"250,000.00 ",104630-01-FEB-2019
Department of Health,NHS Nottingham City CCG,2/28/2019,Clinical&Medical-Clinical Other,CHC ADULT FULLY FUNDED,NOTTINGHAM CITY COUNCIL,25891289,"150,000.00 ",104631-01-FEB-2019
Department of Health,NHS Nottingham City CCG,2/28/2019,Clinical&Medical-Othe Public Sector,CHILDREN SERVICES,NOTTINGHAM CITY COUNCIL,25881394,"50,798.00 ",852858392
Department of Health,NHS Nottingham City CCG,2/28/2019,Clinical&Medical-Othe Public Sector,CONTINUING HEALTHCARE ASSESSMENT & SUPPORT,NOTTINGHAM CITY COUNCIL,25881394,"21,712.00 ",852858392
Department of Health,NHS Nottingham City CCG,2/28/2019,Clinical&Medical-Othe Public Sector,HOSPICES,NOTTINGHAM CITY COUNCIL,25881394,"58,623.00 ",852858392
Department of Health,NHS Nottingham City CCG,2/28/2019,Clinical&Medical-Othe Public Sector,MENTAL CAPACITY ACT,NOTTINGHAM CITY COUNCIL,25881394,"109,000.00 ",852858392
Department of Health,NHS Nottingham City CCG,2/28/2019,Clinical&Medical-Othe Public Sector,MENTAL HEALTH SERVICES - SPECIALIST SERVICES,NOTTINGHAM CITY COUNCIL,26107674,"115,000.00 ",852882862
Department of Health,NHS Nottingham City CCG,2/28/2019,Clinical&Medical-Clinical Other,CHC ADULT FULLY FUNDED,NOTTINGHAM CITY COUNCIL,26187349,"218,129.22 ",852907466
Department of Health,NHS Nottingham City CCG,2/28/2019,Clinical&Medical-Clinical Other,GP FORWARD VIEW,NOTTINGHAM CITY GENERAL PRACTICE ALLIANCE,26020463,"1,629,000.00 ",1514
Department of Health,NHS Nottingham City CCG,2/28/2019,Clinical&Medical-Clinical Other,GP FORWARD VIEW,NOTTINGHAM CITY GENERAL PRACTICE ALLIANCE,26020458,"616,960.00 ",1515
Department of Health,NHS Nottingham City CCG,2/28/2019,Hcare Srv Rec NHS Trust-Non Contract,ACUTE COMMISSIONING,NOTTINGHAM UNIVERSITY HOSPITALS NHS TRUST,25943087,"334,908.00 ",2000098524
Department of Health,NHS Nottingham City CCG,2/28/2019,Hcare Srv Rec NHS Trust-Contract Baseline,ACUTE COMMISSIONING,NOTTINGHAM UNIVERSITY HOSPITALS NHS TRUST,25946620,"14,537,147.00 ",2000098980
Department of Health,NHS Nottingham City CCG,2/28/2019,Hcare Srv Rec NHS Trust-Contract Baseline,ACUTE COMMISSIONING,NOTTINGHAM UNIVERSITY HOSPITALS NHS TRUST,26050549,"15,883,902.00 ",2000099034
Department of Health,NHS Nottingham City CCG,2/28/2019,Hcare Srv Rec NHS Trust-Contract Cost per Case,COMMUNITY SERVICES,NOTTINGHAM UNIVERSITY HOSPITALS NHS TRUST,26187234,"25,237.47 ",2000099221
Department of Health,NHS Nottingham City CCG,2/28/2019,Hcare Srv Rec NHS Trust-Non Contract,ACUTE COMMISSIONING,NOTTINGHAM UNIVERSITY HOSPITALS NHS TRUST,25943239,"292,492.00 ",2000099497
Department of Health,NHS Nottingham City CCG,2/28/2019,Clinical&Medical-Not For Profit,ACUTE COMMISSIONING,NOTTINGHAM WOODTHORPE HOSPITAL,25967430,"(35,136.54)",04KNWH188
Department of Health,NHS Nottingham City CCG,2/28/2019,Clinical&Medical-Not For Profit,ACUTE COMMISSIONING,NOTTINGHAM WOODTHORPE HOSPITAL,26120620,"353,820.28 ",11FEB1904KNC
Department of Health,NHS Nottingham City CCG,2/28/2019,Hcare Srv Rec Fdtn Trust-Non Contract,IMPROVING ACCESS TO PSYCHOLOGICAL THERAPIES,NOTTINGHAMSHIRE HEALTHCARE NHS FOUNDATION TRUST,26120624,"(31,342.38)",1000004401
Department of Health,NHS Nottingham City CCG,2/28/2019,Hlthcre-Foundation Trsts,MENTAL HEALTH SERVICES - SPECIALIST SERVICES,NOTTINGHAMSHIRE HEALTHCARE NHS FOUNDATION TRUST,26009904,"42,639.58 ",1000047708
Department of Health,NHS Nottingham City CCG,2/28/2019,Hlthcre-Foundation Trsts,MENTAL HEALTH SERVICES - SPECIALIST SERVICES,NOTTINGHAMSHIRE HEALTHCARE NHS FOUNDATION TRUST,26009980,"49,582.16 ",1000048515
Department of Health,NHS Nottingham City CCG,2/28/2019,Hlthcre-Foundation Trsts,MENTAL HEALTH CONTRACTS,NOTTINGHAMSHIRE HEALTHCARE NHS FOUNDATION TRUST,26067216,"54,521.00 ",1000048636
Department of Health,NHS Nottingham City CCG,2/28/2019,Hlthcre-Foundation Trsts,MENTAL HEALTH CONTRACTS,NOTTINGHAMSHIRE HEALTHCARE NHS FOUNDATION TRUST,25890560,"586,492.00 ",1000048662
Department of Health,NHS Nottingham City CCG,2/28/2019,Hcare Srv Rec Fdtn Trust-Non Contract,IMPROVING ACCESS TO PSYCHOLOGICAL THERAPIES,NOTTINGHAMSHIRE HEALTHCARE NHS FOUNDATION TRUST,26187274,"30,739.00 ",1000049024
Department of Health,NHS Nottingham City CCG,2/28/2019,Hlthcre-Foundation Trsts,NCAS/OATS,OXFORD UNIVERSITY HOSPITALS NHS FOUNDATION TRUST,25809375,"(31,728.38)",CRN5436
Department of Health,NHS Nottingham City CCG,2/28/2019,Clinical&Medical-Clinical Other,CHC ADULT FULLY FUNDED,PATHFINDERS-CARE (OLLERTON) LTD,25993485,"39,126.86 ",QA00003237
Department of Health,NHS Nottingham City CCG,2/28/2019,Hlthcre-Foundation Trsts,ACUTE COMMISSIONING,SHERWOOD FOREST HOSPITALS NHS FOUNDATION TRUST,25967314,"71,744.17 ",0000170958
Department of Health,NHS Nottingham City CCG,2/28/2019,Hlthcre-Foundation Trsts,NCAS/OATS,SOUTHAMPTON UNIVERSITY HOSPITALS NHS FOUNDATION TRUST,26187374,"(25,608.74)",1003215
Department of Health,NHS Nottingham City CCG,2/28/2019,Clinical&Medical-Clinical Other,LEARNING DIFFICULTIES,ST ANDREWS HEALTHCARE,26141784,"(42,377.00)",80037468
Department of Health,NHS Nottingham City CCG,2/28/2019,Clinical&Medical-Clinical Other,CHC ADULT FULLY FUNDED,ST ANDREWS HEALTHCARE,25907312,"51,156.00 ",90062121
Department of Health,NHS Nottingham City CCG,2/28/2019,Clinical&Medical-Clinical Other,CHC ADULT FULLY FUNDED,ST ANDREWS HEALTHCARE,25943471,"33,796.00 ",90062122
Department of Health,NHS Nottingham City CCG,2/28/2019,Clinical&Medical-Clinical Other,CHC ADULT FULLY FUNDED,ST AUGUSTINE'S COURT CARE HOME,25993348,"42,590.92 ",QA00003213A
Department of Health,NHS Nottingham City CCG,2/28/2019,Clinical&Medical-Commercial Sector,IMPROVING ACCESS TO PSYCHOLOGICAL THERAPIES,TRENT PTS,25907290,"85,000.00 ",04K081
Department of Health,NHS Nottingham City CCG,2/28/2019,Hlthcre-Foundation Trsts,ACUTE COMMISSIONING,UNIVERSITY HOSPITALS OF DERBY & BURTON NHS FOUNDATION TRUST,25967248,"73,038.10 ",800007917
Department of Health,NHS Nottingham City CCG,2/28/2019,Hcare Srv Rec NHS Trust,ACUTE COMMISSIONING,UNIVERSITY HOSPITALS OF LEICESTER NHS TRUST,25967240,"25,058.00 ",L0220524
,,,,,,,,
