A3131 - Expenditure Over Threshold,,,,,,,,
Department family,Entity,Date,Expense Type,Expense area,Supplier,Transaction number,AP Amount (�),Purchase invoice number
Department of Health,NHS Nottingham City CCG,1/31/2019,Hlthcre-Foundation Trsts,MENTAL HEALTH CONTRACTS,NOTTINGHAMSHIRE HEALTHCARE NHS FOUNDATION TRUST,25388770,"3,463,562.55 ",1000047923
Department of Health,NHS Nottingham City CCG,1/31/2019,Hlthcre-Foundation Trsts,IMPROVING ACCESS TO PSYCHOLOGICAL THERAPIES,NOTTINGHAMSHIRE HEALTHCARE NHS FOUNDATION TRUST,25388787,"86,864.50 ",1000048147
Department of Health,NHS Nottingham City CCG,1/31/2019,Clinical&Medical-Clinical Other,CHC ADULT FULLY FUNDED,ST ANDREWS HEALTHCARE,25388808,"56,637.00 ",90059233
Department of Health,NHS Nottingham City CCG,1/31/2019,Hlthcre-Foundation Trsts,MENTAL HEALTH SERVICES - COLLABORATIVE COMMISSIONING,NOTTINGHAMSHIRE HEALTHCARE NHS FOUNDATION TRUST,25388863,"35,623.75 ",1000048284
Department of Health,NHS Nottingham City CCG,1/31/2019,Hcare Srv Rec NHS Trust-Contract Baseline,ACUTE COMMISSIONING,NOTTINGHAM UNIVERSITY HOSPITALS NHS TRUST,25388885,"(66,252.00)",2000097483CR
Department of Health,NHS Nottingham City CCG,1/31/2019,Hcare Srv Rec NHS Trust-Contract Baseline,ACUTE COMMISSIONING,NOTTINGHAM UNIVERSITY HOSPITALS NHS TRUST,25388887,"(45,543.00)",2000096824CR
Department of Health,NHS Nottingham City CCG,1/31/2019,Hcare Srv Rec NHS Trust-Contract Baseline,ACUTE COMMISSIONING,NOTTINGHAM UNIVERSITY HOSPITALS NHS TRUST,25388891,"(72,628.00)",2000098319CR
Department of Health,NHS Nottingham City CCG,1/31/2019,Clinical&Medical-Clinical Other,CHC ADULT FULLY FUNDED,NOTTINGHAM CITY COUNCIL,25418398,"150,000.00 ",104617-02-JAN-2019
Department of Health,NHS Nottingham City CCG,1/31/2019,Clinical&Medical-Clinical Other,CHC ADULT FULLY FUNDED,NOTTINGHAM CITY COUNCIL,25418399,"650,000.00 ",104620-02-JAN-2019
Department of Health,NHS Nottingham City CCG,1/31/2019,Clinical&Medical-Clinical Other,CHC ADULT FULLY FUNDED,NOTTINGHAM CITY COUNCIL,25418400,"550,000.00 ",104619-02-JAN-2019
Department of Health,NHS Nottingham City CCG,1/31/2019,Clinical&Medical-Clinical Other,CHC ADULT FULLY FUNDED,NOTTINGHAM CITY COUNCIL,25418401,"250,000.00 ",104618-02-JAN-2019
Department of Health,NHS Nottingham City CCG,1/31/2019,Voids and Subsidies,RECHARGES NHS PROPERTY SERVICES LTD,NHS PROPERTY SERVICES LTD,25432590,"537,554.00 ",104614-19-DEC-2018
Department of Health,NHS Nottingham City CCG,1/31/2019,Hlthcre-Foundation Trsts,ACUTE COMMISSIONING,SHERWOOD FOREST HOSPITALS NHS FOUNDATION TRUST,25499129,"71,744.17 ",0000170204
Department of Health,NHS Nottingham City CCG,1/31/2019,Hlthcre-Foundation Trsts,NCAS/OATS,OXFORD UNIVERSITY HOSPITALS NHS FOUNDATION TRUST,25499155,"41,684.06 ",8292605
Department of Health,NHS Nottingham City CCG,1/31/2019,Clinical&Medical-Commercial Sector,PATIENT TRANSPORT,ARRIVA TRANSPORT SOLUTIONS,25512822,"39,036.00 ",1006756
Department of Health,NHS Nottingham City CCG,1/31/2019,Clinical&Medical-Voluntary Sector,COMMUNITY SERVICES,BPAS,25512828,"65,000.00 ",39411
Department of Health,NHS Nottingham City CCG,1/31/2019,Clinical&Medical-Not For Profit,COMMUNITY SERVICES,NOTTINGHAM CITY CARE PARTNERSHIP CIC,25512832,"2,518,024.66 ",SI013031
Department of Health,NHS Nottingham City CCG,1/31/2019,Clinical&Medical-Commercial Sector,CLINICAL ASSESSMENT AND TREATMENT CENTRES,CIRCLE NOTTINGHAM LTD,25512840,"2,026,730.10 ",8700
Department of Health,NHS Nottingham City CCG,1/31/2019,Clinical&Medical-Othe Public Sector,GENERAL RESERVE - PROGRAMME,NOTTINGHAMSHIRE COUNTY COUNCIL,25512892,"108,211.00 ",92240157
Department of Health,NHS Nottingham City CCG,1/31/2019,Hcare Srv Rec NHS Trust,AMBULANCE SERVICES,EAST MIDLANDS AMBULANCE SERVICE NHS TRUST,25512896,"1,004,247.00 ",11313132
Department of Health,NHS Nottingham City CCG,1/31/2019,Clinical&Medical-Independent Sector,Winter Resilience,CHURCH FARM AT RUSTICUS LTD,25512907,"93,000.00 ",645
Department of Health,NHS Nottingham City CCG,1/31/2019,Clinical&Medical-Commercial Sector,PATIENT TRANSPORT,ARRIVA TRANSPORT SOLUTIONS,25512927,"110,304.00 ",1006813
Department of Health,NHS Nottingham City CCG,1/31/2019,Clinical&Medical-Clinical Other,CHC ADULT FULLY FUNDED,ST ANDREWS HEALTHCARE,25512946,"37,417.00 ",90060587
Department of Health,NHS Nottingham City CCG,1/31/2019,Clinical&Medical-Not For Profit,INTERMEDIATE CARE,NOTTINGHAM CITY CARE PARTNERSHIP CIC,25512952,"175,700.48 ",SI013264
Department of Health,NHS Nottingham City CCG,1/31/2019,Clinical&Medical-Not For Profit,COMMUNITY SERVICES,NOTTINGHAM CITY CARE PARTNERSHIP CIC,25512955,"2,518,024.66 ",SI013258
Department of Health,NHS Nottingham City CCG,1/31/2019,Hcare Srv Rec NHS Trust-Contract Baseline,ACUTE COMMISSIONING,NOTTINGHAM UNIVERSITY HOSPITALS NHS TRUST,25516635,"14,537,147.00 ",2000098319
Department of Health,NHS Nottingham City CCG,1/31/2019,Clinical&Medical-Othe Public Sector,INTERMEDIATE CARE,NOTTINGHAM CITY COUNCIL,25528260,"1,145,972.00 ",852809421
Department of Health,NHS Nottingham City CCG,1/31/2019,Apprenticeship Levy Payable,BALANCE SHEET,HMRC,25553893,888.00 ,120PW005700591909
Department of Health,NHS Nottingham City CCG,1/31/2019,Income tax <1Yr,BALANCE SHEET,HMRC,25553893,"56,618.80 ",120PW005700591909
Department of Health,NHS Nottingham City CCG,1/31/2019,Income tax <1Yr-Student Loans,BALANCE SHEET,HMRC,25553893,"1,118.00 ",120PW005700591909
Department of Health,NHS Nottingham City CCG,1/31/2019,National Insurance < 1 yr-NI- ERS,BALANCE SHEET,HMRC,25553893,"45,195.67 ",120PW005700591909
Department of Health,NHS Nottingham City CCG,1/31/2019,National Insurance < 1 yr-NI-EES,BALANCE SHEET,HMRC,25553893,"34,808.96 ",120PW005700591909
Department of Health,NHS Nottingham City CCG,1/31/2019,Statutory Mat Pay < 1 yr,BALANCE SHEET,HMRC,25553893,"(1,202.13)",120PW005700591909
Department of Health,NHS Nottingham City CCG,1/31/2019,Hcare Srv Rec Fdtn Trust-Non Contract,IMPROVING ACCESS TO PSYCHOLOGICAL THERAPIES,NOTTINGHAMSHIRE HEALTHCARE NHS FOUNDATION TRUST,25563754,"29,606.00 ",1000047248
Department of Health,NHS Nottingham City CCG,1/31/2019,Hcare Srv Rec Fdtn Trust-Non Contract,IMPROVING ACCESS TO PSYCHOLOGICAL THERAPIES,NOTTINGHAMSHIRE HEALTHCARE NHS FOUNDATION TRUST,25563917,"38,671.00 ",1000047897
Department of Health,NHS Nottingham City CCG,1/31/2019,Clinical&Medical-Voluntary Sector,IMPROVING ACCESS TO PSYCHOLOGICAL THERAPIES,INSIGHT HEALTHCARE LTD,25563971,"40,000.00 ",18842
Department of Health,NHS Nottingham City CCG,1/31/2019,Clinical&Medical-Voluntary Sector,IMPROVING ACCESS TO PSYCHOLOGICAL THERAPIES,INSIGHT HEALTHCARE LTD,25564067,"26,142.00 ",18857
Department of Health,NHS Nottingham City CCG,1/31/2019,Clinical&Medical-Voluntary Sector,IMPROVING ACCESS TO PSYCHOLOGICAL THERAPIES,INSIGHT HEALTHCARE LTD,25564086,"110,486.00 ",18901
Department of Health,NHS Nottingham City CCG,1/31/2019,Hcare Srv Rec Fdtn Trust-Non Contract,IMPROVING ACCESS TO PSYCHOLOGICAL THERAPIES,NOTTINGHAMSHIRE HEALTHCARE NHS FOUNDATION TRUST,25564135,"30,739.00 ",1000048244
Department of Health,NHS Nottingham City CCG,1/31/2019,Hcare Srv Rec Fdtn Trust-Contract Baseline,COMMUNITY SERVICES,NOTTINGHAMSHIRE HEALTHCARE NHS FOUNDATION TRUST,25564164,"586,492.00 ",1000048250
Department of Health,NHS Nottingham City CCG,1/31/2019,Clinical&Medical-Not For Profit,ACUTE COMMISSIONING,NOTTINGHAM WOODTHORPE HOSPITAL,25564319,"(40,853.15)",04KNWH187
Department of Health,NHS Nottingham City CCG,1/31/2019,Hlthcre-Foundation Trsts,IMPROVING ACCESS TO PSYCHOLOGICAL THERAPIES,NOTTINGHAMSHIRE HEALTHCARE NHS FOUNDATION TRUST,25564400,"109,180.00 ",1000048367
Department of Health,NHS Nottingham City CCG,1/31/2019,Clinical&Medical-Voluntary Sector,IMPROVING ACCESS TO PSYCHOLOGICAL THERAPIES,INSIGHT HEALTHCARE LTD,25564969,"23,781.50 ",18979
Department of Health,NHS Nottingham City CCG,1/31/2019,Hcare Srv Rec Fdtn Trust-Non Contract,IMPROVING ACCESS TO PSYCHOLOGICAL THERAPIES,NOTTINGHAMSHIRE HEALTHCARE NHS FOUNDATION TRUST,25565052,"30,739.00 ",1000048624
Department of Health,NHS Nottingham City CCG,1/31/2019,Clinical&Medical-Clinical Other,CHC ADULT FULLY FUNDED,ST ANDREWS HEALTHCARE,25565087,"56,637.00 ",90060586
Department of Health,NHS Nottingham City CCG,1/31/2019,Clinical&Medical-Clinical Other,CHC ADULT FULLY FUNDED,NOTTINGHAM CITY COUNCIL,25565102,"233,680.99 ",852820379
Department of Health,NHS Nottingham City CCG,1/31/2019,Clinical&Medical-Clinical Other,CHC ADULT FULLY FUNDED,KISIMUL GROUP LTD,25565327,"26,928.24 ",0000029022
Department of Health,NHS Nottingham City CCG,1/31/2019,Clinical&Medical-Not For Profit,LOCAL ENHANCED SERVICES,NOTTINGHAM CITY CARE PARTNERSHIP CIC,25586043,"46,750.00 ",SI013274
Department of Health,NHS Nottingham City CCG,1/31/2019,Hcare Srv Rec NHS Trust-Contract Baseline,ACUTE COMMISSIONING,NOTTINGHAM UNIVERSITY HOSPITALS NHS TRUST,25586056,"827,091.00 ",2000098828
Department of Health,NHS Nottingham City CCG,1/31/2019,Seconded-Basic Sal-Staff fm oth org,CEO/ BOARD OFFICE,NHS NOTTINGHAM NORTH & EAST CCG,25590353,"166,133.00 ",7017800574
Department of Health,NHS Nottingham City CCG,1/31/2019,Seconded-Basic Sal-Staff fm oth org,CEO/ BOARD OFFICE,NHS NOTTINGHAM WEST CCG,25590354,"61,324.00 ",7017900409
Department of Health,NHS Nottingham City CCG,1/31/2019,Seconded-Basic Sal-Staff fm oth org,CEO/ BOARD OFFICE,NHS RUSHCLIFFE CCG,25590356,"123,720.00 ",7018001513
Department of Health,NHS Nottingham City CCG,1/31/2019,Hcare Srv Rec NHS Trust,ACUTE COMMISSIONING,UNIVERSITY HOSPITALS OF LEICESTER NHS TRUST,25590372,"25,058.00 ",L0219393
Department of Health,NHS Nottingham City CCG,1/31/2019,Clinical&Medical-Commercial Sector,ACUTE COMMISSIONING,BMI HEALTHCARE LTD,25590385,"26,281.13 ",0000102130
Department of Health,NHS Nottingham City CCG,1/31/2019,Seconded-Basic Sal-Staff fm oth org,CEO/ BOARD OFFICE,NHS NOTTINGHAM NORTH & EAST CCG,25590396,"(166,133.00)",7017800599
Department of Health,NHS Nottingham City CCG,1/31/2019,Seconded-Basic Sal-Staff fm oth org,CEO/ BOARD OFFICE,NHS NOTTINGHAM WEST CCG,25590397,"(61,324.00)",7017900438
Department of Health,NHS Nottingham City CCG,1/31/2019,Seconded-Basic Sal-Staff fm oth org,CEO/ BOARD OFFICE,NHS RUSHCLIFFE CCG,25590398,"(123,720.00)",7018001569
Department of Health,NHS Nottingham City CCG,1/31/2019,Clinical&Medical-Commercial Sector,PATIENT TRANSPORT,ARRIVA TRANSPORT SOLUTIONS,25590400,"110,304.00 ",1006845
Department of Health,NHS Nottingham City CCG,1/31/2019,Clinical&Medical-Not For Profit,Winter Resilience,NOTTINGHAM CITY CARE PARTNERSHIP CIC,25590401,"98,234.89 ",SI013291
Department of Health,NHS Nottingham City CCG,1/31/2019,Clinical&Medical-Clinical Other,CHC ADULT FULLY FUNDED,ELMBANK LTD,25603392,"25,827.43 ",QA00003144A
Department of Health,NHS Nottingham City CCG,1/31/2019,Clinical&Medical-Clinical Other,CHC ADULT FULLY FUNDED,ABBEYFIELD SOCIETY,25603394,"32,459.76 ",QA00003145A
Department of Health,NHS Nottingham City CCG,1/31/2019,Clinical&Medical-Clinical Other,CHC ADULT FULLY FUNDED,BEECH MEADOWS HOMES LTD,25603404,"34,617.49 ",QA00003151A
Department of Health,NHS Nottingham City CCG,1/31/2019,Clinical&Medical-Clinical Other,CHC ADULT FULLY FUNDED,LANDERMEADS PRIVATE NURSING HOME,25603406,"27,429.08 ",QA00003152A
Department of Health,NHS Nottingham City CCG,1/31/2019,Clinical&Medical-Clinical Other,CHC ADULT FULLY FUNDED,FOUR SEASONS HEALTH CARE LTD,25603410,"34,791.79 ",QA00003154
Department of Health,NHS Nottingham City CCG,1/31/2019,Clinical&Medical-Clinical Other,CHC ADULT FULLY FUNDED,EASTGATE LTD,25603411,"26,521.47 ",QA00003155A
Department of Health,NHS Nottingham City CCG,1/31/2019,Clinical&Medical-Clinical Other,CHC ADULT FULLY FUNDED,ST AUGUSTINE'S COURT CARE HOME,25603417,"57,018.90 ",QA00003159A
Department of Health,NHS Nottingham City CCG,1/31/2019,Clinical&Medical-Clinical Other,CHC ADULT FULLY FUNDED,MEADOWCROFT HEALTH CARE LTD,25603441,"40,406.77 ",QA00003172
Department of Health,NHS Nottingham City CCG,1/31/2019,Clinical&Medical-Clinical Other,CHC ADULT FULLY FUNDED,CHURCH FARM NURSING HOME LTD,25603461,"29,675.86 ",QA00003182A
Department of Health,NHS Nottingham City CCG,1/31/2019,Clinical&Medical-Clinical Other,CHC ADULT FULLY FUNDED,PATHFINDERS-CARE (OLLERTON) LTD,25603468,"50,711.58 ",QA00003184
Department of Health,NHS Nottingham City CCG,1/31/2019,Clinical&Medical-Clinical Other,CHC ADULT FULLY FUNDED,MULBERRY COURT CARE HOME,25603474,"46,036.74 ",QA00003187A
Department of Health,NHS Nottingham City CCG,1/31/2019,Clinical&Medical-Not For Profit,ACUTE COMMISSIONING,NOTTINGHAM WOODTHORPE HOSPITAL,25615384,"353,820.28 ",10JAN1904KNC
Department of Health,NHS Nottingham City CCG,1/31/2019,Clinical&Medical-Commercial Sector,ACUTE COMMISSIONING,BMI HEALTHCARE LTD,25660281,"27,747.31 ",0000101338
Department of Health,NHS Nottingham City CCG,1/31/2019,Hlthcre-Foundation Trsts,ACUTE COMMISSIONING,UNIVERSITY HOSPITALS OF DERBY & BURTON NHS FOUNDATION TRUST,25660321,"73,038.10 ",800007128
Department of Health,NHS Nottingham City CCG,1/31/2019,Clinical&Medical-Voluntary Sector,COMMUNITY SERVICES,CARERS TRUST EAST MIDLANDS,25679842,"133,500.00 ",15488
Department of Health,NHS Nottingham City CCG,1/31/2019,Clinical&Medical-Independent Sector,CHILDREN SERVICES,NOTTINGHAM SIGN LANGUAGE INTERPRETING SERVICE,25679863,"30,246.67 ",0837SLA
Department of Health,NHS Nottingham City CCG,1/31/2019,Rent,RECHARGES NHS PROPERTY SERVICES LTD,COMMUNITY HEALTH PARTNERSHIPS LTD,25679868,"38,776.52 ",0060093775
Department of Health,NHS Nottingham City CCG,1/31/2019,Clinical&Medical-Not For Profit,CHILD AND ADOLESCENT MENTAL HEALTH,NOTTINGHAM CITY CARE PARTNERSHIP CIC,25679869,"25,000.00 ",SI013288
Department of Health,NHS Nottingham City CCG,1/31/2019,Clinical&Medical-Othe Public Sector,INTERMEDIATE CARE,NOTTINGHAM CITY COUNCIL,25679875,"1,145,972.00 ",852839657
Department of Health,NHS Nottingham City CCG,1/31/2019,Clinical&Medical-Not For Profit,INTERMEDIATE CARE,NOTTINGHAM CITY CARE PARTNERSHIP CIC,25679882,"(175,700.48)",SCR001428
Department of Health,NHS Nottingham City CCG,1/31/2019,Clinical&Medical-Not For Profit,INTERMEDIATE CARE,NOTTINGHAM CITY CARE PARTNERSHIP CIC,25679885,"175,618.16 ",SI013525
Department of Health,NHS Nottingham City CCG,1/31/2019,Clinical&Medical-Othe Public Sector,COUNSELLING SERVICES,NOTTINGHAM CITY COUNCIL,25694532,"37,097.75 ",852840671
Department of Health,NHS Nottingham City CCG,1/31/2019,Clinical&Medical-Independent Sector,ACUTE COMMISSIONING,DHU 111 (EAST MIDLANDS) CIC,25710652,"128,326.55 ",971
Department of Health,NHS Nottingham City CCG,1/31/2019,Clinical&Medical-Serv Recd-F Trsts,IM&T,SHERWOOD FOREST HOSPITALS NHS FOUNDATION TRUST,25710679,"56,899.00 ",0000170809
Department of Health,NHS Nottingham City CCG,1/31/2019,External Data Contracts,PRIMARY CARE IT,SHERWOOD FOREST HOSPITALS NHS FOUNDATION TRUST,25710679,"199,736.00 ",0000170809
Department of Health,NHS Nottingham City CCG,1/31/2019,Computer Network Costs,IM&T,SHERWOOD FOREST HOSPITALS NHS FOUNDATION TRUST,25710686,"21,000.00 ",0000170830
Department of Health,NHS Nottingham City CCG,1/31/2019,Telecoms-Data lines,PRIMARY CARE IT,SHERWOOD FOREST HOSPITALS NHS FOUNDATION TRUST,25710686,"292,449.00 ",0000170830
Department of Health,NHS Nottingham City CCG,1/31/2019,Voids and Subsidies,RECHARGES NHS PROPERTY SERVICES LTD,COMMUNITY HEALTH PARTNERSHIPS LTD,25765874,"115,606.98 ",0060087438
Department of Health,NHS Nottingham City CCG,1/31/2019,Voids and Subsidies,RECHARGES NHS PROPERTY SERVICES LTD,COMMUNITY HEALTH PARTNERSHIPS LTD,25765885,"115,606.98 ",0060091256
Department of Health,NHS Nottingham City CCG,1/31/2019,Voids and Subsidies,RECHARGES NHS PROPERTY SERVICES LTD,COMMUNITY HEALTH PARTNERSHIPS LTD,25765889,"115,606.98 ",0060093527
Department of Health,NHS Nottingham City CCG,1/31/2019,Hlthcre-Foundation Trsts,MENTAL HEALTH SERVICES - NOT CONTRACTED ACTIVITY,NOTTINGHAMSHIRE HEALTHCARE NHS FOUNDATION TRUST,25786217,"36,088.75 ",1000046569
Department of Health,NHS Nottingham City CCG,1/31/2019,Hlthcre-Foundation Trsts,MENTAL HEALTH SERVICES - NOT CONTRACTED ACTIVITY,NOTTINGHAMSHIRE HEALTHCARE NHS FOUNDATION TRUST,25786218,"36,970.75 ",1000046997
Department of Health,NHS Nottingham City CCG,1/31/2019,Clinical&Medical-Voluntary Sector,IMPROVING ACCESS TO PSYCHOLOGICAL THERAPIES,INSIGHT HEALTHCARE LTD,25786221,"40,000.00 ",18714
Department of Health,NHS Nottingham City CCG,1/31/2019,Clinical&Medical-Commercial Sector,IMPROVING ACCESS TO PSYCHOLOGICAL THERAPIES,TRENT PTS,25786227,"85,000.00 ",04K080
Department of Health,NHS Nottingham City CCG,1/31/2019,Clinical&Medical-Independent Sector,OUT OF HOURS,NEMS COMMUNITY BENEFIT SERVICE,25786231,"264,154.88 ",1102
Department of Health,NHS Nottingham City CCG,1/31/2019,Healthcare Srv Rec CCG,MENTAL CAPACITY ACT,NHS NEWARK & SHERWOOD CCG,25786240,"73,528.15 ",7017501445
Department of Health,NHS Nottingham City CCG,1/31/2019,Clinical&Medical-Voluntary Sector,MENTAL HEALTH SERVICES - OTHER,NOTTINGHAM COMMUNITY HOUSING ASSOCIATION,25786244,"86,158.25 ",DINV00027634
Department of Health,NHS Nottingham City CCG,1/31/2019,Clinical&Medical-Commercial Sector,IMPROVING ACCESS TO PSYCHOLOGICAL THERAPIES,TRENT PTS,25786251,"48,120.00 ",04K083
Department of Health,NHS Nottingham City CCG,1/31/2019,Hlthcre-Foundation Trsts,MENTAL HEALTH SERVICES - NOT CONTRACTED ACTIVITY,NOTTINGHAMSHIRE HEALTHCARE NHS FOUNDATION TRUST,25786255,"(36,088.75)",1000004364
Department of Health,NHS Nottingham City CCG,1/31/2019,Hlthcre-Foundation Trsts,MENTAL HEALTH SERVICES - NOT CONTRACTED ACTIVITY,NOTTINGHAMSHIRE HEALTHCARE NHS FOUNDATION TRUST,25786256,"(36,970.75)",1000004365
Department of Health,NHS Nottingham City CCG,1/31/2019,Clinical&Medical-Othe Public Sector,GENERAL RESERVE - PROGRAMME,NOTTINGHAM CITY COUNCIL,25786328,"103,778.00 ",852854176
Department of Health,NHS Nottingham City CCG,1/31/2019,Clinical&Medical-Independent Sector,MENTAL HEALTH SERVICES - COLLABORATIVE COMMISSIONING,FRAMEWORK HOUSING ASSOCIATION,25786350,"78,623.75 ",4803
Department of Health,NHS Nottingham City CCG,1/31/2019,Clinical&Medical-Voluntary Sector,MENTAL HEALTH SERVICES - ADULTS,METROPOLITAN HOUSING TRUST LTD,25786356,"36,070.14 ",3038655
Department of Health,NHS Nottingham City CCG,1/31/2019,Clinical&Medical-Independent Sector,COUNSELLING SERVICES,XENZONE LTD,25786362,"75,000.00 ",INV1002404
Department of Health,NHS Nottingham City CCG,1/31/2019,Clinical&Medical-Othe Public Sector,MENTAL HEALTH SERVICES - ADULTS,NOTTINGHAM CITY COUNCIL,25786391,"53,150.00 ",852856896
Department of Health,NHS Nottingham City CCG,1/31/2019,Hlthcre-Foundation Trsts,IMPROVING ACCESS TO PSYCHOLOGICAL THERAPIES,NOTTINGHAMSHIRE HEALTHCARE NHS FOUNDATION TRUST,25786397,"89,357.00 ",1000048903
Department of Health,NHS Nottingham City CCG,1/31/2019,Hlthcre-Foundation Trsts,MENTAL HEALTH CONTRACTS,NOTTINGHAMSHIRE HEALTHCARE NHS FOUNDATION TRUST,25792589,"3,256,403.45 ",1000048269
Department of Health,NHS Nottingham City CCG,1/31/2019,Hlthcre-Foundation Trsts,MENTAL HEALTH CONTRACTS,NOTTINGHAMSHIRE HEALTHCARE NHS FOUNDATION TRUST,25792594,"3,426,504.10 ",1000048664
,,,,,,,,
