A3131 - Expenditure Over Threshold,,,,,,,,
Department family,Entity,Date,Expense Type,Expense area,Supplier,Transaction number,AP Amount (�),Purchase invoice number
Department of Health,NHS Nottingham City CCG,7/31/2018,Clinical&Medical-Not For Profit,COMMUNITY SERVICES,NOTTINGHAM CITY CARE PARTNERSHIP CIC,22875137,"2,518,024.66 ",SI011714
Department of Health,NHS Nottingham City CCG,7/31/2018,Hlthcre-Foundation Trsts,MENTAL HEALTH CONTRACTS,NOTTINGHAMSHIRE HEALTHCARE NHS FOUNDATION TRUST,22875333,"3,463,562.55 ",1000046210
Department of Health,NHS Nottingham City CCG,7/31/2018,Clinical&Medical-Not For Profit,Winter Resilience,NOTTINGHAM CITY CARE PARTNERSHIP CIC,22902785,"37,800.00 ",SI011922
Department of Health,NHS Nottingham City CCG,7/31/2018,Other Research Exp,COUNSELLING SERVICES,NOTTINGHAM CITY COUNCIL,22928977,"64,200.00 ",852429890
Department of Health,NHS Nottingham City CCG,7/31/2018,Other Research Exp,COUNSELLING SERVICES,NOTTINGHAM CITY COUNCIL,22928986,"(64,200.00)",852429890CR
Department of Health,NHS Nottingham City CCG,7/31/2018,Other Research Exp,COUNSELLING SERVICES,NOTTINGHAM CITY COUNCIL,22928996,"59,584.80 ",852474098
Department of Health,NHS Nottingham City CCG,7/31/2018,Minor Works,ESTATES AND FACILITIES,INTEGRAL UK LTD,22929006,"35,516.91 ",746561
Department of Health,NHS Nottingham City CCG,7/31/2018,Clinical&Medical-Voluntary Sector,COMMUNITY SERVICES,CARERS TRUST EAST MIDLANDS,22972630,"133,500.00 ",15035
Department of Health,NHS Nottingham City CCG,7/31/2018,Hlthcre-Foundation Trsts,MENTAL HEALTH SERVICES - COLLABORATIVE COMMISSIONING,NOTTINGHAMSHIRE HEALTHCARE NHS FOUNDATION TRUST,22972644,"35,623.75 ",1000046227
Department of Health,NHS Nottingham City CCG,7/31/2018,Clinical&Medical-Commercial Sector,ACUTE COMMISSIONING,CIRCLE NOTTINGHAM LTD,22987332,"1,968,795.49 ",7803
Department of Health,NHS Nottingham City CCG,7/31/2018,Clinical&Medical-Independent Sector,ACUTE COMMISSIONING,DHU 111 (EAST MIDLANDS) CIC,22987340,"87,351.98 ",637
Department of Health,NHS Nottingham City CCG,7/31/2018,Clinical&Medical-Commercial Sector,PATIENT TRANSPORT,ARRIVA TRANSPORT SOLUTIONS,22987351,"110,304.00 ",1006495
Department of Health,NHS Nottingham City CCG,7/31/2018,Hcare Srv Rec NHS Trust,ACUTE COMMISSIONING,UNIVERSITY HOSPITALS OF LEICESTER NHS TRUST,22987358,"25,058.00 ",L0210907
Department of Health,NHS Nottingham City CCG,7/31/2018,Hlthcre-Foundation Trsts,ACUTE COMMISSIONING,DERBY TEACHING HOSPITALS NHS FT,22987359,"73,038.10 ",800001528
Department of Health,NHS Nottingham City CCG,7/31/2018,Hlthcre-Foundation Trsts,ACUTE COMMISSIONING,SHERWOOD FOREST HOSPITALS NHS FOUNDATION TRUST,22987374,"71,744.17 ",0000165557
Department of Health,NHS Nottingham City CCG,7/31/2018,Clinical&Medical-Not For Profit,ACUTE COMMISSIONING,NOTTINGHAM WOODTHORPE HOSPITAL,22987376,"353,820.28 ",4JULY1804KNC
Department of Health,NHS Nottingham City CCG,7/31/2018,Clinical&Medical-Commercial Sector,ACUTE COMMISSIONING,BMI HEALTHCARE COLLECTIONS,22987410,"27,747.31 ",0000093252
Department of Health,NHS Nottingham City CCG,7/31/2018,Hcare Srv Rec NHS Trust,AMBULANCE SERVICES,EAST MIDLANDS AMBULANCE SERVICE NHS TRUST,22987440,"1,004,247.00 ",11312001
Department of Health,NHS Nottingham City CCG,7/31/2018,Clinical&Medical-Voluntary Sector,LONG TERM CONDITIONS,NOTTINGHAM CITY CARE PARTNERSHIP CIC,22987454,"50,000.00 ",SI011919
Department of Health,NHS Nottingham City CCG,7/31/2018,Cont Care- Adult 100% Fully Funded,CHC ADULT FULLY FUNDED,KISIMUL GROUP LTD,22987463,"26,059.59 ",0000026528
Department of Health,NHS Nottingham City CCG,7/31/2018,Apprenticeship Levy Payable,BALANCE SHEET,HMRC,23001019,774.00 ,120PW005700591903
Department of Health,NHS Nottingham City CCG,7/31/2018,Income tax <1Yr,BALANCE SHEET,HMRC,23001019,"54,521.00 ",120PW005700591903
Department of Health,NHS Nottingham City CCG,7/31/2018,Income tax <1Yr-Student Loans,BALANCE SHEET,HMRC,23001019,"1,276.00 ",120PW005700591903
Department of Health,NHS Nottingham City CCG,7/31/2018,National Insurance < 1 yr-NI- ERS,BALANCE SHEET,HMRC,23001019,"42,640.98 ",120PW005700591903
Department of Health,NHS Nottingham City CCG,7/31/2018,National Insurance < 1 yr-NI-EES,BALANCE SHEET,HMRC,23001019,"32,850.68 ",120PW005700591903
Department of Health,NHS Nottingham City CCG,7/31/2018,Statutory Mat Pay < 1 yr,BALANCE SHEET,HMRC,23001019,"(3,407.46)",120PW005700591903
Department of Health,NHS Nottingham City CCG,7/31/2018,Clinical&Medical-Commercial Sector,PATIENT TRANSPORT,ARRIVA TRANSPORT SOLUTIONS,23005984,"39,036.00 ",1006448
Department of Health,NHS Nottingham City CCG,7/31/2018,Hcare Srv Rec Fdtn Trust-Contract Baseline,COMMUNITY SERVICES,NOTTINGHAMSHIRE HEALTHCARE NHS FOUNDATION TRUST,23006018,"586,492.00 ",1000046182
Department of Health,NHS Nottingham City CCG,7/31/2018,Hlthcre-Foundation Trsts,COMMUNITY SERVICES,NOTTINGHAMSHIRE HEALTHCARE NHS FOUNDATION TRUST,23006018,"226,069.00 ",1000046182
Department of Health,NHS Nottingham City CCG,7/31/2018,Hlthcre-Foundation Trsts,LOCAL ENHANCED SERVICES,NOTTINGHAMSHIRE HEALTHCARE NHS FOUNDATION TRUST,23006018,"3,620.00 ",1000046182
Department of Health,NHS Nottingham City CCG,7/31/2018,Clinical&Medical-Not For Profit,Winter Resilience,NOTTINGHAM CITY CARE PARTNERSHIP CIC,23006104,"294,704.67 ",SI011920
Department of Health,NHS Nottingham City CCG,7/31/2018,Clinical&Medical-Commercial Sector,MENTAL HEALTH SERVICES - OLDER PEOPLE,ST ANDREWS HEALTHCARE,23006342,"62,217.00 ",90052175
Department of Health,NHS Nottingham City CCG,7/31/2018,Cont Care- Adult 100% Fully Funded,CHC ADULT FULLY FUNDED,LANDERMEADS PRIVATE NURSING HOME,23030363,"43,116.08 ",QA00002824
Department of Health,NHS Nottingham City CCG,7/31/2018,Cont Care- Adult 100% Fully Funded,CHC ADULT FULLY FUNDED,FOUR SEASONS HEALTH CARE LTD,23030366,"34,791.79 ",QA00002826
Department of Health,NHS Nottingham City CCG,7/31/2018,Cont Care- Adult 100% Fully Funded,CHC ADULT FULLY FUNDED,ST AUGUSTINE'S COURT CARE HOME,23030375,"34,586.50 ",QA00002831A
Department of Health,NHS Nottingham City CCG,7/31/2018,Cont Care- Adult 100% Fully Funded,CHC ADULT FULLY FUNDED,WEST LODGE RESIDENTIAL HOME,23030380,"26,502.08 ",QA00002834A
Department of Health,NHS Nottingham City CCG,7/31/2018,Cont Care- Adult 100% Fully Funded,CHC ADULT FULLY FUNDED,CHURCH FARM NURSING HOME LTD,23030387,"28,320.71 ",QA00002839
Department of Health,NHS Nottingham City CCG,7/31/2018,Cont Care- Adult 100% Fully Funded,CHC ADULT FULLY FUNDED,HC-ONE OVAL LTD,23030388,"29,098.72 ",QA00002840
Department of Health,NHS Nottingham City CCG,7/31/2018,Cont Care- Adult 100% Fully Funded,CHC ADULT FULLY FUNDED,MEADOWCROFT HEALTH CARE LTD,23030392,"40,406.77 ",QA00002844
Department of Health,NHS Nottingham City CCG,7/31/2018,Cont Care- Adult 100% Fully Funded,CHC ADULT FULLY FUNDED,EASTGATE LTD,23030398,"40,213.71 ",QA00002847A
Department of Health,NHS Nottingham City CCG,7/31/2018,Cont Care- Adult 100% Fully Funded,CHC ADULT FULLY FUNDED,PATHFINDERS-CARE (OLLERTON) LTD,23030410,"49,648.73 ",QA00002856
Department of Health,NHS Nottingham City CCG,7/31/2018,Training Expenses,BEREAVEMENT SERVICE,LEADERSHIP CENTRE,23114087,"50,670.00 ",40900582
Department of Health,NHS Nottingham City CCG,7/31/2018,Clinical&Medical-Voluntary Sector,COMMUNITY SERVICES,BPAS,23114102,"65,000.00 ",37899
Department of Health,NHS Nottingham City CCG,7/31/2018,Clinical&Medical-Not For Profit,INTERMEDIATE CARE,NOTTINGHAM CITY CARE PARTNERSHIP CIC,23114162,"175,577.00 ",SI011933
Department of Health,NHS Nottingham City CCG,7/31/2018,Cont Care- Adult 100% Fully Funded,CHC AD FULL FUND PERS HLTH BUD,NOTTINGHAM CITY COUNCIL,23114227,"722,608.70 ",852510051
Department of Health,NHS Nottingham City CCG,7/31/2018,Voids and Subsidies,RECHARGES NHS PROPERTY SERVICES LTD,COMMUNITY HEALTH PARTNERSHIPS LTD,23128575,"218,611.60 ",0060065888
Department of Health,NHS Nottingham City CCG,7/31/2018,Voids and Subsidies,RECHARGES NHS PROPERTY SERVICES LTD,COMMUNITY HEALTH PARTNERSHIPS LTD,23128585,"218,611.60 ",0060065890
Department of Health,NHS Nottingham City CCG,7/31/2018,Clinical&Medical-Commercial Sector,IMPROVING ACCESS TO PSYCHOLOGICAL THERAPIES,TRENT PTS,23128598,"85,000.00 ",04K069
Department of Health,NHS Nottingham City CCG,7/31/2018,Voids and Subsidies,RECHARGES NHS PROPERTY SERVICES LTD,COMMUNITY HEALTH PARTNERSHIPS LTD,23128606,"218,611.60 ",0060071962
Department of Health,NHS Nottingham City CCG,7/31/2018,Voids and Subsidies,RECHARGES NHS PROPERTY SERVICES LTD,COMMUNITY HEALTH PARTNERSHIPS LTD,23128631,"218,611.60 ",0060073540
Department of Health,NHS Nottingham City CCG,7/31/2018,Clinical&Medical-Commercial Sector,IMPROVING ACCESS TO PSYCHOLOGICAL THERAPIES,TRENT PTS,23128636,"85,000.00 ",04K071
Department of Health,NHS Nottingham City CCG,7/31/2018,Seconded-Basic Sal-Staff fm oth org,CEO/ BOARD OFFICE,SHERWOOD FOREST HOSPITALS NHS FOUNDATION TRUST,23152144,"38,384.43 ",0000165954
Department of Health,NHS Nottingham City CCG,7/31/2018,Seconded-Basic Sal-Staff fm oth org,CEO/ BOARD OFFICE,NHS ENGLAND,23152146,"50,810.00 ",7000028539
Department of Health,NHS Nottingham City CCG,7/31/2018,Clinical&Medical-Serv Recd-F Trsts,COMMISSIONING RESERVE,SHERWOOD FOREST HOSPITALS NHS FOUNDATION TRUST,23169138,"199,736.00 ",0000166099
Department of Health,NHS Nottingham City CCG,7/31/2018,Clinical&Medical-Serv Recd-F Trsts,IM&T,SHERWOOD FOREST HOSPITALS NHS FOUNDATION TRUST,23169138,"56,899.00 ",0000166099
Department of Health,NHS Nottingham City CCG,7/31/2018,Clinical&Medical-Serv Recd-F Trsts,COMMISSIONING RESERVE,SHERWOOD FOREST HOSPITALS NHS FOUNDATION TRUST,23169139,"292,449.00 ",0000166100
Department of Health,NHS Nottingham City CCG,7/31/2018,Healthcare Srv Rec CCG,MENTAL CAPACITY ACT,NHS NEWARK & SHERWOOD CCG,23169147,"34,952.00 ",7017501309
Department of Health,NHS Nottingham City CCG,7/31/2018,Computer Software/License,PRESCRIBING,FIRST DATABANK EUROPE LTD,23187565,"124,863.29 ",7780
Department of Health,NHS Nottingham City CCG,7/31/2018,Energy & Utilities - Gas,ESTATES AND FACILITIES,EDF ENERGY CUSTOMERS LTD,23206097,"68,407.33 ",NOINV7739
Department of Health,NHS Nottingham City CCG,7/31/2018,Clinical&Medical-Serv Recd-F Trsts,IM&T,SHERWOOD FOREST HOSPITALS NHS FOUNDATION TRUST,23210682,"32,285.34 ",0000163014
Department of Health,NHS Nottingham City CCG,7/31/2018,Clinical&Medical-Voluntary Sector,LONG TERM CONDITIONS,NOTTINGHAM CITY CARE PARTNERSHIP CIC,23210698,"81,360.84 ",SI011942
Department of Health,NHS Nottingham City CCG,7/31/2018,Hcare Srv Rec NHS Trust-Contract Baseline,ACUTE COMMISSIONING,NOTTINGHAM UNIVERSITY HOSPITALS NHS TRUST,23210726,"(69,624.00)",2000011080
Department of Health,NHS Nottingham City CCG,7/31/2018,Hlthcre-Foundation Trsts,ACUTE COMMISSIONING,UNIVERSITY HOSPITALS OF DERBY & BURTON NHS FOUNDATION TRUST,23210751,"73,038.10 ",800002203
Department of Health,NHS Nottingham City CCG,7/31/2018,Hcare Srv Rec NHS Trust-Contract Baseline,ACUTE COMMISSIONING,NOTTINGHAM UNIVERSITY HOSPITALS NHS TRUST,23210827,"14,364,871.00 ",2000094678
Department of Health,NHS Nottingham City CCG,7/31/2018,Clinical&Medical-Voluntary Sector,LONG TERM CONDITIONS,NOTTINGHAM CITY CARE PARTNERSHIP CIC,23210856,"(81,360.84)",SCR001290
Department of Health,NHS Nottingham City CCG,7/31/2018,Clinical&Medical-Othe Public Sector,INTERMEDIATE CARE,NOTTINGHAM CITY COUNCIL,23234108,"1,124,929.50 ",852525091
Department of Health,NHS Nottingham City CCG,7/31/2018,Clinical&Medical-Not For Profit,COMMUNITY SERVICES,NOTTINGHAM CITY CARE PARTNERSHIP CIC,23248474,"25,000.00 ",SI011963
Department of Health,NHS Nottingham City CCG,7/31/2018,Clinical&Medical-Voluntary Sector,COMMUNITY SERVICES,ALZHEIMERS SOCIETY,23248500,"37,074.50 ",PSI162798
,,,,,,,,
