A3131 - Expenditure Over Threshold,,,,,,,,
Department family,Entity,Date,Expense Type,Expense area,Supplier,Transaction number,AP Amount (�),Purchase invoice number
Department of Health,NHS Nottingham City CCG,3/31/2019,Rent,RECHARGES NHS PROPERTY SERVICES LTD,NOTTINGHAM CITY CARE PARTNERSHIP CIC,26214204,"247,893.00 ",SI013548
Department of Health,NHS Nottingham City CCG,3/31/2019,Rent,RECHARGES NHS PROPERTY SERVICES LTD,NOTTINGHAM CITY CARE PARTNERSHIP CIC,26214210,"82,631.00 ",SI013549
Department of Health,NHS Nottingham City CCG,3/31/2019,Rent,RECHARGES NHS PROPERTY SERVICES LTD,NOTTINGHAM CITY CARE PARTNERSHIP CIC,26214214,"247,893.00 ",SI013547
Department of Health,NHS Nottingham City CCG,3/31/2019,Clinical&Medical-Serv Recd-CCGs,NON RECURRENT RESERVE,NHS MANSFIELD & ASHFIELD CCG,26214231,"27,600.00 ",7017201285
Department of Health,NHS Nottingham City CCG,3/31/2019,Clinical&Medical-Serv Recd-NHS Trst,EXCEPTIONS & PRIOR APPROVALS,NOTTINGHAM UNIVERSITY HOSPITALS NHS TRUST,26214264,"35,000.00 ",2000099794
Department of Health,NHS Nottingham City CCG,3/31/2019,Clinical&Medical-Not For Profit,COMMUNITY SERVICES,NOTTINGHAM CITY CARE PARTNERSHIP CIC,26250059,"29,500.00 ",SI013273
Department of Health,NHS Nottingham City CCG,3/31/2019,Clinical&Medical-Independent Sector,Winter Resilience,CHURCH FARM AT RUSTICUS LTD,26250082,"84,000.00 ",692
Department of Health,NHS Nottingham City CCG,3/31/2019,Clinical&Medical-Not For Profit,Winter Resilience,NOTTINGHAM CITY CARE PARTNERSHIP CIC,26250088,"98,234.89 ",SI013595
Department of Health,NHS Nottingham City CCG,3/31/2019,Clinical&Medical-Othe Public Sector,COMMISSIONING - NON ACUTE,NOTTINGHAM CITY COUNCIL,26250110,"1,145,972.00 ",852892930
Department of Health,NHS Nottingham City CCG,3/31/2019,Clinical&Medical-Not For Profit,COMMUNITY SERVICES,NOTTINGHAM CITY CARE PARTNERSHIP CIC,26250124,"118,379.00 ",SI013601
Department of Health,NHS Nottingham City CCG,3/31/2019,Clinical&Medical-Not For Profit,COMMUNITY SERVICES,NOTTINGHAM CITY CARE PARTNERSHIP CIC,26250139,"28,293.00 ",SI013603
Department of Health,NHS Nottingham City CCG,3/31/2019,Clinical&Medical-Not For Profit,COMMUNITY SERVICES,NOTTINGHAM CITY CARE PARTNERSHIP CIC,26250217,"141,750.00 ",SI013781
Department of Health,NHS Nottingham City CCG,3/31/2019,Clinical&Medical-Serv Recd-F Trsts,IM&T,SHERWOOD FOREST HOSPITALS NHS FOUNDATION TRUST,26250339,"32,285.34 ",0000171744
Department of Health,NHS Nottingham City CCG,3/31/2019,Hcare Srv Rec NHS Trust,NCAS/OATS,UNIVERSITY HOSPITALS COVENTRY AND WARWICKSHIRE NHS TRUST,26250461,"42,362.21 ",1000071516
Department of Health,NHS Nottingham City CCG,3/31/2019,Clinical&Medical-Clinical Other,CHC ADULT FULLY FUNDED,NOTTINGHAM CITY COUNCIL,26254484,"150,000.00 ",104652-01-MAR-2019
Department of Health,NHS Nottingham City CCG,3/31/2019,Clinical&Medical-Clinical Other,CHC ADULT FULLY FUNDED,NOTTINGHAM CITY COUNCIL,26254485,"650,000.00 ",104655-01-MAR-2019
Department of Health,NHS Nottingham City CCG,3/31/2019,Clinical&Medical-Clinical Other,CHC ADULT FULLY FUNDED,NOTTINGHAM CITY COUNCIL,26254486,"550,000.00 ",104654-01-MAR-2019
Department of Health,NHS Nottingham City CCG,3/31/2019,Clinical&Medical-Clinical Other,CHC ADULT FULLY FUNDED,NOTTINGHAM CITY COUNCIL,26254487,"250,000.00 ",104653-01-MAR-2019
Department of Health,NHS Nottingham City CCG,3/31/2019,Clinical&Medical-Clinical Other,LEARNING DIFFICULTIES,ST ANDREWS HEALTHCARE,26275191,"42,377.00 ",90052174
Department of Health,NHS Nottingham City CCG,3/31/2019,Hlthcre-Foundation Trsts,MENTAL HEALTH SERVICES - NOT CONTRACTED ACTIVITY,NOTTINGHAMSHIRE HEALTHCARE NHS FOUNDATION TRUST,26286914,"26,851.00 ",1000047682
Department of Health,NHS Nottingham City CCG,3/31/2019,Hlthcre-Foundation Trsts,MENTAL HEALTH SERVICES - NOT CONTRACTED ACTIVITY,NOTTINGHAMSHIRE HEALTHCARE NHS FOUNDATION TRUST,26286920,"26,280.00 ",1000048607
Department of Health,NHS Nottingham City CCG,3/31/2019,Clinical&Medical-Voluntary Sector,IMPROVING ACCESS TO PSYCHOLOGICAL THERAPIES,INSIGHT HEALTHCARE LTD,26286935,"40,000.00 ",19073
Department of Health,NHS Nottingham City CCG,3/31/2019,Clinical&Medical-Voluntary Sector,IMPROVING ACCESS TO PSYCHOLOGICAL THERAPIES,TRENT PTS,26331978,"85,000.00 ",04K084
Department of Health,NHS Nottingham City CCG,3/31/2019,Clinical&Medical-Not For Profit,COMMUNITY SERVICES,NOTTINGHAM CITY CARE PARTNERSHIP CIC,26331981,"2,518,024.66 ",SI013585
Department of Health,NHS Nottingham City CCG,3/31/2019,Clinical&Medical-Serv Recd-F Trsts,EXCEPTIONS & PRIOR APPROVALS,SHERWOOD FOREST HOSPITALS NHS FOUNDATION TRUST,26334987,"48,497.50 ",0000172047
Department of Health,NHS Nottingham City CCG,3/31/2019,Clinical&Medical-Othe Public Sector,WHEELCHAIR SERVICE,NOTTINGHAMSHIRE COUNTY COUNCIL,26334988,"301,370.25 ",92270301
Department of Health,NHS Nottingham City CCG,3/31/2019,Clinical&Medical-Clinical Other,CHC ADULT FULLY FUNDED,ST ANDREWS HEALTHCARE,26335019,"37,417.00 ",90063484
Department of Health,NHS Nottingham City CCG,3/31/2019,Clinical&Medical-Not For Profit,INTERMEDIATE CARE,NOTTINGHAM CITY CARE PARTNERSHIP CIC,26335027,"175,618.16 ",SI013796
Department of Health,NHS Nottingham City CCG,3/31/2019,Voids and Subsidies,RECHARGES NHS PROPERTY SERVICES LTD,COMMUNITY HEALTH PARTNERSHIPS LTD,26335029,"115,606.98 ",0060100689
Department of Health,NHS Nottingham City CCG,3/31/2019,Rent,RECHARGES NHS PROPERTY SERVICES LTD,COMMUNITY HEALTH PARTNERSHIPS LTD,26335039,"38,776.52 ",0060100992
Department of Health,NHS Nottingham City CCG,3/31/2019,Hcare Srv Rec Fdtn Trust-Contract Baseline,COMMUNITY SERVICES,NOTTINGHAMSHIRE HEALTHCARE NHS FOUNDATION TRUST,26338515,"586,492.00 ",1000049266
Department of Health,NHS Nottingham City CCG,3/31/2019,Clinical&Medical-Not For Profit,COMMUNITY SERVICES,NOTTINGHAM CITY CARE PARTNERSHIP CIC,26371368,"264,000.00 ",SI013256
Department of Health,NHS Nottingham City CCG,3/31/2019,Clinical&Medical-Commercial Sector,ACUTE COMMISSIONING,BMI HEALTHCARE LTD,26371381,"27,747.31 ",0000104856
Department of Health,NHS Nottingham City CCG,3/31/2019,Hlthcre-Foundation Trsts,ACUTE COMMISSIONING,UNIVERSITY HOSPITALS OF DERBY & BURTON NHS FOUNDATION TRUST,26371389,"73,038.10 ",800008911
Department of Health,NHS Nottingham City CCG,3/31/2019,Hcare Srv Rec NHS Trust,ACUTE COMMISSIONING,UNIVERSITY HOSPITALS OF LEICESTER NHS TRUST,26371391,"25,058.00 ",L0221887
Department of Health,NHS Nottingham City CCG,3/31/2019,Minor Works,ESTATES AND FACILITIES,INTEGRAL UK LTD,26371393,"35,516.91 ",847832
Department of Health,NHS Nottingham City CCG,3/31/2019,Rent,ESTATES AND FACILITIES,EURO PROPERTY INVESTMENTS LTD,26371402,"96,000.00 ",784
Department of Health,NHS Nottingham City CCG,3/31/2019,Hlthcre-Foundation Trsts,ACUTE COMMISSIONING,SHERWOOD FOREST HOSPITALS NHS FOUNDATION TRUST,26371411,"71,744.17 ",0000171722
Department of Health,NHS Nottingham City CCG,3/31/2019,Rent,ESTATES AND FACILITIES,EURO PROPERTY INVESTMENTS LTD,26371490,"96,000.00 ",1083
Department of Health,NHS Nottingham City CCG,3/31/2019,Hlthcre-Foundation Trsts,MENTAL HEALTH SERVICES - SPECIALIST SERVICES,NOTTINGHAMSHIRE HEALTHCARE NHS FOUNDATION TRUST,26391659,"51,600.79 ",1000048167
Department of Health,NHS Nottingham City CCG,3/31/2019,Hcare Srv Rec NHS Trust,AMBULANCE SERVICES,EAST MIDLANDS AMBULANCE SERVICE NHS TRUST,26391679,"116,141.00 ",11313229
Department of Health,NHS Nottingham City CCG,3/31/2019,Clinical&Medical-Commercial Sector,CLINICAL ASSESSMENT AND TREATMENT CENTRES,CIRCLE NOTTINGHAM LTD,26391694,"2,026,730.10 ",8991
Department of Health,NHS Nottingham City CCG,3/31/2019,Clinical&Medical-Not For Profit,ACUTE COMMISSIONING,NOTTINGHAM WOODTHORPE HOSPITAL,26391702,"353,820.28 ",12MAR1904KNC
Department of Health,NHS Nottingham City CCG,3/31/2019,Hcare Srv Rec NHS Trust,AMBULANCE SERVICES,EAST MIDLANDS AMBULANCE SERVICE NHS TRUST,26391736,"1,004,247.00 ",11313543
Department of Health,NHS Nottingham City CCG,3/31/2019,Clinical&Medical-Independent Sector,Winter Resilience,CHURCH FARM AT RUSTICUS LTD,26391746,"93,000.00 ",731
Department of Health,NHS Nottingham City CCG,3/31/2019,Clinical&Medical-Clinical Other,CHC ADULT FULLY FUNDED,ST ANDREWS HEALTHCARE,26391764,"56,637.00 ",90063483
Department of Health,NHS Nottingham City CCG,3/31/2019,Apprenticeship Levy Payable,BALANCE SHEET,HMRC,26406815,"1,001.00 ",120PW005700591911
Department of Health,NHS Nottingham City CCG,3/31/2019,Income tax <1Yr,BALANCE SHEET,HMRC,26406815,"59,663.40 ",120PW005700591911
Department of Health,NHS Nottingham City CCG,3/31/2019,Income tax <1Yr-Student Loans,BALANCE SHEET,HMRC,26406815,"1,323.00 ",120PW005700591911
Department of Health,NHS Nottingham City CCG,3/31/2019,National Insurance < 1 yr-NI- ERS,BALANCE SHEET,HMRC,26406815,"47,866.76 ",120PW005700591911
Department of Health,NHS Nottingham City CCG,3/31/2019,National Insurance < 1 yr-NI-EES,BALANCE SHEET,HMRC,26406815,"37,019.06 ",120PW005700591911
Department of Health,NHS Nottingham City CCG,3/31/2019,Statutory Mat Pay < 1 yr,BALANCE SHEET,HMRC,26406815,(801.42),120PW005700591911
Department of Health,NHS Nottingham City CCG,3/31/2019,Healthcare Srv Rec CCG,PROGRAMME PROJECTS,NHS NOTTINGHAM NORTH & EAST CCG,26417642,"2,470,000.00 ",7017800623
Department of Health,NHS Nottingham City CCG,3/31/2019,Healthcare Srv Rec CCG,PROGRAMME PROJECTS,NHS NOTTINGHAM WEST CCG,26417660,"910,000.00 ",7017900477
Department of Health,NHS Nottingham City CCG,3/31/2019,Healthcare Srv Rec CCG,PROGRAMME PROJECTS,NHS RUSHCLIFFE CCG,26417664,"1,260,000.00 ",7018001684
Department of Health,NHS Nottingham City CCG,3/31/2019,Clinical&Medical-Clinical Other,CHC ADULT FULLY FUNDED,HC ONE LTD,26426765,"35,923.56 ",QA00003241A
Department of Health,NHS Nottingham City CCG,3/31/2019,Clinical&Medical-Clinical Other,CHC ADULT FULLY FUNDED,HIGHFIELDS NURSING HOMES,26426843,"31,738.48 ",QA00003255A
Department of Health,NHS Nottingham City CCG,3/31/2019,Clinical&Medical-Clinical Other,CHC ADULT FULLY FUNDED,LANDERMEADS PRIVATE NURSING HOME,26426883,"30,134.51 ",QA00003259A
Department of Health,NHS Nottingham City CCG,3/31/2019,Clinical&Medical-Clinical Other,CHC ADULT FULLY FUNDED,FOUR SEASONS HEALTH CARE LTD,26426894,"42,240.36 ",QA00003261
Department of Health,NHS Nottingham City CCG,3/31/2019,Clinical&Medical-Clinical Other,CHC ADULT FULLY FUNDED,ST AUGUSTINE'S COURT CARE HOME,26426909,"66,028.90 ",QA00003266A
Department of Health,NHS Nottingham City CCG,3/31/2019,Clinical&Medical-Clinical Other,CHC ADULT FULLY FUNDED,MEADOWCROFT HEALTH CARE LTD,26426958,"40,406.77 ",QA00003277
Department of Health,NHS Nottingham City CCG,3/31/2019,Clinical&Medical-Clinical Other,CHC ADULT FULLY FUNDED,BEECHDALE MANOR CARE HOME,26426973,"26,273.01 ",QA00003279A
Department of Health,NHS Nottingham City CCG,3/31/2019,Clinical&Medical-Clinical Other,CHC ADULT FULLY FUNDED,CHURCH FARM NURSING HOME LTD,26431002,"29,675.86 ",QA00003287A
Department of Health,NHS Nottingham City CCG,3/31/2019,Clinical&Medical-Clinical Other,CHC ADULT FULLY FUNDED,PATHFINDERS-CARE (OLLERTON) LTD,26431015,"33,307.30 ",QA00003290
Department of Health,NHS Nottingham City CCG,3/31/2019,Clinical&Medical-Clinical Other,CHC ADULT FULLY FUNDED,MULBERRY COURT CARE HOME,26431030,"36,057.81 ",QA00003293A
Department of Health,NHS Nottingham City CCG,3/31/2019,Clinical&Medical-Commercial Sector,PATIENT TRANSPORT,ARRIVA TRANSPORT SOLUTIONS,26434866,"39,036.00 ",1006814
Department of Health,NHS Nottingham City CCG,3/31/2019,Hcare Srv Rec NHS Trust-Contract Baseline,ACUTE COMMISSIONING,NOTTINGHAM UNIVERSITY HOSPITALS NHS TRUST,26434895,"241,778.00 ",2000099751
Department of Health,NHS Nottingham City CCG,3/31/2019,Hlthcre-Foundation Trsts,IMPROVING ACCESS TO PSYCHOLOGICAL THERAPIES,NOTTINGHAMSHIRE HEALTHCARE NHS FOUNDATION TRUST,26434918,"91,590.00 ",1000049314
Department of Health,NHS Nottingham City CCG,3/31/2019,Hcare Srv Rec NHS Trust,NCAS/OATS,ST HELENS AND KNOWSLEY HOSPITALS NHS TRUST,26434920,"52,787.00 ",16782819
Department of Health,NHS Nottingham City CCG,3/31/2019,Hcare Srv Rec Fdtn Trust-Non Contract,IMPROVING ACCESS TO PSYCHOLOGICAL THERAPIES,NOTTINGHAMSHIRE HEALTHCARE NHS FOUNDATION TRUST,26434937,"30,739.00 ",1000049372
Department of Health,NHS Nottingham City CCG,3/31/2019,Clinical&Medical-Not For Profit,CHILD AND ADOLESCENT MENTAL HEALTH,NOTTINGHAM CITY CARE PARTNERSHIP CIC,26437022,"25,000.00 ",SI013947
Department of Health,NHS Nottingham City CCG,3/31/2019,Hcare Srv Rec NHS Trust-Contract Baseline,ACUTE COMMISSIONING,NOTTINGHAM UNIVERSITY HOSPITALS NHS TRUST,26441858,"4,921,946.00 ",104658-14-MAR-2019
Department of Health,NHS Nottingham City CCG,3/31/2019,Clinical&Medical-Commercial Sector,CLINICAL ASSESSMENT AND TREATMENT CENTRES,CIRCLE NOTTINGHAM LTD,26484452,"(289,293.58)",9024
Department of Health,NHS Nottingham City CCG,3/31/2019,Clinical&Medical-Commercial Sector,PATIENT TRANSPORT,ARRIVA TRANSPORT SOLUTIONS,26507487,"145,620.00 ",1006960
Department of Health,NHS Nottingham City CCG,3/31/2019,Clinical&Medical-Commercial Sector,PATIENT TRANSPORT,ARRIVA TRANSPORT SOLUTIONS,26507737,"(110,304.00)",101191
Department of Health,NHS Nottingham City CCG,3/31/2019,Hcare Srv Rec NHS Trust-Contract Baseline,ACUTE COMMISSIONING,NOTTINGHAM UNIVERSITY HOSPITALS NHS TRUST,26514507,"5,430,555.00 ",2000099615
Department of Health,NHS Nottingham City CCG,3/31/2019,Hcare Srv Rec NHS Trust-Contract Baseline,ACUTE COMMISSIONING,NOTTINGHAM UNIVERSITY HOSPITALS NHS TRUST,26514509,"(508,609.00)",2000011564
Department of Health,NHS Nottingham City CCG,3/31/2019,Clinical&Medical-Clinical Other,CHC ADULT FULLY FUNDED,NOTTINGHAMSHIRE COUNTY COUNCIL,26525620,"233,200.00 ",92263298
Department of Health,NHS Nottingham City CCG,3/31/2019,Hlthcre-Foundation Trsts,MENTAL HEALTH CONTRACTS,NOTTINGHAMSHIRE HEALTHCARE NHS FOUNDATION TRUST,26525732,"3,426,504.10 ",1000049268
Department of Health,NHS Nottingham City CCG,3/31/2019,Charges from CCG,GENERAL RESERVE - PROGRAMME,NHS MANSFIELD & ASHFIELD CCG,26525960,"89,353.00 ",7017201353
Department of Health,NHS Nottingham City CCG,3/31/2019,Charges from CCG,GENERAL RESERVE - PROGRAMME,NHS NEWARK & SHERWOOD CCG,26525962,"76,811.00 ",7017501577
Department of Health,NHS Nottingham City CCG,3/31/2019,Clinical&Medical-Othe Public Sector,COMMISSIONING - NON ACUTE,NOTTINGHAM CITY COUNCIL,26525970,"1,145,970.00 ",852954715
Department of Health,NHS Nottingham City CCG,3/31/2019,Clinical&Medical-Commercial Sector,PATIENT TRANSPORT,ARRIVA TRANSPORT SOLUTIONS,26528986,"(39,036.00)",101208
Department of Health,NHS Nottingham City CCG,3/31/2019,Seconded-Basic Sal-Staff fm oth org,CLINICAL ASSESSMENT AND TREATMENT CENTRES,NEMS COMMUNITY BENEFIT SERVICE,26547544,"27,174.51 ",1050
Department of Health,NHS Nottingham City CCG,3/31/2019,Seconded-Basic Sal-Staff fm oth org,CLINICAL ASSESSMENT AND TREATMENT CENTRES,NEMS COMMUNITY BENEFIT SERVICE,26547545,"27,062.10 ",1054
Department of Health,NHS Nottingham City CCG,3/31/2019,Seconded-Basic Sal-Staff fm oth org,CLINICAL ASSESSMENT AND TREATMENT CENTRES,NEMS COMMUNITY BENEFIT SERVICE,26547549,"28,779.17 ",1076
Department of Health,NHS Nottingham City CCG,3/31/2019,Clinical&Medical-Commercial Sector,PATIENT TRANSPORT,ARRIVA TRANSPORT SOLUTIONS,26547555,"39,036.00 ",1006843
Department of Health,NHS Nottingham City CCG,3/31/2019,Seconded-Basic Sal-Staff fm oth org,CLINICAL ASSESSMENT AND TREATMENT CENTRES,NEMS COMMUNITY BENEFIT SERVICE,26547557,"27,311.05 ",1127
Department of Health,NHS Nottingham City CCG,3/31/2019,Hlthcre-Foundation Trsts,MENTAL HEALTH SERVICES - SPECIALIST SERVICES,NOTTINGHAMSHIRE HEALTHCARE NHS FOUNDATION TRUST,26547559,"60,217.39 ",1000048832
Department of Health,NHS Nottingham City CCG,3/31/2019,Seconded-Basic Sal-Staff fm oth org,CLINICAL ASSESSMENT AND TREATMENT CENTRES,NEMS COMMUNITY BENEFIT SERVICE,26547564,"27,172.21 ",1153
Department of Health,NHS Nottingham City CCG,3/31/2019,Clinical&Medical-Not For Profit,COMMUNITY SERVICES,NOTTINGHAM CITY CARE PARTNERSHIP CIC,26547580,"(76,362.00)",SCR001449
Department of Health,NHS Nottingham City CCG,3/31/2019,Seconded-Basic Sal-Staff fm oth org,EXCEPTIONS & PRIOR APPROVALS,NHS ENGLAND,26547600,"84,680.00 ",7000031553
Department of Health,NHS Nottingham City CCG,3/31/2019,Clinical&Medical-Othe Public Sector,COUNSELLING SERVICES,NOTTINGHAM CITY COUNCIL,26547610,"37,097.75 ",852943586
Department of Health,NHS Nottingham City CCG,3/31/2019,Clinical&Medical-Clinical Other,COLLABORATIVE COMMISSIONING,NOTTINGHAM CITY CARE PARTNERSHIP CIC,26547664,"33,000.00 ",SI013980
Department of Health,NHS Nottingham City CCG,3/31/2019,Hcare Srv Rec NHS Trust-Contract Baseline,ACUTE COMMISSIONING,NOTTINGHAM UNIVERSITY HOSPITALS NHS TRUST,26560547,"184,423.00 ",104660-21-MAR-2019
Department of Health,NHS Nottingham City CCG,3/31/2019,Clinical&Medical-Voluntary Sector,IMPROVING ACCESS TO PSYCHOLOGICAL THERAPIES,INSIGHT HEALTHCARE LTD,26575476,"31,423.00 ",19253
Department of Health,NHS Nottingham City CCG,3/31/2019,Hlthcre-Foundation Trsts,ACUTE COMMISSIONING,SHERWOOD FOREST HOSPITALS NHS FOUNDATION TRUST,26575477,"330,696.00 ",0000172257
Department of Health,NHS Nottingham City CCG,3/31/2019,Hcare Srv Rec NHS Trust-Contract Baseline,ACUTE COMMISSIONING,NOTTINGHAM UNIVERSITY HOSPITALS NHS TRUST,26575484,"597,853.00 ",2000100363
Department of Health,NHS Nottingham City CCG,3/31/2019,Clinical&Medical-Independent Sector,ACUTE COMMISSIONING,DHU 111 (EAST MIDLANDS) CIC,26606022,"(29,925.60)",242
Department of Health,NHS Nottingham City CCG,3/31/2019,Clinical&Medical-Clinical Other,CHC ADULT FULLY FUNDED,NOTTINGHAM CITY COUNCIL,26613068,"650,000.00 ",104662-25-MAR-2019
Department of Health,NHS Nottingham City CCG,3/31/2019,Clinical&Medical-Clinical Other,CHC ADULT FULLY FUNDED,NOTTINGHAM CITY COUNCIL,26613069,"150,000.00 ",104665-25-MAR-2019
Department of Health,NHS Nottingham City CCG,3/31/2019,Clinical&Medical-Clinical Other,CHC ADULT FULLY FUNDED,NOTTINGHAM CITY COUNCIL,26613070,"250,000.00 ",104664-25-MAR-2019
Department of Health,NHS Nottingham City CCG,3/31/2019,Clinical&Medical-Clinical Other,CHC ADULT FULLY FUNDED,NOTTINGHAM CITY COUNCIL,26613071,"550,000.00 ",104663-25-MAR-2019
Department of Health,NHS Nottingham City CCG,3/31/2019,Services From Local Authorities,NON RECURRENT RESERVE,NOTTINGHAMSHIRE COUNTY COUNCIL,26629032,"2,015,000.00 ",92279319
Department of Health,NHS Nottingham City CCG,3/31/2019,Clinical&Medical-Independent Sector,ACUTE COMMISSIONING,DHU 111 (EAST MIDLANDS) CIC,26635548,"128,326.55 ",1032
Department of Health,NHS Nottingham City CCG,3/31/2019,Clinical&Medical-Independent Sector,ACUTE COMMISSIONING,DHU 111 (EAST MIDLANDS) CIC,26635619,"128,326.55 ",SINV1074
Department of Health,NHS Nottingham City CCG,3/31/2019,Clinical&Medical-Voluntary Sector,ACUTE COMMISSIONING,BRITISH RED CROSS SOCIETY,26635649,"36,692.00 ",650111082
Department of Health,NHS Nottingham City CCG,3/31/2019,Hlthcre-Foundation Trsts,GENERAL RESERVE - PROGRAMME,NOTTINGHAMSHIRE HEALTHCARE NHS FOUNDATION TRUST,26635670,"506,000.00 ",1000049633
Department of Health,NHS Nottingham City CCG,3/31/2019,Hlthcre-Foundation Trsts,MENTAL HEALTH CONTRACTS,NOTTINGHAMSHIRE HEALTHCARE NHS FOUNDATION TRUST,26635670,"(73,658.00)",1000049633
Department of Health,NHS Nottingham City CCG,3/31/2019,Computer Software/License,PRIMARY CARE IT,SHERWOOD FOREST HOSPITALS NHS FOUNDATION TRUST,26635686,"28,749.35 ",0000172502
Department of Health,NHS Nottingham City CCG,3/31/2019,Clinical&Medical-Othe Public Sector,COMMUNITY SERVICES,NOTTINGHAM CITY COUNCIL,26649944,"25,000.00 ",852961118
Department of Health,NHS Nottingham City CCG,3/31/2019,Hlthcre-Foundation Trsts,MENTAL HEALTH SERVICES - SPECIALIST SERVICES,NOTTINGHAMSHIRE HEALTHCARE NHS FOUNDATION TRUST,26653392,"50,878.75 ",1000049235
Department of Health,NHS Nottingham City CCG,3/31/2019,Seconded-Basic Sal-Staff fm oth org,ADMIN PROJECTS,NOTTINGHAM UNIVERSITY HOSPITALS NHS TRUST,26653524,"33,951.00 ",2000100554
,,,,,,,,
