A3131 - Expenditure Over Threshold,,,,,,,,
Department family,Entity,Date,Expense Type,Expense area,Supplier,Transaction number,AP Amount (�),Purchase invoice number
Department of Health,NHS Nottingham City CCG,5/31/2018,Clinical&Medical-Commercial Sector,ACUTE COMMISSIONING,CIRCLE NOTTINGHAM LTD,21993656,"1,968,795.49 ",7622
Department of Health,NHS Nottingham City CCG,5/31/2018,Clinical&Medical-Independent Sector,ACUTE COMMISSIONING,DHU 111 (EAST MIDLANDS) CIC,21993682,"88,430.40 ",SINV00580
Department of Health,NHS Nottingham City CCG,5/31/2018,Hcare Srv Rec NHS Trust,ACUTE COMMISSIONING,UNIVERSITY HOSPITALS OF LEICESTER NHS TRUST,21993700,"27,343.00 ",L0207327
Department of Health,NHS Nottingham City CCG,5/31/2018,Clinical&Medical-Commercial Sector,PATIENT TRANSPORT,ARRIVA TRANSPORT SOLUTIONS,21993702,"110,304.00 ",1006379
Department of Health,NHS Nottingham City CCG,5/31/2018,Clinical&Medical-Serv Recd-F Trsts,COMMISSIONING RESERVE,SHERWOOD FOREST HOSPITALS NHS FOUNDATION TRUST,21993758,"33,474.25 ",0000164046
Department of Health,NHS Nottingham City CCG,5/31/2018,Minor Works,ESTATES AND FACILITIES,INTEGRAL UK LTD,21993767,"35,516.91 ",734327
Department of Health,NHS Nottingham City CCG,5/31/2018,Hlthcre-Foundation Trsts,ACUTE COMMISSIONING,SHERWOOD FOREST HOSPITALS NHS FOUNDATION TRUST,21993777,"71,744.17 ",0000164088
Department of Health,NHS Nottingham City CCG,5/31/2018,Clinical&Medical-Clinical Other,MENTAL HEALTH SERVICES - SPECIALIST SERVICES,ST ANDREWS HEALTHCARE,22088669,"54,473.13 ",90046853
Department of Health,NHS Nottingham City CCG,5/31/2018,Clinical&Medical-Voluntary Sector,LONG TERM CONDITIONS,SELF HELP NOTTINGHAM,22088712,"140,000.00 ",6433
Department of Health,NHS Nottingham City CCG,5/31/2018,Continuing Care- Equipment,Children's Continuing Care,NOTTINGHAM CITY COUNCIL,22088733,"139,856.71 ",852386849
Department of Health,NHS Nottingham City CCG,5/31/2018,Charges from CSU,ADMINISTRATION & BUSINESS SUPPORT,NHS ARDEN AND GEM CSU,22091829,"25,310.40 ",7312610716
Department of Health,NHS Nottingham City CCG,5/31/2018,Hcare Srv Rec NHS Trust,AMBULANCE SERVICES,EAST MIDLANDS AMBULANCE SERVICE NHS TRUST,22091833,"974,511.00 ",11311652
Department of Health,NHS Nottingham City CCG,5/31/2018,Minor Works,ESTATES AND FACILITIES,INTEGRAL UK LTD,22117693,"35,516.91 ",724287
Department of Health,NHS Nottingham City CCG,5/31/2018,Apprenticeship Levy Payable,BALANCE SHEET,HMRC,22154430,774.00 ,120PW005700591901
Department of Health,NHS Nottingham City CCG,5/31/2018,Income tax <1Yr,BALANCE SHEET,HMRC,22154430,"55,829.00 ",120PW005700591901
Department of Health,NHS Nottingham City CCG,5/31/2018,Income tax <1Yr-Student Loans,BALANCE SHEET,HMRC,22154430,"1,070.00 ",120PW005700591901
Department of Health,NHS Nottingham City CCG,5/31/2018,National Insurance < 1 yr-NI- ERS,BALANCE SHEET,HMRC,22154430,"43,085.81 ",120PW005700591901
Department of Health,NHS Nottingham City CCG,5/31/2018,National Insurance < 1 yr-NI-EES,BALANCE SHEET,HMRC,22154430,"33,152.69 ",120PW005700591901
Department of Health,NHS Nottingham City CCG,5/31/2018,Statutory Mat Pay < 1 yr,BALANCE SHEET,HMRC,22154430,"(1,492.21)",120PW005700591901
Department of Health,NHS Nottingham City CCG,5/31/2018,Cont Care- Adult 100% Fully Funded,CHC ADULT FULLY FUNDED,KISIMUL GROUP LTD,22157084,"26,059.59 ",0000025709
Department of Health,NHS Nottingham City CCG,5/31/2018,Hcare Srv Rec Fdtn Trust-Contract Baseline,COMMUNITY SERVICES,NOTTINGHAMSHIRE HEALTHCARE NHS FOUNDATION TRUST,22157114,"615,231.42 ",1000045845
Department of Health,NHS Nottingham City CCG,5/31/2018,Hlthcre-Foundation Trsts,MENTAL HEALTH CONTRACTS,NOTTINGHAMSHIRE HEALTHCARE NHS FOUNDATION TRUST,22157118,"3,463,562.55 ",1000045850
Department of Health,NHS Nottingham City CCG,5/31/2018,Clinical&Medical-Not For Profit,ACUTE COMMISSIONING,NOTTINGHAM WOODTHORPE HOSPITAL,22190799,"353,820.28 ",1MAY1804KNC
Department of Health,NHS Nottingham City CCG,5/31/2018,Clinical&Medical-Voluntary Sector,LONG TERM CONDITIONS,NOTTINGHAM CITY CARE PARTNERSHIP CIC,22190890,"81,360.84 ",SI011455
Department of Health,NHS Nottingham City CCG,5/31/2018,Clinical&Medical-Not For Profit,INTERMEDIATE CARE,NOTTINGHAM CITY CARE PARTNERSHIP CIC,22190896,"175,577.00 ",SI011451
Department of Health,NHS Nottingham City CCG,5/31/2018,Clinical&Medical-Othe Public Sector,MENTAL HEALTH SERVICES - OLDER PEOPLE,NOTTINGHAM CITY COUNCIL,22190932,"1,500,000.00 ",852410421
Department of Health,NHS Nottingham City CCG,5/31/2018,Cont Care- Adult Joint Funded,CHC ADULT JOINT FUNDED,NOTTINGHAM CITY COUNCIL,22190932,"1,500,000.00 ",852410421
Department of Health,NHS Nottingham City CCG,5/31/2018,Clinical&Medical-Voluntary Sector,COMMUNITY SERVICES,ALZHEIMERS SOCIETY,22208220,"37,074.50 ",PSI159970
Department of Health,NHS Nottingham City CCG,5/31/2018,Clinical&Medical-Voluntary Sector,MENTAL HEALTH SERVICES - ADULTS,METROPOLITAN HOUSING TRUST LTD,22208253,"36,070.14 ",3034762
Department of Health,NHS Nottingham City CCG,5/31/2018,Minor Works,ESTATES AND FACILITIES,INTEGRAL UK LTD,22257807,"35,516.91 ",737088
Department of Health,NHS Nottingham City CCG,5/31/2018,Clinical&Medical-Independent Sector - Non Contract,IMPROVING ACCESS TO PSYCHOLOGICAL THERAPIES,INSIGHT HEALTHCARE LTD,22257837,"110,486.00 ",18164
Department of Health,NHS Nottingham City CCG,5/31/2018,Cont Care- Adult 100% Fully Funded,CHC ADULT FULLY FUNDED,LANDERMEADS PRIVATE NURSING HOME,22268975,"26,327.85 ",QA00002716
Department of Health,NHS Nottingham City CCG,5/31/2018,Cont Care- Adult 100% Fully Funded,CHC ADULT FULLY FUNDED,FOUR SEASONS HEALTH CARE LTD,22268978,"36,651.53 ",QA00002718
Department of Health,NHS Nottingham City CCG,5/31/2018,Cont Care- Adult 100% Fully Funded,CHC ADULT FULLY FUNDED,CHURCH FARM NURSING HOME LTD,22269000,"30,516.71 ",QA00002731
Department of Health,NHS Nottingham City CCG,5/31/2018,Cont Care- Adult 100% Fully Funded,CHC ADULT FULLY FUNDED,HC-ONE OVAL LTD,22269001,"52,667.74 ",QA00002732
Department of Health,NHS Nottingham City CCG,5/31/2018,Cont Care- Adult 100% Fully Funded,CHC ADULT FULLY FUNDED,MEADOWCROFT HEALTH CARE LTD,22269005,"42,206.77 ",QA00002736
Department of Health,NHS Nottingham City CCG,5/31/2018,Cont Care- Adult 100% Fully Funded,CHC ADULT FULLY FUNDED,EASTGATE LTD,22269011,"45,701.16 ",QA00002739A
Department of Health,NHS Nottingham City CCG,5/31/2018,Cont Care- Adult 100% Fully Funded,CHC ADULT FULLY FUNDED,PATHFINDERS-CARE (OLLERTON) LTD,22269026,"42,075.87 ",QA00002748
Department of Health,NHS Nottingham City CCG,5/31/2018,Clinical&Medical-Independent Sector,IMPROVING ACCESS TO PSYCHOLOGICAL THERAPIES,TURNING POINT,22274586,"36,814.20 ",SITPS00017341
Department of Health,NHS Nottingham City CCG,5/31/2018,Hlthcre-Foundation Trsts,IMPROVING ACCESS TO PSYCHOLOGICAL THERAPIES,NOTTINGHAMSHIRE HEALTHCARE NHS FOUNDATION TRUST,22274615,"97,672.50 ",1000045809
Department of Health,NHS Nottingham City CCG,5/31/2018,Clinical&Medical-Voluntary Sector,IMPROVING ACCESS TO PSYCHOLOGICAL THERAPIES,INSIGHT HEALTHCARE LTD,22274618,"40,000.00 ",18101
Department of Health,NHS Nottingham City CCG,5/31/2018,Clinical&Medical-Voluntary Sector,IMPROVING ACCESS TO PSYCHOLOGICAL THERAPIES,INSIGHT HEALTHCARE LTD,22274622,"54,473.50 ",18116
Department of Health,NHS Nottingham City CCG,5/31/2018,Clinical&Medical-Othe Public Sector,MENTAL HEALTH SERVICES - ADVOCACY,NOTTINGHAM CITY COUNCIL,22274664,"185,000.00 ",852411266
Department of Health,NHS Nottingham City CCG,5/31/2018,Clinical&Medical-Independent Sector,MENTAL HEALTH SERVICES - COLLABORATIVE COMMISSIONING,FRAMEWORK HOUSING ASSOCIATION,22274726,"78,623.75 ",4390
Department of Health,NHS Nottingham City CCG,5/31/2018,Clinical&Medical-Independent Sector,COMMUNITY SERVICES,PAIN MANAGEMENT SOLUTIONS LTD,22274728,"50,304.40 ",INV2694
Department of Health,NHS Nottingham City CCG,5/31/2018,Cont Care- Adult 100% Fully Funded,CHC AD FULL FUND PERS HLTH BUD,NOTTINGHAM CITY COUNCIL,22274737,"73,305.57 ",852427197
Department of Health,NHS Nottingham City CCG,5/31/2018,Clinical&Medical-Othe Public Sector,INTERMEDIATE CARE,NOTTINGHAM CITY COUNCIL,22274765,"2,249,859.00 ",852429211
Department of Health,NHS Nottingham City CCG,5/31/2018,Clinical&Medical-Independent Sector,DEMENTIA,XENZONE LTD,22335277,"75,000.00 ",INV1001937
Department of Health,NHS Nottingham City CCG,5/31/2018,Hlthcre-Foundation Trsts,NCAS/OATS,NOTTINGHAMSHIRE HEALTHCARE NHS FOUNDATION TRUST,22335301,"29,606.00 ",1000045824
Department of Health,NHS Nottingham City CCG,5/31/2018,Clinical&Medical-Not For Profit,COMMUNITY SERVICES,NOTTINGHAM CITY CARE PARTNERSHIP CIC,22335344,"26,951.35 ",SI011492
Department of Health,NHS Nottingham City CCG,5/31/2018,Clinical&Medical-Independent Sector - Non Contract,IMPROVING ACCESS TO PSYCHOLOGICAL THERAPIES,TRENT PTS,22335366,"32,617.25 ",04K068
Department of Health,NHS Nottingham City CCG,5/31/2018,Hcare Srv Rec Fdtn Trust-Non Contract,IMPROVING ACCESS TO PSYCHOLOGICAL THERAPIES,NOTTINGHAMSHIRE HEALTHCARE NHS FOUNDATION TRUST,22335379,"29,606.00 ",1000045917
Department of Health,NHS Nottingham City CCG,5/31/2018,Rates,ESTATES AND FACILITIES,NOTTINGHAM CITY COUNCIL,22343821,"138,040.00 ",NOINV7097
Department of Health,NHS Nottingham City CCG,5/31/2018,Clinical&Medical-Commercial Sector,LONG TERM CONDITIONS,SPORTS & LEISURE MANAGEMENT LTD,22353908,"30,000.00 ",SLM0007731
Department of Health,NHS Nottingham City CCG,5/31/2018,Clinical&Medical-Clinical Other,MENTAL HEALTH SERVICES - SPECIALIST SERVICES,ST ANDREWS HEALTHCARE,22381286,"60,210.00 ",90047348
Department of Health,NHS Nottingham City CCG,5/31/2018,Clinical&Medical-Clinical Other,MENTAL HEALTH SERVICES - SPECIALIST SERVICES,ST ANDREWS HEALTHCARE,22381289,"36,210.00 ",90047349
Department of Health,NHS Nottingham City CCG,5/31/2018,Clinical&Medical-Clinical Other,MENTAL HEALTH SERVICES - SPECIALIST SERVICES,ST ANDREWS HEALTHCARE,22381312,"62,217.00 ",90048730
Department of Health,NHS Nottingham City CCG,5/31/2018,Clinical&Medical-Clinical Other,MENTAL HEALTH SERVICES - SPECIALIST SERVICES,ST ANDREWS HEALTHCARE,22381317,"37,417.00 ",90048731
Department of Health,NHS Nottingham City CCG,5/31/2018,Cont Care- Adult 100% Fully Funded,CHC ADULT FULLY FUNDED,POTENSIAL LTD,22381411,"36,334.29 ",92000278
Department of Health,NHS Nottingham City CCG,5/31/2018,Clinical&Medical-Independent Sector,OUT OF HOURS,NEMS COMMUNITY BENEFIT SERVICE,22401834,"257,781.25 ",946
Department of Health,NHS Nottingham City CCG,5/31/2018,Clinical&Medical-Independent Sector,OUT OF HOURS,NEMS COMMUNITY BENEFIT SERVICE,22401837,"257,781.25 ",952
Department of Health,NHS Nottingham City CCG,5/31/2018,Hcare Srv Rec NHS Trust-Contract Baseline,ACUTE COMMISSIONING,NOTTINGHAM UNIVERSITY HOSPITALS NHS TRUST,22425160,"14,559,618.00 ",2000093084
Department of Health,NHS Nottingham City CCG,5/31/2018,Clinical&Medical-Not For Profit,COMMUNITY SERVICES,NOTTINGHAM CITY CARE PARTNERSHIP CIC,22431285,"2,619,137.67 ",SI011514
Department of Health,NHS Nottingham City CCG,5/31/2018,Clinical&Medical-Commercial Sector,ACUTE COMMISSIONING,BMI HEALTHCARE COLLECTIONS,22442756,"27,747.31 ",0000089439
Department of Health,NHS Nottingham City CCG,5/31/2018,Clinical&Medical-Commercial Sector,ACUTE COMMISSIONING,BMI HEALTHCARE COLLECTIONS,22442759,"27,747.31 ",0000090646
Department of Health,NHS Nottingham City CCG,5/31/2018,Clinical&Medical-Voluntary Sector,COMMUNITY SERVICES,BPAS,22443803,"43,112.00 ",37763
Department of Health,NHS Nottingham City CCG,5/31/2018,Hlthcre-Foundation Trsts,ACUTE COMMISSIONING,DERBY TEACHING HOSPITALS NHS FT,22443806,"73,038.10 ",800000769
Department of Health,NHS Nottingham City CCG,5/31/2018,Hlthcre-Foundation Trsts,ACUTE COMMISSIONING,DERBY TEACHING HOSPITALS NHS FT,22443811,"73,038.10 ",800000724
Department of Health,NHS Nottingham City CCG,5/31/2018,Hlthcre-Foundation Trsts,ACUTE COMMISSIONING,DERBY TEACHING HOSPITALS NHS FT,22443814,"(77,377.27)",PF810000091
,,,,,,,,
