A3131 - Expenditure Over Threshold,,,,,,,,
Department family,Entity,Date,Expense Type,Expense area,Supplier,Transaction number,AP Amount (�),Purchase invoice number
Department of Health,NHS Nottingham City CCG,9/30/2018,Clinical&Medical-Not For Profit,ACUTE COMMISSIONING,NOTTINGHAM WOODTHORPE HOSPITAL,23739862,"(35,801.22)",04KNWH183
Department of Health,NHS Nottingham City CCG,9/30/2018,Clinical&Medical-Clinical Other,MENTAL HEALTH SERVICES - SPECIALIST SERVICES,ST ANDREWS HEALTHCARE,23760301,"(57,257.00)",80038096
Department of Health,NHS Nottingham City CCG,9/30/2018,Hcare Srv Rec Fdtn Trust-Contract Baseline,COMMUNITY SERVICES,NOTTINGHAMSHIRE HEALTHCARE NHS FOUNDATION TRUST,23760319,"586,492.00 ",1000046777
Department of Health,NHS Nottingham City CCG,9/30/2018,Clinical&Medical-Othe Public Sector,COUNSELLING SERVICES,NOTTINGHAM CITY COUNCIL,23760324,"37,097.75 ",852568661
Department of Health,NHS Nottingham City CCG,9/30/2018,Clinical&Medical-Commercial Sector,CLINICAL ASSESSMENT AND TREATMENT CENTRES,CIRCLE NOTTINGHAM LTD,23782989,"125,000.14 ",7784
Department of Health,NHS Nottingham City CCG,9/30/2018,Clinical&Medical-Voluntary Sector,COMMUNITY SERVICES,BPAS,23782990,"65,000.00 ",38436
Department of Health,NHS Nottingham City CCG,9/30/2018,Hlthcre-Foundation Trsts,ACUTE COMMISSIONING,UNIVERSITY HOSPITALS OF DERBY & BURTON NHS FOUNDATION TRUST,23783002,"73,038.10 ",800003094
Department of Health,NHS Nottingham City CCG,9/30/2018,Hcare Srv Rec NHS Trust,ACUTE COMMISSIONING,UNIVERSITY HOSPITALS OF LEICESTER NHS TRUST,23783003,"25,058.00 ",L0213924
Department of Health,NHS Nottingham City CCG,9/30/2018,Clinical&Medical-Othe Public Sector,COMMUNITY SERVICES,NOTTINGHAM CITY COUNCIL,23783010,"(25,000.00)",852569242CR
Department of Health,NHS Nottingham City CCG,9/30/2018,Hlthcre-Foundation Trsts,ACUTE COMMISSIONING,SHERWOOD FOREST HOSPITALS NHS FOUNDATION TRUST,23783014,"71,744.17 ",0000167109
Department of Health,NHS Nottingham City CCG,9/30/2018,Clinical&Medical-Not For Profit,ACUTE COMMISSIONING,NOTTINGHAM WOODTHORPE HOSPITAL,23783016,"353,820.28 ",6SEPT1804KNC
Department of Health,NHS Nottingham City CCG,9/30/2018,Clinical&Medical-Commercial Sector,CLINICAL ASSESSMENT AND TREATMENT CENTRES,CIRCLE NOTTINGHAM LTD,23783020,"1,968,795.49 ",8128
Department of Health,NHS Nottingham City CCG,9/30/2018,Clinical&Medical-Commercial Sector,ACUTE COMMISSIONING,BMI HEALTHCARE COLLECTIONS,23783027,"27,747.31 ",0000096749
Department of Health,NHS Nottingham City CCG,9/30/2018,Clinical&Medical-Not For Profit,Winter Resilience,NOTTINGHAM CITY CARE PARTNERSHIP CIC,23783031,"74,000.00 ",SI012348
Department of Health,NHS Nottingham City CCG,9/30/2018,Clinical&Medical-Voluntary Sector,MENTAL HEALTH SERVICES - OTHER,NOTTINGHAMSHIRE POLICE & CRIME COMMISSIONER,23783067,"25,892.10 ",9312012591
Department of Health,NHS Nottingham City CCG,9/30/2018,Hcare Srv Rec NHS Trust,AMBULANCE SERVICES,EAST MIDLANDS AMBULANCE SERVICE NHS TRUST,23783096,"1,004,247.00 ",11312497
Department of Health,NHS Nottingham City CCG,9/30/2018,Clinical&Medical-Othe Public Sector,COUNSELLING SERVICES,NOTTINGHAM CITY COUNCIL,23830002,"37,097.75 ",852568645
Department of Health,NHS Nottingham City CCG,9/30/2018,Hlthcre-Foundation Trsts,IMPROVING ACCESS TO PSYCHOLOGICAL THERAPIES,NOTTINGHAMSHIRE HEALTHCARE NHS FOUNDATION TRUST,23830025,"96,236.00 ",1000046889
Department of Health,NHS Nottingham City CCG,9/30/2018,Clinical&Medical-Commercial Sector,PATIENT TRANSPORT,ARRIVA TRANSPORT SOLUTIONS,23855194,"40,085.03 ",1006554
Department of Health,NHS Nottingham City CCG,9/30/2018,Clinical&Medical-Clinical Other,CHC ADULT FULLY FUNDED,FOUR SEASONS HEALTH CARE LTD,23859986,"34,791.79 ",QA00002882
Department of Health,NHS Nottingham City CCG,9/30/2018,Clinical&Medical-Clinical Other,MENTAL HEALTH SERVICES - SPECIALIST SERVICES,ST ANDREWS HEALTHCARE,23867192,"57,257.00 ",90052177
Department of Health,NHS Nottingham City CCG,9/30/2018,Hlthcre-Foundation Trsts,Winter Resilience,NOTTINGHAMSHIRE HEALTHCARE NHS FOUNDATION TRUST,23867211,"80,000.00 ",1000046560
Department of Health,NHS Nottingham City CCG,9/30/2018,Clinical&Medical-Not For Profit,Winter Resilience,NOTTINGHAM CITY CARE PARTNERSHIP CIC,23867228,"98,234.89 ",SI012349
Department of Health,NHS Nottingham City CCG,9/30/2018,Clinical&Medical-Independent Sector,Winter Resilience,CHURCH FARM AT RUSTICUS LTD,23867274,"90,000.00 ",477
Department of Health,NHS Nottingham City CCG,9/30/2018,Other Research Exp,COUNSELLING SERVICES,UNIVERSITY OF CAMBRIDGE,23886431,"27,101.69 ",EW9113888
Department of Health,NHS Nottingham City CCG,9/30/2018,Hlthcre-Foundation Trsts,MENTAL HEALTH CONTRACTS,NOTTINGHAMSHIRE HEALTHCARE NHS FOUNDATION TRUST,23886449,"3,463,562.55 ",1000046799
Department of Health,NHS Nottingham City CCG,9/30/2018,Clinical&Medical-Othe Public Sector,COMMUNITY SERVICES,NOTTINGHAM CITY CARE PARTNERSHIP CIC,23890980,"2,518,024.66 ",SI012176
Department of Health,NHS Nottingham City CCG,9/30/2018,Clinical&Medical-Clinical Other,CHC ADULT FULLY FUNDED,ELMBANK LTD,23900356,"26,867.15 ",QA00002926A
Department of Health,NHS Nottingham City CCG,9/30/2018,Clinical&Medical-Clinical Other,CHC ADULT FULLY FUNDED,HAWTHORNE NURSING HOME,23900374,"47,073.03 ",QA00002929A
Department of Health,NHS Nottingham City CCG,9/30/2018,Clinical&Medical-Clinical Other,CHC ADULT FULLY FUNDED,HIGHFIELDS NURSING HOMES,23900387,"30,053.41 ",QA00002930A
Department of Health,NHS Nottingham City CCG,9/30/2018,Clinical&Medical-Clinical Other,CHC ADULT FULLY FUNDED,LANDERMEADS PRIVATE NURSING HOME,23900411,"42,110.95 ",QA00002934
Department of Health,NHS Nottingham City CCG,9/30/2018,Clinical&Medical-Clinical Other,CHC ADULT FULLY FUNDED,FOUR SEASONS HEALTH CARE LTD,23900422,"33,669.47 ",QA00002936
Department of Health,NHS Nottingham City CCG,9/30/2018,Clinical&Medical-Clinical Other,CHC ADULT FULLY FUNDED,ST AUGUSTINE'S COURT CARE HOME,23900439,"65,670.96 ",QA00002941A
Department of Health,NHS Nottingham City CCG,9/30/2018,Clinical&Medical-Clinical Other,CHC ADULT FULLY FUNDED,HC-ONE OVAL LTD,23900489,"29,892.47 ",QA00002950
Department of Health,NHS Nottingham City CCG,9/30/2018,Clinical&Medical-Clinical Other,CHC ADULT FULLY FUNDED,MEADOWCROFT HEALTH CARE LTD,23900510,"39,103.33 ",QA00002954
Department of Health,NHS Nottingham City CCG,9/30/2018,Clinical&Medical-Clinical Other,CHC ADULT FULLY FUNDED,PATHFINDERS-CARE (OLLERTON) LTD,23900590,"47,018.58 ",QA00002966
Department of Health,NHS Nottingham City CCG,9/30/2018,Clinical&Medical-Clinical Other,CHC ADULT FULLY FUNDED,MULBERRY COURT CARE HOME,23900607,"62,839.28 ",QA00002969A
Department of Health,NHS Nottingham City CCG,9/30/2018,Apprenticeship Levy Payable,BALANCE SHEET,HMRC,23901533,873.00 ,120PW005700591905
Department of Health,NHS Nottingham City CCG,9/30/2018,Income tax <1Yr,BALANCE SHEET,HMRC,23901533,"56,950.00 ",120PW005700591905
Department of Health,NHS Nottingham City CCG,9/30/2018,Income tax <1Yr-Student Loans,BALANCE SHEET,HMRC,23901533,"1,114.00 ",120PW005700591905
Department of Health,NHS Nottingham City CCG,9/30/2018,National Insurance < 1 yr-NI- ERS,BALANCE SHEET,HMRC,23901533,"45,842.13 ",120PW005700591905
Department of Health,NHS Nottingham City CCG,9/30/2018,National Insurance < 1 yr-NI-EES,BALANCE SHEET,HMRC,23901533,"34,636.56 ",120PW005700591905
Department of Health,NHS Nottingham City CCG,9/30/2018,Statutory Mat Pay < 1 yr,BALANCE SHEET,HMRC,23901533,"(1,202.13)",120PW005700591905
Department of Health,NHS Nottingham City CCG,9/30/2018,Clinical&Medical-Not For Profit,ACUTE COMMISSIONING,NOTTINGHAM WOODTHORPE HOSPITAL,23942070,"67,794.13 ",04KCQUIN1718
Department of Health,NHS Nottingham City CCG,9/30/2018,Clinical&Medical-Voluntary Sector,IMPROVING ACCESS TO PSYCHOLOGICAL THERAPIES,INSIGHT HEALTHCARE LTD,23942080,"40,000.00 ",18385
Department of Health,NHS Nottingham City CCG,9/30/2018,Clinical&Medical-Othe Public Sector,COMMUNITY SERVICES,NOTTINGHAM CITY COUNCIL,23942099,"25,000.00 ",852569242
Department of Health,NHS Nottingham City CCG,9/30/2018,Seconded-Basic Sal-Staff fm oth org,CEO/ BOARD OFFICE,NHS ENGLAND,23942114,"33,872.00 ",7000029121
Department of Health,NHS Nottingham City CCG,9/30/2018,Clinical&Medical-Othe Public Sector,INTERMEDIATE CARE,NOTTINGHAM CITY COUNCIL,23959720,"1,124,929.50 ",852620868
Department of Health,NHS Nottingham City CCG,9/30/2018,Clinical&Medical-Othe Public Sector,COMMUNITY SERVICES,NOTTINGHAM CITY COUNCIL,23979442,"32,225.00 ",852614280
Department of Health,NHS Nottingham City CCG,9/30/2018,Clinical&Medical-Not For Profit,INTERMEDIATE CARE,NOTTINGHAM CITY CARE PARTNERSHIP CIC,23979480,"175,577.00 ",SI012379
Department of Health,NHS Nottingham City CCG,9/30/2018,Clinical&Medical-Clinical Other,CHC ADULT FULLY FUNDED,NOTTINGHAM CITY COUNCIL,23979490,"350,000.00 ",852615635
Department of Health,NHS Nottingham City CCG,9/30/2018,Clinical&Medical-Voluntary Sector,IMPROVING ACCESS TO PSYCHOLOGICAL THERAPIES,INSIGHT HEALTHCARE LTD,23991559,"40,000.00 ",18496
Department of Health,NHS Nottingham City CCG,9/30/2018,Clinical&Medical-Voluntary Sector,IMPROVING ACCESS TO PSYCHOLOGICAL THERAPIES,INSIGHT HEALTHCARE LTD,23991562,"31,462.50 ",18511
Department of Health,NHS Nottingham City CCG,9/30/2018,Clinical&Medical-Commercial Sector,IMPROVING ACCESS TO PSYCHOLOGICAL THERAPIES,TRENT PTS,23991566,"33,977.25 ",04K076
Department of Health,NHS Nottingham City CCG,9/30/2018,Clinical&Medical-Commercial Sector,IMPROVING ACCESS TO PSYCHOLOGICAL THERAPIES,TRENT PTS,23991570,"85,000.00 ",04K077
Department of Health,NHS Nottingham City CCG,9/30/2018,Utilisation-Oth Provs/Liabs->1Yr,BALANCE SHEET,NHS MANSFIELD & ASHFIELD CCG,23991615,"126,711.00 ",7017201030
Department of Health,NHS Nottingham City CCG,9/30/2018,Clinical&Medical-Independent Sector,ACUTE COMMISSIONING,DHU 111 (EAST MIDLANDS) CIC,24022601,"135,308.93 ",722
Department of Health,NHS Nottingham City CCG,9/30/2018,Clinical&Medical-Independent Sector,ACUTE COMMISSIONING,DHU 111 (EAST MIDLANDS) CIC,24022629,"(135,308.93)",SCM0129
Department of Health,NHS Nottingham City CCG,9/30/2018,Clinical&Medical-Not For Profit,Winter Resilience,NOTTINGHAM CITY CARE PARTNERSHIP CIC,24022720,"98,234.89 ",SI012409
Department of Health,NHS Nottingham City CCG,9/30/2018,Clinical&Medical-Clinical Other,CHC ADULT FULLY FUNDED,KISIMUL GROUP LTD,24022731,"26,928.24 ",0000027177
Department of Health,NHS Nottingham City CCG,9/30/2018,Clinical&Medical-Commercial Sector,MENTAL HEALTH SERVICES - OLDER PEOPLE,ST ANDREWS HEALTHCARE,24071695,"(62,217.00)",80037644
Department of Health,NHS Nottingham City CCG,9/30/2018,Clinical&Medical-Clinical Other,MENTAL HEALTH SERVICES - SPECIALIST SERVICES,ST ANDREWS HEALTHCARE,24071704,"(60,210.00)",80037645
Department of Health,NHS Nottingham City CCG,9/30/2018,Clinical&Medical-Clinical Other,CHC ADULT FULLY FUNDED,ST ANDREWS HEALTHCARE,24071784,"36,210.00 ",90054951
Department of Health,NHS Nottingham City CCG,9/30/2018,Hlthcre-Foundation Trsts,MENTAL HEALTH SERVICES - COLLABORATIVE COMMISSIONING,NOTTINGHAMSHIRE HEALTHCARE NHS FOUNDATION TRUST,24071816,"35,623.75 ",1000047247
,,,,,,,,
