A3131 - Expenditure Over Threshold,,,,,,,,,
Department family,Entity,Date,Expense Type,Expense area,Supplier,Transaction number,AP Amount (�),VAT registration number,Purchase invoice number
Department of Health,NHS Fylde & Wyre CCG,9/30/2018,Clinical&Medical-Independent Sector,COMMUNITY SERVICES,MEDEQUIP ASSISTIVE TECHNOLOGY LTD,23466474,"84,920.73 ",218788662,42559
Department of Health,NHS Fylde & Wyre CCG,9/30/2018,Clinical&Medical-Othe Public Sector,COMMUNITY SERVICES,LANCASHIRE COUNTY COUNCIL,23710136,"50,760.00 ",,5100539806
Department of Health,NHS Fylde & Wyre CCG,9/30/2018,C&M-GMS GP Statutory Levy,PRC DELEGATED CO-COMMISSIONING,CONSORTIA OF LOCAL MEDICAL COMMITTEE,23710169,"(30,128.70)",,100316CR
Department of Health,NHS Fylde & Wyre CCG,9/30/2018,C&M-GMS Voluntary Levy,PRC DELEGATED CO-COMMISSIONING,CONSORTIA OF LOCAL MEDICAL COMMITTEE,23710169,"(5,002.34)",,100316CR
Department of Health,NHS Fylde & Wyre CCG,9/30/2018,C&M-PMS GP Statutory Levy,PRC DELEGATED CO-COMMISSIONING,CONSORTIA OF LOCAL MEDICAL COMMITTEE,23710169,"(1,876.28)",,100316CR
Department of Health,NHS Fylde & Wyre CCG,9/30/2018,C&M-PMS Voluntary Levy,PRC DELEGATED CO-COMMISSIONING,CONSORTIA OF LOCAL MEDICAL COMMITTEE,23710169,(311.50),,100316CR
Department of Health,NHS Fylde & Wyre CCG,9/30/2018,Cont Care- Children,CHC AD FULL FUND PERS HLTH BUD,YOUR LIFE YOUR WAY,23759117,"25,861.20 ",,216797
Department of Health,NHS Fylde & Wyre CCG,9/30/2018,Hcare Srv Rec Fdtn Trust-Contract Variation,ACUTE COMMISSIONING,BLACKPOOL TEACHING HOSPITALS NHS FOUNDATION TRUST,23759172,"32,000.00 ",GB654430839,1110040127
Department of Health,NHS Fylde & Wyre CCG,9/30/2018,Clinical&Medical-Independent Sector,ACUTE COMMISSIONING,FULWOOD HALL HOSPITAL,23773493,"149,553.50 ",,131KMSEP18FYL
Department of Health,NHS Fylde & Wyre CCG,9/30/2018,Hcare Srv Rec Fdtn Trust-Contract Baseline,ACUTE COMMISSIONING,SALFORD ROYAL HOSPITALS NHS FOUNDATION TRUST,23773637,"118,709.00 ",,S0018481
Department of Health,NHS Fylde & Wyre CCG,9/30/2018,Hcare Srv Rec Fdtn Trust-Contract Baseline,ACUTE COMMISSIONING,UNIVERSITY HOSPITALS OF MORECAMBE BAY NHS FOUNDATION TRUST,23773639,"125,094.00 ",,1000005991
Department of Health,NHS Fylde & Wyre CCG,9/30/2018,Hcare Srv Rec Fdtn Trust-Contract Baseline,COMMUNITY SERVICES,LANCASHIRE CARE NHS FOUNDATION TRUST,23773642,"42,385.00 ",654923319,I0060140
Department of Health,NHS Fylde & Wyre CCG,9/30/2018,Hcare Srv Rec NHS Trust-Contract Baseline,ACUTE COMMISSIONING,EAST LANCASHIRE HOSPITALS NHS TRUST,23773646,"48,484.41 ",,E0092974
Department of Health,NHS Fylde & Wyre CCG,9/30/2018,Hcare Srv Rec Fdtn Trust-Contract Baseline,ACUTE COMMISSIONING,MANCHESTER UNIVERSITY NHS FOUNDATION TRUST,23773658,"100,951.92 ",654415538,0000409248
Department of Health,NHS Fylde & Wyre CCG,9/30/2018,Hcare Srv Rec Fdtn Trust-Contract Baseline,ACUTE COMMISSIONING,LANCASHIRE TEACHING HOSPITALS NHS FOUNDATION TRUST,23773660,"1,545,017.00 ",,15317494
Department of Health,NHS Fylde & Wyre CCG,9/30/2018,Hcare Srv Rec NHS Trust-Contract Baseline,ACUTE COMMISSIONING,ROYAL LIVERPOOL AND BROADGREEN UNIVERSITY HOSPITALS NHS TRUST,23773663,"33,122.00 ",654966000,8610086876
Department of Health,NHS Fylde & Wyre CCG,9/30/2018,Clinical&Medical-Independent Sector,ACUTE COMMISSIONING,SPIRE HEALTHCARE LTD,23773694,"308,580.00 ",915970991,02MFYCPF181906
Department of Health,NHS Fylde & Wyre CCG,9/30/2018,Hcare Srv Rec NHS Trust-Contract Baseline,AMBULANCE SERVICES,NORTH WEST AMBULANCE SERVICE NHS TRUST,23773709,"99,287.00 ",654435138,4110040335
Department of Health,NHS Fylde & Wyre CCG,9/30/2018,Hcare Srv Rec NHS Trust-Contract Baseline,AMBULANCE SERVICES,NORTH WEST AMBULANCE SERVICE NHS TRUST,23773711,"482,160.00 ",654435138,4110040277
Department of Health,NHS Fylde & Wyre CCG,9/30/2018,Hcare Srv Rec NHS Trust-Contract Baseline,NHS 111,NORTH WEST AMBULANCE SERVICE NHS TRUST,23773713,"59,171.00 ",654435138,4110040370
Department of Health,NHS Fylde & Wyre CCG,9/30/2018,Hcare Srv Rec Fdtn Trust-Contract Variation,COMMUNITY SERVICES,BLACKPOOL TEACHING HOSPITALS NHS FOUNDATION TRUST,23826671,"41,066.96 ",GB654430839,1110040033
Department of Health,NHS Fylde & Wyre CCG,9/30/2018,Charges from CSU,CLINICAL GOVERNANCE,NHS MIDLANDS AND LANCASHIRE CSU,23828151,"22,815.38 ",GB 654442045,7312311173
Department of Health,NHS Fylde & Wyre CCG,9/30/2018,Charges from CSU,COMMISSIONING - NON ACUTE,NHS MIDLANDS AND LANCASHIRE CSU,23828151,"7,420.87 ",GB 654442045,7312311173
Department of Health,NHS Fylde & Wyre CCG,9/30/2018,Charges from CSU,CONTINUING HEALTHCARE ASSESSMENT & SUPPORT,NHS MIDLANDS AND LANCASHIRE CSU,23828151,"44,877.55 ",GB 654442045,7312311173
Department of Health,NHS Fylde & Wyre CCG,9/30/2018,Charges from CSU,CONTRACT MANAGEMENT,NHS MIDLANDS AND LANCASHIRE CSU,23828151,"40,615.83 ",GB 654442045,7312311173
Department of Health,NHS Fylde & Wyre CCG,9/30/2018,Charges from CSU,FINANCE,NHS MIDLANDS AND LANCASHIRE CSU,23828151,"15,921.46 ",GB 654442045,7312311173
Department of Health,NHS Fylde & Wyre CCG,9/30/2018,Charges from CSU,MEDICINES MANAGEMENT - CLINICAL,NHS MIDLANDS AND LANCASHIRE CSU,23828151,"16,114.45 ",GB 654442045,7312311173
Department of Health,NHS Fylde & Wyre CCG,9/30/2018,Hcare Srv Rec Fdtn Trust-Contract Baseline,ACUTE COMMISSIONING,WRIGHTINGTON WIGAN & LEIGH NHS FOUNDATION TRUST,23828244,"153,496.00 ",GB654951509,55581093
Department of Health,NHS Fylde & Wyre CCG,9/30/2018,Hcare Srv Rec Fdtn Trust-Non Contract,MENTAL HEALTH SERVICES - ADULTS,LANCASHIRE CARE NHS FOUNDATION TRUST,23849288,"25,740.00 ",654923319,I0060262
Department of Health,NHS Fylde & Wyre CCG,9/30/2018,Clinical&Medical-Independent Sector,COMMUNITY SERVICES,ABOUT HEALTH LTD,23849389,"31,150.00 ",940 7222 41,815
Department of Health,NHS Fylde & Wyre CCG,9/30/2018,Clinical&Medical-Independent Sector,ACUTE COMMISSIONING,FULWOOD HALL HOSPITAL,23849403,"58,868.78 ",,133KMBOUNDFYL
Department of Health,NHS Fylde & Wyre CCG,9/30/2018,Clinical&Medical-Clinical Other,GP FORWARD VIEW,FCMS(NW) LTD,23849429,"77,750.00 ",218180129,00545
Department of Health,NHS Fylde & Wyre CCG,9/30/2018,Clinical&Medical-Clinical Other,PRIMARY CARE DEVELOPMENT,FCMS(NW) LTD,23849429,"343,091.08 ",218180129,00545
Department of Health,NHS Fylde & Wyre CCG,9/30/2018,Clinical&Medical-Independent Sector,COMMUNITY SERVICES,MEDEQUIP ASSISTIVE TECHNOLOGY LTD,23870912,"73,180.71 ",218788662,42707
Department of Health,NHS Fylde & Wyre CCG,9/30/2018,Income tax <1Yr,BALANCE SHEET,HMRC,23879999,"50,758.80 ",,475PR004453361905
Department of Health,NHS Fylde & Wyre CCG,9/30/2018,Income tax <1Yr-Student Loans,BALANCE SHEET,HMRC,23879999,312.00 ,,475PR004453361905
Department of Health,NHS Fylde & Wyre CCG,9/30/2018,National Insurance < 1 yr-NI- ERS,BALANCE SHEET,HMRC,23879999,"31,443.79 ",,475PR004453361905
Department of Health,NHS Fylde & Wyre CCG,9/30/2018,National Insurance < 1 yr-NI-EES,BALANCE SHEET,HMRC,23879999,"21,448.79 ",,475PR004453361905
Department of Health,NHS Fylde & Wyre CCG,9/30/2018,Statutory Mat Pay < 1 yr,BALANCE SHEET,HMRC,23879999,(667.85),,475PR004453361905
Department of Health,NHS Fylde & Wyre CCG,9/30/2018,Hcare Srv Rec Fdtn Trust-Contract Baseline,ACUTE COMMISSIONING,LANCASHIRE TEACHING HOSPITALS NHS FOUNDATION TRUST,23909025,"(339,778.00)",,15300098
Department of Health,NHS Fylde & Wyre CCG,9/30/2018,SYS-Non NHS A/P-Non PO Accrls <1Yr,BALANCE SHEET,FCMS(NW) LTD,23909034,"(56,822.00)",218180129,3777
Department of Health,NHS Fylde & Wyre CCG,9/30/2018,Hcare Srv Rec Fdtn Trust-Contract Baseline,ACUTE COMMISSIONING,LANCASHIRE TEACHING HOSPITALS NHS FOUNDATION TRUST,23909096,"(54,650.00)",,15317275
Department of Health,NHS Fylde & Wyre CCG,9/30/2018,Hcare Srv Rec Fdtn Trust-Contract Baseline,ACUTE COMMISSIONING,LANCASHIRE TEACHING HOSPITALS NHS FOUNDATION TRUST,23914072,"57,339.00 ",,15305557
Department of Health,NHS Fylde & Wyre CCG,9/30/2018,SYS-Non NHS A/P-Non PO Accrls <1Yr,BALANCE SHEET,FCMS(NW) LTD,23914073,"30,242.41 ",218180129,2825
Department of Health,NHS Fylde & Wyre CCG,9/30/2018,SYS-Non NHS A/P-Non PO Accrls <1Yr,BALANCE SHEET,FCMS(NW) LTD,23914074,"30,242.41 ",218180129,2560
Department of Health,NHS Fylde & Wyre CCG,9/30/2018,SYS-Non NHS A/P-Non PO Accrls <1Yr,BALANCE SHEET,FCMS(NW) LTD,23914075,"30,242.41 ",218180129,2315
Department of Health,NHS Fylde & Wyre CCG,9/30/2018,Hcare Srv Rec Fdtn Trust-Contract Baseline,ACUTE COMMISSIONING,LANCASHIRE TEACHING HOSPITALS NHS FOUNDATION TRUST,23914076,"327,768.00 ",,15311601
Department of Health,NHS Fylde & Wyre CCG,9/30/2018,Clinical&Medical-Independent Sector,ACUTE COMMISSIONING,BMI HEALTHCARE COLLECTIONS,23914077,"32,840.13 ",,0000093995
Department of Health,NHS Fylde & Wyre CCG,9/30/2018,Clinical&Medical-Othe Public Sector,LEARNING DIFFICULTIES,LANCASHIRE COUNTY COUNCIL,23914086,"462,645.00 ",,5200171846
Department of Health,NHS Fylde & Wyre CCG,9/30/2018,Cont Care- Palliative Care,CHC ADULT FULLY FUNDED,BARCHESTER HEALTHCARE LTD,23963735,"29,992.86 ",7966420 84,324025336
Department of Health,NHS Fylde & Wyre CCG,9/30/2018,Hcare Srv Rec NHS Trust-Contract Baseline,ACUTE COMMISSIONING,EAST LANCASHIRE HOSPITALS NHS TRUST,23963739,"70,744.77 ",,E0092928
Department of Health,NHS Fylde & Wyre CCG,9/30/2018,Hcare Srv Rec Fdtn Trust-Contract Baseline,MENTAL HEALTH SERVICES - ADULTS,LANCASHIRE CARE NHS FOUNDATION TRUST,23963769,"1,386,624.00 ",654923319,I0060510
Department of Health,NHS Fylde & Wyre CCG,9/30/2018,Cont Care-Physical Disab (65+),CHC ADULT FULLY FUNDED,ALEXANDRA NURSING HOME LTD,23963793,"(25,110.00)",,11575
Department of Health,NHS Fylde & Wyre CCG,9/30/2018,Clinical&Medical-Othe Public Sector,COMMUNITY SERVICES,LANCASHIRE COUNTY COUNCIL,23963811,"941,468.26 ",,5200172509
Department of Health,NHS Fylde & Wyre CCG,9/30/2018,Rent,RECHARGES NHS PROPERTY SERVICES LTD,NHS PROPERTY SERVICES LTD,23996761,"(54,701.77)",156725100,H66248
Department of Health,NHS Fylde & Wyre CCG,9/30/2018,Clinical&Medical-Independent Sector,COMMUNITY SERVICES,COMMUNITY HEALTH & EYECARE LTD,23996873,"25,124.00 ",,4F
Department of Health,NHS Fylde & Wyre CCG,9/30/2018,Clinical&Medical-Independent Sector,ACUTE COMMISSIONING,FULWOOD HALL HOSPITAL,23996885,"45,889.39 ",,134KMJUN18FYL
Department of Health,NHS Fylde & Wyre CCG,9/30/2018,Clinical&Medical-Independent Sector,COMMUNITY SERVICES,COMMUNITY HEALTH & EYECARE LTD,23996915,"30,400.00 ",,5F
Department of Health,NHS Fylde & Wyre CCG,9/30/2018,Hcare Srv Rec Fdtn Trust-Contract Baseline,COMMUNITY SERVICES,LANCASHIRE CARE NHS FOUNDATION TRUST,23996924,"42,820.00 ",654923319,I0060522
Department of Health,NHS Fylde & Wyre CCG,9/30/2018,Cont Care- Children,CHC CHILD PERS HLTH BUD,YOUR LIFE YOUR WAY,23996983,"25,861.20 ",,216787
Department of Health,NHS Fylde & Wyre CCG,9/30/2018,Clinical&Medical-Independent Sector,ACUTE COMMISSIONING,SPIRE HEALTHCARE LTD,23996998,"251,597.26 ",915970991,02MFYCREC181904
Department of Health,NHS Fylde & Wyre CCG,9/30/2018,Hcare Srv Rec Fdtn Trust-Contract Baseline,ACUTE COMMISSIONING,MANCHESTER UNIVERSITY NHS FOUNDATION TRUST,23997011,"34,266.00 ",654415538,0000411311
Department of Health,NHS Fylde & Wyre CCG,9/30/2018,C&M-GMS Cost of Drugs -Prescribing,LOCAL ENHANCED SERVICES,BEECHWOOD SURGERY,24013306,540.71 ,,LA000044401
Department of Health,NHS Fylde & Wyre CCG,9/30/2018,C&M-GMS DES Extended Hours Access,PRC DELEGATED CO-COMMISSIONING,BEECHWOOD SURGERY,24013306,388.00 ,,LA000044401
Department of Health,NHS Fylde & Wyre CCG,9/30/2018,C&M-GMS Global Sum,PRC DELEGATED CO-COMMISSIONING,BEECHWOOD SURGERY,24013306,"19,460.15 ",,LA000044401
Department of Health,NHS Fylde & Wyre CCG,9/30/2018,C&M-GMS MPIG Correction Factor,PRC DELEGATED CO-COMMISSIONING,BEECHWOOD SURGERY,24013306,38.06 ,,LA000044401
Department of Health,NHS Fylde & Wyre CCG,9/30/2018,C&M-GMS Other Baseline Adjustment,PRC DELEGATED CO-COMMISSIONING,BEECHWOOD SURGERY,24013306,"2,966.11 ",,LA000044401
Department of Health,NHS Fylde & Wyre CCG,9/30/2018,C&M-GMS Prem Notional Rent,PRC DELEGATED CO-COMMISSIONING,BEECHWOOD SURGERY,24013306,"1,512.50 ",,LA000044401
Department of Health,NHS Fylde & Wyre CCG,9/30/2018,C&M-GMS Prem Rates,PRC DELEGATED CO-COMMISSIONING,BEECHWOOD SURGERY,24013306,504.00 ,,LA000044401
Department of Health,NHS Fylde & Wyre CCG,9/30/2018,C&M-GMS Prof Fees Prescribing,PRC DELEGATED CO-COMMISSIONING,BEECHWOOD SURGERY,24013306,165.60 ,,LA000044401
Department of Health,NHS Fylde & Wyre CCG,9/30/2018,C&M-GMS QOF Aspiration,PRC DELEGATED CO-COMMISSIONING,BEECHWOOD SURGERY,24013306,"2,208.26 ",,LA000044401
Department of Health,NHS Fylde & Wyre CCG,9/30/2018,C&M-GMS Cost of Drugs -Prescribing,LOCAL ENHANCED SERVICES,ANSDELL MEDICAL CENTRE,24013308,"5,097.39 ",,LA000044403
Department of Health,NHS Fylde & Wyre CCG,9/30/2018,C&M-GMS Global Sum,PRC DELEGATED CO-COMMISSIONING,ANSDELL MEDICAL CENTRE,24013308,"71,757.96 ",,LA000044403
Department of Health,NHS Fylde & Wyre CCG,9/30/2018,C&M-GMS Other Addtl Staff Paymts,PRC DELEGATED CO-COMMISSIONING,ANSDELL MEDICAL CENTRE,24013308,149.42 ,,LA000044403
Department of Health,NHS Fylde & Wyre CCG,9/30/2018,C&M-GMS Other Baseline Adjustment,PRC DELEGATED CO-COMMISSIONING,ANSDELL MEDICAL CENTRE,24013308,"11,462.24 ",,LA000044403
Department of Health,NHS Fylde & Wyre CCG,9/30/2018,C&M-GMS PCO Locum Adop/Pat/Mat,PRC DELEGATED CO-COMMISSIONING,ANSDELL MEDICAL CENTRE,24013308,"5,300.00 ",,LA000044403
Department of Health,NHS Fylde & Wyre CCG,9/30/2018,C&M-GMS PCO Seniority,PRC DELEGATED CO-COMMISSIONING,ANSDELL MEDICAL CENTRE,24013308,"1,595.47 ",,LA000044403
Department of Health,NHS Fylde & Wyre CCG,9/30/2018,C&M-GMS Prof Fees Prescribing,PRC DELEGATED CO-COMMISSIONING,ANSDELL MEDICAL CENTRE,24013308,216.20 ,,LA000044403
Department of Health,NHS Fylde & Wyre CCG,9/30/2018,C&M-GMS QOF Aspiration,PRC DELEGATED CO-COMMISSIONING,ANSDELL MEDICAL CENTRE,24013308,"9,777.97 ",,LA000044403
Department of Health,NHS Fylde & Wyre CCG,9/30/2018,C&M-GMS Cost of Drugs -Prescribing,LOCAL ENHANCED SERVICES,ASH TREE HOUSE SURGERY,24013310,"1,993.95 ",,LA000044405
Department of Health,NHS Fylde & Wyre CCG,9/30/2018,C&M-GMS DES Extended Hours Access,PRC DELEGATED CO-COMMISSIONING,ASH TREE HOUSE SURGERY,24013310,"1,711.00 ",,LA000044405
Department of Health,NHS Fylde & Wyre CCG,9/30/2018,C&M-GMS Global Sum,PRC DELEGATED CO-COMMISSIONING,ASH TREE HOUSE SURGERY,24013310,"81,061.75 ",,LA000044405
Department of Health,NHS Fylde & Wyre CCG,9/30/2018,C&M-GMS MPIG Correction Factor,PRC DELEGATED CO-COMMISSIONING,ASH TREE HOUSE SURGERY,24013310,"2,132.47 ",,LA000044405
Department of Health,NHS Fylde & Wyre CCG,9/30/2018,C&M-GMS Other Addtl Staff Paymts,PRC DELEGATED CO-COMMISSIONING,ASH TREE HOUSE SURGERY,24013310,"1,368.42 ",,LA000044405
Department of Health,NHS Fylde & Wyre CCG,9/30/2018,C&M-GMS Other Baseline Adjustment,PRC DELEGATED CO-COMMISSIONING,ASH TREE HOUSE SURGERY,24013310,"15,655.73 ",,LA000044405
Department of Health,NHS Fylde & Wyre CCG,9/30/2018,C&M-GMS PCO Other,PRC DELEGATED CO-COMMISSIONING,ASH TREE HOUSE SURGERY,24013310,739.15 ,,LA000044405
Department of Health,NHS Fylde & Wyre CCG,9/30/2018,C&M-GMS PCO Seniority,PRC DELEGATED CO-COMMISSIONING,ASH TREE HOUSE SURGERY,24013310,"1,767.51 ",,LA000044405
Department of Health,NHS Fylde & Wyre CCG,9/30/2018,C&M-GMS Prem Notional Rent,PRC DELEGATED CO-COMMISSIONING,ASH TREE HOUSE SURGERY,24013310,"6,128.33 ",,LA000044405
Department of Health,NHS Fylde & Wyre CCG,9/30/2018,C&M-GMS Prem Rates,PRC DELEGATED CO-COMMISSIONING,ASH TREE HOUSE SURGERY,24013310,"1,130.00 ",,LA000044405
Department of Health,NHS Fylde & Wyre CCG,9/30/2018,C&M-GMS Prof Fees Prescribing,PRC DELEGATED CO-COMMISSIONING,ASH TREE HOUSE SURGERY,24013310,368.00 ,,LA000044405
Department of Health,NHS Fylde & Wyre CCG,9/30/2018,C&M-GMS QOF Aspiration,PRC DELEGATED CO-COMMISSIONING,ASH TREE HOUSE SURGERY,24013310,"9,139.00 ",,LA000044405
Department of Health,NHS Fylde & Wyre CCG,9/30/2018,C&M-GMS Cost of Drugs -Prescribing,LOCAL ENHANCED SERVICES,BROADWAY MEDICAL CENTRE,24013312,"2,900.77 ",,LA000044407
Department of Health,NHS Fylde & Wyre CCG,9/30/2018,C&M-GMS DES Extended Hours Access,PRC DELEGATED CO-COMMISSIONING,BROADWAY MEDICAL CENTRE,24013312,"1,625.00 ",,LA000044407
Department of Health,NHS Fylde & Wyre CCG,9/30/2018,C&M-GMS Global Sum,PRC DELEGATED CO-COMMISSIONING,BROADWAY MEDICAL CENTRE,24013312,"80,197.48 ",,LA000044407
Department of Health,NHS Fylde & Wyre CCG,9/30/2018,C&M-GMS Other Addtl Staff Paymts,PRC DELEGATED CO-COMMISSIONING,BROADWAY MEDICAL CENTRE,24013312,773.42 ,,LA000044407
Department of Health,NHS Fylde & Wyre CCG,9/30/2018,C&M-GMS Other Baseline Adjustment,PRC DELEGATED CO-COMMISSIONING,BROADWAY MEDICAL CENTRE,24013312,"17,188.99 ",,LA000044407
Department of Health,NHS Fylde & Wyre CCG,9/30/2018,C&M-GMS PCO Seniority,PRC DELEGATED CO-COMMISSIONING,BROADWAY MEDICAL CENTRE,24013312,"2,154.65 ",,LA000044407
Department of Health,NHS Fylde & Wyre CCG,9/30/2018,C&M-GMS Prem Actual Rent,PRC DELEGATED CO-COMMISSIONING,BROADWAY MEDICAL CENTRE,24013312,"46,959.42 ",,LA000044407
Department of Health,NHS Fylde & Wyre CCG,9/30/2018,C&M-GMS Prof Fees Prescribing,PRC DELEGATED CO-COMMISSIONING,BROADWAY MEDICAL CENTRE,24013312,216.20 ,,LA000044407
Department of Health,NHS Fylde & Wyre CCG,9/30/2018,C&M-GMS QOF Aspiration,PRC DELEGATED CO-COMMISSIONING,BROADWAY MEDICAL CENTRE,24013312,"10,418.50 ",,LA000044407
Department of Health,NHS Fylde & Wyre CCG,9/30/2018,C&M-GMS Cost of Drugs -Prescribing,LOCAL ENHANCED SERVICES,CLIFTON MEDICAL PRACTICE ST ANNES,24013314,958.39 ,,LA000044409
Department of Health,NHS Fylde & Wyre CCG,9/30/2018,C&M-GMS Global Sum,PRC DELEGATED CO-COMMISSIONING,CLIFTON MEDICAL PRACTICE ST ANNES,24013314,"51,360.25 ",,LA000044409
Department of Health,NHS Fylde & Wyre CCG,9/30/2018,C&M-GMS Other Addtl Staff Paymts,PRC DELEGATED CO-COMMISSIONING,CLIFTON MEDICAL PRACTICE ST ANNES,24013314,590.42 ,,LA000044409
Department of Health,NHS Fylde & Wyre CCG,9/30/2018,C&M-GMS Other Baseline Adjustment,PRC DELEGATED CO-COMMISSIONING,CLIFTON MEDICAL PRACTICE ST ANNES,24013314,"7,637.69 ",,LA000044409
Department of Health,NHS Fylde & Wyre CCG,9/30/2018,C&M-GMS PCO Seniority,PRC DELEGATED CO-COMMISSIONING,CLIFTON MEDICAL PRACTICE ST ANNES,24013314,"1,003.18 ",,LA000044409
Department of Health,NHS Fylde & Wyre CCG,9/30/2018,C&M-GMS Prem Actual Rent,PRC DELEGATED CO-COMMISSIONING,CLIFTON MEDICAL PRACTICE ST ANNES,24013314,"6,054.40 ",,LA000044409
Department of Health,NHS Fylde & Wyre CCG,9/30/2018,C&M-GMS Prof Fees Prescribing,PRC DELEGATED CO-COMMISSIONING,CLIFTON MEDICAL PRACTICE ST ANNES,24013314,147.20 ,,LA000044409
Department of Health,NHS Fylde & Wyre CCG,9/30/2018,C&M-GMS QOF Aspiration,PRC DELEGATED CO-COMMISSIONING,CLIFTON MEDICAL PRACTICE ST ANNES,24013314,"6,901.13 ",,LA000044409
Department of Health,NHS Fylde & Wyre CCG,9/30/2018,C&M-GMS Global Sum,PRC DELEGATED CO-COMMISSIONING,DR S T ELLWOOD & PARTNERS,24013316,"82,847.80 ",,LA000044411
Department of Health,NHS Fylde & Wyre CCG,9/30/2018,C&M-GMS Other Addtl Staff Paymts,PRC DELEGATED CO-COMMISSIONING,DR S T ELLWOOD & PARTNERS,24013316,760.08 ,,LA000044411
Department of Health,NHS Fylde & Wyre CCG,9/30/2018,C&M-GMS Other Baseline Adjustment,PRC DELEGATED CO-COMMISSIONING,DR S T ELLWOOD & PARTNERS,24013316,"12,479.78 ",,LA000044411
Department of Health,NHS Fylde & Wyre CCG,9/30/2018,C&M-GMS PCO Seniority,PRC DELEGATED CO-COMMISSIONING,DR S T ELLWOOD & PARTNERS,24013316,"1,767.68 ",,LA000044411
Department of Health,NHS Fylde & Wyre CCG,9/30/2018,C&M-GMS Prem Actual Rent,PRC DELEGATED CO-COMMISSIONING,DR S T ELLWOOD & PARTNERS,24013316,"78,643.20 ",,LA000044411
Department of Health,NHS Fylde & Wyre CCG,9/30/2018,C&M-GMS Prem Rates,PRC DELEGATED CO-COMMISSIONING,DR S T ELLWOOD & PARTNERS,24013316,"2,624.00 ",,LA000044411
Department of Health,NHS Fylde & Wyre CCG,9/30/2018,C&M-GMS Prem Service Charges,PRC DELEGATED CO-COMMISSIONING,DR S T ELLWOOD & PARTNERS,24013316,"1,755.83 ",,LA000044411
Department of Health,NHS Fylde & Wyre CCG,9/30/2018,C&M-GMS QOF Aspiration,PRC DELEGATED CO-COMMISSIONING,DR S T ELLWOOD & PARTNERS,24013316,"8,724.12 ",,LA000044411
Department of Health,NHS Fylde & Wyre CCG,9/30/2018,C&M-GMS Cost of Drugs -Dispensing,LOCAL ENHANCED SERVICES,GREAT ECCLESTON HEALTH CENTRE,24013317,"(58,884.50)",,LA000044412
Department of Health,NHS Fylde & Wyre CCG,9/30/2018,C&M-GMS GP Statutory Levy,PRC DELEGATED CO-COMMISSIONING,GREAT ECCLESTON HEALTH CENTRE,24013317,(239.44),,LA000044412
Department of Health,NHS Fylde & Wyre CCG,9/30/2018,C&M-GMS PrscChrgsCll&RmttdbyGPCntra,PRC DELEGATED CO-COMMISSIONING,GREAT ECCLESTON HEALTH CENTRE,24013317,"(3,317.60)",,LA000044412
Department of Health,NHS Fylde & Wyre CCG,9/30/2018,C&M-GMS Voluntary Levy,PRC DELEGATED CO-COMMISSIONING,GREAT ECCLESTON HEALTH CENTRE,24013317,(37.33),,LA000044412
Department of Health,NHS Fylde & Wyre CCG,9/30/2018,ME-GMS GP Pension EEs,PRC DELEGATED CO-COMMISSIONING,GREAT ECCLESTON HEALTH CENTRE,24013317,"(2,479.50)",,LA000044412
Department of Health,NHS Fylde & Wyre CCG,9/30/2018,ME-GMS GP Pension ERs Adjustments,PRC DELEGATED CO-COMMISSIONING,GREAT ECCLESTON HEALTH CENTRE,24013317,"(2,458.98)",,LA000044412
Department of Health,NHS Fylde & Wyre CCG,9/30/2018,C&M-GMS Cost of Drugs -Dispensing,LOCAL ENHANCED SERVICES,GREAT ECCLESTON HEALTH CENTRE,24013318,"128,998.34 ",,LA000044413
Department of Health,NHS Fylde & Wyre CCG,9/30/2018,C&M-GMS Global Sum,PRC DELEGATED CO-COMMISSIONING,GREAT ECCLESTON HEALTH CENTRE,24013318,"59,799.33 ",,LA000044413
Department of Health,NHS Fylde & Wyre CCG,9/30/2018,C&M-GMS MPIG Correction Factor,PRC DELEGATED CO-COMMISSIONING,GREAT ECCLESTON HEALTH CENTRE,24013318,"1,883.96 ",,LA000044413
Department of Health,NHS Fylde & Wyre CCG,9/30/2018,C&M-GMS PCO Locum Adop/Pat/Mat,PRC DELEGATED CO-COMMISSIONING,GREAT ECCLESTON HEALTH CENTRE,24013318,"6,793.04 ",,LA000044413
Department of Health,NHS Fylde & Wyre CCG,9/30/2018,C&M-GMS PCO Seniority,PRC DELEGATED CO-COMMISSIONING,GREAT ECCLESTON HEALTH CENTRE,24013318,"2,707.86 ",,LA000044413
Department of Health,NHS Fylde & Wyre CCG,9/30/2018,C&M-GMS Prem Notional Rent,PRC DELEGATED CO-COMMISSIONING,GREAT ECCLESTON HEALTH CENTRE,24013318,"5,416.67 ",,LA000044413
Department of Health,NHS Fylde & Wyre CCG,9/30/2018,C&M-GMS Prem Rates,PRC DELEGATED CO-COMMISSIONING,GREAT ECCLESTON HEALTH CENTRE,24013318,"1,109.00 ",,LA000044413
Department of Health,NHS Fylde & Wyre CCG,9/30/2018,C&M-GMS Prof Fees Dispensing,PRC DELEGATED CO-COMMISSIONING,GREAT ECCLESTON HEALTH CENTRE,24013318,"22,683.47 ",,LA000044413
Department of Health,NHS Fylde & Wyre CCG,9/30/2018,C&M-GMS PrscrptnChrgsColl&RmttdbyGP,LOCAL ENHANCED SERVICES,GREAT ECCLESTON HEALTH CENTRE,24013318,"3,317.60 ",,LA000044413
Department of Health,NHS Fylde & Wyre CCG,9/30/2018,C&M-GMS QOF Aspiration,PRC DELEGATED CO-COMMISSIONING,GREAT ECCLESTON HEALTH CENTRE,24013318,"6,243.52 ",,LA000044413
Department of Health,NHS Fylde & Wyre CCG,9/30/2018,C&M-GMS Cost of Drugs -Prescribing,LOCAL ENHANCED SERVICES,KIRKHAM HEALTH CENTRE,24013320,"2,565.78 ",,LA000044415
Department of Health,NHS Fylde & Wyre CCG,9/30/2018,C&M-GMS Global Sum,PRC DELEGATED CO-COMMISSIONING,KIRKHAM HEALTH CENTRE,24013320,"67,944.48 ",,LA000044415
Department of Health,NHS Fylde & Wyre CCG,9/30/2018,C&M-GMS MPIG Correction Factor,PRC DELEGATED CO-COMMISSIONING,KIRKHAM HEALTH CENTRE,24013320,902.92 ,,LA000044415
Department of Health,NHS Fylde & Wyre CCG,9/30/2018,C&M-GMS Other Baseline Adjustment,PRC DELEGATED CO-COMMISSIONING,KIRKHAM HEALTH CENTRE,24013320,"13,846.14 ",,LA000044415
Department of Health,NHS Fylde & Wyre CCG,9/30/2018,C&M-GMS PCO Seniority,PRC DELEGATED CO-COMMISSIONING,KIRKHAM HEALTH CENTRE,24013320,"3,083.02 ",,LA000044415
Department of Health,NHS Fylde & Wyre CCG,9/30/2018,C&M-GMS Prem Notional Rent,PRC DELEGATED CO-COMMISSIONING,KIRKHAM HEALTH CENTRE,24013320,"3,500.00 ",,LA000044415
Department of Health,NHS Fylde & Wyre CCG,9/30/2018,C&M-GMS Prem Rates,PRC DELEGATED CO-COMMISSIONING,KIRKHAM HEALTH CENTRE,24013320,888.00 ,,LA000044415
Department of Health,NHS Fylde & Wyre CCG,9/30/2018,C&M-GMS Prof Fees Prescribing,PRC DELEGATED CO-COMMISSIONING,KIRKHAM HEALTH CENTRE,24013320,227.70 ,,LA000044415
Department of Health,NHS Fylde & Wyre CCG,9/30/2018,C&M-GMS QOF Aspiration,PRC DELEGATED CO-COMMISSIONING,KIRKHAM HEALTH CENTRE,24013320,"6,470.23 ",,LA000044415
Department of Health,NHS Fylde & Wyre CCG,9/30/2018,C&M-GMS Cost of Drugs -Prescribing,LOCAL ENHANCED SERVICES,LOCKWOOD AVENUE SURGERY,24013322,"2,603.34 ",,LA000044417
Department of Health,NHS Fylde & Wyre CCG,9/30/2018,C&M-GMS DES Learn Dsblty Hlth Chk,PRC DELEGATED CO-COMMISSIONING,LOCKWOOD AVENUE SURGERY,24013322,140.00 ,,LA000044417
Department of Health,NHS Fylde & Wyre CCG,9/30/2018,C&M-GMS Global Sum,PRC DELEGATED CO-COMMISSIONING,LOCKWOOD AVENUE SURGERY,24013322,"52,647.89 ",,LA000044417
Department of Health,NHS Fylde & Wyre CCG,9/30/2018,C&M-GMS MPIG Correction Factor,PRC DELEGATED CO-COMMISSIONING,LOCKWOOD AVENUE SURGERY,24013322,227.18 ,,LA000044417
Department of Health,NHS Fylde & Wyre CCG,9/30/2018,C&M-GMS Other Addtl Staff Paymts,PRC DELEGATED CO-COMMISSIONING,LOCKWOOD AVENUE SURGERY,24013322,300.67 ,,LA000044417
Department of Health,NHS Fylde & Wyre CCG,9/30/2018,C&M-GMS Other Baseline Adjustment,PRC DELEGATED CO-COMMISSIONING,LOCKWOOD AVENUE SURGERY,24013322,"10,624.46 ",,LA000044417
Department of Health,NHS Fylde & Wyre CCG,9/30/2018,C&M-GMS PCO Seniority,PRC DELEGATED CO-COMMISSIONING,LOCKWOOD AVENUE SURGERY,24013322,"2,706.58 ",,LA000044417
Department of Health,NHS Fylde & Wyre CCG,9/30/2018,C&M-GMS Prem Healthcentre Rates,PRC DELEGATED CO-COMMISSIONING,LOCKWOOD AVENUE SURGERY,24013322,925.42 ,,LA000044417
Department of Health,NHS Fylde & Wyre CCG,9/30/2018,C&M-GMS Prem Healthcentre Rent,PRC DELEGATED CO-COMMISSIONING,LOCKWOOD AVENUE SURGERY,24013322,"2,052.50 ",,LA000044417
Department of Health,NHS Fylde & Wyre CCG,9/30/2018,C&M-GMS Prof Fees Prescribing,PRC DELEGATED CO-COMMISSIONING,LOCKWOOD AVENUE SURGERY,24013322,253.00 ,,LA000044417
Department of Health,NHS Fylde & Wyre CCG,9/30/2018,C&M-GMS QOF Aspiration,PRC DELEGATED CO-COMMISSIONING,LOCKWOOD AVENUE SURGERY,24013322,"7,064.67 ",,LA000044417
Department of Health,NHS Fylde & Wyre CCG,9/30/2018,C&M-GMS Cost of Drugs -Prescribing,LOCAL ENHANCED SERVICES,MOUNT VIEW PRACTICE,24013324,"1,949.96 ",,LA000044419
Department of Health,NHS Fylde & Wyre CCG,9/30/2018,C&M-GMS DES Extended Hours Access,PRC DELEGATED CO-COMMISSIONING,MOUNT VIEW PRACTICE,24013324,"1,869.00 ",,LA000044419
Department of Health,NHS Fylde & Wyre CCG,9/30/2018,C&M-GMS Global Sum,PRC DELEGATED CO-COMMISSIONING,MOUNT VIEW PRACTICE,24013324,"93,452.73 ",,LA000044419
Department of Health,NHS Fylde & Wyre CCG,9/30/2018,C&M-GMS Other Baseline Adjustment,PRC DELEGATED CO-COMMISSIONING,MOUNT VIEW PRACTICE,24013324,"14,115.45 ",,LA000044419
Department of Health,NHS Fylde & Wyre CCG,9/30/2018,C&M-GMS PCO Other,PRC DELEGATED CO-COMMISSIONING,MOUNT VIEW PRACTICE,24013324,804.81 ,,LA000044419
Department of Health,NHS Fylde & Wyre CCG,9/30/2018,C&M-GMS PCO Seniority,PRC DELEGATED CO-COMMISSIONING,MOUNT VIEW PRACTICE,24013324,"1,901.98 ",,LA000044419
Department of Health,NHS Fylde & Wyre CCG,9/30/2018,C&M-GMS Prem Rates,PRC DELEGATED CO-COMMISSIONING,MOUNT VIEW PRACTICE,24013324,"3,529.00 ",,LA000044419
Department of Health,NHS Fylde & Wyre CCG,9/30/2018,C&M-GMS Prof Fees Prescribing,PRC DELEGATED CO-COMMISSIONING,MOUNT VIEW PRACTICE,24013324,197.80 ,,LA000044419
Department of Health,NHS Fylde & Wyre CCG,9/30/2018,C&M-GMS QOF Aspiration,PRC DELEGATED CO-COMMISSIONING,MOUNT VIEW PRACTICE,24013324,"13,244.72 ",,LA000044419
Department of Health,NHS Fylde & Wyre CCG,9/30/2018,C&M-GMS GP Statutory Levy,PRC DELEGATED CO-COMMISSIONING,PARK MEDICAL PRACTICE ST ANNES,24013327,(197.05),,LA000044422
Department of Health,NHS Fylde & Wyre CCG,9/30/2018,C&M-GMS Prem Actual Rent,PRC DELEGATED CO-COMMISSIONING,PARK MEDICAL PRACTICE ST ANNES,24013327,"(55,684.80)",,LA000044422
Department of Health,NHS Fylde & Wyre CCG,9/30/2018,C&M-GMS Voluntary Levy,PRC DELEGATED CO-COMMISSIONING,PARK MEDICAL PRACTICE ST ANNES,24013327,(32.72),,LA000044422
Department of Health,NHS Fylde & Wyre CCG,9/30/2018,ME - GMS GP Prior Year ERs,PRC DELEGATED CO-COMMISSIONING,PARK MEDICAL PRACTICE ST ANNES,24013327,"(12,050.83)",,LA000044422
Department of Health,NHS Fylde & Wyre CCG,9/30/2018,ME-GMS GP Pension EEs,PRC DELEGATED CO-COMMISSIONING,PARK MEDICAL PRACTICE ST ANNES,24013327,"(1,549.50)",,LA000044422
Department of Health,NHS Fylde & Wyre CCG,9/30/2018,ME-GMS GP Pension ERs Adjustments,PRC DELEGATED CO-COMMISSIONING,PARK MEDICAL PRACTICE ST ANNES,24013327,"(1,696.84)",,LA000044422
Department of Health,NHS Fylde & Wyre CCG,9/30/2018,ME-GMS GP Prior Year EEs,PRC DELEGATED CO-COMMISSIONING,PARK MEDICAL PRACTICE ST ANNES,24013327,"(14,293.37)",,LA000044422
Department of Health,NHS Fylde & Wyre CCG,9/30/2018,C&M-GMS DES Extended Hours Access,PRC DELEGATED CO-COMMISSIONING,PARK MEDICAL PRACTICE ST ANNES,24013328,"1,036.00 ",,LA000044423
Department of Health,NHS Fylde & Wyre CCG,9/30/2018,C&M-GMS Global Sum,PRC DELEGATED CO-COMMISSIONING,PARK MEDICAL PRACTICE ST ANNES,24013328,"49,843.48 ",,LA000044423
Department of Health,NHS Fylde & Wyre CCG,9/30/2018,C&M-GMS MPIG Correction Factor,PRC DELEGATED CO-COMMISSIONING,PARK MEDICAL PRACTICE ST ANNES,24013328,329.89 ,,LA000044423
Department of Health,NHS Fylde & Wyre CCG,9/30/2018,C&M-GMS Other Baseline Adjustment,PRC DELEGATED CO-COMMISSIONING,PARK MEDICAL PRACTICE ST ANNES,24013328,"10,736.96 ",,LA000044423
Department of Health,NHS Fylde & Wyre CCG,9/30/2018,C&M-GMS PCO Other,PRC DELEGATED CO-COMMISSIONING,PARK MEDICAL PRACTICE ST ANNES,24013328,470.29 ,,LA000044423
Department of Health,NHS Fylde & Wyre CCG,9/30/2018,C&M-GMS PCO Seniority,PRC DELEGATED CO-COMMISSIONING,PARK MEDICAL PRACTICE ST ANNES,24013328,"1,371.59 ",,LA000044423
Department of Health,NHS Fylde & Wyre CCG,9/30/2018,C&M-GMS Prem Service Charges,PRC DELEGATED CO-COMMISSIONING,PARK MEDICAL PRACTICE ST ANNES,24013328,"14,722.34 ",,LA000044423
Department of Health,NHS Fylde & Wyre CCG,9/30/2018,C&M-GMS QOF Aspiration,PRC DELEGATED CO-COMMISSIONING,PARK MEDICAL PRACTICE ST ANNES,24013328,"6,955.18 ",,LA000044423
Department of Health,NHS Fylde & Wyre CCG,9/30/2018,ME-GMS GP Pension EEs Adjustments,PRC DELEGATED CO-COMMISSIONING,PARK MEDICAL PRACTICE ST ANNES,24013328,"6,068.36 ",,LA000044423
Department of Health,NHS Fylde & Wyre CCG,9/30/2018,ME-GMS GP Pension ERs Adjustments,PRC DELEGATED CO-COMMISSIONING,PARK MEDICAL PRACTICE ST ANNES,24013328,"6,119.00 ",,LA000044423
Department of Health,NHS Fylde & Wyre CCG,9/30/2018,C&M-GMS Cost of Drugs -Dispensing,LOCAL ENHANCED SERVICES,OVER WYRE MEDICAL CENTRE,24013329,"(54,482.56)",,LA000044424
Department of Health,NHS Fylde & Wyre CCG,9/30/2018,C&M-GMS GP Statutory Levy,PRC DELEGATED CO-COMMISSIONING,OVER WYRE MEDICAL CENTRE,24013329,(337.97),,LA000044424
Department of Health,NHS Fylde & Wyre CCG,9/30/2018,C&M-GMS PrscChrgsCll&RmttdbyGPCntra,PRC DELEGATED CO-COMMISSIONING,OVER WYRE MEDICAL CENTRE,24013329,"(1,874.40)",,LA000044424
Department of Health,NHS Fylde & Wyre CCG,9/30/2018,C&M-GMS Voluntary Levy,PRC DELEGATED CO-COMMISSIONING,OVER WYRE MEDICAL CENTRE,24013329,(56.11),,LA000044424
Department of Health,NHS Fylde & Wyre CCG,9/30/2018,ME-GMS GP Pension EEs,PRC DELEGATED CO-COMMISSIONING,OVER WYRE MEDICAL CENTRE,24013329,"(7,695.84)",,LA000044424
Department of Health,NHS Fylde & Wyre CCG,9/30/2018,ME-GMS GP Pension ERs Adjustments,PRC DELEGATED CO-COMMISSIONING,OVER WYRE MEDICAL CENTRE,24013329,"(7,932.97)",,LA000044424
Department of Health,NHS Fylde & Wyre CCG,9/30/2018,C&M-GMS Cost of Drugs -Dispensing,LOCAL ENHANCED SERVICES,OVER WYRE MEDICAL CENTRE,24013330,"107,547.66 ",,LA000044425
Department of Health,NHS Fylde & Wyre CCG,9/30/2018,C&M-GMS DES Extended Hours Access,PRC DELEGATED CO-COMMISSIONING,OVER WYRE MEDICAL CENTRE,24013330,"1,777.00 ",,LA000044425
Department of Health,NHS Fylde & Wyre CCG,9/30/2018,C&M-GMS Global Sum,PRC DELEGATED CO-COMMISSIONING,OVER WYRE MEDICAL CENTRE,24013330,"96,891.29 ",,LA000044425
Department of Health,NHS Fylde & Wyre CCG,9/30/2018,C&M-GMS Other Addtl Staff Paymts,PRC DELEGATED CO-COMMISSIONING,OVER WYRE MEDICAL CENTRE,24013330,563.00 ,,LA000044425
Department of Health,NHS Fylde & Wyre CCG,9/30/2018,C&M-GMS Other Baseline Adjustment,PRC DELEGATED CO-COMMISSIONING,OVER WYRE MEDICAL CENTRE,24013330,"20,654.00 ",,LA000044425
Department of Health,NHS Fylde & Wyre CCG,9/30/2018,C&M-GMS PCO Locum Sickness,PRC DELEGATED CO-COMMISSIONING,OVER WYRE MEDICAL CENTRE,24013330,"4,780.00 ",,LA000044425
Department of Health,NHS Fylde & Wyre CCG,9/30/2018,C&M-GMS PCO Other,PRC DELEGATED CO-COMMISSIONING,OVER WYRE MEDICAL CENTRE,24013330,766.81 ,,LA000044425
Department of Health,NHS Fylde & Wyre CCG,9/30/2018,C&M-GMS PCO Seniority,PRC DELEGATED CO-COMMISSIONING,OVER WYRE MEDICAL CENTRE,24013330,"3,193.00 ",,LA000044425
Department of Health,NHS Fylde & Wyre CCG,9/30/2018,C&M-GMS Prem Notional Rent,PRC DELEGATED CO-COMMISSIONING,OVER WYRE MEDICAL CENTRE,24013330,"10,540.91 ",,LA000044425
Department of Health,NHS Fylde & Wyre CCG,9/30/2018,C&M-GMS Prem Rates,PRC DELEGATED CO-COMMISSIONING,OVER WYRE MEDICAL CENTRE,24013330,"2,714.00 ",,LA000044425
Department of Health,NHS Fylde & Wyre CCG,9/30/2018,C&M-GMS Prof Fees Dispensing,PRC DELEGATED CO-COMMISSIONING,OVER WYRE MEDICAL CENTRE,24013330,"18,511.17 ",,LA000044425
Department of Health,NHS Fylde & Wyre CCG,9/30/2018,C&M-GMS PrscrptnChrgsColl&RmttdbyGP,LOCAL ENHANCED SERVICES,OVER WYRE MEDICAL CENTRE,24013330,"1,874.40 ",,LA000044425
Department of Health,NHS Fylde & Wyre CCG,9/30/2018,C&M-GMS QOF Aspiration,PRC DELEGATED CO-COMMISSIONING,OVER WYRE MEDICAL CENTRE,24013330,"15,465.83 ",,LA000044425
Department of Health,NHS Fylde & Wyre CCG,9/30/2018,C&M-GMS Cost of Drugs -Prescribing,LOCAL ENHANCED SERVICES,POPLAR HOUSE SURGERY,24013332,"2,874.36 ",,LA000044427
Department of Health,NHS Fylde & Wyre CCG,9/30/2018,C&M-GMS Global Sum,PRC DELEGATED CO-COMMISSIONING,POPLAR HOUSE SURGERY,24013332,"54,156.70 ",,LA000044427
Department of Health,NHS Fylde & Wyre CCG,9/30/2018,C&M-GMS MPIG Correction Factor,PRC DELEGATED CO-COMMISSIONING,POPLAR HOUSE SURGERY,24013332,"1,737.26 ",,LA000044427
Department of Health,NHS Fylde & Wyre CCG,9/30/2018,C&M-GMS Other Baseline Adjustment,PRC DELEGATED CO-COMMISSIONING,POPLAR HOUSE SURGERY,24013332,"10,994.66 ",,LA000044427
Department of Health,NHS Fylde & Wyre CCG,9/30/2018,C&M-GMS PCO Seniority,PRC DELEGATED CO-COMMISSIONING,POPLAR HOUSE SURGERY,24013332,141.54 ,,LA000044427
Department of Health,NHS Fylde & Wyre CCG,9/30/2018,C&M-GMS Prem Notional Rent,PRC DELEGATED CO-COMMISSIONING,POPLAR HOUSE SURGERY,24013332,"2,891.67 ",,LA000044427
Department of Health,NHS Fylde & Wyre CCG,9/30/2018,C&M-GMS Prem Rates,PRC DELEGATED CO-COMMISSIONING,POPLAR HOUSE SURGERY,24013332,888.00 ,,LA000044427
Department of Health,NHS Fylde & Wyre CCG,9/30/2018,C&M-GMS Prem Water Rates,PRC DELEGATED CO-COMMISSIONING,POPLAR HOUSE SURGERY,24013332,190.97 ,,LA000044427
Department of Health,NHS Fylde & Wyre CCG,9/30/2018,C&M-GMS Prof Fees Prescribing,PRC DELEGATED CO-COMMISSIONING,POPLAR HOUSE SURGERY,24013332,202.40 ,,LA000044427
Department of Health,NHS Fylde & Wyre CCG,9/30/2018,C&M-GMS QOF Aspiration,PRC DELEGATED CO-COMMISSIONING,POPLAR HOUSE SURGERY,24013332,"7,142.63 ",,LA000044427
Department of Health,NHS Fylde & Wyre CCG,9/30/2018,C&M-GMS Cost of Drugs -Prescribing,LOCAL ENHANCED SERVICES,QUEENSWAY MEDICAL CENTRE POULTON FYLDE,24013334,"1,383.55 ",,LA000044429
Department of Health,NHS Fylde & Wyre CCG,9/30/2018,C&M-GMS Global Sum,PRC DELEGATED CO-COMMISSIONING,QUEENSWAY MEDICAL CENTRE POULTON FYLDE,24013334,"65,399.23 ",,LA000044429
Department of Health,NHS Fylde & Wyre CCG,9/30/2018,C&M-GMS MPIG Correction Factor,PRC DELEGATED CO-COMMISSIONING,QUEENSWAY MEDICAL CENTRE POULTON FYLDE,24013334,841.88 ,,LA000044429
Department of Health,NHS Fylde & Wyre CCG,9/30/2018,C&M-GMS Other Addtl Staff Paymts,PRC DELEGATED CO-COMMISSIONING,QUEENSWAY MEDICAL CENTRE POULTON FYLDE,24013334,608.75 ,,LA000044429
Department of Health,NHS Fylde & Wyre CCG,9/30/2018,C&M-GMS Other Baseline Adjustment,PRC DELEGATED CO-COMMISSIONING,QUEENSWAY MEDICAL CENTRE POULTON FYLDE,24013334,"9,770.77 ",,LA000044429
Department of Health,NHS Fylde & Wyre CCG,9/30/2018,C&M-GMS PCO Other,PRC DELEGATED CO-COMMISSIONING,QUEENSWAY MEDICAL CENTRE POULTON FYLDE,24013334,632.19 ,,LA000044429
Department of Health,NHS Fylde & Wyre CCG,9/30/2018,C&M-GMS PCO Seniority,PRC DELEGATED CO-COMMISSIONING,QUEENSWAY MEDICAL CENTRE POULTON FYLDE,24013334,"2,460.58 ",,LA000044429
Department of Health,NHS Fylde & Wyre CCG,9/30/2018,C&M-GMS Prem Notional Rent,PRC DELEGATED CO-COMMISSIONING,QUEENSWAY MEDICAL CENTRE POULTON FYLDE,24013334,"4,308.33 ",,LA000044429
Department of Health,NHS Fylde & Wyre CCG,9/30/2018,C&M-GMS Prem Rates,PRC DELEGATED CO-COMMISSIONING,QUEENSWAY MEDICAL CENTRE POULTON FYLDE,24013334,874.00 ,,LA000044429
Department of Health,NHS Fylde & Wyre CCG,9/30/2018,C&M-GMS Prem Water Rates,PRC DELEGATED CO-COMMISSIONING,QUEENSWAY MEDICAL CENTRE POULTON FYLDE,24013334,72.85 ,,LA000044429
Department of Health,NHS Fylde & Wyre CCG,9/30/2018,C&M-GMS Prof Fees Prescribing,PRC DELEGATED CO-COMMISSIONING,QUEENSWAY MEDICAL CENTRE POULTON FYLDE,24013334,361.10 ,,LA000044429
Department of Health,NHS Fylde & Wyre CCG,9/30/2018,C&M-GMS QOF Aspiration,PRC DELEGATED CO-COMMISSIONING,QUEENSWAY MEDICAL CENTRE POULTON FYLDE,24013334,"8,648.54 ",,LA000044429
Department of Health,NHS Fylde & Wyre CCG,9/30/2018,C&M-GMS Cost of Drugs -Prescribing,LOCAL ENHANCED SERVICES,WEST VIEW HEALTH VILLAGE,24013338,456.24 ,,LA000044435
Department of Health,NHS Fylde & Wyre CCG,9/30/2018,C&M-GMS Global Sum,PRC DELEGATED CO-COMMISSIONING,WEST VIEW HEALTH VILLAGE,24013338,"45,120.16 ",,LA000044435
Department of Health,NHS Fylde & Wyre CCG,9/30/2018,C&M-GMS MPIG Correction Factor,PRC DELEGATED CO-COMMISSIONING,WEST VIEW HEALTH VILLAGE,24013338,655.15 ,,LA000044435
Department of Health,NHS Fylde & Wyre CCG,9/30/2018,C&M-GMS Other Addtl Staff Paymts,PRC DELEGATED CO-COMMISSIONING,WEST VIEW HEALTH VILLAGE,24013338,872.42 ,,LA000044435
Department of Health,NHS Fylde & Wyre CCG,9/30/2018,C&M-GMS Other Baseline Adjustment,PRC DELEGATED CO-COMMISSIONING,WEST VIEW HEALTH VILLAGE,24013338,"10,908.00 ",,LA000044435
Department of Health,NHS Fylde & Wyre CCG,9/30/2018,C&M-GMS PCO Seniority,PRC DELEGATED CO-COMMISSIONING,WEST VIEW HEALTH VILLAGE,24013338,177.56 ,,LA000044435
Department of Health,NHS Fylde & Wyre CCG,9/30/2018,C&M-GMS Prem Actual Rent,PRC DELEGATED CO-COMMISSIONING,WEST VIEW HEALTH VILLAGE,24013338,"59,345.79 ",,LA000044435
Department of Health,NHS Fylde & Wyre CCG,9/30/2018,C&M-GMS Prem Rates,PRC DELEGATED CO-COMMISSIONING,WEST VIEW HEALTH VILLAGE,24013338,"2,476.00 ",,LA000044435
Department of Health,NHS Fylde & Wyre CCG,9/30/2018,C&M-GMS Prof Fees Prescribing,PRC DELEGATED CO-COMMISSIONING,WEST VIEW HEALTH VILLAGE,24013338,211.60 ,,LA000044435
Department of Health,NHS Fylde & Wyre CCG,9/30/2018,C&M-GMS QOF Aspiration,PRC DELEGATED CO-COMMISSIONING,WEST VIEW HEALTH VILLAGE,24013338,"5,514.80 ",,LA000044435
Department of Health,NHS Fylde & Wyre CCG,9/30/2018,C&M-GMS Cost of Drugs -Dispensing,LOCAL ENHANCED SERVICES,WINDSOR ROAD SURGERY,24013339,"(112,636.40)",,LA000044436
Department of Health,NHS Fylde & Wyre CCG,9/30/2018,C&M-GMS GP Statutory Levy,PRC DELEGATED CO-COMMISSIONING,WINDSOR ROAD SURGERY,24013339,(553.21),,LA000044436
Department of Health,NHS Fylde & Wyre CCG,9/30/2018,C&M-GMS Prem Rates,PRC DELEGATED CO-COMMISSIONING,WINDSOR ROAD SURGERY,24013339,"(13,725.86)",,LA000044436
Department of Health,NHS Fylde & Wyre CCG,9/30/2018,C&M-GMS PrscChrgsCll&RmttdbyGPCntra,PRC DELEGATED CO-COMMISSIONING,WINDSOR ROAD SURGERY,24013339,"(7,356.80)",,LA000044436
Department of Health,NHS Fylde & Wyre CCG,9/30/2018,C&M-GMS Voluntary Levy,PRC DELEGATED CO-COMMISSIONING,WINDSOR ROAD SURGERY,24013339,(91.85),,LA000044436
Department of Health,NHS Fylde & Wyre CCG,9/30/2018,ME-GMS GP Pension EEs,PRC DELEGATED CO-COMMISSIONING,WINDSOR ROAD SURGERY,24013339,"(9,769.39)",,LA000044436
Department of Health,NHS Fylde & Wyre CCG,9/30/2018,ME-GMS GP Pension ERs Adjustments,PRC DELEGATED CO-COMMISSIONING,WINDSOR ROAD SURGERY,24013339,"(10,395.56)",,LA000044436
Department of Health,NHS Fylde & Wyre CCG,9/30/2018,C&M-GMS Cost of Drugs -Dispensing,LOCAL ENHANCED SERVICES,WINDSOR ROAD SURGERY,24013340,"236,354.76 ",,LA000044437
Department of Health,NHS Fylde & Wyre CCG,9/30/2018,C&M-GMS DES Minor Surgery,PRC DELEGATED CO-COMMISSIONING,WINDSOR ROAD SURGERY,24013340,"3,504.44 ",,LA000044437
Department of Health,NHS Fylde & Wyre CCG,9/30/2018,C&M-GMS Global Sum,PRC DELEGATED CO-COMMISSIONING,WINDSOR ROAD SURGERY,24013340,"150,243.93 ",,LA000044437
Department of Health,NHS Fylde & Wyre CCG,9/30/2018,C&M-GMS Other Addtl Staff Paymts,PRC DELEGATED CO-COMMISSIONING,WINDSOR ROAD SURGERY,24013340,"6,006.42 ",,LA000044437
Department of Health,NHS Fylde & Wyre CCG,9/30/2018,C&M-GMS PCO Seniority,PRC DELEGATED CO-COMMISSIONING,WINDSOR ROAD SURGERY,24013340,"5,119.90 ",,LA000044437
Department of Health,NHS Fylde & Wyre CCG,9/30/2018,C&M-GMS Prem Actual Rent,PRC DELEGATED CO-COMMISSIONING,WINDSOR ROAD SURGERY,24013340,"92,204.10 ",,LA000044437
Department of Health,NHS Fylde & Wyre CCG,9/30/2018,C&M-GMS Prem Water Rates,PRC DELEGATED CO-COMMISSIONING,WINDSOR ROAD SURGERY,24013340,"1,178.36 ",,LA000044437
Department of Health,NHS Fylde & Wyre CCG,9/30/2018,C&M-GMS Prof Fees Dispensing,PRC DELEGATED CO-COMMISSIONING,WINDSOR ROAD SURGERY,24013340,"38,226.05 ",,LA000044437
Department of Health,NHS Fylde & Wyre CCG,9/30/2018,C&M-GMS PrscrptnChrgsColl&RmttdbyGP,LOCAL ENHANCED SERVICES,WINDSOR ROAD SURGERY,24013340,"7,356.80 ",,LA000044437
Department of Health,NHS Fylde & Wyre CCG,9/30/2018,C&M-GMS QOF Aspiration,PRC DELEGATED CO-COMMISSIONING,WINDSOR ROAD SURGERY,24013340,"15,612.59 ",,LA000044437
Department of Health,NHS Fylde & Wyre CCG,9/30/2018,ME-GMS GP Pension EEs Adjustments,PRC DELEGATED CO-COMMISSIONING,WINDSOR ROAD SURGERY,24013340,313.88 ,,LA000044437
Department of Health,NHS Fylde & Wyre CCG,9/30/2018,ME-GMS GP Pension ERs Adjustments,PRC DELEGATED CO-COMMISSIONING,WINDSOR ROAD SURGERY,24013340,485.33 ,,LA000044437
Department of Health,NHS Fylde & Wyre CCG,9/30/2018,C&M-GMS Cost of Drugs -Prescribing,LOCAL ENHANCED SERVICES,HOLLAND HOUSE SURGERY,24013342,"3,490.10 ",,LA000044439
Department of Health,NHS Fylde & Wyre CCG,9/30/2018,C&M-GMS Global Sum,PRC DELEGATED CO-COMMISSIONING,HOLLAND HOUSE SURGERY,24013342,"87,095.26 ",,LA000044439
Department of Health,NHS Fylde & Wyre CCG,9/30/2018,C&M-GMS Other Addtl Staff Paymts,PRC DELEGATED CO-COMMISSIONING,HOLLAND HOUSE SURGERY,24013342,451.17 ,,LA000044439
Department of Health,NHS Fylde & Wyre CCG,9/30/2018,C&M-GMS Other Baseline Adjustment,PRC DELEGATED CO-COMMISSIONING,HOLLAND HOUSE SURGERY,24013342,"13,041.17 ",,LA000044439
Department of Health,NHS Fylde & Wyre CCG,9/30/2018,C&M-GMS PCO Seniority,PRC DELEGATED CO-COMMISSIONING,HOLLAND HOUSE SURGERY,24013342,"3,237.40 ",,LA000044439
Department of Health,NHS Fylde & Wyre CCG,9/30/2018,C&M-GMS Prem Actual Rent,PRC DELEGATED CO-COMMISSIONING,HOLLAND HOUSE SURGERY,24013342,"64,627.50 ",,LA000044439
Department of Health,NHS Fylde & Wyre CCG,9/30/2018,C&M-GMS Prem Service Charges,PRC DELEGATED CO-COMMISSIONING,HOLLAND HOUSE SURGERY,24013342,"1,819.00 ",,LA000044439
Department of Health,NHS Fylde & Wyre CCG,9/30/2018,C&M-GMS Prof Fees Prescribing,PRC DELEGATED CO-COMMISSIONING,HOLLAND HOUSE SURGERY,24013342,190.90 ,,LA000044439
Department of Health,NHS Fylde & Wyre CCG,9/30/2018,C&M-GMS QOF Aspiration,PRC DELEGATED CO-COMMISSIONING,HOLLAND HOUSE SURGERY,24013342,"12,222.94 ",,LA000044439
Department of Health,NHS Fylde & Wyre CCG,9/30/2018,Rent,RECHARGES NHS PROPERTY SERVICES LTD,NHS PROPERTY SERVICES LTD,24024407,"35,739.53 ",156725100,NAVS01251
Department of Health,NHS Fylde & Wyre CCG,9/30/2018,Rent,RECHARGES NHS PROPERTY SERVICES LTD,NHS PROPERTY SERVICES LTD,24024453,"79,739.26 ",156725100,00000001H22087
Department of Health,NHS Fylde & Wyre CCG,9/30/2018,Rent,RECHARGES NHS PROPERTY SERVICES LTD,NHS PROPERTY SERVICES LTD,24024474,"59,908.08 ",156725100,00000001H17459
Department of Health,NHS Fylde & Wyre CCG,9/30/2018,Rent,RECHARGES NHS PROPERTY SERVICES LTD,NHS PROPERTY SERVICES LTD,24024484,"39,869.63 ",156725100,00000001H31343
Department of Health,NHS Fylde & Wyre CCG,9/30/2018,Rent,RECHARGES NHS PROPERTY SERVICES LTD,NHS PROPERTY SERVICES LTD,24024499,"29,954.04 ",156725100,00000001H37869
Department of Health,NHS Fylde & Wyre CCG,9/30/2018,Rent,RECHARGES NHS PROPERTY SERVICES LTD,NHS PROPERTY SERVICES LTD,24024509,"59,377.76 ",156725100,H42387
Department of Health,NHS Fylde & Wyre CCG,9/30/2018,Rent,RECHARGES NHS PROPERTY SERVICES LTD,NHS PROPERTY SERVICES LTD,24024515,"32,121.80 ",156725100,H42386
Department of Health,NHS Fylde & Wyre CCG,9/30/2018,Rent,RECHARGES NHS PROPERTY SERVICES LTD,NHS PROPERTY SERVICES LTD,24024522,"73,067.16 ",156725100,H51912
Department of Health,NHS Fylde & Wyre CCG,9/30/2018,Rent,RECHARGES NHS PROPERTY SERVICES LTD,NHS PROPERTY SERVICES LTD,24024590,"60,512.42 ",156725100,H63936
Department of Health,NHS Fylde & Wyre CCG,9/30/2018,Rent,RECHARGES NHS PROPERTY SERVICES LTD,NHS PROPERTY SERVICES LTD,24024596,"74,223.36 ",156725100,H63937
Department of Health,NHS Fylde & Wyre CCG,9/30/2018,Rent,RECHARGES NHS PROPERTY SERVICES LTD,NHS PROPERTY SERVICES LTD,24024599,"25,643.46 ",156725100,H68701
Department of Health,NHS Fylde & Wyre CCG,9/30/2018,Hcare Srv Rec Fdtn Trust-Contract Baseline,ACUTE COMMISSIONING,BLACKPOOL TEACHING HOSPITALS NHS FOUNDATION TRUST,24024919,"8,901,000.00 ",GB654430839,1110040584
Department of Health,NHS Fylde & Wyre CCG,9/30/2018,C&M-GMS Cost of Drugs -Prescribing,LOCAL ENHANCED SERVICES,THORNTON PRACTICE,24035234,"3,767.58 ",,LA000044431
Department of Health,NHS Fylde & Wyre CCG,9/30/2018,C&M-GMS Global Sum,PRC DELEGATED CO-COMMISSIONING,THORNTON PRACTICE,24035234,"92,330.72 ",,LA000044431
Department of Health,NHS Fylde & Wyre CCG,9/30/2018,C&M-GMS Other Baseline Adjustment,PRC DELEGATED CO-COMMISSIONING,THORNTON PRACTICE,24035234,"13,971.92 ",,LA000044431
Department of Health,NHS Fylde & Wyre CCG,9/30/2018,C&M-GMS PCO Seniority,PRC DELEGATED CO-COMMISSIONING,THORNTON PRACTICE,24035234,"3,315.02 ",,LA000044431
Department of Health,NHS Fylde & Wyre CCG,9/30/2018,C&M-GMS Prem Notional Rent,PRC DELEGATED CO-COMMISSIONING,THORNTON PRACTICE,24035234,"18,734.17 ",,LA000044431
Department of Health,NHS Fylde & Wyre CCG,9/30/2018,C&M-GMS Prem Rates,PRC DELEGATED CO-COMMISSIONING,THORNTON PRACTICE,24035234,"3,178.00 ",,LA000044431
Department of Health,NHS Fylde & Wyre CCG,9/30/2018,C&M-GMS Prem Water Rates,PRC DELEGATED CO-COMMISSIONING,THORNTON PRACTICE,24035234,906.22 ,,LA000044431
Department of Health,NHS Fylde & Wyre CCG,9/30/2018,C&M-GMS Prof Fees Prescribing,PRC DELEGATED CO-COMMISSIONING,THORNTON PRACTICE,24035234,671.60 ,,LA000044431
Department of Health,NHS Fylde & Wyre CCG,9/30/2018,C&M-GMS QOF Aspiration,PRC DELEGATED CO-COMMISSIONING,THORNTON PRACTICE,24035234,"11,197.47 ",,LA000044431
Department of Health,NHS Fylde & Wyre CCG,9/30/2018,ME-GMS GP Pension EEs Adjustments,PRC DELEGATED CO-COMMISSIONING,THORNTON PRACTICE,24035234,536.46 ,,LA000044431
Department of Health,NHS Fylde & Wyre CCG,9/30/2018,ME-GMS GP Pension ERs Adjustments,PRC DELEGATED CO-COMMISSIONING,THORNTON PRACTICE,24035234,617.14 ,,LA000044431
Department of Health,NHS Fylde & Wyre CCG,9/30/2018,C&M-PMS Baseline Adjustment,PRC DELEGATED CO-COMMISSIONING,VILLAGE PRACTICE BLACKPOOL,24035235,"10,098.25 ",,LA000044433
Department of Health,NHS Fylde & Wyre CCG,9/30/2018,C&M-PMS Contract Value,PRC DELEGATED CO-COMMISSIONING,VILLAGE PRACTICE BLACKPOOL,24035235,"68,564.50 ",,LA000044433
Department of Health,NHS Fylde & Wyre CCG,9/30/2018,C&M-PMS Cost of Drugs -Prescribing,LOCAL ENHANCED SERVICES,VILLAGE PRACTICE BLACKPOOL,24035235,"4,706.35 ",,LA000044433
Department of Health,NHS Fylde & Wyre CCG,9/30/2018,C&M-PMS DES Extended Hours Access,PRC DELEGATED CO-COMMISSIONING,VILLAGE PRACTICE BLACKPOOL,24035235,"1,409.00 ",,LA000044433
Department of Health,NHS Fylde & Wyre CCG,9/30/2018,C&M-PMS PCO Locum Sickness,PRC DELEGATED CO-COMMISSIONING,VILLAGE PRACTICE BLACKPOOL,24035235,"3,451.52 ",,LA000044433
Department of Health,NHS Fylde & Wyre CCG,9/30/2018,C&M-PMS PCO Other,PRC DELEGATED CO-COMMISSIONING,VILLAGE PRACTICE BLACKPOOL,24035235,619.49 ,,LA000044433
Department of Health,NHS Fylde & Wyre CCG,9/30/2018,C&M-PMS PCO Seniority,PRC DELEGATED CO-COMMISSIONING,VILLAGE PRACTICE BLACKPOOL,24035235,"4,047.71 ",,LA000044433
Department of Health,NHS Fylde & Wyre CCG,9/30/2018,C&M-PMS Prof fees Prescribing,PRC DELEGATED CO-COMMISSIONING,VILLAGE PRACTICE BLACKPOOL,24035235,202.40 ,,LA000044433
Department of Health,NHS Fylde & Wyre CCG,9/30/2018,C&M-PMS QOF Aspiration,PRC DELEGATED CO-COMMISSIONING,VILLAGE PRACTICE BLACKPOOL,24035235,"9,132.79 ",,LA000044433
Department of Health,NHS Fylde & Wyre CCG,9/30/2018,Hcare Srv Rec Fdtn Trust-Contract Baseline,MENTAL HEALTH SERVICES - ADULTS,LANCASHIRE CARE NHS FOUNDATION TRUST,24048090,"34,043.00 ",654923319,I0060580
Department of Health,NHS Fylde & Wyre CCG,9/30/2018,C&M-GMS IT Comm Servs -GP Practices,PRIMARY CARE IT,NHS BLACKPOOL CCG,24080098,"36,542.78 ",,7011210842
,,,,,,,,,
