Department family,Entity,Date,Expense Type,Expense area,Supplier,Transaction number,AP Amount (�),VAT registration number,Purchase invoice number
Department of Health,NHS Fylde & Wyre CCG,7/31/2018,Clinical&Medical-Independent Sector,COMMUNITY SERVICES,MEDEQUIP ASSISTIVE TECHNOLOGY LTD,22590962,"71,592.96 ",218788662,42215
Department of Health,NHS Fylde & Wyre CCG,7/31/2018,Charges from CSU,CLINICAL GOVERNANCE,NHS MIDLANDS AND LANCASHIRE CSU,22873532,"22,815.38 ",GB 654442045,7312310459
Department of Health,NHS Fylde & Wyre CCG,7/31/2018,Charges from CSU,COMMISSIONING - NON ACUTE,NHS MIDLANDS AND LANCASHIRE CSU,22873532,"7,420.87 ",GB 654442045,7312310459
Department of Health,NHS Fylde & Wyre CCG,7/31/2018,Charges from CSU,CONTINUING HEALTHCARE ASSESSMENT & SUPPORT,NHS MIDLANDS AND LANCASHIRE CSU,22873532,"44,877.55 ",GB 654442045,7312310459
Department of Health,NHS Fylde & Wyre CCG,7/31/2018,Charges from CSU,CONTRACT MANAGEMENT,NHS MIDLANDS AND LANCASHIRE CSU,22873532,"40,615.83 ",GB 654442045,7312310459
Department of Health,NHS Fylde & Wyre CCG,7/31/2018,Charges from CSU,FINANCE,NHS MIDLANDS AND LANCASHIRE CSU,22873532,"15,921.46 ",GB 654442045,7312310459
Department of Health,NHS Fylde & Wyre CCG,7/31/2018,Charges from CSU,MEDICINES MANAGEMENT - CLINICAL,NHS MIDLANDS AND LANCASHIRE CSU,22873532,"16,114.45 ",GB 654442045,7312310459
Department of Health,NHS Fylde & Wyre CCG,7/31/2018,Clinical&Medical-Independent Sector,COMMUNITY SERVICES,COMMUNITY HEALTH & EYECARE LTD,22873565,"31,207.00 ",,2F
Department of Health,NHS Fylde & Wyre CCG,7/31/2018,Clinical&Medical-Independent Sector,ACUTE COMMISSIONING,SPIRE HEALTHCARE LTD,22873579,"26,494.85 ",915970991,02MFYCREC181901
Department of Health,NHS Fylde & Wyre CCG,7/31/2018,Hcare Srv Rec NHS Trust-Contract Baseline,ACUTE COMMISSIONING,EAST LANCASHIRE HOSPITALS NHS TRUST,22873731,"(57,455.00)",,K0010858
Department of Health,NHS Fylde & Wyre CCG,7/31/2018,Hcare Srv Rec Fdtn Trust-Contract Variation,COMMUNITY SERVICES,BLACKPOOL TEACHING HOSPITALS NHS FOUNDATION TRUST,22905407,"50,070.88 ",GB654430839,1110038335
Department of Health,NHS Fylde & Wyre CCG,7/31/2018,Hcare Srv Rec Fdtn Trust-Contract Variation,COMMUNITY SERVICES,BLACKPOOL TEACHING HOSPITALS NHS FOUNDATION TRUST,22905495,"45,484.30 ",GB654430839,1110038724
Department of Health,NHS Fylde & Wyre CCG,7/31/2018,Hcare Srv Rec Fdtn Trust-Contract Baseline,MENTAL HEALTH SERVICES - ADULTS,LANCASHIRE CARE NHS FOUNDATION TRUST,22905515,"77,220.00 ",654923319,I0059299
Department of Health,NHS Fylde & Wyre CCG,7/31/2018,Clinical&Medical-Independent Sector,ACUTE COMMISSIONING,FULWOOD HALL HOSPITAL,22933244,"149,553.50 ",,128KMJUL18FYL
Department of Health,NHS Fylde & Wyre CCG,7/31/2018,Hcare Srv Rec Fdtn Trust-Contract Baseline,ACUTE COMMISSIONING,UNIVERSITY HOSPITALS OF MORECAMBE BAY NHS FOUNDATION TRUST,22933292,"125,094.00 ",,1000005346
Department of Health,NHS Fylde & Wyre CCG,7/31/2018,Hcare Srv Rec NHS Trust-Contract Baseline,ACUTE COMMISSIONING,EAST LANCASHIRE HOSPITALS NHS TRUST,22933312,"48,484.41 ",,E0091934
Department of Health,NHS Fylde & Wyre CCG,7/31/2018,Hcare Srv Rec Fdtn Trust-Contract Baseline,ACUTE COMMISSIONING,LANCASHIRE TEACHING HOSPITALS NHS FOUNDATION TRUST,22933318,"860,297.00 ",,15315257
Department of Health,NHS Fylde & Wyre CCG,7/31/2018,Clinical&Medical-Independent Sector,ACUTE COMMISSIONING,SPIRE HEALTHCARE LTD,22933369,"308,580.00 ",915970991,02MFYCPF181904
Department of Health,NHS Fylde & Wyre CCG,7/31/2018,Hcare Srv Rec NHS Trust-Contract Baseline,AMBULANCE SERVICES,NORTH WEST AMBULANCE SERVICE NHS TRUST,22933383,"99,287.00 ",654435138,4110039067
Department of Health,NHS Fylde & Wyre CCG,7/31/2018,Hcare Srv Rec NHS Trust-Contract Baseline,NHS 111,NORTH WEST AMBULANCE SERVICE NHS TRUST,22933393,"70,400.00 ",654435138,4110038944
Department of Health,NHS Fylde & Wyre CCG,7/31/2018,Hcare Srv Rec NHS Trust-Contract Baseline,AMBULANCE SERVICES,NORTH WEST AMBULANCE SERVICE NHS TRUST,22933410,"482,160.00 ",654435138,4110039009
Department of Health,NHS Fylde & Wyre CCG,7/31/2018,Hcare Srv Rec Fdtn Trust-Contract Baseline,ACUTE COMMISSIONING,WRIGHTINGTON WIGAN & LEIGH NHS FOUNDATION TRUST,22933422,"167,618.00 ",GB654951509,55578951
Department of Health,NHS Fylde & Wyre CCG,7/31/2018,Charges from CSU,CLINICAL GOVERNANCE,NHS MIDLANDS AND LANCASHIRE CSU,22986166,"22,815.38 ",GB 654442045,7312310665
Department of Health,NHS Fylde & Wyre CCG,7/31/2018,Charges from CSU,COMMISSIONING - NON ACUTE,NHS MIDLANDS AND LANCASHIRE CSU,22986166,"7,420.87 ",GB 654442045,7312310665
Department of Health,NHS Fylde & Wyre CCG,7/31/2018,Charges from CSU,CONTINUING HEALTHCARE ASSESSMENT & SUPPORT,NHS MIDLANDS AND LANCASHIRE CSU,22986166,"44,877.55 ",GB 654442045,7312310665
Department of Health,NHS Fylde & Wyre CCG,7/31/2018,Charges from CSU,CONTRACT MANAGEMENT,NHS MIDLANDS AND LANCASHIRE CSU,22986166,"40,615.83 ",GB 654442045,7312310665
Department of Health,NHS Fylde & Wyre CCG,7/31/2018,Charges from CSU,FINANCE,NHS MIDLANDS AND LANCASHIRE CSU,22986166,"15,921.46 ",GB 654442045,7312310665
Department of Health,NHS Fylde & Wyre CCG,7/31/2018,Charges from CSU,MEDICINES MANAGEMENT - CLINICAL,NHS MIDLANDS AND LANCASHIRE CSU,22986166,"16,114.45 ",GB 654442045,7312310665
Department of Health,NHS Fylde & Wyre CCG,7/31/2018,Cont Care- Adult 100% Fully Funded,CHC ADULT FULLY FUNDED,MANOR HOMES (POULTON) LTD,22986233,"6,593.00 ",,011
Department of Health,NHS Fylde & Wyre CCG,7/31/2018,Cont Care- Prior Year Payments,CHC ADULT FULLY FUNDED,MANOR HOMES (POULTON) LTD,22986233,"21,809.00 ",,011
Department of Health,NHS Fylde & Wyre CCG,7/31/2018,Income tax <1Yr,BALANCE SHEET,HMRC,23017401,"43,712.20 ",,475PR004453361903
Department of Health,NHS Fylde & Wyre CCG,7/31/2018,Income tax <1Yr-Student Loans,BALANCE SHEET,HMRC,23017401,413.00 ,,475PR004453361903
Department of Health,NHS Fylde & Wyre CCG,7/31/2018,National Insurance < 1 yr-NI- ERS,BALANCE SHEET,HMRC,23017401,"27,561.39 ",,475PR004453361903
Department of Health,NHS Fylde & Wyre CCG,7/31/2018,National Insurance < 1 yr-NI-EES,BALANCE SHEET,HMRC,23017401,"20,230.37 ",,475PR004453361903
Department of Health,NHS Fylde & Wyre CCG,7/31/2018,Statutory Mat Pay < 1 yr,BALANCE SHEET,HMRC,23017401,(534.28),,475PR004453361903
Department of Health,NHS Fylde & Wyre CCG,7/31/2018,Clinical&Medical-Independent Sector,COMMUNITY SERVICES,MEDEQUIP ASSISTIVE TECHNOLOGY LTD,23027512,"108,608.81 ",218788662,42374
Department of Health,NHS Fylde & Wyre CCG,7/31/2018,Clinical&Medical-Independent Sector,IMPROVING ACCESS TO PSYCHOLOGICAL THERAPIES,VILLAGE PRACTICE BLACKPOOL,23042595,"60,240.00 ",,PWPHITJNVNAPR2018
Department of Health,NHS Fylde & Wyre CCG,7/31/2018,EXP-CAPITAL GRANTS- GENERAL,PRIMARY CARE IT,DELL CORPORATION LTD,23136364,"22,488.50 ",635823528,7402454974
Department of Health,NHS Fylde & Wyre CCG,7/31/2018,C&M-GMS Cost of Drugs -Prescribing,LOCAL ENHANCED SERVICES,BEECHWOOD SURGERY,23183235,685.73 ,,LA000043277
Department of Health,NHS Fylde & Wyre CCG,7/31/2018,C&M-GMS DES Extended Hours Access,PRC DELEGATED CO-COMMISSIONING,BEECHWOOD SURGERY,23183235,388.00 ,,LA000043277
Department of Health,NHS Fylde & Wyre CCG,7/31/2018,C&M-GMS DES Minor Surgery,PRC DELEGATED CO-COMMISSIONING,BEECHWOOD SURGERY,23183235,"8,650.20 ",,LA000043277
Department of Health,NHS Fylde & Wyre CCG,7/31/2018,C&M-GMS Global Sum,PRC DELEGATED CO-COMMISSIONING,BEECHWOOD SURGERY,23183235,"19,460.15 ",,LA000043277
Department of Health,NHS Fylde & Wyre CCG,7/31/2018,C&M-GMS MPIG Correction Factor,PRC DELEGATED CO-COMMISSIONING,BEECHWOOD SURGERY,23183235,38.06 ,,LA000043277
Department of Health,NHS Fylde & Wyre CCG,7/31/2018,C&M-GMS Other Baseline Adjustment,PRC DELEGATED CO-COMMISSIONING,BEECHWOOD SURGERY,23183235,"2,966.11 ",,LA000043277
Department of Health,NHS Fylde & Wyre CCG,7/31/2018,C&M-GMS Prem Notional Rent,PRC DELEGATED CO-COMMISSIONING,BEECHWOOD SURGERY,23183235,"1,512.50 ",,LA000043277
Department of Health,NHS Fylde & Wyre CCG,7/31/2018,C&M-GMS Prem Rates,PRC DELEGATED CO-COMMISSIONING,BEECHWOOD SURGERY,23183235,504.00 ,,LA000043277
Department of Health,NHS Fylde & Wyre CCG,7/31/2018,C&M-GMS Prof Fees Prescribing,PRC DELEGATED CO-COMMISSIONING,BEECHWOOD SURGERY,23183235,121.90 ,,LA000043277
Department of Health,NHS Fylde & Wyre CCG,7/31/2018,C&M-GMS QOF Aspiration,PRC DELEGATED CO-COMMISSIONING,BEECHWOOD SURGERY,23183235,"2,208.26 ",,LA000043277
Department of Health,NHS Fylde & Wyre CCG,7/31/2018,C&M-GMS Cost of Drugs -Prescribing,LOCAL ENHANCED SERVICES,ANSDELL MEDICAL CENTRE,23183237,"1,794.04 ",,LA000043279
Department of Health,NHS Fylde & Wyre CCG,7/31/2018,C&M-GMS DES Learn Dsblty Hlth Chk,PRC DELEGATED CO-COMMISSIONING,ANSDELL MEDICAL CENTRE,23183237,"2,940.00 ",,LA000043279
Department of Health,NHS Fylde & Wyre CCG,7/31/2018,C&M-GMS DES Minor Surgery,PRC DELEGATED CO-COMMISSIONING,ANSDELL MEDICAL CENTRE,23183237,"1,863.12 ",,LA000043279
Department of Health,NHS Fylde & Wyre CCG,7/31/2018,C&M-GMS Global Sum,PRC DELEGATED CO-COMMISSIONING,ANSDELL MEDICAL CENTRE,23183237,"71,757.96 ",,LA000043279
Department of Health,NHS Fylde & Wyre CCG,7/31/2018,C&M-GMS Other Addtl Staff Paymts,PRC DELEGATED CO-COMMISSIONING,ANSDELL MEDICAL CENTRE,23183237,149.42 ,,LA000043279
Department of Health,NHS Fylde & Wyre CCG,7/31/2018,C&M-GMS Other Baseline Adjustment,PRC DELEGATED CO-COMMISSIONING,ANSDELL MEDICAL CENTRE,23183237,"11,462.24 ",,LA000043279
Department of Health,NHS Fylde & Wyre CCG,7/31/2018,C&M-GMS Prof Fees Prescribing,PRC DELEGATED CO-COMMISSIONING,ANSDELL MEDICAL CENTRE,23183237,149.50 ,,LA000043279
Department of Health,NHS Fylde & Wyre CCG,7/31/2018,C&M-GMS QOF Aspiration,PRC DELEGATED CO-COMMISSIONING,ANSDELL MEDICAL CENTRE,23183237,"9,777.97 ",,LA000043279
Department of Health,NHS Fylde & Wyre CCG,7/31/2018,C&M-GMS Cost of Drugs -Prescribing,LOCAL ENHANCED SERVICES,ASH TREE HOUSE SURGERY,23183239,"1,108.74 ",,LA000043281
Department of Health,NHS Fylde & Wyre CCG,7/31/2018,C&M-GMS DES Extended Hours Access,PRC DELEGATED CO-COMMISSIONING,ASH TREE HOUSE SURGERY,23183239,"1,711.00 ",,LA000043281
Department of Health,NHS Fylde & Wyre CCG,7/31/2018,C&M-GMS Global Sum,PRC DELEGATED CO-COMMISSIONING,ASH TREE HOUSE SURGERY,23183239,"81,061.75 ",,LA000043281
Department of Health,NHS Fylde & Wyre CCG,7/31/2018,C&M-GMS MPIG Correction Factor,PRC DELEGATED CO-COMMISSIONING,ASH TREE HOUSE SURGERY,23183239,"2,132.47 ",,LA000043281
Department of Health,NHS Fylde & Wyre CCG,7/31/2018,C&M-GMS Other Addtl Staff Paymts,PRC DELEGATED CO-COMMISSIONING,ASH TREE HOUSE SURGERY,23183239,"1,368.42 ",,LA000043281
Department of Health,NHS Fylde & Wyre CCG,7/31/2018,C&M-GMS Other Baseline Adjustment,PRC DELEGATED CO-COMMISSIONING,ASH TREE HOUSE SURGERY,23183239,"15,655.73 ",,LA000043281
Department of Health,NHS Fylde & Wyre CCG,7/31/2018,C&M-GMS PCO Other,PRC DELEGATED CO-COMMISSIONING,ASH TREE HOUSE SURGERY,23183239,739.15 ,,LA000043281
Department of Health,NHS Fylde & Wyre CCG,7/31/2018,C&M-GMS Prem Notional Rent,PRC DELEGATED CO-COMMISSIONING,ASH TREE HOUSE SURGERY,23183239,"6,128.33 ",,LA000043281
Department of Health,NHS Fylde & Wyre CCG,7/31/2018,C&M-GMS Prof Fees Prescribing,PRC DELEGATED CO-COMMISSIONING,ASH TREE HOUSE SURGERY,23183239,213.90 ,,LA000043281
Department of Health,NHS Fylde & Wyre CCG,7/31/2018,C&M-GMS QOF Aspiration,PRC DELEGATED CO-COMMISSIONING,ASH TREE HOUSE SURGERY,23183239,"9,139.00 ",,LA000043281
Department of Health,NHS Fylde & Wyre CCG,7/31/2018,C&M-GMS Cost of Drugs -Prescribing,LOCAL ENHANCED SERVICES,BROADWAY MEDICAL CENTRE,23183241,"2,329.13 ",,LA000043283
Department of Health,NHS Fylde & Wyre CCG,7/31/2018,C&M-GMS DES Extended Hours Access,PRC DELEGATED CO-COMMISSIONING,BROADWAY MEDICAL CENTRE,23183241,"1,625.00 ",,LA000043283
Department of Health,NHS Fylde & Wyre CCG,7/31/2018,C&M-GMS DES Learn Dsblty Hlth Chk,PRC DELEGATED CO-COMMISSIONING,BROADWAY MEDICAL CENTRE,23183241,"1,540.00 ",,LA000043283
Department of Health,NHS Fylde & Wyre CCG,7/31/2018,C&M-GMS DES Minor Surgery,PRC DELEGATED CO-COMMISSIONING,BROADWAY MEDICAL CENTRE,23183241,"12,775.68 ",,LA000043283
Department of Health,NHS Fylde & Wyre CCG,7/31/2018,C&M-GMS Global Sum,PRC DELEGATED CO-COMMISSIONING,BROADWAY MEDICAL CENTRE,23183241,"80,197.48 ",,LA000043283
Department of Health,NHS Fylde & Wyre CCG,7/31/2018,C&M-GMS Other Addtl Staff Paymts,PRC DELEGATED CO-COMMISSIONING,BROADWAY MEDICAL CENTRE,23183241,773.42 ,,LA000043283
Department of Health,NHS Fylde & Wyre CCG,7/31/2018,C&M-GMS Other Baseline Adjustment,PRC DELEGATED CO-COMMISSIONING,BROADWAY MEDICAL CENTRE,23183241,"17,188.99 ",,LA000043283
Department of Health,NHS Fylde & Wyre CCG,7/31/2018,C&M-GMS Prof Fees Prescribing,PRC DELEGATED CO-COMMISSIONING,BROADWAY MEDICAL CENTRE,23183241,391.00 ,,LA000043283
Department of Health,NHS Fylde & Wyre CCG,7/31/2018,C&M-GMS QOF Aspiration,PRC DELEGATED CO-COMMISSIONING,BROADWAY MEDICAL CENTRE,23183241,"10,418.50 ",,LA000043283
Department of Health,NHS Fylde & Wyre CCG,7/31/2018,C&M-GMS Global Sum,PRC DELEGATED CO-COMMISSIONING,CLIFTON MEDICAL PRACTICE ST ANNES,23183243,"51,360.25 ",,LA000043285
Department of Health,NHS Fylde & Wyre CCG,7/31/2018,C&M-GMS Other Addtl Staff Paymts,PRC DELEGATED CO-COMMISSIONING,CLIFTON MEDICAL PRACTICE ST ANNES,23183243,590.42 ,,LA000043285
Department of Health,NHS Fylde & Wyre CCG,7/31/2018,C&M-GMS Other Baseline Adjustment,PRC DELEGATED CO-COMMISSIONING,CLIFTON MEDICAL PRACTICE ST ANNES,23183243,"7,637.69 ",,LA000043285
Department of Health,NHS Fylde & Wyre CCG,7/31/2018,C&M-GMS QOF Aspiration,PRC DELEGATED CO-COMMISSIONING,CLIFTON MEDICAL PRACTICE ST ANNES,23183243,"6,901.13 ",,LA000043285
Department of Health,NHS Fylde & Wyre CCG,7/31/2018,C&M-GMS Global Sum,PRC DELEGATED CO-COMMISSIONING,DR S T ELLWOOD & PARTNERS,23183245,"82,847.80 ",,LA000043287
Department of Health,NHS Fylde & Wyre CCG,7/31/2018,C&M-GMS Other Addtl Staff Paymts,PRC DELEGATED CO-COMMISSIONING,DR S T ELLWOOD & PARTNERS,23183245,760.08 ,,LA000043287
Department of Health,NHS Fylde & Wyre CCG,7/31/2018,C&M-GMS Other Baseline Adjustment,PRC DELEGATED CO-COMMISSIONING,DR S T ELLWOOD & PARTNERS,23183245,"12,479.78 ",,LA000043287
Department of Health,NHS Fylde & Wyre CCG,7/31/2018,C&M-GMS Prem Rates,PRC DELEGATED CO-COMMISSIONING,DR S T ELLWOOD & PARTNERS,23183245,"2,624.00 ",,LA000043287
Department of Health,NHS Fylde & Wyre CCG,7/31/2018,C&M-GMS Prem Service Charges,PRC DELEGATED CO-COMMISSIONING,DR S T ELLWOOD & PARTNERS,23183245,"1,755.83 ",,LA000043287
Department of Health,NHS Fylde & Wyre CCG,7/31/2018,C&M-GMS QOF Aspiration,PRC DELEGATED CO-COMMISSIONING,DR S T ELLWOOD & PARTNERS,23183245,"8,724.12 ",,LA000043287
Department of Health,NHS Fylde & Wyre CCG,7/31/2018,C&M-GMS Cost of Drugs -Dispensing,LOCAL ENHANCED SERVICES,GREAT ECCLESTON HEALTH CENTRE,23183246,"(69,732.21)",,LA000043288
Department of Health,NHS Fylde & Wyre CCG,7/31/2018,C&M-GMS GP Statutory Levy,PRC DELEGATED CO-COMMISSIONING,GREAT ECCLESTON HEALTH CENTRE,23183246,(239.44),,LA000043288
Department of Health,NHS Fylde & Wyre CCG,7/31/2018,C&M-GMS PrscChrgsCll&RmttdbyGPCntra,PRC DELEGATED CO-COMMISSIONING,GREAT ECCLESTON HEALTH CENTRE,23183246,"(3,212.00)",,LA000043288
Department of Health,NHS Fylde & Wyre CCG,7/31/2018,C&M-GMS Voluntary Levy,PRC DELEGATED CO-COMMISSIONING,GREAT ECCLESTON HEALTH CENTRE,23183246,(37.33),,LA000043288
Department of Health,NHS Fylde & Wyre CCG,7/31/2018,ME-GMS GP Pension EEs,PRC DELEGATED CO-COMMISSIONING,GREAT ECCLESTON HEALTH CENTRE,23183246,"(4,020.13)",,LA000043288
Department of Health,NHS Fylde & Wyre CCG,7/31/2018,ME-GMS GP Pension ERs Adjustments,PRC DELEGATED CO-COMMISSIONING,GREAT ECCLESTON HEALTH CENTRE,23183246,"(3,986.86)",,LA000043288
Department of Health,NHS Fylde & Wyre CCG,7/31/2018,C&M-GMS Cost of Drugs -Dispensing,LOCAL ENHANCED SERVICES,GREAT ECCLESTON HEALTH CENTRE,23183247,"129,582.05 ",,LA000043289
Department of Health,NHS Fylde & Wyre CCG,7/31/2018,C&M-GMS DES Minor Surgery,PRC DELEGATED CO-COMMISSIONING,GREAT ECCLESTON HEALTH CENTRE,23183247,"4,258.56 ",,LA000043289
Department of Health,NHS Fylde & Wyre CCG,7/31/2018,C&M-GMS Global Sum,PRC DELEGATED CO-COMMISSIONING,GREAT ECCLESTON HEALTH CENTRE,23183247,"59,799.33 ",,LA000043289
Department of Health,NHS Fylde & Wyre CCG,7/31/2018,C&M-GMS MPIG Correction Factor,PRC DELEGATED CO-COMMISSIONING,GREAT ECCLESTON HEALTH CENTRE,23183247,"1,883.96 ",,LA000043289
Department of Health,NHS Fylde & Wyre CCG,7/31/2018,C&M-GMS Prem Notional Rent,PRC DELEGATED CO-COMMISSIONING,GREAT ECCLESTON HEALTH CENTRE,23183247,"5,416.67 ",,LA000043289
Department of Health,NHS Fylde & Wyre CCG,7/31/2018,C&M-GMS Prem Rates,PRC DELEGATED CO-COMMISSIONING,GREAT ECCLESTON HEALTH CENTRE,23183247,"1,109.00 ",,LA000043289
Department of Health,NHS Fylde & Wyre CCG,7/31/2018,C&M-GMS Prem Water Rates,PRC DELEGATED CO-COMMISSIONING,GREAT ECCLESTON HEALTH CENTRE,23183247,399.50 ,,LA000043289
Department of Health,NHS Fylde & Wyre CCG,7/31/2018,C&M-GMS Prof Fees Dispensing,PRC DELEGATED CO-COMMISSIONING,GREAT ECCLESTON HEALTH CENTRE,23183247,"25,504.47 ",,LA000043289
Department of Health,NHS Fylde & Wyre CCG,7/31/2018,C&M-GMS PrscrptnChrgsColl&RmttdbyGP,LOCAL ENHANCED SERVICES,GREAT ECCLESTON HEALTH CENTRE,23183247,"3,212.00 ",,LA000043289
Department of Health,NHS Fylde & Wyre CCG,7/31/2018,C&M-GMS QOF Aspiration,PRC DELEGATED CO-COMMISSIONING,GREAT ECCLESTON HEALTH CENTRE,23183247,"6,243.52 ",,LA000043289
Department of Health,NHS Fylde & Wyre CCG,7/31/2018,C&M-GMS Cost of Drugs -Prescribing,LOCAL ENHANCED SERVICES,KIRKHAM HEALTH CENTRE,23183249,"1,197.35 ",,LA000043291
Department of Health,NHS Fylde & Wyre CCG,7/31/2018,C&M-GMS Global Sum,PRC DELEGATED CO-COMMISSIONING,KIRKHAM HEALTH CENTRE,23183249,"67,944.48 ",,LA000043291
Department of Health,NHS Fylde & Wyre CCG,7/31/2018,C&M-GMS MPIG Correction Factor,PRC DELEGATED CO-COMMISSIONING,KIRKHAM HEALTH CENTRE,23183249,902.92 ,,LA000043291
Department of Health,NHS Fylde & Wyre CCG,7/31/2018,C&M-GMS Other Baseline Adjustment,PRC DELEGATED CO-COMMISSIONING,KIRKHAM HEALTH CENTRE,23183249,"13,846.14 ",,LA000043291
Department of Health,NHS Fylde & Wyre CCG,7/31/2018,C&M-GMS Prem Notional Rent,PRC DELEGATED CO-COMMISSIONING,KIRKHAM HEALTH CENTRE,23183249,"3,500.00 ",,LA000043291
Department of Health,NHS Fylde & Wyre CCG,7/31/2018,C&M-GMS Prem Rates,PRC DELEGATED CO-COMMISSIONING,KIRKHAM HEALTH CENTRE,23183249,888.00 ,,LA000043291
Department of Health,NHS Fylde & Wyre CCG,7/31/2018,C&M-GMS Prof Fees Prescribing,PRC DELEGATED CO-COMMISSIONING,KIRKHAM HEALTH CENTRE,23183249,195.50 ,,LA000043291
Department of Health,NHS Fylde & Wyre CCG,7/31/2018,C&M-GMS QOF Aspiration,PRC DELEGATED CO-COMMISSIONING,KIRKHAM HEALTH CENTRE,23183249,"6,470.23 ",,LA000043291
Department of Health,NHS Fylde & Wyre CCG,7/31/2018,C&M-GMS Cost of Drugs -Prescribing,LOCAL ENHANCED SERVICES,LOCKWOOD AVENUE SURGERY,23183251,"1,055.78 ",,LA000043293
Department of Health,NHS Fylde & Wyre CCG,7/31/2018,C&M-GMS DES Minor Surgery,PRC DELEGATED CO-COMMISSIONING,LOCKWOOD AVENUE SURGERY,23183251,"4,657.80 ",,LA000043293
Department of Health,NHS Fylde & Wyre CCG,7/31/2018,C&M-GMS Global Sum,PRC DELEGATED CO-COMMISSIONING,LOCKWOOD AVENUE SURGERY,23183251,"52,647.89 ",,LA000043293
Department of Health,NHS Fylde & Wyre CCG,7/31/2018,C&M-GMS MPIG Correction Factor,PRC DELEGATED CO-COMMISSIONING,LOCKWOOD AVENUE SURGERY,23183251,227.18 ,,LA000043293
Department of Health,NHS Fylde & Wyre CCG,7/31/2018,C&M-GMS Other Addtl Staff Paymts,PRC DELEGATED CO-COMMISSIONING,LOCKWOOD AVENUE SURGERY,23183251,300.67 ,,LA000043293
Department of Health,NHS Fylde & Wyre CCG,7/31/2018,C&M-GMS Other Baseline Adjustment,PRC DELEGATED CO-COMMISSIONING,LOCKWOOD AVENUE SURGERY,23183251,"10,624.46 ",,LA000043293
Department of Health,NHS Fylde & Wyre CCG,7/31/2018,C&M-GMS Prem Healthcentre Rates,PRC DELEGATED CO-COMMISSIONING,LOCKWOOD AVENUE SURGERY,23183251,925.42 ,,LA000043293
Department of Health,NHS Fylde & Wyre CCG,7/31/2018,C&M-GMS Prem Healthcentre Rent,PRC DELEGATED CO-COMMISSIONING,LOCKWOOD AVENUE SURGERY,23183251,"2,052.50 ",,LA000043293
Department of Health,NHS Fylde & Wyre CCG,7/31/2018,C&M-GMS Prof Fees Prescribing,PRC DELEGATED CO-COMMISSIONING,LOCKWOOD AVENUE SURGERY,23183251,165.60 ,,LA000043293
Department of Health,NHS Fylde & Wyre CCG,7/31/2018,C&M-GMS QOF Aspiration,PRC DELEGATED CO-COMMISSIONING,LOCKWOOD AVENUE SURGERY,23183251,"7,064.67 ",,LA000043293
Department of Health,NHS Fylde & Wyre CCG,7/31/2018,C&M-GMS Cost of Drugs -Prescribing,LOCAL ENHANCED SERVICES,MOUNT VIEW PRACTICE,23183253,"2,145.72 ",,LA000043295
Department of Health,NHS Fylde & Wyre CCG,7/31/2018,C&M-GMS DES Extended Hours Access,PRC DELEGATED CO-COMMISSIONING,MOUNT VIEW PRACTICE,23183253,"1,869.00 ",,LA000043295
Department of Health,NHS Fylde & Wyre CCG,7/31/2018,C&M-GMS DES Learn Dsblty Hlth Chk,PRC DELEGATED CO-COMMISSIONING,MOUNT VIEW PRACTICE,23183253,560.00 ,,LA000043295
Department of Health,NHS Fylde & Wyre CCG,7/31/2018,C&M-GMS DES Minor Surgery,PRC DELEGATED CO-COMMISSIONING,MOUNT VIEW PRACTICE,23183253,"7,984.80 ",,LA000043295
Department of Health,NHS Fylde & Wyre CCG,7/31/2018,C&M-GMS Global Sum,PRC DELEGATED CO-COMMISSIONING,MOUNT VIEW PRACTICE,23183253,"93,452.73 ",,LA000043295
Department of Health,NHS Fylde & Wyre CCG,7/31/2018,C&M-GMS Other Baseline Adjustment,PRC DELEGATED CO-COMMISSIONING,MOUNT VIEW PRACTICE,23183253,"14,115.45 ",,LA000043295
Department of Health,NHS Fylde & Wyre CCG,7/31/2018,C&M-GMS PCO Other,PRC DELEGATED CO-COMMISSIONING,MOUNT VIEW PRACTICE,23183253,804.81 ,,LA000043295
Department of Health,NHS Fylde & Wyre CCG,7/31/2018,C&M-GMS Prem Healthcentre Rates,PRC DELEGATED CO-COMMISSIONING,MOUNT VIEW PRACTICE,23183253,107.60 ,,LA000043295
Department of Health,NHS Fylde & Wyre CCG,7/31/2018,C&M-GMS Prem Healthcentre Rent,PRC DELEGATED CO-COMMISSIONING,MOUNT VIEW PRACTICE,23183253,"169,721.75 ",,LA000043295
Department of Health,NHS Fylde & Wyre CCG,7/31/2018,C&M-GMS Prem Rates,PRC DELEGATED CO-COMMISSIONING,MOUNT VIEW PRACTICE,23183253,"3,529.00 ",,LA000043295
Department of Health,NHS Fylde & Wyre CCG,7/31/2018,C&M-GMS Prof Fees Prescribing,PRC DELEGATED CO-COMMISSIONING,MOUNT VIEW PRACTICE,23183253,121.90 ,,LA000043295
Department of Health,NHS Fylde & Wyre CCG,7/31/2018,C&M-GMS QOF Aspiration,PRC DELEGATED CO-COMMISSIONING,MOUNT VIEW PRACTICE,23183253,"13,244.72 ",,LA000043295
Department of Health,NHS Fylde & Wyre CCG,7/31/2018,C&M-GMS Cost of Drugs -Prescribing,LOCAL ENHANCED SERVICES,PARK MEDICAL PRACTICE ST ANNES,23183257,"1,493.96 ",,LA000043299
Department of Health,NHS Fylde & Wyre CCG,7/31/2018,C&M-GMS DES Extended Hours Access,PRC DELEGATED CO-COMMISSIONING,PARK MEDICAL PRACTICE ST ANNES,23183257,"1,036.00 ",,LA000043299
Department of Health,NHS Fylde & Wyre CCG,7/31/2018,C&M-GMS DES Minor Surgery,PRC DELEGATED CO-COMMISSIONING,PARK MEDICAL PRACTICE ST ANNES,23183257,665.40 ,,LA000043299
Department of Health,NHS Fylde & Wyre CCG,7/31/2018,C&M-GMS Global Sum,PRC DELEGATED CO-COMMISSIONING,PARK MEDICAL PRACTICE ST ANNES,23183257,"49,843.48 ",,LA000043299
Department of Health,NHS Fylde & Wyre CCG,7/31/2018,C&M-GMS MPIG Correction Factor,PRC DELEGATED CO-COMMISSIONING,PARK MEDICAL PRACTICE ST ANNES,23183257,329.89 ,,LA000043299
Department of Health,NHS Fylde & Wyre CCG,7/31/2018,C&M-GMS Other Baseline Adjustment,PRC DELEGATED CO-COMMISSIONING,PARK MEDICAL PRACTICE ST ANNES,23183257,"10,736.96 ",,LA000043299
Department of Health,NHS Fylde & Wyre CCG,7/31/2018,C&M-GMS PCO Other,PRC DELEGATED CO-COMMISSIONING,PARK MEDICAL PRACTICE ST ANNES,23183257,470.29 ,,LA000043299
Department of Health,NHS Fylde & Wyre CCG,7/31/2018,C&M-GMS Prof Fees Prescribing,PRC DELEGATED CO-COMMISSIONING,PARK MEDICAL PRACTICE ST ANNES,23183257,138.00 ,,LA000043299
Department of Health,NHS Fylde & Wyre CCG,7/31/2018,C&M-GMS QOF Aspiration,PRC DELEGATED CO-COMMISSIONING,PARK MEDICAL PRACTICE ST ANNES,23183257,"6,955.18 ",,LA000043299
Department of Health,NHS Fylde & Wyre CCG,7/31/2018,C&M-GMS Cost of Drugs -Dispensing,LOCAL ENHANCED SERVICES,OVER WYRE MEDICAL CENTRE,23183258,"(57,584.50)",,LA000043300
Department of Health,NHS Fylde & Wyre CCG,7/31/2018,C&M-GMS GP Statutory Levy,PRC DELEGATED CO-COMMISSIONING,OVER WYRE MEDICAL CENTRE,23183258,(337.97),,LA000043300
Department of Health,NHS Fylde & Wyre CCG,7/31/2018,C&M-GMS PrscChrgsCll&RmttdbyGPCntra,PRC DELEGATED CO-COMMISSIONING,OVER WYRE MEDICAL CENTRE,23183258,"(2,596.00)",,LA000043300
Department of Health,NHS Fylde & Wyre CCG,7/31/2018,C&M-GMS Voluntary Levy,PRC DELEGATED CO-COMMISSIONING,OVER WYRE MEDICAL CENTRE,23183258,(56.11),,LA000043300
Department of Health,NHS Fylde & Wyre CCG,7/31/2018,ME-GMS GP Pension EEs,PRC DELEGATED CO-COMMISSIONING,OVER WYRE MEDICAL CENTRE,23183258,"(5,895.42)",,LA000043300
Department of Health,NHS Fylde & Wyre CCG,7/31/2018,ME-GMS GP Pension ERs Adjustments,PRC DELEGATED CO-COMMISSIONING,OVER WYRE MEDICAL CENTRE,23183258,"(6,147.45)",,LA000043300
Department of Health,NHS Fylde & Wyre CCG,7/31/2018,C&M-GMS Cost of Drugs -Dispensing,LOCAL ENHANCED SERVICES,OVER WYRE MEDICAL CENTRE,23183259,"101,917.91 ",,LA000043301
Department of Health,NHS Fylde & Wyre CCG,7/31/2018,C&M-GMS DES Extended Hours Access,PRC DELEGATED CO-COMMISSIONING,OVER WYRE MEDICAL CENTRE,23183259,"1,777.00 ",,LA000043301
Department of Health,NHS Fylde & Wyre CCG,7/31/2018,C&M-GMS DES Minor Surgery,PRC DELEGATED CO-COMMISSIONING,OVER WYRE MEDICAL CENTRE,23183259,"11,932.84 ",,LA000043301
Department of Health,NHS Fylde & Wyre CCG,7/31/2018,C&M-GMS Global Sum,PRC DELEGATED CO-COMMISSIONING,OVER WYRE MEDICAL CENTRE,23183259,"96,891.29 ",,LA000043301
Department of Health,NHS Fylde & Wyre CCG,7/31/2018,C&M-GMS Other Addtl Staff Paymts,PRC DELEGATED CO-COMMISSIONING,OVER WYRE MEDICAL CENTRE,23183259,563.00 ,,LA000043301
Department of Health,NHS Fylde & Wyre CCG,7/31/2018,C&M-GMS Other Baseline Adjustment,PRC DELEGATED CO-COMMISSIONING,OVER WYRE MEDICAL CENTRE,23183259,"20,654.00 ",,LA000043301
Department of Health,NHS Fylde & Wyre CCG,7/31/2018,C&M-GMS PCO Locum Adop/Pat/Mat,PRC DELEGATED CO-COMMISSIONING,OVER WYRE MEDICAL CENTRE,23183259,"4,000.00 ",,LA000043301
Department of Health,NHS Fylde & Wyre CCG,7/31/2018,C&M-GMS PCO Locum Sickness,PRC DELEGATED CO-COMMISSIONING,OVER WYRE MEDICAL CENTRE,23183259,"7,521.52 ",,LA000043301
Department of Health,NHS Fylde & Wyre CCG,7/31/2018,C&M-GMS PCO Other,PRC DELEGATED CO-COMMISSIONING,OVER WYRE MEDICAL CENTRE,23183259,766.81 ,,LA000043301
Department of Health,NHS Fylde & Wyre CCG,7/31/2018,C&M-GMS Prem Notional Rent,PRC DELEGATED CO-COMMISSIONING,OVER WYRE MEDICAL CENTRE,23183259,"10,540.91 ",,LA000043301
Department of Health,NHS Fylde & Wyre CCG,7/31/2018,C&M-GMS Prem Rates,PRC DELEGATED CO-COMMISSIONING,OVER WYRE MEDICAL CENTRE,23183259,"2,714.00 ",,LA000043301
Department of Health,NHS Fylde & Wyre CCG,7/31/2018,C&M-GMS Prem Water Rates,PRC DELEGATED CO-COMMISSIONING,OVER WYRE MEDICAL CENTRE,23183259,492.60 ,,LA000043301
Department of Health,NHS Fylde & Wyre CCG,7/31/2018,C&M-GMS Prof Fees Dispensing,PRC DELEGATED CO-COMMISSIONING,OVER WYRE MEDICAL CENTRE,23183259,"20,023.47 ",,LA000043301
Department of Health,NHS Fylde & Wyre CCG,7/31/2018,C&M-GMS PrscrptnChrgsColl&RmttdbyGP,LOCAL ENHANCED SERVICES,OVER WYRE MEDICAL CENTRE,23183259,"2,596.00 ",,LA000043301
Department of Health,NHS Fylde & Wyre CCG,7/31/2018,C&M-GMS QOF Aspiration,PRC DELEGATED CO-COMMISSIONING,OVER WYRE MEDICAL CENTRE,23183259,"15,465.83 ",,LA000043301
Department of Health,NHS Fylde & Wyre CCG,7/31/2018,C&M-GMS Cost of Drugs -Prescribing,LOCAL ENHANCED SERVICES,POPLAR HOUSE SURGERY,23183261,"1,217.54 ",,LA000043303
Department of Health,NHS Fylde & Wyre CCG,7/31/2018,C&M-GMS DES Learn Dsblty Hlth Chk,PRC DELEGATED CO-COMMISSIONING,POPLAR HOUSE SURGERY,23183261,"1,400.00 ",,LA000043303
Department of Health,NHS Fylde & Wyre CCG,7/31/2018,C&M-GMS DES Minor Surgery,PRC DELEGATED CO-COMMISSIONING,POPLAR HOUSE SURGERY,23183261,"1,375.16 ",,LA000043303
Department of Health,NHS Fylde & Wyre CCG,7/31/2018,C&M-GMS Global Sum,PRC DELEGATED CO-COMMISSIONING,POPLAR HOUSE SURGERY,23183261,"54,156.70 ",,LA000043303
Department of Health,NHS Fylde & Wyre CCG,7/31/2018,C&M-GMS MPIG Correction Factor,PRC DELEGATED CO-COMMISSIONING,POPLAR HOUSE SURGERY,23183261,"1,737.26 ",,LA000043303
Department of Health,NHS Fylde & Wyre CCG,7/31/2018,C&M-GMS Other Baseline Adjustment,PRC DELEGATED CO-COMMISSIONING,POPLAR HOUSE SURGERY,23183261,"10,994.66 ",,LA000043303
Department of Health,NHS Fylde & Wyre CCG,7/31/2018,C&M-GMS Prem Notional Rent,PRC DELEGATED CO-COMMISSIONING,POPLAR HOUSE SURGERY,23183261,"2,891.67 ",,LA000043303
Department of Health,NHS Fylde & Wyre CCG,7/31/2018,C&M-GMS Prem Rates,PRC DELEGATED CO-COMMISSIONING,POPLAR HOUSE SURGERY,23183261,888.00 ,,LA000043303
Department of Health,NHS Fylde & Wyre CCG,7/31/2018,C&M-GMS Prof Fees Prescribing,PRC DELEGATED CO-COMMISSIONING,POPLAR HOUSE SURGERY,23183261,128.80 ,,LA000043303
Department of Health,NHS Fylde & Wyre CCG,7/31/2018,C&M-GMS QOF Aspiration,PRC DELEGATED CO-COMMISSIONING,POPLAR HOUSE SURGERY,23183261,"7,142.63 ",,LA000043303
Department of Health,NHS Fylde & Wyre CCG,7/31/2018,C&M-GMS Cost of Drugs -Prescribing,LOCAL ENHANCED SERVICES,QUEENSWAY MEDICAL CENTRE POULTON FYLDE,23183263,932.45 ,,LA000043305
Department of Health,NHS Fylde & Wyre CCG,7/31/2018,C&M-GMS DES Minor Surgery,PRC DELEGATED CO-COMMISSIONING,QUEENSWAY MEDICAL CENTRE POULTON FYLDE,23183263,"7,097.60 ",,LA000043305
Department of Health,NHS Fylde & Wyre CCG,7/31/2018,C&M-GMS Global Sum,PRC DELEGATED CO-COMMISSIONING,QUEENSWAY MEDICAL CENTRE POULTON FYLDE,23183263,"65,399.23 ",,LA000043305
Department of Health,NHS Fylde & Wyre CCG,7/31/2018,C&M-GMS MPIG Correction Factor,PRC DELEGATED CO-COMMISSIONING,QUEENSWAY MEDICAL CENTRE POULTON FYLDE,23183263,841.88 ,,LA000043305
Department of Health,NHS Fylde & Wyre CCG,7/31/2018,C&M-GMS Other Addtl Staff Paymts,PRC DELEGATED CO-COMMISSIONING,QUEENSWAY MEDICAL CENTRE POULTON FYLDE,23183263,608.75 ,,LA000043305
Department of Health,NHS Fylde & Wyre CCG,7/31/2018,C&M-GMS Other Baseline Adjustment,PRC DELEGATED CO-COMMISSIONING,QUEENSWAY MEDICAL CENTRE POULTON FYLDE,23183263,"9,770.77 ",,LA000043305
Department of Health,NHS Fylde & Wyre CCG,7/31/2018,C&M-GMS PCO Other,PRC DELEGATED CO-COMMISSIONING,QUEENSWAY MEDICAL CENTRE POULTON FYLDE,23183263,632.19 ,,LA000043305
Department of Health,NHS Fylde & Wyre CCG,7/31/2018,C&M-GMS Prem Notional Rent,PRC DELEGATED CO-COMMISSIONING,QUEENSWAY MEDICAL CENTRE POULTON FYLDE,23183263,"4,308.33 ",,LA000043305
Department of Health,NHS Fylde & Wyre CCG,7/31/2018,C&M-GMS Prem Rates,PRC DELEGATED CO-COMMISSIONING,QUEENSWAY MEDICAL CENTRE POULTON FYLDE,23183263,874.00 ,,LA000043305
Department of Health,NHS Fylde & Wyre CCG,7/31/2018,C&M-GMS Prof Fees Prescribing,PRC DELEGATED CO-COMMISSIONING,QUEENSWAY MEDICAL CENTRE POULTON FYLDE,23183263,227.70 ,,LA000043305
Department of Health,NHS Fylde & Wyre CCG,7/31/2018,C&M-GMS QOF Aspiration,PRC DELEGATED CO-COMMISSIONING,QUEENSWAY MEDICAL CENTRE POULTON FYLDE,23183263,"8,648.54 ",,LA000043305
Department of Health,NHS Fylde & Wyre CCG,7/31/2018,C&M-GMS Cost of Drugs -Prescribing,LOCAL ENHANCED SERVICES,THORNTON PRACTICE,23183265,"3,299.65 ",,LA000043307
Department of Health,NHS Fylde & Wyre CCG,7/31/2018,C&M-GMS DES Learn Dsblty Hlth Chk,PRC DELEGATED CO-COMMISSIONING,THORNTON PRACTICE,23183265,"1,120.00 ",,LA000043307
Department of Health,NHS Fylde & Wyre CCG,7/31/2018,C&M-GMS DES Minor Surgery,PRC DELEGATED CO-COMMISSIONING,THORNTON PRACTICE,23183265,"15,304.20 ",,LA000043307
Department of Health,NHS Fylde & Wyre CCG,7/31/2018,C&M-GMS Global Sum,PRC DELEGATED CO-COMMISSIONING,THORNTON PRACTICE,23183265,"92,330.72 ",,LA000043307
Department of Health,NHS Fylde & Wyre CCG,7/31/2018,C&M-GMS Other Baseline Adjustment,PRC DELEGATED CO-COMMISSIONING,THORNTON PRACTICE,23183265,"13,971.92 ",,LA000043307
Department of Health,NHS Fylde & Wyre CCG,7/31/2018,C&M-GMS Prem Notional Rent,PRC DELEGATED CO-COMMISSIONING,THORNTON PRACTICE,23183265,"18,734.17 ",,LA000043307
Department of Health,NHS Fylde & Wyre CCG,7/31/2018,C&M-GMS Prem Rates,PRC DELEGATED CO-COMMISSIONING,THORNTON PRACTICE,23183265,"3,178.00 ",,LA000043307
Department of Health,NHS Fylde & Wyre CCG,7/31/2018,C&M-GMS Prof Fees Prescribing,PRC DELEGATED CO-COMMISSIONING,THORNTON PRACTICE,23183265,618.70 ,,LA000043307
Department of Health,NHS Fylde & Wyre CCG,7/31/2018,C&M-GMS QOF Aspiration,PRC DELEGATED CO-COMMISSIONING,THORNTON PRACTICE,23183265,"11,197.47 ",,LA000043307
Department of Health,NHS Fylde & Wyre CCG,7/31/2018,C&M-PMS Baseline Adjustment,PRC DELEGATED CO-COMMISSIONING,VILLAGE PRACTICE BLACKPOOL,23183267,"10,098.25 ",,LA000043309
Department of Health,NHS Fylde & Wyre CCG,7/31/2018,C&M-PMS Contract Value,PRC DELEGATED CO-COMMISSIONING,VILLAGE PRACTICE BLACKPOOL,23183267,"68,564.50 ",,LA000043309
Department of Health,NHS Fylde & Wyre CCG,7/31/2018,C&M-PMS Cost of Drugs -Prescribing,LOCAL ENHANCED SERVICES,VILLAGE PRACTICE BLACKPOOL,23183267,"2,045.13 ",,LA000043309
Department of Health,NHS Fylde & Wyre CCG,7/31/2018,C&M-PMS DES Extended Hours Access,PRC DELEGATED CO-COMMISSIONING,VILLAGE PRACTICE BLACKPOOL,23183267,"1,409.00 ",,LA000043309
Department of Health,NHS Fylde & Wyre CCG,7/31/2018,C&M-PMS DES Minor Surgery,PRC DELEGATED CO-COMMISSIONING,VILLAGE PRACTICE BLACKPOOL,23183267,"6,698.36 ",,LA000043309
Department of Health,NHS Fylde & Wyre CCG,7/31/2018,C&M-PMS PCO Other,PRC DELEGATED CO-COMMISSIONING,VILLAGE PRACTICE BLACKPOOL,23183267,619.49 ,,LA000043309
Department of Health,NHS Fylde & Wyre CCG,7/31/2018,C&M-PMS Prof fees Prescribing,PRC DELEGATED CO-COMMISSIONING,VILLAGE PRACTICE BLACKPOOL,23183267,322.00 ,,LA000043309
Department of Health,NHS Fylde & Wyre CCG,7/31/2018,C&M-PMS QOF Aspiration,PRC DELEGATED CO-COMMISSIONING,VILLAGE PRACTICE BLACKPOOL,23183267,"9,132.79 ",,LA000043309
Department of Health,NHS Fylde & Wyre CCG,7/31/2018,C&M-GMS Cost of Drugs -Prescribing,LOCAL ENHANCED SERVICES,WEST VIEW HEALTH VILLAGE,23183269,"1,581.41 ",,LA000043311
Department of Health,NHS Fylde & Wyre CCG,7/31/2018,C&M-GMS DES Minor Surgery,PRC DELEGATED CO-COMMISSIONING,WEST VIEW HEALTH VILLAGE,23183269,"4,702.16 ",,LA000043311
Department of Health,NHS Fylde & Wyre CCG,7/31/2018,C&M-GMS Global Sum,PRC DELEGATED CO-COMMISSIONING,WEST VIEW HEALTH VILLAGE,23183269,"45,120.16 ",,LA000043311
Department of Health,NHS Fylde & Wyre CCG,7/31/2018,C&M-GMS MPIG Correction Factor,PRC DELEGATED CO-COMMISSIONING,WEST VIEW HEALTH VILLAGE,23183269,655.15 ,,LA000043311
Department of Health,NHS Fylde & Wyre CCG,7/31/2018,C&M-GMS Other Addtl Staff Paymts,PRC DELEGATED CO-COMMISSIONING,WEST VIEW HEALTH VILLAGE,23183269,872.42 ,,LA000043311
Department of Health,NHS Fylde & Wyre CCG,7/31/2018,C&M-GMS Other Baseline Adjustment,PRC DELEGATED CO-COMMISSIONING,WEST VIEW HEALTH VILLAGE,23183269,"10,908.00 ",,LA000043311
Department of Health,NHS Fylde & Wyre CCG,7/31/2018,C&M-GMS Prem Rates,PRC DELEGATED CO-COMMISSIONING,WEST VIEW HEALTH VILLAGE,23183269,598.00 ,,LA000043311
Department of Health,NHS Fylde & Wyre CCG,7/31/2018,C&M-GMS Prof Fees Prescribing,PRC DELEGATED CO-COMMISSIONING,WEST VIEW HEALTH VILLAGE,23183269,276.00 ,,LA000043311
Department of Health,NHS Fylde & Wyre CCG,7/31/2018,C&M-GMS QOF Aspiration,PRC DELEGATED CO-COMMISSIONING,WEST VIEW HEALTH VILLAGE,23183269,"5,514.80 ",,LA000043311
Department of Health,NHS Fylde & Wyre CCG,7/31/2018,ME - GMS GP Prior Year ERs,PRC DELEGATED CO-COMMISSIONING,WEST VIEW HEALTH VILLAGE,23183269,"2,415.00 ",,LA000043311
Department of Health,NHS Fylde & Wyre CCG,7/31/2018,ME-GMS GP Pension EEs Adjustments,PRC DELEGATED CO-COMMISSIONING,WEST VIEW HEALTH VILLAGE,23183269,"2,268.00 ",,LA000043311
Department of Health,NHS Fylde & Wyre CCG,7/31/2018,ME-GMS GP Pension ERs Adjustments,PRC DELEGATED CO-COMMISSIONING,WEST VIEW HEALTH VILLAGE,23183269,"2,415.00 ",,LA000043311
Department of Health,NHS Fylde & Wyre CCG,7/31/2018,ME-GMS GP Prior Year EEs,PRC DELEGATED CO-COMMISSIONING,WEST VIEW HEALTH VILLAGE,23183269,"2,268.00 ",,LA000043311
Department of Health,NHS Fylde & Wyre CCG,7/31/2018,C&M-GMS Cost of Drugs -Dispensing,LOCAL ENHANCED SERVICES,WINDSOR ROAD SURGERY,23183270,"(109,077.82)",,LA000043312
Department of Health,NHS Fylde & Wyre CCG,7/31/2018,C&M-GMS GP Statutory Levy,PRC DELEGATED CO-COMMISSIONING,WINDSOR ROAD SURGERY,23183270,(553.21),,LA000043312
Department of Health,NHS Fylde & Wyre CCG,7/31/2018,C&M-GMS PrscChrgsCll&RmttdbyGPCntra,PRC DELEGATED CO-COMMISSIONING,WINDSOR ROAD SURGERY,23183270,"(7,453.60)",,LA000043312
Department of Health,NHS Fylde & Wyre CCG,7/31/2018,C&M-GMS Voluntary Levy,PRC DELEGATED CO-COMMISSIONING,WINDSOR ROAD SURGERY,23183270,(91.85),,LA000043312
Department of Health,NHS Fylde & Wyre CCG,7/31/2018,ME-GMS GP Pension EEs,PRC DELEGATED CO-COMMISSIONING,WINDSOR ROAD SURGERY,23183270,"(10,431.39)",,LA000043312
Department of Health,NHS Fylde & Wyre CCG,7/31/2018,ME-GMS GP Pension ERs Adjustments,PRC DELEGATED CO-COMMISSIONING,WINDSOR ROAD SURGERY,23183270,"(11,114.56)",,LA000043312
Department of Health,NHS Fylde & Wyre CCG,7/31/2018,C&M-GMS GP Statutory Levy,PRC DELEGATED CO-COMMISSIONING,HOLLAND HOUSE SURGERY,23183271,(330.17),,LA000043314
Department of Health,NHS Fylde & Wyre CCG,7/31/2018,C&M-GMS Voluntary Levy,PRC DELEGATED CO-COMMISSIONING,HOLLAND HOUSE SURGERY,23183271,(54.82),,LA000043314
Department of Health,NHS Fylde & Wyre CCG,7/31/2018,ME - GMS GP Prior Year ERs,PRC DELEGATED CO-COMMISSIONING,HOLLAND HOUSE SURGERY,23183271,"(6,484.64)",,LA000043314
Department of Health,NHS Fylde & Wyre CCG,7/31/2018,ME-GMS GP Pension EEs,PRC DELEGATED CO-COMMISSIONING,HOLLAND HOUSE SURGERY,23183271,"(9,463.55)",,LA000043314
Department of Health,NHS Fylde & Wyre CCG,7/31/2018,ME-GMS GP Pension ERs Adjustments,PRC DELEGATED CO-COMMISSIONING,HOLLAND HOUSE SURGERY,23183271,"(9,832.34)",,LA000043314
Department of Health,NHS Fylde & Wyre CCG,7/31/2018,ME-GMS GP Prior Year EEs,PRC DELEGATED CO-COMMISSIONING,HOLLAND HOUSE SURGERY,23183271,"(4,225.37)",,LA000043314
Department of Health,NHS Fylde & Wyre CCG,7/31/2018,C&M-GMS Cost of Drugs -Prescribing,LOCAL ENHANCED SERVICES,HOLLAND HOUSE SURGERY,23183272,"2,246.80 ",,LA000043315
Department of Health,NHS Fylde & Wyre CCG,7/31/2018,C&M-GMS DES Minor Surgery,PRC DELEGATED CO-COMMISSIONING,HOLLAND HOUSE SURGERY,23183272,"3,149.56 ",,LA000043315
Department of Health,NHS Fylde & Wyre CCG,7/31/2018,C&M-GMS Global Sum,PRC DELEGATED CO-COMMISSIONING,HOLLAND HOUSE SURGERY,23183272,"87,095.26 ",,LA000043315
Department of Health,NHS Fylde & Wyre CCG,7/31/2018,C&M-GMS Other Addtl Staff Paymts,PRC DELEGATED CO-COMMISSIONING,HOLLAND HOUSE SURGERY,23183272,451.17 ,,LA000043315
Department of Health,NHS Fylde & Wyre CCG,7/31/2018,C&M-GMS Other Baseline Adjustment,PRC DELEGATED CO-COMMISSIONING,HOLLAND HOUSE SURGERY,23183272,"13,041.17 ",,LA000043315
Department of Health,NHS Fylde & Wyre CCG,7/31/2018,C&M-GMS Prem Service Charges,PRC DELEGATED CO-COMMISSIONING,HOLLAND HOUSE SURGERY,23183272,"1,819.00 ",,LA000043315
Department of Health,NHS Fylde & Wyre CCG,7/31/2018,C&M-GMS Prof Fees Prescribing,PRC DELEGATED CO-COMMISSIONING,HOLLAND HOUSE SURGERY,23183272,202.40 ,,LA000043315
Department of Health,NHS Fylde & Wyre CCG,7/31/2018,C&M-GMS QOF Aspiration,PRC DELEGATED CO-COMMISSIONING,HOLLAND HOUSE SURGERY,23183272,"12,222.94 ",,LA000043315
Department of Health,NHS Fylde & Wyre CCG,7/31/2018,C&M-GMS Cost of Drugs -Dispensing,LOCAL ENHANCED SERVICES,WINDSOR ROAD SURGERY,23204988,"231,599.13 ",,LA000043313
Department of Health,NHS Fylde & Wyre CCG,7/31/2018,C&M-GMS Global Sum,PRC DELEGATED CO-COMMISSIONING,WINDSOR ROAD SURGERY,23204988,"150,243.93 ",,LA000043313
Department of Health,NHS Fylde & Wyre CCG,7/31/2018,C&M-GMS Other Addtl Staff Paymts,PRC DELEGATED CO-COMMISSIONING,WINDSOR ROAD SURGERY,23204988,"6,006.42 ",,LA000043313
Department of Health,NHS Fylde & Wyre CCG,7/31/2018,C&M-GMS Prem Rates,PRC DELEGATED CO-COMMISSIONING,WINDSOR ROAD SURGERY,23204988,"10,841.00 ",,LA000043313
Department of Health,NHS Fylde & Wyre CCG,7/31/2018,C&M-GMS Prof Fees Dispensing,PRC DELEGATED CO-COMMISSIONING,WINDSOR ROAD SURGERY,23204988,"37,783.74 ",,LA000043313
Department of Health,NHS Fylde & Wyre CCG,7/31/2018,C&M-GMS PrscrptnChrgsColl&RmttdbyGP,LOCAL ENHANCED SERVICES,WINDSOR ROAD SURGERY,23204988,"7,453.60 ",,LA000043313
Department of Health,NHS Fylde & Wyre CCG,7/31/2018,C&M-GMS QOF Aspiration,PRC DELEGATED CO-COMMISSIONING,WINDSOR ROAD SURGERY,23204988,"15,612.59 ",,LA000043313
Department of Health,NHS Fylde & Wyre CCG,7/31/2018,ME - GMS GP Prior Year ERs,PRC DELEGATED CO-COMMISSIONING,WINDSOR ROAD SURGERY,23204988,"6,063.58 ",,LA000043313
Department of Health,NHS Fylde & Wyre CCG,7/31/2018,ME-GMS GP Pension EEs Adjustments,PRC DELEGATED CO-COMMISSIONING,WINDSOR ROAD SURGERY,23204988,"2,803.34 ",,LA000043313
Department of Health,NHS Fylde & Wyre CCG,7/31/2018,ME-GMS GP Pension ERs Adjustments,PRC DELEGATED CO-COMMISSIONING,WINDSOR ROAD SURGERY,23204988,"2,780.14 ",,LA000043313
Department of Health,NHS Fylde & Wyre CCG,7/31/2018,ME-GMS GP Prior Year EEs,PRC DELEGATED CO-COMMISSIONING,WINDSOR ROAD SURGERY,23204988,"6,114.18 ",,LA000043313
Department of Health,NHS Fylde & Wyre CCG,7/31/2018,Cont Care- Prior Year Payments,CHC ADULT FULLY FUNDED,BELSFIELD CARE,23212404,"37,989.51 ",,BH00591010A
Department of Health,NHS Fylde & Wyre CCG,7/31/2018,Hcare Srv Rec NHS Trust-Contract Baseline,AMBULANCE SERVICES,NORTH WEST AMBULANCE SERVICE NHS TRUST,23212427,"29,167.00 ",654435138,4110038950
Department of Health,NHS Fylde & Wyre CCG,7/31/2018,Hcare Srv Rec Fdtn Trust-Contract Baseline,MENTAL HEALTH SERVICES - ADULTS,LANCASHIRE CARE NHS FOUNDATION TRUST,23212442,"1,380,950.00 ",654923319,I0059476
Department of Health,NHS Fylde & Wyre CCG,7/31/2018,Hcare Srv Rec Fdtn Trust-Contract Variation,COMMUNITY SERVICES,BLACKPOOL TEACHING HOSPITALS NHS FOUNDATION TRUST,23212445,"45,885.97 ",GB654430839,1110039318
Department of Health,NHS Fylde & Wyre CCG,7/31/2018,Hcare Srv Rec Fdtn Trust-Contract Baseline,ACUTE COMMISSIONING,BLACKPOOL TEACHING HOSPITALS NHS FOUNDATION TRUST,23212447,"8,901,000.00 ",GB654430839,1110039353
Department of Health,NHS Fylde & Wyre CCG,7/31/2018,Hcare Srv Rec Fdtn Trust-Contract Baseline,ACUTE COMMISSIONING,MANCHESTER UNIVERSITY NHS FOUNDATION TRUST,23212454,"100,951.91 ",654415538,0000403177
Department of Health,NHS Fylde & Wyre CCG,7/31/2018,Clinical&Medical-Othe Public Sector,COMMUNITY SERVICES,LANCASHIRE COUNTY COUNCIL,23219087,"941,468.26 ",,5200169599
Department of Health,NHS Fylde & Wyre CCG,7/31/2018,Clinical&Medical-Othe Public Sector,SAFEGUARDING,LANCASHIRE COUNTY COUNCIL,23255007,"33,164.00 ",,5100565597
,,,,,,,,,
