A3131 - Expenditure Over Threshold,,,,,,,,,
Department family,Entity,Date,Expense Type,Expense area,Supplier,Transaction number,AP Amount (�),VAT registration number,Purchase invoice number
Department of Health,NHS Fylde & Wyre CCG,8/31/2018,Clinical&Medical-Voluntary Sector,HOSPICES,TRINITY HOSPICE & PALLIATIVE CARE SERVICES,23349105,"600,423.50 ",,504
Department of Health,NHS Fylde & Wyre CCG,8/31/2018,Clinical&Medical-Independent Sector,ACUTE COMMISSIONING,FULWOOD HALL HOSPITAL,23349120,"149,553.50 ",,130KMAUG18FYL
Department of Health,NHS Fylde & Wyre CCG,8/31/2018,Hcare Srv Rec Fdtn Trust-Contract Baseline,COMMUNITY SERVICES,LANCASHIRE CARE NHS FOUNDATION TRUST,23349150,"42,385.00 ",654923319,I0059465
Department of Health,NHS Fylde & Wyre CCG,8/31/2018,Clinical&Medical-Independent Sector,ACUTE COMMISSIONING,FULWOOD HALL HOSPITAL,23349161,"(54,528.74)",,132KMAPR18FYL
Department of Health,NHS Fylde & Wyre CCG,8/31/2018,Hcare Srv Rec NHS Trust-Contract Baseline,ACUTE COMMISSIONING,EAST LANCASHIRE HOSPITALS NHS TRUST,23349179,"48,484.41 ",,E0092495
Department of Health,NHS Fylde & Wyre CCG,8/31/2018,Hcare Srv Rec Fdtn Trust-Contract Baseline,ACUTE COMMISSIONING,UNIVERSITY HOSPITALS OF MORECAMBE BAY NHS FOUNDATION TRUST,23349185,"125,094.00 ",,1000005614
Department of Health,NHS Fylde & Wyre CCG,8/31/2018,Hcare Srv Rec Fdtn Trust-Contract Baseline,ACUTE COMMISSIONING,UNIVERSITY HOSPITALS OF MORECAMBE BAY NHS FOUNDATION TRUST,23349190,"(106,994.00)",,1000005633
Department of Health,NHS Fylde & Wyre CCG,8/31/2018,Clinical&Medical-Independent Sector,COMMUNITY SERVICES,SPECSAVERS HEARCARE LTD,23349375,"54,769.00 ",913158146,21470251
Department of Health,NHS Fylde & Wyre CCG,8/31/2018,Hcare Srv Rec Fdtn Trust-Contract Baseline,ACUTE COMMISSIONING,LANCASHIRE TEACHING HOSPITALS NHS FOUNDATION TRUST,23349413,"1,520,582.00 ",,15316427
Department of Health,NHS Fylde & Wyre CCG,8/31/2018,Hcare Srv Rec Fdtn Trust-Contract Baseline,ACUTE COMMISSIONING,MANCHESTER UNIVERSITY NHS FOUNDATION TRUST,23349418,"100,951.92 ",654415538,0000406228
Department of Health,NHS Fylde & Wyre CCG,8/31/2018,Clinical&Medical-Voluntary Sector,HOSPICES,TRINITY HOSPICE & PALLIATIVE CARE SERVICES,23349463,"(600,423.50)",,541
Department of Health,NHS Fylde & Wyre CCG,8/31/2018,Clinical&Medical-Independent Sector,ACUTE COMMISSIONING,SPIRE HEALTHCARE LTD,23349526,"308,580.00 ",915970991,02MFYCPF181905
Department of Health,NHS Fylde & Wyre CCG,8/31/2018,Hcare Srv Rec NHS Trust-Contract Baseline,AMBULANCE SERVICES,NORTH WEST AMBULANCE SERVICE NHS TRUST,23349576,"482,160.00 ",654435138,4110039609
Department of Health,NHS Fylde & Wyre CCG,8/31/2018,Hcare Srv Rec NHS Trust-Contract Baseline,AMBULANCE SERVICES,NORTH WEST AMBULANCE SERVICE NHS TRUST,23349579,"99,287.00 ",654435138,4110039667
Department of Health,NHS Fylde & Wyre CCG,8/31/2018,Hcare Srv Rec NHS Trust-Contract Baseline,NHS 111,NORTH WEST AMBULANCE SERVICE NHS TRUST,23349602,"59,397.00 ",654435138,4110039547
Department of Health,NHS Fylde & Wyre CCG,8/31/2018,Hcare Srv Rec Fdtn Trust-Contract Baseline,ACUTE COMMISSIONING,WRIGHTINGTON WIGAN & LEIGH NHS FOUNDATION TRUST,23349731,"153,495.00 ",GB654951509,55579980
Department of Health,NHS Fylde & Wyre CCG,8/31/2018,Hcare Srv Rec Fdtn Trust-Non Contract,MENTAL HEALTH SERVICES - ADULTS,LANCASHIRE CARE NHS FOUNDATION TRUST,23379606,"25,740.00 ",654923319,I0059801
Department of Health,NHS Fylde & Wyre CCG,8/31/2018,Clinical&Medical-Voluntary Sector,ACUTE COMMISSIONING,BRITISH RED CROSS SOCIETY,23379642,"38,000.00 ",GB706926227,650107782
Department of Health,NHS Fylde & Wyre CCG,8/31/2018,Clinical&Medical-Clinical Other,PRIMARY CARE DEVELOPMENT,FCMS(NW) LTD,23387346,"417,816.67 ",218180129,00272
Department of Health,NHS Fylde & Wyre CCG,8/31/2018,Income tax <1Yr,BALANCE SHEET,HMRC,23400192,"46,683.40 ",,475PR004453361904
Department of Health,NHS Fylde & Wyre CCG,8/31/2018,Income tax <1Yr-Student Loans,BALANCE SHEET,HMRC,23400192,251.00 ,,475PR004453361904
Department of Health,NHS Fylde & Wyre CCG,8/31/2018,National Insurance < 1 yr-NI- ERS,BALANCE SHEET,HMRC,23400192,"28,352.03 ",,475PR004453361904
Department of Health,NHS Fylde & Wyre CCG,8/31/2018,National Insurance < 1 yr-NI-EES,BALANCE SHEET,HMRC,23400192,"20,555.81 ",,475PR004453361904
Department of Health,NHS Fylde & Wyre CCG,8/31/2018,Statutory Mat Pay < 1 yr,BALANCE SHEET,HMRC,23400192,(534.28),,475PR004453361904
Department of Health,NHS Fylde & Wyre CCG,8/31/2018,Clinical&Medical-Independent Sector,COMMUNITY SERVICES,MEDEQUIP ASSISTIVE TECHNOLOGY LTD,23466474,"101,904.88 ",218788662,42559
Department of Health,NHS Fylde & Wyre CCG,8/31/2018,Hcare Srv Rec Fdtn Trust-Non Contract,MENTAL HEALTH SERVICES - ADULTS,LANCASHIRE CARE NHS FOUNDATION TRUST,23481336,"40,862.50 ",654923319,I0054339
Department of Health,NHS Fylde & Wyre CCG,8/31/2018,Clinical&Medical-Clinical Other,GP FORWARD VIEW,FCMS(NW) LTD,23517339,"77,750.00 ",218180129,00476
Department of Health,NHS Fylde & Wyre CCG,8/31/2018,Clinical&Medical-Clinical Other,PRIMARY CARE DEVELOPMENT,FCMS(NW) LTD,23517339,"340,066.67 ",218180129,00476
Department of Health,NHS Fylde & Wyre CCG,8/31/2018,Hcare Srv Rec Fdtn Trust-Contract Baseline,ACUTE COMMISSIONING,LANCASHIRE TEACHING HOSPITALS NHS FOUNDATION TRUST,23561344,"702,874.91 ",,15315562
Department of Health,NHS Fylde & Wyre CCG,8/31/2018,Hcare Srv Rec NHS Trust-Contract Baseline,AMBULANCE SERVICES,NORTH WEST AMBULANCE SERVICE NHS TRUST,23561351,"138,410.00 ",654435138,4110038948
Department of Health,NHS Fylde & Wyre CCG,8/31/2018,Hcare Srv Rec NHS Trust-Contract Baseline,ACUTE COMMISSIONING,ROYAL LIVERPOOL AND BROADGREEN UNIVERSITY HOSPITALS NHS TRUST,23561358,"25,453.00 ",654966000,8610084521
Department of Health,NHS Fylde & Wyre CCG,8/31/2018,Clinical&Medical-Independent Sector,ACUTE COMMISSIONING,SPIRE HEALTHCARE LTD,23561368,"164,462.73 ",915970991,02MFYCREC181902
Department of Health,NHS Fylde & Wyre CCG,8/31/2018,Hcare Srv Rec Fdtn Trust-Contract Baseline,ACUTE COMMISSIONING,LANCASHIRE TEACHING HOSPITALS NHS FOUNDATION TRUST,23561376,"1,980,855.00 ",,15316411
Department of Health,NHS Fylde & Wyre CCG,8/31/2018,Hcare Srv Rec Fdtn Trust-Contract Baseline,ACUTE COMMISSIONING,LANCASHIRE TEACHING HOSPITALS NHS FOUNDATION TRUST,23561430,"53,752.00 ",,15316802
Department of Health,NHS Fylde & Wyre CCG,8/31/2018,Hcare Srv Rec NHS Trust-Contract Baseline,AMBULANCE SERVICES,NORTH WEST AMBULANCE SERVICE NHS TRUST,23561432,"62,491.00 ",654435138,4110039733
Department of Health,NHS Fylde & Wyre CCG,8/31/2018,Charges from CSU,CLINICAL GOVERNANCE,NHS MIDLANDS AND LANCASHIRE CSU,23561439,"22,815.38 ",GB 654442045,7312310955
Department of Health,NHS Fylde & Wyre CCG,8/31/2018,Charges from CSU,COMMISSIONING - NON ACUTE,NHS MIDLANDS AND LANCASHIRE CSU,23561439,"7,420.87 ",GB 654442045,7312310955
Department of Health,NHS Fylde & Wyre CCG,8/31/2018,Charges from CSU,CONTINUING HEALTHCARE ASSESSMENT & SUPPORT,NHS MIDLANDS AND LANCASHIRE CSU,23561439,"44,877.55 ",GB 654442045,7312310955
Department of Health,NHS Fylde & Wyre CCG,8/31/2018,Charges from CSU,CONTRACT MANAGEMENT,NHS MIDLANDS AND LANCASHIRE CSU,23561439,"40,615.83 ",GB 654442045,7312310955
Department of Health,NHS Fylde & Wyre CCG,8/31/2018,Charges from CSU,FINANCE,NHS MIDLANDS AND LANCASHIRE CSU,23561439,"15,921.46 ",GB 654442045,7312310955
Department of Health,NHS Fylde & Wyre CCG,8/31/2018,Charges from CSU,MEDICINES MANAGEMENT - CLINICAL,NHS MIDLANDS AND LANCASHIRE CSU,23561439,"16,114.45 ",GB 654442045,7312310955
Department of Health,NHS Fylde & Wyre CCG,8/31/2018,Hcare Srv Rec NHS Trust-Contract Baseline,NHS 111,NORTH WEST AMBULANCE SERVICE NHS TRUST,23561442,"(26,217.00)",654435138,2123
Department of Health,NHS Fylde & Wyre CCG,8/31/2018,Hcare Srv Rec NHS Trust-Contract Baseline,NHS 111,NORTH WEST AMBULANCE SERVICE NHS TRUST,23561445,"(30,249.00)",654435138,2143
Department of Health,NHS Fylde & Wyre CCG,8/31/2018,Hcare Srv Rec NHS Trust-Contract Baseline,NHS 111,NORTH WEST AMBULANCE SERVICE NHS TRUST,23561451,"(27,472.00)",654435138,2134
Department of Health,NHS Fylde & Wyre CCG,8/31/2018,Hcare Srv Rec Fdtn Trust-Contract Baseline,MENTAL HEALTH SERVICES - ADULTS,LANCASHIRE CARE NHS FOUNDATION TRUST,23561455,"1,380,950.00 ",654923319,I0060152
Department of Health,NHS Fylde & Wyre CCG,8/31/2018,Clinical&Medical-Independent Sector,ACUTE COMMISSIONING,FULWOOD HALL HOSPITAL,23561457,"(53,009.86)",,133KMMAY18FYL
Department of Health,NHS Fylde & Wyre CCG,8/31/2018,C&M-GMS Cost of Drugs -Prescribing,LOCAL ENHANCED SERVICES,BEECHWOOD SURGERY,23628554,"2,263.09 ",,LA000043824
Department of Health,NHS Fylde & Wyre CCG,8/31/2018,C&M-GMS DES Extended Hours Access,PRC DELEGATED CO-COMMISSIONING,BEECHWOOD SURGERY,23628554,388.00 ,,LA000043824
Department of Health,NHS Fylde & Wyre CCG,8/31/2018,C&M-GMS Global Sum,PRC DELEGATED CO-COMMISSIONING,BEECHWOOD SURGERY,23628554,"19,460.15 ",,LA000043824
Department of Health,NHS Fylde & Wyre CCG,8/31/2018,C&M-GMS MPIG Correction Factor,PRC DELEGATED CO-COMMISSIONING,BEECHWOOD SURGERY,23628554,38.06 ,,LA000043824
Department of Health,NHS Fylde & Wyre CCG,8/31/2018,C&M-GMS Other Baseline Adjustment,PRC DELEGATED CO-COMMISSIONING,BEECHWOOD SURGERY,23628554,"2,966.11 ",,LA000043824
Department of Health,NHS Fylde & Wyre CCG,8/31/2018,C&M-GMS Prem Notional Rent,PRC DELEGATED CO-COMMISSIONING,BEECHWOOD SURGERY,23628554,"1,512.50 ",,LA000043824
Department of Health,NHS Fylde & Wyre CCG,8/31/2018,C&M-GMS Prem Rates,PRC DELEGATED CO-COMMISSIONING,BEECHWOOD SURGERY,23628554,"5,539.54 ",,LA000043824
Department of Health,NHS Fylde & Wyre CCG,8/31/2018,C&M-GMS Prof Fees Prescribing,PRC DELEGATED CO-COMMISSIONING,BEECHWOOD SURGERY,23628554,170.20 ,,LA000043824
Department of Health,NHS Fylde & Wyre CCG,8/31/2018,C&M-GMS QOF Aspiration,PRC DELEGATED CO-COMMISSIONING,BEECHWOOD SURGERY,23628554,"2,208.26 ",,LA000043824
Department of Health,NHS Fylde & Wyre CCG,8/31/2018,C&M-GMS Cost of Drugs -Prescribing,LOCAL ENHANCED SERVICES,ANSDELL MEDICAL CENTRE,23628555,"2,554.88 ",,LA000043826
Department of Health,NHS Fylde & Wyre CCG,8/31/2018,C&M-GMS Global Sum,PRC DELEGATED CO-COMMISSIONING,ANSDELL MEDICAL CENTRE,23628555,"71,757.96 ",,LA000043826
Department of Health,NHS Fylde & Wyre CCG,8/31/2018,C&M-GMS Other Addtl Staff Paymts,PRC DELEGATED CO-COMMISSIONING,ANSDELL MEDICAL CENTRE,23628555,149.42 ,,LA000043826
Department of Health,NHS Fylde & Wyre CCG,8/31/2018,C&M-GMS Other Baseline Adjustment,PRC DELEGATED CO-COMMISSIONING,ANSDELL MEDICAL CENTRE,23628555,"11,462.24 ",,LA000043826
Department of Health,NHS Fylde & Wyre CCG,8/31/2018,C&M-GMS PCO Locum Adop/Pat/Mat,PRC DELEGATED CO-COMMISSIONING,ANSDELL MEDICAL CENTRE,23628555,"8,644.02 ",,LA000043826
Department of Health,NHS Fylde & Wyre CCG,8/31/2018,C&M-GMS Prem Actual Rent,PRC DELEGATED CO-COMMISSIONING,ANSDELL MEDICAL CENTRE,23628555,"29,122.50 ",,LA000043826
Department of Health,NHS Fylde & Wyre CCG,8/31/2018,C&M-GMS Prof Fees Prescribing,PRC DELEGATED CO-COMMISSIONING,ANSDELL MEDICAL CENTRE,23628555,200.10 ,,LA000043826
Department of Health,NHS Fylde & Wyre CCG,8/31/2018,C&M-GMS QOF Aspiration,PRC DELEGATED CO-COMMISSIONING,ANSDELL MEDICAL CENTRE,23628555,"9,777.97 ",,LA000043826
Department of Health,NHS Fylde & Wyre CCG,8/31/2018,C&M-GMS Cost of Drugs -Prescribing,LOCAL ENHANCED SERVICES,ASH TREE HOUSE SURGERY,23628557,"1,012.76 ",,LA000043828
Department of Health,NHS Fylde & Wyre CCG,8/31/2018,C&M-GMS DES Extended Hours Access,PRC DELEGATED CO-COMMISSIONING,ASH TREE HOUSE SURGERY,23628557,"1,711.00 ",,LA000043828
Department of Health,NHS Fylde & Wyre CCG,8/31/2018,C&M-GMS DES Learn Dsblty Hlth Chk,PRC DELEGATED CO-COMMISSIONING,ASH TREE HOUSE SURGERY,23628557,840.00 ,,LA000043828
Department of Health,NHS Fylde & Wyre CCG,8/31/2018,C&M-GMS Global Sum,PRC DELEGATED CO-COMMISSIONING,ASH TREE HOUSE SURGERY,23628557,"81,061.75 ",,LA000043828
Department of Health,NHS Fylde & Wyre CCG,8/31/2018,C&M-GMS MPIG Correction Factor,PRC DELEGATED CO-COMMISSIONING,ASH TREE HOUSE SURGERY,23628557,"2,132.47 ",,LA000043828
Department of Health,NHS Fylde & Wyre CCG,8/31/2018,C&M-GMS Other Addtl Staff Paymts,PRC DELEGATED CO-COMMISSIONING,ASH TREE HOUSE SURGERY,23628557,"1,368.42 ",,LA000043828
Department of Health,NHS Fylde & Wyre CCG,8/31/2018,C&M-GMS Other Baseline Adjustment,PRC DELEGATED CO-COMMISSIONING,ASH TREE HOUSE SURGERY,23628557,"15,655.73 ",,LA000043828
Department of Health,NHS Fylde & Wyre CCG,8/31/2018,C&M-GMS PCO Other,PRC DELEGATED CO-COMMISSIONING,ASH TREE HOUSE SURGERY,23628557,739.15 ,,LA000043828
Department of Health,NHS Fylde & Wyre CCG,8/31/2018,C&M-GMS Prem Notional Rent,PRC DELEGATED CO-COMMISSIONING,ASH TREE HOUSE SURGERY,23628557,"6,128.33 ",,LA000043828
Department of Health,NHS Fylde & Wyre CCG,8/31/2018,C&M-GMS Prem Rates,PRC DELEGATED CO-COMMISSIONING,ASH TREE HOUSE SURGERY,23628557,"5,650.00 ",,LA000043828
Department of Health,NHS Fylde & Wyre CCG,8/31/2018,C&M-GMS Prem Water Rates,PRC DELEGATED CO-COMMISSIONING,ASH TREE HOUSE SURGERY,23628557,"1,310.78 ",,LA000043828
Department of Health,NHS Fylde & Wyre CCG,8/31/2018,C&M-GMS Prof Fees Prescribing,PRC DELEGATED CO-COMMISSIONING,ASH TREE HOUSE SURGERY,23628557,370.30 ,,LA000043828
Department of Health,NHS Fylde & Wyre CCG,8/31/2018,C&M-GMS QOF Aspiration,PRC DELEGATED CO-COMMISSIONING,ASH TREE HOUSE SURGERY,23628557,"9,139.00 ",,LA000043828
Department of Health,NHS Fylde & Wyre CCG,8/31/2018,C&M-GMS Cost of Drugs -Prescribing,LOCAL ENHANCED SERVICES,BROADWAY MEDICAL CENTRE,23628559,"4,001.85 ",,LA000043830
Department of Health,NHS Fylde & Wyre CCG,8/31/2018,C&M-GMS DES Extended Hours Access,PRC DELEGATED CO-COMMISSIONING,BROADWAY MEDICAL CENTRE,23628559,"1,625.00 ",,LA000043830
Department of Health,NHS Fylde & Wyre CCG,8/31/2018,C&M-GMS Global Sum,PRC DELEGATED CO-COMMISSIONING,BROADWAY MEDICAL CENTRE,23628559,"80,197.48 ",,LA000043830
Department of Health,NHS Fylde & Wyre CCG,8/31/2018,C&M-GMS Other Addtl Staff Paymts,PRC DELEGATED CO-COMMISSIONING,BROADWAY MEDICAL CENTRE,23628559,773.42 ,,LA000043830
Department of Health,NHS Fylde & Wyre CCG,8/31/2018,C&M-GMS Other Baseline Adjustment,PRC DELEGATED CO-COMMISSIONING,BROADWAY MEDICAL CENTRE,23628559,"17,188.99 ",,LA000043830
Department of Health,NHS Fylde & Wyre CCG,8/31/2018,C&M-GMS Prof Fees Prescribing,PRC DELEGATED CO-COMMISSIONING,BROADWAY MEDICAL CENTRE,23628559,356.50 ,,LA000043830
Department of Health,NHS Fylde & Wyre CCG,8/31/2018,C&M-GMS QOF Aspiration,PRC DELEGATED CO-COMMISSIONING,BROADWAY MEDICAL CENTRE,23628559,"10,418.50 ",,LA000043830
Department of Health,NHS Fylde & Wyre CCG,8/31/2018,C&M-GMS Cost of Drugs -Prescribing,LOCAL ENHANCED SERVICES,CLIFTON MEDICAL PRACTICE ST ANNES,23628561,"5,761.49 ",,LA000043832
Department of Health,NHS Fylde & Wyre CCG,8/31/2018,C&M-GMS DES Minor Surgery,PRC DELEGATED CO-COMMISSIONING,CLIFTON MEDICAL PRACTICE ST ANNES,23628561,"4,391.64 ",,LA000043832
Department of Health,NHS Fylde & Wyre CCG,8/31/2018,C&M-GMS Global Sum,PRC DELEGATED CO-COMMISSIONING,CLIFTON MEDICAL PRACTICE ST ANNES,23628561,"51,360.25 ",,LA000043832
Department of Health,NHS Fylde & Wyre CCG,8/31/2018,C&M-GMS Other Addtl Staff Paymts,PRC DELEGATED CO-COMMISSIONING,CLIFTON MEDICAL PRACTICE ST ANNES,23628561,590.42 ,,LA000043832
Department of Health,NHS Fylde & Wyre CCG,8/31/2018,C&M-GMS Other Baseline Adjustment,PRC DELEGATED CO-COMMISSIONING,CLIFTON MEDICAL PRACTICE ST ANNES,23628561,"7,637.69 ",,LA000043832
Department of Health,NHS Fylde & Wyre CCG,8/31/2018,C&M-GMS Prem Actual Rent,PRC DELEGATED CO-COMMISSIONING,CLIFTON MEDICAL PRACTICE ST ANNES,23628561,"55,684.80 ",,LA000043832
Department of Health,NHS Fylde & Wyre CCG,8/31/2018,C&M-GMS Prof Fees Prescribing,PRC DELEGATED CO-COMMISSIONING,CLIFTON MEDICAL PRACTICE ST ANNES,23628561,846.40 ,,LA000043832
Department of Health,NHS Fylde & Wyre CCG,8/31/2018,C&M-GMS QOF Aspiration,PRC DELEGATED CO-COMMISSIONING,CLIFTON MEDICAL PRACTICE ST ANNES,23628561,"6,901.13 ",,LA000043832
Department of Health,NHS Fylde & Wyre CCG,8/31/2018,C&M-GMS Cost of Drugs -Dispensing,LOCAL ENHANCED SERVICES,GREAT ECCLESTON HEALTH CENTRE,23628563,"(67,507.88)",,LA000043835
Department of Health,NHS Fylde & Wyre CCG,8/31/2018,C&M-GMS GP Statutory Levy,PRC DELEGATED CO-COMMISSIONING,GREAT ECCLESTON HEALTH CENTRE,23628563,(239.44),,LA000043835
Department of Health,NHS Fylde & Wyre CCG,8/31/2018,C&M-GMS PrscChrgsCll&RmttdbyGPCntra,PRC DELEGATED CO-COMMISSIONING,GREAT ECCLESTON HEALTH CENTRE,23628563,"(3,229.60)",,LA000043835
Department of Health,NHS Fylde & Wyre CCG,8/31/2018,C&M-GMS Voluntary Levy,PRC DELEGATED CO-COMMISSIONING,GREAT ECCLESTON HEALTH CENTRE,23628563,(37.33),,LA000043835
Department of Health,NHS Fylde & Wyre CCG,8/31/2018,ME-GMS GP Pension EEs,PRC DELEGATED CO-COMMISSIONING,GREAT ECCLESTON HEALTH CENTRE,23628563,"(2,479.50)",,LA000043835
Department of Health,NHS Fylde & Wyre CCG,8/31/2018,ME-GMS GP Pension ERs Adjustments,PRC DELEGATED CO-COMMISSIONING,GREAT ECCLESTON HEALTH CENTRE,23628563,"(2,458.98)",,LA000043835
Department of Health,NHS Fylde & Wyre CCG,8/31/2018,C&M-GMS Cost of Drugs -Prescribing,LOCAL ENHANCED SERVICES,KIRKHAM HEALTH CENTRE,23628565,"1,363.38 ",,LA000043838
Department of Health,NHS Fylde & Wyre CCG,8/31/2018,C&M-GMS DES Minor Surgery,PRC DELEGATED CO-COMMISSIONING,KIRKHAM HEALTH CENTRE,23628565,"5,411.92 ",,LA000043838
Department of Health,NHS Fylde & Wyre CCG,8/31/2018,C&M-GMS Global Sum,PRC DELEGATED CO-COMMISSIONING,KIRKHAM HEALTH CENTRE,23628565,"67,944.48 ",,LA000043838
Department of Health,NHS Fylde & Wyre CCG,8/31/2018,C&M-GMS MPIG Correction Factor,PRC DELEGATED CO-COMMISSIONING,KIRKHAM HEALTH CENTRE,23628565,902.92 ,,LA000043838
Department of Health,NHS Fylde & Wyre CCG,8/31/2018,C&M-GMS Other Baseline Adjustment,PRC DELEGATED CO-COMMISSIONING,KIRKHAM HEALTH CENTRE,23628565,"13,846.14 ",,LA000043838
Department of Health,NHS Fylde & Wyre CCG,8/31/2018,C&M-GMS Prem Notional Rent,PRC DELEGATED CO-COMMISSIONING,KIRKHAM HEALTH CENTRE,23628565,"3,500.00 ",,LA000043838
Department of Health,NHS Fylde & Wyre CCG,8/31/2018,C&M-GMS Prem Rates,PRC DELEGATED CO-COMMISSIONING,KIRKHAM HEALTH CENTRE,23628565,888.00 ,,LA000043838
Department of Health,NHS Fylde & Wyre CCG,8/31/2018,C&M-GMS Prem Water Rates,PRC DELEGATED CO-COMMISSIONING,KIRKHAM HEALTH CENTRE,23628565,600.91 ,,LA000043838
Department of Health,NHS Fylde & Wyre CCG,8/31/2018,C&M-GMS Prof Fees Prescribing,PRC DELEGATED CO-COMMISSIONING,KIRKHAM HEALTH CENTRE,23628565,177.10 ,,LA000043838
Department of Health,NHS Fylde & Wyre CCG,8/31/2018,C&M-GMS QOF Aspiration,PRC DELEGATED CO-COMMISSIONING,KIRKHAM HEALTH CENTRE,23628565,"6,470.23 ",,LA000043838
Department of Health,NHS Fylde & Wyre CCG,8/31/2018,C&M-GMS Cost of Drugs -Prescribing,LOCAL ENHANCED SERVICES,LOCKWOOD AVENUE SURGERY,23628567,"2,894.64 ",,LA000043840
Department of Health,NHS Fylde & Wyre CCG,8/31/2018,C&M-GMS Global Sum,PRC DELEGATED CO-COMMISSIONING,LOCKWOOD AVENUE SURGERY,23628567,"52,647.89 ",,LA000043840
Department of Health,NHS Fylde & Wyre CCG,8/31/2018,C&M-GMS MPIG Correction Factor,PRC DELEGATED CO-COMMISSIONING,LOCKWOOD AVENUE SURGERY,23628567,227.18 ,,LA000043840
Department of Health,NHS Fylde & Wyre CCG,8/31/2018,C&M-GMS Other Addtl Staff Paymts,PRC DELEGATED CO-COMMISSIONING,LOCKWOOD AVENUE SURGERY,23628567,300.67 ,,LA000043840
Department of Health,NHS Fylde & Wyre CCG,8/31/2018,C&M-GMS Other Baseline Adjustment,PRC DELEGATED CO-COMMISSIONING,LOCKWOOD AVENUE SURGERY,23628567,"10,624.46 ",,LA000043840
Department of Health,NHS Fylde & Wyre CCG,8/31/2018,C&M-GMS Prem Healthcentre Rates,PRC DELEGATED CO-COMMISSIONING,LOCKWOOD AVENUE SURGERY,23628567,925.42 ,,LA000043840
Department of Health,NHS Fylde & Wyre CCG,8/31/2018,C&M-GMS Prem Healthcentre Rent,PRC DELEGATED CO-COMMISSIONING,LOCKWOOD AVENUE SURGERY,23628567,"2,052.50 ",,LA000043840
Department of Health,NHS Fylde & Wyre CCG,8/31/2018,C&M-GMS Prof Fees Prescribing,PRC DELEGATED CO-COMMISSIONING,LOCKWOOD AVENUE SURGERY,23628567,207.00 ,,LA000043840
Department of Health,NHS Fylde & Wyre CCG,8/31/2018,C&M-GMS QOF Aspiration,PRC DELEGATED CO-COMMISSIONING,LOCKWOOD AVENUE SURGERY,23628567,"7,064.67 ",,LA000043840
Department of Health,NHS Fylde & Wyre CCG,8/31/2018,C&M-GMS Cost of Drugs -Prescribing,LOCAL ENHANCED SERVICES,MOUNT VIEW PRACTICE,23628569,"3,125.56 ",,LA000043842
Department of Health,NHS Fylde & Wyre CCG,8/31/2018,C&M-GMS DES Extended Hours Access,PRC DELEGATED CO-COMMISSIONING,MOUNT VIEW PRACTICE,23628569,"1,869.00 ",,LA000043842
Department of Health,NHS Fylde & Wyre CCG,8/31/2018,C&M-GMS Global Sum,PRC DELEGATED CO-COMMISSIONING,MOUNT VIEW PRACTICE,23628569,"93,452.73 ",,LA000043842
Department of Health,NHS Fylde & Wyre CCG,8/31/2018,C&M-GMS Other Baseline Adjustment,PRC DELEGATED CO-COMMISSIONING,MOUNT VIEW PRACTICE,23628569,"14,115.45 ",,LA000043842
Department of Health,NHS Fylde & Wyre CCG,8/31/2018,C&M-GMS PCO Other,PRC DELEGATED CO-COMMISSIONING,MOUNT VIEW PRACTICE,23628569,804.81 ,,LA000043842
Department of Health,NHS Fylde & Wyre CCG,8/31/2018,C&M-GMS Prem Rates,PRC DELEGATED CO-COMMISSIONING,MOUNT VIEW PRACTICE,23628569,"3,529.00 ",,LA000043842
Department of Health,NHS Fylde & Wyre CCG,8/31/2018,C&M-GMS Prof Fees Prescribing,PRC DELEGATED CO-COMMISSIONING,MOUNT VIEW PRACTICE,23628569,225.40 ,,LA000043842
Department of Health,NHS Fylde & Wyre CCG,8/31/2018,C&M-GMS QOF Aspiration,PRC DELEGATED CO-COMMISSIONING,MOUNT VIEW PRACTICE,23628569,"13,244.72 ",,LA000043842
Department of Health,NHS Fylde & Wyre CCG,8/31/2018,C&M-GMS Cost of Drugs -Prescribing,LOCAL ENHANCED SERVICES,PARK MEDICAL PRACTICE ST ANNES,23628572,825.95 ,,LA000043846
Department of Health,NHS Fylde & Wyre CCG,8/31/2018,C&M-GMS DES Extended Hours Access,PRC DELEGATED CO-COMMISSIONING,PARK MEDICAL PRACTICE ST ANNES,23628572,"1,036.00 ",,LA000043846
Department of Health,NHS Fylde & Wyre CCG,8/31/2018,C&M-GMS Global Sum,PRC DELEGATED CO-COMMISSIONING,PARK MEDICAL PRACTICE ST ANNES,23628572,"49,843.48 ",,LA000043846
Department of Health,NHS Fylde & Wyre CCG,8/31/2018,C&M-GMS MPIG Correction Factor,PRC DELEGATED CO-COMMISSIONING,PARK MEDICAL PRACTICE ST ANNES,23628572,329.89 ,,LA000043846
Department of Health,NHS Fylde & Wyre CCG,8/31/2018,C&M-GMS Other Baseline Adjustment,PRC DELEGATED CO-COMMISSIONING,PARK MEDICAL PRACTICE ST ANNES,23628572,"10,736.96 ",,LA000043846
Department of Health,NHS Fylde & Wyre CCG,8/31/2018,C&M-GMS PCO Other,PRC DELEGATED CO-COMMISSIONING,PARK MEDICAL PRACTICE ST ANNES,23628572,470.29 ,,LA000043846
Department of Health,NHS Fylde & Wyre CCG,8/31/2018,C&M-GMS Prem Actual Rent,PRC DELEGATED CO-COMMISSIONING,PARK MEDICAL PRACTICE ST ANNES,23628572,"55,684.80 ",,LA000043846
Department of Health,NHS Fylde & Wyre CCG,8/31/2018,C&M-GMS Prof Fees Prescribing,PRC DELEGATED CO-COMMISSIONING,PARK MEDICAL PRACTICE ST ANNES,23628572,112.70 ,,LA000043846
Department of Health,NHS Fylde & Wyre CCG,8/31/2018,C&M-GMS QOF Aspiration,PRC DELEGATED CO-COMMISSIONING,PARK MEDICAL PRACTICE ST ANNES,23628572,"6,955.18 ",,LA000043846
Department of Health,NHS Fylde & Wyre CCG,8/31/2018,ME - GMS GP Prior Year ERs,PRC DELEGATED CO-COMMISSIONING,PARK MEDICAL PRACTICE ST ANNES,23628572,56.89 ,,LA000043846
Department of Health,NHS Fylde & Wyre CCG,8/31/2018,ME-GMS GP Prior Year EEs,PRC DELEGATED CO-COMMISSIONING,PARK MEDICAL PRACTICE ST ANNES,23628572,83.06 ,,LA000043846
Department of Health,NHS Fylde & Wyre CCG,8/31/2018,C&M-GMS Cost of Drugs -Dispensing,LOCAL ENHANCED SERVICES,OVER WYRE MEDICAL CENTRE,23628573,"(46,894.64)",,LA000043847
Department of Health,NHS Fylde & Wyre CCG,8/31/2018,C&M-GMS GP Statutory Levy,PRC DELEGATED CO-COMMISSIONING,OVER WYRE MEDICAL CENTRE,23628573,(337.97),,LA000043847
Department of Health,NHS Fylde & Wyre CCG,8/31/2018,C&M-GMS PrscChrgsCll&RmttdbyGPCntra,PRC DELEGATED CO-COMMISSIONING,OVER WYRE MEDICAL CENTRE,23628573,"(2,296.80)",,LA000043847
Department of Health,NHS Fylde & Wyre CCG,8/31/2018,C&M-GMS Voluntary Levy,PRC DELEGATED CO-COMMISSIONING,OVER WYRE MEDICAL CENTRE,23628573,(56.11),,LA000043847
Department of Health,NHS Fylde & Wyre CCG,8/31/2018,ME-GMS GP Pension EEs,PRC DELEGATED CO-COMMISSIONING,OVER WYRE MEDICAL CENTRE,23628573,"(5,895.42)",,LA000043847
Department of Health,NHS Fylde & Wyre CCG,8/31/2018,ME-GMS GP Pension ERs Adjustments,PRC DELEGATED CO-COMMISSIONING,OVER WYRE MEDICAL CENTRE,23628573,"(6,147.45)",,LA000043847
Department of Health,NHS Fylde & Wyre CCG,8/31/2018,C&M-GMS Cost of Drugs -Dispensing,LOCAL ENHANCED SERVICES,OVER WYRE MEDICAL CENTRE,23628574,"98,685.49 ",,LA000043848
Department of Health,NHS Fylde & Wyre CCG,8/31/2018,C&M-GMS DES Extended Hours Access,PRC DELEGATED CO-COMMISSIONING,OVER WYRE MEDICAL CENTRE,23628574,"1,777.00 ",,LA000043848
Department of Health,NHS Fylde & Wyre CCG,8/31/2018,C&M-GMS Global Sum,PRC DELEGATED CO-COMMISSIONING,OVER WYRE MEDICAL CENTRE,23628574,"96,891.29 ",,LA000043848
Department of Health,NHS Fylde & Wyre CCG,8/31/2018,C&M-GMS Other Addtl Staff Paymts,PRC DELEGATED CO-COMMISSIONING,OVER WYRE MEDICAL CENTRE,23628574,563.00 ,,LA000043848
Department of Health,NHS Fylde & Wyre CCG,8/31/2018,C&M-GMS Other Baseline Adjustment,PRC DELEGATED CO-COMMISSIONING,OVER WYRE MEDICAL CENTRE,23628574,"20,654.00 ",,LA000043848
Department of Health,NHS Fylde & Wyre CCG,8/31/2018,C&M-GMS PCO Other,PRC DELEGATED CO-COMMISSIONING,OVER WYRE MEDICAL CENTRE,23628574,766.81 ,,LA000043848
Department of Health,NHS Fylde & Wyre CCG,8/31/2018,C&M-GMS Prem Notional Rent,PRC DELEGATED CO-COMMISSIONING,OVER WYRE MEDICAL CENTRE,23628574,"10,540.91 ",,LA000043848
Department of Health,NHS Fylde & Wyre CCG,8/31/2018,C&M-GMS Prem Rates,PRC DELEGATED CO-COMMISSIONING,OVER WYRE MEDICAL CENTRE,23628574,"2,714.00 ",,LA000043848
Department of Health,NHS Fylde & Wyre CCG,8/31/2018,C&M-GMS Prof Fees Dispensing,PRC DELEGATED CO-COMMISSIONING,OVER WYRE MEDICAL CENTRE,23628574,"16,501.31 ",,LA000043848
Department of Health,NHS Fylde & Wyre CCG,8/31/2018,C&M-GMS PrscrptnChrgsColl&RmttdbyGP,LOCAL ENHANCED SERVICES,OVER WYRE MEDICAL CENTRE,23628574,"2,296.80 ",,LA000043848
Department of Health,NHS Fylde & Wyre CCG,8/31/2018,C&M-GMS QOF Aspiration,PRC DELEGATED CO-COMMISSIONING,OVER WYRE MEDICAL CENTRE,23628574,"15,465.83 ",,LA000043848
Department of Health,NHS Fylde & Wyre CCG,8/31/2018,C&M-GMS Cost of Drugs -Prescribing,LOCAL ENHANCED SERVICES,POPLAR HOUSE SURGERY,23628576,"2,243.59 ",,LA000043850
Department of Health,NHS Fylde & Wyre CCG,8/31/2018,C&M-GMS Global Sum,PRC DELEGATED CO-COMMISSIONING,POPLAR HOUSE SURGERY,23628576,"54,156.70 ",,LA000043850
Department of Health,NHS Fylde & Wyre CCG,8/31/2018,C&M-GMS MPIG Correction Factor,PRC DELEGATED CO-COMMISSIONING,POPLAR HOUSE SURGERY,23628576,"1,737.26 ",,LA000043850
Department of Health,NHS Fylde & Wyre CCG,8/31/2018,C&M-GMS Other Baseline Adjustment,PRC DELEGATED CO-COMMISSIONING,POPLAR HOUSE SURGERY,23628576,"10,994.66 ",,LA000043850
Department of Health,NHS Fylde & Wyre CCG,8/31/2018,C&M-GMS Prem Notional Rent,PRC DELEGATED CO-COMMISSIONING,POPLAR HOUSE SURGERY,23628576,"2,891.67 ",,LA000043850
Department of Health,NHS Fylde & Wyre CCG,8/31/2018,C&M-GMS Prem Rates,PRC DELEGATED CO-COMMISSIONING,POPLAR HOUSE SURGERY,23628576,888.00 ,,LA000043850
Department of Health,NHS Fylde & Wyre CCG,8/31/2018,C&M-GMS Prof Fees Prescribing,PRC DELEGATED CO-COMMISSIONING,POPLAR HOUSE SURGERY,23628576,128.80 ,,LA000043850
Department of Health,NHS Fylde & Wyre CCG,8/31/2018,C&M-GMS QOF Aspiration,PRC DELEGATED CO-COMMISSIONING,POPLAR HOUSE SURGERY,23628576,"7,142.63 ",,LA000043850
Department of Health,NHS Fylde & Wyre CCG,8/31/2018,C&M-GMS Cost of Drugs -Prescribing,LOCAL ENHANCED SERVICES,THORNTON PRACTICE,23628579,"3,838.46 ",,LA000043854
Department of Health,NHS Fylde & Wyre CCG,8/31/2018,C&M-GMS Global Sum,PRC DELEGATED CO-COMMISSIONING,THORNTON PRACTICE,23628579,"92,330.72 ",,LA000043854
Department of Health,NHS Fylde & Wyre CCG,8/31/2018,C&M-GMS Other Baseline Adjustment,PRC DELEGATED CO-COMMISSIONING,THORNTON PRACTICE,23628579,"13,971.92 ",,LA000043854
Department of Health,NHS Fylde & Wyre CCG,8/31/2018,C&M-GMS PCO Locum Sickness,PRC DELEGATED CO-COMMISSIONING,THORNTON PRACTICE,23628579,"11,929.82 ",,LA000043854
Department of Health,NHS Fylde & Wyre CCG,8/31/2018,C&M-GMS PCO Other,PRC DELEGATED CO-COMMISSIONING,THORNTON PRACTICE,23628579,"7,773.00 ",,LA000043854
Department of Health,NHS Fylde & Wyre CCG,8/31/2018,C&M-GMS Prem Notional Rent,PRC DELEGATED CO-COMMISSIONING,THORNTON PRACTICE,23628579,"18,734.17 ",,LA000043854
Department of Health,NHS Fylde & Wyre CCG,8/31/2018,C&M-GMS Prem Rates,PRC DELEGATED CO-COMMISSIONING,THORNTON PRACTICE,23628579,"3,178.00 ",,LA000043854
Department of Health,NHS Fylde & Wyre CCG,8/31/2018,C&M-GMS Prem Water Rates,PRC DELEGATED CO-COMMISSIONING,THORNTON PRACTICE,23628579,"1,947.22 ",,LA000043854
Department of Health,NHS Fylde & Wyre CCG,8/31/2018,C&M-GMS Prof Fees Prescribing,PRC DELEGATED CO-COMMISSIONING,THORNTON PRACTICE,23628579,595.70 ,,LA000043854
Department of Health,NHS Fylde & Wyre CCG,8/31/2018,C&M-GMS QOF Aspiration,PRC DELEGATED CO-COMMISSIONING,THORNTON PRACTICE,23628579,"11,197.47 ",,LA000043854
Department of Health,NHS Fylde & Wyre CCG,8/31/2018,C&M-PMS Baseline Adjustment,PRC DELEGATED CO-COMMISSIONING,VILLAGE PRACTICE BLACKPOOL,23628581,"10,098.25 ",,LA000043856
Department of Health,NHS Fylde & Wyre CCG,8/31/2018,C&M-PMS Contract Value,PRC DELEGATED CO-COMMISSIONING,VILLAGE PRACTICE BLACKPOOL,23628581,"68,564.50 ",,LA000043856
Department of Health,NHS Fylde & Wyre CCG,8/31/2018,C&M-PMS Cost of Drugs -Prescribing,LOCAL ENHANCED SERVICES,VILLAGE PRACTICE BLACKPOOL,23628581,"2,581.84 ",,LA000043856
Department of Health,NHS Fylde & Wyre CCG,8/31/2018,C&M-PMS DES Extended Hours Access,PRC DELEGATED CO-COMMISSIONING,VILLAGE PRACTICE BLACKPOOL,23628581,"1,409.00 ",,LA000043856
Department of Health,NHS Fylde & Wyre CCG,8/31/2018,C&M-PMS DES Learn Dsblty Hlth Chk,PRC DELEGATED CO-COMMISSIONING,VILLAGE PRACTICE BLACKPOOL,23628581,280.00 ,,LA000043856
Department of Health,NHS Fylde & Wyre CCG,8/31/2018,C&M-PMS PCO Other,PRC DELEGATED CO-COMMISSIONING,VILLAGE PRACTICE BLACKPOOL,23628581,619.49 ,,LA000043856
Department of Health,NHS Fylde & Wyre CCG,8/31/2018,C&M-PMS Prof fees Prescribing,PRC DELEGATED CO-COMMISSIONING,VILLAGE PRACTICE BLACKPOOL,23628581,351.90 ,,LA000043856
Department of Health,NHS Fylde & Wyre CCG,8/31/2018,C&M-PMS QOF Aspiration,PRC DELEGATED CO-COMMISSIONING,VILLAGE PRACTICE BLACKPOOL,23628581,"9,132.79 ",,LA000043856
Department of Health,NHS Fylde & Wyre CCG,8/31/2018,C&M-GMS Cost of Drugs -Prescribing,LOCAL ENHANCED SERVICES,WEST VIEW HEALTH VILLAGE,23628583,"1,535.38 ",,LA000043858
Department of Health,NHS Fylde & Wyre CCG,8/31/2018,C&M-GMS Global Sum,PRC DELEGATED CO-COMMISSIONING,WEST VIEW HEALTH VILLAGE,23628583,"45,120.16 ",,LA000043858
Department of Health,NHS Fylde & Wyre CCG,8/31/2018,C&M-GMS MPIG Correction Factor,PRC DELEGATED CO-COMMISSIONING,WEST VIEW HEALTH VILLAGE,23628583,655.15 ,,LA000043858
Department of Health,NHS Fylde & Wyre CCG,8/31/2018,C&M-GMS Other Addtl Staff Paymts,PRC DELEGATED CO-COMMISSIONING,WEST VIEW HEALTH VILLAGE,23628583,872.42 ,,LA000043858
Department of Health,NHS Fylde & Wyre CCG,8/31/2018,C&M-GMS Other Baseline Adjustment,PRC DELEGATED CO-COMMISSIONING,WEST VIEW HEALTH VILLAGE,23628583,"10,908.00 ",,LA000043858
Department of Health,NHS Fylde & Wyre CCG,8/31/2018,C&M-GMS Prem Rates,PRC DELEGATED CO-COMMISSIONING,WEST VIEW HEALTH VILLAGE,23628583,"2,472.82 ",,LA000043858
Department of Health,NHS Fylde & Wyre CCG,8/31/2018,C&M-GMS Prof Fees Prescribing,PRC DELEGATED CO-COMMISSIONING,WEST VIEW HEALTH VILLAGE,23628583,213.90 ,,LA000043858
Department of Health,NHS Fylde & Wyre CCG,8/31/2018,C&M-GMS QOF Aspiration,PRC DELEGATED CO-COMMISSIONING,WEST VIEW HEALTH VILLAGE,23628583,"5,514.80 ",,LA000043858
Department of Health,NHS Fylde & Wyre CCG,8/31/2018,C&M-GMS Cost of Drugs -Dispensing,LOCAL ENHANCED SERVICES,WINDSOR ROAD SURGERY,23628584,"(127,985.44)",,LA000043859
Department of Health,NHS Fylde & Wyre CCG,8/31/2018,C&M-GMS GP Statutory Levy,PRC DELEGATED CO-COMMISSIONING,WINDSOR ROAD SURGERY,23628584,(553.21),,LA000043859
Department of Health,NHS Fylde & Wyre CCG,8/31/2018,C&M-GMS PrscChrgsCll&RmttdbyGPCntra,PRC DELEGATED CO-COMMISSIONING,WINDSOR ROAD SURGERY,23628584,"(9,627.20)",,LA000043859
Department of Health,NHS Fylde & Wyre CCG,8/31/2018,C&M-GMS Voluntary Levy,PRC DELEGATED CO-COMMISSIONING,WINDSOR ROAD SURGERY,23628584,(91.85),,LA000043859
Department of Health,NHS Fylde & Wyre CCG,8/31/2018,ME - GMS GP Prior Year ERs,PRC DELEGATED CO-COMMISSIONING,WINDSOR ROAD SURGERY,23628584,"(1,039.99)",,LA000043859
Department of Health,NHS Fylde & Wyre CCG,8/31/2018,ME-GMS GP Pension EEs,PRC DELEGATED CO-COMMISSIONING,WINDSOR ROAD SURGERY,23628584,"(10,147.88)",,LA000043859
Department of Health,NHS Fylde & Wyre CCG,8/31/2018,ME-GMS GP Pension EEs Adjustments,PRC DELEGATED CO-COMMISSIONING,WINDSOR ROAD SURGERY,23628584,"(2,109.39)",,LA000043859
Department of Health,NHS Fylde & Wyre CCG,8/31/2018,ME-GMS GP Pension ERs Adjustments,PRC DELEGATED CO-COMMISSIONING,WINDSOR ROAD SURGERY,23628584,"(13,102.84)",,LA000043859
Department of Health,NHS Fylde & Wyre CCG,8/31/2018,ME-GMS GP Prior Year EEs,PRC DELEGATED CO-COMMISSIONING,WINDSOR ROAD SURGERY,23628584,(904.02),,LA000043859
Department of Health,NHS Fylde & Wyre CCG,8/31/2018,C&M-GMS Cost of Drugs -Dispensing,LOCAL ENHANCED SERVICES,WINDSOR ROAD SURGERY,23628585,"229,905.03 ",,LA000043860
Department of Health,NHS Fylde & Wyre CCG,8/31/2018,C&M-GMS Global Sum,PRC DELEGATED CO-COMMISSIONING,WINDSOR ROAD SURGERY,23628585,"150,243.93 ",,LA000043860
Department of Health,NHS Fylde & Wyre CCG,8/31/2018,C&M-GMS Other Addtl Staff Paymts,PRC DELEGATED CO-COMMISSIONING,WINDSOR ROAD SURGERY,23628585,"6,006.42 ",,LA000043860
Department of Health,NHS Fylde & Wyre CCG,8/31/2018,C&M-GMS Prem Rates,PRC DELEGATED CO-COMMISSIONING,WINDSOR ROAD SURGERY,23628585,"10,841.00 ",,LA000043860
Department of Health,NHS Fylde & Wyre CCG,8/31/2018,C&M-GMS Prof Fees Dispensing,PRC DELEGATED CO-COMMISSIONING,WINDSOR ROAD SURGERY,23628585,"43,741.95 ",,LA000043860
Department of Health,NHS Fylde & Wyre CCG,8/31/2018,C&M-GMS PrscrptnChrgsColl&RmttdbyGP,LOCAL ENHANCED SERVICES,WINDSOR ROAD SURGERY,23628585,"9,627.20 ",,LA000043860
Department of Health,NHS Fylde & Wyre CCG,8/31/2018,C&M-GMS QOF Aspiration,PRC DELEGATED CO-COMMISSIONING,WINDSOR ROAD SURGERY,23628585,"15,612.59 ",,LA000043860
Department of Health,NHS Fylde & Wyre CCG,8/31/2018,C&M-GMS Cost of Drugs -Prescribing,LOCAL ENHANCED SERVICES,HOLLAND HOUSE SURGERY,23628587,"3,906.38 ",,LA000043862
Department of Health,NHS Fylde & Wyre CCG,8/31/2018,C&M-GMS Global Sum,PRC DELEGATED CO-COMMISSIONING,HOLLAND HOUSE SURGERY,23628587,"87,095.26 ",,LA000043862
Department of Health,NHS Fylde & Wyre CCG,8/31/2018,C&M-GMS Other Addtl Staff Paymts,PRC DELEGATED CO-COMMISSIONING,HOLLAND HOUSE SURGERY,23628587,451.17 ,,LA000043862
Department of Health,NHS Fylde & Wyre CCG,8/31/2018,C&M-GMS Other Baseline Adjustment,PRC DELEGATED CO-COMMISSIONING,HOLLAND HOUSE SURGERY,23628587,"13,041.17 ",,LA000043862
Department of Health,NHS Fylde & Wyre CCG,8/31/2018,C&M-GMS Prem Service Charges,PRC DELEGATED CO-COMMISSIONING,HOLLAND HOUSE SURGERY,23628587,"1,819.00 ",,LA000043862
Department of Health,NHS Fylde & Wyre CCG,8/31/2018,C&M-GMS Prof Fees Prescribing,PRC DELEGATED CO-COMMISSIONING,HOLLAND HOUSE SURGERY,23628587,400.20 ,,LA000043862
Department of Health,NHS Fylde & Wyre CCG,8/31/2018,C&M-GMS QOF Aspiration,PRC DELEGATED CO-COMMISSIONING,HOLLAND HOUSE SURGERY,23628587,"12,222.94 ",,LA000043862
Department of Health,NHS Fylde & Wyre CCG,8/31/2018,Hcare Srv Rec Fdtn Trust-Non Contract,NCAS/OATS,COUNTESS OF CHESTER HOSPITAL NHS FOUNDATION TRUST,23638044,"28,989.17 ",654917507,I0091210
Department of Health,NHS Fylde & Wyre CCG,8/31/2018,Clinical&Medical-Clinical Other,COMMUNITY SERVICES,PDS MEDICAL,23638052,"63,328.74 ",,00140
Department of Health,NHS Fylde & Wyre CCG,8/31/2018,Clinical&Medical-Othe Public Sector,COMMUNITY SERVICES,LANCASHIRE COUNTY COUNCIL,23638060,"941,468.26 ",,5200170944
Department of Health,NHS Fylde & Wyre CCG,8/31/2018,Clinical&Medical-Voluntary Sector,HOSPICES,TRINITY HOSPICE & PALLIATIVE CARE SERVICES,23642922,"300,211.75 ",,542
Department of Health,NHS Fylde & Wyre CCG,8/31/2018,Clinical&Medical-Voluntary Sector,HOSPICES,TRINITY HOSPICE & PALLIATIVE CARE SERVICES,23642923,"27,594.50 ",,539
Department of Health,NHS Fylde & Wyre CCG,8/31/2018,Clinical&Medical-Voluntary Sector,HOSPICES,TRINITY HOSPICE & PALLIATIVE CARE SERVICES,23642924,"113,355.34 ",,543
Department of Health,NHS Fylde & Wyre CCG,8/31/2018,C&M-GMS GP Statutory Levy,PRC DELEGATED CO-COMMISSIONING,CONSORTIA OF LOCAL MEDICAL COMMITTEE,23642925,"35,677.25 ",,100342-21-AUG-2018
Department of Health,NHS Fylde & Wyre CCG,8/31/2018,C&M-GMS Voluntary Levy,PRC DELEGATED CO-COMMISSIONING,CONSORTIA OF LOCAL MEDICAL COMMITTEE,23642925,"5,906.60 ",,100342-21-AUG-2018
Department of Health,NHS Fylde & Wyre CCG,8/31/2018,C&M-PMS GP Statutory Levy,PRC DELEGATED CO-COMMISSIONING,CONSORTIA OF LOCAL MEDICAL COMMITTEE,23642925,"1,876.28 ",,100342-21-AUG-2018
Department of Health,NHS Fylde & Wyre CCG,8/31/2018,C&M-PMS Voluntary Levy,PRC DELEGATED CO-COMMISSIONING,CONSORTIA OF LOCAL MEDICAL COMMITTEE,23642925,311.50 ,,100342-21-AUG-2018
Department of Health,NHS Fylde & Wyre CCG,8/31/2018,C&M-GMS DES Minor Surgery,PRC DELEGATED CO-COMMISSIONING,DR S T ELLWOOD & PARTNERS,23648995,"5,012.68 ",,LA000043834
Department of Health,NHS Fylde & Wyre CCG,8/31/2018,C&M-GMS Global Sum,PRC DELEGATED CO-COMMISSIONING,DR S T ELLWOOD & PARTNERS,23648995,"82,847.80 ",,LA000043834
Department of Health,NHS Fylde & Wyre CCG,8/31/2018,C&M-GMS Other Addtl Staff Paymts,PRC DELEGATED CO-COMMISSIONING,DR S T ELLWOOD & PARTNERS,23648995,760.08 ,,LA000043834
Department of Health,NHS Fylde & Wyre CCG,8/31/2018,C&M-GMS Other Baseline Adjustment,PRC DELEGATED CO-COMMISSIONING,DR S T ELLWOOD & PARTNERS,23648995,"12,479.78 ",,LA000043834
Department of Health,NHS Fylde & Wyre CCG,8/31/2018,C&M-GMS Prem Rates,PRC DELEGATED CO-COMMISSIONING,DR S T ELLWOOD & PARTNERS,23648995,"2,624.00 ",,LA000043834
Department of Health,NHS Fylde & Wyre CCG,8/31/2018,C&M-GMS Prem Service Charges,PRC DELEGATED CO-COMMISSIONING,DR S T ELLWOOD & PARTNERS,23648995,"15,713.03 ",,LA000043834
Department of Health,NHS Fylde & Wyre CCG,8/31/2018,C&M-GMS QOF Aspiration,PRC DELEGATED CO-COMMISSIONING,DR S T ELLWOOD & PARTNERS,23648995,"8,724.12 ",,LA000043834
Department of Health,NHS Fylde & Wyre CCG,8/31/2018,ME - GMS GP Prior Year ERs,PRC DELEGATED CO-COMMISSIONING,DR S T ELLWOOD & PARTNERS,23648995,766.93 ,,LA000043834
Department of Health,NHS Fylde & Wyre CCG,8/31/2018,ME-GMS GP Pension EEs Adjustments,PRC DELEGATED CO-COMMISSIONING,DR S T ELLWOOD & PARTNERS,23648995,666.67 ,,LA000043834
Department of Health,NHS Fylde & Wyre CCG,8/31/2018,ME-GMS GP Pension ERs Adjustments,PRC DELEGATED CO-COMMISSIONING,DR S T ELLWOOD & PARTNERS,23648995,766.93 ,,LA000043834
Department of Health,NHS Fylde & Wyre CCG,8/31/2018,ME-GMS GP Prior Year EEs,PRC DELEGATED CO-COMMISSIONING,DR S T ELLWOOD & PARTNERS,23648995,666.67 ,,LA000043834
Department of Health,NHS Fylde & Wyre CCG,8/31/2018,C&M-GMS Cost of Drugs -Dispensing,LOCAL ENHANCED SERVICES,GREAT ECCLESTON HEALTH CENTRE,23648996,"119,772.26 ",,LA000043836
Department of Health,NHS Fylde & Wyre CCG,8/31/2018,C&M-GMS Global Sum,PRC DELEGATED CO-COMMISSIONING,GREAT ECCLESTON HEALTH CENTRE,23648996,"59,799.33 ",,LA000043836
Department of Health,NHS Fylde & Wyre CCG,8/31/2018,C&M-GMS MPIG Correction Factor,PRC DELEGATED CO-COMMISSIONING,GREAT ECCLESTON HEALTH CENTRE,23648996,"1,883.96 ",,LA000043836
Department of Health,NHS Fylde & Wyre CCG,8/31/2018,C&M-GMS PCO Locum Adop/Pat/Mat,PRC DELEGATED CO-COMMISSIONING,GREAT ECCLESTON HEALTH CENTRE,23648996,"7,600.08 ",,LA000043836
Department of Health,NHS Fylde & Wyre CCG,8/31/2018,C&M-GMS Prem Notional Rent,PRC DELEGATED CO-COMMISSIONING,GREAT ECCLESTON HEALTH CENTRE,23648996,"5,416.67 ",,LA000043836
Department of Health,NHS Fylde & Wyre CCG,8/31/2018,C&M-GMS Prem Rates,PRC DELEGATED CO-COMMISSIONING,GREAT ECCLESTON HEALTH CENTRE,23648996,"1,109.00 ",,LA000043836
Department of Health,NHS Fylde & Wyre CCG,8/31/2018,C&M-GMS Prof Fees Dispensing,PRC DELEGATED CO-COMMISSIONING,GREAT ECCLESTON HEALTH CENTRE,23648996,"25,018.95 ",,LA000043836
Department of Health,NHS Fylde & Wyre CCG,8/31/2018,C&M-GMS PrscrptnChrgsColl&RmttdbyGP,LOCAL ENHANCED SERVICES,GREAT ECCLESTON HEALTH CENTRE,23648996,"3,229.60 ",,LA000043836
Department of Health,NHS Fylde & Wyre CCG,8/31/2018,C&M-GMS QOF Aspiration,PRC DELEGATED CO-COMMISSIONING,GREAT ECCLESTON HEALTH CENTRE,23648996,"6,243.52 ",,LA000043836
Department of Health,NHS Fylde & Wyre CCG,8/31/2018,C&M-GMS Cost of Drugs -Prescribing,LOCAL ENHANCED SERVICES,QUEENSWAY MEDICAL CENTRE POULTON FYLDE,23648998,"1,825.63 ",,LA000043852
Department of Health,NHS Fylde & Wyre CCG,8/31/2018,C&M-GMS Global Sum,PRC DELEGATED CO-COMMISSIONING,QUEENSWAY MEDICAL CENTRE POULTON FYLDE,23648998,"65,399.23 ",,LA000043852
Department of Health,NHS Fylde & Wyre CCG,8/31/2018,C&M-GMS MPIG Correction Factor,PRC DELEGATED CO-COMMISSIONING,QUEENSWAY MEDICAL CENTRE POULTON FYLDE,23648998,841.88 ,,LA000043852
Department of Health,NHS Fylde & Wyre CCG,8/31/2018,C&M-GMS Other Addtl Staff Paymts,PRC DELEGATED CO-COMMISSIONING,QUEENSWAY MEDICAL CENTRE POULTON FYLDE,23648998,608.75 ,,LA000043852
Department of Health,NHS Fylde & Wyre CCG,8/31/2018,C&M-GMS Other Baseline Adjustment,PRC DELEGATED CO-COMMISSIONING,QUEENSWAY MEDICAL CENTRE POULTON FYLDE,23648998,"9,770.77 ",,LA000043852
Department of Health,NHS Fylde & Wyre CCG,8/31/2018,C&M-GMS PCO Other,PRC DELEGATED CO-COMMISSIONING,QUEENSWAY MEDICAL CENTRE POULTON FYLDE,23648998,632.19 ,,LA000043852
Department of Health,NHS Fylde & Wyre CCG,8/31/2018,C&M-GMS Prem Notional Rent,PRC DELEGATED CO-COMMISSIONING,QUEENSWAY MEDICAL CENTRE POULTON FYLDE,23648998,"4,308.33 ",,LA000043852
Department of Health,NHS Fylde & Wyre CCG,8/31/2018,C&M-GMS Prem Rates,PRC DELEGATED CO-COMMISSIONING,QUEENSWAY MEDICAL CENTRE POULTON FYLDE,23648998,874.00 ,,LA000043852
Department of Health,NHS Fylde & Wyre CCG,8/31/2018,C&M-GMS Prof Fees Prescribing,PRC DELEGATED CO-COMMISSIONING,QUEENSWAY MEDICAL CENTRE POULTON FYLDE,23648998,326.60 ,,LA000043852
Department of Health,NHS Fylde & Wyre CCG,8/31/2018,C&M-GMS QOF Aspiration,PRC DELEGATED CO-COMMISSIONING,QUEENSWAY MEDICAL CENTRE POULTON FYLDE,23648998,"8,648.54 ",,LA000043852
Department of Health,NHS Fylde & Wyre CCG,8/31/2018,ME-GMS GP Pension EEs Adjustments,PRC DELEGATED CO-COMMISSIONING,QUEENSWAY MEDICAL CENTRE POULTON FYLDE,23648998,341.70 ,,LA000043852
Department of Health,NHS Fylde & Wyre CCG,8/31/2018,ME-GMS GP Pension ERs Adjustments,PRC DELEGATED CO-COMMISSIONING,QUEENSWAY MEDICAL CENTRE POULTON FYLDE,23648998,354.34 ,,LA000043852
Department of Health,NHS Fylde & Wyre CCG,8/31/2018,Clinical&Medical-Independent Sector,COMMUNITY SERVICES,ABOUT HEALTH LTD,23661696,"34,124.00 ",940 7222 41,801
Department of Health,NHS Fylde & Wyre CCG,8/31/2018,Hcare Srv Rec Fdtn Trust-Contract Baseline,ACUTE COMMISSIONING,BLACKPOOL TEACHING HOSPITALS NHS FOUNDATION TRUST,23661719,"8,911,000.00 ",GB654430839,1110040022
Department of Health,NHS Fylde & Wyre CCG,8/31/2018,Clinical&Medical-Independent Sector,ACUTE COMMISSIONING,SPIRE HEALTHCARE LTD,23661724,"69,807.16 ",915970991,02MFYCREC181903
Department of Health,NHS Fylde & Wyre CCG,8/31/2018,Hcare Srv Rec NHS Trust-Contract Baseline,AMBULANCE SERVICES,NORTH WEST AMBULANCE SERVICE NHS TRUST,23661746,"29,851.41 ",654435138,4110040074
,,,,,,,,,
