Expense Type,Expense area,Supplier,Transaction number,AP Amount (�),VAT registration number,Purchase invoice number
Hcare Srv Rec Fdtn Trust-Contract Baseline,ACUTE COMMISSIONING,UNIVERSITY COLLEGE LONDON HOSPITALS NHS FOUNDATION TRUST,25390373,"96,371.00",654948687,5010187574
Hcare Srv Rec Fdtn Trust-Contract Baseline,ACUTE COMMISSIONING,GUYS & ST THOMAS HOSPITAL NHS FOUNDATION TRUST,25390376,"58,269.00",654923417,3254128
Clinical&Medical-Independent Sector - Contract Baseline,PLANNED CARE,BMI SOUTHEND PRIVATE HOSPITAL,25394426,"37,261.27",235 1349 80,99FSOOM06SEPAI1819
Voids and Subsidies,RECHARGES NHS PROPERTY SERVICES LTD,NHS PROPERTY SERVICES LTD,25394436,"29,521.00",156725100,NAVS04309
Hcare Srv Rec Fdtn Trust-Non Contract,NCAS/OATS,MEDWAY NHS FOUNDATION TRUST,25394457,"-94,940.20",654929496,8002
Hcare Srv Rec NHS Trust-Contract Baseline,ACUTE COMMISSIONING,BARTS HEALTH NHS TRUST,25394631,"152,843.00",654947005,360030
Hlthcre-Foundation Trsts,MENTAL HEALTH CONTRACTS,ESSEX PARTNERSHIP UNIVERSITY NHS FT,25394713,"50,602.75",GB654974100,I0063571
Hlthcre-Foundation Trsts,MENTAL HEALTH CONTRACTS,ESSEX PARTNERSHIP UNIVERSITY NHS FT,25394733,"57,398.28",GB654974100,I0063565
Clinical&Medical-Independent Sector,GP FORWARD VIEW,CROUCH VALLEY GP CONSORTIUM LTD,25402698,"30,233.00",,CV7
Clinical&Medical-Independent Sector,PLANNED CARE,SPIRE HEALTHCARE LTD,25415753,"43,313.00",915970991,99FHWDPF181910
C&M-GMS Practice Transformational Support,LOCAL ENHANCED SERVICES,GP HEALTHCARE ALLIANCE LTD,25419404,"74,882.00",,33
C&M-GMS Practice Transformational Support,LOCAL ENHANCED SERVICES,GP HEALTHCARE ALLIANCE LTD,25432721,"75,651.00",,34
Clinical&Medical-Independent Sector - Contract Baseline,PLANNED CARE,SPRINGFIELD HOSPITAL,25445200,"49,799.12",GB-426505170,3128
Clinical&Medical-Independent Sector,PLANNED CARE,SPIRE HEALTHCARE LTD,25468711,"391,266.00",915970991,99FWLSPF181910
Clinical&Medical-Independent Sector,OUT OF HOURS,INTEGRATED CARE 24 LTD,25468719,"206,604.29",991241024,2382
Hlthcre-Foundation Trsts,MENTAL HEALTH CONTRACTS,ESSEX PARTNERSHIP UNIVERSITY NHS FT,25468865,"-106,166.00",GB654974100,C0006187
C&M-PMS Contract Value,PRC DELEGATED CO-COMMISSIONING,ASHINGDON MEDICAL CENTRE,25483396,"67,392.00",,EX000078918
C&M-PMS Funding Differential Review,PRC DELEGATED CO-COMMISSIONING,ASHINGDON MEDICAL CENTRE,25483396,578.55,,EX000078918
C&M-PMS List Size Adjustment,PRC DELEGATED CO-COMMISSIONING,ASHINGDON MEDICAL CENTRE,25483396,"5,965.94",,EX000078918
C&M-PMS Out of Hours Opt Outs,PRC DELEGATED CO-COMMISSIONING,ASHINGDON MEDICAL CENTRE,25483396,37.15,,EX000078918
C&M-PMS Prem Actual Rent,PRC DELEGATED CO-COMMISSIONING,ASHINGDON MEDICAL CENTRE,25483396,"15,714.96",,EX000078918
C&M-PMS Prem Notional Rent,PRC DELEGATED CO-COMMISSIONING,ASHINGDON MEDICAL CENTRE,25483396,"2,625.00",,EX000078918
C&M-PMS QOF Aspiration,PRC DELEGATED CO-COMMISSIONING,ASHINGDON MEDICAL CENTRE,25483396,"2,840.06",,EX000078918
C&M-PMS Contract Value,PRC DELEGATED CO-COMMISSIONING,FREEL J F & PARTNERS,25483398,"77,474.47",896734755,EX000078920
C&M-PMS Funding Differential Review,PRC DELEGATED CO-COMMISSIONING,FREEL J F & PARTNERS,25483398,527.8,896734755,EX000078920
C&M-PMS List Size Adjustment,PRC DELEGATED CO-COMMISSIONING,FREEL J F & PARTNERS,25483398,97.56,896734755,EX000078920
C&M-PMS Out of Hours Opt Outs,PRC DELEGATED CO-COMMISSIONING,FREEL J F & PARTNERS,25483398,8.18,896734755,EX000078920
C&M-PMS Prem Notional Rent,PRC DELEGATED CO-COMMISSIONING,FREEL J F & PARTNERS,25483398,"8,937.50",896734755,EX000078920
C&M-PMS QOF Aspiration,PRC DELEGATED CO-COMMISSIONING,FREEL J F & PARTNERS,25483398,"7,957.68",896734755,EX000078920
C&M-PMS GP Statutory Levy,PRC DELEGATED CO-COMMISSIONING,LEWIS C P & PARTNERS,25483399,-709.81,,EX000078921
C&M-PMS List Size Adjustment,PRC DELEGATED CO-COMMISSIONING,LEWIS C P & PARTNERS,25483399,-46.96,,EX000078921
C&M-PMS Out of Hours Opt Outs,PRC DELEGATED CO-COMMISSIONING,LEWIS C P & PARTNERS,25483399,"-7,113.93",,EX000078921
C&M-PMS Voluntary Levy,PRC DELEGATED CO-COMMISSIONING,LEWIS C P & PARTNERS,25483399,-128.53,,EX000078921
ME-PMS GP Pension EEs-PMS,PRC DELEGATED CO-COMMISSIONING,LEWIS C P & PARTNERS,25483399,"-11,222.01",,EX000078921
ME-PMS GP Pension ERs Adjs - PMS,PRC DELEGATED CO-COMMISSIONING,LEWIS C P & PARTNERS,25483399,"-11,769.31",,EX000078921
C&M-PMS Contract Value,PRC DELEGATED CO-COMMISSIONING,LEWIS C P & PARTNERS,25483400,"144,666.12",,EX000078922
C&M-PMS List Size Adjustment,PRC DELEGATED CO-COMMISSIONING,LEWIS C P & PARTNERS,25483400,"1,439.38",,EX000078922
C&M-PMS Out of Hours Opt Outs,PRC DELEGATED CO-COMMISSIONING,LEWIS C P & PARTNERS,25483400,3.1,,EX000078922
C&M-PMS Prem Actual Rent,PRC DELEGATED CO-COMMISSIONING,LEWIS C P & PARTNERS,25483400,"6,238.50",,EX000078922
C&M-PMS Prem Notional Rent,PRC DELEGATED CO-COMMISSIONING,LEWIS C P & PARTNERS,25483400,"6,083.33",,EX000078922
C&M-PMS QOF Aspiration,PRC DELEGATED CO-COMMISSIONING,LEWIS C P & PARTNERS,25483400,"14,127.63",,EX000078922
C&M-APMS Contract Value,PRC DELEGATED CO-COMMISSIONING,PRACTICE SURGERIES LTD,25483403,"37,584.12",,EX000078924
C&M-APMS PCO Other,PRC DELEGATED CO-COMMISSIONING,PRACTICE SURGERIES LTD,25483403,"2,510.00",,EX000078924
C&M-APMS Prem Notional Rent,PRC DELEGATED CO-COMMISSIONING,PRACTICE SURGERIES LTD,25483403,"2,474.58",,EX000078924
C&M-APMS Prem Rates,PRC DELEGATED CO-COMMISSIONING,PRACTICE SURGERIES LTD,25483403,"5,297.77",,EX000078924
C&M-PMS QOF Aspiration,PRC DELEGATED CO-COMMISSIONING,PRACTICE SURGERIES LTD,25483403,"2,376.60",,EX000078924
Hlthcre-Foundation Trsts,COMMUNITY SERVICES,ESSEX PARTNERSHIP UNIVERSITY NHS FT,25489908,"30,160.83",GB654974100,I0063714
Hcare Srv Rec Fdtn Trust-Contract Baseline,MENTAL HEALTH CONTRACTS,HERTFORDSHIRE PARTNERSHIP NHS FOUNDATION TRUST,25515984,"59,689.59",654950120,P0001689
Hcare Srv Rec NHS Trust-Contract Baseline,ACUTE COMMISSIONING,ROYAL NATIONAL ORTHOPAEDIC HOSPITAL NHS TRUST,25515993,"65,108.00",654947494,B0038897
Clinical&Medical-Independent Sector,PLANNED CARE,CHARTWELL PRIVATE HOSPITAL,25515998,"31,586.67",,1053
Hcare Srv Rec NHS Trust-Contract Baseline,ACUTE COMMISSIONING,BARKING HAVERING AND REDBRIDGE HOSPITALS NHS TRUST,25516019,"69,679.00",654924414,8453926
Hcare Srv Rec NHS Trust-Contract Baseline,ACUTE COMMISSIONING,MID ESSEX HOSPITALS SERVICES NHS TRUST,25516107,"325,599.00",654930128,2000109986
Hcare Srv Rec Fdtn Trust-Contract Baseline,MENTAL HEALTH CONTRACTS,ESSEX PARTNERSHIP UNIVERSITY NHS FT,25516140,"1,243,042.00",GB654974100,I0063813
Hcare Srv Rec Fdtn Trust-Contract Baseline,COMMUNITY SERVICES,ESSEX PARTNERSHIP UNIVERSITY NHS FT,25516146,"542,633.00",GB654974100,I0063811
Charges from CSU,CORPORATE COSTS & SERVICES,NHS ARDEN AND GEM CSU,25516819,"45,022.25",GB526164259,7312612813
Clinical&Medical-Independent Sector,PLANNED CARE,BMI SOUTHEND PRIVATE HOSPITAL,25550905,"51,950.84",235 1349 80,99FSOOM07OCTAI1819
Clinical&Medical-Independent Sector,PLANNED CARE,BMI SOUTHEND PRIVATE HOSPITAL,25550906,"64,976.99",235 1349 80,99FSOOM10JANINVOICE1819
Hcare Srv Rec Fdtn Trust-Non Contract,NCAS/OATS,HOMERTON UNIVERSITY HOSPITAL NHS FOUNDATION TRUST,25559106,"26,319.99",654965884,61286991
Clinical&Medical-Independent Sector,PRIMARY CARE IT,NHS ENGLAND,25559594,"25,868.00",654 442 045,7000030636
Hcare Srv Rec NHS Trust-Contract Baseline,AMBULANCE SERVICES,EAST OF ENGLAND AMBULANCE SERVICE NHS TRUST,25559819,"547,314.31",654919501,8112291
Hcare Srv Rec Fdtn Trust-Contract Baseline,ACUTE COMMISSIONING,BASILDON & THURROCK UNIVERSITY HOSPITALS NHS FOUNDATION TRUST,25559854,"1,196,000.00",GB 654911917,100321
Hcare Srv Rec Fdtn Trust-Contract Baseline,CHILD AND ADOLESCENT MENTAL HEALTH,NORTH EAST LONDON NHS FOUNDATION TRUST,25560267,"72,486.00",654404447,54015
Hcare Srv Rec Fdtn Trust-Contract Baseline,MENTAL HEALTH SERVICES - SPECIALIST SERVICES,NORTH EAST LONDON NHS FOUNDATION TRUST,25560267,"41,042.00",654404447,54015
Apprenticeship Levy Payable,BALANCE SHEET,HMRC,25576664,210,,120PY005652611909
Income tax <1Yr,BALANCE SHEET,HMRC,25576664,"50,428.56",,120PY005652611909
Income tax <1Yr-Student Loans,BALANCE SHEET,HMRC,25576664,362,,120PY005652611909
National Insurance < 1 yr-NI- ERS,BALANCE SHEET,HMRC,25576664,"32,120.79",,120PY005652611909
National Insurance < 1 yr-NI-EES,BALANCE SHEET,HMRC,25576664,"21,785.63",,120PY005652611909
Statutory Mat Pay < 1 yr,BALANCE SHEET,HMRC,25576664,"-1,869.98",,120PY005652611909
Hlthcre-Foundation Trsts,COMMUNITY SERVICES,ESSEX PARTNERSHIP UNIVERSITY NHS FT,25598725,"31,381.00",GB654974100,I0063710
Computer Software/License,PRESCRIBING,OPTUM HEALTH SOLUTIONS (UK) LTD,25598737,"56,421.28",GB108297604,1101866
Other Gen Supplies & Srv,MENTAL HEALTH SERVICES - SPECIALIST SERVICES,NHS WEST ESSEX CCG,25601848,"232,421.56",654461726,7022001021
Clinical&Medical-Othe Public Sector,REABLEMENT,ESSEX COUNTY COUNCIL,25601853,"925,764.51",104252813,1011023997
Hcare Srv Rec NHS Trust,PATIENT TRANSPORT,EAST OF ENGLAND AMBULANCE SERVICE NHS TRUST,25682313,"59,757.00",654919501,8112252
Clinical&Medical-Independent Sector,PLANNED CARE,EASTWOOD GROUP PRACTICE,25682325,"44,637.95",,EECCPR30
Hcare Srv Rec Fdtn Trust-Contract Baseline,MENTAL HEALTH CONTRACTS,HERTFORDSHIRE PARTNERSHIP NHS FOUNDATION TRUST,25682359,"59,689.59",654950120,P0001820
Clinical&Medical-Serv Recd-CCGs,MENTAL HEALTH CONTRACTS,NHS NORTH EAST ESSEX CCG,25711812,"97,500.00",654462625,7021501254
Clinical&Medical-Independent Sector - Contract Baseline,MENTAL HEALTH CONTRACTS,RETHINK,25711870,"33,678.06",,19081
Hlthcre-Foundation Trsts,COMMUNITY SERVICES,SOUTHEND UNIVERSITY HOSPITAL NHS FOUNDATION TRUST,25714187,"46,404.40",654942902,450447
Hcare Srv Rec Fdtn Trust-Contract Baseline,ACUTE COMMISSIONING,SOUTHEND UNIVERSITY HOSPITAL NHS FOUNDATION TRUST,25714189,"8,571,560.00",654942902,450413
C&M-GMS DES Minor Surgery,PRC DELEGATED CO-COMMISSIONING,CONNER S & PARTNERS,25725410,"9,929.44",,EX000079121
C&M-GMS Global Sum,PRC DELEGATED CO-COMMISSIONING,CONNER S & PARTNERS,25725410,"52,059.72",,EX000079121
C&M-GMS Other FDR Payment,PRC DELEGATED CO-COMMISSIONING,CONNER S & PARTNERS,25725410,"2,221.99",,EX000079121
C&M-GMS Prem Notional Rent,PRC DELEGATED CO-COMMISSIONING,CONNER S & PARTNERS,25725410,"4,350.00",,EX000079121
C&M-GMS QOF Aspiration,PRC DELEGATED CO-COMMISSIONING,CONNER S & PARTNERS,25725410,"5,864.35",,EX000079121
C&M-GMS Global Sum,PRC DELEGATED CO-COMMISSIONING,CYRUS C S & PARTNERS,25725412,"91,713.11",,EX000079123
C&M-GMS MPIG Correction Factor,PRC DELEGATED CO-COMMISSIONING,CYRUS C S & PARTNERS,25725412,"1,256.63",,EX000079123
C&M-GMS Prem Cost Rent,PRC DELEGATED CO-COMMISSIONING,CYRUS C S & PARTNERS,25725412,"3,550.00",,EX000079123
C&M-GMS Prem Notional Rent,PRC DELEGATED CO-COMMISSIONING,CYRUS C S & PARTNERS,25725412,"4,253.13",,EX000079123
C&M-GMS QOF Aspiration,PRC DELEGATED CO-COMMISSIONING,CYRUS C S & PARTNERS,25725412,"10,281.98",,EX000079123
C&M-GMS DES Minor Surgery,PRC DELEGATED CO-COMMISSIONING,GHAURI J B & PARTNER,25725416,"2,514.88",,EX000079127
C&M-GMS Global Sum,PRC DELEGATED CO-COMMISSIONING,GHAURI J B & PARTNER,25725416,"41,532.92",,EX000079127
C&M-GMS Other FDR Payment,PRC DELEGATED CO-COMMISSIONING,GHAURI J B & PARTNER,25725416,"1,534.48",,EX000079127
C&M-GMS Prem Notional Rent,PRC DELEGATED CO-COMMISSIONING,GHAURI J B & PARTNER,25725416,"1,868.75",,EX000079127
C&M-GMS Prem Water Rates,PRC DELEGATED CO-COMMISSIONING,GHAURI J B & PARTNER,25725416,133.07,,EX000079127
C&M-GMS QOF Aspiration,PRC DELEGATED CO-COMMISSIONING,GHAURI J B & PARTNER,25725416,"4,299.37",,EX000079127
C&M-GMS DES Minor Surgery,PRC DELEGATED CO-COMMISSIONING,GILL S S & PARTNER,25725418,"4,466.08",,EX000079129
C&M-GMS Global Sum,PRC DELEGATED CO-COMMISSIONING,GILL S S & PARTNER,25725418,"17,926.31",,EX000079129
C&M-GMS MPIG Correction Factor,PRC DELEGATED CO-COMMISSIONING,GILL S S & PARTNER,25725418,838.35,,EX000079129
C&M-GMS Prem Notional Rent,PRC DELEGATED CO-COMMISSIONING,GILL S S & PARTNER,25725418,"1,570.83",,EX000079129
C&M-GMS QOF Aspiration,PRC DELEGATED CO-COMMISSIONING,GILL S S & PARTNER,25725418,"1,362.05",,EX000079129
C&M-GMS Global Sum,PRC DELEGATED CO-COMMISSIONING,HIGH ROAD FAMILY DOCTORS,25725420,"23,957.41",,EX000079131
C&M-GMS Other FDR Payment,PRC DELEGATED CO-COMMISSIONING,HIGH ROAD FAMILY DOCTORS,25725420,"3,286.63",,EX000079131
C&M-GMS PCO Locum Sickness,PRC DELEGATED CO-COMMISSIONING,HIGH ROAD FAMILY DOCTORS,25725420,"8,561.08",,EX000079131
C&M-GMS Prem Actual Rent,PRC DELEGATED CO-COMMISSIONING,HIGH ROAD FAMILY DOCTORS,25725420,"3,208.33",,EX000079131
C&M-GMS Prem Water Rates,PRC DELEGATED CO-COMMISSIONING,HIGH ROAD FAMILY DOCTORS,25725420,257.05,,EX000079131
C&M-GMS QOF Aspiration,PRC DELEGATED CO-COMMISSIONING,HIGH ROAD FAMILY DOCTORS,25725420,"3,606.02",,EX000079131
C&M-GMS DES Extended Hours Access,PRC DELEGATED CO-COMMISSIONING,HISCOCK S C & PARTNERS,25725422,"6,084.28",,EX000079133
C&M-GMS DES Minor Surgery,PRC DELEGATED CO-COMMISSIONING,HISCOCK S C & PARTNERS,25725422,"2,644.96",,EX000079133
C&M-GMS Global Sum,PRC DELEGATED CO-COMMISSIONING,HISCOCK S C & PARTNERS,25725422,"84,791.84",,EX000079133
C&M-GMS Other FDR Payment,PRC DELEGATED CO-COMMISSIONING,HISCOCK S C & PARTNERS,25725422,"3,476.76",,EX000079133
C&M-GMS PCO Seniority,PRC DELEGATED CO-COMMISSIONING,HISCOCK S C & PARTNERS,25725422,"2,377.06",,EX000079133
C&M-GMS Prem Notional Rent,PRC DELEGATED CO-COMMISSIONING,HISCOCK S C & PARTNERS,25725422,"5,428.94",,EX000079133
C&M-GMS QOF Aspiration,PRC DELEGATED CO-COMMISSIONING,HISCOCK S C & PARTNERS,25725422,"10,193.11",,EX000079133
C&M-GMS DES Extended Hours Access,PRC DELEGATED CO-COMMISSIONING,KAMDAR MK & PARTNERS,25725424,"9,673.86",,EX000079135
C&M-GMS DES Minor Surgery,PRC DELEGATED CO-COMMISSIONING,KAMDAR MK & PARTNERS,25725424,"18,774.88",,EX000079135
C&M-GMS Global Sum,PRC DELEGATED CO-COMMISSIONING,KAMDAR MK & PARTNERS,25725424,"72,444.50",,EX000079135
C&M-GMS Other FDR Payment,PRC DELEGATED CO-COMMISSIONING,KAMDAR MK & PARTNERS,25725424,"2,018.21",,EX000079135
C&M-GMS Prem Actual Rent,PRC DELEGATED CO-COMMISSIONING,KAMDAR MK & PARTNERS,25725424,"20,573.52",,EX000079135
C&M-GMS QOF Aspiration,PRC DELEGATED CO-COMMISSIONING,KAMDAR MK & PARTNERS,25725424,"9,403.44",,EX000079135
C&M-GMS DES Extended Hours Access,PRC DELEGATED CO-COMMISSIONING,JAYAWEERA A H I,25725426,"1,595.53",,EX000079137
C&M-GMS DES Minor Surgery,PRC DELEGATED CO-COMMISSIONING,JAYAWEERA A H I,25725426,"1,257.44",,EX000079137
C&M-GMS Global Sum,PRC DELEGATED CO-COMMISSIONING,JAYAWEERA A H I,25725426,"19,956.15",,EX000079137
C&M-GMS Other FDR Payment,PRC DELEGATED CO-COMMISSIONING,JAYAWEERA A H I,25725426,"2,356.43",,EX000079137
C&M-GMS Prem Notional Rent,PRC DELEGATED CO-COMMISSIONING,JAYAWEERA A H I,25725426,"1,466.70",,EX000079137
C&M-GMS QOF Aspiration,PRC DELEGATED CO-COMMISSIONING,JAYAWEERA A H I,25725426,"1,815.21",,EX000079137
C&M-GMS Global Sum,PRC DELEGATED CO-COMMISSIONING,JENA R,25725428,"47,581.06",,EX000079139
C&M-GMS Prem Actual Rent,PRC DELEGATED CO-COMMISSIONING,JENA R,25725428,"15,055.65",,EX000079139
C&M-GMS QOF Aspiration,PRC DELEGATED CO-COMMISSIONING,JENA R,25725428,"5,322.94",,EX000079139
C&M-GMS DES Extended Hours Access,PRC DELEGATED CO-COMMISSIONING,KOTHARI C U & PARTNERS,25725430,"6,185.45",,EX000079141
C&M-GMS DES Minor Surgery,PRC DELEGATED CO-COMMISSIONING,KOTHARI C U & PARTNERS,25725430,"6,850.88",,EX000079141
C&M-GMS Global Sum,PRC DELEGATED CO-COMMISSIONING,KOTHARI C U & PARTNERS,25725430,"160,344.86",,EX000079141
C&M-GMS Other FDR Payment,PRC DELEGATED CO-COMMISSIONING,KOTHARI C U & PARTNERS,25725430,"4,450.26",,EX000079141
C&M-GMS Prem Actual Rent,PRC DELEGATED CO-COMMISSIONING,KOTHARI C U & PARTNERS,25725430,"2,500.00",,EX000079141
C&M-GMS Prem Notional Rent,PRC DELEGATED CO-COMMISSIONING,KOTHARI C U & PARTNERS,25725430,"3,750.00",,EX000079141
C&M-GMS QOF Aspiration,PRC DELEGATED CO-COMMISSIONING,KOTHARI C U & PARTNERS,25725430,"16,506.90",,EX000079141
C&M-GMS Global Sum,PRC DELEGATED CO-COMMISSIONING,KURIAKOSE B,25725432,"45,263.43",,EX000079143
C&M-GMS Other FDR Payment,PRC DELEGATED CO-COMMISSIONING,KURIAKOSE B,25725432,"3,742.83",,EX000079143
C&M-GMS Prem Notional Rent,PRC DELEGATED CO-COMMISSIONING,KURIAKOSE B,25725432,"3,595.94",,EX000079143
C&M-GMS QOF Aspiration,PRC DELEGATED CO-COMMISSIONING,KURIAKOSE B,25725432,"7,597.93",,EX000079143
C&M-GMS Global Sum,PRC DELEGATED CO-COMMISSIONING,KHALIL S M & PARTNER,25725434,"36,957.28",,EX000079145
C&M-GMS Prem Notional Rent,PRC DELEGATED CO-COMMISSIONING,KHALIL S M & PARTNER,25725434,"1,958.33",,EX000079145
C&M-GMS Prem Water Rates,PRC DELEGATED CO-COMMISSIONING,KHALIL S M & PARTNER,25725434,"1,683.52",,EX000079145
C&M-GMS QOF Aspiration,PRC DELEGATED CO-COMMISSIONING,KHALIL S M & PARTNER,25725434,"3,107.57",,EX000079145
C&M-GMS DES Minor Surgery,PRC DELEGATED CO-COMMISSIONING,LESTER M J & PARTNERS,25725436,867.2,,EX000079147
C&M-GMS Global Sum,PRC DELEGATED CO-COMMISSIONING,LESTER M J & PARTNERS,25725436,"90,060.64",,EX000079147
C&M-GMS Prem Notional Rent,PRC DELEGATED CO-COMMISSIONING,LESTER M J & PARTNERS,25725436,"5,677.67",,EX000079147
C&M-GMS QOF Aspiration,PRC DELEGATED CO-COMMISSIONING,LESTER M J & PARTNERS,25725436,"10,389.38",,EX000079147
C&M-GMS DES Minor Surgery,PRC DELEGATED CO-COMMISSIONING,RAHMAN H U & PARTNER,25725438,"1,777.76",,EX000079149
C&M-GMS Global Sum,PRC DELEGATED CO-COMMISSIONING,RAHMAN H U & PARTNER,25725438,"29,869.28",,EX000079149
C&M-GMS LES Pymnts re Choice GP,LOCAL ENHANCED SERVICES,RAHMAN H U & PARTNER,25725438,600,,EX000079149
C&M-GMS MPIG Correction Factor,PRC DELEGATED CO-COMMISSIONING,RAHMAN H U & PARTNER,25725438,400.72,,EX000079149
C&M-GMS Prem Notional Rent,PRC DELEGATED CO-COMMISSIONING,RAHMAN H U & PARTNER,25725438,"1,857.67",,EX000079149
C&M-GMS QOF Aspiration,PRC DELEGATED CO-COMMISSIONING,RAHMAN H U & PARTNER,25725438,"2,870.26",,EX000079149
C&M-GMS Global Sum,PRC DELEGATED CO-COMMISSIONING,RAMANATHAN S & PARTNERS,25725440,"25,620.28",,EX000079151
C&M-GMS Other FDR Payment,PRC DELEGATED CO-COMMISSIONING,RAMANATHAN S & PARTNERS,25725440,"2,172.86",,EX000079151
C&M-GMS Prem Notional Rent,PRC DELEGATED CO-COMMISSIONING,RAMANATHAN S & PARTNERS,25725440,"2,136.59",,EX000079151
C&M-GMS QOF Aspiration,PRC DELEGATED CO-COMMISSIONING,RAMANATHAN S & PARTNERS,25725440,"2,619.66",,EX000079151
C&M-GMS Global Sum,PRC DELEGATED CO-COMMISSIONING,SUKUMARAN M & PARTNERS,25725442,"47,806.60",,EX000079153
C&M-GMS Other FDR Payment,PRC DELEGATED CO-COMMISSIONING,SUKUMARAN M & PARTNERS,25725442,"3,667.29",,EX000079153
C&M-GMS Prem Actual Rent,PRC DELEGATED CO-COMMISSIONING,SUKUMARAN M & PARTNERS,25725442,"2,300.00",,EX000079153
C&M-GMS QOF Aspiration,PRC DELEGATED CO-COMMISSIONING,SUKUMARAN M & PARTNERS,25725442,"5,597.22",,EX000079153
C&M-GMS DES Extended Hours Access,PRC DELEGATED CO-COMMISSIONING,DR R J BAKER & PARTNERS,25725444,"3,084.18",,EX000079155
C&M-GMS DES Minor Surgery,PRC DELEGATED CO-COMMISSIONING,DR R J BAKER & PARTNERS,25725444,"1,084.00",,EX000079155
C&M-GMS Global Sum,PRC DELEGATED CO-COMMISSIONING,DR R J BAKER & PARTNERS,25725444,"43,429.69",,EX000079155
C&M-GMS MPIG Correction Factor,PRC DELEGATED CO-COMMISSIONING,DR R J BAKER & PARTNERS,25725444,446.83,,EX000079155
C&M-GMS Prem Notional Rent,PRC DELEGATED CO-COMMISSIONING,DR R J BAKER & PARTNERS,25725444,"2,714.47",,EX000079155
C&M-GMS QOF Aspiration,PRC DELEGATED CO-COMMISSIONING,DR R J BAKER & PARTNERS,25725444,"5,003.07",,EX000079155
Hcare Srv Rec Fdtn Trust-Contract Baseline,ACUTE COMMISSIONING,MOORFIELDS EYE HOSPITAL NHS FOUNDATION TRUST,25732870,"25,111.00",654930716,IC0036430
C&M-PMS Cost of Drugs -Dispensing,LOCAL ENHANCED SERVICES,FREEL J F & PARTNERS,25750243,"35,827.00",896734755,EX000079587
C&M-PMS Prof fees Dispensing,PRC DELEGATED CO-COMMISSIONING,FREEL J F & PARTNERS,25750243,"5,805.28",896734755,EX000079587
C&M-PMS Prsc Chrgs Cll&Rmttd by GPs,LOCAL ENHANCED SERVICES,FREEL J F & PARTNERS,25750243,871.2,896734755,EX000079587
Clinical&Medical-Independent Sector,COMMISSIONING SCHEMES,ACCIDENT & EMERGENCY AGENCY LTD,25759931,"-62,500.00",902905932,AE7129PC
C&M-PMS Cost of Drugs -Prescribing,LOCAL ENHANCED SERVICES,LEWIS C P & PARTNERS,25764998,"20,713.73",,EX000079758
C&M-PMS Prof fees Prescribing,PRC DELEGATED CO-COMMISSIONING,LEWIS C P & PARTNERS,25764998,"5,175.98",,EX000079758
Hcare Srv Rec Fdtn Trust-Contract Baseline,ACUTE COMMISSIONING,GUYS & ST THOMAS HOSPITAL NHS FOUNDATION TRUST,25774905,"58,269.00",654923417,3255649
Hcare Srv Rec Fdtn Trust-Contract Baseline,ACUTE COMMISSIONING,UNIVERSITY COLLEGE LONDON HOSPITALS NHS FOUNDATION TRUST,25789645,"96,371.00",654948687,5010189688
Clinical&Medical-Independent Sector,NON RECURRENT PROGRAMMES,ANGLIA RUSKIN UNIVERSITY,25794311,"32,959.00",637150940,60328869
Clinical&Medical-Independent Sector - Contract Baseline,MENTAL HEALTH CONTRACTS,MCCH SOCIETY LTD,25797873,"38,690.22",,SIN423660
Clinical&Medical-Independent Sector - Contract Baseline,MENTAL HEALTH CONTRACTS,MCCH SOCIETY LTD,25797879,"37,442.12",,SIN422319
Hlthcre-Foundation Trsts,COMMUNITY SERVICES,ESSEX PARTNERSHIP UNIVERSITY NHS FT,25797886,"31,350.67",GB654974100,I0063879
Hcare Srv Rec Fdtn Trust-Contract Baseline,COMMUNITY SERVICES,NORTH EAST LONDON NHS FOUNDATION TRUST,25797896,"85,091.00",654404447,54131
Hlthcre-Foundation Trsts,MENTAL HEALTH CONTRACTS,ESSEX PARTNERSHIP UNIVERSITY NHS FT,25797907,"62,717.74",GB654974100,I0064019
