Expense Type,Expense area,Supplier,Transaction number,AP Amount (�),VAT registration number,Purchase invoice number
Clinical&Medical-Independent Sector,OUT OF HOURS,INTEGRATED CARE 24 LTD,24555328,"206,604.29",991241024,2094
Clinical&Medical-Independent Sector - Contract Baseline,PLANNED CARE,SPIRE HEALTHCARE LTD,24572086,"-34,886.77",915970991,99FHWDREC181905
Clinical&Medical-Independent Sector - Contract Baseline,PLANNED CARE,SPIRE HEALTHCARE LTD,24572090,"-30,173.23",915970991,99FWLSREC181905
External Consultancy Fees,PROGRAMME PROJECTS,PRYDIUM LTD,24576478,"21,090.00",,258
Clinical&Medical-Independent Sector,PLANNED CARE,CHARTWELL PRIVATE HOSPITAL,24590304,"28,852.79",,997
Hcare Srv Rec NHS Trust-Contract Baseline,ACUTE COMMISSIONING,BARKING HAVERING AND REDBRIDGE HOSPITALS NHS TRUST,24590623,"69,679.00",654924414,8452981
Clinical&Medical-Independent Sector,PLANNED CARE,EASTWOOD GROUP PRACTICE,24590655,"57,906.09",,EECCPR28
C&M-GMS Practice Transformational Support,LOCAL ENHANCED SERVICES,GP HEALTHCARE ALLIANCE LTD,24599029,"74,882.00",,28
Hcare Srv Rec Fdtn Trust-Contract Baseline,COMMUNITY SERVICES,SOUTHEND UNIVERSITY HOSPITAL NHS FOUNDATION TRUST,24629491,"27,741.00",654942902,448961
Clinical&Medical-Independent Sector - Contract Baseline,PLANNED CARE,SPIRE HEALTHCARE LTD,24629575,"43,313.00",915970991,99FHWDPF181908
Clinical&Medical-Independent Sector,PLANNED CARE,SPIRE HEALTHCARE LTD,24629578,"391,266.00",915970991,99FWLSPF181908
Hlthcre-Foundation Trsts,MENTAL HEALTH SERVICES - SPECIALIST SERVICES,ESSEX PARTNERSHIP UNIVERSITY NHS FT,24629581,"214,508.00",GB654974100,I0062954
Hcare Srv Rec Fdtn Trust-Contract Cost per Case,MENTAL HEALTH CONTRACTS,ESSEX PARTNERSHIP UNIVERSITY NHS FT,24629594,"45,451.45",GB654974100,I0062957
Hcare Srv Rec Fdtn Trust-Contract Baseline,ACUTE COMMISSIONING,UNIVERSITY COLLEGE LONDON HOSPITALS NHS FOUNDATION TRUST,24629602,"96,371.00",654948687,5010182411
Charges from CSU,CEO/ BOARD OFFICE,NHS ARDEN AND GEM CSU,24629639,"45,022.25",GB526164259,7312612294
Hcare Srv Rec Fdtn Trust-Contract Baseline,CHILD AND ADOLESCENT MENTAL HEALTH,NORTH EAST LONDON NHS FOUNDATION TRUST,24629642,"72,486.00",654404447,52724
Hcare Srv Rec Fdtn Trust-Contract Baseline,MENTAL HEALTH SERVICES - SPECIALIST SERVICES,NORTH EAST LONDON NHS FOUNDATION TRUST,24629642,"43,476.00",654404447,52724
Hcare Srv Rec NHS Trust-Contract Baseline,ACUTE COMMISSIONING,MID ESSEX HOSPITALS SERVICES NHS TRUST,24629649,"325,599.00",654930128,2000109240
Clinical&Medical-Independent Sector,PLANNED CARE,SPRINGFIELD HOSPITAL,24629652,"49,799.12",GB-426505170,3087
Hcare Srv Rec Fdtn Trust-Contract Baseline,MENTAL HEALTH CONTRACTS,ESSEX PARTNERSHIP UNIVERSITY NHS FT,24629660,"1,243,042.00",GB654974100,I0063072
Hcare Srv Rec Fdtn Trust-Contract Baseline,COMMUNITY SERVICES,ESSEX PARTNERSHIP UNIVERSITY NHS FT,24629666,"542,633.00",GB654974100,I0063069
Hcare Srv Rec NHS Trust-Contract Baseline,ACUTE COMMISSIONING,ROYAL NATIONAL ORTHOPAEDIC HOSPITAL NHS TRUST,24655351,"65,107.00",654947494,B0038325
C&M-PMS Contract Value,PRC DELEGATED CO-COMMISSIONING,ASHINGDON MEDICAL CENTRE,24670081,"67,392.00",,EX000077012
C&M-PMS Funding Differential Review,PRC DELEGATED CO-COMMISSIONING,ASHINGDON MEDICAL CENTRE,24670081,578.55,,EX000077012
C&M-PMS List Size Adjustment,PRC DELEGATED CO-COMMISSIONING,ASHINGDON MEDICAL CENTRE,24670081,"6,773.47",,EX000077012
C&M-PMS Out of Hours Opt Outs,PRC DELEGATED CO-COMMISSIONING,ASHINGDON MEDICAL CENTRE,24670081,9.85,,EX000077012
C&M-PMS Prem Actual Rent,PRC DELEGATED CO-COMMISSIONING,ASHINGDON MEDICAL CENTRE,24670081,"15,714.96",,EX000077012
C&M-PMS Prem Notional Rent,PRC DELEGATED CO-COMMISSIONING,ASHINGDON MEDICAL CENTRE,24670081,"2,625.00",,EX000077012
C&M-PMS Prem Water Rates,PRC DELEGATED CO-COMMISSIONING,ASHINGDON MEDICAL CENTRE,24670081,117.42,,EX000077012
C&M-PMS QOF Aspiration,PRC DELEGATED CO-COMMISSIONING,ASHINGDON MEDICAL CENTRE,24670081,"2,840.06",,EX000077012
C&M-PMS Contract Value,PRC DELEGATED CO-COMMISSIONING,FREEL J F & PARTNERS,24670083,"77,474.47",896734755,EX000077014
C&M-PMS Funding Differential Review,PRC DELEGATED CO-COMMISSIONING,FREEL J F & PARTNERS,24670083,527.8,896734755,EX000077014
C&M-PMS List Size Adjustment,PRC DELEGATED CO-COMMISSIONING,FREEL J F & PARTNERS,24670083,195.12,896734755,EX000077014
C&M-PMS Out of Hours Opt Outs,PRC DELEGATED CO-COMMISSIONING,FREEL J F & PARTNERS,24670083,8.12,896734755,EX000077014
C&M-PMS Prem Notional Rent,PRC DELEGATED CO-COMMISSIONING,FREEL J F & PARTNERS,24670083,"8,937.50",896734755,EX000077014
C&M-PMS QOF Aspiration,PRC DELEGATED CO-COMMISSIONING,FREEL J F & PARTNERS,24670083,"7,957.68",896734755,EX000077014
C&M-PMS GP Statutory Levy,PRC DELEGATED CO-COMMISSIONING,LEWIS C P & PARTNERS,24670084,-709.81,,EX000077015
C&M-PMS List Size Adjustment,PRC DELEGATED CO-COMMISSIONING,LEWIS C P & PARTNERS,24670084,-46.96,,EX000077015
C&M-PMS Out of Hours Opt Outs,PRC DELEGATED CO-COMMISSIONING,LEWIS C P & PARTNERS,24670084,"-7,075.90",,EX000077015
C&M-PMS Voluntary Levy,PRC DELEGATED CO-COMMISSIONING,LEWIS C P & PARTNERS,24670084,-128.47,,EX000077015
ME-PMS GP Pension EEs-PMS,PRC DELEGATED CO-COMMISSIONING,LEWIS C P & PARTNERS,24670084,"-11,222.01",,EX000077015
ME-PMS GP Pension ERs Adjs - PMS,PRC DELEGATED CO-COMMISSIONING,LEWIS C P & PARTNERS,24670084,"-11,769.31",,EX000077015
C&M-PMS Contract Value,PRC DELEGATED CO-COMMISSIONING,LEWIS C P & PARTNERS,24670085,"144,666.12",,EX000077016
C&M-PMS List Size Adjustment,PRC DELEGATED CO-COMMISSIONING,LEWIS C P & PARTNERS,24670085,"2,327.94",,EX000077016
C&M-PMS Out of Hours Opt Outs,PRC DELEGATED CO-COMMISSIONING,LEWIS C P & PARTNERS,24670085,2.29,,EX000077016
C&M-PMS Prem Actual Rent,PRC DELEGATED CO-COMMISSIONING,LEWIS C P & PARTNERS,24670085,"6,238.50",,EX000077016
C&M-PMS Prem Notional Rent,PRC DELEGATED CO-COMMISSIONING,LEWIS C P & PARTNERS,24670085,"6,083.33",,EX000077016
C&M-PMS QOF Aspiration,PRC DELEGATED CO-COMMISSIONING,LEWIS C P & PARTNERS,24670085,"14,127.63",,EX000077016
C&M-APMS Contract Value,PRC DELEGATED CO-COMMISSIONING,PRACTICE SURGERIES LTD,24670087,"37,584.12",,EX000077018
C&M-APMS Prem Notional Rent,PRC DELEGATED CO-COMMISSIONING,PRACTICE SURGERIES LTD,24670087,"2,474.58",,EX000077018
C&M-APMS Prem Rates,PRC DELEGATED CO-COMMISSIONING,PRACTICE SURGERIES LTD,24670087,"12,015.54",,EX000077018
C&M-PMS QOF Aspiration,PRC DELEGATED CO-COMMISSIONING,PRACTICE SURGERIES LTD,24670087,"2,376.60",,EX000077018
Hcare Srv Rec Fdtn Trust-Contract Baseline,ACUTE COMMISSIONING,BASILDON & THURROCK UNIVERSITY HOSPITALS NHS FOUNDATION TRUST,24724568,"776,323.00",GB 654911917,99114
Clinical&Medical-Independent Sector,PLANNED CARE,CHARTWELL PRIVATE HOSPITAL,24724581,"27,934.77",,1018
Hcare Srv Rec NHS Trust-Contract Baseline,AMBULANCE SERVICES,EAST OF ENGLAND AMBULANCE SERVICE NHS TRUST,24724681,"547,314.31",654919501,8111440
Apprenticeship Levy Payable,BALANCE SHEET,HMRC,24762033,126,,120PY005652611907
Income tax <1Yr,BALANCE SHEET,HMRC,24762033,"50,896.40",,120PY005652611907
Income tax <1Yr-Student Loans,BALANCE SHEET,HMRC,24762033,146,,120PY005652611907
National Insurance < 1 yr-NI- ERS,BALANCE SHEET,HMRC,24762033,"30,826.28",,120PY005652611907
National Insurance < 1 yr-NI-EES,BALANCE SHEET,HMRC,24762033,"20,104.10",,120PY005652611907
Statutory Mat Pay < 1 yr,BALANCE SHEET,HMRC,24762033,"-5,396.66",,120PY005652611907
Clinical&Medical-Independent Sector,PLANNED CARE,BMI SOUTHEND PRIVATE HOSPITAL,24764268,"64,976.99",235 1349 80,99FSOOM8NOVINVOICE1819
Hcare Srv Rec Fdtn Trust-Contract Baseline,ACUTE COMMISSIONING,MOORFIELDS EYE HOSPITAL NHS FOUNDATION TRUST,24788148,"25,111.00",654930716,IC0035883
Hcare Srv Rec Fdtn Trust-Contract Baseline,ACUTE COMMISSIONING,SOUTHEND UNIVERSITY HOSPITAL NHS FOUNDATION TRUST,24833145,"8,571,560.00",654942902,449387
Hlthcre-Foundation Trsts,COMMUNITY SERVICES,SOUTHEND UNIVERSITY HOSPITAL NHS FOUNDATION TRUST,24868305,"46,404.40",654942902,449398
Hcare Srv Rec Fdtn Trust-Contract Baseline,MENTAL HEALTH CONTRACTS,HERTFORDSHIRE PARTNERSHIP NHS FOUNDATION TRUST,24868310,"59,689.59",654950120,P0001539
Hcare Srv Rec Fdtn Trust-Contract Baseline,MENTAL HEALTH CONTRACTS,HERTFORDSHIRE PARTNERSHIP NHS FOUNDATION TRUST,24868314,"59,689.59",654950120,P0001548
Hcare Srv Rec Fdtn Trust-Contract Baseline,ACUTE COMMISSIONING,UNIVERSITY COLLEGE LONDON HOSPITALS NHS FOUNDATION TRUST,24868348,"96,371.00",654948687,5010185906
Hcare Srv Rec NHS Trust-Over/ Under Performance,ACUTE COMMISSIONING,BARTS HEALTH NHS TRUST,24887644,"34,407.90",654947005,355351
C&M-GMS Global Sum,PRC DELEGATED CO-COMMISSIONING,JAYAWEERA A H I,24907242,"20,013.93",,EX000077225
C&M-GMS Other FDR Payment,PRC DELEGATED CO-COMMISSIONING,JAYAWEERA A H I,24907242,"2,356.43",,EX000077225
C&M-GMS Prem Notional Rent,PRC DELEGATED CO-COMMISSIONING,JAYAWEERA A H I,24907242,"1,466.70",,EX000077225
C&M-GMS QOF Aspiration,PRC DELEGATED CO-COMMISSIONING,JAYAWEERA A H I,24907242,"1,815.21",,EX000077225
C&M-GMS Global Sum,PRC DELEGATED CO-COMMISSIONING,KOTHARI C U & PARTNERS,24907245,"160,995.25",,EX000077229
C&M-GMS Other FDR Payment,PRC DELEGATED CO-COMMISSIONING,KOTHARI C U & PARTNERS,24907245,"4,450.26",,EX000077229
C&M-GMS Prem Actual Rent,PRC DELEGATED CO-COMMISSIONING,KOTHARI C U & PARTNERS,24907245,"2,500.00",,EX000077229
C&M-GMS Prem Notional Rent,PRC DELEGATED CO-COMMISSIONING,KOTHARI C U & PARTNERS,24907245,"3,750.00",,EX000077229
C&M-GMS QOF Aspiration,PRC DELEGATED CO-COMMISSIONING,KOTHARI C U & PARTNERS,24907245,"16,506.90",,EX000077229
C&M-GMS Global Sum,PRC DELEGATED CO-COMMISSIONING,KURIAKOSE B,24907247,"45,366.08",,EX000077231
C&M-GMS Other FDR Payment,PRC DELEGATED CO-COMMISSIONING,KURIAKOSE B,24907247,"3,742.83",,EX000077231
C&M-GMS Prem Notional Rent,PRC DELEGATED CO-COMMISSIONING,KURIAKOSE B,24907247,"3,595.94",,EX000077231
C&M-GMS QOF Aspiration,PRC DELEGATED CO-COMMISSIONING,KURIAKOSE B,24907247,"7,597.93",,EX000077231
C&M-GP PRACTICE REVENUE - PCTF,PRC DELEGATED CO-COMMISSIONING,KURIAKOSE B,24907247,"6,615.28",,EX000077231
Hcare Srv Rec NHS Trust-Over/ Under Performance,ACUTE COMMISSIONING,BARTS HEALTH NHS TRUST,24917482,"27,369.47",654947005,355334
C&M-GMS Global Sum,PRC DELEGATED CO-COMMISSIONING,CYRUS C S & PARTNERS,24928046,"92,019.97",,EX000077211
C&M-GMS LES Atrial Fibrillation,LOCAL ENHANCED SERVICES,CYRUS C S & PARTNERS,24928046,573.44,,EX000077211
C&M-GMS MPIG Correction Factor,PRC DELEGATED CO-COMMISSIONING,CYRUS C S & PARTNERS,24928046,"1,256.63",,EX000077211
C&M-GMS Prem Cost Rent,PRC DELEGATED CO-COMMISSIONING,CYRUS C S & PARTNERS,24928046,"3,550.00",,EX000077211
C&M-GMS Prem Notional Rent,PRC DELEGATED CO-COMMISSIONING,CYRUS C S & PARTNERS,24928046,"4,253.13",,EX000077211
C&M-GMS QOF Aspiration,PRC DELEGATED CO-COMMISSIONING,CYRUS C S & PARTNERS,24928046,"10,281.98",,EX000077211
C&M-GMS Global Sum,PRC DELEGATED CO-COMMISSIONING,CONNER S & PARTNERS,24928047,"51,943.72",,EX000077209
C&M-GMS LES Atrial Fibrillation,LOCAL ENHANCED SERVICES,CONNER S & PARTNERS,24928047,273.44,,EX000077209
C&M-GMS Other FDR Payment,PRC DELEGATED CO-COMMISSIONING,CONNER S & PARTNERS,24928047,"2,221.99",,EX000077209
C&M-GMS Prem Notional Rent,PRC DELEGATED CO-COMMISSIONING,CONNER S & PARTNERS,24928047,"4,350.00",,EX000077209
C&M-GMS QOF Aspiration,PRC DELEGATED CO-COMMISSIONING,CONNER S & PARTNERS,24928047,"5,864.35",,EX000077209
C&M-GMS Global Sum,PRC DELEGATED CO-COMMISSIONING,GHAURI J B & PARTNER,24928048,"41,488.27",,EX000077215
C&M-GMS LES Atrial Fibrillation,LOCAL ENHANCED SERVICES,GHAURI J B & PARTNER,24928048,247,,EX000077215
C&M-GMS Other FDR Payment,PRC DELEGATED CO-COMMISSIONING,GHAURI J B & PARTNER,24928048,"1,534.48",,EX000077215
C&M-GMS Prem Notional Rent,PRC DELEGATED CO-COMMISSIONING,GHAURI J B & PARTNER,24928048,"1,868.75",,EX000077215
C&M-GMS QOF Aspiration,PRC DELEGATED CO-COMMISSIONING,GHAURI J B & PARTNER,24928048,"4,299.37",,EX000077215
C&M-GMS Global Sum,PRC DELEGATED CO-COMMISSIONING,HIGH ROAD FAMILY DOCTORS,24928050,"23,821.50",,EX000077219
C&M-GMS Other FDR Payment,PRC DELEGATED CO-COMMISSIONING,HIGH ROAD FAMILY DOCTORS,24928050,"3,286.63",,EX000077219
C&M-GMS PCO Locum Sickness,PRC DELEGATED CO-COMMISSIONING,HIGH ROAD FAMILY DOCTORS,24928050,"1,751.52",,EX000077219
C&M-GMS PCO Other,PRC DELEGATED CO-COMMISSIONING,HIGH ROAD FAMILY DOCTORS,24928050,"2,720.00",,EX000077219
C&M-GMS Prem Actual Rent,PRC DELEGATED CO-COMMISSIONING,HIGH ROAD FAMILY DOCTORS,24928050,"3,208.33",,EX000077219
C&M-GMS QOF Aspiration,PRC DELEGATED CO-COMMISSIONING,HIGH ROAD FAMILY DOCTORS,24928050,"3,606.02",,EX000077219
C&M-GMS Global Sum,PRC DELEGATED CO-COMMISSIONING,HISCOCK S C & PARTNERS,24928051,"84,833.74",,EX000077221
C&M-GMS LES Atrial Fibrillation,LOCAL ENHANCED SERVICES,HISCOCK S C & PARTNERS,24928051,496.12,,EX000077221
C&M-GMS Other FDR Payment,PRC DELEGATED CO-COMMISSIONING,HISCOCK S C & PARTNERS,24928051,"3,476.76",,EX000077221
C&M-GMS Prem Notional Rent,PRC DELEGATED CO-COMMISSIONING,HISCOCK S C & PARTNERS,24928051,"5,428.94",,EX000077221
C&M-GMS QOF Aspiration,PRC DELEGATED CO-COMMISSIONING,HISCOCK S C & PARTNERS,24928051,"10,193.11",,EX000077221
C&M-GMS Global Sum,PRC DELEGATED CO-COMMISSIONING,KAMDAR MK & PARTNERS,24928052,"72,347.23",,EX000077223
C&M-GMS LES Atrial Fibrillation,LOCAL ENHANCED SERVICES,KAMDAR MK & PARTNERS,24928052,419.48,,EX000077223
C&M-GMS Other FDR Payment,PRC DELEGATED CO-COMMISSIONING,KAMDAR MK & PARTNERS,24928052,"2,018.21",,EX000077223
C&M-GMS Prem Actual Rent,PRC DELEGATED CO-COMMISSIONING,KAMDAR MK & PARTNERS,24928052,"20,573.52",,EX000077223
C&M-GMS QOF Aspiration,PRC DELEGATED CO-COMMISSIONING,KAMDAR MK & PARTNERS,24928052,"9,403.44",,EX000077223
C&M-GMS Global Sum,PRC DELEGATED CO-COMMISSIONING,JENA R,24928053,"47,134.33",,EX000077227
C&M-GMS LES Atrial Fibrillation,LOCAL ENHANCED SERVICES,JENA R,24928053,221.08,,EX000077227
C&M-GMS Prem Actual Rent,PRC DELEGATED CO-COMMISSIONING,JENA R,24928053,"15,055.65",,EX000077227
C&M-GMS QOF Aspiration,PRC DELEGATED CO-COMMISSIONING,JENA R,24928053,"5,322.94",,EX000077227
C&M-GMS Global Sum,PRC DELEGATED CO-COMMISSIONING,KHALIL S M & PARTNER,24928054,"37,087.14",,EX000077233
C&M-GMS LES Atrial Fibrillation,LOCAL ENHANCED SERVICES,KHALIL S M & PARTNER,24928054,223.36,,EX000077233
C&M-GMS Prem Notional Rent,PRC DELEGATED CO-COMMISSIONING,KHALIL S M & PARTNER,24928054,"1,958.33",,EX000077233
C&M-GMS QOF Aspiration,PRC DELEGATED CO-COMMISSIONING,KHALIL S M & PARTNER,24928054,"3,107.57",,EX000077233
C&M-GMS Global Sum,PRC DELEGATED CO-COMMISSIONING,LESTER M J & PARTNERS,24928055,"91,551.41",,EX000077235
C&M-GMS LES Atrial Fibrillation,LOCAL ENHANCED SERVICES,LESTER M J & PARTNERS,24928055,571.28,,EX000077235
C&M-GMS Prem Notional Rent,PRC DELEGATED CO-COMMISSIONING,LESTER M J & PARTNERS,24928055,"5,677.67",,EX000077235
C&M-GMS QOF Aspiration,PRC DELEGATED CO-COMMISSIONING,LESTER M J & PARTNERS,24928055,"10,389.38",,EX000077235
C&M-GMS Global Sum,PRC DELEGATED CO-COMMISSIONING,RAHMAN H U & PARTNER,24928056,"30,063.07",,EX000077237
C&M-GMS LES Atrial Fibrillation,LOCAL ENHANCED SERVICES,RAHMAN H U & PARTNER,24928056,180.12,,EX000077237
C&M-GMS MPIG Correction Factor,PRC DELEGATED CO-COMMISSIONING,RAHMAN H U & PARTNER,24928056,400.72,,EX000077237
C&M-GMS Prem Notional Rent,PRC DELEGATED CO-COMMISSIONING,RAHMAN H U & PARTNER,24928056,"1,857.67",,EX000077237
C&M-GMS QOF Aspiration,PRC DELEGATED CO-COMMISSIONING,RAHMAN H U & PARTNER,24928056,"2,870.26",,EX000077237
C&M-GMS Global Sum,PRC DELEGATED CO-COMMISSIONING,RAMANATHAN S & PARTNERS,24928057,"25,399.17",,EX000077239
C&M-GMS LES Atrial Fibrillation,LOCAL ENHANCED SERVICES,RAMANATHAN S & PARTNERS,24928057,170.48,,EX000077239
C&M-GMS Other FDR Payment,PRC DELEGATED CO-COMMISSIONING,RAMANATHAN S & PARTNERS,24928057,"2,172.86",,EX000077239
C&M-GMS Prem Notional Rent,PRC DELEGATED CO-COMMISSIONING,RAMANATHAN S & PARTNERS,24928057,"2,136.59",,EX000077239
C&M-GMS QOF Aspiration,PRC DELEGATED CO-COMMISSIONING,RAMANATHAN S & PARTNERS,24928057,"2,619.66",,EX000077239
C&M-GMS Global Sum,PRC DELEGATED CO-COMMISSIONING,SUKUMARAN M & PARTNERS,24928058,"47,522.06",,EX000077241
C&M-GMS LES Atrial Fibrillation,LOCAL ENHANCED SERVICES,SUKUMARAN M & PARTNERS,24928058,294.24,,EX000077241
C&M-GMS Other FDR Payment,PRC DELEGATED CO-COMMISSIONING,SUKUMARAN M & PARTNERS,24928058,"3,667.29",,EX000077241
C&M-GMS Prem Actual Rent,PRC DELEGATED CO-COMMISSIONING,SUKUMARAN M & PARTNERS,24928058,"2,300.00",,EX000077241
C&M-GMS QOF Aspiration,PRC DELEGATED CO-COMMISSIONING,SUKUMARAN M & PARTNERS,24928058,"5,597.22",,EX000077241
C&M-GMS Global Sum,PRC DELEGATED CO-COMMISSIONING,DR R J BAKER & PARTNERS,24928059,"42,893.95",,EX000077243
C&M-GMS LES Atrial Fibrillation,LOCAL ENHANCED SERVICES,DR R J BAKER & PARTNERS,24928059,254.64,,EX000077243
C&M-GMS MPIG Correction Factor,PRC DELEGATED CO-COMMISSIONING,DR R J BAKER & PARTNERS,24928059,446.83,,EX000077243
C&M-GMS Prem Notional Rent,PRC DELEGATED CO-COMMISSIONING,DR R J BAKER & PARTNERS,24928059,"2,714.47",,EX000077243
C&M-GMS QOF Aspiration,PRC DELEGATED CO-COMMISSIONING,DR R J BAKER & PARTNERS,24928059,"5,003.07",,EX000077243
C&M-PMS Cost of Drugs -Dispensing,LOCAL ENHANCED SERVICES,FREEL J F & PARTNERS,24930141,"39,425.57",896734755,EX000077680
C&M-PMS Prof fees Dispensing,PRC DELEGATED CO-COMMISSIONING,FREEL J F & PARTNERS,24930141,"4,762.65",896734755,EX000077680
C&M-PMS Prsc Chrgs Cll&Rmttd by GPs,LOCAL ENHANCED SERVICES,FREEL J F & PARTNERS,24930141,800.8,896734755,EX000077680
Hlthcre-Foundation Trsts,COMMUNITY SERVICES,ESSEX PARTNERSHIP UNIVERSITY NHS FT,24941317,"164,240.00",GB654974100,I0062809
Hlthcre-Foundation Trsts,COMMUNITY SERVICES,ESSEX PARTNERSHIP UNIVERSITY NHS FT,24941320,"90,785.00",GB654974100,I0062821
Hcare Srv Rec Fdtn Trust-Contract Baseline,ACUTE COMMISSIONING,GUYS & ST THOMAS HOSPITAL NHS FOUNDATION TRUST,24941343,"58,269.00",654923417,3251860
Hcare Srv Rec NHS Trust-Contract Baseline,ACUTE COMMISSIONING,BARTS HEALTH NHS TRUST,24941345,"152,843.00",654947005,356992
Clinical&Medical-Independent Sector,PLANNED CARE,BMI SOUTHEND PRIVATE HOSPITAL,24941348,"64,976.99",235 1349 80,99FSOOM09DECINVOICE1819
C&M-GMS Cost of Drugs -Prescribing,LOCAL ENHANCED SERVICES,LESTER M J & PARTNERS,24948028,"20,487.41",,EX000077849
C&M-GMS Prof Fees Prescribing,PRC DELEGATED CO-COMMISSIONING,LESTER M J & PARTNERS,24948028,"4,543.14",,EX000077849
Hlthcre-Foundation Trsts,COMMUNITY SERVICES,ESSEX PARTNERSHIP UNIVERSITY NHS FT,24986056,"-31,890.36",GB654974100,C0006078
Hlthcre-Foundation Trsts,COMMUNITY SERVICES,ESSEX PARTNERSHIP UNIVERSITY NHS FT,24986070,"48,814.00",GB654974100,I0062818
Hlthcre-Foundation Trsts,COMMUNITY SERVICES,ESSEX PARTNERSHIP UNIVERSITY NHS FT,24986072,"29,759.00",GB654974100,I0062814
