Expense Type,Expense area,Supplier,Transaction number,AP Amount (�),VAT registration number,Purchase invoice number
Clinical&Medical-Independent Sector,COMMISSIONING SCHEMES,EAST LYNNE MEDICAL CENTRE,22258502,"45,118.13",,EUELMC11
Hcare Srv Rec NHS Trust-Contract Baseline,AMBULANCE SERVICES,EAST OF ENGLAND AMBULANCE SERVICE NHS TRUST,22876336,"547,314.31",,8109781
Clinical&Medical-Othe Public Sector,REABLEMENT,ESSEX COUNTY COUNCIL,22892206,"925,764.50",104252813,1010796078
Voids and Subsidies,RECHARGES NHS PROPERTY SERVICES LTD,COMMUNITY HEALTH PARTNERSHIPS LTD,22901934,"-76,223.02",GB782562113,60072759
Clinical&Medical-Independent Sector,PRC DELEGATED CO-COMMISSIONING,OAKLANDS SURGERY,22906580,"30,384.48",,1010
Hcare Srv Rec NHS Trust-Contract Baseline,ACUTE COMMISSIONING,ROYAL NATIONAL ORTHOPAEDIC HOSPITAL NHS TRUST,22928862,"65,108.00",,B0037315
Hcare Srv Rec Fdtn Trust-Contract Baseline,COMMUNITY SERVICES,ESSEX PARTNERSHIP UNIVERSITY NHS FT,22928946,"546,350.92",GB654974100,I0061547
Hcare Srv Rec Fdtn Trust-Contract Baseline,MENTAL HEALTH CONTRACTS,ESSEX PARTNERSHIP UNIVERSITY NHS FT,22928951,"1,245,063.00",GB654974100,I0061521
C&M-PMS Contract Value,PRC DELEGATED CO-COMMISSIONING,ASHINGDON MEDICAL CENTRE,22948270,"66,546.20",,EX000073218
C&M-PMS Funding Differential Review,PRC DELEGATED CO-COMMISSIONING,ASHINGDON MEDICAL CENTRE,22948270,578.55,,EX000073218
C&M-PMS List Size Adjustment,PRC DELEGATED CO-COMMISSIONING,ASHINGDON MEDICAL CENTRE,22948270,596.9,,EX000073218
C&M-PMS Out of Hours Opt Outs,PRC DELEGATED CO-COMMISSIONING,ASHINGDON MEDICAL CENTRE,22948270,9.85,,EX000073218
C&M-PMS Prem Actual Rent,PRC DELEGATED CO-COMMISSIONING,ASHINGDON MEDICAL CENTRE,22948270,"17,514.87",,EX000073218
C&M-PMS Prem Notional Rent,PRC DELEGATED CO-COMMISSIONING,ASHINGDON MEDICAL CENTRE,22948270,"2,625.00",,EX000073218
C&M-PMS QOF Achievement,PRC DELEGATED CO-COMMISSIONING,ASHINGDON MEDICAL CENTRE,22948270,"47,542.48",,EX000073218
C&M-PMS QOF Aspiration,PRC DELEGATED CO-COMMISSIONING,ASHINGDON MEDICAL CENTRE,22948270,"2,840.06",,EX000073218
C&M-APMS Contract Value,PRC DELEGATED CO-COMMISSIONING,PRACTICE SURGERIES LTD,22948276,"37,584.12",,EX000073224
C&M-APMS Prem Notional Rent,PRC DELEGATED CO-COMMISSIONING,PRACTICE SURGERIES LTD,22948276,"2,474.58",,EX000073224
C&M-PMS QOF Aspiration,PRC DELEGATED CO-COMMISSIONING,PRACTICE SURGERIES LTD,22948276,"2,376.60",,EX000073224
Clinical&Medical-Independent Sector,PLANNED CARE,SPIRE HEALTHCARE LTD,22967220,"43,313.00",915970991,99FHWDPF181904
Clinical&Medical-Independent Sector,PLANNED CARE,SPIRE HEALTHCARE LTD,22967222,"391,266.00",915970991,99FWLSPF181904
Hcare Srv Rec Fdtn Trust-Contract Baseline,ACUTE COMMISSIONING,BASILDON & THURROCK UNIVERSITY HOSPITALS NHS FOUNDATION TRUST,22967228,"776,323.00",,96516
Hcare Srv Rec NHS Trust-Contract Baseline,ACUTE COMMISSIONING,BARTS HEALTH NHS TRUST,22967233,"152,843.00",,341099
Hcare Srv Rec NHS Trust-Contract Baseline,ACUTE COMMISSIONING,BARKING HAVERING AND REDBRIDGE HOSPITALS NHS TRUST,22967248,"69,679.00",,8450726
C&M-PMS Contract Value,PRC DELEGATED CO-COMMISSIONING,FREEL J F & PARTNERS,22975968,"76,569.82",896734755,EX000073220
C&M-PMS Funding Differential Review,PRC DELEGATED CO-COMMISSIONING,FREEL J F & PARTNERS,22975968,527.8,896734755,EX000073220
C&M-PMS Out of Hours Opt Outs,PRC DELEGATED CO-COMMISSIONING,FREEL J F & PARTNERS,22975968,4.5,896734755,EX000073220
C&M-PMS PCO Other,PRC DELEGATED CO-COMMISSIONING,FREEL J F & PARTNERS,22975968,"6,474.00",896734755,EX000073220
C&M-PMS Prem Notional Rent,PRC DELEGATED CO-COMMISSIONING,FREEL J F & PARTNERS,22975968,"8,937.50",896734755,EX000073220
C&M-PMS QOF Aspiration,PRC DELEGATED CO-COMMISSIONING,FREEL J F & PARTNERS,22975968,"7,957.68",896734755,EX000073220
C&M-PMS GP Statutory Levy,PRC DELEGATED CO-COMMISSIONING,LEWIS C P & PARTNERS,22975969,-709.81,,EX000073221
C&M-PMS List Size Adjustment,PRC DELEGATED CO-COMMISSIONING,LEWIS C P & PARTNERS,22975969,-46.96,,EX000073221
C&M-PMS Out of Hours Opt Outs,PRC DELEGATED CO-COMMISSIONING,LEWIS C P & PARTNERS,22975969,"-6,962.59",,EX000073221
C&M-PMS Voluntary Levy,PRC DELEGATED CO-COMMISSIONING,LEWIS C P & PARTNERS,22975969,-128,,EX000073221
ME-PMS GP Pension EEs Adjs - PMS,PRC DELEGATED CO-COMMISSIONING,LEWIS C P & PARTNERS,22975969,-700.02,,EX000073221
ME-PMS GP Pension EEs-PMS,PRC DELEGATED CO-COMMISSIONING,LEWIS C P & PARTNERS,22975969,"-11,222.01",,EX000073221
ME-PMS GP Pension ERs Adjs - PMS,PRC DELEGATED CO-COMMISSIONING,LEWIS C P & PARTNERS,22975969,"-12,488.29",,EX000073221
C&M-PMS Contract Value,PRC DELEGATED CO-COMMISSIONING,LEWIS C P & PARTNERS,22975970,"142,968.98",,EX000073222
C&M-PMS Out of Hours Opt Outs,PRC DELEGATED CO-COMMISSIONING,LEWIS C P & PARTNERS,22975970,2.29,,EX000073222
C&M-PMS Prem Actual Rent,PRC DELEGATED CO-COMMISSIONING,LEWIS C P & PARTNERS,22975970,"6,238.50",,EX000073222
C&M-PMS Prem Notional Rent,PRC DELEGATED CO-COMMISSIONING,LEWIS C P & PARTNERS,22975970,"6,083.33",,EX000073222
C&M-PMS QOF Aspiration,PRC DELEGATED CO-COMMISSIONING,LEWIS C P & PARTNERS,22975970,"14,127.63",,EX000073222
ME-PMS GP Pension EEs Adjs - PMS,PRC DELEGATED CO-COMMISSIONING,LEWIS C P & PARTNERS,22975970,"2,343.75",,EX000073222
ME-PMS GP Pension ERs Adjs - PMS,PRC DELEGATED CO-COMMISSIONING,LEWIS C P & PARTNERS,22975970,"1,977.27",,EX000073222
Clinical&Medical-Independent Sector,PROGRAMME PROJECTS,GP HEALTHCARE ALLIANCE LTD,22990658,"42,978.38",,16
Clinical&Medical-Independent Sector,PRC DELEGATED CO-COMMISSIONING,GP HEALTHCARE ALLIANCE LTD,22990842,"65,905.50",,21
Hcare Srv Rec Fdtn Trust-Non Contract,NCAS/OATS,CAMBRIDGE UNIVERSITY HOSPITALS NHS FOUNDATION TRUST,22990848,"25,490.04",,2018621
Clinical&Medical-Independent Sector,PROGRAMME PROJECTS,GP HEALTHCARE ALLIANCE LTD,22990861,"36,681.67",,0016GPACCESS
Clinical&Medical-Independent Sector,PROGRAMME PROJECTS,GP HEALTHCARE ALLIANCE LTD,22990875,"-42,978.38",,0016CREDIT
Hcare Srv Rec Fdtn Trust-Contract Baseline,CHILD AND ADOLESCENT MENTAL HEALTH,NORTH EAST LONDON NHS FOUNDATION TRUST,22990876,"104,058.00",654404447,49971
Hcare Srv Rec NHS Trust-Contract Baseline,ACUTE COMMISSIONING,MID ESSEX HOSPITALS SERVICES NHS TRUST,23011601,"325,599.00",,2000107061
Apprenticeship Levy Payable,BALANCE SHEET,HMRC,23017413,48,,120PY005652611903
Income tax <1Yr,BALANCE SHEET,HMRC,23017413,"43,766.40",,120PY005652611903
Income tax <1Yr-Student Loans,BALANCE SHEET,HMRC,23017413,377,,120PY005652611903
National Insurance < 1 yr-NI- ERS,BALANCE SHEET,HMRC,23017413,"28,003.54",,120PY005652611903
National Insurance < 1 yr-NI-EES,BALANCE SHEET,HMRC,23017413,"19,664.11",,120PY005652611903
Clinical&Medical-Independent Sector,OUT OF HOURS,INTEGRATED CARE 24 LTD,23019722,"57,155.60",991241024,16026
Clinical&Medical-Independent Sector,OUT OF HOURS,INTEGRATED CARE 24 LTD,23019725,"110,212.34",991241024,16027
Charges from CSU,CEO/ BOARD OFFICE,NHS ARDEN AND GEM CSU,23019730,"12,477.00",GB526164259,7312611228
Charges from CSU,PRIMARY CARE IT,NHS ARDEN AND GEM CSU,23019730,"32,545.25",GB526164259,7312611228
Clinical&Medical-Independent Sector,OUT OF HOURS,INTEGRATED CARE 24 LTD,23019786,"-110,212.34",991241024,16054
Clinical&Medical-Independent Sector,OUT OF HOURS,INTEGRATED CARE 24 LTD,23019788,"-57,155.60",991241024,16053
Clinical&Medical-Independent Sector,PLANNED CARE,EASTWOOD GROUP PRACTICE,23062947,"60,938.15",,EECCPR24
Clinical&Medical-Independent Sector,COMMISSIONING SCHEMES,ACCIDENT & EMERGENCY AGENCY LTD,23079904,"125,000.00",902905932,AE7129P
Clinical&Medical-Independent Sector,PLANNED CARE,BMI HEALTHCARE LTD,23111314,"68,326.26",GB235134980,99FSOOM09DECINVOICE1617
Cont Care- Adult Joint Funded,ADULT JOINT FUNDED CONTINUING CARE,ESSEX COUNTY COUNCIL,23134613,"39,927.65",104252813,1010817267
Hcare Srv Rec Fdtn Trust-Contract Baseline,COMMUNITY SERVICES,SOUTHEND UNIVERSITY HOSPITAL NHS FOUNDATION TRUST,23153869,"46,404.40",654942902,445930
Hcare Srv Rec NHS Trust-Over/ Under Performance,ACUTE COMMISSIONING,ROYAL NATIONAL ORTHOPAEDIC HOSPITAL NHS TRUST,23153872,"52,146.00",,B0037190
Clinical&Medical-Independent Sector - Contract Baseline,PLANNED CARE,BMI HEALTHCARE LTD,23153874,"64,976.99",GB235134980,99FSOOM4JULINVOICE1819
Hcare Srv Rec Fdtn Trust-Contract Baseline,ACUTE COMMISSIONING,GUYS & ST THOMAS HOSPITAL NHS FOUNDATION TRUST,23170347,"58,269.00",654923417,3243983
Clinical&Medical-Othe Public Sector,REABLEMENT,ESSEX COUNTY COUNCIL,23177241,"925,764.50",104252813,101082956X
C&M-GMS DES Minor Surgery,PRC DELEGATED CO-COMMISSIONING,CONNER S & PARTNERS,23180639,"5,289.92",,EX000073438
C&M-GMS Global Sum,PRC DELEGATED CO-COMMISSIONING,CONNER S & PARTNERS,23180639,"51,415.76",,EX000073438
C&M-GMS Other FDR Payment,PRC DELEGATED CO-COMMISSIONING,CONNER S & PARTNERS,23180639,"2,221.99",,EX000073438
C&M-GMS Prem Notional Rent,PRC DELEGATED CO-COMMISSIONING,CONNER S & PARTNERS,23180639,"4,350.00",,EX000073438
C&M-GMS QOF Aspiration,PRC DELEGATED CO-COMMISSIONING,CONNER S & PARTNERS,23180639,"5,864.35",,EX000073438
C&M-GMS Global Sum,PRC DELEGATED CO-COMMISSIONING,CYRUS C S & PARTNERS,23180641,"91,130.93",,EX000073440
C&M-GMS MPIG Correction Factor,PRC DELEGATED CO-COMMISSIONING,CYRUS C S & PARTNERS,23180641,"1,256.63",,EX000073440
C&M-GMS Prem Cost Rent,PRC DELEGATED CO-COMMISSIONING,CYRUS C S & PARTNERS,23180641,"3,550.00",,EX000073440
C&M-GMS Prem Notional Rent,PRC DELEGATED CO-COMMISSIONING,CYRUS C S & PARTNERS,23180641,"4,253.13",,EX000073440
C&M-GMS QOF Aspiration,PRC DELEGATED CO-COMMISSIONING,CYRUS C S & PARTNERS,23180641,"10,281.98",,EX000073440
C&M-GMS DES Minor Surgery,PRC DELEGATED CO-COMMISSIONING,GHAURI J B & PARTNER,23180645,"1,994.56",,EX000073444
C&M-GMS Global Sum,PRC DELEGATED CO-COMMISSIONING,GHAURI J B & PARTNER,23180645,"41,019.67",,EX000073444
C&M-GMS Other FDR Payment,PRC DELEGATED CO-COMMISSIONING,GHAURI J B & PARTNER,23180645,"1,534.48",,EX000073444
C&M-GMS Prem Notional Rent,PRC DELEGATED CO-COMMISSIONING,GHAURI J B & PARTNER,23180645,"1,868.75",,EX000073444
C&M-GMS QOF Aspiration,PRC DELEGATED CO-COMMISSIONING,GHAURI J B & PARTNER,23180645,"4,299.37",,EX000073444
C&M-GMS DES Minor Surgery,PRC DELEGATED CO-COMMISSIONING,GILL S S & PARTNER,23180647,"4,812.96",,EX000073446
C&M-GMS Global Sum,PRC DELEGATED CO-COMMISSIONING,GILL S S & PARTNER,23180647,"18,137.08",,EX000073446
C&M-GMS MPIG Correction Factor,PRC DELEGATED CO-COMMISSIONING,GILL S S & PARTNER,23180647,838.35,,EX000073446
C&M-GMS Prem Notional Rent,PRC DELEGATED CO-COMMISSIONING,GILL S S & PARTNER,23180647,"1,570.83",,EX000073446
C&M-GMS QOF Aspiration,PRC DELEGATED CO-COMMISSIONING,GILL S S & PARTNER,23180647,"1,362.05",,EX000073446
C&M-GMS Global Sum,PRC DELEGATED CO-COMMISSIONING,HIGH ROAD FAMILY DOCTORS,23180649,"23,632.12",,EX000073448
C&M-GMS Other FDR Payment,PRC DELEGATED CO-COMMISSIONING,HIGH ROAD FAMILY DOCTORS,23180649,"3,286.63",,EX000073448
C&M-GMS Prem Actual Rent,PRC DELEGATED CO-COMMISSIONING,HIGH ROAD FAMILY DOCTORS,23180649,"3,208.33",,EX000073448
C&M-GMS Prem Water Rates,PRC DELEGATED CO-COMMISSIONING,HIGH ROAD FAMILY DOCTORS,23180649,113.17,,EX000073448
C&M-GMS QOF Aspiration,PRC DELEGATED CO-COMMISSIONING,HIGH ROAD FAMILY DOCTORS,23180649,"3,606.02",,EX000073448
C&M-GMS Global Sum,PRC DELEGATED CO-COMMISSIONING,HISCOCK S C & PARTNERS,23180651,"83,149.37",,EX000073450
C&M-GMS Other FDR Payment,PRC DELEGATED CO-COMMISSIONING,HISCOCK S C & PARTNERS,23180651,"3,476.76",,EX000073450
C&M-GMS PCO Other,PRC DELEGATED CO-COMMISSIONING,HISCOCK S C & PARTNERS,23180651,"7,774.00",,EX000073450
C&M-GMS Prem Notional Rent,PRC DELEGATED CO-COMMISSIONING,HISCOCK S C & PARTNERS,23180651,"5,428.94",,EX000073450
C&M-GMS Prem Water Rates,PRC DELEGATED CO-COMMISSIONING,HISCOCK S C & PARTNERS,23180651,313.97,,EX000073450
C&M-GMS QOF Aspiration,PRC DELEGATED CO-COMMISSIONING,HISCOCK S C & PARTNERS,23180651,"10,193.11",,EX000073450
C&M-GMS DES Extended Hours Access,PRC DELEGATED CO-COMMISSIONING,KAMDAR MK & PARTNERS,23180653,"4,836.93",,EX000073452
C&M-GMS DES Minor Surgery,PRC DELEGATED CO-COMMISSIONING,KAMDAR MK & PARTNERS,23180653,"6,590.72",,EX000073452
C&M-GMS Global Sum,PRC DELEGATED CO-COMMISSIONING,KAMDAR MK & PARTNERS,23180653,"71,080.32",,EX000073452
C&M-GMS Other FDR Payment,PRC DELEGATED CO-COMMISSIONING,KAMDAR MK & PARTNERS,23180653,"2,018.21",,EX000073452
C&M-GMS PCO Other,PRC DELEGATED CO-COMMISSIONING,KAMDAR MK & PARTNERS,23180653,"6,335.00",,EX000073452
C&M-GMS Prem Actual Rent,PRC DELEGATED CO-COMMISSIONING,KAMDAR MK & PARTNERS,23180653,"23,003.97",,EX000073452
C&M-GMS Prem Rates,PRC DELEGATED CO-COMMISSIONING,KAMDAR MK & PARTNERS,23180653,"12,098.89",,EX000073452
C&M-GMS QOF Aspiration,PRC DELEGATED CO-COMMISSIONING,KAMDAR MK & PARTNERS,23180653,"9,403.44",,EX000073452
C&M-GMS Global Sum,PRC DELEGATED CO-COMMISSIONING,JAYAWEERA A H I,23180655,"19,417.95",,EX000073454
C&M-GMS Other FDR Payment,PRC DELEGATED CO-COMMISSIONING,JAYAWEERA A H I,23180655,"2,356.43",,EX000073454
C&M-GMS Prem Notional Rent,PRC DELEGATED CO-COMMISSIONING,JAYAWEERA A H I,23180655,"1,466.70",,EX000073454
C&M-GMS QOF Aspiration,PRC DELEGATED CO-COMMISSIONING,JAYAWEERA A H I,23180655,"1,815.21",,EX000073454
C&M-GMS DES Extended Hours Access,PRC DELEGATED CO-COMMISSIONING,JENA R,23180657,"2,929.33",,EX000073456
C&M-GMS DES Minor Surgery,PRC DELEGATED CO-COMMISSIONING,JENA R,23180657,216.8,,EX000073456
C&M-GMS Global Sum,PRC DELEGATED CO-COMMISSIONING,JENA R,23180657,"46,004.08",,EX000073456
C&M-GMS Prem Actual Rent,PRC DELEGATED CO-COMMISSIONING,JENA R,23180657,"16,834.26",,EX000073456
C&M-GMS QOF Aspiration,PRC DELEGATED CO-COMMISSIONING,JENA R,23180657,"5,322.94",,EX000073456
C&M-GMS DES Minor Surgery,PRC DELEGATED CO-COMMISSIONING,KURIAKOSE B,23180660,"2,341.44",,EX000073460
C&M-GMS Global Sum,PRC DELEGATED CO-COMMISSIONING,KURIAKOSE B,23180660,"44,691.10",,EX000073460
C&M-GMS Other FDR Payment,PRC DELEGATED CO-COMMISSIONING,KURIAKOSE B,23180660,"3,742.83",,EX000073460
C&M-GMS Prem Notional Rent,PRC DELEGATED CO-COMMISSIONING,KURIAKOSE B,23180660,"3,595.94",,EX000073460
C&M-GMS QOF Aspiration,PRC DELEGATED CO-COMMISSIONING,KURIAKOSE B,23180660,"7,597.93",,EX000073460
C&M-GP PRACTICE REVENUE - PCTF,PRC DELEGATED CO-COMMISSIONING,KURIAKOSE B,23180660,"2,769.12",,EX000073460
C&M-GMS DES Minor Surgery,PRC DELEGATED CO-COMMISSIONING,KHALIL S M & PARTNER,23180662,476.96,,EX000073462
C&M-GMS Global Sum,PRC DELEGATED CO-COMMISSIONING,KHALIL S M & PARTNER,23180662,"36,170.05",,EX000073462
C&M-GMS PCO Other,PRC DELEGATED CO-COMMISSIONING,KHALIL S M & PARTNER,23180662,"3,681.00",,EX000073462
C&M-GMS Prem Notional Rent,PRC DELEGATED CO-COMMISSIONING,KHALIL S M & PARTNER,23180662,"1,958.33",,EX000073462
C&M-GMS Prem Water Rates,PRC DELEGATED CO-COMMISSIONING,KHALIL S M & PARTNER,23180662,"1,262.62",,EX000073462
C&M-GMS QOF Aspiration,PRC DELEGATED CO-COMMISSIONING,KHALIL S M & PARTNER,23180662,"3,107.57",,EX000073462
C&M-GMS DES Minor Surgery,PRC DELEGATED CO-COMMISSIONING,LESTER M J & PARTNERS,23180664,910.56,,EX000073464
C&M-GMS Global Sum,PRC DELEGATED CO-COMMISSIONING,LESTER M J & PARTNERS,23180664,"92,237.44",,EX000073464
C&M-GMS Prem Notional Rent,PRC DELEGATED CO-COMMISSIONING,LESTER M J & PARTNERS,23180664,"5,677.67",,EX000073464
C&M-GMS QOF Aspiration,PRC DELEGATED CO-COMMISSIONING,LESTER M J & PARTNERS,23180664,"10,389.38",,EX000073464
C&M-GMS DES Minor Surgery,PRC DELEGATED CO-COMMISSIONING,RAHMAN H U & PARTNER,23180666,"1,517.60",,EX000073466
C&M-GMS Global Sum,PRC DELEGATED CO-COMMISSIONING,RAHMAN H U & PARTNER,23180666,"30,074.51",,EX000073466
C&M-GMS MPIG Correction Factor,PRC DELEGATED CO-COMMISSIONING,RAHMAN H U & PARTNER,23180666,400.72,,EX000073466
C&M-GMS Prem Notional Rent,PRC DELEGATED CO-COMMISSIONING,RAHMAN H U & PARTNER,23180666,"1,857.67",,EX000073466
C&M-GMS Prem Water Rates,PRC DELEGATED CO-COMMISSIONING,RAHMAN H U & PARTNER,23180666,564.41,,EX000073466
C&M-GMS QOF Aspiration,PRC DELEGATED CO-COMMISSIONING,RAHMAN H U & PARTNER,23180666,"2,870.26",,EX000073466
C&M-GMS Global Sum,PRC DELEGATED CO-COMMISSIONING,RAMANATHAN S & PARTNERS,23180668,"24,902.80",,EX000073468
C&M-GMS Other FDR Payment,PRC DELEGATED CO-COMMISSIONING,RAMANATHAN S & PARTNERS,23180668,"2,172.86",,EX000073468
C&M-GMS Prem Notional Rent,PRC DELEGATED CO-COMMISSIONING,RAMANATHAN S & PARTNERS,23180668,"2,136.59",,EX000073468
C&M-GMS QOF Aspiration,PRC DELEGATED CO-COMMISSIONING,RAMANATHAN S & PARTNERS,23180668,"2,619.66",,EX000073468
C&M-GMS Global Sum,PRC DELEGATED CO-COMMISSIONING,SUKUMARAN M & PARTNERS,23180670,"46,481.11",,EX000073470
C&M-GMS Other FDR Payment,PRC DELEGATED CO-COMMISSIONING,SUKUMARAN M & PARTNERS,23180670,"3,667.29",,EX000073470
C&M-GMS Prem Actual Rent,PRC DELEGATED CO-COMMISSIONING,SUKUMARAN M & PARTNERS,23180670,"2,300.00",,EX000073470
C&M-GMS QOF Aspiration,PRC DELEGATED CO-COMMISSIONING,SUKUMARAN M & PARTNERS,23180670,"5,597.22",,EX000073470
C&M-GMS Global Sum,PRC DELEGATED CO-COMMISSIONING,DR R J BAKER & PARTNERS,23180672,"42,261.79",,EX000073472
C&M-GMS MPIG Correction Factor,PRC DELEGATED CO-COMMISSIONING,DR R J BAKER & PARTNERS,23180672,446.83,,EX000073472
C&M-GMS Prem Notional Rent,PRC DELEGATED CO-COMMISSIONING,DR R J BAKER & PARTNERS,23180672,"2,714.47",,EX000073472
C&M-GMS QOF Aspiration,PRC DELEGATED CO-COMMISSIONING,DR R J BAKER & PARTNERS,23180672,"5,003.07",,EX000073472
ME-GMS GP Pension EEs,PRC DELEGATED CO-COMMISSIONING,DR R J BAKER & PARTNERS,23180672,"5,223.86",,EX000073472
ME-GMS GP Pension ERs Adjustments,PRC DELEGATED CO-COMMISSIONING,DR R J BAKER & PARTNERS,23180672,"2,678.12",,EX000073472
Clinical&Medical-Independent Sector - Contract Baseline,PLANNED CARE,SPIRE HEALTHCARE LTD,23195020,"391,266.00",915970991,99FWLSPF181903
Hcare Srv Rec Fdtn Trust-Contract Baseline,ACUTE COMMISSIONING,SOUTHEND UNIVERSITY HOSPITAL NHS FOUNDATION TRUST,23195061,"8,453,571.00",654942902,447448
C&M-GMS DES Minor Surgery,PRC DELEGATED CO-COMMISSIONING,KOTHARI C U & PARTNERS,23203333,"7,197.76",,EX000073458
C&M-GMS Global Sum,PRC DELEGATED CO-COMMISSIONING,KOTHARI C U & PARTNERS,23203333,"89,207.68",,EX000073458
C&M-GMS Other FDR Payment,PRC DELEGATED CO-COMMISSIONING,KOTHARI C U & PARTNERS,23203333,"4,450.26",,EX000073458
C&M-GMS Prem Actual Rent,PRC DELEGATED CO-COMMISSIONING,KOTHARI C U & PARTNERS,23203333,"2,500.00",,EX000073458
C&M-GMS Prem Notional Rent,PRC DELEGATED CO-COMMISSIONING,KOTHARI C U & PARTNERS,23203333,"3,750.00",,EX000073458
C&M-GMS QOF Aspiration,PRC DELEGATED CO-COMMISSIONING,KOTHARI C U & PARTNERS,23203333,"16,506.90",,EX000073458
C&M-PMS Cost of Drugs -Dispensing,LOCAL ENHANCED SERVICES,FREEL J F & PARTNERS,23206076,"24,022.14",896734755,EX000073909
C&M-PMS Prof fees Dispensing,PRC DELEGATED CO-COMMISSIONING,FREEL J F & PARTNERS,23206076,"3,384.86",896734755,EX000073909
C&M-PMS Prsc Chrgs Cll&Rmttd by GPs,LOCAL ENHANCED SERVICES,FREEL J F & PARTNERS,23206076,475.2,896734755,EX000073909
Clinical&Medical-Independent Sector,PLANNED CARE,SPIRE HEALTHCARE LTD,23219025,"-43,135.67",915970991,99FHWDREC181901
Clinical&Medical-Independent Sector,PLANNED CARE,CHARTWELL PRIVATE HOSPITAL,23219033,"27,901.39",,946
Clinical&Medical-Independent Sector,PRC DELEGATED CO-COMMISSIONING,GP HEALTHCARE ALLIANCE LTD,23219319,"-69,716.43",,0018CREDIT
Clinical&Medical-Independent Sector - Contract Baseline,PLANNED CARE,SPIRE HEALTHCARE LTD,23219353,"34,328.27",915970991,99FWLSCQ1718M01M12
Hlthcre-Foundation Trsts,COMMUNITY SERVICES,SOUTHEND UNIVERSITY HOSPITAL NHS FOUNDATION TRUST,23219379,"46,404.40",654942902,447472
Clinical&Medical-Independent Sector,PLANNED CARE,SPIRE HEALTHCARE LTD,23256694,"-33,982.46",915970991,99FHWDREC181902
Clinical&Medical-Independent Sector,PLANNED CARE,BMI HEALTHCARE LTD,23268997,"64,976.99",GB235134980,99FSOOM05AUGINVOICE1819
Hcare Srv Rec Fdtn Trust-Contract Baseline,COMMUNITY SERVICES,SOUTHEND UNIVERSITY HOSPITAL NHS FOUNDATION TRUST,23268998,"27,741.00",654942902,447463
Hcare Srv Rec NHS Trust-Contract Baseline,AMBULANCE SERVICES,EAST OF ENGLAND AMBULANCE SERVICE NHS TRUST,23269019,"547,314.31",,8110228
