Expense Type,Expense area,Supplier,Transaction number,AP Amount (�),VAT registration number,Purchase invoice number
Hcare Srv Rec Fdtn Trust-Contract Baseline,ACUTE COMMISSIONING,GUYS & ST THOMAS HOSPITAL NHS FOUNDATION TRUST,26225198,"58,269.00",654923417,3257745
Hcare Srv Rec Fdtn Trust-Contract Baseline,ACUTE COMMISSIONING,MOORFIELDS EYE HOSPITAL NHS FOUNDATION TRUST,26225234,"25,111.00",654930716,IC0036710
Hcare Srv Rec Fdtn Trust-Contract Baseline,MENTAL HEALTH CONTRACTS,HERTFORDSHIRE PARTNERSHIP NHS FOUNDATION TRUST,26225239,"59,689.59",654950120,P0001907
Hcare Srv Rec Fdtn Trust-Contract Baseline,ACUTE COMMISSIONING,SOUTHEND UNIVERSITY HOSPITAL NHS FOUNDATION TRUST,26225247,"8,571,560.00",654942902,450853
Hcare Srv Rec Fdtn Trust-Contract Baseline,MENTAL HEALTH CONTRACTS,ESSEX PARTNERSHIP UNIVERSITY NHS FT,26225418,"70,118.73",GB654974100,I0064632
Clinical&Medical-Independent Sector,PLANNED CARE,EASTWOOD GROUP PRACTICE,26268271,"61,143.77",,EECCPR31
Clinical&Medical-Independent Sector,PLANNED CARE,BMI SOUTHEND PRIVATE HOSPITAL,26268368,"64,976.99",235 1349 80,99FSOOM12MARINVOICE1819
Hcare Srv Rec NHS Trust-Contract Baseline,ACUTE COMMISSIONING,BARTS HEALTH NHS TRUST,26268419,"152,843.00",654947005,365546
Clinical&Medical-Independent Sector,PLANNED CARE,SPIRE HEALTHCARE LTD,26268552,"43,313.00",915970991,99FHWDPF181912
Clinical&Medical-Independent Sector,PLANNED CARE,SPIRE HEALTHCARE LTD,26268567,"391,266.00",915970991,99FWLSPF181912
Clinical&Medical-Independent Sector,PLANNED CARE,SPRINGFIELD HOSPITAL,26268699,"49,799.12",GB-426505170,3174
Charges from CSU,CORPORATE COSTS & SERVICES,NHS ARDEN AND GEM CSU,26275539,"45,022.28",GB526164259,7312613551
Clinical&Medical-Independent Sector,OUT OF HOURS,INTEGRATED CARE 24 LTD,26285569,"206,604.29",991241024,2622
Hcare Srv Rec NHS Trust-Contract Cost per Case,PATIENT TRANSPORT,EAST OF ENGLAND AMBULANCE SERVICE NHS TRUST,26318358,"62,520.00",654919501,8113101
Hcare Srv Rec NHS Trust-Contract Baseline,ACUTE COMMISSIONING,ROYAL NATIONAL ORTHOPAEDIC HOSPITAL NHS TRUST,26318359,"65,108.00",654947494,B0039391
Hcare Srv Rec Fdtn Trust-Contract Baseline,ACUTE COMMISSIONING,UNIVERSITY COLLEGE LONDON HOSPITALS NHS FOUNDATION TRUST,26318363,"96,371.00",654948687,5010194078
C&M-PMS Contract Value,PRC DELEGATED CO-COMMISSIONING,ASHINGDON MEDICAL CENTRE,26366694,"67,392.00",,EX000080778
C&M-PMS Funding Differential Review,PRC DELEGATED CO-COMMISSIONING,ASHINGDON MEDICAL CENTRE,26366694,578.55,,EX000080778
C&M-PMS List Size Adjustment,PRC DELEGATED CO-COMMISSIONING,ASHINGDON MEDICAL CENTRE,26366694,"6,003.53",,EX000080778
C&M-PMS Out of Hours Opt Outs,PRC DELEGATED CO-COMMISSIONING,ASHINGDON MEDICAL CENTRE,26366694,37.15,,EX000080778
C&M-PMS Prem Actual Rent,PRC DELEGATED CO-COMMISSIONING,ASHINGDON MEDICAL CENTRE,26366694,"15,714.96",,EX000080778
C&M-PMS Prem Notional Rent,PRC DELEGATED CO-COMMISSIONING,ASHINGDON MEDICAL CENTRE,26366694,"2,625.00",,EX000080778
C&M-PMS QOF Aspiration,PRC DELEGATED CO-COMMISSIONING,ASHINGDON MEDICAL CENTRE,26366694,"2,840.06",,EX000080778
C&M-PMS Contract Value,PRC DELEGATED CO-COMMISSIONING,FREEL J F & PARTNERS,26366696,"77,474.47",896734755,EX000080780
C&M-PMS Funding Differential Review,PRC DELEGATED CO-COMMISSIONING,FREEL J F & PARTNERS,26366696,527.8,896734755,EX000080780
C&M-PMS List Size Adjustment,PRC DELEGATED CO-COMMISSIONING,FREEL J F & PARTNERS,26366696,116.61,896734755,EX000080780
C&M-PMS Out of Hours Opt Outs,PRC DELEGATED CO-COMMISSIONING,FREEL J F & PARTNERS,26366696,8.18,896734755,EX000080780
C&M-PMS PCO Seniority,PRC DELEGATED CO-COMMISSIONING,FREEL J F & PARTNERS,26366696,"4,499.46",896734755,EX000080780
C&M-PMS Prem Notional Rent,PRC DELEGATED CO-COMMISSIONING,FREEL J F & PARTNERS,26366696,"8,937.50",896734755,EX000080780
C&M-PMS QOF Aspiration,PRC DELEGATED CO-COMMISSIONING,FREEL J F & PARTNERS,26366696,"7,957.68",896734755,EX000080780
C&M-PMS GP Statutory Levy,PRC DELEGATED CO-COMMISSIONING,LEWIS C P & PARTNERS,26366697,-709.81,,EX000080781
C&M-PMS List Size Adjustment,PRC DELEGATED CO-COMMISSIONING,LEWIS C P & PARTNERS,26366697,-178.4,,EX000080781
C&M-PMS Out of Hours Opt Outs,PRC DELEGATED CO-COMMISSIONING,LEWIS C P & PARTNERS,26366697,"-7,113.93",,EX000080781
C&M-PMS Voluntary Levy,PRC DELEGATED CO-COMMISSIONING,LEWIS C P & PARTNERS,26366697,-128.53,,EX000080781
ME-PMS GP Pension EEs-PMS,PRC DELEGATED CO-COMMISSIONING,LEWIS C P & PARTNERS,26366697,"-11,375.95",,EX000080781
ME-PMS GP Pension ERs Adjs - PMS,PRC DELEGATED CO-COMMISSIONING,LEWIS C P & PARTNERS,26366697,"-11,921.97",,EX000080781
C&M-PMS Contract Value,PRC DELEGATED CO-COMMISSIONING,LEWIS C P & PARTNERS,26366698,"144,666.12",,EX000080782
C&M-PMS List Size Adjustment,PRC DELEGATED CO-COMMISSIONING,LEWIS C P & PARTNERS,26366698,"1,439.38",,EX000080782
C&M-PMS Out of Hours Opt Outs,PRC DELEGATED CO-COMMISSIONING,LEWIS C P & PARTNERS,26366698,9.5,,EX000080782
C&M-PMS PCO Locum Adop/Pat/Mat,PRC DELEGATED CO-COMMISSIONING,LEWIS C P & PARTNERS,26366698,"9,866.95",,EX000080782
C&M-PMS PCO Seniority,PRC DELEGATED CO-COMMISSIONING,LEWIS C P & PARTNERS,26366698,"4,932.89",,EX000080782
C&M-PMS Prem Actual Rent,PRC DELEGATED CO-COMMISSIONING,LEWIS C P & PARTNERS,26366698,"6,238.50",,EX000080782
C&M-PMS Prem Notional Rent,PRC DELEGATED CO-COMMISSIONING,LEWIS C P & PARTNERS,26366698,"6,083.33",,EX000080782
C&M-PMS QOF Aspiration,PRC DELEGATED CO-COMMISSIONING,LEWIS C P & PARTNERS,26366698,"14,127.63",,EX000080782
C&M-APMS Contract Value,PRC DELEGATED CO-COMMISSIONING,PRACTICE SURGERIES LTD,26366700,"37,584.12",,EX000080784
C&M-APMS Prem Notional Rent,PRC DELEGATED CO-COMMISSIONING,PRACTICE SURGERIES LTD,26366700,"2,866.25",,EX000080784
C&M-PMS QOF Aspiration,PRC DELEGATED CO-COMMISSIONING,PRACTICE SURGERIES LTD,26366700,"2,376.60",,EX000080784
Hcare Srv Rec Fdtn Trust-Contract Baseline,MENTAL HEALTH CONTRACTS,ESSEX PARTNERSHIP UNIVERSITY NHS FT,26374545,"1,087,020.00",GB654974100,I0064823
Hcare Srv Rec Fdtn Trust-Contract Baseline,COMMUNITY SERVICES,ESSEX PARTNERSHIP UNIVERSITY NHS FT,26374549,"542,633.00",GB654974100,I0064801
Hcare Srv Rec NHS Trust-Contract Baseline,ACUTE COMMISSIONING,MID ESSEX HOSPITALS SERVICES NHS TRUST,26385661,"323,539.00",654930128,2000110949
Clinical&Medical-Othe Public Sector,REABLEMENT,ESSEX COUNTY COUNCIL,26398636,"1,369,349.39",104252813,1011087811
Hcare Srv Rec Fdtn Trust-Over/ Under Performance,ACUTE COMMISSIONING,UNIVERSITY COLLEGE LONDON HOSPITALS NHS FOUNDATION TRUST,26437471,"-41,814.00",654948687,1039120
Hlthcre-Foundation Trsts,MENTAL HEALTH SERVICES - SPECIALIST SERVICES,ESSEX PARTNERSHIP UNIVERSITY NHS FT,26437490,"237,949.87",GB654974100,I0064595
Hcare Srv Rec NHS Trust-Contract Baseline,AMBULANCE SERVICES,EAST OF ENGLAND AMBULANCE SERVICE NHS TRUST,26437498,"547,314.31",654919501,8113120
Hcare Srv Rec NHS Trust-Contract Baseline,ACUTE COMMISSIONING,BARKING HAVERING AND REDBRIDGE HOSPITALS NHS TRUST,26437510,"78,654.00",654924414,8455001
Hcare Srv Rec Fdtn Trust-Contract Baseline,ACUTE COMMISSIONING,BASILDON & THURROCK UNIVERSITY HOSPITALS NHS FOUNDATION TRUST,26437515,"1,196,000.00",GB 654911917,101512
Hcare Srv Rec Fdtn Trust-Contract Baseline,CHILD AND ADOLESCENT MENTAL HEALTH,NORTH EAST LONDON NHS FOUNDATION TRUST,26437586,"115,962.00",654404447,55369
Clinical&Medical-Independent Sector,PLANNED CARE,EASTWOOD GROUP PRACTICE,26437691,"54,375.62",,EECCPR32
Hlthcre-Foundation Trsts,MENTAL HEALTH SERVICES - SPECIALIST SERVICES,ESSEX PARTNERSHIP UNIVERSITY NHS FT,26437872,"-40,276.62",GB654974100,C0006276
Hlthcre-Foundation Trsts,COMMUNITY SERVICES,ESSEX PARTNERSHIP UNIVERSITY NHS FT,26437916,"-249,999.00",GB654974100,C0006274
Hcare Srv Rec Fdtn Trust-Contract Baseline,ACUTE COMMISSIONING,BASILDON & THURROCK UNIVERSITY HOSPITALS NHS FOUNDATION TRUST,26437952,"-1,043,032.00",GB 654911917,8596
Apprenticeship Levy Payable,BALANCE SHEET,HMRC,26452286,433,,120PY005652611911
Income tax <1Yr,BALANCE SHEET,HMRC,26452286,"61,612.40",,120PY005652611911
Income tax <1Yr-Student Loans,BALANCE SHEET,HMRC,26452286,218,,120PY005652611911
National Insurance < 1 yr-NI- ERS,BALANCE SHEET,HMRC,26452286,"37,273.46",,120PY005652611911
National Insurance < 1 yr-NI-EES,BALANCE SHEET,HMRC,26452286,"23,767.82",,120PY005652611911
Statutory Mat Pay < 1 yr,BALANCE SHEET,HMRC,26452286,"-1,602.84",,120PY005652611911
Hcare Srv Rec Fdtn Trust-Over/ Under Performance,ACUTE COMMISSIONING,UNIVERSITY COLLEGE LONDON HOSPITALS NHS FOUNDATION TRUST,26456153,"-47,196.00",654948687,5090011401
C&M-GMS Practice Transformational Support,LOCAL ENHANCED SERVICES,GP HEALTHCARE ALLIANCE LTD,26460994,"74,882.00",,39
Hcare Srv Rec NHS Trust-Over/ Under Performance,ACUTE COMMISSIONING,BARTS HEALTH NHS TRUST,26502350,"84,895.43",654947005,359833
Hcare Srv Rec NHS Trust-Over/ Under Performance,ACUTE COMMISSIONING,BARTS HEALTH NHS TRUST,26502360,"42,618.48",654947005,360757
Hcare Srv Rec NHS Trust-Over/ Under Performance,ACUTE COMMISSIONING,BARTS HEALTH NHS TRUST,26502391,"48,773.36",654947005,366083
Hcare Srv Rec Fdtn Trust-Contract Baseline,ACUTE COMMISSIONING,SOUTHEND UNIVERSITY HOSPITAL NHS FOUNDATION TRUST,26502526,"8,571,560.00",654942902,451271
Clinical&Medical-Othe Public Sector,MENTAL HEALTH SERVICES - SPECIALIST SERVICES,ESSEX COUNTY COUNCIL,26527715,"307,920.00",104252813,1011151698
Clinical&Medical-Othe Public Sector,MENTAL HEALTH SERVICES - SPECIALIST SERVICES,ESSEX COUNTY COUNCIL,26527719,"380,000.00",104252813,1011151689
Clinical&Medical-Othe Public Sector,LEARNING DIFFICULTIES,ESSEX COUNTY COUNCIL,26527720,"177,860.00",104252813,1011151633
Clinical&Medical-Othe Public Sector,MENTAL HEALTH SERVICES - SPECIALIST SERVICES,ESSEX COUNTY COUNCIL,26527722,"40,056.00",104252813,1011156962
Clinical&Medical-Othe Public Sector,MENTAL HEALTH SERVICES - SPECIALIST SERVICES,ESSEX COUNTY COUNCIL,26527725,"843,942.00",104252813,1011151713
Clinical&Medical-Independent Sector,PRIMARY CARE IT,IPLATO HEALTHCARE LTD,26539530,"69,750.00",906258620,10670
Clinical&Medical-Independent Sector,MENTAL HEALTH SERVICES - SPECIALIST SERVICES,NHS WEST ESSEX CCG,26553735,"122,050.62",654461726,7022001009
Utilisation-Cont Care->1Yr <5Yrs,Balance Sheet,ESSEX COUNTY COUNCIL,26553761,"37,905.47",104252813,1011045722
Clinical&Medical-Independent Sector,MENTAL HEALTH SERVICES - SPECIALIST SERVICES,NHS WEST ESSEX CCG,26553765,"-122,050.61",654461726,7022001095
Hlthcre-Foundation Trsts,COMMISSIONING - NON ACUTE,ESSEX PARTNERSHIP UNIVERSITY NHS FT,26553771,"47,476.59",GB654974100,I0064407
Services From Local Authorities,MENTAL HEALTH SERVICES - SPECIALIST SERVICES,ESSEX COUNTY COUNCIL,26553773,"61,760.00",104252813,1011050740
Clinical&Medical-Independent Sector - Contract Baseline,MENTAL HEALTH CONTRACTS,CHOICE SUPPORT,26553831,"35,243.45",277634859,SIN425978
Clinical&Medical-Independent Sector - Contract Baseline,MENTAL HEALTH CONTRACTS,CHOICE SUPPORT,26553844,"31,832.80",277634859,SIN425980
Hcare Srv Rec Fdtn Trust-Contract Baseline,COMMUNITY SERVICES,ESSEX PARTNERSHIP UNIVERSITY NHS FT,26553879,"-37,159.00",GB654974100,C0006278
Clinical&Medical-Serv Recd-CCGs,AMBULANCE SERVICES,NHS NORTH EAST ESSEX CCG,26555001,"32,500.00",654462625,7021501323
Hcare Srv Rec Fdtn Trust-CQUIN,MENTAL HEALTH CONTRACTS,ESSEX PARTNERSHIP UNIVERSITY NHS FT,26555123,"128,828.00",GB654974100,I0065068
Hlthcre-Foundation Trsts,MENTAL HEALTH SERVICES - SPECIALIST SERVICES,ESSEX PARTNERSHIP UNIVERSITY NHS FT,26572891,"45,261.77",GB654974100,I0065024
C&M-GMS Global Sum,PRC DELEGATED CO-COMMISSIONING,CONNER S & PARTNERS,26594875,"52,059.72",,EX000080984
C&M-GMS Other FDR Payment,PRC DELEGATED CO-COMMISSIONING,CONNER S & PARTNERS,26594875,"2,221.99",,EX000080984
C&M-GMS PCO Seniority,PRC DELEGATED CO-COMMISSIONING,CONNER S & PARTNERS,26594875,"1,852.35",,EX000080984
C&M-GMS Prem Notional Rent,PRC DELEGATED CO-COMMISSIONING,CONNER S & PARTNERS,26594875,"4,350.00",,EX000080984
C&M-GMS QOF Aspiration,PRC DELEGATED CO-COMMISSIONING,CONNER S & PARTNERS,26594875,"5,864.35",,EX000080984
C&M-GMS Global Sum,PRC DELEGATED CO-COMMISSIONING,CYRUS C S & PARTNERS,26594877,"91,713.11",,EX000080986
C&M-GMS MPIG Correction Factor,PRC DELEGATED CO-COMMISSIONING,CYRUS C S & PARTNERS,26594877,"1,256.63",,EX000080986
C&M-GMS PCO Seniority,PRC DELEGATED CO-COMMISSIONING,CYRUS C S & PARTNERS,26594877,"2,239.74",,EX000080986
C&M-GMS Prem Cost Rent,PRC DELEGATED CO-COMMISSIONING,CYRUS C S & PARTNERS,26594877,"3,550.00",,EX000080986
C&M-GMS Prem Notional Rent,PRC DELEGATED CO-COMMISSIONING,CYRUS C S & PARTNERS,26594877,"4,253.13",,EX000080986
C&M-GMS QOF Aspiration,PRC DELEGATED CO-COMMISSIONING,CYRUS C S & PARTNERS,26594877,"10,281.98",,EX000080986
C&M-GMS Global Sum,PRC DELEGATED CO-COMMISSIONING,GHAURI J B & PARTNER,26594881,"41,532.92",,EX000080990
C&M-GMS Other FDR Payment,PRC DELEGATED CO-COMMISSIONING,GHAURI J B & PARTNER,26594881,"1,534.48",,EX000080990
C&M-GMS PCO Seniority,PRC DELEGATED CO-COMMISSIONING,GHAURI J B & PARTNER,26594881,"2,060.31",,EX000080990
C&M-GMS Prem Notional Rent,PRC DELEGATED CO-COMMISSIONING,GHAURI J B & PARTNER,26594881,"1,868.75",,EX000080990
C&M-GMS QOF Aspiration,PRC DELEGATED CO-COMMISSIONING,GHAURI J B & PARTNER,26594881,"4,299.37",,EX000080990
C&M-GMS Global Sum,PRC DELEGATED CO-COMMISSIONING,HIGH ROAD FAMILY DOCTORS,26594885,"23,957.41",,EX000080994
C&M-GMS Other FDR Payment,PRC DELEGATED CO-COMMISSIONING,HIGH ROAD FAMILY DOCTORS,26594885,"3,286.63",,EX000080994
C&M-GMS PCO Locum Sickness,PRC DELEGATED CO-COMMISSIONING,HIGH ROAD FAMILY DOCTORS,26594885,"3,503.04",,EX000080994
C&M-GMS Prem Actual Rent,PRC DELEGATED CO-COMMISSIONING,HIGH ROAD FAMILY DOCTORS,26594885,"3,208.33",,EX000080994
C&M-GMS QOF Aspiration,PRC DELEGATED CO-COMMISSIONING,HIGH ROAD FAMILY DOCTORS,26594885,"3,606.02",,EX000080994
C&M-GMS DES Learn Dsblty Hlth Chk,PRC DELEGATED CO-COMMISSIONING,HISCOCK S C & PARTNERS,26594887,980,,EX000080996
C&M-GMS Global Sum,PRC DELEGATED CO-COMMISSIONING,HISCOCK S C & PARTNERS,26594887,"84,791.84",,EX000080996
C&M-GMS Other FDR Payment,PRC DELEGATED CO-COMMISSIONING,HISCOCK S C & PARTNERS,26594887,"3,476.76",,EX000080996
C&M-GMS PCO Seniority,PRC DELEGATED CO-COMMISSIONING,HISCOCK S C & PARTNERS,26594887,"1,382.61",,EX000080996
C&M-GMS Prem Notional Rent,PRC DELEGATED CO-COMMISSIONING,HISCOCK S C & PARTNERS,26594887,"5,428.94",,EX000080996
C&M-GMS QOF Aspiration,PRC DELEGATED CO-COMMISSIONING,HISCOCK S C & PARTNERS,26594887,"10,193.11",,EX000080996
ME - GMS GP Prior Year ERs,PRC DELEGATED CO-COMMISSIONING,HISCOCK S C & PARTNERS,26594887,"1,205.45",,EX000080996
ME-GMS GP Prior Year EEs,PRC DELEGATED CO-COMMISSIONING,HISCOCK S C & PARTNERS,26594887,"1,215.51",,EX000080996
C&M-GMS Global Sum,PRC DELEGATED CO-COMMISSIONING,KAMDAR MK & PARTNERS,26594889,"72,444.50",,EX000080998
C&M-GMS Other FDR Payment,PRC DELEGATED CO-COMMISSIONING,KAMDAR MK & PARTNERS,26594889,"2,018.21",,EX000080998
C&M-GMS Prem Actual Rent,PRC DELEGATED CO-COMMISSIONING,KAMDAR MK & PARTNERS,26594889,"20,573.52",,EX000080998
C&M-GMS QOF Aspiration,PRC DELEGATED CO-COMMISSIONING,KAMDAR MK & PARTNERS,26594889,"9,403.44",,EX000080998
C&M-GMS Global Sum,PRC DELEGATED CO-COMMISSIONING,JAYAWEERA A H I,26594891,"19,956.15",,EX000081000
C&M-GMS Other FDR Payment,PRC DELEGATED CO-COMMISSIONING,JAYAWEERA A H I,26594891,"2,356.43",,EX000081000
C&M-GMS PCO Seniority,PRC DELEGATED CO-COMMISSIONING,JAYAWEERA A H I,26594891,"1,369.89",,EX000081000
C&M-GMS Prem Notional Rent,PRC DELEGATED CO-COMMISSIONING,JAYAWEERA A H I,26594891,"1,466.70",,EX000081000
C&M-GMS QOF Aspiration,PRC DELEGATED CO-COMMISSIONING,JAYAWEERA A H I,26594891,"1,815.21",,EX000081000
C&M-GMS Global Sum,PRC DELEGATED CO-COMMISSIONING,JENA R,26594893,"47,581.06",,EX000081002
C&M-GMS PCO Seniority,PRC DELEGATED CO-COMMISSIONING,JENA R,26594893,567.64,,EX000081002
C&M-GMS Prem Actual Rent,PRC DELEGATED CO-COMMISSIONING,JENA R,26594893,"15,055.65",,EX000081002
C&M-GMS QOF Aspiration,PRC DELEGATED CO-COMMISSIONING,JENA R,26594893,"5,322.94",,EX000081002
ME-GMS GP Pension EEs,PRC DELEGATED CO-COMMISSIONING,JENA R,26594893,"4,335.30",,EX000081002
ME-GMS GP Pension ERs Adjustments,PRC DELEGATED CO-COMMISSIONING,JENA R,26594893,"4,442.04",,EX000081002
C&M-GMS GP Statutory Levy,PRC DELEGATED CO-COMMISSIONING,KOTHARI C U & PARTNERS,26594894,-435.55,,EX000081003
C&M-GMS Voluntary Levy,PRC DELEGATED CO-COMMISSIONING,KOTHARI C U & PARTNERS,26594894,-127.67,,EX000081003
ME-GMS GP Pension EEs,PRC DELEGATED CO-COMMISSIONING,KOTHARI C U & PARTNERS,26594894,"-21,209.51",,EX000081003
ME-GMS GP Pension ERs Adjustments,PRC DELEGATED CO-COMMISSIONING,KOTHARI C U & PARTNERS,26594894,"-19,979.17",,EX000081003
C&M-GMS Global Sum,PRC DELEGATED CO-COMMISSIONING,KOTHARI C U & PARTNERS,26594895,"160,344.86",,EX000081004
C&M-GMS Other FDR Payment,PRC DELEGATED CO-COMMISSIONING,KOTHARI C U & PARTNERS,26594895,"4,450.26",,EX000081004
C&M-GMS PCO Seniority,PRC DELEGATED CO-COMMISSIONING,KOTHARI C U & PARTNERS,26594895,"4,043.71",,EX000081004
C&M-GMS Prem Actual Rent,PRC DELEGATED CO-COMMISSIONING,KOTHARI C U & PARTNERS,26594895,"2,500.00",,EX000081004
C&M-GMS Prem Notional Rent,PRC DELEGATED CO-COMMISSIONING,KOTHARI C U & PARTNERS,26594895,"3,750.00",,EX000081004
C&M-GMS Prem Rates,PRC DELEGATED CO-COMMISSIONING,KOTHARI C U & PARTNERS,26594895,496.35,,EX000081004
C&M-GMS Prem Water Rates,PRC DELEGATED CO-COMMISSIONING,KOTHARI C U & PARTNERS,26594895,274.11,,EX000081004
C&M-GMS QOF Aspiration,PRC DELEGATED CO-COMMISSIONING,KOTHARI C U & PARTNERS,26594895,"16,506.90",,EX000081004
C&M-GMS DES Learn Dsblty Hlth Chk,PRC DELEGATED CO-COMMISSIONING,KURIAKOSE B,26594897,980,,EX000081006
C&M-GMS Global Sum,PRC DELEGATED CO-COMMISSIONING,KURIAKOSE B,26594897,"45,263.43",,EX000081006
C&M-GMS Other FDR Payment,PRC DELEGATED CO-COMMISSIONING,KURIAKOSE B,26594897,"3,742.83",,EX000081006
C&M-GMS PCO Seniority,PRC DELEGATED CO-COMMISSIONING,KURIAKOSE B,26594897,686.81,,EX000081006
C&M-GMS Prem Notional Rent,PRC DELEGATED CO-COMMISSIONING,KURIAKOSE B,26594897,"3,595.94",,EX000081006
C&M-GMS Prem Water Rates,PRC DELEGATED CO-COMMISSIONING,KURIAKOSE B,26594897,176.79,,EX000081006
C&M-GMS QOF Aspiration,PRC DELEGATED CO-COMMISSIONING,KURIAKOSE B,26594897,"7,597.93",,EX000081006
C&M-GMS Global Sum,PRC DELEGATED CO-COMMISSIONING,KHALIL S M & PARTNER,26594899,"36,957.28",,EX000081008
C&M-GMS PCO Locum Sickness,PRC DELEGATED CO-COMMISSIONING,KHALIL S M & PARTNER,26594899,"2,950.00",,EX000081008
C&M-GMS PCO Seniority,PRC DELEGATED CO-COMMISSIONING,KHALIL S M & PARTNER,26594899,"1,230.08",,EX000081008
C&M-GMS Prem Notional Rent,PRC DELEGATED CO-COMMISSIONING,KHALIL S M & PARTNER,26594899,"1,958.33",,EX000081008
C&M-GMS QOF Aspiration,PRC DELEGATED CO-COMMISSIONING,KHALIL S M & PARTNER,26594899,"3,107.57",,EX000081008
C&M-GMS Global Sum,PRC DELEGATED CO-COMMISSIONING,LESTER M J & PARTNERS,26594901,"90,060.64",,EX000081010
C&M-GMS PCO Seniority,PRC DELEGATED CO-COMMISSIONING,LESTER M J & PARTNERS,26594901,"1,012.70",,EX000081010
C&M-GMS Prem Notional Rent,PRC DELEGATED CO-COMMISSIONING,LESTER M J & PARTNERS,26594901,"5,677.67",,EX000081010
C&M-GMS QOF Aspiration,PRC DELEGATED CO-COMMISSIONING,LESTER M J & PARTNERS,26594901,"10,389.38",,EX000081010
C&M-GMS Global Sum,PRC DELEGATED CO-COMMISSIONING,RAHMAN H U & PARTNER,26594903,"29,869.28",,EX000081012
C&M-GMS MPIG Correction Factor,PRC DELEGATED CO-COMMISSIONING,RAHMAN H U & PARTNER,26594903,400.72,,EX000081012
C&M-GMS PCO Seniority,PRC DELEGATED CO-COMMISSIONING,RAHMAN H U & PARTNER,26594903,"1,591.76",,EX000081012
C&M-GMS Prem Notional Rent,PRC DELEGATED CO-COMMISSIONING,RAHMAN H U & PARTNER,26594903,"1,857.67",,EX000081012
C&M-GMS QOF Aspiration,PRC DELEGATED CO-COMMISSIONING,RAHMAN H U & PARTNER,26594903,"2,870.26",,EX000081012
C&M-GMS Global Sum,PRC DELEGATED CO-COMMISSIONING,RAMANATHAN S & PARTNERS,26594905,"25,620.28",,EX000081014
C&M-GMS Other FDR Payment,PRC DELEGATED CO-COMMISSIONING,RAMANATHAN S & PARTNERS,26594905,"2,172.86",,EX000081014
C&M-GMS PCO Seniority,PRC DELEGATED CO-COMMISSIONING,RAMANATHAN S & PARTNERS,26594905,"2,862.60",,EX000081014
C&M-GMS Prem Notional Rent,PRC DELEGATED CO-COMMISSIONING,RAMANATHAN S & PARTNERS,26594905,"2,136.59",,EX000081014
C&M-GMS Prem Water Rates,PRC DELEGATED CO-COMMISSIONING,RAMANATHAN S & PARTNERS,26594905,567.71,,EX000081014
C&M-GMS QOF Aspiration,PRC DELEGATED CO-COMMISSIONING,RAMANATHAN S & PARTNERS,26594905,"2,619.66",,EX000081014
C&M-GMS Global Sum,PRC DELEGATED CO-COMMISSIONING,SUKUMARAN M & PARTNERS,26594907,"47,806.60",,EX000081016
C&M-GMS Other FDR Payment,PRC DELEGATED CO-COMMISSIONING,SUKUMARAN M & PARTNERS,26594907,"3,667.29",,EX000081016
C&M-GMS PCO Seniority,PRC DELEGATED CO-COMMISSIONING,SUKUMARAN M & PARTNERS,26594907,"2,346.66",,EX000081016
C&M-GMS Prem Actual Rent,PRC DELEGATED CO-COMMISSIONING,SUKUMARAN M & PARTNERS,26594907,"18,914.93",,EX000081016
C&M-GMS QOF Aspiration,PRC DELEGATED CO-COMMISSIONING,SUKUMARAN M & PARTNERS,26594907,"5,597.22",,EX000081016
C&M-GMS DES Learn Dsblty Hlth Chk,PRC DELEGATED CO-COMMISSIONING,DR R J BAKER & PARTNERS,26594909,700,,EX000081018
C&M-GMS Global Sum,PRC DELEGATED CO-COMMISSIONING,DR R J BAKER & PARTNERS,26594909,"43,429.69",,EX000081018
C&M-GMS MPIG Correction Factor,PRC DELEGATED CO-COMMISSIONING,DR R J BAKER & PARTNERS,26594909,446.83,,EX000081018
C&M-GMS PCO Seniority,PRC DELEGATED CO-COMMISSIONING,DR R J BAKER & PARTNERS,26594909,"2,731.69",,EX000081018
C&M-GMS Prem Notional Rent,PRC DELEGATED CO-COMMISSIONING,DR R J BAKER & PARTNERS,26594909,"2,714.47",,EX000081018
C&M-GMS QOF Aspiration,PRC DELEGATED CO-COMMISSIONING,DR R J BAKER & PARTNERS,26594909,"5,003.07",,EX000081018
Hcare Srv Rec Fdtn Trust-CQUIN,COMMUNITY SERVICES,ESSEX PARTNERSHIP UNIVERSITY NHS FT,26610278,"85,364.00",GB654974100,I0065010
Hcare Srv Rec Fdtn Trust-Contract Baseline,MENTAL HEALTH CONTRACTS,ESSEX PARTNERSHIP UNIVERSITY NHS FT,26610281,"41,823.13",GB654974100,I0065040
Hlthcre-Foundation Trsts,COMMUNITY SERVICES,ESSEX PARTNERSHIP UNIVERSITY NHS FT,26610295,"34,731.00",GB654974100,I0065171
Hlthcre-Foundation Trsts,COMMUNITY SERVICES,ESSEX PARTNERSHIP UNIVERSITY NHS FT,26610306,"33,747.00",GB654974100,I0065139
Clinical&Medical-Independent Sector,GP FORWARD VIEW,CROUCH VALLEY GP CONSORTIUM LTD,26623663,"30,233.00",,CV9
Hlthcre-Foundation Trsts,MENTAL HEALTH SERVICES - SPECIALIST SERVICES,ESSEX PARTNERSHIP UNIVERSITY NHS FT,26624286,"233,961.67",GB654974100,I0065021
Computer Maintenance,PRIMARY CARE IT,BT PLC,26639839,"97,660.00",GB245719348,GB20084627Q007
Hcare Srv Rec Fdtn Trust-Contract Baseline,ACUTE COMMISSIONING,GUYS & ST THOMAS HOSPITAL NHS FOUNDATION TRUST,26656596,"58,269.00",654923417,3260277
Hlthcre-Foundation Trsts,COMMUNITY SERVICES,ESSEX PARTNERSHIP UNIVERSITY NHS FT,26656655,"33,747.00",GB654974100,I0065135
