Department family,Entity,Date,Expense Type,Expense area,Supplier,Transaction number,AP Amount (�),VAT registration number,Purchase invoice number,,
Department of Health,NHS East Berkshire CCG,2/28/2019,Clinical&Medical-Independent Sector,LEARNING DIFFICULTIES - S117,PINES,25817551,"27,600.00 ",,011F619,,
Department of Health,NHS East Berkshire CCG,2/28/2019,C&M-APMS LES Extended Hours,GP FORWARD VIEW,BERKSHIRE PRIMARY CARE LTD,25818580,"55,431.73 ",,BPC1819000028,,
Department of Health,NHS East Berkshire CCG,2/28/2019,Hcare Srv Rec Fdtn Trust-Over/ Under Performance,COLLABORATIVE COMMISSIONING,GREAT ORMOND STREET HOSPITAL FOR CHILDREN NHS FOUNDATION TRUST,25857781,"30,589.78 ",654922910,X0206023,,
Department of Health,NHS East Berkshire CCG,2/28/2019,Hcare Srv Rec Fdtn Trust-Contract Baseline,COLLABORATIVE COMMISSIONING,CHELSEA AND WESTMINSTER HOSPITAL NHS FOUNDATION TRUST,25857999,"225,000.77 ",654915415,S0004350,,
Department of Health,NHS East Berkshire CCG,2/28/2019,Hcare Srv Rec Fdtn Trust-Over/ Under Performance,PATIENT TRANSPORT,SOUTH CENTRAL AMBULANCE SERVICE NHS FOUNDATION TRUST,25858011,"67,571.01 ",654923613,INV0050214,,
Department of Health,NHS East Berkshire CCG,2/28/2019,Hcare Srv Rec Fdtn Trust-Contract Baseline,ACUTE COMMISSIONING,ASHFORD & ST PETERS HOSPITALS NHSFT,25858149,"446,414.00 ",GB654969284,14506090,,
Department of Health,NHS East Berkshire CCG,2/28/2019,Hcare Srv Rec NHS Trust-Contract Baseline,COLLABORATIVE COMMISSIONING,IMPERIAL COLLEGE HEALTHCARE NHS TRUST,25858162,"584,003.00 ",654945990,H0169241,,
Department of Health,NHS East Berkshire CCG,2/28/2019,Hcare Srv Rec NHS Trust-Contract Baseline,COLLABORATIVE COMMISSIONING,ROYAL NATIONAL ORTHOPAEDIC HOSPITAL NHS TRUST,25858210,"244,476.00 ",654947494,B0039110,,
Department of Health,NHS East Berkshire CCG,2/28/2019,Hcare Srv Rec Fdtn Trust-Contract Baseline,MENTAL HEALTH CONTRACTS,SURREY & BORDERS PARTNERSHIP NHS FOUNDATION TRUST,25874637,"47,729.00 ",654 4345 33,6734644,,
Department of Health,NHS East Berkshire CCG,2/28/2019,Clinical&Medical-Commercial Sector,COMMUNITY SERVICES,WINDSAR CARE CENTRE LTD,25874645,"39,592.31 ",,1001390,,
Department of Health,NHS East Berkshire CCG,2/28/2019,Clinical&Medical-Voluntary Sector,HOSPICES,THAMES HOSPICECARE,25874651,"209,792.83 ",GB237514509,181326,,
Department of Health,NHS East Berkshire CCG,2/28/2019,Clinical&Medical-Voluntary Sector,HOSPICES,THAMES HOSPICECARE,25874661,"33,665.17 ",GB237514509,181327,,
Department of Health,NHS East Berkshire CCG,2/28/2019,Hcare Srv Rec Fdtn Trust-Over/ Under Performance,ACUTE COMMISSIONING,OXFORD UNIVERSITY HOSPITALS NHS FOUNDATION TRUST,25886892,"(39,730.09)",654935407,CRN5414,,
Department of Health,NHS East Berkshire CCG,2/28/2019,Hcare Srv Rec NHS Trust-Contract Baseline,ACUTE COMMISSIONING,BUCKINGHAMSHIRE HEALTHCARE NHS TRUST,25909994,"219,621.67 ",654 4313 46,B0000675,,
Department of Health,NHS East Berkshire CCG,2/28/2019,C&M-PMS Baseline Adjustment,PRC DELEGATED CO-COMMISSIONING,AVENUE MEDICAL CENTRE SLOUGH,25930422,293.62 ,,BE000031062,,
Department of Health,NHS East Berkshire CCG,2/28/2019,C&M-PMS Contract Value,PRC DELEGATED CO-COMMISSIONING,AVENUE MEDICAL CENTRE SLOUGH,25930422,"49,954.76 ",,BE000031062,,
Department of Health,NHS East Berkshire CCG,2/28/2019,C&M-PMS DES Learn Dsblty Hlth Chk,PRC DELEGATED CO-COMMISSIONING,AVENUE MEDICAL CENTRE SLOUGH,25930422,980.00 ,,BE000031062,,
Department of Health,NHS East Berkshire CCG,2/28/2019,C&M-PMS Funding Differential Review,PRC DELEGATED CO-COMMISSIONING,AVENUE MEDICAL CENTRE SLOUGH,25930422,"1,798.94 ",,BE000031062,,
Department of Health,NHS East Berkshire CCG,2/28/2019,C&M-PMS PCO Other,PRC DELEGATED CO-COMMISSIONING,AVENUE MEDICAL CENTRE SLOUGH,25930422,532.88 ,,BE000031062,,
Department of Health,NHS East Berkshire CCG,2/28/2019,C&M-PMS Prem Notional Rent,PRC DELEGATED CO-COMMISSIONING,AVENUE MEDICAL CENTRE SLOUGH,25930422,"4,416.67 ",,BE000031062,,
Department of Health,NHS East Berkshire CCG,2/28/2019,C&M-PMS QOF Aspiration,PRC DELEGATED CO-COMMISSIONING,AVENUE MEDICAL CENTRE SLOUGH,25930422,"6,615.08 ",,BE000031062,,
Department of Health,NHS East Berkshire CCG,2/28/2019,ME - PMS TPS Added Years Adj EEs,PRC DELEGATED CO-COMMISSIONING,FARNHAM ROAD PRACTICE,25930423,(75.00),,BE000031063,,
Department of Health,NHS East Berkshire CCG,2/28/2019,ME-PMS GP Pension EEs-PMS,PRC DELEGATED CO-COMMISSIONING,FARNHAM ROAD PRACTICE,25930423,"(14,774.34)",,BE000031063,,
Department of Health,NHS East Berkshire CCG,2/28/2019,ME-PMS GP Pension ERs Adjs - PMS,PRC DELEGATED CO-COMMISSIONING,FARNHAM ROAD PRACTICE,25930423,"(16,187.67)",,BE000031063,,
Department of Health,NHS East Berkshire CCG,2/28/2019,C&M-PMS Baseline Adjustment,PRC DELEGATED CO-COMMISSIONING,FARNHAM ROAD PRACTICE,25930424,488.78 ,,BE000031064,,
Department of Health,NHS East Berkshire CCG,2/28/2019,C&M-PMS Contract Value,PRC DELEGATED CO-COMMISSIONING,FARNHAM ROAD PRACTICE,25930424,"167,398.28 ",,BE000031064,,
Department of Health,NHS East Berkshire CCG,2/28/2019,C&M-PMS Funding Differential Review,PRC DELEGATED CO-COMMISSIONING,FARNHAM ROAD PRACTICE,25930424,"10,463.41 ",,BE000031064,,
Department of Health,NHS East Berkshire CCG,2/28/2019,C&M-PMS Prem Notional Rent,PRC DELEGATED CO-COMMISSIONING,FARNHAM ROAD PRACTICE,25930424,"16,308.33 ",,BE000031064,,
Department of Health,NHS East Berkshire CCG,2/28/2019,C&M-PMS QOF Aspiration,PRC DELEGATED CO-COMMISSIONING,FARNHAM ROAD PRACTICE,25930424,"16,282.25 ",,BE000031064,,
Department of Health,NHS East Berkshire CCG,2/28/2019,C&M-PMS Baseline Adjustment,PRC DELEGATED CO-COMMISSIONING,MANOR PARK MEDICAL CENTRE SLOUGH,25930426,302.78 ,,BE000031066,,
Department of Health,NHS East Berkshire CCG,2/28/2019,C&M-PMS Contract Value,PRC DELEGATED CO-COMMISSIONING,MANOR PARK MEDICAL CENTRE SLOUGH,25930426,"70,905.91 ",,BE000031066,,
Department of Health,NHS East Berkshire CCG,2/28/2019,C&M-PMS Funding Differential Review,PRC DELEGATED CO-COMMISSIONING,MANOR PARK MEDICAL CENTRE SLOUGH,25930426,"4,831.34 ",,BE000031066,,
Department of Health,NHS East Berkshire CCG,2/28/2019,C&M-PMS Prem Notional Rent,PRC DELEGATED CO-COMMISSIONING,MANOR PARK MEDICAL CENTRE SLOUGH,25930426,"6,141.67 ",,BE000031066,,
Department of Health,NHS East Berkshire CCG,2/28/2019,C&M-PMS QOF Aspiration,PRC DELEGATED CO-COMMISSIONING,MANOR PARK MEDICAL CENTRE SLOUGH,25930426,"7,854.51 ",,BE000031066,,
Department of Health,NHS East Berkshire CCG,2/28/2019,Hcare Srv Rec NHS Trust-Non Contract,NCAS/OATS,SHREWSBURY&TELFORD HOSPITAL NHS TRUST,25939486,"42,069.00 ",654939296,10126281,,
Department of Health,NHS East Berkshire CCG,2/28/2019,Clinical&Medical-Othe Public Sector,COMMUNITY SERVICES,WEST BERKSHIRE DISTRICT COUNCIL,25939595,"465,917.82 ",200245628,238927448659,,
Department of Health,NHS East Berkshire CCG,2/28/2019,Cont Care-Learning Disab(<65),ADULT JOINT FUNDED CONTINUING CARE,NATIONAL STAR FOUNDATION LTD,25939603,"46,182.48 ",184541203,0000014811,,
Department of Health,NHS East Berkshire CCG,2/28/2019,Hcare Srv Rec Fdtn Trust-Contract Baseline,ACUTE COMMISSIONING,FRIMLEY HEALTH NHS FOUNDATION TRUST,25939693,"17,669,407.04 ",654922028,N0104464,,
Department of Health,NHS East Berkshire CCG,2/28/2019,Clinical&Medical-Othe Public Sector,PROGRAMME PROJECTS,SURREY COUNTY COUNCIL,25939731,"30,500.00 ",GB216947249,9500188000,,
Department of Health,NHS East Berkshire CCG,2/28/2019,Clinical&Medical-Independent Sector,ACUTE COMMISSIONING,SPIRE HEALTHCARE LTD,25939738,"62,926.00 ",915970991,15DGRXPF181911,,
Department of Health,NHS East Berkshire CCG,2/28/2019,Cont Care-Learning Disab(<65),ADULT JOINT FUNDED CONTINUING CARE,HOLY CROSS HOSPITAL,25939740,"19,840.00 ",216707373,SIN041656,,
Department of Health,NHS East Berkshire CCG,2/28/2019,Cont Care-Physical Disab (<65),ADULT JOINT FUNDED CONTINUING CARE,HOLY CROSS HOSPITAL,25939740,"29,389.86 ",216707373,SIN041656,,
Department of Health,NHS East Berkshire CCG,2/28/2019,Clinical&Medical-Othe Public Sector,DEMENTIA,BRACKNELL FOREST COUNCIL,25962015,"25,111.36 ",200330740,5465996,,
Department of Health,NHS East Berkshire CCG,2/28/2019,Clinical&Medical-Voluntary Sector,LEARNING DIFFICULTIES - S117,NAS SERVICES LTD,25971281,"25,357.82 ",653 370050,ASC2325469,,
Department of Health,NHS East Berkshire CCG,2/28/2019,Hcare Srv Rec Fdtn Trust-Prior Year,COLLABORATIVE COMMISSIONING,ROYAL FREE LONDON NHS FOUNDATION TRUST,26005977,"90,498.00 ",654946987,I0160782,,
Department of Health,NHS East Berkshire CCG,2/28/2019,Hcare Srv Rec NHS Trust-Prior Year,COLLABORATIVE COMMISSIONING,BARTS HEALTH NHS TRUST,26006992,"42,318.71 ",654947005,345230,,
Department of Health,NHS East Berkshire CCG,2/28/2019,Hcare Srv Rec Fdtn Trust-Over/ Under Performance,COLLABORATIVE COMMISSIONING,ROYAL BROMPTON & HAREFIELD NHS FOUNDATION TRUST,26007027,"121,051.99 ",654968091,S005184,,
Department of Health,NHS East Berkshire CCG,2/28/2019,Clinical&Medical-Clinical Other,PRIMARY CARE INVESTMENTS,DR MLH KUMAR & PARTNER T/A SOUTH CLUSTER BHARANI MEDICAL CENTRE,26007044,"27,061.86 ",,GPAFADD3RD2019,,
Department of Health,NHS East Berkshire CCG,2/28/2019,Hcare Srv Rec Fdtn Trust-Contract Baseline,ACUTE COMMISSIONING,OXFORD UNIVERSITY HOSPITALS NHS FOUNDATION TRUST,26007176,"301,106.00 ",654935407,8293461,,
Department of Health,NHS East Berkshire CCG,2/28/2019,Hcare Srv Rec Fdtn Trust-Contract Baseline,MENTAL HEALTH CONTRACTS,BERKSHIRE HEALTHCARE NHS FOUNDATION TRUST,26007182,"3,717,229.60 ",654411648,934490,,
Department of Health,NHS East Berkshire CCG,2/28/2019,Hcare Srv Rec Fdtn Trust-Contract Baseline,COMMUNITY SERVICES,BERKSHIRE HEALTHCARE NHS FOUNDATION TRUST,26007191,"2,731,749.31 ",654411648,934491,,
Department of Health,NHS East Berkshire CCG,2/28/2019,Hcare Srv Rec Fdtn Trust-Non Contract,MENTAL HEALTH CONTRACTS,BERKSHIRE HEALTHCARE NHS FOUNDATION TRUST,26007200,"34,788.00 ",654411648,934453,,
Department of Health,NHS East Berkshire CCG,2/28/2019,Hcare Srv Rec Fdtn Trust-Over/ Under Performance,COLLABORATIVE COMMISSIONING,CHELSEA AND WESTMINSTER HOSPITAL NHS FOUNDATION TRUST,26007374,"121,607.92 ",654915415,S0004351,,
Department of Health,NHS East Berkshire CCG,2/28/2019,Hcare Srv Rec Fdtn Trust-Over/ Under Performance,COLLABORATIVE COMMISSIONING,ROYAL FREE LONDON NHS FOUNDATION TRUST,26007383,"83,714.00 ",654946987,I0169981,,
Department of Health,NHS East Berkshire CCG,2/28/2019,Hcare Srv Rec Fdtn Trust-Over/ Under Performance,COLLABORATIVE COMMISSIONING,ROYAL BROMPTON & HAREFIELD NHS FOUNDATION TRUST,26007564,"61,737.99 ",654968091,S005371,,
Department of Health,NHS East Berkshire CCG,2/28/2019,Hcare Srv Rec Fdtn Trust-Over/ Under Performance,COLLABORATIVE COMMISSIONING,ROYAL BROMPTON & HAREFIELD NHS FOUNDATION TRUST,26007582,"50,411.98 ",654968091,S005373,,
Department of Health,NHS East Berkshire CCG,2/28/2019,Hcare Srv Rec Fdtn Trust-Contract Baseline,COLLABORATIVE COMMISSIONING,GREAT ORMOND STREET HOSPITAL FOR CHILDREN NHS FOUNDATION TRUST,26007644,"100,010.92 ",654922910,X0207518,,
Department of Health,NHS East Berkshire CCG,2/28/2019,Hcare Srv Rec Fdtn Trust-Contract Baseline,ACUTE COMMISSIONING,ROYAL SURREY COUNTY HOSPITAL NHS FOUNDATION TRUST,26007656,"66,658.00 ",654947690,13798863,,
Department of Health,NHS East Berkshire CCG,2/28/2019,Hcare Srv Rec Fdtn Trust-Contract Baseline,COLLABORATIVE COMMISSIONING,ROYAL MARSDEN NHS FOUNDATION TRUST (THE),26007662,"150,174.53 ",65 4947396,45758154,,
Department of Health,NHS East Berkshire CCG,2/28/2019,Hcare Srv Rec Fdtn Trust-Contract Baseline,AMBULANCE SERVICES,SOUTH EAST COAST AMBULANCE SERVICE NHS FOUNDATION TRUST,26007664,"32,387.87 ",654434925,7881655,,
Department of Health,NHS East Berkshire CCG,2/28/2019,Hcare Srv Rec NHS Trust-Contract Baseline,COLLABORATIVE COMMISSIONING,EPSOM & ST HELIER UNIVERSITY HOSPITALS NHS TRUST,26007667,"217,157.88 ",654970602,19756465,,
Department of Health,NHS East Berkshire CCG,2/28/2019,Clinical&Medical-Voluntary Sector,MENTAL HEALTH SERVICES - OTHER,BUCKINGHAMSHIRE MIND,26007672,"30,427.50 ",,13431,,
Department of Health,NHS East Berkshire CCG,2/28/2019,Hcare Srv Rec Fdtn Trust-CQUIN,PATIENT TRANSPORT,SOUTH CENTRAL AMBULANCE SERVICE NHS FOUNDATION TRUST,26007685,"3,945.34 ",654923613,INV0050181,,
Department of Health,NHS East Berkshire CCG,2/28/2019,Hcare Srv Rec Fdtn Trust-Contract Baseline,PATIENT TRANSPORT,SOUTH CENTRAL AMBULANCE SERVICE NHS FOUNDATION TRUST,26007685,"157,813.76 ",654923613,INV0050181,,
Department of Health,NHS East Berkshire CCG,2/28/2019,Hcare Srv Rec Fdtn Trust-Prior Year,COLLABORATIVE COMMISSIONING,ROYAL FREE LONDON NHS FOUNDATION TRUST,26007693,"(42,965.00)",654946987,C0020862,,
Department of Health,NHS East Berkshire CCG,2/28/2019,Hcare Srv Rec Fdtn Trust-Contract Baseline,NHS 111,SOUTH CENTRAL AMBULANCE SERVICE NHS FOUNDATION TRUST,26007701,"131,170.00 ",654923613,INV0050184,,
Department of Health,NHS East Berkshire CCG,2/28/2019,Hcare Srv Rec Fdtn Trust-Over/ Under Performance,COLLABORATIVE COMMISSIONING,ROYAL FREE LONDON NHS FOUNDATION TRUST,26007703,"61,715.00 ",654946987,I0170100,,
Department of Health,NHS East Berkshire CCG,2/28/2019,Hcare Srv Rec Fdtn Trust-Over/ Under Performance,COLLABORATIVE COMMISSIONING,ROYAL FREE LONDON NHS FOUNDATION TRUST,26007714,"61,716.00 ",654946987,I0170094,,
Department of Health,NHS East Berkshire CCG,2/28/2019,Hcare Srv Rec Fdtn Trust-Prior Year,COLLABORATIVE COMMISSIONING,ROYAL FREE LONDON NHS FOUNDATION TRUST,26007716,"29,766.00 ",654946987,I0170092,,
Department of Health,NHS East Berkshire CCG,2/28/2019,Hcare Srv Rec Fdtn Trust-Over/ Under Performance,COLLABORATIVE COMMISSIONING,ROYAL FREE LONDON NHS FOUNDATION TRUST,26007724,"61,716.00 ",654946987,I0170091,,
Department of Health,NHS East Berkshire CCG,2/28/2019,Hcare Srv Rec Fdtn Trust-Over/ Under Performance,COLLABORATIVE COMMISSIONING,ROYAL FREE LONDON NHS FOUNDATION TRUST,26007727,"28,885.00 ",654946987,I0170090,,
Department of Health,NHS East Berkshire CCG,2/28/2019,Hcare Srv Rec Fdtn Trust-Contract Baseline,ACUTE COMMISSIONING,ASHFORD & ST PETERS HOSPITALS NHSFT,26007750,"569,732.00 ",GB654969284,14506177,,
Department of Health,NHS East Berkshire CCG,2/28/2019,Charges from CSU,ADMINISTRATION & BUSINESS SUPPORT,NHS SOUTH CENTRAL AND WEST COMMISSIONING SUPPORT UNIT,26007817,"305,752.00 ",,7312708173,,
Department of Health,NHS East Berkshire CCG,2/28/2019,Hcare Srv Rec Fdtn Trust-Over/ Under Performance,COLLABORATIVE COMMISSIONING,UNIVERSITY COLLEGE LONDON HOSPITALS NHS FOUNDATION TRUST,26007845,"276,338.00 ",654948687,1114947,,
Department of Health,NHS East Berkshire CCG,2/28/2019,Hcare Srv Rec Fdtn Trust-Contract Baseline,AMBULANCE SERVICES,SOUTH CENTRAL AMBULANCE SERVICE NHS FOUNDATION TRUST,26007910,"1,154,354.45 ",654923613,INV0050146A,,
Department of Health,NHS East Berkshire CCG,2/28/2019,Hcare Srv Rec Fdtn Trust-Over/ Under Performance,COLLABORATIVE COMMISSIONING,GREAT ORMOND STREET HOSPITAL FOR CHILDREN NHS FOUNDATION TRUST,26009147,"(32,083.22)",654922910,X0207400,,
Department of Health,NHS East Berkshire CCG,2/28/2019,Hcare Srv Rec Fdtn Trust-Contract Baseline,ACUTE COMMISSIONING,ROYAL BERKSHIRE NHS FOUNDATION TRUST,26009159,"2,275,000.00 ",654938593,499741,,
Department of Health,NHS East Berkshire CCG,2/28/2019,Hcare Srv Rec Fdtn Trust-Prior Year,COLLABORATIVE COMMISSIONING,ST GEORGES UNIVERSITY HOSPITALS NHS FOUNDATION TRUST,26009209,"33,919.00 ",GB654461922,6428540,,
Department of Health,NHS East Berkshire CCG,2/28/2019,C&M-APMS Contract Value,PRC DELEGATED CO-COMMISSIONING,EAST BERKSHIRE PRIMARY CARE(OOHS),26028042,"175,473.00 ",,15342,,
Department of Health,NHS East Berkshire CCG,2/28/2019,Clinical&Medical-Commercial Sector,URGENT CARE,EAST BERKSHIRE PRIMARY CARE(OOHS),26028046,"33,229.86 ",,15344,,
Department of Health,NHS East Berkshire CCG,2/28/2019,Professional Fees,CORPORATE COSTS & SERVICES,UNITED HEALTH UK,26028251,"40,000.00 ",108297604,0001105178,,
Department of Health,NHS East Berkshire CCG,2/28/2019,Apprenticeship Levy Payable,Balance Sheet,HMRC,26040417,844.00 ,,120PJ015721271910,,
Department of Health,NHS East Berkshire CCG,2/28/2019,Income tax <1Yr,Balance Sheet,HMRC,26040417,"60,919.60 ",,120PJ015721271910,,
Department of Health,NHS East Berkshire CCG,2/28/2019,Income tax <1Yr-Student Loans,Balance Sheet,HMRC,26040417,920.00 ,,120PJ015721271910,,
Department of Health,NHS East Berkshire CCG,2/28/2019,National Insurance < 1 yr-NI- ERS,Balance Sheet,HMRC,26040417,"45,881.64 ",,120PJ015721271910,,
Department of Health,NHS East Berkshire CCG,2/28/2019,National Insurance < 1 yr-NI-EES,Balance Sheet,HMRC,26040417,"32,062.43 ",,120PJ015721271910,,
Department of Health,NHS East Berkshire CCG,2/28/2019,Clinical&Medical-Independent Sector,ACUTE COMMISSIONING,CIRCLEREADING T/A CIRCLE HOSPITAL (READING) LTD,26045637,"42,150.70 ",,15D102018OP,,
Department of Health,NHS East Berkshire CCG,2/28/2019,Clinical&Medical-Commercial Sector,OUT OF HOURS,EAST BERKSHIRE PRIMARY CARE(OOHS),26045830,"378,350.00 ",,15340,,
Department of Health,NHS East Berkshire CCG,2/28/2019,Clinical&Medical-Commercial Sector,GP FORWARD VIEW,EAST BERKSHIRE PRIMARY CARE(OOHS),26045833,"59,348.00 ",,15346,,
Department of Health,NHS East Berkshire CCG,2/28/2019,Hcare Srv Rec Fdtn Trust-Non Contract,MENTAL HEALTH SERVICES - NOT CONTRACTED ACTIVITY,SURREY & BORDERS PARTNERSHIP NHS FOUNDATION TRUST,26045855,"28,666.50 ",654 4345 33,6734657,,
Department of Health,NHS East Berkshire CCG,2/28/2019,C&M-GMS Global Sum,PRC DELEGATED CO-COMMISSIONING,BATH ROAD SURGERY SLOUGH,26059117,"31,792.17 ",,BE000031140,,
Department of Health,NHS East Berkshire CCG,2/28/2019,C&M-GMS MPIG Correction Factor,PRC DELEGATED CO-COMMISSIONING,BATH ROAD SURGERY SLOUGH,26059117,355.85 ,,BE000031140,,
Department of Health,NHS East Berkshire CCG,2/28/2019,C&M-GMS Prem Notional Rent,PRC DELEGATED CO-COMMISSIONING,BATH ROAD SURGERY SLOUGH,26059117,"1,075.00 ",,BE000031140,,
Department of Health,NHS East Berkshire CCG,2/28/2019,C&M-GMS QOF Aspiration,PRC DELEGATED CO-COMMISSIONING,BATH ROAD SURGERY SLOUGH,26059117,"2,494.79 ",,BE000031140,,
Department of Health,NHS East Berkshire CCG,2/28/2019,C&M-GMS Global Sum,PRC DELEGATED CO-COMMISSIONING,BINFIELD SURGERY,26059119,"74,323.94 ",,BE000031144,,
Department of Health,NHS East Berkshire CCG,2/28/2019,C&M-GMS Other Baseline Adjustment,PRC DELEGATED CO-COMMISSIONING,BINFIELD SURGERY,26059119,375.06 ,,BE000031144,,
Department of Health,NHS East Berkshire CCG,2/28/2019,C&M-GMS Other FDR Payment,PRC DELEGATED CO-COMMISSIONING,BINFIELD SURGERY,26059119,"7,426.11 ",,BE000031144,,
Department of Health,NHS East Berkshire CCG,2/28/2019,C&M-GMS PCO Other,PRC DELEGATED CO-COMMISSIONING,BINFIELD SURGERY,26059119,761.26 ,,BE000031144,,
Department of Health,NHS East Berkshire CCG,2/28/2019,C&M-GMS Prem Notional Rent,PRC DELEGATED CO-COMMISSIONING,BINFIELD SURGERY,26059119,"4,941.67 ",,BE000031144,,
Department of Health,NHS East Berkshire CCG,2/28/2019,C&M-GMS Prem Water Rates,PRC DELEGATED CO-COMMISSIONING,BINFIELD SURGERY,26059119,185.21 ,,BE000031144,,
Department of Health,NHS East Berkshire CCG,2/28/2019,C&M-GMS QOF Aspiration,PRC DELEGATED CO-COMMISSIONING,BINFIELD SURGERY,26059119,"5,276.42 ",,BE000031144,,
Department of Health,NHS East Berkshire CCG,2/28/2019,C&M-GMS Global Sum,PRC DELEGATED CO-COMMISSIONING,CLARENCE MEDICAL CENTRE,26059121,"93,395.73 ",,BE000031148,,
Department of Health,NHS East Berkshire CCG,2/28/2019,C&M-GMS MPIG Correction Factor,PRC DELEGATED CO-COMMISSIONING,CLARENCE MEDICAL CENTRE,26059121,"3,752.04 ",,BE000031148,,
Department of Health,NHS East Berkshire CCG,2/28/2019,C&M-GMS Prem Actual Rent,PRC DELEGATED CO-COMMISSIONING,CLARENCE MEDICAL CENTRE,26059121,"2,125.00 ",,BE000031148,,
Department of Health,NHS East Berkshire CCG,2/28/2019,C&M-GMS Prem Notional Rent,PRC DELEGATED CO-COMMISSIONING,CLARENCE MEDICAL CENTRE,26059121,"7,561.67 ",,BE000031148,,
Department of Health,NHS East Berkshire CCG,2/28/2019,C&M-GMS QOF Aspiration,PRC DELEGATED CO-COMMISSIONING,CLARENCE MEDICAL CENTRE,26059121,"6,483.23 ",,BE000031148,,
Department of Health,NHS East Berkshire CCG,2/28/2019,C&M-GMS Global Sum,PRC DELEGATED CO-COMMISSIONING,CEDARS SURGERY MAIDENHEAD,26059123,"70,944.28 ",,BE000031150,,
Department of Health,NHS East Berkshire CCG,2/28/2019,C&M-GMS MPIG Correction Factor,PRC DELEGATED CO-COMMISSIONING,CEDARS SURGERY MAIDENHEAD,26059123,"1,319.44 ",,BE000031150,,
Department of Health,NHS East Berkshire CCG,2/28/2019,C&M-GMS Prem Actual Rent,PRC DELEGATED CO-COMMISSIONING,CEDARS SURGERY MAIDENHEAD,26059123,"13,400.00 ",,BE000031150,,
Department of Health,NHS East Berkshire CCG,2/28/2019,C&M-GMS QOF Aspiration,PRC DELEGATED CO-COMMISSIONING,CEDARS SURGERY MAIDENHEAD,26059123,"7,037.37 ",,BE000031150,,
Department of Health,NHS East Berkshire CCG,2/28/2019,C&M-GMS Global Sum,PRC DELEGATED CO-COMMISSIONING,COOKHAM MEDICAL CENTRE,26059125,"55,700.18 ",,BE000031152,,
Department of Health,NHS East Berkshire CCG,2/28/2019,C&M-GMS LES Medical Fees,LOCAL ENHANCED SERVICES,COOKHAM MEDICAL CENTRE,26059125,77.00 ,,BE000031152,,
Department of Health,NHS East Berkshire CCG,2/28/2019,C&M-GMS Other Baseline Adjustment,PRC DELEGATED CO-COMMISSIONING,COOKHAM MEDICAL CENTRE,26059125,283.07 ,,BE000031152,,
Department of Health,NHS East Berkshire CCG,2/28/2019,C&M-GMS Other FDR Payment,PRC DELEGATED CO-COMMISSIONING,COOKHAM MEDICAL CENTRE,26059125,"2,799.62 ",,BE000031152,,
Department of Health,NHS East Berkshire CCG,2/28/2019,C&M-GMS Prem Notional Rent,PRC DELEGATED CO-COMMISSIONING,COOKHAM MEDICAL CENTRE,26059125,"7,858.33 ",,BE000031152,,
Department of Health,NHS East Berkshire CCG,2/28/2019,C&M-GMS QOF Aspiration,PRC DELEGATED CO-COMMISSIONING,COOKHAM MEDICAL CENTRE,26059125,"5,718.50 ",,BE000031152,,
Department of Health,NHS East Berkshire CCG,2/28/2019,C&M-GMS DES Learn Dsblty Hlth Chk,PRC DELEGATED CO-COMMISSIONING,CORDWALLIS RD SURGERY,26059127,"1,820.00 ",,BE000031154,,
Department of Health,NHS East Berkshire CCG,2/28/2019,C&M-GMS Global Sum,PRC DELEGATED CO-COMMISSIONING,CORDWALLIS RD SURGERY,26059127,"20,017.41 ",,BE000031154,,
Department of Health,NHS East Berkshire CCG,2/28/2019,C&M-GMS MPIG Correction Factor,PRC DELEGATED CO-COMMISSIONING,CORDWALLIS RD SURGERY,26059127,177.41 ,,BE000031154,,
Department of Health,NHS East Berkshire CCG,2/28/2019,C&M-GMS Prem Notional Rent,PRC DELEGATED CO-COMMISSIONING,CORDWALLIS RD SURGERY,26059127,"2,333.33 ",,BE000031154,,
Department of Health,NHS East Berkshire CCG,2/28/2019,C&M-GMS QOF Aspiration,PRC DELEGATED CO-COMMISSIONING,CORDWALLIS RD SURGERY,26059127,"2,485.17 ",,BE000031154,,
Department of Health,NHS East Berkshire CCG,2/28/2019,C&M-GMS DES Learn Dsblty Hlth Chk,PRC DELEGATED CO-COMMISSIONING,DATCHET HEALTH CENTRE,26059129,560.00 ,,BE000031156,,
Department of Health,NHS East Berkshire CCG,2/28/2019,C&M-GMS Global Sum,PRC DELEGATED CO-COMMISSIONING,DATCHET HEALTH CENTRE,26059129,"71,005.71 ",,BE000031156,,
Department of Health,NHS East Berkshire CCG,2/28/2019,C&M-GMS MPIG Correction Factor,PRC DELEGATED CO-COMMISSIONING,DATCHET HEALTH CENTRE,26059129,262.32 ,,BE000031156,,
Department of Health,NHS East Berkshire CCG,2/28/2019,C&M-GMS PCO Other,PRC DELEGATED CO-COMMISSIONING,DATCHET HEALTH CENTRE,26059129,709.60 ,,BE000031156,,
Department of Health,NHS East Berkshire CCG,2/28/2019,C&M-GMS Prem Notional Rent,PRC DELEGATED CO-COMMISSIONING,DATCHET HEALTH CENTRE,26059129,"7,102.67 ",,BE000031156,,
Department of Health,NHS East Berkshire CCG,2/28/2019,C&M-GMS QOF Aspiration,PRC DELEGATED CO-COMMISSIONING,DATCHET HEALTH CENTRE,26059129,"7,524.42 ",,BE000031156,,
Department of Health,NHS East Berkshire CCG,2/28/2019,C&M-GMS Global Sum,PRC DELEGATED CO-COMMISSIONING,CROSBY HOUSE SURGERY,26059131,"76,156.04 ",,BE000031158,,
Department of Health,NHS East Berkshire CCG,2/28/2019,C&M-GMS Other Baseline Adjustment,PRC DELEGATED CO-COMMISSIONING,CROSBY HOUSE SURGERY,26059131,215.64 ,,BE000031158,,
Department of Health,NHS East Berkshire CCG,2/28/2019,C&M-GMS Other FDR Payment,PRC DELEGATED CO-COMMISSIONING,CROSBY HOUSE SURGERY,26059131,"8,338.75 ",,BE000031158,,
Department of Health,NHS East Berkshire CCG,2/28/2019,C&M-GMS Prem Notional Rent,PRC DELEGATED CO-COMMISSIONING,CROSBY HOUSE SURGERY,26059131,"3,550.00 ",,BE000031158,,
Department of Health,NHS East Berkshire CCG,2/28/2019,C&M-GMS QOF Aspiration,PRC DELEGATED CO-COMMISSIONING,CROSBY HOUSE SURGERY,26059131,"6,797.64 ",,BE000031158,,
Department of Health,NHS East Berkshire CCG,2/28/2019,C&M-GMS DES Learn Dsblty Hlth Chk,PRC DELEGATED CO-COMMISSIONING,CROWNWOOD MEDICAL CENTRE,26059132,280.00 ,,BE000031159,,
Department of Health,NHS East Berkshire CCG,2/28/2019,C&M-GMS Global Sum,PRC DELEGATED CO-COMMISSIONING,CROWNWOOD MEDICAL CENTRE,26059132,"32,241.18 ",,BE000031159,,
Department of Health,NHS East Berkshire CCG,2/28/2019,C&M-GMS MPIG Correction Factor,PRC DELEGATED CO-COMMISSIONING,CROWNWOOD MEDICAL CENTRE,26059132,847.26 ,,BE000031159,,
Department of Health,NHS East Berkshire CCG,2/28/2019,C&M-GMS Prem Notional Rent,PRC DELEGATED CO-COMMISSIONING,CROWNWOOD MEDICAL CENTRE,26059132,"3,129.17 ",,BE000031159,,
Department of Health,NHS East Berkshire CCG,2/28/2019,C&M-GMS QOF Aspiration,PRC DELEGATED CO-COMMISSIONING,CROWNWOOD MEDICAL CENTRE,26059132,"2,779.30 ",,BE000031159,,
Department of Health,NHS East Berkshire CCG,2/28/2019,C&M-GMS Global Sum,PRC DELEGATED CO-COMMISSIONING,DR V SHARMA,26059133,"37,075.04 ",,BE000031160,,
Department of Health,NHS East Berkshire CCG,2/28/2019,C&M-GMS Other Baseline Adjustment,PRC DELEGATED CO-COMMISSIONING,DR V SHARMA,26059133,87.86 ,,BE000031160,,
Department of Health,NHS East Berkshire CCG,2/28/2019,C&M-GMS Other FDR Payment,PRC DELEGATED CO-COMMISSIONING,DR V SHARMA,26059133,"3,096.20 ",,BE000031160,,
Department of Health,NHS East Berkshire CCG,2/28/2019,C&M-GMS Prem Notional Rent,PRC DELEGATED CO-COMMISSIONING,DR V SHARMA,26059133,"1,500.00 ",,BE000031160,,
Department of Health,NHS East Berkshire CCG,2/28/2019,C&M-GMS QOF Aspiration,PRC DELEGATED CO-COMMISSIONING,DR V SHARMA,26059133,"3,029.27 ",,BE000031160,,
Department of Health,NHS East Berkshire CCG,2/28/2019,C&M-GMS Global Sum,PRC DELEGATED CO-COMMISSIONING,EVERGREEN PRACTICE,26059135,"28,810.52 ",,BE000031162,,
Department of Health,NHS East Berkshire CCG,2/28/2019,C&M-GMS MPIG Correction Factor,PRC DELEGATED CO-COMMISSIONING,EVERGREEN PRACTICE,26059135,"1,137.35 ",,BE000031162,,
Department of Health,NHS East Berkshire CCG,2/28/2019,C&M-GMS Prem Actual Rent,PRC DELEGATED CO-COMMISSIONING,EVERGREEN PRACTICE,26059135,764.63 ,,BE000031162,,
Department of Health,NHS East Berkshire CCG,2/28/2019,C&M-GMS QOF Aspiration,PRC DELEGATED CO-COMMISSIONING,EVERGREEN PRACTICE,26059135,"1,973.29 ",,BE000031162,,
Department of Health,NHS East Berkshire CCG,2/28/2019,C&M-GMS Global Sum,PRC DELEGATED CO-COMMISSIONING,EASTHAMPSTEAD SURGERY,26059137,"36,005.12 ",,BE000031164,,
Department of Health,NHS East Berkshire CCG,2/28/2019,C&M-GMS Prem Notional Rent,PRC DELEGATED CO-COMMISSIONING,EASTHAMPSTEAD SURGERY,26059137,"2,475.00 ",,BE000031164,,
Department of Health,NHS East Berkshire CCG,2/28/2019,C&M-GMS QOF Aspiration,PRC DELEGATED CO-COMMISSIONING,EASTHAMPSTEAD SURGERY,26059137,"3,123.97 ",,BE000031164,,
Department of Health,NHS East Berkshire CCG,2/28/2019,C&M-GMS DES Learn Dsblty Hlth Chk,PRC DELEGATED CO-COMMISSIONING,FOREST END MEDICAL CENTRE,26059139,"1,260.00 ",,BE000031166,,
Department of Health,NHS East Berkshire CCG,2/28/2019,C&M-GMS Global Sum,PRC DELEGATED CO-COMMISSIONING,FOREST END MEDICAL CENTRE,26059139,"130,686.39 ",,BE000031166,,
Department of Health,NHS East Berkshire CCG,2/28/2019,C&M-GMS MPIG Correction Factor,PRC DELEGATED CO-COMMISSIONING,FOREST END MEDICAL CENTRE,26059139,"2,620.37 ",,BE000031166,,
Department of Health,NHS East Berkshire CCG,2/28/2019,C&M-GMS Other Baseline Adjustment,PRC DELEGATED CO-COMMISSIONING,FOREST END MEDICAL CENTRE,26059139,252.51 ,,BE000031166,,
Department of Health,NHS East Berkshire CCG,2/28/2019,C&M-GMS PCO Locum Adop/Pat/Mat,PRC DELEGATED CO-COMMISSIONING,FOREST END MEDICAL CENTRE,26059139,"11,342.46 ",,BE000031166,,
Department of Health,NHS East Berkshire CCG,2/28/2019,C&M-GMS PCO Other,PRC DELEGATED CO-COMMISSIONING,FOREST END MEDICAL CENTRE,26059139,"6,067.03 ",,BE000031166,,
Department of Health,NHS East Berkshire CCG,2/28/2019,C&M-GMS Prem Actual Rent,PRC DELEGATED CO-COMMISSIONING,FOREST END MEDICAL CENTRE,26059139,"6,748.15 ",,BE000031166,,
Department of Health,NHS East Berkshire CCG,2/28/2019,C&M-GMS Prem Notional Rent,PRC DELEGATED CO-COMMISSIONING,FOREST END MEDICAL CENTRE,26059139,"5,600.00 ",,BE000031166,,
Department of Health,NHS East Berkshire CCG,2/28/2019,C&M-GMS QOF Aspiration,PRC DELEGATED CO-COMMISSIONING,FOREST END MEDICAL CENTRE,26059139,"12,683.09 ",,BE000031166,,
Department of Health,NHS East Berkshire CCG,2/28/2019,C&M-GMS Global Sum,PRC DELEGATED CO-COMMISSIONING,GRASSMERE AVENUE SURGERY,26059141,"32,331.32 ",,BE000031168,,
Department of Health,NHS East Berkshire CCG,2/28/2019,C&M-GMS Other Baseline Adjustment,PRC DELEGATED CO-COMMISSIONING,GRASSMERE AVENUE SURGERY,26059141,210.58 ,,BE000031168,,
Department of Health,NHS East Berkshire CCG,2/28/2019,C&M-GMS Other FDR Payment,PRC DELEGATED CO-COMMISSIONING,GRASSMERE AVENUE SURGERY,26059141,"3,296.58 ",,BE000031168,,
Department of Health,NHS East Berkshire CCG,2/28/2019,C&M-GMS Prem Notional Rent,PRC DELEGATED CO-COMMISSIONING,GRASSMERE AVENUE SURGERY,26059141,"2,500.00 ",,BE000031168,,
Department of Health,NHS East Berkshire CCG,2/28/2019,C&M-GMS QOF Aspiration,PRC DELEGATED CO-COMMISSIONING,GRASSMERE AVENUE SURGERY,26059141,"3,466.26 ",,BE000031168,,
Department of Health,NHS East Berkshire CCG,2/28/2019,C&M-GMS DES Learn Dsblty Hlth Chk,PRC DELEGATED CO-COMMISSIONING,GREAT HOLLANDS PRACTICE,26059142,420.00 ,,BE000031169,,
Department of Health,NHS East Berkshire CCG,2/28/2019,C&M-GMS Global Sum,PRC DELEGATED CO-COMMISSIONING,GREAT HOLLANDS PRACTICE,26059142,"26,763.42 ",,BE000031169,,
Department of Health,NHS East Berkshire CCG,2/28/2019,C&M-GMS MPIG Correction Factor,PRC DELEGATED CO-COMMISSIONING,GREAT HOLLANDS PRACTICE,26059142,458.50 ,,BE000031169,,
Department of Health,NHS East Berkshire CCG,2/28/2019,C&M-GMS QOF Aspiration,PRC DELEGATED CO-COMMISSIONING,GREAT HOLLANDS PRACTICE,26059142,"2,085.39 ",,BE000031169,,
Department of Health,NHS East Berkshire CCG,2/28/2019,C&M-GMS Global Sum,PRC DELEGATED CO-COMMISSIONING,GREEN MEADOWS SURGERY,26059144,"73,789.39 ",,BE000031171,,
Department of Health,NHS East Berkshire CCG,2/28/2019,C&M-GMS MPIG Correction Factor,PRC DELEGATED CO-COMMISSIONING,GREEN MEADOWS SURGERY,26059144,98.00 ,,BE000031171,,
Department of Health,NHS East Berkshire CCG,2/28/2019,C&M-GMS Prem Notional Rent,PRC DELEGATED CO-COMMISSIONING,GREEN MEADOWS SURGERY,26059144,"25,729.71 ",,BE000031171,,
Department of Health,NHS East Berkshire CCG,2/28/2019,C&M-GMS QOF Aspiration,PRC DELEGATED CO-COMMISSIONING,GREEN MEADOWS SURGERY,26059144,"7,407.92 ",,BE000031171,,
Department of Health,NHS East Berkshire CCG,2/28/2019,C&M-GMS DES Learn Dsblty Hlth Chk,PRC DELEGATED CO-COMMISSIONING,HERSCHEL MEDICAL CENTRE,26059146,"1,400.00 ",,BE000031173,,
Department of Health,NHS East Berkshire CCG,2/28/2019,C&M-GMS Global Sum,PRC DELEGATED CO-COMMISSIONING,HERSCHEL MEDICAL CENTRE,26059146,"102,672.49 ",,BE000031173,,
Department of Health,NHS East Berkshire CCG,2/28/2019,C&M-GMS Other Baseline Adjustment,PRC DELEGATED CO-COMMISSIONING,HERSCHEL MEDICAL CENTRE,26059146,465.03 ,,BE000031173,,
Department of Health,NHS East Berkshire CCG,2/28/2019,C&M-GMS Other FDR Payment,PRC DELEGATED CO-COMMISSIONING,HERSCHEL MEDICAL CENTRE,26059146,"5,579.93 ",,BE000031173,,
Department of Health,NHS East Berkshire CCG,2/28/2019,C&M-GMS Prem Notional Rent,PRC DELEGATED CO-COMMISSIONING,HERSCHEL MEDICAL CENTRE,26059146,"10,562.50 ",,BE000031173,,
Department of Health,NHS East Berkshire CCG,2/28/2019,C&M-GMS QOF Aspiration,PRC DELEGATED CO-COMMISSIONING,HERSCHEL MEDICAL CENTRE,26059146,"9,469.93 ",,BE000031173,,
Department of Health,NHS East Berkshire CCG,2/28/2019,C&M-GMS Global Sum,PRC DELEGATED CO-COMMISSIONING,LEE HOUSE SURGERY,26059148,"45,890.79 ",,BE000031175,,
Department of Health,NHS East Berkshire CCG,2/28/2019,C&M-GMS MPIG Correction Factor,PRC DELEGATED CO-COMMISSIONING,LEE HOUSE SURGERY,26059148,828.36 ,,BE000031175,,
Department of Health,NHS East Berkshire CCG,2/28/2019,C&M-GMS Prem Actual Rent,PRC DELEGATED CO-COMMISSIONING,LEE HOUSE SURGERY,26059148,"5,153.15 ",,BE000031175,,
Department of Health,NHS East Berkshire CCG,2/28/2019,C&M-GMS QOF Aspiration,PRC DELEGATED CO-COMMISSIONING,LEE HOUSE SURGERY,26059148,"4,990.66 ",,BE000031175,,
Department of Health,NHS East Berkshire CCG,2/28/2019,ME-GMS GP Pension EEs Adjustments,PRC DELEGATED CO-COMMISSIONING,LEE HOUSE SURGERY,26059148,422.92 ,,BE000031175,,
Department of Health,NHS East Berkshire CCG,2/28/2019,ME-GMS GP Pension ERs Adjustments,PRC DELEGATED CO-COMMISSIONING,LEE HOUSE SURGERY,26059148,419.42 ,,BE000031175,,
Department of Health,NHS East Berkshire CCG,2/28/2019,C&M-GMS DES Learn Dsblty Hlth Chk,PRC DELEGATED CO-COMMISSIONING,KINGS CORNER SURGERY,26059150,280.00 ,,BE000031178,,
Department of Health,NHS East Berkshire CCG,2/28/2019,C&M-GMS Global Sum,PRC DELEGATED CO-COMMISSIONING,KINGS CORNER SURGERY,26059150,"51,094.52 ",,BE000031178,,
Department of Health,NHS East Berkshire CCG,2/28/2019,C&M-GMS MPIG Correction Factor,PRC DELEGATED CO-COMMISSIONING,KINGS CORNER SURGERY,26059150,"1,507.10 ",,BE000031178,,
Department of Health,NHS East Berkshire CCG,2/28/2019,C&M-GMS PCO Other,PRC DELEGATED CO-COMMISSIONING,KINGS CORNER SURGERY,26059150,544.17 ,,BE000031178,,
Department of Health,NHS East Berkshire CCG,2/28/2019,C&M-GMS Prem Notional Rent,PRC DELEGATED CO-COMMISSIONING,KINGS CORNER SURGERY,26059150,"4,575.00 ",,BE000031178,,
Department of Health,NHS East Berkshire CCG,2/28/2019,C&M-GMS QOF Aspiration,PRC DELEGATED CO-COMMISSIONING,KINGS CORNER SURGERY,26059150,"4,421.45 ",,BE000031178,,
Department of Health,NHS East Berkshire CCG,2/28/2019,C&M-GMS Global Sum,PRC DELEGATED CO-COMMISSIONING,LINDEN MEDICAL CENTRE MAIDENHEAD,26059152,"69,014.37 ",,BE000031180,,
Department of Health,NHS East Berkshire CCG,2/28/2019,C&M-GMS MPIG Correction Factor,PRC DELEGATED CO-COMMISSIONING,LINDEN MEDICAL CENTRE MAIDENHEAD,26059152,979.83 ,,BE000031180,,
Department of Health,NHS East Berkshire CCG,2/28/2019,C&M-GMS Prem Actual Rent,PRC DELEGATED CO-COMMISSIONING,LINDEN MEDICAL CENTRE MAIDENHEAD,26059152,"7,083.33 ",,BE000031180,,
Department of Health,NHS East Berkshire CCG,2/28/2019,C&M-GMS QOF Aspiration,PRC DELEGATED CO-COMMISSIONING,LINDEN MEDICAL CENTRE MAIDENHEAD,26059152,"6,510.69 ",,BE000031180,,
Department of Health,NHS East Berkshire CCG,2/28/2019,C&M-GMS Global Sum,PRC DELEGATED CO-COMMISSIONING,MAGNOLIA HOUSE SURGERY,26059154,"63,670.78 ",,BE000031182,,
Department of Health,NHS East Berkshire CCG,2/28/2019,C&M-GMS MPIG Correction Factor,PRC DELEGATED CO-COMMISSIONING,MAGNOLIA HOUSE SURGERY,26059154,"1,017.86 ",,BE000031182,,
Department of Health,NHS East Berkshire CCG,2/28/2019,C&M-GMS Prem Notional Rent,PRC DELEGATED CO-COMMISSIONING,MAGNOLIA HOUSE SURGERY,26059154,"5,158.33 ",,BE000031182,,
Department of Health,NHS East Berkshire CCG,2/28/2019,C&M-GMS QOF Aspiration,PRC DELEGATED CO-COMMISSIONING,MAGNOLIA HOUSE SURGERY,26059154,"6,282.37 ",,BE000031182,,
Department of Health,NHS East Berkshire CCG,2/28/2019,C&M-GMS DES Learn Dsblty Hlth Chk,PRC DELEGATED CO-COMMISSIONING,ORCHARD SURGERY LANGLEY,26059156,140.00 ,,BE000031184,,
Department of Health,NHS East Berkshire CCG,2/28/2019,C&M-GMS Global Sum,PRC DELEGATED CO-COMMISSIONING,ORCHARD SURGERY LANGLEY,26059156,"55,557.38 ",,BE000031184,,
Department of Health,NHS East Berkshire CCG,2/28/2019,C&M-GMS MPIG Correction Factor,PRC DELEGATED CO-COMMISSIONING,ORCHARD SURGERY LANGLEY,26059156,"1,937.90 ",,BE000031184,,
Department of Health,NHS East Berkshire CCG,2/28/2019,C&M-GMS Prem Actual Rent,PRC DELEGATED CO-COMMISSIONING,ORCHARD SURGERY LANGLEY,26059156,"6,597.50 ",,BE000031184,,
Department of Health,NHS East Berkshire CCG,2/28/2019,C&M-GMS QOF Aspiration,PRC DELEGATED CO-COMMISSIONING,ORCHARD SURGERY LANGLEY,26059156,"4,617.57 ",,BE000031184,,
Department of Health,NHS East Berkshire CCG,2/28/2019,C&M-GMS DES Learn Dsblty Hlth Chk,PRC DELEGATED CO-COMMISSIONING,RAGSTONE ROAD SURGERY,26059157,"1,820.00 ",,BE000031185,,
Department of Health,NHS East Berkshire CCG,2/28/2019,C&M-GMS Global Sum,PRC DELEGATED CO-COMMISSIONING,RAGSTONE ROAD SURGERY,26059157,"24,750.28 ",,BE000031185,,
Department of Health,NHS East Berkshire CCG,2/28/2019,C&M-GMS Prem Cost Rent,PRC DELEGATED CO-COMMISSIONING,RAGSTONE ROAD SURGERY,26059157,"2,102.08 ",,BE000031185,,
Department of Health,NHS East Berkshire CCG,2/28/2019,C&M-GMS QOF Aspiration,PRC DELEGATED CO-COMMISSIONING,RAGSTONE ROAD SURGERY,26059157,"2,192.35 ",,BE000031185,,
Department of Health,NHS East Berkshire CCG,2/28/2019,C&M-GMS Global Sum,PRC DELEGATED CO-COMMISSIONING,REDWOOD HOUSE SURGERY,26059159,"41,428.87 ",,BE000031187,,
Department of Health,NHS East Berkshire CCG,2/28/2019,C&M-GMS MPIG Correction Factor,PRC DELEGATED CO-COMMISSIONING,REDWOOD HOUSE SURGERY,26059159,415.25 ,,BE000031187,,
Department of Health,NHS East Berkshire CCG,2/28/2019,C&M-GMS Prem Notional Rent,PRC DELEGATED CO-COMMISSIONING,REDWOOD HOUSE SURGERY,26059159,"2,416.67 ",,BE000031187,,
Department of Health,NHS East Berkshire CCG,2/28/2019,C&M-GMS QOF Aspiration,PRC DELEGATED CO-COMMISSIONING,REDWOOD HOUSE SURGERY,26059159,"3,712.75 ",,BE000031187,,
Department of Health,NHS East Berkshire CCG,2/28/2019,C&M-GMS Global Sum,PRC DELEGATED CO-COMMISSIONING,ROSEMEAD SURGERY,26059161,"48,251.35 ",,BE000031189,,
Department of Health,NHS East Berkshire CCG,2/28/2019,C&M-GMS MPIG Correction Factor,PRC DELEGATED CO-COMMISSIONING,ROSEMEAD SURGERY,26059161,256.10 ,,BE000031189,,
Department of Health,NHS East Berkshire CCG,2/28/2019,C&M-GMS Prem Notional Rent,PRC DELEGATED CO-COMMISSIONING,ROSEMEAD SURGERY,26059161,"4,666.67 ",,BE000031189,,
Department of Health,NHS East Berkshire CCG,2/28/2019,C&M-GMS QOF Aspiration,PRC DELEGATED CO-COMMISSIONING,ROSEMEAD SURGERY,26059161,"5,424.04 ",,BE000031189,,
Department of Health,NHS East Berkshire CCG,2/28/2019,C&M-GMS Global Sum,PRC DELEGATED CO-COMMISSIONING,RINGMEAD MEDICAL PRACTICE,26059164,"156,471.50 ",,BE000031193,,
Department of Health,NHS East Berkshire CCG,2/28/2019,C&M-GMS MPIG Correction Factor,PRC DELEGATED CO-COMMISSIONING,RINGMEAD MEDICAL PRACTICE,26059164,"1,476.02 ",,BE000031193,,
Department of Health,NHS East Berkshire CCG,2/28/2019,C&M-GMS PCO Other,PRC DELEGATED CO-COMMISSIONING,RINGMEAD MEDICAL PRACTICE,26059164,"1,065.23 ",,BE000031193,,
Department of Health,NHS East Berkshire CCG,2/28/2019,C&M-GMS Prem Actual Rent,PRC DELEGATED CO-COMMISSIONING,RINGMEAD MEDICAL PRACTICE,26059164,"3,381.00 ",,BE000031193,,
Department of Health,NHS East Berkshire CCG,2/28/2019,C&M-GMS Prem Notional Rent,PRC DELEGATED CO-COMMISSIONING,RINGMEAD MEDICAL PRACTICE,26059164,"5,564.58 ",,BE000031193,,
Department of Health,NHS East Berkshire CCG,2/28/2019,C&M-GMS QOF Aspiration,PRC DELEGATED CO-COMMISSIONING,RINGMEAD MEDICAL PRACTICE,26059164,"17,072.37 ",,BE000031193,,
Department of Health,NHS East Berkshire CCG,2/28/2019,C&M-GMS Global Sum,PRC DELEGATED CO-COMMISSIONING,SANDHURST GROUP PRACTICE,26059166,"130,615.57 ",,BE000031195,,
Department of Health,NHS East Berkshire CCG,2/28/2019,C&M-GMS MPIG Correction Factor,PRC DELEGATED CO-COMMISSIONING,SANDHURST GROUP PRACTICE,26059166,"3,437.30 ",,BE000031195,,
Department of Health,NHS East Berkshire CCG,2/28/2019,C&M-GMS PCO Locum Adop/Pat/Mat,PRC DELEGATED CO-COMMISSIONING,SANDHURST GROUP PRACTICE,26059166,"15,763.68 ",,BE000031195,,
Department of Health,NHS East Berkshire CCG,2/28/2019,C&M-GMS Prem Notional Rent,PRC DELEGATED CO-COMMISSIONING,SANDHURST GROUP PRACTICE,26059166,"13,958.33 ",,BE000031195,,
Department of Health,NHS East Berkshire CCG,2/28/2019,C&M-GMS QOF Aspiration,PRC DELEGATED CO-COMMISSIONING,SANDHURST GROUP PRACTICE,26059166,"12,459.19 ",,BE000031195,,
Department of Health,NHS East Berkshire CCG,2/28/2019,C&M-GMS Global Sum,PRC DELEGATED CO-COMMISSIONING,SOUTH MEADOW SURGERY,26059168,"89,615.41 ",,BE000031199,,
Department of Health,NHS East Berkshire CCG,2/28/2019,C&M-GMS MPIG Correction Factor,PRC DELEGATED CO-COMMISSIONING,SOUTH MEADOW SURGERY,26059168,730.86 ,,BE000031199,,
Department of Health,NHS East Berkshire CCG,2/28/2019,C&M-GMS PCO Other,PRC DELEGATED CO-COMMISSIONING,SOUTH MEADOW SURGERY,26059168,"13,633.00 ",,BE000031199,,
Department of Health,NHS East Berkshire CCG,2/28/2019,C&M-GMS Prem Actual Rent,PRC DELEGATED CO-COMMISSIONING,SOUTH MEADOW SURGERY,26059168,"3,750.00 ",,BE000031199,,
Department of Health,NHS East Berkshire CCG,2/28/2019,C&M-GMS Prem Notional Rent,PRC DELEGATED CO-COMMISSIONING,SOUTH MEADOW SURGERY,26059168,"8,804.17 ",,BE000031199,,
Department of Health,NHS East Berkshire CCG,2/28/2019,C&M-GMS QOF Achievement,PRC DELEGATED CO-COMMISSIONING,SOUTH MEADOW SURGERY,26059168,"47,433.67 ",,BE000031199,,
Department of Health,NHS East Berkshire CCG,2/28/2019,C&M-GMS QOF Aspiration,PRC DELEGATED CO-COMMISSIONING,SOUTH MEADOW SURGERY,26059168,"10,437.83 ",,BE000031199,,
Department of Health,NHS East Berkshire CCG,2/28/2019,C&M-GMS Global Sum,PRC DELEGATED CO-COMMISSIONING,SHEET STREET SURGERY,26059170,"69,112.12 ",,BE000031201,,
Department of Health,NHS East Berkshire CCG,2/28/2019,C&M-GMS MPIG Correction Factor,PRC DELEGATED CO-COMMISSIONING,SHEET STREET SURGERY,26059170,236.66 ,,BE000031201,,
Department of Health,NHS East Berkshire CCG,2/28/2019,C&M-GMS Prem Actual Rent,PRC DELEGATED CO-COMMISSIONING,SHEET STREET SURGERY,26059170,"5,062.50 ",,BE000031201,,
Department of Health,NHS East Berkshire CCG,2/28/2019,C&M-GMS QOF Aspiration,PRC DELEGATED CO-COMMISSIONING,SHEET STREET SURGERY,26059170,"5,954.37 ",,BE000031201,,
Department of Health,NHS East Berkshire CCG,2/28/2019,C&M-GMS DES Learn Dsblty Hlth Chk,PRC DELEGATED CO-COMMISSIONING,SHREEJI MEDICAL CENTRE,26059172,700.00 ,,BE000031203,,
Department of Health,NHS East Berkshire CCG,2/28/2019,C&M-GMS Global Sum,PRC DELEGATED CO-COMMISSIONING,SHREEJI MEDICAL CENTRE,26059172,"41,075.66 ",,BE000031203,,
Department of Health,NHS East Berkshire CCG,2/28/2019,C&M-GMS Other Baseline Adjustment,PRC DELEGATED CO-COMMISSIONING,SHREEJI MEDICAL CENTRE,26059172,604.17 ,,BE000031203,,
Department of Health,NHS East Berkshire CCG,2/28/2019,C&M-GMS Other FDR Payment,PRC DELEGATED CO-COMMISSIONING,SHREEJI MEDICAL CENTRE,26059172,"4,361.23 ",,BE000031203,,
Department of Health,NHS East Berkshire CCG,2/28/2019,C&M-GMS Prem Notional Rent,PRC DELEGATED CO-COMMISSIONING,SHREEJI MEDICAL CENTRE,26059172,"3,866.67 ",,BE000031203,,
Department of Health,NHS East Berkshire CCG,2/28/2019,C&M-GMS QOF Aspiration,PRC DELEGATED CO-COMMISSIONING,SHREEJI MEDICAL CENTRE,26059172,"4,040.84 ",,BE000031203,,
Department of Health,NHS East Berkshire CCG,2/28/2019,C&M-GMS DES Learn Dsblty Hlth Chk,PRC DELEGATED CO-COMMISSIONING,SYMONS MEDICAL CENTRE,26059174,280.00 ,,BE000031205,,
Department of Health,NHS East Berkshire CCG,2/28/2019,C&M-GMS Global Sum,PRC DELEGATED CO-COMMISSIONING,SYMONS MEDICAL CENTRE,26059174,"80,549.65 ",,BE000031205,,
Department of Health,NHS East Berkshire CCG,2/28/2019,C&M-GMS LES Medical Fees,LOCAL ENHANCED SERVICES,SYMONS MEDICAL CENTRE,26059174,77.00 ,,BE000031205,,
Department of Health,NHS East Berkshire CCG,2/28/2019,C&M-GMS Other Baseline Adjustment,PRC DELEGATED CO-COMMISSIONING,SYMONS MEDICAL CENTRE,26059174,451.51 ,,BE000031205,,
Department of Health,NHS East Berkshire CCG,2/28/2019,C&M-GMS Other FDR Payment,PRC DELEGATED CO-COMMISSIONING,SYMONS MEDICAL CENTRE,26059174,"2,023.68 ",,BE000031205,,
Department of Health,NHS East Berkshire CCG,2/28/2019,C&M-GMS Prem Notional Rent,PRC DELEGATED CO-COMMISSIONING,SYMONS MEDICAL CENTRE,26059174,"6,966.67 ",,BE000031205,,
Department of Health,NHS East Berkshire CCG,2/28/2019,C&M-GMS QOF Aspiration,PRC DELEGATED CO-COMMISSIONING,SYMONS MEDICAL CENTRE,26059174,"8,416.24 ",,BE000031205,,
Department of Health,NHS East Berkshire CCG,2/28/2019,C&M-GMS Global Sum,PRC DELEGATED CO-COMMISSIONING,VILLAGE MEDICAL CENTRE SLOUGH,26059176,"73,502.18 ",,BE000031207,,
Department of Health,NHS East Berkshire CCG,2/28/2019,C&M-GMS Other Baseline Adjustment,PRC DELEGATED CO-COMMISSIONING,VILLAGE MEDICAL CENTRE SLOUGH,26059176,279.71 ,,BE000031207,,
Department of Health,NHS East Berkshire CCG,2/28/2019,C&M-GMS Other FDR Payment,PRC DELEGATED CO-COMMISSIONING,VILLAGE MEDICAL CENTRE SLOUGH,26059176,"7,503.47 ",,BE000031207,,
Department of Health,NHS East Berkshire CCG,2/28/2019,C&M-GMS Prem Actual Rent,PRC DELEGATED CO-COMMISSIONING,VILLAGE MEDICAL CENTRE SLOUGH,26059176,"2,791.66 ",,BE000031207,,
Department of Health,NHS East Berkshire CCG,2/28/2019,C&M-GMS Prem Notional Rent,PRC DELEGATED CO-COMMISSIONING,VILLAGE MEDICAL CENTRE SLOUGH,26059176,"4,990.50 ",,BE000031207,,
Department of Health,NHS East Berkshire CCG,2/28/2019,C&M-GMS QOF Aspiration,PRC DELEGATED CO-COMMISSIONING,VILLAGE MEDICAL CENTRE SLOUGH,26059176,"5,720.59 ",,BE000031207,,
Department of Health,NHS East Berkshire CCG,2/28/2019,C&M-GMS DES Learn Dsblty Hlth Chk,PRC DELEGATED CO-COMMISSIONING,WEXHAM ROAD SURGERY,26059178,"1,120.00 ",,BE000031209,,
Department of Health,NHS East Berkshire CCG,2/28/2019,C&M-GMS Global Sum,PRC DELEGATED CO-COMMISSIONING,WEXHAM ROAD SURGERY,26059178,"27,979.09 ",,BE000031209,,
Department of Health,NHS East Berkshire CCG,2/28/2019,C&M-GMS Other Baseline Adjustment,PRC DELEGATED CO-COMMISSIONING,WEXHAM ROAD SURGERY,26059178,189.93 ,,BE000031209,,
Department of Health,NHS East Berkshire CCG,2/28/2019,C&M-GMS Other FDR Payment,PRC DELEGATED CO-COMMISSIONING,WEXHAM ROAD SURGERY,26059178,"2,062.88 ",,BE000031209,,
Department of Health,NHS East Berkshire CCG,2/28/2019,C&M-GMS PCO Other,PRC DELEGATED CO-COMMISSIONING,WEXHAM ROAD SURGERY,26059178,296.40 ,,BE000031209,,
Department of Health,NHS East Berkshire CCG,2/28/2019,C&M-GMS Prem Notional Rent,PRC DELEGATED CO-COMMISSIONING,WEXHAM ROAD SURGERY,26059178,"1,400.00 ",,BE000031209,,
Department of Health,NHS East Berkshire CCG,2/28/2019,C&M-GMS QOF Aspiration,PRC DELEGATED CO-COMMISSIONING,WEXHAM ROAD SURGERY,26059178,"2,933.21 ",,BE000031209,,
Department of Health,NHS East Berkshire CCG,2/28/2019,C&M-GMS DES Learn Dsblty Hlth Chk,PRC DELEGATED CO-COMMISSIONING,WARFIELD GREEN MEDICAL CENTRE,26059180,"3,220.00 ",,BE000031211,,
Department of Health,NHS East Berkshire CCG,2/28/2019,C&M-GMS Global Sum,PRC DELEGATED CO-COMMISSIONING,WARFIELD GREEN MEDICAL CENTRE,26059180,"63,416.42 ",,BE000031211,,
Department of Health,NHS East Berkshire CCG,2/28/2019,C&M-GMS MPIG Correction Factor,PRC DELEGATED CO-COMMISSIONING,WARFIELD GREEN MEDICAL CENTRE,26059180,"1,234.38 ",,BE000031211,,
Department of Health,NHS East Berkshire CCG,2/28/2019,C&M-GMS Prem Notional Rent,PRC DELEGATED CO-COMMISSIONING,WARFIELD GREEN MEDICAL CENTRE,26059180,"5,466.67 ",,BE000031211,,
Department of Health,NHS East Berkshire CCG,2/28/2019,C&M-GMS QOF Aspiration,PRC DELEGATED CO-COMMISSIONING,WARFIELD GREEN MEDICAL CENTRE,26059180,"6,763.21 ",,BE000031211,,
Department of Health,NHS East Berkshire CCG,2/28/2019,C&M-GMS Global Sum,PRC DELEGATED CO-COMMISSIONING,WATERFIELD PRACTICE,26059182,"89,184.34 ",,BE000031213,,
Department of Health,NHS East Berkshire CCG,2/28/2019,C&M-GMS MPIG Correction Factor,PRC DELEGATED CO-COMMISSIONING,WATERFIELD PRACTICE,26059182,"1,577.80 ",,BE000031213,,
Department of Health,NHS East Berkshire CCG,2/28/2019,C&M-GMS Prem Cost Rent,PRC DELEGATED CO-COMMISSIONING,WATERFIELD PRACTICE,26059182,"3,160.75 ",,BE000031213,,
Department of Health,NHS East Berkshire CCG,2/28/2019,C&M-GMS Prem Notional Rent,PRC DELEGATED CO-COMMISSIONING,WATERFIELD PRACTICE,26059182,"6,854.17 ",,BE000031213,,
Department of Health,NHS East Berkshire CCG,2/28/2019,C&M-GMS QOF Aspiration,PRC DELEGATED CO-COMMISSIONING,WATERFIELD PRACTICE,26059182,"7,909.11 ",,BE000031213,,
Department of Health,NHS East Berkshire CCG,2/28/2019,C&M-GMS DES Learn Dsblty Hlth Chk,PRC DELEGATED CO-COMMISSIONING,WOODLANDS PARK SURGERY,26059184,980.00 ,,BE000031215,,
Department of Health,NHS East Berkshire CCG,2/28/2019,C&M-GMS Global Sum,PRC DELEGATED CO-COMMISSIONING,WOODLANDS PARK SURGERY,26059184,"22,014.10 ",,BE000031215,,
Department of Health,NHS East Berkshire CCG,2/28/2019,C&M-GMS MPIG Correction Factor,PRC DELEGATED CO-COMMISSIONING,WOODLANDS PARK SURGERY,26059184,777.43 ,,BE000031215,,
Department of Health,NHS East Berkshire CCG,2/28/2019,C&M-GMS Prem Notional Rent,PRC DELEGATED CO-COMMISSIONING,WOODLANDS PARK SURGERY,26059184,"2,191.67 ",,BE000031215,,
Department of Health,NHS East Berkshire CCG,2/28/2019,C&M-GMS QOF Aspiration,PRC DELEGATED CO-COMMISSIONING,WOODLANDS PARK SURGERY,26059184,"2,055.62 ",,BE000031215,,
Department of Health,NHS East Berkshire CCG,2/28/2019,C&M-GMS Global Sum,PRC DELEGATED CO-COMMISSIONING,RADNOR HOUSE SURGERY & ASCOT MEDICAL CENTRE,26059186,"34,332.03 ",,BE000031217,,
Department of Health,NHS East Berkshire CCG,2/28/2019,C&M-GMS MPIG Correction Factor,PRC DELEGATED CO-COMMISSIONING,RADNOR HOUSE SURGERY & ASCOT MEDICAL CENTRE,26059186,"1,791.39 ",,BE000031217,,
Department of Health,NHS East Berkshire CCG,2/28/2019,C&M-GMS PCO Locum Adop/Pat/Mat,PRC DELEGATED CO-COMMISSIONING,RADNOR HOUSE SURGERY & ASCOT MEDICAL CENTRE,26059186,"5,088.55 ",,BE000031217,,
Department of Health,NHS East Berkshire CCG,2/28/2019,C&M-GMS Prem Notional Rent,PRC DELEGATED CO-COMMISSIONING,RADNOR HOUSE SURGERY & ASCOT MEDICAL CENTRE,26059186,"2,308.33 ",,BE000031217,,
Department of Health,NHS East Berkshire CCG,2/28/2019,C&M-GMS QOF Aspiration,PRC DELEGATED CO-COMMISSIONING,RADNOR HOUSE SURGERY & ASCOT MEDICAL CENTRE,26059186,"3,272.46 ",,BE000031217,,
Department of Health,NHS East Berkshire CCG,2/28/2019,C&M-GMS Global Sum,PRC DELEGATED CO-COMMISSIONING,BHARANI MEDICAL CENTRE,26059407,"85,445.71 ",,BE000031142,,
Department of Health,NHS East Berkshire CCG,2/28/2019,C&M-GMS Other Baseline Adjustment,PRC DELEGATED CO-COMMISSIONING,BHARANI MEDICAL CENTRE,26059407,"1,266.79 ",,BE000031142,,
Department of Health,NHS East Berkshire CCG,2/28/2019,C&M-GMS Other FDR Payment,PRC DELEGATED CO-COMMISSIONING,BHARANI MEDICAL CENTRE,26059407,"10,857.11 ",,BE000031142,,
Department of Health,NHS East Berkshire CCG,2/28/2019,C&M-GMS Prem Notional Rent,PRC DELEGATED CO-COMMISSIONING,BHARANI MEDICAL CENTRE,26059407,"17,331.50 ",,BE000031142,,
Department of Health,NHS East Berkshire CCG,2/28/2019,C&M-GMS QOF Aspiration,PRC DELEGATED CO-COMMISSIONING,BHARANI MEDICAL CENTRE,26059407,"8,166.74 ",,BE000031142,,
Department of Health,NHS East Berkshire CCG,2/28/2019,C&M-GMS Global Sum,PRC DELEGATED CO-COMMISSIONING,CLAREMONT AND HOLYPORT PRACTICE,26059409,"128,255.82 ",,BE000031146,,
Department of Health,NHS East Berkshire CCG,2/28/2019,C&M-GMS MPIG Correction Factor,PRC DELEGATED CO-COMMISSIONING,CLAREMONT AND HOLYPORT PRACTICE,26059409,993.02 ,,BE000031146,,
Department of Health,NHS East Berkshire CCG,2/28/2019,C&M-GMS PCO Other,PRC DELEGATED CO-COMMISSIONING,CLAREMONT AND HOLYPORT PRACTICE,26059409,"11,244.00 ",,BE000031146,,
Department of Health,NHS East Berkshire CCG,2/28/2019,C&M-GMS Prem Notional Rent,PRC DELEGATED CO-COMMISSIONING,CLAREMONT AND HOLYPORT PRACTICE,26059409,"12,975.00 ",,BE000031146,,
Department of Health,NHS East Berkshire CCG,2/28/2019,C&M-GMS QOF Aspiration,PRC DELEGATED CO-COMMISSIONING,CLAREMONT AND HOLYPORT PRACTICE,26059409,"12,104.83 ",,BE000031146,,
Department of Health,NHS East Berkshire CCG,2/28/2019,C&M-GMS Global Sum,PRC DELEGATED CO-COMMISSIONING,RUNNYMEDE MEDICAL PRACTICE,26059411,"87,666.68 ",,BE000031197,,
Department of Health,NHS East Berkshire CCG,2/28/2019,C&M-GMS MPIG Correction Factor,PRC DELEGATED CO-COMMISSIONING,RUNNYMEDE MEDICAL PRACTICE,26059411,"1,159.54 ",,BE000031197,,
Department of Health,NHS East Berkshire CCG,2/28/2019,C&M-GMS PCO Other,PRC DELEGATED CO-COMMISSIONING,RUNNYMEDE MEDICAL PRACTICE,26059411,837.36 ,,BE000031197,,
Department of Health,NHS East Berkshire CCG,2/28/2019,C&M-GMS Prem Actual Rent,PRC DELEGATED CO-COMMISSIONING,RUNNYMEDE MEDICAL PRACTICE,26059411,"3,541.67 ",,BE000031197,,
Department of Health,NHS East Berkshire CCG,2/28/2019,C&M-GMS Prem Notional Rent,PRC DELEGATED CO-COMMISSIONING,RUNNYMEDE MEDICAL PRACTICE,26059411,"4,650.00 ",,BE000031197,,
Department of Health,NHS East Berkshire CCG,2/28/2019,C&M-GMS QOF Aspiration,PRC DELEGATED CO-COMMISSIONING,RUNNYMEDE MEDICAL PRACTICE,26059411,"8,940.76 ",,BE000031197,,
Department of Health,NHS East Berkshire CCG,2/28/2019,Clinical&Medical-Independent Sector,ACUTE COMMISSIONING,BMI HEALTHCARE LTD,26069379,"(43,503.81)",GB235134980,0000104589,,
Department of Health,NHS East Berkshire CCG,2/28/2019,C&M-GMS Global Sum,PRC DELEGATED CO-COMMISSIONING,LANGLEY HEALTH CENTRE,26079005,"127,536.50 ",,BE000031177,,
Department of Health,NHS East Berkshire CCG,2/28/2019,C&M-GMS Prem Notional Rent,PRC DELEGATED CO-COMMISSIONING,LANGLEY HEALTH CENTRE,26079005,"9,583.33 ",,BE000031177,,
Department of Health,NHS East Berkshire CCG,2/28/2019,C&M-GMS QOF Aspiration,PRC DELEGATED CO-COMMISSIONING,LANGLEY HEALTH CENTRE,26079005,"11,783.66 ",,BE000031177,,
Department of Health,NHS East Berkshire CCG,2/28/2019,ME - GMS GP Prior Year ERs,PRC DELEGATED CO-COMMISSIONING,LANGLEY HEALTH CENTRE,26079005,"26,363.37 ",,BE000031177,,
Department of Health,NHS East Berkshire CCG,2/28/2019,ME-GMS GP Pension EEs Adjustments,PRC DELEGATED CO-COMMISSIONING,LANGLEY HEALTH CENTRE,26079005,"24,166.70 ",,BE000031177,,
Department of Health,NHS East Berkshire CCG,2/28/2019,ME-GMS GP Pension ERs Adjustments,PRC DELEGATED CO-COMMISSIONING,LANGLEY HEALTH CENTRE,26079005,"23,966.70 ",,BE000031177,,
Department of Health,NHS East Berkshire CCG,2/28/2019,ME-GMS GP Prior Year EEs,PRC DELEGATED CO-COMMISSIONING,LANGLEY HEALTH CENTRE,26079005,"26,583.37 ",,BE000031177,,
Department of Health,NHS East Berkshire CCG,2/28/2019,C&M-GMS Global Sum,PRC DELEGATED CO-COMMISSIONING,ROSS ROAD MEDICAL CENTRE,26079006,"20,383.63 ",,BE000031191,,
Department of Health,NHS East Berkshire CCG,2/28/2019,C&M-GMS MPIG Correction Factor,PRC DELEGATED CO-COMMISSIONING,ROSS ROAD MEDICAL CENTRE,26079006,"1,046.80 ",,BE000031191,,
Department of Health,NHS East Berkshire CCG,2/28/2019,C&M-GMS Prem Actual Rent,PRC DELEGATED CO-COMMISSIONING,ROSS ROAD MEDICAL CENTRE,26079006,"2,041.67 ",,BE000031191,,
Department of Health,NHS East Berkshire CCG,2/28/2019,C&M-GMS QOF Aspiration,PRC DELEGATED CO-COMMISSIONING,ROSS ROAD MEDICAL CENTRE,26079006,"1,947.50 ",,BE000031191,,
Department of Health,NHS East Berkshire CCG,2/28/2019,ME-GMS GP Pension EEs Adjustments,PRC DELEGATED CO-COMMISSIONING,ROSS ROAD MEDICAL CENTRE,26079006,181.25 ,,BE000031191,,
Department of Health,NHS East Berkshire CCG,2/28/2019,ME-GMS GP Pension ERs Adjustments,PRC DELEGATED CO-COMMISSIONING,ROSS ROAD MEDICAL CENTRE,26079006,179.75 ,,BE000031191,,
Department of Health,NHS East Berkshire CCG,2/28/2019,Clinical&Medical-Independent Sector,ACUTE COMMISSIONING,BMI HEALTHCARE LTD,26146539,"121,138.27 ",GB235134980,0000103585,,
Department of Health,NHS East Berkshire CCG,2/28/2019,C&M-APMS LES Extended Hours,GP FORWARD VIEW,BERKSHIRE PRIMARY CARE LTD,26146827,"55,067.52 ",,BACCG181900037,,
Department of Health,NHS East Berkshire CCG,2/28/2019,Clinical&Medical-Commercial Sector,PLANNED CARE,BPAS,26149983,"35,336.52 ",855924881,39908,,
Department of Health,NHS East Berkshire CCG,2/28/2019,Clinical&Medical-Independent Sector,URGENT CARE,ONE MEDICARE LTD,26150512,"143,260.00 ",,0001000494,,
Department of Health,NHS East Berkshire CCG,2/28/2019,Computer Software/License,ADMINISTRATION & BUSINESS SUPPORT,DILIGENT BOARDBOOKS LTD,26167002,"28,439.76 ",929451011,INV210988,,
Department of Health,NHS East Berkshire CCG,2/28/2019,Clinical&Medical-Independent Sector,NCAS/OATS,PREMIUM CARE SOLUTIONS LTD,26189216,"35,900.00 ",,1012,,
Department of Health,NHS East Berkshire CCG,2/28/2019,Clinical&Medical-Independent Sector,NCAS/OATS,PREMIUM CARE SOLUTIONS LTD,26189258,"28,720.00 ",,1047,,
Department of Health,NHS East Berkshire CCG,2/28/2019,Hcare Srv Rec Fdtn Trust-Non Contract,NCAS/OATS,UNIVERSITY HOSPITALS OF MORECAMBE BAY NHS FOUNDATION TRUST,26203336,"28,837.27 ",654968385,1000007855,,
,,,,,,,,,,,
