Department family,Entity,Date,Expense Type,Expense area,Supplier,Transaction number,AP Amount (�),VAT registration number,Purchase invoice number,,
Department of Health,NHS East Berkshire CCG,8/31/2018,C&M-APMS LES Extended Hours,COMMISSIONING SCHEMES,BERKSHIRE PRIMARY CARE LTD,23314548,"50,118.55 ",,BPC181900005,,
Department of Health,NHS East Berkshire CCG,8/31/2018,Clinical&Medical-Othe Public Sector,PROGRAMME PROJECTS,ROYAL BOROUGH OF WINDSOR & MAIDENHEAD,23322599,"990,645.00 ",208943942,IP1522085,,
Department of Health,NHS East Berkshire CCG,8/31/2018,Clinical&Medical-Commercial Sector,COMMUNITY SERVICES,WEST BERKSHIRE DISTRICT COUNCIL,23322890,"479,917.82 ",200245628,238927435606,,
Department of Health,NHS East Berkshire CCG,8/31/2018,Clinical&Medical-Commercial Sector,COMMUNITY SERVICES,EAST BERKSHIRE PRIMARY CARE(OOHS),23328984,"155,400.00 ",,14107,,
Department of Health,NHS East Berkshire CCG,8/31/2018,Hcare Srv Rec Fdtn Trust-Prior Year,ACUTE COMMISSIONING,ASHFORD & ST PETERS HOSPITALS NHSFT,23345825,"37,353.00 ",GB654969284,14499896,,
Department of Health,NHS East Berkshire CCG,8/31/2018,Hcare Srv Rec Fdtn Trust-Prior Year,ACUTE COMMISSIONING,ASHFORD & ST PETERS HOSPITALS NHSFT,23345832,"56,554.00 ",GB654969284,14499898,,
Department of Health,NHS East Berkshire CCG,8/31/2018,Hcare Srv Rec Fdtn Trust-Prior Year,ACUTE COMMISSIONING,ASHFORD & ST PETERS HOSPITALS NHSFT,23345838,"28,388.00 ",GB654969284,14499897,,
Department of Health,NHS East Berkshire CCG,8/31/2018,Clinical&Medical-Independent Sector,URGENT CARE,ONE MEDICARE LLP,23345911,"143,260.00 ",,0001000260,,
Department of Health,NHS East Berkshire CCG,8/31/2018,Hcare Srv Rec Fdtn Trust-Contract Baseline,MENTAL HEALTH CONTRACTS,BERKSHIRE HEALTHCARE NHS FOUNDATION TRUST,23345928,"3,753,264.44 ",654411648,930953,,
Department of Health,NHS East Berkshire CCG,8/31/2018,Hcare Srv Rec Fdtn Trust-Contract Baseline,ACUTE COMMISSIONING,OXFORD UNIVERSITY HOSPITALS NHS FOUNDATION TRUST,23345934,"301,106.00 ",654935407,8283374,,
Department of Health,NHS East Berkshire CCG,8/31/2018,Hcare Srv Rec NHS Trust-Contract Baseline,ACUTE COMMISSIONING,BUCKINGHAMSHIRE HEALTHCARE NHS TRUST,23345936,"(61,317.66)",654 4313 46,B0000499,,
Department of Health,NHS East Berkshire CCG,8/31/2018,Hcare Srv Rec Fdtn Trust-Contract Baseline,COLLABORATIVE COMMISSIONING,HILLINGDON HOSPITALS NHS FOUNDATION TRUST,23345949,"506,684.88 ",654925117,N0100030,,
Department of Health,NHS East Berkshire CCG,8/31/2018,Hcare Srv Rec NHS Trust-Contract Baseline,COLLABORATIVE COMMISSIONING,BARTS HEALTH NHS TRUST,23345964,"211,334.87 ",,344391,,
Department of Health,NHS East Berkshire CCG,8/31/2018,Hcare Srv Rec NHS Trust-Contract Baseline,ACUTE COMMISSIONING,BUCKINGHAMSHIRE HEALTHCARE NHS TRUST,23345977,"219,621.67 ",654 4313 46,B0000508,,
Department of Health,NHS East Berkshire CCG,8/31/2018,Hcare Srv Rec Fdtn Trust-Contract Baseline,COLLABORATIVE COMMISSIONING,MOORFIELDS EYE HOSPITAL NHS FOUNDATION TRUST,23348007,"164,853.00 ",,IC0034766,,
Department of Health,NHS East Berkshire CCG,8/31/2018,Hcare Srv Rec NHS Trust-Over/ Under Performance,COLLABORATIVE COMMISSIONING,BARTS HEALTH NHS TRUST,23348073,"(36,149.91)",,344636,,
Department of Health,NHS East Berkshire CCG,8/31/2018,Hcare Srv Rec Fdtn Trust-Contract Baseline,COLLABORATIVE COMMISSIONING,ROYAL BROMPTON & HAREFIELD NHS FOUNDATION TRUST,23348075,"167,054.47 ",,S004185,,
Department of Health,NHS East Berkshire CCG,8/31/2018,Hcare Srv Rec Fdtn Trust-Over/ Under Performance,COLLABORATIVE COMMISSIONING,ROYAL BROMPTON & HAREFIELD NHS FOUNDATION TRUST,23348088,"150,520.72 ",,S004014,,
Department of Health,NHS East Berkshire CCG,8/31/2018,Hcare Srv Rec Fdtn Trust-Contract Baseline,ACUTE COMMISSIONING,ROYAL SURREY COUNTY HOSPITAL NHS FOUNDATION TRUST,23348227,"66,658.00 ",,13795811,,
Department of Health,NHS East Berkshire CCG,8/31/2018,Hcare Srv Rec Fdtn Trust-Prior Year,ACUTE COMMISSIONING,ASHFORD & ST PETERS HOSPITALS NHSFT,23348229,"(28,388.00)",GB654969284,14502523,,
Department of Health,NHS East Berkshire CCG,8/31/2018,Hcare Srv Rec Fdtn Trust-Prior Year,ACUTE COMMISSIONING,ASHFORD & ST PETERS HOSPITALS NHSFT,23348232,"(37,353.00)",GB654969284,14502524,,
Department of Health,NHS East Berkshire CCG,8/31/2018,Hcare Srv Rec Fdtn Trust-Prior Year,ACUTE COMMISSIONING,ASHFORD & ST PETERS HOSPITALS NHSFT,23348233,"(56,554.00)",GB654969284,14502525,,
Department of Health,NHS East Berkshire CCG,8/31/2018,Hcare Srv Rec Fdtn Trust-Contract Baseline,AMBULANCE SERVICES,SOUTH CENTRAL AMBULANCE SERVICE NHS FOUNDATION TRUST,23348236,"1,154,354.45 ",654923613,INV0049065,,
Department of Health,NHS East Berkshire CCG,8/31/2018,Hcare Srv Rec Fdtn Trust-Contract Baseline,NHS 111,SOUTH CENTRAL AMBULANCE SERVICE NHS FOUNDATION TRUST,23348239,"131,170.00 ",654923613,INV0049075,,
Department of Health,NHS East Berkshire CCG,8/31/2018,Hcare Srv Rec Fdtn Trust-Contract Baseline,ACUTE COMMISSIONING,ASHFORD & ST PETERS HOSPITALS NHSFT,23348272,"525,090.09 ",GB654969284,14502543,,
Department of Health,NHS East Berkshire CCG,8/31/2018,Cont Care-Mental Health (65+),ADULT JOINT FUNDED CONTINUING CARE,CONNECT2FLEXICARE LTD,23348276,"(26,983.20)",,007,,
Department of Health,NHS East Berkshire CCG,8/31/2018,Clinical&Medical-Independent Sector,ACUTE COMMISSIONING,SPIRE HEALTHCARE LTD,23366636,"36,292.43 ",915970991,15DGRXREC181902,,
Department of Health,NHS East Berkshire CCG,8/31/2018,C&M-GMS LES Primary Care Offer,LOCAL ENHANCED SERVICES,LANGLEY HEALTH CENTRE,23366654,"29,589.00 ",,LCSSSWSSQ41718,,
Department of Health,NHS East Berkshire CCG,8/31/2018,C&M-PMS LES Care Planning,LOCAL ENHANCED SERVICES,FARNHAM ROAD PRACTICE,23366674,"42,555.00 ",,FR1735,,
Department of Health,NHS East Berkshire CCG,8/31/2018,Cont Care-Mental Health (65+),ADULT JOINT FUNDED CONTINUING CARE,CONNECT2FLEXICARE LTD,23366690,"26,983.20 ",,273,,
Department of Health,NHS East Berkshire CCG,8/31/2018,C&M-GMS LES Care Planning,LOCAL ENHANCED SERVICES,CLAREMONT AND HOLYPORT PRACTICE,23386607,"31,109.00 ",,3581,,
Department of Health,NHS East Berkshire CCG,8/31/2018,C&M-PMS Baseline Adjustment,PRC DELEGATED CO-COMMISSIONING,AVENUE MEDICAL CENTRE SLOUGH,23392989,293.62 ,,BE000028830,,
Department of Health,NHS East Berkshire CCG,8/31/2018,C&M-PMS Contract Value,PRC DELEGATED CO-COMMISSIONING,AVENUE MEDICAL CENTRE SLOUGH,23392989,"49,536.36 ",,BE000028830,,
Department of Health,NHS East Berkshire CCG,8/31/2018,C&M-PMS Funding Differential Review,PRC DELEGATED CO-COMMISSIONING,AVENUE MEDICAL CENTRE SLOUGH,23392989,"2,629.22 ",,BE000028830,,
Department of Health,NHS East Berkshire CCG,8/31/2018,C&M-PMS Prem Notional Rent,PRC DELEGATED CO-COMMISSIONING,AVENUE MEDICAL CENTRE SLOUGH,23392989,"4,416.67 ",,BE000028830,,
Department of Health,NHS East Berkshire CCG,8/31/2018,C&M-PMS QOF Aspiration,PRC DELEGATED CO-COMMISSIONING,AVENUE MEDICAL CENTRE SLOUGH,23392989,"6,615.08 ",,BE000028830,,
Department of Health,NHS East Berkshire CCG,8/31/2018,ME - PMS TPS Added Years Adj EEs,PRC DELEGATED CO-COMMISSIONING,FARNHAM ROAD PRACTICE,23392990,(493.00),,BE000028831,,
Department of Health,NHS East Berkshire CCG,8/31/2018,ME-PMS GP Pension EEs-PMS,PRC DELEGATED CO-COMMISSIONING,FARNHAM ROAD PRACTICE,23392990,"(14,199.34)",,BE000028831,,
Department of Health,NHS East Berkshire CCG,8/31/2018,ME-PMS GP Pension ERs Adjs - PMS,PRC DELEGATED CO-COMMISSIONING,FARNHAM ROAD PRACTICE,23392990,"(15,468.67)",,BE000028831,,
Department of Health,NHS East Berkshire CCG,8/31/2018,ME-PMS GP Prior Year EEs,PRC DELEGATED CO-COMMISSIONING,FARNHAM ROAD PRACTICE,23392990,"(1,259.79)",,BE000028831,,
Department of Health,NHS East Berkshire CCG,8/31/2018,C&M-PMS Baseline Adjustment,PRC DELEGATED CO-COMMISSIONING,FARNHAM ROAD PRACTICE,23392991,488.78 ,,BE000028832,,
Department of Health,NHS East Berkshire CCG,8/31/2018,C&M-PMS Contract Value,PRC DELEGATED CO-COMMISSIONING,FARNHAM ROAD PRACTICE,23392991,"165,030.33 ",,BE000028832,,
Department of Health,NHS East Berkshire CCG,8/31/2018,C&M-PMS Funding Differential Review,PRC DELEGATED CO-COMMISSIONING,FARNHAM ROAD PRACTICE,23392991,"15,292.68 ",,BE000028832,,
Department of Health,NHS East Berkshire CCG,8/31/2018,C&M-PMS Prem Notional Rent,PRC DELEGATED CO-COMMISSIONING,FARNHAM ROAD PRACTICE,23392991,"16,308.33 ",,BE000028832,,
Department of Health,NHS East Berkshire CCG,8/31/2018,C&M-PMS QOF Aspiration,PRC DELEGATED CO-COMMISSIONING,FARNHAM ROAD PRACTICE,23392991,"16,282.25 ",,BE000028832,,
Department of Health,NHS East Berkshire CCG,8/31/2018,ME-PMS GP Pension ERs Adjs - PMS,PRC DELEGATED CO-COMMISSIONING,FARNHAM ROAD PRACTICE,23392991,206.16 ,,BE000028832,,
Department of Health,NHS East Berkshire CCG,8/31/2018,C&M-PMS Baseline Adjustment,PRC DELEGATED CO-COMMISSIONING,MANOR PARK MEDICAL CENTRE SLOUGH,23392993,302.78 ,,BE000028834,,
Department of Health,NHS East Berkshire CCG,8/31/2018,C&M-PMS Contract Value,PRC DELEGATED CO-COMMISSIONING,MANOR PARK MEDICAL CENTRE SLOUGH,23392993,"70,696.39 ",,BE000028834,,
Department of Health,NHS East Berkshire CCG,8/31/2018,C&M-PMS Funding Differential Review,PRC DELEGATED CO-COMMISSIONING,MANOR PARK MEDICAL CENTRE SLOUGH,23392993,"7,061.19 ",,BE000028834,,
Department of Health,NHS East Berkshire CCG,8/31/2018,C&M-PMS Prem Notional Rent,PRC DELEGATED CO-COMMISSIONING,MANOR PARK MEDICAL CENTRE SLOUGH,23392993,"6,141.67 ",,BE000028834,,
Department of Health,NHS East Berkshire CCG,8/31/2018,C&M-PMS QOF Aspiration,PRC DELEGATED CO-COMMISSIONING,MANOR PARK MEDICAL CENTRE SLOUGH,23392993,"7,854.51 ",,BE000028834,,
Department of Health,NHS East Berkshire CCG,8/31/2018,Apprenticeship Levy Payable,Balance Sheet,HMRC,23426464,903.00 ,,120PJ015721271904,,
Department of Health,NHS East Berkshire CCG,8/31/2018,Income tax <1Yr,Balance Sheet,HMRC,23426464,"67,149.89 ",,120PJ015721271904,,
Department of Health,NHS East Berkshire CCG,8/31/2018,Income tax <1Yr-Student Loans,Balance Sheet,HMRC,23426464,"1,256.00 ",,120PJ015721271904,,
Department of Health,NHS East Berkshire CCG,8/31/2018,National Insurance < 1 yr-NI- ERS,Balance Sheet,HMRC,23426464,"47,269.36 ",,120PJ015721271904,,
Department of Health,NHS East Berkshire CCG,8/31/2018,National Insurance < 1 yr-NI-EES,Balance Sheet,HMRC,23426464,"32,600.07 ",,120PJ015721271904,,
Department of Health,NHS East Berkshire CCG,8/31/2018,Clinical&Medical-Independent Sector,ACUTE COMMISSIONING,BMI HEALTHCARE COLLECTIONS,23435323,"121,138.27 ",,0000094457,,
Department of Health,NHS East Berkshire CCG,8/31/2018,Hcare Srv Rec NHS Trust-Contract Baseline,COLLABORATIVE COMMISSIONING,LONDON NORTH WEST HEALTHCARE NHS TRUST,23435346,"65,582.00 ",654463720,A0046144,,
Department of Health,NHS East Berkshire CCG,8/31/2018,Hcare Srv Rec NHS Trust-Contract Baseline,COLLABORATIVE COMMISSIONING,LONDON NORTH WEST HEALTHCARE NHS TRUST,23435349,"92,465.00 ",654463720,A0046145,,
Department of Health,NHS East Berkshire CCG,8/31/2018,Hcare Srv Rec Fdtn Trust-Contract Baseline,COLLABORATIVE COMMISSIONING,GREAT ORMOND STREET HOSPITAL FOR CHILDREN NHS FOUNDATION TRUST,23435573,"100,010.92 ",654922910,X0198117,,
Department of Health,NHS East Berkshire CCG,8/31/2018,Hcare Srv Rec Fdtn Trust-Non Contract,NCAS/OATS,SOUTHAMPTON UNIVERSITY HOSPITALS NHS FOUNDATION TRUST,23435590,"42,360.67 ",,7317482,,
Department of Health,NHS East Berkshire CCG,8/31/2018,Clinical&Medical-Independent Sector,ACUTE COMMISSIONING,CIRCLEREADING T/A CIRCLE HOSPITAL (READING) LTD,23435664,"49,105.67 ",,15D082018,,
Department of Health,NHS East Berkshire CCG,8/31/2018,Hcare Srv Rec Fdtn Trust-Contract Baseline,COLLABORATIVE COMMISSIONING,UNIVERSITY COLLEGE LONDON HOSPITALS NHS FOUNDATION TRUST,23435683,"660,906.00 ",654948687,SLA3920,,
Department of Health,NHS East Berkshire CCG,8/31/2018,Hcare Srv Rec NHS Trust-Contract Baseline,COLLABORATIVE COMMISSIONING,IMPERIAL COLLEGE HEALTHCARE NHS TRUST,23435690,"541,639.00 ",654945990,H0162936,,
Department of Health,NHS East Berkshire CCG,8/31/2018,Hcare Srv Rec Fdtn Trust-Contract Baseline,COLLABORATIVE COMMISSIONING,ROYAL MARSDEN NHS FOUNDATION TRUST (THE),23435720,"150,174.53 ",,45751798,,
Department of Health,NHS East Berkshire CCG,8/31/2018,Hcare Srv Rec NHS Trust-Contract Baseline,COLLABORATIVE COMMISSIONING,EPSOM & ST HELIER UNIVERSITY HOSPITALS NHS TRUST,23435746,"197,122.06 ",,19751465,,
Department of Health,NHS East Berkshire CCG,8/31/2018,Clinical&Medical-Independent Sector,ACUTE COMMISSIONING,CIRCLEREADING T/A CIRCLE HOSPITAL (READING) LTD,23435748,"(80,020.10)",,15D052018OPCRN,,
Department of Health,NHS East Berkshire CCG,8/31/2018,Hcare Srv Rec Fdtn Trust-Contract Baseline,COLLABORATIVE COMMISSIONING,CHELSEA AND WESTMINSTER HOSPITAL NHS FOUNDATION TRUST,23435755,"225,000.77 ",654915415,S0004107,,
Department of Health,NHS East Berkshire CCG,8/31/2018,Hcare Srv Rec NHS Trust-Over/ Under Performance,COLLABORATIVE COMMISSIONING,ROYAL NATIONAL ORTHOPAEDIC HOSPITAL NHS TRUST,23435815,"36,082.00 ",,B0037598,,
Department of Health,NHS East Berkshire CCG,8/31/2018,Hcare Srv Rec Fdtn Trust-Contract Baseline,ACUTE COMMISSIONING,ROYAL BERKSHIRE NHS FOUNDATION TRUST,23435816,"2,275,000.00 ",654938593,496167,,
Department of Health,NHS East Berkshire CCG,8/31/2018,Hcare Srv Rec NHS Trust-Non Contract,NCAS/OATS,BUCKINGHAMSHIRE HEALTHCARE NHS TRUST,23445001,"37,094.25 ",654 4313 46,M0001258,,
Department of Health,NHS East Berkshire CCG,8/31/2018,Hcare Srv Rec NHS Trust-Non Contract,NCAS/OATS,BUCKINGHAMSHIRE HEALTHCARE NHS TRUST,23445010,"33,857.84 ",654 4313 46,M0000701,,
Department of Health,NHS East Berkshire CCG,8/31/2018,Hcare Srv Rec Fdtn Trust-Contract Baseline,COLLABORATIVE COMMISSIONING,KING`S COLLEGE HOSPITAL NHS FOUNDATION TRUST,23463366,"69,200.00 ",654926800,00260274,,
Department of Health,NHS East Berkshire CCG,8/31/2018,Hcare Srv Rec Fdtn Trust-Contract Baseline,COLLABORATIVE COMMISSIONING,KING`S COLLEGE HOSPITAL NHS FOUNDATION TRUST,23463376,"28,694.00 ",654926800,00260278,,
Department of Health,NHS East Berkshire CCG,8/31/2018,Hcare Srv Rec Fdtn Trust-Contract Baseline,COLLABORATIVE COMMISSIONING,KING`S COLLEGE HOSPITAL NHS FOUNDATION TRUST,23463394,"39,961.00 ",654926800,00260273,,
Department of Health,NHS East Berkshire CCG,8/31/2018,Hcare Srv Rec Fdtn Trust-Contract Baseline,COLLABORATIVE COMMISSIONING,KING`S COLLEGE HOSPITAL NHS FOUNDATION TRUST,23463405,"36,421.00 ",654926800,00260277,,
Department of Health,NHS East Berkshire CCG,8/31/2018,Hcare Srv Rec Fdtn Trust-Contract Baseline,COLLABORATIVE COMMISSIONING,KING`S COLLEGE HOSPITAL NHS FOUNDATION TRUST,23463413,"86,476.00 ",654926800,00260280,,
Department of Health,NHS East Berkshire CCG,8/31/2018,Hcare Srv Rec Fdtn Trust-Contract Baseline,COLLABORATIVE COMMISSIONING,KING`S COLLEGE HOSPITAL NHS FOUNDATION TRUST,23463422,"36,988.00 ",654926800,00260275,,
Department of Health,NHS East Berkshire CCG,8/31/2018,Hlthcre-Foundation Trsts,COMMUNITY SERVICES,BERKSHIRE HEALTHCARE NHS FOUNDATION TRUST,23463651,"2,626,421.01 ",654411648,930954,,
Department of Health,NHS East Berkshire CCG,8/31/2018,Hcare Srv Rec Fdtn Trust-Contract Baseline,COLLABORATIVE COMMISSIONING,ROYAL FREE LONDON NHS FOUNDATION TRUST,23463656,"93,296.00 ",654946987,I0162029,,
Department of Health,NHS East Berkshire CCG,8/31/2018,Hcare Srv Rec Fdtn Trust-Over/ Under Performance,COLLABORATIVE COMMISSIONING,KING`S COLLEGE HOSPITAL NHS FOUNDATION TRUST,23463802,"(57,147.00)",654926800,CR00025019,,
Department of Health,NHS East Berkshire CCG,8/31/2018,Hcare Srv Rec Fdtn Trust-Contract Baseline,ACUTE COMMISSIONING,FRIMLEY HEALTH NHS FOUNDATION TRUST,23463808,"17,669,407.04 ",654922028,N0100441,,
Department of Health,NHS East Berkshire CCG,8/31/2018,Hcare Srv Rec Fdtn Trust-Over/ Under Performance,COLLABORATIVE COMMISSIONING,KING`S COLLEGE HOSPITAL NHS FOUNDATION TRUST,23463839,"(56,979.00)",654926800,CR00025001,,
Department of Health,NHS East Berkshire CCG,8/31/2018,Hcare Srv Rec Fdtn Trust-Over/ Under Performance,COLLABORATIVE COMMISSIONING,KING`S COLLEGE HOSPITAL NHS FOUNDATION TRUST,23463844,"(45,789.00)",654926800,CR00025002,,
Department of Health,NHS East Berkshire CCG,8/31/2018,Hcare Srv Rec Fdtn Trust-Over/ Under Performance,COLLABORATIVE COMMISSIONING,KING`S COLLEGE HOSPITAL NHS FOUNDATION TRUST,23463848,"(28,928.00)",654926800,CR00025004,,
Department of Health,NHS East Berkshire CCG,8/31/2018,Hcare Srv Rec Fdtn Trust-Over/ Under Performance,COLLABORATIVE COMMISSIONING,KING`S COLLEGE HOSPITAL NHS FOUNDATION TRUST,23463852,"(29,756.00)",654926800,CR00025003,,
Department of Health,NHS East Berkshire CCG,8/31/2018,Hcare Srv Rec Fdtn Trust-Over/ Under Performance,COLLABORATIVE COMMISSIONING,KING`S COLLEGE HOSPITAL NHS FOUNDATION TRUST,23463861,"(69,409.00)",654926800,CR00025008,,
Department of Health,NHS East Berkshire CCG,8/31/2018,Hcare Srv Rec Fdtn Trust-Over/ Under Performance,COLLABORATIVE COMMISSIONING,KING`S COLLEGE HOSPITAL NHS FOUNDATION TRUST,23463874,"(36,523.00)",654926800,CR00025009,,
Department of Health,NHS East Berkshire CCG,8/31/2018,Hcare Srv Rec Fdtn Trust-Contract Baseline,COLLABORATIVE COMMISSIONING,KING`S COLLEGE HOSPITAL NHS FOUNDATION TRUST,23463913,"31,417.00 ",654926800,00261151,,
Department of Health,NHS East Berkshire CCG,8/31/2018,Hcare Srv Rec Fdtn Trust-Contract Baseline,COLLABORATIVE COMMISSIONING,KING`S COLLEGE HOSPITAL NHS FOUNDATION TRUST,23463935,"25,519.00 ",654926800,00261153,,
Department of Health,NHS East Berkshire CCG,8/31/2018,Hcare Srv Rec Fdtn Trust-Over/ Under Performance,COLLABORATIVE COMMISSIONING,KING`S COLLEGE HOSPITAL NHS FOUNDATION TRUST,23464362,"49,187.00 ",654926800,00261440,,
Department of Health,NHS East Berkshire CCG,8/31/2018,Clinical&Medical-Drugs,PRESCRIBING,AMCARE LTD,23464611,"134,149.51 ",763769971,OPI199084,,
Department of Health,NHS East Berkshire CCG,8/31/2018,Hcare Srv Rec Fdtn Trust-Over/ Under Performance,COLLABORATIVE COMMISSIONING,ROYAL FREE LONDON NHS FOUNDATION TRUST,23488607,"55,336.00 ",654946987,I0161774,,
Department of Health,NHS East Berkshire CCG,8/31/2018,Hcare Srv Rec Fdtn Trust-Prior Year,COLLABORATIVE COMMISSIONING,ROYAL MARSDEN NHS FOUNDATION TRUST (THE),23488646,"(27,960.00)",,45750815,,
Department of Health,NHS East Berkshire CCG,8/31/2018,Hcare Srv Rec Fdtn Trust-Contract Baseline,COLLABORATIVE COMMISSIONING,ROYAL FREE LONDON NHS FOUNDATION TRUST,23488653,"50,587.00 ",654946987,I0162067,,
Department of Health,NHS East Berkshire CCG,8/31/2018,Hcare Srv Rec Fdtn Trust-Over/ Under Performance,COLLABORATIVE COMMISSIONING,ROYAL MARSDEN NHS FOUNDATION TRUST (THE),23488664,"55,768.00 ",,45751070,,
Department of Health,NHS East Berkshire CCG,8/31/2018,Hcare Srv Rec Fdtn Trust-Over/ Under Performance,COLLABORATIVE COMMISSIONING,ROYAL MARSDEN NHS FOUNDATION TRUST (THE),23488679,"(30,190.00)",,45751071,,
Department of Health,NHS East Berkshire CCG,8/31/2018,Hcare Srv Rec Fdtn Trust-Contract Baseline,COLLABORATIVE COMMISSIONING,ST GEORGES UNIVERSITY HOSPITALS NHS FOUNDATION TRUST,23488681,"29,352.94 ",GB654461922,6435498,,
Department of Health,NHS East Berkshire CCG,8/31/2018,Hcare Srv Rec Fdtn Trust-Contract Baseline,COLLABORATIVE COMMISSIONING,ST GEORGES UNIVERSITY HOSPITALS NHS FOUNDATION TRUST,23488687,"34,021.48 ",GB654461922,6435500,,
Department of Health,NHS East Berkshire CCG,8/31/2018,Hcare Srv Rec Fdtn Trust-Contract Baseline,COLLABORATIVE COMMISSIONING,ST GEORGES UNIVERSITY HOSPITALS NHS FOUNDATION TRUST,23488703,"47,162.50 ",GB654461922,6435499,,
Department of Health,NHS East Berkshire CCG,8/31/2018,Hcare Srv Rec Fdtn Trust-Contract Baseline,COLLABORATIVE COMMISSIONING,ST GEORGES UNIVERSITY HOSPITALS NHS FOUNDATION TRUST,23488705,"58,278.55 ",GB654461922,6435501,,
Department of Health,NHS East Berkshire CCG,8/31/2018,Hcare Srv Rec Fdtn Trust-Contract Baseline,COLLABORATIVE COMMISSIONING,ST GEORGES UNIVERSITY HOSPITALS NHS FOUNDATION TRUST,23488708,"55,293.28 ",GB654461922,6435503,,
Department of Health,NHS East Berkshire CCG,8/31/2018,Clinical&Medical-Independent Sector,URGENT CARE,ONE MEDICARE LLP,23488716,"(143,260.00)",,0002000013,,
Department of Health,NHS East Berkshire CCG,8/31/2018,Audit Fees Internal- External Prov,ADMINISTRATION & BUSINESS SUPPORT,PRICEWATERHOUSE COOPERS,23488745,"25,026.00 ",243823957.,1354998119,,
Department of Health,NHS East Berkshire CCG,8/31/2018,Hcare Srv Rec Fdtn Trust-Contract Baseline,COLLABORATIVE COMMISSIONING,ROYAL BROMPTON & HAREFIELD NHS FOUNDATION TRUST,23488792,"25,546.26 ",,S004186,,
Department of Health,NHS East Berkshire CCG,8/31/2018,Hcare Srv Rec Fdtn Trust-Contract Baseline,COLLABORATIVE COMMISSIONING,ROYAL BROMPTON & HAREFIELD NHS FOUNDATION TRUST,23488810,"36,446.23 ",,S004184,,
Department of Health,NHS East Berkshire CCG,8/31/2018,Hcare Srv Rec Fdtn Trust-Contract Baseline,COLLABORATIVE COMMISSIONING,ROYAL BROMPTON & HAREFIELD NHS FOUNDATION TRUST,23488822,"67,566.29 ",,S004183,,
Department of Health,NHS East Berkshire CCG,8/31/2018,Hcare Srv Rec Fdtn Trust-Over/ Under Performance,COLLABORATIVE COMMISSIONING,ROYAL FREE LONDON NHS FOUNDATION TRUST,23488845,"69,799.00 ",654946987,I0162738,,
Department of Health,NHS East Berkshire CCG,8/31/2018,Hcare Srv Rec Fdtn Trust-Over/ Under Performance,COLLABORATIVE COMMISSIONING,ROYAL FREE LONDON NHS FOUNDATION TRUST,23488864,"(79,651.00)",654946987,C0019808,,
Department of Health,NHS East Berkshire CCG,8/31/2018,Clinical&Medical-Independent Sector,URGENT CARE,EAST BERKSHIRE PRIMARY CARE(OOHS),23488866,"33,229.86 ",,14109,,
Department of Health,NHS East Berkshire CCG,8/31/2018,Hcare Srv Rec Fdtn Trust-Contract Baseline,AMBULANCE SERVICES,SOUTH EAST COAST AMBULANCE SERVICE NHS FOUNDATION TRUST,23488875,"30,670.01 ",,7881030,,
Department of Health,NHS East Berkshire CCG,8/31/2018,Hcare Srv Rec Fdtn Trust-Contract Baseline,COLLABORATIVE COMMISSIONING,ROYAL BROMPTON & HAREFIELD NHS FOUNDATION TRUST,23488884,"26,132.94 ",,S004194,,
Department of Health,NHS East Berkshire CCG,8/31/2018,Hcare Srv Rec Fdtn Trust-Contract Baseline,PATIENT TRANSPORT,SOUTH CENTRAL AMBULANCE SERVICE NHS FOUNDATION TRUST,23488898,"161,759.10 ",654923613,INV0049104,,
Department of Health,NHS East Berkshire CCG,8/31/2018,Other professional fees,COLLABORATIVE COMMISSIONING,UNITED HEALTH UK,23489089,"119,999.99 ",108297604,0001090193,,
Department of Health,NHS East Berkshire CCG,8/31/2018,Hcare Srv Rec Fdtn Trust-Prior Year,ACUTE COMMISSIONING,FRIMLEY HEALTH NHS FOUNDATION TRUST,23534933,"2,050,000.00 ",654922028,N0099938,,
Department of Health,NHS East Berkshire CCG,8/31/2018,Cont Care-Physical Disab (65+),CHC AD FULL FUND PERS HLTH BUD,BRACKNELL FOREST COUNCIL,23534935,"32,650.75 ",200330740,5542993,,
Department of Health,NHS East Berkshire CCG,8/31/2018,Cont Care-Physical Disab (65+),CHC AD FULL FUND PERS HLTH BUD,BRACKNELL FOREST COUNCIL,23534944,"35,619.00 ",200330740,5554248,,
Department of Health,NHS East Berkshire CCG,8/31/2018,Clinical&Medical-Independent Sector,ACUTE COMMISSIONING,SPIRE HEALTHCARE LTD,23534957,"62,926.00 ",915970991,15DGRXPF181905,,
Department of Health,NHS East Berkshire CCG,8/31/2018,Clinical&Medical-Commercial Sector,WINTER RESILIENCE,WINDSAR CARE CENTRE LTD,23534979,"26,362.31 ",,1000961,,
Department of Health,NHS East Berkshire CCG,8/31/2018,Cont Care-Funded Nursing Care Allow,FUNDED NURSING CARE,BUPA CARE HOMES,23535988,"25,983.33 ",239731641,STM013581TOSTM013618,,
Department of Health,NHS East Berkshire CCG,8/31/2018,C&M-GMS Global Sum,PRC DELEGATED CO-COMMISSIONING,BATH ROAD SURGERY SLOUGH,23551032,"32,370.15 ",,BE000028909,,
Department of Health,NHS East Berkshire CCG,8/31/2018,C&M-GMS MPIG Correction Factor,PRC DELEGATED CO-COMMISSIONING,BATH ROAD SURGERY SLOUGH,23551032,355.85 ,,BE000028909,,
Department of Health,NHS East Berkshire CCG,8/31/2018,C&M-GMS Prem Notional Rent,PRC DELEGATED CO-COMMISSIONING,BATH ROAD SURGERY SLOUGH,23551032,"1,075.00 ",,BE000028909,,
Department of Health,NHS East Berkshire CCG,8/31/2018,C&M-GMS QOF Aspiration,PRC DELEGATED CO-COMMISSIONING,BATH ROAD SURGERY SLOUGH,23551032,"2,494.79 ",,BE000028909,,
Department of Health,NHS East Berkshire CCG,8/31/2018,C&M-GMS Global Sum,PRC DELEGATED CO-COMMISSIONING,BINFIELD SURGERY,23551034,"72,871.30 ",,BE000028913,,
Department of Health,NHS East Berkshire CCG,8/31/2018,C&M-GMS Other Baseline Adjustment,PRC DELEGATED CO-COMMISSIONING,BINFIELD SURGERY,23551034,375.06 ,,BE000028913,,
Department of Health,NHS East Berkshire CCG,8/31/2018,C&M-GMS Other FDR Payment,PRC DELEGATED CO-COMMISSIONING,BINFIELD SURGERY,23551034,"9,208.38 ",,BE000028913,,
Department of Health,NHS East Berkshire CCG,8/31/2018,C&M-GMS Prem Notional Rent,PRC DELEGATED CO-COMMISSIONING,BINFIELD SURGERY,23551034,"4,941.67 ",,BE000028913,,
Department of Health,NHS East Berkshire CCG,8/31/2018,C&M-GMS QOF Aspiration,PRC DELEGATED CO-COMMISSIONING,BINFIELD SURGERY,23551034,"5,276.42 ",,BE000028913,,
Department of Health,NHS East Berkshire CCG,8/31/2018,C&M-GMS Global Sum,PRC DELEGATED CO-COMMISSIONING,CLARENCE MEDICAL CENTRE,23551035,"91,807.69 ",,BE000028918,,
Department of Health,NHS East Berkshire CCG,8/31/2018,C&M-GMS MPIG Correction Factor,PRC DELEGATED CO-COMMISSIONING,CLARENCE MEDICAL CENTRE,23551035,"3,752.04 ",,BE000028918,,
Department of Health,NHS East Berkshire CCG,8/31/2018,C&M-GMS PCO Other,PRC DELEGATED CO-COMMISSIONING,CLARENCE MEDICAL CENTRE,23551035,"9,375.00 ",,BE000028918,,
Department of Health,NHS East Berkshire CCG,8/31/2018,C&M-GMS Prem Actual Rent,PRC DELEGATED CO-COMMISSIONING,CLARENCE MEDICAL CENTRE,23551035,"2,125.00 ",,BE000028918,,
Department of Health,NHS East Berkshire CCG,8/31/2018,C&M-GMS Prem Notional Rent,PRC DELEGATED CO-COMMISSIONING,CLARENCE MEDICAL CENTRE,23551035,"7,561.67 ",,BE000028918,,
Department of Health,NHS East Berkshire CCG,8/31/2018,C&M-GMS QOF Aspiration,PRC DELEGATED CO-COMMISSIONING,CLARENCE MEDICAL CENTRE,23551035,"6,483.23 ",,BE000028918,,
Department of Health,NHS East Berkshire CCG,8/31/2018,C&M-GMS Global Sum,PRC DELEGATED CO-COMMISSIONING,CEDARS SURGERY MAIDENHEAD,23551037,"69,265.71 ",,BE000028920,,
Department of Health,NHS East Berkshire CCG,8/31/2018,C&M-GMS MPIG Correction Factor,PRC DELEGATED CO-COMMISSIONING,CEDARS SURGERY MAIDENHEAD,23551037,"1,319.44 ",,BE000028920,,
Department of Health,NHS East Berkshire CCG,8/31/2018,C&M-GMS Prem Actual Rent,PRC DELEGATED CO-COMMISSIONING,CEDARS SURGERY MAIDENHEAD,23551037,"13,400.00 ",,BE000028920,,
Department of Health,NHS East Berkshire CCG,8/31/2018,C&M-GMS QOF Aspiration,PRC DELEGATED CO-COMMISSIONING,CEDARS SURGERY MAIDENHEAD,23551037,"7,037.37 ",,BE000028920,,
Department of Health,NHS East Berkshire CCG,8/31/2018,C&M-GMS Global Sum,PRC DELEGATED CO-COMMISSIONING,COOKHAM MEDICAL CENTRE,23551039,"55,203.49 ",,BE000028922,,
Department of Health,NHS East Berkshire CCG,8/31/2018,C&M-GMS Other Baseline Adjustment,PRC DELEGATED CO-COMMISSIONING,COOKHAM MEDICAL CENTRE,23551039,283.07 ,,BE000028922,,
Department of Health,NHS East Berkshire CCG,8/31/2018,C&M-GMS Other FDR Payment,PRC DELEGATED CO-COMMISSIONING,COOKHAM MEDICAL CENTRE,23551039,"3,471.53 ",,BE000028922,,
Department of Health,NHS East Berkshire CCG,8/31/2018,C&M-GMS Prem Notional Rent,PRC DELEGATED CO-COMMISSIONING,COOKHAM MEDICAL CENTRE,23551039,"7,858.33 ",,BE000028922,,
Department of Health,NHS East Berkshire CCG,8/31/2018,C&M-GMS QOF Aspiration,PRC DELEGATED CO-COMMISSIONING,COOKHAM MEDICAL CENTRE,23551039,"5,718.50 ",,BE000028922,,
Department of Health,NHS East Berkshire CCG,8/31/2018,C&M-GMS Global Sum,PRC DELEGATED CO-COMMISSIONING,DATCHET HEALTH CENTRE,23551042,"70,214.69 ",,BE000028926,,
Department of Health,NHS East Berkshire CCG,8/31/2018,C&M-GMS MPIG Correction Factor,PRC DELEGATED CO-COMMISSIONING,DATCHET HEALTH CENTRE,23551042,262.32 ,,BE000028926,,
Department of Health,NHS East Berkshire CCG,8/31/2018,C&M-GMS Prem Notional Rent,PRC DELEGATED CO-COMMISSIONING,DATCHET HEALTH CENTRE,23551042,"7,102.67 ",,BE000028926,,
Department of Health,NHS East Berkshire CCG,8/31/2018,C&M-GMS QOF Aspiration,PRC DELEGATED CO-COMMISSIONING,DATCHET HEALTH CENTRE,23551042,"7,524.42 ",,BE000028926,,
Department of Health,NHS East Berkshire CCG,8/31/2018,C&M-GMS Global Sum,PRC DELEGATED CO-COMMISSIONING,CROSBY HOUSE SURGERY,23551044,"75,097.33 ",,BE000028928,,
Department of Health,NHS East Berkshire CCG,8/31/2018,C&M-GMS Other Baseline Adjustment,PRC DELEGATED CO-COMMISSIONING,CROSBY HOUSE SURGERY,23551044,215.64 ,,BE000028928,,
Department of Health,NHS East Berkshire CCG,8/31/2018,C&M-GMS Other FDR Payment,PRC DELEGATED CO-COMMISSIONING,CROSBY HOUSE SURGERY,23551044,"10,340.05 ",,BE000028928,,
Department of Health,NHS East Berkshire CCG,8/31/2018,C&M-GMS Prem Notional Rent,PRC DELEGATED CO-COMMISSIONING,CROSBY HOUSE SURGERY,23551044,"3,550.00 ",,BE000028928,,
Department of Health,NHS East Berkshire CCG,8/31/2018,C&M-GMS QOF Aspiration,PRC DELEGATED CO-COMMISSIONING,CROSBY HOUSE SURGERY,23551044,"6,797.64 ",,BE000028928,,
Department of Health,NHS East Berkshire CCG,8/31/2018,C&M-GMS Global Sum,PRC DELEGATED CO-COMMISSIONING,CROWNWOOD MEDICAL CENTRE,23551045,"31,307.42 ",,BE000028929,,
Department of Health,NHS East Berkshire CCG,8/31/2018,C&M-GMS MPIG Correction Factor,PRC DELEGATED CO-COMMISSIONING,CROWNWOOD MEDICAL CENTRE,23551045,847.26 ,,BE000028929,,
Department of Health,NHS East Berkshire CCG,8/31/2018,C&M-GMS Prem Notional Rent,PRC DELEGATED CO-COMMISSIONING,CROWNWOOD MEDICAL CENTRE,23551045,"2,808.33 ",,BE000028929,,
Department of Health,NHS East Berkshire CCG,8/31/2018,C&M-GMS QOF Aspiration,PRC DELEGATED CO-COMMISSIONING,CROWNWOOD MEDICAL CENTRE,23551045,"2,779.30 ",,BE000028929,,
Department of Health,NHS East Berkshire CCG,8/31/2018,C&M-GMS DES Learn Dsblty Hlth Chk,PRC DELEGATED CO-COMMISSIONING,DR V SHARMA,23551046,"1,400.00 ",,BE000028930,,
Department of Health,NHS East Berkshire CCG,8/31/2018,C&M-GMS Global Sum,PRC DELEGATED CO-COMMISSIONING,DR V SHARMA,23551046,"33,680.93 ",,BE000028930,,
Department of Health,NHS East Berkshire CCG,8/31/2018,C&M-GMS Other Baseline Adjustment,PRC DELEGATED CO-COMMISSIONING,DR V SHARMA,23551046,87.86 ,,BE000028930,,
Department of Health,NHS East Berkshire CCG,8/31/2018,C&M-GMS Other FDR Payment,PRC DELEGATED CO-COMMISSIONING,DR V SHARMA,23551046,"3,839.29 ",,BE000028930,,
Department of Health,NHS East Berkshire CCG,8/31/2018,C&M-GMS Prem Notional Rent,PRC DELEGATED CO-COMMISSIONING,DR V SHARMA,23551046,"1,500.00 ",,BE000028930,,
Department of Health,NHS East Berkshire CCG,8/31/2018,C&M-GMS QOF Aspiration,PRC DELEGATED CO-COMMISSIONING,DR V SHARMA,23551046,"3,029.27 ",,BE000028930,,
Department of Health,NHS East Berkshire CCG,8/31/2018,C&M-GMS Global Sum,PRC DELEGATED CO-COMMISSIONING,EASTHAMPSTEAD SURGERY,23551048,"35,548.52 ",,BE000028934,,
Department of Health,NHS East Berkshire CCG,8/31/2018,C&M-GMS Prem Notional Rent,PRC DELEGATED CO-COMMISSIONING,EASTHAMPSTEAD SURGERY,23551048,"2,241.67 ",,BE000028934,,
Department of Health,NHS East Berkshire CCG,8/31/2018,C&M-GMS QOF Aspiration,PRC DELEGATED CO-COMMISSIONING,EASTHAMPSTEAD SURGERY,23551048,"3,123.97 ",,BE000028934,,
Department of Health,NHS East Berkshire CCG,8/31/2018,C&M-GMS Global Sum,PRC DELEGATED CO-COMMISSIONING,FOREST END MEDICAL CENTRE,23551050,"74,756.52 ",,BE000028936,,
Department of Health,NHS East Berkshire CCG,8/31/2018,C&M-GMS MPIG Correction Factor,PRC DELEGATED CO-COMMISSIONING,FOREST END MEDICAL CENTRE,23551050,"2,261.27 ",,BE000028936,,
Department of Health,NHS East Berkshire CCG,8/31/2018,C&M-GMS Prem Actual Rent,PRC DELEGATED CO-COMMISSIONING,FOREST END MEDICAL CENTRE,23551050,"6,748.15 ",,BE000028936,,
Department of Health,NHS East Berkshire CCG,8/31/2018,C&M-GMS QOF Aspiration,PRC DELEGATED CO-COMMISSIONING,FOREST END MEDICAL CENTRE,23551050,"7,671.23 ",,BE000028936,,
Department of Health,NHS East Berkshire CCG,8/31/2018,ME - GMS GP Prior Year ERs,PRC DELEGATED CO-COMMISSIONING,FOREST END MEDICAL CENTRE,23551050,"1,082.90 ",,BE000028936,,
Department of Health,NHS East Berkshire CCG,8/31/2018,ME-GMS GP Pension AVCs,PRC DELEGATED CO-COMMISSIONING,FOREST END MEDICAL CENTRE,23551050,322.98 ,,BE000028936,,
Department of Health,NHS East Berkshire CCG,8/31/2018,ME-GMS GP Pension EEs Adjustments,PRC DELEGATED CO-COMMISSIONING,FOREST END MEDICAL CENTRE,23551050,579.82 ,,BE000028936,,
Department of Health,NHS East Berkshire CCG,8/31/2018,ME-GMS GP Pension ERs Adjustments,PRC DELEGATED CO-COMMISSIONING,FOREST END MEDICAL CENTRE,23551050,614.18 ,,BE000028936,,
Department of Health,NHS East Berkshire CCG,8/31/2018,ME-GMS GP Prior Year EEs,PRC DELEGATED CO-COMMISSIONING,FOREST END MEDICAL CENTRE,23551050,"1,022.35 ",,BE000028936,,
Department of Health,NHS East Berkshire CCG,8/31/2018,C&M-GMS Global Sum,PRC DELEGATED CO-COMMISSIONING,GRASSMERE AVENUE SURGERY,23551052,"31,319.97 ",,BE000028938,,
Department of Health,NHS East Berkshire CCG,8/31/2018,C&M-GMS Other Baseline Adjustment,PRC DELEGATED CO-COMMISSIONING,GRASSMERE AVENUE SURGERY,23551052,210.58 ,,BE000028938,,
Department of Health,NHS East Berkshire CCG,8/31/2018,C&M-GMS Other FDR Payment,PRC DELEGATED CO-COMMISSIONING,GRASSMERE AVENUE SURGERY,23551052,"4,087.76 ",,BE000028938,,
Department of Health,NHS East Berkshire CCG,8/31/2018,C&M-GMS PCO Other,PRC DELEGATED CO-COMMISSIONING,GRASSMERE AVENUE SURGERY,23551052,"3,223.00 ",,BE000028938,,
Department of Health,NHS East Berkshire CCG,8/31/2018,C&M-GMS Prem Notional Rent,PRC DELEGATED CO-COMMISSIONING,GRASSMERE AVENUE SURGERY,23551052,"2,500.00 ",,BE000028938,,
Department of Health,NHS East Berkshire CCG,8/31/2018,C&M-GMS QOF Aspiration,PRC DELEGATED CO-COMMISSIONING,GRASSMERE AVENUE SURGERY,23551052,"3,466.26 ",,BE000028938,,
Department of Health,NHS East Berkshire CCG,8/31/2018,C&M-GMS Global Sum,PRC DELEGATED CO-COMMISSIONING,GREAT HOLLANDS PRACTICE,23551053,"26,221.58 ",,BE000028939,,
Department of Health,NHS East Berkshire CCG,8/31/2018,C&M-GMS MPIG Correction Factor,PRC DELEGATED CO-COMMISSIONING,GREAT HOLLANDS PRACTICE,23551053,458.50 ,,BE000028939,,
Department of Health,NHS East Berkshire CCG,8/31/2018,C&M-GMS Prem Actual Rent,PRC DELEGATED CO-COMMISSIONING,GREAT HOLLANDS PRACTICE,23551053,"1,125.00 ",,BE000028939,,
Department of Health,NHS East Berkshire CCG,8/31/2018,C&M-GMS QOF Aspiration,PRC DELEGATED CO-COMMISSIONING,GREAT HOLLANDS PRACTICE,23551053,"2,085.39 ",,BE000028939,,
Department of Health,NHS East Berkshire CCG,8/31/2018,C&M-GMS Global Sum,PRC DELEGATED CO-COMMISSIONING,GREEN MEADOWS SURGERY,23551054,"72,364.78 ",,BE000028941,,
Department of Health,NHS East Berkshire CCG,8/31/2018,C&M-GMS MPIG Correction Factor,PRC DELEGATED CO-COMMISSIONING,GREEN MEADOWS SURGERY,23551054,98.00 ,,BE000028941,,
Department of Health,NHS East Berkshire CCG,8/31/2018,C&M-GMS Prem Notional Rent,PRC DELEGATED CO-COMMISSIONING,GREEN MEADOWS SURGERY,23551054,"8,262.50 ",,BE000028941,,
Department of Health,NHS East Berkshire CCG,8/31/2018,C&M-GMS QOF Aspiration,PRC DELEGATED CO-COMMISSIONING,GREEN MEADOWS SURGERY,23551054,"7,407.92 ",,BE000028941,,
Department of Health,NHS East Berkshire CCG,8/31/2018,C&M-GMS Global Sum,PRC DELEGATED CO-COMMISSIONING,HERSCHEL MEDICAL CENTRE,23551056,"100,399.45 ",,BE000028943,,
Department of Health,NHS East Berkshire CCG,8/31/2018,C&M-GMS Other Baseline Adjustment,PRC DELEGATED CO-COMMISSIONING,HERSCHEL MEDICAL CENTRE,23551056,465.03 ,,BE000028943,,
Department of Health,NHS East Berkshire CCG,8/31/2018,C&M-GMS Other FDR Payment,PRC DELEGATED CO-COMMISSIONING,HERSCHEL MEDICAL CENTRE,23551056,"6,919.12 ",,BE000028943,,
Department of Health,NHS East Berkshire CCG,8/31/2018,C&M-GMS Prem Notional Rent,PRC DELEGATED CO-COMMISSIONING,HERSCHEL MEDICAL CENTRE,23551056,"10,562.50 ",,BE000028943,,
Department of Health,NHS East Berkshire CCG,8/31/2018,C&M-GMS QOF Aspiration,PRC DELEGATED CO-COMMISSIONING,HERSCHEL MEDICAL CENTRE,23551056,"9,469.93 ",,BE000028943,,
Department of Health,NHS East Berkshire CCG,8/31/2018,C&M-GMS Global Sum,PRC DELEGATED CO-COMMISSIONING,HEATH HILL SURGERY,23551058,"50,886.64 ",,BE000028945,,
Department of Health,NHS East Berkshire CCG,8/31/2018,C&M-GMS Prem Actual Rent,PRC DELEGATED CO-COMMISSIONING,HEATH HILL SURGERY,23551058,"5,275.00 ",,BE000028945,,
Department of Health,NHS East Berkshire CCG,8/31/2018,C&M-GMS QOF Aspiration,PRC DELEGATED CO-COMMISSIONING,HEATH HILL SURGERY,23551058,"5,411.30 ",,BE000028945,,
Department of Health,NHS East Berkshire CCG,8/31/2018,C&M-GMS Global Sum,PRC DELEGATED CO-COMMISSIONING,LEE HOUSE SURGERY,23551060,"45,209.99 ",,BE000028947,,
Department of Health,NHS East Berkshire CCG,8/31/2018,C&M-GMS MPIG Correction Factor,PRC DELEGATED CO-COMMISSIONING,LEE HOUSE SURGERY,23551060,828.36 ,,BE000028947,,
Department of Health,NHS East Berkshire CCG,8/31/2018,C&M-GMS Prem Actual Rent,PRC DELEGATED CO-COMMISSIONING,LEE HOUSE SURGERY,23551060,"5,153.15 ",,BE000028947,,
Department of Health,NHS East Berkshire CCG,8/31/2018,C&M-GMS QOF Aspiration,PRC DELEGATED CO-COMMISSIONING,LEE HOUSE SURGERY,23551060,"4,990.66 ",,BE000028947,,
Department of Health,NHS East Berkshire CCG,8/31/2018,C&M-GMS Global Sum,PRC DELEGATED CO-COMMISSIONING,LANGLEY HEALTH CENTRE,23551062,"125,404.16 ",,BE000028949,,
Department of Health,NHS East Berkshire CCG,8/31/2018,C&M-GMS Prem Notional Rent,PRC DELEGATED CO-COMMISSIONING,LANGLEY HEALTH CENTRE,23551062,"9,583.33 ",,BE000028949,,
Department of Health,NHS East Berkshire CCG,8/31/2018,C&M-GMS QOF Aspiration,PRC DELEGATED CO-COMMISSIONING,LANGLEY HEALTH CENTRE,23551062,"11,783.66 ",,BE000028949,,
Department of Health,NHS East Berkshire CCG,8/31/2018,C&M-GMS DES Learn Dsblty Hlth Chk,PRC DELEGATED CO-COMMISSIONING,KINGS CORNER SURGERY,23551064,140.00 ,,BE000028951,,
Department of Health,NHS East Berkshire CCG,8/31/2018,C&M-GMS Global Sum,PRC DELEGATED CO-COMMISSIONING,KINGS CORNER SURGERY,23551064,"50,413.27 ",,BE000028951,,
Department of Health,NHS East Berkshire CCG,8/31/2018,C&M-GMS MPIG Correction Factor,PRC DELEGATED CO-COMMISSIONING,KINGS CORNER SURGERY,23551064,"1,507.10 ",,BE000028951,,
Department of Health,NHS East Berkshire CCG,8/31/2018,C&M-GMS PCO Other,PRC DELEGATED CO-COMMISSIONING,KINGS CORNER SURGERY,23551064,544.17 ,,BE000028951,,
Department of Health,NHS East Berkshire CCG,8/31/2018,C&M-GMS Prem Notional Rent,PRC DELEGATED CO-COMMISSIONING,KINGS CORNER SURGERY,23551064,"4,575.00 ",,BE000028951,,
Department of Health,NHS East Berkshire CCG,8/31/2018,C&M-GMS QOF Aspiration,PRC DELEGATED CO-COMMISSIONING,KINGS CORNER SURGERY,23551064,"4,421.45 ",,BE000028951,,
Department of Health,NHS East Berkshire CCG,8/31/2018,C&M-GMS Global Sum,PRC DELEGATED CO-COMMISSIONING,LINDEN MEDICAL CENTRE MAIDENHEAD,23551066,"67,649.19 ",,BE000028953,,
Department of Health,NHS East Berkshire CCG,8/31/2018,C&M-GMS LES Medical Fees,LOCAL ENHANCED SERVICES,LINDEN MEDICAL CENTRE MAIDENHEAD,23551066,77.00 ,,BE000028953,,
Department of Health,NHS East Berkshire CCG,8/31/2018,C&M-GMS MPIG Correction Factor,PRC DELEGATED CO-COMMISSIONING,LINDEN MEDICAL CENTRE MAIDENHEAD,23551066,979.83 ,,BE000028953,,
Department of Health,NHS East Berkshire CCG,8/31/2018,C&M-GMS Prem Actual Rent,PRC DELEGATED CO-COMMISSIONING,LINDEN MEDICAL CENTRE MAIDENHEAD,23551066,"7,083.33 ",,BE000028953,,
Department of Health,NHS East Berkshire CCG,8/31/2018,C&M-GMS QOF Aspiration,PRC DELEGATED CO-COMMISSIONING,LINDEN MEDICAL CENTRE MAIDENHEAD,23551066,"6,510.69 ",,BE000028953,,
Department of Health,NHS East Berkshire CCG,8/31/2018,C&M-GMS Global Sum,PRC DELEGATED CO-COMMISSIONING,MAGNOLIA HOUSE SURGERY,23551068,"63,008.01 ",,BE000028955,,
Department of Health,NHS East Berkshire CCG,8/31/2018,C&M-GMS MPIG Correction Factor,PRC DELEGATED CO-COMMISSIONING,MAGNOLIA HOUSE SURGERY,23551068,"1,017.86 ",,BE000028955,,
Department of Health,NHS East Berkshire CCG,8/31/2018,C&M-GMS Prem Notional Rent,PRC DELEGATED CO-COMMISSIONING,MAGNOLIA HOUSE SURGERY,23551068,"5,158.33 ",,BE000028955,,
Department of Health,NHS East Berkshire CCG,8/31/2018,C&M-GMS QOF Aspiration,PRC DELEGATED CO-COMMISSIONING,MAGNOLIA HOUSE SURGERY,23551068,"6,282.37 ",,BE000028955,,
Department of Health,NHS East Berkshire CCG,8/31/2018,C&M-GMS Global Sum,PRC DELEGATED CO-COMMISSIONING,ORCHARD SURGERY LANGLEY,23551069,"53,928.40 ",,BE000028956,,
Department of Health,NHS East Berkshire CCG,8/31/2018,C&M-GMS MPIG Correction Factor,PRC DELEGATED CO-COMMISSIONING,ORCHARD SURGERY LANGLEY,23551069,"1,937.90 ",,BE000028956,,
Department of Health,NHS East Berkshire CCG,8/31/2018,C&M-GMS Prem Actual Rent,PRC DELEGATED CO-COMMISSIONING,ORCHARD SURGERY LANGLEY,23551069,"6,597.50 ",,BE000028956,,
Department of Health,NHS East Berkshire CCG,8/31/2018,C&M-GMS QOF Aspiration,PRC DELEGATED CO-COMMISSIONING,ORCHARD SURGERY LANGLEY,23551069,"4,617.57 ",,BE000028956,,
Department of Health,NHS East Berkshire CCG,8/31/2018,C&M-GMS Global Sum,PRC DELEGATED CO-COMMISSIONING,RAGSTONE ROAD SURGERY,23551070,"23,434.75 ",,BE000028957,,
Department of Health,NHS East Berkshire CCG,8/31/2018,C&M-GMS Prem Cost Rent,PRC DELEGATED CO-COMMISSIONING,RAGSTONE ROAD SURGERY,23551070,"2,102.08 ",,BE000028957,,
Department of Health,NHS East Berkshire CCG,8/31/2018,C&M-GMS QOF Aspiration,PRC DELEGATED CO-COMMISSIONING,RAGSTONE ROAD SURGERY,23551070,"2,192.35 ",,BE000028957,,
Department of Health,NHS East Berkshire CCG,8/31/2018,C&M-GMS Global Sum,PRC DELEGATED CO-COMMISSIONING,REDWOOD HOUSE SURGERY,23551071,"41,592.15 ",,BE000028959,,
Department of Health,NHS East Berkshire CCG,8/31/2018,C&M-GMS MPIG Correction Factor,PRC DELEGATED CO-COMMISSIONING,REDWOOD HOUSE SURGERY,23551071,415.25 ,,BE000028959,,
Department of Health,NHS East Berkshire CCG,8/31/2018,C&M-GMS Prem Notional Rent,PRC DELEGATED CO-COMMISSIONING,REDWOOD HOUSE SURGERY,23551071,"2,416.67 ",,BE000028959,,
Department of Health,NHS East Berkshire CCG,8/31/2018,C&M-GMS QOF Aspiration,PRC DELEGATED CO-COMMISSIONING,REDWOOD HOUSE SURGERY,23551071,"3,712.75 ",,BE000028959,,
Department of Health,NHS East Berkshire CCG,8/31/2018,C&M-GMS Global Sum,PRC DELEGATED CO-COMMISSIONING,ROSEMEAD SURGERY,23551073,"46,841.71 ",,BE000028961,,
Department of Health,NHS East Berkshire CCG,8/31/2018,C&M-GMS MPIG Correction Factor,PRC DELEGATED CO-COMMISSIONING,ROSEMEAD SURGERY,23551073,256.10 ,,BE000028961,,
Department of Health,NHS East Berkshire CCG,8/31/2018,C&M-GMS Prem Notional Rent,PRC DELEGATED CO-COMMISSIONING,ROSEMEAD SURGERY,23551073,"4,666.67 ",,BE000028961,,
Department of Health,NHS East Berkshire CCG,8/31/2018,C&M-GMS QOF Aspiration,PRC DELEGATED CO-COMMISSIONING,ROSEMEAD SURGERY,23551073,"5,424.04 ",,BE000028961,,
Department of Health,NHS East Berkshire CCG,8/31/2018,C&M-GMS DES Learn Dsblty Hlth Chk,PRC DELEGATED CO-COMMISSIONING,RINGMEAD MEDICAL PRACTICE,23551077,"1,540.00 ",,BE000028965,,
Department of Health,NHS East Berkshire CCG,8/31/2018,C&M-GMS Global Sum,PRC DELEGATED CO-COMMISSIONING,RINGMEAD MEDICAL PRACTICE,23551077,"103,911.63 ",,BE000028965,,
Department of Health,NHS East Berkshire CCG,8/31/2018,C&M-GMS MPIG Correction Factor,PRC DELEGATED CO-COMMISSIONING,RINGMEAD MEDICAL PRACTICE,23551077,"1,476.02 ",,BE000028965,,
Department of Health,NHS East Berkshire CCG,8/31/2018,C&M-GMS PCO Other,PRC DELEGATED CO-COMMISSIONING,RINGMEAD MEDICAL PRACTICE,23551077,"1,065.23 ",,BE000028965,,
Department of Health,NHS East Berkshire CCG,8/31/2018,C&M-GMS Prem Actual Rent,PRC DELEGATED CO-COMMISSIONING,RINGMEAD MEDICAL PRACTICE,23551077,"3,381.00 ",,BE000028965,,
Department of Health,NHS East Berkshire CCG,8/31/2018,C&M-GMS Prem Notional Rent,PRC DELEGATED CO-COMMISSIONING,RINGMEAD MEDICAL PRACTICE,23551077,"5,564.58 ",,BE000028965,,
Department of Health,NHS East Berkshire CCG,8/31/2018,C&M-GMS QOF Aspiration,PRC DELEGATED CO-COMMISSIONING,RINGMEAD MEDICAL PRACTICE,23551077,"11,661.07 ",,BE000028965,,
Department of Health,NHS East Berkshire CCG,8/31/2018,C&M-GMS Global Sum,PRC DELEGATED CO-COMMISSIONING,SANDHURST GROUP PRACTICE,23551079,"129,167.97 ",,BE000028967,,
Department of Health,NHS East Berkshire CCG,8/31/2018,C&M-GMS MPIG Correction Factor,PRC DELEGATED CO-COMMISSIONING,SANDHURST GROUP PRACTICE,23551079,"3,437.30 ",,BE000028967,,
Department of Health,NHS East Berkshire CCG,8/31/2018,C&M-GMS Prem Notional Rent,PRC DELEGATED CO-COMMISSIONING,SANDHURST GROUP PRACTICE,23551079,"13,958.33 ",,BE000028967,,
Department of Health,NHS East Berkshire CCG,8/31/2018,C&M-GMS QOF Aspiration,PRC DELEGATED CO-COMMISSIONING,SANDHURST GROUP PRACTICE,23551079,"12,459.19 ",,BE000028967,,
Department of Health,NHS East Berkshire CCG,8/31/2018,C&M-GMS Global Sum,PRC DELEGATED CO-COMMISSIONING,SHEET STREET SURGERY,23551082,"68,184.15 ",,BE000028973,,
Department of Health,NHS East Berkshire CCG,8/31/2018,C&M-GMS MPIG Correction Factor,PRC DELEGATED CO-COMMISSIONING,SHEET STREET SURGERY,23551082,236.66 ,,BE000028973,,
Department of Health,NHS East Berkshire CCG,8/31/2018,C&M-GMS Prem Actual Rent,PRC DELEGATED CO-COMMISSIONING,SHEET STREET SURGERY,23551082,"5,062.50 ",,BE000028973,,
Department of Health,NHS East Berkshire CCG,8/31/2018,C&M-GMS QOF Aspiration,PRC DELEGATED CO-COMMISSIONING,SHEET STREET SURGERY,23551082,"5,954.37 ",,BE000028973,,
Department of Health,NHS East Berkshire CCG,8/31/2018,C&M-GMS DES Learn Dsblty Hlth Chk,PRC DELEGATED CO-COMMISSIONING,SHREEJI MEDICAL CENTRE,23551084,"1,960.00 ",,BE000028975,,
Department of Health,NHS East Berkshire CCG,8/31/2018,C&M-GMS Global Sum,PRC DELEGATED CO-COMMISSIONING,SHREEJI MEDICAL CENTRE,23551084,"39,849.62 ",,BE000028975,,
Department of Health,NHS East Berkshire CCG,8/31/2018,C&M-GMS Other Baseline Adjustment,PRC DELEGATED CO-COMMISSIONING,SHREEJI MEDICAL CENTRE,23551084,604.17 ,,BE000028975,,
Department of Health,NHS East Berkshire CCG,8/31/2018,C&M-GMS Other FDR Payment,PRC DELEGATED CO-COMMISSIONING,SHREEJI MEDICAL CENTRE,23551084,"5,407.93 ",,BE000028975,,
Department of Health,NHS East Berkshire CCG,8/31/2018,C&M-GMS Prem Notional Rent,PRC DELEGATED CO-COMMISSIONING,SHREEJI MEDICAL CENTRE,23551084,"6,191.81 ",,BE000028975,,
Department of Health,NHS East Berkshire CCG,8/31/2018,C&M-GMS QOF Aspiration,PRC DELEGATED CO-COMMISSIONING,SHREEJI MEDICAL CENTRE,23551084,"4,040.84 ",,BE000028975,,
Department of Health,NHS East Berkshire CCG,8/31/2018,C&M-GMS Global Sum,PRC DELEGATED CO-COMMISSIONING,SYMONS MEDICAL CENTRE,23551086,"79,967.44 ",,BE000028977,,
Department of Health,NHS East Berkshire CCG,8/31/2018,C&M-GMS Other Baseline Adjustment,PRC DELEGATED CO-COMMISSIONING,SYMONS MEDICAL CENTRE,23551086,451.51 ,,BE000028977,,
Department of Health,NHS East Berkshire CCG,8/31/2018,C&M-GMS Other FDR Payment,PRC DELEGATED CO-COMMISSIONING,SYMONS MEDICAL CENTRE,23551086,"2,509.36 ",,BE000028977,,
Department of Health,NHS East Berkshire CCG,8/31/2018,C&M-GMS Prem Notional Rent,PRC DELEGATED CO-COMMISSIONING,SYMONS MEDICAL CENTRE,23551086,"6,966.67 ",,BE000028977,,
Department of Health,NHS East Berkshire CCG,8/31/2018,C&M-GMS QOF Aspiration,PRC DELEGATED CO-COMMISSIONING,SYMONS MEDICAL CENTRE,23551086,"8,416.24 ",,BE000028977,,
Department of Health,NHS East Berkshire CCG,8/31/2018,C&M-GMS Global Sum,PRC DELEGATED CO-COMMISSIONING,VILLAGE MEDICAL CENTRE SLOUGH,23551088,"74,768.95 ",,BE000028979,,
Department of Health,NHS East Berkshire CCG,8/31/2018,C&M-GMS Other Baseline Adjustment,PRC DELEGATED CO-COMMISSIONING,VILLAGE MEDICAL CENTRE SLOUGH,23551088,279.71 ,,BE000028979,,
Department of Health,NHS East Berkshire CCG,8/31/2018,C&M-GMS Other FDR Payment,PRC DELEGATED CO-COMMISSIONING,VILLAGE MEDICAL CENTRE SLOUGH,23551088,"9,304.31 ",,BE000028979,,
Department of Health,NHS East Berkshire CCG,8/31/2018,C&M-GMS PCO Locum Sickness,PRC DELEGATED CO-COMMISSIONING,VILLAGE MEDICAL CENTRE SLOUGH,23551088,"15,682.19 ",,BE000028979,,
Department of Health,NHS East Berkshire CCG,8/31/2018,C&M-GMS Prem Actual Rent,PRC DELEGATED CO-COMMISSIONING,VILLAGE MEDICAL CENTRE SLOUGH,23551088,"2,791.66 ",,BE000028979,,
Department of Health,NHS East Berkshire CCG,8/31/2018,C&M-GMS Prem Notional Rent,PRC DELEGATED CO-COMMISSIONING,VILLAGE MEDICAL CENTRE SLOUGH,23551088,"4,990.50 ",,BE000028979,,
Department of Health,NHS East Berkshire CCG,8/31/2018,C&M-GMS QOF Aspiration,PRC DELEGATED CO-COMMISSIONING,VILLAGE MEDICAL CENTRE SLOUGH,23551088,"5,720.59 ",,BE000028979,,
Department of Health,NHS East Berkshire CCG,8/31/2018,C&M-GMS Global Sum,PRC DELEGATED CO-COMMISSIONING,WEXHAM ROAD SURGERY,23551090,"27,423.37 ",,BE000028981,,
Department of Health,NHS East Berkshire CCG,8/31/2018,C&M-GMS Other Baseline Adjustment,PRC DELEGATED CO-COMMISSIONING,WEXHAM ROAD SURGERY,23551090,189.93 ,,BE000028981,,
Department of Health,NHS East Berkshire CCG,8/31/2018,C&M-GMS Other FDR Payment,PRC DELEGATED CO-COMMISSIONING,WEXHAM ROAD SURGERY,23551090,"2,459.59 ",,BE000028981,,
Department of Health,NHS East Berkshire CCG,8/31/2018,C&M-GMS Prem Notional Rent,PRC DELEGATED CO-COMMISSIONING,WEXHAM ROAD SURGERY,23551090,"1,400.00 ",,BE000028981,,
Department of Health,NHS East Berkshire CCG,8/31/2018,C&M-GMS QOF Aspiration,PRC DELEGATED CO-COMMISSIONING,WEXHAM ROAD SURGERY,23551090,"2,933.21 ",,BE000028981,,
Department of Health,NHS East Berkshire CCG,8/31/2018,C&M-GMS Global Sum,PRC DELEGATED CO-COMMISSIONING,WARFIELD GREEN MEDICAL CENTRE,23551092,"62,433.31 ",,BE000028983,,
Department of Health,NHS East Berkshire CCG,8/31/2018,C&M-GMS MPIG Correction Factor,PRC DELEGATED CO-COMMISSIONING,WARFIELD GREEN MEDICAL CENTRE,23551092,"1,234.38 ",,BE000028983,,
Department of Health,NHS East Berkshire CCG,8/31/2018,C&M-GMS Prem Notional Rent,PRC DELEGATED CO-COMMISSIONING,WARFIELD GREEN MEDICAL CENTRE,23551092,"5,466.67 ",,BE000028983,,
Department of Health,NHS East Berkshire CCG,8/31/2018,C&M-GMS QOF Aspiration,PRC DELEGATED CO-COMMISSIONING,WARFIELD GREEN MEDICAL CENTRE,23551092,"6,763.21 ",,BE000028983,,
Department of Health,NHS East Berkshire CCG,8/31/2018,ME-GMS GP Pension EEs,PRC DELEGATED CO-COMMISSIONING,WATERFIELD PRACTICE,23551093,"(2,336.80)",,BE000028984,,
Department of Health,NHS East Berkshire CCG,8/31/2018,ME-GMS GP Pension EEs Adjustments,PRC DELEGATED CO-COMMISSIONING,WATERFIELD PRACTICE,23551093,"(11,039.00)",,BE000028984,,
Department of Health,NHS East Berkshire CCG,8/31/2018,ME-GMS GP Pension ERs Adjustments,PRC DELEGATED CO-COMMISSIONING,WATERFIELD PRACTICE,23551093,"(14,010.75)",,BE000028984,,
Department of Health,NHS East Berkshire CCG,8/31/2018,C&M-GMS DES Learn Dsblty Hlth Chk,PRC DELEGATED CO-COMMISSIONING,WATERFIELD PRACTICE,23551094,420.00 ,,BE000028985,,
Department of Health,NHS East Berkshire CCG,8/31/2018,C&M-GMS Global Sum,PRC DELEGATED CO-COMMISSIONING,WATERFIELD PRACTICE,23551094,"86,676.19 ",,BE000028985,,
Department of Health,NHS East Berkshire CCG,8/31/2018,C&M-GMS MPIG Correction Factor,PRC DELEGATED CO-COMMISSIONING,WATERFIELD PRACTICE,23551094,"1,577.80 ",,BE000028985,,
Department of Health,NHS East Berkshire CCG,8/31/2018,C&M-GMS Prem Cost Rent,PRC DELEGATED CO-COMMISSIONING,WATERFIELD PRACTICE,23551094,"3,160.75 ",,BE000028985,,
Department of Health,NHS East Berkshire CCG,8/31/2018,C&M-GMS Prem Notional Rent,PRC DELEGATED CO-COMMISSIONING,WATERFIELD PRACTICE,23551094,"6,854.17 ",,BE000028985,,
Department of Health,NHS East Berkshire CCG,8/31/2018,C&M-GMS QOF Aspiration,PRC DELEGATED CO-COMMISSIONING,WATERFIELD PRACTICE,23551094,"7,909.11 ",,BE000028985,,
Department of Health,NHS East Berkshire CCG,8/31/2018,C&M-GMS Global Sum,PRC DELEGATED CO-COMMISSIONING,WOODLANDS PARK SURGERY,23551096,"21,656.74 ",,BE000028987,,
Department of Health,NHS East Berkshire CCG,8/31/2018,C&M-GMS MPIG Correction Factor,PRC DELEGATED CO-COMMISSIONING,WOODLANDS PARK SURGERY,23551096,777.43 ,,BE000028987,,
Department of Health,NHS East Berkshire CCG,8/31/2018,C&M-GMS Prem Notional Rent,PRC DELEGATED CO-COMMISSIONING,WOODLANDS PARK SURGERY,23551096,"2,191.67 ",,BE000028987,,
Department of Health,NHS East Berkshire CCG,8/31/2018,C&M-GMS QOF Aspiration,PRC DELEGATED CO-COMMISSIONING,WOODLANDS PARK SURGERY,23551096,"2,055.62 ",,BE000028987,,
Department of Health,NHS East Berkshire CCG,8/31/2018,C&M-GMS DES Learn Dsblty Hlth Chk,PRC DELEGATED CO-COMMISSIONING,RADNOR HOUSE SURGERY & ASCOT MEDICAL CENTRE,23551098,"1,120.00 ",,BE000028989,,
Department of Health,NHS East Berkshire CCG,8/31/2018,C&M-GMS Global Sum,PRC DELEGATED CO-COMMISSIONING,RADNOR HOUSE SURGERY & ASCOT MEDICAL CENTRE,23551098,"33,218.20 ",,BE000028989,,
Department of Health,NHS East Berkshire CCG,8/31/2018,C&M-GMS MPIG Correction Factor,PRC DELEGATED CO-COMMISSIONING,RADNOR HOUSE SURGERY & ASCOT MEDICAL CENTRE,23551098,"1,791.39 ",,BE000028989,,
Department of Health,NHS East Berkshire CCG,8/31/2018,C&M-GMS PCO Locum Adop/Pat/Mat,PRC DELEGATED CO-COMMISSIONING,RADNOR HOUSE SURGERY & ASCOT MEDICAL CENTRE,23551098,"28,199.84 ",,BE000028989,,
Department of Health,NHS East Berkshire CCG,8/31/2018,C&M-GMS Prem Notional Rent,PRC DELEGATED CO-COMMISSIONING,RADNOR HOUSE SURGERY & ASCOT MEDICAL CENTRE,23551098,"2,308.33 ",,BE000028989,,
Department of Health,NHS East Berkshire CCG,8/31/2018,C&M-GMS QOF Aspiration,PRC DELEGATED CO-COMMISSIONING,RADNOR HOUSE SURGERY & ASCOT MEDICAL CENTRE,23551098,"3,272.46 ",,BE000028989,,
Department of Health,NHS East Berkshire CCG,8/31/2018,C&M-GMS Global Sum,PRC DELEGATED CO-COMMISSIONING,BHARANI MEDICAL CENTRE,23555221,"83,490.24 ",,BE000028911,,
Department of Health,NHS East Berkshire CCG,8/31/2018,C&M-GMS Other Baseline Adjustment,PRC DELEGATED CO-COMMISSIONING,BHARANI MEDICAL CENTRE,23555221,"1,266.79 ",,BE000028911,,
Department of Health,NHS East Berkshire CCG,8/31/2018,C&M-GMS Other FDR Payment,PRC DELEGATED CO-COMMISSIONING,BHARANI MEDICAL CENTRE,23555221,"13,462.82 ",,BE000028911,,
Department of Health,NHS East Berkshire CCG,8/31/2018,C&M-GMS Prem Notional Rent,PRC DELEGATED CO-COMMISSIONING,BHARANI MEDICAL CENTRE,23555221,"86,657.50 ",,BE000028911,,
Department of Health,NHS East Berkshire CCG,8/31/2018,C&M-GMS QOF Aspiration,PRC DELEGATED CO-COMMISSIONING,BHARANI MEDICAL CENTRE,23555221,"8,166.74 ",,BE000028911,,
Department of Health,NHS East Berkshire CCG,8/31/2018,C&M-GMS Global Sum,PRC DELEGATED CO-COMMISSIONING,CLAREMONT AND HOLYPORT PRACTICE,23555223,"126,555.46 ",,BE000028916,,
Department of Health,NHS East Berkshire CCG,8/31/2018,C&M-GMS MPIG Correction Factor,PRC DELEGATED CO-COMMISSIONING,CLAREMONT AND HOLYPORT PRACTICE,23555223,993.02 ,,BE000028916,,
Department of Health,NHS East Berkshire CCG,8/31/2018,C&M-GMS Prem Notional Rent,PRC DELEGATED CO-COMMISSIONING,CLAREMONT AND HOLYPORT PRACTICE,23555223,"12,975.00 ",,BE000028916,,
Department of Health,NHS East Berkshire CCG,8/31/2018,C&M-GMS QOF Achievement,PRC DELEGATED CO-COMMISSIONING,CLAREMONT AND HOLYPORT PRACTICE,23555223,"65,257.22 ",,BE000028916,,
Department of Health,NHS East Berkshire CCG,8/31/2018,C&M-GMS QOF Aspiration,PRC DELEGATED CO-COMMISSIONING,CLAREMONT AND HOLYPORT PRACTICE,23555223,"14,130.18 ",,BE000028916,,
Department of Health,NHS East Berkshire CCG,8/31/2018,C&M-GMS Global Sum,PRC DELEGATED CO-COMMISSIONING,RUNNYMEDE MEDICAL PRACTICE,23555225,"87,147.81 ",,BE000028969,,
Department of Health,NHS East Berkshire CCG,8/31/2018,C&M-GMS MPIG Correction Factor,PRC DELEGATED CO-COMMISSIONING,RUNNYMEDE MEDICAL PRACTICE,23555225,"1,159.54 ",,BE000028969,,
Department of Health,NHS East Berkshire CCG,8/31/2018,C&M-GMS Prem Actual Rent,PRC DELEGATED CO-COMMISSIONING,RUNNYMEDE MEDICAL PRACTICE,23555225,"3,541.67 ",,BE000028969,,
Department of Health,NHS East Berkshire CCG,8/31/2018,C&M-GMS Prem Notional Rent,PRC DELEGATED CO-COMMISSIONING,RUNNYMEDE MEDICAL PRACTICE,23555225,"4,500.00 ",,BE000028969,,
Department of Health,NHS East Berkshire CCG,8/31/2018,C&M-GMS QOF Aspiration,PRC DELEGATED CO-COMMISSIONING,RUNNYMEDE MEDICAL PRACTICE,23555225,"8,940.76 ",,BE000028969,,
Department of Health,NHS East Berkshire CCG,8/31/2018,Clinical&Medical-Commercial Sector,OUT OF HOURS,EAST BERKSHIRE PRIMARY CARE(OOHS),23569068,"378,350.00 ",,14105,,
Department of Health,NHS East Berkshire CCG,8/31/2018,Clinical&Medical-Voluntary Sector,HOSPICES,THAMES HOSPICECARE,23569079,"209,792.83 ",GB237514509,181222,,
Department of Health,NHS East Berkshire CCG,8/31/2018,Hcare Srv Rec NHS Trust-Non Contract,NCAS/OATS,LEWISHAM & GREENWICH NHS TRUST,23569227,"(32,593.19)",,8490263,,
Department of Health,NHS East Berkshire CCG,8/31/2018,C&M-GMS Global Sum,PRC DELEGATED CO-COMMISSIONING,BOUNDARY HOUSE SURGERY BRACKNELL,23573983,"55,164.25 ",,BE000028914,,
Department of Health,NHS East Berkshire CCG,8/31/2018,C&M-GMS MPIG Correction Factor,PRC DELEGATED CO-COMMISSIONING,BOUNDARY HOUSE SURGERY BRACKNELL,23573983,359.10 ,,BE000028914,,
Department of Health,NHS East Berkshire CCG,8/31/2018,C&M-GMS Prem Notional Rent,PRC DELEGATED CO-COMMISSIONING,BOUNDARY HOUSE SURGERY BRACKNELL,23573983,"5,600.00 ",,BE000028914,,
Department of Health,NHS East Berkshire CCG,8/31/2018,C&M-GMS QOF Aspiration,PRC DELEGATED CO-COMMISSIONING,BOUNDARY HOUSE SURGERY BRACKNELL,23573983,"5,011.86 ",,BE000028914,,
Department of Health,NHS East Berkshire CCG,8/31/2018,ME - GMS GP Prior Year ERs,PRC DELEGATED CO-COMMISSIONING,BOUNDARY HOUSE SURGERY BRACKNELL,23573983,"3,935.96 ",,BE000028914,,
Department of Health,NHS East Berkshire CCG,8/31/2018,ME-GMS GP Pension EEs Adjustments,PRC DELEGATED CO-COMMISSIONING,BOUNDARY HOUSE SURGERY BRACKNELL,23573983,"5,799.99 ",,BE000028914,,
Department of Health,NHS East Berkshire CCG,8/31/2018,ME-GMS GP Pension ERs Adjustments,PRC DELEGATED CO-COMMISSIONING,BOUNDARY HOUSE SURGERY BRACKNELL,23573983,"5,751.99 ",,BE000028914,,
Department of Health,NHS East Berkshire CCG,8/31/2018,ME-GMS GP Prior Year EEs,PRC DELEGATED CO-COMMISSIONING,BOUNDARY HOUSE SURGERY BRACKNELL,23573983,"3,980.11 ",,BE000028914,,
Department of Health,NHS East Berkshire CCG,8/31/2018,C&M-GMS Prem Improvement Grant,PRC DELEGATED CO-COMMISSIONING,DATCHET HEALTH CENTRE,23573985,"(23,650.70)",,BE000028925,,
Department of Health,NHS East Berkshire CCG,8/31/2018,ME - GMS TPS Added Years Adj EEs,PRC DELEGATED CO-COMMISSIONING,DATCHET HEALTH CENTRE,23573985,(941.17),,BE000028925,,
Department of Health,NHS East Berkshire CCG,8/31/2018,ME-GMS GP Pension EEs,PRC DELEGATED CO-COMMISSIONING,DATCHET HEALTH CENTRE,23573985,"(3,645.22)",,BE000028925,,
Department of Health,NHS East Berkshire CCG,8/31/2018,ME-GMS GP Pension ERs Adjustments,PRC DELEGATED CO-COMMISSIONING,DATCHET HEALTH CENTRE,23573985,"(3,693.93)",,BE000028925,,
Department of Health,NHS East Berkshire CCG,8/31/2018,C&M-GMS Global Sum,PRC DELEGATED CO-COMMISSIONING,EVERGREEN PRACTICE,23573986,"28,320.29 ",,BE000028932,,
Department of Health,NHS East Berkshire CCG,8/31/2018,C&M-GMS MPIG Correction Factor,PRC DELEGATED CO-COMMISSIONING,EVERGREEN PRACTICE,23573986,"1,137.35 ",,BE000028932,,
Department of Health,NHS East Berkshire CCG,8/31/2018,C&M-GMS Prem Actual Rent,PRC DELEGATED CO-COMMISSIONING,EVERGREEN PRACTICE,23573986,764.63 ,,BE000028932,,
Department of Health,NHS East Berkshire CCG,8/31/2018,C&M-GMS Prem Rates,PRC DELEGATED CO-COMMISSIONING,EVERGREEN PRACTICE,23573986,"2,379.09 ",,BE000028932,,
Department of Health,NHS East Berkshire CCG,8/31/2018,C&M-GMS Prem Water Rates,PRC DELEGATED CO-COMMISSIONING,EVERGREEN PRACTICE,23573986,124.11 ,,BE000028932,,
Department of Health,NHS East Berkshire CCG,8/31/2018,C&M-GMS QOF Aspiration,PRC DELEGATED CO-COMMISSIONING,EVERGREEN PRACTICE,23573986,"1,973.29 ",,BE000028932,,
Department of Health,NHS East Berkshire CCG,8/31/2018,C&M-GMS Global Sum,PRC DELEGATED CO-COMMISSIONING,SOUTH MEADOW SURGERY,23573990,"87,359.34 ",,BE000028971,,
Department of Health,NHS East Berkshire CCG,8/31/2018,C&M-GMS MPIG Correction Factor,PRC DELEGATED CO-COMMISSIONING,SOUTH MEADOW SURGERY,23573990,730.86 ,,BE000028971,,
Department of Health,NHS East Berkshire CCG,8/31/2018,C&M-GMS Prem Actual Rent,PRC DELEGATED CO-COMMISSIONING,SOUTH MEADOW SURGERY,23573990,"3,750.00 ",,BE000028971,,
Department of Health,NHS East Berkshire CCG,8/31/2018,C&M-GMS Prem Notional Rent,PRC DELEGATED CO-COMMISSIONING,SOUTH MEADOW SURGERY,23573990,"8,804.17 ",,BE000028971,,
Department of Health,NHS East Berkshire CCG,8/31/2018,C&M-GMS QOF Aspiration,PRC DELEGATED CO-COMMISSIONING,SOUTH MEADOW SURGERY,23573990,"9,318.14 ",,BE000028971,,
Department of Health,NHS East Berkshire CCG,8/31/2018,ME-GMS GP Pension EEs Adjustments,PRC DELEGATED CO-COMMISSIONING,SOUTH MEADOW SURGERY,23573990,"4,350.01 ",,BE000028971,,
Department of Health,NHS East Berkshire CCG,8/31/2018,ME-GMS GP Pension ERs Adjustments,PRC DELEGATED CO-COMMISSIONING,SOUTH MEADOW SURGERY,23573990,"4,314.01 ",,BE000028971,,
Department of Health,NHS East Berkshire CCG,8/31/2018,Charges from CSU,ADMINISTRATION & BUSINESS SUPPORT,NHS SOUTH CENTRAL AND WEST COMMISSIONING SUPPORT UNIT,23579956,"305,752.00 ",,7312706354,,
Department of Health,NHS East Berkshire CCG,8/31/2018,C&M-GMS PCO Locum Adop/Pat/Mat,PRC DELEGATED CO-COMMISSIONING,RUNNYMEDE MEDICAL PRACTICE,23587156,"(30,000.00)",,10000725APR2018CRD,,
Department of Health,NHS East Berkshire CCG,8/31/2018,Charges from CSU,ADMINISTRATION & BUSINESS SUPPORT,NHS SOUTH CENTRAL AND WEST COMMISSIONING SUPPORT UNIT,23587246,"305,752.00 ",,7312706595,,
Department of Health,NHS East Berkshire CCG,8/31/2018,Hcare Srv Rec Fdtn Trust-Over/ Under Performance,COLLABORATIVE COMMISSIONING,GUYS & ST THOMAS HOSPITAL NHS FOUNDATION TRUST,23587389,"31,384.00 ",654923417,3244697,,
Department of Health,NHS East Berkshire CCG,8/31/2018,Hcare Srv Rec Fdtn Trust-Contract Baseline,COLLABORATIVE COMMISSIONING,GUYS & ST THOMAS HOSPITAL NHS FOUNDATION TRUST,23587418,"553,542.00 ",654923417,3242142,,
Department of Health,NHS East Berkshire CCG,8/31/2018,Hcare Srv Rec Fdtn Trust-Contract Baseline,COLLABORATIVE COMMISSIONING,HILLINGDON HOSPITALS NHS FOUNDATION TRUST,23587486,"506,684.88 ",654925117,N0100152,,
Department of Health,NHS East Berkshire CCG,8/31/2018,Hcare Srv Rec Fdtn Trust-Contract Baseline,COLLABORATIVE COMMISSIONING,ST GEORGES UNIVERSITY HOSPITALS NHS FOUNDATION TRUST,23587507,"145,766.85 ",GB654461922,6438150,,
Department of Health,NHS East Berkshire CCG,8/31/2018,Hcare Srv Rec Fdtn Trust-Contract Baseline,COLLABORATIVE COMMISSIONING,ROYAL FREE LONDON NHS FOUNDATION TRUST,23587518,"228,107.00 ",654946987,I0163239,,
Department of Health,NHS East Berkshire CCG,8/31/2018,Hcare Srv Rec NHS Trust-Contract Baseline,COLLABORATIVE COMMISSIONING,ROYAL NATIONAL ORTHOPAEDIC HOSPITAL NHS TRUST,23587523,"244,476.00 ",,B0037458,,
Department of Health,NHS East Berkshire CCG,8/31/2018,Cont Care-Physical Disab (65+),ADULT JOINT FUNDED CONTINUING CARE,CARE UK COMMUNITY PARTNERSHIPS LTD,23599670,"(29,142.87)",594959072,CNOAKHO007321,,
Department of Health,NHS East Berkshire CCG,8/31/2018,C&M-GMS LES Quality Premium,LOCAL ENHANCED SERVICES,FARNHAM ROAD PRACTICE,23599698,"49,000.00 ",,FR1770,,
Department of Health,NHS East Berkshire CCG,8/31/2018,Clinical&Medical-Independent Sector,MENTAL HEALTH SERVICES - S117 MENTAL HEALTH,HALLMARK CARE HOMES,23613401,"28,678.57 ",,LA00002248,,
Department of Health,NHS East Berkshire CCG,8/31/2018,Cont Care-Physical Disab (65+),ADULT JOINT FUNDED CONTINUING CARE,CARE UK COMMUNITY PARTNERSHIPS LTD,23613444,"29,582.07 ",594959072,OAKHO007321,,
Department of Health,NHS East Berkshire CCG,8/31/2018,Clinical&Medical-Independent Sector,ACUTE COMMISSIONING,CIRCLEREADING T/A CIRCLE HOSPITAL (READING) LTD,23613447,"80,020.10 ",,15D052018OP,,
Department of Health,NHS East Berkshire CCG,8/31/2018,Hlthcre-Foundation Trsts,PLANNED CARE,BERKSHIRE HEALTHCARE NHS FOUNDATION TRUST,23641198,"52,372.00 ",654411648,931126,,
Department of Health,NHS East Berkshire CCG,8/31/2018,Hcare Srv Rec Fdtn Trust-Contract Baseline,COLLABORATIVE COMMISSIONING,KING`S COLLEGE HOSPITAL NHS FOUNDATION TRUST,23641213,"25,519.00 ",654926800,00262017,,
Department of Health,NHS East Berkshire CCG,8/31/2018,Hcare Srv Rec Fdtn Trust-Contract Baseline,COLLABORATIVE COMMISSIONING,KING`S COLLEGE HOSPITAL NHS FOUNDATION TRUST,23641223,"31,417.00 ",654926800,00262015,,
Department of Health,NHS East Berkshire CCG,8/31/2018,Hcare Srv Rec Fdtn Trust-Contract Baseline,COLLABORATIVE COMMISSIONING,ST GEORGES UNIVERSITY HOSPITALS NHS FOUNDATION TRUST,23641254,"69,885.61 ",GB654461922,6438145,,
Department of Health,NHS East Berkshire CCG,8/31/2018,Hcare Srv Rec Fdtn Trust-Contract Baseline,COLLABORATIVE COMMISSIONING,ST GEORGES UNIVERSITY HOSPITALS NHS FOUNDATION TRUST,23641265,"29,196.49 ",GB654461922,6438154,,
Department of Health,NHS East Berkshire CCG,8/31/2018,Hcare Srv Rec Fdtn Trust-Contract Baseline,COLLABORATIVE COMMISSIONING,ST GEORGES UNIVERSITY HOSPITALS NHS FOUNDATION TRUST,23641273,"26,979.49 ",GB654461922,6438148,,
Department of Health,NHS East Berkshire CCG,8/31/2018,Hcare Srv Rec NHS Trust-Non Contract,NCAS/OATS,LEWISHAM & GREENWICH NHS TRUST,23648158,"32,593.19 ",,8486583,,
Department of Health,NHS East Berkshire CCG,8/31/2018,Clinical&Medical-Commercial Sector,PLANNED CARE,BPAS,23648159,"33,406.52 ",855924881,38462,,
Department of Health,NHS East Berkshire CCG,8/31/2018,C&M-GMS LES Care Planning,LOCAL ENHANCED SERVICES,RINGMEAD MEDICAL PRACTICE,23679692,"26,301.00 ",,17092,,
Department of Health,NHS East Berkshire CCG,8/31/2018,C&M-GMS Practice Transformational Support,LOCAL ENHANCED SERVICES,LANGLEY HEALTH CENTRE,23679698,"101,748.72 ",,SA6,,
Department of Health,NHS East Berkshire CCG,8/31/2018,Clinical&Medical-Clinical Other,PRESCRIBING,AMCARE LTD,23702387,"122,923.44 ",763769971,OPI183473,,
,,,,,,,,,,,
,,,,,,,,,,,
,,,,,,,,,,,
