Department family,Entity,Date,Expense Type,Expense area,Supplier,Transaction number,AP Amount (�),VAT registration number,Purchase invoice number,,
Department of Health,NHS East Berkshire CCG,11/30/2018,Rent,RECHARGES NHS PROPERTY SERVICES LTD,NHS PROPERTY SERVICES LTD,24552961,"70,316.70 ",156725100,00000001H2239,,
Department of Health,NHS East Berkshire CCG,11/30/2018,Rent,RECHARGES NHS PROPERTY SERVICES LTD,NHS PROPERTY SERVICES LTD,24552962,"416,115.31 ",156725100,00000001H21583,,
Department of Health,NHS East Berkshire CCG,11/30/2018,Rent,RECHARGES NHS PROPERTY SERVICES LTD,NHS PROPERTY SERVICES LTD,24552963,"416,115.31 ",156725100,00000001H21581,,
Department of Health,NHS East Berkshire CCG,11/30/2018,Rent,RECHARGES NHS PROPERTY SERVICES LTD,NHS PROPERTY SERVICES LTD,24552964,"470,147.50 ",156725100,00000001H36056,,
Department of Health,NHS East Berkshire CCG,11/30/2018,Training Expenses,FINANCE,NHS PROPERTY SERVICES LTD,24552965,"(1,107,754.47)",156725100,00000001H39394,,
Department of Health,NHS East Berkshire CCG,11/30/2018,Clinical&Medical-Independent Sector,ACUTE COMMISSIONING,BMI HEALTHCARE LTD,24552971,"34,706.46 ",GB235134980,0000090845,,
Department of Health,NHS East Berkshire CCG,11/30/2018,Rent,RECHARGES NHS PROPERTY SERVICES LTD,NHS PROPERTY SERVICES LTD,24552973,"70,827.00 ",156725100,00000001H95318,,
Department of Health,NHS East Berkshire CCG,11/30/2018,Hcare Srv Rec Fdtn Trust-Non Contract,CEO/ BOARD OFFICE,FRIMLEY HEALTH NHS FOUNDATION TRUST,24552975,"60,000.00 ",654922028,N0102327,,
Department of Health,NHS East Berkshire CCG,11/30/2018,Contract & Agency-Agency Spec Contr,PRIMARY CARE IT,BRAID STRATEGIC SOLUTIONS LTD,24552976,"38,200.50 ",872363021,091,,
Department of Health,NHS East Berkshire CCG,11/30/2018,Clinical&Medical-Independent Sector,ACUTE COMMISSIONING,BMI HEALTHCARE LTD,24552980,"(26,479.90)",GB235134980,0000100049,,
Department of Health,NHS East Berkshire CCG,11/30/2018,Clinical&Medical-Voluntary Sector,LEARNING DIFFICULTIES - S117,DISABILITIES TRUST,24574014,"(42,689.13)",303268039,MAP001816,,
Department of Health,NHS East Berkshire CCG,11/30/2018,Clinical&Medical-Voluntary Sector,MENTAL HEALTH SERVICES - OTHER,BUCKINGHAMSHIRE MIND,24574115,"30,427.50 ",,13331,,
Department of Health,NHS East Berkshire CCG,11/30/2018,Clinical&Medical-Commercial Sector,GP FORWARD VIEW,EAST BERKSHIRE PRIMARY CARE(OOHS),24586773,"59,348.00 ",,14532,,
Department of Health,NHS East Berkshire CCG,11/30/2018,Cont Care-Mental Health (65+),ADULT JOINT FUNDED CONTINUING CARE,ASCOT RESIDENTIAL HOMES LTD,24586943,"51,186.46 ",,6592,,
Department of Health,NHS East Berkshire CCG,11/30/2018,Clinical&Medical-Othe Public Sector,PROGRAMME PROJECTS,SURREY COUNTY COUNCIL,24589988,"30,500.00 ",GB216947249,9500180341,,
Department of Health,NHS East Berkshire CCG,11/30/2018,Cont Care-FNC Client Continence Allow,FUNDED NURSING CARE,SIGNATURE OF SUNNINGHILL OPERATIONS LTD,24590382,88.00 ,,SUNHOSUN000676688A,,
Department of Health,NHS East Berkshire CCG,11/30/2018,Cont Care-Funded Nursing Care Allow,FUNDED NURSING CARE,SIGNATURE OF SUNNINGHILL OPERATIONS LTD,24590382,"33,089.64 ",,SUNHOSUN000676688A,,
Department of Health,NHS East Berkshire CCG,11/30/2018,Hcare Srv Rec Fdtn Trust-Contract Baseline,ACUTE COMMISSIONING,OXFORD UNIVERSITY HOSPITALS NHS FOUNDATION TRUST,24619461,"301,106.00 ",654935407,8289029,,
Department of Health,NHS East Berkshire CCG,11/30/2018,Hcare Srv Rec NHS Trust-Contract Baseline,ACUTE COMMISSIONING,BUCKINGHAMSHIRE HEALTHCARE NHS TRUST,24619467,"219,621.67 ",654 4313 46,B0000596,,
Department of Health,NHS East Berkshire CCG,11/30/2018,Clinical&Medical-Independent Sector,ACUTE COMMISSIONING,CIRCLEREADING T/A CIRCLE HOSPITAL (READING) LTD,24619771,"49,105.67 ",,15D112018,,
Department of Health,NHS East Berkshire CCG,11/30/2018,Clinical&Medical-Commercial Sector,OUT OF HOURS,EAST BERKSHIRE PRIMARY CARE(OOHS),24619841,"378,350.00 ",,14731,,
Department of Health,NHS East Berkshire CCG,11/30/2018,C&M-APMS Contract Value,PRC DELEGATED CO-COMMISSIONING,EAST BERKSHIRE PRIMARY CARE(OOHS),24619844,"175,473.00 ",,14733,,
Department of Health,NHS East Berkshire CCG,11/30/2018,Clinical&Medical-Independent Sector,URGENT CARE,EAST BERKSHIRE PRIMARY CARE(OOHS),24619846,"33,229.86 ",,14735,,
Department of Health,NHS East Berkshire CCG,11/30/2018,Hcare Srv Rec Fdtn Trust-Contract Baseline,ACUTE COMMISSIONING,ROYAL SURREY COUNTY HOSPITAL NHS FOUNDATION TRUST,24619859,"66,658.00 ",654947690,13797502,,
Department of Health,NHS East Berkshire CCG,11/30/2018,Hcare Srv Rec Fdtn Trust-Contract Baseline,ACUTE COMMISSIONING,ASHFORD & ST PETERS HOSPITALS NHSFT,24619928,"525,090.09 ",GB654969284,14504664,,
Department of Health,NHS East Berkshire CCG,11/30/2018,Clinical&Medical-Independent Sector,ACUTE COMMISSIONING,SPIRE HEALTHCARE LTD,24635141,"62,926.00 ",915970991,15DGRXPF181908,,
Department of Health,NHS East Berkshire CCG,11/30/2018,Clinical&Medical-Othe Public Sector,MENTAL HEALTH SERVICES - S117 MENTAL HEALTH,BRACKNELL FOREST COUNCIL,24656049,"30,537.21 ",200330740,5642981,,
Department of Health,NHS East Berkshire CCG,11/30/2018,C&M-PMS Baseline Adjustment,PRC DELEGATED CO-COMMISSIONING,AVENUE MEDICAL CENTRE SLOUGH,24664001,293.62 ,,BE000029946,,
Department of Health,NHS East Berkshire CCG,11/30/2018,C&M-PMS Contract Value,PRC DELEGATED CO-COMMISSIONING,AVENUE MEDICAL CENTRE SLOUGH,24664001,"55,820.67 ",,BE000029946,,
Department of Health,NHS East Berkshire CCG,11/30/2018,C&M-PMS DES Extended Hours Access,PRC DELEGATED CO-COMMISSIONING,AVENUE MEDICAL CENTRE SLOUGH,24664001,"3,553.95 ",,BE000029946,,
Department of Health,NHS East Berkshire CCG,11/30/2018,C&M-PMS Funding Differential Review,PRC DELEGATED CO-COMMISSIONING,AVENUE MEDICAL CENTRE SLOUGH,24664001,"2,214.08 ",,BE000029946,,
Department of Health,NHS East Berkshire CCG,11/30/2018,C&M-PMS PCO Other,PRC DELEGATED CO-COMMISSIONING,AVENUE MEDICAL CENTRE SLOUGH,24664001,532.39 ,,BE000029946,,
Department of Health,NHS East Berkshire CCG,11/30/2018,C&M-PMS Prem Notional Rent,PRC DELEGATED CO-COMMISSIONING,AVENUE MEDICAL CENTRE SLOUGH,24664001,"4,416.67 ",,BE000029946,,
Department of Health,NHS East Berkshire CCG,11/30/2018,C&M-PMS QOF Aspiration,PRC DELEGATED CO-COMMISSIONING,AVENUE MEDICAL CENTRE SLOUGH,24664001,"6,615.08 ",,BE000029946,,
Department of Health,NHS East Berkshire CCG,11/30/2018,ME - PMS GP Prior Year ERs,PRC DELEGATED CO-COMMISSIONING,FARNHAM ROAD PRACTICE,24664002,"(2,382.63)",,BE000029947,,
Department of Health,NHS East Berkshire CCG,11/30/2018,ME - PMS TPS Added Years Adj EEs,PRC DELEGATED CO-COMMISSIONING,FARNHAM ROAD PRACTICE,24664002,(493.00),,BE000029947,,
Department of Health,NHS East Berkshire CCG,11/30/2018,ME-PMS GP Pension EEs-PMS,PRC DELEGATED CO-COMMISSIONING,FARNHAM ROAD PRACTICE,24664002,"(16,224.34)",,BE000029947,,
Department of Health,NHS East Berkshire CCG,11/30/2018,ME-PMS GP Pension ERs Adjs - PMS,PRC DELEGATED CO-COMMISSIONING,FARNHAM ROAD PRACTICE,24664002,"(17,625.67)",,BE000029947,,
Department of Health,NHS East Berkshire CCG,11/30/2018,ME-PMS GP Prior Year EEs,PRC DELEGATED CO-COMMISSIONING,FARNHAM ROAD PRACTICE,24664002,"(2,249.28)",,BE000029947,,
Department of Health,NHS East Berkshire CCG,11/30/2018,C&M-PMS Baseline Adjustment,PRC DELEGATED CO-COMMISSIONING,FARNHAM ROAD PRACTICE,24664003,488.78 ,,BE000029948,,
Department of Health,NHS East Berkshire CCG,11/30/2018,C&M-PMS Contract Value,PRC DELEGATED CO-COMMISSIONING,FARNHAM ROAD PRACTICE,24664003,"183,861.43 ",,BE000029948,,
Department of Health,NHS East Berkshire CCG,11/30/2018,C&M-PMS DES Extended Hours Access,PRC DELEGATED CO-COMMISSIONING,FARNHAM ROAD PRACTICE,24664003,"12,288.25 ",,BE000029948,,
Department of Health,NHS East Berkshire CCG,11/30/2018,C&M-PMS Funding Differential Review,PRC DELEGATED CO-COMMISSIONING,FARNHAM ROAD PRACTICE,24664003,"12,878.04 ",,BE000029948,,
Department of Health,NHS East Berkshire CCG,11/30/2018,C&M-PMS Prem Notional Rent,PRC DELEGATED CO-COMMISSIONING,FARNHAM ROAD PRACTICE,24664003,"16,308.33 ",,BE000029948,,
Department of Health,NHS East Berkshire CCG,11/30/2018,C&M-PMS QOF Aspiration,PRC DELEGATED CO-COMMISSIONING,FARNHAM ROAD PRACTICE,24664003,"16,282.25 ",,BE000029948,,
Department of Health,NHS East Berkshire CCG,11/30/2018,C&M-PMS Baseline Adjustment,PRC DELEGATED CO-COMMISSIONING,MANOR PARK MEDICAL CENTRE SLOUGH,24664005,302.78 ,,BE000029950,,
Department of Health,NHS East Berkshire CCG,11/30/2018,C&M-PMS Contract Value,PRC DELEGATED CO-COMMISSIONING,MANOR PARK MEDICAL CENTRE SLOUGH,24664005,"76,563.96 ",,BE000029950,,
Department of Health,NHS East Berkshire CCG,11/30/2018,C&M-PMS DES Extended Hours Access,PRC DELEGATED CO-COMMISSIONING,MANOR PARK MEDICAL CENTRE SLOUGH,24664005,"5,006.03 ",,BE000029950,,
Department of Health,NHS East Berkshire CCG,11/30/2018,C&M-PMS Funding Differential Review,PRC DELEGATED CO-COMMISSIONING,MANOR PARK MEDICAL CENTRE SLOUGH,24664005,"5,946.26 ",,BE000029950,,
Department of Health,NHS East Berkshire CCG,11/30/2018,C&M-PMS Prem Notional Rent,PRC DELEGATED CO-COMMISSIONING,MANOR PARK MEDICAL CENTRE SLOUGH,24664005,"6,141.67 ",,BE000029950,,
Department of Health,NHS East Berkshire CCG,11/30/2018,C&M-PMS QOF Aspiration,PRC DELEGATED CO-COMMISSIONING,MANOR PARK MEDICAL CENTRE SLOUGH,24664005,"7,854.51 ",,BE000029950,,
Department of Health,NHS East Berkshire CCG,11/30/2018,Clinical&Medical-Othe Public Sector,COMMUNITY SERVICES,WEST BERKSHIRE DISTRICT COUNCIL,24706412,"479,917.82 ",200245628,238927442196,,
Department of Health,NHS East Berkshire CCG,11/30/2018,Hcare Srv Rec Fdtn Trust-Contract Baseline,ACUTE COMMISSIONING,FRIMLEY HEALTH NHS FOUNDATION TRUST,24706466,"17,669,407.04 ",654922028,N0102522,,
Department of Health,NHS East Berkshire CCG,11/30/2018,Cont Care- Prior Year Payments,ADULT JOINT FUNDED CONTINUING CARE,ONE-OFF SUPPLIER,24714308,"10,734.80 ",,100068-06-NOV-2018,,
Department of Health,NHS East Berkshire CCG,11/30/2018,Cont Care-Physical Disab (65+),ADULT JOINT FUNDED CONTINUING CARE,ONE-OFF SUPPLIER,24714308,"36,937.90 ",,100068-06-NOV-2018,,
Department of Health,NHS East Berkshire CCG,11/30/2018,Cont Care- Prior Year Payments,ADULT JOINT FUNDED CONTINUING CARE,ONE-OFF SUPPLIER,24714309,"124,639.17 ",,100071-07-NOV-2018,,
Department of Health,NHS East Berkshire CCG,11/30/2018,Hcare Srv Rec Fdtn Trust-Over/ Under Performance,COLLABORATIVE COMMISSIONING,CHELSEA AND WESTMINSTER HOSPITAL NHS FOUNDATION TRUST,24725830,"26,727.01 ",654915415,S0004135,,
Department of Health,NHS East Berkshire CCG,11/30/2018,Hcare Srv Rec Fdtn Trust-Over/ Under Performance,ACUTE COMMISSIONING,OXFORD UNIVERSITY HOSPITALS NHS FOUNDATION TRUST,24725837,"35,443.21 ",654935407,8288035,,
Department of Health,NHS East Berkshire CCG,11/30/2018,Hcare Srv Rec Fdtn Trust-Over/ Under Performance,COLLABORATIVE COMMISSIONING,ROYAL FREE LONDON NHS FOUNDATION TRUST,24725839,"109,580.00 ",654946987,I0164919,,
Department of Health,NHS East Berkshire CCG,11/30/2018,Hcare Srv Rec NHS Trust-Over/ Under Performance,COLLABORATIVE COMMISSIONING,LONDON NORTH WEST HEALTHCARE NHS TRUST,24725849,"25,944.00 ",654463720,A0048380,,
Department of Health,NHS East Berkshire CCG,11/30/2018,Hcare Srv Rec Fdtn Trust-Over/ Under Performance,COLLABORATIVE COMMISSIONING,ROYAL MARSDEN NHS FOUNDATION TRUST (THE),24725880,"63,416.00 ",65 4947396,45754094,,
Department of Health,NHS East Berkshire CCG,11/30/2018,Hcare Srv Rec Fdtn Trust-Non Contract,NCAS/OATS,SOUTHAMPTON UNIVERSITY HOSPITALS NHS FOUNDATION TRUST,24725912,"26,988.00 ",654942706,7325671,,
Department of Health,NHS East Berkshire CCG,11/30/2018,Hcare Srv Rec Fdtn Trust-Over/ Under Performance,COLLABORATIVE COMMISSIONING,ROYAL BROMPTON & HAREFIELD NHS FOUNDATION TRUST,24725971,"75,514.66 ",654968091,S004828,,
Department of Health,NHS East Berkshire CCG,11/30/2018,Hcare Srv Rec Fdtn Trust-Over/ Under Performance,COLLABORATIVE COMMISSIONING,ROYAL FREE LONDON NHS FOUNDATION TRUST,24725998,"(33,709.00)",654946987,C0020407,,
Department of Health,NHS East Berkshire CCG,11/30/2018,Hcare Srv Rec Fdtn Trust-Contract Baseline,COLLABORATIVE COMMISSIONING,UNIVERSITY COLLEGE LONDON HOSPITALS NHS FOUNDATION TRUST,24726008,"660,906.00 ",654948687,5010182395,,
Department of Health,NHS East Berkshire CCG,11/30/2018,Hcare Srv Rec Fdtn Trust-Contract Baseline,AMBULANCE SERVICES,SOUTH CENTRAL AMBULANCE SERVICE NHS FOUNDATION TRUST,24726011,"1,154,354.45 ",654923613,INV0049580,,
Department of Health,NHS East Berkshire CCG,11/30/2018,Hcare Srv Rec Fdtn Trust-Contract Baseline,NHS 111,SOUTH CENTRAL AMBULANCE SERVICE NHS FOUNDATION TRUST,24726013,"131,170.00 ",654923613,INV0049618,,
Department of Health,NHS East Berkshire CCG,11/30/2018,Hcare Srv Rec Fdtn Trust-Contract Baseline,PATIENT TRANSPORT,SOUTH CENTRAL AMBULANCE SERVICE NHS FOUNDATION TRUST,24726018,"161,759.10 ",654923613,INV0049616,,
Department of Health,NHS East Berkshire CCG,11/30/2018,Hcare Srv Rec NHS Trust-Contract Baseline,COLLABORATIVE COMMISSIONING,EPSOM & ST HELIER UNIVERSITY HOSPITALS NHS TRUST,24726029,"197,122.06 ",654970602,19754103,,
Department of Health,NHS East Berkshire CCG,11/30/2018,Hcare Srv Rec Fdtn Trust-Contract Baseline,COLLABORATIVE COMMISSIONING,ROYAL MARSDEN NHS FOUNDATION TRUST (THE),24726031,"177,766.61 ",65 4947396,45754873,,
Department of Health,NHS East Berkshire CCG,11/30/2018,Hcare Srv Rec Fdtn Trust-Over/ Under Performance,COLLABORATIVE COMMISSIONING,CHELSEA AND WESTMINSTER HOSPITAL NHS FOUNDATION TRUST,24726048,"(88,441.08)",654915415,C0004894,,
Department of Health,NHS East Berkshire CCG,11/30/2018,C&M-GMS LES Care Planning,LOCAL ENHANCED SERVICES,CLARENCE MEDICAL CENTRE,24726066,"25,648.00 ",,CMC031018,,
Department of Health,NHS East Berkshire CCG,11/30/2018,Hcare Srv Rec NHS Trust-Over/ Under Performance,COLLABORATIVE COMMISSIONING,BARTS HEALTH NHS TRUST,24726072,"(34,441.02)",654947005,355383,,
Department of Health,NHS East Berkshire CCG,11/30/2018,Hcare Srv Rec NHS Trust-Contract Baseline,COLLABORATIVE COMMISSIONING,ROYAL NATIONAL ORTHOPAEDIC HOSPITAL NHS TRUST,24726076,"244,476.00 ",654947494,B0038431,,
Department of Health,NHS East Berkshire CCG,11/30/2018,Hcare Srv Rec Fdtn Trust-Contract Baseline,ACUTE COMMISSIONING,ROYAL BERKSHIRE NHS FOUNDATION TRUST,24726088,"2,275,000.00 ",654938593,497802,,
Department of Health,NHS East Berkshire CCG,11/30/2018,Charges from CSU,PRIMARY CARE IT,NHS SOUTH CENTRAL AND WEST COMMISSIONING SUPPORT UNIT,24751268,"57,064.29 ",,7312706924,,
Department of Health,NHS East Berkshire CCG,11/30/2018,Hcare Srv Rec Fdtn Trust-Contract Baseline,MENTAL HEALTH CONTRACTS,BERKSHIRE HEALTHCARE NHS FOUNDATION TRUST,24751287,"3,717,229.41 ",654411648,932813,,
Department of Health,NHS East Berkshire CCG,11/30/2018,Hcare Srv Rec Fdtn Trust-Contract Baseline,MENTAL HEALTH CONTRACTS,SURREY & BORDERS PARTNERSHIP NHS FOUNDATION TRUST,24751308,"47,729.00 ",654 4345 33,6733136,,
Department of Health,NHS East Berkshire CCG,11/30/2018,Charges from CSU,ADMINISTRATION & BUSINESS SUPPORT,NHS SOUTH CENTRAL AND WEST COMMISSIONING SUPPORT UNIT,24751312,"303,668.33 ",,7312707352,,
Department of Health,NHS East Berkshire CCG,11/30/2018,Hcare Srv Rec Fdtn Trust-Contract Baseline,COLLABORATIVE COMMISSIONING,GREAT ORMOND STREET HOSPITAL FOR CHILDREN NHS FOUNDATION TRUST,24751347,"100,010.92 ",654922910,X0203223,,
Department of Health,NHS East Berkshire CCG,11/30/2018,Clinical&Medical-Othe Public Sector,PROGRAMME PROJECTS,SLOUGH BOROUGH COUNCIL,24751363,"456,666.00 ",209222982,803660316,,
Department of Health,NHS East Berkshire CCG,11/30/2018,Clinical&Medical-Othe Public Sector,PROGRAMME PROJECTS,SLOUGH BOROUGH COUNCIL,24751367,"456,666.00 ",209222982,803660308,,
Department of Health,NHS East Berkshire CCG,11/30/2018,Hcare Srv Rec Fdtn Trust-Contract Baseline,COMMUNITY SERVICES,BERKSHIRE HEALTHCARE NHS FOUNDATION TRUST,24751391,"3,006,088.91 ",654411648,932907,,
Department of Health,NHS East Berkshire CCG,11/30/2018,Apprenticeship Levy Payable,Balance Sheet,HMRC,24762027,959.00 ,,120PJ015721271907,,
Department of Health,NHS East Berkshire CCG,11/30/2018,Income tax <1Yr,Balance Sheet,HMRC,24762027,"68,803.40 ",,120PJ015721271907,,
Department of Health,NHS East Berkshire CCG,11/30/2018,Income tax <1Yr-Student Loans,Balance Sheet,HMRC,24762027,911.00 ,,120PJ015721271907,,
Department of Health,NHS East Berkshire CCG,11/30/2018,National Insurance < 1 yr-NI- ERS,Balance Sheet,HMRC,24762027,"48,981.21 ",,120PJ015721271907,,
Department of Health,NHS East Berkshire CCG,11/30/2018,National Insurance < 1 yr-NI-EES,Balance Sheet,HMRC,24762027,"33,568.75 ",,120PJ015721271907,,
Department of Health,NHS East Berkshire CCG,11/30/2018,Clinical&Medical-Independent Sector,ACUTE COMMISSIONING,BMI HEALTHCARE LTD,24787581,"121,138.27 ",GB235134980,0000099262,,
Department of Health,NHS East Berkshire CCG,11/30/2018,Clinical&Medical-Commercial Sector,COMMUNITY SERVICES,WINDSAR CARE CENTRE LTD,24787681,"26,362.31 ",,1001217,,
Department of Health,NHS East Berkshire CCG,11/30/2018,C&M-GMS Global Sum,PRC DELEGATED CO-COMMISSIONING,BATH ROAD SURGERY SLOUGH,24799073,"32,315.60 ",,BE000030025,,
Department of Health,NHS East Berkshire CCG,11/30/2018,C&M-GMS MPIG Correction Factor,PRC DELEGATED CO-COMMISSIONING,BATH ROAD SURGERY SLOUGH,24799073,355.85 ,,BE000030025,,
Department of Health,NHS East Berkshire CCG,11/30/2018,C&M-GMS Prem Notional Rent,PRC DELEGATED CO-COMMISSIONING,BATH ROAD SURGERY SLOUGH,24799073,"1,075.00 ",,BE000030025,,
Department of Health,NHS East Berkshire CCG,11/30/2018,C&M-GMS QOF Aspiration,PRC DELEGATED CO-COMMISSIONING,BATH ROAD SURGERY SLOUGH,24799073,"2,494.79 ",,BE000030025,,
Department of Health,NHS East Berkshire CCG,11/30/2018,C&M-GMS Global Sum,PRC DELEGATED CO-COMMISSIONING,BINFIELD SURGERY,24799075,"74,121.62 ",,BE000030029,,
Department of Health,NHS East Berkshire CCG,11/30/2018,C&M-GMS Other Baseline Adjustment,PRC DELEGATED CO-COMMISSIONING,BINFIELD SURGERY,24799075,375.06 ,,BE000030029,,
Department of Health,NHS East Berkshire CCG,11/30/2018,C&M-GMS Other FDR Payment,PRC DELEGATED CO-COMMISSIONING,BINFIELD SURGERY,24799075,"8,317.24 ",,BE000030029,,
Department of Health,NHS East Berkshire CCG,11/30/2018,C&M-GMS Prem Notional Rent,PRC DELEGATED CO-COMMISSIONING,BINFIELD SURGERY,24799075,"4,941.67 ",,BE000030029,,
Department of Health,NHS East Berkshire CCG,11/30/2018,C&M-GMS QOF Aspiration,PRC DELEGATED CO-COMMISSIONING,BINFIELD SURGERY,24799075,"5,276.42 ",,BE000030029,,
Department of Health,NHS East Berkshire CCG,11/30/2018,C&M-GMS Global Sum,PRC DELEGATED CO-COMMISSIONING,CLARENCE MEDICAL CENTRE,24799078,"90,822.45 ",,BE000030034,,
Department of Health,NHS East Berkshire CCG,11/30/2018,C&M-GMS MPIG Correction Factor,PRC DELEGATED CO-COMMISSIONING,CLARENCE MEDICAL CENTRE,24799078,"3,752.04 ",,BE000030034,,
Department of Health,NHS East Berkshire CCG,11/30/2018,C&M-GMS Prem Actual Rent,PRC DELEGATED CO-COMMISSIONING,CLARENCE MEDICAL CENTRE,24799078,"2,125.00 ",,BE000030034,,
Department of Health,NHS East Berkshire CCG,11/30/2018,C&M-GMS Prem Notional Rent,PRC DELEGATED CO-COMMISSIONING,CLARENCE MEDICAL CENTRE,24799078,"7,561.67 ",,BE000030034,,
Department of Health,NHS East Berkshire CCG,11/30/2018,C&M-GMS QOF Aspiration,PRC DELEGATED CO-COMMISSIONING,CLARENCE MEDICAL CENTRE,24799078,"6,483.23 ",,BE000030034,,
Department of Health,NHS East Berkshire CCG,11/30/2018,C&M-GMS Global Sum,PRC DELEGATED CO-COMMISSIONING,CEDARS SURGERY MAIDENHEAD,24799080,"70,916.37 ",,BE000030036,,
Department of Health,NHS East Berkshire CCG,11/30/2018,C&M-GMS MPIG Correction Factor,PRC DELEGATED CO-COMMISSIONING,CEDARS SURGERY MAIDENHEAD,24799080,"1,319.44 ",,BE000030036,,
Department of Health,NHS East Berkshire CCG,11/30/2018,C&M-GMS Prem Actual Rent,PRC DELEGATED CO-COMMISSIONING,CEDARS SURGERY MAIDENHEAD,24799080,"13,400.00 ",,BE000030036,,
Department of Health,NHS East Berkshire CCG,11/30/2018,C&M-GMS QOF Aspiration,PRC DELEGATED CO-COMMISSIONING,CEDARS SURGERY MAIDENHEAD,24799080,"7,037.37 ",,BE000030036,,
Department of Health,NHS East Berkshire CCG,11/30/2018,C&M-GMS DES Learn Dsblty Hlth Chk,PRC DELEGATED CO-COMMISSIONING,COOKHAM MEDICAL CENTRE,24799082,140.00 ,,BE000030038,,
Department of Health,NHS East Berkshire CCG,11/30/2018,C&M-GMS Global Sum,PRC DELEGATED CO-COMMISSIONING,COOKHAM MEDICAL CENTRE,24799082,"55,779.43 ",,BE000030038,,
Department of Health,NHS East Berkshire CCG,11/30/2018,C&M-GMS Other Baseline Adjustment,PRC DELEGATED CO-COMMISSIONING,COOKHAM MEDICAL CENTRE,24799082,283.07 ,,BE000030038,,
Department of Health,NHS East Berkshire CCG,11/30/2018,C&M-GMS Other FDR Payment,PRC DELEGATED CO-COMMISSIONING,COOKHAM MEDICAL CENTRE,24799082,"3,135.57 ",,BE000030038,,
Department of Health,NHS East Berkshire CCG,11/30/2018,C&M-GMS Prem Notional Rent,PRC DELEGATED CO-COMMISSIONING,COOKHAM MEDICAL CENTRE,24799082,"7,858.33 ",,BE000030038,,
Department of Health,NHS East Berkshire CCG,11/30/2018,C&M-GMS QOF Aspiration,PRC DELEGATED CO-COMMISSIONING,COOKHAM MEDICAL CENTRE,24799082,"5,718.50 ",,BE000030038,,
Department of Health,NHS East Berkshire CCG,11/30/2018,C&M-GMS Global Sum,PRC DELEGATED CO-COMMISSIONING,DATCHET HEALTH CENTRE,24799086,"71,579.06 ",,BE000030042,,
Department of Health,NHS East Berkshire CCG,11/30/2018,C&M-GMS MPIG Correction Factor,PRC DELEGATED CO-COMMISSIONING,DATCHET HEALTH CENTRE,24799086,262.32 ,,BE000030042,,
Department of Health,NHS East Berkshire CCG,11/30/2018,C&M-GMS PCO Other,PRC DELEGATED CO-COMMISSIONING,DATCHET HEALTH CENTRE,24799086,709.60 ,,BE000030042,,
Department of Health,NHS East Berkshire CCG,11/30/2018,C&M-GMS Prem Notional Rent,PRC DELEGATED CO-COMMISSIONING,DATCHET HEALTH CENTRE,24799086,"7,102.67 ",,BE000030042,,
Department of Health,NHS East Berkshire CCG,11/30/2018,C&M-GMS QOF Aspiration,PRC DELEGATED CO-COMMISSIONING,DATCHET HEALTH CENTRE,24799086,"7,524.42 ",,BE000030042,,
Department of Health,NHS East Berkshire CCG,11/30/2018,C&M-GMS Global Sum,PRC DELEGATED CO-COMMISSIONING,CROSBY HOUSE SURGERY,24799088,"75,858.22 ",,BE000030044,,
Department of Health,NHS East Berkshire CCG,11/30/2018,C&M-GMS Other Baseline Adjustment,PRC DELEGATED CO-COMMISSIONING,CROSBY HOUSE SURGERY,24799088,215.64 ,,BE000030044,,
Department of Health,NHS East Berkshire CCG,11/30/2018,C&M-GMS Other FDR Payment,PRC DELEGATED CO-COMMISSIONING,CROSBY HOUSE SURGERY,24799088,"9,339.40 ",,BE000030044,,
Department of Health,NHS East Berkshire CCG,11/30/2018,C&M-GMS Prem Notional Rent,PRC DELEGATED CO-COMMISSIONING,CROSBY HOUSE SURGERY,24799088,"3,550.00 ",,BE000030044,,
Department of Health,NHS East Berkshire CCG,11/30/2018,C&M-GMS QOF Aspiration,PRC DELEGATED CO-COMMISSIONING,CROSBY HOUSE SURGERY,24799088,"6,797.64 ",,BE000030044,,
Department of Health,NHS East Berkshire CCG,11/30/2018,C&M-GMS Global Sum,PRC DELEGATED CO-COMMISSIONING,CROWNWOOD MEDICAL CENTRE,24799089,"32,023.73 ",,BE000030045,,
Department of Health,NHS East Berkshire CCG,11/30/2018,C&M-GMS MPIG Correction Factor,PRC DELEGATED CO-COMMISSIONING,CROWNWOOD MEDICAL CENTRE,24799089,847.26 ,,BE000030045,,
Department of Health,NHS East Berkshire CCG,11/30/2018,C&M-GMS Prem Notional Rent,PRC DELEGATED CO-COMMISSIONING,CROWNWOOD MEDICAL CENTRE,24799089,"3,129.17 ",,BE000030045,,
Department of Health,NHS East Berkshire CCG,11/30/2018,C&M-GMS QOF Aspiration,PRC DELEGATED CO-COMMISSIONING,CROWNWOOD MEDICAL CENTRE,24799089,"2,779.30 ",,BE000030045,,
Department of Health,NHS East Berkshire CCG,11/30/2018,C&M-GMS DES Learn Dsblty Hlth Chk,PRC DELEGATED CO-COMMISSIONING,DR V SHARMA,24799090,980.00 ,,BE000030046,,
Department of Health,NHS East Berkshire CCG,11/30/2018,C&M-GMS Global Sum,PRC DELEGATED CO-COMMISSIONING,DR V SHARMA,24799090,"35,405.34 ",,BE000030046,,
Department of Health,NHS East Berkshire CCG,11/30/2018,C&M-GMS Other Baseline Adjustment,PRC DELEGATED CO-COMMISSIONING,DR V SHARMA,24799090,87.86 ,,BE000030046,,
Department of Health,NHS East Berkshire CCG,11/30/2018,C&M-GMS Other FDR Payment,PRC DELEGATED CO-COMMISSIONING,DR V SHARMA,24799090,"3,467.75 ",,BE000030046,,
Department of Health,NHS East Berkshire CCG,11/30/2018,C&M-GMS Prem Notional Rent,PRC DELEGATED CO-COMMISSIONING,DR V SHARMA,24799090,"1,500.00 ",,BE000030046,,
Department of Health,NHS East Berkshire CCG,11/30/2018,C&M-GMS QOF Aspiration,PRC DELEGATED CO-COMMISSIONING,DR V SHARMA,24799090,"3,029.27 ",,BE000030046,,
Department of Health,NHS East Berkshire CCG,11/30/2018,C&M-GMS Global Sum,PRC DELEGATED CO-COMMISSIONING,EVERGREEN PRACTICE,24799092,"28,378.46 ",,BE000030048,,
Department of Health,NHS East Berkshire CCG,11/30/2018,C&M-GMS MPIG Correction Factor,PRC DELEGATED CO-COMMISSIONING,EVERGREEN PRACTICE,24799092,"1,137.35 ",,BE000030048,,
Department of Health,NHS East Berkshire CCG,11/30/2018,C&M-GMS Prem Actual Rent,PRC DELEGATED CO-COMMISSIONING,EVERGREEN PRACTICE,24799092,764.63 ,,BE000030048,,
Department of Health,NHS East Berkshire CCG,11/30/2018,C&M-GMS QOF Aspiration,PRC DELEGATED CO-COMMISSIONING,EVERGREEN PRACTICE,24799092,"1,973.29 ",,BE000030048,,
Department of Health,NHS East Berkshire CCG,11/30/2018,C&M-GMS Global Sum,PRC DELEGATED CO-COMMISSIONING,EASTHAMPSTEAD SURGERY,24799094,"36,152.79 ",,BE000030050,,
Department of Health,NHS East Berkshire CCG,11/30/2018,C&M-GMS Prem Notional Rent,PRC DELEGATED CO-COMMISSIONING,EASTHAMPSTEAD SURGERY,24799094,"2,475.00 ",,BE000030050,,
Department of Health,NHS East Berkshire CCG,11/30/2018,C&M-GMS QOF Aspiration,PRC DELEGATED CO-COMMISSIONING,EASTHAMPSTEAD SURGERY,24799094,"3,123.97 ",,BE000030050,,
Department of Health,NHS East Berkshire CCG,11/30/2018,C&M-GMS DES Learn Dsblty Hlth Chk,PRC DELEGATED CO-COMMISSIONING,FOREST END MEDICAL CENTRE,24799096,280.00 ,,BE000030052,,
Department of Health,NHS East Berkshire CCG,11/30/2018,C&M-GMS Global Sum,PRC DELEGATED CO-COMMISSIONING,FOREST END MEDICAL CENTRE,24799096,"130,689.05 ",,BE000030052,,
Department of Health,NHS East Berkshire CCG,11/30/2018,C&M-GMS MPIG Correction Factor,PRC DELEGATED CO-COMMISSIONING,FOREST END MEDICAL CENTRE,24799096,"2,261.27 ",,BE000030052,,
Department of Health,NHS East Berkshire CCG,11/30/2018,C&M-GMS PCO Other,PRC DELEGATED CO-COMMISSIONING,FOREST END MEDICAL CENTRE,24799096,811.03 ,,BE000030052,,
Department of Health,NHS East Berkshire CCG,11/30/2018,C&M-GMS Prem Actual Rent,PRC DELEGATED CO-COMMISSIONING,FOREST END MEDICAL CENTRE,24799096,"6,748.15 ",,BE000030052,,
Department of Health,NHS East Berkshire CCG,11/30/2018,C&M-GMS QOF Aspiration,PRC DELEGATED CO-COMMISSIONING,FOREST END MEDICAL CENTRE,24799096,"7,671.23 ",,BE000030052,,
Department of Health,NHS East Berkshire CCG,11/30/2018,ME-GMS GP Prior Year EEs,PRC DELEGATED CO-COMMISSIONING,FOREST END MEDICAL CENTRE,24799096,"1,030.00 ",,BE000030052,,
Department of Health,NHS East Berkshire CCG,11/30/2018,C&M-GMS Global Sum,PRC DELEGATED CO-COMMISSIONING,GRASSMERE AVENUE SURGERY,24799098,"31,923.84 ",,BE000030054,,
Department of Health,NHS East Berkshire CCG,11/30/2018,C&M-GMS Other Baseline Adjustment,PRC DELEGATED CO-COMMISSIONING,GRASSMERE AVENUE SURGERY,24799098,210.58 ,,BE000030054,,
Department of Health,NHS East Berkshire CCG,11/30/2018,C&M-GMS Other FDR Payment,PRC DELEGATED CO-COMMISSIONING,GRASSMERE AVENUE SURGERY,24799098,"3,692.17 ",,BE000030054,,
Department of Health,NHS East Berkshire CCG,11/30/2018,C&M-GMS Prem Notional Rent,PRC DELEGATED CO-COMMISSIONING,GRASSMERE AVENUE SURGERY,24799098,"2,500.00 ",,BE000030054,,
Department of Health,NHS East Berkshire CCG,11/30/2018,C&M-GMS QOF Aspiration,PRC DELEGATED CO-COMMISSIONING,GRASSMERE AVENUE SURGERY,24799098,"3,466.26 ",,BE000030054,,
Department of Health,NHS East Berkshire CCG,11/30/2018,C&M-GMS Global Sum,PRC DELEGATED CO-COMMISSIONING,GREAT HOLLANDS PRACTICE,24799099,"26,840.49 ",,BE000030055,,
Department of Health,NHS East Berkshire CCG,11/30/2018,C&M-GMS MPIG Correction Factor,PRC DELEGATED CO-COMMISSIONING,GREAT HOLLANDS PRACTICE,24799099,458.50 ,,BE000030055,,
Department of Health,NHS East Berkshire CCG,11/30/2018,C&M-GMS Prem Actual Rent,PRC DELEGATED CO-COMMISSIONING,GREAT HOLLANDS PRACTICE,24799099,"1,125.00 ",,BE000030055,,
Department of Health,NHS East Berkshire CCG,11/30/2018,C&M-GMS QOF Aspiration,PRC DELEGATED CO-COMMISSIONING,GREAT HOLLANDS PRACTICE,24799099,"2,085.39 ",,BE000030055,,
Department of Health,NHS East Berkshire CCG,11/30/2018,C&M-GMS Global Sum,PRC DELEGATED CO-COMMISSIONING,GREEN MEADOWS SURGERY,24799101,"73,815.79 ",,BE000030057,,
Department of Health,NHS East Berkshire CCG,11/30/2018,C&M-GMS MPIG Correction Factor,PRC DELEGATED CO-COMMISSIONING,GREEN MEADOWS SURGERY,24799101,98.00 ,,BE000030057,,
Department of Health,NHS East Berkshire CCG,11/30/2018,C&M-GMS Prem Notional Rent,PRC DELEGATED CO-COMMISSIONING,GREEN MEADOWS SURGERY,24799101,"8,262.50 ",,BE000030057,,
Department of Health,NHS East Berkshire CCG,11/30/2018,C&M-GMS QOF Aspiration,PRC DELEGATED CO-COMMISSIONING,GREEN MEADOWS SURGERY,24799101,"7,407.92 ",,BE000030057,,
Department of Health,NHS East Berkshire CCG,11/30/2018,C&M-GMS Global Sum,PRC DELEGATED CO-COMMISSIONING,HERSCHEL MEDICAL CENTRE,24799103,"102,159.02 ",,BE000030059,,
Department of Health,NHS East Berkshire CCG,11/30/2018,C&M-GMS Other Baseline Adjustment,PRC DELEGATED CO-COMMISSIONING,HERSCHEL MEDICAL CENTRE,24799103,465.03 ,,BE000030059,,
Department of Health,NHS East Berkshire CCG,11/30/2018,C&M-GMS Other FDR Payment,PRC DELEGATED CO-COMMISSIONING,HERSCHEL MEDICAL CENTRE,24799103,"6,249.52 ",,BE000030059,,
Department of Health,NHS East Berkshire CCG,11/30/2018,C&M-GMS Prem Notional Rent,PRC DELEGATED CO-COMMISSIONING,HERSCHEL MEDICAL CENTRE,24799103,"10,562.50 ",,BE000030059,,
Department of Health,NHS East Berkshire CCG,11/30/2018,C&M-GMS QOF Aspiration,PRC DELEGATED CO-COMMISSIONING,HERSCHEL MEDICAL CENTRE,24799103,"9,469.93 ",,BE000030059,,
Department of Health,NHS East Berkshire CCG,11/30/2018,C&M-GMS Global Sum,PRC DELEGATED CO-COMMISSIONING,HEATH HILL SURGERY,24799105,"51,697.56 ",,BE000030061,,
Department of Health,NHS East Berkshire CCG,11/30/2018,C&M-GMS Prem Actual Rent,PRC DELEGATED CO-COMMISSIONING,HEATH HILL SURGERY,24799105,"5,275.00 ",,BE000030061,,
Department of Health,NHS East Berkshire CCG,11/30/2018,C&M-GMS QOF Aspiration,PRC DELEGATED CO-COMMISSIONING,HEATH HILL SURGERY,24799105,"5,411.30 ",,BE000030061,,
Department of Health,NHS East Berkshire CCG,11/30/2018,C&M-GMS Global Sum,PRC DELEGATED CO-COMMISSIONING,LANGLEY HEALTH CENTRE,24799107,"127,412.03 ",,BE000030065,,
Department of Health,NHS East Berkshire CCG,11/30/2018,C&M-GMS Prem Notional Rent,PRC DELEGATED CO-COMMISSIONING,LANGLEY HEALTH CENTRE,24799107,"9,583.33 ",,BE000030065,,
Department of Health,NHS East Berkshire CCG,11/30/2018,C&M-GMS QOF Aspiration,PRC DELEGATED CO-COMMISSIONING,LANGLEY HEALTH CENTRE,24799107,"11,783.66 ",,BE000030065,,
Department of Health,NHS East Berkshire CCG,11/30/2018,C&M-GMS Global Sum,PRC DELEGATED CO-COMMISSIONING,KINGS CORNER SURGERY,24799109,"50,996.89 ",,BE000030067,,
Department of Health,NHS East Berkshire CCG,11/30/2018,C&M-GMS MPIG Correction Factor,PRC DELEGATED CO-COMMISSIONING,KINGS CORNER SURGERY,24799109,"1,507.10 ",,BE000030067,,
Department of Health,NHS East Berkshire CCG,11/30/2018,C&M-GMS PCO Other,PRC DELEGATED CO-COMMISSIONING,KINGS CORNER SURGERY,24799109,544.17 ,,BE000030067,,
Department of Health,NHS East Berkshire CCG,11/30/2018,C&M-GMS Prem Notional Rent,PRC DELEGATED CO-COMMISSIONING,KINGS CORNER SURGERY,24799109,"4,575.00 ",,BE000030067,,
Department of Health,NHS East Berkshire CCG,11/30/2018,C&M-GMS QOF Aspiration,PRC DELEGATED CO-COMMISSIONING,KINGS CORNER SURGERY,24799109,"4,421.45 ",,BE000030067,,
Department of Health,NHS East Berkshire CCG,11/30/2018,C&M-GMS Global Sum,PRC DELEGATED CO-COMMISSIONING,LINDEN MEDICAL CENTRE MAIDENHEAD,24799111,"68,624.02 ",,BE000030069,,
Department of Health,NHS East Berkshire CCG,11/30/2018,C&M-GMS MPIG Correction Factor,PRC DELEGATED CO-COMMISSIONING,LINDEN MEDICAL CENTRE MAIDENHEAD,24799111,979.83 ,,BE000030069,,
Department of Health,NHS East Berkshire CCG,11/30/2018,C&M-GMS Prem Actual Rent,PRC DELEGATED CO-COMMISSIONING,LINDEN MEDICAL CENTRE MAIDENHEAD,24799111,"7,083.33 ",,BE000030069,,
Department of Health,NHS East Berkshire CCG,11/30/2018,C&M-GMS QOF Aspiration,PRC DELEGATED CO-COMMISSIONING,LINDEN MEDICAL CENTRE MAIDENHEAD,24799111,"6,510.69 ",,BE000030069,,
Department of Health,NHS East Berkshire CCG,11/30/2018,C&M-GMS Global Sum,PRC DELEGATED CO-COMMISSIONING,MAGNOLIA HOUSE SURGERY,24799113,"63,651.80 ",,BE000030071,,
Department of Health,NHS East Berkshire CCG,11/30/2018,C&M-GMS MPIG Correction Factor,PRC DELEGATED CO-COMMISSIONING,MAGNOLIA HOUSE SURGERY,24799113,"1,017.86 ",,BE000030071,,
Department of Health,NHS East Berkshire CCG,11/30/2018,C&M-GMS Prem Notional Rent,PRC DELEGATED CO-COMMISSIONING,MAGNOLIA HOUSE SURGERY,24799113,"5,158.33 ",,BE000030071,,
Department of Health,NHS East Berkshire CCG,11/30/2018,C&M-GMS QOF Aspiration,PRC DELEGATED CO-COMMISSIONING,MAGNOLIA HOUSE SURGERY,24799113,"6,282.37 ",,BE000030071,,
Department of Health,NHS East Berkshire CCG,11/30/2018,C&M-GMS Global Sum,PRC DELEGATED CO-COMMISSIONING,ORCHARD SURGERY LANGLEY,24799115,"54,944.75 ",,BE000030073,,
Department of Health,NHS East Berkshire CCG,11/30/2018,C&M-GMS MPIG Correction Factor,PRC DELEGATED CO-COMMISSIONING,ORCHARD SURGERY LANGLEY,24799115,"1,937.90 ",,BE000030073,,
Department of Health,NHS East Berkshire CCG,11/30/2018,C&M-GMS Prem Actual Rent,PRC DELEGATED CO-COMMISSIONING,ORCHARD SURGERY LANGLEY,24799115,"6,597.50 ",,BE000030073,,
Department of Health,NHS East Berkshire CCG,11/30/2018,C&M-GMS QOF Aspiration,PRC DELEGATED CO-COMMISSIONING,ORCHARD SURGERY LANGLEY,24799115,"4,617.57 ",,BE000030073,,
Department of Health,NHS East Berkshire CCG,11/30/2018,C&M-GMS Global Sum,PRC DELEGATED CO-COMMISSIONING,RAGSTONE ROAD SURGERY,24799116,"24,460.35 ",,BE000030074,,
Department of Health,NHS East Berkshire CCG,11/30/2018,C&M-GMS Prem Cost Rent,PRC DELEGATED CO-COMMISSIONING,RAGSTONE ROAD SURGERY,24799116,"2,102.08 ",,BE000030074,,
Department of Health,NHS East Berkshire CCG,11/30/2018,C&M-GMS QOF Aspiration,PRC DELEGATED CO-COMMISSIONING,RAGSTONE ROAD SURGERY,24799116,"2,192.35 ",,BE000030074,,
Department of Health,NHS East Berkshire CCG,11/30/2018,C&M-GMS Global Sum,PRC DELEGATED CO-COMMISSIONING,REDWOOD HOUSE SURGERY,24799118,"41,926.77 ",,BE000030076,,
Department of Health,NHS East Berkshire CCG,11/30/2018,C&M-GMS MPIG Correction Factor,PRC DELEGATED CO-COMMISSIONING,REDWOOD HOUSE SURGERY,24799118,415.25 ,,BE000030076,,
Department of Health,NHS East Berkshire CCG,11/30/2018,C&M-GMS Prem Notional Rent,PRC DELEGATED CO-COMMISSIONING,REDWOOD HOUSE SURGERY,24799118,"2,416.67 ",,BE000030076,,
Department of Health,NHS East Berkshire CCG,11/30/2018,C&M-GMS QOF Aspiration,PRC DELEGATED CO-COMMISSIONING,REDWOOD HOUSE SURGERY,24799118,"3,712.75 ",,BE000030076,,
Department of Health,NHS East Berkshire CCG,11/30/2018,C&M-GMS Global Sum,PRC DELEGATED CO-COMMISSIONING,ROSS ROAD MEDICAL CENTRE,24799121,"20,171.47 ",,BE000030080,,
Department of Health,NHS East Berkshire CCG,11/30/2018,C&M-GMS MPIG Correction Factor,PRC DELEGATED CO-COMMISSIONING,ROSS ROAD MEDICAL CENTRE,24799121,"1,046.80 ",,BE000030080,,
Department of Health,NHS East Berkshire CCG,11/30/2018,C&M-GMS Prem Actual Rent,PRC DELEGATED CO-COMMISSIONING,ROSS ROAD MEDICAL CENTRE,24799121,"2,041.67 ",,BE000030080,,
Department of Health,NHS East Berkshire CCG,11/30/2018,C&M-GMS QOF Aspiration,PRC DELEGATED CO-COMMISSIONING,ROSS ROAD MEDICAL CENTRE,24799121,"1,947.50 ",,BE000030080,,
Department of Health,NHS East Berkshire CCG,11/30/2018,ME - GMS GP Prior Year ERs,PRC DELEGATED CO-COMMISSIONING,ROSS ROAD MEDICAL CENTRE,24799121,"2,052.17 ",,BE000030080,,
Department of Health,NHS East Berkshire CCG,11/30/2018,C&M-GMS Global Sum,PRC DELEGATED CO-COMMISSIONING,RINGMEAD MEDICAL PRACTICE,24799123,"105,427.16 ",,BE000030082,,
Department of Health,NHS East Berkshire CCG,11/30/2018,C&M-GMS MPIG Correction Factor,PRC DELEGATED CO-COMMISSIONING,RINGMEAD MEDICAL PRACTICE,24799123,"1,476.02 ",,BE000030082,,
Department of Health,NHS East Berkshire CCG,11/30/2018,C&M-GMS PCO Other,PRC DELEGATED CO-COMMISSIONING,RINGMEAD MEDICAL PRACTICE,24799123,"1,065.23 ",,BE000030082,,
Department of Health,NHS East Berkshire CCG,11/30/2018,C&M-GMS Prem Actual Rent,PRC DELEGATED CO-COMMISSIONING,RINGMEAD MEDICAL PRACTICE,24799123,"3,381.00 ",,BE000030082,,
Department of Health,NHS East Berkshire CCG,11/30/2018,C&M-GMS Prem Notional Rent,PRC DELEGATED CO-COMMISSIONING,RINGMEAD MEDICAL PRACTICE,24799123,"5,564.58 ",,BE000030082,,
Department of Health,NHS East Berkshire CCG,11/30/2018,C&M-GMS QOF Aspiration,PRC DELEGATED CO-COMMISSIONING,RINGMEAD MEDICAL PRACTICE,24799123,"11,661.07 ",,BE000030082,,
Department of Health,NHS East Berkshire CCG,11/30/2018,ME - GMS TPS Added Years Adj EEs,PRC DELEGATED CO-COMMISSIONING,SANDHURST GROUP PRACTICE,24799124,(334.91),,BE000030083,,
Department of Health,NHS East Berkshire CCG,11/30/2018,ME-GMS GP Pension EEs,PRC DELEGATED CO-COMMISSIONING,SANDHURST GROUP PRACTICE,24799124,"(12,741.68)",,BE000030083,,
Department of Health,NHS East Berkshire CCG,11/30/2018,ME-GMS GP Pension ERs Adjustments,PRC DELEGATED CO-COMMISSIONING,SANDHURST GROUP PRACTICE,24799124,"(13,745.58)",,BE000030083,,
Department of Health,NHS East Berkshire CCG,11/30/2018,C&M-GMS DES Learn Dsblty Hlth Chk,PRC DELEGATED CO-COMMISSIONING,SOUTH MEADOW SURGERY,24799126,812.00 ,,BE000030088,,
Department of Health,NHS East Berkshire CCG,11/30/2018,C&M-GMS Global Sum,PRC DELEGATED CO-COMMISSIONING,SOUTH MEADOW SURGERY,24799126,"89,318.18 ",,BE000030088,,
Department of Health,NHS East Berkshire CCG,11/30/2018,C&M-GMS MPIG Correction Factor,PRC DELEGATED CO-COMMISSIONING,SOUTH MEADOW SURGERY,24799126,730.86 ,,BE000030088,,
Department of Health,NHS East Berkshire CCG,11/30/2018,C&M-GMS Prem Actual Rent,PRC DELEGATED CO-COMMISSIONING,SOUTH MEADOW SURGERY,24799126,"3,750.00 ",,BE000030088,,
Department of Health,NHS East Berkshire CCG,11/30/2018,C&M-GMS Prem Notional Rent,PRC DELEGATED CO-COMMISSIONING,SOUTH MEADOW SURGERY,24799126,"8,804.17 ",,BE000030088,,
Department of Health,NHS East Berkshire CCG,11/30/2018,C&M-GMS QOF Aspiration,PRC DELEGATED CO-COMMISSIONING,SOUTH MEADOW SURGERY,24799126,"9,318.14 ",,BE000030088,,
Department of Health,NHS East Berkshire CCG,11/30/2018,ME - GMS GP Prior Year ERs,PRC DELEGATED CO-COMMISSIONING,SOUTH MEADOW SURGERY,24799126,"3,078.53 ",,BE000030088,,
Department of Health,NHS East Berkshire CCG,11/30/2018,ME-GMS GP Pension EEs Adjustments,PRC DELEGATED CO-COMMISSIONING,SOUTH MEADOW SURGERY,24799126,"1,422.10 ",,BE000030088,,
Department of Health,NHS East Berkshire CCG,11/30/2018,ME-GMS GP Pension ERs Adjustments,PRC DELEGATED CO-COMMISSIONING,SOUTH MEADOW SURGERY,24799126,"2,198.95 ",,BE000030088,,
Department of Health,NHS East Berkshire CCG,11/30/2018,ME-GMS GP Prior Year EEs,PRC DELEGATED CO-COMMISSIONING,SOUTH MEADOW SURGERY,24799126,"1,990.94 ",,BE000030088,,
Department of Health,NHS East Berkshire CCG,11/30/2018,C&M-GMS Global Sum,PRC DELEGATED CO-COMMISSIONING,SHEET STREET SURGERY,24799128,"69,408.04 ",,BE000030090,,
Department of Health,NHS East Berkshire CCG,11/30/2018,C&M-GMS MPIG Correction Factor,PRC DELEGATED CO-COMMISSIONING,SHEET STREET SURGERY,24799128,236.66 ,,BE000030090,,
Department of Health,NHS East Berkshire CCG,11/30/2018,C&M-GMS Prem Actual Rent,PRC DELEGATED CO-COMMISSIONING,SHEET STREET SURGERY,24799128,"5,062.50 ",,BE000030090,,
Department of Health,NHS East Berkshire CCG,11/30/2018,C&M-GMS QOF Aspiration,PRC DELEGATED CO-COMMISSIONING,SHEET STREET SURGERY,24799128,"5,954.37 ",,BE000030090,,
Department of Health,NHS East Berkshire CCG,11/30/2018,C&M-GMS Global Sum,PRC DELEGATED CO-COMMISSIONING,SHREEJI MEDICAL CENTRE,24799130,"40,910.02 ",,BE000030092,,
Department of Health,NHS East Berkshire CCG,11/30/2018,C&M-GMS Other Baseline Adjustment,PRC DELEGATED CO-COMMISSIONING,SHREEJI MEDICAL CENTRE,24799130,604.17 ,,BE000030092,,
Department of Health,NHS East Berkshire CCG,11/30/2018,C&M-GMS Other FDR Payment,PRC DELEGATED CO-COMMISSIONING,SHREEJI MEDICAL CENTRE,24799130,"4,884.58 ",,BE000030092,,
Department of Health,NHS East Berkshire CCG,11/30/2018,C&M-GMS Prem Notional Rent,PRC DELEGATED CO-COMMISSIONING,SHREEJI MEDICAL CENTRE,24799130,"3,866.67 ",,BE000030092,,
Department of Health,NHS East Berkshire CCG,11/30/2018,C&M-GMS QOF Aspiration,PRC DELEGATED CO-COMMISSIONING,SHREEJI MEDICAL CENTRE,24799130,"4,040.84 ",,BE000030092,,
Department of Health,NHS East Berkshire CCG,11/30/2018,C&M-GMS DES Learn Dsblty Hlth Chk,PRC DELEGATED CO-COMMISSIONING,SYMONS MEDICAL CENTRE,24799131,"4,760.00 ",,BE000030094,,
Department of Health,NHS East Berkshire CCG,11/30/2018,C&M-GMS Global Sum,PRC DELEGATED CO-COMMISSIONING,SYMONS MEDICAL CENTRE,24799131,"80,887.30 ",,BE000030094,,
Department of Health,NHS East Berkshire CCG,11/30/2018,C&M-GMS Other Baseline Adjustment,PRC DELEGATED CO-COMMISSIONING,SYMONS MEDICAL CENTRE,24799131,451.51 ,,BE000030094,,
Department of Health,NHS East Berkshire CCG,11/30/2018,C&M-GMS Other FDR Payment,PRC DELEGATED CO-COMMISSIONING,SYMONS MEDICAL CENTRE,24799131,"2,266.52 ",,BE000030094,,
Department of Health,NHS East Berkshire CCG,11/30/2018,C&M-GMS Prem Notional Rent,PRC DELEGATED CO-COMMISSIONING,SYMONS MEDICAL CENTRE,24799131,"6,966.67 ",,BE000030094,,
Department of Health,NHS East Berkshire CCG,11/30/2018,C&M-GMS QOF Aspiration,PRC DELEGATED CO-COMMISSIONING,SYMONS MEDICAL CENTRE,24799131,"8,416.24 ",,BE000030094,,
Department of Health,NHS East Berkshire CCG,11/30/2018,C&M-GMS Global Sum,PRC DELEGATED CO-COMMISSIONING,VILLAGE MEDICAL CENTRE SLOUGH,24799133,"74,473.96 ",,BE000030096,,
Department of Health,NHS East Berkshire CCG,11/30/2018,C&M-GMS Other Baseline Adjustment,PRC DELEGATED CO-COMMISSIONING,VILLAGE MEDICAL CENTRE SLOUGH,24799133,279.71 ,,BE000030096,,
Department of Health,NHS East Berkshire CCG,11/30/2018,C&M-GMS Other FDR Payment,PRC DELEGATED CO-COMMISSIONING,VILLAGE MEDICAL CENTRE SLOUGH,24799133,"8,403.89 ",,BE000030096,,
Department of Health,NHS East Berkshire CCG,11/30/2018,C&M-GMS Prem Actual Rent,PRC DELEGATED CO-COMMISSIONING,VILLAGE MEDICAL CENTRE SLOUGH,24799133,"2,791.66 ",,BE000030096,,
Department of Health,NHS East Berkshire CCG,11/30/2018,C&M-GMS Prem Notional Rent,PRC DELEGATED CO-COMMISSIONING,VILLAGE MEDICAL CENTRE SLOUGH,24799133,"4,990.50 ",,BE000030096,,
Department of Health,NHS East Berkshire CCG,11/30/2018,C&M-GMS QOF Aspiration,PRC DELEGATED CO-COMMISSIONING,VILLAGE MEDICAL CENTRE SLOUGH,24799133,"5,720.59 ",,BE000030096,,
Department of Health,NHS East Berkshire CCG,11/30/2018,ME-GMS GP Pension EEs Adjustments,PRC DELEGATED CO-COMMISSIONING,VILLAGE MEDICAL CENTRE SLOUGH,24799133,"2,054.17 ",,BE000030096,,
Department of Health,NHS East Berkshire CCG,11/30/2018,ME-GMS GP Pension ERs Adjustments,PRC DELEGATED CO-COMMISSIONING,VILLAGE MEDICAL CENTRE SLOUGH,24799133,"2,037.17 ",,BE000030096,,
Department of Health,NHS East Berkshire CCG,11/30/2018,C&M-GMS Global Sum,PRC DELEGATED CO-COMMISSIONING,WEXHAM ROAD SURGERY,24799135,"27,871.99 ",,BE000030098,,
Department of Health,NHS East Berkshire CCG,11/30/2018,C&M-GMS Other Baseline Adjustment,PRC DELEGATED CO-COMMISSIONING,WEXHAM ROAD SURGERY,24799135,189.93 ,,BE000030098,,
Department of Health,NHS East Berkshire CCG,11/30/2018,C&M-GMS Other FDR Payment,PRC DELEGATED CO-COMMISSIONING,WEXHAM ROAD SURGERY,24799135,"2,300.91 ",,BE000030098,,
Department of Health,NHS East Berkshire CCG,11/30/2018,C&M-GMS PCO Other,PRC DELEGATED CO-COMMISSIONING,WEXHAM ROAD SURGERY,24799135,"1,778.40 ",,BE000030098,,
Department of Health,NHS East Berkshire CCG,11/30/2018,C&M-GMS Prem Notional Rent,PRC DELEGATED CO-COMMISSIONING,WEXHAM ROAD SURGERY,24799135,"1,400.00 ",,BE000030098,,
Department of Health,NHS East Berkshire CCG,11/30/2018,C&M-GMS QOF Aspiration,PRC DELEGATED CO-COMMISSIONING,WEXHAM ROAD SURGERY,24799135,"2,933.21 ",,BE000030098,,
Department of Health,NHS East Berkshire CCG,11/30/2018,C&M-GMS DES Learn Dsblty Hlth Chk,PRC DELEGATED CO-COMMISSIONING,WARFIELD GREEN MEDICAL CENTRE,24799137,140.00 ,,BE000030100,,
Department of Health,NHS East Berkshire CCG,11/30/2018,C&M-GMS Global Sum,PRC DELEGATED CO-COMMISSIONING,WARFIELD GREEN MEDICAL CENTRE,24799137,"63,363.84 ",,BE000030100,,
Department of Health,NHS East Berkshire CCG,11/30/2018,C&M-GMS MPIG Correction Factor,PRC DELEGATED CO-COMMISSIONING,WARFIELD GREEN MEDICAL CENTRE,24799137,"1,234.38 ",,BE000030100,,
Department of Health,NHS East Berkshire CCG,11/30/2018,C&M-GMS Prem Notional Rent,PRC DELEGATED CO-COMMISSIONING,WARFIELD GREEN MEDICAL CENTRE,24799137,"5,466.67 ",,BE000030100,,
Department of Health,NHS East Berkshire CCG,11/30/2018,C&M-GMS QOF Aspiration,PRC DELEGATED CO-COMMISSIONING,WARFIELD GREEN MEDICAL CENTRE,24799137,"6,763.21 ",,BE000030100,,
Department of Health,NHS East Berkshire CCG,11/30/2018,C&M-GMS Global Sum,PRC DELEGATED CO-COMMISSIONING,WATERFIELD PRACTICE,24799139,"88,328.19 ",,BE000030102,,
Department of Health,NHS East Berkshire CCG,11/30/2018,C&M-GMS MPIG Correction Factor,PRC DELEGATED CO-COMMISSIONING,WATERFIELD PRACTICE,24799139,"1,577.80 ",,BE000030102,,
Department of Health,NHS East Berkshire CCG,11/30/2018,C&M-GMS Prem Cost Rent,PRC DELEGATED CO-COMMISSIONING,WATERFIELD PRACTICE,24799139,"3,160.75 ",,BE000030102,,
Department of Health,NHS East Berkshire CCG,11/30/2018,C&M-GMS Prem Notional Rent,PRC DELEGATED CO-COMMISSIONING,WATERFIELD PRACTICE,24799139,"6,854.17 ",,BE000030102,,
Department of Health,NHS East Berkshire CCG,11/30/2018,C&M-GMS QOF Aspiration,PRC DELEGATED CO-COMMISSIONING,WATERFIELD PRACTICE,24799139,"7,909.11 ",,BE000030102,,
Department of Health,NHS East Berkshire CCG,11/30/2018,ME-GMS GP Prior Year EEs,PRC DELEGATED CO-COMMISSIONING,WATERFIELD PRACTICE,24799139,39.22 ,,BE000030102,,
Department of Health,NHS East Berkshire CCG,11/30/2018,C&M-GMS Global Sum,PRC DELEGATED CO-COMMISSIONING,WOODLANDS PARK SURGERY,24799141,"22,078.21 ",,BE000030104,,
Department of Health,NHS East Berkshire CCG,11/30/2018,C&M-GMS MPIG Correction Factor,PRC DELEGATED CO-COMMISSIONING,WOODLANDS PARK SURGERY,24799141,777.43 ,,BE000030104,,
Department of Health,NHS East Berkshire CCG,11/30/2018,C&M-GMS Prem Notional Rent,PRC DELEGATED CO-COMMISSIONING,WOODLANDS PARK SURGERY,24799141,"2,191.67 ",,BE000030104,,
Department of Health,NHS East Berkshire CCG,11/30/2018,C&M-GMS QOF Aspiration,PRC DELEGATED CO-COMMISSIONING,WOODLANDS PARK SURGERY,24799141,"2,055.62 ",,BE000030104,,
Department of Health,NHS East Berkshire CCG,11/30/2018,C&M-GMS Global Sum,PRC DELEGATED CO-COMMISSIONING,RADNOR HOUSE SURGERY & ASCOT MEDICAL CENTRE,24799143,"34,238.96 ",,BE000030106,,
Department of Health,NHS East Berkshire CCG,11/30/2018,C&M-GMS MPIG Correction Factor,PRC DELEGATED CO-COMMISSIONING,RADNOR HOUSE SURGERY & ASCOT MEDICAL CENTRE,24799143,"1,791.39 ",,BE000030106,,
Department of Health,NHS East Berkshire CCG,11/30/2018,C&M-GMS PCO Other,PRC DELEGATED CO-COMMISSIONING,RADNOR HOUSE SURGERY & ASCOT MEDICAL CENTRE,24799143,646.57 ,,BE000030106,,
Department of Health,NHS East Berkshire CCG,11/30/2018,C&M-GMS Prem Notional Rent,PRC DELEGATED CO-COMMISSIONING,RADNOR HOUSE SURGERY & ASCOT MEDICAL CENTRE,24799143,"2,308.33 ",,BE000030106,,
Department of Health,NHS East Berkshire CCG,11/30/2018,C&M-GMS QOF Aspiration,PRC DELEGATED CO-COMMISSIONING,RADNOR HOUSE SURGERY & ASCOT MEDICAL CENTRE,24799143,"3,272.46 ",,BE000030106,,
Department of Health,NHS East Berkshire CCG,11/30/2018,C&M-GMS DES Learn Dsblty Hlth Chk,PRC DELEGATED CO-COMMISSIONING,BHARANI MEDICAL CENTRE,24802700,"1,820.00 ",,BE000030027,,
Department of Health,NHS East Berkshire CCG,11/30/2018,C&M-GMS Global Sum,PRC DELEGATED CO-COMMISSIONING,BHARANI MEDICAL CENTRE,24802700,"85,117.38 ",,BE000030027,,
Department of Health,NHS East Berkshire CCG,11/30/2018,C&M-GMS Other Baseline Adjustment,PRC DELEGATED CO-COMMISSIONING,BHARANI MEDICAL CENTRE,24802700,"1,266.79 ",,BE000030027,,
Department of Health,NHS East Berkshire CCG,11/30/2018,C&M-GMS Other FDR Payment,PRC DELEGATED CO-COMMISSIONING,BHARANI MEDICAL CENTRE,24802700,"12,159.97 ",,BE000030027,,
Department of Health,NHS East Berkshire CCG,11/30/2018,C&M-GMS Prem Notional Rent,PRC DELEGATED CO-COMMISSIONING,BHARANI MEDICAL CENTRE,24802700,"17,331.50 ",,BE000030027,,
Department of Health,NHS East Berkshire CCG,11/30/2018,C&M-GMS QOF Aspiration,PRC DELEGATED CO-COMMISSIONING,BHARANI MEDICAL CENTRE,24802700,"8,166.74 ",,BE000030027,,
Department of Health,NHS East Berkshire CCG,11/30/2018,C&M-GMS Global Sum,PRC DELEGATED CO-COMMISSIONING,CLAREMONT AND HOLYPORT PRACTICE,24802703,"128,363.57 ",,BE000030032,,
Department of Health,NHS East Berkshire CCG,11/30/2018,C&M-GMS MPIG Correction Factor,PRC DELEGATED CO-COMMISSIONING,CLAREMONT AND HOLYPORT PRACTICE,24802703,993.02 ,,BE000030032,,
Department of Health,NHS East Berkshire CCG,11/30/2018,C&M-GMS PCO Seniority,PRC DELEGATED CO-COMMISSIONING,CLAREMONT AND HOLYPORT PRACTICE,24802703,818.12 ,,BE000030032,,
Department of Health,NHS East Berkshire CCG,11/30/2018,C&M-GMS Prem Notional Rent,PRC DELEGATED CO-COMMISSIONING,CLAREMONT AND HOLYPORT PRACTICE,24802703,"12,975.00 ",,BE000030032,,
Department of Health,NHS East Berkshire CCG,11/30/2018,C&M-GMS QOF Aspiration,PRC DELEGATED CO-COMMISSIONING,CLAREMONT AND HOLYPORT PRACTICE,24802703,"12,104.83 ",,BE000030032,,
Department of Health,NHS East Berkshire CCG,11/30/2018,C&M-GMS Global Sum,PRC DELEGATED CO-COMMISSIONING,RUNNYMEDE MEDICAL PRACTICE,24802707,"88,051.09 ",,BE000030086,,
Department of Health,NHS East Berkshire CCG,11/30/2018,C&M-GMS MPIG Correction Factor,PRC DELEGATED CO-COMMISSIONING,RUNNYMEDE MEDICAL PRACTICE,24802707,"1,159.54 ",,BE000030086,,
Department of Health,NHS East Berkshire CCG,11/30/2018,C&M-GMS PCO Other,PRC DELEGATED CO-COMMISSIONING,RUNNYMEDE MEDICAL PRACTICE,24802707,837.36 ,,BE000030086,,
Department of Health,NHS East Berkshire CCG,11/30/2018,C&M-GMS Prem Actual Rent,PRC DELEGATED CO-COMMISSIONING,RUNNYMEDE MEDICAL PRACTICE,24802707,"3,541.67 ",,BE000030086,,
Department of Health,NHS East Berkshire CCG,11/30/2018,C&M-GMS Prem Notional Rent,PRC DELEGATED CO-COMMISSIONING,RUNNYMEDE MEDICAL PRACTICE,24802707,"4,650.00 ",,BE000030086,,
Department of Health,NHS East Berkshire CCG,11/30/2018,C&M-GMS QOF Aspiration,PRC DELEGATED CO-COMMISSIONING,RUNNYMEDE MEDICAL PRACTICE,24802707,"8,940.76 ",,BE000030086,,
Department of Health,NHS East Berkshire CCG,11/30/2018,Hcare Srv Rec Fdtn Trust-Non Contract,NCAS/OATS,FRIMLEY HEALTH NHS FOUNDATION TRUST,24813544,"31,528.91 ",654922028,N0100429,,
Department of Health,NHS East Berkshire CCG,11/30/2018,Hcare Srv Rec Fdtn Trust-Non Contract,NCAS/OATS,FRIMLEY HEALTH NHS FOUNDATION TRUST,24813561,"38,807.73 ",654922028,N0100428,,
Department of Health,NHS East Berkshire CCG,11/30/2018,Hcare Srv Rec Fdtn Trust-Over/ Under Performance,COLLABORATIVE COMMISSIONING,ST GEORGES UNIVERSITY HOSPITALS NHS FOUNDATION TRUST,24813793,"(353,307.55)",GB654461922,6443337,,
Department of Health,NHS East Berkshire CCG,11/30/2018,Other professional fees,COLLABORATIVE COMMISSIONING,UNITED HEALTH UK,24813878,"40,000.00 ",108297604,0001097074,,
Department of Health,NHS East Berkshire CCG,11/30/2018,Clinical&Medical-Voluntary Sector,HOSPICES,THAMES HOSPICECARE,24813923,"33,665.17 ",GB237514509,181259,,
Department of Health,NHS East Berkshire CCG,11/30/2018,C&M-GMS Global Sum,PRC DELEGATED CO-COMMISSIONING,LEE HOUSE SURGERY,24824988,"46,176.78 ",,BE000030063,,
Department of Health,NHS East Berkshire CCG,11/30/2018,C&M-GMS MPIG Correction Factor,PRC DELEGATED CO-COMMISSIONING,LEE HOUSE SURGERY,24824988,828.36 ,,BE000030063,,
Department of Health,NHS East Berkshire CCG,11/30/2018,C&M-GMS Prem Actual Rent,PRC DELEGATED CO-COMMISSIONING,LEE HOUSE SURGERY,24824988,"5,153.15 ",,BE000030063,,
Department of Health,NHS East Berkshire CCG,11/30/2018,C&M-GMS QOF Aspiration,PRC DELEGATED CO-COMMISSIONING,LEE HOUSE SURGERY,24824988,"4,990.66 ",,BE000030063,,
Department of Health,NHS East Berkshire CCG,11/30/2018,ME - GMS GP Prior Year ERs,PRC DELEGATED CO-COMMISSIONING,LEE HOUSE SURGERY,24824988,"1,288.34 ",,BE000030063,,
Department of Health,NHS East Berkshire CCG,11/30/2018,C&M-GMS DES Learn Dsblty Hlth Chk,PRC DELEGATED CO-COMMISSIONING,ROSEMEAD SURGERY,24824989,280.00 ,,BE000030078,,
Department of Health,NHS East Berkshire CCG,11/30/2018,C&M-GMS Global Sum,PRC DELEGATED CO-COMMISSIONING,ROSEMEAD SURGERY,24824989,"47,883.47 ",,BE000030078,,
Department of Health,NHS East Berkshire CCG,11/30/2018,C&M-GMS MPIG Correction Factor,PRC DELEGATED CO-COMMISSIONING,ROSEMEAD SURGERY,24824989,256.10 ,,BE000030078,,
Department of Health,NHS East Berkshire CCG,11/30/2018,C&M-GMS PCO Doctors Ret Scheme,PRC DELEGATED CO-COMMISSIONING,ROSEMEAD SURGERY,24824989,"4,999.84 ",,BE000030078,,
Department of Health,NHS East Berkshire CCG,11/30/2018,C&M-GMS Prem Notional Rent,PRC DELEGATED CO-COMMISSIONING,ROSEMEAD SURGERY,24824989,"4,666.67 ",,BE000030078,,
Department of Health,NHS East Berkshire CCG,11/30/2018,C&M-GMS QOF Aspiration,PRC DELEGATED CO-COMMISSIONING,ROSEMEAD SURGERY,24824989,"5,424.04 ",,BE000030078,,
Department of Health,NHS East Berkshire CCG,11/30/2018,C&M-GMS DES Learn Dsblty Hlth Chk,PRC DELEGATED CO-COMMISSIONING,SANDHURST GROUP PRACTICE,24824990,280.00 ,,BE000030084,,
Department of Health,NHS East Berkshire CCG,11/30/2018,C&M-GMS Global Sum,PRC DELEGATED CO-COMMISSIONING,SANDHURST GROUP PRACTICE,24824990,"130,776.91 ",,BE000030084,,
Department of Health,NHS East Berkshire CCG,11/30/2018,C&M-GMS MPIG Correction Factor,PRC DELEGATED CO-COMMISSIONING,SANDHURST GROUP PRACTICE,24824990,"3,437.30 ",,BE000030084,,
Department of Health,NHS East Berkshire CCG,11/30/2018,C&M-GMS Prem Notional Rent,PRC DELEGATED CO-COMMISSIONING,SANDHURST GROUP PRACTICE,24824990,"13,958.33 ",,BE000030084,,
Department of Health,NHS East Berkshire CCG,11/30/2018,C&M-GMS QOF Aspiration,PRC DELEGATED CO-COMMISSIONING,SANDHURST GROUP PRACTICE,24824990,"12,459.19 ",,BE000030084,,
Department of Health,NHS East Berkshire CCG,11/30/2018,ME-GMS GP Pension EEs Adjustments,PRC DELEGATED CO-COMMISSIONING,SANDHURST GROUP PRACTICE,24824990,"6,750.00 ",,BE000030084,,
Department of Health,NHS East Berkshire CCG,11/30/2018,ME-GMS GP Pension ERs Adjustments,PRC DELEGATED CO-COMMISSIONING,SANDHURST GROUP PRACTICE,24824990,"7,189.98 ",,BE000030084,,
Department of Health,NHS East Berkshire CCG,11/30/2018,Other professional fees,COLLABORATIVE COMMISSIONING,UNITED HEALTH UK,24852847,"305,646.00 ",108297604,0001096020,,
Department of Health,NHS East Berkshire CCG,11/30/2018,Clinical&Medical-Independent Sector,NON RECURRENT PROGRAMMES,WINDSOR MEDICAL SERVICES LTD,24868138,"78,220.00 ",,1819GPFV3,,
Department of Health,NHS East Berkshire CCG,11/30/2018,Clinical&Medical-Drugs,MEDICINES MANAGEMENT - CLINICAL,FRIMLEY HEALTH NHS FOUNDATION TRUST,24887404,"62,790.00 ",654922028,N0102027,,
Department of Health,NHS East Berkshire CCG,11/30/2018,Clinical&Medical-Clinical Other,PRESCRIBING,AMCARE LTD,24887426,"116,356.28 ",763769971,OPI228380,,
Department of Health,NHS East Berkshire CCG,11/30/2018,Clinical&Medical-Clinical Other,GP FORWARD VIEW,DR MLH KUMAR & PARTNER T/A SOUTH CLUSTER BHARANI MEDICAL CENTRE,24887654,"51,957.00 ",,GPAFNOV2018,,
Department of Health,NHS East Berkshire CCG,11/30/2018,Clinical&Medical-Commercial Sector,GP FORWARD VIEW,EAST BERKSHIRE PRIMARY CARE(OOHS),24888077,"59,348.00 ",,14737,,
Department of Health,NHS East Berkshire CCG,11/30/2018,Cont Care-Learning Disab(<65),ADULT JOINT FUNDED CONTINUING CARE,ASTON CARE LTD,24888575,"89,725.00 ",,1803JD,,
Department of Health,NHS East Berkshire CCG,11/30/2018,C&M-GMS Cost of Drugs -Dispensing,LOCAL ENHANCED SERVICES,CLAREMONT AND HOLYPORT PRACTICE,24910231,"23,354.60 ",,BE000030229,,
Department of Health,NHS East Berkshire CCG,11/30/2018,C&M-GMS Prof Fees Dispensing,PRC DELEGATED CO-COMMISSIONING,CLAREMONT AND HOLYPORT PRACTICE,24910231,"5,494.37 ",,BE000030229,,
Department of Health,NHS East Berkshire CCG,11/30/2018,C&M-GMS PrscrptnChrgsColl&RmttdbyGP,LOCAL ENHANCED SERVICES,CLAREMONT AND HOLYPORT PRACTICE,24910231,8.80 ,,BE000030229,,
Department of Health,NHS East Berkshire CCG,11/30/2018,Clinical&Medical-Voluntary Sector,HOSPICES,THAMES HOSPICECARE,24919424,"209,792.83 ",GB237514509,181258,,
Department of Health,NHS East Berkshire CCG,11/30/2018,Cont Care-Learning Disab(<65),ADULT JOINT FUNDED CONTINUING CARE,BRACKNELL FOREST COUNCIL,24941212,"32,538.77 ",200330740,5647225,,
Department of Health,NHS East Berkshire CCG,11/30/2018,Clinical&Medical-Othe Public Sector,CARERS,BRACKNELL FOREST COUNCIL,24941328,"29,250.00 ",200330740,5648355,,
Department of Health,NHS East Berkshire CCG,11/30/2018,Cont Care-Funded Nursing Care Allow,FUNDED NURSING CARE,BUPA CARE HOMES,24941462,"25,124.75 ",239731641,STM013947TOSTM013983,,
Department of Health,NHS East Berkshire CCG,11/30/2018,Hcare Srv Rec Fdtn Trust-Prior Year,COLLABORATIVE COMMISSIONING,GUYS & ST THOMAS HOSPITAL NHS FOUNDATION TRUST,24970237,"123,403.00 ",654923417,3240159,,
Department of Health,NHS East Berkshire CCG,11/30/2018,Hcare Srv Rec Fdtn Trust-Over/ Under Performance,COLLABORATIVE COMMISSIONING,ROYAL BROMPTON & HAREFIELD NHS FOUNDATION TRUST,24970247,"42,347.88 ",654968091,S004836,,
Department of Health,NHS East Berkshire CCG,11/30/2018,Hcare Srv Rec Fdtn Trust-Over/ Under Performance,COLLABORATIVE COMMISSIONING,GREAT ORMOND STREET HOSPITAL FOR CHILDREN NHS FOUNDATION TRUST,24970257,"29,153.67 ",654922910,X0203093,,
Department of Health,NHS East Berkshire CCG,11/30/2018,Hcare Srv Rec Fdtn Trust-Contract Baseline,COLLABORATIVE COMMISSIONING,MOORFIELDS EYE HOSPITAL NHS FOUNDATION TRUST,24970287,"164,853.00 ",654930716,IC0035878,,
Department of Health,NHS East Berkshire CCG,11/30/2018,Hcare Srv Rec Fdtn Trust-Contract Baseline,COLLABORATIVE COMMISSIONING,ROYAL BROMPTON & HAREFIELD NHS FOUNDATION TRUST,24970331,"25,546.26 ",654968091,S004894,,
Department of Health,NHS East Berkshire CCG,11/30/2018,Hcare Srv Rec Fdtn Trust-Contract Baseline,COLLABORATIVE COMMISSIONING,ROYAL BROMPTON & HAREFIELD NHS FOUNDATION TRUST,24970357,"26,132.93 ",654968091,S004902,,
Department of Health,NHS East Berkshire CCG,11/30/2018,Hcare Srv Rec Fdtn Trust-Contract Baseline,COLLABORATIVE COMMISSIONING,ROYAL BROMPTON & HAREFIELD NHS FOUNDATION TRUST,24970363,"36,446.23 ",654968091,S004892,,
Department of Health,NHS East Berkshire CCG,11/30/2018,Hcare Srv Rec Fdtn Trust-Contract Baseline,COLLABORATIVE COMMISSIONING,ROYAL BROMPTON & HAREFIELD NHS FOUNDATION TRUST,24970368,"67,566.29 ",654968091,S004891,,
Department of Health,NHS East Berkshire CCG,11/30/2018,Hcare Srv Rec NHS Trust-Contract Baseline,COLLABORATIVE COMMISSIONING,LONDON NORTH WEST HEALTHCARE NHS TRUST,24970430,"101,758.00 ",654463720,A0049282,,
Department of Health,NHS East Berkshire CCG,11/30/2018,Hcare Srv Rec NHS Trust-Contract Baseline,COLLABORATIVE COMMISSIONING,LONDON NORTH WEST HEALTHCARE NHS TRUST,24970463,"63,537.00 ",654463720,A0049283,,
Department of Health,NHS East Berkshire CCG,11/30/2018,Hcare Srv Rec Fdtn Trust-Contract Baseline,COLLABORATIVE COMMISSIONING,ROYAL FREE LONDON NHS FOUNDATION TRUST,24970466,"228,108.00 ",654946987,I0167039,,
Department of Health,NHS East Berkshire CCG,11/30/2018,Hcare Srv Rec Fdtn Trust-Contract Baseline,COLLABORATIVE COMMISSIONING,UNIVERSITY COLLEGE LONDON HOSPITALS NHS FOUNDATION TRUST,24970488,"660,906.00 ",654948687,5010183083,,
Department of Health,NHS East Berkshire CCG,11/30/2018,Hcare Srv Rec Fdtn Trust-Contract Baseline,COLLABORATIVE COMMISSIONING,ST GEORGES UNIVERSITY HOSPITALS NHS FOUNDATION TRUST,24970505,"29,196.50 ",GB654461922,6444536,,
Department of Health,NHS East Berkshire CCG,11/30/2018,Hcare Srv Rec Fdtn Trust-Contract Baseline,COLLABORATIVE COMMISSIONING,ST GEORGES UNIVERSITY HOSPITALS NHS FOUNDATION TRUST,24970509,"69,885.62 ",GB654461922,6444527,,
Department of Health,NHS East Berkshire CCG,11/30/2018,Hcare Srv Rec Fdtn Trust-Contract Baseline,COLLABORATIVE COMMISSIONING,ST GEORGES UNIVERSITY HOSPITALS NHS FOUNDATION TRUST,24970516,"145,766.85 ",GB654461922,6444532,,
Department of Health,NHS East Berkshire CCG,11/30/2018,Hcare Srv Rec Fdtn Trust-Contract Baseline,COLLABORATIVE COMMISSIONING,ST GEORGES UNIVERSITY HOSPITALS NHS FOUNDATION TRUST,24970518,"26,979.49 ",GB654461922,6444530,,
Department of Health,NHS East Berkshire CCG,11/30/2018,Hcare Srv Rec Fdtn Trust-Contract Baseline,COLLABORATIVE COMMISSIONING,KING`S COLLEGE HOSPITAL NHS FOUNDATION TRUST,24970525,"31,418.00 ",654926800,00265105,,
Department of Health,NHS East Berkshire CCG,11/30/2018,Hcare Srv Rec Fdtn Trust-Contract Baseline,COLLABORATIVE COMMISSIONING,KING`S COLLEGE HOSPITAL NHS FOUNDATION TRUST,24970537,"25,520.00 ",654926800,00265107,,
Department of Health,NHS East Berkshire CCG,11/30/2018,Hcare Srv Rec Fdtn Trust-Over/ Under Performance,COLLABORATIVE COMMISSIONING,ROYAL MARSDEN NHS FOUNDATION TRUST (THE),24970577,"120,106.00 ",65 4947396,45755386,,
Department of Health,NHS East Berkshire CCG,11/30/2018,Hcare Srv Rec Fdtn Trust-Contract Baseline,COLLABORATIVE COMMISSIONING,GUYS & ST THOMAS HOSPITAL NHS FOUNDATION TRUST,24970602,"553,542.00 ",654923417,3251805,,
Department of Health,NHS East Berkshire CCG,11/30/2018,Hcare Srv Rec NHS Trust-Contract Baseline,COLLABORATIVE COMMISSIONING,BARTS HEALTH NHS TRUST,24970610,"211,334.87 ",654947005,356997,,
Department of Health,NHS East Berkshire CCG,11/30/2018,Hcare Srv Rec Fdtn Trust-Contract Baseline,COLLABORATIVE COMMISSIONING,HILLINGDON HOSPITALS NHS FOUNDATION TRUST,24970615,"506,684.88 ",654925117,N0100974,,
Department of Health,NHS East Berkshire CCG,11/30/2018,Other professional fees,COLLABORATIVE COMMISSIONING,UNITED HEALTH UK,24970622,"40,000.00 ",108297604,0001099422,,
Department of Health,NHS East Berkshire CCG,11/30/2018,Hcare Srv Rec Fdtn Trust-Contract Baseline,COLLABORATIVE COMMISSIONING,CHELSEA AND WESTMINSTER HOSPITAL NHS FOUNDATION TRUST,24970633,"225,000.77 ",654915415,S0004248,,
,,,,,,,,,,,
