Department family,Entity,Date,Expense Type,Expense area,Supplier,Transaction number,AP Amount (�),VAT registration number,Purchase invoice number,,
Department of Health,NHS East Berkshire CCG,4/30/2018,Hcare Srv Rec Fdtn Trust-Contract Baseline,AMBULANCE SERVICES,SOUTH CENTRAL AMBULANCE SERVICE NHS FOUNDATION TRUST,21623694,"1,111,103.02 ",654923613,INV0048376,,
Department of Health,NHS East Berkshire CCG,4/30/2018,Cont Care-Learning Disab(<65),ADULT JOINT FUNDED CONTINUING CARE,BRACKNELL FOREST BOROUGH COUNCIL,21623766,"85,992.69 ",,5465219,,
Department of Health,NHS East Berkshire CCG,4/30/2018,Clinical&Medical-Independent Sector,ACUTE COMMISSIONING,CIRCLEREADING T/A CIRCLE HOSPITAL (READING) LTD,21638178,"49,105.67 ",,15D042018,,
Department of Health,NHS East Berkshire CCG,4/30/2018,Hcare Srv Rec Fdtn Trust-Contract Baseline,ACUTE COMMISSIONING,OXFORD UNIVERSITY HOSPITALS NHS FOUNDATION TRUST,21653790,"235,046.00 ",654935407,8274712,,
Department of Health,NHS East Berkshire CCG,4/30/2018,C&M-PMS Baseline Adjustment,PRC DELEGATED CO-COMMISSIONING,AVENUE MEDICAL CENTRE SLOUGH,21656587,293.62 ,,BE000027145,,
Department of Health,NHS East Berkshire CCG,4/30/2018,C&M-PMS Contract Value,PRC DELEGATED CO-COMMISSIONING,AVENUE MEDICAL CENTRE SLOUGH,21656587,"51,278.66 ",,BE000027145,,
Department of Health,NHS East Berkshire CCG,4/30/2018,C&M-PMS Funding Differential Review,PRC DELEGATED CO-COMMISSIONING,AVENUE MEDICAL CENTRE SLOUGH,21656587,"3,182.74 ",,BE000027145,,
Department of Health,NHS East Berkshire CCG,4/30/2018,C&M-PMS Prem Notional Rent,PRC DELEGATED CO-COMMISSIONING,AVENUE MEDICAL CENTRE SLOUGH,21656587,"4,416.67 ",,BE000027145,,
Department of Health,NHS East Berkshire CCG,4/30/2018,C&M-PMS QOF Aspiration,PRC DELEGATED CO-COMMISSIONING,AVENUE MEDICAL CENTRE SLOUGH,21656587,"6,615.12 ",,BE000027145,,
Department of Health,NHS East Berkshire CCG,4/30/2018,C&M-PMS Baseline Adjustment,PRC DELEGATED CO-COMMISSIONING,MANOR PARK MEDICAL CENTRE SLOUGH,21656589,302.78 ,,BE000027149,,
Department of Health,NHS East Berkshire CCG,4/30/2018,C&M-PMS Contract Value,PRC DELEGATED CO-COMMISSIONING,MANOR PARK MEDICAL CENTRE SLOUGH,21656589,"69,449.57 ",,BE000027149,,
Department of Health,NHS East Berkshire CCG,4/30/2018,C&M-PMS Funding Differential Review,PRC DELEGATED CO-COMMISSIONING,MANOR PARK MEDICAL CENTRE SLOUGH,21656589,"8,547.75 ",,BE000027149,,
Department of Health,NHS East Berkshire CCG,4/30/2018,C&M-PMS Prem Actual Rent,PRC DELEGATED CO-COMMISSIONING,MANOR PARK MEDICAL CENTRE SLOUGH,21656589,725.00 ,,BE000027149,,
Department of Health,NHS East Berkshire CCG,4/30/2018,C&M-PMS Prem Notional Rent,PRC DELEGATED CO-COMMISSIONING,MANOR PARK MEDICAL CENTRE SLOUGH,21656589,"6,141.67 ",,BE000027149,,
Department of Health,NHS East Berkshire CCG,4/30/2018,C&M-PMS QOF Aspiration,PRC DELEGATED CO-COMMISSIONING,MANOR PARK MEDICAL CENTRE SLOUGH,21656589,"7,854.51 ",,BE000027149,,
Department of Health,NHS East Berkshire CCG,4/30/2018,ME - PMS GP Prior Year ERs,PRC DELEGATED CO-COMMISSIONING,FARNHAM ROAD PRACTICE,21674881,"(3,090.99)",,BE000027146,,
Department of Health,NHS East Berkshire CCG,4/30/2018,ME - PMS TPS Added Years Adj EEs,PRC DELEGATED CO-COMMISSIONING,FARNHAM ROAD PRACTICE,21674881,"(1,356.28)",,BE000027146,,
Department of Health,NHS East Berkshire CCG,4/30/2018,ME-PMS GP Pension EEs-PMS,PRC DELEGATED CO-COMMISSIONING,FARNHAM ROAD PRACTICE,21674881,"(15,172.29)",,BE000027146,,
Department of Health,NHS East Berkshire CCG,4/30/2018,ME-PMS GP Pension ERs Adjs - PMS,PRC DELEGATED CO-COMMISSIONING,FARNHAM ROAD PRACTICE,21674881,"(14,756.73)",,BE000027146,,
Department of Health,NHS East Berkshire CCG,4/30/2018,ME-PMS GP Prior Year EEs,PRC DELEGATED CO-COMMISSIONING,FARNHAM ROAD PRACTICE,21674881,"(2,918.03)",,BE000027146,,
Department of Health,NHS East Berkshire CCG,4/30/2018,C&M-PMS Baseline Adjustment,PRC DELEGATED CO-COMMISSIONING,FARNHAM ROAD PRACTICE,21674882,488.78 ,,BE000027147,,
Department of Health,NHS East Berkshire CCG,4/30/2018,C&M-PMS Contract Value,PRC DELEGATED CO-COMMISSIONING,FARNHAM ROAD PRACTICE,21674882,"162,327.54 ",,BE000027147,,
Department of Health,NHS East Berkshire CCG,4/30/2018,C&M-PMS Funding Differential Review,PRC DELEGATED CO-COMMISSIONING,FARNHAM ROAD PRACTICE,21674882,"18,512.19 ",,BE000027147,,
Department of Health,NHS East Berkshire CCG,4/30/2018,C&M-PMS Medical Fees,LOCAL ENHANCED SERVICES,FARNHAM ROAD PRACTICE,21674882,154.00 ,,BE000027147,,
Department of Health,NHS East Berkshire CCG,4/30/2018,C&M-PMS Prem Notional Rent,PRC DELEGATED CO-COMMISSIONING,FARNHAM ROAD PRACTICE,21674882,"16,308.33 ",,BE000027147,,
Department of Health,NHS East Berkshire CCG,4/30/2018,C&M-PMS QOF Aspiration,PRC DELEGATED CO-COMMISSIONING,FARNHAM ROAD PRACTICE,21674882,"16,282.27 ",,BE000027147,,
Department of Health,NHS East Berkshire CCG,4/30/2018,Hcare Srv Rec Fdtn Trust-Contract Baseline,ACUTE COMMISSIONING,ROYAL BERKSHIRE NHS FOUNDATION TRUST,21694498,"2,275,000.00 ",654938593,493537,,
Department of Health,NHS East Berkshire CCG,4/30/2018,Hcare Srv Rec Fdtn Trust-Contract Baseline,ACUTE COMMISSIONING,ROYAL SURREY COUNTY HOSPITAL NHS FOUNDATION TRUST,21694505,"45,944.00 ",,13793231,,
Department of Health,NHS East Berkshire CCG,4/30/2018,Hcare Srv Rec Fdtn Trust-Contract Baseline,ACUTE COMMISSIONING,ASHFORD & ST PETERS HOSPITALS NHSFT,21694537,"525,090.09 ",GB654969284,14500387,,
Department of Health,NHS East Berkshire CCG,4/30/2018,SYS-NHS A/P Control-Cutover Bal <1Yr,Balance Sheet,NHS PROPERTY SERVICES LTD,21705801,"(57,485.51)",156725100,CR16031816282148,,
Department of Health,NHS East Berkshire CCG,4/30/2018,SYS-NHS A/P Control-Cutover Bal <1Yr,Balance Sheet,FRIMLEY HEALTH NHS FOUNDATION TRUST,21705811,"(196,947.00)",654922028,N0097639,,
Department of Health,NHS East Berkshire CCG,4/30/2018,SYS-NHS A/P Control-Cutover Bal <1Yr,Balance Sheet,NHS ENGLAND,21705813,"(28,975.00)",654 442 045,7000027300,,
Department of Health,NHS East Berkshire CCG,4/30/2018,SYS-NHS A/P Control-Cutover Bal <1Yr,Balance Sheet,NHS ENGLAND,21705856,"57,950.00 ",654 442 045,7000023827,,
Department of Health,NHS East Berkshire CCG,4/30/2018,SYS-Non NHS A/P-Cutover Bal <1Yr,Balance Sheet,BRACKNELL FOREST COUNCIL,21705870,"32,671.04 ",200330740,5289065,,
Department of Health,NHS East Berkshire CCG,4/30/2018,Clinical&Medical-Independent Sector,URGENT CARE,EAST BERKSHIRE PRIMARY CARE(OOHS),21713365,"155,400.00 ",,13476,,
Department of Health,NHS East Berkshire CCG,4/30/2018,Apprenticeship Levy Payable,Balance Sheet,HMRC,21719183,699.00 ,,120PZ005674131812,,
Department of Health,NHS East Berkshire CCG,4/30/2018,Income tax <1Yr,Balance Sheet,HMRC,21719183,"60,685.41 ",,120PZ005674131812,,
Department of Health,NHS East Berkshire CCG,4/30/2018,Income tax <1Yr-Student Loans,Balance Sheet,HMRC,21719183,688.00 ,,120PZ005674131812,,
Department of Health,NHS East Berkshire CCG,4/30/2018,National Insurance < 1 yr-NI- ERS,Balance Sheet,HMRC,21719183,"43,371.73 ",,120PZ005674131812,,
Department of Health,NHS East Berkshire CCG,4/30/2018,National Insurance < 1 yr-NI-EES,Balance Sheet,HMRC,21719183,"29,287.57 ",,120PZ005674131812,,
Department of Health,NHS East Berkshire CCG,4/30/2018,Statutory Mat Pay < 1 yr,Balance Sheet,HMRC,21719183,(982.02),,120PZ005674131812,,
Department of Health,NHS East Berkshire CCG,4/30/2018,SYS-NHS A/P Control-Cutover Bal <1Yr,Balance Sheet,ROYAL FREE LONDON NHS FOUNDATION TRUST,21719847,"(75,773.00)",654946987,C0018533,,
Department of Health,NHS East Berkshire CCG,4/30/2018,SYS-NHS A/P Control-Cutover Bal <1Yr,Balance Sheet,FRIMLEY HEALTH NHS FOUNDATION TRUST,21719853,"(101,928.00)",654922028,N0097643,,
Department of Health,NHS East Berkshire CCG,4/30/2018,SYS-NHS A/P Control-Cutover Bal <1Yr,Balance Sheet,ROYAL NATIONAL ORTHOPAEDIC HOSPITAL NHS TRUST,21719856,"(30,019.00)",,B0036299,,
Department of Health,NHS East Berkshire CCG,4/30/2018,SYS-NHS A/P Control-Cutover Bal <1Yr,Balance Sheet,NHS ENGLAND,21719864,"(70,669.00)",654 442 045,7000027302,,
Department of Health,NHS East Berkshire CCG,4/30/2018,SYS-NHS A/P Control-Cutover Bal <1Yr,Balance Sheet,BUCKINGHAMSHIRE HEALTHCARE NHS TRUST,21719894,"59,839.99 ",654 4313 46,B0000048,,
Department of Health,NHS East Berkshire CCG,4/30/2018,SYS-NHS A/P Control-Cutover Bal <1Yr,Balance Sheet,NHS ENGLAND,21719934,"141,338.00 ",654 442 045,7000023829,,
Department of Health,NHS East Berkshire CCG,4/30/2018,SYS-NHS A/P Control-Cutover Bal <1Yr,Balance Sheet,FRIMLEY HEALTH NHS FOUNDATION TRUST,21719975,"98,000.00 ",654922028,N0097786,,
Department of Health,NHS East Berkshire CCG,4/30/2018,SYS-NHS A/P Control-Cutover Bal <1Yr,Balance Sheet,FRIMLEY HEALTH NHS FOUNDATION TRUST,21720163,"97,814.00 ",654922028,W0005246,,
Department of Health,NHS East Berkshire CCG,4/30/2018,SYS-NHS A/P Control-Cutover Bal <1Yr,Balance Sheet,NHS ENGLAND,21720308,"(26,883.50)",654 442 045,7000027301,,
Department of Health,NHS East Berkshire CCG,4/30/2018,SYS-Non NHS A/P-Cutover Bal <1Yr,Balance Sheet,WINDSOR MEDICAL SERVICES LTD,21720316,"(27,534.50)",,1718WAMSHQ3CR,,
Department of Health,NHS East Berkshire CCG,4/30/2018,SYS-NHS A/P Control-Cutover Bal <1Yr,Balance Sheet,BUCKINGHAMSHIRE HEALTHCARE NHS TRUST,21720730,"56,231.41 ",654 4313 46,B0000049,,
Department of Health,NHS East Berkshire CCG,4/30/2018,SYS-Non NHS A/P-Cutover Bal <1Yr,Balance Sheet,SURREY COUNTY COUNCIL,21721317,"30,502.41 ",GB216947249,9500150049,,
Department of Health,NHS East Berkshire CCG,4/30/2018,SYS-Non NHS A/P-Cutover Bal <1Yr,Balance Sheet,WINDSOR MEDICAL SERVICES LTD,21721329,"27,534.50 ",,1718WAMSHQ3,,
Department of Health,NHS East Berkshire CCG,4/30/2018,SYS-Non NHS A/P-Cutover Bal <1Yr,Balance Sheet,ROYAL BOROUGH OF WINDSOR & MAIDENHEAD,21721331,"53,353.41 ",208943942,IC1405930,,
Department of Health,NHS East Berkshire CCG,4/30/2018,SYS-Non NHS A/P-Cutover Bal <1Yr,Balance Sheet,ROYAL BOROUGH OF WINDSOR & MAIDENHEAD,21721332,"67,022.63 ",208943942,IC1406007,,
Department of Health,NHS East Berkshire CCG,4/30/2018,SYS-Non NHS A/P-Cutover Bal <1Yr,Balance Sheet,ROYAL BOROUGH OF WINDSOR & MAIDENHEAD,21721333,"39,468.29 ",208943942,IC1405914,,
Department of Health,NHS East Berkshire CCG,4/30/2018,SYS-Non NHS A/P-Cutover Bal <1Yr,Balance Sheet,ROYAL BOROUGH OF WINDSOR & MAIDENHEAD,21721342,"119,537.77 ",208943942,IP1390245,,
Department of Health,NHS East Berkshire CCG,4/30/2018,SYS-Non NHS A/P-Cutover Bal <1Yr,Balance Sheet,92 HIGHER DRIVE LTD,21721346,"33,386.25 ",,0000002378,,
Department of Health,NHS East Berkshire CCG,4/30/2018,SYS-Non NHS A/P-Cutover Bal <1Yr,Balance Sheet,ASTON CARE LTD,21721347,"41,225.00 ",,1801,,
Department of Health,NHS East Berkshire CCG,4/30/2018,SYS-Non NHS A/P-Cutover Bal <1Yr,Balance Sheet,DIVE TEAM LTD,21721390,"54,420.00 ",861314149,2017062,,
Department of Health,NHS East Berkshire CCG,4/30/2018,SYS-NHS A/P Control-Cutover Bal <1Yr,Balance Sheet,NHS ENGLAND,21721800,"53,767.00 ",654 442 045,7000023828,,
Department of Health,NHS East Berkshire CCG,4/30/2018,SYS-NHS A/P Control-Cutover Bal <1Yr,Balance Sheet,FRIMLEY HEALTH NHS FOUNDATION TRUST,21721805,"180,000.00 ",654922028,N0097987,,
Department of Health,NHS East Berkshire CCG,4/30/2018,Hcare Srv Rec Fdtn Trust-Contract Baseline,COLLABORATIVE COMMISSIONING,KING`S COLLEGE HOSPITAL NHS FOUNDATION TRUST,21724375,"45,622.00 ",654926800,00258331,,
Department of Health,NHS East Berkshire CCG,4/30/2018,Hcare Srv Rec NHS Trust-Contract Baseline,COLLABORATIVE COMMISSIONING,ROYAL NATIONAL ORTHOPAEDIC HOSPITAL NHS TRUST,21724477,"248,673.00 ",,B0036373,,
Department of Health,NHS East Berkshire CCG,4/30/2018,Hcare Srv Rec Fdtn Trust-Contract Baseline,COLLABORATIVE COMMISSIONING,UNIVERSITY COLLEGE LONDON HOSPITALS NHS FOUNDATION TRUST,21724542,"576,010.00 ",654948687,SLA3420,,
Department of Health,NHS East Berkshire CCG,4/30/2018,Hcare Srv Rec Fdtn Trust-Contract Baseline,COLLABORATIVE COMMISSIONING,HILLINGDON HOSPITALS NHS FOUNDATION TRUST,21724550,"119,165.63 ",654925117,N0099329,,
Department of Health,NHS East Berkshire CCG,4/30/2018,Hcare Srv Rec NHS Trust-Contract Baseline,COLLABORATIVE COMMISSIONING,EPSOM & ST HELIER UNIVERSITY HOSPITALS NHS TRUST,21724557,"195,183.42 ",,19748122,,
Department of Health,NHS East Berkshire CCG,4/30/2018,Hcare Srv Rec Fdtn Trust-Contract Baseline,COLLABORATIVE COMMISSIONING,MOORFIELDS EYE HOSPITAL NHS FOUNDATION TRUST,21724563,"123,308.00 ",,IC0034046,,
Department of Health,NHS East Berkshire CCG,4/30/2018,Hcare Srv Rec Fdtn Trust-Contract Baseline,COLLABORATIVE COMMISSIONING,CHELSEA AND WESTMINSTER HOSPITAL NHS FOUNDATION TRUST,21724567,"210,188.94 ",654915415,S0003869,,
Department of Health,NHS East Berkshire CCG,4/30/2018,Hcare Srv Rec Fdtn Trust-Over/ Under Performance,PATIENT TRANSPORT,SOUTH CENTRAL AMBULANCE SERVICE NHS FOUNDATION TRUST,21724572,"25,054.44 ",654923613,INV0048485,,
Department of Health,NHS East Berkshire CCG,4/30/2018,Hcare Srv Rec Fdtn Trust-Contract Baseline,MENTAL HEALTH CONTRACTS,BERKSHIRE HEALTHCARE NHS FOUNDATION TRUST,21724583,"3,708,220.73 ",654411648,929162,,
Department of Health,NHS East Berkshire CCG,4/30/2018,Hcare Srv Rec Fdtn Trust-Contract Baseline,COMMUNITY SERVICES,BERKSHIRE HEALTHCARE NHS FOUNDATION TRUST,21724589,"2,621,335.74 ",654411648,929163,,
Department of Health,NHS East Berkshire CCG,4/30/2018,Hlthcre-Foundation Trsts,COMMUNITY SERVICES,BERKSHIRE HEALTHCARE NHS FOUNDATION TRUST,21724589,"26,807.25 ",654411648,929163,,
Department of Health,NHS East Berkshire CCG,4/30/2018,Hcare Srv Rec NHS Trust-Contract Baseline,COLLABORATIVE COMMISSIONING,IMPERIAL COLLEGE HEALTHCARE NHS TRUST,21724635,"547,824.00 ",654945990,H0159220,,
Department of Health,NHS East Berkshire CCG,4/30/2018,Hcare Srv Rec Fdtn Trust-Contract Baseline,MENTAL HEALTH CONTRACTS,SURREY & BORDERS PARTNERSHIP NHS FOUNDATION TRUST,21724640,"46,248.00 ",654 4345 33,6729778,,
Department of Health,NHS East Berkshire CCG,4/30/2018,Clinical&Medical-Independent Sector,ACUTE COMMISSIONING,BMI HEALTHCARE COLLECTIONS,21747231,"124,166.67 ",,0000089569,,
Department of Health,NHS East Berkshire CCG,4/30/2018,Hcare Srv Rec Fdtn Trust-Prior Year,COLLABORATIVE COMMISSIONING,ROYAL BROMPTON & HAREFIELD NHS FOUNDATION TRUST,21768783,"238,904.09 ",,S003335,,
Department of Health,NHS East Berkshire CCG,4/30/2018,Hcare Srv Rec Fdtn Trust-Prior Year,COLLABORATIVE COMMISSIONING,ROYAL BROMPTON & HAREFIELD NHS FOUNDATION TRUST,21770788,"48,837.22 ",,S003340,,
Department of Health,NHS East Berkshire CCG,4/30/2018,Hcare Srv Rec Fdtn Trust-Prior Year,COLLABORATIVE COMMISSIONING,KING`S COLLEGE HOSPITAL NHS FOUNDATION TRUST,21770815,"(38,109.00)",654926800,CR00023822,,
Department of Health,NHS East Berkshire CCG,4/30/2018,Clinical&Medical-Commercial Sector,COMMISSIONING SCHEMES,EAST BERKSHIRE PRIMARY CARE(OOHS),21770831,"49,682.75 ",,13480,,
Department of Health,NHS East Berkshire CCG,4/30/2018,Hcare Srv Rec Fdtn Trust-Non Contract,NON RECURRENT PROGRAMMES,BERKSHIRE HEALTHCARE NHS FOUNDATION TRUST,21770860,"49,506.00 ",654411648,929140,,
Department of Health,NHS East Berkshire CCG,4/30/2018,Cont Care-Physical Disab (<65),ADULT JOINT FUNDED CONTINUING CARE,BRACKNELL FOREST BOROUGH COUNCIL,21793914,"40,384.59 ",,5465235,,
Department of Health,NHS East Berkshire CCG,4/30/2018,Cont Care-Learning Disab(<65),CHC ADULT JOINT FUNDED,BRACKNELL FOREST BOROUGH COUNCIL,21793922,"27,245.08 ",,5466563,,
Department of Health,NHS East Berkshire CCG,4/30/2018,Hcare Srv Rec Fdtn Trust-Contract Baseline,COLLABORATIVE COMMISSIONING,ST GEORGES UNIVERSITY HOSPITALS NHS FOUNDATION TRUST,21793965,"98,460.54 ",GB654461922,6427364,,
Department of Health,NHS East Berkshire CCG,4/30/2018,Hcare Srv Rec Fdtn Trust-Contract Baseline,COLLABORATIVE COMMISSIONING,ST GEORGES UNIVERSITY HOSPITALS NHS FOUNDATION TRUST,21793968,"26,507.71 ",GB654461922,6427358,,
Department of Health,NHS East Berkshire CCG,4/30/2018,Hcare Srv Rec Fdtn Trust-Contract Baseline,COLLABORATIVE COMMISSIONING,ROYAL FREE LONDON NHS FOUNDATION TRUST,21793970,"198,193.00 ",654946987,I0156926,,
Department of Health,NHS East Berkshire CCG,4/30/2018,Cont Care-Learning Disab(<65),ADULT JOINT FUNDED CONTINUING CARE,BRACKNELL FOREST BOROUGH COUNCIL,21807586,"35,084.64 ",,5465269,,
Department of Health,NHS East Berkshire CCG,4/30/2018,Cont Care-Physical Disab (<65),ADULT JOINT FUNDED CONTINUING CARE,BRACKNELL FOREST BOROUGH COUNCIL,21807589,"76,361.13 ",,5464410,,
Department of Health,NHS East Berkshire CCG,4/30/2018,C&M-GMS Practice Transformational Support,LOCAL ENHANCED SERVICES,WINDSOR MEDICAL SERVICES LTD,21807610,"35,000.00 ",,1819GPFV2,,
Department of Health,NHS East Berkshire CCG,4/30/2018,Clinical&Medical-Clinical Other,PRESCRIBING,AMCARE LTD,21807615,"46,680.10 ",763769971,OPI139169,,
Department of Health,NHS East Berkshire CCG,4/30/2018,Clinical&Medical-Clinical Other,PRESCRIBING,AMCARE LTD,21807617,"30,803.44 ",763769971,OPI139170,,
Department of Health,NHS East Berkshire CCG,4/30/2018,Clinical&Medical-Clinical Other,PRESCRIBING,AMCARE LTD,21807619,"47,714.69 ",763769971,OPI139168,,
Department of Health,NHS East Berkshire CCG,4/30/2018,C&M-GMS DES Learn Dsblty Hlth Chk,PRC DELEGATED CO-COMMISSIONING,BATH ROAD SURGERY SLOUGH,21817823,280.00 ,,BE000027228,,
Department of Health,NHS East Berkshire CCG,4/30/2018,C&M-GMS Global Sum,PRC DELEGATED CO-COMMISSIONING,BATH ROAD SURGERY SLOUGH,21817823,"32,357.67 ",,BE000027228,,
Department of Health,NHS East Berkshire CCG,4/30/2018,C&M-GMS MPIG Correction Factor,PRC DELEGATED CO-COMMISSIONING,BATH ROAD SURGERY SLOUGH,21817823,355.85 ,,BE000027228,,
Department of Health,NHS East Berkshire CCG,4/30/2018,C&M-GMS Prem Notional Rent,PRC DELEGATED CO-COMMISSIONING,BATH ROAD SURGERY SLOUGH,21817823,"1,075.00 ",,BE000027228,,
Department of Health,NHS East Berkshire CCG,4/30/2018,C&M-GMS QOF Aspiration,PRC DELEGATED CO-COMMISSIONING,BATH ROAD SURGERY SLOUGH,21817823,"2,494.77 ",,BE000027228,,
Department of Health,NHS East Berkshire CCG,4/30/2018,C&M-GMS Global Sum,PRC DELEGATED CO-COMMISSIONING,BINFIELD SURGERY,21817825,"72,244.38 ",,BE000027232,,
Department of Health,NHS East Berkshire CCG,4/30/2018,C&M-GMS Other FDR Payment,PRC DELEGATED CO-COMMISSIONING,BINFIELD SURGERY,21817825,"10,396.56 ",,BE000027232,,
Department of Health,NHS East Berkshire CCG,4/30/2018,C&M-GMS Prem Notional Rent,PRC DELEGATED CO-COMMISSIONING,BINFIELD SURGERY,21817825,"4,941.67 ",,BE000027232,,
Department of Health,NHS East Berkshire CCG,4/30/2018,C&M-GMS QOF Aspiration,PRC DELEGATED CO-COMMISSIONING,BINFIELD SURGERY,21817825,"5,276.46 ",,BE000027232,,
Department of Health,NHS East Berkshire CCG,4/30/2018,C&M-GMS Global Sum,PRC DELEGATED CO-COMMISSIONING,BOUNDARY HOUSE SURGERY BRACKNELL,21817827,"55,210.92 ",,BE000027234,,
Department of Health,NHS East Berkshire CCG,4/30/2018,C&M-GMS MPIG Correction Factor,PRC DELEGATED CO-COMMISSIONING,BOUNDARY HOUSE SURGERY BRACKNELL,21817827,359.10 ,,BE000027234,,
Department of Health,NHS East Berkshire CCG,4/30/2018,C&M-GMS Prem Notional Rent,PRC DELEGATED CO-COMMISSIONING,BOUNDARY HOUSE SURGERY BRACKNELL,21817827,"5,600.00 ",,BE000027234,,
Department of Health,NHS East Berkshire CCG,4/30/2018,C&M-GMS QOF Aspiration,PRC DELEGATED CO-COMMISSIONING,BOUNDARY HOUSE SURGERY BRACKNELL,21817827,"5,011.80 ",,BE000027234,,
Department of Health,NHS East Berkshire CCG,4/30/2018,C&M-GMS Global Sum,PRC DELEGATED CO-COMMISSIONING,CLARENCE MEDICAL CENTRE,21817829,"91,078.65 ",,BE000027238,,
Department of Health,NHS East Berkshire CCG,4/30/2018,C&M-GMS MPIG Correction Factor,PRC DELEGATED CO-COMMISSIONING,CLARENCE MEDICAL CENTRE,21817829,"3,752.04 ",,BE000027238,,
Department of Health,NHS East Berkshire CCG,4/30/2018,C&M-GMS Prem Actual Rent,PRC DELEGATED CO-COMMISSIONING,CLARENCE MEDICAL CENTRE,21817829,"2,125.00 ",,BE000027238,,
Department of Health,NHS East Berkshire CCG,4/30/2018,C&M-GMS Prem Notional Rent,PRC DELEGATED CO-COMMISSIONING,CLARENCE MEDICAL CENTRE,21817829,"7,561.67 ",,BE000027238,,
Department of Health,NHS East Berkshire CCG,4/30/2018,C&M-GMS QOF Aspiration,PRC DELEGATED CO-COMMISSIONING,CLARENCE MEDICAL CENTRE,21817829,"6,483.19 ",,BE000027238,,
Department of Health,NHS East Berkshire CCG,4/30/2018,C&M-GMS DES Learn Dsblty Hlth Chk,PRC DELEGATED CO-COMMISSIONING,CEDARS SURGERY MAIDENHEAD,21817830,140.00 ,,BE000027239,,
Department of Health,NHS East Berkshire CCG,4/30/2018,C&M-GMS Global Sum,PRC DELEGATED CO-COMMISSIONING,CEDARS SURGERY MAIDENHEAD,21817830,"68,661.04 ",,BE000027239,,
Department of Health,NHS East Berkshire CCG,4/30/2018,C&M-GMS MPIG Correction Factor,PRC DELEGATED CO-COMMISSIONING,CEDARS SURGERY MAIDENHEAD,21817830,"1,319.44 ",,BE000027239,,
Department of Health,NHS East Berkshire CCG,4/30/2018,C&M-GMS Prem Actual Rent,PRC DELEGATED CO-COMMISSIONING,CEDARS SURGERY MAIDENHEAD,21817830,"13,400.00 ",,BE000027239,,
Department of Health,NHS East Berkshire CCG,4/30/2018,C&M-GMS QOF Aspiration,PRC DELEGATED CO-COMMISSIONING,CEDARS SURGERY MAIDENHEAD,21817830,"7,037.36 ",,BE000027239,,
Department of Health,NHS East Berkshire CCG,4/30/2018,ME-GMS GP Pension EEs,PRC DELEGATED CO-COMMISSIONING,CEDARS SURGERY MAIDENHEAD,21817830,"4,147.71 ",,BE000027239,,
Department of Health,NHS East Berkshire CCG,4/30/2018,ME-GMS GP Pension ERs Adjustments,PRC DELEGATED CO-COMMISSIONING,CEDARS SURGERY MAIDENHEAD,21817830,"1,547.17 ",,BE000027239,,
Department of Health,NHS East Berkshire CCG,4/30/2018,C&M-GMS DES Extended Hours Access,PRC DELEGATED CO-COMMISSIONING,COOKHAM MEDICAL CENTRE,21817831,"3,646.10 ",,BE000027241,,
Department of Health,NHS East Berkshire CCG,4/30/2018,C&M-GMS DES Learn Dsblty Hlth Chk,PRC DELEGATED CO-COMMISSIONING,COOKHAM MEDICAL CENTRE,21817831,840.00 ,,BE000027241,,
Department of Health,NHS East Berkshire CCG,4/30/2018,C&M-GMS Global Sum,PRC DELEGATED CO-COMMISSIONING,COOKHAM MEDICAL CENTRE,21817831,"108,346.71 ",,BE000027241,,
Department of Health,NHS East Berkshire CCG,4/30/2018,C&M-GMS Other Baseline Adjustment,PRC DELEGATED CO-COMMISSIONING,COOKHAM MEDICAL CENTRE,21817831,283.07 ,,BE000027241,,
Department of Health,NHS East Berkshire CCG,4/30/2018,C&M-GMS Other FDR Payment,PRC DELEGATED CO-COMMISSIONING,COOKHAM MEDICAL CENTRE,21817831,"7,950.92 ",,BE000027241,,
Department of Health,NHS East Berkshire CCG,4/30/2018,C&M-GMS PCO Seniority,PRC DELEGATED CO-COMMISSIONING,COOKHAM MEDICAL CENTRE,21817831,"1,408.24 ",,BE000027241,,
Department of Health,NHS East Berkshire CCG,4/30/2018,C&M-GMS Prem Notional Rent,PRC DELEGATED CO-COMMISSIONING,COOKHAM MEDICAL CENTRE,21817831,"15,716.66 ",,BE000027241,,
Department of Health,NHS East Berkshire CCG,4/30/2018,C&M-GMS QOF Aspiration,PRC DELEGATED CO-COMMISSIONING,COOKHAM MEDICAL CENTRE,21817831,"11,780.82 ",,BE000027241,,
Department of Health,NHS East Berkshire CCG,4/30/2018,C&M-GMS Global Sum,PRC DELEGATED CO-COMMISSIONING,DATCHET HEALTH CENTRE,21817835,"70,492.01 ",,BE000027245,,
Department of Health,NHS East Berkshire CCG,4/30/2018,C&M-GMS MPIG Correction Factor,PRC DELEGATED CO-COMMISSIONING,DATCHET HEALTH CENTRE,21817835,262.32 ,,BE000027245,,
Department of Health,NHS East Berkshire CCG,4/30/2018,C&M-GMS Prem Notional Rent,PRC DELEGATED CO-COMMISSIONING,DATCHET HEALTH CENTRE,21817835,"7,102.67 ",,BE000027245,,
Department of Health,NHS East Berkshire CCG,4/30/2018,C&M-GMS QOF Aspiration,PRC DELEGATED CO-COMMISSIONING,DATCHET HEALTH CENTRE,21817835,"7,524.45 ",,BE000027245,,
Department of Health,NHS East Berkshire CCG,4/30/2018,C&M-GMS Global Sum,PRC DELEGATED CO-COMMISSIONING,CROSBY HOUSE SURGERY,21817837,"74,480.38 ",,BE000027247,,
Department of Health,NHS East Berkshire CCG,4/30/2018,C&M-GMS Other FDR Payment,PRC DELEGATED CO-COMMISSIONING,CROSBY HOUSE SURGERY,21817837,"11,674.25 ",,BE000027247,,
Department of Health,NHS East Berkshire CCG,4/30/2018,C&M-GMS Prem Notional Rent,PRC DELEGATED CO-COMMISSIONING,CROSBY HOUSE SURGERY,21817837,"3,550.00 ",,BE000027247,,
Department of Health,NHS East Berkshire CCG,4/30/2018,C&M-GMS QOF Aspiration,PRC DELEGATED CO-COMMISSIONING,CROSBY HOUSE SURGERY,21817837,"6,797.60 ",,BE000027247,,
Department of Health,NHS East Berkshire CCG,4/30/2018,C&M-GMS Global Sum,PRC DELEGATED CO-COMMISSIONING,CROWNWOOD MEDICAL CENTRE,21817838,"31,101.75 ",,BE000027248,,
Department of Health,NHS East Berkshire CCG,4/30/2018,C&M-GMS MPIG Correction Factor,PRC DELEGATED CO-COMMISSIONING,CROWNWOOD MEDICAL CENTRE,21817838,847.26 ,,BE000027248,,
Department of Health,NHS East Berkshire CCG,4/30/2018,C&M-GMS Prem Notional Rent,PRC DELEGATED CO-COMMISSIONING,CROWNWOOD MEDICAL CENTRE,21817838,"2,808.33 ",,BE000027248,,
Department of Health,NHS East Berkshire CCG,4/30/2018,C&M-GMS QOF Aspiration,PRC DELEGATED CO-COMMISSIONING,CROWNWOOD MEDICAL CENTRE,21817838,"2,779.27 ",,BE000027248,,
Department of Health,NHS East Berkshire CCG,4/30/2018,C&M-GMS Global Sum,PRC DELEGATED CO-COMMISSIONING,DR V SHARMA,21817839,"33,003.20 ",,BE000027249,,
Department of Health,NHS East Berkshire CCG,4/30/2018,C&M-GMS Prem Notional Rent,PRC DELEGATED CO-COMMISSIONING,DR V SHARMA,21817839,"1,500.00 ",,BE000027249,,
Department of Health,NHS East Berkshire CCG,4/30/2018,C&M-GMS QOF Aspiration,PRC DELEGATED CO-COMMISSIONING,DR V SHARMA,21817839,"3,029.21 ",,BE000027249,,
Department of Health,NHS East Berkshire CCG,4/30/2018,C&M-GMS Global Sum,PRC DELEGATED CO-COMMISSIONING,EVERGREEN PRACTICE,21817840,"28,144.47 ",,BE000027250,,
Department of Health,NHS East Berkshire CCG,4/30/2018,C&M-GMS LES Medical Fees,LOCAL ENHANCED SERVICES,EVERGREEN PRACTICE,21817840,50.00 ,,BE000027250,,
Department of Health,NHS East Berkshire CCG,4/30/2018,C&M-GMS MPIG Correction Factor,PRC DELEGATED CO-COMMISSIONING,EVERGREEN PRACTICE,21817840,"1,137.35 ",,BE000027250,,
Department of Health,NHS East Berkshire CCG,4/30/2018,C&M-GMS Prem Actual Rent,PRC DELEGATED CO-COMMISSIONING,EVERGREEN PRACTICE,21817840,764.63 ,,BE000027250,,
Department of Health,NHS East Berkshire CCG,4/30/2018,C&M-GMS QOF Aspiration,PRC DELEGATED CO-COMMISSIONING,EVERGREEN PRACTICE,21817840,"1,973.23 ",,BE000027250,,
Department of Health,NHS East Berkshire CCG,4/30/2018,ME-GMS GP Pension EEs,PRC DELEGATED CO-COMMISSIONING,EVERGREEN PRACTICE,21817840,768.81 ,,BE000027250,,
Department of Health,NHS East Berkshire CCG,4/30/2018,ME-GMS GP Pension ERs Adjustments,PRC DELEGATED CO-COMMISSIONING,EVERGREEN PRACTICE,21817840,763.08 ,,BE000027250,,
Department of Health,NHS East Berkshire CCG,4/30/2018,C&M-GMS DES Learn Dsblty Hlth Chk,PRC DELEGATED CO-COMMISSIONING,EASTHAMPSTEAD SURGERY,21817842,"1,260.00 ",,BE000027252,,
Department of Health,NHS East Berkshire CCG,4/30/2018,C&M-GMS Global Sum,PRC DELEGATED CO-COMMISSIONING,EASTHAMPSTEAD SURGERY,21817842,"35,427.65 ",,BE000027252,,
Department of Health,NHS East Berkshire CCG,4/30/2018,C&M-GMS Prem Notional Rent,PRC DELEGATED CO-COMMISSIONING,EASTHAMPSTEAD SURGERY,21817842,"2,241.67 ",,BE000027252,,
Department of Health,NHS East Berkshire CCG,4/30/2018,C&M-GMS QOF Aspiration,PRC DELEGATED CO-COMMISSIONING,EASTHAMPSTEAD SURGERY,21817842,"3,123.97 ",,BE000027252,,
Department of Health,NHS East Berkshire CCG,4/30/2018,C&M-GMS Global Sum,PRC DELEGATED CO-COMMISSIONING,FOREST END MEDICAL CENTRE,21817844,"74,914.42 ",,BE000027254,,
Department of Health,NHS East Berkshire CCG,4/30/2018,C&M-GMS MPIG Correction Factor,PRC DELEGATED CO-COMMISSIONING,FOREST END MEDICAL CENTRE,21817844,"2,261.27 ",,BE000027254,,
Department of Health,NHS East Berkshire CCG,4/30/2018,C&M-GMS Prem Actual Rent,PRC DELEGATED CO-COMMISSIONING,FOREST END MEDICAL CENTRE,21817844,"6,748.15 ",,BE000027254,,
Department of Health,NHS East Berkshire CCG,4/30/2018,C&M-GMS QOF Aspiration,PRC DELEGATED CO-COMMISSIONING,FOREST END MEDICAL CENTRE,21817844,"7,671.22 ",,BE000027254,,
Department of Health,NHS East Berkshire CCG,4/30/2018,C&M-GMS Global Sum,PRC DELEGATED CO-COMMISSIONING,GRASSMERE AVENUE SURGERY,21817846,"30,911.65 ",,BE000027256,,
Department of Health,NHS East Berkshire CCG,4/30/2018,C&M-GMS Other FDR Payment,PRC DELEGATED CO-COMMISSIONING,GRASSMERE AVENUE SURGERY,21817846,"4,615.21 ",,BE000027256,,
Department of Health,NHS East Berkshire CCG,4/30/2018,C&M-GMS Prem Notional Rent,PRC DELEGATED CO-COMMISSIONING,GRASSMERE AVENUE SURGERY,21817846,"2,500.00 ",,BE000027256,,
Department of Health,NHS East Berkshire CCG,4/30/2018,C&M-GMS QOF Aspiration,PRC DELEGATED CO-COMMISSIONING,GRASSMERE AVENUE SURGERY,21817846,"3,466.28 ",,BE000027256,,
Department of Health,NHS East Berkshire CCG,4/30/2018,C&M-GMS Global Sum,PRC DELEGATED CO-COMMISSIONING,GREAT HOLLANDS PRACTICE,21817847,"25,941.70 ",,BE000027257,,
Department of Health,NHS East Berkshire CCG,4/30/2018,C&M-GMS MPIG Correction Factor,PRC DELEGATED CO-COMMISSIONING,GREAT HOLLANDS PRACTICE,21817847,458.50 ,,BE000027257,,
Department of Health,NHS East Berkshire CCG,4/30/2018,C&M-GMS Prem Actual Rent,PRC DELEGATED CO-COMMISSIONING,GREAT HOLLANDS PRACTICE,21817847,"1,125.00 ",,BE000027257,,
Department of Health,NHS East Berkshire CCG,4/30/2018,C&M-GMS QOF Aspiration,PRC DELEGATED CO-COMMISSIONING,GREAT HOLLANDS PRACTICE,21817847,"2,085.33 ",,BE000027257,,
Department of Health,NHS East Berkshire CCG,4/30/2018,C&M-GMS Global Sum,PRC DELEGATED CO-COMMISSIONING,GREEN MEADOWS SURGERY,21817849,"71,670.68 ",,BE000027259,,
Department of Health,NHS East Berkshire CCG,4/30/2018,C&M-GMS MPIG Correction Factor,PRC DELEGATED CO-COMMISSIONING,GREEN MEADOWS SURGERY,21817849,98.00 ,,BE000027259,,
Department of Health,NHS East Berkshire CCG,4/30/2018,C&M-GMS PCO Locum Adop/Pat/Mat,PRC DELEGATED CO-COMMISSIONING,GREEN MEADOWS SURGERY,21817849,"14,913.95 ",,BE000027259,,
Department of Health,NHS East Berkshire CCG,4/30/2018,C&M-GMS Prem Notional Rent,PRC DELEGATED CO-COMMISSIONING,GREEN MEADOWS SURGERY,21817849,"8,262.50 ",,BE000027259,,
Department of Health,NHS East Berkshire CCG,4/30/2018,C&M-GMS QOF Aspiration,PRC DELEGATED CO-COMMISSIONING,GREEN MEADOWS SURGERY,21817849,"7,407.87 ",,BE000027259,,
Department of Health,NHS East Berkshire CCG,4/30/2018,C&M-GMS Global Sum,PRC DELEGATED CO-COMMISSIONING,HERSCHEL MEDICAL CENTRE,21817851,"98,461.37 ",,BE000027261,,
Department of Health,NHS East Berkshire CCG,4/30/2018,C&M-GMS Other FDR Payment,PRC DELEGATED CO-COMMISSIONING,HERSCHEL MEDICAL CENTRE,21817851,"7,811.90 ",,BE000027261,,
Department of Health,NHS East Berkshire CCG,4/30/2018,C&M-GMS Prem Notional Rent,PRC DELEGATED CO-COMMISSIONING,HERSCHEL MEDICAL CENTRE,21817851,"10,562.50 ",,BE000027261,,
Department of Health,NHS East Berkshire CCG,4/30/2018,C&M-GMS Prem Water Rates,PRC DELEGATED CO-COMMISSIONING,HERSCHEL MEDICAL CENTRE,21817851,95.55 ,,BE000027261,,
Department of Health,NHS East Berkshire CCG,4/30/2018,C&M-GMS QOF Aspiration,PRC DELEGATED CO-COMMISSIONING,HERSCHEL MEDICAL CENTRE,21817851,"9,469.93 ",,BE000027261,,
Department of Health,NHS East Berkshire CCG,4/30/2018,C&M-GMS Global Sum,PRC DELEGATED CO-COMMISSIONING,HEATH HILL SURGERY,21817853,"51,089.60 ",,BE000027263,,
Department of Health,NHS East Berkshire CCG,4/30/2018,C&M-GMS Prem Actual Rent,PRC DELEGATED CO-COMMISSIONING,HEATH HILL SURGERY,21817853,"5,275.00 ",,BE000027263,,
Department of Health,NHS East Berkshire CCG,4/30/2018,C&M-GMS QOF Aspiration,PRC DELEGATED CO-COMMISSIONING,HEATH HILL SURGERY,21817853,"5,411.29 ",,BE000027263,,
Department of Health,NHS East Berkshire CCG,4/30/2018,C&M-GMS DES Learn Dsblty Hlth Chk,PRC DELEGATED CO-COMMISSIONING,LEE HOUSE SURGERY,21817855,840.00 ,,BE000027265,,
Department of Health,NHS East Berkshire CCG,4/30/2018,C&M-GMS Global Sum,PRC DELEGATED CO-COMMISSIONING,LEE HOUSE SURGERY,21817855,"45,227.29 ",,BE000027265,,
Department of Health,NHS East Berkshire CCG,4/30/2018,C&M-GMS MPIG Correction Factor,PRC DELEGATED CO-COMMISSIONING,LEE HOUSE SURGERY,21817855,828.36 ,,BE000027265,,
Department of Health,NHS East Berkshire CCG,4/30/2018,C&M-GMS Prem Actual Rent,PRC DELEGATED CO-COMMISSIONING,LEE HOUSE SURGERY,21817855,"5,153.15 ",,BE000027265,,
Department of Health,NHS East Berkshire CCG,4/30/2018,C&M-GMS QOF Aspiration,PRC DELEGATED CO-COMMISSIONING,LEE HOUSE SURGERY,21817855,"4,990.63 ",,BE000027265,,
Department of Health,NHS East Berkshire CCG,4/30/2018,C&M-GMS Global Sum,PRC DELEGATED CO-COMMISSIONING,LANGLEY HEALTH CENTRE,21817857,"124,941.22 ",,BE000027267,,
Department of Health,NHS East Berkshire CCG,4/30/2018,C&M-GMS Prem Notional Rent,PRC DELEGATED CO-COMMISSIONING,LANGLEY HEALTH CENTRE,21817857,"9,583.33 ",,BE000027267,,
Department of Health,NHS East Berkshire CCG,4/30/2018,C&M-GMS QOF Aspiration,PRC DELEGATED CO-COMMISSIONING,LANGLEY HEALTH CENTRE,21817857,"11,783.65 ",,BE000027267,,
Department of Health,NHS East Berkshire CCG,4/30/2018,C&M-GMS Global Sum,PRC DELEGATED CO-COMMISSIONING,KINGS CORNER SURGERY,21817859,"50,810.57 ",,BE000027269,,
Department of Health,NHS East Berkshire CCG,4/30/2018,C&M-GMS LES Medical Fees,LOCAL ENHANCED SERVICES,KINGS CORNER SURGERY,21817859,154.00 ,,BE000027269,,
Department of Health,NHS East Berkshire CCG,4/30/2018,C&M-GMS MPIG Correction Factor,PRC DELEGATED CO-COMMISSIONING,KINGS CORNER SURGERY,21817859,"1,507.10 ",,BE000027269,,
Department of Health,NHS East Berkshire CCG,4/30/2018,C&M-GMS Prem Notional Rent,PRC DELEGATED CO-COMMISSIONING,KINGS CORNER SURGERY,21817859,"4,575.00 ",,BE000027269,,
Department of Health,NHS East Berkshire CCG,4/30/2018,C&M-GMS QOF Aspiration,PRC DELEGATED CO-COMMISSIONING,KINGS CORNER SURGERY,21817859,"4,421.50 ",,BE000027269,,
Department of Health,NHS East Berkshire CCG,4/30/2018,C&M-GMS Global Sum,PRC DELEGATED CO-COMMISSIONING,LINDEN MEDICAL CENTRE MAIDENHEAD,21817861,"67,410.77 ",,BE000027271,,
Department of Health,NHS East Berkshire CCG,4/30/2018,C&M-GMS MPIG Correction Factor,PRC DELEGATED CO-COMMISSIONING,LINDEN MEDICAL CENTRE MAIDENHEAD,21817861,979.83 ,,BE000027271,,
Department of Health,NHS East Berkshire CCG,4/30/2018,C&M-GMS Prem Actual Rent,PRC DELEGATED CO-COMMISSIONING,LINDEN MEDICAL CENTRE MAIDENHEAD,21817861,"7,083.33 ",,BE000027271,,
Department of Health,NHS East Berkshire CCG,4/30/2018,C&M-GMS QOF Aspiration,PRC DELEGATED CO-COMMISSIONING,LINDEN MEDICAL CENTRE MAIDENHEAD,21817861,"6,510.72 ",,BE000027271,,
Department of Health,NHS East Berkshire CCG,4/30/2018,C&M-GMS Global Sum,PRC DELEGATED CO-COMMISSIONING,MAGNOLIA HOUSE SURGERY,21817863,"62,713.54 ",,BE000027273,,
Department of Health,NHS East Berkshire CCG,4/30/2018,C&M-GMS MPIG Correction Factor,PRC DELEGATED CO-COMMISSIONING,MAGNOLIA HOUSE SURGERY,21817863,"1,017.86 ",,BE000027273,,
Department of Health,NHS East Berkshire CCG,4/30/2018,C&M-GMS Prem Notional Rent,PRC DELEGATED CO-COMMISSIONING,MAGNOLIA HOUSE SURGERY,21817863,"5,158.33 ",,BE000027273,,
Department of Health,NHS East Berkshire CCG,4/30/2018,C&M-GMS QOF Aspiration,PRC DELEGATED CO-COMMISSIONING,MAGNOLIA HOUSE SURGERY,21817863,"6,282.34 ",,BE000027273,,
Department of Health,NHS East Berkshire CCG,4/30/2018,C&M-GMS Global Sum,PRC DELEGATED CO-COMMISSIONING,ORCHARD SURGERY LANGLEY,21817865,"53,375.20 ",,BE000027275,,
Department of Health,NHS East Berkshire CCG,4/30/2018,C&M-GMS MPIG Correction Factor,PRC DELEGATED CO-COMMISSIONING,ORCHARD SURGERY LANGLEY,21817865,"1,937.90 ",,BE000027275,,
Department of Health,NHS East Berkshire CCG,4/30/2018,C&M-GMS Prem Actual Rent,PRC DELEGATED CO-COMMISSIONING,ORCHARD SURGERY LANGLEY,21817865,"6,597.50 ",,BE000027275,,
Department of Health,NHS East Berkshire CCG,4/30/2018,C&M-GMS QOF Aspiration,PRC DELEGATED CO-COMMISSIONING,ORCHARD SURGERY LANGLEY,21817865,"4,617.54 ",,BE000027275,,
Department of Health,NHS East Berkshire CCG,4/30/2018,ME-GMS GP Pension EEs Adjustments,PRC DELEGATED CO-COMMISSIONING,ORCHARD SURGERY LANGLEY,21817865,"6,432.30 ",,BE000027275,,
Department of Health,NHS East Berkshire CCG,4/30/2018,ME-GMS GP Pension ERs Adjustments,PRC DELEGATED CO-COMMISSIONING,ORCHARD SURGERY LANGLEY,21817865,"6,343.58 ",,BE000027275,,
Department of Health,NHS East Berkshire CCG,4/30/2018,C&M-GMS Global Sum,PRC DELEGATED CO-COMMISSIONING,RAGSTONE ROAD SURGERY,21817866,"23,216.07 ",,BE000027276,,
Department of Health,NHS East Berkshire CCG,4/30/2018,C&M-GMS Prem Cost Rent,PRC DELEGATED CO-COMMISSIONING,RAGSTONE ROAD SURGERY,21817866,"2,102.08 ",,BE000027276,,
Department of Health,NHS East Berkshire CCG,4/30/2018,C&M-GMS QOF Aspiration,PRC DELEGATED CO-COMMISSIONING,RAGSTONE ROAD SURGERY,21817866,"2,192.31 ",,BE000027276,,
Department of Health,NHS East Berkshire CCG,4/30/2018,C&M-GMS DES Learn Dsblty Hlth Chk,PRC DELEGATED CO-COMMISSIONING,REDWOOD HOUSE SURGERY,21817868,980.00 ,,BE000027278,,
Department of Health,NHS East Berkshire CCG,4/30/2018,C&M-GMS Global Sum,PRC DELEGATED CO-COMMISSIONING,REDWOOD HOUSE SURGERY,21817868,"41,550.23 ",,BE000027278,,
Department of Health,NHS East Berkshire CCG,4/30/2018,C&M-GMS MPIG Correction Factor,PRC DELEGATED CO-COMMISSIONING,REDWOOD HOUSE SURGERY,21817868,415.25 ,,BE000027278,,
Department of Health,NHS East Berkshire CCG,4/30/2018,C&M-GMS Prem Notional Rent,PRC DELEGATED CO-COMMISSIONING,REDWOOD HOUSE SURGERY,21817868,"2,416.67 ",,BE000027278,,
Department of Health,NHS East Berkshire CCG,4/30/2018,C&M-GMS QOF Aspiration,PRC DELEGATED CO-COMMISSIONING,REDWOOD HOUSE SURGERY,21817868,"3,712.70 ",,BE000027278,,
Department of Health,NHS East Berkshire CCG,4/30/2018,C&M-GMS Global Sum,PRC DELEGATED CO-COMMISSIONING,ROSEMEAD SURGERY,21817870,"46,880.14 ",,BE000027280,,
Department of Health,NHS East Berkshire CCG,4/30/2018,C&M-GMS MPIG Correction Factor,PRC DELEGATED CO-COMMISSIONING,ROSEMEAD SURGERY,21817870,256.10 ,,BE000027280,,
Department of Health,NHS East Berkshire CCG,4/30/2018,C&M-GMS Prem Notional Rent,PRC DELEGATED CO-COMMISSIONING,ROSEMEAD SURGERY,21817870,"4,666.67 ",,BE000027280,,
Department of Health,NHS East Berkshire CCG,4/30/2018,C&M-GMS QOF Aspiration,PRC DELEGATED CO-COMMISSIONING,ROSEMEAD SURGERY,21817870,"5,424.09 ",,BE000027280,,
Department of Health,NHS East Berkshire CCG,4/30/2018,C&M-GMS Global Sum,PRC DELEGATED CO-COMMISSIONING,RINGMEAD MEDICAL PRACTICE,21817873,"103,593.21 ",,BE000027284,,
Department of Health,NHS East Berkshire CCG,4/30/2018,C&M-GMS MPIG Correction Factor,PRC DELEGATED CO-COMMISSIONING,RINGMEAD MEDICAL PRACTICE,21817873,"1,476.02 ",,BE000027284,,
Department of Health,NHS East Berkshire CCG,4/30/2018,C&M-GMS Prem Actual Rent,PRC DELEGATED CO-COMMISSIONING,RINGMEAD MEDICAL PRACTICE,21817873,"3,381.00 ",,BE000027284,,
Department of Health,NHS East Berkshire CCG,4/30/2018,C&M-GMS Prem Notional Rent,PRC DELEGATED CO-COMMISSIONING,RINGMEAD MEDICAL PRACTICE,21817873,"5,564.58 ",,BE000027284,,
Department of Health,NHS East Berkshire CCG,4/30/2018,C&M-GMS QOF Aspiration,PRC DELEGATED CO-COMMISSIONING,RINGMEAD MEDICAL PRACTICE,21817873,"11,661.01 ",,BE000027284,,
Department of Health,NHS East Berkshire CCG,4/30/2018,C&M-GMS Global Sum,PRC DELEGATED CO-COMMISSIONING,SANDHURST GROUP PRACTICE,21817875,"128,835.54 ",,BE000027286,,
Department of Health,NHS East Berkshire CCG,4/30/2018,C&M-GMS MPIG Correction Factor,PRC DELEGATED CO-COMMISSIONING,SANDHURST GROUP PRACTICE,21817875,"3,437.30 ",,BE000027286,,
Department of Health,NHS East Berkshire CCG,4/30/2018,C&M-GMS PCO Locum Sickness,PRC DELEGATED CO-COMMISSIONING,SANDHURST GROUP PRACTICE,21817875,"12,065.75 ",,BE000027286,,
Department of Health,NHS East Berkshire CCG,4/30/2018,C&M-GMS Prem Notional Rent,PRC DELEGATED CO-COMMISSIONING,SANDHURST GROUP PRACTICE,21817875,"13,958.33 ",,BE000027286,,
Department of Health,NHS East Berkshire CCG,4/30/2018,C&M-GMS QOF Aspiration,PRC DELEGATED CO-COMMISSIONING,SANDHURST GROUP PRACTICE,21817875,"12,459.23 ",,BE000027286,,
Department of Health,NHS East Berkshire CCG,4/30/2018,C&M-GMS Global Sum,PRC DELEGATED CO-COMMISSIONING,SHEET STREET SURGERY,21817878,"67,582.16 ",,BE000027292,,
Department of Health,NHS East Berkshire CCG,4/30/2018,C&M-GMS MPIG Correction Factor,PRC DELEGATED CO-COMMISSIONING,SHEET STREET SURGERY,21817878,236.66 ,,BE000027292,,
Department of Health,NHS East Berkshire CCG,4/30/2018,C&M-GMS Prem Actual Rent,PRC DELEGATED CO-COMMISSIONING,SHEET STREET SURGERY,21817878,"5,062.50 ",,BE000027292,,
Department of Health,NHS East Berkshire CCG,4/30/2018,C&M-GMS QOF Aspiration,PRC DELEGATED CO-COMMISSIONING,SHEET STREET SURGERY,21817878,"5,954.34 ",,BE000027292,,
Department of Health,NHS East Berkshire CCG,4/30/2018,C&M-GMS Global Sum,PRC DELEGATED CO-COMMISSIONING,SHREEJI MEDICAL CENTRE,21817880,"39,618.98 ",,BE000027294,,
Department of Health,NHS East Berkshire CCG,4/30/2018,C&M-GMS Other FDR Payment,PRC DELEGATED CO-COMMISSIONING,SHREEJI MEDICAL CENTRE,21817880,"6,105.73 ",,BE000027294,,
Department of Health,NHS East Berkshire CCG,4/30/2018,C&M-GMS Prem Notional Rent,PRC DELEGATED CO-COMMISSIONING,SHREEJI MEDICAL CENTRE,21817880,"3,783.33 ",,BE000027294,,
Department of Health,NHS East Berkshire CCG,4/30/2018,C&M-GMS QOF Aspiration,PRC DELEGATED CO-COMMISSIONING,SHREEJI MEDICAL CENTRE,21817880,"4,040.89 ",,BE000027294,,
Department of Health,NHS East Berkshire CCG,4/30/2018,C&M-GMS Global Sum,PRC DELEGATED CO-COMMISSIONING,SYMONS MEDICAL CENTRE,21817881,"79,648.81 ",,BE000027296,,
Department of Health,NHS East Berkshire CCG,4/30/2018,C&M-GMS Other FDR Payment,PRC DELEGATED CO-COMMISSIONING,SYMONS MEDICAL CENTRE,21817881,"2,833.15 ",,BE000027296,,
Department of Health,NHS East Berkshire CCG,4/30/2018,C&M-GMS Prem Notional Rent,PRC DELEGATED CO-COMMISSIONING,SYMONS MEDICAL CENTRE,21817881,"6,966.67 ",,BE000027296,,
Department of Health,NHS East Berkshire CCG,4/30/2018,C&M-GMS QOF Aspiration,PRC DELEGATED CO-COMMISSIONING,SYMONS MEDICAL CENTRE,21817881,"8,416.23 ",,BE000027296,,
Department of Health,NHS East Berkshire CCG,4/30/2018,ME - GMS GP Prior Year ERs,PRC DELEGATED CO-COMMISSIONING,VILLAGE MEDICAL CENTRE SLOUGH,21817882,(243.98),,BE000027297,,
Department of Health,NHS East Berkshire CCG,4/30/2018,ME - GMS TPS Added Years Adj EEs,PRC DELEGATED CO-COMMISSIONING,VILLAGE MEDICAL CENTRE SLOUGH,21817882,(166.97),,BE000027297,,
Department of Health,NHS East Berkshire CCG,4/30/2018,ME-GMS GP Pension EEs,PRC DELEGATED CO-COMMISSIONING,VILLAGE MEDICAL CENTRE SLOUGH,21817882,"(16,905.65)",,BE000027297,,
Department of Health,NHS East Berkshire CCG,4/30/2018,ME-GMS GP Pension ERs Adjustments,PRC DELEGATED CO-COMMISSIONING,VILLAGE MEDICAL CENTRE SLOUGH,21817882,"(15,242.06)",,BE000027297,,
Department of Health,NHS East Berkshire CCG,4/30/2018,ME-GMS GP Prior Year EEs,PRC DELEGATED CO-COMMISSIONING,VILLAGE MEDICAL CENTRE SLOUGH,21817882,"(1,193.84)",,BE000027297,,
Department of Health,NHS East Berkshire CCG,4/30/2018,C&M-GMS DES Learn Dsblty Hlth Chk,PRC DELEGATED CO-COMMISSIONING,VILLAGE MEDICAL CENTRE SLOUGH,21817883,"4,060.00 ",,BE000027298,,
Department of Health,NHS East Berkshire CCG,4/30/2018,C&M-GMS Global Sum,PRC DELEGATED CO-COMMISSIONING,VILLAGE MEDICAL CENTRE SLOUGH,21817883,"76,317.23 ",,BE000027298,,
Department of Health,NHS East Berkshire CCG,4/30/2018,C&M-GMS Other FDR Payment,PRC DELEGATED CO-COMMISSIONING,VILLAGE MEDICAL CENTRE SLOUGH,21817883,"10,504.86 ",,BE000027298,,
Department of Health,NHS East Berkshire CCG,4/30/2018,C&M-GMS PCO Locum Sickness,PRC DELEGATED CO-COMMISSIONING,VILLAGE MEDICAL CENTRE SLOUGH,21817883,"14,913.95 ",,BE000027298,,
Department of Health,NHS East Berkshire CCG,4/30/2018,C&M-GMS Prem Actual Rent,PRC DELEGATED CO-COMMISSIONING,VILLAGE MEDICAL CENTRE SLOUGH,21817883,"2,791.66 ",,BE000027298,,
Department of Health,NHS East Berkshire CCG,4/30/2018,C&M-GMS Prem Notional Rent,PRC DELEGATED CO-COMMISSIONING,VILLAGE MEDICAL CENTRE SLOUGH,21817883,"4,990.50 ",,BE000027298,,
Department of Health,NHS East Berkshire CCG,4/30/2018,C&M-GMS QOF Aspiration,PRC DELEGATED CO-COMMISSIONING,VILLAGE MEDICAL CENTRE SLOUGH,21817883,"5,720.59 ",,BE000027298,,
Department of Health,NHS East Berkshire CCG,4/30/2018,C&M-GMS Global Sum,PRC DELEGATED CO-COMMISSIONING,WEXHAM ROAD SURGERY,21817885,"27,280.39 ",,BE000027300,,
Department of Health,NHS East Berkshire CCG,4/30/2018,C&M-GMS Other FDR Payment,PRC DELEGATED CO-COMMISSIONING,WEXHAM ROAD SURGERY,21817885,"2,776.96 ",,BE000027300,,
Department of Health,NHS East Berkshire CCG,4/30/2018,C&M-GMS Prem Notional Rent,PRC DELEGATED CO-COMMISSIONING,WEXHAM ROAD SURGERY,21817885,"1,166.67 ",,BE000027300,,
Department of Health,NHS East Berkshire CCG,4/30/2018,C&M-GMS QOF Aspiration,PRC DELEGATED CO-COMMISSIONING,WEXHAM ROAD SURGERY,21817885,"2,933.21 ",,BE000027300,,
Department of Health,NHS East Berkshire CCG,4/30/2018,C&M-GMS Global Sum,PRC DELEGATED CO-COMMISSIONING,WARFIELD GREEN MEDICAL CENTRE,21817887,"62,450.76 ",,BE000027302,,
Department of Health,NHS East Berkshire CCG,4/30/2018,C&M-GMS MPIG Correction Factor,PRC DELEGATED CO-COMMISSIONING,WARFIELD GREEN MEDICAL CENTRE,21817887,"1,234.38 ",,BE000027302,,
Department of Health,NHS East Berkshire CCG,4/30/2018,C&M-GMS Prem Notional Rent,PRC DELEGATED CO-COMMISSIONING,WARFIELD GREEN MEDICAL CENTRE,21817887,"5,639.58 ",,BE000027302,,
Department of Health,NHS East Berkshire CCG,4/30/2018,C&M-GMS QOF Aspiration,PRC DELEGATED CO-COMMISSIONING,WARFIELD GREEN MEDICAL CENTRE,21817887,"6,763.23 ",,BE000027302,,
Department of Health,NHS East Berkshire CCG,4/30/2018,C&M-GMS DES Learn Dsblty Hlth Chk,PRC DELEGATED CO-COMMISSIONING,WATERFIELD PRACTICE,21817889,140.00 ,,BE000027304,,
Department of Health,NHS East Berkshire CCG,4/30/2018,C&M-GMS Global Sum,PRC DELEGATED CO-COMMISSIONING,WATERFIELD PRACTICE,21817889,"81,494.24 ",,BE000027304,,
Department of Health,NHS East Berkshire CCG,4/30/2018,C&M-GMS MPIG Correction Factor,PRC DELEGATED CO-COMMISSIONING,WATERFIELD PRACTICE,21817889,"1,577.80 ",,BE000027304,,
Department of Health,NHS East Berkshire CCG,4/30/2018,C&M-GMS Prem Cost Rent,PRC DELEGATED CO-COMMISSIONING,WATERFIELD PRACTICE,21817889,"3,160.75 ",,BE000027304,,
Department of Health,NHS East Berkshire CCG,4/30/2018,C&M-GMS Prem Notional Rent,PRC DELEGATED CO-COMMISSIONING,WATERFIELD PRACTICE,21817889,"6,854.17 ",,BE000027304,,
Department of Health,NHS East Berkshire CCG,4/30/2018,C&M-GMS QOF Aspiration,PRC DELEGATED CO-COMMISSIONING,WATERFIELD PRACTICE,21817889,"7,909.14 ",,BE000027304,,
Department of Health,NHS East Berkshire CCG,4/30/2018,ME-GMS GP Prior Year EEs,PRC DELEGATED CO-COMMISSIONING,WATERFIELD PRACTICE,21817889,366.14 ,,BE000027304,,
Department of Health,NHS East Berkshire CCG,4/30/2018,C&M-GMS Global Sum,PRC DELEGATED CO-COMMISSIONING,WOODLANDS PARK SURGERY,21817891,"21,678.74 ",,BE000027306,,
Department of Health,NHS East Berkshire CCG,4/30/2018,C&M-GMS MPIG Correction Factor,PRC DELEGATED CO-COMMISSIONING,WOODLANDS PARK SURGERY,21817891,777.43 ,,BE000027306,,
Department of Health,NHS East Berkshire CCG,4/30/2018,C&M-GMS Prem Notional Rent,PRC DELEGATED CO-COMMISSIONING,WOODLANDS PARK SURGERY,21817891,"2,191.67 ",,BE000027306,,
Department of Health,NHS East Berkshire CCG,4/30/2018,C&M-GMS QOF Aspiration,PRC DELEGATED CO-COMMISSIONING,WOODLANDS PARK SURGERY,21817891,"2,055.61 ",,BE000027306,,
Department of Health,NHS East Berkshire CCG,4/30/2018,C&M-GMS Global Sum,PRC DELEGATED CO-COMMISSIONING,RADNOR HOUSE SURGERY & ASCOT MEDICAL CENTRE,21817893,"33,318.45 ",,BE000027308,,
Department of Health,NHS East Berkshire CCG,4/30/2018,C&M-GMS MPIG Correction Factor,PRC DELEGATED CO-COMMISSIONING,RADNOR HOUSE SURGERY & ASCOT MEDICAL CENTRE,21817893,"1,791.39 ",,BE000027308,,
Department of Health,NHS East Berkshire CCG,4/30/2018,C&M-GMS Prem Notional Rent,PRC DELEGATED CO-COMMISSIONING,RADNOR HOUSE SURGERY & ASCOT MEDICAL CENTRE,21817893,"2,308.33 ",,BE000027308,,
Department of Health,NHS East Berkshire CCG,4/30/2018,C&M-GMS QOF Aspiration,PRC DELEGATED CO-COMMISSIONING,RADNOR HOUSE SURGERY & ASCOT MEDICAL CENTRE,21817893,"2,831.86 ",,BE000027308,,
Department of Health,NHS East Berkshire CCG,4/30/2018,C&M-GMS Global Sum,PRC DELEGATED CO-COMMISSIONING,BHARANI MEDICAL CENTRE,21820125,"83,362.98 ",,BE000027230,,
Department of Health,NHS East Berkshire CCG,4/30/2018,C&M-GMS Other FDR Payment,PRC DELEGATED CO-COMMISSIONING,BHARANI MEDICAL CENTRE,21820125,"15,199.96 ",,BE000027230,,
Department of Health,NHS East Berkshire CCG,4/30/2018,C&M-GMS QOF Aspiration,PRC DELEGATED CO-COMMISSIONING,BHARANI MEDICAL CENTRE,21820125,"8,166.69 ",,BE000027230,,
Department of Health,NHS East Berkshire CCG,4/30/2018,C&M-GMS Global Sum,PRC DELEGATED CO-COMMISSIONING,CLAREMONT AND HOLYPORT PRACTICE,21820127,"126,165.52 ",,BE000027236,,
Department of Health,NHS East Berkshire CCG,4/30/2018,C&M-GMS LES Medical Fees,LOCAL ENHANCED SERVICES,CLAREMONT AND HOLYPORT PRACTICE,21820127,154.00 ,,BE000027236,,
Department of Health,NHS East Berkshire CCG,4/30/2018,C&M-GMS MPIG Correction Factor,PRC DELEGATED CO-COMMISSIONING,CLAREMONT AND HOLYPORT PRACTICE,21820127,993.02 ,,BE000027236,,
Department of Health,NHS East Berkshire CCG,4/30/2018,C&M-GMS Prem Notional Rent,PRC DELEGATED CO-COMMISSIONING,CLAREMONT AND HOLYPORT PRACTICE,21820127,"12,975.00 ",,BE000027236,,
Department of Health,NHS East Berkshire CCG,4/30/2018,C&M-GMS QOF Aspiration,PRC DELEGATED CO-COMMISSIONING,CLAREMONT AND HOLYPORT PRACTICE,21820127,"11,598.49 ",,BE000027236,,
Department of Health,NHS East Berkshire CCG,4/30/2018,Clinical&Medical-Commercial Sector,URGENT CARE,EAST BERKSHIRE PRIMARY CARE(OOHS),21827897,"33,229.86 ",,13478,,
Department of Health,NHS East Berkshire CCG,4/30/2018,Hcare Srv Rec Fdtn Trust-Contract Baseline,COLLABORATIVE COMMISSIONING,ROYAL BROMPTON & HAREFIELD NHS FOUNDATION TRUST,21828131,"26,132.94 ",,S003475,,
Department of Health,NHS East Berkshire CCG,4/30/2018,Hcare Srv Rec Fdtn Trust-Contract Baseline,COLLABORATIVE COMMISSIONING,ROYAL BROMPTON & HAREFIELD NHS FOUNDATION TRUST,21828137,"25,546.26 ",,S003467,,
Department of Health,NHS East Berkshire CCG,4/30/2018,Clinical&Medical-Clinical Other,PRESCRIBING,AMCARE LTD,21828160,"35,011.48 ",763769971,OPI121963,,
Department of Health,NHS East Berkshire CCG,4/30/2018,Hcare Srv Rec Fdtn Trust-Contract Baseline,COLLABORATIVE COMMISSIONING,MOORFIELDS EYE HOSPITAL NHS FOUNDATION TRUST,21828175,"123,308.00 ",,IC0034075,,
Department of Health,NHS East Berkshire CCG,4/30/2018,Hcare Srv Rec Fdtn Trust-Contract Baseline,COLLABORATIVE COMMISSIONING,MOORFIELDS EYE HOSPITAL NHS FOUNDATION TRUST,21828191,"(123,308.00)",,CC0006187,,
Department of Health,NHS East Berkshire CCG,4/30/2018,Hcare Srv Rec Fdtn Trust-Prior Year,COLLABORATIVE COMMISSIONING,ROYAL MARSDEN NHS FOUNDATION TRUST (THE),21828197,"(480,945.00)",,45747639,,
Department of Health,NHS East Berkshire CCG,4/30/2018,Hcare Srv Rec Fdtn Trust-Prior Year,COLLABORATIVE COMMISSIONING,ROYAL MARSDEN NHS FOUNDATION TRUST (THE),21828204,"480,945.00 ",,45747683,,
Department of Health,NHS East Berkshire CCG,4/30/2018,C&M-GMS Global Sum,PRC DELEGATED CO-COMMISSIONING,COOKHAM MEDICAL CENTRE,21837794,"(1,169.11)",,BE000027240,,
Department of Health,NHS East Berkshire CCG,4/30/2018,C&M-GMS QOF Aspiration,PRC DELEGATED CO-COMMISSIONING,COOKHAM MEDICAL CENTRE,21837794,(355.57),,BE000027240,,
Department of Health,NHS East Berkshire CCG,4/30/2018,C&M-GMS Voluntary Levy,PRC DELEGATED CO-COMMISSIONING,COOKHAM MEDICAL CENTRE,21837794,(634.93),,BE000027240,,
Department of Health,NHS East Berkshire CCG,4/30/2018,ME - GMS GP Prior Year ERs,PRC DELEGATED CO-COMMISSIONING,COOKHAM MEDICAL CENTRE,21837794,"(7,447.26)",,BE000027240,,
Department of Health,NHS East Berkshire CCG,4/30/2018,ME-GMS GP Pension EEs,PRC DELEGATED CO-COMMISSIONING,COOKHAM MEDICAL CENTRE,21837794,"(5,957.72)",,BE000027240,,
Department of Health,NHS East Berkshire CCG,4/30/2018,ME-GMS GP Pension ERs Adjustments,PRC DELEGATED CO-COMMISSIONING,COOKHAM MEDICAL CENTRE,21837794,"(6,261.29)",,BE000027240,,
Department of Health,NHS East Berkshire CCG,4/30/2018,ME-GMS GP Prior Year EEs,PRC DELEGATED CO-COMMISSIONING,COOKHAM MEDICAL CENTRE,21837794,"(4,902.31)",,BE000027240,,
Department of Health,NHS East Berkshire CCG,4/30/2018,C&M-GMS Global Sum,PRC DELEGATED CO-COMMISSIONING,RUNNYMEDE MEDICAL PRACTICE,21837796,"87,263.52 ",,BE000027288,,
Department of Health,NHS East Berkshire CCG,4/30/2018,C&M-GMS MPIG Correction Factor,PRC DELEGATED CO-COMMISSIONING,RUNNYMEDE MEDICAL PRACTICE,21837796,"1,159.54 ",,BE000027288,,
Department of Health,NHS East Berkshire CCG,4/30/2018,C&M-GMS Prem Actual Rent,PRC DELEGATED CO-COMMISSIONING,RUNNYMEDE MEDICAL PRACTICE,21837796,"3,541.67 ",,BE000027288,,
Department of Health,NHS East Berkshire CCG,4/30/2018,C&M-GMS Prem Notional Rent,PRC DELEGATED CO-COMMISSIONING,RUNNYMEDE MEDICAL PRACTICE,21837796,"4,500.00 ",,BE000027288,,
Department of Health,NHS East Berkshire CCG,4/30/2018,C&M-GMS QOF Aspiration,PRC DELEGATED CO-COMMISSIONING,RUNNYMEDE MEDICAL PRACTICE,21837796,"7,844.64 ",,BE000027288,,
Department of Health,NHS East Berkshire CCG,4/30/2018,ME - GMS GP Prior Year ERs,PRC DELEGATED CO-COMMISSIONING,RUNNYMEDE MEDICAL PRACTICE,21837796,"5,946.10 ",,BE000027288,,
Department of Health,NHS East Berkshire CCG,4/30/2018,ME-GMS GP Pension AVCs,PRC DELEGATED CO-COMMISSIONING,RUNNYMEDE MEDICAL PRACTICE,21837796,"4,980.00 ",,BE000027288,,
Department of Health,NHS East Berkshire CCG,4/30/2018,ME-GMS GP Pension EEs Adjustments,PRC DELEGATED CO-COMMISSIONING,RUNNYMEDE MEDICAL PRACTICE,21837796,"8,023.32 ",,BE000027288,,
Department of Health,NHS East Berkshire CCG,4/30/2018,ME-GMS GP Pension ERs Adjustments,PRC DELEGATED CO-COMMISSIONING,RUNNYMEDE MEDICAL PRACTICE,21837796,"7,956.92 ",,BE000027288,,
Department of Health,NHS East Berkshire CCG,4/30/2018,ME-GMS GP Prior Year EEs,PRC DELEGATED CO-COMMISSIONING,RUNNYMEDE MEDICAL PRACTICE,21837796,"6,029.27 ",,BE000027288,,
Department of Health,NHS East Berkshire CCG,4/30/2018,C&M-GMS DES Learn Dsblty Hlth Chk,PRC DELEGATED CO-COMMISSIONING,SOUTH MEADOW SURGERY,21837797,280.00 ,,BE000027290,,
Department of Health,NHS East Berkshire CCG,4/30/2018,C&M-GMS Global Sum,PRC DELEGATED CO-COMMISSIONING,SOUTH MEADOW SURGERY,21837797,"86,819.46 ",,BE000027290,,
Department of Health,NHS East Berkshire CCG,4/30/2018,C&M-GMS LES Medical Fees,LOCAL ENHANCED SERVICES,SOUTH MEADOW SURGERY,21837797,77.00 ,,BE000027290,,
Department of Health,NHS East Berkshire CCG,4/30/2018,C&M-GMS MPIG Correction Factor,PRC DELEGATED CO-COMMISSIONING,SOUTH MEADOW SURGERY,21837797,730.86 ,,BE000027290,,
Department of Health,NHS East Berkshire CCG,4/30/2018,C&M-GMS Other FDR Payment,PRC DELEGATED CO-COMMISSIONING,SOUTH MEADOW SURGERY,21837797,"4,334.69 ",,BE000027290,,
Department of Health,NHS East Berkshire CCG,4/30/2018,C&M-GMS Prem Actual Rent,PRC DELEGATED CO-COMMISSIONING,SOUTH MEADOW SURGERY,21837797,"3,750.00 ",,BE000027290,,
Department of Health,NHS East Berkshire CCG,4/30/2018,C&M-GMS Prem Notional Rent,PRC DELEGATED CO-COMMISSIONING,SOUTH MEADOW SURGERY,21837797,"8,804.17 ",,BE000027290,,
Department of Health,NHS East Berkshire CCG,4/30/2018,C&M-GMS QOF Aspiration,PRC DELEGATED CO-COMMISSIONING,SOUTH MEADOW SURGERY,21837797,"9,318.12 ",,BE000027290,,
Department of Health,NHS East Berkshire CCG,4/30/2018,C&M-GMS Practice Transformational Support,LOCAL ENHANCED SERVICES,WINDSOR MEDICAL SERVICES LTD,21874824,"51,050.00 ",,1718GPFV2,,
Department of Health,NHS East Berkshire CCG,4/30/2018,C&M-APMS LES Extended Hours,COMMISSIONING SCHEMES,BERKSHIRE PRIMARY CARE LTD,21874907,"51,601.57 ",,BPC181900001,,
Department of Health,NHS East Berkshire CCG,4/30/2018,C&M-GMS Practice Transformational Support,LOCAL ENHANCED SERVICES,WINDSOR MEDICAL SERVICES LTD,21874910,"50,102.00 ",,1819GPFV1,,
Department of Health,NHS East Berkshire CCG,4/30/2018,Hcare Srv Rec Fdtn Trust-Contract Baseline,ACUTE COMMISSIONING,FRIMLEY HEALTH NHS FOUNDATION TRUST,21874985,"16,769,633.00 ",654922028,N0098487,,
Department of Health,NHS East Berkshire CCG,4/30/2018,Hcare Srv Rec Fdtn Trust-CQUIN,PATIENT TRANSPORT,SOUTH CENTRAL AMBULANCE SERVICE NHS FOUNDATION TRUST,21900332,"3,945.34 ",654923613,INV0048461,,
Department of Health,NHS East Berkshire CCG,4/30/2018,Hcare Srv Rec Fdtn Trust-Contract Baseline,PATIENT TRANSPORT,SOUTH CENTRAL AMBULANCE SERVICE NHS FOUNDATION TRUST,21900332,"157,813.76 ",654923613,INV0048461,,
Department of Health,NHS East Berkshire CCG,4/30/2018,Hcare Srv Rec Fdtn Trust-Over/ Under Performance,AMBULANCE SERVICES,SOUTH CENTRAL AMBULANCE SERVICE NHS FOUNDATION TRUST,21900343,"57,147.17 ",654923613,INV0048523,,
Department of Health,NHS East Berkshire CCG,4/30/2018,Hcare Srv Rec NHS Trust-Contract Baseline,ACUTE COMMISSIONING,BUCKINGHAMSHIRE HEALTHCARE NHS TRUST,21900358,"240,060.89 ",654 4313 46,B0000420,,
Department of Health,NHS East Berkshire CCG,4/30/2018,Hcare Srv Rec Fdtn Trust-Contract Baseline,AMBULANCE SERVICES,SOUTH EAST COAST AMBULANCE SERVICE NHS FOUNDATION TRUST,21900442,"30,670.01 ",,7880675,,
Department of Health,NHS East Berkshire CCG,4/30/2018,Cont Care-Learning Disab(<65),ADULT JOINT FUNDED CONTINUING CARE,92 HIGHER DRIVE LTD,21916948,"32,309.27 ",,0000002418,,
Department of Health,NHS East Berkshire CCG,4/30/2018,C&M-GMS PCO Locum Adop/Pat/Mat,PRC DELEGATED CO-COMMISSIONING,RUNNYMEDE MEDICAL PRACTICE,21925817,"30,000.00 ",,100007-25-APR-2018,,
Department of Health,NHS East Berkshire CCG,4/30/2018,Clinical&Medical-Commercial Sector,OUT OF HOURS,EAST BERKSHIRE PRIMARY CARE(OOHS),21941981,"378,350.00 ",,13475,,
Department of Health,NHS East Berkshire CCG,4/30/2018,Hcare Srv Rec Fdtn Trust-Non Contract,PROGRAMME PROJECTS,FRIMLEY HEALTH NHS FOUNDATION TRUST,21942042,"250,000.00 ",654922028,N0097759,,
Department of Health,NHS East Berkshire CCG,4/30/2018,Clinical&Medical-Othe Public Sector,PROGRAMME PROJECTS,ROYAL BOROUGH OF WINDSOR & MAIDENHEAD,21942083,"136,328.00 ",208943942,IP1423703,,
Department of Health,NHS East Berkshire CCG,4/30/2018,Hcare Srv Rec Fdtn Trust-Non Contract,PROGRAMME PROJECTS,FRIMLEY HEALTH NHS FOUNDATION TRUST,21942119,"250,000.00 ",654922028,N0097758,,
Department of Health,NHS East Berkshire CCG,4/30/2018,Hcare Srv Rec Fdtn Trust-Non Contract,PROGRAMME PROJECTS,FRIMLEY HEALTH NHS FOUNDATION TRUST,21942212,"150,180.37 ",654922028,N0098289,,
Department of Health,NHS East Berkshire CCG,4/30/2018,Hcare Srv Rec Fdtn Trust-Non Contract,PROGRAMME PROJECTS,FRIMLEY HEALTH NHS FOUNDATION TRUST,21942218,"86,830.95 ",654922028,N0098288,,
Department of Health,NHS East Berkshire CCG,4/30/2018,Hcare Srv Rec Fdtn Trust-Non Contract,PROGRAMME PROJECTS,FRIMLEY HEALTH NHS FOUNDATION TRUST,21942223,"150,180.37 ",654922028,N0098287,,
Department of Health,NHS East Berkshire CCG,4/30/2018,Hcare Srv Rec Fdtn Trust-Non Contract,PROGRAMME PROJECTS,FRIMLEY HEALTH NHS FOUNDATION TRUST,21942227,"(250,000.00)",654922028,N0098335,,
Department of Health,NHS East Berkshire CCG,4/30/2018,Hcare Srv Rec Fdtn Trust-Non Contract,PROGRAMME PROJECTS,FRIMLEY HEALTH NHS FOUNDATION TRUST,21942228,"(250,000.00)",654922028,N0098336,,
Department of Health,NHS East Berkshire CCG,4/30/2018,C&M-GMS LES Primary Care Offer,LOCAL ENHANCED SERVICES,BHARANI MEDICAL CENTRE,21955269,"32,637.00 ",,WHOLESYSTEM01,,
Department of Health,NHS East Berkshire CCG,4/30/2018,C&M-GMS Prem Rates,PRC DELEGATED CO-COMMISSIONING,SLOUGH BOROUGH COUNCIL,21955316,"26,129.00 ",209222982,10721001401031826129,,
Department of Health,NHS East Berkshire CCG,4/30/2018,C&M-GMS LES Primary Care Offer,LOCAL ENHANCED SERVICES,HERSCHEL MEDICAL CENTRE,21955493,"33,791.00 ",,15586,,
Department of Health,NHS East Berkshire CCG,4/30/2018,Other professional fees,COLLABORATIVE COMMISSIONING,UNITED HEALTH UK,21955530,"40,000.00 ",108297604,0001083093,,
Department of Health,NHS East Berkshire CCG,4/30/2018,Hcare Srv Rec Fdtn Trust-Contract Baseline,COLLABORATIVE COMMISSIONING,ROYAL BROMPTON & HAREFIELD NHS FOUNDATION TRUST,21966997,"167,054.47 ",,S003561,,
Department of Health,NHS East Berkshire CCG,4/30/2018,Hcare Srv Rec Fdtn Trust-Contract Baseline,COLLABORATIVE COMMISSIONING,ROYAL BROMPTON & HAREFIELD NHS FOUNDATION TRUST,21966998,"67,566.29 ",,S003559,,
Department of Health,NHS East Berkshire CCG,4/30/2018,Hcare Srv Rec Fdtn Trust-Contract Baseline,COLLABORATIVE COMMISSIONING,ROYAL BROMPTON & HAREFIELD NHS FOUNDATION TRUST,21967003,"36,446.23 ",,S003567,,
Department of Health,NHS East Berkshire CCG,4/30/2018,Hcare Srv Rec Fdtn Trust-Contract Baseline,COLLABORATIVE COMMISSIONING,GREAT ORMOND STREET HOSPITAL FOR CHILDREN NHS FOUNDATION TRUST,21967004,"100,010.91 ",654922910,X0194080,,
Department of Health,NHS East Berkshire CCG,4/30/2018,Hcare Srv Rec Fdtn Trust-Contract Baseline,COLLABORATIVE COMMISSIONING,ROYAL MARSDEN NHS FOUNDATION TRUST (THE),21967007,"147,891.10 ",,45747830,,
Department of Health,NHS East Berkshire CCG,4/30/2018,Hcare Srv Rec Fdtn Trust-Contract Baseline,COLLABORATIVE COMMISSIONING,UNIVERSITY COLLEGE LONDON HOSPITALS NHS FOUNDATION TRUST,21967012,"84,896.00 ",654948687,SLA3634,,
,,,,,,,,,,,
