Department family,Entity,Date,Expense Type,Expense area,Supplier,Transaction number,AP Amount (�),Purchase invoice number
Department of Health,NHS Coastal West Sussex CCG,2/28/2019,Cont Care- Children,NON RECURRENT PROGRAMMES,WEST SUSSEX COUNTY COUNCIL,25805953,"69,182.00 ",8001287716
Department of Health,NHS Coastal West Sussex CCG,2/28/2019,Hcare Srv Rec Fdtn Trust-Non Contract,NCAS/OATS,HAMPSHIRE HOSPITALS NHS FOUNDATION TRUST,25805980,"30,597.73 ",40086634
Department of Health,NHS Coastal West Sussex CCG,2/28/2019,Hcare Srv Rec NHS Trust-Non Contract,NCAS/OATS,EPSOM & ST HELIER UNIVERSITY HOSPITALS NHS TRUST,25809996,"34,748.98 ",19755499
Department of Health,NHS Coastal West Sussex CCG,2/28/2019,Clinical&Medical-Commercial Sector,COMMUNITY SERVICES,SUSSEX COMMUNITY DERMATOLOGY SERVICE,25809999,"67,267.66 ",NYG09GNOV2018
Department of Health,NHS Coastal West Sussex CCG,2/28/2019,Clinical&Medical-Commercial Sector,COMMUNITY SERVICES,SPECSAVERS HEARCARE LTD,25810097,"57,737.09 ",21330112
Department of Health,NHS Coastal West Sussex CCG,2/28/2019,Cont Care- Children,CHC CHILDREN,WEST SUSSEX COUNTY COUNCIL,25810187,"55,348.00 ",8001351444
Department of Health,NHS Coastal West Sussex CCG,2/28/2019,Hcare Srv Rec Fdtn Trust-Contract Baseline,ACUTE COMMISSIONING,ROYAL SURREY COUNTY HOSPITAL NHS FOUNDATION TRUST,25810202,"79,952.00 ",13798777
Department of Health,NHS Coastal West Sussex CCG,2/28/2019,Legal / Prof Fees,CORPORATE GOVERNANCE,PRICEWATERHOUSECOOPERS LLP,25821633,"50,000.00 ",1355033757
Department of Health,NHS Coastal West Sussex CCG,2/28/2019,Clinical&Medical-Commercial Sector,OUT OF HOURS,INTEGRATED CARE 24 LTD,25821638,"307,748.50 ",2548
Department of Health,NHS Coastal West Sussex CCG,2/28/2019,Hcare Srv Rec NHS Trust-Contract Baseline,ACUTE COMMISSIONING,SURREY AND SUSSEX HEALTHCARE NHS TRUST,25829089,"177,375.00 ",11969458
Department of Health,NHS Coastal West Sussex CCG,2/28/2019,C&M-GMS DES Extended Hours Access,PRC DELEGATED CO-COMMISSIONING,FITZALAN MEDICAL GROUP,25831098,"8,037.00 ",TW000039930
Department of Health,NHS Coastal West Sussex CCG,2/28/2019,C&M-GMS DES Learn Dsblty Hlth Chk,PRC DELEGATED CO-COMMISSIONING,FITZALAN MEDICAL GROUP,25831098,"1,400.00 ",TW000039930
Department of Health,NHS Coastal West Sussex CCG,2/28/2019,C&M-GMS Prem Rates,PRC DELEGATED CO-COMMISSIONING,FITZALAN MEDICAL GROUP,25831098,"2,241.00 ",TW000039930
Department of Health,NHS Coastal West Sussex CCG,2/28/2019,C&M-GMS QOF Aspiration,PRC DELEGATED CO-COMMISSIONING,FITZALAN MEDICAL GROUP,25831098,"13,681.03 ",TW000039930
Department of Health,NHS Coastal West Sussex CCG,2/28/2019,C&M-GMS DES Extended Hours Access,PRC DELEGATED CO-COMMISSIONING,LIME TREE SURGERY WORTHING,25831107,"10,021.55 ",TW000039939
Department of Health,NHS Coastal West Sussex CCG,2/28/2019,C&M-GMS Prem Rates,PRC DELEGATED CO-COMMISSIONING,LIME TREE SURGERY WORTHING,25831107,"2,357.00 ",TW000039939
Department of Health,NHS Coastal West Sussex CCG,2/28/2019,C&M-GMS QOF Aspiration,PRC DELEGATED CO-COMMISSIONING,LIME TREE SURGERY WORTHING,25831107,"12,726.91 ",TW000039939
Department of Health,NHS Coastal West Sussex CCG,2/28/2019,C&M-GMS DES Extended Hours Access,PRC DELEGATED CO-COMMISSIONING,ST LAWRENCE SURGERY,25831123,"7,222.85 ",TW000039955
Department of Health,NHS Coastal West Sussex CCG,2/28/2019,C&M-GMS DES Learn Dsblty Hlth Chk,PRC DELEGATED CO-COMMISSIONING,ST LAWRENCE SURGERY,25831123,420.00 ,TW000039955
Department of Health,NHS Coastal West Sussex CCG,2/28/2019,C&M-GMS Prem Rates,PRC DELEGATED CO-COMMISSIONING,ST LAWRENCE SURGERY,25831123,"4,570.20 ",TW000039955
Department of Health,NHS Coastal West Sussex CCG,2/28/2019,C&M-GMS QOF Aspiration,PRC DELEGATED CO-COMMISSIONING,ST LAWRENCE SURGERY,25831123,"13,331.32 ",TW000039955
Department of Health,NHS Coastal West Sussex CCG,2/28/2019,C&M-GMS DES Extended Hours Access,PRC DELEGATED CO-COMMISSIONING,WORTHING MEDICAL GROUP,25831129,"9,503.80 ",TW000039961
Department of Health,NHS Coastal West Sussex CCG,2/28/2019,C&M-GMS DES Learn Dsblty Hlth Chk,PRC DELEGATED CO-COMMISSIONING,WORTHING MEDICAL GROUP,25831129,"1,820.00 ",TW000039961
Department of Health,NHS Coastal West Sussex CCG,2/28/2019,C&M-GMS Prem Rates,PRC DELEGATED CO-COMMISSIONING,WORTHING MEDICAL GROUP,25831129,"4,437.00 ",TW000039961
Department of Health,NHS Coastal West Sussex CCG,2/28/2019,C&M-GMS QOF Aspiration,PRC DELEGATED CO-COMMISSIONING,WORTHING MEDICAL GROUP,25831129,"25,221.20 ",TW000039961
Department of Health,NHS Coastal West Sussex CCG,2/28/2019,Clinical&Medical-Othe Public Sector,COMMUNITY SERVICES,WEST SUSSEX COUNTY COUNCIL,25838879,"1,981,671.00 ",8001305149
Department of Health,NHS Coastal West Sussex CCG,2/28/2019,Clinical&Medical-Othe Public Sector,COMMUNITY SERVICES,WEST SUSSEX COUNTY COUNCIL,25838907,"1,981,671.00 ",8001322051
Department of Health,NHS Coastal West Sussex CCG,2/28/2019,Clinical&Medical-Othe Public Sector,COMMUNITY SERVICES,WEST SUSSEX COUNTY COUNCIL,25838933,"1,981,671.00 ",8001328074
Department of Health,NHS Coastal West Sussex CCG,2/28/2019,Clinical&Medical-Othe Public Sector,COMMUNITY SERVICES,WEST SUSSEX COUNTY COUNCIL,25838945,"1,981,671.00 ",8001334430
Department of Health,NHS Coastal West Sussex CCG,2/28/2019,Clinical&Medical-Othe Public Sector,COMMUNITY SERVICES,WEST SUSSEX COUNTY COUNCIL,25838974,"1,981,671.00 ",8001347401
Department of Health,NHS Coastal West Sussex CCG,2/28/2019,Clinical&Medical-Commercial Sector,COMMUNITY SERVICES,SUSSEX MEDICAL CHAMBERS,25841987,"35,350.00 ",2887
Department of Health,NHS Coastal West Sussex CCG,2/28/2019,Basic Sal-Rechgs to-from Other NHS,OPERATIONS MANAGEMENT,NHS GUILDFORD AND WAVERLEY CCG,25842189,"35,352.75 ",7026301154
Department of Health,NHS Coastal West Sussex CCG,2/28/2019,Basic Sal-Rechgs to-from Other NHS,OPERATIONS MANAGEMENT,NHS GUILDFORD AND WAVERLEY CCG,25842201,"35,328.75 ",7026301155
Department of Health,NHS Coastal West Sussex CCG,2/28/2019,Cont Care-Physical Disab (65+),CHC ADULT FULLY FUNDED,92 HIGHER DRIVE LTD,25851575,"25,818.70 ",09GIPF092850
Department of Health,NHS Coastal West Sussex CCG,2/28/2019,Hcare Srv Rec Fdtn Trust-Non Contract,NCAS/OATS,FRIMLEY HEALTH NHS FOUNDATION TRUST,25856275,"34,214.00 ",N0101554
Department of Health,NHS Coastal West Sussex CCG,2/28/2019,Hcare Srv Rec Fdtn Trust-Contract Baseline,PATIENT TRANSPORT,NHS HIGH WEALD LEWES HAVENS CCG,25856374,"1,075,619.00 ",7030701687
Department of Health,NHS Coastal West Sussex CCG,2/28/2019,Clinical&Medical-Commercial Sector,NCAS/OATS,SPIRE HEALTHCARE LTD,25871691,"115,232.60 ",09GNCA181908
Department of Health,NHS Coastal West Sussex CCG,2/28/2019,Clinical&Medical-Commercial Sector,NCAS/OATS,SPIRE HEALTHCARE LTD,25871848,"98,525.31 ",09GNCA181909
Department of Health,NHS Coastal West Sussex CCG,2/28/2019,Hcare Srv Rec Fdtn Trust-Contract Baseline,ACUTE COMMISSIONING,SOUTHAMPTON UNIVERSITY HOSPITALS NHS FOUNDATION TRUST,25876937,"165,266.00 ",7329152
Department of Health,NHS Coastal West Sussex CCG,2/28/2019,Hcare Srv Rec Fdtn Trust-Contract Baseline,ACUTE COMMISSIONING,WESTERN SUSSEX HOSPITALS NHS FOUNDATION TRUST,25876941,"26,331,751.00 ",1500035359
Department of Health,NHS Coastal West Sussex CCG,2/28/2019,Hcare Srv Rec Fdtn Trust-Contract Baseline,COMMUNITY SERVICES,SUSSEX COMMUNITY NHS FOUNDATION TRUST,25876943,"4,721,880.00 ",11139036
Department of Health,NHS Coastal West Sussex CCG,2/28/2019,Hcare Srv Rec Fdtn Trust-Contract Baseline,ACUTE COMMISSIONING,ROYAL SURREY COUNTY HOSPITAL NHS FOUNDATION TRUST,25876945,"378,997.00 ",13798872
Department of Health,NHS Coastal West Sussex CCG,2/28/2019,Hcare Srv Rec Fdtn Trust-Contract Baseline,NHS 111,SOUTH EAST COAST AMBULANCE SERVICE NHS FOUNDATION TRUST,25876946,"162,279.92 ",7881613
Department of Health,NHS Coastal West Sussex CCG,2/28/2019,Hcare Srv Rec Fdtn Trust-Contract Baseline,AMBULANCE SERVICES,SOUTH EAST COAST AMBULANCE SERVICE NHS FOUNDATION TRUST,25876947,"1,908,022.41 ",7881657
Department of Health,NHS Coastal West Sussex CCG,2/28/2019,Hcare Srv Rec NHS Trust-Contract Baseline,ACUTE COMMISSIONING,BRIGHTON AND SUSSEX UNIVERSITY HOSPITALS NHS TRUST,25876948,"1,401,201.00 ",162028
Department of Health,NHS Coastal West Sussex CCG,2/28/2019,Hcare Srv Rec Fdtn Trust-Contract Baseline,ACUTE COMMISSIONING,ROYAL BROMPTON & HAREFIELD NHS FOUNDATION TRUST,25948340,"44,132.54 ",S005290
Department of Health,NHS Coastal West Sussex CCG,2/28/2019,Hcare Srv Rec Fdtn Trust-Contract Baseline,ACUTE COMMISSIONING,ST GEORGES UNIVERSITY HOSPITALS NHS FOUNDATION TRUST,25948341,"78,729.68 ",6448053
Department of Health,NHS Coastal West Sussex CCG,2/28/2019,Hcare Srv Rec Fdtn Trust-Contract Baseline,ACUTE COMMISSIONING,KING`S COLLEGE HOSPITAL NHS FOUNDATION TRUST,25948343,"49,998.00 ",00266658
Department of Health,NHS Coastal West Sussex CCG,2/28/2019,Clinical&Medical-Commercial Sector,PLANNED CARE,BMI HEALTHCARE LTD,25948353,"(172,683.99)",0000103146
Department of Health,NHS Coastal West Sussex CCG,2/28/2019,Hcare Srv Rec Fdtn Trust-Contract Baseline,ACUTE COMMISSIONING,GUYS & ST THOMAS HOSPITAL NHS FOUNDATION TRUST,25948381,"170,202.00 ",3255659
Department of Health,NHS Coastal West Sussex CCG,2/28/2019,Clinical&Medical-Commercial Sector,PLANNED CARE,NUFFIELD HEALTH,25948426,"29,869.10 ",CTNUFF842
Department of Health,NHS Coastal West Sussex CCG,2/28/2019,Hcare Srv Rec NHS Trust-Contract Baseline,ACUTE COMMISSIONING,ROYAL NATIONAL ORTHOPAEDIC HOSPITAL NHS TRUST,25948435,"58,325.00 ",B0039155
Department of Health,NHS Coastal West Sussex CCG,2/28/2019,Clinical&Medical-Commercial Sector,COMMUNITY SERVICES,ACTION FOR DEAFNESS,25948529,"45,595.89 ",20190113
Department of Health,NHS Coastal West Sussex CCG,2/28/2019,Hcare Srv Rec Fdtn Trust-Contract Baseline,ACUTE COMMISSIONING,UNIVERSITY COLLEGE LONDON HOSPITALS NHS FOUNDATION TRUST,25964434,"102,488.00 ",5010189672
Department of Health,NHS Coastal West Sussex CCG,2/28/2019,Charges from CSU,PRIMARY CARE IT,NHS NEL CSU,25964643,"40,991.42 ",7312808501
Department of Health,NHS Coastal West Sussex CCG,2/28/2019,Cont Care-FNC Client Continence Allow,FUNDED NURSING CARE,ESSITY UK LTD,25964688,"51,623.74 ",6401482543
Department of Health,NHS Coastal West Sussex CCG,2/28/2019,Clinical&Medical-Commercial Sector,MENTAL HEALTH CONTRACTS,NHS HORSHAM AND MID SUSSEX CCG,25964823,"7,024,075.00 ",7026601326
Department of Health,NHS Coastal West Sussex CCG,2/28/2019,Hcare Srv Rec Fdtn Trust-Contract Baseline,ACUTE COMMISSIONING,QUEEN VICTORIA HOSPITAL NHS FOUNDATION TRUST,25972082,"215,913.00 ",2010018135
Department of Health,NHS Coastal West Sussex CCG,2/28/2019,Clinical&Medical-Commercial Sector,PLANNED CARE,BMI HEALTHCARE LTD,25986793,"579,424.03 ",0000103688
Department of Health,NHS Coastal West Sussex CCG,2/28/2019,Clinical&Medical-Commercial Sector,GP FORWARD VIEW,IPC LTD,25986859,"563,980.00 ",0424
Department of Health,NHS Coastal West Sussex CCG,2/28/2019,Cont Care- Palliative Care,CHC ADULT FULLY FUNDED,ST BARNABAS HOSPICE,25986870,"55,829.58 ",STBFT222
Department of Health,NHS Coastal West Sussex CCG,2/28/2019,Hlthcre-Foundation Trsts,END OF LIFE,SUSSEX COMMUNITY NHS FOUNDATION TRUST,25986876,"92,760.67 ",11139046
Department of Health,NHS Coastal West Sussex CCG,2/28/2019,Clinical&Medical-Commercial Sector,PLANNED CARE,NUFFIELD HEALTH,25986909,"189,932.50 ",CTNUFF843
Department of Health,NHS Coastal West Sussex CCG,2/28/2019,Charges from CSU,CONTRACT MANAGEMENT,NHS SOUTH CENTRAL AND WEST COMMISSIONING SUPPORT UNIT,25986931,"54,080.04 ",7312708182
Department of Health,NHS Coastal West Sussex CCG,2/28/2019,Charges from CSU,CORPORATE GOVERNANCE,NHS SOUTH CENTRAL AND WEST COMMISSIONING SUPPORT UNIT,25986931,"7,100.00 ",7312708182
Department of Health,NHS Coastal West Sussex CCG,2/28/2019,Charges from CSU,EDUCATION AND TRAINING,NHS SOUTH CENTRAL AND WEST COMMISSIONING SUPPORT UNIT,25986931,"10,745.00 ",7312708182
Department of Health,NHS Coastal West Sussex CCG,2/28/2019,Charges from CSU,ESTATES AND FACILITIES,NHS SOUTH CENTRAL AND WEST COMMISSIONING SUPPORT UNIT,25986931,245.00 ,7312708182
Department of Health,NHS Coastal West Sussex CCG,2/28/2019,Charges from CSU,FINANCE,NHS SOUTH CENTRAL AND WEST COMMISSIONING SUPPORT UNIT,25986931,"7,226.00 ",7312708182
Department of Health,NHS Coastal West Sussex CCG,2/28/2019,Charges from CSU,PERFORMANCE,NHS SOUTH CENTRAL AND WEST COMMISSIONING SUPPORT UNIT,25986931,"23,974.00 ",7312708182
Department of Health,NHS Coastal West Sussex CCG,2/28/2019,Cont Care-Physical Disab (<65),CHC ADULT FULLY FUNDED,PRESTIGE NURSING LTD,25988127,"25,941.71 ",407356M
Department of Health,NHS Coastal West Sussex CCG,2/28/2019,Cont Care- Children,CHC CHILDREN,INVENT HEALTH LTD,26001277,"27,363.31 ",CP1901054
Department of Health,NHS Coastal West Sussex CCG,2/28/2019,Cont Care- Children,CHC CHILDREN,WEST SUSSEX COUNTY COUNCIL,26026596,"44,127.00 ",8001354764
Department of Health,NHS Coastal West Sussex CCG,2/28/2019,Hcare Srv Rec NHS Trust-Contract Baseline,ACUTE COMMISSIONING,PORTSMOUTH HOSPITALS NHS TRUST,26032093,"653,750.00 ",9372892
Department of Health,NHS Coastal West Sussex CCG,2/28/2019,Apprenticeship Levy Payable,BALANCE SHEET,HMRC,26040537,"2,489.00 ",475PP004688831910
Department of Health,NHS Coastal West Sussex CCG,2/28/2019,Income tax <1Yr,BALANCE SHEET,HMRC,26040537,"106,305.20 ",475PP004688831910
Department of Health,NHS Coastal West Sussex CCG,2/28/2019,Income tax <1Yr-Student Loans,BALANCE SHEET,HMRC,26040537,867.00 ,475PP004688831910
Department of Health,NHS Coastal West Sussex CCG,2/28/2019,National Insurance < 1 yr-NI- ERS,BALANCE SHEET,HMRC,26040537,"78,801.16 ",475PP004688831910
Department of Health,NHS Coastal West Sussex CCG,2/28/2019,National Insurance < 1 yr-NI-EES,BALANCE SHEET,HMRC,26040537,"59,096.31 ",475PP004688831910
Department of Health,NHS Coastal West Sussex CCG,2/28/2019,Statutory Mat Pay < 1 yr,BALANCE SHEET,HMRC,26040537,"(2,958.67)",475PP004688831910
Department of Health,NHS Coastal West Sussex CCG,2/28/2019,Hcare Srv Rec Fdtn Trust-Non Contract,NCAS/OATS,KING`S COLLEGE HOSPITAL NHS FOUNDATION TRUST,26050366,"35,074.00 ",00260774
Department of Health,NHS Coastal West Sussex CCG,2/28/2019,Hcare Srv Rec Fdtn Trust-Non Contract,NCAS/OATS,KING`S COLLEGE HOSPITAL NHS FOUNDATION TRUST,26050367,"36,579.00 ",00261480
Department of Health,NHS Coastal West Sussex CCG,2/28/2019,Hcare Srv Rec Fdtn Trust-Contract Baseline,ACUTE COMMISSIONING,QUEEN VICTORIA HOSPITAL NHS FOUNDATION TRUST,26050372,"49,256.76 ",2010015860
Department of Health,NHS Coastal West Sussex CCG,2/28/2019,Hcare Srv Rec Fdtn Trust-Non Contract,NCAS/OATS,KING`S COLLEGE HOSPITAL NHS FOUNDATION TRUST,26050374,"57,215.00 ",00262436
Department of Health,NHS Coastal West Sussex CCG,2/28/2019,Hcare Srv Rec Fdtn Trust-Contract Baseline,ACUTE COMMISSIONING,QUEEN VICTORIA HOSPITAL NHS FOUNDATION TRUST,26050375,"29,135.53 ",2010016077
Department of Health,NHS Coastal West Sussex CCG,2/28/2019,Hcare Srv Rec Fdtn Trust-Non Contract,NCAS/OATS,KING`S COLLEGE HOSPITAL NHS FOUNDATION TRUST,26050376,"32,719.00 ",00263469
Department of Health,NHS Coastal West Sussex CCG,2/28/2019,Hcare Srv Rec Fdtn Trust-Contract Baseline,ACUTE COMMISSIONING,KING`S COLLEGE HOSPITAL NHS FOUNDATION TRUST,26050382,"349,984.00 ",00264338
Department of Health,NHS Coastal West Sussex CCG,2/28/2019,Hcare Srv Rec Fdtn Trust-Contract Baseline,ACUTE COMMISSIONING,IMPERIAL COLLEGE HEALTHCARE NHS TRUST,26050405,"(29,097.01)",H0168911
Department of Health,NHS Coastal West Sussex CCG,2/28/2019,Hcare Srv Rec Fdtn Trust-Contract Baseline,ACUTE COMMISSIONING,KING`S COLLEGE HOSPITAL NHS FOUNDATION TRUST,26050406,"50,484.00 ",00266916
Department of Health,NHS Coastal West Sussex CCG,2/28/2019,Clinical&Medical-Commercial Sector,COMMISSIONING SCHEMES,BERSTED GREEN SURGERY,26050408,"49,576.86 ",4392
Department of Health,NHS Coastal West Sussex CCG,2/28/2019,Hcare Srv Rec Fdtn Trust-Non Contract,NCAS/OATS,KING`S COLLEGE HOSPITAL NHS FOUNDATION TRUST,26050433,"(161,587.00)",CR00025564
Department of Health,NHS Coastal West Sussex CCG,2/28/2019,C&M-GMS DES Minor Surgery,LOCAL ENHANCED SERVICES,LIME TREE SURGERY WORTHING,26059619,"8,039.03 ",09GIPF093016
Department of Health,NHS Coastal West Sussex CCG,2/28/2019,C&M-GMS LES 24 Hour ABPM,LOCAL ENHANCED SERVICES,LIME TREE SURGERY WORTHING,26059619,820.04 ,09GIPF093016
Department of Health,NHS Coastal West Sussex CCG,2/28/2019,C&M-GMS LES Care Home/Nursing Home,LOCAL ENHANCED SERVICES,LIME TREE SURGERY WORTHING,26059619,232.40 ,09GIPF093016
Department of Health,NHS Coastal West Sussex CCG,2/28/2019,C&M-GMS LES Complex Wound Care,LOCAL ENHANCED SERVICES,LIME TREE SURGERY WORTHING,26059619,"3,929.26 ",09GIPF093016
Department of Health,NHS Coastal West Sussex CCG,2/28/2019,C&M-GMS LES DVT,LOCAL ENHANCED SERVICES,LIME TREE SURGERY WORTHING,26059619,330.80 ,09GIPF093016
Department of Health,NHS Coastal West Sussex CCG,2/28/2019,C&M-GMS LES Diabetes-Insulin (GTT),LOCAL ENHANCED SERVICES,LIME TREE SURGERY WORTHING,26059619,"3,536.67 ",09GIPF093016
Department of Health,NHS Coastal West Sussex CCG,2/28/2019,C&M-GMS LES H Pylori,LOCAL ENHANCED SERVICES,LIME TREE SURGERY WORTHING,26059619,85.20 ,09GIPF093016
Department of Health,NHS Coastal West Sussex CCG,2/28/2019,C&M-GMS LES Near Patient Testing,LOCAL ENHANCED SERVICES,LIME TREE SURGERY WORTHING,26059619,"1,775.51 ",09GIPF093016
Department of Health,NHS Coastal West Sussex CCG,2/28/2019,C&M-GMS LES Phlebotomy,LOCAL ENHANCED SERVICES,LIME TREE SURGERY WORTHING,26059619,"3,844.65 ",09GIPF093016
Department of Health,NHS Coastal West Sussex CCG,2/28/2019,C&M-GMS LES Prostate Cancer,LOCAL ENHANCED SERVICES,LIME TREE SURGERY WORTHING,26059619,"1,564.39 ",09GIPF093016
Department of Health,NHS Coastal West Sussex CCG,2/28/2019,C&M-GMS LES Rehabilitation Bed Sch,LOCAL ENHANCED SERVICES,LIME TREE SURGERY WORTHING,26059619,647.43 ,09GIPF093016
Department of Health,NHS Coastal West Sussex CCG,2/28/2019,C&M-GMS LES Spirometry,LOCAL ENHANCED SERVICES,LIME TREE SURGERY WORTHING,26059619,"1,009.96 ",09GIPF093016
Department of Health,NHS Coastal West Sussex CCG,2/28/2019,C&M-GMS NES Minor Injury Services,LOCAL ENHANCED SERVICES,LIME TREE SURGERY WORTHING,26059619,185.16 ,09GIPF093016
Department of Health,NHS Coastal West Sussex CCG,2/28/2019,C&M-GMS DES Minor Surgery,LOCAL ENHANCED SERVICES,WORTHING MEDICAL GROUP,26059639,"3,209.44 ",09GIPF093022
Department of Health,NHS Coastal West Sussex CCG,2/28/2019,C&M-GMS LES 24 Hour ABPM,LOCAL ENHANCED SERVICES,WORTHING MEDICAL GROUP,26059639,"1,165.32 ",09GIPF093022
Department of Health,NHS Coastal West Sussex CCG,2/28/2019,C&M-GMS LES Cardiovascular Disease,LOCAL ENHANCED SERVICES,WORTHING MEDICAL GROUP,26059639,151.50 ,09GIPF093022
Department of Health,NHS Coastal West Sussex CCG,2/28/2019,C&M-GMS LES Care Home/Nursing Home,LOCAL ENHANCED SERVICES,WORTHING MEDICAL GROUP,26059639,"2,888.66 ",09GIPF093022
Department of Health,NHS Coastal West Sussex CCG,2/28/2019,C&M-GMS LES Complex Wound Care,LOCAL ENHANCED SERVICES,WORTHING MEDICAL GROUP,26059639,"5,835.02 ",09GIPF093022
Department of Health,NHS Coastal West Sussex CCG,2/28/2019,C&M-GMS LES DVT,LOCAL ENHANCED SERVICES,WORTHING MEDICAL GROUP,26059639,176.52 ,09GIPF093022
Department of Health,NHS Coastal West Sussex CCG,2/28/2019,C&M-GMS LES Diabetes-Insulin (GTT),LOCAL ENHANCED SERVICES,WORTHING MEDICAL GROUP,26059639,"5,955.24 ",09GIPF093022
Department of Health,NHS Coastal West Sussex CCG,2/28/2019,C&M-GMS LES H Pylori,LOCAL ENHANCED SERVICES,WORTHING MEDICAL GROUP,26059639,14.20 ,09GIPF093022
Department of Health,NHS Coastal West Sussex CCG,2/28/2019,C&M-GMS LES Near Patient Testing,LOCAL ENHANCED SERVICES,WORTHING MEDICAL GROUP,26059639,"1,414.63 ",09GIPF093022
Department of Health,NHS Coastal West Sussex CCG,2/28/2019,C&M-GMS LES Phlebotomy,LOCAL ENHANCED SERVICES,WORTHING MEDICAL GROUP,26059639,"2,206.65 ",09GIPF093022
Department of Health,NHS Coastal West Sussex CCG,2/28/2019,C&M-GMS LES Prostate Cancer,LOCAL ENHANCED SERVICES,WORTHING MEDICAL GROUP,26059639,"1,472.13 ",09GIPF093022
Department of Health,NHS Coastal West Sussex CCG,2/28/2019,C&M-GMS LES Rehabilitation Bed Sch,LOCAL ENHANCED SERVICES,WORTHING MEDICAL GROUP,26059639,262.11 ,09GIPF093022
Department of Health,NHS Coastal West Sussex CCG,2/28/2019,C&M-GMS LES Spirometry,LOCAL ENHANCED SERVICES,WORTHING MEDICAL GROUP,26059639,973.84 ,09GIPF093022
Department of Health,NHS Coastal West Sussex CCG,2/28/2019,C&M-GMS NES Minor Injury Services,LOCAL ENHANCED SERVICES,WORTHING MEDICAL GROUP,26059639,370.32 ,09GIPF093022
Department of Health,NHS Coastal West Sussex CCG,2/28/2019,C&M-GMS Global Sum,PRC DELEGATED CO-COMMISSIONING,BERSTED GREEN SURGERY,26064214,"93,850.76 ",TW000040146
Department of Health,NHS Coastal West Sussex CCG,2/28/2019,C&M-GMS Global Sum,PRC DELEGATED CO-COMMISSIONING,AVISFORD MEDICAL GROUP,26064216,"86,653.75 ",TW000040148
Department of Health,NHS Coastal West Sussex CCG,2/28/2019,C&M-GMS Other FDR Payment,PRC DELEGATED CO-COMMISSIONING,AVISFORD MEDICAL GROUP,26064216,"1,947.00 ",TW000040148
Department of Health,NHS Coastal West Sussex CCG,2/28/2019,C&M-GMS Prem Cost Rent,PRC DELEGATED CO-COMMISSIONING,AVISFORD MEDICAL GROUP,26064216,"6,750.00 ",TW000040148
Department of Health,NHS Coastal West Sussex CCG,2/28/2019,C&M-GMS Global Sum,PRC DELEGATED CO-COMMISSIONING,BALL TREE SURGERY,26064218,"105,776.94 ",TW000040150
Department of Health,NHS Coastal West Sussex CCG,2/28/2019,C&M-GMS MPIG Correction Factor,PRC DELEGATED CO-COMMISSIONING,BALL TREE SURGERY,26064218,139.29 ,TW000040150
Department of Health,NHS Coastal West Sussex CCG,2/28/2019,C&M-GMS Prem Notional Rent,PRC DELEGATED CO-COMMISSIONING,BALL TREE SURGERY,26064218,"7,708.08 ",TW000040150
Department of Health,NHS Coastal West Sussex CCG,2/28/2019,C&M-GMS Global Sum,PRC DELEGATED CO-COMMISSIONING,ARUNDEL SURGERY,26064220,"52,854.02 ",TW000040152
Department of Health,NHS Coastal West Sussex CCG,2/28/2019,C&M-GMS Global Sum,PRC DELEGATED CO-COMMISSIONING,BOGNOR MEDICAL PRACTICE,26064223,"67,925.77 ",TW000040156
Department of Health,NHS Coastal West Sussex CCG,2/28/2019,C&M-GMS Other FDR Payment,PRC DELEGATED CO-COMMISSIONING,BOGNOR MEDICAL PRACTICE,26064223,"3,942.00 ",TW000040156
Department of Health,NHS Coastal West Sussex CCG,2/28/2019,C&M-GMS Global Sum,PRC DELEGATED CO-COMMISSIONING,BILLINGSHURST SURGERY,26064225,"94,525.12 ",TW000040158
Department of Health,NHS Coastal West Sussex CCG,2/28/2019,C&M-GMS MPIG Correction Factor,PRC DELEGATED CO-COMMISSIONING,BILLINGSHURST SURGERY,26064225,869.48 ,TW000040158
Department of Health,NHS Coastal West Sussex CCG,2/28/2019,C&M-GMS Prem Notional Rent,PRC DELEGATED CO-COMMISSIONING,BILLINGSHURST SURGERY,26064225,"8,466.67 ",TW000040158
Department of Health,NHS Coastal West Sussex CCG,2/28/2019,C&M-GMS Global Sum,PRC DELEGATED CO-COMMISSIONING,BROADWATER MEDICAL CENTRE,26064227,"82,923.61 ",TW000040160
Department of Health,NHS Coastal West Sussex CCG,2/28/2019,C&M-GMS MPIG Correction Factor,PRC DELEGATED CO-COMMISSIONING,BROADWATER MEDICAL CENTRE,26064227,55.56 ,TW000040160
Department of Health,NHS Coastal West Sussex CCG,2/28/2019,C&M-GMS Global Sum,PRC DELEGATED CO-COMMISSIONING,CATHEDRAL MEDICAL GROUP,26064229,"94,937.91 ",TW000040162
Department of Health,NHS Coastal West Sussex CCG,2/28/2019,C&M-GMS Prem Cost Rent,PRC DELEGATED CO-COMMISSIONING,CATHEDRAL MEDICAL GROUP,26064229,"7,866.67 ",TW000040162
Department of Health,NHS Coastal West Sussex CCG,2/28/2019,C&M-GMS Global Sum,PRC DELEGATED CO-COMMISSIONING,CROFT SURGERY EASTERGATE,26064231,"86,958.56 ",TW000040164
Department of Health,NHS Coastal West Sussex CCG,2/28/2019,C&M-GMS MPIG Correction Factor,PRC DELEGATED CO-COMMISSIONING,CROFT SURGERY EASTERGATE,26064231,173.24 ,TW000040164
Department of Health,NHS Coastal West Sussex CCG,2/28/2019,C&M-GMS Prem Cost Rent,PRC DELEGATED CO-COMMISSIONING,CROFT SURGERY EASTERGATE,26064231,910.83 ,TW000040164
Department of Health,NHS Coastal West Sussex CCG,2/28/2019,C&M-GMS Prem Notional Rent,PRC DELEGATED CO-COMMISSIONING,CROFT SURGERY EASTERGATE,26064231,"5,100.00 ",TW000040164
Department of Health,NHS Coastal West Sussex CCG,2/28/2019,C&M-GMS Global Sum,PRC DELEGATED CO-COMMISSIONING,COPPICE SURGERY,26064233,"78,502.12 ",TW000040166
Department of Health,NHS Coastal West Sussex CCG,2/28/2019,C&M-GMS MPIG Correction Factor,PRC DELEGATED CO-COMMISSIONING,COPPICE SURGERY,26064233,362.94 ,TW000040166
Department of Health,NHS Coastal West Sussex CCG,2/28/2019,C&M-GMS Prem Notional Rent,PRC DELEGATED CO-COMMISSIONING,COPPICE SURGERY,26064233,"4,250.00 ",TW000040166
Department of Health,NHS Coastal West Sussex CCG,2/28/2019,C&M-GMS Global Sum,PRC DELEGATED CO-COMMISSIONING,FITZALAN MEDICAL GROUP,26064236,"117,302.38 ",TW000040170
Department of Health,NHS Coastal West Sussex CCG,2/28/2019,C&M-GMS Prem Notional Rent,PRC DELEGATED CO-COMMISSIONING,FITZALAN MEDICAL GROUP,26064236,"17,891.67 ",TW000040170
Department of Health,NHS Coastal West Sussex CCG,2/28/2019,C&M-GMS Global Sum,PRC DELEGATED CO-COMMISSIONING,FELPHAM & MIDDLETON HEALTH CENTRE,26064238,"99,439.81 ",TW000040172
Department of Health,NHS Coastal West Sussex CCG,2/28/2019,C&M-GMS Global Sum,PRC DELEGATED CO-COMMISSIONING,GLEBE SURGERY,26064240,"97,771.41 ",TW000040174
Department of Health,NHS Coastal West Sussex CCG,2/28/2019,C&M-GMS Global Sum,PRC DELEGATED CO-COMMISSIONING,GROVE HOUSE SURGERY,26064242,"99,818.11 ",TW000040176
Department of Health,NHS Coastal West Sussex CCG,2/28/2019,C&M-GMS PCO Locum Adop/Pat/Mat,PRC DELEGATED CO-COMMISSIONING,GROVE HOUSE SURGERY,26064242,"17,008.85 ",TW000040176
Department of Health,NHS Coastal West Sussex CCG,2/28/2019,C&M-GMS Global Sum,PRC DELEGATED CO-COMMISSIONING,HENFIELD MEDICAL CENTRE,26064244,"76,565.01 ",TW000040178
Department of Health,NHS Coastal West Sussex CCG,2/28/2019,C&M-GMS MPIG Correction Factor,PRC DELEGATED CO-COMMISSIONING,HENFIELD MEDICAL CENTRE,26064244,"1,053.13 ",TW000040178
Department of Health,NHS Coastal West Sussex CCG,2/28/2019,C&M-GMS PCO Locum Sickness,PRC DELEGATED CO-COMMISSIONING,HENFIELD MEDICAL CENTRE,26064244,"18,604.13 ",TW000040178
Department of Health,NHS Coastal West Sussex CCG,2/28/2019,C&M-GMS Prem Notional Rent,PRC DELEGATED CO-COMMISSIONING,HENFIELD MEDICAL CENTRE,26064244,"14,716.33 ",TW000040178
Department of Health,NHS Coastal West Sussex CCG,2/28/2019,C&M-GMS Global Sum,PRC DELEGATED CO-COMMISSIONING,LANGLEY HOUSE SURGERY,26064246,"89,847.70 ",TW000040180
Department of Health,NHS Coastal West Sussex CCG,2/28/2019,C&M-GMS Prem Cost Rent,PRC DELEGATED CO-COMMISSIONING,LANGLEY HOUSE SURGERY,26064246,"6,795.00 ",TW000040180
Department of Health,NHS Coastal West Sussex CCG,2/28/2019,C&M-GMS Global Sum,PRC DELEGATED CO-COMMISSIONING,LAVANT ROAD SURGERY,26064248,"86,669.66 ",TW000040182
Department of Health,NHS Coastal West Sussex CCG,2/28/2019,C&M-GMS MPIG Correction Factor,PRC DELEGATED CO-COMMISSIONING,LAVANT ROAD SURGERY,26064248,995.45 ,TW000040182
Department of Health,NHS Coastal West Sussex CCG,2/28/2019,C&M-GMS Prem Notional Rent,PRC DELEGATED CO-COMMISSIONING,LAVANT ROAD SURGERY,26064248,"5,208.33 ",TW000040182
Department of Health,NHS Coastal West Sussex CCG,2/28/2019,C&M-GMS Global Sum,PRC DELEGATED CO-COMMISSIONING,LIME TREE SURGERY WORTHING,26064251,"(2,404.58)",TW000040186
Department of Health,NHS Coastal West Sussex CCG,2/28/2019,C&M-GMS Prem Cost Rent,PRC DELEGATED CO-COMMISSIONING,LIME TREE SURGERY WORTHING,26064251,(954.03),TW000040186
Department of Health,NHS Coastal West Sussex CCG,2/28/2019,ME - GMS TPS Added Years Adj EEs,PRC DELEGATED CO-COMMISSIONING,LIME TREE SURGERY WORTHING,26064251,(492.39),TW000040186
Department of Health,NHS Coastal West Sussex CCG,2/28/2019,ME-GMS GP Pension EEs,PRC DELEGATED CO-COMMISSIONING,LIME TREE SURGERY WORTHING,26064251,"(7,173.06)",TW000040186
Department of Health,NHS Coastal West Sussex CCG,2/28/2019,ME-GMS GP Pension EEs Adjustments,PRC DELEGATED CO-COMMISSIONING,LIME TREE SURGERY WORTHING,26064251,"(2,812.50)",TW000040186
Department of Health,NHS Coastal West Sussex CCG,2/28/2019,ME-GMS GP Pension ERs Adjustments,PRC DELEGATED CO-COMMISSIONING,LIME TREE SURGERY WORTHING,26064251,"(11,281.43)",TW000040186
Department of Health,NHS Coastal West Sussex CCG,2/28/2019,C&M-GMS Global Sum,PRC DELEGATED CO-COMMISSIONING,LIME TREE SURGERY WORTHING,26064252,"150,649.34 ",TW000040187
Department of Health,NHS Coastal West Sussex CCG,2/28/2019,C&M-GMS MPIG Correction Factor,PRC DELEGATED CO-COMMISSIONING,LIME TREE SURGERY WORTHING,26064252,"1,986.96 ",TW000040187
Department of Health,NHS Coastal West Sussex CCG,2/28/2019,C&M-GMS Other FDR Payment,PRC DELEGATED CO-COMMISSIONING,LIME TREE SURGERY WORTHING,26064252,"6,503.00 ",TW000040187
Department of Health,NHS Coastal West Sussex CCG,2/28/2019,C&M-GMS Prem Notional Rent,PRC DELEGATED CO-COMMISSIONING,LIME TREE SURGERY WORTHING,26064252,"7,587.41 ",TW000040187
Department of Health,NHS Coastal West Sussex CCG,2/28/2019,C&M-GMS Global Sum,PRC DELEGATED CO-COMMISSIONING,MAYWOOD HEALTHCARE CENTRE,26064254,"104,942.58 ",TW000040189
Department of Health,NHS Coastal West Sussex CCG,2/28/2019,C&M-GMS Other FDR Payment,PRC DELEGATED CO-COMMISSIONING,MAYWOOD HEALTHCARE CENTRE,26064254,"1,378.00 ",TW000040189
Department of Health,NHS Coastal West Sussex CCG,2/28/2019,C&M-GMS Global Sum,PRC DELEGATED CO-COMMISSIONING,MANOR PRACTICE SOUTHWICK,26064256,"69,601.00 ",TW000040191
Department of Health,NHS Coastal West Sussex CCG,2/28/2019,C&M-GMS MPIG Correction Factor,PRC DELEGATED CO-COMMISSIONING,MANOR PRACTICE SOUTHWICK,26064256,"1,007.09 ",TW000040191
Department of Health,NHS Coastal West Sussex CCG,2/28/2019,C&M-GMS Global Sum,PRC DELEGATED CO-COMMISSIONING,NEW POND ROW PRACTICE,26064258,"57,912.84 ",TW000040193
Department of Health,NHS Coastal West Sussex CCG,2/28/2019,C&M-GMS Prem Notional Rent,PRC DELEGATED CO-COMMISSIONING,NEW POND ROW PRACTICE,26064258,"3,634.67 ",TW000040193
Department of Health,NHS Coastal West Sussex CCG,2/28/2019,C&M-GMS Global Sum,PRC DELEGATED CO-COMMISSIONING,PARK SURGERY LITTLEHAMPTON,26064260,"80,367.43 ",TW000040195
Department of Health,NHS Coastal West Sussex CCG,2/28/2019,C&M-GMS Prem Notional Rent,PRC DELEGATED CO-COMMISSIONING,PARK SURGERY LITTLEHAMPTON,26064260,"6,137.50 ",TW000040195
Department of Health,NHS Coastal West Sussex CCG,2/28/2019,C&M-GMS Global Sum,PRC DELEGATED CO-COMMISSIONING,PARKLANDS SURGERY CHICHESTER,26064262,"71,678.29 ",TW000040197
Department of Health,NHS Coastal West Sussex CCG,2/28/2019,C&M-GMS MPIG Correction Factor,PRC DELEGATED CO-COMMISSIONING,PARKLANDS SURGERY CHICHESTER,26064262,126.92 ,TW000040197
Department of Health,NHS Coastal West Sussex CCG,2/28/2019,C&M-GMS Prem Notional Rent,PRC DELEGATED CO-COMMISSIONING,PARKLANDS SURGERY CHICHESTER,26064262,"12,074.33 ",TW000040197
Department of Health,NHS Coastal West Sussex CCG,2/28/2019,C&M-GMS Global Sum,PRC DELEGATED CO-COMMISSIONING,ORCHARD SURGERY LANCING,26064264,"46,968.58 ",TW000040199
Department of Health,NHS Coastal West Sussex CCG,2/28/2019,C&M-GMS Global Sum,PRC DELEGATED CO-COMMISSIONING,PHOENIX SURGERY,26064266,"48,974.97 ",TW000040201
Department of Health,NHS Coastal West Sussex CCG,2/28/2019,C&M-GMS Global Sum,PRC DELEGATED CO-COMMISSIONING,PETWORTH SURGERY,26064268,"50,954.32 ",TW000040203
Department of Health,NHS Coastal West Sussex CCG,2/28/2019,C&M-GMS Global Sum,PRC DELEGATED CO-COMMISSIONING,PULBOROUGH MEDICAL GROUP,26064270,"101,546.03 ",TW000040205
Department of Health,NHS Coastal West Sussex CCG,2/28/2019,C&M-GMS Other FDR Payment,PRC DELEGATED CO-COMMISSIONING,PULBOROUGH MEDICAL GROUP,26064270,31.00 ,TW000040205
Department of Health,NHS Coastal West Sussex CCG,2/28/2019,C&M-GMS PCO Locum Adop/Pat/Mat,PRC DELEGATED CO-COMMISSIONING,PULBOROUGH MEDICAL GROUP,26064270,"38,889.96 ",TW000040205
Department of Health,NHS Coastal West Sussex CCG,2/28/2019,C&M-GMS Global Sum,PRC DELEGATED CO-COMMISSIONING,RIVERBANK MEDICAL CENTRE MIDHURST,26064272,"95,739.04 ",TW000040207
Department of Health,NHS Coastal West Sussex CCG,2/28/2019,C&M-GMS Prem Cost Rent,PRC DELEGATED CO-COMMISSIONING,RIVERBANK MEDICAL CENTRE MIDHURST,26064272,"6,453.92 ",TW000040207
Department of Health,NHS Coastal West Sussex CCG,2/28/2019,C&M-GMS Global Sum,PRC DELEGATED CO-COMMISSIONING,SELDEN MEDICAL CENTRE,26064274,"61,684.52 ",TW000040209
Department of Health,NHS Coastal West Sussex CCG,2/28/2019,C&M-GMS Global Sum,PRC DELEGATED CO-COMMISSIONING,SELSEY MEDICAL PRACTICE,26064276,"104,476.06 ",TW000040211
Department of Health,NHS Coastal West Sussex CCG,2/28/2019,C&M-GMS PCO Locum Sickness,PRC DELEGATED CO-COMMISSIONING,SELSEY MEDICAL PRACTICE,26064276,"18,152.81 ",TW000040211
Department of Health,NHS Coastal West Sussex CCG,2/28/2019,C&M-GMS Prem Notional Rent,PRC DELEGATED CO-COMMISSIONING,SELSEY MEDICAL PRACTICE,26064276,"15,070.42 ",TW000040211
Department of Health,NHS Coastal West Sussex CCG,2/28/2019,C&M-GMS Global Sum,PRC DELEGATED CO-COMMISSIONING,SOUTHBOURNE SURGERY EMSWORTH,26064278,"76,119.62 ",TW000040213
Department of Health,NHS Coastal West Sussex CCG,2/28/2019,C&M-GMS MPIG Correction Factor,PRC DELEGATED CO-COMMISSIONING,SOUTHBOURNE SURGERY EMSWORTH,26064278,79.58 ,TW000040213
Department of Health,NHS Coastal West Sussex CCG,2/28/2019,C&M-GMS Prem Notional Rent,PRC DELEGATED CO-COMMISSIONING,SOUTHBOURNE SURGERY EMSWORTH,26064278,"5,266.75 ",TW000040213
Department of Health,NHS Coastal West Sussex CCG,2/28/2019,C&M-GMS Global Sum,PRC DELEGATED CO-COMMISSIONING,STEYNING HEALTH CENTRE,26064280,"93,079.35 ",TW000040215
Department of Health,NHS Coastal West Sussex CCG,2/28/2019,C&M-GMS MPIG Correction Factor,PRC DELEGATED CO-COMMISSIONING,STEYNING HEALTH CENTRE,26064280,869.64 ,TW000040215
Department of Health,NHS Coastal West Sussex CCG,2/28/2019,C&M-GMS Prem Notional Rent,PRC DELEGATED CO-COMMISSIONING,STEYNING HEALTH CENTRE,26064280,"1,629.16 ",TW000040215
Department of Health,NHS Coastal West Sussex CCG,2/28/2019,C&M-GMS Global Sum,PRC DELEGATED CO-COMMISSIONING,STRAND MEDICAL GROUP,26064282,"95,621.67 ",TW000040217
Department of Health,NHS Coastal West Sussex CCG,2/28/2019,C&M-GMS Other FDR Payment,PRC DELEGATED CO-COMMISSIONING,STRAND MEDICAL GROUP,26064282,"11,526.00 ",TW000040217
Department of Health,NHS Coastal West Sussex CCG,2/28/2019,C&M-GMS Prem Cost Rent,PRC DELEGATED CO-COMMISSIONING,STRAND MEDICAL GROUP,26064282,"5,658.50 ",TW000040217
Department of Health,NHS Coastal West Sussex CCG,2/28/2019,C&M-GMS Global Sum,PRC DELEGATED CO-COMMISSIONING,ST LAWRENCE SURGERY,26064284,"100,579.19 ",TW000040219
Department of Health,NHS Coastal West Sussex CCG,2/28/2019,C&M-GMS MPIG Correction Factor,PRC DELEGATED CO-COMMISSIONING,ST LAWRENCE SURGERY,26064284,825.82 ,TW000040219
Department of Health,NHS Coastal West Sussex CCG,2/28/2019,C&M-GMS Prem Notional Rent,PRC DELEGATED CO-COMMISSIONING,ST LAWRENCE SURGERY,26064284,"10,129.25 ",TW000040219
Department of Health,NHS Coastal West Sussex CCG,2/28/2019,C&M-GMS Global Sum,PRC DELEGATED CO-COMMISSIONING,TANGMERE MEDICAL CENTRE,26064286,"37,391.29 ",TW000040221
Department of Health,NHS Coastal West Sussex CCG,2/28/2019,C&M-GMS MPIG Correction Factor,PRC DELEGATED CO-COMMISSIONING,TANGMERE MEDICAL CENTRE,26064286,836.52 ,TW000040221
Department of Health,NHS Coastal West Sussex CCG,2/28/2019,C&M-GMS Global Sum,PRC DELEGATED CO-COMMISSIONING,VICTORIA ROAD PRACTICE,26064288,"101,594.08 ",TW000040223
Department of Health,NHS Coastal West Sussex CCG,2/28/2019,C&M-GMS MPIG Correction Factor,PRC DELEGATED CO-COMMISSIONING,VICTORIA ROAD PRACTICE,26064288,273.61 ,TW000040223
Department of Health,NHS Coastal West Sussex CCG,2/28/2019,C&M-GMS Prem Notional Rent,PRC DELEGATED CO-COMMISSIONING,VICTORIA ROAD PRACTICE,26064288,"4,308.33 ",TW000040223
Department of Health,NHS Coastal West Sussex CCG,2/28/2019,C&M-GMS Global Sum,PRC DELEGATED CO-COMMISSIONING,WEST MEADS SURGERY,26064290,"59,876.29 ",TW000040225
Department of Health,NHS Coastal West Sussex CCG,2/28/2019,C&M-GMS Prem Cost Rent,PRC DELEGATED CO-COMMISSIONING,WEST MEADS SURGERY,26064290,"6,334.17 ",TW000040225
Department of Health,NHS Coastal West Sussex CCG,2/28/2019,C&M-GMS Prem Notional Rent,PRC DELEGATED CO-COMMISSIONING,WEST MEADS SURGERY,26064290,"1,166.67 ",TW000040225
Department of Health,NHS Coastal West Sussex CCG,2/28/2019,ME-GMS GP Pension EEs,PRC DELEGATED CO-COMMISSIONING,WESTCOURT SURGERY,26064292,"(6,961.21)",TW000040228
Department of Health,NHS Coastal West Sussex CCG,2/28/2019,ME-GMS GP Pension EEs Adjustments,PRC DELEGATED CO-COMMISSIONING,WESTCOURT SURGERY,26064292,"(8,800.48)",TW000040228
Department of Health,NHS Coastal West Sussex CCG,2/28/2019,ME-GMS GP Pension ERs Adjustments,PRC DELEGATED CO-COMMISSIONING,WESTCOURT SURGERY,26064292,"(16,984.63)",TW000040228
Department of Health,NHS Coastal West Sussex CCG,2/28/2019,C&M-GMS Global Sum,PRC DELEGATED CO-COMMISSIONING,WESTCOURT SURGERY,26064293,"96,899.24 ",TW000040229
Department of Health,NHS Coastal West Sussex CCG,2/28/2019,C&M-GMS Prem Notional Rent,PRC DELEGATED CO-COMMISSIONING,WESTCOURT SURGERY,26064293,"9,283.33 ",TW000040229
Department of Health,NHS Coastal West Sussex CCG,2/28/2019,ME-GMS GP Pension EEs Adjustments,PRC DELEGATED CO-COMMISSIONING,WESTCOURT SURGERY,26064293,"3,214.06 ",TW000040229
Department of Health,NHS Coastal West Sussex CCG,2/28/2019,ME-GMS GP Pension ERs Adjustments,PRC DELEGATED CO-COMMISSIONING,WESTCOURT SURGERY,26064293,"3,550.52 ",TW000040229
Department of Health,NHS Coastal West Sussex CCG,2/28/2019,C&M-GMS Global Sum,PRC DELEGATED CO-COMMISSIONING,WORTHING MEDICAL GROUP,26064295,"159,485.04 ",TW000040231
Department of Health,NHS Coastal West Sussex CCG,2/28/2019,C&M-GMS Other FDR Payment,PRC DELEGATED CO-COMMISSIONING,WORTHING MEDICAL GROUP,26064295,"9,145.00 ",TW000040231
Department of Health,NHS Coastal West Sussex CCG,2/28/2019,C&M-GMS Prem Actual Rent,PRC DELEGATED CO-COMMISSIONING,WORTHING MEDICAL GROUP,26064295,"3,073.17 ",TW000040231
Department of Health,NHS Coastal West Sussex CCG,2/28/2019,C&M-GMS Prem Notional Rent,PRC DELEGATED CO-COMMISSIONING,WORTHING MEDICAL GROUP,26064295,"5,770.83 ",TW000040231
Department of Health,NHS Coastal West Sussex CCG,2/28/2019,C&M-GMS QOF Aspiration,PRC DELEGATED CO-COMMISSIONING,WITTERINGS HEALTH CENTRE,26064296,"(1,062.66)",TW000040232
Department of Health,NHS Coastal West Sussex CCG,2/28/2019,ME - GMS TPS Added Years Adj EEs,PRC DELEGATED CO-COMMISSIONING,WITTERINGS HEALTH CENTRE,26064296,(170.49),TW000040232
Department of Health,NHS Coastal West Sussex CCG,2/28/2019,ME-GMS GP Pension EEs,PRC DELEGATED CO-COMMISSIONING,WITTERINGS HEALTH CENTRE,26064296,"(12,958.61)",TW000040232
Department of Health,NHS Coastal West Sussex CCG,2/28/2019,ME-GMS GP Pension ERs Adjustments,PRC DELEGATED CO-COMMISSIONING,WITTERINGS HEALTH CENTRE,26064296,"(13,358.15)",TW000040232
Department of Health,NHS Coastal West Sussex CCG,2/28/2019,C&M-GMS Global Sum,PRC DELEGATED CO-COMMISSIONING,WITTERINGS HEALTH CENTRE,26064297,"90,770.02 ",TW000040233
Department of Health,NHS Coastal West Sussex CCG,2/28/2019,C&M-GMS Prem Notional Rent,PRC DELEGATED CO-COMMISSIONING,WITTERINGS HEALTH CENTRE,26064297,"7,991.67 ",TW000040233
Department of Health,NHS Coastal West Sussex CCG,2/28/2019,C&M-GMS Global Sum,PRC DELEGATED CO-COMMISSIONING,HARBOUR VIEW HEALTHCARE,26064299,"98,672.32 ",TW000040235
Department of Health,NHS Coastal West Sussex CCG,2/28/2019,C&M-GMS MPIG Correction Factor,PRC DELEGATED CO-COMMISSIONING,HARBOUR VIEW HEALTHCARE,26064299,"2,207.06 ",TW000040235
Department of Health,NHS Coastal West Sussex CCG,2/28/2019,C&M-GMS Prem Notional Rent,PRC DELEGATED CO-COMMISSIONING,HARBOUR VIEW HEALTHCARE,26064299,"1,616.67 ",TW000040235
Department of Health,NHS Coastal West Sussex CCG,2/28/2019,C&M-GMS Global Sum,PRC DELEGATED CO-COMMISSIONING,NORTHBOURNE MEDICAL CENTRE,26064301,"74,812.40 ",TW000040237
Department of Health,NHS Coastal West Sussex CCG,2/28/2019,C&M-GMS MPIG Correction Factor,PRC DELEGATED CO-COMMISSIONING,NORTHBOURNE MEDICAL CENTRE,26064301,810.20 ,TW000040237
Department of Health,NHS Coastal West Sussex CCG,2/28/2019,ME - GMS GP Prior Year ERs,PRC DELEGATED CO-COMMISSIONING,NORTHBOURNE MEDICAL CENTRE,26064301,"1,833.45 ",TW000040237
Department of Health,NHS Coastal West Sussex CCG,2/28/2019,ME-GMS GP Pension EEs Adjustments,PRC DELEGATED CO-COMMISSIONING,NORTHBOURNE MEDICAL CENTRE,26064301,"1,062.50 ",TW000040237
Department of Health,NHS Coastal West Sussex CCG,2/28/2019,ME-GMS GP Pension ERs Adjustments,PRC DELEGATED CO-COMMISSIONING,NORTHBOURNE MEDICAL CENTRE,26064301,"1,222.30 ",TW000040237
Department of Health,NHS Coastal West Sussex CCG,2/28/2019,ME-GMS GP Prior Year EEs,PRC DELEGATED CO-COMMISSIONING,NORTHBOURNE MEDICAL CENTRE,26064301,"1,593.75 ",TW000040237
Department of Health,NHS Coastal West Sussex CCG,2/28/2019,C&M-GMS Global Sum,PRC DELEGATED CO-COMMISSIONING,BARN SURGERY,26079054,"34,756.47 ",TW000040154
Department of Health,NHS Coastal West Sussex CCG,2/28/2019,C&M-GMS PCO Locum Adop/Pat/Mat,PRC DELEGATED CO-COMMISSIONING,BARN SURGERY,26079054,"2,263.48 ",TW000040154
Department of Health,NHS Coastal West Sussex CCG,2/28/2019,C&M-GMS Prem Notional Rent,PRC DELEGATED CO-COMMISSIONING,BARN SURGERY,26079054,"1,511.00 ",TW000040154
Department of Health,NHS Coastal West Sussex CCG,2/28/2019,C&M-GMS Global Sum,PRC DELEGATED CO-COMMISSIONING,CORNERWAYS SURGERY WORTHING,26079055,"28,947.84 ",TW000040168
Department of Health,NHS Coastal West Sussex CCG,2/28/2019,C&M-GMS PCO Locum Sickness,PRC DELEGATED CO-COMMISSIONING,CORNERWAYS SURGERY WORTHING,26079055,"3,308.52 ",TW000040168
Department of Health,NHS Coastal West Sussex CCG,2/28/2019,C&M-GMS Global Sum,PRC DELEGATED CO-COMMISSIONING,LOXWOOD SURGERY,26079056,"44,470.29 ",TW000040185
Department of Health,NHS Coastal West Sussex CCG,2/28/2019,C&M-GMS MPIG Correction Factor,PRC DELEGATED CO-COMMISSIONING,LOXWOOD SURGERY,26079056,572.09 ,TW000040185
Department of Health,NHS Coastal West Sussex CCG,2/28/2019,C&M-GMS PCO Locum Adop/Pat/Mat,PRC DELEGATED CO-COMMISSIONING,LOXWOOD SURGERY,26079056,"2,286.12 ",TW000040185
Department of Health,NHS Coastal West Sussex CCG,2/28/2019,C&M-GMS Global Sum,PRC DELEGATED CO-COMMISSIONING,WILLOW GREEN SURGERY,26079057,"79,748.20 ",TW000040227
Department of Health,NHS Coastal West Sussex CCG,2/28/2019,C&M-GMS PCO Locum Adop/Pat/Mat,PRC DELEGATED CO-COMMISSIONING,WILLOW GREEN SURGERY,26079057,"20,399.49 ",TW000040227
Department of Health,NHS Coastal West Sussex CCG,2/28/2019,C&M-GMS Prem Notional Rent,PRC DELEGATED CO-COMMISSIONING,WILLOW GREEN SURGERY,26079057,"6,015.58 ",TW000040227
Department of Health,NHS Coastal West Sussex CCG,2/28/2019,Prescribing,PRESCRIBING,NHS BRIGHTON & HOVE CCG,26087111,"58,074.00 ",7025600985
Department of Health,NHS Coastal West Sussex CCG,2/28/2019,Prescribing,PRESCRIBING,"NHS EASTBOURNE, HAILSHAM AND SEAFORD CCG",26087114,"43,743.00 ",7025800775
Department of Health,NHS Coastal West Sussex CCG,2/28/2019,Prescribing,PRESCRIBING,NHS HASTINGS & ROTHER CCG,26087118,"41,658.00 ",7026401882
Department of Health,NHS Coastal West Sussex CCG,2/28/2019,C&M-GMS Cost of Drugs -Dispensing,LOCAL ENHANCED SERVICES,BILLINGSHURST SURGERY,26122724,"(40,734.25)",TW000040356
Department of Health,NHS Coastal West Sussex CCG,2/28/2019,C&M-GMS PrscChrgsCll&RmttdbyGPCntra,PRC DELEGATED CO-COMMISSIONING,BILLINGSHURST SURGERY,26122724,"(3,484.80)",TW000040356
Department of Health,NHS Coastal West Sussex CCG,2/28/2019,C&M-GMS Cost of Drugs -Dispensing,LOCAL ENHANCED SERVICES,BILLINGSHURST SURGERY,26122725,"80,658.90 ",TW000040357
Department of Health,NHS Coastal West Sussex CCG,2/28/2019,C&M-GMS Prof Fees Dispensing,PRC DELEGATED CO-COMMISSIONING,BILLINGSHURST SURGERY,26122725,"12,670.31 ",TW000040357
Department of Health,NHS Coastal West Sussex CCG,2/28/2019,C&M-GMS PrscrptnChrgsColl&RmttdbyGP,LOCAL ENHANCED SERVICES,BILLINGSHURST SURGERY,26122725,"3,484.80 ",TW000040357
Department of Health,NHS Coastal West Sussex CCG,2/28/2019,C&M-GMS Cost of Drugs -Dispensing,LOCAL ENHANCED SERVICES,CATHEDRAL MEDICAL GROUP,26122726,"(47,436.76)",TW000040358
Department of Health,NHS Coastal West Sussex CCG,2/28/2019,C&M-GMS PrscChrgsCll&RmttdbyGPCntra,PRC DELEGATED CO-COMMISSIONING,CATHEDRAL MEDICAL GROUP,26122726,"(1,777.60)",TW000040358
Department of Health,NHS Coastal West Sussex CCG,2/28/2019,C&M-GMS Cost of Drugs -Dispensing,LOCAL ENHANCED SERVICES,CATHEDRAL MEDICAL GROUP,26122727,"72,650.94 ",TW000040359
Department of Health,NHS Coastal West Sussex CCG,2/28/2019,C&M-GMS Prof Fees Dispensing,PRC DELEGATED CO-COMMISSIONING,CATHEDRAL MEDICAL GROUP,26122727,"16,356.42 ",TW000040359
Department of Health,NHS Coastal West Sussex CCG,2/28/2019,C&M-GMS PrscrptnChrgsColl&RmttdbyGP,LOCAL ENHANCED SERVICES,CATHEDRAL MEDICAL GROUP,26122727,"1,777.60 ",TW000040359
Department of Health,NHS Coastal West Sussex CCG,2/28/2019,C&M-GMS Cost of Drugs -Dispensing,LOCAL ENHANCED SERVICES,HENFIELD MEDICAL CENTRE,26122728,"(48,030.40)",TW000040360
Department of Health,NHS Coastal West Sussex CCG,2/28/2019,C&M-GMS PrscChrgsCll&RmttdbyGPCntra,PRC DELEGATED CO-COMMISSIONING,HENFIELD MEDICAL CENTRE,26122728,"(3,036.00)",TW000040360
Department of Health,NHS Coastal West Sussex CCG,2/28/2019,C&M-GMS Cost of Drugs -Dispensing,LOCAL ENHANCED SERVICES,HENFIELD MEDICAL CENTRE,26122729,"101,080.71 ",TW000040361
Department of Health,NHS Coastal West Sussex CCG,2/28/2019,C&M-GMS Prof Fees Dispensing,PRC DELEGATED CO-COMMISSIONING,HENFIELD MEDICAL CENTRE,26122729,"16,654.01 ",TW000040361
Department of Health,NHS Coastal West Sussex CCG,2/28/2019,C&M-GMS PrscrptnChrgsColl&RmttdbyGP,LOCAL ENHANCED SERVICES,HENFIELD MEDICAL CENTRE,26122729,"3,036.00 ",TW000040361
Department of Health,NHS Coastal West Sussex CCG,2/28/2019,C&M-GMS Cost of Drugs -Dispensing,LOCAL ENHANCED SERVICES,LANGLEY HOUSE SURGERY,26122730,"(48,026.56)",TW000040362
Department of Health,NHS Coastal West Sussex CCG,2/28/2019,C&M-GMS PrscChrgsCll&RmttdbyGPCntra,PRC DELEGATED CO-COMMISSIONING,LANGLEY HOUSE SURGERY,26122730,"(1,900.80)",TW000040362
Department of Health,NHS Coastal West Sussex CCG,2/28/2019,C&M-GMS Cost of Drugs -Dispensing,LOCAL ENHANCED SERVICES,LANGLEY HOUSE SURGERY,26122731,"86,985.24 ",TW000040363
Department of Health,NHS Coastal West Sussex CCG,2/28/2019,C&M-GMS Prof Fees Dispensing,PRC DELEGATED CO-COMMISSIONING,LANGLEY HOUSE SURGERY,26122731,"17,417.03 ",TW000040363
Department of Health,NHS Coastal West Sussex CCG,2/28/2019,C&M-GMS PrscrptnChrgsColl&RmttdbyGP,LOCAL ENHANCED SERVICES,LANGLEY HOUSE SURGERY,26122731,"1,900.80 ",TW000040363
Department of Health,NHS Coastal West Sussex CCG,2/28/2019,C&M-GMS Cost of Drugs -Dispensing,LOCAL ENHANCED SERVICES,LAVANT ROAD SURGERY,26122732,"(43,451.70)",TW000040364
Department of Health,NHS Coastal West Sussex CCG,2/28/2019,C&M-GMS PrscChrgsCll&RmttdbyGPCntra,PRC DELEGATED CO-COMMISSIONING,LAVANT ROAD SURGERY,26122732,"(2,437.60)",TW000040364
Department of Health,NHS Coastal West Sussex CCG,2/28/2019,C&M-GMS Cost of Drugs -Dispensing,LOCAL ENHANCED SERVICES,LAVANT ROAD SURGERY,26122733,"81,096.02 ",TW000040365
Department of Health,NHS Coastal West Sussex CCG,2/28/2019,C&M-GMS Prof Fees Dispensing,PRC DELEGATED CO-COMMISSIONING,LAVANT ROAD SURGERY,26122733,"16,142.89 ",TW000040365
Department of Health,NHS Coastal West Sussex CCG,2/28/2019,C&M-GMS PrscrptnChrgsColl&RmttdbyGP,LOCAL ENHANCED SERVICES,LAVANT ROAD SURGERY,26122733,"2,437.60 ",TW000040365
Department of Health,NHS Coastal West Sussex CCG,2/28/2019,C&M-GMS Cost of Drugs -Dispensing,LOCAL ENHANCED SERVICES,LOXWOOD SURGERY,26122734,"(61,394.30)",TW000040366
Department of Health,NHS Coastal West Sussex CCG,2/28/2019,C&M-GMS PrscChrgsCll&RmttdbyGPCntra,PRC DELEGATED CO-COMMISSIONING,LOXWOOD SURGERY,26122734,"(5,007.20)",TW000040366
Department of Health,NHS Coastal West Sussex CCG,2/28/2019,C&M-GMS Cost of Drugs -Dispensing,LOCAL ENHANCED SERVICES,LOXWOOD SURGERY,26122735,"111,044.97 ",TW000040367
Department of Health,NHS Coastal West Sussex CCG,2/28/2019,C&M-GMS Prof Fees Dispensing,PRC DELEGATED CO-COMMISSIONING,LOXWOOD SURGERY,26122735,"21,127.07 ",TW000040367
Department of Health,NHS Coastal West Sussex CCG,2/28/2019,C&M-GMS PrscrptnChrgsColl&RmttdbyGP,LOCAL ENHANCED SERVICES,LOXWOOD SURGERY,26122735,"5,007.20 ",TW000040367
Department of Health,NHS Coastal West Sussex CCG,2/28/2019,C&M-GMS Cost of Drugs -Dispensing,LOCAL ENHANCED SERVICES,PETWORTH SURGERY,26122736,"(35,918.08)",TW000040368
Department of Health,NHS Coastal West Sussex CCG,2/28/2019,C&M-GMS PrscChrgsCll&RmttdbyGPCntra,PRC DELEGATED CO-COMMISSIONING,PETWORTH SURGERY,26122736,"(3,256.00)",TW000040368
Department of Health,NHS Coastal West Sussex CCG,2/28/2019,C&M-GMS Cost of Drugs -Dispensing,LOCAL ENHANCED SERVICES,PETWORTH SURGERY,26122737,"73,234.29 ",TW000040369
Department of Health,NHS Coastal West Sussex CCG,2/28/2019,C&M-GMS Prof Fees Dispensing,PRC DELEGATED CO-COMMISSIONING,PETWORTH SURGERY,26122737,"13,585.86 ",TW000040369
Department of Health,NHS Coastal West Sussex CCG,2/28/2019,C&M-GMS PrscrptnChrgsColl&RmttdbyGP,LOCAL ENHANCED SERVICES,PETWORTH SURGERY,26122737,"3,256.00 ",TW000040369
Department of Health,NHS Coastal West Sussex CCG,2/28/2019,C&M-GMS Cost of Drugs -Dispensing,LOCAL ENHANCED SERVICES,TANGMERE MEDICAL CENTRE,26122738,"(27,035.09)",TW000040370
Department of Health,NHS Coastal West Sussex CCG,2/28/2019,C&M-GMS PrscChrgsCll&RmttdbyGPCntra,PRC DELEGATED CO-COMMISSIONING,TANGMERE MEDICAL CENTRE,26122738,"(2,481.60)",TW000040370
Department of Health,NHS Coastal West Sussex CCG,2/28/2019,C&M-GMS Cost of Drugs -Dispensing,LOCAL ENHANCED SERVICES,TANGMERE MEDICAL CENTRE,26122739,"55,588.31 ",TW000040371
Department of Health,NHS Coastal West Sussex CCG,2/28/2019,C&M-GMS Prof Fees Dispensing,PRC DELEGATED CO-COMMISSIONING,TANGMERE MEDICAL CENTRE,26122739,"10,142.50 ",TW000040371
Department of Health,NHS Coastal West Sussex CCG,2/28/2019,C&M-GMS PrscrptnChrgsColl&RmttdbyGP,LOCAL ENHANCED SERVICES,TANGMERE MEDICAL CENTRE,26122739,"2,481.60 ",TW000040371
Department of Health,NHS Coastal West Sussex CCG,2/28/2019,Professional Fees,MATERNITY SERVICES,2020 DELIVERY LTD,26138119,"42,840.00 ",4137
Department of Health,NHS Coastal West Sussex CCG,2/28/2019,Hcare Srv Rec Fdtn Trust-Non Contract,NON RECURRENT PROGRAMMES,KING`S COLLEGE HOSPITAL NHS FOUNDATION TRUST,26149290,"38,486.00 ",00255160
Department of Health,NHS Coastal West Sussex CCG,2/28/2019,Hcare Srv Rec Fdtn Trust-Non Contract,NON RECURRENT PROGRAMMES,KING`S COLLEGE HOSPITAL NHS FOUNDATION TRUST,26149299,"45,884.00 ",00257548
Department of Health,NHS Coastal West Sussex CCG,2/28/2019,Clinical&Medical-Commercial Sector,NCAS/OATS,HORDER HEALTHCARE,26149326,"69,000.89 ",17277
Department of Health,NHS Coastal West Sussex CCG,2/28/2019,Hcare Srv Rec NHS Trust-Non Contract,NCAS/OATS,BARTS HEALTH NHS TRUST,26149367,"65,539.40 ",362239
Department of Health,NHS Coastal West Sussex CCG,2/28/2019,Hcare Srv Rec Fdtn Trust-Non Contract,NCAS/OATS,OXFORD UNIVERSITY HOSPITALS NHS FOUNDATION TRUST,26149370,"31,179.46 ",8294017
Department of Health,NHS Coastal West Sussex CCG,2/28/2019,Hcare Srv Rec Fdtn Trust-Contract Baseline,Winter Resilience,SUSSEX COMMUNITY NHS FOUNDATION TRUST,26169431,"29,583.33 ",11138659
Department of Health,NHS Coastal West Sussex CCG,2/28/2019,Hcare Srv Rec Fdtn Trust-Non Contract,COMMUNITY SERVICES,SUSSEX COMMUNITY NHS FOUNDATION TRUST,26169431,"79,666.67 ",11138659
Department of Health,NHS Coastal West Sussex CCG,2/28/2019,External Consultancy Fees,CORPORATE GOVERNANCE,OFFICE OF MODERN GOVERNANCE LTD,26175627,"36,229.65 ",INV0059
Department of Health,NHS Coastal West Sussex CCG,2/28/2019,Clinical&Medical-Serv Recd-CCGs,NON RECURRENT PROGRAMMES,NHS HIGH WEALD LEWES HAVENS CCG,26191702,"2,000,000.00 ",7030701701
Department of Health,NHS Coastal West Sussex CCG,2/28/2019,Clinical&Medical-Commercial Sector,COMMUNITY SERVICES,BPAS,26191724,"41,587.00 ",39931
Department of Health,NHS Coastal West Sussex CCG,2/28/2019,Clinical&Medical-Commercial Sector,COMMUNITY SERVICES,SUSSEX MEDICAL CHAMBERS,26191732,"35,350.00 ",2912
Department of Health,NHS Coastal West Sussex CCG,2/28/2019,Clinical&Medical-Commercial Sector,CHILD AND ADOLESCENT MENTAL HEALTH,NHS HASTINGS & ROTHER CCG,26191746,"51,000.00 ",7026401884
Department of Health,NHS Coastal West Sussex CCG,2/28/2019,Clinical&Medical-Commercial Sector,COMMUNITY SERVICES,SPECSAVERS HEARCARE LTD,26191765,"34,794.70 ",20840112
,,,,,,,,
