Department family,Entity,Date,Expense Type,Expense area,Supplier,Transaction number,AP Amount (�),Purchase invoice number
Department of Health,NHS Coastal West Sussex CCG,3/31/2019,Hcare Srv Rec Fdtn Trust-Contract Baseline,ACUTE COMMISSIONING,UNIVERSITY COLLEGE LONDON HOSPITALS NHS FOUNDATION TRUST,26221987,"(27,489.00)",5090011396
Department of Health,NHS Coastal West Sussex CCG,3/31/2019,Clinical&Medical-Commercial Sector,COMMUNITY SERVICES,SUSSEX COMMUNITY DERMATOLOGY SERVICE,26222002,"200,486.48 ",NYG09GFEB19FIXED
Department of Health,NHS Coastal West Sussex CCG,3/31/2019,Hcare Srv Rec Fdtn Trust-Non Contract,ACUTE COMMISSIONING,WESTERN SUSSEX HOSPITALS NHS FOUNDATION TRUST,26222196,"43,359.00 ",1500035611
Department of Health,NHS Coastal West Sussex CCG,3/31/2019,Hcare Srv Rec NHS Trust-Contract Baseline,ACUTE COMMISSIONING,SURREY AND SUSSEX HEALTHCARE NHS TRUST,26235090,"177,375.00 ",11969877
Department of Health,NHS Coastal West Sussex CCG,3/31/2019,Cont Care-Learning Disab(<65),CHC ADULT FULLY FUNDED,LONDON BOROUGH OF ENFIELD,26239146,"40,200.26 ",82914007
Department of Health,NHS Coastal West Sussex CCG,3/31/2019,Cont Care- Palliative Care,CHC ADULT FULLY FUNDED,ST CATHERINES HOSPICE,26239153,"30,295.42 ",0000002314
Department of Health,NHS Coastal West Sussex CCG,3/31/2019,Cont Care- Children,CHC CHILDREN,INVENT HEALTH LTD,26239158,"29,381.86 ",CP1902057
Department of Health,NHS Coastal West Sussex CCG,3/31/2019,C&M-GMS QOF Aspiration,PRC DELEGATED CO-COMMISSIONING,WORTHING MEDICAL GROUP,26246040,"25,221.20 ",TW000040425
Department of Health,NHS Coastal West Sussex CCG,3/31/2019,Clinical&Medical-Commercial Sector,COMMUNITY SERVICES,BPAS,26252257,"36,103.40 ",39683
Department of Health,NHS Coastal West Sussex CCG,3/31/2019,Charges from CSU,PRIMARY CARE IT,NHS NEL CSU,26266792,"40,991.42 ",7312808983
Department of Health,NHS Coastal West Sussex CCG,3/31/2019,Cont Care-Learning Disab(<65),CHC ADULT FULLY FUNDED,SUSSEX HEALTH CARE (CLEMSFORD GROUP),26266819,"30,295.29 ",133976
Department of Health,NHS Coastal West Sussex CCG,3/31/2019,Cont Care-Physical Disab (<65),CHC ADULT FULLY FUNDED,FIRSTCOL SERVICES LTD,26291484,"30,417.66 ",50526
Department of Health,NHS Coastal West Sussex CCG,3/31/2019,Clinical&Medical-Commercial Sector,CHILD AND ADOLESCENT MENTAL HEALTH,NHS HIGH WEALD LEWES HAVENS CCG,26291544,"25,000.00 ",7030701706
Department of Health,NHS Coastal West Sussex CCG,3/31/2019,Cont Care- Palliative Care,CHC ADULT FULLY FUNDED,ST BARNABAS HOSPICE,26291569,"55,829.58 ",STBFT223
Department of Health,NHS Coastal West Sussex CCG,3/31/2019,Hcare Srv Rec Fdtn Trust-Contract Baseline,ACUTE COMMISSIONING,SOUTHAMPTON UNIVERSITY HOSPITALS NHS FOUNDATION TRUST,26294120,"165,266.00 ",7329189
Department of Health,NHS Coastal West Sussex CCG,3/31/2019,Hcare Srv Rec Fdtn Trust-Contract Baseline,COMMUNITY SERVICES,SUSSEX COMMUNITY NHS FOUNDATION TRUST,26294121,"4,916,044.00 ",11139387
Department of Health,NHS Coastal West Sussex CCG,3/31/2019,Hcare Srv Rec Fdtn Trust-Contract Baseline,ACUTE COMMISSIONING,ROYAL SURREY COUNTY HOSPITAL NHS FOUNDATION TRUST,26294123,"392,385.00 ",13799636
Department of Health,NHS Coastal West Sussex CCG,3/31/2019,Hcare Srv Rec Fdtn Trust-Contract Baseline,NHS 111,SOUTH EAST COAST AMBULANCE SERVICE NHS FOUNDATION TRUST,26294125,"162,279.92 ",7881694
Department of Health,NHS Coastal West Sussex CCG,3/31/2019,Hcare Srv Rec Fdtn Trust-Contract Baseline,AMBULANCE SERVICES,SOUTH EAST COAST AMBULANCE SERVICE NHS FOUNDATION TRUST,26294127,"1,908,022.41 ",7881737
Department of Health,NHS Coastal West Sussex CCG,3/31/2019,Hcare Srv Rec Fdtn Trust-Contract Baseline,ACUTE COMMISSIONING,WESTERN SUSSEX HOSPITALS NHS FOUNDATION TRUST,26294128,"26,331,751.00 ",1500035916
Department of Health,NHS Coastal West Sussex CCG,3/31/2019,Hcare Srv Rec NHS Trust-Contract Baseline,ACUTE COMMISSIONING,BRIGHTON AND SUSSEX UNIVERSITY HOSPITALS NHS TRUST,26294130,"1,401,201.00 ",162363
Department of Health,NHS Coastal West Sussex CCG,3/31/2019,Clinical&Medical-Othe Public Sector,SAFEGUARDING,WEST SUSSEX COUNTY COUNCIL,26313080,"34,732.00 ",8001358568
Department of Health,NHS Coastal West Sussex CCG,3/31/2019,Cont Care- Children,CHC CHILDREN,WEST SUSSEX COUNTY COUNCIL,26313201,"46,077.00 ",8001359447
Department of Health,NHS Coastal West Sussex CCG,3/31/2019,Cont Care-FNC Client Continence Allow,FUNDED NURSING CARE,ESSITY UK LTD,26313354,"49,961.27 ",6401492688
Department of Health,NHS Coastal West Sussex CCG,3/31/2019,Clinical&Medical-Commercial Sector,OUT OF HOURS,INTEGRATED CARE 24 LTD,26320106,"307,748.50 ",2600
Department of Health,NHS Coastal West Sussex CCG,3/31/2019,Hcare Srv Rec Fdtn Trust-Contract Baseline,ACUTE COMMISSIONING,QUEEN VICTORIA HOSPITAL NHS FOUNDATION TRUST,26338620,"215,913.00 ",2010018371
Department of Health,NHS Coastal West Sussex CCG,3/31/2019,Clinical&Medical-Othe Public Sector,NON RECURRENT PROGRAMMES,WEST SUSSEX COUNTY COUNCIL,26374096,"435,005.44 ",8001323692
Department of Health,NHS Coastal West Sussex CCG,3/31/2019,Clinical&Medical-Othe Public Sector,NON RECURRENT PROGRAMMES,WEST SUSSEX COUNTY COUNCIL,26374105,"358,219.63 ",8001323691
Department of Health,NHS Coastal West Sussex CCG,3/31/2019,Cont Care-Funded Nursing Care Allow,FUNDED NURSING CARE,WEST SUSSEX COUNTY COUNCIL,26374114,"269,922.15 ",8001337130
Department of Health,NHS Coastal West Sussex CCG,3/31/2019,Cont Care-Funded Nursing Care Allow,FUNDED NURSING CARE,WEST SUSSEX COUNTY COUNCIL,26374119,"235,196.78 ",8001338203
Department of Health,NHS Coastal West Sussex CCG,3/31/2019,Hcare Srv Rec Fdtn Trust-Contract Baseline,ACUTE COMMISSIONING,ROYAL BROMPTON & HAREFIELD NHS FOUNDATION TRUST,26374156,"44,132.54 ",S005473
Department of Health,NHS Coastal West Sussex CCG,3/31/2019,Clinical&Medical-Othe Public Sector,COMMUNITY SERVICES,WEST SUSSEX COUNTY COUNCIL,26374163,"1,981,675.00 ",8001356450
Department of Health,NHS Coastal West Sussex CCG,3/31/2019,Hcare Srv Rec Fdtn Trust-Contract Baseline,ACUTE COMMISSIONING,ST GEORGES UNIVERSITY HOSPITALS NHS FOUNDATION TRUST,26374174,"78,729.68 ",6449883
Department of Health,NHS Coastal West Sussex CCG,3/31/2019,Hcare Srv Rec Fdtn Trust-Contract Baseline,ACUTE COMMISSIONING,KING`S COLLEGE HOSPITAL NHS FOUNDATION TRUST,26374179,"49,998.00 ",00267494
Department of Health,NHS Coastal West Sussex CCG,3/31/2019,Clinical&Medical-Commercial Sector,NCAS/OATS,HORDER HEALTHCARE,26374184,"49,424.71 ",17420
Department of Health,NHS Coastal West Sussex CCG,3/31/2019,Hcare Srv Rec Fdtn Trust-Contract Baseline,ACUTE COMMISSIONING,GUYS & ST THOMAS HOSPITAL NHS FOUNDATION TRUST,26374188,"170,202.00 ",3257694
Department of Health,NHS Coastal West Sussex CCG,3/31/2019,Clinical&Medical-Commercial Sector,COMMUNITY SERVICES,SPECSAVERS HEARCARE LTD,26374191,"59,745.67 ",21330113
Department of Health,NHS Coastal West Sussex CCG,3/31/2019,Hcare Srv Rec NHS Trust-Contract Baseline,ACUTE COMMISSIONING,ROYAL NATIONAL ORTHOPAEDIC HOSPITAL NHS TRUST,26374219,"58,326.00 ",B0039367
Department of Health,NHS Coastal West Sussex CCG,3/31/2019,Hcare Srv Rec Fdtn Trust-Contract Baseline,ACUTE COMMISSIONING,UNIVERSITY COLLEGE LONDON HOSPITALS NHS FOUNDATION TRUST,26374221,"102,488.00 ",5010194062
Department of Health,NHS Coastal West Sussex CCG,3/31/2019,Clinical&Medical-Commercial Sector,MENTAL HEALTH CONTRACTS,NHS HORSHAM AND MID SUSSEX CCG,26374267,"7,024,075.00 ",7026601343
Department of Health,NHS Coastal West Sussex CCG,3/31/2019,Clinical&Medical-Commercial Sector,COMMUNITY SERVICES,SUSSEX COMMUNITY DERMATOLOGY SERVICE,26374270,"200,486.48 ",NYG09GMAR19FIXED
Department of Health,NHS Coastal West Sussex CCG,3/31/2019,Clinical&Medical-Othe Public Sector,NON RECURRENT PROGRAMMES,WEST SUSSEX COUNTY COUNCIL,26374283,"(252,019.88)",6000147825
Department of Health,NHS Coastal West Sussex CCG,3/31/2019,Clinical&Medical-Othe Public Sector,NON RECURRENT PROGRAMMES,WEST SUSSEX COUNTY COUNCIL,26374288,"(113,593.30)",6000147826
Department of Health,NHS Coastal West Sussex CCG,3/31/2019,Clinical&Medical-Commercial Sector,COMMUNITY SERVICES,SUSSEX COMMUNITY DERMATOLOGY SERVICE,26385941,"38,794.26 ",NYG09GJAN2019
Department of Health,NHS Coastal West Sussex CCG,3/31/2019,Clinical&Medical-Commercial Sector,COMMUNITY SERVICES,ACTION FOR DEAFNESS,26385957,"46,405.18 ",20190213
Department of Health,NHS Coastal West Sussex CCG,3/31/2019,Cont Care- Children,CHC CHILDREN,SUSSEX COMMUNITY NHS FOUNDATION TRUST,26457342,"39,000.00 ",11138956
Department of Health,NHS Coastal West Sussex CCG,3/31/2019,Charges from CSU,CONTRACT MANAGEMENT,NHS SOUTH CENTRAL AND WEST COMMISSIONING SUPPORT UNIT,26457379,"54,080.04 ",7312708493
Department of Health,NHS Coastal West Sussex CCG,3/31/2019,Charges from CSU,CORPORATE GOVERNANCE,NHS SOUTH CENTRAL AND WEST COMMISSIONING SUPPORT UNIT,26457379,"7,100.00 ",7312708493
Department of Health,NHS Coastal West Sussex CCG,3/31/2019,Charges from CSU,EDUCATION AND TRAINING,NHS SOUTH CENTRAL AND WEST COMMISSIONING SUPPORT UNIT,26457379,"10,745.00 ",7312708493
Department of Health,NHS Coastal West Sussex CCG,3/31/2019,Charges from CSU,ESTATES AND FACILITIES,NHS SOUTH CENTRAL AND WEST COMMISSIONING SUPPORT UNIT,26457379,245.00 ,7312708493
Department of Health,NHS Coastal West Sussex CCG,3/31/2019,Charges from CSU,FINANCE,NHS SOUTH CENTRAL AND WEST COMMISSIONING SUPPORT UNIT,26457379,"7,226.00 ",7312708493
Department of Health,NHS Coastal West Sussex CCG,3/31/2019,Charges from CSU,PERFORMANCE,NHS SOUTH CENTRAL AND WEST COMMISSIONING SUPPORT UNIT,26457379,"23,974.00 ",7312708493
Department of Health,NHS Coastal West Sussex CCG,3/31/2019,Recharge : Received,COMMISSIONING,NHS NORTH WEST SURREY CCG,26457470,"25,488.65 ",7026704826
Department of Health,NHS Coastal West Sussex CCG,3/31/2019,Hcare Srv Rec NHS Trust-Contract Baseline,ACUTE COMMISSIONING,PORTSMOUTH HOSPITALS NHS TRUST,26469237,"653,750.00 ",9374681
Department of Health,NHS Coastal West Sussex CCG,3/31/2019,Apprenticeship Levy Payable,BALANCE SHEET,HMRC,26474763,"2,561.00 ",475PP004688831911
Department of Health,NHS Coastal West Sussex CCG,3/31/2019,Income tax <1Yr,BALANCE SHEET,HMRC,26474763,"106,431.00 ",475PP004688831911
Department of Health,NHS Coastal West Sussex CCG,3/31/2019,Income tax <1Yr-Student Loans,BALANCE SHEET,HMRC,26474763,905.00 ,475PP004688831911
Department of Health,NHS Coastal West Sussex CCG,3/31/2019,National Insurance < 1 yr-NI- ERS,BALANCE SHEET,HMRC,26474763,"80,396.73 ",475PP004688831911
Department of Health,NHS Coastal West Sussex CCG,3/31/2019,National Insurance < 1 yr-NI-EES,BALANCE SHEET,HMRC,26474763,"60,859.95 ",475PP004688831911
Department of Health,NHS Coastal West Sussex CCG,3/31/2019,Statutory Mat Pay < 1 yr,BALANCE SHEET,HMRC,26474763,"(2,396.28)",475PP004688831911
Department of Health,NHS Coastal West Sussex CCG,3/31/2019,Hcare Srv Rec Fdtn Trust-Contract Cost per Case,COMMUNITY SERVICES,QUEEN VICTORIA HOSPITAL NHS FOUNDATION TRUST,26488510,"29,333.21 ",2010015656
Department of Health,NHS Coastal West Sussex CCG,3/31/2019,Hcare Srv Rec Fdtn Trust-Contract Baseline,ACUTE COMMISSIONING,ROYAL SURREY COUNTY HOSPITAL NHS FOUNDATION TRUST,26488570,"48,211.00 ",13798343
Department of Health,NHS Coastal West Sussex CCG,3/31/2019,Hcare Srv Rec Fdtn Trust-Contract Baseline,Winter Resilience,SUSSEX COMMUNITY NHS FOUNDATION TRUST,26488598,"70,000.00 ",11139210
Department of Health,NHS Coastal West Sussex CCG,3/31/2019,Hcare Srv Rec Fdtn Trust-Contract Baseline,Winter Resilience,SUSSEX COMMUNITY NHS FOUNDATION TRUST,26488601,"64,000.00 ",11139211
Department of Health,NHS Coastal West Sussex CCG,3/31/2019,Hcare Srv Rec Fdtn Trust-Contract Baseline,Winter Resilience,SUSSEX COMMUNITY NHS FOUNDATION TRUST,26488602,"60,906.00 ",11139212
Department of Health,NHS Coastal West Sussex CCG,3/31/2019,Clinical&Medical-Commercial Sector,COMMUNITY SERVICES,SUSSEX MEDICAL CHAMBERS,26488604,"28,052.61 ",2905
Department of Health,NHS Coastal West Sussex CCG,3/31/2019,Clinical&Medical-Commercial Sector,PLANNED CARE,BMI HEALTHCARE LTD,26488637,"(110,301.21)",0000104437
Department of Health,NHS Coastal West Sussex CCG,3/31/2019,Clinical&Medical-Commercial Sector,PLANNED CARE,BMI HEALTHCARE LTD,26488663,"579,424.03 ",0000104925
Department of Health,NHS Coastal West Sussex CCG,3/31/2019,Hcare Srv Rec NHS Trust-Non Contract,NCAS/OATS,EPSOM & ST HELIER UNIVERSITY HOSPITALS NHS TRUST,26488675,"30,979.86 ",19757040
Department of Health,NHS Coastal West Sussex CCG,3/31/2019,Hcare Srv Rec Fdtn Trust-Contract Baseline,ACUTE COMMISSIONING,ROYAL SURREY COUNTY HOSPITAL NHS FOUNDATION TRUST,26488680,"(25,162.00)",13799369
Department of Health,NHS Coastal West Sussex CCG,3/31/2019,Clinical&Medical-Commercial Sector,PLANNED CARE,NUFFIELD HEALTH,26488685,"(61,262.56)",CTNUFF821CR1
Department of Health,NHS Coastal West Sussex CCG,3/31/2019,Clinical&Medical-Commercial Sector,PLANNED CARE,NUFFIELD HEALTH,26488688,"189,932.50 ",CTNUFF858
Department of Health,NHS Coastal West Sussex CCG,3/31/2019,Hcare Srv Rec Fdtn Trust-Contract Baseline,Winter Resilience,SUSSEX COMMUNITY NHS FOUNDATION TRUST,26488691,"(70,000.00)",11139384
Department of Health,NHS Coastal West Sussex CCG,3/31/2019,Hcare Srv Rec Fdtn Trust-Contract Baseline,Winter Resilience,SUSSEX COMMUNITY NHS FOUNDATION TRUST,26488694,"(64,000.00)",11139385
Department of Health,NHS Coastal West Sussex CCG,3/31/2019,Hcare Srv Rec Fdtn Trust-Contract Baseline,Winter Resilience,SUSSEX COMMUNITY NHS FOUNDATION TRUST,26488695,"(60,906.00)",11139386
Department of Health,NHS Coastal West Sussex CCG,3/31/2019,Hcare Srv Rec Fdtn Trust-Non Contract,NCAS/OATS,EAST SUFFOLK AND NORTH ESSEX NHS FOUNDATION TRUST,26488697,"43,528.91 ",6000004123
Department of Health,NHS Coastal West Sussex CCG,3/31/2019,C&M-GMS DES Minor Surgery,LOCAL ENHANCED SERVICES,LIME TREE SURGERY WORTHING,26493127,"7,144.09 ",09GIPF096232
Department of Health,NHS Coastal West Sussex CCG,3/31/2019,C&M-GMS LES 24 Hour ABPM,LOCAL ENHANCED SERVICES,LIME TREE SURGERY WORTHING,26493127,561.08 ,09GIPF096232
Department of Health,NHS Coastal West Sussex CCG,3/31/2019,C&M-GMS LES Care Home/Nursing Home,LOCAL ENHANCED SERVICES,LIME TREE SURGERY WORTHING,26493127,536.21 ,09GIPF096232
Department of Health,NHS Coastal West Sussex CCG,3/31/2019,C&M-GMS LES Complex Wound Care,LOCAL ENHANCED SERVICES,LIME TREE SURGERY WORTHING,26493127,"3,969.77 ",09GIPF096232
Department of Health,NHS Coastal West Sussex CCG,3/31/2019,C&M-GMS LES DVT,LOCAL ENHANCED SERVICES,LIME TREE SURGERY WORTHING,26493127,330.80 ,09GIPF096232
Department of Health,NHS Coastal West Sussex CCG,3/31/2019,C&M-GMS LES Diabetes-Insulin (GTT),LOCAL ENHANCED SERVICES,LIME TREE SURGERY WORTHING,26493127,"3,388.91 ",09GIPF096232
Department of Health,NHS Coastal West Sussex CCG,3/31/2019,C&M-GMS LES H Pylori,LOCAL ENHANCED SERVICES,LIME TREE SURGERY WORTHING,26493127,56.80 ,09GIPF096232
Department of Health,NHS Coastal West Sussex CCG,3/31/2019,C&M-GMS LES Near Patient Testing,LOCAL ENHANCED SERVICES,LIME TREE SURGERY WORTHING,26493127,"1,797.16 ",09GIPF096232
Department of Health,NHS Coastal West Sussex CCG,3/31/2019,C&M-GMS LES Phlebotomy,LOCAL ENHANCED SERVICES,LIME TREE SURGERY WORTHING,26493127,"3,814.20 ",09GIPF096232
Department of Health,NHS Coastal West Sussex CCG,3/31/2019,C&M-GMS LES Prostate Cancer,LOCAL ENHANCED SERVICES,LIME TREE SURGERY WORTHING,26493127,"1,614.36 ",09GIPF096232
Department of Health,NHS Coastal West Sussex CCG,3/31/2019,C&M-GMS LES Rehabilitation Bed Sch,LOCAL ENHANCED SERVICES,LIME TREE SURGERY WORTHING,26493127,536.82 ,09GIPF096232
Department of Health,NHS Coastal West Sussex CCG,3/31/2019,C&M-GMS LES Spirometry,LOCAL ENHANCED SERVICES,LIME TREE SURGERY WORTHING,26493127,"1,293.53 ",09GIPF096232
Department of Health,NHS Coastal West Sussex CCG,3/31/2019,C&M-GMS NES Minor Injury Services,LOCAL ENHANCED SERVICES,LIME TREE SURGERY WORTHING,26493127,370.32 ,09GIPF096232
Department of Health,NHS Coastal West Sussex CCG,3/31/2019,C&M-GMS Global Sum,PRC DELEGATED CO-COMMISSIONING,BERSTED GREEN SURGERY,26502151,"93,850.76 ",TW000040596
Department of Health,NHS Coastal West Sussex CCG,3/31/2019,C&M-GMS PCO Seniority,PRC DELEGATED CO-COMMISSIONING,BERSTED GREEN SURGERY,26502151,"4,014.83 ",TW000040596
Department of Health,NHS Coastal West Sussex CCG,3/31/2019,C&M-GMS Prem Actual Rent,PRC DELEGATED CO-COMMISSIONING,BERSTED GREEN SURGERY,26502151,"59,100.00 ",TW000040596
Department of Health,NHS Coastal West Sussex CCG,3/31/2019,C&M-GMS DES Learn Dsblty Hlth Chk,PRC DELEGATED CO-COMMISSIONING,AVISFORD MEDICAL GROUP,26502153,700.00 ,TW000040598
Department of Health,NHS Coastal West Sussex CCG,3/31/2019,C&M-GMS Global Sum,PRC DELEGATED CO-COMMISSIONING,AVISFORD MEDICAL GROUP,26502153,"86,653.75 ",TW000040598
Department of Health,NHS Coastal West Sussex CCG,3/31/2019,C&M-GMS Other FDR Payment,PRC DELEGATED CO-COMMISSIONING,AVISFORD MEDICAL GROUP,26502153,"1,947.00 ",TW000040598
Department of Health,NHS Coastal West Sussex CCG,3/31/2019,C&M-GMS PCO Seniority,PRC DELEGATED CO-COMMISSIONING,AVISFORD MEDICAL GROUP,26502153,"1,297.40 ",TW000040598
Department of Health,NHS Coastal West Sussex CCG,3/31/2019,C&M-GMS Prem Cost Rent,PRC DELEGATED CO-COMMISSIONING,AVISFORD MEDICAL GROUP,26502153,"6,750.00 ",TW000040598
Department of Health,NHS Coastal West Sussex CCG,3/31/2019,C&M-GMS Global Sum,PRC DELEGATED CO-COMMISSIONING,BALL TREE SURGERY,26502155,"105,776.94 ",TW000040600
Department of Health,NHS Coastal West Sussex CCG,3/31/2019,C&M-GMS MPIG Correction Factor,PRC DELEGATED CO-COMMISSIONING,BALL TREE SURGERY,26502155,139.29 ,TW000040600
Department of Health,NHS Coastal West Sussex CCG,3/31/2019,C&M-GMS PCO Seniority,PRC DELEGATED CO-COMMISSIONING,BALL TREE SURGERY,26502155,"1,917.27 ",TW000040600
Department of Health,NHS Coastal West Sussex CCG,3/31/2019,C&M-GMS Prem Actual Rent,PRC DELEGATED CO-COMMISSIONING,BALL TREE SURGERY,26502155,887.74 ,TW000040600
Department of Health,NHS Coastal West Sussex CCG,3/31/2019,C&M-GMS Prem Notional Rent,PRC DELEGATED CO-COMMISSIONING,BALL TREE SURGERY,26502155,"7,708.08 ",TW000040600
Department of Health,NHS Coastal West Sussex CCG,3/31/2019,ME - GMS GP Prior Year ERs,PRC DELEGATED CO-COMMISSIONING,BALL TREE SURGERY,26502155,"6,287.57 ",TW000040600
Department of Health,NHS Coastal West Sussex CCG,3/31/2019,ME-GMS GP Prior Year EEs,PRC DELEGATED CO-COMMISSIONING,BALL TREE SURGERY,26502155,"6,708.08 ",TW000040600
Department of Health,NHS Coastal West Sussex CCG,3/31/2019,C&M-GMS Global Sum,PRC DELEGATED CO-COMMISSIONING,ARUNDEL SURGERY,26502157,"52,854.02 ",TW000040602
Department of Health,NHS Coastal West Sussex CCG,3/31/2019,C&M-GMS PCO Seniority,PRC DELEGATED CO-COMMISSIONING,ARUNDEL SURGERY,26502157,"2,839.25 ",TW000040602
Department of Health,NHS Coastal West Sussex CCG,3/31/2019,C&M-GMS Prem Actual Rent,PRC DELEGATED CO-COMMISSIONING,ARUNDEL SURGERY,26502157,"34,525.00 ",TW000040602
Department of Health,NHS Coastal West Sussex CCG,3/31/2019,C&M-GMS Global Sum,PRC DELEGATED CO-COMMISSIONING,BARN SURGERY,26502159,"34,756.47 ",TW000040604
Department of Health,NHS Coastal West Sussex CCG,3/31/2019,C&M-GMS PCO Seniority,PRC DELEGATED CO-COMMISSIONING,BARN SURGERY,26502159,992.79 ,TW000040604
Department of Health,NHS Coastal West Sussex CCG,3/31/2019,C&M-GMS Prem Notional Rent,PRC DELEGATED CO-COMMISSIONING,BARN SURGERY,26502159,"1,511.00 ",TW000040604
Department of Health,NHS Coastal West Sussex CCG,3/31/2019,ME - GMS GP Prior Year ERs,PRC DELEGATED CO-COMMISSIONING,BARN SURGERY,26502159,"4,098.29 ",TW000040604
Department of Health,NHS Coastal West Sussex CCG,3/31/2019,ME-GMS GP Prior Year EEs,PRC DELEGATED CO-COMMISSIONING,BARN SURGERY,26502159,"2,645.84 ",TW000040604
Department of Health,NHS Coastal West Sussex CCG,3/31/2019,C&M-GMS Global Sum,PRC DELEGATED CO-COMMISSIONING,BOGNOR MEDICAL PRACTICE,26502161,"67,925.77 ",TW000040606
Department of Health,NHS Coastal West Sussex CCG,3/31/2019,C&M-GMS Other FDR Payment,PRC DELEGATED CO-COMMISSIONING,BOGNOR MEDICAL PRACTICE,26502161,"3,942.00 ",TW000040606
Department of Health,NHS Coastal West Sussex CCG,3/31/2019,C&M-GMS PCO Seniority,PRC DELEGATED CO-COMMISSIONING,BOGNOR MEDICAL PRACTICE,26502161,634.12 ,TW000040606
Department of Health,NHS Coastal West Sussex CCG,3/31/2019,C&M-GMS Prem Actual Rent,PRC DELEGATED CO-COMMISSIONING,BOGNOR MEDICAL PRACTICE,26502161,"20,128.24 ",TW000040606
Department of Health,NHS Coastal West Sussex CCG,3/31/2019,C&M-GMS Global Sum,PRC DELEGATED CO-COMMISSIONING,BILLINGSHURST SURGERY,26502163,"94,525.12 ",TW000040608
Department of Health,NHS Coastal West Sussex CCG,3/31/2019,C&M-GMS MPIG Correction Factor,PRC DELEGATED CO-COMMISSIONING,BILLINGSHURST SURGERY,26502163,869.48 ,TW000040608
Department of Health,NHS Coastal West Sussex CCG,3/31/2019,C&M-GMS PCO Seniority,PRC DELEGATED CO-COMMISSIONING,BILLINGSHURST SURGERY,26502163,"5,086.25 ",TW000040608
Department of Health,NHS Coastal West Sussex CCG,3/31/2019,C&M-GMS Prem Notional Rent,PRC DELEGATED CO-COMMISSIONING,BILLINGSHURST SURGERY,26502163,"8,466.67 ",TW000040608
Department of Health,NHS Coastal West Sussex CCG,3/31/2019,ME-GMS GP Pension EEs Adjustments,PRC DELEGATED CO-COMMISSIONING,BILLINGSHURST SURGERY,26502163,531.25 ,TW000040608
Department of Health,NHS Coastal West Sussex CCG,3/31/2019,ME-GMS GP Pension ERs Adjustments,PRC DELEGATED CO-COMMISSIONING,BILLINGSHURST SURGERY,26502163,611.15 ,TW000040608
Department of Health,NHS Coastal West Sussex CCG,3/31/2019,C&M-GMS Global Sum,PRC DELEGATED CO-COMMISSIONING,CATHEDRAL MEDICAL GROUP,26502166,"94,937.91 ",TW000040612
Department of Health,NHS Coastal West Sussex CCG,3/31/2019,C&M-GMS PCO Seniority,PRC DELEGATED CO-COMMISSIONING,CATHEDRAL MEDICAL GROUP,26502166,"3,645.17 ",TW000040612
Department of Health,NHS Coastal West Sussex CCG,3/31/2019,C&M-GMS Prem Cost Rent,PRC DELEGATED CO-COMMISSIONING,CATHEDRAL MEDICAL GROUP,26502166,"7,866.67 ",TW000040612
Department of Health,NHS Coastal West Sussex CCG,3/31/2019,C&M-GMS Global Sum,PRC DELEGATED CO-COMMISSIONING,CROFT SURGERY EASTERGATE,26502168,"86,958.56 ",TW000040614
Department of Health,NHS Coastal West Sussex CCG,3/31/2019,C&M-GMS MPIG Correction Factor,PRC DELEGATED CO-COMMISSIONING,CROFT SURGERY EASTERGATE,26502168,173.24 ,TW000040614
Department of Health,NHS Coastal West Sussex CCG,3/31/2019,C&M-GMS PCO Seniority,PRC DELEGATED CO-COMMISSIONING,CROFT SURGERY EASTERGATE,26502168,"3,375.02 ",TW000040614
Department of Health,NHS Coastal West Sussex CCG,3/31/2019,C&M-GMS Prem Cost Rent,PRC DELEGATED CO-COMMISSIONING,CROFT SURGERY EASTERGATE,26502168,910.83 ,TW000040614
Department of Health,NHS Coastal West Sussex CCG,3/31/2019,C&M-GMS Prem Notional Rent,PRC DELEGATED CO-COMMISSIONING,CROFT SURGERY EASTERGATE,26502168,"5,100.00 ",TW000040614
Department of Health,NHS Coastal West Sussex CCG,3/31/2019,C&M-GMS DES Learn Dsblty Hlth Chk,PRC DELEGATED CO-COMMISSIONING,COPPICE SURGERY,26502170,980.00 ,TW000040616
Department of Health,NHS Coastal West Sussex CCG,3/31/2019,C&M-GMS Global Sum,PRC DELEGATED CO-COMMISSIONING,COPPICE SURGERY,26502170,"78,502.12 ",TW000040616
Department of Health,NHS Coastal West Sussex CCG,3/31/2019,C&M-GMS MPIG Correction Factor,PRC DELEGATED CO-COMMISSIONING,COPPICE SURGERY,26502170,362.94 ,TW000040616
Department of Health,NHS Coastal West Sussex CCG,3/31/2019,C&M-GMS PCO Seniority,PRC DELEGATED CO-COMMISSIONING,COPPICE SURGERY,26502170,"3,053.78 ",TW000040616
Department of Health,NHS Coastal West Sussex CCG,3/31/2019,C&M-GMS Prem Actual Rent,PRC DELEGATED CO-COMMISSIONING,COPPICE SURGERY,26502170,"34,996.50 ",TW000040616
Department of Health,NHS Coastal West Sussex CCG,3/31/2019,C&M-GMS Prem Notional Rent,PRC DELEGATED CO-COMMISSIONING,COPPICE SURGERY,26502170,"4,250.00 ",TW000040616
Department of Health,NHS Coastal West Sussex CCG,3/31/2019,C&M-GMS Global Sum,PRC DELEGATED CO-COMMISSIONING,CORNERWAYS SURGERY WORTHING,26502172,"28,947.84 ",TW000040618
Department of Health,NHS Coastal West Sussex CCG,3/31/2019,C&M-GMS PCO Seniority,PRC DELEGATED CO-COMMISSIONING,CORNERWAYS SURGERY WORTHING,26502172,"2,426.55 ",TW000040618
Department of Health,NHS Coastal West Sussex CCG,3/31/2019,C&M-GMS Prem Notional Rent,PRC DELEGATED CO-COMMISSIONING,CORNERWAYS SURGERY WORTHING,26502172,"4,400.00 ",TW000040618
Department of Health,NHS Coastal West Sussex CCG,3/31/2019,C&M-GMS DES Learn Dsblty Hlth Chk,PRC DELEGATED CO-COMMISSIONING,FITZALAN MEDICAL GROUP,26502174,"5,600.00 ",TW000040620
Department of Health,NHS Coastal West Sussex CCG,3/31/2019,C&M-GMS Global Sum,PRC DELEGATED CO-COMMISSIONING,FITZALAN MEDICAL GROUP,26502174,"117,302.38 ",TW000040620
Department of Health,NHS Coastal West Sussex CCG,3/31/2019,C&M-GMS PCO Seniority,PRC DELEGATED CO-COMMISSIONING,FITZALAN MEDICAL GROUP,26502174,"2,388.59 ",TW000040620
Department of Health,NHS Coastal West Sussex CCG,3/31/2019,C&M-GMS Prem Notional Rent,PRC DELEGATED CO-COMMISSIONING,FITZALAN MEDICAL GROUP,26502174,"17,891.67 ",TW000040620
Department of Health,NHS Coastal West Sussex CCG,3/31/2019,C&M-GMS Global Sum,PRC DELEGATED CO-COMMISSIONING,FELPHAM & MIDDLETON HEALTH CENTRE,26502176,"99,439.81 ",TW000040622
Department of Health,NHS Coastal West Sussex CCG,3/31/2019,C&M-GMS PCO Locum Sickness,PRC DELEGATED CO-COMMISSIONING,FELPHAM & MIDDLETON HEALTH CENTRE,26502176,"2,298.00 ",TW000040622
Department of Health,NHS Coastal West Sussex CCG,3/31/2019,C&M-GMS PCO Seniority,PRC DELEGATED CO-COMMISSIONING,FELPHAM & MIDDLETON HEALTH CENTRE,26502176,"3,039.97 ",TW000040622
Department of Health,NHS Coastal West Sussex CCG,3/31/2019,C&M-GMS Prem Actual Rent,PRC DELEGATED CO-COMMISSIONING,FELPHAM & MIDDLETON HEALTH CENTRE,26502176,"61,220.25 ",TW000040622
Department of Health,NHS Coastal West Sussex CCG,3/31/2019,C&M-GMS Prem Water Rates,PRC DELEGATED CO-COMMISSIONING,FELPHAM & MIDDLETON HEALTH CENTRE,26502176,328.19 ,TW000040622
Department of Health,NHS Coastal West Sussex CCG,3/31/2019,C&M-GMS DES Learn Dsblty Hlth Chk,PRC DELEGATED CO-COMMISSIONING,GLEBE SURGERY,26502178,"4,900.00 ",TW000040624
Department of Health,NHS Coastal West Sussex CCG,3/31/2019,C&M-GMS Global Sum,PRC DELEGATED CO-COMMISSIONING,GLEBE SURGERY,26502178,"97,771.41 ",TW000040624
Department of Health,NHS Coastal West Sussex CCG,3/31/2019,C&M-GMS PCO Seniority,PRC DELEGATED CO-COMMISSIONING,GLEBE SURGERY,26502178,"4,192.21 ",TW000040624
Department of Health,NHS Coastal West Sussex CCG,3/31/2019,C&M-GMS Prem Actual Rent,PRC DELEGATED CO-COMMISSIONING,GLEBE SURGERY,26502178,"11,787.50 ",TW000040624
Department of Health,NHS Coastal West Sussex CCG,3/31/2019,C&M-GMS Global Sum,PRC DELEGATED CO-COMMISSIONING,GROVE HOUSE SURGERY,26502180,"99,818.11 ",TW000040626
Department of Health,NHS Coastal West Sussex CCG,3/31/2019,C&M-GMS PCO Seniority,PRC DELEGATED CO-COMMISSIONING,GROVE HOUSE SURGERY,26502180,"2,076.37 ",TW000040626
Department of Health,NHS Coastal West Sussex CCG,3/31/2019,C&M-GMS Prem Notional Rent,PRC DELEGATED CO-COMMISSIONING,GROVE HOUSE SURGERY,26502180,"19,373.75 ",TW000040626
Department of Health,NHS Coastal West Sussex CCG,3/31/2019,C&M-GMS Global Sum,PRC DELEGATED CO-COMMISSIONING,HENFIELD MEDICAL CENTRE,26502182,"76,565.01 ",TW000040628
Department of Health,NHS Coastal West Sussex CCG,3/31/2019,C&M-GMS MPIG Correction Factor,PRC DELEGATED CO-COMMISSIONING,HENFIELD MEDICAL CENTRE,26502182,"1,053.13 ",TW000040628
Department of Health,NHS Coastal West Sussex CCG,3/31/2019,C&M-GMS PCO Seniority,PRC DELEGATED CO-COMMISSIONING,HENFIELD MEDICAL CENTRE,26502182,"5,373.32 ",TW000040628
Department of Health,NHS Coastal West Sussex CCG,3/31/2019,C&M-GMS Prem Notional Rent,PRC DELEGATED CO-COMMISSIONING,HENFIELD MEDICAL CENTRE,26502182,"14,716.33 ",TW000040628
Department of Health,NHS Coastal West Sussex CCG,3/31/2019,C&M-GMS Global Sum,PRC DELEGATED CO-COMMISSIONING,LANGLEY HOUSE SURGERY,26502184,"89,847.70 ",TW000040630
Department of Health,NHS Coastal West Sussex CCG,3/31/2019,C&M-GMS PCO Seniority,PRC DELEGATED CO-COMMISSIONING,LANGLEY HOUSE SURGERY,26502184,"1,731.57 ",TW000040630
Department of Health,NHS Coastal West Sussex CCG,3/31/2019,C&M-GMS Prem Cost Rent,PRC DELEGATED CO-COMMISSIONING,LANGLEY HOUSE SURGERY,26502184,"6,795.00 ",TW000040630
Department of Health,NHS Coastal West Sussex CCG,3/31/2019,C&M-GMS DES Learn Dsblty Hlth Chk,PRC DELEGATED CO-COMMISSIONING,LAVANT ROAD SURGERY,26502186,"1,960.00 ",TW000040632
Department of Health,NHS Coastal West Sussex CCG,3/31/2019,C&M-GMS Global Sum,PRC DELEGATED CO-COMMISSIONING,LAVANT ROAD SURGERY,26502186,"86,669.66 ",TW000040632
Department of Health,NHS Coastal West Sussex CCG,3/31/2019,C&M-GMS MPIG Correction Factor,PRC DELEGATED CO-COMMISSIONING,LAVANT ROAD SURGERY,26502186,995.45 ,TW000040632
Department of Health,NHS Coastal West Sussex CCG,3/31/2019,C&M-GMS PCO Seniority,PRC DELEGATED CO-COMMISSIONING,LAVANT ROAD SURGERY,26502186,"2,902.05 ",TW000040632
Department of Health,NHS Coastal West Sussex CCG,3/31/2019,C&M-GMS Prem Notional Rent,PRC DELEGATED CO-COMMISSIONING,LAVANT ROAD SURGERY,26502186,"5,208.33 ",TW000040632
Department of Health,NHS Coastal West Sussex CCG,3/31/2019,C&M-GMS Global Sum,PRC DELEGATED CO-COMMISSIONING,LAWNS SURGERY,26502188,"24,495.00 ",TW000040634
Department of Health,NHS Coastal West Sussex CCG,3/31/2019,C&M-GMS MPIG Correction Factor,PRC DELEGATED CO-COMMISSIONING,LAWNS SURGERY,26502188,344.88 ,TW000040634
Department of Health,NHS Coastal West Sussex CCG,3/31/2019,C&M-GMS PCO Seniority,PRC DELEGATED CO-COMMISSIONING,LAWNS SURGERY,26502188,"1,492.27 ",TW000040634
Department of Health,NHS Coastal West Sussex CCG,3/31/2019,C&M-GMS Global Sum,PRC DELEGATED CO-COMMISSIONING,LOXWOOD SURGERY,26502189,"44,470.29 ",TW000040635
Department of Health,NHS Coastal West Sussex CCG,3/31/2019,C&M-GMS MPIG Correction Factor,PRC DELEGATED CO-COMMISSIONING,LOXWOOD SURGERY,26502189,572.09 ,TW000040635
Department of Health,NHS Coastal West Sussex CCG,3/31/2019,C&M-GMS PCO Seniority,PRC DELEGATED CO-COMMISSIONING,LOXWOOD SURGERY,26502189,"2,202.78 ",TW000040635
Department of Health,NHS Coastal West Sussex CCG,3/31/2019,C&M-GMS Prem Actual Rent,PRC DELEGATED CO-COMMISSIONING,LOXWOOD SURGERY,26502189,"34,500.00 ",TW000040635
Department of Health,NHS Coastal West Sussex CCG,3/31/2019,C&M-GMS Prem Water Rates,PRC DELEGATED CO-COMMISSIONING,LOXWOOD SURGERY,26502189,237.87 ,TW000040635
Department of Health,NHS Coastal West Sussex CCG,3/31/2019,C&M-GMS Global Sum,PRC DELEGATED CO-COMMISSIONING,LIME TREE SURGERY WORTHING,26502191,"150,649.34 ",TW000040637
Department of Health,NHS Coastal West Sussex CCG,3/31/2019,C&M-GMS MPIG Correction Factor,PRC DELEGATED CO-COMMISSIONING,LIME TREE SURGERY WORTHING,26502191,"1,986.96 ",TW000040637
Department of Health,NHS Coastal West Sussex CCG,3/31/2019,C&M-GMS Other FDR Payment,PRC DELEGATED CO-COMMISSIONING,LIME TREE SURGERY WORTHING,26502191,"6,503.00 ",TW000040637
Department of Health,NHS Coastal West Sussex CCG,3/31/2019,C&M-GMS PCO Seniority,PRC DELEGATED CO-COMMISSIONING,LIME TREE SURGERY WORTHING,26502191,"2,746.72 ",TW000040637
Department of Health,NHS Coastal West Sussex CCG,3/31/2019,C&M-GMS Prem Notional Rent,PRC DELEGATED CO-COMMISSIONING,LIME TREE SURGERY WORTHING,26502191,"7,587.41 ",TW000040637
Department of Health,NHS Coastal West Sussex CCG,3/31/2019,C&M-GMS DES Learn Dsblty Hlth Chk,PRC DELEGATED CO-COMMISSIONING,MAYWOOD HEALTHCARE CENTRE,26502193,"3,080.00 ",TW000040639
Department of Health,NHS Coastal West Sussex CCG,3/31/2019,C&M-GMS Global Sum,PRC DELEGATED CO-COMMISSIONING,MAYWOOD HEALTHCARE CENTRE,26502193,"104,942.58 ",TW000040639
Department of Health,NHS Coastal West Sussex CCG,3/31/2019,C&M-GMS Other FDR Payment,PRC DELEGATED CO-COMMISSIONING,MAYWOOD HEALTHCARE CENTRE,26502193,"1,378.00 ",TW000040639
Department of Health,NHS Coastal West Sussex CCG,3/31/2019,C&M-GMS PCO Seniority,PRC DELEGATED CO-COMMISSIONING,MAYWOOD HEALTHCARE CENTRE,26502193,"1,669.03 ",TW000040639
Department of Health,NHS Coastal West Sussex CCG,3/31/2019,C&M-GMS Prem Actual Rent,PRC DELEGATED CO-COMMISSIONING,MAYWOOD HEALTHCARE CENTRE,26502193,"59,715.60 ",TW000040639
Department of Health,NHS Coastal West Sussex CCG,3/31/2019,C&M-GMS Prem Water Rates,PRC DELEGATED CO-COMMISSIONING,MAYWOOD HEALTHCARE CENTRE,26502193,471.09 ,TW000040639
Department of Health,NHS Coastal West Sussex CCG,3/31/2019,C&M-GMS Global Sum,PRC DELEGATED CO-COMMISSIONING,MANOR PRACTICE SOUTHWICK,26502195,"69,601.00 ",TW000040641
Department of Health,NHS Coastal West Sussex CCG,3/31/2019,C&M-GMS MPIG Correction Factor,PRC DELEGATED CO-COMMISSIONING,MANOR PRACTICE SOUTHWICK,26502195,"1,007.09 ",TW000040641
Department of Health,NHS Coastal West Sussex CCG,3/31/2019,C&M-GMS PCO Seniority,PRC DELEGATED CO-COMMISSIONING,MANOR PRACTICE SOUTHWICK,26502195,"3,739.83 ",TW000040641
Department of Health,NHS Coastal West Sussex CCG,3/31/2019,C&M-GMS Prem Actual Rent,PRC DELEGATED CO-COMMISSIONING,MANOR PRACTICE SOUTHWICK,26502195,"47,400.00 ",TW000040641
Department of Health,NHS Coastal West Sussex CCG,3/31/2019,C&M-GMS Global Sum,PRC DELEGATED CO-COMMISSIONING,NEW POND ROW PRACTICE,26502197,"57,912.84 ",TW000040643
Department of Health,NHS Coastal West Sussex CCG,3/31/2019,C&M-GMS PCO Seniority,PRC DELEGATED CO-COMMISSIONING,NEW POND ROW PRACTICE,26502197,686.81 ,TW000040643
Department of Health,NHS Coastal West Sussex CCG,3/31/2019,C&M-GMS Prem Notional Rent,PRC DELEGATED CO-COMMISSIONING,NEW POND ROW PRACTICE,26502197,"3,634.67 ",TW000040643
Department of Health,NHS Coastal West Sussex CCG,3/31/2019,C&M-GMS Global Sum,PRC DELEGATED CO-COMMISSIONING,PARK SURGERY LITTLEHAMPTON,26502199,"80,367.43 ",TW000040645
Department of Health,NHS Coastal West Sussex CCG,3/31/2019,C&M-GMS PCO Seniority,PRC DELEGATED CO-COMMISSIONING,PARK SURGERY LITTLEHAMPTON,26502199,"2,329.06 ",TW000040645
Department of Health,NHS Coastal West Sussex CCG,3/31/2019,C&M-GMS Prem Notional Rent,PRC DELEGATED CO-COMMISSIONING,PARK SURGERY LITTLEHAMPTON,26502199,"6,137.50 ",TW000040645
Department of Health,NHS Coastal West Sussex CCG,3/31/2019,C&M-GMS DES Learn Dsblty Hlth Chk,PRC DELEGATED CO-COMMISSIONING,ORCHARD SURGERY LANCING,26502202,"1,680.00 ",TW000040649
Department of Health,NHS Coastal West Sussex CCG,3/31/2019,C&M-GMS Global Sum,PRC DELEGATED CO-COMMISSIONING,ORCHARD SURGERY LANCING,26502202,"46,968.58 ",TW000040649
Department of Health,NHS Coastal West Sussex CCG,3/31/2019,C&M-GMS PCO Seniority,PRC DELEGATED CO-COMMISSIONING,ORCHARD SURGERY LANCING,26502202,"1,227.84 ",TW000040649
Department of Health,NHS Coastal West Sussex CCG,3/31/2019,C&M-GMS Prem Actual Rent,PRC DELEGATED CO-COMMISSIONING,ORCHARD SURGERY LANCING,26502202,"11,400.08 ",TW000040649
Department of Health,NHS Coastal West Sussex CCG,3/31/2019,C&M-GMS Prem Water Rates,PRC DELEGATED CO-COMMISSIONING,ORCHARD SURGERY LANCING,26502202,"1,488.43 ",TW000040649
Department of Health,NHS Coastal West Sussex CCG,3/31/2019,C&M-GMS Global Sum,PRC DELEGATED CO-COMMISSIONING,PHOENIX SURGERY,26502204,"48,974.97 ",TW000040651
Department of Health,NHS Coastal West Sussex CCG,3/31/2019,C&M-GMS Prem Actual Rent,PRC DELEGATED CO-COMMISSIONING,PHOENIX SURGERY,26502204,"41,845.25 ",TW000040651
Department of Health,NHS Coastal West Sussex CCG,3/31/2019,C&M-GMS DES Learn Dsblty Hlth Chk,PRC DELEGATED CO-COMMISSIONING,PETWORTH SURGERY,26502206,"1,120.00 ",TW000040653
Department of Health,NHS Coastal West Sussex CCG,3/31/2019,C&M-GMS Global Sum,PRC DELEGATED CO-COMMISSIONING,PETWORTH SURGERY,26502206,"50,954.32 ",TW000040653
Department of Health,NHS Coastal West Sussex CCG,3/31/2019,C&M-GMS PCO Seniority,PRC DELEGATED CO-COMMISSIONING,PETWORTH SURGERY,26502206,"1,577.03 ",TW000040653
Department of Health,NHS Coastal West Sussex CCG,3/31/2019,C&M-GMS Prem Notional Rent,PRC DELEGATED CO-COMMISSIONING,PETWORTH SURGERY,26502206,"21,775.00 ",TW000040653
Department of Health,NHS Coastal West Sussex CCG,3/31/2019,C&M-GMS Global Sum,PRC DELEGATED CO-COMMISSIONING,PULBOROUGH MEDICAL GROUP,26502208,"101,546.03 ",TW000040655
Department of Health,NHS Coastal West Sussex CCG,3/31/2019,C&M-GMS Other FDR Payment,PRC DELEGATED CO-COMMISSIONING,PULBOROUGH MEDICAL GROUP,26502208,31.00 ,TW000040655
Department of Health,NHS Coastal West Sussex CCG,3/31/2019,C&M-GMS PCO Locum Adop/Pat/Mat,PRC DELEGATED CO-COMMISSIONING,PULBOROUGH MEDICAL GROUP,26502208,"20,646.68 ",TW000040655
Department of Health,NHS Coastal West Sussex CCG,3/31/2019,C&M-GMS PCO Seniority,PRC DELEGATED CO-COMMISSIONING,PULBOROUGH MEDICAL GROUP,26502208,"1,820.88 ",TW000040655
Department of Health,NHS Coastal West Sussex CCG,3/31/2019,C&M-GMS Prem Actual Rent,PRC DELEGATED CO-COMMISSIONING,PULBOROUGH MEDICAL GROUP,26502208,"64,403.70 ",TW000040655
Department of Health,NHS Coastal West Sussex CCG,3/31/2019,C&M-GMS Global Sum,PRC DELEGATED CO-COMMISSIONING,RIVERBANK MEDICAL CENTRE MIDHURST,26502210,"95,739.04 ",TW000040657
Department of Health,NHS Coastal West Sussex CCG,3/31/2019,C&M-GMS PCO Seniority,PRC DELEGATED CO-COMMISSIONING,RIVERBANK MEDICAL CENTRE MIDHURST,26502210,"5,380.43 ",TW000040657
Department of Health,NHS Coastal West Sussex CCG,3/31/2019,C&M-GMS Prem Cost Rent,PRC DELEGATED CO-COMMISSIONING,RIVERBANK MEDICAL CENTRE MIDHURST,26502210,"6,453.92 ",TW000040657
Department of Health,NHS Coastal West Sussex CCG,3/31/2019,C&M-GMS Global Sum,PRC DELEGATED CO-COMMISSIONING,SELDEN MEDICAL CENTRE,26502212,"61,684.52 ",TW000040659
Department of Health,NHS Coastal West Sussex CCG,3/31/2019,C&M-GMS PCO Seniority,PRC DELEGATED CO-COMMISSIONING,SELDEN MEDICAL CENTRE,26502212,"1,963.08 ",TW000040659
Department of Health,NHS Coastal West Sussex CCG,3/31/2019,C&M-GMS Prem Notional Rent,PRC DELEGATED CO-COMMISSIONING,SELDEN MEDICAL CENTRE,26502212,"11,875.00 ",TW000040659
Department of Health,NHS Coastal West Sussex CCG,3/31/2019,C&M-GMS DES Learn Dsblty Hlth Chk,PRC DELEGATED CO-COMMISSIONING,SELSEY MEDICAL PRACTICE,26502213,980.00 ,TW000040661
Department of Health,NHS Coastal West Sussex CCG,3/31/2019,C&M-GMS Global Sum,PRC DELEGATED CO-COMMISSIONING,SELSEY MEDICAL PRACTICE,26502213,"104,476.06 ",TW000040661
Department of Health,NHS Coastal West Sussex CCG,3/31/2019,C&M-GMS PCO Locum Adop/Pat/Mat,PRC DELEGATED CO-COMMISSIONING,SELSEY MEDICAL PRACTICE,26502213,"4,610.96 ",TW000040661
Department of Health,NHS Coastal West Sussex CCG,3/31/2019,C&M-GMS PCO Seniority,PRC DELEGATED CO-COMMISSIONING,SELSEY MEDICAL PRACTICE,26502213,"4,072.66 ",TW000040661
Department of Health,NHS Coastal West Sussex CCG,3/31/2019,C&M-GMS Prem Notional Rent,PRC DELEGATED CO-COMMISSIONING,SELSEY MEDICAL PRACTICE,26502213,"15,070.42 ",TW000040661
Department of Health,NHS Coastal West Sussex CCG,3/31/2019,C&M-GMS Prem Water Rates,PRC DELEGATED CO-COMMISSIONING,SELSEY MEDICAL PRACTICE,26502213,565.49 ,TW000040661
Department of Health,NHS Coastal West Sussex CCG,3/31/2019,C&M-GMS Global Sum,PRC DELEGATED CO-COMMISSIONING,STEYNING HEALTH CENTRE,26502216,"93,079.35 ",TW000040665
Department of Health,NHS Coastal West Sussex CCG,3/31/2019,C&M-GMS MPIG Correction Factor,PRC DELEGATED CO-COMMISSIONING,STEYNING HEALTH CENTRE,26502216,869.64 ,TW000040665
Department of Health,NHS Coastal West Sussex CCG,3/31/2019,C&M-GMS PCO Seniority,PRC DELEGATED CO-COMMISSIONING,STEYNING HEALTH CENTRE,26502216,"2,103.83 ",TW000040665
Department of Health,NHS Coastal West Sussex CCG,3/31/2019,C&M-GMS Prem Notional Rent,PRC DELEGATED CO-COMMISSIONING,STEYNING HEALTH CENTRE,26502216,"54,219.16 ",TW000040665
Department of Health,NHS Coastal West Sussex CCG,3/31/2019,C&M-GMS DES Learn Dsblty Hlth Chk,PRC DELEGATED CO-COMMISSIONING,STRAND MEDICAL GROUP,26502218,"4,340.00 ",TW000040667
Department of Health,NHS Coastal West Sussex CCG,3/31/2019,C&M-GMS Global Sum,PRC DELEGATED CO-COMMISSIONING,STRAND MEDICAL GROUP,26502218,"95,621.67 ",TW000040667
Department of Health,NHS Coastal West Sussex CCG,3/31/2019,C&M-GMS Other FDR Payment,PRC DELEGATED CO-COMMISSIONING,STRAND MEDICAL GROUP,26502218,"11,526.00 ",TW000040667
Department of Health,NHS Coastal West Sussex CCG,3/31/2019,C&M-GMS PCO Seniority,PRC DELEGATED CO-COMMISSIONING,STRAND MEDICAL GROUP,26502218,"3,797.73 ",TW000040667
Department of Health,NHS Coastal West Sussex CCG,3/31/2019,C&M-GMS Prem Cost Rent,PRC DELEGATED CO-COMMISSIONING,STRAND MEDICAL GROUP,26502218,"5,658.50 ",TW000040667
Department of Health,NHS Coastal West Sussex CCG,3/31/2019,C&M-GMS Global Sum,PRC DELEGATED CO-COMMISSIONING,ST LAWRENCE SURGERY,26502220,"100,579.19 ",TW000040669
Department of Health,NHS Coastal West Sussex CCG,3/31/2019,C&M-GMS MPIG Correction Factor,PRC DELEGATED CO-COMMISSIONING,ST LAWRENCE SURGERY,26502220,825.82 ,TW000040669
Department of Health,NHS Coastal West Sussex CCG,3/31/2019,C&M-GMS PCO Seniority,PRC DELEGATED CO-COMMISSIONING,ST LAWRENCE SURGERY,26502220,"2,386.60 ",TW000040669
Department of Health,NHS Coastal West Sussex CCG,3/31/2019,C&M-GMS Prem Notional Rent,PRC DELEGATED CO-COMMISSIONING,ST LAWRENCE SURGERY,26502220,"10,129.25 ",TW000040669
Department of Health,NHS Coastal West Sussex CCG,3/31/2019,C&M-GMS Prem Water Rates,PRC DELEGATED CO-COMMISSIONING,ST LAWRENCE SURGERY,26502220,630.55 ,TW000040669
Department of Health,NHS Coastal West Sussex CCG,3/31/2019,C&M-GMS Global Sum,PRC DELEGATED CO-COMMISSIONING,TANGMERE MEDICAL CENTRE,26502222,"37,391.29 ",TW000040671
Department of Health,NHS Coastal West Sussex CCG,3/31/2019,C&M-GMS MPIG Correction Factor,PRC DELEGATED CO-COMMISSIONING,TANGMERE MEDICAL CENTRE,26502222,836.52 ,TW000040671
Department of Health,NHS Coastal West Sussex CCG,3/31/2019,C&M-GMS PCO Seniority,PRC DELEGATED CO-COMMISSIONING,TANGMERE MEDICAL CENTRE,26502222,"1,196.47 ",TW000040671
Department of Health,NHS Coastal West Sussex CCG,3/31/2019,C&M-GMS Prem Actual Rent,PRC DELEGATED CO-COMMISSIONING,TANGMERE MEDICAL CENTRE,26502222,"42,636.00 ",TW000040671
Department of Health,NHS Coastal West Sussex CCG,3/31/2019,C&M-GMS Global Sum,PRC DELEGATED CO-COMMISSIONING,VICTORIA ROAD PRACTICE,26502224,"101,594.08 ",TW000040673
Department of Health,NHS Coastal West Sussex CCG,3/31/2019,C&M-GMS MPIG Correction Factor,PRC DELEGATED CO-COMMISSIONING,VICTORIA ROAD PRACTICE,26502224,273.61 ,TW000040673
Department of Health,NHS Coastal West Sussex CCG,3/31/2019,C&M-GMS PCO Seniority,PRC DELEGATED CO-COMMISSIONING,VICTORIA ROAD PRACTICE,26502224,"2,263.78 ",TW000040673
Department of Health,NHS Coastal West Sussex CCG,3/31/2019,C&M-GMS Prem Actual Rent,PRC DELEGATED CO-COMMISSIONING,VICTORIA ROAD PRACTICE,26502224,"3,746.92 ",TW000040673
Department of Health,NHS Coastal West Sussex CCG,3/31/2019,C&M-GMS Prem Notional Rent,PRC DELEGATED CO-COMMISSIONING,VICTORIA ROAD PRACTICE,26502224,"4,308.33 ",TW000040673
Department of Health,NHS Coastal West Sussex CCG,3/31/2019,C&M-GMS Prem Rates,PRC DELEGATED CO-COMMISSIONING,VICTORIA ROAD PRACTICE,26502224,466.86 ,TW000040673
Department of Health,NHS Coastal West Sussex CCG,3/31/2019,C&M-GMS Prem Water Rates,PRC DELEGATED CO-COMMISSIONING,VICTORIA ROAD PRACTICE,26502224,208.97 ,TW000040673
Department of Health,NHS Coastal West Sussex CCG,3/31/2019,C&M-GMS Global Sum,PRC DELEGATED CO-COMMISSIONING,WEST MEADS SURGERY,26502226,"59,876.29 ",TW000040675
Department of Health,NHS Coastal West Sussex CCG,3/31/2019,C&M-GMS PCO Seniority,PRC DELEGATED CO-COMMISSIONING,WEST MEADS SURGERY,26502226,"1,196.47 ",TW000040675
Department of Health,NHS Coastal West Sussex CCG,3/31/2019,C&M-GMS Prem Cost Rent,PRC DELEGATED CO-COMMISSIONING,WEST MEADS SURGERY,26502226,"6,334.17 ",TW000040675
Department of Health,NHS Coastal West Sussex CCG,3/31/2019,C&M-GMS Prem Notional Rent,PRC DELEGATED CO-COMMISSIONING,WEST MEADS SURGERY,26502226,"1,166.67 ",TW000040675
Department of Health,NHS Coastal West Sussex CCG,3/31/2019,C&M-GMS Prem Water Rates,PRC DELEGATED CO-COMMISSIONING,WEST MEADS SURGERY,26502226,117.00 ,TW000040675
Department of Health,NHS Coastal West Sussex CCG,3/31/2019,C&M-GMS Global Sum,PRC DELEGATED CO-COMMISSIONING,WILLOW GREEN SURGERY,26502228,"79,748.20 ",TW000040677
Department of Health,NHS Coastal West Sussex CCG,3/31/2019,C&M-GMS PCO Locum Adop/Pat/Mat,PRC DELEGATED CO-COMMISSIONING,WILLOW GREEN SURGERY,26502228,"6,469.06 ",TW000040677
Department of Health,NHS Coastal West Sussex CCG,3/31/2019,C&M-GMS PCO Seniority,PRC DELEGATED CO-COMMISSIONING,WILLOW GREEN SURGERY,26502228,"3,208.71 ",TW000040677
Department of Health,NHS Coastal West Sussex CCG,3/31/2019,C&M-GMS Prem Notional Rent,PRC DELEGATED CO-COMMISSIONING,WILLOW GREEN SURGERY,26502228,"6,015.58 ",TW000040677
Department of Health,NHS Coastal West Sussex CCG,3/31/2019,C&M-GMS Prem Water Rates,PRC DELEGATED CO-COMMISSIONING,WILLOW GREEN SURGERY,26502228,289.45 ,TW000040677
Department of Health,NHS Coastal West Sussex CCG,3/31/2019,C&M-GMS Global Sum,PRC DELEGATED CO-COMMISSIONING,WESTCOURT SURGERY,26502230,"96,899.24 ",TW000040679
Department of Health,NHS Coastal West Sussex CCG,3/31/2019,C&M-GMS PCO Seniority,PRC DELEGATED CO-COMMISSIONING,WESTCOURT SURGERY,26502230,"3,600.39 ",TW000040679
Department of Health,NHS Coastal West Sussex CCG,3/31/2019,C&M-GMS Prem Notional Rent,PRC DELEGATED CO-COMMISSIONING,WESTCOURT SURGERY,26502230,"9,283.33 ",TW000040679
Department of Health,NHS Coastal West Sussex CCG,3/31/2019,C&M-GMS Global Sum,PRC DELEGATED CO-COMMISSIONING,WORTHING MEDICAL GROUP,26502232,"159,485.04 ",TW000040681
Department of Health,NHS Coastal West Sussex CCG,3/31/2019,C&M-GMS Other FDR Payment,PRC DELEGATED CO-COMMISSIONING,WORTHING MEDICAL GROUP,26502232,"9,145.00 ",TW000040681
Department of Health,NHS Coastal West Sussex CCG,3/31/2019,C&M-GMS PCO Seniority,PRC DELEGATED CO-COMMISSIONING,WORTHING MEDICAL GROUP,26502232,"1,764.11 ",TW000040681
Department of Health,NHS Coastal West Sussex CCG,3/31/2019,C&M-GMS Prem Actual Rent,PRC DELEGATED CO-COMMISSIONING,WORTHING MEDICAL GROUP,26502232,"10,307.84 ",TW000040681
Department of Health,NHS Coastal West Sussex CCG,3/31/2019,C&M-GMS Prem Notional Rent,PRC DELEGATED CO-COMMISSIONING,WORTHING MEDICAL GROUP,26502232,"5,770.83 ",TW000040681
Department of Health,NHS Coastal West Sussex CCG,3/31/2019,ME-GMS GP Pension EEs Adjustments,PRC DELEGATED CO-COMMISSIONING,WORTHING MEDICAL GROUP,26502232,"3,375.00 ",TW000040681
Department of Health,NHS Coastal West Sussex CCG,3/31/2019,ME-GMS GP Pension ERs Adjustments,PRC DELEGATED CO-COMMISSIONING,WORTHING MEDICAL GROUP,26502232,"3,595.00 ",TW000040681
Department of Health,NHS Coastal West Sussex CCG,3/31/2019,C&M-GMS Global Sum,PRC DELEGATED CO-COMMISSIONING,WITTERINGS HEALTH CENTRE,26502234,"90,770.02 ",TW000040683
Department of Health,NHS Coastal West Sussex CCG,3/31/2019,C&M-GMS PCO Seniority,PRC DELEGATED CO-COMMISSIONING,WITTERINGS HEALTH CENTRE,26502234,"1,730.10 ",TW000040683
Department of Health,NHS Coastal West Sussex CCG,3/31/2019,C&M-GMS Prem Notional Rent,PRC DELEGATED CO-COMMISSIONING,WITTERINGS HEALTH CENTRE,26502234,"7,991.67 ",TW000040683
Department of Health,NHS Coastal West Sussex CCG,3/31/2019,C&M-GMS Prem Water Rates,PRC DELEGATED CO-COMMISSIONING,WITTERINGS HEALTH CENTRE,26502234,190.74 ,TW000040683
Department of Health,NHS Coastal West Sussex CCG,3/31/2019,ME - GMS GP Prior Year ERs,PRC DELEGATED CO-COMMISSIONING,WITTERINGS HEALTH CENTRE,26502234,"1,757.24 ",TW000040683
Department of Health,NHS Coastal West Sussex CCG,3/31/2019,ME-GMS GP Prior Year AVCs,PRC DELEGATED CO-COMMISSIONING,WITTERINGS HEALTH CENTRE,26502234,"1,100.00 ",TW000040683
Department of Health,NHS Coastal West Sussex CCG,3/31/2019,ME-GMS GP Prior Year EEs,PRC DELEGATED CO-COMMISSIONING,WITTERINGS HEALTH CENTRE,26502234,"2,307.50 ",TW000040683
Department of Health,NHS Coastal West Sussex CCG,3/31/2019,C&M-GMS Global Sum,PRC DELEGATED CO-COMMISSIONING,NORTHBOURNE MEDICAL CENTRE,26502237,"74,812.40 ",TW000040687
Department of Health,NHS Coastal West Sussex CCG,3/31/2019,C&M-GMS MPIG Correction Factor,PRC DELEGATED CO-COMMISSIONING,NORTHBOURNE MEDICAL CENTRE,26502237,810.20 ,TW000040687
Department of Health,NHS Coastal West Sussex CCG,3/31/2019,C&M-GMS PCO Seniority,PRC DELEGATED CO-COMMISSIONING,NORTHBOURNE MEDICAL CENTRE,26502237,"2,515.32 ",TW000040687
Department of Health,NHS Coastal West Sussex CCG,3/31/2019,C&M-GMS Prem Actual Rent,PRC DELEGATED CO-COMMISSIONING,NORTHBOURNE MEDICAL CENTRE,26502237,"47,925.00 ",TW000040687
Department of Health,NHS Coastal West Sussex CCG,3/31/2019,Cont Care-Physical Disab (<65),CHC ADULT FULLY FUNDED,FIRSTCOL SERVICES LTD,26506916,"27,276.18 ",51458
Department of Health,NHS Coastal West Sussex CCG,3/31/2019,ME - GMS TPS Added Years Adj EEs,PRC DELEGATED CO-COMMISSIONING,BERSTED GREEN SURGERY,26522001,"(1,536.60)",TW000040595
Department of Health,NHS Coastal West Sussex CCG,3/31/2019,ME-GMS GP Pension AVCs,PRC DELEGATED CO-COMMISSIONING,BERSTED GREEN SURGERY,26522001,"(4,361.96)",TW000040595
Department of Health,NHS Coastal West Sussex CCG,3/31/2019,ME-GMS GP Pension EEs,PRC DELEGATED CO-COMMISSIONING,BERSTED GREEN SURGERY,26522001,"(7,868.12)",TW000040595
Department of Health,NHS Coastal West Sussex CCG,3/31/2019,ME-GMS GP Pension EEs Adjustments,PRC DELEGATED CO-COMMISSIONING,BERSTED GREEN SURGERY,26522001,"(26,415.96)",TW000040595
Department of Health,NHS Coastal West Sussex CCG,3/31/2019,ME-GMS GP Pension ERs Adjustments,PRC DELEGATED CO-COMMISSIONING,BERSTED GREEN SURGERY,26522001,"(36,172.51)",TW000040595
Department of Health,NHS Coastal West Sussex CCG,3/31/2019,C&M-GMS DES Learn Dsblty Hlth Chk,PRC DELEGATED CO-COMMISSIONING,BROADWATER MEDICAL CENTRE,26522002,"1,680.00 ",TW000040610
Department of Health,NHS Coastal West Sussex CCG,3/31/2019,C&M-GMS Global Sum,PRC DELEGATED CO-COMMISSIONING,BROADWATER MEDICAL CENTRE,26522002,"82,923.61 ",TW000040610
Department of Health,NHS Coastal West Sussex CCG,3/31/2019,C&M-GMS MPIG Correction Factor,PRC DELEGATED CO-COMMISSIONING,BROADWATER MEDICAL CENTRE,26522002,55.56 ,TW000040610
Department of Health,NHS Coastal West Sussex CCG,3/31/2019,C&M-GMS PCO Seniority,PRC DELEGATED CO-COMMISSIONING,BROADWATER MEDICAL CENTRE,26522002,"3,346.85 ",TW000040610
Department of Health,NHS Coastal West Sussex CCG,3/31/2019,C&M-GMS Prem Actual Rent,PRC DELEGATED CO-COMMISSIONING,BROADWATER MEDICAL CENTRE,26522002,"374,400.00 ",TW000040610
Department of Health,NHS Coastal West Sussex CCG,3/31/2019,ME-GMS GP Pension EEs Adjustments,PRC DELEGATED CO-COMMISSIONING,BROADWATER MEDICAL CENTRE,26522002,"12,625.44 ",TW000040610
Department of Health,NHS Coastal West Sussex CCG,3/31/2019,ME-GMS GP Pension ERs Adjustments,PRC DELEGATED CO-COMMISSIONING,BROADWATER MEDICAL CENTRE,26522002,"12,858.16 ",TW000040610
Department of Health,NHS Coastal West Sussex CCG,3/31/2019,C&M-GMS Global Sum,PRC DELEGATED CO-COMMISSIONING,PARKLANDS SURGERY CHICHESTER,26522003,"71,678.29 ",TW000040647
Department of Health,NHS Coastal West Sussex CCG,3/31/2019,C&M-GMS MPIG Correction Factor,PRC DELEGATED CO-COMMISSIONING,PARKLANDS SURGERY CHICHESTER,26522003,126.92 ,TW000040647
Department of Health,NHS Coastal West Sussex CCG,3/31/2019,C&M-GMS PCO Locum Sickness,PRC DELEGATED CO-COMMISSIONING,PARKLANDS SURGERY CHICHESTER,26522003,"13,447.23 ",TW000040647
Department of Health,NHS Coastal West Sussex CCG,3/31/2019,C&M-GMS PCO Seniority,PRC DELEGATED CO-COMMISSIONING,PARKLANDS SURGERY CHICHESTER,26522003,"3,108.17 ",TW000040647
Department of Health,NHS Coastal West Sussex CCG,3/31/2019,C&M-GMS Prem Notional Rent,PRC DELEGATED CO-COMMISSIONING,PARKLANDS SURGERY CHICHESTER,26522003,"12,074.33 ",TW000040647
Department of Health,NHS Coastal West Sussex CCG,3/31/2019,C&M-GMS Global Sum,PRC DELEGATED CO-COMMISSIONING,SOUTHBOURNE SURGERY EMSWORTH,26522005,"76,119.62 ",TW000040663
Department of Health,NHS Coastal West Sussex CCG,3/31/2019,C&M-GMS MPIG Correction Factor,PRC DELEGATED CO-COMMISSIONING,SOUTHBOURNE SURGERY EMSWORTH,26522005,79.58 ,TW000040663
Department of Health,NHS Coastal West Sussex CCG,3/31/2019,C&M-GMS PCO Locum Adop/Pat/Mat,PRC DELEGATED CO-COMMISSIONING,SOUTHBOURNE SURGERY EMSWORTH,26522005,"3,529.61 ",TW000040663
Department of Health,NHS Coastal West Sussex CCG,3/31/2019,C&M-GMS PCO Seniority,PRC DELEGATED CO-COMMISSIONING,SOUTHBOURNE SURGERY EMSWORTH,26522005,"4,954.19 ",TW000040663
Department of Health,NHS Coastal West Sussex CCG,3/31/2019,C&M-GMS Prem Notional Rent,PRC DELEGATED CO-COMMISSIONING,SOUTHBOURNE SURGERY EMSWORTH,26522005,"5,266.75 ",TW000040663
Department of Health,NHS Coastal West Sussex CCG,3/31/2019,ME - GMS GP Prior Year ERs,PRC DELEGATED CO-COMMISSIONING,SOUTHBOURNE SURGERY EMSWORTH,26522005,252.21 ,TW000040663
Department of Health,NHS Coastal West Sussex CCG,3/31/2019,ME-GMS GP Prior Year EEs,PRC DELEGATED CO-COMMISSIONING,SOUTHBOURNE SURGERY EMSWORTH,26522005,254.31 ,TW000040663
Department of Health,NHS Coastal West Sussex CCG,3/31/2019,C&M-GMS Global Sum,PRC DELEGATED CO-COMMISSIONING,HARBOUR VIEW HEALTHCARE,26522006,"98,672.32 ",TW000040685
Department of Health,NHS Coastal West Sussex CCG,3/31/2019,C&M-GMS MPIG Correction Factor,PRC DELEGATED CO-COMMISSIONING,HARBOUR VIEW HEALTHCARE,26522006,"2,207.06 ",TW000040685
Department of Health,NHS Coastal West Sussex CCG,3/31/2019,C&M-GMS PCO Locum Sickness,PRC DELEGATED CO-COMMISSIONING,HARBOUR VIEW HEALTHCARE,26522006,"2,100.01 ",TW000040685
Department of Health,NHS Coastal West Sussex CCG,3/31/2019,C&M-GMS PCO Seniority,PRC DELEGATED CO-COMMISSIONING,HARBOUR VIEW HEALTHCARE,26522006,"4,011.46 ",TW000040685
Department of Health,NHS Coastal West Sussex CCG,3/31/2019,C&M-GMS Prem Notional Rent,PRC DELEGATED CO-COMMISSIONING,HARBOUR VIEW HEALTHCARE,26522006,"1,616.67 ",TW000040685
Department of Health,NHS Coastal West Sussex CCG,3/31/2019,C&M-GMS Other Delivery,PRC DELEGATED CO-COMMISSIONING,NHS ENGLAND,26545612,"2,341.06 ",7000031188
Department of Health,NHS Coastal West Sussex CCG,3/31/2019,C&M-PMS Prem Clinical Waste,PRC DELEGATED CO-COMMISSIONING,NHS ENGLAND,26545612,"21,105.00 ",7000031188
Department of Health,NHS Coastal West Sussex CCG,3/31/2019,Clinical&Medical-Independent Sector,PRC DELEGATED CO-COMMISSIONING,NHS ENGLAND,26545612,"6,618.78 ",7000031188
Department of Health,NHS Coastal West Sussex CCG,3/31/2019,Clinical&Medical-Voluntary Sector,NON RECURRENT PROGRAMMES,ST WILFRIDS HOSPICE,26545614,"27,444.54 ",0000001830
Department of Health,NHS Coastal West Sussex CCG,3/31/2019,Hcare Srv Rec Fdtn Trust-Contract Baseline,Winter Resilience,SUSSEX COMMUNITY NHS FOUNDATION TRUST,26545617,"47,676.00 ",11139429
Department of Health,NHS Coastal West Sussex CCG,3/31/2019,Hcare Srv Rec Fdtn Trust-Contract Baseline,Winter Resilience,SUSSEX COMMUNITY NHS FOUNDATION TRUST,26545623,"89,174.00 ",11139704
Department of Health,NHS Coastal West Sussex CCG,3/31/2019,Hcare Srv Rec Fdtn Trust-Non Contract,NCAS/OATS,ASHFORD & ST PETERS HOSPITALS NHSFT,26545624,"30,325.00 ",14506969
Department of Health,NHS Coastal West Sussex CCG,3/31/2019,Hcare Srv Rec Fdtn Trust-Non Contract,ACUTE COMMISSIONING,WESTERN SUSSEX HOSPITALS NHS FOUNDATION TRUST,26545627,"41,446.00 ",1500036187
Department of Health,NHS Coastal West Sussex CCG,3/31/2019,Hcare Srv Rec Fdtn Trust-Contract Baseline,MENTAL HEALTH SERVICES - ADULTS,NHS HORSHAM AND MID SUSSEX CCG,26545632,"586,185.00 ",7026601365
Department of Health,NHS Coastal West Sussex CCG,3/31/2019,C&M-GMS Cost of Drugs -Dispensing,LOCAL ENHANCED SERVICES,BILLINGSHURST SURGERY,26564992,"(42,618.01)",TW000040828
Department of Health,NHS Coastal West Sussex CCG,3/31/2019,C&M-GMS PrscChrgsCll&RmttdbyGPCntra,PRC DELEGATED CO-COMMISSIONING,BILLINGSHURST SURGERY,26564992,"(4,144.80)",TW000040828
Department of Health,NHS Coastal West Sussex CCG,3/31/2019,C&M-GMS Cost of Drugs -Dispensing,LOCAL ENHANCED SERVICES,BILLINGSHURST SURGERY,26564994,"83,748.13 ",TW000040829
Department of Health,NHS Coastal West Sussex CCG,3/31/2019,C&M-GMS Prof Fees Dispensing,PRC DELEGATED CO-COMMISSIONING,BILLINGSHURST SURGERY,26564994,"13,706.00 ",TW000040829
Department of Health,NHS Coastal West Sussex CCG,3/31/2019,C&M-GMS PrscrptnChrgsColl&RmttdbyGP,LOCAL ENHANCED SERVICES,BILLINGSHURST SURGERY,26564994,"4,144.80 ",TW000040829
Department of Health,NHS Coastal West Sussex CCG,3/31/2019,C&M-GMS Cost of Drugs -Dispensing,LOCAL ENHANCED SERVICES,CATHEDRAL MEDICAL GROUP,26564995,"(36,440.02)",TW000040830
Department of Health,NHS Coastal West Sussex CCG,3/31/2019,C&M-GMS PrscChrgsCll&RmttdbyGPCntra,PRC DELEGATED CO-COMMISSIONING,CATHEDRAL MEDICAL GROUP,26564995,"(2,094.40)",TW000040830
Department of Health,NHS Coastal West Sussex CCG,3/31/2019,C&M-GMS Cost of Drugs -Dispensing,LOCAL ENHANCED SERVICES,CATHEDRAL MEDICAL GROUP,26564996,"71,703.93 ",TW000040831
Department of Health,NHS Coastal West Sussex CCG,3/31/2019,C&M-GMS Prof Fees Dispensing,PRC DELEGATED CO-COMMISSIONING,CATHEDRAL MEDICAL GROUP,26564996,"14,590.22 ",TW000040831
Department of Health,NHS Coastal West Sussex CCG,3/31/2019,C&M-GMS PrscrptnChrgsColl&RmttdbyGP,LOCAL ENHANCED SERVICES,CATHEDRAL MEDICAL GROUP,26564996,"2,094.40 ",TW000040831
Department of Health,NHS Coastal West Sussex CCG,3/31/2019,C&M-GMS Cost of Drugs -Dispensing,LOCAL ENHANCED SERVICES,HENFIELD MEDICAL CENTRE,26564997,"(51,518.72)",TW000040832
Department of Health,NHS Coastal West Sussex CCG,3/31/2019,C&M-GMS PrscChrgsCll&RmttdbyGPCntra,PRC DELEGATED CO-COMMISSIONING,HENFIELD MEDICAL CENTRE,26564997,"(3,326.40)",TW000040832
Department of Health,NHS Coastal West Sussex CCG,3/31/2019,C&M-GMS Cost of Drugs -Dispensing,LOCAL ENHANCED SERVICES,HENFIELD MEDICAL CENTRE,26564998,"89,503.44 ",TW000040833
Department of Health,NHS Coastal West Sussex CCG,3/31/2019,C&M-GMS Prof Fees Dispensing,PRC DELEGATED CO-COMMISSIONING,HENFIELD MEDICAL CENTRE,26564998,"17,552.33 ",TW000040833
Department of Health,NHS Coastal West Sussex CCG,3/31/2019,C&M-GMS PrscrptnChrgsColl&RmttdbyGP,LOCAL ENHANCED SERVICES,HENFIELD MEDICAL CENTRE,26564998,"3,326.40 ",TW000040833
Department of Health,NHS Coastal West Sussex CCG,3/31/2019,C&M-GMS Cost of Drugs -Dispensing,LOCAL ENHANCED SERVICES,LANGLEY HOUSE SURGERY,26564999,"(48,044.08)",TW000040834
Department of Health,NHS Coastal West Sussex CCG,3/31/2019,C&M-GMS PrscChrgsCll&RmttdbyGPCntra,PRC DELEGATED CO-COMMISSIONING,LANGLEY HOUSE SURGERY,26564999,"(2,235.20)",TW000040834
Department of Health,NHS Coastal West Sussex CCG,3/31/2019,C&M-GMS Cost of Drugs -Dispensing,LOCAL ENHANCED SERVICES,LANGLEY HOUSE SURGERY,26565000,"78,985.34 ",TW000040835
Department of Health,NHS Coastal West Sussex CCG,3/31/2019,C&M-GMS Prof Fees Dispensing,PRC DELEGATED CO-COMMISSIONING,LANGLEY HOUSE SURGERY,26565000,"19,122.85 ",TW000040835
Department of Health,NHS Coastal West Sussex CCG,3/31/2019,C&M-GMS PrscrptnChrgsColl&RmttdbyGP,LOCAL ENHANCED SERVICES,LANGLEY HOUSE SURGERY,26565000,"2,235.20 ",TW000040835
Department of Health,NHS Coastal West Sussex CCG,3/31/2019,C&M-GMS Cost of Drugs -Dispensing,LOCAL ENHANCED SERVICES,LAVANT ROAD SURGERY,26565001,"(42,281.48)",TW000040836
Department of Health,NHS Coastal West Sussex CCG,3/31/2019,C&M-GMS PrscChrgsCll&RmttdbyGPCntra,PRC DELEGATED CO-COMMISSIONING,LAVANT ROAD SURGERY,26565001,"(2,068.00)",TW000040836
Department of Health,NHS Coastal West Sussex CCG,3/31/2019,C&M-GMS Cost of Drugs -Dispensing,LOCAL ENHANCED SERVICES,LAVANT ROAD SURGERY,26565002,"72,583.97 ",TW000040837
Department of Health,NHS Coastal West Sussex CCG,3/31/2019,C&M-GMS Prof Fees Dispensing,PRC DELEGATED CO-COMMISSIONING,LAVANT ROAD SURGERY,26565002,"16,051.04 ",TW000040837
Department of Health,NHS Coastal West Sussex CCG,3/31/2019,C&M-GMS PrscrptnChrgsColl&RmttdbyGP,LOCAL ENHANCED SERVICES,LAVANT ROAD SURGERY,26565002,"2,068.00 ",TW000040837
Department of Health,NHS Coastal West Sussex CCG,3/31/2019,C&M-GMS Cost of Drugs -Dispensing,LOCAL ENHANCED SERVICES,LOXWOOD SURGERY,26565003,"(54,474.98)",TW000040838
Department of Health,NHS Coastal West Sussex CCG,3/31/2019,C&M-GMS PrscChrgsCll&RmttdbyGPCntra,PRC DELEGATED CO-COMMISSIONING,LOXWOOD SURGERY,26565003,"(2,340.80)",TW000040838
Department of Health,NHS Coastal West Sussex CCG,3/31/2019,C&M-GMS Cost of Drugs -Dispensing,LOCAL ENHANCED SERVICES,LOXWOOD SURGERY,26565004,"98,953.49 ",TW000040839
Department of Health,NHS Coastal West Sussex CCG,3/31/2019,C&M-GMS Prof Fees Dispensing,PRC DELEGATED CO-COMMISSIONING,LOXWOOD SURGERY,26565004,"18,165.91 ",TW000040839
Department of Health,NHS Coastal West Sussex CCG,3/31/2019,C&M-GMS PrscrptnChrgsColl&RmttdbyGP,LOCAL ENHANCED SERVICES,LOXWOOD SURGERY,26565004,"2,340.80 ",TW000040839
Department of Health,NHS Coastal West Sussex CCG,3/31/2019,C&M-GMS Cost of Drugs -Dispensing,LOCAL ENHANCED SERVICES,PETWORTH SURGERY,26565005,"(37,561.40)",TW000040840
Department of Health,NHS Coastal West Sussex CCG,3/31/2019,C&M-GMS PrscChrgsCll&RmttdbyGPCntra,PRC DELEGATED CO-COMMISSIONING,PETWORTH SURGERY,26565005,"(3,203.20)",TW000040840
Department of Health,NHS Coastal West Sussex CCG,3/31/2019,C&M-GMS Cost of Drugs -Dispensing,LOCAL ENHANCED SERVICES,PETWORTH SURGERY,26565006,"64,799.59 ",TW000040841
Department of Health,NHS Coastal West Sussex CCG,3/31/2019,C&M-GMS Prof Fees Dispensing,PRC DELEGATED CO-COMMISSIONING,PETWORTH SURGERY,26565006,"12,943.42 ",TW000040841
Department of Health,NHS Coastal West Sussex CCG,3/31/2019,C&M-GMS PrscrptnChrgsColl&RmttdbyGP,LOCAL ENHANCED SERVICES,PETWORTH SURGERY,26565006,"3,203.20 ",TW000040841
Department of Health,NHS Coastal West Sussex CCG,3/31/2019,C&M-GMS Cost of Drugs -Dispensing,LOCAL ENHANCED SERVICES,TANGMERE MEDICAL CENTRE,26565007,"(31,020.55)",TW000040842
Department of Health,NHS Coastal West Sussex CCG,3/31/2019,C&M-GMS PrscChrgsCll&RmttdbyGPCntra,PRC DELEGATED CO-COMMISSIONING,TANGMERE MEDICAL CENTRE,26565007,"(2,851.20)",TW000040842
Department of Health,NHS Coastal West Sussex CCG,3/31/2019,C&M-GMS Cost of Drugs -Dispensing,LOCAL ENHANCED SERVICES,TANGMERE MEDICAL CENTRE,26565008,"52,175.73 ",TW000040843
Department of Health,NHS Coastal West Sussex CCG,3/31/2019,C&M-GMS Prof Fees Dispensing,PRC DELEGATED CO-COMMISSIONING,TANGMERE MEDICAL CENTRE,26565008,"11,767.39 ",TW000040843
Department of Health,NHS Coastal West Sussex CCG,3/31/2019,C&M-GMS PrscrptnChrgsColl&RmttdbyGP,LOCAL ENHANCED SERVICES,TANGMERE MEDICAL CENTRE,26565008,"2,851.20 ",TW000040843
Department of Health,NHS Coastal West Sussex CCG,3/31/2019,Computer Software/License,IM&T,SURREY AND SUSSEX HEALTHCARE NHS TRUST,26574495,"112,000.00 ",11969638
Department of Health,NHS Coastal West Sussex CCG,3/31/2019,Computer Software/License,IM&T,BRIGHTON AND SUSSEX UNIVERSITY HOSPITALS NHS TRUST,26574503,"234,000.00 ",162343
Department of Health,NHS Coastal West Sussex CCG,3/31/2019,Computer Software/License,IM&T,WESTERN SUSSEX HOSPITALS NHS FOUNDATION TRUST,26574510,"76,000.00 ",1500035680
Department of Health,NHS Coastal West Sussex CCG,3/31/2019,Hcare Srv Rec Fdtn Trust-Contract Baseline,PATIENT TRANSPORT,NHS HIGH WEALD LEWES HAVENS CCG,26574605,"1,314,777.00 ",7030701723
Department of Health,NHS Coastal West Sussex CCG,3/31/2019,Computer Software/License,IM&T,EAST SUSSEX HEALTHCARE NHS TRUST,26574613,"110,000.00 ",0000132460
Department of Health,NHS Coastal West Sussex CCG,3/31/2019,Hcare Srv Rec Fdtn Trust-Contract Baseline,ACUTE COMMISSIONING,WESTERN SUSSEX HOSPITALS NHS FOUNDATION TRUST,26574746,"2,083,453.00 ",1500036229
Department of Health,NHS Coastal West Sussex CCG,3/31/2019,Hcare Srv Rec NHS Trust-Contract Baseline,ACUTE COMMISSIONING,SURREY AND SUSSEX HEALTHCARE NHS TRUST,26607065,"37,809.00 ",11966795
Department of Health,NHS Coastal West Sussex CCG,3/31/2019,Hcare Srv Rec NHS Trust-Contract Baseline,ACUTE COMMISSIONING,SURREY AND SUSSEX HEALTHCARE NHS TRUST,26607070,"34,453.00 ",11968773
Department of Health,NHS Coastal West Sussex CCG,3/31/2019,Hcare Srv Rec NHS Trust-Contract Baseline,ACUTE COMMISSIONING,SURREY AND SUSSEX HEALTHCARE NHS TRUST,26607073,"46,589.00 ",11969025
Department of Health,NHS Coastal West Sussex CCG,3/31/2019,Hcare Srv Rec NHS Trust-Contract Baseline,ACUTE COMMISSIONING,SURREY AND SUSSEX HEALTHCARE NHS TRUST,26607085,"49,472.00 ",11969838
Department of Health,NHS Coastal West Sussex CCG,3/31/2019,Hcare Srv Rec Fdtn Trust-Contract Baseline,PATIENT TRANSPORT,NHS HIGH WEALD LEWES HAVENS CCG,26607095,"55,137.00 ",7030701717
Department of Health,NHS Coastal West Sussex CCG,3/31/2019,Hcare Srv Rec NHS Trust-Contract Baseline,ACUTE COMMISSIONING,SURREY AND SUSSEX HEALTHCARE NHS TRUST,26607134,"(37,809.00)",11970010
Department of Health,NHS Coastal West Sussex CCG,3/31/2019,Hcare Srv Rec NHS Trust-Contract Baseline,ACUTE COMMISSIONING,SURREY AND SUSSEX HEALTHCARE NHS TRUST,26607138,"(34,453.00)",11970013
Department of Health,NHS Coastal West Sussex CCG,3/31/2019,Hcare Srv Rec NHS Trust-Contract Baseline,ACUTE COMMISSIONING,SURREY AND SUSSEX HEALTHCARE NHS TRUST,26607140,"(46,589.00)",11970014
Department of Health,NHS Coastal West Sussex CCG,3/31/2019,Hcare Srv Rec NHS Trust-Contract Baseline,ACUTE COMMISSIONING,SURREY AND SUSSEX HEALTHCARE NHS TRUST,26607143,"(49,472.00)",11970015
Department of Health,NHS Coastal West Sussex CCG,3/31/2019,Clinical&Medical-Commercial Sector,COMMUNITY SERVICES,SPECSAVERS HEARCARE LTD,26622612,"53,786.43 ",21330114
Department of Health,NHS Coastal West Sussex CCG,3/31/2019,Hcare Srv Rec Fdtn Trust-Contract Baseline,COMMUNITY SERVICES,NHS HORSHAM AND MID SUSSEX CCG,26629351,"238,544.00 ",7026601380
Department of Health,NHS Coastal West Sussex CCG,3/31/2019,Services From Local Authorities,LEARNING DIFFICULTIES,NHS HORSHAM AND MID SUSSEX CCG,26629351,"(18,178.00)",7026601380
Department of Health,NHS Coastal West Sussex CCG,3/31/2019,Hcare Srv Rec NHS Trust-Contract Baseline,ACUTE COMMISSIONING,SURREY AND SUSSEX HEALTHCARE NHS TRUST,26634737,"153,243.00 ",11967876
Department of Health,NHS Coastal West Sussex CCG,3/31/2019,Hcare Srv Rec Fdtn Trust-Contract Cost per Case,COMMUNITY SERVICES,QUEEN VICTORIA HOSPITAL NHS FOUNDATION TRUST,26634853,"27,550.00 ",2010018096
Department of Health,NHS Coastal West Sussex CCG,3/31/2019,Clinical&Medical-Commercial Sector,COMMUNITY SERVICES,BPAS,26634965,"39,035.00 ",40162
Department of Health,NHS Coastal West Sussex CCG,3/31/2019,Hcare Srv Rec NHS Trust-Contract Baseline,ACUTE COMMISSIONING,SURREY AND SUSSEX HEALTHCARE NHS TRUST,26635985,"(153,243.00)",11970012
Department of Health,NHS Coastal West Sussex CCG,3/31/2019,Cont Care-Physical Disab (<65),CHC ADULT FULLY FUNDED,PRESTIGE NURSING LTD,26636079,"36,469.00 ",407467M
Department of Health,NHS Coastal West Sussex CCG,3/31/2019,Hcare Srv Rec Fdtn Trust-Contract Baseline,PATIENT TRANSPORT,NHS HIGH WEALD LEWES HAVENS CCG,26636088,"(332,594.00)",7030701754
Department of Health,NHS Coastal West Sussex CCG,3/31/2019,Hcare Srv Rec Fdtn Trust-Contract Baseline,ACUTE COMMISSIONING,WESTERN SUSSEX HOSPITALS NHS FOUNDATION TRUST,26655393,"(92,944.00)",1550003463
Department of Health,NHS Coastal West Sussex CCG,3/31/2019,Accrued income <1Yr-Non-NHS PEndAccrual,BALANCE SHEET,NHS HORSHAM AND MID SUSSEX CCG,26655394,"167,111.00 ",7026601378
Department of Health,NHS Coastal West Sussex CCG,3/31/2019,Accrued income <1Yr-Non-NHS PEndAccrual,BALANCE SHEET,NHS HORSHAM AND MID SUSSEX CCG,26655396,"620,379.00 ",7026601384
Department of Health,NHS Coastal West Sussex CCG,3/31/2019,Accrued income <1Yr-Non-NHS PEndAccrual,BALANCE SHEET,NHS HORSHAM AND MID SUSSEX CCG,26655397,"1,660,607.00 ",7026601385
Department of Health,NHS Coastal West Sussex CCG,3/31/2019,Computer Hardware Purch,PRIMARY CARE IT,DELL CORPORATION LTD,26665937,"25,000.00 ",7402516302
Department of Health,NHS Coastal West Sussex CCG,3/31/2019,Computer Software/License,IM&T,EAST SUSSEX HEALTHCARE NHS TRUST,26666698,"(112,000.00)",2000009271
Department of Health,NHS Coastal West Sussex CCG,3/31/2019,External Data Contracts,PRIMARY CARE IT,DAISY COMMUNICATIONS LTD,26666714,"47,604.47 ",586920
,,,,,,,,
