00P NHS Sunderland CCG Invoices over �25k - August 2018,,,,,,,
Department family,Entity,Date,Expense Type,Expense area,Supplier,Transaction number,AP Amount �
Department of Health,NHS Sunderland CCG,8/31/2018,Hcare Srv Rec Fdtn Trust-Contract Baseline,ACUTE COMMISSIONING,CITY HOSPITALS SUNDERLAND FOUNDATION NHS TRUST,23698755,14558927.00
Department of Health,NHS Sunderland CCG,8/31/2018,Hcare Srv Rec Fdtn Trust-Contract Baseline,ACUTE COMMISSIONING,COUNTY DURHAM AND DARLINGTON NHS FOUNDATION TRUST,23598690,727077.00
Department of Health,NHS Sunderland CCG,8/31/2018,Hcare Srv Rec Fdtn Trust-Contract Baseline,ACUTE COMMISSIONING,GATESHEAD HEALTH NHS FOUNDATION TRUST,23316994,1693906.00
Department of Health,NHS Sunderland CCG,8/31/2018,Hcare Srv Rec Fdtn Trust-Contract Baseline,ACUTE COMMISSIONING,NEWCASTLE UPON TYNE HOSPITALS NHS FOUNDATION TRUST,23372228,895939.41
Department of Health,NHS Sunderland CCG,8/31/2018,Hcare Srv Rec Fdtn Trust-Contract Baseline,ACUTE COMMISSIONING,NORTHUMBERLAND TYNE AND WEAR NHS FOUNDATION TRUST,23668749,32052.00
Department of Health,NHS Sunderland CCG,8/31/2018,Hcare Srv Rec Fdtn Trust-Contract Baseline,ACUTE COMMISSIONING,NORTHUMBRIA HEALTHCARE NHS FOUNDATION TRUST,23408733,26667.00
Department of Health,NHS Sunderland CCG,8/31/2018,Hcare Srv Rec Fdtn Trust-Contract Baseline,ACUTE COMMISSIONING,SOUTH TEES HOSPITALS NHS FOUNDATION TRUST,23287718,45425.00
Department of Health,NHS Sunderland CCG,8/31/2018,Hcare Srv Rec Fdtn Trust-Contract Baseline,ACUTE COMMISSIONING,SOUTH TYNESIDE NHS FOUNDATION TRUST,23372093,125406.00
Department of Health,NHS Sunderland CCG,8/31/2018,Hcare Srv Rec Fdtn Trust-Contract Baseline,AMBULANCE SERVICES,NORTH EAST AMBULANCE SERVICES NHS TRUST,23459601,952552.00
Department of Health,NHS Sunderland CCG,8/31/2018,Hcare Srv Rec Fdtn Trust-Contract Baseline,COMMUNITY SERVICES,SOUTH TYNESIDE NHS FOUNDATION TRUST,23316988,76695.00
Department of Health,NHS Sunderland CCG,8/31/2018,Hcare Srv Rec Fdtn Trust-Contract Baseline,COMMUNITY SERVICES,SOUTH TYNESIDE NHS FOUNDATION TRUST,23372092,147755.00
Department of Health,NHS Sunderland CCG,8/31/2018,Hcare Srv Rec Fdtn Trust-Contract Baseline,COMMUNITY SERVICES,SOUTH TYNESIDE NHS FOUNDATION TRUST,23372094,2165534.00
Department of Health,NHS Sunderland CCG,8/31/2018,Hcare Srv Rec Fdtn Trust-Contract Baseline,MENTAL HEALTH CONTRACTS,NORTHUMBERLAND TYNE AND WEAR NHS FOUNDATION TRUST,23668751,4084131.00
Department of Health,NHS Sunderland CCG,8/31/2018,Hcare Srv Rec Fdtn Trust-Contract Baseline,NHS 111,NORTH EAST AMBULANCE SERVICES NHS TRUST,23459610,79665.75
Department of Health,NHS Sunderland CCG,8/31/2018,Clinical&Medical-Independent Sector,ACUTE COMMISSIONING,NORTHERN DOCTORS URGENT CARE,23601924,244144.49
Department of Health,NHS Sunderland CCG,8/31/2018,Clinical&Medical-Independent Sector,ACUTE COMMISSIONING,SPIRE HEALTHCARE LTD,23297899,321876.00
Department of Health,NHS Sunderland CCG,8/31/2018,Clinical&Medical-Independent Sector,ACUTE COMMISSIONING,TYNESIDE SURGICAL SERVICES LTD,23308950,40118.16
Department of Health,NHS Sunderland CCG,8/31/2018,Clinical&Medical-Independent Sector,ACUTE COMMISSIONING,TYNESIDE SURGICAL SERVICES LTD,23408708,52793.89
Department of Health,NHS Sunderland CCG,8/31/2018,Clinical&Medical-Independent Sector,MENTAL HEALTH CONTRACTS,SUNDERLAND COUNSELLING SERVICES,23316997,85919.49
Department of Health,NHS Sunderland CCG,8/31/2018,Clinical&Medical-Independent Sector,OUT OF HOURS,NORTHERN DOCTORS URGENT CARE,23601926,147121.81
Department of Health,NHS Sunderland CCG,8/31/2018,Clinical&Medical-Independent Sector,LONG TERM CONDITIONS,SUNDERLAND GP ALLIANCE,23637336,200000.00
Department of Health,NHS Sunderland CCG,8/31/2018,Clinical&Medical-Independent Sector,LONG TERM CONDITIONS,SUNDERLAND GP ALLIANCE,23637359,200000.00
Department of Health,NHS Sunderland CCG,8/31/2018,Clinical&Medical-Independent Sector,PLANNED CARE,NORTH EAST PODIATRY LTD,23637417,35484.13
Department of Health,NHS Sunderland CCG,8/31/2018,Clinical&Medical-Independent Sector,PLANNED CARE,SPECSAVERS HEARCARE LTD,23637482,62243.00
Department of Health,NHS Sunderland CCG,8/31/2018,Cont Care-Foundation Trust,CHC ADULT FULLY FUNDED,SOUTH TYNESIDE NHS FOUNDATION TRUST,23308792,37500.00
Department of Health,NHS Sunderland CCG,8/31/2018,Hcare Srv Rec Fdtn Trust-Over/ Under Performance,ACUTE COMMISSIONING,GATESHEAD HEALTH NHS FOUNDATION TRUST,23316995,72541.00
Department of Health,NHS Sunderland CCG,8/31/2018,Clinical&Medical-Voluntary Sector,CARERS,AGE UK SUNDERLAND,23344774,94127.50
Department of Health,NHS Sunderland CCG,8/31/2018,Clinical&Medical-Voluntary Sector,CARERS,SUNDERLAND CARERS CENTRE,23437055,46000.00
Department of Health,NHS Sunderland CCG,8/31/2018,Charges from CSU,ACUTE COMMISSIONING,NHS NORTH OF ENGLAND CSU,23681338,55787.00
Department of Health,NHS Sunderland CCG,8/31/2018,Charges from CSU,ACUTE COMMISSIONING,NHS NORTH OF ENGLAND CSU,23681425,-55787.00
Department of Health,NHS Sunderland CCG,8/31/2018,Charges from CSU,ADMINISTRATION & BUSINESS SUPPORT,NHS NORTH OF ENGLAND CSU,23372091,79167.00
Department of Health,NHS Sunderland CCG,8/31/2018,Charges from CSU,PRIMARY CARE IT,NHS NORTH OF ENGLAND CSU,23352141,60583.00
Department of Health,NHS Sunderland CCG,8/31/2018,Charges from CSU,PRIMARY CARE IT,NHS NORTH OF ENGLAND CSU,23610682,38217.00
Department of Health,NHS Sunderland CCG,8/31/2018,C&M-GMS/PMS,PRC DELEGATED CO-COMMISSIONING,BROADWAY MEDICAL PRACTICE,23400184,76641.98
Department of Health,NHS Sunderland CCG,8/31/2018,C&M-GMS/PMS,PRC DELEGATED CO-COMMISSIONING,DEERNESS PARK MEDICAL GROUP,23398272,146116.23
Department of Health,NHS Sunderland CCG,8/31/2018,C&M-GMS/PMS,PRC DELEGATED CO-COMMISSIONING,DR BRIGHAM,23398274,63091.18
Department of Health,NHS Sunderland CCG,8/31/2018,C&M-GMS/PMS,PRC DELEGATED CO-COMMISSIONING,DR CLOAK & PARTNERS,23398280,97935.36
Department of Health,NHS Sunderland CCG,8/31/2018,C&M-GMS/PMS,PRC DELEGATED CO-COMMISSIONING,DR EL SAFY,23398278,26329.18
Department of Health,NHS Sunderland CCG,8/31/2018,C&M-GMS/PMS,PRC DELEGATED CO-COMMISSIONING,DR FORD & PARTNERS,23398284,83177.43
Department of Health,NHS Sunderland CCG,8/31/2018,C&M-GMS/PMS,PRC DELEGATED CO-COMMISSIONING,DR HUBBARD,23398282,64000.54
Department of Health,NHS Sunderland CCG,8/31/2018,C&M-GMS/PMS,PRC DELEGATED CO-COMMISSIONING,DR JOSHI & PARTNER SUNDERLAND,23398286,44679.00
Department of Health,NHS Sunderland CCG,8/31/2018,C&M-GMS/PMS,PRC DELEGATED CO-COMMISSIONING,DR LILLEY & PARTNERS,23398290,84151.08
Department of Health,NHS Sunderland CCG,8/31/2018,C&M-GMS/PMS,PRC DELEGATED CO-COMMISSIONING,DR MAZARELO & PARTNERS,23398288,52518.91
Department of Health,NHS Sunderland CCG,8/31/2018,C&M-GMS/PMS,PRC DELEGATED CO-COMMISSIONING,DR MISHREKI & PARTNERS,23398296,93507.48
Department of Health,NHS Sunderland CCG,8/31/2018,C&M-GMS/PMS,PRC DELEGATED CO-COMMISSIONING,DR OBONNA,23398294,28149.92
Department of Health,NHS Sunderland CCG,8/31/2018,C&M-GMS/PMS,PRC DELEGATED CO-COMMISSIONING,DR PARRY & PARTNERS SUNDERLAND,23398292,79812.96
Department of Health,NHS Sunderland CCG,8/31/2018,C&M-GMS/PMS,PRC DELEGATED CO-COMMISSIONING,DR PATTISON & PARTNER,23398302,83682.74
Department of Health,NHS Sunderland CCG,8/31/2018,C&M-GMS/PMS,PRC DELEGATED CO-COMMISSIONING,DR RAY,23398298,74661.24
Department of Health,NHS Sunderland CCG,8/31/2018,C&M-GMS/PMS,PRC DELEGATED CO-COMMISSIONING,DR REDDY & PARTNERS,23398300,53272.21
Department of Health,NHS Sunderland CCG,8/31/2018,C&M-GMS/PMS,PRC DELEGATED CO-COMMISSIONING,DR SHARMA & PARTNERS SUNDERLAND,23398304,81216.37
Department of Health,NHS Sunderland CCG,8/31/2018,C&M-GMS/PMS,PRC DELEGATED CO-COMMISSIONING,DR SHETTY & PARTNER SUNDERLAND,23398306,65526.04
Department of Health,NHS Sunderland CCG,8/31/2018,C&M-GMS/PMS,PRC DELEGATED CO-COMMISSIONING,DR SPAGNOLI & PARTNERS,23398308,96566.90
Department of Health,NHS Sunderland CCG,8/31/2018,C&M-GMS/PMS,PRC DELEGATED CO-COMMISSIONING,DR STEPHENSON & PARTNERS,23398310,112419.47
Department of Health,NHS Sunderland CCG,8/31/2018,C&M-GMS/PMS,PRC DELEGATED CO-COMMISSIONING,DR WALLACE & PARTNERS,23398312,77221.18
Department of Health,NHS Sunderland CCG,8/31/2018,C&M-GMS/PMS,PRC DELEGATED CO-COMMISSIONING,DR WEATHERHEAD,23398314,48153.37
Department of Health,NHS Sunderland CCG,8/31/2018,C&M-GMS/PMS,PRC DELEGATED CO-COMMISSIONING,DR WIDDRINGTON & PARTNER,23398318,46234.88
Department of Health,NHS Sunderland CCG,8/31/2018,C&M-GMS/PMS,PRC DELEGATED CO-COMMISSIONING,DR WRIGHT & PARTNERS SUNDERLAND,23398320,134777.55
Department of Health,NHS Sunderland CCG,8/31/2018,C&M-GMS/PMS,PRC DELEGATED CO-COMMISSIONING,DRS MACKRELL & JOSEPH,23398316,33138.86
Department of Health,NHS Sunderland CCG,8/31/2018,C&M-GMS/PMS,PRC DELEGATED CO-COMMISSIONING,FULWELL MEDICAL CENTRE,23400186,89251.33
Department of Health,NHS Sunderland CCG,8/31/2018,C&M-GMS/PMS,PRC DELEGATED CO-COMMISSIONING,GALLERIES MEDICAL PRACTICE,23398342,85837.62
Department of Health,NHS Sunderland CCG,8/31/2018,C&M-GMS/PMS,PRC DELEGATED CO-COMMISSIONING,HAPPY HOUSE SURGERY,23398324,61571.42
Department of Health,NHS Sunderland CCG,8/31/2018,C&M-GMS/PMS,PRC DELEGATED CO-COMMISSIONING,HARRATON SURGERY,23398322,49211.43
Department of Health,NHS Sunderland CCG,8/31/2018,C&M-GMS/PMS,PRC DELEGATED CO-COMMISSIONING,HETTON GROUP PRACTICE,23398333,117096.92
Department of Health,NHS Sunderland CCG,8/31/2018,C&M-GMS/PMS,PRC DELEGATED CO-COMMISSIONING,HOUGHTON MEDICAL GROUP,23398326,76256.62
Department of Health,NHS Sunderland CCG,8/31/2018,C&M-GMS/PMS,PRC DELEGATED CO-COMMISSIONING,MONKWEARMOUTH HEALTH CENTRE,23398335,45210.67
Department of Health,NHS Sunderland CCG,8/31/2018,C&M-GMS/PMS,PRC DELEGATED CO-COMMISSIONING,NEW CITY MEDICAL PRACTICE,23398328,56805.66
Department of Health,NHS Sunderland CCG,8/31/2018,C&M-GMS/PMS,PRC DELEGATED CO-COMMISSIONING,PALLION FAMILY PRACTICE,23398336,97321.59
Department of Health,NHS Sunderland CCG,8/31/2018,C&M-GMS/PMS,PRC DELEGATED CO-COMMISSIONING,PALLION HEALTH CENTRE,23398330,46038.43
Department of Health,NHS Sunderland CCG,8/31/2018,C&M-GMS/PMS,PRC DELEGATED CO-COMMISSIONING,RIVERVIEW HEALTH CENTRE,23398331,60555.65
Department of Health,NHS Sunderland CCG,8/31/2018,C&M-GMS/PMS,PRC DELEGATED CO-COMMISSIONING,RIVERVIEW HEALTH CENTRE,23423048,-28093.49
Department of Health,NHS Sunderland CCG,8/31/2018,C&M-GMS/PMS,PRC DELEGATED CO-COMMISSIONING,SUNDERLAND GP ALLIANCE,23398340,146845.13
Department of Health,NHS Sunderland CCG,8/31/2018,C&M-GMS/PMS,PRC DELEGATED CO-COMMISSIONING,SUNDERLAND GP ALLIANCE,23398344,105492.19
Department of Health,NHS Sunderland CCG,8/31/2018,Apprenticeship Levy Payable,BALANCE SHEET,HMRC,23455699,310.00
Department of Health,NHS Sunderland CCG,8/31/2018,Income tax <1Yr,BALANCE SHEET,HMRC,23455699,55906.60
Department of Health,NHS Sunderland CCG,8/31/2018,Income tax <1Yr-Student Loans,BALANCE SHEET,HMRC,23455699,609.00
Department of Health,NHS Sunderland CCG,8/31/2018,National Insurance < 1 yr-NI- ERS,BALANCE SHEET,HMRC,23455699,33942.85
Department of Health,NHS Sunderland CCG,8/31/2018,National Insurance < 1 yr-NI-EES,BALANCE SHEET,HMRC,23455699,23257.74
Department of Health,NHS Sunderland CCG,8/31/2018,Statutory Mat Pay < 1 yr,BALANCE SHEET,HMRC,23455699,-667.85
Department of Health,NHS Sunderland CCG,8/31/2018,Clinical&Medical-Serv Recd-Oth NHS,COMMISSIONING SCHEMES,NHS PROPERTY SERVICES LTD,23535101,123117.40
Department of Health,NHS Sunderland CCG,8/31/2018,Clinical&Medical-Serv Recd-Oth NHS,COMMISSIONING SCHEMES,NHS PROPERTY SERVICES LTD,23535187,123117.40
Department of Health,NHS Sunderland CCG,8/31/2018,Clinical&Medical-Serv Recd-Oth NHS,COMMISSIONING SCHEMES,NHS PROPERTY SERVICES LTD,23535188,-123117.40
Department of Health,NHS Sunderland CCG,8/31/2018,Clinical&Medical-Serv Recd-Oth NHS,RECHARGES NHS PROPERTY SERVICES LTD,NHS PROPERTY SERVICES LTD,23535185,41979.60
Department of Health,NHS Sunderland CCG,8/31/2018,Clinical&Medical-Clinical Other,GP FORWARD VIEW,SUNDERLAND GP ALLIANCE,23610690,142000.00
Department of Health,NHS Sunderland CCG,8/31/2018,Clinical&Medical-Commercial Sector,PRC DELEGATED CO-COMMISSIONING,SUNDERLAND GP ALLIANCE,23637290,58867.00
Department of Health,NHS Sunderland CCG,8/31/2018,Clinical&Medical-Commercial Sector,PRC DELEGATED CO-COMMISSIONING,SUNDERLAND GP ALLIANCE,23637301,58867.00
Department of Health,NHS Sunderland CCG,8/31/2018,Clinical&Medical-Commercial Sector,PRC DELEGATED CO-COMMISSIONING,SUNDERLAND GP ALLIANCE,23637315,58867.00
Department of Health,NHS Sunderland CCG,8/31/2018,Clinical&Medical-Commercial Sector,PRC DELEGATED CO-COMMISSIONING,SUNDERLAND GP ALLIANCE,23637329,58867.00
Department of Health,NHS Sunderland CCG,8/31/2018,Clinical&Medical-Commercial Sector,PRC DELEGATED CO-COMMISSIONING,SUNDERLAND GP ALLIANCE,23637338,58867.00
Department of Health,NHS Sunderland CCG,8/31/2018,Clinical&Medical-Commercial Sector,PRC DELEGATED CO-COMMISSIONING,SUNDERLAND GP ALLIANCE,23637346,58867.00
Department of Health,NHS Sunderland CCG,8/31/2018,Clinical&Medical-Commercial Sector,PRC DELEGATED CO-COMMISSIONING,SUNDERLAND GP ALLIANCE,23637356,58867.00
Department of Health,NHS Sunderland CCG,8/31/2018,Clinical&Medical-Commercial Sector,PRC DELEGATED CO-COMMISSIONING,SUNDERLAND GP ALLIANCE,23637374,58867.00
Department of Health,NHS Sunderland CCG,8/31/2018,Clinical&Medical-Commercial Sector,PRC DELEGATED CO-COMMISSIONING,SUNDERLAND GP ALLIANCE,23637376,58867.00
Department of Health,NHS Sunderland CCG,8/31/2018,Clinical&Medical-Commercial Sector,PRC DELEGATED CO-COMMISSIONING,SUNDERLAND GP ALLIANCE,23637379,-130746.00
Department of Health,NHS Sunderland CCG,8/31/2018,Hcare Srv Rec Fdtn Trust-Non Contract,LEARNING DIFFICULTIES,NORTHUMBERLAND TYNE AND WEAR NHS FOUNDATION TRUST,23681358,88302.30
Department of Health,NHS Sunderland CCG,8/31/2018,Hcare Srv Rec Fdtn Trust-Non Contract,COLLABORATIVE COMMISSIONING,SOUTH TEES HOSPITALS NHS FOUNDATION TRUST,23681392,39038.40
Department of Health,NHS Sunderland CCG,8/31/2018,Hcare Srv Rec Fdtn Trust-Non Contract,COLLABORATIVE COMMISSIONING,SOUTH TEES HOSPITALS NHS FOUNDATION TRUST,23681410,-39038.40
Department of Health,NHS Sunderland CCG,8/31/2018,Hcare Srv Rec Fdtn Trust-Contract Variation,MENTAL HEALTH CONTRACTS,NORTHUMBERLAND TYNE AND WEAR NHS FOUNDATION TRUST,23681371,113860.83
