00P NHS Sunderland CCG Invoices over �25k - February 2019,,,,,,,
Department family,Entity,Date,Expense Type,Expense area,Supplier,Transaction number,AP Amount �
Department of Health,NHS Sunderland CCG,2/28/2019,Clinical&Medical-Clinical Other,LOCAL ENHANCED SERVICES,SUNDERLAND GP ALLIANCE,25877368,26956.92
Department of Health,NHS Sunderland CCG,2/28/2019,Clinical&Medical-Clinical Other,PRESCRIBING,NORTH WEST OSTOMY SUPPLIES,25761492,94626.60
Department of Health,NHS Sunderland CCG,2/28/2019,Clinical&Medical-Clinical Other,PRESCRIBING,NORTH WEST OSTOMY SUPPLIES,25991469,73614.19
Department of Health,NHS Sunderland CCG,2/28/2019,Clinical&Medical-Clinical Other,SAFEGUARDING,VETERANS IN CRISIS SUNDERLAND,26066692,55000.00
Department of Health,NHS Sunderland CCG,2/28/2019,Clinical&Medical-Clinical Other,WINTER PRESSURES,SUNDERLAND GP ALLIANCE,25855173,-34000.00
Department of Health,NHS Sunderland CCG,2/28/2019,Clinical&Medical-Clinical Other,RECHARGES NHS PROPERTY SERVICES LTD,PALLION FAMILY PRACTICE,26018991,37913.36
Department of Health,NHS Sunderland CCG,2/28/2019,Clinical&Medical-Clinical Other,RECHARGES NHS PROPERTY SERVICES LTD,PALLION FAMILY PRACTICE,26018992,30331.93
Department of Health,NHS Sunderland CCG,2/28/2019,Clinical&Medical-Clinical Other,LEARNING DIFFICULTIES,UNIVERSITY OF SUNDERLAND ENTERPRISES LTD,26041870,28670.00
Department of Health,NHS Sunderland CCG,2/28/2019,Clinical&Medical-Clinical Other,Mental Health Services - S117 Mental Health,NHS HARTLEPOOL AND STOCKTON-ON-TEES CCG,26041876,288009.00
Department of Health,NHS Sunderland CCG,2/28/2019,Clinical&Medical-Independent Sector,ACUTE COMMISSIONING,SPIRE HEALTHCARE LTD,25822175,321876.00
Department of Health,NHS Sunderland CCG,2/28/2019,Clinical&Medical-Independent Sector,ACUTE COMMISSIONING,SPIRE HEALTHCARE LTD,26204503,-81848.01
Department of Health,NHS Sunderland CCG,2/28/2019,Clinical&Medical-Independent Sector,ACUTE COMMISSIONING,VOCARE LTD,25902330,87081.41
Department of Health,NHS Sunderland CCG,2/28/2019,Clinical&Medical-Independent Sector,ACUTE COMMISSIONING,VOCARE LTD,26094054,238189.68
Department of Health,NHS Sunderland CCG,2/28/2019,Clinical&Medical-Independent Sector,MENTAL HEALTH CONTRACTS,SUNDERLAND COUNSELLING SERVICES,25972089,85919.49
Department of Health,NHS Sunderland CCG,2/28/2019,Clinical&Medical-Independent Sector,PLANNED CARE,SPECSAVERS HEARCARE LTD,25797485,35878.00
Department of Health,NHS Sunderland CCG,2/28/2019,Clinical&Medical-Independent Sector,COLLABORATIVE COMMISSIONING,UNIVERSITY OF NORTHUMBRIA AT NEWCASTLE,26050837,25000.00
Department of Health,NHS Sunderland CCG,2/28/2019,Hcare Srv Rec Fdtn Trust-Over/ Under Performance,ACUTE COMMISSIONING,NEWCASTLE UPON TYNE HOSPITALS NHS FOUNDATION TRUST,25814407,-96170.00
Department of Health,NHS Sunderland CCG,2/28/2019,Clinical&Medical-Voluntary Sector,COMMUNITY SERVICES,AGE UK SUNDERLAND,25838999,39197.25
Department of Health,NHS Sunderland CCG,2/28/2019,Clinical&Medical-Voluntary Sector,COLLABORATIVE COMMISSIONING,DARLINGTON CITIZENS ADVICE BUREAU,25992391,25000.00
Department of Health,NHS Sunderland CCG,2/28/2019,Clinical&Medical-Voluntary Sector,COLLABORATIVE COMMISSIONING,SKILLS FOR PEOPLE,26094097,37150.00
Department of Health,NHS Sunderland CCG,2/28/2019,Hcare Srv Rec Oth-NHS-Non Contract,COLLABORATIVE COMMISSIONING,NHS ENGLAND,25841298,146775.58
Department of Health,NHS Sunderland CCG,2/28/2019,Hcare Srv Rec Fdtn Trust-Non Contract,ACUTE COMMISSIONING,CITY HOSPITALS SUNDERLAND FOUNDATION NHS TRUST,26147119,300000.00
Department of Health,NHS Sunderland CCG,2/28/2019,Hcare Srv Rec Fdtn Trust-Non Contract,MENTAL HEALTH CONTRACTS,NORTHUMBERLAND TYNE AND WEAR NHS FOUNDATION TRUST,26041873,79000.00
Department of Health,NHS Sunderland CCG,2/28/2019,Hcare Srv Rec Fdtn Trust-Non Contract,MENTAL HEALTH CONTRACTS,NORTHUMBERLAND TYNE AND WEAR NHS FOUNDATION TRUST,26147111,153254.91
Department of Health,NHS Sunderland CCG,2/28/2019,Hcare Srv Rec Fdtn Trust-Non Contract,MENTAL HEALTH CONTRACTS,NORTHUMBERLAND TYNE AND WEAR NHS FOUNDATION TRUST,26147115,79000.00
Department of Health,NHS Sunderland CCG,2/28/2019,Hcare Srv Rec Fdtn Trust-Non Contract,NHS 111,NORTH EAST AMBULANCE SERVICES NHS TRUST,26003999,79665.75
Department of Health,NHS Sunderland CCG,2/28/2019,Hcare Srv Rec Fdtn Trust-Non Contract,COLLABORATIVE COMMISSIONING,GATESHEAD HEALTH NHS FOUNDATION TRUST,25841307,48000.00
Department of Health,NHS Sunderland CCG,2/28/2019,Hcare Srv Rec Fdtn Trust-Non Contract,COLLABORATIVE COMMISSIONING,NORTH TEES & HARTLEPOOL NHS FOUNDATION TRUST,26108671,175000.00
Department of Health,NHS Sunderland CCG,2/28/2019,Hcare Srv Rec Fdtn Trust-Non Contract,COLLABORATIVE COMMISSIONING,SOUTH TYNESIDE NHS FOUNDATION TRUST,25841305,130472.00
Department of Health,NHS Sunderland CCG,2/28/2019,Hcare Srv Rec Fdtn Trust-Non Contract,MENTAL HEALTH SERVICES - OTHER,NORTHUMBERLAND TYNE AND WEAR NHS FOUNDATION TRUST,26173081,68425.00
Department of Health,NHS Sunderland CCG,2/28/2019,Hcare Srv Rec Fdtn Trust-Contract Baseline,ACUTE COMMISSIONING,CITY HOSPITALS SUNDERLAND FOUNDATION NHS TRUST,26175776,14558927.00
Department of Health,NHS Sunderland CCG,2/28/2019,Hcare Srv Rec Fdtn Trust-Contract Baseline,ACUTE COMMISSIONING,COUNTY DURHAM AND DARLINGTON NHS FOUNDATION TRUST,26192269,292525.00
Department of Health,NHS Sunderland CCG,2/28/2019,Hcare Srv Rec Fdtn Trust-Contract Baseline,ACUTE COMMISSIONING,GATESHEAD HEALTH NHS FOUNDATION TRUST,26070785,72540.00
Department of Health,NHS Sunderland CCG,2/28/2019,Hcare Srv Rec Fdtn Trust-Contract Baseline,ACUTE COMMISSIONING,NEWCASTLE UPON TYNE HOSPITALS NHS FOUNDATION TRUST,25911525,882833.84
Department of Health,NHS Sunderland CCG,2/28/2019,Hcare Srv Rec Fdtn Trust-Contract Baseline,ACUTE COMMISSIONING,NORTHUMBERLAND TYNE AND WEAR NHS FOUNDATION TRUST,25864006,48720.00
Department of Health,NHS Sunderland CCG,2/28/2019,Hcare Srv Rec Fdtn Trust-Contract Baseline,ACUTE COMMISSIONING,NORTHUMBERLAND TYNE AND WEAR NHS FOUNDATION TRUST,26175775,48720.00
Department of Health,NHS Sunderland CCG,2/28/2019,Hcare Srv Rec Fdtn Trust-Contract Baseline,ACUTE COMMISSIONING,NORTHUMBRIA HEALTHCARE NHS FOUNDATION TRUST,26107703,26667.00
Department of Health,NHS Sunderland CCG,2/28/2019,Hcare Srv Rec Fdtn Trust-Contract Baseline,ACUTE COMMISSIONING,SOUTH TEES HOSPITALS NHS FOUNDATION TRUST,26107737,45425.00
Department of Health,NHS Sunderland CCG,2/28/2019,Hcare Srv Rec Fdtn Trust-Contract Baseline,AMBULANCE SERVICES,NORTH EAST AMBULANCE SERVICES NHS TRUST,25877367,952552.00
Department of Health,NHS Sunderland CCG,2/28/2019,Hcare Srv Rec Fdtn Trust-Contract Baseline,MENTAL HEALTH CONTRACTS,NORTHUMBERLAND TYNE AND WEAR NHS FOUNDATION TRUST,25841311,4082865.00
Department of Health,NHS Sunderland CCG,2/28/2019,Hcare Srv Rec Fdtn Trust-Contract Baseline,MENTAL HEALTH CONTRACTS,NORTHUMBERLAND TYNE AND WEAR NHS FOUNDATION TRUST,26175777,4082868.00
Department of Health,NHS Sunderland CCG,2/28/2019,Hcare Srv Rec Fdtn Trust-Contract Baseline,LEARNING DIFFICULTIES,NORTHUMBERLAND TYNE AND WEAR NHS FOUNDATION TRUST,26092327,113105.98
Department of Health,NHS Sunderland CCG,2/28/2019,Hcare Srv Rec Fdtn Trust-Contract Baseline,LEARNING DIFFICULTIES,NORTHUMBERLAND TYNE AND WEAR NHS FOUNDATION TRUST,26147114,159091.07
Department of Health,NHS Sunderland CCG,2/28/2019,Hcare Srv Rec Fdtn Trust-Contract Baseline,LEARNING DIFFICULTIES,NORTHUMBERLAND TYNE AND WEAR NHS FOUNDATION TRUST,26182742,313050.17
Department of Health,NHS Sunderland CCG,2/28/2019,Hcare Srv Rec Fdtn Trust-Contract Baseline,LEARNING DIFFICULTIES,NORTHUMBERLAND TYNE AND WEAR NHS FOUNDATION TRUST,26182822,-313050.17
Department of Health,NHS Sunderland CCG,2/28/2019,C&M-GMS/PMS,PRC DELEGATED CO-COMMISSIONING,BROADWAY MEDICAL PRACTICE,25933717,72047.05
Department of Health,NHS Sunderland CCG,2/28/2019,C&M-GMS/PMS,PRC DELEGATED CO-COMMISSIONING,DEERNESS PARK MEDICAL GROUP,25933597,150097.98
Department of Health,NHS Sunderland CCG,2/28/2019,C&M-GMS/PMS,PRC DELEGATED CO-COMMISSIONING,DR BRIGHAM,25933599,64871.67
Department of Health,NHS Sunderland CCG,2/28/2019,C&M-GMS/PMS,PRC DELEGATED CO-COMMISSIONING,DR CLOAK & PARTNERS,25933605,120159.91
Department of Health,NHS Sunderland CCG,2/28/2019,C&M-GMS/PMS,PRC DELEGATED CO-COMMISSIONING,DR EL SAFY,25933603,26866.76
Department of Health,NHS Sunderland CCG,2/28/2019,C&M-GMS/PMS,PRC DELEGATED CO-COMMISSIONING,DR FORD & PARTNERS,25933608,89077.49
Department of Health,NHS Sunderland CCG,2/28/2019,C&M-GMS/PMS,PRC DELEGATED CO-COMMISSIONING,DR HUBBARD,25933607,69856.74
Department of Health,NHS Sunderland CCG,2/28/2019,C&M-GMS/PMS,PRC DELEGATED CO-COMMISSIONING,DR JOSHI & PARTNER SUNDERLAND,25933610,59250.83
Department of Health,NHS Sunderland CCG,2/28/2019,C&M-GMS/PMS,PRC DELEGATED CO-COMMISSIONING,DR LILLEY & PARTNERS,25933614,90276.93
Department of Health,NHS Sunderland CCG,2/28/2019,C&M-GMS/PMS,PRC DELEGATED CO-COMMISSIONING,DR MAZARELO & PARTNERS,25933612,76237.81
Department of Health,NHS Sunderland CCG,2/28/2019,C&M-GMS/PMS,PRC DELEGATED CO-COMMISSIONING,DR MISHREKI & PARTNERS,25933619,97084.14
Department of Health,NHS Sunderland CCG,2/28/2019,C&M-GMS/PMS,PRC DELEGATED CO-COMMISSIONING,DR MISHREKI & PARTNERS,25956150,-31827.78
Department of Health,NHS Sunderland CCG,2/28/2019,C&M-GMS/PMS,PRC DELEGATED CO-COMMISSIONING,DR OBONNA,25933618,28650.50
Department of Health,NHS Sunderland CCG,2/28/2019,C&M-GMS/PMS,PRC DELEGATED CO-COMMISSIONING,DR PARRY & PARTNERS SUNDERLAND,25933616,58132.16
Department of Health,NHS Sunderland CCG,2/28/2019,C&M-GMS/PMS,PRC DELEGATED CO-COMMISSIONING,DR PATTISON & PARTNER,25933625,91918.30
Department of Health,NHS Sunderland CCG,2/28/2019,C&M-GMS/PMS,PRC DELEGATED CO-COMMISSIONING,DR RAY,25933621,109914.62
Department of Health,NHS Sunderland CCG,2/28/2019,C&M-GMS/PMS,PRC DELEGATED CO-COMMISSIONING,DR REDDY & PARTNERS,25933623,55157.75
Department of Health,NHS Sunderland CCG,2/28/2019,C&M-GMS/PMS,PRC DELEGATED CO-COMMISSIONING,DR SHARMA & PARTNERS SUNDERLAND,25933627,71234.99
Department of Health,NHS Sunderland CCG,2/28/2019,C&M-GMS/PMS,PRC DELEGATED CO-COMMISSIONING,DR SHETTY & PARTNER SUNDERLAND,25933629,90101.74
Department of Health,NHS Sunderland CCG,2/28/2019,C&M-GMS/PMS,PRC DELEGATED CO-COMMISSIONING,DR SPAGNOLI & PARTNERS,25933631,98040.74
Department of Health,NHS Sunderland CCG,2/28/2019,C&M-GMS/PMS,PRC DELEGATED CO-COMMISSIONING,DR STEPHENSON & PARTNERS,25933633,161428.37
Department of Health,NHS Sunderland CCG,2/28/2019,C&M-GMS/PMS,PRC DELEGATED CO-COMMISSIONING,DR WALLACE & PARTNERS,25956151,85622.24
Department of Health,NHS Sunderland CCG,2/28/2019,C&M-GMS/PMS,PRC DELEGATED CO-COMMISSIONING,DR WEATHERHEAD,25933636,50003.70
Department of Health,NHS Sunderland CCG,2/28/2019,C&M-GMS/PMS,PRC DELEGATED CO-COMMISSIONING,DR WIDDRINGTON & PARTNER,25933640,47583.24
Department of Health,NHS Sunderland CCG,2/28/2019,C&M-GMS/PMS,PRC DELEGATED CO-COMMISSIONING,DR WRIGHT & PARTNERS SUNDERLAND,25933642,138577.55
Department of Health,NHS Sunderland CCG,2/28/2019,C&M-GMS/PMS,PRC DELEGATED CO-COMMISSIONING,DRS MACKRELL & JOSEPH,25933638,45327.22
Department of Health,NHS Sunderland CCG,2/28/2019,C&M-GMS/PMS,PRC DELEGATED CO-COMMISSIONING,FULWELL MEDICAL CENTRE,25933720,91549.21
Department of Health,NHS Sunderland CCG,2/28/2019,C&M-GMS/PMS,PRC DELEGATED CO-COMMISSIONING,GALLERIES MEDICAL PRACTICE,25933670,108604.31
Department of Health,NHS Sunderland CCG,2/28/2019,C&M-GMS/PMS,PRC DELEGATED CO-COMMISSIONING,HAPPY HOUSE SURGERY,25933646,67530.14
Department of Health,NHS Sunderland CCG,2/28/2019,C&M-GMS/PMS,PRC DELEGATED CO-COMMISSIONING,HARRATON SURGERY,25933644,47906.25
Department of Health,NHS Sunderland CCG,2/28/2019,C&M-GMS/PMS,PRC DELEGATED CO-COMMISSIONING,HETTON GROUP PRACTICE,25933656,126371.75
Department of Health,NHS Sunderland CCG,2/28/2019,C&M-GMS/PMS,PRC DELEGATED CO-COMMISSIONING,HOUGHTON MEDICAL GROUP,25933648,91378.31
Department of Health,NHS Sunderland CCG,2/28/2019,C&M-GMS/PMS,PRC DELEGATED CO-COMMISSIONING,MONKWEARMOUTH HEALTH CENTRE,25933658,52802.82
Department of Health,NHS Sunderland CCG,2/28/2019,C&M-GMS/PMS,PRC DELEGATED CO-COMMISSIONING,NEW CITY MEDICAL PRACTICE,25933650,58299.49
Department of Health,NHS Sunderland CCG,2/28/2019,C&M-GMS/PMS,PRC DELEGATED CO-COMMISSIONING,PALLION FAMILY PRACTICE,25933661,134880.93
Department of Health,NHS Sunderland CCG,2/28/2019,C&M-GMS/PMS,PRC DELEGATED CO-COMMISSIONING,PALLION HEALTH CENTRE,25933652,62298.53
Department of Health,NHS Sunderland CCG,2/28/2019,C&M-GMS/PMS,PRC DELEGATED CO-COMMISSIONING,RIVERVIEW HEALTH CENTRE,25933654,75510.08
Department of Health,NHS Sunderland CCG,2/28/2019,C&M-GMS/PMS,PRC DELEGATED CO-COMMISSIONING,SUNDERLAND GP ALLIANCE,25933667,146348.74
Department of Health,NHS Sunderland CCG,2/28/2019,C&M-GMS/PMS,PRC DELEGATED CO-COMMISSIONING,SUNDERLAND GP ALLIANCE,25933674,138351.49
Department of Health,NHS Sunderland CCG,2/28/2019,Apprenticeship Levy Payable,BALANCE SHEET,HMRC,25933933,563.00
Department of Health,NHS Sunderland CCG,2/28/2019,Income tax <1Yr,BALANCE SHEET,HMRC,25933933,59825.00
Department of Health,NHS Sunderland CCG,2/28/2019,Income tax <1Yr-Student Loans,BALANCE SHEET,HMRC,25933933,766.00
Department of Health,NHS Sunderland CCG,2/28/2019,National Insurance < 1 yr-NI- ERS,BALANCE SHEET,HMRC,25933933,37785.54
Department of Health,NHS Sunderland CCG,2/28/2019,National Insurance < 1 yr-NI-EES,BALANCE SHEET,HMRC,25933933,27707.26
Department of Health,NHS Sunderland CCG,2/28/2019,Charges from CSU,ACUTE COMMISSIONING,NHS NORTH OF ENGLAND CSU,26123989,51532.74
Department of Health,NHS Sunderland CCG,2/28/2019,Charges from CSU,ADMINISTRATION & BUSINESS SUPPORT,NHS NORTH OF ENGLAND CSU,25991470,79167.00
Department of Health,NHS Sunderland CCG,2/28/2019,Charges from CSU,PRIMARY CARE IT,NHS NORTH OF ENGLAND CSU,25991471,60583.00
Department of Health,NHS Sunderland CCG,2/28/2019,Cont Care-Learning Disab(<65),CHC ADULT FULLY FUNDED,DANSHELL HEALTHCARE LTD,26022945,-31600.00
Department of Health,NHS Sunderland CCG,2/28/2019,Clinical&Medical-Othe Public Sector,COMMUNITY SERVICES,SUNDERLAND CITY COUNCIL,26176386,14666.00
Department of Health,NHS Sunderland CCG,2/28/2019,Clinical&Medical-Othe Public Sector,CONTINUING HEALTHCARE ASSESSMENT & SUPPORT,SUNDERLAND CITY COUNCIL,26176386,47228.00
Department of Health,NHS Sunderland CCG,2/28/2019,Clinical&Medical-Othe Public Sector,MENTAL HEALTH CONTRACTS,SUNDERLAND CITY COUNCIL,26176386,12500.00
Department of Health,NHS Sunderland CCG,2/28/2019,Clinical&Medical-Othe Public Sector,REABLEMENT,SUNDERLAND CITY COUNCIL,26176386,17208.00
Department of Health,NHS Sunderland CCG,2/28/2019,Clinical&Medical-Othe Public Sector,SAFEGUARDING,SUNDERLAND CITY COUNCIL,26176386,12277.00
Department of Health,NHS Sunderland CCG,2/28/2019,Clinical&Medical-Othe Public Sector,INTERMEDIATE CARE,SUNDERLAND CITY COUNCIL,26176386,5044.00
Department of Health,NHS Sunderland CCG,2/28/2019,Clinical&Medical-Othe Public Sector,COLLABORATIVE COMMISSIONING,DURHAM COUNTY COUNCIL,26176669,36082.00
Department of Health,NHS Sunderland CCG,2/28/2019,Clinical&Medical-Othe Public Sector,WINTER PRESSURES,SUNDERLAND CITY COUNCIL,26066678,100348.50
Department of Health,NHS Sunderland CCG,2/28/2019,Clinical&Medical-Othe Public Sector,Mental Health Services - S117 Mental Health,SUNDERLAND CITY COUNCIL,26176386,335088.00
Department of Health,NHS Sunderland CCG,2/28/2019,Clinical&Medical-Othe Public Sector,CARERS,SUNDERLAND CITY COUNCIL,26176386,75083.00
Department of Health,NHS Sunderland CCG,2/28/2019,Clinical&Medical-Othe Public Sector,Learning Difficulties - S117,SUNDERLAND CITY COUNCIL,26176386,304987.00
Department of Health,NHS Sunderland CCG,2/28/2019,Clinical&Medical-Othe Public Sector,WHEELCHAIR SERVICE,SUNDERLAND CITY COUNCIL,26176386,137668.00
Department of Health,NHS Sunderland CCG,2/28/2019,Cont Care-Physical Disab (65+),CHC ADULT FULLY FUNDED,NHS NORTHUMBERLAND CCG,26066681,497437.00
Department of Health,NHS Sunderland CCG,2/28/2019,Cont Care-Physical Disab (65+),CHC ADULT FULLY FUNDED,SUNDERLAND CITY COUNCIL,26066685,134130.00
Department of Health,NHS Sunderland CCG,2/28/2019,Cont Care-Physical Disab (65+),CHC ADULT FULLY FUNDED,SUNDERLAND CITY COUNCIL,26091828,314623.08
Department of Health,NHS Sunderland CCG,2/28/2019,Cont Care-Physical Disab (65+),CHC ADULT FULLY FUNDED,SUNDERLAND CITY COUNCIL,26176386,1916667.00
Department of Health,NHS Sunderland CCG,2/28/2019,Cont Care- Children,CHC CHILDREN,SUNDERLAND CITY COUNCIL,26122972,67465.00
Department of Health,NHS Sunderland CCG,2/28/2019,Cont Care- Children,CHC CHILDREN,SUNDERLAND CITY COUNCIL,26122973,180643.00
Department of Health,NHS Sunderland CCG,2/28/2019,Clinical&Medical-Serv Recd-Oth NHS,RECHARGES NHS PROPERTY SERVICES LTD,NHS PROPERTY SERVICES LTD,26122978,42260.54
Department of Health,NHS Sunderland CCG,2/28/2019,Cont Care-Foundation Trust,CHC ADULT FULLY FUNDED,SOUTH TYNESIDE NHS FOUNDATION TRUST,26173074,37500.00
Department of Health,NHS Sunderland CCG,2/28/2019,Cont Care-Foundation Trust,CHC ADULT FULLY FUNDED,SOUTH TYNESIDE NHS FOUNDATION TRUST,26173078,-25000.00
Department of Health,NHS Sunderland CCG,2/28/2019,Soc Care-Mental health services,MENTAL HEALTH CONTRACTS,SUNDERLAND CITY COUNCIL,26173085,41666.58
Department of Health,NHS Sunderland CCG,2/28/2019,Soc Care-Mental health services,MENTAL HEALTH CONTRACTS,SUNDERLAND CITY COUNCIL,26176386,33125.00
Department of Health,NHS Sunderland CCG,2/28/2019,Hcare Srv Rec Oth-NHS,COLLABORATIVE COMMISSIONING,HEALTH EDUCATION ENGLAND,26175861,180000.00
Department of Health,NHS Sunderland CCG,2/28/2019,Cont Care-Funded Nursing Care Allow,FUNDED NURSING CARE,SUNDERLAND CITY COUNCIL,26176386,201447.00
Department of Health,NHS Sunderland CCG,2/28/2019,Cont Care-Learning Disab(65+),CHC ADULT FULLY FUNDED,SUNDERLAND CITY COUNCIL,26176386,96538.00
Department of Health,NHS Sunderland CCG,2/28/2019,Soc Care-Learn Disab Servs,MENTAL HEALTH CONTRACTS,SUNDERLAND CITY COUNCIL,26176386,15114.00
Department of Health,NHS Sunderland CCG,2/28/2019,Soc Care-Other Soc Care,PROGRAMME PROJECTS,SUNDERLAND CITY COUNCIL,26176386,631814.00
