NHS Sunderland CCG Invoices over �25k - December 2018,,,,,,,
Department family,Entity,Date,Expense Type,Expense area,Supplier,Transaction number,AP Amount �
Department of Health,NHS Sunderland CCG,12/31/2018,Clinical&Medical-Independent Sector,ACUTE COMMISSIONING,SPIRE HEALTHCARE LTD,24992782,321876.00
Department of Health,NHS Sunderland CCG,12/31/2018,Clinical&Medical-Independent Sector,ACUTE COMMISSIONING,SPIRE HEALTHCARE LTD,25326462,-44286.76
Department of Health,NHS Sunderland CCG,12/31/2018,Clinical&Medical-Independent Sector,ACUTE COMMISSIONING,TYNESIDE SURGICAL SERVICES LTD,25375264,40356.65
Department of Health,NHS Sunderland CCG,12/31/2018,Clinical&Medical-Independent Sector,ACUTE COMMISSIONING,VOCARE LTD,25312292,238189.68
Department of Health,NHS Sunderland CCG,12/31/2018,Clinical&Medical-Independent Sector,ACUTE COMMISSIONING,VOCARE LTD,25365914,87081.41
Department of Health,NHS Sunderland CCG,12/31/2018,Clinical&Medical-Independent Sector,MENTAL HEALTH CONTRACTS,SUNDERLAND COUNSELLING SERVICES,25134523,85919.49
Department of Health,NHS Sunderland CCG,12/31/2018,Clinical&Medical-Independent Sector,PRESCRIBING,GATESHEAD COMMUNITY BASED CARE LTD,25291853,28391.66
Department of Health,NHS Sunderland CCG,12/31/2018,Clinical&Medical-Independent Sector,PRESCRIBING,GATESHEAD COMMUNITY BASED CARE LTD,25291860,28391.66
Department of Health,NHS Sunderland CCG,12/31/2018,Clinical&Medical-Independent Sector,PRESCRIBING,GATESHEAD COMMUNITY BASED CARE LTD,25291864,28391.66
Department of Health,NHS Sunderland CCG,12/31/2018,Clinical&Medical-Independent Sector,PROGRAMME PROJECTS,SUNDERLAND GP ALLIANCE,25194422,83333.33
Department of Health,NHS Sunderland CCG,12/31/2018,Clinical&Medical-Independent Sector,LONG TERM CONDITIONS,OUTCOMES BASED HEALTHCARE LTD,25247543,30380.14
Department of Health,NHS Sunderland CCG,12/31/2018,Clinical&Medical-Independent Sector,PLANNED CARE,NORTH EAST PODIATRY LTD,25326414,51511.91
Department of Health,NHS Sunderland CCG,12/31/2018,Clinical&Medical-Independent Sector,PLANNED CARE,SPECSAVERS HEARCARE LTD,25348685,68191.00
Department of Health,NHS Sunderland CCG,12/31/2018,Hcare Srv Rec Fdtn Trust-Contract Baseline,ACUTE COMMISSIONING,CITY HOSPITALS SUNDERLAND FOUNDATION NHS TRUST,25354013,14558927.00
Department of Health,NHS Sunderland CCG,12/31/2018,Hcare Srv Rec Fdtn Trust-Contract Baseline,ACUTE COMMISSIONING,GATESHEAD HEALTH NHS FOUNDATION TRUST,25274962,72540.00
Department of Health,NHS Sunderland CCG,12/31/2018,Hcare Srv Rec Fdtn Trust-Contract Baseline,ACUTE COMMISSIONING,GATESHEAD HEALTH NHS FOUNDATION TRUST,25274965,1532868.00
Department of Health,NHS Sunderland CCG,12/31/2018,Hcare Srv Rec Fdtn Trust-Contract Baseline,ACUTE COMMISSIONING,NEWCASTLE UPON TYNE HOSPITALS NHS FOUNDATION TRUST,25049829,895939.42
Department of Health,NHS Sunderland CCG,12/31/2018,Hcare Srv Rec Fdtn Trust-Contract Baseline,ACUTE COMMISSIONING,NORTHUMBRIA HEALTHCARE NHS FOUNDATION TRUST,25154597,26667.00
Department of Health,NHS Sunderland CCG,12/31/2018,Hcare Srv Rec Fdtn Trust-Contract Baseline,ACUTE COMMISSIONING,SOUTH TEES HOSPITALS NHS FOUNDATION TRUST,25375257,45425.00
Department of Health,NHS Sunderland CCG,12/31/2018,Hcare Srv Rec Fdtn Trust-Contract Baseline,ACUTE COMMISSIONING,SOUTH TYNESIDE NHS FOUNDATION TRUST,25363915,125406.00
Department of Health,NHS Sunderland CCG,12/31/2018,Hcare Srv Rec Fdtn Trust-Contract Baseline,AMBULANCE SERVICES,NORTH EAST AMBULANCE SERVICES NHS TRUST,25011204,952552.00
Department of Health,NHS Sunderland CCG,12/31/2018,Hcare Srv Rec Fdtn Trust-Contract Baseline,COMMUNITY SERVICES,SOUTH TYNESIDE NHS FOUNDATION TRUST,25363913,147755.00
Department of Health,NHS Sunderland CCG,12/31/2018,Hcare Srv Rec Fdtn Trust-Contract Baseline,COMMUNITY SERVICES,SOUTH TYNESIDE NHS FOUNDATION TRUST,25363914,2165534.00
Department of Health,NHS Sunderland CCG,12/31/2018,Hcare Srv Rec Fdtn Trust-Contract Baseline,NHS 111,NORTH EAST AMBULANCE SERVICES NHS TRUST,25129375,79665.75
Department of Health,NHS Sunderland CCG,12/31/2018,Hcare Srv Rec Fdtn Trust-Contract Baseline,PATIENT TRANSPORT,NORTH EAST AMBULANCE SERVICES NHS TRUST,25129392,78208.00
Department of Health,NHS Sunderland CCG,12/31/2018,Hcare Srv Rec Fdtn Trust-Contract Baseline,PATIENT TRANSPORT,NORTH EAST AMBULANCE SERVICES NHS TRUST,25326681,78208.00
Department of Health,NHS Sunderland CCG,12/31/2018,Miscellaneous Expenditure (L9),PRC DELEGATED CO-COMMISSIONING,SUNDERLAND GP ALLIANCE,25025990,35000.00
Department of Health,NHS Sunderland CCG,12/31/2018,Clinical&Medical-Clinical Other,LOCAL ENHANCED SERVICES,SUNDERLAND GP ALLIANCE,25031571,26956.92
Department of Health,NHS Sunderland CCG,12/31/2018,Clinical&Medical-Clinical Other,GP FORWARD VIEW,SUNDERLAND GP ALLIANCE,25154594,142000.00
Department of Health,NHS Sunderland CCG,12/31/2018,Hcare Srv Rec Fdtn Trust-Non Contract,ACUTE COMMISSIONING,CITY HOSPITALS SUNDERLAND FOUNDATION NHS TRUST,25194421,2240000.00
Department of Health,NHS Sunderland CCG,12/31/2018,Hcare Srv Rec Fdtn Trust-Non Contract,MENTAL HEALTH SERVICES - OTHER,NORTHUMBERLAND TYNE AND WEAR NHS FOUNDATION TRUST,25061157,159000.00
Department of Health,NHS Sunderland CCG,12/31/2018,Hcare Srv Rec Fdtn Trust-Non Contract,COLLABORATIVE COMMISSIONING,COUNTY DURHAM AND DARLINGTON NHS FOUNDATION TRUST,25332544,43904.48
Department of Health,NHS Sunderland CCG,12/31/2018,Hcare Srv Rec Fdtn Trust-Non Contract,COLLABORATIVE COMMISSIONING,COUNTY DURHAM AND DARLINGTON NHS FOUNDATION TRUST,25363912,87896.00
Department of Health,NHS Sunderland CCG,12/31/2018,Hcare Srv Rec Fdtn Trust-Non Contract,COLLABORATIVE COMMISSIONING,NEWCASTLE UPON TYNE HOSPITALS NHS FOUNDATION TRUST,25349862,230000.00
Department of Health,NHS Sunderland CCG,12/31/2018,Hcare Srv Rec Fdtn Trust-Non Contract,COLLABORATIVE COMMISSIONING,NEWCASTLE UPON TYNE HOSPITALS NHS FOUNDATION TRUST,25349863,168000.00
Department of Health,NHS Sunderland CCG,12/31/2018,Hcare Srv Rec Fdtn Trust-Non Contract,COLLABORATIVE COMMISSIONING,NORTHUMBRIA HEALTHCARE NHS FOUNDATION TRUST,25286940,45124.00
Department of Health,NHS Sunderland CCG,12/31/2018,Clinical&Medical-Othe Public Sector,COMMUNITY SERVICES,SUNDERLAND CITY COUNCIL,25061165,82500.00
Department of Health,NHS Sunderland CCG,12/31/2018,Clinical&Medical-Othe Public Sector,COLLABORATIVE COMMISSIONING,DURHAM COUNTY COUNCIL,25196683,200000.00
Department of Health,NHS Sunderland CCG,12/31/2018,C&M-GMS/PMS,PRC DELEGATED CO-COMMISSIONING,BROADWAY MEDICAL PRACTICE,25114991,71840.61
Department of Health,NHS Sunderland CCG,12/31/2018,C&M-GMS/PMS,PRC DELEGATED CO-COMMISSIONING,DEERNESS PARK MEDICAL GROUP,25105376,150116.24
Department of Health,NHS Sunderland CCG,12/31/2018,C&M-GMS/PMS,PRC DELEGATED CO-COMMISSIONING,DR BRIGHAM,25105380,64022.22
Department of Health,NHS Sunderland CCG,12/31/2018,C&M-GMS/PMS,PRC DELEGATED CO-COMMISSIONING,DR CLOAK & PARTNERS,25138089,121988.76
Department of Health,NHS Sunderland CCG,12/31/2018,C&M-GMS/PMS,PRC DELEGATED CO-COMMISSIONING,DR EL SAFY,25105391,28109.50
Department of Health,NHS Sunderland CCG,12/31/2018,C&M-GMS/PMS,PRC DELEGATED CO-COMMISSIONING,DR FORD & PARTNERS,25105401,94979.90
Department of Health,NHS Sunderland CCG,12/31/2018,C&M-GMS/PMS,PRC DELEGATED CO-COMMISSIONING,DR HUBBARD,25105398,65979.09
Department of Health,NHS Sunderland CCG,12/31/2018,C&M-GMS/PMS,PRC DELEGATED CO-COMMISSIONING,DR JOSHI & PARTNER SUNDERLAND,25105407,87448.74
Department of Health,NHS Sunderland CCG,12/31/2018,C&M-GMS/PMS,PRC DELEGATED CO-COMMISSIONING,DR LILLEY & PARTNERS,25105415,90043.95
Department of Health,NHS Sunderland CCG,12/31/2018,C&M-GMS/PMS,PRC DELEGATED CO-COMMISSIONING,DR MAZARELO & PARTNERS,25105410,54498.02
Department of Health,NHS Sunderland CCG,12/31/2018,C&M-GMS/PMS,PRC DELEGATED CO-COMMISSIONING,DR MISHREKI & PARTNERS,25105427,97028.17
Department of Health,NHS Sunderland CCG,12/31/2018,C&M-GMS/PMS,PRC DELEGATED CO-COMMISSIONING,DR OBONNA,25105423,29860.90
Department of Health,NHS Sunderland CCG,12/31/2018,C&M-GMS/PMS,PRC DELEGATED CO-COMMISSIONING,DR PARRY & PARTNERS SUNDERLAND,25105419,56930.90
Department of Health,NHS Sunderland CCG,12/31/2018,C&M-GMS/PMS,PRC DELEGATED CO-COMMISSIONING,DR PATTISON & PARTNER,25105437,93393.87
Department of Health,NHS Sunderland CCG,12/31/2018,C&M-GMS/PMS,PRC DELEGATED CO-COMMISSIONING,DR RAY,25105430,76684.17
Department of Health,NHS Sunderland CCG,12/31/2018,C&M-GMS/PMS,PRC DELEGATED CO-COMMISSIONING,DR REDDY & PARTNERS,25105435,56259.98
Department of Health,NHS Sunderland CCG,12/31/2018,C&M-GMS/PMS,PRC DELEGATED CO-COMMISSIONING,DR SHARMA & PARTNERS SUNDERLAND,25105442,73972.99
Department of Health,NHS Sunderland CCG,12/31/2018,C&M-GMS/PMS,PRC DELEGATED CO-COMMISSIONING,DR SHETTY & PARTNER SUNDERLAND,25105445,88733.24
Department of Health,NHS Sunderland CCG,12/31/2018,C&M-GMS/PMS,PRC DELEGATED CO-COMMISSIONING,DR SPAGNOLI & PARTNERS,25105449,-35523.86
Department of Health,NHS Sunderland CCG,12/31/2018,C&M-GMS/PMS,PRC DELEGATED CO-COMMISSIONING,DR SPAGNOLI & PARTNERS,25105451,98937.54
Department of Health,NHS Sunderland CCG,12/31/2018,C&M-GMS/PMS,PRC DELEGATED CO-COMMISSIONING,DR STEPHENSON & PARTNERS,25105453,-27223.24
Department of Health,NHS Sunderland CCG,12/31/2018,C&M-GMS/PMS,PRC DELEGATED CO-COMMISSIONING,DR STEPHENSON & PARTNERS,25105456,149617.78
Department of Health,NHS Sunderland CCG,12/31/2018,C&M-GMS/PMS,PRC DELEGATED CO-COMMISSIONING,DR WALLACE & PARTNERS,25105461,77716.75
Department of Health,NHS Sunderland CCG,12/31/2018,C&M-GMS/PMS,PRC DELEGATED CO-COMMISSIONING,DR WEATHERHEAD,25105464,50672.67
Department of Health,NHS Sunderland CCG,12/31/2018,C&M-GMS/PMS,PRC DELEGATED CO-COMMISSIONING,DR WIDDRINGTON & PARTNER,25105472,49696.75
Department of Health,NHS Sunderland CCG,12/31/2018,C&M-GMS/PMS,PRC DELEGATED CO-COMMISSIONING,DR WRIGHT & PARTNERS SUNDERLAND,25138090,145692.40
Department of Health,NHS Sunderland CCG,12/31/2018,C&M-GMS/PMS,PRC DELEGATED CO-COMMISSIONING,DRS MACKRELL & JOSEPH,25105468,34509.34
Department of Health,NHS Sunderland CCG,12/31/2018,C&M-GMS/PMS,PRC DELEGATED CO-COMMISSIONING,FULWELL MEDICAL CENTRE,25114993,93667.48
Department of Health,NHS Sunderland CCG,12/31/2018,C&M-GMS/PMS,PRC DELEGATED CO-COMMISSIONING,GALLERIES MEDICAL PRACTICE,25138092,112199.61
Department of Health,NHS Sunderland CCG,12/31/2018,C&M-GMS/PMS,PRC DELEGATED CO-COMMISSIONING,HAPPY HOUSE SURGERY,25105481,65499.29
Department of Health,NHS Sunderland CCG,12/31/2018,C&M-GMS/PMS,PRC DELEGATED CO-COMMISSIONING,HARRATON SURGERY,25105477,47242.90
Department of Health,NHS Sunderland CCG,12/31/2018,C&M-GMS/PMS,PRC DELEGATED CO-COMMISSIONING,HETTON GROUP PRACTICE,25105499,172515.35
Department of Health,NHS Sunderland CCG,12/31/2018,C&M-GMS/PMS,PRC DELEGATED CO-COMMISSIONING,HOUGHTON MEDICAL GROUP,25105485,91233.63
Department of Health,NHS Sunderland CCG,12/31/2018,C&M-GMS/PMS,PRC DELEGATED CO-COMMISSIONING,MONKWEARMOUTH HEALTH CENTRE,25105502,46247.64
Department of Health,NHS Sunderland CCG,12/31/2018,C&M-GMS/PMS,PRC DELEGATED CO-COMMISSIONING,NEW CITY MEDICAL PRACTICE,25105489,58026.01
Department of Health,NHS Sunderland CCG,12/31/2018,C&M-GMS/PMS,PRC DELEGATED CO-COMMISSIONING,PALLION FAMILY PRACTICE,25105505,118335.57
Department of Health,NHS Sunderland CCG,12/31/2018,C&M-GMS/PMS,PRC DELEGATED CO-COMMISSIONING,PALLION HEALTH CENTRE,25138091,71545.96
Department of Health,NHS Sunderland CCG,12/31/2018,C&M-GMS/PMS,PRC DELEGATED CO-COMMISSIONING,RIVERVIEW HEALTH CENTRE,25105495,77638.40
Department of Health,NHS Sunderland CCG,12/31/2018,C&M-GMS/PMS,PRC DELEGATED CO-COMMISSIONING,SUNDERLAND GP ALLIANCE,25105511,301732.61
Department of Health,NHS Sunderland CCG,12/31/2018,C&M-GMS/PMS,PRC DELEGATED CO-COMMISSIONING,SUNDERLAND GP ALLIANCE,25105517,106168.81
Department of Health,NHS Sunderland CCG,12/31/2018,Charges from CSU,ADMINISTRATION & BUSINESS SUPPORT,NHS NORTH OF ENGLAND CSU,25212912,79167.00
Department of Health,NHS Sunderland CCG,12/31/2018,Charges from CSU,PRIMARY CARE IT,NHS NORTH OF ENGLAND CSU,25134522,27285.00
Department of Health,NHS Sunderland CCG,12/31/2018,Charges from CSU,PRIMARY CARE IT,NHS NORTH OF ENGLAND CSU,25196679,60583.00
Department of Health,NHS Sunderland CCG,12/31/2018,Charges from CSU,PRIMARY CARE IT,NHS NORTH OF ENGLAND CSU,25322672,-27285.00
Department of Health,NHS Sunderland CCG,12/31/2018,Charges from CSU,PRIMARY CARE IT,NHS NORTH OF ENGLAND CSU,25322673,27285.00
Department of Health,NHS Sunderland CCG,12/31/2018,Apprenticeship Levy Payable,BALANCE SHEET,HMRC,25149889,602.00
Department of Health,NHS Sunderland CCG,12/31/2018,Income tax <1Yr,BALANCE SHEET,HMRC,25149889,64583.28
Department of Health,NHS Sunderland CCG,12/31/2018,Income tax <1Yr-Student Loans,BALANCE SHEET,HMRC,25149889,778.00
Department of Health,NHS Sunderland CCG,12/31/2018,National Insurance < 1 yr-NI- ERS,BALANCE SHEET,HMRC,25149889,38733.78
Department of Health,NHS Sunderland CCG,12/31/2018,National Insurance < 1 yr-NI-EES,BALANCE SHEET,HMRC,25149889,28242.35
Department of Health,NHS Sunderland CCG,12/31/2018,Hcare Srv Rec NHS CCG-Non Contract,COLLABORATIVE COMMISSIONING,NHS NORTH CUMBRIA CCG,25340510,31085.19
Department of Health,NHS Sunderland CCG,12/31/2018,Cont Care- Retrospective Claims,CHC ADULT FULLY FUNDED,CHCLR1819-04,25349956,83163.70
Department of Health,NHS Sunderland CCG,12/31/2018,Cont Care-Foundation Trust,CHC ADULT FULLY FUNDED,SOUTH TYNESIDE NHS FOUNDATION TRUST,25375263,37500.00
Department of Health,NHS Sunderland CCG,12/31/2018,Hcare Srv Rec Fdtn Trust-Over/ Under Performance,ACUTE COMMISSIONING,NORTHUMBRIA HEALTHCARE NHS FOUNDATION TRUST,25375265,45124.00
