00P NHS Sunderland CCG Invoices over �25k - October 2018,,,,,,,
Department family,Entity,Date,Expense Type,Expense area,Supplier,Transaction number,AP Amount �
Department of Health,NHS Sunderland CCG,10/31/2018,Hcare Srv Rec Fdtn Trust-Contract Baseline,ACUTE COMMISSIONING,CITY HOSPITALS SUNDERLAND FOUNDATION NHS TRUST,24485119,14558927.00
Department of Health,NHS Sunderland CCG,10/31/2018,Hcare Srv Rec Fdtn Trust-Contract Baseline,ACUTE COMMISSIONING,COUNTY DURHAM AND DARLINGTON NHS FOUNDATION TRUST,24469170,450840.00
Department of Health,NHS Sunderland CCG,10/31/2018,Hcare Srv Rec Fdtn Trust-Contract Baseline,ACUTE COMMISSIONING,GATESHEAD HEALTH NHS FOUNDATION TRUST,24258724,72540.00
Department of Health,NHS Sunderland CCG,10/31/2018,Hcare Srv Rec Fdtn Trust-Contract Baseline,ACUTE COMMISSIONING,GATESHEAD HEALTH NHS FOUNDATION TRUST,24359693,1559604.00
Department of Health,NHS Sunderland CCG,10/31/2018,Hcare Srv Rec Fdtn Trust-Contract Baseline,ACUTE COMMISSIONING,GATESHEAD HEALTH NHS FOUNDATION TRUST,24359694,72540.00
Department of Health,NHS Sunderland CCG,10/31/2018,Hcare Srv Rec Fdtn Trust-Contract Baseline,ACUTE COMMISSIONING,NEWCASTLE UPON TYNE HOSPITALS NHS FOUNDATION TRUST,24202601,895939.42
Department of Health,NHS Sunderland CCG,10/31/2018,Hcare Srv Rec Fdtn Trust-Contract Baseline,ACUTE COMMISSIONING,NORTHUMBERLAND TYNE AND WEAR NHS FOUNDATION TRUST,24083060,48720.00
Department of Health,NHS Sunderland CCG,10/31/2018,Hcare Srv Rec Fdtn Trust-Contract Baseline,ACUTE COMMISSIONING,NORTHUMBERLAND TYNE AND WEAR NHS FOUNDATION TRUST,24422627,48720.00
Department of Health,NHS Sunderland CCG,10/31/2018,Hcare Srv Rec Fdtn Trust-Contract Baseline,ACUTE COMMISSIONING,NORTHUMBRIA HEALTHCARE NHS FOUNDATION TRUST,24280395,26667.00
Department of Health,NHS Sunderland CCG,10/31/2018,Hcare Srv Rec Fdtn Trust-Contract Baseline,ACUTE COMMISSIONING,SOUTH TEES HOSPITALS NHS FOUNDATION TRUST,24249994,45425.00
Department of Health,NHS Sunderland CCG,10/31/2018,Hcare Srv Rec Fdtn Trust-Contract Baseline,ACUTE COMMISSIONING,SOUTH TYNESIDE NHS FOUNDATION TRUST,24139488,125406.00
Department of Health,NHS Sunderland CCG,10/31/2018,Hcare Srv Rec Fdtn Trust-Contract Baseline,AMBULANCE SERVICES,NORTH EAST AMBULANCE SERVICES NHS TRUST,24258727,952552.00
Department of Health,NHS Sunderland CCG,10/31/2018,Hcare Srv Rec Fdtn Trust-Contract Baseline,COMMUNITY SERVICES,SOUTH TYNESIDE NHS FOUNDATION TRUST,24139484,147755.00
Department of Health,NHS Sunderland CCG,10/31/2018,Hcare Srv Rec Fdtn Trust-Contract Baseline,COMMUNITY SERVICES,SOUTH TYNESIDE NHS FOUNDATION TRUST,24139486,2165534.00
Department of Health,NHS Sunderland CCG,10/31/2018,Hcare Srv Rec Fdtn Trust-Contract Baseline,MENTAL HEALTH CONTRACTS,NORTHUMBERLAND TYNE AND WEAR NHS FOUNDATION TRUST,24422626,4084131.00
Department of Health,NHS Sunderland CCG,10/31/2018,Hcare Srv Rec Fdtn Trust-Contract Baseline,PATIENT TRANSPORT,NORTH EAST AMBULANCE SERVICES NHS TRUST,24280416,78208.00
Department of Health,NHS Sunderland CCG,10/31/2018,Hcare Srv Rec Fdtn Trust-Contract Baseline,PATIENT TRANSPORT,NORTH EAST AMBULANCE SERVICES NHS TRUST,24419012,28842.29
Department of Health,NHS Sunderland CCG,10/31/2018,Clinical&Medical-Othe Public Sector,COMMUNITY SERVICES,SUNDERLAND CITY COUNCIL,24508359,6333.00
Department of Health,NHS Sunderland CCG,10/31/2018,Clinical&Medical-Othe Public Sector,CONTINUING HEALTHCARE ASSESSMENT & SUPPORT,SUNDERLAND CITY COUNCIL,24508359,47228.00
Department of Health,NHS Sunderland CCG,10/31/2018,Clinical&Medical-Othe Public Sector,MENTAL HEALTH CONTRACTS,SUNDERLAND CITY COUNCIL,24508359,12500.00
Department of Health,NHS Sunderland CCG,10/31/2018,Clinical&Medical-Othe Public Sector,REABLEMENT,SUNDERLAND CITY COUNCIL,24508359,17208.00
Department of Health,NHS Sunderland CCG,10/31/2018,Clinical&Medical-Othe Public Sector,SAFEGUARDING,SUNDERLAND CITY COUNCIL,24508359,12277.00
Department of Health,NHS Sunderland CCG,10/31/2018,Clinical&Medical-Othe Public Sector,INTERMEDIATE CARE,SUNDERLAND CITY COUNCIL,24419024,56694.42
Department of Health,NHS Sunderland CCG,10/31/2018,Clinical&Medical-Othe Public Sector,INTERMEDIATE CARE,SUNDERLAND CITY COUNCIL,24419030,155655.83
Department of Health,NHS Sunderland CCG,10/31/2018,Clinical&Medical-Othe Public Sector,INTERMEDIATE CARE,SUNDERLAND CITY COUNCIL,24508359,35309.00
Department of Health,NHS Sunderland CCG,10/31/2018,Clinical&Medical-Othe Public Sector,COLLABORATIVE COMMISSIONING,MIDDLESBROUGH COUNCIL,24092745,31940.00
Department of Health,NHS Sunderland CCG,10/31/2018,Clinical&Medical-Othe Public Sector,COLLABORATIVE COMMISSIONING,MIDDLESBROUGH COUNCIL,24093190,-31940.00
Department of Health,NHS Sunderland CCG,10/31/2018,Clinical&Medical-Othe Public Sector,CARERS,SUNDERLAND CITY COUNCIL,24508359,75083.00
Department of Health,NHS Sunderland CCG,10/31/2018,Clinical&Medical-Othe Public Sector,Learning Difficulties - S117,SUNDERLAND CITY COUNCIL,24508359,304987.00
Department of Health,NHS Sunderland CCG,10/31/2018,Clinical&Medical-Othe Public Sector,Mental Health Services - S117 Mental Health,SUNDERLAND CITY COUNCIL,24508359,335088.00
Department of Health,NHS Sunderland CCG,10/31/2018,Clinical&Medical-Othe Public Sector,WHEELCHAIR SERVICE,SUNDERLAND CITY COUNCIL,24508359,137668.00
Department of Health,NHS Sunderland CCG,10/31/2018,Clinical&Medical-Independent Sector,ACUTE COMMISSIONING,NORTHERN DOCTORS URGENT CARE,24093191,244144.49
Department of Health,NHS Sunderland CCG,10/31/2018,Clinical&Medical-Independent Sector,ACUTE COMMISSIONING,SPIRE HEALTHCARE LTD,24124473,321876.00
Department of Health,NHS Sunderland CCG,10/31/2018,Clinical&Medical-Independent Sector,ACUTE COMMISSIONING,VOCARE LTD,24484446,238189.68
Department of Health,NHS Sunderland CCG,10/31/2018,Clinical&Medical-Independent Sector,MENTAL HEALTH CONTRACTS,SUNDERLAND COUNSELLING SERVICES,24338482,85919.49
Department of Health,NHS Sunderland CCG,10/31/2018,Clinical&Medical-Independent Sector,MENTAL HEALTH CONTRACTS,SUNDERLAND COUNSELLING SERVICES,24419039,42500.00
Department of Health,NHS Sunderland CCG,10/31/2018,Clinical&Medical-Independent Sector,MENTAL HEALTH CONTRACTS,SUNDERLAND COUNSELLING SERVICES,24419055,42500.00
Department of Health,NHS Sunderland CCG,10/31/2018,Clinical&Medical-Independent Sector,PRC DELEGATED CO-COMMISSIONING,SUNDERLAND GP ALLIANCE,24535854,137000.00
Department of Health,NHS Sunderland CCG,10/31/2018,Clinical&Medical-Independent Sector,PRESCRIBING,DEERNESS PARK MEDICAL GROUP,24428223,36000.52
Department of Health,NHS Sunderland CCG,10/31/2018,Clinical&Medical-Independent Sector,PRESCRIBING,DR STEPHENSON & PARTNERS,24428275,26686.80
Department of Health,NHS Sunderland CCG,10/31/2018,Clinical&Medical-Independent Sector,PRESCRIBING,DR WALLACE & PARTNERS,24428219,25968.20
Department of Health,NHS Sunderland CCG,10/31/2018,Clinical&Medical-Independent Sector,PRESCRIBING,DRS MACKRELL & JOSEPH,24428232,31870.11
Department of Health,NHS Sunderland CCG,10/31/2018,Clinical&Medical-Independent Sector,PRESCRIBING,MILLFIELD MEDICAL CENTRE,24428257,30927.13
Department of Health,NHS Sunderland CCG,10/31/2018,Clinical&Medical-Independent Sector,PRESCRIBING,MONKWEARMOUTH HEALTH CENTRE,24428247,32425.97
Department of Health,NHS Sunderland CCG,10/31/2018,Clinical&Medical-Independent Sector,COLLABORATIVE COMMISSIONING,"NHS HAMBLETON, RICHMONDSHIRE AND WHITBY CCG",24193991,25000.00
Department of Health,NHS Sunderland CCG,10/31/2018,Clinical&Medical-Independent Sector,COLLABORATIVE COMMISSIONING,"NHS HAMBLETON, RICHMONDSHIRE AND WHITBY CCG",24194034,-25000.00
Department of Health,NHS Sunderland CCG,10/31/2018,Clinical&Medical-Independent Sector,LONG TERM CONDITIONS,OUTCOMES BASED HEALTHCARE LTD,24231472,30209.41
Department of Health,NHS Sunderland CCG,10/31/2018,Clinical&Medical-Independent Sector,PROGRAMME PROJECTS,SUNDERLAND GP ALLIANCE,24280396,83333.33
Department of Health,NHS Sunderland CCG,10/31/2018,Clinical&Medical-Independent Sector,PROGRAMME PROJECTS,SUNDERLAND GP ALLIANCE,24508329,83333.33
Department of Health,NHS Sunderland CCG,10/31/2018,Clinical&Medical-Independent Sector,PROGRAMME PROJECTS,SUNDERLAND GP ALLIANCE,24508351,83333.33
Department of Health,NHS Sunderland CCG,10/31/2018,Clinical&Medical-Independent Sector,PROGRAMME PROJECTS,SUNDERLAND GP ALLIANCE,24508353,83333.33
Department of Health,NHS Sunderland CCG,10/31/2018,Clinical&Medical-Independent Sector,PLANNED CARE,NORTH EAST PODIATRY LTD,24374926,34759.52
Department of Health,NHS Sunderland CCG,10/31/2018,Clinical&Medical-Independent Sector,PLANNED CARE,SPECSAVERS HEARCARE LTD,24508247,62252.00
Department of Health,NHS Sunderland CCG,10/31/2018,Clinical&Medical-Clinical Other,LOCAL ENHANCED SERVICES,SUNDERLAND GP ALLIANCE,24173924,26956.92
Department of Health,NHS Sunderland CCG,10/31/2018,Clinical&Medical-Clinical Other,LOCAL ENHANCED SERVICES,SUNDERLAND GP ALLIANCE,24467424,26956.92
Department of Health,NHS Sunderland CCG,10/31/2018,Clinical&Medical-Clinical Other,LOCAL ENHANCED SERVICES,SUNDERLAND GP ALLIANCE,24485117,26956.92
Department of Health,NHS Sunderland CCG,10/31/2018,Clinical&Medical-Clinical Other,LOCAL ENHANCED SERVICES,SUNDERLAND GP ALLIANCE,24526463,26956.92
Department of Health,NHS Sunderland CCG,10/31/2018,Clinical&Medical-Clinical Other,LONG TERM CONDITIONS,SUNDERLAND GP ALLIANCE,24418987,-300000.00
Department of Health,NHS Sunderland CCG,10/31/2018,Clinical&Medical-Clinical Other,LONG TERM CONDITIONS,SUNDERLAND GP ALLIANCE,24419006,300000.00
Department of Health,NHS Sunderland CCG,10/31/2018,Clinical&Medical-Clinical Other,GP FORWARD VIEW,SUNDERLAND GP ALLIANCE,24374913,142000.00
Department of Health,NHS Sunderland CCG,10/31/2018,Clinical&Medical-Voluntary Sector,COMMUNITY SERVICES,STROKE ASSOCIATION,24254538,31201.00
Department of Health,NHS Sunderland CCG,10/31/2018,Clinical&Medical-Voluntary Sector,MENTAL HEALTH SERVICES - OTHER,SUNDERLAND MIND,24202603,32055.00
Department of Health,NHS Sunderland CCG,10/31/2018,C&M-GMS/PMS,PRC DELEGATED CO-COMMISSIONING,BROADWAY MEDICAL PRACTICE,24215814,62716.45
Department of Health,NHS Sunderland CCG,10/31/2018,C&M-GMS/PMS,PRC DELEGATED CO-COMMISSIONING,DEERNESS PARK MEDICAL GROUP,24238047,171330.88
Department of Health,NHS Sunderland CCG,10/31/2018,C&M-GMS/PMS,PRC DELEGATED CO-COMMISSIONING,DR BRIGHAM,24212972,66972.88
Department of Health,NHS Sunderland CCG,10/31/2018,C&M-GMS/PMS,PRC DELEGATED CO-COMMISSIONING,DR CLOAK & PARTNERS,24212977,105757.89
Department of Health,NHS Sunderland CCG,10/31/2018,C&M-GMS/PMS,PRC DELEGATED CO-COMMISSIONING,DR EL SAFY,24212975,28214.59
Department of Health,NHS Sunderland CCG,10/31/2018,C&M-GMS/PMS,PRC DELEGATED CO-COMMISSIONING,DR FORD & PARTNERS,24212981,89634.51
Department of Health,NHS Sunderland CCG,10/31/2018,C&M-GMS/PMS,PRC DELEGATED CO-COMMISSIONING,DR HUBBARD,24212979,71570.49
Department of Health,NHS Sunderland CCG,10/31/2018,C&M-GMS/PMS,PRC DELEGATED CO-COMMISSIONING,DR JOSHI & PARTNER SUNDERLAND,24216983,47834.98
Department of Health,NHS Sunderland CCG,10/31/2018,C&M-GMS/PMS,PRC DELEGATED CO-COMMISSIONING,DR LILLEY & PARTNERS,24216987,91175.50
Department of Health,NHS Sunderland CCG,10/31/2018,C&M-GMS/PMS,PRC DELEGATED CO-COMMISSIONING,DR MAZARELO & PARTNERS,24216985,56662.37
Department of Health,NHS Sunderland CCG,10/31/2018,C&M-GMS/PMS,PRC DELEGATED CO-COMMISSIONING,DR MISHREKI & PARTNERS,24216993,99588.43
Department of Health,NHS Sunderland CCG,10/31/2018,C&M-GMS/PMS,PRC DELEGATED CO-COMMISSIONING,DR PARRY & PARTNERS SUNDERLAND,24216989,58849.99
Department of Health,NHS Sunderland CCG,10/31/2018,C&M-GMS/PMS,PRC DELEGATED CO-COMMISSIONING,DR PATTISON & PARTNER,24216999,86694.19
Department of Health,NHS Sunderland CCG,10/31/2018,C&M-GMS/PMS,PRC DELEGATED CO-COMMISSIONING,DR RAY,24216995,83273.24
Department of Health,NHS Sunderland CCG,10/31/2018,C&M-GMS/PMS,PRC DELEGATED CO-COMMISSIONING,DR REDDY & PARTNERS,24216997,56929.34
Department of Health,NHS Sunderland CCG,10/31/2018,C&M-GMS/PMS,PRC DELEGATED CO-COMMISSIONING,DR SHARMA & PARTNERS SUNDERLAND,24217001,61145.30
Department of Health,NHS Sunderland CCG,10/31/2018,C&M-GMS/PMS,PRC DELEGATED CO-COMMISSIONING,DR SHETTY & PARTNER SUNDERLAND,24217003,70692.51
Department of Health,NHS Sunderland CCG,10/31/2018,C&M-GMS/PMS,PRC DELEGATED CO-COMMISSIONING,DR SPAGNOLI & PARTNERS,24217004,-72067.67
Department of Health,NHS Sunderland CCG,10/31/2018,C&M-GMS/PMS,PRC DELEGATED CO-COMMISSIONING,DR SPAGNOLI & PARTNERS,24217005,107980.00
Department of Health,NHS Sunderland CCG,10/31/2018,C&M-GMS/PMS,PRC DELEGATED CO-COMMISSIONING,DR STEPHENSON & PARTNERS,24217007,122180.45
Department of Health,NHS Sunderland CCG,10/31/2018,C&M-GMS/PMS,PRC DELEGATED CO-COMMISSIONING,DR WALLACE & PARTNERS,24217009,79324.35
Department of Health,NHS Sunderland CCG,10/31/2018,C&M-GMS/PMS,PRC DELEGATED CO-COMMISSIONING,DR WEATHERHEAD,24217011,43733.15
Department of Health,NHS Sunderland CCG,10/31/2018,C&M-GMS/PMS,PRC DELEGATED CO-COMMISSIONING,DR WIDDRINGTON & PARTNER,24217015,49485.26
Department of Health,NHS Sunderland CCG,10/31/2018,C&M-GMS/PMS,PRC DELEGATED CO-COMMISSIONING,DR WRIGHT & PARTNERS SUNDERLAND,24217017,151226.44
Department of Health,NHS Sunderland CCG,10/31/2018,C&M-GMS/PMS,PRC DELEGATED CO-COMMISSIONING,DRS MACKRELL & JOSEPH,24217013,35945.69
Department of Health,NHS Sunderland CCG,10/31/2018,C&M-GMS/PMS,PRC DELEGATED CO-COMMISSIONING,FULWELL MEDICAL CENTRE,24215818,97510.31
Department of Health,NHS Sunderland CCG,10/31/2018,C&M-GMS/PMS,PRC DELEGATED CO-COMMISSIONING,GALLERIES MEDICAL PRACTICE,24217040,93101.93
Department of Health,NHS Sunderland CCG,10/31/2018,C&M-GMS/PMS,PRC DELEGATED CO-COMMISSIONING,HAPPY HOUSE SURGERY,24217021,66897.32
Department of Health,NHS Sunderland CCG,10/31/2018,C&M-GMS/PMS,PRC DELEGATED CO-COMMISSIONING,HARRATON SURGERY,24217019,51543.62
Department of Health,NHS Sunderland CCG,10/31/2018,C&M-GMS/PMS,PRC DELEGATED CO-COMMISSIONING,HETTON GROUP PRACTICE,24217031,125956.72
Department of Health,NHS Sunderland CCG,10/31/2018,C&M-GMS/PMS,PRC DELEGATED CO-COMMISSIONING,HOUGHTON MEDICAL GROUP,24217023,82554.80
Department of Health,NHS Sunderland CCG,10/31/2018,C&M-GMS/PMS,PRC DELEGATED CO-COMMISSIONING,MONKWEARMOUTH HEALTH CENTRE,24217033,48990.04
Department of Health,NHS Sunderland CCG,10/31/2018,C&M-GMS/PMS,PRC DELEGATED CO-COMMISSIONING,NEW CITY MEDICAL PRACTICE,24217025,60800.35
Department of Health,NHS Sunderland CCG,10/31/2018,C&M-GMS/PMS,PRC DELEGATED CO-COMMISSIONING,NHS ENGLAND,24535842,48179.93
Department of Health,NHS Sunderland CCG,10/31/2018,C&M-GMS/PMS,PRC DELEGATED CO-COMMISSIONING,PALLION FAMILY PRACTICE,24217035,119756.90
Department of Health,NHS Sunderland CCG,10/31/2018,C&M-GMS/PMS,PRC DELEGATED CO-COMMISSIONING,PALLION HEALTH CENTRE,24217027,49334.66
Department of Health,NHS Sunderland CCG,10/31/2018,C&M-GMS/PMS,PRC DELEGATED CO-COMMISSIONING,RIVERVIEW HEALTH CENTRE,24217029,94698.76
Department of Health,NHS Sunderland CCG,10/31/2018,C&M-GMS/PMS,PRC DELEGATED CO-COMMISSIONING,SUNDERLAND GP ALLIANCE,24217038,107843.74
Department of Health,NHS Sunderland CCG,10/31/2018,C&M-GMS/PMS,PRC DELEGATED CO-COMMISSIONING,SUNDERLAND GP ALLIANCE,24217042,125832.22
Department of Health,NHS Sunderland CCG,10/31/2018,Charges from CSU,ADMINISTRATION & BUSINESS SUPPORT,NHS NORTH OF ENGLAND CSU,24283814,79167.00
Department of Health,NHS Sunderland CCG,10/31/2018,Charges from CSU,PRIMARY CARE IT,NHS NORTH OF ENGLAND CSU,24258520,60583.00
Department of Health,NHS Sunderland CCG,10/31/2018,Charges from CSU,LONG TERM CONDITIONS,NHS NORTH OF ENGLAND CSU,24469166,30391.50
Department of Health,NHS Sunderland CCG,10/31/2018,Apprenticeship Levy Payable,BALANCE SHEET,HMRC,24273993,376.00
Department of Health,NHS Sunderland CCG,10/31/2018,Income tax <1Yr,BALANCE SHEET,HMRC,24273993,55001.00
Department of Health,NHS Sunderland CCG,10/31/2018,Income tax <1Yr-Student Loans,BALANCE SHEET,HMRC,24273993,608.00
Department of Health,NHS Sunderland CCG,10/31/2018,National Insurance < 1 yr-NI- ERS,BALANCE SHEET,HMRC,24273993,34384.76
Department of Health,NHS Sunderland CCG,10/31/2018,National Insurance < 1 yr-NI-EES,BALANCE SHEET,HMRC,24273993,24502.60
Department of Health,NHS Sunderland CCG,10/31/2018,Statutory Mat Pay < 1 yr,BALANCE SHEET,HMRC,24273993,-534.28
Department of Health,NHS Sunderland CCG,10/31/2018,Computer Software/License,PRIMARY CARE IT,NHS NORTH OF ENGLAND CSU,24308744,411000.00
Department of Health,NHS Sunderland CCG,10/31/2018,Hcare Srv Rec Oth-NHS-Non Contract,COLLABORATIVE COMMISSIONING,NHS ENGLAND,24325958,85529.56
Department of Health,NHS Sunderland CCG,10/31/2018,Hcare Srv Rec Oth-NHS-Non Contract,COLLABORATIVE COMMISSIONING,NHS ENGLAND,24325961,25186.66
Department of Health,NHS Sunderland CCG,10/31/2018,Hcare Srv Rec Fdtn Trust-Non Contract,ACUTE COMMISSIONING,CITY HOSPITALS SUNDERLAND FOUNDATION NHS TRUST,24374853,-621018.00
Department of Health,NHS Sunderland CCG,10/31/2018,Hcare Srv Rec Fdtn Trust-Non Contract,COMMUNITY SERVICES,SOUTH TYNESIDE NHS FOUNDATION TRUST,24399437,62500.00
Department of Health,NHS Sunderland CCG,10/31/2018,Hcare Srv Rec Fdtn Trust-Non Contract,MENTAL HEALTH CONTRACTS,NORTHUMBERLAND TYNE AND WEAR NHS FOUNDATION TRUST,24535850,182000.00
Department of Health,NHS Sunderland CCG,10/31/2018,Hcare Srv Rec Fdtn Trust-Non Contract,NHS 111,NORTH EAST AMBULANCE SERVICES NHS TRUST,24399440,79665.75
Department of Health,NHS Sunderland CCG,10/31/2018,Hcare Srv Rec Fdtn Trust-Non Contract,COLLABORATIVE COMMISSIONING,NORTHUMBRIA HEALTHCARE NHS FOUNDATION TRUST,24526466,63795.00
Department of Health,NHS Sunderland CCG,10/31/2018,Hcare Srv Rec Fdtn Trust-Non Contract,LONG TERM CONDITIONS,SOUTH TYNESIDE NHS FOUNDATION TRUST,24508181,75000.00
Department of Health,NHS Sunderland CCG,10/31/2018,Soc Care-Mental health services,MENTAL HEALTH CONTRACTS,SUNDERLAND CITY COUNCIL,24419032,41666.58
Department of Health,NHS Sunderland CCG,10/31/2018,Soc Care-Mental health services,MENTAL HEALTH CONTRACTS,SUNDERLAND CITY COUNCIL,24508359,33125.00
Department of Health,NHS Sunderland CCG,10/31/2018,Hcare Srv Rec NHS CCG-Non Contract,COLLABORATIVE COMMISSIONING,NHS DARLINGTON CCG,24469161,26900.00
Department of Health,NHS Sunderland CCG,10/31/2018,Hcare Srv Rec NHS CCG-Non Contract,COLLABORATIVE COMMISSIONING,NHS HARTLEPOOL AND STOCKTON-ON-TEES CCG,24469164,26950.00
Department of Health,NHS Sunderland CCG,10/31/2018,Cont Care- Retrospective Claims,CHC ADULT FULLY FUNDED,REAL LIFE APPEALS LTD,24477376,35001.44
Department of Health,NHS Sunderland CCG,10/31/2018,Cont Care-Funded Nursing Care Allow,FUNDED NURSING CARE,SUNDERLAND CITY COUNCIL,24508359,201447.00
Department of Health,NHS Sunderland CCG,10/31/2018,Cont Care-Learning Disab(65+),CHC ADULT FULLY FUNDED,SUNDERLAND CITY COUNCIL,24508359,96538.00
Department of Health,NHS Sunderland CCG,10/31/2018,Cont Care-Physical Disab (65+),CHC ADULT FULLY FUNDED,SUNDERLAND CITY COUNCIL,24508359,1916667.00
Department of Health,NHS Sunderland CCG,10/31/2018,Soc Care-Learn Disab Servs,MENTAL HEALTH CONTRACTS,SUNDERLAND CITY COUNCIL,24508359,15114.00
Department of Health,NHS Sunderland CCG,10/31/2018,Soc Care-Other Soc Care,PROGRAMME PROJECTS,SUNDERLAND CITY COUNCIL,24508359,631814.00
