00P NHS Sunderland CCG Invoices over �25k -January 2019,,,,,,,
Department family,Entity,Date,Expense Type,Expense area,Supplier,Transaction number,AP Amount �
Department of Health,NHS Sunderland CCG,1/31/2019,Clinical&Medical-Independent Sector,ACUTE COMMISSIONING,SPIRE HEALTHCARE LTD,25391813,321876.00
Department of Health,NHS Sunderland CCG,1/31/2019,Clinical&Medical-Independent Sector,ACUTE COMMISSIONING,SPIRE HEALTHCARE LTD,25736645,-25937.19
Department of Health,NHS Sunderland CCG,1/31/2019,Clinical&Medical-Independent Sector,ACUTE COMMISSIONING,TYNESIDE SURGICAL SERVICES LTD,25736761,41308.86
Department of Health,NHS Sunderland CCG,1/31/2019,Clinical&Medical-Independent Sector,ACUTE COMMISSIONING,VOCARE LTD,25490670,87081.41
Department of Health,NHS Sunderland CCG,1/31/2019,Clinical&Medical-Independent Sector,ACUTE COMMISSIONING,VOCARE LTD,25490689,-69812.00
Department of Health,NHS Sunderland CCG,1/31/2019,Clinical&Medical-Independent Sector,ACUTE COMMISSIONING,VOCARE LTD,25511038,69812.00
Department of Health,NHS Sunderland CCG,1/31/2019,Clinical&Medical-Independent Sector,ACUTE COMMISSIONING,VOCARE LTD,25760883,238189.68
Department of Health,NHS Sunderland CCG,1/31/2019,Clinical&Medical-Independent Sector,MENTAL HEALTH CONTRACTS,SUNDERLAND COUNSELLING SERVICES,25567115,85919.49
Department of Health,NHS Sunderland CCG,1/31/2019,Clinical&Medical-Independent Sector,MENTAL HEALTH CONTRACTS,SUNDERLAND COUNSELLING SERVICES,25689906,42500.00
Department of Health,NHS Sunderland CCG,1/31/2019,Clinical&Medical-Independent Sector,OUT OF HOURS,VOCARE LTD,25511033,87081.41
Department of Health,NHS Sunderland CCG,1/31/2019,Clinical&Medical-Independent Sector,LONG TERM CONDITIONS,OUTCOMES BASED HEALTHCARE LTD,25247543,25316.78
Department of Health,NHS Sunderland CCG,1/31/2019,Clinical&Medical-Independent Sector,FINANCE,UNIVERSITY OF CUMBRIA,25476078,50000.00
Department of Health,NHS Sunderland CCG,1/31/2019,Clinical&Medical-Independent Sector,FINANCE,UNIVERSITY OF CUMBRIA,25494274,60000.00
Department of Health,NHS Sunderland CCG,1/31/2019,Clinical&Medical-Independent Sector,FINANCE,UNIVERSITY OF CUMBRIA,25494278,-60000.00
Department of Health,NHS Sunderland CCG,1/31/2019,Clinical&Medical-Independent Sector,PLANNED CARE,NORTH EAST PODIATRY LTD,25736630,31472.00
Department of Health,NHS Sunderland CCG,1/31/2019,Hcare Srv Rec Fdtn Trust-Non Contract,ACUTE COMMISSIONING,CITY HOSPITALS SUNDERLAND FOUNDATION NHS TRUST,25456757,400000.00
Department of Health,NHS Sunderland CCG,1/31/2019,Hcare Srv Rec Fdtn Trust-Non Contract,ACUTE COMMISSIONING,CITY HOSPITALS SUNDERLAND FOUNDATION NHS TRUST,25792726,231000.00
Department of Health,NHS Sunderland CCG,1/31/2019,Hcare Srv Rec Fdtn Trust-Non Contract,ACUTE COMMISSIONING,CITY HOSPITALS SUNDERLAND FOUNDATION NHS TRUST,25792727,300000.00
Department of Health,NHS Sunderland CCG,1/31/2019,Hcare Srv Rec Fdtn Trust-Non Contract,COMMUNITY SERVICES,SOUTH TYNESIDE NHS FOUNDATION TRUST,25391552,62500.00
Department of Health,NHS Sunderland CCG,1/31/2019,Hcare Srv Rec Fdtn Trust-Non Contract,LONG TERM CONDITIONS,SOUTH TYNESIDE NHS FOUNDATION TRUST,25679213,75000.00
Department of Health,NHS Sunderland CCG,1/31/2019,Hcare Srv Rec Fdtn Trust-Non Contract,COLLABORATIVE COMMISSIONING,CITY HOSPITALS SUNDERLAND FOUNDATION NHS TRUST,25402600,199000.00
Department of Health,NHS Sunderland CCG,1/31/2019,Hcare Srv Rec Fdtn Trust-Non Contract,COLLABORATIVE COMMISSIONING,CITY HOSPITALS SUNDERLAND FOUNDATION NHS TRUST,25775982,126200.00
Department of Health,NHS Sunderland CCG,1/31/2019,Hcare Srv Rec Fdtn Trust-Non Contract,COLLABORATIVE COMMISSIONING,CITY HOSPITALS SUNDERLAND FOUNDATION NHS TRUST,25793987,158540.00
Department of Health,NHS Sunderland CCG,1/31/2019,Hcare Srv Rec Fdtn Trust-Non Contract,COLLABORATIVE COMMISSIONING,GATESHEAD HEALTH NHS FOUNDATION TRUST,25777361,88500.00
Department of Health,NHS Sunderland CCG,1/31/2019,Hcare Srv Rec Fdtn Trust-Non Contract,COLLABORATIVE COMMISSIONING,NEWCASTLE UPON TYNE HOSPITALS NHS FOUNDATION TRUST,25795289,58000.00
Department of Health,NHS Sunderland CCG,1/31/2019,Hcare Srv Rec Fdtn Trust-Non Contract,COLLABORATIVE COMMISSIONING,NEWCASTLE UPON TYNE HOSPITALS NHS FOUNDATION TRUST,25795292,52000.00
Department of Health,NHS Sunderland CCG,1/31/2019,Hcare Srv Rec Fdtn Trust-Non Contract,COLLABORATIVE COMMISSIONING,NORTH CUMBRIA UNIVERSITY HOSPITALS NHS TRUST,25777360,85000.00
Department of Health,NHS Sunderland CCG,1/31/2019,Hcare Srv Rec Fdtn Trust-Non Contract,COLLABORATIVE COMMISSIONING,NORTHUMBRIA HEALTHCARE NHS FOUNDATION TRUST,25402601,38277.00
Department of Health,NHS Sunderland CCG,1/31/2019,Hcare Srv Rec Fdtn Trust-Non Contract,COLLABORATIVE COMMISSIONING,NORTHUMBRIA HEALTHCARE NHS FOUNDATION TRUST,25531420,-45124.00
Department of Health,NHS Sunderland CCG,1/31/2019,Hcare Srv Rec Fdtn Trust-Non Contract,COLLABORATIVE COMMISSIONING,SOUTH TEES HOSPITALS NHS FOUNDATION TRUST,25796840,159000.00
Department of Health,NHS Sunderland CCG,1/31/2019,Hcare Srv Rec Fdtn Trust-Non Contract,WINTER PRESSURES,CITY HOSPITALS SUNDERLAND FOUNDATION NHS TRUST,25691018,226795.00
Department of Health,NHS Sunderland CCG,1/31/2019,Charges from CSU,ACUTE COMMISSIONING,NHS NORTH OF ENGLAND CSU,25393238,34381.00
Department of Health,NHS Sunderland CCG,1/31/2019,Charges from CSU,ACUTE COMMISSIONING,NHS NORTH OF ENGLAND CSU,25467633,57431.29
Department of Health,NHS Sunderland CCG,1/31/2019,Charges from CSU,ACUTE COMMISSIONING,NHS NORTH OF ENGLAND CSU,25584542,39787.00
Department of Health,NHS Sunderland CCG,1/31/2019,Charges from CSU,ACUTE COMMISSIONING,NHS NORTH OF ENGLAND CSU,25584669,-40735.31
Department of Health,NHS Sunderland CCG,1/31/2019,Charges from CSU,ADMINISTRATION & BUSINESS SUPPORT,NHS NORTH OF ENGLAND CSU,25567075,79167.00
Department of Health,NHS Sunderland CCG,1/31/2019,Charges from CSU,PRIMARY CARE IT,JAYEX TECHNOLOGY LTD,25778986,90044.70
Department of Health,NHS Sunderland CCG,1/31/2019,Charges from CSU,PRIMARY CARE IT,NHS NORTH OF ENGLAND CSU,25531424,60583.00
Department of Health,NHS Sunderland CCG,1/31/2019,Charges from CSU,PRIMARY CARE IT,NHS NORTH OF ENGLAND CSU,25714334,690459.00
Department of Health,NHS Sunderland CCG,1/31/2019,Charges from CSU,LONG TERM CONDITIONS,NHS NORTH OF ENGLAND CSU,25685179,30391.50
Department of Health,NHS Sunderland CCG,1/31/2019,Charges from CSU,Winter Resilience,NHS NORTH OF ENGLAND CSU,25393239,106832.00
Department of Health,NHS Sunderland CCG,1/31/2019,Hcare Srv Rec Fdtn Trust-Contract Baseline,ACUTE COMMISSIONING,CITY HOSPITALS SUNDERLAND FOUNDATION NHS TRUST,25777365,14558927.00
Department of Health,NHS Sunderland CCG,1/31/2019,Hcare Srv Rec Fdtn Trust-Contract Baseline,ACUTE COMMISSIONING,COUNTY DURHAM AND DARLINGTON NHS FOUNDATION TRUST,25567443,450840.00
Department of Health,NHS Sunderland CCG,1/31/2019,Hcare Srv Rec Fdtn Trust-Contract Baseline,ACUTE COMMISSIONING,COUNTY DURHAM AND DARLINGTON NHS FOUNDATION TRUST,25777362,450840.00
Department of Health,NHS Sunderland CCG,1/31/2019,Hcare Srv Rec Fdtn Trust-Contract Baseline,ACUTE COMMISSIONING,GATESHEAD HEALTH NHS FOUNDATION TRUST,25638227,72540.00
Department of Health,NHS Sunderland CCG,1/31/2019,Hcare Srv Rec Fdtn Trust-Contract Baseline,ACUTE COMMISSIONING,GATESHEAD HEALTH NHS FOUNDATION TRUST,25638228,1532868.00
Department of Health,NHS Sunderland CCG,1/31/2019,Hcare Srv Rec Fdtn Trust-Contract Baseline,ACUTE COMMISSIONING,NEWCASTLE UPON TYNE HOSPITALS NHS FOUNDATION TRUST,25495589,764883.58
Department of Health,NHS Sunderland CCG,1/31/2019,Hcare Srv Rec Fdtn Trust-Contract Baseline,ACUTE COMMISSIONING,NORTHUMBERLAND TYNE AND WEAR NHS FOUNDATION TRUST,25393241,48720.00
Department of Health,NHS Sunderland CCG,1/31/2019,Hcare Srv Rec Fdtn Trust-Contract Baseline,ACUTE COMMISSIONING,NORTHUMBRIA HEALTHCARE NHS FOUNDATION TRUST,25467744,26667.00
Department of Health,NHS Sunderland CCG,1/31/2019,Hcare Srv Rec Fdtn Trust-Contract Baseline,ACUTE COMMISSIONING,SOUTH TEES HOSPITALS NHS FOUNDATION TRUST,25736639,45425.00
Department of Health,NHS Sunderland CCG,1/31/2019,Hcare Srv Rec Fdtn Trust-Contract Baseline,ACUTE COMMISSIONING,SOUTH TYNESIDE NHS FOUNDATION TRUST,25777371,125406.00
Department of Health,NHS Sunderland CCG,1/31/2019,Hcare Srv Rec Fdtn Trust-Contract Baseline,AMBULANCE SERVICES,NORTH EAST AMBULANCE SERVICES NHS TRUST,25621457,952552.00
Department of Health,NHS Sunderland CCG,1/31/2019,Hcare Srv Rec Fdtn Trust-Contract Baseline,COMMUNITY SERVICES,SOUTH TYNESIDE NHS FOUNDATION TRUST,25415889,76695.00
Department of Health,NHS Sunderland CCG,1/31/2019,Hcare Srv Rec Fdtn Trust-Contract Baseline,COMMUNITY SERVICES,SOUTH TYNESIDE NHS FOUNDATION TRUST,25777367,76695.00
Department of Health,NHS Sunderland CCG,1/31/2019,Hcare Srv Rec Fdtn Trust-Contract Baseline,COMMUNITY SERVICES,SOUTH TYNESIDE NHS FOUNDATION TRUST,25777372,2165534.00
Department of Health,NHS Sunderland CCG,1/31/2019,Hcare Srv Rec Fdtn Trust-Contract Baseline,COMMUNITY SERVICES,SOUTH TYNESIDE NHS FOUNDATION TRUST,25777373,147755.00
Department of Health,NHS Sunderland CCG,1/31/2019,Hcare Srv Rec Fdtn Trust-Contract Baseline,MENTAL HEALTH CONTRACTS,NORTHUMBERLAND TYNE AND WEAR NHS FOUNDATION TRUST,25393240,4071476.00
Department of Health,NHS Sunderland CCG,1/31/2019,Hcare Srv Rec Fdtn Trust-Contract Baseline,NHS 111,NORTH EAST AMBULANCE SERVICES NHS TRUST,25750898,79665.75
Department of Health,NHS Sunderland CCG,1/31/2019,Clinical&Medical-Othe Public Sector,COMMUNITY SERVICES,SUNDERLAND CITY COUNCIL,25402393,6333.00
Department of Health,NHS Sunderland CCG,1/31/2019,Clinical&Medical-Othe Public Sector,COMMUNITY SERVICES,SUNDERLAND CITY COUNCIL,25792728,89666.00
Department of Health,NHS Sunderland CCG,1/31/2019,Clinical&Medical-Othe Public Sector,CONTINUING HEALTHCARE ASSESSMENT & SUPPORT,SUNDERLAND CITY COUNCIL,25402393,47228.00
Department of Health,NHS Sunderland CCG,1/31/2019,Clinical&Medical-Othe Public Sector,CONTINUING HEALTHCARE ASSESSMENT & SUPPORT,SUNDERLAND CITY COUNCIL,25792728,47228.00
Department of Health,NHS Sunderland CCG,1/31/2019,Clinical&Medical-Othe Public Sector,MENTAL HEALTH CONTRACTS,SUNDERLAND CITY COUNCIL,25402393,12500.00
Department of Health,NHS Sunderland CCG,1/31/2019,Clinical&Medical-Othe Public Sector,MENTAL HEALTH CONTRACTS,SUNDERLAND CITY COUNCIL,25792728,12500.00
Department of Health,NHS Sunderland CCG,1/31/2019,Clinical&Medical-Othe Public Sector,REABLEMENT,SUNDERLAND CITY COUNCIL,25402393,17208.00
Department of Health,NHS Sunderland CCG,1/31/2019,Clinical&Medical-Othe Public Sector,REABLEMENT,SUNDERLAND CITY COUNCIL,25792728,17208.00
Department of Health,NHS Sunderland CCG,1/31/2019,Clinical&Medical-Othe Public Sector,SAFEGUARDING,SUNDERLAND CITY COUNCIL,25402393,12277.00
Department of Health,NHS Sunderland CCG,1/31/2019,Clinical&Medical-Othe Public Sector,SAFEGUARDING,SUNDERLAND CITY COUNCIL,25792728,12277.00
Department of Health,NHS Sunderland CCG,1/31/2019,Clinical&Medical-Othe Public Sector,INTERMEDIATE CARE,SUNDERLAND CITY COUNCIL,25402393,5044.00
Department of Health,NHS Sunderland CCG,1/31/2019,Clinical&Medical-Othe Public Sector,INTERMEDIATE CARE,SUNDERLAND CITY COUNCIL,25410620,155655.83
Department of Health,NHS Sunderland CCG,1/31/2019,Clinical&Medical-Othe Public Sector,INTERMEDIATE CARE,SUNDERLAND CITY COUNCIL,25410626,56694.42
Department of Health,NHS Sunderland CCG,1/31/2019,Clinical&Medical-Othe Public Sector,INTERMEDIATE CARE,SUNDERLAND CITY COUNCIL,25660552,155655.83
Department of Health,NHS Sunderland CCG,1/31/2019,Clinical&Medical-Othe Public Sector,INTERMEDIATE CARE,SUNDERLAND CITY COUNCIL,25689854,56694.42
Department of Health,NHS Sunderland CCG,1/31/2019,Clinical&Medical-Othe Public Sector,INTERMEDIATE CARE,SUNDERLAND CITY COUNCIL,25792728,5044.00
Department of Health,NHS Sunderland CCG,1/31/2019,Clinical&Medical-Othe Public Sector,CARERS,SUNDERLAND CITY COUNCIL,25402393,75083.00
Department of Health,NHS Sunderland CCG,1/31/2019,Clinical&Medical-Othe Public Sector,CARERS,SUNDERLAND CITY COUNCIL,25792728,75083.00
Department of Health,NHS Sunderland CCG,1/31/2019,Clinical&Medical-Othe Public Sector,Learning Difficulties - S117,SUNDERLAND CITY COUNCIL,25402393,304987.00
Department of Health,NHS Sunderland CCG,1/31/2019,Clinical&Medical-Othe Public Sector,Learning Difficulties - S117,SUNDERLAND CITY COUNCIL,25792728,304987.00
Department of Health,NHS Sunderland CCG,1/31/2019,Clinical&Medical-Othe Public Sector,Mental Health Services - S117 Mental Health,SUNDERLAND CITY COUNCIL,25402393,335088.00
Department of Health,NHS Sunderland CCG,1/31/2019,Clinical&Medical-Othe Public Sector,Mental Health Services - S117 Mental Health,SUNDERLAND CITY COUNCIL,25792728,335088.00
Department of Health,NHS Sunderland CCG,1/31/2019,Clinical&Medical-Othe Public Sector,WHEELCHAIR SERVICE,SUNDERLAND CITY COUNCIL,25402393,137668.00
Department of Health,NHS Sunderland CCG,1/31/2019,Clinical&Medical-Othe Public Sector,WHEELCHAIR SERVICE,SUNDERLAND CITY COUNCIL,25792728,137668.00
Department of Health,NHS Sunderland CCG,1/31/2019,Clinical&Medical-Othe Public Sector,COLLABORATIVE COMMISSIONING,DURHAM COUNTY COUNCIL,25531422,37714.00
Department of Health,NHS Sunderland CCG,1/31/2019,Clinical&Medical-Othe Public Sector,WINTER PRESSURES,SUNDERLAND CITY COUNCIL,25511048,39691.50
Department of Health,NHS Sunderland CCG,1/31/2019,Clinical&Medical-Othe Public Sector,WINTER PRESSURES,SUNDERLAND CITY COUNCIL,25511051,35000.00
Department of Health,NHS Sunderland CCG,1/31/2019,Cont Care-Funded Nursing Care Allow,FUNDED NURSING CARE,SUNDERLAND CITY COUNCIL,25402393,201447.00
Department of Health,NHS Sunderland CCG,1/31/2019,Cont Care-Funded Nursing Care Allow,FUNDED NURSING CARE,SUNDERLAND CITY COUNCIL,25792728,201447.00
Department of Health,NHS Sunderland CCG,1/31/2019,Cont Care-Learning Disab(65+),CHC ADULT FULLY FUNDED,SUNDERLAND CITY COUNCIL,25402393,96538.00
Department of Health,NHS Sunderland CCG,1/31/2019,Cont Care-Learning Disab(65+),CHC ADULT FULLY FUNDED,SUNDERLAND CITY COUNCIL,25792728,96538.00
Department of Health,NHS Sunderland CCG,1/31/2019,Cont Care-Physical Disab (65+),CHC ADULT FULLY FUNDED,SUNDERLAND CITY COUNCIL,25402393,1916667.00
Department of Health,NHS Sunderland CCG,1/31/2019,Cont Care-Physical Disab (65+),CHC ADULT FULLY FUNDED,SUNDERLAND CITY COUNCIL,25792728,1916667.00
Department of Health,NHS Sunderland CCG,1/31/2019,Soc Care-Learn Disab Servs,MENTAL HEALTH CONTRACTS,SUNDERLAND CITY COUNCIL,25402393,15114.00
Department of Health,NHS Sunderland CCG,1/31/2019,Soc Care-Learn Disab Servs,MENTAL HEALTH CONTRACTS,SUNDERLAND CITY COUNCIL,25792728,15114.00
Department of Health,NHS Sunderland CCG,1/31/2019,Soc Care-Mental health services,MENTAL HEALTH CONTRACTS,SUNDERLAND CITY COUNCIL,25402393,33125.00
Department of Health,NHS Sunderland CCG,1/31/2019,Soc Care-Mental health services,MENTAL HEALTH CONTRACTS,SUNDERLAND CITY COUNCIL,25410624,41666.58
Department of Health,NHS Sunderland CCG,1/31/2019,Soc Care-Mental health services,MENTAL HEALTH CONTRACTS,SUNDERLAND CITY COUNCIL,25554406,41666.58
Department of Health,NHS Sunderland CCG,1/31/2019,Soc Care-Mental health services,MENTAL HEALTH CONTRACTS,SUNDERLAND CITY COUNCIL,25792728,33125.00
Department of Health,NHS Sunderland CCG,1/31/2019,Soc Care-Other Soc Care,PROGRAMME PROJECTS,SUNDERLAND CITY COUNCIL,25402393,631814.00
Department of Health,NHS Sunderland CCG,1/31/2019,Soc Care-Other Soc Care,PROGRAMME PROJECTS,SUNDERLAND CITY COUNCIL,25792728,631814.00
Department of Health,NHS Sunderland CCG,1/31/2019,Hcare Srv Rec NHS CCG-Non Contract,Mental Health Services - S117 Mental Health,NHS DARLINGTON CCG,25410583,30551.00
Department of Health,NHS Sunderland CCG,1/31/2019,Hcare Srv Rec NHS CCG-Non Contract,Mental Health Services - S117 Mental Health,NHS HARTLEPOOL AND STOCKTON-ON-TEES CCG,25410628,255441.00
Department of Health,NHS Sunderland CCG,1/31/2019,Hcare Srv Rec NHS CCG-Non Contract,COLLABORATIVE COMMISSIONING,"NHS HAMBLETON, RICHMONDSHIRE AND WHITBY CCG",25778026,50627.00
Department of Health,NHS Sunderland CCG,1/31/2019,Clinical&Medical-Clinical Other,LOCAL ENHANCED SERVICES,SUNDERLAND GP ALLIANCE,25472794,26956.92
Department of Health,NHS Sunderland CCG,1/31/2019,Clinical&Medical-Clinical Other,PRESCRIBING,NORTH WEST OSTOMY SUPPLIES,25761493,54269.31
Department of Health,NHS Sunderland CCG,1/31/2019,Clinical&Medical-Clinical Other,PRIMARY CARE IT,INSIGHT DIRECT (UK) LTD,25584614,84231.00
Department of Health,NHS Sunderland CCG,1/31/2019,Clinical&Medical-Clinical Other,WINTER PRESSURES,ROSEBERRY CARE CENTRES,25789207,29584.29
Department of Health,NHS Sunderland CCG,1/31/2019,Clinical&Medical-Clinical Other,WINTER PRESSURES,ROSEBERRY CARE CENTRES GB LTD TA STEPHENSON COURT,25511013,28053.00
Department of Health,NHS Sunderland CCG,1/31/2019,C&M-GMS/PMS,PRC DELEGATED CO-COMMISSIONING,BROADWAY MEDICAL PRACTICE,25485769,59095.74
Department of Health,NHS Sunderland CCG,1/31/2019,C&M-GMS/PMS,PRC DELEGATED CO-COMMISSIONING,DEERNESS PARK MEDICAL GROUP,25481944,198895.54
Department of Health,NHS Sunderland CCG,1/31/2019,C&M-GMS/PMS,PRC DELEGATED CO-COMMISSIONING,DR BRIGHAM,25481946,63754.49
Department of Health,NHS Sunderland CCG,1/31/2019,C&M-GMS/PMS,PRC DELEGATED CO-COMMISSIONING,DR CLOAK & PARTNERS,25481952,100078.82
Department of Health,NHS Sunderland CCG,1/31/2019,C&M-GMS/PMS,PRC DELEGATED CO-COMMISSIONING,DR EL SAFY,25481950,26866.76
Department of Health,NHS Sunderland CCG,1/31/2019,C&M-GMS/PMS,PRC DELEGATED CO-COMMISSIONING,DR FORD & PARTNERS,25481956,85577.49
Department of Health,NHS Sunderland CCG,1/31/2019,C&M-GMS/PMS,PRC DELEGATED CO-COMMISSIONING,DR HUBBARD,25481954,66216.74
Department of Health,NHS Sunderland CCG,1/31/2019,C&M-GMS/PMS,PRC DELEGATED CO-COMMISSIONING,DR JOSHI & PARTNER SUNDERLAND,25481958,45562.73
Department of Health,NHS Sunderland CCG,1/31/2019,C&M-GMS/PMS,PRC DELEGATED CO-COMMISSIONING,DR LILLEY & PARTNERS,25481962,87786.43
Department of Health,NHS Sunderland CCG,1/31/2019,C&M-GMS/PMS,PRC DELEGATED CO-COMMISSIONING,DR MAZARELO & PARTNERS,25481960,53543.41
Department of Health,NHS Sunderland CCG,1/31/2019,C&M-GMS/PMS,PRC DELEGATED CO-COMMISSIONING,DR MISHREKI & PARTNERS,25481968,94844.14
Department of Health,NHS Sunderland CCG,1/31/2019,C&M-GMS/PMS,PRC DELEGATED CO-COMMISSIONING,DR PARRY & PARTNERS SUNDERLAND,25481964,56100.87
Department of Health,NHS Sunderland CCG,1/31/2019,C&M-GMS/PMS,PRC DELEGATED CO-COMMISSIONING,DR PATTISON & PARTNER,25481974,79416.47
Department of Health,NHS Sunderland CCG,1/31/2019,C&M-GMS/PMS,PRC DELEGATED CO-COMMISSIONING,DR RAY,25481970,76793.40
Department of Health,NHS Sunderland CCG,1/31/2019,C&M-GMS/PMS,PRC DELEGATED CO-COMMISSIONING,DR REDDY & PARTNERS,25481972,54317.75
Department of Health,NHS Sunderland CCG,1/31/2019,C&M-GMS/PMS,PRC DELEGATED CO-COMMISSIONING,DR SHARMA & PARTNERS SUNDERLAND,25481976,58010.58
Department of Health,NHS Sunderland CCG,1/31/2019,C&M-GMS/PMS,PRC DELEGATED CO-COMMISSIONING,DR SHETTY & PARTNER SUNDERLAND,25481978,67103.10
Department of Health,NHS Sunderland CCG,1/31/2019,C&M-GMS/PMS,PRC DELEGATED CO-COMMISSIONING,DR SPAGNOLI & PARTNERS,25481980,97340.74
Department of Health,NHS Sunderland CCG,1/31/2019,C&M-GMS/PMS,PRC DELEGATED CO-COMMISSIONING,DR STEPHENSON & PARTNERS,25481982,115336.90
Department of Health,NHS Sunderland CCG,1/31/2019,C&M-GMS/PMS,PRC DELEGATED CO-COMMISSIONING,DR WALLACE & PARTNERS,25482984,75468.57
Department of Health,NHS Sunderland CCG,1/31/2019,C&M-GMS/PMS,PRC DELEGATED CO-COMMISSIONING,DR WEATHERHEAD,25482986,45205.71
Department of Health,NHS Sunderland CCG,1/31/2019,C&M-GMS/PMS,PRC DELEGATED CO-COMMISSIONING,DR WIDDRINGTON & PARTNER,25482990,47074.15
Department of Health,NHS Sunderland CCG,1/31/2019,C&M-GMS/PMS,PRC DELEGATED CO-COMMISSIONING,DR WRIGHT & PARTNERS SUNDERLAND,25482991,-28953.53
Department of Health,NHS Sunderland CCG,1/31/2019,C&M-GMS/PMS,PRC DELEGATED CO-COMMISSIONING,DR WRIGHT & PARTNERS SUNDERLAND,25482992,138492.63
Department of Health,NHS Sunderland CCG,1/31/2019,C&M-GMS/PMS,PRC DELEGATED CO-COMMISSIONING,DRS MACKRELL & JOSEPH,25482988,33370.94
Department of Health,NHS Sunderland CCG,1/31/2019,C&M-GMS/PMS,PRC DELEGATED CO-COMMISSIONING,FULWELL MEDICAL CENTRE,25485771,91129.21
Department of Health,NHS Sunderland CCG,1/31/2019,C&M-GMS/PMS,PRC DELEGATED CO-COMMISSIONING,GALLERIES MEDICAL PRACTICE,25483016,88047.48
Department of Health,NHS Sunderland CCG,1/31/2019,C&M-GMS/PMS,PRC DELEGATED CO-COMMISSIONING,HAPPY HOUSE SURGERY,25482996,63750.14
Department of Health,NHS Sunderland CCG,1/31/2019,C&M-GMS/PMS,PRC DELEGATED CO-COMMISSIONING,HARRATON SURGERY,25482994,51377.33
Department of Health,NHS Sunderland CCG,1/31/2019,C&M-GMS/PMS,PRC DELEGATED CO-COMMISSIONING,HETTON GROUP PRACTICE,25483006,118835.90
Department of Health,NHS Sunderland CCG,1/31/2019,C&M-GMS/PMS,PRC DELEGATED CO-COMMISSIONING,HOUGHTON MEDICAL GROUP,25482998,77748.35
Department of Health,NHS Sunderland CCG,1/31/2019,C&M-GMS/PMS,PRC DELEGATED CO-COMMISSIONING,MONKWEARMOUTH HEALTH CENTRE,25483008,45879.27
Department of Health,NHS Sunderland CCG,1/31/2019,C&M-GMS/PMS,PRC DELEGATED CO-COMMISSIONING,NEW CITY MEDICAL PRACTICE,25483000,63105.19
Department of Health,NHS Sunderland CCG,1/31/2019,C&M-GMS/PMS,PRC DELEGATED CO-COMMISSIONING,PALLION FAMILY PRACTICE,25483010,108355.57
Department of Health,NHS Sunderland CCG,1/31/2019,C&M-GMS/PMS,PRC DELEGATED CO-COMMISSIONING,PALLION HEALTH CENTRE,25483002,46844.31
Department of Health,NHS Sunderland CCG,1/31/2019,C&M-GMS/PMS,PRC DELEGATED CO-COMMISSIONING,RIVERVIEW HEALTH CENTRE,25483004,58421.56
Department of Health,NHS Sunderland CCG,1/31/2019,C&M-GMS/PMS,PRC DELEGATED CO-COMMISSIONING,SUNDERLAND GP ALLIANCE,25483014,104580.80
Department of Health,NHS Sunderland CCG,1/31/2019,C&M-GMS/PMS,PRC DELEGATED CO-COMMISSIONING,SUNDERLAND GP ALLIANCE,25483018,98682.75
Department of Health,NHS Sunderland CCG,1/31/2019,Apprenticeship Levy Payable,BALANCE SHEET,HMRC,25507993,582.00
Department of Health,NHS Sunderland CCG,1/31/2019,Income tax <1Yr,BALANCE SHEET,HMRC,25507993,60770.52
Department of Health,NHS Sunderland CCG,1/31/2019,Income tax <1Yr-Student Loans,BALANCE SHEET,HMRC,25507993,767.00
Department of Health,NHS Sunderland CCG,1/31/2019,National Insurance < 1 yr-NI- ERS,BALANCE SHEET,HMRC,25507993,38330.18
Department of Health,NHS Sunderland CCG,1/31/2019,National Insurance < 1 yr-NI-EES,BALANCE SHEET,HMRC,25507993,27917.96
Department of Health,NHS Sunderland CCG,1/31/2019,Clinical&Medical-Voluntary Sector,COLLABORATIVE COMMISSIONING,CUMBRIA CVS - EDEN,25685892,25000.00
Department of Health,NHS Sunderland CCG,1/31/2019,Clinical&Medical-Voluntary Sector,MENTAL HEALTH SERVICES - OTHER,SUNDERLAND MIND,25567438,32055.00
Department of Health,NHS Sunderland CCG,1/31/2019,Clinical&Medical-Voluntary Sector,MENTAL HEALTH SERVICES - OTHER,WASHINGTON MIND,25793989,46915.16
Department of Health,NHS Sunderland CCG,1/31/2019,Low Value Invoices,LOCAL ENHANCED SERVICES,SHARP,25584554,45000.00
