00P NHS Sunderland CCG Invoices over �25k - May 2018,,,,,,,
Department family,Entity,Date,Expense Type,Expense area,Supplier,Transaction number,AP Amount �
Department of Health,NHS Sunderland CCG,5/31/2018,Clinical&Medical-Independent Sector,ACUTE COMMISSIONING,NORTHERN DOCTORS URGENT CARE,22279764,244144.49
Department of Health,NHS Sunderland CCG,5/31/2018,Clinical&Medical-Independent Sector,ACUTE COMMISSIONING,SPIRE HEALTHCARE LTD,21992131,-121304.76
Department of Health,NHS Sunderland CCG,5/31/2018,Clinical&Medical-Independent Sector,ACUTE COMMISSIONING,SPIRE HEALTHCARE LTD,22060023,3862520.00
Department of Health,NHS Sunderland CCG,5/31/2018,Clinical&Medical-Independent Sector,ACUTE COMMISSIONING,SPIRE HEALTHCARE LTD,22060024,-3862520.00
Department of Health,NHS Sunderland CCG,5/31/2018,Clinical&Medical-Independent Sector,ACUTE COMMISSIONING,SPIRE HEALTHCARE LTD,22060026,321876.00
Department of Health,NHS Sunderland CCG,5/31/2018,Clinical&Medical-Independent Sector,ACUTE COMMISSIONING,SPIRE HEALTHCARE LTD,22428495,-65655.48
Department of Health,NHS Sunderland CCG,5/31/2018,Clinical&Medical-Independent Sector,MENTAL HEALTH CONTRACTS,SUNDERLAND COUNSELLING SERVICES,21775689,85833.67
Department of Health,NHS Sunderland CCG,5/31/2018,Clinical&Medical-Independent Sector,MENTAL HEALTH CONTRACTS,SUNDERLAND COUNSELLING SERVICES,22192226,85833.67
Department of Health,NHS Sunderland CCG,5/31/2018,Clinical&Medical-Independent Sector,OUT OF HOURS,NORTHERN DOCTORS URGENT CARE,22279766,148938.16
Department of Health,NHS Sunderland CCG,5/31/2018,Clinical&Medical-Independent Sector,PLANNED CARE,DEERNESS PARK MEDICAL GROUP,22180739,40763.47
Department of Health,NHS Sunderland CCG,5/31/2018,Clinical&Medical-Independent Sector,PLANNED CARE,NORTH EAST PODIATRY LTD,22449825,33161.94
Department of Health,NHS Sunderland CCG,5/31/2018,Clinical&Medical-Independent Sector,PLANNED CARE,SPECSAVERS HEARCARE LTD,21992190,60613.00
Department of Health,NHS Sunderland CCG,5/31/2018,Clinical&Medical-Independent Sector,PLANNED CARE,SPECSAVERS HEARCARE LTD,22428509,60755.00
Department of Health,NHS Sunderland CCG,5/31/2018,Other Gen Supplies & Srv,PCTF Revenue,NHS NORTH OF ENGLAND CSU,21972413,113078.00
Department of Health,NHS Sunderland CCG,5/31/2018,Other Gen Supplies & Srv,RECHARGES NHS PROPERTY SERVICES LTD,NHS PROPERTY SERVICES LTD,22170786,33310.00
Department of Health,NHS Sunderland CCG,5/31/2018,Other Gen Supplies & Srv,RECHARGES NHS PROPERTY SERVICES LTD,NHS PROPERTY SERVICES LTD,22170788,41640.00
Department of Health,NHS Sunderland CCG,5/31/2018,Other Gen Supplies & Srv,RECHARGES NHS PROPERTY SERVICES LTD,NHS PROPERTY SERVICES LTD,22170789,35524.00
Department of Health,NHS Sunderland CCG,5/31/2018,Hcare Srv Rec Fdtn Trust-Non Contract,COMMUNITY SERVICES,SOUTH TYNESIDE NHS FOUNDATION TRUST,22438813,446000.00
Department of Health,NHS Sunderland CCG,5/31/2018,Hcare Srv Rec Fdtn Trust-Non Contract,MENTAL HEALTH CONTRACTS,NORTHUMBERLAND TYNE AND WEAR NHS FOUNDATION TRUST,21992073,-187704.50
Department of Health,NHS Sunderland CCG,5/31/2018,Hcare Srv Rec Fdtn Trust-Non Contract,MENTAL HEALTH CONTRACTS,NORTHUMBERLAND TYNE AND WEAR NHS FOUNDATION TRUST,22156669,147558.00
Department of Health,NHS Sunderland CCG,5/31/2018,Hcare Srv Rec Fdtn Trust-Non Contract,MENTAL HEALTH CONTRACTS,NORTHUMBERLAND TYNE AND WEAR NHS FOUNDATION TRUST,22156681,-147558.00
Department of Health,NHS Sunderland CCG,5/31/2018,Hcare Srv Rec Fdtn Trust-Non Contract,MENTAL HEALTH CONTRACTS,NORTHUMBERLAND TYNE AND WEAR NHS FOUNDATION TRUST,22354925,400000.00
Department of Health,NHS Sunderland CCG,5/31/2018,Hcare Srv Rec Fdtn Trust-Non Contract,COLLABORATIVE COMMISSIONING,SOUTH TEES HOSPITALS NHS FOUNDATION TRUST,22386230,31500.00
Department of Health,NHS Sunderland CCG,5/31/2018,Clinical&Medical-Othe Public Sector,INTERMEDIATE CARE,SUNDERLAND CITY COUNCIL,22056821,155655.83
Department of Health,NHS Sunderland CCG,5/31/2018,Clinical&Medical-Othe Public Sector,INTERMEDIATE CARE,SUNDERLAND CITY COUNCIL,22137629,56694.42
Department of Health,NHS Sunderland CCG,5/31/2018,Clinical&Medical-Othe Public Sector,INTERMEDIATE CARE,SUNDERLAND CITY COUNCIL,22443998,155655.83
Department of Health,NHS Sunderland CCG,5/31/2018,Clinical&Medical-Othe Public Sector,INTERMEDIATE CARE,SUNDERLAND CITY COUNCIL,22444001,56694.42
Department of Health,NHS Sunderland CCG,5/31/2018,Clinical&Medical-Othe Public Sector,LONG TERM CONDITIONS,SUNDERLAND CITY COUNCIL,21992197,459000.00
Department of Health,NHS Sunderland CCG,5/31/2018,Clinical&Medical-Othe Public Sector,LONG TERM CONDITIONS,SUNDERLAND CITY COUNCIL,22438815,50000.00
Department of Health,NHS Sunderland CCG,5/31/2018,Hcare Srv Rec Fdtn Trust-Contract Baseline,ACUTE COMMISSIONING,CITY HOSPITALS SUNDERLAND FOUNDATION NHS TRUST,22433011,14558927.00
Department of Health,NHS Sunderland CCG,5/31/2018,Hcare Srv Rec Fdtn Trust-Contract Baseline,ACUTE COMMISSIONING,COUNTY DURHAM AND DARLINGTON NHS FOUNDATION TRUST,22384325,635216.00
Department of Health,NHS Sunderland CCG,5/31/2018,Hcare Srv Rec Fdtn Trust-Contract Baseline,ACUTE COMMISSIONING,GATESHEAD HEALTH NHS FOUNDATION TRUST,22121536,1553076.00
Department of Health,NHS Sunderland CCG,5/31/2018,Hcare Srv Rec Fdtn Trust-Contract Baseline,ACUTE COMMISSIONING,NEWCASTLE UPON TYNE HOSPITALS NHS FOUNDATION TRUST,22098466,895916.66
Department of Health,NHS Sunderland CCG,5/31/2018,Hcare Srv Rec Fdtn Trust-Contract Baseline,ACUTE COMMISSIONING,NORTHUMBERLAND TYNE AND WEAR NHS FOUNDATION TRUST,22121538,57959.00
Department of Health,NHS Sunderland CCG,5/31/2018,Hcare Srv Rec Fdtn Trust-Contract Baseline,ACUTE COMMISSIONING,NORTHUMBRIA HEALTHCARE NHS FOUNDATION TRUST,22088796,26667.00
Department of Health,NHS Sunderland CCG,5/31/2018,Hcare Srv Rec Fdtn Trust-Contract Baseline,ACUTE COMMISSIONING,SOUTH TEES HOSPITALS NHS FOUNDATION TRUST,22088793,45432.00
Department of Health,NHS Sunderland CCG,5/31/2018,Hcare Srv Rec Fdtn Trust-Contract Baseline,ACUTE COMMISSIONING,SOUTH TEES HOSPITALS NHS FOUNDATION TRUST,22449852,45425.00
Department of Health,NHS Sunderland CCG,5/31/2018,Hcare Srv Rec Fdtn Trust-Contract Baseline,ACUTE COMMISSIONING,SOUTH TYNESIDE NHS FOUNDATION TRUST,22037592,125406.00
Department of Health,NHS Sunderland CCG,5/31/2018,Hcare Srv Rec Fdtn Trust-Contract Baseline,ACUTE COMMISSIONING,SOUTH TYNESIDE NHS FOUNDATION TRUST,22433014,125406.00
Department of Health,NHS Sunderland CCG,5/31/2018,Hcare Srv Rec Fdtn Trust-Contract Baseline,AMBULANCE SERVICES,NORTH EAST AMBULANCE SERVICES NHS TRUST,22123848,908288.00
Department of Health,NHS Sunderland CCG,5/31/2018,Hcare Srv Rec Fdtn Trust-Contract Baseline,COMMUNITY SERVICES,SOUTH TYNESIDE NHS FOUNDATION TRUST,21994331,147755.00
Department of Health,NHS Sunderland CCG,5/31/2018,Hcare Srv Rec Fdtn Trust-Contract Baseline,COMMUNITY SERVICES,SOUTH TYNESIDE NHS FOUNDATION TRUST,21994354,2165534.00
Department of Health,NHS Sunderland CCG,5/31/2018,Hcare Srv Rec Fdtn Trust-Contract Baseline,COMMUNITY SERVICES,SOUTH TYNESIDE NHS FOUNDATION TRUST,22037591,147755.00
Department of Health,NHS Sunderland CCG,5/31/2018,Hcare Srv Rec Fdtn Trust-Contract Baseline,COMMUNITY SERVICES,SOUTH TYNESIDE NHS FOUNDATION TRUST,22037593,-147755.00
Department of Health,NHS Sunderland CCG,5/31/2018,Hcare Srv Rec Fdtn Trust-Contract Baseline,COMMUNITY SERVICES,SOUTH TYNESIDE NHS FOUNDATION TRUST,22433016,147755.00
Department of Health,NHS Sunderland CCG,5/31/2018,Hcare Srv Rec Fdtn Trust-Contract Baseline,COMMUNITY SERVICES,SOUTH TYNESIDE NHS FOUNDATION TRUST,22445936,2165534.00
Department of Health,NHS Sunderland CCG,5/31/2018,Hcare Srv Rec Fdtn Trust-Contract Baseline,COMMUNITY SERVICES,SOUTH TYNESIDE NHS FOUNDATION TRUST,22445940,2165534.00
Department of Health,NHS Sunderland CCG,5/31/2018,Hcare Srv Rec Fdtn Trust-Contract Baseline,MENTAL HEALTH CONTRACTS,NORTHUMBERLAND TYNE AND WEAR NHS FOUNDATION TRUST,22121537,4084131.00
Department of Health,NHS Sunderland CCG,5/31/2018,Hcare Srv Rec Fdtn Trust-Contract Baseline,MENTAL HEALTH CONTRACTS,TEES ESK & WEAR VALLEYS NHS FOUNDATION TRUST,22165952,42289.92
Department of Health,NHS Sunderland CCG,5/31/2018,Hcare Srv Rec Fdtn Trust-Contract Baseline,NHS 111,NORTH EAST AMBULANCE SERVICES NHS TRUST,22146338,79665.75
Department of Health,NHS Sunderland CCG,5/31/2018,Charges from CSU,ADMINISTRATION & BUSINESS SUPPORT,NHS NORTH OF ENGLAND CSU,22056789,79167.00
Department of Health,NHS Sunderland CCG,5/31/2018,Charges from CSU,ADMINISTRATION & BUSINESS SUPPORT,NHS NORTH OF ENGLAND CSU,22056795,-79167.00
Department of Health,NHS Sunderland CCG,5/31/2018,Charges from CSU,ADMINISTRATION & BUSINESS SUPPORT,NHS NORTH OF ENGLAND CSU,22233385,79167.00
Department of Health,NHS Sunderland CCG,5/31/2018,Charges from CSU,PRIMARY CARE IT,NHS NORTH OF ENGLAND CSU,22056789,60583.00
Department of Health,NHS Sunderland CCG,5/31/2018,Charges from CSU,PRIMARY CARE IT,NHS NORTH OF ENGLAND CSU,22056795,-60583.00
Department of Health,NHS Sunderland CCG,5/31/2018,Charges from CSU,PRIMARY CARE IT,NHS NORTH OF ENGLAND CSU,22233388,60583.00
Department of Health,NHS Sunderland CCG,5/31/2018,Charges from CSU,CORPORATE COSTS & SERVICES,NHS NORTH OF ENGLAND CSU,22056789,7083.00
Department of Health,NHS Sunderland CCG,5/31/2018,Charges from CSU,CORPORATE COSTS & SERVICES,NHS NORTH OF ENGLAND CSU,22056795,-7083.00
Department of Health,NHS Sunderland CCG,5/31/2018,Charges from CSU,QUALITY ASSURANCE,NHS NORTH OF ENGLAND CSU,22056789,4334.00
Department of Health,NHS Sunderland CCG,5/31/2018,Charges from CSU,QUALITY ASSURANCE,NHS NORTH OF ENGLAND CSU,22056795,-4334.00
Department of Health,NHS Sunderland CCG,5/31/2018,Clinical&Medical-Clinical Other,PRIMARY CARE IT,GPTEAMNET LTD,22088788,60403.38
Department of Health,NHS Sunderland CCG,5/31/2018,Hcare Srv Rec Fdtn Trust-Over/ Under Performance,ACUTE COMMISSIONING,GATESHEAD HEALTH NHS FOUNDATION TRUST,22097556,72541.00
Department of Health,NHS Sunderland CCG,5/31/2018,C&M-GMS/PMS,PRC DELEGATED CO-COMMISSIONING,BROADWAY MEDICAL PRACTICE,22108609,120463.40
Department of Health,NHS Sunderland CCG,5/31/2018,C&M-GMS/PMS,PRC DELEGATED CO-COMMISSIONING,DEERNESS PARK MEDICAL GROUP,22107495,144999.56
Department of Health,NHS Sunderland CCG,5/31/2018,C&M-GMS/PMS,PRC DELEGATED CO-COMMISSIONING,DR BRIGHAM,22107499,63307.28
Department of Health,NHS Sunderland CCG,5/31/2018,C&M-GMS/PMS,PRC DELEGATED CO-COMMISSIONING,DR CLOAK & PARTNERS,22107505,116910.22
Department of Health,NHS Sunderland CCG,5/31/2018,C&M-GMS/PMS,PRC DELEGATED CO-COMMISSIONING,DR EL SAFY,22107503,26301.53
Department of Health,NHS Sunderland CCG,5/31/2018,C&M-GMS/PMS,PRC DELEGATED CO-COMMISSIONING,DR FORD & PARTNERS,22107509,95973.33
Department of Health,NHS Sunderland CCG,5/31/2018,C&M-GMS/PMS,PRC DELEGATED CO-COMMISSIONING,DR HUBBARD,22107507,63185.50
Department of Health,NHS Sunderland CCG,5/31/2018,C&M-GMS/PMS,PRC DELEGATED CO-COMMISSIONING,DR JOSHI & PARTNER SUNDERLAND,22107511,44059.54
Department of Health,NHS Sunderland CCG,5/31/2018,C&M-GMS/PMS,PRC DELEGATED CO-COMMISSIONING,DR JOSHI & PARTNER SUNDERLAND,22283786,65683.32
Department of Health,NHS Sunderland CCG,5/31/2018,C&M-GMS/PMS,PRC DELEGATED CO-COMMISSIONING,DR LILLEY & PARTNERS,22107514,91230.90
Department of Health,NHS Sunderland CCG,5/31/2018,C&M-GMS/PMS,PRC DELEGATED CO-COMMISSIONING,DR MAZARELO & PARTNERS,22127911,96168.13
Department of Health,NHS Sunderland CCG,5/31/2018,C&M-GMS/PMS,PRC DELEGATED CO-COMMISSIONING,DR MISHREKI & PARTNERS,22107522,114671.74
Department of Health,NHS Sunderland CCG,5/31/2018,C&M-GMS/PMS,PRC DELEGATED CO-COMMISSIONING,DR OBONNA,22107520,28850.48
Department of Health,NHS Sunderland CCG,5/31/2018,C&M-GMS/PMS,PRC DELEGATED CO-COMMISSIONING,DR PARRY & PARTNERS SUNDERLAND,22107518,53376.58
Department of Health,NHS Sunderland CCG,5/31/2018,C&M-GMS/PMS,PRC DELEGATED CO-COMMISSIONING,DR PATTISON & PARTNER,22127912,98541.75
Department of Health,NHS Sunderland CCG,5/31/2018,C&M-GMS/PMS,PRC DELEGATED CO-COMMISSIONING,DR RAY,22107524,36101.66
Department of Health,NHS Sunderland CCG,5/31/2018,C&M-GMS/PMS,PRC DELEGATED CO-COMMISSIONING,DR REDDY & PARTNERS,22107526,62407.41
Department of Health,NHS Sunderland CCG,5/31/2018,C&M-GMS/PMS,PRC DELEGATED CO-COMMISSIONING,DR SHARMA & PARTNERS SUNDERLAND,22107529,114659.23
Department of Health,NHS Sunderland CCG,5/31/2018,C&M-GMS/PMS,PRC DELEGATED CO-COMMISSIONING,DR SHETTY & PARTNER SUNDERLAND,22127913,145597.98
Department of Health,NHS Sunderland CCG,5/31/2018,C&M-GMS/PMS,PRC DELEGATED CO-COMMISSIONING,DR SPAGNOLI & PARTNERS,22107533,96452.82
Department of Health,NHS Sunderland CCG,5/31/2018,C&M-GMS/PMS,PRC DELEGATED CO-COMMISSIONING,DR STEPHENSON & PARTNERS,22107535,112097.25
Department of Health,NHS Sunderland CCG,5/31/2018,C&M-GMS/PMS,PRC DELEGATED CO-COMMISSIONING,DR WALLACE & PARTNERS,22107537,73674.58
Department of Health,NHS Sunderland CCG,5/31/2018,C&M-GMS/PMS,PRC DELEGATED CO-COMMISSIONING,DR WEATHERHEAD,22127914,58566.84
Department of Health,NHS Sunderland CCG,5/31/2018,C&M-GMS/PMS,PRC DELEGATED CO-COMMISSIONING,DR WIDDRINGTON & PARTNER,22107541,45619.93
Department of Health,NHS Sunderland CCG,5/31/2018,C&M-GMS/PMS,PRC DELEGATED CO-COMMISSIONING,DR WRIGHT & PARTNERS SUNDERLAND,22107543,151492.47
Department of Health,NHS Sunderland CCG,5/31/2018,C&M-GMS/PMS,PRC DELEGATED CO-COMMISSIONING,DRS MACKRELL & JOSEPH,22107540,62943.09
Department of Health,NHS Sunderland CCG,5/31/2018,C&M-GMS/PMS,PRC DELEGATED CO-COMMISSIONING,FULWELL MEDICAL CENTRE,22108611,88327.55
Department of Health,NHS Sunderland CCG,5/31/2018,C&M-GMS/PMS,PRC DELEGATED CO-COMMISSIONING,GALLERIES MEDICAL PRACTICE,22107567,127662.83
Department of Health,NHS Sunderland CCG,5/31/2018,C&M-GMS/PMS,PRC DELEGATED CO-COMMISSIONING,HAPPY HOUSE SURGERY,22107547,61139.87
Department of Health,NHS Sunderland CCG,5/31/2018,C&M-GMS/PMS,PRC DELEGATED CO-COMMISSIONING,HARRATON SURGERY,22107545,46059.07
Department of Health,NHS Sunderland CCG,5/31/2018,C&M-GMS/PMS,PRC DELEGATED CO-COMMISSIONING,HETTON GROUP PRACTICE,22107556,117343.57
Department of Health,NHS Sunderland CCG,5/31/2018,C&M-GMS/PMS,PRC DELEGATED CO-COMMISSIONING,HOUGHTON MEDICAL GROUP,22107549,101265.72
Department of Health,NHS Sunderland CCG,5/31/2018,C&M-GMS/PMS,PRC DELEGATED CO-COMMISSIONING,MONKWEARMOUTH HEALTH CENTRE,22127917,68455.88
Department of Health,NHS Sunderland CCG,5/31/2018,C&M-GMS/PMS,PRC DELEGATED CO-COMMISSIONING,NEW CITY MEDICAL PRACTICE,22127916,57768.31
Department of Health,NHS Sunderland CCG,5/31/2018,C&M-GMS/PMS,PRC DELEGATED CO-COMMISSIONING,PALLION FAMILY PRACTICE,22107559,105702.49
Department of Health,NHS Sunderland CCG,5/31/2018,C&M-GMS/PMS,PRC DELEGATED CO-COMMISSIONING,PALLION HEALTH CENTRE,22107552,46240.08
Department of Health,NHS Sunderland CCG,5/31/2018,C&M-GMS/PMS,PRC DELEGATED CO-COMMISSIONING,RIVERVIEW HEALTH CENTRE,22107554,39488.86
Department of Health,NHS Sunderland CCG,5/31/2018,C&M-GMS/PMS,PRC DELEGATED CO-COMMISSIONING,SUNDERLAND GP ALLIANCE,22107563,101020.91
Department of Health,NHS Sunderland CCG,5/31/2018,C&M-GMS/PMS,PRC DELEGATED CO-COMMISSIONING,SUNDERLAND GP ALLIANCE,22107568,96330.82
Department of Health,NHS Sunderland CCG,5/31/2018,Soc Care-Mental health services,MENTAL HEALTH CONTRACTS,SUNDERLAND CITY COUNCIL,22137635,41666.58
Department of Health,NHS Sunderland CCG,5/31/2018,Apprenticeship Levy Payable,BALANCE SHEET,HMRC,22218068,323.00
Department of Health,NHS Sunderland CCG,5/31/2018,Income tax <1Yr,BALANCE SHEET,HMRC,22218068,52346.80
Department of Health,NHS Sunderland CCG,5/31/2018,Income tax <1Yr-Student Loans,BALANCE SHEET,HMRC,22218068,735.00
Department of Health,NHS Sunderland CCG,5/31/2018,National Insurance < 1 yr-NI- ERS,BALANCE SHEET,HMRC,22218068,33766.02
Department of Health,NHS Sunderland CCG,5/31/2018,National Insurance < 1 yr-NI-EES,BALANCE SHEET,HMRC,22218068,24046.36
Department of Health,NHS Sunderland CCG,5/31/2018,Statutory Mat Pay < 1 yr,BALANCE SHEET,HMRC,22218068,-861.53
Department of Health,NHS Sunderland CCG,5/31/2018,Cont Care-Physical Disab (65+),CHC ADULT FULLY FUNDED,SUNDERLAND CITY COUNCIL,22235249,170088.74
Department of Health,NHS Sunderland CCG,5/31/2018,Cont Care-Physical Disab (65+),CHC ADULT FULLY FUNDED,SUNDERLAND CITY COUNCIL,22235251,706650.00
Department of Health,NHS Sunderland CCG,5/31/2018,Cont Care-Physical Disab (65+),CHC ADULT FULLY FUNDED,SUNDERLAND CITY COUNCIL,22357313,1800000.00
Department of Health,NHS Sunderland CCG,5/31/2018,Clinical&Medical-Voluntary Sector,COMMUNITY SERVICES,AGE UK SUNDERLAND,22254827,39197.25
Department of Health,NHS Sunderland CCG,5/31/2018,Clinical&Medical-Voluntary Sector,CARERS,AGE UK SUNDERLAND,22438886,94127.50
Department of Health,NHS Sunderland CCG,5/31/2018,Cont Care-Learning Disab(65+),CHC ADULT FULLY FUNDED,UNIVERSITY OF SUNDERLAND ENTERPRISES LTD,22379464,47220.00
