Department family,Entity,Date,Expense Type,Expense area,Supplier,Transaction number,AP Amount (�)
Department of Health,NHS Brighton & Hove CCG,12/31/2018,Programme Support Costs,COMMUNITY SERVICES,ARCH HEALTH CIC,25244045,"42,833.08"
Department of Health,NHS Brighton & Hove CCG,12/31/2018,C&M-GMS Global Sum,PRC DELEGATED CO-COMMISSIONING,ARDINGLY COURT SURGERY,25260134,"49,835.85"
Department of Health,NHS Brighton & Hove CCG,12/31/2018,C&M-GMS PCO Other,PRC DELEGATED CO-COMMISSIONING,ARDINGLY COURT SURGERY,25260134,794.59
Department of Health,NHS Brighton & Hove CCG,12/31/2018,C&M-GMS PCO Seniority,PRC DELEGATED CO-COMMISSIONING,ARDINGLY COURT SURGERY,25260134,627.13
Department of Health,NHS Brighton & Hove CCG,12/31/2018,C&M-GMS Prem Actual Rent,PRC DELEGATED CO-COMMISSIONING,ARDINGLY COURT SURGERY,25260134,"10,075.00"
Department of Health,NHS Brighton & Hove CCG,12/31/2018,C&M-GMS Prem Rates,PRC DELEGATED CO-COMMISSIONING,ARDINGLY COURT SURGERY,25260134,"1,188.00"
Department of Health,NHS Brighton & Hove CCG,12/31/2018,C&M-GMS QOF Aspiration,PRC DELEGATED CO-COMMISSIONING,ARDINGLY COURT SURGERY,25260134,"8,318.17"
Department of Health,NHS Brighton & Hove CCG,12/31/2018,ME - GMS GP Prior Year ERs,PRC DELEGATED CO-COMMISSIONING,ARDINGLY COURT SURGERY,25260134,63.91
Department of Health,NHS Brighton & Hove CCG,12/31/2018,ME-GMS GP Prior Year AVCs,PRC DELEGATED CO-COMMISSIONING,ARDINGLY COURT SURGERY,25260134,37.47
Department of Health,NHS Brighton & Hove CCG,12/31/2018,ME-GMS GP Prior Year EEs,PRC DELEGATED CO-COMMISSIONING,ARDINGLY COURT SURGERY,25260134,60
Department of Health,NHS Brighton & Hove CCG,12/31/2018,Clinical&Medical-Commercial Sector,LONG TERM CONDITIONS,BOOTS UK LTD,25244184,"62,459.89"
Department of Health,NHS Brighton & Hove CCG,12/31/2018,Clinical&Medical-Voluntary Sector,PLANNED CARE,BPAS,25303507,"127,000.00"
Department of Health,NHS Brighton & Hove CCG,12/31/2018,Cont Care- Adult Joint Funded,ADULT JOINT FUNDED CONTINUING CARE,BRIGHTON & HOVE CITY COUNCIL,25133170,"153,409.42"
Department of Health,NHS Brighton & Hove CCG,12/31/2018,Rent,ESTATES AND FACILITIES,BRIGHTON & HOVE CITY COUNCIL,25218521,"24,032.51"
Department of Health,NHS Brighton & Hove CCG,12/31/2018,Rent,RECHARGES NHS PROPERTY SERVICES LTD,BRIGHTON & HOVE CITY COUNCIL,25218521,"16,021.67"
Department of Health,NHS Brighton & Hove CCG,12/31/2018,Training Expenses,CHILD AND ADOLESCENT MENTAL HEALTH,BRIGHTON & HOVE CITY COUNCIL,25272911,"40,489.00"
Department of Health,NHS Brighton & Hove CCG,12/31/2018,Cont Care- Adult 100% Fully Funded,GENERAL RESERVE - PROGRAMME,BRIGHTON & HOVE CITY COUNCIL,25272963,"251,958.29"
Department of Health,NHS Brighton & Hove CCG,12/31/2018,Other professional fees,REABLEMENT,BRIGHTON & HOVE IMPETUS,25351157,"85,000.00"
Department of Health,NHS Brighton & Hove CCG,12/31/2018,Other professional fees,REABLEMENT,BRIGHTON & HOVE IMPETUS,25351161,"92,500.00"
Department of Health,NHS Brighton & Hove CCG,12/31/2018,Hcare Srv Rec NHS Trust,PLANNED CARE,BRIGHTON AND SUSSEX UNIVERSITY HOSPITALS NHS TRUST,25025930,"228,799.59"
Department of Health,NHS Brighton & Hove CCG,12/31/2018,Hcare Srv Rec NHS Trust-CQUIN,PLANNED CARE,BRIGHTON AND SUSSEX UNIVERSITY HOSPITALS NHS TRUST,25025930,"2,045.41"
Department of Health,NHS Brighton & Hove CCG,12/31/2018,C&M-GMS DES Extended Hours Access,PRC DELEGATED CO-COMMISSIONING,BRUNSWICK SURGERY,25260119,"6,361.00"
Department of Health,NHS Brighton & Hove CCG,12/31/2018,C&M-GMS Global Sum,PRC DELEGATED CO-COMMISSIONING,BRUNSWICK SURGERY,25260119,"87,489.82"
Department of Health,NHS Brighton & Hove CCG,12/31/2018,C&M-GMS MPIG Correction Factor,PRC DELEGATED CO-COMMISSIONING,BRUNSWICK SURGERY,25260119,655.48
Department of Health,NHS Brighton & Hove CCG,12/31/2018,C&M-GMS PCO Other,PRC DELEGATED CO-COMMISSIONING,BRUNSWICK SURGERY,25260119,"1,005.00"
Department of Health,NHS Brighton & Hove CCG,12/31/2018,C&M-GMS PCO Seniority,PRC DELEGATED CO-COMMISSIONING,BRUNSWICK SURGERY,25260119,686.81
Department of Health,NHS Brighton & Hove CCG,12/31/2018,C&M-GMS Prem Actual Rent,PRC DELEGATED CO-COMMISSIONING,BRUNSWICK SURGERY,25260119,"12,750.00"
Department of Health,NHS Brighton & Hove CCG,12/31/2018,C&M-GMS Prem Rates,PRC DELEGATED CO-COMMISSIONING,BRUNSWICK SURGERY,25260119,"1,824.00"
Department of Health,NHS Brighton & Hove CCG,12/31/2018,C&M-GMS QOF Aspiration,PRC DELEGATED CO-COMMISSIONING,BRUNSWICK SURGERY,25260119,"5,548.60"
Department of Health,NHS Brighton & Hove CCG,12/31/2018,Non NHS Payables <1Yr,BALANCE SHEET,CARE UK (PRIMARY CARE) LTD,25229994,"153,949.00"
Department of Health,NHS Brighton & Hove CCG,12/31/2018,Non NHS Payables <1Yr,BALANCE SHEET,CARE UK (PRIMARY CARE) LTD,25229995,"-153,949.00"
Department of Health,NHS Brighton & Hove CCG,12/31/2018,Clinical&Medical-Commercial Sector,PRC DELEGATED CO-COMMISSIONING,CARE UK (PRIMARY CARE) LTD,25244025,"40,163.75"
Department of Health,NHS Brighton & Hove CCG,12/31/2018,Clinical&Medical-Commercial Sector,DEMENTIA,CARE UNBOUND LTD,25161442,"40,183.39"
Department of Health,NHS Brighton & Hove CCG,12/31/2018,Clinical&Medical-Commercial Sector,GP FORWARD VIEW,CARE UNBOUND LTD,25244240,"116,227.92"
Department of Health,NHS Brighton & Hove CCG,12/31/2018,Clinical&Medical-Commercial Sector,GENERAL RESERVE - PROGRAMME,CARE UNBOUND LTD,25272898,"58,780.00"
Department of Health,NHS Brighton & Hove CCG,12/31/2018,C&M-Commercial Sector - CQUIN,MENTAL HEALTH CONTRACTS,CARE UNBOUND LTD,25272915,"1,777.00"
Department of Health,NHS Brighton & Hove CCG,12/31/2018,C&M-Independent Sector - CQUIN,IMPROVING ACCESS TO PSYCHOLOGICAL THERAPIES,CARE UNBOUND LTD,25272915,"2,666.00"
Department of Health,NHS Brighton & Hove CCG,12/31/2018,Clinical&Medical-Commercial Sector,MENTAL HEALTH CONTRACTS,CARE UNBOUND LTD,25272915,"142,180.00"
Department of Health,NHS Brighton & Hove CCG,12/31/2018,Clinical&Medical-Independent Sector - Contract Baseline,IMPROVING ACCESS TO PSYCHOLOGICAL THERAPIES,CARE UNBOUND LTD,25272915,"213,270.00"
Department of Health,NHS Brighton & Hove CCG,12/31/2018,Clinical&Medical-Commercial Sector,INTERMEDIATE CARE,COASTAL HOMECARE (HOVE) LTD,25133077,"58,500.00"
Department of Health,NHS Brighton & Hove CCG,12/31/2018,Clinical&Medical-Clinical Other,PRESCRIBING,COLDEAN PHARMACY,25198386,"37,606.05"
Department of Health,NHS Brighton & Hove CCG,12/31/2018,Cont Care-Mental Health (<65),CHC ADULT FULLY FUNDED,CWM GWENDRAETH,25176892,"25,364.10"
Department of Health,NHS Brighton & Hove CCG,12/31/2018,C&M-GMS DES Extended Hours Access,PRC DELEGATED CO-COMMISSIONING,DR AMIN,25260075,"1,092.00"
Department of Health,NHS Brighton & Hove CCG,12/31/2018,C&M-GMS Global Sum,PRC DELEGATED CO-COMMISSIONING,DR AMIN,25260075,"16,426.31"
Department of Health,NHS Brighton & Hove CCG,12/31/2018,C&M-GMS PCO Seniority,PRC DELEGATED CO-COMMISSIONING,DR AMIN,25260075,908.56
Department of Health,NHS Brighton & Hove CCG,12/31/2018,C&M-GMS Prem Actual Rent,PRC DELEGATED CO-COMMISSIONING,DR AMIN,25260075,"10,481.40"
Department of Health,NHS Brighton & Hove CCG,12/31/2018,C&M-GMS QOF Aspiration,PRC DELEGATED CO-COMMISSIONING,DR AMIN,25260075,"1,555.71"
Department of Health,NHS Brighton & Hove CCG,12/31/2018,C&M-GMS DES Extended Hours Access,PRC DELEGATED CO-COMMISSIONING,DR BIRD & PARTNERS,25260073,"4,979.00"
Department of Health,NHS Brighton & Hove CCG,12/31/2018,C&M-GMS Global Sum,PRC DELEGATED CO-COMMISSIONING,DR BIRD & PARTNERS,25260073,"70,245.85"
Department of Health,NHS Brighton & Hove CCG,12/31/2018,C&M-GMS MPIG Correction Factor,PRC DELEGATED CO-COMMISSIONING,DR BIRD & PARTNERS,25260073,"2,920.21"
Department of Health,NHS Brighton & Hove CCG,12/31/2018,C&M-GMS PCO Other,PRC DELEGATED CO-COMMISSIONING,DR BIRD & PARTNERS,25260073,720.04
Department of Health,NHS Brighton & Hove CCG,12/31/2018,C&M-GMS PCO Seniority,PRC DELEGATED CO-COMMISSIONING,DR BIRD & PARTNERS,25260073,"2,210.15"
Department of Health,NHS Brighton & Hove CCG,12/31/2018,C&M-GMS Prem Actual Rent,PRC DELEGATED CO-COMMISSIONING,DR BIRD & PARTNERS,25260073,"71,700.00"
Department of Health,NHS Brighton & Hove CCG,12/31/2018,C&M-GMS QOF Aspiration,PRC DELEGATED CO-COMMISSIONING,DR BIRD & PARTNERS,25260073,"5,975.60"
Department of Health,NHS Brighton & Hove CCG,12/31/2018,ME - GMS GP Prior Year ERs,PRC DELEGATED CO-COMMISSIONING,DR BIRD & PARTNERS,25260073,"2,037.16"
Department of Health,NHS Brighton & Hove CCG,12/31/2018,ME-GMS GP Pension EEs Adjustments,PRC DELEGATED CO-COMMISSIONING,DR BIRD & PARTNERS,25260073,"3,238.91"
Department of Health,NHS Brighton & Hove CCG,12/31/2018,ME-GMS GP Pension ERs Adjustments,PRC DELEGATED CO-COMMISSIONING,DR BIRD & PARTNERS,25260073,"3,450.03"
Department of Health,NHS Brighton & Hove CCG,12/31/2018,ME-GMS GP Prior Year EEs,PRC DELEGATED CO-COMMISSIONING,DR BIRD & PARTNERS,25260073,"1,912.50"
Department of Health,NHS Brighton & Hove CCG,12/31/2018,C&M-GMS DES Extended Hours Access,PRC DELEGATED CO-COMMISSIONING,DR BIRD & PARTNERS,25320328,"4,979.00"
Department of Health,NHS Brighton & Hove CCG,12/31/2018,C&M-GMS PCO Other,PRC DELEGATED CO-COMMISSIONING,DR BIRD & PARTNERS,25320328,720.04
Department of Health,NHS Brighton & Hove CCG,12/31/2018,C&M-GMS Prem Actual Rent,PRC DELEGATED CO-COMMISSIONING,DR BIRD & PARTNERS,25320328,"71,700.00"
Department of Health,NHS Brighton & Hove CCG,12/31/2018,C&M-GMS DES Extended Hours Access,PRC DELEGATED CO-COMMISSIONING,DR CHANG & DR ALLAN,25260081,"1,411.00"
Department of Health,NHS Brighton & Hove CCG,12/31/2018,C&M-GMS Global Sum,PRC DELEGATED CO-COMMISSIONING,DR CHANG & DR ALLAN,25260081,"20,033.52"
Department of Health,NHS Brighton & Hove CCG,12/31/2018,C&M-GMS MPIG Correction Factor,PRC DELEGATED CO-COMMISSIONING,DR CHANG & DR ALLAN,25260081,817.36
Department of Health,NHS Brighton & Hove CCG,12/31/2018,C&M-GMS PCO Seniority,PRC DELEGATED CO-COMMISSIONING,DR CHANG & DR ALLAN,25260081,"1,299.84"
Department of Health,NHS Brighton & Hove CCG,12/31/2018,C&M-GMS Prem Actual Rent,PRC DELEGATED CO-COMMISSIONING,DR CHANG & DR ALLAN,25260081,"1,452.92"
Department of Health,NHS Brighton & Hove CCG,12/31/2018,C&M-GMS Prem Rates,PRC DELEGATED CO-COMMISSIONING,DR CHANG & DR ALLAN,25260081,840
Department of Health,NHS Brighton & Hove CCG,12/31/2018,C&M-GMS Prem Water Rates,PRC DELEGATED CO-COMMISSIONING,DR CHANG & DR ALLAN,25260081,102.42
Department of Health,NHS Brighton & Hove CCG,12/31/2018,C&M-GMS QOF Aspiration,PRC DELEGATED CO-COMMISSIONING,DR CHANG & DR ALLAN,25260081,"1,552.74"
Department of Health,NHS Brighton & Hove CCG,12/31/2018,C&M-GMS DES Extended Hours Access,PRC DELEGATED CO-COMMISSIONING,DR DAVID SUPPLE & PARTNERS,25260079,"5,491.00"
Department of Health,NHS Brighton & Hove CCG,12/31/2018,C&M-GMS DES Violent Patients,PRC DELEGATED CO-COMMISSIONING,DR DAVID SUPPLE & PARTNERS,25260079,"11,429.75"
Department of Health,NHS Brighton & Hove CCG,12/31/2018,C&M-GMS Global Sum,PRC DELEGATED CO-COMMISSIONING,DR DAVID SUPPLE & PARTNERS,25260079,"71,407.52"
Department of Health,NHS Brighton & Hove CCG,12/31/2018,C&M-GMS MPIG Correction Factor,PRC DELEGATED CO-COMMISSIONING,DR DAVID SUPPLE & PARTNERS,25260079,"1,536.46"
Department of Health,NHS Brighton & Hove CCG,12/31/2018,C&M-GMS PCO Seniority,PRC DELEGATED CO-COMMISSIONING,DR DAVID SUPPLE & PARTNERS,25260079,"4,502.98"
Department of Health,NHS Brighton & Hove CCG,12/31/2018,C&M-GMS Prem Notional Rent,PRC DELEGATED CO-COMMISSIONING,DR DAVID SUPPLE & PARTNERS,25260079,"4,291.67"
Department of Health,NHS Brighton & Hove CCG,12/31/2018,C&M-GMS Prem Rates,PRC DELEGATED CO-COMMISSIONING,DR DAVID SUPPLE & PARTNERS,25260079,"1,898.00"
Department of Health,NHS Brighton & Hove CCG,12/31/2018,C&M-GMS QOF Aspiration,PRC DELEGATED CO-COMMISSIONING,DR DAVID SUPPLE & PARTNERS,25260079,"6,159.98"
Department of Health,NHS Brighton & Hove CCG,12/31/2018,C&M-GMS DES Extended Hours Access,PRC DELEGATED CO-COMMISSIONING,DR EVANS & PARTNER,25260077,"3,468.00"
Department of Health,NHS Brighton & Hove CCG,12/31/2018,C&M-GMS Global Sum,PRC DELEGATED CO-COMMISSIONING,DR EVANS & PARTNER,25260077,"49,480.56"
Department of Health,NHS Brighton & Hove CCG,12/31/2018,C&M-GMS MPIG Correction Factor,PRC DELEGATED CO-COMMISSIONING,DR EVANS & PARTNER,25260077,14.55
Department of Health,NHS Brighton & Hove CCG,12/31/2018,C&M-GMS PCO Seniority,PRC DELEGATED CO-COMMISSIONING,DR EVANS & PARTNER,25260077,"2,099.81"
Department of Health,NHS Brighton & Hove CCG,12/31/2018,C&M-GMS Prem Actual Rent,PRC DELEGATED CO-COMMISSIONING,DR EVANS & PARTNER,25260077,"34,705.62"
Department of Health,NHS Brighton & Hove CCG,12/31/2018,C&M-GMS Prem Rates,PRC DELEGATED CO-COMMISSIONING,DR EVANS & PARTNER,25260077,"1,613.00"
Department of Health,NHS Brighton & Hove CCG,12/31/2018,C&M-GMS QOF Aspiration,PRC DELEGATED CO-COMMISSIONING,DR EVANS & PARTNER,25260077,"4,361.64"
Department of Health,NHS Brighton & Hove CCG,12/31/2018,C&M-GMS DES Extended Hours Access,PRC DELEGATED CO-COMMISSIONING,DR EVANS & PARTNER,25320330,"3,468.00"
Department of Health,NHS Brighton & Hove CCG,12/31/2018,C&M-GMS Prem Actual Rent,PRC DELEGATED CO-COMMISSIONING,DR EVANS & PARTNER,25320330,"34,705.62"
Department of Health,NHS Brighton & Hove CCG,12/31/2018,C&M-GMS Prem Rates,PRC DELEGATED CO-COMMISSIONING,DR EVANS & PARTNER,25320330,"1,613.00"
Department of Health,NHS Brighton & Hove CCG,12/31/2018,C&M-GMS DES Extended Hours Access,PRC DELEGATED CO-COMMISSIONING,DR GILHOOLY & PARTNERS,25260088,"4,885.00"
Department of Health,NHS Brighton & Hove CCG,12/31/2018,C&M-GMS Global Sum,PRC DELEGATED CO-COMMISSIONING,DR GILHOOLY & PARTNERS,25260088,"77,408.51"
Department of Health,NHS Brighton & Hove CCG,12/31/2018,C&M-GMS MPIG Correction Factor,PRC DELEGATED CO-COMMISSIONING,DR GILHOOLY & PARTNERS,25260088,664.98
Department of Health,NHS Brighton & Hove CCG,12/31/2018,C&M-GMS PCO Other,PRC DELEGATED CO-COMMISSIONING,DR GILHOOLY & PARTNERS,25260088,"1,367.86"
Department of Health,NHS Brighton & Hove CCG,12/31/2018,C&M-GMS PCO Seniority,PRC DELEGATED CO-COMMISSIONING,DR GILHOOLY & PARTNERS,25260088,"3,898.42"
Department of Health,NHS Brighton & Hove CCG,12/31/2018,C&M-GMS Prem Actual Rent,PRC DELEGATED CO-COMMISSIONING,DR GILHOOLY & PARTNERS,25260088,"89,513.95"
Department of Health,NHS Brighton & Hove CCG,12/31/2018,C&M-GMS Prem Rates,PRC DELEGATED CO-COMMISSIONING,DR GILHOOLY & PARTNERS,25260088,"3,796.00"
Department of Health,NHS Brighton & Hove CCG,12/31/2018,C&M-GMS QOF Aspiration,PRC DELEGATED CO-COMMISSIONING,DR GILHOOLY & PARTNERS,25260088,"6,239.52"
Department of Health,NHS Brighton & Hove CCG,12/31/2018,C&M-GMS DES Extended Hours Access,PRC DELEGATED CO-COMMISSIONING,DR GILHOOLY & PARTNERS,25320337,"4,885.00"
Department of Health,NHS Brighton & Hove CCG,12/31/2018,C&M-GMS PCO Other,PRC DELEGATED CO-COMMISSIONING,DR GILHOOLY & PARTNERS,25320337,"1,367.86"
Department of Health,NHS Brighton & Hove CCG,12/31/2018,C&M-GMS Prem Actual Rent,PRC DELEGATED CO-COMMISSIONING,DR GILHOOLY & PARTNERS,25320337,"89,513.95"
Department of Health,NHS Brighton & Hove CCG,12/31/2018,C&M-GMS Prem Rates,PRC DELEGATED CO-COMMISSIONING,DR GILHOOLY & PARTNERS,25320337,"3,796.00"
Department of Health,NHS Brighton & Hove CCG,12/31/2018,C&M-GMS Global Sum,PRC DELEGATED CO-COMMISSIONING,DR GRACIA A,25260083,"19,493.08"
Department of Health,NHS Brighton & Hove CCG,12/31/2018,C&M-GMS MPIG Correction Factor,PRC DELEGATED CO-COMMISSIONING,DR GRACIA A,25260083,"1,419.32"
Department of Health,NHS Brighton & Hove CCG,12/31/2018,C&M-GMS PCO Other,PRC DELEGATED CO-COMMISSIONING,DR GRACIA A,25260083,238.75
Department of Health,NHS Brighton & Hove CCG,12/31/2018,C&M-GMS PCO Seniority,PRC DELEGATED CO-COMMISSIONING,DR GRACIA A,25260083,"1,163.93"
Department of Health,NHS Brighton & Hove CCG,12/31/2018,C&M-GMS Prem Actual Rent,PRC DELEGATED CO-COMMISSIONING,DR GRACIA A,25260083,"20,149.50"
Department of Health,NHS Brighton & Hove CCG,12/31/2018,C&M-GMS Prem Rates,PRC DELEGATED CO-COMMISSIONING,DR GRACIA A,25260083,"3,106.00"
Department of Health,NHS Brighton & Hove CCG,12/31/2018,C&M-GMS Prem Water Rates,PRC DELEGATED CO-COMMISSIONING,DR GRACIA A,25260083,55.77
Department of Health,NHS Brighton & Hove CCG,12/31/2018,C&M-GMS QOF Aspiration,PRC DELEGATED CO-COMMISSIONING,DR GRACIA A,25260083,"1,467.04"
Department of Health,NHS Brighton & Hove CCG,12/31/2018,C&M-GMS DES Extended Hours Access,PRC DELEGATED CO-COMMISSIONING,DR GRAHAM & PARTNERS,25260085,"9,167.00"
Department of Health,NHS Brighton & Hove CCG,12/31/2018,C&M-GMS Global Sum,PRC DELEGATED CO-COMMISSIONING,DR GRAHAM & PARTNERS,25260085,"125,571.64"
Department of Health,NHS Brighton & Hove CCG,12/31/2018,C&M-GMS MPIG Correction Factor,PRC DELEGATED CO-COMMISSIONING,DR GRAHAM & PARTNERS,25260085,818.1
Department of Health,NHS Brighton & Hove CCG,12/31/2018,C&M-GMS PCO Other,PRC DELEGATED CO-COMMISSIONING,DR GRAHAM & PARTNERS,25260085,"1,270.32"
Department of Health,NHS Brighton & Hove CCG,12/31/2018,C&M-GMS PCO Seniority,PRC DELEGATED CO-COMMISSIONING,DR GRAHAM & PARTNERS,25260085,"5,448.30"
Department of Health,NHS Brighton & Hove CCG,12/31/2018,C&M-GMS Prem Actual Rent,PRC DELEGATED CO-COMMISSIONING,DR GRAHAM & PARTNERS,25260085,"80,850.00"
Department of Health,NHS Brighton & Hove CCG,12/31/2018,C&M-GMS Prem Notional Rent,PRC DELEGATED CO-COMMISSIONING,DR GRAHAM & PARTNERS,25260085,958.33
Department of Health,NHS Brighton & Hove CCG,12/31/2018,C&M-GMS Prem Rates,PRC DELEGATED CO-COMMISSIONING,DR GRAHAM & PARTNERS,25260085,"3,400.00"
Department of Health,NHS Brighton & Hove CCG,12/31/2018,C&M-GMS QOF Aspiration,PRC DELEGATED CO-COMMISSIONING,DR GRAHAM & PARTNERS,25260085,"8,855.57"
Department of Health,NHS Brighton & Hove CCG,12/31/2018,ME - GMS GP Prior Year ERs,PRC DELEGATED CO-COMMISSIONING,DR GRAHAM & PARTNERS,25260085,"18,742.14"
Department of Health,NHS Brighton & Hove CCG,12/31/2018,ME-GMS GP Pension EEs Adjustments,PRC DELEGATED CO-COMMISSIONING,DR GRAHAM & PARTNERS,25260085,"4,212.00"
Department of Health,NHS Brighton & Hove CCG,12/31/2018,ME-GMS GP Pension ERs Adjustments,PRC DELEGATED CO-COMMISSIONING,DR GRAHAM & PARTNERS,25260085,"4,486.56"
Department of Health,NHS Brighton & Hove CCG,12/31/2018,ME-GMS GP Prior Year EEs,PRC DELEGATED CO-COMMISSIONING,DR GRAHAM & PARTNERS,25260085,"17,633.81"
Department of Health,NHS Brighton & Hove CCG,12/31/2018,C&M-GMS DES Extended Hours Access,PRC DELEGATED CO-COMMISSIONING,DR GRAHAM & PARTNERS,25320334,"9,167.00"
Department of Health,NHS Brighton & Hove CCG,12/31/2018,C&M-GMS PCO Other,PRC DELEGATED CO-COMMISSIONING,DR GRAHAM & PARTNERS,25320334,"1,270.32"
Department of Health,NHS Brighton & Hove CCG,12/31/2018,C&M-GMS Prem Actual Rent,PRC DELEGATED CO-COMMISSIONING,DR GRAHAM & PARTNERS,25320334,"80,850.00"
Department of Health,NHS Brighton & Hove CCG,12/31/2018,C&M-GMS Prem Notional Rent,PRC DELEGATED CO-COMMISSIONING,DR GRAHAM & PARTNERS,25320334,958.33
Department of Health,NHS Brighton & Hove CCG,12/31/2018,C&M-GMS Prem Rates,PRC DELEGATED CO-COMMISSIONING,DR GRAHAM & PARTNERS,25320334,"3,400.00"
Department of Health,NHS Brighton & Hove CCG,12/31/2018,C&M-GMS DES Extended Hours Access,PRC DELEGATED CO-COMMISSIONING,DR HACKING & PARTNER,25260086,"3,269.00"
Department of Health,NHS Brighton & Hove CCG,12/31/2018,C&M-GMS Global Sum,PRC DELEGATED CO-COMMISSIONING,DR HACKING & PARTNER,25260086,"50,532.14"
Department of Health,NHS Brighton & Hove CCG,12/31/2018,C&M-GMS MPIG Correction Factor,PRC DELEGATED CO-COMMISSIONING,DR HACKING & PARTNER,25260086,390.19
Department of Health,NHS Brighton & Hove CCG,12/31/2018,C&M-GMS PCO Seniority,PRC DELEGATED CO-COMMISSIONING,DR HACKING & PARTNER,25260086,"2,642.27"
Department of Health,NHS Brighton & Hove CCG,12/31/2018,C&M-GMS Prem Notional Rent,PRC DELEGATED CO-COMMISSIONING,DR HACKING & PARTNER,25260086,"2,252.92"
Department of Health,NHS Brighton & Hove CCG,12/31/2018,C&M-GMS Prem Rates,PRC DELEGATED CO-COMMISSIONING,DR HACKING & PARTNER,25260086,991
Department of Health,NHS Brighton & Hove CCG,12/31/2018,C&M-GMS QOF Aspiration,PRC DELEGATED CO-COMMISSIONING,DR HACKING & PARTNER,25260086,"4,806.76"
Department of Health,NHS Brighton & Hove CCG,12/31/2018,C&M-GMS DES Extended Hours Access,PRC DELEGATED CO-COMMISSIONING,DR J CONDON & PARTNERS,25260117,"11,436.00"
Department of Health,NHS Brighton & Hove CCG,12/31/2018,C&M-GMS Global Sum,PRC DELEGATED CO-COMMISSIONING,DR J CONDON & PARTNERS,25260117,"159,933.22"
Department of Health,NHS Brighton & Hove CCG,12/31/2018,C&M-GMS MPIG Correction Factor,PRC DELEGATED CO-COMMISSIONING,DR J CONDON & PARTNERS,25260117,"2,597.35"
Department of Health,NHS Brighton & Hove CCG,12/31/2018,C&M-GMS PCO Locum Sickness,PRC DELEGATED CO-COMMISSIONING,DR J CONDON & PARTNERS,25260117,"3,824.92"
Department of Health,NHS Brighton & Hove CCG,12/31/2018,C&M-GMS PCO Seniority,PRC DELEGATED CO-COMMISSIONING,DR J CONDON & PARTNERS,25260117,"7,074.76"
Department of Health,NHS Brighton & Hove CCG,12/31/2018,C&M-GMS Prem Notional Rent,PRC DELEGATED CO-COMMISSIONING,DR J CONDON & PARTNERS,25260117,"9,886.00"
Department of Health,NHS Brighton & Hove CCG,12/31/2018,C&M-GMS Prem Rates,PRC DELEGATED CO-COMMISSIONING,DR J CONDON & PARTNERS,25260117,"2,986.00"
Department of Health,NHS Brighton & Hove CCG,12/31/2018,C&M-GMS QOF Aspiration,PRC DELEGATED CO-COMMISSIONING,DR J CONDON & PARTNERS,25260117,"13,624.78"
Department of Health,NHS Brighton & Hove CCG,12/31/2018,C&M-GMS DES Extended Hours Access,PRC DELEGATED CO-COMMISSIONING,DR J CONDON & PARTNERS,25320360,"11,436.00"
Department of Health,NHS Brighton & Hove CCG,12/31/2018,C&M-GMS PCO Locum Sickness,PRC DELEGATED CO-COMMISSIONING,DR J CONDON & PARTNERS,25320360,"3,824.92"
Department of Health,NHS Brighton & Hove CCG,12/31/2018,C&M-GMS Prem Notional Rent,PRC DELEGATED CO-COMMISSIONING,DR J CONDON & PARTNERS,25320360,"9,886.00"
Department of Health,NHS Brighton & Hove CCG,12/31/2018,C&M-GMS Prem Rates,PRC DELEGATED CO-COMMISSIONING,DR J CONDON & PARTNERS,25320360,"2,986.00"
Department of Health,NHS Brighton & Hove CCG,12/31/2018,C&M-GMS DES Extended Hours Access,PRC DELEGATED CO-COMMISSIONING,DR KHAN N A & PARTNERS,25283990,"4,436.00"
Department of Health,NHS Brighton & Hove CCG,12/31/2018,C&M-GMS Global Sum,PRC DELEGATED CO-COMMISSIONING,DR KHAN N A & PARTNERS,25283990,"65,410.67"
Department of Health,NHS Brighton & Hove CCG,12/31/2018,C&M-GMS PCO Other,PRC DELEGATED CO-COMMISSIONING,DR KHAN N A & PARTNERS,25283990,649.71
Department of Health,NHS Brighton & Hove CCG,12/31/2018,C&M-GMS PCO Seniority,PRC DELEGATED CO-COMMISSIONING,DR KHAN N A & PARTNERS,25283990,"4,744.92"
Department of Health,NHS Brighton & Hove CCG,12/31/2018,C&M-GMS Prem Actual Rent,PRC DELEGATED CO-COMMISSIONING,DR KHAN N A & PARTNERS,25283990,"44,315.00"
Department of Health,NHS Brighton & Hove CCG,12/31/2018,C&M-GMS Prem Rates,PRC DELEGATED CO-COMMISSIONING,DR KHAN N A & PARTNERS,25283990,"3,691.00"
Department of Health,NHS Brighton & Hove CCG,12/31/2018,C&M-GMS Prem Water Rates,PRC DELEGATED CO-COMMISSIONING,DR KHAN N A & PARTNERS,25283990,352
Department of Health,NHS Brighton & Hove CCG,12/31/2018,C&M-GMS QOF Aspiration,PRC DELEGATED CO-COMMISSIONING,DR KHAN N A & PARTNERS,25283990,"6,405.26"
Department of Health,NHS Brighton & Hove CCG,12/31/2018,ME-GMS GP Pension EEs Adjustments,PRC DELEGATED CO-COMMISSIONING,DR KHAN N A & PARTNERS,25283990,"7,031.25"
Department of Health,NHS Brighton & Hove CCG,12/31/2018,ME-GMS GP Pension ERs Adjustments,PRC DELEGATED CO-COMMISSIONING,DR KHAN N A & PARTNERS,25283990,"7,489.60"
Department of Health,NHS Brighton & Hove CCG,12/31/2018,C&M-GMS DES Extended Hours Access,PRC DELEGATED CO-COMMISSIONING,DR KHAN N A & PARTNERS,25320338,"4,436.00"
Department of Health,NHS Brighton & Hove CCG,12/31/2018,C&M-GMS PCO Other,PRC DELEGATED CO-COMMISSIONING,DR KHAN N A & PARTNERS,25320338,649.71
Department of Health,NHS Brighton & Hove CCG,12/31/2018,C&M-GMS Prem Actual Rent,PRC DELEGATED CO-COMMISSIONING,DR KHAN N A & PARTNERS,25320338,"44,315.00"
Department of Health,NHS Brighton & Hove CCG,12/31/2018,C&M-GMS Prem Rates,PRC DELEGATED CO-COMMISSIONING,DR KHAN N A & PARTNERS,25320338,"3,691.00"
Department of Health,NHS Brighton & Hove CCG,12/31/2018,C&M-GMS Prem Water Rates,PRC DELEGATED CO-COMMISSIONING,DR KHAN N A & PARTNERS,25320338,352
Department of Health,NHS Brighton & Hove CCG,12/31/2018,C&M-GMS DES Extended Hours Access,PRC DELEGATED CO-COMMISSIONING,DR KHOT A S & PARTNERS,25260091,"2,843.00"
Department of Health,NHS Brighton & Hove CCG,12/31/2018,C&M-GMS DES Learn Dsblty Hlth Chk,PRC DELEGATED CO-COMMISSIONING,DR KHOT A S & PARTNERS,25260091,700
Department of Health,NHS Brighton & Hove CCG,12/31/2018,C&M-GMS Global Sum,PRC DELEGATED CO-COMMISSIONING,DR KHOT A S & PARTNERS,25260091,"39,769.75"
Department of Health,NHS Brighton & Hove CCG,12/31/2018,C&M-GMS MPIG Correction Factor,PRC DELEGATED CO-COMMISSIONING,DR KHOT A S & PARTNERS,25260091,475.34
Department of Health,NHS Brighton & Hove CCG,12/31/2018,C&M-GMS PCO Seniority,PRC DELEGATED CO-COMMISSIONING,DR KHOT A S & PARTNERS,25260091,"1,389.72"
Department of Health,NHS Brighton & Hove CCG,12/31/2018,C&M-GMS Prem Cost Rent,PRC DELEGATED CO-COMMISSIONING,DR KHOT A S & PARTNERS,25260091,"2,884.33"
Department of Health,NHS Brighton & Hove CCG,12/31/2018,C&M-GMS Prem Rates,PRC DELEGATED CO-COMMISSIONING,DR KHOT A S & PARTNERS,25260091,"1,070.00"
Department of Health,NHS Brighton & Hove CCG,12/31/2018,C&M-GMS QOF Aspiration,PRC DELEGATED CO-COMMISSIONING,DR KHOT A S & PARTNERS,25260091,"3,104.16"
Department of Health,NHS Brighton & Hove CCG,12/31/2018,C&M-GMS DES Extended Hours Access,PRC DELEGATED CO-COMMISSIONING,DR MEADE & PARTNERS,25260093,"3,774.00"
Department of Health,NHS Brighton & Hove CCG,12/31/2018,C&M-GMS Global Sum,PRC DELEGATED CO-COMMISSIONING,DR MEADE & PARTNERS,25260093,"50,553.61"
Department of Health,NHS Brighton & Hove CCG,12/31/2018,C&M-GMS MPIG Correction Factor,PRC DELEGATED CO-COMMISSIONING,DR MEADE & PARTNERS,25260093,"1,701.02"
Department of Health,NHS Brighton & Hove CCG,12/31/2018,C&M-GMS PCO Seniority,PRC DELEGATED CO-COMMISSIONING,DR MEADE & PARTNERS,25260093,"3,489.04"
Department of Health,NHS Brighton & Hove CCG,12/31/2018,C&M-GMS Prem Notional Rent,PRC DELEGATED CO-COMMISSIONING,DR MEADE & PARTNERS,25260093,"4,704.75"
Department of Health,NHS Brighton & Hove CCG,12/31/2018,C&M-GMS Prem Rates,PRC DELEGATED CO-COMMISSIONING,DR MEADE & PARTNERS,25260093,"1,848.00"
Department of Health,NHS Brighton & Hove CCG,12/31/2018,C&M-GMS QOF Aspiration,PRC DELEGATED CO-COMMISSIONING,DR MEADE & PARTNERS,25260093,"4,105.71"
Department of Health,NHS Brighton & Hove CCG,12/31/2018,C&M-GMS Global Sum,PRC DELEGATED CO-COMMISSIONING,DR MILLS & PARTNERS,25260098,"65,922.62"
Department of Health,NHS Brighton & Hove CCG,12/31/2018,C&M-GMS PCO Seniority,PRC DELEGATED CO-COMMISSIONING,DR MILLS & PARTNERS,25260098,"2,672.68"
Department of Health,NHS Brighton & Hove CCG,12/31/2018,C&M-GMS Prem Notional Rent,PRC DELEGATED CO-COMMISSIONING,DR MILLS & PARTNERS,25260098,"3,772.50"
Department of Health,NHS Brighton & Hove CCG,12/31/2018,C&M-GMS QOF Aspiration,PRC DELEGATED CO-COMMISSIONING,DR MILLS & PARTNERS,25260098,"6,731.41"
Department of Health,NHS Brighton & Hove CCG,12/31/2018,C&M-GMS Global Sum,PRC DELEGATED CO-COMMISSIONING,DR MITCHELL & PARTNER,25260100,"43,574.14"
Department of Health,NHS Brighton & Hove CCG,12/31/2018,C&M-GMS MPIG Correction Factor,PRC DELEGATED CO-COMMISSIONING,DR MITCHELL & PARTNER,25260100,201.11
Department of Health,NHS Brighton & Hove CCG,12/31/2018,C&M-GMS PCO Seniority,PRC DELEGATED CO-COMMISSIONING,DR MITCHELL & PARTNER,25260100,"2,297.86"
Department of Health,NHS Brighton & Hove CCG,12/31/2018,C&M-GMS Prem Cost Rent,PRC DELEGATED CO-COMMISSIONING,DR MITCHELL & PARTNER,25260100,"7,236.33"
Department of Health,NHS Brighton & Hove CCG,12/31/2018,C&M-GMS Prem Rates,PRC DELEGATED CO-COMMISSIONING,DR MITCHELL & PARTNER,25260100,"1,009.00"
Department of Health,NHS Brighton & Hove CCG,12/31/2018,C&M-GMS QOF Aspiration,PRC DELEGATED CO-COMMISSIONING,DR MITCHELL & PARTNER,25260100,"3,880.38"
Department of Health,NHS Brighton & Hove CCG,12/31/2018,C&M-GMS Global Sum,PRC DELEGATED CO-COMMISSIONING,DR P A DENIS LE SEVE & PARTNERS,25260096,"107,499.03"
Department of Health,NHS Brighton & Hove CCG,12/31/2018,C&M-GMS MPIG Correction Factor,PRC DELEGATED CO-COMMISSIONING,DR P A DENIS LE SEVE & PARTNERS,25260096,"4,296.83"
Department of Health,NHS Brighton & Hove CCG,12/31/2018,C&M-GMS PCO Seniority,PRC DELEGATED CO-COMMISSIONING,DR P A DENIS LE SEVE & PARTNERS,25260096,145.79
Department of Health,NHS Brighton & Hove CCG,12/31/2018,C&M-GMS Prem Actual Rent,PRC DELEGATED CO-COMMISSIONING,DR P A DENIS LE SEVE & PARTNERS,25260096,"9,775.00"
Department of Health,NHS Brighton & Hove CCG,12/31/2018,C&M-GMS Prem Rates,PRC DELEGATED CO-COMMISSIONING,DR P A DENIS LE SEVE & PARTNERS,25260096,773
Department of Health,NHS Brighton & Hove CCG,12/31/2018,C&M-GMS QOF Aspiration,PRC DELEGATED CO-COMMISSIONING,DR P A DENIS LE SEVE & PARTNERS,25260096,"2,275.01"
Department of Health,NHS Brighton & Hove CCG,12/31/2018,C&M-GMS Global Sum,PRC DELEGATED CO-COMMISSIONING,DR PATTON & PTNR,25260102,"42,486.05"
Department of Health,NHS Brighton & Hove CCG,12/31/2018,C&M-GMS PCO Other,PRC DELEGATED CO-COMMISSIONING,DR PATTON & PTNR,25260102,446.96
Department of Health,NHS Brighton & Hove CCG,12/31/2018,C&M-GMS PCO Seniority,PRC DELEGATED CO-COMMISSIONING,DR PATTON & PTNR,25260102,715.23
Department of Health,NHS Brighton & Hove CCG,12/31/2018,C&M-GMS Prem Actual Rent,PRC DELEGATED CO-COMMISSIONING,DR PATTON & PTNR,25260102,"9,500.00"
Department of Health,NHS Brighton & Hove CCG,12/31/2018,C&M-GMS QOF Aspiration,PRC DELEGATED CO-COMMISSIONING,DR PATTON & PTNR,25260102,"3,593.41"
Department of Health,NHS Brighton & Hove CCG,12/31/2018,C&M-GMS Global Sum,PRC DELEGATED CO-COMMISSIONING,DR SAGAR & PARTNERS,25260107,"69,799.58"
Department of Health,NHS Brighton & Hove CCG,12/31/2018,C&M-GMS PCO Doctors Ret Scheme,PRC DELEGATED CO-COMMISSIONING,DR SAGAR & PARTNERS,25260107,153.84
Department of Health,NHS Brighton & Hove CCG,12/31/2018,C&M-GMS PCO Seniority,PRC DELEGATED CO-COMMISSIONING,DR SAGAR & PARTNERS,25260107,"1,433.08"
Department of Health,NHS Brighton & Hove CCG,12/31/2018,C&M-GMS Prem Actual Rent,PRC DELEGATED CO-COMMISSIONING,DR SAGAR & PARTNERS,25260107,"31,779.00"
Department of Health,NHS Brighton & Hove CCG,12/31/2018,C&M-GMS Prem Rates,PRC DELEGATED CO-COMMISSIONING,DR SAGAR & PARTNERS,25260107,"2,658.00"
Department of Health,NHS Brighton & Hove CCG,12/31/2018,C&M-GMS QOF Aspiration,PRC DELEGATED CO-COMMISSIONING,DR SAGAR & PARTNERS,25260107,"7,085.25"
Department of Health,NHS Brighton & Hove CCG,12/31/2018,C&M-GMS PCO Doctors Ret Scheme,PRC DELEGATED CO-COMMISSIONING,DR SAGAR & PARTNERS,25320354,153.84
Department of Health,NHS Brighton & Hove CCG,12/31/2018,C&M-GMS Prem Actual Rent,PRC DELEGATED CO-COMMISSIONING,DR SAGAR & PARTNERS,25320354,"31,779.00"
Department of Health,NHS Brighton & Hove CCG,12/31/2018,C&M-GMS Prem Rates,PRC DELEGATED CO-COMMISSIONING,DR SAGAR & PARTNERS,25320354,"2,658.00"
Department of Health,NHS Brighton & Hove CCG,12/31/2018,C&M-GMS Global Sum,PRC DELEGATED CO-COMMISSIONING,DR SHAH R & PARTNERS,25260104,"53,068.03"
Department of Health,NHS Brighton & Hove CCG,12/31/2018,C&M-GMS PCO Seniority,PRC DELEGATED CO-COMMISSIONING,DR SHAH R & PARTNERS,25260104,"2,709.89"
Department of Health,NHS Brighton & Hove CCG,12/31/2018,C&M-GMS Prem Actual Rent,PRC DELEGATED CO-COMMISSIONING,DR SHAH R & PARTNERS,25260104,"37,145.00"
Department of Health,NHS Brighton & Hove CCG,12/31/2018,C&M-GMS Prem Rates,PRC DELEGATED CO-COMMISSIONING,DR SHAH R & PARTNERS,25260104,"2,033.00"
Department of Health,NHS Brighton & Hove CCG,12/31/2018,C&M-GMS QOF Aspiration,PRC DELEGATED CO-COMMISSIONING,DR SHAH R & PARTNERS,25260104,"4,877.72"
Department of Health,NHS Brighton & Hove CCG,12/31/2018,C&M-GMS Prem Actual Rent,PRC DELEGATED CO-COMMISSIONING,DR SHAH R & PARTNERS,25320352,"37,145.00"
Department of Health,NHS Brighton & Hove CCG,12/31/2018,C&M-GMS Prem Rates,PRC DELEGATED CO-COMMISSIONING,DR SHAH R & PARTNERS,25320352,"2,033.00"
Department of Health,NHS Brighton & Hove CCG,12/31/2018,C&M-GMS Global Sum,PRC DELEGATED CO-COMMISSIONING,DR WRIGHT & PARTNERS BRIGHTON,25260109,"81,832.86"
Department of Health,NHS Brighton & Hove CCG,12/31/2018,C&M-GMS MPIG Correction Factor,PRC DELEGATED CO-COMMISSIONING,DR WRIGHT & PARTNERS BRIGHTON,25260109,425.14
Department of Health,NHS Brighton & Hove CCG,12/31/2018,C&M-GMS PCO Seniority,PRC DELEGATED CO-COMMISSIONING,DR WRIGHT & PARTNERS BRIGHTON,25260109,"1,947.85"
Department of Health,NHS Brighton & Hove CCG,12/31/2018,C&M-GMS QOF Aspiration,PRC DELEGATED CO-COMMISSIONING,DR WRIGHT & PARTNERS BRIGHTON,25260109,"8,108.72"
Department of Health,NHS Brighton & Hove CCG,12/31/2018,Hcare Srv Rec NHS Trust-CQUIN,ACUTE COMMISSIONING,EAST SUSSEX HEALTHCARE NHS TRUST,25176970,661.5
Department of Health,NHS Brighton & Hove CCG,12/31/2018,Hcare Srv Rec NHS Trust-Contract Baseline,ACUTE COMMISSIONING,EAST SUSSEX HEALTHCARE NHS TRUST,25176970,"57,016.00"
Department of Health,NHS Brighton & Hove CCG,12/31/2018,Hcare Srv Rec Fdtn Trust-CQUIN,ACUTE COMMISSIONING,GUYS & ST THOMAS HOSPITAL NHS FOUNDATION TRUST,25029067,"3,424.00"
Department of Health,NHS Brighton & Hove CCG,12/31/2018,Hcare Srv Rec Fdtn Trust-Contract Baseline,ACUTE COMMISSIONING,GUYS & ST THOMAS HOSPITAL NHS FOUNDATION TRUST,25029067,"159,608.00"
Department of Health,NHS Brighton & Hove CCG,12/31/2018,Apprenticeship Levy Payable,BALANCE SHEET,HMRC,25184993,"1,380.00"
Department of Health,NHS Brighton & Hove CCG,12/31/2018,Income tax <1Yr,BALANCE SHEET,HMRC,25184993,"79,051.91"
Department of Health,NHS Brighton & Hove CCG,12/31/2018,Income tax <1Yr-Student Loans,BALANCE SHEET,HMRC,25184993,"2,261.00"
Department of Health,NHS Brighton & Hove CCG,12/31/2018,National Insurance < 1 yr-NI- ERS,BALANCE SHEET,HMRC,25184993,"57,439.69"
Department of Health,NHS Brighton & Hove CCG,12/31/2018,National Insurance < 1 yr-NI-EES,BALANCE SHEET,HMRC,25184993,"41,037.80"
Department of Health,NHS Brighton & Hove CCG,12/31/2018,Statutory Mat Pay < 1 yr,BALANCE SHEET,HMRC,25184993,"-4,149.11"
Department of Health,NHS Brighton & Hove CCG,12/31/2018,Clinical&Medical-Commercial Sector,LOCAL ENHANCED SERVICES,INTEGRATED CARE 24 LTD,25217942,"20,960.08"
Department of Health,NHS Brighton & Hove CCG,12/31/2018,Clinical&Medical-Commercial Sector,PRC DELEGATED CO-COMMISSIONING,INTEGRATED CARE 24 LTD,25217942,"21,666.67"
Department of Health,NHS Brighton & Hove CCG,12/31/2018,Clinical&Medical-Commercial Sector,OUT OF HOURS,INTEGRATED CARE 24 LTD,25244144,"143,004.00"
Department of Health,NHS Brighton & Hove CCG,12/31/2018,Clinical&Medical-Commercial Sector,INTERMEDIATE CARE,INTEGRATED CARE 24 LTD,25244159,"62,498.66"
Department of Health,NHS Brighton & Hove CCG,12/31/2018,Hcare Srv Rec Fdtn Trust-CQUIN,ACUTE COMMISSIONING,KING`S COLLEGE HOSPITAL NHS FOUNDATION TRUST,25029044,742.17
Department of Health,NHS Brighton & Hove CCG,12/31/2018,Hcare Srv Rec Fdtn Trust-Contract Baseline,ACUTE COMMISSIONING,KING`S COLLEGE HOSPITAL NHS FOUNDATION TRUST,25029044,"59,373.83"
Department of Health,NHS Brighton & Hove CCG,12/31/2018,Clinical&Medical-Voluntary Sector,PALLIATIVE CARE,MARTLETS HOSPICE,25244304,"90,885.00"
Department of Health,NHS Brighton & Hove CCG,12/31/2018,C&M-GMS DES Extended Hours Access,PRC DELEGATED CO-COMMISSIONING,MILE OAK MEDICAL CENTRE,25260123,"3,829.00"
Department of Health,NHS Brighton & Hove CCG,12/31/2018,C&M-GMS Global Sum,PRC DELEGATED CO-COMMISSIONING,MILE OAK MEDICAL CENTRE,25260123,"55,676.25"
Department of Health,NHS Brighton & Hove CCG,12/31/2018,C&M-GMS MPIG Correction Factor,PRC DELEGATED CO-COMMISSIONING,MILE OAK MEDICAL CENTRE,25260123,837.2
Department of Health,NHS Brighton & Hove CCG,12/31/2018,C&M-GMS PCO Other,PRC DELEGATED CO-COMMISSIONING,MILE OAK MEDICAL CENTRE,25260123,565.94
Department of Health,NHS Brighton & Hove CCG,12/31/2018,C&M-GMS Prem Actual Rent,PRC DELEGATED CO-COMMISSIONING,MILE OAK MEDICAL CENTRE,25260123,"58,125.00"
Department of Health,NHS Brighton & Hove CCG,12/31/2018,C&M-GMS QOF Aspiration,PRC DELEGATED CO-COMMISSIONING,MILE OAK MEDICAL CENTRE,25260123,"5,698.57"
Department of Health,NHS Brighton & Hove CCG,12/31/2018,C&M-GMS DES Extended Hours Access,PRC DELEGATED CO-COMMISSIONING,MILE OAK MEDICAL CENTRE,25320366,"3,829.00"
Department of Health,NHS Brighton & Hove CCG,12/31/2018,C&M-GMS PCO Other,PRC DELEGATED CO-COMMISSIONING,MILE OAK MEDICAL CENTRE,25320366,565.94
Department of Health,NHS Brighton & Hove CCG,12/31/2018,C&M-GMS Prem Actual Rent,PRC DELEGATED CO-COMMISSIONING,MILE OAK MEDICAL CENTRE,25320366,"58,125.00"
Department of Health,NHS Brighton & Hove CCG,12/31/2018,Cont Care-Learning Disab(<65),CHC ADULT FULLY FUNDED,MODUS CARE LTD,25133133,"28,186.24"
Department of Health,NHS Brighton & Hove CCG,12/31/2018,C&M-GMS Global Sum,PRC DELEGATED CO-COMMISSIONING,MONTPELIER SURGERY,25260113,"38,889.99"
Department of Health,NHS Brighton & Hove CCG,12/31/2018,C&M-GMS MPIG Correction Factor,PRC DELEGATED CO-COMMISSIONING,MONTPELIER SURGERY,25260113,352.17
Department of Health,NHS Brighton & Hove CCG,12/31/2018,C&M-GMS PCO Seniority,PRC DELEGATED CO-COMMISSIONING,MONTPELIER SURGERY,25260113,624.41
Department of Health,NHS Brighton & Hove CCG,12/31/2018,C&M-GMS Prem Actual Rent,PRC DELEGATED CO-COMMISSIONING,MONTPELIER SURGERY,25260113,"1,983.33"
Department of Health,NHS Brighton & Hove CCG,12/31/2018,C&M-GMS Prem Water Rates,PRC DELEGATED CO-COMMISSIONING,MONTPELIER SURGERY,25260113,121.74
Department of Health,NHS Brighton & Hove CCG,12/31/2018,C&M-GMS QOF Aspiration,PRC DELEGATED CO-COMMISSIONING,MONTPELIER SURGERY,25260113,"2,859.12"
Department of Health,NHS Brighton & Hove CCG,12/31/2018,ME-GMS GP Pension EEs Adjustments,PRC DELEGATED CO-COMMISSIONING,MONTPELIER SURGERY,25260113,215.99
Department of Health,NHS Brighton & Hove CCG,12/31/2018,ME-GMS GP Pension ERs Adjustments,PRC DELEGATED CO-COMMISSIONING,MONTPELIER SURGERY,25260113,333.99
Department of Health,NHS Brighton & Hove CCG,12/31/2018,Clinical&Medical-Serv Recd-CCGs,Winter Resilience,NHS HIGH WEALD LEWES HAVENS CCG,25303621,"507,000.00"
Department of Health,NHS Brighton & Hove CCG,12/31/2018,Charges from CCG,GENERAL RESERVE - PROGRAMME,NHS HIGH WEALD LEWES HAVENS CCG,25376132,"39,312.00"
Department of Health,NHS Brighton & Hove CCG,12/31/2018,Programme Support Costs,GENERAL RESERVE - PROGRAMME,NHS HIGH WEALD LEWES HAVENS CCG,25376142,"51,904.00"
Department of Health,NHS Brighton & Hove CCG,12/31/2018,Clinical&Medical-Commercial Sector,COLLABORATIVE COMMISSIONING,NHS HORSHAM AND MID SUSSEX CCG,25077311,"1,462,507.71"
Department of Health,NHS Brighton & Hove CCG,12/31/2018,Charges from CSU,PRIMARY CARE IT,NHS NEL CSU,25217905,"25,395.02"
Department of Health,NHS Brighton & Hove CCG,12/31/2018,Charges from CSU,PRIMARY CARE IT,NHS NEL CSU,25218065,"25,395.02"
Department of Health,NHS Brighton & Hove CCG,12/31/2018,Charges from CSU,CONTRACT MANAGEMENT,NHS SOUTH CENTRAL AND WEST COMMISSIONING SUPPORT UNIT,25133108,"60,050.95"
Department of Health,NHS Brighton & Hove CCG,12/31/2018,Clinical&Medical-Commercial Sector,PLANNED CARE,OPTUM HEALTH SOLUTIONS (UK) LTD,25272900,"78,918.00"
Department of Health,NHS Brighton & Hove CCG,12/31/2018,C&M-GMS Global Sum,PRC DELEGATED CO-COMMISSIONING,PARK CRESCENT HEALTH CENTRE,25260115,"85,518.92"
Department of Health,NHS Brighton & Hove CCG,12/31/2018,C&M-GMS MPIG Correction Factor,PRC DELEGATED CO-COMMISSIONING,PARK CRESCENT HEALTH CENTRE,25260115,"1,024.85"
Department of Health,NHS Brighton & Hove CCG,12/31/2018,C&M-GMS PCO Seniority,PRC DELEGATED CO-COMMISSIONING,PARK CRESCENT HEALTH CENTRE,25260115,"1,258.46"
Department of Health,NHS Brighton & Hove CCG,12/31/2018,C&M-GMS Prem Actual Rent,PRC DELEGATED CO-COMMISSIONING,PARK CRESCENT HEALTH CENTRE,25260115,"52,257.00"
Department of Health,NHS Brighton & Hove CCG,12/31/2018,C&M-GMS Prem Rates,PRC DELEGATED CO-COMMISSIONING,PARK CRESCENT HEALTH CENTRE,25260115,"6,656.00"
Department of Health,NHS Brighton & Hove CCG,12/31/2018,C&M-GMS QOF Aspiration,PRC DELEGATED CO-COMMISSIONING,PARK CRESCENT HEALTH CENTRE,25260115,"5,352.18"
Department of Health,NHS Brighton & Hove CCG,12/31/2018,ME-GMS GP Pension EEs Adjustments,PRC DELEGATED CO-COMMISSIONING,PARK CRESCENT HEALTH CENTRE,25260115,"8,128.19"
Department of Health,NHS Brighton & Hove CCG,12/31/2018,ME-GMS GP Pension ERs Adjustments,PRC DELEGATED CO-COMMISSIONING,PARK CRESCENT HEALTH CENTRE,25260115,"8,060.92"
Department of Health,NHS Brighton & Hove CCG,12/31/2018,C&M-GMS Prem Actual Rent,PRC DELEGATED CO-COMMISSIONING,PARK CRESCENT HEALTH CENTRE,25320359,"52,257.00"
Department of Health,NHS Brighton & Hove CCG,12/31/2018,C&M-GMS Prem Rates,PRC DELEGATED CO-COMMISSIONING,PARK CRESCENT HEALTH CENTRE,25320359,"6,656.00"
Department of Health,NHS Brighton & Hove CCG,12/31/2018,C&M-GMS DES Extended Hours Access,PRC DELEGATED CO-COMMISSIONING,PORTSLADE COUNTY CLINIC,25260125,"3,306.00"
Department of Health,NHS Brighton & Hove CCG,12/31/2018,C&M-GMS Global Sum,PRC DELEGATED CO-COMMISSIONING,PORTSLADE COUNTY CLINIC,25260125,"47,346.02"
Department of Health,NHS Brighton & Hove CCG,12/31/2018,C&M-GMS MPIG Correction Factor,PRC DELEGATED CO-COMMISSIONING,PORTSLADE COUNTY CLINIC,25260125,259.27
Department of Health,NHS Brighton & Hove CCG,12/31/2018,C&M-GMS PCO Seniority,PRC DELEGATED CO-COMMISSIONING,PORTSLADE COUNTY CLINIC,25260125,"2,354.90"
Department of Health,NHS Brighton & Hove CCG,12/31/2018,C&M-GMS Prem Notional Rent,PRC DELEGATED CO-COMMISSIONING,PORTSLADE COUNTY CLINIC,25260125,"4,583.16"
Department of Health,NHS Brighton & Hove CCG,12/31/2018,C&M-GMS Prem Rates,PRC DELEGATED CO-COMMISSIONING,PORTSLADE COUNTY CLINIC,25260125,928
Department of Health,NHS Brighton & Hove CCG,12/31/2018,C&M-GMS QOF Aspiration,PRC DELEGATED CO-COMMISSIONING,PORTSLADE COUNTY CLINIC,25260125,"5,236.53"
Department of Health,NHS Brighton & Hove CCG,12/31/2018,Other professional fees,REABLEMENT,POSSABILITY PEOPLE,25161239,"38,500.00"
Department of Health,NHS Brighton & Hove CCG,12/31/2018,Cont Care-Physical Disab (<65),CHC ADULT FULLY FUNDED,POSSABILITY PEOPLE,25161573,"28,500.00"
Department of Health,NHS Brighton & Hove CCG,12/31/2018,Hcare Srv Rec Fdtn Trust-CQUIN,ACUTE COMMISSIONING,QUEEN VICTORIA HOSPITAL NHS FOUNDATION TRUST,25029115,"1,242.98"
Department of Health,NHS Brighton & Hove CCG,12/31/2018,Hcare Srv Rec Fdtn Trust-Contract Baseline,ACUTE COMMISSIONING,QUEEN VICTORIA HOSPITAL NHS FOUNDATION TRUST,25029115,"99,438.02"
Department of Health,NHS Brighton & Hove CCG,12/31/2018,C&M-GMS DES Extended Hours Access,PRC DELEGATED CO-COMMISSIONING,REGENCY SURGERY,25260121,"2,080.00"
Department of Health,NHS Brighton & Hove CCG,12/31/2018,C&M-GMS Global Sum,PRC DELEGATED CO-COMMISSIONING,REGENCY SURGERY,25260121,"33,802.29"
Department of Health,NHS Brighton & Hove CCG,12/31/2018,C&M-GMS MPIG Correction Factor,PRC DELEGATED CO-COMMISSIONING,REGENCY SURGERY,25260121,841.05
Department of Health,NHS Brighton & Hove CCG,12/31/2018,C&M-GMS PCO Seniority,PRC DELEGATED CO-COMMISSIONING,REGENCY SURGERY,25260121,649.32
Department of Health,NHS Brighton & Hove CCG,12/31/2018,C&M-GMS Prem Actual Rent,PRC DELEGATED CO-COMMISSIONING,REGENCY SURGERY,25260121,"13,752.23"
Department of Health,NHS Brighton & Hove CCG,12/31/2018,C&M-GMS Prem Water Rates,PRC DELEGATED CO-COMMISSIONING,REGENCY SURGERY,25260121,490.95
Department of Health,NHS Brighton & Hove CCG,12/31/2018,C&M-GMS QOF Aspiration,PRC DELEGATED CO-COMMISSIONING,REGENCY SURGERY,25260121,"2,821.15"
Department of Health,NHS Brighton & Hove CCG,12/31/2018,Hcare Srv Rec Fdtn Trust-CQUIN,ACUTE COMMISSIONING,ROYAL MARSDEN NHS FOUNDATION TRUST (THE),25133129,518.93
Department of Health,NHS Brighton & Hove CCG,12/31/2018,Hcare Srv Rec Fdtn Trust-Contract Baseline,ACUTE COMMISSIONING,ROYAL MARSDEN NHS FOUNDATION TRUST (THE),25133129,"41,514.15"
Department of Health,NHS Brighton & Hove CCG,12/31/2018,Hcare Srv Rec NHS Trust-Contract Baseline,ACUTE COMMISSIONING,ROYAL NATIONAL ORTHOPAEDIC HOSPITAL NHS TRUST,25029097,"28,845.00"
Department of Health,NHS Brighton & Hove CCG,12/31/2018,Hcare Srv Rec Fdtn Trust-CQUIN,ACUTE COMMISSIONING,ROYAL SURREY COUNTY HOSPITAL NHS FOUNDATION TRUST,25133127,"1,922.00"
Department of Health,NHS Brighton & Hove CCG,12/31/2018,Hcare Srv Rec Fdtn Trust-Contract Baseline,ACUTE COMMISSIONING,ROYAL SURREY COUNTY HOSPITAL NHS FOUNDATION TRUST,25133127,"38,428.00"
Department of Health,NHS Brighton & Hove CCG,12/31/2018,C&M-GMS Global Sum,PRC DELEGATED CO-COMMISSIONING,SALTDEAN & ROTTINGDEAN MEDICAL PRACTICE,25260127,"80,902.44"
Department of Health,NHS Brighton & Hove CCG,12/31/2018,C&M-GMS PCO Seniority,PRC DELEGATED CO-COMMISSIONING,SALTDEAN & ROTTINGDEAN MEDICAL PRACTICE,25260127,"4,215.42"
Department of Health,NHS Brighton & Hove CCG,12/31/2018,C&M-GMS Prem Actual Rent,PRC DELEGATED CO-COMMISSIONING,SALTDEAN & ROTTINGDEAN MEDICAL PRACTICE,25260127,"36,216.60"
Department of Health,NHS Brighton & Hove CCG,12/31/2018,C&M-GMS QOF Aspiration,PRC DELEGATED CO-COMMISSIONING,SALTDEAN & ROTTINGDEAN MEDICAL PRACTICE,25260127,"6,934.33"
Department of Health,NHS Brighton & Hove CCG,12/31/2018,C&M-GMS Prem Actual Rent,PRC DELEGATED CO-COMMISSIONING,SALTDEAN & ROTTINGDEAN MEDICAL PRACTICE,25320370,"36,216.60"
Department of Health,NHS Brighton & Hove CCG,12/31/2018,Clinical&Medical-Independent Sector,MENTAL HEALTH SERVICES - OTHER,SANCTUARY HOUSING ASSOCIATION,25244193,"87,627.00"
Department of Health,NHS Brighton & Hove CCG,12/31/2018,Hcare Srv Rec Fdtn Trust-Contract Baseline,NHS 111,SOUTH EAST COAST AMBULANCE SERVICE NHS FOUNDATION TRUST,25077317,"100,577.33"
Department of Health,NHS Brighton & Hove CCG,12/31/2018,Hcare Srv Rec Fdtn Trust-CQUIN,AMBULANCE SERVICES,SOUTH EAST COAST AMBULANCE SERVICE NHS FOUNDATION TRUST,25133130,"26,804.59"
Department of Health,NHS Brighton & Hove CCG,12/31/2018,Hcare Srv Rec Fdtn Trust-Contract Baseline,AMBULANCE SERVICES,SOUTH EAST COAST AMBULANCE SERVICE NHS FOUNDATION TRUST,25133130,"1,072,120.00"
Department of Health,NHS Brighton & Hove CCG,12/31/2018,Clinical&Medical-Commercial Sector,PLANNED CARE,SPECSAVERS HEARCARE LTD,25133042,"31,182.27"
Department of Health,NHS Brighton & Hove CCG,12/31/2018,Clinical&Medical-Commercial Sector,PLANNED CARE,SPECSAVERS HEARCARE LTD,25133058,"38,253.48"
Department of Health,NHS Brighton & Hove CCG,12/31/2018,Clinical&Medical-Commercial Sector,ACUTE COMMISSIONING,SPIRE HEALTHCARE LTD,25029121,"61,255.00"
Department of Health,NHS Brighton & Hove CCG,12/31/2018,Hcare Srv Rec Fdtn Trust-CQUIN,ACUTE COMMISSIONING,ST GEORGES UNIVERSITY HOSPITALS NHS FOUNDATION TRUST,25029034,408.04
Department of Health,NHS Brighton & Hove CCG,12/31/2018,Hcare Srv Rec Fdtn Trust-Contract Baseline,ACUTE COMMISSIONING,ST GEORGES UNIVERSITY HOSPITALS NHS FOUNDATION TRUST,25029034,"32,643.36"
Department of Health,NHS Brighton & Hove CCG,12/31/2018,C&M-GMS GP Statutory Levy,PRC DELEGATED CO-COMMISSIONING,ST PETERS MEDICAL CENTRE (BRIGHTON),25283992,-502.91
Department of Health,NHS Brighton & Hove CCG,12/31/2018,C&M-GMS PCO Seniority,PRC DELEGATED CO-COMMISSIONING,ST PETERS MEDICAL CENTRE (BRIGHTON),25283992,"-18,930.59"
Department of Health,NHS Brighton & Hove CCG,12/31/2018,C&M-GMS Voluntary Levy,PRC DELEGATED CO-COMMISSIONING,ST PETERS MEDICAL CENTRE (BRIGHTON),25283992,-103.67
Department of Health,NHS Brighton & Hove CCG,12/31/2018,ME - GMS TPS Added Years Adj EEs,PRC DELEGATED CO-COMMISSIONING,ST PETERS MEDICAL CENTRE (BRIGHTON),25283992,-293.61
Department of Health,NHS Brighton & Hove CCG,12/31/2018,ME-GMS GP Pension EEs,PRC DELEGATED CO-COMMISSIONING,ST PETERS MEDICAL CENTRE (BRIGHTON),25283992,"-6,923.53"
Department of Health,NHS Brighton & Hove CCG,12/31/2018,ME-GMS GP Pension ERs Adjustments,PRC DELEGATED CO-COMMISSIONING,ST PETERS MEDICAL CENTRE (BRIGHTON),25283992,"-7,428.25"
Department of Health,NHS Brighton & Hove CCG,12/31/2018,ME-GMS GP Prior Year AVCs,PRC DELEGATED CO-COMMISSIONING,ST PETERS MEDICAL CENTRE (BRIGHTON),25283992,"-1,978.38"
Department of Health,NHS Brighton & Hove CCG,12/31/2018,C&M-GMS DES Extended Hours Access,PRC DELEGATED CO-COMMISSIONING,ST PETERS MEDICAL CENTRE (BRIGHTON),25283993,"6,649.33"
Department of Health,NHS Brighton & Hove CCG,12/31/2018,C&M-GMS Global Sum,PRC DELEGATED CO-COMMISSIONING,ST PETERS MEDICAL CENTRE (BRIGHTON),25283993,"80,497.35"
Department of Health,NHS Brighton & Hove CCG,12/31/2018,C&M-GMS MPIG Correction Factor,PRC DELEGATED CO-COMMISSIONING,ST PETERS MEDICAL CENTRE (BRIGHTON),25283993,742.78
Department of Health,NHS Brighton & Hove CCG,12/31/2018,C&M-GMS PCO Seniority,PRC DELEGATED CO-COMMISSIONING,ST PETERS MEDICAL CENTRE (BRIGHTON),25283993,"1,662.46"
Department of Health,NHS Brighton & Hove CCG,12/31/2018,C&M-GMS Prem Actual Rent,PRC DELEGATED CO-COMMISSIONING,ST PETERS MEDICAL CENTRE (BRIGHTON),25283993,"18,804.00"
Department of Health,NHS Brighton & Hove CCG,12/31/2018,C&M-GMS Prem Rates,PRC DELEGATED CO-COMMISSIONING,ST PETERS MEDICAL CENTRE (BRIGHTON),25283993,"2,220.00"
Department of Health,NHS Brighton & Hove CCG,12/31/2018,C&M-GMS QOF Aspiration,PRC DELEGATED CO-COMMISSIONING,ST PETERS MEDICAL CENTRE (BRIGHTON),25283993,"7,508.80"
Department of Health,NHS Brighton & Hove CCG,12/31/2018,ME-GMS GP Pension AVCs,PRC DELEGATED CO-COMMISSIONING,ST PETERS MEDICAL CENTRE (BRIGHTON),25283993,589.04
Department of Health,NHS Brighton & Hove CCG,12/31/2018,ME-GMS GP Pension EEs Adjustments,PRC DELEGATED CO-COMMISSIONING,ST PETERS MEDICAL CENTRE (BRIGHTON),25283993,353.04
Department of Health,NHS Brighton & Hove CCG,12/31/2018,ME-GMS GP Pension ERs Adjustments,PRC DELEGATED CO-COMMISSIONING,ST PETERS MEDICAL CENTRE (BRIGHTON),25283993,406.14
Department of Health,NHS Brighton & Hove CCG,12/31/2018,C&M-GMS DES Extended Hours Access,PRC DELEGATED CO-COMMISSIONING,ST PETERS MEDICAL CENTRE (BRIGHTON),25320376,"6,649.33"
Department of Health,NHS Brighton & Hove CCG,12/31/2018,C&M-GMS Prem Actual Rent,PRC DELEGATED CO-COMMISSIONING,ST PETERS MEDICAL CENTRE (BRIGHTON),25320376,"18,804.00"
Department of Health,NHS Brighton & Hove CCG,12/31/2018,C&M-GMS Prem Rates,PRC DELEGATED CO-COMMISSIONING,ST PETERS MEDICAL CENTRE (BRIGHTON),25320376,"2,220.00"
Department of Health,NHS Brighton & Hove CCG,12/31/2018,Hcare Srv Rec NHS Trust-CQUIN,ACUTE COMMISSIONING,SURREY AND SUSSEX HEALTHCARE NHS TRUST,25133123,"1,000.00"
Department of Health,NHS Brighton & Hove CCG,12/31/2018,Hcare Srv Rec NHS Trust-Contract Baseline,ACUTE COMMISSIONING,SURREY AND SUSSEX HEALTHCARE NHS TRUST,25133123,"81,083.00"
Department of Health,NHS Brighton & Hove CCG,12/31/2018,Hcare Srv Rec Fdtn Trust-CQUIN,COMMUNITY SERVICES,SUSSEX COMMUNITY NHS FOUNDATION TRUST,25198359,"28,463.93"
Department of Health,NHS Brighton & Hove CCG,12/31/2018,Hcare Srv Rec Fdtn Trust-Contract Baseline,COMMUNITY SERVICES,SUSSEX COMMUNITY NHS FOUNDATION TRUST,25198359,"2,277,114.07"
Department of Health,NHS Brighton & Hove CCG,12/31/2018,Hlthcre-Foundation Trsts,NON RECURRENT PROGRAMMES,SUSSEX PARTNERSHIP NHS FOUNDATION TRUST,25077210,"56,000.00"
Department of Health,NHS Brighton & Hove CCG,12/31/2018,Hcare Srv Rec Fdtn Trust-CQUIN,MENTAL HEALTH CONTRACTS,SUSSEX PARTNERSHIP NHS FOUNDATION TRUST,25176967,"33,325.00"
Department of Health,NHS Brighton & Hove CCG,12/31/2018,Hcare Srv Rec Fdtn Trust-Contract Baseline,MENTAL HEALTH CONTRACTS,SUSSEX PARTNERSHIP NHS FOUNDATION TRUST,25176967,"2,971,339.00"
Department of Health,NHS Brighton & Hove CCG,12/31/2018,C&M-GMS DES Extended Hours Access,PRC DELEGATED CO-COMMISSIONING,TRINITY MEDICAL CENTRE HOVE,25260131,"8,887.00"
Department of Health,NHS Brighton & Hove CCG,12/31/2018,C&M-GMS Global Sum,PRC DELEGATED CO-COMMISSIONING,TRINITY MEDICAL CENTRE HOVE,25260131,"155,623.47"
Department of Health,NHS Brighton & Hove CCG,12/31/2018,C&M-GMS MPIG Correction Factor,PRC DELEGATED CO-COMMISSIONING,TRINITY MEDICAL CENTRE HOVE,25260131,845.09
Department of Health,NHS Brighton & Hove CCG,12/31/2018,C&M-GMS PCO Locum Adop/Pat/Mat,PRC DELEGATED CO-COMMISSIONING,TRINITY MEDICAL CENTRE HOVE,25260131,"6,204.00"
Department of Health,NHS Brighton & Hove CCG,12/31/2018,C&M-GMS PCO Other,PRC DELEGATED CO-COMMISSIONING,TRINITY MEDICAL CENTRE HOVE,25260131,"1,237.99"
Department of Health,NHS Brighton & Hove CCG,12/31/2018,C&M-GMS PCO Seniority,PRC DELEGATED CO-COMMISSIONING,TRINITY MEDICAL CENTRE HOVE,25260131,"3,876.88"
Department of Health,NHS Brighton & Hove CCG,12/31/2018,C&M-GMS Prem Rates,PRC DELEGATED CO-COMMISSIONING,TRINITY MEDICAL CENTRE HOVE,25260131,"8,430.00"
Department of Health,NHS Brighton & Hove CCG,12/31/2018,C&M-GMS QOF Aspiration,PRC DELEGATED CO-COMMISSIONING,TRINITY MEDICAL CENTRE HOVE,25260131,"11,634.80"
Department of Health,NHS Brighton & Hove CCG,12/31/2018,Hcare Srv Rec Fdtn Trust-CQUIN,ACUTE COMMISSIONING,UNIVERSITY COLLEGE LONDON HOSPITALS NHS FOUNDATION TRUST,25029039,713.63
Department of Health,NHS Brighton & Hove CCG,12/31/2018,Hcare Srv Rec Fdtn Trust-Contract Baseline,ACUTE COMMISSIONING,UNIVERSITY COLLEGE LONDON HOSPITALS NHS FOUNDATION TRUST,25029039,"57,090.37"
Department of Health,NHS Brighton & Hove CCG,12/31/2018,Clinical&Medical-Clinical Other,INTERMEDIATE CARE,VICTORIA NURSING GROUP LTD,25244253,"26,785.71"
Department of Health,NHS Brighton & Hove CCG,12/31/2018,Non NHS Payables <1Yr,BALANCE SHEET,WELLSBOURNE HEALTHCARE CIC,25176774,"64,782.13"
Department of Health,NHS Brighton & Hove CCG,12/31/2018,Non NHS Payables <1Yr,BALANCE SHEET,WELLSBOURNE HEALTHCARE CIC,25176805,"100,243.75"
Department of Health,NHS Brighton & Hove CCG,12/31/2018,Non NHS Payables <1Yr,BALANCE SHEET,WELLSBOURNE HEALTHCARE CIC,25176978,"-100,243.75"
Department of Health,NHS Brighton & Hove CCG,12/31/2018,Non NHS Payables <1Yr,BALANCE SHEET,WELLSBOURNE HEALTHCARE CIC,25178984,"-64,782.13"
Department of Health,NHS Brighton & Hove CCG,12/31/2018,C&M-APMS Contract Value,PRC DELEGATED CO-COMMISSIONING,WELLSBOURNE HEALTHCARE CIC,25218139,"93,887.24"
Department of Health,NHS Brighton & Hove CCG,12/31/2018,C&M-APMS Contract Value,PRC DELEGATED CO-COMMISSIONING,WELLSBOURNE HEALTHCARE CIC,25218229,"93,887.24"
Department of Health,NHS Brighton & Hove CCG,12/31/2018,Hcare Srv Rec Fdtn Trust-CQUIN,ACUTE COMMISSIONING,WESTERN SUSSEX HOSPITALS NHS FOUNDATION TRUST,25077324,"5,342.00"
Department of Health,NHS Brighton & Hove CCG,12/31/2018,Hcare Srv Rec Fdtn Trust-Contract Baseline,ACUTE COMMISSIONING,WESTERN SUSSEX HOSPITALS NHS FOUNDATION TRUST,25077324,"427,368.00"
Department of Health,NHS Brighton & Hove CCG,12/31/2018,Hcare Srv Rec Fdtn Trust-Over/ Under Performance,ACUTE COMMISSIONING,WESTERN SUSSEX HOSPITALS NHS FOUNDATION TRUST,25133037,"42,473.98"
Department of Health,NHS Brighton & Hove CCG,12/31/2018,Hcare Srv Rec Fdtn Trust-Over/ Under Performance,ACUTE COMMISSIONING,WESTERN SUSSEX HOSPITALS NHS FOUNDATION TRUST,25133053,"66,712.79"
