Department family,Entity,Date,Expense Type,Expense area,Supplier,Transaction number,AP Amount (�)
Department of Health,NHS Brighton & Hove CCG,3/31/2019,Participation Fees,PLANNED CARE,ALBION IN THE COMMUNITY,26609027,"45,000.00"
Department of Health,NHS Brighton & Hove CCG,3/31/2019,Programme Support Costs,COMMUNITY SERVICES,ARCH HEALTH CIC,26393467,"42,833.08"
Department of Health,NHS Brighton & Hove CCG,3/31/2019,C&M-APMS Contract Value,PRC DELEGATED CO-COMMISSIONING,ARCH HEALTH CIC,26474653,"36,588.58"
Department of Health,NHS Brighton & Hove CCG,3/31/2019,C&M-PMS QOF Aspiration,PRC DELEGATED CO-COMMISSIONING,ARCH HEALTH CIC,26474653,"1,360.34"
Department of Health,NHS Brighton & Hove CCG,3/31/2019,C&M-GMS Global Sum,PRC DELEGATED CO-COMMISSIONING,ARDINGLY COURT SURGERY,26474657,"48,944.24"
Department of Health,NHS Brighton & Hove CCG,3/31/2019,C&M-GMS PCO Seniority,PRC DELEGATED CO-COMMISSIONING,ARDINGLY COURT SURGERY,26474657,686.81
Department of Health,NHS Brighton & Hove CCG,3/31/2019,C&M-GMS Prem Actual Rent,PRC DELEGATED CO-COMMISSIONING,ARDINGLY COURT SURGERY,26474657,"10,075.00"
Department of Health,NHS Brighton & Hove CCG,3/31/2019,C&M-GMS QOF Aspiration,PRC DELEGATED CO-COMMISSIONING,ARDINGLY COURT SURGERY,26474657,"8,318.17"
Department of Health,NHS Brighton & Hove CCG,3/31/2019,Hcare Srv Rec NHS Trust-Non Contract,NCAS/OATS,BARTS HEALTH NHS TRUST,26508507,"33,806.54"
Department of Health,NHS Brighton & Hove CCG,3/31/2019,Clinical&Medical-Commercial Sector,LONG TERM CONDITIONS,BOOTS UK LTD,26221948,"61,853.11"
Department of Health,NHS Brighton & Hove CCG,3/31/2019,Clinical&Medical-Commercial Sector,LONG TERM CONDITIONS,BOOTS UK LTD,26222016,"61,623.37"
Department of Health,NHS Brighton & Hove CCG,3/31/2019,Clinical&Medical-Commercial Sector,LONG TERM CONDITIONS,BOOTS UK LTD,26608995,"61,114.92"
Department of Health,NHS Brighton & Hove CCG,3/31/2019,Clinical&Medical-Voluntary Sector,PLANNED CARE,BPAS,26605947,"127,000.00"
Department of Health,NHS Brighton & Hove CCG,3/31/2019,Clinical&Medical-Othe Public Sector,DEMENTIA,BRIGHTON & HOVE CITY COUNCIL,26266013,"45,932.00"
Department of Health,NHS Brighton & Hove CCG,3/31/2019,Clinical&Medical-Othe Public Sector,DEMENTIA,BRIGHTON & HOVE CITY COUNCIL,26266035,"122,680.00"
Department of Health,NHS Brighton & Hove CCG,3/31/2019,Clinical&Medical-Othe Public Sector,Mental Health Services - S117 Mental Health,BRIGHTON & HOVE CITY COUNCIL,26292769,"850,076.50"
Department of Health,NHS Brighton & Hove CCG,3/31/2019,Clinical&Medical-Othe Public Sector,CARERS,BRIGHTON & HOVE CITY COUNCIL,26292771,"33,569.00"
Department of Health,NHS Brighton & Hove CCG,3/31/2019,Clinical&Medical-Othe Public Sector,COMMISSIONING - NON ACUTE,BRIGHTON & HOVE CITY COUNCIL,26292771,"22,679.00"
Department of Health,NHS Brighton & Hove CCG,3/31/2019,Soc Care-Community Equp&Adaptations,COMMUNITY SERVICES,BRIGHTON & HOVE CITY COUNCIL,26292771,"183,043.00"
Department of Health,NHS Brighton & Hove CCG,3/31/2019,Soc Care-Other Soc Care,CARERS,BRIGHTON & HOVE CITY COUNCIL,26292771,"29,083.00"
Department of Health,NHS Brighton & Hove CCG,3/31/2019,Soc Care-Other Soc Care,COMMISSIONING - NON ACUTE,BRIGHTON & HOVE CITY COUNCIL,26292771,"366,500.00"
Department of Health,NHS Brighton & Hove CCG,3/31/2019,Clinical&Medical-Othe Public Sector,Mental Health Services - S117 Mental Health,BRIGHTON & HOVE CITY COUNCIL,26292773,"850,076.50"
Department of Health,NHS Brighton & Hove CCG,3/31/2019,Services From Local Authorities,CHILDREN SERVICES,BRIGHTON & HOVE CITY COUNCIL,26399235,"43,000.00"
Department of Health,NHS Brighton & Hove CCG,3/31/2019,Rent,ESTATES AND FACILITIES,BRIGHTON & HOVE CITY COUNCIL,26486550,"24,032.50"
Department of Health,NHS Brighton & Hove CCG,3/31/2019,Rent,RECHARGES NHS PROPERTY SERVICES LTD,BRIGHTON & HOVE CITY COUNCIL,26486550,"16,021.68"
Department of Health,NHS Brighton & Hove CCG,3/31/2019,Cont Care- Adult Joint Funded,ADULT JOINT FUNDED CONTINUING CARE,BRIGHTON & HOVE CITY COUNCIL,26486562,"-48,022.86"
Department of Health,NHS Brighton & Hove CCG,3/31/2019,Clinical&Medical-Othe Public Sector,REABLEMENT,BRIGHTON & HOVE CITY COUNCIL,26502584,"202,277.00"
Department of Health,NHS Brighton & Hove CCG,3/31/2019,Cont Care- Adult Joint Funded,ADULT JOINT FUNDED CONTINUING CARE,BRIGHTON & HOVE CITY COUNCIL,26508601,"158,545.89"
Department of Health,NHS Brighton & Hove CCG,3/31/2019,Cont Care- Adult Joint Funded,ADULT JOINT FUNDED CONTINUING CARE,BRIGHTON & HOVE CITY COUNCIL,26508650,"157,054.24"
Department of Health,NHS Brighton & Hove CCG,3/31/2019,Programme Support Costs,IM&T PROJECTS,BRIGHTON & HOVE CITY COUNCIL,26508764,"45,000.00"
Department of Health,NHS Brighton & Hove CCG,3/31/2019,Clinical&Medical-Othe Public Sector,CARERS,BRIGHTON & HOVE CITY COUNCIL,26508769,"33,569.00"
Department of Health,NHS Brighton & Hove CCG,3/31/2019,Clinical&Medical-Othe Public Sector,COMMISSIONING - NON ACUTE,BRIGHTON & HOVE CITY COUNCIL,26508769,"22,679.00"
Department of Health,NHS Brighton & Hove CCG,3/31/2019,Clinical&Medical-Voluntary Sector,CARERS,BRIGHTON & HOVE CITY COUNCIL,26508769,"29,083.00"
Department of Health,NHS Brighton & Hove CCG,3/31/2019,Soc Care-Community Equp&Adaptations,COMMUNITY SERVICES,BRIGHTON & HOVE CITY COUNCIL,26508769,"183,043.00"
Department of Health,NHS Brighton & Hove CCG,3/31/2019,Soc Care-Other Soc Care,COMMISSIONING - NON ACUTE,BRIGHTON & HOVE CITY COUNCIL,26508769,"366,500.00"
Department of Health,NHS Brighton & Hove CCG,3/31/2019,Clinical&Medical-Othe Public Sector,MENTAL HEALTH SERVICES - OTHER,BRIGHTON & HOVE CITY COUNCIL,26508777,"50,000.00"
Department of Health,NHS Brighton & Hove CCG,3/31/2019,Insurance Costs,ESTATES AND FACILITIES,BRIGHTON & HOVE CITY COUNCIL,26557838,"34,473.60"
Department of Health,NHS Brighton & Hove CCG,3/31/2019,Insurance Costs,RECHARGES NHS PROPERTY SERVICES LTD,BRIGHTON & HOVE CITY COUNCIL,26557838,"22,982.40"
Department of Health,NHS Brighton & Hove CCG,3/31/2019,Clinical&Medical-Othe Public Sector,PLANNED CARE,BRIGHTON & HOVE CITY COUNCIL,26605898,"45,000.00"
Department of Health,NHS Brighton & Hove CCG,3/31/2019,Clinical&Medical-Othe Public Sector,INTERMEDIATE CARE,BRIGHTON & HOVE CITY COUNCIL,26605909,"35,025.00"
Department of Health,NHS Brighton & Hove CCG,3/31/2019,Clinical&Medical-Othe Public Sector,INTERMEDIATE CARE,BRIGHTON & HOVE CITY COUNCIL,26605913,"35,025.00"
Department of Health,NHS Brighton & Hove CCG,3/31/2019,Clinical&Medical-Othe Public Sector,PLANNED CARE,BRIGHTON & HOVE CITY COUNCIL,26605917,"50,000.00"
Department of Health,NHS Brighton & Hove CCG,3/31/2019,Clinical&Medical-Othe Public Sector,INTERMEDIATE CARE,BRIGHTON & HOVE CITY COUNCIL,26605921,"35,500.00"
Department of Health,NHS Brighton & Hove CCG,3/31/2019,Clinical&Medical-Othe Public Sector,DEMENTIA,BRIGHTON & HOVE CITY COUNCIL,26605923,"6,446.00"
Department of Health,NHS Brighton & Hove CCG,3/31/2019,Clinical&Medical-Othe Public Sector,INTERMEDIATE CARE,BRIGHTON & HOVE CITY COUNCIL,26605923,"39,763.00"
Department of Health,NHS Brighton & Hove CCG,3/31/2019,Clinical&Medical-Othe Public Sector,PLANNED CARE,BRIGHTON & HOVE CITY COUNCIL,26605931,"45,000.00"
Department of Health,NHS Brighton & Hove CCG,3/31/2019,Clinical&Medical-Othe Public Sector,INTERMEDIATE CARE,BRIGHTON & HOVE CITY COUNCIL,26605938,"35,025.00"
Department of Health,NHS Brighton & Hove CCG,3/31/2019,Clinical&Medical-Othe Public Sector,INTERMEDIATE CARE,BRIGHTON & HOVE CITY COUNCIL,26605942,"25,199.00"
Department of Health,NHS Brighton & Hove CCG,3/31/2019,Clinical&Medical-Othe Public Sector,INTERMEDIATE CARE,BRIGHTON & HOVE CITY COUNCIL,26605954,"54,680.00"
Department of Health,NHS Brighton & Hove CCG,3/31/2019,Clinical&Medical-Othe Public Sector,INTERMEDIATE CARE,BRIGHTON & HOVE CITY COUNCIL,26608998,"25,199.00"
Department of Health,NHS Brighton & Hove CCG,3/31/2019,Clinical&Medical-Othe Public Sector,INTERMEDIATE CARE,BRIGHTON & HOVE CITY COUNCIL,26609000,"35,025.00"
Department of Health,NHS Brighton & Hove CCG,3/31/2019,Professional Fees,CONTRACT MANAGEMENT,BRIGHTON & HOVE CITY COUNCIL,26609032,"33,949.00"
Department of Health,NHS Brighton & Hove CCG,3/31/2019,Clinical&Medical-Othe Public Sector,INTERMEDIATE CARE,BRIGHTON & HOVE CITY COUNCIL,26610935,"169,618.00"
Department of Health,NHS Brighton & Hove CCG,3/31/2019,Cont Care- Adult Joint Funded,ADULT JOINT FUNDED CONTINUING CARE,BRIGHTON & HOVE CITY COUNCIL,26623000,"45,398.57"
Department of Health,NHS Brighton & Hove CCG,3/31/2019,Hcare Srv Rec NHS Trust-CQUIN,ACUTE COMMISSIONING,BRIGHTON AND SUSSEX UNIVERSITY HOSPITALS NHS TRUST,26292772,"256,883.00"
Department of Health,NHS Brighton & Hove CCG,3/31/2019,Hcare Srv Rec NHS Trust-Contract Baseline,ACUTE COMMISSIONING,BRIGHTON AND SUSSEX UNIVERSITY HOSPITALS NHS TRUST,26292772,"10,759,036.00"
Department of Health,NHS Brighton & Hove CCG,3/31/2019,Hcare Srv Rec NHS Trust,PLANNED CARE,BRIGHTON AND SUSSEX UNIVERSITY HOSPITALS NHS TRUST,26337006,"228,799.59"
Department of Health,NHS Brighton & Hove CCG,3/31/2019,Hcare Srv Rec NHS Trust-CQUIN,PLANNED CARE,BRIGHTON AND SUSSEX UNIVERSITY HOSPITALS NHS TRUST,26337006,"2,045.41"
Department of Health,NHS Brighton & Hove CCG,3/31/2019,Hcare Srv Rec NHS Trust,PLANNED CARE,BRIGHTON AND SUSSEX UNIVERSITY HOSPITALS NHS TRUST,26634655,"97,000.00"
Department of Health,NHS Brighton & Hove CCG,3/31/2019,Hcare Srv Rec NHS Trust,NON RECURRENT PROGRAMMES,BRIGHTON AND SUSSEX UNIVERSITY HOSPITALS NHS TRUST,26639677,"128,250.00"
Department of Health,NHS Brighton & Hove CCG,3/31/2019,Hcare Srv Rec NHS Trust,NON RECURRENT PROGRAMMES,BRIGHTON AND SUSSEX UNIVERSITY HOSPITALS NHS TRUST,26639678,"128,250.00"
Department of Health,NHS Brighton & Hove CCG,3/31/2019,Hcare Srv Rec NHS Trust,NON RECURRENT PROGRAMMES,BRIGHTON AND SUSSEX UNIVERSITY HOSPITALS NHS TRUST,26639679,"128,250.00"
Department of Health,NHS Brighton & Hove CCG,3/31/2019,Hcare Srv Rec NHS Trust,NON RECURRENT PROGRAMMES,BRIGHTON AND SUSSEX UNIVERSITY HOSPITALS NHS TRUST,26639681,"128,250.00"
Department of Health,NHS Brighton & Hove CCG,3/31/2019,C&M-GMS DES Extended Hours Access,PRC DELEGATED CO-COMMISSIONING,BRUNSWICK SURGERY,26474642,"6,361.00"
Department of Health,NHS Brighton & Hove CCG,3/31/2019,C&M-GMS Global Sum,PRC DELEGATED CO-COMMISSIONING,BRUNSWICK SURGERY,26474642,"88,630.57"
Department of Health,NHS Brighton & Hove CCG,3/31/2019,C&M-GMS MPIG Correction Factor,PRC DELEGATED CO-COMMISSIONING,BRUNSWICK SURGERY,26474642,655.48
Department of Health,NHS Brighton & Hove CCG,3/31/2019,C&M-GMS PCO Seniority,PRC DELEGATED CO-COMMISSIONING,BRUNSWICK SURGERY,26474642,686.81
Department of Health,NHS Brighton & Hove CCG,3/31/2019,C&M-GMS Prem Actual Rent,PRC DELEGATED CO-COMMISSIONING,BRUNSWICK SURGERY,26474642,"12,750.00"
Department of Health,NHS Brighton & Hove CCG,3/31/2019,C&M-GMS QOF Aspiration,PRC DELEGATED CO-COMMISSIONING,BRUNSWICK SURGERY,26474642,"5,548.60"
Department of Health,NHS Brighton & Hove CCG,3/31/2019,Cont Care-Learning Disab(<65),CHC ADULT FULLY FUNDED,CARE MANAGMENT GROUP LTD,26458469,"29,502.40"
Department of Health,NHS Brighton & Hove CCG,3/31/2019,C&M-APMS Contract Value,PRC DELEGATED CO-COMMISSIONING,CARE UK (PRIMARY CARE) LTD,26373061,"60,599.06"
Department of Health,NHS Brighton & Hove CCG,3/31/2019,C&M-APMS Contract Value,PRC DELEGATED CO-COMMISSIONING,CARE UK (PRIMARY CARE) LTD,26502585,"153,949.00"
Department of Health,NHS Brighton & Hove CCG,3/31/2019,C&M-APMS Contract Value,PRC DELEGATED CO-COMMISSIONING,CARE UK (PRIMARY CARE) LTD,26609029,"153,949.00"
Department of Health,NHS Brighton & Hove CCG,3/31/2019,Clinical&Medical-Commercial Sector,PRC DELEGATED CO-COMMISSIONING,CARE UK (URGENT CARE) LTD,26418864,"39,682.50"
Department of Health,NHS Brighton & Hove CCG,3/31/2019,Clinical&Medical-Commercial Sector,PRC DELEGATED CO-COMMISSIONING,CARE UK (URGENT CARE) LTD,26458064,"45,608.75"
Department of Health,NHS Brighton & Hove CCG,3/31/2019,Clinical&Medical-Commercial Sector,IMPROVING ACCESS TO PSYCHOLOGICAL THERAPIES,CARE UNBOUND LTD,26265992,"116,499.00"
Department of Health,NHS Brighton & Hove CCG,3/31/2019,Clinical&Medical-Commercial Sector,IMPROVING ACCESS TO PSYCHOLOGICAL THERAPIES,CARE UNBOUND LTD,26266076,"-116,449.00"
Department of Health,NHS Brighton & Hove CCG,3/31/2019,Clinical&Medical-Commercial Sector,GP FORWARD VIEW,CARE UNBOUND LTD,26508555,"116,227.92"
Department of Health,NHS Brighton & Hove CCG,3/31/2019,C&M-Commercial Sector - CQUIN,MENTAL HEALTH CONTRACTS,CARE UNBOUND LTD,26508695,"1,777.00"
Department of Health,NHS Brighton & Hove CCG,3/31/2019,C&M-Independent Sector - CQUIN,IMPROVING ACCESS TO PSYCHOLOGICAL THERAPIES,CARE UNBOUND LTD,26508695,"2,666.00"
Department of Health,NHS Brighton & Hove CCG,3/31/2019,Clinical&Medical-Commercial Sector,MENTAL HEALTH CONTRACTS,CARE UNBOUND LTD,26508695,"142,180.00"
Department of Health,NHS Brighton & Hove CCG,3/31/2019,Clinical&Medical-Independent Sector - Contract Baseline,IMPROVING ACCESS TO PSYCHOLOGICAL THERAPIES,CARE UNBOUND LTD,26508695,"213,270.00"
Department of Health,NHS Brighton & Hove CCG,3/31/2019,Clinical&Medical-Commercial Sector,GP FORWARD VIEW,CARE UNBOUND LTD,26508698,"116,227.92"
Department of Health,NHS Brighton & Hove CCG,3/31/2019,Clinical&Medical-Commercial Sector,DEMENTIA,CARE UNBOUND LTD,26531948,"45,986.44"
Department of Health,NHS Brighton & Hove CCG,3/31/2019,Clinical&Medical-Commercial Sector,INTERMEDIATE CARE,COASTAL HOMECARE (HOVE) LTD,26222029,"71,422.50"
Department of Health,NHS Brighton & Hove CCG,3/31/2019,Clinical&Medical-Commercial Sector,INTERMEDIATE CARE,COASTAL HOMECARE (HOVE) LTD,26222269,"69,108.00"
Department of Health,NHS Brighton & Hove CCG,3/31/2019,Clinical&Medical-Clinical Other,PRESCRIBING,COLDEAN PHARMACY,26337022,"30,870.62"
Department of Health,NHS Brighton & Hove CCG,3/31/2019,C&M-GMS DES Extended Hours Access,PRC DELEGATED CO-COMMISSIONING,DR AMIN,26474602,"1,092.00"
Department of Health,NHS Brighton & Hove CCG,3/31/2019,C&M-GMS Global Sum,PRC DELEGATED CO-COMMISSIONING,DR AMIN,26474602,"16,202.57"
Department of Health,NHS Brighton & Hove CCG,3/31/2019,C&M-GMS PCO Seniority,PRC DELEGATED CO-COMMISSIONING,DR AMIN,26474602,917.97
Department of Health,NHS Brighton & Hove CCG,3/31/2019,C&M-GMS Prem Actual Rent,PRC DELEGATED CO-COMMISSIONING,DR AMIN,26474602,"10,481.40"
Department of Health,NHS Brighton & Hove CCG,3/31/2019,C&M-GMS QOF Aspiration,PRC DELEGATED CO-COMMISSIONING,DR AMIN,26474602,"1,555.71"
Department of Health,NHS Brighton & Hove CCG,3/31/2019,C&M-GMS DES Extended Hours Access,PRC DELEGATED CO-COMMISSIONING,DR BIRD & PARTNERS,26474600,"4,979.00"
Department of Health,NHS Brighton & Hove CCG,3/31/2019,C&M-GMS Global Sum,PRC DELEGATED CO-COMMISSIONING,DR BIRD & PARTNERS,26474600,"70,488.54"
Department of Health,NHS Brighton & Hove CCG,3/31/2019,C&M-GMS MPIG Correction Factor,PRC DELEGATED CO-COMMISSIONING,DR BIRD & PARTNERS,26474600,"2,920.21"
Department of Health,NHS Brighton & Hove CCG,3/31/2019,C&M-GMS PCO Seniority,PRC DELEGATED CO-COMMISSIONING,DR BIRD & PARTNERS,26474600,"2,449.96"
Department of Health,NHS Brighton & Hove CCG,3/31/2019,C&M-GMS Prem Actual Rent,PRC DELEGATED CO-COMMISSIONING,DR BIRD & PARTNERS,26474600,"71,700.00"
Department of Health,NHS Brighton & Hove CCG,3/31/2019,C&M-GMS QOF Aspiration,PRC DELEGATED CO-COMMISSIONING,DR BIRD & PARTNERS,26474600,"5,975.60"
Department of Health,NHS Brighton & Hove CCG,3/31/2019,C&M-GMS DES Extended Hours Access,PRC DELEGATED CO-COMMISSIONING,DR CHANG & DR ALLAN,26474608,"1,411.00"
Department of Health,NHS Brighton & Hove CCG,3/31/2019,C&M-GMS Global Sum,PRC DELEGATED CO-COMMISSIONING,DR CHANG & DR ALLAN,26474608,"20,310.66"
Department of Health,NHS Brighton & Hove CCG,3/31/2019,C&M-GMS MPIG Correction Factor,PRC DELEGATED CO-COMMISSIONING,DR CHANG & DR ALLAN,26474608,817.36
Department of Health,NHS Brighton & Hove CCG,3/31/2019,C&M-GMS PCO Seniority,PRC DELEGATED CO-COMMISSIONING,DR CHANG & DR ALLAN,26474608,"1,299.84"
Department of Health,NHS Brighton & Hove CCG,3/31/2019,C&M-GMS Prem Actual Rent,PRC DELEGATED CO-COMMISSIONING,DR CHANG & DR ALLAN,26474608,"1,452.92"
Department of Health,NHS Brighton & Hove CCG,3/31/2019,C&M-GMS Prem Water Rates,PRC DELEGATED CO-COMMISSIONING,DR CHANG & DR ALLAN,26474608,102.42
Department of Health,NHS Brighton & Hove CCG,3/31/2019,C&M-GMS QOF Aspiration,PRC DELEGATED CO-COMMISSIONING,DR CHANG & DR ALLAN,26474608,"1,552.74"
Department of Health,NHS Brighton & Hove CCG,3/31/2019,C&M-GMS DES Extended Hours Access,PRC DELEGATED CO-COMMISSIONING,DR DAVID SUPPLE & PARTNERS,26474606,"5,491.00"
Department of Health,NHS Brighton & Hove CCG,3/31/2019,C&M-GMS DES Violent Patients,PRC DELEGATED CO-COMMISSIONING,DR DAVID SUPPLE & PARTNERS,26474606,"11,429.75"
Department of Health,NHS Brighton & Hove CCG,3/31/2019,C&M-GMS Global Sum,PRC DELEGATED CO-COMMISSIONING,DR DAVID SUPPLE & PARTNERS,26474606,"71,396.55"
Department of Health,NHS Brighton & Hove CCG,3/31/2019,C&M-GMS MPIG Correction Factor,PRC DELEGATED CO-COMMISSIONING,DR DAVID SUPPLE & PARTNERS,26474606,"1,536.46"
Department of Health,NHS Brighton & Hove CCG,3/31/2019,C&M-GMS PCO Seniority,PRC DELEGATED CO-COMMISSIONING,DR DAVID SUPPLE & PARTNERS,26474606,"4,576.35"
Department of Health,NHS Brighton & Hove CCG,3/31/2019,C&M-GMS Prem Notional Rent,PRC DELEGATED CO-COMMISSIONING,DR DAVID SUPPLE & PARTNERS,26474606,"4,291.67"
Department of Health,NHS Brighton & Hove CCG,3/31/2019,C&M-GMS QOF Aspiration,PRC DELEGATED CO-COMMISSIONING,DR DAVID SUPPLE & PARTNERS,26474606,"6,159.98"
Department of Health,NHS Brighton & Hove CCG,3/31/2019,C&M-GMS DES Extended Hours Access,PRC DELEGATED CO-COMMISSIONING,DR EVANS & PARTNER,26474604,"3,468.00"
Department of Health,NHS Brighton & Hove CCG,3/31/2019,C&M-GMS Global Sum,PRC DELEGATED CO-COMMISSIONING,DR EVANS & PARTNER,26474604,"50,376.69"
Department of Health,NHS Brighton & Hove CCG,3/31/2019,C&M-GMS MPIG Correction Factor,PRC DELEGATED CO-COMMISSIONING,DR EVANS & PARTNER,26474604,14.55
Department of Health,NHS Brighton & Hove CCG,3/31/2019,C&M-GMS PCO Other,PRC DELEGATED CO-COMMISSIONING,DR EVANS & PARTNER,26474604,"4,655.52"
Department of Health,NHS Brighton & Hove CCG,3/31/2019,C&M-GMS PCO Seniority,PRC DELEGATED CO-COMMISSIONING,DR EVANS & PARTNER,26474604,"2,099.81"
Department of Health,NHS Brighton & Hove CCG,3/31/2019,C&M-GMS Prem Actual Rent,PRC DELEGATED CO-COMMISSIONING,DR EVANS & PARTNER,26474604,"34,705.62"
Department of Health,NHS Brighton & Hove CCG,3/31/2019,C&M-GMS QOF Aspiration,PRC DELEGATED CO-COMMISSIONING,DR EVANS & PARTNER,26474604,"4,361.64"
Department of Health,NHS Brighton & Hove CCG,3/31/2019,C&M-GMS DES Extended Hours Access,PRC DELEGATED CO-COMMISSIONING,DR GILHOOLY & PARTNERS,26494983,"4,885.00"
Department of Health,NHS Brighton & Hove CCG,3/31/2019,C&M-GMS Global Sum,PRC DELEGATED CO-COMMISSIONING,DR GILHOOLY & PARTNERS,26494983,"76,644.28"
Department of Health,NHS Brighton & Hove CCG,3/31/2019,C&M-GMS MPIG Correction Factor,PRC DELEGATED CO-COMMISSIONING,DR GILHOOLY & PARTNERS,26494983,664.98
Department of Health,NHS Brighton & Hove CCG,3/31/2019,C&M-GMS Other Subscriptions,PRC DELEGATED CO-COMMISSIONING,DR GILHOOLY & PARTNERS,26494983,653
Department of Health,NHS Brighton & Hove CCG,3/31/2019,C&M-GMS PCO Seniority,PRC DELEGATED CO-COMMISSIONING,DR GILHOOLY & PARTNERS,26494983,"4,034.08"
Department of Health,NHS Brighton & Hove CCG,3/31/2019,C&M-GMS Prem Actual Rent,PRC DELEGATED CO-COMMISSIONING,DR GILHOOLY & PARTNERS,26494983,"89,513.95"
Department of Health,NHS Brighton & Hove CCG,3/31/2019,C&M-GMS Prem Water Rates,PRC DELEGATED CO-COMMISSIONING,DR GILHOOLY & PARTNERS,26494983,959.85
Department of Health,NHS Brighton & Hove CCG,3/31/2019,C&M-GMS QOF Aspiration,PRC DELEGATED CO-COMMISSIONING,DR GILHOOLY & PARTNERS,26494983,"6,239.52"
Department of Health,NHS Brighton & Hove CCG,3/31/2019,C&M-GMS Global Sum,PRC DELEGATED CO-COMMISSIONING,DR GRACIA A,26474610,"19,773.02"
Department of Health,NHS Brighton & Hove CCG,3/31/2019,C&M-GMS MPIG Correction Factor,PRC DELEGATED CO-COMMISSIONING,DR GRACIA A,26474610,"1,419.32"
Department of Health,NHS Brighton & Hove CCG,3/31/2019,C&M-GMS PCO Seniority,PRC DELEGATED CO-COMMISSIONING,DR GRACIA A,26474610,"1,163.93"
Department of Health,NHS Brighton & Hove CCG,3/31/2019,C&M-GMS Prem Actual Rent,PRC DELEGATED CO-COMMISSIONING,DR GRACIA A,26474610,"20,149.50"
Department of Health,NHS Brighton & Hove CCG,3/31/2019,C&M-GMS Prem Water Rates,PRC DELEGATED CO-COMMISSIONING,DR GRACIA A,26474610,112.24
Department of Health,NHS Brighton & Hove CCG,3/31/2019,C&M-GMS QOF Aspiration,PRC DELEGATED CO-COMMISSIONING,DR GRACIA A,26474610,"1,467.04"
Department of Health,NHS Brighton & Hove CCG,3/31/2019,C&M-GMS DES Extended Hours Access,PRC DELEGATED CO-COMMISSIONING,DR GRAHAM & PARTNERS,26474612,"9,167.00"
Department of Health,NHS Brighton & Hove CCG,3/31/2019,C&M-GMS Global Sum,PRC DELEGATED CO-COMMISSIONING,DR GRAHAM & PARTNERS,26474612,"126,162.54"
Department of Health,NHS Brighton & Hove CCG,3/31/2019,C&M-GMS MPIG Correction Factor,PRC DELEGATED CO-COMMISSIONING,DR GRAHAM & PARTNERS,26474612,818.1
Department of Health,NHS Brighton & Hove CCG,3/31/2019,C&M-GMS PCO Seniority,PRC DELEGATED CO-COMMISSIONING,DR GRAHAM & PARTNERS,26474612,"5,472.94"
Department of Health,NHS Brighton & Hove CCG,3/31/2019,C&M-GMS Prem Actual Rent,PRC DELEGATED CO-COMMISSIONING,DR GRAHAM & PARTNERS,26474612,"80,850.00"
Department of Health,NHS Brighton & Hove CCG,3/31/2019,C&M-GMS Prem Notional Rent,PRC DELEGATED CO-COMMISSIONING,DR GRAHAM & PARTNERS,26474612,958.33
Department of Health,NHS Brighton & Hove CCG,3/31/2019,C&M-GMS QOF Aspiration,PRC DELEGATED CO-COMMISSIONING,DR GRAHAM & PARTNERS,26474612,"8,855.57"
Department of Health,NHS Brighton & Hove CCG,3/31/2019,C&M-GMS DES Extended Hours Access,PRC DELEGATED CO-COMMISSIONING,DR HACKING & PARTNER,26474614,"3,269.00"
Department of Health,NHS Brighton & Hove CCG,3/31/2019,C&M-GMS Global Sum,PRC DELEGATED CO-COMMISSIONING,DR HACKING & PARTNER,26474614,"50,971.79"
Department of Health,NHS Brighton & Hove CCG,3/31/2019,C&M-GMS MPIG Correction Factor,PRC DELEGATED CO-COMMISSIONING,DR HACKING & PARTNER,26474614,390.19
Department of Health,NHS Brighton & Hove CCG,3/31/2019,C&M-GMS PCO Seniority,PRC DELEGATED CO-COMMISSIONING,DR HACKING & PARTNER,26474614,"2,642.27"
Department of Health,NHS Brighton & Hove CCG,3/31/2019,C&M-GMS Prem Notional Rent,PRC DELEGATED CO-COMMISSIONING,DR HACKING & PARTNER,26474614,"2,252.92"
Department of Health,NHS Brighton & Hove CCG,3/31/2019,C&M-GMS QOF Aspiration,PRC DELEGATED CO-COMMISSIONING,DR HACKING & PARTNER,26474614,"4,806.76"
Department of Health,NHS Brighton & Hove CCG,3/31/2019,C&M-GMS DES Extended Hours Access,PRC DELEGATED CO-COMMISSIONING,DR J CONDON & PARTNERS,26474640,"11,436.00"
Department of Health,NHS Brighton & Hove CCG,3/31/2019,C&M-GMS Global Sum,PRC DELEGATED CO-COMMISSIONING,DR J CONDON & PARTNERS,26474640,"161,196.76"
Department of Health,NHS Brighton & Hove CCG,3/31/2019,C&M-GMS MPIG Correction Factor,PRC DELEGATED CO-COMMISSIONING,DR J CONDON & PARTNERS,26474640,"2,597.35"
Department of Health,NHS Brighton & Hove CCG,3/31/2019,C&M-GMS PCO Seniority,PRC DELEGATED CO-COMMISSIONING,DR J CONDON & PARTNERS,26474640,"7,135.76"
Department of Health,NHS Brighton & Hove CCG,3/31/2019,C&M-GMS Prem Notional Rent,PRC DELEGATED CO-COMMISSIONING,DR J CONDON & PARTNERS,26474640,"9,886.00"
Department of Health,NHS Brighton & Hove CCG,3/31/2019,C&M-GMS QOF Aspiration,PRC DELEGATED CO-COMMISSIONING,DR J CONDON & PARTNERS,26474640,"13,624.78"
Department of Health,NHS Brighton & Hove CCG,3/31/2019,C&M-GMS DES Extended Hours Access,PRC DELEGATED CO-COMMISSIONING,DR KHAN N A & PARTNERS,26494984,"4,436.00"
Department of Health,NHS Brighton & Hove CCG,3/31/2019,C&M-GMS Global Sum,PRC DELEGATED CO-COMMISSIONING,DR KHAN N A & PARTNERS,26494984,"65,146.28"
Department of Health,NHS Brighton & Hove CCG,3/31/2019,C&M-GMS Other Subscriptions,PRC DELEGATED CO-COMMISSIONING,DR KHAN N A & PARTNERS,26494984,43
Department of Health,NHS Brighton & Hove CCG,3/31/2019,C&M-GMS PCO Seniority,PRC DELEGATED CO-COMMISSIONING,DR KHAN N A & PARTNERS,26494984,"4,345.57"
Department of Health,NHS Brighton & Hove CCG,3/31/2019,C&M-GMS Prem Actual Rent,PRC DELEGATED CO-COMMISSIONING,DR KHAN N A & PARTNERS,26494984,"44,315.00"
Department of Health,NHS Brighton & Hove CCG,3/31/2019,C&M-GMS Prem Rates,PRC DELEGATED CO-COMMISSIONING,DR KHAN N A & PARTNERS,26494984,"3,230.00"
Department of Health,NHS Brighton & Hove CCG,3/31/2019,C&M-GMS Prem Water Rates,PRC DELEGATED CO-COMMISSIONING,DR KHAN N A & PARTNERS,26494984,352
Department of Health,NHS Brighton & Hove CCG,3/31/2019,C&M-GMS QOF Aspiration,PRC DELEGATED CO-COMMISSIONING,DR KHAN N A & PARTNERS,26494984,"6,405.26"
Department of Health,NHS Brighton & Hove CCG,3/31/2019,C&M-GMS DES Extended Hours Access,PRC DELEGATED CO-COMMISSIONING,DR KHOT A S & PARTNERS,26474618,"2,843.00"
Department of Health,NHS Brighton & Hove CCG,3/31/2019,C&M-GMS Global Sum,PRC DELEGATED CO-COMMISSIONING,DR KHOT A S & PARTNERS,26474618,"39,475.47"
Department of Health,NHS Brighton & Hove CCG,3/31/2019,C&M-GMS MPIG Correction Factor,PRC DELEGATED CO-COMMISSIONING,DR KHOT A S & PARTNERS,26474618,475.34
Department of Health,NHS Brighton & Hove CCG,3/31/2019,C&M-GMS PCO Seniority,PRC DELEGATED CO-COMMISSIONING,DR KHOT A S & PARTNERS,26474618,"1,101.39"
Department of Health,NHS Brighton & Hove CCG,3/31/2019,C&M-GMS Prem Cost Rent,PRC DELEGATED CO-COMMISSIONING,DR KHOT A S & PARTNERS,26474618,"2,884.33"
Department of Health,NHS Brighton & Hove CCG,3/31/2019,C&M-GMS Prem Rates,PRC DELEGATED CO-COMMISSIONING,DR KHOT A S & PARTNERS,26474618,"1,070.00"
Department of Health,NHS Brighton & Hove CCG,3/31/2019,C&M-GMS QOF Aspiration,PRC DELEGATED CO-COMMISSIONING,DR KHOT A S & PARTNERS,26474618,"3,104.16"
Department of Health,NHS Brighton & Hove CCG,3/31/2019,C&M-GMS GP Statutory Levy,PRC DELEGATED CO-COMMISSIONING,DR MEADE & PARTNERS,26474619,-256.95
Department of Health,NHS Brighton & Hove CCG,3/31/2019,C&M-GMS Voluntary Levy,PRC DELEGATED CO-COMMISSIONING,DR MEADE & PARTNERS,26474619,-52.71
Department of Health,NHS Brighton & Hove CCG,3/31/2019,ME - GMS TPS Added Years Adj EEs,PRC DELEGATED CO-COMMISSIONING,DR MEADE & PARTNERS,26474619,-573.34
Department of Health,NHS Brighton & Hove CCG,3/31/2019,ME-GMS GP Pension EEs,PRC DELEGATED CO-COMMISSIONING,DR MEADE & PARTNERS,26474619,"-3,064.43"
Department of Health,NHS Brighton & Hove CCG,3/31/2019,ME-GMS GP Pension EEs Adjustments,PRC DELEGATED CO-COMMISSIONING,DR MEADE & PARTNERS,26474619,"-9,553.83"
Department of Health,NHS Brighton & Hove CCG,3/31/2019,ME-GMS GP Pension ERs Adjustments,PRC DELEGATED CO-COMMISSIONING,DR MEADE & PARTNERS,26474619,"-13,215.65"
Department of Health,NHS Brighton & Hove CCG,3/31/2019,C&M-GMS DES Extended Hours Access,PRC DELEGATED CO-COMMISSIONING,DR MEADE & PARTNERS,26474620,"3,774.00"
Department of Health,NHS Brighton & Hove CCG,3/31/2019,C&M-GMS Global Sum,PRC DELEGATED CO-COMMISSIONING,DR MEADE & PARTNERS,26474620,"50,595.33"
Department of Health,NHS Brighton & Hove CCG,3/31/2019,C&M-GMS MPIG Correction Factor,PRC DELEGATED CO-COMMISSIONING,DR MEADE & PARTNERS,26474620,"1,701.02"
Department of Health,NHS Brighton & Hove CCG,3/31/2019,C&M-GMS PCO Seniority,PRC DELEGATED CO-COMMISSIONING,DR MEADE & PARTNERS,26474620,"3,566.53"
Department of Health,NHS Brighton & Hove CCG,3/31/2019,C&M-GMS Prem Notional Rent,PRC DELEGATED CO-COMMISSIONING,DR MEADE & PARTNERS,26474620,"3,706.25"
Department of Health,NHS Brighton & Hove CCG,3/31/2019,C&M-GMS QOF Aspiration,PRC DELEGATED CO-COMMISSIONING,DR MEADE & PARTNERS,26474620,"4,105.71"
Department of Health,NHS Brighton & Hove CCG,3/31/2019,C&M-GMS Global Sum,PRC DELEGATED CO-COMMISSIONING,DR MILLS & PARTNERS,26474623,"65,662.30"
Department of Health,NHS Brighton & Hove CCG,3/31/2019,C&M-GMS PCO Seniority,PRC DELEGATED CO-COMMISSIONING,DR MILLS & PARTNERS,26474623,"2,728.82"
Department of Health,NHS Brighton & Hove CCG,3/31/2019,C&M-GMS Prem Notional Rent,PRC DELEGATED CO-COMMISSIONING,DR MILLS & PARTNERS,26474623,"3,772.50"
Department of Health,NHS Brighton & Hove CCG,3/31/2019,C&M-GMS QOF Aspiration,PRC DELEGATED CO-COMMISSIONING,DR MILLS & PARTNERS,26474623,"6,731.41"
Department of Health,NHS Brighton & Hove CCG,3/31/2019,C&M-GMS Global Sum,PRC DELEGATED CO-COMMISSIONING,DR MITCHELL & PARTNER,26474625,"43,016.79"
Department of Health,NHS Brighton & Hove CCG,3/31/2019,C&M-GMS MPIG Correction Factor,PRC DELEGATED CO-COMMISSIONING,DR MITCHELL & PARTNER,26474625,201.11
Department of Health,NHS Brighton & Hove CCG,3/31/2019,C&M-GMS PCO Other,PRC DELEGATED CO-COMMISSIONING,DR MITCHELL & PARTNER,26474625,"4,104.00"
Department of Health,NHS Brighton & Hove CCG,3/31/2019,C&M-GMS PCO Seniority,PRC DELEGATED CO-COMMISSIONING,DR MITCHELL & PARTNER,26474625,"2,341.89"
Department of Health,NHS Brighton & Hove CCG,3/31/2019,C&M-GMS Prem Cost Rent,PRC DELEGATED CO-COMMISSIONING,DR MITCHELL & PARTNER,26474625,"6,125.00"
Department of Health,NHS Brighton & Hove CCG,3/31/2019,C&M-GMS Prem Notional Rent,PRC DELEGATED CO-COMMISSIONING,DR MITCHELL & PARTNER,26474625,"3,042.51"
Department of Health,NHS Brighton & Hove CCG,3/31/2019,C&M-GMS QOF Aspiration,PRC DELEGATED CO-COMMISSIONING,DR MITCHELL & PARTNER,26474625,"3,880.38"
Department of Health,NHS Brighton & Hove CCG,3/31/2019,C&M-GMS Global Sum,PRC DELEGATED CO-COMMISSIONING,DR P A DENIS LE SEVE & PARTNERS,26494985,"110,117.85"
Department of Health,NHS Brighton & Hove CCG,3/31/2019,C&M-GMS MPIG Correction Factor,PRC DELEGATED CO-COMMISSIONING,DR P A DENIS LE SEVE & PARTNERS,26494985,"4,296.83"
Department of Health,NHS Brighton & Hove CCG,3/31/2019,C&M-GMS Other Subscriptions,PRC DELEGATED CO-COMMISSIONING,DR P A DENIS LE SEVE & PARTNERS,26494985,233
Department of Health,NHS Brighton & Hove CCG,3/31/2019,C&M-GMS PCO Seniority,PRC DELEGATED CO-COMMISSIONING,DR P A DENIS LE SEVE & PARTNERS,26494985,158.55
Department of Health,NHS Brighton & Hove CCG,3/31/2019,C&M-GMS Prem Actual Rent,PRC DELEGATED CO-COMMISSIONING,DR P A DENIS LE SEVE & PARTNERS,26494985,"9,775.00"
Department of Health,NHS Brighton & Hove CCG,3/31/2019,C&M-GMS QOF Aspiration,PRC DELEGATED CO-COMMISSIONING,DR P A DENIS LE SEVE & PARTNERS,26494985,"2,275.01"
Department of Health,NHS Brighton & Hove CCG,3/31/2019,C&M-GMS Global Sum,PRC DELEGATED CO-COMMISSIONING,DR PATTON & PTNR,26474627,"42,979.04"
Department of Health,NHS Brighton & Hove CCG,3/31/2019,C&M-GMS PCO Seniority,PRC DELEGATED CO-COMMISSIONING,DR PATTON & PTNR,26474627,749.71
Department of Health,NHS Brighton & Hove CCG,3/31/2019,C&M-GMS Prem Actual Rent,PRC DELEGATED CO-COMMISSIONING,DR PATTON & PTNR,26474627,"9,500.00"
Department of Health,NHS Brighton & Hove CCG,3/31/2019,C&M-GMS QOF Aspiration,PRC DELEGATED CO-COMMISSIONING,DR PATTON & PTNR,26474627,"3,593.41"
Department of Health,NHS Brighton & Hove CCG,3/31/2019,ME - GMS GP Prior Year ERs,PRC DELEGATED CO-COMMISSIONING,DR PATTON & PTNR,26474627,"4,019.80"
Department of Health,NHS Brighton & Hove CCG,3/31/2019,ME-GMS GP Prior Year EEs,PRC DELEGATED CO-COMMISSIONING,DR PATTON & PTNR,26474627,"1,316.54"
Department of Health,NHS Brighton & Hove CCG,3/31/2019,C&M-GMS Global Sum,PRC DELEGATED CO-COMMISSIONING,DR SAGAR & PARTNERS,26474631,"69,245.46"
Department of Health,NHS Brighton & Hove CCG,3/31/2019,C&M-GMS PCO Seniority,PRC DELEGATED CO-COMMISSIONING,DR SAGAR & PARTNERS,26474631,"1,471.62"
Department of Health,NHS Brighton & Hove CCG,3/31/2019,C&M-GMS Prem Actual Rent,PRC DELEGATED CO-COMMISSIONING,DR SAGAR & PARTNERS,26474631,"31,779.00"
Department of Health,NHS Brighton & Hove CCG,3/31/2019,C&M-GMS Prem Rates,PRC DELEGATED CO-COMMISSIONING,DR SAGAR & PARTNERS,26474631,"2,658.00"
Department of Health,NHS Brighton & Hove CCG,3/31/2019,C&M-GMS QOF Aspiration,PRC DELEGATED CO-COMMISSIONING,DR SAGAR & PARTNERS,26474631,"7,085.25"
Department of Health,NHS Brighton & Hove CCG,3/31/2019,ME - GMS GP Prior Year ERs,PRC DELEGATED CO-COMMISSIONING,DR SAGAR & PARTNERS,26474631,"2,284.71"
Department of Health,NHS Brighton & Hove CCG,3/31/2019,ME-GMS GP Prior Year EEs,PRC DELEGATED CO-COMMISSIONING,DR SAGAR & PARTNERS,26474631,"2,460.76"
Department of Health,NHS Brighton & Hove CCG,3/31/2019,C&M-GMS Global Sum,PRC DELEGATED CO-COMMISSIONING,DR SHAH R & PARTNERS,26474629,"52,667.06"
Department of Health,NHS Brighton & Hove CCG,3/31/2019,C&M-GMS PCO Seniority,PRC DELEGATED CO-COMMISSIONING,DR SHAH R & PARTNERS,26474629,"2,845.41"
Department of Health,NHS Brighton & Hove CCG,3/31/2019,C&M-GMS Prem Actual Rent,PRC DELEGATED CO-COMMISSIONING,DR SHAH R & PARTNERS,26474629,"37,145.00"
Department of Health,NHS Brighton & Hove CCG,3/31/2019,C&M-GMS QOF Aspiration,PRC DELEGATED CO-COMMISSIONING,DR SHAH R & PARTNERS,26474629,"4,877.72"
Department of Health,NHS Brighton & Hove CCG,3/31/2019,C&M-GMS Global Sum,PRC DELEGATED CO-COMMISSIONING,DR WRIGHT & PARTNERS BRIGHTON,26494986,"81,602.51"
Department of Health,NHS Brighton & Hove CCG,3/31/2019,C&M-GMS MPIG Correction Factor,PRC DELEGATED CO-COMMISSIONING,DR WRIGHT & PARTNERS BRIGHTON,26494986,425.14
Department of Health,NHS Brighton & Hove CCG,3/31/2019,C&M-GMS Other Subscriptions,PRC DELEGATED CO-COMMISSIONING,DR WRIGHT & PARTNERS BRIGHTON,26494986,53
Department of Health,NHS Brighton & Hove CCG,3/31/2019,C&M-GMS PCO Seniority,PRC DELEGATED CO-COMMISSIONING,DR WRIGHT & PARTNERS BRIGHTON,26494986,"3,330.55"
Department of Health,NHS Brighton & Hove CCG,3/31/2019,C&M-GMS QOF Aspiration,PRC DELEGATED CO-COMMISSIONING,DR WRIGHT & PARTNERS BRIGHTON,26494986,"8,108.72"
Department of Health,NHS Brighton & Hove CCG,3/31/2019,Services From Local Authorities,NON RECURRENT PROGRAMMES,EAST SUSSEX COUNTY COUNCIL,26534045,"32,000.00"
Department of Health,NHS Brighton & Hove CCG,3/31/2019,Hcare Srv Rec NHS Trust-CQUIN,ACUTE COMMISSIONING,EAST SUSSEX HEALTHCARE NHS TRUST,26337052,661.5
Department of Health,NHS Brighton & Hove CCG,3/31/2019,Hcare Srv Rec NHS Trust-Contract Baseline,ACUTE COMMISSIONING,EAST SUSSEX HEALTHCARE NHS TRUST,26337052,"57,016.00"
Department of Health,NHS Brighton & Hove CCG,3/31/2019,Hcare Srv Rec Fdtn Trust-CQUIN,ACUTE COMMISSIONING,GUYS & ST THOMAS HOSPITAL NHS FOUNDATION TRUST,26336958,"3,424.00"
Department of Health,NHS Brighton & Hove CCG,3/31/2019,Hcare Srv Rec Fdtn Trust-Contract Baseline,ACUTE COMMISSIONING,GUYS & ST THOMAS HOSPITAL NHS FOUNDATION TRUST,26336958,"159,608.00"
Department of Health,NHS Brighton & Hove CCG,3/31/2019,Apprenticeship Levy Payable,BALANCE SHEET,HMRC,26452317,"1,494.00"
Department of Health,NHS Brighton & Hove CCG,3/31/2019,Income tax <1Yr,BALANCE SHEET,HMRC,26452317,"83,060.20"
Department of Health,NHS Brighton & Hove CCG,3/31/2019,Income tax <1Yr-Student Loans,BALANCE SHEET,HMRC,26452317,"1,923.00"
Department of Health,NHS Brighton & Hove CCG,3/31/2019,National Insurance < 1 yr-NI- ERS,BALANCE SHEET,HMRC,26452317,"59,650.32"
Department of Health,NHS Brighton & Hove CCG,3/31/2019,National Insurance < 1 yr-NI-EES,BALANCE SHEET,HMRC,26452317,"43,224.35"
Department of Health,NHS Brighton & Hove CCG,3/31/2019,Statutory Mat Pay < 1 yr,BALANCE SHEET,HMRC,26452317,-534.28
Department of Health,NHS Brighton & Hove CCG,3/31/2019,Office Equipment,IM&T,HP INC,26639797,"42,168.40"
Department of Health,NHS Brighton & Hove CCG,3/31/2019,Office Equipment,IM&T,HP INC,26639801,"42,168.40"
Department of Health,NHS Brighton & Hove CCG,3/31/2019,Office Equipment,IM&T,HP INC,26639802,"42,168.40"
Department of Health,NHS Brighton & Hove CCG,3/31/2019,Hcare Srv Rec NHS Trust-Over/ Under Performance,ACUTE COMMISSIONING,IMPERIAL COLLEGE HEALTHCARE NHS TRUST,26557489,"52,188.52"
Department of Health,NHS Brighton & Hove CCG,3/31/2019,Clinical&Medical-Commercial Sector,INTERMEDIATE CARE,INTEGRATED CARE 24 LTD,26221985,"42,626.75"
Department of Health,NHS Brighton & Hove CCG,3/31/2019,Clinical&Medical-Commercial Sector,INTERMEDIATE CARE,INTEGRATED CARE 24 LTD,26222009,"62,498.66"
Department of Health,NHS Brighton & Hove CCG,3/31/2019,Clinical&Medical-Commercial Sector,LOCAL ENHANCED SERVICES,INTEGRATED CARE 24 LTD,26373158,"20,960.08"
Department of Health,NHS Brighton & Hove CCG,3/31/2019,Clinical&Medical-Commercial Sector,PRC DELEGATED CO-COMMISSIONING,INTEGRATED CARE 24 LTD,26373158,"21,666.67"
Department of Health,NHS Brighton & Hove CCG,3/31/2019,Clinical&Medical-Commercial Sector,INTERMEDIATE CARE,INTEGRATED CARE 24 LTD,26458205,"62,498.66"
Department of Health,NHS Brighton & Hove CCG,3/31/2019,Clinical&Medical-Commercial Sector,OUT OF HOURS,INTEGRATED CARE 24 LTD,26508491,"143,004.00"
Department of Health,NHS Brighton & Hove CCG,3/31/2019,Clinical&Medical-Commercial Sector,OUT OF HOURS,INTEGRATED CARE 24 LTD,26508685,"143,004.00"
Department of Health,NHS Brighton & Hove CCG,3/31/2019,Recharge : Provided,RECHARGES,INTEGRATED CARE 24 LTD,26508726,"25,673.25"
Department of Health,NHS Brighton & Hove CCG,3/31/2019,Recharge : Provided,RECHARGES,INTEGRATED CARE 24 LTD,26508741,"25,673.25"
Department of Health,NHS Brighton & Hove CCG,3/31/2019,Recharge : Provided,RECHARGES,INTEGRATED CARE 24 LTD,26508745,"25,673.25"
Department of Health,NHS Brighton & Hove CCG,3/31/2019,Recharge : Provided,RECHARGES,INTEGRATED CARE 24 LTD,26508749,"25,673.25"
Department of Health,NHS Brighton & Hove CCG,3/31/2019,Hcare Srv Rec Fdtn Trust-Over/ Under Performance,ACUTE COMMISSIONING,KING`S COLLEGE HOSPITAL NHS FOUNDATION TRUST,26336919,"-29,059.00"
Department of Health,NHS Brighton & Hove CCG,3/31/2019,Hcare Srv Rec Fdtn Trust-CQUIN,ACUTE COMMISSIONING,KING`S COLLEGE HOSPITAL NHS FOUNDATION TRUST,26336951,742.17
Department of Health,NHS Brighton & Hove CCG,3/31/2019,Hcare Srv Rec Fdtn Trust-Contract Baseline,ACUTE COMMISSIONING,KING`S COLLEGE HOSPITAL NHS FOUNDATION TRUST,26336951,"59,373.83"
Department of Health,NHS Brighton & Hove CCG,3/31/2019,Clinical&Medical-Voluntary Sector,PALLIATIVE CARE,MARTLETS HOSPICE,26373059,"90,885.00"
Department of Health,NHS Brighton & Hove CCG,3/31/2019,Clinical&Medical-Voluntary Sector,PALLIATIVE CARE,MARTLETS HOSPICE,26508688,"90,885.00"
Department of Health,NHS Brighton & Hove CCG,3/31/2019,C&M-GMS DES Extended Hours Access,PRC DELEGATED CO-COMMISSIONING,MILE OAK MEDICAL CENTRE,26474645,"3,829.00"
Department of Health,NHS Brighton & Hove CCG,3/31/2019,C&M-GMS Global Sum,PRC DELEGATED CO-COMMISSIONING,MILE OAK MEDICAL CENTRE,26474645,"56,206.39"
Department of Health,NHS Brighton & Hove CCG,3/31/2019,C&M-GMS MPIG Correction Factor,PRC DELEGATED CO-COMMISSIONING,MILE OAK MEDICAL CENTRE,26474645,837.2
Department of Health,NHS Brighton & Hove CCG,3/31/2019,C&M-GMS Prem Actual Rent,PRC DELEGATED CO-COMMISSIONING,MILE OAK MEDICAL CENTRE,26474645,"58,125.00"
Department of Health,NHS Brighton & Hove CCG,3/31/2019,C&M-GMS QOF Aspiration,PRC DELEGATED CO-COMMISSIONING,MILE OAK MEDICAL CENTRE,26474645,"5,698.57"
Department of Health,NHS Brighton & Hove CCG,3/31/2019,Programme Support Costs,IMPROVING ACCESS TO PSYCHOLOGICAL THERAPIES,MIND IN BRIGHTON & HOVE,26534156,"29,538.00"
Department of Health,NHS Brighton & Hove CCG,3/31/2019,Cont Care-Learning Disab(<65),CHC ADULT FULLY FUNDED,MODUS CARE LTD,26418827,"26,307.16"
Department of Health,NHS Brighton & Hove CCG,3/31/2019,C&M-GMS Global Sum,PRC DELEGATED CO-COMMISSIONING,MONTPELIER SURGERY,26474636,"37,914.37"
Department of Health,NHS Brighton & Hove CCG,3/31/2019,C&M-GMS MPIG Correction Factor,PRC DELEGATED CO-COMMISSIONING,MONTPELIER SURGERY,26474636,352.17
Department of Health,NHS Brighton & Hove CCG,3/31/2019,C&M-GMS PCO Seniority,PRC DELEGATED CO-COMMISSIONING,MONTPELIER SURGERY,26474636,624.41
Department of Health,NHS Brighton & Hove CCG,3/31/2019,C&M-GMS Prem Actual Rent,PRC DELEGATED CO-COMMISSIONING,MONTPELIER SURGERY,26474636,"1,983.33"
Department of Health,NHS Brighton & Hove CCG,3/31/2019,C&M-GMS Prem Water Rates,PRC DELEGATED CO-COMMISSIONING,MONTPELIER SURGERY,26474636,121.74
Department of Health,NHS Brighton & Hove CCG,3/31/2019,C&M-GMS QOF Aspiration,PRC DELEGATED CO-COMMISSIONING,MONTPELIER SURGERY,26474636,"2,859.12"
Department of Health,NHS Brighton & Hove CCG,3/31/2019,Programme Support Costs,COMMISSIONING - NON ACUTE,NHS COASTAL WEST SUSSEX CCG,26508910,"63,591.43"
Department of Health,NHS Brighton & Hove CCG,3/31/2019,Programme Support Costs,COMMISSIONING - NON ACUTE,NHS COASTAL WEST SUSSEX CCG,26557857,"42,753.00"
Department of Health,NHS Brighton & Hove CCG,3/31/2019,Seconded-Basic Sal-Staff fm oth org,BUSINESS DEVELOPMENT,NHS ENGLAND,26666392,"30,016.97"
Department of Health,NHS Brighton & Hove CCG,3/31/2019,Programme Support Costs,COMMISSIONING - NON ACUTE,NHS HIGH WEALD LEWES HAVENS CCG,26239157,"82,225.00"
Department of Health,NHS Brighton & Hove CCG,3/31/2019,Other Transport Costs,PATIENT TRANSPORT,NHS HIGH WEALD LEWES HAVENS CCG,26557549,"35,093.00"
Department of Health,NHS Brighton & Hove CCG,3/31/2019,Other Transport Costs,PATIENT TRANSPORT,NHS HIGH WEALD LEWES HAVENS CCG,26557556,"745,390.00"
Department of Health,NHS Brighton & Hove CCG,3/31/2019,Clinical&Medical-Commercial Sector,PLANNED CARE,NHS HORSHAM AND MID SUSSEX CCG,26292768,"3,313,445.63"
Department of Health,NHS Brighton & Hove CCG,3/31/2019,Clinical&Medical-Commercial Sector,PLANNED CARE,NHS HORSHAM AND MID SUSSEX CCG,26337012,"1,462,507.71"
Department of Health,NHS Brighton & Hove CCG,3/31/2019,Clinical&Medical-Commercial Sector,PLANNED CARE,NHS HORSHAM AND MID SUSSEX CCG,26557529,"1,404,880.17"
Department of Health,NHS Brighton & Hove CCG,3/31/2019,Clinical&Medical-Commercial Sector,PLANNED CARE,NHS HORSHAM AND MID SUSSEX CCG,26557540,"177,096.54"
Department of Health,NHS Brighton & Hove CCG,3/31/2019,Clinical&Medical-Commercial Sector,GENERAL RESERVE - PROGRAMME,NHS HORSHAM AND MID SUSSEX CCG,26639680,"219,627.12"
Department of Health,NHS Brighton & Hove CCG,3/31/2019,Clinical&Medical-Commercial Sector,PLANNED CARE,NHS HORSHAM AND MID SUSSEX CCG,26639680,"54,393.03"
Department of Health,NHS Brighton & Hove CCG,3/31/2019,Charges from CSU,PRIMARY CARE IT,NHS NEL CSU,26508659,"25,395.02"
Department of Health,NHS Brighton & Hove CCG,3/31/2019,Charges from CSU,CONTRACT MANAGEMENT,NHS SOUTH CENTRAL AND WEST COMMISSIONING SUPPORT UNIT,26433028,"60,050.95"
Department of Health,NHS Brighton & Hove CCG,3/31/2019,Clinical&Medical-Commercial Sector,PLANNED CARE,OPTUM HEALTH SOLUTIONS (UK) LTD,26266099,"39,459.00"
Department of Health,NHS Brighton & Hove CCG,3/31/2019,Clinical&Medical-Commercial Sector,LEARNING DIFFICULTIES,OUTREACH 3WAY,26508704,"31,504.99"
Department of Health,NHS Brighton & Hove CCG,3/31/2019,C&M-GMS Other Delivery,PRC DELEGATED CO-COMMISSIONING,PARK CRESCENT HEALTH CENTRE,26373056,"28,000.00"
Department of Health,NHS Brighton & Hove CCG,3/31/2019,C&M-GMS Global Sum,PRC DELEGATED CO-COMMISSIONING,PARK CRESCENT HEALTH CENTRE,26474638,"85,955.55"
Department of Health,NHS Brighton & Hove CCG,3/31/2019,C&M-GMS MPIG Correction Factor,PRC DELEGATED CO-COMMISSIONING,PARK CRESCENT HEALTH CENTRE,26474638,"1,024.85"
Department of Health,NHS Brighton & Hove CCG,3/31/2019,C&M-GMS PCO Doctors Ret Scheme,PRC DELEGATED CO-COMMISSIONING,PARK CRESCENT HEALTH CENTRE,26474638,923.04
Department of Health,NHS Brighton & Hove CCG,3/31/2019,C&M-GMS PCO Seniority,PRC DELEGATED CO-COMMISSIONING,PARK CRESCENT HEALTH CENTRE,26474638,"1,101.39"
Department of Health,NHS Brighton & Hove CCG,3/31/2019,C&M-GMS Prem Actual Rent,PRC DELEGATED CO-COMMISSIONING,PARK CRESCENT HEALTH CENTRE,26474638,"52,257.00"
Department of Health,NHS Brighton & Hove CCG,3/31/2019,C&M-GMS Prem Rates,PRC DELEGATED CO-COMMISSIONING,PARK CRESCENT HEALTH CENTRE,26474638,"6,656.00"
Department of Health,NHS Brighton & Hove CCG,3/31/2019,C&M-GMS QOF Aspiration,PRC DELEGATED CO-COMMISSIONING,PARK CRESCENT HEALTH CENTRE,26474638,"5,352.18"
Department of Health,NHS Brighton & Hove CCG,3/31/2019,C&M-GMS DES Extended Hours Access,PRC DELEGATED CO-COMMISSIONING,PORTSLADE COUNTY CLINIC,26474647,"3,306.00"
Department of Health,NHS Brighton & Hove CCG,3/31/2019,C&M-GMS Global Sum,PRC DELEGATED CO-COMMISSIONING,PORTSLADE COUNTY CLINIC,26474647,"47,231.83"
Department of Health,NHS Brighton & Hove CCG,3/31/2019,C&M-GMS MPIG Correction Factor,PRC DELEGATED CO-COMMISSIONING,PORTSLADE COUNTY CLINIC,26474647,259.27
Department of Health,NHS Brighton & Hove CCG,3/31/2019,C&M-GMS PCO Other,PRC DELEGATED CO-COMMISSIONING,PORTSLADE COUNTY CLINIC,26474647,"8,182.00"
Department of Health,NHS Brighton & Hove CCG,3/31/2019,C&M-GMS PCO Seniority,PRC DELEGATED CO-COMMISSIONING,PORTSLADE COUNTY CLINIC,26474647,"2,354.90"
Department of Health,NHS Brighton & Hove CCG,3/31/2019,C&M-GMS Prem Actual Rent,PRC DELEGATED CO-COMMISSIONING,PORTSLADE COUNTY CLINIC,26474647,858.33
Department of Health,NHS Brighton & Hove CCG,3/31/2019,C&M-GMS Prem Notional Rent,PRC DELEGATED CO-COMMISSIONING,PORTSLADE COUNTY CLINIC,26474647,"3,682.33"
Department of Health,NHS Brighton & Hove CCG,3/31/2019,C&M-GMS QOF Aspiration,PRC DELEGATED CO-COMMISSIONING,PORTSLADE COUNTY CLINIC,26474647,"5,236.53"
Department of Health,NHS Brighton & Hove CCG,3/31/2019,Cont Care-Physical Disab (<65),CHC ADULT FULLY FUNDED,POSSABILITY PEOPLE,26393534,"26,600.00"
Department of Health,NHS Brighton & Hove CCG,3/31/2019,C&M-GMS Practice Transformational Support,LOCAL ENHANCED SERVICES,QUALITAS CONSORTIUM UK LTD,26458209,"81,262.80"
Department of Health,NHS Brighton & Hove CCG,3/31/2019,C&M-GMS Practice Transformational Support,LOCAL ENHANCED SERVICES,QUALITAS CONSORTIUM UK LTD,26458215,"36,000.00"
Department of Health,NHS Brighton & Hove CCG,3/31/2019,Hcare Srv Rec Fdtn Trust-CQUIN,ACUTE COMMISSIONING,QUEEN VICTORIA HOSPITAL NHS FOUNDATION TRUST,26433190,"1,242.98"
Department of Health,NHS Brighton & Hove CCG,3/31/2019,Hcare Srv Rec Fdtn Trust-Contract Baseline,ACUTE COMMISSIONING,QUEEN VICTORIA HOSPITAL NHS FOUNDATION TRUST,26433190,"99,438.02"
Department of Health,NHS Brighton & Hove CCG,3/31/2019,Hcare Srv Rec Fdtn Trust-Over/ Under Performance,GENERAL RESERVE - PROGRAMME,QUEEN VICTORIA HOSPITAL NHS FOUNDATION TRUST,26557299,"31,319.70"
Department of Health,NHS Brighton & Hove CCG,3/31/2019,C&M-GMS DES Extended Hours Access,PRC DELEGATED CO-COMMISSIONING,REGENCY SURGERY,26494987,"2,080.00"
Department of Health,NHS Brighton & Hove CCG,3/31/2019,C&M-GMS Global Sum,PRC DELEGATED CO-COMMISSIONING,REGENCY SURGERY,26494987,"34,727.43"
Department of Health,NHS Brighton & Hove CCG,3/31/2019,C&M-GMS MPIG Correction Factor,PRC DELEGATED CO-COMMISSIONING,REGENCY SURGERY,26494987,841.05
Department of Health,NHS Brighton & Hove CCG,3/31/2019,C&M-GMS Other Subscriptions,PRC DELEGATED CO-COMMISSIONING,REGENCY SURGERY,26494987,980
Department of Health,NHS Brighton & Hove CCG,3/31/2019,C&M-GMS PCO Seniority,PRC DELEGATED CO-COMMISSIONING,REGENCY SURGERY,26494987,649.32
Department of Health,NHS Brighton & Hove CCG,3/31/2019,C&M-GMS Prem Actual Rent,PRC DELEGATED CO-COMMISSIONING,REGENCY SURGERY,26494987,"13,752.23"
Department of Health,NHS Brighton & Hove CCG,3/31/2019,C&M-GMS QOF Aspiration,PRC DELEGATED CO-COMMISSIONING,REGENCY SURGERY,26494987,"2,821.15"
Department of Health,NHS Brighton & Hove CCG,3/31/2019,Hcare Srv Rec Fdtn Trust-CQUIN,ACUTE COMMISSIONING,ROYAL MARSDEN NHS FOUNDATION TRUST (THE),26336985,518.93
Department of Health,NHS Brighton & Hove CCG,3/31/2019,Hcare Srv Rec Fdtn Trust-Contract Baseline,ACUTE COMMISSIONING,ROYAL MARSDEN NHS FOUNDATION TRUST (THE),26336985,"41,514.15"
Department of Health,NHS Brighton & Hove CCG,3/31/2019,Hcare Srv Rec NHS Trust-Over/ Under Performance,ACUTE COMMISSIONING,ROYAL NATIONAL ORTHOPAEDIC HOSPITAL NHS TRUST,26430922,"-34,610.00"
Department of Health,NHS Brighton & Hove CCG,3/31/2019,Hcare Srv Rec NHS Trust-Contract Baseline,ACUTE COMMISSIONING,ROYAL NATIONAL ORTHOPAEDIC HOSPITAL NHS TRUST,26432984,"28,845.00"
Department of Health,NHS Brighton & Hove CCG,3/31/2019,Hcare Srv Rec Fdtn Trust-CQUIN,ACUTE COMMISSIONING,ROYAL SURREY COUNTY HOSPITAL NHS FOUNDATION TRUST,26336982,"1,922.00"
Department of Health,NHS Brighton & Hove CCG,3/31/2019,Hcare Srv Rec Fdtn Trust-Contract Baseline,ACUTE COMMISSIONING,ROYAL SURREY COUNTY HOSPITAL NHS FOUNDATION TRUST,26336982,"38,432.00"
Department of Health,NHS Brighton & Hove CCG,3/31/2019,C&M-GMS Global Sum,PRC DELEGATED CO-COMMISSIONING,SALTDEAN & ROTTINGDEAN MEDICAL PRACTICE,26474648,"80,375.98"
Department of Health,NHS Brighton & Hove CCG,3/31/2019,C&M-GMS PCO Seniority,PRC DELEGATED CO-COMMISSIONING,SALTDEAN & ROTTINGDEAN MEDICAL PRACTICE,26474648,"4,215.42"
Department of Health,NHS Brighton & Hove CCG,3/31/2019,C&M-GMS Prem Actual Rent,PRC DELEGATED CO-COMMISSIONING,SALTDEAN & ROTTINGDEAN MEDICAL PRACTICE,26474648,"36,216.60"
Department of Health,NHS Brighton & Hove CCG,3/31/2019,C&M-GMS QOF Aspiration,PRC DELEGATED CO-COMMISSIONING,SALTDEAN & ROTTINGDEAN MEDICAL PRACTICE,26474648,"6,934.33"
Department of Health,NHS Brighton & Hove CCG,3/31/2019,Hcare Srv Rec Fdtn Trust-CQUIN,AMBULANCE SERVICES,SOUTH EAST COAST AMBULANCE SERVICE NHS FOUNDATION TRUST,26336987,"26,804.59"
Department of Health,NHS Brighton & Hove CCG,3/31/2019,Hcare Srv Rec Fdtn Trust-Contract Baseline,AMBULANCE SERVICES,SOUTH EAST COAST AMBULANCE SERVICE NHS FOUNDATION TRUST,26336987,"1,072,120.00"
Department of Health,NHS Brighton & Hove CCG,3/31/2019,Hcare Srv Rec Fdtn Trust-Contract Baseline,NHS 111,SOUTH EAST COAST AMBULANCE SERVICE NHS FOUNDATION TRUST,26336992,"100,577.33"
Department of Health,NHS Brighton & Hove CCG,3/31/2019,Clinical&Medical-Commercial Sector,PLANNED CARE,SPECSAVERS HEARCARE LTD,26418624,"25,769.95"
Department of Health,NHS Brighton & Hove CCG,3/31/2019,Clinical&Medical-Commercial Sector,PLANNED CARE,SPECSAVERS HEARCARE LTD,26634658,"25,732.34"
Department of Health,NHS Brighton & Hove CCG,3/31/2019,Clinical&Medical-Commercial Sector,ACUTE COMMISSIONING,SPIRE HEALTHCARE LTD,26336975,"61,255.00"
Department of Health,NHS Brighton & Hove CCG,3/31/2019,Hcare Srv Rec Fdtn Trust-CQUIN,ACUTE COMMISSIONING,ST GEORGES UNIVERSITY HOSPITALS NHS FOUNDATION TRUST,26336949,408.04
Department of Health,NHS Brighton & Hove CCG,3/31/2019,Hcare Srv Rec Fdtn Trust-Contract Baseline,ACUTE COMMISSIONING,ST GEORGES UNIVERSITY HOSPITALS NHS FOUNDATION TRUST,26336949,"32,643.36"
Department of Health,NHS Brighton & Hove CCG,3/31/2019,C&M-GMS DES Extended Hours Access,PRC DELEGATED CO-COMMISSIONING,ST PETERS MEDICAL CENTRE (BRIGHTON),26474655,"5,330.00"
Department of Health,NHS Brighton & Hove CCG,3/31/2019,C&M-GMS Global Sum,PRC DELEGATED CO-COMMISSIONING,ST PETERS MEDICAL CENTRE (BRIGHTON),26474655,"106,075.62"
Department of Health,NHS Brighton & Hove CCG,3/31/2019,C&M-GMS MPIG Correction Factor,PRC DELEGATED CO-COMMISSIONING,ST PETERS MEDICAL CENTRE (BRIGHTON),26474655,742.78
Department of Health,NHS Brighton & Hove CCG,3/31/2019,C&M-GMS PCO Seniority,PRC DELEGATED CO-COMMISSIONING,ST PETERS MEDICAL CENTRE (BRIGHTON),26474655,785.85
Department of Health,NHS Brighton & Hove CCG,3/31/2019,C&M-GMS Prem Actual Rent,PRC DELEGATED CO-COMMISSIONING,ST PETERS MEDICAL CENTRE (BRIGHTON),26474655,"30,804.00"
Department of Health,NHS Brighton & Hove CCG,3/31/2019,C&M-GMS Prem Water Rates,PRC DELEGATED CO-COMMISSIONING,ST PETERS MEDICAL CENTRE (BRIGHTON),26474655,175.17
Department of Health,NHS Brighton & Hove CCG,3/31/2019,C&M-GMS QOF Aspiration,PRC DELEGATED CO-COMMISSIONING,ST PETERS MEDICAL CENTRE (BRIGHTON),26474655,"7,508.80"
Department of Health,NHS Brighton & Hove CCG,3/31/2019,ME - GMS GP Prior Year ERs,PRC DELEGATED CO-COMMISSIONING,ST PETERS MEDICAL CENTRE (BRIGHTON),26474655,"1,533.89"
Department of Health,NHS Brighton & Hove CCG,3/31/2019,ME-GMS GP Prior Year EEs,PRC DELEGATED CO-COMMISSIONING,ST PETERS MEDICAL CENTRE (BRIGHTON),26474655,"1,866.67"
Department of Health,NHS Brighton & Hove CCG,3/31/2019,Hcare Srv Rec NHS Trust-CQUIN,ACUTE COMMISSIONING,SURREY AND SUSSEX HEALTHCARE NHS TRUST,26336979,"1,000.00"
Department of Health,NHS Brighton & Hove CCG,3/31/2019,Hcare Srv Rec NHS Trust-Contract Baseline,ACUTE COMMISSIONING,SURREY AND SUSSEX HEALTHCARE NHS TRUST,26336979,"81,083.00"
Department of Health,NHS Brighton & Hove CCG,3/31/2019,Clinical&Medical-Independent Sector,LONG TERM CONDITIONS,SUSSEX BEACON,26508523,"141,697.00"
Department of Health,NHS Brighton & Hove CCG,3/31/2019,Clinical&Medical-Serv Recd-F Trsts,Winter Resilience,SUSSEX COMMUNITY NHS FOUNDATION TRUST,26338529,"1,077,000.00"
Department of Health,NHS Brighton & Hove CCG,3/31/2019,Hcare Srv Rec Fdtn Trust-CQUIN,COMMUNITY SERVICES,SUSSEX COMMUNITY NHS FOUNDATION TRUST,26433006,"8,652.09"
Department of Health,NHS Brighton & Hove CCG,3/31/2019,Hcare Srv Rec Fdtn Trust-Contract Baseline,COMMUNITY SERVICES,SUSSEX COMMUNITY NHS FOUNDATION TRUST,26433006,"692,166.91"
Department of Health,NHS Brighton & Hove CCG,3/31/2019,Programme Support Costs,IM&T PROJECTS,SUSSEX COMMUNITY NHS FOUNDATION TRUST,26486544,"587,230.00"
Department of Health,NHS Brighton & Hove CCG,3/31/2019,Clinical&Medical-Serv Recd-F Trsts,COMMUNITY SERVICES,SUSSEX COMMUNITY NHS FOUNDATION TRUST,26557843,"296,541.00"
Department of Health,NHS Brighton & Hove CCG,3/31/2019,Clinical&Medical-Serv Recd-F Trsts,CHILDREN SERVICES,SUSSEX COMMUNITY NHS FOUNDATION TRUST,26610936,"1,000,000.00"
Department of Health,NHS Brighton & Hove CCG,3/31/2019,Hcare Srv Rec Fdtn Trust-Contract Baseline,MENTAL HEALTH CONTRACTS,SUSSEX PARTNERSHIP NHS FOUNDATION TRUST,26234997,"159,203.00"
Department of Health,NHS Brighton & Hove CCG,3/31/2019,Hcare Srv Rec Fdtn Trust-Contract Baseline,MENTAL HEALTH CONTRACTS,SUSSEX PARTNERSHIP NHS FOUNDATION TRUST,26235002,"146,859.00"
Department of Health,NHS Brighton & Hove CCG,3/31/2019,Clinical&Medical-Serv Recd-F Trsts,LEARNING DIFFICULTIES,SUSSEX PARTNERSHIP NHS FOUNDATION TRUST,26393459,"29,832.38"
Department of Health,NHS Brighton & Hove CCG,3/31/2019,Hcare Srv Rec Fdtn Trust-CQUIN,MENTAL HEALTH CONTRACTS,SUSSEX PARTNERSHIP NHS FOUNDATION TRUST,26502586,"40,002.70"
Department of Health,NHS Brighton & Hove CCG,3/31/2019,Hcare Srv Rec Fdtn Trust-Contract Baseline,MENTAL HEALTH CONTRACTS,SUSSEX PARTNERSHIP NHS FOUNDATION TRUST,26502586,"3,200,216.30"
Department of Health,NHS Brighton & Hove CCG,3/31/2019,Hlthcre-Foundation Trsts,INTERMEDIATE CARE,SUSSEX PARTNERSHIP NHS FOUNDATION TRUST,26609019,"84,000.00"
Department of Health,NHS Brighton & Hove CCG,3/31/2019,C&M-GMS DES Extended Hours Access,PRC DELEGATED CO-COMMISSIONING,TRINITY MEDICAL CENTRE HOVE,26494989,"8,887.00"
Department of Health,NHS Brighton & Hove CCG,3/31/2019,C&M-GMS Global Sum,PRC DELEGATED CO-COMMISSIONING,TRINITY MEDICAL CENTRE HOVE,26494989,"153,855.68"
Department of Health,NHS Brighton & Hove CCG,3/31/2019,C&M-GMS MPIG Correction Factor,PRC DELEGATED CO-COMMISSIONING,TRINITY MEDICAL CENTRE HOVE,26494989,845.09
Department of Health,NHS Brighton & Hove CCG,3/31/2019,C&M-GMS Other Subscriptions,PRC DELEGATED CO-COMMISSIONING,TRINITY MEDICAL CENTRE HOVE,26494989,720
Department of Health,NHS Brighton & Hove CCG,3/31/2019,C&M-GMS PCO Seniority,PRC DELEGATED CO-COMMISSIONING,TRINITY MEDICAL CENTRE HOVE,26494989,"3,902.44"
Department of Health,NHS Brighton & Hove CCG,3/31/2019,C&M-GMS QOF Aspiration,PRC DELEGATED CO-COMMISSIONING,TRINITY MEDICAL CENTRE HOVE,26494989,"13,720.56"
Department of Health,NHS Brighton & Hove CCG,3/31/2019,Hcare Srv Rec Fdtn Trust-CQUIN,ACUTE COMMISSIONING,UNIVERSITY COLLEGE LONDON HOSPITALS NHS FOUNDATION TRUST,26337002,713.63
Department of Health,NHS Brighton & Hove CCG,3/31/2019,Hcare Srv Rec Fdtn Trust-Contract Baseline,ACUTE COMMISSIONING,UNIVERSITY COLLEGE LONDON HOSPITALS NHS FOUNDATION TRUST,26337002,"57,090.37"
Department of Health,NHS Brighton & Hove CCG,3/31/2019,Clinical&Medical-Clinical Other,INTERMEDIATE CARE,VICTORIA NURSING GROUP LTD,26222064,"27,678.57"
Department of Health,NHS Brighton & Hove CCG,3/31/2019,Clinical&Medical-Clinical Other,INTERMEDIATE CARE,VICTORIA NURSING GROUP LTD,26458396,"25,000.00"
Department of Health,NHS Brighton & Hove CCG,3/31/2019,C&M-APMS Contract Value,PRC DELEGATED CO-COMMISSIONING,WELLSBOURNE HEALTHCARE CIC,26599369,"93,887.24"
Department of Health,NHS Brighton & Hove CCG,3/31/2019,Hcare Srv Rec Fdtn Trust-CQUIN,ACUTE COMMISSIONING,WESTERN SUSSEX HOSPITALS NHS FOUNDATION TRUST,26336994,"5,342.00"
Department of Health,NHS Brighton & Hove CCG,3/31/2019,Hcare Srv Rec Fdtn Trust-Contract Baseline,ACUTE COMMISSIONING,WESTERN SUSSEX HOSPITALS NHS FOUNDATION TRUST,26336994,"427,368.00"
Department of Health,NHS Brighton & Hove CCG,3/31/2019,Programme Support Costs,IM&T PROJECTS,WESTERN SUSSEX HOSPITALS NHS FOUNDATION TRUST,26570558,"297,586.00"
Department of Health,NHS Brighton & Hove CCG,3/31/2019,Hcare Srv Rec Fdtn Trust-Over/ Under Performance,ACUTE COMMISSIONING,WESTERN SUSSEX HOSPITALS NHS FOUNDATION TRUST,26639682,"40,187.64"
Department of Health,NHS Brighton & Hove CCG,3/31/2019,Hcare Srv Rec Fdtn Trust-Over/ Under Performance,ACUTE COMMISSIONING,WESTERN SUSSEX HOSPITALS NHS FOUNDATION TRUST,26639683,"129,796.50"
Department of Health,NHS Brighton & Hove CCG,3/31/2019,Hcare Srv Rec Fdtn Trust-Over/ Under Performance,ACUTE COMMISSIONING,WESTERN SUSSEX HOSPITALS NHS FOUNDATION TRUST,26639684,"163,184.57"
Department of Health,NHS Brighton & Hove CCG,3/31/2019,Hcare Srv Rec Fdtn Trust-Over/ Under Performance,ACUTE COMMISSIONING,WESTERN SUSSEX HOSPITALS NHS FOUNDATION TRUST,26639685,"58,259.09"
