Department family,Entity,Date,Expense Type,Expense area,Supplier,Transaction number,AP Amount (�)
Department of Health,NHS Brighton & Hove CCG,4/30/2018,Clinical&Medical-Voluntary Sector,GENERAL RESERVE - PROGRAMME,AGE UK BRIGHTON & HOVE,21710974,27194
Department of Health,NHS Brighton & Hove CCG,4/30/2018,Clinical&Medical-Voluntary Sector,INTERMEDIATE CARE,AGE UK BRIGHTON & HOVE,21849030,41823.25
Department of Health,NHS Brighton & Hove CCG,4/30/2018,C&M-APMS Contract Value,PRC DELEGATED CO-COMMISSIONING,ARCH HEALTH CIC,21624871,35419.5
Department of Health,NHS Brighton & Hove CCG,4/30/2018,C&M-APMS Contract Value,PRC DELEGATED CO-COMMISSIONING,ARCH HEALTH CIC,21770442,35419.5
Department of Health,NHS Brighton & Hove CCG,4/30/2018,C&M-GMS DES Extended Hours Access,PRC DELEGATED CO-COMMISSIONING,BEACONSFIELD MEDICAL PRACTICE,21521211,4908.65
Department of Health,NHS Brighton & Hove CCG,4/30/2018,C&M-GMS Prem Actual Rent,PRC DELEGATED CO-COMMISSIONING,BEACONSFIELD MEDICAL PRACTICE,21521211,71700
Department of Health,NHS Brighton & Hove CCG,4/30/2018,Programme Support Costs,GENERAL RESERVE - PROGRAMME,BERKELEY PARTNERSHIP,21917706,127866.3
Department of Health,NHS Brighton & Hove CCG,4/30/2018,Programme Support Costs,GENERAL RESERVE - PROGRAMME,BERKELEY PARTNERSHIP,21917708,33645.42
Department of Health,NHS Brighton & Hove CCG,4/30/2018,Programme Support Costs,GENERAL RESERVE - PROGRAMME,BERKELEY PARTNERSHIP,21917710,107765.52
Department of Health,NHS Brighton & Hove CCG,4/30/2018,Programme Support Costs,GENERAL RESERVE - PROGRAMME,BERKELEY PARTNERSHIP,21917715,132012.24
Department of Health,NHS Brighton & Hove CCG,4/30/2018,Clinical&Medical-Commercial Sector,GENERAL RESERVE - PROGRAMME,BOOTS UK LTD,21830810,84190.23
Department of Health,NHS Brighton & Hove CCG,4/30/2018,Clinical&Medical-Othe Public Sector,COMMISSIONING - NON ACUTE,BRIGHTON & HOVE CITY COUNCIL,21723041,15552
Department of Health,NHS Brighton & Hove CCG,4/30/2018,Rent,ESTATES AND FACILITIES,BRIGHTON & HOVE CITY COUNCIL,21723041,23328
Department of Health,NHS Brighton & Hove CCG,4/30/2018,Cont Care-Funded Nursing Care Allow,FUNDED NURSING CARE,BRIGHTON & HOVE CITY COUNCIL,21944380,1100000
Department of Health,NHS Brighton & Hove CCG,4/30/2018,Hcare Srv Rec NHS Trust,GENERAL RESERVE - PROGRAMME,BRIGHTON AND SUSSEX UNIVERSITY HOSPITALS NHS TRUST,21723019,-643533.23
Department of Health,NHS Brighton & Hove CCG,4/30/2018,Hcare Srv Rec NHS Trust-Contract Baseline,ACUTE COMMISSIONING,BRIGHTON AND SUSSEX UNIVERSITY HOSPITALS NHS TRUST,21723077,231833
Department of Health,NHS Brighton & Hove CCG,4/30/2018,Hcare Srv Rec NHS Trust-CQUIN,ACUTE COMMISSIONING,BRIGHTON AND SUSSEX UNIVERSITY HOSPITALS NHS TRUST,21723081,133597.03
Department of Health,NHS Brighton & Hove CCG,4/30/2018,Hcare Srv Rec NHS Trust-Contract Baseline,ACUTE COMMISSIONING,BRIGHTON AND SUSSEX UNIVERSITY HOSPITALS NHS TRUST,21723081,10687736.3
Department of Health,NHS Brighton & Hove CCG,4/30/2018,NHS Payables <1Yr-Non PO Accruals,BALANCE SHEET,BRIGHTON AND SUSSEX UNIVERSITY HOSPITALS NHS TRUST,21917587,350000
Department of Health,NHS Brighton & Hove CCG,4/30/2018,NHS Payables <1Yr-Non PO Accruals,BALANCE SHEET,BRIGHTON AND SUSSEX UNIVERSITY HOSPITALS NHS TRUST,21917629,-350000
Department of Health,NHS Brighton & Hove CCG,4/30/2018,C&M-GMS Global Sum,PRC DELEGATED CO-COMMISSIONING,BRUNSWICK SURGERY,21798123,83486.88
Department of Health,NHS Brighton & Hove CCG,4/30/2018,C&M-GMS MPIG Correction Factor,PRC DELEGATED CO-COMMISSIONING,BRUNSWICK SURGERY,21798123,655.48
Department of Health,NHS Brighton & Hove CCG,4/30/2018,C&M-GMS QOF Aspiration,PRC DELEGATED CO-COMMISSIONING,BRUNSWICK SURGERY,21798123,5548.55
Department of Health,NHS Brighton & Hove CCG,4/30/2018,ME-GMS GP Pension EEs,PRC DELEGATED CO-COMMISSIONING,BRUNSWICK SURGERY,21798123,254.55
Department of Health,NHS Brighton & Hove CCG,4/30/2018,Cont Care- Adult 100% Fully Funded,GENERAL RESERVE - PROGRAMME,CARE MANAGMENT GROUP LTD,21711274,31810.83
Department of Health,NHS Brighton & Hove CCG,4/30/2018,Clinical&Medical-Commercial Sector,GENERAL RESERVE - PROGRAMME,CARE UK (URGENT CARE) LTD,21770389,61194
Department of Health,NHS Brighton & Hove CCG,4/30/2018,Clinical&Medical-Commercial Sector,GENERAL RESERVE - PROGRAMME,CARE UNBOUND LTD,21828588,34961.12
Department of Health,NHS Brighton & Hove CCG,4/30/2018,C&M-Independent Sector - CQUIN,MENTAL HEALTH CONTRACTS,CARE UNBOUND LTD,21917634,8868
Department of Health,NHS Brighton & Hove CCG,4/30/2018,Clinical&Medical-Commercial Sector,MENTAL HEALTH CONTRACTS,CARE UNBOUND LTD,21917634,351025
Department of Health,NHS Brighton & Hove CCG,4/30/2018,Minor Works,LOCAL ENHANCED SERVICES,CHARTER MEDICAL CENTER,21588818,35226
Department of Health,NHS Brighton & Hove CCG,4/30/2018,Non-NHS trade<1Yr-Cutover Balance,BALANCE SHEET,COASTAL HOMECARE (HOVE) LTD,21624884,49222
Department of Health,NHS Brighton & Hove CCG,4/30/2018,Clinical&Medical-Clinical Other,GENERAL RESERVE - PROGRAMME,COLDEAN PHARMACY,21789283,37594.31
Department of Health,NHS Brighton & Hove CCG,4/30/2018,C&M-GMS Global Sum,PRC DELEGATED CO-COMMISSIONING,DR BIRD & PARTNERS,21798072,68623.95
Department of Health,NHS Brighton & Hove CCG,4/30/2018,C&M-GMS MPIG Correction Factor,PRC DELEGATED CO-COMMISSIONING,DR BIRD & PARTNERS,21798072,2920.21
Department of Health,NHS Brighton & Hove CCG,4/30/2018,C&M-GMS Prem Rates,PRC DELEGATED CO-COMMISSIONING,DR BIRD & PARTNERS,21798072,37712.6
Department of Health,NHS Brighton & Hove CCG,4/30/2018,C&M-GMS QOF Aspiration,PRC DELEGATED CO-COMMISSIONING,DR BIRD & PARTNERS,21798072,5975.63
Department of Health,NHS Brighton & Hove CCG,4/30/2018,C&M-GMS Global Sum,PRC DELEGATED CO-COMMISSIONING,DR DAVID SUPPLE & PARTNERS,21798078,70490.99
Department of Health,NHS Brighton & Hove CCG,4/30/2018,C&M-GMS MPIG Correction Factor,PRC DELEGATED CO-COMMISSIONING,DR DAVID SUPPLE & PARTNERS,21798078,1536.46
Department of Health,NHS Brighton & Hove CCG,4/30/2018,C&M-GMS Prem Notional Rent,PRC DELEGATED CO-COMMISSIONING,DR DAVID SUPPLE & PARTNERS,21798078,4291.67
Department of Health,NHS Brighton & Hove CCG,4/30/2018,C&M-GMS QOF Aspiration,PRC DELEGATED CO-COMMISSIONING,DR DAVID SUPPLE & PARTNERS,21798078,6159.98
Department of Health,NHS Brighton & Hove CCG,4/30/2018,ME-GMS GP Pension EEs Adjustments,PRC DELEGATED CO-COMMISSIONING,DR DAVID SUPPLE & PARTNERS,21798078,15165.71
Department of Health,NHS Brighton & Hove CCG,4/30/2018,ME-GMS GP Pension ERs Adjustments,PRC DELEGATED CO-COMMISSIONING,DR DAVID SUPPLE & PARTNERS,21798078,16017.59
Department of Health,NHS Brighton & Hove CCG,4/30/2018,C&M-GMS Global Sum,PRC DELEGATED CO-COMMISSIONING,DR EVANS & PARTNER,21798076,49013.32
Department of Health,NHS Brighton & Hove CCG,4/30/2018,C&M-GMS MPIG Correction Factor,PRC DELEGATED CO-COMMISSIONING,DR EVANS & PARTNER,21798076,14.55
Department of Health,NHS Brighton & Hove CCG,4/30/2018,C&M-GMS QOF Aspiration,PRC DELEGATED CO-COMMISSIONING,DR EVANS & PARTNER,21798076,4361.64
Department of Health,NHS Brighton & Hove CCG,4/30/2018,C&M-GMS Global Sum,PRC DELEGATED CO-COMMISSIONING,DR GILHOOLY & PARTNERS,21798088,78119.77
Department of Health,NHS Brighton & Hove CCG,4/30/2018,C&M-GMS MPIG Correction Factor,PRC DELEGATED CO-COMMISSIONING,DR GILHOOLY & PARTNERS,21798088,664.98
Department of Health,NHS Brighton & Hove CCG,4/30/2018,C&M-GMS PCO Seniority,PRC DELEGATED CO-COMMISSIONING,DR GILHOOLY & PARTNERS,21798088,2416.46
Department of Health,NHS Brighton & Hove CCG,4/30/2018,C&M-GMS Prem Rates,PRC DELEGATED CO-COMMISSIONING,DR GILHOOLY & PARTNERS,21798088,3797
Department of Health,NHS Brighton & Hove CCG,4/30/2018,C&M-GMS QOF Aspiration,PRC DELEGATED CO-COMMISSIONING,DR GILHOOLY & PARTNERS,21798088,6239.55
Department of Health,NHS Brighton & Hove CCG,4/30/2018,C&M-GMS Global Sum,PRC DELEGATED CO-COMMISSIONING,DR GRACIA A,21798082,19019.12
Department of Health,NHS Brighton & Hove CCG,4/30/2018,C&M-GMS MPIG Correction Factor,PRC DELEGATED CO-COMMISSIONING,DR GRACIA A,21798082,1419.32
Department of Health,NHS Brighton & Hove CCG,4/30/2018,C&M-GMS PCO Doctors Ret Scheme,PRC DELEGATED CO-COMMISSIONING,DR GRACIA A,21798082,307.68
Department of Health,NHS Brighton & Hove CCG,4/30/2018,C&M-GMS Prem Rates,PRC DELEGATED CO-COMMISSIONING,DR GRACIA A,21798082,3105
Department of Health,NHS Brighton & Hove CCG,4/30/2018,C&M-GMS QOF Aspiration,PRC DELEGATED CO-COMMISSIONING,DR GRACIA A,21798082,1467.05
Department of Health,NHS Brighton & Hove CCG,4/30/2018,C&M-GMS Global Sum,PRC DELEGATED CO-COMMISSIONING,DR GRAHAM & PARTNERS,21798084,123864.42
Department of Health,NHS Brighton & Hove CCG,4/30/2018,C&M-GMS MPIG Correction Factor,PRC DELEGATED CO-COMMISSIONING,DR GRAHAM & PARTNERS,21798084,818.1
Department of Health,NHS Brighton & Hove CCG,4/30/2018,C&M-GMS Prem Notional Rent,PRC DELEGATED CO-COMMISSIONING,DR GRAHAM & PARTNERS,21798084,958.33
Department of Health,NHS Brighton & Hove CCG,4/30/2018,C&M-GMS Prem Rates,PRC DELEGATED CO-COMMISSIONING,DR GRAHAM & PARTNERS,21798084,438
Department of Health,NHS Brighton & Hove CCG,4/30/2018,C&M-GMS Prem Water Rates,PRC DELEGATED CO-COMMISSIONING,DR GRAHAM & PARTNERS,21798084,2337.32
Department of Health,NHS Brighton & Hove CCG,4/30/2018,C&M-GMS QOF Aspiration,PRC DELEGATED CO-COMMISSIONING,DR GRAHAM & PARTNERS,21798084,8855.51
Department of Health,NHS Brighton & Hove CCG,4/30/2018,C&M-GMS Global Sum,PRC DELEGATED CO-COMMISSIONING,DR HACKING & PARTNER,21798086,47782.08
Department of Health,NHS Brighton & Hove CCG,4/30/2018,C&M-GMS MPIG Correction Factor,PRC DELEGATED CO-COMMISSIONING,DR HACKING & PARTNER,21798086,390.19
Department of Health,NHS Brighton & Hove CCG,4/30/2018,C&M-GMS Prem Cost Rent,PRC DELEGATED CO-COMMISSIONING,DR HACKING & PARTNER,21798086,2270.42
Department of Health,NHS Brighton & Hove CCG,4/30/2018,C&M-GMS Prem Water Rates,PRC DELEGATED CO-COMMISSIONING,DR HACKING & PARTNER,21798086,1004.61
Department of Health,NHS Brighton & Hove CCG,4/30/2018,C&M-GMS QOF Aspiration,PRC DELEGATED CO-COMMISSIONING,DR HACKING & PARTNER,21798086,4806.7
Department of Health,NHS Brighton & Hove CCG,4/30/2018,C&M-GMS Global Sum,PRC DELEGATED CO-COMMISSIONING,DR J CONDON & PARTNERS,21798121,158800.22
Department of Health,NHS Brighton & Hove CCG,4/30/2018,C&M-GMS MPIG Correction Factor,PRC DELEGATED CO-COMMISSIONING,DR J CONDON & PARTNERS,21798121,2597.35
Department of Health,NHS Brighton & Hove CCG,4/30/2018,C&M-GMS Prem Notional Rent,PRC DELEGATED CO-COMMISSIONING,DR J CONDON & PARTNERS,21798121,8656.67
Department of Health,NHS Brighton & Hove CCG,4/30/2018,C&M-GMS QOF Aspiration,PRC DELEGATED CO-COMMISSIONING,DR J CONDON & PARTNERS,21798121,13624.82
Department of Health,NHS Brighton & Hove CCG,4/30/2018,C&M-GMS Global Sum,PRC DELEGATED CO-COMMISSIONING,DR KHAN N A & PARTNERS,21798090,64751.22
Department of Health,NHS Brighton & Hove CCG,4/30/2018,C&M-GMS Prem Actual Rent,PRC DELEGATED CO-COMMISSIONING,DR KHAN N A & PARTNERS,21798090,500
Department of Health,NHS Brighton & Hove CCG,4/30/2018,C&M-GMS Prem Rates,PRC DELEGATED CO-COMMISSIONING,DR KHAN N A & PARTNERS,21798090,3695.42
Department of Health,NHS Brighton & Hove CCG,4/30/2018,C&M-GMS QOF Aspiration,PRC DELEGATED CO-COMMISSIONING,DR KHAN N A & PARTNERS,21798090,6405.24
Department of Health,NHS Brighton & Hove CCG,4/30/2018,C&M-GMS Global Sum,PRC DELEGATED CO-COMMISSIONING,DR KHOT A S & PARTNERS,21798092,39856.25
Department of Health,NHS Brighton & Hove CCG,4/30/2018,C&M-GMS MPIG Correction Factor,PRC DELEGATED CO-COMMISSIONING,DR KHOT A S & PARTNERS,21798092,475.34
Department of Health,NHS Brighton & Hove CCG,4/30/2018,C&M-GMS Prem Cost Rent,PRC DELEGATED CO-COMMISSIONING,DR KHOT A S & PARTNERS,21798092,2884.33
Department of Health,NHS Brighton & Hove CCG,4/30/2018,C&M-GMS Prem Water Rates,PRC DELEGATED CO-COMMISSIONING,DR KHOT A S & PARTNERS,21798092,233.09
Department of Health,NHS Brighton & Hove CCG,4/30/2018,C&M-GMS QOF Aspiration,PRC DELEGATED CO-COMMISSIONING,DR KHOT A S & PARTNERS,21798092,3104.16
Department of Health,NHS Brighton & Hove CCG,4/30/2018,C&M-GMS Global Sum,PRC DELEGATED CO-COMMISSIONING,DR MANCY-BARRATT & PARTNER,21798096,27784.4
Department of Health,NHS Brighton & Hove CCG,4/30/2018,C&M-GMS Prem Notional Rent,PRC DELEGATED CO-COMMISSIONING,DR MANCY-BARRATT & PARTNER,21798096,1166.67
Department of Health,NHS Brighton & Hove CCG,4/30/2018,C&M-GMS QOF Aspiration,PRC DELEGATED CO-COMMISSIONING,DR MANCY-BARRATT & PARTNER,21798096,2085.72
Department of Health,NHS Brighton & Hove CCG,4/30/2018,C&M-GMS Global Sum,PRC DELEGATED CO-COMMISSIONING,DR MEADE & PARTNERS,21798094,50267.55
Department of Health,NHS Brighton & Hove CCG,4/30/2018,C&M-GMS MPIG Correction Factor,PRC DELEGATED CO-COMMISSIONING,DR MEADE & PARTNERS,21798094,1701.02
Department of Health,NHS Brighton & Hove CCG,4/30/2018,C&M-GMS Prem Cost Rent,PRC DELEGATED CO-COMMISSIONING,DR MEADE & PARTNERS,21798094,4704.75
Department of Health,NHS Brighton & Hove CCG,4/30/2018,C&M-GMS Prem Rates,PRC DELEGATED CO-COMMISSIONING,DR MEADE & PARTNERS,21798094,1848
Department of Health,NHS Brighton & Hove CCG,4/30/2018,C&M-GMS QOF Aspiration,PRC DELEGATED CO-COMMISSIONING,DR MEADE & PARTNERS,21798094,4105.68
Department of Health,NHS Brighton & Hove CCG,4/30/2018,C&M-GMS Global Sum,PRC DELEGATED CO-COMMISSIONING,DR MILLS & PARTNERS,21798099,65187.89
Department of Health,NHS Brighton & Hove CCG,4/30/2018,C&M-GMS Prem Notional Rent,PRC DELEGATED CO-COMMISSIONING,DR MILLS & PARTNERS,21798099,3772.5
Department of Health,NHS Brighton & Hove CCG,4/30/2018,C&M-GMS QOF Aspiration,PRC DELEGATED CO-COMMISSIONING,DR MILLS & PARTNERS,21798099,6731.42
Department of Health,NHS Brighton & Hove CCG,4/30/2018,ME - GMS GP Prior Year ERs,PRC DELEGATED CO-COMMISSIONING,DR MILLS & PARTNERS,21798099,650.57
Department of Health,NHS Brighton & Hove CCG,4/30/2018,ME-GMS GP Prior Year EEs,PRC DELEGATED CO-COMMISSIONING,DR MILLS & PARTNERS,21798099,614.14
Department of Health,NHS Brighton & Hove CCG,4/30/2018,C&M-GMS DES Learn Dsblty Hlth Chk,PRC DELEGATED CO-COMMISSIONING,DR MITCHELL & PARTNER,21798101,140
Department of Health,NHS Brighton & Hove CCG,4/30/2018,C&M-GMS Global Sum,PRC DELEGATED CO-COMMISSIONING,DR MITCHELL & PARTNER,21798101,44773.38
Department of Health,NHS Brighton & Hove CCG,4/30/2018,C&M-GMS MPIG Correction Factor,PRC DELEGATED CO-COMMISSIONING,DR MITCHELL & PARTNER,21798101,201.11
Department of Health,NHS Brighton & Hove CCG,4/30/2018,C&M-GMS Prem Cost Rent,PRC DELEGATED CO-COMMISSIONING,DR MITCHELL & PARTNER,21798101,1111.33
Department of Health,NHS Brighton & Hove CCG,4/30/2018,C&M-GMS Global Sum,PRC DELEGATED CO-COMMISSIONING,DR P A DENIS LE SEVE & PARTNERS,21798097,105175.6
Department of Health,NHS Brighton & Hove CCG,4/30/2018,C&M-GMS MPIG Correction Factor,PRC DELEGATED CO-COMMISSIONING,DR P A DENIS LE SEVE & PARTNERS,21798097,4296.83
Department of Health,NHS Brighton & Hove CCG,4/30/2018,C&M-GMS QOF Aspiration,PRC DELEGATED CO-COMMISSIONING,DR P A DENIS LE SEVE & PARTNERS,21798097,2274.99
Department of Health,NHS Brighton & Hove CCG,4/30/2018,C&M-GMS Global Sum,PRC DELEGATED CO-COMMISSIONING,DR PATTON & PTNR,21798103,43119.27
Department of Health,NHS Brighton & Hove CCG,4/30/2018,C&M-GMS QOF Aspiration,PRC DELEGATED CO-COMMISSIONING,DR PATTON & PTNR,21798103,3593.46
Department of Health,NHS Brighton & Hove CCG,4/30/2018,C&M-GMS Global Sum,PRC DELEGATED CO-COMMISSIONING,DR SAGAR & PARTNERS,21798111,70914.22
Department of Health,NHS Brighton & Hove CCG,4/30/2018,C&M-GMS PCO Doctors Ret Scheme,PRC DELEGATED CO-COMMISSIONING,DR SAGAR & PARTNERS,21798111,615.36
Department of Health,NHS Brighton & Hove CCG,4/30/2018,C&M-GMS QOF Aspiration,PRC DELEGATED CO-COMMISSIONING,DR SAGAR & PARTNERS,21798111,7085.2
Department of Health,NHS Brighton & Hove CCG,4/30/2018,C&M-GMS Global Sum,PRC DELEGATED CO-COMMISSIONING,DR SHAH R & PARTNERS,21798105,51507.78
Department of Health,NHS Brighton & Hove CCG,4/30/2018,C&M-GMS PCO Doctors Ret Scheme,PRC DELEGATED CO-COMMISSIONING,DR SHAH R & PARTNERS,21798105,1769.16
Department of Health,NHS Brighton & Hove CCG,4/30/2018,C&M-GMS Prem Actual Rent,PRC DELEGATED CO-COMMISSIONING,DR SHAH R & PARTNERS,21798105,500
Department of Health,NHS Brighton & Hove CCG,4/30/2018,C&M-GMS Prem Rates,PRC DELEGATED CO-COMMISSIONING,DR SHAH R & PARTNERS,21798105,2034.66
Department of Health,NHS Brighton & Hove CCG,4/30/2018,C&M-GMS QOF Aspiration,PRC DELEGATED CO-COMMISSIONING,DR SHAH R & PARTNERS,21798105,4877.77
Department of Health,NHS Brighton & Hove CCG,4/30/2018,C&M-GMS Global Sum,PRC DELEGATED CO-COMMISSIONING,DR SHARP & PARTNER,21798109,27198.71
Department of Health,NHS Brighton & Hove CCG,4/30/2018,C&M-GMS MPIG Correction Factor,PRC DELEGATED CO-COMMISSIONING,DR SHARP & PARTNER,21798109,227.59
Department of Health,NHS Brighton & Hove CCG,4/30/2018,C&M-GMS QOF Aspiration,PRC DELEGATED CO-COMMISSIONING,DR SHARP & PARTNER,21798109,2567.1
Department of Health,NHS Brighton & Hove CCG,4/30/2018,ME-GMS GP Pension EEs,PRC DELEGATED CO-COMMISSIONING,DR SHARP & PARTNER,21798109,1215.9
Department of Health,NHS Brighton & Hove CCG,4/30/2018,ME-GMS GP Pension ERs Adjustments,PRC DELEGATED CO-COMMISSIONING,DR SHARP & PARTNER,21798109,1024.43
Department of Health,NHS Brighton & Hove CCG,4/30/2018,C&M-GMS GP Statutory Levy,PRC DELEGATED CO-COMMISSIONING,DR SUTCLIFFE & PARTNERS,21798106,-378.53
Department of Health,NHS Brighton & Hove CCG,4/30/2018,C&M-GMS Voluntary Levy,PRC DELEGATED CO-COMMISSIONING,DR SUTCLIFFE & PARTNERS,21798106,-78.03
Department of Health,NHS Brighton & Hove CCG,4/30/2018,ME - GMS TPS Added Years Adj EEs,PRC DELEGATED CO-COMMISSIONING,DR SUTCLIFFE & PARTNERS,21798106,-1690.75
Department of Health,NHS Brighton & Hove CCG,4/30/2018,ME-GMS GP Pension EEs,PRC DELEGATED CO-COMMISSIONING,DR SUTCLIFFE & PARTNERS,21798106,-18692.33
Department of Health,NHS Brighton & Hove CCG,4/30/2018,ME-GMS GP Pension ERs Adjustments,PRC DELEGATED CO-COMMISSIONING,DR SUTCLIFFE & PARTNERS,21798106,-17894.55
Department of Health,NHS Brighton & Hove CCG,4/30/2018,C&M-GMS Global Sum,PRC DELEGATED CO-COMMISSIONING,DR SUTCLIFFE & PARTNERS,21798107,92348.24
Department of Health,NHS Brighton & Hove CCG,4/30/2018,C&M-GMS QOF Aspiration,PRC DELEGATED CO-COMMISSIONING,DR SUTCLIFFE & PARTNERS,21798107,12144.39
Department of Health,NHS Brighton & Hove CCG,4/30/2018,C&M-GMS Global Sum,PRC DELEGATED CO-COMMISSIONING,DR WRIGHT & PARTNERS BRIGHTON,21798113,80939.18
Department of Health,NHS Brighton & Hove CCG,4/30/2018,C&M-GMS MPIG Correction Factor,PRC DELEGATED CO-COMMISSIONING,DR WRIGHT & PARTNERS BRIGHTON,21798113,425.14
Department of Health,NHS Brighton & Hove CCG,4/30/2018,C&M-GMS Prem Actual Rent,PRC DELEGATED CO-COMMISSIONING,DR WRIGHT & PARTNERS BRIGHTON,21798113,17711.25
Department of Health,NHS Brighton & Hove CCG,4/30/2018,C&M-GMS Prem Rates,PRC DELEGATED CO-COMMISSIONING,DR WRIGHT & PARTNERS BRIGHTON,21798113,3091.19
Department of Health,NHS Brighton & Hove CCG,4/30/2018,C&M-GMS QOF Aspiration,PRC DELEGATED CO-COMMISSIONING,DR WRIGHT & PARTNERS BRIGHTON,21798113,8108.73
Department of Health,NHS Brighton & Hove CCG,4/30/2018,Hcare Srv Rec NHS Trust-Over/ Under Performance,GENERAL RESERVE - PROGRAMME,EAST SUSSEX HEALTHCARE NHS TRUST,21944241,-38809.53
Department of Health,NHS Brighton & Hove CCG,4/30/2018,Hcare Srv Rec NHS Trust-CQUIN,ACUTE COMMISSIONING,EAST SUSSEX HEALTHCARE NHS TRUST,21944405,651.82
Department of Health,NHS Brighton & Hove CCG,4/30/2018,Hcare Srv Rec NHS Trust-Contract Baseline,ACUTE COMMISSIONING,EAST SUSSEX HEALTHCARE NHS TRUST,21944405,56059.05
Department of Health,NHS Brighton & Hove CCG,4/30/2018,Hcare Srv Rec Fdtn Trust-CQUIN,ACUTE COMMISSIONING,GUYS & ST THOMAS HOSPITAL NHS FOUNDATION TRUST,21723024,2786
Department of Health,NHS Brighton & Hove CCG,4/30/2018,Hcare Srv Rec Fdtn Trust-Contract Baseline,ACUTE COMMISSIONING,GUYS & ST THOMAS HOSPITAL NHS FOUNDATION TRUST,21723024,132844
Department of Health,NHS Brighton & Hove CCG,4/30/2018,Apprenticeship Levy Payable,BALANCE SHEET,HMRC,21762474,1193
Department of Health,NHS Brighton & Hove CCG,4/30/2018,Income tax <1Yr,BALANCE SHEET,HMRC,21762474,71711.66
Department of Health,NHS Brighton & Hove CCG,4/30/2018,Income tax <1Yr-Student Loans,BALANCE SHEET,HMRC,21762474,1680
Department of Health,NHS Brighton & Hove CCG,4/30/2018,National Insurance < 1 yr-NI- ERS,BALANCE SHEET,HMRC,21762474,53266.89
Department of Health,NHS Brighton & Hove CCG,4/30/2018,National Insurance < 1 yr-NI-EES,BALANCE SHEET,HMRC,21762474,37842.34
Department of Health,NHS Brighton & Hove CCG,4/30/2018,Statutory Mat Pay < 1 yr,BALANCE SHEET,HMRC,21762474,-1037.6
Department of Health,NHS Brighton & Hove CCG,4/30/2018,Clinical&Medical-Commercial Sector,INTERMEDIATE CARE,INTEGRATED CARE 24 LTD,21849005,62498.67
Department of Health,NHS Brighton & Hove CCG,4/30/2018,Clinical&Medical-Commercial Sector,INTERMEDIATE CARE,INTEGRATED CARE 24 LTD,21849015,42626.75
Department of Health,NHS Brighton & Hove CCG,4/30/2018,Clinical&Medical-Commercial Sector,OUT OF HOURS,INTEGRATED CARE 24 LTD,21960092,143004
Department of Health,NHS Brighton & Hove CCG,4/30/2018,Hcare Srv Rec Fdtn Trust-CQUIN,ACUTE COMMISSIONING,KING`S COLLEGE HOSPITAL NHS FOUNDATION TRUST,21723052,802.05
Department of Health,NHS Brighton & Hove CCG,4/30/2018,Hcare Srv Rec Fdtn Trust-Contract Baseline,ACUTE COMMISSIONING,KING`S COLLEGE HOSPITAL NHS FOUNDATION TRUST,21723052,64163.95
Department of Health,NHS Brighton & Hove CCG,4/30/2018,Clinical&Medical-Voluntary Sector,GENERAL RESERVE - PROGRAMME,MARTLETS HOSPICE,21959975,219312.5
Department of Health,NHS Brighton & Hove CCG,4/30/2018,C&M-GMS Global Sum,PRC DELEGATED CO-COMMISSIONING,MILE OAK MEDICAL CENTRE,21814791,55177.98
Department of Health,NHS Brighton & Hove CCG,4/30/2018,C&M-GMS MPIG Correction Factor,PRC DELEGATED CO-COMMISSIONING,MILE OAK MEDICAL CENTRE,21814791,837.2
Department of Health,NHS Brighton & Hove CCG,4/30/2018,C&M-GMS QOF Aspiration,PRC DELEGATED CO-COMMISSIONING,MILE OAK MEDICAL CENTRE,21814791,5698.62
Department of Health,NHS Brighton & Hove CCG,4/30/2018,ME - GMS GP Prior Year ERs,PRC DELEGATED CO-COMMISSIONING,MILE OAK MEDICAL CENTRE,21814791,2184.87
Department of Health,NHS Brighton & Hove CCG,4/30/2018,ME-GMS GP Prior Year EEs,PRC DELEGATED CO-COMMISSIONING,MILE OAK MEDICAL CENTRE,21814791,2073.21
Department of Health,NHS Brighton & Hove CCG,4/30/2018,Cont Care- Adult 100% Fully Funded,GENERAL RESERVE - PROGRAMME,MODUS CARE LTD,21869006,31104.29
Department of Health,NHS Brighton & Hove CCG,4/30/2018,C&M-GMS Global Sum,PRC DELEGATED CO-COMMISSIONING,MONTPELIER SURGERY,21798117,39470.71
Department of Health,NHS Brighton & Hove CCG,4/30/2018,C&M-GMS MPIG Correction Factor,PRC DELEGATED CO-COMMISSIONING,MONTPELIER SURGERY,21798117,352.17
Department of Health,NHS Brighton & Hove CCG,4/30/2018,C&M-GMS Prem Notional Rent,PRC DELEGATED CO-COMMISSIONING,MONTPELIER SURGERY,21798117,1792.92
Department of Health,NHS Brighton & Hove CCG,4/30/2018,C&M-GMS Prem Water Rates,PRC DELEGATED CO-COMMISSIONING,MONTPELIER SURGERY,21798117,121.77
Department of Health,NHS Brighton & Hove CCG,4/30/2018,C&M-GMS QOF Aspiration,PRC DELEGATED CO-COMMISSIONING,MONTPELIER SURGERY,21798117,2859.14
Department of Health,NHS Brighton & Hove CCG,4/30/2018,Charges from CSU,PRIMARY CARE IT,NHS NEL CSU,21600533,25395
Department of Health,NHS Brighton & Hove CCG,4/30/2018,Charges from CSU,PRIMARY CARE IT,NHS NEL CSU,21898206,25395.02
Department of Health,NHS Brighton & Hove CCG,4/30/2018,Non NHS Payables <1Yr,BALANCE SHEET,NHS PROPERTY SERVICES LTD,21722971,44652.93
Department of Health,NHS Brighton & Hove CCG,4/30/2018,Non NHS Payables <1Yr,BALANCE SHEET,NHS PROPERTY SERVICES LTD,21723057,-44652.93
Department of Health,NHS Brighton & Hove CCG,4/30/2018,Charges from CSU,CORPORATE COSTS & SERVICES,NHS SOUTH CENTRAL AND WEST COMMISSIONING SUPPORT UNIT,21869096,60050.95
Department of Health,NHS Brighton & Hove CCG,4/30/2018,Non-NHS trade<1Yr-Cutover Balance,BALANCE SHEET,OFFICE OF MODERN GOVERNANCE LTD,21624879,35202.66
Department of Health,NHS Brighton & Hove CCG,4/30/2018,External Consultancy Fees,GENERAL RESERVE - ADMIN,OFFICE OF MODERN GOVERNANCE LTD,21960197,19057.68
Department of Health,NHS Brighton & Hove CCG,4/30/2018,External Consultancy Fees,GENERAL RESERVE - PROGRAMME,OFFICE OF MODERN GOVERNANCE LTD,21960197,19778.82
Department of Health,NHS Brighton & Hove CCG,4/30/2018,Clinical&Medical-Commercial Sector,GENERAL RESERVE - PROGRAMME,OPTUM HEALTH SOLUTIONS (UK) LTD,21976261,39459
Department of Health,NHS Brighton & Hove CCG,4/30/2018,C&M-GMS Global Sum,PRC DELEGATED CO-COMMISSIONING,PARK CRESCENT HEALTH CENTRE,21798119,87399.4
Department of Health,NHS Brighton & Hove CCG,4/30/2018,C&M-GMS MPIG Correction Factor,PRC DELEGATED CO-COMMISSIONING,PARK CRESCENT HEALTH CENTRE,21798119,1024.85
Department of Health,NHS Brighton & Hove CCG,4/30/2018,C&M-GMS QOF Aspiration,PRC DELEGATED CO-COMMISSIONING,PARK CRESCENT HEALTH CENTRE,21798119,5352.13
Department of Health,NHS Brighton & Hove CCG,4/30/2018,ME - GMS GP Prior Year ERs,PRC DELEGATED CO-COMMISSIONING,PARK CRESCENT HEALTH CENTRE,21798119,211.54
Department of Health,NHS Brighton & Hove CCG,4/30/2018,ME-GMS GP Prior Year EEs,PRC DELEGATED CO-COMMISSIONING,PARK CRESCENT HEALTH CENTRE,21798119,199.66
Department of Health,NHS Brighton & Hove CCG,4/30/2018,C&M-GMS Global Sum,PRC DELEGATED CO-COMMISSIONING,PORTSLADE COUNTY CLINIC,21814792,45979.79
Department of Health,NHS Brighton & Hove CCG,4/30/2018,C&M-GMS MPIG Correction Factor,PRC DELEGATED CO-COMMISSIONING,PORTSLADE COUNTY CLINIC,21814792,259.27
Department of Health,NHS Brighton & Hove CCG,4/30/2018,C&M-GMS Prem Notional Rent,PRC DELEGATED CO-COMMISSIONING,PORTSLADE COUNTY CLINIC,21814792,4583.16
Department of Health,NHS Brighton & Hove CCG,4/30/2018,C&M-GMS QOF Aspiration,PRC DELEGATED CO-COMMISSIONING,PORTSLADE COUNTY CLINIC,21814792,5236.56
Department of Health,NHS Brighton & Hove CCG,4/30/2018,ME-GMS GP Pension EEs Adjustments,PRC DELEGATED CO-COMMISSIONING,PORTSLADE COUNTY CLINIC,21814792,21809.04
Department of Health,NHS Brighton & Hove CCG,4/30/2018,ME-GMS GP Pension ERs Adjustments,PRC DELEGATED CO-COMMISSIONING,PORTSLADE COUNTY CLINIC,21814792,22206.87
Department of Health,NHS Brighton & Hove CCG,4/30/2018,Hcare Srv Rec Fdtn Trust-Over/ Under Performance,GENERAL RESERVE - PROGRAMME,QUEEN VICTORIA HOSPITAL NHS FOUNDATION TRUST,21723005,-32408.28
Department of Health,NHS Brighton & Hove CCG,4/30/2018,Hcare Srv Rec Fdtn Trust-CQUIN,ACUTE COMMISSIONING,QUEEN VICTORIA HOSPITAL NHS FOUNDATION TRUST,21723110,1108
Department of Health,NHS Brighton & Hove CCG,4/30/2018,Hcare Srv Rec Fdtn Trust-Contract Baseline,ACUTE COMMISSIONING,QUEEN VICTORIA HOSPITAL NHS FOUNDATION TRUST,21723110,93816.88
Department of Health,NHS Brighton & Hove CCG,4/30/2018,C&M-GMS Global Sum,PRC DELEGATED CO-COMMISSIONING,REGENCY SURGERY,21798125,31580.5
Department of Health,NHS Brighton & Hove CCG,4/30/2018,C&M-GMS MPIG Correction Factor,PRC DELEGATED CO-COMMISSIONING,REGENCY SURGERY,21798125,841.05
Department of Health,NHS Brighton & Hove CCG,4/30/2018,C&M-GMS QOF Aspiration,PRC DELEGATED CO-COMMISSIONING,REGENCY SURGERY,21798125,2821.09
Department of Health,NHS Brighton & Hove CCG,4/30/2018,Hcare Srv Rec Fdtn Trust-Over/ Under Performance,GENERAL RESERVE - PROGRAMME,ROYAL MARSDEN NHS FOUNDATION TRUST (THE),21723001,65869
Department of Health,NHS Brighton & Hove CCG,4/30/2018,Hcare Srv Rec Fdtn Trust-Over/ Under Performance,GENERAL RESERVE - PROGRAMME,ROYAL MARSDEN NHS FOUNDATION TRUST (THE),21723053,-89320
Department of Health,NHS Brighton & Hove CCG,4/30/2018,Hcare Srv Rec Fdtn Trust-CQUIN,ACUTE COMMISSIONING,ROYAL MARSDEN NHS FOUNDATION TRUST (THE),21723073,287
Department of Health,NHS Brighton & Hove CCG,4/30/2018,Hcare Srv Rec Fdtn Trust-Contract Baseline,ACUTE COMMISSIONING,ROYAL MARSDEN NHS FOUNDATION TRUST (THE),21723073,35483.49
Department of Health,NHS Brighton & Hove CCG,4/30/2018,Hcare Srv Rec NHS Trust-Contract Baseline,ACUTE COMMISSIONING,ROYAL NATIONAL ORTHOPAEDIC HOSPITAL NHS TRUST,21723101,29767
Department of Health,NHS Brighton & Hove CCG,4/30/2018,Hcare Srv Rec Fdtn Trust-CQUIN,GENERAL RESERVE - PROGRAMME,ROYAL SURREY COUNTY HOSPITAL NHS FOUNDATION TRUST,21723068,341
Department of Health,NHS Brighton & Hove CCG,4/30/2018,Hcare Srv Rec Fdtn Trust-Contract Baseline,GENERAL RESERVE - PROGRAMME,ROYAL SURREY COUNTY HOSPITAL NHS FOUNDATION TRUST,21723068,27950
Department of Health,NHS Brighton & Hove CCG,4/30/2018,C&M-GMS Global Sum,PRC DELEGATED CO-COMMISSIONING,SALTDEAN & ROTTINGDEAN MEDICAL PRACTICE,21798129,80661.54
Department of Health,NHS Brighton & Hove CCG,4/30/2018,C&M-GMS Prem Notional Rent,PRC DELEGATED CO-COMMISSIONING,SALTDEAN & ROTTINGDEAN MEDICAL PRACTICE,21798129,1372.92
Department of Health,NHS Brighton & Hove CCG,4/30/2018,C&M-GMS QOF Aspiration,PRC DELEGATED CO-COMMISSIONING,SALTDEAN & ROTTINGDEAN MEDICAL PRACTICE,21798129,6934.27
Department of Health,NHS Brighton & Hove CCG,4/30/2018,Hcare Srv Rec Fdtn Trust-Contract Baseline,AMBULANCE SERVICES,SOUTH EAST COAST AMBULANCE SERVICE NHS FOUNDATION TRUST,21723075,1040956.71
Department of Health,NHS Brighton & Hove CCG,4/30/2018,Hcare Srv Rec Fdtn Trust-Contract Baseline,NHS 111,SOUTH EAST COAST AMBULANCE SERVICE NHS FOUNDATION TRUST,21723099,104163.42
Department of Health,NHS Brighton & Hove CCG,4/30/2018,Clinical&Medical-Independent Sector,MENTAL HEALTH SERVICES - OTHER,SOUTHDOWN HOUSING ASSOCIATION LTD,21848979,225000
Department of Health,NHS Brighton & Hove CCG,4/30/2018,Clinical&Medical-Commercial Sector,GENERAL RESERVE - PROGRAMME,SPECSAVERS HEARCARE LTD,21959952,36971.4
Department of Health,NHS Brighton & Hove CCG,4/30/2018,Hcare Srv Rec Fdtn Trust-CQUIN,ACUTE COMMISSIONING,ST GEORGES UNIVERSITY HOSPITALS NHS FOUNDATION TRUST,21723029,322.52
Department of Health,NHS Brighton & Hove CCG,4/30/2018,Hcare Srv Rec Fdtn Trust-Contract Baseline,ACUTE COMMISSIONING,ST GEORGES UNIVERSITY HOSPITALS NHS FOUNDATION TRUST,21723029,25801.29
Department of Health,NHS Brighton & Hove CCG,4/30/2018,C&M-GMS Global Sum,PRC DELEGATED CO-COMMISSIONING,ST PETERS MEDICAL CENTRE (BRIGHTON),21798137,79352.11
Department of Health,NHS Brighton & Hove CCG,4/30/2018,C&M-GMS MPIG Correction Factor,PRC DELEGATED CO-COMMISSIONING,ST PETERS MEDICAL CENTRE (BRIGHTON),21798137,742.78
Department of Health,NHS Brighton & Hove CCG,4/30/2018,C&M-GMS PCO Seniority,PRC DELEGATED CO-COMMISSIONING,ST PETERS MEDICAL CENTRE (BRIGHTON),21798137,5968.63
Department of Health,NHS Brighton & Hove CCG,4/30/2018,C&M-GMS Prem Actual Rent,PRC DELEGATED CO-COMMISSIONING,ST PETERS MEDICAL CENTRE (BRIGHTON),21798137,6000
Department of Health,NHS Brighton & Hove CCG,4/30/2018,C&M-GMS Prem Rates,PRC DELEGATED CO-COMMISSIONING,ST PETERS MEDICAL CENTRE (BRIGHTON),21798137,2214.89
Department of Health,NHS Brighton & Hove CCG,4/30/2018,C&M-GMS QOF Aspiration,PRC DELEGATED CO-COMMISSIONING,ST PETERS MEDICAL CENTRE (BRIGHTON),21798137,7508.84
Department of Health,NHS Brighton & Hove CCG,4/30/2018,Hcare Srv Rec NHS Trust-CQUIN,ACUTE COMMISSIONING,SURREY AND SUSSEX HEALTHCARE NHS TRUST,21723066,1000
Department of Health,NHS Brighton & Hove CCG,4/30/2018,Hcare Srv Rec NHS Trust-Contract Baseline,ACUTE COMMISSIONING,SURREY AND SUSSEX HEALTHCARE NHS TRUST,21723066,81083
Department of Health,NHS Brighton & Hove CCG,4/30/2018,Hcare Srv Rec NHS Trust-Over/ Under Performance,GENERAL RESERVE - PROGRAMME,SURREY AND SUSSEX HEALTHCARE NHS TRUST,21944223,52549
Department of Health,NHS Brighton & Hove CCG,4/30/2018,Clinical&Medical-Independent Sector,LONG TERM CONDITIONS,SUSSEX BEACON,21960096,141697
Department of Health,NHS Brighton & Hove CCG,4/30/2018,Clinical&Medical-Serv Recd-F Trsts,GENERAL RESERVE - PROGRAMME,SUSSEX COMMUNITY NHS FOUNDATION TRUST,21710929,31022
Department of Health,NHS Brighton & Hove CCG,4/30/2018,Clinical&Medical-Serv Recd-F Trsts,GENERAL RESERVE - PROGRAMME,SUSSEX COMMUNITY NHS FOUNDATION TRUST,21710994,-31022
Department of Health,NHS Brighton & Hove CCG,4/30/2018,Hcare Srv Rec Fdtn Trust-CQUIN,COMMUNITY SERVICES,SUSSEX COMMUNITY NHS FOUNDATION TRUST,21723096,28413.52
Department of Health,NHS Brighton & Hove CCG,4/30/2018,Hcare Srv Rec Fdtn Trust-Contract Baseline,COMMUNITY SERVICES,SUSSEX COMMUNITY NHS FOUNDATION TRUST,21723096,2264492.48
Department of Health,NHS Brighton & Hove CCG,4/30/2018,NHS Payables <1Yr-Non PO Accruals,BALANCE SHEET,SUSSEX COMMUNITY NHS FOUNDATION TRUST,21868948,-53717
Department of Health,NHS Brighton & Hove CCG,4/30/2018,NHS Payables <1Yr-Non PO Accruals,BALANCE SHEET,SUSSEX COMMUNITY NHS FOUNDATION TRUST,21868951,-56683
Department of Health,NHS Brighton & Hove CCG,4/30/2018,NHS Payables <1Yr-Non PO Accruals,BALANCE SHEET,SUSSEX COMMUNITY NHS FOUNDATION TRUST,21959907,56683
Department of Health,NHS Brighton & Hove CCG,4/30/2018,NHS Payables <1Yr-Non PO Accruals,BALANCE SHEET,SUSSEX COMMUNITY NHS FOUNDATION TRUST,21959908,53717
Department of Health,NHS Brighton & Hove CCG,4/30/2018,Cont Care-NHSFT-Adult 100% Funded,GENERAL RESERVE - PROGRAMME,SUSSEX COMMUNITY NHS FOUNDATION TRUST,21960195,25442.32
Department of Health,NHS Brighton & Hove CCG,4/30/2018,Clinical&Medical-Independent Sector,MENTAL HEALTH SERVICES - OTHER,SUSSEX OAKLEAF HOUSING ASSOCIATION,21960025,82648.25
Department of Health,NHS Brighton & Hove CCG,4/30/2018,NHS Payables,BALANCE SHEET,SUSSEX PARTNERSHIP NHS FOUNDATION TRUST,21624872,71742.86
Department of Health,NHS Brighton & Hove CCG,4/30/2018,Hcare Srv Rec Fdtn Trust-CQUIN,MENTAL HEALTH CONTRACTS,SUSSEX PARTNERSHIP NHS FOUNDATION TRUST,21723104,22123
Department of Health,NHS Brighton & Hove CCG,4/30/2018,Hcare Srv Rec Fdtn Trust-Contract Baseline,MENTAL HEALTH CONTRACTS,SUSSEX PARTNERSHIP NHS FOUNDATION TRUST,21723104,2691235
Department of Health,NHS Brighton & Hove CCG,4/30/2018,Hlthcre-Foundation Trsts,GENERAL RESERVE - PROGRAMME,SUSSEX PARTNERSHIP NHS FOUNDATION TRUST,21868955,30312.9
Department of Health,NHS Brighton & Hove CCG,4/30/2018,C&M-GMS Global Sum,PRC DELEGATED CO-COMMISSIONING,TRINITY MEDICAL CENTRE HOVE,21798133,126059.2
Department of Health,NHS Brighton & Hove CCG,4/30/2018,C&M-GMS MPIG Correction Factor,PRC DELEGATED CO-COMMISSIONING,TRINITY MEDICAL CENTRE HOVE,21798133,845.09
Department of Health,NHS Brighton & Hove CCG,4/30/2018,C&M-GMS Prem Actual Rent,PRC DELEGATED CO-COMMISSIONING,TRINITY MEDICAL CENTRE HOVE,21798133,927
Department of Health,NHS Brighton & Hove CCG,4/30/2018,C&M-GMS Prem Rates,PRC DELEGATED CO-COMMISSIONING,TRINITY MEDICAL CENTRE HOVE,21798133,8433
Department of Health,NHS Brighton & Hove CCG,4/30/2018,C&M-GMS QOF Aspiration,PRC DELEGATED CO-COMMISSIONING,TRINITY MEDICAL CENTRE HOVE,21798133,19138.82
Department of Health,NHS Brighton & Hove CCG,4/30/2018,ME - GMS GP Prior Year ERs,PRC DELEGATED CO-COMMISSIONING,TRINITY MEDICAL CENTRE HOVE,21798133,858.67
Department of Health,NHS Brighton & Hove CCG,4/30/2018,ME-GMS GP Prior Year EEs,PRC DELEGATED CO-COMMISSIONING,TRINITY MEDICAL CENTRE HOVE,21798133,810.67
Department of Health,NHS Brighton & Hove CCG,4/30/2018,Hcare Srv Rec Fdtn Trust-CQUIN,ACUTE COMMISSIONING,UNIVERSITY COLLEGE LONDON HOSPITALS NHS FOUNDATION TRUST,21723087,758
Department of Health,NHS Brighton & Hove CCG,4/30/2018,Hcare Srv Rec Fdtn Trust-Contract Baseline,ACUTE COMMISSIONING,UNIVERSITY COLLEGE LONDON HOSPITALS NHS FOUNDATION TRUST,21723087,53215
Department of Health,NHS Brighton & Hove CCG,4/30/2018,Hcare Srv Rec Fdtn Trust-CQUIN,GENERAL RESERVE - PROGRAMME,UNIVERSITY COLLEGE LONDON HOSPITALS NHS FOUNDATION TRUST,21944251,758
Department of Health,NHS Brighton & Hove CCG,4/30/2018,Hcare Srv Rec Fdtn Trust-Contract Baseline,GENERAL RESERVE - PROGRAMME,UNIVERSITY COLLEGE LONDON HOSPITALS NHS FOUNDATION TRUST,21944251,53215
Department of Health,NHS Brighton & Hove CCG,4/30/2018,Clinical&Medical-Commercial Sector,GENERAL RESERVE - PROGRAMME,VICTORIA NURSING GROUP LTD,21869000,48714.29
Department of Health,NHS Brighton & Hove CCG,4/30/2018,C&M-APMS Contract Value,PRC DELEGATED CO-COMMISSIONING,WELLSBOURNE HEALTHCARE CIC,21624887,258167.16
Department of Health,NHS Brighton & Hove CCG,4/30/2018,Hcare Srv Rec Fdtn Trust-Over/ Under Performance,GENERAL RESERVE - PROGRAMME,WESTERN SUSSEX HOSPITALS NHS FOUNDATION TRUST,21722982,-65079
Department of Health,NHS Brighton & Hove CCG,4/30/2018,Hcare Srv Rec Fdtn Trust-Over/ Under Performance,GENERAL RESERVE - PROGRAMME,WESTERN SUSSEX HOSPITALS NHS FOUNDATION TRUST,21722986,-52195
Department of Health,NHS Brighton & Hove CCG,4/30/2018,Hcare Srv Rec Fdtn Trust-Over/ Under Performance,GENERAL RESERVE - PROGRAMME,WESTERN SUSSEX HOSPITALS NHS FOUNDATION TRUST,21722987,-56332
Department of Health,NHS Brighton & Hove CCG,4/30/2018,Hcare Srv Rec Fdtn Trust-Over/ Under Performance,GENERAL RESERVE - PROGRAMME,WESTERN SUSSEX HOSPITALS NHS FOUNDATION TRUST,21723009,-30219.15
Department of Health,NHS Brighton & Hove CCG,4/30/2018,Hcare Srv Rec Fdtn Trust-CQUIN,ACUTE COMMISSIONING,WESTERN SUSSEX HOSPITALS NHS FOUNDATION TRUST,21723093,5342
Department of Health,NHS Brighton & Hove CCG,4/30/2018,Hcare Srv Rec Fdtn Trust-Contract Baseline,ACUTE COMMISSIONING,WESTERN SUSSEX HOSPITALS NHS FOUNDATION TRUST,21723093,427368
