Expenditure Over Threshold,,,,,,,,,
Sep-18,,,,,,,,,
Time run: 11/10/2018 15:17:54,,,,,,,,,
Department family,Entity,Date,Expense Type,Expense area,Supplier,Transaction number,AP Amount (�),VAT registration number,Purchase invoice number
Department of Health,NHS NE Hampshire & Farnham CCG,9/30/2018,Healthcare Srv Rec CCG,ACUTE COMMISSIONING,NHS EAST BERKSHIRE CCG,23721194,"791,187.00 ",,7031600392
Department of Health,NHS NE Hampshire & Farnham CCG,9/30/2018,Clinical&Medical-Clinical Other,COMMISSIONING SCHEMES,SALUS MEDICAL SERVICES,23721195,"(161,333.34)",,1306
Department of Health,NHS NE Hampshire & Farnham CCG,9/30/2018,Hlthcre-Foundation Trsts,COMMUNITY SERVICES,SURREY HEALTHY CHILDREN & FAMILIES LLP,23742644,"94,175.00 ",,0251
Department of Health,NHS NE Hampshire & Farnham CCG,9/30/2018,Hcare Srv Rec Fdtn Trust-Non Contract,NON RECURRENT PROGRAMMES,HAMPSHIRE HOSPITALS NHS FOUNDATION TRUST,23761711,"33,210.00 ",,40084193
Department of Health,NHS NE Hampshire & Farnham CCG,9/30/2018,Hlthcre-Foundation Trsts,MENTAL HEALTH CONTRACTS,SURREY & BORDERS PARTNERSHIP NHS FOUNDATION TRUST,23775555,"135,530.00 ",654 4345 33,6732059
Department of Health,NHS NE Hampshire & Farnham CCG,9/30/2018,Charges from CSU,CORPORATE COSTS & SERVICES,NHS SOUTH CENTRAL AND WEST COMMISSIONING SUPPORT UNIT,23775587,"111,126.91 ",,7312706904
Department of Health,NHS NE Hampshire & Farnham CCG,9/30/2018,Charges from CSU,PRIMARY CARE IT,NHS SOUTH CENTRAL AND WEST COMMISSIONING SUPPORT UNIT,23775587,"33,873.05 ",,7312706904
Department of Health,NHS NE Hampshire & Farnham CCG,9/30/2018,Healthcare Srv Rec CCG,CONTINUING HEALTHCARE ASSESSMENT & SUPPORT,NHS WEST HAMPSHIRE CCG,23775678,"54,141.00 ",,7028603164
Department of Health,NHS NE Hampshire & Farnham CCG,9/30/2018,Healthcare Srv Rec CCG,SAFEGUARDING,NHS WEST HAMPSHIRE CCG,23775678,"14,642.00 ",,7028603164
Department of Health,NHS NE Hampshire & Farnham CCG,9/30/2018,C&M-PMS Contract Value,PRC DELEGATED CO-COMMISSIONING,ALEXANDER HOUSE SURGERY,23786990,"65,097.56 ",,SO000064094
Department of Health,NHS NE Hampshire & Farnham CCG,9/30/2018,C&M-PMS DES Minor Surgery,PRC DELEGATED CO-COMMISSIONING,ALEXANDER HOUSE SURGERY,23786990,376.58 ,,SO000064094
Department of Health,NHS NE Hampshire & Farnham CCG,9/30/2018,C&M-PMS Funding Differential Review,PRC DELEGATED CO-COMMISSIONING,ALEXANDER HOUSE SURGERY,23786990,"2,450.08 ",,SO000064094
Department of Health,NHS NE Hampshire & Farnham CCG,9/30/2018,C&M-PMS PCO Locum Adop/Pat/Mat,PRC DELEGATED CO-COMMISSIONING,ALEXANDER HOUSE SURGERY,23786990,"6,858.34 ",,SO000064094
Department of Health,NHS NE Hampshire & Farnham CCG,9/30/2018,C&M-PMS PCO Other,PRC DELEGATED CO-COMMISSIONING,ALEXANDER HOUSE SURGERY,23786990,"3,832.00 ",,SO000064094
Department of Health,NHS NE Hampshire & Farnham CCG,9/30/2018,C&M-PMS PCO Seniority,PRC DELEGATED CO-COMMISSIONING,ALEXANDER HOUSE SURGERY,23786990,813.79 ,,SO000064094
Department of Health,NHS NE Hampshire & Farnham CCG,9/30/2018,C&M-PMS Prem Notional Rent,PRC DELEGATED CO-COMMISSIONING,ALEXANDER HOUSE SURGERY,23786990,"4,072.92 ",,SO000064094
Department of Health,NHS NE Hampshire & Farnham CCG,9/30/2018,C&M-PMS QOF Aspiration,PRC DELEGATED CO-COMMISSIONING,ALEXANDER HOUSE SURGERY,23786990,"7,346.23 ",,SO000064094
Department of Health,NHS NE Hampshire & Farnham CCG,9/30/2018,C&M-PMS DES Extended Hours Access,PRC DELEGATED CO-COMMISSIONING,BRANKSOMEWOOD HEALTHCARE CENTRE,23786991,"(12,337.66)",,SO000064095
Department of Health,NHS NE Hampshire & Farnham CCG,9/30/2018,C&M-PMS GP Statutory Levy,PRC DELEGATED CO-COMMISSIONING,BRANKSOMEWOOD HEALTHCARE CENTRE,23786991,(779.22),,SO000064095
Department of Health,NHS NE Hampshire & Farnham CCG,9/30/2018,C&M-PMS Out of Hours Opt Outs,PRC DELEGATED CO-COMMISSIONING,BRANKSOMEWOOD HEALTHCARE CENTRE,23786991,"(4,183.02)",,SO000064095
Department of Health,NHS NE Hampshire & Farnham CCG,9/30/2018,ME - PMS TPS Added Years Adj EEs,PRC DELEGATED CO-COMMISSIONING,BRANKSOMEWOOD HEALTHCARE CENTRE,23786991,(173.82),,SO000064095
Department of Health,NHS NE Hampshire & Farnham CCG,9/30/2018,ME-PMS GP Pension EEs-PMS,PRC DELEGATED CO-COMMISSIONING,BRANKSOMEWOOD HEALTHCARE CENTRE,23786991,"(5,330.61)",,SO000064095
Department of Health,NHS NE Hampshire & Farnham CCG,9/30/2018,ME-PMS GP Pension ERs Adjs - PMS,PRC DELEGATED CO-COMMISSIONING,BRANKSOMEWOOD HEALTHCARE CENTRE,23786991,"(5,895.47)",,SO000064095
Department of Health,NHS NE Hampshire & Farnham CCG,9/30/2018,C&M-PMS Contract Value,PRC DELEGATED CO-COMMISSIONING,BRANKSOMEWOOD HEALTHCARE CENTRE,23786992,"86,318.58 ",,SO000064096
Department of Health,NHS NE Hampshire & Farnham CCG,9/30/2018,C&M-PMS DES Minor Surgery,PRC DELEGATED CO-COMMISSIONING,BRANKSOMEWOOD HEALTHCARE CENTRE,23786992,373.83 ,,SO000064096
Department of Health,NHS NE Hampshire & Farnham CCG,9/30/2018,C&M-PMS Funding Differential Review,PRC DELEGATED CO-COMMISSIONING,BRANKSOMEWOOD HEALTHCARE CENTRE,23786992,"3,497.08 ",,SO000064096
Department of Health,NHS NE Hampshire & Farnham CCG,9/30/2018,C&M-PMS PCO Seniority,PRC DELEGATED CO-COMMISSIONING,BRANKSOMEWOOD HEALTHCARE CENTRE,23786992,198.99 ,,SO000064096
Department of Health,NHS NE Hampshire & Farnham CCG,9/30/2018,C&M-PMS Prem Actual Rent,PRC DELEGATED CO-COMMISSIONING,BRANKSOMEWOOD HEALTHCARE CENTRE,23786992,"10,258.33 ",,SO000064096
Department of Health,NHS NE Hampshire & Farnham CCG,9/30/2018,C&M-PMS QOF Aspiration,PRC DELEGATED CO-COMMISSIONING,BRANKSOMEWOOD HEALTHCARE CENTRE,23786992,"8,659.70 ",,SO000064096
Department of Health,NHS NE Hampshire & Farnham CCG,9/30/2018,C&M-PMS Contract Value,PRC DELEGATED CO-COMMISSIONING,BORDER PRACTICE,23786994,"65,343.63 ",,SO000064098
Department of Health,NHS NE Hampshire & Farnham CCG,9/30/2018,C&M-PMS DES Violent Patients,PRC DELEGATED CO-COMMISSIONING,BORDER PRACTICE,23786994,375.00 ,,SO000064098
Department of Health,NHS NE Hampshire & Farnham CCG,9/30/2018,C&M-PMS Funding Differential Review,PRC DELEGATED CO-COMMISSIONING,BORDER PRACTICE,23786994,"2,637.58 ",,SO000064098
Department of Health,NHS NE Hampshire & Farnham CCG,9/30/2018,C&M-PMS PCO Seniority,PRC DELEGATED CO-COMMISSIONING,BORDER PRACTICE,23786994,987.13 ,,SO000064098
Department of Health,NHS NE Hampshire & Farnham CCG,9/30/2018,C&M-PMS Prem Notional Rent,PRC DELEGATED CO-COMMISSIONING,BORDER PRACTICE,23786994,"12,179.17 ",,SO000064098
Department of Health,NHS NE Hampshire & Farnham CCG,9/30/2018,C&M-PMS Prem Water Rates,PRC DELEGATED CO-COMMISSIONING,BORDER PRACTICE,23786994,176.78 ,,SO000064098
Department of Health,NHS NE Hampshire & Farnham CCG,9/30/2018,C&M-PMS QOF Aspiration,PRC DELEGATED CO-COMMISSIONING,BORDER PRACTICE,23786994,"5,985.83 ",,SO000064098
Department of Health,NHS NE Hampshire & Farnham CCG,9/30/2018,C&M-PMS Contract Value,PRC DELEGATED CO-COMMISSIONING,NORTH CAMP SURGERY,23786996,"35,355.93 ",,SO000064100
Department of Health,NHS NE Hampshire & Farnham CCG,9/30/2018,C&M-PMS Funding Differential Review,PRC DELEGATED CO-COMMISSIONING,NORTH CAMP SURGERY,23786996,"1,306.92 ",,SO000064100
Department of Health,NHS NE Hampshire & Farnham CCG,9/30/2018,C&M-PMS Out of Hours Opt Outs,PRC DELEGATED CO-COMMISSIONING,NORTH CAMP SURGERY,23786996,20.40 ,,SO000064100
Department of Health,NHS NE Hampshire & Farnham CCG,9/30/2018,C&M-PMS PCO Locum Sickness,PRC DELEGATED CO-COMMISSIONING,NORTH CAMP SURGERY,23786996,"2,624.42 ",,SO000064100
Department of Health,NHS NE Hampshire & Farnham CCG,9/30/2018,C&M-PMS Prem Notional Rent,PRC DELEGATED CO-COMMISSIONING,NORTH CAMP SURGERY,23786996,"3,708.33 ",,SO000064100
Department of Health,NHS NE Hampshire & Farnham CCG,9/30/2018,C&M-PMS Prem Rates,PRC DELEGATED CO-COMMISSIONING,NORTH CAMP SURGERY,23786996,"1,160.00 ",,SO000064100
Department of Health,NHS NE Hampshire & Farnham CCG,9/30/2018,C&M-PMS QOF Aspiration,PRC DELEGATED CO-COMMISSIONING,NORTH CAMP SURGERY,23786996,"2,543.72 ",,SO000064100
Department of Health,NHS NE Hampshire & Farnham CCG,9/30/2018,C&M-PMS Contract Value,PRC DELEGATED CO-COMMISSIONING,PRINCES GARDENS SURGERY,23786998,"67,884.02 ",,SO000064102
Department of Health,NHS NE Hampshire & Farnham CCG,9/30/2018,C&M-PMS Funding Differential Review,PRC DELEGATED CO-COMMISSIONING,PRINCES GARDENS SURGERY,23786998,"2,566.42 ",,SO000064102
Department of Health,NHS NE Hampshire & Farnham CCG,9/30/2018,C&M-PMS PCO Locum Adop/Pat/Mat,PRC DELEGATED CO-COMMISSIONING,PRINCES GARDENS SURGERY,23786998,"1,200.00 ",,SO000064102
Department of Health,NHS NE Hampshire & Farnham CCG,9/30/2018,C&M-PMS PCO Other,PRC DELEGATED CO-COMMISSIONING,PRINCES GARDENS SURGERY,23786998,462.58 ,,SO000064102
Department of Health,NHS NE Hampshire & Farnham CCG,9/30/2018,C&M-PMS PCO Seniority,PRC DELEGATED CO-COMMISSIONING,PRINCES GARDENS SURGERY,23786998,"5,132.09 ",,SO000064102
Department of Health,NHS NE Hampshire & Farnham CCG,9/30/2018,C&M-PMS Prem Notional Rent,PRC DELEGATED CO-COMMISSIONING,PRINCES GARDENS SURGERY,23786998,"5,466.67 ",,SO000064102
Department of Health,NHS NE Hampshire & Farnham CCG,9/30/2018,C&M-PMS Prem Rates,PRC DELEGATED CO-COMMISSIONING,PRINCES GARDENS SURGERY,23786998,921.75 ,,SO000064102
Department of Health,NHS NE Hampshire & Farnham CCG,9/30/2018,C&M-PMS QOF Aspiration,PRC DELEGATED CO-COMMISSIONING,PRINCES GARDENS SURGERY,23786998,"6,469.67 ",,SO000064102
Department of Health,NHS NE Hampshire & Farnham CCG,9/30/2018,C&M-PMS Contract Value,PRC DELEGATED CO-COMMISSIONING,RICHMOND SURGERY,23787000,"87,494.68 ",,SO000064104
Department of Health,NHS NE Hampshire & Farnham CCG,9/30/2018,C&M-PMS Funding Differential Review,PRC DELEGATED CO-COMMISSIONING,RICHMOND SURGERY,23787000,"6,925.58 ",,SO000064104
Department of Health,NHS NE Hampshire & Farnham CCG,9/30/2018,C&M-PMS PCO Other,PRC DELEGATED CO-COMMISSIONING,RICHMOND SURGERY,23787000,680.66 ,,SO000064104
Department of Health,NHS NE Hampshire & Farnham CCG,9/30/2018,C&M-PMS PCO Seniority,PRC DELEGATED CO-COMMISSIONING,RICHMOND SURGERY,23787000,"2,176.52 ",,SO000064104
Department of Health,NHS NE Hampshire & Farnham CCG,9/30/2018,C&M-PMS Prem Notional Rent,PRC DELEGATED CO-COMMISSIONING,RICHMOND SURGERY,23787000,"6,608.33 ",,SO000064104
Department of Health,NHS NE Hampshire & Farnham CCG,9/30/2018,C&M-PMS Prem Rates,PRC DELEGATED CO-COMMISSIONING,RICHMOND SURGERY,23787000,826.20 ,,SO000064104
Department of Health,NHS NE Hampshire & Farnham CCG,9/30/2018,C&M-PMS QOF Aspiration,PRC DELEGATED CO-COMMISSIONING,RICHMOND SURGERY,23787000,"9,700.08 ",,SO000064104
Department of Health,NHS NE Hampshire & Farnham CCG,9/30/2018,C&M-PMS Contract Value,PRC DELEGATED CO-COMMISSIONING,SOUTHWOOD PRACTICE,23787002,"42,170.46 ",,SO000064106
Department of Health,NHS NE Hampshire & Farnham CCG,9/30/2018,C&M-PMS Funding Differential Review,PRC DELEGATED CO-COMMISSIONING,SOUTHWOOD PRACTICE,23787002,"6,333.17 ",,SO000064106
Department of Health,NHS NE Hampshire & Farnham CCG,9/30/2018,C&M-PMS Out of Hours Opt Outs,PRC DELEGATED CO-COMMISSIONING,SOUTHWOOD PRACTICE,23787002,0.65 ,,SO000064106
Department of Health,NHS NE Hampshire & Farnham CCG,9/30/2018,C&M-PMS PCO Seniority,PRC DELEGATED CO-COMMISSIONING,SOUTHWOOD PRACTICE,23787002,"1,259.92 ",,SO000064106
Department of Health,NHS NE Hampshire & Farnham CCG,9/30/2018,C&M-PMS Prem Actual Rent,PRC DELEGATED CO-COMMISSIONING,SOUTHWOOD PRACTICE,23787002,"1,756.03 ",,SO000064106
Department of Health,NHS NE Hampshire & Farnham CCG,9/30/2018,C&M-PMS Prem Rates,PRC DELEGATED CO-COMMISSIONING,SOUTHWOOD PRACTICE,23787002,420.90 ,,SO000064106
Department of Health,NHS NE Hampshire & Farnham CCG,9/30/2018,C&M-PMS QOF Aspiration,PRC DELEGATED CO-COMMISSIONING,SOUTHWOOD PRACTICE,23787002,"3,595.51 ",,SO000064106
Department of Health,NHS NE Hampshire & Farnham CCG,9/30/2018,Hlthcre-Foundation Trsts,ACUTE COMMISSIONING,HAMPSHIRE HOSPITALS NHS FOUNDATION TRUST,23790710,"87,901.00 ",,40084257
Department of Health,NHS NE Hampshire & Farnham CCG,9/30/2018,Hlthcre-Foundation Trsts,GENERAL RESERVE - PROGRAMME,SOUTHAMPTON UNIVERSITY HOSPITALS NHS FOUNDATION TRUST,23831340,"36,203.00 ",,7322810
Department of Health,NHS NE Hampshire & Farnham CCG,9/30/2018,Clinical&Medical-Independent Sector,ACUTE COMMISSIONING,SPIRE HEALTHCARE LTD,23831351,"133,343.00 ",915970991,99MCPKPF181906
Department of Health,NHS NE Hampshire & Farnham CCG,9/30/2018,Hlthcre-Foundation Trsts,CHILD AND ADOLESCENT MENTAL HEALTH,SUSSEX PARTNERSHIP NHS FOUNDATION TRUST,23831379,"141,256.00 ",654422543,6471386
Department of Health,NHS NE Hampshire & Farnham CCG,9/30/2018,Clinical&Medical-Othe Public Sector,COMMUNITY SERVICES,HAMPSHIRE COUNTY COUNCIL,23831383,"777,976.75 ",GB189406822,3611028180
Department of Health,NHS NE Hampshire & Farnham CCG,9/30/2018,Clinical&Medical-Othe Public Sector,DEMENTIA,HAMPSHIRE COUNTY COUNCIL,23831383,"11,910.68 ",GB189406822,3611028180
Department of Health,NHS NE Hampshire & Farnham CCG,9/30/2018,Hlthcre-Foundation Trsts,CHILD AND ADOLESCENT MENTAL HEALTH,SURREY & BORDERS PARTNERSHIP NHS FOUNDATION TRUST,23850656,"29,538.00 ",654 4345 33,6732065
Department of Health,NHS NE Hampshire & Farnham CCG,9/30/2018,Cont Care-Funded Nursing Care Allow,FUNDED NURSING CARE,NHS WEST HAMPSHIRE CCG,23850698,"202,330.00 ",,7028603173
Department of Health,NHS NE Hampshire & Farnham CCG,9/30/2018,Clinical&Medical-Independent Sector,LEARNING DIFFICULTIES,NHS SURREY DOWNS CCG,23850827,"1,154.00 ",,7030501847
Department of Health,NHS NE Hampshire & Farnham CCG,9/30/2018,Clinical&Medical-Independent Sector,LONG TERM CONDITIONS,NHS SURREY DOWNS CCG,23850827,"1,474.00 ",,7030501847
Department of Health,NHS NE Hampshire & Farnham CCG,9/30/2018,Clinical&Medical-Independent Sector,Learning Difficulties - S117,NHS SURREY DOWNS CCG,23850827,"6,149.00 ",,7030501847
Department of Health,NHS NE Hampshire & Farnham CCG,9/30/2018,Clinical&Medical-Independent Sector,Mental Health Services - S117 Mental Health,NHS SURREY DOWNS CCG,23850827,"11,707.00 ",,7030501847
Department of Health,NHS NE Hampshire & Farnham CCG,9/30/2018,Cont Care- Adult 100% Fully Funded,CHC AD FULL FUND PERS HLTH BUD,NHS SURREY DOWNS CCG,23850827,234.00 ,,7030501847
Department of Health,NHS NE Hampshire & Farnham CCG,9/30/2018,Cont Care- Adult 100% Fully Funded,CHC ADULT FULLY FUNDED,NHS SURREY DOWNS CCG,23850827,"45,602.70 ",,7030501847
Department of Health,NHS NE Hampshire & Farnham CCG,9/30/2018,Cont Care- Adult Joint Funded,ADULT JOINT FUNDED CONTINUING CARE,NHS SURREY DOWNS CCG,23850827,"2,048.00 ",,7030501847
Department of Health,NHS NE Hampshire & Farnham CCG,9/30/2018,Cont Care- Palliative Care,CHC ADULT FULLY FUNDED,NHS SURREY DOWNS CCG,23850827,"18,826.00 ",,7030501847
Department of Health,NHS NE Hampshire & Farnham CCG,9/30/2018,Cont Care-Funded Nursing Care Allow,FUNDED NURSING CARE,NHS SURREY DOWNS CCG,23850827,"53,482.00 ",,7030501847
Department of Health,NHS NE Hampshire & Farnham CCG,9/30/2018,Cont Care-Learning Disab(65+),CHC ADULT FULLY FUNDED,NHS SURREY DOWNS CCG,23850827,996.00 ,,7030501847
Department of Health,NHS NE Hampshire & Farnham CCG,9/30/2018,Cont Care-Learning Disab(<65),CHC AD FULL FUND PERS HLTH BUD,NHS SURREY DOWNS CCG,23850827,"2,849.00 ",,7030501847
Department of Health,NHS NE Hampshire & Farnham CCG,9/30/2018,Cont Care-Learning Disab(<65),CHC ADULT FULLY FUNDED,NHS SURREY DOWNS CCG,23850827,"17,827.00 ",,7030501847
Department of Health,NHS NE Hampshire & Farnham CCG,9/30/2018,Cont Care-Mental Health (65+),CHC AD FULL FUND PERS HLTH BUD,NHS SURREY DOWNS CCG,23850827,125.00 ,,7030501847
Department of Health,NHS NE Hampshire & Farnham CCG,9/30/2018,Cont Care-Mental Health (65+),CHC ADULT FULLY FUNDED,NHS SURREY DOWNS CCG,23850827,"22,448.00 ",,7030501847
Department of Health,NHS NE Hampshire & Farnham CCG,9/30/2018,Cont Care-Mental Health (<65),CHC AD FULL FUND PERS HLTH BUD,NHS SURREY DOWNS CCG,23850827,185.00 ,,7030501847
Department of Health,NHS NE Hampshire & Farnham CCG,9/30/2018,Cont Care-Mental Health (<65),CHC ADULT FULLY FUNDED,NHS SURREY DOWNS CCG,23850827,"3,220.00 ",,7030501847
Department of Health,NHS NE Hampshire & Farnham CCG,9/30/2018,Cont Care-NHSFT-Adult LD (<65),CHC ADULT FULLY FUNDED,NHS SURREY DOWNS CCG,23850827,"2,193.00 ",,7030501847
Department of Health,NHS NE Hampshire & Farnham CCG,9/30/2018,Cont Care-Physical Disab (65+),CHC AD FULL FUND PERS HLTH BUD,NHS SURREY DOWNS CCG,23850827,1.00 ,,7030501847
Department of Health,NHS NE Hampshire & Farnham CCG,9/30/2018,Cont Care-Physical Disab (65+),CHC ADULT FULLY FUNDED,NHS SURREY DOWNS CCG,23850827,"1,323.00 ",,7030501847
Department of Health,NHS NE Hampshire & Farnham CCG,9/30/2018,Cont Care-Physical Disab (<65),CHC AD FULL FUND PERS HLTH BUD,NHS SURREY DOWNS CCG,23850827,"4,757.00 ",,7030501847
Department of Health,NHS NE Hampshire & Farnham CCG,9/30/2018,Cont Care-Physical Disab (<65),CHC ADULT FULLY FUNDED,NHS SURREY DOWNS CCG,23850827,"10,634.00 ",,7030501847
Department of Health,NHS NE Hampshire & Farnham CCG,9/30/2018,Continuing Care- Equipment,CHC ADULT FULLY FUNDED,NHS SURREY DOWNS CCG,23850827,267.00 ,,7030501847
Department of Health,NHS NE Hampshire & Farnham CCG,9/30/2018,Healthcare Srv Rec CCG,CONTINUING HEALTHCARE ASSESSMENT & SUPPORT,NHS SURREY DOWNS CCG,23850827,"9,078.00 ",,7030501847
Department of Health,NHS NE Hampshire & Farnham CCG,9/30/2018,Clinical&Medical-Independent Sector,OUT OF HOURS,NORTH HAMPSHIRE URGENT CARE,23861032,"177,143.54 ",,2316
Department of Health,NHS NE Hampshire & Farnham CCG,9/30/2018,Hlthcre-Foundation Trsts,ACUTE COMMISSIONING,FRIMLEY HEALTH NHS FOUNDATION TRUST,23861040,"10,456,085.36 ",654922028,N0101219
Department of Health,NHS NE Hampshire & Farnham CCG,9/30/2018,Hlthcre-Foundation Trsts,COMMUNITY SERVICES,FRIMLEY HEALTH NHS FOUNDATION TRUST,23861041,"663,669.63 ",654922028,N0101224
Department of Health,NHS NE Hampshire & Farnham CCG,9/30/2018,Hlthcre-Foundation Trsts,PATIENT TRANSPORT,SOUTH CENTRAL AMBULANCE SERVICE NHS FOUNDATION TRUST,23861045,"65,435.31 ",654923613,INV0049216
Department of Health,NHS NE Hampshire & Farnham CCG,9/30/2018,Hlthcre-Foundation Trsts,ACUTE COMMISSIONING,ROYAL SURREY COUNTY HOSPITAL NHS FOUNDATION TRUST,23861048,"627,873.00 ",,13796329
Department of Health,NHS NE Hampshire & Farnham CCG,9/30/2018,Hlthcre-Foundation Trsts,MENTAL HEALTH CONTRACTS,SURREY & BORDERS PARTNERSHIP NHS FOUNDATION TRUST,23861049,"1,139,409.00 ",654 4345 33,6732054
Department of Health,NHS NE Hampshire & Farnham CCG,9/30/2018,Hlthcre-Foundation Trsts,AMBULANCE SERVICES,SOUTH EAST COAST AMBULANCE SERVICE NHS FOUNDATION TRUST,23861050,"499,629.05 ",,7881122
Department of Health,NHS NE Hampshire & Farnham CCG,9/30/2018,Clinical&Medical-Independent Sector,IMPROVING ACCESS TO PSYCHOLOGICAL THERAPIES,NORTH HAMPSHIRE URGENT CARE,23861055,"58,552.08 ",,2330
Department of Health,NHS NE Hampshire & Farnham CCG,9/30/2018,Clinical&Medical-Independent Sector,IMPROVING ACCESS TO PSYCHOLOGICAL THERAPIES,NORTH HAMPSHIRE URGENT CARE,23861058,"110,883.00 ",,2329
Department of Health,NHS NE Hampshire & Farnham CCG,9/30/2018,Hlthcre-Foundation Trsts,ACUTE COMMISSIONING,ASHFORD & ST PETERS HOSPITALS NHSFT,23861060,"83,604.40 ",GB654969284,14503439
Department of Health,NHS NE Hampshire & Farnham CCG,9/30/2018,Hcare Srv Rec NHS Trust,COMMUNITY SERVICES,SOLENT NHS TRUST,23861069,"89,707.00 ",,54155780
Department of Health,NHS NE Hampshire & Farnham CCG,9/30/2018,Hcare Srv Rec NHS Trust,COMMUNITY SERVICES,SOLENT NHS TRUST,23861071,"26,852.00 ",,54155781
Department of Health,NHS NE Hampshire & Farnham CCG,9/30/2018,Cont Care- Adult 100% Fully Funded,CHC ADULT FULLY FUNDED,NHS WEST HAMPSHIRE CCG,23861077,"1,134,210.00 ",,7028603177
Department of Health,NHS NE Hampshire & Farnham CCG,9/30/2018,Clinical&Medical-Clinical Other,COMMUNITY SERVICES,VIRGIN CARE SERVICES LTD,23889416,"69,000.00 ",GB918510332,10380002004
Department of Health,NHS NE Hampshire & Farnham CCG,9/30/2018,Clinical&Medical-Independent Sector,COMMUNITY SERVICES,VIRGIN CARE SERVICES LTD,23889416,"422,245.50 ",GB918510332,10380002004
Department of Health,NHS NE Hampshire & Farnham CCG,9/30/2018,Hlthcre-Foundation Trsts,NHS 111,SOUTH CENTRAL AMBULANCE SERVICE NHS FOUNDATION TRUST,23889453,"37,519.95 ",654923613,INV0049288
Department of Health,NHS NE Hampshire & Farnham CCG,9/30/2018,Computer Software/License,PRIMARY CARE IT,GRAPHNET HEALTH LTD,23892856,"112,296.20 ",650603758,53401
Department of Health,NHS NE Hampshire & Farnham CCG,9/30/2018,Apprenticeship Levy Payable,BALANCE SHEET,HMRC,23899569,"1,143.00 ",,475PF004482461905
Department of Health,NHS NE Hampshire & Farnham CCG,9/30/2018,Income tax <1Yr,BALANCE SHEET,HMRC,23899569,"85,045.20 ",,475PF004482461905
Department of Health,NHS NE Hampshire & Farnham CCG,9/30/2018,Income tax <1Yr-Student Loans,BALANCE SHEET,HMRC,23899569,475.00 ,,475PF004482461905
Department of Health,NHS NE Hampshire & Farnham CCG,9/30/2018,National Insurance < 1 yr-NI- ERS,BALANCE SHEET,HMRC,23899569,"54,993.19 ",,475PF004482461905
Department of Health,NHS NE Hampshire & Farnham CCG,9/30/2018,National Insurance < 1 yr-NI-EES,BALANCE SHEET,HMRC,23899569,"36,074.99 ",,475PF004482461905
Department of Health,NHS NE Hampshire & Farnham CCG,9/30/2018,Computer Software/License,PRIMARY CARE IT,GRAPHNET HEALTH LTD,23910650,"(101,220.00)",650603758,53398
Department of Health,NHS NE Hampshire & Farnham CCG,9/30/2018,Clinical&Medical-Independent Sector,GENERAL RESERVE - PROGRAMME,NHS GLOUCESTERSHIRE CCG,23913136,"110,000.00 ",,7029201854
Department of Health,NHS NE Hampshire & Farnham CCG,9/30/2018,Clinical&Medical-Othe Public Sector,COMMUNITY SERVICES,SURREY COUNTY COUNCIL,23930370,"45,467.01 ",GB216947249,9500175269
Department of Health,NHS NE Hampshire & Farnham CCG,9/30/2018,Clinical&Medical-Othe Public Sector,LONG TERM CONDITIONS,SURREY COUNTY COUNCIL,23930370,"75,263.25 ",GB216947249,9500175269
Department of Health,NHS NE Hampshire & Farnham CCG,9/30/2018,C&M-GMS Cost of Drugs -Dispensing,LOCAL ENHANCED SERVICES,HOLLY TREE SURGERY,23935355,"(28,097.02)",,SY000034829
Department of Health,NHS NE Hampshire & Farnham CCG,9/30/2018,C&M-GMS PrscChrgsCll&RmttdbyGPCntra,PRC DELEGATED CO-COMMISSIONING,HOLLY TREE SURGERY,23935355,"(2,772.00)",,SY000034829
Department of Health,NHS NE Hampshire & Farnham CCG,9/30/2018,C&M-GMS Cost of Drugs -Dispensing,LOCAL ENHANCED SERVICES,HOLLY TREE SURGERY,23935356,"55,232.96 ",,SY000034830
Department of Health,NHS NE Hampshire & Farnham CCG,9/30/2018,C&M-GMS Prof Fees Dispensing,PRC DELEGATED CO-COMMISSIONING,HOLLY TREE SURGERY,23935356,"9,059.27 ",,SY000034830
Department of Health,NHS NE Hampshire & Farnham CCG,9/30/2018,C&M-GMS PrscrptnChrgsColl&RmttdbyGP,LOCAL ENHANCED SERVICES,HOLLY TREE SURGERY,23935356,"2,772.00 ",,SY000034830
Department of Health,NHS NE Hampshire & Farnham CCG,9/30/2018,C&M-GMS DES Minor Surgery,PRC DELEGATED CO-COMMISSIONING,CRONDALL NEW SURGERY,23959183,476.41 ,,SO000064404
Department of Health,NHS NE Hampshire & Farnham CCG,9/30/2018,C&M-GMS Global Sum,PRC DELEGATED CO-COMMISSIONING,CRONDALL NEW SURGERY,23959183,"33,719.44 ",,SO000064404
Department of Health,NHS NE Hampshire & Farnham CCG,9/30/2018,C&M-GMS MPIG Correction Factor,PRC DELEGATED CO-COMMISSIONING,CRONDALL NEW SURGERY,23959183,"1,020.80 ",,SO000064404
Department of Health,NHS NE Hampshire & Farnham CCG,9/30/2018,C&M-GMS PCO Seniority,PRC DELEGATED CO-COMMISSIONING,CRONDALL NEW SURGERY,23959183,999.05 ,,SO000064404
Department of Health,NHS NE Hampshire & Farnham CCG,9/30/2018,C&M-GMS Prem Notional Rent,PRC DELEGATED CO-COMMISSIONING,CRONDALL NEW SURGERY,23959183,"4,583.33 ",,SO000064404
Department of Health,NHS NE Hampshire & Farnham CCG,9/30/2018,C&M-GMS Prem Rates,PRC DELEGATED CO-COMMISSIONING,CRONDALL NEW SURGERY,23959183,714.17 ,,SO000064404
Department of Health,NHS NE Hampshire & Farnham CCG,9/30/2018,C&M-GMS QOF Aspiration,PRC DELEGATED CO-COMMISSIONING,CRONDALL NEW SURGERY,23959183,"4,002.93 ",,SO000064404
Department of Health,NHS NE Hampshire & Farnham CCG,9/30/2018,C&M-GMS DES Minor Surgery,PRC DELEGATED CO-COMMISSIONING,FLEET MEDICAL CENTRE,23959185,"1,807.58 ",,SO000064406
Department of Health,NHS NE Hampshire & Farnham CCG,9/30/2018,C&M-GMS Global Sum,PRC DELEGATED CO-COMMISSIONING,FLEET MEDICAL CENTRE,23959185,"88,831.57 ",,SO000064406
Department of Health,NHS NE Hampshire & Farnham CCG,9/30/2018,C&M-GMS MPIG Correction Factor,PRC DELEGATED CO-COMMISSIONING,FLEET MEDICAL CENTRE,23959185,"3,323.84 ",,SO000064406
Department of Health,NHS NE Hampshire & Farnham CCG,9/30/2018,C&M-GMS PCO Other,PRC DELEGATED CO-COMMISSIONING,FLEET MEDICAL CENTRE,23959185,736.42 ,,SO000064406
Department of Health,NHS NE Hampshire & Farnham CCG,9/30/2018,C&M-GMS PCO Seniority,PRC DELEGATED CO-COMMISSIONING,FLEET MEDICAL CENTRE,23959185,"1,703.18 ",,SO000064406
Department of Health,NHS NE Hampshire & Farnham CCG,9/30/2018,C&M-GMS Prem Actual Rent,PRC DELEGATED CO-COMMISSIONING,FLEET MEDICAL CENTRE,23959185,"15,962.50 ",,SO000064406
Department of Health,NHS NE Hampshire & Farnham CCG,9/30/2018,C&M-GMS Prem Rates,PRC DELEGATED CO-COMMISSIONING,FLEET MEDICAL CENTRE,23959185,"2,355.13 ",,SO000064406
Department of Health,NHS NE Hampshire & Farnham CCG,9/30/2018,C&M-GMS QOF Aspiration,PRC DELEGATED CO-COMMISSIONING,FLEET MEDICAL CENTRE,23959185,"9,101.36 ",,SO000064406
Department of Health,NHS NE Hampshire & Farnham CCG,9/30/2018,ME - GMS GP Prior Year ERs,PRC DELEGATED CO-COMMISSIONING,FLEET MEDICAL CENTRE,23959185,601.48 ,,SO000064406
Department of Health,NHS NE Hampshire & Farnham CCG,9/30/2018,ME-GMS GP Prior Year EEs,PRC DELEGATED CO-COMMISSIONING,FLEET MEDICAL CENTRE,23959185,606.50 ,,SO000064406
Department of Health,NHS NE Hampshire & Farnham CCG,9/30/2018,C&M-GMS DES Minor Surgery,PRC DELEGATED CO-COMMISSIONING,HARTLEY CORNER MEDICAL PARTNERSHIP,23959187,(50.33),,SO000064409
Department of Health,NHS NE Hampshire & Farnham CCG,9/30/2018,ME - GMS TPS Added Years Adj EEs,PRC DELEGATED CO-COMMISSIONING,HARTLEY CORNER MEDICAL PARTNERSHIP,23959187,(581.21),,SO000064409
Department of Health,NHS NE Hampshire & Farnham CCG,9/30/2018,ME-GMS GP Pension EEs,PRC DELEGATED CO-COMMISSIONING,HARTLEY CORNER MEDICAL PARTNERSHIP,23959187,"(15,869.75)",,SO000064409
Department of Health,NHS NE Hampshire & Farnham CCG,9/30/2018,ME-GMS GP Pension ERs Adjustments,PRC DELEGATED CO-COMMISSIONING,HARTLEY CORNER MEDICAL PARTNERSHIP,23959187,"(17,004.37)",,SO000064409
Department of Health,NHS NE Hampshire & Farnham CCG,9/30/2018,C&M-GMS DES Minor Surgery,PRC DELEGATED CO-COMMISSIONING,HARTLEY CORNER MEDICAL PARTNERSHIP,23959188,"2,265.50 ",,SO000064410
Department of Health,NHS NE Hampshire & Farnham CCG,9/30/2018,C&M-GMS Global Sum,PRC DELEGATED CO-COMMISSIONING,HARTLEY CORNER MEDICAL PARTNERSHIP,23959188,"180,826.01 ",,SO000064410
Department of Health,NHS NE Hampshire & Farnham CCG,9/30/2018,C&M-GMS MPIG Correction Factor,PRC DELEGATED CO-COMMISSIONING,HARTLEY CORNER MEDICAL PARTNERSHIP,23959188,"7,075.87 ",,SO000064410
Department of Health,NHS NE Hampshire & Farnham CCG,9/30/2018,C&M-GMS PCO Doctors Ret Scheme,PRC DELEGATED CO-COMMISSIONING,HARTLEY CORNER MEDICAL PARTNERSHIP,23959188,615.36 ,,SO000064410
Department of Health,NHS NE Hampshire & Farnham CCG,9/30/2018,C&M-GMS PCO Seniority,PRC DELEGATED CO-COMMISSIONING,HARTLEY CORNER MEDICAL PARTNERSHIP,23959188,"6,505.23 ",,SO000064410
Department of Health,NHS NE Hampshire & Farnham CCG,9/30/2018,C&M-GMS Prem Actual Rent,PRC DELEGATED CO-COMMISSIONING,HARTLEY CORNER MEDICAL PARTNERSHIP,23959188,"8,244.67 ",,SO000064410
Department of Health,NHS NE Hampshire & Farnham CCG,9/30/2018,C&M-GMS Prem Notional Rent,PRC DELEGATED CO-COMMISSIONING,HARTLEY CORNER MEDICAL PARTNERSHIP,23959188,"6,591.67 ",,SO000064410
Department of Health,NHS NE Hampshire & Farnham CCG,9/30/2018,C&M-GMS Prem Rates,PRC DELEGATED CO-COMMISSIONING,HARTLEY CORNER MEDICAL PARTNERSHIP,23959188,"2,634.17 ",,SO000064410
Department of Health,NHS NE Hampshire & Farnham CCG,9/30/2018,C&M-GMS QOF Aspiration,PRC DELEGATED CO-COMMISSIONING,HARTLEY CORNER MEDICAL PARTNERSHIP,23959188,"19,470.45 ",,SO000064410
Department of Health,NHS NE Hampshire & Farnham CCG,9/30/2018,ME-GMS GP Pension EEs Adjustments,PRC DELEGATED CO-COMMISSIONING,HARTLEY CORNER MEDICAL PARTNERSHIP,23959188,362.50 ,,SO000064410
Department of Health,NHS NE Hampshire & Farnham CCG,9/30/2018,ME-GMS GP Pension ERs Adjustments,PRC DELEGATED CO-COMMISSIONING,HARTLEY CORNER MEDICAL PARTNERSHIP,23959188,359.50 ,,SO000064410
Department of Health,NHS NE Hampshire & Farnham CCG,9/30/2018,C&M-GMS DES Minor Surgery,PRC DELEGATED CO-COMMISSIONING,JENNER HOUSE SURGERY,23959189,"(2,962.82)",,SO000064411
Department of Health,NHS NE Hampshire & Farnham CCG,9/30/2018,ME - GMS GP Prior Year ERs,PRC DELEGATED CO-COMMISSIONING,JENNER HOUSE SURGERY,23959189,"(13,818.75)",,SO000064411
Department of Health,NHS NE Hampshire & Farnham CCG,9/30/2018,ME-GMS GP Pension EEs,PRC DELEGATED CO-COMMISSIONING,JENNER HOUSE SURGERY,23959189,"(1,081.09)",,SO000064411
Department of Health,NHS NE Hampshire & Farnham CCG,9/30/2018,ME-GMS GP Pension EEs Adjustments,PRC DELEGATED CO-COMMISSIONING,JENNER HOUSE SURGERY,23959189,"(2,322.34)",,SO000064411
Department of Health,NHS NE Hampshire & Farnham CCG,9/30/2018,ME-GMS GP Pension ERs Adjustments,PRC DELEGATED CO-COMMISSIONING,JENNER HOUSE SURGERY,23959189,"(3,454.68)",,SO000064411
Department of Health,NHS NE Hampshire & Farnham CCG,9/30/2018,ME-GMS GP Prior Year EEs,PRC DELEGATED CO-COMMISSIONING,JENNER HOUSE SURGERY,23959189,"(13,934.07)",,SO000064411
Department of Health,NHS NE Hampshire & Farnham CCG,9/30/2018,C&M-GMS DES Minor Surgery,PRC DELEGATED CO-COMMISSIONING,JENNER HOUSE SURGERY,23959190,963.58 ,,SO000064412
Department of Health,NHS NE Hampshire & Farnham CCG,9/30/2018,C&M-GMS Global Sum,PRC DELEGATED CO-COMMISSIONING,JENNER HOUSE SURGERY,23959190,"54,503.15 ",,SO000064412
Department of Health,NHS NE Hampshire & Farnham CCG,9/30/2018,C&M-GMS MPIG Correction Factor,PRC DELEGATED CO-COMMISSIONING,JENNER HOUSE SURGERY,23959190,"2,949.04 ",,SO000064412
Department of Health,NHS NE Hampshire & Farnham CCG,9/30/2018,C&M-GMS PCO Seniority,PRC DELEGATED CO-COMMISSIONING,JENNER HOUSE SURGERY,23959190,"1,132.19 ",,SO000064412
Department of Health,NHS NE Hampshire & Farnham CCG,9/30/2018,C&M-GMS Prem Notional Rent,PRC DELEGATED CO-COMMISSIONING,JENNER HOUSE SURGERY,23959190,"5,750.00 ",,SO000064412
Department of Health,NHS NE Hampshire & Farnham CCG,9/30/2018,C&M-GMS Prem Rates,PRC DELEGATED CO-COMMISSIONING,JENNER HOUSE SURGERY,23959190,"2,239.04 ",,SO000064412
Department of Health,NHS NE Hampshire & Farnham CCG,9/30/2018,C&M-GMS QOF Aspiration,PRC DELEGATED CO-COMMISSIONING,JENNER HOUSE SURGERY,23959190,"5,892.45 ",,SO000064412
Department of Health,NHS NE Hampshire & Farnham CCG,9/30/2018,C&M-GMS DES Minor Surgery,PRC DELEGATED CO-COMMISSIONING,MAYFIELD MEDICAL CENTRE FARNBOROUGH,23959192,945.58 ,,SO000064414
Department of Health,NHS NE Hampshire & Farnham CCG,9/30/2018,C&M-GMS Global Sum,PRC DELEGATED CO-COMMISSIONING,MAYFIELD MEDICAL CENTRE FARNBOROUGH,23959192,"60,359.10 ",,SO000064414
Department of Health,NHS NE Hampshire & Farnham CCG,9/30/2018,C&M-GMS MPIG Correction Factor,PRC DELEGATED CO-COMMISSIONING,MAYFIELD MEDICAL CENTRE FARNBOROUGH,23959192,973.50 ,,SO000064414
Department of Health,NHS NE Hampshire & Farnham CCG,9/30/2018,C&M-GMS PCO Doctors Ret Scheme,PRC DELEGATED CO-COMMISSIONING,MAYFIELD MEDICAL CENTRE FARNBOROUGH,23959192,"2,076.84 ",,SO000064414
Department of Health,NHS NE Hampshire & Farnham CCG,9/30/2018,C&M-GMS PCO Other,PRC DELEGATED CO-COMMISSIONING,MAYFIELD MEDICAL CENTRE FARNBOROUGH,23959192,483.33 ,,SO000064414
Department of Health,NHS NE Hampshire & Farnham CCG,9/30/2018,C&M-GMS PCO Seniority,PRC DELEGATED CO-COMMISSIONING,MAYFIELD MEDICAL CENTRE FARNBOROUGH,23959192,567.64 ,,SO000064414
Department of Health,NHS NE Hampshire & Farnham CCG,9/30/2018,C&M-GMS Prem Actual Rent,PRC DELEGATED CO-COMMISSIONING,MAYFIELD MEDICAL CENTRE FARNBOROUGH,23959192,"11,057.08 ",,SO000064414
Department of Health,NHS NE Hampshire & Farnham CCG,9/30/2018,C&M-GMS QOF Aspiration,PRC DELEGATED CO-COMMISSIONING,MAYFIELD MEDICAL CENTRE FARNBOROUGH,23959192,"6,412.69 ",,SO000064414
Department of Health,NHS NE Hampshire & Farnham CCG,9/30/2018,C&M-GMS DES Minor Surgery,PRC DELEGATED CO-COMMISSIONING,MILESTONE SURGERY,23959194,479.17 ,,SO000064416
Department of Health,NHS NE Hampshire & Farnham CCG,9/30/2018,C&M-GMS Global Sum,PRC DELEGATED CO-COMMISSIONING,MILESTONE SURGERY,23959194,"74,917.36 ",,SO000064416
Department of Health,NHS NE Hampshire & Farnham CCG,9/30/2018,C&M-GMS MPIG Correction Factor,PRC DELEGATED CO-COMMISSIONING,MILESTONE SURGERY,23959194,807.87 ,,SO000064416
Department of Health,NHS NE Hampshire & Farnham CCG,9/30/2018,C&M-GMS PCO Other,PRC DELEGATED CO-COMMISSIONING,MILESTONE SURGERY,23959194,587.67 ,,SO000064416
Department of Health,NHS NE Hampshire & Farnham CCG,9/30/2018,C&M-GMS PCO Seniority,PRC DELEGATED CO-COMMISSIONING,MILESTONE SURGERY,23959194,"2,899.55 ",,SO000064416
Department of Health,NHS NE Hampshire & Farnham CCG,9/30/2018,C&M-GMS Prem Notional Rent,PRC DELEGATED CO-COMMISSIONING,MILESTONE SURGERY,23959194,"4,829.17 ",,SO000064416
Department of Health,NHS NE Hampshire & Farnham CCG,9/30/2018,C&M-GMS Prem Rates,PRC DELEGATED CO-COMMISSIONING,MILESTONE SURGERY,23959194,714.17 ,,SO000064416
Department of Health,NHS NE Hampshire & Farnham CCG,9/30/2018,C&M-GMS QOF Aspiration,PRC DELEGATED CO-COMMISSIONING,MILESTONE SURGERY,23959194,"7,799.92 ",,SO000064416
Department of Health,NHS NE Hampshire & Farnham CCG,9/30/2018,ME - GMS GP Prior Year ERs,PRC DELEGATED CO-COMMISSIONING,MILESTONE SURGERY,23959194,"2,157.00 ",,SO000064416
Department of Health,NHS NE Hampshire & Farnham CCG,9/30/2018,ME-GMS GP Pension EEs Adjustments,PRC DELEGATED CO-COMMISSIONING,MILESTONE SURGERY,23959194,"2,025.00 ",,SO000064416
Department of Health,NHS NE Hampshire & Farnham CCG,9/30/2018,ME-GMS GP Pension ERs Adjustments,PRC DELEGATED CO-COMMISSIONING,MILESTONE SURGERY,23959194,"2,157.00 ",,SO000064416
Department of Health,NHS NE Hampshire & Farnham CCG,9/30/2018,ME-GMS GP Prior Year EEs,PRC DELEGATED CO-COMMISSIONING,MILESTONE SURGERY,23959194,"2,025.00 ",,SO000064416
Department of Health,NHS NE Hampshire & Farnham CCG,9/30/2018,C&M-GMS DES Minor Surgery,PRC DELEGATED CO-COMMISSIONING,SOUTHLEA GROUP PRACTICE,23959195,"(5,574.06)",,SO000064417
Department of Health,NHS NE Hampshire & Farnham CCG,9/30/2018,ME - GMS TPS Added Years Adj EEs,PRC DELEGATED CO-COMMISSIONING,SOUTHLEA GROUP PRACTICE,23959195,(567.00),,SO000064417
Department of Health,NHS NE Hampshire & Farnham CCG,9/30/2018,ME-GMS GP Pension EEs,PRC DELEGATED CO-COMMISSIONING,SOUTHLEA GROUP PRACTICE,23959195,"(9,499.55)",,SO000064417
Department of Health,NHS NE Hampshire & Farnham CCG,9/30/2018,ME-GMS GP Pension ERs Adjustments,PRC DELEGATED CO-COMMISSIONING,SOUTHLEA GROUP PRACTICE,23959195,"(10,740.13)",,SO000064417
Department of Health,NHS NE Hampshire & Farnham CCG,9/30/2018,C&M-GMS DES Minor Surgery,PRC DELEGATED CO-COMMISSIONING,SOUTHLEA GROUP PRACTICE,23959196,"3,558.67 ",,SO000064418
Department of Health,NHS NE Hampshire & Farnham CCG,9/30/2018,C&M-GMS Global Sum,PRC DELEGATED CO-COMMISSIONING,SOUTHLEA GROUP PRACTICE,23959196,"160,421.15 ",,SO000064418
Department of Health,NHS NE Hampshire & Farnham CCG,9/30/2018,C&M-GMS MPIG Correction Factor,PRC DELEGATED CO-COMMISSIONING,SOUTHLEA GROUP PRACTICE,23959196,"6,100.23 ",,SO000064418
Department of Health,NHS NE Hampshire & Farnham CCG,9/30/2018,C&M-GMS PCO Doctors Ret Scheme,PRC DELEGATED CO-COMMISSIONING,SOUTHLEA GROUP PRACTICE,23959196,"1,384.56 ",,SO000064418
Department of Health,NHS NE Hampshire & Farnham CCG,9/30/2018,C&M-GMS PCO Seniority,PRC DELEGATED CO-COMMISSIONING,SOUTHLEA GROUP PRACTICE,23959196,"4,410.15 ",,SO000064418
Department of Health,NHS NE Hampshire & Farnham CCG,9/30/2018,C&M-GMS Prem Actual Rent,PRC DELEGATED CO-COMMISSIONING,SOUTHLEA GROUP PRACTICE,23959196,"31,343.67 ",,SO000064418
Department of Health,NHS NE Hampshire & Farnham CCG,9/30/2018,C&M-GMS Prem Notional Rent,PRC DELEGATED CO-COMMISSIONING,SOUTHLEA GROUP PRACTICE,23959196,"4,035.42 ",,SO000064418
Department of Health,NHS NE Hampshire & Farnham CCG,9/30/2018,C&M-GMS QOF Aspiration,PRC DELEGATED CO-COMMISSIONING,SOUTHLEA GROUP PRACTICE,23959196,"17,684.92 ",,SO000064418
Department of Health,NHS NE Hampshire & Farnham CCG,9/30/2018,C&M-GMS DES Minor Surgery,PRC DELEGATED CO-COMMISSIONING,WELLINGTON PRACTICE,23959198,175.00 ,,SO000064420
Department of Health,NHS NE Hampshire & Farnham CCG,9/30/2018,C&M-GMS Global Sum,PRC DELEGATED CO-COMMISSIONING,WELLINGTON PRACTICE,23959198,"25,064.18 ",,SO000064420
Department of Health,NHS NE Hampshire & Farnham CCG,9/30/2018,C&M-GMS MPIG Correction Factor,PRC DELEGATED CO-COMMISSIONING,WELLINGTON PRACTICE,23959198,770.70 ,,SO000064420
Department of Health,NHS NE Hampshire & Farnham CCG,9/30/2018,C&M-GMS PCO Seniority,PRC DELEGATED CO-COMMISSIONING,WELLINGTON PRACTICE,23959198,"1,132.19 ",,SO000064420
Department of Health,NHS NE Hampshire & Farnham CCG,9/30/2018,C&M-GMS Prem Actual Rent,PRC DELEGATED CO-COMMISSIONING,WELLINGTON PRACTICE,23959198,"9,215.97 ",,SO000064420
Department of Health,NHS NE Hampshire & Farnham CCG,9/30/2018,C&M-GMS QOF Aspiration,PRC DELEGATED CO-COMMISSIONING,WELLINGTON PRACTICE,23959198,"2,778.02 ",,SO000064420
Department of Health,NHS NE Hampshire & Farnham CCG,9/30/2018,Hlthcre-Foundation Trsts,GENERAL RESERVE - PROGRAMME,FRIMLEY HEALTH NHS FOUNDATION TRUST,23966546,"(78,198.49)",654922028,N0095935
Department of Health,NHS NE Hampshire & Farnham CCG,9/30/2018,Clinical&Medical-Othe Public Sector,CHILD AND ADOLESCENT MENTAL HEALTH,NHS GUILDFORD AND WAVERLEY CCG,23966646,"31,401.00 ",,7026301078
Department of Health,NHS NE Hampshire & Farnham CCG,9/30/2018,C&M-PMS Contract Value,PRC DELEGATED CO-COMMISSIONING,DOWNING STREET GROUP PRACTICE,23973529,(26.38),,SY000035024
Department of Health,NHS NE Hampshire & Farnham CCG,9/30/2018,C&M-PMS DES Extended Hours Access,PRC DELEGATED CO-COMMISSIONING,DOWNING STREET GROUP PRACTICE,23973529,"(24,030.24)",,SY000035024
Department of Health,NHS NE Hampshire & Farnham CCG,9/30/2018,C&M-PMS DES Minor Surgery,PRC DELEGATED CO-COMMISSIONING,DOWNING STREET GROUP PRACTICE,23973529,(146.67),,SY000035024
Department of Health,NHS NE Hampshire & Farnham CCG,9/30/2018,C&M-PMS GP Statutory Levy,PRC DELEGATED CO-COMMISSIONING,DOWNING STREET GROUP PRACTICE,23973529,(409.63),,SY000035024
Department of Health,NHS NE Hampshire & Farnham CCG,9/30/2018,C&M-PMS Out of Hours Opt Outs,PRC DELEGATED CO-COMMISSIONING,DOWNING STREET GROUP PRACTICE,23973529,"(4,374.02)",,SY000035024
Department of Health,NHS NE Hampshire & Farnham CCG,9/30/2018,C&M-PMS Voluntary Levy,PRC DELEGATED CO-COMMISSIONING,DOWNING STREET GROUP PRACTICE,23973529,(84.03),,SY000035024
Department of Health,NHS NE Hampshire & Farnham CCG,9/30/2018,ME - PMS TPS Added Years Adj EEs,PRC DELEGATED CO-COMMISSIONING,DOWNING STREET GROUP PRACTICE,23973529,(343.55),,SY000035024
Department of Health,NHS NE Hampshire & Farnham CCG,9/30/2018,ME-PMS GP Pension EEs-PMS,PRC DELEGATED CO-COMMISSIONING,DOWNING STREET GROUP PRACTICE,23973529,"(5,253.32)",,SY000035024
Department of Health,NHS NE Hampshire & Farnham CCG,9/30/2018,ME-PMS GP Pension ERs Adjs - PMS,PRC DELEGATED CO-COMMISSIONING,DOWNING STREET GROUP PRACTICE,23973529,"(5,770.90)",,SY000035024
Department of Health,NHS NE Hampshire & Farnham CCG,9/30/2018,C&M-PMS Contract Value,PRC DELEGATED CO-COMMISSIONING,DOWNING STREET GROUP PRACTICE,23973530,"90,681.27 ",,SY000035025
Department of Health,NHS NE Hampshire & Farnham CCG,9/30/2018,C&M-PMS DES Minor Surgery,PRC DELEGATED CO-COMMISSIONING,DOWNING STREET GROUP PRACTICE,23973530,761.42 ,,SY000035025
Department of Health,NHS NE Hampshire & Farnham CCG,9/30/2018,C&M-PMS Funding Differential Review,PRC DELEGATED CO-COMMISSIONING,DOWNING STREET GROUP PRACTICE,23973530,"2,450.92 ",,SY000035025
Department of Health,NHS NE Hampshire & Farnham CCG,9/30/2018,C&M-PMS Out of Hours Opt Outs,PRC DELEGATED CO-COMMISSIONING,DOWNING STREET GROUP PRACTICE,23973530,1.28 ,,SY000035025
Department of Health,NHS NE Hampshire & Farnham CCG,9/30/2018,C&M-PMS PCO Locum Adop/Pat/Mat,PRC DELEGATED CO-COMMISSIONING,DOWNING STREET GROUP PRACTICE,23973530,"15,964.26 ",,SY000035025
Department of Health,NHS NE Hampshire & Farnham CCG,9/30/2018,C&M-PMS PCO Seniority,PRC DELEGATED CO-COMMISSIONING,DOWNING STREET GROUP PRACTICE,23973530,"2,345.46 ",,SY000035025
Department of Health,NHS NE Hampshire & Farnham CCG,9/30/2018,C&M-PMS Prem Actual Rent,PRC DELEGATED CO-COMMISSIONING,DOWNING STREET GROUP PRACTICE,23973530,"10,524.33 ",,SY000035025
Department of Health,NHS NE Hampshire & Farnham CCG,9/30/2018,C&M-PMS Prem Rates,PRC DELEGATED CO-COMMISSIONING,DOWNING STREET GROUP PRACTICE,23973530,"2,479.08 ",,SY000035025
Department of Health,NHS NE Hampshire & Farnham CCG,9/30/2018,C&M-PMS QOF Aspiration,PRC DELEGATED CO-COMMISSIONING,DOWNING STREET GROUP PRACTICE,23973530,"8,770.51 ",,SY000035025
Department of Health,NHS NE Hampshire & Farnham CCG,9/30/2018,C&M-GMS DES Minor Surgery,PRC DELEGATED CO-COMMISSIONING,FARNHAM DENE MEDICAL PRACTICE,23973532,"1,614.75 ",,SY000035027
Department of Health,NHS NE Hampshire & Farnham CCG,9/30/2018,C&M-GMS Global Sum,PRC DELEGATED CO-COMMISSIONING,FARNHAM DENE MEDICAL PRACTICE,23973532,"80,027.50 ",,SY000035027
Department of Health,NHS NE Hampshire & Farnham CCG,9/30/2018,C&M-GMS MPIG Correction Factor,PRC DELEGATED CO-COMMISSIONING,FARNHAM DENE MEDICAL PRACTICE,23973532,760.20 ,,SY000035027
Department of Health,NHS NE Hampshire & Farnham CCG,9/30/2018,C&M-GMS PCO Other,PRC DELEGATED CO-COMMISSIONING,FARNHAM DENE MEDICAL PRACTICE,23973532,628.08 ,,SY000035027
Department of Health,NHS NE Hampshire & Farnham CCG,9/30/2018,C&M-GMS PCO Seniority,PRC DELEGATED CO-COMMISSIONING,FARNHAM DENE MEDICAL PRACTICE,23973532,"3,243.52 ",,SY000035027
Department of Health,NHS NE Hampshire & Farnham CCG,9/30/2018,C&M-GMS Prem Actual Rent,PRC DELEGATED CO-COMMISSIONING,FARNHAM DENE MEDICAL PRACTICE,23973532,"16,148.75 ",,SY000035027
Department of Health,NHS NE Hampshire & Farnham CCG,9/30/2018,C&M-GMS Prem Rates,PRC DELEGATED CO-COMMISSIONING,FARNHAM DENE MEDICAL PRACTICE,23973532,"1,093.35 ",,SY000035027
Department of Health,NHS NE Hampshire & Farnham CCG,9/30/2018,C&M-GMS QOF Aspiration,PRC DELEGATED CO-COMMISSIONING,FARNHAM DENE MEDICAL PRACTICE,23973532,"7,291.26 ",,SY000035027
Department of Health,NHS NE Hampshire & Farnham CCG,9/30/2018,C&M-GMS DES Minor Surgery,PRC DELEGATED CO-COMMISSIONING,FERNS MEDICAL PRACTICE,23973534,614.67 ,,SY000035029
Department of Health,NHS NE Hampshire & Farnham CCG,9/30/2018,C&M-GMS Global Sum,PRC DELEGATED CO-COMMISSIONING,FERNS MEDICAL PRACTICE,23973534,"71,952.90 ",,SY000035029
Department of Health,NHS NE Hampshire & Farnham CCG,9/30/2018,C&M-GMS MPIG Correction Factor,PRC DELEGATED CO-COMMISSIONING,FERNS MEDICAL PRACTICE,23973534,"1,224.94 ",,SY000035029
Department of Health,NHS NE Hampshire & Farnham CCG,9/30/2018,C&M-GMS Prem Actual Rent,PRC DELEGATED CO-COMMISSIONING,FERNS MEDICAL PRACTICE,23973534,"16,002.17 ",,SY000035029
Department of Health,NHS NE Hampshire & Farnham CCG,9/30/2018,C&M-GMS Prem Rates,PRC DELEGATED CO-COMMISSIONING,FERNS MEDICAL PRACTICE,23973534,"3,690.54 ",,SY000035029
Department of Health,NHS NE Hampshire & Farnham CCG,9/30/2018,C&M-GMS QOF Aspiration,PRC DELEGATED CO-COMMISSIONING,FERNS MEDICAL PRACTICE,23973534,"7,030.16 ",,SY000035029
Department of Health,NHS NE Hampshire & Farnham CCG,9/30/2018,C&M-GMS DES Minor Surgery,PRC DELEGATED CO-COMMISSIONING,ODONNELL H & PARTNERS,23973536,520.08 ,,SY000035031
Department of Health,NHS NE Hampshire & Farnham CCG,9/30/2018,C&M-GMS Global Sum,PRC DELEGATED CO-COMMISSIONING,ODONNELL H & PARTNERS,23973536,"48,081.89 ",,SY000035031
Department of Health,NHS NE Hampshire & Farnham CCG,9/30/2018,C&M-GMS PCO Seniority,PRC DELEGATED CO-COMMISSIONING,ODONNELL H & PARTNERS,23973536,"1,869.80 ",,SY000035031
Department of Health,NHS NE Hampshire & Farnham CCG,9/30/2018,C&M-GMS Prem Actual Rent,PRC DELEGATED CO-COMMISSIONING,ODONNELL H & PARTNERS,23973536,"9,344.42 ",,SY000035031
Department of Health,NHS NE Hampshire & Farnham CCG,9/30/2018,C&M-GMS QOF Aspiration,PRC DELEGATED CO-COMMISSIONING,ODONNELL H & PARTNERS,23973536,"4,957.36 ",,SY000035031
Department of Health,NHS NE Hampshire & Farnham CCG,9/30/2018,C&M-GMS DES Minor Surgery,PRC DELEGATED CO-COMMISSIONING,HOLLY TREE SURGERY,23973538,607.41 ,,SY000035033
Department of Health,NHS NE Hampshire & Farnham CCG,9/30/2018,C&M-GMS Global Sum,PRC DELEGATED CO-COMMISSIONING,HOLLY TREE SURGERY,23973538,"40,785.47 ",,SY000035033
Department of Health,NHS NE Hampshire & Farnham CCG,9/30/2018,C&M-GMS MPIG Correction Factor,PRC DELEGATED CO-COMMISSIONING,HOLLY TREE SURGERY,23973538,919.93 ,,SY000035033
Department of Health,NHS NE Hampshire & Farnham CCG,9/30/2018,C&M-GMS PCO Locum Sickness,PRC DELEGATED CO-COMMISSIONING,HOLLY TREE SURGERY,23973538,"1,648.70 ",,SY000035033
Department of Health,NHS NE Hampshire & Farnham CCG,9/30/2018,C&M-GMS PCO Seniority,PRC DELEGATED CO-COMMISSIONING,HOLLY TREE SURGERY,23973538,"4,213.14 ",,SY000035033
Department of Health,NHS NE Hampshire & Farnham CCG,9/30/2018,C&M-GMS Prem Notional Rent,PRC DELEGATED CO-COMMISSIONING,HOLLY TREE SURGERY,23973538,"4,062.50 ",,SY000035033
Department of Health,NHS NE Hampshire & Farnham CCG,9/30/2018,C&M-GMS Prem Rates,PRC DELEGATED CO-COMMISSIONING,HOLLY TREE SURGERY,23973538,849.19 ,,SY000035033
Department of Health,NHS NE Hampshire & Farnham CCG,9/30/2018,C&M-GMS QOF Aspiration,PRC DELEGATED CO-COMMISSIONING,HOLLY TREE SURGERY,23973538,"3,807.57 ",,SY000035033
Department of Health,NHS NE Hampshire & Farnham CCG,9/30/2018,C&M-GMS DES Minor Surgery,PRC DELEGATED CO-COMMISSIONING,GIFFARD DRIVE SURGERY,23976044,"1,138.50 ",,SO000064408
Department of Health,NHS NE Hampshire & Farnham CCG,9/30/2018,C&M-GMS Global Sum,PRC DELEGATED CO-COMMISSIONING,GIFFARD DRIVE SURGERY,23976044,"58,585.49 ",,SO000064408
Department of Health,NHS NE Hampshire & Farnham CCG,9/30/2018,C&M-GMS MPIG Correction Factor,PRC DELEGATED CO-COMMISSIONING,GIFFARD DRIVE SURGERY,23976044,"1,225.42 ",,SO000064408
Department of Health,NHS NE Hampshire & Farnham CCG,9/30/2018,C&M-GMS PCO Seniority,PRC DELEGATED CO-COMMISSIONING,GIFFARD DRIVE SURGERY,23976044,"3,834.42 ",,SO000064408
Department of Health,NHS NE Hampshire & Farnham CCG,9/30/2018,C&M-GMS Prem Notional Rent,PRC DELEGATED CO-COMMISSIONING,GIFFARD DRIVE SURGERY,23976044,"4,100.00 ",,SO000064408
Department of Health,NHS NE Hampshire & Farnham CCG,9/30/2018,C&M-GMS QOF Aspiration,PRC DELEGATED CO-COMMISSIONING,GIFFARD DRIVE SURGERY,23976044,"6,510.45 ",,SO000064408
Department of Health,NHS NE Hampshire & Farnham CCG,9/30/2018,ME - GMS GP Prior Year ERs,PRC DELEGATED CO-COMMISSIONING,GIFFARD DRIVE SURGERY,23976044,"1,016.67 ",,SO000064408
Department of Health,NHS NE Hampshire & Farnham CCG,9/30/2018,ME-GMS GP Pension EEs Adjustments,PRC DELEGATED CO-COMMISSIONING,GIFFARD DRIVE SURGERY,23976044,876.68 ,,SO000064408
Department of Health,NHS NE Hampshire & Farnham CCG,9/30/2018,ME-GMS GP Pension ERs Adjustments,PRC DELEGATED CO-COMMISSIONING,GIFFARD DRIVE SURGERY,23976044,"1,355.56 ",,SO000064408
Department of Health,NHS NE Hampshire & Farnham CCG,9/30/2018,ME-GMS GP Prior Year EEs,PRC DELEGATED CO-COMMISSIONING,GIFFARD DRIVE SURGERY,23976044,657.51 ,,SO000064408
Department of Health,NHS NE Hampshire & Farnham CCG,9/30/2018,Clinical&Medical-Independent Sector,CHILD AND ADOLESCENT MENTAL HEALTH,JUST WELLBEING,23982523,"56,600.00 ",,00119
Department of Health,NHS NE Hampshire & Farnham CCG,9/30/2018,Clinical&Medical-Independent Sector,MENTAL HEALTH SERVICES - COLLABORATIVE COMMISSIONING,NHS GUILDFORD AND WAVERLEY CCG,23982691,"2,661.00 ",,7026301079
Department of Health,NHS NE Hampshire & Farnham CCG,9/30/2018,Clinical&Medical-Othe Public Sector,MENTAL HEALTH SERVICES - COLLABORATIVE COMMISSIONING,NHS GUILDFORD AND WAVERLEY CCG,23982691,"53,278.00 ",,7026301079
Department of Health,NHS NE Hampshire & Farnham CCG,9/30/2018,Clinical&Medical-Voluntary Sector,MENTAL HEALTH SERVICES - COLLABORATIVE COMMISSIONING,NHS GUILDFORD AND WAVERLEY CCG,23982691,"59,146.00 ",,7026301079
Department of Health,NHS NE Hampshire & Farnham CCG,9/30/2018,C&M-Pharm-CCG Locally Com Srvs,PRESCRIBING,CHAPEL LANE PHARMACY,23987433,"27,316.07 ",,1804
Department of Health,NHS NE Hampshire & Farnham CCG,9/30/2018,C&M-GMS Cost of Drugs -Dispensing,LOCAL ENHANCED SERVICES,CRONDALL NEW SURGERY,24018108,"40,280.23 ",,SO000064755
Department of Health,NHS NE Hampshire & Farnham CCG,9/30/2018,C&M-GMS Prof Fees Dispensing,PRC DELEGATED CO-COMMISSIONING,CRONDALL NEW SURGERY,24018108,"8,049.82 ",,SO000064755
Department of Health,NHS NE Hampshire & Farnham CCG,9/30/2018,C&M-GMS PrscrptnChrgsColl&RmttdbyGP,LOCAL ENHANCED SERVICES,CRONDALL NEW SURGERY,24018108,"1,408.00 ",,SO000064755
Department of Health,NHS NE Hampshire & Farnham CCG,9/30/2018,Clinical&Medical-Independent Sector,COMMISSIONING SCHEMES,INSIDEVUE LTD,24025695,"35,955.36 ",,INV0245
Department of Health,NHS NE Hampshire & Farnham CCG,9/30/2018,ME - GMS GP Prior Year ERs,PRC DELEGATED CO-COMMISSIONING,JENNER HOUSE SURGERY,24041534,"13,818.75 ",,SO000064767
Department of Health,NHS NE Hampshire & Farnham CCG,9/30/2018,ME-GMS GP Pension EEs Adjustments,PRC DELEGATED CO-COMMISSIONING,JENNER HOUSE SURGERY,24041534,685.14 ,,SO000064767
Department of Health,NHS NE Hampshire & Farnham CCG,9/30/2018,ME-GMS GP Pension ERs Adjustments,PRC DELEGATED CO-COMMISSIONING,JENNER HOUSE SURGERY,24041534,838.30 ,,SO000064767
Department of Health,NHS NE Hampshire & Farnham CCG,9/30/2018,ME-GMS GP Prior Year EEs,PRC DELEGATED CO-COMMISSIONING,JENNER HOUSE SURGERY,24041534,"13,934.07 ",,SO000064767
Department of Health,NHS NE Hampshire & Farnham CCG,9/30/2018,External Consultancy Fees,ADMIN PROJECTS,CONSILIUM PARTNERS LTD,24043505,"29,500.00 ",187778239,CP1251
Department of Health,NHS NE Hampshire & Farnham CCG,9/30/2018,Clinical&Medical-Independent Sector,ACUTE COMMISSIONING,SPIRE HEALTHCARE LTD,24047777,"(47,455.99)",915970991,99MCPKREC181904
Department of Health,NHS NE Hampshire & Farnham CCG,9/30/2018,Clinical&Medical-Clinical Other,COMMUNITY SERVICES,NHS NORTH WEST SURREY CCG,24047803,"122,839.00 ",,7026704696
,,,,,,,,,
