Expenditure Over Threshold,,,,,,,,,
Feb-19,,,,,,,,,
Time run: 25/03/2019 18:09:32,,,,,,,,,
Department family,Entity,Date,Expense Type,Expense area,Supplier,Transaction number,AP Amount (�),VAT registration number,Purchase invoice number
Department of Health,NHS NE Hampshire & Farnham CCG,2/28/2019,Clinical&Medical-Independent Sector,OUT OF HOURS,NORTH HAMPSHIRE URGENT CARE,25811079,"179,282.47 ",,2386
Department of Health,NHS NE Hampshire & Farnham CCG,2/28/2019,Clinical&Medical-Clinical Other,COMMISSIONING SCHEMES,FARNHAM INTERGRATED CARE SERVICES LTD,25811102,"84,166.50 ",,FICS042
Department of Health,NHS NE Hampshire & Farnham CCG,2/28/2019,Hlthcre-Foundation Trsts,ACUTE COMMISSIONING,SOUTHAMPTON UNIVERSITY HOSPITALS NHS FOUNDATION TRUST,25811115,"36,203.00 ",654942706,7329174
Department of Health,NHS NE Hampshire & Farnham CCG,2/28/2019,C&M-GP PRACTICE REVENUE - PCTF,GP FORWARD VIEW,SALUS MEDICAL SERVICES,25811124,"66,827.78 ",,1487
Department of Health,NHS NE Hampshire & Farnham CCG,2/28/2019,Healthcare Srv Rec CCG,ACUTE COMMISSIONING,NHS EAST BERKSHIRE CCG,25811140,"569,982.00 ",654464815,7031600693
Department of Health,NHS NE Hampshire & Farnham CCG,2/28/2019,Clinical&Medical-Clinical Other,COMMISSIONING SCHEMES,SALUS MEDICAL SERVICES,25811148,"31,000.00 ",,1510
Department of Health,NHS NE Hampshire & Farnham CCG,2/28/2019,Clinical&Medical-Clinical Other,COMMISSIONING SCHEMES,SALUS MEDICAL SERVICES,25811151,"67,000.00 ",,1509
Department of Health,NHS NE Hampshire & Farnham CCG,2/28/2019,Hlthcre-Foundation Trsts,ACUTE COMMISSIONING,ROYAL SURREY COUNTY HOSPITAL NHS FOUNDATION TRUST,25811178,"128,424.00 ",654947690,13798790
Department of Health,NHS NE Hampshire & Farnham CCG,2/28/2019,Computer Software/License,PRIMARY CARE IT,NHS NORTH HAMPSHIRE CCG,25811219,"54,600.00 ",,7027400723
Department of Health,NHS NE Hampshire & Farnham CCG,2/28/2019,External Consultancy Fees,PRIMARY CARE IT,PA CONSULTING SERVICES LTD,25820359,"84,124.50 ",238535057,10127462
Department of Health,NHS NE Hampshire & Farnham CCG,2/28/2019,External Consultancy Fees,PRIMARY CARE IT,PA CONSULTING SERVICES LTD,25820360,"87,599.87 ",238535057,10127461
Department of Health,NHS NE Hampshire & Farnham CCG,2/28/2019,External Consultancy Fees,EXCEPTIONS & PRIOR APPROVALS,CENIGMA,25820670,"71,344.00 ",247396571,NF1803
Department of Health,NHS NE Hampshire & Farnham CCG,2/28/2019,Computer Software/License,PRIMARY CARE IT,SOFTCAT PLC,25845238,"41,585.40 ",GB 491848503,INV02130898
Department of Health,NHS NE Hampshire & Farnham CCG,2/28/2019,Computer Software/License,PRIMARY CARE IT,NHS NORTH HAMPSHIRE CCG,25857012,"84,000.00 ",,7027400727
Department of Health,NHS NE Hampshire & Farnham CCG,2/28/2019,Hlthcre-Foundation Trsts,COMMUNITY SERVICES,SURREY HEALTHY CHILDREN & FAMILIES LLP,25857017,"94,175.00 ",,0301
Department of Health,NHS NE Hampshire & Farnham CCG,2/28/2019,Hlthcre-Foundation Trsts,MENTAL HEALTH CONTRACTS,SURREY & BORDERS PARTNERSHIP NHS FOUNDATION TRUST,25857029,"135,530.00 ",654 4345 33,6734635
Department of Health,NHS NE Hampshire & Farnham CCG,2/28/2019,C&M-PMS Contract Value,PRC DELEGATED CO-COMMISSIONING,ALEXANDER HOUSE SURGERY,25880013,"67,170.44 ",,SO000067838
Department of Health,NHS NE Hampshire & Farnham CCG,2/28/2019,C&M-PMS DES Minor Surgery,PRC DELEGATED CO-COMMISSIONING,ALEXANDER HOUSE SURGERY,25880013,376.58 ,,SO000067838
Department of Health,NHS NE Hampshire & Farnham CCG,2/28/2019,C&M-PMS Funding Differential Review,PRC DELEGATED CO-COMMISSIONING,ALEXANDER HOUSE SURGERY,25880013,"2,450.08 ",,SO000067838
Department of Health,NHS NE Hampshire & Farnham CCG,2/28/2019,C&M-PMS Prem Notional Rent,PRC DELEGATED CO-COMMISSIONING,ALEXANDER HOUSE SURGERY,25880013,"4,072.92 ",,SO000067838
Department of Health,NHS NE Hampshire & Farnham CCG,2/28/2019,C&M-PMS QOF Aspiration,PRC DELEGATED CO-COMMISSIONING,ALEXANDER HOUSE SURGERY,25880013,"7,346.23 ",,SO000067838
Department of Health,NHS NE Hampshire & Farnham CCG,2/28/2019,C&M-PMS Contract Value,PRC DELEGATED CO-COMMISSIONING,BRANKSOMEWOOD HEALTHCARE CENTRE,25880015,"89,319.57 ",,SO000067840
Department of Health,NHS NE Hampshire & Farnham CCG,2/28/2019,C&M-PMS DES Minor Surgery,PRC DELEGATED CO-COMMISSIONING,BRANKSOMEWOOD HEALTHCARE CENTRE,25880015,373.83 ,,SO000067840
Department of Health,NHS NE Hampshire & Farnham CCG,2/28/2019,C&M-PMS Funding Differential Review,PRC DELEGATED CO-COMMISSIONING,BRANKSOMEWOOD HEALTHCARE CENTRE,25880015,"3,497.08 ",,SO000067840
Department of Health,NHS NE Hampshire & Farnham CCG,2/28/2019,C&M-PMS Prem Actual Rent,PRC DELEGATED CO-COMMISSIONING,BRANKSOMEWOOD HEALTHCARE CENTRE,25880015,"10,258.33 ",,SO000067840
Department of Health,NHS NE Hampshire & Farnham CCG,2/28/2019,C&M-PMS QOF Aspiration,PRC DELEGATED CO-COMMISSIONING,BRANKSOMEWOOD HEALTHCARE CENTRE,25880015,"8,659.70 ",,SO000067840
Department of Health,NHS NE Hampshire & Farnham CCG,2/28/2019,C&M-PMS Contract Value,PRC DELEGATED CO-COMMISSIONING,BORDER PRACTICE,25880017,"69,013.93 ",,SO000067842
Department of Health,NHS NE Hampshire & Farnham CCG,2/28/2019,C&M-PMS DES Extended Hours Access,PRC DELEGATED CO-COMMISSIONING,BORDER PRACTICE,25880017,"4,325.35 ",,SO000067842
Department of Health,NHS NE Hampshire & Farnham CCG,2/28/2019,C&M-PMS DES Violent Patients,PRC DELEGATED CO-COMMISSIONING,BORDER PRACTICE,25880017,"3,010.00 ",,SO000067842
Department of Health,NHS NE Hampshire & Farnham CCG,2/28/2019,C&M-PMS Funding Differential Review,PRC DELEGATED CO-COMMISSIONING,BORDER PRACTICE,25880017,"2,637.58 ",,SO000067842
Department of Health,NHS NE Hampshire & Farnham CCG,2/28/2019,C&M-PMS PCO Locum Adop/Pat/Mat,PRC DELEGATED CO-COMMISSIONING,BORDER PRACTICE,25880017,"14,575.35 ",,SO000067842
Department of Health,NHS NE Hampshire & Farnham CCG,2/28/2019,C&M-PMS Prem Notional Rent,PRC DELEGATED CO-COMMISSIONING,BORDER PRACTICE,25880017,"12,179.17 ",,SO000067842
Department of Health,NHS NE Hampshire & Farnham CCG,2/28/2019,C&M-PMS Prem Water Rates,PRC DELEGATED CO-COMMISSIONING,BORDER PRACTICE,25880017,121.59 ,,SO000067842
Department of Health,NHS NE Hampshire & Farnham CCG,2/28/2019,C&M-PMS QOF Aspiration,PRC DELEGATED CO-COMMISSIONING,BORDER PRACTICE,25880017,"5,985.83 ",,SO000067842
Department of Health,NHS NE Hampshire & Farnham CCG,2/28/2019,C&M-PMS Contract Value,PRC DELEGATED CO-COMMISSIONING,NORTH CAMP SURGERY,25880019,"35,804.39 ",,SO000067844
Department of Health,NHS NE Hampshire & Farnham CCG,2/28/2019,C&M-PMS DES Extended Hours Access,PRC DELEGATED CO-COMMISSIONING,NORTH CAMP SURGERY,25880019,"2,515.12 ",,SO000067844
Department of Health,NHS NE Hampshire & Farnham CCG,2/28/2019,C&M-PMS Funding Differential Review,PRC DELEGATED CO-COMMISSIONING,NORTH CAMP SURGERY,25880019,"1,306.92 ",,SO000067844
Department of Health,NHS NE Hampshire & Farnham CCG,2/28/2019,C&M-PMS Out of Hours Opt Outs,PRC DELEGATED CO-COMMISSIONING,NORTH CAMP SURGERY,25880019,79.98 ,,SO000067844
Department of Health,NHS NE Hampshire & Farnham CCG,2/28/2019,C&M-PMS Prem Notional Rent,PRC DELEGATED CO-COMMISSIONING,NORTH CAMP SURGERY,25880019,"3,708.33 ",,SO000067844
Department of Health,NHS NE Hampshire & Farnham CCG,2/28/2019,C&M-PMS Prem Rates,PRC DELEGATED CO-COMMISSIONING,NORTH CAMP SURGERY,25880019,"1,160.00 ",,SO000067844
Department of Health,NHS NE Hampshire & Farnham CCG,2/28/2019,C&M-PMS QOF Aspiration,PRC DELEGATED CO-COMMISSIONING,NORTH CAMP SURGERY,25880019,"2,543.72 ",,SO000067844
Department of Health,NHS NE Hampshire & Farnham CCG,2/28/2019,ME-PMS GP Pension EEs Adjs - PMS,PRC DELEGATED CO-COMMISSIONING,NORTH CAMP SURGERY,25880019,"7,832.48 ",,SO000067844
Department of Health,NHS NE Hampshire & Farnham CCG,2/28/2019,ME-PMS GP Pension ERs Adjs - PMS,PRC DELEGATED CO-COMMISSIONING,NORTH CAMP SURGERY,25880019,"8,101.51 ",,SO000067844
Department of Health,NHS NE Hampshire & Farnham CCG,2/28/2019,C&M-PMS Contract Value,PRC DELEGATED CO-COMMISSIONING,PRINCES GARDENS SURGERY,25880021,"70,862.74 ",,SO000067846
Department of Health,NHS NE Hampshire & Farnham CCG,2/28/2019,C&M-PMS DES Extended Hours Access,PRC DELEGATED CO-COMMISSIONING,PRINCES GARDENS SURGERY,25880021,"4,227.50 ",,SO000067846
Department of Health,NHS NE Hampshire & Farnham CCG,2/28/2019,C&M-PMS Funding Differential Review,PRC DELEGATED CO-COMMISSIONING,PRINCES GARDENS SURGERY,25880021,"2,566.42 ",,SO000067846
Department of Health,NHS NE Hampshire & Farnham CCG,2/28/2019,C&M-PMS PCO Other,PRC DELEGATED CO-COMMISSIONING,PRINCES GARDENS SURGERY,25880021,462.58 ,,SO000067846
Department of Health,NHS NE Hampshire & Farnham CCG,2/28/2019,C&M-PMS Prem Notional Rent,PRC DELEGATED CO-COMMISSIONING,PRINCES GARDENS SURGERY,25880021,"5,466.67 ",,SO000067846
Department of Health,NHS NE Hampshire & Farnham CCG,2/28/2019,C&M-PMS Prem Rates,PRC DELEGATED CO-COMMISSIONING,PRINCES GARDENS SURGERY,25880021,921.75 ,,SO000067846
Department of Health,NHS NE Hampshire & Farnham CCG,2/28/2019,C&M-PMS QOF Aspiration,PRC DELEGATED CO-COMMISSIONING,PRINCES GARDENS SURGERY,25880021,"6,469.67 ",,SO000067846
Department of Health,NHS NE Hampshire & Farnham CCG,2/28/2019,C&M-PMS Contract Value,PRC DELEGATED CO-COMMISSIONING,RICHMOND SURGERY,25880023,"90,882.13 ",,SO000067848
Department of Health,NHS NE Hampshire & Farnham CCG,2/28/2019,C&M-PMS DES Extended Hours Access,PRC DELEGATED CO-COMMISSIONING,RICHMOND SURGERY,25880023,"6,392.07 ",,SO000067848
Department of Health,NHS NE Hampshire & Farnham CCG,2/28/2019,C&M-PMS Funding Differential Review,PRC DELEGATED CO-COMMISSIONING,RICHMOND SURGERY,25880023,"6,925.58 ",,SO000067848
Department of Health,NHS NE Hampshire & Farnham CCG,2/28/2019,C&M-PMS PCO Other,PRC DELEGATED CO-COMMISSIONING,RICHMOND SURGERY,25880023,680.66 ,,SO000067848
Department of Health,NHS NE Hampshire & Farnham CCG,2/28/2019,C&M-PMS Prem Notional Rent,PRC DELEGATED CO-COMMISSIONING,RICHMOND SURGERY,25880023,"6,608.33 ",,SO000067848
Department of Health,NHS NE Hampshire & Farnham CCG,2/28/2019,C&M-PMS Prem Rates,PRC DELEGATED CO-COMMISSIONING,RICHMOND SURGERY,25880023,826.20 ,,SO000067848
Department of Health,NHS NE Hampshire & Farnham CCG,2/28/2019,C&M-PMS QOF Aspiration,PRC DELEGATED CO-COMMISSIONING,RICHMOND SURGERY,25880023,"9,700.08 ",,SO000067848
Department of Health,NHS NE Hampshire & Farnham CCG,2/28/2019,C&M-PMS Contract Value,PRC DELEGATED CO-COMMISSIONING,SOUTHWOOD PRACTICE,25880025,"42,664.52 ",,SO000067850
Department of Health,NHS NE Hampshire & Farnham CCG,2/28/2019,C&M-PMS DES Extended Hours Access,PRC DELEGATED CO-COMMISSIONING,SOUTHWOOD PRACTICE,25880025,"3,376.77 ",,SO000067850
Department of Health,NHS NE Hampshire & Farnham CCG,2/28/2019,C&M-PMS DES Learn Dsblty Hlth Chk,PRC DELEGATED CO-COMMISSIONING,SOUTHWOOD PRACTICE,25880025,"1,120.00 ",,SO000067850
Department of Health,NHS NE Hampshire & Farnham CCG,2/28/2019,C&M-PMS Funding Differential Review,PRC DELEGATED CO-COMMISSIONING,SOUTHWOOD PRACTICE,25880025,"6,333.17 ",,SO000067850
Department of Health,NHS NE Hampshire & Farnham CCG,2/28/2019,C&M-PMS Out of Hours Opt Outs,PRC DELEGATED CO-COMMISSIONING,SOUTHWOOD PRACTICE,25880025,15.84 ,,SO000067850
Department of Health,NHS NE Hampshire & Farnham CCG,2/28/2019,C&M-PMS Prem Actual Rent,PRC DELEGATED CO-COMMISSIONING,SOUTHWOOD PRACTICE,25880025,"1,756.03 ",,SO000067850
Department of Health,NHS NE Hampshire & Farnham CCG,2/28/2019,C&M-PMS Prem Rates,PRC DELEGATED CO-COMMISSIONING,SOUTHWOOD PRACTICE,25880025,420.90 ,,SO000067850
Department of Health,NHS NE Hampshire & Farnham CCG,2/28/2019,C&M-PMS QOF Aspiration,PRC DELEGATED CO-COMMISSIONING,SOUTHWOOD PRACTICE,25880025,"3,595.51 ",,SO000067850
Department of Health,NHS NE Hampshire & Farnham CCG,2/28/2019,Clinical&Medical-Independent Sector,ACUTE COMMISSIONING,SPIRE HEALTHCARE LTD,25886890,"133,343.00 ",915970991,99MCPKPF181911
Department of Health,NHS NE Hampshire & Farnham CCG,2/28/2019,Hlthcre-Foundation Trsts,MENTAL HEALTH CONTRACTS,SURREY & BORDERS PARTNERSHIP NHS FOUNDATION TRUST,25886901,"1,139,409.00 ",654 4345 33,6734630
Department of Health,NHS NE Hampshire & Farnham CCG,2/28/2019,Hlthcre-Foundation Trsts,CHILD AND ADOLESCENT MENTAL HEALTH,SURREY & BORDERS PARTNERSHIP NHS FOUNDATION TRUST,25908773,"29,538.00 ",654 4345 33,6734641
Department of Health,NHS NE Hampshire & Farnham CCG,2/28/2019,Hlthcre-Foundation Trsts,ACUTE COMMISSIONING,HAMPSHIRE HOSPITALS NHS FOUNDATION TRUST,25908774,"103,729.00 ",654932122,40088641
Department of Health,NHS NE Hampshire & Farnham CCG,2/28/2019,Hlthcre-Foundation Trsts,CHILD AND ADOLESCENT MENTAL HEALTH,SUSSEX PARTNERSHIP NHS FOUNDATION TRUST,25908778,"141,255.00 ",654422543,6472685
Department of Health,NHS NE Hampshire & Farnham CCG,2/28/2019,Healthcare Srv Rec CCG,CONTINUING HEALTHCARE ASSESSMENT & SUPPORT,NHS WEST HAMPSHIRE CCG,25921000,"54,141.00 ",,7028603345
Department of Health,NHS NE Hampshire & Farnham CCG,2/28/2019,Healthcare Srv Rec CCG,SAFEGUARDING,NHS WEST HAMPSHIRE CCG,25921000,"14,642.00 ",,7028603345
Department of Health,NHS NE Hampshire & Farnham CCG,2/28/2019,Clinical&Medical-Independent Sector,LEARNING DIFFICULTIES,NHS SURREY DOWNS CCG,25944568,"1,154.00 ",,7030501981
Department of Health,NHS NE Hampshire & Farnham CCG,2/28/2019,Clinical&Medical-Independent Sector,LONG TERM CONDITIONS,NHS SURREY DOWNS CCG,25944568,"1,474.00 ",,7030501981
Department of Health,NHS NE Hampshire & Farnham CCG,2/28/2019,Clinical&Medical-Independent Sector,Learning Difficulties - S117,NHS SURREY DOWNS CCG,25944568,"6,149.00 ",,7030501981
Department of Health,NHS NE Hampshire & Farnham CCG,2/28/2019,Clinical&Medical-Independent Sector,Mental Health Services - S117 Mental Health,NHS SURREY DOWNS CCG,25944568,"11,707.00 ",,7030501981
Department of Health,NHS NE Hampshire & Farnham CCG,2/28/2019,Cont Care- Adult 100% Fully Funded,CHC AD FULL FUND PERS HLTH BUD,NHS SURREY DOWNS CCG,25944568,234.00 ,,7030501981
Department of Health,NHS NE Hampshire & Farnham CCG,2/28/2019,Cont Care- Adult 100% Fully Funded,CHC ADULT FULLY FUNDED,NHS SURREY DOWNS CCG,25944568,"45,602.70 ",,7030501981
Department of Health,NHS NE Hampshire & Farnham CCG,2/28/2019,Cont Care- Adult Joint Funded,ADULT JOINT FUNDED CONTINUING CARE,NHS SURREY DOWNS CCG,25944568,"2,048.00 ",,7030501981
Department of Health,NHS NE Hampshire & Farnham CCG,2/28/2019,Cont Care- Palliative Care,CHC ADULT FULLY FUNDED,NHS SURREY DOWNS CCG,25944568,"18,826.00 ",,7030501981
Department of Health,NHS NE Hampshire & Farnham CCG,2/28/2019,Cont Care-Funded Nursing Care Allow,FUNDED NURSING CARE,NHS SURREY DOWNS CCG,25944568,"53,482.00 ",,7030501981
Department of Health,NHS NE Hampshire & Farnham CCG,2/28/2019,Cont Care-Learning Disab(65+),CHC ADULT FULLY FUNDED,NHS SURREY DOWNS CCG,25944568,996.00 ,,7030501981
Department of Health,NHS NE Hampshire & Farnham CCG,2/28/2019,Cont Care-Learning Disab(<65),CHC AD FULL FUND PERS HLTH BUD,NHS SURREY DOWNS CCG,25944568,"2,849.00 ",,7030501981
Department of Health,NHS NE Hampshire & Farnham CCG,2/28/2019,Cont Care-Learning Disab(<65),CHC ADULT FULLY FUNDED,NHS SURREY DOWNS CCG,25944568,"17,827.00 ",,7030501981
Department of Health,NHS NE Hampshire & Farnham CCG,2/28/2019,Cont Care-Mental Health (65+),CHC AD FULL FUND PERS HLTH BUD,NHS SURREY DOWNS CCG,25944568,125.00 ,,7030501981
Department of Health,NHS NE Hampshire & Farnham CCG,2/28/2019,Cont Care-Mental Health (65+),CHC ADULT FULLY FUNDED,NHS SURREY DOWNS CCG,25944568,"22,448.00 ",,7030501981
Department of Health,NHS NE Hampshire & Farnham CCG,2/28/2019,Cont Care-Mental Health (<65),CHC AD FULL FUND PERS HLTH BUD,NHS SURREY DOWNS CCG,25944568,185.00 ,,7030501981
Department of Health,NHS NE Hampshire & Farnham CCG,2/28/2019,Cont Care-Mental Health (<65),CHC ADULT FULLY FUNDED,NHS SURREY DOWNS CCG,25944568,"3,220.00 ",,7030501981
Department of Health,NHS NE Hampshire & Farnham CCG,2/28/2019,Cont Care-NHSFT-Adult LD (<65),CHC ADULT FULLY FUNDED,NHS SURREY DOWNS CCG,25944568,"2,193.00 ",,7030501981
Department of Health,NHS NE Hampshire & Farnham CCG,2/28/2019,Cont Care-Physical Disab (65+),CHC AD FULL FUND PERS HLTH BUD,NHS SURREY DOWNS CCG,25944568,1.00 ,,7030501981
Department of Health,NHS NE Hampshire & Farnham CCG,2/28/2019,Cont Care-Physical Disab (65+),CHC ADULT FULLY FUNDED,NHS SURREY DOWNS CCG,25944568,"1,323.00 ",,7030501981
Department of Health,NHS NE Hampshire & Farnham CCG,2/28/2019,Cont Care-Physical Disab (<65),CHC AD FULL FUND PERS HLTH BUD,NHS SURREY DOWNS CCG,25944568,"4,757.00 ",,7030501981
Department of Health,NHS NE Hampshire & Farnham CCG,2/28/2019,Cont Care-Physical Disab (<65),CHC ADULT FULLY FUNDED,NHS SURREY DOWNS CCG,25944568,"10,634.00 ",,7030501981
Department of Health,NHS NE Hampshire & Farnham CCG,2/28/2019,Continuing Care- Equipment,CHC ADULT FULLY FUNDED,NHS SURREY DOWNS CCG,25944568,267.00 ,,7030501981
Department of Health,NHS NE Hampshire & Farnham CCG,2/28/2019,Healthcare Srv Rec CCG,CONTINUING HEALTHCARE ASSESSMENT & SUPPORT,NHS SURREY DOWNS CCG,25944568,"9,078.00 ",,7030501981
Department of Health,NHS NE Hampshire & Farnham CCG,2/28/2019,Hcare Srv Rec NHS Trust,COMMUNITY SERVICES,SOLENT NHS TRUST,25944571,"89,707.00 ",654441188,54157319
Department of Health,NHS NE Hampshire & Farnham CCG,2/28/2019,Hcare Srv Rec NHS Trust,COMMUNITY SERVICES,SOLENT NHS TRUST,25944573,"26,852.00 ",654441188,54157320
Department of Health,NHS NE Hampshire & Farnham CCG,2/28/2019,Hlthcre-Foundation Trsts,COMMUNITY SERVICES,FRIMLEY HEALTH NHS FOUNDATION TRUST,25971745,"524,645.92 ",654922028,N0104481
Department of Health,NHS NE Hampshire & Farnham CCG,2/28/2019,Hlthcre-Foundation Trsts,ACUTE COMMISSIONING,ROYAL SURREY COUNTY HOSPITAL NHS FOUNDATION TRUST,25971793,"606,118.00 ",654947690,13798862
Department of Health,NHS NE Hampshire & Farnham CCG,2/28/2019,Hlthcre-Foundation Trsts,AMBULANCE SERVICES,SOUTH EAST COAST AMBULANCE SERVICE NHS FOUNDATION TRUST,25971800,"527,613.33 ",654434925,7881654
Department of Health,NHS NE Hampshire & Farnham CCG,2/28/2019,Hlthcre-Foundation Trsts,PATIENT TRANSPORT,SOUTH CENTRAL AMBULANCE SERVICE NHS FOUNDATION TRUST,25971806,"65,435.31 ",654923613,INV0050170
Department of Health,NHS NE Hampshire & Farnham CCG,2/28/2019,Hlthcre-Foundation Trsts,ACUTE COMMISSIONING,ASHFORD & ST PETERS HOSPITALS NHSFT,25971808,"83,604.40 ",GB654969284,14506195
Department of Health,NHS NE Hampshire & Farnham CCG,2/28/2019,Clinical&Medical-Clinical Other,MENTAL HEALTH SERVICES - ADULTS,SALUS MEDICAL SERVICES,25971812,"25,249.97 ",,1508
Department of Health,NHS NE Hampshire & Farnham CCG,2/28/2019,Clinical&Medical-Clinical Other,COMMUNITY SERVICES,VIRGIN CARE SERVICES LTD,25971843,"69,000.00 ",GB918510332,10380011018
Department of Health,NHS NE Hampshire & Farnham CCG,2/28/2019,Clinical&Medical-Independent Sector,COMMUNITY SERVICES,VIRGIN CARE SERVICES LTD,25971843,"422,245.50 ",GB918510332,10380011018
Department of Health,NHS NE Hampshire & Farnham CCG,2/28/2019,Hlthcre-Foundation Trsts,NHS 111,SOUTH CENTRAL AMBULANCE SERVICE NHS FOUNDATION TRUST,25971846,"54,389.55 ",654923613,INV0050246
Department of Health,NHS NE Hampshire & Farnham CCG,2/28/2019,C&M-Pharm-CCG Locally Com Srvs,PRESCRIBING,CHAPEL LANE PHARMACY,25981330,"26,001.74 ",,1979
Department of Health,NHS NE Hampshire & Farnham CCG,2/28/2019,Hlthcre-Foundation Trsts,ACUTE COMMISSIONING,FRIMLEY HEALTH NHS FOUNDATION TRUST,25986642,"10,456,085.36 ",654922028,N0104476
Department of Health,NHS NE Hampshire & Farnham CCG,2/28/2019,Clinical&Medical-Clinical Other,COMMISSIONING - NON ACUTE,THORPES PHYSIOTHERAPY LTD,25986874,"26,440.00 ",,TPJAN2019
Department of Health,NHS NE Hampshire & Farnham CCG,2/28/2019,Charges from CSU,CORPORATE COSTS & SERVICES,NHS SOUTH CENTRAL AND WEST COMMISSIONING SUPPORT UNIT,25986908,"117,962.75 ",,7312708192
Department of Health,NHS NE Hampshire & Farnham CCG,2/28/2019,Charges from CSU,PRIMARY CARE IT,NHS SOUTH CENTRAL AND WEST COMMISSIONING SUPPORT UNIT,25986908,"37,722.25 ",,7312708192
Department of Health,NHS NE Hampshire & Farnham CCG,2/28/2019,Clinical&Medical-Clinical Other,COMMISSIONING SCHEMES,SALUS MEDICAL SERVICES,25986913,"242,000.00 ",,1506
Department of Health,NHS NE Hampshire & Farnham CCG,2/28/2019,Clinical&Medical-Independent Sector,IMPROVING ACCESS TO PSYCHOLOGICAL THERAPIES,NORTH HAMPSHIRE URGENT CARE,25986946,"58,552.08 ",,2412
Department of Health,NHS NE Hampshire & Farnham CCG,2/28/2019,Clinical&Medical-Independent Sector,IMPROVING ACCESS TO PSYCHOLOGICAL THERAPIES,NORTH HAMPSHIRE URGENT CARE,25986961,"110,883.00 ",,2410
Department of Health,NHS NE Hampshire & Farnham CCG,2/28/2019,Cont Care-Funded Nursing Care Allow,FUNDED NURSING CARE,NHS WEST HAMPSHIRE CCG,25986981,"270,700.00 ",,7028603353
Department of Health,NHS NE Hampshire & Farnham CCG,2/28/2019,Cont Care- Adult 100% Fully Funded,CHC ADULT FULLY FUNDED,NHS WEST HAMPSHIRE CCG,25988002,"1,142,010.00 ",,7028603357
Department of Health,NHS NE Hampshire & Farnham CCG,2/28/2019,Clinical&Medical-Othe Public Sector,COMMUNITY SERVICES,SURREY COUNTY COUNCIL,26028175,"45,467.01 ",GB216947249,9500187996
Department of Health,NHS NE Hampshire & Farnham CCG,2/28/2019,Clinical&Medical-Othe Public Sector,LONG TERM CONDITIONS,SURREY COUNTY COUNCIL,26028175,"75,263.25 ",GB216947249,9500187996
Department of Health,NHS NE Hampshire & Farnham CCG,2/28/2019,C&M-GMS Cost of Drugs -Dispensing,LOCAL ENHANCED SERVICES,HOLLY TREE SURGERY,26039583,"(29,807.00)",,SY000037261
Department of Health,NHS NE Hampshire & Farnham CCG,2/28/2019,C&M-GMS PrscChrgsCll&RmttdbyGPCntra,PRC DELEGATED CO-COMMISSIONING,HOLLY TREE SURGERY,26039583,"(2,367.20)",,SY000037261
Department of Health,NHS NE Hampshire & Farnham CCG,2/28/2019,C&M-GMS Cost of Drugs -Dispensing,LOCAL ENHANCED SERVICES,HOLLY TREE SURGERY,26039584,"57,560.65 ",,SY000037262
Department of Health,NHS NE Hampshire & Farnham CCG,2/28/2019,C&M-GMS Prof Fees Dispensing,PRC DELEGATED CO-COMMISSIONING,HOLLY TREE SURGERY,26039584,"10,347.41 ",,SY000037262
Department of Health,NHS NE Hampshire & Farnham CCG,2/28/2019,C&M-GMS PrscrptnChrgsColl&RmttdbyGP,LOCAL ENHANCED SERVICES,HOLLY TREE SURGERY,26039584,"2,367.20 ",,SY000037262
Department of Health,NHS NE Hampshire & Farnham CCG,2/28/2019,Apprenticeship Levy Payable,BALANCE SHEET,HMRC,26040497,"1,169.00 ",,475PF004482461910
Department of Health,NHS NE Hampshire & Farnham CCG,2/28/2019,Income tax <1Yr,BALANCE SHEET,HMRC,26040497,"82,331.00 ",,475PF004482461910
Department of Health,NHS NE Hampshire & Farnham CCG,2/28/2019,Income tax <1Yr-Student Loans,BALANCE SHEET,HMRC,26040497,459.00 ,,475PF004482461910
Department of Health,NHS NE Hampshire & Farnham CCG,2/28/2019,National Insurance < 1 yr-NI- ERS,BALANCE SHEET,HMRC,26040497,"54,549.05 ",,475PF004482461910
Department of Health,NHS NE Hampshire & Farnham CCG,2/28/2019,National Insurance < 1 yr-NI-EES,BALANCE SHEET,HMRC,26040497,"36,637.90 ",,475PF004482461910
Department of Health,NHS NE Hampshire & Farnham CCG,2/28/2019,Statutory Mat Pay < 1 yr,BALANCE SHEET,HMRC,26040497,"(1,668.90)",,475PF004482461910
Department of Health,NHS NE Hampshire & Farnham CCG,2/28/2019,Clinical&Medical-Independent Sector,OUT OF HOURS,NORTH HAMPSHIRE URGENT CARE,26047465,"48,577.00 ",,2402
Department of Health,NHS NE Hampshire & Farnham CCG,2/28/2019,Clinical&Medical-Independent Sector,OUT OF HOURS,NORTH HAMPSHIRE URGENT CARE,26047483,"(48,577.00)",,2404
Department of Health,NHS NE Hampshire & Farnham CCG,2/28/2019,C&M-GMS DES Minor Surgery,PRC DELEGATED CO-COMMISSIONING,CRONDALL NEW SURGERY,26059451,476.41 ,,SO000068143
Department of Health,NHS NE Hampshire & Farnham CCG,2/28/2019,C&M-GMS Global Sum,PRC DELEGATED CO-COMMISSIONING,CRONDALL NEW SURGERY,26059451,"34,326.72 ",,SO000068143
Department of Health,NHS NE Hampshire & Farnham CCG,2/28/2019,C&M-GMS MPIG Correction Factor,PRC DELEGATED CO-COMMISSIONING,CRONDALL NEW SURGERY,26059451,"1,020.80 ",,SO000068143
Department of Health,NHS NE Hampshire & Farnham CCG,2/28/2019,C&M-GMS Prem Notional Rent,PRC DELEGATED CO-COMMISSIONING,CRONDALL NEW SURGERY,26059451,"4,583.33 ",,SO000068143
Department of Health,NHS NE Hampshire & Farnham CCG,2/28/2019,C&M-GMS Prem Rates,PRC DELEGATED CO-COMMISSIONING,CRONDALL NEW SURGERY,26059451,714.17 ,,SO000068143
Department of Health,NHS NE Hampshire & Farnham CCG,2/28/2019,C&M-GMS Prem Water Rates,PRC DELEGATED CO-COMMISSIONING,CRONDALL NEW SURGERY,26059451,691.39 ,,SO000068143
Department of Health,NHS NE Hampshire & Farnham CCG,2/28/2019,C&M-GMS QOF Aspiration,PRC DELEGATED CO-COMMISSIONING,CRONDALL NEW SURGERY,26059451,"4,002.93 ",,SO000068143
Department of Health,NHS NE Hampshire & Farnham CCG,2/28/2019,C&M-GMS DES Minor Surgery,PRC DELEGATED CO-COMMISSIONING,FLEET MEDICAL CENTRE,26059453,"1,807.58 ",,SO000068145
Department of Health,NHS NE Hampshire & Farnham CCG,2/28/2019,C&M-GMS Global Sum,PRC DELEGATED CO-COMMISSIONING,FLEET MEDICAL CENTRE,26059453,"89,839.62 ",,SO000068145
Department of Health,NHS NE Hampshire & Farnham CCG,2/28/2019,C&M-GMS MPIG Correction Factor,PRC DELEGATED CO-COMMISSIONING,FLEET MEDICAL CENTRE,26059453,"3,323.84 ",,SO000068145
Department of Health,NHS NE Hampshire & Farnham CCG,2/28/2019,C&M-GMS PCO Other,PRC DELEGATED CO-COMMISSIONING,FLEET MEDICAL CENTRE,26059453,736.42 ,,SO000068145
Department of Health,NHS NE Hampshire & Farnham CCG,2/28/2019,C&M-GMS Prem Actual Rent,PRC DELEGATED CO-COMMISSIONING,FLEET MEDICAL CENTRE,26059453,"15,962.50 ",,SO000068145
Department of Health,NHS NE Hampshire & Farnham CCG,2/28/2019,C&M-GMS Prem Rates,PRC DELEGATED CO-COMMISSIONING,FLEET MEDICAL CENTRE,26059453,"2,355.13 ",,SO000068145
Department of Health,NHS NE Hampshire & Farnham CCG,2/28/2019,C&M-GMS QOF Aspiration,PRC DELEGATED CO-COMMISSIONING,FLEET MEDICAL CENTRE,26059453,"9,101.36 ",,SO000068145
Department of Health,NHS NE Hampshire & Farnham CCG,2/28/2019,C&M-GMS DES Minor Surgery,PRC DELEGATED CO-COMMISSIONING,GIFFARD DRIVE SURGERY,26059455,"1,138.50 ",,SO000068147
Department of Health,NHS NE Hampshire & Farnham CCG,2/28/2019,C&M-GMS Global Sum,PRC DELEGATED CO-COMMISSIONING,GIFFARD DRIVE SURGERY,26059455,"60,064.23 ",,SO000068147
Department of Health,NHS NE Hampshire & Farnham CCG,2/28/2019,C&M-GMS MPIG Correction Factor,PRC DELEGATED CO-COMMISSIONING,GIFFARD DRIVE SURGERY,26059455,"1,225.42 ",,SO000068147
Department of Health,NHS NE Hampshire & Farnham CCG,2/28/2019,C&M-GMS Prem Notional Rent,PRC DELEGATED CO-COMMISSIONING,GIFFARD DRIVE SURGERY,26059455,"4,100.00 ",,SO000068147
Department of Health,NHS NE Hampshire & Farnham CCG,2/28/2019,C&M-GMS QOF Aspiration,PRC DELEGATED CO-COMMISSIONING,GIFFARD DRIVE SURGERY,26059455,"6,510.45 ",,SO000068147
Department of Health,NHS NE Hampshire & Farnham CCG,2/28/2019,C&M-GMS DES Minor Surgery,PRC DELEGATED CO-COMMISSIONING,HARTLEY CORNER MEDICAL PARTNERSHIP,26059456,(50.33),,SO000068148
Department of Health,NHS NE Hampshire & Farnham CCG,2/28/2019,C&M-GMS Prem Water Rates,PRC DELEGATED CO-COMMISSIONING,HARTLEY CORNER MEDICAL PARTNERSHIP,26059456,(206.95),,SO000068148
Department of Health,NHS NE Hampshire & Farnham CCG,2/28/2019,ME - GMS TPS Added Years Adj EEs,PRC DELEGATED CO-COMMISSIONING,HARTLEY CORNER MEDICAL PARTNERSHIP,26059456,(581.21),,SO000068148
Department of Health,NHS NE Hampshire & Farnham CCG,2/28/2019,ME-GMS GP Pension EEs,PRC DELEGATED CO-COMMISSIONING,HARTLEY CORNER MEDICAL PARTNERSHIP,26059456,"(15,428.50)",,SO000068148
Department of Health,NHS NE Hampshire & Farnham CCG,2/28/2019,ME-GMS GP Pension ERs Adjustments,PRC DELEGATED CO-COMMISSIONING,HARTLEY CORNER MEDICAL PARTNERSHIP,26059456,"(16,608.92)",,SO000068148
Department of Health,NHS NE Hampshire & Farnham CCG,2/28/2019,C&M-GMS DES Minor Surgery,PRC DELEGATED CO-COMMISSIONING,HARTLEY CORNER MEDICAL PARTNERSHIP,26059457,"2,265.50 ",,SO000068149
Department of Health,NHS NE Hampshire & Farnham CCG,2/28/2019,C&M-GMS Global Sum,PRC DELEGATED CO-COMMISSIONING,HARTLEY CORNER MEDICAL PARTNERSHIP,26059457,"183,123.01 ",,SO000068149
Department of Health,NHS NE Hampshire & Farnham CCG,2/28/2019,C&M-GMS MPIG Correction Factor,PRC DELEGATED CO-COMMISSIONING,HARTLEY CORNER MEDICAL PARTNERSHIP,26059457,"7,075.87 ",,SO000068149
Department of Health,NHS NE Hampshire & Farnham CCG,2/28/2019,C&M-GMS PCO Doctors Ret Scheme,PRC DELEGATED CO-COMMISSIONING,HARTLEY CORNER MEDICAL PARTNERSHIP,26059457,923.04 ,,SO000068149
Department of Health,NHS NE Hampshire & Farnham CCG,2/28/2019,C&M-GMS Prem Actual Rent,PRC DELEGATED CO-COMMISSIONING,HARTLEY CORNER MEDICAL PARTNERSHIP,26059457,"8,244.67 ",,SO000068149
Department of Health,NHS NE Hampshire & Farnham CCG,2/28/2019,C&M-GMS Prem Notional Rent,PRC DELEGATED CO-COMMISSIONING,HARTLEY CORNER MEDICAL PARTNERSHIP,26059457,"6,591.67 ",,SO000068149
Department of Health,NHS NE Hampshire & Farnham CCG,2/28/2019,C&M-GMS Prem Rates,PRC DELEGATED CO-COMMISSIONING,HARTLEY CORNER MEDICAL PARTNERSHIP,26059457,"2,634.17 ",,SO000068149
Department of Health,NHS NE Hampshire & Farnham CCG,2/28/2019,C&M-GMS Prem Water Rates,PRC DELEGATED CO-COMMISSIONING,HARTLEY CORNER MEDICAL PARTNERSHIP,26059457,284.03 ,,SO000068149
Department of Health,NHS NE Hampshire & Farnham CCG,2/28/2019,C&M-GMS QOF Aspiration,PRC DELEGATED CO-COMMISSIONING,HARTLEY CORNER MEDICAL PARTNERSHIP,26059457,"19,470.45 ",,SO000068149
Department of Health,NHS NE Hampshire & Farnham CCG,2/28/2019,C&M-GMS DES Minor Surgery,PRC DELEGATED CO-COMMISSIONING,JENNER HOUSE SURGERY,26059459,963.58 ,,SO000068151
Department of Health,NHS NE Hampshire & Farnham CCG,2/28/2019,C&M-GMS Global Sum,PRC DELEGATED CO-COMMISSIONING,JENNER HOUSE SURGERY,26059459,"55,025.87 ",,SO000068151
Department of Health,NHS NE Hampshire & Farnham CCG,2/28/2019,C&M-GMS MPIG Correction Factor,PRC DELEGATED CO-COMMISSIONING,JENNER HOUSE SURGERY,26059459,"2,949.04 ",,SO000068151
Department of Health,NHS NE Hampshire & Farnham CCG,2/28/2019,C&M-GMS Prem Notional Rent,PRC DELEGATED CO-COMMISSIONING,JENNER HOUSE SURGERY,26059459,"5,750.00 ",,SO000068151
Department of Health,NHS NE Hampshire & Farnham CCG,2/28/2019,C&M-GMS Prem Rates,PRC DELEGATED CO-COMMISSIONING,JENNER HOUSE SURGERY,26059459,"2,239.04 ",,SO000068151
Department of Health,NHS NE Hampshire & Farnham CCG,2/28/2019,C&M-GMS QOF Aspiration,PRC DELEGATED CO-COMMISSIONING,JENNER HOUSE SURGERY,26059459,"5,892.45 ",,SO000068151
Department of Health,NHS NE Hampshire & Farnham CCG,2/28/2019,C&M-GMS DES Minor Surgery,PRC DELEGATED CO-COMMISSIONING,MAYFIELD MEDICAL CENTRE FARNBOROUGH,26059461,945.58 ,,SO000068153
Department of Health,NHS NE Hampshire & Farnham CCG,2/28/2019,C&M-GMS Global Sum,PRC DELEGATED CO-COMMISSIONING,MAYFIELD MEDICAL CENTRE FARNBOROUGH,26059461,"61,621.44 ",,SO000068153
Department of Health,NHS NE Hampshire & Farnham CCG,2/28/2019,C&M-GMS MPIG Correction Factor,PRC DELEGATED CO-COMMISSIONING,MAYFIELD MEDICAL CENTRE FARNBOROUGH,26059461,973.50 ,,SO000068153
Department of Health,NHS NE Hampshire & Farnham CCG,2/28/2019,C&M-GMS PCO Other,PRC DELEGATED CO-COMMISSIONING,MAYFIELD MEDICAL CENTRE FARNBOROUGH,26059461,483.33 ,,SO000068153
Department of Health,NHS NE Hampshire & Farnham CCG,2/28/2019,C&M-GMS Prem Actual Rent,PRC DELEGATED CO-COMMISSIONING,MAYFIELD MEDICAL CENTRE FARNBOROUGH,26059461,"11,057.08 ",,SO000068153
Department of Health,NHS NE Hampshire & Farnham CCG,2/28/2019,C&M-GMS QOF Aspiration,PRC DELEGATED CO-COMMISSIONING,MAYFIELD MEDICAL CENTRE FARNBOROUGH,26059461,"6,412.69 ",,SO000068153
Department of Health,NHS NE Hampshire & Farnham CCG,2/28/2019,C&M-GMS DES Minor Surgery,PRC DELEGATED CO-COMMISSIONING,MILESTONE SURGERY,26059463,479.17 ,,SO000068155
Department of Health,NHS NE Hampshire & Farnham CCG,2/28/2019,C&M-GMS Global Sum,PRC DELEGATED CO-COMMISSIONING,MILESTONE SURGERY,26059463,"75,349.29 ",,SO000068155
Department of Health,NHS NE Hampshire & Farnham CCG,2/28/2019,C&M-GMS MPIG Correction Factor,PRC DELEGATED CO-COMMISSIONING,MILESTONE SURGERY,26059463,807.87 ,,SO000068155
Department of Health,NHS NE Hampshire & Farnham CCG,2/28/2019,C&M-GMS PCO Doctors Ret Scheme,PRC DELEGATED CO-COMMISSIONING,MILESTONE SURGERY,26059463,692.28 ,,SO000068155
Department of Health,NHS NE Hampshire & Farnham CCG,2/28/2019,C&M-GMS PCO Other,PRC DELEGATED CO-COMMISSIONING,MILESTONE SURGERY,26059463,587.67 ,,SO000068155
Department of Health,NHS NE Hampshire & Farnham CCG,2/28/2019,C&M-GMS Prem Improvement Grant,PRC DELEGATED CO-COMMISSIONING,MILESTONE SURGERY,26059463,415.80 ,,SO000068155
Department of Health,NHS NE Hampshire & Farnham CCG,2/28/2019,C&M-GMS Prem Notional Rent,PRC DELEGATED CO-COMMISSIONING,MILESTONE SURGERY,26059463,"4,829.17 ",,SO000068155
Department of Health,NHS NE Hampshire & Farnham CCG,2/28/2019,C&M-GMS Prem Rates,PRC DELEGATED CO-COMMISSIONING,MILESTONE SURGERY,26059463,714.17 ,,SO000068155
Department of Health,NHS NE Hampshire & Farnham CCG,2/28/2019,C&M-GMS QOF Aspiration,PRC DELEGATED CO-COMMISSIONING,MILESTONE SURGERY,26059463,"7,799.92 ",,SO000068155
Department of Health,NHS NE Hampshire & Farnham CCG,2/28/2019,C&M-GMS DES Minor Surgery,PRC DELEGATED CO-COMMISSIONING,SOUTHLEA GROUP PRACTICE,26059465,"3,558.67 ",,SO000068157
Department of Health,NHS NE Hampshire & Farnham CCG,2/28/2019,C&M-GMS Global Sum,PRC DELEGATED CO-COMMISSIONING,SOUTHLEA GROUP PRACTICE,26059465,"160,100.51 ",,SO000068157
Department of Health,NHS NE Hampshire & Farnham CCG,2/28/2019,C&M-GMS MPIG Correction Factor,PRC DELEGATED CO-COMMISSIONING,SOUTHLEA GROUP PRACTICE,26059465,"6,100.23 ",,SO000068157
Department of Health,NHS NE Hampshire & Farnham CCG,2/28/2019,C&M-GMS Prem Actual Rent,PRC DELEGATED CO-COMMISSIONING,SOUTHLEA GROUP PRACTICE,26059465,"31,343.67 ",,SO000068157
Department of Health,NHS NE Hampshire & Farnham CCG,2/28/2019,C&M-GMS Prem Notional Rent,PRC DELEGATED CO-COMMISSIONING,SOUTHLEA GROUP PRACTICE,26059465,"4,035.42 ",,SO000068157
Department of Health,NHS NE Hampshire & Farnham CCG,2/28/2019,C&M-GMS Prem Water Rates,PRC DELEGATED CO-COMMISSIONING,SOUTHLEA GROUP PRACTICE,26059465,44.45 ,,SO000068157
Department of Health,NHS NE Hampshire & Farnham CCG,2/28/2019,C&M-GMS QOF Aspiration,PRC DELEGATED CO-COMMISSIONING,SOUTHLEA GROUP PRACTICE,26059465,"17,684.92 ",,SO000068157
Department of Health,NHS NE Hampshire & Farnham CCG,2/28/2019,C&M-GMS DES Minor Surgery,PRC DELEGATED CO-COMMISSIONING,WELLINGTON PRACTICE,26059467,175.00 ,,SO000068159
Department of Health,NHS NE Hampshire & Farnham CCG,2/28/2019,C&M-GMS Global Sum,PRC DELEGATED CO-COMMISSIONING,WELLINGTON PRACTICE,26059467,"25,941.44 ",,SO000068159
Department of Health,NHS NE Hampshire & Farnham CCG,2/28/2019,C&M-GMS MPIG Correction Factor,PRC DELEGATED CO-COMMISSIONING,WELLINGTON PRACTICE,26059467,770.70 ,,SO000068159
Department of Health,NHS NE Hampshire & Farnham CCG,2/28/2019,C&M-GMS Prem Actual Rent,PRC DELEGATED CO-COMMISSIONING,WELLINGTON PRACTICE,26059467,"9,215.97 ",,SO000068159
Department of Health,NHS NE Hampshire & Farnham CCG,2/28/2019,C&M-GMS QOF Aspiration,PRC DELEGATED CO-COMMISSIONING,WELLINGTON PRACTICE,26059467,"2,778.02 ",,SO000068159
Department of Health,NHS NE Hampshire & Farnham CCG,2/28/2019,Clinical&Medical-Independent Sector,MENTAL HEALTH SERVICES - COLLABORATIVE COMMISSIONING,NHS GUILDFORD AND WAVERLEY CCG,26070212,"2,661.00 ",,7026301176
Department of Health,NHS NE Hampshire & Farnham CCG,2/28/2019,Clinical&Medical-Othe Public Sector,MENTAL HEALTH SERVICES - COLLABORATIVE COMMISSIONING,NHS GUILDFORD AND WAVERLEY CCG,26070212,"53,277.00 ",,7026301176
Department of Health,NHS NE Hampshire & Farnham CCG,2/28/2019,Clinical&Medical-Voluntary Sector,MENTAL HEALTH SERVICES - COLLABORATIVE COMMISSIONING,NHS GUILDFORD AND WAVERLEY CCG,26070212,"59,147.00 ",,7026301176
Department of Health,NHS NE Hampshire & Farnham CCG,2/28/2019,Healthcare Srv Rec CCG,CHILD AND ADOLESCENT MENTAL HEALTH,NHS GUILDFORD AND WAVERLEY CCG,26070215,"101,400.00 ",,7026301181
Department of Health,NHS NE Hampshire & Farnham CCG,2/28/2019,Clinical&Medical-Independent Sector,MENTAL HEALTH SERVICES - COLLABORATIVE COMMISSIONING,NHS GUILDFORD AND WAVERLEY CCG,26070218,"2,661.00 ",,7026301188
Department of Health,NHS NE Hampshire & Farnham CCG,2/28/2019,Clinical&Medical-Othe Public Sector,MENTAL HEALTH SERVICES - COLLABORATIVE COMMISSIONING,NHS GUILDFORD AND WAVERLEY CCG,26070218,"53,277.00 ",,7026301188
Department of Health,NHS NE Hampshire & Farnham CCG,2/28/2019,Clinical&Medical-Voluntary Sector,MENTAL HEALTH SERVICES - COLLABORATIVE COMMISSIONING,NHS GUILDFORD AND WAVERLEY CCG,26070218,"59,147.00 ",,7026301188
Department of Health,NHS NE Hampshire & Farnham CCG,2/28/2019,Clinical&Medical-Independent Sector,MENTAL HEALTH SERVICES - COLLABORATIVE COMMISSIONING,NHS GUILDFORD AND WAVERLEY CCG,26070220,"(2,661.00)",,7026301195
Department of Health,NHS NE Hampshire & Farnham CCG,2/28/2019,Clinical&Medical-Othe Public Sector,MENTAL HEALTH SERVICES - COLLABORATIVE COMMISSIONING,NHS GUILDFORD AND WAVERLEY CCG,26070220,"(53,277.00)",,7026301195
Department of Health,NHS NE Hampshire & Farnham CCG,2/28/2019,Clinical&Medical-Voluntary Sector,MENTAL HEALTH SERVICES - COLLABORATIVE COMMISSIONING,NHS GUILDFORD AND WAVERLEY CCG,26070220,"(59,147.00)",,7026301195
Department of Health,NHS NE Hampshire & Farnham CCG,2/28/2019,Clinical&Medical-Othe Public Sector,CHILD AND ADOLESCENT MENTAL HEALTH,NHS GUILDFORD AND WAVERLEY CCG,26070221,"31,400.00 ",,7026301198
Department of Health,NHS NE Hampshire & Farnham CCG,2/28/2019,C&M-PMS Contract Value,PRC DELEGATED CO-COMMISSIONING,DOWNING STREET GROUP PRACTICE,26082752,"91,804.60 ",,SY000037449
Department of Health,NHS NE Hampshire & Farnham CCG,2/28/2019,C&M-PMS DES Minor Surgery,PRC DELEGATED CO-COMMISSIONING,DOWNING STREET GROUP PRACTICE,26082752,761.42 ,,SY000037449
Department of Health,NHS NE Hampshire & Farnham CCG,2/28/2019,C&M-PMS Funding Differential Review,PRC DELEGATED CO-COMMISSIONING,DOWNING STREET GROUP PRACTICE,26082752,"2,450.92 ",,SY000037449
Department of Health,NHS NE Hampshire & Farnham CCG,2/28/2019,C&M-PMS Out of Hours Opt Outs,PRC DELEGATED CO-COMMISSIONING,DOWNING STREET GROUP PRACTICE,26082752,59.42 ,,SY000037449
Department of Health,NHS NE Hampshire & Farnham CCG,2/28/2019,C&M-PMS Prem Actual Rent,PRC DELEGATED CO-COMMISSIONING,DOWNING STREET GROUP PRACTICE,26082752,"10,524.33 ",,SY000037449
Department of Health,NHS NE Hampshire & Farnham CCG,2/28/2019,C&M-PMS Prem Rates,PRC DELEGATED CO-COMMISSIONING,DOWNING STREET GROUP PRACTICE,26082752,"2,479.08 ",,SY000037449
Department of Health,NHS NE Hampshire & Farnham CCG,2/28/2019,C&M-PMS QOF Aspiration,PRC DELEGATED CO-COMMISSIONING,DOWNING STREET GROUP PRACTICE,26082752,"8,770.51 ",,SY000037449
Department of Health,NHS NE Hampshire & Farnham CCG,2/28/2019,C&M-GMS DES Minor Surgery,PRC DELEGATED CO-COMMISSIONING,FARNHAM DENE MEDICAL PRACTICE,26082754,"1,614.75 ",,SY000037451
Department of Health,NHS NE Hampshire & Farnham CCG,2/28/2019,C&M-GMS Global Sum,PRC DELEGATED CO-COMMISSIONING,FARNHAM DENE MEDICAL PRACTICE,26082754,"81,536.70 ",,SY000037451
Department of Health,NHS NE Hampshire & Farnham CCG,2/28/2019,C&M-GMS MPIG Correction Factor,PRC DELEGATED CO-COMMISSIONING,FARNHAM DENE MEDICAL PRACTICE,26082754,760.20 ,,SY000037451
Department of Health,NHS NE Hampshire & Farnham CCG,2/28/2019,C&M-GMS PCO Other,PRC DELEGATED CO-COMMISSIONING,FARNHAM DENE MEDICAL PRACTICE,26082754,628.08 ,,SY000037451
Department of Health,NHS NE Hampshire & Farnham CCG,2/28/2019,C&M-GMS Prem Actual Rent,PRC DELEGATED CO-COMMISSIONING,FARNHAM DENE MEDICAL PRACTICE,26082754,"16,148.75 ",,SY000037451
Department of Health,NHS NE Hampshire & Farnham CCG,2/28/2019,C&M-GMS Prem Rates,PRC DELEGATED CO-COMMISSIONING,FARNHAM DENE MEDICAL PRACTICE,26082754,"1,093.35 ",,SY000037451
Department of Health,NHS NE Hampshire & Farnham CCG,2/28/2019,C&M-GMS QOF Aspiration,PRC DELEGATED CO-COMMISSIONING,FARNHAM DENE MEDICAL PRACTICE,26082754,"7,291.26 ",,SY000037451
Department of Health,NHS NE Hampshire & Farnham CCG,2/28/2019,ME - GMS TPS Added Years Adj EEs,PRC DELEGATED CO-COMMISSIONING,FARNHAM DENE MEDICAL PRACTICE,26082754,132.69 ,,SY000037451
Department of Health,NHS NE Hampshire & Farnham CCG,2/28/2019,C&M-GMS DES Minor Surgery,PRC DELEGATED CO-COMMISSIONING,FERNS MEDICAL PRACTICE,26082756,614.67 ,,SY000037453
Department of Health,NHS NE Hampshire & Farnham CCG,2/28/2019,C&M-GMS Global Sum,PRC DELEGATED CO-COMMISSIONING,FERNS MEDICAL PRACTICE,26082756,"73,175.75 ",,SY000037453
Department of Health,NHS NE Hampshire & Farnham CCG,2/28/2019,C&M-GMS MPIG Correction Factor,PRC DELEGATED CO-COMMISSIONING,FERNS MEDICAL PRACTICE,26082756,"1,224.94 ",,SY000037453
Department of Health,NHS NE Hampshire & Farnham CCG,2/28/2019,C&M-GMS Prem Actual Rent,PRC DELEGATED CO-COMMISSIONING,FERNS MEDICAL PRACTICE,26082756,"16,002.17 ",,SY000037453
Department of Health,NHS NE Hampshire & Farnham CCG,2/28/2019,C&M-GMS Prem Rates,PRC DELEGATED CO-COMMISSIONING,FERNS MEDICAL PRACTICE,26082756,"3,690.54 ",,SY000037453
Department of Health,NHS NE Hampshire & Farnham CCG,2/28/2019,C&M-GMS QOF Aspiration,PRC DELEGATED CO-COMMISSIONING,FERNS MEDICAL PRACTICE,26082756,"7,030.16 ",,SY000037453
Department of Health,NHS NE Hampshire & Farnham CCG,2/28/2019,C&M-GMS DES Minor Surgery,PRC DELEGATED CO-COMMISSIONING,ODONNELL H & PARTNERS,26082758,520.08 ,,SY000037455
Department of Health,NHS NE Hampshire & Farnham CCG,2/28/2019,C&M-GMS Global Sum,PRC DELEGATED CO-COMMISSIONING,ODONNELL H & PARTNERS,26082758,"48,771.45 ",,SY000037455
Department of Health,NHS NE Hampshire & Farnham CCG,2/28/2019,C&M-GMS Prem Actual Rent,PRC DELEGATED CO-COMMISSIONING,ODONNELL H & PARTNERS,26082758,"9,344.42 ",,SY000037455
Department of Health,NHS NE Hampshire & Farnham CCG,2/28/2019,C&M-GMS QOF Aspiration,PRC DELEGATED CO-COMMISSIONING,ODONNELL H & PARTNERS,26082758,"4,957.36 ",,SY000037455
Department of Health,NHS NE Hampshire & Farnham CCG,2/28/2019,C&M-GMS DES Minor Surgery,PRC DELEGATED CO-COMMISSIONING,HOLLY TREE SURGERY,26082762,607.41 ,,SY000037457
Department of Health,NHS NE Hampshire & Farnham CCG,2/28/2019,C&M-GMS Global Sum,PRC DELEGATED CO-COMMISSIONING,HOLLY TREE SURGERY,26082762,"41,425.19 ",,SY000037457
Department of Health,NHS NE Hampshire & Farnham CCG,2/28/2019,C&M-GMS MPIG Correction Factor,PRC DELEGATED CO-COMMISSIONING,HOLLY TREE SURGERY,26082762,919.93 ,,SY000037457
Department of Health,NHS NE Hampshire & Farnham CCG,2/28/2019,C&M-GMS Prem Notional Rent,PRC DELEGATED CO-COMMISSIONING,HOLLY TREE SURGERY,26082762,"4,062.50 ",,SY000037457
Department of Health,NHS NE Hampshire & Farnham CCG,2/28/2019,C&M-GMS Prem Rates,PRC DELEGATED CO-COMMISSIONING,HOLLY TREE SURGERY,26082762,849.19 ,,SY000037457
Department of Health,NHS NE Hampshire & Farnham CCG,2/28/2019,C&M-GMS QOF Aspiration,PRC DELEGATED CO-COMMISSIONING,HOLLY TREE SURGERY,26082762,"3,807.57 ",,SY000037457
Department of Health,NHS NE Hampshire & Farnham CCG,2/28/2019,C&M-GMS Cost of Drugs -Dispensing,LOCAL ENHANCED SERVICES,CRONDALL NEW SURGERY,26118920,"41,775.15 ",,SO000068488
Department of Health,NHS NE Hampshire & Farnham CCG,2/28/2019,C&M-GMS Prof Fees Dispensing,PRC DELEGATED CO-COMMISSIONING,CRONDALL NEW SURGERY,26118920,"9,594.40 ",,SO000068488
Department of Health,NHS NE Hampshire & Farnham CCG,2/28/2019,C&M-GMS PrscrptnChrgsColl&RmttdbyGP,LOCAL ENHANCED SERVICES,CRONDALL NEW SURGERY,26118920,"1,584.00 ",,SO000068488
Department of Health,NHS NE Hampshire & Farnham CCG,2/28/2019,C&M-GMS Cost of Drugs -Prescribing,LOCAL ENHANCED SERVICES,HARTLEY CORNER MEDICAL PARTNERSHIP,26118923,"34,466.48 ",,SO000068491
Department of Health,NHS NE Hampshire & Farnham CCG,2/28/2019,C&M-GMS Prof Fees Prescribing,PRC DELEGATED CO-COMMISSIONING,HARTLEY CORNER MEDICAL PARTNERSHIP,26118923,"8,213.72 ",,SO000068491
Department of Health,NHS NE Hampshire & Farnham CCG,2/28/2019,Training Expenses,COMMISSIONING RESERVE,COCREATE CONSULTANCY,26140092,"25,000.00 ",247378965,1098
Department of Health,NHS NE Hampshire & Farnham CCG,2/28/2019,Clinical&Medical-Independent Sector,COMMISSIONING SCHEMES,INSIDEVUE LTD,26148834,"33,505.44 ",,INV0256
Department of Health,NHS NE Hampshire & Farnham CCG,2/28/2019,NHS CHC/FNC Risk-Sharing Recharge between CCGs,CHC ADULT FULLY FUNDED,NHS SOUTH EASTERN HAMPSHIRE CCG,26189787,"908,000.00 ",,7028200649
Department of Health,NHS NE Hampshire & Farnham CCG,2/28/2019,Hlthcre-Foundation Trsts,GENERAL RESERVE - PROGRAMME,ROYAL BERKSHIRE NHS FOUNDATION TRUST,26200866,"138,350.00 ",654938593,499834
,,,,,,,,,
