Expenditure Over Threshold,,,,,,,,,
Oct-18,,,,,,,,,
Time run: 12/11/2018 17:51:06,,,,,,,,,
Department family,Entity,Date,Expense Type,Expense area,Supplier,Transaction number,AP Amount (�),VAT registration number,Purchase invoice number
Department of Health,NHS NE Hampshire & Farnham CCG,10/31/2018,Hlthcre-Foundation Trsts,MENTAL HEALTH SERVICES - ADULTS,SURREY & BORDERS PARTNERSHIP NHS FOUNDATION TRUST,24107155,"26,106.75 ",654 4345 33,6732325
Department of Health,NHS NE Hampshire & Farnham CCG,10/31/2018,Clinical&Medical-Othe Public Sector,MENTAL HEALTH SERVICES - ADULTS,HAMPSHIRE COUNTY COUNCIL,24107162,"65,637.00 ",GB189406822,3611034879
Department of Health,NHS NE Hampshire & Farnham CCG,10/31/2018,Clinical&Medical-Independent Sector,COMMUNITY SERVICES,SURREY HEALTHY CHILDREN & FAMILIES LLP,24123730,"94,175.00 ",,0261
Department of Health,NHS NE Hampshire & Farnham CCG,10/31/2018,C&M-PMS Contract Value,PRC DELEGATED CO-COMMISSIONING,ALEXANDER HOUSE SURGERY,24189055,"65,097.56 ",,SO000064850
Department of Health,NHS NE Hampshire & Farnham CCG,10/31/2018,C&M-PMS DES Minor Surgery,PRC DELEGATED CO-COMMISSIONING,ALEXANDER HOUSE SURGERY,24189055,376.58 ,,SO000064850
Department of Health,NHS NE Hampshire & Farnham CCG,10/31/2018,C&M-PMS Funding Differential Review,PRC DELEGATED CO-COMMISSIONING,ALEXANDER HOUSE SURGERY,24189055,"2,450.08 ",,SO000064850
Department of Health,NHS NE Hampshire & Farnham CCG,10/31/2018,C&M-PMS Prem Notional Rent,PRC DELEGATED CO-COMMISSIONING,ALEXANDER HOUSE SURGERY,24189055,"4,072.92 ",,SO000064850
Department of Health,NHS NE Hampshire & Farnham CCG,10/31/2018,C&M-PMS Prem Water Rates,PRC DELEGATED CO-COMMISSIONING,ALEXANDER HOUSE SURGERY,24189055,15.55 ,,SO000064850
Department of Health,NHS NE Hampshire & Farnham CCG,10/31/2018,C&M-PMS QOF Aspiration,PRC DELEGATED CO-COMMISSIONING,ALEXANDER HOUSE SURGERY,24189055,"7,346.23 ",,SO000064850
Department of Health,NHS NE Hampshire & Farnham CCG,10/31/2018,C&M-PMS Contract Value,PRC DELEGATED CO-COMMISSIONING,BRANKSOMEWOOD HEALTHCARE CENTRE,24189057,"86,318.58 ",,SO000064852
Department of Health,NHS NE Hampshire & Farnham CCG,10/31/2018,C&M-PMS DES Minor Surgery,PRC DELEGATED CO-COMMISSIONING,BRANKSOMEWOOD HEALTHCARE CENTRE,24189057,373.83 ,,SO000064852
Department of Health,NHS NE Hampshire & Farnham CCG,10/31/2018,C&M-PMS Funding Differential Review,PRC DELEGATED CO-COMMISSIONING,BRANKSOMEWOOD HEALTHCARE CENTRE,24189057,"3,497.08 ",,SO000064852
Department of Health,NHS NE Hampshire & Farnham CCG,10/31/2018,C&M-PMS Prem Actual Rent,PRC DELEGATED CO-COMMISSIONING,BRANKSOMEWOOD HEALTHCARE CENTRE,24189057,"10,258.33 ",,SO000064852
Department of Health,NHS NE Hampshire & Farnham CCG,10/31/2018,C&M-PMS QOF Aspiration,PRC DELEGATED CO-COMMISSIONING,BRANKSOMEWOOD HEALTHCARE CENTRE,24189057,"8,659.70 ",,SO000064852
Department of Health,NHS NE Hampshire & Farnham CCG,10/31/2018,C&M-PMS Contract Value,PRC DELEGATED CO-COMMISSIONING,BORDER PRACTICE,24189059,"65,343.63 ",,SO000064854
Department of Health,NHS NE Hampshire & Farnham CCG,10/31/2018,C&M-PMS DES Extended Hours Access,PRC DELEGATED CO-COMMISSIONING,BORDER PRACTICE,24189059,"4,325.35 ",,SO000064854
Department of Health,NHS NE Hampshire & Farnham CCG,10/31/2018,C&M-PMS DES Violent Patients,PRC DELEGATED CO-COMMISSIONING,BORDER PRACTICE,24189059,375.00 ,,SO000064854
Department of Health,NHS NE Hampshire & Farnham CCG,10/31/2018,C&M-PMS Funding Differential Review,PRC DELEGATED CO-COMMISSIONING,BORDER PRACTICE,24189059,"2,637.58 ",,SO000064854
Department of Health,NHS NE Hampshire & Farnham CCG,10/31/2018,C&M-PMS PCO Locum Adop/Pat/Mat,PRC DELEGATED CO-COMMISSIONING,BORDER PRACTICE,24189059,"8,536.12 ",,SO000064854
Department of Health,NHS NE Hampshire & Farnham CCG,10/31/2018,C&M-PMS Prem Notional Rent,PRC DELEGATED CO-COMMISSIONING,BORDER PRACTICE,24189059,"12,179.17 ",,SO000064854
Department of Health,NHS NE Hampshire & Farnham CCG,10/31/2018,C&M-PMS QOF Aspiration,PRC DELEGATED CO-COMMISSIONING,BORDER PRACTICE,24189059,"5,985.83 ",,SO000064854
Department of Health,NHS NE Hampshire & Farnham CCG,10/31/2018,C&M-PMS Contract Value,PRC DELEGATED CO-COMMISSIONING,NORTH CAMP SURGERY,24189061,"35,355.93 ",,SO000064856
Department of Health,NHS NE Hampshire & Farnham CCG,10/31/2018,C&M-PMS DES Extended Hours Access,PRC DELEGATED CO-COMMISSIONING,NORTH CAMP SURGERY,24189061,"2,515.12 ",,SO000064856
Department of Health,NHS NE Hampshire & Farnham CCG,10/31/2018,C&M-PMS Funding Differential Review,PRC DELEGATED CO-COMMISSIONING,NORTH CAMP SURGERY,24189061,"1,306.92 ",,SO000064856
Department of Health,NHS NE Hampshire & Farnham CCG,10/31/2018,C&M-PMS Out of Hours Opt Outs,PRC DELEGATED CO-COMMISSIONING,NORTH CAMP SURGERY,24189061,20.40 ,,SO000064856
Department of Health,NHS NE Hampshire & Farnham CCG,10/31/2018,C&M-PMS PCO Other,PRC DELEGATED CO-COMMISSIONING,NORTH CAMP SURGERY,24189061,"3,528.00 ",,SO000064856
Department of Health,NHS NE Hampshire & Farnham CCG,10/31/2018,C&M-PMS Prem Notional Rent,PRC DELEGATED CO-COMMISSIONING,NORTH CAMP SURGERY,24189061,"3,708.33 ",,SO000064856
Department of Health,NHS NE Hampshire & Farnham CCG,10/31/2018,C&M-PMS Prem Rates,PRC DELEGATED CO-COMMISSIONING,NORTH CAMP SURGERY,24189061,"1,160.00 ",,SO000064856
Department of Health,NHS NE Hampshire & Farnham CCG,10/31/2018,C&M-PMS QOF Aspiration,PRC DELEGATED CO-COMMISSIONING,NORTH CAMP SURGERY,24189061,"2,543.72 ",,SO000064856
Department of Health,NHS NE Hampshire & Farnham CCG,10/31/2018,ME-PMS GP Pension EEs Adjs - PMS,PRC DELEGATED CO-COMMISSIONING,NORTH CAMP SURGERY,24189061,"2,850.00 ",,SO000064856
Department of Health,NHS NE Hampshire & Farnham CCG,10/31/2018,ME-PMS GP Pension ERs Adjs - PMS,PRC DELEGATED CO-COMMISSIONING,NORTH CAMP SURGERY,24189061,690.24 ,,SO000064856
Department of Health,NHS NE Hampshire & Farnham CCG,10/31/2018,C&M-PMS Contract Value,PRC DELEGATED CO-COMMISSIONING,PRINCES GARDENS SURGERY,24189063,"67,884.02 ",,SO000064858
Department of Health,NHS NE Hampshire & Farnham CCG,10/31/2018,C&M-PMS DES Extended Hours Access,PRC DELEGATED CO-COMMISSIONING,PRINCES GARDENS SURGERY,24189063,"4,227.50 ",,SO000064858
Department of Health,NHS NE Hampshire & Farnham CCG,10/31/2018,C&M-PMS Funding Differential Review,PRC DELEGATED CO-COMMISSIONING,PRINCES GARDENS SURGERY,24189063,"2,566.42 ",,SO000064858
Department of Health,NHS NE Hampshire & Farnham CCG,10/31/2018,C&M-PMS PCO Other,PRC DELEGATED CO-COMMISSIONING,PRINCES GARDENS SURGERY,24189063,462.58 ,,SO000064858
Department of Health,NHS NE Hampshire & Farnham CCG,10/31/2018,C&M-PMS Prem Notional Rent,PRC DELEGATED CO-COMMISSIONING,PRINCES GARDENS SURGERY,24189063,"5,466.67 ",,SO000064858
Department of Health,NHS NE Hampshire & Farnham CCG,10/31/2018,C&M-PMS Prem Rates,PRC DELEGATED CO-COMMISSIONING,PRINCES GARDENS SURGERY,24189063,921.75 ,,SO000064858
Department of Health,NHS NE Hampshire & Farnham CCG,10/31/2018,C&M-PMS Prem Water Rates,PRC DELEGATED CO-COMMISSIONING,PRINCES GARDENS SURGERY,24189063,277.39 ,,SO000064858
Department of Health,NHS NE Hampshire & Farnham CCG,10/31/2018,C&M-PMS QOF Aspiration,PRC DELEGATED CO-COMMISSIONING,PRINCES GARDENS SURGERY,24189063,"6,469.67 ",,SO000064858
Department of Health,NHS NE Hampshire & Farnham CCG,10/31/2018,C&M-PMS Contract Value,PRC DELEGATED CO-COMMISSIONING,RICHMOND SURGERY,24189065,"87,494.68 ",,SO000064860
Department of Health,NHS NE Hampshire & Farnham CCG,10/31/2018,C&M-PMS DES Extended Hours Access,PRC DELEGATED CO-COMMISSIONING,RICHMOND SURGERY,24189065,"6,392.07 ",,SO000064860
Department of Health,NHS NE Hampshire & Farnham CCG,10/31/2018,C&M-PMS Funding Differential Review,PRC DELEGATED CO-COMMISSIONING,RICHMOND SURGERY,24189065,"6,925.58 ",,SO000064860
Department of Health,NHS NE Hampshire & Farnham CCG,10/31/2018,C&M-PMS PCO Other,PRC DELEGATED CO-COMMISSIONING,RICHMOND SURGERY,24189065,680.66 ,,SO000064860
Department of Health,NHS NE Hampshire & Farnham CCG,10/31/2018,C&M-PMS Prem Notional Rent,PRC DELEGATED CO-COMMISSIONING,RICHMOND SURGERY,24189065,"6,608.33 ",,SO000064860
Department of Health,NHS NE Hampshire & Farnham CCG,10/31/2018,C&M-PMS Prem Rates,PRC DELEGATED CO-COMMISSIONING,RICHMOND SURGERY,24189065,826.20 ,,SO000064860
Department of Health,NHS NE Hampshire & Farnham CCG,10/31/2018,C&M-PMS QOF Aspiration,PRC DELEGATED CO-COMMISSIONING,RICHMOND SURGERY,24189065,"9,700.08 ",,SO000064860
Department of Health,NHS NE Hampshire & Farnham CCG,10/31/2018,C&M-PMS Contract Value,PRC DELEGATED CO-COMMISSIONING,SOUTHWOOD PRACTICE,24189067,"42,170.46 ",,SO000064862
Department of Health,NHS NE Hampshire & Farnham CCG,10/31/2018,C&M-PMS DES Extended Hours Access,PRC DELEGATED CO-COMMISSIONING,SOUTHWOOD PRACTICE,24189067,"3,376.77 ",,SO000064862
Department of Health,NHS NE Hampshire & Farnham CCG,10/31/2018,C&M-PMS Funding Differential Review,PRC DELEGATED CO-COMMISSIONING,SOUTHWOOD PRACTICE,24189067,"6,333.17 ",,SO000064862
Department of Health,NHS NE Hampshire & Farnham CCG,10/31/2018,C&M-PMS Out of Hours Opt Outs,PRC DELEGATED CO-COMMISSIONING,SOUTHWOOD PRACTICE,24189067,0.65 ,,SO000064862
Department of Health,NHS NE Hampshire & Farnham CCG,10/31/2018,C&M-PMS Prem Actual Rent,PRC DELEGATED CO-COMMISSIONING,SOUTHWOOD PRACTICE,24189067,"1,756.03 ",,SO000064862
Department of Health,NHS NE Hampshire & Farnham CCG,10/31/2018,C&M-PMS Prem Rates,PRC DELEGATED CO-COMMISSIONING,SOUTHWOOD PRACTICE,24189067,420.90 ,,SO000064862
Department of Health,NHS NE Hampshire & Farnham CCG,10/31/2018,C&M-PMS QOF Aspiration,PRC DELEGATED CO-COMMISSIONING,SOUTHWOOD PRACTICE,24189067,"3,595.51 ",,SO000064862
Department of Health,NHS NE Hampshire & Farnham CCG,10/31/2018,Hcare Srv Rec NHS Trust,COMMUNITY SERVICES,SOLENT NHS TRUST,24199286,"89,707.00 ",,54156020
Department of Health,NHS NE Hampshire & Farnham CCG,10/31/2018,Hcare Srv Rec NHS Trust,COMMUNITY SERVICES,SOLENT NHS TRUST,24199288,"26,852.00 ",,54156021
Department of Health,NHS NE Hampshire & Farnham CCG,10/31/2018,Clinical&Medical-Independent Sector,ACUTE COMMISSIONING,SPIRE HEALTHCARE LTD,24224773,"133,343.00 ",915970991,99MCPKPF181907
Department of Health,NHS NE Hampshire & Farnham CCG,10/31/2018,Healthcare Srv Rec CCG,ACUTE COMMISSIONING,NHS EAST BERKSHIRE CCG,24246306,"569,982.00 ",654464815,7031600406
Department of Health,NHS NE Hampshire & Farnham CCG,10/31/2018,Hlthcre-Foundation Trsts,ACUTE COMMISSIONING,HAMPSHIRE HOSPITALS NHS FOUNDATION TRUST,24246331,"103,729.00 ",654932122,40085092
Department of Health,NHS NE Hampshire & Farnham CCG,10/31/2018,Hlthcre-Foundation Trsts,MENTAL HEALTH CONTRACTS,SURREY & BORDERS PARTNERSHIP NHS FOUNDATION TRUST,24246336,"135,530.00 ",654 4345 33,6732530
Department of Health,NHS NE Hampshire & Farnham CCG,10/31/2018,Hcare Srv Rec Fdtn Trust-Non Contract,NON RECURRENT PROGRAMMES,SOUTHAMPTON UNIVERSITY HOSPITALS NHS FOUNDATION TRUST,24246340,"36,612.00 ",654942706,7324471
Department of Health,NHS NE Hampshire & Farnham CCG,10/31/2018,Charges from CSU,CORPORATE COSTS & SERVICES,NHS SOUTH CENTRAL AND WEST COMMISSIONING SUPPORT UNIT,24246343,"116,712.75 ",,7312707122
Department of Health,NHS NE Hampshire & Farnham CCG,10/31/2018,Charges from CSU,PRIMARY CARE IT,NHS SOUTH CENTRAL AND WEST COMMISSIONING SUPPORT UNIT,24246343,"37,722.25 ",,7312707122
Department of Health,NHS NE Hampshire & Farnham CCG,10/31/2018,Hlthcre-Foundation Trsts,CHILD AND ADOLESCENT MENTAL HEALTH,SUSSEX PARTNERSHIP NHS FOUNDATION TRUST,24246375,"141,255.00 ",654422543,6471531
Department of Health,NHS NE Hampshire & Farnham CCG,10/31/2018,Cont Care-Funded Nursing Care Allow,FUNDED NURSING CARE,NHS WEST HAMPSHIRE CCG,24246387,"288,700.00 ",,7028603211
Department of Health,NHS NE Hampshire & Farnham CCG,10/31/2018,Clinical&Medical-Independent Sector,OUT OF HOURS,NORTH HAMPSHIRE URGENT CARE,24261445,"179,282.47 ",,2325
Department of Health,NHS NE Hampshire & Farnham CCG,10/31/2018,Hlthcre-Foundation Trsts,GENERAL RESERVE - PROGRAMME,SOUTHAMPTON UNIVERSITY HOSPITALS NHS FOUNDATION TRUST,24261447,"36,203.00 ",654942706,7323801
Department of Health,NHS NE Hampshire & Farnham CCG,10/31/2018,Clinical&Medical-Othe Public Sector,COMMUNITY SERVICES,HAMPSHIRE COUNTY COUNCIL,24261449,"397,870.00 ",GB189406822,3611034795
Department of Health,NHS NE Hampshire & Farnham CCG,10/31/2018,Hlthcre-Foundation Trsts,ACUTE COMMISSIONING,ROYAL SURREY COUNTY HOSPITAL NHS FOUNDATION TRUST,24261451,"606,118.00 ",654947690,13796896
Department of Health,NHS NE Hampshire & Farnham CCG,10/31/2018,Hlthcre-Foundation Trsts,MENTAL HEALTH CONTRACTS,SURREY & BORDERS PARTNERSHIP NHS FOUNDATION TRUST,24261453,"1,139,409.00 ",654 4345 33,6732525
Department of Health,NHS NE Hampshire & Farnham CCG,10/31/2018,Hlthcre-Foundation Trsts,AMBULANCE SERVICES,SOUTH EAST COAST AMBULANCE SERVICE NHS FOUNDATION TRUST,24261454,"499,629.05 ",,7881231
Department of Health,NHS NE Hampshire & Farnham CCG,10/31/2018,Hlthcre-Foundation Trsts,PATIENT TRANSPORT,SOUTH CENTRAL AMBULANCE SERVICE NHS FOUNDATION TRUST,24261460,"65,435.31 ",654923613,INV0049461
Department of Health,NHS NE Hampshire & Farnham CCG,10/31/2018,Hlthcre-Foundation Trsts,ACUTE COMMISSIONING,ASHFORD & ST PETERS HOSPITALS NHSFT,24261462,"83,604.40 ",GB654969284,14503938
Department of Health,NHS NE Hampshire & Farnham CCG,10/31/2018,Clinical&Medical-Independent Sector,LEARNING DIFFICULTIES,NHS SURREY DOWNS CCG,24261463,"1,154.00 ",,7030501852
Department of Health,NHS NE Hampshire & Farnham CCG,10/31/2018,Clinical&Medical-Independent Sector,LONG TERM CONDITIONS,NHS SURREY DOWNS CCG,24261463,"1,474.00 ",,7030501852
Department of Health,NHS NE Hampshire & Farnham CCG,10/31/2018,Clinical&Medical-Independent Sector,Learning Difficulties - S117,NHS SURREY DOWNS CCG,24261463,"6,149.00 ",,7030501852
Department of Health,NHS NE Hampshire & Farnham CCG,10/31/2018,Clinical&Medical-Independent Sector,Mental Health Services - S117 Mental Health,NHS SURREY DOWNS CCG,24261463,"11,707.00 ",,7030501852
Department of Health,NHS NE Hampshire & Farnham CCG,10/31/2018,Cont Care- Adult 100% Fully Funded,CHC AD FULL FUND PERS HLTH BUD,NHS SURREY DOWNS CCG,24261463,234.00 ,,7030501852
Department of Health,NHS NE Hampshire & Farnham CCG,10/31/2018,Cont Care- Adult 100% Fully Funded,CHC ADULT FULLY FUNDED,NHS SURREY DOWNS CCG,24261463,"45,602.70 ",,7030501852
Department of Health,NHS NE Hampshire & Farnham CCG,10/31/2018,Cont Care- Adult Joint Funded,ADULT JOINT FUNDED CONTINUING CARE,NHS SURREY DOWNS CCG,24261463,"2,048.00 ",,7030501852
Department of Health,NHS NE Hampshire & Farnham CCG,10/31/2018,Cont Care- Palliative Care,CHC ADULT FULLY FUNDED,NHS SURREY DOWNS CCG,24261463,"18,826.00 ",,7030501852
Department of Health,NHS NE Hampshire & Farnham CCG,10/31/2018,Cont Care-Funded Nursing Care Allow,FUNDED NURSING CARE,NHS SURREY DOWNS CCG,24261463,"53,482.00 ",,7030501852
Department of Health,NHS NE Hampshire & Farnham CCG,10/31/2018,Cont Care-Learning Disab(65+),CHC ADULT FULLY FUNDED,NHS SURREY DOWNS CCG,24261463,996.00 ,,7030501852
Department of Health,NHS NE Hampshire & Farnham CCG,10/31/2018,Cont Care-Learning Disab(<65),CHC AD FULL FUND PERS HLTH BUD,NHS SURREY DOWNS CCG,24261463,"2,849.00 ",,7030501852
Department of Health,NHS NE Hampshire & Farnham CCG,10/31/2018,Cont Care-Learning Disab(<65),CHC ADULT FULLY FUNDED,NHS SURREY DOWNS CCG,24261463,"17,827.00 ",,7030501852
Department of Health,NHS NE Hampshire & Farnham CCG,10/31/2018,Cont Care-Mental Health (65+),CHC AD FULL FUND PERS HLTH BUD,NHS SURREY DOWNS CCG,24261463,125.00 ,,7030501852
Department of Health,NHS NE Hampshire & Farnham CCG,10/31/2018,Cont Care-Mental Health (65+),CHC ADULT FULLY FUNDED,NHS SURREY DOWNS CCG,24261463,"22,448.00 ",,7030501852
Department of Health,NHS NE Hampshire & Farnham CCG,10/31/2018,Cont Care-Mental Health (<65),CHC AD FULL FUND PERS HLTH BUD,NHS SURREY DOWNS CCG,24261463,185.00 ,,7030501852
Department of Health,NHS NE Hampshire & Farnham CCG,10/31/2018,Cont Care-Mental Health (<65),CHC ADULT FULLY FUNDED,NHS SURREY DOWNS CCG,24261463,"3,220.00 ",,7030501852
Department of Health,NHS NE Hampshire & Farnham CCG,10/31/2018,Cont Care-NHSFT-Adult LD (<65),CHC ADULT FULLY FUNDED,NHS SURREY DOWNS CCG,24261463,"2,193.00 ",,7030501852
Department of Health,NHS NE Hampshire & Farnham CCG,10/31/2018,Cont Care-Physical Disab (65+),CHC AD FULL FUND PERS HLTH BUD,NHS SURREY DOWNS CCG,24261463,1.00 ,,7030501852
Department of Health,NHS NE Hampshire & Farnham CCG,10/31/2018,Cont Care-Physical Disab (65+),CHC ADULT FULLY FUNDED,NHS SURREY DOWNS CCG,24261463,"1,323.00 ",,7030501852
Department of Health,NHS NE Hampshire & Farnham CCG,10/31/2018,Cont Care-Physical Disab (<65),CHC AD FULL FUND PERS HLTH BUD,NHS SURREY DOWNS CCG,24261463,"4,757.00 ",,7030501852
Department of Health,NHS NE Hampshire & Farnham CCG,10/31/2018,Cont Care-Physical Disab (<65),CHC ADULT FULLY FUNDED,NHS SURREY DOWNS CCG,24261463,"10,634.00 ",,7030501852
Department of Health,NHS NE Hampshire & Farnham CCG,10/31/2018,Continuing Care- Equipment,CHC ADULT FULLY FUNDED,NHS SURREY DOWNS CCG,24261463,267.00 ,,7030501852
Department of Health,NHS NE Hampshire & Farnham CCG,10/31/2018,Healthcare Srv Rec CCG,CONTINUING HEALTHCARE ASSESSMENT & SUPPORT,NHS SURREY DOWNS CCG,24261463,"9,078.00 ",,7030501852
Department of Health,NHS NE Hampshire & Farnham CCG,10/31/2018,Clinical&Medical-Clinical Other,COMMUNITY SERVICES,VIRGIN CARE SERVICES LTD,24261474,"69,000.00 ",GB918510332,10380003005
Department of Health,NHS NE Hampshire & Farnham CCG,10/31/2018,Clinical&Medical-Independent Sector,COMMUNITY SERVICES,VIRGIN CARE SERVICES LTD,24261474,"422,245.50 ",GB918510332,10380003005
Department of Health,NHS NE Hampshire & Farnham CCG,10/31/2018,Cont Care- Adult 100% Fully Funded,CHC ADULT FULLY FUNDED,NHS WEST HAMPSHIRE CCG,24261480,"1,078,540.00 ",,7028603215
Department of Health,NHS NE Hampshire & Farnham CCG,10/31/2018,Clinical&Medical-Independent Sector,IMPROVING ACCESS TO PSYCHOLOGICAL THERAPIES,NORTH HAMPSHIRE URGENT CARE,24261483,"58,552.08 ",,2339
Department of Health,NHS NE Hampshire & Farnham CCG,10/31/2018,Clinical&Medical-Independent Sector,IMPROVING ACCESS TO PSYCHOLOGICAL THERAPIES,NORTH HAMPSHIRE URGENT CARE,24261487,"110,883.00 ",,2338
Department of Health,NHS NE Hampshire & Farnham CCG,10/31/2018,Building Contracts,EXCEPTIONS & PRIOR APPROVALS,NHS PROPERTY SERVICES LTD,24284017,"85,361.42 ",156725100,NAVS02999
Department of Health,NHS NE Hampshire & Farnham CCG,10/31/2018,Building Contracts,GENERAL RESERVE - PROGRAMME,NHS PROPERTY SERVICES LTD,24284017,"261,959.08 ",156725100,NAVS02999
Department of Health,NHS NE Hampshire & Farnham CCG,10/31/2018,Building Contracts,EXCEPTIONS & PRIOR APPROVALS,NHS PROPERTY SERVICES LTD,24284023,"333,763.30 ",156725100,NAVS03246
Department of Health,NHS NE Hampshire & Farnham CCG,10/31/2018,Hlthcre-Foundation Trsts,COMMUNITY SERVICES,FRIMLEY HEALTH NHS FOUNDATION TRUST,24284036,"526,868.17 ",654922028,N0101842
Department of Health,NHS NE Hampshire & Farnham CCG,10/31/2018,Hlthcre-Foundation Trsts,ACUTE COMMISSIONING,FRIMLEY HEALTH NHS FOUNDATION TRUST,24284037,"10,456,085.36 ",654922028,N0101837
Department of Health,NHS NE Hampshire & Farnham CCG,10/31/2018,Hlthcre-Foundation Trsts,CHILD AND ADOLESCENT MENTAL HEALTH,SURREY & BORDERS PARTNERSHIP NHS FOUNDATION TRUST,24284062,"29,538.00 ",654 4345 33,6732536
Department of Health,NHS NE Hampshire & Farnham CCG,10/31/2018,Building Contracts,GENERAL RESERVE - PROGRAMME,NHS PROPERTY SERVICES LTD,24284079,"(347,320.50)",156725100,NAVSC04372
Department of Health,NHS NE Hampshire & Farnham CCG,10/31/2018,Clinical&Medical-Clinical Other,EXCEPTIONS & PRIOR APPROVALS,SALUS MEDICAL SERVICES,24286236,"242,000.00 ",,1397
Department of Health,NHS NE Hampshire & Farnham CCG,10/31/2018,Clinical&Medical-Othe Public Sector,COMMUNITY SERVICES,SURREY COUNTY COUNCIL,24306718,"45,467.01 ",GB216947249,9500178360
Department of Health,NHS NE Hampshire & Farnham CCG,10/31/2018,Clinical&Medical-Othe Public Sector,LONG TERM CONDITIONS,SURREY COUNTY COUNCIL,24306718,"75,263.25 ",GB216947249,9500178360
Department of Health,NHS NE Hampshire & Farnham CCG,10/31/2018,Clinical&Medical-Othe Public Sector,MENTAL HEALTH SERVICES - ADULTS,HAMPSHIRE COUNTY COUNCIL,24306720,"32,818.50 ",GB189406822,3611036564
Department of Health,NHS NE Hampshire & Farnham CCG,10/31/2018,Apprenticeship Levy Payable,BALANCE SHEET,HMRC,24315994,"1,034.00 ",,475PF004482461906
Department of Health,NHS NE Hampshire & Farnham CCG,10/31/2018,Income tax <1Yr,BALANCE SHEET,HMRC,24315994,"75,814.74 ",,475PF004482461906
Department of Health,NHS NE Hampshire & Farnham CCG,10/31/2018,Income tax <1Yr-Student Loans,BALANCE SHEET,HMRC,24315994,387.00 ,,475PF004482461906
Department of Health,NHS NE Hampshire & Farnham CCG,10/31/2018,National Insurance < 1 yr-NI- ERS,BALANCE SHEET,HMRC,24315994,"51,458.83 ",,475PF004482461906
Department of Health,NHS NE Hampshire & Farnham CCG,10/31/2018,National Insurance < 1 yr-NI-EES,BALANCE SHEET,HMRC,24315994,"34,654.22 ",,475PF004482461906
Department of Health,NHS NE Hampshire & Farnham CCG,10/31/2018,C&M-GP PRACTICE REVENUE - PCTF,GP FORWARD VIEW,SALUS MEDICAL SERVICES,24319778,"55,712.50 ",,1375
Department of Health,NHS NE Hampshire & Farnham CCG,10/31/2018,C&M-GMS Cost of Drugs -Dispensing,LOCAL ENHANCED SERVICES,HOLLY TREE SURGERY,24370288,"(27,844.90)",,SY000035368
Department of Health,NHS NE Hampshire & Farnham CCG,10/31/2018,C&M-GMS PrscChrgsCll&RmttdbyGPCntra,PRC DELEGATED CO-COMMISSIONING,HOLLY TREE SURGERY,24370288,"(2,182.40)",,SY000035368
Department of Health,NHS NE Hampshire & Farnham CCG,10/31/2018,C&M-GMS Cost of Drugs -Dispensing,LOCAL ENHANCED SERVICES,HOLLY TREE SURGERY,24370289,"52,591.43 ",,SY000035369
Department of Health,NHS NE Hampshire & Farnham CCG,10/31/2018,C&M-GMS Prof Fees Dispensing,PRC DELEGATED CO-COMMISSIONING,HOLLY TREE SURGERY,24370289,"8,767.57 ",,SY000035369
Department of Health,NHS NE Hampshire & Farnham CCG,10/31/2018,C&M-GMS PrscrptnChrgsColl&RmttdbyGP,LOCAL ENHANCED SERVICES,HOLLY TREE SURGERY,24370289,"2,182.40 ",,SY000035369
Department of Health,NHS NE Hampshire & Farnham CCG,10/31/2018,C&M-GMS DES Extended Hours Access,PRC DELEGATED CO-COMMISSIONING,CRONDALL NEW SURGERY,24374351,"2,451.47 ",,SO000065154
Department of Health,NHS NE Hampshire & Farnham CCG,10/31/2018,C&M-GMS DES Minor Surgery,PRC DELEGATED CO-COMMISSIONING,CRONDALL NEW SURGERY,24374351,476.41 ,,SO000065154
Department of Health,NHS NE Hampshire & Farnham CCG,10/31/2018,C&M-GMS Global Sum,PRC DELEGATED CO-COMMISSIONING,CRONDALL NEW SURGERY,24374351,"36,776.02 ",,SO000065154
Department of Health,NHS NE Hampshire & Farnham CCG,10/31/2018,C&M-GMS MPIG Correction Factor,PRC DELEGATED CO-COMMISSIONING,CRONDALL NEW SURGERY,24374351,"1,020.80 ",,SO000065154
Department of Health,NHS NE Hampshire & Farnham CCG,10/31/2018,C&M-GMS Prem Notional Rent,PRC DELEGATED CO-COMMISSIONING,CRONDALL NEW SURGERY,24374351,"4,583.33 ",,SO000065154
Department of Health,NHS NE Hampshire & Farnham CCG,10/31/2018,C&M-GMS Prem Rates,PRC DELEGATED CO-COMMISSIONING,CRONDALL NEW SURGERY,24374351,714.17 ,,SO000065154
Department of Health,NHS NE Hampshire & Farnham CCG,10/31/2018,C&M-GMS QOF Aspiration,PRC DELEGATED CO-COMMISSIONING,CRONDALL NEW SURGERY,24374351,"4,002.93 ",,SO000065154
Department of Health,NHS NE Hampshire & Farnham CCG,10/31/2018,C&M-GMS DES Extended Hours Access,PRC DELEGATED CO-COMMISSIONING,FLEET MEDICAL CENTRE,24374353,"6,927.40 ",,SO000065156
Department of Health,NHS NE Hampshire & Farnham CCG,10/31/2018,C&M-GMS DES Learn Dsblty Hlth Chk,PRC DELEGATED CO-COMMISSIONING,FLEET MEDICAL CENTRE,24374353,700.00 ,,SO000065156
Department of Health,NHS NE Hampshire & Farnham CCG,10/31/2018,C&M-GMS DES Minor Surgery,PRC DELEGATED CO-COMMISSIONING,FLEET MEDICAL CENTRE,24374353,"1,807.58 ",,SO000065156
Department of Health,NHS NE Hampshire & Farnham CCG,10/31/2018,C&M-GMS Global Sum,PRC DELEGATED CO-COMMISSIONING,FLEET MEDICAL CENTRE,24374353,"95,979.76 ",,SO000065156
Department of Health,NHS NE Hampshire & Farnham CCG,10/31/2018,C&M-GMS MPIG Correction Factor,PRC DELEGATED CO-COMMISSIONING,FLEET MEDICAL CENTRE,24374353,"3,323.84 ",,SO000065156
Department of Health,NHS NE Hampshire & Farnham CCG,10/31/2018,C&M-GMS PCO Other,PRC DELEGATED CO-COMMISSIONING,FLEET MEDICAL CENTRE,24374353,736.42 ,,SO000065156
Department of Health,NHS NE Hampshire & Farnham CCG,10/31/2018,C&M-GMS Prem Actual Rent,PRC DELEGATED CO-COMMISSIONING,FLEET MEDICAL CENTRE,24374353,"15,962.50 ",,SO000065156
Department of Health,NHS NE Hampshire & Farnham CCG,10/31/2018,C&M-GMS Prem Rates,PRC DELEGATED CO-COMMISSIONING,FLEET MEDICAL CENTRE,24374353,"2,355.13 ",,SO000065156
Department of Health,NHS NE Hampshire & Farnham CCG,10/31/2018,C&M-GMS QOF Aspiration,PRC DELEGATED CO-COMMISSIONING,FLEET MEDICAL CENTRE,24374353,"9,101.36 ",,SO000065156
Department of Health,NHS NE Hampshire & Farnham CCG,10/31/2018,C&M-GMS DES Extended Hours Access,PRC DELEGATED CO-COMMISSIONING,GIFFARD DRIVE SURGERY,24374355,"4,322.97 ",,SO000065158
Department of Health,NHS NE Hampshire & Farnham CCG,10/31/2018,C&M-GMS DES Learn Dsblty Hlth Chk,PRC DELEGATED CO-COMMISSIONING,GIFFARD DRIVE SURGERY,24374355,140.00 ,,SO000065158
Department of Health,NHS NE Hampshire & Farnham CCG,10/31/2018,C&M-GMS DES Minor Surgery,PRC DELEGATED CO-COMMISSIONING,GIFFARD DRIVE SURGERY,24374355,"1,138.50 ",,SO000065158
Department of Health,NHS NE Hampshire & Farnham CCG,10/31/2018,C&M-GMS Global Sum,PRC DELEGATED CO-COMMISSIONING,GIFFARD DRIVE SURGERY,24374355,"63,869.97 ",,SO000065158
Department of Health,NHS NE Hampshire & Farnham CCG,10/31/2018,C&M-GMS MPIG Correction Factor,PRC DELEGATED CO-COMMISSIONING,GIFFARD DRIVE SURGERY,24374355,"1,225.42 ",,SO000065158
Department of Health,NHS NE Hampshire & Farnham CCG,10/31/2018,C&M-GMS Prem Notional Rent,PRC DELEGATED CO-COMMISSIONING,GIFFARD DRIVE SURGERY,24374355,"4,100.00 ",,SO000065158
Department of Health,NHS NE Hampshire & Farnham CCG,10/31/2018,C&M-GMS QOF Aspiration,PRC DELEGATED CO-COMMISSIONING,GIFFARD DRIVE SURGERY,24374355,"6,510.45 ",,SO000065158
Department of Health,NHS NE Hampshire & Farnham CCG,10/31/2018,C&M-GMS DES Minor Surgery,PRC DELEGATED CO-COMMISSIONING,HARTLEY CORNER MEDICAL PARTNERSHIP,24374356,(50.33),,SO000065159
Department of Health,NHS NE Hampshire & Farnham CCG,10/31/2018,ME - GMS TPS Added Years Adj EEs,PRC DELEGATED CO-COMMISSIONING,HARTLEY CORNER MEDICAL PARTNERSHIP,24374356,(581.21),,SO000065159
Department of Health,NHS NE Hampshire & Farnham CCG,10/31/2018,ME-GMS GP Pension EEs,PRC DELEGATED CO-COMMISSIONING,HARTLEY CORNER MEDICAL PARTNERSHIP,24374356,"(14,618.50)",,SO000065159
Department of Health,NHS NE Hampshire & Farnham CCG,10/31/2018,ME-GMS GP Pension EEs Adjustments,PRC DELEGATED CO-COMMISSIONING,HARTLEY CORNER MEDICAL PARTNERSHIP,24374356,"(1,732.50)",,SO000065159
Department of Health,NHS NE Hampshire & Farnham CCG,10/31/2018,ME-GMS GP Pension ERs Adjustments,PRC DELEGATED CO-COMMISSIONING,HARTLEY CORNER MEDICAL PARTNERSHIP,24374356,"(17,591.59)",,SO000065159
Department of Health,NHS NE Hampshire & Farnham CCG,10/31/2018,C&M-GMS DES Extended Hours Access,PRC DELEGATED CO-COMMISSIONING,HARTLEY CORNER MEDICAL PARTNERSHIP,24374357,"13,227.80 ",,SO000065160
Department of Health,NHS NE Hampshire & Farnham CCG,10/31/2018,C&M-GMS DES Learn Dsblty Hlth Chk,PRC DELEGATED CO-COMMISSIONING,HARTLEY CORNER MEDICAL PARTNERSHIP,24374357,"1,960.00 ",,SO000065160
Department of Health,NHS NE Hampshire & Farnham CCG,10/31/2018,C&M-GMS DES Minor Surgery,PRC DELEGATED CO-COMMISSIONING,HARTLEY CORNER MEDICAL PARTNERSHIP,24374357,"2,265.50 ",,SO000065160
Department of Health,NHS NE Hampshire & Farnham CCG,10/31/2018,C&M-GMS Global Sum,PRC DELEGATED CO-COMMISSIONING,HARTLEY CORNER MEDICAL PARTNERSHIP,24374357,"195,626.47 ",,SO000065160
Department of Health,NHS NE Hampshire & Farnham CCG,10/31/2018,C&M-GMS MPIG Correction Factor,PRC DELEGATED CO-COMMISSIONING,HARTLEY CORNER MEDICAL PARTNERSHIP,24374357,"7,075.87 ",,SO000065160
Department of Health,NHS NE Hampshire & Farnham CCG,10/31/2018,C&M-GMS PCO Doctors Ret Scheme,PRC DELEGATED CO-COMMISSIONING,HARTLEY CORNER MEDICAL PARTNERSHIP,24374357,923.04 ,,SO000065160
Department of Health,NHS NE Hampshire & Farnham CCG,10/31/2018,C&M-GMS Prem Actual Rent,PRC DELEGATED CO-COMMISSIONING,HARTLEY CORNER MEDICAL PARTNERSHIP,24374357,"8,244.67 ",,SO000065160
Department of Health,NHS NE Hampshire & Farnham CCG,10/31/2018,C&M-GMS Prem Notional Rent,PRC DELEGATED CO-COMMISSIONING,HARTLEY CORNER MEDICAL PARTNERSHIP,24374357,"6,591.67 ",,SO000065160
Department of Health,NHS NE Hampshire & Farnham CCG,10/31/2018,C&M-GMS Prem Rates,PRC DELEGATED CO-COMMISSIONING,HARTLEY CORNER MEDICAL PARTNERSHIP,24374357,"2,634.17 ",,SO000065160
Department of Health,NHS NE Hampshire & Farnham CCG,10/31/2018,C&M-GMS QOF Aspiration,PRC DELEGATED CO-COMMISSIONING,HARTLEY CORNER MEDICAL PARTNERSHIP,24374357,"19,470.45 ",,SO000065160
Department of Health,NHS NE Hampshire & Farnham CCG,10/31/2018,C&M-GMS DES Extended Hours Access,PRC DELEGATED CO-COMMISSIONING,JENNER HOUSE SURGERY,24374359,"4,227.97 ",,SO000065162
Department of Health,NHS NE Hampshire & Farnham CCG,10/31/2018,C&M-GMS DES Learn Dsblty Hlth Chk,PRC DELEGATED CO-COMMISSIONING,JENNER HOUSE SURGERY,24374359,"1,120.00 ",,SO000065162
Department of Health,NHS NE Hampshire & Farnham CCG,10/31/2018,C&M-GMS DES Minor Surgery,PRC DELEGATED CO-COMMISSIONING,JENNER HOUSE SURGERY,24374359,963.58 ,,SO000065162
Department of Health,NHS NE Hampshire & Farnham CCG,10/31/2018,C&M-GMS Global Sum,PRC DELEGATED CO-COMMISSIONING,JENNER HOUSE SURGERY,24374359,"58,820.66 ",,SO000065162
Department of Health,NHS NE Hampshire & Farnham CCG,10/31/2018,C&M-GMS MPIG Correction Factor,PRC DELEGATED CO-COMMISSIONING,JENNER HOUSE SURGERY,24374359,"2,949.04 ",,SO000065162
Department of Health,NHS NE Hampshire & Farnham CCG,10/31/2018,C&M-GMS Prem Notional Rent,PRC DELEGATED CO-COMMISSIONING,JENNER HOUSE SURGERY,24374359,"5,750.00 ",,SO000065162
Department of Health,NHS NE Hampshire & Farnham CCG,10/31/2018,C&M-GMS Prem Rates,PRC DELEGATED CO-COMMISSIONING,JENNER HOUSE SURGERY,24374359,"2,239.04 ",,SO000065162
Department of Health,NHS NE Hampshire & Farnham CCG,10/31/2018,C&M-GMS QOF Aspiration,PRC DELEGATED CO-COMMISSIONING,JENNER HOUSE SURGERY,24374359,"5,892.45 ",,SO000065162
Department of Health,NHS NE Hampshire & Farnham CCG,10/31/2018,C&M-GMS DES Extended Hours Access,PRC DELEGATED CO-COMMISSIONING,MAYFIELD MEDICAL CENTRE FARNBOROUGH,24374361,"4,408.00 ",,SO000065164
Department of Health,NHS NE Hampshire & Farnham CCG,10/31/2018,C&M-GMS DES Minor Surgery,PRC DELEGATED CO-COMMISSIONING,MAYFIELD MEDICAL CENTRE FARNBOROUGH,24374361,945.58 ,,SO000065164
Department of Health,NHS NE Hampshire & Farnham CCG,10/31/2018,C&M-GMS Global Sum,PRC DELEGATED CO-COMMISSIONING,MAYFIELD MEDICAL CENTRE FARNBOROUGH,24374361,"65,378.79 ",,SO000065164
Department of Health,NHS NE Hampshire & Farnham CCG,10/31/2018,C&M-GMS MPIG Correction Factor,PRC DELEGATED CO-COMMISSIONING,MAYFIELD MEDICAL CENTRE FARNBOROUGH,24374361,973.50 ,,SO000065164
Department of Health,NHS NE Hampshire & Farnham CCG,10/31/2018,C&M-GMS PCO Doctors Ret Scheme,PRC DELEGATED CO-COMMISSIONING,MAYFIELD MEDICAL CENTRE FARNBOROUGH,24374361,923.04 ,,SO000065164
Department of Health,NHS NE Hampshire & Farnham CCG,10/31/2018,C&M-GMS PCO Other,PRC DELEGATED CO-COMMISSIONING,MAYFIELD MEDICAL CENTRE FARNBOROUGH,24374361,483.33 ,,SO000065164
Department of Health,NHS NE Hampshire & Farnham CCG,10/31/2018,C&M-GMS Prem Actual Rent,PRC DELEGATED CO-COMMISSIONING,MAYFIELD MEDICAL CENTRE FARNBOROUGH,24374361,"11,057.08 ",,SO000065164
Department of Health,NHS NE Hampshire & Farnham CCG,10/31/2018,C&M-GMS QOF Aspiration,PRC DELEGATED CO-COMMISSIONING,MAYFIELD MEDICAL CENTRE FARNBOROUGH,24374361,"6,412.69 ",,SO000065164
Department of Health,NHS NE Hampshire & Farnham CCG,10/31/2018,C&M-GMS DES Extended Hours Access,PRC DELEGATED CO-COMMISSIONING,MILESTONE SURGERY,24374363,"5,436.85 ",,SO000065166
Department of Health,NHS NE Hampshire & Farnham CCG,10/31/2018,C&M-GMS DES Learn Dsblty Hlth Chk,PRC DELEGATED CO-COMMISSIONING,MILESTONE SURGERY,24374363,140.00 ,,SO000065166
Department of Health,NHS NE Hampshire & Farnham CCG,10/31/2018,C&M-GMS DES Minor Surgery,PRC DELEGATED CO-COMMISSIONING,MILESTONE SURGERY,24374363,479.17 ,,SO000065166
Department of Health,NHS NE Hampshire & Farnham CCG,10/31/2018,C&M-GMS Global Sum,PRC DELEGATED CO-COMMISSIONING,MILESTONE SURGERY,24374363,"80,769.29 ",,SO000065166
Department of Health,NHS NE Hampshire & Farnham CCG,10/31/2018,C&M-GMS MPIG Correction Factor,PRC DELEGATED CO-COMMISSIONING,MILESTONE SURGERY,24374363,807.87 ,,SO000065166
Department of Health,NHS NE Hampshire & Farnham CCG,10/31/2018,C&M-GMS PCO Other,PRC DELEGATED CO-COMMISSIONING,MILESTONE SURGERY,24374363,587.67 ,,SO000065166
Department of Health,NHS NE Hampshire & Farnham CCG,10/31/2018,C&M-GMS Prem Notional Rent,PRC DELEGATED CO-COMMISSIONING,MILESTONE SURGERY,24374363,"4,829.17 ",,SO000065166
Department of Health,NHS NE Hampshire & Farnham CCG,10/31/2018,C&M-GMS Prem Rates,PRC DELEGATED CO-COMMISSIONING,MILESTONE SURGERY,24374363,714.17 ,,SO000065166
Department of Health,NHS NE Hampshire & Farnham CCG,10/31/2018,C&M-GMS QOF Aspiration,PRC DELEGATED CO-COMMISSIONING,MILESTONE SURGERY,24374363,"7,799.92 ",,SO000065166
Department of Health,NHS NE Hampshire & Farnham CCG,10/31/2018,C&M-GMS DES Extended Hours Access,PRC DELEGATED CO-COMMISSIONING,SOUTHLEA GROUP PRACTICE,24374368,"10,927.85 ",,SO000065171
Department of Health,NHS NE Hampshire & Farnham CCG,10/31/2018,C&M-GMS DES Learn Dsblty Hlth Chk,PRC DELEGATED CO-COMMISSIONING,SOUTHLEA GROUP PRACTICE,24374368,"2,520.00 ",,SO000065171
Department of Health,NHS NE Hampshire & Farnham CCG,10/31/2018,C&M-GMS DES Minor Surgery,PRC DELEGATED CO-COMMISSIONING,SOUTHLEA GROUP PRACTICE,24374368,"3,558.67 ",,SO000065171
Department of Health,NHS NE Hampshire & Farnham CCG,10/31/2018,C&M-GMS Global Sum,PRC DELEGATED CO-COMMISSIONING,SOUTHLEA GROUP PRACTICE,24374368,"169,872.04 ",,SO000065171
Department of Health,NHS NE Hampshire & Farnham CCG,10/31/2018,C&M-GMS MPIG Correction Factor,PRC DELEGATED CO-COMMISSIONING,SOUTHLEA GROUP PRACTICE,24374368,"6,100.23 ",,SO000065171
Department of Health,NHS NE Hampshire & Farnham CCG,10/31/2018,C&M-GMS Prem Actual Rent,PRC DELEGATED CO-COMMISSIONING,SOUTHLEA GROUP PRACTICE,24374368,"31,343.67 ",,SO000065171
Department of Health,NHS NE Hampshire & Farnham CCG,10/31/2018,C&M-GMS Prem Notional Rent,PRC DELEGATED CO-COMMISSIONING,SOUTHLEA GROUP PRACTICE,24374368,"4,035.42 ",,SO000065171
Department of Health,NHS NE Hampshire & Farnham CCG,10/31/2018,C&M-GMS Prem Water Rates,PRC DELEGATED CO-COMMISSIONING,SOUTHLEA GROUP PRACTICE,24374368,45.00 ,,SO000065171
Department of Health,NHS NE Hampshire & Farnham CCG,10/31/2018,C&M-GMS QOF Aspiration,PRC DELEGATED CO-COMMISSIONING,SOUTHLEA GROUP PRACTICE,24374368,"17,684.92 ",,SO000065171
Department of Health,NHS NE Hampshire & Farnham CCG,10/31/2018,C&M-GMS DES Extended Hours Access,PRC DELEGATED CO-COMMISSIONING,WELLINGTON PRACTICE,24374370,"1,551.35 ",,SO000065173
Department of Health,NHS NE Hampshire & Farnham CCG,10/31/2018,C&M-GMS DES Learn Dsblty Hlth Chk,PRC DELEGATED CO-COMMISSIONING,WELLINGTON PRACTICE,24374370,700.00 ,,SO000065173
Department of Health,NHS NE Hampshire & Farnham CCG,10/31/2018,C&M-GMS DES Minor Surgery,PRC DELEGATED CO-COMMISSIONING,WELLINGTON PRACTICE,24374370,175.00 ,,SO000065173
Department of Health,NHS NE Hampshire & Farnham CCG,10/31/2018,C&M-GMS Global Sum,PRC DELEGATED CO-COMMISSIONING,WELLINGTON PRACTICE,24374370,"27,403.38 ",,SO000065173
Department of Health,NHS NE Hampshire & Farnham CCG,10/31/2018,C&M-GMS MPIG Correction Factor,PRC DELEGATED CO-COMMISSIONING,WELLINGTON PRACTICE,24374370,770.70 ,,SO000065173
Department of Health,NHS NE Hampshire & Farnham CCG,10/31/2018,C&M-GMS Prem Actual Rent,PRC DELEGATED CO-COMMISSIONING,WELLINGTON PRACTICE,24374370,"9,215.97 ",,SO000065173
Department of Health,NHS NE Hampshire & Farnham CCG,10/31/2018,C&M-GMS QOF Aspiration,PRC DELEGATED CO-COMMISSIONING,WELLINGTON PRACTICE,24374370,"2,778.02 ",,SO000065173
Department of Health,NHS NE Hampshire & Farnham CCG,10/31/2018,ME - GMS GP Prior Year ERs,PRC DELEGATED CO-COMMISSIONING,WELLINGTON PRACTICE,24374370,"3,645.40 ",,SO000065173
Department of Health,NHS NE Hampshire & Farnham CCG,10/31/2018,ME-GMS GP Prior Year EEs,PRC DELEGATED CO-COMMISSIONING,WELLINGTON PRACTICE,24374370,"3,800.51 ",,SO000065173
Department of Health,NHS NE Hampshire & Farnham CCG,10/31/2018,Hlthcre-Foundation Trsts,NHS 111,SOUTH CENTRAL AMBULANCE SERVICE NHS FOUNDATION TRUST,24382150,"43,111.20 ",654923613,INV0049502
Department of Health,NHS NE Hampshire & Farnham CCG,10/31/2018,Healthcare Srv Rec CCG,CONTINUING HEALTHCARE ASSESSMENT & SUPPORT,NHS WEST HAMPSHIRE CCG,24390241,"54,141.00 ",,7028603225
Department of Health,NHS NE Hampshire & Farnham CCG,10/31/2018,Healthcare Srv Rec CCG,SAFEGUARDING,NHS WEST HAMPSHIRE CCG,24390241,"14,642.00 ",,7028603225
Department of Health,NHS NE Hampshire & Farnham CCG,10/31/2018,C&M-PMS Contract Value,PRC DELEGATED CO-COMMISSIONING,DOWNING STREET GROUP PRACTICE,24395403,"90,681.27 ",,SY000035517
Department of Health,NHS NE Hampshire & Farnham CCG,10/31/2018,C&M-PMS DES Minor Surgery,PRC DELEGATED CO-COMMISSIONING,DOWNING STREET GROUP PRACTICE,24395403,761.42 ,,SY000035517
Department of Health,NHS NE Hampshire & Farnham CCG,10/31/2018,C&M-PMS Funding Differential Review,PRC DELEGATED CO-COMMISSIONING,DOWNING STREET GROUP PRACTICE,24395403,"2,450.92 ",,SY000035517
Department of Health,NHS NE Hampshire & Farnham CCG,10/31/2018,C&M-PMS Out of Hours Opt Outs,PRC DELEGATED CO-COMMISSIONING,DOWNING STREET GROUP PRACTICE,24395403,1.28 ,,SY000035517
Department of Health,NHS NE Hampshire & Farnham CCG,10/31/2018,C&M-PMS PCO Locum Adop/Pat/Mat,PRC DELEGATED CO-COMMISSIONING,DOWNING STREET GROUP PRACTICE,24395403,334.02 ,,SY000035517
Department of Health,NHS NE Hampshire & Farnham CCG,10/31/2018,C&M-PMS Prem Actual Rent,PRC DELEGATED CO-COMMISSIONING,DOWNING STREET GROUP PRACTICE,24395403,"10,524.33 ",,SY000035517
Department of Health,NHS NE Hampshire & Farnham CCG,10/31/2018,C&M-PMS Prem Rates,PRC DELEGATED CO-COMMISSIONING,DOWNING STREET GROUP PRACTICE,24395403,"2,479.08 ",,SY000035517
Department of Health,NHS NE Hampshire & Farnham CCG,10/31/2018,C&M-PMS Prem Water Rates,PRC DELEGATED CO-COMMISSIONING,DOWNING STREET GROUP PRACTICE,24395403,142.70 ,,SY000035517
Department of Health,NHS NE Hampshire & Farnham CCG,10/31/2018,C&M-PMS QOF Aspiration,PRC DELEGATED CO-COMMISSIONING,DOWNING STREET GROUP PRACTICE,24395403,"8,770.51 ",,SY000035517
Department of Health,NHS NE Hampshire & Farnham CCG,10/31/2018,C&M-GMS DES Learn Dsblty Hlth Chk,PRC DELEGATED CO-COMMISSIONING,FARNHAM DENE MEDICAL PRACTICE,24395405,"1,120.00 ",,SY000035519
Department of Health,NHS NE Hampshire & Farnham CCG,10/31/2018,C&M-GMS DES Minor Surgery,PRC DELEGATED CO-COMMISSIONING,FARNHAM DENE MEDICAL PRACTICE,24395405,"1,614.75 ",,SY000035519
Department of Health,NHS NE Hampshire & Farnham CCG,10/31/2018,C&M-GMS Global Sum,PRC DELEGATED CO-COMMISSIONING,FARNHAM DENE MEDICAL PRACTICE,24395405,"86,775.53 ",,SY000035519
Department of Health,NHS NE Hampshire & Farnham CCG,10/31/2018,C&M-GMS MPIG Correction Factor,PRC DELEGATED CO-COMMISSIONING,FARNHAM DENE MEDICAL PRACTICE,24395405,760.20 ,,SY000035519
Department of Health,NHS NE Hampshire & Farnham CCG,10/31/2018,C&M-GMS PCO Other,PRC DELEGATED CO-COMMISSIONING,FARNHAM DENE MEDICAL PRACTICE,24395405,628.08 ,,SY000035519
Department of Health,NHS NE Hampshire & Farnham CCG,10/31/2018,C&M-GMS Prem Actual Rent,PRC DELEGATED CO-COMMISSIONING,FARNHAM DENE MEDICAL PRACTICE,24395405,"16,148.75 ",,SY000035519
Department of Health,NHS NE Hampshire & Farnham CCG,10/31/2018,C&M-GMS Prem Rates,PRC DELEGATED CO-COMMISSIONING,FARNHAM DENE MEDICAL PRACTICE,24395405,"1,093.35 ",,SY000035519
Department of Health,NHS NE Hampshire & Farnham CCG,10/31/2018,C&M-GMS Prem Water Rates,PRC DELEGATED CO-COMMISSIONING,FARNHAM DENE MEDICAL PRACTICE,24395405,107.04 ,,SY000035519
Department of Health,NHS NE Hampshire & Farnham CCG,10/31/2018,C&M-GMS QOF Aspiration,PRC DELEGATED CO-COMMISSIONING,FARNHAM DENE MEDICAL PRACTICE,24395405,"7,291.26 ",,SY000035519
Department of Health,NHS NE Hampshire & Farnham CCG,10/31/2018,C&M-GMS DES Extended Hours Access,PRC DELEGATED CO-COMMISSIONING,FERNS MEDICAL PRACTICE,24395407,"5,081.07 ",,SY000035521
Department of Health,NHS NE Hampshire & Farnham CCG,10/31/2018,C&M-GMS DES Learn Dsblty Hlth Chk,PRC DELEGATED CO-COMMISSIONING,FERNS MEDICAL PRACTICE,24395407,280.00 ,,SY000035521
Department of Health,NHS NE Hampshire & Farnham CCG,10/31/2018,C&M-GMS DES Minor Surgery,PRC DELEGATED CO-COMMISSIONING,FERNS MEDICAL PRACTICE,24395407,614.67 ,,SY000035521
Department of Health,NHS NE Hampshire & Farnham CCG,10/31/2018,C&M-GMS Global Sum,PRC DELEGATED CO-COMMISSIONING,FERNS MEDICAL PRACTICE,24395407,"78,687.56 ",,SY000035521
Department of Health,NHS NE Hampshire & Farnham CCG,10/31/2018,C&M-GMS MPIG Correction Factor,PRC DELEGATED CO-COMMISSIONING,FERNS MEDICAL PRACTICE,24395407,"1,224.94 ",,SY000035521
Department of Health,NHS NE Hampshire & Farnham CCG,10/31/2018,C&M-GMS PCO Seniority,PRC DELEGATED CO-COMMISSIONING,FERNS MEDICAL PRACTICE,24395407,"4,492.58 ",,SY000035521
Department of Health,NHS NE Hampshire & Farnham CCG,10/31/2018,C&M-GMS Prem Actual Rent,PRC DELEGATED CO-COMMISSIONING,FERNS MEDICAL PRACTICE,24395407,"16,002.17 ",,SY000035521
Department of Health,NHS NE Hampshire & Farnham CCG,10/31/2018,C&M-GMS Prem Rates,PRC DELEGATED CO-COMMISSIONING,FERNS MEDICAL PRACTICE,24395407,"3,690.54 ",,SY000035521
Department of Health,NHS NE Hampshire & Farnham CCG,10/31/2018,C&M-GMS QOF Aspiration,PRC DELEGATED CO-COMMISSIONING,FERNS MEDICAL PRACTICE,24395407,"7,030.16 ",,SY000035521
Department of Health,NHS NE Hampshire & Farnham CCG,10/31/2018,C&M-GMS DES Extended Hours Access,PRC DELEGATED CO-COMMISSIONING,ODONNELL H & PARTNERS,24395409,"3,314.55 ",,SY000035523
Department of Health,NHS NE Hampshire & Farnham CCG,10/31/2018,C&M-GMS DES Learn Dsblty Hlth Chk,PRC DELEGATED CO-COMMISSIONING,ODONNELL H & PARTNERS,24395409,560.00 ,,SY000035523
Department of Health,NHS NE Hampshire & Farnham CCG,10/31/2018,C&M-GMS DES Minor Surgery,PRC DELEGATED CO-COMMISSIONING,ODONNELL H & PARTNERS,24395409,520.08 ,,SY000035523
Department of Health,NHS NE Hampshire & Farnham CCG,10/31/2018,C&M-GMS Global Sum,PRC DELEGATED CO-COMMISSIONING,ODONNELL H & PARTNERS,24395409,"52,318.51 ",,SY000035523
Department of Health,NHS NE Hampshire & Farnham CCG,10/31/2018,C&M-GMS Prem Actual Rent,PRC DELEGATED CO-COMMISSIONING,ODONNELL H & PARTNERS,24395409,"9,344.42 ",,SY000035523
Department of Health,NHS NE Hampshire & Farnham CCG,10/31/2018,C&M-GMS QOF Aspiration,PRC DELEGATED CO-COMMISSIONING,ODONNELL H & PARTNERS,24395409,"4,957.36 ",,SY000035523
Department of Health,NHS NE Hampshire & Farnham CCG,10/31/2018,C&M-GMS DES Minor Surgery,PRC DELEGATED CO-COMMISSIONING,HOLLY TREE SURGERY,24396567,607.41 ,,SY000035525
Department of Health,NHS NE Hampshire & Farnham CCG,10/31/2018,C&M-GMS Global Sum,PRC DELEGATED CO-COMMISSIONING,HOLLY TREE SURGERY,24396567,"44,080.92 ",,SY000035525
Department of Health,NHS NE Hampshire & Farnham CCG,10/31/2018,C&M-GMS MPIG Correction Factor,PRC DELEGATED CO-COMMISSIONING,HOLLY TREE SURGERY,24396567,919.93 ,,SY000035525
Department of Health,NHS NE Hampshire & Farnham CCG,10/31/2018,C&M-GMS Prem Notional Rent,PRC DELEGATED CO-COMMISSIONING,HOLLY TREE SURGERY,24396567,"4,062.50 ",,SY000035525
Department of Health,NHS NE Hampshire & Farnham CCG,10/31/2018,C&M-GMS Prem Rates,PRC DELEGATED CO-COMMISSIONING,HOLLY TREE SURGERY,24396567,849.19 ,,SY000035525
Department of Health,NHS NE Hampshire & Farnham CCG,10/31/2018,C&M-GMS QOF Aspiration,PRC DELEGATED CO-COMMISSIONING,HOLLY TREE SURGERY,24396567,"3,807.57 ",,SY000035525
Department of Health,NHS NE Hampshire & Farnham CCG,10/31/2018,Clinical&Medical-Drugs,PRESCRIBING,FRIMLEY HEALTH NHS FOUNDATION TRUST,24403380,"42,174.89 ",654922028,N0100230
Department of Health,NHS NE Hampshire & Farnham CCG,10/31/2018,Clinical&Medical-Independent Sector,ACUTE COMMISSIONING,SPIRE HEALTHCARE LTD,24424381,"(68,220.60)",915970991,99MCPKREC181905
Department of Health,NHS NE Hampshire & Farnham CCG,10/31/2018,C&M-GMS Cost of Drugs -Dispensing,LOCAL ENHANCED SERVICES,CRONDALL NEW SURGERY,24454706,"41,395.75 ",,SO000065490
Department of Health,NHS NE Hampshire & Farnham CCG,10/31/2018,C&M-GMS Prof Fees Dispensing,PRC DELEGATED CO-COMMISSIONING,CRONDALL NEW SURGERY,24454706,"9,073.58 ",,SO000065490
Department of Health,NHS NE Hampshire & Farnham CCG,10/31/2018,C&M-GMS PrscrptnChrgsColl&RmttdbyGP,LOCAL ENHANCED SERVICES,CRONDALL NEW SURGERY,24454706,"1,478.40 ",,SO000065490
Department of Health,NHS NE Hampshire & Farnham CCG,10/31/2018,Clinical&Medical-Independent Sector,COMMUNITY SERVICES,VIRGIN CARE SERVICES LTD,24483668,"36,885.60 ",GB918510332,10301232993
Department of Health,NHS NE Hampshire & Farnham CCG,10/31/2018,Clinical&Medical-Independent Sector,COMMUNITY SERVICES,VIRGIN CARE SERVICES LTD,24483711,"(36,885.60)",GB918510332,10301266003
Department of Health,NHS NE Hampshire & Farnham CCG,10/31/2018,Clinical&Medical-Independent Sector,COMMISSIONING SCHEMES,INSIDEVUE LTD,24483725,"29,821.28 ",,INV0247
Department of Health,NHS NE Hampshire & Farnham CCG,10/31/2018,Hlthcre-Foundation Trsts,ACUTE COMMISSIONING,ROYAL SURREY COUNTY HOSPITAL NHS FOUNDATION TRUST,24483732,"(42,403.00)",654947690,13796997
Department of Health,NHS NE Hampshire & Farnham CCG,10/31/2018,Clinical&Medical-Clinical Other,COMMISSIONING SCHEMES,SALUS MEDICAL SERVICES,24490208,"67,000.00 ",,1396
Department of Health,NHS NE Hampshire & Farnham CCG,10/31/2018,Clinical&Medical-Clinical Other,COMMISSIONING - NON ACUTE,SALUS MEDICAL SERVICES,24490209,"31,000.00 ",,1395
Department of Health,NHS NE Hampshire & Farnham CCG,10/31/2018,Charges from CSU,PRIMARY CARE IT,NHS SOUTH CENTRAL AND WEST COMMISSIONING SUPPORT UNIT,24501108,"47,340.00 ",,7312705548
Department of Health,NHS NE Hampshire & Farnham CCG,10/31/2018,Clinical&Medical-Independent Sector,IMPROVING ACCESS TO PSYCHOLOGICAL THERAPIES,NORTH HAMPSHIRE URGENT CARE,24501145,"37,140.00 ",,2348
Department of Health,NHS NE Hampshire & Farnham CCG,10/31/2018,Charges from CSU,GENERAL RESERVE - PROGRAMME,NHS SOUTH CENTRAL AND WEST COMMISSIONING SUPPORT UNIT,24501216,"(47,340.00)",,7312707142
Department of Health,NHS NE Hampshire & Farnham CCG,10/31/2018,Clinical&Medical-Independent Sector,NCAS/OATS,NUFFIELD HEALTH,24501317,"27,822.00 ",564291137,ACSNEHF0918
,,,,,,,,,
