Expenditure Over Threshold,,,,,,,,,
May-18,,,,,,,,,
Time run: 27/06/2018 16:09:00,,,,,,,,,
Department family,Entity,Date,Expense Type,Expense area,Supplier,Transaction number,AP Amount (�),VAT registration number,Purchase invoice number
Department of Health,NHS NE Hampshire & Farnham CCG,5/31/2018,Hcare Srv Rec Fdtn Trust-Non Contract,ACUTE COMMISSIONING,NHS ENGLAND,21997763,"2,465,421.00 ",654 442 045,7000026542
Department of Health,NHS NE Hampshire & Farnham CCG,5/31/2018,Hcare Srv Rec Fdtn Trust-Non Contract,NCAS/OATS,OXFORD UNIVERSITY HOSPITALS NHS FOUNDATION TRUST,21997774,"28,959.18 ",654935407,8274306
Department of Health,NHS NE Hampshire & Farnham CCG,5/31/2018,Hlthcre-Foundation Trsts,PATIENT TRANSPORT,SOUTH CENTRAL AMBULANCE SERVICE NHS FOUNDATION TRUST,22000812,"64,236.28 ",654923613,INV0048450
Department of Health,NHS NE Hampshire & Farnham CCG,5/31/2018,Hlthcre-Foundation Trsts,ACUTE COMMISSIONING,ROYAL SURREY COUNTY HOSPITAL NHS FOUNDATION TRUST,22001020,"(1,217,207.00)",,13793355
Department of Health,NHS NE Hampshire & Farnham CCG,5/31/2018,Hlthcre-Foundation Trsts,ACUTE COMMISSIONING,ROYAL SURREY COUNTY HOSPITAL NHS FOUNDATION TRUST,22001021,"1,337,188.00 ",,13793411
Department of Health,NHS NE Hampshire & Farnham CCG,5/31/2018,Hlthcre-Foundation Trsts,AMBULANCE SERVICES,SOUTH EAST COAST AMBULANCE SERVICE NHS FOUNDATION TRUST,22001049,"28,911.00 ",,7880746
Department of Health,NHS NE Hampshire & Farnham CCG,5/31/2018,Hcare Srv Rec Fdtn Trust-Non Contract,NCAS/OATS,OXFORD UNIVERSITY HOSPITALS NHS FOUNDATION TRUST,22001114,"(28,959.18)",654935407,CN8274306
Department of Health,NHS NE Hampshire & Farnham CCG,5/31/2018,C&M-PMS Contract Value,PRC DELEGATED CO-COMMISSIONING,ALEXANDER HOUSE SURGERY,22048040,"65,095.52 ",,SO000060953
Department of Health,NHS NE Hampshire & Farnham CCG,5/31/2018,C&M-PMS DES Learn Dsblty Hlth Chk,PRC DELEGATED CO-COMMISSIONING,ALEXANDER HOUSE SURGERY,22048040,"1,680.00 ",,SO000060953
Department of Health,NHS NE Hampshire & Farnham CCG,5/31/2018,C&M-PMS Funding Differential Review,PRC DELEGATED CO-COMMISSIONING,ALEXANDER HOUSE SURGERY,22048040,"2,450.08 ",,SO000060953
Department of Health,NHS NE Hampshire & Farnham CCG,5/31/2018,C&M-PMS Prem Improvement Grant,PRC DELEGATED CO-COMMISSIONING,ALEXANDER HOUSE SURGERY,22048040,"1,999.80 ",,SO000060953
Department of Health,NHS NE Hampshire & Farnham CCG,5/31/2018,C&M-PMS Prem Notional Rent,PRC DELEGATED CO-COMMISSIONING,ALEXANDER HOUSE SURGERY,22048040,"4,072.92 ",,SO000060953
Department of Health,NHS NE Hampshire & Farnham CCG,5/31/2018,C&M-PMS Prem Water Rates,PRC DELEGATED CO-COMMISSIONING,ALEXANDER HOUSE SURGERY,22048040,468.71 ,,SO000060953
Department of Health,NHS NE Hampshire & Farnham CCG,5/31/2018,C&M-PMS QOF Aspiration,PRC DELEGATED CO-COMMISSIONING,ALEXANDER HOUSE SURGERY,22048040,"7,346.23 ",,SO000060953
Department of Health,NHS NE Hampshire & Farnham CCG,5/31/2018,C&M-PMS Contract Value,PRC DELEGATED CO-COMMISSIONING,BRANKSOMEWOOD HEALTHCARE CENTRE,22048055,"86,340.09 ",,SO000060955
Department of Health,NHS NE Hampshire & Farnham CCG,5/31/2018,C&M-PMS Funding Differential Review,PRC DELEGATED CO-COMMISSIONING,BRANKSOMEWOOD HEALTHCARE CENTRE,22048055,"3,497.08 ",,SO000060955
Department of Health,NHS NE Hampshire & Farnham CCG,5/31/2018,C&M-PMS Prem Actual Rent,PRC DELEGATED CO-COMMISSIONING,BRANKSOMEWOOD HEALTHCARE CENTRE,22048055,"10,258.33 ",,SO000060955
Department of Health,NHS NE Hampshire & Farnham CCG,5/31/2018,C&M-PMS QOF Aspiration,PRC DELEGATED CO-COMMISSIONING,BRANKSOMEWOOD HEALTHCARE CENTRE,22048055,"8,659.70 ",,SO000060955
Department of Health,NHS NE Hampshire & Farnham CCG,5/31/2018,C&M-PMS Contract Value,PRC DELEGATED CO-COMMISSIONING,BORDER PRACTICE,22048057,"64,734.87 ",,SO000060957
Department of Health,NHS NE Hampshire & Farnham CCG,5/31/2018,C&M-PMS DES Learn Dsblty Hlth Chk,PRC DELEGATED CO-COMMISSIONING,BORDER PRACTICE,22048057,140.00 ,,SO000060957
Department of Health,NHS NE Hampshire & Farnham CCG,5/31/2018,C&M-PMS DES Violent Patients,PRC DELEGATED CO-COMMISSIONING,BORDER PRACTICE,22048057,375.00 ,,SO000060957
Department of Health,NHS NE Hampshire & Farnham CCG,5/31/2018,C&M-PMS Funding Differential Review,PRC DELEGATED CO-COMMISSIONING,BORDER PRACTICE,22048057,"2,637.58 ",,SO000060957
Department of Health,NHS NE Hampshire & Farnham CCG,5/31/2018,C&M-PMS Prem Notional Rent,PRC DELEGATED CO-COMMISSIONING,BORDER PRACTICE,22048057,"12,179.17 ",,SO000060957
Department of Health,NHS NE Hampshire & Farnham CCG,5/31/2018,C&M-PMS QOF Aspiration,PRC DELEGATED CO-COMMISSIONING,BORDER PRACTICE,22048057,"5,985.83 ",,SO000060957
Department of Health,NHS NE Hampshire & Farnham CCG,5/31/2018,C&M-PMS Contract Value,PRC DELEGATED CO-COMMISSIONING,PRINCES GARDENS SURGERY,22048060,"67,747.40 ",,SO000060961
Department of Health,NHS NE Hampshire & Farnham CCG,5/31/2018,C&M-PMS DES Learn Dsblty Hlth Chk,PRC DELEGATED CO-COMMISSIONING,PRINCES GARDENS SURGERY,22048060,140.00 ,,SO000060961
Department of Health,NHS NE Hampshire & Farnham CCG,5/31/2018,C&M-PMS Funding Differential Review,PRC DELEGATED CO-COMMISSIONING,PRINCES GARDENS SURGERY,22048060,"2,566.42 ",,SO000060961
Department of Health,NHS NE Hampshire & Farnham CCG,5/31/2018,C&M-PMS Prem Notional Rent,PRC DELEGATED CO-COMMISSIONING,PRINCES GARDENS SURGERY,22048060,"5,466.67 ",,SO000060961
Department of Health,NHS NE Hampshire & Farnham CCG,5/31/2018,C&M-PMS Prem Rates,PRC DELEGATED CO-COMMISSIONING,PRINCES GARDENS SURGERY,22048060,921.75 ,,SO000060961
Department of Health,NHS NE Hampshire & Farnham CCG,5/31/2018,C&M-PMS QOF Aspiration,PRC DELEGATED CO-COMMISSIONING,PRINCES GARDENS SURGERY,22048060,"6,469.67 ",,SO000060961
Department of Health,NHS NE Hampshire & Farnham CCG,5/31/2018,C&M-PMS Contract Value,PRC DELEGATED CO-COMMISSIONING,RICHMOND SURGERY,22048062,"86,914.33 ",,SO000060963
Department of Health,NHS NE Hampshire & Farnham CCG,5/31/2018,C&M-PMS Funding Differential Review,PRC DELEGATED CO-COMMISSIONING,RICHMOND SURGERY,22048062,"6,925.58 ",,SO000060963
Department of Health,NHS NE Hampshire & Farnham CCG,5/31/2018,C&M-PMS Prem Notional Rent,PRC DELEGATED CO-COMMISSIONING,RICHMOND SURGERY,22048062,"6,608.33 ",,SO000060963
Department of Health,NHS NE Hampshire & Farnham CCG,5/31/2018,C&M-PMS Prem Rates,PRC DELEGATED CO-COMMISSIONING,RICHMOND SURGERY,22048062,826.20 ,,SO000060963
Department of Health,NHS NE Hampshire & Farnham CCG,5/31/2018,C&M-PMS QOF Aspiration,PRC DELEGATED CO-COMMISSIONING,RICHMOND SURGERY,22048062,"9,700.08 ",,SO000060963
Department of Health,NHS NE Hampshire & Farnham CCG,5/31/2018,C&M-PMS Contract Value,PRC DELEGATED CO-COMMISSIONING,SOUTHWOOD PRACTICE,22048064,"42,627.97 ",,SO000060965
Department of Health,NHS NE Hampshire & Farnham CCG,5/31/2018,C&M-PMS DES Learn Dsblty Hlth Chk,PRC DELEGATED CO-COMMISSIONING,SOUTHWOOD PRACTICE,22048064,280.00 ,,SO000060965
Department of Health,NHS NE Hampshire & Farnham CCG,5/31/2018,C&M-PMS Funding Differential Review,PRC DELEGATED CO-COMMISSIONING,SOUTHWOOD PRACTICE,22048064,"6,333.17 ",,SO000060965
Department of Health,NHS NE Hampshire & Farnham CCG,5/31/2018,C&M-PMS PCO Locum Sickness,PRC DELEGATED CO-COMMISSIONING,SOUTHWOOD PRACTICE,22048064,"9,737.45 ",,SO000060965
Department of Health,NHS NE Hampshire & Farnham CCG,5/31/2018,C&M-PMS Prem Actual Rent,PRC DELEGATED CO-COMMISSIONING,SOUTHWOOD PRACTICE,22048064,"1,756.03 ",,SO000060965
Department of Health,NHS NE Hampshire & Farnham CCG,5/31/2018,C&M-PMS Prem Rates,PRC DELEGATED CO-COMMISSIONING,SOUTHWOOD PRACTICE,22048064,420.90 ,,SO000060965
Department of Health,NHS NE Hampshire & Farnham CCG,5/31/2018,C&M-PMS QOF Aspiration,PRC DELEGATED CO-COMMISSIONING,SOUTHWOOD PRACTICE,22048064,"3,595.51 ",,SO000060965
Department of Health,NHS NE Hampshire & Farnham CCG,5/31/2018,Healthcare Srv Rec CCG,GENERAL RESERVE - PROGRAMME,NHS WEST HAMPSHIRE CCG,22053997,"27,324.00 ",,7028602665
Department of Health,NHS NE Hampshire & Farnham CCG,5/31/2018,Hlthcre-Foundation Trsts,PATIENT TRANSPORT,SOUTH CENTRAL AMBULANCE SERVICE NHS FOUNDATION TRUST,22054044,"(29,334.00)",654923613,CRN004009
Department of Health,NHS NE Hampshire & Farnham CCG,5/31/2018,Hlthcre-Foundation Trsts,PATIENT TRANSPORT,SOUTH CENTRAL AMBULANCE SERVICE NHS FOUNDATION TRUST,22054052,"(37,519.87)",654923613,CRN004016
Department of Health,NHS NE Hampshire & Farnham CCG,5/31/2018,Hlthcre-Foundation Trsts,ACUTE COMMISSIONING,ROYAL SURREY COUNTY HOSPITAL NHS FOUNDATION TRUST,22054075,"(47,501.00)",,13793438
Department of Health,NHS NE Hampshire & Farnham CCG,5/31/2018,Healthcare Srv Rec CCG,GENERAL RESERVE - PROGRAMME,NHS WEST HAMPSHIRE CCG,22054083,"(27,324.00)",,7028602974
Department of Health,NHS NE Hampshire & Farnham CCG,5/31/2018,Clinical&Medical-Independent Sector,COMMUNITY SERVICES,SURREY HEALTHY CHILDREN & FAMILIES LLP,22054107,"93,163.00 ",,0211
Department of Health,NHS NE Hampshire & Farnham CCG,5/31/2018,Hlthcre-Foundation Trsts,MENTAL HEALTH CONTRACTS,SURREY & BORDERS PARTNERSHIP NHS FOUNDATION TRUST,22054139,"135,530.00 ",654 4345 33,6730100
Department of Health,NHS NE Hampshire & Farnham CCG,5/31/2018,C&M-PMS Contract Value,PRC DELEGATED CO-COMMISSIONING,NORTH CAMP SURGERY,22064790,"35,416.01 ",,SO000060959
Department of Health,NHS NE Hampshire & Farnham CCG,5/31/2018,C&M-PMS DES Learn Dsblty Hlth Chk,PRC DELEGATED CO-COMMISSIONING,NORTH CAMP SURGERY,22064790,560.00 ,,SO000060959
Department of Health,NHS NE Hampshire & Farnham CCG,5/31/2018,C&M-PMS Funding Differential Review,PRC DELEGATED CO-COMMISSIONING,NORTH CAMP SURGERY,22064790,"1,306.92 ",,SO000060959
Department of Health,NHS NE Hampshire & Farnham CCG,5/31/2018,C&M-PMS PCO Locum Sickness,PRC DELEGATED CO-COMMISSIONING,NORTH CAMP SURGERY,22064790,"8,378.93 ",,SO000060959
Department of Health,NHS NE Hampshire & Farnham CCG,5/31/2018,C&M-PMS Prem Notional Rent,PRC DELEGATED CO-COMMISSIONING,NORTH CAMP SURGERY,22064790,"3,708.33 ",,SO000060959
Department of Health,NHS NE Hampshire & Farnham CCG,5/31/2018,C&M-PMS Prem Rates,PRC DELEGATED CO-COMMISSIONING,NORTH CAMP SURGERY,22064790,"2,320.00 ",,SO000060959
Department of Health,NHS NE Hampshire & Farnham CCG,5/31/2018,C&M-PMS QOF Aspiration,PRC DELEGATED CO-COMMISSIONING,NORTH CAMP SURGERY,22064790,"2,543.72 ",,SO000060959
Department of Health,NHS NE Hampshire & Farnham CCG,5/31/2018,ME - PMS GP Prior Year ERs,PRC DELEGATED CO-COMMISSIONING,NORTH CAMP SURGERY,22064790,"5,719.42 ",,SO000060959
Department of Health,NHS NE Hampshire & Farnham CCG,5/31/2018,ME-PMS GP Pension EEs Adjs - PMS,PRC DELEGATED CO-COMMISSIONING,NORTH CAMP SURGERY,22064790,744.75 ,,SO000060959
Department of Health,NHS NE Hampshire & Farnham CCG,5/31/2018,ME-PMS GP Pension ERs Adjs - PMS,PRC DELEGATED CO-COMMISSIONING,NORTH CAMP SURGERY,22064790,"1,151.56 ",,SO000060959
Department of Health,NHS NE Hampshire & Farnham CCG,5/31/2018,ME-PMS GP Prior Year EEs,PRC DELEGATED CO-COMMISSIONING,NORTH CAMP SURGERY,22064790,"5,767.15 ",,SO000060959
Department of Health,NHS NE Hampshire & Farnham CCG,5/31/2018,Healthcare Srv Rec CCG,GENERAL RESERVE - PROGRAMME,NHS EAST BERKSHIRE CCG,22078801,"(169,163.00)",,7028102226
Department of Health,NHS NE Hampshire & Farnham CCG,5/31/2018,Cont Care- Adult 100% Fully Funded,CHC ADULT FULLY FUNDED,NHS SURREY DOWNS CCG,22078802,"234,755.35 ",,7030501767
Department of Health,NHS NE Hampshire & Farnham CCG,5/31/2018,Hlthcre-Foundation Trsts,ACUTE COMMISSIONING,HAMPSHIRE HOSPITALS NHS FOUNDATION TRUST,22078803,"106,895.00 ",,40080781
Department of Health,NHS NE Hampshire & Farnham CCG,5/31/2018,Clinical&Medical-Independent Sector,OUT OF HOURS,NORTH HAMPSHIRE URGENT CARE,22121465,"181,931.00 ",,2252
Department of Health,NHS NE Hampshire & Farnham CCG,5/31/2018,Clinical&Medical-Independent Sector,ACUTE COMMISSIONING,SPIRE HEALTHCARE LTD,22121506,"169,082.00 ",915970991,99MCPKPF181902
Department of Health,NHS NE Hampshire & Farnham CCG,5/31/2018,Healthcare Srv Rec CCG,ACUTE COMMISSIONING,NHS EAST BERKSHIRE CCG,22121508,"1,051,482.00 ",,7031600006
Department of Health,NHS NE Hampshire & Farnham CCG,5/31/2018,Hlthcre-Foundation Trsts,PATIENT TRANSPORT,SOUTH CENTRAL AMBULANCE SERVICE NHS FOUNDATION TRUST,22121509,"65,435.31 ",654923613,INV0048613
Department of Health,NHS NE Hampshire & Farnham CCG,5/31/2018,Hlthcre-Foundation Trsts,MENTAL HEALTH CONTRACTS,SURREY & BORDERS PARTNERSHIP NHS FOUNDATION TRUST,22121511,"1,139,409.00 ",654 4345 33,6730095
Department of Health,NHS NE Hampshire & Farnham CCG,5/31/2018,Hlthcre-Foundation Trsts,AMBULANCE SERVICES,SOUTH EAST COAST AMBULANCE SERVICE NHS FOUNDATION TRUST,22138738,"499,629.05 ",,7880771
Department of Health,NHS NE Hampshire & Farnham CCG,5/31/2018,Clinical&Medical-Clinical Other,COMMUNITY SERVICES,VIRGIN CARE SERVICES LTD,22138753,"69,000.00 ",GB918510332,10300936985
Department of Health,NHS NE Hampshire & Farnham CCG,5/31/2018,Clinical&Medical-Independent Sector,COMMUNITY SERVICES,VIRGIN CARE SERVICES LTD,22138753,"422,245.50 ",GB918510332,10300936985
Department of Health,NHS NE Hampshire & Farnham CCG,5/31/2018,Hlthcre-Foundation Trsts,ACUTE COMMISSIONING,ASHFORD & ST PETERS HOSPITALS NHSFT,22138761,"36,879.17 ",GB654969284,14500903
Department of Health,NHS NE Hampshire & Farnham CCG,5/31/2018,Hlthcre-Foundation Trsts,NHS 111,SOUTH CENTRAL AMBULANCE SERVICE NHS FOUNDATION TRUST,22138768,"50,225.40 ",654923613,INV0048639
Department of Health,NHS NE Hampshire & Farnham CCG,5/31/2018,Hcare Srv Rec NHS Trust,ACUTE COMMISSIONING,PORTSMOUTH HOSPITALS NHS TRUST,22161915,"(83,000.00)",,9352557
Department of Health,NHS NE Hampshire & Farnham CCG,5/31/2018,Hcare Srv Rec NHS Trust,COMMUNITY SERVICES,SOLENT NHS TRUST,22161917,"91,363.00 ",,54154562
Department of Health,NHS NE Hampshire & Farnham CCG,5/31/2018,Hcare Srv Rec NHS Trust,COMMUNITY SERVICES,SOLENT NHS TRUST,22161919,"75,456.00 ",,54154563
Department of Health,NHS NE Hampshire & Farnham CCG,5/31/2018,Cont Care- Adult 100% Fully Funded,FUNDED NURSING CARE,NHS WEST HAMPSHIRE CCG,22161920,"242,500.00 ",,7028603027
Department of Health,NHS NE Hampshire & Farnham CCG,5/31/2018,Hlthcre-Foundation Trsts,ACUTE COMMISSIONING,ROYAL SURREY COUNTY HOSPITAL NHS FOUNDATION TRUST,22186464,"606,118.00 ",,13793752
Department of Health,NHS NE Hampshire & Farnham CCG,5/31/2018,Hlthcre-Foundation Trsts,CHILD AND ADOLESCENT MENTAL HEALTH,SURREY & BORDERS PARTNERSHIP NHS FOUNDATION TRUST,22186474,"29,638.00 ",654 4345 33,6730106
Department of Health,NHS NE Hampshire & Farnham CCG,5/31/2018,Hlthcre-Foundation Trsts,CHILD AND ADOLESCENT MENTAL HEALTH,SUSSEX PARTNERSHIP NHS FOUNDATION TRUST,22186478,"145,516.00 ",654422543,6470541
Department of Health,NHS NE Hampshire & Farnham CCG,5/31/2018,Clinical&Medical-Independent Sector,IMPROVING ACCESS TO PSYCHOLOGICAL THERAPIES,NORTH HAMPSHIRE URGENT CARE,22186481,"110,883.00 ",,2278
Department of Health,NHS NE Hampshire & Farnham CCG,5/31/2018,Apprenticeship Levy Payable,BALANCE SHEET,HMRC,22221800,788.00 ,,475PF004482461901
Department of Health,NHS NE Hampshire & Farnham CCG,5/31/2018,Income tax <1Yr,BALANCE SHEET,HMRC,22221800,"70,987.60 ",,475PF004482461901
Department of Health,NHS NE Hampshire & Farnham CCG,5/31/2018,Income tax <1Yr-Student Loans,BALANCE SHEET,HMRC,22221800,407.00 ,,475PF004482461901
Department of Health,NHS NE Hampshire & Farnham CCG,5/31/2018,National Insurance < 1 yr-NI- ERS,BALANCE SHEET,HMRC,22221800,"46,107.47 ",,475PF004482461901
Department of Health,NHS NE Hampshire & Farnham CCG,5/31/2018,National Insurance < 1 yr-NI-EES,BALANCE SHEET,HMRC,22221800,"30,604.21 ",,475PF004482461901
Department of Health,NHS NE Hampshire & Farnham CCG,5/31/2018,C&M-GMS Cost of Drugs -Dispensing,LOCAL ENHANCED SERVICES,HOLLY TREE SURGERY,22227802,"(26,322.68)",,SY000032949
Department of Health,NHS NE Hampshire & Farnham CCG,5/31/2018,C&M-GMS PrscChrgsCll&RmttdbyGPCntra,PRC DELEGATED CO-COMMISSIONING,HOLLY TREE SURGERY,22227802,"(2,407.80)",,SY000032949
Department of Health,NHS NE Hampshire & Farnham CCG,5/31/2018,C&M-GMS Cost of Drugs -Dispensing,LOCAL ENHANCED SERVICES,HOLLY TREE SURGERY,22227803,"49,002.63 ",,SY000032950
Department of Health,NHS NE Hampshire & Farnham CCG,5/31/2018,C&M-GMS Prof Fees Dispensing,PRC DELEGATED CO-COMMISSIONING,HOLLY TREE SURGERY,22227803,"8,522.15 ",,SY000032950
Department of Health,NHS NE Hampshire & Farnham CCG,5/31/2018,C&M-GMS PrscrptnChrgsColl&RmttdbyGP,LOCAL ENHANCED SERVICES,HOLLY TREE SURGERY,22227803,"2,407.80 ",,SY000032950
Department of Health,NHS NE Hampshire & Farnham CCG,5/31/2018,Cont Care- Adult 100% Fully Funded,CHC ADULT FULLY FUNDED,NHS WEST HAMPSHIRE CCG,22239791,"1,165,380.00 ",,7028603031
Department of Health,NHS NE Hampshire & Farnham CCG,5/31/2018,Clinical&Medical-Othe Public Sector,GENERAL RESERVE - PROGRAMME,NHS GUILDFORD AND WAVERLEY CCG,22246458,"30,904.00 ",,7026301029
Department of Health,NHS NE Hampshire & Farnham CCG,5/31/2018,Healthcare Srv Rec CCG,GENERAL RESERVE - PROGRAMME,NHS GUILDFORD AND WAVERLEY CCG,22246458,"59,316.00 ",,7026301029
Department of Health,NHS NE Hampshire & Farnham CCG,5/31/2018,C&M-PMS Out of Hours Opt Outs,PRC DELEGATED CO-COMMISSIONING,DOWNING STREET GROUP PRACTICE,22291998,"(4,329.21)",,SY000033092
Department of Health,NHS NE Hampshire & Farnham CCG,5/31/2018,ME - PMS GP Prior Year ERs,PRC DELEGATED CO-COMMISSIONING,DOWNING STREET GROUP PRACTICE,22291998,"(9,212.48)",,SY000033092
Department of Health,NHS NE Hampshire & Farnham CCG,5/31/2018,ME - PMS TPS Added Years Adj EEs,PRC DELEGATED CO-COMMISSIONING,DOWNING STREET GROUP PRACTICE,22291998,(343.55),,SY000033092
Department of Health,NHS NE Hampshire & Farnham CCG,5/31/2018,ME-PMS GP Pension EEs-PMS,PRC DELEGATED CO-COMMISSIONING,DOWNING STREET GROUP PRACTICE,22291998,"(6,414.49)",,SY000033092
Department of Health,NHS NE Hampshire & Farnham CCG,5/31/2018,ME-PMS GP Pension ERs Adjs - PMS,PRC DELEGATED CO-COMMISSIONING,DOWNING STREET GROUP PRACTICE,22291998,"(6,922.46)",,SY000033092
Department of Health,NHS NE Hampshire & Farnham CCG,5/31/2018,ME-PMS GP Prior Year EEs,PRC DELEGATED CO-COMMISSIONING,DOWNING STREET GROUP PRACTICE,22291998,"(8,648.72)",,SY000033092
Department of Health,NHS NE Hampshire & Farnham CCG,5/31/2018,C&M-PMS Contract Value,PRC DELEGATED CO-COMMISSIONING,DOWNING STREET GROUP PRACTICE,22292009,"88,821.29 ",,SY000033093
Department of Health,NHS NE Hampshire & Farnham CCG,5/31/2018,C&M-PMS DES Minor Surgery,PRC DELEGATED CO-COMMISSIONING,DOWNING STREET GROUP PRACTICE,22292009,761.42 ,,SY000033093
Department of Health,NHS NE Hampshire & Farnham CCG,5/31/2018,C&M-PMS Funding Differential Review,PRC DELEGATED CO-COMMISSIONING,DOWNING STREET GROUP PRACTICE,22292009,"2,450.92 ",,SY000033093
Department of Health,NHS NE Hampshire & Farnham CCG,5/31/2018,C&M-PMS PCO Locum Adop/Pat/Mat,PRC DELEGATED CO-COMMISSIONING,DOWNING STREET GROUP PRACTICE,22292009,"6,854.82 ",,SY000033093
Department of Health,NHS NE Hampshire & Farnham CCG,5/31/2018,C&M-PMS Prem Actual Rent,PRC DELEGATED CO-COMMISSIONING,DOWNING STREET GROUP PRACTICE,22292009,"10,524.33 ",,SY000033093
Department of Health,NHS NE Hampshire & Farnham CCG,5/31/2018,C&M-PMS Prem Rates,PRC DELEGATED CO-COMMISSIONING,DOWNING STREET GROUP PRACTICE,22292009,"2,479.08 ",,SY000033093
Department of Health,NHS NE Hampshire & Farnham CCG,5/31/2018,C&M-PMS QOF Aspiration,PRC DELEGATED CO-COMMISSIONING,DOWNING STREET GROUP PRACTICE,22292009,"8,770.51 ",,SY000033093
Department of Health,NHS NE Hampshire & Farnham CCG,5/31/2018,ME - PMS GP Prior Year ERs,PRC DELEGATED CO-COMMISSIONING,DOWNING STREET GROUP PRACTICE,22292009,938.60 ,,SY000033093
Department of Health,NHS NE Hampshire & Farnham CCG,5/31/2018,ME-PMS GP Prior Year EEs,PRC DELEGATED CO-COMMISSIONING,DOWNING STREET GROUP PRACTICE,22292009,886.09 ,,SY000033093
Department of Health,NHS NE Hampshire & Farnham CCG,5/31/2018,C&M-GMS DES Minor Surgery,PRC DELEGATED CO-COMMISSIONING,FARNHAM DENE MEDICAL PRACTICE,22292015,"1,435.33 ",,SY000033095
Department of Health,NHS NE Hampshire & Farnham CCG,5/31/2018,C&M-GMS Global Sum,PRC DELEGATED CO-COMMISSIONING,FARNHAM DENE MEDICAL PRACTICE,22292015,"79,733.71 ",,SY000033095
Department of Health,NHS NE Hampshire & Farnham CCG,5/31/2018,C&M-GMS MPIG Correction Factor,PRC DELEGATED CO-COMMISSIONING,FARNHAM DENE MEDICAL PRACTICE,22292015,760.20 ,,SY000033095
Department of Health,NHS NE Hampshire & Farnham CCG,5/31/2018,C&M-GMS Prem Actual Rent,PRC DELEGATED CO-COMMISSIONING,FARNHAM DENE MEDICAL PRACTICE,22292015,"16,148.75 ",,SY000033095
Department of Health,NHS NE Hampshire & Farnham CCG,5/31/2018,C&M-GMS Prem Rates,PRC DELEGATED CO-COMMISSIONING,FARNHAM DENE MEDICAL PRACTICE,22292015,"1,093.35 ",,SY000033095
Department of Health,NHS NE Hampshire & Farnham CCG,5/31/2018,C&M-GMS QOF Aspiration,PRC DELEGATED CO-COMMISSIONING,FARNHAM DENE MEDICAL PRACTICE,22292015,"7,291.26 ",,SY000033095
Department of Health,NHS NE Hampshire & Farnham CCG,5/31/2018,C&M-GMS DES Minor Surgery,PRC DELEGATED CO-COMMISSIONING,FERNS MEDICAL PRACTICE,22292019,581.92 ,,SY000033097
Department of Health,NHS NE Hampshire & Farnham CCG,5/31/2018,C&M-GMS Global Sum,PRC DELEGATED CO-COMMISSIONING,FERNS MEDICAL PRACTICE,22292019,"72,796.36 ",,SY000033097
Department of Health,NHS NE Hampshire & Farnham CCG,5/31/2018,C&M-GMS MPIG Correction Factor,PRC DELEGATED CO-COMMISSIONING,FERNS MEDICAL PRACTICE,22292019,"1,224.94 ",,SY000033097
Department of Health,NHS NE Hampshire & Farnham CCG,5/31/2018,C&M-GMS Prem Actual Rent,PRC DELEGATED CO-COMMISSIONING,FERNS MEDICAL PRACTICE,22292019,"16,002.17 ",,SY000033097
Department of Health,NHS NE Hampshire & Farnham CCG,5/31/2018,C&M-GMS Prem Rates,PRC DELEGATED CO-COMMISSIONING,FERNS MEDICAL PRACTICE,22292019,"7,381.03 ",,SY000033097
Department of Health,NHS NE Hampshire & Farnham CCG,5/31/2018,C&M-GMS QOF Aspiration,PRC DELEGATED CO-COMMISSIONING,FERNS MEDICAL PRACTICE,22292019,"7,030.16 ",,SY000033097
Department of Health,NHS NE Hampshire & Farnham CCG,5/31/2018,C&M-GMS DES Learn Dsblty Hlth Chk,PRC DELEGATED CO-COMMISSIONING,ODONNELL H & PARTNERS,22292022,980.00 ,,SY000033099
Department of Health,NHS NE Hampshire & Farnham CCG,5/31/2018,C&M-GMS DES Minor Surgery,PRC DELEGATED CO-COMMISSIONING,ODONNELL H & PARTNERS,22292022,514.08 ,,SY000033099
Department of Health,NHS NE Hampshire & Farnham CCG,5/31/2018,C&M-GMS Global Sum,PRC DELEGATED CO-COMMISSIONING,ODONNELL H & PARTNERS,22292022,"48,103.40 ",,SY000033099
Department of Health,NHS NE Hampshire & Farnham CCG,5/31/2018,C&M-GMS Prem Actual Rent,PRC DELEGATED CO-COMMISSIONING,ODONNELL H & PARTNERS,22292022,"9,344.42 ",,SY000033099
Department of Health,NHS NE Hampshire & Farnham CCG,5/31/2018,C&M-GMS QOF Aspiration,PRC DELEGATED CO-COMMISSIONING,ODONNELL H & PARTNERS,22292022,"4,957.36 ",,SY000033099
Department of Health,NHS NE Hampshire & Farnham CCG,5/31/2018,C&M-GMS DES Learn Dsblty Hlth Chk,PRC DELEGATED CO-COMMISSIONING,HOLLY TREE SURGERY,22292026,280.00 ,,SY000033101
Department of Health,NHS NE Hampshire & Farnham CCG,5/31/2018,C&M-GMS DES Minor Surgery,PRC DELEGATED CO-COMMISSIONING,HOLLY TREE SURGERY,22292026,504.33 ,,SY000033101
Department of Health,NHS NE Hampshire & Farnham CCG,5/31/2018,C&M-GMS Global Sum,PRC DELEGATED CO-COMMISSIONING,HOLLY TREE SURGERY,22292026,"40,737.67 ",,SY000033101
Department of Health,NHS NE Hampshire & Farnham CCG,5/31/2018,C&M-GMS MPIG Correction Factor,PRC DELEGATED CO-COMMISSIONING,HOLLY TREE SURGERY,22292026,919.93 ,,SY000033101
Department of Health,NHS NE Hampshire & Farnham CCG,5/31/2018,C&M-GMS Prem Notional Rent,PRC DELEGATED CO-COMMISSIONING,HOLLY TREE SURGERY,22292026,"4,062.50 ",,SY000033101
Department of Health,NHS NE Hampshire & Farnham CCG,5/31/2018,C&M-GMS QOF Aspiration,PRC DELEGATED CO-COMMISSIONING,HOLLY TREE SURGERY,22292026,"3,807.57 ",,SY000033101
Department of Health,NHS NE Hampshire & Farnham CCG,5/31/2018,C&M-GMS DES Minor Surgery,PRC DELEGATED CO-COMMISSIONING,CRONDALL NEW SURGERY,22293455,333.33 ,,SO000061275
Department of Health,NHS NE Hampshire & Farnham CCG,5/31/2018,C&M-GMS Global Sum,PRC DELEGATED CO-COMMISSIONING,CRONDALL NEW SURGERY,22293455,"33,485.75 ",,SO000061275
Department of Health,NHS NE Hampshire & Farnham CCG,5/31/2018,C&M-GMS MPIG Correction Factor,PRC DELEGATED CO-COMMISSIONING,CRONDALL NEW SURGERY,22293455,"1,020.80 ",,SO000061275
Department of Health,NHS NE Hampshire & Farnham CCG,5/31/2018,C&M-GMS Prem Notional Rent,PRC DELEGATED CO-COMMISSIONING,CRONDALL NEW SURGERY,22293455,"4,583.33 ",,SO000061275
Department of Health,NHS NE Hampshire & Farnham CCG,5/31/2018,C&M-GMS Prem Rates,PRC DELEGATED CO-COMMISSIONING,CRONDALL NEW SURGERY,22293455,714.17 ,,SO000061275
Department of Health,NHS NE Hampshire & Farnham CCG,5/31/2018,C&M-GMS QOF Aspiration,PRC DELEGATED CO-COMMISSIONING,CRONDALL NEW SURGERY,22293455,"4,002.93 ",,SO000061275
Department of Health,NHS NE Hampshire & Farnham CCG,5/31/2018,C&M-GMS DES Learn Dsblty Hlth Chk,PRC DELEGATED CO-COMMISSIONING,FLEET MEDICAL CENTRE,22293457,560.00 ,,SO000061277
Department of Health,NHS NE Hampshire & Farnham CCG,5/31/2018,C&M-GMS DES Minor Surgery,PRC DELEGATED CO-COMMISSIONING,FLEET MEDICAL CENTRE,22293457,"1,458.33 ",,SO000061277
Department of Health,NHS NE Hampshire & Farnham CCG,5/31/2018,C&M-GMS Global Sum,PRC DELEGATED CO-COMMISSIONING,FLEET MEDICAL CENTRE,22293457,"88,725.30 ",,SO000061277
Department of Health,NHS NE Hampshire & Farnham CCG,5/31/2018,C&M-GMS MPIG Correction Factor,PRC DELEGATED CO-COMMISSIONING,FLEET MEDICAL CENTRE,22293457,"3,323.84 ",,SO000061277
Department of Health,NHS NE Hampshire & Farnham CCG,5/31/2018,C&M-GMS Prem Actual Rent,PRC DELEGATED CO-COMMISSIONING,FLEET MEDICAL CENTRE,22293457,"15,962.50 ",,SO000061277
Department of Health,NHS NE Hampshire & Farnham CCG,5/31/2018,C&M-GMS Prem Improvement Grant,PRC DELEGATED CO-COMMISSIONING,FLEET MEDICAL CENTRE,22293457,"19,452.95 ",,SO000061277
Department of Health,NHS NE Hampshire & Farnham CCG,5/31/2018,C&M-GMS Prem Rates,PRC DELEGATED CO-COMMISSIONING,FLEET MEDICAL CENTRE,22293457,"4,710.25 ",,SO000061277
Department of Health,NHS NE Hampshire & Farnham CCG,5/31/2018,C&M-GMS QOF Aspiration,PRC DELEGATED CO-COMMISSIONING,FLEET MEDICAL CENTRE,22293457,"9,101.36 ",,SO000061277
Department of Health,NHS NE Hampshire & Farnham CCG,5/31/2018,C&M-GMS DES Minor Surgery,PRC DELEGATED CO-COMMISSIONING,GIFFARD DRIVE SURGERY,22293459,"1,125.00 ",,SO000061279
Department of Health,NHS NE Hampshire & Farnham CCG,5/31/2018,C&M-GMS Global Sum,PRC DELEGATED CO-COMMISSIONING,GIFFARD DRIVE SURGERY,22293459,"57,795.28 ",,SO000061279
Department of Health,NHS NE Hampshire & Farnham CCG,5/31/2018,C&M-GMS MPIG Correction Factor,PRC DELEGATED CO-COMMISSIONING,GIFFARD DRIVE SURGERY,22293459,"1,225.42 ",,SO000061279
Department of Health,NHS NE Hampshire & Farnham CCG,5/31/2018,C&M-GMS Prem Notional Rent,PRC DELEGATED CO-COMMISSIONING,GIFFARD DRIVE SURGERY,22293459,"4,100.00 ",,SO000061279
Department of Health,NHS NE Hampshire & Farnham CCG,5/31/2018,C&M-GMS QOF Aspiration,PRC DELEGATED CO-COMMISSIONING,GIFFARD DRIVE SURGERY,22293459,"6,510.45 ",,SO000061279
Department of Health,NHS NE Hampshire & Farnham CCG,5/31/2018,ME - GMS GP Prior Year ERs,PRC DELEGATED CO-COMMISSIONING,GIFFARD DRIVE SURGERY,22293459,461.62 ,,SO000061279
Department of Health,NHS NE Hampshire & Farnham CCG,5/31/2018,ME-GMS GP Prior Year EEs,PRC DELEGATED CO-COMMISSIONING,GIFFARD DRIVE SURGERY,22293459,300.26 ,,SO000061279
Department of Health,NHS NE Hampshire & Farnham CCG,5/31/2018,C&M-GMS GP Statutory Levy,PRC DELEGATED CO-COMMISSIONING,HARTLEY CORNER MEDICAL PARTNERSHIP,22293460,"(10,303.76)",,SO000061280
Department of Health,NHS NE Hampshire & Farnham CCG,5/31/2018,ME - GMS TPS Added Years Adj EEs,PRC DELEGATED CO-COMMISSIONING,HARTLEY CORNER MEDICAL PARTNERSHIP,22293460,(580.41),,SO000061280
Department of Health,NHS NE Hampshire & Farnham CCG,5/31/2018,ME-GMS GP Pension EEs,PRC DELEGATED CO-COMMISSIONING,HARTLEY CORNER MEDICAL PARTNERSHIP,22293460,"(15,596.59)",,SO000061280
Department of Health,NHS NE Hampshire & Farnham CCG,5/31/2018,ME-GMS GP Pension ERs Adjustments,PRC DELEGATED CO-COMMISSIONING,HARTLEY CORNER MEDICAL PARTNERSHIP,22293460,"(16,502.17)",,SO000061280
Department of Health,NHS NE Hampshire & Farnham CCG,5/31/2018,C&M-GMS DES Learn Dsblty Hlth Chk,PRC DELEGATED CO-COMMISSIONING,HARTLEY CORNER MEDICAL PARTNERSHIP,22293461,"3,920.00 ",,SO000061281
Department of Health,NHS NE Hampshire & Farnham CCG,5/31/2018,C&M-GMS DES Minor Surgery,PRC DELEGATED CO-COMMISSIONING,HARTLEY CORNER MEDICAL PARTNERSHIP,22293461,"1,958.33 ",,SO000061281
Department of Health,NHS NE Hampshire & Farnham CCG,5/31/2018,C&M-GMS Global Sum,PRC DELEGATED CO-COMMISSIONING,HARTLEY CORNER MEDICAL PARTNERSHIP,22293461,"144,369.85 ",,SO000061281
Department of Health,NHS NE Hampshire & Farnham CCG,5/31/2018,C&M-GMS MPIG Correction Factor,PRC DELEGATED CO-COMMISSIONING,HARTLEY CORNER MEDICAL PARTNERSHIP,22293461,"5,289.02 ",,SO000061281
Department of Health,NHS NE Hampshire & Farnham CCG,5/31/2018,C&M-GMS PCO Doctors Ret Scheme,PRC DELEGATED CO-COMMISSIONING,HARTLEY CORNER MEDICAL PARTNERSHIP,22293461,"1,076.88 ",,SO000061281
Department of Health,NHS NE Hampshire & Farnham CCG,5/31/2018,C&M-GMS Prem Actual Rent,PRC DELEGATED CO-COMMISSIONING,HARTLEY CORNER MEDICAL PARTNERSHIP,22293461,"8,244.67 ",,SO000061281
Department of Health,NHS NE Hampshire & Farnham CCG,5/31/2018,C&M-GMS Prem Notional Rent,PRC DELEGATED CO-COMMISSIONING,HARTLEY CORNER MEDICAL PARTNERSHIP,22293461,"6,591.67 ",,SO000061281
Department of Health,NHS NE Hampshire & Farnham CCG,5/31/2018,C&M-GMS QOF Aspiration,PRC DELEGATED CO-COMMISSIONING,HARTLEY CORNER MEDICAL PARTNERSHIP,22293461,"15,924.53 ",,SO000061281
Department of Health,NHS NE Hampshire & Farnham CCG,5/31/2018,C&M-GMS DES Minor Surgery,PRC DELEGATED CO-COMMISSIONING,JENNER HOUSE SURGERY,22293463,963.58 ,,SO000061283
Department of Health,NHS NE Hampshire & Farnham CCG,5/31/2018,C&M-GMS Global Sum,PRC DELEGATED CO-COMMISSIONING,JENNER HOUSE SURGERY,22293463,"54,453.78 ",,SO000061283
Department of Health,NHS NE Hampshire & Farnham CCG,5/31/2018,C&M-GMS MPIG Correction Factor,PRC DELEGATED CO-COMMISSIONING,JENNER HOUSE SURGERY,22293463,"2,949.04 ",,SO000061283
Department of Health,NHS NE Hampshire & Farnham CCG,5/31/2018,C&M-GMS Prem Notional Rent,PRC DELEGATED CO-COMMISSIONING,JENNER HOUSE SURGERY,22293463,"5,750.00 ",,SO000061283
Department of Health,NHS NE Hampshire & Farnham CCG,5/31/2018,C&M-GMS QOF Aspiration,PRC DELEGATED CO-COMMISSIONING,JENNER HOUSE SURGERY,22293463,"5,892.45 ",,SO000061283
Department of Health,NHS NE Hampshire & Farnham CCG,5/31/2018,C&M-GMS DES Minor Surgery,PRC DELEGATED CO-COMMISSIONING,MAYFIELD MEDICAL CENTRE FARNBOROUGH,22293465,750.00 ,,SO000061285
Department of Health,NHS NE Hampshire & Farnham CCG,5/31/2018,C&M-GMS Global Sum,PRC DELEGATED CO-COMMISSIONING,MAYFIELD MEDICAL CENTRE FARNBOROUGH,22293465,"60,239.67 ",,SO000061285
Department of Health,NHS NE Hampshire & Farnham CCG,5/31/2018,C&M-GMS MPIG Correction Factor,PRC DELEGATED CO-COMMISSIONING,MAYFIELD MEDICAL CENTRE FARNBOROUGH,22293465,973.50 ,,SO000061285
Department of Health,NHS NE Hampshire & Farnham CCG,5/31/2018,C&M-GMS PCO Doctors Ret Scheme,PRC DELEGATED CO-COMMISSIONING,MAYFIELD MEDICAL CENTRE FARNBOROUGH,22293465,"3,922.92 ",,SO000061285
Department of Health,NHS NE Hampshire & Farnham CCG,5/31/2018,C&M-GMS Prem Actual Rent,PRC DELEGATED CO-COMMISSIONING,MAYFIELD MEDICAL CENTRE FARNBOROUGH,22293465,"11,057.08 ",,SO000061285
Department of Health,NHS NE Hampshire & Farnham CCG,5/31/2018,C&M-GMS QOF Aspiration,PRC DELEGATED CO-COMMISSIONING,MAYFIELD MEDICAL CENTRE FARNBOROUGH,22293465,"6,412.69 ",,SO000061285
Department of Health,NHS NE Hampshire & Farnham CCG,5/31/2018,C&M-GMS DES Learn Dsblty Hlth Chk,PRC DELEGATED CO-COMMISSIONING,MILESTONE SURGERY,22293467,"3,220.00 ",,SO000061287
Department of Health,NHS NE Hampshire & Farnham CCG,5/31/2018,C&M-GMS DES Minor Surgery,PRC DELEGATED CO-COMMISSIONING,MILESTONE SURGERY,22293467,479.17 ,,SO000061287
Department of Health,NHS NE Hampshire & Farnham CCG,5/31/2018,C&M-GMS Global Sum,PRC DELEGATED CO-COMMISSIONING,MILESTONE SURGERY,22293467,"75,046.17 ",,SO000061287
Department of Health,NHS NE Hampshire & Farnham CCG,5/31/2018,C&M-GMS MPIG Correction Factor,PRC DELEGATED CO-COMMISSIONING,MILESTONE SURGERY,22293467,807.87 ,,SO000061287
Department of Health,NHS NE Hampshire & Farnham CCG,5/31/2018,C&M-GMS Prem Notional Rent,PRC DELEGATED CO-COMMISSIONING,MILESTONE SURGERY,22293467,"4,829.17 ",,SO000061287
Department of Health,NHS NE Hampshire & Farnham CCG,5/31/2018,C&M-GMS Prem Rates,PRC DELEGATED CO-COMMISSIONING,MILESTONE SURGERY,22293467,714.17 ,,SO000061287
Department of Health,NHS NE Hampshire & Farnham CCG,5/31/2018,C&M-GMS QOF Aspiration,PRC DELEGATED CO-COMMISSIONING,MILESTONE SURGERY,22293467,"7,799.92 ",,SO000061287
Department of Health,NHS NE Hampshire & Farnham CCG,5/31/2018,C&M-GMS Global Sum,PRC DELEGATED CO-COMMISSIONING,MONTEAGLE SURGERY,22293468,"35,008.87 ",,SO000061288
Department of Health,NHS NE Hampshire & Farnham CCG,5/31/2018,C&M-GMS MPIG Correction Factor,PRC DELEGATED CO-COMMISSIONING,MONTEAGLE SURGERY,22293468,"1,786.85 ",,SO000061288
Department of Health,NHS NE Hampshire & Farnham CCG,5/31/2018,C&M-GMS QOF Aspiration,PRC DELEGATED CO-COMMISSIONING,MONTEAGLE SURGERY,22293468,"3,544.79 ",,SO000061288
Department of Health,NHS NE Hampshire & Farnham CCG,5/31/2018,C&M-GMS DES Minor Surgery,PRC DELEGATED CO-COMMISSIONING,SOUTHLEA GROUP PRACTICE,22293470,"3,558.67 ",,SO000061290
Department of Health,NHS NE Hampshire & Farnham CCG,5/31/2018,C&M-GMS Global Sum,PRC DELEGATED CO-COMMISSIONING,SOUTHLEA GROUP PRACTICE,22293470,"98,512.56 ",,SO000061290
Department of Health,NHS NE Hampshire & Farnham CCG,5/31/2018,C&M-GMS MPIG Correction Factor,PRC DELEGATED CO-COMMISSIONING,SOUTHLEA GROUP PRACTICE,22293470,"6,100.23 ",,SO000061290
Department of Health,NHS NE Hampshire & Farnham CCG,5/31/2018,C&M-GMS Prem Actual Rent,PRC DELEGATED CO-COMMISSIONING,SOUTHLEA GROUP PRACTICE,22293470,"31,343.67 ",,SO000061290
Department of Health,NHS NE Hampshire & Farnham CCG,5/31/2018,C&M-GMS Prem Notional Rent,PRC DELEGATED CO-COMMISSIONING,SOUTHLEA GROUP PRACTICE,22293470,"4,035.42 ",,SO000061290
Department of Health,NHS NE Hampshire & Farnham CCG,5/31/2018,C&M-GMS QOF Aspiration,PRC DELEGATED CO-COMMISSIONING,SOUTHLEA GROUP PRACTICE,22293470,"11,058.50 ",,SO000061290
Department of Health,NHS NE Hampshire & Farnham CCG,5/31/2018,C&M-GMS DES Minor Surgery,PRC DELEGATED CO-COMMISSIONING,WELLINGTON PRACTICE,22293472,175.00 ,,SO000061292
Department of Health,NHS NE Hampshire & Farnham CCG,5/31/2018,C&M-GMS Global Sum,PRC DELEGATED CO-COMMISSIONING,WELLINGTON PRACTICE,22293472,"24,885.80 ",,SO000061292
Department of Health,NHS NE Hampshire & Farnham CCG,5/31/2018,C&M-GMS MPIG Correction Factor,PRC DELEGATED CO-COMMISSIONING,WELLINGTON PRACTICE,22293472,770.70 ,,SO000061292
Department of Health,NHS NE Hampshire & Farnham CCG,5/31/2018,C&M-GMS Prem Actual Rent,PRC DELEGATED CO-COMMISSIONING,WELLINGTON PRACTICE,22293472,"8,676.58 ",,SO000061292
Department of Health,NHS NE Hampshire & Farnham CCG,5/31/2018,C&M-GMS QOF Aspiration,PRC DELEGATED CO-COMMISSIONING,WELLINGTON PRACTICE,22293472,"2,778.02 ",,SO000061292
Department of Health,NHS NE Hampshire & Farnham CCG,5/31/2018,Healthcare Srv Rec CCG,CONTINUING HEALTHCARE ASSESSMENT & SUPPORT,NHS WEST HAMPSHIRE CCG,22332105,"39,609.00 ",,7028602843
Department of Health,NHS NE Hampshire & Farnham CCG,5/31/2018,Healthcare Srv Rec CCG,CHC ADULT FULLY FUNDED,NHS WEST HAMPSHIRE CCG,22332118,"62,992.00 ",,7028602898
Department of Health,NHS NE Hampshire & Farnham CCG,5/31/2018,Healthcare Srv Rec CCG,SAFEGUARDING,NHS WEST HAMPSHIRE CCG,22332118,"13,475.00 ",,7028602898
Department of Health,NHS NE Hampshire & Farnham CCG,5/31/2018,Clinical&Medical-Othe Public Sector,SAFEGUARDING,HAMPSHIRE COUNTY COUNCIL,22350385,"51,000.00 ",GB189406822,3610984653
Department of Health,NHS NE Hampshire & Farnham CCG,5/31/2018,Clinical&Medical-Independent Sector,IMPROVING ACCESS TO PSYCHOLOGICAL THERAPIES,NORTH HAMPSHIRE URGENT CARE,22350407,"58,552.08 ",,2282
Department of Health,NHS NE Hampshire & Farnham CCG,5/31/2018,Clinical&Medical-Independent Sector,IMPROVING ACCESS TO PSYCHOLOGICAL THERAPIES,NORTH HAMPSHIRE URGENT CARE,22350415,"58,552.08 ",,2281
Department of Health,NHS NE Hampshire & Farnham CCG,5/31/2018,C&M-GMS Cost of Drugs -Dispensing,LOCAL ENHANCED SERVICES,CRONDALL NEW SURGERY,22364065,"31,037.07 ",,SO000061661
Department of Health,NHS NE Hampshire & Farnham CCG,5/31/2018,C&M-GMS Prof Fees Dispensing,PRC DELEGATED CO-COMMISSIONING,CRONDALL NEW SURGERY,22364065,"8,503.98 ",,SO000061661
Department of Health,NHS NE Hampshire & Farnham CCG,5/31/2018,C&M-GMS PrscrptnChrgsColl&RmttdbyGP,LOCAL ENHANCED SERVICES,CRONDALL NEW SURGERY,22364065,"1,634.00 ",,SO000061661
Department of Health,NHS NE Hampshire & Farnham CCG,5/31/2018,Clinical&Medical-Independent Sector,GENERAL RESERVE - PROGRAMME,NHS GUILDFORD AND WAVERLEY CCG,22384848,"(11,276.00)",,7026301024
Department of Health,NHS NE Hampshire & Farnham CCG,5/31/2018,Clinical&Medical-Othe Public Sector,GENERAL RESERVE - PROGRAMME,NHS GUILDFORD AND WAVERLEY CCG,22384848,"66,875.00 ",,7026301024
Department of Health,NHS NE Hampshire & Farnham CCG,5/31/2018,Clinical&Medical-Voluntary Sector,GENERAL RESERVE - PROGRAMME,NHS GUILDFORD AND WAVERLEY CCG,22384848,"51,236.00 ",,7026301024
Department of Health,NHS NE Hampshire & Farnham CCG,5/31/2018,Hlthcre-Foundation Trsts,ACUTE COMMISSIONING,FRIMLEY HEALTH NHS FOUNDATION TRUST,22384873,"499,507.88 ",654922028,N0098865
Department of Health,NHS NE Hampshire & Farnham CCG,5/31/2018,Clinical&Medical-Independent Sector,COMMISSIONING SCHEMES,INSIDEVUE LTD,22407952,"33,236.32 ",,INV0236
Department of Health,NHS NE Hampshire & Farnham CCG,5/31/2018,Hlthcre-Foundation Trsts,ACUTE COMMISSIONING,FRIMLEY HEALTH NHS FOUNDATION TRUST,22407965,"10,917,057.33 ",654922028,N0098860
Department of Health,NHS NE Hampshire & Farnham CCG,5/31/2018,C&M-GP PRACTICE REVENUE - PCTF,GENERAL RESERVE - PROGRAMME,OAKLEY HEALTH GROUP,22407984,"56,097.96 ",,SERVICESEPT17DEC17
Department of Health,NHS NE Hampshire & Farnham CCG,5/31/2018,Clinical&Medical-Independent Sector,PCTF Revenue,SALUS MEDICAL SERVICES,22444186,"66,818.78 ",,1256
Department of Health,NHS NE Hampshire & Farnham CCG,5/31/2018,External Consultancy Fees,EXCEPTIONS & PRIOR APPROVALS,CENIGMA,22448772,"41,425.73 ",247396571,NF1802
,,,,,,,,,
