A3131 - Expenditure Over Threshold,,,,,,,,,
,,,,,,,,,
,,,,,,,,,
,,,,,,,,,
,,,,,,,,,
Department family,Entity,Date,Expense Type,Expense area,Supplier,Transaction number,AP Amount (�),VAT registration number,Purchase invoice number
Department of Health,NHS Wyre Forest CCG,30/09/2018,Hcare Srv Rec Fdtn Trust-Contract Baseline,ACUTE COMMISSIONING,UNIVERSITY HOSPITALS BIRMINGHAM NHS FOUNDATION TRUST,23710572,"152,472.00 ",GB654912816,OPU013729
Department of Health,NHS Wyre Forest CCG,30/09/2018,Clinical&Medical-Independent Sector,ACUTE COMMISSIONING,WEST MIDLANDS HOSPITAL,23791533,"29,621.85 ",,WMHWF0918
Department of Health,NHS Wyre Forest CCG,30/09/2018,Hcare Srv Rec Fdtn Trust-Contract Baseline,ACUTE COMMISSIONING,BIRMINGHAM WOMENS AND CHILDRENS NHS FOUNDATION TRUST,23791542,"38,181.42 ",,15704712
Department of Health,NHS Wyre Forest CCG,30/09/2018,Clinical&Medical-Clinical Other,MENTAL HEALTH SERVICES - ADULTS,WORCESTERSHIRE COUNTY COUNCIL,23796077,"8,393.00 ",705672142,100828-04-SEP-2018
Department of Health,NHS Wyre Forest CCG,30/09/2018,Clinical&Medical-Independent Sector,COMMISSIONING - NON ACUTE,WORCESTERSHIRE COUNTY COUNCIL,23796077,"13,271.00 ",705672142,100828-04-SEP-2018
Department of Health,NHS Wyre Forest CCG,30/09/2018,Clinical&Medical-Independent Sector,COMMUNITY SERVICES,WORCESTERSHIRE COUNTY COUNCIL,23796077,"91,106.00 ",705672142,100828-04-SEP-2018
Department of Health,NHS Wyre Forest CCG,30/09/2018,Clinical&Medical-Independent Sector,LEARNING DIFFICULTIES,WORCESTERSHIRE COUNTY COUNCIL,23796077,"13,806.00 ",705672142,100828-04-SEP-2018
Department of Health,NHS Wyre Forest CCG,30/09/2018,Clinical&Medical-Othe Public Sector,CHILD AND ADOLESCENT MENTAL HEALTH,WORCESTERSHIRE COUNTY COUNCIL,23796077,"1,392.00 ",705672142,100828-04-SEP-2018
Department of Health,NHS Wyre Forest CCG,30/09/2018,Clinical&Medical-Othe Public Sector,COMMISSIONING - NON ACUTE,WORCESTERSHIRE COUNTY COUNCIL,23796077,"3,033.00 ",705672142,100828-04-SEP-2018
Department of Health,NHS Wyre Forest CCG,30/09/2018,Clinical&Medical-Othe Public Sector,COMMUNITY SERVICES,WORCESTERSHIRE COUNTY COUNCIL,23796077,"85,854.00 ",705672142,100828-04-SEP-2018
Department of Health,NHS Wyre Forest CCG,30/09/2018,Clinical&Medical-Othe Public Sector,LEARNING DIFFICULTIES,WORCESTERSHIRE COUNTY COUNCIL,23796077,"22,480.00 ",705672142,100828-04-SEP-2018
Department of Health,NHS Wyre Forest CCG,30/09/2018,Clinical&Medical-Othe Public Sector,Mental Health Services - S117 Mental Health,WORCESTERSHIRE COUNTY COUNCIL,23796077,"67,414.00 ",705672142,100828-04-SEP-2018
Department of Health,NHS Wyre Forest CCG,30/09/2018,Clinical&Medical-Serv Recd-NHS Trst,COMMUNITY SERVICES,WORCESTERSHIRE COUNTY COUNCIL,23796077,"12,357.00 ",705672142,100828-04-SEP-2018
Department of Health,NHS Wyre Forest CCG,30/09/2018,Clinical&Medical-Voluntary Sector,COMMISSIONING - NON ACUTE,WORCESTERSHIRE COUNTY COUNCIL,23796077,"1,241.00 ",705672142,100828-04-SEP-2018
Department of Health,NHS Wyre Forest CCG,30/09/2018,Cont Care-Funded Nursing Care Allow,FUNDED NURSING CARE,WORCESTERSHIRE COUNTY COUNCIL,23796077,"204,436.00 ",705672142,100828-04-SEP-2018
Department of Health,NHS Wyre Forest CCG,30/09/2018,Cont Care-NHS Trust-Children,Children's Continuing Care,WORCESTERSHIRE COUNTY COUNCIL,23796077,"8,207.00 ",705672142,100828-04-SEP-2018
Department of Health,NHS Wyre Forest CCG,30/09/2018,Hcare Srv Rec NHS Trust,CHILD AND ADOLESCENT MENTAL HEALTH,WORCESTERSHIRE COUNTY COUNCIL,23796077,"96,003.00 ",705672142,100828-04-SEP-2018
Department of Health,NHS Wyre Forest CCG,30/09/2018,Hcare Srv Rec NHS Trust,CHILDREN SERVICES,WORCESTERSHIRE COUNTY COUNCIL,23796077,"151,188.00 ",705672142,100828-04-SEP-2018
Department of Health,NHS Wyre Forest CCG,30/09/2018,Hcare Srv Rec NHS Trust,COMMUNITY SERVICES,WORCESTERSHIRE COUNTY COUNCIL,23796077,"15,176.00 ",705672142,100828-04-SEP-2018
Department of Health,NHS Wyre Forest CCG,30/09/2018,Hcare Srv Rec NHS Trust,LEARNING DIFFICULTIES,WORCESTERSHIRE COUNTY COUNCIL,23796077,"62,000.00 ",705672142,100828-04-SEP-2018
Department of Health,NHS Wyre Forest CCG,30/09/2018,Hcare Srv Rec NHS Trust,MENTAL HEALTH SERVICES - ADULTS,WORCESTERSHIRE COUNTY COUNCIL,23796077,"5,350.00 ",705672142,100828-04-SEP-2018
Department of Health,NHS Wyre Forest CCG,30/09/2018,Hcare Srv Rec NHS Trust,WHEELCHAIR SERVICE,WORCESTERSHIRE COUNTY COUNCIL,23796077,"27,553.00 ",705672142,100828-04-SEP-2018
Department of Health,NHS Wyre Forest CCG,30/09/2018,Hcare Srv Rec NHS Trust-Non Contract,COMMISSIONING - NON ACUTE,WORCESTERSHIRE COUNTY COUNCIL,23796077,497.00 ,705672142,100828-04-SEP-2018
Department of Health,NHS Wyre Forest CCG,30/09/2018,Charges from CSU,CORPORATE COSTS & SERVICES,NHS MIDLANDS AND LANCASHIRE CSU,23833008,"32,678.44 ",GB 654442045,7312311223
Department of Health,NHS Wyre Forest CCG,30/09/2018,Hcare Srv Rec Fdtn Trust-Contract Baseline,ACUTE COMMISSIONING,ROYAL ORTHOPAEDIC HOSPITAL NHS FOUNDATION TRUST,23833010,"100,581.24 ",654965296,0000047064
Department of Health,NHS Wyre Forest CCG,30/09/2018,NHS Recbles <1Yr-Recharges Out,BALANCE SHEET,NHS REDDITCH AND BROMSGROVE CCG,23885417,"66,504.15 ",,7019400714
Department of Health,NHS Wyre Forest CCG,30/09/2018,NHS Recbles <1Yr-Recharges Out,BALANCE SHEET,NHS SOUTH WORCESTERSHIRE CCG,23885446,"106,250.87 ",,7020001219
Department of Health,NHS Wyre Forest CCG,30/09/2018,Clinical&Medical-Independent Sector,ACUTE COMMISSIONING,SPIRE HEALTHCARE LTD,23885478,"32,057.00 ",915970991,06DSBKPF181906
Department of Health,NHS Wyre Forest CCG,30/09/2018,Hcare Srv Rec NHS Trust-Contract Baseline,ACUTE COMMISSIONING,SANDWELL AND WEST BIRMINGHAM HOSPITALS NHS TRUST,23885530,"42,865.00 ",GB654916216,50619019
Department of Health,NHS Wyre Forest CCG,30/09/2018,C&M-PMS Contract Value,PRC DELEGATED CO-COMMISSIONING,BEWDLEY MEDICAL CENTRE,23897615,"116,118.90 ",,WR000029608
Department of Health,NHS Wyre Forest CCG,30/09/2018,C&M-PMS PCO Seniority,PRC DELEGATED CO-COMMISSIONING,BEWDLEY MEDICAL CENTRE,23897615,"4,425.81 ",,WR000029608
Department of Health,NHS Wyre Forest CCG,30/09/2018,C&M-PMS Prem Notional Rent,PRC DELEGATED CO-COMMISSIONING,BEWDLEY MEDICAL CENTRE,23897615,"81,926.70 ",,WR000029608
Department of Health,NHS Wyre Forest CCG,30/09/2018,C&M-PMS QOF Aspiration,PRC DELEGATED CO-COMMISSIONING,BEWDLEY MEDICAL CENTRE,23897615,"17,398.89 ",,WR000029608
Department of Health,NHS Wyre Forest CCG,30/09/2018,C&M-PMS Small Practice Allowance,PRC DELEGATED CO-COMMISSIONING,BEWDLEY MEDICAL CENTRE,23897615,208.33 ,,WR000029608
Department of Health,NHS Wyre Forest CCG,30/09/2018,C&M-GMS Global Sum,PRC DELEGATED CO-COMMISSIONING,DR J P SPALDING & PARTNER,23897617,"27,440.54 ",,WR000029610
Department of Health,NHS Wyre Forest CCG,30/09/2018,C&M-GMS MPIG Correction Factor,PRC DELEGATED CO-COMMISSIONING,DR J P SPALDING & PARTNER,23897617,"1,245.43 ",,WR000029610
Department of Health,NHS Wyre Forest CCG,30/09/2018,C&M-GMS Other Small Practice All,PRC DELEGATED CO-COMMISSIONING,DR J P SPALDING & PARTNER,23897617,208.33 ,,WR000029610
Department of Health,NHS Wyre Forest CCG,30/09/2018,C&M-GMS PCO Seniority,PRC DELEGATED CO-COMMISSIONING,DR J P SPALDING & PARTNER,23897617,"1,196.47 ",,WR000029610
Department of Health,NHS Wyre Forest CCG,30/09/2018,C&M-GMS Prem Notional Rent,PRC DELEGATED CO-COMMISSIONING,DR J P SPALDING & PARTNER,23897617,"13,125.00 ",,WR000029610
Department of Health,NHS Wyre Forest CCG,30/09/2018,C&M-GMS QOF Aspiration,PRC DELEGATED CO-COMMISSIONING,DR J P SPALDING & PARTNER,23897617,"2,509.08 ",,WR000029610
Department of Health,NHS Wyre Forest CCG,30/09/2018,ME - GMS GP Prior Year ERs,PRC DELEGATED CO-COMMISSIONING,DR J P SPALDING & PARTNER,23897617,509.22 ,,WR000029610
Department of Health,NHS Wyre Forest CCG,30/09/2018,ME-GMS GP Prior Year EEs,PRC DELEGATED CO-COMMISSIONING,DR J P SPALDING & PARTNER,23897617,"1,255.24 ",,WR000029610
Department of Health,NHS Wyre Forest CCG,30/09/2018,C&M-GMS DES Learn Dsblty Hlth Chk,PRC DELEGATED CO-COMMISSIONING,DR N B COCKRELL & PARTNERS,23897619,"1,120.00 ",,WR000029612
Department of Health,NHS Wyre Forest CCG,30/09/2018,C&M-GMS Global Sum,PRC DELEGATED CO-COMMISSIONING,DR N B COCKRELL & PARTNERS,23897619,"65,340.98 ",,WR000029612
Department of Health,NHS Wyre Forest CCG,30/09/2018,C&M-GMS Other FDR Payment,PRC DELEGATED CO-COMMISSIONING,DR N B COCKRELL & PARTNERS,23897619,"2,926.00 ",,WR000029612
Department of Health,NHS Wyre Forest CCG,30/09/2018,C&M-GMS Other Small Practice All,PRC DELEGATED CO-COMMISSIONING,DR N B COCKRELL & PARTNERS,23897619,208.33 ,,WR000029612
Department of Health,NHS Wyre Forest CCG,30/09/2018,C&M-GMS PCO Locum Adop/Pat/Mat,PRC DELEGATED CO-COMMISSIONING,DR N B COCKRELL & PARTNERS,23897619,"6,821.25 ",,WR000029612
Department of Health,NHS Wyre Forest CCG,30/09/2018,C&M-GMS PCO Seniority,PRC DELEGATED CO-COMMISSIONING,DR N B COCKRELL & PARTNERS,23897619,"2,615.59 ",,WR000029612
Department of Health,NHS Wyre Forest CCG,30/09/2018,C&M-GMS Prem Notional Rent,PRC DELEGATED CO-COMMISSIONING,DR N B COCKRELL & PARTNERS,23897619,"9,600.00 ",,WR000029612
Department of Health,NHS Wyre Forest CCG,30/09/2018,C&M-GMS QOF Aspiration,PRC DELEGATED CO-COMMISSIONING,DR N B COCKRELL & PARTNERS,23897619,"8,630.35 ",,WR000029612
Department of Health,NHS Wyre Forest CCG,30/09/2018,C&M-GMS DES Learn Dsblty Hlth Chk,PRC DELEGATED CO-COMMISSIONING,DR T C CAMPION & PARTNERS,23897621,"3,220.00 ",,WR000029616
Department of Health,NHS Wyre Forest CCG,30/09/2018,C&M-GMS Global Sum,PRC DELEGATED CO-COMMISSIONING,DR T C CAMPION & PARTNERS,23897621,"99,045.44 ",,WR000029616
Department of Health,NHS Wyre Forest CCG,30/09/2018,C&M-GMS Other FDR Payment,PRC DELEGATED CO-COMMISSIONING,DR T C CAMPION & PARTNERS,23897621,"5,796.00 ",,WR000029616
Department of Health,NHS Wyre Forest CCG,30/09/2018,C&M-GMS Other Small Practice All,PRC DELEGATED CO-COMMISSIONING,DR T C CAMPION & PARTNERS,23897621,208.33 ,,WR000029616
Department of Health,NHS Wyre Forest CCG,30/09/2018,C&M-GMS PCO Seniority,PRC DELEGATED CO-COMMISSIONING,DR T C CAMPION & PARTNERS,23897621,"4,298.87 ",,WR000029616
Department of Health,NHS Wyre Forest CCG,30/09/2018,C&M-GMS Prem Notional Rent,PRC DELEGATED CO-COMMISSIONING,DR T C CAMPION & PARTNERS,23897621,"25,300.00 ",,WR000029616
Department of Health,NHS Wyre Forest CCG,30/09/2018,C&M-GMS QOF Aspiration,PRC DELEGATED CO-COMMISSIONING,DR T C CAMPION & PARTNERS,23897621,"14,658.50 ",,WR000029616
Department of Health,NHS Wyre Forest CCG,30/09/2018,C&M-GMS DES Learn Dsblty Hlth Chk,PRC DELEGATED CO-COMMISSIONING,HAGLEY SURGERY,23897623,560.00 ,,WR000029618
Department of Health,NHS Wyre Forest CCG,30/09/2018,C&M-GMS Global Sum,PRC DELEGATED CO-COMMISSIONING,HAGLEY SURGERY,23897623,"53,033.29 ",,WR000029618
Department of Health,NHS Wyre Forest CCG,30/09/2018,C&M-GMS MPIG Correction Factor,PRC DELEGATED CO-COMMISSIONING,HAGLEY SURGERY,23897623,"1,596.50 ",,WR000029618
Department of Health,NHS Wyre Forest CCG,30/09/2018,C&M-GMS Other Small Practice All,PRC DELEGATED CO-COMMISSIONING,HAGLEY SURGERY,23897623,208.33 ,,WR000029618
Department of Health,NHS Wyre Forest CCG,30/09/2018,C&M-GMS PCO Seniority,PRC DELEGATED CO-COMMISSIONING,HAGLEY SURGERY,23897623,"2,324.94 ",,WR000029618
Department of Health,NHS Wyre Forest CCG,30/09/2018,C&M-GMS Prem Notional Rent,PRC DELEGATED CO-COMMISSIONING,HAGLEY SURGERY,23897623,"12,531.25 ",,WR000029618
Department of Health,NHS Wyre Forest CCG,30/09/2018,C&M-GMS QOF Aspiration,PRC DELEGATED CO-COMMISSIONING,HAGLEY SURGERY,23897623,"6,325.47 ",,WR000029618
Department of Health,NHS Wyre Forest CCG,30/09/2018,C&M-GMS DES Learn Dsblty Hlth Chk,PRC DELEGATED CO-COMMISSIONING,YORK HOUSE MEDICAL CENTRE,23897624,280.00 ,,WR000029620
Department of Health,NHS Wyre Forest CCG,30/09/2018,C&M-GMS Global Sum,PRC DELEGATED CO-COMMISSIONING,YORK HOUSE MEDICAL CENTRE,23897624,"90,848.98 ",,WR000029620
Department of Health,NHS Wyre Forest CCG,30/09/2018,C&M-GMS Other FDR Payment,PRC DELEGATED CO-COMMISSIONING,YORK HOUSE MEDICAL CENTRE,23897624,"5,734.00 ",,WR000029620
Department of Health,NHS Wyre Forest CCG,30/09/2018,C&M-GMS Other Small Practice All,PRC DELEGATED CO-COMMISSIONING,YORK HOUSE MEDICAL CENTRE,23897624,208.33 ,,WR000029620
Department of Health,NHS Wyre Forest CCG,30/09/2018,C&M-GMS PCO Seniority,PRC DELEGATED CO-COMMISSIONING,YORK HOUSE MEDICAL CENTRE,23897624,"3,520.24 ",,WR000029620
Department of Health,NHS Wyre Forest CCG,30/09/2018,C&M-GMS Prem Notional Rent,PRC DELEGATED CO-COMMISSIONING,YORK HOUSE MEDICAL CENTRE,23897624,"19,225.00 ",,WR000029620
Department of Health,NHS Wyre Forest CCG,30/09/2018,C&M-GMS QOF Aspiration,PRC DELEGATED CO-COMMISSIONING,YORK HOUSE MEDICAL CENTRE,23897624,"13,713.50 ",,WR000029620
Department of Health,NHS Wyre Forest CCG,30/09/2018,C&M-GMS DES Learn Dsblty Hlth Chk,PRC DELEGATED CO-COMMISSIONING,DR C DEVENPORT,23897626,280.00 ,,WR000029622
Department of Health,NHS Wyre Forest CCG,30/09/2018,C&M-GMS Global Sum,PRC DELEGATED CO-COMMISSIONING,DR C DEVENPORT,23897626,"23,595.91 ",,WR000029622
Department of Health,NHS Wyre Forest CCG,30/09/2018,C&M-GMS MPIG Correction Factor,PRC DELEGATED CO-COMMISSIONING,DR C DEVENPORT,23897626,"1,110.32 ",,WR000029622
Department of Health,NHS Wyre Forest CCG,30/09/2018,C&M-GMS Other Small Practice All,PRC DELEGATED CO-COMMISSIONING,DR C DEVENPORT,23897626,208.33 ,,WR000029622
Department of Health,NHS Wyre Forest CCG,30/09/2018,C&M-GMS PCO Seniority,PRC DELEGATED CO-COMMISSIONING,DR C DEVENPORT,23897626,935.88 ,,WR000029622
Department of Health,NHS Wyre Forest CCG,30/09/2018,C&M-GMS Prem Actual Rent,PRC DELEGATED CO-COMMISSIONING,DR C DEVENPORT,23897626,"7,842.50 ",,WR000029622
Department of Health,NHS Wyre Forest CCG,30/09/2018,C&M-GMS QOF Aspiration,PRC DELEGATED CO-COMMISSIONING,DR C DEVENPORT,23897626,"2,616.37 ",,WR000029622
Department of Health,NHS Wyre Forest CCG,30/09/2018,C&M-GMS Global Sum,PRC DELEGATED CO-COMMISSIONING,DR A J DE COTHI & PARTNERS,23897628,"94,003.94 ",,WR000029624
Department of Health,NHS Wyre Forest CCG,30/09/2018,C&M-GMS Other FDR Payment,PRC DELEGATED CO-COMMISSIONING,DR A J DE COTHI & PARTNERS,23897628,"4,578.00 ",,WR000029624
Department of Health,NHS Wyre Forest CCG,30/09/2018,C&M-GMS Other Small Practice All,PRC DELEGATED CO-COMMISSIONING,DR A J DE COTHI & PARTNERS,23897628,208.33 ,,WR000029624
Department of Health,NHS Wyre Forest CCG,30/09/2018,C&M-GMS PCO Seniority,PRC DELEGATED CO-COMMISSIONING,DR A J DE COTHI & PARTNERS,23897628,"4,518.91 ",,WR000029624
Department of Health,NHS Wyre Forest CCG,30/09/2018,C&M-GMS Prem Actual Rent,PRC DELEGATED CO-COMMISSIONING,DR A J DE COTHI & PARTNERS,23897628,"66,974.99 ",,WR000029624
Department of Health,NHS Wyre Forest CCG,30/09/2018,C&M-GMS QOF Aspiration,PRC DELEGATED CO-COMMISSIONING,DR A J DE COTHI & PARTNERS,23897628,"11,161.25 ",,WR000029624
Department of Health,NHS Wyre Forest CCG,30/09/2018,C&M-GMS DES Learn Dsblty Hlth Chk,PRC DELEGATED CO-COMMISSIONING,KIDDERMINSTER MEDICAL CENTRE,23897630,280.00 ,,WR000029626
Department of Health,NHS Wyre Forest CCG,30/09/2018,C&M-GMS Global Sum,PRC DELEGATED CO-COMMISSIONING,KIDDERMINSTER MEDICAL CENTRE,23897630,"90,569.44 ",,WR000029626
Department of Health,NHS Wyre Forest CCG,30/09/2018,C&M-GMS MPIG Correction Factor,PRC DELEGATED CO-COMMISSIONING,KIDDERMINSTER MEDICAL CENTRE,23897630,"2,480.48 ",,WR000029626
Department of Health,NHS Wyre Forest CCG,30/09/2018,C&M-GMS Other Small Practice All,PRC DELEGATED CO-COMMISSIONING,KIDDERMINSTER MEDICAL CENTRE,23897630,208.33 ,,WR000029626
Department of Health,NHS Wyre Forest CCG,30/09/2018,C&M-GMS PCO Seniority,PRC DELEGATED CO-COMMISSIONING,KIDDERMINSTER MEDICAL CENTRE,23897630,"2,458.88 ",,WR000029626
Department of Health,NHS Wyre Forest CCG,30/09/2018,C&M-GMS Prem Actual Rent,PRC DELEGATED CO-COMMISSIONING,KIDDERMINSTER MEDICAL CENTRE,23897630,"82,963.20 ",,WR000029626
Department of Health,NHS Wyre Forest CCG,30/09/2018,C&M-GMS QOF Aspiration,PRC DELEGATED CO-COMMISSIONING,KIDDERMINSTER MEDICAL CENTRE,23897630,"13,534.62 ",,WR000029626
Department of Health,NHS Wyre Forest CCG,30/09/2018,C&M-GMS DES Learn Dsblty Hlth Chk,PRC DELEGATED CO-COMMISSIONING,ALYMER LODGE COOKLEY PARTNERSHIP,23898646,"2,800.00 ",,WR000029606
Department of Health,NHS Wyre Forest CCG,30/09/2018,C&M-GMS Global Sum,PRC DELEGATED CO-COMMISSIONING,ALYMER LODGE COOKLEY PARTNERSHIP,23898646,"101,350.88 ",,WR000029606
Department of Health,NHS Wyre Forest CCG,30/09/2018,C&M-GMS Other FDR Payment,PRC DELEGATED CO-COMMISSIONING,ALYMER LODGE COOKLEY PARTNERSHIP,23898646,"4,433.00 ",,WR000029606
Department of Health,NHS Wyre Forest CCG,30/09/2018,C&M-GMS Other Small Practice All,PRC DELEGATED CO-COMMISSIONING,ALYMER LODGE COOKLEY PARTNERSHIP,23898646,208.33 ,,WR000029606
Department of Health,NHS Wyre Forest CCG,30/09/2018,C&M-GMS PCO Doctors Ret Scheme,PRC DELEGATED CO-COMMISSIONING,ALYMER LODGE COOKLEY PARTNERSHIP,23898646,"1,384.56 ",,WR000029606
Department of Health,NHS Wyre Forest CCG,30/09/2018,C&M-GMS PCO Seniority,PRC DELEGATED CO-COMMISSIONING,ALYMER LODGE COOKLEY PARTNERSHIP,23898646,"2,210.06 ",,WR000029606
Department of Health,NHS Wyre Forest CCG,30/09/2018,C&M-GMS Prem Actual Rent,PRC DELEGATED CO-COMMISSIONING,ALYMER LODGE COOKLEY PARTNERSHIP,23898646,"66,974.99 ",,WR000029606
Department of Health,NHS Wyre Forest CCG,30/09/2018,C&M-GMS Prem Notional Rent,PRC DELEGATED CO-COMMISSIONING,ALYMER LODGE COOKLEY PARTNERSHIP,23898646,"4,600.00 ",,WR000029606
Department of Health,NHS Wyre Forest CCG,30/09/2018,C&M-GMS QOF Aspiration,PRC DELEGATED CO-COMMISSIONING,ALYMER LODGE COOKLEY PARTNERSHIP,23898646,"13,603.34 ",,WR000029606
Department of Health,NHS Wyre Forest CCG,30/09/2018,C&M-GMS DES Learn Dsblty Hlth Chk,PRC DELEGATED CO-COMMISSIONING,DR R A WARD & PARTNERS,23899581,140.00 ,,WR000029614
Department of Health,NHS Wyre Forest CCG,30/09/2018,C&M-GMS Global Sum,PRC DELEGATED CO-COMMISSIONING,DR R A WARD & PARTNERS,23899581,"69,518.44 ",,WR000029614
Department of Health,NHS Wyre Forest CCG,30/09/2018,C&M-GMS Other FDR Payment,PRC DELEGATED CO-COMMISSIONING,DR R A WARD & PARTNERS,23899581,241.00 ,,WR000029614
Department of Health,NHS Wyre Forest CCG,30/09/2018,C&M-GMS Other Small Practice All,PRC DELEGATED CO-COMMISSIONING,DR R A WARD & PARTNERS,23899581,208.33 ,,WR000029614
Department of Health,NHS Wyre Forest CCG,30/09/2018,C&M-GMS PCO Seniority,PRC DELEGATED CO-COMMISSIONING,DR R A WARD & PARTNERS,23899581,"1,354.78 ",,WR000029614
Department of Health,NHS Wyre Forest CCG,30/09/2018,C&M-GMS Prem Actual Rent,PRC DELEGATED CO-COMMISSIONING,DR R A WARD & PARTNERS,23899581,"4,125.00 ",,WR000029614
Department of Health,NHS Wyre Forest CCG,30/09/2018,C&M-GMS QOF Aspiration,PRC DELEGATED CO-COMMISSIONING,DR R A WARD & PARTNERS,23899581,"10,240.10 ",,WR000029614
Department of Health,NHS Wyre Forest CCG,30/09/2018,C&M-PMS LES In House Services,LOCAL ENHANCED SERVICES,DR A J DE COTHI & PARTNERS,23940900,"28,877.57 ",,4973
Department of Health,NHS Wyre Forest CCG,30/09/2018,Clinical&Medical-Independent Sector,GP FORWARD VIEW,WYRE FOREST PRIMARY CARE LTD,23987117,"61,795.00 ",,100831-20-SEP-2018
Department of Health,NHS Wyre Forest CCG,30/09/2018,C&M-GMS Cost of Drugs -Dispensing,LOCAL ENHANCED SERVICES,DR J P SPALDING & PARTNER,24017405,"(30,734.38)",,WR000029816
Department of Health,NHS Wyre Forest CCG,30/09/2018,C&M-GMS PrscChrgsCll&RmttdbyGPCntra,PRC DELEGATED CO-COMMISSIONING,DR J P SPALDING & PARTNER,24017405,"(2,543.20)",,WR000029816
Department of Health,NHS Wyre Forest CCG,30/09/2018,C&M-GMS Cost of Drugs -Dispensing,LOCAL ENHANCED SERVICES,DR J P SPALDING & PARTNER,24017406,"58,933.00 ",,WR000029817
Department of Health,NHS Wyre Forest CCG,30/09/2018,C&M-GMS Prof Fees Dispensing,PRC DELEGATED CO-COMMISSIONING,DR J P SPALDING & PARTNER,24017406,"12,809.04 ",,WR000029817
Department of Health,NHS Wyre Forest CCG,30/09/2018,C&M-GMS PrscrptnChrgsColl&RmttdbyGP,LOCAL ENHANCED SERVICES,DR J P SPALDING & PARTNER,24017406,"2,543.20 ",,WR000029817
Department of Health,NHS Wyre Forest CCG,30/09/2018,C&M-GMS Cost of Drugs -Dispensing,LOCAL ENHANCED SERVICES,DR C DEVENPORT,24017412,"32,250.82 ",,WR000029823
Department of Health,NHS Wyre Forest CCG,30/09/2018,C&M-GMS Prof Fees Dispensing,PRC DELEGATED CO-COMMISSIONING,DR C DEVENPORT,24017412,"6,792.77 ",,WR000029823
Department of Health,NHS Wyre Forest CCG,30/09/2018,C&M-GMS PrscrptnChrgsColl&RmttdbyGP,LOCAL ENHANCED SERVICES,DR C DEVENPORT,24017412,"1,117.60 ",,WR000029823
Department of Health,NHS Wyre Forest CCG,30/09/2018,C&M-GMS Cost of Drugs -Dispensing,LOCAL ENHANCED SERVICES,ALYMER LODGE COOKLEY PARTNERSHIP,24019136,"(27,596.39)",,WR000029813
Department of Health,NHS Wyre Forest CCG,30/09/2018,C&M-GMS PrscChrgsCll&RmttdbyGPCntra,PRC DELEGATED CO-COMMISSIONING,ALYMER LODGE COOKLEY PARTNERSHIP,24019136,"(1,416.80)",,WR000029813
Department of Health,NHS Wyre Forest CCG,30/09/2018,C&M-GMS Cost of Drugs -Dispensing,LOCAL ENHANCED SERVICES,ALYMER LODGE COOKLEY PARTNERSHIP,24019137,"71,371.53 ",,WR000029814
Department of Health,NHS Wyre Forest CCG,30/09/2018,C&M-GMS Prof Fees Dispensing,PRC DELEGATED CO-COMMISSIONING,ALYMER LODGE COOKLEY PARTNERSHIP,24019137,"13,623.36 ",,WR000029814
Department of Health,NHS Wyre Forest CCG,30/09/2018,C&M-GMS PrscrptnChrgsColl&RmttdbyGP,LOCAL ENHANCED SERVICES,ALYMER LODGE COOKLEY PARTNERSHIP,24019137,"1,416.80 ",,WR000029814
Department of Health,NHS Wyre Forest CCG,30/09/2018,Clinical&Medical-Independent Sector,PALLIATIVE CARE,ST RICHARDS HOSPICE,24042501,"87,091.00 ",887120411,22227
Department of Health,NHS Wyre Forest CCG,30/09/2018,Hcare Srv Rec NHS Trust,COMMUNITY SERVICES,NHS SOUTH WORCESTERSHIRE CCG,24058633,"791,317.00 ",,7020001225
Department of Health,NHS Wyre Forest CCG,30/09/2018,Clinical&Medical-Independent Sector,MENTAL HEALTH SERVICES - ADULTS,NHS REDDITCH AND BROMSGROVE CCG,24058649,"101,818.00 ",,7019400721
Department of Health,NHS Wyre Forest CCG,30/09/2018,Cont Care- Palliative Care,CHC ADULT FULLY FUNDED,NHS SOUTH WORCESTERSHIRE CCG,24058655,"71,000.00 ",,7020001233
Department of Health,NHS Wyre Forest CCG,30/09/2018,Cont Care-Learning Disab(<65),CHC ADULT FULLY FUNDED,NHS SOUTH WORCESTERSHIRE CCG,24058655,"156,000.00 ",,7020001233
Department of Health,NHS Wyre Forest CCG,30/09/2018,Cont Care-Mental Health (65+),CHC ADULT FULLY FUNDED,NHS SOUTH WORCESTERSHIRE CCG,24058655,"86,000.00 ",,7020001233
Department of Health,NHS Wyre Forest CCG,30/09/2018,Cont Care-Mental Health (<65),CHC ADULT FULLY FUNDED,NHS SOUTH WORCESTERSHIRE CCG,24058655,"9,000.00 ",,7020001233
Department of Health,NHS Wyre Forest CCG,30/09/2018,Cont Care-Physical Disab (65+),CHC ADULT FULLY FUNDED,NHS SOUTH WORCESTERSHIRE CCG,24058655,"78,000.00 ",,7020001233
Department of Health,NHS Wyre Forest CCG,30/09/2018,Cont Care-Physical Disab (<65),CHC ADULT FULLY FUNDED,NHS SOUTH WORCESTERSHIRE CCG,24058655,"93,000.00 ",,7020001233
Department of Health,NHS Wyre Forest CCG,30/09/2018,Continuing Care- Equipment,CHC ADULT FULLY FUNDED,NHS SOUTH WORCESTERSHIRE CCG,24058655,"2,000.00 ",,7020001233
,,,,,,,,,
