A3131 - Expenditure Over Threshold,,,,,,,
,,,,,,,
,,,,,,,
,,,,,,,
,,,,,,,
,,,,,,,
Department family,Entity,Date,Expense Type,Expense area,Supplier,Transaction number,AP Amount (�)
Department of Health,NHS Wyre Forest CCG,31/08/2018,Hcare Srv Rec Fdtn Trust-Contract Baseline,ACUTE COMMISSIONING,UNIVERSITY HOSPITALS BIRMINGHAM NHS FOUNDATION TRUST,23326240,"152,472.00"
Department of Health,NHS Wyre Forest CCG,31/08/2018,Hcare Srv Rec Fdtn Trust-Contract Baseline,ACUTE COMMISSIONING,BIRMINGHAM WOMENS AND CHILDRENS NHS FOUNDATION TRUST,23326333,"38,181.42"
Department of Health,NHS Wyre Forest CCG,31/08/2018,Clinical&Medical-Clinical Other,MENTAL HEALTH SERVICES - ADULTS,WORCESTERSHIRE COUNTY COUNCIL,23329410,"8,393.00"
Department of Health,NHS Wyre Forest CCG,31/08/2018,Clinical&Medical-Independent Sector,COMMISSIONING - NON ACUTE,WORCESTERSHIRE COUNTY COUNCIL,23329410,"13,271.00"
Department of Health,NHS Wyre Forest CCG,31/08/2018,Clinical&Medical-Independent Sector,COMMUNITY SERVICES,WORCESTERSHIRE COUNTY COUNCIL,23329410,"91,106.00"
Department of Health,NHS Wyre Forest CCG,31/08/2018,Clinical&Medical-Independent Sector,LEARNING DIFFICULTIES,WORCESTERSHIRE COUNTY COUNCIL,23329410,"13,806.00"
Department of Health,NHS Wyre Forest CCG,31/08/2018,Clinical&Medical-Othe Public Sector,CHILD AND ADOLESCENT MENTAL HEALTH,WORCESTERSHIRE COUNTY COUNCIL,23329410,"1,392.00"
Department of Health,NHS Wyre Forest CCG,31/08/2018,Clinical&Medical-Othe Public Sector,COMMISSIONING - NON ACUTE,WORCESTERSHIRE COUNTY COUNCIL,23329410,"3,033.00"
Department of Health,NHS Wyre Forest CCG,31/08/2018,Clinical&Medical-Othe Public Sector,COMMUNITY SERVICES,WORCESTERSHIRE COUNTY COUNCIL,23329410,"85,854.00"
Department of Health,NHS Wyre Forest CCG,31/08/2018,Clinical&Medical-Othe Public Sector,LEARNING DIFFICULTIES,WORCESTERSHIRE COUNTY COUNCIL,23329410,"22,479.00"
Department of Health,NHS Wyre Forest CCG,31/08/2018,Clinical&Medical-Othe Public Sector,Mental Health Services - S117 Mental Health,WORCESTERSHIRE COUNTY COUNCIL,23329410,"67,413.00"
Department of Health,NHS Wyre Forest CCG,31/08/2018,Clinical&Medical-Serv Recd-NHS Trst,COMMUNITY SERVICES,WORCESTERSHIRE COUNTY COUNCIL,23329410,"12,357.00"
Department of Health,NHS Wyre Forest CCG,31/08/2018,Clinical&Medical-Voluntary Sector,COMMISSIONING - NON ACUTE,WORCESTERSHIRE COUNTY COUNCIL,23329410,"1,241.00"
Department of Health,NHS Wyre Forest CCG,31/08/2018,Cont Care-Funded Nursing Care Allow,FUNDED NURSING CARE,WORCESTERSHIRE COUNTY COUNCIL,23329410,"202,389.00"
Department of Health,NHS Wyre Forest CCG,31/08/2018,Cont Care-NHS Trust-Children,Children's Continuing Care,WORCESTERSHIRE COUNTY COUNCIL,23329410,"8,207.00"
Department of Health,NHS Wyre Forest CCG,31/08/2018,Hcare Srv Rec NHS Trust,CHILD AND ADOLESCENT MENTAL HEALTH,WORCESTERSHIRE COUNTY COUNCIL,23329410,"96,002.00"
Department of Health,NHS Wyre Forest CCG,31/08/2018,Hcare Srv Rec NHS Trust,CHILDREN SERVICES,WORCESTERSHIRE COUNTY COUNCIL,23329410,"151,188.00"
Department of Health,NHS Wyre Forest CCG,31/08/2018,Hcare Srv Rec NHS Trust,COMMUNITY SERVICES,WORCESTERSHIRE COUNTY COUNCIL,23329410,"15,176.00"
Department of Health,NHS Wyre Forest CCG,31/08/2018,Hcare Srv Rec NHS Trust,LEARNING DIFFICULTIES,WORCESTERSHIRE COUNTY COUNCIL,23329410,"62,000.00"
Department of Health,NHS Wyre Forest CCG,31/08/2018,Hcare Srv Rec NHS Trust,MENTAL HEALTH SERVICES - ADULTS,WORCESTERSHIRE COUNTY COUNCIL,23329410,"5,350.00"
Department of Health,NHS Wyre Forest CCG,31/08/2018,Hcare Srv Rec NHS Trust,WHEELCHAIR SERVICE,WORCESTERSHIRE COUNTY COUNCIL,23329410,"27,553.00"
Department of Health,NHS Wyre Forest CCG,31/08/2018,Hcare Srv Rec NHS Trust-Non Contract,COMMISSIONING - NON ACUTE,WORCESTERSHIRE COUNTY COUNCIL,23329410,497
Department of Health,NHS Wyre Forest CCG,31/08/2018,C&M-PMS LES In House Services,LOCAL ENHANCED SERVICES,DR A J DE COTHI & PARTNERS,23344597,"29,946.28"
Department of Health,NHS Wyre Forest CCG,31/08/2018,Clinical&Medical-Independent Sector,OUT OF HOURS,CARE UK (URGENT CARE) LTD,23426977,"437,745.75"
Department of Health,NHS Wyre Forest CCG,31/08/2018,Hcare Srv Rec Fdtn Trust-Contract Baseline,AMBULANCE SERVICES,WEST MIDLANDS AMBULANCE SERVICE NHS FOUNDATION TRUST,23430988,"27,030.00"
Department of Health,NHS Wyre Forest CCG,31/08/2018,Charges from CSU,CORPORATE COSTS & SERVICES,NHS MIDLANDS AND LANCASHIRE CSU,23430990,"32,678.44"
Department of Health,NHS Wyre Forest CCG,31/08/2018,Hcare Srv Rec Fdtn Trust-Contract Baseline,ACUTE COMMISSIONING,ROYAL ORTHOPAEDIC HOSPITAL NHS FOUNDATION TRUST,23430992,"100,581.24"
Department of Health,NHS Wyre Forest CCG,31/08/2018,Hcare Srv Rec NHS Trust-Contract Baseline,ACUTE COMMISSIONING,SANDWELL AND WEST BIRMINGHAM HOSPITALS NHS TRUST,23430995,"42,865.00"
Department of Health,NHS Wyre Forest CCG,31/08/2018,C&M-PMS Contract Value,PRC DELEGATED CO-COMMISSIONING,BEWDLEY MEDICAL CENTRE,23476502,"116,118.90"
Department of Health,NHS Wyre Forest CCG,31/08/2018,C&M-PMS DES Extended Hours Access,PRC DELEGATED CO-COMMISSIONING,BEWDLEY MEDICAL CENTRE,23476502,"7,339.23"
Department of Health,NHS Wyre Forest CCG,31/08/2018,C&M-PMS DES Minor Surgery,PRC DELEGATED CO-COMMISSIONING,BEWDLEY MEDICAL CENTRE,23476502,"14,934.22"
Department of Health,NHS Wyre Forest CCG,31/08/2018,C&M-PMS QOF Aspiration,PRC DELEGATED CO-COMMISSIONING,BEWDLEY MEDICAL CENTRE,23476502,"17,398.89"
Department of Health,NHS Wyre Forest CCG,31/08/2018,C&M-PMS Small Practice Allowance,PRC DELEGATED CO-COMMISSIONING,BEWDLEY MEDICAL CENTRE,23476502,208.33
Department of Health,NHS Wyre Forest CCG,31/08/2018,ME - PMS GP Prior Year ERs,PRC DELEGATED CO-COMMISSIONING,BEWDLEY MEDICAL CENTRE,23476502,554.66
Department of Health,NHS Wyre Forest CCG,31/08/2018,ME-PMS GP Pension EEs Adjs - PMS,PRC DELEGATED CO-COMMISSIONING,BEWDLEY MEDICAL CENTRE,23476502,279
Department of Health,NHS Wyre Forest CCG,31/08/2018,ME-PMS GP Pension ERs Adjs - PMS,PRC DELEGATED CO-COMMISSIONING,BEWDLEY MEDICAL CENTRE,23476502,431.4
Department of Health,NHS Wyre Forest CCG,31/08/2018,ME-PMS GP Prior Year EEs,PRC DELEGATED CO-COMMISSIONING,BEWDLEY MEDICAL CENTRE,23476502,358.71
Department of Health,NHS Wyre Forest CCG,31/08/2018,C&M-GMS DES Extended Hours Access,PRC DELEGATED CO-COMMISSIONING,DR J P SPALDING & PARTNER,23476504,"1,652.05"
Department of Health,NHS Wyre Forest CCG,31/08/2018,C&M-GMS DES Minor Surgery,PRC DELEGATED CO-COMMISSIONING,DR J P SPALDING & PARTNER,23476504,"1,393.28"
Department of Health,NHS Wyre Forest CCG,31/08/2018,C&M-GMS Global Sum,PRC DELEGATED CO-COMMISSIONING,DR J P SPALDING & PARTNER,23476504,"27,440.54"
Department of Health,NHS Wyre Forest CCG,31/08/2018,C&M-GMS MPIG Correction Factor,PRC DELEGATED CO-COMMISSIONING,DR J P SPALDING & PARTNER,23476504,"1,245.43"
Department of Health,NHS Wyre Forest CCG,31/08/2018,C&M-GMS Other Small Practice All,PRC DELEGATED CO-COMMISSIONING,DR J P SPALDING & PARTNER,23476504,208.33
Department of Health,NHS Wyre Forest CCG,31/08/2018,C&M-GMS QOF Aspiration,PRC DELEGATED CO-COMMISSIONING,DR J P SPALDING & PARTNER,23476504,"2,509.08"
Department of Health,NHS Wyre Forest CCG,31/08/2018,C&M-GMS DES Extended Hours Access,PRC DELEGATED CO-COMMISSIONING,DR N B COCKRELL & PARTNERS,23476506,"4,264.08"
Department of Health,NHS Wyre Forest CCG,31/08/2018,C&M-GMS DES Minor Surgery,PRC DELEGATED CO-COMMISSIONING,DR N B COCKRELL & PARTNERS,23476506,"4,005.68"
Department of Health,NHS Wyre Forest CCG,31/08/2018,C&M-GMS Global Sum,PRC DELEGATED CO-COMMISSIONING,DR N B COCKRELL & PARTNERS,23476506,"65,340.98"
Department of Health,NHS Wyre Forest CCG,31/08/2018,C&M-GMS Other FDR Payment,PRC DELEGATED CO-COMMISSIONING,DR N B COCKRELL & PARTNERS,23476506,"2,926.00"
Department of Health,NHS Wyre Forest CCG,31/08/2018,C&M-GMS Other Small Practice All,PRC DELEGATED CO-COMMISSIONING,DR N B COCKRELL & PARTNERS,23476506,208.33
Department of Health,NHS Wyre Forest CCG,31/08/2018,C&M-GMS PCO Locum Adop/Pat/Mat,PRC DELEGATED CO-COMMISSIONING,DR N B COCKRELL & PARTNERS,23476506,"13,210.08"
Department of Health,NHS Wyre Forest CCG,31/08/2018,C&M-GMS QOF Aspiration,PRC DELEGATED CO-COMMISSIONING,DR N B COCKRELL & PARTNERS,23476506,"8,630.35"
Department of Health,NHS Wyre Forest CCG,31/08/2018,ME - GMS GP Prior Year ERs,PRC DELEGATED CO-COMMISSIONING,DR N B COCKRELL & PARTNERS,23476506,866.38
Department of Health,NHS Wyre Forest CCG,31/08/2018,ME-GMS GP Prior Year EEs,PRC DELEGATED CO-COMMISSIONING,DR N B COCKRELL & PARTNERS,23476506,979.19
Department of Health,NHS Wyre Forest CCG,31/08/2018,C&M-GMS DES Extended Hours Access,PRC DELEGATED CO-COMMISSIONING,DR T C CAMPION & PARTNERS,23476508,"7,305.03"
Department of Health,NHS Wyre Forest CCG,31/08/2018,C&M-GMS DES Minor Surgery,PRC DELEGATED CO-COMMISSIONING,DR T C CAMPION & PARTNERS,23476508,"7,445.34"
Department of Health,NHS Wyre Forest CCG,31/08/2018,C&M-GMS Global Sum,PRC DELEGATED CO-COMMISSIONING,DR T C CAMPION & PARTNERS,23476508,"99,045.44"
Department of Health,NHS Wyre Forest CCG,31/08/2018,C&M-GMS Other FDR Payment,PRC DELEGATED CO-COMMISSIONING,DR T C CAMPION & PARTNERS,23476508,"5,796.00"
Department of Health,NHS Wyre Forest CCG,31/08/2018,C&M-GMS Other Small Practice All,PRC DELEGATED CO-COMMISSIONING,DR T C CAMPION & PARTNERS,23476508,208.33
Department of Health,NHS Wyre Forest CCG,31/08/2018,C&M-GMS Prem Water Rates,PRC DELEGATED CO-COMMISSIONING,DR T C CAMPION & PARTNERS,23476508,998.5
Department of Health,NHS Wyre Forest CCG,31/08/2018,C&M-GMS QOF Aspiration,PRC DELEGATED CO-COMMISSIONING,DR T C CAMPION & PARTNERS,23476508,"14,658.50"
Department of Health,NHS Wyre Forest CCG,31/08/2018,ME - GMS GP Prior Year ERs,PRC DELEGATED CO-COMMISSIONING,DR T C CAMPION & PARTNERS,23476508,"8,675.29"
Department of Health,NHS Wyre Forest CCG,31/08/2018,ME-GMS GP Prior Year EEs,PRC DELEGATED CO-COMMISSIONING,DR T C CAMPION & PARTNERS,23476508,"8,250.66"
Department of Health,NHS Wyre Forest CCG,31/08/2018,C&M-GMS DES Extended Hours Access,PRC DELEGATED CO-COMMISSIONING,HAGLEY SURGERY,23476510,"3,562.50"
Department of Health,NHS Wyre Forest CCG,31/08/2018,C&M-GMS DES Minor Surgery,PRC DELEGATED CO-COMMISSIONING,HAGLEY SURGERY,23476510,"1,523.90"
Department of Health,NHS Wyre Forest CCG,31/08/2018,C&M-GMS Global Sum,PRC DELEGATED CO-COMMISSIONING,HAGLEY SURGERY,23476510,"53,033.29"
Department of Health,NHS Wyre Forest CCG,31/08/2018,C&M-GMS MPIG Correction Factor,PRC DELEGATED CO-COMMISSIONING,HAGLEY SURGERY,23476510,"1,596.50"
Department of Health,NHS Wyre Forest CCG,31/08/2018,C&M-GMS Other Small Practice All,PRC DELEGATED CO-COMMISSIONING,HAGLEY SURGERY,23476510,208.33
Department of Health,NHS Wyre Forest CCG,31/08/2018,C&M-GMS Prem Water Rates,PRC DELEGATED CO-COMMISSIONING,HAGLEY SURGERY,23476510,429.8
Department of Health,NHS Wyre Forest CCG,31/08/2018,C&M-GMS QOF Aspiration,PRC DELEGATED CO-COMMISSIONING,HAGLEY SURGERY,23476510,"6,325.47"
Department of Health,NHS Wyre Forest CCG,31/08/2018,C&M-GMS DES Extended Hours Access,PRC DELEGATED CO-COMMISSIONING,YORK HOUSE MEDICAL CENTRE,23476512,"5,651.55"
Department of Health,NHS Wyre Forest CCG,31/08/2018,C&M-GMS DES Minor Surgery,PRC DELEGATED CO-COMMISSIONING,YORK HOUSE MEDICAL CENTRE,23476512,"6,182.68"
Department of Health,NHS Wyre Forest CCG,31/08/2018,C&M-GMS Global Sum,PRC DELEGATED CO-COMMISSIONING,YORK HOUSE MEDICAL CENTRE,23476512,"90,848.98"
Department of Health,NHS Wyre Forest CCG,31/08/2018,C&M-GMS Other FDR Payment,PRC DELEGATED CO-COMMISSIONING,YORK HOUSE MEDICAL CENTRE,23476512,"5,734.00"
Department of Health,NHS Wyre Forest CCG,31/08/2018,C&M-GMS Other Small Practice All,PRC DELEGATED CO-COMMISSIONING,YORK HOUSE MEDICAL CENTRE,23476512,208.33
Department of Health,NHS Wyre Forest CCG,31/08/2018,C&M-GMS Prem Water Rates,PRC DELEGATED CO-COMMISSIONING,YORK HOUSE MEDICAL CENTRE,23476512,367.69
Department of Health,NHS Wyre Forest CCG,31/08/2018,C&M-GMS QOF Aspiration,PRC DELEGATED CO-COMMISSIONING,YORK HOUSE MEDICAL CENTRE,23476512,"13,713.50"
Department of Health,NHS Wyre Forest CCG,31/08/2018,C&M-GMS DES Extended Hours Access,PRC DELEGATED CO-COMMISSIONING,DR C DEVENPORT,23476514,"1,425.00"
Department of Health,NHS Wyre Forest CCG,31/08/2018,C&M-GMS DES Minor Surgery,PRC DELEGATED CO-COMMISSIONING,DR C DEVENPORT,23476514,"6,618.08"
Department of Health,NHS Wyre Forest CCG,31/08/2018,C&M-GMS Global Sum,PRC DELEGATED CO-COMMISSIONING,DR C DEVENPORT,23476514,"23,595.91"
Department of Health,NHS Wyre Forest CCG,31/08/2018,C&M-GMS MPIG Correction Factor,PRC DELEGATED CO-COMMISSIONING,DR C DEVENPORT,23476514,"1,110.32"
Department of Health,NHS Wyre Forest CCG,31/08/2018,C&M-GMS Other Small Practice All,PRC DELEGATED CO-COMMISSIONING,DR C DEVENPORT,23476514,208.33
Department of Health,NHS Wyre Forest CCG,31/08/2018,C&M-GMS QOF Aspiration,PRC DELEGATED CO-COMMISSIONING,DR C DEVENPORT,23476514,"2,616.37"
Department of Health,NHS Wyre Forest CCG,31/08/2018,C&M-GMS DES Extended Hours Access,PRC DELEGATED CO-COMMISSIONING,DR A J DE COTHI & PARTNERS,23476516,"5,919.23"
Department of Health,NHS Wyre Forest CCG,31/08/2018,C&M-GMS DES Minor Surgery,PRC DELEGATED CO-COMMISSIONING,DR A J DE COTHI & PARTNERS,23476516,"15,064.84"
Department of Health,NHS Wyre Forest CCG,31/08/2018,C&M-GMS Global Sum,PRC DELEGATED CO-COMMISSIONING,DR A J DE COTHI & PARTNERS,23476516,"94,003.94"
Department of Health,NHS Wyre Forest CCG,31/08/2018,C&M-GMS Other FDR Payment,PRC DELEGATED CO-COMMISSIONING,DR A J DE COTHI & PARTNERS,23476516,"4,578.00"
Department of Health,NHS Wyre Forest CCG,31/08/2018,C&M-GMS Other Small Practice All,PRC DELEGATED CO-COMMISSIONING,DR A J DE COTHI & PARTNERS,23476516,208.33
Department of Health,NHS Wyre Forest CCG,31/08/2018,C&M-GMS QOF Aspiration,PRC DELEGATED CO-COMMISSIONING,DR A J DE COTHI & PARTNERS,23476516,"11,161.25"
Department of Health,NHS Wyre Forest CCG,31/08/2018,C&M-GMS DES Extended Hours Access,PRC DELEGATED CO-COMMISSIONING,KIDDERMINSTER MEDICAL CENTRE,23476518,"5,170.19"
Department of Health,NHS Wyre Forest CCG,31/08/2018,C&M-GMS DES Minor Surgery,PRC DELEGATED CO-COMMISSIONING,KIDDERMINSTER MEDICAL CENTRE,23476518,"7,227.64"
Department of Health,NHS Wyre Forest CCG,31/08/2018,C&M-GMS Global Sum,PRC DELEGATED CO-COMMISSIONING,KIDDERMINSTER MEDICAL CENTRE,23476518,"90,569.44"
Department of Health,NHS Wyre Forest CCG,31/08/2018,C&M-GMS MPIG Correction Factor,PRC DELEGATED CO-COMMISSIONING,KIDDERMINSTER MEDICAL CENTRE,23476518,"2,480.48"
Department of Health,NHS Wyre Forest CCG,31/08/2018,C&M-GMS Other Small Practice All,PRC DELEGATED CO-COMMISSIONING,KIDDERMINSTER MEDICAL CENTRE,23476518,208.33
Department of Health,NHS Wyre Forest CCG,31/08/2018,C&M-GMS PCO Other,PRC DELEGATED CO-COMMISSIONING,KIDDERMINSTER MEDICAL CENTRE,23476518,"8,368.00"
Department of Health,NHS Wyre Forest CCG,31/08/2018,C&M-GMS QOF Aspiration,PRC DELEGATED CO-COMMISSIONING,KIDDERMINSTER MEDICAL CENTRE,23476518,"13,534.62"
Department of Health,NHS Wyre Forest CCG,31/08/2018,C&M-GMS GP Statutory Levy,PRC DELEGATED CO-COMMISSIONING,ALYMER LODGE COOKLEY PARTNERSHIP,23479153,-464.59
Department of Health,NHS Wyre Forest CCG,31/08/2018,C&M-GMS Voluntary Levy,PRC DELEGATED CO-COMMISSIONING,ALYMER LODGE COOKLEY PARTNERSHIP,23479153,-95.21
Department of Health,NHS Wyre Forest CCG,31/08/2018,ME - GMS TPS Added Years Adj EEs,PRC DELEGATED CO-COMMISSIONING,ALYMER LODGE COOKLEY PARTNERSHIP,23479153,-178.67
Department of Health,NHS Wyre Forest CCG,31/08/2018,ME-GMS GP Pension EEs,PRC DELEGATED CO-COMMISSIONING,ALYMER LODGE COOKLEY PARTNERSHIP,23479153,"-12,053.92"
Department of Health,NHS Wyre Forest CCG,31/08/2018,ME-GMS GP Pension ERs Adjustments,PRC DELEGATED CO-COMMISSIONING,ALYMER LODGE COOKLEY PARTNERSHIP,23479153,"-12,617.19"
Department of Health,NHS Wyre Forest CCG,31/08/2018,C&M-GMS DES Extended Hours Access,PRC DELEGATED CO-COMMISSIONING,ALYMER LODGE COOKLEY PARTNERSHIP,23479166,"6,746.43"
Department of Health,NHS Wyre Forest CCG,31/08/2018,C&M-GMS DES Minor Surgery,PRC DELEGATED CO-COMMISSIONING,ALYMER LODGE COOKLEY PARTNERSHIP,23479166,"7,532.42"
Department of Health,NHS Wyre Forest CCG,31/08/2018,C&M-GMS Global Sum,PRC DELEGATED CO-COMMISSIONING,ALYMER LODGE COOKLEY PARTNERSHIP,23479166,"101,350.88"
Department of Health,NHS Wyre Forest CCG,31/08/2018,C&M-GMS Other FDR Payment,PRC DELEGATED CO-COMMISSIONING,ALYMER LODGE COOKLEY PARTNERSHIP,23479166,"4,433.00"
Department of Health,NHS Wyre Forest CCG,31/08/2018,C&M-GMS Other Small Practice All,PRC DELEGATED CO-COMMISSIONING,ALYMER LODGE COOKLEY PARTNERSHIP,23479166,208.33
Department of Health,NHS Wyre Forest CCG,31/08/2018,C&M-GMS PCO Doctors Ret Scheme,PRC DELEGATED CO-COMMISSIONING,ALYMER LODGE COOKLEY PARTNERSHIP,23479166,"3,538.62"
Department of Health,NHS Wyre Forest CCG,31/08/2018,C&M-GMS QOF Aspiration,PRC DELEGATED CO-COMMISSIONING,ALYMER LODGE COOKLEY PARTNERSHIP,23479166,"13,603.34"
Department of Health,NHS Wyre Forest CCG,31/08/2018,C&M-GMS DES Extended Hours Access,PRC DELEGATED CO-COMMISSIONING,DR R A WARD & PARTNERS,23479187,"4,397.55"
Department of Health,NHS Wyre Forest CCG,31/08/2018,C&M-GMS DES Minor Surgery,PRC DELEGATED CO-COMMISSIONING,DR R A WARD & PARTNERS,23479187,"7,358.26"
Department of Health,NHS Wyre Forest CCG,31/08/2018,C&M-GMS Global Sum,PRC DELEGATED CO-COMMISSIONING,DR R A WARD & PARTNERS,23479187,"69,518.44"
Department of Health,NHS Wyre Forest CCG,31/08/2018,C&M-GMS Other FDR Payment,PRC DELEGATED CO-COMMISSIONING,DR R A WARD & PARTNERS,23479187,241
Department of Health,NHS Wyre Forest CCG,31/08/2018,C&M-GMS Other Small Practice All,PRC DELEGATED CO-COMMISSIONING,DR R A WARD & PARTNERS,23479187,208.33
Department of Health,NHS Wyre Forest CCG,31/08/2018,C&M-GMS QOF Aspiration,PRC DELEGATED CO-COMMISSIONING,DR R A WARD & PARTNERS,23479187,"10,240.10"
Department of Health,NHS Wyre Forest CCG,31/08/2018,NHS Recbles <1Yr-Recharges Out,BALANCE SHEET,NHS REDDITCH AND BROMSGROVE CCG,23481839,"65,220.08"
Department of Health,NHS Wyre Forest CCG,31/08/2018,NHS Recbles <1Yr-Recharges Out,BALANCE SHEET,NHS SOUTH WORCESTERSHIRE CCG,23481842,"100,290.47"
Department of Health,NHS Wyre Forest CCG,31/08/2018,Clinical&Medical-Independent Sector,OUT OF HOURS,CARE UK (URGENT CARE) LTD,23556607,"437,745.75"
Department of Health,NHS Wyre Forest CCG,31/08/2018,Clinical&Medical-Independent Sector,OUT OF HOURS,CARE UK (URGENT CARE) LTD,23582644,"-437,745.75"
Department of Health,NHS Wyre Forest CCG,31/08/2018,Clinical&Medical-Independent Sector,ACUTE COMMISSIONING,WEST MIDLANDS HOSPITAL,23611079,"29,621.85"
Department of Health,NHS Wyre Forest CCG,31/08/2018,Hcare Srv Rec Fdtn Trust-Contract Baseline,ACUTE COMMISSIONING,DUDLEY GROUP HOSPITALS NHS FOUNDATION TRUST,23611083,"364,309.96"
Department of Health,NHS Wyre Forest CCG,31/08/2018,Clinical&Medical-Independent Sector,MENTAL HEALTH SERVICES - ADULTS,NHS REDDITCH AND BROMSGROVE CCG,23611095,"101,818.00"
Department of Health,NHS Wyre Forest CCG,31/08/2018,Cont Care- Palliative Care,CHC ADULT FULLY FUNDED,NHS SOUTH WORCESTERSHIRE CCG,23611097,"71,000.00"
Department of Health,NHS Wyre Forest CCG,31/08/2018,Cont Care-Learning Disab(65+),CHC ADULT FULLY FUNDED,NHS SOUTH WORCESTERSHIRE CCG,23611097,"156,000.00"
Department of Health,NHS Wyre Forest CCG,31/08/2018,Cont Care-Mental Health (65+),CHC ADULT FULLY FUNDED,NHS SOUTH WORCESTERSHIRE CCG,23611097,"86,000.00"
Department of Health,NHS Wyre Forest CCG,31/08/2018,Cont Care-Mental Health (<65),CHC ADULT FULLY FUNDED,NHS SOUTH WORCESTERSHIRE CCG,23611097,"9,000.00"
Department of Health,NHS Wyre Forest CCG,31/08/2018,Cont Care-Physical Disab (65+),CHC ADULT FULLY FUNDED,NHS SOUTH WORCESTERSHIRE CCG,23611097,"78,000.00"
Department of Health,NHS Wyre Forest CCG,31/08/2018,Cont Care-Physical Disab (<65),CHC ADULT FULLY FUNDED,NHS SOUTH WORCESTERSHIRE CCG,23611097,"93,000.00"
Department of Health,NHS Wyre Forest CCG,31/08/2018,Continuing Care- Equipment,CHC ADULT FULLY FUNDED,NHS SOUTH WORCESTERSHIRE CCG,23611097,"2,000.00"
Department of Health,NHS Wyre Forest CCG,31/08/2018,C&M-GMS Cost of Drugs -Dispensing,LOCAL ENHANCED SERVICES,DR J P SPALDING & PARTNER,23630552,"-29,249.55"
Department of Health,NHS Wyre Forest CCG,31/08/2018,C&M-GMS PrscChrgsCll&RmttdbyGPCntra,PRC DELEGATED CO-COMMISSIONING,DR J P SPALDING & PARTNER,23630552,"-2,420.00"
Department of Health,NHS Wyre Forest CCG,31/08/2018,C&M-GMS Cost of Drugs -Dispensing,LOCAL ENHANCED SERVICES,DR J P SPALDING & PARTNER,23630553,"55,750.87"
Department of Health,NHS Wyre Forest CCG,31/08/2018,C&M-GMS Prof Fees Dispensing,PRC DELEGATED CO-COMMISSIONING,DR J P SPALDING & PARTNER,23630553,"12,248.08"
Department of Health,NHS Wyre Forest CCG,31/08/2018,C&M-GMS PrscrptnChrgsColl&RmttdbyGP,LOCAL ENHANCED SERVICES,DR J P SPALDING & PARTNER,23630553,"2,420.00"
Department of Health,NHS Wyre Forest CCG,31/08/2018,C&M-GMS Cost of Drugs -Dispensing,LOCAL ENHANCED SERVICES,DR C DEVENPORT,23630559,"29,248.32"
Department of Health,NHS Wyre Forest CCG,31/08/2018,C&M-GMS Prof Fees Dispensing,PRC DELEGATED CO-COMMISSIONING,DR C DEVENPORT,23630559,"7,229.09"
Department of Health,NHS Wyre Forest CCG,31/08/2018,C&M-GMS PrscrptnChrgsColl&RmttdbyGP,LOCAL ENHANCED SERVICES,DR C DEVENPORT,23630559,"1,073.60"
Department of Health,NHS Wyre Forest CCG,31/08/2018,C&M-GMS Cost of Drugs -Dispensing,LOCAL ENHANCED SERVICES,ALYMER LODGE COOKLEY PARTNERSHIP,23630710,"-26,393.50"
Department of Health,NHS Wyre Forest CCG,31/08/2018,C&M-GMS PrscChrgsCll&RmttdbyGPCntra,PRC DELEGATED CO-COMMISSIONING,ALYMER LODGE COOKLEY PARTNERSHIP,23630710,"-1,892.00"
Department of Health,NHS Wyre Forest CCG,31/08/2018,C&M-GMS Cost of Drugs -Dispensing,LOCAL ENHANCED SERVICES,ALYMER LODGE COOKLEY PARTNERSHIP,23630711,"48,155.94"
Department of Health,NHS Wyre Forest CCG,31/08/2018,C&M-GMS Prof Fees Dispensing,PRC DELEGATED CO-COMMISSIONING,ALYMER LODGE COOKLEY PARTNERSHIP,23630711,"12,917.37"
Department of Health,NHS Wyre Forest CCG,31/08/2018,C&M-GMS PrscrptnChrgsColl&RmttdbyGP,LOCAL ENHANCED SERVICES,ALYMER LODGE COOKLEY PARTNERSHIP,23630711,"1,892.00"
Department of Health,NHS Wyre Forest CCG,31/08/2018,Clinical&Medical-Independent Sector,GP FORWARD VIEW,WYRE FOREST HEALTH PARTNERSHIP,23662704,"43,029.00"
Department of Health,NHS Wyre Forest CCG,31/08/2018,Clinical&Medical-Independent Sector,ACUTE COMMISSIONING,SPIRE HEALTHCARE LTD,23666079,"32,057.00"
Department of Health,NHS Wyre Forest CCG,31/08/2018,Clinical&Medical-Independent Sector,OUT OF HOURS,CARE UK (URGENT CARE) LTD,23666093,"437,745.75"
Department of Health,NHS Wyre Forest CCG,31/08/2018,Hcare Srv Rec NHS Trust-Contract Baseline,ACUTE COMMISSIONING,UNIVERSITY HOSPITALS COVENTRY AND WARWICKSHIRE NHS TRUST,23692099,"41,816.24"
Department of Health,NHS Wyre Forest CCG,31/08/2018,Clinical&Medical-Independent Sector,ACUTE COMMISSIONING,BMI HEALTHCARE COLLECTIONS,23692467,"122,789.81"
Department of Health,NHS Wyre Forest CCG,31/08/2018,Hcare Srv Rec Fdtn Trust-Contract Baseline,ACUTE COMMISSIONING,DUDLEY GROUP HOSPITALS NHS FOUNDATION TRUST,23692514,"118,102.00"
Department of Health,NHS Wyre Forest CCG,31/08/2018,Hcare Srv Rec NHS CCG-Contract Baseline,CORPORATE COSTS & SERVICES,NHS SANDWELL AND WEST BIRMINGHAM CCG,23698725,"1,802.00"
Department of Health,NHS Wyre Forest CCG,31/08/2018,Hcare Srv Rec NHS CCG-Contract Baseline,NHS 111,NHS SANDWELL AND WEST BIRMINGHAM CCG,23698725,"31,072.00"
Department of Health,NHS Wyre Forest CCG,31/08/2018,Hcare Srv Rec NHS Trust-Contract Baseline,ACUTE COMMISSIONING,WORCESTERSHIRE ACUTE HOSPITALS NHS TRUST,23698727,"4,839,890.00"
Department of Health,NHS Wyre Forest CCG,31/08/2018,Hcare Srv Rec NHS Trust,MENTAL HEALTH CONTRACTS,WORCESTERSHIRE HEALTH & CARE NHS TRUST,23698728,"811,468.00"
Department of Health,NHS Wyre Forest CCG,31/08/2018,Hcare Srv Rec NHS Trust-Contract Baseline,COMMUNITY SERVICES,WORCESTERSHIRE HEALTH & CARE NHS TRUST,23698728,"872,568.00"
Department of Health,NHS Wyre Forest CCG,31/08/2018,Hcare Srv Rec Fdtn Trust-Contract Baseline,AMBULANCE SERVICES,WEST MIDLANDS AMBULANCE SERVICE NHS FOUNDATION TRUST,23698729,"332,479.00"
Department of Health,NHS Wyre Forest CCG,31/08/2018,Hcare Srv Rec Fdtn Trust-Contract Baseline,PATIENT TRANSPORT,WEST MIDLANDS AMBULANCE SERVICE NHS FOUNDATION TRUST,23698730,"50,932.00"
