A3131 - Expenditure Over Threshold,,,,,,,
,,,,,,,
,,,,,,,
,,,,,,,
,,,,,,,
Department family,Entity,Date,Expense Type,Expense area,Supplier,Transaction number,AP Amount (�)
Department of Health,NHS Wyre Forest CCG,31/05/2018,Hcare Srv Rec NHS CCG-Contract Baseline,CORPORATE COSTS & SERVICES,NHS SANDWELL AND WEST BIRMINGHAM CCG,21994190,"1,506.00 "
Department of Health,NHS Wyre Forest CCG,31/05/2018,Hcare Srv Rec NHS CCG-Contract Baseline,NHS 111,NHS SANDWELL AND WEST BIRMINGHAM CCG,21994190,"31,993.00 "
Department of Health,NHS Wyre Forest CCG,31/05/2018,Hcare Srv Rec NHS Trust-Contract Baseline,ACUTE COMMISSIONING,WORCESTERSHIRE ACUTE HOSPITALS NHS TRUST,21994191,"5,135,927.00 "
Department of Health,NHS Wyre Forest CCG,31/05/2018,Hcare Srv Rec NHS Trust,MENTAL HEALTH CONTRACTS,WORCESTERSHIRE HEALTH & CARE NHS TRUST,21994192,"811,469.00 "
Department of Health,NHS Wyre Forest CCG,31/05/2018,Hcare Srv Rec NHS Trust-Contract Baseline,COMMUNITY SERVICES,WORCESTERSHIRE HEALTH & CARE NHS TRUST,21994192,"872,568.00 "
Department of Health,NHS Wyre Forest CCG,31/05/2018,Hcare Srv Rec Fdtn Trust-Contract Baseline,PATIENT TRANSPORT,WEST MIDLANDS AMBULANCE SERVICE NHS FOUNDATION TRUST,21994193,"62,951.00 "
Department of Health,NHS Wyre Forest CCG,31/05/2018,Hcare Srv Rec Fdtn Trust-Contract Baseline,AMBULANCE SERVICES,WEST MIDLANDS AMBULANCE SERVICE NHS FOUNDATION TRUST,21994194,"365,820.00 "
Department of Health,NHS Wyre Forest CCG,31/05/2018,Clinical&Medical-Othe Public Sector,CHILD AND ADOLESCENT MENTAL HEALTH,WORCESTERSHIRE COUNTY COUNCIL,21996172,"(147,360.52)"
Department of Health,NHS Wyre Forest CCG,31/05/2018,Clinical&Medical-Othe Public Sector,COMMISSIONING - NON ACUTE,WORCESTERSHIRE COUNTY COUNCIL,21996172,"452,153.25 "
Department of Health,NHS Wyre Forest CCG,31/05/2018,Clinical&Medical-Othe Public Sector,LEARNING DIFFICULTIES,WORCESTERSHIRE COUNTY COUNCIL,21996172,"(12,725.68)"
Department of Health,NHS Wyre Forest CCG,31/05/2018,Clinical&Medical-Othe Public Sector,MENTAL HEALTH SERVICES - ADULTS,WORCESTERSHIRE COUNTY COUNCIL,21996172,(40.13)
Department of Health,NHS Wyre Forest CCG,31/05/2018,Clinical&Medical-Othe Public Sector,Mental Health Services - S117 Mental Health,WORCESTERSHIRE COUNTY COUNCIL,21996172,"209,714.08 "
Department of Health,NHS Wyre Forest CCG,31/05/2018,C&M-PMS LES In House Services,LOCAL ENHANCED SERVICES,DR N B COCKRELL & PARTNERS,21996218,"26,607.67 "
Department of Health,NHS Wyre Forest CCG,31/05/2018,C&M-PMS LES In House Services,LOCAL ENHANCED SERVICES,ALYMER LODGE COOKLEY PARTNERSHIP,21996254,"35,826.65 "
Department of Health,NHS Wyre Forest CCG,31/05/2018,legal fees,CORPORATE COSTS & SERVICES,NHS SOUTH WORCESTERSHIRE CCG,22036630,"25,953.00 "
Department of Health,NHS Wyre Forest CCG,31/05/2018,Clinical&Medical-Independent Sector,ACUTE COMMISSIONING,SPIRE HEALTHCARE LTD,22036644,"(384,685.00)"
Department of Health,NHS Wyre Forest CCG,31/05/2018,Clinical&Medical-Independent Sector,ACUTE COMMISSIONING,SPIRE HEALTHCARE LTD,22058759,"384,685.00 "
Department of Health,NHS Wyre Forest CCG,31/05/2018,C&M-PMS LES In House Services,LOCAL ENHANCED SERVICES,BEWDLEY MEDICAL CENTRE,22058762,"40,625.42 "
Department of Health,NHS Wyre Forest CCG,31/05/2018,C&M-PMS LES In House Services,LOCAL ENHANCED SERVICES,KIDDERMINSTER MEDICAL CENTRE,22058765,"26,254.57 "
Department of Health,NHS Wyre Forest CCG,31/05/2018,C&M-PMS LES In House Services,LOCAL ENHANCED SERVICES,YORK HOUSE MEDICAL CENTRE,22058768,"31,174.58 "
Department of Health,NHS Wyre Forest CCG,31/05/2018,C&M-PMS LES In House Services,LOCAL ENHANCED SERVICES,DR T C CAMPION & PARTNERS,22058769,"38,159.19 "
Department of Health,NHS Wyre Forest CCG,31/05/2018,Clinical&Medical-Independent Sector,ACUTE COMMISSIONING,SPIRE HEALTHCARE LTD,22058771,"32,057.00 "
Department of Health,NHS Wyre Forest CCG,31/05/2018,Hcare Srv Rec Fdtn Trust-Contract Baseline,ACUTE COMMISSIONING,BIRMINGHAM WOMENS AND CHILDRENS NHS FOUNDATION TRUST,22058777,"38,181.42 "
Department of Health,NHS Wyre Forest CCG,31/05/2018,Cont Care- Palliative Care,CHC ADULT FULLY FUNDED,NHS SOUTH WORCESTERSHIRE CCG,22058779,"(102,364.00)"
Department of Health,NHS Wyre Forest CCG,31/05/2018,Cont Care-Learning Disab(65+),CHC ADULT FULLY FUNDED,NHS SOUTH WORCESTERSHIRE CCG,22058779,"241,104.00 "
Department of Health,NHS Wyre Forest CCG,31/05/2018,Cont Care-Mental Health (65+),CHC ADULT FULLY FUNDED,NHS SOUTH WORCESTERSHIRE CCG,22058779,"140,774.00 "
Department of Health,NHS Wyre Forest CCG,31/05/2018,Cont Care-Mental Health (<65),CHC ADULT FULLY FUNDED,NHS SOUTH WORCESTERSHIRE CCG,22058779,"(21,502.00)"
Department of Health,NHS Wyre Forest CCG,31/05/2018,Cont Care-Physical Disab (65+),CHC ADULT FULLY FUNDED,NHS SOUTH WORCESTERSHIRE CCG,22058779,"103,870.00 "
Department of Health,NHS Wyre Forest CCG,31/05/2018,Cont Care-Physical Disab (<65),CHC ADULT FULLY FUNDED,NHS SOUTH WORCESTERSHIRE CCG,22058779,"(29,065.00)"
Department of Health,NHS Wyre Forest CCG,31/05/2018,Continuing Care- Equipment,CHC ADULT FULLY FUNDED,NHS SOUTH WORCESTERSHIRE CCG,22058779,"9,128.00 "
Department of Health,NHS Wyre Forest CCG,31/05/2018,Cont Care- Palliative Care,CHC ADULT FULLY FUNDED,NHS SOUTH WORCESTERSHIRE CCG,22058782,"71,000.00 "
Department of Health,NHS Wyre Forest CCG,31/05/2018,Cont Care-Learning Disab(65+),CHC ADULT FULLY FUNDED,NHS SOUTH WORCESTERSHIRE CCG,22058782,"156,000.00 "
Department of Health,NHS Wyre Forest CCG,31/05/2018,Cont Care-Mental Health (65+),CHC ADULT FULLY FUNDED,NHS SOUTH WORCESTERSHIRE CCG,22058782,"86,000.00 "
Department of Health,NHS Wyre Forest CCG,31/05/2018,Cont Care-Mental Health (<65),CHC ADULT FULLY FUNDED,NHS SOUTH WORCESTERSHIRE CCG,22058782,"9,000.00 "
Department of Health,NHS Wyre Forest CCG,31/05/2018,Cont Care-Physical Disab (65+),CHC ADULT FULLY FUNDED,NHS SOUTH WORCESTERSHIRE CCG,22058782,"78,000.00 "
Department of Health,NHS Wyre Forest CCG,31/05/2018,Cont Care-Physical Disab (<65),CHC ADULT FULLY FUNDED,NHS SOUTH WORCESTERSHIRE CCG,22058782,"93,000.00 "
Department of Health,NHS Wyre Forest CCG,31/05/2018,Continuing Care- Equipment,CHC ADULT FULLY FUNDED,NHS SOUTH WORCESTERSHIRE CCG,22058782,"2,000.00 "
Department of Health,NHS Wyre Forest CCG,31/05/2018,Hcare Srv Rec Fdtn Trust-Contract Baseline,ACUTE COMMISSIONING,UNIVERSITY HOSPITALS BIRMINGHAM NHS FOUNDATION TRUST,22114982,"(147,953.00)"
Department of Health,NHS Wyre Forest CCG,31/05/2018,Clinical&Medical-Independent Sector,ACUTE COMMISSIONING,BMI HEALTHCARE COLLECTIONS,22114987,"(140,864.28)"
Department of Health,NHS Wyre Forest CCG,31/05/2018,Charges from CSU,CORPORATE COSTS & SERVICES,NHS MIDLANDS AND LANCASHIRE CSU,22157193,"32,678.44 "
Department of Health,NHS Wyre Forest CCG,31/05/2018,Clinical&Medical-Othe Public Sector,CHILD AND ADOLESCENT MENTAL HEALTH,WORCESTERSHIRE COUNTY COUNCIL,22163933,"(15,179.00)"
Department of Health,NHS Wyre Forest CCG,31/05/2018,Clinical&Medical-Othe Public Sector,COMMISSIONING - NON ACUTE,WORCESTERSHIRE COUNTY COUNCIL,22163933,"54,750.00 "
Department of Health,NHS Wyre Forest CCG,31/05/2018,Clinical&Medical-Othe Public Sector,COMMUNITY SERVICES,WORCESTERSHIRE COUNTY COUNCIL,22163933,"206,633.00 "
Department of Health,NHS Wyre Forest CCG,31/05/2018,Clinical&Medical-Othe Public Sector,LEARNING DIFFICULTIES,WORCESTERSHIRE COUNTY COUNCIL,22163933,"32,441.00 "
Department of Health,NHS Wyre Forest CCG,31/05/2018,Clinical&Medical-Othe Public Sector,MENTAL HEALTH SERVICES - ADULTS,WORCESTERSHIRE COUNTY COUNCIL,22163933,"7,444.00 "
Department of Health,NHS Wyre Forest CCG,31/05/2018,Clinical&Medical-Othe Public Sector,Mental Health Services - S117 Mental Health,WORCESTERSHIRE COUNTY COUNCIL,22163933,"78,188.00 "
Department of Health,NHS Wyre Forest CCG,31/05/2018,Cont Care-Funded Nursing Care Allow,FUNDED NURSING CARE,WORCESTERSHIRE COUNTY COUNCIL,22163933,"206,894.00 "
Department of Health,NHS Wyre Forest CCG,31/05/2018,Hcare Srv Rec NHS Trust,CHILD AND ADOLESCENT MENTAL HEALTH,WORCESTERSHIRE COUNTY COUNCIL,22163933,"114,949.00 "
Department of Health,NHS Wyre Forest CCG,31/05/2018,Hcare Srv Rec NHS Trust,CHILDREN SERVICES,WORCESTERSHIRE COUNTY COUNCIL,22163933,"155,889.00 "
Department of Health,NHS Wyre Forest CCG,31/05/2018,Hcare Srv Rec NHS Trust,COMMUNITY SERVICES,WORCESTERSHIRE COUNTY COUNCIL,22163933,"(7,572.00)"
Department of Health,NHS Wyre Forest CCG,31/05/2018,Hcare Srv Rec NHS Trust,LEARNING DIFFICULTIES,WORCESTERSHIRE COUNTY COUNCIL,22163933,"68,374.00 "
Department of Health,NHS Wyre Forest CCG,31/05/2018,Hcare Srv Rec NHS Trust,WHEELCHAIR SERVICE,WORCESTERSHIRE COUNTY COUNCIL,22163933,"28,146.00 "
Department of Health,NHS Wyre Forest CCG,31/05/2018,C&M-PMS Contract Value,PRC DELEGATED CO-COMMISSIONING,BEWDLEY MEDICAL CENTRE,22177270,"116,118.90 "
Department of Health,NHS Wyre Forest CCG,31/05/2018,C&M-PMS DES Extended Hours Access,PRC DELEGATED CO-COMMISSIONING,BEWDLEY MEDICAL CENTRE,22177270,"7,300.28 "
Department of Health,NHS Wyre Forest CCG,31/05/2018,C&M-PMS DES Minor Surgery,PRC DELEGATED CO-COMMISSIONING,BEWDLEY MEDICAL CENTRE,22177270,"10,667.30 "
Department of Health,NHS Wyre Forest CCG,31/05/2018,C&M-PMS QOF Aspiration,PRC DELEGATED CO-COMMISSIONING,BEWDLEY MEDICAL CENTRE,22177270,"17,398.89 "
Department of Health,NHS Wyre Forest CCG,31/05/2018,C&M-PMS Small Practice Allowance,PRC DELEGATED CO-COMMISSIONING,BEWDLEY MEDICAL CENTRE,22177270,416.66 
Department of Health,NHS Wyre Forest CCG,31/05/2018,C&M-GMS DES Extended Hours Access,PRC DELEGATED CO-COMMISSIONING,DR J P SPALDING & PARTNER,22177272,"1,602.18 "
Department of Health,NHS Wyre Forest CCG,31/05/2018,C&M-GMS DES Minor Surgery,PRC DELEGATED CO-COMMISSIONING,DR J P SPALDING & PARTNER,22177272,"1,567.44 "
Department of Health,NHS Wyre Forest CCG,31/05/2018,C&M-GMS Dispensing Quality Sch,PRC DELEGATED CO-COMMISSIONING,DR J P SPALDING & PARTNER,22177272,"8,552.70 "
Department of Health,NHS Wyre Forest CCG,31/05/2018,C&M-GMS Global Sum,PRC DELEGATED CO-COMMISSIONING,DR J P SPALDING & PARTNER,22177272,"27,274.52 "
Department of Health,NHS Wyre Forest CCG,31/05/2018,C&M-GMS MPIG Correction Factor,PRC DELEGATED CO-COMMISSIONING,DR J P SPALDING & PARTNER,22177272,"1,245.43 "
Department of Health,NHS Wyre Forest CCG,31/05/2018,C&M-GMS Other Small Practice All,PRC DELEGATED CO-COMMISSIONING,DR J P SPALDING & PARTNER,22177272,416.66 
Department of Health,NHS Wyre Forest CCG,31/05/2018,C&M-GMS Prem Water Rates,PRC DELEGATED CO-COMMISSIONING,DR J P SPALDING & PARTNER,22177272,53.84 
Department of Health,NHS Wyre Forest CCG,31/05/2018,C&M-GMS QOF Aspiration,PRC DELEGATED CO-COMMISSIONING,DR J P SPALDING & PARTNER,22177272,"2,509.08 "
Department of Health,NHS Wyre Forest CCG,31/05/2018,C&M-GMS DES Extended Hours Access,PRC DELEGATED CO-COMMISSIONING,DR N B COCKRELL & PARTNERS,22177274,"4,086.43 "
Department of Health,NHS Wyre Forest CCG,31/05/2018,C&M-GMS DES Minor Surgery,PRC DELEGATED CO-COMMISSIONING,DR N B COCKRELL & PARTNERS,22177274,"4,266.92 "
Department of Health,NHS Wyre Forest CCG,31/05/2018,C&M-GMS Global Sum,PRC DELEGATED CO-COMMISSIONING,DR N B COCKRELL & PARTNERS,22177274,"64,141.83 "
Department of Health,NHS Wyre Forest CCG,31/05/2018,C&M-GMS Other FDR Payment,PRC DELEGATED CO-COMMISSIONING,DR N B COCKRELL & PARTNERS,22177274,"2,926.00 "
Department of Health,NHS Wyre Forest CCG,31/05/2018,C&M-GMS Other Small Practice All,PRC DELEGATED CO-COMMISSIONING,DR N B COCKRELL & PARTNERS,22177274,416.66 
Department of Health,NHS Wyre Forest CCG,31/05/2018,C&M-GMS PCO Locum Adop/Pat/Mat,PRC DELEGATED CO-COMMISSIONING,DR N B COCKRELL & PARTNERS,22177274,"6,562.54 "
Department of Health,NHS Wyre Forest CCG,31/05/2018,C&M-GMS QOF Aspiration,PRC DELEGATED CO-COMMISSIONING,DR N B COCKRELL & PARTNERS,22177274,"8,630.35 "
Department of Health,NHS Wyre Forest CCG,31/05/2018,C&M-GMS DES Extended Hours Access,PRC DELEGATED CO-COMMISSIONING,DR T C CAMPION & PARTNERS,22177276,"7,305.03 "
Department of Health,NHS Wyre Forest CCG,31/05/2018,C&M-GMS DES Minor Surgery,PRC DELEGATED CO-COMMISSIONING,DR T C CAMPION & PARTNERS,22177276,"7,140.56 "
Department of Health,NHS Wyre Forest CCG,31/05/2018,C&M-GMS Global Sum,PRC DELEGATED CO-COMMISSIONING,DR T C CAMPION & PARTNERS,22177276,"99,658.30 "
Department of Health,NHS Wyre Forest CCG,31/05/2018,C&M-GMS Other FDR Payment,PRC DELEGATED CO-COMMISSIONING,DR T C CAMPION & PARTNERS,22177276,"5,796.00 "
Department of Health,NHS Wyre Forest CCG,31/05/2018,C&M-GMS Other Small Practice All,PRC DELEGATED CO-COMMISSIONING,DR T C CAMPION & PARTNERS,22177276,416.66 
Department of Health,NHS Wyre Forest CCG,31/05/2018,C&M-GMS QOF Aspiration,PRC DELEGATED CO-COMMISSIONING,DR T C CAMPION & PARTNERS,22177276,"14,658.50 "
Department of Health,NHS Wyre Forest CCG,31/05/2018,C&M-GMS GP Statutory Levy,PRC DELEGATED CO-COMMISSIONING,YORK HOUSE MEDICAL CENTRE,22177278,(778.02)
Department of Health,NHS Wyre Forest CCG,31/05/2018,C&M-GMS Voluntary Levy,PRC DELEGATED CO-COMMISSIONING,YORK HOUSE MEDICAL CENTRE,22177278,(159.44)
Department of Health,NHS Wyre Forest CCG,31/05/2018,ME - GMS TPS Added Years Adj EEs,PRC DELEGATED CO-COMMISSIONING,YORK HOUSE MEDICAL CENTRE,22177278,(628.19)
Department of Health,NHS Wyre Forest CCG,31/05/2018,ME-GMS GP Pension EEs,PRC DELEGATED CO-COMMISSIONING,YORK HOUSE MEDICAL CENTRE,22177278,"(15,431.06)"
Department of Health,NHS Wyre Forest CCG,31/05/2018,ME-GMS GP Pension ERs Adjustments,PRC DELEGATED CO-COMMISSIONING,YORK HOUSE MEDICAL CENTRE,22177278,"(16,490.57)"
Department of Health,NHS Wyre Forest CCG,31/05/2018,C&M-GMS DES Extended Hours Access,PRC DELEGATED CO-COMMISSIONING,DR C DEVENPORT,22177280,"1,458.25 "
Department of Health,NHS Wyre Forest CCG,31/05/2018,C&M-GMS DES Minor Surgery,PRC DELEGATED CO-COMMISSIONING,DR C DEVENPORT,22177280,"6,879.32 "
Department of Health,NHS Wyre Forest CCG,31/05/2018,C&M-GMS Dispensing Quality Sch,PRC DELEGATED CO-COMMISSIONING,DR C DEVENPORT,22177280,"3,583.62 "
Department of Health,NHS Wyre Forest CCG,31/05/2018,C&M-GMS Global Sum,PRC DELEGATED CO-COMMISSIONING,DR C DEVENPORT,22177280,"23,400.84 "
Department of Health,NHS Wyre Forest CCG,31/05/2018,C&M-GMS MPIG Correction Factor,PRC DELEGATED CO-COMMISSIONING,DR C DEVENPORT,22177280,"1,110.32 "
Department of Health,NHS Wyre Forest CCG,31/05/2018,C&M-GMS Other Small Practice All,PRC DELEGATED CO-COMMISSIONING,DR C DEVENPORT,22177280,416.66 
Department of Health,NHS Wyre Forest CCG,31/05/2018,C&M-GMS QOF Aspiration,PRC DELEGATED CO-COMMISSIONING,DR C DEVENPORT,22177280,"2,616.37 "
Department of Health,NHS Wyre Forest CCG,31/05/2018,ME-GMS GP Pension EEs,PRC DELEGATED CO-COMMISSIONING,DR C DEVENPORT,22177280,"6,782.65 "
Department of Health,NHS Wyre Forest CCG,31/05/2018,ME-GMS GP Pension ERs Adjustments,PRC DELEGATED CO-COMMISSIONING,DR C DEVENPORT,22177280,"5,694.14 "
Department of Health,NHS Wyre Forest CCG,31/05/2018,C&M-GMS DES Extended Hours Access,PRC DELEGATED CO-COMMISSIONING,DR A J DE COTHI & PARTNERS,22177282,"6,342.20 "
Department of Health,NHS Wyre Forest CCG,31/05/2018,C&M-GMS DES Minor Surgery,PRC DELEGATED CO-COMMISSIONING,DR A J DE COTHI & PARTNERS,22177282,"14,019.88 "
Department of Health,NHS Wyre Forest CCG,31/05/2018,C&M-GMS Global Sum,PRC DELEGATED CO-COMMISSIONING,DR A J DE COTHI & PARTNERS,22177282,"93,804.39 "
Department of Health,NHS Wyre Forest CCG,31/05/2018,C&M-GMS Other FDR Payment,PRC DELEGATED CO-COMMISSIONING,DR A J DE COTHI & PARTNERS,22177282,"4,578.00 "
Department of Health,NHS Wyre Forest CCG,31/05/2018,C&M-GMS Other Small Practice All,PRC DELEGATED CO-COMMISSIONING,DR A J DE COTHI & PARTNERS,22177282,416.66 
Department of Health,NHS Wyre Forest CCG,31/05/2018,C&M-GMS QOF Aspiration,PRC DELEGATED CO-COMMISSIONING,DR A J DE COTHI & PARTNERS,22177282,"11,161.25 "
Department of Health,NHS Wyre Forest CCG,31/05/2018,ME - GMS GP Prior Year ERs,PRC DELEGATED CO-COMMISSIONING,DR A J DE COTHI & PARTNERS,22177282,582.97 
Department of Health,NHS Wyre Forest CCG,31/05/2018,ME-GMS GP Prior Year EEs,PRC DELEGATED CO-COMMISSIONING,DR A J DE COTHI & PARTNERS,22177282,550.39 
Department of Health,NHS Wyre Forest CCG,31/05/2018,C&M-GMS DES Extended Hours Access,PRC DELEGATED CO-COMMISSIONING,KIDDERMINSTER MEDICAL CENTRE,22177284,"6,284.62 "
Department of Health,NHS Wyre Forest CCG,31/05/2018,C&M-GMS DES Minor Surgery,PRC DELEGATED CO-COMMISSIONING,KIDDERMINSTER MEDICAL CENTRE,22177284,"11,625.18 "
Department of Health,NHS Wyre Forest CCG,31/05/2018,C&M-GMS Global Sum,PRC DELEGATED CO-COMMISSIONING,KIDDERMINSTER MEDICAL CENTRE,22177284,"91,084.48 "
Department of Health,NHS Wyre Forest CCG,31/05/2018,C&M-GMS MPIG Correction Factor,PRC DELEGATED CO-COMMISSIONING,KIDDERMINSTER MEDICAL CENTRE,22177284,"2,480.48 "
Department of Health,NHS Wyre Forest CCG,31/05/2018,C&M-GMS Other Small Practice All,PRC DELEGATED CO-COMMISSIONING,KIDDERMINSTER MEDICAL CENTRE,22177284,416.66 
Department of Health,NHS Wyre Forest CCG,31/05/2018,C&M-GMS PCO Locum Adop/Pat/Mat,PRC DELEGATED CO-COMMISSIONING,KIDDERMINSTER MEDICAL CENTRE,22177284,"1,383.25 "
Department of Health,NHS Wyre Forest CCG,31/05/2018,C&M-GMS Prem Rates,PRC DELEGATED CO-COMMISSIONING,KIDDERMINSTER MEDICAL CENTRE,22177284,"49,793.00 "
Department of Health,NHS Wyre Forest CCG,31/05/2018,C&M-GMS QOF Aspiration,PRC DELEGATED CO-COMMISSIONING,KIDDERMINSTER MEDICAL CENTRE,22177284,"13,534.62 "
Department of Health,NHS Wyre Forest CCG,31/05/2018,C&M-GMS GP Statutory Levy,PRC DELEGATED CO-COMMISSIONING,ALYMER LODGE COOKLEY PARTNERSHIP,22177302,(929.18)
Department of Health,NHS Wyre Forest CCG,31/05/2018,C&M-GMS Voluntary Levy,PRC DELEGATED CO-COMMISSIONING,ALYMER LODGE COOKLEY PARTNERSHIP,22177302,(190.42)
Department of Health,NHS Wyre Forest CCG,31/05/2018,ME - GMS TPS Added Years Adj EEs,PRC DELEGATED CO-COMMISSIONING,ALYMER LODGE COOKLEY PARTNERSHIP,22177302,(178.67)
Department of Health,NHS Wyre Forest CCG,31/05/2018,ME-GMS GP Pension EEs,PRC DELEGATED CO-COMMISSIONING,ALYMER LODGE COOKLEY PARTNERSHIP,22177302,"(15,463.91)"
Department of Health,NHS Wyre Forest CCG,31/05/2018,ME-GMS GP Pension ERs Adjustments,PRC DELEGATED CO-COMMISSIONING,ALYMER LODGE COOKLEY PARTNERSHIP,22177302,"(16,071.40)"
Department of Health,NHS Wyre Forest CCG,31/05/2018,C&M-GMS DES Extended Hours Access,PRC DELEGATED CO-COMMISSIONING,DR R A WARD & PARTNERS,22177305,"4,274.05 "
Department of Health,NHS Wyre Forest CCG,31/05/2018,C&M-GMS DES Minor Surgery,PRC DELEGATED CO-COMMISSIONING,DR R A WARD & PARTNERS,22177305,"8,533.84 "
Department of Health,NHS Wyre Forest CCG,31/05/2018,C&M-GMS Global Sum,PRC DELEGATED CO-COMMISSIONING,DR R A WARD & PARTNERS,22177305,"68,935.02 "
Department of Health,NHS Wyre Forest CCG,31/05/2018,C&M-GMS Other FDR Payment,PRC DELEGATED CO-COMMISSIONING,DR R A WARD & PARTNERS,22177305,241.00 
Department of Health,NHS Wyre Forest CCG,31/05/2018,C&M-GMS Other Small Practice All,PRC DELEGATED CO-COMMISSIONING,DR R A WARD & PARTNERS,22177305,416.66 
Department of Health,NHS Wyre Forest CCG,31/05/2018,C&M-GMS Prem Rates,PRC DELEGATED CO-COMMISSIONING,DR R A WARD & PARTNERS,22177305,"3,501.15 "
Department of Health,NHS Wyre Forest CCG,31/05/2018,C&M-GMS QOF Aspiration,PRC DELEGATED CO-COMMISSIONING,DR R A WARD & PARTNERS,22177305,"10,240.10 "
Department of Health,NHS Wyre Forest CCG,31/05/2018,C&M-GMS DES Extended Hours Access,PRC DELEGATED CO-COMMISSIONING,ALYMER LODGE COOKLEY PARTNERSHIP,22196146,"6,576.93 "
Department of Health,NHS Wyre Forest CCG,31/05/2018,C&M-GMS DES Minor Surgery,PRC DELEGATED CO-COMMISSIONING,ALYMER LODGE COOKLEY PARTNERSHIP,22196146,"6,443.92 "
Department of Health,NHS Wyre Forest CCG,31/05/2018,C&M-GMS Dispensing Quality Sch,PRC DELEGATED CO-COMMISSIONING,ALYMER LODGE COOKLEY PARTNERSHIP,22196146,"5,286.42 "
Department of Health,NHS Wyre Forest CCG,31/05/2018,C&M-GMS Global Sum,PRC DELEGATED CO-COMMISSIONING,ALYMER LODGE COOKLEY PARTNERSHIP,22196146,"101,025.03 "
Department of Health,NHS Wyre Forest CCG,31/05/2018,C&M-GMS Other FDR Payment,PRC DELEGATED CO-COMMISSIONING,ALYMER LODGE COOKLEY PARTNERSHIP,22196146,"4,433.00 "
Department of Health,NHS Wyre Forest CCG,31/05/2018,C&M-GMS Other Small Practice All,PRC DELEGATED CO-COMMISSIONING,ALYMER LODGE COOKLEY PARTNERSHIP,22196146,416.66 
Department of Health,NHS Wyre Forest CCG,31/05/2018,C&M-GMS PCO Doctors Ret Scheme,PRC DELEGATED CO-COMMISSIONING,ALYMER LODGE COOKLEY PARTNERSHIP,22196146,"5,846.08 "
Department of Health,NHS Wyre Forest CCG,31/05/2018,C&M-GMS QOF Aspiration,PRC DELEGATED CO-COMMISSIONING,ALYMER LODGE COOKLEY PARTNERSHIP,22196146,"13,603.34 "
Department of Health,NHS Wyre Forest CCG,31/05/2018,C&M-GMS DES Extended Hours Access,PRC DELEGATED CO-COMMISSIONING,HAGLEY SURGERY,22196147,"3,562.50 "
Department of Health,NHS Wyre Forest CCG,31/05/2018,C&M-GMS DES Minor Surgery,PRC DELEGATED CO-COMMISSIONING,HAGLEY SURGERY,22196147,"2,307.62 "
Department of Health,NHS Wyre Forest CCG,31/05/2018,C&M-GMS Global Sum,PRC DELEGATED CO-COMMISSIONING,HAGLEY SURGERY,22196147,"51,941.91 "
Department of Health,NHS Wyre Forest CCG,31/05/2018,C&M-GMS MPIG Correction Factor,PRC DELEGATED CO-COMMISSIONING,HAGLEY SURGERY,22196147,"1,596.50 "
Department of Health,NHS Wyre Forest CCG,31/05/2018,C&M-GMS Other Small Practice All,PRC DELEGATED CO-COMMISSIONING,HAGLEY SURGERY,22196147,416.66 
Department of Health,NHS Wyre Forest CCG,31/05/2018,C&M-GMS PCO Locum Sickness,PRC DELEGATED CO-COMMISSIONING,HAGLEY SURGERY,22196147,"17,638.00 "
Department of Health,NHS Wyre Forest CCG,31/05/2018,C&M-GMS Prem Rates,PRC DELEGATED CO-COMMISSIONING,HAGLEY SURGERY,22196147,"11,258.69 "
Department of Health,NHS Wyre Forest CCG,31/05/2018,C&M-GMS QOF Aspiration,PRC DELEGATED CO-COMMISSIONING,HAGLEY SURGERY,22196147,"6,325.47 "
Department of Health,NHS Wyre Forest CCG,31/05/2018,C&M-GMS DES Extended Hours Access,PRC DELEGATED CO-COMMISSIONING,YORK HOUSE MEDICAL CENTRE,22196148,"5,695.25 "
Department of Health,NHS Wyre Forest CCG,31/05/2018,C&M-GMS DES Minor Surgery,PRC DELEGATED CO-COMMISSIONING,YORK HOUSE MEDICAL CENTRE,22196148,"6,792.24 "
Department of Health,NHS Wyre Forest CCG,31/05/2018,C&M-GMS Global Sum,PRC DELEGATED CO-COMMISSIONING,YORK HOUSE MEDICAL CENTRE,22196148,"90,833.41 "
Department of Health,NHS Wyre Forest CCG,31/05/2018,C&M-GMS Other FDR Payment,PRC DELEGATED CO-COMMISSIONING,YORK HOUSE MEDICAL CENTRE,22196148,"5,734.00 "
Department of Health,NHS Wyre Forest CCG,31/05/2018,C&M-GMS Other Small Practice All,PRC DELEGATED CO-COMMISSIONING,YORK HOUSE MEDICAL CENTRE,22196148,416.66 
Department of Health,NHS Wyre Forest CCG,31/05/2018,C&M-GMS PCO Locum Adop/Pat/Mat,PRC DELEGATED CO-COMMISSIONING,YORK HOUSE MEDICAL CENTRE,22196148,"7,253.78 "
Department of Health,NHS Wyre Forest CCG,31/05/2018,C&M-GMS Prem Rates,PRC DELEGATED CO-COMMISSIONING,YORK HOUSE MEDICAL CENTRE,22196148,"21,360.00 "
Department of Health,NHS Wyre Forest CCG,31/05/2018,C&M-GMS Prem Water Rates,PRC DELEGATED CO-COMMISSIONING,YORK HOUSE MEDICAL CENTRE,22196148,326.05 
Department of Health,NHS Wyre Forest CCG,31/05/2018,C&M-GMS QOF Aspiration,PRC DELEGATED CO-COMMISSIONING,YORK HOUSE MEDICAL CENTRE,22196148,"13,713.50 "
Department of Health,NHS Wyre Forest CCG,31/05/2018,Hcare Srv Rec Fdtn Trust-Contract Baseline,AMBULANCE SERVICES,WEST MIDLANDS AMBULANCE SERVICE NHS FOUNDATION TRUST,22232390,"27,503.00 "
Department of Health,NHS Wyre Forest CCG,31/05/2018,Clinical&Medical-Independent Sector,ACUTE COMMISSIONING,BMI HEALTHCARE COLLECTIONS,22232478,"122,789.81 "
Department of Health,NHS Wyre Forest CCG,31/05/2018,Clinical&Medical-Independent Sector,ACUTE COMMISSIONING,BMI HEALTHCARE COLLECTIONS,22232480,"122,789.81 "
Department of Health,NHS Wyre Forest CCG,31/05/2018,Hcare Srv Rec Fdtn Trust-Contract Baseline,ACUTE COMMISSIONING,ROYAL ORTHOPAEDIC HOSPITAL NHS FOUNDATION TRUST,22232481,"100,581.24 "
Department of Health,NHS Wyre Forest CCG,31/05/2018,Clinical&Medical-Independent Sector,ACUTE COMMISSIONING,BMI HEALTHCARE COLLECTIONS,22330159,"140,864.28 "
Department of Health,NHS Wyre Forest CCG,31/05/2018,Hcare Srv Rec Fdtn Trust-Contract Baseline,ACUTE COMMISSIONING,DUDLEY GROUP HOSPITALS NHS FOUNDATION TRUST,22330168,"173,282.50 "
Department of Health,NHS Wyre Forest CCG,31/05/2018,Hcare Srv Rec Fdtn Trust-Contract Baseline,ACUTE COMMISSIONING,UNIVERSITY HOSPITALS BIRMINGHAM NHS FOUNDATION TRUST,22330208,"152,472.00 "
Department of Health,NHS Wyre Forest CCG,31/05/2018,NHS Recbles <1Yr-Recharges Out,BALANCE SHEET,NHS REDDITCH AND BROMSGROVE CCG,22330213,"56,732.00 "
Department of Health,NHS Wyre Forest CCG,31/05/2018,NHS Recbles <1Yr-Recharges Out,BALANCE SHEET,NHS SOUTH WORCESTERSHIRE CCG,22330217,"99,698.66 "
Department of Health,NHS Wyre Forest CCG,31/05/2018,Clinical&Medical-Independent Sector,OUT OF HOURS,CARE UK (URGENT CARE) LTD,22330252,"437,745.75 "
Department of Health,NHS Wyre Forest CCG,31/05/2018,Hcare Srv Rec Fdtn Trust-Contract Baseline,ACUTE COMMISSIONING,DUDLEY GROUP HOSPITALS NHS FOUNDATION TRUST,22352528,"364,309.96 "
Department of Health,NHS Wyre Forest CCG,31/05/2018,Clinical&Medical-Independent Sector,OUT OF HOURS,CARE UK (URGENT CARE) LTD,22352534,"56,368.00 "
Department of Health,NHS Wyre Forest CCG,31/05/2018,Clinical&Medical-Independent Sector,GP FORWARD VIEW,WYRE FOREST HEALTH PARTNERSHIP,22358949,"31,643.99 "
Department of Health,NHS Wyre Forest CCG,31/05/2018,C&M-GMS Cost of Drugs -Dispensing,LOCAL ENHANCED SERVICES,DR J P SPALDING & PARTNER,22363994,"(28,218.96)"
Department of Health,NHS Wyre Forest CCG,31/05/2018,C&M-GMS PrscChrgsCll&RmttdbyGPCntra,PRC DELEGATED CO-COMMISSIONING,DR J P SPALDING & PARTNER,22363994,"(2,313.40)"
Department of Health,NHS Wyre Forest CCG,31/05/2018,C&M-GMS Cost of Drugs -Dispensing,LOCAL ENHANCED SERVICES,DR J P SPALDING & PARTNER,22363996,"54,925.76 "
Department of Health,NHS Wyre Forest CCG,31/05/2018,C&M-GMS Prof Fees Dispensing,PRC DELEGATED CO-COMMISSIONING,DR J P SPALDING & PARTNER,22363996,"11,689.60 "
Department of Health,NHS Wyre Forest CCG,31/05/2018,C&M-GMS PrscrptnChrgsColl&RmttdbyGP,LOCAL ENHANCED SERVICES,DR J P SPALDING & PARTNER,22363996,"2,313.40 "
Department of Health,NHS Wyre Forest CCG,31/05/2018,C&M-GMS Cost of Drugs -Dispensing,LOCAL ENHANCED SERVICES,DR C DEVENPORT,22364002,"26,999.34 "
Department of Health,NHS Wyre Forest CCG,31/05/2018,C&M-GMS Prof Fees Dispensing,PRC DELEGATED CO-COMMISSIONING,DR C DEVENPORT,22364002,"6,500.72 "
Department of Health,NHS Wyre Forest CCG,31/05/2018,C&M-GMS PrscrptnChrgsColl&RmttdbyGP,LOCAL ENHANCED SERVICES,DR C DEVENPORT,22364002,"1,152.40 "
Department of Health,NHS Wyre Forest CCG,31/05/2018,C&M-GMS Cost of Drugs -Dispensing,LOCAL ENHANCED SERVICES,ALYMER LODGE COOKLEY PARTNERSHIP,22366915,"(31,596.50)"
Department of Health,NHS Wyre Forest CCG,31/05/2018,C&M-GMS PrscChrgsCll&RmttdbyGPCntra,PRC DELEGATED CO-COMMISSIONING,ALYMER LODGE COOKLEY PARTNERSHIP,22366915,"(1,599.60)"
Department of Health,NHS Wyre Forest CCG,31/05/2018,C&M-GMS Cost of Drugs -Dispensing,LOCAL ENHANCED SERVICES,ALYMER LODGE COOKLEY PARTNERSHIP,22366916,"57,520.87 "
Department of Health,NHS Wyre Forest CCG,31/05/2018,C&M-GMS Prof Fees Dispensing,PRC DELEGATED CO-COMMISSIONING,ALYMER LODGE COOKLEY PARTNERSHIP,22366916,"14,281.70 "
Department of Health,NHS Wyre Forest CCG,31/05/2018,C&M-GMS PrscrptnChrgsColl&RmttdbyGP,LOCAL ENHANCED SERVICES,ALYMER LODGE COOKLEY PARTNERSHIP,22366916,"1,599.60 "
Department of Health,NHS Wyre Forest CCG,31/05/2018,Hcare Srv Rec NHS CCG-Contract Baseline,CORPORATE COSTS & SERVICES,NHS SANDWELL AND WEST BIRMINGHAM CCG,22408751,"2,156.00 "
Department of Health,NHS Wyre Forest CCG,31/05/2018,Hcare Srv Rec NHS CCG-Contract Baseline,NHS 111,NHS SANDWELL AND WEST BIRMINGHAM CCG,22408751,"31,072.00 "
Department of Health,NHS Wyre Forest CCG,31/05/2018,Hcare Srv Rec NHS Trust-Contract Baseline,ACUTE COMMISSIONING,WORCESTERSHIRE ACUTE HOSPITALS NHS TRUST,22408752,"4,839,890.00 "
Department of Health,NHS Wyre Forest CCG,31/05/2018,Hcare Srv Rec NHS Trust,MENTAL HEALTH CONTRACTS,WORCESTERSHIRE HEALTH & CARE NHS TRUST,22408753,"811,469.00 "
Department of Health,NHS Wyre Forest CCG,31/05/2018,Hcare Srv Rec NHS Trust-Contract Baseline,COMMUNITY SERVICES,WORCESTERSHIRE HEALTH & CARE NHS TRUST,22408753,"872,567.00 "
Department of Health,NHS Wyre Forest CCG,31/05/2018,Hcare Srv Rec Fdtn Trust-Contract Baseline,PATIENT TRANSPORT,WEST MIDLANDS AMBULANCE SERVICE NHS FOUNDATION TRUST,22408754,"47,780.00 "
Department of Health,NHS Wyre Forest CCG,31/05/2018,Hcare Srv Rec Fdtn Trust-Contract Baseline,AMBULANCE SERVICES,WEST MIDLANDS AMBULANCE SERVICE NHS FOUNDATION TRUST,22408755,"332,479.00 "
,,,,,,,
