"A3131 - Expenditure Over �25,000 - APRIL 2018",,,,,,,,,
,,,,,,,,,
,,,,,,,,,
,,,,,,,,,
Time run: 01/02/2018 10:37:07,,,,,,,,,
,,,,,,,,,
Department family,Entity,Date,Expense Type,Expense area,Supplier,Transaction number,AP Amount (�),VAT registration number,Purchase invoice number
Department of Health,NHS Walsall CCG,4/30/2018,IT(Owned)-Cost-Addns-Purch Assets,Balance Sheet,CDI GROUP LTD,21571230,"38,942.40 ",GB558913013,0000046557
Department of Health,NHS Walsall CCG,4/30/2018,Basic Sal-Rechgs to-from Other NHS,CEO/ BOARD OFFICE,NHS DUDLEY CCG,21593165,"257,265.35 ",,7018800344
Department of Health,NHS Walsall CCG,4/30/2018,Hcare Srv Rec Fdtn Trust-Contract Baseline,ACUTE COMMISSIONING,WEST MIDLANDS AMBULANCE SERVICE NHS FOUNDATION TRUST,21593169,"238,057.05 ",GB654950708,C0003260
Department of Health,NHS Walsall CCG,4/30/2018,Non-PFI Oprtng Lease-Bldgs-Lease Rent,RECHARGES NHS PROPERTY SERVICES LTD,DUDLEY AND WALSALL MENTAL HEALTH PARTNERSHIP NHS TRUST,21605881,"59,341.60 ",654439224,0010004937
Department of Health,NHS Walsall CCG,4/30/2018,Clinical&Medical-Othe Public Sector,INTERMEDIATE CARE,WALSALL METROPOLITAN BOROUGH COUNCIL,21625648,"50,000.00 ",,687410
Department of Health,NHS Walsall CCG,4/30/2018,Hcare Srv Rec Fdtn Trust-Contract Baseline,ACUTE COMMISSIONING,UNIVERSITY HOSPITAL BIRMINGHAM NHS FOUNDATION TRUST,21625981,"426,559.00 ",654965101,OPT112917
Department of Health,NHS Walsall CCG,4/30/2018,Hcare Srv Rec Fdtn Trust-Drugs,ACUTE COMMISSIONING,NHS ENGLAND,21626009,"136,000.00 ",654 442 045,7000027424
Department of Health,NHS Walsall CCG,4/30/2018,Clinical&Medical-Independent Sector,NCAS/OATS,SPIRE HEALTHCARE LTD,21626099,"348,633.00 ",915970991,05YLASPF181901
Department of Health,NHS Walsall CCG,4/30/2018,Hcare Srv Rec Fdtn Trust-Contract Baseline,ACUTE COMMISSIONING,DUDLEY GROUP HOSPITALS NHS FOUNDATION TRUST,21626217,"203,105.37 ",,1000029356
Department of Health,NHS Walsall CCG,4/30/2018,Non-PFI Oprtng Lease-Bldgs-Lease Rent,RECHARGES NHS PROPERTY SERVICES LTD,NHS PROPERTY SERVICES LTD,21634371,"36,945.45 ",156725100,NAVS02532
Department of Health,NHS Walsall CCG,4/30/2018,Clinical&Medical-Voluntary Sector,CHILD AND ADOLESCENT MENTAL HEALTH,WPH COUNSELLING & EDUC SERV,21634389,"9,472.00 ",,28MH
Department of Health,NHS Walsall CCG,4/30/2018,Clinical&Medical-Voluntary Sector,MENTAL HEALTH SERVICES - ADULTS,WPH COUNSELLING & EDUC SERV,21634389,"32,375.00 ",,28MH
Department of Health,NHS Walsall CCG,4/30/2018,FM Computer Contracts,PRIMARY CARE IT,WALSALL HEALTHCARE NHS TRUST,21634478,"80,000.00 ",654948981,C044201
Department of Health,NHS Walsall CCG,4/30/2018,Hcare Srv Rec NHS Trust-Non Contract,HOSPICES,WALSALL HEALTHCARE NHS TRUST,21634480,"38,209.00 ",654948981,C044186
Department of Health,NHS Walsall CCG,4/30/2018,Hcare Srv Rec Fdtn Trust-Contract Baseline,ACUTE COMMISSIONING,BURTON HOSPITALS NHS FOUNDATION TRUST,21634492,"57,594.00 ",,IN119123
Department of Health,NHS Walsall CCG,4/30/2018,Hcare Srv Rec NHS Trust-Contract Baseline,ACUTE COMMISSIONING,ROYAL WOLVERHAMPTON HOSPITALS NHS TRUST (THE),21634629,"2,500,149.00 ",,0000216249
Department of Health,NHS Walsall CCG,4/30/2018,IT(Owned)-Cost-Addns-Purch Assets,Balance Sheet,INSIGHT DIRECT (UK) LTD,21641942,"132,811.41 ",746 0751 29,3822268
Department of Health,NHS Walsall CCG,4/30/2018,Apprenticeship Levy Payable,BALANCE SHEET,HMRC,21659650,467.00 ,,120PF005761691812
Department of Health,NHS Walsall CCG,4/30/2018,Income tax <1Yr,BALANCE SHEET,HMRC,21659650,"56,198.24 ",,120PF005761691812
Department of Health,NHS Walsall CCG,4/30/2018,Income tax <1Yr-Student Loans,BALANCE SHEET,HMRC,21659650,118.00 ,,120PF005761691812
Department of Health,NHS Walsall CCG,4/30/2018,National Insurance < 1 yr-NI- ERS,BALANCE SHEET,HMRC,21659650,"37,469.73 ",,120PF005761691812
Department of Health,NHS Walsall CCG,4/30/2018,National Insurance < 1 yr-NI-EES,BALANCE SHEET,HMRC,21659650,"25,153.62 ",,120PF005761691812
Department of Health,NHS Walsall CCG,4/30/2018,Statutory Mat Pay < 1 yr,BALANCE SHEET,HMRC,21659650,"(5,539.05)",,120PF005761691812
Department of Health,NHS Walsall CCG,4/30/2018,Clinical&Medical-Independent Sector,MENTAL HEALTH SERVICES - OLDER PEOPLE,ALPHA HEALTH CARE LTD,21726124,"39,857.16 ",,81008
Department of Health,NHS Walsall CCG,4/30/2018,Cont Care- Prior Year Payments,CHC CHILDREN,ACORNS CHILDRENS HOSPICE TRUST,21726160,"26,350.00 ",,SINT931
Department of Health,NHS Walsall CCG,4/30/2018,C&M-GMS LES Ultrasound,LOCAL ENHANCED SERVICES,MEDISCAN DIAGNOSTIC SERVICES LTD,21726172,"25,272.00 ",,INV002876
Department of Health,NHS Walsall CCG,4/30/2018,Cont Care- Prior Year Payments,CHC CHILDREN,WALSALL METROPOLITAN BOROUGH COUNCIL,21726234,"51,959.42 ",,695646
Department of Health,NHS Walsall CCG,4/30/2018,Hcare Srv Rec Fdtn Trust-Contract Cost per Case,LEARNING DIFFICULTIES,BLACK COUNTRY PARTNERSHIP NHS FOUNDATION TRUST,21726239,"68,892.00 ",,1100005197
Department of Health,NHS Walsall CCG,4/30/2018,Cont Care- Prior Year Payments,CHC ADULT FULLY FUNDED,ACEPAY LTD TRADING ACC,21726292,"28,518.07 ",,RB310318
Department of Health,NHS Walsall CCG,4/30/2018,Social Care-Nursing Short Stay Exp,INTERMEDIATE CARE,ACEPAY LTD TRADING ACC,21726292,"2,400.00 ",,RB310318
Department of Health,NHS Walsall CCG,4/30/2018,Hcare Srv Rec Fdtn Trust-Contract Baseline,ACUTE COMMISSIONING,UNIVERSITY HOSPITAL BIRMINGHAM NHS FOUNDATION TRUST,21726295,"539,363.00 ",654965101,OPT113976
Department of Health,NHS Walsall CCG,4/30/2018,Hcare Srv Rec NHS Trust-Drugs,ACUTE COMMISSIONING,WALSALL HEALTHCARE NHS TRUST,21726298,"36,204.04 ",654948981,C044248
Department of Health,NHS Walsall CCG,4/30/2018,Hcare Srv Rec Fdtn Trust-Contract Baseline,ACUTE COMMISSIONING,BHAM WOMENS & CHILDRENS NHS FT,21726299,"140,649.50 ",GB654964300,15699709
Department of Health,NHS Walsall CCG,4/30/2018,Hcare Srv Rec Fdtn Trust-Over/ Under Performance,ACUTE COMMISSIONING,ROYAL ORTHOPAEDIC HOSPITAL NHS FOUNDATION TRUST,21726300,"171,030.97 ",654965296,0000046192
Department of Health,NHS Walsall CCG,4/30/2018,Hcare Srv Rec NHS CCG-Contract Baseline,NHS 111,NHS SANDWELL AND WEST BIRMINGHAM CCG,21731445,"89,703.00 ",,GK18190005
Department of Health,NHS Walsall CCG,4/30/2018,Hcare Srv Rec Fdtn Trust-Contract Baseline,AMBULANCE SERVICES,WEST MIDLANDS AMBULANCE SERVICE NHS FOUNDATION TRUST,21731449,"821,583.00 ",GB654950708,GK18190004
Department of Health,NHS Walsall CCG,4/30/2018,FM Computer Contracts,PRIMARY CARE IT,WALSALL HEALTHCARE NHS TRUST,21731450,"66,667.00 ",654948981,GK18190007
Department of Health,NHS Walsall CCG,4/30/2018,Hcare Srv Rec NHS Trust-Contract Baseline,ACUTE COMMISSIONING,SANDWELL AND WEST BIRMINGHAM HOSPITALS NHS TRUST,21731452,"420,500.00 ",GB654916216,GK18190008
Department of Health,NHS Walsall CCG,4/30/2018,Hcare Srv Rec NHS Trust-Contract Baseline,COMMUNITY SERVICES,SANDWELL AND WEST BIRMINGHAM HOSPITALS NHS TRUST,21731452,"8,515.00 ",GB654916216,GK18190008
Department of Health,NHS Walsall CCG,4/30/2018,Hcare Srv Rec NHS Trust-Contract Baseline,ACUTE COMMISSIONING,WALSALL HEALTHCARE NHS TRUST,21733002,"13,307,754.00 ",654948981,GK18190001
Department of Health,NHS Walsall CCG,4/30/2018,Cont Care- Prior Year Payments,FUNDED NURSING CARE,RICHMOND HALL CARE HOME,21739218,"3,566.15 ",,QA00001043
Department of Health,NHS Walsall CCG,4/30/2018,Cont Care-Funded Nursing Care Allow,FUNDED NURSING CARE,RICHMOND HALL CARE HOME,21739218,"24,401.88 ",,QA00001043
Department of Health,NHS Walsall CCG,4/30/2018,Cont Care-Funded Nursing Care Allow,FUNDED NURSING CARE,ADVINIA HEALTH CARE LTD,21739231,"36,602.82 ",,QA00001054
Department of Health,NHS Walsall CCG,4/30/2018,Hcare Srv Rec NHS Trust-Contract Baseline,COMMUNITY SERVICES,ROYAL WOLVERHAMPTON HOSPITALS NHS TRUST (THE),21740703,"109,658.00 ",,0000216254
Department of Health,NHS Walsall CCG,4/30/2018,Cont Care- Palliative Care,CHC ADULT FULLY FUNDED,WALSALL METROPOLITAN BOROUGH COUNCIL,21790819,"68,773.28 ",,695766
Department of Health,NHS Walsall CCG,4/30/2018,Cont Care-Adult Mental Health (65+),CHC ADULT FULLY FUNDED,WALSALL METROPOLITAN BOROUGH COUNCIL,21790819,"19,010.68 ",,695766
Department of Health,NHS Walsall CCG,4/30/2018,Cont Care-Adult Physical Disab (65+),CHC ADULT FULLY FUNDED,WALSALL METROPOLITAN BOROUGH COUNCIL,21790819,"84,399.51 ",,695766
Department of Health,NHS Walsall CCG,4/30/2018,Cont Care-Adult Physical Disab (<65),CHC ADULT FULLY FUNDED,WALSALL METROPOLITAN BOROUGH COUNCIL,21790819,"89,173.92 ",,695766
Department of Health,NHS Walsall CCG,4/30/2018,Cont Care-Adult Physical Disab (<65),CHC ADULT JOINT FUNDED,WALSALL METROPOLITAN BOROUGH COUNCIL,21790819,243.57 ,,695766
Department of Health,NHS Walsall CCG,4/30/2018,Cont Care- Palliative Care,CHC ADULT FULLY FUNDED,WALSALL METROPOLITAN BOROUGH COUNCIL,21790821,"28,370.63 ",,695830
Department of Health,NHS Walsall CCG,4/30/2018,Cont Care-Adult Mental Health (65+),CHC ADULT FULLY FUNDED,WALSALL METROPOLITAN BOROUGH COUNCIL,21790821,"4,017.32 ",,695830
Department of Health,NHS Walsall CCG,4/30/2018,Cont Care-Adult Physical Disab (65+),CHC ADULT FULLY FUNDED,WALSALL METROPOLITAN BOROUGH COUNCIL,21790821,"36,641.33 ",,695830
Department of Health,NHS Walsall CCG,4/30/2018,Cont Care-Adult Physical Disab (<65),CHC ADULT FULLY FUNDED,WALSALL METROPOLITAN BOROUGH COUNCIL,21790821,"37,848.29 ",,695830
Department of Health,NHS Walsall CCG,4/30/2018,Cont Care-Adult Physical Disab (<65),CHC ADULT JOINT FUNDED,WALSALL METROPOLITAN BOROUGH COUNCIL,21790821,109.99 ,,695830
Department of Health,NHS Walsall CCG,4/30/2018,Training Expenses,SAFEGUARDING,BLACK COUNTRY WOMENS AID,21812035,"29,927.33 ",,0876
Department of Health,NHS Walsall CCG,4/30/2018,C&M-GMS Cost of Drugs -Prescribing,LOCAL ENHANCED SERVICES,ASKEY & PARTNERS,21817062,"2,214.37 ",,WAL000011144
Department of Health,NHS Walsall CCG,4/30/2018,C&M-GMS DES Learn Dsblty Hlth Chk,PRC DELEGATED CO-COMMISSIONING,ASKEY & PARTNERS,21817062,"1,624.00 ",,WAL000011144
Department of Health,NHS Walsall CCG,4/30/2018,C&M-GMS Global Sum,PRC DELEGATED CO-COMMISSIONING,ASKEY & PARTNERS,21817062,"71,324.36 ",,WAL000011144
Department of Health,NHS Walsall CCG,4/30/2018,C&M-GMS Prem Actual Rent,PRC DELEGATED CO-COMMISSIONING,ASKEY & PARTNERS,21817062,"15,350.00 ",,WAL000011144
Department of Health,NHS Walsall CCG,4/30/2018,C&M-GMS Prof Fees Prescribing,PRC DELEGATED CO-COMMISSIONING,ASKEY & PARTNERS,21817062,512.48 ,,WAL000011144
Department of Health,NHS Walsall CCG,4/30/2018,C&M-GMS QOF Aspiration,PRC DELEGATED CO-COMMISSIONING,ASKEY & PARTNERS,21817062,"8,704.74 ",,WAL000011144
Department of Health,NHS Walsall CCG,4/30/2018,C&M-PMS Contract Value,PRC DELEGATED CO-COMMISSIONING,APMS HARDEN,21817066,"35,274.58 ",,WAL000011148
Department of Health,NHS Walsall CCG,4/30/2018,C&M-PMS Cost of Drugs -Prescribing,LOCAL ENHANCED SERVICES,APMS HARDEN,21817066,157.91 ,,WAL000011148
Department of Health,NHS Walsall CCG,4/30/2018,C&M-PMS Prof fees Prescribing,PRC DELEGATED CO-COMMISSIONING,APMS HARDEN,21817066,99.41 ,,WAL000011148
Department of Health,NHS Walsall CCG,4/30/2018,C&M-PMS QOF Aspiration,PRC DELEGATED CO-COMMISSIONING,APMS HARDEN,21817066,"1,888.30 ",,WAL000011148
Department of Health,NHS Walsall CCG,4/30/2018,C&M-GMS Cost of Drugs -Prescribing,LOCAL ENHANCED SERVICES,AS GILL & P CHEEMA,21817068,"2,290.69 ",,WAL000011150
Department of Health,NHS Walsall CCG,4/30/2018,C&M-GMS Global Sum,PRC DELEGATED CO-COMMISSIONING,AS GILL & P CHEEMA,21817068,"68,225.96 ",,WAL000011150
Department of Health,NHS Walsall CCG,4/30/2018,C&M-GMS Prof Fees Prescribing,PRC DELEGATED CO-COMMISSIONING,AS GILL & P CHEEMA,21817068,633.98 ,,WAL000011150
Department of Health,NHS Walsall CCG,4/30/2018,C&M-GMS QOF Aspiration,PRC DELEGATED CO-COMMISSIONING,AS GILL & P CHEEMA,21817068,"7,673.84 ",,WAL000011150
Department of Health,NHS Walsall CCG,4/30/2018,C&M-PMS Contract Value,PRC DELEGATED CO-COMMISSIONING,CA STEDALL,21817070,"50,043.28 ",,WAL000011152
Department of Health,NHS Walsall CCG,4/30/2018,C&M-PMS Cost of Drugs -Prescribing,LOCAL ENHANCED SERVICES,CA STEDALL,21817070,302.18 ,,WAL000011152
Department of Health,NHS Walsall CCG,4/30/2018,C&M-PMS Prem Actual Rent,PRC DELEGATED CO-COMMISSIONING,CA STEDALL,21817070,"8,311.67 ",,WAL000011152
Department of Health,NHS Walsall CCG,4/30/2018,C&M-PMS Prem Notional Rent,PRC DELEGATED CO-COMMISSIONING,CA STEDALL,21817070,"1,333.33 ",,WAL000011152
Department of Health,NHS Walsall CCG,4/30/2018,C&M-PMS Prof fees Prescribing,PRC DELEGATED CO-COMMISSIONING,CA STEDALL,21817070,79.52 ,,WAL000011152
Department of Health,NHS Walsall CCG,4/30/2018,C&M-PMS QOF Aspiration,PRC DELEGATED CO-COMMISSIONING,CA STEDALL,21817070,"3,685.44 ",,WAL000011152
Department of Health,NHS Walsall CCG,4/30/2018,C&M-GMS Cost of Drugs -Prescribing,LOCAL ENHANCED SERVICES,CONOD & PARTNERS,21817072,"1,729.26 ",,WAL000011154
Department of Health,NHS Walsall CCG,4/30/2018,C&M-GMS Global Sum,PRC DELEGATED CO-COMMISSIONING,CONOD & PARTNERS,21817072,"54,331.16 ",,WAL000011154
Department of Health,NHS Walsall CCG,4/30/2018,C&M-GMS Prem Actual Rent,PRC DELEGATED CO-COMMISSIONING,CONOD & PARTNERS,21817072,"2,500.00 ",,WAL000011154
Department of Health,NHS Walsall CCG,4/30/2018,C&M-GMS Prof Fees Prescribing,PRC DELEGATED CO-COMMISSIONING,CONOD & PARTNERS,21817072,196.60 ,,WAL000011154
Department of Health,NHS Walsall CCG,4/30/2018,C&M-GMS QOF Aspiration,PRC DELEGATED CO-COMMISSIONING,CONOD & PARTNERS,21817072,"5,049.69 ",,WAL000011154
Department of Health,NHS Walsall CCG,4/30/2018,C&M-PMS Contract Value,PRC DELEGATED CO-COMMISSIONING,COALPOOL SURGERY,21817074,"44,141.94 ",,WAL000011156
Department of Health,NHS Walsall CCG,4/30/2018,C&M-PMS Cost of Drugs -Prescribing,LOCAL ENHANCED SERVICES,COALPOOL SURGERY,21817074,211.25 ,,WAL000011156
Department of Health,NHS Walsall CCG,4/30/2018,C&M-PMS DES Learn Dsblty Hlth Chk,PRC DELEGATED CO-COMMISSIONING,COALPOOL SURGERY,21817074,"1,508.00 ",,WAL000011156
Department of Health,NHS Walsall CCG,4/30/2018,C&M-PMS Prof fees Prescribing,PRC DELEGATED CO-COMMISSIONING,COALPOOL SURGERY,21817074,101.61 ,,WAL000011156
Department of Health,NHS Walsall CCG,4/30/2018,C&M-PMS QOF Aspiration,PRC DELEGATED CO-COMMISSIONING,COALPOOL SURGERY,21817074,"2,790.92 ",,WAL000011156
Department of Health,NHS Walsall CCG,4/30/2018,C&M-PMS Contract Value,PRC DELEGATED CO-COMMISSIONING,COLLINGWOOD FAMILY PRACTICE,21817076,"56,549.18 ",,WAL000011158
Department of Health,NHS Walsall CCG,4/30/2018,C&M-PMS Cost of Drugs -Prescribing,LOCAL ENHANCED SERVICES,COLLINGWOOD FAMILY PRACTICE,21817076,36.92 ,,WAL000011158
Department of Health,NHS Walsall CCG,4/30/2018,C&M-PMS Prof fees Prescribing,PRC DELEGATED CO-COMMISSIONING,COLLINGWOOD FAMILY PRACTICE,21817076,30.92 ,,WAL000011158
Department of Health,NHS Walsall CCG,4/30/2018,C&M-PMS QOF Aspiration,PRC DELEGATED CO-COMMISSIONING,COLLINGWOOD FAMILY PRACTICE,21817076,"3,961.38 ",,WAL000011158
Department of Health,NHS Walsall CCG,4/30/2018,C&M-GMS Global Sum,PRC DELEGATED CO-COMMISSIONING,DR A THOMAS,21817080,"35,042.88 ",,WAL000011162
Department of Health,NHS Walsall CCG,4/30/2018,C&M-GMS Prem Actual Rent,PRC DELEGATED CO-COMMISSIONING,DR A THOMAS,21817080,"5,235.33 ",,WAL000011162
Department of Health,NHS Walsall CCG,4/30/2018,C&M-GMS QOF Aspiration,PRC DELEGATED CO-COMMISSIONING,DR A THOMAS,21817080,"3,546.87 ",,WAL000011162
Department of Health,NHS Walsall CCG,4/30/2018,C&M-GMS Cost of Drugs -Prescribing,LOCAL ENHANCED SERVICES,DR A KHERA,21817082,"1,093.16 ",,WAL000011164
Department of Health,NHS Walsall CCG,4/30/2018,C&M-GMS Global Sum,PRC DELEGATED CO-COMMISSIONING,DR A KHERA,21817082,"29,152.42 ",,WAL000011164
Department of Health,NHS Walsall CCG,4/30/2018,C&M-GMS Prem Notional Rent,PRC DELEGATED CO-COMMISSIONING,DR A KHERA,21817082,"2,186.92 ",,WAL000011164
Department of Health,NHS Walsall CCG,4/30/2018,C&M-GMS Prof Fees Prescribing,PRC DELEGATED CO-COMMISSIONING,DR A KHERA,21817082,143.59 ,,WAL000011164
Department of Health,NHS Walsall CCG,4/30/2018,C&M-GMS QOF Aspiration,PRC DELEGATED CO-COMMISSIONING,DR A KHERA,21817082,"2,459.24 ",,WAL000011164
Department of Health,NHS Walsall CCG,4/30/2018,C&M-GMS Cost of Drugs -Prescribing,LOCAL ENHANCED SERVICES,DR MAHMOOD,21817088,192.14 ,,WAL000011170
Department of Health,NHS Walsall CCG,4/30/2018,C&M-GMS Global Sum,PRC DELEGATED CO-COMMISSIONING,DR MAHMOOD,21817088,"24,096.10 ",,WAL000011170
Department of Health,NHS Walsall CCG,4/30/2018,C&M-GMS MPIG Correction Factor,PRC DELEGATED CO-COMMISSIONING,DR MAHMOOD,21817088,17.82 ,,WAL000011170
Department of Health,NHS Walsall CCG,4/30/2018,C&M-GMS Prem Cost Rent,PRC DELEGATED CO-COMMISSIONING,DR MAHMOOD,21817088,"2,547.17 ",,WAL000011170
Department of Health,NHS Walsall CCG,4/30/2018,C&M-GMS Prem Water Rates,PRC DELEGATED CO-COMMISSIONING,DR MAHMOOD,21817088,82.29 ,,WAL000011170
Department of Health,NHS Walsall CCG,4/30/2018,C&M-GMS Prof Fees Prescribing,PRC DELEGATED CO-COMMISSIONING,DR MAHMOOD,21817088,86.15 ,,WAL000011170
Department of Health,NHS Walsall CCG,4/30/2018,C&M-GMS QOF Aspiration,PRC DELEGATED CO-COMMISSIONING,DR MAHMOOD,21817088,"2,378.14 ",,WAL000011170
Department of Health,NHS Walsall CCG,4/30/2018,C&M-GMS Cost of Drugs -Dispensing,LOCAL ENHANCED SERVICES,DR KUNDU & PAL,21817090,"6,166.05 ",,WAL000011172
Department of Health,NHS Walsall CCG,4/30/2018,C&M-GMS Global Sum,PRC DELEGATED CO-COMMISSIONING,DR KUNDU & PAL,21817090,"39,519.87 ",,WAL000011172
Department of Health,NHS Walsall CCG,4/30/2018,C&M-GMS Prem Cost Rent,PRC DELEGATED CO-COMMISSIONING,DR KUNDU & PAL,21817090,708.33 ,,WAL000011172
Department of Health,NHS Walsall CCG,4/30/2018,C&M-GMS Prem Notional Rent,PRC DELEGATED CO-COMMISSIONING,DR KUNDU & PAL,21817090,"2,582.63 ",,WAL000011172
Department of Health,NHS Walsall CCG,4/30/2018,C&M-GMS Prem Rates,PRC DELEGATED CO-COMMISSIONING,DR KUNDU & PAL,21817090,"6,274.17 ",,WAL000011172
Department of Health,NHS Walsall CCG,4/30/2018,C&M-GMS Prof Fees Dispensing,PRC DELEGATED CO-COMMISSIONING,DR KUNDU & PAL,21817090,"1,187.20 ",,WAL000011172
Department of Health,NHS Walsall CCG,4/30/2018,C&M-GMS PrscrptnChrgsColl&RmttdbyGP,LOCAL ENHANCED SERVICES,DR KUNDU & PAL,21817090,232.20 ,,WAL000011172
Department of Health,NHS Walsall CCG,4/30/2018,C&M-GMS QOF Aspiration,PRC DELEGATED CO-COMMISSIONING,DR KUNDU & PAL,21817090,"5,473.57 ",,WAL000011172
Department of Health,NHS Walsall CCG,4/30/2018,C&M-GMS Global Sum,PRC DELEGATED CO-COMMISSIONING,DR SURI WALSALL,21817098,"34,990.46 ",,WAL000011180
Department of Health,NHS Walsall CCG,4/30/2018,C&M-GMS MPIG Correction Factor,PRC DELEGATED CO-COMMISSIONING,DR SURI WALSALL,21817098,503.36 ,,WAL000011180
Department of Health,NHS Walsall CCG,4/30/2018,C&M-GMS Prem Notional Rent,PRC DELEGATED CO-COMMISSIONING,DR SURI WALSALL,21817098,"3,916.67 ",,WAL000011180
Department of Health,NHS Walsall CCG,4/30/2018,C&M-GMS QOF Aspiration,PRC DELEGATED CO-COMMISSIONING,DR SURI WALSALL,21817098,"3,205.16 ",,WAL000011180
Department of Health,NHS Walsall CCG,4/30/2018,C&M-GMS Cost of Drugs -Prescribing,LOCAL ENHANCED SERVICES,DR SJ VAID,21817100,710.74 ,,WAL000011182
Department of Health,NHS Walsall CCG,4/30/2018,C&M-GMS DES Minor Surgery,PRC DELEGATED CO-COMMISSIONING,DR SJ VAID,21817100,435.40 ,,WAL000011182
Department of Health,NHS Walsall CCG,4/30/2018,C&M-GMS Global Sum,PRC DELEGATED CO-COMMISSIONING,DR SJ VAID,21817100,"34,616.51 ",,WAL000011182
Department of Health,NHS Walsall CCG,4/30/2018,C&M-GMS Prof Fees Prescribing,PRC DELEGATED CO-COMMISSIONING,DR SJ VAID,21817100,150.21 ,,WAL000011182
Department of Health,NHS Walsall CCG,4/30/2018,C&M-GMS QOF Aspiration,PRC DELEGATED CO-COMMISSIONING,DR SJ VAID,21817100,"2,981.87 ",,WAL000011182
Department of Health,NHS Walsall CCG,4/30/2018,C&M-GMS Cost of Drugs -Prescribing,LOCAL ENHANCED SERVICES,DRS JAWAHAR MOHAN & LOTLIKAR,21817104,547.49 ,,WAL000011186
Department of Health,NHS Walsall CCG,4/30/2018,C&M-GMS Global Sum,PRC DELEGATED CO-COMMISSIONING,DRS JAWAHAR MOHAN & LOTLIKAR,21817104,"50,489.69 ",,WAL000011186
Department of Health,NHS Walsall CCG,4/30/2018,C&M-GMS Prem Rates,PRC DELEGATED CO-COMMISSIONING,DRS JAWAHAR MOHAN & LOTLIKAR,21817104,"16,131.86 ",,WAL000011186
Department of Health,NHS Walsall CCG,4/30/2018,C&M-GMS Prof Fees Prescribing,PRC DELEGATED CO-COMMISSIONING,DRS JAWAHAR MOHAN & LOTLIKAR,21817104,81.74 ,,WAL000011186
Department of Health,NHS Walsall CCG,4/30/2018,C&M-GMS QOF Aspiration,PRC DELEGATED CO-COMMISSIONING,DRS JAWAHAR MOHAN & LOTLIKAR,21817104,"5,213.04 ",,WAL000011186
Department of Health,NHS Walsall CCG,4/30/2018,C&M-GMS Cost of Drugs -Prescribing,LOCAL ENHANCED SERVICES,DRS PILLAI & NAIR,21817106,"1,311.51 ",,WAL000011190
Department of Health,NHS Walsall CCG,4/30/2018,C&M-GMS Global Sum,PRC DELEGATED CO-COMMISSIONING,DRS PILLAI & NAIR,21817106,"36,787.98 ",,WAL000011190
Department of Health,NHS Walsall CCG,4/30/2018,C&M-GMS Prof Fees Prescribing,PRC DELEGATED CO-COMMISSIONING,DRS PILLAI & NAIR,21817106,159.05 ,,WAL000011190
Department of Health,NHS Walsall CCG,4/30/2018,C&M-GMS QOF Aspiration,PRC DELEGATED CO-COMMISSIONING,DRS PILLAI & NAIR,21817106,"4,804.16 ",,WAL000011190
Department of Health,NHS Walsall CCG,4/30/2018,C&M-GMS Cost of Drugs -Prescribing,LOCAL ENHANCED SERVICES,DRS GHAFFAR & ASGHAR,21817108,448.19 ,,WAL000011192
Department of Health,NHS Walsall CCG,4/30/2018,C&M-GMS DES Learn Dsblty Hlth Chk,PRC DELEGATED CO-COMMISSIONING,DRS GHAFFAR & ASGHAR,21817108,"2,240.00 ",,WAL000011192
Department of Health,NHS Walsall CCG,4/30/2018,C&M-GMS Global Sum,PRC DELEGATED CO-COMMISSIONING,DRS GHAFFAR & ASGHAR,21817108,"70,311.88 ",,WAL000011192
Department of Health,NHS Walsall CCG,4/30/2018,C&M-GMS Prof Fees Prescribing,PRC DELEGATED CO-COMMISSIONING,DRS GHAFFAR & ASGHAR,21817108,103.83 ,,WAL000011192
Department of Health,NHS Walsall CCG,4/30/2018,C&M-GMS QOF Aspiration,PRC DELEGATED CO-COMMISSIONING,DRS GHAFFAR & ASGHAR,21817108,"7,874.43 ",,WAL000011192
Department of Health,NHS Walsall CCG,4/30/2018,C&M-GMS Cost of Drugs -Prescribing,LOCAL ENHANCED SERVICES,DUGAS & PARTNERS,21817110,"2,312.62 ",,WAL000011194
Department of Health,NHS Walsall CCG,4/30/2018,C&M-GMS Global Sum,PRC DELEGATED CO-COMMISSIONING,DUGAS & PARTNERS,21817110,"31,744.05 ",,WAL000011194
Department of Health,NHS Walsall CCG,4/30/2018,C&M-GMS MPIG Correction Factor,PRC DELEGATED CO-COMMISSIONING,DUGAS & PARTNERS,21817110,212.87 ,,WAL000011194
Department of Health,NHS Walsall CCG,4/30/2018,C&M-GMS Prem Cost Rent,PRC DELEGATED CO-COMMISSIONING,DUGAS & PARTNERS,21817110,"5,496.33 ",,WAL000011194
Department of Health,NHS Walsall CCG,4/30/2018,C&M-GMS Prem Notional Rent,PRC DELEGATED CO-COMMISSIONING,DUGAS & PARTNERS,21817110,683.33 ,,WAL000011194
Department of Health,NHS Walsall CCG,4/30/2018,C&M-GMS Prem Rates,PRC DELEGATED CO-COMMISSIONING,DUGAS & PARTNERS,21817110,"12,098.89 ",,WAL000011194
Department of Health,NHS Walsall CCG,4/30/2018,C&M-GMS Prof Fees Prescribing,PRC DELEGATED CO-COMMISSIONING,DUGAS & PARTNERS,21817110,231.95 ,,WAL000011194
Department of Health,NHS Walsall CCG,4/30/2018,C&M-GMS QOF Aspiration,PRC DELEGATED CO-COMMISSIONING,DUGAS & PARTNERS,21817110,"3,118.79 ",,WAL000011194
Department of Health,NHS Walsall CCG,4/30/2018,C&M-PMS Contract Value,PRC DELEGATED CO-COMMISSIONING,HOLLAND PARK SURGERY WALSALL,21817112,"34,351.99 ",,WAL000011196
Department of Health,NHS Walsall CCG,4/30/2018,C&M-PMS Cost of Drugs -Prescribing,LOCAL ENHANCED SERVICES,HOLLAND PARK SURGERY WALSALL,21817112,101.94 ,,WAL000011196
Department of Health,NHS Walsall CCG,4/30/2018,C&M-PMS Prof fees Prescribing,PRC DELEGATED CO-COMMISSIONING,HOLLAND PARK SURGERY WALSALL,21817112,33.14 ,,WAL000011196
Department of Health,NHS Walsall CCG,4/30/2018,C&M-PMS QOF Aspiration,PRC DELEGATED CO-COMMISSIONING,HOLLAND PARK SURGERY WALSALL,21817112,"3,673.63 ",,WAL000011196
Department of Health,NHS Walsall CCG,4/30/2018,C&M-GMS Cost of Drugs -Prescribing,LOCAL ENHANCED SERVICES,HOULAHAN & PARTNERS,21817114,736.01 ,,WAL000011198
Department of Health,NHS Walsall CCG,4/30/2018,C&M-GMS DES Learn Dsblty Hlth Chk,PRC DELEGATED CO-COMMISSIONING,HOULAHAN & PARTNERS,21817114,"1,960.00 ",,WAL000011198
Department of Health,NHS Walsall CCG,4/30/2018,C&M-GMS Global Sum,PRC DELEGATED CO-COMMISSIONING,HOULAHAN & PARTNERS,21817114,"70,701.11 ",,WAL000011198
Department of Health,NHS Walsall CCG,4/30/2018,C&M-GMS MPIG Correction Factor,PRC DELEGATED CO-COMMISSIONING,HOULAHAN & PARTNERS,21817114,179.92 ,,WAL000011198
Department of Health,NHS Walsall CCG,4/30/2018,C&M-GMS Prem Cost Rent,PRC DELEGATED CO-COMMISSIONING,HOULAHAN & PARTNERS,21817114,"3,822.33 ",,WAL000011198
Department of Health,NHS Walsall CCG,4/30/2018,C&M-GMS Prem Notional Rent,PRC DELEGATED CO-COMMISSIONING,HOULAHAN & PARTNERS,21817114,529.58 ,,WAL000011198
Department of Health,NHS Walsall CCG,4/30/2018,C&M-GMS Prof Fees Prescribing,PRC DELEGATED CO-COMMISSIONING,HOULAHAN & PARTNERS,21817114,189.98 ,,WAL000011198
Department of Health,NHS Walsall CCG,4/30/2018,C&M-GMS QOF Aspiration,PRC DELEGATED CO-COMMISSIONING,HOULAHAN & PARTNERS,21817114,"7,672.05 ",,WAL000011198
Department of Health,NHS Walsall CCG,4/30/2018,C&M-GMS Cost of Drugs -Prescribing,LOCAL ENHANCED SERVICES,DR I KHAN & DR S MERALI,21817117,"1,051.26 ",,WAL000011202
Department of Health,NHS Walsall CCG,4/30/2018,C&M-GMS Global Sum,PRC DELEGATED CO-COMMISSIONING,DR I KHAN & DR S MERALI,21817117,"24,366.07 ",,WAL000011202
Department of Health,NHS Walsall CCG,4/30/2018,C&M-GMS MPIG Correction Factor,PRC DELEGATED CO-COMMISSIONING,DR I KHAN & DR S MERALI,21817117,243.86 ,,WAL000011202
Department of Health,NHS Walsall CCG,4/30/2018,C&M-GMS Prof Fees Prescribing,PRC DELEGATED CO-COMMISSIONING,DR I KHAN & DR S MERALI,21817117,240.78 ,,WAL000011202
Department of Health,NHS Walsall CCG,4/30/2018,C&M-GMS QOF Aspiration,PRC DELEGATED CO-COMMISSIONING,DR I KHAN & DR S MERALI,21817117,"2,547.92 ",,WAL000011202
Department of Health,NHS Walsall CCG,4/30/2018,C&M-GMS Cost of Drugs -Prescribing,LOCAL ENHANCED SERVICES,JAY & PANSARI,21817119,423.08 ,,WAL000011204
Department of Health,NHS Walsall CCG,4/30/2018,C&M-GMS Global Sum,PRC DELEGATED CO-COMMISSIONING,JAY & PANSARI,21817119,"29,193.71 ",,WAL000011204
Department of Health,NHS Walsall CCG,4/30/2018,C&M-GMS Prof Fees Prescribing,PRC DELEGATED CO-COMMISSIONING,JAY & PANSARI,21817119,50.81 ,,WAL000011204
Department of Health,NHS Walsall CCG,4/30/2018,C&M-GMS QOF Aspiration,PRC DELEGATED CO-COMMISSIONING,JAY & PANSARI,21817119,"3,817.58 ",,WAL000011204
Department of Health,NHS Walsall CCG,4/30/2018,C&M-PMS Contract Value,PRC DELEGATED CO-COMMISSIONING,KEYS PRACTICE GPS,21817123,"60,697.74 ",,WAL000011208
Department of Health,NHS Walsall CCG,4/30/2018,C&M-PMS DES Learn Dsblty Hlth Chk,PRC DELEGATED CO-COMMISSIONING,KEYS PRACTICE GPS,21817123,"1,508.00 ",,WAL000011208
Department of Health,NHS Walsall CCG,4/30/2018,C&M-PMS QOF Aspiration,PRC DELEGATED CO-COMMISSIONING,KEYS PRACTICE GPS,21817123,"3,096.37 ",,WAL000011208
Department of Health,NHS Walsall CCG,4/30/2018,C&M-GMS Cost of Drugs -Prescribing,LOCAL ENHANCED SERVICES,LITTLE LONDON SURGERY,21817125,"1,893.44 ",,WAL000011210
Department of Health,NHS Walsall CCG,4/30/2018,C&M-GMS Global Sum,PRC DELEGATED CO-COMMISSIONING,LITTLE LONDON SURGERY,21817125,"59,892.87 ",,WAL000011210
Department of Health,NHS Walsall CCG,4/30/2018,C&M-GMS Prem Notional Rent,PRC DELEGATED CO-COMMISSIONING,LITTLE LONDON SURGERY,21817125,"4,881.25 ",,WAL000011210
Department of Health,NHS Walsall CCG,4/30/2018,C&M-GMS Prof Fees Prescribing,PRC DELEGATED CO-COMMISSIONING,LITTLE LONDON SURGERY,21817125,273.92 ,,WAL000011210
Department of Health,NHS Walsall CCG,4/30/2018,C&M-GMS QOF Aspiration,PRC DELEGATED CO-COMMISSIONING,LITTLE LONDON SURGERY,21817125,"6,990.92 ",,WAL000011210
Department of Health,NHS Walsall CCG,4/30/2018,C&M-GMS Cost of Drugs -Prescribing,LOCAL ENHANCED SERVICES,LOCKSTOWN PRACTICE,21817127,"1,033.64 ",,WAL000011212
Department of Health,NHS Walsall CCG,4/30/2018,C&M-GMS Global Sum,PRC DELEGATED CO-COMMISSIONING,LOCKSTOWN PRACTICE,21817127,"58,077.55 ",,WAL000011212
Department of Health,NHS Walsall CCG,4/30/2018,C&M-GMS MPIG Correction Factor,PRC DELEGATED CO-COMMISSIONING,LOCKSTOWN PRACTICE,21817127,27.60 ,,WAL000011212
Department of Health,NHS Walsall CCG,4/30/2018,C&M-GMS Prem Actual Rent,PRC DELEGATED CO-COMMISSIONING,LOCKSTOWN PRACTICE,21817127,"5,235.33 ",,WAL000011212
Department of Health,NHS Walsall CCG,4/30/2018,C&M-GMS Prem Cost Rent,PRC DELEGATED CO-COMMISSIONING,LOCKSTOWN PRACTICE,21817127,"3,607.50 ",,WAL000011212
Department of Health,NHS Walsall CCG,4/30/2018,C&M-GMS Prem Water Rates,PRC DELEGATED CO-COMMISSIONING,LOCKSTOWN PRACTICE,21817127,668.36 ,,WAL000011212
Department of Health,NHS Walsall CCG,4/30/2018,C&M-GMS Prof Fees Prescribing,PRC DELEGATED CO-COMMISSIONING,LOCKSTOWN PRACTICE,21817127,364.48 ,,WAL000011212
Department of Health,NHS Walsall CCG,4/30/2018,C&M-GMS QOF Aspiration,PRC DELEGATED CO-COMMISSIONING,LOCKSTOWN PRACTICE,21817127,"8,150.52 ",,WAL000011212
Department of Health,NHS Walsall CCG,4/30/2018,C&M-GMS Cost of Drugs -Prescribing,LOCAL ENHANCED SERVICES,M Z ABEDIN,21817129,689.33 ,,WAL000011214
Department of Health,NHS Walsall CCG,4/30/2018,C&M-GMS Global Sum,PRC DELEGATED CO-COMMISSIONING,M Z ABEDIN,21817129,"26,030.86 ",,WAL000011214
Department of Health,NHS Walsall CCG,4/30/2018,C&M-GMS Prem Cost Rent,PRC DELEGATED CO-COMMISSIONING,M Z ABEDIN,21817129,"1,964.58 ",,WAL000011214
Department of Health,NHS Walsall CCG,4/30/2018,C&M-GMS Prof Fees Prescribing,PRC DELEGATED CO-COMMISSIONING,M Z ABEDIN,21817129,435.17 ,,WAL000011214
Department of Health,NHS Walsall CCG,4/30/2018,C&M-GMS QOF Aspiration,PRC DELEGATED CO-COMMISSIONING,M Z ABEDIN,21817129,"3,118.53 ",,WAL000011214
Department of Health,NHS Walsall CCG,4/30/2018,C&M-GMS Cost of Drugs -Prescribing,LOCAL ENHANCED SERVICES,RUSHALL MEDICAL CENTRE,21817133,"5,347.76 ",,WAL000011224
Department of Health,NHS Walsall CCG,4/30/2018,C&M-GMS Global Sum,PRC DELEGATED CO-COMMISSIONING,RUSHALL MEDICAL CENTRE,21817133,"105,760.63 ",,WAL000011224
Department of Health,NHS Walsall CCG,4/30/2018,C&M-GMS MPIG Correction Factor,PRC DELEGATED CO-COMMISSIONING,RUSHALL MEDICAL CENTRE,21817133,340.58 ,,WAL000011224
Department of Health,NHS Walsall CCG,4/30/2018,C&M-GMS PCO Locum Adop/Pat/Mat,PRC DELEGATED CO-COMMISSIONING,RUSHALL MEDICAL CENTRE,21817133,"24,691.34 ",,WAL000011224
Department of Health,NHS Walsall CCG,4/30/2018,C&M-GMS PCO Other,PRC DELEGATED CO-COMMISSIONING,RUSHALL MEDICAL CENTRE,21817133,"5,237.00 ",,WAL000011224
Department of Health,NHS Walsall CCG,4/30/2018,C&M-GMS Prem Notional Rent,PRC DELEGATED CO-COMMISSIONING,RUSHALL MEDICAL CENTRE,21817133,"13,556.09 ",,WAL000011224
Department of Health,NHS Walsall CCG,4/30/2018,C&M-GMS Prof Fees Prescribing,PRC DELEGATED CO-COMMISSIONING,RUSHALL MEDICAL CENTRE,21817133,815.12 ,,WAL000011224
Department of Health,NHS Walsall CCG,4/30/2018,C&M-GMS QOF Aspiration,PRC DELEGATED CO-COMMISSIONING,RUSHALL MEDICAL CENTRE,21817133,"14,940.43 ",,WAL000011224
Department of Health,NHS Walsall CCG,4/30/2018,C&M-GMS Cost of Drugs -Prescribing,LOCAL ENHANCED SERVICES,S F ALI,21817135,703.87 ,,WAL000011226
Department of Health,NHS Walsall CCG,4/30/2018,C&M-GMS Global Sum,PRC DELEGATED CO-COMMISSIONING,S F ALI,21817135,"29,853.15 ",,WAL000011226
Department of Health,NHS Walsall CCG,4/30/2018,C&M-GMS Prem Notional Rent,PRC DELEGATED CO-COMMISSIONING,S F ALI,21817135,"1,943.75 ",,WAL000011226
Department of Health,NHS Walsall CCG,4/30/2018,C&M-GMS Prof Fees Prescribing,PRC DELEGATED CO-COMMISSIONING,S F ALI,21817135,163.47 ,,WAL000011226
Department of Health,NHS Walsall CCG,4/30/2018,C&M-GMS QOF Aspiration,PRC DELEGATED CO-COMMISSIONING,S F ALI,21817135,"3,604.06 ",,WAL000011226
Department of Health,NHS Walsall CCG,4/30/2018,C&M-GMS Cost of Drugs -Prescribing,LOCAL ENHANCED SERVICES,SINHA RISCHIE & SINHA,21817137,808.39 ,,WAL000011228
Department of Health,NHS Walsall CCG,4/30/2018,C&M-GMS Global Sum,PRC DELEGATED CO-COMMISSIONING,SINHA RISCHIE & SINHA,21817137,"54,303.93 ",,WAL000011228
Department of Health,NHS Walsall CCG,4/30/2018,C&M-GMS MPIG Correction Factor,PRC DELEGATED CO-COMMISSIONING,SINHA RISCHIE & SINHA,21817137,363.89 ,,WAL000011228
Department of Health,NHS Walsall CCG,4/30/2018,C&M-GMS Prem Actual Rent,PRC DELEGATED CO-COMMISSIONING,SINHA RISCHIE & SINHA,21817137,"12,800.00 ",,WAL000011228
Department of Health,NHS Walsall CCG,4/30/2018,C&M-GMS Prof Fees Prescribing,PRC DELEGATED CO-COMMISSIONING,SINHA RISCHIE & SINHA,21817137,181.14 ,,WAL000011228
Department of Health,NHS Walsall CCG,4/30/2018,C&M-GMS QOF Aspiration,PRC DELEGATED CO-COMMISSIONING,SINHA RISCHIE & SINHA,21817137,"6,560.72 ",,WAL000011228
Department of Health,NHS Walsall CCG,4/30/2018,C&M-GMS Global Sum,PRC DELEGATED CO-COMMISSIONING,THORNETT,21817139,"23,048.43 ",,WAL000011230
Department of Health,NHS Walsall CCG,4/30/2018,C&M-GMS QOF Aspiration,PRC DELEGATED CO-COMMISSIONING,THORNETT,21817139,"2,854.93 ",,WAL000011230
Department of Health,NHS Walsall CCG,4/30/2018,ME - GMS GP Prior Year ERs,PRC DELEGATED CO-COMMISSIONING,THORNETT,21817139,"3,350.60 ",,WAL000011230
Department of Health,NHS Walsall CCG,4/30/2018,ME-GMS GP Prior Year EEs,PRC DELEGATED CO-COMMISSIONING,THORNETT,21817139,"4,428.85 ",,WAL000011230
Department of Health,NHS Walsall CCG,4/30/2018,C&M-PMS Contract Value,PRC DELEGATED CO-COMMISSIONING,VILLAGE PRACTICE GPS,21817141,"75,431.58 ",,WAL000011232
Department of Health,NHS Walsall CCG,4/30/2018,C&M-PMS Cost of Drugs -Prescribing,LOCAL ENHANCED SERVICES,VILLAGE PRACTICE GPS,21817141,385.22 ,,WAL000011232
Department of Health,NHS Walsall CCG,4/30/2018,C&M-PMS DES UNPLANNED ADMISSIONS,PRC DELEGATED CO-COMMISSIONING,VILLAGE PRACTICE GPS,21817141,"4,307.38 ",,WAL000011232
Department of Health,NHS Walsall CCG,4/30/2018,C&M-PMS Prof fees Prescribing,PRC DELEGATED CO-COMMISSIONING,VILLAGE PRACTICE GPS,21817141,134.75 ,,WAL000011232
Department of Health,NHS Walsall CCG,4/30/2018,C&M-PMS QOF Aspiration,PRC DELEGATED CO-COMMISSIONING,VILLAGE PRACTICE GPS,21817141,"5,475.64 ",,WAL000011232
Department of Health,NHS Walsall CCG,4/30/2018,C&M-GMS DES Learn Dsblty Hlth Chk,PRC DELEGATED CO-COMMISSIONING,VITARANA,21817143,580.00 ,,WAL000011234
Department of Health,NHS Walsall CCG,4/30/2018,C&M-GMS Global Sum,PRC DELEGATED CO-COMMISSIONING,VITARANA,21817143,"22,426.19 ",,WAL000011234
Department of Health,NHS Walsall CCG,4/30/2018,C&M-GMS Prem Cost Rent,PRC DELEGATED CO-COMMISSIONING,VITARANA,21817143,"5,981.33 ",,WAL000011234
Department of Health,NHS Walsall CCG,4/30/2018,C&M-GMS QOF Aspiration,PRC DELEGATED CO-COMMISSIONING,VITARANA,21817143,"1,730.27 ",,WAL000011234
Department of Health,NHS Walsall CCG,4/30/2018,C&M-PMS Contract Value,PRC DELEGATED CO-COMMISSIONING,WHARF PRACTICE GPS,21817145,"46,240.09 ",,WAL000011236
Department of Health,NHS Walsall CCG,4/30/2018,C&M-PMS Cost of Drugs -Prescribing,LOCAL ENHANCED SERVICES,WHARF PRACTICE GPS,21817145,959.34 ,,WAL000011236
Department of Health,NHS Walsall CCG,4/30/2018,C&M-PMS DES Learn Dsblty Hlth Chk,PRC DELEGATED CO-COMMISSIONING,WHARF PRACTICE GPS,21817145,232.00 ,,WAL000011236
Department of Health,NHS Walsall CCG,4/30/2018,C&M-PMS Prof fees Prescribing,PRC DELEGATED CO-COMMISSIONING,WHARF PRACTICE GPS,21817145,198.82 ,,WAL000011236
Department of Health,NHS Walsall CCG,4/30/2018,C&M-PMS QOF Aspiration,PRC DELEGATED CO-COMMISSIONING,WHARF PRACTICE GPS,21817145,"1,764.57 ",,WAL000011236
Department of Health,NHS Walsall CCG,4/30/2018,C&M-GMS Cost of Drugs -Prescribing,LOCAL ENHANCED SERVICES,LOCKFIELD SURGERY & RAYNOR ROAD SURGERY,21817147,"3,369.65 ",,WAL000011238
Department of Health,NHS Walsall CCG,4/30/2018,C&M-GMS DES Learn Dsblty Hlth Chk,PRC DELEGATED CO-COMMISSIONING,LOCKFIELD SURGERY & RAYNOR ROAD SURGERY,21817147,"2,380.00 ",,WAL000011238
Department of Health,NHS Walsall CCG,4/30/2018,C&M-GMS Global Sum,PRC DELEGATED CO-COMMISSIONING,LOCKFIELD SURGERY & RAYNOR ROAD SURGERY,21817147,"76,492.42 ",,WAL000011238
Department of Health,NHS Walsall CCG,4/30/2018,C&M-GMS Prem Actual Rent,PRC DELEGATED CO-COMMISSIONING,LOCKFIELD SURGERY & RAYNOR ROAD SURGERY,21817147,"14,727.25 ",,WAL000011238
Department of Health,NHS Walsall CCG,4/30/2018,C&M-GMS Prem Water Rates,PRC DELEGATED CO-COMMISSIONING,LOCKFIELD SURGERY & RAYNOR ROAD SURGERY,21817147,424.63 ,,WAL000011238
Department of Health,NHS Walsall CCG,4/30/2018,C&M-GMS Prof Fees Prescribing,PRC DELEGATED CO-COMMISSIONING,LOCKFIELD SURGERY & RAYNOR ROAD SURGERY,21817147,552.25 ,,WAL000011238
Department of Health,NHS Walsall CCG,4/30/2018,C&M-GMS QOF Aspiration,PRC DELEGATED CO-COMMISSIONING,LOCKFIELD SURGERY & RAYNOR ROAD SURGERY,21817147,"8,830.63 ",,WAL000011238
Department of Health,NHS Walsall CCG,4/30/2018,C&M-PMS Contract Value,PRC DELEGATED CO-COMMISSIONING,SAI MEDICAL CENTRE,21817149,"36,656.16 ",,WAL000011242
Department of Health,NHS Walsall CCG,4/30/2018,C&M-PMS QOF Aspiration,PRC DELEGATED CO-COMMISSIONING,SAI MEDICAL CENTRE,21817149,"2,336.31 ",,WAL000011242
Department of Health,NHS Walsall CCG,4/30/2018,C&M-GMS Cost of Drugs -Prescribing,LOCAL ENHANCED SERVICES,PALFREY HEALTH CENTRE,21817153,649.31 ,,WAL000011254
Department of Health,NHS Walsall CCG,4/30/2018,C&M-GMS Global Sum,PRC DELEGATED CO-COMMISSIONING,PALFREY HEALTH CENTRE,21817153,"28,528.09 ",,WAL000011254
Department of Health,NHS Walsall CCG,4/30/2018,C&M-GMS MPIG Correction Factor,PRC DELEGATED CO-COMMISSIONING,PALFREY HEALTH CENTRE,21817153,996.56 ,,WAL000011254
Department of Health,NHS Walsall CCG,4/30/2018,C&M-GMS Prem Actual Rent,PRC DELEGATED CO-COMMISSIONING,PALFREY HEALTH CENTRE,21817153,"2,924.42 ",,WAL000011254
Department of Health,NHS Walsall CCG,4/30/2018,C&M-GMS Prof Fees Prescribing,PRC DELEGATED CO-COMMISSIONING,PALFREY HEALTH CENTRE,21817153,103.82 ,,WAL000011254
Department of Health,NHS Walsall CCG,4/30/2018,C&M-GMS QOF Aspiration,PRC DELEGATED CO-COMMISSIONING,PALFREY HEALTH CENTRE,21817153,"2,730.79 ",,WAL000011254
Department of Health,NHS Walsall CCG,4/30/2018,C&M-GMS Cost of Drugs -Prescribing,LOCAL ENHANCED SERVICES,BLOXWICH MEDICAL PRACTICE,21817689,718.95 ,,WAL000011188
Department of Health,NHS Walsall CCG,4/30/2018,C&M-GMS Global Sum,PRC DELEGATED CO-COMMISSIONING,BLOXWICH MEDICAL PRACTICE,21817689,"40,201.63 ",,WAL000011188
Department of Health,NHS Walsall CCG,4/30/2018,C&M-GMS Prof Fees Prescribing,PRC DELEGATED CO-COMMISSIONING,BLOXWICH MEDICAL PRACTICE,21817689,97.20 ,,WAL000011188
Department of Health,NHS Walsall CCG,4/30/2018,C&M-GMS QOF Aspiration,PRC DELEGATED CO-COMMISSIONING,BLOXWICH MEDICAL PRACTICE,21817689,"4,587.52 ",,WAL000011188
Department of Health,NHS Walsall CCG,4/30/2018,C&M-GMS Cost of Drugs -Prescribing,LOCAL ENHANCED SERVICES,STROUD PRACTICE,21817691,"1,245.70 ",,WAL000011220
Department of Health,NHS Walsall CCG,4/30/2018,C&M-GMS DES Learn Dsblty Hlth Chk,PRC DELEGATED CO-COMMISSIONING,STROUD PRACTICE,21817691,"1,680.00 ",,WAL000011220
Department of Health,NHS Walsall CCG,4/30/2018,C&M-GMS Global Sum,PRC DELEGATED CO-COMMISSIONING,STROUD PRACTICE,21817691,"38,393.80 ",,WAL000011220
Department of Health,NHS Walsall CCG,4/30/2018,C&M-GMS Prof Fees Prescribing,PRC DELEGATED CO-COMMISSIONING,STROUD PRACTICE,21817691,209.86 ,,WAL000011220
Department of Health,NHS Walsall CCG,4/30/2018,C&M-GMS QOF Aspiration,PRC DELEGATED CO-COMMISSIONING,STROUD PRACTICE,21817691,"4,387.30 ",,WAL000011220
Department of Health,NHS Walsall CCG,4/30/2018,C&M-PMS Contract Value,PRC DELEGATED CO-COMMISSIONING,NEW INVENTION MEDICAL PRACTICE,21817693,"42,764.69 ",,WAL000011240
Department of Health,NHS Walsall CCG,4/30/2018,C&M-PMS Prem Actual Rent,PRC DELEGATED CO-COMMISSIONING,NEW INVENTION MEDICAL PRACTICE,21817693,"3,800.00 ",,WAL000011240
Department of Health,NHS Walsall CCG,4/30/2018,C&M-PMS QOF Aspiration,PRC DELEGATED CO-COMMISSIONING,NEW INVENTION MEDICAL PRACTICE,21817693,"5,497.46 ",,WAL000011240
Department of Health,NHS Walsall CCG,4/30/2018,C&M-GMS Cost of Drugs -Prescribing,LOCAL ENHANCED SERVICES,LICHFIELD STREET SURGERY,21817695,"1,443.79 ",,WAL000011246
Department of Health,NHS Walsall CCG,4/30/2018,C&M-GMS Global Sum,PRC DELEGATED CO-COMMISSIONING,LICHFIELD STREET SURGERY,21817695,"68,226.03 ",,WAL000011246
Department of Health,NHS Walsall CCG,4/30/2018,C&M-GMS Prem Notional Rent,PRC DELEGATED CO-COMMISSIONING,LICHFIELD STREET SURGERY,21817695,"5,654.17 ",,WAL000011246
Department of Health,NHS Walsall CCG,4/30/2018,C&M-GMS Prem Rates,PRC DELEGATED CO-COMMISSIONING,LICHFIELD STREET SURGERY,21817695,"17,760.00 ",,WAL000011246
Department of Health,NHS Walsall CCG,4/30/2018,C&M-GMS Prof Fees Prescribing,PRC DELEGATED CO-COMMISSIONING,LICHFIELD STREET SURGERY,21817695,163.46 ,,WAL000011246
Department of Health,NHS Walsall CCG,4/30/2018,C&M-GMS QOF Aspiration,PRC DELEGATED CO-COMMISSIONING,LICHFIELD STREET SURGERY,21817695,"8,009.80 ",,WAL000011246
Department of Health,NHS Walsall CCG,4/30/2018,Clinical&Medical-Independent Sector,MENTAL HEALTH SERVICES - ADULTS,ELYSIUM HEALTHCARE LTD,21825961,"(109,080.00)",GB257732580,PHH70002A
Department of Health,NHS Walsall CCG,4/30/2018,Hcare Srv Rec Fdtn Trust-Over/ Under Performance,ACUTE COMMISSIONING,ROYAL ORTHOPAEDIC HOSPITAL NHS FOUNDATION TRUST,21826055,"(116,570.00)",654965296,0000804372
Department of Health,NHS Walsall CCG,4/30/2018,Chrgs from SLA,LONG TERM CONDITIONS,WALSALL HEALTHCARE NHS TRUST,21826071,"60,000.00 ",654948981,C044282
Department of Health,NHS Walsall CCG,4/30/2018,Charges from CSU,CORPORATE COSTS & SERVICES,NHS MIDLANDS AND LANCASHIRE CSU,21826077,"28,348.58 ",GB 654442045,7312310150
Department of Health,NHS Walsall CCG,4/30/2018,C&M-GMS LES Extended Hours,PRC DELEGATED CO-COMMISSIONING,WALDOC LTD,21833755,"86,480.00 ",,JS18190003
Department of Health,NHS Walsall CCG,4/30/2018,C&M-GMS Global Sum,PRC DELEGATED CO-COMMISSIONING,KAUL & PTS,21838786,"21,964.15 ",,WAL000011200
Department of Health,NHS Walsall CCG,4/30/2018,C&M-GMS MPIG Correction Factor,PRC DELEGATED CO-COMMISSIONING,KAUL & PTS,21838786,518.60 ,,WAL000011200
Department of Health,NHS Walsall CCG,4/30/2018,C&M-GMS QOF Aspiration,PRC DELEGATED CO-COMMISSIONING,KAUL & PTS,21838786,"2,174.65 ",,WAL000011200
Department of Health,NHS Walsall CCG,4/30/2018,ME-GMS GP Pension EEs Adjustments,PRC DELEGATED CO-COMMISSIONING,KAUL & PTS,21838786,"5,551.54 ",,WAL000011200
Department of Health,NHS Walsall CCG,4/30/2018,ME-GMS GP Pension ERs Adjustments,PRC DELEGATED CO-COMMISSIONING,KAUL & PTS,21838786,"4,184.11 ",,WAL000011200
Department of Health,NHS Walsall CCG,4/30/2018,C&M-GMS Cost of Drugs -Prescribing,LOCAL ENHANCED SERVICES,NORTHGATE PRACTICE,21838789,"2,611.94 ",,WAL000011218
Department of Health,NHS Walsall CCG,4/30/2018,C&M-GMS Global Sum,PRC DELEGATED CO-COMMISSIONING,NORTHGATE PRACTICE,21838789,"76,810.83 ",,WAL000011218
Department of Health,NHS Walsall CCG,4/30/2018,C&M-GMS Prem Notional Rent,PRC DELEGATED CO-COMMISSIONING,NORTHGATE PRACTICE,21838789,"12,641.00 ",,WAL000011218
Department of Health,NHS Walsall CCG,4/30/2018,C&M-GMS Prof Fees Prescribing,PRC DELEGATED CO-COMMISSIONING,NORTHGATE PRACTICE,21838789,417.51 ,,WAL000011218
Department of Health,NHS Walsall CCG,4/30/2018,C&M-GMS QOF Aspiration,PRC DELEGATED CO-COMMISSIONING,NORTHGATE PRACTICE,21838789,"10,923.70 ",,WAL000011218
Department of Health,NHS Walsall CCG,4/30/2018,ME-GMS GP Prior Year EEs,PRC DELEGATED CO-COMMISSIONING,NORTHGATE PRACTICE,21838789,988.42 ,,WAL000011218
Department of Health,NHS Walsall CCG,4/30/2018,C&M-GMS Cost of Drugs -Prescribing,LOCAL ENHANCED SERVICES,PORTLAND MEDICAL PRACTICE,21838790,"2,338.62 ",,WAL000011222
Department of Health,NHS Walsall CCG,4/30/2018,C&M-GMS Global Sum,PRC DELEGATED CO-COMMISSIONING,PORTLAND MEDICAL PRACTICE,21838790,"65,789.83 ",,WAL000011222
Department of Health,NHS Walsall CCG,4/30/2018,C&M-GMS Prem Notional Rent,PRC DELEGATED CO-COMMISSIONING,PORTLAND MEDICAL PRACTICE,21838790,"10,651.20 ",,WAL000011222
Department of Health,NHS Walsall CCG,4/30/2018,C&M-GMS Prem Water Rates,PRC DELEGATED CO-COMMISSIONING,PORTLAND MEDICAL PRACTICE,21838790,170.07 ,,WAL000011222
Department of Health,NHS Walsall CCG,4/30/2018,C&M-GMS Prof Fees Prescribing,PRC DELEGATED CO-COMMISSIONING,PORTLAND MEDICAL PRACTICE,21838790,298.22 ,,WAL000011222
Department of Health,NHS Walsall CCG,4/30/2018,C&M-GMS QOF Aspiration,PRC DELEGATED CO-COMMISSIONING,PORTLAND MEDICAL PRACTICE,21838790,"7,846.59 ",,WAL000011222
Department of Health,NHS Walsall CCG,4/30/2018,C&M-GMS Global Sum,PRC DELEGATED CO-COMMISSIONING,WALSALL WOOD HEALTH CENTRE,21838791,"12,813.08 ",,WAL000011244
Department of Health,NHS Walsall CCG,4/30/2018,C&M-GMS Prem Notional Rent,PRC DELEGATED CO-COMMISSIONING,WALSALL WOOD HEALTH CENTRE,21838791,641.67 ,,WAL000011244
Department of Health,NHS Walsall CCG,4/30/2018,C&M-GMS QOF Aspiration,PRC DELEGATED CO-COMMISSIONING,WALSALL WOOD HEALTH CENTRE,21838791,"1,652.85 ",,WAL000011244
Department of Health,NHS Walsall CCG,4/30/2018,ME - GMS GP Prior Year ERs,PRC DELEGATED CO-COMMISSIONING,WALSALL WOOD HEALTH CENTRE,21838791,"5,423.34 ",,WAL000011244
Department of Health,NHS Walsall CCG,4/30/2018,ME-GMS GP Prior Year AVCs,PRC DELEGATED CO-COMMISSIONING,WALSALL WOOD HEALTH CENTRE,21838791,"1,236.34 ",,WAL000011244
Department of Health,NHS Walsall CCG,4/30/2018,ME-GMS GP Prior Year EEs,PRC DELEGATED CO-COMMISSIONING,WALSALL WOOD HEALTH CENTRE,21838791,"5,499.27 ",,WAL000011244
Department of Health,NHS Walsall CCG,4/30/2018,C&M-GMS Global Sum,PRC DELEGATED CO-COMMISSIONING,TPG THE MANOR MEDICAL PRACTICE,21838792,"17,910.39 ",,WAL000011250
Department of Health,NHS Walsall CCG,4/30/2018,C&M-GMS LES Caretaking Payments,PRC DELEGATED CO-COMMISSIONING,TPG THE MANOR MEDICAL PRACTICE,21838792,"10,000.00 ",,WAL000011250
Department of Health,NHS Walsall CCG,4/30/2018,C&M-GMS MPIG Correction Factor,PRC DELEGATED CO-COMMISSIONING,TPG THE MANOR MEDICAL PRACTICE,21838792,408.33 ,,WAL000011250
Department of Health,NHS Walsall CCG,4/30/2018,C&M-GMS PCO Other,PRC DELEGATED CO-COMMISSIONING,TPG THE MANOR MEDICAL PRACTICE,21838792,"1,858.95 ",,WAL000011250
Department of Health,NHS Walsall CCG,4/30/2018,Non-PFI Oprtng Lease-Bldgs-Lease Rent,ESTATES AND FACILITIES,NHS PROPERTY SERVICES LTD,21894453,"(58,841.84)",156725100,00000001H56307
Department of Health,NHS Walsall CCG,4/30/2018,Clinical&Medical-Independent Sector,NCAS/OATS,SPIRE HEALTHCARE LTD,21894500,"(171,855.16)",915970991,05YLASREC171811
Department of Health,NHS Walsall CCG,4/30/2018,C&M-OES Cataract,ACUTE COMMISSIONING,PRIMARY EYECARE (HEART OF WEST MIDLANDS) LTD,21919256,"27,495.00 ",,179440
Department of Health,NHS Walsall CCG,4/30/2018,Hcare Srv Rec NHS Trust-Contract Baseline,ACUTE COMMISSIONING,WALSALL HEALTHCARE NHS TRUST,21931796,"14,032,917.00 ",654948981,TR18190002
Department of Health,NHS Walsall CCG,4/30/2018,Hcare Srv Rec NHS Trust-Contract Baseline,ACUTE COMMISSIONING,WALSALL HEALTHCARE NHS TRUST,21931805,"325,163.00 ",654948981,TR18190003
Department of Health,NHS Walsall CCG,4/30/2018,FM Computer Contracts,PRIMARY CARE IT,WALSALL HEALTHCARE NHS TRUST,21931806,"66,667.00 ",654948981,TR18190004
Department of Health,NHS Walsall CCG,4/30/2018,Hcare Srv Rec Fdtn Trust-Contract Baseline,LEARNING DIFFICULTIES,BLACK COUNTRY PARTNERSHIP NHS FOUNDATION TRUST,21941782,"155,632.67 ",,LG18190007
Department of Health,NHS Walsall CCG,4/30/2018,Hcare Srv Rec Fdtn Trust-Contract Baseline,MENTAL HEALTH CONTRACTS,BLACK COUNTRY PARTNERSHIP NHS FOUNDATION TRUST,21941783,"30,918.00 ",,LG18190008
Department of Health,NHS Walsall CCG,4/30/2018,Clinical&Medical-Othe Public Sector,COMMISSIONING RESERVE,WALSALL METROPOLITAN BOROUGH COUNCIL,21941784,"1,548,897.00 ",,LG18190009
Department of Health,NHS Walsall CCG,4/30/2018,Hcare Srv Rec NHS Trust-Contract Baseline,MENTAL HEALTH CONTRACTS,DUDLEY AND WALSALL MENTAL HEALTH PARTNERSHIP NHS TRUST,21941785,"2,318,513.92 ",654439224,LG18190010
Department of Health,NHS Walsall CCG,4/30/2018,Clinical&Medical-Independent Sector,COMMISSIONING SCHEMES,PRIMECARE,21945786,"97,529.00 ",228949560,LG18190011
Department of Health,NHS Walsall CCG,4/30/2018,Clinical&Medical-Independent Sector,OUT OF HOURS,PRIMECARE,21945786,"143,659.00 ",228949560,LG18190011
Department of Health,NHS Walsall CCG,4/30/2018,Clinical&Medical-Independent Sector,URGENT CARE,PRIMECARE,21945786,"78,577.00 ",228949560,LG18190011
Department of Health,NHS Walsall CCG,4/30/2018,Clinical&Medical-Voluntary Sector,HOSPICES,ST GILES HOSPICE,21945787,"56,031.00 ",486883086,LG18190012
Department of Health,NHS Walsall CCG,4/30/2018,Clinical&Medical-Independent Sector,NCAS/OATS,NUFFIELD HEALTH,21957591,"29,760.00 ",564291137,CCG780
Department of Health,NHS Walsall CCG,4/30/2018,Hcare Srv Rec NHS Trust-Contract Baseline,ACUTE COMMISSIONING,UNIVERSITY HOSPITALS OF NORTH MIDLANDS NHS TRUST,21975394,"62,084.83 ",654932808,I0004067
