"A3131 - Expenditure Over �25,000 - FEBRUARY 2019",,,,,,,,,
,,,,,,,,,
,,,,,,,,,
,,,,,,,,,
Time run: 01/03/2019 10:53:07,,,,,,,,,
,,,,,,,,,
Department family,Entity,Date,Expense Type,Expense area,Supplier,Transaction number,AP Amount (�),VAT registration number,Purchase invoice number
Department of Health,NHS Walsall CCG,2/28/2019,Clinical&Medical-Voluntary Sector,PALLIATIVE CARE,MARIE CURIE,25818757,"37,500.00 ",626722537,006165
Department of Health,NHS Walsall CCG,2/28/2019,Clinical&Medical-Voluntary Sector,HOSPICES,ACORNS CHILDRENS HOSPICE TRUST,25818799,"47,250.00 ",161951015,SINT1356
Department of Health,NHS Walsall CCG,2/28/2019,Non-PFI Oprtng Lease-Bldgs-Lease Rent,RECHARGES NHS PROPERTY SERVICES LTD,WALSALL HEALTHCARE NHS TRUST,25818920,"205,747.02 ",654948981,C045744
Department of Health,NHS Walsall CCG,2/28/2019,Hcare Srv Rec Fdtn Trust-Contract Baseline,ACUTE COMMISSIONING,DUDLEY GROUP HOSPITALS NHS FOUNDATION TRUST,25836424,"203,105.37 ",654919109,1000031639
Department of Health,NHS Walsall CCG,2/28/2019,Hcare Srv Rec Fdtn Trust-Contract Baseline,ACUTE COMMISSIONING,UNIVERSITY HOSPITALS BIRMINGHAM NHS FOUNDATION TRUST,25836563,"573,710.00 ",GB654912816,OHA006480
Department of Health,NHS Walsall CCG,2/28/2019,Hcare Srv Rec Fdtn Trust-Contract Baseline,ACUTE COMMISSIONING,UNIVERSITY HOSPITALS BIRMINGHAM NHS FOUNDATION TRUST,25836568,"424,098.00 ",GB654912816,OPU042625
Department of Health,NHS Walsall CCG,2/28/2019,Hcare Srv Rec Fdtn Trust-Contract Baseline,ACUTE COMMISSIONING,UNIVERSITY HOSPITALS OF DERBY & BURTON NHS FOUNDATION TRUST,25859922,"30,687.00 ",654967976,800008688
Department of Health,NHS Walsall CCG,2/28/2019,Hcare Srv Rec Fdtn Trust-Contract Baseline,COMMUNITY SERVICES,UNIVERSITY HOSPITALS OF DERBY & BURTON NHS FOUNDATION TRUST,25859922,"26,907.00 ",654967976,800008688
Department of Health,NHS Walsall CCG,2/28/2019,Hcare Srv Rec Fdtn Trust-Contract Baseline,ACUTE COMMISSIONING,BHAM WOMENS & CHILDRENS NHS FT,25868460,"140,649.50 ",GB654964300,15710214
Department of Health,NHS Walsall CCG,2/28/2019,Hcare Srv Rec NHS CCG-Contract Baseline,NHS 111,NHS SANDWELL AND WEST BIRMINGHAM CCG,25868461,"71,879.50 ",,7019503056
Department of Health,NHS Walsall CCG,2/28/2019,Hcare Srv Rec NHS Trust-Over/ Under Performance,ACUTE COMMISSIONING,SANDWELL AND WEST BIRMINGHAM HOSPITALS NHS TRUST,25905020,"(212,441.00)",GB654916216,8121488
Department of Health,NHS Walsall CCG,2/28/2019,Hcare Srv Rec NHS Trust-Over/ Under Performance,COMMUNITY SERVICES,SANDWELL AND WEST BIRMINGHAM HOSPITALS NHS TRUST,25905020,"(3,327.00)",GB654916216,8121488
Department of Health,NHS Walsall CCG,2/28/2019,Clinical&Medical-Commercial Sector,MENTAL HEALTH SERVICES - OLDER PEOPLE,ACCORD HOUSING ASSOCIATION LTD,25905115,"48,963.00 ",GB880 9887 56,SLINV00065447
Department of Health,NHS Walsall CCG,2/28/2019,Cont Care- Palliative Care,CHC ADULT FULLY FUNDED,WALSALL METROPOLITAN BOROUGH COUNCIL,25905311,"17,127.92 ",,704909
Department of Health,NHS Walsall CCG,2/28/2019,Cont Care-Adult Mental Health (65+),CHC ADULT FULLY FUNDED,WALSALL METROPOLITAN BOROUGH COUNCIL,25905311,"4,926.45 ",,704909
Department of Health,NHS Walsall CCG,2/28/2019,Cont Care-Adult Physical Disab (65+),CHC ADULT FULLY FUNDED,WALSALL METROPOLITAN BOROUGH COUNCIL,25905311,"31,340.29 ",,704909
Department of Health,NHS Walsall CCG,2/28/2019,Cont Care-Adult Physical Disab (<65),CHC ADULT FULLY FUNDED,WALSALL METROPOLITAN BOROUGH COUNCIL,25905311,"60,344.78 ",,704909
Department of Health,NHS Walsall CCG,2/28/2019,Cont Care-Adult Physical Disab (<65),CHC ADULT JOINT FUNDED,WALSALL METROPOLITAN BOROUGH COUNCIL,25905311,120.28 ,,704909
Department of Health,NHS Walsall CCG,2/28/2019,Clinical&Medical-Independent Sector,NCAS/OATS,SPIRE HEALTHCARE LTD,25905380,"284,309.00 ",915970991,05YLASPF181911
Department of Health,NHS Walsall CCG,2/28/2019,Non-PFI Oprtng Lease-Bldgs-Lease Rent,RECHARGES NHS PROPERTY SERVICES LTD,COMMUNITY HEALTH PARTNERSHIPS LTD,25905879,"91,008.38 ",GB782562113,0060096993
Department of Health,NHS Walsall CCG,2/28/2019,Hcare Srv Rec NHS Trust-Contract Baseline,ACUTE COMMISSIONING,ROYAL WOLVERHAMPTON HOSPITALS NHS TRUST (THE),25905928,"2,504,432.00 ",654947886,0000225339
Department of Health,NHS Walsall CCG,2/28/2019,Hcare Srv Rec NHS Trust-Contract Baseline,COMMUNITY SERVICES,ROYAL WOLVERHAMPTON HOSPITALS NHS TRUST (THE),25905936,"109,658.00 ",654947886,0000225344
Department of Health,NHS Walsall CCG,2/28/2019,Charges from CSU,CORPORATE COSTS & SERVICES,NHS MIDLANDS AND LANCASHIRE CSU,25905938,"28,348.58 ",GB 654442045,7312312617
Department of Health,NHS Walsall CCG,2/28/2019,C&M-GMS Global Sum,PRC DELEGATED CO-COMMISSIONING,JAY & PANSARI,25907646,"28,000.00 ",,LG18190063
Department of Health,NHS Walsall CCG,2/28/2019,C&M-GP PRACTICE REVENUE - PCTF,GP FORWARD VIEW,WALDOC LTD,25907906,"105,000.00 ",,JS18190447
Department of Health,NHS Walsall CCG,2/28/2019,Apprenticeship Levy Payable,BALANCE SHEET,HMRC,25979166,551.00 ,,120PF005761691910
Department of Health,NHS Walsall CCG,2/28/2019,Income tax <1Yr,BALANCE SHEET,HMRC,25979166,"55,838.89 ",,120PF005761691910
Department of Health,NHS Walsall CCG,2/28/2019,Income tax <1Yr-Student Loans,BALANCE SHEET,HMRC,25979166,623.00 ,,120PF005761691910
Department of Health,NHS Walsall CCG,2/28/2019,National Insurance < 1 yr-NI- ERS,BALANCE SHEET,HMRC,25979166,"38,645.59 ",,120PF005761691910
Department of Health,NHS Walsall CCG,2/28/2019,National Insurance < 1 yr-NI-EES,BALANCE SHEET,HMRC,25979166,"27,649.04 ",,120PF005761691910
Department of Health,NHS Walsall CCG,2/28/2019,Other professional fees,PRC DELEGATED CO-COMMISSIONING,PURPLE PLATYPUS PROPERTY LTD,25982351,"50,250.00 ",,35
Department of Health,NHS Walsall CCG,2/28/2019,Cont Care-Funded Nursing Care Allow,FUNDED NURSING CARE,ADVINIA HEALTH CARE LTD,26000696,"36,444.59 ",,QA00001449
Department of Health,NHS Walsall CCG,2/28/2019,Hcare Srv Rec NHS CCG-Non Contract,ACUTE COMMISSIONING,NHS BIRMINGHAM & SOLIHULL CCG,26002484,"57,288.00 ",,7018400651
Department of Health,NHS Walsall CCG,2/28/2019,Hcare Srv Rec NHS CCG-Non Contract,ACUTE COMMISSIONING,NHS BIRMINGHAM & SOLIHULL CCG,26002487,"46,643.00 ",,7018400814
Department of Health,NHS Walsall CCG,2/28/2019,Hcare Srv Rec Fdtn Trust-Over/ Under Performance,ACUTE COMMISSIONING,ROYAL ORTHOPAEDIC HOSPITAL NHS FOUNDATION TRUST,26002710,"171,030.97 ",654965296,0000047871
Department of Health,NHS Walsall CCG,2/28/2019,Hcare Srv Rec Fdtn Trust-Contract Baseline,ACUTE COMMISSIONING,WEST MIDLANDS AMBULANCE SERVICE NHS FOUNDATION TRUST,26002717,"34,569.63 ",GB654950708,C0003808
Department of Health,NHS Walsall CCG,2/28/2019,Clinical&Medical-Voluntary Sector,PROGRAMME PROJECTS,MARIE STOPES INTERNATIONAL,26002723,"25,237.60 ",882426016,MS190107
Department of Health,NHS Walsall CCG,2/28/2019,Hcare Srv Rec Fdtn Trust-Contract Baseline,AMBULANCE SERVICES,WEST MIDLANDS AMBULANCE SERVICE NHS FOUNDATION TRUST,26002753,"853,253.98 ",GB654950708,A0003639
Department of Health,NHS Walsall CCG,2/28/2019,Hcare Srv Rec Fdtn Trust-Non Contract,AMBULANCE SERVICES,WEST MIDLANDS AMBULANCE SERVICE NHS FOUNDATION TRUST,26002753,"3,000.00 ",GB654950708,A0003639
Department of Health,NHS Walsall CCG,2/28/2019,Hcare Srv Rec NHS CCG-Non Contract,ACUTE COMMISSIONING,NHS BIRMINGHAM & SOLIHULL CCG,26002760,"(57,288.00)",,7031800183
Department of Health,NHS Walsall CCG,2/28/2019,Hcare Srv Rec NHS CCG-Non Contract,ACUTE COMMISSIONING,NHS BIRMINGHAM & SOLIHULL CCG,26002762,"(46,643.00)",,7031800184
Department of Health,NHS Walsall CCG,2/28/2019,Hcare Srv Rec NHS Trust-Contract Baseline,ACUTE COMMISSIONING,SANDWELL AND WEST BIRMINGHAM HOSPITALS NHS TRUST,26032984,"414,548.50 ",GB654916216,51119017
Department of Health,NHS Walsall CCG,2/28/2019,Hcare Srv Rec NHS Trust-Contract Baseline,COMMUNITY SERVICES,SANDWELL AND WEST BIRMINGHAM HOSPITALS NHS TRUST,26032984,"9,216.50 ",GB654916216,51119017
Department of Health,NHS Walsall CCG,2/28/2019,C&M-GMS Cost of Drugs -Prescribing,LOCAL ENHANCED SERVICES,ASKEY & PARTNERS,26064073,"4,408.95 ",,WAL000012752
Department of Health,NHS Walsall CCG,2/28/2019,C&M-GMS DES Extended Hours Access,PRC DELEGATED CO-COMMISSIONING,ASKEY & PARTNERS,26064073,"4,832.18 ",,WAL000012752
Department of Health,NHS Walsall CCG,2/28/2019,C&M-GMS DES Minor Surgery,PRC DELEGATED CO-COMMISSIONING,ASKEY & PARTNERS,26064073,"10,231.90 ",,WAL000012752
Department of Health,NHS Walsall CCG,2/28/2019,C&M-GMS Global Sum,PRC DELEGATED CO-COMMISSIONING,ASKEY & PARTNERS,26064073,"71,539.08 ",,WAL000012752
Department of Health,NHS Walsall CCG,2/28/2019,C&M-GMS PCO Locum Adop/Pat/Mat,PRC DELEGATED CO-COMMISSIONING,ASKEY & PARTNERS,26064073,"6,124.34 ",,WAL000012752
Department of Health,NHS Walsall CCG,2/28/2019,C&M-GMS Prem Actual Rent,PRC DELEGATED CO-COMMISSIONING,ASKEY & PARTNERS,26064073,"15,350.00 ",,WAL000012752
Department of Health,NHS Walsall CCG,2/28/2019,C&M-GMS Prof Fees Prescribing,PRC DELEGATED CO-COMMISSIONING,ASKEY & PARTNERS,26064073,732.45 ,,WAL000012752
Department of Health,NHS Walsall CCG,2/28/2019,C&M-GMS QOF Aspiration,PRC DELEGATED CO-COMMISSIONING,ASKEY & PARTNERS,26064073,"8,704.69 ",,WAL000012752
Department of Health,NHS Walsall CCG,2/28/2019,C&M-GMS Cost of Drugs -Prescribing,LOCAL ENHANCED SERVICES,B C PAL,26064075,490.34 ,,WAL000012754
Department of Health,NHS Walsall CCG,2/28/2019,C&M-GMS DES Minor Surgery,PRC DELEGATED CO-COMMISSIONING,B C PAL,26064075,"2,264.08 ",,WAL000012754
Department of Health,NHS Walsall CCG,2/28/2019,C&M-GMS Global Sum,PRC DELEGATED CO-COMMISSIONING,B C PAL,26064075,"16,547.82 ",,WAL000012754
Department of Health,NHS Walsall CCG,2/28/2019,C&M-GMS MPIG Correction Factor,PRC DELEGATED CO-COMMISSIONING,B C PAL,26064075,"1,159.25 ",,WAL000012754
Department of Health,NHS Walsall CCG,2/28/2019,C&M-GMS PCO Other,PRC DELEGATED CO-COMMISSIONING,B C PAL,26064075,"3,845.00 ",,WAL000012754
Department of Health,NHS Walsall CCG,2/28/2019,C&M-GMS Prof Fees Prescribing,PRC DELEGATED CO-COMMISSIONING,B C PAL,26064075,143.92 ,,WAL000012754
Department of Health,NHS Walsall CCG,2/28/2019,C&M-GMS QOF Aspiration,PRC DELEGATED CO-COMMISSIONING,B C PAL,26064075,"1,800.49 ",,WAL000012754
Department of Health,NHS Walsall CCG,2/28/2019,C&M-PMS Contract Value,PRC DELEGATED CO-COMMISSIONING,CA STEDALL,26064077,"50,043.28 ",,WAL000012758
Department of Health,NHS Walsall CCG,2/28/2019,C&M-PMS Cost of Drugs -Prescribing,LOCAL ENHANCED SERVICES,CA STEDALL,26064077,543.02 ,,WAL000012758
Department of Health,NHS Walsall CCG,2/28/2019,C&M-PMS DES Extended Hours Access,PRC DELEGATED CO-COMMISSIONING,CA STEDALL,26064077,"2,172.64 ",,WAL000012758
Department of Health,NHS Walsall CCG,2/28/2019,C&M-PMS DES Minor Surgery,PRC DELEGATED CO-COMMISSIONING,CA STEDALL,26064077,"1,393.28 ",,WAL000012758
Department of Health,NHS Walsall CCG,2/28/2019,C&M-PMS PCO Locum Adop/Pat/Mat,PRC DELEGATED CO-COMMISSIONING,CA STEDALL,26064077,"8,250.00 ",,WAL000012758
Department of Health,NHS Walsall CCG,2/28/2019,C&M-PMS Prem Actual Rent,PRC DELEGATED CO-COMMISSIONING,CA STEDALL,26064077,"8,311.67 ",,WAL000012758
Department of Health,NHS Walsall CCG,2/28/2019,C&M-PMS Prem Notional Rent,PRC DELEGATED CO-COMMISSIONING,CA STEDALL,26064077,"1,333.33 ",,WAL000012758
Department of Health,NHS Walsall CCG,2/28/2019,C&M-PMS Prof fees Prescribing,PRC DELEGATED CO-COMMISSIONING,CA STEDALL,26064077,213.31 ,,WAL000012758
Department of Health,NHS Walsall CCG,2/28/2019,C&M-PMS QOF Aspiration,PRC DELEGATED CO-COMMISSIONING,CA STEDALL,26064077,"3,685.48 ",,WAL000012758
Department of Health,NHS Walsall CCG,2/28/2019,C&M-GMS Cost of Drugs -Prescribing,LOCAL ENHANCED SERVICES,CONOD & PARTNERS,26064079,"1,851.21 ",,WAL000012760
Department of Health,NHS Walsall CCG,2/28/2019,C&M-GMS Global Sum,PRC DELEGATED CO-COMMISSIONING,CONOD & PARTNERS,26064079,"55,511.63 ",,WAL000012760
Department of Health,NHS Walsall CCG,2/28/2019,C&M-GMS Prem Actual Rent,PRC DELEGATED CO-COMMISSIONING,CONOD & PARTNERS,26064079,"2,535.00 ",,WAL000012760
Department of Health,NHS Walsall CCG,2/28/2019,C&M-GMS Prem Water Rates,PRC DELEGATED CO-COMMISSIONING,CONOD & PARTNERS,26064079,181.05 ,,WAL000012760
Department of Health,NHS Walsall CCG,2/28/2019,C&M-GMS Prof Fees Prescribing,PRC DELEGATED CO-COMMISSIONING,CONOD & PARTNERS,26064079,411.20 ,,WAL000012760
Department of Health,NHS Walsall CCG,2/28/2019,C&M-GMS QOF Aspiration,PRC DELEGATED CO-COMMISSIONING,CONOD & PARTNERS,26064079,"5,049.70 ",,WAL000012760
Department of Health,NHS Walsall CCG,2/28/2019,C&M-GMS DES Extended Hours Access,PRC DELEGATED CO-COMMISSIONING,DR A THOMAS,26064083,730.77 ,,WAL000012764
Department of Health,NHS Walsall CCG,2/28/2019,C&M-GMS Global Sum,PRC DELEGATED CO-COMMISSIONING,DR A THOMAS,26064083,"35,762.55 ",,WAL000012764
Department of Health,NHS Walsall CCG,2/28/2019,C&M-GMS Prem Actual Rent,PRC DELEGATED CO-COMMISSIONING,DR A THOMAS,26064083,"5,235.33 ",,WAL000012764
Department of Health,NHS Walsall CCG,2/28/2019,C&M-GMS QOF Aspiration,PRC DELEGATED CO-COMMISSIONING,DR A THOMAS,26064083,"3,546.89 ",,WAL000012764
Department of Health,NHS Walsall CCG,2/28/2019,C&M-GMS Global Sum,PRC DELEGATED CO-COMMISSIONING,DR A KHERA,26064085,"30,811.51 ",,WAL000012766
Department of Health,NHS Walsall CCG,2/28/2019,C&M-GMS Prem Notional Rent,PRC DELEGATED CO-COMMISSIONING,DR A KHERA,26064085,"2,186.92 ",,WAL000012766
Department of Health,NHS Walsall CCG,2/28/2019,C&M-GMS Prem Rates,PRC DELEGATED CO-COMMISSIONING,DR A KHERA,26064085,"9,360.00 ",,WAL000012766
Department of Health,NHS Walsall CCG,2/28/2019,C&M-GMS QOF Aspiration,PRC DELEGATED CO-COMMISSIONING,DR A KHERA,26064085,"2,459.22 ",,WAL000012766
Department of Health,NHS Walsall CCG,2/28/2019,C&M-GMS Cost of Drugs -Prescribing,LOCAL ENHANCED SERVICES,DR MAHMOOD,26064091,680.60 ,,WAL000012772
Department of Health,NHS Walsall CCG,2/28/2019,C&M-GMS DES Minor Surgery,PRC DELEGATED CO-COMMISSIONING,DR MAHMOOD,26064091,522.48 ,,WAL000012772
Department of Health,NHS Walsall CCG,2/28/2019,C&M-GMS Global Sum,PRC DELEGATED CO-COMMISSIONING,DR MAHMOOD,26064091,"24,170.39 ",,WAL000012772
Department of Health,NHS Walsall CCG,2/28/2019,C&M-GMS MPIG Correction Factor,PRC DELEGATED CO-COMMISSIONING,DR MAHMOOD,26064091,17.82 ,,WAL000012772
Department of Health,NHS Walsall CCG,2/28/2019,C&M-GMS Prem Cost Rent,PRC DELEGATED CO-COMMISSIONING,DR MAHMOOD,26064091,"2,547.17 ",,WAL000012772
Department of Health,NHS Walsall CCG,2/28/2019,C&M-GMS Prem Water Rates,PRC DELEGATED CO-COMMISSIONING,DR MAHMOOD,26064091,59.79 ,,WAL000012772
Department of Health,NHS Walsall CCG,2/28/2019,C&M-GMS Prof Fees Prescribing,PRC DELEGATED CO-COMMISSIONING,DR MAHMOOD,26064091,208.17 ,,WAL000012772
Department of Health,NHS Walsall CCG,2/28/2019,C&M-GMS QOF Aspiration,PRC DELEGATED CO-COMMISSIONING,DR MAHMOOD,26064091,"2,378.14 ",,WAL000012772
Department of Health,NHS Walsall CCG,2/28/2019,C&M-GMS Cost of Drugs -Dispensing,LOCAL ENHANCED SERVICES,DR KUNDU & PAL,26064093,"8,423.47 ",,WAL000012774
Department of Health,NHS Walsall CCG,2/28/2019,C&M-GMS Global Sum,PRC DELEGATED CO-COMMISSIONING,DR KUNDU & PAL,26064093,"40,637.76 ",,WAL000012774
Department of Health,NHS Walsall CCG,2/28/2019,C&M-GMS Prem Cost Rent,PRC DELEGATED CO-COMMISSIONING,DR KUNDU & PAL,26064093,708.33 ,,WAL000012774
Department of Health,NHS Walsall CCG,2/28/2019,C&M-GMS Prem Notional Rent,PRC DELEGATED CO-COMMISSIONING,DR KUNDU & PAL,26064093,"2,396.53 ",,WAL000012774
Department of Health,NHS Walsall CCG,2/28/2019,C&M-GMS Prof Fees Dispensing,PRC DELEGATED CO-COMMISSIONING,DR KUNDU & PAL,26064093,"1,655.35 ",,WAL000012774
Department of Health,NHS Walsall CCG,2/28/2019,C&M-GMS PrscrptnChrgsColl&RmttdbyGP,LOCAL ENHANCED SERVICES,DR KUNDU & PAL,26064093,202.40 ,,WAL000012774
Department of Health,NHS Walsall CCG,2/28/2019,C&M-GMS QOF Aspiration,PRC DELEGATED CO-COMMISSIONING,DR KUNDU & PAL,26064093,"5,473.57 ",,WAL000012774
Department of Health,NHS Walsall CCG,2/28/2019,C&M-GMS Cost of Drugs -Prescribing,LOCAL ENHANCED SERVICES,DR N DEVASIA,26064095,"4,302.57 ",,WAL000012776
Department of Health,NHS Walsall CCG,2/28/2019,C&M-GMS Global Sum,PRC DELEGATED CO-COMMISSIONING,DR N DEVASIA,26064095,"22,519.65 ",,WAL000012776
Department of Health,NHS Walsall CCG,2/28/2019,C&M-GMS Prof Fees Prescribing,PRC DELEGATED CO-COMMISSIONING,DR N DEVASIA,26064095,"1,141.08 ",,WAL000012776
Department of Health,NHS Walsall CCG,2/28/2019,C&M-GMS QOF Aspiration,PRC DELEGATED CO-COMMISSIONING,DR N DEVASIA,26064095,"2,316.69 ",,WAL000012776
Department of Health,NHS Walsall CCG,2/28/2019,C&M-GMS Cost of Drugs -Prescribing,LOCAL ENHANCED SERVICES,DR R KUMAR WALSALL,26064099,902.24 ,,WAL000012780
Department of Health,NHS Walsall CCG,2/28/2019,C&M-GMS DES Minor Surgery,PRC DELEGATED CO-COMMISSIONING,DR R KUMAR WALSALL,26064099,827.26 ,,WAL000012780
Department of Health,NHS Walsall CCG,2/28/2019,C&M-GMS Global Sum,PRC DELEGATED CO-COMMISSIONING,DR R KUMAR WALSALL,26064099,"20,180.38 ",,WAL000012780
Department of Health,NHS Walsall CCG,2/28/2019,C&M-GMS MPIG Correction Factor,PRC DELEGATED CO-COMMISSIONING,DR R KUMAR WALSALL,26064099,566.06 ,,WAL000012780
Department of Health,NHS Walsall CCG,2/28/2019,C&M-GMS Prof Fees Prescribing,PRC DELEGATED CO-COMMISSIONING,DR R KUMAR WALSALL,26064099,197.89 ,,WAL000012780
Department of Health,NHS Walsall CCG,2/28/2019,C&M-GMS QOF Aspiration,PRC DELEGATED CO-COMMISSIONING,DR R KUMAR WALSALL,26064099,"2,754.34 ",,WAL000012780
Department of Health,NHS Walsall CCG,2/28/2019,C&M-GMS Cost of Drugs -Prescribing,LOCAL ENHANCED SERVICES,DR SURI WALSALL,26064101,410.29 ,,WAL000012782
Department of Health,NHS Walsall CCG,2/28/2019,C&M-GMS DES Extended Hours Access,PRC DELEGATED CO-COMMISSIONING,DR SURI WALSALL,26064101,"2,546.48 ",,WAL000012782
Department of Health,NHS Walsall CCG,2/28/2019,C&M-GMS DES Minor Surgery,PRC DELEGATED CO-COMMISSIONING,DR SURI WALSALL,26064101,"2,743.02 ",,WAL000012782
Department of Health,NHS Walsall CCG,2/28/2019,C&M-GMS Global Sum,PRC DELEGATED CO-COMMISSIONING,DR SURI WALSALL,26064101,"36,341.08 ",,WAL000012782
Department of Health,NHS Walsall CCG,2/28/2019,C&M-GMS MPIG Correction Factor,PRC DELEGATED CO-COMMISSIONING,DR SURI WALSALL,26064101,503.36 ,,WAL000012782
Department of Health,NHS Walsall CCG,2/28/2019,C&M-GMS Prem Notional Rent,PRC DELEGATED CO-COMMISSIONING,DR SURI WALSALL,26064101,"3,916.67 ",,WAL000012782
Department of Health,NHS Walsall CCG,2/28/2019,C&M-GMS Prem Water Rates,PRC DELEGATED CO-COMMISSIONING,DR SURI WALSALL,26064101,219.25 ,,WAL000012782
Department of Health,NHS Walsall CCG,2/28/2019,C&M-GMS Prof Fees Prescribing,PRC DELEGATED CO-COMMISSIONING,DR SURI WALSALL,26064101,92.52 ,,WAL000012782
Department of Health,NHS Walsall CCG,2/28/2019,C&M-GMS QOF Aspiration,PRC DELEGATED CO-COMMISSIONING,DR SURI WALSALL,26064101,"3,205.14 ",,WAL000012782
Department of Health,NHS Walsall CCG,2/28/2019,C&M-GMS Cost of Drugs -Prescribing,LOCAL ENHANCED SERVICES,DR SJ VAID,26064103,"1,103.99 ",,WAL000012784
Department of Health,NHS Walsall CCG,2/28/2019,C&M-GMS Global Sum,PRC DELEGATED CO-COMMISSIONING,DR SJ VAID,26064103,"35,029.39 ",,WAL000012784
Department of Health,NHS Walsall CCG,2/28/2019,C&M-GMS Prof Fees Prescribing,PRC DELEGATED CO-COMMISSIONING,DR SJ VAID,26064103,164.48 ,,WAL000012784
Department of Health,NHS Walsall CCG,2/28/2019,C&M-GMS QOF Aspiration,PRC DELEGATED CO-COMMISSIONING,DR SJ VAID,26064103,"2,981.85 ",,WAL000012784
Department of Health,NHS Walsall CCG,2/28/2019,C&M-GMS Cost of Drugs -Prescribing,LOCAL ENHANCED SERVICES,DRS JAWAHAR MOHAN & LOTLIKAR,26064105,731.59 ,,WAL000012786
Department of Health,NHS Walsall CCG,2/28/2019,C&M-GMS DES Extended Hours Access,PRC DELEGATED CO-COMMISSIONING,DRS JAWAHAR MOHAN & LOTLIKAR,26064105,"3,458.00 ",,WAL000012786
Department of Health,NHS Walsall CCG,2/28/2019,C&M-GMS DES Minor Surgery,PRC DELEGATED CO-COMMISSIONING,DRS JAWAHAR MOHAN & LOTLIKAR,26064105,"1,480.36 ",,WAL000012786
Department of Health,NHS Walsall CCG,2/28/2019,C&M-GMS Global Sum,PRC DELEGATED CO-COMMISSIONING,DRS JAWAHAR MOHAN & LOTLIKAR,26064105,"51,411.81 ",,WAL000012786
Department of Health,NHS Walsall CCG,2/28/2019,C&M-GMS Prof Fees Prescribing,PRC DELEGATED CO-COMMISSIONING,DRS JAWAHAR MOHAN & LOTLIKAR,26064105,154.20 ,,WAL000012786
Department of Health,NHS Walsall CCG,2/28/2019,C&M-GMS QOF Aspiration,PRC DELEGATED CO-COMMISSIONING,DRS JAWAHAR MOHAN & LOTLIKAR,26064105,"5,213.01 ",,WAL000012786
Department of Health,NHS Walsall CCG,2/28/2019,C&M-GMS Cost of Drugs -Prescribing,LOCAL ENHANCED SERVICES,DRS PILLAI & NAIR,26064107,"2,796.68 ",,WAL000012790
Department of Health,NHS Walsall CCG,2/28/2019,C&M-GMS DES Minor Surgery,PRC DELEGATED CO-COMMISSIONING,DRS PILLAI & NAIR,26064107,"18,896.36 ",,WAL000012790
Department of Health,NHS Walsall CCG,2/28/2019,C&M-GMS Global Sum,PRC DELEGATED CO-COMMISSIONING,DRS PILLAI & NAIR,26064107,"36,780.59 ",,WAL000012790
Department of Health,NHS Walsall CCG,2/28/2019,C&M-GMS Prof Fees Prescribing,PRC DELEGATED CO-COMMISSIONING,DRS PILLAI & NAIR,26064107,470.31 ,,WAL000012790
Department of Health,NHS Walsall CCG,2/28/2019,C&M-GMS QOF Aspiration,PRC DELEGATED CO-COMMISSIONING,DRS PILLAI & NAIR,26064107,"4,804.21 ",,WAL000012790
Department of Health,NHS Walsall CCG,2/28/2019,C&M-GMS Cost of Drugs -Prescribing,LOCAL ENHANCED SERVICES,DRS GHAFFAR & ASGHAR,26064109,"2,598.90 ",,WAL000012792
Department of Health,NHS Walsall CCG,2/28/2019,C&M-GMS Global Sum,PRC DELEGATED CO-COMMISSIONING,DRS GHAFFAR & ASGHAR,26064109,"72,567.16 ",,WAL000012792
Department of Health,NHS Walsall CCG,2/28/2019,C&M-GMS Prof Fees Prescribing,PRC DELEGATED CO-COMMISSIONING,DRS GHAFFAR & ASGHAR,26064109,557.69 ,,WAL000012792
Department of Health,NHS Walsall CCG,2/28/2019,C&M-GMS QOF Aspiration,PRC DELEGATED CO-COMMISSIONING,DRS GHAFFAR & ASGHAR,26064109,"7,874.45 ",,WAL000012792
Department of Health,NHS Walsall CCG,2/28/2019,C&M-GMS Cost of Drugs -Prescribing,LOCAL ENHANCED SERVICES,DUGAS & PARTNERS,26064111,"1,882.30 ",,WAL000012794
Department of Health,NHS Walsall CCG,2/28/2019,C&M-GMS DES Minor Surgery,PRC DELEGATED CO-COMMISSIONING,DUGAS & PARTNERS,26064111,"1,393.28 ",,WAL000012794
Department of Health,NHS Walsall CCG,2/28/2019,C&M-GMS Global Sum,PRC DELEGATED CO-COMMISSIONING,DUGAS & PARTNERS,26064111,"35,547.06 ",,WAL000012794
Department of Health,NHS Walsall CCG,2/28/2019,C&M-GMS MPIG Correction Factor,PRC DELEGATED CO-COMMISSIONING,DUGAS & PARTNERS,26064111,212.87 ,,WAL000012794
Department of Health,NHS Walsall CCG,2/28/2019,C&M-GMS Prem Cost Rent,PRC DELEGATED CO-COMMISSIONING,DUGAS & PARTNERS,26064111,"5,496.33 ",,WAL000012794
Department of Health,NHS Walsall CCG,2/28/2019,C&M-GMS Prem Notional Rent,PRC DELEGATED CO-COMMISSIONING,DUGAS & PARTNERS,26064111,683.33 ,,WAL000012794
Department of Health,NHS Walsall CCG,2/28/2019,C&M-GMS Prem Water Rates,PRC DELEGATED CO-COMMISSIONING,DUGAS & PARTNERS,26064111,308.26 ,,WAL000012794
Department of Health,NHS Walsall CCG,2/28/2019,C&M-GMS Prof Fees Prescribing,PRC DELEGATED CO-COMMISSIONING,DUGAS & PARTNERS,26064111,231.30 ,,WAL000012794
Department of Health,NHS Walsall CCG,2/28/2019,C&M-GMS QOF Aspiration,PRC DELEGATED CO-COMMISSIONING,DUGAS & PARTNERS,26064111,"3,118.79 ",,WAL000012794
Department of Health,NHS Walsall CCG,2/28/2019,C&M-PMS Contract Value,PRC DELEGATED CO-COMMISSIONING,HOLLAND PARK SURGERY WALSALL,26064113,"34,351.99 ",,WAL000012796
Department of Health,NHS Walsall CCG,2/28/2019,C&M-PMS Cost of Drugs -Prescribing,LOCAL ENHANCED SERVICES,HOLLAND PARK SURGERY WALSALL,26064113,626.03 ,,WAL000012796
Department of Health,NHS Walsall CCG,2/28/2019,C&M-PMS DES Minor Surgery,PRC DELEGATED CO-COMMISSIONING,HOLLAND PARK SURGERY WALSALL,26064113,"1,044.96 ",,WAL000012796
Department of Health,NHS Walsall CCG,2/28/2019,C&M-PMS Prof fees Prescribing,PRC DELEGATED CO-COMMISSIONING,HOLLAND PARK SURGERY WALSALL,26064113,174.76 ,,WAL000012796
Department of Health,NHS Walsall CCG,2/28/2019,C&M-PMS QOF Aspiration,PRC DELEGATED CO-COMMISSIONING,HOLLAND PARK SURGERY WALSALL,26064113,"3,673.60 ",,WAL000012796
Department of Health,NHS Walsall CCG,2/28/2019,C&M-GMS Cost of Drugs -Prescribing,LOCAL ENHANCED SERVICES,HOULAHAN & PARTNERS,26064115,"1,021.40 ",,WAL000012798
Department of Health,NHS Walsall CCG,2/28/2019,C&M-GMS DES Minor Surgery,PRC DELEGATED CO-COMMISSIONING,HOULAHAN & PARTNERS,26064115,"1,828.68 ",,WAL000012798
Department of Health,NHS Walsall CCG,2/28/2019,C&M-GMS Global Sum,PRC DELEGATED CO-COMMISSIONING,HOULAHAN & PARTNERS,26064115,"71,878.03 ",,WAL000012798
Department of Health,NHS Walsall CCG,2/28/2019,C&M-GMS MPIG Correction Factor,PRC DELEGATED CO-COMMISSIONING,HOULAHAN & PARTNERS,26064115,179.92 ,,WAL000012798
Department of Health,NHS Walsall CCG,2/28/2019,C&M-GMS Prem Cost Rent,PRC DELEGATED CO-COMMISSIONING,HOULAHAN & PARTNERS,26064115,"3,822.33 ",,WAL000012798
Department of Health,NHS Walsall CCG,2/28/2019,C&M-GMS Prem Notional Rent,PRC DELEGATED CO-COMMISSIONING,HOULAHAN & PARTNERS,26064115,529.58 ,,WAL000012798
Department of Health,NHS Walsall CCG,2/28/2019,C&M-GMS Prem Water Rates,PRC DELEGATED CO-COMMISSIONING,HOULAHAN & PARTNERS,26064115,399.02 ,,WAL000012798
Department of Health,NHS Walsall CCG,2/28/2019,C&M-GMS Prof Fees Prescribing,PRC DELEGATED CO-COMMISSIONING,HOULAHAN & PARTNERS,26064115,285.27 ,,WAL000012798
Department of Health,NHS Walsall CCG,2/28/2019,C&M-GMS QOF Aspiration,PRC DELEGATED CO-COMMISSIONING,HOULAHAN & PARTNERS,26064115,"7,672.03 ",,WAL000012798
Department of Health,NHS Walsall CCG,2/28/2019,C&M-GMS Cost of Drugs -Prescribing,LOCAL ENHANCED SERVICES,KAUL & PTS,26064117,"5,468.32 ",,WAL000012800
Department of Health,NHS Walsall CCG,2/28/2019,C&M-GMS DES Minor Surgery,PRC DELEGATED CO-COMMISSIONING,KAUL & PTS,26064117,609.56 ,,WAL000012800
Department of Health,NHS Walsall CCG,2/28/2019,C&M-GMS Global Sum,PRC DELEGATED CO-COMMISSIONING,KAUL & PTS,26064117,"22,166.20 ",,WAL000012800
Department of Health,NHS Walsall CCG,2/28/2019,C&M-GMS MPIG Correction Factor,PRC DELEGATED CO-COMMISSIONING,KAUL & PTS,26064117,518.60 ,,WAL000012800
Department of Health,NHS Walsall CCG,2/28/2019,C&M-GMS Prof Fees Prescribing,PRC DELEGATED CO-COMMISSIONING,KAUL & PTS,26064117,"1,263.97 ",,WAL000012800
Department of Health,NHS Walsall CCG,2/28/2019,C&M-GMS QOF Aspiration,PRC DELEGATED CO-COMMISSIONING,KAUL & PTS,26064117,"2,174.70 ",,WAL000012800
Department of Health,NHS Walsall CCG,2/28/2019,C&M-GMS Cost of Drugs -Prescribing,LOCAL ENHANCED SERVICES,DR I KHAN & DR S MERALI,26064119,"1,304.32 ",,WAL000012802
Department of Health,NHS Walsall CCG,2/28/2019,C&M-GMS DES Minor Surgery,PRC DELEGATED CO-COMMISSIONING,DR I KHAN & DR S MERALI,26064119,"1,044.96 ",,WAL000012802
Department of Health,NHS Walsall CCG,2/28/2019,C&M-GMS Global Sum,PRC DELEGATED CO-COMMISSIONING,DR I KHAN & DR S MERALI,26064119,"25,819.38 ",,WAL000012802
Department of Health,NHS Walsall CCG,2/28/2019,C&M-GMS MPIG Correction Factor,PRC DELEGATED CO-COMMISSIONING,DR I KHAN & DR S MERALI,26064119,243.86 ,,WAL000012802
Department of Health,NHS Walsall CCG,2/28/2019,C&M-GMS PCO Locum Adop/Pat/Mat,PRC DELEGATED CO-COMMISSIONING,DR I KHAN & DR S MERALI,26064119,"2,203.02 ",,WAL000012802
Department of Health,NHS Walsall CCG,2/28/2019,C&M-GMS Prof Fees Prescribing,PRC DELEGATED CO-COMMISSIONING,DR I KHAN & DR S MERALI,26064119,239.01 ,,WAL000012802
Department of Health,NHS Walsall CCG,2/28/2019,C&M-GMS QOF Aspiration,PRC DELEGATED CO-COMMISSIONING,DR I KHAN & DR S MERALI,26064119,"2,547.94 ",,WAL000012802
Department of Health,NHS Walsall CCG,2/28/2019,C&M-GMS Cost of Drugs -Prescribing,LOCAL ENHANCED SERVICES,JAY & PANSARI,26064121,"1,453.67 ",,WAL000012804
Department of Health,NHS Walsall CCG,2/28/2019,C&M-GMS Global Sum,PRC DELEGATED CO-COMMISSIONING,JAY & PANSARI,26064121,"29,748.02 ",,WAL000012804
Department of Health,NHS Walsall CCG,2/28/2019,C&M-GMS Prof Fees Prescribing,PRC DELEGATED CO-COMMISSIONING,JAY & PANSARI,26064121,264.71 ,,WAL000012804
Department of Health,NHS Walsall CCG,2/28/2019,C&M-GMS QOF Aspiration,PRC DELEGATED CO-COMMISSIONING,JAY & PANSARI,26064121,"3,817.56 ",,WAL000012804
Department of Health,NHS Walsall CCG,2/28/2019,C&M-GMS Cost of Drugs -Prescribing,LOCAL ENHANCED SERVICES,LITTLE LONDON SURGERY,26064125,"2,965.48 ",,WAL000012808
Department of Health,NHS Walsall CCG,2/28/2019,C&M-GMS DES Extended Hours Access,PRC DELEGATED CO-COMMISSIONING,LITTLE LONDON SURGERY,26064125,"3,946.16 ",,WAL000012808
Department of Health,NHS Walsall CCG,2/28/2019,C&M-GMS DES Minor Surgery,PRC DELEGATED CO-COMMISSIONING,LITTLE LONDON SURGERY,26064125,"2,089.92 ",,WAL000012808
Department of Health,NHS Walsall CCG,2/28/2019,C&M-GMS Global Sum,PRC DELEGATED CO-COMMISSIONING,LITTLE LONDON SURGERY,26064125,"61,060.92 ",,WAL000012808
Department of Health,NHS Walsall CCG,2/28/2019,C&M-GMS Prem Notional Rent,PRC DELEGATED CO-COMMISSIONING,LITTLE LONDON SURGERY,26064125,"4,881.25 ",,WAL000012808
Department of Health,NHS Walsall CCG,2/28/2019,C&M-GMS Prof Fees Prescribing,PRC DELEGATED CO-COMMISSIONING,LITTLE LONDON SURGERY,26064125,555.12 ,,WAL000012808
Department of Health,NHS Walsall CCG,2/28/2019,C&M-GMS QOF Aspiration,PRC DELEGATED CO-COMMISSIONING,LITTLE LONDON SURGERY,26064125,"6,990.88 ",,WAL000012808
Department of Health,NHS Walsall CCG,2/28/2019,C&M-GMS Cost of Drugs -Prescribing,LOCAL ENHANCED SERVICES,LOCKSTOWN PRACTICE,26064127,968.52 ,,WAL000012810
Department of Health,NHS Walsall CCG,2/28/2019,C&M-GMS DES Extended Hours Access,PRC DELEGATED CO-COMMISSIONING,LOCKSTOWN PRACTICE,26064127,"3,752.03 ",,WAL000012810
Department of Health,NHS Walsall CCG,2/28/2019,C&M-GMS DES Minor Surgery,PRC DELEGATED CO-COMMISSIONING,LOCKSTOWN PRACTICE,26064127,"5,094.18 ",,WAL000012810
Department of Health,NHS Walsall CCG,2/28/2019,C&M-GMS Global Sum,PRC DELEGATED CO-COMMISSIONING,LOCKSTOWN PRACTICE,26064127,"59,356.80 ",,WAL000012810
Department of Health,NHS Walsall CCG,2/28/2019,C&M-GMS MPIG Correction Factor,PRC DELEGATED CO-COMMISSIONING,LOCKSTOWN PRACTICE,26064127,27.60 ,,WAL000012810
Department of Health,NHS Walsall CCG,2/28/2019,C&M-GMS Prem Actual Rent,PRC DELEGATED CO-COMMISSIONING,LOCKSTOWN PRACTICE,26064127,"5,235.33 ",,WAL000012810
Department of Health,NHS Walsall CCG,2/28/2019,C&M-GMS Prem Cost Rent,PRC DELEGATED CO-COMMISSIONING,LOCKSTOWN PRACTICE,26064127,"3,607.50 ",,WAL000012810
Department of Health,NHS Walsall CCG,2/28/2019,C&M-GMS Prof Fees Prescribing,PRC DELEGATED CO-COMMISSIONING,LOCKSTOWN PRACTICE,26064127,508.86 ,,WAL000012810
Department of Health,NHS Walsall CCG,2/28/2019,C&M-GMS QOF Aspiration,PRC DELEGATED CO-COMMISSIONING,LOCKSTOWN PRACTICE,26064127,"8,150.50 ",,WAL000012810
Department of Health,NHS Walsall CCG,2/28/2019,ME-GMS GP Pension EEs Adjustments,PRC DELEGATED CO-COMMISSIONING,LOCKSTOWN PRACTICE,26064127,"1,770.51 ",,WAL000012810
Department of Health,NHS Walsall CCG,2/28/2019,ME-GMS GP Pension ERs Adjustments,PRC DELEGATED CO-COMMISSIONING,LOCKSTOWN PRACTICE,26064127,"1,755.87 ",,WAL000012810
Department of Health,NHS Walsall CCG,2/28/2019,C&M-GMS Global Sum,PRC DELEGATED CO-COMMISSIONING,M Z ABEDIN,26064129,"26,450.86 ",,WAL000012812
Department of Health,NHS Walsall CCG,2/28/2019,C&M-GMS Prem Cost Rent,PRC DELEGATED CO-COMMISSIONING,M Z ABEDIN,26064129,"1,964.58 ",,WAL000012812
Department of Health,NHS Walsall CCG,2/28/2019,C&M-GMS QOF Aspiration,PRC DELEGATED CO-COMMISSIONING,M Z ABEDIN,26064129,"3,118.49 ",,WAL000012812
Department of Health,NHS Walsall CCG,2/28/2019,C&M-GMS Cost of Drugs -Prescribing,LOCAL ENHANCED SERVICES,NORTHGATE PRACTICE,26064133,"3,198.20 ",,WAL000012816
Department of Health,NHS Walsall CCG,2/28/2019,C&M-GMS Global Sum,PRC DELEGATED CO-COMMISSIONING,NORTHGATE PRACTICE,26064133,"77,907.82 ",,WAL000012816
Department of Health,NHS Walsall CCG,2/28/2019,C&M-GMS Prem Notional Rent,PRC DELEGATED CO-COMMISSIONING,NORTHGATE PRACTICE,26064133,"12,641.00 ",,WAL000012816
Department of Health,NHS Walsall CCG,2/28/2019,C&M-GMS Prof Fees Prescribing,PRC DELEGATED CO-COMMISSIONING,NORTHGATE PRACTICE,26064133,439.47 ,,WAL000012816
Department of Health,NHS Walsall CCG,2/28/2019,C&M-GMS QOF Aspiration,PRC DELEGATED CO-COMMISSIONING,NORTHGATE PRACTICE,26064133,"10,923.65 ",,WAL000012816
Department of Health,NHS Walsall CCG,2/28/2019,C&M-GMS Cost of Drugs -Prescribing,LOCAL ENHANCED SERVICES,PORTLAND MEDICAL PRACTICE,26064135,"20,703.85 ",,WAL000012820
Department of Health,NHS Walsall CCG,2/28/2019,C&M-GMS Global Sum,PRC DELEGATED CO-COMMISSIONING,PORTLAND MEDICAL PRACTICE,26064135,"66,599.72 ",,WAL000012820
Department of Health,NHS Walsall CCG,2/28/2019,C&M-GMS Prem Notional Rent,PRC DELEGATED CO-COMMISSIONING,PORTLAND MEDICAL PRACTICE,26064135,"10,651.20 ",,WAL000012820
Department of Health,NHS Walsall CCG,2/28/2019,C&M-GMS Prof Fees Prescribing,PRC DELEGATED CO-COMMISSIONING,PORTLAND MEDICAL PRACTICE,26064135,"4,526.46 ",,WAL000012820
Department of Health,NHS Walsall CCG,2/28/2019,C&M-GMS QOF Aspiration,PRC DELEGATED CO-COMMISSIONING,PORTLAND MEDICAL PRACTICE,26064135,"7,846.60 ",,WAL000012820
Department of Health,NHS Walsall CCG,2/28/2019,C&M-GMS Cost of Drugs -Prescribing,LOCAL ENHANCED SERVICES,RUSHALL MEDICAL CENTRE,26064137,"9,777.44 ",,WAL000012822
Department of Health,NHS Walsall CCG,2/28/2019,C&M-GMS DES Extended Hours Access,PRC DELEGATED CO-COMMISSIONING,RUSHALL MEDICAL CENTRE,26064137,"6,889.40 ",,WAL000012822
Department of Health,NHS Walsall CCG,2/28/2019,C&M-GMS Global Sum,PRC DELEGATED CO-COMMISSIONING,RUSHALL MEDICAL CENTRE,26064137,"109,100.59 ",,WAL000012822
Department of Health,NHS Walsall CCG,2/28/2019,C&M-GMS MPIG Correction Factor,PRC DELEGATED CO-COMMISSIONING,RUSHALL MEDICAL CENTRE,26064137,340.58 ,,WAL000012822
Department of Health,NHS Walsall CCG,2/28/2019,C&M-GMS Prem Notional Rent,PRC DELEGATED CO-COMMISSIONING,RUSHALL MEDICAL CENTRE,26064137,"17,443.36 ",,WAL000012822
Department of Health,NHS Walsall CCG,2/28/2019,C&M-GMS Prem Water Rates,PRC DELEGATED CO-COMMISSIONING,RUSHALL MEDICAL CENTRE,26064137,598.51 ,,WAL000012822
Department of Health,NHS Walsall CCG,2/28/2019,C&M-GMS Prof Fees Prescribing,PRC DELEGATED CO-COMMISSIONING,RUSHALL MEDICAL CENTRE,26064137,"2,339.78 ",,WAL000012822
Department of Health,NHS Walsall CCG,2/28/2019,C&M-GMS QOF Aspiration,PRC DELEGATED CO-COMMISSIONING,RUSHALL MEDICAL CENTRE,26064137,"14,940.38 ",,WAL000012822
Department of Health,NHS Walsall CCG,2/28/2019,C&M-GMS Cost of Drugs -Prescribing,LOCAL ENHANCED SERVICES,S F ALI,26064139,738.07 ,,WAL000012824
Department of Health,NHS Walsall CCG,2/28/2019,C&M-GMS Global Sum,PRC DELEGATED CO-COMMISSIONING,S F ALI,26064139,"30,008.26 ",,WAL000012824
Department of Health,NHS Walsall CCG,2/28/2019,C&M-GMS Prem Notional Rent,PRC DELEGATED CO-COMMISSIONING,S F ALI,26064139,"2,241.75 ",,WAL000012824
Department of Health,NHS Walsall CCG,2/28/2019,C&M-GMS Prof Fees Prescribing,PRC DELEGATED CO-COMMISSIONING,S F ALI,26064139,210.74 ,,WAL000012824
Department of Health,NHS Walsall CCG,2/28/2019,C&M-GMS QOF Aspiration,PRC DELEGATED CO-COMMISSIONING,S F ALI,26064139,"3,604.12 ",,WAL000012824
Department of Health,NHS Walsall CCG,2/28/2019,C&M-GMS Cost of Drugs -Prescribing,LOCAL ENHANCED SERVICES,SINHA RISCHIE & SINHA,26064141,"1,427.97 ",,WAL000012826
Department of Health,NHS Walsall CCG,2/28/2019,C&M-GMS DES Minor Surgery,PRC DELEGATED CO-COMMISSIONING,SINHA RISCHIE & SINHA,26064141,"3,309.04 ",,WAL000012826
Department of Health,NHS Walsall CCG,2/28/2019,C&M-GMS Global Sum,PRC DELEGATED CO-COMMISSIONING,SINHA RISCHIE & SINHA,26064141,"55,483.87 ",,WAL000012826
Department of Health,NHS Walsall CCG,2/28/2019,C&M-GMS MPIG Correction Factor,PRC DELEGATED CO-COMMISSIONING,SINHA RISCHIE & SINHA,26064141,363.89 ,,WAL000012826
Department of Health,NHS Walsall CCG,2/28/2019,C&M-GMS Prem Actual Rent,PRC DELEGATED CO-COMMISSIONING,SINHA RISCHIE & SINHA,26064141,"12,800.00 ",,WAL000012826
Department of Health,NHS Walsall CCG,2/28/2019,C&M-GMS Prem Rates,PRC DELEGATED CO-COMMISSIONING,SINHA RISCHIE & SINHA,26064141,"17,140.10 ",,WAL000012826
Department of Health,NHS Walsall CCG,2/28/2019,C&M-GMS Prof Fees Prescribing,PRC DELEGATED CO-COMMISSIONING,SINHA RISCHIE & SINHA,26064141,280.13 ,,WAL000012826
Department of Health,NHS Walsall CCG,2/28/2019,C&M-GMS QOF Aspiration,PRC DELEGATED CO-COMMISSIONING,SINHA RISCHIE & SINHA,26064141,"6,560.67 ",,WAL000012826
Department of Health,NHS Walsall CCG,2/28/2019,C&M-GMS Global Sum,PRC DELEGATED CO-COMMISSIONING,THORNETT,26064143,"23,015.36 ",,WAL000012828
Department of Health,NHS Walsall CCG,2/28/2019,C&M-GMS QOF Aspiration,PRC DELEGATED CO-COMMISSIONING,THORNETT,26064143,"2,854.92 ",,WAL000012828
Department of Health,NHS Walsall CCG,2/28/2019,C&M-GMS Global Sum,PRC DELEGATED CO-COMMISSIONING,VITARANA,26064145,"22,821.34 ",,WAL000012830
Department of Health,NHS Walsall CCG,2/28/2019,C&M-GMS PCO Other,PRC DELEGATED CO-COMMISSIONING,VITARANA,26064145,"3,088.00 ",,WAL000012830
Department of Health,NHS Walsall CCG,2/28/2019,C&M-GMS Prem Cost Rent,PRC DELEGATED CO-COMMISSIONING,VITARANA,26064145,"5,981.33 ",,WAL000012830
Department of Health,NHS Walsall CCG,2/28/2019,C&M-GMS Prem Rates,PRC DELEGATED CO-COMMISSIONING,VITARANA,26064145,"10,754.57 ",,WAL000012830
Department of Health,NHS Walsall CCG,2/28/2019,C&M-GMS QOF Aspiration,PRC DELEGATED CO-COMMISSIONING,VITARANA,26064145,"1,730.29 ",,WAL000012830
Department of Health,NHS Walsall CCG,2/28/2019,C&M-GMS Cost of Drugs -Prescribing,LOCAL ENHANCED SERVICES,PALFREY HEALTH CENTRE,26064154,"1,134.32 ",,WAL000012844
Department of Health,NHS Walsall CCG,2/28/2019,C&M-GMS Global Sum,PRC DELEGATED CO-COMMISSIONING,PALFREY HEALTH CENTRE,26064154,"28,674.79 ",,WAL000012844
Department of Health,NHS Walsall CCG,2/28/2019,C&M-GMS MPIG Correction Factor,PRC DELEGATED CO-COMMISSIONING,PALFREY HEALTH CENTRE,26064154,996.56 ,,WAL000012844
Department of Health,NHS Walsall CCG,2/28/2019,C&M-GMS Prem Actual Rent,PRC DELEGATED CO-COMMISSIONING,PALFREY HEALTH CENTRE,26064154,"11,406.52 ",,WAL000012844
Department of Health,NHS Walsall CCG,2/28/2019,C&M-GMS Prof Fees Prescribing,PRC DELEGATED CO-COMMISSIONING,PALFREY HEALTH CENTRE,26064154,241.58 ,,WAL000012844
Department of Health,NHS Walsall CCG,2/28/2019,C&M-GMS QOF Aspiration,PRC DELEGATED CO-COMMISSIONING,PALFREY HEALTH CENTRE,26064154,"2,730.75 ",,WAL000012844
Department of Health,NHS Walsall CCG,2/28/2019,C&M-PMS Contract Value,PRC DELEGATED CO-COMMISSIONING,FORRESTER STREET PRACTICE,26064159,"67,243.82 ",,WAL000012850
Department of Health,NHS Walsall CCG,2/28/2019,C&M-PMS Cost of Drugs -Prescribing,LOCAL ENHANCED SERVICES,FORRESTER STREET PRACTICE,26064159,"9,872.71 ",,WAL000012850
Department of Health,NHS Walsall CCG,2/28/2019,C&M-PMS Prof fees Prescribing,PRC DELEGATED CO-COMMISSIONING,FORRESTER STREET PRACTICE,26064159,"2,775.81 ",,WAL000012850
Department of Health,NHS Walsall CCG,2/28/2019,C&M-PMS QOF Aspiration,PRC DELEGATED CO-COMMISSIONING,FORRESTER STREET PRACTICE,26064159,"5,957.11 ",,WAL000012850
Department of Health,NHS Walsall CCG,2/28/2019,Clinical&Medical-Serv Recd-NHS Trst,MEDICINES MANAGEMENT - CLINICAL,WALSALL HEALTHCARE NHS TRUST,26064919,"113,394.00 ",654948981,C045703
Department of Health,NHS Walsall CCG,2/28/2019,C&M-GMS Cost of Drugs -Prescribing,LOCAL ENHANCED SERVICES,BLOXWICH MEDICAL PRACTICE,26065052,"4,635.95 ",,WAL000012788
Department of Health,NHS Walsall CCG,2/28/2019,C&M-GMS Global Sum,PRC DELEGATED CO-COMMISSIONING,BLOXWICH MEDICAL PRACTICE,26065052,"40,520.57 ",,WAL000012788
Department of Health,NHS Walsall CCG,2/28/2019,C&M-GMS Prof Fees Prescribing,PRC DELEGATED CO-COMMISSIONING,BLOXWICH MEDICAL PRACTICE,26065052,781.28 ,,WAL000012788
Department of Health,NHS Walsall CCG,2/28/2019,C&M-GMS QOF Aspiration,PRC DELEGATED CO-COMMISSIONING,BLOXWICH MEDICAL PRACTICE,26065052,"4,587.52 ",,WAL000012788
Department of Health,NHS Walsall CCG,2/28/2019,C&M-GMS Cost of Drugs -Prescribing,LOCAL ENHANCED SERVICES,STROUD PRACTICE,26065057,"1,895.94 ",,WAL000012818
Department of Health,NHS Walsall CCG,2/28/2019,C&M-GMS DES Extended Hours Access,PRC DELEGATED CO-COMMISSIONING,STROUD PRACTICE,26065057,"2,448.08 ",,WAL000012818
Department of Health,NHS Walsall CCG,2/28/2019,C&M-GMS DES Minor Surgery,PRC DELEGATED CO-COMMISSIONING,STROUD PRACTICE,26065057,"2,525.32 ",,WAL000012818
Department of Health,NHS Walsall CCG,2/28/2019,C&M-GMS Global Sum,PRC DELEGATED CO-COMMISSIONING,STROUD PRACTICE,26065057,"41,183.59 ",,WAL000012818
Department of Health,NHS Walsall CCG,2/28/2019,C&M-GMS Prof Fees Prescribing,PRC DELEGATED CO-COMMISSIONING,STROUD PRACTICE,26065057,267.28 ,,WAL000012818
Department of Health,NHS Walsall CCG,2/28/2019,C&M-GMS QOF Aspiration,PRC DELEGATED CO-COMMISSIONING,STROUD PRACTICE,26065057,"4,387.30 ",,WAL000012818
Department of Health,NHS Walsall CCG,2/28/2019,C&M-PMS Contract Value,PRC DELEGATED CO-COMMISSIONING,NEW INVENTION MEDICAL PRACTICE,26065061,"42,764.69 ",,WAL000012834
Department of Health,NHS Walsall CCG,2/28/2019,C&M-PMS Prem Actual Rent,PRC DELEGATED CO-COMMISSIONING,NEW INVENTION MEDICAL PRACTICE,26065061,"3,800.00 ",,WAL000012834
Department of Health,NHS Walsall CCG,2/28/2019,C&M-PMS QOF Aspiration,PRC DELEGATED CO-COMMISSIONING,NEW INVENTION MEDICAL PRACTICE,26065061,"5,497.51 ",,WAL000012834
Department of Health,NHS Walsall CCG,2/28/2019,C&M-GMS Cost of Drugs -Prescribing,LOCAL ENHANCED SERVICES,LICHFIELD STREET SURGERY,26065063,"2,282.82 ",,WAL000012838
Department of Health,NHS Walsall CCG,2/28/2019,C&M-GMS DES Extended Hours Access,PRC DELEGATED CO-COMMISSIONING,LICHFIELD STREET SURGERY,26065063,"4,305.40 ",,WAL000012838
Department of Health,NHS Walsall CCG,2/28/2019,C&M-GMS DES Minor Surgery,PRC DELEGATED CO-COMMISSIONING,LICHFIELD STREET SURGERY,26065063,"5,137.72 ",,WAL000012838
Department of Health,NHS Walsall CCG,2/28/2019,C&M-GMS Global Sum,PRC DELEGATED CO-COMMISSIONING,LICHFIELD STREET SURGERY,26065063,"67,868.01 ",,WAL000012838
Department of Health,NHS Walsall CCG,2/28/2019,C&M-GMS PCO Locum Adop/Pat/Mat,PRC DELEGATED CO-COMMISSIONING,LICHFIELD STREET SURGERY,26065063,"2,286.12 ",,WAL000012838
Department of Health,NHS Walsall CCG,2/28/2019,C&M-GMS Prem Notional Rent,PRC DELEGATED CO-COMMISSIONING,LICHFIELD STREET SURGERY,26065063,"5,654.17 ",,WAL000012838
Department of Health,NHS Walsall CCG,2/28/2019,C&M-GMS Prem Water Rates,PRC DELEGATED CO-COMMISSIONING,LICHFIELD STREET SURGERY,26065063,157.86 ,,WAL000012838
Department of Health,NHS Walsall CCG,2/28/2019,C&M-GMS Prof Fees Prescribing,PRC DELEGATED CO-COMMISSIONING,LICHFIELD STREET SURGERY,26065063,478.02 ,,WAL000012838
Department of Health,NHS Walsall CCG,2/28/2019,C&M-GMS QOF Aspiration,PRC DELEGATED CO-COMMISSIONING,LICHFIELD STREET SURGERY,26065063,"8,009.82 ",,WAL000012838
Department of Health,NHS Walsall CCG,2/28/2019,ME-GMS GP Pension EEs Adjustments,PRC DELEGATED CO-COMMISSIONING,LICHFIELD STREET SURGERY,26065063,729.17 ,,WAL000012838
Department of Health,NHS Walsall CCG,2/28/2019,ME-GMS GP Pension ERs Adjustments,PRC DELEGATED CO-COMMISSIONING,LICHFIELD STREET SURGERY,26065063,838.83 ,,WAL000012838
Department of Health,NHS Walsall CCG,2/28/2019,C&M-GMS Global Sum,PRC DELEGATED CO-COMMISSIONING,AS GILL & P CHEEMA,26079048,"67,948.53 ",,WAL000012756
Department of Health,NHS Walsall CCG,2/28/2019,C&M-GMS QOF Aspiration,PRC DELEGATED CO-COMMISSIONING,AS GILL & P CHEEMA,26079048,"7,673.81 ",,WAL000012756
Department of Health,NHS Walsall CCG,2/28/2019,ME - GMS GP Prior Year ERs,PRC DELEGATED CO-COMMISSIONING,AS GILL & P CHEEMA,26079048,"1,114.27 ",,WAL000012756
Department of Health,NHS Walsall CCG,2/28/2019,ME-GMS GP Prior Year EEs,PRC DELEGATED CO-COMMISSIONING,AS GILL & P CHEEMA,26079048,"2,414.01 ",,WAL000012756
Department of Health,NHS Walsall CCG,2/28/2019,C&M-GMS DES Minor Surgery,PRC DELEGATED CO-COMMISSIONING,LOCKFIELD SURGERY & RAYNOR ROAD SURGERY,26079049,"10,536.68 ",,WAL000012832
Department of Health,NHS Walsall CCG,2/28/2019,C&M-GMS Global Sum,PRC DELEGATED CO-COMMISSIONING,LOCKFIELD SURGERY & RAYNOR ROAD SURGERY,26079049,"76,900.83 ",,WAL000012832
Department of Health,NHS Walsall CCG,2/28/2019,C&M-GMS Prem Actual Rent,PRC DELEGATED CO-COMMISSIONING,LOCKFIELD SURGERY & RAYNOR ROAD SURGERY,26079049,"14,727.25 ",,WAL000012832
Department of Health,NHS Walsall CCG,2/28/2019,C&M-GMS QOF Aspiration,PRC DELEGATED CO-COMMISSIONING,LOCKFIELD SURGERY & RAYNOR ROAD SURGERY,26079049,"8,830.63 ",,WAL000012832
Department of Health,NHS Walsall CCG,2/28/2019,ME - GMS GP Prior Year ERs,PRC DELEGATED CO-COMMISSIONING,LOCKFIELD SURGERY & RAYNOR ROAD SURGERY,26079049,94.13 ,,WAL000012832
Department of Health,NHS Walsall CCG,2/28/2019,ME-GMS GP Prior Year EEs,PRC DELEGATED CO-COMMISSIONING,LOCKFIELD SURGERY & RAYNOR ROAD SURGERY,26079049,237.06 ,,WAL000012832
Department of Health,NHS Walsall CCG,2/28/2019,C&M-PMS Contract Value,PRC DELEGATED CO-COMMISSIONING,COLLINGWOOD PRACTICE,26079050,"34,927.61 ",,WAL000012848
Department of Health,NHS Walsall CCG,2/28/2019,C&M-PMS DES Extended Hours Access,PRC DELEGATED CO-COMMISSIONING,COLLINGWOOD PRACTICE,26079050,"1,558.98 ",,WAL000012848
Department of Health,NHS Walsall CCG,2/28/2019,C&M-PMS QOF Aspiration,PRC DELEGATED CO-COMMISSIONING,COLLINGWOOD PRACTICE,26079050,"3,961.34 ",,WAL000012848
Department of Health,NHS Walsall CCG,2/28/2019,C&M-PMS Contract Value,PRC DELEGATED CO-COMMISSIONING,KEYS MEDICAL PRACTICE,26079051,"34,749.78 ",,WAL000012852
Department of Health,NHS Walsall CCG,2/28/2019,C&M-PMS Cost of Drugs -Prescribing,LOCAL ENHANCED SERVICES,KEYS MEDICAL PRACTICE,26079051,218.66 ,,WAL000012852
Department of Health,NHS Walsall CCG,2/28/2019,C&M-PMS DES Extended Hours Access,PRC DELEGATED CO-COMMISSIONING,KEYS MEDICAL PRACTICE,26079051,730.77 ,,WAL000012852
Department of Health,NHS Walsall CCG,2/28/2019,C&M-PMS Prof fees Prescribing,PRC DELEGATED CO-COMMISSIONING,KEYS MEDICAL PRACTICE,26079051,84.81 ,,WAL000012852
Department of Health,NHS Walsall CCG,2/28/2019,C&M-PMS QOF Aspiration,PRC DELEGATED CO-COMMISSIONING,KEYS MEDICAL PRACTICE,26079051,"3,096.41 ",,WAL000012852
Department of Health,NHS Walsall CCG,2/28/2019,C&M-PMS Contract Value,PRC DELEGATED CO-COMMISSIONING,HARDEN-BLAKENALL PRACTICE,26079052,"93,840.52 ",282 3211 27,WAL000012854
Department of Health,NHS Walsall CCG,2/28/2019,C&M-PMS Cost of Drugs -Prescribing,LOCAL ENHANCED SERVICES,HARDEN-BLAKENALL PRACTICE,26079052,632.26 ,282 3211 27,WAL000012854
Department of Health,NHS Walsall CCG,2/28/2019,C&M-PMS DES Extended Hours Access,PRC DELEGATED CO-COMMISSIONING,HARDEN-BLAKENALL PRACTICE,26079052,"1,900.00 ",282 3211 27,WAL000012854
Department of Health,NHS Walsall CCG,2/28/2019,C&M-PMS Prof fees Prescribing,PRC DELEGATED CO-COMMISSIONING,HARDEN-BLAKENALL PRACTICE,26079052,156.77 ,282 3211 27,WAL000012854
Department of Health,NHS Walsall CCG,2/28/2019,C&M-PMS QOF Aspiration,PRC DELEGATED CO-COMMISSIONING,HARDEN-BLAKENALL PRACTICE,26079052,"10,154.80 ",282 3211 27,WAL000012854
Department of Health,NHS Walsall CCG,2/28/2019,C&M-OES Cataract,ACUTE COMMISSIONING,PRIMARY EYECARE SERVICES LTD,26086147,"28,710.00 ",,207258
Department of Health,NHS Walsall CCG,2/28/2019,Clinical&Medical-Independent Sector,NCAS/OATS,SPIRE HEALTHCARE LTD,26102849,"(166,588.29)",915970991,05YLASREC181909
Department of Health,NHS Walsall CCG,2/28/2019,Hcare Srv Rec Fdtn Trust-Contract Baseline,ACUTE COMMISSIONING,DUDLEY GROUP HOSPITALS NHS FOUNDATION TRUST,26102871,"203,105.37 ",654919109,1000031899
Department of Health,NHS Walsall CCG,2/28/2019,Non-PFI Oprtng Lease-Bldgs-Lease Rent,RECHARGES NHS PROPERTY SERVICES LTD,WALSALL HEALTHCARE NHS TRUST,26102877,"205,747.02 ",654948981,C045877
Department of Health,NHS Walsall CCG,2/28/2019,Hcare Srv Rec NHS Trust-Non Contract,COMMISSIONING RESERVE,WALSALL HEALTHCARE NHS TRUST,26102884,"143,000.00 ",654948981,C045876
Department of Health,NHS Walsall CCG,2/28/2019,Cont Care-Adult Learning Disab(<65),CHC ADULT FULLY FUNDED,WALSALL METROPOLITAN BOROUGH COUNCIL,26124269,"753,425.34 ",,702510
Department of Health,NHS Walsall CCG,2/28/2019,C&M-GMS LES Ultrasound,LOCAL ENHANCED SERVICES,MEDISCAN DIAGNOSTIC SERVICES LTD,26124345,"34,254.00 ",,INV003390
Department of Health,NHS Walsall CCG,2/28/2019,Hcare Srv Rec NHS Trust-Drugs,ACUTE COMMISSIONING,WALSALL HEALTHCARE NHS TRUST,26154256,"91,507.42 ",654948981,C044277
Department of Health,NHS Walsall CCG,2/28/2019,Hcare Srv Rec Fdtn Trust-Over/ Under Performance,ACUTE COMMISSIONING,DUDLEY GROUP HOSPITALS NHS FOUNDATION TRUST,26154364,"(55,119.00)",654919109,1000004085
Department of Health,NHS Walsall CCG,2/28/2019,Hcare Srv Rec NHS Trust-Contract Baseline,ACUTE COMMISSIONING,UNIVERSITY HOSPITALS OF NORTH MIDLANDS NHS TRUST,26171666,"51,996.00 ",654932808,I0011837
Department of Health,NHS Walsall CCG,2/28/2019,C&M-GMS Prem Healthcentre Rent,PRC DELEGATED CO-COMMISSIONING,DR N KHAN,26175394,"47,573.00 ",,SG18192499
Department of Health,NHS Walsall CCG,2/28/2019,Computer Hardware Purch,PRIMARY CARE IT,DELL CORPORATION LTD,26177046,"51,860.00 ",635823528,7402505859
Department of Health,NHS Walsall CCG,2/28/2019,Computer Hardware Purch,PRIMARY CARE IT,DELL CORPORATION LTD,26177047,"51,860.00 ",635823528,7402505912
Department of Health,NHS Walsall CCG,2/28/2019,Computer Hardware Purch,PRIMARY CARE IT,DELL CORPORATION LTD,26177048,"51,860.00 ",635823528,7402505925
Department of Health,NHS Walsall CCG,2/28/2019,Computer Hardware Purch,PRIMARY CARE IT,DELL CORPORATION LTD,26177049,"46,674.00 ",635823528,7402506062
Department of Health,NHS Walsall CCG,2/28/2019,Computer Hardware Purch,PRIMARY CARE IT,DELL CORPORATION LTD,26177051,"41,600.00 ",635823528,7402506389
Department of Health,NHS Walsall CCG,2/28/2019,Hcare Srv Rec NHS Trust-Non Contract,ACUTE COMMISSIONING,WALSALL HEALTHCARE NHS TRUST,26199406,"700,000.00 ",654948981,C045192
Department of Health,NHS Walsall CCG,2/28/2019,Charges from CSU,COMMISSIONING RESERVE,NHS MIDLANDS AND LANCASHIRE CSU,26199505,"42,310.00 ",GB 654442045,7312312693
Department of Health,NHS Walsall CCG,2/28/2019,Cont Care- Palliative Care,CHC ADULT FULLY FUNDED,WALSALL METROPOLITAN BOROUGH COUNCIL,26199532,"13,490.52 ",,705528
Department of Health,NHS Walsall CCG,2/28/2019,Cont Care-Adult Mental Health (65+),CHC ADULT FULLY FUNDED,WALSALL METROPOLITAN BOROUGH COUNCIL,26199532,"3,696.93 ",,705528
Department of Health,NHS Walsall CCG,2/28/2019,Cont Care-Adult Physical Disab (65+),CHC ADULT FULLY FUNDED,WALSALL METROPOLITAN BOROUGH COUNCIL,26199532,"48,494.59 ",,705528
Department of Health,NHS Walsall CCG,2/28/2019,Cont Care-Adult Physical Disab (<65),CHC ADULT FULLY FUNDED,WALSALL METROPOLITAN BOROUGH COUNCIL,26199532,"39,608.84 ",,705528
Department of Health,NHS Walsall CCG,2/28/2019,Cont Care-Adult Physical Disab (<65),CHC ADULT JOINT FUNDED,WALSALL METROPOLITAN BOROUGH COUNCIL,26199532,124.45 ,,705528
Department of Health,NHS Walsall CCG,2/28/2019,Hcare Srv Rec Fdtn Trust-Over/ Under Performance,AMBULANCE SERVICES,WEST MIDLANDS AMBULANCE SERVICE NHS FOUNDATION TRUST,26199544,"61,663.00 ",GB654950708,B0001859
Department of Health,NHS Walsall CCG,2/28/2019,FM Computer Contracts,PRIMARY CARE IT,WALSALL HEALTHCARE NHS TRUST,26207516,"70,478.00 ",654948981,GK18190050
Department of Health,NHS Walsall CCG,2/28/2019,Hcare Srv Rec NHS Trust-Contract Baseline,ACUTE COMMISSIONING,WALSALL HEALTHCARE NHS TRUST,26207517,"12,323,660.00 ",654948981,GK18190049
,,,,,,,,,
,,,,,,,,,
,,,,,,,,,
,,,,,,,,,
,,,,,,,,,
,,,,,,,,,
,,,,,,,,,
,,,,,,,,,
,,,,,,,,,
,,,,,,,,,
,,,,,,,,,
,,,,,,,,,
,,,,,,,,,
,,,,,,,,,
,,,,,,,,,
,,,,,,,,,
,,,,,,,,,
,,,,,,,,,
,,,,,,,,,
,,,,,,,,,
,,,,,,,,,
,,,,,,,,,
,,,,,,,,,
,,,,,,,,,
,,,,,,,,,
,,,,,,,,,
,,,,,,,,,
,,,,,,,,,
,,,,,,,,,
,,,,,,,,,
,,,,,,,,,
,,,,,,,,,
,,,,,,,,,
,,,,,,,,,
,,,,,,,,,
,,,,,,,,,
,,,,,,,,,
,,,,,,,,,
,,,,,,,,,
,,,,,,,,,
,,,,,,,,,
,,,,,,,,,
,,,,,,,,,
,,,,,,,,,
,,,,,,,,,
,,,,,,,,,
,,,,,,,,,
,,,,,,,,,
,,,,,,,,,
,,,,,,,,,
,,,,,,,,,
,,,,,,,,,
,,,,,,,,,
,,,,,,,,,
,,,,,,,,,
