"A3131 - Expenditure Over �25,000 - MAY 2018",,,,,,,,,
,,,,,,,,,
,,,,,,,,,
,,,,,,,,,
Time run: 01/06/2018 09:17:37,,,,,,,,,
,,,,,,,,,
Department family,Entity,Date,Expense Type,Expense area,Supplier,Transaction number,AP Amount (�),VAT registration number,Purchase invoice number
Department of Health,NHS Walsall CCG,5/31/2018,Clinical&Medical-Independent Sector,NCAS/OATS,SPIRE HEALTHCARE LTD,22014835,"348,633.00 ",915970991,05YLASPF181902
Department of Health,NHS Walsall CCG,5/31/2018,C&M-GMS LES Extended Hours,PRC DELEGATED CO-COMMISSIONING,WALDOC LTD,22031882,"97,377.50 ",,JS18190004
Department of Health,NHS Walsall CCG,5/31/2018,Clinical&Medical-Othe Public Sector,CHILD AND ADOLESCENT MENTAL HEALTH,WALSALL METROPOLITAN BOROUGH COUNCIL,22039341,"28,678.57 ",,696332
Department of Health,NHS Walsall CCG,5/31/2018,Clinical&Medical-Othe Public Sector,CHILD AND ADOLESCENT MENTAL HEALTH,WALSALL METROPOLITAN BOROUGH COUNCIL,22039365,"28,678.57 ",,696333
Department of Health,NHS Walsall CCG,5/31/2018,Clinical&Medical-Othe Public Sector,CHILD AND ADOLESCENT MENTAL HEALTH,WALSALL METROPOLITAN BOROUGH COUNCIL,22039378,"47,884.35 ",,696330
Department of Health,NHS Walsall CCG,5/31/2018,Cont Care- Prior Year Payments,CHC CHILDREN,ACORNS CHILDRENS HOSPICE TRUST,22039425,"26,350.00 ",,SINT1020
Department of Health,NHS Walsall CCG,5/31/2018,Hcare Srv Rec Fdtn Trust-Non Contract,MENTAL HEALTH SERVICES - NOT CONTRACTED ACTIVITY,BLACK COUNTRY PARTNERSHIP NHS FOUNDATION TRUST,22039532,"59,558.00 ",,1100005271
Department of Health,NHS Walsall CCG,5/31/2018,Cont Care-Adult Physical Disab (65+),CHC ADULT FULLY FUNDED,ACEPAY LTD TRADING ACC,22039627,"25,411.67 ",,RB300418
Department of Health,NHS Walsall CCG,5/31/2018,Cont Care-Interim Funding(Pre Panel),CHC ADULT FULLY FUNDED,ACEPAY LTD TRADING ACC,22039627,"1,200.00 ",,RB300418
Department of Health,NHS Walsall CCG,5/31/2018,Clinical&Medical-Commercial Sector,MENTAL HEALTH SERVICES - OLDER PEOPLE,ACCORD HOUSING ASSOCIATION LTD,22039638,"48,963.00 ",GB880 9887 56,SLINV00056553
Department of Health,NHS Walsall CCG,5/31/2018,Clinical&Medical-Commercial Sector,MEDICINES MANAGEMENT - CLINICAL,WALSALL METROPOLITAN BOROUGH COUNCIL,22088759,"24,230.49 ",,695841
Department of Health,NHS Walsall CCG,5/31/2018,Clinical&Medical-Commercial Sector,PALLIATIVE CARE,WALSALL METROPOLITAN BOROUGH COUNCIL,22088759,"6,317.26 ",,695841
Department of Health,NHS Walsall CCG,5/31/2018,Hcare Srv Rec NHS Trust-Contract Baseline,MENTAL HEALTH CONTRACTS,DUDLEY AND WALSALL MENTAL HEALTH PARTNERSHIP NHS TRUST,22088783,"249,328.00 ",654439224,0010005103
Department of Health,NHS Walsall CCG,5/31/2018,Hcare Srv Rec Fdtn Trust-Contract Baseline,ACUTE COMMISSIONING,DUDLEY GROUP HOSPITALS NHS FOUNDATION TRUST,22091791,"203,105.37 ",,1000029542
Department of Health,NHS Walsall CCG,5/31/2018,Hcare Srv Rec NHS Trust-Non Contract,ACUTE COMMISSIONING,ROYAL WOLVERHAMPTON HOSPITALS NHS TRUST (THE),22091856,"42,000.00 ",,0000216905
Department of Health,NHS Walsall CCG,5/31/2018,Hcare Srv Rec Fdtn Trust-Contract Baseline,ACUTE COMMISSIONING,UNIVERSITY HOSPITALS BIRMINGHAM NHS FOUNDATION TRUST,22091860,"426,559.00 ",,OPU001588
Department of Health,NHS Walsall CCG,5/31/2018,Hcare Srv Rec Fdtn Trust-Contract Baseline,ACUTE COMMISSIONING,BURTON HOSPITALS NHS FOUNDATION TRUST,22091884,"34,261.00 ",,IN122127
Department of Health,NHS Walsall CCG,5/31/2018,Hcare Srv Rec Fdtn Trust-Contract Baseline,COMMUNITY SERVICES,BURTON HOSPITALS NHS FOUNDATION TRUST,22091884,"23,333.00 ",,IN122127
Department of Health,NHS Walsall CCG,5/31/2018,Hcare Srv Rec Fdtn Trust-Contract Baseline,ACUTE COMMISSIONING,BHAM WOMENS & CHILDRENS NHS FT,22091923,"140,649.50 ",GB654964300,15700568
Department of Health,NHS Walsall CCG,5/31/2018,Hcare Srv Rec NHS Trust-Contract Baseline,ACUTE COMMISSIONING,ROYAL WOLVERHAMPTON HOSPITALS NHS TRUST (THE),22091968,"2,500,149.00 ",,0000217328
Department of Health,NHS Walsall CCG,5/31/2018,Hcare Srv Rec Fdtn Trust-Contract Baseline,ACUTE COMMISSIONING,UNIVERSITY HOSPITALS BIRMINGHAM NHS FOUNDATION TRUST,22091973,"539,363.00 ",,OPU001753
Department of Health,NHS Walsall CCG,5/31/2018,Hcare Srv Rec NHS Trust-Contract Baseline,COMMUNITY SERVICES,ROYAL WOLVERHAMPTON HOSPITALS NHS TRUST (THE),22114999,"109,658.00 ",,0000217333
Department of Health,NHS Walsall CCG,5/31/2018,Charges from CSU,CORPORATE COSTS & SERVICES,NHS MIDLANDS AND LANCASHIRE CSU,22115007,"28,348.58 ",GB 654442045,7312310294
Department of Health,NHS Walsall CCG,5/31/2018,Cont Care- Prior Year Payments,FUNDED NURSING CARE,NAVIGATION CARE LTD,22134100,"2,790.90 ",,QA00001085
Department of Health,NHS Walsall CCG,5/31/2018,Cont Care-Funded Nursing Care Allow,FUNDED NURSING CARE,NAVIGATION CARE LTD,22134100,"22,323.07 ",,QA00001085
Department of Health,NHS Walsall CCG,5/31/2018,Cont Care-Funded Nursing Care Allow,FUNDED NURSING CARE,ADVINIA HEALTH CARE LTD,22134143,"33,733.12 ",,QA00001092
Department of Health,NHS Walsall CCG,5/31/2018,Hcare Srv Rec NHS Trust-Contract Baseline,ACUTE COMMISSIONING,SANDWELL AND WEST BIRMINGHAM HOSPITALS NHS TRUST,22178213,"432,659.00 ",GB654916216,GK18190010
Department of Health,NHS Walsall CCG,5/31/2018,Hcare Srv Rec NHS Trust-Contract Baseline,COMMUNITY SERVICES,SANDWELL AND WEST BIRMINGHAM HOSPITALS NHS TRUST,22178213,"8,691.00 ",GB654916216,GK18190010
Department of Health,NHS Walsall CCG,5/31/2018,Hcare Srv Rec NHS CCG-Contract Baseline,NHS 111,NHS SANDWELL AND WEST BIRMINGHAM CCG,22178250,"70,768.00 ",,GK18190009
Department of Health,NHS Walsall CCG,5/31/2018,Hcare Srv Rec Fdtn Trust-Over/ Under Performance,AMBULANCE SERVICES,WEST MIDLANDS AMBULANCE SERVICE NHS FOUNDATION TRUST,22188410,"55,309.00 ",GB654950708,B0001450
Department of Health,NHS Walsall CCG,5/31/2018,Hcare Srv Rec Fdtn Trust-Contract Baseline,ACUTE COMMISSIONING,ROYAL ORTHOPAEDIC HOSPITAL NHS FOUNDATION TRUST,22188557,"171,030.97 ",654965296,0000046383
Department of Health,NHS Walsall CCG,5/31/2018,Hcare Srv Rec Fdtn Trust-Contract Baseline,AMBULANCE SERVICES,WEST MIDLANDS AMBULANCE SERVICE NHS FOUNDATION TRUST,22188559,"853,253.98 ",GB654950708,A0003332
Department of Health,NHS Walsall CCG,5/31/2018,Apprenticeship Levy Payable,BALANCE SHEET,HMRC,22198843,399.00 ,,120PF005761691901
Department of Health,NHS Walsall CCG,5/31/2018,Income tax <1Yr,BALANCE SHEET,HMRC,22198843,"50,806.80 ",,120PF005761691901
Department of Health,NHS Walsall CCG,5/31/2018,Income tax <1Yr-Student Loans,BALANCE SHEET,HMRC,22198843,19.00 ,,120PF005761691901
Department of Health,NHS Walsall CCG,5/31/2018,National Insurance < 1 yr-NI- ERS,BALANCE SHEET,HMRC,22198843,"35,300.11 ",,120PF005761691901
Department of Health,NHS Walsall CCG,5/31/2018,National Insurance < 1 yr-NI-EES,BALANCE SHEET,HMRC,22198843,"25,186.40 ",,120PF005761691901
Department of Health,NHS Walsall CCG,5/31/2018,Statutory Mat Pay < 1 yr,BALANCE SHEET,HMRC,22198843,(801.42),,120PF005761691901
Department of Health,NHS Walsall CCG,5/31/2018,FM Computer Contracts,PRIMARY CARE IT,WALSALL HEALTHCARE NHS TRUST,22246750,"185,000.00 ",654948981,C042013
Department of Health,NHS Walsall CCG,5/31/2018,FM Computer Contracts,PRIMARY CARE IT,ACCENTURE (UK) LTD,22259488,"15,998.08 ",GB788629066,3003388614
Department of Health,NHS Walsall CCG,5/31/2018,IT(Owned)-Cost-Addns-Purch Assets,Balance Sheet,ACCENTURE (UK) LTD,22259488,"25,125.92 ",GB788629066,3003388614
Department of Health,NHS Walsall CCG,5/31/2018,Clinical&Medical-Independent Sector,MENTAL HEALTH SERVICES - ADULTS,ELYSIUM HEALTHCARE LTD,22271662,"121,214.40 ",GB257732580,PHH00008A
Department of Health,NHS Walsall CCG,5/31/2018,Clinical&Medical-Voluntary Sector,MENTAL HEALTH SERVICES - OLDER PEOPLE,ST GILES HOSPICE,22271669,"30,500.00 ",486883086,7600
Department of Health,NHS Walsall CCG,5/31/2018,C&M-GMS LES Ultrasound,LOCAL ENHANCED SERVICES,MEDISCAN DIAGNOSTIC SERVICES LTD,22271689,"25,491.00 ",,INV002935
Department of Health,NHS Walsall CCG,5/31/2018,Clinical&Medical-Independent Sector,Learning Difficulties - S117,DIGNUS HEALTHCARE LTD,22271708,"25,769.86 ",,4471
Department of Health,NHS Walsall CCG,5/31/2018,Non-PFI Oprtng Lease-Bldgs-Lease Rent,RECHARGES NHS PROPERTY SERVICES LTD,COMMUNITY HEALTH PARTNERSHIPS LTD,22272924,"94,119.71 ",GB782562113,0060065903
Department of Health,NHS Walsall CCG,5/31/2018,Non-PFI Oprtng Lease-Bldgs-Lease Rent,RECHARGES NHS PROPERTY SERVICES LTD,COMMUNITY HEALTH PARTNERSHIPS LTD,22272938,"94,119.71 ",GB782562113,0060065902
Department of Health,NHS Walsall CCG,5/31/2018,C&M-GMS LES Referral Management,LOCAL ENHANCED SERVICES,WALSALL ALLIANCE LTD,22281006,"27,761.50 ",,JS18190008
Department of Health,NHS Walsall CCG,5/31/2018,C&M-GMS Cost of Drugs -Prescribing,LOCAL ENHANCED SERVICES,ASKEY & PARTNERS,22295162,"3,496.04 ",,WAL000011315
Department of Health,NHS Walsall CCG,5/31/2018,C&M-GMS Global Sum,PRC DELEGATED CO-COMMISSIONING,ASKEY & PARTNERS,22295162,"71,324.36 ",,WAL000011315
Department of Health,NHS Walsall CCG,5/31/2018,C&M-GMS Prem Actual Rent,PRC DELEGATED CO-COMMISSIONING,ASKEY & PARTNERS,22295162,"15,350.00 ",,WAL000011315
Department of Health,NHS Walsall CCG,5/31/2018,C&M-GMS Prof Fees Prescribing,PRC DELEGATED CO-COMMISSIONING,ASKEY & PARTNERS,22295162,388.79 ,,WAL000011315
Department of Health,NHS Walsall CCG,5/31/2018,C&M-GMS QOF Aspiration,PRC DELEGATED CO-COMMISSIONING,ASKEY & PARTNERS,22295162,"8,704.69 ",,WAL000011315
Department of Health,NHS Walsall CCG,5/31/2018,C&M-PMS Contract Value,PRC DELEGATED CO-COMMISSIONING,APMS HARDEN,22295166,"35,274.58 ",,WAL000011319
Department of Health,NHS Walsall CCG,5/31/2018,C&M-PMS Cost of Drugs -Prescribing,LOCAL ENHANCED SERVICES,APMS HARDEN,22295166,113.57 ,,WAL000011319
Department of Health,NHS Walsall CCG,5/31/2018,C&M-PMS Prof fees Prescribing,PRC DELEGATED CO-COMMISSIONING,APMS HARDEN,22295166,68.48 ,,WAL000011319
Department of Health,NHS Walsall CCG,5/31/2018,C&M-PMS QOF Aspiration,PRC DELEGATED CO-COMMISSIONING,APMS HARDEN,22295166,"1,888.26 ",,WAL000011319
Department of Health,NHS Walsall CCG,5/31/2018,C&M-GMS Cost of Drugs -Prescribing,LOCAL ENHANCED SERVICES,AS GILL & P CHEEMA,22295167,"1,375.54 ",,WAL000011320
Department of Health,NHS Walsall CCG,5/31/2018,C&M-GMS Global Sum,PRC DELEGATED CO-COMMISSIONING,AS GILL & P CHEEMA,22295167,"68,225.96 ",,WAL000011320
Department of Health,NHS Walsall CCG,5/31/2018,C&M-GMS Prof Fees Prescribing,PRC DELEGATED CO-COMMISSIONING,AS GILL & P CHEEMA,22295167,377.74 ,,WAL000011320
Department of Health,NHS Walsall CCG,5/31/2018,C&M-GMS QOF Aspiration,PRC DELEGATED CO-COMMISSIONING,AS GILL & P CHEEMA,22295167,"7,673.81 ",,WAL000011320
Department of Health,NHS Walsall CCG,5/31/2018,C&M-PMS Contract Value,PRC DELEGATED CO-COMMISSIONING,CA STEDALL,22295169,"50,043.28 ",,WAL000011322
Department of Health,NHS Walsall CCG,5/31/2018,C&M-PMS Cost of Drugs -Prescribing,LOCAL ENHANCED SERVICES,CA STEDALL,22295169,308.65 ,,WAL000011322
Department of Health,NHS Walsall CCG,5/31/2018,C&M-PMS Prem Actual Rent,PRC DELEGATED CO-COMMISSIONING,CA STEDALL,22295169,"8,311.67 ",,WAL000011322
Department of Health,NHS Walsall CCG,5/31/2018,C&M-PMS Prem Notional Rent,PRC DELEGATED CO-COMMISSIONING,CA STEDALL,22295169,"1,333.33 ",,WAL000011322
Department of Health,NHS Walsall CCG,5/31/2018,C&M-PMS Prof fees Prescribing,PRC DELEGATED CO-COMMISSIONING,CA STEDALL,22295169,97.20 ,,WAL000011322
Department of Health,NHS Walsall CCG,5/31/2018,C&M-PMS QOF Aspiration,PRC DELEGATED CO-COMMISSIONING,CA STEDALL,22295169,"3,685.48 ",,WAL000011322
Department of Health,NHS Walsall CCG,5/31/2018,C&M-GMS Cost of Drugs -Prescribing,LOCAL ENHANCED SERVICES,CONOD & PARTNERS,22295170,838.16 ,,WAL000011323
Department of Health,NHS Walsall CCG,5/31/2018,C&M-GMS Global Sum,PRC DELEGATED CO-COMMISSIONING,CONOD & PARTNERS,22295170,"54,331.16 ",,WAL000011323
Department of Health,NHS Walsall CCG,5/31/2018,C&M-GMS Prem Actual Rent,PRC DELEGATED CO-COMMISSIONING,CONOD & PARTNERS,22295170,"2,500.00 ",,WAL000011323
Department of Health,NHS Walsall CCG,5/31/2018,C&M-GMS Prof Fees Prescribing,PRC DELEGATED CO-COMMISSIONING,CONOD & PARTNERS,22295170,167.89 ,,WAL000011323
Department of Health,NHS Walsall CCG,5/31/2018,C&M-GMS QOF Aspiration,PRC DELEGATED CO-COMMISSIONING,CONOD & PARTNERS,22295170,"5,049.70 ",,WAL000011323
Department of Health,NHS Walsall CCG,5/31/2018,ME-GMS GP Pension EEs,PRC DELEGATED CO-COMMISSIONING,CONOD & PARTNERS,22295170,"6,792.43 ",,WAL000011323
Department of Health,NHS Walsall CCG,5/31/2018,ME-GMS GP Pension ERs Adjustments,PRC DELEGATED CO-COMMISSIONING,CONOD & PARTNERS,22295170,"4,992.12 ",,WAL000011323
Department of Health,NHS Walsall CCG,5/31/2018,C&M-PMS Contract Value,PRC DELEGATED CO-COMMISSIONING,COALPOOL SURGERY,22295172,"44,141.94 ",,WAL000011325
Department of Health,NHS Walsall CCG,5/31/2018,C&M-PMS Cost of Drugs -Prescribing,LOCAL ENHANCED SERVICES,COALPOOL SURGERY,22295172,750.82 ,,WAL000011325
Department of Health,NHS Walsall CCG,5/31/2018,C&M-PMS Prof fees Prescribing,PRC DELEGATED CO-COMMISSIONING,COALPOOL SURGERY,22295172,108.24 ,,WAL000011325
Department of Health,NHS Walsall CCG,5/31/2018,C&M-PMS QOF Aspiration,PRC DELEGATED CO-COMMISSIONING,COALPOOL SURGERY,22295172,"2,790.94 ",,WAL000011325
Department of Health,NHS Walsall CCG,5/31/2018,C&M-PMS Contract Value,PRC DELEGATED CO-COMMISSIONING,COLLINGWOOD FAMILY PRACTICE,22295174,"56,549.18 ",,WAL000011327
Department of Health,NHS Walsall CCG,5/31/2018,C&M-PMS Cost of Drugs -Prescribing,LOCAL ENHANCED SERVICES,COLLINGWOOD FAMILY PRACTICE,22295174,20.05 ,,WAL000011327
Department of Health,NHS Walsall CCG,5/31/2018,C&M-PMS Prof fees Prescribing,PRC DELEGATED CO-COMMISSIONING,COLLINGWOOD FAMILY PRACTICE,22295174,22.09 ,,WAL000011327
Department of Health,NHS Walsall CCG,5/31/2018,C&M-PMS QOF Aspiration,PRC DELEGATED CO-COMMISSIONING,COLLINGWOOD FAMILY PRACTICE,22295174,"3,961.34 ",,WAL000011327
Department of Health,NHS Walsall CCG,5/31/2018,C&M-GMS Global Sum,PRC DELEGATED CO-COMMISSIONING,DR A THOMAS,22295178,"35,042.88 ",,WAL000011331
Department of Health,NHS Walsall CCG,5/31/2018,C&M-GMS Prem Actual Rent,PRC DELEGATED CO-COMMISSIONING,DR A THOMAS,22295178,"5,235.33 ",,WAL000011331
Department of Health,NHS Walsall CCG,5/31/2018,C&M-GMS QOF Aspiration,PRC DELEGATED CO-COMMISSIONING,DR A THOMAS,22295178,"3,546.89 ",,WAL000011331
Department of Health,NHS Walsall CCG,5/31/2018,C&M-GMS Cost of Drugs -Prescribing,LOCAL ENHANCED SERVICES,DR A KHERA,22295180,669.98 ,,WAL000011333
Department of Health,NHS Walsall CCG,5/31/2018,C&M-GMS Global Sum,PRC DELEGATED CO-COMMISSIONING,DR A KHERA,22295180,"29,152.42 ",,WAL000011333
Department of Health,NHS Walsall CCG,5/31/2018,C&M-GMS Prem Notional Rent,PRC DELEGATED CO-COMMISSIONING,DR A KHERA,22295180,"2,186.92 ",,WAL000011333
Department of Health,NHS Walsall CCG,5/31/2018,C&M-GMS Prof Fees Prescribing,PRC DELEGATED CO-COMMISSIONING,DR A KHERA,22295180,145.79 ,,WAL000011333
Department of Health,NHS Walsall CCG,5/31/2018,C&M-GMS QOF Aspiration,PRC DELEGATED CO-COMMISSIONING,DR A KHERA,22295180,"2,459.22 ",,WAL000011333
Department of Health,NHS Walsall CCG,5/31/2018,C&M-GMS Cost of Drugs -Prescribing,LOCAL ENHANCED SERVICES,DR GIAN SINGH,22295183,"3,910.56 ",,WAL000011336
Department of Health,NHS Walsall CCG,5/31/2018,C&M-GMS Global Sum,PRC DELEGATED CO-COMMISSIONING,DR GIAN SINGH,22295183,"18,525.03 ",,WAL000011336
Department of Health,NHS Walsall CCG,5/31/2018,C&M-GMS Prof Fees Prescribing,PRC DELEGATED CO-COMMISSIONING,DR GIAN SINGH,22295183,"1,147.81 ",,WAL000011336
Department of Health,NHS Walsall CCG,5/31/2018,C&M-GMS QOF Aspiration,PRC DELEGATED CO-COMMISSIONING,DR GIAN SINGH,22295183,"2,262.62 ",,WAL000011336
Department of Health,NHS Walsall CCG,5/31/2018,C&M-GMS Cost of Drugs -Prescribing,LOCAL ENHANCED SERVICES,DR MAHMOOD,22295185,154.81 ,,WAL000011338
Department of Health,NHS Walsall CCG,5/31/2018,C&M-GMS Global Sum,PRC DELEGATED CO-COMMISSIONING,DR MAHMOOD,22295185,"24,096.10 ",,WAL000011338
Department of Health,NHS Walsall CCG,5/31/2018,C&M-GMS MPIG Correction Factor,PRC DELEGATED CO-COMMISSIONING,DR MAHMOOD,22295185,17.82 ,,WAL000011338
Department of Health,NHS Walsall CCG,5/31/2018,C&M-GMS Prem Cost Rent,PRC DELEGATED CO-COMMISSIONING,DR MAHMOOD,22295185,"2,547.17 ",,WAL000011338
Department of Health,NHS Walsall CCG,5/31/2018,C&M-GMS Prof Fees Prescribing,PRC DELEGATED CO-COMMISSIONING,DR MAHMOOD,22295185,75.11 ,,WAL000011338
Department of Health,NHS Walsall CCG,5/31/2018,C&M-GMS QOF Aspiration,PRC DELEGATED CO-COMMISSIONING,DR MAHMOOD,22295185,"2,378.14 ",,WAL000011338
Department of Health,NHS Walsall CCG,5/31/2018,C&M-GMS Cost of Drugs -Dispensing,LOCAL ENHANCED SERVICES,DR KUNDU & PAL,22295187,"6,177.75 ",,WAL000011340
Department of Health,NHS Walsall CCG,5/31/2018,C&M-GMS Global Sum,PRC DELEGATED CO-COMMISSIONING,DR KUNDU & PAL,22295187,"39,519.87 ",,WAL000011340
Department of Health,NHS Walsall CCG,5/31/2018,C&M-GMS Prem Cost Rent,PRC DELEGATED CO-COMMISSIONING,DR KUNDU & PAL,22295187,708.33 ,,WAL000011340
Department of Health,NHS Walsall CCG,5/31/2018,C&M-GMS Prem Notional Rent,PRC DELEGATED CO-COMMISSIONING,DR KUNDU & PAL,22295187,"2,396.53 ",,WAL000011340
Department of Health,NHS Walsall CCG,5/31/2018,C&M-GMS Prof Fees Dispensing,PRC DELEGATED CO-COMMISSIONING,DR KUNDU & PAL,22295187,"1,195.68 ",,WAL000011340
Department of Health,NHS Walsall CCG,5/31/2018,C&M-GMS PrscrptnChrgsColl&RmttdbyGP,LOCAL ENHANCED SERVICES,DR KUNDU & PAL,22295187,172.00 ,,WAL000011340
Department of Health,NHS Walsall CCG,5/31/2018,C&M-GMS QOF Aspiration,PRC DELEGATED CO-COMMISSIONING,DR KUNDU & PAL,22295187,"5,473.57 ",,WAL000011340
Department of Health,NHS Walsall CCG,5/31/2018,C&M-GMS Cost of Drugs -Prescribing,LOCAL ENHANCED SERVICES,DR SURI WALSALL,22295194,754.86 ,,WAL000011348
Department of Health,NHS Walsall CCG,5/31/2018,C&M-GMS Global Sum,PRC DELEGATED CO-COMMISSIONING,DR SURI WALSALL,22295194,"34,990.46 ",,WAL000011348
Department of Health,NHS Walsall CCG,5/31/2018,C&M-GMS MPIG Correction Factor,PRC DELEGATED CO-COMMISSIONING,DR SURI WALSALL,22295194,503.36 ,,WAL000011348
Department of Health,NHS Walsall CCG,5/31/2018,C&M-GMS Prem Notional Rent,PRC DELEGATED CO-COMMISSIONING,DR SURI WALSALL,22295194,"3,916.67 ",,WAL000011348
Department of Health,NHS Walsall CCG,5/31/2018,C&M-GMS Prof Fees Prescribing,PRC DELEGATED CO-COMMISSIONING,DR SURI WALSALL,22295194,174.51 ,,WAL000011348
Department of Health,NHS Walsall CCG,5/31/2018,C&M-GMS QOF Aspiration,PRC DELEGATED CO-COMMISSIONING,DR SURI WALSALL,22295194,"3,205.14 ",,WAL000011348
Department of Health,NHS Walsall CCG,5/31/2018,C&M-GMS Cost of Drugs -Prescribing,LOCAL ENHANCED SERVICES,DR SJ VAID,22295196,278.56 ,,WAL000011350
Department of Health,NHS Walsall CCG,5/31/2018,C&M-GMS Global Sum,PRC DELEGATED CO-COMMISSIONING,DR SJ VAID,22295196,"34,616.51 ",,WAL000011350
Department of Health,NHS Walsall CCG,5/31/2018,C&M-GMS Prof Fees Prescribing,PRC DELEGATED CO-COMMISSIONING,DR SJ VAID,22295196,61.85 ,,WAL000011350
Department of Health,NHS Walsall CCG,5/31/2018,C&M-GMS QOF Aspiration,PRC DELEGATED CO-COMMISSIONING,DR SJ VAID,22295196,"2,981.85 ",,WAL000011350
Department of Health,NHS Walsall CCG,5/31/2018,C&M-GMS Cost of Drugs -Prescribing,LOCAL ENHANCED SERVICES,DRS JAWAHAR MOHAN & LOTLIKAR,22295199,617.62 ,,WAL000011353
Department of Health,NHS Walsall CCG,5/31/2018,C&M-GMS Global Sum,PRC DELEGATED CO-COMMISSIONING,DRS JAWAHAR MOHAN & LOTLIKAR,22295199,"50,489.69 ",,WAL000011353
Department of Health,NHS Walsall CCG,5/31/2018,C&M-GMS Prof Fees Prescribing,PRC DELEGATED CO-COMMISSIONING,DRS JAWAHAR MOHAN & LOTLIKAR,22295199,88.36 ,,WAL000011353
Department of Health,NHS Walsall CCG,5/31/2018,C&M-GMS QOF Aspiration,PRC DELEGATED CO-COMMISSIONING,DRS JAWAHAR MOHAN & LOTLIKAR,22295199,"5,213.01 ",,WAL000011353
Department of Health,NHS Walsall CCG,5/31/2018,C&M-GMS Cost of Drugs -Prescribing,LOCAL ENHANCED SERVICES,DRS PILLAI & NAIR,22295201,"1,522.09 ",,WAL000011357
Department of Health,NHS Walsall CCG,5/31/2018,C&M-GMS Global Sum,PRC DELEGATED CO-COMMISSIONING,DRS PILLAI & NAIR,22295201,"36,787.98 ",,WAL000011357
Department of Health,NHS Walsall CCG,5/31/2018,C&M-GMS Prof Fees Prescribing,PRC DELEGATED CO-COMMISSIONING,DRS PILLAI & NAIR,22295201,234.15 ,,WAL000011357
Department of Health,NHS Walsall CCG,5/31/2018,C&M-GMS QOF Aspiration,PRC DELEGATED CO-COMMISSIONING,DRS PILLAI & NAIR,22295201,"4,804.21 ",,WAL000011357
Department of Health,NHS Walsall CCG,5/31/2018,C&M-GMS Cost of Drugs -Prescribing,LOCAL ENHANCED SERVICES,DRS GHAFFAR & ASGHAR,22295203,"1,180.35 ",,WAL000011359
Department of Health,NHS Walsall CCG,5/31/2018,C&M-GMS Global Sum,PRC DELEGATED CO-COMMISSIONING,DRS GHAFFAR & ASGHAR,22295203,"70,311.88 ",,WAL000011359
Department of Health,NHS Walsall CCG,5/31/2018,C&M-GMS Prof Fees Prescribing,PRC DELEGATED CO-COMMISSIONING,DRS GHAFFAR & ASGHAR,22295203,265.08 ,,WAL000011359
Department of Health,NHS Walsall CCG,5/31/2018,C&M-GMS QOF Aspiration,PRC DELEGATED CO-COMMISSIONING,DRS GHAFFAR & ASGHAR,22295203,"7,874.45 ",,WAL000011359
Department of Health,NHS Walsall CCG,5/31/2018,C&M-GMS Cost of Drugs -Prescribing,LOCAL ENHANCED SERVICES,DUGAS & PARTNERS,22295205,591.84 ,,WAL000011361
Department of Health,NHS Walsall CCG,5/31/2018,C&M-GMS Global Sum,PRC DELEGATED CO-COMMISSIONING,DUGAS & PARTNERS,22295205,"31,744.05 ",,WAL000011361
Department of Health,NHS Walsall CCG,5/31/2018,C&M-GMS MPIG Correction Factor,PRC DELEGATED CO-COMMISSIONING,DUGAS & PARTNERS,22295205,212.87 ,,WAL000011361
Department of Health,NHS Walsall CCG,5/31/2018,C&M-GMS Prem Cost Rent,PRC DELEGATED CO-COMMISSIONING,DUGAS & PARTNERS,22295205,"5,496.33 ",,WAL000011361
Department of Health,NHS Walsall CCG,5/31/2018,C&M-GMS Prem Notional Rent,PRC DELEGATED CO-COMMISSIONING,DUGAS & PARTNERS,22295205,683.33 ,,WAL000011361
Department of Health,NHS Walsall CCG,5/31/2018,C&M-GMS Prof Fees Prescribing,PRC DELEGATED CO-COMMISSIONING,DUGAS & PARTNERS,22295205,148.00 ,,WAL000011361
Department of Health,NHS Walsall CCG,5/31/2018,C&M-GMS QOF Aspiration,PRC DELEGATED CO-COMMISSIONING,DUGAS & PARTNERS,22295205,"3,118.79 ",,WAL000011361
Department of Health,NHS Walsall CCG,5/31/2018,C&M-PMS Contract Value,PRC DELEGATED CO-COMMISSIONING,HOLLAND PARK SURGERY WALSALL,22295207,"34,351.99 ",,WAL000011363
Department of Health,NHS Walsall CCG,5/31/2018,C&M-PMS Cost of Drugs -Prescribing,LOCAL ENHANCED SERVICES,HOLLAND PARK SURGERY WALSALL,22295207,"2,767.80 ",,WAL000011363
Department of Health,NHS Walsall CCG,5/31/2018,C&M-PMS Prof fees Prescribing,PRC DELEGATED CO-COMMISSIONING,HOLLAND PARK SURGERY WALSALL,22295207,819.54 ,,WAL000011363
Department of Health,NHS Walsall CCG,5/31/2018,C&M-PMS QOF Aspiration,PRC DELEGATED CO-COMMISSIONING,HOLLAND PARK SURGERY WALSALL,22295207,"3,673.60 ",,WAL000011363
Department of Health,NHS Walsall CCG,5/31/2018,C&M-GMS Cost of Drugs -Prescribing,LOCAL ENHANCED SERVICES,HOULAHAN & PARTNERS,22295209,42.39 ,,WAL000011365
Department of Health,NHS Walsall CCG,5/31/2018,C&M-GMS Global Sum,PRC DELEGATED CO-COMMISSIONING,HOULAHAN & PARTNERS,22295209,"70,701.11 ",,WAL000011365
Department of Health,NHS Walsall CCG,5/31/2018,C&M-GMS MPIG Correction Factor,PRC DELEGATED CO-COMMISSIONING,HOULAHAN & PARTNERS,22295209,179.92 ,,WAL000011365
Department of Health,NHS Walsall CCG,5/31/2018,C&M-GMS Prem Cost Rent,PRC DELEGATED CO-COMMISSIONING,HOULAHAN & PARTNERS,22295209,"3,822.33 ",,WAL000011365
Department of Health,NHS Walsall CCG,5/31/2018,C&M-GMS Prem Notional Rent,PRC DELEGATED CO-COMMISSIONING,HOULAHAN & PARTNERS,22295209,529.58 ,,WAL000011365
Department of Health,NHS Walsall CCG,5/31/2018,C&M-GMS Prof Fees Prescribing,PRC DELEGATED CO-COMMISSIONING,HOULAHAN & PARTNERS,22295209,44.18 ,,WAL000011365
Department of Health,NHS Walsall CCG,5/31/2018,C&M-GMS QOF Aspiration,PRC DELEGATED CO-COMMISSIONING,HOULAHAN & PARTNERS,22295209,"7,672.03 ",,WAL000011365
Department of Health,NHS Walsall CCG,5/31/2018,C&M-GMS Cost of Drugs -Prescribing,LOCAL ENHANCED SERVICES,DR I KHAN & DR S MERALI,22295213,841.62 ,,WAL000011369
Department of Health,NHS Walsall CCG,5/31/2018,C&M-GMS Global Sum,PRC DELEGATED CO-COMMISSIONING,DR I KHAN & DR S MERALI,22295213,"24,366.07 ",,WAL000011369
Department of Health,NHS Walsall CCG,5/31/2018,C&M-GMS MPIG Correction Factor,PRC DELEGATED CO-COMMISSIONING,DR I KHAN & DR S MERALI,22295213,243.86 ,,WAL000011369
Department of Health,NHS Walsall CCG,5/31/2018,C&M-GMS Prof Fees Prescribing,PRC DELEGATED CO-COMMISSIONING,DR I KHAN & DR S MERALI,22295213,143.59 ,,WAL000011369
Department of Health,NHS Walsall CCG,5/31/2018,C&M-GMS QOF Aspiration,PRC DELEGATED CO-COMMISSIONING,DR I KHAN & DR S MERALI,22295213,"2,547.94 ",,WAL000011369
Department of Health,NHS Walsall CCG,5/31/2018,C&M-GMS Cost of Drugs -Prescribing,LOCAL ENHANCED SERVICES,JAY & PANSARI,22295215,349.70 ,,WAL000011371
Department of Health,NHS Walsall CCG,5/31/2018,C&M-GMS DES Learn Dsblty Hlth Chk,PRC DELEGATED CO-COMMISSIONING,JAY & PANSARI,22295215,"1,276.00 ",,WAL000011371
Department of Health,NHS Walsall CCG,5/31/2018,C&M-GMS Global Sum,PRC DELEGATED CO-COMMISSIONING,JAY & PANSARI,22295215,"29,193.71 ",,WAL000011371
Department of Health,NHS Walsall CCG,5/31/2018,C&M-GMS Prof Fees Prescribing,PRC DELEGATED CO-COMMISSIONING,JAY & PANSARI,22295215,8.84 ,,WAL000011371
Department of Health,NHS Walsall CCG,5/31/2018,C&M-GMS QOF Aspiration,PRC DELEGATED CO-COMMISSIONING,JAY & PANSARI,22295215,"3,817.56 ",,WAL000011371
Department of Health,NHS Walsall CCG,5/31/2018,C&M-PMS Contract Value,PRC DELEGATED CO-COMMISSIONING,KEYS PRACTICE GPS,22295218,"60,697.74 ",,WAL000011374
Department of Health,NHS Walsall CCG,5/31/2018,C&M-PMS Cost of Drugs -Prescribing,LOCAL ENHANCED SERVICES,KEYS PRACTICE GPS,22295218,825.25 ,,WAL000011374
Department of Health,NHS Walsall CCG,5/31/2018,C&M-PMS Prof fees Prescribing,PRC DELEGATED CO-COMMISSIONING,KEYS PRACTICE GPS,22295218,170.09 ,,WAL000011374
Department of Health,NHS Walsall CCG,5/31/2018,C&M-PMS QOF Aspiration,PRC DELEGATED CO-COMMISSIONING,KEYS PRACTICE GPS,22295218,"3,096.41 ",,WAL000011374
Department of Health,NHS Walsall CCG,5/31/2018,C&M-GMS Cost of Drugs -Prescribing,LOCAL ENHANCED SERVICES,LITTLE LONDON SURGERY,22295220,"1,169.54 ",,WAL000011376
Department of Health,NHS Walsall CCG,5/31/2018,C&M-GMS Global Sum,PRC DELEGATED CO-COMMISSIONING,LITTLE LONDON SURGERY,22295220,"59,892.87 ",,WAL000011376
Department of Health,NHS Walsall CCG,5/31/2018,C&M-GMS Prem Notional Rent,PRC DELEGATED CO-COMMISSIONING,LITTLE LONDON SURGERY,22295220,"4,881.25 ",,WAL000011376
Department of Health,NHS Walsall CCG,5/31/2018,C&M-GMS Prof Fees Prescribing,PRC DELEGATED CO-COMMISSIONING,LITTLE LONDON SURGERY,22295220,227.53 ,,WAL000011376
Department of Health,NHS Walsall CCG,5/31/2018,C&M-GMS QOF Aspiration,PRC DELEGATED CO-COMMISSIONING,LITTLE LONDON SURGERY,22295220,"6,990.88 ",,WAL000011376
Department of Health,NHS Walsall CCG,5/31/2018,C&M-GMS Cost of Drugs -Prescribing,LOCAL ENHANCED SERVICES,LOCKSTOWN PRACTICE,22295222,531.00 ,,WAL000011378
Department of Health,NHS Walsall CCG,5/31/2018,C&M-GMS Global Sum,PRC DELEGATED CO-COMMISSIONING,LOCKSTOWN PRACTICE,22295222,"58,077.55 ",,WAL000011378
Department of Health,NHS Walsall CCG,5/31/2018,C&M-GMS MPIG Correction Factor,PRC DELEGATED CO-COMMISSIONING,LOCKSTOWN PRACTICE,22295222,27.60 ,,WAL000011378
Department of Health,NHS Walsall CCG,5/31/2018,C&M-GMS Prem Actual Rent,PRC DELEGATED CO-COMMISSIONING,LOCKSTOWN PRACTICE,22295222,"5,235.33 ",,WAL000011378
Department of Health,NHS Walsall CCG,5/31/2018,C&M-GMS Prem Cost Rent,PRC DELEGATED CO-COMMISSIONING,LOCKSTOWN PRACTICE,22295222,"3,607.50 ",,WAL000011378
Department of Health,NHS Walsall CCG,5/31/2018,C&M-GMS Prof Fees Prescribing,PRC DELEGATED CO-COMMISSIONING,LOCKSTOWN PRACTICE,22295222,322.52 ,,WAL000011378
Department of Health,NHS Walsall CCG,5/31/2018,C&M-GMS QOF Aspiration,PRC DELEGATED CO-COMMISSIONING,LOCKSTOWN PRACTICE,22295222,"8,150.50 ",,WAL000011378
Department of Health,NHS Walsall CCG,5/31/2018,C&M-GMS Global Sum,PRC DELEGATED CO-COMMISSIONING,M Z ABEDIN,22295224,"26,030.86 ",,WAL000011380
Department of Health,NHS Walsall CCG,5/31/2018,C&M-GMS Prem Cost Rent,PRC DELEGATED CO-COMMISSIONING,M Z ABEDIN,22295224,"1,964.58 ",,WAL000011380
Department of Health,NHS Walsall CCG,5/31/2018,C&M-GMS QOF Aspiration,PRC DELEGATED CO-COMMISSIONING,M Z ABEDIN,22295224,"3,118.49 ",,WAL000011380
Department of Health,NHS Walsall CCG,5/31/2018,C&M-GMS Cost of Drugs -Prescribing,LOCAL ENHANCED SERVICES,NORTHGATE PRACTICE,22295227,"2,909.62 ",,WAL000011383
Department of Health,NHS Walsall CCG,5/31/2018,C&M-GMS Global Sum,PRC DELEGATED CO-COMMISSIONING,NORTHGATE PRACTICE,22295227,"76,810.83 ",,WAL000011383
Department of Health,NHS Walsall CCG,5/31/2018,C&M-GMS Prem Notional Rent,PRC DELEGATED CO-COMMISSIONING,NORTHGATE PRACTICE,22295227,"12,641.00 ",,WAL000011383
Department of Health,NHS Walsall CCG,5/31/2018,C&M-GMS Prof Fees Prescribing,PRC DELEGATED CO-COMMISSIONING,NORTHGATE PRACTICE,22295227,499.23 ,,WAL000011383
Department of Health,NHS Walsall CCG,5/31/2018,C&M-GMS QOF Aspiration,PRC DELEGATED CO-COMMISSIONING,NORTHGATE PRACTICE,22295227,"10,923.65 ",,WAL000011383
Department of Health,NHS Walsall CCG,5/31/2018,C&M-GMS Cost of Drugs -Prescribing,LOCAL ENHANCED SERVICES,PORTLAND MEDICAL PRACTICE,22295229,"2,641.16 ",,WAL000011386
Department of Health,NHS Walsall CCG,5/31/2018,C&M-GMS Global Sum,PRC DELEGATED CO-COMMISSIONING,PORTLAND MEDICAL PRACTICE,22295229,"65,789.83 ",,WAL000011386
Department of Health,NHS Walsall CCG,5/31/2018,C&M-GMS Prem Notional Rent,PRC DELEGATED CO-COMMISSIONING,PORTLAND MEDICAL PRACTICE,22295229,"10,651.20 ",,WAL000011386
Department of Health,NHS Walsall CCG,5/31/2018,C&M-GMS Prof Fees Prescribing,PRC DELEGATED CO-COMMISSIONING,PORTLAND MEDICAL PRACTICE,22295229,344.61 ,,WAL000011386
Department of Health,NHS Walsall CCG,5/31/2018,C&M-GMS QOF Aspiration,PRC DELEGATED CO-COMMISSIONING,PORTLAND MEDICAL PRACTICE,22295229,"7,846.60 ",,WAL000011386
Department of Health,NHS Walsall CCG,5/31/2018,C&M-GMS Cost of Drugs -Prescribing,LOCAL ENHANCED SERVICES,RUSHALL MEDICAL CENTRE,22295231,"5,154.72 ",,WAL000011388
Department of Health,NHS Walsall CCG,5/31/2018,C&M-GMS Global Sum,PRC DELEGATED CO-COMMISSIONING,RUSHALL MEDICAL CENTRE,22295231,"105,760.63 ",,WAL000011388
Department of Health,NHS Walsall CCG,5/31/2018,C&M-GMS MPIG Correction Factor,PRC DELEGATED CO-COMMISSIONING,RUSHALL MEDICAL CENTRE,22295231,340.58 ,,WAL000011388
Department of Health,NHS Walsall CCG,5/31/2018,C&M-GMS Prem Notional Rent,PRC DELEGATED CO-COMMISSIONING,RUSHALL MEDICAL CENTRE,22295231,"13,556.09 ",,WAL000011388
Department of Health,NHS Walsall CCG,5/31/2018,C&M-GMS Prof Fees Prescribing,PRC DELEGATED CO-COMMISSIONING,RUSHALL MEDICAL CENTRE,22295231,987.41 ,,WAL000011388
Department of Health,NHS Walsall CCG,5/31/2018,C&M-GMS QOF Aspiration,PRC DELEGATED CO-COMMISSIONING,RUSHALL MEDICAL CENTRE,22295231,"14,940.38 ",,WAL000011388
Department of Health,NHS Walsall CCG,5/31/2018,ME - GMS GP Prior Year ERs,PRC DELEGATED CO-COMMISSIONING,RUSHALL MEDICAL CENTRE,22295231,"3,372.76 ",,WAL000011388
Department of Health,NHS Walsall CCG,5/31/2018,ME-GMS GP Prior Year EEs,PRC DELEGATED CO-COMMISSIONING,RUSHALL MEDICAL CENTRE,22295231,"3,408.77 ",,WAL000011388
Department of Health,NHS Walsall CCG,5/31/2018,C&M-GMS Cost of Drugs -Prescribing,LOCAL ENHANCED SERVICES,S F ALI,22295233,487.69 ,,WAL000011390
Department of Health,NHS Walsall CCG,5/31/2018,C&M-GMS Global Sum,PRC DELEGATED CO-COMMISSIONING,S F ALI,22295233,"29,853.15 ",,WAL000011390
Department of Health,NHS Walsall CCG,5/31/2018,C&M-GMS Prem Notional Rent,PRC DELEGATED CO-COMMISSIONING,S F ALI,22295233,"1,943.75 ",,WAL000011390
Department of Health,NHS Walsall CCG,5/31/2018,C&M-GMS Prof Fees Prescribing,PRC DELEGATED CO-COMMISSIONING,S F ALI,22295233,150.21 ,,WAL000011390
Department of Health,NHS Walsall CCG,5/31/2018,C&M-GMS QOF Aspiration,PRC DELEGATED CO-COMMISSIONING,S F ALI,22295233,"3,604.12 ",,WAL000011390
Department of Health,NHS Walsall CCG,5/31/2018,C&M-GMS Global Sum,PRC DELEGATED CO-COMMISSIONING,SINHA RISCHIE & SINHA,22295235,"54,303.93 ",,WAL000011392
Department of Health,NHS Walsall CCG,5/31/2018,C&M-GMS MPIG Correction Factor,PRC DELEGATED CO-COMMISSIONING,SINHA RISCHIE & SINHA,22295235,363.89 ,,WAL000011392
Department of Health,NHS Walsall CCG,5/31/2018,C&M-GMS Prem Actual Rent,PRC DELEGATED CO-COMMISSIONING,SINHA RISCHIE & SINHA,22295235,"12,800.00 ",,WAL000011392
Department of Health,NHS Walsall CCG,5/31/2018,C&M-GMS QOF Aspiration,PRC DELEGATED CO-COMMISSIONING,SINHA RISCHIE & SINHA,22295235,"6,560.67 ",,WAL000011392
Department of Health,NHS Walsall CCG,5/31/2018,C&M-GMS Global Sum,PRC DELEGATED CO-COMMISSIONING,THORNETT,22295237,"23,048.43 ",,WAL000011394
Department of Health,NHS Walsall CCG,5/31/2018,C&M-GMS QOF Aspiration,PRC DELEGATED CO-COMMISSIONING,THORNETT,22295237,"2,854.92 ",,WAL000011394
Department of Health,NHS Walsall CCG,5/31/2018,C&M-PMS Contract Value,PRC DELEGATED CO-COMMISSIONING,VILLAGE PRACTICE GPS,22295238,"75,431.58 ",,WAL000011396
Department of Health,NHS Walsall CCG,5/31/2018,C&M-PMS Cost of Drugs -Prescribing,LOCAL ENHANCED SERVICES,VILLAGE PRACTICE GPS,22295238,370.21 ,,WAL000011396
Department of Health,NHS Walsall CCG,5/31/2018,C&M-PMS Prof fees Prescribing,PRC DELEGATED CO-COMMISSIONING,VILLAGE PRACTICE GPS,22295238,106.04 ,,WAL000011396
Department of Health,NHS Walsall CCG,5/31/2018,C&M-PMS QOF Aspiration,PRC DELEGATED CO-COMMISSIONING,VILLAGE PRACTICE GPS,22295238,"5,475.60 ",,WAL000011396
Department of Health,NHS Walsall CCG,5/31/2018,C&M-GMS Cost of Drugs -Prescribing,LOCAL ENHANCED SERVICES,VITARANA,22295239,"1,320.38 ",,WAL000011397
Department of Health,NHS Walsall CCG,5/31/2018,C&M-GMS Global Sum,PRC DELEGATED CO-COMMISSIONING,VITARANA,22295239,"22,426.19 ",,WAL000011397
Department of Health,NHS Walsall CCG,5/31/2018,C&M-GMS Prem Cost Rent,PRC DELEGATED CO-COMMISSIONING,VITARANA,22295239,"5,981.33 ",,WAL000011397
Department of Health,NHS Walsall CCG,5/31/2018,C&M-GMS Prof Fees Prescribing,PRC DELEGATED CO-COMMISSIONING,VITARANA,22295239,406.46 ,,WAL000011397
Department of Health,NHS Walsall CCG,5/31/2018,C&M-GMS QOF Aspiration,PRC DELEGATED CO-COMMISSIONING,VITARANA,22295239,"1,730.29 ",,WAL000011397
Department of Health,NHS Walsall CCG,5/31/2018,C&M-PMS Contract Value,PRC DELEGATED CO-COMMISSIONING,WHARF PRACTICE GPS,22295241,"46,240.09 ",,WAL000011399
Department of Health,NHS Walsall CCG,5/31/2018,C&M-PMS Cost of Drugs -Prescribing,LOCAL ENHANCED SERVICES,WHARF PRACTICE GPS,22295241,410.72 ,,WAL000011399
Department of Health,NHS Walsall CCG,5/31/2018,C&M-PMS Prof fees Prescribing,PRC DELEGATED CO-COMMISSIONING,WHARF PRACTICE GPS,22295241,92.78 ,,WAL000011399
Department of Health,NHS Walsall CCG,5/31/2018,C&M-PMS QOF Aspiration,PRC DELEGATED CO-COMMISSIONING,WHARF PRACTICE GPS,22295241,"1,764.59 ",,WAL000011399
Department of Health,NHS Walsall CCG,5/31/2018,ME - PMS GP Prior Year ERs,PRC DELEGATED CO-COMMISSIONING,WHARF PRACTICE GPS,22295241,679.22 ,,WAL000011399
Department of Health,NHS Walsall CCG,5/31/2018,ME-PMS GP Prior Year EEs,PRC DELEGATED CO-COMMISSIONING,WHARF PRACTICE GPS,22295241,"1,657.71 ",,WAL000011399
Department of Health,NHS Walsall CCG,5/31/2018,C&M-GMS Cost of Drugs -Prescribing,LOCAL ENHANCED SERVICES,LOCKFIELD SURGERY & RAYNOR ROAD SURGERY,22295243,"3,152.74 ",,WAL000011401
Department of Health,NHS Walsall CCG,5/31/2018,C&M-GMS Global Sum,PRC DELEGATED CO-COMMISSIONING,LOCKFIELD SURGERY & RAYNOR ROAD SURGERY,22295243,"76,492.42 ",,WAL000011401
Department of Health,NHS Walsall CCG,5/31/2018,C&M-GMS Prem Actual Rent,PRC DELEGATED CO-COMMISSIONING,LOCKFIELD SURGERY & RAYNOR ROAD SURGERY,22295243,"14,727.25 ",,WAL000011401
Department of Health,NHS Walsall CCG,5/31/2018,C&M-GMS Prof Fees Prescribing,PRC DELEGATED CO-COMMISSIONING,LOCKFIELD SURGERY & RAYNOR ROAD SURGERY,22295243,629.57 ,,WAL000011401
Department of Health,NHS Walsall CCG,5/31/2018,C&M-GMS QOF Aspiration,PRC DELEGATED CO-COMMISSIONING,LOCKFIELD SURGERY & RAYNOR ROAD SURGERY,22295243,"8,830.63 ",,WAL000011401
Department of Health,NHS Walsall CCG,5/31/2018,C&M-PMS Contract Value,PRC DELEGATED CO-COMMISSIONING,SAI MEDICAL CENTRE,22295245,"36,656.16 ",,WAL000011405
Department of Health,NHS Walsall CCG,5/31/2018,C&M-PMS Cost of Drugs -Prescribing,LOCAL ENHANCED SERVICES,SAI MEDICAL CENTRE,22295245,88.81 ,,WAL000011405
Department of Health,NHS Walsall CCG,5/31/2018,C&M-PMS Prof fees Prescribing,PRC DELEGATED CO-COMMISSIONING,SAI MEDICAL CENTRE,22295245,79.52 ,,WAL000011405
Department of Health,NHS Walsall CCG,5/31/2018,C&M-PMS QOF Aspiration,PRC DELEGATED CO-COMMISSIONING,SAI MEDICAL CENTRE,22295245,"2,336.31 ",,WAL000011405
Department of Health,NHS Walsall CCG,5/31/2018,C&M-GMS Cost of Drugs -Prescribing,LOCAL ENHANCED SERVICES,PALFREY HEALTH CENTRE,22295253,573.10 ,,WAL000011416
Department of Health,NHS Walsall CCG,5/31/2018,C&M-GMS Global Sum,PRC DELEGATED CO-COMMISSIONING,PALFREY HEALTH CENTRE,22295253,"28,528.09 ",,WAL000011416
Department of Health,NHS Walsall CCG,5/31/2018,C&M-GMS MPIG Correction Factor,PRC DELEGATED CO-COMMISSIONING,PALFREY HEALTH CENTRE,22295253,996.56 ,,WAL000011416
Department of Health,NHS Walsall CCG,5/31/2018,C&M-GMS Prem Actual Rent,PRC DELEGATED CO-COMMISSIONING,PALFREY HEALTH CENTRE,22295253,"2,924.42 ",,WAL000011416
Department of Health,NHS Walsall CCG,5/31/2018,C&M-GMS Prof Fees Prescribing,PRC DELEGATED CO-COMMISSIONING,PALFREY HEALTH CENTRE,22295253,94.99 ,,WAL000011416
Department of Health,NHS Walsall CCG,5/31/2018,C&M-GMS QOF Aspiration,PRC DELEGATED CO-COMMISSIONING,PALFREY HEALTH CENTRE,22295253,"2,730.75 ",,WAL000011416
Department of Health,NHS Walsall CCG,5/31/2018,C&M-GMS Cost of Drugs -Prescribing,LOCAL ENHANCED SERVICES,BLOXWICH MEDICAL PRACTICE,22296843,681.26 ,,WAL000011355
Department of Health,NHS Walsall CCG,5/31/2018,C&M-GMS Global Sum,PRC DELEGATED CO-COMMISSIONING,BLOXWICH MEDICAL PRACTICE,22296843,"40,201.63 ",,WAL000011355
Department of Health,NHS Walsall CCG,5/31/2018,C&M-GMS Prof Fees Prescribing,PRC DELEGATED CO-COMMISSIONING,BLOXWICH MEDICAL PRACTICE,22296843,121.49 ,,WAL000011355
Department of Health,NHS Walsall CCG,5/31/2018,C&M-GMS QOF Aspiration,PRC DELEGATED CO-COMMISSIONING,BLOXWICH MEDICAL PRACTICE,22296843,"4,587.52 ",,WAL000011355
Department of Health,NHS Walsall CCG,5/31/2018,C&M-GMS Cost of Drugs -Prescribing,LOCAL ENHANCED SERVICES,STROUD PRACTICE,22296844,575.15 ,,WAL000011384
Department of Health,NHS Walsall CCG,5/31/2018,C&M-GMS Global Sum,PRC DELEGATED CO-COMMISSIONING,STROUD PRACTICE,22296844,"38,393.80 ",,WAL000011384
Department of Health,NHS Walsall CCG,5/31/2018,C&M-GMS Prof Fees Prescribing,PRC DELEGATED CO-COMMISSIONING,STROUD PRACTICE,22296844,216.48 ,,WAL000011384
Department of Health,NHS Walsall CCG,5/31/2018,C&M-GMS QOF Aspiration,PRC DELEGATED CO-COMMISSIONING,STROUD PRACTICE,22296844,"4,387.30 ",,WAL000011384
Department of Health,NHS Walsall CCG,5/31/2018,ME - PMS GP Prior Year ERs,PRC DELEGATED CO-COMMISSIONING,NEW INVENTION MEDICAL PRACTICE,22296845,"(10,364.04)",,WAL000011402
Department of Health,NHS Walsall CCG,5/31/2018,ME-PMS GP Pension EEs-PMS,PRC DELEGATED CO-COMMISSIONING,NEW INVENTION MEDICAL PRACTICE,22296845,"(2,322.34)",,WAL000011402
Department of Health,NHS Walsall CCG,5/31/2018,ME-PMS GP Pension ERs Adjs - PMS,PRC DELEGATED CO-COMMISSIONING,NEW INVENTION MEDICAL PRACTICE,22296845,"(2,303.12)",,WAL000011402
Department of Health,NHS Walsall CCG,5/31/2018,ME-PMS GP Prior Year EEs,PRC DELEGATED CO-COMMISSIONING,NEW INVENTION MEDICAL PRACTICE,22296845,"(10,450.53)",,WAL000011402
Department of Health,NHS Walsall CCG,5/31/2018,C&M-PMS Contract Value,PRC DELEGATED CO-COMMISSIONING,NEW INVENTION MEDICAL PRACTICE,22296846,"42,764.69 ",,WAL000011403
Department of Health,NHS Walsall CCG,5/31/2018,C&M-PMS Prem Actual Rent,PRC DELEGATED CO-COMMISSIONING,NEW INVENTION MEDICAL PRACTICE,22296846,"3,800.00 ",,WAL000011403
Department of Health,NHS Walsall CCG,5/31/2018,C&M-PMS QOF Aspiration,PRC DELEGATED CO-COMMISSIONING,NEW INVENTION MEDICAL PRACTICE,22296846,"5,497.51 ",,WAL000011403
Department of Health,NHS Walsall CCG,5/31/2018,ME - GMS GP Prior Year ERs,PRC DELEGATED CO-COMMISSIONING,LICHFIELD STREET SURGERY,22296847,"(6,909.36)",,WAL000011408
Department of Health,NHS Walsall CCG,5/31/2018,ME - GMS TPS Added Years Adj EEs,PRC DELEGATED CO-COMMISSIONING,LICHFIELD STREET SURGERY,22296847,(522.84),,WAL000011408
Department of Health,NHS Walsall CCG,5/31/2018,ME-GMS GP Pension EEs,PRC DELEGATED CO-COMMISSIONING,LICHFIELD STREET SURGERY,22296847,"(8,082.09)",,WAL000011408
Department of Health,NHS Walsall CCG,5/31/2018,ME-GMS GP Pension ERs Adjustments,PRC DELEGATED CO-COMMISSIONING,LICHFIELD STREET SURGERY,22296847,"(8,525.06)",,WAL000011408
Department of Health,NHS Walsall CCG,5/31/2018,ME-GMS GP Prior Year EEs,PRC DELEGATED CO-COMMISSIONING,LICHFIELD STREET SURGERY,22296847,"(6,486.54)",,WAL000011408
Department of Health,NHS Walsall CCG,5/31/2018,C&M-GMS Cost of Drugs -Prescribing,LOCAL ENHANCED SERVICES,LICHFIELD STREET SURGERY,22296848,"1,212.12 ",,WAL000011409
Department of Health,NHS Walsall CCG,5/31/2018,C&M-GMS Global Sum,PRC DELEGATED CO-COMMISSIONING,LICHFIELD STREET SURGERY,22296848,"68,226.03 ",,WAL000011409
Department of Health,NHS Walsall CCG,5/31/2018,C&M-GMS Prem Notional Rent,PRC DELEGATED CO-COMMISSIONING,LICHFIELD STREET SURGERY,22296848,"5,654.17 ",,WAL000011409
Department of Health,NHS Walsall CCG,5/31/2018,C&M-GMS Prof Fees Prescribing,PRC DELEGATED CO-COMMISSIONING,LICHFIELD STREET SURGERY,22296848,192.18 ,,WAL000011409
Department of Health,NHS Walsall CCG,5/31/2018,C&M-GMS QOF Aspiration,PRC DELEGATED CO-COMMISSIONING,LICHFIELD STREET SURGERY,22296848,"8,009.82 ",,WAL000011409
Department of Health,NHS Walsall CCG,5/31/2018,Hcare Srv Rec NHS Trust-Contract Baseline,ACUTE COMMISSIONING,WALSALL HEALTHCARE NHS TRUST,22337476,"400,000.00 ",654948981,TR18190001
Department of Health,NHS Walsall CCG,5/31/2018,Clinical&Medical-Voluntary Sector,LONG TERM CONDITIONS,WALSALL CARDIAC REHABILITATION TRUST,22337975,"69,550.00 ",,18410
Department of Health,NHS Walsall CCG,5/31/2018,Hcare Srv Rec Fdtn Trust-Over/ Under Performance,AMBULANCE SERVICES,WEST MIDLANDS AMBULANCE SERVICE NHS FOUNDATION TRUST,22337994,"29,381.00 ",GB654950708,B0001523
Department of Health,NHS Walsall CCG,5/31/2018,Cont Care- Prior Year Payments,CHC CHILDREN,ROYAL NATIONAL INSTITUTE OF THE BLIND (RNIB),22354468,"(27,720.40)",524 4558 45,SCM000941
Department of Health,NHS Walsall CCG,5/31/2018,Clinical&Medical-Independent Sector,NCAS/OATS,NUFFIELD HEALTH,22354508,"26,699.00 ",564291137,CCG807
Department of Health,NHS Walsall CCG,5/31/2018,Hcare Srv Rec Fdtn Trust-Contract Baseline,LEARNING DIFFICULTIES,BLACK COUNTRY PARTNERSHIP NHS FOUNDATION TRUST,22370271,"155,632.67 ",,LG18190013
Department of Health,NHS Walsall CCG,5/31/2018,Hcare Srv Rec Fdtn Trust-Contract Baseline,MENTAL HEALTH CONTRACTS,BLACK COUNTRY PARTNERSHIP NHS FOUNDATION TRUST,22370275,"30,918.00 ",,LG18190014
Department of Health,NHS Walsall CCG,5/31/2018,Clinical&Medical-Othe Public Sector,COMMISSIONING RESERVE,WALSALL METROPOLITAN BOROUGH COUNCIL,22370277,"1,548,897.00 ",,LG18190015
Department of Health,NHS Walsall CCG,5/31/2018,Hcare Srv Rec NHS Trust-Contract Baseline,MENTAL HEALTH CONTRACTS,DUDLEY AND WALSALL MENTAL HEALTH PARTNERSHIP NHS TRUST,22370278,"2,318,513.92 ",654439224,LG18190016
Department of Health,NHS Walsall CCG,5/31/2018,Clinical&Medical-Independent Sector,COMMISSIONING SCHEMES,PRIMECARE,22370281,"97,529.00 ",228949560,LG18190017
Department of Health,NHS Walsall CCG,5/31/2018,Clinical&Medical-Independent Sector,OUT OF HOURS,PRIMECARE,22370281,"143,659.00 ",228949560,LG18190017
Department of Health,NHS Walsall CCG,5/31/2018,Clinical&Medical-Independent Sector,URGENT CARE,PRIMECARE,22370281,"78,577.00 ",228949560,LG18190017
Department of Health,NHS Walsall CCG,5/31/2018,Clinical&Medical-Voluntary Sector,HOSPICES,ST GILES HOSPICE,22370290,"56,031.00 ",486883086,LG18190018
Department of Health,NHS Walsall CCG,5/31/2018,Cont Care- Prior Year Payments,CHC CHILDREN,ROYAL NATIONAL INSTITUTE OF THE BLIND (RNIB),22404217,"27,720.40 ",524 4558 45,SIN009398
Department of Health,NHS Walsall CCG,5/31/2018,Hcare Srv Rec NHS Trust-Contract Baseline,ACUTE COMMISSIONING,WALSALL HEALTHCARE NHS TRUST,22423829,"14,032,917.00 ",654948981,GK18190011
Department of Health,NHS Walsall CCG,5/31/2018,FM Computer Contracts,PRIMARY CARE IT,WALSALL HEALTHCARE NHS TRUST,22423832,"66,667.00 ",654948981,GK18190012
Department of Health,NHS Walsall CCG,5/31/2018,C&M-GMS DES Extended Hours Access,PRC DELEGATED CO-COMMISSIONING,ASKEY & PARTNERS,22424154,"4,896.78 ",,WAL000011473
Department of Health,NHS Walsall CCG,5/31/2018,C&M-GMS DES Minor Surgery,PRC DELEGATED CO-COMMISSIONING,ASKEY & PARTNERS,22424154,"12,844.30 ",,WAL000011473
Department of Health,NHS Walsall CCG,5/31/2018,C&M-GMS Prem Rates,PRC DELEGATED CO-COMMISSIONING,ASKEY & PARTNERS,22424154,"18,603.00 ",,WAL000011473
Department of Health,NHS Walsall CCG,5/31/2018,Clinical&Medical-Independent Sector,NCAS/OATS,SPIRE HEALTHCARE LTD,22427075,"(189,749.82)",915970991,05YLASREC171812
Department of Health,NHS Walsall CCG,5/31/2018,Hcare Srv Rec NHS Trust-Contract Baseline,ACUTE COMMISSIONING,UNIVERSITY HOSPITALS OF NORTH MIDLANDS NHS TRUST,22441351,"51,996.00 ",654932808,I0004945
Department of Health,NHS Walsall CCG,5/31/2018,Clinical&Medical-Voluntary Sector,PALLIATIVE CARE,MARIE CURIE,22441363,"37,500.00 ",,005500
Department of Health,NHS Walsall CCG,5/31/2018,Clinical&Medical-Othe Public Sector,Mental Health Services - S117 Mental Health,WALSALL METROPOLITAN BOROUGH COUNCIL,22443609,"138,286.82 ",,685758
,,,,,,,,,
,,,,,,,,,
,,,,,,,,,
,,,,,,,,,
,,,,,,,,,
,,,,,,,,,
,,,,,,,,,
,,,,,,,,,
,,,,,,,,,
,,,,,,,,,
,,,,,,,,,
,,,,,,,,,
,,,,,,,,,
,,,,,,,,,
,,,,,,,,,
,,,,,,,,,
,,,,,,,,,
,,,,,,,,,
,,,,,,,,,
,,,,,,,,,
