"A3131 - Expenditure Over �25,000 - JULY 2018",,,,,,,,,
,,,,,,,,,
,,,,,,,,,
,,,,,,,,,
Time run: 01/08/2018 09:27:53,,,,,,,,,
,,,,,,,,,
Department family,Entity,Date,Expense Type,Expense area,Supplier,Transaction number,AP Amount (�),VAT registration number,Purchase invoice number
Department of Health,NHS Walsall CCG,7/31/2018,C&M-GMS LES Ultrasound,LOCAL ENHANCED SERVICES,MEDISCAN DIAGNOSTIC SERVICES LTD,22858304,"26,541.00 ",,INV003018
Department of Health,NHS Walsall CCG,7/31/2018,Clinical&Medical-Voluntary Sector,CHILD AND ADOLESCENT MENTAL HEALTH,WPH COUNSELLING & EDUC SERV,22858309,"9,472.00 ",,29MH
Department of Health,NHS Walsall CCG,7/31/2018,Clinical&Medical-Voluntary Sector,MENTAL HEALTH SERVICES - ADULTS,WPH COUNSELLING & EDUC SERV,22858309,"32,375.00 ",,29MH
Department of Health,NHS Walsall CCG,7/31/2018,Contract & Agency-Agency Int Mgr,FINANCE,GWESTGATE BUSINESS SERVICES LTD,22865053,"28,460.16 ",178129679,10046
Department of Health,NHS Walsall CCG,7/31/2018,Hcare Srv Rec Fdtn Trust-Contract Baseline,ACUTE COMMISSIONING,DUDLEY GROUP HOSPITALS NHS FOUNDATION TRUST,22901522,"203,105.37 ",,1000029905
Department of Health,NHS Walsall CCG,7/31/2018,Hcare Srv Rec Fdtn Trust-Contract Baseline,ACUTE COMMISSIONING,UNIVERSITY HOSPITALS BIRMINGHAM NHS FOUNDATION TRUST,22901535,"573,710.00 ",GB654912816,OHA001355
Department of Health,NHS Walsall CCG,7/31/2018,Hcare Srv Rec Fdtn Trust-Contract Baseline,ACUTE COMMISSIONING,UNIVERSITY HOSPITALS BIRMINGHAM NHS FOUNDATION TRUST,22901537,"416,718.00 ",GB654912816,OPU007395
Department of Health,NHS Walsall CCG,7/31/2018,Clinical&Medical-Independent Sector,NCAS/OATS,SPIRE HEALTHCARE LTD,22901539,"284,309.00 ",915970991,05YLASPF181904
Department of Health,NHS Walsall CCG,7/31/2018,Cont Care- Prior Year Payments,CHC ADULT FULLY FUNDED,WALSALL METROPOLITAN BOROUGH COUNCIL,22907488,"125,059.59 ",,696387
Department of Health,NHS Walsall CCG,7/31/2018,Cont Care- Prior Year Payments,CHC ADULT JOINT FUNDED,WALSALL METROPOLITAN BOROUGH COUNCIL,22907488,"62,333.28 ",,696387
Department of Health,NHS Walsall CCG,7/31/2018,Hcare Srv Rec Fdtn Trust-Contract Baseline,ACUTE COMMISSIONING,BURTON HOSPITALS NHS FOUNDATION TRUST,22930751,"30,687.00 ",,IN130658
Department of Health,NHS Walsall CCG,7/31/2018,Hcare Srv Rec Fdtn Trust-Contract Baseline,COMMUNITY SERVICES,BURTON HOSPITALS NHS FOUNDATION TRUST,22930751,"26,907.00 ",,IN130658
Department of Health,NHS Walsall CCG,7/31/2018,Hcare Srv Rec Fdtn Trust-Contract Baseline,ACUTE COMMISSIONING,BHAM WOMENS & CHILDRENS NHS FT,22930790,"140,649.50 ",GB654964300,15702546
Department of Health,NHS Walsall CCG,7/31/2018,Hcare Srv Rec NHS CCG-Contract Baseline,NHS 111,NHS SANDWELL AND WEST BIRMINGHAM CCG,22930794,"76,086.00 ",,7019502577
Department of Health,NHS Walsall CCG,7/31/2018,Hcare Srv Rec NHS Trust-Contract Baseline,ACUTE COMMISSIONING,ROYAL WOLVERHAMPTON HOSPITALS NHS TRUST (THE),22930825,"2,500,149.00 ",,0000219054
Department of Health,NHS Walsall CCG,7/31/2018,C&M-GP PRACTICE REVENUE - PCTF,GP FORWARD VIEW,WALDOC LTD,22935618,"95,855.00 ",,JS18190029
Department of Health,NHS Walsall CCG,7/31/2018,Clinical&Medical-Voluntary Sector,PALLIATIVE CARE,MARIE CURIE,22968273,"37,500.00 ",626722537,005335
Department of Health,NHS Walsall CCG,7/31/2018,Charges from CSU,CORPORATE COSTS & SERVICES,NHS MIDLANDS AND LANCASHIRE CSU,22968328,"28,348.58 ",GB 654442045,7312310706
Department of Health,NHS Walsall CCG,7/31/2018,Hcare Srv Rec NHS Trust-Contract Baseline,COMMUNITY SERVICES,ROYAL WOLVERHAMPTON HOSPITALS NHS TRUST (THE),22968332,"109,658.00 ",,0000219059
Department of Health,NHS Walsall CCG,7/31/2018,Hcare Srv Rec Fdtn Trust-Contract Baseline,ACUTE COMMISSIONING,ROYAL ORTHOPAEDIC HOSPITAL NHS FOUNDATION TRUST,22968344,"171,030.97 ",654965296,0000046704
Department of Health,NHS Walsall CCG,7/31/2018,Clinical&Medical-Othe Public Sector,MENTAL HEALTH SERVICES - ADULTS,WALSALL METROPOLITAN BOROUGH COUNCIL,22972775,"74,655.91 ",,691718
Department of Health,NHS Walsall CCG,7/31/2018,Apprenticeship Levy Payable,BALANCE SHEET,HMRC,23001026,416.00 ,,120PF005761691903
Department of Health,NHS Walsall CCG,7/31/2018,Income tax <1Yr,BALANCE SHEET,HMRC,23001026,"50,339.25 ",,120PF005761691903
Department of Health,NHS Walsall CCG,7/31/2018,Income tax <1Yr-Student Loans,BALANCE SHEET,HMRC,23001026,292.00 ,,120PF005761691903
Department of Health,NHS Walsall CCG,7/31/2018,National Insurance < 1 yr-NI- ERS,BALANCE SHEET,HMRC,23001026,"35,552.96 ",,120PF005761691903
Department of Health,NHS Walsall CCG,7/31/2018,National Insurance < 1 yr-NI-EES,BALANCE SHEET,HMRC,23001026,"25,522.60 ",,120PF005761691903
Department of Health,NHS Walsall CCG,7/31/2018,Statutory Mat Pay < 1 yr,BALANCE SHEET,HMRC,23001026,(534.28),,120PF005761691903
Department of Health,NHS Walsall CCG,7/31/2018,Cont Care-Funded Nursing Care Allow,FUNDED NURSING CARE,RICHMOND HALL CARE HOME,23019093,"26,954.89 ",,QA00001164
Department of Health,NHS Walsall CCG,7/31/2018,Cont Care-Funded Nursing Care Allow,FUNDED NURSING CARE,NAVIGATION CARE LTD,23019106,"27,045.30 ",,QA00001168
Department of Health,NHS Walsall CCG,7/31/2018,Cont Care-Funded Nursing Care Allow,FUNDED NURSING CARE,ADVINIA HEALTH CARE LTD,23019125,"37,009.29 ",,QA00001174
Department of Health,NHS Walsall CCG,7/31/2018,Hcare Srv Rec NHS Trust-Contract Baseline,ACUTE COMMISSIONING,SANDWELL AND WEST BIRMINGHAM HOSPITALS NHS TRUST,23021746,"418,117.50 ",GB654916216,50419017
Department of Health,NHS Walsall CCG,7/31/2018,Hcare Srv Rec NHS Trust-Contract Baseline,COMMUNITY SERVICES,SANDWELL AND WEST BIRMINGHAM HOSPITALS NHS TRUST,23021746,"9,216.50 ",GB654916216,50419017
Department of Health,NHS Walsall CCG,7/31/2018,Clinical&Medical-Independent Sector,Learning Difficulties - S117,DIGNUS HEALTHCARE LTD,23036517,"25,769.86 ",,4645
Department of Health,NHS Walsall CCG,7/31/2018,Hcare Srv Rec Fdtn Trust-Over/ Under Performance,ACUTE COMMISSIONING,UNIVERSITY HOSPITALS BIRMINGHAM NHS FOUNDATION TRUST,23074905,"(442,643.00)",GB654912816,OPC126196
Department of Health,NHS Walsall CCG,7/31/2018,Hcare Srv Rec Fdtn Trust-Contract Baseline,AMBULANCE SERVICES,WEST MIDLANDS AMBULANCE SERVICE NHS FOUNDATION TRUST,23093923,"54,333.00 ",GB654950708,B0001570
Department of Health,NHS Walsall CCG,7/31/2018,Hcare Srv Rec Fdtn Trust-Contract Baseline,AMBULANCE SERVICES,WEST MIDLANDS AMBULANCE SERVICE NHS FOUNDATION TRUST,23100425,"853,254.00 ",GB654950708,GK18190018
Department of Health,NHS Walsall CCG,7/31/2018,C&M-GMS Cost of Drugs -Prescribing,LOCAL ENHANCED SERVICES,BLOXWICH MEDICAL PRACTICE,23105760,754.23 ,,WAL000011739
Department of Health,NHS Walsall CCG,7/31/2018,C&M-GMS Global Sum,PRC DELEGATED CO-COMMISSIONING,BLOXWICH MEDICAL PRACTICE,23105760,"40,208.50 ",,WAL000011739
Department of Health,NHS Walsall CCG,7/31/2018,C&M-GMS PCO Other,PRC DELEGATED CO-COMMISSIONING,BLOXWICH MEDICAL PRACTICE,23105760,"3,304.00 ",,WAL000011739
Department of Health,NHS Walsall CCG,7/31/2018,C&M-GMS Prof Fees Prescribing,PRC DELEGATED CO-COMMISSIONING,BLOXWICH MEDICAL PRACTICE,23105760,105.80 ,,WAL000011739
Department of Health,NHS Walsall CCG,7/31/2018,C&M-GMS QOF Aspiration,PRC DELEGATED CO-COMMISSIONING,BLOXWICH MEDICAL PRACTICE,23105760,"4,587.52 ",,WAL000011739
Department of Health,NHS Walsall CCG,7/31/2018,C&M-GMS Cost of Drugs -Prescribing,LOCAL ENHANCED SERVICES,STROUD PRACTICE,23105763,"1,339.91 ",,WAL000011771
Department of Health,NHS Walsall CCG,7/31/2018,C&M-GMS Global Sum,PRC DELEGATED CO-COMMISSIONING,STROUD PRACTICE,23105763,"39,259.51 ",,WAL000011771
Department of Health,NHS Walsall CCG,7/31/2018,C&M-GMS PCO Locum Adop/Pat/Mat,PRC DELEGATED CO-COMMISSIONING,STROUD PRACTICE,23105763,"2,213.06 ",,WAL000011771
Department of Health,NHS Walsall CCG,7/31/2018,C&M-GMS Prof Fees Prescribing,PRC DELEGATED CO-COMMISSIONING,STROUD PRACTICE,23105763,234.60 ,,WAL000011771
Department of Health,NHS Walsall CCG,7/31/2018,C&M-GMS QOF Aspiration,PRC DELEGATED CO-COMMISSIONING,STROUD PRACTICE,23105763,"4,387.30 ",,WAL000011771
Department of Health,NHS Walsall CCG,7/31/2018,C&M-PMS Contract Value,PRC DELEGATED CO-COMMISSIONING,NEW INVENTION MEDICAL PRACTICE,23105765,"42,764.69 ",,WAL000011791
Department of Health,NHS Walsall CCG,7/31/2018,C&M-PMS Prem Actual Rent,PRC DELEGATED CO-COMMISSIONING,NEW INVENTION MEDICAL PRACTICE,23105765,"3,800.00 ",,WAL000011791
Department of Health,NHS Walsall CCG,7/31/2018,C&M-PMS QOF Aspiration,PRC DELEGATED CO-COMMISSIONING,NEW INVENTION MEDICAL PRACTICE,23105765,"5,497.51 ",,WAL000011791
Department of Health,NHS Walsall CCG,7/31/2018,C&M-GMS GP Statutory Levy,PRC DELEGATED CO-COMMISSIONING,LICHFIELD STREET SURGERY,23105766,(265.05),,WAL000011796
Department of Health,NHS Walsall CCG,7/31/2018,C&M-GMS PCO Seniority,PRC DELEGATED CO-COMMISSIONING,LICHFIELD STREET SURGERY,23105766,(609.68),,WAL000011796
Department of Health,NHS Walsall CCG,7/31/2018,C&M-GMS Voluntary Levy,PRC DELEGATED CO-COMMISSIONING,LICHFIELD STREET SURGERY,23105766,(5.82),,WAL000011796
Department of Health,NHS Walsall CCG,7/31/2018,ME - GMS GP Prior Year ERs,PRC DELEGATED CO-COMMISSIONING,LICHFIELD STREET SURGERY,23105766,"(14,379.96)",,WAL000011796
Department of Health,NHS Walsall CCG,7/31/2018,ME - GMS TPS Added Years Adj EEs,PRC DELEGATED CO-COMMISSIONING,LICHFIELD STREET SURGERY,23105766,(522.84),,WAL000011796
Department of Health,NHS Walsall CCG,7/31/2018,ME-GMS GP Pension EEs,PRC DELEGATED CO-COMMISSIONING,LICHFIELD STREET SURGERY,23105766,"(7,819.93)",,WAL000011796
Department of Health,NHS Walsall CCG,7/31/2018,ME-GMS GP Pension EEs Adjustments,PRC DELEGATED CO-COMMISSIONING,LICHFIELD STREET SURGERY,23105766,(152.66),,WAL000011796
Department of Health,NHS Walsall CCG,7/31/2018,ME-GMS GP Pension ERs Adjustments,PRC DELEGATED CO-COMMISSIONING,LICHFIELD STREET SURGERY,23105766,"(8,849.92)",,WAL000011796
Department of Health,NHS Walsall CCG,7/31/2018,ME-GMS GP Prior Year EEs,PRC DELEGATED CO-COMMISSIONING,LICHFIELD STREET SURGERY,23105766,"(13,500.00)",,WAL000011796
Department of Health,NHS Walsall CCG,7/31/2018,C&M-GMS Cost of Drugs -Prescribing,LOCAL ENHANCED SERVICES,LICHFIELD STREET SURGERY,23105767,"1,210.45 ",,WAL000011797
Department of Health,NHS Walsall CCG,7/31/2018,C&M-GMS Global Sum,PRC DELEGATED CO-COMMISSIONING,LICHFIELD STREET SURGERY,23105767,"67,842.72 ",,WAL000011797
Department of Health,NHS Walsall CCG,7/31/2018,C&M-GMS PCO Other,PRC DELEGATED CO-COMMISSIONING,LICHFIELD STREET SURGERY,23105767,"5,690.00 ",,WAL000011797
Department of Health,NHS Walsall CCG,7/31/2018,C&M-GMS Prem Notional Rent,PRC DELEGATED CO-COMMISSIONING,LICHFIELD STREET SURGERY,23105767,"5,654.17 ",,WAL000011797
Department of Health,NHS Walsall CCG,7/31/2018,C&M-GMS Prem Water Rates,PRC DELEGATED CO-COMMISSIONING,LICHFIELD STREET SURGERY,23105767,163.26 ,,WAL000011797
Department of Health,NHS Walsall CCG,7/31/2018,C&M-GMS Prof Fees Prescribing,PRC DELEGATED CO-COMMISSIONING,LICHFIELD STREET SURGERY,23105767,105.80 ,,WAL000011797
Department of Health,NHS Walsall CCG,7/31/2018,C&M-GMS QOF Aspiration,PRC DELEGATED CO-COMMISSIONING,LICHFIELD STREET SURGERY,23105767,"8,009.82 ",,WAL000011797
Department of Health,NHS Walsall CCG,7/31/2018,ME-GMS GP Pension EEs Adjustments,PRC DELEGATED CO-COMMISSIONING,LICHFIELD STREET SURGERY,23105767,183.34 ,,WAL000011797
Department of Health,NHS Walsall CCG,7/31/2018,C&M-GMS Cost of Drugs -Prescribing,LOCAL ENHANCED SERVICES,ASKEY & PARTNERS,23107452,976.09 ,,WAL000011695
Department of Health,NHS Walsall CCG,7/31/2018,C&M-GMS Global Sum,PRC DELEGATED CO-COMMISSIONING,ASKEY & PARTNERS,23107452,"70,971.19 ",,WAL000011695
Department of Health,NHS Walsall CCG,7/31/2018,C&M-GMS PCO Locum Adop/Pat/Mat,PRC DELEGATED CO-COMMISSIONING,ASKEY & PARTNERS,23107452,"37,759.46 ",,WAL000011695
Department of Health,NHS Walsall CCG,7/31/2018,C&M-GMS Prem Actual Rent,PRC DELEGATED CO-COMMISSIONING,ASKEY & PARTNERS,23107452,"15,350.00 ",,WAL000011695
Department of Health,NHS Walsall CCG,7/31/2018,C&M-GMS Prof Fees Prescribing,PRC DELEGATED CO-COMMISSIONING,ASKEY & PARTNERS,23107452,374.90 ,,WAL000011695
Department of Health,NHS Walsall CCG,7/31/2018,C&M-GMS QOF Achievement,PRC DELEGATED CO-COMMISSIONING,ASKEY & PARTNERS,23107452,"42,280.98 ",,WAL000011695
Department of Health,NHS Walsall CCG,7/31/2018,C&M-GMS QOF Aspiration,PRC DELEGATED CO-COMMISSIONING,ASKEY & PARTNERS,23107452,"8,704.69 ",,WAL000011695
Department of Health,NHS Walsall CCG,7/31/2018,C&M-PMS Contract Value,PRC DELEGATED CO-COMMISSIONING,APMS HARDEN,23107458,"35,274.58 ",,WAL000011699
Department of Health,NHS Walsall CCG,7/31/2018,C&M-PMS Cost of Drugs -Prescribing,LOCAL ENHANCED SERVICES,APMS HARDEN,23107458,149.72 ,,WAL000011699
Department of Health,NHS Walsall CCG,7/31/2018,C&M-PMS Prof fees Prescribing,PRC DELEGATED CO-COMMISSIONING,APMS HARDEN,23107458,82.80 ,,WAL000011699
Department of Health,NHS Walsall CCG,7/31/2018,C&M-PMS QOF Aspiration,PRC DELEGATED CO-COMMISSIONING,APMS HARDEN,23107458,"1,888.26 ",,WAL000011699
Department of Health,NHS Walsall CCG,7/31/2018,C&M-PMS Contract Value,PRC DELEGATED CO-COMMISSIONING,COALPOOL SURGERY,23107469,"44,141.94 ",,WAL000011707
Department of Health,NHS Walsall CCG,7/31/2018,C&M-PMS Cost of Drugs -Prescribing,LOCAL ENHANCED SERVICES,COALPOOL SURGERY,23107469,159.25 ,,WAL000011707
Department of Health,NHS Walsall CCG,7/31/2018,C&M-PMS Prof fees Prescribing,PRC DELEGATED CO-COMMISSIONING,COALPOOL SURGERY,23107469,115.00 ,,WAL000011707
Department of Health,NHS Walsall CCG,7/31/2018,C&M-PMS QOF Aspiration,PRC DELEGATED CO-COMMISSIONING,COALPOOL SURGERY,23107469,"2,790.94 ",,WAL000011707
Department of Health,NHS Walsall CCG,7/31/2018,C&M-PMS Contract Value,PRC DELEGATED CO-COMMISSIONING,COLLINGWOOD FAMILY PRACTICE,23107471,"(32,450.74)",,WAL000011708
Department of Health,NHS Walsall CCG,7/31/2018,C&M-PMS GP Statutory Levy,PRC DELEGATED CO-COMMISSIONING,COLLINGWOOD FAMILY PRACTICE,23107471,(148.49),,WAL000011708
Department of Health,NHS Walsall CCG,7/31/2018,ME-PMS GP Pension EEs-PMS,PRC DELEGATED CO-COMMISSIONING,COLLINGWOOD FAMILY PRACTICE,23107471,"(2,526.64)",,WAL000011708
Department of Health,NHS Walsall CCG,7/31/2018,ME-PMS GP Pension ERs Adjs - PMS,PRC DELEGATED CO-COMMISSIONING,COLLINGWOOD FAMILY PRACTICE,23107471,"(2,864.01)",,WAL000011708
Department of Health,NHS Walsall CCG,7/31/2018,C&M-PMS Contract Value,PRC DELEGATED CO-COMMISSIONING,COLLINGWOOD FAMILY PRACTICE,23107472,"56,549.18 ",,WAL000011709
Department of Health,NHS Walsall CCG,7/31/2018,C&M-PMS Cost of Drugs -Prescribing,LOCAL ENHANCED SERVICES,COLLINGWOOD FAMILY PRACTICE,23107472,14.77 ,,WAL000011709
Department of Health,NHS Walsall CCG,7/31/2018,C&M-PMS Prof fees Prescribing,PRC DELEGATED CO-COMMISSIONING,COLLINGWOOD FAMILY PRACTICE,23107472,13.80 ,,WAL000011709
Department of Health,NHS Walsall CCG,7/31/2018,C&M-PMS QOF Aspiration,PRC DELEGATED CO-COMMISSIONING,COLLINGWOOD FAMILY PRACTICE,23107472,"3,961.34 ",,WAL000011709
Department of Health,NHS Walsall CCG,7/31/2018,C&M-GMS Global Sum,PRC DELEGATED CO-COMMISSIONING,DR A THOMAS,23107481,"35,197.50 ",,WAL000011713
Department of Health,NHS Walsall CCG,7/31/2018,C&M-GMS Prem Actual Rent,PRC DELEGATED CO-COMMISSIONING,DR A THOMAS,23107481,"5,235.33 ",,WAL000011713
Department of Health,NHS Walsall CCG,7/31/2018,C&M-GMS QOF Aspiration,PRC DELEGATED CO-COMMISSIONING,DR A THOMAS,23107481,"3,546.89 ",,WAL000011713
Department of Health,NHS Walsall CCG,7/31/2018,ME - GMS GP Prior Year ERs,PRC DELEGATED CO-COMMISSIONING,DR A THOMAS,23107481,"2,160.48 ",,WAL000011713
Department of Health,NHS Walsall CCG,7/31/2018,ME-GMS GP Pension EEs Adjustments,PRC DELEGATED CO-COMMISSIONING,DR A THOMAS,23107481,"4,436.93 ",,WAL000011713
Department of Health,NHS Walsall CCG,7/31/2018,ME-GMS GP Pension ERs Adjustments,PRC DELEGATED CO-COMMISSIONING,DR A THOMAS,23107481,"4,173.68 ",,WAL000011713
Department of Health,NHS Walsall CCG,7/31/2018,ME-GMS GP Prior Year EEs,PRC DELEGATED CO-COMMISSIONING,DR A THOMAS,23107481,"2,406.27 ",,WAL000011713
Department of Health,NHS Walsall CCG,7/31/2018,C&M-GMS Cost of Drugs -Prescribing,LOCAL ENHANCED SERVICES,DR A KHERA,23107485,"1,047.94 ",,WAL000011715
Department of Health,NHS Walsall CCG,7/31/2018,C&M-GMS Global Sum,PRC DELEGATED CO-COMMISSIONING,DR A KHERA,23107485,"29,448.23 ",,WAL000011715
Department of Health,NHS Walsall CCG,7/31/2018,C&M-GMS Prem Notional Rent,PRC DELEGATED CO-COMMISSIONING,DR A KHERA,23107485,"2,186.92 ",,WAL000011715
Department of Health,NHS Walsall CCG,7/31/2018,C&M-GMS Prem Water Rates,PRC DELEGATED CO-COMMISSIONING,DR A KHERA,23107485,493.31 ,,WAL000011715
Department of Health,NHS Walsall CCG,7/31/2018,C&M-GMS Prof Fees Prescribing,PRC DELEGATED CO-COMMISSIONING,DR A KHERA,23107485,85.10 ,,WAL000011715
Department of Health,NHS Walsall CCG,7/31/2018,C&M-GMS QOF Aspiration,PRC DELEGATED CO-COMMISSIONING,DR A KHERA,23107485,"2,459.22 ",,WAL000011715
Department of Health,NHS Walsall CCG,7/31/2018,C&M-GMS Cost of Drugs -Prescribing,LOCAL ENHANCED SERVICES,DR MAHMOOD,23107491,459.12 ,,WAL000011721
Department of Health,NHS Walsall CCG,7/31/2018,C&M-GMS Global Sum,PRC DELEGATED CO-COMMISSIONING,DR MAHMOOD,23107491,"24,141.15 ",,WAL000011721
Department of Health,NHS Walsall CCG,7/31/2018,C&M-GMS MPIG Correction Factor,PRC DELEGATED CO-COMMISSIONING,DR MAHMOOD,23107491,17.82 ,,WAL000011721
Department of Health,NHS Walsall CCG,7/31/2018,C&M-GMS Prem Cost Rent,PRC DELEGATED CO-COMMISSIONING,DR MAHMOOD,23107491,"2,547.17 ",,WAL000011721
Department of Health,NHS Walsall CCG,7/31/2018,C&M-GMS Prem Water Rates,PRC DELEGATED CO-COMMISSIONING,DR MAHMOOD,23107491,149.87 ,,WAL000011721
Department of Health,NHS Walsall CCG,7/31/2018,C&M-GMS Prof Fees Prescribing,PRC DELEGATED CO-COMMISSIONING,DR MAHMOOD,23107491,108.10 ,,WAL000011721
Department of Health,NHS Walsall CCG,7/31/2018,C&M-GMS QOF Aspiration,PRC DELEGATED CO-COMMISSIONING,DR MAHMOOD,23107491,"2,378.14 ",,WAL000011721
Department of Health,NHS Walsall CCG,7/31/2018,C&M-GMS Cost of Drugs -Dispensing,LOCAL ENHANCED SERVICES,DR KUNDU & PAL,23107493,"5,875.01 ",,WAL000011723
Department of Health,NHS Walsall CCG,7/31/2018,C&M-GMS Global Sum,PRC DELEGATED CO-COMMISSIONING,DR KUNDU & PAL,23107493,"39,635.63 ",,WAL000011723
Department of Health,NHS Walsall CCG,7/31/2018,C&M-GMS PCO Other,PRC DELEGATED CO-COMMISSIONING,DR KUNDU & PAL,23107493,"3,695.00 ",,WAL000011723
Department of Health,NHS Walsall CCG,7/31/2018,C&M-GMS Prem Cost Rent,PRC DELEGATED CO-COMMISSIONING,DR KUNDU & PAL,23107493,708.33 ,,WAL000011723
Department of Health,NHS Walsall CCG,7/31/2018,C&M-GMS Prem Notional Rent,PRC DELEGATED CO-COMMISSIONING,DR KUNDU & PAL,23107493,"2,396.53 ",,WAL000011723
Department of Health,NHS Walsall CCG,7/31/2018,C&M-GMS Prof Fees Dispensing,PRC DELEGATED CO-COMMISSIONING,DR KUNDU & PAL,23107493,"1,304.93 ",,WAL000011723
Department of Health,NHS Walsall CCG,7/31/2018,C&M-GMS PrscrptnChrgsColl&RmttdbyGP,LOCAL ENHANCED SERVICES,DR KUNDU & PAL,23107493,290.40 ,,WAL000011723
Department of Health,NHS Walsall CCG,7/31/2018,C&M-GMS QOF Aspiration,PRC DELEGATED CO-COMMISSIONING,DR KUNDU & PAL,23107493,"5,473.57 ",,WAL000011723
Department of Health,NHS Walsall CCG,7/31/2018,C&M-GMS Cost of Drugs -Prescribing,LOCAL ENHANCED SERVICES,DR R KUMAR WALSALL,23107499,"1,118.72 ",,WAL000011729
Department of Health,NHS Walsall CCG,7/31/2018,C&M-GMS Global Sum,PRC DELEGATED CO-COMMISSIONING,DR R KUMAR WALSALL,23107499,"19,560.12 ",,WAL000011729
Department of Health,NHS Walsall CCG,7/31/2018,C&M-GMS MPIG Correction Factor,PRC DELEGATED CO-COMMISSIONING,DR R KUMAR WALSALL,23107499,566.06 ,,WAL000011729
Department of Health,NHS Walsall CCG,7/31/2018,C&M-GMS PCO Other,PRC DELEGATED CO-COMMISSIONING,DR R KUMAR WALSALL,23107499,"1,858.95 ",,WAL000011729
Department of Health,NHS Walsall CCG,7/31/2018,C&M-GMS Prof Fees Prescribing,PRC DELEGATED CO-COMMISSIONING,DR R KUMAR WALSALL,23107499,80.50 ,,WAL000011729
Department of Health,NHS Walsall CCG,7/31/2018,C&M-GMS QOF Aspiration,PRC DELEGATED CO-COMMISSIONING,DR R KUMAR WALSALL,23107499,"2,754.34 ",,WAL000011729
Department of Health,NHS Walsall CCG,7/31/2018,C&M-GMS Global Sum,PRC DELEGATED CO-COMMISSIONING,DR SURI WALSALL,23107501,"35,295.37 ",,WAL000011731
Department of Health,NHS Walsall CCG,7/31/2018,C&M-GMS MPIG Correction Factor,PRC DELEGATED CO-COMMISSIONING,DR SURI WALSALL,23107501,503.36 ,,WAL000011731
Department of Health,NHS Walsall CCG,7/31/2018,C&M-GMS Prem Notional Rent,PRC DELEGATED CO-COMMISSIONING,DR SURI WALSALL,23107501,"3,916.67 ",,WAL000011731
Department of Health,NHS Walsall CCG,7/31/2018,C&M-GMS Prem Water Rates,PRC DELEGATED CO-COMMISSIONING,DR SURI WALSALL,23107501,177.84 ,,WAL000011731
Department of Health,NHS Walsall CCG,7/31/2018,C&M-GMS QOF Aspiration,PRC DELEGATED CO-COMMISSIONING,DR SURI WALSALL,23107501,"3,205.14 ",,WAL000011731
Department of Health,NHS Walsall CCG,7/31/2018,C&M-GMS Cost of Drugs -Prescribing,LOCAL ENHANCED SERVICES,DR SJ VAID,23107503,434.12 ,,WAL000011733
Department of Health,NHS Walsall CCG,7/31/2018,C&M-GMS Global Sum,PRC DELEGATED CO-COMMISSIONING,DR SJ VAID,23107503,"34,771.53 ",,WAL000011733
Department of Health,NHS Walsall CCG,7/31/2018,C&M-GMS Prof Fees Prescribing,PRC DELEGATED CO-COMMISSIONING,DR SJ VAID,23107503,48.30 ,,WAL000011733
Department of Health,NHS Walsall CCG,7/31/2018,C&M-GMS QOF Aspiration,PRC DELEGATED CO-COMMISSIONING,DR SJ VAID,23107503,"2,981.85 ",,WAL000011733
Department of Health,NHS Walsall CCG,7/31/2018,C&M-GMS Cost of Drugs -Prescribing,LOCAL ENHANCED SERVICES,DRS JAWAHAR MOHAN & LOTLIKAR,23107507,615.55 ,,WAL000011737
Department of Health,NHS Walsall CCG,7/31/2018,C&M-GMS DES Learn Dsblty Hlth Chk,PRC DELEGATED CO-COMMISSIONING,DRS JAWAHAR MOHAN & LOTLIKAR,23107507,980.00 ,,WAL000011737
Department of Health,NHS Walsall CCG,7/31/2018,C&M-GMS Global Sum,PRC DELEGATED CO-COMMISSIONING,DRS JAWAHAR MOHAN & LOTLIKAR,23107507,"50,732.54 ",,WAL000011737
Department of Health,NHS Walsall CCG,7/31/2018,C&M-GMS Prof Fees Prescribing,PRC DELEGATED CO-COMMISSIONING,DRS JAWAHAR MOHAN & LOTLIKAR,23107507,64.40 ,,WAL000011737
Department of Health,NHS Walsall CCG,7/31/2018,C&M-GMS QOF Aspiration,PRC DELEGATED CO-COMMISSIONING,DRS JAWAHAR MOHAN & LOTLIKAR,23107507,"5,213.01 ",,WAL000011737
Department of Health,NHS Walsall CCG,7/31/2018,C&M-GMS Cost of Drugs -Prescribing,LOCAL ENHANCED SERVICES,DRS PILLAI & NAIR,23107509,"1,716.23 ",,WAL000011741
Department of Health,NHS Walsall CCG,7/31/2018,C&M-GMS Global Sum,PRC DELEGATED CO-COMMISSIONING,DRS PILLAI & NAIR,23107509,"36,832.17 ",,WAL000011741
Department of Health,NHS Walsall CCG,7/31/2018,C&M-GMS Prof Fees Prescribing,PRC DELEGATED CO-COMMISSIONING,DRS PILLAI & NAIR,23107509,250.70 ,,WAL000011741
Department of Health,NHS Walsall CCG,7/31/2018,C&M-GMS QOF Aspiration,PRC DELEGATED CO-COMMISSIONING,DRS PILLAI & NAIR,23107509,"4,804.21 ",,WAL000011741
Department of Health,NHS Walsall CCG,7/31/2018,C&M-GMS Cost of Drugs -Prescribing,LOCAL ENHANCED SERVICES,DUGAS & PARTNERS,23107512,"2,247.02 ",,WAL000011745
Department of Health,NHS Walsall CCG,7/31/2018,C&M-GMS Global Sum,PRC DELEGATED CO-COMMISSIONING,DUGAS & PARTNERS,23107512,"32,543.17 ",,WAL000011745
Department of Health,NHS Walsall CCG,7/31/2018,C&M-GMS MPIG Correction Factor,PRC DELEGATED CO-COMMISSIONING,DUGAS & PARTNERS,23107512,212.87 ,,WAL000011745
Department of Health,NHS Walsall CCG,7/31/2018,C&M-GMS Prem Cost Rent,PRC DELEGATED CO-COMMISSIONING,DUGAS & PARTNERS,23107512,"5,496.33 ",,WAL000011745
Department of Health,NHS Walsall CCG,7/31/2018,C&M-GMS Prem Notional Rent,PRC DELEGATED CO-COMMISSIONING,DUGAS & PARTNERS,23107512,683.33 ,,WAL000011745
Department of Health,NHS Walsall CCG,7/31/2018,C&M-GMS Prof Fees Prescribing,PRC DELEGATED CO-COMMISSIONING,DUGAS & PARTNERS,23107512,236.90 ,,WAL000011745
Department of Health,NHS Walsall CCG,7/31/2018,C&M-GMS QOF Aspiration,PRC DELEGATED CO-COMMISSIONING,DUGAS & PARTNERS,23107512,"3,118.79 ",,WAL000011745
Department of Health,NHS Walsall CCG,7/31/2018,C&M-GMS Cost of Drugs -Prescribing,LOCAL ENHANCED SERVICES,HOULAHAN & PARTNERS,23107515,129.62 ,,WAL000011749
Department of Health,NHS Walsall CCG,7/31/2018,C&M-GMS Global Sum,PRC DELEGATED CO-COMMISSIONING,HOULAHAN & PARTNERS,23107515,"70,976.62 ",,WAL000011749
Department of Health,NHS Walsall CCG,7/31/2018,C&M-GMS MPIG Correction Factor,PRC DELEGATED CO-COMMISSIONING,HOULAHAN & PARTNERS,23107515,179.92 ,,WAL000011749
Department of Health,NHS Walsall CCG,7/31/2018,C&M-GMS Prem Cost Rent,PRC DELEGATED CO-COMMISSIONING,HOULAHAN & PARTNERS,23107515,"3,822.33 ",,WAL000011749
Department of Health,NHS Walsall CCG,7/31/2018,C&M-GMS Prem Notional Rent,PRC DELEGATED CO-COMMISSIONING,HOULAHAN & PARTNERS,23107515,529.58 ,,WAL000011749
Department of Health,NHS Walsall CCG,7/31/2018,C&M-GMS Prof Fees Prescribing,PRC DELEGATED CO-COMMISSIONING,HOULAHAN & PARTNERS,23107515,55.20 ,,WAL000011749
Department of Health,NHS Walsall CCG,7/31/2018,C&M-GMS QOF Aspiration,PRC DELEGATED CO-COMMISSIONING,HOULAHAN & PARTNERS,23107515,"7,672.03 ",,WAL000011749
Department of Health,NHS Walsall CCG,7/31/2018,C&M-GMS Global Sum,PRC DELEGATED CO-COMMISSIONING,KAUL & PTS,23107517,"21,811.86 ",,WAL000011751
Department of Health,NHS Walsall CCG,7/31/2018,C&M-GMS MPIG Correction Factor,PRC DELEGATED CO-COMMISSIONING,KAUL & PTS,23107517,518.60 ,,WAL000011751
Department of Health,NHS Walsall CCG,7/31/2018,C&M-GMS PCO Other,PRC DELEGATED CO-COMMISSIONING,KAUL & PTS,23107517,"2,234.00 ",,WAL000011751
Department of Health,NHS Walsall CCG,7/31/2018,C&M-GMS QOF Aspiration,PRC DELEGATED CO-COMMISSIONING,KAUL & PTS,23107517,"2,174.70 ",,WAL000011751
Department of Health,NHS Walsall CCG,7/31/2018,C&M-GMS Cost of Drugs -Prescribing,LOCAL ENHANCED SERVICES,DR I KHAN & DR S MERALI,23107519,509.23 ,,WAL000011753
Department of Health,NHS Walsall CCG,7/31/2018,C&M-GMS Global Sum,PRC DELEGATED CO-COMMISSIONING,DR I KHAN & DR S MERALI,23107519,"24,539.33 ",,WAL000011753
Department of Health,NHS Walsall CCG,7/31/2018,C&M-GMS MPIG Correction Factor,PRC DELEGATED CO-COMMISSIONING,DR I KHAN & DR S MERALI,23107519,243.86 ,,WAL000011753
Department of Health,NHS Walsall CCG,7/31/2018,C&M-GMS Prof Fees Prescribing,PRC DELEGATED CO-COMMISSIONING,DR I KHAN & DR S MERALI,23107519,179.40 ,,WAL000011753
Department of Health,NHS Walsall CCG,7/31/2018,C&M-GMS QOF Aspiration,PRC DELEGATED CO-COMMISSIONING,DR I KHAN & DR S MERALI,23107519,"2,547.94 ",,WAL000011753
Department of Health,NHS Walsall CCG,7/31/2018,C&M-GMS DES Learn Dsblty Hlth Chk,PRC DELEGATED CO-COMMISSIONING,JAY & PANSARI,23107521,700.00 ,,WAL000011755
Department of Health,NHS Walsall CCG,7/31/2018,C&M-GMS Global Sum,PRC DELEGATED CO-COMMISSIONING,JAY & PANSARI,23107521,"29,396.57 ",,WAL000011755
Department of Health,NHS Walsall CCG,7/31/2018,C&M-GMS QOF Aspiration,PRC DELEGATED CO-COMMISSIONING,JAY & PANSARI,23107521,"3,817.56 ",,WAL000011755
Department of Health,NHS Walsall CCG,7/31/2018,C&M-PMS Contract Value,PRC DELEGATED CO-COMMISSIONING,KEYS PRACTICE GPS,23107525,"60,697.74 ",,WAL000011759
Department of Health,NHS Walsall CCG,7/31/2018,C&M-PMS Cost of Drugs -Prescribing,LOCAL ENHANCED SERVICES,KEYS PRACTICE GPS,23107525,123.98 ,,WAL000011759
Department of Health,NHS Walsall CCG,7/31/2018,C&M-PMS Prof fees Prescribing,PRC DELEGATED CO-COMMISSIONING,KEYS PRACTICE GPS,23107525,55.20 ,,WAL000011759
Department of Health,NHS Walsall CCG,7/31/2018,C&M-PMS QOF Aspiration,PRC DELEGATED CO-COMMISSIONING,KEYS PRACTICE GPS,23107525,"3,096.41 ",,WAL000011759
Department of Health,NHS Walsall CCG,7/31/2018,C&M-GMS Cost of Drugs -Prescribing,LOCAL ENHANCED SERVICES,LITTLE LONDON SURGERY,23107527,"1,222.64 ",,WAL000011761
Department of Health,NHS Walsall CCG,7/31/2018,C&M-GMS Global Sum,PRC DELEGATED CO-COMMISSIONING,LITTLE LONDON SURGERY,23107527,"59,560.20 ",,WAL000011761
Department of Health,NHS Walsall CCG,7/31/2018,C&M-GMS Prem Notional Rent,PRC DELEGATED CO-COMMISSIONING,LITTLE LONDON SURGERY,23107527,"4,881.25 ",,WAL000011761
Department of Health,NHS Walsall CCG,7/31/2018,C&M-GMS Prof Fees Prescribing,PRC DELEGATED CO-COMMISSIONING,LITTLE LONDON SURGERY,23107527,117.30 ,,WAL000011761
Department of Health,NHS Walsall CCG,7/31/2018,C&M-GMS QOF Aspiration,PRC DELEGATED CO-COMMISSIONING,LITTLE LONDON SURGERY,23107527,"6,990.88 ",,WAL000011761
Department of Health,NHS Walsall CCG,7/31/2018,C&M-GMS Cost of Drugs -Prescribing,LOCAL ENHANCED SERVICES,LOCKSTOWN PRACTICE,23107529,"1,207.87 ",,WAL000011763
Department of Health,NHS Walsall CCG,7/31/2018,C&M-GMS Global Sum,PRC DELEGATED CO-COMMISSIONING,LOCKSTOWN PRACTICE,23107529,"58,194.78 ",,WAL000011763
Department of Health,NHS Walsall CCG,7/31/2018,C&M-GMS MPIG Correction Factor,PRC DELEGATED CO-COMMISSIONING,LOCKSTOWN PRACTICE,23107529,27.60 ,,WAL000011763
Department of Health,NHS Walsall CCG,7/31/2018,C&M-GMS PCO Other,PRC DELEGATED CO-COMMISSIONING,LOCKSTOWN PRACTICE,23107529,"4,995.00 ",,WAL000011763
Department of Health,NHS Walsall CCG,7/31/2018,C&M-GMS Prem Actual Rent,PRC DELEGATED CO-COMMISSIONING,LOCKSTOWN PRACTICE,23107529,"5,235.33 ",,WAL000011763
Department of Health,NHS Walsall CCG,7/31/2018,C&M-GMS Prem Cost Rent,PRC DELEGATED CO-COMMISSIONING,LOCKSTOWN PRACTICE,23107529,"3,607.50 ",,WAL000011763
Department of Health,NHS Walsall CCG,7/31/2018,C&M-GMS Prof Fees Prescribing,PRC DELEGATED CO-COMMISSIONING,LOCKSTOWN PRACTICE,23107529,434.70 ,,WAL000011763
Department of Health,NHS Walsall CCG,7/31/2018,C&M-GMS QOF Aspiration,PRC DELEGATED CO-COMMISSIONING,LOCKSTOWN PRACTICE,23107529,"8,150.50 ",,WAL000011763
Department of Health,NHS Walsall CCG,7/31/2018,C&M-GMS Global Sum,PRC DELEGATED CO-COMMISSIONING,M Z ABEDIN,23107531,"26,107.48 ",,WAL000011765
Department of Health,NHS Walsall CCG,7/31/2018,C&M-GMS Prem Cost Rent,PRC DELEGATED CO-COMMISSIONING,M Z ABEDIN,23107531,"1,964.58 ",,WAL000011765
Department of Health,NHS Walsall CCG,7/31/2018,C&M-GMS QOF Aspiration,PRC DELEGATED CO-COMMISSIONING,M Z ABEDIN,23107531,"3,118.49 ",,WAL000011765
Department of Health,NHS Walsall CCG,7/31/2018,C&M-GMS Cost of Drugs -Prescribing,LOCAL ENHANCED SERVICES,NORTHGATE PRACTICE,23107534,"2,974.85 ",,WAL000011769
Department of Health,NHS Walsall CCG,7/31/2018,C&M-GMS Global Sum,PRC DELEGATED CO-COMMISSIONING,NORTHGATE PRACTICE,23107534,"76,763.95 ",,WAL000011769
Department of Health,NHS Walsall CCG,7/31/2018,C&M-GMS Prem Notional Rent,PRC DELEGATED CO-COMMISSIONING,NORTHGATE PRACTICE,23107534,"12,641.00 ",,WAL000011769
Department of Health,NHS Walsall CCG,7/31/2018,C&M-GMS Prof Fees Prescribing,PRC DELEGATED CO-COMMISSIONING,NORTHGATE PRACTICE,23107534,621.00 ,,WAL000011769
Department of Health,NHS Walsall CCG,7/31/2018,C&M-GMS QOF Aspiration,PRC DELEGATED CO-COMMISSIONING,NORTHGATE PRACTICE,23107534,"10,923.65 ",,WAL000011769
Department of Health,NHS Walsall CCG,7/31/2018,C&M-GMS Cost of Drugs -Prescribing,LOCAL ENHANCED SERVICES,PORTLAND MEDICAL PRACTICE,23107536,"3,870.89 ",,WAL000011773
Department of Health,NHS Walsall CCG,7/31/2018,C&M-GMS Global Sum,PRC DELEGATED CO-COMMISSIONING,PORTLAND MEDICAL PRACTICE,23107536,"65,643.59 ",,WAL000011773
Department of Health,NHS Walsall CCG,7/31/2018,C&M-GMS PCO Other,PRC DELEGATED CO-COMMISSIONING,PORTLAND MEDICAL PRACTICE,23107536,"5,634.00 ",,WAL000011773
Department of Health,NHS Walsall CCG,7/31/2018,C&M-GMS Prem Notional Rent,PRC DELEGATED CO-COMMISSIONING,PORTLAND MEDICAL PRACTICE,23107536,"10,651.20 ",,WAL000011773
Department of Health,NHS Walsall CCG,7/31/2018,C&M-GMS Prof Fees Prescribing,PRC DELEGATED CO-COMMISSIONING,PORTLAND MEDICAL PRACTICE,23107536,303.60 ,,WAL000011773
Department of Health,NHS Walsall CCG,7/31/2018,C&M-GMS QOF Aspiration,PRC DELEGATED CO-COMMISSIONING,PORTLAND MEDICAL PRACTICE,23107536,"7,846.60 ",,WAL000011773
Department of Health,NHS Walsall CCG,7/31/2018,C&M-GMS Cost of Drugs -Prescribing,LOCAL ENHANCED SERVICES,RUSHALL MEDICAL CENTRE,23107538,"5,235.90 ",,WAL000011775
Department of Health,NHS Walsall CCG,7/31/2018,C&M-GMS Global Sum,PRC DELEGATED CO-COMMISSIONING,RUSHALL MEDICAL CENTRE,23107538,"106,452.41 ",,WAL000011775
Department of Health,NHS Walsall CCG,7/31/2018,C&M-GMS MPIG Correction Factor,PRC DELEGATED CO-COMMISSIONING,RUSHALL MEDICAL CENTRE,23107538,340.58 ,,WAL000011775
Department of Health,NHS Walsall CCG,7/31/2018,C&M-GMS PCO Other,PRC DELEGATED CO-COMMISSIONING,RUSHALL MEDICAL CENTRE,23107538,"3,524.00 ",,WAL000011775
Department of Health,NHS Walsall CCG,7/31/2018,C&M-GMS Prem Notional Rent,PRC DELEGATED CO-COMMISSIONING,RUSHALL MEDICAL CENTRE,23107538,"13,556.09 ",,WAL000011775
Department of Health,NHS Walsall CCG,7/31/2018,C&M-GMS Prof Fees Prescribing,PRC DELEGATED CO-COMMISSIONING,RUSHALL MEDICAL CENTRE,23107538,940.70 ,,WAL000011775
Department of Health,NHS Walsall CCG,7/31/2018,C&M-GMS QOF Aspiration,PRC DELEGATED CO-COMMISSIONING,RUSHALL MEDICAL CENTRE,23107538,"14,940.38 ",,WAL000011775
Department of Health,NHS Walsall CCG,7/31/2018,C&M-GMS Cost of Drugs -Prescribing,LOCAL ENHANCED SERVICES,S F ALI,23107540,312.48 ,,WAL000011777
Department of Health,NHS Walsall CCG,7/31/2018,C&M-GMS Global Sum,PRC DELEGATED CO-COMMISSIONING,S F ALI,23107540,"29,756.06 ",,WAL000011777
Department of Health,NHS Walsall CCG,7/31/2018,C&M-GMS PCO Other,PRC DELEGATED CO-COMMISSIONING,S F ALI,23107540,"2,889.00 ",,WAL000011777
Department of Health,NHS Walsall CCG,7/31/2018,C&M-GMS Prem Notional Rent,PRC DELEGATED CO-COMMISSIONING,S F ALI,23107540,"2,241.75 ",,WAL000011777
Department of Health,NHS Walsall CCG,7/31/2018,C&M-GMS Prof Fees Prescribing,PRC DELEGATED CO-COMMISSIONING,S F ALI,23107540,131.10 ,,WAL000011777
Department of Health,NHS Walsall CCG,7/31/2018,C&M-GMS QOF Aspiration,PRC DELEGATED CO-COMMISSIONING,S F ALI,23107540,"3,604.12 ",,WAL000011777
Department of Health,NHS Walsall CCG,7/31/2018,C&M-GMS Global Sum,PRC DELEGATED CO-COMMISSIONING,SINHA RISCHIE & SINHA,23107542,"54,518.88 ",,WAL000011779
Department of Health,NHS Walsall CCG,7/31/2018,C&M-GMS MPIG Correction Factor,PRC DELEGATED CO-COMMISSIONING,SINHA RISCHIE & SINHA,23107542,363.89 ,,WAL000011779
Department of Health,NHS Walsall CCG,7/31/2018,C&M-GMS Prem Actual Rent,PRC DELEGATED CO-COMMISSIONING,SINHA RISCHIE & SINHA,23107542,"12,800.00 ",,WAL000011779
Department of Health,NHS Walsall CCG,7/31/2018,C&M-GMS QOF Aspiration,PRC DELEGATED CO-COMMISSIONING,SINHA RISCHIE & SINHA,23107542,"6,560.67 ",,WAL000011779
Department of Health,NHS Walsall CCG,7/31/2018,C&M-GMS Global Sum,PRC DELEGATED CO-COMMISSIONING,THORNETT,23107544,"22,806.03 ",,WAL000011781
Department of Health,NHS Walsall CCG,7/31/2018,C&M-GMS PCO Other,PRC DELEGATED CO-COMMISSIONING,THORNETT,23107544,"2,609.00 ",,WAL000011781
Department of Health,NHS Walsall CCG,7/31/2018,C&M-GMS QOF Aspiration,PRC DELEGATED CO-COMMISSIONING,THORNETT,23107544,"2,854.92 ",,WAL000011781
Department of Health,NHS Walsall CCG,7/31/2018,C&M-GMS Cost of Drugs -Prescribing,LOCAL ENHANCED SERVICES,VITARANA,23107547,322.15 ,,WAL000011785
Department of Health,NHS Walsall CCG,7/31/2018,C&M-GMS Global Sum,PRC DELEGATED CO-COMMISSIONING,VITARANA,23107547,"22,471.37 ",,WAL000011785
Department of Health,NHS Walsall CCG,7/31/2018,C&M-GMS Prem Cost Rent,PRC DELEGATED CO-COMMISSIONING,VITARANA,23107547,"5,981.33 ",,WAL000011785
Department of Health,NHS Walsall CCG,7/31/2018,C&M-GMS Prof Fees Prescribing,PRC DELEGATED CO-COMMISSIONING,VITARANA,23107547,216.20 ,,WAL000011785
Department of Health,NHS Walsall CCG,7/31/2018,C&M-GMS QOF Aspiration,PRC DELEGATED CO-COMMISSIONING,VITARANA,23107547,"1,730.29 ",,WAL000011785
Department of Health,NHS Walsall CCG,7/31/2018,C&M-PMS Contract Value,PRC DELEGATED CO-COMMISSIONING,WHARF PRACTICE GPS,23107549,"46,240.09 ",,WAL000011787
Department of Health,NHS Walsall CCG,7/31/2018,C&M-PMS Cost of Drugs -Prescribing,LOCAL ENHANCED SERVICES,WHARF PRACTICE GPS,23107549,209.44 ,,WAL000011787
Department of Health,NHS Walsall CCG,7/31/2018,C&M-PMS Prof fees Prescribing,PRC DELEGATED CO-COMMISSIONING,WHARF PRACTICE GPS,23107549,64.40 ,,WAL000011787
Department of Health,NHS Walsall CCG,7/31/2018,C&M-PMS QOF Aspiration,PRC DELEGATED CO-COMMISSIONING,WHARF PRACTICE GPS,23107549,"1,764.59 ",,WAL000011787
Department of Health,NHS Walsall CCG,7/31/2018,C&M-GMS Cost of Drugs -Prescribing,LOCAL ENHANCED SERVICES,LOCKFIELD SURGERY & RAYNOR ROAD SURGERY,23107551,"2,326.15 ",,WAL000011789
Department of Health,NHS Walsall CCG,7/31/2018,C&M-GMS Global Sum,PRC DELEGATED CO-COMMISSIONING,LOCKFIELD SURGERY & RAYNOR ROAD SURGERY,23107551,"75,767.63 ",,WAL000011789
Department of Health,NHS Walsall CCG,7/31/2018,C&M-GMS Prem Actual Rent,PRC DELEGATED CO-COMMISSIONING,LOCKFIELD SURGERY & RAYNOR ROAD SURGERY,23107551,"14,727.25 ",,WAL000011789
Department of Health,NHS Walsall CCG,7/31/2018,C&M-GMS Prof Fees Prescribing,PRC DELEGATED CO-COMMISSIONING,LOCKFIELD SURGERY & RAYNOR ROAD SURGERY,23107551,899.30 ,,WAL000011789
Department of Health,NHS Walsall CCG,7/31/2018,C&M-GMS QOF Aspiration,PRC DELEGATED CO-COMMISSIONING,LOCKFIELD SURGERY & RAYNOR ROAD SURGERY,23107551,"8,830.63 ",,WAL000011789
Department of Health,NHS Walsall CCG,7/31/2018,C&M-PMS Contract Value,PRC DELEGATED CO-COMMISSIONING,SAI MEDICAL CENTRE,23107553,"36,656.16 ",,WAL000011793
Department of Health,NHS Walsall CCG,7/31/2018,C&M-PMS Cost of Drugs -Prescribing,LOCAL ENHANCED SERVICES,SAI MEDICAL CENTRE,23107553,128.81 ,,WAL000011793
Department of Health,NHS Walsall CCG,7/31/2018,C&M-PMS Prof fees Prescribing,PRC DELEGATED CO-COMMISSIONING,SAI MEDICAL CENTRE,23107553,66.70 ,,WAL000011793
Department of Health,NHS Walsall CCG,7/31/2018,C&M-PMS QOF Aspiration,PRC DELEGATED CO-COMMISSIONING,SAI MEDICAL CENTRE,23107553,"2,336.31 ",,WAL000011793
Department of Health,NHS Walsall CCG,7/31/2018,C&M-GMS Global Sum,PRC DELEGATED CO-COMMISSIONING,TPG THE MANOR MEDICAL PRACTICE,23107561,"18,363.11 ",,WAL000011803
Department of Health,NHS Walsall CCG,7/31/2018,C&M-GMS LES Caretaking Payments,PRC DELEGATED CO-COMMISSIONING,TPG THE MANOR MEDICAL PRACTICE,23107561,"10,000.00 ",,WAL000011803
Department of Health,NHS Walsall CCG,7/31/2018,C&M-GMS MPIG Correction Factor,PRC DELEGATED CO-COMMISSIONING,TPG THE MANOR MEDICAL PRACTICE,23107561,408.33 ,,WAL000011803
Department of Health,NHS Walsall CCG,7/31/2018,C&M-GMS Cost of Drugs -Prescribing,LOCAL ENHANCED SERVICES,PALFREY HEALTH CENTRE,23107563,355.90 ,,WAL000011805
Department of Health,NHS Walsall CCG,7/31/2018,C&M-GMS Global Sum,PRC DELEGATED CO-COMMISSIONING,PALFREY HEALTH CENTRE,23107563,"28,562.76 ",,WAL000011805
Department of Health,NHS Walsall CCG,7/31/2018,C&M-GMS MPIG Correction Factor,PRC DELEGATED CO-COMMISSIONING,PALFREY HEALTH CENTRE,23107563,996.56 ,,WAL000011805
Department of Health,NHS Walsall CCG,7/31/2018,C&M-GMS Prem Actual Rent,PRC DELEGATED CO-COMMISSIONING,PALFREY HEALTH CENTRE,23107563,"2,924.42 ",,WAL000011805
Department of Health,NHS Walsall CCG,7/31/2018,C&M-GMS Prem Rates,PRC DELEGATED CO-COMMISSIONING,PALFREY HEALTH CENTRE,23107563,"2,650.00 ",,WAL000011805
Department of Health,NHS Walsall CCG,7/31/2018,C&M-GMS Prem Water Rates,PRC DELEGATED CO-COMMISSIONING,PALFREY HEALTH CENTRE,23107563,"2,865.57 ",,WAL000011805
Department of Health,NHS Walsall CCG,7/31/2018,C&M-GMS Prof Fees Prescribing,PRC DELEGATED CO-COMMISSIONING,PALFREY HEALTH CENTRE,23107563,39.10 ,,WAL000011805
Department of Health,NHS Walsall CCG,7/31/2018,C&M-GMS QOF Aspiration,PRC DELEGATED CO-COMMISSIONING,PALFREY HEALTH CENTRE,23107563,"2,730.75 ",,WAL000011805
Department of Health,NHS Walsall CCG,7/31/2018,Clinical&Medical-Independent Sector,NCAS/OATS,SPIRE HEALTHCARE LTD,23117063,"(174,586.49)",915970991,05YLASREC181902
Department of Health,NHS Walsall CCG,7/31/2018,C&M-PMS Contract Value,PRC DELEGATED CO-COMMISSIONING,APMS HARDEN,23125055,"(19,367.75)",,WAL000011698
Department of Health,NHS Walsall CCG,7/31/2018,C&M-PMS GP Statutory Levy,PRC DELEGATED CO-COMMISSIONING,APMS HARDEN,23125055,(80.88),,WAL000011698
Department of Health,NHS Walsall CCG,7/31/2018,C&M-PMS Voluntary Levy,PRC DELEGATED CO-COMMISSIONING,APMS HARDEN,23125055,(1.75),,WAL000011698
Department of Health,NHS Walsall CCG,7/31/2018,ME - PMS GP Prior Year ERs,PRC DELEGATED CO-COMMISSIONING,APMS HARDEN,23125055,"(1,151.56)",,WAL000011698
Department of Health,NHS Walsall CCG,7/31/2018,ME-PMS GP Pension EEs Adjs - PMS,PRC DELEGATED CO-COMMISSIONING,APMS HARDEN,23125055,"(3,483.51)",,WAL000011698
Department of Health,NHS Walsall CCG,7/31/2018,ME-PMS GP Pension EEs-PMS,PRC DELEGATED CO-COMMISSIONING,APMS HARDEN,23125055,"(1,787.68)",,WAL000011698
Department of Health,NHS Walsall CCG,7/31/2018,ME-PMS GP Pension ERs Adjs - PMS,PRC DELEGATED CO-COMMISSIONING,APMS HARDEN,23125055,"(5,383.31)",,WAL000011698
Department of Health,NHS Walsall CCG,7/31/2018,ME-PMS GP Prior Year EEs,PRC DELEGATED CO-COMMISSIONING,APMS HARDEN,23125055,"(1,161.17)",,WAL000011698
Department of Health,NHS Walsall CCG,7/31/2018,C&M-GMS DES Minor Surgery,PRC DELEGATED CO-COMMISSIONING,AS GILL & P CHEEMA,23125056,696.64 ,,WAL000011701
Department of Health,NHS Walsall CCG,7/31/2018,C&M-GMS Global Sum,PRC DELEGATED CO-COMMISSIONING,AS GILL & P CHEEMA,23125056,"70,894.28 ",,WAL000011701
Department of Health,NHS Walsall CCG,7/31/2018,C&M-GMS QOF Aspiration,PRC DELEGATED CO-COMMISSIONING,AS GILL & P CHEEMA,23125056,"7,673.81 ",,WAL000011701
Department of Health,NHS Walsall CCG,7/31/2018,C&M-APMS PCO Other,PRC DELEGATED CO-COMMISSIONING,CA STEDALL,23125057,"3,087.00 ",,WAL000011703
Department of Health,NHS Walsall CCG,7/31/2018,C&M-PMS Contract Value,PRC DELEGATED CO-COMMISSIONING,CA STEDALL,23125057,"50,043.28 ",,WAL000011703
Department of Health,NHS Walsall CCG,7/31/2018,C&M-PMS Cost of Drugs -Prescribing,LOCAL ENHANCED SERVICES,CA STEDALL,23125057,241.91 ,,WAL000011703
Department of Health,NHS Walsall CCG,7/31/2018,C&M-PMS Prem Actual Rent,PRC DELEGATED CO-COMMISSIONING,CA STEDALL,23125057,"8,311.67 ",,WAL000011703
Department of Health,NHS Walsall CCG,7/31/2018,C&M-PMS Prem Notional Rent,PRC DELEGATED CO-COMMISSIONING,CA STEDALL,23125057,"1,333.33 ",,WAL000011703
Department of Health,NHS Walsall CCG,7/31/2018,C&M-PMS Prof fees Prescribing,PRC DELEGATED CO-COMMISSIONING,CA STEDALL,23125057,75.90 ,,WAL000011703
Department of Health,NHS Walsall CCG,7/31/2018,C&M-PMS QOF Aspiration,PRC DELEGATED CO-COMMISSIONING,CA STEDALL,23125057,"3,685.48 ",,WAL000011703
Department of Health,NHS Walsall CCG,7/31/2018,C&M-GMS Cost of Drugs -Prescribing,LOCAL ENHANCED SERVICES,CONOD & PARTNERS,23125058,"1,701.30 ",,WAL000011705
Department of Health,NHS Walsall CCG,7/31/2018,C&M-GMS Global Sum,PRC DELEGATED CO-COMMISSIONING,CONOD & PARTNERS,23125058,"54,320.19 ",,WAL000011705
Department of Health,NHS Walsall CCG,7/31/2018,C&M-GMS PCO Other,PRC DELEGATED CO-COMMISSIONING,CONOD & PARTNERS,23125058,"4,519.00 ",,WAL000011705
Department of Health,NHS Walsall CCG,7/31/2018,C&M-GMS Prem Actual Rent,PRC DELEGATED CO-COMMISSIONING,CONOD & PARTNERS,23125058,"4,013.05 ",,WAL000011705
Department of Health,NHS Walsall CCG,7/31/2018,C&M-GMS Prof Fees Prescribing,PRC DELEGATED CO-COMMISSIONING,CONOD & PARTNERS,23125058,216.20 ,,WAL000011705
Department of Health,NHS Walsall CCG,7/31/2018,C&M-GMS QOF Aspiration,PRC DELEGATED CO-COMMISSIONING,CONOD & PARTNERS,23125058,"5,049.70 ",,WAL000011705
Department of Health,NHS Walsall CCG,7/31/2018,ME-GMS GP Pension EEs Adjustments,PRC DELEGATED CO-COMMISSIONING,CONOD & PARTNERS,23125058,"1,914.39 ",,WAL000011705
Department of Health,NHS Walsall CCG,7/31/2018,ME-GMS GP Pension ERs Adjustments,PRC DELEGATED CO-COMMISSIONING,CONOD & PARTNERS,23125058,"2,202.30 ",,WAL000011705
Department of Health,NHS Walsall CCG,7/31/2018,C&M-GMS Cost of Drugs -Prescribing,LOCAL ENHANCED SERVICES,DRS GHAFFAR & ASGHAR,23125059,"1,409.33 ",,WAL000011743
Department of Health,NHS Walsall CCG,7/31/2018,C&M-GMS Global Sum,PRC DELEGATED CO-COMMISSIONING,DRS GHAFFAR & ASGHAR,23125059,"71,534.34 ",,WAL000011743
Department of Health,NHS Walsall CCG,7/31/2018,C&M-GMS Prof Fees Prescribing,PRC DELEGATED CO-COMMISSIONING,DRS GHAFFAR & ASGHAR,23125059,347.30 ,,WAL000011743
Department of Health,NHS Walsall CCG,7/31/2018,C&M-GMS QOF Aspiration,PRC DELEGATED CO-COMMISSIONING,DRS GHAFFAR & ASGHAR,23125059,"7,874.45 ",,WAL000011743
Department of Health,NHS Walsall CCG,7/31/2018,ME - GMS GP Prior Year ERs,PRC DELEGATED CO-COMMISSIONING,DRS GHAFFAR & ASGHAR,23125059,"1,002.97 ",,WAL000011743
Department of Health,NHS Walsall CCG,7/31/2018,ME-GMS GP Pension EEs Adjustments,PRC DELEGATED CO-COMMISSIONING,DRS GHAFFAR & ASGHAR,23125059,"2,322.34 ",,WAL000011743
Department of Health,NHS Walsall CCG,7/31/2018,ME-GMS GP Pension ERs Adjustments,PRC DELEGATED CO-COMMISSIONING,DRS GHAFFAR & ASGHAR,23125059,"2,303.12 ",,WAL000011743
Department of Health,NHS Walsall CCG,7/31/2018,ME-GMS GP Prior Year EEs,PRC DELEGATED CO-COMMISSIONING,DRS GHAFFAR & ASGHAR,23125059,"1,011.34 ",,WAL000011743
Department of Health,NHS Walsall CCG,7/31/2018,C&M-APMS PCO Other,PRC DELEGATED CO-COMMISSIONING,HOLLAND PARK SURGERY WALSALL,23125060,"2,874.00 ",,WAL000011747
Department of Health,NHS Walsall CCG,7/31/2018,C&M-PMS Contract Value,PRC DELEGATED CO-COMMISSIONING,HOLLAND PARK SURGERY WALSALL,23125060,"34,351.99 ",,WAL000011747
Department of Health,NHS Walsall CCG,7/31/2018,C&M-PMS Cost of Drugs -Prescribing,LOCAL ENHANCED SERVICES,HOLLAND PARK SURGERY WALSALL,23125060,263.15 ,,WAL000011747
Department of Health,NHS Walsall CCG,7/31/2018,C&M-PMS Prof fees Prescribing,PRC DELEGATED CO-COMMISSIONING,HOLLAND PARK SURGERY WALSALL,23125060,82.80 ,,WAL000011747
Department of Health,NHS Walsall CCG,7/31/2018,C&M-PMS QOF Aspiration,PRC DELEGATED CO-COMMISSIONING,HOLLAND PARK SURGERY WALSALL,23125060,"3,673.60 ",,WAL000011747
Department of Health,NHS Walsall CCG,7/31/2018,C&M-PMS Contract Value,PRC DELEGATED CO-COMMISSIONING,VILLAGE PRACTICE GPS,23125062,"75,431.58 ",,WAL000011783
Department of Health,NHS Walsall CCG,7/31/2018,C&M-PMS Cost of Drugs -Prescribing,LOCAL ENHANCED SERVICES,VILLAGE PRACTICE GPS,23125062,274.57 ,,WAL000011783
Department of Health,NHS Walsall CCG,7/31/2018,C&M-PMS PCO Locum Sickness,PRC DELEGATED CO-COMMISSIONING,VILLAGE PRACTICE GPS,23125062,"17,257.46 ",,WAL000011783
Department of Health,NHS Walsall CCG,7/31/2018,C&M-PMS Prof fees Prescribing,PRC DELEGATED CO-COMMISSIONING,VILLAGE PRACTICE GPS,23125062,140.30 ,,WAL000011783
Department of Health,NHS Walsall CCG,7/31/2018,C&M-PMS QOF Aspiration,PRC DELEGATED CO-COMMISSIONING,VILLAGE PRACTICE GPS,23125062,"5,475.60 ",,WAL000011783
Department of Health,NHS Walsall CCG,7/31/2018,Non-PFI Oprtng Lease-Bldgs-Lease Rent,ESTATES AND FACILITIES,NHS PROPERTY SERVICES LTD,23151433,"74,415.02 ",156725100,H73883
Department of Health,NHS Walsall CCG,7/31/2018,Non-PFI Oprtng Lease-Bldgs-Lease Rent,RECHARGES NHS PROPERTY SERVICES LTD,NHS PROPERTY SERVICES LTD,23151433,"28,795.82 ",156725100,H73883
Department of Health,NHS Walsall CCG,7/31/2018,Hcare Srv Rec NHS Trust-Contract Baseline,ACUTE COMMISSIONING,WALSALL HEALTHCARE NHS TRUST,23153977,"1,000,000.00 ",654948981,GK18190017
Department of Health,NHS Walsall CCG,7/31/2018,Hcare Srv Rec Fdtn Trust-Contract Baseline,LEARNING DIFFICULTIES,BLACK COUNTRY PARTNERSHIP NHS FOUNDATION TRUST,23217467,"155,632.67 ",,LG18190025
Department of Health,NHS Walsall CCG,7/31/2018,Hcare Srv Rec Fdtn Trust-Contract Baseline,MENTAL HEALTH CONTRACTS,BLACK COUNTRY PARTNERSHIP NHS FOUNDATION TRUST,23217470,"30,918.00 ",,LG18190026
Department of Health,NHS Walsall CCG,7/31/2018,Clinical&Medical-Othe Public Sector,COMMISSIONING RESERVE,WALSALL METROPOLITAN BOROUGH COUNCIL,23217472,"1,548,897.00 ",,LG18190027
Department of Health,NHS Walsall CCG,7/31/2018,Hcare Srv Rec NHS Trust-Contract Baseline,MENTAL HEALTH CONTRACTS,DUDLEY AND WALSALL MENTAL HEALTH PARTNERSHIP NHS TRUST,23217475,"2,318,513.92 ",654439224,LG18190028
Department of Health,NHS Walsall CCG,7/31/2018,Clinical&Medical-Independent Sector,COMMISSIONING SCHEMES,PRIMECARE,23217477,"97,529.00 ",228949560,LG18190029
Department of Health,NHS Walsall CCG,7/31/2018,Clinical&Medical-Independent Sector,OUT OF HOURS,PRIMECARE,23217477,"143,659.00 ",228949560,LG18190029
Department of Health,NHS Walsall CCG,7/31/2018,Clinical&Medical-Independent Sector,URGENT CARE,PRIMECARE,23217477,"78,577.00 ",228949560,LG18190029
Department of Health,NHS Walsall CCG,7/31/2018,Clinical&Medical-Voluntary Sector,HOSPICES,ST GILES HOSPICE,23217482,"56,031.00 ",486883086,LG18190030
Department of Health,NHS Walsall CCG,7/31/2018,C&M-GMS LES Referral Management,LOCAL ENHANCED SERVICES,WALSALL ALLIANCE LTD,23217612,"27,829.75 ",,JS18190353
Department of Health,NHS Walsall CCG,7/31/2018,Hcare Srv Rec NHS Trust-Contract Baseline,ACUTE COMMISSIONING,WALSALL HEALTHCARE NHS TRUST,23231632,"12,989,001.00 ",654948981,GK18190020
Department of Health,NHS Walsall CCG,7/31/2018,FM Computer Contracts,PRIMARY CARE IT,WALSALL HEALTHCARE NHS TRUST,23231633,"66,667.00 ",654948981,GK18190021
