"A3131 - Expenditure Over �25,000 - OCTOBER 2018",,,,,,,,,
,,,,,,,,,
,,,,,,,,,
,,,,,,,,,
Time run: 01/10/2018 11:24:03,,,,,,,,,
,,,,,,,,,
Department family,Entity,Date,Expense Type,Expense area,Supplier,Transaction number,AP Amount (�),VAT registration number,Purchase invoice number
Department of Health,NHS Walsall CCG,10/31/2018,Cont Care- Palliative Care,CHC ADULT FULLY FUNDED,WALSALL METROPOLITAN BOROUGH COUNCIL,24092417,"53,314.73 ",,700127
Department of Health,NHS Walsall CCG,10/31/2018,Cont Care- Prior Year Payments,CHC ADULT FULLY FUNDED,WALSALL METROPOLITAN BOROUGH COUNCIL,24092417,41.24 ,,700127
Department of Health,NHS Walsall CCG,10/31/2018,Cont Care-Adult Mental Health (65+),CHC ADULT FULLY FUNDED,WALSALL METROPOLITAN BOROUGH COUNCIL,24092417,"8,525.01 ",,700127
Department of Health,NHS Walsall CCG,10/31/2018,Cont Care-Adult Physical Disab (65+),CHC ADULT FULLY FUNDED,WALSALL METROPOLITAN BOROUGH COUNCIL,24092417,"97,726.59 ",,700127
Department of Health,NHS Walsall CCG,10/31/2018,Cont Care-Adult Physical Disab (<65),CHC ADULT FULLY FUNDED,WALSALL METROPOLITAN BOROUGH COUNCIL,24092417,"83,691.12 ",,700127
Department of Health,NHS Walsall CCG,10/31/2018,Cont Care-Adult Physical Disab (<65),CHC ADULT JOINT FUNDED,WALSALL METROPOLITAN BOROUGH COUNCIL,24092417,244.47 ,,700127
Department of Health,NHS Walsall CCG,10/31/2018,Clinical&Medical-Voluntary Sector,PALLIATIVE CARE,MARIE CURIE,24092441,"37,500.00 ",626722537,005881
Department of Health,NHS Walsall CCG,10/31/2018,Office Equipment Hire,CORPORATE COSTS & SERVICES,APOGEE CORPORATION LTD,24092458,"31,991.65 ",135564509,920960
Department of Health,NHS Walsall CCG,10/31/2018,Hcare Srv Rec Fdtn Trust-Contract Baseline,ACUTE COMMISSIONING,DUDLEY GROUP HOSPITALS NHS FOUNDATION TRUST,24119094,"203,105.37 ",654919109,1000030636
Department of Health,NHS Walsall CCG,10/31/2018,Hcare Srv Rec Fdtn Trust-Contract Baseline,ACUTE COMMISSIONING,UNIVERSITY HOSPITALS BIRMINGHAM NHS FOUNDATION TRUST,24119364,"573,710.00 ",GB654912816,OHA003630
Department of Health,NHS Walsall CCG,10/31/2018,Clinical&Medical-Othe Public Sector,COMMISSIONING RESERVE,WALSALL METROPOLITAN BOROUGH COUNCIL,24122661,"571,060.00 ",,GK18190025
Department of Health,NHS Walsall CCG,10/31/2018,Hcare Srv Rec Fdtn Trust-Contract Baseline,ACUTE COMMISSIONING,UNIVERSITY HOSPITALS BIRMINGHAM NHS FOUNDATION TRUST,24143759,"424,098.00 ",GB654912816,OPU020514
Department of Health,NHS Walsall CCG,10/31/2018,Hcare Srv Rec Fdtn Trust-Prior Year,ACUTE COMMISSIONING,ROYAL ORTHOPAEDIC HOSPITAL NHS FOUNDATION TRUST,24143791,"(74,273.00)",654965296,0000804450
Department of Health,NHS Walsall CCG,10/31/2018,C&M-GP PRACTICE REVENUE - PCTF,GP FORWARD VIEW,WALDOC LTD,24164020,"99,690.00 ",,JS18190405
Department of Health,NHS Walsall CCG,10/31/2018,C&M-GMS LES Ultrasound,LOCAL ENHANCED SERVICES,MEDISCAN DIAGNOSTIC SERVICES LTD,24165198,"26,046.00 ",,INV003155
Department of Health,NHS Walsall CCG,10/31/2018,Hcare Srv Rec Fdtn Trust-Over/ Under Performance,AMBULANCE SERVICES,WEST MIDLANDS AMBULANCE SERVICE NHS FOUNDATION TRUST,24196182,"35,547.00 ",GB654950708,B0001685
Department of Health,NHS Walsall CCG,10/31/2018,Hcare Srv Rec NHS CCG-Contract Baseline,NHS 111,NHS SANDWELL AND WEST BIRMINGHAM CCG,24196200,"76,086.00 ",,7019502735
Department of Health,NHS Walsall CCG,10/31/2018,Hcare Srv Rec Fdtn Trust-Contract Baseline,ACUTE COMMISSIONING,BURTON HOSPITALS NHS FOUNDATION TRUST,24196273,"30,687.00 ",654914124,800004754
Department of Health,NHS Walsall CCG,10/31/2018,Hcare Srv Rec Fdtn Trust-Contract Baseline,COMMUNITY SERVICES,BURTON HOSPITALS NHS FOUNDATION TRUST,24196273,"26,907.00 ",654914124,800004754
Department of Health,NHS Walsall CCG,10/31/2018,Hcare Srv Rec Fdtn Trust-Contract Baseline,ACUTE COMMISSIONING,BHAM WOMENS & CHILDRENS NHS FT,24196278,"140,649.50 ",GB654964300,15705790
Department of Health,NHS Walsall CCG,10/31/2018,Hcare Srv Rec Fdtn Trust-Contract Baseline,ACUTE COMMISSIONING,ROYAL ORTHOPAEDIC HOSPITAL NHS FOUNDATION TRUST,24196447,"171,030.97 ",654965296,0000047210
Department of Health,NHS Walsall CCG,10/31/2018,Hcare Srv Rec NHS Trust-Contract Baseline,ACUTE COMMISSIONING,ROYAL WOLVERHAMPTON HOSPITALS NHS TRUST (THE),24196459,"2,500,149.00 ",654947886,0000221841
Department of Health,NHS Walsall CCG,10/31/2018,Cont Care-Funded Nursing Care Allow,FUNDED NURSING CARE,RICHMOND HALL CARE HOME,24217329,"26,390.04 ",,QA00001283
Department of Health,NHS Walsall CCG,10/31/2018,Cont Care-Funded Nursing Care Allow,FUNDED NURSING CARE,ADVINIA HEALTH CARE LTD,24217344,"35,721.42 ",,QA00001293
Department of Health,NHS Walsall CCG,10/31/2018,Clinical&Medical-Independent Sector,NCAS/OATS,SPIRE HEALTHCARE LTD,24226318,"284,309.00 ",915970991,05YLASPF181907
Department of Health,NHS Walsall CCG,10/31/2018,Non-PFI Oprtng Lease-Bldgs-Lease Rent,RECHARGES NHS PROPERTY SERVICES LTD,COMMUNITY HEALTH PARTNERSHIPS LTD,24226343,"91,008.38 ",GB782562113,0060083343
Department of Health,NHS Walsall CCG,10/31/2018,Charges from CSU,CORPORATE COSTS & SERVICES,NHS MIDLANDS AND LANCASHIRE CSU,24226368,"28,348.58 ",GB 654442045,7312311448
Department of Health,NHS Walsall CCG,10/31/2018,Hcare Srv Rec NHS Trust-Contract Baseline,COMMUNITY SERVICES,ROYAL WOLVERHAMPTON HOSPITALS NHS TRUST (THE),24226385,"109,658.00 ",654947886,0000221846
Department of Health,NHS Walsall CCG,10/31/2018,Clinical&Medical-Independent Sector,MENTAL HEALTH SERVICES - ADULTS,FOUR SEASONS HEALTH CARE LTD,24261813,"36,579.84 ",927365991,ASL02937
Department of Health,NHS Walsall CCG,10/31/2018,Clinical&Medical-Independent Sector,Learning Difficulties - S117,DIGNUS HEALTHCARE LTD,24261939,"25,769.86 ",,4936
Department of Health,NHS Walsall CCG,10/31/2018,Clinical&Medical-Othe Public Sector,COMMISSIONING RESERVE,WALSALL METROPOLITAN BOROUGH COUNCIL,24273317,"354,602.00 ",,LG18192044
Department of Health,NHS Walsall CCG,10/31/2018,Apprenticeship Levy Payable,BALANCE SHEET,HMRC,24276049,554.00 ,,120PF005761691906
Department of Health,NHS Walsall CCG,10/31/2018,Income tax <1Yr,BALANCE SHEET,HMRC,24276049,"59,154.20 ",,120PF005761691906
Department of Health,NHS Walsall CCG,10/31/2018,Income tax <1Yr-Student Loans,BALANCE SHEET,HMRC,24276049,599.00 ,,120PF005761691906
Department of Health,NHS Walsall CCG,10/31/2018,National Insurance < 1 yr-NI- ERS,BALANCE SHEET,HMRC,24276049,"39,128.07 ",,120PF005761691906
Department of Health,NHS Walsall CCG,10/31/2018,National Insurance < 1 yr-NI-EES,BALANCE SHEET,HMRC,24276049,"26,750.09 ",,120PF005761691906
Department of Health,NHS Walsall CCG,10/31/2018,Statutory Mat Pay < 1 yr,BALANCE SHEET,HMRC,24276049,(534.28),,120PF005761691906
Department of Health,NHS Walsall CCG,10/31/2018,Hcare Srv Rec Fdtn Trust-Contract Baseline,AMBULANCE SERVICES,WEST MIDLANDS AMBULANCE SERVICE NHS FOUNDATION TRUST,24279740,"853,253.98 ",GB654950708,A0003453
Department of Health,NHS Walsall CCG,10/31/2018,Hcare Srv Rec Fdtn Trust-Non Contract,AMBULANCE SERVICES,WEST MIDLANDS AMBULANCE SERVICE NHS FOUNDATION TRUST,24279740,"3,000.00 ",GB654950708,A0003453
Department of Health,NHS Walsall CCG,10/31/2018,Hcare Srv Rec Fdtn Trust-Contract Baseline,ACUTE COMMISSIONING,WEST MIDLANDS AMBULANCE SERVICE NHS FOUNDATION TRUST,24279748,"34,008.15 ",GB654950708,C0003613
Department of Health,NHS Walsall CCG,10/31/2018,Clinical&Medical-Voluntary Sector,LONG TERM CONDITIONS,WALSALL CARDIAC REHABILITATION TRUST,24321048,"64,550.00 ",,18416
Department of Health,NHS Walsall CCG,10/31/2018,Clinical&Medical-Independent Sector,NCAS/OATS,SPIRE HEALTHCARE LTD,24355306,"(117,125.35)",915970991,05YLASREC181905
Department of Health,NHS Walsall CCG,10/31/2018,C&M-GMS Cost of Drugs -Prescribing,LOCAL ENHANCED SERVICES,ASKEY & PARTNERS,24374032,"1,642.07 ",,WAL000012144
Department of Health,NHS Walsall CCG,10/31/2018,C&M-GMS Global Sum,PRC DELEGATED CO-COMMISSIONING,ASKEY & PARTNERS,24374032,"76,433.56 ",,WAL000012144
Department of Health,NHS Walsall CCG,10/31/2018,C&M-GMS Prem Actual Rent,PRC DELEGATED CO-COMMISSIONING,ASKEY & PARTNERS,24374032,"15,350.00 ",,WAL000012144
Department of Health,NHS Walsall CCG,10/31/2018,C&M-GMS Prof Fees Prescribing,PRC DELEGATED CO-COMMISSIONING,ASKEY & PARTNERS,24374032,437.00 ,,WAL000012144
Department of Health,NHS Walsall CCG,10/31/2018,C&M-GMS QOF Aspiration,PRC DELEGATED CO-COMMISSIONING,ASKEY & PARTNERS,24374032,"8,704.69 ",,WAL000012144
Department of Health,NHS Walsall CCG,10/31/2018,C&M-GMS Global Sum,PRC DELEGATED CO-COMMISSIONING,AS GILL & P CHEEMA,24374038,"76,583.62 ",,WAL000012148
Department of Health,NHS Walsall CCG,10/31/2018,C&M-GMS QOF Aspiration,PRC DELEGATED CO-COMMISSIONING,AS GILL & P CHEEMA,24374038,"7,673.81 ",,WAL000012148
Department of Health,NHS Walsall CCG,10/31/2018,C&M-PMS Contract Value,PRC DELEGATED CO-COMMISSIONING,CA STEDALL,24374040,"50,043.28 ",,WAL000012150
Department of Health,NHS Walsall CCG,10/31/2018,C&M-PMS Cost of Drugs -Prescribing,LOCAL ENHANCED SERVICES,CA STEDALL,24374040,319.01 ,,WAL000012150
Department of Health,NHS Walsall CCG,10/31/2018,C&M-PMS PCO Locum Adop/Pat/Mat,PRC DELEGATED CO-COMMISSIONING,CA STEDALL,24374040,"17,334.78 ",,WAL000012150
Department of Health,NHS Walsall CCG,10/31/2018,C&M-PMS Prem Actual Rent,PRC DELEGATED CO-COMMISSIONING,CA STEDALL,24374040,"8,311.67 ",,WAL000012150
Department of Health,NHS Walsall CCG,10/31/2018,C&M-PMS Prem Notional Rent,PRC DELEGATED CO-COMMISSIONING,CA STEDALL,24374040,"1,333.33 ",,WAL000012150
Department of Health,NHS Walsall CCG,10/31/2018,C&M-PMS Prof fees Prescribing,PRC DELEGATED CO-COMMISSIONING,CA STEDALL,24374040,138.00 ,,WAL000012150
Department of Health,NHS Walsall CCG,10/31/2018,C&M-PMS QOF Aspiration,PRC DELEGATED CO-COMMISSIONING,CA STEDALL,24374040,"3,685.48 ",,WAL000012150
Department of Health,NHS Walsall CCG,10/31/2018,C&M-GMS Cost of Drugs -Prescribing,LOCAL ENHANCED SERVICES,CONOD & PARTNERS,24374042,"2,175.03 ",,WAL000012152
Department of Health,NHS Walsall CCG,10/31/2018,C&M-GMS Global Sum,PRC DELEGATED CO-COMMISSIONING,CONOD & PARTNERS,24374042,"59,035.93 ",,WAL000012152
Department of Health,NHS Walsall CCG,10/31/2018,C&M-GMS Prem Actual Rent,PRC DELEGATED CO-COMMISSIONING,CONOD & PARTNERS,24374042,"2,535.00 ",,WAL000012152
Department of Health,NHS Walsall CCG,10/31/2018,C&M-GMS Prof Fees Prescribing,PRC DELEGATED CO-COMMISSIONING,CONOD & PARTNERS,24374042,154.10 ,,WAL000012152
Department of Health,NHS Walsall CCG,10/31/2018,C&M-GMS QOF Aspiration,PRC DELEGATED CO-COMMISSIONING,CONOD & PARTNERS,24374042,"5,049.70 ",,WAL000012152
Department of Health,NHS Walsall CCG,10/31/2018,C&M-GMS Cost of Drugs -Prescribing,LOCAL ENHANCED SERVICES,DE & GHOSH,24374044,80.74 ,,WAL000012154
Department of Health,NHS Walsall CCG,10/31/2018,C&M-GMS DES Minor Surgery,PRC DELEGATED CO-COMMISSIONING,DE & GHOSH,24374044,"2,655.94 ",,WAL000012154
Department of Health,NHS Walsall CCG,10/31/2018,C&M-GMS Global Sum,PRC DELEGATED CO-COMMISSIONING,DE & GHOSH,24374044,"21,328.56 ",,WAL000012154
Department of Health,NHS Walsall CCG,10/31/2018,C&M-GMS MPIG Correction Factor,PRC DELEGATED CO-COMMISSIONING,DE & GHOSH,24374044,612.96 ,,WAL000012154
Department of Health,NHS Walsall CCG,10/31/2018,C&M-GMS Prof Fees Prescribing,PRC DELEGATED CO-COMMISSIONING,DE & GHOSH,24374044,43.70 ,,WAL000012154
Department of Health,NHS Walsall CCG,10/31/2018,C&M-GMS QOF Aspiration,PRC DELEGATED CO-COMMISSIONING,DE & GHOSH,24374044,"1,886.23 ",,WAL000012154
Department of Health,NHS Walsall CCG,10/31/2018,C&M-GMS Global Sum,PRC DELEGATED CO-COMMISSIONING,DR A THOMAS,24374046,"38,109.39 ",,WAL000012156
Department of Health,NHS Walsall CCG,10/31/2018,C&M-GMS PCO Doctors Ret Scheme,PRC DELEGATED CO-COMMISSIONING,DR A THOMAS,24374046,"2,769.12 ",,WAL000012156
Department of Health,NHS Walsall CCG,10/31/2018,C&M-GMS Prem Actual Rent,PRC DELEGATED CO-COMMISSIONING,DR A THOMAS,24374046,"5,235.33 ",,WAL000012156
Department of Health,NHS Walsall CCG,10/31/2018,C&M-GMS QOF Aspiration,PRC DELEGATED CO-COMMISSIONING,DR A THOMAS,24374046,"3,546.89 ",,WAL000012156
Department of Health,NHS Walsall CCG,10/31/2018,C&M-GMS Global Sum,PRC DELEGATED CO-COMMISSIONING,DR A KHERA,24374048,"32,199.22 ",,WAL000012158
Department of Health,NHS Walsall CCG,10/31/2018,C&M-GMS Prem Notional Rent,PRC DELEGATED CO-COMMISSIONING,DR A KHERA,24374048,"2,186.92 ",,WAL000012158
Department of Health,NHS Walsall CCG,10/31/2018,C&M-GMS QOF Aspiration,PRC DELEGATED CO-COMMISSIONING,DR A KHERA,24374048,"2,459.22 ",,WAL000012158
Department of Health,NHS Walsall CCG,10/31/2018,C&M-GMS Cost of Drugs -Prescribing,LOCAL ENHANCED SERVICES,DR MAHMOOD,24374054,855.68 ,,WAL000012164
Department of Health,NHS Walsall CCG,10/31/2018,C&M-GMS Global Sum,PRC DELEGATED CO-COMMISSIONING,DR MAHMOOD,24374054,"26,196.97 ",,WAL000012164
Department of Health,NHS Walsall CCG,10/31/2018,C&M-GMS MPIG Correction Factor,PRC DELEGATED CO-COMMISSIONING,DR MAHMOOD,24374054,17.82 ,,WAL000012164
Department of Health,NHS Walsall CCG,10/31/2018,C&M-GMS Prem Cost Rent,PRC DELEGATED CO-COMMISSIONING,DR MAHMOOD,24374054,"2,547.17 ",,WAL000012164
Department of Health,NHS Walsall CCG,10/31/2018,C&M-GMS Prof Fees Prescribing,PRC DELEGATED CO-COMMISSIONING,DR MAHMOOD,24374054,216.20 ,,WAL000012164
Department of Health,NHS Walsall CCG,10/31/2018,C&M-GMS QOF Aspiration,PRC DELEGATED CO-COMMISSIONING,DR MAHMOOD,24374054,"2,378.14 ",,WAL000012164
Department of Health,NHS Walsall CCG,10/31/2018,C&M-GMS Cost of Drugs -Dispensing,LOCAL ENHANCED SERVICES,DR KUNDU & PAL,24374056,"5,292.49 ",,WAL000012166
Department of Health,NHS Walsall CCG,10/31/2018,C&M-GMS Global Sum,PRC DELEGATED CO-COMMISSIONING,DR KUNDU & PAL,24374056,"43,030.02 ",,WAL000012166
Department of Health,NHS Walsall CCG,10/31/2018,C&M-GMS Prem Cost Rent,PRC DELEGATED CO-COMMISSIONING,DR KUNDU & PAL,24374056,708.33 ,,WAL000012166
Department of Health,NHS Walsall CCG,10/31/2018,C&M-GMS Prem Notional Rent,PRC DELEGATED CO-COMMISSIONING,DR KUNDU & PAL,24374056,"2,396.53 ",,WAL000012166
Department of Health,NHS Walsall CCG,10/31/2018,C&M-GMS Prof Fees Dispensing,PRC DELEGATED CO-COMMISSIONING,DR KUNDU & PAL,24374056,"1,402.08 ",,WAL000012166
Department of Health,NHS Walsall CCG,10/31/2018,C&M-GMS PrscrptnChrgsColl&RmttdbyGP,LOCAL ENHANCED SERVICES,DR KUNDU & PAL,24374056,308.00 ,,WAL000012166
Department of Health,NHS Walsall CCG,10/31/2018,C&M-GMS QOF Aspiration,PRC DELEGATED CO-COMMISSIONING,DR KUNDU & PAL,24374056,"5,473.57 ",,WAL000012166
Department of Health,NHS Walsall CCG,10/31/2018,C&M-GMS Cost of Drugs -Prescribing,LOCAL ENHANCED SERVICES,DR N DEVASIA,24374058,38.35 ,,WAL000012168
Department of Health,NHS Walsall CCG,10/31/2018,C&M-GMS Global Sum,PRC DELEGATED CO-COMMISSIONING,DR N DEVASIA,24374058,"23,654.93 ",,WAL000012168
Department of Health,NHS Walsall CCG,10/31/2018,C&M-GMS Prof Fees Prescribing,PRC DELEGATED CO-COMMISSIONING,DR N DEVASIA,24374058,13.80 ,,WAL000012168
Department of Health,NHS Walsall CCG,10/31/2018,C&M-GMS QOF Aspiration,PRC DELEGATED CO-COMMISSIONING,DR N DEVASIA,24374058,"2,316.69 ",,WAL000012168
Department of Health,NHS Walsall CCG,10/31/2018,C&M-GMS Cost of Drugs -Prescribing,LOCAL ENHANCED SERVICES,DR R KUMAR WALSALL,24374062,389.96 ,,WAL000012172
Department of Health,NHS Walsall CCG,10/31/2018,C&M-GMS Global Sum,PRC DELEGATED CO-COMMISSIONING,DR R KUMAR WALSALL,24374062,"21,493.96 ",,WAL000012172
Department of Health,NHS Walsall CCG,10/31/2018,C&M-GMS MPIG Correction Factor,PRC DELEGATED CO-COMMISSIONING,DR R KUMAR WALSALL,24374062,566.06 ,,WAL000012172
Department of Health,NHS Walsall CCG,10/31/2018,C&M-GMS Prof Fees Prescribing,PRC DELEGATED CO-COMMISSIONING,DR R KUMAR WALSALL,24374062,27.60 ,,WAL000012172
Department of Health,NHS Walsall CCG,10/31/2018,C&M-GMS QOF Aspiration,PRC DELEGATED CO-COMMISSIONING,DR R KUMAR WALSALL,24374062,"2,754.34 ",,WAL000012172
Department of Health,NHS Walsall CCG,10/31/2018,C&M-GMS DES Minor Surgery,PRC DELEGATED CO-COMMISSIONING,DR SURI WALSALL,24374063,"2,917.18 ",,WAL000012174
Department of Health,NHS Walsall CCG,10/31/2018,C&M-GMS Global Sum,PRC DELEGATED CO-COMMISSIONING,DR SURI WALSALL,24374063,"38,316.74 ",,WAL000012174
Department of Health,NHS Walsall CCG,10/31/2018,C&M-GMS MPIG Correction Factor,PRC DELEGATED CO-COMMISSIONING,DR SURI WALSALL,24374063,503.36 ,,WAL000012174
Department of Health,NHS Walsall CCG,10/31/2018,C&M-GMS Prem Notional Rent,PRC DELEGATED CO-COMMISSIONING,DR SURI WALSALL,24374063,"3,916.67 ",,WAL000012174
Department of Health,NHS Walsall CCG,10/31/2018,C&M-GMS QOF Aspiration,PRC DELEGATED CO-COMMISSIONING,DR SURI WALSALL,24374063,"3,205.14 ",,WAL000012174
Department of Health,NHS Walsall CCG,10/31/2018,C&M-GMS Cost of Drugs -Prescribing,LOCAL ENHANCED SERVICES,DR SJ VAID,24374065,475.64 ,,WAL000012176
Department of Health,NHS Walsall CCG,10/31/2018,C&M-GMS Global Sum,PRC DELEGATED CO-COMMISSIONING,DR SJ VAID,24374065,"37,658.06 ",,WAL000012176
Department of Health,NHS Walsall CCG,10/31/2018,C&M-GMS Prof Fees Prescribing,PRC DELEGATED CO-COMMISSIONING,DR SJ VAID,24374065,50.60 ,,WAL000012176
Department of Health,NHS Walsall CCG,10/31/2018,C&M-GMS QOF Aspiration,PRC DELEGATED CO-COMMISSIONING,DR SJ VAID,24374065,"2,981.85 ",,WAL000012176
Department of Health,NHS Walsall CCG,10/31/2018,C&M-GMS Cost of Drugs -Prescribing,LOCAL ENHANCED SERVICES,DRS JAWAHAR MOHAN & LOTLIKAR,24374067,131.29 ,,WAL000012178
Department of Health,NHS Walsall CCG,10/31/2018,C&M-GMS Global Sum,PRC DELEGATED CO-COMMISSIONING,DRS JAWAHAR MOHAN & LOTLIKAR,24374067,"54,884.77 ",,WAL000012178
Department of Health,NHS Walsall CCG,10/31/2018,C&M-GMS Prof Fees Prescribing,PRC DELEGATED CO-COMMISSIONING,DRS JAWAHAR MOHAN & LOTLIKAR,24374067,20.70 ,,WAL000012178
Department of Health,NHS Walsall CCG,10/31/2018,C&M-GMS QOF Aspiration,PRC DELEGATED CO-COMMISSIONING,DRS JAWAHAR MOHAN & LOTLIKAR,24374067,"5,213.01 ",,WAL000012178
Department of Health,NHS Walsall CCG,10/31/2018,C&M-GMS Cost of Drugs -Prescribing,LOCAL ENHANCED SERVICES,DRS PILLAI & NAIR,24374069,"2,898.26 ",,WAL000012182
Department of Health,NHS Walsall CCG,10/31/2018,C&M-GMS Global Sum,PRC DELEGATED CO-COMMISSIONING,DRS PILLAI & NAIR,24374069,"39,640.22 ",,WAL000012182
Department of Health,NHS Walsall CCG,10/31/2018,C&M-GMS Prof Fees Prescribing,PRC DELEGATED CO-COMMISSIONING,DRS PILLAI & NAIR,24374069,379.50 ,,WAL000012182
Department of Health,NHS Walsall CCG,10/31/2018,C&M-GMS QOF Aspiration,PRC DELEGATED CO-COMMISSIONING,DRS PILLAI & NAIR,24374069,"4,804.21 ",,WAL000012182
Department of Health,NHS Walsall CCG,10/31/2018,C&M-GMS Cost of Drugs -Prescribing,LOCAL ENHANCED SERVICES,DRS GHAFFAR & ASGHAR,24374071,"2,323.60 ",,WAL000012184
Department of Health,NHS Walsall CCG,10/31/2018,C&M-GMS Global Sum,PRC DELEGATED CO-COMMISSIONING,DRS GHAFFAR & ASGHAR,24374071,"77,658.01 ",,WAL000012184
Department of Health,NHS Walsall CCG,10/31/2018,C&M-GMS Prof Fees Prescribing,PRC DELEGATED CO-COMMISSIONING,DRS GHAFFAR & ASGHAR,24374071,439.30 ,,WAL000012184
Department of Health,NHS Walsall CCG,10/31/2018,C&M-GMS QOF Aspiration,PRC DELEGATED CO-COMMISSIONING,DRS GHAFFAR & ASGHAR,24374071,"7,874.45 ",,WAL000012184
Department of Health,NHS Walsall CCG,10/31/2018,C&M-GMS Cost of Drugs -Prescribing,LOCAL ENHANCED SERVICES,DUGAS & PARTNERS,24374073,"1,723.68 ",,WAL000012186
Department of Health,NHS Walsall CCG,10/31/2018,C&M-GMS Global Sum,PRC DELEGATED CO-COMMISSIONING,DUGAS & PARTNERS,24374073,"35,616.95 ",,WAL000012186
Department of Health,NHS Walsall CCG,10/31/2018,C&M-GMS MPIG Correction Factor,PRC DELEGATED CO-COMMISSIONING,DUGAS & PARTNERS,24374073,212.87 ,,WAL000012186
Department of Health,NHS Walsall CCG,10/31/2018,C&M-GMS Prem Cost Rent,PRC DELEGATED CO-COMMISSIONING,DUGAS & PARTNERS,24374073,"5,496.33 ",,WAL000012186
Department of Health,NHS Walsall CCG,10/31/2018,C&M-GMS Prem Notional Rent,PRC DELEGATED CO-COMMISSIONING,DUGAS & PARTNERS,24374073,683.33 ,,WAL000012186
Department of Health,NHS Walsall CCG,10/31/2018,C&M-GMS Prem Water Rates,PRC DELEGATED CO-COMMISSIONING,DUGAS & PARTNERS,24374073,339.48 ,,WAL000012186
Department of Health,NHS Walsall CCG,10/31/2018,C&M-GMS Prof Fees Prescribing,PRC DELEGATED CO-COMMISSIONING,DUGAS & PARTNERS,24374073,248.40 ,,WAL000012186
Department of Health,NHS Walsall CCG,10/31/2018,C&M-GMS QOF Aspiration,PRC DELEGATED CO-COMMISSIONING,DUGAS & PARTNERS,24374073,"3,118.79 ",,WAL000012186
Department of Health,NHS Walsall CCG,10/31/2018,C&M-PMS Contract Value,PRC DELEGATED CO-COMMISSIONING,HOLLAND PARK SURGERY WALSALL,24374075,"34,351.99 ",,WAL000012188
Department of Health,NHS Walsall CCG,10/31/2018,C&M-PMS Cost of Drugs -Prescribing,LOCAL ENHANCED SERVICES,HOLLAND PARK SURGERY WALSALL,24374075,260.92 ,,WAL000012188
Department of Health,NHS Walsall CCG,10/31/2018,C&M-PMS Prof fees Prescribing,PRC DELEGATED CO-COMMISSIONING,HOLLAND PARK SURGERY WALSALL,24374075,96.60 ,,WAL000012188
Department of Health,NHS Walsall CCG,10/31/2018,C&M-PMS QOF Aspiration,PRC DELEGATED CO-COMMISSIONING,HOLLAND PARK SURGERY WALSALL,24374075,"3,673.60 ",,WAL000012188
Department of Health,NHS Walsall CCG,10/31/2018,C&M-GMS GP Statutory Levy,PRC DELEGATED CO-COMMISSIONING,HOULAHAN & PARTNERS,24374076,(285.52),,WAL000012189
Department of Health,NHS Walsall CCG,10/31/2018,C&M-GMS Voluntary Levy,PRC DELEGATED CO-COMMISSIONING,HOULAHAN & PARTNERS,24374076,(6.23),,WAL000012189
Department of Health,NHS Walsall CCG,10/31/2018,ME - GMS GP Prior Year ERs,PRC DELEGATED CO-COMMISSIONING,HOULAHAN & PARTNERS,24374076,"(9,358.98)",,WAL000012189
Department of Health,NHS Walsall CCG,10/31/2018,ME - GMS TPS Added Years Adj EEs,PRC DELEGATED CO-COMMISSIONING,HOULAHAN & PARTNERS,24374076,(549.75),,WAL000012189
Department of Health,NHS Walsall CCG,10/31/2018,ME-GMS GP Pension EEs,PRC DELEGATED CO-COMMISSIONING,HOULAHAN & PARTNERS,24374076,"(5,232.08)",,WAL000012189
Department of Health,NHS Walsall CCG,10/31/2018,ME-GMS GP Pension EEs Adjustments,PRC DELEGATED CO-COMMISSIONING,HOULAHAN & PARTNERS,24374076,(974.71),,WAL000012189
Department of Health,NHS Walsall CCG,10/31/2018,ME-GMS GP Pension ERs Adjustments,PRC DELEGATED CO-COMMISSIONING,HOULAHAN & PARTNERS,24374076,"(6,880.24)",,WAL000012189
Department of Health,NHS Walsall CCG,10/31/2018,ME-GMS GP Prior Year EEs,PRC DELEGATED CO-COMMISSIONING,HOULAHAN & PARTNERS,24374076,"(8,786.25)",,WAL000012189
Department of Health,NHS Walsall CCG,10/31/2018,C&M-GMS Cost of Drugs -Prescribing,LOCAL ENHANCED SERVICES,HOULAHAN & PARTNERS,24374077,316.10 ,,WAL000012190
Department of Health,NHS Walsall CCG,10/31/2018,C&M-GMS Global Sum,PRC DELEGATED CO-COMMISSIONING,HOULAHAN & PARTNERS,24374077,"76,234.56 ",,WAL000012190
Department of Health,NHS Walsall CCG,10/31/2018,C&M-GMS MPIG Correction Factor,PRC DELEGATED CO-COMMISSIONING,HOULAHAN & PARTNERS,24374077,179.92 ,,WAL000012190
Department of Health,NHS Walsall CCG,10/31/2018,C&M-GMS Prem Cost Rent,PRC DELEGATED CO-COMMISSIONING,HOULAHAN & PARTNERS,24374077,"3,822.33 ",,WAL000012190
Department of Health,NHS Walsall CCG,10/31/2018,C&M-GMS Prem Notional Rent,PRC DELEGATED CO-COMMISSIONING,HOULAHAN & PARTNERS,24374077,529.58 ,,WAL000012190
Department of Health,NHS Walsall CCG,10/31/2018,C&M-GMS Prem Water Rates,PRC DELEGATED CO-COMMISSIONING,HOULAHAN & PARTNERS,24374077,238.82 ,,WAL000012190
Department of Health,NHS Walsall CCG,10/31/2018,C&M-GMS Prof Fees Prescribing,PRC DELEGATED CO-COMMISSIONING,HOULAHAN & PARTNERS,24374077,103.50 ,,WAL000012190
Department of Health,NHS Walsall CCG,10/31/2018,C&M-GMS QOF Aspiration,PRC DELEGATED CO-COMMISSIONING,HOULAHAN & PARTNERS,24374077,"7,672.03 ",,WAL000012190
Department of Health,NHS Walsall CCG,10/31/2018,C&M-GMS Global Sum,PRC DELEGATED CO-COMMISSIONING,KAUL & PTS,24374079,"23,503.95 ",,WAL000012192
Department of Health,NHS Walsall CCG,10/31/2018,C&M-GMS MPIG Correction Factor,PRC DELEGATED CO-COMMISSIONING,KAUL & PTS,24374079,518.60 ,,WAL000012192
Department of Health,NHS Walsall CCG,10/31/2018,C&M-GMS QOF Aspiration,PRC DELEGATED CO-COMMISSIONING,KAUL & PTS,24374079,"2,174.70 ",,WAL000012192
Department of Health,NHS Walsall CCG,10/31/2018,C&M-GMS Cost of Drugs -Prescribing,LOCAL ENHANCED SERVICES,DR I KHAN & DR S MERALI,24374081,754.85 ,,WAL000012194
Department of Health,NHS Walsall CCG,10/31/2018,C&M-GMS Global Sum,PRC DELEGATED CO-COMMISSIONING,DR I KHAN & DR S MERALI,24374081,"27,201.51 ",,WAL000012194
Department of Health,NHS Walsall CCG,10/31/2018,C&M-GMS MPIG Correction Factor,PRC DELEGATED CO-COMMISSIONING,DR I KHAN & DR S MERALI,24374081,243.86 ,,WAL000012194
Department of Health,NHS Walsall CCG,10/31/2018,C&M-GMS Prof Fees Prescribing,PRC DELEGATED CO-COMMISSIONING,DR I KHAN & DR S MERALI,24374081,112.70 ,,WAL000012194
Department of Health,NHS Walsall CCG,10/31/2018,C&M-GMS QOF Aspiration,PRC DELEGATED CO-COMMISSIONING,DR I KHAN & DR S MERALI,24374081,"2,547.94 ",,WAL000012194
Department of Health,NHS Walsall CCG,10/31/2018,C&M-GMS Global Sum,PRC DELEGATED CO-COMMISSIONING,JAY & PANSARI,24374083,"31,975.79 ",,WAL000012196
Department of Health,NHS Walsall CCG,10/31/2018,C&M-GMS QOF Aspiration,PRC DELEGATED CO-COMMISSIONING,JAY & PANSARI,24374083,"3,817.56 ",,WAL000012196
Department of Health,NHS Walsall CCG,10/31/2018,C&M-GMS Cost of Drugs -Prescribing,LOCAL ENHANCED SERVICES,LITTLE LONDON SURGERY,24374087,871.21 ,,WAL000012200
Department of Health,NHS Walsall CCG,10/31/2018,C&M-GMS Global Sum,PRC DELEGATED CO-COMMISSIONING,LITTLE LONDON SURGERY,24374087,"64,899.33 ",,WAL000012200
Department of Health,NHS Walsall CCG,10/31/2018,C&M-GMS Prem Notional Rent,PRC DELEGATED CO-COMMISSIONING,LITTLE LONDON SURGERY,24374087,"4,881.25 ",,WAL000012200
Department of Health,NHS Walsall CCG,10/31/2018,C&M-GMS Prof Fees Prescribing,PRC DELEGATED CO-COMMISSIONING,LITTLE LONDON SURGERY,24374087,259.90 ,,WAL000012200
Department of Health,NHS Walsall CCG,10/31/2018,C&M-GMS QOF Aspiration,PRC DELEGATED CO-COMMISSIONING,LITTLE LONDON SURGERY,24374087,"6,990.88 ",,WAL000012200
Department of Health,NHS Walsall CCG,10/31/2018,C&M-GMS Cost of Drugs -Prescribing,LOCAL ENHANCED SERVICES,LOCKSTOWN PRACTICE,24374089,"1,121.58 ",,WAL000012202
Department of Health,NHS Walsall CCG,10/31/2018,C&M-GMS DES Minor Surgery,PRC DELEGATED CO-COMMISSIONING,LOCKSTOWN PRACTICE,24374089,"5,311.88 ",,WAL000012202
Department of Health,NHS Walsall CCG,10/31/2018,C&M-GMS Global Sum,PRC DELEGATED CO-COMMISSIONING,LOCKSTOWN PRACTICE,24374089,"63,458.18 ",,WAL000012202
Department of Health,NHS Walsall CCG,10/31/2018,C&M-GMS MPIG Correction Factor,PRC DELEGATED CO-COMMISSIONING,LOCKSTOWN PRACTICE,24374089,27.60 ,,WAL000012202
Department of Health,NHS Walsall CCG,10/31/2018,C&M-GMS Prem Actual Rent,PRC DELEGATED CO-COMMISSIONING,LOCKSTOWN PRACTICE,24374089,"5,235.33 ",,WAL000012202
Department of Health,NHS Walsall CCG,10/31/2018,C&M-GMS Prem Cost Rent,PRC DELEGATED CO-COMMISSIONING,LOCKSTOWN PRACTICE,24374089,"3,607.50 ",,WAL000012202
Department of Health,NHS Walsall CCG,10/31/2018,C&M-GMS Prof Fees Prescribing,PRC DELEGATED CO-COMMISSIONING,LOCKSTOWN PRACTICE,24374089,476.10 ,,WAL000012202
Department of Health,NHS Walsall CCG,10/31/2018,C&M-GMS QOF Aspiration,PRC DELEGATED CO-COMMISSIONING,LOCKSTOWN PRACTICE,24374089,"8,150.50 ",,WAL000012202
Department of Health,NHS Walsall CCG,10/31/2018,C&M-GMS DES Learn Dsblty Hlth Chk,PRC DELEGATED CO-COMMISSIONING,M Z ABEDIN,24374091,280.00 ,,WAL000012204
Department of Health,NHS Walsall CCG,10/31/2018,C&M-GMS Global Sum,PRC DELEGATED CO-COMMISSIONING,M Z ABEDIN,24374091,"28,176.57 ",,WAL000012204
Department of Health,NHS Walsall CCG,10/31/2018,C&M-GMS Prem Cost Rent,PRC DELEGATED CO-COMMISSIONING,M Z ABEDIN,24374091,"1,964.58 ",,WAL000012204
Department of Health,NHS Walsall CCG,10/31/2018,C&M-GMS QOF Aspiration,PRC DELEGATED CO-COMMISSIONING,M Z ABEDIN,24374091,"3,118.49 ",,WAL000012204
Department of Health,NHS Walsall CCG,10/31/2018,C&M-GMS Cost of Drugs -Prescribing,LOCAL ENHANCED SERVICES,NORTHGATE PRACTICE,24374095,"3,567.52 ",,WAL000012208
Department of Health,NHS Walsall CCG,10/31/2018,C&M-GMS DES Extended Hours Access,PRC DELEGATED CO-COMMISSIONING,NORTHGATE PRACTICE,24374095,"4,729.10 ",,WAL000012208
Department of Health,NHS Walsall CCG,10/31/2018,C&M-GMS Global Sum,PRC DELEGATED CO-COMMISSIONING,NORTHGATE PRACTICE,24374095,"82,890.63 ",,WAL000012208
Department of Health,NHS Walsall CCG,10/31/2018,C&M-GMS Prem Notional Rent,PRC DELEGATED CO-COMMISSIONING,NORTHGATE PRACTICE,24374095,"12,641.00 ",,WAL000012208
Department of Health,NHS Walsall CCG,10/31/2018,C&M-GMS Prof Fees Prescribing,PRC DELEGATED CO-COMMISSIONING,NORTHGATE PRACTICE,24374095,473.80 ,,WAL000012208
Department of Health,NHS Walsall CCG,10/31/2018,C&M-GMS QOF Aspiration,PRC DELEGATED CO-COMMISSIONING,NORTHGATE PRACTICE,24374095,"10,923.65 ",,WAL000012208
Department of Health,NHS Walsall CCG,10/31/2018,C&M-GMS Cost of Drugs -Prescribing,LOCAL ENHANCED SERVICES,PORTLAND MEDICAL PRACTICE,24374097,"2,577.43 ",,WAL000012212
Department of Health,NHS Walsall CCG,10/31/2018,C&M-GMS DES Extended Hours Access,PRC DELEGATED CO-COMMISSIONING,PORTLAND MEDICAL PRACTICE,24374097,"4,253.15 ",,WAL000012212
Department of Health,NHS Walsall CCG,10/31/2018,C&M-GMS Global Sum,PRC DELEGATED CO-COMMISSIONING,PORTLAND MEDICAL PRACTICE,24374097,"71,157.02 ",,WAL000012212
Department of Health,NHS Walsall CCG,10/31/2018,C&M-GMS Prem Notional Rent,PRC DELEGATED CO-COMMISSIONING,PORTLAND MEDICAL PRACTICE,24374097,"10,651.20 ",,WAL000012212
Department of Health,NHS Walsall CCG,10/31/2018,C&M-GMS Prof Fees Prescribing,PRC DELEGATED CO-COMMISSIONING,PORTLAND MEDICAL PRACTICE,24374097,340.40 ,,WAL000012212
Department of Health,NHS Walsall CCG,10/31/2018,C&M-GMS QOF Aspiration,PRC DELEGATED CO-COMMISSIONING,PORTLAND MEDICAL PRACTICE,24374097,"7,846.60 ",,WAL000012212
Department of Health,NHS Walsall CCG,10/31/2018,C&M-GMS Cost of Drugs -Prescribing,LOCAL ENHANCED SERVICES,RUSHALL MEDICAL CENTRE,24374099,"6,449.34 ",,WAL000012214
Department of Health,NHS Walsall CCG,10/31/2018,C&M-GMS Global Sum,PRC DELEGATED CO-COMMISSIONING,RUSHALL MEDICAL CENTRE,24374099,"115,790.30 ",,WAL000012214
Department of Health,NHS Walsall CCG,10/31/2018,C&M-GMS MPIG Correction Factor,PRC DELEGATED CO-COMMISSIONING,RUSHALL MEDICAL CENTRE,24374099,340.58 ,,WAL000012214
Department of Health,NHS Walsall CCG,10/31/2018,C&M-GMS Prem Notional Rent,PRC DELEGATED CO-COMMISSIONING,RUSHALL MEDICAL CENTRE,24374099,"13,556.09 ",,WAL000012214
Department of Health,NHS Walsall CCG,10/31/2018,C&M-GMS Prem Rates,PRC DELEGATED CO-COMMISSIONING,RUSHALL MEDICAL CENTRE,24374099,"27,646.93 ",,WAL000012214
Department of Health,NHS Walsall CCG,10/31/2018,C&M-GMS Prem Water Rates,PRC DELEGATED CO-COMMISSIONING,RUSHALL MEDICAL CENTRE,24374099,"1,398.92 ",,WAL000012214
Department of Health,NHS Walsall CCG,10/31/2018,C&M-GMS Prof Fees Prescribing,PRC DELEGATED CO-COMMISSIONING,RUSHALL MEDICAL CENTRE,24374099,929.20 ,,WAL000012214
Department of Health,NHS Walsall CCG,10/31/2018,C&M-GMS QOF Aspiration,PRC DELEGATED CO-COMMISSIONING,RUSHALL MEDICAL CENTRE,24374099,"14,940.38 ",,WAL000012214
Department of Health,NHS Walsall CCG,10/31/2018,C&M-GMS Cost of Drugs -Prescribing,LOCAL ENHANCED SERVICES,SINHA RISCHIE & SINHA,24374102,"2,266.01 ",,WAL000012218
Department of Health,NHS Walsall CCG,10/31/2018,C&M-GMS Global Sum,PRC DELEGATED CO-COMMISSIONING,SINHA RISCHIE & SINHA,24374102,"59,156.87 ",,WAL000012218
Department of Health,NHS Walsall CCG,10/31/2018,C&M-GMS MPIG Correction Factor,PRC DELEGATED CO-COMMISSIONING,SINHA RISCHIE & SINHA,24374102,363.89 ,,WAL000012218
Department of Health,NHS Walsall CCG,10/31/2018,C&M-GMS Prem Actual Rent,PRC DELEGATED CO-COMMISSIONING,SINHA RISCHIE & SINHA,24374102,"12,800.00 ",,WAL000012218
Department of Health,NHS Walsall CCG,10/31/2018,C&M-GMS Prof Fees Prescribing,PRC DELEGATED CO-COMMISSIONING,SINHA RISCHIE & SINHA,24374102,315.10 ,,WAL000012218
Department of Health,NHS Walsall CCG,10/31/2018,C&M-GMS QOF Aspiration,PRC DELEGATED CO-COMMISSIONING,SINHA RISCHIE & SINHA,24374102,"6,560.67 ",,WAL000012218
Department of Health,NHS Walsall CCG,10/31/2018,C&M-GMS Cost of Drugs -Prescribing,LOCAL ENHANCED SERVICES,THORNETT,24374104,297.65 ,,WAL000012220
Department of Health,NHS Walsall CCG,10/31/2018,C&M-GMS Global Sum,PRC DELEGATED CO-COMMISSIONING,THORNETT,24374104,"24,677.99 ",,WAL000012220
Department of Health,NHS Walsall CCG,10/31/2018,C&M-GMS Prof Fees Prescribing,PRC DELEGATED CO-COMMISSIONING,THORNETT,24374104,20.70 ,,WAL000012220
Department of Health,NHS Walsall CCG,10/31/2018,C&M-GMS QOF Aspiration,PRC DELEGATED CO-COMMISSIONING,THORNETT,24374104,"2,854.92 ",,WAL000012220
Department of Health,NHS Walsall CCG,10/31/2018,C&M-GMS Cost of Drugs -Prescribing,LOCAL ENHANCED SERVICES,VITARANA,24374106,"1,191.25 ",,WAL000012222
Department of Health,NHS Walsall CCG,10/31/2018,C&M-GMS Global Sum,PRC DELEGATED CO-COMMISSIONING,VITARANA,24374106,"24,343.21 ",,WAL000012222
Department of Health,NHS Walsall CCG,10/31/2018,C&M-GMS Prem Cost Rent,PRC DELEGATED CO-COMMISSIONING,VITARANA,24374106,"5,981.33 ",,WAL000012222
Department of Health,NHS Walsall CCG,10/31/2018,C&M-GMS Prof Fees Prescribing,PRC DELEGATED CO-COMMISSIONING,VITARANA,24374106,140.30 ,,WAL000012222
Department of Health,NHS Walsall CCG,10/31/2018,C&M-GMS QOF Aspiration,PRC DELEGATED CO-COMMISSIONING,VITARANA,24374106,"1,730.29 ",,WAL000012222
Department of Health,NHS Walsall CCG,10/31/2018,C&M-GMS Global Sum,PRC DELEGATED CO-COMMISSIONING,LOCKFIELD SURGERY & RAYNOR ROAD SURGERY,24374108,"81,678.80 ",,WAL000012224
Department of Health,NHS Walsall CCG,10/31/2018,C&M-GMS Prem Actual Rent,PRC DELEGATED CO-COMMISSIONING,LOCKFIELD SURGERY & RAYNOR ROAD SURGERY,24374108,"14,727.25 ",,WAL000012224
Department of Health,NHS Walsall CCG,10/31/2018,C&M-GMS Prem Rates,PRC DELEGATED CO-COMMISSIONING,LOCKFIELD SURGERY & RAYNOR ROAD SURGERY,24374108,"18,356.58 ",,WAL000012224
Department of Health,NHS Walsall CCG,10/31/2018,C&M-GMS QOF Aspiration,PRC DELEGATED CO-COMMISSIONING,LOCKFIELD SURGERY & RAYNOR ROAD SURGERY,24374108,"8,830.63 ",,WAL000012224
Department of Health,NHS Walsall CCG,10/31/2018,C&M-GMS Cost of Drugs -Prescribing,LOCAL ENHANCED SERVICES,PALFREY HEALTH CENTRE,24374116,598.27 ,,WAL000012236
Department of Health,NHS Walsall CCG,10/31/2018,C&M-GMS Global Sum,PRC DELEGATED CO-COMMISSIONING,PALFREY HEALTH CENTRE,24374116,"30,827.49 ",,WAL000012236
Department of Health,NHS Walsall CCG,10/31/2018,C&M-GMS MPIG Correction Factor,PRC DELEGATED CO-COMMISSIONING,PALFREY HEALTH CENTRE,24374116,996.56 ,,WAL000012236
Department of Health,NHS Walsall CCG,10/31/2018,C&M-GMS Prem Actual Rent,PRC DELEGATED CO-COMMISSIONING,PALFREY HEALTH CENTRE,24374116,"2,924.42 ",,WAL000012236
Department of Health,NHS Walsall CCG,10/31/2018,C&M-GMS Prof Fees Prescribing,PRC DELEGATED CO-COMMISSIONING,PALFREY HEALTH CENTRE,24374116,64.40 ,,WAL000012236
Department of Health,NHS Walsall CCG,10/31/2018,C&M-GMS QOF Aspiration,PRC DELEGATED CO-COMMISSIONING,PALFREY HEALTH CENTRE,24374116,"2,730.75 ",,WAL000012236
Department of Health,NHS Walsall CCG,10/31/2018,C&M-PMS Contract Value,PRC DELEGATED CO-COMMISSIONING,COLLINGWOOD PRACTICE,24374119,"34,927.61 ",,WAL000012240
Department of Health,NHS Walsall CCG,10/31/2018,C&M-PMS Cost of Drugs -Prescribing,LOCAL ENHANCED SERVICES,COLLINGWOOD PRACTICE,24374119,6.28 ,,WAL000012240
Department of Health,NHS Walsall CCG,10/31/2018,C&M-PMS DES Learn Dsblty Hlth Chk,PRC DELEGATED CO-COMMISSIONING,COLLINGWOOD PRACTICE,24374119,140.00 ,,WAL000012240
Department of Health,NHS Walsall CCG,10/31/2018,C&M-PMS Prof fees Prescribing,PRC DELEGATED CO-COMMISSIONING,COLLINGWOOD PRACTICE,24374119,6.90 ,,WAL000012240
Department of Health,NHS Walsall CCG,10/31/2018,C&M-PMS QOF Aspiration,PRC DELEGATED CO-COMMISSIONING,COLLINGWOOD PRACTICE,24374119,"3,961.34 ",,WAL000012240
Department of Health,NHS Walsall CCG,10/31/2018,C&M-PMS Contract Value,PRC DELEGATED CO-COMMISSIONING,FORRESTER STREET PRACTICE,24374121,"67,243.82 ",,WAL000012242
Department of Health,NHS Walsall CCG,10/31/2018,C&M-PMS Cost of Drugs -Prescribing,LOCAL ENHANCED SERVICES,FORRESTER STREET PRACTICE,24374121,229.23 ,,WAL000012242
Department of Health,NHS Walsall CCG,10/31/2018,C&M-PMS Prof fees Prescribing,PRC DELEGATED CO-COMMISSIONING,FORRESTER STREET PRACTICE,24374121,92.00 ,,WAL000012242
Department of Health,NHS Walsall CCG,10/31/2018,C&M-PMS QOF Aspiration,PRC DELEGATED CO-COMMISSIONING,FORRESTER STREET PRACTICE,24374121,"5,957.11 ",,WAL000012242
Department of Health,NHS Walsall CCG,10/31/2018,C&M-PMS Contract Value,PRC DELEGATED CO-COMMISSIONING,KEYS MEDICAL PRACTICE,24374123,"34,749.78 ",,WAL000012244
Department of Health,NHS Walsall CCG,10/31/2018,C&M-PMS Cost of Drugs -Prescribing,LOCAL ENHANCED SERVICES,KEYS MEDICAL PRACTICE,24374123,263.76 ,,WAL000012244
Department of Health,NHS Walsall CCG,10/31/2018,C&M-PMS Prof fees Prescribing,PRC DELEGATED CO-COMMISSIONING,KEYS MEDICAL PRACTICE,24374123,41.40 ,,WAL000012244
Department of Health,NHS Walsall CCG,10/31/2018,C&M-PMS QOF Aspiration,PRC DELEGATED CO-COMMISSIONING,KEYS MEDICAL PRACTICE,24374123,"3,096.41 ",,WAL000012244
Department of Health,NHS Walsall CCG,10/31/2018,C&M-PMS Contract Value,PRC DELEGATED CO-COMMISSIONING,HARDEN-BLAKENALL PRACTICE,24374125,"93,840.52 ",282 3211 27,WAL000012246
Department of Health,NHS Walsall CCG,10/31/2018,C&M-PMS Cost of Drugs -Prescribing,LOCAL ENHANCED SERVICES,HARDEN-BLAKENALL PRACTICE,24374125,270.33 ,282 3211 27,WAL000012246
Department of Health,NHS Walsall CCG,10/31/2018,C&M-PMS Prof fees Prescribing,PRC DELEGATED CO-COMMISSIONING,HARDEN-BLAKENALL PRACTICE,24374125,110.40 ,282 3211 27,WAL000012246
Department of Health,NHS Walsall CCG,10/31/2018,C&M-PMS QOF Aspiration,PRC DELEGATED CO-COMMISSIONING,HARDEN-BLAKENALL PRACTICE,24374125,"10,154.80 ",282 3211 27,WAL000012246
Department of Health,NHS Walsall CCG,10/31/2018,ME - PMS GP Prior Year ERs,PRC DELEGATED CO-COMMISSIONING,HARDEN-BLAKENALL PRACTICE,24374125,"7,851.48 ",282 3211 27,WAL000012246
Department of Health,NHS Walsall CCG,10/31/2018,ME-PMS GP Prior Year EEs,PRC DELEGATED CO-COMMISSIONING,HARDEN-BLAKENALL PRACTICE,24374125,"7,917.00 ",282 3211 27,WAL000012246
Department of Health,NHS Walsall CCG,10/31/2018,C&M-GMS Cost of Drugs -Prescribing,LOCAL ENHANCED SERVICES,BLOXWICH MEDICAL PRACTICE,24375120,"1,283.26 ",,WAL000012180
Department of Health,NHS Walsall CCG,10/31/2018,C&M-GMS DES Learn Dsblty Hlth Chk,PRC DELEGATED CO-COMMISSIONING,BLOXWICH MEDICAL PRACTICE,24375120,280.00 ,,WAL000012180
Department of Health,NHS Walsall CCG,10/31/2018,C&M-GMS Global Sum,PRC DELEGATED CO-COMMISSIONING,BLOXWICH MEDICAL PRACTICE,24375120,"43,309.69 ",,WAL000012180
Department of Health,NHS Walsall CCG,10/31/2018,C&M-GMS Prof Fees Prescribing,PRC DELEGATED CO-COMMISSIONING,BLOXWICH MEDICAL PRACTICE,24375120,151.80 ,,WAL000012180
Department of Health,NHS Walsall CCG,10/31/2018,C&M-GMS QOF Aspiration,PRC DELEGATED CO-COMMISSIONING,BLOXWICH MEDICAL PRACTICE,24375120,"4,587.52 ",,WAL000012180
Department of Health,NHS Walsall CCG,10/31/2018,C&M-GMS Cost of Drugs -Prescribing,LOCAL ENHANCED SERVICES,STROUD PRACTICE,24375123,"1,131.07 ",,WAL000012210
Department of Health,NHS Walsall CCG,10/31/2018,C&M-GMS Global Sum,PRC DELEGATED CO-COMMISSIONING,STROUD PRACTICE,24375123,"43,229.94 ",,WAL000012210
Department of Health,NHS Walsall CCG,10/31/2018,C&M-GMS Prof Fees Prescribing,PRC DELEGATED CO-COMMISSIONING,STROUD PRACTICE,24375123,315.10 ,,WAL000012210
Department of Health,NHS Walsall CCG,10/31/2018,C&M-GMS QOF Aspiration,PRC DELEGATED CO-COMMISSIONING,STROUD PRACTICE,24375123,"4,387.30 ",,WAL000012210
Department of Health,NHS Walsall CCG,10/31/2018,C&M-PMS Contract Value,PRC DELEGATED CO-COMMISSIONING,NEW INVENTION MEDICAL PRACTICE,24375125,"42,764.69 ",,WAL000012226
Department of Health,NHS Walsall CCG,10/31/2018,C&M-PMS Prem Actual Rent,PRC DELEGATED CO-COMMISSIONING,NEW INVENTION MEDICAL PRACTICE,24375125,"3,800.00 ",,WAL000012226
Department of Health,NHS Walsall CCG,10/31/2018,C&M-PMS QOF Aspiration,PRC DELEGATED CO-COMMISSIONING,NEW INVENTION MEDICAL PRACTICE,24375125,"5,497.51 ",,WAL000012226
Department of Health,NHS Walsall CCG,10/31/2018,C&M-GMS Cost of Drugs -Prescribing,LOCAL ENHANCED SERVICES,LICHFIELD STREET SURGERY,24375127,"1,010.11 ",,WAL000012230
Department of Health,NHS Walsall CCG,10/31/2018,C&M-GMS Global Sum,PRC DELEGATED CO-COMMISSIONING,LICHFIELD STREET SURGERY,24375127,"72,916.04 ",,WAL000012230
Department of Health,NHS Walsall CCG,10/31/2018,C&M-GMS Prem Notional Rent,PRC DELEGATED CO-COMMISSIONING,LICHFIELD STREET SURGERY,24375127,"5,654.17 ",,WAL000012230
Department of Health,NHS Walsall CCG,10/31/2018,C&M-GMS Prof Fees Prescribing,PRC DELEGATED CO-COMMISSIONING,LICHFIELD STREET SURGERY,24375127,154.10 ,,WAL000012230
Department of Health,NHS Walsall CCG,10/31/2018,C&M-GMS QOF Aspiration,PRC DELEGATED CO-COMMISSIONING,LICHFIELD STREET SURGERY,24375127,"8,009.82 ",,WAL000012230
Department of Health,NHS Walsall CCG,10/31/2018,C&M-GMS GP Statutory Levy,PRC DELEGATED CO-COMMISSIONING,DR SURI WALSALL,24389036,(156.77),,WAL000012173
Department of Health,NHS Walsall CCG,10/31/2018,C&M-GMS Voluntary Levy,PRC DELEGATED CO-COMMISSIONING,DR SURI WALSALL,24389036,(3.47),,WAL000012173
Department of Health,NHS Walsall CCG,10/31/2018,ME - GMS TPS Added Years Adj EEs,PRC DELEGATED CO-COMMISSIONING,DR SURI WALSALL,24389036,(352.92),,WAL000012173
Department of Health,NHS Walsall CCG,10/31/2018,ME-GMS GP Pension EEs,PRC DELEGATED CO-COMMISSIONING,DR SURI WALSALL,24389036,"(3,786.81)",,WAL000012173
Department of Health,NHS Walsall CCG,10/31/2018,ME-GMS GP Pension ERs Adjustments,PRC DELEGATED CO-COMMISSIONING,DR SURI WALSALL,24389036,"(23,540.29)",,WAL000012173
Department of Health,NHS Walsall CCG,10/31/2018,ME-GMS GP Prior Year EEs,PRC DELEGATED CO-COMMISSIONING,DR SURI WALSALL,24389036,"(19,302.57)",,WAL000012173
Department of Health,NHS Walsall CCG,10/31/2018,C&M-GMS Cost of Drugs -Prescribing,LOCAL ENHANCED SERVICES,S F ALI,24389037,379.64 ,,WAL000012216
Department of Health,NHS Walsall CCG,10/31/2018,C&M-GMS Global Sum,PRC DELEGATED CO-COMMISSIONING,S F ALI,24389037,"32,313.22 ",,WAL000012216
Department of Health,NHS Walsall CCG,10/31/2018,C&M-GMS Prem Notional Rent,PRC DELEGATED CO-COMMISSIONING,S F ALI,24389037,"2,241.75 ",,WAL000012216
Department of Health,NHS Walsall CCG,10/31/2018,C&M-GMS Prof Fees Prescribing,PRC DELEGATED CO-COMMISSIONING,S F ALI,24389037,149.50 ,,WAL000012216
Department of Health,NHS Walsall CCG,10/31/2018,C&M-GMS QOF Aspiration,PRC DELEGATED CO-COMMISSIONING,S F ALI,24389037,"3,604.12 ",,WAL000012216
Department of Health,NHS Walsall CCG,10/31/2018,ME-GMS GP Pension AVCs,PRC DELEGATED CO-COMMISSIONING,S F ALI,24389037,130.00 ,,WAL000012216
Department of Health,NHS Walsall CCG,10/31/2018,ME-GMS GP Pension EEs Adjustments,PRC DELEGATED CO-COMMISSIONING,S F ALI,24389037,916.67 ,,WAL000012216
Department of Health,NHS Walsall CCG,10/31/2018,ME-GMS GP Pension ERs Adjustments,PRC DELEGATED CO-COMMISSIONING,S F ALI,24389037,479.33 ,,WAL000012216
Department of Health,NHS Walsall CCG,10/31/2018,ME-GMS GP Prior Year EEs,PRC DELEGATED CO-COMMISSIONING,S F ALI,24389037,"1,200.00 ",,WAL000012216
Department of Health,NHS Walsall CCG,10/31/2018,Hcare Srv Rec Fdtn Trust-Contract Cost per Case,LEARNING DIFFICULTIES,BLACK COUNTRY PARTNERSHIP NHS FOUNDATION TRUST,24401515,"28,019.04 ",,1100005615
Department of Health,NHS Walsall CCG,10/31/2018,Clinical&Medical-Independent Sector,MENTAL HEALTH SERVICES - ADULTS,FOUR SEASONS HEALTH CARE LTD,24401591,"45,724.80 ",927365991,ASL02979
Department of Health,NHS Walsall CCG,10/31/2018,Hcare Srv Rec NHS Trust-Contract Baseline,ACUTE COMMISSIONING,SANDWELL AND WEST BIRMINGHAM HOSPITALS NHS TRUST,24401731,"423,765.00 ",GB654916216,50719017
Department of Health,NHS Walsall CCG,10/31/2018,Audit Fees: Statutory,CORPORATE COSTS & SERVICES,GRANT THORNTON UK LLP,24401761,"53,760.00 ",835586102,8876433
Department of Health,NHS Walsall CCG,10/31/2018,Hcare Srv Rec NHS Trust-Contract Baseline,ACUTE COMMISSIONING,WALSALL HEALTHCARE NHS TRUST,24408761,"300,000.00 ",654948981,GK18190027
Department of Health,NHS Walsall CCG,10/31/2018,Hcare Srv Rec NHS Trust-Contract Baseline,ACUTE COMMISSIONING,UNIVERSITY HOSPITALS OF NORTH MIDLANDS NHS TRUST,24465198,"51,996.00 ",654932808,I0008661
Department of Health,NHS Walsall CCG,10/31/2018,Hcare Srv Rec Fdtn Trust-Contract Baseline,LEARNING DIFFICULTIES,BLACK COUNTRY PARTNERSHIP NHS FOUNDATION TRUST,24477469,"155,632.67 ",,LG18190045
Department of Health,NHS Walsall CCG,10/31/2018,Hcare Srv Rec Fdtn Trust-Contract Baseline,MENTAL HEALTH CONTRACTS,BLACK COUNTRY PARTNERSHIP NHS FOUNDATION TRUST,24477474,"30,918.00 ",,LG18190046
Department of Health,NHS Walsall CCG,10/31/2018,Clinical&Medical-Othe Public Sector,COMMISSIONING RESERVE,WALSALL METROPOLITAN BOROUGH COUNCIL,24477477,"1,722,209.58 ",,LG18190047
Department of Health,NHS Walsall CCG,10/31/2018,Hcare Srv Rec NHS Trust-Contract Baseline,MENTAL HEALTH CONTRACTS,DUDLEY AND WALSALL MENTAL HEALTH PARTNERSHIP NHS TRUST,24477480,"2,318,513.92 ",654439224,LG18190048
Department of Health,NHS Walsall CCG,10/31/2018,Clinical&Medical-Independent Sector,COMMISSIONING SCHEMES,PRIMECARE,24477485,"97,529.00 ",228949560,LG18190049
Department of Health,NHS Walsall CCG,10/31/2018,Clinical&Medical-Independent Sector,OUT OF HOURS,PRIMECARE,24477485,"143,659.00 ",228949560,LG18190049
Department of Health,NHS Walsall CCG,10/31/2018,Clinical&Medical-Independent Sector,URGENT CARE,PRIMECARE,24477485,"78,577.00 ",228949560,LG18190049
Department of Health,NHS Walsall CCG,10/31/2018,Clinical&Medical-Voluntary Sector,HOSPICES,ST GILES HOSPICE,24477494,"56,031.00 ",486883086,LG18190050
Department of Health,NHS Walsall CCG,10/31/2018,Cont Care- Palliative Care,CHC ADULT FULLY FUNDED,WALSALL METROPOLITAN BOROUGH COUNCIL,24517257,"57,839.68 ",,701890
Department of Health,NHS Walsall CCG,10/31/2018,Cont Care-Adult Mental Health (65+),CHC ADULT FULLY FUNDED,WALSALL METROPOLITAN BOROUGH COUNCIL,24517257,"15,419.55 ",,701890
Department of Health,NHS Walsall CCG,10/31/2018,Cont Care-Adult Physical Disab (65+),CHC ADULT FULLY FUNDED,WALSALL METROPOLITAN BOROUGH COUNCIL,24517257,"86,175.61 ",,701890
Department of Health,NHS Walsall CCG,10/31/2018,Cont Care-Adult Physical Disab (<65),CHC ADULT FULLY FUNDED,WALSALL METROPOLITAN BOROUGH COUNCIL,24517257,"84,759.84 ",,701890
Department of Health,NHS Walsall CCG,10/31/2018,Cont Care-Adult Physical Disab (<65),CHC ADULT JOINT FUNDED,WALSALL METROPOLITAN BOROUGH COUNCIL,24517257,244.62 ,,701890
Department of Health,NHS Walsall CCG,10/31/2018,FM Computer Contracts,PRIMARY CARE IT,WALSALL HEALTHCARE NHS TRUST,24526657,"66,667.00 ",654948981,GK18190042
Department of Health,NHS Walsall CCG,10/31/2018,Hcare Srv Rec NHS Trust-Contract Baseline,ACUTE COMMISSIONING,WALSALL HEALTHCARE NHS TRUST,24526658,"13,689,001.00 ",654948981,GK18190041
Department of Health,NHS Walsall CCG,10/31/2018,Hcare Srv Rec Fdtn Trust-Contract Baseline,ACUTE COMMISSIONING,UNIVERSITY HOSPITALS BIRMINGHAM NHS FOUNDATION TRUST,24534707,"424,098.00 ",GB654912816,OPU025778
