"A3131 - Expenditure Over �25,000 - NOVEMBER 2018",,,,,,,,,
,,,,,,,,,
,,,,,,,,,
,,,,,,,,,
Time run: 03/12/2018 11:22:11,,,,,,,,,
,,,,,,,,,
Department family,Entity,Date,Expense Type,Expense area,Supplier,Transaction number,AP Amount (�),VAT registration number,Purchase invoice number
Department of Health,NHS Walsall CCG,11/30/2018,C&M-GMS LES Referral Management,LOCAL ENHANCED SERVICES,WALSALL ALLIANCE LTD,24544806,"26,972.50 ",,JS18190411
Department of Health,NHS Walsall CCG,11/30/2018,Clinical&Medical-Othe Public Sector,INTERMEDIATE CARE,WALSALL METROPOLITAN BOROUGH COUNCIL,24546147,"50,000.00 ",,702271
Department of Health,NHS Walsall CCG,11/30/2018,Hcare Srv Rec Fdtn Trust-Contract Baseline,ACUTE COMMISSIONING,UNIVERSITY HOSPITALS BIRMINGHAM NHS FOUNDATION TRUST,24582006,"573,710.00 ",GB654912816,OHA004464
Department of Health,NHS Walsall CCG,11/30/2018,Clinical&Medical-Independent Sector,NCAS/OATS,SPIRE HEALTHCARE LTD,24582008,"284,309.00 ",915970991,05YLASPF181908
Department of Health,NHS Walsall CCG,11/30/2018,Hcare Srv Rec Fdtn Trust-Contract Baseline,ACUTE COMMISSIONING,BHAM WOMENS & CHILDRENS NHS FT,24582010,"140,649.50 ",GB654964300,15706949
Department of Health,NHS Walsall CCG,11/30/2018,Hcare Srv Rec Fdtn Trust-Contract Baseline,ACUTE COMMISSIONING,DUDLEY GROUP HOSPITALS NHS FOUNDATION TRUST,24631444,"203,105.37 ",654919109,1000030886
Department of Health,NHS Walsall CCG,11/30/2018,Clinical&Medical-Devolved Admin'n,NCAS/OATS,HYWEL DDA UNIVERSITY HEALTH BOARD,24631765,"46,426.00 ",654439658,4053926
Department of Health,NHS Walsall CCG,11/30/2018,Hcare Srv Rec Fdtn Trust-Contract Baseline,ACUTE COMMISSIONING,UNIVERSITY HOSPITALS OF DERBY & BURTON NHS FOUNDATION TRUST,24632040,"30,687.00 ",654967976,800005842
Department of Health,NHS Walsall CCG,11/30/2018,Hcare Srv Rec Fdtn Trust-Contract Baseline,COMMUNITY SERVICES,UNIVERSITY HOSPITALS OF DERBY & BURTON NHS FOUNDATION TRUST,24632040,"26,907.00 ",654967976,800005842
Department of Health,NHS Walsall CCG,11/30/2018,Hcare Srv Rec NHS CCG-Contract Baseline,NHS 111,NHS SANDWELL AND WEST BIRMINGHAM CCG,24632051,"76,086.00 ",,7019502775
Department of Health,NHS Walsall CCG,11/30/2018,Hcare Srv Rec Fdtn Trust-Contract Baseline,PROGRAMME PROJECTS,BHAM WOMENS & CHILDRENS NHS FT,24652552,"27,783.00 ",GB654964300,15706842
Department of Health,NHS Walsall CCG,11/30/2018,Clinical&Medical-Voluntary Sector,PROGRAMME PROJECTS,MARIE STOPES INTERNATIONAL,24652576,"25,052.80 ",882426016,MS182243
Department of Health,NHS Walsall CCG,11/30/2018,C&M-GP PRACTICE REVENUE - PCTF,GP FORWARD VIEW,WALDOC LTD,24656785,"120,435.00 ",,JS18190427
Department of Health,NHS Walsall CCG,11/30/2018,Cont Care-Funded Nursing Care Allow,FUNDED NURSING CARE,KIDDERMINSTER CARE LTD,24656792,"25,079.71 ",,QA00001318
Department of Health,NHS Walsall CCG,11/30/2018,Cont Care-Funded Nursing Care Allow,FUNDED NURSING CARE,ADVINIA HEALTH CARE LTD,24656805,"45,821.29 ",,QA00001332
Department of Health,NHS Walsall CCG,11/30/2018,C&M-GMS LES Ultrasound,LOCAL ENHANCED SERVICES,MEDISCAN DIAGNOSTIC SERVICES LTD,24682065,"29,034.00 ",,INV003207
Department of Health,NHS Walsall CCG,11/30/2018,Clinical&Medical-Voluntary Sector,HOSPICES,ACORNS CHILDRENS HOSPICE TRUST,24682066,"47,250.00 ",161951015,SINT1236
Department of Health,NHS Walsall CCG,11/30/2018,Clinical&Medical-Commercial Sector,MENTAL HEALTH SERVICES - OLDER PEOPLE,ACCORD HOUSING ASSOCIATION LTD,24682077,"48,963.00 ",GB880 9887 56,SLINV00062420
Department of Health,NHS Walsall CCG,11/30/2018,C&M-APMS Contract Value,PRC DELEGATED CO-COMMISSIONING,VILLAGE PRACTICE GPS,24688313,"41,426.21 ",,JS18190430
Department of Health,NHS Walsall CCG,11/30/2018,Non-PFI Oprtng Lease-Bldgs-Lease Rent,RECHARGES NHS PROPERTY SERVICES LTD,COMMUNITY HEALTH PARTNERSHIPS LTD,24722811,"91,008.38 ",GB782562113,0060087449
Department of Health,NHS Walsall CCG,11/30/2018,Charges from CSU,CORPORATE COSTS & SERVICES,NHS MIDLANDS AND LANCASHIRE CSU,24722826,"28,348.58 ",GB 654442045,7312311717
Department of Health,NHS Walsall CCG,11/30/2018,Hcare Srv Rec NHS Trust-Contract Baseline,ACUTE COMMISSIONING,ROYAL WOLVERHAMPTON HOSPITALS NHS TRUST (THE),24722878,"2,534,408.00 ",654947886,0000222721
Department of Health,NHS Walsall CCG,11/30/2018,Hcare Srv Rec NHS Trust-Contract Baseline,COMMUNITY SERVICES,ROYAL WOLVERHAMPTON HOSPITALS NHS TRUST (THE),24722879,"109,658.00 ",654947886,0000222726
Department of Health,NHS Walsall CCG,11/30/2018,Hcare Srv Rec Fdtn Trust-Contract Baseline,ACUTE COMMISSIONING,ROYAL ORTHOPAEDIC HOSPITAL NHS FOUNDATION TRUST,24722895,"171,030.97 ",654965296,0000047407
Department of Health,NHS Walsall CCG,11/30/2018,Hcare Srv Rec NHS Trust-Contract Baseline,ACUTE COMMISSIONING,SANDWELL AND WEST BIRMINGHAM HOSPITALS NHS TRUST,24722905,"423,765.00 ",GB654916216,50819017
Department of Health,NHS Walsall CCG,11/30/2018,ME-GMS GP Pension ERs Adjustments,PRC DELEGATED CO-COMMISSIONING,DR SURI WALSALL,24728417,"23,540.29 ",,JS18190410
Department of Health,NHS Walsall CCG,11/30/2018,ME-GMS GP Prior Year EEs,PRC DELEGATED CO-COMMISSIONING,DR SURI WALSALL,24728417,"19,302.57 ",,JS18190410
Department of Health,NHS Walsall CCG,11/30/2018,Apprenticeship Levy Payable,BALANCE SHEET,HMRC,24760005,459.00 ,,120PF005761691907
Department of Health,NHS Walsall CCG,11/30/2018,Income tax <1Yr,BALANCE SHEET,HMRC,24760005,"53,200.40 ",,120PF005761691907
Department of Health,NHS Walsall CCG,11/30/2018,Income tax <1Yr-Student Loans,BALANCE SHEET,HMRC,24760005,590.00 ,,120PF005761691907
Department of Health,NHS Walsall CCG,11/30/2018,National Insurance < 1 yr-NI- ERS,BALANCE SHEET,HMRC,24760005,"36,709.16 ",,120PF005761691907
Department of Health,NHS Walsall CCG,11/30/2018,National Insurance < 1 yr-NI-EES,BALANCE SHEET,HMRC,24760005,"26,143.83 ",,120PF005761691907
Department of Health,NHS Walsall CCG,11/30/2018,Statutory Mat Pay < 1 yr,BALANCE SHEET,HMRC,24760005,(534.28),,120PF005761691907
Department of Health,NHS Walsall CCG,11/30/2018,Charges from CSU,CORPORATE GOVERNANCE,NHS ARDEN AND GEM CSU,24769368,"25,941.00 ",GB526164259,7312612327
Department of Health,NHS Walsall CCG,11/30/2018,C&M-GMS Cost of Drugs -Prescribing,LOCAL ENHANCED SERVICES,ASKEY & PARTNERS,24800921,"8,806.04 ",,WAL000012296
Department of Health,NHS Walsall CCG,11/30/2018,C&M-GMS DES Extended Hours Access,PRC DELEGATED CO-COMMISSIONING,ASKEY & PARTNERS,24800921,"4,832.18 ",,WAL000012296
Department of Health,NHS Walsall CCG,11/30/2018,C&M-GMS DES Minor Surgery,PRC DELEGATED CO-COMMISSIONING,ASKEY & PARTNERS,24800921,"8,490.30 ",,WAL000012296
Department of Health,NHS Walsall CCG,11/30/2018,C&M-GMS Global Sum,PRC DELEGATED CO-COMMISSIONING,ASKEY & PARTNERS,24800921,"71,412.01 ",,WAL000012296
Department of Health,NHS Walsall CCG,11/30/2018,C&M-GMS Prem Actual Rent,PRC DELEGATED CO-COMMISSIONING,ASKEY & PARTNERS,24800921,"15,350.00 ",,WAL000012296
Department of Health,NHS Walsall CCG,11/30/2018,C&M-GMS Prof Fees Prescribing,PRC DELEGATED CO-COMMISSIONING,ASKEY & PARTNERS,24800921,"1,683.60 ",,WAL000012296
Department of Health,NHS Walsall CCG,11/30/2018,C&M-GMS QOF Aspiration,PRC DELEGATED CO-COMMISSIONING,ASKEY & PARTNERS,24800921,"8,704.69 ",,WAL000012296
Department of Health,NHS Walsall CCG,11/30/2018,C&M-GMS Cost of Drugs -Prescribing,LOCAL ENHANCED SERVICES,AS GILL & P CHEEMA,24800925,623.44 ,,WAL000012300
Department of Health,NHS Walsall CCG,11/30/2018,C&M-GMS Global Sum,PRC DELEGATED CO-COMMISSIONING,AS GILL & P CHEEMA,24800925,"71,652.85 ",,WAL000012300
Department of Health,NHS Walsall CCG,11/30/2018,C&M-GMS Prof Fees Prescribing,PRC DELEGATED CO-COMMISSIONING,AS GILL & P CHEEMA,24800925,273.70 ,,WAL000012300
Department of Health,NHS Walsall CCG,11/30/2018,C&M-GMS QOF Aspiration,PRC DELEGATED CO-COMMISSIONING,AS GILL & P CHEEMA,24800925,"7,673.81 ",,WAL000012300
Department of Health,NHS Walsall CCG,11/30/2018,C&M-PMS Contract Value,PRC DELEGATED CO-COMMISSIONING,CA STEDALL,24800927,"58,373.98 ",,WAL000012302
Department of Health,NHS Walsall CCG,11/30/2018,C&M-PMS Cost of Drugs -Prescribing,LOCAL ENHANCED SERVICES,CA STEDALL,24800927,"2,624.74 ",,WAL000012302
Department of Health,NHS Walsall CCG,11/30/2018,C&M-PMS DES Extended Hours Access,PRC DELEGATED CO-COMMISSIONING,CA STEDALL,24800927,"2,172.65 ",,WAL000012302
Department of Health,NHS Walsall CCG,11/30/2018,C&M-PMS DES Learn Dsblty Hlth Chk,PRC DELEGATED CO-COMMISSIONING,CA STEDALL,24800927,"2,660.00 ",,WAL000012302
Department of Health,NHS Walsall CCG,11/30/2018,C&M-PMS DES Minor Surgery,PRC DELEGATED CO-COMMISSIONING,CA STEDALL,24800927,"1,915.76 ",,WAL000012302
Department of Health,NHS Walsall CCG,11/30/2018,C&M-PMS PCO Locum Adop/Pat/Mat,PRC DELEGATED CO-COMMISSIONING,CA STEDALL,24800927,"12,107.60 ",,WAL000012302
Department of Health,NHS Walsall CCG,11/30/2018,C&M-PMS Prem Actual Rent,PRC DELEGATED CO-COMMISSIONING,CA STEDALL,24800927,"8,311.67 ",,WAL000012302
Department of Health,NHS Walsall CCG,11/30/2018,C&M-PMS Prem Notional Rent,PRC DELEGATED CO-COMMISSIONING,CA STEDALL,24800927,"1,333.33 ",,WAL000012302
Department of Health,NHS Walsall CCG,11/30/2018,C&M-PMS Prof fees Prescribing,PRC DELEGATED CO-COMMISSIONING,CA STEDALL,24800927,655.50 ,,WAL000012302
Department of Health,NHS Walsall CCG,11/30/2018,C&M-PMS QOF Aspiration,PRC DELEGATED CO-COMMISSIONING,CA STEDALL,24800927,"3,685.48 ",,WAL000012302
Department of Health,NHS Walsall CCG,11/30/2018,C&M-GMS Global Sum,PRC DELEGATED CO-COMMISSIONING,DR A THOMAS,24800931,"35,629.74 ",,WAL000012308
Department of Health,NHS Walsall CCG,11/30/2018,C&M-GMS PCO Doctors Ret Scheme,PRC DELEGATED CO-COMMISSIONING,DR A THOMAS,24800931,"1,230.72 ",,WAL000012308
Department of Health,NHS Walsall CCG,11/30/2018,C&M-GMS Prem Actual Rent,PRC DELEGATED CO-COMMISSIONING,DR A THOMAS,24800931,"5,235.33 ",,WAL000012308
Department of Health,NHS Walsall CCG,11/30/2018,C&M-GMS QOF Aspiration,PRC DELEGATED CO-COMMISSIONING,DR A THOMAS,24800931,"3,546.89 ",,WAL000012308
Department of Health,NHS Walsall CCG,11/30/2018,C&M-GMS Cost of Drugs -Prescribing,LOCAL ENHANCED SERVICES,DR A KHERA,24800933,784.12 ,,WAL000012310
Department of Health,NHS Walsall CCG,11/30/2018,C&M-GMS DES Learn Dsblty Hlth Chk,PRC DELEGATED CO-COMMISSIONING,DR A KHERA,24800933,280.00 ,,WAL000012310
Department of Health,NHS Walsall CCG,11/30/2018,C&M-GMS Global Sum,PRC DELEGATED CO-COMMISSIONING,DR A KHERA,24800933,"30,161.61 ",,WAL000012310
Department of Health,NHS Walsall CCG,11/30/2018,C&M-GMS Prem Notional Rent,PRC DELEGATED CO-COMMISSIONING,DR A KHERA,24800933,"2,186.92 ",,WAL000012310
Department of Health,NHS Walsall CCG,11/30/2018,C&M-GMS Prem Rates,PRC DELEGATED CO-COMMISSIONING,DR A KHERA,24800933,"8,941.78 ",,WAL000012310
Department of Health,NHS Walsall CCG,11/30/2018,C&M-GMS Prof Fees Prescribing,PRC DELEGATED CO-COMMISSIONING,DR A KHERA,24800933,36.80 ,,WAL000012310
Department of Health,NHS Walsall CCG,11/30/2018,C&M-GMS QOF Aspiration,PRC DELEGATED CO-COMMISSIONING,DR A KHERA,24800933,"2,459.22 ",,WAL000012310
Department of Health,NHS Walsall CCG,11/30/2018,C&M-GMS Cost of Drugs -Prescribing,LOCAL ENHANCED SERVICES,DR MAHMOOD,24800939,"2,264.21 ",,WAL000012316
Department of Health,NHS Walsall CCG,11/30/2018,C&M-GMS DES Minor Surgery,PRC DELEGATED CO-COMMISSIONING,DR MAHMOOD,24800939,653.10 ,,WAL000012316
Department of Health,NHS Walsall CCG,11/30/2018,C&M-GMS Global Sum,PRC DELEGATED CO-COMMISSIONING,DR MAHMOOD,24800939,"24,502.07 ",,WAL000012316
Department of Health,NHS Walsall CCG,11/30/2018,C&M-GMS MPIG Correction Factor,PRC DELEGATED CO-COMMISSIONING,DR MAHMOOD,24800939,17.82 ,,WAL000012316
Department of Health,NHS Walsall CCG,11/30/2018,C&M-GMS Prem Cost Rent,PRC DELEGATED CO-COMMISSIONING,DR MAHMOOD,24800939,"2,547.17 ",,WAL000012316
Department of Health,NHS Walsall CCG,11/30/2018,C&M-GMS Prof Fees Prescribing,PRC DELEGATED CO-COMMISSIONING,DR MAHMOOD,24800939,492.20 ,,WAL000012316
Department of Health,NHS Walsall CCG,11/30/2018,C&M-GMS QOF Aspiration,PRC DELEGATED CO-COMMISSIONING,DR MAHMOOD,24800939,"2,378.14 ",,WAL000012316
Department of Health,NHS Walsall CCG,11/30/2018,C&M-GMS Cost of Drugs -Dispensing,LOCAL ENHANCED SERVICES,DR KUNDU & PAL,24800941,"11,256.18 ",,WAL000012318
Department of Health,NHS Walsall CCG,11/30/2018,C&M-GMS Global Sum,PRC DELEGATED CO-COMMISSIONING,DR KUNDU & PAL,24800941,"40,257.19 ",,WAL000012318
Department of Health,NHS Walsall CCG,11/30/2018,C&M-GMS Prem Cost Rent,PRC DELEGATED CO-COMMISSIONING,DR KUNDU & PAL,24800941,708.33 ,,WAL000012318
Department of Health,NHS Walsall CCG,11/30/2018,C&M-GMS Prem Notional Rent,PRC DELEGATED CO-COMMISSIONING,DR KUNDU & PAL,24800941,"2,396.53 ",,WAL000012318
Department of Health,NHS Walsall CCG,11/30/2018,C&M-GMS Prof Fees Dispensing,PRC DELEGATED CO-COMMISSIONING,DR KUNDU & PAL,24800941,"1,137.12 ",,WAL000012318
Department of Health,NHS Walsall CCG,11/30/2018,C&M-GMS PrscrptnChrgsColl&RmttdbyGP,LOCAL ENHANCED SERVICES,DR KUNDU & PAL,24800941,149.60 ,,WAL000012318
Department of Health,NHS Walsall CCG,11/30/2018,C&M-GMS QOF Aspiration,PRC DELEGATED CO-COMMISSIONING,DR KUNDU & PAL,24800941,"5,473.57 ",,WAL000012318
Department of Health,NHS Walsall CCG,11/30/2018,C&M-GMS Cost of Drugs -Prescribing,LOCAL ENHANCED SERVICES,DR N DEVASIA,24800943,894.92 ,,WAL000012320
Department of Health,NHS Walsall CCG,11/30/2018,C&M-GMS Global Sum,PRC DELEGATED CO-COMMISSIONING,DR N DEVASIA,24800943,"22,131.50 ",,WAL000012320
Department of Health,NHS Walsall CCG,11/30/2018,C&M-GMS Prof Fees Prescribing,PRC DELEGATED CO-COMMISSIONING,DR N DEVASIA,24800943,289.80 ,,WAL000012320
Department of Health,NHS Walsall CCG,11/30/2018,C&M-GMS QOF Aspiration,PRC DELEGATED CO-COMMISSIONING,DR N DEVASIA,24800943,"2,316.69 ",,WAL000012320
Department of Health,NHS Walsall CCG,11/30/2018,C&M-GMS Cost of Drugs -Prescribing,LOCAL ENHANCED SERVICES,DR R KUMAR WALSALL,24800947,"2,323.86 ",,WAL000012324
Department of Health,NHS Walsall CCG,11/30/2018,C&M-GMS DES Learn Dsblty Hlth Chk,PRC DELEGATED CO-COMMISSIONING,DR R KUMAR WALSALL,24800947,420.00 ,,WAL000012324
Department of Health,NHS Walsall CCG,11/30/2018,C&M-GMS DES Minor Surgery,PRC DELEGATED CO-COMMISSIONING,DR R KUMAR WALSALL,24800947,870.80 ,,WAL000012324
Department of Health,NHS Walsall CCG,11/30/2018,C&M-GMS Global Sum,PRC DELEGATED CO-COMMISSIONING,DR R KUMAR WALSALL,24800947,"20,106.68 ",,WAL000012324
Department of Health,NHS Walsall CCG,11/30/2018,C&M-GMS MPIG Correction Factor,PRC DELEGATED CO-COMMISSIONING,DR R KUMAR WALSALL,24800947,566.06 ,,WAL000012324
Department of Health,NHS Walsall CCG,11/30/2018,C&M-GMS Prof Fees Prescribing,PRC DELEGATED CO-COMMISSIONING,DR R KUMAR WALSALL,24800947,489.90 ,,WAL000012324
Department of Health,NHS Walsall CCG,11/30/2018,C&M-GMS QOF Aspiration,PRC DELEGATED CO-COMMISSIONING,DR R KUMAR WALSALL,24800947,"2,754.34 ",,WAL000012324
Department of Health,NHS Walsall CCG,11/30/2018,C&M-GMS DES Extended Hours Access,PRC DELEGATED CO-COMMISSIONING,DR SURI WALSALL,24800949,"2,546.48 ",,WAL000012326
Department of Health,NHS Walsall CCG,11/30/2018,C&M-GMS DES Learn Dsblty Hlth Chk,PRC DELEGATED CO-COMMISSIONING,DR SURI WALSALL,24800949,140.00 ,,WAL000012326
Department of Health,NHS Walsall CCG,11/30/2018,C&M-GMS DES Minor Surgery,PRC DELEGATED CO-COMMISSIONING,DR SURI WALSALL,24800949,"3,091.34 ",,WAL000012326
Department of Health,NHS Walsall CCG,11/30/2018,C&M-GMS Global Sum,PRC DELEGATED CO-COMMISSIONING,DR SURI WALSALL,24800949,"35,878.80 ",,WAL000012326
Department of Health,NHS Walsall CCG,11/30/2018,C&M-GMS MPIG Correction Factor,PRC DELEGATED CO-COMMISSIONING,DR SURI WALSALL,24800949,503.36 ,,WAL000012326
Department of Health,NHS Walsall CCG,11/30/2018,C&M-GMS Prem Notional Rent,PRC DELEGATED CO-COMMISSIONING,DR SURI WALSALL,24800949,"3,916.67 ",,WAL000012326
Department of Health,NHS Walsall CCG,11/30/2018,C&M-GMS QOF Aspiration,PRC DELEGATED CO-COMMISSIONING,DR SURI WALSALL,24800949,"3,205.14 ",,WAL000012326
Department of Health,NHS Walsall CCG,11/30/2018,C&M-GMS Cost of Drugs -Prescribing,LOCAL ENHANCED SERVICES,DR SJ VAID,24800951,"1,862.77 ",,WAL000012328
Department of Health,NHS Walsall CCG,11/30/2018,C&M-GMS DES Learn Dsblty Hlth Chk,PRC DELEGATED CO-COMMISSIONING,DR SJ VAID,24800951,348.00 ,,WAL000012328
Department of Health,NHS Walsall CCG,11/30/2018,C&M-GMS Global Sum,PRC DELEGATED CO-COMMISSIONING,DR SJ VAID,24800951,"35,203.02 ",,WAL000012328
Department of Health,NHS Walsall CCG,11/30/2018,C&M-GMS Prof Fees Prescribing,PRC DELEGATED CO-COMMISSIONING,DR SJ VAID,24800951,333.50 ,,WAL000012328
Department of Health,NHS Walsall CCG,11/30/2018,C&M-GMS QOF Aspiration,PRC DELEGATED CO-COMMISSIONING,DR SJ VAID,24800951,"2,981.85 ",,WAL000012328
Department of Health,NHS Walsall CCG,11/30/2018,C&M-GMS Cost of Drugs -Prescribing,LOCAL ENHANCED SERVICES,DRS JAWAHAR MOHAN & LOTLIKAR,24800953,"3,280.65 ",,WAL000012330
Department of Health,NHS Walsall CCG,11/30/2018,C&M-GMS DES Extended Hours Access,PRC DELEGATED CO-COMMISSIONING,DRS JAWAHAR MOHAN & LOTLIKAR,24800953,"3,458.00 ",,WAL000012330
Department of Health,NHS Walsall CCG,11/30/2018,C&M-GMS DES Minor Surgery,PRC DELEGATED CO-COMMISSIONING,DRS JAWAHAR MOHAN & LOTLIKAR,24800953,"1,828.68 ",,WAL000012330
Department of Health,NHS Walsall CCG,11/30/2018,C&M-GMS Global Sum,PRC DELEGATED CO-COMMISSIONING,DRS JAWAHAR MOHAN & LOTLIKAR,24800953,"51,311.14 ",,WAL000012330
Department of Health,NHS Walsall CCG,11/30/2018,C&M-GMS Prof Fees Prescribing,PRC DELEGATED CO-COMMISSIONING,DRS JAWAHAR MOHAN & LOTLIKAR,24800953,671.60 ,,WAL000012330
Department of Health,NHS Walsall CCG,11/30/2018,C&M-GMS QOF Aspiration,PRC DELEGATED CO-COMMISSIONING,DRS JAWAHAR MOHAN & LOTLIKAR,24800953,"5,213.01 ",,WAL000012330
Department of Health,NHS Walsall CCG,11/30/2018,C&M-GMS Cost of Drugs -Prescribing,LOCAL ENHANCED SERVICES,DRS PILLAI & NAIR,24800955,"4,453.19 ",,WAL000012334
Department of Health,NHS Walsall CCG,11/30/2018,C&M-GMS DES Minor Surgery,PRC DELEGATED CO-COMMISSIONING,DRS PILLAI & NAIR,24800955,"5,311.88 ",,WAL000012334
Department of Health,NHS Walsall CCG,11/30/2018,C&M-GMS Global Sum,PRC DELEGATED CO-COMMISSIONING,DRS PILLAI & NAIR,24800955,"37,033.31 ",,WAL000012334
Department of Health,NHS Walsall CCG,11/30/2018,C&M-GMS Prof Fees Prescribing,PRC DELEGATED CO-COMMISSIONING,DRS PILLAI & NAIR,24800955,844.10 ,,WAL000012334
Department of Health,NHS Walsall CCG,11/30/2018,C&M-GMS QOF Aspiration,PRC DELEGATED CO-COMMISSIONING,DRS PILLAI & NAIR,24800955,"4,804.21 ",,WAL000012334
Department of Health,NHS Walsall CCG,11/30/2018,C&M-GMS Cost of Drugs -Prescribing,LOCAL ENHANCED SERVICES,DRS GHAFFAR & ASGHAR,24800957,"5,279.00 ",,WAL000012336
Department of Health,NHS Walsall CCG,11/30/2018,C&M-GMS DES Extended Hours Access,PRC DELEGATED CO-COMMISSIONING,DRS GHAFFAR & ASGHAR,24800957,"8,071.64 ",,WAL000012336
Department of Health,NHS Walsall CCG,11/30/2018,C&M-GMS DES Learn Dsblty Hlth Chk,PRC DELEGATED CO-COMMISSIONING,DRS GHAFFAR & ASGHAR,24800957,280.00 ,,WAL000012336
Department of Health,NHS Walsall CCG,11/30/2018,C&M-GMS DES Minor Surgery,PRC DELEGATED CO-COMMISSIONING,DRS GHAFFAR & ASGHAR,24800957,"10,928.54 ",,WAL000012336
Department of Health,NHS Walsall CCG,11/30/2018,C&M-GMS Global Sum,PRC DELEGATED CO-COMMISSIONING,DRS GHAFFAR & ASGHAR,24800957,"72,632.73 ",,WAL000012336
Department of Health,NHS Walsall CCG,11/30/2018,C&M-GMS Prof Fees Prescribing,PRC DELEGATED CO-COMMISSIONING,DRS GHAFFAR & ASGHAR,24800957,"1,713.48 ",,WAL000012336
Department of Health,NHS Walsall CCG,11/30/2018,C&M-GMS QOF Aspiration,PRC DELEGATED CO-COMMISSIONING,DRS GHAFFAR & ASGHAR,24800957,"7,874.45 ",,WAL000012336
Department of Health,NHS Walsall CCG,11/30/2018,C&M-GMS Cost of Drugs -Prescribing,LOCAL ENHANCED SERVICES,DUGAS & PARTNERS,24800959,"6,582.84 ",,WAL000012338
Department of Health,NHS Walsall CCG,11/30/2018,C&M-GMS DES Minor Surgery,PRC DELEGATED CO-COMMISSIONING,DUGAS & PARTNERS,24800959,"1,480.36 ",,WAL000012338
Department of Health,NHS Walsall CCG,11/30/2018,C&M-GMS Global Sum,PRC DELEGATED CO-COMMISSIONING,DUGAS & PARTNERS,24800959,"33,405.49 ",,WAL000012338
Department of Health,NHS Walsall CCG,11/30/2018,C&M-GMS MPIG Correction Factor,PRC DELEGATED CO-COMMISSIONING,DUGAS & PARTNERS,24800959,212.87 ,,WAL000012338
Department of Health,NHS Walsall CCG,11/30/2018,C&M-GMS Prem Cost Rent,PRC DELEGATED CO-COMMISSIONING,DUGAS & PARTNERS,24800959,"5,496.33 ",,WAL000012338
Department of Health,NHS Walsall CCG,11/30/2018,C&M-GMS Prem Notional Rent,PRC DELEGATED CO-COMMISSIONING,DUGAS & PARTNERS,24800959,683.33 ,,WAL000012338
Department of Health,NHS Walsall CCG,11/30/2018,C&M-GMS Prem Water Rates,PRC DELEGATED CO-COMMISSIONING,DUGAS & PARTNERS,24800959,121.13 ,,WAL000012338
Department of Health,NHS Walsall CCG,11/30/2018,C&M-GMS Prof Fees Prescribing,PRC DELEGATED CO-COMMISSIONING,DUGAS & PARTNERS,24800959,"1,213.92 ",,WAL000012338
Department of Health,NHS Walsall CCG,11/30/2018,C&M-GMS QOF Aspiration,PRC DELEGATED CO-COMMISSIONING,DUGAS & PARTNERS,24800959,"3,118.79 ",,WAL000012338
Department of Health,NHS Walsall CCG,11/30/2018,C&M-PMS Contract Value,PRC DELEGATED CO-COMMISSIONING,HOLLAND PARK SURGERY WALSALL,24800961,"35,898.88 ",,WAL000012340
Department of Health,NHS Walsall CCG,11/30/2018,C&M-PMS Cost of Drugs -Prescribing,LOCAL ENHANCED SERVICES,HOLLAND PARK SURGERY WALSALL,24800961,"2,591.76 ",,WAL000012340
Department of Health,NHS Walsall CCG,11/30/2018,C&M-PMS DES Minor Surgery,PRC DELEGATED CO-COMMISSIONING,HOLLAND PARK SURGERY WALSALL,24800961,"1,132.04 ",,WAL000012340
Department of Health,NHS Walsall CCG,11/30/2018,C&M-PMS Prof fees Prescribing,PRC DELEGATED CO-COMMISSIONING,HOLLAND PARK SURGERY WALSALL,24800961,623.30 ,,WAL000012340
Department of Health,NHS Walsall CCG,11/30/2018,C&M-PMS QOF Aspiration,PRC DELEGATED CO-COMMISSIONING,HOLLAND PARK SURGERY WALSALL,24800961,"3,673.60 ",,WAL000012340
Department of Health,NHS Walsall CCG,11/30/2018,C&M-GMS Cost of Drugs -Prescribing,LOCAL ENHANCED SERVICES,HOULAHAN & PARTNERS,24800963,"5,913.97 ",,WAL000012342
Department of Health,NHS Walsall CCG,11/30/2018,C&M-GMS Global Sum,PRC DELEGATED CO-COMMISSIONING,HOULAHAN & PARTNERS,24800963,"71,221.46 ",,WAL000012342
Department of Health,NHS Walsall CCG,11/30/2018,C&M-GMS MPIG Correction Factor,PRC DELEGATED CO-COMMISSIONING,HOULAHAN & PARTNERS,24800963,179.92 ,,WAL000012342
Department of Health,NHS Walsall CCG,11/30/2018,C&M-GMS Prem Cost Rent,PRC DELEGATED CO-COMMISSIONING,HOULAHAN & PARTNERS,24800963,"3,822.33 ",,WAL000012342
Department of Health,NHS Walsall CCG,11/30/2018,C&M-GMS Prem Notional Rent,PRC DELEGATED CO-COMMISSIONING,HOULAHAN & PARTNERS,24800963,529.58 ,,WAL000012342
Department of Health,NHS Walsall CCG,11/30/2018,C&M-GMS Prof Fees Prescribing,PRC DELEGATED CO-COMMISSIONING,HOULAHAN & PARTNERS,24800963,"1,288.00 ",,WAL000012342
Department of Health,NHS Walsall CCG,11/30/2018,C&M-GMS QOF Aspiration,PRC DELEGATED CO-COMMISSIONING,HOULAHAN & PARTNERS,24800963,"7,672.03 ",,WAL000012342
Department of Health,NHS Walsall CCG,11/30/2018,C&M-GMS DES Learn Dsblty Hlth Chk,PRC DELEGATED CO-COMMISSIONING,KAUL & PTS,24800965,560.00 ,,WAL000012344
Department of Health,NHS Walsall CCG,11/30/2018,C&M-GMS DES Minor Surgery,PRC DELEGATED CO-COMMISSIONING,KAUL & PTS,24800965,304.78 ,,WAL000012344
Department of Health,NHS Walsall CCG,11/30/2018,C&M-GMS Global Sum,PRC DELEGATED CO-COMMISSIONING,KAUL & PTS,24800965,"21,974.12 ",,WAL000012344
Department of Health,NHS Walsall CCG,11/30/2018,C&M-GMS MPIG Correction Factor,PRC DELEGATED CO-COMMISSIONING,KAUL & PTS,24800965,518.60 ,,WAL000012344
Department of Health,NHS Walsall CCG,11/30/2018,C&M-GMS QOF Aspiration,PRC DELEGATED CO-COMMISSIONING,KAUL & PTS,24800965,"2,174.70 ",,WAL000012344
Department of Health,NHS Walsall CCG,11/30/2018,C&M-GMS Cost of Drugs -Prescribing,LOCAL ENHANCED SERVICES,DR I KHAN & DR S MERALI,24800967,"3,166.30 ",,WAL000012346
Department of Health,NHS Walsall CCG,11/30/2018,C&M-GMS DES Minor Surgery,PRC DELEGATED CO-COMMISSIONING,DR I KHAN & DR S MERALI,24800967,"1,567.44 ",,WAL000012346
Department of Health,NHS Walsall CCG,11/30/2018,C&M-GMS Global Sum,PRC DELEGATED CO-COMMISSIONING,DR I KHAN & DR S MERALI,24800967,"25,474.41 ",,WAL000012346
Department of Health,NHS Walsall CCG,11/30/2018,C&M-GMS MPIG Correction Factor,PRC DELEGATED CO-COMMISSIONING,DR I KHAN & DR S MERALI,24800967,243.86 ,,WAL000012346
Department of Health,NHS Walsall CCG,11/30/2018,C&M-GMS Prof Fees Prescribing,PRC DELEGATED CO-COMMISSIONING,DR I KHAN & DR S MERALI,24800967,745.20 ,,WAL000012346
Department of Health,NHS Walsall CCG,11/30/2018,C&M-GMS QOF Aspiration,PRC DELEGATED CO-COMMISSIONING,DR I KHAN & DR S MERALI,24800967,"2,547.94 ",,WAL000012346
Department of Health,NHS Walsall CCG,11/30/2018,C&M-GMS Global Sum,PRC DELEGATED CO-COMMISSIONING,JAY & PANSARI,24800969,"29,905.97 ",,WAL000012348
Department of Health,NHS Walsall CCG,11/30/2018,C&M-GMS QOF Aspiration,PRC DELEGATED CO-COMMISSIONING,JAY & PANSARI,24800969,"3,817.56 ",,WAL000012348
Department of Health,NHS Walsall CCG,11/30/2018,C&M-GMS Cost of Drugs -Prescribing,LOCAL ENHANCED SERVICES,L S NAMBISAN,24800971,"2,856.46 ",,WAL000012350
Department of Health,NHS Walsall CCG,11/30/2018,C&M-GMS Global Sum,PRC DELEGATED CO-COMMISSIONING,L S NAMBISAN,24800971,"18,327.48 ",,WAL000012350
Department of Health,NHS Walsall CCG,11/30/2018,C&M-GMS Prem Notional Rent,PRC DELEGATED CO-COMMISSIONING,L S NAMBISAN,24800971,"1,612.50 ",,WAL000012350
Department of Health,NHS Walsall CCG,11/30/2018,C&M-GMS Prof Fees Prescribing,PRC DELEGATED CO-COMMISSIONING,L S NAMBISAN,24800971,508.30 ,,WAL000012350
Department of Health,NHS Walsall CCG,11/30/2018,C&M-GMS QOF Aspiration,PRC DELEGATED CO-COMMISSIONING,L S NAMBISAN,24800971,"2,332.18 ",,WAL000012350
Department of Health,NHS Walsall CCG,11/30/2018,C&M-GMS Cost of Drugs -Prescribing,LOCAL ENHANCED SERVICES,LITTLE LONDON SURGERY,24800973,"4,318.69 ",,WAL000012352
Department of Health,NHS Walsall CCG,11/30/2018,C&M-GMS DES Extended Hours Access,PRC DELEGATED CO-COMMISSIONING,LITTLE LONDON SURGERY,24800973,"3,985.73 ",,WAL000012352
Department of Health,NHS Walsall CCG,11/30/2018,C&M-GMS DES Minor Surgery,PRC DELEGATED CO-COMMISSIONING,LITTLE LONDON SURGERY,24800973,"1,480.36 ",,WAL000012352
Department of Health,NHS Walsall CCG,11/30/2018,C&M-GMS Global Sum,PRC DELEGATED CO-COMMISSIONING,LITTLE LONDON SURGERY,24800973,"60,681.91 ",,WAL000012352
Department of Health,NHS Walsall CCG,11/30/2018,C&M-GMS Prem Notional Rent,PRC DELEGATED CO-COMMISSIONING,LITTLE LONDON SURGERY,24800973,"4,881.25 ",,WAL000012352
Department of Health,NHS Walsall CCG,11/30/2018,C&M-GMS Prof Fees Prescribing,PRC DELEGATED CO-COMMISSIONING,LITTLE LONDON SURGERY,24800973,892.40 ,,WAL000012352
Department of Health,NHS Walsall CCG,11/30/2018,C&M-GMS QOF Aspiration,PRC DELEGATED CO-COMMISSIONING,LITTLE LONDON SURGERY,24800973,"6,990.88 ",,WAL000012352
Department of Health,NHS Walsall CCG,11/30/2018,C&M-GMS Cost of Drugs -Prescribing,LOCAL ENHANCED SERVICES,LOCKSTOWN PRACTICE,24800975,498.41 ,,WAL000012354
Department of Health,NHS Walsall CCG,11/30/2018,C&M-GMS DES Extended Hours Access,PRC DELEGATED CO-COMMISSIONING,LOCKSTOWN PRACTICE,24800975,"3,752.03 ",,WAL000012354
Department of Health,NHS Walsall CCG,11/30/2018,C&M-GMS DES Learn Dsblty Hlth Chk,PRC DELEGATED CO-COMMISSIONING,LOCKSTOWN PRACTICE,24800975,980.00 ,,WAL000012354
Department of Health,NHS Walsall CCG,11/30/2018,C&M-GMS DES Minor Surgery,PRC DELEGATED CO-COMMISSIONING,LOCKSTOWN PRACTICE,24800975,"5,050.64 ",,WAL000012354
Department of Health,NHS Walsall CCG,11/30/2018,C&M-GMS Global Sum,PRC DELEGATED CO-COMMISSIONING,LOCKSTOWN PRACTICE,24800975,"59,339.38 ",,WAL000012354
Department of Health,NHS Walsall CCG,11/30/2018,C&M-GMS MPIG Correction Factor,PRC DELEGATED CO-COMMISSIONING,LOCKSTOWN PRACTICE,24800975,27.60 ,,WAL000012354
Department of Health,NHS Walsall CCG,11/30/2018,C&M-GMS Prem Actual Rent,PRC DELEGATED CO-COMMISSIONING,LOCKSTOWN PRACTICE,24800975,"5,235.33 ",,WAL000012354
Department of Health,NHS Walsall CCG,11/30/2018,C&M-GMS Prem Cost Rent,PRC DELEGATED CO-COMMISSIONING,LOCKSTOWN PRACTICE,24800975,"3,607.50 ",,WAL000012354
Department of Health,NHS Walsall CCG,11/30/2018,C&M-GMS Prof Fees Prescribing,PRC DELEGATED CO-COMMISSIONING,LOCKSTOWN PRACTICE,24800975,333.50 ,,WAL000012354
Department of Health,NHS Walsall CCG,11/30/2018,C&M-GMS QOF Aspiration,PRC DELEGATED CO-COMMISSIONING,LOCKSTOWN PRACTICE,24800975,"8,150.50 ",,WAL000012354
Department of Health,NHS Walsall CCG,11/30/2018,C&M-GMS Global Sum,PRC DELEGATED CO-COMMISSIONING,M Z ABEDIN,24800977,"26,334.75 ",,WAL000012356
Department of Health,NHS Walsall CCG,11/30/2018,C&M-GMS Prem Cost Rent,PRC DELEGATED CO-COMMISSIONING,M Z ABEDIN,24800977,"1,964.58 ",,WAL000012356
Department of Health,NHS Walsall CCG,11/30/2018,C&M-GMS QOF Aspiration,PRC DELEGATED CO-COMMISSIONING,M Z ABEDIN,24800977,"3,118.49 ",,WAL000012356
Department of Health,NHS Walsall CCG,11/30/2018,C&M-GMS Cost of Drugs -Prescribing,LOCAL ENHANCED SERVICES,NORTHGATE PRACTICE,24800980,"22,071.48 ",,WAL000012360
Department of Health,NHS Walsall CCG,11/30/2018,C&M-GMS DES Extended Hours Access,PRC DELEGATED CO-COMMISSIONING,NORTHGATE PRACTICE,24800980,"4,729.10 ",,WAL000012360
Department of Health,NHS Walsall CCG,11/30/2018,C&M-GMS DES Learn Dsblty Hlth Chk,PRC DELEGATED CO-COMMISSIONING,NORTHGATE PRACTICE,24800980,280.00 ,,WAL000012360
Department of Health,NHS Walsall CCG,11/30/2018,C&M-GMS DES Minor Surgery,PRC DELEGATED CO-COMMISSIONING,NORTHGATE PRACTICE,24800980,"12,844.30 ",,WAL000012360
Department of Health,NHS Walsall CCG,11/30/2018,C&M-GMS Global Sum,PRC DELEGATED CO-COMMISSIONING,NORTHGATE PRACTICE,24800980,"77,477.68 ",,WAL000012360
Department of Health,NHS Walsall CCG,11/30/2018,C&M-GMS Prem Notional Rent,PRC DELEGATED CO-COMMISSIONING,NORTHGATE PRACTICE,24800980,"12,641.00 ",,WAL000012360
Department of Health,NHS Walsall CCG,11/30/2018,C&M-GMS Prof Fees Prescribing,PRC DELEGATED CO-COMMISSIONING,NORTHGATE PRACTICE,24800980,"6,021.02 ",,WAL000012360
Department of Health,NHS Walsall CCG,11/30/2018,C&M-GMS QOF Aspiration,PRC DELEGATED CO-COMMISSIONING,NORTHGATE PRACTICE,24800980,"10,923.65 ",,WAL000012360
Department of Health,NHS Walsall CCG,11/30/2018,C&M-GMS Cost of Drugs -Prescribing,LOCAL ENHANCED SERVICES,PORTLAND MEDICAL PRACTICE,24800981,"3,366.78 ",,WAL000012364
Department of Health,NHS Walsall CCG,11/30/2018,C&M-GMS DES Extended Hours Access,PRC DELEGATED CO-COMMISSIONING,PORTLAND MEDICAL PRACTICE,24800981,"4,253.15 ",,WAL000012364
Department of Health,NHS Walsall CCG,11/30/2018,C&M-GMS DES Learn Dsblty Hlth Chk,PRC DELEGATED CO-COMMISSIONING,PORTLAND MEDICAL PRACTICE,24800981,"1,540.00 ",,WAL000012364
Department of Health,NHS Walsall CCG,11/30/2018,C&M-GMS DES Minor Surgery,PRC DELEGATED CO-COMMISSIONING,PORTLAND MEDICAL PRACTICE,24800981,"8,141.98 ",,WAL000012364
Department of Health,NHS Walsall CCG,11/30/2018,C&M-GMS Global Sum,PRC DELEGATED CO-COMMISSIONING,PORTLAND MEDICAL PRACTICE,24800981,"66,525.75 ",,WAL000012364
Department of Health,NHS Walsall CCG,11/30/2018,C&M-GMS Prem Notional Rent,PRC DELEGATED CO-COMMISSIONING,PORTLAND MEDICAL PRACTICE,24800981,"10,651.20 ",,WAL000012364
Department of Health,NHS Walsall CCG,11/30/2018,C&M-GMS Prof Fees Prescribing,PRC DELEGATED CO-COMMISSIONING,PORTLAND MEDICAL PRACTICE,24800981,310.50 ,,WAL000012364
Department of Health,NHS Walsall CCG,11/30/2018,C&M-GMS QOF Aspiration,PRC DELEGATED CO-COMMISSIONING,PORTLAND MEDICAL PRACTICE,24800981,"7,846.60 ",,WAL000012364
Department of Health,NHS Walsall CCG,11/30/2018,C&M-GMS Cost of Drugs -Prescribing,LOCAL ENHANCED SERVICES,RUSHALL MEDICAL CENTRE,24801983,"5,465.51 ",,WAL000012366
Department of Health,NHS Walsall CCG,11/30/2018,C&M-GMS Global Sum,PRC DELEGATED CO-COMMISSIONING,RUSHALL MEDICAL CENTRE,24801983,"108,306.25 ",,WAL000012366
Department of Health,NHS Walsall CCG,11/30/2018,C&M-GMS MPIG Correction Factor,PRC DELEGATED CO-COMMISSIONING,RUSHALL MEDICAL CENTRE,24801983,340.58 ,,WAL000012366
Department of Health,NHS Walsall CCG,11/30/2018,C&M-GMS Prem Notional Rent,PRC DELEGATED CO-COMMISSIONING,RUSHALL MEDICAL CENTRE,24801983,"13,556.09 ",,WAL000012366
Department of Health,NHS Walsall CCG,11/30/2018,C&M-GMS Prof Fees Prescribing,PRC DELEGATED CO-COMMISSIONING,RUSHALL MEDICAL CENTRE,24801983,880.90 ,,WAL000012366
Department of Health,NHS Walsall CCG,11/30/2018,C&M-GMS QOF Aspiration,PRC DELEGATED CO-COMMISSIONING,RUSHALL MEDICAL CENTRE,24801983,"14,940.38 ",,WAL000012366
Department of Health,NHS Walsall CCG,11/30/2018,C&M-GMS Cost of Drugs -Prescribing,LOCAL ENHANCED SERVICES,S F ALI,24801985,"3,583.12 ",,WAL000012368
Department of Health,NHS Walsall CCG,11/30/2018,C&M-GMS DES Learn Dsblty Hlth Chk,PRC DELEGATED CO-COMMISSIONING,S F ALI,24801985,420.00 ,,WAL000012368
Department of Health,NHS Walsall CCG,11/30/2018,C&M-GMS Global Sum,PRC DELEGATED CO-COMMISSIONING,S F ALI,24801985,"30,218.20 ",,WAL000012368
Department of Health,NHS Walsall CCG,11/30/2018,C&M-GMS Prem Notional Rent,PRC DELEGATED CO-COMMISSIONING,S F ALI,24801985,"2,241.75 ",,WAL000012368
Department of Health,NHS Walsall CCG,11/30/2018,C&M-GMS Prof Fees Prescribing,PRC DELEGATED CO-COMMISSIONING,S F ALI,24801985,793.50 ,,WAL000012368
Department of Health,NHS Walsall CCG,11/30/2018,C&M-GMS QOF Aspiration,PRC DELEGATED CO-COMMISSIONING,S F ALI,24801985,"3,604.12 ",,WAL000012368
Department of Health,NHS Walsall CCG,11/30/2018,C&M-GMS Global Sum,PRC DELEGATED CO-COMMISSIONING,SINHA RISCHIE & SINHA,24801987,"55,379.50 ",,WAL000012370
Department of Health,NHS Walsall CCG,11/30/2018,C&M-GMS MPIG Correction Factor,PRC DELEGATED CO-COMMISSIONING,SINHA RISCHIE & SINHA,24801987,363.89 ,,WAL000012370
Department of Health,NHS Walsall CCG,11/30/2018,C&M-GMS Prem Actual Rent,PRC DELEGATED CO-COMMISSIONING,SINHA RISCHIE & SINHA,24801987,"12,800.00 ",,WAL000012370
Department of Health,NHS Walsall CCG,11/30/2018,C&M-GMS QOF Aspiration,PRC DELEGATED CO-COMMISSIONING,SINHA RISCHIE & SINHA,24801987,"6,560.67 ",,WAL000012370
Department of Health,NHS Walsall CCG,11/30/2018,C&M-GMS Cost of Drugs -Prescribing,LOCAL ENHANCED SERVICES,THORNETT,24801989,"4,774.30 ",,WAL000012372
Department of Health,NHS Walsall CCG,11/30/2018,C&M-GMS Global Sum,PRC DELEGATED CO-COMMISSIONING,THORNETT,24801989,"23,062.03 ",,WAL000012372
Department of Health,NHS Walsall CCG,11/30/2018,C&M-GMS Prof Fees Prescribing,PRC DELEGATED CO-COMMISSIONING,THORNETT,24801989,989.00 ,,WAL000012372
Department of Health,NHS Walsall CCG,11/30/2018,C&M-GMS QOF Aspiration,PRC DELEGATED CO-COMMISSIONING,THORNETT,24801989,"2,854.92 ",,WAL000012372
Department of Health,NHS Walsall CCG,11/30/2018,C&M-GMS Cost of Drugs -Prescribing,LOCAL ENHANCED SERVICES,VITARANA,24801991,"1,694.27 ",,WAL000012374
Department of Health,NHS Walsall CCG,11/30/2018,C&M-GMS Global Sum,PRC DELEGATED CO-COMMISSIONING,VITARANA,24801991,"22,755.57 ",,WAL000012374
Department of Health,NHS Walsall CCG,11/30/2018,C&M-GMS Prem Cost Rent,PRC DELEGATED CO-COMMISSIONING,VITARANA,24801991,"5,981.33 ",,WAL000012374
Department of Health,NHS Walsall CCG,11/30/2018,C&M-GMS Prof Fees Prescribing,PRC DELEGATED CO-COMMISSIONING,VITARANA,24801991,425.50 ,,WAL000012374
Department of Health,NHS Walsall CCG,11/30/2018,C&M-GMS QOF Aspiration,PRC DELEGATED CO-COMMISSIONING,VITARANA,24801991,"1,730.29 ",,WAL000012374
Department of Health,NHS Walsall CCG,11/30/2018,C&M-GMS Cost of Drugs -Prescribing,LOCAL ENHANCED SERVICES,LOCKFIELD SURGERY & RAYNOR ROAD SURGERY,24801993,"2,773.39 ",,WAL000012376
Department of Health,NHS Walsall CCG,11/30/2018,C&M-GMS DES Extended Hours Access,PRC DELEGATED CO-COMMISSIONING,LOCKFIELD SURGERY & RAYNOR ROAD SURGERY,24801993,"4,966.60 ",,WAL000012376
Department of Health,NHS Walsall CCG,11/30/2018,C&M-GMS DES Learn Dsblty Hlth Chk,PRC DELEGATED CO-COMMISSIONING,LOCKFIELD SURGERY & RAYNOR ROAD SURGERY,24801993,"2,800.00 ",,WAL000012376
Department of Health,NHS Walsall CCG,11/30/2018,C&M-GMS DES Minor Surgery,PRC DELEGATED CO-COMMISSIONING,LOCKFIELD SURGERY & RAYNOR ROAD SURGERY,24801993,"9,143.40 ",,WAL000012376
Department of Health,NHS Walsall CCG,11/30/2018,C&M-GMS Global Sum,PRC DELEGATED CO-COMMISSIONING,LOCKFIELD SURGERY & RAYNOR ROAD SURGERY,24801993,"76,287.84 ",,WAL000012376
Department of Health,NHS Walsall CCG,11/30/2018,C&M-GMS Prem Actual Rent,PRC DELEGATED CO-COMMISSIONING,LOCKFIELD SURGERY & RAYNOR ROAD SURGERY,24801993,"14,727.25 ",,WAL000012376
Department of Health,NHS Walsall CCG,11/30/2018,C&M-GMS Prem Water Rates,PRC DELEGATED CO-COMMISSIONING,LOCKFIELD SURGERY & RAYNOR ROAD SURGERY,24801993,354.19 ,,WAL000012376
Department of Health,NHS Walsall CCG,11/30/2018,C&M-GMS Prof Fees Prescribing,PRC DELEGATED CO-COMMISSIONING,LOCKFIELD SURGERY & RAYNOR ROAD SURGERY,24801993,407.10 ,,WAL000012376
Department of Health,NHS Walsall CCG,11/30/2018,C&M-GMS QOF Aspiration,PRC DELEGATED CO-COMMISSIONING,LOCKFIELD SURGERY & RAYNOR ROAD SURGERY,24801993,"8,830.63 ",,WAL000012376
Department of Health,NHS Walsall CCG,11/30/2018,C&M-GMS Cost of Drugs -Prescribing,LOCAL ENHANCED SERVICES,PALFREY HEALTH CENTRE,24802001,674.92 ,,WAL000012388
Department of Health,NHS Walsall CCG,11/30/2018,C&M-GMS Global Sum,PRC DELEGATED CO-COMMISSIONING,PALFREY HEALTH CENTRE,24802001,"28,840.66 ",,WAL000012388
Department of Health,NHS Walsall CCG,11/30/2018,C&M-GMS MPIG Correction Factor,PRC DELEGATED CO-COMMISSIONING,PALFREY HEALTH CENTRE,24802001,996.56 ,,WAL000012388
Department of Health,NHS Walsall CCG,11/30/2018,C&M-GMS Prem Actual Rent,PRC DELEGATED CO-COMMISSIONING,PALFREY HEALTH CENTRE,24802001,"2,924.42 ",,WAL000012388
Department of Health,NHS Walsall CCG,11/30/2018,C&M-GMS Prof Fees Prescribing,PRC DELEGATED CO-COMMISSIONING,PALFREY HEALTH CENTRE,24802001,112.70 ,,WAL000012388
Department of Health,NHS Walsall CCG,11/30/2018,C&M-GMS QOF Aspiration,PRC DELEGATED CO-COMMISSIONING,PALFREY HEALTH CENTRE,24802001,"2,730.75 ",,WAL000012388
Department of Health,NHS Walsall CCG,11/30/2018,C&M-PMS Contract Value,PRC DELEGATED CO-COMMISSIONING,COLLINGWOOD PRACTICE,24802004,"35,105.44 ",,WAL000012392
Department of Health,NHS Walsall CCG,11/30/2018,C&M-PMS Cost of Drugs -Prescribing,LOCAL ENHANCED SERVICES,COLLINGWOOD PRACTICE,24802004,18.43 ,,WAL000012392
Department of Health,NHS Walsall CCG,11/30/2018,C&M-PMS Prof fees Prescribing,PRC DELEGATED CO-COMMISSIONING,COLLINGWOOD PRACTICE,24802004,9.20 ,,WAL000012392
Department of Health,NHS Walsall CCG,11/30/2018,C&M-PMS QOF Aspiration,PRC DELEGATED CO-COMMISSIONING,COLLINGWOOD PRACTICE,24802004,"3,961.34 ",,WAL000012392
Department of Health,NHS Walsall CCG,11/30/2018,ME-PMS GP Pension EEs Adjs - PMS,PRC DELEGATED CO-COMMISSIONING,COLLINGWOOD PRACTICE,24802004,"2,242.98 ",,WAL000012392
Department of Health,NHS Walsall CCG,11/30/2018,ME-PMS GP Pension ERs Adjs - PMS,PRC DELEGATED CO-COMMISSIONING,COLLINGWOOD PRACTICE,24802004,"2,389.20 ",,WAL000012392
Department of Health,NHS Walsall CCG,11/30/2018,C&M-PMS Contract Value,PRC DELEGATED CO-COMMISSIONING,KEYS MEDICAL PRACTICE,24802007,"34,749.78 ",,WAL000012396
Department of Health,NHS Walsall CCG,11/30/2018,C&M-PMS Cost of Drugs -Prescribing,LOCAL ENHANCED SERVICES,KEYS MEDICAL PRACTICE,24802007,"3,208.45 ",,WAL000012396
Department of Health,NHS Walsall CCG,11/30/2018,C&M-PMS Prof fees Prescribing,PRC DELEGATED CO-COMMISSIONING,KEYS MEDICAL PRACTICE,24802007,699.20 ,,WAL000012396
Department of Health,NHS Walsall CCG,11/30/2018,C&M-PMS QOF Aspiration,PRC DELEGATED CO-COMMISSIONING,KEYS MEDICAL PRACTICE,24802007,"3,096.41 ",,WAL000012396
Department of Health,NHS Walsall CCG,11/30/2018,ME - PMS GP Prior Year ERs,PRC DELEGATED CO-COMMISSIONING,KEYS MEDICAL PRACTICE,24802007,"6,311.38 ",,WAL000012396
Department of Health,NHS Walsall CCG,11/30/2018,ME-PMS GP Prior Year EEs,PRC DELEGATED CO-COMMISSIONING,KEYS MEDICAL PRACTICE,24802007,"5,486.25 ",,WAL000012396
Department of Health,NHS Walsall CCG,11/30/2018,C&M-PMS Contract Value,PRC DELEGATED CO-COMMISSIONING,HARDEN-BLAKENALL PRACTICE,24802009,"95,001.25 ",282 3211 27,WAL000012398
Department of Health,NHS Walsall CCG,11/30/2018,C&M-PMS Cost of Drugs -Prescribing,LOCAL ENHANCED SERVICES,HARDEN-BLAKENALL PRACTICE,24802009,944.85 ,282 3211 27,WAL000012398
Department of Health,NHS Walsall CCG,11/30/2018,C&M-PMS Prof fees Prescribing,PRC DELEGATED CO-COMMISSIONING,HARDEN-BLAKENALL PRACTICE,24802009,207.00 ,282 3211 27,WAL000012398
Department of Health,NHS Walsall CCG,11/30/2018,C&M-PMS QOF Aspiration,PRC DELEGATED CO-COMMISSIONING,HARDEN-BLAKENALL PRACTICE,24802009,"10,154.80 ",282 3211 27,WAL000012398
Department of Health,NHS Walsall CCG,11/30/2018,ME - PMS GP Prior Year ERs,PRC DELEGATED CO-COMMISSIONING,HARDEN-BLAKENALL PRACTICE,24802009,"7,863.43 ",282 3211 27,WAL000012398
Department of Health,NHS Walsall CCG,11/30/2018,ME-PMS GP Pension EEs Adjs - PMS,PRC DELEGATED CO-COMMISSIONING,HARDEN-BLAKENALL PRACTICE,24802009,"5,621.67 ",282 3211 27,WAL000012398
Department of Health,NHS Walsall CCG,11/30/2018,ME-PMS GP Pension ERs Adjs - PMS,PRC DELEGATED CO-COMMISSIONING,HARDEN-BLAKENALL PRACTICE,24802009,"5,988.11 ",282 3211 27,WAL000012398
Department of Health,NHS Walsall CCG,11/30/2018,ME-PMS GP Prior Year EEs,PRC DELEGATED CO-COMMISSIONING,HARDEN-BLAKENALL PRACTICE,24802009,"7,973.37 ",282 3211 27,WAL000012398
Department of Health,NHS Walsall CCG,11/30/2018,C&M-GMS Cost of Drugs -Prescribing,LOCAL ENHANCED SERVICES,BLOXWICH MEDICAL PRACTICE,24804469,835.49 ,,WAL000012332
Department of Health,NHS Walsall CCG,11/30/2018,C&M-GMS Global Sum,PRC DELEGATED CO-COMMISSIONING,BLOXWICH MEDICAL PRACTICE,24804469,"40,486.25 ",,WAL000012332
Department of Health,NHS Walsall CCG,11/30/2018,C&M-GMS Prof Fees Prescribing,PRC DELEGATED CO-COMMISSIONING,BLOXWICH MEDICAL PRACTICE,24804469,144.90 ,,WAL000012332
Department of Health,NHS Walsall CCG,11/30/2018,C&M-GMS QOF Aspiration,PRC DELEGATED CO-COMMISSIONING,BLOXWICH MEDICAL PRACTICE,24804469,"4,587.52 ",,WAL000012332
Department of Health,NHS Walsall CCG,11/30/2018,C&M-GMS Cost of Drugs -Prescribing,LOCAL ENHANCED SERVICES,STROUD PRACTICE,24804472,"7,332.64 ",,WAL000012362
Department of Health,NHS Walsall CCG,11/30/2018,C&M-GMS DES Extended Hours Access,PRC DELEGATED CO-COMMISSIONING,STROUD PRACTICE,24804472,"2,475.23 ",,WAL000012362
Department of Health,NHS Walsall CCG,11/30/2018,C&M-GMS DES Minor Surgery,PRC DELEGATED CO-COMMISSIONING,STROUD PRACTICE,24804472,"2,481.78 ",,WAL000012362
Department of Health,NHS Walsall CCG,11/30/2018,C&M-GMS Global Sum,PRC DELEGATED CO-COMMISSIONING,STROUD PRACTICE,24804472,"40,502.08 ",,WAL000012362
Department of Health,NHS Walsall CCG,11/30/2018,C&M-GMS Prof Fees Prescribing,PRC DELEGATED CO-COMMISSIONING,STROUD PRACTICE,24804472,"1,332.80 ",,WAL000012362
Department of Health,NHS Walsall CCG,11/30/2018,C&M-GMS QOF Aspiration,PRC DELEGATED CO-COMMISSIONING,STROUD PRACTICE,24804472,"4,387.30 ",,WAL000012362
Department of Health,NHS Walsall CCG,11/30/2018,C&M-PMS Contract Value,PRC DELEGATED CO-COMMISSIONING,NEW INVENTION MEDICAL PRACTICE,24804474,"42,764.69 ",,WAL000012378
Department of Health,NHS Walsall CCG,11/30/2018,C&M-PMS Cost of Drugs -Prescribing,LOCAL ENHANCED SERVICES,NEW INVENTION MEDICAL PRACTICE,24804474,"4,531.69 ",,WAL000012378
Department of Health,NHS Walsall CCG,11/30/2018,C&M-PMS Prem Actual Rent,PRC DELEGATED CO-COMMISSIONING,NEW INVENTION MEDICAL PRACTICE,24804474,"3,800.00 ",,WAL000012378
Department of Health,NHS Walsall CCG,11/30/2018,C&M-PMS Prof fees Prescribing,PRC DELEGATED CO-COMMISSIONING,NEW INVENTION MEDICAL PRACTICE,24804474,565.80 ,,WAL000012378
Department of Health,NHS Walsall CCG,11/30/2018,C&M-PMS QOF Aspiration,PRC DELEGATED CO-COMMISSIONING,NEW INVENTION MEDICAL PRACTICE,24804474,"5,497.51 ",,WAL000012378
Department of Health,NHS Walsall CCG,11/30/2018,C&M-GMS Cost of Drugs -Prescribing,LOCAL ENHANCED SERVICES,LICHFIELD STREET SURGERY,24804476,"6,746.96 ",,WAL000012382
Department of Health,NHS Walsall CCG,11/30/2018,C&M-GMS DES Extended Hours Access,PRC DELEGATED CO-COMMISSIONING,LICHFIELD STREET SURGERY,24804476,"4,305.40 ",,WAL000012382
Department of Health,NHS Walsall CCG,11/30/2018,C&M-GMS DES Learn Dsblty Hlth Chk,PRC DELEGATED CO-COMMISSIONING,LICHFIELD STREET SURGERY,24804476,"1,120.00 ",,WAL000012382
Department of Health,NHS Walsall CCG,11/30/2018,C&M-GMS DES Minor Surgery,PRC DELEGATED CO-COMMISSIONING,LICHFIELD STREET SURGERY,24804476,"2,743.02 ",,WAL000012382
Department of Health,NHS Walsall CCG,11/30/2018,C&M-GMS Global Sum,PRC DELEGATED CO-COMMISSIONING,LICHFIELD STREET SURGERY,24804476,"68,131.98 ",,WAL000012382
Department of Health,NHS Walsall CCG,11/30/2018,C&M-GMS Prem Notional Rent,PRC DELEGATED CO-COMMISSIONING,LICHFIELD STREET SURGERY,24804476,"5,654.17 ",,WAL000012382
Department of Health,NHS Walsall CCG,11/30/2018,C&M-GMS Prem Water Rates,PRC DELEGATED CO-COMMISSIONING,LICHFIELD STREET SURGERY,24804476,130.35 ,,WAL000012382
Department of Health,NHS Walsall CCG,11/30/2018,C&M-GMS Prof Fees Prescribing,PRC DELEGATED CO-COMMISSIONING,LICHFIELD STREET SURGERY,24804476,"1,406.99 ",,WAL000012382
Department of Health,NHS Walsall CCG,11/30/2018,C&M-GMS QOF Aspiration,PRC DELEGATED CO-COMMISSIONING,LICHFIELD STREET SURGERY,24804476,"8,009.82 ",,WAL000012382
Department of Health,NHS Walsall CCG,11/30/2018,Hcare Srv Rec Fdtn Trust-Contract Baseline,ACUTE COMMISSIONING,WEST MIDLANDS AMBULANCE SERVICE NHS FOUNDATION TRUST,24806743,"34,569.63 ",GB654950708,C0003654
Department of Health,NHS Walsall CCG,11/30/2018,Hcare Srv Rec Fdtn Trust-Contract Baseline,AMBULANCE SERVICES,WEST MIDLANDS AMBULANCE SERVICE NHS FOUNDATION TRUST,24806756,"853,253.98 ",GB654950708,A0003493
Department of Health,NHS Walsall CCG,11/30/2018,Hcare Srv Rec Fdtn Trust-Non Contract,AMBULANCE SERVICES,WEST MIDLANDS AMBULANCE SERVICE NHS FOUNDATION TRUST,24806756,"3,000.00 ",GB654950708,A0003493
Department of Health,NHS Walsall CCG,11/30/2018,C&M-GMS Cost of Drugs -Prescribing,LOCAL ENHANCED SERVICES,CONOD & PARTNERS,24825987,"3,037.29 ",,WAL000012304
Department of Health,NHS Walsall CCG,11/30/2018,C&M-GMS DES Minor Surgery,PRC DELEGATED CO-COMMISSIONING,CONOD & PARTNERS,24825987,783.72 ,,WAL000012304
Department of Health,NHS Walsall CCG,11/30/2018,C&M-GMS Global Sum,PRC DELEGATED CO-COMMISSIONING,CONOD & PARTNERS,24825987,"55,210.88 ",,WAL000012304
Department of Health,NHS Walsall CCG,11/30/2018,C&M-GMS Prem Actual Rent,PRC DELEGATED CO-COMMISSIONING,CONOD & PARTNERS,24825987,"2,535.00 ",,WAL000012304
Department of Health,NHS Walsall CCG,11/30/2018,C&M-GMS Prem Water Rates,PRC DELEGATED CO-COMMISSIONING,CONOD & PARTNERS,24825987,87.74 ,,WAL000012304
Department of Health,NHS Walsall CCG,11/30/2018,C&M-GMS Prof Fees Prescribing,PRC DELEGATED CO-COMMISSIONING,CONOD & PARTNERS,24825987,522.10 ,,WAL000012304
Department of Health,NHS Walsall CCG,11/30/2018,C&M-GMS QOF Aspiration,PRC DELEGATED CO-COMMISSIONING,CONOD & PARTNERS,24825987,"5,049.70 ",,WAL000012304
Department of Health,NHS Walsall CCG,11/30/2018,C&M-PMS Contract Value,PRC DELEGATED CO-COMMISSIONING,FORRESTER STREET PRACTICE,24825992,"67,515.41 ",,WAL000012394
Department of Health,NHS Walsall CCG,11/30/2018,C&M-PMS QOF Aspiration,PRC DELEGATED CO-COMMISSIONING,FORRESTER STREET PRACTICE,24825992,"5,957.11 ",,WAL000012394
Department of Health,NHS Walsall CCG,11/30/2018,ME - PMS GP Prior Year ERs,PRC DELEGATED CO-COMMISSIONING,FORRESTER STREET PRACTICE,24825992,"6,324.15 ",,WAL000012394
Department of Health,NHS Walsall CCG,11/30/2018,ME-PMS GP Pension EEs Adjs - PMS,PRC DELEGATED CO-COMMISSIONING,FORRESTER STREET PRACTICE,24825992,"1,591.84 ",,WAL000012394
Department of Health,NHS Walsall CCG,11/30/2018,ME-PMS GP Pension ERs Adjs - PMS,PRC DELEGATED CO-COMMISSIONING,FORRESTER STREET PRACTICE,24825992,"2,304.70 ",,WAL000012394
Department of Health,NHS Walsall CCG,11/30/2018,ME-PMS GP Prior Year EEs,PRC DELEGATED CO-COMMISSIONING,FORRESTER STREET PRACTICE,24825992,"4,495.34 ",,WAL000012394
Department of Health,NHS Walsall CCG,11/30/2018,C&M-GMS LES Ultrasound,LOCAL ENHANCED SERVICES,MEDISCAN DIAGNOSTIC SERVICES LTD,24838007,"29,739.00 ",,INV003251
Department of Health,NHS Walsall CCG,11/30/2018,Clinical&Medical-Independent Sector,NCAS/OATS,SPIRE HEALTHCARE LTD,24838049,"(144,564.45)",915970991,05YLASREC181906
Department of Health,NHS Walsall CCG,11/30/2018,C&M-OES Cataract,ACUTE COMMISSIONING,PRIMARY EYECARE (HEART OF WEST MIDLANDS) LTD,24871770,"26,680.00 ",,198620
Department of Health,NHS Walsall CCG,11/30/2018,Hcare Srv Rec NHS Trust-Contract Baseline,ACUTE COMMISSIONING,UNIVERSITY HOSPITALS OF NORTH MIDLANDS NHS TRUST,24889536,"51,996.00 ",654932808,I0009511
Department of Health,NHS Walsall CCG,11/30/2018,Hcare Srv Rec NHS Trust-Contract Baseline,ACUTE COMMISSIONING,WALSALL HEALTHCARE NHS TRUST,24895100,"13,989,001.00 ",654948981,GK18190043
Department of Health,NHS Walsall CCG,11/30/2018,FM Computer Contracts,PRIMARY CARE IT,WALSALL HEALTHCARE NHS TRUST,24895102,"66,667.00 ",654948981,GK18190044
Department of Health,NHS Walsall CCG,11/30/2018,Hcare Srv Rec Fdtn Trust-Contract Cost per Case,LEARNING DIFFICULTIES,BLACK COUNTRY PARTNERSHIP NHS FOUNDATION TRUST,24920772,"27,115.20 ",654963890,1100005703
Department of Health,NHS Walsall CCG,11/30/2018,Hcare Srv Rec Fdtn Trust-Contract Baseline,LEARNING DIFFICULTIES,BLACK COUNTRY PARTNERSHIP NHS FOUNDATION TRUST,24948085,"155,632.67 ",654963890,LG18190051
Department of Health,NHS Walsall CCG,11/30/2018,Hcare Srv Rec Fdtn Trust-Contract Baseline,MENTAL HEALTH CONTRACTS,BLACK COUNTRY PARTNERSHIP NHS FOUNDATION TRUST,24948091,"30,918.00 ",654963890,LG18190052
Department of Health,NHS Walsall CCG,11/30/2018,Hcare Srv Rec NHS Trust-Contract Baseline,MENTAL HEALTH CONTRACTS,DUDLEY AND WALSALL MENTAL HEALTH PARTNERSHIP NHS TRUST,24948093,"2,318,513.92 ",654439224,LG18190053
Department of Health,NHS Walsall CCG,11/30/2018,Clinical&Medical-Voluntary Sector,HOSPICES,ST GILES HOSPICE,24948097,"56,031.00 ",486883086,LG18190054
