Date,Supplier,AP Amount (�),Purchase invoice number
31/05/2018,ASSURA HC UK LTD,"46,688.12",LINV018864
31/05/2018,ASSURA HC UK LTD,"-56,904.60",LCRN3518
31/05/2018,BIRMINGHAM WOMENS AND CHILDRENS NHS FOUNDATION TRUST,"50,942.00",15698206
31/05/2018,BIRMINGHAM WOMENS AND CHILDRENS NHS FOUNDATION TRUST,"76,897.75",15700562
31/05/2018,BONEY HAY SURGERY,337.26,ST000049956
31/05/2018,BONEY HAY SURGERY,"15,471.59",ST000049956
31/05/2018,BONEY HAY SURGERY,603.78,ST000049956
31/05/2018,BONEY HAY SURGERY,"1,650.33",ST000049956
31/05/2018,BONEY HAY SURGERY,179.17,ST000049956
31/05/2018,BONEY HAY SURGERY,"8,446.93",ST000049956
31/05/2018,BONEY HAY SURGERY,"1,892.37",ST000049956
31/05/2018,BPAS,"27,715.80",37325
31/05/2018,BURNTWOOD HEALTH & WELLBEING CENTRE,"77,420.45",ST000049737
31/05/2018,BURNTWOOD HEALTH & WELLBEING CENTRE,83.33,ST000049737
31/05/2018,BURNTWOOD HEALTH & WELLBEING CENTRE,"1,607.76",ST000049737
31/05/2018,BURNTWOOD HEALTH & WELLBEING CENTRE,"8,420.00",ST000049737
31/05/2018,BURNTWOOD HEALTH & WELLBEING CENTRE,"3,141.00",ST000049737
31/05/2018,BURNTWOOD HEALTH & WELLBEING CENTRE,"77,420.45",GPAPR2018Y02414
31/05/2018,BURTON HOSPITALS NHS FOUNDATION TRUST,"3,771,692.00",IN122069
31/05/2018,DALE MEDICAL PRACTICE,"79,044.00",201718150PERHEADCAN
31/05/2018,DALE MEDICAL PRACTICE,"93,098.27",SEISDONWINTER
31/05/2018,DARWIN MEDICAL PRACTICE,"27,530.40",150PERHEAD201718
31/05/2018,DARWIN MEDICAL PRACTICE,"2,653.19",ST000049954
31/05/2018,DARWIN MEDICAL PRACTICE,"2,800.00",ST000049954
31/05/2018,DARWIN MEDICAL PRACTICE,"1,806.96",ST000049954
31/05/2018,DARWIN MEDICAL PRACTICE,"121,963.31",ST000049954
31/05/2018,DARWIN MEDICAL PRACTICE,85.14,ST000049954
31/05/2018,DARWIN MEDICAL PRACTICE,"2,555.68",ST000049954
31/05/2018,DARWIN MEDICAL PRACTICE,"4,847.93",ST000049954
31/05/2018,DARWIN MEDICAL PRACTICE,"3,617.75",ST000049954
31/05/2018,DARWIN MEDICAL PRACTICE,"6,535.36",ST000049954
31/05/2018,DARWIN MEDICAL PRACTICE,"1,520.17",ST000049954
31/05/2018,DARWIN MEDICAL PRACTICE,"5,968.97",ST000049954
31/05/2018,DARWIN MEDICAL PRACTICE,303.46,ST000049954
31/05/2018,DARWIN MEDICAL PRACTICE,"129,236.44",ST000049954
31/05/2018,DARWIN MEDICAL PRACTICE,"13,523.02",ST000049954
31/05/2018,DR ANITHA JOHN,711.39,ST000049952
31/05/2018,DR ANITHA JOHN,840,ST000049952
31/05/2018,DR ANITHA JOHN,"27,662.87",ST000049952
31/05/2018,DR ANITHA JOHN,859.74,ST000049952
31/05/2018,DR ANITHA JOHN,"1,258.60",ST000049952
31/05/2018,DR ANITHA JOHN,644.42,ST000049952
31/05/2018,DR ANITHA JOHN,"1,434.42",ST000049952
31/05/2018,DR ANITHA JOHN,"1,232.19",ST000049952
31/05/2018,DR ANITHA JOHN,182.07,ST000049952
31/05/2018,DR ANITHA JOHN,17.61,ST000049952
31/05/2018,DR ANITHA JOHN,"19,545.65",ST000049952
31/05/2018,DR ANITHA JOHN,"2,441.15",ST000049952
31/05/2018,DR FYUNAS,"2,660.00",ST000049924
31/05/2018,DR FYUNAS,"2,391.08",ST000049924
31/05/2018,DR FYUNAS,"76,991.47",ST000049924
31/05/2018,DR FYUNAS,643.57,ST000049924
31/05/2018,DR FYUNAS,"3,387.20",ST000049924
31/05/2018,DR FYUNAS,"3,038.58",ST000049924
31/05/2018,DR FYUNAS,"2,323.09",ST000049924
31/05/2018,DR FYUNAS,"3,154.17",ST000049924
31/05/2018,DR FYUNAS,824.5,ST000049924
31/05/2018,DR FYUNAS,121.96,ST000049924
31/05/2018,DR FYUNAS,"39,675.22",ST000049924
31/05/2018,DR FYUNAS,"8,010.83",ST000049924
31/05/2018,DR G J C BRUCE & PARTNERS,"2,130.22",ST000049926
31/05/2018,DR G J C BRUCE & PARTNERS,"3,360.00",ST000049926
31/05/2018,DR G J C BRUCE & PARTNERS,"92,828.79",ST000049926
31/05/2018,DR G J C BRUCE & PARTNERS,"3,865.12",ST000049926
31/05/2018,DR G J C BRUCE & PARTNERS,"10,521.92",ST000049926
31/05/2018,DR G J C BRUCE & PARTNERS,"7,050.88",ST000049926
31/05/2018,DR G J C BRUCE & PARTNERS,"42,558.53",ST000049926
31/05/2018,DR G J C BRUCE & PARTNERS,"10,372.27",ST000049926
31/05/2018,DR HSDHINGRA,"1,041.35",ST000049920
31/05/2018,DR HSDHINGRA,"25,420.37",ST000049920
31/05/2018,DR HSDHINGRA,720.92,ST000049920
31/05/2018,DR HSDHINGRA,"1,152.17",ST000049920
31/05/2018,DR HSDHINGRA,"1,798.67",ST000049920
31/05/2018,DR HSDHINGRA,"16,216.21",ST000049920
31/05/2018,DR HSDHINGRA,"3,114.90",ST000049920
31/05/2018,DR I DUKES & PARTNERS,"1,233.90",ST000049922
31/05/2018,DR I DUKES & PARTNERS,"1,540.00",ST000049922
31/05/2018,DR I DUKES & PARTNERS,"1,244.52",ST000049922
31/05/2018,DR I DUKES & PARTNERS,"52,970.03",ST000049922
31/05/2018,DR I DUKES & PARTNERS,"2,215.02",ST000049922
31/05/2018,DR I DUKES & PARTNERS,"1,010.08",ST000049922
31/05/2018,DR I DUKES & PARTNERS,"2,458.33",ST000049922
31/05/2018,DR I DUKES & PARTNERS,"29,898.80",ST000049922
31/05/2018,DR I DUKES & PARTNERS,"6,693.31",ST000049922
31/05/2018,DR JGWAKEMAN & PARTNERS,-32.3,ST000049927
31/05/2018,DR JGWAKEMAN & PARTNERS,-754.71,ST000049927
31/05/2018,DR JGWAKEMAN & PARTNERS,-412.51,ST000049927
31/05/2018,DR JGWAKEMAN & PARTNERS,"-2,470.17",ST000049927
31/05/2018,DR JGWAKEMAN & PARTNERS,"-33,906.97",ST000049927
31/05/2018,DR JGWAKEMAN & PARTNERS,-59.64,ST000049927
31/05/2018,DR JGWAKEMAN & PARTNERS,-747.75,ST000049927
31/05/2018,DR JGWAKEMAN & PARTNERS,"-4,132.74",ST000049927
31/05/2018,DR JGWAKEMAN & PARTNERS,"-4,762.51",ST000049927
31/05/2018,DR JGWAKEMAN & PARTNERS,"1,873.72",ST000049928
31/05/2018,DR JGWAKEMAN & PARTNERS,980,ST000049928
31/05/2018,DR JGWAKEMAN & PARTNERS,206.82,ST000049928
31/05/2018,DR JGWAKEMAN & PARTNERS,"80,640.35",ST000049928
31/05/2018,DR JGWAKEMAN & PARTNERS,"3,459.12",ST000049928
31/05/2018,DR JGWAKEMAN & PARTNERS,"7,410.50",ST000049928
31/05/2018,DR JGWAKEMAN & PARTNERS,"82,830.00",ST000049928
31/05/2018,DR JGWAKEMAN & PARTNERS,"1,114.44",ST000049928
31/05/2018,DR JGWAKEMAN & PARTNERS,"43,414.03",ST000049928
31/05/2018,DR JGWAKEMAN & PARTNERS,"9,312.88",ST000049928
31/05/2018,DR JGWAKEMAN & PARTNERS,271.53,ST000049928
31/05/2018,DR K KHARE,379.53,ST000049930
31/05/2018,DR K KHARE,280,ST000049930
31/05/2018,DR K KHARE,"13,740.55",ST000049930
31/05/2018,DR K KHARE,"1,179.21",ST000049930
31/05/2018,DR K KHARE,666.42,ST000049930
31/05/2018,DR K KHARE,"1,236.15",ST000049930
31/05/2018,DR K KHARE,182.7,ST000049930
31/05/2018,DR K KHARE,17.67,ST000049930
31/05/2018,DR K KHARE,"8,362.10",ST000049930
31/05/2018,DR K KHARE,"1,610.64",ST000049930
31/05/2018,DR LH BRYAN & PARTNERS,"1,083.79",ST000049934
31/05/2018,DR LH BRYAN & PARTNERS,907.08,ST000049934
31/05/2018,DR LH BRYAN & PARTNERS,"46,165.95",ST000049934
31/05/2018,DR LH BRYAN & PARTNERS,"1,927.05",ST000049934
31/05/2018,DR LH BRYAN & PARTNERS,"2,005.50",ST000049934
31/05/2018,DR LH BRYAN & PARTNERS,"2,258.79",ST000049934
31/05/2018,DR LH BRYAN & PARTNERS,"25,797.53",ST000049934
31/05/2018,DR LH BRYAN & PARTNERS,"5,767.70",ST000049934
31/05/2018,DR M STANDEN & PARTNERS,689.54,ST000049932
31/05/2018,DR M STANDEN & PARTNERS,980,ST000049932
31/05/2018,DR M STANDEN & PARTNERS,475.31,ST000049932
31/05/2018,DR M STANDEN & PARTNERS,"28,616.26",ST000049932
31/05/2018,DR M STANDEN & PARTNERS,702.39,ST000049932
31/05/2018,DR M STANDEN & PARTNERS,"1,261.50",ST000049932
31/05/2018,DR M STANDEN & PARTNERS,"1,445.42",ST000049932
31/05/2018,DR M STANDEN & PARTNERS,200.82,ST000049932
31/05/2018,DR M STANDEN & PARTNERS,45.83,ST000049932
31/05/2018,DR M STANDEN & PARTNERS,"14,723.29",ST000049932
31/05/2018,DR M STANDEN & PARTNERS,"3,619.99",ST000049932
31/05/2018,DR P BARNARD & PARTNERS TAMWORTH,-522.47,ST000049738
31/05/2018,DR P BARNARD & PARTNERS TAMWORTH,-434.78,ST000049738
31/05/2018,DR P BARNARD & PARTNERS TAMWORTH,-71.47,ST000049738
31/05/2018,DR P BARNARD & PARTNERS TAMWORTH,"-7,462.85",ST000049738
31/05/2018,DR P BARNARD & PARTNERS TAMWORTH,"-13,649.05",ST000049738
31/05/2018,DR P BARNARD & PARTNERS TAMWORTH,"-13,660.69",ST000049738
31/05/2018,DR P BARNARD & PARTNERS TAMWORTH,"-7,567.23",ST000049738
31/05/2018,DR P BARNARD & PARTNERS TAMWORTH,"101,031.19",ST000049739
31/05/2018,DR P BARNARD & PARTNERS TAMWORTH,"2,549.01",ST000049739
31/05/2018,DR P BARNARD & PARTNERS TAMWORTH,"4,145.26",ST000049739
31/05/2018,DR P BARNARD & PARTNERS TAMWORTH,"7,937.50",ST000049739
31/05/2018,DR P BARNARD & PARTNERS TAMWORTH,"39,999.66",ST000049739
31/05/2018,DR P BARNARD & PARTNERS TAMWORTH,791.8,ST000049739
31/05/2018,DR P BARNARD & PARTNERS TAMWORTH,"101,031.19",GPAPR2018M83148
31/05/2018,DR P J GREGORY & PARTNERS,"82,737.60",ST000049936
31/05/2018,DR P J GREGORY & PARTNERS,"3,318.76",ST000049936
31/05/2018,DR P J GREGORY & PARTNERS,"2,080.75",ST000049936
31/05/2018,DR P J GREGORY & PARTNERS,"3,285.17",ST000049936
31/05/2018,DR P J GREGORY & PARTNERS,575.25,ST000049936
31/05/2018,DR P J GREGORY & PARTNERS,114.33,ST000049936
31/05/2018,DR P J GREGORY & PARTNERS,"45,166.83",ST000049936
31/05/2018,DR P J GREGORY & PARTNERS,"10,699.96",ST000049936
31/05/2018,DR P KILLEEN & PARTNERS,"98,083.25",ST000049741
31/05/2018,DR P KILLEEN & PARTNERS,"2,051.05",ST000049741
31/05/2018,DR P KILLEEN & PARTNERS,"4,760.00",ST000049741
31/05/2018,DR P KILLEEN & PARTNERS,"4,531.41",ST000049741
31/05/2018,DR P KILLEEN & PARTNERS,95,ST000049741
31/05/2018,DR P KILLEEN & PARTNERS,"3,756.37",ST000049741
31/05/2018,DR P KILLEEN & PARTNERS,"6,734.00",ST000049741
31/05/2018,DR P KILLEEN & PARTNERS,"26,135.27",ST000049741
31/05/2018,DR P KILLEEN & PARTNERS,"42,154.71",ST000049741
31/05/2018,DR P KILLEEN & PARTNERS,"9,993.01",ST000049741
31/05/2018,DR P KILLEEN & PARTNERS,"98,083.25",GPAPR2018M83062
31/05/2018,DR PD NIGHTINGALE & PARTNERS,905.83,ST000049938
31/05/2018,DR PD NIGHTINGALE & PARTNERS,156.02,ST000049938
31/05/2018,DR PD NIGHTINGALE & PARTNERS,"33,048.40",ST000049938
31/05/2018,DR PD NIGHTINGALE & PARTNERS,953.31,ST000049938
31/05/2018,DR PD NIGHTINGALE & PARTNERS,"1,665.47",ST000049938
31/05/2018,DR PD NIGHTINGALE & PARTNERS,"2,250.75",ST000049938
31/05/2018,DR PD NIGHTINGALE & PARTNERS,"18,497.25",ST000049938
31/05/2018,DR PD NIGHTINGALE & PARTNERS,"3,807.97",ST000049938
31/05/2018,DR PN JONES,188.67,ST000049940
31/05/2018,DR PN JONES,"30,625.39",ST000049940
31/05/2018,DR PN JONES,"1,221.48",ST000049940
31/05/2018,DR PN JONES,"3,474.50",ST000049940
31/05/2018,DR PN JONES,647.91,ST000049940
31/05/2018,DR PN JONES,"11,111.98",ST000049940
31/05/2018,DR PN JONES,"3,573.71",ST000049940
31/05/2018,DR PN JONES,"-31,087.85",ST000050218
31/05/2018,DR PN JONES,"-3,714.80",ST000050218
31/05/2018,DR PN JONES,"57,918.54",ST000050219
31/05/2018,DR PN JONES,"10,664.14",ST000050219
31/05/2018,DR PN JONES,"3,714.80",ST000050219
31/05/2018,DR PR MAIDMENT & PARTNERS,"56,528.86",ST000049743
31/05/2018,DR PR MAIDMENT & PARTNERS,"1,278.69",ST000049743
31/05/2018,DR PR MAIDMENT & PARTNERS,"2,100.00",ST000049743
31/05/2018,DR PR MAIDMENT & PARTNERS,"4,301.74",ST000049743
31/05/2018,DR PR MAIDMENT & PARTNERS,"2,284.04",ST000049743
31/05/2018,DR PR MAIDMENT & PARTNERS,"6,874.17",ST000049743
31/05/2018,DR PR MAIDMENT & PARTNERS,290,ST000049743
31/05/2018,DR PR MAIDMENT & PARTNERS,"22,611.66",ST000049743
31/05/2018,DR PR MAIDMENT & PARTNERS,"5,727.69",ST000049743
31/05/2018,DR PR MAIDMENT & PARTNERS,"56,528.86",GPAPR2018M83097
31/05/2018,DR S J PARNELL,"1,618.20",ST000049942
31/05/2018,DR S J PARNELL,"42,846.71",ST000049942
31/05/2018,DR S J PARNELL,"1,588.62",ST000049942
31/05/2018,DR S J PARNELL,"3,167.25",ST000049942
31/05/2018,DR S J PARNELL,"2,018.91",ST000049942
31/05/2018,DR S J PARNELL,229.05,ST000049942
31/05/2018,DR S J PARNELL,340.77,ST000049942
31/05/2018,DR S J PARNELL,"4,934.31",ST000049942
31/05/2018,DR Y M BOWEN & PARTNERS,"2,427.73",ST000049944
31/05/2018,DR Y M BOWEN & PARTNERS,"2,975.19",ST000049944
31/05/2018,DR Y M BOWEN & PARTNERS,"108,835.46",ST000049944
31/05/2018,DR Y M BOWEN & PARTNERS,"4,441.06",ST000049944
31/05/2018,DR Y M BOWEN & PARTNERS,"4,800.50",ST000049944
31/05/2018,DR Y M BOWEN & PARTNERS,"3,520.47",ST000049944
31/05/2018,DR Y M BOWEN & PARTNERS,489.1,ST000049944
31/05/2018,DR Y M BOWEN & PARTNERS,111.61,ST000049944
31/05/2018,DR Y M BOWEN & PARTNERS,"53,399.59",ST000049944
31/05/2018,DR Y M BOWEN & PARTNERS,"12,278.99",ST000049944
31/05/2018,DRS A J WAKEMAN & PARTNERS,"1,284.44",ST000049946
31/05/2018,DRS A J WAKEMAN & PARTNERS,"48,254.74",ST000049946
31/05/2018,DRS A J WAKEMAN & PARTNERS,"1,919.80",ST000049946
31/05/2018,DRS A J WAKEMAN & PARTNERS,"2,364.16",ST000049946
31/05/2018,DRS A J WAKEMAN & PARTNERS,"26,665.29",ST000049946
31/05/2018,DRS A J WAKEMAN & PARTNERS,"5,849.23",ST000049946
31/05/2018,DUDLEY GROUP HOSPITALS NHS FOUNDATION TRUST,"840,422.38",1000029539
31/05/2018,EGTON MEDICAL INFORMATION SYSTEMS LTD,"34,454.68",EMINV012985
31/05/2018,E-ZEC MEDICAL TRANSPORT SERVICES LTD,"83,831.45",114581
31/05/2018,FEATHERSTONE FAMILY HEALTH CENTRE,"33,955.59",ST000049747
31/05/2018,FEATHERSTONE FAMILY HEALTH CENTRE,748.28,ST000049747
31/05/2018,FEATHERSTONE FAMILY HEALTH CENTRE,50.07,ST000049747
31/05/2018,FEATHERSTONE FAMILY HEALTH CENTRE,"1,380.40",ST000049747
31/05/2018,FEATHERSTONE FAMILY HEALTH CENTRE,"2,329.59",ST000049747
31/05/2018,FEATHERSTONE FAMILY HEALTH CENTRE,"4,965.50",ST000049747
31/05/2018,FEATHERSTONE FAMILY HEALTH CENTRE,"3,060.96",ST000049747
31/05/2018,FEATHERSTONE FAMILY HEALTH CENTRE,"33,955.59",GPAPR2018M83715
31/05/2018,GEORGE ELIOT HOSPITAL NHS TRUST,"49,842.82",T0126193
31/05/2018,HMRC,"30,717.40",475PW004446361901
31/05/2018,HMRC,374,475PW004446361901
31/05/2018,HMRC,"20,117.33",475PW004446361901
31/05/2018,HMRC,"14,844.52",475PW004446361901
31/05/2018,MIDLANDS PSYCHOLOGY CIC,"34,416.66",051805Q
31/05/2018,NHS MIDLANDS AND LANCASHIRE CSU,"10,028.42",7312310274
31/05/2018,NHS MIDLANDS AND LANCASHIRE CSU,"7,471.23",7312310274
31/05/2018,NHS MIDLANDS AND LANCASHIRE CSU,"77,900.65",7312310274
31/05/2018,NHS MIDLANDS AND LANCASHIRE CSU,"23,515.05",7312310274
31/05/2018,NHS MIDLANDS AND LANCASHIRE CSU,"-10,028.42",7312310342
31/05/2018,NHS MIDLANDS AND LANCASHIRE CSU,"-7,471.23",7312310342
31/05/2018,NHS MIDLANDS AND LANCASHIRE CSU,"-77,900.65",7312310342
31/05/2018,NHS MIDLANDS AND LANCASHIRE CSU,"-23,515.05",7312310342
31/05/2018,NHS MIDLANDS AND LANCASHIRE CSU,"10,028.42",7312310133
31/05/2018,NHS MIDLANDS AND LANCASHIRE CSU,"7,471.23",7312310133
31/05/2018,NHS MIDLANDS AND LANCASHIRE CSU,"77,900.65",7312310133
31/05/2018,NHS MIDLANDS AND LANCASHIRE CSU,"23,515.05",7312310133
31/05/2018,NHS MIDLANDS AND LANCASHIRE CSU,"85,246.50",7312310310
31/05/2018,NHS MIDLANDS AND LANCASHIRE CSU,"10,028.42",7312310349
31/05/2018,NHS MIDLANDS AND LANCASHIRE CSU,"7,471.23",7312310349
31/05/2018,NHS MIDLANDS AND LANCASHIRE CSU,"77,900.65",7312310349
31/05/2018,NHS MIDLANDS AND LANCASHIRE CSU,"23,515.05",7312310349
31/05/2018,NHS STAFFORD AND SURROUNDS CCG,"57,357.06",7020102162
31/05/2018,NHS STAFFORD AND SURROUNDS CCG,"206,113.18",7020102162
31/05/2018,NHS STAFFORD AND SURROUNDS CCG,"260,570.58",7020102162
31/05/2018,NHS STAFFORD AND SURROUNDS CCG,"139,985.04",7020102162
31/05/2018,NHS STAFFORD AND SURROUNDS CCG,"338,194.05",7020102162
31/05/2018,NHS STAFFORD AND SURROUNDS CCG,"301,544.69",7020102162
31/05/2018,NHS STAFFORD AND SURROUNDS CCG,"103,788.81",7020102162
31/05/2018,NHS STAFFORD AND SURROUNDS CCG,"238,836.93",7020102162
31/05/2018,NUFFIELD HEALTH,"67,212.00",CCG776
31/05/2018,NUFFIELD HEALTH,"67,808.00",CCG786
31/05/2018,NUFFIELD HEALTH,"67,808.00",CCG813
31/05/2018,RIVERSIDE SURGERY TAMWORTH,269.8,ST000049958
31/05/2018,RIVERSIDE SURGERY TAMWORTH,"1,960.00",ST000049958
31/05/2018,RIVERSIDE SURGERY TAMWORTH,937.59,ST000049958
31/05/2018,RIVERSIDE SURGERY TAMWORTH,"11,830.59",ST000049958
31/05/2018,RIVERSIDE SURGERY TAMWORTH,277.63,ST000049958
31/05/2018,RIVERSIDE SURGERY TAMWORTH,470.67,ST000049958
31/05/2018,RIVERSIDE SURGERY TAMWORTH,"1,216.67",ST000049958
31/05/2018,RIVERSIDE SURGERY TAMWORTH,175,ST000049958
31/05/2018,RIVERSIDE SURGERY TAMWORTH,"6,949.89",ST000049958
31/05/2018,RIVERSIDE SURGERY TAMWORTH,"1,616.59",ST000049958
31/05/2018,ROBERT JONES & AGNES HUNT ORTHOPAEDIC HOSPITAL NHS FOUNDATION TRUST,"33,314.92",20098538
31/05/2018,ROYAL ORTHOPAEDIC HOSPITAL NHS FOUNDATION TRUST,"98,962.95",46377
31/05/2018,ROYAL WOLVERHAMPTON HOSPITALS NHS TRUST (THE),"2,244,100.00",217354
31/05/2018,ROYAL WOLVERHAMPTON HOSPITALS NHS TRUST (THE),"169,279.00",217335
31/05/2018,SHREWSBURY&TELFORD HOSPITAL NHS TRUST,"163,240.00",10125802
31/05/2018,SHROPSHIRE COMMUNITY HEALTH NHS TRUST,"31,256.42",50022233
31/05/2018,SOUTH STAFFORDSHIRE AND SHROPSHIRE HEALTHCARE NHS TRUST,"36,891.00",I0072914
31/05/2018,SOUTH STAFFORDSHIRE AND SHROPSHIRE HEALTHCARE NHS TRUST,"-36,891.00",C0008439
31/05/2018,SOUTH STAFFORDSHIRE AND SHROPSHIRE HEALTHCARE NHS TRUST,"36,891.00",I0072915
31/05/2018,SOUTH STAFFORDSHIRE AND SHROPSHIRE HEALTHCARE NHS TRUST,"1,508,983.00",I0072912
31/05/2018,SOUTH STAFFORDSHIRE AND SHROPSHIRE HEALTHCARE NHS TRUST,"-36,891.00",C0008448
31/05/2018,SPIRE HEALTHCARE LTD,"54,055.64",05QLASREC171811
31/05/2018,SPIRE HEALTHCARE LTD,"57,545.00",05QLASPF181902
31/05/2018,STAFFORDSHIRE AND STOKE ON TRENT PARTNERSHIP NHS TRUST,"-68,444.00",51368049
31/05/2018,STAFFORDSHIRE AND STOKE ON TRENT PARTNERSHIP NHS TRUST,"1,157,223.25",S0000214
31/05/2018,TRI-LINKS MEDICAL PRACTICE,996.71,ST000049950
31/05/2018,TRI-LINKS MEDICAL PRACTICE,840,ST000049950
31/05/2018,TRI-LINKS MEDICAL PRACTICE,391.86,ST000049950
31/05/2018,TRI-LINKS MEDICAL PRACTICE,"36,135.79",ST000049950
31/05/2018,TRI-LINKS MEDICAL PRACTICE,"1,804.09",ST000049950
31/05/2018,TRI-LINKS MEDICAL PRACTICE,"6,267.67",ST000049950
31/05/2018,TRI-LINKS MEDICAL PRACTICE,"2,876.41",ST000049950
31/05/2018,TRI-LINKS MEDICAL PRACTICE,810.17,ST000049950
31/05/2018,TRI-LINKS MEDICAL PRACTICE,"16,211.23",ST000049950
31/05/2018,TRI-LINKS MEDICAL PRACTICE,"3,415.18",ST000049950
31/05/2018,UNIVERSITY HOSPITALS BIRMINGHAM NHS FOUNDATION,"234,523.00",OPU001582
31/05/2018,UNIVERSITY HOSPITALS BIRMINGHAM NHS FOUNDATION,"3,228,053.00",OPU001750
31/05/2018,UNIVERSITY HOSPITALS COVENTRY AND WARWICKSHIRE NHS TRUST,"53,724.58",1000062762
31/05/2018,UNIVERSITY HOSPITALS COVENTRY AND WARWICKSHIRE NHS TRUST,"53,724.58",1000063064
31/05/2018,UNIVERSITY HOSPITALS OF NORTH MIDLANDS NHS TRUST,"170,176.33",I0004063
31/05/2018,UNIVERSITY HOSPITALS OF NORTH MIDLANDS NHS TRUST,"135,458.00",I0004941
31/05/2018,WALSALL HEALTHCARE NHS TRUST,"304,530.00",C044317
31/05/2018,WEST MIDLANDS AMBULANCE SERVICE NHS FOUNDATION,"586,260.25",A0003326
31/05/2018,WESTGATE PRACTICE (THE),-1.59,ST000049947
31/05/2018,WESTGATE PRACTICE (THE),-174.16,ST000049947
31/05/2018,WESTGATE PRACTICE (THE),-988.57,ST000049947
31/05/2018,WESTGATE PRACTICE (THE),-142.93,ST000049947
31/05/2018,WESTGATE PRACTICE (THE),-307.18,ST000049947
31/05/2018,WESTGATE PRACTICE (THE),"-14,620.24",ST000049947
31/05/2018,WESTGATE PRACTICE (THE),"-16,206.22",ST000049947
31/05/2018,WESTGATE PRACTICE (THE),"4,522.48",ST000049948
31/05/2018,WESTGATE PRACTICE (THE),560,ST000049948
31/05/2018,WESTGATE PRACTICE (THE),"1,396.77",ST000049948
31/05/2018,WESTGATE PRACTICE (THE),"195,949.48",ST000049948
31/05/2018,WESTGATE PRACTICE (THE),"3,753.40",ST000049948
31/05/2018,WESTGATE PRACTICE (THE),"8,289.65",ST000049948
31/05/2018,WESTGATE PRACTICE (THE),"11,038.58",ST000049948
31/05/2018,WESTGATE PRACTICE (THE),"2,158.34",ST000049948
31/05/2018,WESTGATE PRACTICE (THE),"1,490.86",ST000049948
31/05/2018,WESTGATE PRACTICE (THE),733.78,ST000049948
31/05/2018,WESTGATE PRACTICE (THE),"132,697.12",ST000049948
31/05/2018,WESTGATE PRACTICE (THE),"19,751.35",ST000049948
31/05/2018,WESTGATE PRACTICE (THE),"1,336.87",ST000049948
