Department family,Entity,Date,Expense Type,Expense area,Supplier,Transaction number, AP Amount (�) ,VAT registration number,Purchase invoice number
Department of Health,NHS Surrey Heath CCG,30/06/2018,Hlthcre-Foundation Trsts,ACUTE COMMISSIONING,ASHFORD & ST PETERS HOSPITALS NHSFT,22498211," 84,990.00 ",GB654969284,14501297
Department of Health,NHS Surrey Heath CCG,30/06/2018,C&M-GMS DES Extended Hours Access,PRC DELEGATED CO-COMMISSIONING,DR BP BOOTH & PARTNERS,22725256," 4,698.70 ",,SY000033561
Department of Health,NHS Surrey Heath CCG,30/06/2018,C&M-GMS Global Sum,PRC DELEGATED CO-COMMISSIONING,DR BP BOOTH & PARTNERS,22725256," 66,487.16 ",,SY000033561
Department of Health,NHS Surrey Heath CCG,30/06/2018,C&M-GMS Other FDR Payment,PRC DELEGATED CO-COMMISSIONING,DR BP BOOTH & PARTNERS,22725256," 2,020.16 ",,SY000033561
Department of Health,NHS Surrey Heath CCG,30/06/2018,C&M-GMS PCO Seniority,PRC DELEGATED CO-COMMISSIONING,DR BP BOOTH & PARTNERS,22725256," 2,409.93 ",,SY000033561
Department of Health,NHS Surrey Heath CCG,30/06/2018,C&M-GMS Prem Healthcentre Rent,PRC DELEGATED CO-COMMISSIONING,DR BP BOOTH & PARTNERS,22725256," 2,405.50 ",,SY000033561
Department of Health,NHS Surrey Heath CCG,30/06/2018,C&M-GMS QOF Aspiration,PRC DELEGATED CO-COMMISSIONING,DR BP BOOTH & PARTNERS,22725256," 6,086.67 ",,SY000033561
Department of Health,NHS Surrey Heath CCG,30/06/2018,C&M-GMS GP Statutory Levy,PRC DELEGATED CO-COMMISSIONING,DR BP BOOTH & PARTNERS,22738164,-964.47 ,,SY000033560
Department of Health,NHS Surrey Heath CCG,30/06/2018,C&M-GMS Prem Healthcentre Rent,PRC DELEGATED CO-COMMISSIONING,DR BP BOOTH & PARTNERS,22738164,"-28,866.00 ",,SY000033560
Department of Health,NHS Surrey Heath CCG,30/06/2018,C&M-GMS Voluntary Levy,PRC DELEGATED CO-COMMISSIONING,DR BP BOOTH & PARTNERS,22738164,-197.84 ,,SY000033560
Department of Health,NHS Surrey Heath CCG,30/06/2018,C&M-GMS DES Learn Dsblty Hlth Chk,PRC DELEGATED CO-COMMISSIONING,DR COULTER & PARTNERS,22738166, 280.00 ,,SY000033563
Department of Health,NHS Surrey Heath CCG,30/06/2018,C&M-GMS Global Sum,PRC DELEGATED CO-COMMISSIONING,DR COULTER & PARTNERS,22738166," 50,055.99 ",,SY000033563
Department of Health,NHS Surrey Heath CCG,30/06/2018,C&M-GMS Other FDR Payment,PRC DELEGATED CO-COMMISSIONING,DR COULTER & PARTNERS,22738166," 1,533.01 ",,SY000033563
Department of Health,NHS Surrey Heath CCG,30/06/2018,C&M-GMS PCO Other,PRC DELEGATED CO-COMMISSIONING,DR COULTER & PARTNERS,22738166," 4,834.00 ",,SY000033563
Department of Health,NHS Surrey Heath CCG,30/06/2018,C&M-GMS PCO Seniority,PRC DELEGATED CO-COMMISSIONING,DR COULTER & PARTNERS,22738166," 1,871.76 ",,SY000033563
Department of Health,NHS Surrey Heath CCG,30/06/2018,C&M-GMS Prem Actual Rent,PRC DELEGATED CO-COMMISSIONING,DR COULTER & PARTNERS,22738166," 4,375.00 ",,SY000033563
Department of Health,NHS Surrey Heath CCG,30/06/2018,C&M-GMS Prem Rates,PRC DELEGATED CO-COMMISSIONING,DR COULTER & PARTNERS,22738166," 3,708.00 ",,SY000033563
Department of Health,NHS Surrey Heath CCG,30/06/2018,C&M-GMS Prem Water Rates,PRC DELEGATED CO-COMMISSIONING,DR COULTER & PARTNERS,22738166, 788.01 ,,SY000033563
Department of Health,NHS Surrey Heath CCG,30/06/2018,C&M-GMS QOF Aspiration,PRC DELEGATED CO-COMMISSIONING,DR COULTER & PARTNERS,22738166," 5,414.95 ",,SY000033563
Department of Health,NHS Surrey Heath CCG,30/06/2018,C&M-GMS Global Sum,PRC DELEGATED CO-COMMISSIONING,DR SA WILLIAMS,22725255," 37,284.28 ",,SY000033559
Department of Health,NHS Surrey Heath CCG,30/06/2018,C&M-GMS PCO Seniority,PRC DELEGATED CO-COMMISSIONING,DR SA WILLIAMS,22725255," 1,412.19 ",,SY000033559
Department of Health,NHS Surrey Heath CCG,30/06/2018,C&M-GMS Prem Water Rates,PRC DELEGATED CO-COMMISSIONING,DR SA WILLIAMS,22725255, 9.70 ,,SY000033559
Department of Health,NHS Surrey Heath CCG,30/06/2018,C&M-GMS QOF Aspiration,PRC DELEGATED CO-COMMISSIONING,DR SA WILLIAMS,22725255," 3,935.06 ",,SY000033559
Department of Health,NHS Surrey Heath CCG,30/06/2018,Hcare Srv Rec NHS Trust,ACUTE COMMISSIONING,EPSOM & ST HELIER UNIVERSITY HOSPITALS NHS TRUST,22551780," 43,966.00 ",,19749685
Department of Health,NHS Surrey Heath CCG,30/06/2018,C&M-GMS LES Extended Hours,COMMISSIONING SCHEMES,FRIMLEY GREEN MEDICAL CENTRE,22488215," 25,538.63 ",,FGMCEXTHRS8842
Department of Health,NHS Surrey Heath CCG,30/06/2018,C&M-GMS Cost of Drugs -Dispensing,LOCAL ENHANCED SERVICES,FRIMLEY GREEN MEDICAL CENTRE,22720035,"-37,959.20 ",,SY000033413
Department of Health,NHS Surrey Heath CCG,30/06/2018,C&M-GMS PrscChrgsCll&RmttdbyGPCntra,PRC DELEGATED CO-COMMISSIONING,FRIMLEY GREEN MEDICAL CENTRE,22720035,"-2,364.40 ",,SY000033413
Department of Health,NHS Surrey Heath CCG,30/06/2018,C&M-GMS Cost of Drugs -Dispensing,LOCAL ENHANCED SERVICES,FRIMLEY GREEN MEDICAL CENTRE,22720036," 65,400.12 ",,SY000033414
Department of Health,NHS Surrey Heath CCG,30/06/2018,C&M-GMS Prof Fees Dispensing,PRC DELEGATED CO-COMMISSIONING,FRIMLEY GREEN MEDICAL CENTRE,22720036," 12,517.33 ",,SY000033414
Department of Health,NHS Surrey Heath CCG,30/06/2018,C&M-GMS PrscrptnChrgsColl&RmttdbyGP,LOCAL ENHANCED SERVICES,FRIMLEY GREEN MEDICAL CENTRE,22720036," 2,364.40 ",,SY000033414
Department of Health,NHS Surrey Heath CCG,30/06/2018,C&M-GMS Global Sum,PRC DELEGATED CO-COMMISSIONING,FRIMLEY GREEN MEDICAL CENTRE,22725257," 196,019.07 ",,SY000033565
Department of Health,NHS Surrey Heath CCG,30/06/2018,C&M-GMS MPIG Correction Factor,PRC DELEGATED CO-COMMISSIONING,FRIMLEY GREEN MEDICAL CENTRE,22725257, 600.11 ,,SY000033565
Department of Health,NHS Surrey Heath CCG,30/06/2018,C&M-GMS PCO Locum Adop/Pat/Mat,PRC DELEGATED CO-COMMISSIONING,FRIMLEY GREEN MEDICAL CENTRE,22725257," 18,858.55 ",,SY000033565
Department of Health,NHS Surrey Heath CCG,30/06/2018,C&M-GMS PCO Other,PRC DELEGATED CO-COMMISSIONING,FRIMLEY GREEN MEDICAL CENTRE,22725257," 1,818.71 ",,SY000033565
Department of Health,NHS Surrey Heath CCG,30/06/2018,C&M-GMS PCO Seniority,PRC DELEGATED CO-COMMISSIONING,FRIMLEY GREEN MEDICAL CENTRE,22725257," 6,635.55 ",,SY000033565
Department of Health,NHS Surrey Heath CCG,30/06/2018,C&M-GMS Prem Notional Rent,PRC DELEGATED CO-COMMISSIONING,FRIMLEY GREEN MEDICAL CENTRE,22725257," 9,291.67 ",,SY000033565
Department of Health,NHS Surrey Heath CCG,30/06/2018,C&M-GMS Prem Rates,PRC DELEGATED CO-COMMISSIONING,FRIMLEY GREEN MEDICAL CENTRE,22725257," 1,395.00 ",,SY000033565
Department of Health,NHS Surrey Heath CCG,30/06/2018,C&M-GMS QOF Aspiration,PRC DELEGATED CO-COMMISSIONING,FRIMLEY GREEN MEDICAL CENTRE,22725257," 18,419.37 ",,SY000033565
Department of Health,NHS Surrey Heath CCG,30/06/2018,Hcare Srv Rec Fdtn Trust-Non Contract,NCAS/OATS,FRIMLEY HEALTH NHS FOUNDATION TRUST,22467338," 30,321.00 ",654922028,N0099215
Department of Health,NHS Surrey Heath CCG,30/06/2018,Hlthcre-Foundation Trsts,ACUTE COMMISSIONING,FRIMLEY HEALTH NHS FOUNDATION TRUST,22498150," 4,808,650.33 ",654922028,N0099061
Department of Health,NHS Surrey Heath CCG,30/06/2018,Hlthcre-Foundation Trsts,ACUTE COMMISSIONING,GUYS & ST THOMAS HOSPITAL NHS FOUNDATION TRUST,22498125," 32,899.00 ",654923417,3240537
Department of Health,NHS Surrey Heath CCG,30/06/2018,C&M-GMS DES Extended Hours Access,PRC DELEGATED CO-COMMISSIONING,JOHNSON T C & PARTNER,22738170," 3,250.43 ",,SY000033569
Department of Health,NHS Surrey Heath CCG,30/06/2018,C&M-GMS DES Learn Dsblty Hlth Chk,PRC DELEGATED CO-COMMISSIONING,JOHNSON T C & PARTNER,22738170, 232.00 ,,SY000033569
Department of Health,NHS Surrey Heath CCG,30/06/2018,C&M-GMS Global Sum,PRC DELEGATED CO-COMMISSIONING,JOHNSON T C & PARTNER,22738170," 45,170.47 ",,SY000033569
Department of Health,NHS Surrey Heath CCG,30/06/2018,C&M-GMS Other FDR Payment,PRC DELEGATED CO-COMMISSIONING,JOHNSON T C & PARTNER,22738170," 1,399.15 ",,SY000033569
Department of Health,NHS Surrey Heath CCG,30/06/2018,C&M-GMS PCO Seniority,PRC DELEGATED CO-COMMISSIONING,JOHNSON T C & PARTNER,22738170," 1,336.27 ",,SY000033569
Department of Health,NHS Surrey Heath CCG,30/06/2018,C&M-GMS Prem Actual Rent,PRC DELEGATED CO-COMMISSIONING,JOHNSON T C & PARTNER,22738170," 4,625.00 ",,SY000033569
Department of Health,NHS Surrey Heath CCG,30/06/2018,C&M-GMS Prem Rates,PRC DELEGATED CO-COMMISSIONING,JOHNSON T C & PARTNER,22738170," 2,774.21 ",,SY000033569
Department of Health,NHS Surrey Heath CCG,30/06/2018,C&M-GMS Prem Water Rates,PRC DELEGATED CO-COMMISSIONING,JOHNSON T C & PARTNER,22738170," 1,288.52 ",,SY000033569
Department of Health,NHS Surrey Heath CCG,30/06/2018,C&M-GMS QOF Aspiration,PRC DELEGATED CO-COMMISSIONING,JOHNSON T C & PARTNER,22738170," 4,235.25 ",,SY000033569
Department of Health,NHS Surrey Heath CCG,30/06/2018,Clinical&Medical-Independent Sector,PLANNED CARE,K LOTHE & PARTNERS,22551798," 34,815.00 ",,UGRPAIN182002035
Department of Health,NHS Surrey Heath CCG,30/06/2018,C&M-GMS DES Extended Hours Access,PRC DELEGATED CO-COMMISSIONING,K LOTHE & PARTNERS,22725258," 5,646.80 ",,SY000033567
Department of Health,NHS Surrey Heath CCG,30/06/2018,C&M-GMS Global Sum,PRC DELEGATED CO-COMMISSIONING,K LOTHE & PARTNERS,22725258," 76,431.46 ",,SY000033567
Department of Health,NHS Surrey Heath CCG,30/06/2018,C&M-GMS Other FDR Payment,PRC DELEGATED CO-COMMISSIONING,K LOTHE & PARTNERS,22725258," 2,412.16 ",,SY000033567
Department of Health,NHS Surrey Heath CCG,30/06/2018,C&M-GMS PCO Seniority,PRC DELEGATED CO-COMMISSIONING,K LOTHE & PARTNERS,22725258," 3,419.87 ",,SY000033567
Department of Health,NHS Surrey Heath CCG,30/06/2018,C&M-GMS Prem Actual Rent,PRC DELEGATED CO-COMMISSIONING,K LOTHE & PARTNERS,22725258," 8,783.33 ",,SY000033567
Department of Health,NHS Surrey Heath CCG,30/06/2018,C&M-GMS Prem Rates,PRC DELEGATED CO-COMMISSIONING,K LOTHE & PARTNERS,22725258," 1,697.00 ",,SY000033567
Department of Health,NHS Surrey Heath CCG,30/06/2018,C&M-GMS QOF Aspiration,PRC DELEGATED CO-COMMISSIONING,K LOTHE & PARTNERS,22725258," 7,970.88 ",,SY000033567
Department of Health,NHS Surrey Heath CCG,30/06/2018,C&M-GMS DES Extended Hours Access,PRC DELEGATED CO-COMMISSIONING,LIGHTWATER SURGERY,22725259," 5,744.65 ",,SY000033571
Department of Health,NHS Surrey Heath CCG,30/06/2018,C&M-GMS Global Sum,PRC DELEGATED CO-COMMISSIONING,LIGHTWATER SURGERY,22725259," 76,567.51 ",,SY000033571
Department of Health,NHS Surrey Heath CCG,30/06/2018,C&M-GMS MPIG Correction Factor,PRC DELEGATED CO-COMMISSIONING,LIGHTWATER SURGERY,22725259," 1,881.56 ",,SY000033571
Department of Health,NHS Surrey Heath CCG,30/06/2018,C&M-GMS PCO Seniority,PRC DELEGATED CO-COMMISSIONING,LIGHTWATER SURGERY,22725259," 2,003.25 ",,SY000033571
Department of Health,NHS Surrey Heath CCG,30/06/2018,C&M-GMS Prem Notional Rent,PRC DELEGATED CO-COMMISSIONING,LIGHTWATER SURGERY,22725259," 7,158.33 ",,SY000033571
Department of Health,NHS Surrey Heath CCG,30/06/2018,C&M-GMS QOF Aspiration,PRC DELEGATED CO-COMMISSIONING,LIGHTWATER SURGERY,22725259," 6,703.34 ",,SY000033571
Department of Health,NHS Surrey Heath CCG,30/06/2018,Cont Care- Children,CHC CHILDREN,NHS GUILDFORD AND WAVERLEY CCG,22824896," 129,342.00 ",,7026301042
Department of Health,NHS Surrey Heath CCG,30/06/2018,Clinical&Medical-Independent Sector,COMMUNITY SERVICES,NHS NORTH WEST SURREY CCG,22824853," 74,363.00 ",,7026704637
Department of Health,NHS Surrey Heath CCG,30/06/2018,Clinical&Medical-Commercial Sector,COMMUNITY SERVICES,NHS NORTH WEST SURREY CCG,22824899,"-41,087.00 ",,7026704648
Department of Health,NHS Surrey Heath CCG,30/06/2018,Charges from CSU,CEO/ BOARD OFFICE,NHS SOUTH CENTRAL AND WEST COMMISSIONING SUPPORT UNIT,22629233," 8,957.00 ",,7312705716
Department of Health,NHS Surrey Heath CCG,30/06/2018,Charges from CSU,FINANCE,NHS SOUTH CENTRAL AND WEST COMMISSIONING SUPPORT UNIT,22629233," 25,710.00 ",,7312705716
Department of Health,NHS Surrey Heath CCG,30/06/2018,Charges from CSU,PRIMARY CARE IT,NHS SOUTH CENTRAL AND WEST COMMISSIONING SUPPORT UNIT,22629233," 10,336.00 ",,7312705716
Department of Health,NHS Surrey Heath CCG,30/06/2018,Charges from CSU,STRATEGY & DEVELOPMENT,NHS SOUTH CENTRAL AND WEST COMMISSIONING SUPPORT UNIT,22629233," 19,390.00 ",,7312705716
Department of Health,NHS Surrey Heath CCG,30/06/2018,Charges from CSU,CEO/ BOARD OFFICE,NHS SOUTH CENTRAL AND WEST COMMISSIONING SUPPORT UNIT,22629249," 8,957.00 ",,7312705893
Department of Health,NHS Surrey Heath CCG,30/06/2018,Charges from CSU,FINANCE,NHS SOUTH CENTRAL AND WEST COMMISSIONING SUPPORT UNIT,22629249," 25,710.00 ",,7312705893
Department of Health,NHS Surrey Heath CCG,30/06/2018,Charges from CSU,PRIMARY CARE IT,NHS SOUTH CENTRAL AND WEST COMMISSIONING SUPPORT UNIT,22629249," 10,336.00 ",,7312705893
Department of Health,NHS Surrey Heath CCG,30/06/2018,Charges from CSU,STRATEGY & DEVELOPMENT,NHS SOUTH CENTRAL AND WEST COMMISSIONING SUPPORT UNIT,22629249," 19,390.00 ",,7312705893
Department of Health,NHS Surrey Heath CCG,30/06/2018,Charges from CSU,CEO/ BOARD OFFICE,NHS SOUTH CENTRAL AND WEST COMMISSIONING SUPPORT UNIT,22629277," 8,957.14 ",,7312706091
Department of Health,NHS Surrey Heath CCG,30/06/2018,Charges from CSU,FINANCE,NHS SOUTH CENTRAL AND WEST COMMISSIONING SUPPORT UNIT,22629277," 35,046.38 ",,7312706091
Department of Health,NHS Surrey Heath CCG,30/06/2018,Charges from CSU,PRIMARY CARE IT,NHS SOUTH CENTRAL AND WEST COMMISSIONING SUPPORT UNIT,22629277," 10,335.93 ",,7312706091
Department of Health,NHS Surrey Heath CCG,30/06/2018,Charges from CSU,STRATEGY & DEVELOPMENT,NHS SOUTH CENTRAL AND WEST COMMISSIONING SUPPORT UNIT,22629277," 19,389.66 ",,7312706091
Department of Health,NHS Surrey Heath CCG,30/06/2018,Clinical&Medical-Independent Sector,LEARNING DIFFICULTIES,NHS SURREY DOWNS CCG,22498242," 4,718.75 ",,7030501800
Department of Health,NHS Surrey Heath CCG,30/06/2018,Clinical&Medical-Independent Sector,Learning Difficulties - S117,NHS SURREY DOWNS CCG,22498242," 80,824.50 ",,7030501800
Department of Health,NHS Surrey Heath CCG,30/06/2018,Clinical&Medical-Independent Sector,Mental Health Services - S117 Mental Health,NHS SURREY DOWNS CCG,22498242," 362,117.00 ",,7030501800
Department of Health,NHS Surrey Heath CCG,30/06/2018,Cont Care- Adult 100% Fully Funded,CHC ADULT FULLY FUNDED,NHS SURREY DOWNS CCG,22498242," 191,243.03 ",,7030501800
Department of Health,NHS Surrey Heath CCG,30/06/2018,Cont Care-Funded Nursing Care Allow,FUNDED NURSING CARE,NHS SURREY DOWNS CCG,22498242," 170,912.00 ",,7030501800
Department of Health,NHS Surrey Heath CCG,30/06/2018,Healthcare Srv Rec CCG,CONTINUING HEALTHCARE ASSESSMENT & SUPPORT,NHS SURREY DOWNS CCG,22498242," 36,841.00 ",,7030501800
Department of Health,NHS Surrey Heath CCG,30/06/2018,Clinical&Medical-Independent Sector,OUT OF HOURS,NORTH HAMPSHIRE URGENT CARE,22551813," 62,239.62 ",,2291
Department of Health,NHS Surrey Heath CCG,30/06/2018,C&M-GMS DES Extended Hours Access,PRC DELEGATED CO-COMMISSIONING,PARK ROAD SURGERY,22725260," 9,756.03 ",,SY000033573
Department of Health,NHS Surrey Heath CCG,30/06/2018,C&M-GMS DES Learn Dsblty Hlth Chk,PRC DELEGATED CO-COMMISSIONING,PARK ROAD SURGERY,22725260, 420.00 ,,SY000033573
Department of Health,NHS Surrey Heath CCG,30/06/2018,C&M-GMS Global Sum,PRC DELEGATED CO-COMMISSIONING,PARK ROAD SURGERY,22725260," 100,322.96 ",,SY000033573
Department of Health,NHS Surrey Heath CCG,30/06/2018,C&M-GMS Other FDR Payment,PRC DELEGATED CO-COMMISSIONING,PARK ROAD SURGERY,22725260," 4,037.56 ",,SY000033573
Department of Health,NHS Surrey Heath CCG,30/06/2018,C&M-GMS PCO Doctors Ret Scheme,PRC DELEGATED CO-COMMISSIONING,PARK ROAD SURGERY,22725260, 999.96 ,,SY000033573
Department of Health,NHS Surrey Heath CCG,30/06/2018,C&M-GMS PCO Other,PRC DELEGATED CO-COMMISSIONING,PARK ROAD SURGERY,22725260, 965.46 ,,SY000033573
Department of Health,NHS Surrey Heath CCG,30/06/2018,C&M-GMS PCO Seniority,PRC DELEGATED CO-COMMISSIONING,PARK ROAD SURGERY,22725260," 1,202.89 ",,SY000033573
Department of Health,NHS Surrey Heath CCG,30/06/2018,C&M-GMS Prem Actual Rent,PRC DELEGATED CO-COMMISSIONING,PARK ROAD SURGERY,22725260," 12,593.75 ",,SY000033573
Department of Health,NHS Surrey Heath CCG,30/06/2018,C&M-GMS Prem Rates,PRC DELEGATED CO-COMMISSIONING,PARK ROAD SURGERY,22725260," 5,093.05 ",,SY000033573
Department of Health,NHS Surrey Heath CCG,30/06/2018,C&M-GMS Prem Water Rates,PRC DELEGATED CO-COMMISSIONING,PARK ROAD SURGERY,22725260, 459.86 ,,SY000033573
Department of Health,NHS Surrey Heath CCG,30/06/2018,C&M-GMS QOF Aspiration,PRC DELEGATED CO-COMMISSIONING,PARK ROAD SURGERY,22725260," 10,056.14 ",,SY000033573
Department of Health,NHS Surrey Heath CCG,30/06/2018,Hlthcre-Foundation Trsts,ACUTE COMMISSIONING,ROYAL SURREY COUNTY HOSPITAL NHS FOUNDATION TRUST,22498206," 217,516.00 ",,13794710
Department of Health,NHS Surrey Heath CCG,30/06/2018,Hlthcre-Foundation Trsts,PATIENT TRANSPORT,SOUTH CENTRAL AMBULANCE SERVICE NHS FOUNDATION TRUST,22498197," 28,955.72 ",654923613,INV0048769
Department of Health,NHS Surrey Heath CCG,30/06/2018,Hlthcre-Foundation Trsts,AMBULANCE SERVICES,SOUTH EAST COAST AMBULANCE SERVICE NHS FOUNDATION TRUST,22498223," 252,222.58 ",,7880853
Department of Health,NHS Surrey Heath CCG,30/06/2018,Hlthcre-Foundation Trsts,ACUTE COMMISSIONING,ST GEORGES UNIVERSITY HOSPITALS NHS FOUNDATION TRUST,22498098," 62,932.06 ",GB654461922,6431566
Department of Health,NHS Surrey Heath CCG,30/06/2018,Hlthcre-Foundation Trsts,MENTAL HEALTH CONTRACTS,SURREY & BORDERS PARTNERSHIP NHS FOUNDATION TRUST,22498219," 533,579.00 ",654 4345 33,6730574
Department of Health,NHS Surrey Heath CCG,30/06/2018,Hlthcre-Foundation Trsts,LEARNING DIFFICULTIES,SURREY & BORDERS PARTNERSHIP NHS FOUNDATION TRUST,22498221," 52,942.00 ",654 4345 33,6730580
Department of Health,NHS Surrey Heath CCG,30/06/2018,Hlthcre-Foundation Trsts,CHILD AND ADOLESCENT MENTAL HEALTH,SURREY & BORDERS PARTNERSHIP NHS FOUNDATION TRUST,22498222," 49,720.00 ",654 4345 33,6730586
Department of Health,NHS Surrey Heath CCG,30/06/2018,Clinical&Medical-Othe Public Sector,REABLEMENT,SURREY COUNTY COUNCIL,22711964," 469,321.50 ",GB216947249,9500168931
Department of Health,NHS Surrey Heath CCG,30/06/2018,Local AuthorityRevenue-Non-Contract,REABLEMENT,SURREY COUNTY COUNCIL,22711964,"-197,187.00 ",GB216947249,9500168931
Department of Health,NHS Surrey Heath CCG,30/06/2018,Hlthcre-Foundation Trsts,COMMUNITY SERVICES,SURREY HEALTHY CHILDREN & FAMILIES LLP,22488182," 109,371.00 ",,225
Department of Health,NHS Surrey Heath CCG,30/06/2018,Clinical&Medical-Independent Sector,PLANNED CARE,TICCS,22657389," 51,091.80 ",,2893
Department of Health,NHS Surrey Heath CCG,30/06/2018,Clinical&Medical-Commercial Sector,COMMUNITY SERVICES,VIRGIN CARE SERVICES LTD,22551802," 455,257.08 ",GB918510332,10301087003
