Supplier,AP Amount (£),Purchase,invoice,number
30/04/2018,DR E P TATTERSALL & PARTNERS,"-2,089.80",ST000049528,
30/04/2018,DR E P TATTERSALL & PARTNERS,"80,783.88",ST000049529,
30/04/2018,DR E P TATTERSALL & PARTNERS,"16,380.64",ST000049529,
30/04/2018,DR E P TATTERSALL & PARTNERS,"2,089.80",ST000049529,
30/04/2018,DR H D SKINNER & PARTNERS,"1,159.32",ST000049170,
30/04/2018,DR H D SKINNER & PARTNERS,"1,569.61",ST000049170,
30/04/2018,DR H D SKINNER & PARTNERS,"49,609.97",ST000049170,
30/04/2018,DR H D SKINNER & PARTNERS,987.22,ST000049170,
30/04/2018,DR H D SKINNER & PARTNERS,515.27,ST000049170,
30/04/2018,DR H D SKINNER & PARTNERS,"2,273.52",ST000049170,
30/04/2018,DR H D SKINNER & PARTNERS,393.8,ST000049170,
30/04/2018,DR H D SKINNER & PARTNERS,94.44,ST000049170,
30/04/2018,DR H D SKINNER & PARTNERS,"5,834.53",ST000049170,
30/04/2018,DR H D SKINNER & PARTNERS,-254.57,ST000049169,
30/04/2018,DR H D SKINNER & PARTNERS,-36.81,ST000049169,
30/04/2018,DR H D SKINNER & PARTNERS,"-1,998.52",ST000049169,
30/04/2018,DR H D SKINNER & PARTNERS,"-11,806.09",ST000049169,
30/04/2018,DR H D SKINNER & PARTNERS,"-10,925.23",ST000049169,
30/04/2018,DR H D SKINNER & PARTNERS,"-1,886.66",ST000049169,
30/04/2018,DR J DEVIKANAND & PARTNERS,"27,473.84",ST000049063,
30/04/2018,DR J DEVIKANAND & PARTNERS,642.52,ST000049063,
30/04/2018,DR J DEVIKANAND & PARTNERS,214.07,ST000049063,
30/04/2018,DR J DEVIKANAND & PARTNERS,287.77,ST000049063,
30/04/2018,DR J DEVIKANAND & PARTNERS,688.26,ST000049063,
30/04/2018,DR J DEVIKANAND & PARTNERS,321.67,ST000049063,
30/04/2018,DR J DEVIKANAND & PARTNERS,"2,944.25",ST000049063,
30/04/2018,DR J J L CLEARY & PARTNERS,-478.81,ST000049171,
30/04/2018,DR J J L CLEARY & PARTNERS,"-1,437.18",ST000049171,
30/04/2018,DR J J L CLEARY & PARTNERS,-69.23,ST000049171,
30/04/2018,DR J J L CLEARY & PARTNERS,"-16,691.47",ST000049171,
30/04/2018,DR J J L CLEARY & PARTNERS,"-16,759.09",ST000049171,
30/04/2018,DR J J L CLEARY & PARTNERS,645.84,ST000049172,
30/04/2018,DR J J L CLEARY & PARTNERS,"95,717.02",ST000049172,
30/04/2018,DR J J L CLEARY & PARTNERS,969.15,ST000049172,
30/04/2018,DR J J L CLEARY & PARTNERS,"5,141.07",ST000049172,
30/04/2018,DR J J L CLEARY & PARTNERS,"14,911.56",ST000049172,
30/04/2018,DR J J L CLEARY & PARTNERS,"8,516.96",ST000049172,
30/04/2018,DR J MAGER-JONES & PARTNERS,906.78,ST000049174,
30/04/2018,DR J MAGER-JONES & PARTNERS,466.29,ST000049174,
30/04/2018,DR J MAGER-JONES & PARTNERS,"40,960.21",ST000049174,
30/04/2018,DR J MAGER-JONES & PARTNERS,"1,430.27",ST000049174,
30/04/2018,DR J MAGER-JONES & PARTNERS,400.68,ST000049174,
30/04/2018,DR J MAGER-JONES & PARTNERS,"2,075.00",ST000049174,
30/04/2018,DR J MAGER-JONES & PARTNERS,"7,200.00",ST000049174,
30/04/2018,DR J MAGER-JONES & PARTNERS,548.07,ST000049174,
30/04/2018,DR J MAGER-JONES & PARTNERS,"3,752.47",ST000049174,
30/04/2018,DR JAF LOCKWOOD & PARTNERS,"1,472.34",ST000049176,
30/04/2018,DR JAF LOCKWOOD & PARTNERS,500.71,ST000049176,
30/04/2018,DR JAF LOCKWOOD & PARTNERS,"24,013.50",ST000049176,
30/04/2018,DR JAF LOCKWOOD & PARTNERS,"75,123.57",ST000049176,
30/04/2018,DR JAF LOCKWOOD & PARTNERS,678.02,ST000049176,
30/04/2018,DR JAF LOCKWOOD & PARTNERS,"5,914.24",ST000049176,
30/04/2018,DR JAF LOCKWOOD & PARTNERS,"14,077.53",ST000049176,
30/04/2018,DR JAF LOCKWOOD & PARTNERS,611.75,ST000049176,
30/04/2018,DR JAF LOCKWOOD & PARTNERS,"7,407.35",ST000049176,
30/04/2018,DR JM TANSEY & PARTNERS,"1,872.29",ST000049178,
30/04/2018,DR JM TANSEY & PARTNERS,"3,516.86",ST000049178,
30/04/2018,DR JM TANSEY & PARTNERS,"79,224.26",ST000049178,
30/04/2018,DR JM TANSEY & PARTNERS,"2,506.93",ST000049178,
30/04/2018,DR JM TANSEY & PARTNERS,828.8,ST000049178,
30/04/2018,DR JM TANSEY & PARTNERS,"12,414.80",ST000049178,
30/04/2018,DR JM TANSEY & PARTNERS,"2,498.17",ST000049178,
30/04/2018,DR JM TANSEY & PARTNERS,400.82,ST000049178,
30/04/2018,DR JM TANSEY & PARTNERS,217.01,ST000049178,
30/04/2018,DR JM TANSEY & PARTNERS,"8,757.87",ST000049178,
30/04/2018,DR M G W ATKINSON & PARTNERS,774.73,ST000049180,
30/04/2018,DR M G W ATKINSON & PARTNERS,232.21,ST000049180,
30/04/2018,DR M G W ATKINSON & PARTNERS,"41,043.50",ST000049180,
30/04/2018,DR M G W ATKINSON & PARTNERS,617.01,ST000049180,
30/04/2018,DR M G W ATKINSON & PARTNERS,337.19,ST000049180,
30/04/2018,DR M G W ATKINSON & PARTNERS,"3,025.00",ST000049180,
30/04/2018,DR M G W ATKINSON & PARTNERS,"5,313.23",ST000049180,
30/04/2018,DR M G W ATKINSON & PARTNERS,"4,468.15",ST000049180,
30/04/2018,DR M G W ATKINSON & PARTNERS,"-45,522.84",ST000049532,
30/04/2018,DR M G W ATKINSON & PARTNERS,"-2,124.20",ST000049532,
30/04/2018,DR M G W ATKINSON & PARTNERS,"93,708.37",ST000049533,
30/04/2018,DR M G W ATKINSON & PARTNERS,"14,586.32",ST000049533,
30/04/2018,DR M G W ATKINSON & PARTNERS,"2,124.20",ST000049533,
30/04/2018,DR RK SINGH & PARTNERS BURTON ON TRENT,"2,629.92",ST000049182,
30/04/2018,DR RK SINGH & PARTNERS BURTON ON TRENT,779.37,ST000049182,
30/04/2018,DR RK SINGH & PARTNERS BURTON ON TRENT,"52,820.18",ST000049182,
30/04/2018,DR RK SINGH & PARTNERS BURTON ON TRENT,593.04,ST000049182,
30/04/2018,DR RK SINGH & PARTNERS BURTON ON TRENT,"3,146.75",ST000049182,
30/04/2018,DR RK SINGH & PARTNERS BURTON ON TRENT,"2,528.00",ST000049182,
30/04/2018,DR RK SINGH & PARTNERS BURTON ON TRENT,"3,902.92",ST000049182,
30/04/2018,DR RK SINGH & PARTNERS BURTON ON TRENT,"4,742.05",ST000049182,
30/04/2018,DR RVH ALDRIDGE,"30,713.11",ST000049184,
30/04/2018,DR RVH ALDRIDGE,286.58,ST000049184,
30/04/2018,DR RVH ALDRIDGE,"4,867.25",ST000049184,
30/04/2018,DR RVH ALDRIDGE,"2,729.17",ST000049184,
30/04/2018,DR RVH ALDRIDGE,"4,198.75",ST000049184,
30/04/2018,DR RVH ALDRIDGE,"1,530.07",ST000049184,
30/04/2018,DR RVH ALDRIDGE,"3,126.70",ST000049184,
30/04/2018,DR RVH ALDRIDGE,"-36,430.05",ST000049534,
30/04/2018,DR RVH ALDRIDGE,"-2,287.60",ST000049534,
30/04/2018,DR RVH ALDRIDGE,"70,133.60",ST000049535,
30/04/2018,DR RVH ALDRIDGE,"11,315.92",ST000049535,
30/04/2018,DR RVH ALDRIDGE,"2,287.60",ST000049535,
30/04/2018,DR SELLENS & PARTNERS,"2,696.58",ST000049194,
30/04/2018,DR SELLENS & PARTNERS,"77,143.74",ST000049194,
30/04/2018,DR SELLENS & PARTNERS,691.81,ST000049194,
30/04/2018,DR SELLENS & PARTNERS,"5,062.11",ST000049194,
30/04/2018,DR SELLENS & PARTNERS,"18,000.00",ST000049194,
30/04/2018,DR SELLENS & PARTNERS,"8,613.91",ST000049194,
30/04/2018,DR SL COLLIER & PARTNERS,140,ST000049186,
30/04/2018,DR SL COLLIER & PARTNERS,380.98,ST000049186,
30/04/2018,DR SL COLLIER & PARTNERS,"70,071.58",ST000049186,
30/04/2018,DR SL COLLIER & PARTNERS,80,ST000049186,
30/04/2018,DR SL COLLIER & PARTNERS,721.07,ST000049186,
30/04/2018,DR SL COLLIER & PARTNERS,"3,583.33",ST000049186,
30/04/2018,DR SL COLLIER & PARTNERS,"8,330.80",ST000049186,
30/04/2018,DR SL COLLIER & PARTNERS,"5,575.19",ST000049186,
30/04/2018,DR WHITE & PARTNERS BURTON ON TRENT,769.21,ST000049188,
30/04/2018,DR WHITE & PARTNERS BURTON ON TRENT,"53,015.00",ST000049188,
30/04/2018,DR WHITE & PARTNERS BURTON ON TRENT,492.17,ST000049188,
30/04/2018,DR WHITE & PARTNERS BURTON ON TRENT,"12,079.73",ST000049188,
30/04/2018,DR WHITE & PARTNERS BURTON ON TRENT,"5,511.90",ST000049188,
30/04/2018,EAST STAFFORDSHIRE PRIMARY CARE PARTNERSHIP LTD,"83,278.00",11,
30/04/2018,E-ZEC MEDICAL TRANSPORT SERVICES LTD,"56,889.16",114531,
30/04/2018,HMRC,"17,055.75",475PS004446321812,
30/04/2018,HMRC,314,475PS004446321812,
30/04/2018,HMRC,"9,520.68",475PS004446321812,
30/04/2018,HMRC,"6,556.82",475PS004446321812,
30/04/2018,MIDLANDS PARTNERSHIP NHS FOUNDATION TRUST,"874,912.00",I0072872,
30/04/2018,MILL VIEW SURGERY,"19,010.70",ST000049065,
30/04/2018,MILL VIEW SURGERY,"1,019.56",ST000049065,
30/04/2018,MILL VIEW SURGERY,142.24,ST000049065,
30/04/2018,MILL VIEW SURGERY,"3,791.67",ST000049065,
30/04/2018,MILL VIEW SURGERY,"9,242.21",ST000049065,
30/04/2018,MILL VIEW SURGERY,"2,218.32",ST000049065,
30/04/2018,MILL VIEW SURGERY,"32,966.40",ST000049539,
30/04/2018,MILL VIEW SURGERY,"6,089.67",ST000049539,
30/04/2018,MILL VIEW SURGERY,"1,376.00",ST000049539,
30/04/2018,NHS MIDLANDS AND LANCASHIRE CSU,"61,101.29",7312310100,
30/04/2018,NHS MIDLANDS AND LANCASHIRE CSU,"14,943.30",7312310100,
30/04/2018,NHS STAFFORD AND SURROUNDS CCG,"-43,307.51",7020102122,
30/04/2018,NHS STAFFORD AND SURROUNDS CCG,"-66,586.46",7020102126,
30/04/2018,NHS STAFFORD AND SURROUNDS CCG,"57,792.47",7020102134,
30/04/2018,NHS STAFFORD AND SURROUNDS CCG,"131,085.57",7020102142,
30/04/2018,NHS STAFFORD AND SURROUNDS CCG,"28,854.69",7020102143,
30/04/2018,NHS STAFFORD AND SURROUNDS CCG,"103,689.61",7020102143,
30/04/2018,NHS STAFFORD AND SURROUNDS CCG,"70,422.44",7020102143,
30/04/2018,NHS STAFFORD AND SURROUNDS CCG,"170,135.71",7020102143,
30/04/2018,NHS STAFFORD AND SURROUNDS CCG,"151,698.47",7020102143,
30/04/2018,NHS STAFFORD AND SURROUNDS CCG,"52,213.17",7020102143,
30/04/2018,NHS STAFFORD AND SURROUNDS CCG,"120,151.99",7020102143,
30/04/2018,NORTHGATE SURGERY,896.17,ST000049192,
30/04/2018,NORTHGATE SURGERY,"1,266.29",ST000049192,
30/04/2018,NORTHGATE SURGERY,"40,707.08",ST000049192,
30/04/2018,NORTHGATE SURGERY,387.46,ST000049192,
30/04/2018,NORTHGATE SURGERY,404.95,ST000049192,
30/04/2018,NORTHGATE SURGERY,"9,765.63",ST000049192,
30/04/2018,NORTHGATE SURGERY,"13,443.21",ST000049192,
30/04/2018,NORTHGATE SURGERY,"4,791.24",ST000049192,
30/04/2018,NORTHGATE SURGERY,"42,061.93",ST000049537,
30/04/2018,NORTHGATE SURGERY,"5,966.61",ST000049537,
30/04/2018,NORTHGATE SURGERY,"2,029.60",ST000049537,
30/04/2018,NOTTINGHAM UNIVERSITY HOSPITALS NHS TRUST,"48,833.00",2000092191,
30/04/2018,NUFFIELD HOSPITALS,"32,088.00",L645042018,
30/04/2018,SHAW HEALTHCARE (BARTON),"77,767.67",HB103849,
30/04/2018,ST GILES HOSPICE,"90,302.75",7592,
30/04/2018,STAFFORDSHIRE COUNTY COUNCIL,"33,623.00",1000007821,
30/04/2018,UNIVERSITY HOSPITALS OF LEICESTER NHS TRUST,"29,582.00",L0206952,
30/04/2018,UNIVERSITY HOSPITALS OF NORTH MIDLANDS NHS TRUST,"203,630.83",I0003160,
30/04/2018,VIRGIN CARE SERVICES LTD,"3,179,772.50",10300832986,
30/04/2018,WEST MIDLANDS AMBULANCE SERVICE NHS FOUNDATION TRUST,"322,964.98",A0003300,
30/04/2018,WETMORE ROAD SURGERY,"1,302.57",ST000049190,
30/04/2018,WETMORE ROAD SURGERY,"80,844.14",ST000049190,
30/04/2018,WETMORE ROAD SURGERY,"1,035.28",ST000049190,
30/04/2018,WETMORE ROAD SURGERY,765.52,ST000049190,
30/04/2018,WETMORE ROAD SURGERY,"3,870.83",ST000049190,
30/04/2018,WETMORE ROAD SURGERY,"14,106.91",ST000049190,
30/04/2018,WETMORE ROAD SURGERY,154.51,ST000049190,
30/04/2018,WETMORE ROAD SURGERY,"10,404.18",ST000049190,
