Supplier,AP Amount (£),Purchase,invoice,number
31/05/2018,DR H D SKINNER & PARTNERS,"1,222.75",ST000049834,
31/05/2018,DR H D SKINNER & PARTNERS,"49,609.97",ST000049834,
31/05/2018,DR H D SKINNER & PARTNERS,987.22,ST000049834,
31/05/2018,DR H D SKINNER & PARTNERS,515.27,ST000049834,
31/05/2018,DR H D SKINNER & PARTNERS,"2,273.52",ST000049834,
31/05/2018,DR H D SKINNER & PARTNERS,393.8,ST000049834,
31/05/2018,DR H D SKINNER & PARTNERS,94.44,ST000049834,
31/05/2018,DR H D SKINNER & PARTNERS,"24,306.92",ST000049834,
31/05/2018,DR H D SKINNER & PARTNERS,"5,834.58",ST000049834,
31/05/2018,DR J DEVIKANAND & PARTNERS,"27,473.84",ST000049729,
31/05/2018,DR J DEVIKANAND & PARTNERS,656.13,ST000049729,
31/05/2018,DR J DEVIKANAND & PARTNERS,"1,128.43",ST000049729,
31/05/2018,DR J DEVIKANAND & PARTNERS,287.77,ST000049729,
31/05/2018,DR J DEVIKANAND & PARTNERS,688.26,ST000049729,
31/05/2018,DR J DEVIKANAND & PARTNERS,"13,947.70",ST000049729,
31/05/2018,DR J DEVIKANAND & PARTNERS,"2,944.21",ST000049729,
31/05/2018,DR J J L CLEARY & PARTNERS,"-1,179.16",ST000049835,
31/05/2018,DR J J L CLEARY & PARTNERS,-478.81,ST000049835,
31/05/2018,DR J J L CLEARY & PARTNERS,-69.23,ST000049835,
31/05/2018,DR J J L CLEARY & PARTNERS,"-17,254.23",ST000049835,
31/05/2018,DR J J L CLEARY & PARTNERS,"-6,603.00",ST000049835,
31/05/2018,DR J J L CLEARY & PARTNERS,"-6,815.92",ST000049835,
31/05/2018,DR J J L CLEARY & PARTNERS,"-17,417.58",ST000049835,
31/05/2018,DR J J L CLEARY & PARTNERS,700,ST000049836,
31/05/2018,DR J J L CLEARY & PARTNERS,555.14,ST000049836,
31/05/2018,DR J J L CLEARY & PARTNERS,"95,717.02",ST000049836,
31/05/2018,DR J J L CLEARY & PARTNERS,969.15,ST000049836,
31/05/2018,DR J J L CLEARY & PARTNERS,"5,141.07",ST000049836,
31/05/2018,DR J J L CLEARY & PARTNERS,"40,906.75",ST000049836,
31/05/2018,DR J J L CLEARY & PARTNERS,"8,516.93",ST000049836,
31/05/2018,DR J MAGER-JONES & PARTNERS,907.4,ST000049838,
31/05/2018,DR J MAGER-JONES & PARTNERS,"2,878.45",ST000049838,
31/05/2018,DR J MAGER-JONES & PARTNERS,"40,960.21",ST000049838,
31/05/2018,DR J MAGER-JONES & PARTNERS,80,ST000049838,
31/05/2018,DR J MAGER-JONES & PARTNERS,"1,430.27",ST000049838,
31/05/2018,DR J MAGER-JONES & PARTNERS,400.68,ST000049838,
31/05/2018,DR J MAGER-JONES & PARTNERS,"2,075.00",ST000049838,
31/05/2018,DR J MAGER-JONES & PARTNERS,"17,647.14",ST000049838,
31/05/2018,DR J MAGER-JONES & PARTNERS,"3,752.44",ST000049838,
31/05/2018,DR JAF LOCKWOOD & PARTNERS,"1,585.71",ST000049840,
31/05/2018,DR JAF LOCKWOOD & PARTNERS,"1,139.29",ST000049840,
31/05/2018,DR JAF LOCKWOOD & PARTNERS,"75,123.57",ST000049840,
31/05/2018,DR JAF LOCKWOOD & PARTNERS,678.02,ST000049840,
31/05/2018,DR JAF LOCKWOOD & PARTNERS,"5,914.24",ST000049840,
31/05/2018,DR JAF LOCKWOOD & PARTNERS,"7,407.30",ST000049840,
31/05/2018,DR JAF LOCKWOOD & PARTNERS,"21,223.02",ST000050185,
31/05/2018,DR JAF LOCKWOOD & PARTNERS,"3,237.35",ST000050185,
31/05/2018,DR JAF LOCKWOOD & PARTNERS,550.4,ST000050185,
31/05/2018,DR JM TANSEY & PARTNERS,"1,884.01",ST000049842,
31/05/2018,DR JM TANSEY & PARTNERS,"4,214.70",ST000049842,
31/05/2018,DR JM TANSEY & PARTNERS,"79,224.26",ST000049842,
31/05/2018,DR JM TANSEY & PARTNERS,"2,506.93",ST000049842,
31/05/2018,DR JM TANSEY & PARTNERS,828.8,ST000049842,
31/05/2018,DR JM TANSEY & PARTNERS,"12,414.80",ST000049842,
31/05/2018,DR JM TANSEY & PARTNERS,"2,498.17",ST000049842,
31/05/2018,DR JM TANSEY & PARTNERS,400.82,ST000049842,
31/05/2018,DR JM TANSEY & PARTNERS,217.01,ST000049842,
31/05/2018,DR JM TANSEY & PARTNERS,"38,442.57",ST000049842,
31/05/2018,DR JM TANSEY & PARTNERS,"8,757.82",ST000049842,
31/05/2018,DR M G W ATKINSON & PARTNERS,762.22,ST000049844,
31/05/2018,DR M G W ATKINSON & PARTNERS,214.07,ST000049844,
31/05/2018,DR M G W ATKINSON & PARTNERS,"41,043.50",ST000049844,
31/05/2018,DR M G W ATKINSON & PARTNERS,617.01,ST000049844,
31/05/2018,DR M G W ATKINSON & PARTNERS,337.19,ST000049844,
31/05/2018,DR M G W ATKINSON & PARTNERS,"3,025.00",ST000049844,
31/05/2018,DR M G W ATKINSON & PARTNERS,127.77,ST000049844,
31/05/2018,DR M G W ATKINSON & PARTNERS,"21,267.12",ST000049844,
31/05/2018,DR M G W ATKINSON & PARTNERS,"4,468.15",ST000049844,
31/05/2018,DR M G W ATKINSON & PARTNERS,"2,010.76",ST000049844,
31/05/2018,DR M G W ATKINSON & PARTNERS,"2,038.80",ST000049844,
31/05/2018,DR M G W ATKINSON & PARTNERS,"-50,318.45",ST000050186,
31/05/2018,DR M G W ATKINSON & PARTNERS,"-1,771.60",ST000050186,
31/05/2018,DR M G W ATKINSON & PARTNERS,"92,357.87",ST000050187,
31/05/2018,DR M G W ATKINSON & PARTNERS,"15,703.17",ST000050187,
31/05/2018,DR M G W ATKINSON & PARTNERS,"1,771.60",ST000050187,
31/05/2018,DR RK SINGH & PARTNERS BURTON ON TRENT,"1,351.53",ST000049846,
31/05/2018,DR RK SINGH & PARTNERS BURTON ON TRENT,"1,013.03",ST000049846,
31/05/2018,DR RK SINGH & PARTNERS BURTON ON TRENT,"52,820.18",ST000049846,
31/05/2018,DR RK SINGH & PARTNERS BURTON ON TRENT,85.14,ST000049846,
31/05/2018,DR RK SINGH & PARTNERS BURTON ON TRENT,593.04,ST000049846,
31/05/2018,DR RK SINGH & PARTNERS BURTON ON TRENT,"3,146.75",ST000049846,
31/05/2018,DR RK SINGH & PARTNERS BURTON ON TRENT,"2,528.00",ST000049846,
31/05/2018,DR RK SINGH & PARTNERS BURTON ON TRENT,"4,742.10",ST000049846,
31/05/2018,DR RVH ALDRIDGE,980,ST000049848,
31/05/2018,DR RVH ALDRIDGE,"30,713.11",ST000049848,
31/05/2018,DR RVH ALDRIDGE,286.58,ST000049848,
31/05/2018,DR RVH ALDRIDGE,"4,867.25",ST000049848,
31/05/2018,DR RVH ALDRIDGE,"2,729.17",ST000049848,
31/05/2018,DR RVH ALDRIDGE,"14,902.50",ST000049848,
31/05/2018,DR RVH ALDRIDGE,"3,126.74",ST000049848,
31/05/2018,DR RVH ALDRIDGE,"-36,996.50",ST000050188,
31/05/2018,DR RVH ALDRIDGE,"-2,046.80",ST000050188,
31/05/2018,DR RVH ALDRIDGE,"79,318.72",ST000050189,
31/05/2018,DR RVH ALDRIDGE,"11,811.48",ST000050189,
31/05/2018,DR RVH ALDRIDGE,"2,046.80",ST000050189,
31/05/2018,DR SELLENS & PARTNERS,"1,933.90",ST000049858,
31/05/2018,DR SELLENS & PARTNERS,"77,143.74",ST000049858,
31/05/2018,DR SELLENS & PARTNERS,80,ST000049858,
31/05/2018,DR SELLENS & PARTNERS,691.81,ST000049858,
31/05/2018,DR SELLENS & PARTNERS,"5,062.11",ST000049858,
31/05/2018,DR SELLENS & PARTNERS,215.19,ST000049858,
31/05/2018,DR SELLENS & PARTNERS,"43,212.43",ST000049858,
31/05/2018,DR SELLENS & PARTNERS,"8,613.91",ST000049858,
31/05/2018,DR SL COLLIER & PARTNERS,700,ST000049850,
31/05/2018,DR SL COLLIER & PARTNERS,261.24,ST000049850,
31/05/2018,DR SL COLLIER & PARTNERS,"70,071.58",ST000049850,
31/05/2018,DR SL COLLIER & PARTNERS,721.07,ST000049850,
31/05/2018,DR SL COLLIER & PARTNERS,"3,583.33",ST000049850,
31/05/2018,DR SL COLLIER & PARTNERS,"23,118.22",ST000049850,
31/05/2018,DR SL COLLIER & PARTNERS,"5,575.21",ST000049850,
31/05/2018,DR WHITE & PARTNERS BURTON ON TRENT,280,ST000049852,
31/05/2018,DR WHITE & PARTNERS BURTON ON TRENT,718.41,ST000049852,
31/05/2018,DR WHITE & PARTNERS BURTON ON TRENT,"53,015.00",ST000049852,
31/05/2018,DR WHITE & PARTNERS BURTON ON TRENT,492.17,ST000049852,
31/05/2018,DR WHITE & PARTNERS BURTON ON TRENT,"25,934.66",ST000049852,
31/05/2018,DR WHITE & PARTNERS BURTON ON TRENT,"5,511.93",ST000049852,
31/05/2018,E-ZEC MEDICAL TRANSPORT SERVICES LTD,"56,889.16",114580,
31/05/2018,FIRST DATABANK EUROPE LTD,"51,348.84",7627,
31/05/2018,HMRC,"56,880.75",475PS004446321901,
31/05/2018,HMRC,299,475PS004446321901,
31/05/2018,HMRC,"9,258.46",475PS004446321901,
31/05/2018,HMRC,"6,470.94",475PS004446321901,
31/05/2018,MIDLANDS PARTNERSHIP NHS FOUNDATION TRUST,"874,912.00",I0072888,
31/05/2018,MIDLANDS PARTNERSHIP NHS FOUNDATION TRUST,"-37,118.00",C0008469,
31/05/2018,MILL VIEW SURGERY,"19,010.70",ST000049731,
31/05/2018,MILL VIEW SURGERY,656.73,ST000049731,
31/05/2018,MILL VIEW SURGERY,142.24,ST000049731,
31/05/2018,MILL VIEW SURGERY,"3,791.67",ST000049731,
31/05/2018,MILL VIEW SURGERY,"10,402.37",ST000049731,
31/05/2018,MILL VIEW SURGERY,"2,218.32",ST000049731,
31/05/2018,MILL VIEW SURGERY,"31,317.27",ST000050193,
31/05/2018,MILL VIEW SURGERY,"6,354.60",ST000050193,
31/05/2018,MILL VIEW SURGERY,"1,530.60",ST000050193,
31/05/2018,NHS MIDLANDS AND LANCASHIRE CSU,"76,044.59",7312310296,
31/05/2018,NHS MIDLANDS AND LANCASHIRE CSU,"51,339.36",7312310308,
31/05/2018,NHS MIDLANDS AND LANCASHIRE CSU,"-76,044.59",7312310329,
31/05/2018,NHS MIDLANDS AND LANCASHIRE CSU,"61,101.29",7312310346,
31/05/2018,NHS MIDLANDS AND LANCASHIRE CSU,"14,943.30",7312310346,
31/05/2018,NHS STAFFORD AND SURROUNDS CCG,"28,854.68",7020102161,
31/05/2018,NHS STAFFORD AND SURROUNDS CCG,"103,689.61",7020102161,
31/05/2018,NHS STAFFORD AND SURROUNDS CCG,"131,085.57",7020102161,
31/05/2018,NHS STAFFORD AND SURROUNDS CCG,"70,422.45",7020102161,
31/05/2018,NHS STAFFORD AND SURROUNDS CCG,"170,135.71",7020102161,
31/05/2018,NHS STAFFORD AND SURROUNDS CCG,"151,698.47",7020102161,
31/05/2018,NHS STAFFORD AND SURROUNDS CCG,"52,213.17",7020102161,
31/05/2018,NHS STAFFORD AND SURROUNDS CCG,"120,151.99",7020102161,
31/05/2018,NORTHGATE SURGERY,944.29,ST000049856,
31/05/2018,NORTHGATE SURGERY,"1,540.00",ST000049856,
31/05/2018,NORTHGATE SURGERY,"4,618.85",ST000049856,
31/05/2018,NORTHGATE SURGERY,"40,707.08",ST000049856,
31/05/2018,NORTHGATE SURGERY,387.46,ST000049856,
31/05/2018,NORTHGATE SURGERY,404.95,ST000049856,
31/05/2018,NORTHGATE SURGERY,"9,765.63",ST000049856,
31/05/2018,NORTHGATE SURGERY,"21,678.72",ST000049856,
31/05/2018,NORTHGATE SURGERY,"4,791.28",ST000049856,
31/05/2018,NORTHGATE SURGERY,"36,477.16",ST000050191,
31/05/2018,NORTHGATE SURGERY,"6,565.54",ST000050191,
31/05/2018,NORTHGATE SURGERY,"2,218.80",ST000050191,
31/05/2018,NOTTINGHAM UNIVERSITY HOSPITALS NHS TRUST,"48,833.00",2000092661,
31/05/2018,NUFFIELD HEALTH,"32,088.00",L645052018,
31/05/2018,SHAW HEALTHCARE (BARTON),"77,767.67",HB103882,
31/05/2018,UNIVERSITY HOSPITALS OF NORTH MIDLANDS NHS TRUST,"203,630.83",I0004057,
31/05/2018,VIRGIN CARE SERVICES LTD,"3,183,727.49",10300921991,
31/05/2018,WEST MIDLANDS AMBULANCE SERVICE NHS FOUNDATION TRUST,"322,964.98",A0003320,
31/05/2018,WETMORE ROAD SURGERY,"1,540.00",ST000049854,
31/05/2018,WETMORE ROAD SURGERY,"1,244.52",ST000049854,
31/05/2018,WETMORE ROAD SURGERY,"80,844.14",ST000049854,
31/05/2018,WETMORE ROAD SURGERY,"1,035.28",ST000049854,
31/05/2018,WETMORE ROAD SURGERY,765.52,ST000049854,
31/05/2018,WETMORE ROAD SURGERY,"3,600.00",ST000049854,
31/05/2018,WETMORE ROAD SURGERY,"3,870.83",ST000049854,
31/05/2018,WETMORE ROAD SURGERY,"45,276.65",ST000049854,
31/05/2018,WETMORE ROAD SURGERY,"10,404.22",ST000049854,
