Department Family,Entity,Date,Expense Type,Expense Area,Supplier,Transaction Number,AP Amount,VAT Registration Number,Purchase Invoice Number
Department of Health,East Cheshire NHS Trust,31/07/2018,NHS Prepayments,Balance Sheet,PENNINE ACUTE HOSPITALS NHS TRUST,27418482,"25,713.00 ",654418333,A0007364
Department of Health,East Cheshire NHS Trust,31/07/2018,Audit Fees: Statutory,Finance Department,ROYAL LIVERPOOL&BROADGREEN UNIVERSITY HOSPITALS NHS TRUST (THE),27233815,"27,060.00 ",654966000,8610083372
Department of Health,East Cheshire NHS Trust,31/07/2018,Lease Rents,Residencies,APRIROSE LTD,27248657,"27,788.87 ",,1911060
Department of Health,East Cheshire NHS Trust,31/07/2018,SrvcsRecd-FoundationTrust,Urology,STOCKPORT NHS FOUNDATION TRUST,27429787,"27,973.00 ",654974295,40075312
Department of Health,East Cheshire NHS Trust,31/07/2018,SrvcsRecd-FoundationTrust,Urology,STOCKPORT NHS FOUNDATION TRUST,27429789,"27,973.00 ",654974295,40075323
Department of Health,East Cheshire NHS Trust,31/07/2018,SrvcsRecd-FoundationTrust,Urology,STOCKPORT NHS FOUNDATION TRUST,27429897,"27,973.00 ",654974295,40076259
Department of Health,East Cheshire NHS Trust,31/07/2018,Miscellaneous Expenditure,Patient Services,HEALTHCARE COMMUNICATIONS UK LTD,27449436,"28,200.01 ",764881192,9184
Department of Health,East Cheshire NHS Trust,31/07/2018,Contractual Clinical Srv,Rad - General,VERNOVA HEALTHCARE CIC,27418509,"29,222.00 ",,1112
Department of Health,East Cheshire NHS Trust,31/07/2018,Non NHS Prepayments,Balance Sheet,LIAISON VAT CONSULTANCY LTD,27385250,"31,209.05 ",925449015,109104-18-JUL-2018
Department of Health,East Cheshire NHS Trust,31/07/2018,Other Miscellaneous,CFU-ECNHST General Fund,CVS CHESHIRE EAST,27326720,"32,000.00 ",100716858,INV1312
Department of Health,East Cheshire NHS Trust,31/07/2018,Gas,Utilities,CORONA ENERGY RETAIL 4 LTD,27491280,"33,791.65 ",577704800,13192689
Department of Health,East Cheshire NHS Trust,31/07/2018,Non NHS Prepayments,Balance Sheet,LIAISON VAT CONSULTANCY LTD,27303453,"34,462.55 ",925449015,109068-10-JUL-2018
Department of Health,East Cheshire NHS Trust,31/07/2018,Blood Products,Blood Budget,NHS BLOOD & TRANSPLANT,27420780,"36,146.33 ",654961603,870765
Department of Health,East Cheshire NHS Trust,31/07/2018,SrvcsRecd-FoundationTrust,Chief Executive,SALFORD ROYAL HOSPITALS NHS FOUNDATION TRUST,27443458,"40,000.00 ",654939786,S0015754
Department of Health,East Cheshire NHS Trust,31/07/2018,Non NHS Prepayments,Balance Sheet,LIAISON VAT CONSULTANCY LTD,27448748,"44,043.51 ",925449015,109107-25-JUL-2018
Department of Health,East Cheshire NHS Trust,31/07/2018,Rent,Facilities Admin,NHS PROPERTY SERVICES LTD,27495714,"44,143.47 ",,H63828
Department of Health,East Cheshire NHS Trust,31/07/2018,Rent,Facilities Admin,NHS PROPERTY SERVICES LTD,27495721,"44,143.48 ",,H72579
Department of Health,East Cheshire NHS Trust,31/07/2018,Contr Estate Management,PS Leases,NHS PROPERTY SERVICES LTD,27491267,"44,146.26 ",,00000001H49815
Department of Health,East Cheshire NHS Trust,31/07/2018,Lease Rents,Estates Management,PRIMARY HEALTH INVESTMENT PROPERTIES (NO 4) LTD,27313206,"44,880.00 ",,LINV11357
Department of Health,East Cheshire NHS Trust,31/07/2018,Lease Rents,Residencies,WORKMAN LLP,27233880,"51,678.90 ",975076780,201800000213DOGB0030
Department of Health,East Cheshire NHS Trust,31/07/2018,Service Charge,Facilities Soft FM,MATTHEWS & GOODMAN,27488651,"52,485.90 ",243530977,91420
Department of Health,East Cheshire NHS Trust,31/07/2018,Rent,Facilities Admin,NHS PROPERTY SERVICES LTD,27495703,"53,417.25 ",,H63832
Department of Health,East Cheshire NHS Trust,31/07/2018,NonNHS Trade Pybls Curr,Balance Sheet,NHS SUPPLY CHAIN,27287606,"54,831.67 ",654434729,1019067364
Department of Health,East Cheshire NHS Trust,31/07/2018,NonNHS Trade Pybls Curr,Balance Sheet,NHS SUPPLY CHAIN,27375678,"55,968.65 ",654434729,1019070874
Department of Health,East Cheshire NHS Trust,31/07/2018,Contr Other External,OOHs - Adastra Project,ADVANCED HEALTH & CARE LTD,27353252,"67,206.30 ",927547983,ARMCIN00006228
Department of Health,East Cheshire NHS Trust,31/07/2018,NonNHS Trade Pybls Curr,Balance Sheet,NHS SUPPLY CHAIN,27332929,"67,423.05 ",654434729,1019061525
Department of Health,East Cheshire NHS Trust,31/07/2018,NHS Prepayments,Balance Sheet,PENNINE ACUTE HOSPITALS NHS TRUST,27287502,"81,000.00 ",654418333,A0008226
Department of Health,East Cheshire NHS Trust,31/07/2018,X-Ray Equipment Purchase,Rad - General,SIEMENS HEALTHCARE LTD,27287304,"87,322.80 ",,1051043628
Department of Health,East Cheshire NHS Trust,31/07/2018,Contr Estate Management,PS Leases,NHS PROPERTY SERVICES LTD,27491269,"87,999.84 ",,00000001H51602
Department of Health,East Cheshire NHS Trust,31/07/2018,SrvcsRecd-FoundationTrust,Professional Practice,MANCHESTER UNIVERSITY NHS FOUNDATION TRUST,27312754,"89,832.00 ",,400386
Department of Health,East Cheshire NHS Trust,31/07/2018,Ext Contr Oth Hotel Srv,Portering Contract,ISS MEDICLEAN LTD,27326807,"120,195.43 ",417115775,SI3501954
Department of Health,East Cheshire NHS Trust,31/07/2018,Cost of Capital,Portable Defibrillators,NIHON KOHDEN UK LTD,27247815,"133,512.00 ",998153368,95002173
Department of Health,East Cheshire NHS Trust,31/07/2018,Ext Contr Catering,Catering Contract,ISS MEDICLEAN LTD,27326807,"147,261.31 ",417115775,SI3501954
Department of Health,East Cheshire NHS Trust,31/07/2018,NHS Prepayments,Balance Sheet,ST HELENS & KNOWSLEY HOSPITALS NHS TRUST,27287485,"180,000.00 ",654943996,16775890
Department of Health,East Cheshire NHS Trust,31/07/2018,Ext Contr Domestics,Domestic Contract,ISS MEDICLEAN LTD,27326807,"213,317.26 ",417115775,SI3501954
Department of Health,East Cheshire NHS Trust,31/07/2018,SrvcsRecd-FoundationTrust,Path - General,MID CHESHIRE HOSPITALS NHS FOUNDATION TRUST,27262798,"272,000.00 ",654929986,159328
Department of Health,East Cheshire NHS Trust,31/07/2018,Income tax - Current,Balance Sheet,INLAND REVENUE ,27347660,"910,682.03 ",,582PZ001492191903
Department of Health,East Cheshire NHS Trust,31/07/2018,National Insurance - Curr,Balance Sheet,INLAND REVENUE ,27347660,"1,110,071.16 ",,582PZ001492191903
