Expenditure Over �25k December 2018,,,,,,,,,
,,,,,,,,,
Department Family,Entity,Date,Expense Type,Expense Area,Supplier,Transaction Number,AP Amount,VAT Registration Number,Purchase Invoice Number
Department of Health,East Cheshire NHS Trust,31/12/2018,Cost of Capital,Outpatients Improvement project,NOVUS PROPERTY SOLUTIONS LTD,29107347,"25,846.67",,18120550
Department of Health,East Cheshire NHS Trust,31/12/2018,Audit Fees: Internal,Finance Department,ROYAL LIVERPOOL&BROADGREEN UNIVERSITY HOSPITALS NHS TRUST (THE),28966090,"27,060.00",654966000,8610089689
Department of Health,East Cheshire NHS Trust,31/12/2018,Contractual Clinical Srv,Rad - General,VERNOVA HEALTHCARE CIC,28856752,"27,671.00",,1235
Department of Health,East Cheshire NHS Trust,31/12/2018,Stocks Finished Goods,Balance Sheet,JANSSEN CILAG LTD,28926272,"27,817.37",207929448,930473253
Department of Health,East Cheshire NHS Trust,31/12/2018,SrvcsRecd-FoundationTrust,Urology,STOCKPORT NHS FOUNDATION TRUST,29062833,"27,973.00",654974295,40078515
Department of Health,East Cheshire NHS Trust,31/12/2018,Stocks Finished Goods,Balance Sheet,NOVARTIS PHARMACEUTICALS UK LTD,28926578,"27,988.24",557290227,92059009
Department of Health,East Cheshire NHS Trust,31/12/2018,Cost of Capital,Fire Precaution Works,NOVUS PROPERTY SOLUTIONS LTD,28871947,"29,157.00",,18111225
Department of Health,East Cheshire NHS Trust,31/12/2018,Non NHS Prepayments,Balance Sheet,LIAISON VAT CONSULTANCY LTD,28964755,"29,218.17",925449015,109301-11-DEC-2018
Department of Health,East Cheshire NHS Trust,31/12/2018,Med & Surg Maint Contract,Cardio Respiratory,NHS SUPPLY CHAIN,28918708,"29,390.71",654434729,2019003988
Department of Health,East Cheshire NHS Trust,31/12/2018,Cost of Capital,Bedhead services project Plan,NOVUS PROPERTY SOLUTIONS LTD,29107354,"30,421.92",,18120703
Department of Health,East Cheshire NHS Trust,31/12/2018,Voluntary Sector,SH FP CASH EAST,BODY POSITIVE CHESHIRE & NORTH WALES,26059424,"30,750.00",,60
Department of Health,East Cheshire NHS Trust,31/12/2018,Non NHS Prepayments,Balance Sheet,LIAISON VAT CONSULTANCY LTD,29042434,"33,065.51",925449015,109336-20-DEC-2018
Department of Health,East Cheshire NHS Trust,31/12/2018,Contractual Clinical Srv,Rad - General,VERNOVA HEALTHCARE CIC,28856755,"33,105.00",,1236
Department of Health,East Cheshire NHS Trust,31/12/2018,Cost of Capital,Fire Precaution Works,NOVUS PROPERTY SOLUTIONS LTD,28871939,"33,577.87",,18111227
Department of Health,East Cheshire NHS Trust,31/12/2018,Cost of Capital,Fire Precaution Works,NOVUS PROPERTY SOLUTIONS LTD,29107349,"39,727.77",,18120705
Department of Health,East Cheshire NHS Trust,31/12/2018,Non NHS Prepayments,Balance Sheet,LIAISON VAT CONSULTANCY LTD,28964754,"40,977.48",925449015,109302-11-DEC-2018
Department of Health,East Cheshire NHS Trust,31/12/2018,Cost of Capital,Fire Precaution Works,NOVUS PROPERTY SOLUTIONS LTD,29107354,"57,499.67",,18120703
Department of Health,East Cheshire NHS Trust,31/12/2018,Contr Other External,OOHs - Adastra Project,ADVANCED HEALTH & CARE LTD,28928967,"57,868.97",927547983,ARIN00007570
Department of Health,East Cheshire NHS Trust,31/12/2018,NonNHS Trade Pybls Curr,Balance Sheet,NHS SUPPLY CHAIN,28856991,"63,018.90",654434729,1019174192
Department of Health,East Cheshire NHS Trust,31/12/2018,CCG Income,Income Non SLAM,NHS VALE ROYAL CCG,29004217,"74,358.90",,7013600650
Department of Health,East Cheshire NHS Trust,31/12/2018,NonNHS Trade Pybls Curr,Balance Sheet,NHS SUPPLY CHAIN,28964375,"74,657.24",654434729,1019178460
Department of Health,East Cheshire NHS Trust,31/12/2018,Services Received - CSU's,IT Services,NHS MIDLANDS AND LANCASHIRE CSU,28889706,"81,778.58",,7312311917
Department of Health,East Cheshire NHS Trust,31/12/2018,NonNHS Trade Pybls Curr,Balance Sheet,NHS SUPPLY CHAIN,29041215,"87,706.15",654434729,1019183843
Department of Health,East Cheshire NHS Trust,31/12/2018,Energy Management Contr,Utilities,DE LAGE LANDEN LEASING LTD,28870482,"99,207.50",621784929,MDG017
Department of Health,East Cheshire NHS Trust,31/12/2018,NonNHS Trade Pybls Curr,Balance Sheet,NHS SUPPLY CHAIN,29106899,"102,618.22",654434729,1019189332
Department of Health,East Cheshire NHS Trust,31/12/2018,Cost of Capital,Outpatients Improvement project,NOVUS PROPERTY SOLUTIONS LTD,28871941,"103,847.82",,18111238
Department of Health,East Cheshire NHS Trust,31/12/2018,Ext Contr Oth Hotel Srv,Portering Contract,ISS MEDICLEAN LTD,28893372,"120,195.43",417115775,SI3508031
Department of Health,East Cheshire NHS Trust,31/12/2018,Stocks Finished Goods,Balance Sheet,AAH PHARMACEUTICALS LTD,29004456,"133,278.29",546573322,FCONMGH00060
Department of Health,East Cheshire NHS Trust,31/12/2018,Ext Contr Catering,Catering Contract,ISS MEDICLEAN LTD,28893372,"147,261.31",417115775,SI3508031
Department of Health,East Cheshire NHS Trust,31/12/2018,Ext Contr Domestics,Domestic Contract,ISS MEDICLEAN LTD,28893372,"213,317.26",417115775,SI3508031
Department of Health,East Cheshire NHS Trust,31/12/2018,NHS Prepayments,Balance Sheet,ST HELENS & KNOWSLEY HOSPITALS NHS TRUST,29004480,"260,000.00",654943996,16780486
Department of Health,East Cheshire NHS Trust,31/12/2018,SrvcsRecd-FoundationTrust,Path - General,MID CHESHIRE HOSPITALS NHS FOUNDATION TRUST,28893375,"280,670.00",654929986,0000162708
Department of Health,East Cheshire NHS Trust,31/12/2018,Income tax - Current,Balance Sheet,INLAND REVENUE CIS,28968782,"946,183.93",,582PZ001492191908
Department of Health,East Cheshire NHS Trust,31/12/2018,National Insurance - Curr,Balance Sheet,INLAND REVENUE CIS,28968782,"1,139,010.06",,582PZ001492191908
