Department Family,Entity,Date,Expense Type,Expense Area,Supplier,Transaction Number,AP Amount,VAT Registration Number,Purchase Invoice Number
Department of Health,East Cheshire NHS Trust,6/30/2018,Stocks Finished Goods,Balance Sheet,JANSSEN CILAG LTD,26993902,"26,937.12 ",207929448,930418697
Department of Health,East Cheshire NHS Trust,6/30/2018,Contractual Clinical Srv,Rad - General,VERNOVA HEALTHCARE CIC,27171740,"27,975.00 ",,1077
Department of Health,East Cheshire NHS Trust,6/30/2018,Non NHS Prepayments,Balance Sheet,LIAISON VAT CONSULTANCY LTD,27172997,"29,821.01 ",925449015,109052-27-JUN-2018
Department of Health,East Cheshire NHS Trust,6/30/2018,FM Computer Contracts,Finance Department,EMIS (EGTON MEDICAL INFORMATION SYSTEMS LTD),26958385,"31,800.00 ",927149214,EMSINV033426
Department of Health,East Cheshire NHS Trust,6/30/2018,SrvcsRecd-FoundationTrust,Occupational Health,MID CHESHIRE HOSPITALS NHS FOUNDATION TRUST,27036948,"32,072.30 ",654929986,158811
Department of Health,East Cheshire NHS Trust,6/30/2018,Electricity,Utilities,EDF ENERGY 1 LTD,27116662,"32,307.14 ",523041202,4190682
Department of Health,East Cheshire NHS Trust,6/30/2018,Gas,Utilities,CORONA ENERGY RETAIL 4 LTD,27189191,"35,480.30 ",577704800,13124175
Department of Health,East Cheshire NHS Trust,6/30/2018,Non NHS Prepayments,Balance Sheet,LIAISON VAT CONSULTANCY LTD,26970901,"35,809.29 ",925449015,109012-05-JUN-2018
Department of Health,East Cheshire NHS Trust,6/30/2018,Gas,Utilities,CORONA ENERGY RETAIL 4 LTD,27116672,"36,730.86 ",577704800,13025965
Department of Health,East Cheshire NHS Trust,6/30/2018,Cost of Capital,Theatre Project,W MOORS & SON LTD,27116305,"38,662.80 ",,C6096
Department of Health,East Cheshire NHS Trust,6/30/2018,Ext Contr Laundry,Linen Contract,BERENDSEN UK LTD,27084556,"39,356.86 ",GB226516179,SN2877303
Department of Health,East Cheshire NHS Trust,6/30/2018,Non NHS Prepayments,Balance Sheet,LIAISON VAT CONSULTANCY LTD,27117567,"39,539.57 ",925449015,109050-20-JUN-2018
Department of Health,East Cheshire NHS Trust,6/30/2018,Ext Contr Laundry,Linen Contract,BERENDSEN UK LTD,27014792,"41,131.42 ",GB226516179,SN2859608
Department of Health,East Cheshire NHS Trust,6/30/2018,Stocks Finished Goods,Balance Sheet,CELGENE LTD,26994295,"47,174.40 ",896107201,8940154496
Department of Health,East Cheshire NHS Trust,6/30/2018,NonNHS Trade Pybls Curr,Balance Sheet,NHS SUPPLY CHAIN,26968643,"47,916.30 ",654434729,1019040914
Department of Health,East Cheshire NHS Trust,6/30/2018,NHS Prepayments,Balance Sheet,PENNINE ACUTE HOSPITALS NHS TRUST,27163370,"55,777.47 ",654418333,A0008008
Department of Health,East Cheshire NHS Trust,6/30/2018,Stocks Finished Goods,Balance Sheet,AAH PHARMACEUTICALS LTD,26968632,"58,110.67 ",546573322,FCONMGH00052
Department of Health,East Cheshire NHS Trust,6/30/2018,NonNHS Trade Pybls Curr,Balance Sheet,NHS SUPPLY CHAIN,27163429,"66,700.13 ",654434729,1019056567
Department of Health,East Cheshire NHS Trust,6/30/2018,NonNHS Trade Pybls Curr,Balance Sheet,NHS SUPPLY CHAIN,27085323,"68,835.23 ",654434729,1019053695
Department of Health,East Cheshire NHS Trust,6/30/2018,X-Ray Equipment Purchase,Rad - General,SIEMENS HEALTHCARE LTD,26962716,"71,661.64 ",,1051041406
Department of Health,East Cheshire NHS Trust,6/30/2018,NonNHS Trade Pybls Curr,Balance Sheet,NHS SUPPLY CHAIN,26968620,"72,103.21 ",654434729,1019036134
Department of Health,East Cheshire NHS Trust,6/30/2018,Lease Rents,Cardiac Rehab,PHP INVESTMENTS (2011) LTD,26943084,"72,197.70 ",,LINV11135
Department of Health,East Cheshire NHS Trust,6/30/2018,NonNHS Trade Pybls Curr,Balance Sheet,NHS SUPPLY CHAIN,27085320,"75,261.12 ",654434729,1019045368
Department of Health,East Cheshire NHS Trust,6/30/2018,NHS Prepayments,Balance Sheet,PENNINE ACUTE HOSPITALS NHS TRUST,27085308,"81,000.00 ",654418333,A0006114
Department of Health,East Cheshire NHS Trust,6/30/2018,NHS Prepayments,Balance Sheet,PENNINE ACUTE HOSPITALS NHS TRUST,27163267,"81,000.00 ",654418333,A0004497
Department of Health,East Cheshire NHS Trust,6/30/2018,Services Received - CSU's,IT Services,NHS MIDLANDS AND LANCASHIRE CSU,27116307,"81,778.58 ",,7312310453
Department of Health,East Cheshire NHS Trust,6/30/2018,Energy Management Contr,Utilities,DE LAGE LANDEN LEASING LTD,27013336,"95,999.21 ",621784929,MDG015
Department of Health,East Cheshire NHS Trust,6/30/2018,Stocks Finished Goods,Balance Sheet,AAH PHARMACEUTICALS LTD,27189196,"98,730.38 ",546573322,FCONMGH00054
Department of Health,East Cheshire NHS Trust,6/30/2018,Legal / Prof Fees,Healthcare Governance,CARE QUALITY COMMISSION,26899651,"116,119.00 ",,42324690
Department of Health,East Cheshire NHS Trust,6/30/2018,Ext Contr Oth Hotel Srv,Portering Contract,ISS MEDICLEAN LTD,26897864,"120,195.43 ",417115775,SLINV35111415
Department of Health,East Cheshire NHS Trust,6/30/2018,Ext Contr Oth Hotel Srv,Portering Contract,ISS MEDICLEAN LTD,27188369,"120,195.43 ",417115775,SI3500898
Department of Health,East Cheshire NHS Trust,6/30/2018,Cost of Capital,Infusion Pumps and Syringe Drivers,FRESENIUS KABI LTD,26944220,"146,880.36 ",534934726,913237427
Department of Health,East Cheshire NHS Trust,6/30/2018,Ext Contr Catering,Catering Contract,ISS MEDICLEAN LTD,26897864,"147,261.31 ",417115775,SLINV35111415
Department of Health,East Cheshire NHS Trust,6/30/2018,Ext Contr Catering,Catering Contract,ISS MEDICLEAN LTD,27188369,"147,261.31 ",417115775,SI3500898
Department of Health,East Cheshire NHS Trust,6/30/2018,Ext Contr Domestics,Domestic Contract,ISS MEDICLEAN LTD,26897864,"213,317.26 ",417115775,SLINV35111415
Department of Health,East Cheshire NHS Trust,6/30/2018,Ext Contr Domestics,Domestic Contract,ISS MEDICLEAN LTD,27188369,"213,317.26 ",417115775,SI3500898
Department of Health,East Cheshire NHS Trust,6/30/2018,SrvcsRecd-FoundationTrust,Path - General,MID CHESHIRE HOSPITALS NHS FOUNDATION TRUST,27003854,"272,000.00 ",654929986,158705
Department of Health,East Cheshire NHS Trust,6/30/2018,Income tax - Current,Balance Sheet,INLAND REVENUE CIS,27044653,"919,541.58 ",,582PZ001492190219
Department of Health,East Cheshire NHS Trust,6/30/2018,National Insurance - Curr,Balance Sheet,INLAND REVENUE CIS,27044653,"1,105,857.59 ",,582PZ001492190219
