NHS Wolverhampton CCG,,,,,,,,,
>25k Expenditure,,,,,,,,,Apr-18
Department family,Entity,Date,Expense Type,Expense area,Supplier,Transaction number,AP Amount (�),VAT registration number,Purchase invoice number
Department of Health,NHS Wolverhampton CCG,4/30/2018,Computer Software/License,PRIMARY CARE IT,NHS MIDLANDS AND LANCASHIRE CSU,21569303,"65,000.00",GB 654442045,7312309729
Department of Health,NHS Wolverhampton CCG,4/30/2018,Clinical&Medical-Serv Recd-F Trsts,MENTAL HEALTH SERVICES - WINTER RESILIENCE,BLACK COUNTRY PARTNERSHIP NHS FOUNDATION TRUST,21594091,"50,000.00",,1100005036
Department of Health,NHS Wolverhampton CCG,4/30/2018,External Data Contracts,PROGRAMME PROJECTS,ROYAL WOLVERHAMPTON HOSPITALS NHS TRUST (THE),21594114,"36,883.00",,0000215341
Department of Health,NHS Wolverhampton CCG,4/30/2018,Clinical&Medical-Clinical Other,Winter Resilience,NORTHERN DOCTORS URGENT CARE,21594115,"75,000.00",GB124571918,ARIN0100003573
Department of Health,NHS Wolverhampton CCG,4/30/2018,Hcare Srv Rec Fdtn Trust-Over/ Under Performance,MENTAL HEALTH CONTRACTS,BLACK COUNTRY PARTNERSHIP NHS FOUNDATION TRUST,21594131,"(438,126.00)",,1200000517
Department of Health,NHS Wolverhampton CCG,4/30/2018,Clinical&Medical-Independent Sector,COMMUNITY SERVICES,ACORNS CHILDRENS HOSPICE TRUST,21594141,"29,848.50",,SINT982
Department of Health,NHS Wolverhampton CCG,4/30/2018,Clinical&Medical-Othe Public Sector,ACUTE COMMISSIONING,WOLVERHAMPTON CITY COUNCIL,21594146,"50,000.00",101268711,6002244878
Department of Health,NHS Wolverhampton CCG,4/30/2018,Basic Sal-Rechgs to-from Other NHS,CEO/ BOARD OFFICE,NHS WALSALL CCG,21594148,"74,225.89",,7020400601
Department of Health,NHS Wolverhampton CCG,4/30/2018,Clinical&Medical-Othe Public Sector,REABLEMENT,WOLVERHAMPTON CITY COUNCIL,21607071,"84,000.00",101268711,6002245588
Department of Health,NHS Wolverhampton CCG,4/30/2018,Clinical&Medical-Commercial Sector,CHILD AND ADOLESCENT MENTAL HEALTH,BASE 25,21622755,"26,155.00",,3433
Department of Health,NHS Wolverhampton CCG,4/30/2018,Other Gen Supplies & Srv,INTERPRETING SERVICES,ABSOLUTE INTERPRETING & TRANSLATION LTD,21624681,"22,916.67",919 9117 92,158183
Department of Health,NHS Wolverhampton CCG,4/30/2018,Clinical&Medical-Commercial Sector,ACUTE COMMISSIONING,NUFFIELD HEALTH,21625511,"500,000.00",564291137,CCG771
Department of Health,NHS Wolverhampton CCG,4/30/2018,Clinical&Medical-Independent Sector,ACUTE COMMISSIONING,NORTHERN DOCTORS URGENT CARE,21625515,"220,580.50",GB124571918,ARIN0100003598
Department of Health,NHS Wolverhampton CCG,4/30/2018,Clinical&Medical-Voluntary Sector,COMMUNITY SERVICES,SICKLE CELL & THALASSAEMIA SUPPORT PROJECT (WOLVERHAMPTON),21625559,"26,612.79",,356
Department of Health,NHS Wolverhampton CCG,4/30/2018,Clinical&Medical-Othe Public Sector,Learning Difficulties - S117,WOLVERHAMPTON CITY COUNCIL,21634470,"30,000.00",101268711,6001673562
Department of Health,NHS Wolverhampton CCG,4/30/2018,Clinical&Medical-Othe Public Sector,Learning Difficulties - S117,WOLVERHAMPTON CITY COUNCIL,21634497,"32,116.00",101268711,6001728684
Department of Health,NHS Wolverhampton CCG,4/30/2018,Clinical&Medical-Othe Public Sector,MENTAL HEALTH SERVICES - OTHER,WOLVERHAMPTON CITY COUNCIL,21634512,"28,698.15",101268711,6002011861
Department of Health,NHS Wolverhampton CCG,4/30/2018,Clinical&Medical-Othe Public Sector,MENTAL HEALTH SERVICES - OTHER,WOLVERHAMPTON CITY COUNCIL,21634590,"(28,698.15)",101268711,6002204823
Department of Health,NHS Wolverhampton CCG,4/30/2018,Clinical&Medical-Othe Public Sector,Learning Difficulties - S117,WOLVERHAMPTON CITY COUNCIL,21634596,"(32,116.00)",101268711,6002204805
Department of Health,NHS Wolverhampton CCG,4/30/2018,Clinical&Medical-Othe Public Sector,Learning Difficulties - S117,WOLVERHAMPTON CITY COUNCIL,21634599,"(30,000.00)",101268711,6002142827
Department of Health,NHS Wolverhampton CCG,4/30/2018,Clinical&Medical-Othe Public Sector,Learning Difficulties - S117,SOLIHULL METROPOLITAN BOROUGH COUNCIL,21666974,"25,946.10",,102074
Department of Health,NHS Wolverhampton CCG,4/30/2018,Clinical&Medical-Othe Public Sector,Learning Difficulties - S117,SOLIHULL METROPOLITAN BOROUGH COUNCIL,21667015,"(25,946.10)",,106527
Department of Health,NHS Wolverhampton CCG,4/30/2018,Computer Software/License,COUNSELLING SERVICES,SOFTCAT LTD,21667077,"186,576.00",491848503,INV01847775
Department of Health,NHS Wolverhampton CCG,4/30/2018,Cont Care-Funded Nursing Care Allow,FUNDED NURSING CARE,CARAM (AH) LTD,21672376,"38,408.10",,QAMar18FNC16
Department of Health,NHS Wolverhampton CCG,4/30/2018,Cont Care-Funded Nursing Care Allow,FUNDED NURSING CARE,BENTLEY COURT PRIORY,21672378,"41,531.25",,QAMar18FNC2
Department of Health,NHS Wolverhampton CCG,4/30/2018,Cont Care-Funded Nursing Care Allow,FUNDED NURSING CARE,NEWLYN COURT NURSING HOME,21672381,"29,503.80",,QAMar18FNC3
Department of Health,NHS Wolverhampton CCG,4/30/2018,Cont Care-Funded Nursing Care Allow,FUNDED NURSING CARE,FIRST CARE SERVICES ORCHARD HOUSE,21672383,"25,007.35",,QAMar18FNC10
Department of Health,NHS Wolverhampton CCG,4/30/2018,Clinical&Medical-Othe Public Sector,Learning Difficulties - S117,WOLVERHAMPTON CITY COUNCIL,21690097,"30,855.62",101268711,6002012016
Department of Health,NHS Wolverhampton CCG,4/30/2018,Clinical&Medical-Othe Public Sector,Mental Health Services - S117 Mental Health,WOLVERHAMPTON CITY COUNCIL,21690100,"55,273.73",101268711,6002012179
Department of Health,NHS Wolverhampton CCG,4/30/2018,Computer Hardware Purch,PRIMARY CARE IT,DELL CORPORATION LTD,21697839,"70,209.60",635823528,7402431036
Department of Health,NHS Wolverhampton CCG,4/30/2018,Hcare Srv Rec Fdtn Trust-Contract Baseline,ACUTE COMMISSIONING,BIRMINGHAM WOMENS AND CHILDRENS NHS FOUNDATION TRUST,21715292,"71,061.25",,SLAAPR18-02
Department of Health,NHS Wolverhampton CCG,4/30/2018,Hcare Srv Rec Fdtn Trust-Contract Baseline,MENTAL HEALTH CONTRACTS,BLACK COUNTRY PARTNERSHIP NHS FOUNDATION TRUST,21715293,"2,385,327.75",,SLAAPR18-04
Department of Health,NHS Wolverhampton CCG,4/30/2018,Hcare Srv Rec Fdtn Trust-CQUIN,MENTAL HEALTH CONTRACTS,BLACK COUNTRY PARTNERSHIP NHS FOUNDATION TRUST,21715294,"59,922.58",,CQUNAPR18-04
Department of Health,NHS Wolverhampton CCG,4/30/2018,Hcare Srv Rec NHS Trust-Contract Baseline,MENTAL HEALTH CONTRACTS,DUDLEY AND WALSALL MENTAL HEALTH PARTNERSHIP NHS TRUST,21715295,"43,487.00",654439224,SLAAPR18-05
Department of Health,NHS Wolverhampton CCG,4/30/2018,Hcare Srv Rec Fdtn Trust-Contract Baseline,ACUTE COMMISSIONING,DUDLEY GROUP HOSPITALS NHS FOUNDATION TRUST,21715297,"414,556.08",,SLAAPR18-06
Department of Health,NHS Wolverhampton CCG,4/30/2018,Hcare Srv Rec Fdtn Trust-Contract Baseline,ACUTE COMMISSIONING,UNIVERSITY HOSPITALS BIRMINGHAM NHS FOUNDATION TRUST,21715299,"28,283.33",,SLAAPR18-07
Department of Health,NHS Wolverhampton CCG,4/30/2018,Hcare Srv Rec Fdtn Trust-Contract Baseline,ACUTE COMMISSIONING,ROYAL ORTHOPAEDIC HOSPITAL NHS FOUNDATION TRUST,21715303,"29,973.33",654965296,SLAAPR18-10
Department of Health,NHS Wolverhampton CCG,4/30/2018,Hcare Srv Rec NHS Trust-Contract Baseline,ACUTE COMMISSIONING,ROYAL WOLVERHAMPTON HOSPITALS NHS TRUST (THE),21715305,"13,393,511.00",,SLAAPR18-11
Department of Health,NHS Wolverhampton CCG,4/30/2018,Hcare Srv Rec NHS Trust-CQUIN,ACUTE COMMISSIONING,ROYAL WOLVERHAMPTON HOSPITALS NHS TRUST (THE),21715306,"158,441.00",,CQUNAPR18-11
Department of Health,NHS Wolverhampton CCG,4/30/2018,Hcare Srv Rec NHS Trust-Contract Baseline,COMMUNITY SERVICES,ROYAL WOLVERHAMPTON HOSPITALS NHS TRUST (THE),21715307,"2,715,184.00",,SLAAPR18-12
Department of Health,NHS Wolverhampton CCG,4/30/2018,Hcare Srv Rec NHS Trust-CQUIN,COMMUNITY SERVICES,ROYAL WOLVERHAMPTON HOSPITALS NHS TRUST (THE),21715308,"33,940.00",,CQUNAPR18-12
Department of Health,NHS Wolverhampton CCG,4/30/2018,Hcare Srv Rec NHS Trust-Contract Baseline,ACUTE COMMISSIONING,SANDWELL AND WEST BIRMINGHAM HOSPITALS NHS TRUST,21715309,"72,988.50",GB654916216,SLAAPR18-13
Department of Health,NHS Wolverhampton CCG,4/30/2018,Hcare Srv Rec NHS Trust-Contract Baseline,ACUTE COMMISSIONING,SHREWSBURY&TELFORD HOSPITAL NHS TRUST,21715311,"32,466.33",,SLAAPR18-14
Department of Health,NHS Wolverhampton CCG,4/30/2018,Hcare Srv Rec Fdtn Trust-Contract Baseline,ACUTE COMMISSIONING,UNIVERSITY HOSPITAL BIRMINGHAM NHS FOUNDATION TRUST,21715315,"186,275.17",654965101,SLAAPR18-17
Department of Health,NHS Wolverhampton CCG,4/30/2018,Hcare Srv Rec NHS Trust-Contract Baseline,ACUTE COMMISSIONING,UNIVERSITY HOSPITALS OF NORTH MIDLANDS NHS TRUST,21715316,"48,893.92",654932808,SLAAPR18-18
Department of Health,NHS Wolverhampton CCG,4/30/2018,Hcare Srv Rec NHS Trust-Contract Baseline,ACUTE COMMISSIONING,WALSALL HEALTHCARE NHS TRUST,21715318,"152,176.08",654948981,SLAAPR18-19
Department of Health,NHS Wolverhampton CCG,4/30/2018,Hcare Srv Rec Fdtn Trust-Contract Baseline,AMBULANCE SERVICES,WEST MIDLANDS AMBULANCE SERVICE NHS FOUNDATION TRUST,21715320,"844,949.50",GB654950708,SLAAPR18-20
Department of Health,NHS Wolverhampton CCG,4/30/2018,Hcare Srv Rec NHS CCG-Contract Baseline,NHS 111,NHS SANDWELL AND WEST BIRMINGHAM CCG,21715322,"74,161.00",,SLAAPR18-50
Department of Health,NHS Wolverhampton CCG,4/30/2018,Clinical&Medical-Independent Sector,ACUTE COMMISSIONING,NUFFIELD HEALTH,21715324,"273,145.00",564291137,SLAAPR18-52
Department of Health,NHS Wolverhampton CCG,4/30/2018,Charges from CSU,CORPORATE COSTS & SERVICES,NHS MIDLANDS AND LANCASHIRE CSU,21715325,"26,420.81",GB 654442045,SLAAPR18-33
Department of Health,NHS Wolverhampton CCG,4/30/2018,Charges from CSU,CORPORATE COSTS & SERVICES,NHS ARDEN AND GEM CSU,21715327,"35,809.81",,SLAAPR18-46
Department of Health,NHS Wolverhampton CCG,4/30/2018,Clinical&Medical-Independent Sector,INTERMEDIATE CARE,HEANTUN CARE HOUSING ASSOCIATION LTD,21715328,"73,305.00",,SLAAPR18-36
Department of Health,NHS Wolverhampton CCG,4/30/2018,Clinical&Medical-Independent Sector,HOSPICES,COMPTON HOSPICE LTD,21715330,"165,241.00",,SLAAPR18-53
Department of Health,NHS Wolverhampton CCG,4/30/2018,Clinical&Medical-Commercial Sector,COUNSELLING SERVICES,REMPLOY LTD,21715331,"120,834.00",,IPSAPR18REMP
Department of Health,NHS Wolverhampton CCG,4/30/2018,Clinical&Medical-Serv Recd-NHS Trst,COUNSELLING SERVICES,DUDLEY AND WALSALL MENTAL HEALTH PARTNERSHIP NHS TRUST,21715332,"60,417.00",654439224,IPSAPR18DWMH
Department of Health,NHS Wolverhampton CCG,4/30/2018,Clinical&Medical-Commercial Sector,COUNSELLING SERVICES,PROSPECTS,21715333,"60,417.00",,IPSAPR18PROS
Department of Health,NHS Wolverhampton CCG,4/30/2018,Hcare Srv Rec NHS Trust-Contract Baseline,ACUTE COMMISSIONING,ROYAL WOLVERHAMPTON HOSPITALS NHS TRUST (THE),21715335,"(26,461.00)",,POLCVAPR18
Department of Health,NHS Wolverhampton CCG,4/30/2018,Hcare Srv Rec NHS Trust-Contract Baseline,COMMUNITY SERVICES,ROYAL WOLVERHAMPTON HOSPITALS NHS TRUST (THE),21715336,"(92,250.00)",,CC2HAPR18-11
Department of Health,NHS Wolverhampton CCG,4/30/2018,Charges from CSU,CORPORATE COSTS & SERVICES,NHS MIDLANDS AND LANCASHIRE CSU,21726852,"25,000.00",GB 654442045,7312309993
Department of Health,NHS Wolverhampton CCG,4/30/2018,Sterile Products,PRESCRIBING,ROYAL WOLVERHAMPTON HOSPITALS NHS TRUST (THE),21726940,"(103,369.00)",,0000015019
Department of Health,NHS Wolverhampton CCG,4/30/2018,Chrgs from SLA,PRESCRIBING,ROYAL WOLVERHAMPTON HOSPITALS NHS TRUST (THE),21768445,"53,079.25",,0000216264
Department of Health,NHS Wolverhampton CCG,4/30/2018,Sterile Products,PRESCRIBING,ROYAL WOLVERHAMPTON HOSPITALS NHS TRUST (THE),21768453,"129,935.32",,0000216368
Department of Health,NHS Wolverhampton CCG,4/30/2018,Clinical&Medical-Commercial Sector,CHILD AND ADOLESCENT MENTAL HEALTH,BASE 25,21775800,"31,000.00",,3465
Department of Health,NHS Wolverhampton CCG,4/30/2018,Clinical&Medical-Independent Sector,COMMUNITY SERVICES,CONCORDIA SPECIALIST CARE SERVICES,21790847,"40,763.50",143786783,WOLVMAY18
Department of Health,NHS Wolverhampton CCG,4/30/2018,Prescribing Incentives,PRESCRIBING,ROYAL WOLVERHAMPTON HOSPITALS NHS TRUST (THE),21790879,"(46,707.19)",,0000015030
Department of Health,NHS Wolverhampton CCG,4/30/2018,Hcare Srv Rec NHS Trust-CQUIN,COMMUNITY SERVICES,ROYAL WOLVERHAMPTON HOSPITALS NHS TRUST (THE),21798801,"1,228,460.67",,CQUADJR18-12
Department of Health,NHS Wolverhampton CCG,4/30/2018,Clinical&Medical-Independent Sector,COMMUNITY SERVICES,CONNECT PHYSICAL HEALTH CENTRES LTD,21805451,"(131,384.00)",,50348
Department of Health,NHS Wolverhampton CCG,4/30/2018,Clinical&Medical-Commercial Sector,CHILD AND ADOLESCENT MENTAL HEALTH,BASE 25,21810697,"(26,155.00)",,150
Department of Health,NHS Wolverhampton CCG,4/30/2018,C&M-GMS Global Sum,PRC DELEGATED CO-COMMISSIONING,BAGARY & BAGARY,21817202,"56,556.19",,WOM000009285
Department of Health,NHS Wolverhampton CCG,4/30/2018,C&M-GMS Prem Healthcentre Rent,PRC DELEGATED CO-COMMISSIONING,BAGARY & BAGARY,21817202,"1,096.00",,WOM000009285
Department of Health,NHS Wolverhampton CCG,4/30/2018,C&M-GMS Prem Notional Rent,PRC DELEGATED CO-COMMISSIONING,BAGARY & BAGARY,21817202,"4,337.25",,WOM000009285
Department of Health,NHS Wolverhampton CCG,4/30/2018,C&M-GMS QOF Aspiration,PRC DELEGATED CO-COMMISSIONING,BAGARY & BAGARY,21817202,"4,082.45",,WOM000009285
Department of Health,NHS Wolverhampton CCG,4/30/2018,C&M-GMS Cost of Drugs -Prescribing,LOCAL ENHANCED SERVICES,AGRAWAL,21817204,"1,534.48",,WOM000009287
Department of Health,NHS Wolverhampton CCG,4/30/2018,C&M-GMS Global Sum,PRC DELEGATED CO-COMMISSIONING,AGRAWAL,21817204,"121,260.69",,WOM000009287
Department of Health,NHS Wolverhampton CCG,4/30/2018,C&M-GMS MPIG Correction Factor,PRC DELEGATED CO-COMMISSIONING,AGRAWAL,21817204,688.79,,WOM000009287
Department of Health,NHS Wolverhampton CCG,4/30/2018,C&M-GMS PCO Seniority,PRC DELEGATED CO-COMMISSIONING,AGRAWAL,21817204,"2,954.72",,WOM000009287
Department of Health,NHS Wolverhampton CCG,4/30/2018,C&M-GMS Prem Notional Rent,PRC DELEGATED CO-COMMISSIONING,AGRAWAL,21817204,"8,112.50",,WOM000009287
Department of Health,NHS Wolverhampton CCG,4/30/2018,C&M-GMS Prof Fees Prescribing,PRC DELEGATED CO-COMMISSIONING,AGRAWAL,21817204,459.48,,WOM000009287
Department of Health,NHS Wolverhampton CCG,4/30/2018,C&M-GMS QOF Aspiration,PRC DELEGATED CO-COMMISSIONING,AGRAWAL,21817204,"10,384.21",,WOM000009287
Department of Health,NHS Wolverhampton CCG,4/30/2018,C&M-GMS Cost of Drugs -Prescribing,LOCAL ENHANCED SERVICES,BILAS & THOMAS,21817206,551.22,,WOM000009289
Department of Health,NHS Wolverhampton CCG,4/30/2018,C&M-GMS Global Sum,PRC DELEGATED CO-COMMISSIONING,BILAS & THOMAS,21817206,"28,105.38",,WOM000009289
Department of Health,NHS Wolverhampton CCG,4/30/2018,C&M-GMS Prem Notional Rent,PRC DELEGATED CO-COMMISSIONING,BILAS & THOMAS,21817206,"1,916.67",,WOM000009289
Department of Health,NHS Wolverhampton CCG,4/30/2018,C&M-GMS Prof Fees Prescribing,PRC DELEGATED CO-COMMISSIONING,BILAS & THOMAS,21817206,320.31,,WOM000009289
Department of Health,NHS Wolverhampton CCG,4/30/2018,C&M-GMS QOF Aspiration,PRC DELEGATED CO-COMMISSIONING,BILAS & THOMAS,21817206,"2,614.98",,WOM000009289
Department of Health,NHS Wolverhampton CCG,4/30/2018,C&M-PMS Contract Value,PRC DELEGATED CO-COMMISSIONING,BILSTON URBAN VILLAGE MEDICAL CENTRE,21817208,"81,392.00",,WOM000009291
Department of Health,NHS Wolverhampton CCG,4/30/2018,C&M-PMS Cost of Drugs -Prescribing,LOCAL ENHANCED SERVICES,BILSTON URBAN VILLAGE MEDICAL CENTRE,21817208,"2,133.98",,WOM000009291
Department of Health,NHS Wolverhampton CCG,4/30/2018,C&M-PMS Prem Healthcentre Rent,PRC DELEGATED CO-COMMISSIONING,BILSTON URBAN VILLAGE MEDICAL CENTRE,21817208,"7,176.67",,WOM000009291
Department of Health,NHS Wolverhampton CCG,4/30/2018,C&M-PMS Prof fees Prescribing,PRC DELEGATED CO-COMMISSIONING,BILSTON URBAN VILLAGE MEDICAL CENTRE,21817208,276.13,,WOM000009291
Department of Health,NHS Wolverhampton CCG,4/30/2018,C&M-PMS QOF Aspiration,PRC DELEGATED CO-COMMISSIONING,BILSTON URBAN VILLAGE MEDICAL CENTRE,21817208,"3,338.80",,WOM000009291
Department of Health,NHS Wolverhampton CCG,4/30/2018,C&M-GMS Cost of Drugs -Prescribing,LOCAL ENHANCED SERVICES,COWEN MANLEY & GUEST,21817210,981.81,,WOM000009293
Department of Health,NHS Wolverhampton CCG,4/30/2018,C&M-GMS Global Sum,PRC DELEGATED CO-COMMISSIONING,COWEN MANLEY & GUEST,21817210,"36,451.67",,WOM000009293
Department of Health,NHS Wolverhampton CCG,4/30/2018,C&M-GMS Other FDR Payment,PRC DELEGATED CO-COMMISSIONING,COWEN MANLEY & GUEST,21817210,"4,475.55",,WOM000009293
Department of Health,NHS Wolverhampton CCG,4/30/2018,C&M-GMS Prem Notional Rent,PRC DELEGATED CO-COMMISSIONING,COWEN MANLEY & GUEST,21817210,"3,450.00",,WOM000009293
Department of Health,NHS Wolverhampton CCG,4/30/2018,C&M-GMS Prem Rates,PRC DELEGATED CO-COMMISSIONING,COWEN MANLEY & GUEST,21817210,"14,400.00",,WOM000009293
Department of Health,NHS Wolverhampton CCG,4/30/2018,C&M-GMS Prem Water Rates,PRC DELEGATED CO-COMMISSIONING,COWEN MANLEY & GUEST,21817210,80.26,,WOM000009293
Department of Health,NHS Wolverhampton CCG,4/30/2018,C&M-GMS Prof Fees Prescribing,PRC DELEGATED CO-COMMISSIONING,COWEN MANLEY & GUEST,21817210,231.95,,WOM000009293
Department of Health,NHS Wolverhampton CCG,4/30/2018,C&M-GMS QOF Aspiration,PRC DELEGATED CO-COMMISSIONING,COWEN MANLEY & GUEST,21817210,"3,941.93",,WOM000009293
Department of Health,NHS Wolverhampton CCG,4/30/2018,ME - GMS GP Prior Year ERs,PRC DELEGATED CO-COMMISSIONING,COWEN MANLEY & GUEST,21817210,"1,477.92",,WOM000009293
Department of Health,NHS Wolverhampton CCG,4/30/2018,ME-GMS GP Prior Year EEs,PRC DELEGATED CO-COMMISSIONING,COWEN MANLEY & GUEST,21817210,"2,565.24",,WOM000009293
Department of Health,NHS Wolverhampton CCG,4/30/2018,C&M-GMS Global Sum,PRC DELEGATED CO-COMMISSIONING,DR A SAINI & DR B MEHTA,21817212,"37,972.74",,WOM000009295
Department of Health,NHS Wolverhampton CCG,4/30/2018,C&M-GMS MPIG Correction Factor,PRC DELEGATED CO-COMMISSIONING,DR A SAINI & DR B MEHTA,21817212,355.64,,WOM000009295
Department of Health,NHS Wolverhampton CCG,4/30/2018,C&M-GMS Prem Notional Rent,PRC DELEGATED CO-COMMISSIONING,DR A SAINI & DR B MEHTA,21817212,"1,980.83",,WOM000009295
Department of Health,NHS Wolverhampton CCG,4/30/2018,C&M-GMS QOF Aspiration,PRC DELEGATED CO-COMMISSIONING,DR A SAINI & DR B MEHTA,21817212,"4,425.76",,WOM000009295
Department of Health,NHS Wolverhampton CCG,4/30/2018,C&M-GMS Cost of Drugs -Prescribing,LOCAL ENHANCED SERVICES,DR D M BUSH,21817214,614.78,,WOM000009299
Department of Health,NHS Wolverhampton CCG,4/30/2018,C&M-GMS Global Sum,PRC DELEGATED CO-COMMISSIONING,DR D M BUSH,21817214,"40,861.31",,WOM000009299
Department of Health,NHS Wolverhampton CCG,4/30/2018,C&M-GMS MPIG Correction Factor,PRC DELEGATED CO-COMMISSIONING,DR D M BUSH,21817214,"1,262.82",,WOM000009299
Department of Health,NHS Wolverhampton CCG,4/30/2018,C&M-GMS Prem Notional Rent,PRC DELEGATED CO-COMMISSIONING,DR D M BUSH,21817214,"2,691.67",,WOM000009299
Department of Health,NHS Wolverhampton CCG,4/30/2018,C&M-GMS Prof Fees Prescribing,PRC DELEGATED CO-COMMISSIONING,DR D M BUSH,21817214,185.55,,WOM000009299
Department of Health,NHS Wolverhampton CCG,4/30/2018,C&M-GMS QOF Aspiration,PRC DELEGATED CO-COMMISSIONING,DR D M BUSH,21817214,"4,733.37",,WOM000009299
Department of Health,NHS Wolverhampton CCG,4/30/2018,C&M-GMS Cost of Drugs -Prescribing,LOCAL ENHANCED SERVICES,DR G PICKAVANCE & PARTNERS,21817216,"2,340.58",,WOM000009301
Department of Health,NHS Wolverhampton CCG,4/30/2018,C&M-GMS Global Sum,PRC DELEGATED CO-COMMISSIONING,DR G PICKAVANCE & PARTNERS,21817216,"36,987.56",,WOM000009301
Department of Health,NHS Wolverhampton CCG,4/30/2018,C&M-GMS Prem Notional Rent,PRC DELEGATED CO-COMMISSIONING,DR G PICKAVANCE & PARTNERS,21817216,"2,135.00",,WOM000009301
Department of Health,NHS Wolverhampton CCG,4/30/2018,C&M-GMS Prof Fees Prescribing,PRC DELEGATED CO-COMMISSIONING,DR G PICKAVANCE & PARTNERS,21817216,393.21,,WOM000009301
Department of Health,NHS Wolverhampton CCG,4/30/2018,C&M-GMS QOF Aspiration,PRC DELEGATED CO-COMMISSIONING,DR G PICKAVANCE & PARTNERS,21817216,"5,109.07",,WOM000009301
Department of Health,NHS Wolverhampton CCG,4/30/2018,C&M-GMS Cost of Drugs -Prescribing,LOCAL ENHANCED SERVICES,DR JONES & PARTNERS WOLVERHAMPTON,21817218,765.01,,WOM000009303
Department of Health,NHS Wolverhampton CCG,4/30/2018,C&M-GMS Global Sum,PRC DELEGATED CO-COMMISSIONING,DR JONES & PARTNERS WOLVERHAMPTON,21817218,"90,579.10",,WOM000009303
Department of Health,NHS Wolverhampton CCG,4/30/2018,C&M-GMS Prem Healthcentre Rent,PRC DELEGATED CO-COMMISSIONING,DR JONES & PARTNERS WOLVERHAMPTON,21817218,"6,618.42",,WOM000009303
Department of Health,NHS Wolverhampton CCG,4/30/2018,C&M-GMS Prof Fees Prescribing,PRC DELEGATED CO-COMMISSIONING,DR JONES & PARTNERS WOLVERHAMPTON,21817218,373.32,,WOM000009303
Department of Health,NHS Wolverhampton CCG,4/30/2018,C&M-GMS QOF Aspiration,PRC DELEGATED CO-COMMISSIONING,DR JONES & PARTNERS WOLVERHAMPTON,21817218,"9,460.16",,WOM000009303
Department of Health,NHS Wolverhampton CCG,4/30/2018,C&M-PMS Contract Value,PRC DELEGATED CO-COMMISSIONING,DR MAJID & RAVINDRAN,21817220,"37,293.66",,WOM000009305
Department of Health,NHS Wolverhampton CCG,4/30/2018,C&M-PMS Cost of Drugs -Prescribing,LOCAL ENHANCED SERVICES,DR MAJID & RAVINDRAN,21817220,"1,444.70",,WOM000009305
Department of Health,NHS Wolverhampton CCG,4/30/2018,C&M-PMS Prem Notional Rent,PRC DELEGATED CO-COMMISSIONING,DR MAJID & RAVINDRAN,21817220,"3,160.42",,WOM000009305
Department of Health,NHS Wolverhampton CCG,4/30/2018,C&M-PMS Prof fees Prescribing,PRC DELEGATED CO-COMMISSIONING,DR MAJID & RAVINDRAN,21817220,302.64,,WOM000009305
Department of Health,NHS Wolverhampton CCG,4/30/2018,C&M-PMS QOF Aspiration,PRC DELEGATED CO-COMMISSIONING,DR MAJID & RAVINDRAN,21817220,"4,346.75",,WOM000009305
Department of Health,NHS Wolverhampton CCG,4/30/2018,C&M-GMS Cost of Drugs -Prescribing,LOCAL ENHANCED SERVICES,DR NOBLE & PARTNERS,21817222,"1,796.50",,WOM000009307
Department of Health,NHS Wolverhampton CCG,4/30/2018,C&M-GMS Global Sum,PRC DELEGATED CO-COMMISSIONING,DR NOBLE & PARTNERS,21817222,"70,802.21",,WOM000009307
Department of Health,NHS Wolverhampton CCG,4/30/2018,C&M-GMS Other FDR Payment,PRC DELEGATED CO-COMMISSIONING,DR NOBLE & PARTNERS,21817222,"12,208.77",,WOM000009307
Department of Health,NHS Wolverhampton CCG,4/30/2018,C&M-GMS Prem Notional Rent,PRC DELEGATED CO-COMMISSIONING,DR NOBLE & PARTNERS,21817222,"4,616.67",,WOM000009307
Department of Health,NHS Wolverhampton CCG,4/30/2018,C&M-GMS Prof Fees Prescribing,PRC DELEGATED CO-COMMISSIONING,DR NOBLE & PARTNERS,21817222,254.03,,WOM000009307
Department of Health,NHS Wolverhampton CCG,4/30/2018,C&M-GMS QOF Aspiration,PRC DELEGATED CO-COMMISSIONING,DR NOBLE & PARTNERS,21817222,"6,358.93",,WOM000009307
Department of Health,NHS Wolverhampton CCG,4/30/2018,C&M-GMS Cost of Drugs -Prescribing,LOCAL ENHANCED SERVICES,DR MORGAN & PARTNERS,21817224,"2,365.00",,WOM000009309
Department of Health,NHS Wolverhampton CCG,4/30/2018,C&M-GMS Global Sum,PRC DELEGATED CO-COMMISSIONING,DR MORGAN & PARTNERS,21817224,"109,744.89",,WOM000009309
Department of Health,NHS Wolverhampton CCG,4/30/2018,C&M-GMS MPIG Correction Factor,PRC DELEGATED CO-COMMISSIONING,DR MORGAN & PARTNERS,21817224,79.58,,WOM000009309
Department of Health,NHS Wolverhampton CCG,4/30/2018,C&M-GMS Prem Healthcentre Rent,PRC DELEGATED CO-COMMISSIONING,DR MORGAN & PARTNERS,21817224,"4,964.58",,WOM000009309
Department of Health,NHS Wolverhampton CCG,4/30/2018,C&M-GMS Prem Notional Rent,PRC DELEGATED CO-COMMISSIONING,DR MORGAN & PARTNERS,21817224,"3,383.33",,WOM000009309
Department of Health,NHS Wolverhampton CCG,4/30/2018,C&M-GMS Prof Fees Prescribing,PRC DELEGATED CO-COMMISSIONING,DR MORGAN & PARTNERS,21817224,596.44,,WOM000009309
Department of Health,NHS Wolverhampton CCG,4/30/2018,C&M-GMS QOF Aspiration,PRC DELEGATED CO-COMMISSIONING,DR MORGAN & PARTNERS,21817224,"12,719.10",,WOM000009309
Department of Health,NHS Wolverhampton CCG,4/30/2018,C&M-GMS Cost of Drugs -Prescribing,LOCAL ENHANCED SERVICES,DR RICHARDSON & PARTNERS WOLVERHAMPTON,21817225,"1,177.72",,WOM000009310
Department of Health,NHS Wolverhampton CCG,4/30/2018,C&M-GMS Global Sum,PRC DELEGATED CO-COMMISSIONING,DR RICHARDSON & PARTNERS WOLVERHAMPTON,21817225,"67,266.86",,WOM000009310
Department of Health,NHS Wolverhampton CCG,4/30/2018,C&M-GMS Other FDR Payment,PRC DELEGATED CO-COMMISSIONING,DR RICHARDSON & PARTNERS WOLVERHAMPTON,21817225,"5,431.57",,WOM000009310
Department of Health,NHS Wolverhampton CCG,4/30/2018,C&M-GMS Prem Notional Rent,PRC DELEGATED CO-COMMISSIONING,DR RICHARDSON & PARTNERS WOLVERHAMPTON,21817225,"4,296.67",,WOM000009310
Department of Health,NHS Wolverhampton CCG,4/30/2018,C&M-GMS Prof Fees Prescribing,PRC DELEGATED CO-COMMISSIONING,DR RICHARDSON & PARTNERS WOLVERHAMPTON,21817225,234.14,,WOM000009310
Department of Health,NHS Wolverhampton CCG,4/30/2018,C&M-GMS QOF Aspiration,PRC DELEGATED CO-COMMISSIONING,DR RICHARDSON & PARTNERS WOLVERHAMPTON,21817225,"5,624.38",,WOM000009310
Department of Health,NHS Wolverhampton CCG,4/30/2018,C&M-PMS Contract Value,PRC DELEGATED CO-COMMISSIONING,ETTINGSHALL MEDICAL CENTRE,21817227,"46,421.00",,WOM000009312
Department of Health,NHS Wolverhampton CCG,4/30/2018,C&M-PMS Cost of Drugs -Prescribing,LOCAL ENHANCED SERVICES,ETTINGSHALL MEDICAL CENTRE,21817227,579.93,,WOM000009312
Department of Health,NHS Wolverhampton CCG,4/30/2018,C&M-PMS Prem Healthcentre Rent,PRC DELEGATED CO-COMMISSIONING,ETTINGSHALL MEDICAL CENTRE,21817227,"14,524.33",,WOM000009312
Department of Health,NHS Wolverhampton CCG,4/30/2018,C&M-PMS Prof fees Prescribing,PRC DELEGATED CO-COMMISSIONING,ETTINGSHALL MEDICAL CENTRE,21817227,249.62,,WOM000009312
Department of Health,NHS Wolverhampton CCG,4/30/2018,C&M-PMS QOF Aspiration,PRC DELEGATED CO-COMMISSIONING,ETTINGSHALL MEDICAL CENTRE,21817227,"3,799.35",,WOM000009312
Department of Health,NHS Wolverhampton CCG,4/30/2018,C&M-GMS Cost of Drugs -Prescribing,LOCAL ENHANCED SERVICES,DRS TAYLOR & CAM,21817228,373.39,,WOM000009313
Department of Health,NHS Wolverhampton CCG,4/30/2018,C&M-GMS Global Sum,PRC DELEGATED CO-COMMISSIONING,DRS TAYLOR & CAM,21817228,"25,999.23",,WOM000009313
Department of Health,NHS Wolverhampton CCG,4/30/2018,C&M-GMS Prem Notional Rent,PRC DELEGATED CO-COMMISSIONING,DRS TAYLOR & CAM,21817228,"1,412.50",,WOM000009313
Department of Health,NHS Wolverhampton CCG,4/30/2018,C&M-GMS Prof Fees Prescribing,PRC DELEGATED CO-COMMISSIONING,DRS TAYLOR & CAM,21817228,123.70,,WOM000009313
Department of Health,NHS Wolverhampton CCG,4/30/2018,C&M-GMS QOF Aspiration,PRC DELEGATED CO-COMMISSIONING,DRS TAYLOR & CAM,21817228,"2,576.87",,WOM000009313
Department of Health,NHS Wolverhampton CCG,4/30/2018,C&M-GMS Cost of Drugs -Prescribing,LOCAL ENHANCED SERVICES,GEORGE & RAJCHOLAN,21817230,"1,113.88",,WOM000009315
Department of Health,NHS Wolverhampton CCG,4/30/2018,C&M-GMS Global Sum,PRC DELEGATED CO-COMMISSIONING,GEORGE & RAJCHOLAN,21817230,"29,757.26",,WOM000009315
Department of Health,NHS Wolverhampton CCG,4/30/2018,C&M-GMS Prem Healthcentre Rent,PRC DELEGATED CO-COMMISSIONING,GEORGE & RAJCHOLAN,21817230,"2,262.50",,WOM000009315
Department of Health,NHS Wolverhampton CCG,4/30/2018,C&M-GMS Prof Fees Prescribing,PRC DELEGATED CO-COMMISSIONING,GEORGE & RAJCHOLAN,21817230,342.40,,WOM000009315
Department of Health,NHS Wolverhampton CCG,4/30/2018,C&M-GMS QOF Aspiration,PRC DELEGATED CO-COMMISSIONING,GEORGE & RAJCHOLAN,21817230,"3,433.09",,WOM000009315
Department of Health,NHS Wolverhampton CCG,4/30/2018,C&M-GMS Cost of Drugs -Prescribing,LOCAL ENHANCED SERVICES,HIBBS & PARTNERS,21817234,"2,743.80",,WOM000009319
Department of Health,NHS Wolverhampton CCG,4/30/2018,C&M-GMS Global Sum,PRC DELEGATED CO-COMMISSIONING,HIBBS & PARTNERS,21817234,"97,456.04",,WOM000009319
Department of Health,NHS Wolverhampton CCG,4/30/2018,C&M-GMS PCO Locum Sickness,PRC DELEGATED CO-COMMISSIONING,HIBBS & PARTNERS,21817234,"11,611.50",,WOM000009319
Department of Health,NHS Wolverhampton CCG,4/30/2018,C&M-GMS Prem Healthcentre Rent,PRC DELEGATED CO-COMMISSIONING,HIBBS & PARTNERS,21817234,"2,016.67",,WOM000009319
Department of Health,NHS Wolverhampton CCG,4/30/2018,C&M-GMS Prem Notional Rent,PRC DELEGATED CO-COMMISSIONING,HIBBS & PARTNERS,21817234,"3,879.17",,WOM000009319
Department of Health,NHS Wolverhampton CCG,4/30/2018,C&M-GMS Prof Fees Prescribing,PRC DELEGATED CO-COMMISSIONING,HIBBS & PARTNERS,21817234,746.65,,WOM000009319
Department of Health,NHS Wolverhampton CCG,4/30/2018,C&M-GMS QOF Aspiration,PRC DELEGATED CO-COMMISSIONING,HIBBS & PARTNERS,21817234,"11,568.99",,WOM000009319
Department of Health,NHS Wolverhampton CCG,4/30/2018,C&M-GMS Cost of Drugs -Prescribing,LOCAL ENHANCED SERVICES,KEHLER AUNG & NAZ,21817236,336.38,,WOM000009323
Department of Health,NHS Wolverhampton CCG,4/30/2018,C&M-GMS Global Sum,PRC DELEGATED CO-COMMISSIONING,KEHLER AUNG & NAZ,21817236,"45,382.80",,WOM000009323
Department of Health,NHS Wolverhampton CCG,4/30/2018,C&M-GMS Prem Actual Rent,PRC DELEGATED CO-COMMISSIONING,KEHLER AUNG & NAZ,21817236,"7,259.58",,WOM000009323
Department of Health,NHS Wolverhampton CCG,4/30/2018,C&M-GMS Prof Fees Prescribing,PRC DELEGATED CO-COMMISSIONING,KEHLER AUNG & NAZ,21817236,262.87,,WOM000009323
Department of Health,NHS Wolverhampton CCG,4/30/2018,C&M-GMS QOF Aspiration,PRC DELEGATED CO-COMMISSIONING,KEHLER AUNG & NAZ,21817236,"4,700.61",,WOM000009323
Department of Health,NHS Wolverhampton CCG,4/30/2018,C&M-GMS Cost of Drugs -Prescribing,LOCAL ENHANCED SERVICES,KRISHAN,21817238,803.06,,WOM000009325
Department of Health,NHS Wolverhampton CCG,4/30/2018,C&M-GMS Global Sum,PRC DELEGATED CO-COMMISSIONING,KRISHAN,21817238,"60,432.64",,WOM000009325
Department of Health,NHS Wolverhampton CCG,4/30/2018,C&M-GMS Other FDR Payment,PRC DELEGATED CO-COMMISSIONING,KRISHAN,21817238,"7,117.96",,WOM000009325
Department of Health,NHS Wolverhampton CCG,4/30/2018,C&M-GMS Prem Notional Rent,PRC DELEGATED CO-COMMISSIONING,KRISHAN,21817238,"5,515.42",,WOM000009325
Department of Health,NHS Wolverhampton CCG,4/30/2018,C&M-GMS Prof Fees Prescribing,PRC DELEGATED CO-COMMISSIONING,KRISHAN,21817238,262.87,,WOM000009325
Department of Health,NHS Wolverhampton CCG,4/30/2018,C&M-GMS QOF Aspiration,PRC DELEGATED CO-COMMISSIONING,KRISHAN,21817238,"5,418.72",,WOM000009325
Department of Health,NHS Wolverhampton CCG,4/30/2018,C&M-GMS Global Sum,PRC DELEGATED CO-COMMISSIONING,MS KAINTH,21817241,"23,659.49",,WOM000009331
Department of Health,NHS Wolverhampton CCG,4/30/2018,C&M-GMS Prem Actual Rent,PRC DELEGATED CO-COMMISSIONING,MS KAINTH,21817241,"1,041.67",,WOM000009331
Department of Health,NHS Wolverhampton CCG,4/30/2018,C&M-GMS QOF Aspiration,PRC DELEGATED CO-COMMISSIONING,MS KAINTH,21817241,"2,930.23",,WOM000009331
Department of Health,NHS Wolverhampton CCG,4/30/2018,C&M-GMS Cost of Drugs -Prescribing,LOCAL ENHANCED SERVICES,MUDIGONDA,21817243,214.83,,WOM000009333
Department of Health,NHS Wolverhampton CCG,4/30/2018,C&M-GMS Global Sum,PRC DELEGATED CO-COMMISSIONING,MUDIGONDA,21817243,"29,025.26",,WOM000009333
Department of Health,NHS Wolverhampton CCG,4/30/2018,C&M-GMS Prem Healthcentre Rent,PRC DELEGATED CO-COMMISSIONING,MUDIGONDA,21817243,"1,900.58",,WOM000009333
Department of Health,NHS Wolverhampton CCG,4/30/2018,C&M-GMS Prof Fees Prescribing,PRC DELEGATED CO-COMMISSIONING,MUDIGONDA,21817243,128.13,,WOM000009333
Department of Health,NHS Wolverhampton CCG,4/30/2018,C&M-GMS QOF Aspiration,PRC DELEGATED CO-COMMISSIONING,MUDIGONDA,21817243,"3,102.25",,WOM000009333
Department of Health,NHS Wolverhampton CCG,4/30/2018,C&M-GMS Cost of Drugs -Prescribing,LOCAL ENHANCED SERVICES,POPLARS MEDICAL PRACTICE,21817244,372.79,,WOM000009335
Department of Health,NHS Wolverhampton CCG,4/30/2018,C&M-GMS Global Sum,PRC DELEGATED CO-COMMISSIONING,POPLARS MEDICAL PRACTICE,21817244,"25,133.19",,WOM000009335
Department of Health,NHS Wolverhampton CCG,4/30/2018,C&M-GMS Prem Notional Rent,PRC DELEGATED CO-COMMISSIONING,POPLARS MEDICAL PRACTICE,21817244,"1,912.50",,WOM000009335
Department of Health,NHS Wolverhampton CCG,4/30/2018,C&M-GMS Prof Fees Prescribing,PRC DELEGATED CO-COMMISSIONING,POPLARS MEDICAL PRACTICE,21817244,172.30,,WOM000009335
Department of Health,NHS Wolverhampton CCG,4/30/2018,C&M-GMS QOF Aspiration,PRC DELEGATED CO-COMMISSIONING,POPLARS MEDICAL PRACTICE,21817244,"2,762.05",,WOM000009335
Department of Health,NHS Wolverhampton CCG,4/30/2018,C&M-GMS Cost of Drugs -Prescribing,LOCAL ENHANCED SERVICES,PEACOCK & PARTNERS,21817246,"1,731.91",,WOM000009337
Department of Health,NHS Wolverhampton CCG,4/30/2018,C&M-GMS Global Sum,PRC DELEGATED CO-COMMISSIONING,PEACOCK & PARTNERS,21817246,"50,677.64",,WOM000009337
Department of Health,NHS Wolverhampton CCG,4/30/2018,C&M-GMS MPIG Correction Factor,PRC DELEGATED CO-COMMISSIONING,PEACOCK & PARTNERS,21817246,338.34,,WOM000009337
Department of Health,NHS Wolverhampton CCG,4/30/2018,C&M-GMS PCO Locum Sickness,PRC DELEGATED CO-COMMISSIONING,PEACOCK & PARTNERS,21817246,"3,468.36",,WOM000009337
Department of Health,NHS Wolverhampton CCG,4/30/2018,C&M-GMS Prem Notional Rent,PRC DELEGATED CO-COMMISSIONING,PEACOCK & PARTNERS,21817246,"2,098.33",,WOM000009337
Department of Health,NHS Wolverhampton CCG,4/30/2018,C&M-GMS Prof Fees Prescribing,PRC DELEGATED CO-COMMISSIONING,PEACOCK & PARTNERS,21817246,424.13,,WOM000009337
Department of Health,NHS Wolverhampton CCG,4/30/2018,C&M-GMS QOF Aspiration,PRC DELEGATED CO-COMMISSIONING,PEACOCK & PARTNERS,21817246,"5,685.43",,WOM000009337
Department of Health,NHS Wolverhampton CCG,4/30/2018,C&M-PMS Contract Value,PRC DELEGATED CO-COMMISSIONING,SHOWELL PARK HEALTH & WALK IN CENTRE,21817249,"31,200.00",,WOM000009341
Department of Health,NHS Wolverhampton CCG,4/30/2018,C&M-PMS Cost of Drugs -Prescribing,LOCAL ENHANCED SERVICES,SHOWELL PARK HEALTH & WALK IN CENTRE,21817249,688.44,,WOM000009341
Department of Health,NHS Wolverhampton CCG,4/30/2018,C&M-PMS Prof fees Prescribing,PRC DELEGATED CO-COMMISSIONING,SHOWELL PARK HEALTH & WALK IN CENTRE,21817249,203.23,,WOM000009341
Department of Health,NHS Wolverhampton CCG,4/30/2018,C&M-PMS QOF Aspiration,PRC DELEGATED CO-COMMISSIONING,SHOWELL PARK HEALTH & WALK IN CENTRE,21817249,"3,276.30",,WOM000009341
Department of Health,NHS Wolverhampton CCG,4/30/2018,C&M-GMS Cost of Drugs -Prescribing,LOCAL ENHANCED SERVICES,VIJ VIJ RIKHI & MOHINDROO,21817253,"4,492.08",,WOM000009345
Department of Health,NHS Wolverhampton CCG,4/30/2018,C&M-GMS Global Sum,PRC DELEGATED CO-COMMISSIONING,VIJ VIJ RIKHI & MOHINDROO,21817253,"99,314.09",,WOM000009345
Department of Health,NHS Wolverhampton CCG,4/30/2018,C&M-GMS Prem Healthcentre Rent,PRC DELEGATED CO-COMMISSIONING,VIJ VIJ RIKHI & MOHINDROO,21817253,"4,114.33",,WOM000009345
Department of Health,NHS Wolverhampton CCG,4/30/2018,C&M-GMS Prem Notional Rent,PRC DELEGATED CO-COMMISSIONING,VIJ VIJ RIKHI & MOHINDROO,21817253,"1,029.17",,WOM000009345
Department of Health,NHS Wolverhampton CCG,4/30/2018,C&M-GMS Prof Fees Prescribing,PRC DELEGATED CO-COMMISSIONING,VIJ VIJ RIKHI & MOHINDROO,21817253,835.00,,WOM000009345
Department of Health,NHS Wolverhampton CCG,4/30/2018,C&M-GMS QOF Aspiration,PRC DELEGATED CO-COMMISSIONING,VIJ VIJ RIKHI & MOHINDROO,21817253,"10,418.92",,WOM000009345
Department of Health,NHS Wolverhampton CCG,4/30/2018,C&M-GMS Cost of Drugs -Prescribing,LOCAL ENHANCED SERVICES,WAGSTAFF & PARTNERS,21817255,"2,119.49",,WOM000009347
Department of Health,NHS Wolverhampton CCG,4/30/2018,C&M-GMS Global Sum,PRC DELEGATED CO-COMMISSIONING,WAGSTAFF & PARTNERS,21817255,"91,657.03",,WOM000009347
Department of Health,NHS Wolverhampton CCG,4/30/2018,C&M-GMS Other FDR Payment,PRC DELEGATED CO-COMMISSIONING,WAGSTAFF & PARTNERS,21817255,"4,985.48",,WOM000009347
Department of Health,NHS Wolverhampton CCG,4/30/2018,C&M-GMS Prem Actual Rent,PRC DELEGATED CO-COMMISSIONING,WAGSTAFF & PARTNERS,21817255,"21,736.67",,WOM000009347
Department of Health,NHS Wolverhampton CCG,4/30/2018,C&M-GMS Prem Rates,PRC DELEGATED CO-COMMISSIONING,WAGSTAFF & PARTNERS,21817255,"30,319.50",,WOM000009347
Department of Health,NHS Wolverhampton CCG,4/30/2018,C&M-GMS Prem Water Rates,PRC DELEGATED CO-COMMISSIONING,WAGSTAFF & PARTNERS,21817255,783.78,,WOM000009347
Department of Health,NHS Wolverhampton CCG,4/30/2018,C&M-GMS Prof Fees Prescribing,PRC DELEGATED CO-COMMISSIONING,WAGSTAFF & PARTNERS,21817255,437.38,,WOM000009347
Department of Health,NHS Wolverhampton CCG,4/30/2018,C&M-GMS QOF Aspiration,PRC DELEGATED CO-COMMISSIONING,WAGSTAFF & PARTNERS,21817255,"8,422.52",,WOM000009347
Department of Health,NHS Wolverhampton CCG,4/30/2018,C&M-GMS Cost of Drugs -Prescribing,LOCAL ENHANCED SERVICES,WILLIAMS DE ROSA & ELCOCK,21817257,"1,075.69",,WOM000009349
Department of Health,NHS Wolverhampton CCG,4/30/2018,C&M-GMS Global Sum,PRC DELEGATED CO-COMMISSIONING,WILLIAMS DE ROSA & ELCOCK,21817257,"32,056.75",,WOM000009349
Department of Health,NHS Wolverhampton CCG,4/30/2018,C&M-GMS Prem Actual Rent,PRC DELEGATED CO-COMMISSIONING,WILLIAMS DE ROSA & ELCOCK,21817257,"1,020.83",,WOM000009349
Department of Health,NHS Wolverhampton CCG,4/30/2018,C&M-GMS Prof Fees Prescribing,PRC DELEGATED CO-COMMISSIONING,WILLIAMS DE ROSA & ELCOCK,21817257,145.80,,WOM000009349
Department of Health,NHS Wolverhampton CCG,4/30/2018,C&M-GMS QOF Aspiration,PRC DELEGATED CO-COMMISSIONING,WILLIAMS DE ROSA & ELCOCK,21817257,"3,714.47",,WOM000009349
Department of Health,NHS Wolverhampton CCG,4/30/2018,ME - GMS GP Prior Year ERs,PRC DELEGATED CO-COMMISSIONING,WILLIAMS DE ROSA & ELCOCK,21817257,"1,422.60",,WOM000009349
Department of Health,NHS Wolverhampton CCG,4/30/2018,ME-GMS GP Prior Year EEs,PRC DELEGATED CO-COMMISSIONING,WILLIAMS DE ROSA & ELCOCK,21817257,"1,365.57",,WOM000009349
Department of Health,NHS Wolverhampton CCG,4/30/2018,C&M-GMS Cost of Drugs -Prescribing,LOCAL ENHANCED SERVICES,WHITE & PARTNERS,21817261,"3,274.97",,WOM000009351
Department of Health,NHS Wolverhampton CCG,4/30/2018,C&M-GMS Global Sum,PRC DELEGATED CO-COMMISSIONING,WHITE & PARTNERS,21817261,"82,346.50",,WOM000009351
Department of Health,NHS Wolverhampton CCG,4/30/2018,C&M-GMS Other FDR Payment,PRC DELEGATED CO-COMMISSIONING,WHITE & PARTNERS,21817261,"4,438.75",,WOM000009351
Department of Health,NHS Wolverhampton CCG,4/30/2018,C&M-GMS Prem Actual Rent,PRC DELEGATED CO-COMMISSIONING,WHITE & PARTNERS,21817261,"5,441.67",,WOM000009351
Department of Health,NHS Wolverhampton CCG,4/30/2018,C&M-GMS Prof Fees Prescribing,PRC DELEGATED CO-COMMISSIONING,WHITE & PARTNERS,21817261,466.10,,WOM000009351
Department of Health,NHS Wolverhampton CCG,4/30/2018,C&M-GMS QOF Aspiration,PRC DELEGATED CO-COMMISSIONING,WHITE & PARTNERS,21817261,"8,962.45",,WOM000009351
Department of Health,NHS Wolverhampton CCG,4/30/2018,C&M-PMS Contract Value,PRC DELEGATED CO-COMMISSIONING,CANNOCK ROAD MEDICAL PRACTICE,21817265,"45,917.21",,WOM000009357
Department of Health,NHS Wolverhampton CCG,4/30/2018,C&M-PMS Cost of Drugs -Prescribing,LOCAL ENHANCED SERVICES,CANNOCK ROAD MEDICAL PRACTICE,21817265,"1,232.69",,WOM000009357
Department of Health,NHS Wolverhampton CCG,4/30/2018,C&M-PMS Funding Differential Review,PRC DELEGATED CO-COMMISSIONING,CANNOCK ROAD MEDICAL PRACTICE,21817265,"5,559.22",,WOM000009357
Department of Health,NHS Wolverhampton CCG,4/30/2018,C&M-PMS Prem Notional Rent,PRC DELEGATED CO-COMMISSIONING,CANNOCK ROAD MEDICAL PRACTICE,21817265,"1,587.50",,WOM000009357
Department of Health,NHS Wolverhampton CCG,4/30/2018,C&M-PMS Prof fees Prescribing,PRC DELEGATED CO-COMMISSIONING,CANNOCK ROAD MEDICAL PRACTICE,21817265,267.29,,WOM000009357
Department of Health,NHS Wolverhampton CCG,4/30/2018,C&M-PMS QOF Aspiration,PRC DELEGATED CO-COMMISSIONING,CANNOCK ROAD MEDICAL PRACTICE,21817265,"4,665.64",,WOM000009357
Department of Health,NHS Wolverhampton CCG,4/30/2018,C&M-GMS Cost of Drugs -Prescribing,LOCAL ENHANCED SERVICES,DR SHARMA`S PRACTICE,21817266,484.25,,WOM000009358
Department of Health,NHS Wolverhampton CCG,4/30/2018,C&M-GMS Global Sum,PRC DELEGATED CO-COMMISSIONING,DR SHARMA`S PRACTICE,21817266,"24,986.39",,WOM000009358
Department of Health,NHS Wolverhampton CCG,4/30/2018,C&M-GMS PCO Locum Adop/Pat/Mat,PRC DELEGATED CO-COMMISSIONING,DR SHARMA`S PRACTICE,21817266,"6,825.28",,WOM000009358
Department of Health,NHS Wolverhampton CCG,4/30/2018,C&M-GMS Prem Healthcentre Rent,PRC DELEGATED CO-COMMISSIONING,DR SHARMA`S PRACTICE,21817266,"2,032.67",,WOM000009358
Department of Health,NHS Wolverhampton CCG,4/30/2018,C&M-GMS Prof Fees Prescribing,PRC DELEGATED CO-COMMISSIONING,DR SHARMA`S PRACTICE,21817266,110.45,,WOM000009358
Department of Health,NHS Wolverhampton CCG,4/30/2018,C&M-GMS QOF Aspiration,PRC DELEGATED CO-COMMISSIONING,DR SHARMA`S PRACTICE,21817266,"2,741.73",,WOM000009358
Department of Health,NHS Wolverhampton CCG,4/30/2018,C&M-GMS Cost of Drugs -Prescribing,LOCAL ENHANCED SERVICES,DRS VENKATARAMANAN & MOHINDROO,21817268,"4,099.48",,WOM000009360
Department of Health,NHS Wolverhampton CCG,4/30/2018,C&M-GMS Global Sum,PRC DELEGATED CO-COMMISSIONING,DRS VENKATARAMANAN & MOHINDROO,21817268,"98,805.50",,WOM000009360
Department of Health,NHS Wolverhampton CCG,4/30/2018,C&M-GMS MPIG Correction Factor,PRC DELEGATED CO-COMMISSIONING,DRS VENKATARAMANAN & MOHINDROO,21817268,942.62,,WOM000009360
Department of Health,NHS Wolverhampton CCG,4/30/2018,C&M-GMS Prem Notional Rent,PRC DELEGATED CO-COMMISSIONING,DRS VENKATARAMANAN & MOHINDROO,21817268,"4,258.33",,WOM000009360
Department of Health,NHS Wolverhampton CCG,4/30/2018,C&M-GMS Prem Water Rates,PRC DELEGATED CO-COMMISSIONING,DRS VENKATARAMANAN & MOHINDROO,21817268,174.77,,WOM000009360
Department of Health,NHS Wolverhampton CCG,4/30/2018,C&M-GMS Prof Fees Prescribing,PRC DELEGATED CO-COMMISSIONING,DRS VENKATARAMANAN & MOHINDROO,21817268,"1,031.61",,WOM000009360
Department of Health,NHS Wolverhampton CCG,4/30/2018,C&M-GMS QOF Aspiration,PRC DELEGATED CO-COMMISSIONING,DRS VENKATARAMANAN & MOHINDROO,21817268,"10,593.20",,WOM000009360
Department of Health,NHS Wolverhampton CCG,4/30/2018,C&M-GMS Cost of Drugs -Prescribing,LOCAL ENHANCED SERVICES,DR G DHILLON AND A NANDANAVANAM,21818787,"1,487.72",,WOM000009297
Department of Health,NHS Wolverhampton CCG,4/30/2018,C&M-GMS Global Sum,PRC DELEGATED CO-COMMISSIONING,DR G DHILLON AND A NANDANAVANAM,21818787,"34,950.72",,WOM000009297
Department of Health,NHS Wolverhampton CCG,4/30/2018,C&M-GMS MPIG Correction Factor,PRC DELEGATED CO-COMMISSIONING,DR G DHILLON AND A NANDANAVANAM,21818787,570.85,,WOM000009297
Department of Health,NHS Wolverhampton CCG,4/30/2018,C&M-GMS Prem Healthcentre Rent,PRC DELEGATED CO-COMMISSIONING,DR G DHILLON AND A NANDANAVANAM,21818787,"1,202.67",,WOM000009297
Department of Health,NHS Wolverhampton CCG,4/30/2018,C&M-GMS Prem Notional Rent,PRC DELEGATED CO-COMMISSIONING,DR G DHILLON AND A NANDANAVANAM,21818787,"1,383.33",,WOM000009297
Department of Health,NHS Wolverhampton CCG,4/30/2018,C&M-GMS Prof Fees Prescribing,PRC DELEGATED CO-COMMISSIONING,DR G DHILLON AND A NANDANAVANAM,21818787,265.08,,WOM000009297
Department of Health,NHS Wolverhampton CCG,4/30/2018,C&M-GMS QOF Aspiration,PRC DELEGATED CO-COMMISSIONING,DR G DHILLON AND A NANDANAVANAM,21818787,"3,584.45",,WOM000009297
Department of Health,NHS Wolverhampton CCG,4/30/2018,C&M-PMS Contract Value,PRC DELEGATED CO-COMMISSIONING,INTRAHEALTH LTD,21818789,"55,576.00",,WOM000009321
Department of Health,NHS Wolverhampton CCG,4/30/2018,C&M-PMS Cost of Drugs -Prescribing,LOCAL ENHANCED SERVICES,INTRAHEALTH LTD,21818789,984.24,,WOM000009321
Department of Health,NHS Wolverhampton CCG,4/30/2018,C&M-PMS Prem Healthcentre Rent,PRC DELEGATED CO-COMMISSIONING,INTRAHEALTH LTD,21818789,"4,393.83",,WOM000009321
Department of Health,NHS Wolverhampton CCG,4/30/2018,C&M-PMS Prof fees Prescribing,PRC DELEGATED CO-COMMISSIONING,INTRAHEALTH LTD,21818789,181.13,,WOM000009321
Department of Health,NHS Wolverhampton CCG,4/30/2018,C&M-PMS QOF Aspiration,PRC DELEGATED CO-COMMISSIONING,INTRAHEALTH LTD,21818789,"2,609.39",,WOM000009321
Department of Health,NHS Wolverhampton CCG,4/30/2018,C&M-GMS Cost of Drugs -Prescribing,LOCAL ENHANCED SERVICES,LEUNG & PARTNERS,21818790,"1,635.89",,WOM000009329
Department of Health,NHS Wolverhampton CCG,4/30/2018,C&M-GMS Global Sum,PRC DELEGATED CO-COMMISSIONING,LEUNG & PARTNERS,21818790,"48,806.56",,WOM000009329
Department of Health,NHS Wolverhampton CCG,4/30/2018,C&M-GMS MPIG Correction Factor,PRC DELEGATED CO-COMMISSIONING,LEUNG & PARTNERS,21818790,134.42,,WOM000009329
Department of Health,NHS Wolverhampton CCG,4/30/2018,C&M-GMS Prem Notional Rent,PRC DELEGATED CO-COMMISSIONING,LEUNG & PARTNERS,21818790,"3,262.50",,WOM000009329
Department of Health,NHS Wolverhampton CCG,4/30/2018,C&M-GMS Prem Rates,PRC DELEGATED CO-COMMISSIONING,LEUNG & PARTNERS,21818790,"6,691.73",,WOM000009329
Department of Health,NHS Wolverhampton CCG,4/30/2018,C&M-GMS Prof Fees Prescribing,PRC DELEGATED CO-COMMISSIONING,LEUNG & PARTNERS,21818790,225.31,,WOM000009329
Department of Health,NHS Wolverhampton CCG,4/30/2018,C&M-GMS QOF Aspiration,PRC DELEGATED CO-COMMISSIONING,LEUNG & PARTNERS,21818790,"6,207.61",,WOM000009329
Department of Health,NHS Wolverhampton CCG,4/30/2018,Clinical&Medical-Independent Sector,COMMUNITY SERVICES,CONNECT PHYSICAL HEALTH CENTRES LTD,21825931,"131,384.00",,65593
Department of Health,NHS Wolverhampton CCG,4/30/2018,Prescribing Incentives,PRESCRIBING,ROYAL WOLVERHAMPTON HOSPITALS NHS TRUST (THE),21825941,"46,713.97",,0000216450
Department of Health,NHS Wolverhampton CCG,4/30/2018,Clinical&Medical-Clinical Other,WINTER PRESSURES,ROYAL WOLVERHAMPTON HOSPITALS NHS TRUST (THE),21825943,"(27,480.00)",,0000015021
Department of Health,NHS Wolverhampton CCG,4/30/2018,Hcare Srv Rec NHS Trust-Over/ Under Performance,ACUTE COMMISSIONING,WALSALL HEALTHCARE NHS TRUST,21825946,"(188,921.00)",654948981,Z021309
Department of Health,NHS Wolverhampton CCG,4/30/2018,Clinical&Medical-Independent Sector,COMMUNITY SERVICES,CONNECT PHYSICAL HEALTH CENTRES LTD,21825959,"146,513.00",,65642
Department of Health,NHS Wolverhampton CCG,4/30/2018,C&M-GMS LES Basket of Procedures,LOCAL ENHANCED SERVICES,WAGSTAFF & PARTNERS,21832937,"35,315.14",,HRDRUGSMAR1846
Department of Health,NHS Wolverhampton CCG,4/30/2018,C&M-GMS Cost of Drugs -Prescribing,LOCAL ENHANCED SERVICES,KHARWADKAR,21837786,658.33,,WOM000009327
Department of Health,NHS Wolverhampton CCG,4/30/2018,C&M-GMS Global Sum,PRC DELEGATED CO-COMMISSIONING,KHARWADKAR,21837786,"21,746.94",,WOM000009327
Department of Health,NHS Wolverhampton CCG,4/30/2018,C&M-GMS MPIG Correction Factor,PRC DELEGATED CO-COMMISSIONING,KHARWADKAR,21837786,610.53,,WOM000009327
Department of Health,NHS Wolverhampton CCG,4/30/2018,C&M-GMS Prem Healthcentre Rent,PRC DELEGATED CO-COMMISSIONING,KHARWADKAR,21837786,895.17,,WOM000009327
Department of Health,NHS Wolverhampton CCG,4/30/2018,C&M-GMS Prem Notional Rent,PRC DELEGATED CO-COMMISSIONING,KHARWADKAR,21837786,"1,161.67",,WOM000009327
Department of Health,NHS Wolverhampton CCG,4/30/2018,C&M-GMS Prof Fees Prescribing,PRC DELEGATED CO-COMMISSIONING,KHARWADKAR,21837786,128.12,,WOM000009327
Department of Health,NHS Wolverhampton CCG,4/30/2018,C&M-GMS QOF Aspiration,PRC DELEGATED CO-COMMISSIONING,KHARWADKAR,21837786,"2,455.20",,WOM000009327
Department of Health,NHS Wolverhampton CCG,4/30/2018,C&M-GMS Cost of Drugs -Prescribing,LOCAL ENHANCED SERVICES,LUCKRAFT & PARTNERS,21837787,"1,935.35",,WOM000009328
Department of Health,NHS Wolverhampton CCG,4/30/2018,C&M-GMS Global Sum,PRC DELEGATED CO-COMMISSIONING,LUCKRAFT & PARTNERS,21837787,"68,167.53",,WOM000009328
Department of Health,NHS Wolverhampton CCG,4/30/2018,C&M-GMS PCO Locum Sickness,PRC DELEGATED CO-COMMISSIONING,LUCKRAFT & PARTNERS,21837787,"1,195.00",,WOM000009328
Department of Health,NHS Wolverhampton CCG,4/30/2018,C&M-GMS Prem Healthcentre Rent,PRC DELEGATED CO-COMMISSIONING,LUCKRAFT & PARTNERS,21837787,"6,573.58",,WOM000009328
Department of Health,NHS Wolverhampton CCG,4/30/2018,C&M-GMS Prof Fees Prescribing,PRC DELEGATED CO-COMMISSIONING,LUCKRAFT & PARTNERS,21837787,625.15,,WOM000009328
Department of Health,NHS Wolverhampton CCG,4/30/2018,C&M-GMS QOF Aspiration,PRC DELEGATED CO-COMMISSIONING,LUCKRAFT & PARTNERS,21837787,"7,779.63",,WOM000009328
Department of Health,NHS Wolverhampton CCG,4/30/2018,C&M-PMS Contract Value,PRC DELEGATED CO-COMMISSIONING,PROBERT ROAD SURGERY,21837788,"31,429.47",,WOM000009339
Department of Health,NHS Wolverhampton CCG,4/30/2018,C&M-PMS Cost of Drugs -Prescribing,LOCAL ENHANCED SERVICES,PROBERT ROAD SURGERY,21837788,"1,176.83",,WOM000009339
Department of Health,NHS Wolverhampton CCG,4/30/2018,C&M-PMS Prem Actual Rent,PRC DELEGATED CO-COMMISSIONING,PROBERT ROAD SURGERY,21837788,"2,267.50",,WOM000009339
Department of Health,NHS Wolverhampton CCG,4/30/2018,C&M-PMS Prem Rates,PRC DELEGATED CO-COMMISSIONING,PROBERT ROAD SURGERY,21837788,"5,553.90",,WOM000009339
Department of Health,NHS Wolverhampton CCG,4/30/2018,C&M-PMS Prof fees Prescribing,PRC DELEGATED CO-COMMISSIONING,PROBERT ROAD SURGERY,21837788,163.47,,WOM000009339
Department of Health,NHS Wolverhampton CCG,4/30/2018,C&M-PMS QOF Aspiration,PRC DELEGATED CO-COMMISSIONING,PROBERT ROAD SURGERY,21837788,"2,845.93",,WOM000009339
Department of Health,NHS Wolverhampton CCG,4/30/2018,C&M-GMS Cost of Drugs -Prescribing,LOCAL ENHANCED SERVICES,BRADLEY MEDICAL CENTRE,21837790,"1,001.26",,WOM000009355
Department of Health,NHS Wolverhampton CCG,4/30/2018,C&M-GMS Global Sum,PRC DELEGATED CO-COMMISSIONING,BRADLEY MEDICAL CENTRE,21837790,"24,207.12",,WOM000009355
Department of Health,NHS Wolverhampton CCG,4/30/2018,C&M-GMS PCO Other,PRC DELEGATED CO-COMMISSIONING,BRADLEY MEDICAL CENTRE,21837790,"3,845.00",,WOM000009355
Department of Health,NHS Wolverhampton CCG,4/30/2018,C&M-GMS Prem Notional Rent,PRC DELEGATED CO-COMMISSIONING,BRADLEY MEDICAL CENTRE,21837790,"2,268.33",,WOM000009355
Department of Health,NHS Wolverhampton CCG,4/30/2018,C&M-GMS Prof Fees Prescribing,PRC DELEGATED CO-COMMISSIONING,BRADLEY MEDICAL CENTRE,21837790,245.20,,WOM000009355
Department of Health,NHS Wolverhampton CCG,4/30/2018,C&M-GMS QOF Aspiration,PRC DELEGATED CO-COMMISSIONING,BRADLEY MEDICAL CENTRE,21837790,"2,110.42",,WOM000009355
Department of Health,NHS Wolverhampton CCG,4/30/2018,Computer Software/License,PRIMARY CARE IT,SOFTCAT LTD,21851156,"61,855.67",491848503,INV01870187
Department of Health,NHS Wolverhampton CCG,4/30/2018,Chrgs from SLA,PRESCRIBING,OPTUM HEALTH SOLUTIONS (UK) LTD,21853028,"36,174.47",GB108297604,0001083000
Department of Health,NHS Wolverhampton CCG,4/30/2018,Clinical&Medical-Othe Public Sector,Learning Difficulties - S117,SOLIHULL METROPOLITAN BOROUGH COUNCIL,21868378,"25,946.10",,100264
Department of Health,NHS Wolverhampton CCG,4/30/2018,Clinical&Medical-Clinical Other,PRC DELEGATED CO-COMMISSIONING,NATIONAL ASSOCIATION OF PRIMARY CARE,21868397,"47,040.00",736181433,NAPCSDIP18FEB137
Department of Health,NHS Wolverhampton CCG,4/30/2018,Clinical&Medical-Serv Recd-NHS Trst,Winter Resilience,ROYAL WOLVERHAMPTON HOSPITALS NHS TRUST (THE),21868407,"27,480.00",,0000215675
Department of Health,NHS Wolverhampton CCG,4/30/2018,Hcare Srv Rec Fdtn Trust-Over/ Under Performance,MENTAL HEALTH CONTRACTS,BIRMINGHAM & SOLIHULL MENTAL HEALTH NHS FOUNDATION TRUST,21868434,"28,267.08",,0000037649
Department of Health,NHS Wolverhampton CCG,4/30/2018,Clinical&Medical-Othe Public Sector,Learning Difficulties - S117,SOLIHULL METROPOLITAN BOROUGH COUNCIL,21868481,"(25,946.10)",,106440
Department of Health,NHS Wolverhampton CCG,4/30/2018,Hcare Srv Rec NHS Trust-Non Contract,ACUTE COMMISSIONING,ROYAL WOLVERHAMPTON HOSPITALS NHS TRUST (THE),21868494,"620,000.00",,0000216736
Department of Health,NHS Wolverhampton CCG,4/30/2018,Hcare Srv Rec NHS Trust-Over/ Under Performance,ACUTE COMMISSIONING,UNIVERSITY HOSPITALS OF NORTH MIDLANDS NHS TRUST,21956908,"79,414.00",654932808,I0003469
Department of Health,NHS Wolverhampton CCG,4/30/2018,Hcare Srv Rec Fdtn Trust-CQUIN,ACUTE COMMISSIONING,DUDLEY GROUP HOSPITALS NHS FOUNDATION TRUST,21956916,"40,219.00",,1000029496
Department of Health,NHS Wolverhampton CCG,4/30/2018,Hcare Srv Rec Fdtn Trust-Over/ Under Performance,ACUTE COMMISSIONING,DUDLEY GROUP HOSPITALS NHS FOUNDATION TRUST,21956916,"42,464.00",,1000029496
Department of Health,NHS Wolverhampton CCG,4/30/2018,Prescribing Incentives,PRESCRIBING,ROYAL WOLVERHAMPTON HOSPITALS NHS TRUST (THE),21957010,"(46,707.19)",,0000015140
Department of Health,NHS Wolverhampton CCG,4/30/2018,Hcare Srv Rec Fdtn Trust-Non Contract,ACUTE COMMISSIONING,BIRMINGHAM WOMENS AND CHILDRENS NHS FOUNDATION TRUST,21957015,"30,870.00",,15700287
Department of Health,NHS Wolverhampton CCG,4/30/2018,Clinical&Medical-Independent Sector,ACUTE COMMISSIONING,NORTHERN DOCTORS URGENT CARE,21975542,"220,580.50",GB124571918,ARIN0100003632
Department of Health,NHS Wolverhampton CCG,4/30/2018,Prescribing Incentives,PRESCRIBING,ROYAL WOLVERHAMPTON HOSPITALS NHS TRUST (THE),21975606,"45,810.73",,0000216763
,,,,,,,"27,938,765.47",,
