NHS Wolverhampton CCG,,,,,,,,,,
>25k Expenditure,,,,,,,,,Dec-18,
,,,,,,,,,,
Department family,Entity,Date,Expense Type,Expense area,Supplier,Transaction number,AP Amount (�),VAT registration number,Purchase invoice number,
Department of Health,NHS Wolverhampton CCG,12/31/2018,Soc Care-Other Soc Care,PROGRAMME PROJECTS,WOLVERHAMPTON CITY COUNCIL,25000052,"553,083.00",101268711,BCFDEC18B,
Department of Health,NHS Wolverhampton CCG,12/31/2018,Soc Care-Other Soc Care,PROGRAMME PROJECTS,WOLVERHAMPTON CITY COUNCIL,25000054,"3,044,485.00",101268711,BCFDEC18A,
Department of Health,NHS Wolverhampton CCG,12/31/2018,Hcare Srv Rec NHS Trust-Non Contract,ACUTE COMMISSIONING,ROYAL WOLVERHAMPTON HOSPITALS NHS TRUST (THE),25003158,"42,000.00",654947886,0000223138,
Department of Health,NHS Wolverhampton CCG,12/31/2018,Hcare Srv Rec Fdtn Trust-Contract Baseline,ACUTE COMMISSIONING,BIRMINGHAM WOMENS AND CHILDRENS NHS FOUNDATION TRUST,25013160,"71,061.25",654964300,SLADEC18-02,
Department of Health,NHS Wolverhampton CCG,12/31/2018,Hcare Srv Rec Fdtn Trust-Contract Baseline,MENTAL HEALTH CONTRACTS,BLACK COUNTRY PARTNERSHIP NHS FOUNDATION TRUST,25013162,"2,412,976.67",654963890,SLADEC18-06,
Department of Health,NHS Wolverhampton CCG,12/31/2018,Hcare Srv Rec Fdtn Trust-CQUIN,MENTAL HEALTH CONTRACTS,BLACK COUNTRY PARTNERSHIP NHS FOUNDATION TRUST,25013164,"60,135.67",654963890,CQUNDEC18-06,
Department of Health,NHS Wolverhampton CCG,12/31/2018,Hcare Srv Rec NHS Trust-Contract Baseline,MENTAL HEALTH CONTRACTS,DUDLEY AND WALSALL MENTAL HEALTH PARTNERSHIP NHS TRUST,25013166,"42,742.50",654439224,SLADEC18-05,
Department of Health,NHS Wolverhampton CCG,12/31/2018,Hcare Srv Rec Fdtn Trust-Contract Baseline,ACUTE COMMISSIONING,DUDLEY GROUP HOSPITALS NHS FOUNDATION TRUST,25013170,"414,556.08",654919109,SLADEC18-06,
Department of Health,NHS Wolverhampton CCG,12/31/2018,Hcare Srv Rec Fdtn Trust-Contract Baseline,ACUTE COMMISSIONING,UNIVERSITY HOSPITALS BIRMINGHAM NHS FOUNDATION TRUST,25013175,"29,834.17",GB654912816,SLADEC18-07,
Department of Health,NHS Wolverhampton CCG,12/31/2018,Hcare Srv Rec Fdtn Trust-Contract Baseline,ACUTE COMMISSIONING,ROYAL ORTHOPAEDIC HOSPITAL NHS FOUNDATION TRUST,25013182,"29,973.33",654965296,SLADEC18-10,
Department of Health,NHS Wolverhampton CCG,12/31/2018,Hcare Srv Rec NHS Trust-Contract Baseline,ACUTE COMMISSIONING,ROYAL WOLVERHAMPTON HOSPITALS NHS TRUST (THE),25013186,"13,396,704.00",654947886,SLADEC18-11,
Department of Health,NHS Wolverhampton CCG,12/31/2018,Hcare Srv Rec NHS Trust-CQUIN,ACUTE COMMISSIONING,ROYAL WOLVERHAMPTON HOSPITALS NHS TRUST (THE),25013188,"156,845.00",654947886,CQUNDEC18-11,
Department of Health,NHS Wolverhampton CCG,12/31/2018,Hcare Srv Rec NHS Trust-Contract Baseline,ACUTE COMMISSIONING,ROYAL WOLVERHAMPTON HOSPITALS NHS TRUST (THE),25013190,"(26,461.00)",654947886,POLCVDEC18,
Department of Health,NHS Wolverhampton CCG,12/31/2018,Hcare Srv Rec NHS Trust-Contract Baseline,ACUTE COMMISSIONING,ROYAL WOLVERHAMPTON HOSPITALS NHS TRUST (THE),25013192,"(92,250.00)",654947886,CC2HDEC18-11,
Department of Health,NHS Wolverhampton CCG,12/31/2018,Hcare Srv Rec NHS Trust-Contract Baseline,COMMUNITY SERVICES,ROYAL WOLVERHAMPTON HOSPITALS NHS TRUST (THE),25013198,"2,715,184.00",654947886,SLADEC18-12,
Department of Health,NHS Wolverhampton CCG,12/31/2018,Hcare Srv Rec NHS Trust-CQUIN,COMMUNITY SERVICES,ROYAL WOLVERHAMPTON HOSPITALS NHS TRUST (THE),25013200,"33,940.00",654947886,CQUNDEC18-12,
Department of Health,NHS Wolverhampton CCG,12/31/2018,Hcare Srv Rec NHS Trust-Contract Variation,COMMUNITY SERVICES,ROYAL WOLVERHAMPTON HOSPITALS NHS TRUST (THE),25013202,"(31,215.00)",654947886,LV61DEC18-12,
Department of Health,NHS Wolverhampton CCG,12/31/2018,Hcare Srv Rec NHS Trust-Contract Baseline,ACUTE COMMISSIONING,SANDWELL AND WEST BIRMINGHAM HOSPITALS NHS TRUST,25013204,"81,043.60",GB654916216,SLADEC18-13,
Department of Health,NHS Wolverhampton CCG,12/31/2018,Hcare Srv Rec NHS Trust-Contract Baseline,ACUTE COMMISSIONING,SHREWSBURY&TELFORD HOSPITAL NHS TRUST,25013207,"32,466.33",654939296,SLADEC18-14,
Department of Health,NHS Wolverhampton CCG,12/31/2018,Hcare Srv Rec Fdtn Trust-Contract Baseline,ACUTE COMMISSIONING,UNIVERSITY HOSPITALS BIRMINGHAM NHS FOUNDATION TRUST,25013217,"175,232.83",GB654912816,SLADEC18-17,
Department of Health,NHS Wolverhampton CCG,12/31/2018,Hcare Srv Rec NHS Trust-Contract Baseline,ACUTE COMMISSIONING,UNIVERSITY HOSPITALS OF NORTH MIDLANDS NHS TRUST,25013221,"48,894.00",654932808,SLADEC18-18,
Department of Health,NHS Wolverhampton CCG,12/31/2018,Hcare Srv Rec NHS Trust-Contract Baseline,ACUTE COMMISSIONING,WALSALL HEALTHCARE NHS TRUST,25013224,"152,176.08",654948981,SLADEC18-19,
Department of Health,NHS Wolverhampton CCG,12/31/2018,Hcare Srv Rec Fdtn Trust-Contract Baseline,AMBULANCE SERVICES,WEST MIDLANDS AMBULANCE SERVICE NHS FOUNDATION TRUST,25013228,"844,949.50",GB654950708,SLADEC18-20,
Department of Health,NHS Wolverhampton CCG,12/31/2018,Hcare Srv Rec NHS CCG-Contract Baseline,NHS 111,NHS SANDWELL AND WEST BIRMINGHAM CCG,25013232,"74,161.00",,SLADEC18-50,
Department of Health,NHS Wolverhampton CCG,12/31/2018,Clinical&Medical-Commercial Sector,ACUTE COMMISSIONING,NUFFIELD HEALTH,25013237,"273,145.00",564291137,SLADEC18-52,
Department of Health,NHS Wolverhampton CCG,12/31/2018,Charges from CSU,CORPORATE COSTS & SERVICES,NHS ARDEN AND GEM CSU,25013239,"35,809.81",GB526164259,SLADEC18-46,
Department of Health,NHS Wolverhampton CCG,12/31/2018,Clinical&Medical-Independent Sector,INTERMEDIATE CARE,ACCORD HOUSING ASSOCIATION LTD,25013242,"73,305.00",GB880 9887 56,SLADEC18-36,
Department of Health,NHS Wolverhampton CCG,12/31/2018,Clinical&Medical-Independent Sector,HOSPICES,COMPTON HOSPICE LTD,25013246,"165,241.00",,SLADEC18-53,
Department of Health,NHS Wolverhampton CCG,12/31/2018,Clinical&Medical-Commercial Sector,COUNSELLING SERVICES,REMPLOY LTD,25013248,"120,834.00",,IPSDEC18REMP,
Department of Health,NHS Wolverhampton CCG,12/31/2018,Clinical&Medical-Serv Recd-NHS Trst,COUNSELLING SERVICES,DUDLEY AND WALSALL MENTAL HEALTH PARTNERSHIP NHS TRUST,25013251,"60,417.00",654439224,IPSDEC18DWMH,
Department of Health,NHS Wolverhampton CCG,12/31/2018,Clinical&Medical-Commercial Sector,COUNSELLING SERVICES,PROSPECTS,25013253,"60,417.00",,IPSDEC18PROS,
Department of Health,NHS Wolverhampton CCG,12/31/2018,Clinical&Medical-Independent Sector,ACUTE COMMISSIONING,NORTHERN DOCTORS URGENT CARE,25013256,"156,333.00",GB124571918,URGCAREDEC18,
Department of Health,NHS Wolverhampton CCG,12/31/2018,C&M-GMS Cost of Drugs -Prescribing,LOCAL ENHANCED SERVICES,WEST PARK SURGERY,25058354,"2,379.91",,WOM000010176,
Department of Health,NHS Wolverhampton CCG,12/31/2018,C&M-GMS DES Extended Hours Access,PRC DELEGATED CO-COMMISSIONING,WEST PARK SURGERY,25058354,"1,644.24",,WOM000010176,
Department of Health,NHS Wolverhampton CCG,12/31/2018,C&M-GMS Global Sum,PRC DELEGATED CO-COMMISSIONING,WEST PARK SURGERY,25058354,"27,785.49",,WOM000010176,
Department of Health,NHS Wolverhampton CCG,12/31/2018,C&M-GMS Prem Notional Rent,PRC DELEGATED CO-COMMISSIONING,WEST PARK SURGERY,25058354,"1,412.50",,WOM000010176,
Department of Health,NHS Wolverhampton CCG,12/31/2018,C&M-GMS Prof Fees Prescribing,PRC DELEGATED CO-COMMISSIONING,WEST PARK SURGERY,25058354,577.30,,WOM000010176,
Department of Health,NHS Wolverhampton CCG,12/31/2018,Clinical&Medical-Commercial Sector,MENTAL HEALTH SERVICES - NOT CONTRACTED ACTIVITY,CYGNET HEALTHCARE LTD,25063903,"32,487.55",248280396,HAR0066785,
Department of Health,NHS Wolverhampton CCG,12/31/2018,Clinical&Medical-Serv Recd-F Trsts,PATIENT TRANSPORT,WEST MIDLANDS AMBULANCE SERVICE NHS FOUNDATION TRUST,25063935,"78,537.41",GB654950708,C0003655,
Department of Health,NHS Wolverhampton CCG,12/31/2018,Cont Care-Funded Nursing Care Allow,FUNDED NURSING CARE,CARAM (AH) LTD,25065549,"31,903.20",,QANov18FNC16,
Department of Health,NHS Wolverhampton CCG,12/31/2018,Cont Care-Funded Nursing Care Allow,FUNDED NURSING CARE,BENTLEY COURT PRIORY,25065551,"34,117.45",,QANov18FNC2,
Department of Health,NHS Wolverhampton CCG,12/31/2018,Cont Care-Funded Nursing Care Allow,FUNDED NURSING CARE,CENTRAL ENGLAND HEALTHCARE (WOLVERHAMPTON) LTD,25065552,"32,987.71",,QANov18FNC15,
Department of Health,NHS Wolverhampton CCG,12/31/2018,Cont Care-Funded Nursing Care Allow,FUNDED NURSING CARE,NEWLYN COURT NURSING HOME,25065554,"29,621.16",,QANov18FNC3,
Department of Health,NHS Wolverhampton CCG,12/31/2018,Sterile Products,PRESCRIBING,ROYAL WOLVERHAMPTON HOSPITALS NHS TRUST (THE),25079541,"103,532.85",654947886,0000223448,
Department of Health,NHS Wolverhampton CCG,12/31/2018,External Data Contracts,PROGRAMME PROJECTS,ROYAL WOLVERHAMPTON HOSPITALS NHS TRUST (THE),25079551,"36,883.00",654947886,0000223538,
Department of Health,NHS Wolverhampton CCG,12/31/2018,Recharge : Received,PROGRAMME PROJECTS,WEST MIDLANDS CARE ASSOCIATION LTD,25172619,"32,159.00",,1003,
Department of Health,NHS Wolverhampton CCG,12/31/2018,Clinical&Medical-Independent Sector,COMMUNITY SERVICES,CONCORDIA SPECIALIST CARE SERVICES,25172639,"40,763.50",143786783,WOLVDEC18,
Department of Health,NHS Wolverhampton CCG,12/31/2018,Clinical&Medical-Independent Sector,MENTAL HEALTH SERVICES - ADULTS,ACCORD HOUSING ASSOCIATION LTD,25172667,"26,611.09",GB880 9887 56,SLINV00063714,
Department of Health,NHS Wolverhampton CCG,12/31/2018,Training Expenses,CHILD AND ADOLESCENT MENTAL HEALTH,APT TRAINING & CONSULTANCY LTD,25178692,"74,925.00",294511353,7064,
Department of Health,NHS Wolverhampton CCG,12/31/2018,Computer Software/License,COUNSELLING SERVICES,WEST MIDLANDS COMBINED AUTHORITY,25179910,"63,600.00",300052383,654188,
Department of Health,NHS Wolverhampton CCG,12/31/2018,Clinical&Medical-Serv Recd-CCGs,PRESCRIBING,NHS BIRMINGHAM & SOLIHULL CCG,25242144,"39,615.96",,7031800111,
Department of Health,NHS Wolverhampton CCG,12/31/2018,Hcare Srv Rec Fdtn Trust-Prior Year,MENTAL HEALTH CONTRACTS,BLACK COUNTRY PARTNERSHIP NHS FOUNDATION TRUST,25242175,"33,874.53",654963890,1100005752,
Department of Health,NHS Wolverhampton CCG,12/31/2018,Clinical&Medical-Independent Sector,COMMUNITY SERVICES,CONNECT HEALTH LTD,25242188,"179,944.00",,67322,
Department of Health,NHS Wolverhampton CCG,12/31/2018,Clinical&Medical-Independent Sector,COMMUNITY SERVICES,CONNECT HEALTH LTD,25242219,"267,206.00",,67323,
Department of Health,NHS Wolverhampton CCG,12/31/2018,Charges from CSU,CORPORATE COSTS & SERVICES,NHS MIDLANDS AND LANCASHIRE CSU,25242239,"26,421.00",GB 654442045,7312311973,
Department of Health,NHS Wolverhampton CCG,12/31/2018,Charges from CSU,PRESCRIBING,NHS MIDLANDS AND LANCASHIRE CSU,25242239,"6,769.58",GB 654442045,7312311973,
Department of Health,NHS Wolverhampton CCG,12/31/2018,Service Charge,INTERPRETING SERVICES,ABSOLUTE INTERPRETING & TRANSLATION LTD,25242256,"22,916.67",919 9117 92,178800,
Department of Health,NHS Wolverhampton CCG,12/31/2018,Chrgs from SLA,PRESCRIBING,ROYAL WOLVERHAMPTON HOSPITALS NHS TRUST (THE),25272055,"62,032.67",654947886,0000223478,
Department of Health,NHS Wolverhampton CCG,12/31/2018,Chrgs from SLA,PRESCRIBING,ROYAL WOLVERHAMPTON HOSPITALS NHS TRUST (THE),25272060,"60,833.33",654947886,0000223634,
Department of Health,NHS Wolverhampton CCG,12/31/2018,C&M-GMS Cost of Drugs -Prescribing,LOCAL ENHANCED SERVICES,BAGARY & BAGARY,25282030,"7,799.68",,WOM000010178,
Department of Health,NHS Wolverhampton CCG,12/31/2018,C&M-GMS Global Sum,PRC DELEGATED CO-COMMISSIONING,BAGARY & BAGARY,25282030,"57,118.14",,WOM000010178,
Department of Health,NHS Wolverhampton CCG,12/31/2018,C&M-GMS PCO Seniority,PRC DELEGATED CO-COMMISSIONING,BAGARY & BAGARY,25282030,"1,053.32",,WOM000010178,
Department of Health,NHS Wolverhampton CCG,12/31/2018,C&M-GMS Prem Healthcentre Rent,PRC DELEGATED CO-COMMISSIONING,BAGARY & BAGARY,25282030,"1,096.00",,WOM000010178,
Department of Health,NHS Wolverhampton CCG,12/31/2018,C&M-GMS Prem Notional Rent,PRC DELEGATED CO-COMMISSIONING,BAGARY & BAGARY,25282030,"4,337.25",,WOM000010178,
Department of Health,NHS Wolverhampton CCG,12/31/2018,C&M-GMS Prof Fees Prescribing,PRC DELEGATED CO-COMMISSIONING,BAGARY & BAGARY,25282030,"2,079.10",,WOM000010178,
Department of Health,NHS Wolverhampton CCG,12/31/2018,C&M-GMS QOF Aspiration,PRC DELEGATED CO-COMMISSIONING,BAGARY & BAGARY,25282030,"4,082.47",,WOM000010178,
Department of Health,NHS Wolverhampton CCG,12/31/2018,C&M-GMS Cost of Drugs -Prescribing,LOCAL ENHANCED SERVICES,AGRAWAL,25282032,"10,838.48",,WOM000010180,
Department of Health,NHS Wolverhampton CCG,12/31/2018,C&M-GMS Global Sum,PRC DELEGATED CO-COMMISSIONING,AGRAWAL,25282032,"123,471.25",,WOM000010180,
Department of Health,NHS Wolverhampton CCG,12/31/2018,C&M-GMS MPIG Correction Factor,PRC DELEGATED CO-COMMISSIONING,AGRAWAL,25282032,688.79,,WOM000010180,
Department of Health,NHS Wolverhampton CCG,12/31/2018,C&M-GMS PCO Locum Adop/Pat/Mat,PRC DELEGATED CO-COMMISSIONING,AGRAWAL,25282032,"16,775.64",,WOM000010180,
Department of Health,NHS Wolverhampton CCG,12/31/2018,C&M-GMS PCO Seniority,PRC DELEGATED CO-COMMISSIONING,AGRAWAL,25282032,"3,277.35",,WOM000010180,
Department of Health,NHS Wolverhampton CCG,12/31/2018,C&M-GMS Prem Notional Rent,PRC DELEGATED CO-COMMISSIONING,AGRAWAL,25282032,"13,116.78",,WOM000010180,
Department of Health,NHS Wolverhampton CCG,12/31/2018,C&M-GMS Prof Fees Prescribing,PRC DELEGATED CO-COMMISSIONING,AGRAWAL,25282032,"2,774.44",,WOM000010180,
Department of Health,NHS Wolverhampton CCG,12/31/2018,C&M-GMS QOF Aspiration,PRC DELEGATED CO-COMMISSIONING,AGRAWAL,25282032,"10,384.22",,WOM000010180,
Department of Health,NHS Wolverhampton CCG,12/31/2018,C&M-GMS Cost of Drugs -Prescribing,LOCAL ENHANCED SERVICES,BILAS & THOMAS,25282034,"5,535.78",,WOM000010182,
Department of Health,NHS Wolverhampton CCG,12/31/2018,C&M-GMS Global Sum,PRC DELEGATED CO-COMMISSIONING,BILAS & THOMAS,25282034,"28,261.27",,WOM000010182,
Department of Health,NHS Wolverhampton CCG,12/31/2018,C&M-GMS PCO Seniority,PRC DELEGATED CO-COMMISSIONING,BILAS & THOMAS,25282034,"1,263.15",,WOM000010182,
Department of Health,NHS Wolverhampton CCG,12/31/2018,C&M-GMS Prem Notional Rent,PRC DELEGATED CO-COMMISSIONING,BILAS & THOMAS,25282034,"1,916.67",,WOM000010182,
Department of Health,NHS Wolverhampton CCG,12/31/2018,C&M-GMS Prof Fees Prescribing,PRC DELEGATED CO-COMMISSIONING,BILAS & THOMAS,25282034,"1,506.81",,WOM000010182,
Department of Health,NHS Wolverhampton CCG,12/31/2018,C&M-GMS QOF Aspiration,PRC DELEGATED CO-COMMISSIONING,BILAS & THOMAS,25282034,"2,614.97",,WOM000010182,
Department of Health,NHS Wolverhampton CCG,12/31/2018,C&M-PMS Contract Value,PRC DELEGATED CO-COMMISSIONING,BILSTON URBAN VILLAGE MEDICAL CENTRE,25282036,"84,536.00",,WOM000010184,
Department of Health,NHS Wolverhampton CCG,12/31/2018,C&M-PMS Cost of Drugs -Prescribing,LOCAL ENHANCED SERVICES,BILSTON URBAN VILLAGE MEDICAL CENTRE,25282036,"1,936.83",,WOM000010184,
Department of Health,NHS Wolverhampton CCG,12/31/2018,C&M-PMS Prem Healthcentre Rent,PRC DELEGATED CO-COMMISSIONING,BILSTON URBAN VILLAGE MEDICAL CENTRE,25282036,"7,176.67",,WOM000010184,
Department of Health,NHS Wolverhampton CCG,12/31/2018,C&M-PMS Prof fees Prescribing,PRC DELEGATED CO-COMMISSIONING,BILSTON URBAN VILLAGE MEDICAL CENTRE,25282036,182.47,,WOM000010184,
Department of Health,NHS Wolverhampton CCG,12/31/2018,C&M-PMS QOF Aspiration,PRC DELEGATED CO-COMMISSIONING,BILSTON URBAN VILLAGE MEDICAL CENTRE,25282036,"3,338.80",,WOM000010184,
Department of Health,NHS Wolverhampton CCG,12/31/2018,C&M-GMS Cost of Drugs -Prescribing,LOCAL ENHANCED SERVICES,DR D M BUSH,25282039,"5,054.72",,WOM000010190,
Department of Health,NHS Wolverhampton CCG,12/31/2018,C&M-GMS Global Sum,PRC DELEGATED CO-COMMISSIONING,DR D M BUSH,25282039,"42,543.53",,WOM000010190,
Department of Health,NHS Wolverhampton CCG,12/31/2018,C&M-GMS MPIG Correction Factor,PRC DELEGATED CO-COMMISSIONING,DR D M BUSH,25282039,"1,262.82",,WOM000010190,
Department of Health,NHS Wolverhampton CCG,12/31/2018,C&M-GMS PCO Seniority,PRC DELEGATED CO-COMMISSIONING,DR D M BUSH,25282039,"1,230.08",,WOM000010190,
Department of Health,NHS Wolverhampton CCG,12/31/2018,C&M-GMS Prem Notional Rent,PRC DELEGATED CO-COMMISSIONING,DR D M BUSH,25282039,"3,008.34",,WOM000010190,
Department of Health,NHS Wolverhampton CCG,12/31/2018,C&M-GMS Prof Fees Prescribing,PRC DELEGATED CO-COMMISSIONING,DR D M BUSH,25282039,"1,284.68",,WOM000010190,
Department of Health,NHS Wolverhampton CCG,12/31/2018,C&M-GMS QOF Aspiration,PRC DELEGATED CO-COMMISSIONING,DR D M BUSH,25282039,"4,733.35",,WOM000010190,
Department of Health,NHS Wolverhampton CCG,12/31/2018,C&M-GMS Cost of Drugs -Prescribing,LOCAL ENHANCED SERVICES,DR G PICKAVANCE & PARTNERS,25282041,"8,072.14",,WOM000010192,
Department of Health,NHS Wolverhampton CCG,12/31/2018,C&M-GMS Global Sum,PRC DELEGATED CO-COMMISSIONING,DR G PICKAVANCE & PARTNERS,25282041,"37,751.76",,WOM000010192,
Department of Health,NHS Wolverhampton CCG,12/31/2018,C&M-GMS PCO Seniority,PRC DELEGATED CO-COMMISSIONING,DR G PICKAVANCE & PARTNERS,25282041,"1,467.48",,WOM000010192,
Department of Health,NHS Wolverhampton CCG,12/31/2018,C&M-GMS Prem Notional Rent,PRC DELEGATED CO-COMMISSIONING,DR G PICKAVANCE & PARTNERS,25282041,"2,135.00",,WOM000010192,
Department of Health,NHS Wolverhampton CCG,12/31/2018,C&M-GMS Prof Fees Prescribing,PRC DELEGATED CO-COMMISSIONING,DR G PICKAVANCE & PARTNERS,25282041,"1,930.50",,WOM000010192,
Department of Health,NHS Wolverhampton CCG,12/31/2018,C&M-GMS QOF Aspiration,PRC DELEGATED CO-COMMISSIONING,DR G PICKAVANCE & PARTNERS,25282041,"5,109.12",,WOM000010192,
Department of Health,NHS Wolverhampton CCG,12/31/2018,C&M-GMS Cost of Drugs -Prescribing,LOCAL ENHANCED SERVICES,DR JONES & PARTNERS WOLVERHAMPTON,25282043,"12,263.91",,WOM000010194,
Department of Health,NHS Wolverhampton CCG,12/31/2018,C&M-GMS Global Sum,PRC DELEGATED CO-COMMISSIONING,DR JONES & PARTNERS WOLVERHAMPTON,25282043,"91,816.03",,WOM000010194,
Department of Health,NHS Wolverhampton CCG,12/31/2018,C&M-GMS PCO Seniority,PRC DELEGATED CO-COMMISSIONING,DR JONES & PARTNERS WOLVERHAMPTON,25282043,"2,778.64",,WOM000010194,
Department of Health,NHS Wolverhampton CCG,12/31/2018,C&M-GMS Prem Healthcentre Rent,PRC DELEGATED CO-COMMISSIONING,DR JONES & PARTNERS WOLVERHAMPTON,25282043,"6,618.42",,WOM000010194,
Department of Health,NHS Wolverhampton CCG,12/31/2018,C&M-GMS Prof Fees Prescribing,PRC DELEGATED CO-COMMISSIONING,DR JONES & PARTNERS WOLVERHAMPTON,25282043,"3,029.36",,WOM000010194,
Department of Health,NHS Wolverhampton CCG,12/31/2018,C&M-GMS QOF Aspiration,PRC DELEGATED CO-COMMISSIONING,DR JONES & PARTNERS WOLVERHAMPTON,25282043,"9,460.19",,WOM000010194,
Department of Health,NHS Wolverhampton CCG,12/31/2018,C&M-PMS Contract Value,PRC DELEGATED CO-COMMISSIONING,DR MAJID & RAVINDRAN,25282045,"37,293.66",,WOM000010196,
Department of Health,NHS Wolverhampton CCG,12/31/2018,C&M-PMS Cost of Drugs -Prescribing,LOCAL ENHANCED SERVICES,DR MAJID & RAVINDRAN,25282045,"4,449.23",,WOM000010196,
Department of Health,NHS Wolverhampton CCG,12/31/2018,C&M-PMS DES Minor Surgery,PRC DELEGATED CO-COMMISSIONING,DR MAJID & RAVINDRAN,25282045,"5,703.74",,WOM000010196,
Department of Health,NHS Wolverhampton CCG,12/31/2018,C&M-PMS PCO Other,PRC DELEGATED CO-COMMISSIONING,DR MAJID & RAVINDRAN,25282045,"3,550.00",,WOM000010196,
Department of Health,NHS Wolverhampton CCG,12/31/2018,C&M-PMS PCO Seniority,PRC DELEGATED CO-COMMISSIONING,DR MAJID & RAVINDRAN,25282045,"1,557.72",,WOM000010196,
Department of Health,NHS Wolverhampton CCG,12/31/2018,C&M-PMS Prem Notional Rent,PRC DELEGATED CO-COMMISSIONING,DR MAJID & RAVINDRAN,25282045,"3,160.42",,WOM000010196,
Department of Health,NHS Wolverhampton CCG,12/31/2018,C&M-PMS Prof fees Prescribing,PRC DELEGATED CO-COMMISSIONING,DR MAJID & RAVINDRAN,25282045,"1,069.12",,WOM000010196,
Department of Health,NHS Wolverhampton CCG,12/31/2018,C&M-PMS QOF Aspiration,PRC DELEGATED CO-COMMISSIONING,DR MAJID & RAVINDRAN,25282045,"4,346.73",,WOM000010196,
Department of Health,NHS Wolverhampton CCG,12/31/2018,C&M-GMS Cost of Drugs -Prescribing,LOCAL ENHANCED SERVICES,DR NOBLE & PARTNERS,25282047,"10,476.29",,WOM000010198,
Department of Health,NHS Wolverhampton CCG,12/31/2018,C&M-GMS DES Learn Dsblty Hlth Chk,PRC DELEGATED CO-COMMISSIONING,DR NOBLE & PARTNERS,25282047,700.00,,WOM000010198,
Department of Health,NHS Wolverhampton CCG,12/31/2018,C&M-GMS Global Sum,PRC DELEGATED CO-COMMISSIONING,DR NOBLE & PARTNERS,25282047,"71,783.70",,WOM000010198,
Department of Health,NHS Wolverhampton CCG,12/31/2018,C&M-GMS Other FDR Payment,PRC DELEGATED CO-COMMISSIONING,DR NOBLE & PARTNERS,25282047,"12,208.77",,WOM000010198,
Department of Health,NHS Wolverhampton CCG,12/31/2018,C&M-GMS PCO Seniority,PRC DELEGATED CO-COMMISSIONING,DR NOBLE & PARTNERS,25282047,963.87,,WOM000010198,
Department of Health,NHS Wolverhampton CCG,12/31/2018,C&M-GMS Prem Notional Rent,PRC DELEGATED CO-COMMISSIONING,DR NOBLE & PARTNERS,25282047,"4,616.67",,WOM000010198,
Department of Health,NHS Wolverhampton CCG,12/31/2018,C&M-GMS Prof Fees Prescribing,PRC DELEGATED CO-COMMISSIONING,DR NOBLE & PARTNERS,25282047,"2,260.67",,WOM000010198,
Department of Health,NHS Wolverhampton CCG,12/31/2018,C&M-GMS QOF Aspiration,PRC DELEGATED CO-COMMISSIONING,DR NOBLE & PARTNERS,25282047,"6,358.91",,WOM000010198,
Department of Health,NHS Wolverhampton CCG,12/31/2018,C&M-GMS Cost of Drugs -Prescribing,LOCAL ENHANCED SERVICES,DR MORGAN & PARTNERS,25282049,"11,658.55",,WOM000010200,
Department of Health,NHS Wolverhampton CCG,12/31/2018,C&M-GMS Global Sum,PRC DELEGATED CO-COMMISSIONING,DR MORGAN & PARTNERS,25282049,"111,075.49",,WOM000010200,
Department of Health,NHS Wolverhampton CCG,12/31/2018,C&M-GMS MPIG Correction Factor,PRC DELEGATED CO-COMMISSIONING,DR MORGAN & PARTNERS,25282049,79.58,,WOM000010200,
Department of Health,NHS Wolverhampton CCG,12/31/2018,C&M-GMS PCO Seniority,PRC DELEGATED CO-COMMISSIONING,DR MORGAN & PARTNERS,25282049,"2,318.55",,WOM000010200,
Department of Health,NHS Wolverhampton CCG,12/31/2018,C&M-GMS Prem Healthcentre Rent,PRC DELEGATED CO-COMMISSIONING,DR MORGAN & PARTNERS,25282049,"4,964.58",,WOM000010200,
Department of Health,NHS Wolverhampton CCG,12/31/2018,C&M-GMS Prem Notional Rent,PRC DELEGATED CO-COMMISSIONING,DR MORGAN & PARTNERS,25282049,"3,418.33",,WOM000010200,
Department of Health,NHS Wolverhampton CCG,12/31/2018,C&M-GMS Prof Fees Prescribing,PRC DELEGATED CO-COMMISSIONING,DR MORGAN & PARTNERS,25282049,"2,747.59",,WOM000010200,
Department of Health,NHS Wolverhampton CCG,12/31/2018,C&M-GMS QOF Aspiration,PRC DELEGATED CO-COMMISSIONING,DR MORGAN & PARTNERS,25282049,"12,719.10",,WOM000010200,
Department of Health,NHS Wolverhampton CCG,12/31/2018,C&M-GMS Cost of Drugs -Prescribing,LOCAL ENHANCED SERVICES,DR RICHARDSON & PARTNERS WOLVERHAMPTON,25282050,"5,572.50",,WOM000010201,
Department of Health,NHS Wolverhampton CCG,12/31/2018,C&M-GMS DES Learn Dsblty Hlth Chk,PRC DELEGATED CO-COMMISSIONING,DR RICHARDSON & PARTNERS WOLVERHAMPTON,25282050,"1,260.00",,WOM000010201,
Department of Health,NHS Wolverhampton CCG,12/31/2018,C&M-GMS Global Sum,PRC DELEGATED CO-COMMISSIONING,DR RICHARDSON & PARTNERS WOLVERHAMPTON,25282050,"66,446.78",,WOM000010201,
Department of Health,NHS Wolverhampton CCG,12/31/2018,C&M-GMS Other FDR Payment,PRC DELEGATED CO-COMMISSIONING,DR RICHARDSON & PARTNERS WOLVERHAMPTON,25282050,"5,431.57",,WOM000010201,
Department of Health,NHS Wolverhampton CCG,12/31/2018,C&M-GMS PCO Seniority,PRC DELEGATED CO-COMMISSIONING,DR RICHARDSON & PARTNERS WOLVERHAMPTON,25282050,"3,035.69",,WOM000010201,
Department of Health,NHS Wolverhampton CCG,12/31/2018,C&M-GMS Prem Notional Rent,PRC DELEGATED CO-COMMISSIONING,DR RICHARDSON & PARTNERS WOLVERHAMPTON,25282050,"4,296.67",,WOM000010201,
Department of Health,NHS Wolverhampton CCG,12/31/2018,C&M-GMS Prof Fees Prescribing,PRC DELEGATED CO-COMMISSIONING,DR RICHARDSON & PARTNERS WOLVERHAMPTON,25282050,"1,492.97",,WOM000010201,
Department of Health,NHS Wolverhampton CCG,12/31/2018,C&M-GMS QOF Aspiration,PRC DELEGATED CO-COMMISSIONING,DR RICHARDSON & PARTNERS WOLVERHAMPTON,25282050,"5,624.42",,WOM000010201,
Department of Health,NHS Wolverhampton CCG,12/31/2018,C&M-PMS Contract Value,PRC DELEGATED CO-COMMISSIONING,ETTINGSHALL MEDICAL CENTRE,25282052,"53,070.00",,WOM000010203,
Department of Health,NHS Wolverhampton CCG,12/31/2018,C&M-PMS Cost of Drugs -Prescribing,LOCAL ENHANCED SERVICES,ETTINGSHALL MEDICAL CENTRE,25282052,"4,445.90",,WOM000010203,
Department of Health,NHS Wolverhampton CCG,12/31/2018,C&M-PMS Prem Healthcentre Rent,PRC DELEGATED CO-COMMISSIONING,ETTINGSHALL MEDICAL CENTRE,25282052,"14,524.33",,WOM000010203,
Department of Health,NHS Wolverhampton CCG,12/31/2018,C&M-PMS Prof fees Prescribing,PRC DELEGATED CO-COMMISSIONING,ETTINGSHALL MEDICAL CENTRE,25282052,"1,213.04",,WOM000010203,
Department of Health,NHS Wolverhampton CCG,12/31/2018,C&M-PMS QOF Aspiration,PRC DELEGATED CO-COMMISSIONING,ETTINGSHALL MEDICAL CENTRE,25282052,"3,799.32",,WOM000010203,
Department of Health,NHS Wolverhampton CCG,12/31/2018,C&M-GMS Cost of Drugs -Prescribing,LOCAL ENHANCED SERVICES,GEORGE & RAJCHOLAN,25282054,"2,305.97",,WOM000010207,
Department of Health,NHS Wolverhampton CCG,12/31/2018,C&M-GMS Global Sum,PRC DELEGATED CO-COMMISSIONING,GEORGE & RAJCHOLAN,25282054,"30,076.21",,WOM000010207,
Department of Health,NHS Wolverhampton CCG,12/31/2018,C&M-GMS PCO Seniority,PRC DELEGATED CO-COMMISSIONING,GEORGE & RAJCHOLAN,25282054,476.34,,WOM000010207,
Department of Health,NHS Wolverhampton CCG,12/31/2018,C&M-GMS Prem Healthcentre Rent,PRC DELEGATED CO-COMMISSIONING,GEORGE & RAJCHOLAN,25282054,"2,262.50",,WOM000010207,
Department of Health,NHS Wolverhampton CCG,12/31/2018,C&M-GMS Prof Fees Prescribing,PRC DELEGATED CO-COMMISSIONING,GEORGE & RAJCHOLAN,25282054,616.80,,WOM000010207,
Department of Health,NHS Wolverhampton CCG,12/31/2018,C&M-GMS QOF Aspiration,PRC DELEGATED CO-COMMISSIONING,GEORGE & RAJCHOLAN,25282054,"3,433.13",,WOM000010207,
Department of Health,NHS Wolverhampton CCG,12/31/2018,C&M-GMS Cost of Drugs -Prescribing,LOCAL ENHANCED SERVICES,KEHLER AUNG & NAZ,25282058,"5,525.67",,WOM000010215,
Department of Health,NHS Wolverhampton CCG,12/31/2018,C&M-GMS Global Sum,PRC DELEGATED CO-COMMISSIONING,KEHLER AUNG & NAZ,25282058,"45,488.25",,WOM000010215,
Department of Health,NHS Wolverhampton CCG,12/31/2018,C&M-GMS PCO Seniority,PRC DELEGATED CO-COMMISSIONING,KEHLER AUNG & NAZ,25282058,"1,563.68",,WOM000010215,
Department of Health,NHS Wolverhampton CCG,12/31/2018,C&M-GMS Prem Actual Rent,PRC DELEGATED CO-COMMISSIONING,KEHLER AUNG & NAZ,25282058,"7,259.58",,WOM000010215,
Department of Health,NHS Wolverhampton CCG,12/31/2018,C&M-GMS Prof Fees Prescribing,PRC DELEGATED CO-COMMISSIONING,KEHLER AUNG & NAZ,25282058,"1,665.36",,WOM000010215,
Department of Health,NHS Wolverhampton CCG,12/31/2018,C&M-GMS QOF Aspiration,PRC DELEGATED CO-COMMISSIONING,KEHLER AUNG & NAZ,25282058,"4,854.35",,WOM000010215,
Department of Health,NHS Wolverhampton CCG,12/31/2018,C&M-GMS Cost of Drugs -Prescribing,LOCAL ENHANCED SERVICES,KRISHAN,25282060,"2,164.85",,WOM000010217,
Department of Health,NHS Wolverhampton CCG,12/31/2018,C&M-GMS Global Sum,PRC DELEGATED CO-COMMISSIONING,KRISHAN,25282060,"62,184.52",,WOM000010217,
Department of Health,NHS Wolverhampton CCG,12/31/2018,C&M-GMS Other FDR Payment,PRC DELEGATED CO-COMMISSIONING,KRISHAN,25282060,"7,117.96",,WOM000010217,
Department of Health,NHS Wolverhampton CCG,12/31/2018,C&M-GMS PCO Seniority,PRC DELEGATED CO-COMMISSIONING,KRISHAN,25282060,"1,534.18",,WOM000010217,
Department of Health,NHS Wolverhampton CCG,12/31/2018,C&M-GMS Prem Notional Rent,PRC DELEGATED CO-COMMISSIONING,KRISHAN,25282060,"5,515.42",,WOM000010217,
Department of Health,NHS Wolverhampton CCG,12/31/2018,C&M-GMS Prof Fees Prescribing,PRC DELEGATED CO-COMMISSIONING,KRISHAN,25282060,601.38,,WOM000010217,
Department of Health,NHS Wolverhampton CCG,12/31/2018,C&M-GMS QOF Aspiration,PRC DELEGATED CO-COMMISSIONING,KRISHAN,25282060,"5,418.68",,WOM000010217,
Department of Health,NHS Wolverhampton CCG,12/31/2018,C&M-GMS Cost of Drugs -Prescribing,LOCAL ENHANCED SERVICES,KHARWADKAR,25282062,"3,624.97",,WOM000010219,
Department of Health,NHS Wolverhampton CCG,12/31/2018,C&M-GMS Global Sum,PRC DELEGATED CO-COMMISSIONING,KHARWADKAR,25282062,"21,720.36",,WOM000010219,
Department of Health,NHS Wolverhampton CCG,12/31/2018,C&M-GMS MPIG Correction Factor,PRC DELEGATED CO-COMMISSIONING,KHARWADKAR,25282062,610.53,,WOM000010219,
Department of Health,NHS Wolverhampton CCG,12/31/2018,C&M-GMS PCO Seniority,PRC DELEGATED CO-COMMISSIONING,KHARWADKAR,25282062,516.08,,WOM000010219,
Department of Health,NHS Wolverhampton CCG,12/31/2018,C&M-GMS Prem Healthcentre Rent,PRC DELEGATED CO-COMMISSIONING,KHARWADKAR,25282062,895.17,,WOM000010219,
Department of Health,NHS Wolverhampton CCG,12/31/2018,C&M-GMS Prem Notional Rent,PRC DELEGATED CO-COMMISSIONING,KHARWADKAR,25282062,"1,183.34",,WOM000010219,
Department of Health,NHS Wolverhampton CCG,12/31/2018,C&M-GMS Prof Fees Prescribing,PRC DELEGATED CO-COMMISSIONING,KHARWADKAR,25282062,837.82,,WOM000010219,
Department of Health,NHS Wolverhampton CCG,12/31/2018,C&M-GMS QOF Aspiration,PRC DELEGATED CO-COMMISSIONING,KHARWADKAR,25282062,"2,455.16",,WOM000010219,
Department of Health,NHS Wolverhampton CCG,12/31/2018,C&M-GMS Cost of Drugs -Prescribing,LOCAL ENHANCED SERVICES,LUCKRAFT & PARTNERS,25282063,"14,347.91",,WOM000010220,
Department of Health,NHS Wolverhampton CCG,12/31/2018,C&M-GMS Global Sum,PRC DELEGATED CO-COMMISSIONING,LUCKRAFT & PARTNERS,25282063,"69,012.88",,WOM000010220,
Department of Health,NHS Wolverhampton CCG,12/31/2018,C&M-GMS PCO Seniority,PRC DELEGATED CO-COMMISSIONING,LUCKRAFT & PARTNERS,25282063,"3,856.68",,WOM000010220,
Department of Health,NHS Wolverhampton CCG,12/31/2018,C&M-GMS Prem Healthcentre Rent,PRC DELEGATED CO-COMMISSIONING,LUCKRAFT & PARTNERS,25282063,"6,573.58",,WOM000010220,
Department of Health,NHS Wolverhampton CCG,12/31/2018,C&M-GMS Prof Fees Prescribing,PRC DELEGATED CO-COMMISSIONING,LUCKRAFT & PARTNERS,25282063,"3,530.73",,WOM000010220,
Department of Health,NHS Wolverhampton CCG,12/31/2018,C&M-GMS QOF Aspiration,PRC DELEGATED CO-COMMISSIONING,LUCKRAFT & PARTNERS,25282063,"7,779.68",,WOM000010220,
Department of Health,NHS Wolverhampton CCG,12/31/2018,C&M-GMS Cost of Drugs -Prescribing,LOCAL ENHANCED SERVICES,MS KAINTH,25282065,473.22,,WOM000010224,
Department of Health,NHS Wolverhampton CCG,12/31/2018,C&M-GMS Global Sum,PRC DELEGATED CO-COMMISSIONING,MS KAINTH,25282065,"24,210.58",,WOM000010224,
Department of Health,NHS Wolverhampton CCG,12/31/2018,C&M-GMS PCO Seniority,PRC DELEGATED CO-COMMISSIONING,MS KAINTH,25282065,624.41,,WOM000010224,
Department of Health,NHS Wolverhampton CCG,12/31/2018,C&M-GMS Prem Actual Rent,PRC DELEGATED CO-COMMISSIONING,MS KAINTH,25282065,"1,041.67",,WOM000010224,
Department of Health,NHS Wolverhampton CCG,12/31/2018,C&M-GMS Prof Fees Prescribing,PRC DELEGATED CO-COMMISSIONING,MS KAINTH,25282065,74.53,,WOM000010224,
Department of Health,NHS Wolverhampton CCG,12/31/2018,C&M-GMS QOF Aspiration,PRC DELEGATED CO-COMMISSIONING,MS KAINTH,25282065,"2,930.18",,WOM000010224,
Department of Health,NHS Wolverhampton CCG,12/31/2018,C&M-GMS Cost of Drugs -Prescribing,LOCAL ENHANCED SERVICES,MUDIGONDA,25282067,"2,595.19",,WOM000010226,
Department of Health,NHS Wolverhampton CCG,12/31/2018,C&M-GMS Global Sum,PRC DELEGATED CO-COMMISSIONING,MUDIGONDA,25282067,"28,649.15",,WOM000010226,
Department of Health,NHS Wolverhampton CCG,12/31/2018,C&M-GMS PCO Seniority,PRC DELEGATED CO-COMMISSIONING,MUDIGONDA,25282067,141.54,,WOM000010226,
Department of Health,NHS Wolverhampton CCG,12/31/2018,C&M-GMS Prem Healthcentre Rent,PRC DELEGATED CO-COMMISSIONING,MUDIGONDA,25282067,"1,900.58",,WOM000010226,
Department of Health,NHS Wolverhampton CCG,12/31/2018,C&M-GMS Prof Fees Prescribing,PRC DELEGATED CO-COMMISSIONING,MUDIGONDA,25282067,804.41,,WOM000010226,
Department of Health,NHS Wolverhampton CCG,12/31/2018,C&M-GMS QOF Aspiration,PRC DELEGATED CO-COMMISSIONING,MUDIGONDA,25282067,"3,102.27",,WOM000010226,
Department of Health,NHS Wolverhampton CCG,12/31/2018,C&M-GMS Cost of Drugs -Prescribing,LOCAL ENHANCED SERVICES,POPLARS MEDICAL PRACTICE,25282069,"1,945.32",,WOM000010230,
Department of Health,NHS Wolverhampton CCG,12/31/2018,C&M-GMS Global Sum,PRC DELEGATED CO-COMMISSIONING,POPLARS MEDICAL PRACTICE,25282069,"24,923.93",,WOM000010230,
Department of Health,NHS Wolverhampton CCG,12/31/2018,C&M-GMS Prem Notional Rent,PRC DELEGATED CO-COMMISSIONING,POPLARS MEDICAL PRACTICE,25282069,"1,912.50",,WOM000010230,
Department of Health,NHS Wolverhampton CCG,12/31/2018,C&M-GMS Prof Fees Prescribing,PRC DELEGATED CO-COMMISSIONING,POPLARS MEDICAL PRACTICE,25282069,652.78,,WOM000010230,
Department of Health,NHS Wolverhampton CCG,12/31/2018,C&M-GMS QOF Aspiration,PRC DELEGATED CO-COMMISSIONING,POPLARS MEDICAL PRACTICE,25282069,"2,762.11",,WOM000010230,
Department of Health,NHS Wolverhampton CCG,12/31/2018,C&M-PMS Contract Value,PRC DELEGATED CO-COMMISSIONING,PROBERT ROAD SURGERY,25282072,"31,429.47",,WOM000010234,
Department of Health,NHS Wolverhampton CCG,12/31/2018,C&M-PMS Cost of Drugs -Prescribing,LOCAL ENHANCED SERVICES,PROBERT ROAD SURGERY,25282072,"3,512.14",,WOM000010234,
Department of Health,NHS Wolverhampton CCG,12/31/2018,C&M-PMS DES Extended Hours Access,PRC DELEGATED CO-COMMISSIONING,PROBERT ROAD SURGERY,25282072,"2,194.98",,WOM000010234,
Department of Health,NHS Wolverhampton CCG,12/31/2018,C&M-PMS DES Minor Surgery,PRC DELEGATED CO-COMMISSIONING,PROBERT ROAD SURGERY,25282072,"1,262.66",,WOM000010234,
Department of Health,NHS Wolverhampton CCG,12/31/2018,C&M-PMS PCO Seniority,PRC DELEGATED CO-COMMISSIONING,PROBERT ROAD SURGERY,25282072,"1,022.65",,WOM000010234,
Department of Health,NHS Wolverhampton CCG,12/31/2018,C&M-PMS Prem Actual Rent,PRC DELEGATED CO-COMMISSIONING,PROBERT ROAD SURGERY,25282072,"2,267.50",,WOM000010234,
Department of Health,NHS Wolverhampton CCG,12/31/2018,C&M-PMS Prof fees Prescribing,PRC DELEGATED CO-COMMISSIONING,PROBERT ROAD SURGERY,25282072,783.85,,WOM000010234,
Department of Health,NHS Wolverhampton CCG,12/31/2018,C&M-PMS QOF Aspiration,PRC DELEGATED CO-COMMISSIONING,PROBERT ROAD SURGERY,25282072,"2,845.91",,WOM000010234,
Department of Health,NHS Wolverhampton CCG,12/31/2018,C&M-PMS Contract Value,PRC DELEGATED CO-COMMISSIONING,SHOWELL PARK HEALTH & WALK IN CENTRE,25282073,"39,795.00",,WOM000010236,
Department of Health,NHS Wolverhampton CCG,12/31/2018,C&M-PMS DES Extended Hours Access,PRC DELEGATED CO-COMMISSIONING,SHOWELL PARK HEALTH & WALK IN CENTRE,25282073,"2,318.95",,WOM000010236,
Department of Health,NHS Wolverhampton CCG,12/31/2018,C&M-PMS DES Minor Surgery,PRC DELEGATED CO-COMMISSIONING,SHOWELL PARK HEALTH & WALK IN CENTRE,25282073,"3,570.28",,WOM000010236,
Department of Health,NHS Wolverhampton CCG,12/31/2018,C&M-PMS PCO Other,PRC DELEGATED CO-COMMISSIONING,SHOWELL PARK HEALTH & WALK IN CENTRE,25282073,"3,272.00",,WOM000010236,
Department of Health,NHS Wolverhampton CCG,12/31/2018,C&M-PMS QOF Aspiration,PRC DELEGATED CO-COMMISSIONING,SHOWELL PARK HEALTH & WALK IN CENTRE,25282073,"3,276.30",,WOM000010236,
Department of Health,NHS Wolverhampton CCG,12/31/2018,C&M-GMS Cost of Drugs -Prescribing,LOCAL ENHANCED SERVICES,VIJ VIJ RIKHI & MOHINDROO,25282077,"9,125.54",,WOM000010240,
Department of Health,NHS Wolverhampton CCG,12/31/2018,C&M-GMS Global Sum,PRC DELEGATED CO-COMMISSIONING,VIJ VIJ RIKHI & MOHINDROO,25282077,"101,659.22",,WOM000010240,
Department of Health,NHS Wolverhampton CCG,12/31/2018,C&M-GMS PCO Seniority,PRC DELEGATED CO-COMMISSIONING,VIJ VIJ RIKHI & MOHINDROO,25282077,"4,292.64",,WOM000010240,
Department of Health,NHS Wolverhampton CCG,12/31/2018,C&M-GMS Prem Healthcentre Rent,PRC DELEGATED CO-COMMISSIONING,VIJ VIJ RIKHI & MOHINDROO,25282077,"4,114.33",,WOM000010240,
Department of Health,NHS Wolverhampton CCG,12/31/2018,C&M-GMS Prem Notional Rent,PRC DELEGATED CO-COMMISSIONING,VIJ VIJ RIKHI & MOHINDROO,25282077,"1,029.17",,WOM000010240,
Department of Health,NHS Wolverhampton CCG,12/31/2018,C&M-GMS Prof Fees Prescribing,PRC DELEGATED CO-COMMISSIONING,VIJ VIJ RIKHI & MOHINDROO,25282077,"2,031.11",,WOM000010240,
Department of Health,NHS Wolverhampton CCG,12/31/2018,C&M-GMS QOF Aspiration,PRC DELEGATED CO-COMMISSIONING,VIJ VIJ RIKHI & MOHINDROO,25282077,"10,418.93",,WOM000010240,
Department of Health,NHS Wolverhampton CCG,12/31/2018,C&M-GMS Cost of Drugs -Prescribing,LOCAL ENHANCED SERVICES,WAGSTAFF & PARTNERS,25282079,"16,556.99",,WOM000010242,
Department of Health,NHS Wolverhampton CCG,12/31/2018,C&M-GMS Global Sum,PRC DELEGATED CO-COMMISSIONING,WAGSTAFF & PARTNERS,25282079,"92,849.18",,WOM000010242,
Department of Health,NHS Wolverhampton CCG,12/31/2018,C&M-GMS Other FDR Payment,PRC DELEGATED CO-COMMISSIONING,WAGSTAFF & PARTNERS,25282079,"4,985.48",,WOM000010242,
Department of Health,NHS Wolverhampton CCG,12/31/2018,C&M-GMS PCO Seniority,PRC DELEGATED CO-COMMISSIONING,WAGSTAFF & PARTNERS,25282079,"3,875.42",,WOM000010242,
Department of Health,NHS Wolverhampton CCG,12/31/2018,C&M-GMS Prem Actual Rent,PRC DELEGATED CO-COMMISSIONING,WAGSTAFF & PARTNERS,25282079,"22,573.64",,WOM000010242,
Department of Health,NHS Wolverhampton CCG,12/31/2018,C&M-GMS Prof Fees Prescribing,PRC DELEGATED CO-COMMISSIONING,WAGSTAFF & PARTNERS,25282079,"3,699.47",,WOM000010242,
Department of Health,NHS Wolverhampton CCG,12/31/2018,C&M-GMS QOF Aspiration,PRC DELEGATED CO-COMMISSIONING,WAGSTAFF & PARTNERS,25282079,"8,422.55",,WOM000010242,
Department of Health,NHS Wolverhampton CCG,12/31/2018,C&M-GMS Cost of Drugs -Prescribing,LOCAL ENHANCED SERVICES,WILLIAMS DE ROSA & ELCOCK,25282081,"7,661.55",,WOM000010244,
Department of Health,NHS Wolverhampton CCG,12/31/2018,C&M-GMS DES Learn Dsblty Hlth Chk,PRC DELEGATED CO-COMMISSIONING,WILLIAMS DE ROSA & ELCOCK,25282081,700.00,,WOM000010244,
Department of Health,NHS Wolverhampton CCG,12/31/2018,C&M-GMS Global Sum,PRC DELEGATED CO-COMMISSIONING,WILLIAMS DE ROSA & ELCOCK,25282081,"32,457.18",,WOM000010244,
Department of Health,NHS Wolverhampton CCG,12/31/2018,C&M-GMS PCO Seniority,PRC DELEGATED CO-COMMISSIONING,WILLIAMS DE ROSA & ELCOCK,25282081,"2,672.54",,WOM000010244,
Department of Health,NHS Wolverhampton CCG,12/31/2018,C&M-GMS Prem Actual Rent,PRC DELEGATED CO-COMMISSIONING,WILLIAMS DE ROSA & ELCOCK,25282081,"1,020.83",,WOM000010244,
Department of Health,NHS Wolverhampton CCG,12/31/2018,C&M-GMS Prof Fees Prescribing,PRC DELEGATED CO-COMMISSIONING,WILLIAMS DE ROSA & ELCOCK,25282081,"1,874.87",,WOM000010244,
Department of Health,NHS Wolverhampton CCG,12/31/2018,C&M-GMS QOF Aspiration,PRC DELEGATED CO-COMMISSIONING,WILLIAMS DE ROSA & ELCOCK,25282081,"3,714.43",,WOM000010244,
Department of Health,NHS Wolverhampton CCG,12/31/2018,C&M-GMS Cost of Drugs -Prescribing,LOCAL ENHANCED SERVICES,WHITE & PARTNERS,25282083,"7,004.56",,WOM000010246,
Department of Health,NHS Wolverhampton CCG,12/31/2018,C&M-GMS Global Sum,PRC DELEGATED CO-COMMISSIONING,WHITE & PARTNERS,25282083,"83,363.71",,WOM000010246,
Department of Health,NHS Wolverhampton CCG,12/31/2018,C&M-GMS Other FDR Payment,PRC DELEGATED CO-COMMISSIONING,WHITE & PARTNERS,25282083,"4,438.75",,WOM000010246,
Department of Health,NHS Wolverhampton CCG,12/31/2018,C&M-GMS PCO Seniority,PRC DELEGATED CO-COMMISSIONING,WHITE & PARTNERS,25282083,"2,550.04",,WOM000010246,
Department of Health,NHS Wolverhampton CCG,12/31/2018,C&M-GMS Prem Actual Rent,PRC DELEGATED CO-COMMISSIONING,WHITE & PARTNERS,25282083,"5,441.67",,WOM000010246,
Department of Health,NHS Wolverhampton CCG,12/31/2018,C&M-GMS Prof Fees Prescribing,PRC DELEGATED CO-COMMISSIONING,WHITE & PARTNERS,25282083,"1,590.83",,WOM000010246,
Department of Health,NHS Wolverhampton CCG,12/31/2018,C&M-GMS QOF Aspiration,PRC DELEGATED CO-COMMISSIONING,WHITE & PARTNERS,25282083,"8,962.41",,WOM000010246,
Department of Health,NHS Wolverhampton CCG,12/31/2018,C&M-GMS Cost of Drugs -Prescribing,LOCAL ENHANCED SERVICES,WHITEHOUSE,25282085,"1,574.33",,WOM000010248,
Department of Health,NHS Wolverhampton CCG,12/31/2018,C&M-GMS Global Sum,PRC DELEGATED CO-COMMISSIONING,WHITEHOUSE,25282085,"17,086.31",,WOM000010248,
Department of Health,NHS Wolverhampton CCG,12/31/2018,C&M-GMS Other FDR Payment,PRC DELEGATED CO-COMMISSIONING,WHITEHOUSE,25282085,613.26,,WOM000010248,
Department of Health,NHS Wolverhampton CCG,12/31/2018,C&M-GMS PCO Other,PRC DELEGATED CO-COMMISSIONING,WHITEHOUSE,25282085,"1,905.00",,WOM000010248,
Department of Health,NHS Wolverhampton CCG,12/31/2018,C&M-GMS PCO Seniority,PRC DELEGATED CO-COMMISSIONING,WHITEHOUSE,25282085,"1,132.19",,WOM000010248,
Department of Health,NHS Wolverhampton CCG,12/31/2018,C&M-GMS Prem Actual Rent,PRC DELEGATED CO-COMMISSIONING,WHITEHOUSE,25282085,"1,049.17",,WOM000010248,
Department of Health,NHS Wolverhampton CCG,12/31/2018,C&M-GMS Prof Fees Prescribing,PRC DELEGATED CO-COMMISSIONING,WHITEHOUSE,25282085,382.93,,WOM000010248,
Department of Health,NHS Wolverhampton CCG,12/31/2018,C&M-GMS QOF Aspiration,PRC DELEGATED CO-COMMISSIONING,WHITEHOUSE,25282085,"1,340.78",,WOM000010248,
Department of Health,NHS Wolverhampton CCG,12/31/2018,C&M-PMS Contract Value,PRC DELEGATED CO-COMMISSIONING,CANNOCK ROAD MEDICAL PRACTICE,25282087,"45,917.21",,WOM000010250,
Department of Health,NHS Wolverhampton CCG,12/31/2018,C&M-PMS Cost of Drugs -Prescribing,LOCAL ENHANCED SERVICES,CANNOCK ROAD MEDICAL PRACTICE,25282087,"5,250.87",,WOM000010250,
Department of Health,NHS Wolverhampton CCG,12/31/2018,C&M-PMS DES Extended Hours Access,PRC DELEGATED CO-COMMISSIONING,CANNOCK ROAD MEDICAL PRACTICE,25282087,"3,060.83",,WOM000010250,
Department of Health,NHS Wolverhampton CCG,12/31/2018,C&M-PMS DES Minor Surgery,PRC DELEGATED CO-COMMISSIONING,CANNOCK ROAD MEDICAL PRACTICE,25282087,391.86,,WOM000010250,
Department of Health,NHS Wolverhampton CCG,12/31/2018,C&M-PMS Funding Differential Review,PRC DELEGATED CO-COMMISSIONING,CANNOCK ROAD MEDICAL PRACTICE,25282087,"5,559.22",,WOM000010250,
Department of Health,NHS Wolverhampton CCG,12/31/2018,C&M-PMS PCO Seniority,PRC DELEGATED CO-COMMISSIONING,CANNOCK ROAD MEDICAL PRACTICE,25282087,400.38,,WOM000010250,
Department of Health,NHS Wolverhampton CCG,12/31/2018,C&M-PMS Prem Notional Rent,PRC DELEGATED CO-COMMISSIONING,CANNOCK ROAD MEDICAL PRACTICE,25282087,"1,587.50",,WOM000010250,
Department of Health,NHS Wolverhampton CCG,12/31/2018,C&M-PMS Prof fees Prescribing,PRC DELEGATED CO-COMMISSIONING,CANNOCK ROAD MEDICAL PRACTICE,25282087,"1,374.03",,WOM000010250,
Department of Health,NHS Wolverhampton CCG,12/31/2018,C&M-PMS QOF Aspiration,PRC DELEGATED CO-COMMISSIONING,CANNOCK ROAD MEDICAL PRACTICE,25282087,"4,665.62",,WOM000010250,
Department of Health,NHS Wolverhampton CCG,12/31/2018,C&M-GMS Cost of Drugs -Prescribing,LOCAL ENHANCED SERVICES,DR SHARMA`S PRACTICE,25282089,"5,211.97",,WOM000010252,
Department of Health,NHS Wolverhampton CCG,12/31/2018,C&M-GMS DES Learn Dsblty Hlth Chk,PRC DELEGATED CO-COMMISSIONING,DR SHARMA`S PRACTICE,25282089,"1,120.00",,WOM000010252,
Department of Health,NHS Wolverhampton CCG,12/31/2018,C&M-GMS Global Sum,PRC DELEGATED CO-COMMISSIONING,DR SHARMA`S PRACTICE,25282089,"25,816.44",,WOM000010252,
Department of Health,NHS Wolverhampton CCG,12/31/2018,C&M-GMS PCO Seniority,PRC DELEGATED CO-COMMISSIONING,DR SHARMA`S PRACTICE,25282089,198.99,,WOM000010252,
Department of Health,NHS Wolverhampton CCG,12/31/2018,C&M-GMS Prem Healthcentre Rent,PRC DELEGATED CO-COMMISSIONING,DR SHARMA`S PRACTICE,25282089,"2,032.67",,WOM000010252,
Department of Health,NHS Wolverhampton CCG,12/31/2018,C&M-GMS Prof Fees Prescribing,PRC DELEGATED CO-COMMISSIONING,DR SHARMA`S PRACTICE,25282089,"1,094.82",,WOM000010252,
Department of Health,NHS Wolverhampton CCG,12/31/2018,C&M-GMS QOF Aspiration,PRC DELEGATED CO-COMMISSIONING,DR SHARMA`S PRACTICE,25282089,"2,741.78",,WOM000010252,
Department of Health,NHS Wolverhampton CCG,12/31/2018,C&M-GMS Cost of Drugs -Prescribing,LOCAL ENHANCED SERVICES,DRS VENKATARAMANAN & MOHINDROO,25282091,"4,984.85",,WOM000010254,
Department of Health,NHS Wolverhampton CCG,12/31/2018,C&M-GMS DES Learn Dsblty Hlth Chk,PRC DELEGATED CO-COMMISSIONING,DRS VENKATARAMANAN & MOHINDROO,25282091,"1,820.00",,WOM000010254,
Department of Health,NHS Wolverhampton CCG,12/31/2018,C&M-GMS Global Sum,PRC DELEGATED CO-COMMISSIONING,DRS VENKATARAMANAN & MOHINDROO,25282091,"164,639.06",,WOM000010254,
Department of Health,NHS Wolverhampton CCG,12/31/2018,C&M-GMS MPIG Correction Factor,PRC DELEGATED CO-COMMISSIONING,DRS VENKATARAMANAN & MOHINDROO,25282091,"1,298.26",,WOM000010254,
Department of Health,NHS Wolverhampton CCG,12/31/2018,C&M-GMS PCO Seniority,PRC DELEGATED CO-COMMISSIONING,DRS VENKATARAMANAN & MOHINDROO,25282091,"4,824.31",,WOM000010254,
Department of Health,NHS Wolverhampton CCG,12/31/2018,C&M-GMS Prem Notional Rent,PRC DELEGATED CO-COMMISSIONING,DRS VENKATARAMANAN & MOHINDROO,25282091,"8,507.49",,WOM000010254,
Department of Health,NHS Wolverhampton CCG,12/31/2018,C&M-GMS Prof Fees Prescribing,PRC DELEGATED CO-COMMISSIONING,DRS VENKATARAMANAN & MOHINDROO,25282091,"1,251.59",,WOM000010254,
Department of Health,NHS Wolverhampton CCG,12/31/2018,C&M-GMS QOF Aspiration,PRC DELEGATED CO-COMMISSIONING,DRS VENKATARAMANAN & MOHINDROO,25282091,"15,019.05",,WOM000010254,
Department of Health,NHS Wolverhampton CCG,12/31/2018,C&M-GMS GP Statutory Levy,PRC DELEGATED CO-COMMISSIONING,DR G DHILLON AND A NANDANAVANAM,25283268,(357.35),,WOM000010187,
Department of Health,NHS Wolverhampton CCG,12/31/2018,C&M-GMS Global Sum,PRC DELEGATED CO-COMMISSIONING,DR G DHILLON AND A NANDANAVANAM,25283268,"(40,226.96)",,WOM000010187,
Department of Health,NHS Wolverhampton CCG,12/31/2018,C&M-GMS Cost of Drugs -Prescribing,LOCAL ENHANCED SERVICES,DR G DHILLON AND A NANDANAVANAM,25283269,"4,365.53",,WOM000010188,
Department of Health,NHS Wolverhampton CCG,12/31/2018,C&M-GMS Global Sum,PRC DELEGATED CO-COMMISSIONING,DR G DHILLON AND A NANDANAVANAM,25283269,"35,647.43",,WOM000010188,
Department of Health,NHS Wolverhampton CCG,12/31/2018,C&M-GMS MPIG Correction Factor,PRC DELEGATED CO-COMMISSIONING,DR G DHILLON AND A NANDANAVANAM,25283269,570.85,,WOM000010188,
Department of Health,NHS Wolverhampton CCG,12/31/2018,C&M-GMS PCO Seniority,PRC DELEGATED CO-COMMISSIONING,DR G DHILLON AND A NANDANAVANAM,25283269,935.88,,WOM000010188,
Department of Health,NHS Wolverhampton CCG,12/31/2018,C&M-GMS Prem Healthcentre Rent,PRC DELEGATED CO-COMMISSIONING,DR G DHILLON AND A NANDANAVANAM,25283269,"1,202.67",,WOM000010188,
Department of Health,NHS Wolverhampton CCG,12/31/2018,C&M-GMS Prem Notional Rent,PRC DELEGATED CO-COMMISSIONING,DR G DHILLON AND A NANDANAVANAM,25283269,"1,456.25",,WOM000010188,
Department of Health,NHS Wolverhampton CCG,12/31/2018,C&M-GMS Prof Fees Prescribing,PRC DELEGATED CO-COMMISSIONING,DR G DHILLON AND A NANDANAVANAM,25283269,"1,017.72",,WOM000010188,
Department of Health,NHS Wolverhampton CCG,12/31/2018,C&M-GMS QOF Aspiration,PRC DELEGATED CO-COMMISSIONING,DR G DHILLON AND A NANDANAVANAM,25283269,"3,584.45",,WOM000010188,
Department of Health,NHS Wolverhampton CCG,12/31/2018,C&M-GMS Cost of Drugs -Prescribing,LOCAL ENHANCED SERVICES,WEST PARK SURGERY,25283271,"2,809.37",,WOM000010205,
Department of Health,NHS Wolverhampton CCG,12/31/2018,C&M-GMS Global Sum,PRC DELEGATED CO-COMMISSIONING,WEST PARK SURGERY,25283271,"27,785.49",,WOM000010205,
Department of Health,NHS Wolverhampton CCG,12/31/2018,C&M-GMS Prem Notional Rent,PRC DELEGATED CO-COMMISSIONING,WEST PARK SURGERY,25283271,"1,412.50",,WOM000010205,
Department of Health,NHS Wolverhampton CCG,12/31/2018,C&M-GMS Prof Fees Prescribing,PRC DELEGATED CO-COMMISSIONING,WEST PARK SURGERY,25283271,788.99,,WOM000010205,
Department of Health,NHS Wolverhampton CCG,12/31/2018,C&M-GMS QOF Aspiration,PRC DELEGATED CO-COMMISSIONING,WEST PARK SURGERY,25283271,"2,576.84",,WOM000010205,
Department of Health,NHS Wolverhampton CCG,12/31/2018,C&M-PMS Contract Value,PRC DELEGATED CO-COMMISSIONING,INTRAHEALTH LTD,25283273,"60,036.00",,WOM000010213,
Department of Health,NHS Wolverhampton CCG,12/31/2018,C&M-PMS Cost of Drugs -Prescribing,LOCAL ENHANCED SERVICES,INTRAHEALTH LTD,25283273,994.76,,WOM000010213,
Department of Health,NHS Wolverhampton CCG,12/31/2018,C&M-PMS Prem Healthcentre Rent,PRC DELEGATED CO-COMMISSIONING,INTRAHEALTH LTD,25283273,"4,393.83",,WOM000010213,
Department of Health,NHS Wolverhampton CCG,12/31/2018,C&M-PMS Prof fees Prescribing,PRC DELEGATED CO-COMMISSIONING,INTRAHEALTH LTD,25283273,331.53,,WOM000010213,
Department of Health,NHS Wolverhampton CCG,12/31/2018,C&M-PMS QOF Aspiration,PRC DELEGATED CO-COMMISSIONING,INTRAHEALTH LTD,25283273,"2,609.45",,WOM000010213,
Department of Health,NHS Wolverhampton CCG,12/31/2018,ME - PMS GP Prior Year ERs,PRC DELEGATED CO-COMMISSIONING,INTRAHEALTH LTD,25283273,237.10,,WOM000010213,
Department of Health,NHS Wolverhampton CCG,12/31/2018,ME-PMS GP Prior Year AVCs,PRC DELEGATED CO-COMMISSIONING,INTRAHEALTH LTD,25283273,40.96,,WOM000010213,
Department of Health,NHS Wolverhampton CCG,12/31/2018,ME-PMS GP Prior Year EEs,PRC DELEGATED CO-COMMISSIONING,INTRAHEALTH LTD,25283273,233.77,,WOM000010213,
Department of Health,NHS Wolverhampton CCG,12/31/2018,C&M-GMS Cost of Drugs -Prescribing,LOCAL ENHANCED SERVICES,LEUNG & PARTNERS,25283275,"10,152.96",,WOM000010222,
Department of Health,NHS Wolverhampton CCG,12/31/2018,C&M-GMS Global Sum,PRC DELEGATED CO-COMMISSIONING,LEUNG & PARTNERS,25283275,"50,109.10",,WOM000010222,
Department of Health,NHS Wolverhampton CCG,12/31/2018,C&M-GMS MPIG Correction Factor,PRC DELEGATED CO-COMMISSIONING,LEUNG & PARTNERS,25283275,134.42,,WOM000010222,
Department of Health,NHS Wolverhampton CCG,12/31/2018,C&M-GMS PCO Seniority,PRC DELEGATED CO-COMMISSIONING,LEUNG & PARTNERS,25283275,963.87,,WOM000010222,
Department of Health,NHS Wolverhampton CCG,12/31/2018,C&M-GMS Prem Notional Rent,PRC DELEGATED CO-COMMISSIONING,LEUNG & PARTNERS,25283275,"3,330.00",,WOM000010222,
Department of Health,NHS Wolverhampton CCG,12/31/2018,C&M-GMS Prof Fees Prescribing,PRC DELEGATED CO-COMMISSIONING,LEUNG & PARTNERS,25283275,"2,080.71",,WOM000010222,
Department of Health,NHS Wolverhampton CCG,12/31/2018,C&M-GMS QOF Aspiration,PRC DELEGATED CO-COMMISSIONING,LEUNG & PARTNERS,25283275,"6,207.57",,WOM000010222,
Department of Health,NHS Wolverhampton CCG,12/31/2018,C&M-GMS Cost of Drugs -Prescribing,LOCAL ENHANCED SERVICES,COWEN MANLEY & GUEST,25299984,"1,521.69",,WOM000010186,
Department of Health,NHS Wolverhampton CCG,12/31/2018,C&M-GMS Global Sum,PRC DELEGATED CO-COMMISSIONING,COWEN MANLEY & GUEST,25299984,"35,990.67",,WOM000010186,
Department of Health,NHS Wolverhampton CCG,12/31/2018,C&M-GMS Other FDR Payment,PRC DELEGATED CO-COMMISSIONING,COWEN MANLEY & GUEST,25299984,"4,475.55",,WOM000010186,
Department of Health,NHS Wolverhampton CCG,12/31/2018,C&M-GMS PCO Locum Sickness,PRC DELEGATED CO-COMMISSIONING,COWEN MANLEY & GUEST,25299984,"8,757.60",,WOM000010186,
Department of Health,NHS Wolverhampton CCG,12/31/2018,C&M-GMS PCO Seniority,PRC DELEGATED CO-COMMISSIONING,COWEN MANLEY & GUEST,25299984,"2,296.12",,WOM000010186,
Department of Health,NHS Wolverhampton CCG,12/31/2018,C&M-GMS Prem Notional Rent,PRC DELEGATED CO-COMMISSIONING,COWEN MANLEY & GUEST,25299984,"3,450.00",,WOM000010186,
Department of Health,NHS Wolverhampton CCG,12/31/2018,C&M-GMS Prof Fees Prescribing,PRC DELEGATED CO-COMMISSIONING,COWEN MANLEY & GUEST,25299984,439.47,,WOM000010186,
Department of Health,NHS Wolverhampton CCG,12/31/2018,C&M-GMS QOF Aspiration,PRC DELEGATED CO-COMMISSIONING,COWEN MANLEY & GUEST,25299984,"3,941.90",,WOM000010186,
Department of Health,NHS Wolverhampton CCG,12/31/2018,C&M-GMS GP Statutory Levy,PRC DELEGATED CO-COMMISSIONING,HIBBS & PARTNERS,25299985,(924.01),,WOM000010210,
Department of Health,NHS Wolverhampton CCG,12/31/2018,C&M-GMS Prem Healthcentre Rent,PRC DELEGATED CO-COMMISSIONING,HIBBS & PARTNERS,25299985,(391.67),,WOM000010210,
Department of Health,NHS Wolverhampton CCG,12/31/2018,ME - GMS GP Prior Year ERs,PRC DELEGATED CO-COMMISSIONING,HIBBS & PARTNERS,25299985,"(20,311.80)",,WOM000010210,
Department of Health,NHS Wolverhampton CCG,12/31/2018,ME-GMS GP Prior Year EEs,PRC DELEGATED CO-COMMISSIONING,HIBBS & PARTNERS,25299985,"(20,481.30)",,WOM000010210,
Department of Health,NHS Wolverhampton CCG,12/31/2018,C&M-GMS Cost of Drugs -Prescribing,LOCAL ENHANCED SERVICES,HIBBS & PARTNERS,25299986,"15,751.55",,WOM000010211,
Department of Health,NHS Wolverhampton CCG,12/31/2018,C&M-GMS Global Sum,PRC DELEGATED CO-COMMISSIONING,HIBBS & PARTNERS,25299986,"97,603.61",,WOM000010211,
Department of Health,NHS Wolverhampton CCG,12/31/2018,C&M-GMS PCO Locum Sickness,PRC DELEGATED CO-COMMISSIONING,HIBBS & PARTNERS,25299986,"7,203.04",,WOM000010211,
Department of Health,NHS Wolverhampton CCG,12/31/2018,C&M-GMS PCO Seniority,PRC DELEGATED CO-COMMISSIONING,HIBBS & PARTNERS,25299986,"2,532.74",,WOM000010211,
Department of Health,NHS Wolverhampton CCG,12/31/2018,C&M-GMS Prem Healthcentre Rent,PRC DELEGATED CO-COMMISSIONING,HIBBS & PARTNERS,25299986,"2,016.67",,WOM000010211,
Department of Health,NHS Wolverhampton CCG,12/31/2018,C&M-GMS Prem Notional Rent,PRC DELEGATED CO-COMMISSIONING,HIBBS & PARTNERS,25299986,"3,879.17",,WOM000010211,
Department of Health,NHS Wolverhampton CCG,12/31/2018,C&M-GMS Prem Rates,PRC DELEGATED CO-COMMISSIONING,HIBBS & PARTNERS,25299986,"9,746.33",,WOM000010211,
Department of Health,NHS Wolverhampton CCG,12/31/2018,C&M-GMS Prem Water Rates,PRC DELEGATED CO-COMMISSIONING,HIBBS & PARTNERS,25299986,293.82,,WOM000010211,
Department of Health,NHS Wolverhampton CCG,12/31/2018,C&M-GMS Prof Fees Prescribing,PRC DELEGATED CO-COMMISSIONING,HIBBS & PARTNERS,25299986,"3,873.68",,WOM000010211,
Department of Health,NHS Wolverhampton CCG,12/31/2018,C&M-GMS QOF Aspiration,PRC DELEGATED CO-COMMISSIONING,HIBBS & PARTNERS,25299986,"11,569.04",,WOM000010211,
Department of Health,NHS Wolverhampton CCG,12/31/2018,ME - GMS GP Prior Year ERs,PRC DELEGATED CO-COMMISSIONING,HIBBS & PARTNERS,25299986,"2,709.40",,WOM000010211,
Department of Health,NHS Wolverhampton CCG,12/31/2018,ME-GMS GP Prior Year EEs,PRC DELEGATED CO-COMMISSIONING,HIBBS & PARTNERS,25299986,"2,368.39",,WOM000010211,
Department of Health,NHS Wolverhampton CCG,12/31/2018,C&M-GMS Cost of Drugs -Prescribing,LOCAL ENHANCED SERVICES,PEACOCK & PARTNERS,25299987,"5,345.63",,WOM000010232,
Department of Health,NHS Wolverhampton CCG,12/31/2018,C&M-GMS Global Sum,PRC DELEGATED CO-COMMISSIONING,PEACOCK & PARTNERS,25299987,"51,934.82",,WOM000010232,
Department of Health,NHS Wolverhampton CCG,12/31/2018,C&M-GMS MPIG Correction Factor,PRC DELEGATED CO-COMMISSIONING,PEACOCK & PARTNERS,25299987,338.34,,WOM000010232,
Department of Health,NHS Wolverhampton CCG,12/31/2018,C&M-GMS PCO Other,PRC DELEGATED CO-COMMISSIONING,PEACOCK & PARTNERS,25299987,"4,370.00",,WOM000010232,
Department of Health,NHS Wolverhampton CCG,12/31/2018,C&M-GMS PCO Seniority,PRC DELEGATED CO-COMMISSIONING,PEACOCK & PARTNERS,25299987,"1,731.57",,WOM000010232,
Department of Health,NHS Wolverhampton CCG,12/31/2018,C&M-GMS Prem Notional Rent,PRC DELEGATED CO-COMMISSIONING,PEACOCK & PARTNERS,25299987,"2,098.33",,WOM000010232,
Department of Health,NHS Wolverhampton CCG,12/31/2018,C&M-GMS Prem Rates,PRC DELEGATED CO-COMMISSIONING,PEACOCK & PARTNERS,25299987,"4,763.86",,WOM000010232,
Department of Health,NHS Wolverhampton CCG,12/31/2018,C&M-GMS Prem Water Rates,PRC DELEGATED CO-COMMISSIONING,PEACOCK & PARTNERS,25299987,157.54,,WOM000010232,
Department of Health,NHS Wolverhampton CCG,12/31/2018,C&M-GMS Prof Fees Prescribing,PRC DELEGATED CO-COMMISSIONING,PEACOCK & PARTNERS,25299987,"1,613.96",,WOM000010232,
Department of Health,NHS Wolverhampton CCG,12/31/2018,C&M-GMS QOF Aspiration,PRC DELEGATED CO-COMMISSIONING,PEACOCK & PARTNERS,25299987,"5,685.46",,WOM000010232,
Department of Health,NHS Wolverhampton CCG,12/31/2018,Clinical&Medical-Independent Sector,PCTF Revenue,BILSTON URBAN VILLAGE MEDICAL CENTRE,25313448,"96,325.84",,ACCFUNDFUNITYDEC18A,
Department of Health,NHS Wolverhampton CCG,12/31/2018,Clinical&Medical-Independent Sector,PCTF Revenue,WOLVERHAMPTON TOTAL HEALTH LTD,25313449,"70,101.21",,ACCFUNDPCH1DEC18A,
Department of Health,NHS Wolverhampton CCG,12/31/2018,Clinical&Medical-Independent Sector,PCTF Revenue,WOLVERHAMPTON CARE COLLABORATIVE,25313450,"67,687.41",,ACCFUNDPCH2DEC18A,
Department of Health,NHS Wolverhampton CCG,12/31/2018,C&M-APMS Practice Transformational Support,GP FORWARD VIEW,ROYAL WOLVERHAMPTON HOSPITALS NHS TRUST (THE),25346733,"19,983.00",654947886,0000223898,
Department of Health,NHS Wolverhampton CCG,12/31/2018,C&M-APMS Practice Transformational Support,LOCAL ENHANCED SERVICES,ROYAL WOLVERHAMPTON HOSPITALS NHS TRUST (THE),25346733,"7,989.00",654947886,0000223898,
Department of Health,NHS Wolverhampton CCG,12/31/2018,C&M-GMS Practice Transformational Support,GP FORWARD VIEW,ROYAL WOLVERHAMPTON HOSPITALS NHS TRUST (THE),25346733,"223,964.00",654947886,0000223898,
Department of Health,NHS Wolverhampton CCG,12/31/2018,C&M-GMS Practice Transformational Support,LOCAL ENHANCED SERVICES,ROYAL WOLVERHAMPTON HOSPITALS NHS TRUST (THE),25346733,"89,520.00",654947886,0000223898,
Department of Health,NHS Wolverhampton CCG,12/31/2018,Clinical&Medical-Independent Sector,GP FORWARD VIEW,ROYAL WOLVERHAMPTON HOSPITALS NHS TRUST (THE),25346733,"55,124.00",654947886,0000223898,
Department of Health,NHS Wolverhampton CCG,12/31/2018,Clinical&Medical-Serv Recd-F Trsts,PATIENT TRANSPORT,WEST MIDLANDS AMBULANCE SERVICE NHS FOUNDATION TRUST,25367118,"78,537.41",GB654950708,C0003699,
Department of Health,NHS Wolverhampton CCG,12/31/2018,Clinical&Medical-Clinical Other,SAFEGUARDING,WALSALL METROPOLITAN BOROUGH COUNCIL,25367149,"64,150.00",,703861,
,,,,,,,"30,209,373.10",,,
,,,,,,,,,,
,,,,,,,,,,
,,,,,,,,,,
,,,,,,,,,,
,,,,,,,,,,
,,,,,,,,,,
,,,,,,,,,,
,,,,,,,,,,
,,,,,,,,,,
,,,,,,,,,,
,,,,,,,,,,
,,,,,,,,,,
,,,,,,,,,,
,,,,,,,,,,
,,,,,,,,,,
,,,,,,,,,,
,,,,,,,,,,
,,,,,,,,,,
,,,,,,,,,,
,,,,,,,,,,
,,,,,,,,,,
,,,,,,,,,,
,,,,,,,,,,
,,,,,,,,,,
,,,,,,,,,,
,,,,,,,,,,
,,,,,,,,,,
,,,,,,,,,,
,,,,,,,,,,
,,,,,,,,,,
,,,,,,,,,,
,,,,,,,,,,
,,,,,,,,,,
,,,,,,,,,,
,,,,,,,,,,
,,,,,,,,,,
,,,,,,,,,,
,,,,,,,,,,
,,,,,,,,,,
,,,,,,,,,,
,,,,,,,,,,
,,,,,,,,,,
,,,,,,,,,,
,,,,,,,,,,
,,,,,,,,,,
,,,,,,,,,,
,,,,,,,,,,
,,,,,,,,,,
,,,,,,,,,,
,,,,,,,,,,
,,,,,,,,,,
,,,,,,,,,,
,,,,,,,,,,
,,,,,,,,,,
,,,,,,,,,,
,,,,,,,,,,
,,,,,,,,,,
,,,,,,,,,,
,,,,,,,,,,
,,,,,,,,,,
,,,,,,,,,,
,,,,,,,,,,
,,,,,,,,,,
,,,,,,,,,,
,,,,,,,,,,
,,,,,,,,,,
,,,,,,,,,,
,,,,,,,,,,
,,,,,,,,,,
,,,,,,,,,,
,,,,,,,,,,
,,,,,,,,,,
,,,,,,,,,,
,,,,,,,,,,
,,,,,,,,,,
,,,,,,,,,,
,,,,,,,,,,
,,,,,,,,,,
,,,,,,,,,,
,,,,,,,,,,
,,,,,,,,,,
