NHS Wolverhampton CCG,,,,,,,,,
>25k Expenditure,,,,,,,,,Jan-19
,,,,,,,,,
Department family,Entity,Date,Expense Type,Expense area,Supplier,Transaction number,AP Amount (�),VAT registration number,Purchase invoice number
Department of Health,NHS Wolverhampton CCG,1/31/2019,Clinical&Medical-Serv Recd-NHS Trst,ACUTE COMMISSIONING,ROYAL WOLVERHAMPTON HOSPITALS NHS TRUST (THE),25388324,"(35,500.00)",654947886,0000016041
Department of Health,NHS Wolverhampton CCG,1/31/2019,Soc Care-Other Soc Care,PROGRAMME PROJECTS,WOLVERHAMPTON CITY COUNCIL,25396149,"553,084.00",101268711,BCFJAN19B
Department of Health,NHS Wolverhampton CCG,1/31/2019,Soc Care-Other Soc Care,PROGRAMME PROJECTS,WOLVERHAMPTON CITY COUNCIL,25396150,"3,044,485.00",101268711,BCFJAN19A
Department of Health,NHS Wolverhampton CCG,1/31/2019,Clinical&Medical-Serv Recd-NHS Trst,ACUTE COMMISSIONING,ROYAL WOLVERHAMPTON HOSPITALS NHS TRUST (THE),25400971,"142,000.00",654947886,0000221663
Department of Health,NHS Wolverhampton CCG,1/31/2019,Hcare Srv Rec NHS Trust-Non Contract,ACUTE COMMISSIONING,ROYAL WOLVERHAMPTON HOSPITALS NHS TRUST (THE),25401984,"200,000.00",654947886,0000223950
Department of Health,NHS Wolverhampton CCG,1/31/2019,External Data Contracts,PROGRAMME PROJECTS,ROYAL WOLVERHAMPTON HOSPITALS NHS TRUST (THE),25402001,"36,883.00",654947886,0000224090
Department of Health,NHS Wolverhampton CCG,1/31/2019,Hcare Srv Rec Fdtn Trust-Contract Baseline,ACUTE COMMISSIONING,BIRMINGHAM WOMENS AND CHILDRENS NHS FOUNDATION TRUST,25406011,"71,061.25",654964300,SLAJAN19-02
Department of Health,NHS Wolverhampton CCG,1/31/2019,Hcare Srv Rec Fdtn Trust-Contract Baseline,MENTAL HEALTH CONTRACTS,BLACK COUNTRY PARTNERSHIP NHS FOUNDATION TRUST,25406012,"2,412,976.67",654963890,SLAJAN19-06
Department of Health,NHS Wolverhampton CCG,1/31/2019,Hcare Srv Rec Fdtn Trust-CQUIN,MENTAL HEALTH CONTRACTS,BLACK COUNTRY PARTNERSHIP NHS FOUNDATION TRUST,25406013,"60,135.67",654963890,CQUNJAN19-06
Department of Health,NHS Wolverhampton CCG,1/31/2019,Hcare Srv Rec NHS Trust-Contract Baseline,MENTAL HEALTH CONTRACTS,DUDLEY AND WALSALL MENTAL HEALTH PARTNERSHIP NHS TRUST,25406014,"42,742.50",654439224,SLAJAN19-05
Department of Health,NHS Wolverhampton CCG,1/31/2019,Hcare Srv Rec Fdtn Trust-Contract Baseline,ACUTE COMMISSIONING,DUDLEY GROUP HOSPITALS NHS FOUNDATION TRUST,25406016,"414,556.08",654919109,SLAJAN19-06
Department of Health,NHS Wolverhampton CCG,1/31/2019,Hcare Srv Rec Fdtn Trust-Contract Baseline,ACUTE COMMISSIONING,UNIVERSITY HOSPITALS BIRMINGHAM NHS FOUNDATION TRUST,25406018,"29,834.17",GB654912816,SLAJAN19-07
Department of Health,NHS Wolverhampton CCG,1/31/2019,Hcare Srv Rec Fdtn Trust-Contract Baseline,ACUTE COMMISSIONING,ROYAL ORTHOPAEDIC HOSPITAL NHS FOUNDATION TRUST,25406022,"29,973.33",654965296,SLAJAN19-10
Department of Health,NHS Wolverhampton CCG,1/31/2019,Hcare Srv Rec NHS Trust-Contract Baseline,ACUTE COMMISSIONING,ROYAL WOLVERHAMPTON HOSPITALS NHS TRUST (THE),25406024,"13,396,704.00",654947886,SLAJAN19-11
Department of Health,NHS Wolverhampton CCG,1/31/2019,Hcare Srv Rec NHS Trust-CQUIN,ACUTE COMMISSIONING,ROYAL WOLVERHAMPTON HOSPITALS NHS TRUST (THE),25406025,"156,845.00",654947886,CQUNJAN19-11
Department of Health,NHS Wolverhampton CCG,1/31/2019,Hcare Srv Rec NHS Trust-Contract Baseline,ACUTE COMMISSIONING,ROYAL WOLVERHAMPTON HOSPITALS NHS TRUST (THE),25406026,"(26,461.00)",654947886,POLCVJAN19
Department of Health,NHS Wolverhampton CCG,1/31/2019,Hcare Srv Rec NHS Trust-Contract Baseline,ACUTE COMMISSIONING,ROYAL WOLVERHAMPTON HOSPITALS NHS TRUST (THE),25406027,"(92,250.00)",654947886,CC2HJAN19-11
Department of Health,NHS Wolverhampton CCG,1/31/2019,Hcare Srv Rec NHS Trust-Contract Baseline,COMMUNITY SERVICES,ROYAL WOLVERHAMPTON HOSPITALS NHS TRUST (THE),25406031,"2,715,184.00",654947886,SLAJAN19-12
Department of Health,NHS Wolverhampton CCG,1/31/2019,Hcare Srv Rec NHS Trust-CQUIN,COMMUNITY SERVICES,ROYAL WOLVERHAMPTON HOSPITALS NHS TRUST (THE),25406032,"33,940.00",654947886,CQUNJAN19-12
Department of Health,NHS Wolverhampton CCG,1/31/2019,Hcare Srv Rec NHS Trust-Contract Variation,COMMUNITY SERVICES,ROYAL WOLVERHAMPTON HOSPITALS NHS TRUST (THE),25406033,"(31,215.00)",654947886,LV61JAN19-12
Department of Health,NHS Wolverhampton CCG,1/31/2019,Hcare Srv Rec NHS Trust-Contract Baseline,ACUTE COMMISSIONING,SANDWELL AND WEST BIRMINGHAM HOSPITALS NHS TRUST,25406034,"81,043.60",GB654916216,SLAJAN19-13
Department of Health,NHS Wolverhampton CCG,1/31/2019,Hcare Srv Rec NHS Trust-Contract Baseline,ACUTE COMMISSIONING,SHREWSBURY&TELFORD HOSPITAL NHS TRUST,25406036,"32,466.33",654939296,SLAJAN19-14
Department of Health,NHS Wolverhampton CCG,1/31/2019,Hcare Srv Rec Fdtn Trust-Contract Baseline,ACUTE COMMISSIONING,UNIVERSITY HOSPITALS BIRMINGHAM NHS FOUNDATION TRUST,25406040,"175,232.83",GB654912816,SLAJAN19-17
Department of Health,NHS Wolverhampton CCG,1/31/2019,Hcare Srv Rec NHS Trust-Contract Baseline,ACUTE COMMISSIONING,UNIVERSITY HOSPITALS OF NORTH MIDLANDS NHS TRUST,25406042,"48,894.00",654932808,SLAJAN19-18
Department of Health,NHS Wolverhampton CCG,1/31/2019,Hcare Srv Rec NHS Trust-Contract Baseline,ACUTE COMMISSIONING,WALSALL HEALTHCARE NHS TRUST,25406044,"152,176.08",654948981,SLAJAN19-19
Department of Health,NHS Wolverhampton CCG,1/31/2019,Hcare Srv Rec Fdtn Trust-Contract Baseline,AMBULANCE SERVICES,WEST MIDLANDS AMBULANCE SERVICE NHS FOUNDATION TRUST,25406046,"844,949.50",GB654950708,SLAJAN19-20
Department of Health,NHS Wolverhampton CCG,1/31/2019,Hcare Srv Rec NHS CCG-Contract Baseline,NHS 111,NHS SANDWELL AND WEST BIRMINGHAM CCG,25406048,"74,161.00",,SLAJAN19-50
Department of Health,NHS Wolverhampton CCG,1/31/2019,Clinical&Medical-Commercial Sector,ACUTE COMMISSIONING,NUFFIELD HEALTH,25406050,"273,145.00",564291137,SLAJAN19-52
Department of Health,NHS Wolverhampton CCG,1/31/2019,Clinical&Medical-Independent Sector,INTERMEDIATE CARE,ACCORD HOUSING ASSOCIATION LTD,25406052,"87,965.00",GB880 9887 56,SLAJAN19-36
Department of Health,NHS Wolverhampton CCG,1/31/2019,Clinical&Medical-Independent Sector,HOSPICES,COMPTON HOSPICE LTD,25406054,"165,241.00",,SLAJAN19-53
Department of Health,NHS Wolverhampton CCG,1/31/2019,Clinical&Medical-Commercial Sector,COUNSELLING SERVICES,REMPLOY LTD,25406055,"120,834.00",,IPSJAN19REMP
Department of Health,NHS Wolverhampton CCG,1/31/2019,Clinical&Medical-Serv Recd-NHS Trst,COUNSELLING SERVICES,DUDLEY AND WALSALL MENTAL HEALTH PARTNERSHIP NHS TRUST,25406056,"60,417.00",654439224,IPSJAN19DWMH
Department of Health,NHS Wolverhampton CCG,1/31/2019,Clinical&Medical-Commercial Sector,COUNSELLING SERVICES,PROSPECTS,25406057,"60,417.00",,IPSJAN19PROS
Department of Health,NHS Wolverhampton CCG,1/31/2019,Clinical&Medical-Independent Sector,ACUTE COMMISSIONING,NORTHERN DOCTORS URGENT CARE,25406058,"199,165.00",GB124571918,URGCAREJAN19
Department of Health,NHS Wolverhampton CCG,1/31/2019,Clinical&Medical-Voluntary Sector,COMMUNITY SERVICES,SICKLE CELL & THALASSAEMIA SUPPORT PROJECT (WOLVERHAMPTON),25451653,"26,612.79",,380
Department of Health,NHS Wolverhampton CCG,1/31/2019,Clinical&Medical-Independent Sector,COMMUNITY SERVICES,CONCORDIA SPECIALIST CARE SERVICES,25451665,"40,763.50",143786783,WOLVJAN19
Department of Health,NHS Wolverhampton CCG,1/31/2019,Clinical&Medical-Independent Sector,COMMUNITY SERVICES,ACCORD HOUSING ASSOCIATION LTD,25499279,"26,611.09",GB880 9887 56,SLINV00064843
Department of Health,NHS Wolverhampton CCG,1/31/2019,Cont Care-Funded Nursing Care Allow,FUNDED NURSING CARE,CARAM (AH) LTD,25552119,"33,981.67",,QADec18FNC16
Department of Health,NHS Wolverhampton CCG,1/31/2019,Cont Care-Funded Nursing Care Allow,FUNDED NURSING CARE,BENTLEY COURT PRIORY,25552127,"35,201.75",,QADec18FNC2
Department of Health,NHS Wolverhampton CCG,1/31/2019,Cont Care-Funded Nursing Care Allow,FUNDED NURSING CARE,CENTRAL ENGLAND HEALTHCARE (WOLVERHAMPTON) LTD,25552129,"29,123.92",,QADec18FNC15
Department of Health,NHS Wolverhampton CCG,1/31/2019,Cont Care-Funded Nursing Care Allow,FUNDED NURSING CARE,NEWLYN COURT NURSING HOME,25552134,"31,767.44",,QADec18FNC3
Department of Health,NHS Wolverhampton CCG,1/31/2019,Cont Care-Funded Nursing Care Allow,FUNDED NURSING CARE,FIRST CARE SERVICES ORCHARD HOUSE,25552140,"29,169.12",,QADec18FNC10
Department of Health,NHS Wolverhampton CCG,1/31/2019,Prescribing Incentives,PRESCRIBING,ROYAL WOLVERHAMPTON HOSPITALS NHS TRUST (THE),25565007,"53,603.15",654947886,0000224338
Department of Health,NHS Wolverhampton CCG,1/31/2019,Prescribing Incentives,PRESCRIBING,ROYAL WOLVERHAMPTON HOSPITALS NHS TRUST (THE),25565011,"53,337.86",654947886,0000224347
Department of Health,NHS Wolverhampton CCG,1/31/2019,Clinical&Medical-Independent Sector,MENTAL HEALTH SERVICES - ADULTS,ACCI,25565018,"45,224.00",,ACCI556906
Department of Health,NHS Wolverhampton CCG,1/31/2019,C&M-GMS Practice Transformational Support,LOCAL ENHANCED SERVICES,BILSTON URBAN VILLAGE MEDICAL CENTRE,25569020,"69,467.52",,TFUNITYJAN19A
Department of Health,NHS Wolverhampton CCG,1/31/2019,C&M-GMS Practice Transformational Support,LOCAL ENHANCED SERVICES,WOLVERHAMPTON TOTAL HEALTH LTD,25569023,"53,868.17",,TFPCH1JAN19A
Department of Health,NHS Wolverhampton CCG,1/31/2019,C&M-GMS Practice Transformational Support,LOCAL ENHANCED SERVICES,WOLVERHAMPTON CARE COLLABORATIVE,25569025,"51,445.24",,TFPCH2JAN19A
Department of Health,NHS Wolverhampton CCG,1/31/2019,Clinical&Medical-Independent Sector,PCTF Revenue,BILSTON URBAN VILLAGE MEDICAL CENTRE,25569028,"162,715.63",,ACCFUNDFUNITYJAN19A
Department of Health,NHS Wolverhampton CCG,1/31/2019,Clinical&Medical-Independent Sector,PCTF Revenue,WOLVERHAMPTON TOTAL HEALTH LTD,25569029,"115,423.63",,ACCFUNDPCH1JAN19A
Department of Health,NHS Wolverhampton CCG,1/31/2019,Clinical&Medical-Independent Sector,PCTF Revenue,WOLVERHAMPTON CARE COLLABORATIVE,25569030,"128,459.91",,ACCFUNDPCH2JAN19A
Department of Health,NHS Wolverhampton CCG,1/31/2019,Computer Software/License,PRIMARY CARE IT,SOFTCAT PLC,25586748,"51,546.39",GB 491848503,INV02109804
Department of Health,NHS Wolverhampton CCG,1/31/2019,Hcare Srv Rec NHS Trust-Non Contract,ACUTE COMMISSIONING,ROYAL WOLVERHAMPTON HOSPITALS NHS TRUST (THE),25595143,"184,396.00",654947886,0000223949
Department of Health,NHS Wolverhampton CCG,1/31/2019,Clinical&Medical-Independent Sector,COMMUNITY SERVICES,CONNECT HEALTH LTD,25595145,"179,944.00",,67453
Department of Health,NHS Wolverhampton CCG,1/31/2019,Clinical&Medical-Serv Recd-NHS Trst,ACUTE COMMISSIONING,ROYAL WOLVERHAMPTON HOSPITALS NHS TRUST (THE),25595166,"469,548.00",654947886,0000224328
Department of Health,NHS Wolverhampton CCG,1/31/2019,Charges from CSU,CORPORATE COSTS & SERVICES,NHS MIDLANDS AND LANCASHIRE CSU,25595190,"26,421.00",GB 654442045,7312312366
Department of Health,NHS Wolverhampton CCG,1/31/2019,Charges from CSU,PRESCRIBING,NHS MIDLANDS AND LANCASHIRE CSU,25595190,"6,769.58",GB 654442045,7312312366
Department of Health,NHS Wolverhampton CCG,1/31/2019,Clinical&Medical-Clinical Other,SAFEGUARDING,WALSALL COUNCIL,25611571,"64,150.00",,703861
Department of Health,NHS Wolverhampton CCG,1/31/2019,Computer Hardware Purch,PRIMARY CARE IT,DELL CORPORATION LTD,25620381,"25,854.00",635823528,7402495629
Department of Health,NHS Wolverhampton CCG,1/31/2019,Chrgs from SLA,PRESCRIBING,ROYAL WOLVERHAMPTON HOSPITALS NHS TRUST (THE),25633146,"60,833.33",654947886,0000224440
Department of Health,NHS Wolverhampton CCG,1/31/2019,Professional Fees,INTERPRETING SERVICES,ABSOLUTE INTERPRETING & TRANSLATION LTD,25641725,"22,916.67",919 9117 92,180881
Department of Health,NHS Wolverhampton CCG,1/31/2019,C&M-GMS Cost of Drugs -Prescribing,LOCAL ENHANCED SERVICES,BAGARY & BAGARY,25655165,"2,368.73",,WOM000010295
Department of Health,NHS Wolverhampton CCG,1/31/2019,C&M-GMS Global Sum,PRC DELEGATED CO-COMMISSIONING,BAGARY & BAGARY,25655165,"56,848.69",,WOM000010295
Department of Health,NHS Wolverhampton CCG,1/31/2019,C&M-GMS Prem Healthcentre Rent,PRC DELEGATED CO-COMMISSIONING,BAGARY & BAGARY,25655165,"1,096.00",,WOM000010295
Department of Health,NHS Wolverhampton CCG,1/31/2019,C&M-GMS Prem Notional Rent,PRC DELEGATED CO-COMMISSIONING,BAGARY & BAGARY,25655165,"4,337.25",,WOM000010295
Department of Health,NHS Wolverhampton CCG,1/31/2019,C&M-GMS Prem Water Rates,PRC DELEGATED CO-COMMISSIONING,BAGARY & BAGARY,25655165,559.06,,WOM000010295
Department of Health,NHS Wolverhampton CCG,1/31/2019,C&M-GMS Prof Fees Prescribing,PRC DELEGATED CO-COMMISSIONING,BAGARY & BAGARY,25655165,835.25,,WOM000010295
Department of Health,NHS Wolverhampton CCG,1/31/2019,C&M-GMS QOF Aspiration,PRC DELEGATED CO-COMMISSIONING,BAGARY & BAGARY,25655165,"4,082.47",,WOM000010295
Department of Health,NHS Wolverhampton CCG,1/31/2019,C&M-GMS Cost of Drugs -Prescribing,LOCAL ENHANCED SERVICES,AGRAWAL,25655167,"8,705.41",,WOM000010297
Department of Health,NHS Wolverhampton CCG,1/31/2019,C&M-GMS Global Sum,PRC DELEGATED CO-COMMISSIONING,AGRAWAL,25655167,"124,410.49",,WOM000010297
Department of Health,NHS Wolverhampton CCG,1/31/2019,C&M-GMS MPIG Correction Factor,PRC DELEGATED CO-COMMISSIONING,AGRAWAL,25655167,688.79,,WOM000010297
Department of Health,NHS Wolverhampton CCG,1/31/2019,C&M-GMS Prem Notional Rent,PRC DELEGATED CO-COMMISSIONING,AGRAWAL,25655167,"9,463.89",,WOM000010297
Department of Health,NHS Wolverhampton CCG,1/31/2019,C&M-GMS Prof Fees Prescribing,PRC DELEGATED CO-COMMISSIONING,AGRAWAL,25655167,"2,123.19",,WOM000010297
Department of Health,NHS Wolverhampton CCG,1/31/2019,C&M-GMS QOF Aspiration,PRC DELEGATED CO-COMMISSIONING,AGRAWAL,25655167,"10,384.22",,WOM000010297
Department of Health,NHS Wolverhampton CCG,1/31/2019,C&M-GMS Cost of Drugs -Prescribing,LOCAL ENHANCED SERVICES,BILAS & THOMAS,25655169,"3,722.04",,WOM000010299
Department of Health,NHS Wolverhampton CCG,1/31/2019,C&M-GMS Global Sum,PRC DELEGATED CO-COMMISSIONING,BILAS & THOMAS,25655169,"28,110.85",,WOM000010299
Department of Health,NHS Wolverhampton CCG,1/31/2019,C&M-GMS Prem Notional Rent,PRC DELEGATED CO-COMMISSIONING,BILAS & THOMAS,25655169,"1,916.67",,WOM000010299
Department of Health,NHS Wolverhampton CCG,1/31/2019,C&M-GMS Prof Fees Prescribing,PRC DELEGATED CO-COMMISSIONING,BILAS & THOMAS,25655169,909.78,,WOM000010299
Department of Health,NHS Wolverhampton CCG,1/31/2019,C&M-GMS QOF Aspiration,PRC DELEGATED CO-COMMISSIONING,BILAS & THOMAS,25655169,"2,614.97",,WOM000010299
Department of Health,NHS Wolverhampton CCG,1/31/2019,C&M-GMS Cost of Drugs -Prescribing,LOCAL ENHANCED SERVICES,COWEN MANLEY & GUEST,25655171,"3,507.42",,WOM000010302
Department of Health,NHS Wolverhampton CCG,1/31/2019,C&M-GMS Global Sum,PRC DELEGATED CO-COMMISSIONING,COWEN MANLEY & GUEST,25655171,"35,953.94",,WOM000010302
Department of Health,NHS Wolverhampton CCG,1/31/2019,C&M-GMS Other FDR Payment,PRC DELEGATED CO-COMMISSIONING,COWEN MANLEY & GUEST,25655171,"4,475.55",,WOM000010302
Department of Health,NHS Wolverhampton CCG,1/31/2019,C&M-GMS Prem Notional Rent,PRC DELEGATED CO-COMMISSIONING,COWEN MANLEY & GUEST,25655171,"3,450.00",,WOM000010302
Department of Health,NHS Wolverhampton CCG,1/31/2019,C&M-GMS Prof Fees Prescribing,PRC DELEGATED CO-COMMISSIONING,COWEN MANLEY & GUEST,25655171,884.08,,WOM000010302
Department of Health,NHS Wolverhampton CCG,1/31/2019,C&M-GMS QOF Aspiration,PRC DELEGATED CO-COMMISSIONING,COWEN MANLEY & GUEST,25655171,"3,941.90",,WOM000010302
Department of Health,NHS Wolverhampton CCG,1/31/2019,C&M-GMS Cost of Drugs -Prescribing,LOCAL ENHANCED SERVICES,DR D M BUSH,25655173,"5,926.08",,WOM000010306
Department of Health,NHS Wolverhampton CCG,1/31/2019,C&M-GMS Global Sum,PRC DELEGATED CO-COMMISSIONING,DR D M BUSH,25655173,"42,988.04",,WOM000010306
Department of Health,NHS Wolverhampton CCG,1/31/2019,C&M-GMS MPIG Correction Factor,PRC DELEGATED CO-COMMISSIONING,DR D M BUSH,25655173,"1,262.82",,WOM000010306
Department of Health,NHS Wolverhampton CCG,1/31/2019,C&M-GMS Prem Notional Rent,PRC DELEGATED CO-COMMISSIONING,DR D M BUSH,25655173,"3,008.34",,WOM000010306
Department of Health,NHS Wolverhampton CCG,1/31/2019,C&M-GMS Prof Fees Prescribing,PRC DELEGATED CO-COMMISSIONING,DR D M BUSH,25655173,"1,485.49",,WOM000010306
Department of Health,NHS Wolverhampton CCG,1/31/2019,C&M-GMS QOF Aspiration,PRC DELEGATED CO-COMMISSIONING,DR D M BUSH,25655173,"4,733.35",,WOM000010306
Department of Health,NHS Wolverhampton CCG,1/31/2019,C&M-GMS Cost of Drugs -Prescribing,LOCAL ENHANCED SERVICES,DR G PICKAVANCE & PARTNERS,25655175,"4,856.33",,WOM000010308
Department of Health,NHS Wolverhampton CCG,1/31/2019,C&M-GMS Global Sum,PRC DELEGATED CO-COMMISSIONING,DR G PICKAVANCE & PARTNERS,25655175,"37,466.57",,WOM000010308
Department of Health,NHS Wolverhampton CCG,1/31/2019,C&M-GMS Prem Notional Rent,PRC DELEGATED CO-COMMISSIONING,DR G PICKAVANCE & PARTNERS,25655175,"2,135.00",,WOM000010308
Department of Health,NHS Wolverhampton CCG,1/31/2019,C&M-GMS Prof Fees Prescribing,PRC DELEGATED CO-COMMISSIONING,DR G PICKAVANCE & PARTNERS,25655175,"1,125.66",,WOM000010308
Department of Health,NHS Wolverhampton CCG,1/31/2019,C&M-GMS QOF Aspiration,PRC DELEGATED CO-COMMISSIONING,DR G PICKAVANCE & PARTNERS,25655175,"5,109.12",,WOM000010308
Department of Health,NHS Wolverhampton CCG,1/31/2019,C&M-GMS Cost of Drugs -Prescribing,LOCAL ENHANCED SERVICES,DR JONES & PARTNERS WOLVERHAMPTON,25655177,"8,794.48",,WOM000010310
Department of Health,NHS Wolverhampton CCG,1/31/2019,C&M-GMS Global Sum,PRC DELEGATED CO-COMMISSIONING,DR JONES & PARTNERS WOLVERHAMPTON,25655177,"91,734.91",,WOM000010310
Department of Health,NHS Wolverhampton CCG,1/31/2019,C&M-GMS Prem Healthcentre Rent,PRC DELEGATED CO-COMMISSIONING,DR JONES & PARTNERS WOLVERHAMPTON,25655177,"6,618.42",,WOM000010310
Department of Health,NHS Wolverhampton CCG,1/31/2019,C&M-GMS Prof Fees Prescribing,PRC DELEGATED CO-COMMISSIONING,DR JONES & PARTNERS WOLVERHAMPTON,25655177,"2,295.26",,WOM000010310
Department of Health,NHS Wolverhampton CCG,1/31/2019,C&M-GMS QOF Aspiration,PRC DELEGATED CO-COMMISSIONING,DR JONES & PARTNERS WOLVERHAMPTON,25655177,"9,460.19",,WOM000010310
Department of Health,NHS Wolverhampton CCG,1/31/2019,C&M-PMS Contract Value,PRC DELEGATED CO-COMMISSIONING,DR MAJID & RAVINDRAN,25655179,"37,293.66",,WOM000010312
Department of Health,NHS Wolverhampton CCG,1/31/2019,C&M-PMS Cost of Drugs -Prescribing,LOCAL ENHANCED SERVICES,DR MAJID & RAVINDRAN,25655179,"8,230.22",,WOM000010312
Department of Health,NHS Wolverhampton CCG,1/31/2019,C&M-PMS Prem Notional Rent,PRC DELEGATED CO-COMMISSIONING,DR MAJID & RAVINDRAN,25655179,"3,160.42",,WOM000010312
Department of Health,NHS Wolverhampton CCG,1/31/2019,C&M-PMS Prof fees Prescribing,PRC DELEGATED CO-COMMISSIONING,DR MAJID & RAVINDRAN,25655179,"1,805.58",,WOM000010312
Department of Health,NHS Wolverhampton CCG,1/31/2019,C&M-PMS QOF Aspiration,PRC DELEGATED CO-COMMISSIONING,DR MAJID & RAVINDRAN,25655179,"4,346.73",,WOM000010312
Department of Health,NHS Wolverhampton CCG,1/31/2019,C&M-GMS Cost of Drugs -Prescribing,LOCAL ENHANCED SERVICES,DR NOBLE & PARTNERS,25655181,"7,336.06",,WOM000010314
Department of Health,NHS Wolverhampton CCG,1/31/2019,C&M-GMS Global Sum,PRC DELEGATED CO-COMMISSIONING,DR NOBLE & PARTNERS,25655181,"72,128.38",,WOM000010314
Department of Health,NHS Wolverhampton CCG,1/31/2019,C&M-GMS Other FDR Payment,PRC DELEGATED CO-COMMISSIONING,DR NOBLE & PARTNERS,25655181,"12,208.77",,WOM000010314
Department of Health,NHS Wolverhampton CCG,1/31/2019,C&M-GMS Prem Notional Rent,PRC DELEGATED CO-COMMISSIONING,DR NOBLE & PARTNERS,25655181,"4,616.67",,WOM000010314
Department of Health,NHS Wolverhampton CCG,1/31/2019,C&M-GMS Prof Fees Prescribing,PRC DELEGATED CO-COMMISSIONING,DR NOBLE & PARTNERS,25655181,"1,513.62",,WOM000010314
Department of Health,NHS Wolverhampton CCG,1/31/2019,C&M-GMS QOF Aspiration,PRC DELEGATED CO-COMMISSIONING,DR NOBLE & PARTNERS,25655181,"6,358.91",,WOM000010314
Department of Health,NHS Wolverhampton CCG,1/31/2019,C&M-GMS Cost of Drugs -Prescribing,LOCAL ENHANCED SERVICES,DR MORGAN & PARTNERS,25655183,"12,909.51",,WOM000010316
Department of Health,NHS Wolverhampton CCG,1/31/2019,C&M-GMS Global Sum,PRC DELEGATED CO-COMMISSIONING,DR MORGAN & PARTNERS,25655183,"110,887.58",,WOM000010316
Department of Health,NHS Wolverhampton CCG,1/31/2019,C&M-GMS MPIG Correction Factor,PRC DELEGATED CO-COMMISSIONING,DR MORGAN & PARTNERS,25655183,79.58,,WOM000010316
Department of Health,NHS Wolverhampton CCG,1/31/2019,C&M-GMS PCO Locum Adop/Pat/Mat,PRC DELEGATED CO-COMMISSIONING,DR MORGAN & PARTNERS,25655183,"33,755.24",,WOM000010316
Department of Health,NHS Wolverhampton CCG,1/31/2019,C&M-GMS Prem Healthcentre Rent,PRC DELEGATED CO-COMMISSIONING,DR MORGAN & PARTNERS,25655183,"4,964.58",,WOM000010316
Department of Health,NHS Wolverhampton CCG,1/31/2019,C&M-GMS Prem Notional Rent,PRC DELEGATED CO-COMMISSIONING,DR MORGAN & PARTNERS,25655183,"3,418.33",,WOM000010316
Department of Health,NHS Wolverhampton CCG,1/31/2019,C&M-GMS Prof Fees Prescribing,PRC DELEGATED CO-COMMISSIONING,DR MORGAN & PARTNERS,25655183,"3,541.57",,WOM000010316
Department of Health,NHS Wolverhampton CCG,1/31/2019,C&M-GMS QOF Aspiration,PRC DELEGATED CO-COMMISSIONING,DR MORGAN & PARTNERS,25655183,"12,719.10",,WOM000010316
Department of Health,NHS Wolverhampton CCG,1/31/2019,C&M-GMS Cost of Drugs -Prescribing,LOCAL ENHANCED SERVICES,DR RICHARDSON & PARTNERS WOLVERHAMPTON,25655184,"3,392.24",,WOM000010317
Department of Health,NHS Wolverhampton CCG,1/31/2019,C&M-GMS Global Sum,PRC DELEGATED CO-COMMISSIONING,DR RICHARDSON & PARTNERS WOLVERHAMPTON,25655184,"66,660.90",,WOM000010317
Department of Health,NHS Wolverhampton CCG,1/31/2019,C&M-GMS Other FDR Payment,PRC DELEGATED CO-COMMISSIONING,DR RICHARDSON & PARTNERS WOLVERHAMPTON,25655184,"5,431.57",,WOM000010317
Department of Health,NHS Wolverhampton CCG,1/31/2019,C&M-GMS Prem Notional Rent,PRC DELEGATED CO-COMMISSIONING,DR RICHARDSON & PARTNERS WOLVERHAMPTON,25655184,"4,296.67",,WOM000010317
Department of Health,NHS Wolverhampton CCG,1/31/2019,C&M-GMS Prof Fees Prescribing,PRC DELEGATED CO-COMMISSIONING,DR RICHARDSON & PARTNERS WOLVERHAMPTON,25655184,732.45,,WOM000010317
Department of Health,NHS Wolverhampton CCG,1/31/2019,C&M-GMS QOF Aspiration,PRC DELEGATED CO-COMMISSIONING,DR RICHARDSON & PARTNERS WOLVERHAMPTON,25655184,"5,624.42",,WOM000010317
Department of Health,NHS Wolverhampton CCG,1/31/2019,C&M-PMS Contract Value,PRC DELEGATED CO-COMMISSIONING,ETTINGSHALL MEDICAL CENTRE,25655185,"63,277.13",,WOM000010318
Department of Health,NHS Wolverhampton CCG,1/31/2019,C&M-PMS Cost of Drugs -Prescribing,LOCAL ENHANCED SERVICES,ETTINGSHALL MEDICAL CENTRE,25655185,"3,135.15",,WOM000010318
Department of Health,NHS Wolverhampton CCG,1/31/2019,C&M-PMS Prem Healthcentre Rent,PRC DELEGATED CO-COMMISSIONING,ETTINGSHALL MEDICAL CENTRE,25655185,"14,524.33",,WOM000010318
Department of Health,NHS Wolverhampton CCG,1/31/2019,C&M-PMS Prof fees Prescribing,PRC DELEGATED CO-COMMISSIONING,ETTINGSHALL MEDICAL CENTRE,25655185,804.41,,WOM000010318
Department of Health,NHS Wolverhampton CCG,1/31/2019,C&M-PMS QOF Aspiration,PRC DELEGATED CO-COMMISSIONING,ETTINGSHALL MEDICAL CENTRE,25655185,"3,799.32",,WOM000010318
Department of Health,NHS Wolverhampton CCG,1/31/2019,ME - PMS GP Prior Year ERs,PRC DELEGATED CO-COMMISSIONING,ETTINGSHALL MEDICAL CENTRE,25655185,82.78,,WOM000010318
Department of Health,NHS Wolverhampton CCG,1/31/2019,ME-PMS GP Prior Year EEs,PRC DELEGATED CO-COMMISSIONING,ETTINGSHALL MEDICAL CENTRE,25655185,38.44,,WOM000010318
Department of Health,NHS Wolverhampton CCG,1/31/2019,C&M-GMS Cost of Drugs -Prescribing,LOCAL ENHANCED SERVICES,GEORGE & RAJCHOLAN,25655187,"2,840.72",,WOM000010321
Department of Health,NHS Wolverhampton CCG,1/31/2019,C&M-GMS Global Sum,PRC DELEGATED CO-COMMISSIONING,GEORGE & RAJCHOLAN,25655187,"30,348.12",,WOM000010321
Department of Health,NHS Wolverhampton CCG,1/31/2019,C&M-GMS PCO Other,PRC DELEGATED CO-COMMISSIONING,GEORGE & RAJCHOLAN,25655187,"2,862.00",,WOM000010321
Department of Health,NHS Wolverhampton CCG,1/31/2019,C&M-GMS Prem Healthcentre Rent,PRC DELEGATED CO-COMMISSIONING,GEORGE & RAJCHOLAN,25655187,"2,262.50",,WOM000010321
Department of Health,NHS Wolverhampton CCG,1/31/2019,C&M-GMS Prof Fees Prescribing,PRC DELEGATED CO-COMMISSIONING,GEORGE & RAJCHOLAN,25655187,735.02,,WOM000010321
Department of Health,NHS Wolverhampton CCG,1/31/2019,C&M-GMS QOF Aspiration,PRC DELEGATED CO-COMMISSIONING,GEORGE & RAJCHOLAN,25655187,"3,433.13",,WOM000010321
Department of Health,NHS Wolverhampton CCG,1/31/2019,C&M-GMS Cost of Drugs -Prescribing,LOCAL ENHANCED SERVICES,HIBBS & PARTNERS,25655191,"9,526.84",,WOM000010325
Department of Health,NHS Wolverhampton CCG,1/31/2019,C&M-GMS Global Sum,PRC DELEGATED CO-COMMISSIONING,HIBBS & PARTNERS,25655191,"96,889.75",,WOM000010325
Department of Health,NHS Wolverhampton CCG,1/31/2019,C&M-GMS Prem Healthcentre Rent,PRC DELEGATED CO-COMMISSIONING,HIBBS & PARTNERS,25655191,"2,016.67",,WOM000010325
Department of Health,NHS Wolverhampton CCG,1/31/2019,C&M-GMS Prem Notional Rent,PRC DELEGATED CO-COMMISSIONING,HIBBS & PARTNERS,25655191,"3,879.17",,WOM000010325
Department of Health,NHS Wolverhampton CCG,1/31/2019,C&M-GMS Prof Fees Prescribing,PRC DELEGATED CO-COMMISSIONING,HIBBS & PARTNERS,25655191,"2,356.85",,WOM000010325
Department of Health,NHS Wolverhampton CCG,1/31/2019,C&M-GMS QOF Aspiration,PRC DELEGATED CO-COMMISSIONING,HIBBS & PARTNERS,25655191,"11,569.04",,WOM000010325
Department of Health,NHS Wolverhampton CCG,1/31/2019,ME - GMS GP Prior Year ERs,PRC DELEGATED CO-COMMISSIONING,HIBBS & PARTNERS,25655191,"13,644.65",,WOM000010325
Department of Health,NHS Wolverhampton CCG,1/31/2019,ME-GMS GP Prior Year EEs,PRC DELEGATED CO-COMMISSIONING,HIBBS & PARTNERS,25655191,"12,697.33",,WOM000010325
Department of Health,NHS Wolverhampton CCG,1/31/2019,C&M-GMS Cost of Drugs -Prescribing,LOCAL ENHANCED SERVICES,KEHLER AUNG & NAZ,25655193,"3,784.37",,WOM000010329
Department of Health,NHS Wolverhampton CCG,1/31/2019,C&M-GMS Global Sum,PRC DELEGATED CO-COMMISSIONING,KEHLER AUNG & NAZ,25655193,"45,594.10",,WOM000010329
Department of Health,NHS Wolverhampton CCG,1/31/2019,C&M-GMS Prem Actual Rent,PRC DELEGATED CO-COMMISSIONING,KEHLER AUNG & NAZ,25655193,"7,259.58",,WOM000010329
Department of Health,NHS Wolverhampton CCG,1/31/2019,C&M-GMS Prof Fees Prescribing,PRC DELEGATED CO-COMMISSIONING,KEHLER AUNG & NAZ,25655193,"1,125.66",,WOM000010329
Department of Health,NHS Wolverhampton CCG,1/31/2019,C&M-GMS QOF Aspiration,PRC DELEGATED CO-COMMISSIONING,KEHLER AUNG & NAZ,25655193,"4,854.35",,WOM000010329
Department of Health,NHS Wolverhampton CCG,1/31/2019,C&M-GMS Cost of Drugs -Prescribing,LOCAL ENHANCED SERVICES,KRISHAN,25655195,"14,743.97",,WOM000010331
Department of Health,NHS Wolverhampton CCG,1/31/2019,C&M-GMS Global Sum,PRC DELEGATED CO-COMMISSIONING,KRISHAN,25655195,"62,870.34",,WOM000010331
Department of Health,NHS Wolverhampton CCG,1/31/2019,C&M-GMS Other FDR Payment,PRC DELEGATED CO-COMMISSIONING,KRISHAN,25655195,"7,117.96",,WOM000010331
Department of Health,NHS Wolverhampton CCG,1/31/2019,C&M-GMS Prem Notional Rent,PRC DELEGATED CO-COMMISSIONING,KRISHAN,25655195,"5,515.42",,WOM000010331
Department of Health,NHS Wolverhampton CCG,1/31/2019,C&M-GMS Prof Fees Prescribing,PRC DELEGATED CO-COMMISSIONING,KRISHAN,25655195,"3,259.60",,WOM000010331
Department of Health,NHS Wolverhampton CCG,1/31/2019,C&M-GMS QOF Aspiration,PRC DELEGATED CO-COMMISSIONING,KRISHAN,25655195,"5,418.68",,WOM000010331
Department of Health,NHS Wolverhampton CCG,1/31/2019,C&M-GMS Cost of Drugs -Prescribing,LOCAL ENHANCED SERVICES,KHARWADKAR,25655197,"1,537.91",,WOM000010333
Department of Health,NHS Wolverhampton CCG,1/31/2019,C&M-GMS Global Sum,PRC DELEGATED CO-COMMISSIONING,KHARWADKAR,25655197,"21,709.65",,WOM000010333
Department of Health,NHS Wolverhampton CCG,1/31/2019,C&M-GMS MPIG Correction Factor,PRC DELEGATED CO-COMMISSIONING,KHARWADKAR,25655197,610.53,,WOM000010333
Department of Health,NHS Wolverhampton CCG,1/31/2019,C&M-GMS Prem Healthcentre Rent,PRC DELEGATED CO-COMMISSIONING,KHARWADKAR,25655197,895.17,,WOM000010333
Department of Health,NHS Wolverhampton CCG,1/31/2019,C&M-GMS Prem Notional Rent,PRC DELEGATED CO-COMMISSIONING,KHARWADKAR,25655197,"1,183.34",,WOM000010333
Department of Health,NHS Wolverhampton CCG,1/31/2019,C&M-GMS Prof Fees Prescribing,PRC DELEGATED CO-COMMISSIONING,KHARWADKAR,25655197,375.22,,WOM000010333
Department of Health,NHS Wolverhampton CCG,1/31/2019,C&M-GMS QOF Aspiration,PRC DELEGATED CO-COMMISSIONING,KHARWADKAR,25655197,"2,455.16",,WOM000010333
Department of Health,NHS Wolverhampton CCG,1/31/2019,C&M-GMS Cost of Drugs -Prescribing,LOCAL ENHANCED SERVICES,LUCKRAFT & PARTNERS,25655198,"9,212.22",,WOM000010334
Department of Health,NHS Wolverhampton CCG,1/31/2019,C&M-GMS Global Sum,PRC DELEGATED CO-COMMISSIONING,LUCKRAFT & PARTNERS,25655198,"68,674.33",,WOM000010334
Department of Health,NHS Wolverhampton CCG,1/31/2019,C&M-GMS Prem Healthcentre Rent,PRC DELEGATED CO-COMMISSIONING,LUCKRAFT & PARTNERS,25655198,"6,573.58",,WOM000010334
Department of Health,NHS Wolverhampton CCG,1/31/2019,C&M-GMS Prof Fees Prescribing,PRC DELEGATED CO-COMMISSIONING,LUCKRAFT & PARTNERS,25655198,"2,389.14",,WOM000010334
Department of Health,NHS Wolverhampton CCG,1/31/2019,C&M-GMS QOF Aspiration,PRC DELEGATED CO-COMMISSIONING,LUCKRAFT & PARTNERS,25655198,"7,779.68",,WOM000010334
Department of Health,NHS Wolverhampton CCG,1/31/2019,C&M-GMS Cost of Drugs -Prescribing,LOCAL ENHANCED SERVICES,MS KAINTH,25655200,"1,438.56",,WOM000010337
Department of Health,NHS Wolverhampton CCG,1/31/2019,C&M-GMS Global Sum,PRC DELEGATED CO-COMMISSIONING,MS KAINTH,25655200,"23,886.32",,WOM000010337
Department of Health,NHS Wolverhampton CCG,1/31/2019,C&M-GMS Prem Actual Rent,PRC DELEGATED CO-COMMISSIONING,MS KAINTH,25655200,"1,041.67",,WOM000010337
Department of Health,NHS Wolverhampton CCG,1/31/2019,C&M-GMS Prof Fees Prescribing,PRC DELEGATED CO-COMMISSIONING,MS KAINTH,25655200,156.77,,WOM000010337
Department of Health,NHS Wolverhampton CCG,1/31/2019,C&M-GMS QOF Aspiration,PRC DELEGATED CO-COMMISSIONING,MS KAINTH,25655200,"2,930.18",,WOM000010337
Department of Health,NHS Wolverhampton CCG,1/31/2019,C&M-GMS Cost of Drugs -Prescribing,LOCAL ENHANCED SERVICES,MUDIGONDA,25655202,"2,476.39",,WOM000010339
Department of Health,NHS Wolverhampton CCG,1/31/2019,C&M-GMS Global Sum,PRC DELEGATED CO-COMMISSIONING,MUDIGONDA,25655202,"28,443.65",,WOM000010339
Department of Health,NHS Wolverhampton CCG,1/31/2019,C&M-GMS Prem Healthcentre Rent,PRC DELEGATED CO-COMMISSIONING,MUDIGONDA,25655202,"1,900.58",,WOM000010339
Department of Health,NHS Wolverhampton CCG,1/31/2019,C&M-GMS Prof Fees Prescribing,PRC DELEGATED CO-COMMISSIONING,MUDIGONDA,25655202,709.32,,WOM000010339
Department of Health,NHS Wolverhampton CCG,1/31/2019,C&M-GMS QOF Aspiration,PRC DELEGATED CO-COMMISSIONING,MUDIGONDA,25655202,"3,102.27",,WOM000010339
Department of Health,NHS Wolverhampton CCG,1/31/2019,C&M-GMS Cost of Drugs -Prescribing,LOCAL ENHANCED SERVICES,POPLARS MEDICAL PRACTICE,25655203,910.42,,WOM000010341
Department of Health,NHS Wolverhampton CCG,1/31/2019,C&M-GMS Global Sum,PRC DELEGATED CO-COMMISSIONING,POPLARS MEDICAL PRACTICE,25655203,"24,995.09",,WOM000010341
Department of Health,NHS Wolverhampton CCG,1/31/2019,C&M-GMS Prem Notional Rent,PRC DELEGATED CO-COMMISSIONING,POPLARS MEDICAL PRACTICE,25655203,"1,912.50",,WOM000010341
Department of Health,NHS Wolverhampton CCG,1/31/2019,C&M-GMS Prem Water Rates,PRC DELEGATED CO-COMMISSIONING,POPLARS MEDICAL PRACTICE,25655203,50.35,,WOM000010341
Department of Health,NHS Wolverhampton CCG,1/31/2019,C&M-GMS Prof Fees Prescribing,PRC DELEGATED CO-COMMISSIONING,POPLARS MEDICAL PRACTICE,25655203,323.82,,WOM000010341
Department of Health,NHS Wolverhampton CCG,1/31/2019,C&M-GMS QOF Aspiration,PRC DELEGATED CO-COMMISSIONING,POPLARS MEDICAL PRACTICE,25655203,"2,762.11",,WOM000010341
Department of Health,NHS Wolverhampton CCG,1/31/2019,C&M-GMS Cost of Drugs -Prescribing,LOCAL ENHANCED SERVICES,PEACOCK & PARTNERS,25655205,"6,897.59",,WOM000010343
Department of Health,NHS Wolverhampton CCG,1/31/2019,C&M-GMS Global Sum,PRC DELEGATED CO-COMMISSIONING,PEACOCK & PARTNERS,25655205,"51,949.68",,WOM000010343
Department of Health,NHS Wolverhampton CCG,1/31/2019,C&M-GMS MPIG Correction Factor,PRC DELEGATED CO-COMMISSIONING,PEACOCK & PARTNERS,25655205,338.34,,WOM000010343
Department of Health,NHS Wolverhampton CCG,1/31/2019,C&M-GMS Prem Notional Rent,PRC DELEGATED CO-COMMISSIONING,PEACOCK & PARTNERS,25655205,"2,098.33",,WOM000010343
Department of Health,NHS Wolverhampton CCG,1/31/2019,C&M-GMS Prof Fees Prescribing,PRC DELEGATED CO-COMMISSIONING,PEACOCK & PARTNERS,25655205,"1,598.54",,WOM000010343
Department of Health,NHS Wolverhampton CCG,1/31/2019,C&M-GMS QOF Aspiration,PRC DELEGATED CO-COMMISSIONING,PEACOCK & PARTNERS,25655205,"5,685.46",,WOM000010343
Department of Health,NHS Wolverhampton CCG,1/31/2019,C&M-PMS Contract Value,PRC DELEGATED CO-COMMISSIONING,PROBERT ROAD SURGERY,25655207,"31,429.47",,WOM000010345
Department of Health,NHS Wolverhampton CCG,1/31/2019,C&M-PMS Cost of Drugs -Prescribing,LOCAL ENHANCED SERVICES,PROBERT ROAD SURGERY,25655207,"2,086.00",,WOM000010345
Department of Health,NHS Wolverhampton CCG,1/31/2019,C&M-PMS Prem Actual Rent,PRC DELEGATED CO-COMMISSIONING,PROBERT ROAD SURGERY,25655207,"2,267.50",,WOM000010345
Department of Health,NHS Wolverhampton CCG,1/31/2019,C&M-PMS Prof fees Prescribing,PRC DELEGATED CO-COMMISSIONING,PROBERT ROAD SURGERY,25655207,454.89,,WOM000010345
Department of Health,NHS Wolverhampton CCG,1/31/2019,C&M-PMS QOF Aspiration,PRC DELEGATED CO-COMMISSIONING,PROBERT ROAD SURGERY,25655207,"2,845.91",,WOM000010345
Department of Health,NHS Wolverhampton CCG,1/31/2019,C&M-PMS Contract Value,PRC DELEGATED CO-COMMISSIONING,SHOWELL PARK HEALTH & WALK IN CENTRE,25655209,"31,200.00",,WOM000010347
Department of Health,NHS Wolverhampton CCG,1/31/2019,C&M-PMS QOF Aspiration,PRC DELEGATED CO-COMMISSIONING,SHOWELL PARK HEALTH & WALK IN CENTRE,25655209,"3,276.30",,WOM000010347
Department of Health,NHS Wolverhampton CCG,1/31/2019,C&M-GMS Cost of Drugs -Prescribing,LOCAL ENHANCED SERVICES,VIJ VIJ RIKHI & MOHINDROO,25655212,"5,580.06",,WOM000010350
Department of Health,NHS Wolverhampton CCG,1/31/2019,C&M-GMS Global Sum,PRC DELEGATED CO-COMMISSIONING,VIJ VIJ RIKHI & MOHINDROO,25655212,"102,024.13",,WOM000010350
Department of Health,NHS Wolverhampton CCG,1/31/2019,C&M-GMS Prem Healthcentre Rent,PRC DELEGATED CO-COMMISSIONING,VIJ VIJ RIKHI & MOHINDROO,25655212,"4,114.33",,WOM000010350
Department of Health,NHS Wolverhampton CCG,1/31/2019,C&M-GMS Prem Notional Rent,PRC DELEGATED CO-COMMISSIONING,VIJ VIJ RIKHI & MOHINDROO,25655212,"1,029.17",,WOM000010350
Department of Health,NHS Wolverhampton CCG,1/31/2019,C&M-GMS Prof Fees Prescribing,PRC DELEGATED CO-COMMISSIONING,VIJ VIJ RIKHI & MOHINDROO,25655212,"1,297.85",,WOM000010350
Department of Health,NHS Wolverhampton CCG,1/31/2019,C&M-GMS QOF Aspiration,PRC DELEGATED CO-COMMISSIONING,VIJ VIJ RIKHI & MOHINDROO,25655212,"10,418.93",,WOM000010350
Department of Health,NHS Wolverhampton CCG,1/31/2019,C&M-GMS Cost of Drugs -Prescribing,LOCAL ENHANCED SERVICES,WAGSTAFF & PARTNERS,25655214,"12,967.27",,WOM000010352
Department of Health,NHS Wolverhampton CCG,1/31/2019,C&M-GMS Global Sum,PRC DELEGATED CO-COMMISSIONING,WAGSTAFF & PARTNERS,25655214,"93,074.10",,WOM000010352
Department of Health,NHS Wolverhampton CCG,1/31/2019,C&M-GMS Other FDR Payment,PRC DELEGATED CO-COMMISSIONING,WAGSTAFF & PARTNERS,25655214,"4,985.48",,WOM000010352
Department of Health,NHS Wolverhampton CCG,1/31/2019,C&M-GMS Prem Actual Rent,PRC DELEGATED CO-COMMISSIONING,WAGSTAFF & PARTNERS,25655214,"22,573.64",,WOM000010352
Department of Health,NHS Wolverhampton CCG,1/31/2019,C&M-GMS Prof Fees Prescribing,PRC DELEGATED CO-COMMISSIONING,WAGSTAFF & PARTNERS,25655214,"2,963.66",,WOM000010352
Department of Health,NHS Wolverhampton CCG,1/31/2019,C&M-GMS QOF Aspiration,PRC DELEGATED CO-COMMISSIONING,WAGSTAFF & PARTNERS,25655214,"8,422.55",,WOM000010352
Department of Health,NHS Wolverhampton CCG,1/31/2019,C&M-GMS Cost of Drugs -Prescribing,LOCAL ENHANCED SERVICES,WILLIAMS DE ROSA & ELCOCK,25655215,"4,662.23",,WOM000010353
Department of Health,NHS Wolverhampton CCG,1/31/2019,C&M-GMS Global Sum,PRC DELEGATED CO-COMMISSIONING,WILLIAMS DE ROSA & ELCOCK,25655215,"32,140.36",,WOM000010353
Department of Health,NHS Wolverhampton CCG,1/31/2019,C&M-GMS Prem Actual Rent,PRC DELEGATED CO-COMMISSIONING,WILLIAMS DE ROSA & ELCOCK,25655215,"1,020.83",,WOM000010353
Department of Health,NHS Wolverhampton CCG,1/31/2019,C&M-GMS Prof Fees Prescribing,PRC DELEGATED CO-COMMISSIONING,WILLIAMS DE ROSA & ELCOCK,25655215,"1,159.07",,WOM000010353
Department of Health,NHS Wolverhampton CCG,1/31/2019,C&M-GMS QOF Aspiration,PRC DELEGATED CO-COMMISSIONING,WILLIAMS DE ROSA & ELCOCK,25655215,"3,714.43",,WOM000010353
Department of Health,NHS Wolverhampton CCG,1/31/2019,ME - GMS GP Prior Year ERs,PRC DELEGATED CO-COMMISSIONING,WILLIAMS DE ROSA & ELCOCK,25655215,"1,119.60",,WOM000010353
Department of Health,NHS Wolverhampton CCG,1/31/2019,ME-GMS GP Prior Year EEs,PRC DELEGATED CO-COMMISSIONING,WILLIAMS DE ROSA & ELCOCK,25655215,"1,056.90",,WOM000010353
Department of Health,NHS Wolverhampton CCG,1/31/2019,C&M-GMS Cost of Drugs -Prescribing,LOCAL ENHANCED SERVICES,WHITE & PARTNERS,25655217,"11,002.89",,WOM000010355
Department of Health,NHS Wolverhampton CCG,1/31/2019,C&M-GMS Global Sum,PRC DELEGATED CO-COMMISSIONING,WHITE & PARTNERS,25655217,"83,199.04",,WOM000010355
Department of Health,NHS Wolverhampton CCG,1/31/2019,C&M-GMS Other FDR Payment,PRC DELEGATED CO-COMMISSIONING,WHITE & PARTNERS,25655217,"4,438.75",,WOM000010355
Department of Health,NHS Wolverhampton CCG,1/31/2019,C&M-GMS Prem Actual Rent,PRC DELEGATED CO-COMMISSIONING,WHITE & PARTNERS,25655217,"5,441.67",,WOM000010355
Department of Health,NHS Wolverhampton CCG,1/31/2019,C&M-GMS Prem Water Rates,PRC DELEGATED CO-COMMISSIONING,WHITE & PARTNERS,25655217,432.16,,WOM000010355
Department of Health,NHS Wolverhampton CCG,1/31/2019,C&M-GMS Prof Fees Prescribing,PRC DELEGATED CO-COMMISSIONING,WHITE & PARTNERS,25655217,"2,523.99",,WOM000010355
Department of Health,NHS Wolverhampton CCG,1/31/2019,C&M-GMS QOF Aspiration,PRC DELEGATED CO-COMMISSIONING,WHITE & PARTNERS,25655217,"8,962.41",,WOM000010355
Department of Health,NHS Wolverhampton CCG,1/31/2019,C&M-GMS Cost of Drugs -Prescribing,LOCAL ENHANCED SERVICES,DR SHARMA`S PRACTICE,25655222,"3,652.99",,WOM000010361
Department of Health,NHS Wolverhampton CCG,1/31/2019,C&M-GMS Global Sum,PRC DELEGATED CO-COMMISSIONING,DR SHARMA`S PRACTICE,25655222,"26,231.52",,WOM000010361
Department of Health,NHS Wolverhampton CCG,1/31/2019,C&M-GMS Prem Healthcentre Rent,PRC DELEGATED CO-COMMISSIONING,DR SHARMA`S PRACTICE,25655222,"2,032.67",,WOM000010361
Department of Health,NHS Wolverhampton CCG,1/31/2019,C&M-GMS Prof Fees Prescribing,PRC DELEGATED CO-COMMISSIONING,DR SHARMA`S PRACTICE,25655222,717.03,,WOM000010361
Department of Health,NHS Wolverhampton CCG,1/31/2019,C&M-GMS QOF Aspiration,PRC DELEGATED CO-COMMISSIONING,DR SHARMA`S PRACTICE,25655222,"2,741.78",,WOM000010361
Department of Health,NHS Wolverhampton CCG,1/31/2019,C&M-GMS Cost of Drugs -Prescribing,LOCAL ENHANCED SERVICES,DRS VENKATARAMANAN & MOHINDROO,25655224,"29,204.99",,WOM000010363
Department of Health,NHS Wolverhampton CCG,1/31/2019,C&M-GMS DES Extended Hours Access,PRC DELEGATED CO-COMMISSIONING,DRS VENKATARAMANAN & MOHINDROO,25655224,"1,753.85",,WOM000010363
Department of Health,NHS Wolverhampton CCG,1/31/2019,C&M-GMS DES Minor Surgery,PRC DELEGATED CO-COMMISSIONING,DRS VENKATARAMANAN & MOHINDROO,25655224,174.16,,WOM000010363
Department of Health,NHS Wolverhampton CCG,1/31/2019,C&M-GMS Global Sum,PRC DELEGATED CO-COMMISSIONING,DRS VENKATARAMANAN & MOHINDROO,25655224,"167,461.89",,WOM000010363
Department of Health,NHS Wolverhampton CCG,1/31/2019,C&M-GMS MPIG Correction Factor,PRC DELEGATED CO-COMMISSIONING,DRS VENKATARAMANAN & MOHINDROO,25655224,942.62,,WOM000010363
Department of Health,NHS Wolverhampton CCG,1/31/2019,C&M-GMS Prem Notional Rent,PRC DELEGATED CO-COMMISSIONING,DRS VENKATARAMANAN & MOHINDROO,25655224,"8,507.49",,WOM000010363
Department of Health,NHS Wolverhampton CCG,1/31/2019,C&M-GMS Prof Fees Prescribing,PRC DELEGATED CO-COMMISSIONING,DRS VENKATARAMANAN & MOHINDROO,25655224,"7,570.00",,WOM000010363
Department of Health,NHS Wolverhampton CCG,1/31/2019,C&M-GMS QOF Aspiration,PRC DELEGATED CO-COMMISSIONING,DRS VENKATARAMANAN & MOHINDROO,25655224,"15,019.05",,WOM000010363
Department of Health,NHS Wolverhampton CCG,1/31/2019,C&M-GMS Cost of Drugs -Prescribing,LOCAL ENHANCED SERVICES,DR G DHILLON AND A NANDANAVANAM,25655237,"3,981.62",,WOM000010304
Department of Health,NHS Wolverhampton CCG,1/31/2019,C&M-GMS Global Sum,PRC DELEGATED CO-COMMISSIONING,DR G DHILLON AND A NANDANAVANAM,25655237,"35,678.08",,WOM000010304
Department of Health,NHS Wolverhampton CCG,1/31/2019,C&M-GMS MPIG Correction Factor,PRC DELEGATED CO-COMMISSIONING,DR G DHILLON AND A NANDANAVANAM,25655237,570.85,,WOM000010304
Department of Health,NHS Wolverhampton CCG,1/31/2019,C&M-GMS Prem Healthcentre Rent,PRC DELEGATED CO-COMMISSIONING,DR G DHILLON AND A NANDANAVANAM,25655237,"1,202.67",,WOM000010304
Department of Health,NHS Wolverhampton CCG,1/31/2019,C&M-GMS Prem Notional Rent,PRC DELEGATED CO-COMMISSIONING,DR G DHILLON AND A NANDANAVANAM,25655237,"1,456.25",,WOM000010304
Department of Health,NHS Wolverhampton CCG,1/31/2019,C&M-GMS Prof Fees Prescribing,PRC DELEGATED CO-COMMISSIONING,DR G DHILLON AND A NANDANAVANAM,25655237,881.51,,WOM000010304
Department of Health,NHS Wolverhampton CCG,1/31/2019,C&M-GMS QOF Aspiration,PRC DELEGATED CO-COMMISSIONING,DR G DHILLON AND A NANDANAVANAM,25655237,"3,584.45",,WOM000010304
Department of Health,NHS Wolverhampton CCG,1/31/2019,C&M-GMS Cost of Drugs -Prescribing,LOCAL ENHANCED SERVICES,WEST PARK SURGERY,25655238,"2,224.18",,WOM000010319
Department of Health,NHS Wolverhampton CCG,1/31/2019,C&M-GMS Global Sum,PRC DELEGATED CO-COMMISSIONING,WEST PARK SURGERY,25655238,"27,949.36",,WOM000010319
Department of Health,NHS Wolverhampton CCG,1/31/2019,C&M-GMS Prem Notional Rent,PRC DELEGATED CO-COMMISSIONING,WEST PARK SURGERY,25655238,"1,412.50",,WOM000010319
Department of Health,NHS Wolverhampton CCG,1/31/2019,C&M-GMS Prof Fees Prescribing,PRC DELEGATED CO-COMMISSIONING,WEST PARK SURGERY,25655238,621.94,,WOM000010319
Department of Health,NHS Wolverhampton CCG,1/31/2019,C&M-GMS QOF Aspiration,PRC DELEGATED CO-COMMISSIONING,WEST PARK SURGERY,25655238,"2,576.84",,WOM000010319
Department of Health,NHS Wolverhampton CCG,1/31/2019,C&M-PMS Contract Value,PRC DELEGATED CO-COMMISSIONING,INTRAHEALTH LTD,25655240,"55,576.00",,WOM000010327
Department of Health,NHS Wolverhampton CCG,1/31/2019,C&M-PMS Cost of Drugs -Prescribing,LOCAL ENHANCED SERVICES,INTRAHEALTH LTD,25655240,"1,716.49",,WOM000010327
Department of Health,NHS Wolverhampton CCG,1/31/2019,C&M-PMS Prem Healthcentre Rent,PRC DELEGATED CO-COMMISSIONING,INTRAHEALTH LTD,25655240,"4,393.83",,WOM000010327
Department of Health,NHS Wolverhampton CCG,1/31/2019,C&M-PMS Prof fees Prescribing,PRC DELEGATED CO-COMMISSIONING,INTRAHEALTH LTD,25655240,434.33,,WOM000010327
Department of Health,NHS Wolverhampton CCG,1/31/2019,C&M-PMS QOF Aspiration,PRC DELEGATED CO-COMMISSIONING,INTRAHEALTH LTD,25655240,"2,609.45",,WOM000010327
Department of Health,NHS Wolverhampton CCG,1/31/2019,C&M-GMS Cost of Drugs -Prescribing,LOCAL ENHANCED SERVICES,LEUNG & PARTNERS,25655241,"3,347.93",,WOM000010335
Department of Health,NHS Wolverhampton CCG,1/31/2019,C&M-GMS Global Sum,PRC DELEGATED CO-COMMISSIONING,LEUNG & PARTNERS,25655241,"50,289.76",,WOM000010335
Department of Health,NHS Wolverhampton CCG,1/31/2019,C&M-GMS MPIG Correction Factor,PRC DELEGATED CO-COMMISSIONING,LEUNG & PARTNERS,25655241,134.42,,WOM000010335
Department of Health,NHS Wolverhampton CCG,1/31/2019,C&M-GMS Prem Notional Rent,PRC DELEGATED CO-COMMISSIONING,LEUNG & PARTNERS,25655241,"3,330.00",,WOM000010335
Department of Health,NHS Wolverhampton CCG,1/31/2019,C&M-GMS Prof Fees Prescribing,PRC DELEGATED CO-COMMISSIONING,LEUNG & PARTNERS,25655241,804.41,,WOM000010335
Department of Health,NHS Wolverhampton CCG,1/31/2019,C&M-GMS QOF Aspiration,PRC DELEGATED CO-COMMISSIONING,LEUNG & PARTNERS,25655241,"6,207.57",,WOM000010335
Department of Health,NHS Wolverhampton CCG,1/31/2019,Clinical&Medical-Clinical Other,PRC DELEGATED CO-COMMISSIONING,ROYAL WOLVERHAMPTON HOSPITALS NHS TRUST (THE),25659966,"57,000.00",654947886,0000224038
Department of Health,NHS Wolverhampton CCG,1/31/2019,C&M-PMS Contract Value,PRC DELEGATED CO-COMMISSIONING,BILSTON URBAN VILLAGE MEDICAL CENTRE,25672049,"81,392.00",,WOM000010301
Department of Health,NHS Wolverhampton CCG,1/31/2019,C&M-PMS Cost of Drugs -Prescribing,LOCAL ENHANCED SERVICES,BILSTON URBAN VILLAGE MEDICAL CENTRE,25672049,874.87,,WOM000010301
Department of Health,NHS Wolverhampton CCG,1/31/2019,C&M-PMS DES Learn Dsblty Hlth Chk,PRC DELEGATED CO-COMMISSIONING,BILSTON URBAN VILLAGE MEDICAL CENTRE,25672049,140.00,,WOM000010301
Department of Health,NHS Wolverhampton CCG,1/31/2019,C&M-PMS Prem Healthcentre Rent,PRC DELEGATED CO-COMMISSIONING,BILSTON URBAN VILLAGE MEDICAL CENTRE,25672049,"7,176.67",,WOM000010301
Department of Health,NHS Wolverhampton CCG,1/31/2019,C&M-PMS Prof fees Prescribing,PRC DELEGATED CO-COMMISSIONING,BILSTON URBAN VILLAGE MEDICAL CENTRE,25672049,172.19,,WOM000010301
Department of Health,NHS Wolverhampton CCG,1/31/2019,C&M-PMS QOF Aspiration,PRC DELEGATED CO-COMMISSIONING,BILSTON URBAN VILLAGE MEDICAL CENTRE,25672049,"3,338.80",,WOM000010301
Department of Health,NHS Wolverhampton CCG,1/31/2019,C&M-PMS Contract Value,PRC DELEGATED CO-COMMISSIONING,CANNOCK ROAD MEDICAL PRACTICE,25672050,"45,917.21",,WOM000010359
Department of Health,NHS Wolverhampton CCG,1/31/2019,C&M-PMS Cost of Drugs -Prescribing,LOCAL ENHANCED SERVICES,CANNOCK ROAD MEDICAL PRACTICE,25672050,"6,653.95",,WOM000010359
Department of Health,NHS Wolverhampton CCG,1/31/2019,C&M-PMS DES Learn Dsblty Hlth Chk,PRC DELEGATED CO-COMMISSIONING,CANNOCK ROAD MEDICAL PRACTICE,25672050,"1,680.00",,WOM000010359
Department of Health,NHS Wolverhampton CCG,1/31/2019,C&M-PMS Funding Differential Review,PRC DELEGATED CO-COMMISSIONING,CANNOCK ROAD MEDICAL PRACTICE,25672050,"5,559.22",,WOM000010359
Department of Health,NHS Wolverhampton CCG,1/31/2019,C&M-PMS PCO Locum Adop/Pat/Mat,PRC DELEGATED CO-COMMISSIONING,CANNOCK ROAD MEDICAL PRACTICE,25672050,"9,480.90",,WOM000010359
Department of Health,NHS Wolverhampton CCG,1/31/2019,C&M-PMS Prem Notional Rent,PRC DELEGATED CO-COMMISSIONING,CANNOCK ROAD MEDICAL PRACTICE,25672050,"1,587.50",,WOM000010359
Department of Health,NHS Wolverhampton CCG,1/31/2019,C&M-PMS Prof fees Prescribing,PRC DELEGATED CO-COMMISSIONING,CANNOCK ROAD MEDICAL PRACTICE,25672050,"1,463.39",,WOM000010359
Department of Health,NHS Wolverhampton CCG,1/31/2019,C&M-PMS QOF Aspiration,PRC DELEGATED CO-COMMISSIONING,CANNOCK ROAD MEDICAL PRACTICE,25672050,"4,665.62",,WOM000010359
Department of Health,NHS Wolverhampton CCG,1/31/2019,ME-PMS GP Prior Year EEs,PRC DELEGATED CO-COMMISSIONING,CANNOCK ROAD MEDICAL PRACTICE,25672050,460.00,,WOM000010359
Department of Health,NHS Wolverhampton CCG,1/31/2019,Prescribing Incentives,PRESCRIBING,ROYAL WOLVERHAMPTON HOSPITALS NHS TRUST (THE),25673782,"60,527.45",654947886,0000224686
Department of Health,NHS Wolverhampton CCG,1/31/2019,Computer Hardware Purch,PRIMARY CARE IT,DELL CORPORATION LTD,25684439,"23,854.00",635823528,7402496658
Department of Health,NHS Wolverhampton CCG,1/31/2019,Clinical&Medical-Devolved Admin'n,NCAS/OATS,HYWEL DDA UNIVERSITY HEALTH BOARD,25694679,"28,247.00",654439658,4053945
Department of Health,NHS Wolverhampton CCG,1/31/2019,Hcare Srv Rec NHS Trust-Non Contract,NCAS/OATS,NORTHAMPTON GENERAL HOSPITAL NHS TRUST,25694752,"27,324.12",654933707,N0002609
Department of Health,NHS Wolverhampton CCG,1/31/2019,Hcare Srv Rec NHS Trust-Contract Baseline,MENTAL HEALTH CONTRACTS,DUDLEY AND WALSALL MENTAL HEALTH PARTNERSHIP NHS TRUST,25735162,"86,108.00",654439224,0010005533
Department of Health,NHS Wolverhampton CCG,1/31/2019,Hcare Srv Rec NHS Trust-Contract Baseline,MENTAL HEALTH CONTRACTS,DUDLEY AND WALSALL MENTAL HEALTH PARTNERSHIP NHS TRUST,25735170,"86,108.00",654439224,0010005535
Department of Health,NHS Wolverhampton CCG,1/31/2019,Hcare Srv Rec NHS Trust-Contract Baseline,MENTAL HEALTH CONTRACTS,DUDLEY AND WALSALL MENTAL HEALTH PARTNERSHIP NHS TRUST,25735174,"86,108.00",654439224,0010005534
Department of Health,NHS Wolverhampton CCG,1/31/2019,Clinical&Medical-Serv Recd-F Trsts,PATIENT TRANSPORT,WEST MIDLANDS AMBULANCE SERVICE NHS FOUNDATION TRUST,25735177,"78,537.41",GB654950708,C0003788
Department of Health,NHS Wolverhampton CCG,1/31/2019,Hcare Srv Rec NHS Trust-Contract Baseline,MENTAL HEALTH CONTRACTS,DUDLEY AND WALSALL MENTAL HEALTH PARTNERSHIP NHS TRUST,25735182,"86,108.00",654439224,0010005698
Department of Health,NHS Wolverhampton CCG,1/31/2019,Clinical&Medical-Voluntary Sector,WINTER PRESSURES,P3,25735238,"27,385.00",,INVS004959
Department of Health,NHS Wolverhampton CCG,1/31/2019,Audit Fees: Internal,CEO/ BOARD OFFICE,PRICEWATERHOUSECOOPERS LLP,25737664,"55,764.00",GB243823957,1355067858
Department of Health,NHS Wolverhampton CCG,1/31/2019,Hcare Srv Rec NHS Trust-Non Contract,ACUTE COMMISSIONING,ROYAL WOLVERHAMPTON HOSPITALS NHS TRUST (THE),25754627,"(149,600.00)",654947886,0000016046
Department of Health,NHS Wolverhampton CCG,1/31/2019,Hcare Srv Rec Fdtn Trust-Non Contract,MENTAL HEALTH SERVICES - NOT CONTRACTED ACTIVITY,BIRMINGHAM WOMENS AND CHILDRENS NHS FOUNDATION TRUST,25770753,"28,181.70",654964300,15702560
Department of Health,NHS Wolverhampton CCG,1/31/2019,Clinical&Medical-Othe Public Sector,Mental Health Services - S117 Mental Health,WOLVERHAMPTON CITY COUNCIL,25770773,"95,301.25",101268711,6002697986
Department of Health,NHS Wolverhampton CCG,1/31/2019,Clinical&Medical-Othe Public Sector,Learning Difficulties - S117,WOLVERHAMPTON CITY COUNCIL,25770775,"55,908.76",101268711,6002697995
Department of Health,NHS Wolverhampton CCG,1/31/2019,Clinical&Medical-Othe Public Sector,MENTAL HEALTH SERVICES - OTHER,WOLVERHAMPTON CITY COUNCIL,25788909,"30,281.15",101268711,6001493853
Department of Health,NHS Wolverhampton CCG,1/31/2019,External Consultancy Fees,STRATEGY & DEVELOPMENT,CONSULTATION INSTITUTE,25795200,"22,497.50",GB 843467803,65233
Department of Health,NHS Wolverhampton CCG,1/31/2019,Hcare Srv Rec NHS Trust-Non Contract,ACUTE COMMISSIONING,ROYAL WOLVERHAMPTON HOSPITALS NHS TRUST (THE),25798067,"149,600.00",654947886,0000224039
Department of Health,NHS Wolverhampton CCG,1/31/2019,Clinical&Medical-Independent Sector,COMMUNITY SERVICES,CONNECT HEALTH LTD,25798101,"116,952.35",,67523
,,,,,,,"31,516,952.14",,
,,,,,,,,,
,,,,,,,,,
,,,,,,,,,
,,,,,,,,,
,,,,,,,,,
,,,,,,,,,
,,,,,,,,,
,,,,,,,,,
,,,,,,,,,
,,,,,,,,,
,,,,,,,,,
,,,,,,,,,
,,,,,,,,,
,,,,,,,,,
,,,,,,,,,
,,,,,,,,,
,,,,,,,,,
,,,,,,,,,
,,,,,,,,,
,,,,,,,,,
,,,,,,,,,
,,,,,,,,,
,,,,,,,,,
,,,,,,,,,
,,,,,,,,,
,,,,,,,,,
,,,,,,,,,
,,,,,,,,,
,,,,,,,,,
,,,,,,,,,
,,,,,,,,,
,,,,,,,,,
,,,,,,,,,
,,,,,,,,,
,,,,,,,,,
,,,,,,,,,
,,,,,,,,,
,,,,,,,,,
,,,,,,,,,
,,,,,,,,,
,,,,,,,,,
,,,,,,,,,
,,,,,,,,,
,,,,,,,,,
,,,,,,,,,
,,,,,,,,,
,,,,,,,,,
,,,,,,,,,
,,,,,,,,,
,,,,,,,,,
,,,,,,,,,
,,,,,,,,,
,,,,,,,,,
,,,,,,,,,
,,,,,,,,,
,,,,,,,,,
,,,,,,,,,
,,,,,,,,,
,,,,,,,,,
,,,,,,,,,
,,,,,,,,,
,,,,,,,,,
,,,,,,,,,
,,,,,,,,,
,,,,,,,,,
,,,,,,,,,
,,,,,,,,,
,,,,,,,,,
,,,,,,,,,
,,,,,,,,,
,,,,,,,,,
,,,,,,,,,
,,,,,,,,,
,,,,,,,,,
,,,,,,,,,
,,,,,,,,,
,,,,,,,,,
,,,,,,,,,
,,,,,,,,,
,,,,,,,,,
,,,,,,,,,
,,,,,,,,,
,,,,,,,,,
,,,,,,,,,
,,,,,,,,,
,,,,,,,,,
,,,,,,,,,
,,,,,,,,,
,,,,,,,,,
,,,,,,,,,
,,,,,,,,,
,,,,,,,,,
,,,,,,,,,
,,,,,,,,,
,,,,,,,,,
,,,,,,,,,
,,,,,,,,,
,,,,,,,,,
,,,,,,,,,
,,,,,,,,,
,,,,,,,,,
,,,,,,,,,
,,,,,,,,,
,,,,,,,,,
,,,,,,,,,
