NHS Wolverhampton CCG,,,,,,,,,,
>25k Expenditure,,,,,,,,,Jul-18,
,,,,,,,,,,
Department family,Entity,Date,Expense Type,Expense area,Supplier,Transaction number,AP Amount (�),VAT registration number,Purchase invoice number,
Department of Health,NHS Wolverhampton CCG,7/31/2018,Hcare Srv Rec Fdtn Trust-Non Contract,MENTAL HEALTH CONTRACTS,BIRMINGHAM & SOLIHULL MENTAL HEALTH NHS FOUNDATION TRUST,22657285,"(154,837.00)",,0000002208,
Department of Health,NHS Wolverhampton CCG,7/31/2018,Hcare Srv Rec Fdtn Trust-Contract Baseline,MENTAL HEALTH CONTRACTS,BLACK COUNTRY PARTNERSHIP NHS FOUNDATION TRUST,22887054,"2,412,976.67",,SLAJUL18-04,
Department of Health,NHS Wolverhampton CCG,7/31/2018,Hcare Srv Rec Fdtn Trust-CQUIN,MENTAL HEALTH CONTRACTS,BLACK COUNTRY PARTNERSHIP NHS FOUNDATION TRUST,22887058,"60,135.67",,CQUNJUL18-04,
Department of Health,NHS Wolverhampton CCG,7/31/2018,Hcare Srv Rec NHS Trust-Prior Year,ACUTE COMMISSIONING,SANDWELL AND WEST BIRMINGHAM HOSPITALS NHS TRUST,22903314,"156,588.00",GB654916216,79063,
Department of Health,NHS Wolverhampton CCG,7/31/2018,Clinical&Medical-Independent Sector,COMMUNITY SERVICES,CONNECT PHYSICAL HEALTH CENTRES LTD,22903317,"146,513.25",,66206,
Department of Health,NHS Wolverhampton CCG,7/31/2018,Clinical&Medical-Independent Sector,COMMUNITY SERVICES,CONNECT PHYSICAL HEALTH CENTRES LTD,22903336,"146,513.25",,66225,
Department of Health,NHS Wolverhampton CCG,7/31/2018,Clinical&Medical-Independent Sector,COMMUNITY SERVICES,CONNECT PHYSICAL HEALTH CENTRES LTD,22916382,"179,386.16",,65808,
Department of Health,NHS Wolverhampton CCG,7/31/2018,Clinical&Medical-Independent Sector,COMMUNITY SERVICES,CONNECT PHYSICAL HEALTH CENTRES LTD,22916450,"(179,386.16)",,50368,
Department of Health,NHS Wolverhampton CCG,7/31/2018,Hcare Srv Rec NHS Trust-Non Contract,NCAS/OATS,LONDON NORTH WEST HEALTHCARE NHS TRUST,22930859,"30,084.00",654463720,A0045656,
Department of Health,NHS Wolverhampton CCG,7/31/2018,Hcare Srv Rec Fdtn Trust-Contract Baseline,ACUTE COMMISSIONING,BIRMINGHAM WOMENS AND CHILDRENS NHS FOUNDATION TRUST,22975407,"71,061.25",,SLAJUL18-02,
Department of Health,NHS Wolverhampton CCG,7/31/2018,Hcare Srv Rec NHS Trust-Contract Baseline,MENTAL HEALTH CONTRACTS,DUDLEY AND WALSALL MENTAL HEALTH PARTNERSHIP NHS TRUST,22975410,"42,742.50",654439224,SLAJUL18-05,
Department of Health,NHS Wolverhampton CCG,7/31/2018,Hcare Srv Rec Fdtn Trust-Contract Baseline,ACUTE COMMISSIONING,DUDLEY GROUP HOSPITALS NHS FOUNDATION TRUST,22975415,"414,556.08",,SLAJUL18-06,
Department of Health,NHS Wolverhampton CCG,7/31/2018,Hcare Srv Rec Fdtn Trust-Contract Baseline,ACUTE COMMISSIONING,UNIVERSITY HOSPITALS BIRMINGHAM NHS FOUNDATION TRUST,22975419,"29,834.17",GB654912816,SLAJUL18-07,
Department of Health,NHS Wolverhampton CCG,7/31/2018,Hcare Srv Rec Fdtn Trust-Contract Baseline,ACUTE COMMISSIONING,ROYAL ORTHOPAEDIC HOSPITAL NHS FOUNDATION TRUST,22975429,"29,973.33",654965296,SLAJUL18-10,
Department of Health,NHS Wolverhampton CCG,7/31/2018,Hcare Srv Rec NHS Trust-Contract Baseline,ACUTE COMMISSIONING,ROYAL WOLVERHAMPTON HOSPITALS NHS TRUST (THE),22975436,"13,393,511.00",,SLAJUL18-11,
Department of Health,NHS Wolverhampton CCG,7/31/2018,Hcare Srv Rec NHS Trust-CQUIN,ACUTE COMMISSIONING,ROYAL WOLVERHAMPTON HOSPITALS NHS TRUST (THE),22975438,"158,441.00",,CQUNJUL18-11,
Department of Health,NHS Wolverhampton CCG,7/31/2018,Hcare Srv Rec NHS Trust-Contract Baseline,ACUTE COMMISSIONING,ROYAL WOLVERHAMPTON HOSPITALS NHS TRUST (THE),22975442,"(26,461.00)",,POLCVJUL18,
Department of Health,NHS Wolverhampton CCG,7/31/2018,Hcare Srv Rec NHS Trust-Contract Baseline,ACUTE COMMISSIONING,ROYAL WOLVERHAMPTON HOSPITALS NHS TRUST (THE),22975448,"(92,250.00)",,CC2HJUL18-11,
Department of Health,NHS Wolverhampton CCG,7/31/2018,Hcare Srv Rec NHS Trust-Contract Baseline,COMMUNITY SERVICES,ROYAL WOLVERHAMPTON HOSPITALS NHS TRUST (THE),22975452,"2,715,184.00",,SLAJUL18-12,
Department of Health,NHS Wolverhampton CCG,7/31/2018,Hcare Srv Rec NHS Trust-CQUIN,COMMUNITY SERVICES,ROYAL WOLVERHAMPTON HOSPITALS NHS TRUST (THE),22975454,"33,940.00",,CQUNJUL18-12,
Department of Health,NHS Wolverhampton CCG,7/31/2018,Hcare Srv Rec NHS Trust-Contract Baseline,ACUTE COMMISSIONING,SANDWELL AND WEST BIRMINGHAM HOSPITALS NHS TRUST,22975456,"72,988.50",GB654916216,SLAJUL18-13,
Department of Health,NHS Wolverhampton CCG,7/31/2018,Hcare Srv Rec NHS Trust-Contract Baseline,ACUTE COMMISSIONING,SHREWSBURY&TELFORD HOSPITAL NHS TRUST,22975461,"32,466.33",,SLAJUL18-14,
Department of Health,NHS Wolverhampton CCG,7/31/2018,Hcare Srv Rec Fdtn Trust-Contract Baseline,ACUTE COMMISSIONING,UNIVERSITY HOSPITALS BIRMINGHAM NHS FOUNDATION TRUST,22975467,"175,232.83",GB654912816,SLAJUL18-17,
Department of Health,NHS Wolverhampton CCG,7/31/2018,Hcare Srv Rec NHS Trust-Contract Baseline,ACUTE COMMISSIONING,UNIVERSITY HOSPITALS OF NORTH MIDLANDS NHS TRUST,22975471,"48,893.92",654932808,SLAJUL18-18,
Department of Health,NHS Wolverhampton CCG,7/31/2018,Hcare Srv Rec NHS Trust-Contract Baseline,ACUTE COMMISSIONING,WALSALL HEALTHCARE NHS TRUST,22975475,"152,176.08",654948981,SLAJUL18-19,
Department of Health,NHS Wolverhampton CCG,7/31/2018,Hcare Srv Rec Fdtn Trust-Contract Baseline,AMBULANCE SERVICES,WEST MIDLANDS AMBULANCE SERVICE NHS FOUNDATION TRUST,22975478,"844,949.50",GB654950708,SLAJUL18-20,
Department of Health,NHS Wolverhampton CCG,7/31/2018,Hcare Srv Rec NHS CCG-Contract Baseline,NHS 111,NHS SANDWELL AND WEST BIRMINGHAM CCG,22975483,"74,161.00",,SLAJUL18-50,
Department of Health,NHS Wolverhampton CCG,7/31/2018,Clinical&Medical-Commercial Sector,ACUTE COMMISSIONING,NUFFIELD HEALTH,22975487,"273,145.00",564291137,SLAJUL18-52,
Department of Health,NHS Wolverhampton CCG,7/31/2018,Charges from CSU,CORPORATE COSTS & SERVICES,NHS MIDLANDS AND LANCASHIRE CSU,22975490,"26,420.81",GB 654442045,SLAJUL18-33,
Department of Health,NHS Wolverhampton CCG,7/31/2018,Charges from CSU,CORPORATE COSTS & SERVICES,NHS ARDEN AND GEM CSU,22975493,"35,809.81",GB526164259,SLAJUL18-46,
Department of Health,NHS Wolverhampton CCG,7/31/2018,Clinical&Medical-Independent Sector,INTERMEDIATE CARE,ACCORD HOUSING ASSOCIATION LTD,22975495,"73,305.00",GB880 9887 56,SLAJUL18-36,
Department of Health,NHS Wolverhampton CCG,7/31/2018,Clinical&Medical-Independent Sector,HOSPICES,COMPTON HOSPICE LTD,22975499,"165,241.00",,SLAJUL18-53,
Department of Health,NHS Wolverhampton CCG,7/31/2018,Clinical&Medical-Commercial Sector,COUNSELLING SERVICES,REMPLOY LTD,22975502,"120,834.00",,IPSJUL18REMP,
Department of Health,NHS Wolverhampton CCG,7/31/2018,Clinical&Medical-Serv Recd-NHS Trst,COUNSELLING SERVICES,DUDLEY AND WALSALL MENTAL HEALTH PARTNERSHIP NHS TRUST,22975505,"60,417.00",654439224,IPSJUL18DWMH,
Department of Health,NHS Wolverhampton CCG,7/31/2018,Clinical&Medical-Commercial Sector,COUNSELLING SERVICES,PROSPECTS,22975507,"60,417.00",,IPSJUL18PROS,
Department of Health,NHS Wolverhampton CCG,7/31/2018,Clinical&Medical-Independent Sector,ACUTE COMMISSIONING,NORTHERN DOCTORS URGENT CARE,22975509,"217,790.00",GB124571918,URGCAREJUL18,
Department of Health,NHS Wolverhampton CCG,7/31/2018,Cont Care-Funded Nursing Care Allow,FUNDED NURSING CARE,CARAM (AH) LTD,22975518,"27,951.41",,QAJun18FNC16,
Department of Health,NHS Wolverhampton CCG,7/31/2018,Cont Care-Funded Nursing Care Allow,FUNDED NURSING CARE,BENTLEY COURT PRIORY,22975522,"42,487.93",,QAJun18FNC2,
Department of Health,NHS Wolverhampton CCG,7/31/2018,Cont Care-Funded Nursing Care Allow,FUNDED NURSING CARE,CENTRAL ENGLAND HEALTHCARE (WOLVERHAMPTON) LTD,22975526,"29,801.92",,QAJun18FNC15,
Department of Health,NHS Wolverhampton CCG,7/31/2018,Cont Care-Funded Nursing Care Allow,FUNDED NURSING CARE,NEWLYN COURT NURSING HOME,22975530,"33,078.09",,QAJun18FNC3,
Department of Health,NHS Wolverhampton CCG,7/31/2018,Cont Care-Funded Nursing Care Allow,FUNDED NURSING CARE,FIRST CARE SERVICES ORCHARD HOUSE,22975534,"26,879.12",,QAJun18FNC10,
Department of Health,NHS Wolverhampton CCG,7/31/2018,Clinical&Medical-Othe Public Sector,Learning Difficulties - S117,WOLVERHAMPTON CITY COUNCIL,22978224,"35,167.14",101268711,6002353032,
Department of Health,NHS Wolverhampton CCG,7/31/2018,Clinical&Medical-Voluntary Sector,COMMUNITY SERVICES,SICKLE CELL & THALASSAEMIA SUPPORT PROJECT (WOLVERHAMPTON),23021724,"26,612.79",,369,
Department of Health,NHS Wolverhampton CCG,7/31/2018,Clinical&Medical-Independent Sector,MENTAL HEALTH SERVICES - ADULTS,ACCI,23021739,"45,224.00",,ACCI548906,
Department of Health,NHS Wolverhampton CCG,7/31/2018,Soc Care-Other Soc Care,PROGRAMME PROJECTS,WOLVERHAMPTON CITY COUNCIL,23032097,"553,083.00",101268711,BCFJULY18,
Department of Health,NHS Wolverhampton CCG,7/31/2018,Clinical&Medical-Independent Sector,COMMISSIONING - NON ACUTE,MARIE STOPES INTERNATIONAL,23035928,"25,494.40",882426016,MS180904,
Department of Health,NHS Wolverhampton CCG,7/31/2018,Hcare Srv Rec Fdtn Trust-Non Contract,MENTAL HEALTH CONTRACTS,BIRMINGHAM & SOLIHULL MENTAL HEALTH NHS FOUNDATION TRUST,23067463,"154,837.00",,0000037247,
Department of Health,NHS Wolverhampton CCG,7/31/2018,External Data Contracts,PROGRAMME PROJECTS,ROYAL WOLVERHAMPTON HOSPITALS NHS TRUST (THE),23067465,"36,883.00",,0000218913,
Department of Health,NHS Wolverhampton CCG,7/31/2018,Clinical&Medical-Independent Sector,MENTAL HEALTH SERVICES - ADULTS,ACCORD HOUSING ASSOCIATION LTD,23067467,"26,611.09",GB880 9887 56,SLINV00058460,
Department of Health,NHS Wolverhampton CCG,7/31/2018,Other Gen Supplies & Srv,INTERPRETING SERVICES,ABSOLUTE INTERPRETING & TRANSLATION LTD,23096381,"22,916.67",919 9117 92,165704,
Department of Health,NHS Wolverhampton CCG,7/31/2018,Other Gen Supplies & Srv,INTERPRETING SERVICES,ABSOLUTE INTERPRETING & TRANSLATION LTD,23096382,"22,916.67",919 9117 92,165705,
Department of Health,NHS Wolverhampton CCG,7/31/2018,Other Gen Supplies & Srv,INTERPRETING SERVICES,ABSOLUTE INTERPRETING & TRANSLATION LTD,23096383,"22,916.67",919 9117 92,165703,
Department of Health,NHS Wolverhampton CCG,7/31/2018,C&M-GMS Global Sum,PRC DELEGATED CO-COMMISSIONING,BAGARY & BAGARY,23107632,"56,359.36",,WOM000009640,
Department of Health,NHS Wolverhampton CCG,7/31/2018,C&M-GMS Prem Healthcentre Rent,PRC DELEGATED CO-COMMISSIONING,BAGARY & BAGARY,23107632,"1,096.00",,WOM000009640,
Department of Health,NHS Wolverhampton CCG,7/31/2018,C&M-GMS Prem Notional Rent,PRC DELEGATED CO-COMMISSIONING,BAGARY & BAGARY,23107632,"4,337.25",,WOM000009640,
Department of Health,NHS Wolverhampton CCG,7/31/2018,C&M-GMS QOF Aspiration,PRC DELEGATED CO-COMMISSIONING,BAGARY & BAGARY,23107632,"4,082.47",,WOM000009640,
Department of Health,NHS Wolverhampton CCG,7/31/2018,C&M-GMS Cost of Drugs -Prescribing,LOCAL ENHANCED SERVICES,AGRAWAL,23107633,"1,439.70",,WOM000009642,
Department of Health,NHS Wolverhampton CCG,7/31/2018,C&M-GMS Global Sum,PRC DELEGATED CO-COMMISSIONING,AGRAWAL,23107633,"121,854.62",,WOM000009642,
Department of Health,NHS Wolverhampton CCG,7/31/2018,C&M-GMS MPIG Correction Factor,PRC DELEGATED CO-COMMISSIONING,AGRAWAL,23107633,688.79,,WOM000009642,
Department of Health,NHS Wolverhampton CCG,7/31/2018,C&M-GMS PCO Locum Adop/Pat/Mat,PRC DELEGATED CO-COMMISSIONING,AGRAWAL,23107633,"6,566.10",,WOM000009642,
Department of Health,NHS Wolverhampton CCG,7/31/2018,C&M-GMS Prem Notional Rent,PRC DELEGATED CO-COMMISSIONING,AGRAWAL,23107633,"8,112.50",,WOM000009642,
Department of Health,NHS Wolverhampton CCG,7/31/2018,C&M-GMS Prof Fees Prescribing,PRC DELEGATED CO-COMMISSIONING,AGRAWAL,23107633,487.60,,WOM000009642,
Department of Health,NHS Wolverhampton CCG,7/31/2018,C&M-GMS QOF Aspiration,PRC DELEGATED CO-COMMISSIONING,AGRAWAL,23107633,"10,384.22",,WOM000009642,
Department of Health,NHS Wolverhampton CCG,7/31/2018,C&M-GMS Cost of Drugs -Prescribing,LOCAL ENHANCED SERVICES,BILAS & THOMAS,23107635,"1,000.07",,WOM000009644,
Department of Health,NHS Wolverhampton CCG,7/31/2018,C&M-GMS Global Sum,PRC DELEGATED CO-COMMISSIONING,BILAS & THOMAS,23107635,"28,050.37",,WOM000009644,
Department of Health,NHS Wolverhampton CCG,7/31/2018,C&M-GMS Prem Notional Rent,PRC DELEGATED CO-COMMISSIONING,BILAS & THOMAS,23107635,"1,916.67",,WOM000009644,
Department of Health,NHS Wolverhampton CCG,7/31/2018,C&M-GMS Prof Fees Prescribing,PRC DELEGATED CO-COMMISSIONING,BILAS & THOMAS,23107635,386.40,,WOM000009644,
Department of Health,NHS Wolverhampton CCG,7/31/2018,C&M-GMS QOF Aspiration,PRC DELEGATED CO-COMMISSIONING,BILAS & THOMAS,23107635,"2,614.97",,WOM000009644,
Department of Health,NHS Wolverhampton CCG,7/31/2018,C&M-PMS Contract Value,PRC DELEGATED CO-COMMISSIONING,BILSTON URBAN VILLAGE MEDICAL CENTRE,23107637,"81,392.00",,WOM000009646,
Department of Health,NHS Wolverhampton CCG,7/31/2018,C&M-PMS Cost of Drugs -Prescribing,LOCAL ENHANCED SERVICES,BILSTON URBAN VILLAGE MEDICAL CENTRE,23107637,"1,219.06",,WOM000009646,
Department of Health,NHS Wolverhampton CCG,7/31/2018,C&M-PMS Prem Healthcentre Rent,PRC DELEGATED CO-COMMISSIONING,BILSTON URBAN VILLAGE MEDICAL CENTRE,23107637,"7,176.67",,WOM000009646,
Department of Health,NHS Wolverhampton CCG,7/31/2018,C&M-PMS Prof fees Prescribing,PRC DELEGATED CO-COMMISSIONING,BILSTON URBAN VILLAGE MEDICAL CENTRE,23107637,140.30,,WOM000009646,
Department of Health,NHS Wolverhampton CCG,7/31/2018,C&M-PMS QOF Aspiration,PRC DELEGATED CO-COMMISSIONING,BILSTON URBAN VILLAGE MEDICAL CENTRE,23107637,"3,338.80",,WOM000009646,
Department of Health,NHS Wolverhampton CCG,7/31/2018,C&M-GMS Cost of Drugs -Prescribing,LOCAL ENHANCED SERVICES,COWEN MANLEY & GUEST,23107639,285.47,,WOM000009648,
Department of Health,NHS Wolverhampton CCG,7/31/2018,C&M-GMS Global Sum,PRC DELEGATED CO-COMMISSIONING,COWEN MANLEY & GUEST,23107639,"35,958.96",,WOM000009648,
Department of Health,NHS Wolverhampton CCG,7/31/2018,C&M-GMS Other FDR Payment,PRC DELEGATED CO-COMMISSIONING,COWEN MANLEY & GUEST,23107639,"4,475.55",,WOM000009648,
Department of Health,NHS Wolverhampton CCG,7/31/2018,C&M-GMS Prem Notional Rent,PRC DELEGATED CO-COMMISSIONING,COWEN MANLEY & GUEST,23107639,"3,450.00",,WOM000009648,
Department of Health,NHS Wolverhampton CCG,7/31/2018,C&M-GMS Prof Fees Prescribing,PRC DELEGATED CO-COMMISSIONING,COWEN MANLEY & GUEST,23107639,89.70,,WOM000009648,
Department of Health,NHS Wolverhampton CCG,7/31/2018,C&M-GMS QOF Aspiration,PRC DELEGATED CO-COMMISSIONING,COWEN MANLEY & GUEST,23107639,"3,941.90",,WOM000009648,
Department of Health,NHS Wolverhampton CCG,7/31/2018,C&M-GMS Global Sum,PRC DELEGATED CO-COMMISSIONING,DR A SAINI & DR B MEHTA,23107641,"37,962.41",,WOM000009650,
Department of Health,NHS Wolverhampton CCG,7/31/2018,C&M-GMS MPIG Correction Factor,PRC DELEGATED CO-COMMISSIONING,DR A SAINI & DR B MEHTA,23107641,355.64,,WOM000009650,
Department of Health,NHS Wolverhampton CCG,7/31/2018,C&M-GMS Prem Notional Rent,PRC DELEGATED CO-COMMISSIONING,DR A SAINI & DR B MEHTA,23107641,"1,980.83",,WOM000009650,
Department of Health,NHS Wolverhampton CCG,7/31/2018,C&M-GMS Prem Rates,PRC DELEGATED CO-COMMISSIONING,DR A SAINI & DR B MEHTA,23107641,"4,534.27",,WOM000009650,
Department of Health,NHS Wolverhampton CCG,7/31/2018,C&M-GMS Prem Water Rates,PRC DELEGATED CO-COMMISSIONING,DR A SAINI & DR B MEHTA,23107641,400.42,,WOM000009650,
Department of Health,NHS Wolverhampton CCG,7/31/2018,C&M-GMS QOF Aspiration,PRC DELEGATED CO-COMMISSIONING,DR A SAINI & DR B MEHTA,23107641,"4,425.82",,WOM000009650,
Department of Health,NHS Wolverhampton CCG,7/31/2018,C&M-GMS Cost of Drugs -Prescribing,LOCAL ENHANCED SERVICES,DR D M BUSH,23107643,585.85,,WOM000009654,
Department of Health,NHS Wolverhampton CCG,7/31/2018,C&M-GMS Global Sum,PRC DELEGATED CO-COMMISSIONING,DR D M BUSH,23107643,"41,499.28",,WOM000009654,
Department of Health,NHS Wolverhampton CCG,7/31/2018,C&M-GMS MPIG Correction Factor,PRC DELEGATED CO-COMMISSIONING,DR D M BUSH,23107643,"1,262.82",,WOM000009654,
Department of Health,NHS Wolverhampton CCG,7/31/2018,C&M-GMS PCO Other,PRC DELEGATED CO-COMMISSIONING,DR D M BUSH,23107643,"3,598.00",,WOM000009654,
Department of Health,NHS Wolverhampton CCG,7/31/2018,C&M-GMS Prem Notional Rent,PRC DELEGATED CO-COMMISSIONING,DR D M BUSH,23107643,"3,008.34",,WOM000009654,
Department of Health,NHS Wolverhampton CCG,7/31/2018,C&M-GMS Prof Fees Prescribing,PRC DELEGATED CO-COMMISSIONING,DR D M BUSH,23107643,158.70,,WOM000009654,
Department of Health,NHS Wolverhampton CCG,7/31/2018,C&M-GMS QOF Aspiration,PRC DELEGATED CO-COMMISSIONING,DR D M BUSH,23107643,"4,733.35",,WOM000009654,
Department of Health,NHS Wolverhampton CCG,7/31/2018,C&M-GMS Cost of Drugs -Prescribing,LOCAL ENHANCED SERVICES,DR G PICKAVANCE & PARTNERS,23107645,"2,065.40",,WOM000009656,
Department of Health,NHS Wolverhampton CCG,7/31/2018,C&M-GMS Global Sum,PRC DELEGATED CO-COMMISSIONING,DR G PICKAVANCE & PARTNERS,23107645,"37,161.90",,WOM000009656,
Department of Health,NHS Wolverhampton CCG,7/31/2018,C&M-GMS Other Small Practice All,PRC DELEGATED CO-COMMISSIONING,DR G PICKAVANCE & PARTNERS,23107645,"1,750.00",,WOM000009656,
Department of Health,NHS Wolverhampton CCG,7/31/2018,C&M-GMS PCO Other,PRC DELEGATED CO-COMMISSIONING,DR G PICKAVANCE & PARTNERS,23107645,"3,211.00",,WOM000009656,
Department of Health,NHS Wolverhampton CCG,7/31/2018,C&M-GMS Prem Notional Rent,PRC DELEGATED CO-COMMISSIONING,DR G PICKAVANCE & PARTNERS,23107645,"2,135.00",,WOM000009656,
Department of Health,NHS Wolverhampton CCG,7/31/2018,C&M-GMS Prof Fees Prescribing,PRC DELEGATED CO-COMMISSIONING,DR G PICKAVANCE & PARTNERS,23107645,308.20,,WOM000009656,
Department of Health,NHS Wolverhampton CCG,7/31/2018,C&M-GMS QOF Aspiration,PRC DELEGATED CO-COMMISSIONING,DR G PICKAVANCE & PARTNERS,23107645,"5,109.12",,WOM000009656,
Department of Health,NHS Wolverhampton CCG,7/31/2018,C&M-GMS Cost of Drugs -Prescribing,LOCAL ENHANCED SERVICES,DR JONES & PARTNERS WOLVERHAMPTON,23107647,649.92,,WOM000009658,
Department of Health,NHS Wolverhampton CCG,7/31/2018,C&M-GMS DES Learn Dsblty Hlth Chk,PRC DELEGATED CO-COMMISSIONING,DR JONES & PARTNERS WOLVERHAMPTON,23107647,560.00,,WOM000009658,
Department of Health,NHS Wolverhampton CCG,7/31/2018,C&M-GMS Global Sum,PRC DELEGATED CO-COMMISSIONING,DR JONES & PARTNERS WOLVERHAMPTON,23107647,"90,430.94",,WOM000009658,
Department of Health,NHS Wolverhampton CCG,7/31/2018,C&M-GMS Prem Healthcentre Rent,PRC DELEGATED CO-COMMISSIONING,DR JONES & PARTNERS WOLVERHAMPTON,23107647,"6,618.42",,WOM000009658,
Department of Health,NHS Wolverhampton CCG,7/31/2018,C&M-GMS Prof Fees Prescribing,PRC DELEGATED CO-COMMISSIONING,DR JONES & PARTNERS WOLVERHAMPTON,23107647,370.30,,WOM000009658,
Department of Health,NHS Wolverhampton CCG,7/31/2018,C&M-GMS QOF Aspiration,PRC DELEGATED CO-COMMISSIONING,DR JONES & PARTNERS WOLVERHAMPTON,23107647,"9,460.19",,WOM000009658,
Department of Health,NHS Wolverhampton CCG,7/31/2018,C&M-PMS Contract Value,PRC DELEGATED CO-COMMISSIONING,DR MAJID & RAVINDRAN,23107649,"37,293.66",,WOM000009660,
Department of Health,NHS Wolverhampton CCG,7/31/2018,C&M-PMS Cost of Drugs -Prescribing,LOCAL ENHANCED SERVICES,DR MAJID & RAVINDRAN,23107649,"2,692.99",,WOM000009660,
Department of Health,NHS Wolverhampton CCG,7/31/2018,C&M-PMS Prem Notional Rent,PRC DELEGATED CO-COMMISSIONING,DR MAJID & RAVINDRAN,23107649,"3,160.42",,WOM000009660,
Department of Health,NHS Wolverhampton CCG,7/31/2018,C&M-PMS Prof fees Prescribing,PRC DELEGATED CO-COMMISSIONING,DR MAJID & RAVINDRAN,23107649,397.90,,WOM000009660,
Department of Health,NHS Wolverhampton CCG,7/31/2018,C&M-PMS QOF Aspiration,PRC DELEGATED CO-COMMISSIONING,DR MAJID & RAVINDRAN,23107649,"4,346.73",,WOM000009660,
Department of Health,NHS Wolverhampton CCG,7/31/2018,C&M-GMS Cost of Drugs -Prescribing,LOCAL ENHANCED SERVICES,DR MORGAN & PARTNERS,23107652,926.99,,WOM000009664,
Department of Health,NHS Wolverhampton CCG,7/31/2018,C&M-GMS Global Sum,PRC DELEGATED CO-COMMISSIONING,DR MORGAN & PARTNERS,23107652,"109,670.72",,WOM000009664,
Department of Health,NHS Wolverhampton CCG,7/31/2018,C&M-GMS MPIG Correction Factor,PRC DELEGATED CO-COMMISSIONING,DR MORGAN & PARTNERS,23107652,79.58,,WOM000009664,
Department of Health,NHS Wolverhampton CCG,7/31/2018,C&M-GMS Prem Healthcentre Rent,PRC DELEGATED CO-COMMISSIONING,DR MORGAN & PARTNERS,23107652,"4,964.58",,WOM000009664,
Department of Health,NHS Wolverhampton CCG,7/31/2018,C&M-GMS Prem Notional Rent,PRC DELEGATED CO-COMMISSIONING,DR MORGAN & PARTNERS,23107652,"3,383.33",,WOM000009664,
Department of Health,NHS Wolverhampton CCG,7/31/2018,C&M-GMS Prof Fees Prescribing,PRC DELEGATED CO-COMMISSIONING,DR MORGAN & PARTNERS,23107652,384.10,,WOM000009664,
Department of Health,NHS Wolverhampton CCG,7/31/2018,C&M-GMS QOF Aspiration,PRC DELEGATED CO-COMMISSIONING,DR MORGAN & PARTNERS,23107652,"12,719.10",,WOM000009664,
Department of Health,NHS Wolverhampton CCG,7/31/2018,C&M-GMS Cost of Drugs -Prescribing,LOCAL ENHANCED SERVICES,DR RICHARDSON & PARTNERS WOLVERHAMPTON,23107653,704.15,,WOM000009665,
Department of Health,NHS Wolverhampton CCG,7/31/2018,C&M-GMS Global Sum,PRC DELEGATED CO-COMMISSIONING,DR RICHARDSON & PARTNERS WOLVERHAMPTON,23107653,"66,325.09",,WOM000009665,
Department of Health,NHS Wolverhampton CCG,7/31/2018,C&M-GMS Other FDR Payment,PRC DELEGATED CO-COMMISSIONING,DR RICHARDSON & PARTNERS WOLVERHAMPTON,23107653,"5,431.57",,WOM000009665,
Department of Health,NHS Wolverhampton CCG,7/31/2018,C&M-GMS Prem Notional Rent,PRC DELEGATED CO-COMMISSIONING,DR RICHARDSON & PARTNERS WOLVERHAMPTON,23107653,"4,296.67",,WOM000009665,
Department of Health,NHS Wolverhampton CCG,7/31/2018,C&M-GMS Prof Fees Prescribing,PRC DELEGATED CO-COMMISSIONING,DR RICHARDSON & PARTNERS WOLVERHAMPTON,23107653,177.10,,WOM000009665,
Department of Health,NHS Wolverhampton CCG,7/31/2018,C&M-GMS QOF Aspiration,PRC DELEGATED CO-COMMISSIONING,DR RICHARDSON & PARTNERS WOLVERHAMPTON,23107653,"5,624.42",,WOM000009665,
Department of Health,NHS Wolverhampton CCG,7/31/2018,C&M-PMS Contract Value,PRC DELEGATED CO-COMMISSIONING,ETTINGSHALL MEDICAL CENTRE,23107655,"46,421.00",,WOM000009667,
Department of Health,NHS Wolverhampton CCG,7/31/2018,C&M-PMS Prem Healthcentre Rent,PRC DELEGATED CO-COMMISSIONING,ETTINGSHALL MEDICAL CENTRE,23107655,"14,524.33",,WOM000009667,
Department of Health,NHS Wolverhampton CCG,7/31/2018,C&M-PMS QOF Aspiration,PRC DELEGATED CO-COMMISSIONING,ETTINGSHALL MEDICAL CENTRE,23107655,"3,799.32",,WOM000009667,
Department of Health,NHS Wolverhampton CCG,7/31/2018,C&M-GMS Cost of Drugs -Prescribing,LOCAL ENHANCED SERVICES,GEORGE & RAJCHOLAN,23107657,113.65,,WOM000009671,
Department of Health,NHS Wolverhampton CCG,7/31/2018,C&M-GMS Global Sum,PRC DELEGATED CO-COMMISSIONING,GEORGE & RAJCHOLAN,23107657,"29,932.02",,WOM000009671,
Department of Health,NHS Wolverhampton CCG,7/31/2018,C&M-GMS Prem Healthcentre Rent,PRC DELEGATED CO-COMMISSIONING,GEORGE & RAJCHOLAN,23107657,"2,262.50",,WOM000009671,
Department of Health,NHS Wolverhampton CCG,7/31/2018,C&M-GMS Prof Fees Prescribing,PRC DELEGATED CO-COMMISSIONING,GEORGE & RAJCHOLAN,23107657,89.70,,WOM000009671,
Department of Health,NHS Wolverhampton CCG,7/31/2018,C&M-GMS QOF Aspiration,PRC DELEGATED CO-COMMISSIONING,GEORGE & RAJCHOLAN,23107657,"3,433.13",,WOM000009671,
Department of Health,NHS Wolverhampton CCG,7/31/2018,C&M-GMS Cost of Drugs -Prescribing,LOCAL ENHANCED SERVICES,HIBBS & PARTNERS,23107661,"2,604.98",,WOM000009675,
Department of Health,NHS Wolverhampton CCG,7/31/2018,C&M-GMS Global Sum,PRC DELEGATED CO-COMMISSIONING,HIBBS & PARTNERS,23107661,"97,248.80",,WOM000009675,
Department of Health,NHS Wolverhampton CCG,7/31/2018,C&M-GMS Prem Healthcentre Rent,PRC DELEGATED CO-COMMISSIONING,HIBBS & PARTNERS,23107661,"2,016.67",,WOM000009675,
Department of Health,NHS Wolverhampton CCG,7/31/2018,C&M-GMS Prem Notional Rent,PRC DELEGATED CO-COMMISSIONING,HIBBS & PARTNERS,23107661,"3,879.17",,WOM000009675,
Department of Health,NHS Wolverhampton CCG,7/31/2018,C&M-GMS Prof Fees Prescribing,PRC DELEGATED CO-COMMISSIONING,HIBBS & PARTNERS,23107661,627.90,,WOM000009675,
Department of Health,NHS Wolverhampton CCG,7/31/2018,C&M-GMS QOF Aspiration,PRC DELEGATED CO-COMMISSIONING,HIBBS & PARTNERS,23107661,"11,569.04",,WOM000009675,
Department of Health,NHS Wolverhampton CCG,7/31/2018,C&M-GMS Cost of Drugs -Prescribing,LOCAL ENHANCED SERVICES,KEHLER AUNG & NAZ,23107663,260.49,,WOM000009679,
Department of Health,NHS Wolverhampton CCG,7/31/2018,C&M-GMS DES UNPLANNED ADMISSIONS,PRC DELEGATED CO-COMMISSIONING,KEHLER AUNG & NAZ,23107663,"4,941.86",,WOM000009679,
Department of Health,NHS Wolverhampton CCG,7/31/2018,C&M-GMS Global Sum,PRC DELEGATED CO-COMMISSIONING,KEHLER AUNG & NAZ,23107663,"45,031.82",,WOM000009679,
Department of Health,NHS Wolverhampton CCG,7/31/2018,C&M-GMS Prem Actual Rent,PRC DELEGATED CO-COMMISSIONING,KEHLER AUNG & NAZ,23107663,"7,259.58",,WOM000009679,
Department of Health,NHS Wolverhampton CCG,7/31/2018,C&M-GMS Prof Fees Prescribing,PRC DELEGATED CO-COMMISSIONING,KEHLER AUNG & NAZ,23107663,276.00,,WOM000009679,
Department of Health,NHS Wolverhampton CCG,7/31/2018,C&M-GMS QOF Aspiration,PRC DELEGATED CO-COMMISSIONING,KEHLER AUNG & NAZ,23107663,"4,854.35",,WOM000009679,
Department of Health,NHS Wolverhampton CCG,7/31/2018,C&M-GMS Cost of Drugs -Prescribing,LOCAL ENHANCED SERVICES,KRISHAN,23107665,"2,092.82",,WOM000009681,
Department of Health,NHS Wolverhampton CCG,7/31/2018,C&M-GMS Global Sum,PRC DELEGATED CO-COMMISSIONING,KRISHAN,23107665,"60,695.08",,WOM000009681,
Department of Health,NHS Wolverhampton CCG,7/31/2018,C&M-GMS Other FDR Payment,PRC DELEGATED CO-COMMISSIONING,KRISHAN,23107665,"7,117.96",,WOM000009681,
Department of Health,NHS Wolverhampton CCG,7/31/2018,C&M-GMS Prem Notional Rent,PRC DELEGATED CO-COMMISSIONING,KRISHAN,23107665,"5,515.42",,WOM000009681,
Department of Health,NHS Wolverhampton CCG,7/31/2018,C&M-GMS Prof Fees Prescribing,PRC DELEGATED CO-COMMISSIONING,KRISHAN,23107665,347.30,,WOM000009681,
Department of Health,NHS Wolverhampton CCG,7/31/2018,C&M-GMS QOF Aspiration,PRC DELEGATED CO-COMMISSIONING,KRISHAN,23107665,"5,418.68",,WOM000009681,
Department of Health,NHS Wolverhampton CCG,7/31/2018,C&M-GMS Cost of Drugs -Prescribing,LOCAL ENHANCED SERVICES,KHARWADKAR,23107667,101.96,,WOM000009683,
Department of Health,NHS Wolverhampton CCG,7/31/2018,C&M-GMS Global Sum,PRC DELEGATED CO-COMMISSIONING,KHARWADKAR,23107667,"21,703.80",,WOM000009683,
Department of Health,NHS Wolverhampton CCG,7/31/2018,C&M-GMS MPIG Correction Factor,PRC DELEGATED CO-COMMISSIONING,KHARWADKAR,23107667,610.53,,WOM000009683,
Department of Health,NHS Wolverhampton CCG,7/31/2018,C&M-GMS Prem Healthcentre Rent,PRC DELEGATED CO-COMMISSIONING,KHARWADKAR,23107667,"11,637.17",,WOM000009683,
Department of Health,NHS Wolverhampton CCG,7/31/2018,C&M-GMS Prem Notional Rent,PRC DELEGATED CO-COMMISSIONING,KHARWADKAR,23107667,"1,226.67",,WOM000009683,
Department of Health,NHS Wolverhampton CCG,7/31/2018,C&M-GMS Prof Fees Prescribing,PRC DELEGATED CO-COMMISSIONING,KHARWADKAR,23107667,29.90,,WOM000009683,
Department of Health,NHS Wolverhampton CCG,7/31/2018,C&M-GMS QOF Aspiration,PRC DELEGATED CO-COMMISSIONING,KHARWADKAR,23107667,"2,455.16",,WOM000009683,
Department of Health,NHS Wolverhampton CCG,7/31/2018,C&M-GMS Cost of Drugs -Prescribing,LOCAL ENHANCED SERVICES,LUCKRAFT & PARTNERS,23107669,"1,278.93",,WOM000009685,
Department of Health,NHS Wolverhampton CCG,7/31/2018,C&M-GMS Global Sum,PRC DELEGATED CO-COMMISSIONING,LUCKRAFT & PARTNERS,23107669,"67,945.69",,WOM000009685,
Department of Health,NHS Wolverhampton CCG,7/31/2018,C&M-GMS Prem Healthcentre Rent,PRC DELEGATED CO-COMMISSIONING,LUCKRAFT & PARTNERS,23107669,"6,573.58",,WOM000009685,
Department of Health,NHS Wolverhampton CCG,7/31/2018,C&M-GMS Prof Fees Prescribing,PRC DELEGATED CO-COMMISSIONING,LUCKRAFT & PARTNERS,23107669,529.00,,WOM000009685,
Department of Health,NHS Wolverhampton CCG,7/31/2018,C&M-GMS QOF Aspiration,PRC DELEGATED CO-COMMISSIONING,LUCKRAFT & PARTNERS,23107669,"7,779.68",,WOM000009685,
Department of Health,NHS Wolverhampton CCG,7/31/2018,ME - GMS GP Prior Year ERs,PRC DELEGATED CO-COMMISSIONING,LUCKRAFT & PARTNERS,23107669,"7,356.63",,WOM000009685,
Department of Health,NHS Wolverhampton CCG,7/31/2018,ME-GMS GP Prior Year AVCs,PRC DELEGATED CO-COMMISSIONING,LUCKRAFT & PARTNERS,23107669,"1,259.24",,WOM000009685,
Department of Health,NHS Wolverhampton CCG,7/31/2018,ME-GMS GP Prior Year EEs,PRC DELEGATED CO-COMMISSIONING,LUCKRAFT & PARTNERS,23107669,"7,677.44",,WOM000009685,
Department of Health,NHS Wolverhampton CCG,7/31/2018,C&M-GMS Cost of Drugs -Prescribing,LOCAL ENHANCED SERVICES,MS KAINTH,23107671,"1,695.79",,WOM000009688,
Department of Health,NHS Wolverhampton CCG,7/31/2018,C&M-GMS Global Sum,PRC DELEGATED CO-COMMISSIONING,MS KAINTH,23107671,"23,942.87",,WOM000009688,
Department of Health,NHS Wolverhampton CCG,7/31/2018,C&M-GMS PCO Other,PRC DELEGATED CO-COMMISSIONING,MS KAINTH,23107671,"2,247.00",,WOM000009688,
Department of Health,NHS Wolverhampton CCG,7/31/2018,C&M-GMS Prem Actual Rent,PRC DELEGATED CO-COMMISSIONING,MS KAINTH,23107671,"1,041.67",,WOM000009688,
Department of Health,NHS Wolverhampton CCG,7/31/2018,C&M-GMS Prof Fees Prescribing,PRC DELEGATED CO-COMMISSIONING,MS KAINTH,23107671,186.30,,WOM000009688,
Department of Health,NHS Wolverhampton CCG,7/31/2018,C&M-GMS QOF Aspiration,PRC DELEGATED CO-COMMISSIONING,MS KAINTH,23107671,"2,930.18",,WOM000009688,
Department of Health,NHS Wolverhampton CCG,7/31/2018,C&M-GMS Cost of Drugs -Prescribing,LOCAL ENHANCED SERVICES,POPLARS MEDICAL PRACTICE,23107673,373.64,,WOM000009692,
Department of Health,NHS Wolverhampton CCG,7/31/2018,C&M-GMS Global Sum,PRC DELEGATED CO-COMMISSIONING,POPLARS MEDICAL PRACTICE,23107673,"24,679.65",,WOM000009692,
Department of Health,NHS Wolverhampton CCG,7/31/2018,C&M-GMS Prem Notional Rent,PRC DELEGATED CO-COMMISSIONING,POPLARS MEDICAL PRACTICE,23107673,"1,912.50",,WOM000009692,
Department of Health,NHS Wolverhampton CCG,7/31/2018,C&M-GMS Prem Water Rates,PRC DELEGATED CO-COMMISSIONING,POPLARS MEDICAL PRACTICE,23107673,174.09,,WOM000009692,
Department of Health,NHS Wolverhampton CCG,7/31/2018,C&M-GMS Prof Fees Prescribing,PRC DELEGATED CO-COMMISSIONING,POPLARS MEDICAL PRACTICE,23107673,181.70,,WOM000009692,
Department of Health,NHS Wolverhampton CCG,7/31/2018,C&M-GMS QOF Aspiration,PRC DELEGATED CO-COMMISSIONING,POPLARS MEDICAL PRACTICE,23107673,"2,762.11",,WOM000009692,
Department of Health,NHS Wolverhampton CCG,7/31/2018,C&M-GMS Cost of Drugs -Prescribing,LOCAL ENHANCED SERVICES,PEACOCK & PARTNERS,23107675,694.96,,WOM000009694,
Department of Health,NHS Wolverhampton CCG,7/31/2018,C&M-GMS Global Sum,PRC DELEGATED CO-COMMISSIONING,PEACOCK & PARTNERS,23107675,"51,135.56",,WOM000009694,
Department of Health,NHS Wolverhampton CCG,7/31/2018,C&M-GMS MPIG Correction Factor,PRC DELEGATED CO-COMMISSIONING,PEACOCK & PARTNERS,23107675,338.34,,WOM000009694,
Department of Health,NHS Wolverhampton CCG,7/31/2018,C&M-GMS Prem Notional Rent,PRC DELEGATED CO-COMMISSIONING,PEACOCK & PARTNERS,23107675,"2,098.33",,WOM000009694,
Department of Health,NHS Wolverhampton CCG,7/31/2018,C&M-GMS Prof Fees Prescribing,PRC DELEGATED CO-COMMISSIONING,PEACOCK & PARTNERS,23107675,384.10,,WOM000009694,
Department of Health,NHS Wolverhampton CCG,7/31/2018,C&M-GMS QOF Aspiration,PRC DELEGATED CO-COMMISSIONING,PEACOCK & PARTNERS,23107675,"5,685.46",,WOM000009694,
Department of Health,NHS Wolverhampton CCG,7/31/2018,C&M-PMS Contract Value,PRC DELEGATED CO-COMMISSIONING,PROBERT ROAD SURGERY,23107677,"31,429.47",,WOM000009696,
Department of Health,NHS Wolverhampton CCG,7/31/2018,C&M-PMS Cost of Drugs -Prescribing,LOCAL ENHANCED SERVICES,PROBERT ROAD SURGERY,23107677,"1,027.10",,WOM000009696,
Department of Health,NHS Wolverhampton CCG,7/31/2018,C&M-PMS Prem Actual Rent,PRC DELEGATED CO-COMMISSIONING,PROBERT ROAD SURGERY,23107677,"2,267.50",,WOM000009696,
Department of Health,NHS Wolverhampton CCG,7/31/2018,C&M-PMS Prof fees Prescribing,PRC DELEGATED CO-COMMISSIONING,PROBERT ROAD SURGERY,23107677,161.00,,WOM000009696,
Department of Health,NHS Wolverhampton CCG,7/31/2018,C&M-PMS QOF Aspiration,PRC DELEGATED CO-COMMISSIONING,PROBERT ROAD SURGERY,23107677,"2,845.91",,WOM000009696,
Department of Health,NHS Wolverhampton CCG,7/31/2018,C&M-PMS Contract Value,PRC DELEGATED CO-COMMISSIONING,SHOWELL PARK HEALTH & WALK IN CENTRE,23107679,"31,200.00",,WOM000009698,
Department of Health,NHS Wolverhampton CCG,7/31/2018,C&M-PMS DES Learn Dsblty Hlth Chk,PRC DELEGATED CO-COMMISSIONING,SHOWELL PARK HEALTH & WALK IN CENTRE,23107679,"1,960.00",,WOM000009698,
Department of Health,NHS Wolverhampton CCG,7/31/2018,C&M-PMS QOF Aspiration,PRC DELEGATED CO-COMMISSIONING,SHOWELL PARK HEALTH & WALK IN CENTRE,23107679,"3,276.30",,WOM000009698,
Department of Health,NHS Wolverhampton CCG,7/31/2018,C&M-GMS Cost of Drugs -Prescribing,LOCAL ENHANCED SERVICES,WILLIAMS DE ROSA & ELCOCK,23107683,"1,043.98",,WOM000009704,
Department of Health,NHS Wolverhampton CCG,7/31/2018,C&M-GMS DES Learn Dsblty Hlth Chk,PRC DELEGATED CO-COMMISSIONING,WILLIAMS DE ROSA & ELCOCK,23107683,700.00,,WOM000009704,
Department of Health,NHS Wolverhampton CCG,7/31/2018,C&M-GMS DES UNPLANNED ADMISSIONS,PRC DELEGATED CO-COMMISSIONING,WILLIAMS DE ROSA & ELCOCK,23107683,"3,268.65",,WOM000009704,
Department of Health,NHS Wolverhampton CCG,7/31/2018,C&M-GMS Global Sum,PRC DELEGATED CO-COMMISSIONING,WILLIAMS DE ROSA & ELCOCK,23107683,"32,114.96",,WOM000009704,
Department of Health,NHS Wolverhampton CCG,7/31/2018,C&M-GMS Prem Actual Rent,PRC DELEGATED CO-COMMISSIONING,WILLIAMS DE ROSA & ELCOCK,23107683,"1,020.83",,WOM000009704,
Department of Health,NHS Wolverhampton CCG,7/31/2018,C&M-GMS Prof Fees Prescribing,PRC DELEGATED CO-COMMISSIONING,WILLIAMS DE ROSA & ELCOCK,23107683,280.60,,WOM000009704,
Department of Health,NHS Wolverhampton CCG,7/31/2018,C&M-GMS QOF Aspiration,PRC DELEGATED CO-COMMISSIONING,WILLIAMS DE ROSA & ELCOCK,23107683,"3,714.43",,WOM000009704,
Department of Health,NHS Wolverhampton CCG,7/31/2018,C&M-PMS Contract Value,PRC DELEGATED CO-COMMISSIONING,CANNOCK ROAD MEDICAL PRACTICE,23107689,"45,917.21",,WOM000009712,
Department of Health,NHS Wolverhampton CCG,7/31/2018,C&M-PMS Cost of Drugs -Prescribing,LOCAL ENHANCED SERVICES,CANNOCK ROAD MEDICAL PRACTICE,23107689,341.66,,WOM000009712,
Department of Health,NHS Wolverhampton CCG,7/31/2018,C&M-PMS Funding Differential Review,PRC DELEGATED CO-COMMISSIONING,CANNOCK ROAD MEDICAL PRACTICE,23107689,"5,559.22",,WOM000009712,
Department of Health,NHS Wolverhampton CCG,7/31/2018,C&M-PMS PCO Other,PRC DELEGATED CO-COMMISSIONING,CANNOCK ROAD MEDICAL PRACTICE,23107689,"4,185.00",,WOM000009712,
Department of Health,NHS Wolverhampton CCG,7/31/2018,C&M-PMS Prem Notional Rent,PRC DELEGATED CO-COMMISSIONING,CANNOCK ROAD MEDICAL PRACTICE,23107689,"1,587.50",,WOM000009712,
Department of Health,NHS Wolverhampton CCG,7/31/2018,C&M-PMS Prof fees Prescribing,PRC DELEGATED CO-COMMISSIONING,CANNOCK ROAD MEDICAL PRACTICE,23107689,273.70,,WOM000009712,
Department of Health,NHS Wolverhampton CCG,7/31/2018,C&M-PMS QOF Aspiration,PRC DELEGATED CO-COMMISSIONING,CANNOCK ROAD MEDICAL PRACTICE,23107689,"4,665.62",,WOM000009712,
Department of Health,NHS Wolverhampton CCG,7/31/2018,C&M-GMS Cost of Drugs -Prescribing,LOCAL ENHANCED SERVICES,DR SHARMA`S PRACTICE,23107691,950.44,,WOM000009714,
Department of Health,NHS Wolverhampton CCG,7/31/2018,C&M-GMS Global Sum,PRC DELEGATED CO-COMMISSIONING,DR SHARMA`S PRACTICE,23107691,"25,094.32",,WOM000009714,
Department of Health,NHS Wolverhampton CCG,7/31/2018,C&M-GMS Prem Healthcentre Rent,PRC DELEGATED CO-COMMISSIONING,DR SHARMA`S PRACTICE,23107691,"2,032.67",,WOM000009714,
Department of Health,NHS Wolverhampton CCG,7/31/2018,C&M-GMS Prof Fees Prescribing,PRC DELEGATED CO-COMMISSIONING,DR SHARMA`S PRACTICE,23107691,140.30,,WOM000009714,
Department of Health,NHS Wolverhampton CCG,7/31/2018,C&M-GMS QOF Aspiration,PRC DELEGATED CO-COMMISSIONING,DR SHARMA`S PRACTICE,23107691,"2,741.78",,WOM000009714,
Department of Health,NHS Wolverhampton CCG,7/31/2018,C&M-GMS Cost of Drugs -Prescribing,LOCAL ENHANCED SERVICES,DRS VENKATARAMANAN & MOHINDROO,23107693,"4,644.68",,WOM000009716,
Department of Health,NHS Wolverhampton CCG,7/31/2018,C&M-GMS Global Sum,PRC DELEGATED CO-COMMISSIONING,DRS VENKATARAMANAN & MOHINDROO,23107693,"99,711.08",,WOM000009716,
Department of Health,NHS Wolverhampton CCG,7/31/2018,C&M-GMS MPIG Correction Factor,PRC DELEGATED CO-COMMISSIONING,DRS VENKATARAMANAN & MOHINDROO,23107693,942.62,,WOM000009716,
Department of Health,NHS Wolverhampton CCG,7/31/2018,C&M-GMS Prem Notional Rent,PRC DELEGATED CO-COMMISSIONING,DRS VENKATARAMANAN & MOHINDROO,23107693,"4,258.33",,WOM000009716,
Department of Health,NHS Wolverhampton CCG,7/31/2018,C&M-GMS Prof Fees Prescribing,PRC DELEGATED CO-COMMISSIONING,DRS VENKATARAMANAN & MOHINDROO,23107693,924.60,,WOM000009716,
Department of Health,NHS Wolverhampton CCG,7/31/2018,C&M-GMS QOF Aspiration,PRC DELEGATED CO-COMMISSIONING,DRS VENKATARAMANAN & MOHINDROO,23107693,"10,593.23",,WOM000009716,
Department of Health,NHS Wolverhampton CCG,7/31/2018,C&M-GMS Cost of Drugs -Prescribing,LOCAL ENHANCED SERVICES,DR G DHILLON AND A NANDANAVANAM,23107709,507.48,,WOM000009652,
Department of Health,NHS Wolverhampton CCG,7/31/2018,C&M-GMS Global Sum,PRC DELEGATED CO-COMMISSIONING,DR G DHILLON AND A NANDANAVANAM,23107709,"34,980.90",,WOM000009652,
Department of Health,NHS Wolverhampton CCG,7/31/2018,C&M-GMS MPIG Correction Factor,PRC DELEGATED CO-COMMISSIONING,DR G DHILLON AND A NANDANAVANAM,23107709,570.85,,WOM000009652,
Department of Health,NHS Wolverhampton CCG,7/31/2018,C&M-GMS Prem Healthcentre Rent,PRC DELEGATED CO-COMMISSIONING,DR G DHILLON AND A NANDANAVANAM,23107709,"1,202.67",,WOM000009652,
Department of Health,NHS Wolverhampton CCG,7/31/2018,C&M-GMS Prem Notional Rent,PRC DELEGATED CO-COMMISSIONING,DR G DHILLON AND A NANDANAVANAM,23107709,"1,383.33",,WOM000009652,
Department of Health,NHS Wolverhampton CCG,7/31/2018,C&M-GMS Prof Fees Prescribing,PRC DELEGATED CO-COMMISSIONING,DR G DHILLON AND A NANDANAVANAM,23107709,131.10,,WOM000009652,
Department of Health,NHS Wolverhampton CCG,7/31/2018,C&M-GMS QOF Aspiration,PRC DELEGATED CO-COMMISSIONING,DR G DHILLON AND A NANDANAVANAM,23107709,"3,584.45",,WOM000009652,
Department of Health,NHS Wolverhampton CCG,7/31/2018,C&M-GMS Cost of Drugs -Prescribing,LOCAL ENHANCED SERVICES,WEST PARK SURGERY,23107710,410.20,,WOM000009669,
Department of Health,NHS Wolverhampton CCG,7/31/2018,C&M-GMS Global Sum,PRC DELEGATED CO-COMMISSIONING,WEST PARK SURGERY,23107710,"26,833.26",,WOM000009669,
Department of Health,NHS Wolverhampton CCG,7/31/2018,C&M-GMS Prem Notional Rent,PRC DELEGATED CO-COMMISSIONING,WEST PARK SURGERY,23107710,"1,412.50",,WOM000009669,
Department of Health,NHS Wolverhampton CCG,7/31/2018,C&M-GMS Prof Fees Prescribing,PRC DELEGATED CO-COMMISSIONING,WEST PARK SURGERY,23107710,117.30,,WOM000009669,
Department of Health,NHS Wolverhampton CCG,7/31/2018,C&M-GMS QOF Aspiration,PRC DELEGATED CO-COMMISSIONING,WEST PARK SURGERY,23107710,"2,576.84",,WOM000009669,
Department of Health,NHS Wolverhampton CCG,7/31/2018,C&M-PMS Contract Value,PRC DELEGATED CO-COMMISSIONING,INTRAHEALTH LTD,23107711,"55,576.00",,WOM000009677,
Department of Health,NHS Wolverhampton CCG,7/31/2018,C&M-PMS Cost of Drugs -Prescribing,LOCAL ENHANCED SERVICES,INTRAHEALTH LTD,23107711,463.88,,WOM000009677,
Department of Health,NHS Wolverhampton CCG,7/31/2018,C&M-PMS Prem Healthcentre Rent,PRC DELEGATED CO-COMMISSIONING,INTRAHEALTH LTD,23107711,"4,393.83",,WOM000009677,
Department of Health,NHS Wolverhampton CCG,7/31/2018,C&M-PMS Prof fees Prescribing,PRC DELEGATED CO-COMMISSIONING,INTRAHEALTH LTD,23107711,101.20,,WOM000009677,
Department of Health,NHS Wolverhampton CCG,7/31/2018,C&M-PMS QOF Aspiration,PRC DELEGATED CO-COMMISSIONING,INTRAHEALTH LTD,23107711,"2,609.45",,WOM000009677,
Department of Health,NHS Wolverhampton CCG,7/31/2018,C&M-GMS Cost of Drugs -Prescribing,LOCAL ENHANCED SERVICES,LEUNG & PARTNERS,23107712,"1,930.96",,WOM000009686,
Department of Health,NHS Wolverhampton CCG,7/31/2018,C&M-GMS Global Sum,PRC DELEGATED CO-COMMISSIONING,LEUNG & PARTNERS,23107712,"48,812.65",,WOM000009686,
Department of Health,NHS Wolverhampton CCG,7/31/2018,C&M-GMS MPIG Correction Factor,PRC DELEGATED CO-COMMISSIONING,LEUNG & PARTNERS,23107712,134.42,,WOM000009686,
Department of Health,NHS Wolverhampton CCG,7/31/2018,C&M-GMS Prem Notional Rent,PRC DELEGATED CO-COMMISSIONING,LEUNG & PARTNERS,23107712,"3,330.00",,WOM000009686,
Department of Health,NHS Wolverhampton CCG,7/31/2018,C&M-GMS Prof Fees Prescribing,PRC DELEGATED CO-COMMISSIONING,LEUNG & PARTNERS,23107712,253.00,,WOM000009686,
Department of Health,NHS Wolverhampton CCG,7/31/2018,C&M-GMS QOF Aspiration,PRC DELEGATED CO-COMMISSIONING,LEUNG & PARTNERS,23107712,"6,207.57",,WOM000009686,
Department of Health,NHS Wolverhampton CCG,7/31/2018,Clinical&Medical-Clinical Other,WINTER PRESSURES,WOLVERHAMPTON HOMES LTD,23117064,"29,996.00",05441967,2600025436,
Department of Health,NHS Wolverhampton CCG,7/31/2018,C&M-GMS Cost of Drugs -Prescribing,LOCAL ENHANCED SERVICES,DR NOBLE & PARTNERS,23122109,"1,829.15",,WOM000009662,
Department of Health,NHS Wolverhampton CCG,7/31/2018,C&M-GMS Global Sum,PRC DELEGATED CO-COMMISSIONING,DR NOBLE & PARTNERS,23122109,"70,872.22",,WOM000009662,
Department of Health,NHS Wolverhampton CCG,7/31/2018,C&M-GMS Other FDR Payment,PRC DELEGATED CO-COMMISSIONING,DR NOBLE & PARTNERS,23122109,"12,208.77",,WOM000009662,
Department of Health,NHS Wolverhampton CCG,7/31/2018,C&M-GMS Prem Notional Rent,PRC DELEGATED CO-COMMISSIONING,DR NOBLE & PARTNERS,23122109,"4,616.67",,WOM000009662,
Department of Health,NHS Wolverhampton CCG,7/31/2018,C&M-GMS Prof Fees Prescribing,PRC DELEGATED CO-COMMISSIONING,DR NOBLE & PARTNERS,23122109,220.80,,WOM000009662,
Department of Health,NHS Wolverhampton CCG,7/31/2018,C&M-GMS QOF Aspiration,PRC DELEGATED CO-COMMISSIONING,DR NOBLE & PARTNERS,23122109,"6,358.91",,WOM000009662,
Department of Health,NHS Wolverhampton CCG,7/31/2018,ME - GMS GP Prior Year ERs,PRC DELEGATED CO-COMMISSIONING,WEST PARK SURGERY,23122110,"(16,121.84)",,WOM000009668,
Department of Health,NHS Wolverhampton CCG,7/31/2018,ME-GMS GP Prior Year EEs,PRC DELEGATED CO-COMMISSIONING,WEST PARK SURGERY,23122110,"(15,135.26)",,WOM000009668,
Department of Health,NHS Wolverhampton CCG,7/31/2018,ME - PMS GP Prior Year ERs,PRC DELEGATED CO-COMMISSIONING,INTRAHEALTH LTD,23122111,"(9,121.48)",,WOM000009676,
Department of Health,NHS Wolverhampton CCG,7/31/2018,ME - PMS TPS Added Years Adj EEs,PRC DELEGATED CO-COMMISSIONING,INTRAHEALTH LTD,23122111,(130.97),,WOM000009676,
Department of Health,NHS Wolverhampton CCG,7/31/2018,ME-PMS GP Prior Year EEs,PRC DELEGATED CO-COMMISSIONING,INTRAHEALTH LTD,23122111,"(8,648.72)",,WOM000009676,
Department of Health,NHS Wolverhampton CCG,7/31/2018,C&M-GMS Cost of Drugs -Prescribing,LOCAL ENHANCED SERVICES,MUDIGONDA,23122112,129.00,,WOM000009690,
Department of Health,NHS Wolverhampton CCG,7/31/2018,C&M-GMS Global Sum,PRC DELEGATED CO-COMMISSIONING,MUDIGONDA,23122112,"28,701.97",,WOM000009690,
Department of Health,NHS Wolverhampton CCG,7/31/2018,C&M-GMS Prem Healthcentre Rent,PRC DELEGATED CO-COMMISSIONING,MUDIGONDA,23122112,"1,900.58",,WOM000009690,
Department of Health,NHS Wolverhampton CCG,7/31/2018,C&M-GMS Prof Fees Prescribing,PRC DELEGATED CO-COMMISSIONING,MUDIGONDA,23122112,110.40,,WOM000009690,
Department of Health,NHS Wolverhampton CCG,7/31/2018,C&M-GMS QOF Aspiration,PRC DELEGATED CO-COMMISSIONING,MUDIGONDA,23122112,"3,102.27",,WOM000009690,
Department of Health,NHS Wolverhampton CCG,7/31/2018,ME - GMS GP Prior Year ERs,PRC DELEGATED CO-COMMISSIONING,MUDIGONDA,23122112,862.80,,WOM000009690,
Department of Health,NHS Wolverhampton CCG,7/31/2018,ME-GMS GP Prior Year EEs,PRC DELEGATED CO-COMMISSIONING,MUDIGONDA,23122112,558.00,,WOM000009690,
Department of Health,NHS Wolverhampton CCG,7/31/2018,C&M-GMS Cost of Drugs -Prescribing,LOCAL ENHANCED SERVICES,VIJ VIJ RIKHI & MOHINDROO,23122113,"2,767.50",,WOM000009701,
Department of Health,NHS Wolverhampton CCG,7/31/2018,C&M-GMS DES Learn Dsblty Hlth Chk,PRC DELEGATED CO-COMMISSIONING,VIJ VIJ RIKHI & MOHINDROO,23122113,280.00,,WOM000009701,
Department of Health,NHS Wolverhampton CCG,7/31/2018,C&M-GMS Global Sum,PRC DELEGATED CO-COMMISSIONING,VIJ VIJ RIKHI & MOHINDROO,23122113,"100,383.31",,WOM000009701,
Department of Health,NHS Wolverhampton CCG,7/31/2018,C&M-GMS Prem Healthcentre Rent,PRC DELEGATED CO-COMMISSIONING,VIJ VIJ RIKHI & MOHINDROO,23122113,"4,114.33",,WOM000009701,
Department of Health,NHS Wolverhampton CCG,7/31/2018,C&M-GMS Prem Notional Rent,PRC DELEGATED CO-COMMISSIONING,VIJ VIJ RIKHI & MOHINDROO,23122113,"1,029.17",,WOM000009701,
Department of Health,NHS Wolverhampton CCG,7/31/2018,C&M-GMS Prem Water Rates,PRC DELEGATED CO-COMMISSIONING,VIJ VIJ RIKHI & MOHINDROO,23122113,"1,420.24",,WOM000009701,
Department of Health,NHS Wolverhampton CCG,7/31/2018,C&M-GMS Prof Fees Prescribing,PRC DELEGATED CO-COMMISSIONING,VIJ VIJ RIKHI & MOHINDROO,23122113,499.10,,WOM000009701,
Department of Health,NHS Wolverhampton CCG,7/31/2018,C&M-GMS QOF Aspiration,PRC DELEGATED CO-COMMISSIONING,VIJ VIJ RIKHI & MOHINDROO,23122113,"10,418.93",,WOM000009701,
Department of Health,NHS Wolverhampton CCG,7/31/2018,C&M-GMS Cost of Drugs -Prescribing,LOCAL ENHANCED SERVICES,WAGSTAFF & PARTNERS,23122114,"1,263.16",,WOM000009703,
Department of Health,NHS Wolverhampton CCG,7/31/2018,C&M-GMS DES UNPLANNED ADMISSIONS,PRC DELEGATED CO-COMMISSIONING,WAGSTAFF & PARTNERS,23122114,"9,401.70",,WOM000009703,
Department of Health,NHS Wolverhampton CCG,7/31/2018,C&M-GMS Global Sum,PRC DELEGATED CO-COMMISSIONING,WAGSTAFF & PARTNERS,23122114,"91,878.58",,WOM000009703,
Department of Health,NHS Wolverhampton CCG,7/31/2018,C&M-GMS Other FDR Payment,PRC DELEGATED CO-COMMISSIONING,WAGSTAFF & PARTNERS,23122114,"4,985.48",,WOM000009703,
Department of Health,NHS Wolverhampton CCG,7/31/2018,C&M-GMS PCO Other,PRC DELEGATED CO-COMMISSIONING,WAGSTAFF & PARTNERS,23122114,"7,598.00",,WOM000009703,
Department of Health,NHS Wolverhampton CCG,7/31/2018,C&M-GMS Prem Actual Rent,PRC DELEGATED CO-COMMISSIONING,WAGSTAFF & PARTNERS,23122114,"28,432.44",,WOM000009703,
Department of Health,NHS Wolverhampton CCG,7/31/2018,C&M-GMS Prem Water Rates,PRC DELEGATED CO-COMMISSIONING,WAGSTAFF & PARTNERS,23122114,782.36,,WOM000009703,
Department of Health,NHS Wolverhampton CCG,7/31/2018,C&M-GMS Prof Fees Prescribing,PRC DELEGATED CO-COMMISSIONING,WAGSTAFF & PARTNERS,23122114,427.80,,WOM000009703,
Department of Health,NHS Wolverhampton CCG,7/31/2018,C&M-GMS QOF Aspiration,PRC DELEGATED CO-COMMISSIONING,WAGSTAFF & PARTNERS,23122114,"8,422.55",,WOM000009703,
Department of Health,NHS Wolverhampton CCG,7/31/2018,C&M-GMS Cost of Drugs -Prescribing,LOCAL ENHANCED SERVICES,WHITE & PARTNERS,23122115,"1,983.82",,WOM000009706,
Department of Health,NHS Wolverhampton CCG,7/31/2018,C&M-GMS DES UNPLANNED ADMISSIONS,PRC DELEGATED CO-COMMISSIONING,WHITE & PARTNERS,23122115,"8,818.04",,WOM000009706,
Department of Health,NHS Wolverhampton CCG,7/31/2018,C&M-GMS Global Sum,PRC DELEGATED CO-COMMISSIONING,WHITE & PARTNERS,23122115,"82,341.04",,WOM000009706,
Department of Health,NHS Wolverhampton CCG,7/31/2018,C&M-GMS Other FDR Payment,PRC DELEGATED CO-COMMISSIONING,WHITE & PARTNERS,23122115,"4,438.75",,WOM000009706,
Department of Health,NHS Wolverhampton CCG,7/31/2018,C&M-GMS Prem Actual Rent,PRC DELEGATED CO-COMMISSIONING,WHITE & PARTNERS,23122115,"5,441.67",,WOM000009706,
Department of Health,NHS Wolverhampton CCG,7/31/2018,C&M-GMS Prof Fees Prescribing,PRC DELEGATED CO-COMMISSIONING,WHITE & PARTNERS,23122115,437.00,,WOM000009706,
Department of Health,NHS Wolverhampton CCG,7/31/2018,C&M-GMS QOF Aspiration,PRC DELEGATED CO-COMMISSIONING,WHITE & PARTNERS,23122115,"8,962.41",,WOM000009706,
Department of Health,NHS Wolverhampton CCG,7/31/2018,C&M-GMS Global Sum,PRC DELEGATED CO-COMMISSIONING,BRADLEY MEDICAL CENTRE,23122116,"23,936.93",,WOM000009710,
Department of Health,NHS Wolverhampton CCG,7/31/2018,C&M-GMS PCO Locum Adop/Pat/Mat,PRC DELEGATED CO-COMMISSIONING,BRADLEY MEDICAL CENTRE,23122116,"43,883.80",,WOM000009710,
Department of Health,NHS Wolverhampton CCG,7/31/2018,C&M-GMS Prem Notional Rent,PRC DELEGATED CO-COMMISSIONING,BRADLEY MEDICAL CENTRE,23122116,"2,268.33",,WOM000009710,
Department of Health,NHS Wolverhampton CCG,7/31/2018,C&M-GMS QOF Aspiration,PRC DELEGATED CO-COMMISSIONING,BRADLEY MEDICAL CENTRE,23122116,"2,110.48",,WOM000009710,
Department of Health,NHS Wolverhampton CCG,7/31/2018,Hospitality,PRESCRIBING,TUDOR MEDICAL CENTRE,23148566,"25,291.83",,PISJUL1801,
Department of Health,NHS Wolverhampton CCG,7/31/2018,Cont Care-Physical Disab (65+),CHC ADULT FULLY FUNDED,WOLVERHAMPTON CITY COUNCIL,23164854,"363,459.40",101268711,600235696X,
Department of Health,NHS Wolverhampton CCG,7/31/2018,Clinical&Medical-Independent Sector,HOSPICES,ACORNS CHILDRENS HOSPICE TRUST,23164860,"29,846.00",,SINT1112,
Department of Health,NHS Wolverhampton CCG,7/31/2018,Clinical&Medical-Independent Sector,HOSPICES,ACORNS CHILDRENS HOSPICE TRUST,23164863,"29,846.00",,SINT1091,
Department of Health,NHS Wolverhampton CCG,7/31/2018,Hcare Srv Rec NHS Trust-Prior Year,ACUTE COMMISSIONING,UNIVERSITY HOSPITALS OF NORTH MIDLANDS NHS TRUST,23224924,"45,440.00",654932808,I0003474,
Department of Health,NHS Wolverhampton CCG,7/31/2018,Clinical&Medical-Clinical Other,WINTER PRESSURES,WOLVERHAMPTON VOLUNTARY SECTOR COUNCIL,23229110,"30,938.50",,1734,
Department of Health,NHS Wolverhampton CCG,7/31/2018,Clinical&Medical-Voluntary Sector,WINTER PRESSURES,P3,23229128,"27,385.00",,INVS003098,
Department of Health,NHS Wolverhampton CCG,7/31/2018,Cont Care- Children,CHC CHILDREN,WOLVERHAMPTON CITY COUNCIL,23259191,"35,484.44",101268711,6002398558,
Department of Health,NHS Wolverhampton CCG,7/31/2018,Clinical&Medical-Serv Recd-F Trsts,MENTAL HEALTH SERVICES - WINTER RESILIENCE,BLACK COUNTRY PARTNERSHIP NHS FOUNDATION TRUST,23259197,"(33,978.00)",,1200000539,
Department of Health,NHS Wolverhampton CCG,7/31/2018,Clinical&Medical-Othe Public Sector,SAFEGUARDING,WOLVERHAMPTON CITY COUNCIL,23259200,"1,741,726.83",101268711,6002436549,
Department of Health,NHS Wolverhampton CCG,7/31/2018,Programme Support Costs,COMMISSIONING,ADVISORY BOARD COMPANY (THE),23259341,"29,950.00",,CINV164967,
,,,,,,,"28,101,163.49",,,
,,,,,,,,,,
,,,,,,,,,,
,,,,,,,,,,
Take Out,,,,,,,,,,
,,,,,,,,,,
,,,,,,,,,,
,,,,,,,,,,
,,,,,,,,,,
,,,,,,,,,,
,,,,,,,,,,
,,,,,,,,,,
,,,,,,,,,,
,,,,,,,,,,
,,,,,,,,,,
,,,,,,,,,,
,,,,,,,,,,
,,,,,,,,,,
,,,,,,,,,,
,,,,,,,,,,
,,,,,,,,,,
,,,,,,,,,,
,,,,,,,,,,
,,,,,,,,,,
,,,,,,,,,,
,,,,,,,,,,
,,,,,,,,,,
,,,,,,,,,,
,,,,,,,,,,
,,,,,,,,,,
,,,,,,,,,,
,,,,,,,,,,
,,,,,,,,,,
,,,,,,,,,,
,,,,,,,,,,
,,,,,,,,,,
,,,,,,,,,,
,,,,,,,,,,
,,,,,,,,,,
,,,,,,,,,,
,,,,,,,,,,
,,,,,,,,,,
,,,,,,,,,,
,,,,,,,,,,
,,,,,,,,,,
,,,,,,,,,,
,,,,,,,,,,
,,,,,,,,,,
,,,,,,,,,,
,,,,,,,,,,
,,,,,,,,,,
,,,,,,,,,,
,,,,,,,,,,
,,,,,,,,,,
,,,,,,,,,,
,,,,,,,,,,
,,,,,,,,,,
,,,,,,,,,,
,,,,,,,,,,
,,,,,,,,,,
,,,,,,,,,,
,,,,,,,,,,
,,,,,,,,,,
,,,,,,,,,,
,,,,,,,,,,
,,,,,,,,,,
,,,,,,,,,,
,,,,,,,,,,
,,,,,,,,,,
,,,,,,,,,,
,,,,,,,,,,
,,,,,,,,,,
,,,,,,,,,,
,,,,,,,,,,
,,,,,,,,,,
,,,,,,,,,,
,,,,,,,,,,
,,,,,,,,,,
,,,,,,,,,,
,,,,,,,,,,
,,,,,,,,,,
,,,,,,,,,,
,,,,,,,,,,
,,,,,,,,,,
,,,,,,,,,,
,,,,,,,,,,
,,,,,,,,,,
,,,,,,,,,,
,,,,,,,,,,
,,,,,,,,,,
,,,,,,,,,,
,,,,,,,,,,
,,,,,,,,,,
,,,,,,,,,,
,,,,,,,,,,
,,,,,,,,,,
,,,,,,,,,,
,,,,,,,,,,
,,,,,,,,,,
,,,,,,,,,,
,,,,,,,,,,
,,,,,,,,,,
,,,,,,,,,,
,,,,,,,,,,
,,,,,,,,,,
,,,,,,,,,,
,,,,,,,,,,
,,,,,,,,,,
,,,,,,,,,,
,,,,,,,,,,
,,,,,,,,,,
,,,,,,,,,,
,,,,,,,,,,
,,,,,,,,,,
,,,,,,,,,,
,,,,,,,,,,
,,,,,,,,,,
,,,,,,,,,,
,,,,,,,,,,
,,,,,,,,,,
,,,,,,,,,,
,,,,,,,,,,
,,,,,,,,,,
,,,,,,,,,,
,,,,,,,,,,
,,,,,,,,,,
,,,,,,,,,,
,,,,,,,,,,
,,,,,,,,,,
,,,,,,,,,,
,,,,,,,,,,
,,,,,,,,,,
,,,,,,,,,,
,,,,,,,,,,
,,,,,,,,,,
,,,,,,,,,,
,,,,,,,,,,
,,,,,,,,,,
,,,,,,,,,,
,,,,,,,,,,
,,,,,,,,,,
,,,,,,,,,,
,,,,,,,,,,
,,,,,,,,,,
,,,,,,,,,,
,,,,,,,,,,
,,,,,,,,,,
,,,,,,,,,,
,,,,,,,,,,
,,,,,,,,,,
,,,,,,,,,,
,,,,,,,,,,
,,,,,,,,,,
,,,,,,,,,,
,,,,,,,,,,
,,,,,,,,,,
,,,,,,,,,,
,,,,,,,,,,
,,,,,,,,,,
,,,,,,,,,,
,,,,,,,,,,
,,,,,,,,,,
,,,,,,,,,,
,,,,,,,,,,
,,,,,,,,,,
,,,,,,,,,,
,,,,,,,,,,
,,,,,,,,,,
,,,,,,,,,,
,,,,,,,,,,
,,,,,,,,,,
,,,,,,,,,,
,,,,,,,,,,
,,,,,,,,,,
,,,,,,,,,,
,,,,,,,,,,
,,,,,,,,,,
,,,,,,,,,,
,,,,,,,,,,
,,,,,,,,,,
,,,,,,,,,,
,,,,,,,,,,
,,,,,,,,,,
,,,,,,,,,,
,,,,,,,,,,
,,,,,,,,,,
,,,,,,,,,,
,,,,,,,,,,
,,,,,,,,,,
,,,,,,,,,,
,,,,,,,,,,
,,,,,,,,,,
,,,,,,,,,,
,,,,,,,,,,
,,,,,,,,,,
,,,,,,,,,,
,,,,,,,,,,
,,,,,,,,,,
,,,,,,,,,,
,,,,,,,,,,
,,,,,,,,,,
,,,,,,,,,,
,,,,,,,,,,
