,,,,,,,,,,
,,,,,,,,,,
NHS Wolverhampton CCG,,,,,,,,,,
>25k Expenditure,,,,,,,,,Oct-18,
,,,,,,,,,,
Department family,Entity,Date,Expense Type,Expense area,Supplier,Transaction number,AP Amount (�),VAT registration number,Purchase invoice number,
Department of Health,NHS Wolverhampton CCG,10/31/2018,Hcare Srv Rec NHS Trust-Drugs,PRESCRIBING,ROYAL WOLVERHAMPTON HOSPITALS NHS TRUST (THE),24092212,"58,451.25",654947886,0000221256,
Department of Health,NHS Wolverhampton CCG,10/31/2018,Hcare Srv Rec NHS Trust-Drugs,PRESCRIBING,ROYAL WOLVERHAMPTON HOSPITALS NHS TRUST (THE),24092215,"65,333.13",654947886,0000221267,
Department of Health,NHS Wolverhampton CCG,10/31/2018,Soc Care-Other Soc Care,PROGRAMME PROJECTS,WOLVERHAMPTON CITY COUNCIL,24110325,"553,083.00",101268711,BCFOCT18B,
Department of Health,NHS Wolverhampton CCG,10/31/2018,Soc Care-Other Soc Care,PROGRAMME PROJECTS,WOLVERHAMPTON CITY COUNCIL,24110326,"3,040,950.00",101268711,BCFOCT18A,
Department of Health,NHS Wolverhampton CCG,10/31/2018,Hcare Srv Rec Fdtn Trust-Contract Baseline,MENTAL HEALTH CONTRACTS,BLACK COUNTRY PARTNERSHIP NHS FOUNDATION TRUST,24110327,"2,412,976.67",,SLAOCT18-06,
Department of Health,NHS Wolverhampton CCG,10/31/2018,Hcare Srv Rec Fdtn Trust-CQUIN,MENTAL HEALTH CONTRACTS,BLACK COUNTRY PARTNERSHIP NHS FOUNDATION TRUST,24110328,"60,135.67",,CQUNOCT18-06,
Department of Health,NHS Wolverhampton CCG,10/31/2018,Hcare Srv Rec Fdtn Trust-Contract Baseline,MENTAL HEALTH CONTRACTS,BLACK COUNTRY PARTNERSHIP NHS FOUNDATION TRUST,24110329,"(2,412,976.67)",,SLASEP18-06R,
Department of Health,NHS Wolverhampton CCG,10/31/2018,Hcare Srv Rec Fdtn Trust-CQUIN,MENTAL HEALTH CONTRACTS,BLACK COUNTRY PARTNERSHIP NHS FOUNDATION TRUST,24110330,"(60,135.67)",,CQUSEP18-06R,
Department of Health,NHS Wolverhampton CCG,10/31/2018,External Data Contracts,PROGRAMME PROJECTS,ROYAL WOLVERHAMPTON HOSPITALS NHS TRUST (THE),24118844,"36,883.00",654947886,0000221664,
Department of Health,NHS Wolverhampton CCG,10/31/2018,Clinical&Medical-Independent Sector,COMMUNITY SERVICES,COMPTON HOSPICE LTD,24118845,"25,000.00",,CCG19014,
Department of Health,NHS Wolverhampton CCG,10/31/2018,Clinical&Medical-Independent Sector,COMMUNITY SERVICES,CONCORDIA SPECIALIST CARE SERVICES,24132032,"40,763.50",143786783,WOLVSEPT18,
Department of Health,NHS Wolverhampton CCG,10/31/2018,Hcare Srv Rec Fdtn Trust-Contract Baseline,MENTAL HEALTH CONTRACTS,BLACK COUNTRY PARTNERSHIP NHS FOUNDATION TRUST,24164038,"2,412,976.67",,SLASEP18-06A,
Department of Health,NHS Wolverhampton CCG,10/31/2018,Hcare Srv Rec Fdtn Trust-CQUIN,MENTAL HEALTH CONTRACTS,BLACK COUNTRY PARTNERSHIP NHS FOUNDATION TRUST,24164041,"60,135.67",,CQUNSEP18-06A,
Department of Health,NHS Wolverhampton CCG,10/31/2018,Sterile Products,PRESCRIBING,ROYAL WOLVERHAMPTON HOSPITALS NHS TRUST (THE),24165011,"95,953.47",654947886,0000221715,
Department of Health,NHS Wolverhampton CCG,10/31/2018,Chrgs from SLA,PRESCRIBING,FIRST DATABANK UK LTD,24167948,"92,687.10",585 826 589,8014,
Department of Health,NHS Wolverhampton CCG,10/31/2018,Hcare Srv Rec Fdtn Trust-Contract Baseline,ACUTE COMMISSIONING,BIRMINGHAM WOMENS AND CHILDRENS NHS FOUNDATION TRUST,24172793,"71,061.25",,SLAOCT18-02,
Department of Health,NHS Wolverhampton CCG,10/31/2018,Hcare Srv Rec NHS Trust-Contract Baseline,MENTAL HEALTH CONTRACTS,DUDLEY AND WALSALL MENTAL HEALTH PARTNERSHIP NHS TRUST,24172795,"42,742.50",654439224,SLAOCT18-05,
Department of Health,NHS Wolverhampton CCG,10/31/2018,Hcare Srv Rec Fdtn Trust-Contract Baseline,ACUTE COMMISSIONING,DUDLEY GROUP HOSPITALS NHS FOUNDATION TRUST,24172799,"414,556.08",654919109,SLAOCT18-06,
Department of Health,NHS Wolverhampton CCG,10/31/2018,Hcare Srv Rec Fdtn Trust-Contract Baseline,ACUTE COMMISSIONING,UNIVERSITY HOSPITALS BIRMINGHAM NHS FOUNDATION TRUST,24172803,"29,834.17",GB654912816,SLAOCT18-07,
Department of Health,NHS Wolverhampton CCG,10/31/2018,Hcare Srv Rec Fdtn Trust-Contract Baseline,ACUTE COMMISSIONING,ROYAL ORTHOPAEDIC HOSPITAL NHS FOUNDATION TRUST,24172811,"29,973.33",654965296,SLAOCT18-10,
Department of Health,NHS Wolverhampton CCG,10/31/2018,Hcare Srv Rec NHS Trust-Contract Baseline,ACUTE COMMISSIONING,ROYAL WOLVERHAMPTON HOSPITALS NHS TRUST (THE),24172815,"13,393,511.00",654947886,SLAOCT18-11,
Department of Health,NHS Wolverhampton CCG,10/31/2018,Hcare Srv Rec NHS Trust-CQUIN,ACUTE COMMISSIONING,ROYAL WOLVERHAMPTON HOSPITALS NHS TRUST (THE),24172817,"158,441.00",654947886,CQUNOCT18-11,
Department of Health,NHS Wolverhampton CCG,10/31/2018,Hcare Srv Rec NHS Trust-Contract Baseline,ACUTE COMMISSIONING,ROYAL WOLVERHAMPTON HOSPITALS NHS TRUST (THE),24172819,"(26,461.00)",654947886,POLCVOCT18,
Department of Health,NHS Wolverhampton CCG,10/31/2018,Hcare Srv Rec NHS Trust-Contract Baseline,ACUTE COMMISSIONING,ROYAL WOLVERHAMPTON HOSPITALS NHS TRUST (THE),24172822,"(92,250.00)",654947886,CC2HOCT18-11,
Department of Health,NHS Wolverhampton CCG,10/31/2018,Hcare Srv Rec NHS Trust-Contract Baseline,COMMUNITY SERVICES,ROYAL WOLVERHAMPTON HOSPITALS NHS TRUST (THE),24172829,"2,715,184.00",654947886,SLAOCT18-12,
Department of Health,NHS Wolverhampton CCG,10/31/2018,Hcare Srv Rec NHS Trust-CQUIN,COMMUNITY SERVICES,ROYAL WOLVERHAMPTON HOSPITALS NHS TRUST (THE),24172831,"33,940.00",654947886,CQUNOCT18-12,
Department of Health,NHS Wolverhampton CCG,10/31/2018,Hcare Srv Rec NHS Trust-Contract Baseline,ACUTE COMMISSIONING,SANDWELL AND WEST BIRMINGHAM HOSPITALS NHS TRUST,24172834,"81,043.60",GB654916216,SLAOCT18-13,
Department of Health,NHS Wolverhampton CCG,10/31/2018,Hcare Srv Rec NHS Trust-Contract Baseline,ACUTE COMMISSIONING,SHREWSBURY&TELFORD HOSPITAL NHS TRUST,24172838,"32,466.33",654939296,SLAOCT18-14,
Department of Health,NHS Wolverhampton CCG,10/31/2018,Hcare Srv Rec Fdtn Trust-Contract Baseline,ACUTE COMMISSIONING,UNIVERSITY HOSPITALS BIRMINGHAM NHS FOUNDATION TRUST,24172846,"175,232.83",GB654912816,SLAOCT18-17,
Department of Health,NHS Wolverhampton CCG,10/31/2018,Hcare Srv Rec NHS Trust-Contract Baseline,ACUTE COMMISSIONING,UNIVERSITY HOSPITALS OF NORTH MIDLANDS NHS TRUST,24172850,"48,893.92",654932808,SLAOCT18-18,
Department of Health,NHS Wolverhampton CCG,10/31/2018,Hcare Srv Rec NHS Trust-Contract Baseline,ACUTE COMMISSIONING,WALSALL HEALTHCARE NHS TRUST,24172853,"152,176.08",654948981,SLAOCT18-19,
Department of Health,NHS Wolverhampton CCG,10/31/2018,Hcare Srv Rec Fdtn Trust-Contract Baseline,AMBULANCE SERVICES,WEST MIDLANDS AMBULANCE SERVICE NHS FOUNDATION TRUST,24172856,"844,949.50",GB654950708,SLAOCT18-20,
Department of Health,NHS Wolverhampton CCG,10/31/2018,Hcare Srv Rec NHS CCG-Contract Baseline,NHS 111,NHS SANDWELL AND WEST BIRMINGHAM CCG,24172859,"74,161.00",,SLAOCT18-50,
Department of Health,NHS Wolverhampton CCG,10/31/2018,Clinical&Medical-Commercial Sector,ACUTE COMMISSIONING,NUFFIELD HEALTH,24172862,"273,145.00",564291137,SLAOCT18-52,
Department of Health,NHS Wolverhampton CCG,10/31/2018,Charges from CSU,CORPORATE COSTS & SERVICES,NHS ARDEN AND GEM CSU,24172863,"35,809.81",GB526164259,SLAOCT18-46,
Department of Health,NHS Wolverhampton CCG,10/31/2018,Clinical&Medical-Independent Sector,INTERMEDIATE CARE,ACCORD HOUSING ASSOCIATION LTD,24172864,"73,305.00",GB880 9887 56,SLAOCT18-36,
Department of Health,NHS Wolverhampton CCG,10/31/2018,Clinical&Medical-Independent Sector,HOSPICES,COMPTON HOSPICE LTD,24172866,"165,241.00",,SLAOCT18-53,
Department of Health,NHS Wolverhampton CCG,10/31/2018,Clinical&Medical-Commercial Sector,COUNSELLING SERVICES,REMPLOY LTD,24172867,"120,834.00",,IPSOCT18REMP,
Department of Health,NHS Wolverhampton CCG,10/31/2018,Clinical&Medical-Serv Recd-NHS Trst,COUNSELLING SERVICES,DUDLEY AND WALSALL MENTAL HEALTH PARTNERSHIP NHS TRUST,24172868,"60,417.00",654439224,IPSOCT18DWMH,
Department of Health,NHS Wolverhampton CCG,10/31/2018,Clinical&Medical-Commercial Sector,COUNSELLING SERVICES,PROSPECTS,24172869,"60,417.00",,IPSOCT18PROS,
Department of Health,NHS Wolverhampton CCG,10/31/2018,Clinical&Medical-Independent Sector,ACUTE COMMISSIONING,NORTHERN DOCTORS URGENT CARE,24172870,"217,790.00",GB124571918,URGCAREOCT18,
Department of Health,NHS Wolverhampton CCG,10/31/2018,Cont Care-Funded Nursing Care Allow,FUNDED NURSING CARE,CARAM (AH) LTD,24193012,"30,705.70",,QASep18FNC16,
Department of Health,NHS Wolverhampton CCG,10/31/2018,Cont Care-Funded Nursing Care Allow,FUNDED NURSING CARE,BENTLEY COURT PRIORY,24193015,"37,371.03",,QASep18FNC2,
Department of Health,NHS Wolverhampton CCG,10/31/2018,Cont Care-Funded Nursing Care Allow,FUNDED NURSING CARE,CENTRAL ENGLAND HEALTHCARE (WOLVERHAMPTON) LTD,24193018,"32,219.50",,QASep18FNC15,
Department of Health,NHS Wolverhampton CCG,10/31/2018,Cont Care-Funded Nursing Care Allow,FUNDED NURSING CARE,NEWLYN COURT NURSING HOME,24193021,"32,287.30",,QASep18FNC3,
Department of Health,NHS Wolverhampton CCG,10/31/2018,Cont Care-Funded Nursing Care Allow,FUNDED NURSING CARE,FIRST CARE SERVICES ORCHARD HOUSE,24193024,"27,113.20",,QASep18FNC10,
Department of Health,NHS Wolverhampton CCG,10/31/2018,Clinical&Medical-Independent Sector,COMMUNITY SERVICES,CONNECT HEALTH LTD,24195161,"146,513.25",,66831,
Department of Health,NHS Wolverhampton CCG,10/31/2018,Clinical&Medical-Independent Sector,COMMUNITY SERVICES,CONCORDIA SPECIALIST CARE SERVICES,24195214,"40,763.50",143786783,WOLVOCT18,
Department of Health,NHS Wolverhampton CCG,10/31/2018,Charges from CSU,CORPORATE COSTS & SERVICES,NHS MIDLANDS AND LANCASHIRE CSU,24195225,"26,421.00",GB 654442045,7312311456,
Department of Health,NHS Wolverhampton CCG,10/31/2018,Charges from CSU,PRESCRIBING,NHS MIDLANDS AND LANCASHIRE CSU,24195225,"6,769.58",GB 654442045,7312311456,
Department of Health,NHS Wolverhampton CCG,10/31/2018,Chrgs from SLA,PRESCRIBING,ROYAL WOLVERHAMPTON HOSPITALS NHS TRUST (THE),24249809,"53,079.25",654947886,0000221856,
Department of Health,NHS Wolverhampton CCG,10/31/2018,Clinical&Medical-Independent Sector,COMMUNITY SERVICES,SICKLE CELL & THALASSAEMIA SUPPORT PROJECT (WOLVERHAMPTON),24249851,"26,612.79",,377,
Department of Health,NHS Wolverhampton CCG,10/31/2018,Other Gen Supplies & Srv,INTERPRETING SERVICES,ABSOLUTE INTERPRETING & TRANSLATION LTD,24258750,"22,916.67",919 9117 92,172763,
Department of Health,NHS Wolverhampton CCG,10/31/2018,Contract & Agency-Agency A & C,COUNSELLING SERVICES,SOCIAL FINANCE LTD,24269941,"49,500.00",931921137,1255,
Department of Health,NHS Wolverhampton CCG,10/31/2018,Audit Fees: Statutory,CEO/ BOARD OFFICE,GRANT THORNTON UK LLP,24338607,"50,160.00",835586102,8876434,
Department of Health,NHS Wolverhampton CCG,10/31/2018,Hcare Srv Rec NHS Trust-Non Contract,NCAS/OATS,UNIVERSITY HOSPITALS OF LEICESTER NHS TRUST,24340107,"26,794.71",654972400,L0215696,
Department of Health,NHS Wolverhampton CCG,10/31/2018,C&M-GMS Prem Clinical Waste,PRC DELEGATED CO-COMMISSIONING,NHS ENGLAND,24340157,"27,908.70",654 442 045,7000029534,
Department of Health,NHS Wolverhampton CCG,10/31/2018,Clinical&Medical-Independent Sector,MENTAL HEALTH SERVICES - ADULTS,ACCORD HOUSING ASSOCIATION LTD,24340175,"26,611.09",GB880 9887 56,SLINV00062144,
Department of Health,NHS Wolverhampton CCG,10/31/2018,Prescribing Incentives,PRESCRIBING,ROYAL WOLVERHAMPTON HOSPITALS NHS TRUST (THE),24357053,"50,354.60",654947886,0000222012,
Department of Health,NHS Wolverhampton CCG,10/31/2018,C&M-GMS Cost of Drugs -Prescribing,LOCAL ENHANCED SERVICES,DR G DHILLON AND A NANDANAVANAM,24369662,554.69,,WOM000009971,
Department of Health,NHS Wolverhampton CCG,10/31/2018,C&M-GMS Global Sum,PRC DELEGATED CO-COMMISSIONING,DR G DHILLON AND A NANDANAVANAM,24369662,"38,127.26",,WOM000009971,
Department of Health,NHS Wolverhampton CCG,10/31/2018,C&M-GMS MPIG Correction Factor,PRC DELEGATED CO-COMMISSIONING,DR G DHILLON AND A NANDANAVANAM,24369662,570.85,,WOM000009971,
Department of Health,NHS Wolverhampton CCG,10/31/2018,C&M-GMS Prem Healthcentre Rent,PRC DELEGATED CO-COMMISSIONING,DR G DHILLON AND A NANDANAVANAM,24369662,"1,202.67",,WOM000009971,
Department of Health,NHS Wolverhampton CCG,10/31/2018,C&M-GMS Prem Notional Rent,PRC DELEGATED CO-COMMISSIONING,DR G DHILLON AND A NANDANAVANAM,24369662,"1,383.33",,WOM000009971,
Department of Health,NHS Wolverhampton CCG,10/31/2018,C&M-GMS Prof Fees Prescribing,PRC DELEGATED CO-COMMISSIONING,DR G DHILLON AND A NANDANAVANAM,24369662,117.30,,WOM000009971,
Department of Health,NHS Wolverhampton CCG,10/31/2018,C&M-GMS QOF Aspiration,PRC DELEGATED CO-COMMISSIONING,DR G DHILLON AND A NANDANAVANAM,24369662,"3,584.45",,WOM000009971,
Department of Health,NHS Wolverhampton CCG,10/31/2018,C&M-GMS Cost of Drugs -Prescribing,LOCAL ENHANCED SERVICES,WEST PARK SURGERY,24369664,297.81,,WOM000009987,
Department of Health,NHS Wolverhampton CCG,10/31/2018,C&M-GMS Global Sum,PRC DELEGATED CO-COMMISSIONING,WEST PARK SURGERY,24369664,"29,652.28",,WOM000009987,
Department of Health,NHS Wolverhampton CCG,10/31/2018,C&M-GMS Prem Notional Rent,PRC DELEGATED CO-COMMISSIONING,WEST PARK SURGERY,24369664,"1,412.50",,WOM000009987,
Department of Health,NHS Wolverhampton CCG,10/31/2018,C&M-GMS Prof Fees Prescribing,PRC DELEGATED CO-COMMISSIONING,WEST PARK SURGERY,24369664,151.80,,WOM000009987,
Department of Health,NHS Wolverhampton CCG,10/31/2018,C&M-GMS QOF Aspiration,PRC DELEGATED CO-COMMISSIONING,WEST PARK SURGERY,24369664,"2,576.84",,WOM000009987,
Department of Health,NHS Wolverhampton CCG,10/31/2018,ME - GMS GP Prior Year ERs,PRC DELEGATED CO-COMMISSIONING,WEST PARK SURGERY,24369664,"2,428.63",,WOM000009987,
Department of Health,NHS Wolverhampton CCG,10/31/2018,ME-GMS GP Prior Year EEs,PRC DELEGATED CO-COMMISSIONING,WEST PARK SURGERY,24369664,"2,371.11",,WOM000009987,
Department of Health,NHS Wolverhampton CCG,10/31/2018,C&M-PMS Contract Value,PRC DELEGATED CO-COMMISSIONING,INTRAHEALTH LTD,24369665,"58,221.00",,WOM000009995,
Department of Health,NHS Wolverhampton CCG,10/31/2018,C&M-PMS Cost of Drugs -Prescribing,LOCAL ENHANCED SERVICES,INTRAHEALTH LTD,24369665,82.51,,WOM000009995,
Department of Health,NHS Wolverhampton CCG,10/31/2018,C&M-PMS Prem Healthcentre Rent,PRC DELEGATED CO-COMMISSIONING,INTRAHEALTH LTD,24369665,"4,393.83",,WOM000009995,
Department of Health,NHS Wolverhampton CCG,10/31/2018,C&M-PMS Prof fees Prescribing,PRC DELEGATED CO-COMMISSIONING,INTRAHEALTH LTD,24369665,62.10,,WOM000009995,
Department of Health,NHS Wolverhampton CCG,10/31/2018,C&M-PMS QOF Aspiration,PRC DELEGATED CO-COMMISSIONING,INTRAHEALTH LTD,24369665,"2,609.45",,WOM000009995,
Department of Health,NHS Wolverhampton CCG,10/31/2018,C&M-GMS Cost of Drugs -Prescribing,LOCAL ENHANCED SERVICES,LEUNG & PARTNERS,24369666,"1,080.27",,WOM000010003,
Department of Health,NHS Wolverhampton CCG,10/31/2018,C&M-GMS DES Learn Dsblty Hlth Chk,PRC DELEGATED CO-COMMISSIONING,LEUNG & PARTNERS,24369666,140.00,,WOM000010003,
Department of Health,NHS Wolverhampton CCG,10/31/2018,C&M-GMS Global Sum,PRC DELEGATED CO-COMMISSIONING,LEUNG & PARTNERS,24369666,"53,567.39",,WOM000010003,
Department of Health,NHS Wolverhampton CCG,10/31/2018,C&M-GMS MPIG Correction Factor,PRC DELEGATED CO-COMMISSIONING,LEUNG & PARTNERS,24369666,134.42,,WOM000010003,
Department of Health,NHS Wolverhampton CCG,10/31/2018,C&M-GMS Prem Notional Rent,PRC DELEGATED CO-COMMISSIONING,LEUNG & PARTNERS,24369666,"3,330.00",,WOM000010003,
Department of Health,NHS Wolverhampton CCG,10/31/2018,C&M-GMS Prof Fees Prescribing,PRC DELEGATED CO-COMMISSIONING,LEUNG & PARTNERS,24369666,181.70,,WOM000010003,
Department of Health,NHS Wolverhampton CCG,10/31/2018,C&M-GMS QOF Aspiration,PRC DELEGATED CO-COMMISSIONING,LEUNG & PARTNERS,24369666,"6,207.57",,WOM000010003,
Department of Health,NHS Wolverhampton CCG,10/31/2018,C&M-GMS Cost of Drugs -Prescribing,LOCAL ENHANCED SERVICES,BAGARY & BAGARY,24370778,718.74,,WOM000009960,
Department of Health,NHS Wolverhampton CCG,10/31/2018,C&M-GMS Global Sum,PRC DELEGATED CO-COMMISSIONING,BAGARY & BAGARY,24370778,"61,125.14",,WOM000009960,
Department of Health,NHS Wolverhampton CCG,10/31/2018,C&M-GMS Prem Healthcentre Rent,PRC DELEGATED CO-COMMISSIONING,BAGARY & BAGARY,24370778,"1,096.00",,WOM000009960,
Department of Health,NHS Wolverhampton CCG,10/31/2018,C&M-GMS Prem Notional Rent,PRC DELEGATED CO-COMMISSIONING,BAGARY & BAGARY,24370778,"4,337.25",,WOM000009960,
Department of Health,NHS Wolverhampton CCG,10/31/2018,C&M-GMS Prof Fees Prescribing,PRC DELEGATED CO-COMMISSIONING,BAGARY & BAGARY,24370778,333.50,,WOM000009960,
Department of Health,NHS Wolverhampton CCG,10/31/2018,C&M-GMS QOF Aspiration,PRC DELEGATED CO-COMMISSIONING,BAGARY & BAGARY,24370778,"4,082.47",,WOM000009960,
Department of Health,NHS Wolverhampton CCG,10/31/2018,C&M-GMS Cost of Drugs -Prescribing,LOCAL ENHANCED SERVICES,AGRAWAL,24370780,"2,471.33",,WOM000009962,
Department of Health,NHS Wolverhampton CCG,10/31/2018,C&M-GMS Global Sum,PRC DELEGATED CO-COMMISSIONING,AGRAWAL,24370780,"132,097.09",,WOM000009962,
Department of Health,NHS Wolverhampton CCG,10/31/2018,C&M-GMS MPIG Correction Factor,PRC DELEGATED CO-COMMISSIONING,AGRAWAL,24370780,688.79,,WOM000009962,
Department of Health,NHS Wolverhampton CCG,10/31/2018,C&M-GMS PCO Locum Adop/Pat/Mat,PRC DELEGATED CO-COMMISSIONING,AGRAWAL,24370780,"7,486.08",,WOM000009962,
Department of Health,NHS Wolverhampton CCG,10/31/2018,C&M-GMS Prem Notional Rent,PRC DELEGATED CO-COMMISSIONING,AGRAWAL,24370780,"8,112.50",,WOM000009962,
Department of Health,NHS Wolverhampton CCG,10/31/2018,C&M-GMS Prof Fees Prescribing,PRC DELEGATED CO-COMMISSIONING,AGRAWAL,24370780,469.20,,WOM000009962,
Department of Health,NHS Wolverhampton CCG,10/31/2018,C&M-GMS QOF Aspiration,PRC DELEGATED CO-COMMISSIONING,AGRAWAL,24370780,"10,384.22",,WOM000009962,
Department of Health,NHS Wolverhampton CCG,10/31/2018,C&M-GMS Cost of Drugs -Prescribing,LOCAL ENHANCED SERVICES,BILAS & THOMAS,24370782,"1,141.30",,WOM000009964,
Department of Health,NHS Wolverhampton CCG,10/31/2018,C&M-GMS Global Sum,PRC DELEGATED CO-COMMISSIONING,BILAS & THOMAS,24370782,"30,252.37",,WOM000009964,
Department of Health,NHS Wolverhampton CCG,10/31/2018,C&M-GMS Prem Notional Rent,PRC DELEGATED CO-COMMISSIONING,BILAS & THOMAS,24370782,"1,916.67",,WOM000009964,
Department of Health,NHS Wolverhampton CCG,10/31/2018,C&M-GMS Prof Fees Prescribing,PRC DELEGATED CO-COMMISSIONING,BILAS & THOMAS,24370782,363.40,,WOM000009964,
Department of Health,NHS Wolverhampton CCG,10/31/2018,C&M-GMS QOF Aspiration,PRC DELEGATED CO-COMMISSIONING,BILAS & THOMAS,24370782,"2,614.97",,WOM000009964,
Department of Health,NHS Wolverhampton CCG,10/31/2018,C&M-PMS Contract Value,PRC DELEGATED CO-COMMISSIONING,BILSTON URBAN VILLAGE MEDICAL CENTRE,24370783,"82,633.00",,WOM000009966,
Department of Health,NHS Wolverhampton CCG,10/31/2018,C&M-PMS Cost of Drugs -Prescribing,LOCAL ENHANCED SERVICES,BILSTON URBAN VILLAGE MEDICAL CENTRE,24370783,"1,022.40",,WOM000009966,
Department of Health,NHS Wolverhampton CCG,10/31/2018,C&M-PMS Prem Healthcentre Rent,PRC DELEGATED CO-COMMISSIONING,BILSTON URBAN VILLAGE MEDICAL CENTRE,24370783,"7,176.67",,WOM000009966,
Department of Health,NHS Wolverhampton CCG,10/31/2018,C&M-PMS Prof fees Prescribing,PRC DELEGATED CO-COMMISSIONING,BILSTON URBAN VILLAGE MEDICAL CENTRE,24370783,154.10,,WOM000009966,
Department of Health,NHS Wolverhampton CCG,10/31/2018,C&M-PMS QOF Aspiration,PRC DELEGATED CO-COMMISSIONING,BILSTON URBAN VILLAGE MEDICAL CENTRE,24370783,"3,338.80",,WOM000009966,
Department of Health,NHS Wolverhampton CCG,10/31/2018,C&M-GMS Global Sum,PRC DELEGATED CO-COMMISSIONING,COWEN MANLEY & GUEST,24370784,"38,546.03",,WOM000009967,
Department of Health,NHS Wolverhampton CCG,10/31/2018,C&M-GMS Other FDR Payment,PRC DELEGATED CO-COMMISSIONING,COWEN MANLEY & GUEST,24370784,"4,475.55",,WOM000009967,
Department of Health,NHS Wolverhampton CCG,10/31/2018,C&M-GMS Prem Notional Rent,PRC DELEGATED CO-COMMISSIONING,COWEN MANLEY & GUEST,24370784,"3,491.67",,WOM000009967,
Department of Health,NHS Wolverhampton CCG,10/31/2018,C&M-GMS QOF Aspiration,PRC DELEGATED CO-COMMISSIONING,COWEN MANLEY & GUEST,24370784,"3,941.90",,WOM000009967,
Department of Health,NHS Wolverhampton CCG,10/31/2018,C&M-GMS Global Sum,PRC DELEGATED CO-COMMISSIONING,DR A SAINI & DR B MEHTA,24370786,"41,057.52",,WOM000009969,
Department of Health,NHS Wolverhampton CCG,10/31/2018,C&M-GMS MPIG Correction Factor,PRC DELEGATED CO-COMMISSIONING,DR A SAINI & DR B MEHTA,24370786,355.64,,WOM000009969,
Department of Health,NHS Wolverhampton CCG,10/31/2018,C&M-GMS Prem Notional Rent,PRC DELEGATED CO-COMMISSIONING,DR A SAINI & DR B MEHTA,24370786,"1,980.83",,WOM000009969,
Department of Health,NHS Wolverhampton CCG,10/31/2018,C&M-GMS Prem Water Rates,PRC DELEGATED CO-COMMISSIONING,DR A SAINI & DR B MEHTA,24370786,112.07,,WOM000009969,
Department of Health,NHS Wolverhampton CCG,10/31/2018,C&M-GMS QOF Aspiration,PRC DELEGATED CO-COMMISSIONING,DR A SAINI & DR B MEHTA,24370786,"4,425.82",,WOM000009969,
Department of Health,NHS Wolverhampton CCG,10/31/2018,C&M-GMS Cost of Drugs -Prescribing,LOCAL ENHANCED SERVICES,DR D M BUSH,24370788,623.98,,WOM000009973,
Department of Health,NHS Wolverhampton CCG,10/31/2018,C&M-GMS Global Sum,PRC DELEGATED CO-COMMISSIONING,DR D M BUSH,24370788,"45,461.65",,WOM000009973,
Department of Health,NHS Wolverhampton CCG,10/31/2018,C&M-GMS MPIG Correction Factor,PRC DELEGATED CO-COMMISSIONING,DR D M BUSH,24370788,"1,262.82",,WOM000009973,
Department of Health,NHS Wolverhampton CCG,10/31/2018,C&M-GMS Prem Notional Rent,PRC DELEGATED CO-COMMISSIONING,DR D M BUSH,24370788,"3,008.34",,WOM000009973,
Department of Health,NHS Wolverhampton CCG,10/31/2018,C&M-GMS Prem Water Rates,PRC DELEGATED CO-COMMISSIONING,DR D M BUSH,24370788,181.60,,WOM000009973,
Department of Health,NHS Wolverhampton CCG,10/31/2018,C&M-GMS Prof Fees Prescribing,PRC DELEGATED CO-COMMISSIONING,DR D M BUSH,24370788,156.40,,WOM000009973,
Department of Health,NHS Wolverhampton CCG,10/31/2018,C&M-GMS QOF Aspiration,PRC DELEGATED CO-COMMISSIONING,DR D M BUSH,24370788,"4,733.35",,WOM000009973,
Department of Health,NHS Wolverhampton CCG,10/31/2018,C&M-GMS Cost of Drugs -Prescribing,LOCAL ENHANCED SERVICES,DR G PICKAVANCE & PARTNERS,24370790,"1,757.44",,WOM000009975,
Department of Health,NHS Wolverhampton CCG,10/31/2018,C&M-GMS Global Sum,PRC DELEGATED CO-COMMISSIONING,DR G PICKAVANCE & PARTNERS,24370790,"40,365.79",,WOM000009975,
Department of Health,NHS Wolverhampton CCG,10/31/2018,C&M-GMS Other Small Practice All,PRC DELEGATED CO-COMMISSIONING,DR G PICKAVANCE & PARTNERS,24370790,"1,750.00",,WOM000009975,
Department of Health,NHS Wolverhampton CCG,10/31/2018,C&M-GMS Prem Notional Rent,PRC DELEGATED CO-COMMISSIONING,DR G PICKAVANCE & PARTNERS,24370790,"2,135.00",,WOM000009975,
Department of Health,NHS Wolverhampton CCG,10/31/2018,C&M-GMS Prof Fees Prescribing,PRC DELEGATED CO-COMMISSIONING,DR G PICKAVANCE & PARTNERS,24370790,253.00,,WOM000009975,
Department of Health,NHS Wolverhampton CCG,10/31/2018,C&M-GMS QOF Aspiration,PRC DELEGATED CO-COMMISSIONING,DR G PICKAVANCE & PARTNERS,24370790,"5,109.12",,WOM000009975,
Department of Health,NHS Wolverhampton CCG,10/31/2018,C&M-GMS Cost of Drugs -Prescribing,LOCAL ENHANCED SERVICES,DR JONES & PARTNERS WOLVERHAMPTON,24370792,674.69,,WOM000009977,
Department of Health,NHS Wolverhampton CCG,10/31/2018,C&M-GMS Global Sum,PRC DELEGATED CO-COMMISSIONING,DR JONES & PARTNERS WOLVERHAMPTON,24370792,"98,224.45",,WOM000009977,
Department of Health,NHS Wolverhampton CCG,10/31/2018,C&M-GMS Prem Healthcentre Rent,PRC DELEGATED CO-COMMISSIONING,DR JONES & PARTNERS WOLVERHAMPTON,24370792,"6,618.42",,WOM000009977,
Department of Health,NHS Wolverhampton CCG,10/31/2018,C&M-GMS Prof Fees Prescribing,PRC DELEGATED CO-COMMISSIONING,DR JONES & PARTNERS WOLVERHAMPTON,24370792,324.30,,WOM000009977,
Department of Health,NHS Wolverhampton CCG,10/31/2018,C&M-GMS QOF Aspiration,PRC DELEGATED CO-COMMISSIONING,DR JONES & PARTNERS WOLVERHAMPTON,24370792,"9,460.19",,WOM000009977,
Department of Health,NHS Wolverhampton CCG,10/31/2018,C&M-GMS Cost of Drugs -Prescribing,LOCAL ENHANCED SERVICES,DR NOBLE & PARTNERS,24370795,"1,498.71",,WOM000009981,
Department of Health,NHS Wolverhampton CCG,10/31/2018,C&M-GMS Global Sum,PRC DELEGATED CO-COMMISSIONING,DR NOBLE & PARTNERS,24370795,"76,793.12",,WOM000009981,
Department of Health,NHS Wolverhampton CCG,10/31/2018,C&M-GMS Other FDR Payment,PRC DELEGATED CO-COMMISSIONING,DR NOBLE & PARTNERS,24370795,"12,208.77",,WOM000009981,
Department of Health,NHS Wolverhampton CCG,10/31/2018,C&M-GMS Prem Notional Rent,PRC DELEGATED CO-COMMISSIONING,DR NOBLE & PARTNERS,24370795,"4,616.67",,WOM000009981,
Department of Health,NHS Wolverhampton CCG,10/31/2018,C&M-GMS Prof Fees Prescribing,PRC DELEGATED CO-COMMISSIONING,DR NOBLE & PARTNERS,24370795,209.30,,WOM000009981,
Department of Health,NHS Wolverhampton CCG,10/31/2018,C&M-GMS QOF Aspiration,PRC DELEGATED CO-COMMISSIONING,DR NOBLE & PARTNERS,24370795,"6,358.91",,WOM000009981,
Department of Health,NHS Wolverhampton CCG,10/31/2018,C&M-GMS Other Small Practice All,PRC DELEGATED CO-COMMISSIONING,DR MORGAN & PARTNERS,24370796,"(51,999.96)",,WOM000009982,
Department of Health,NHS Wolverhampton CCG,10/31/2018,C&M-GMS Cost of Drugs -Prescribing,LOCAL ENHANCED SERVICES,DR MORGAN & PARTNERS,24370797,"2,943.19",,WOM000009983,
Department of Health,NHS Wolverhampton CCG,10/31/2018,C&M-GMS Global Sum,PRC DELEGATED CO-COMMISSIONING,DR MORGAN & PARTNERS,24370797,"118,858.88",,WOM000009983,
Department of Health,NHS Wolverhampton CCG,10/31/2018,C&M-GMS MPIG Correction Factor,PRC DELEGATED CO-COMMISSIONING,DR MORGAN & PARTNERS,24370797,79.58,,WOM000009983,
Department of Health,NHS Wolverhampton CCG,10/31/2018,C&M-GMS Prem Healthcentre Rent,PRC DELEGATED CO-COMMISSIONING,DR MORGAN & PARTNERS,24370797,"4,964.58",,WOM000009983,
Department of Health,NHS Wolverhampton CCG,10/31/2018,C&M-GMS Prem Notional Rent,PRC DELEGATED CO-COMMISSIONING,DR MORGAN & PARTNERS,24370797,"3,418.33",,WOM000009983,
Department of Health,NHS Wolverhampton CCG,10/31/2018,C&M-GMS Prof Fees Prescribing,PRC DELEGATED CO-COMMISSIONING,DR MORGAN & PARTNERS,24370797,"1,012.00",,WOM000009983,
Department of Health,NHS Wolverhampton CCG,10/31/2018,C&M-GMS QOF Aspiration,PRC DELEGATED CO-COMMISSIONING,DR MORGAN & PARTNERS,24370797,"12,719.10",,WOM000009983,
Department of Health,NHS Wolverhampton CCG,10/31/2018,C&M-GMS Cost of Drugs -Prescribing,LOCAL ENHANCED SERVICES,DR RICHARDSON & PARTNERS WOLVERHAMPTON,24370798,901.59,,WOM000009984,
Department of Health,NHS Wolverhampton CCG,10/31/2018,C&M-GMS Global Sum,PRC DELEGATED CO-COMMISSIONING,DR RICHARDSON & PARTNERS WOLVERHAMPTON,24370798,"71,146.30",,WOM000009984,
Department of Health,NHS Wolverhampton CCG,10/31/2018,C&M-GMS Other FDR Payment,PRC DELEGATED CO-COMMISSIONING,DR RICHARDSON & PARTNERS WOLVERHAMPTON,24370798,"5,431.57",,WOM000009984,
Department of Health,NHS Wolverhampton CCG,10/31/2018,C&M-GMS Prem Notional Rent,PRC DELEGATED CO-COMMISSIONING,DR RICHARDSON & PARTNERS WOLVERHAMPTON,24370798,"4,296.67",,WOM000009984,
Department of Health,NHS Wolverhampton CCG,10/31/2018,C&M-GMS Prof Fees Prescribing,PRC DELEGATED CO-COMMISSIONING,DR RICHARDSON & PARTNERS WOLVERHAMPTON,24370798,179.40,,WOM000009984,
Department of Health,NHS Wolverhampton CCG,10/31/2018,C&M-GMS QOF Aspiration,PRC DELEGATED CO-COMMISSIONING,DR RICHARDSON & PARTNERS WOLVERHAMPTON,24370798,"5,624.42",,WOM000009984,
Department of Health,NHS Wolverhampton CCG,10/31/2018,C&M-PMS Contract Value,PRC DELEGATED CO-COMMISSIONING,ETTINGSHALL MEDICAL CENTRE,24370799,"51,956.00",,WOM000009985,
Department of Health,NHS Wolverhampton CCG,10/31/2018,C&M-PMS Cost of Drugs -Prescribing,LOCAL ENHANCED SERVICES,ETTINGSHALL MEDICAL CENTRE,24370799,"1,215.90",,WOM000009985,
Department of Health,NHS Wolverhampton CCG,10/31/2018,C&M-PMS Prem Healthcentre Rent,PRC DELEGATED CO-COMMISSIONING,ETTINGSHALL MEDICAL CENTRE,24370799,"14,524.33",,WOM000009985,
Department of Health,NHS Wolverhampton CCG,10/31/2018,C&M-PMS Prof fees Prescribing,PRC DELEGATED CO-COMMISSIONING,ETTINGSHALL MEDICAL CENTRE,24370799,342.70,,WOM000009985,
Department of Health,NHS Wolverhampton CCG,10/31/2018,C&M-PMS QOF Aspiration,PRC DELEGATED CO-COMMISSIONING,ETTINGSHALL MEDICAL CENTRE,24370799,"3,799.32",,WOM000009985,
Department of Health,NHS Wolverhampton CCG,10/31/2018,C&M-GMS Cost of Drugs -Prescribing,LOCAL ENHANCED SERVICES,GEORGE & RAJCHOLAN,24370801,181.84,,WOM000009989,
Department of Health,NHS Wolverhampton CCG,10/31/2018,C&M-GMS Global Sum,PRC DELEGATED CO-COMMISSIONING,GEORGE & RAJCHOLAN,24370801,"32,193.15",,WOM000009989,
Department of Health,NHS Wolverhampton CCG,10/31/2018,C&M-GMS Prem Healthcentre Rent,PRC DELEGATED CO-COMMISSIONING,GEORGE & RAJCHOLAN,24370801,"26,513.06",,WOM000009989,
Department of Health,NHS Wolverhampton CCG,10/31/2018,C&M-GMS Prof Fees Prescribing,PRC DELEGATED CO-COMMISSIONING,GEORGE & RAJCHOLAN,24370801,115.00,,WOM000009989,
Department of Health,NHS Wolverhampton CCG,10/31/2018,C&M-GMS QOF Aspiration,PRC DELEGATED CO-COMMISSIONING,GEORGE & RAJCHOLAN,24370801,"3,433.13",,WOM000009989,
Department of Health,NHS Wolverhampton CCG,10/31/2018,C&M-GMS Cost of Drugs -Prescribing,LOCAL ENHANCED SERVICES,HIBBS & PARTNERS,24370805,"3,125.04",,WOM000009993,
Department of Health,NHS Wolverhampton CCG,10/31/2018,C&M-GMS Global Sum,PRC DELEGATED CO-COMMISSIONING,HIBBS & PARTNERS,24370805,"104,507.51",,WOM000009993,
Department of Health,NHS Wolverhampton CCG,10/31/2018,C&M-GMS PCO Locum Adop/Pat/Mat,PRC DELEGATED CO-COMMISSIONING,HIBBS & PARTNERS,24370805,"2,223.06",,WOM000009993,
Department of Health,NHS Wolverhampton CCG,10/31/2018,C&M-GMS Prem Healthcentre Rent,PRC DELEGATED CO-COMMISSIONING,HIBBS & PARTNERS,24370805,"2,016.67",,WOM000009993,
Department of Health,NHS Wolverhampton CCG,10/31/2018,C&M-GMS Prem Notional Rent,PRC DELEGATED CO-COMMISSIONING,HIBBS & PARTNERS,24370805,"3,879.17",,WOM000009993,
Department of Health,NHS Wolverhampton CCG,10/31/2018,C&M-GMS Prof Fees Prescribing,PRC DELEGATED CO-COMMISSIONING,HIBBS & PARTNERS,24370805,623.30,,WOM000009993,
Department of Health,NHS Wolverhampton CCG,10/31/2018,C&M-GMS QOF Aspiration,PRC DELEGATED CO-COMMISSIONING,HIBBS & PARTNERS,24370805,"11,569.04",,WOM000009993,
Department of Health,NHS Wolverhampton CCG,10/31/2018,ME - GMS GP Prior Year ERs,PRC DELEGATED CO-COMMISSIONING,HIBBS & PARTNERS,24370805,"5,574.24",,WOM000009993,
Department of Health,NHS Wolverhampton CCG,10/31/2018,ME-GMS GP Prior Year EEs,PRC DELEGATED CO-COMMISSIONING,HIBBS & PARTNERS,24370805,"5,233.14",,WOM000009993,
Department of Health,NHS Wolverhampton CCG,10/31/2018,C&M-GMS Cost of Drugs -Prescribing,LOCAL ENHANCED SERVICES,KEHLER AUNG & NAZ,24370807,617.31,,WOM000009997,
Department of Health,NHS Wolverhampton CCG,10/31/2018,C&M-GMS Global Sum,PRC DELEGATED CO-COMMISSIONING,KEHLER AUNG & NAZ,24370807,"48,695.64",,WOM000009997,
Department of Health,NHS Wolverhampton CCG,10/31/2018,C&M-GMS Prem Actual Rent,PRC DELEGATED CO-COMMISSIONING,KEHLER AUNG & NAZ,24370807,"7,259.58",,WOM000009997,
Department of Health,NHS Wolverhampton CCG,10/31/2018,C&M-GMS Prof Fees Prescribing,PRC DELEGATED CO-COMMISSIONING,KEHLER AUNG & NAZ,24370807,287.50,,WOM000009997,
Department of Health,NHS Wolverhampton CCG,10/31/2018,C&M-GMS QOF Aspiration,PRC DELEGATED CO-COMMISSIONING,KEHLER AUNG & NAZ,24370807,"4,854.35",,WOM000009997,
Department of Health,NHS Wolverhampton CCG,10/31/2018,C&M-GMS Cost of Drugs -Prescribing,LOCAL ENHANCED SERVICES,KHARWADKAR,24370810,360.67,,WOM000010001,
Department of Health,NHS Wolverhampton CCG,10/31/2018,C&M-GMS Global Sum,PRC DELEGATED CO-COMMISSIONING,KHARWADKAR,24370810,"23,261.07",,WOM000010001,
Department of Health,NHS Wolverhampton CCG,10/31/2018,C&M-GMS MPIG Correction Factor,PRC DELEGATED CO-COMMISSIONING,KHARWADKAR,24370810,610.53,,WOM000010001,
Department of Health,NHS Wolverhampton CCG,10/31/2018,C&M-GMS Prem Healthcentre Rent,PRC DELEGATED CO-COMMISSIONING,KHARWADKAR,24370810,895.17,,WOM000010001,
Department of Health,NHS Wolverhampton CCG,10/31/2018,C&M-GMS Prem Notional Rent,PRC DELEGATED CO-COMMISSIONING,KHARWADKAR,24370810,"1,183.34",,WOM000010001,
Department of Health,NHS Wolverhampton CCG,10/31/2018,C&M-GMS Prof Fees Prescribing,PRC DELEGATED CO-COMMISSIONING,KHARWADKAR,24370810,64.40,,WOM000010001,
Department of Health,NHS Wolverhampton CCG,10/31/2018,C&M-GMS QOF Aspiration,PRC DELEGATED CO-COMMISSIONING,KHARWADKAR,24370810,"2,455.16",,WOM000010001,
Department of Health,NHS Wolverhampton CCG,10/31/2018,C&M-GMS Cost of Drugs -Prescribing,LOCAL ENHANCED SERVICES,LUCKRAFT & PARTNERS,24370811,"1,663.04",,WOM000010002,
Department of Health,NHS Wolverhampton CCG,10/31/2018,C&M-GMS Global Sum,PRC DELEGATED CO-COMMISSIONING,LUCKRAFT & PARTNERS,24370811,"73,839.37",,WOM000010002,
Department of Health,NHS Wolverhampton CCG,10/31/2018,C&M-GMS Prem Healthcentre Rent,PRC DELEGATED CO-COMMISSIONING,LUCKRAFT & PARTNERS,24370811,"6,573.58",,WOM000010002,
Department of Health,NHS Wolverhampton CCG,10/31/2018,C&M-GMS Prof Fees Prescribing,PRC DELEGATED CO-COMMISSIONING,LUCKRAFT & PARTNERS,24370811,575.00,,WOM000010002,
Department of Health,NHS Wolverhampton CCG,10/31/2018,C&M-GMS QOF Aspiration,PRC DELEGATED CO-COMMISSIONING,LUCKRAFT & PARTNERS,24370811,"7,779.68",,WOM000010002,
Department of Health,NHS Wolverhampton CCG,10/31/2018,C&M-GMS Cost of Drugs -Prescribing,LOCAL ENHANCED SERVICES,MS KAINTH,24370813,"1,364.34",,WOM000010005,
Department of Health,NHS Wolverhampton CCG,10/31/2018,C&M-GMS Global Sum,PRC DELEGATED CO-COMMISSIONING,MS KAINTH,24370813,"25,899.66",,WOM000010005,
Department of Health,NHS Wolverhampton CCG,10/31/2018,C&M-GMS Prem Actual Rent,PRC DELEGATED CO-COMMISSIONING,MS KAINTH,24370813,"1,041.67",,WOM000010005,
Department of Health,NHS Wolverhampton CCG,10/31/2018,C&M-GMS Prof Fees Prescribing,PRC DELEGATED CO-COMMISSIONING,MS KAINTH,24370813,165.60,,WOM000010005,
Department of Health,NHS Wolverhampton CCG,10/31/2018,C&M-GMS QOF Aspiration,PRC DELEGATED CO-COMMISSIONING,MS KAINTH,24370813,"2,930.18",,WOM000010005,
Department of Health,NHS Wolverhampton CCG,10/31/2018,C&M-GMS Cost of Drugs -Prescribing,LOCAL ENHANCED SERVICES,MUDIGONDA,24370815,206.26,,WOM000010007,
Department of Health,NHS Wolverhampton CCG,10/31/2018,C&M-GMS Global Sum,PRC DELEGATED CO-COMMISSIONING,MUDIGONDA,24370815,"30,697.31",,WOM000010007,
Department of Health,NHS Wolverhampton CCG,10/31/2018,C&M-GMS Prem Healthcentre Rent,PRC DELEGATED CO-COMMISSIONING,MUDIGONDA,24370815,"1,900.58",,WOM000010007,
Department of Health,NHS Wolverhampton CCG,10/31/2018,C&M-GMS Prof Fees Prescribing,PRC DELEGATED CO-COMMISSIONING,MUDIGONDA,24370815,126.50,,WOM000010007,
Department of Health,NHS Wolverhampton CCG,10/31/2018,C&M-GMS QOF Aspiration,PRC DELEGATED CO-COMMISSIONING,MUDIGONDA,24370815,"3,102.27",,WOM000010007,
Department of Health,NHS Wolverhampton CCG,10/31/2018,C&M-GMS Cost of Drugs -Prescribing,LOCAL ENHANCED SERVICES,POPLARS MEDICAL PRACTICE,24370816,377.16,,WOM000010009,
Department of Health,NHS Wolverhampton CCG,10/31/2018,C&M-GMS Global Sum,PRC DELEGATED CO-COMMISSIONING,POPLARS MEDICAL PRACTICE,24370816,"26,689.27",,WOM000010009,
Department of Health,NHS Wolverhampton CCG,10/31/2018,C&M-GMS Prem Notional Rent,PRC DELEGATED CO-COMMISSIONING,POPLARS MEDICAL PRACTICE,24370816,"1,912.50",,WOM000010009,
Department of Health,NHS Wolverhampton CCG,10/31/2018,C&M-GMS Prof Fees Prescribing,PRC DELEGATED CO-COMMISSIONING,POPLARS MEDICAL PRACTICE,24370816,186.30,,WOM000010009,
Department of Health,NHS Wolverhampton CCG,10/31/2018,C&M-GMS QOF Aspiration,PRC DELEGATED CO-COMMISSIONING,POPLARS MEDICAL PRACTICE,24370816,"2,762.11",,WOM000010009,
Department of Health,NHS Wolverhampton CCG,10/31/2018,C&M-GMS Cost of Drugs -Prescribing,LOCAL ENHANCED SERVICES,PEACOCK & PARTNERS,24370818,"2,226.04",,WOM000010011,
Department of Health,NHS Wolverhampton CCG,10/31/2018,C&M-GMS DES Learn Dsblty Hlth Chk,PRC DELEGATED CO-COMMISSIONING,PEACOCK & PARTNERS,24370818,"1,540.00",,WOM000010011,
Department of Health,NHS Wolverhampton CCG,10/31/2018,C&M-GMS Global Sum,PRC DELEGATED CO-COMMISSIONING,PEACOCK & PARTNERS,24370818,"55,541.95",,WOM000010011,
Department of Health,NHS Wolverhampton CCG,10/31/2018,C&M-GMS MPIG Correction Factor,PRC DELEGATED CO-COMMISSIONING,PEACOCK & PARTNERS,24370818,338.34,,WOM000010011,
Department of Health,NHS Wolverhampton CCG,10/31/2018,C&M-GMS Prem Notional Rent,PRC DELEGATED CO-COMMISSIONING,PEACOCK & PARTNERS,24370818,"2,098.33",,WOM000010011,
Department of Health,NHS Wolverhampton CCG,10/31/2018,C&M-GMS Prof Fees Prescribing,PRC DELEGATED CO-COMMISSIONING,PEACOCK & PARTNERS,24370818,400.20,,WOM000010011,
Department of Health,NHS Wolverhampton CCG,10/31/2018,C&M-GMS QOF Aspiration,PRC DELEGATED CO-COMMISSIONING,PEACOCK & PARTNERS,24370818,"5,685.46",,WOM000010011,
Department of Health,NHS Wolverhampton CCG,10/31/2018,C&M-PMS Contract Value,PRC DELEGATED CO-COMMISSIONING,PROBERT ROAD SURGERY,24370820,"31,429.47",,WOM000010013,
Department of Health,NHS Wolverhampton CCG,10/31/2018,C&M-PMS Cost of Drugs -Prescribing,LOCAL ENHANCED SERVICES,PROBERT ROAD SURGERY,24370820,627.32,,WOM000010013,
Department of Health,NHS Wolverhampton CCG,10/31/2018,C&M-PMS Prem Actual Rent,PRC DELEGATED CO-COMMISSIONING,PROBERT ROAD SURGERY,24370820,"2,267.50",,WOM000010013,
Department of Health,NHS Wolverhampton CCG,10/31/2018,C&M-PMS Prem Rates,PRC DELEGATED CO-COMMISSIONING,PROBERT ROAD SURGERY,24370820,"6,721.61",,WOM000010013,
Department of Health,NHS Wolverhampton CCG,10/31/2018,C&M-PMS Prof fees Prescribing,PRC DELEGATED CO-COMMISSIONING,PROBERT ROAD SURGERY,24370820,131.10,,WOM000010013,
Department of Health,NHS Wolverhampton CCG,10/31/2018,C&M-PMS QOF Aspiration,PRC DELEGATED CO-COMMISSIONING,PROBERT ROAD SURGERY,24370820,"2,845.91",,WOM000010013,
Department of Health,NHS Wolverhampton CCG,10/31/2018,C&M-PMS Contract Value,PRC DELEGATED CO-COMMISSIONING,SHOWELL PARK HEALTH & WALK IN CENTRE,24370822,"51,925.00",,WOM000010015,
Department of Health,NHS Wolverhampton CCG,10/31/2018,C&M-PMS Cost of Drugs -Prescribing,LOCAL ENHANCED SERVICES,SHOWELL PARK HEALTH & WALK IN CENTRE,24370822,"1,452.06",,WOM000010015,
Department of Health,NHS Wolverhampton CCG,10/31/2018,C&M-PMS Prof fees Prescribing,PRC DELEGATED CO-COMMISSIONING,SHOWELL PARK HEALTH & WALK IN CENTRE,24370822,591.10,,WOM000010015,
Department of Health,NHS Wolverhampton CCG,10/31/2018,C&M-PMS QOF Aspiration,PRC DELEGATED CO-COMMISSIONING,SHOWELL PARK HEALTH & WALK IN CENTRE,24370822,"3,276.30",,WOM000010015,
Department of Health,NHS Wolverhampton CCG,10/31/2018,C&M-GMS Cost of Drugs -Prescribing,LOCAL ENHANCED SERVICES,VIJ VIJ RIKHI & MOHINDROO,24370825,"3,560.28",,WOM000010018,
Department of Health,NHS Wolverhampton CCG,10/31/2018,C&M-GMS Global Sum,PRC DELEGATED CO-COMMISSIONING,VIJ VIJ RIKHI & MOHINDROO,24370825,"108,742.82",,WOM000010018,
Department of Health,NHS Wolverhampton CCG,10/31/2018,C&M-GMS Prem Healthcentre Rent,PRC DELEGATED CO-COMMISSIONING,VIJ VIJ RIKHI & MOHINDROO,24370825,"4,114.33",,WOM000010018,
Department of Health,NHS Wolverhampton CCG,10/31/2018,C&M-GMS Prem Notional Rent,PRC DELEGATED CO-COMMISSIONING,VIJ VIJ RIKHI & MOHINDROO,24370825,"1,029.17",,WOM000010018,
Department of Health,NHS Wolverhampton CCG,10/31/2018,C&M-GMS Prof Fees Prescribing,PRC DELEGATED CO-COMMISSIONING,VIJ VIJ RIKHI & MOHINDROO,24370825,568.10,,WOM000010018,
Department of Health,NHS Wolverhampton CCG,10/31/2018,C&M-GMS QOF Aspiration,PRC DELEGATED CO-COMMISSIONING,VIJ VIJ RIKHI & MOHINDROO,24370825,"10,418.93",,WOM000010018,
Department of Health,NHS Wolverhampton CCG,10/31/2018,C&M-GMS Cost of Drugs -Prescribing,LOCAL ENHANCED SERVICES,WAGSTAFF & PARTNERS,24370827,"2,131.23",,WOM000010020,
Department of Health,NHS Wolverhampton CCG,10/31/2018,C&M-GMS Global Sum,PRC DELEGATED CO-COMMISSIONING,WAGSTAFF & PARTNERS,24370827,"99,333.10",,WOM000010020,
Department of Health,NHS Wolverhampton CCG,10/31/2018,C&M-GMS Other FDR Payment,PRC DELEGATED CO-COMMISSIONING,WAGSTAFF & PARTNERS,24370827,"4,985.48",,WOM000010020,
Department of Health,NHS Wolverhampton CCG,10/31/2018,C&M-GMS Prem Actual Rent,PRC DELEGATED CO-COMMISSIONING,WAGSTAFF & PARTNERS,24370827,"22,573.64",,WOM000010020,
Department of Health,NHS Wolverhampton CCG,10/31/2018,C&M-GMS Prof Fees Prescribing,PRC DELEGATED CO-COMMISSIONING,WAGSTAFF & PARTNERS,24370827,531.30,,WOM000010020,
Department of Health,NHS Wolverhampton CCG,10/31/2018,C&M-GMS QOF Aspiration,PRC DELEGATED CO-COMMISSIONING,WAGSTAFF & PARTNERS,24370827,"8,422.55",,WOM000010020,
Department of Health,NHS Wolverhampton CCG,10/31/2018,C&M-GMS Cost of Drugs -Prescribing,LOCAL ENHANCED SERVICES,WILLIAMS DE ROSA & ELCOCK,24370829,"1,085.35",,WOM000010022,
Department of Health,NHS Wolverhampton CCG,10/31/2018,C&M-GMS Global Sum,PRC DELEGATED CO-COMMISSIONING,WILLIAMS DE ROSA & ELCOCK,24370829,"34,729.52",,WOM000010022,
Department of Health,NHS Wolverhampton CCG,10/31/2018,C&M-GMS Prem Actual Rent,PRC DELEGATED CO-COMMISSIONING,WILLIAMS DE ROSA & ELCOCK,24370829,"1,020.83",,WOM000010022,
Department of Health,NHS Wolverhampton CCG,10/31/2018,C&M-GMS Prof Fees Prescribing,PRC DELEGATED CO-COMMISSIONING,WILLIAMS DE ROSA & ELCOCK,24370829,207.00,,WOM000010022,
Department of Health,NHS Wolverhampton CCG,10/31/2018,C&M-GMS QOF Aspiration,PRC DELEGATED CO-COMMISSIONING,WILLIAMS DE ROSA & ELCOCK,24370829,"3,714.43",,WOM000010022,
Department of Health,NHS Wolverhampton CCG,10/31/2018,C&M-GMS Cost of Drugs -Prescribing,LOCAL ENHANCED SERVICES,WHITE & PARTNERS,24370830,"2,706.22",,WOM000010023,
Department of Health,NHS Wolverhampton CCG,10/31/2018,C&M-GMS Global Sum,PRC DELEGATED CO-COMMISSIONING,WHITE & PARTNERS,24370830,"89,184.30",,WOM000010023,
Department of Health,NHS Wolverhampton CCG,10/31/2018,C&M-GMS Other FDR Payment,PRC DELEGATED CO-COMMISSIONING,WHITE & PARTNERS,24370830,"4,438.75",,WOM000010023,
Department of Health,NHS Wolverhampton CCG,10/31/2018,C&M-GMS Prem Actual Rent,PRC DELEGATED CO-COMMISSIONING,WHITE & PARTNERS,24370830,"5,441.67",,WOM000010023,
Department of Health,NHS Wolverhampton CCG,10/31/2018,C&M-GMS Prof Fees Prescribing,PRC DELEGATED CO-COMMISSIONING,WHITE & PARTNERS,24370830,418.60,,WOM000010023,
Department of Health,NHS Wolverhampton CCG,10/31/2018,C&M-GMS QOF Aspiration,PRC DELEGATED CO-COMMISSIONING,WHITE & PARTNERS,24370830,"8,962.41",,WOM000010023,
Department of Health,NHS Wolverhampton CCG,10/31/2018,C&M-GMS Cost of Drugs -Prescribing,LOCAL ENHANCED SERVICES,BRADLEY MEDICAL CENTRE,24370833,651.31,,WOM000010026,
Department of Health,NHS Wolverhampton CCG,10/31/2018,C&M-GMS Global Sum,PRC DELEGATED CO-COMMISSIONING,BRADLEY MEDICAL CENTRE,24370833,"26,092.21",,WOM000010026,
Department of Health,NHS Wolverhampton CCG,10/31/2018,C&M-GMS Prem Notional Rent,PRC DELEGATED CO-COMMISSIONING,BRADLEY MEDICAL CENTRE,24370833,"2,268.33",,WOM000010026,
Department of Health,NHS Wolverhampton CCG,10/31/2018,C&M-GMS Prof Fees Prescribing,PRC DELEGATED CO-COMMISSIONING,BRADLEY MEDICAL CENTRE,24370833,158.70,,WOM000010026,
Department of Health,NHS Wolverhampton CCG,10/31/2018,C&M-GMS QOF Aspiration,PRC DELEGATED CO-COMMISSIONING,BRADLEY MEDICAL CENTRE,24370833,"2,110.48",,WOM000010026,
Department of Health,NHS Wolverhampton CCG,10/31/2018,C&M-PMS Contract Value,PRC DELEGATED CO-COMMISSIONING,CANNOCK ROAD MEDICAL PRACTICE,24370835,"45,917.21",,WOM000010028,
Department of Health,NHS Wolverhampton CCG,10/31/2018,C&M-PMS Cost of Drugs -Prescribing,LOCAL ENHANCED SERVICES,CANNOCK ROAD MEDICAL PRACTICE,24370835,"1,810.61",,WOM000010028,
Department of Health,NHS Wolverhampton CCG,10/31/2018,C&M-PMS Funding Differential Review,PRC DELEGATED CO-COMMISSIONING,CANNOCK ROAD MEDICAL PRACTICE,24370835,"5,559.22",,WOM000010028,
Department of Health,NHS Wolverhampton CCG,10/31/2018,C&M-PMS Prem Notional Rent,PRC DELEGATED CO-COMMISSIONING,CANNOCK ROAD MEDICAL PRACTICE,24370835,"1,587.50",,WOM000010028,
Department of Health,NHS Wolverhampton CCG,10/31/2018,C&M-PMS Prof fees Prescribing,PRC DELEGATED CO-COMMISSIONING,CANNOCK ROAD MEDICAL PRACTICE,24370835,259.90,,WOM000010028,
Department of Health,NHS Wolverhampton CCG,10/31/2018,C&M-PMS QOF Aspiration,PRC DELEGATED CO-COMMISSIONING,CANNOCK ROAD MEDICAL PRACTICE,24370835,"4,665.62",,WOM000010028,
Department of Health,NHS Wolverhampton CCG,10/31/2018,C&M-GMS Cost of Drugs -Prescribing,LOCAL ENHANCED SERVICES,DR SHARMA`S PRACTICE,24370837,565.64,,WOM000010030,
Department of Health,NHS Wolverhampton CCG,10/31/2018,C&M-GMS Global Sum,PRC DELEGATED CO-COMMISSIONING,DR SHARMA`S PRACTICE,24370837,"27,592.73",,WOM000010030,
Department of Health,NHS Wolverhampton CCG,10/31/2018,C&M-GMS PCO Locum Sickness,PRC DELEGATED CO-COMMISSIONING,DR SHARMA`S PRACTICE,24370837,"1,673.18",,WOM000010030,
Department of Health,NHS Wolverhampton CCG,10/31/2018,C&M-GMS Prem Healthcentre Rent,PRC DELEGATED CO-COMMISSIONING,DR SHARMA`S PRACTICE,24370837,"2,032.67",,WOM000010030,
Department of Health,NHS Wolverhampton CCG,10/31/2018,C&M-GMS Prof Fees Prescribing,PRC DELEGATED CO-COMMISSIONING,DR SHARMA`S PRACTICE,24370837,108.10,,WOM000010030,
Department of Health,NHS Wolverhampton CCG,10/31/2018,C&M-GMS QOF Aspiration,PRC DELEGATED CO-COMMISSIONING,DR SHARMA`S PRACTICE,24370837,"2,741.78",,WOM000010030,
Department of Health,NHS Wolverhampton CCG,10/31/2018,C&M-GMS Global Sum,PRC DELEGATED CO-COMMISSIONING,DRS VENKATARAMANAN & MOHINDROO,24370839,"108,928.41",,WOM000010032,
Department of Health,NHS Wolverhampton CCG,10/31/2018,C&M-GMS MPIG Correction Factor,PRC DELEGATED CO-COMMISSIONING,DRS VENKATARAMANAN & MOHINDROO,24370839,942.62,,WOM000010032,
Department of Health,NHS Wolverhampton CCG,10/31/2018,C&M-GMS Prem Notional Rent,PRC DELEGATED CO-COMMISSIONING,DRS VENKATARAMANAN & MOHINDROO,24370839,"4,258.33",,WOM000010032,
Department of Health,NHS Wolverhampton CCG,10/31/2018,C&M-GMS QOF Aspiration,PRC DELEGATED CO-COMMISSIONING,DRS VENKATARAMANAN & MOHINDROO,24370839,"10,593.23",,WOM000010032,
Department of Health,NHS Wolverhampton CCG,10/31/2018,C&M-PMS Contract Value,PRC DELEGATED CO-COMMISSIONING,DR MAJID & RAVINDRAN,24389032,"37,293.66",,WOM000009979,
Department of Health,NHS Wolverhampton CCG,10/31/2018,C&M-PMS Cost of Drugs -Prescribing,LOCAL ENHANCED SERVICES,DR MAJID & RAVINDRAN,24389032,"1,840.04",,WOM000009979,
Department of Health,NHS Wolverhampton CCG,10/31/2018,C&M-PMS Prem Notional Rent,PRC DELEGATED CO-COMMISSIONING,DR MAJID & RAVINDRAN,24389032,"3,160.42",,WOM000009979,
Department of Health,NHS Wolverhampton CCG,10/31/2018,C&M-PMS Prem Water Rates,PRC DELEGATED CO-COMMISSIONING,DR MAJID & RAVINDRAN,24389032,224.42,,WOM000009979,
Department of Health,NHS Wolverhampton CCG,10/31/2018,C&M-PMS Prof fees Prescribing,PRC DELEGATED CO-COMMISSIONING,DR MAJID & RAVINDRAN,24389032,324.30,,WOM000009979,
Department of Health,NHS Wolverhampton CCG,10/31/2018,C&M-PMS QOF Aspiration,PRC DELEGATED CO-COMMISSIONING,DR MAJID & RAVINDRAN,24389032,"4,346.73",,WOM000009979,
Department of Health,NHS Wolverhampton CCG,10/31/2018,C&M-GMS Cost of Drugs -Prescribing,LOCAL ENHANCED SERVICES,KRISHAN,24389034,"4,336.75",,WOM000009999,
Department of Health,NHS Wolverhampton CCG,10/31/2018,C&M-GMS Global Sum,PRC DELEGATED CO-COMMISSIONING,KRISHAN,24389034,"66,469.89",,WOM000009999,
Department of Health,NHS Wolverhampton CCG,10/31/2018,C&M-GMS Other FDR Payment,PRC DELEGATED CO-COMMISSIONING,KRISHAN,24389034,"7,117.96",,WOM000009999,
Department of Health,NHS Wolverhampton CCG,10/31/2018,C&M-GMS Prem Notional Rent,PRC DELEGATED CO-COMMISSIONING,KRISHAN,24389034,"5,515.42",,WOM000009999,
Department of Health,NHS Wolverhampton CCG,10/31/2018,C&M-GMS Prem Rates,PRC DELEGATED CO-COMMISSIONING,KRISHAN,24389034,"5,739.59",,WOM000009999,
Department of Health,NHS Wolverhampton CCG,10/31/2018,C&M-GMS Prof Fees Prescribing,PRC DELEGATED CO-COMMISSIONING,KRISHAN,24389034,676.20,,WOM000009999,
Department of Health,NHS Wolverhampton CCG,10/31/2018,C&M-GMS QOF Aspiration,PRC DELEGATED CO-COMMISSIONING,KRISHAN,24389034,"5,418.68",,WOM000009999,
Department of Health,NHS Wolverhampton CCG,10/31/2018,Clinical&Medical-Clinical Other,WINTER PRESSURES,WOLVERHAMPTON VOLUNTARY SECTOR COUNCIL,24420847,"30,938.50",,1764,
Department of Health,NHS Wolverhampton CCG,10/31/2018,Clinical&Medical-Clinical Other,COMMISSIONING SCHEMES,WOLVERHAMPTON VOLUNTARY SECTOR COUNCIL,24420863,"37,000.00",,1765,
Department of Health,NHS Wolverhampton CCG,10/31/2018,Clinical&Medical-Serv Recd-F Trsts,PATIENT TRANSPORT,WEST MIDLANDS AMBULANCE SERVICE NHS FOUNDATION TRUST,24463233,"159,686.62",GB654950708,C0003352,
Department of Health,NHS Wolverhampton CCG,10/31/2018,Clinical&Medical-Serv Recd-F Trsts,PATIENT TRANSPORT,WEST MIDLANDS AMBULANCE SERVICE NHS FOUNDATION TRUST,24463240,"79,843.31",GB654950708,C0003402,
Department of Health,NHS Wolverhampton CCG,10/31/2018,Clinical&Medical-Serv Recd-F Trsts,PATIENT TRANSPORT,WEST MIDLANDS AMBULANCE SERVICE NHS FOUNDATION TRUST,24463243,"79,843.31",GB654950708,C0003449,
Department of Health,NHS Wolverhampton CCG,10/31/2018,Clinical&Medical-Serv Recd-F Trsts,PATIENT TRANSPORT,WEST MIDLANDS AMBULANCE SERVICE NHS FOUNDATION TRUST,24463258,"79,843.31",GB654950708,C0003490,
Department of Health,NHS Wolverhampton CCG,10/31/2018,Clinical&Medical-Serv Recd-F Trsts,PATIENT TRANSPORT,WEST MIDLANDS AMBULANCE SERVICE NHS FOUNDATION TRUST,24463295,"79,843.31",GB654950708,C0003549,
Department of Health,NHS Wolverhampton CCG,10/31/2018,Hcare Srv Rec NHS Trust-Non Contract,ACUTE COMMISSIONING,ROYAL WOLVERHAMPTON HOSPITALS NHS TRUST (THE),24463324,"1,000,000.00",654947886,0000221985,
Department of Health,NHS Wolverhampton CCG,10/31/2018,Clinical&Medical-Serv Recd-F Trsts,PATIENT TRANSPORT,WEST MIDLANDS AMBULANCE SERVICE NHS FOUNDATION TRUST,24463330,"79,843.31",GB654950708,C0003600,
Department of Health,NHS Wolverhampton CCG,10/31/2018,Charges from CSU,CORPORATE COSTS & SERVICES,NHS MIDLANDS AND LANCASHIRE CSU,24463359,"26,421.00",GB 654442045,7312311222,
Department of Health,NHS Wolverhampton CCG,10/31/2018,Charges from CSU,PRESCRIBING,NHS MIDLANDS AND LANCASHIRE CSU,24463359,"6,769.58",GB 654442045,7312311222,
Department of Health,NHS Wolverhampton CCG,10/31/2018,Clinical&Medical-Clinical Other,Mental Health Services - Winter Resilience,P3,24463364,"13,692.50",,INVS004146,
Department of Health,NHS Wolverhampton CCG,10/31/2018,Clinical&Medical-Clinical Other,WINTER PRESSURES,P3,24463364,"13,692.50",,INVS004146,
Department of Health,NHS Wolverhampton CCG,10/31/2018,Cont Care- Adult 100% Fully Funded,CHC ADULT FULLY FUNDED,WOLVERHAMPTON CITY COUNCIL,24513516,"27,500.00",101268711,6002555103,
Department of Health,NHS Wolverhampton CCG,10/31/2018,Clinical&Medical-Othe Public Sector,MENTAL HEALTH SERVICES - OLDER PEOPLE,WOLVERHAMPTON CITY COUNCIL,24536024,"(33,607.00)",101268711,6002590212,
Department of Health,NHS Wolverhampton CCG,10/31/2018,Clinical&Medical-Othe Public Sector,MENTAL HEALTH SERVICES - OLDER PEOPLE,WOLVERHAMPTON CITY COUNCIL,24536026,"(33,607.00)",101268711,6002590203,
,,,,,,,"30,744,405.00",,,
,,,,,,,,,,
,,,,,,,,,,
,,,,,,,,,,
,,,,,,,,,,
,,,,,,,,,,
,,,,,,,,,,
,,,,,,,,,,
,,,,,,,,,,
,,,,,,,,,,
,,,,,,,,,,
,,,,,,,,,,
,,,,,,,,,,
,,,,,,,,,,
,,,,,,,,,,
,,,,,,,,,,
,,,,,,,,,,
,,,,,,,,,,
,,,,,,,,,,
,,,,,,,,,,
,,,,,,,,,,
,,,,,,,,,,
,,,,,,,,,,
,,,,,,,,,,
,,,,,,,,,,
,,,,,,,,,,
,,,,,,,,,,
,,,,,,,,,,
,,,,,,,,,,
,,,,,,,,,,
,,,,,,,,,,
,,,,,,,,,,
,,,,,,,,,,
,,,,,,,,,,
,,,,,,,,,,
,,,,,,,,,,
,,,,,,,,,,
,,,,,,,,,,
,,,,,,,,,,
,,,,,,,,,,
,,,,,,,,,,
,,,,,,,,,,
,,,,,,,,,,
,,,,,,,,,,
,,,,,,,,,,
,,,,,,,,,,
,,,,,,,,,,
,,,,,,,,,,
,,,,,,,,,,
,,,,,,,,,,
,,,,,,,,,,
,,,,,,,,,,
,,,,,,,,,,
,,,,,,,,,,
,,,,,,,,,,
,,,,,,,,,,
,,,,,,,,,,
,,,,,,,,,,
,,,,,,,,,,
,,,,,,,,,,
,,,,,,,,,,
,,,,,,,,,,
,,,,,,,,,,
,,,,,,,,,,
,,,,,,,,,,
,,,,,,,,,,
,,,,,,,,,,
,,,,,,,,,,
,,,,,,,,,,
,,,,,,,,,,
,,,,,,,,,,
,,,,,,,,,,
,,,,,,,,,,
,,,,,,,,,,
,,,,,,,,,,
,,,,,,,,,,
,,,,,,,,,,
,,,,,,,,,,
,,,,,,,,,,
,,,,,,,,,,
,,,,,,,,,,
,,,,,,,,,,
,,,,,,,,,,
,,,,,,,,,,
,,,,,,,,,,
,,,,,,,,,,
,,,,,,,,,,
,,,,,,,,,,
,,,,,,,,,,
,,,,,,,,,,
,,,,,,,,,,
,,,,,,,,,,
,,,,,,,,,,
,,,,,,,,,,
,,,,,,,,,,
,,,,,,,,,,
,,,,,,,,,,
,,,,,,,,,,
,,,,,,,,,,
,,,,,,,,,,
,,,,,,,,,,
,,,,,,,,,,
,,,,,,,,,,
,,,,,,,,,,
,,,,,,,,,,
,,,,,,,,,,
,,,,,,,,,,
,,,,,,,,,,
,,,,,,,,,,
,,,,,,,,,,
,,,,,,,,,,
,,,,,,,,,,
,,,,,,,,,,
,,,,,,,,,,
,,,,,,,,,,
,,,,,,,,,,
,,,,,,,,,,
,,,,,,,,,,
,,,,,,,,,,
,,,,,,,,,,
,,,,,,,,,,
,,,,,,,,,,
,,,,,,,,,,
,,,,,,,,,,
,,,,,,,,,,
,,,,,,,,,,
,,,,,,,,,,
,,,,,,,,,,
,,,,,,,,,,
,,,,,,,,,,
,,,,,,,,,,
,,,,,,,,,,
,,,,,,,,,,
,,,,,,,,,,
,,,,,,,,,,
,,,,,,,,,,
,,,,,,,,,,
,,,,,,,,,,
,,,,,,,,,,
