NHS Wolverhampton CCG,,,,,,,,,
>25k Expenditure,,,,,,,,,Sep-18
Department family,Entity,Date,Expense Type,Expense area,Supplier,Transaction number,AP Amount (�),VAT registration number,Purchase invoice number
Department of Health,NHS Wolverhampton CCG,9/30/2018,Hcare Srv Rec Fdtn Trust-Contract Baseline,MENTAL HEALTH CONTRACTS,BLACK COUNTRY PARTNERSHIP NHS FOUNDATION TRUST,23719126,"2,412,976.67",,SLASEP18-06
Department of Health,NHS Wolverhampton CCG,9/30/2018,Hcare Srv Rec Fdtn Trust-CQUIN,MENTAL HEALTH CONTRACTS,BLACK COUNTRY PARTNERSHIP NHS FOUNDATION TRUST,23719131,"60,135.67",,CQUNSEP18-06
Department of Health,NHS Wolverhampton CCG,9/30/2018,Sterile Products,PRESCRIBING,ROYAL WOLVERHAMPTON HOSPITALS NHS TRUST (THE),23723759,"121,763.70",,0000220521
Department of Health,NHS Wolverhampton CCG,9/30/2018,Soc Care-Other Soc Care,PROGRAMME PROJECTS,WOLVERHAMPTON CITY COUNCIL,23726891,"553,083.00",101268711,BCFSEP18B
Department of Health,NHS Wolverhampton CCG,9/30/2018,Soc Care-Other Soc Care,PROGRAMME PROJECTS,WOLVERHAMPTON CITY COUNCIL,23726892,"18,245,698.00",101268711,BCFSEP18A
Department of Health,NHS Wolverhampton CCG,9/30/2018,Cont Care-Funded Nursing Care Allow,FUNDED NURSING CARE,CARAM (AH) LTD,23773067,"33,416.84",,QAAug18FNC16
Department of Health,NHS Wolverhampton CCG,9/30/2018,Cont Care-Funded Nursing Care Allow,FUNDED NURSING CARE,BENTLEY COURT PRIORY,23773069,"40,127.29",,QAAug18FNC2
Department of Health,NHS Wolverhampton CCG,9/30/2018,Cont Care-Funded Nursing Care Allow,FUNDED NURSING CARE,CENTRAL ENGLAND HEALTHCARE (WOLVERHAMPTON) LTD,23773070,"33,913.92",,QAAug18FNC15
Department of Health,NHS Wolverhampton CCG,9/30/2018,Cont Care-Funded Nursing Care Allow,FUNDED NURSING CARE,NEWLYN COURT NURSING HOME,23773072,"32,354.89",,QAAug18FNC3
Department of Health,NHS Wolverhampton CCG,9/30/2018,Cont Care-Funded Nursing Care Allow,FUNDED NURSING CARE,FIRST CARE SERVICES ORCHARD HOUSE,23773073,"31,448.48",,QAAug18FNC10
Department of Health,NHS Wolverhampton CCG,9/30/2018,Hcare Srv Rec NHS Trust-Over/ Under Performance,ACUTE COMMISSIONING,ROYAL WOLVERHAMPTON HOSPITALS NHS TRUST (THE),23778411,"268,916.00",,0000220432
Department of Health,NHS Wolverhampton CCG,9/30/2018,Hcare Srv Rec NHS Trust-Over/ Under Performance,COMMUNITY SERVICES,ROYAL WOLVERHAMPTON HOSPITALS NHS TRUST (THE),23778428,"(43,679.00)",,0000015660
Department of Health,NHS Wolverhampton CCG,9/30/2018,Hcare Srv Rec Fdtn Trust-Prior Year,ACUTE COMMISSIONING,DUDLEY GROUP HOSPITALS NHS FOUNDATION TRUST,23778488,"(33,497.00)",,1000003967
Department of Health,NHS Wolverhampton CCG,9/30/2018,Hcare Srv Rec Fdtn Trust-Contract Baseline,ACUTE COMMISSIONING,BIRMINGHAM WOMENS AND CHILDRENS NHS FOUNDATION TRUST,23796772,"71,061.25",,SLASEP18-02
Department of Health,NHS Wolverhampton CCG,9/30/2018,Hcare Srv Rec NHS Trust-Contract Baseline,MENTAL HEALTH CONTRACTS,DUDLEY AND WALSALL MENTAL HEALTH PARTNERSHIP NHS TRUST,23796773,"42,742.50",654439224,SLASEP18-05
Department of Health,NHS Wolverhampton CCG,9/30/2018,Hcare Srv Rec Fdtn Trust-Contract Baseline,ACUTE COMMISSIONING,DUDLEY GROUP HOSPITALS NHS FOUNDATION TRUST,23796775,"414,556.08",,SLASEP18-06
Department of Health,NHS Wolverhampton CCG,9/30/2018,Hcare Srv Rec Fdtn Trust-Contract Baseline,ACUTE COMMISSIONING,UNIVERSITY HOSPITALS BIRMINGHAM NHS FOUNDATION TRUST,23796777,"29,834.17",GB654912816,SLASEP18-07
Department of Health,NHS Wolverhampton CCG,9/30/2018,Hcare Srv Rec Fdtn Trust-Contract Baseline,ACUTE COMMISSIONING,ROYAL ORTHOPAEDIC HOSPITAL NHS FOUNDATION TRUST,23796781,"29,973.33",654965296,SLASEP18-10
Department of Health,NHS Wolverhampton CCG,9/30/2018,Hcare Srv Rec NHS Trust-Contract Baseline,ACUTE COMMISSIONING,ROYAL WOLVERHAMPTON HOSPITALS NHS TRUST (THE),23796783,"13,393,511.00",,SLASEP18-11
Department of Health,NHS Wolverhampton CCG,9/30/2018,Hcare Srv Rec NHS Trust-CQUIN,ACUTE COMMISSIONING,ROYAL WOLVERHAMPTON HOSPITALS NHS TRUST (THE),23796784,"158,441.00",,CQUNSEP18-11
Department of Health,NHS Wolverhampton CCG,9/30/2018,Hcare Srv Rec NHS Trust-Contract Baseline,ACUTE COMMISSIONING,ROYAL WOLVERHAMPTON HOSPITALS NHS TRUST (THE),23796785,"(26,461.00)",,POLCVSEP18
Department of Health,NHS Wolverhampton CCG,9/30/2018,Hcare Srv Rec NHS Trust-Contract Baseline,ACUTE COMMISSIONING,ROYAL WOLVERHAMPTON HOSPITALS NHS TRUST (THE),23796786,"(92,250.00)",,CC2HSEP18-11
Department of Health,NHS Wolverhampton CCG,9/30/2018,Hcare Srv Rec NHS Trust-Contract Baseline,COMMUNITY SERVICES,ROYAL WOLVERHAMPTON HOSPITALS NHS TRUST (THE),23796789,"2,715,184.00",,SLASEP18-12
Department of Health,NHS Wolverhampton CCG,9/30/2018,Hcare Srv Rec NHS Trust-CQUIN,COMMUNITY SERVICES,ROYAL WOLVERHAMPTON HOSPITALS NHS TRUST (THE),23796790,"33,940.00",,CQUNSEP18-12
Department of Health,NHS Wolverhampton CCG,9/30/2018,Hcare Srv Rec NHS Trust-Contract Baseline,ACUTE COMMISSIONING,SANDWELL AND WEST BIRMINGHAM HOSPITALS NHS TRUST,23796791,"81,043.60",GB654916216,SLASEP18-13
Department of Health,NHS Wolverhampton CCG,9/30/2018,Hcare Srv Rec NHS Trust-Contract Baseline,ACUTE COMMISSIONING,SHREWSBURY&TELFORD HOSPITAL NHS TRUST,23796793,"32,466.33",,SLASEP18-14
Department of Health,NHS Wolverhampton CCG,9/30/2018,Hcare Srv Rec Fdtn Trust-Contract Baseline,ACUTE COMMISSIONING,UNIVERSITY HOSPITALS BIRMINGHAM NHS FOUNDATION TRUST,23796797,"175,232.83",GB654912816,SLASEP18-17
Department of Health,NHS Wolverhampton CCG,9/30/2018,Hcare Srv Rec NHS Trust-Contract Baseline,ACUTE COMMISSIONING,UNIVERSITY HOSPITALS OF NORTH MIDLANDS NHS TRUST,23796799,"48,893.92",654932808,SLASEP18-18
Department of Health,NHS Wolverhampton CCG,9/30/2018,Hcare Srv Rec NHS Trust-Contract Baseline,ACUTE COMMISSIONING,WALSALL HEALTHCARE NHS TRUST,23796801,"152,176.08",654948981,SLASEP18-19
Department of Health,NHS Wolverhampton CCG,9/30/2018,Hcare Srv Rec Fdtn Trust-Contract Baseline,AMBULANCE SERVICES,WEST MIDLANDS AMBULANCE SERVICE NHS FOUNDATION TRUST,23796803,"844,949.50",GB654950708,SLASEP18-20
Department of Health,NHS Wolverhampton CCG,9/30/2018,Hcare Srv Rec NHS CCG-Contract Baseline,NHS 111,NHS SANDWELL AND WEST BIRMINGHAM CCG,23796805,"74,161.00",,SLASEP18-50
Department of Health,NHS Wolverhampton CCG,9/30/2018,Clinical&Medical-Commercial Sector,ACUTE COMMISSIONING,NUFFIELD HEALTH,23796807,"273,145.00",564291137,SLASEP18-52
Department of Health,NHS Wolverhampton CCG,9/30/2018,Charges from CSU,CORPORATE COSTS & SERVICES,NHS ARDEN AND GEM CSU,23796808,"35,809.81",GB526164259,SLASEP18-46
Department of Health,NHS Wolverhampton CCG,9/30/2018,Clinical&Medical-Independent Sector,INTERMEDIATE CARE,ACCORD HOUSING ASSOCIATION LTD,23796809,"73,305.00",GB880 9887 56,SLASEP18-36
Department of Health,NHS Wolverhampton CCG,9/30/2018,Clinical&Medical-Independent Sector,HOSPICES,COMPTON HOSPICE LTD,23796811,"165,241.00",,SLASEP18-53
Department of Health,NHS Wolverhampton CCG,9/30/2018,Clinical&Medical-Commercial Sector,COUNSELLING SERVICES,REMPLOY LTD,23796812,"120,834.00",,IPSSEP18REMP
Department of Health,NHS Wolverhampton CCG,9/30/2018,Clinical&Medical-Serv Recd-NHS Trst,COUNSELLING SERVICES,DUDLEY AND WALSALL MENTAL HEALTH PARTNERSHIP NHS TRUST,23796813,"60,417.00",654439224,IPSSEP18DWMH
Department of Health,NHS Wolverhampton CCG,9/30/2018,Clinical&Medical-Commercial Sector,COUNSELLING SERVICES,PROSPECTS,23796814,"60,417.00",,IPSSEP18PROS
Department of Health,NHS Wolverhampton CCG,9/30/2018,Clinical&Medical-Independent Sector,ACUTE COMMISSIONING,NORTHERN DOCTORS URGENT CARE,23796815,"217,790.00",GB124571918,URGCARESEP18
Department of Health,NHS Wolverhampton CCG,9/30/2018,Charges from CSU,CORPORATE COSTS & SERVICES,NHS MIDLANDS AND LANCASHIRE CSU,23796816,"(26,420.81)",GB 654442045,SLAAUG18-33R
Department of Health,NHS Wolverhampton CCG,9/30/2018,Clinical&Medical-Independent Sector,MENTAL HEALTH SERVICES - ADULTS,ACCORD HOUSING ASSOCIATION LTD,23833107,"26,611.09",GB880 9887 56,SLINV00060725
Department of Health,NHS Wolverhampton CCG,9/30/2018,C&M-OES PEARS,LOCAL ENHANCED SERVICES,PRIMARY EYECARE (HEART OF WEST MIDLANDS) LIMITED,23833120,"27,840.00",,188295
Department of Health,NHS Wolverhampton CCG,9/30/2018,Clinical&Medical-Independent Sector,COMMUNITY SERVICES,CONCORDIA SPECIALIST CARE SERVICES,23861661,"40,763.50",143786783,WOLVAUG18
Department of Health,NHS Wolverhampton CCG,9/30/2018,External Data Contracts,PROGRAMME PROJECTS,ROYAL WOLVERHAMPTON HOSPITALS NHS TRUST (THE),23882953,"36,883.00",,0000220585
Department of Health,NHS Wolverhampton CCG,9/30/2018,Clinical&Medical-Independent Sector,COMMUNITY SERVICES,CONNECT HEALTH LTD,23882957,"146,513.25",,66602
Department of Health,NHS Wolverhampton CCG,9/30/2018,Clinical&Medical-Independent Sector,NCAS/OATS,NUFFIELD HEALTH,23882968,"234,988.06",564291137,CCG862
Department of Health,NHS Wolverhampton CCG,9/30/2018,Clinical&Medical-Othe Public Sector,WINTER PRESSURES,WOLVERHAMPTON CITY COUNCIL,23924059,"27,908.04",101268711,6002493170
Department of Health,NHS Wolverhampton CCG,9/30/2018,Sterile Products,PRESCRIBING,ROYAL WOLVERHAMPTON HOSPITALS NHS TRUST (THE),23945216,"96,230.45",,0000220522
Department of Health,NHS Wolverhampton CCG,9/30/2018,Cont Care-Funded Nursing Care Allow,FUNDED NURSING CARE,DUDLEY METROPOLITAN BOROUGH COUNCIL,23945219,"49,901.47",,2061783951150228081849901
Department of Health,NHS Wolverhampton CCG,9/30/2018,Cont Care-Funded Nursing Care Allow,FUNDED NURSING CARE,DUDLEY METROPOLITAN BOROUGH COUNCIL,23945228,"57,419.06",,2061783951150428081857419
Department of Health,NHS Wolverhampton CCG,9/30/2018,Chrgs from SLA,PRESCRIBING,ROYAL WOLVERHAMPTON HOSPITALS NHS TRUST (THE),23945241,"53,079.25",,0000220793
Department of Health,NHS Wolverhampton CCG,9/30/2018,Prescribing Incentives,PRESCRIBING,ROYAL WOLVERHAMPTON HOSPITALS NHS TRUST (THE),23945251,"52,394.95",,0000221132
Department of Health,NHS Wolverhampton CCG,9/30/2018,Other Gen Supplies & Srv,INTERPRETING SERVICES,ABSOLUTE INTERPRETING & TRANSLATION LTD,23947672,"22,916.67",919 9117 92,170519
Department of Health,NHS Wolverhampton CCG,9/30/2018,Other Gen Supplies & Srv,INTERPRETING SERVICES,ABSOLUTE INTERPRETING & TRANSLATION LTD,23947673,"22,916.67",919 9117 92,170520
Department of Health,NHS Wolverhampton CCG,9/30/2018,C&M-GMS Cost of Drugs -Prescribing,LOCAL ENHANCED SERVICES,AGRAWAL,23954572,"2,603.46",,WOM000009837
Department of Health,NHS Wolverhampton CCG,9/30/2018,C&M-GMS Global Sum,PRC DELEGATED CO-COMMISSIONING,AGRAWAL,23954572,"121,854.62",,WOM000009837
Department of Health,NHS Wolverhampton CCG,9/30/2018,C&M-GMS MPIG Correction Factor,PRC DELEGATED CO-COMMISSIONING,AGRAWAL,23954572,688.79,,WOM000009837
Department of Health,NHS Wolverhampton CCG,9/30/2018,C&M-GMS PCO Locum Adop/Pat/Mat,PRC DELEGATED CO-COMMISSIONING,AGRAWAL,23954572,"7,966.08",,WOM000009837
Department of Health,NHS Wolverhampton CCG,9/30/2018,C&M-GMS PCO Seniority,PRC DELEGATED CO-COMMISSIONING,AGRAWAL,23954572,"3,268.96",,WOM000009837
Department of Health,NHS Wolverhampton CCG,9/30/2018,C&M-GMS Prem Notional Rent,PRC DELEGATED CO-COMMISSIONING,AGRAWAL,23954572,"8,112.50",,WOM000009837
Department of Health,NHS Wolverhampton CCG,9/30/2018,C&M-GMS Prof Fees Prescribing,PRC DELEGATED CO-COMMISSIONING,AGRAWAL,23954572,655.50,,WOM000009837
Department of Health,NHS Wolverhampton CCG,9/30/2018,C&M-GMS QOF Aspiration,PRC DELEGATED CO-COMMISSIONING,AGRAWAL,23954572,"10,384.22",,WOM000009837
Department of Health,NHS Wolverhampton CCG,9/30/2018,C&M-GMS Cost of Drugs -Prescribing,LOCAL ENHANCED SERVICES,BILAS & THOMAS,23954574,"1,670.76",,WOM000009839
Department of Health,NHS Wolverhampton CCG,9/30/2018,C&M-GMS Global Sum,PRC DELEGATED CO-COMMISSIONING,BILAS & THOMAS,23954574,"28,050.37",,WOM000009839
Department of Health,NHS Wolverhampton CCG,9/30/2018,C&M-GMS PCO Seniority,PRC DELEGATED CO-COMMISSIONING,BILAS & THOMAS,23954574,"1,260.64",,WOM000009839
Department of Health,NHS Wolverhampton CCG,9/30/2018,C&M-GMS Prem Notional Rent,PRC DELEGATED CO-COMMISSIONING,BILAS & THOMAS,23954574,"1,916.67",,WOM000009839
Department of Health,NHS Wolverhampton CCG,9/30/2018,C&M-GMS Prof Fees Prescribing,PRC DELEGATED CO-COMMISSIONING,BILAS & THOMAS,23954574,356.50,,WOM000009839
Department of Health,NHS Wolverhampton CCG,9/30/2018,C&M-GMS QOF Aspiration,PRC DELEGATED CO-COMMISSIONING,BILAS & THOMAS,23954574,"2,614.97",,WOM000009839
Department of Health,NHS Wolverhampton CCG,9/30/2018,C&M-PMS Contract Value,PRC DELEGATED CO-COMMISSIONING,BILSTON URBAN VILLAGE MEDICAL CENTRE,23954576,"85,114.00",,WOM000009841
Department of Health,NHS Wolverhampton CCG,9/30/2018,C&M-PMS Cost of Drugs -Prescribing,LOCAL ENHANCED SERVICES,BILSTON URBAN VILLAGE MEDICAL CENTRE,23954576,"1,160.77",,WOM000009841
Department of Health,NHS Wolverhampton CCG,9/30/2018,C&M-PMS Prem Healthcentre Rent,PRC DELEGATED CO-COMMISSIONING,BILSTON URBAN VILLAGE MEDICAL CENTRE,23954576,"7,176.67",,WOM000009841
Department of Health,NHS Wolverhampton CCG,9/30/2018,C&M-PMS Prof fees Prescribing,PRC DELEGATED CO-COMMISSIONING,BILSTON URBAN VILLAGE MEDICAL CENTRE,23954576,179.40,,WOM000009841
Department of Health,NHS Wolverhampton CCG,9/30/2018,C&M-PMS QOF Aspiration,PRC DELEGATED CO-COMMISSIONING,BILSTON URBAN VILLAGE MEDICAL CENTRE,23954576,"3,338.80",,WOM000009841
Department of Health,NHS Wolverhampton CCG,9/30/2018,C&M-GMS Cost of Drugs -Prescribing,LOCAL ENHANCED SERVICES,COWEN MANLEY & GUEST,23954578,345.00,,WOM000009843
Department of Health,NHS Wolverhampton CCG,9/30/2018,C&M-GMS Global Sum,PRC DELEGATED CO-COMMISSIONING,COWEN MANLEY & GUEST,23954578,"35,958.96",,WOM000009843
Department of Health,NHS Wolverhampton CCG,9/30/2018,C&M-GMS Other FDR Payment,PRC DELEGATED CO-COMMISSIONING,COWEN MANLEY & GUEST,23954578,"4,475.55",,WOM000009843
Department of Health,NHS Wolverhampton CCG,9/30/2018,C&M-GMS PCO Seniority,PRC DELEGATED CO-COMMISSIONING,COWEN MANLEY & GUEST,23954578,"2,268.56",,WOM000009843
Department of Health,NHS Wolverhampton CCG,9/30/2018,C&M-GMS Prem Notional Rent,PRC DELEGATED CO-COMMISSIONING,COWEN MANLEY & GUEST,23954578,"3,450.00",,WOM000009843
Department of Health,NHS Wolverhampton CCG,9/30/2018,C&M-GMS Prof Fees Prescribing,PRC DELEGATED CO-COMMISSIONING,COWEN MANLEY & GUEST,23954578,135.70,,WOM000009843
Department of Health,NHS Wolverhampton CCG,9/30/2018,C&M-GMS QOF Aspiration,PRC DELEGATED CO-COMMISSIONING,COWEN MANLEY & GUEST,23954578,"3,941.90",,WOM000009843
Department of Health,NHS Wolverhampton CCG,9/30/2018,C&M-GMS Global Sum,PRC DELEGATED CO-COMMISSIONING,DR A SAINI & DR B MEHTA,23954580,"37,962.41",,WOM000009845
Department of Health,NHS Wolverhampton CCG,9/30/2018,C&M-GMS MPIG Correction Factor,PRC DELEGATED CO-COMMISSIONING,DR A SAINI & DR B MEHTA,23954580,355.64,,WOM000009845
Department of Health,NHS Wolverhampton CCG,9/30/2018,C&M-GMS PCO Seniority,PRC DELEGATED CO-COMMISSIONING,DR A SAINI & DR B MEHTA,23954580,"2,070.67",,WOM000009845
Department of Health,NHS Wolverhampton CCG,9/30/2018,C&M-GMS Prem Notional Rent,PRC DELEGATED CO-COMMISSIONING,DR A SAINI & DR B MEHTA,23954580,"1,980.83",,WOM000009845
Department of Health,NHS Wolverhampton CCG,9/30/2018,C&M-GMS QOF Aspiration,PRC DELEGATED CO-COMMISSIONING,DR A SAINI & DR B MEHTA,23954580,"4,425.82",,WOM000009845
Department of Health,NHS Wolverhampton CCG,9/30/2018,C&M-GMS Cost of Drugs -Prescribing,LOCAL ENHANCED SERVICES,DR D M BUSH,23954582,738.85,,WOM000009849
Department of Health,NHS Wolverhampton CCG,9/30/2018,C&M-GMS Global Sum,PRC DELEGATED CO-COMMISSIONING,DR D M BUSH,23954582,"41,499.28",,WOM000009849
Department of Health,NHS Wolverhampton CCG,9/30/2018,C&M-GMS MPIG Correction Factor,PRC DELEGATED CO-COMMISSIONING,DR D M BUSH,23954582,"1,262.82",,WOM000009849
Department of Health,NHS Wolverhampton CCG,9/30/2018,C&M-GMS PCO Seniority,PRC DELEGATED CO-COMMISSIONING,DR D M BUSH,23954582,"1,230.08",,WOM000009849
Department of Health,NHS Wolverhampton CCG,9/30/2018,C&M-GMS Prem Notional Rent,PRC DELEGATED CO-COMMISSIONING,DR D M BUSH,23954582,"3,008.34",,WOM000009849
Department of Health,NHS Wolverhampton CCG,9/30/2018,C&M-GMS Prem Water Rates,PRC DELEGATED CO-COMMISSIONING,DR D M BUSH,23954582,145.44,,WOM000009849
Department of Health,NHS Wolverhampton CCG,9/30/2018,C&M-GMS Prof Fees Prescribing,PRC DELEGATED CO-COMMISSIONING,DR D M BUSH,23954582,174.80,,WOM000009849
Department of Health,NHS Wolverhampton CCG,9/30/2018,C&M-GMS QOF Aspiration,PRC DELEGATED CO-COMMISSIONING,DR D M BUSH,23954582,"4,733.35",,WOM000009849
Department of Health,NHS Wolverhampton CCG,9/30/2018,C&M-GMS Cost of Drugs -Prescribing,LOCAL ENHANCED SERVICES,DR G PICKAVANCE & PARTNERS,23954584,"1,926.05",,WOM000009851
Department of Health,NHS Wolverhampton CCG,9/30/2018,C&M-GMS Global Sum,PRC DELEGATED CO-COMMISSIONING,DR G PICKAVANCE & PARTNERS,23954584,"37,161.90",,WOM000009851
Department of Health,NHS Wolverhampton CCG,9/30/2018,C&M-GMS PCO Seniority,PRC DELEGATED CO-COMMISSIONING,DR G PICKAVANCE & PARTNERS,23954584,"1,456.89",,WOM000009851
Department of Health,NHS Wolverhampton CCG,9/30/2018,C&M-GMS Prem Notional Rent,PRC DELEGATED CO-COMMISSIONING,DR G PICKAVANCE & PARTNERS,23954584,"2,135.00",,WOM000009851
Department of Health,NHS Wolverhampton CCG,9/30/2018,C&M-GMS Prof Fees Prescribing,PRC DELEGATED CO-COMMISSIONING,DR G PICKAVANCE & PARTNERS,23954584,404.80,,WOM000009851
Department of Health,NHS Wolverhampton CCG,9/30/2018,C&M-GMS QOF Aspiration,PRC DELEGATED CO-COMMISSIONING,DR G PICKAVANCE & PARTNERS,23954584,"5,109.12",,WOM000009851
Department of Health,NHS Wolverhampton CCG,9/30/2018,C&M-GMS Cost of Drugs -Prescribing,LOCAL ENHANCED SERVICES,DR JONES & PARTNERS WOLVERHAMPTON,23954586,"1,021.19",,WOM000009853
Department of Health,NHS Wolverhampton CCG,9/30/2018,C&M-GMS Global Sum,PRC DELEGATED CO-COMMISSIONING,DR JONES & PARTNERS WOLVERHAMPTON,23954586,"90,430.94",,WOM000009853
Department of Health,NHS Wolverhampton CCG,9/30/2018,C&M-GMS PCO Seniority,PRC DELEGATED CO-COMMISSIONING,DR JONES & PARTNERS WOLVERHAMPTON,23954586,"3,516.81",,WOM000009853
Department of Health,NHS Wolverhampton CCG,9/30/2018,C&M-GMS Prem Healthcentre Rent,PRC DELEGATED CO-COMMISSIONING,DR JONES & PARTNERS WOLVERHAMPTON,23954586,"6,618.42",,WOM000009853
Department of Health,NHS Wolverhampton CCG,9/30/2018,C&M-GMS Prof Fees Prescribing,PRC DELEGATED CO-COMMISSIONING,DR JONES & PARTNERS WOLVERHAMPTON,23954586,439.30,,WOM000009853
Department of Health,NHS Wolverhampton CCG,9/30/2018,C&M-GMS QOF Aspiration,PRC DELEGATED CO-COMMISSIONING,DR JONES & PARTNERS WOLVERHAMPTON,23954586,"9,460.19",,WOM000009853
Department of Health,NHS Wolverhampton CCG,9/30/2018,C&M-PMS Contract Value,PRC DELEGATED CO-COMMISSIONING,DR MAJID & RAVINDRAN,23954588,"37,293.66",,WOM000009855
Department of Health,NHS Wolverhampton CCG,9/30/2018,C&M-PMS Cost of Drugs -Prescribing,LOCAL ENHANCED SERVICES,DR MAJID & RAVINDRAN,23954588,"2,554.48",,WOM000009855
Department of Health,NHS Wolverhampton CCG,9/30/2018,C&M-PMS PCO Seniority,PRC DELEGATED CO-COMMISSIONING,DR MAJID & RAVINDRAN,23954588,"1,492.27",,WOM000009855
Department of Health,NHS Wolverhampton CCG,9/30/2018,C&M-PMS Prem Notional Rent,PRC DELEGATED CO-COMMISSIONING,DR MAJID & RAVINDRAN,23954588,"3,160.42",,WOM000009855
Department of Health,NHS Wolverhampton CCG,9/30/2018,C&M-PMS Prof fees Prescribing,PRC DELEGATED CO-COMMISSIONING,DR MAJID & RAVINDRAN,23954588,349.60,,WOM000009855
Department of Health,NHS Wolverhampton CCG,9/30/2018,C&M-PMS QOF Aspiration,PRC DELEGATED CO-COMMISSIONING,DR MAJID & RAVINDRAN,23954588,"4,346.73",,WOM000009855
Department of Health,NHS Wolverhampton CCG,9/30/2018,C&M-GMS Cost of Drugs -Prescribing,LOCAL ENHANCED SERVICES,DR NOBLE & PARTNERS,23954590,"2,209.03",,WOM000009857
Department of Health,NHS Wolverhampton CCG,9/30/2018,C&M-GMS Global Sum,PRC DELEGATED CO-COMMISSIONING,DR NOBLE & PARTNERS,23954590,"70,872.22",,WOM000009857
Department of Health,NHS Wolverhampton CCG,9/30/2018,C&M-GMS Other FDR Payment,PRC DELEGATED CO-COMMISSIONING,DR NOBLE & PARTNERS,23954590,"12,208.77",,WOM000009857
Department of Health,NHS Wolverhampton CCG,9/30/2018,C&M-GMS PCO Seniority,PRC DELEGATED CO-COMMISSIONING,DR NOBLE & PARTNERS,23954590,962.35,,WOM000009857
Department of Health,NHS Wolverhampton CCG,9/30/2018,C&M-GMS Prem Notional Rent,PRC DELEGATED CO-COMMISSIONING,DR NOBLE & PARTNERS,23954590,"4,616.67",,WOM000009857
Department of Health,NHS Wolverhampton CCG,9/30/2018,C&M-GMS Prem Rates,PRC DELEGATED CO-COMMISSIONING,DR NOBLE & PARTNERS,23954590,"12,603.01",,WOM000009857
Department of Health,NHS Wolverhampton CCG,9/30/2018,C&M-GMS Prem Water Rates,PRC DELEGATED CO-COMMISSIONING,DR NOBLE & PARTNERS,23954590,"1,690.83",,WOM000009857
Department of Health,NHS Wolverhampton CCG,9/30/2018,C&M-GMS Prof Fees Prescribing,PRC DELEGATED CO-COMMISSIONING,DR NOBLE & PARTNERS,23954590,236.90,,WOM000009857
Department of Health,NHS Wolverhampton CCG,9/30/2018,C&M-GMS QOF Aspiration,PRC DELEGATED CO-COMMISSIONING,DR NOBLE & PARTNERS,23954590,"6,358.91",,WOM000009857
Department of Health,NHS Wolverhampton CCG,9/30/2018,C&M-GMS Cost of Drugs -Prescribing,LOCAL ENHANCED SERVICES,DR RICHARDSON & PARTNERS WOLVERHAMPTON,23954592,935.77,,WOM000009860
Department of Health,NHS Wolverhampton CCG,9/30/2018,C&M-GMS Global Sum,PRC DELEGATED CO-COMMISSIONING,DR RICHARDSON & PARTNERS WOLVERHAMPTON,23954592,"66,325.09",,WOM000009860
Department of Health,NHS Wolverhampton CCG,9/30/2018,C&M-GMS Other FDR Payment,PRC DELEGATED CO-COMMISSIONING,DR RICHARDSON & PARTNERS WOLVERHAMPTON,23954592,"5,431.57",,WOM000009860
Department of Health,NHS Wolverhampton CCG,9/30/2018,C&M-GMS PCO Seniority,PRC DELEGATED CO-COMMISSIONING,DR RICHARDSON & PARTNERS WOLVERHAMPTON,23954592,"3,026.49",,WOM000009860
Department of Health,NHS Wolverhampton CCG,9/30/2018,C&M-GMS Prem Notional Rent,PRC DELEGATED CO-COMMISSIONING,DR RICHARDSON & PARTNERS WOLVERHAMPTON,23954592,"4,296.67",,WOM000009860
Department of Health,NHS Wolverhampton CCG,9/30/2018,C&M-GMS Prof Fees Prescribing,PRC DELEGATED CO-COMMISSIONING,DR RICHARDSON & PARTNERS WOLVERHAMPTON,23954592,259.90,,WOM000009860
Department of Health,NHS Wolverhampton CCG,9/30/2018,C&M-GMS QOF Aspiration,PRC DELEGATED CO-COMMISSIONING,DR RICHARDSON & PARTNERS WOLVERHAMPTON,23954592,"5,624.42",,WOM000009860
Department of Health,NHS Wolverhampton CCG,9/30/2018,C&M-GMS Cost of Drugs -Prescribing,LOCAL ENHANCED SERVICES,GEORGE & RAJCHOLAN,23954595,742.08,,WOM000009866
Department of Health,NHS Wolverhampton CCG,9/30/2018,C&M-GMS Global Sum,PRC DELEGATED CO-COMMISSIONING,GEORGE & RAJCHOLAN,23954595,"29,932.02",,WOM000009866
Department of Health,NHS Wolverhampton CCG,9/30/2018,C&M-GMS PCO Seniority,PRC DELEGATED CO-COMMISSIONING,GEORGE & RAJCHOLAN,23954595,469.21,,WOM000009866
Department of Health,NHS Wolverhampton CCG,9/30/2018,C&M-GMS Prem Healthcentre Rent,PRC DELEGATED CO-COMMISSIONING,GEORGE & RAJCHOLAN,23954595,"2,262.50",,WOM000009866
Department of Health,NHS Wolverhampton CCG,9/30/2018,C&M-GMS Prof Fees Prescribing,PRC DELEGATED CO-COMMISSIONING,GEORGE & RAJCHOLAN,23954595,174.80,,WOM000009866
Department of Health,NHS Wolverhampton CCG,9/30/2018,C&M-GMS QOF Aspiration,PRC DELEGATED CO-COMMISSIONING,GEORGE & RAJCHOLAN,23954595,"3,433.13",,WOM000009866
Department of Health,NHS Wolverhampton CCG,9/30/2018,C&M-GMS Cost of Drugs -Prescribing,LOCAL ENHANCED SERVICES,HIBBS & PARTNERS,23954598,"2,188.31",,WOM000009870
Department of Health,NHS Wolverhampton CCG,9/30/2018,C&M-GMS Global Sum,PRC DELEGATED CO-COMMISSIONING,HIBBS & PARTNERS,23954598,"97,248.80",,WOM000009870
Department of Health,NHS Wolverhampton CCG,9/30/2018,C&M-GMS PCO Other,PRC DELEGATED CO-COMMISSIONING,HIBBS & PARTNERS,23954598,"8,353.00",,WOM000009870
Department of Health,NHS Wolverhampton CCG,9/30/2018,C&M-GMS PCO Seniority,PRC DELEGATED CO-COMMISSIONING,HIBBS & PARTNERS,23954598,"3,318.84",,WOM000009870
Department of Health,NHS Wolverhampton CCG,9/30/2018,C&M-GMS Prem Healthcentre Rent,PRC DELEGATED CO-COMMISSIONING,HIBBS & PARTNERS,23954598,"2,016.67",,WOM000009870
Department of Health,NHS Wolverhampton CCG,9/30/2018,C&M-GMS Prem Notional Rent,PRC DELEGATED CO-COMMISSIONING,HIBBS & PARTNERS,23954598,"3,879.17",,WOM000009870
Department of Health,NHS Wolverhampton CCG,9/30/2018,C&M-GMS Prof Fees Prescribing,PRC DELEGATED CO-COMMISSIONING,HIBBS & PARTNERS,23954598,646.30,,WOM000009870
Department of Health,NHS Wolverhampton CCG,9/30/2018,C&M-GMS QOF Aspiration,PRC DELEGATED CO-COMMISSIONING,HIBBS & PARTNERS,23954598,"11,569.04",,WOM000009870
Department of Health,NHS Wolverhampton CCG,9/30/2018,C&M-GMS Cost of Drugs -Prescribing,LOCAL ENHANCED SERVICES,KEHLER AUNG & NAZ,23954600,491.99,,WOM000009874
Department of Health,NHS Wolverhampton CCG,9/30/2018,C&M-GMS Global Sum,PRC DELEGATED CO-COMMISSIONING,KEHLER AUNG & NAZ,23954600,"45,031.82",,WOM000009874
Department of Health,NHS Wolverhampton CCG,9/30/2018,C&M-GMS PCO Seniority,PRC DELEGATED CO-COMMISSIONING,KEHLER AUNG & NAZ,23954600,"1,560.29",,WOM000009874
Department of Health,NHS Wolverhampton CCG,9/30/2018,C&M-GMS Prem Actual Rent,PRC DELEGATED CO-COMMISSIONING,KEHLER AUNG & NAZ,23954600,"7,259.58",,WOM000009874
Department of Health,NHS Wolverhampton CCG,9/30/2018,C&M-GMS Prof Fees Prescribing,PRC DELEGATED CO-COMMISSIONING,KEHLER AUNG & NAZ,23954600,253.00,,WOM000009874
Department of Health,NHS Wolverhampton CCG,9/30/2018,C&M-GMS QOF Aspiration,PRC DELEGATED CO-COMMISSIONING,KEHLER AUNG & NAZ,23954600,"4,854.35",,WOM000009874
Department of Health,NHS Wolverhampton CCG,9/30/2018,C&M-GMS Global Sum,PRC DELEGATED CO-COMMISSIONING,KRISHAN,23954602,"60,695.08",,WOM000009876
Department of Health,NHS Wolverhampton CCG,9/30/2018,C&M-GMS Other FDR Payment,PRC DELEGATED CO-COMMISSIONING,KRISHAN,23954602,"7,117.96",,WOM000009876
Department of Health,NHS Wolverhampton CCG,9/30/2018,C&M-GMS PCO Seniority,PRC DELEGATED CO-COMMISSIONING,KRISHAN,23954602,"1,529.17",,WOM000009876
Department of Health,NHS Wolverhampton CCG,9/30/2018,C&M-GMS Prem Notional Rent,PRC DELEGATED CO-COMMISSIONING,KRISHAN,23954602,"5,515.42",,WOM000009876
Department of Health,NHS Wolverhampton CCG,9/30/2018,C&M-GMS QOF Aspiration,PRC DELEGATED CO-COMMISSIONING,KRISHAN,23954602,"5,418.68",,WOM000009876
Department of Health,NHS Wolverhampton CCG,9/30/2018,C&M-GMS Cost of Drugs -Prescribing,LOCAL ENHANCED SERVICES,KHARWADKAR,23954604,189.32,,WOM000009878
Department of Health,NHS Wolverhampton CCG,9/30/2018,C&M-GMS Global Sum,PRC DELEGATED CO-COMMISSIONING,KHARWADKAR,23954604,"21,703.80",,WOM000009878
Department of Health,NHS Wolverhampton CCG,9/30/2018,C&M-GMS MPIG Correction Factor,PRC DELEGATED CO-COMMISSIONING,KHARWADKAR,23954604,610.53,,WOM000009878
Department of Health,NHS Wolverhampton CCG,9/30/2018,C&M-GMS PCO Seniority,PRC DELEGATED CO-COMMISSIONING,KHARWADKAR,23954604,510.48,,WOM000009878
Department of Health,NHS Wolverhampton CCG,9/30/2018,C&M-GMS Prem Healthcentre Rent,PRC DELEGATED CO-COMMISSIONING,KHARWADKAR,23954604,895.17,,WOM000009878
Department of Health,NHS Wolverhampton CCG,9/30/2018,C&M-GMS Prem Notional Rent,PRC DELEGATED CO-COMMISSIONING,KHARWADKAR,23954604,"1,183.34",,WOM000009878
Department of Health,NHS Wolverhampton CCG,9/30/2018,C&M-GMS Prof Fees Prescribing,PRC DELEGATED CO-COMMISSIONING,KHARWADKAR,23954604,57.50,,WOM000009878
Department of Health,NHS Wolverhampton CCG,9/30/2018,C&M-GMS QOF Aspiration,PRC DELEGATED CO-COMMISSIONING,KHARWADKAR,23954604,"2,455.16",,WOM000009878
Department of Health,NHS Wolverhampton CCG,9/30/2018,C&M-GMS Cost of Drugs -Prescribing,LOCAL ENHANCED SERVICES,LUCKRAFT & PARTNERS,23954605,759.54,,WOM000009879
Department of Health,NHS Wolverhampton CCG,9/30/2018,C&M-GMS Global Sum,PRC DELEGATED CO-COMMISSIONING,LUCKRAFT & PARTNERS,23954605,"67,945.69",,WOM000009879
Department of Health,NHS Wolverhampton CCG,9/30/2018,C&M-GMS PCO Seniority,PRC DELEGATED CO-COMMISSIONING,LUCKRAFT & PARTNERS,23954605,"3,954.63",,WOM000009879
Department of Health,NHS Wolverhampton CCG,9/30/2018,C&M-GMS Prem Healthcentre Rent,PRC DELEGATED CO-COMMISSIONING,LUCKRAFT & PARTNERS,23954605,"6,573.58",,WOM000009879
Department of Health,NHS Wolverhampton CCG,9/30/2018,C&M-GMS Prof Fees Prescribing,PRC DELEGATED CO-COMMISSIONING,LUCKRAFT & PARTNERS,23954605,345.00,,WOM000009879
Department of Health,NHS Wolverhampton CCG,9/30/2018,C&M-GMS QOF Aspiration,PRC DELEGATED CO-COMMISSIONING,LUCKRAFT & PARTNERS,23954605,"7,779.68",,WOM000009879
Department of Health,NHS Wolverhampton CCG,9/30/2018,C&M-GMS Cost of Drugs -Prescribing,LOCAL ENHANCED SERVICES,MUDIGONDA,23954608,157.75,,WOM000009885
Department of Health,NHS Wolverhampton CCG,9/30/2018,C&M-GMS Global Sum,PRC DELEGATED CO-COMMISSIONING,MUDIGONDA,23954608,"28,701.97",,WOM000009885
Department of Health,NHS Wolverhampton CCG,9/30/2018,C&M-GMS PCO Seniority,PRC DELEGATED CO-COMMISSIONING,MUDIGONDA,23954608,"1,694.90",,WOM000009885
Department of Health,NHS Wolverhampton CCG,9/30/2018,C&M-GMS Prem Healthcentre Rent,PRC DELEGATED CO-COMMISSIONING,MUDIGONDA,23954608,"1,900.58",,WOM000009885
Department of Health,NHS Wolverhampton CCG,9/30/2018,C&M-GMS Prof Fees Prescribing,PRC DELEGATED CO-COMMISSIONING,MUDIGONDA,23954608,115.00,,WOM000009885
Department of Health,NHS Wolverhampton CCG,9/30/2018,C&M-GMS QOF Aspiration,PRC DELEGATED CO-COMMISSIONING,MUDIGONDA,23954608,"3,102.27",,WOM000009885
Department of Health,NHS Wolverhampton CCG,9/30/2018,C&M-GMS Cost of Drugs -Prescribing,LOCAL ENHANCED SERVICES,POPLARS MEDICAL PRACTICE,23954610,318.89,,WOM000009889
Department of Health,NHS Wolverhampton CCG,9/30/2018,C&M-GMS DES Learn Dsblty Hlth Chk,PRC DELEGATED CO-COMMISSIONING,POPLARS MEDICAL PRACTICE,23954610,140.00,,WOM000009889
Department of Health,NHS Wolverhampton CCG,9/30/2018,C&M-GMS Global Sum,PRC DELEGATED CO-COMMISSIONING,POPLARS MEDICAL PRACTICE,23954610,"24,679.65",,WOM000009889
Department of Health,NHS Wolverhampton CCG,9/30/2018,C&M-GMS PCO Seniority,PRC DELEGATED CO-COMMISSIONING,POPLARS MEDICAL PRACTICE,23954610,"1,230.08",,WOM000009889
Department of Health,NHS Wolverhampton CCG,9/30/2018,C&M-GMS Prem Notional Rent,PRC DELEGATED CO-COMMISSIONING,POPLARS MEDICAL PRACTICE,23954610,"1,912.50",,WOM000009889
Department of Health,NHS Wolverhampton CCG,9/30/2018,C&M-GMS Prem Water Rates,PRC DELEGATED CO-COMMISSIONING,POPLARS MEDICAL PRACTICE,23954610,126.96,,WOM000009889
Department of Health,NHS Wolverhampton CCG,9/30/2018,C&M-GMS Prof Fees Prescribing,PRC DELEGATED CO-COMMISSIONING,POPLARS MEDICAL PRACTICE,23954610,156.40,,WOM000009889
Department of Health,NHS Wolverhampton CCG,9/30/2018,C&M-GMS QOF Aspiration,PRC DELEGATED CO-COMMISSIONING,POPLARS MEDICAL PRACTICE,23954610,"2,762.11",,WOM000009889
Department of Health,NHS Wolverhampton CCG,9/30/2018,C&M-PMS Contract Value,PRC DELEGATED CO-COMMISSIONING,PROBERT ROAD SURGERY,23954612,"31,429.47",,WOM000009893
Department of Health,NHS Wolverhampton CCG,9/30/2018,C&M-PMS Cost of Drugs -Prescribing,LOCAL ENHANCED SERVICES,PROBERT ROAD SURGERY,23954612,"1,033.09",,WOM000009893
Department of Health,NHS Wolverhampton CCG,9/30/2018,C&M-PMS PCO Seniority,PRC DELEGATED CO-COMMISSIONING,PROBERT ROAD SURGERY,23954612,"1,021.03",,WOM000009893
Department of Health,NHS Wolverhampton CCG,9/30/2018,C&M-PMS Prem Actual Rent,PRC DELEGATED CO-COMMISSIONING,PROBERT ROAD SURGERY,23954612,"2,267.50",,WOM000009893
Department of Health,NHS Wolverhampton CCG,9/30/2018,C&M-PMS Prof fees Prescribing,PRC DELEGATED CO-COMMISSIONING,PROBERT ROAD SURGERY,23954612,149.50,,WOM000009893
Department of Health,NHS Wolverhampton CCG,9/30/2018,C&M-PMS QOF Aspiration,PRC DELEGATED CO-COMMISSIONING,PROBERT ROAD SURGERY,23954612,"2,845.91",,WOM000009893
Department of Health,NHS Wolverhampton CCG,9/30/2018,C&M-PMS Contract Value,PRC DELEGATED CO-COMMISSIONING,SHOWELL PARK HEALTH & WALK IN CENTRE,23954614,"35,765.00",,WOM000009895
Department of Health,NHS Wolverhampton CCG,9/30/2018,C&M-PMS QOF Aspiration,PRC DELEGATED CO-COMMISSIONING,SHOWELL PARK HEALTH & WALK IN CENTRE,23954614,"3,276.30",,WOM000009895
Department of Health,NHS Wolverhampton CCG,9/30/2018,C&M-GMS Cost of Drugs -Prescribing,LOCAL ENHANCED SERVICES,VIJ VIJ RIKHI & MOHINDROO,23954617,"3,650.96",,WOM000009899
Department of Health,NHS Wolverhampton CCG,9/30/2018,C&M-GMS DES Extended Hours Access,PRC DELEGATED CO-COMMISSIONING,VIJ VIJ RIKHI & MOHINDROO,23954617,"6,662.18",,WOM000009899
Department of Health,NHS Wolverhampton CCG,9/30/2018,C&M-GMS Global Sum,PRC DELEGATED CO-COMMISSIONING,VIJ VIJ RIKHI & MOHINDROO,23954617,"100,383.31",,WOM000009899
Department of Health,NHS Wolverhampton CCG,9/30/2018,C&M-GMS PCO Seniority,PRC DELEGATED CO-COMMISSIONING,VIJ VIJ RIKHI & MOHINDROO,23954617,"4,235.38",,WOM000009899
Department of Health,NHS Wolverhampton CCG,9/30/2018,C&M-GMS Prem Healthcentre Rent,PRC DELEGATED CO-COMMISSIONING,VIJ VIJ RIKHI & MOHINDROO,23954617,"4,114.33",,WOM000009899
Department of Health,NHS Wolverhampton CCG,9/30/2018,C&M-GMS Prem Notional Rent,PRC DELEGATED CO-COMMISSIONING,VIJ VIJ RIKHI & MOHINDROO,23954617,"1,029.17",,WOM000009899
Department of Health,NHS Wolverhampton CCG,9/30/2018,C&M-GMS Prof Fees Prescribing,PRC DELEGATED CO-COMMISSIONING,VIJ VIJ RIKHI & MOHINDROO,23954617,676.20,,WOM000009899
Department of Health,NHS Wolverhampton CCG,9/30/2018,C&M-GMS QOF Aspiration,PRC DELEGATED CO-COMMISSIONING,VIJ VIJ RIKHI & MOHINDROO,23954617,"10,418.93",,WOM000009899
Department of Health,NHS Wolverhampton CCG,9/30/2018,C&M-GMS Cost of Drugs -Prescribing,LOCAL ENHANCED SERVICES,WAGSTAFF & PARTNERS,23954619,"3,804.99",,WOM000009901
Department of Health,NHS Wolverhampton CCG,9/30/2018,C&M-GMS Global Sum,PRC DELEGATED CO-COMMISSIONING,WAGSTAFF & PARTNERS,23954619,"91,878.58",,WOM000009901
Department of Health,NHS Wolverhampton CCG,9/30/2018,C&M-GMS Other FDR Payment,PRC DELEGATED CO-COMMISSIONING,WAGSTAFF & PARTNERS,23954619,"4,985.48",,WOM000009901
Department of Health,NHS Wolverhampton CCG,9/30/2018,C&M-GMS PCO Seniority,PRC DELEGATED CO-COMMISSIONING,WAGSTAFF & PARTNERS,23954619,"3,875.05",,WOM000009901
Department of Health,NHS Wolverhampton CCG,9/30/2018,C&M-GMS Prem Actual Rent,PRC DELEGATED CO-COMMISSIONING,WAGSTAFF & PARTNERS,23954619,"22,573.64",,WOM000009901
Department of Health,NHS Wolverhampton CCG,9/30/2018,C&M-GMS Prem Water Rates,PRC DELEGATED CO-COMMISSIONING,WAGSTAFF & PARTNERS,23954619,855.56,,WOM000009901
Department of Health,NHS Wolverhampton CCG,9/30/2018,C&M-GMS Prof Fees Prescribing,PRC DELEGATED CO-COMMISSIONING,WAGSTAFF & PARTNERS,23954619,579.60,,WOM000009901
Department of Health,NHS Wolverhampton CCG,9/30/2018,C&M-GMS QOF Aspiration,PRC DELEGATED CO-COMMISSIONING,WAGSTAFF & PARTNERS,23954619,"8,422.55",,WOM000009901
Department of Health,NHS Wolverhampton CCG,9/30/2018,C&M-GMS Cost of Drugs -Prescribing,LOCAL ENHANCED SERVICES,WILLIAMS DE ROSA & ELCOCK,23954621,697.91,,WOM000009903
Department of Health,NHS Wolverhampton CCG,9/30/2018,C&M-GMS Global Sum,PRC DELEGATED CO-COMMISSIONING,WILLIAMS DE ROSA & ELCOCK,23954621,"32,114.96",,WOM000009903
Department of Health,NHS Wolverhampton CCG,9/30/2018,C&M-GMS PCO Seniority,PRC DELEGATED CO-COMMISSIONING,WILLIAMS DE ROSA & ELCOCK,23954621,"2,671.35",,WOM000009903
Department of Health,NHS Wolverhampton CCG,9/30/2018,C&M-GMS Prem Actual Rent,PRC DELEGATED CO-COMMISSIONING,WILLIAMS DE ROSA & ELCOCK,23954621,"1,020.83",,WOM000009903
Department of Health,NHS Wolverhampton CCG,9/30/2018,C&M-GMS Prof Fees Prescribing,PRC DELEGATED CO-COMMISSIONING,WILLIAMS DE ROSA & ELCOCK,23954621,213.90,,WOM000009903
Department of Health,NHS Wolverhampton CCG,9/30/2018,C&M-GMS QOF Aspiration,PRC DELEGATED CO-COMMISSIONING,WILLIAMS DE ROSA & ELCOCK,23954621,"3,714.43",,WOM000009903
Department of Health,NHS Wolverhampton CCG,9/30/2018,C&M-PMS Contract Value,PRC DELEGATED CO-COMMISSIONING,CANNOCK ROAD MEDICAL PRACTICE,23954627,"45,917.21",,WOM000009911
Department of Health,NHS Wolverhampton CCG,9/30/2018,C&M-PMS Cost of Drugs -Prescribing,LOCAL ENHANCED SERVICES,CANNOCK ROAD MEDICAL PRACTICE,23954627,655.30,,WOM000009911
Department of Health,NHS Wolverhampton CCG,9/30/2018,C&M-PMS Funding Differential Review,PRC DELEGATED CO-COMMISSIONING,CANNOCK ROAD MEDICAL PRACTICE,23954627,"5,559.22",,WOM000009911
Department of Health,NHS Wolverhampton CCG,9/30/2018,C&M-PMS PCO Seniority,PRC DELEGATED CO-COMMISSIONING,CANNOCK ROAD MEDICAL PRACTICE,23954627,400.38,,WOM000009911
Department of Health,NHS Wolverhampton CCG,9/30/2018,C&M-PMS Prem Notional Rent,PRC DELEGATED CO-COMMISSIONING,CANNOCK ROAD MEDICAL PRACTICE,23954627,"1,587.50",,WOM000009911
Department of Health,NHS Wolverhampton CCG,9/30/2018,C&M-PMS Prof fees Prescribing,PRC DELEGATED CO-COMMISSIONING,CANNOCK ROAD MEDICAL PRACTICE,23954627,303.60,,WOM000009911
Department of Health,NHS Wolverhampton CCG,9/30/2018,C&M-PMS QOF Aspiration,PRC DELEGATED CO-COMMISSIONING,CANNOCK ROAD MEDICAL PRACTICE,23954627,"4,665.62",,WOM000009911
Department of Health,NHS Wolverhampton CCG,9/30/2018,C&M-GMS Cost of Drugs -Prescribing,LOCAL ENHANCED SERVICES,DR SHARMA`S PRACTICE,23954629,733.88,,WOM000009913
Department of Health,NHS Wolverhampton CCG,9/30/2018,C&M-GMS DES Learn Dsblty Hlth Chk,PRC DELEGATED CO-COMMISSIONING,DR SHARMA`S PRACTICE,23954629,"2,100.00",,WOM000009913
Department of Health,NHS Wolverhampton CCG,9/30/2018,C&M-GMS Global Sum,PRC DELEGATED CO-COMMISSIONING,DR SHARMA`S PRACTICE,23954629,"25,094.32",,WOM000009913
Department of Health,NHS Wolverhampton CCG,9/30/2018,C&M-GMS PCO Other,PRC DELEGATED CO-COMMISSIONING,DR SHARMA`S PRACTICE,23954629,"2,334.00",,WOM000009913
Department of Health,NHS Wolverhampton CCG,9/30/2018,C&M-GMS PCO Seniority,PRC DELEGATED CO-COMMISSIONING,DR SHARMA`S PRACTICE,23954629,185.95,,WOM000009913
Department of Health,NHS Wolverhampton CCG,9/30/2018,C&M-GMS Prem Healthcentre Rent,PRC DELEGATED CO-COMMISSIONING,DR SHARMA`S PRACTICE,23954629,"2,032.67",,WOM000009913
Department of Health,NHS Wolverhampton CCG,9/30/2018,C&M-GMS Prof Fees Prescribing,PRC DELEGATED CO-COMMISSIONING,DR SHARMA`S PRACTICE,23954629,82.80,,WOM000009913
Department of Health,NHS Wolverhampton CCG,9/30/2018,C&M-GMS QOF Aspiration,PRC DELEGATED CO-COMMISSIONING,DR SHARMA`S PRACTICE,23954629,"2,741.78",,WOM000009913
Department of Health,NHS Wolverhampton CCG,9/30/2018,C&M-GMS GP Statutory Levy,PRC DELEGATED CO-COMMISSIONING,DRS VENKATARAMANAN & MOHINDROO,23954630,(887.29),,WOM000009914
Department of Health,NHS Wolverhampton CCG,9/30/2018,C&M-GMS Prem Notional Rent,PRC DELEGATED CO-COMMISSIONING,DRS VENKATARAMANAN & MOHINDROO,23954630,(4.17),,WOM000009914
Department of Health,NHS Wolverhampton CCG,9/30/2018,ME - GMS GP Prior Year ERs,PRC DELEGATED CO-COMMISSIONING,DRS VENKATARAMANAN & MOHINDROO,23954630,"(6,039.80)",,WOM000009914
Department of Health,NHS Wolverhampton CCG,9/30/2018,ME-GMS GP Prior Year EEs,PRC DELEGATED CO-COMMISSIONING,DRS VENKATARAMANAN & MOHINDROO,23954630,"(5,670.00)",,WOM000009914
Department of Health,NHS Wolverhampton CCG,9/30/2018,C&M-GMS Cost of Drugs -Prescribing,LOCAL ENHANCED SERVICES,DRS VENKATARAMANAN & MOHINDROO,23954631,"2,682.66",,WOM000009915
Department of Health,NHS Wolverhampton CCG,9/30/2018,C&M-GMS DES Learn Dsblty Hlth Chk,PRC DELEGATED CO-COMMISSIONING,DRS VENKATARAMANAN & MOHINDROO,23954631,140.00,,WOM000009915
Department of Health,NHS Wolverhampton CCG,9/30/2018,C&M-GMS Global Sum,PRC DELEGATED CO-COMMISSIONING,DRS VENKATARAMANAN & MOHINDROO,23954631,"99,711.08",,WOM000009915
Department of Health,NHS Wolverhampton CCG,9/30/2018,C&M-GMS MPIG Correction Factor,PRC DELEGATED CO-COMMISSIONING,DRS VENKATARAMANAN & MOHINDROO,23954631,942.62,,WOM000009915
Department of Health,NHS Wolverhampton CCG,9/30/2018,C&M-GMS PCO Seniority,PRC DELEGATED CO-COMMISSIONING,DRS VENKATARAMANAN & MOHINDROO,23954631,"1,205.09",,WOM000009915
Department of Health,NHS Wolverhampton CCG,9/30/2018,C&M-GMS Prem Notional Rent,PRC DELEGATED CO-COMMISSIONING,DRS VENKATARAMANAN & MOHINDROO,23954631,"11,258.93",,WOM000009915
Department of Health,NHS Wolverhampton CCG,9/30/2018,C&M-GMS Prof Fees Prescribing,PRC DELEGATED CO-COMMISSIONING,DRS VENKATARAMANAN & MOHINDROO,23954631,956.80,,WOM000009915
Department of Health,NHS Wolverhampton CCG,9/30/2018,C&M-GMS QOF Aspiration,PRC DELEGATED CO-COMMISSIONING,DRS VENKATARAMANAN & MOHINDROO,23954631,"10,593.23",,WOM000009915
Department of Health,NHS Wolverhampton CCG,9/30/2018,C&M-GMS Cost of Drugs -Prescribing,LOCAL ENHANCED SERVICES,DR G DHILLON AND A NANDANAVANAM,23962445,"1,117.41",,WOM000009847
Department of Health,NHS Wolverhampton CCG,9/30/2018,C&M-GMS Global Sum,PRC DELEGATED CO-COMMISSIONING,DR G DHILLON AND A NANDANAVANAM,23962445,"34,980.90",,WOM000009847
Department of Health,NHS Wolverhampton CCG,9/30/2018,C&M-GMS MPIG Correction Factor,PRC DELEGATED CO-COMMISSIONING,DR G DHILLON AND A NANDANAVANAM,23962445,570.85,,WOM000009847
Department of Health,NHS Wolverhampton CCG,9/30/2018,C&M-GMS PCO Seniority,PRC DELEGATED CO-COMMISSIONING,DR G DHILLON AND A NANDANAVANAM,23962445,935.88,,WOM000009847
Department of Health,NHS Wolverhampton CCG,9/30/2018,C&M-GMS Prem Healthcentre Rent,PRC DELEGATED CO-COMMISSIONING,DR G DHILLON AND A NANDANAVANAM,23962445,"1,202.67",,WOM000009847
Department of Health,NHS Wolverhampton CCG,9/30/2018,C&M-GMS Prem Notional Rent,PRC DELEGATED CO-COMMISSIONING,DR G DHILLON AND A NANDANAVANAM,23962445,"1,383.33",,WOM000009847
Department of Health,NHS Wolverhampton CCG,9/30/2018,C&M-GMS Prof Fees Prescribing,PRC DELEGATED CO-COMMISSIONING,DR G DHILLON AND A NANDANAVANAM,23962445,225.40,,WOM000009847
Department of Health,NHS Wolverhampton CCG,9/30/2018,C&M-GMS QOF Aspiration,PRC DELEGATED CO-COMMISSIONING,DR G DHILLON AND A NANDANAVANAM,23962445,"3,584.45",,WOM000009847
Department of Health,NHS Wolverhampton CCG,9/30/2018,C&M-GMS Cost of Drugs -Prescribing,LOCAL ENHANCED SERVICES,WEST PARK SURGERY,23962447,167.32,,WOM000009864
Department of Health,NHS Wolverhampton CCG,9/30/2018,C&M-GMS Global Sum,PRC DELEGATED CO-COMMISSIONING,WEST PARK SURGERY,23962447,"26,833.26",,WOM000009864
Department of Health,NHS Wolverhampton CCG,9/30/2018,C&M-GMS Prem Notional Rent,PRC DELEGATED CO-COMMISSIONING,WEST PARK SURGERY,23962447,"1,412.50",,WOM000009864
Department of Health,NHS Wolverhampton CCG,9/30/2018,C&M-GMS Prof Fees Prescribing,PRC DELEGATED CO-COMMISSIONING,WEST PARK SURGERY,23962447,94.30,,WOM000009864
Department of Health,NHS Wolverhampton CCG,9/30/2018,C&M-GMS QOF Aspiration,PRC DELEGATED CO-COMMISSIONING,WEST PARK SURGERY,23962447,"2,576.84",,WOM000009864
Department of Health,NHS Wolverhampton CCG,9/30/2018,C&M-PMS Contract Value,PRC DELEGATED CO-COMMISSIONING,INTRAHEALTH LTD,23962449,"63,512.00",,WOM000009872
Department of Health,NHS Wolverhampton CCG,9/30/2018,C&M-PMS Cost of Drugs -Prescribing,LOCAL ENHANCED SERVICES,INTRAHEALTH LTD,23962449,610.33,,WOM000009872
Department of Health,NHS Wolverhampton CCG,9/30/2018,C&M-PMS Prem Healthcentre Rent,PRC DELEGATED CO-COMMISSIONING,INTRAHEALTH LTD,23962449,"4,393.83",,WOM000009872
Department of Health,NHS Wolverhampton CCG,9/30/2018,C&M-PMS Prof fees Prescribing,PRC DELEGATED CO-COMMISSIONING,INTRAHEALTH LTD,23962449,59.80,,WOM000009872
Department of Health,NHS Wolverhampton CCG,9/30/2018,C&M-PMS QOF Aspiration,PRC DELEGATED CO-COMMISSIONING,INTRAHEALTH LTD,23962449,"2,609.45",,WOM000009872
Department of Health,NHS Wolverhampton CCG,9/30/2018,C&M-GMS Cost of Drugs -Prescribing,LOCAL ENHANCED SERVICES,LEUNG & PARTNERS,23962451,"2,176.92",,WOM000009881
Department of Health,NHS Wolverhampton CCG,9/30/2018,C&M-GMS Global Sum,PRC DELEGATED CO-COMMISSIONING,LEUNG & PARTNERS,23962451,"48,812.65",,WOM000009881
Department of Health,NHS Wolverhampton CCG,9/30/2018,C&M-GMS MPIG Correction Factor,PRC DELEGATED CO-COMMISSIONING,LEUNG & PARTNERS,23962451,134.42,,WOM000009881
Department of Health,NHS Wolverhampton CCG,9/30/2018,C&M-GMS PCO Seniority,PRC DELEGATED CO-COMMISSIONING,LEUNG & PARTNERS,23962451,963.87,,WOM000009881
Department of Health,NHS Wolverhampton CCG,9/30/2018,C&M-GMS Prem Notional Rent,PRC DELEGATED CO-COMMISSIONING,LEUNG & PARTNERS,23962451,"3,330.00",,WOM000009881
Department of Health,NHS Wolverhampton CCG,9/30/2018,C&M-GMS Prof Fees Prescribing,PRC DELEGATED CO-COMMISSIONING,LEUNG & PARTNERS,23962451,262.20,,WOM000009881
Department of Health,NHS Wolverhampton CCG,9/30/2018,C&M-GMS QOF Aspiration,PRC DELEGATED CO-COMMISSIONING,LEUNG & PARTNERS,23962451,"6,207.57",,WOM000009881
Department of Health,NHS Wolverhampton CCG,9/30/2018,C&M-GMS Cost of Drugs -Prescribing,LOCAL ENHANCED SERVICES,BAGARY & BAGARY,23976024,"1,829.81",,WOM000009835
Department of Health,NHS Wolverhampton CCG,9/30/2018,C&M-GMS Global Sum,PRC DELEGATED CO-COMMISSIONING,BAGARY & BAGARY,23976024,"56,359.36",,WOM000009835
Department of Health,NHS Wolverhampton CCG,9/30/2018,C&M-GMS PCO Other,PRC DELEGATED CO-COMMISSIONING,BAGARY & BAGARY,23976024,"4,887.00",,WOM000009835
Department of Health,NHS Wolverhampton CCG,9/30/2018,C&M-GMS PCO Seniority,PRC DELEGATED CO-COMMISSIONING,BAGARY & BAGARY,23976024,"1,053.32",,WOM000009835
Department of Health,NHS Wolverhampton CCG,9/30/2018,C&M-GMS Prem Healthcentre Rent,PRC DELEGATED CO-COMMISSIONING,BAGARY & BAGARY,23976024,"1,096.00",,WOM000009835
Department of Health,NHS Wolverhampton CCG,9/30/2018,C&M-GMS Prem Notional Rent,PRC DELEGATED CO-COMMISSIONING,BAGARY & BAGARY,23976024,"4,337.25",,WOM000009835
Department of Health,NHS Wolverhampton CCG,9/30/2018,C&M-GMS Prem Rates,PRC DELEGATED CO-COMMISSIONING,BAGARY & BAGARY,23976024,"13,007.51",,WOM000009835
Department of Health,NHS Wolverhampton CCG,9/30/2018,C&M-GMS Prem Water Rates,PRC DELEGATED CO-COMMISSIONING,BAGARY & BAGARY,23976024,534.94,,WOM000009835
Department of Health,NHS Wolverhampton CCG,9/30/2018,C&M-GMS Prof Fees Prescribing,PRC DELEGATED CO-COMMISSIONING,BAGARY & BAGARY,23976024,667.00,,WOM000009835
Department of Health,NHS Wolverhampton CCG,9/30/2018,C&M-GMS QOF Aspiration,PRC DELEGATED CO-COMMISSIONING,BAGARY & BAGARY,23976024,"4,082.47",,WOM000009835
Department of Health,NHS Wolverhampton CCG,9/30/2018,C&M-GMS Cost of Drugs -Prescribing,LOCAL ENHANCED SERVICES,DR MORGAN & PARTNERS,23976025,"1,865.18",,WOM000009859
Department of Health,NHS Wolverhampton CCG,9/30/2018,C&M-GMS DES Learn Dsblty Hlth Chk,PRC DELEGATED CO-COMMISSIONING,DR MORGAN & PARTNERS,23976025,840.00,,WOM000009859
Department of Health,NHS Wolverhampton CCG,9/30/2018,C&M-GMS Global Sum,PRC DELEGATED CO-COMMISSIONING,DR MORGAN & PARTNERS,23976025,"109,670.72",,WOM000009859
Department of Health,NHS Wolverhampton CCG,9/30/2018,C&M-GMS MPIG Correction Factor,PRC DELEGATED CO-COMMISSIONING,DR MORGAN & PARTNERS,23976025,79.58,,WOM000009859
Department of Health,NHS Wolverhampton CCG,9/30/2018,C&M-GMS PCO Locum Adop/Pat/Mat,PRC DELEGATED CO-COMMISSIONING,DR MORGAN & PARTNERS,23976025,"26,265.00",,WOM000009859
Department of Health,NHS Wolverhampton CCG,9/30/2018,C&M-GMS PCO Seniority,PRC DELEGATED CO-COMMISSIONING,DR MORGAN & PARTNERS,23976025,"2,299.57",,WOM000009859
Department of Health,NHS Wolverhampton CCG,9/30/2018,C&M-GMS Prem Healthcentre Rent,PRC DELEGATED CO-COMMISSIONING,DR MORGAN & PARTNERS,23976025,"4,964.58",,WOM000009859
Department of Health,NHS Wolverhampton CCG,9/30/2018,C&M-GMS Prem Notional Rent,PRC DELEGATED CO-COMMISSIONING,DR MORGAN & PARTNERS,23976025,"3,431.66",,WOM000009859
Department of Health,NHS Wolverhampton CCG,9/30/2018,C&M-GMS Prem Water Rates,PRC DELEGATED CO-COMMISSIONING,DR MORGAN & PARTNERS,23976025,431.29,,WOM000009859
Department of Health,NHS Wolverhampton CCG,9/30/2018,C&M-GMS Prof Fees Prescribing,PRC DELEGATED CO-COMMISSIONING,DR MORGAN & PARTNERS,23976025,524.40,,WOM000009859
Department of Health,NHS Wolverhampton CCG,9/30/2018,C&M-GMS QOF Aspiration,PRC DELEGATED CO-COMMISSIONING,DR MORGAN & PARTNERS,23976025,"12,719.10",,WOM000009859
Department of Health,NHS Wolverhampton CCG,9/30/2018,ME - GMS GP Prior Year ERs,PRC DELEGATED CO-COMMISSIONING,DR MORGAN & PARTNERS,23976025,"4,408.36",,WOM000009859
Department of Health,NHS Wolverhampton CCG,9/30/2018,ME-GMS GP Prior Year AVCs,PRC DELEGATED CO-COMMISSIONING,DR MORGAN & PARTNERS,23976025,929.48,,WOM000009859
Department of Health,NHS Wolverhampton CCG,9/30/2018,ME-GMS GP Prior Year EEs,PRC DELEGATED CO-COMMISSIONING,DR MORGAN & PARTNERS,23976025,"4,697.05",,WOM000009859
Department of Health,NHS Wolverhampton CCG,9/30/2018,C&M-PMS Contract Value,PRC DELEGATED CO-COMMISSIONING,ETTINGSHALL MEDICAL CENTRE,23976026,"78,028.00",,WOM000009862
Department of Health,NHS Wolverhampton CCG,9/30/2018,C&M-PMS Prem Healthcentre Rent,PRC DELEGATED CO-COMMISSIONING,ETTINGSHALL MEDICAL CENTRE,23976026,"14,524.33",,WOM000009862
Department of Health,NHS Wolverhampton CCG,9/30/2018,C&M-PMS QOF Aspiration,PRC DELEGATED CO-COMMISSIONING,ETTINGSHALL MEDICAL CENTRE,23976026,"3,799.32",,WOM000009862
Department of Health,NHS Wolverhampton CCG,9/30/2018,ME - PMS GP Prior Year ERs,PRC DELEGATED CO-COMMISSIONING,ETTINGSHALL MEDICAL CENTRE,23976026,"23,096.65",,WOM000009862
Department of Health,NHS Wolverhampton CCG,9/30/2018,ME-PMS GP Prior Year EEs,PRC DELEGATED CO-COMMISSIONING,ETTINGSHALL MEDICAL CENTRE,23976026,"21,315.00",,WOM000009862
Department of Health,NHS Wolverhampton CCG,9/30/2018,C&M-GMS Cost of Drugs -Prescribing,LOCAL ENHANCED SERVICES,MS KAINTH,23976028,674.63,,WOM000009883
Department of Health,NHS Wolverhampton CCG,9/30/2018,C&M-GMS Global Sum,PRC DELEGATED CO-COMMISSIONING,MS KAINTH,23976028,"23,942.87",,WOM000009883
Department of Health,NHS Wolverhampton CCG,9/30/2018,C&M-GMS PCO Seniority,PRC DELEGATED CO-COMMISSIONING,MS KAINTH,23976028,616.39,,WOM000009883
Department of Health,NHS Wolverhampton CCG,9/30/2018,C&M-GMS Prem Actual Rent,PRC DELEGATED CO-COMMISSIONING,MS KAINTH,23976028,"1,041.67",,WOM000009883
Department of Health,NHS Wolverhampton CCG,9/30/2018,C&M-GMS Prem Rates,PRC DELEGATED CO-COMMISSIONING,MS KAINTH,23976028,"7,473.40",,WOM000009883
Department of Health,NHS Wolverhampton CCG,9/30/2018,C&M-GMS Prof Fees Prescribing,PRC DELEGATED CO-COMMISSIONING,MS KAINTH,23976028,140.30,,WOM000009883
Department of Health,NHS Wolverhampton CCG,9/30/2018,C&M-GMS QOF Aspiration,PRC DELEGATED CO-COMMISSIONING,MS KAINTH,23976028,"2,930.18",,WOM000009883
Department of Health,NHS Wolverhampton CCG,9/30/2018,C&M-GMS Cost of Drugs -Prescribing,LOCAL ENHANCED SERVICES,PEACOCK & PARTNERS,23976030,"3,598.91",,WOM000009891
Department of Health,NHS Wolverhampton CCG,9/30/2018,C&M-GMS Global Sum,PRC DELEGATED CO-COMMISSIONING,PEACOCK & PARTNERS,23976030,"51,135.56",,WOM000009891
Department of Health,NHS Wolverhampton CCG,9/30/2018,C&M-GMS MPIG Correction Factor,PRC DELEGATED CO-COMMISSIONING,PEACOCK & PARTNERS,23976030,338.34,,WOM000009891
Department of Health,NHS Wolverhampton CCG,9/30/2018,C&M-GMS PCO Seniority,PRC DELEGATED CO-COMMISSIONING,PEACOCK & PARTNERS,23976030,"1,962.50",,WOM000009891
Department of Health,NHS Wolverhampton CCG,9/30/2018,C&M-GMS Prem Notional Rent,PRC DELEGATED CO-COMMISSIONING,PEACOCK & PARTNERS,23976030,"2,098.33",,WOM000009891
Department of Health,NHS Wolverhampton CCG,9/30/2018,C&M-GMS Prof Fees Prescribing,PRC DELEGATED CO-COMMISSIONING,PEACOCK & PARTNERS,23976030,738.30,,WOM000009891
Department of Health,NHS Wolverhampton CCG,9/30/2018,C&M-GMS QOF Aspiration,PRC DELEGATED CO-COMMISSIONING,PEACOCK & PARTNERS,23976030,"5,685.46",,WOM000009891
Department of Health,NHS Wolverhampton CCG,9/30/2018,ME - GMS GP Prior Year ERs,PRC DELEGATED CO-COMMISSIONING,PEACOCK & PARTNERS,23976030,"1,258.26",,WOM000009891
Department of Health,NHS Wolverhampton CCG,9/30/2018,ME-GMS GP Prior Year EEs,PRC DELEGATED CO-COMMISSIONING,PEACOCK & PARTNERS,23976030,"1,181.25",,WOM000009891
Department of Health,NHS Wolverhampton CCG,9/30/2018,C&M-GMS Cost of Drugs -Prescribing,LOCAL ENHANCED SERVICES,WHITE & PARTNERS,23976032,"3,206.10",,WOM000009905
Department of Health,NHS Wolverhampton CCG,9/30/2018,C&M-GMS DES Learn Dsblty Hlth Chk,PRC DELEGATED CO-COMMISSIONING,WHITE & PARTNERS,23976032,140.00,,WOM000009905
Department of Health,NHS Wolverhampton CCG,9/30/2018,C&M-GMS Global Sum,PRC DELEGATED CO-COMMISSIONING,WHITE & PARTNERS,23976032,"82,341.04",,WOM000009905
Department of Health,NHS Wolverhampton CCG,9/30/2018,C&M-GMS Other FDR Payment,PRC DELEGATED CO-COMMISSIONING,WHITE & PARTNERS,23976032,"4,438.75",,WOM000009905
Department of Health,NHS Wolverhampton CCG,9/30/2018,C&M-GMS PCO Seniority,PRC DELEGATED CO-COMMISSIONING,WHITE & PARTNERS,23976032,"2,522.89",,WOM000009905
Department of Health,NHS Wolverhampton CCG,9/30/2018,C&M-GMS Prem Actual Rent,PRC DELEGATED CO-COMMISSIONING,WHITE & PARTNERS,23976032,"5,441.67",,WOM000009905
Department of Health,NHS Wolverhampton CCG,9/30/2018,C&M-GMS Prof Fees Prescribing,PRC DELEGATED CO-COMMISSIONING,WHITE & PARTNERS,23976032,570.40,,WOM000009905
Department of Health,NHS Wolverhampton CCG,9/30/2018,C&M-GMS QOF Aspiration,PRC DELEGATED CO-COMMISSIONING,WHITE & PARTNERS,23976032,"8,962.41",,WOM000009905
Department of Health,NHS Wolverhampton CCG,9/30/2018,ME - GMS GP Prior Year ERs,PRC DELEGATED CO-COMMISSIONING,WHITE & PARTNERS,23976032,"27,154.21",,WOM000009905
Department of Health,NHS Wolverhampton CCG,9/30/2018,ME-GMS GP Prior Year EEs,PRC DELEGATED CO-COMMISSIONING,WHITE & PARTNERS,23976032,"26,914.14",,WOM000009905
Department of Health,NHS Wolverhampton CCG,9/30/2018,C&M-GMS Cost of Drugs -Prescribing,LOCAL ENHANCED SERVICES,BRADLEY MEDICAL CENTRE,23976033,820.95,,WOM000009909
Department of Health,NHS Wolverhampton CCG,9/30/2018,C&M-GMS Global Sum,PRC DELEGATED CO-COMMISSIONING,BRADLEY MEDICAL CENTRE,23976033,"23,936.93",,WOM000009909
Department of Health,NHS Wolverhampton CCG,9/30/2018,C&M-GMS PCO Seniority,PRC DELEGATED CO-COMMISSIONING,BRADLEY MEDICAL CENTRE,23976033,"1,482.12",,WOM000009909
Department of Health,NHS Wolverhampton CCG,9/30/2018,C&M-GMS Prem Notional Rent,PRC DELEGATED CO-COMMISSIONING,BRADLEY MEDICAL CENTRE,23976033,"2,268.33",,WOM000009909
Department of Health,NHS Wolverhampton CCG,9/30/2018,C&M-GMS Prof Fees Prescribing,PRC DELEGATED CO-COMMISSIONING,BRADLEY MEDICAL CENTRE,23976033,156.40,,WOM000009909
Department of Health,NHS Wolverhampton CCG,9/30/2018,C&M-GMS QOF Aspiration,PRC DELEGATED CO-COMMISSIONING,BRADLEY MEDICAL CENTRE,23976033,"2,110.48",,WOM000009909
Department of Health,NHS Wolverhampton CCG,9/30/2018,ME - GMS GP Prior Year ERs,PRC DELEGATED CO-COMMISSIONING,BRADLEY MEDICAL CENTRE,23976033,"9,212.48",,WOM000009909
Department of Health,NHS Wolverhampton CCG,9/30/2018,ME-GMS GP Prior Year EEs,PRC DELEGATED CO-COMMISSIONING,BRADLEY MEDICAL CENTRE,23976033,"8,648.72",,WOM000009909
Department of Health,NHS Wolverhampton CCG,9/30/2018,Prescribing,PRESCRIBING,NHS SHEFFIELD CCG,24040703,"65,434.92",,7016202694
Department of Health,NHS Wolverhampton CCG,9/30/2018,Hcare Srv Rec NHS Trust-Non Contract,NCAS/OATS,WORCESTERSHIRE ACUTE HOSPITALS NHS TRUST,24053624,"42,258.46",,4453299
Department of Health,NHS Wolverhampton CCG,9/30/2018,Hcare Srv Rec NHS Trust-Drugs,PRESCRIBING,ROYAL WOLVERHAMPTON HOSPITALS NHS TRUST (THE),24073441,"(65,333.13)",,0000015779
Department of Health,NHS Wolverhampton CCG,9/30/2018,Hcare Srv Rec NHS Trust-Drugs,PRESCRIBING,ROYAL WOLVERHAMPTON HOSPITALS NHS TRUST (THE),24073443,"(58,451.25)",,0000015768
,,,,,,,"44,650,621.17",,
,,,,,,,,,
,,,,,,,,,
,,,,,,,,,
,,,,,,,,,
,,,,,,,,,
,,,,,,,,,
,,,,,,,,,
,,,,,,,,,
,,,,,,,,,
,,,,,,,,,
,,,,,,,,,
,,,,,,,,,
,,,,,,,,,
,,,,,,,,,
,,,,,,,,,
,,,,,,,,,
,,,,,,,,,
,,,,,,,,,
,,,,,,,,,
,,,,,,,,,
,,,,,,,,,
,,,,,,,,,
,,,,,,,,,
,,,,,,,,,
,,,,,,,,,
,,,,,,,,,
,,,,,,,,,
,,,,,,,,,
,,,,,,,,,
,,,,,,,,,
,,,,,,,,,
,,,,,,,,,
,,,,,,,,,
,,,,,,,,,
,,,,,,,,,
,,,,,,,,,
,,,,,,,,,
,,,,,,,,,
,,,,,,,,,
,,,,,,,,,
,,,,,,,,,
,,,,,,,,,
,,,,,,,,,
,,,,,,,,,
,,,,,,,,,
,,,,,,,,,
,,,,,,,,,
,,,,,,,,,
,,,,,,,,,
,,,,,,,,,
,,,,,,,,,
,,,,,,,,,
,,,,,,,,,
,,,,,,,,,
,,,,,,,,,
,,,,,,,,,
,,,,,,,,,
,,,,,,,,,
,,,,,,,,,
,,,,,,,,,
,,,,,,,,,
,,,,,,,,,
,,,,,,,,,
,,,,,,,,,
,,,,,,,,,
,,,,,,,,,
,,,,,,,,,
,,,,,,,,,
,,,,,,,,,
,,,,,,,,,
,,,,,,,,,
,,,,,,,,,
,,,,,,,,,
,,,,,,,,,
,,,,,,,,,
,,,,,,,,,
,,,,,,,,,
,,,,,,,,,
,,,,,,,,,
,,,,,,,,,
,,,,,,,,,
,,,,,,,,,
,,,,,,,,,
,,,,,,,,,
,,,,,,,,,
,,,,,,,,,
,,,,,,,,,
,,,,,,,,,
,,,,,,,,,
,,,,,,,,,
,,,,,,,,,
,,,,,,,,,
,,,,,,,,,
,,,,,,,,,
,,,,,,,,,
,,,,,,,,,
,,,,,,,,,
,,,,,,,,,
,,,,,,,,,
,,,,,,,,,
,,,,,,,,,
,,,,,,,,,
,,,,,,,,,
,,,,,,,,,
,,,,,,,,,
,,,,,,,,,
,,,,,,,,,
,,,,,,,,,
,,,,,,,,,
,,,,,,,,,
,,,,,,,,,
,,,,,,,,,
,,,,,,,,,
,,,,,,,,,
,,,,,,,,,
,,,,,,,,,
,,,,,,,,,
,,,,,,,,,
,,,,,,,,,
,,,,,,,,,
,,,,,,,,,
,,,,,,,,,
,,,,,,,,,
,,,,,,,,,
,,,,,,,,,
,,,,,,,,,
,,,,,,,,,
,,,,,,,,,
,,,,,,,,,
,,,,,,,,,
,,,,,,,,,
,,,,,,,,,
,,,,,,,,,
,,,,,,,,,
,,,,,,,,,
,,,,,,,,,
,,,,,,,,,
,,,,,,,,,
,,,,,,,,,
,,,,,,,,,
,,,,,,,,,
,,,,,,,,,
,,,,,,,,,
,,,,,,,,,
,,,,,,,,,
