Department family,Entity,Date,Expense Type,Expense area,Supplier,Transaction number,AP Amount (�),VAT registration number,Purchase invoice number
Department of Health,NHS Bexley CCG,31/08/2018,C&M-PMS Contract Value,PRC DELEGATED CO-COMMISSIONING,ALBION SURGERY,23395736,"97,884.61",,LNW000016365
Department of Health,NHS Bexley CCG,31/08/2018,C&M-PMS Funding Differential Review,PRC DELEGATED CO-COMMISSIONING,ALBION SURGERY,23395736,"11,903.79",,LNW000016365
Department of Health,NHS Bexley CCG,31/08/2018,C&M-PMS GP Statutory Levy,PRC DELEGATED CO-COMMISSIONING,ALBION SURGERY,23395736,"2,314.40",,LNW000016365
Department of Health,NHS Bexley CCG,31/08/2018,C&M-PMS Prem Notional Rent,PRC DELEGATED CO-COMMISSIONING,ALBION SURGERY,23395736,"10,457.08",,LNW000016365
Department of Health,NHS Bexley CCG,31/08/2018,C&M-PMS Prem Rates,PRC DELEGATED CO-COMMISSIONING,ALBION SURGERY,23395736,"8,315.67",,LNW000016365
Department of Health,NHS Bexley CCG,31/08/2018,C&M-PMS QOF Achievement,PRC DELEGATED CO-COMMISSIONING,ALBION SURGERY,23395736,"41,344.63",,LNW000016365
Department of Health,NHS Bexley CCG,31/08/2018,C&M-PMS QOF Aspiration,PRC DELEGATED CO-COMMISSIONING,ALBION SURGERY,23395736,"10,627.99",,LNW000016365
Department of Health,NHS Bexley CCG,31/08/2018,C&M-PMS Contract Value,PRC DELEGATED CO-COMMISSIONING,BARNARD PRACTICE,23395734,"102,183.40",,LNW000016363
Department of Health,NHS Bexley CCG,31/08/2018,C&M-PMS DES Minor Surgery,PRC DELEGATED CO-COMMISSIONING,BARNARD PRACTICE,23395734,"1,804.82",,LNW000016363
Department of Health,NHS Bexley CCG,31/08/2018,C&M-PMS Funding Differential Review,PRC DELEGATED CO-COMMISSIONING,BARNARD PRACTICE,23395734,"12,481.26",,LNW000016363
Department of Health,NHS Bexley CCG,31/08/2018,C&M-PMS GP Statutory Levy,PRC DELEGATED CO-COMMISSIONING,BARNARD PRACTICE,23395734,"2,416.27",,LNW000016363
Department of Health,NHS Bexley CCG,31/08/2018,C&M-PMS Prem Notional Rent,PRC DELEGATED CO-COMMISSIONING,BARNARD PRACTICE,23395734,"3,041.67",,LNW000016363
Department of Health,NHS Bexley CCG,31/08/2018,C&M-PMS QOF Aspiration,PRC DELEGATED CO-COMMISSIONING,BARNARD PRACTICE,23395734,"10,000.57",,LNW000016363
Department of Health,NHS Bexley CCG,31/08/2018,C&M-PMS Contract Value,PRC DELEGATED CO-COMMISSIONING,BELLEGROVE ROAD SURGERY,23395730,"76,404.23",,LNW000016359
Department of Health,NHS Bexley CCG,31/08/2018,C&M-PMS DES Minor Surgery,PRC DELEGATED CO-COMMISSIONING,BELLEGROVE ROAD SURGERY,23395730,"3,037.38",,LNW000016359
Department of Health,NHS Bexley CCG,31/08/2018,C&M-PMS Funding Differential Review,PRC DELEGATED CO-COMMISSIONING,BELLEGROVE ROAD SURGERY,23395730,"9,214.28",,LNW000016359
Department of Health,NHS Bexley CCG,31/08/2018,C&M-PMS GP Statutory Levy,PRC DELEGATED CO-COMMISSIONING,BELLEGROVE ROAD SURGERY,23395730,"1,896.27",,LNW000016359
Department of Health,NHS Bexley CCG,31/08/2018,C&M-PMS Prem Notional Rent,PRC DELEGATED CO-COMMISSIONING,BELLEGROVE ROAD SURGERY,23395730,"5,608.33",,LNW000016359
Department of Health,NHS Bexley CCG,31/08/2018,C&M-PMS Prem Rates,PRC DELEGATED CO-COMMISSIONING,BELLEGROVE ROAD SURGERY,23395730,"2,190.26",,LNW000016359
Department of Health,NHS Bexley CCG,31/08/2018,C&M-PMS QOF Aspiration,PRC DELEGATED CO-COMMISSIONING,BELLEGROVE ROAD SURGERY,23395730,"7,971.37",,LNW000016359
Department of Health,NHS Bexley CCG,31/08/2018,C&M-PMS Contract Value,PRC DELEGATED CO-COMMISSIONING,BELVEDERE MEDICAL CENTRE,23395732,"69,593.51",,LNW000016361
Department of Health,NHS Bexley CCG,31/08/2018,C&M-PMS DES Minor Surgery,PRC DELEGATED CO-COMMISSIONING,BELVEDERE MEDICAL CENTRE,23395732,"1,276.58",,LNW000016361
Department of Health,NHS Bexley CCG,31/08/2018,C&M-PMS Funding Differential Review,PRC DELEGATED CO-COMMISSIONING,BELVEDERE MEDICAL CENTRE,23395732,"8,218.88",,LNW000016361
Department of Health,NHS Bexley CCG,31/08/2018,C&M-PMS GP Statutory Levy,PRC DELEGATED CO-COMMISSIONING,BELVEDERE MEDICAL CENTRE,23395732,"1,715.13",,LNW000016361
Department of Health,NHS Bexley CCG,31/08/2018,C&M-PMS Prem Notional Rent,PRC DELEGATED CO-COMMISSIONING,BELVEDERE MEDICAL CENTRE,23395732,"8,575.83",,LNW000016361
Department of Health,NHS Bexley CCG,31/08/2018,C&M-PMS Prem Rates,PRC DELEGATED CO-COMMISSIONING,BELVEDERE MEDICAL CENTRE,23395732,"1,400.34",,LNW000016361
Department of Health,NHS Bexley CCG,31/08/2018,C&M-PMS Prem Water Rates,PRC DELEGATED CO-COMMISSIONING,BELVEDERE MEDICAL CENTRE,23395732,392.53,,LNW000016361
Department of Health,NHS Bexley CCG,31/08/2018,C&M-PMS QOF Aspiration,PRC DELEGATED CO-COMMISSIONING,BELVEDERE MEDICAL CENTRE,23395732,"5,895.17",,LNW000016361
Department of Health,NHS Bexley CCG,31/08/2018,Clinical&Medical-Othe Public Sector,REABLEMENT,BEXLEY COUNCIL,23382954,"493,593.92",,6890047633
Department of Health,NHS Bexley CCG,31/08/2018,Clinical&Medical-Othe Public Sector,COMMISSIONING - NON ACUTE,BEXLEY COUNCIL,23432464,"43,126.83",,6890047358
Department of Health,NHS Bexley CCG,31/08/2018,Clinical&Medical-Othe Public Sector,WHEELCHAIR SERVICE,BEXLEY COUNCIL,23432466,"48,133.33",,6890047675
Department of Health,NHS Bexley CCG,31/08/2018,Clinical&Medical-Othe Public Sector,MENTAL HEALTH SERVICES - OLDER PEOPLE,BEXLEY COUNCIL,23506428,"56,916.67",,6890047604
Department of Health,NHS Bexley CCG,31/08/2018,Clinical&Medical-Othe Public Sector,LEARNING DIFFICULTIES,BEXLEY COUNCIL,23506432,"72,250.00",,6890047620
Department of Health,NHS Bexley CCG,31/08/2018,Clinical&Medical-Othe Public Sector,COMMUNITY SERVICES,BEXLEY COUNCIL,23506438,"63,166.66",,6890046870
Department of Health,NHS Bexley CCG,31/08/2018,C&M-PMS Contract Value,PRC DELEGATED CO-COMMISSIONING,BEXLEY GROUP PRACTICE,23395738,"75,100.21",,LNW000016367
Department of Health,NHS Bexley CCG,31/08/2018,C&M-PMS DES Minor Surgery,PRC DELEGATED CO-COMMISSIONING,BEXLEY GROUP PRACTICE,23395738,748.34,,LNW000016367
Department of Health,NHS Bexley CCG,31/08/2018,C&M-PMS Funding Differential Review,PRC DELEGATED CO-COMMISSIONING,BEXLEY GROUP PRACTICE,23395738,"9,027.52",,LNW000016367
Department of Health,NHS Bexley CCG,31/08/2018,C&M-PMS GP Statutory Levy,PRC DELEGATED CO-COMMISSIONING,BEXLEY GROUP PRACTICE,23395738,"1,880.61",,LNW000016367
Department of Health,NHS Bexley CCG,31/08/2018,C&M-PMS Prem Actual Rent,PRC DELEGATED CO-COMMISSIONING,BEXLEY GROUP PRACTICE,23395738,"5,625.00",,LNW000016367
Department of Health,NHS Bexley CCG,31/08/2018,C&M-PMS QOF Aspiration,PRC DELEGATED CO-COMMISSIONING,BEXLEY GROUP PRACTICE,23395738,"7,519.68",,LNW000016367
Department of Health,NHS Bexley CCG,31/08/2018,Clinical&Medical-Independent Sector,COMMISSIONING SCHEMES,BEXLEY HEALTH LTD,23668320,"26,930.40",117 565 508,BHL0996
Department of Health,NHS Bexley CCG,31/08/2018,Clinical&Medical-Independent Sector,PRIMARY CARE DEVELOPMENT,BEXLEY HEALTH NEIGHBOURHOOD CARE CIC,23565539,"69,878.00",,700018
Department of Health,NHS Bexley CCG,31/08/2018,C&M-PMS Contract Value,PRC DELEGATED CO-COMMISSIONING,BEXLEY MEDICAL GROUP,23395740,"113,411.80",,LNW000016369
Department of Health,NHS Bexley CCG,31/08/2018,C&M-PMS Funding Differential Review,PRC DELEGATED CO-COMMISSIONING,BEXLEY MEDICAL GROUP,23395740,"13,941.36",,LNW000016369
Department of Health,NHS Bexley CCG,31/08/2018,C&M-PMS GP Statutory Levy,PRC DELEGATED CO-COMMISSIONING,BEXLEY MEDICAL GROUP,23395740,"2,741.08",,LNW000016369
Department of Health,NHS Bexley CCG,31/08/2018,C&M-PMS Prem Notional Rent,PRC DELEGATED CO-COMMISSIONING,BEXLEY MEDICAL GROUP,23395740,"7,583.42",,LNW000016369
Department of Health,NHS Bexley CCG,31/08/2018,C&M-PMS Prem Rates,PRC DELEGATED CO-COMMISSIONING,BEXLEY MEDICAL GROUP,23395740,"2,559.63",,LNW000016369
Department of Health,NHS Bexley CCG,31/08/2018,C&M-PMS QOF Aspiration,PRC DELEGATED CO-COMMISSIONING,BEXLEY MEDICAL GROUP,23395740,"10,930.57",,LNW000016369
Department of Health,NHS Bexley CCG,31/08/2018,C&M-PMS Contract Value,PRC DELEGATED CO-COMMISSIONING,BULBANKS MEDICAL CENTRE,23395742,"24,458.46",,LNW000016371
Department of Health,NHS Bexley CCG,31/08/2018,C&M-PMS DES Learn Dsblty Hlth Chk,PRC DELEGATED CO-COMMISSIONING,BULBANKS MEDICAL CENTRE,23395742,140,,LNW000016371
Department of Health,NHS Bexley CCG,31/08/2018,C&M-PMS DES Minor Surgery,PRC DELEGATED CO-COMMISSIONING,BULBANKS MEDICAL CENTRE,23395742,264.12,,LNW000016371
Department of Health,NHS Bexley CCG,31/08/2018,C&M-PMS Funding Differential Review,PRC DELEGATED CO-COMMISSIONING,BULBANKS MEDICAL CENTRE,23395742,"2,932.49",,LNW000016371
Department of Health,NHS Bexley CCG,31/08/2018,C&M-PMS GP Statutory Levy,PRC DELEGATED CO-COMMISSIONING,BULBANKS MEDICAL CENTRE,23395742,576.82,,LNW000016371
Department of Health,NHS Bexley CCG,31/08/2018,C&M-PMS Prem Notional Rent,PRC DELEGATED CO-COMMISSIONING,BULBANKS MEDICAL CENTRE,23395742,"3,850.83",,LNW000016371
Department of Health,NHS Bexley CCG,31/08/2018,C&M-PMS QOF Aspiration,PRC DELEGATED CO-COMMISSIONING,BULBANKS MEDICAL CENTRE,23395742,"2,274.92",,LNW000016371
Department of Health,NHS Bexley CCG,31/08/2018,Cont Care-Funded Nursing Care Allow,FUNDED NURSING CARE,BUPA CARE HOMES,23588701,"36,534.83",239731641,ALM045966TOALM046021
Department of Health,NHS Bexley CCG,31/08/2018,Cont Care-Funded Nursing Care Allow,FUNDED NURSING CARE,BUPA CARE HOMES,23588724,"25,752.62",239731641,SID032959TOSID032996
Department of Health,NHS Bexley CCG,31/08/2018,Cont Care-Funded Nursing Care Allow,FUNDED NURSING CARE,BUPA CARE HOMES,23668364,"26,693.17",239731641,SID032723TOSID032762
Department of Health,NHS Bexley CCG,31/08/2018,C&M-APMS Contract Value,PRC DELEGATED CO-COMMISSIONING,BURSTED WOOD SURGERY,23395744,"38,704.58",,LNW000016373
Department of Health,NHS Bexley CCG,31/08/2018,C&M-APMS DES Minor Surgery,PRC DELEGATED CO-COMMISSIONING,BURSTED WOOD SURGERY,23395744,264.12,,LNW000016373
Department of Health,NHS Bexley CCG,31/08/2018,C&M-APMS Other FDR Payment,PRC DELEGATED CO-COMMISSIONING,BURSTED WOOD SURGERY,23395744,"2,492.15",,LNW000016373
Department of Health,NHS Bexley CCG,31/08/2018,C&M-APMS Prem Notional Rent,PRC DELEGATED CO-COMMISSIONING,BURSTED WOOD SURGERY,23395744,"5,226.67",,LNW000016373
Department of Health,NHS Bexley CCG,31/08/2018,C&M-APMS Prem Rates,PRC DELEGATED CO-COMMISSIONING,BURSTED WOOD SURGERY,23395744,621.79,,LNW000016373
Department of Health,NHS Bexley CCG,31/08/2018,C&M-PMS QOF Aspiration,PRC DELEGATED CO-COMMISSIONING,BURSTED WOOD SURGERY,23395744,"3,066.65",,LNW000016373
Department of Health,NHS Bexley CCG,31/08/2018,Cont Care- Adult 100% Fully Funded,CHC ADULT FULLY FUNDED,CHURCHGATE HEALTHCARE(MAPLES) LTD,23371055,"92,477.59",,MAPCHCJUL18
Department of Health,NHS Bexley CCG,31/08/2018,Rent,PROGRAMME PROJECTS,COMMUNITY HEALTH PARTNERSHIPS LTD,23334998,"31,897.27",GB782562113,60073966
Department of Health,NHS Bexley CCG,31/08/2018,Rent,PROGRAMME PROJECTS,COMMUNITY HEALTH PARTNERSHIPS LTD,23382939,"31,897.27",GB782562113,60076889
Department of Health,NHS Bexley CCG,31/08/2018,Cont Care- Adult 100% Fully Funded,CHC ADULT FULLY FUNDED,CRAEGMOOR OAKS SIDCUP PRIORY,23324667,"82,746.93",,9510011993
Department of Health,NHS Bexley CCG,31/08/2018,C&M-GMS DES Minor Surgery,PRC DELEGATED CO-COMMISSIONING,CRAYFORD TOWN SURGERY,23550413,176.08,,LNW000016567
Department of Health,NHS Bexley CCG,31/08/2018,C&M-GMS GP Statutory Levy,PRC DELEGATED CO-COMMISSIONING,CRAYFORD TOWN SURGERY,23550413,"1,426.16",,LNW000016567
Department of Health,NHS Bexley CCG,31/08/2018,C&M-GMS Global Sum,PRC DELEGATED CO-COMMISSIONING,CRAYFORD TOWN SURGERY,23550413,"59,892.71",,LNW000016567
Department of Health,NHS Bexley CCG,31/08/2018,C&M-GMS Other FDR Payment,PRC DELEGATED CO-COMMISSIONING,CRAYFORD TOWN SURGERY,23550413,"4,074.45",,LNW000016567
Department of Health,NHS Bexley CCG,31/08/2018,C&M-GMS Prem Notional Rent,PRC DELEGATED CO-COMMISSIONING,CRAYFORD TOWN SURGERY,23550413,"9,798.92",,LNW000016567
Department of Health,NHS Bexley CCG,31/08/2018,C&M-GMS Prem Rates,PRC DELEGATED CO-COMMISSIONING,CRAYFORD TOWN SURGERY,23550413,256.73,,LNW000016567
Department of Health,NHS Bexley CCG,31/08/2018,C&M-GMS QOF Aspiration,PRC DELEGATED CO-COMMISSIONING,CRAYFORD TOWN SURGERY,23550413,"5,423.01",,LNW000016567
Department of Health,NHS Bexley CCG,31/08/2018,C&M-PMS Contract Value,PRC DELEGATED CO-COMMISSIONING,CROOK LOG SURGERY,23395746,"54,414.84",,LNW000016375
Department of Health,NHS Bexley CCG,31/08/2018,C&M-PMS DES Minor Surgery,PRC DELEGATED CO-COMMISSIONING,CROOK LOG SURGERY,23395746,220.1,,LNW000016375
Department of Health,NHS Bexley CCG,31/08/2018,C&M-PMS Funding Differential Review,PRC DELEGATED CO-COMMISSIONING,CROOK LOG SURGERY,23395746,"6,679.65",,LNW000016375
Department of Health,NHS Bexley CCG,31/08/2018,C&M-PMS GP Statutory Levy,PRC DELEGATED CO-COMMISSIONING,CROOK LOG SURGERY,23395746,"1,355.29",,LNW000016375
Department of Health,NHS Bexley CCG,31/08/2018,C&M-PMS Prem Notional Rent,PRC DELEGATED CO-COMMISSIONING,CROOK LOG SURGERY,23395746,"5,283.33",,LNW000016375
Department of Health,NHS Bexley CCG,31/08/2018,C&M-PMS QOF Aspiration,PRC DELEGATED CO-COMMISSIONING,CROOK LOG SURGERY,23395746,"6,217.94",,LNW000016375
Department of Health,NHS Bexley CCG,31/08/2018,Hcare Srv Rec NHS Trust-Contract Baseline,ACUTE COMMISSIONING,DARTFORD AND GRAVESHAM NHS TRUST,23299041,"3,032,856.71",,1000055330
Department of Health,NHS Bexley CCG,31/08/2018,C&M-PMS Contract Value,PRC DELEGATED CO-COMMISSIONING,DR MCINTYRE & PARTNERS,23422987,"95,769.58",,LNW000016377
Department of Health,NHS Bexley CCG,31/08/2018,C&M-PMS DES Minor Surgery,PRC DELEGATED CO-COMMISSIONING,DR MCINTYRE & PARTNERS,23422987,660.3,,LNW000016377
Department of Health,NHS Bexley CCG,31/08/2018,C&M-PMS Funding Differential Review,PRC DELEGATED CO-COMMISSIONING,DR MCINTYRE & PARTNERS,23422987,"11,717.52",,LNW000016377
Department of Health,NHS Bexley CCG,31/08/2018,C&M-PMS GP Statutory Levy,PRC DELEGATED CO-COMMISSIONING,DR MCINTYRE & PARTNERS,23422987,"2,238.20",,LNW000016377
Department of Health,NHS Bexley CCG,31/08/2018,C&M-PMS PCO Other,PRC DELEGATED CO-COMMISSIONING,DR MCINTYRE & PARTNERS,23422987,"8,464.00",,LNW000016377
Department of Health,NHS Bexley CCG,31/08/2018,C&M-PMS Prem Notional Rent,PRC DELEGATED CO-COMMISSIONING,DR MCINTYRE & PARTNERS,23422987,"7,149.08",,LNW000016377
Department of Health,NHS Bexley CCG,31/08/2018,C&M-PMS QOF Aspiration,PRC DELEGATED CO-COMMISSIONING,DR MCINTYRE & PARTNERS,23422987,"10,460.76",,LNW000016377
Department of Health,NHS Bexley CCG,31/08/2018,ME - PMS GP Prior Year ERs,PRC DELEGATED CO-COMMISSIONING,DR MCINTYRE & PARTNERS,23422987,"3,506.80",,LNW000016377
Department of Health,NHS Bexley CCG,31/08/2018,ME-PMS GP Prior Year EEs,PRC DELEGATED CO-COMMISSIONING,DR MCINTYRE & PARTNERS,23422987,"5,652.15",,LNW000016377
Department of Health,NHS Bexley CCG,31/08/2018,C&M-PMS Contract Value,PRC DELEGATED CO-COMMISSIONING,DR SHARMA & PARTNERS ERITH,23395749,"55,063.38",,LNW000016379
Department of Health,NHS Bexley CCG,31/08/2018,C&M-PMS DES Learn Dsblty Hlth Chk,PRC DELEGATED CO-COMMISSIONING,DR SHARMA & PARTNERS ERITH,23395749,140,,LNW000016379
Department of Health,NHS Bexley CCG,31/08/2018,C&M-PMS DES Minor Surgery,PRC DELEGATED CO-COMMISSIONING,DR SHARMA & PARTNERS ERITH,23395749,440.2,,LNW000016379
Department of Health,NHS Bexley CCG,31/08/2018,C&M-PMS Funding Differential Review,PRC DELEGATED CO-COMMISSIONING,DR SHARMA & PARTNERS ERITH,23395749,"6,730.07",,LNW000016379
Department of Health,NHS Bexley CCG,31/08/2018,C&M-PMS GP Statutory Levy,PRC DELEGATED CO-COMMISSIONING,DR SHARMA & PARTNERS ERITH,23395749,"1,328.16",,LNW000016379
Department of Health,NHS Bexley CCG,31/08/2018,C&M-PMS PCO Other,PRC DELEGATED CO-COMMISSIONING,DR SHARMA & PARTNERS ERITH,23395749,"5,159.04",,LNW000016379
Department of Health,NHS Bexley CCG,31/08/2018,C&M-PMS Prem Notional Rent,PRC DELEGATED CO-COMMISSIONING,DR SHARMA & PARTNERS ERITH,23395749,"8,925.00",,LNW000016379
Department of Health,NHS Bexley CCG,31/08/2018,C&M-PMS Prem Rates,PRC DELEGATED CO-COMMISSIONING,DR SHARMA & PARTNERS ERITH,23395749,"2,128.01",,LNW000016379
Department of Health,NHS Bexley CCG,31/08/2018,C&M-PMS QOF Aspiration,PRC DELEGATED CO-COMMISSIONING,DR SHARMA & PARTNERS ERITH,23395749,"3,590.78",,LNW000016379
Department of Health,NHS Bexley CCG,31/08/2018,C&M-APMS Contract Value,PRC DELEGATED CO-COMMISSIONING,DR V BHALLA CAIRNGALL,23395769,"3,647.23",,LNW000016401
Department of Health,NHS Bexley CCG,31/08/2018,C&M-APMS DES Minor Surgery,PRC DELEGATED CO-COMMISSIONING,DR V BHALLA CAIRNGALL,23395769,616.28,,LNW000016401
Department of Health,NHS Bexley CCG,31/08/2018,C&M-APMS LES Caretaking Payments,PRC DELEGATED CO-COMMISSIONING,DR V BHALLA CAIRNGALL,23395769,"14,588.92",,LNW000016401
Department of Health,NHS Bexley CCG,31/08/2018,C&M-APMS OOH Opt Outs,PRC DELEGATED CO-COMMISSIONING,DR V BHALLA CAIRNGALL,23395769,"3,202.56",,LNW000016401
Department of Health,NHS Bexley CCG,31/08/2018,C&M-APMS Other FDR Payment,PRC DELEGATED CO-COMMISSIONING,DR V BHALLA CAIRNGALL,23395769,"4,471.50",,LNW000016401
Department of Health,NHS Bexley CCG,31/08/2018,C&M-APMS Prem Rates,PRC DELEGATED CO-COMMISSIONING,DR V BHALLA CAIRNGALL,23395769,783.73,,LNW000016401
Department of Health,NHS Bexley CCG,31/08/2018,C&M-PMS Contract Value,PRC DELEGATED CO-COMMISSIONING,DR V BHALLA CAIRNGALL,23395769,"61,825.28",,LNW000016401
Department of Health,NHS Bexley CCG,31/08/2018,C&M-PMS PCO Locum Sickness,PRC DELEGATED CO-COMMISSIONING,DR V BHALLA CAIRNGALL,23395769,86.7,,LNW000016401
Department of Health,NHS Bexley CCG,31/08/2018,C&M-PMS QOF Aspiration,PRC DELEGATED CO-COMMISSIONING,DR V BHALLA CAIRNGALL,23395769,"4,080.56",,LNW000016401
Department of Health,NHS Bexley CCG,31/08/2018,Cont Care-Learning Disab(<65),CHC ADULT FULLY FUNDED,FAIRLIE HOUSE,23641537,"28,720.33",,17177
Department of Health,NHS Bexley CCG,31/08/2018,Cont Care- Adult 100% Fully Funded,CHC ADULT FULLY FUNDED,FAIRLIE HOUSE,23641539,"25,418.21",,17178
Department of Health,NHS Bexley CCG,31/08/2018,Cont Care- Adult 100% Fully Funded,CHC ADULT FULLY FUNDED,FAIRLIE HOUSE,23641540,"27,061.84",,17180
Department of Health,NHS Bexley CCG,31/08/2018,Clinical&Medical-Commercial Sector,PATIENT TRANSPORT,G4S HEALTH SERVICES UK LTD,23324588,"30,152.75",238560256,90293721
Department of Health,NHS Bexley CCG,31/08/2018,Clinical&Medical-Commercial Sector,PATIENT TRANSPORT,G4S HEALTH SERVICES UK LTD,23400898,"30,152.75",238560256,90297409
Department of Health,NHS Bexley CCG,31/08/2018,C&M-PMS Contract Value,PRC DELEGATED CO-COMMISSIONING,GOOD HEALTH PMS,23395751,"43,150.08",,LNW000016383
Department of Health,NHS Bexley CCG,31/08/2018,C&M-PMS DES Minor Surgery,PRC DELEGATED CO-COMMISSIONING,GOOD HEALTH PMS,23395751,352.16,,LNW000016383
Department of Health,NHS Bexley CCG,31/08/2018,C&M-PMS Funding Differential Review,PRC DELEGATED CO-COMMISSIONING,GOOD HEALTH PMS,23395751,"5,295.54",,LNW000016383
Department of Health,NHS Bexley CCG,31/08/2018,C&M-PMS GP Statutory Levy,PRC DELEGATED CO-COMMISSIONING,GOOD HEALTH PMS,23395751,"1,047.90",,LNW000016383
Department of Health,NHS Bexley CCG,31/08/2018,C&M-PMS QOF Aspiration,PRC DELEGATED CO-COMMISSIONING,GOOD HEALTH PMS,23395751,"4,110.03",,LNW000016383
Department of Health,NHS Bexley CCG,31/08/2018,C&M-PMS Contract Value,PRC DELEGATED CO-COMMISSIONING,GOOD HEALTH PMS,23497018,"16,320.75",,LNW000016389AM
Department of Health,NHS Bexley CCG,31/08/2018,C&M-PMS Funding Differential Review,PRC DELEGATED CO-COMMISSIONING,GOOD HEALTH PMS,23497018,"1,992.26",,LNW000016389AM
Department of Health,NHS Bexley CCG,31/08/2018,C&M-PMS GP Statutory Levy,PRC DELEGATED CO-COMMISSIONING,GOOD HEALTH PMS,23497018,415.38,,LNW000016389AM
Department of Health,NHS Bexley CCG,31/08/2018,C&M-PMS PCO Other,PRC DELEGATED CO-COMMISSIONING,GOOD HEALTH PMS,23497018,"3,845.00",,LNW000016389AM
Department of Health,NHS Bexley CCG,31/08/2018,C&M-PMS Prem Notional Rent,PRC DELEGATED CO-COMMISSIONING,GOOD HEALTH PMS,23497018,"2,020.83",,LNW000016389AM
Department of Health,NHS Bexley CCG,31/08/2018,C&M-PMS Prem Rates,PRC DELEGATED CO-COMMISSIONING,GOOD HEALTH PMS,23497018,"3,228.51",,LNW000016389AM
Department of Health,NHS Bexley CCG,31/08/2018,C&M-PMS Prem Water Rates,PRC DELEGATED CO-COMMISSIONING,GOOD HEALTH PMS,23497018,102.89,,LNW000016389AM
Department of Health,NHS Bexley CCG,31/08/2018,C&M-PMS QOF Aspiration,PRC DELEGATED CO-COMMISSIONING,GOOD HEALTH PMS,23497018,"1,448.03",,LNW000016389AM
Department of Health,NHS Bexley CCG,31/08/2018,Hlthcre-Foundation Trsts,COMMUNITY SERVICES,GUYS & ST THOMAS HOSPITAL NHS FOUNDATION TRUST,23371009,"54,048.00",654923417,3244024
Department of Health,NHS Bexley CCG,31/08/2018,Hcare Srv Rec Fdtn Trust-Over/ Under Performance,ACUTE COMMISSIONING,GUYS & ST THOMAS HOSPITAL NHS FOUNDATION TRUST,23486203,"-1,511,985.00",654923417,9012367
Department of Health,NHS Bexley CCG,31/08/2018,Hcare Srv Rec Fdtn Trust-Contract Baseline,ACUTE COMMISSIONING,GUYS & ST THOMAS HOSPITAL NHS FOUNDATION TRUST,23566890,"1,405,500.00",654923417,3245862
Department of Health,NHS Bexley CCG,31/08/2018,Hlthcre-Foundation Trsts,COMMUNITY SERVICES,GUYS & ST THOMAS HOSPITAL NHS FOUNDATION TRUST,23668360,"54,048.00",654923417,3245902
Department of Health,NHS Bexley CCG,31/08/2018,Apprenticeship Levy Payable,BALANCE SHEET,HMRC,23455714,332,,120PH005657701904
Department of Health,NHS Bexley CCG,31/08/2018,Income tax <1Yr,BALANCE SHEET,HMRC,23455714,"52,976.20",,120PH005657701904
Department of Health,NHS Bexley CCG,31/08/2018,Income tax <1Yr-Student Loans,BALANCE SHEET,HMRC,23455714,229,,120PH005657701904
Department of Health,NHS Bexley CCG,31/08/2018,National Insurance < 1 yr-NI- ERS,BALANCE SHEET,HMRC,23455714,"35,711.84",,120PH005657701904
Department of Health,NHS Bexley CCG,31/08/2018,National Insurance < 1 yr-NI-EES,BALANCE SHEET,HMRC,23455714,"23,911.91",,120PH005657701904
Department of Health,NHS Bexley CCG,31/08/2018,Statutory Mat Pay < 1 yr,BALANCE SHEET,HMRC,23455714,"-1,802.54",,120PH005657701904
Department of Health,NHS Bexley CCG,31/08/2018,Clinical&Medical-Commercial Sector,COMMUNITY SERVICES,HURLEY GROUP,23400879,"271,562.25",,4949
Department of Health,NHS Bexley CCG,31/08/2018,Hcare Srv Rec NHS Trust-Over/ Under Performance,ACUTE COMMISSIONING,IMPERIAL COLLEGE HEALTHCARE NHS TRUST,23565256,"41,416.47",654945990,H0157388
Department of Health,NHS Bexley CCG,31/08/2018,Hcare Srv Rec NHS Trust-Contract Baseline,ACUTE COMMISSIONING,IMPERIAL COLLEGE HEALTHCARE NHS TRUST,23677202,"60,659.00",654945990,H0163705
Department of Health,NHS Bexley CCG,31/08/2018,C&M-GMS GP Statutory Levy,PRC DELEGATED CO-COMMISSIONING,INGELTON AVENUE,23550415,824.63,,LNW000016569
Department of Health,NHS Bexley CCG,31/08/2018,C&M-GMS Global Sum,PRC DELEGATED CO-COMMISSIONING,INGELTON AVENUE,23550415,"32,266.65",,LNW000016569
Department of Health,NHS Bexley CCG,31/08/2018,C&M-GMS MPIG Correction Factor,PRC DELEGATED CO-COMMISSIONING,INGELTON AVENUE,23550415,"2,433.47",,LNW000016569
Department of Health,NHS Bexley CCG,31/08/2018,C&M-GMS Other FDR Payment,PRC DELEGATED CO-COMMISSIONING,INGELTON AVENUE,23550415,"2,285.21",,LNW000016569
Department of Health,NHS Bexley CCG,31/08/2018,C&M-GMS Prem Notional Rent,PRC DELEGATED CO-COMMISSIONING,INGELTON AVENUE,23550415,"2,969.50",,LNW000016569
Department of Health,NHS Bexley CCG,31/08/2018,C&M-GMS QOF Aspiration,PRC DELEGATED CO-COMMISSIONING,INGELTON AVENUE,23550415,"2,864.55",,LNW000016569
Department of Health,NHS Bexley CCG,31/08/2018,Clinical&Medical-Independent Sector,ACUTE COMMISSIONING,INHEALTH LTD,23588689,"54,134.82",787424685,IHLIN0008745
Department of Health,NHS Bexley CCG,31/08/2018,Hcare Srv Rec Fdtn Trust-Contract Baseline,PLANNED CARE,KING`S COLLEGE HOSPITAL NHS FOUNDATION TRUST,23324540,"1,212,946.58",654926800,260960
Department of Health,NHS Bexley CCG,31/08/2018,Hcare Srv Rec Fdtn Trust-Contract Baseline,ACUTE COMMISSIONING,KING`S COLLEGE HOSPITAL NHS FOUNDATION TRUST,23540148,"2,236,051.00",654926800,261942
Department of Health,NHS Bexley CCG,31/08/2018,Hcare Srv Rec Fdtn Trust-Contract Baseline,PLANNED CARE,KING`S COLLEGE HOSPITAL NHS FOUNDATION TRUST,23588745,"1,212,946.58",654926800,261914
Department of Health,NHS Bexley CCG,31/08/2018,C&M-PMS Contract Value,PRC DELEGATED CO-COMMISSIONING,LAKESIDE MEDICAL,23395753,"102,774.10",,LNW000016385
Department of Health,NHS Bexley CCG,31/08/2018,C&M-PMS DES Minor Surgery,PRC DELEGATED CO-COMMISSIONING,LAKESIDE MEDICAL,23395753,"4,313.96",,LNW000016385
Department of Health,NHS Bexley CCG,31/08/2018,C&M-PMS Funding Differential Review,PRC DELEGATED CO-COMMISSIONING,LAKESIDE MEDICAL,23395753,"12,400.64",,LNW000016385
Department of Health,NHS Bexley CCG,31/08/2018,C&M-PMS GP Statutory Levy,PRC DELEGATED CO-COMMISSIONING,LAKESIDE MEDICAL,23395753,"2,604.83",,LNW000016385
Department of Health,NHS Bexley CCG,31/08/2018,C&M-PMS Prem Clinical Waste,PRC DELEGATED CO-COMMISSIONING,LAKESIDE MEDICAL,23395753,169.85,,LNW000016385
Department of Health,NHS Bexley CCG,31/08/2018,C&M-PMS Prem Healthcentre Rates,PRC DELEGATED CO-COMMISSIONING,LAKESIDE MEDICAL,23395753,"3,297.65",,LNW000016385
Department of Health,NHS Bexley CCG,31/08/2018,C&M-PMS Prem Healthcentre Rent,PRC DELEGATED CO-COMMISSIONING,LAKESIDE MEDICAL,23395753,"36,753.11",,LNW000016385
Department of Health,NHS Bexley CCG,31/08/2018,C&M-PMS Prem Water Rates,PRC DELEGATED CO-COMMISSIONING,LAKESIDE MEDICAL,23395753,324.24,,LNW000016385
Department of Health,NHS Bexley CCG,31/08/2018,C&M-PMS QOF Aspiration,PRC DELEGATED CO-COMMISSIONING,LAKESIDE MEDICAL,23395753,"9,531.26",,LNW000016385
Department of Health,NHS Bexley CCG,31/08/2018,ME-PMS GP Pension EEs-PMS,PRC DELEGATED CO-COMMISSIONING,LAKESIDE MEDICAL,23395753,"1,830.61",,LNW000016385
Department of Health,NHS Bexley CCG,31/08/2018,ME-PMS GP Pension ERs Adjs - PMS,PRC DELEGATED CO-COMMISSIONING,LAKESIDE MEDICAL,23395753,995.33,,LNW000016385
Department of Health,NHS Bexley CCG,31/08/2018,Hcare Srv Rec NHS Trust-Contract Baseline,ACUTE COMMISSIONING,LEWISHAM & GREENWICH NHS TRUST,23317046,"6,392,512.00",,8490036
Department of Health,NHS Bexley CCG,31/08/2018,Hcare Srv Rec NHS Trust-Over/ Under Performance,ACUTE COMMISSIONING,LONDON AMBULANCE SERVICE NHS TRUST,23400848,"85,348.00",654967192,L0018196
Department of Health,NHS Bexley CCG,31/08/2018,Hcare Srv Rec NHS Trust-Contract Baseline,AMBULANCE SERVICES,LONDON AMBULANCE SERVICE NHS TRUST,23507614,"726,954.00",654967192,L0018466
Department of Health,NHS Bexley CCG,31/08/2018,C&M-PMS Contract Value,PRC DELEGATED CO-COMMISSIONING,LYNDHURST MEDICAL CENTRE,23395755,"66,876.47",,LNW000016387
Department of Health,NHS Bexley CCG,31/08/2018,C&M-PMS DES Minor Surgery,PRC DELEGATED CO-COMMISSIONING,LYNDHURST MEDICAL CENTRE,23395755,836.38,,LNW000016387
Department of Health,NHS Bexley CCG,31/08/2018,C&M-PMS Funding Differential Review,PRC DELEGATED CO-COMMISSIONING,LYNDHURST MEDICAL CENTRE,23395755,"7,978.17",,LNW000016387
Department of Health,NHS Bexley CCG,31/08/2018,C&M-PMS GP Statutory Levy,PRC DELEGATED CO-COMMISSIONING,LYNDHURST MEDICAL CENTRE,23395755,"1,436.33",,LNW000016387
Department of Health,NHS Bexley CCG,31/08/2018,C&M-PMS PCO Doctors Ret Scheme,PRC DELEGATED CO-COMMISSIONING,LYNDHURST MEDICAL CENTRE,23395755,"3,384.56",,LNW000016387
Department of Health,NHS Bexley CCG,31/08/2018,C&M-PMS PCO Other,PRC DELEGATED CO-COMMISSIONING,LYNDHURST MEDICAL CENTRE,23395755,"5,573.00",,LNW000016387
Department of Health,NHS Bexley CCG,31/08/2018,C&M-PMS Prem Notional Rent,PRC DELEGATED CO-COMMISSIONING,LYNDHURST MEDICAL CENTRE,23395755,"7,094.50",,LNW000016387
Department of Health,NHS Bexley CCG,31/08/2018,C&M-PMS Prem Rates,PRC DELEGATED CO-COMMISSIONING,LYNDHURST MEDICAL CENTRE,23395755,801.15,,LNW000016387
Department of Health,NHS Bexley CCG,31/08/2018,C&M-PMS Prem Water Rates,PRC DELEGATED CO-COMMISSIONING,LYNDHURST MEDICAL CENTRE,23395755,256.01,,LNW000016387
Department of Health,NHS Bexley CCG,31/08/2018,C&M-PMS QOF Aspiration,PRC DELEGATED CO-COMMISSIONING,LYNDHURST MEDICAL CENTRE,23395755,"7,020.82",,LNW000016387
Department of Health,NHS Bexley CCG,31/08/2018,C&M-PMS Contract Value,PRC DELEGATED CO-COMMISSIONING,M THAVAPALAN & PARTNERS,23404403,"30,563.50",,LNW000016381
Department of Health,NHS Bexley CCG,31/08/2018,C&M-PMS DES Minor Surgery,PRC DELEGATED CO-COMMISSIONING,M THAVAPALAN & PARTNERS,23404403,"2,289.04",,LNW000016381
Department of Health,NHS Bexley CCG,31/08/2018,C&M-PMS Funding Differential Review,PRC DELEGATED CO-COMMISSIONING,M THAVAPALAN & PARTNERS,23404403,"3,666.79",,LNW000016381
Department of Health,NHS Bexley CCG,31/08/2018,C&M-PMS GP Statutory Levy,PRC DELEGATED CO-COMMISSIONING,M THAVAPALAN & PARTNERS,23404403,706.3,,LNW000016381
Department of Health,NHS Bexley CCG,31/08/2018,C&M-PMS Prem Notional Rent,PRC DELEGATED CO-COMMISSIONING,M THAVAPALAN & PARTNERS,23404403,"2,408.33",,LNW000016381
Department of Health,NHS Bexley CCG,31/08/2018,C&M-PMS Prem Rates,PRC DELEGATED CO-COMMISSIONING,M THAVAPALAN & PARTNERS,23404403,884.85,,LNW000016381
Department of Health,NHS Bexley CCG,31/08/2018,C&M-PMS QOF Aspiration,PRC DELEGATED CO-COMMISSIONING,M THAVAPALAN & PARTNERS,23404403,"3,421.62",,LNW000016381
Department of Health,NHS Bexley CCG,31/08/2018,Hcare Srv Rec Fdtn Trust-Contract Baseline,ACUTE COMMISSIONING,MEDWAY NHS FOUNDATION TRUST,23316223,"70,932.00",,1008957
Department of Health,NHS Bexley CCG,31/08/2018,Hcare Srv Rec Fdtn Trust-Over/ Under Performance,ACUTE COMMISSIONING,MEDWAY NHS FOUNDATION TRUST,23565227,"110,214.00",,134109
Department of Health,NHS Bexley CCG,31/08/2018,Hcare Srv Rec Fdtn Trust-Contract Baseline,ACUTE COMMISSIONING,MOORFIELDS EYE HOSPITAL NHS FOUNDATION TRUST,23587660,"91,203.00",,IC0035013
Department of Health,NHS Bexley CCG,31/08/2018,Hcare Srv Rec NHS Trust,NHS 111,NHS BROMLEY CCG,23565295,"84,021.12",,7022701717
Department of Health,NHS Bexley CCG,31/08/2018,Hcare Srv Rec NHS CCG-Non Contract,NCAS/OATS,NHS GREENWICH CCG,23588675,"91,337.54",,7023404261
Department of Health,NHS Bexley CCG,31/08/2018,Recharge : Received,FINANCE,NHS LEWISHAM CCG,23648109,"-54,714.09",,7024301357
Department of Health,NHS Bexley CCG,31/08/2018,Recharge : Received,FINANCE,NHS LEWISHAM CCG,23668410,"42,615.99",,7024301364
Department of Health,NHS Bexley CCG,31/08/2018,Recharge : Received,FINANCE,NHS LEWISHAM CCG,23678320,"54,714.09",,7024301254
Department of Health,NHS Bexley CCG,31/08/2018,Charges from CSU,COMMUNICATIONS & PR,NHS NEL CSU,23334999,"79,634.95",,7312806556
Department of Health,NHS Bexley CCG,31/08/2018,Hlthcre-Foundation Trsts,COMMUNITY SERVICES,OXLEAS NHS FOUNDATION TRUST,23371039,"591,249.00",654912620,51446
Department of Health,NHS Bexley CCG,31/08/2018,Hlthcre-Foundation Trsts,COMMUNITY SERVICES,OXLEAS NHS FOUNDATION TRUST,23371041,"820,541.00",654912620,51436
Department of Health,NHS Bexley CCG,31/08/2018,Hlthcre-Foundation Trsts,COMMUNITY SERVICES,OXLEAS NHS FOUNDATION TRUST,23371043,"36,110.00",654912620,51547
Department of Health,NHS Bexley CCG,31/08/2018,Hlthcre-Foundation Trsts,COMMUNITY SERVICES,OXLEAS NHS FOUNDATION TRUST,23371045,"94,669.00",654912620,51444
Department of Health,NHS Bexley CCG,31/08/2018,Hlthcre-Foundation Trsts,MENTAL HEALTH CONTRACTS,OXLEAS NHS FOUNDATION TRUST,23371048,"1,827,980.00",654912620,51454
Department of Health,NHS Bexley CCG,31/08/2018,Hlthcre-Foundation Trsts,COMMUNITY SERVICES,OXLEAS NHS FOUNDATION TRUST,23371049,"229,220.00",654912620,51453
Department of Health,NHS Bexley CCG,31/08/2018,Hlthcre-Foundation Trsts,CHILD AND ADOLESCENT MENTAL HEALTH,OXLEAS NHS FOUNDATION TRUST,23432444,"40,755.00",654912620,51475
Department of Health,NHS Bexley CCG,31/08/2018,Hlthcre-Foundation Trsts,CHILD AND ADOLESCENT MENTAL HEALTH,OXLEAS NHS FOUNDATION TRUST,23506384,"40,755.00",654912620,50851
Department of Health,NHS Bexley CCG,31/08/2018,Clinical&Medical-Independent Sector,COMMUNITY SERVICES,PHYSIOLOGICAL MEASUREMENTS LTD,23506415,"37,139.00",878459651,BEX1807
Department of Health,NHS Bexley CCG,31/08/2018,Clinical&Medical-Independent Sector,COMMUNITY SERVICES,PHYSIOLOGICAL MEASUREMENTS LTD,23506478,"37,139.00",878459651,BEX1806
Department of Health,NHS Bexley CCG,31/08/2018,C&M-GMS DES Minor Surgery,PRC DELEGATED CO-COMMISSIONING,PLAS MEDDYG SURGERY,23550417,"3,213.46",,LNW000016571
Department of Health,NHS Bexley CCG,31/08/2018,C&M-GMS GP Statutory Levy,PRC DELEGATED CO-COMMISSIONING,PLAS MEDDYG SURGERY,23550417,"1,168.50",,LNW000016571
Department of Health,NHS Bexley CCG,31/08/2018,C&M-GMS Global Sum,PRC DELEGATED CO-COMMISSIONING,PLAS MEDDYG SURGERY,23550417,"48,716.74",,LNW000016571
Department of Health,NHS Bexley CCG,31/08/2018,C&M-GMS MPIG Correction Factor,PRC DELEGATED CO-COMMISSIONING,PLAS MEDDYG SURGERY,23550417,468.96,,LNW000016571
Department of Health,NHS Bexley CCG,31/08/2018,C&M-GMS Other FDR Payment,PRC DELEGATED CO-COMMISSIONING,PLAS MEDDYG SURGERY,23550417,"3,471.13",,LNW000016571
Department of Health,NHS Bexley CCG,31/08/2018,C&M-GMS PCO Other,PRC DELEGATED CO-COMMISSIONING,PLAS MEDDYG SURGERY,23550417,"4,635.54",,LNW000016571
Department of Health,NHS Bexley CCG,31/08/2018,C&M-GMS Prem Notional Rent,PRC DELEGATED CO-COMMISSIONING,PLAS MEDDYG SURGERY,23550417,"4,488.92",,LNW000016571
Department of Health,NHS Bexley CCG,31/08/2018,C&M-GMS Prem Rates,PRC DELEGATED CO-COMMISSIONING,PLAS MEDDYG SURGERY,23550417,"2,735.93",,LNW000016571
Department of Health,NHS Bexley CCG,31/08/2018,C&M-GMS QOF Aspiration,PRC DELEGATED CO-COMMISSIONING,PLAS MEDDYG SURGERY,23550417,"5,069.51",,LNW000016571
Department of Health,NHS Bexley CCG,31/08/2018,ME - GMS GP Prior Year ERs,PRC DELEGATED CO-COMMISSIONING,PLAS MEDDYG SURGERY,23550417,"5,846.70",,LNW000016571
Department of Health,NHS Bexley CCG,31/08/2018,ME-GMS GP Prior Year EEs,PRC DELEGATED CO-COMMISSIONING,PLAS MEDDYG SURGERY,23550417,"5,519.61",,LNW000016571
Department of Health,NHS Bexley CCG,31/08/2018,Hcare Srv Rec Fdtn Trust-Contract Baseline,ACUTE COMMISSIONING,QUEEN VICTORIA HOSPITAL NHS FOUNDATION TRUST,23353388,"34,812.00",,2010015667
Department of Health,NHS Bexley CCG,31/08/2018,Hcare Srv Rec Fdtn Trust-Non Contract,NCAS/OATS,ROYAL BROMPTON & HAREFIELD NHS FOUNDATION TRUST,23324507,"37,806.44",,N002094
Department of Health,NHS Bexley CCG,31/08/2018,Hcare Srv Rec NHS Trust-Non Contract,NCAS/OATS,ROYAL NATIONAL ORTHOPAEDIC HOSPITAL NHS TRUST,23588722,"33,086.00",,E0049785
Department of Health,NHS Bexley CCG,31/08/2018,C&M-PMS Contract Value,PRC DELEGATED CO-COMMISSIONING,SIDCUP MEDICAL CENTRE,23395759,"86,343.80",,LNW000016391
Department of Health,NHS Bexley CCG,31/08/2018,C&M-PMS Funding Differential Review,PRC DELEGATED CO-COMMISSIONING,SIDCUP MEDICAL CENTRE,23395759,"10,312.98",,LNW000016391
Department of Health,NHS Bexley CCG,31/08/2018,C&M-PMS GP Statutory Levy,PRC DELEGATED CO-COMMISSIONING,SIDCUP MEDICAL CENTRE,23395759,"1,882.71",,LNW000016391
Department of Health,NHS Bexley CCG,31/08/2018,C&M-PMS Prem Notional Rent,PRC DELEGATED CO-COMMISSIONING,SIDCUP MEDICAL CENTRE,23395759,"7,461.50",,LNW000016391
Department of Health,NHS Bexley CCG,31/08/2018,C&M-PMS QOF Aspiration,PRC DELEGATED CO-COMMISSIONING,SIDCUP MEDICAL CENTRE,23395759,"8,568.96",,LNW000016391
Department of Health,NHS Bexley CCG,31/08/2018,Clinical&Medical-Independent Sector,LOCAL ENHANCED SERVICES,SIDCUP MEDICAL CENTRE,23506475,"38,925.50",,69
Department of Health,NHS Bexley CCG,31/08/2018,Hlthcre-Foundation Trsts,MENTAL HEALTH CONTRACTS,SOUTH LONDON AND MAUDSLEY NHS FOUNDATION TRUST,23641451,"37,232.00",654971403,B0008526
Department of Health,NHS Bexley CCG,31/08/2018,Clinical&Medical-Commercial Sector,NCAS/OATS,SPECSAVERS HEARCARE LTD,23324569,"46,403.30",913158146,20770423
Department of Health,NHS Bexley CCG,31/08/2018,Hcare Srv Rec Fdtn Trust-Contract Baseline,ACUTE COMMISSIONING,ST GEORGES UNIVERSITY HOSPITALS NHS FOUNDATION TRUST,23540152,"27,146.02",GB654461922,6438165
Department of Health,NHS Bexley CCG,31/08/2018,C&M-PMS Contract Value,PRC DELEGATED CO-COMMISSIONING,STATION ROAD SURGERY SIDCUP,23395761,"66,376.18",,LNW000016393
Department of Health,NHS Bexley CCG,31/08/2018,C&M-PMS DES Minor Surgery,PRC DELEGATED CO-COMMISSIONING,STATION ROAD SURGERY SIDCUP,23395761,"2,817.28",,LNW000016393
Department of Health,NHS Bexley CCG,31/08/2018,C&M-PMS Funding Differential Review,PRC DELEGATED CO-COMMISSIONING,STATION ROAD SURGERY SIDCUP,23395761,"7,983.57",,LNW000016393
Department of Health,NHS Bexley CCG,31/08/2018,C&M-PMS GP Statutory Levy,PRC DELEGATED CO-COMMISSIONING,STATION ROAD SURGERY SIDCUP,23395761,"1,630.22",,LNW000016393
Department of Health,NHS Bexley CCG,31/08/2018,C&M-PMS Prem Notional Rent,PRC DELEGATED CO-COMMISSIONING,STATION ROAD SURGERY SIDCUP,23395761,"4,647.67",,LNW000016393
Department of Health,NHS Bexley CCG,31/08/2018,C&M-PMS Prem Rates,PRC DELEGATED CO-COMMISSIONING,STATION ROAD SURGERY SIDCUP,23395761,"1,582.38",,LNW000016393
Department of Health,NHS Bexley CCG,31/08/2018,C&M-PMS Prem Water Rates,PRC DELEGATED CO-COMMISSIONING,STATION ROAD SURGERY SIDCUP,23395761,123.93,,LNW000016393
Department of Health,NHS Bexley CCG,31/08/2018,C&M-PMS QOF Aspiration,PRC DELEGATED CO-COMMISSIONING,STATION ROAD SURGERY SIDCUP,23395761,"6,027.90",,LNW000016393
Department of Health,NHS Bexley CCG,31/08/2018,Hcare Srv Rec Fdtn Trust-Contract Baseline,ACUTE COMMISSIONING,UNIVERSITY COLLEGE LONDON HOSPITALS NHS FOUNDATION TRUST,23300290,"84,273.00",654948687,SLA3955
Department of Health,NHS Bexley CCG,31/08/2018,Hcare Srv Rec Fdtn Trust-Contract Baseline,ACUTE COMMISSIONING,UNIVERSITY COLLEGE LONDON HOSPITALS NHS FOUNDATION TRUST,23677211,"84,273.00",654948687,SLA4064
Department of Health,NHS Bexley CCG,31/08/2018,C&M-PMS Contract Value,PRC DELEGATED CO-COMMISSIONING,WELLING MEDICAL,23395765,"83,015.40",,LNW000016397
Department of Health,NHS Bexley CCG,31/08/2018,C&M-PMS DES Minor Surgery,PRC DELEGATED CO-COMMISSIONING,WELLING MEDICAL,23395765,"3,785.72",,LNW000016397
Department of Health,NHS Bexley CCG,31/08/2018,C&M-PMS Funding Differential Review,PRC DELEGATED CO-COMMISSIONING,WELLING MEDICAL,23395765,"10,169.41",,LNW000016397
Department of Health,NHS Bexley CCG,31/08/2018,C&M-PMS GP Statutory Levy,PRC DELEGATED CO-COMMISSIONING,WELLING MEDICAL,23395765,"1,972.47",,LNW000016397
Department of Health,NHS Bexley CCG,31/08/2018,C&M-PMS Prem Notional Rent,PRC DELEGATED CO-COMMISSIONING,WELLING MEDICAL,23395765,"7,162.50",,LNW000016397
Department of Health,NHS Bexley CCG,31/08/2018,C&M-PMS Prem Rates,PRC DELEGATED CO-COMMISSIONING,WELLING MEDICAL,23395765,"2,687.83",,LNW000016397
Department of Health,NHS Bexley CCG,31/08/2018,C&M-PMS QOF Aspiration,PRC DELEGATED CO-COMMISSIONING,WELLING MEDICAL,23395765,"8,781.52",,LNW000016397
Department of Health,NHS Bexley CCG,31/08/2018,C&M-PMS Contract Value,PRC DELEGATED CO-COMMISSIONING,WESTWOOD SURGERY,23395763,"57,376.83",,LNW000016395
Department of Health,NHS Bexley CCG,31/08/2018,C&M-PMS Funding Differential Review,PRC DELEGATED CO-COMMISSIONING,WESTWOOD SURGERY,23395763,"7,020.93",,LNW000016395
Department of Health,NHS Bexley CCG,31/08/2018,C&M-PMS GP Statutory Levy,PRC DELEGATED CO-COMMISSIONING,WESTWOOD SURGERY,23395763,"1,490.57",,LNW000016395
Department of Health,NHS Bexley CCG,31/08/2018,C&M-PMS Prem Notional Rent,PRC DELEGATED CO-COMMISSIONING,WESTWOOD SURGERY,23395763,"6,008.33",,LNW000016395
Department of Health,NHS Bexley CCG,31/08/2018,C&M-PMS Prem Rates,PRC DELEGATED CO-COMMISSIONING,WESTWOOD SURGERY,23395763,"2,053.59",,LNW000016395
Department of Health,NHS Bexley CCG,31/08/2018,C&M-PMS Prem Water Rates,PRC DELEGATED CO-COMMISSIONING,WESTWOOD SURGERY,23395763,51.6,,LNW000016395
Department of Health,NHS Bexley CCG,31/08/2018,C&M-PMS QOF Aspiration,PRC DELEGATED CO-COMMISSIONING,WESTWOOD SURGERY,23395763,"6,214.69",,LNW000016395
Department of Health,NHS Bexley CCG,31/08/2018,C&M-PMS Contract Value,PRC DELEGATED CO-COMMISSIONING,WOODLANDS IN SIDCUP,23395767,"65,176.88",,LNW000016399
Department of Health,NHS Bexley CCG,31/08/2018,C&M-PMS DES Minor Surgery,PRC DELEGATED CO-COMMISSIONING,WOODLANDS IN SIDCUP,23395767,"3,301.50",,LNW000016399
Department of Health,NHS Bexley CCG,31/08/2018,C&M-PMS Funding Differential Review,PRC DELEGATED CO-COMMISSIONING,WOODLANDS IN SIDCUP,23395767,"7,924.71",,LNW000016399
Department of Health,NHS Bexley CCG,31/08/2018,C&M-PMS GP Statutory Levy,PRC DELEGATED CO-COMMISSIONING,WOODLANDS IN SIDCUP,23395767,"1,610.52",,LNW000016399
Department of Health,NHS Bexley CCG,31/08/2018,C&M-PMS PCO Other,PRC DELEGATED CO-COMMISSIONING,WOODLANDS IN SIDCUP,23395767,"6,196.00",,LNW000016399
Department of Health,NHS Bexley CCG,31/08/2018,C&M-PMS Prem Notional Rent,PRC DELEGATED CO-COMMISSIONING,WOODLANDS IN SIDCUP,23395767,"5,808.33",,LNW000016399
Department of Health,NHS Bexley CCG,31/08/2018,C&M-PMS Prem Rates,PRC DELEGATED CO-COMMISSIONING,WOODLANDS IN SIDCUP,23395767,"2,287.74",,LNW000016399
Department of Health,NHS Bexley CCG,31/08/2018,C&M-PMS Prem Water Rates,PRC DELEGATED CO-COMMISSIONING,WOODLANDS IN SIDCUP,23395767,83.97,,LNW000016399
Department of Health,NHS Bexley CCG,31/08/2018,C&M-PMS QOF Aspiration,PRC DELEGATED CO-COMMISSIONING,WOODLANDS IN SIDCUP,23395767,"7,122.78",,LNW000016399
