Department family,Entity,Date,Expense Type,Expense area,Supplier,Transaction number,AP Amount (£),VAT registration number,Purchase invoice number
Department of Health,NHS Bexley CCG,31/03/2019,C&M-PMS Contract Value,PRC DELEGATED CO-COMMISSIONING,ALBION SURGERY,26366746,"99,902.08",,LNW000017911
Department of Health,NHS Bexley CCG,31/03/2019,C&M-PMS DES Extended Hours Access,PRC DELEGATED CO-COMMISSIONING,ALBION SURGERY,26366746,"6,809.60",,LNW000017911
Department of Health,NHS Bexley CCG,31/03/2019,C&M-PMS Funding Differential Review,PRC DELEGATED CO-COMMISSIONING,ALBION SURGERY,26366746,"12,431.23",,LNW000017911
Department of Health,NHS Bexley CCG,31/03/2019,C&M-PMS PCO Seniority,PRC DELEGATED CO-COMMISSIONING,ALBION SURGERY,26366746,"4,421.87",,LNW000017911
Department of Health,NHS Bexley CCG,31/03/2019,C&M-PMS Prem Notional Rent,PRC DELEGATED CO-COMMISSIONING,ALBION SURGERY,26366746,"12,857.20",,LNW000017911
Department of Health,NHS Bexley CCG,31/03/2019,C&M-PMS Prem Rates,PRC DELEGATED CO-COMMISSIONING,ALBION SURGERY,26366746,"3,341.58",,LNW000017911
Department of Health,NHS Bexley CCG,31/03/2019,C&M-PMS QOF Aspiration,PRC DELEGATED CO-COMMISSIONING,ALBION SURGERY,26366746,"10,627.99",,LNW000017911
Department of Health,NHS Bexley CCG,31/03/2019,C&M-PMS Cost of Drugs -Prescribing,LOCAL ENHANCED SERVICES,ALBION SURGERY,26474491,"26,999.04",,LNW000018091
Department of Health,NHS Bexley CCG,31/03/2019,C&M-PMS Prof fees Prescribing,PRC DELEGATED CO-COMMISSIONING,ALBION SURGERY,26474491,"6,080.66",,LNW000018091
Department of Health,NHS Bexley CCG,31/03/2019,C&M-PMS Contract Value,PRC DELEGATED CO-COMMISSIONING,BARNARD PRACTICE,26366744,"102,218.23",,LNW000017909
Department of Health,NHS Bexley CCG,31/03/2019,C&M-PMS DES Extended Hours Access,PRC DELEGATED CO-COMMISSIONING,BARNARD PRACTICE,26366744,"7,109.33",,LNW000017909
Department of Health,NHS Bexley CCG,31/03/2019,C&M-PMS Funding Differential Review,PRC DELEGATED CO-COMMISSIONING,BARNARD PRACTICE,26366744,"12,481.26",,LNW000017909
Department of Health,NHS Bexley CCG,31/03/2019,C&M-PMS PCO Seniority,PRC DELEGATED CO-COMMISSIONING,BARNARD PRACTICE,26366744,"1,929.60",,LNW000017909
Department of Health,NHS Bexley CCG,31/03/2019,C&M-PMS Prem Actual Rent,PRC DELEGATED CO-COMMISSIONING,BARNARD PRACTICE,26366744,"3,333.33",,LNW000017909
Department of Health,NHS Bexley CCG,31/03/2019,C&M-PMS Prem Notional Rent,PRC DELEGATED CO-COMMISSIONING,BARNARD PRACTICE,26366744,"3,041.67",,LNW000017909
Department of Health,NHS Bexley CCG,31/03/2019,C&M-PMS Prem Rates,PRC DELEGATED CO-COMMISSIONING,BARNARD PRACTICE,26366744,636.42,,LNW000017909
Department of Health,NHS Bexley CCG,31/03/2019,C&M-PMS QOF Aspiration,PRC DELEGATED CO-COMMISSIONING,BARNARD PRACTICE,26366744,"10,000.57",,LNW000017909
Department of Health,NHS Bexley CCG,31/03/2019,C&M-PMS Contract Value,PRC DELEGATED CO-COMMISSIONING,BELLEGROVE ROAD SURGERY,26366740,"77,258.44",,LNW000017905
Department of Health,NHS Bexley CCG,31/03/2019,C&M-PMS DES Extended Hours Access,PRC DELEGATED CO-COMMISSIONING,BELLEGROVE ROAD SURGERY,26366740,"5,579.35",,LNW000017905
Department of Health,NHS Bexley CCG,31/03/2019,C&M-PMS DES Learn Dsblty Hlth Chk,PRC DELEGATED CO-COMMISSIONING,BELLEGROVE ROAD SURGERY,26366740,560,,LNW000017905
Department of Health,NHS Bexley CCG,31/03/2019,C&M-PMS Funding Differential Review,PRC DELEGATED CO-COMMISSIONING,BELLEGROVE ROAD SURGERY,26366740,"9,826.09",,LNW000017905
Department of Health,NHS Bexley CCG,31/03/2019,C&M-PMS PCO Seniority,PRC DELEGATED CO-COMMISSIONING,BELLEGROVE ROAD SURGERY,26366740,"2,063.20",,LNW000017905
Department of Health,NHS Bexley CCG,31/03/2019,C&M-PMS Prem Notional Rent,PRC DELEGATED CO-COMMISSIONING,BELLEGROVE ROAD SURGERY,26366740,"5,608.33",,LNW000017905
Department of Health,NHS Bexley CCG,31/03/2019,C&M-PMS Prem Rates,PRC DELEGATED CO-COMMISSIONING,BELLEGROVE ROAD SURGERY,26366740,"2,190.26",,LNW000017905
Department of Health,NHS Bexley CCG,31/03/2019,C&M-PMS QOF Aspiration,PRC DELEGATED CO-COMMISSIONING,BELLEGROVE ROAD SURGERY,26366740,"7,971.37",,LNW000017905
Department of Health,NHS Bexley CCG,31/03/2019,Clinical&Medical-Independent Sector,COMMUNITY SERVICES,BELLEGROVE ROAD SURGERY,26665031,"44,352.21",,BAC022019
Department of Health,NHS Bexley CCG,31/03/2019,C&M-PMS Contract Value,PRC DELEGATED CO-COMMISSIONING,BELVEDERE MEDICAL CENTRE,26366742,"100,696.51",,LNW000017907
Department of Health,NHS Bexley CCG,31/03/2019,C&M-PMS DES Extended Hours Access,PRC DELEGATED CO-COMMISSIONING,BELVEDERE MEDICAL CENTRE,26366742,"5,046.40",,LNW000017907
Department of Health,NHS Bexley CCG,31/03/2019,C&M-PMS Funding Differential Review,PRC DELEGATED CO-COMMISSIONING,BELVEDERE MEDICAL CENTRE,26366742,"24,849.74",,LNW000017907
Department of Health,NHS Bexley CCG,31/03/2019,C&M-PMS PCO Seniority,PRC DELEGATED CO-COMMISSIONING,BELVEDERE MEDICAL CENTRE,26366742,779.91,,LNW000017907
Department of Health,NHS Bexley CCG,31/03/2019,C&M-PMS Prem Notional Rent,PRC DELEGATED CO-COMMISSIONING,BELVEDERE MEDICAL CENTRE,26366742,"8,575.83",,LNW000017907
Department of Health,NHS Bexley CCG,31/03/2019,C&M-PMS Prem Rates,PRC DELEGATED CO-COMMISSIONING,BELVEDERE MEDICAL CENTRE,26366742,"1,400.34",,LNW000017907
Department of Health,NHS Bexley CCG,31/03/2019,C&M-PMS Prem Water Rates,PRC DELEGATED CO-COMMISSIONING,BELVEDERE MEDICAL CENTRE,26366742,367.31,,LNW000017907
Department of Health,NHS Bexley CCG,31/03/2019,C&M-PMS QOF Aspiration,PRC DELEGATED CO-COMMISSIONING,BELVEDERE MEDICAL CENTRE,26366742,"5,895.17",,LNW000017907
Department of Health,NHS Bexley CCG,31/03/2019,Miscellaneous Expenditure (L9),PROGRAMME PROJECTS,BEXLEY CEPN,26639442,"36,000.00",,12
Department of Health,NHS Bexley CCG,31/03/2019,Clinical&Medical-Othe Public Sector,WHEELCHAIR SERVICE,BEXLEY COUNCIL,26284342,"48,133.33",,6890057966
Department of Health,NHS Bexley CCG,31/03/2019,Clinical&Medical-Othe Public Sector,LEARNING DIFFICULTIES,BEXLEY COUNCIL,26331701,"72,250.00",,6890054862
Department of Health,NHS Bexley CCG,31/03/2019,Clinical&Medical-Othe Public Sector,COMMUNITY SERVICES,BEXLEY COUNCIL,26331708,"63,166.66",,6890055272
Department of Health,NHS Bexley CCG,31/03/2019,Clinical&Medical-Othe Public Sector,Winter Resilience,BEXLEY COUNCIL,26331711,"57,500.00",,6890055515
Department of Health,NHS Bexley CCG,31/03/2019,Clinical&Medical-Othe Public Sector,MENTAL HEALTH SERVICES - OLDER PEOPLE,BEXLEY COUNCIL,26331717,"56,916.67",,6890054833
Department of Health,NHS Bexley CCG,31/03/2019,Clinical&Medical-Clinical Other,Winter Resilience,BEXLEY COUNCIL,26331811,"57,500.00",,6890058143
Department of Health,NHS Bexley CCG,31/03/2019,Clinical&Medical-Othe Public Sector,COMMISSIONING - NON ACUTE,BEXLEY COUNCIL,26411350,"43,126.83",,6890056132
Department of Health,NHS Bexley CCG,31/03/2019,Clinical&Medical-Othe Public Sector,MENTAL HEALTH SERVICES - OLDER PEOPLE,BEXLEY COUNCIL,26468050,"56,916.67",,6890057623
Department of Health,NHS Bexley CCG,31/03/2019,Clinical&Medical-Othe Public Sector,COMMUNITY SERVICES,BEXLEY COUNCIL,26468051,"63,166.66",,6890057513
Department of Health,NHS Bexley CCG,31/03/2019,Clinical&Medical-Othe Public Sector,LEARNING DIFFICULTIES,BEXLEY COUNCIL,26468052,"72,250.00",,6890057649
Department of Health,NHS Bexley CCG,31/03/2019,Clinical&Medical-Commercial Sector,MENTAL HEALTH SERVICES - NOT CONTRACTED ACTIVITY,BEXLEY COUNCIL,26468055,"366,482.20",,6400225900
Department of Health,NHS Bexley CCG,31/03/2019,Clinical&Medical-Othe Public Sector,PROGRAMME PROJECTS,BEXLEY COUNCIL,26468056,"30,000.00",,6400226064
Department of Health,NHS Bexley CCG,31/03/2019,Clinical&Medical-Othe Public Sector,REABLEMENT,BEXLEY COUNCIL,26584998,"493,593.92",,6890054875
Department of Health,NHS Bexley CCG,31/03/2019,Clinical&Medical-Othe Public Sector,REABLEMENT,BEXLEY COUNCIL,26585015,"493,593.92",,6890057720
Department of Health,NHS Bexley CCG,31/03/2019,Continuing Care- Equipment,CONTINUING HEALTHCARE ASSESSMENT & SUPPORT,BEXLEY COUNCIL,26665070,"18,531.78",,6100082058
Department of Health,NHS Bexley CCG,31/03/2019,Other Gen Supplies & Srv,COMMUNITY SERVICES,BEXLEY COUNCIL,26665070,"31,468.22",,6100082058
Department of Health,NHS Bexley CCG,31/03/2019,C&M-PMS Contract Value,PRC DELEGATED CO-COMMISSIONING,BEXLEY GROUP PRACTICE,26366748,"78,242.36",,LNW000017913
Department of Health,NHS Bexley CCG,31/03/2019,C&M-PMS DES Extended Hours Access,PRC DELEGATED CO-COMMISSIONING,BEXLEY GROUP PRACTICE,26366748,"5,533.28",,LNW000017913
Department of Health,NHS Bexley CCG,31/03/2019,C&M-PMS Funding Differential Review,PRC DELEGATED CO-COMMISSIONING,BEXLEY GROUP PRACTICE,26366748,"11,041.38",,LNW000017913
Department of Health,NHS Bexley CCG,31/03/2019,C&M-PMS PCO Seniority,PRC DELEGATED CO-COMMISSIONING,BEXLEY GROUP PRACTICE,26366748,567.64,,LNW000017913
Department of Health,NHS Bexley CCG,31/03/2019,C&M-PMS Prem Actual Rent,PRC DELEGATED CO-COMMISSIONING,BEXLEY GROUP PRACTICE,26366748,"5,002.83",,LNW000017913
Department of Health,NHS Bexley CCG,31/03/2019,C&M-PMS Prem Rates,PRC DELEGATED CO-COMMISSIONING,BEXLEY GROUP PRACTICE,26366748,520,,LNW000017913
Department of Health,NHS Bexley CCG,31/03/2019,C&M-PMS QOF Aspiration,PRC DELEGATED CO-COMMISSIONING,BEXLEY GROUP PRACTICE,26366748,"7,519.68",,LNW000017913
Department of Health,NHS Bexley CCG,31/03/2019,Clinical&Medical-Independent Sector,COMMISSIONING SCHEMES,BEXLEY HEALTH LTD,26665003,"26,930.40",117 565 508,BHL1084
Department of Health,NHS Bexley CCG,31/03/2019,Hcare Srv Rec NHS CCG-Non Contract,PRIMARY CARE DEVELOPMENT,BEXLEY HEALTH NEIGHBOURHOOD CARE CIC,26284454,"69,878.00",,200019
Department of Health,NHS Bexley CCG,31/03/2019,Hcare Srv Rec NHS CCG-Non Contract,PRIMARY CARE DEVELOPMENT,BEXLEY HEALTH NEIGHBOURHOOD CARE CIC,26284488,"69,878.00",,100019
Department of Health,NHS Bexley CCG,31/03/2019,Clinical&Medical-Independent Sector,PRIMARY CARE DEVELOPMENT,BEXLEY HEALTH NEIGHBOURHOOD CARE CIC,26312749,"48,448.00",,24000
Department of Health,NHS Bexley CCG,31/03/2019,Clinical&Medical-Independent Sector,PRIMARY CARE DEVELOPMENT,BEXLEY HEALTH NEIGHBOURHOOD CARE CIC,26397079,"256,000.00",,1819
Department of Health,NHS Bexley CCG,31/03/2019,C&M-PMS Contract Value,PRC DELEGATED CO-COMMISSIONING,BEXLEY MEDICAL GROUP,26366750,"118,495.67",,LNW000017915
Department of Health,NHS Bexley CCG,31/03/2019,C&M-PMS DES Extended Hours Access,PRC DELEGATED CO-COMMISSIONING,BEXLEY MEDICAL GROUP,26366750,"8,065.03",,LNW000017915
Department of Health,NHS Bexley CCG,31/03/2019,C&M-PMS Funding Differential Review,PRC DELEGATED CO-COMMISSIONING,BEXLEY MEDICAL GROUP,26366750,"15,408.85",,LNW000017915
Department of Health,NHS Bexley CCG,31/03/2019,C&M-PMS PCO Seniority,PRC DELEGATED CO-COMMISSIONING,BEXLEY MEDICAL GROUP,26366750,"2,545.59",,LNW000017915
Department of Health,NHS Bexley CCG,31/03/2019,C&M-PMS Prem Actual Rent,PRC DELEGATED CO-COMMISSIONING,BEXLEY MEDICAL GROUP,26366750,504.17,,LNW000017915
Department of Health,NHS Bexley CCG,31/03/2019,C&M-PMS Prem Clinical Waste,PRC DELEGATED CO-COMMISSIONING,BEXLEY MEDICAL GROUP,26366750,22.22,,LNW000017915
Department of Health,NHS Bexley CCG,31/03/2019,C&M-PMS Prem Healthcentre Rates,PRC DELEGATED CO-COMMISSIONING,BEXLEY MEDICAL GROUP,26366750,366.28,,LNW000017915
Department of Health,NHS Bexley CCG,31/03/2019,C&M-PMS Prem Healthcentre Rent,PRC DELEGATED CO-COMMISSIONING,BEXLEY MEDICAL GROUP,26366750,"1,528.33",,LNW000017915
Department of Health,NHS Bexley CCG,31/03/2019,C&M-PMS Prem Notional Rent,PRC DELEGATED CO-COMMISSIONING,BEXLEY MEDICAL GROUP,26366750,"17,131.87",,LNW000017915
Department of Health,NHS Bexley CCG,31/03/2019,C&M-PMS Prem Rates,PRC DELEGATED CO-COMMISSIONING,BEXLEY MEDICAL GROUP,26366750,"2,559.63",,LNW000017915
Department of Health,NHS Bexley CCG,31/03/2019,C&M-PMS Prem Water Rates,PRC DELEGATED CO-COMMISSIONING,BEXLEY MEDICAL GROUP,26366750,25.15,,LNW000017915
Department of Health,NHS Bexley CCG,31/03/2019,C&M-PMS QOF Aspiration,PRC DELEGATED CO-COMMISSIONING,BEXLEY MEDICAL GROUP,26366750,"10,930.57",,LNW000017915
Department of Health,NHS Bexley CCG,31/03/2019,External Consultancy Fees,CONTINUING HEALTHCARE ASSESSMENT & SUPPORT,BLAUW BEAR LTD,26558265,"28,891.69",937964761,2019003
Department of Health,NHS Bexley CCG,31/03/2019,C&M-PMS Contract Value,PRC DELEGATED CO-COMMISSIONING,BULBANKS MEDICAL CENTRE,26366752,"25,897.91",,LNW000017917
Department of Health,NHS Bexley CCG,31/03/2019,C&M-PMS DES Extended Hours Access,PRC DELEGATED CO-COMMISSIONING,BULBANKS MEDICAL CENTRE,26366752,"1,697.18",,LNW000017917
Department of Health,NHS Bexley CCG,31/03/2019,C&M-PMS DES Minor Surgery,PRC DELEGATED CO-COMMISSIONING,BULBANKS MEDICAL CENTRE,26366752,528.24,,LNW000017917
Department of Health,NHS Bexley CCG,31/03/2019,C&M-PMS Funding Differential Review,PRC DELEGATED CO-COMMISSIONING,BULBANKS MEDICAL CENTRE,26366752,"3,866.20",,LNW000017917
Department of Health,NHS Bexley CCG,31/03/2019,C&M-PMS PCO Seniority,PRC DELEGATED CO-COMMISSIONING,BULBANKS MEDICAL CENTRE,26366752,"1,163.93",,LNW000017917
Department of Health,NHS Bexley CCG,31/03/2019,C&M-PMS Prem Notional Rent,PRC DELEGATED CO-COMMISSIONING,BULBANKS MEDICAL CENTRE,26366752,"4,606.87",,LNW000017917
Department of Health,NHS Bexley CCG,31/03/2019,C&M-PMS QOF Aspiration,PRC DELEGATED CO-COMMISSIONING,BULBANKS MEDICAL CENTRE,26366752,"2,274.92",,LNW000017917
Department of Health,NHS Bexley CCG,31/03/2019,Cont Care-Funded Nursing Care Allow,FUNDED NURSING CARE,BUPA CARE HOMES,26411342,"31,767.57",239731641,ALM047694TOALM047746
Department of Health,NHS Bexley CCG,31/03/2019,Cont Care-Funded Nursing Care Allow,FUNDED NURSING CARE,BUPA CARE HOMES,26639421,"26,457.91",239731641,SID034320TOSID034362
Department of Health,NHS Bexley CCG,31/03/2019,C&M-APMS Contract Value,PRC DELEGATED CO-COMMISSIONING,BURSTED WOOD SURGERY,26366754,"40,893.33",,LNW000017919
Department of Health,NHS Bexley CCG,31/03/2019,C&M-APMS DES Extended Hours Access,PRC DELEGATED CO-COMMISSIONING,BURSTED WOOD SURGERY,26366754,"2,426.30",,LNW000017919
Department of Health,NHS Bexley CCG,31/03/2019,C&M-APMS OOH Opt Outs,PRC DELEGATED CO-COMMISSIONING,BURSTED WOOD SURGERY,26366754,7.32,,LNW000017919
Department of Health,NHS Bexley CCG,31/03/2019,C&M-APMS Other FDR Payment,PRC DELEGATED CO-COMMISSIONING,BURSTED WOOD SURGERY,26366754,"2,597.60",,LNW000017919
Department of Health,NHS Bexley CCG,31/03/2019,C&M-APMS Prem Notional Rent,PRC DELEGATED CO-COMMISSIONING,BURSTED WOOD SURGERY,26366754,"5,226.67",,LNW000017919
Department of Health,NHS Bexley CCG,31/03/2019,C&M-APMS Prem Rates,PRC DELEGATED CO-COMMISSIONING,BURSTED WOOD SURGERY,26366754,621.79,,LNW000017919
Department of Health,NHS Bexley CCG,31/03/2019,C&M-PMS QOF Aspiration,PRC DELEGATED CO-COMMISSIONING,BURSTED WOOD SURGERY,26366754,"3,066.65",,LNW000017919
Department of Health,NHS Bexley CCG,31/03/2019,Cont Care- Adult 100% Fully Funded,CHC ADULT FULLY FUNDED,CAREBASE (HEMEL) LTD,26483014,"10,084.81",,HCFNC0918
Department of Health,NHS Bexley CCG,31/03/2019,Cont Care-Funded Nursing Care Allow,FUNDED NURSING CARE,CAREBASE (HEMEL) LTD,26483014,"16,674.59",,HCFNC0918
Department of Health,NHS Bexley CCG,31/03/2019,Cont Care- Adult 100% Fully Funded,CHC ADULT FULLY FUNDED,CAREBASE (HEMEL) LTD,26585028,"20,325.71",,HCFNC0219
Department of Health,NHS Bexley CCG,31/03/2019,Cont Care-Funded Nursing Care Allow,FUNDED NURSING CARE,CAREBASE (HEMEL) LTD,26585028,"14,663.70",,HCFNC0219
Department of Health,NHS Bexley CCG,31/03/2019,Cont Care- Adult 100% Fully Funded,CHC ADULT FULLY FUNDED,CRAEGMOOR OAKS SIDCUP PRIORY,26331790,"82,746.93",,9510012818
Department of Health,NHS Bexley CCG,31/03/2019,C&M-GMS Cost of Drugs -Prescribing,LOCAL ENHANCED SERVICES,CRAYFORD TOWN SURGERY,26474496,"5,214.60",,LNW000018096
Department of Health,NHS Bexley CCG,31/03/2019,C&M-GMS DES Extended Hours Access,PRC DELEGATED CO-COMMISSIONING,CRAYFORD TOWN SURGERY,26474496,"4,196.15",,LNW000018096
Department of Health,NHS Bexley CCG,31/03/2019,C&M-GMS DES Learn Dsblty Hlth Chk,PRC DELEGATED CO-COMMISSIONING,CRAYFORD TOWN SURGERY,26474496,980,,LNW000018096
Department of Health,NHS Bexley CCG,31/03/2019,C&M-GMS Global Sum,PRC DELEGATED CO-COMMISSIONING,CRAYFORD TOWN SURGERY,26474496,"60,846.79",,LNW000018096
Department of Health,NHS Bexley CCG,31/03/2019,C&M-GMS Other FDR Payment,PRC DELEGATED CO-COMMISSIONING,CRAYFORD TOWN SURGERY,26474496,"4,089.64",,LNW000018096
Department of Health,NHS Bexley CCG,31/03/2019,C&M-GMS PCO Seniority,PRC DELEGATED CO-COMMISSIONING,CRAYFORD TOWN SURGERY,26474496,813.58,,LNW000018096
Department of Health,NHS Bexley CCG,31/03/2019,C&M-GMS Prem Notional Rent,PRC DELEGATED CO-COMMISSIONING,CRAYFORD TOWN SURGERY,26474496,"9,798.92",,LNW000018096
Department of Health,NHS Bexley CCG,31/03/2019,C&M-GMS Prem Rates,PRC DELEGATED CO-COMMISSIONING,CRAYFORD TOWN SURGERY,26474496,256.73,,LNW000018096
Department of Health,NHS Bexley CCG,31/03/2019,C&M-GMS Prof Fees Prescribing,PRC DELEGATED CO-COMMISSIONING,CRAYFORD TOWN SURGERY,26474496,501.15,,LNW000018096
Department of Health,NHS Bexley CCG,31/03/2019,C&M-GMS QOF Aspiration,PRC DELEGATED CO-COMMISSIONING,CRAYFORD TOWN SURGERY,26474496,"5,423.01",,LNW000018096
Department of Health,NHS Bexley CCG,31/03/2019,C&M-PMS Contract Value,PRC DELEGATED CO-COMMISSIONING,CROOK LOG SURGERY,26366756,"53,577.67",,LNW000017921
Department of Health,NHS Bexley CCG,31/03/2019,C&M-PMS DES Extended Hours Access,PRC DELEGATED CO-COMMISSIONING,CROOK LOG SURGERY,26366756,"3,987.63",,LNW000017921
Department of Health,NHS Bexley CCG,31/03/2019,C&M-PMS DES Learn Dsblty Hlth Chk,PRC DELEGATED CO-COMMISSIONING,CROOK LOG SURGERY,26366756,700,,LNW000017921
Department of Health,NHS Bexley CCG,31/03/2019,C&M-PMS Funding Differential Review,PRC DELEGATED CO-COMMISSIONING,CROOK LOG SURGERY,26366756,"6,679.65",,LNW000017921
Department of Health,NHS Bexley CCG,31/03/2019,C&M-PMS PCO Seniority,PRC DELEGATED CO-COMMISSIONING,CROOK LOG SURGERY,26366756,"2,564.52",,LNW000017921
Department of Health,NHS Bexley CCG,31/03/2019,C&M-PMS Prem Notional Rent,PRC DELEGATED CO-COMMISSIONING,CROOK LOG SURGERY,26366756,"5,525.00",,LNW000017921
Department of Health,NHS Bexley CCG,31/03/2019,C&M-PMS Prem Rates,PRC DELEGATED CO-COMMISSIONING,CROOK LOG SURGERY,26366756,"1,090.86",,LNW000017921
Department of Health,NHS Bexley CCG,31/03/2019,C&M-PMS QOF Aspiration,PRC DELEGATED CO-COMMISSIONING,CROOK LOG SURGERY,26366756,"6,217.94",,LNW000017921
Department of Health,NHS Bexley CCG,31/03/2019,Hcare Srv Rec NHS Trust-Contract Baseline,ACUTE COMMISSIONING,DARTFORD AND GRAVESHAM NHS TRUST,26275473,"3,032,856.71",177907267,1000058337
Department of Health,NHS Bexley CCG,31/03/2019,Hcare Srv Rec NHS Trust-Non Contract,NCAS/OATS,DARTFORD AND GRAVESHAM NHS TRUST,26397078,"155,143.29",177907267,1000058350
Department of Health,NHS Bexley CCG,31/03/2019,Hcare Srv Rec NHS Trust-Non Contract,NCAS/OATS,DARTFORD AND GRAVESHAM NHS TRUST,26430828,"155,143.29",177907267,1000058321
Department of Health,NHS Bexley CCG,31/03/2019,C&M-PMS Contract Value,PRC DELEGATED CO-COMMISSIONING,DR MCINTYRE & PARTNERS,26366758,"97,336.52",,LNW000017923
Department of Health,NHS Bexley CCG,31/03/2019,C&M-PMS DES Extended Hours Access,PRC DELEGATED CO-COMMISSIONING,DR MCINTYRE & PARTNERS,26366758,"6,585.40",,LNW000017923
Department of Health,NHS Bexley CCG,31/03/2019,C&M-PMS Funding Differential Review,PRC DELEGATED CO-COMMISSIONING,DR MCINTYRE & PARTNERS,26366758,"11,762.39",,LNW000017923
Department of Health,NHS Bexley CCG,31/03/2019,C&M-PMS PCO Seniority,PRC DELEGATED CO-COMMISSIONING,DR MCINTYRE & PARTNERS,26366758,"2,527.48",,LNW000017923
Department of Health,NHS Bexley CCG,31/03/2019,C&M-PMS Prem Notional Rent,PRC DELEGATED CO-COMMISSIONING,DR MCINTYRE & PARTNERS,26366758,"7,149.08",,LNW000017923
Department of Health,NHS Bexley CCG,31/03/2019,C&M-PMS QOF Aspiration,PRC DELEGATED CO-COMMISSIONING,DR MCINTYRE & PARTNERS,26366758,"10,460.76",,LNW000017923
Department of Health,NHS Bexley CCG,31/03/2019,C&M-PMS Contract Value,PRC DELEGATED CO-COMMISSIONING,DR SHARMA & PARTNERS ERITH,26366760,"55,862.14",,LNW000017925
Department of Health,NHS Bexley CCG,31/03/2019,C&M-PMS DES Extended Hours Access,PRC DELEGATED CO-COMMISSIONING,DR SHARMA & PARTNERS ERITH,26366760,"3,907.83",,LNW000017925
Department of Health,NHS Bexley CCG,31/03/2019,C&M-PMS DES Learn Dsblty Hlth Chk,PRC DELEGATED CO-COMMISSIONING,DR SHARMA & PARTNERS ERITH,26366760,980,,LNW000017925
Department of Health,NHS Bexley CCG,31/03/2019,C&M-PMS DES Minor Surgery,PRC DELEGATED CO-COMMISSIONING,DR SHARMA & PARTNERS ERITH,26366760,924.42,,LNW000017925
Department of Health,NHS Bexley CCG,31/03/2019,C&M-PMS Funding Differential Review,PRC DELEGATED CO-COMMISSIONING,DR SHARMA & PARTNERS ERITH,26366760,"6,731.58",,LNW000017925
Department of Health,NHS Bexley CCG,31/03/2019,C&M-PMS PCO Seniority,PRC DELEGATED CO-COMMISSIONING,DR SHARMA & PARTNERS ERITH,26366760,624.41,,LNW000017925
Department of Health,NHS Bexley CCG,31/03/2019,C&M-PMS Prem Notional Rent,PRC DELEGATED CO-COMMISSIONING,DR SHARMA & PARTNERS ERITH,26366760,"8,925.00",,LNW000017925
Department of Health,NHS Bexley CCG,31/03/2019,C&M-PMS Prem Rates,PRC DELEGATED CO-COMMISSIONING,DR SHARMA & PARTNERS ERITH,26366760,"2,128.01",,LNW000017925
Department of Health,NHS Bexley CCG,31/03/2019,C&M-PMS QOF Aspiration,PRC DELEGATED CO-COMMISSIONING,DR SHARMA & PARTNERS ERITH,26366760,"3,590.78",,LNW000017925
Department of Health,NHS Bexley CCG,31/03/2019,C&M-APMS Contract Value,PRC DELEGATED CO-COMMISSIONING,DR V BHALLA CAIRNGALL,26366778,"3,647.23",,LNW000017945
Department of Health,NHS Bexley CCG,31/03/2019,C&M-APMS DES Extended Hours Access,PRC DELEGATED CO-COMMISSIONING,DR V BHALLA CAIRNGALL,26366778,"4,256.95",,LNW000017945
Department of Health,NHS Bexley CCG,31/03/2019,C&M-APMS LES Caretaking Payments,PRC DELEGATED CO-COMMISSIONING,DR V BHALLA CAIRNGALL,26366778,"14,588.92",,LNW000017945
Department of Health,NHS Bexley CCG,31/03/2019,C&M-APMS OOH Opt Outs,PRC DELEGATED CO-COMMISSIONING,DR V BHALLA CAIRNGALL,26366778,"3,202.56",,LNW000017945
Department of Health,NHS Bexley CCG,31/03/2019,C&M-APMS Other FDR Payment,PRC DELEGATED CO-COMMISSIONING,DR V BHALLA CAIRNGALL,26366778,"4,471.50",,LNW000017945
Department of Health,NHS Bexley CCG,31/03/2019,C&M-APMS Prem Actual Rent,PRC DELEGATED CO-COMMISSIONING,DR V BHALLA CAIRNGALL,26366778,"6,069.00",,LNW000017945
Department of Health,NHS Bexley CCG,31/03/2019,C&M-APMS Prem Rates,PRC DELEGATED CO-COMMISSIONING,DR V BHALLA CAIRNGALL,26366778,"2,561.39",,LNW000017945
Department of Health,NHS Bexley CCG,31/03/2019,C&M-PMS Contract Value,PRC DELEGATED CO-COMMISSIONING,DR V BHALLA CAIRNGALL,26366778,"29,866.09",,LNW000017945
Department of Health,NHS Bexley CCG,31/03/2019,C&M-PMS QOF Aspiration,PRC DELEGATED CO-COMMISSIONING,DR V BHALLA CAIRNGALL,26366778,"4,080.56",,LNW000017945
Department of Health,NHS Bexley CCG,31/03/2019,Cont Care- Adult 100% Fully Funded,CHC ADULT FULLY FUNDED,FAIRLIE HOUSE,26571769,"198,274.95",,17638
Department of Health,NHS Bexley CCG,31/03/2019,Cont Care-Learning Disab(<65),CHC ADULT FULLY FUNDED,FAIRLIE HOUSE,26571769,"88,352.14",,17638
Department of Health,NHS Bexley CCG,31/03/2019,Clinical&Medical-Commercial Sector,PATIENT TRANSPORT,G4S HEALTH SERVICES UK LTD,26483299,"30,152.75",238560256,90339509
Department of Health,NHS Bexley CCG,31/03/2019,C&M-PMS Contract Value,PRC DELEGATED CO-COMMISSIONING,GOOD HEALTH PMS,26366762,"59,797.11",,LNW000017929
Department of Health,NHS Bexley CCG,31/03/2019,C&M-PMS DES Extended Hours Access,PRC DELEGATED CO-COMMISSIONING,GOOD HEALTH PMS,26366762,"5,527.58",,LNW000017929
Department of Health,NHS Bexley CCG,31/03/2019,C&M-PMS Funding Differential Review,PRC DELEGATED CO-COMMISSIONING,GOOD HEALTH PMS,26366762,"7,287.80",,LNW000017929
Department of Health,NHS Bexley CCG,31/03/2019,C&M-PMS PCO Seniority,PRC DELEGATED CO-COMMISSIONING,GOOD HEALTH PMS,26366762,686.81,,LNW000017929
Department of Health,NHS Bexley CCG,31/03/2019,C&M-PMS Prem Notional Rent,PRC DELEGATED CO-COMMISSIONING,GOOD HEALTH PMS,26366762,"2,020.83",,LNW000017929
Department of Health,NHS Bexley CCG,31/03/2019,C&M-PMS Prem Rates,PRC DELEGATED CO-COMMISSIONING,GOOD HEALTH PMS,26366762,645.7,,LNW000017929
Department of Health,NHS Bexley CCG,31/03/2019,C&M-PMS QOF Aspiration,PRC DELEGATED CO-COMMISSIONING,GOOD HEALTH PMS,26366762,"5,558.06",,LNW000017929
Department of Health,NHS Bexley CCG,31/03/2019,Hcare Srv Rec Fdtn Trust-Over/ Under Performance,ACUTE COMMISSIONING,GUYS & ST THOMAS HOSPITAL NHS FOUNDATION TRUST,26249491,"256,293.00",654923417,3248264
Department of Health,NHS Bexley CCG,31/03/2019,Hcare Srv Rec Fdtn Trust-Over/ Under Performance,ACUTE COMMISSIONING,GUYS & ST THOMAS HOSPITAL NHS FOUNDATION TRUST,26249493,"89,053.00",654923417,3250398
Department of Health,NHS Bexley CCG,31/03/2019,Hcare Srv Rec Fdtn Trust-Over/ Under Performance,ACUTE COMMISSIONING,GUYS & ST THOMAS HOSPITAL NHS FOUNDATION TRUST,26249494,"84,696.00",654923417,3251914
Department of Health,NHS Bexley CCG,31/03/2019,Hlthcre-Foundation Trsts,COMMUNITY SERVICES,GUYS & ST THOMAS HOSPITAL NHS FOUNDATION TRUST,26331759,"54,048.00",654923417,3257711
Department of Health,NHS Bexley CCG,31/03/2019,Hcare Srv Rec Fdtn Trust-Over/ Under Performance,ACUTE COMMISSIONING,GUYS & ST THOMAS HOSPITAL NHS FOUNDATION TRUST,26397072,"205,274.00",654923417,3254384
Department of Health,NHS Bexley CCG,31/03/2019,Hcare Srv Rec Fdtn Trust-Over/ Under Performance,ACUTE COMMISSIONING,GUYS & ST THOMAS HOSPITAL NHS FOUNDATION TRUST,26397073,"387,883.00",654923417,3255885
Department of Health,NHS Bexley CCG,31/03/2019,Hlthcre-Foundation Trsts,LONG TERM CONDITIONS,GUYS & ST THOMAS HOSPITAL NHS FOUNDATION TRUST,26558248,"62,000.00",654923417,3260043
Department of Health,NHS Bexley CCG,31/03/2019,Hlthcre-Foundation Trsts,LONG TERM CONDITIONS,GUYS & ST THOMAS HOSPITAL NHS FOUNDATION TRUST,26558259,"62,000.00",654923417,3260045
Department of Health,NHS Bexley CCG,31/03/2019,Hcare Srv Rec Fdtn Trust-Contract Baseline,PLANNED CARE,GUYS & ST THOMAS HOSPITAL NHS FOUNDATION TRUST,26571416,"150,959.00",654923417,3255814
Department of Health,NHS Bexley CCG,31/03/2019,Hcare Srv Rec Fdtn Trust-Contract Baseline,PLANNED CARE,GUYS & ST THOMAS HOSPITAL NHS FOUNDATION TRUST,26571620,"140,727.00",654923417,3258035
Department of Health,NHS Bexley CCG,31/03/2019,Hcare Srv Rec Fdtn Trust-Over/ Under Performance,ACUTE COMMISSIONING,GUYS & ST THOMAS HOSPITAL NHS FOUNDATION TRUST,26585022,"648,959.00",654923417,3259579
Department of Health,NHS Bexley CCG,31/03/2019,Apprenticeship Levy Payable,BALANCE SHEET,HMRC,26431518,447,,120PH005657701911
Department of Health,NHS Bexley CCG,31/03/2019,Income tax <1Yr,BALANCE SHEET,HMRC,26431518,"59,114.00",,120PH005657701911
Department of Health,NHS Bexley CCG,31/03/2019,Income tax <1Yr-Student Loans,BALANCE SHEET,HMRC,26431518,457,,120PH005657701911
Department of Health,NHS Bexley CCG,31/03/2019,National Insurance < 1 yr-NI- ERS,BALANCE SHEET,HMRC,26431518,"38,312.52",,120PH005657701911
Department of Health,NHS Bexley CCG,31/03/2019,National Insurance < 1 yr-NI-EES,BALANCE SHEET,HMRC,26431518,"25,572.44",,120PH005657701911
Department of Health,NHS Bexley CCG,31/03/2019,Statutory Mat Pay < 1 yr,BALANCE SHEET,HMRC,26431518,-534.28,,120PH005657701911
Department of Health,NHS Bexley CCG,31/03/2019,Clinical&Medical-Commercial Sector,COMMUNITY SERVICES,HURLEY GROUP,26249529,"25,326.60",,6353
Department of Health,NHS Bexley CCG,31/03/2019,Clinical&Medical-Commercial Sector,COMMUNITY SERVICES,HURLEY GROUP,26377063,"271,562.25",,6384
Department of Health,NHS Bexley CCG,31/03/2019,Hcare Srv Rec NHS Trust-Over/ Under Performance,ACUTE COMMISSIONING,IMPERIAL COLLEGE HEALTHCARE NHS TRUST,26585021,"38,593.56",654945990,H0170392
Department of Health,NHS Bexley CCG,31/03/2019,C&M-GMS DES Extended Hours Access,PRC DELEGATED CO-COMMISSIONING,INGELTON AVENUE,26474501,"2,426.30",,LNW000018102
Department of Health,NHS Bexley CCG,31/03/2019,C&M-GMS Global Sum,PRC DELEGATED CO-COMMISSIONING,INGELTON AVENUE,26474501,"32,491.28",,LNW000018102
Department of Health,NHS Bexley CCG,31/03/2019,C&M-GMS MPIG Correction Factor,PRC DELEGATED CO-COMMISSIONING,INGELTON AVENUE,26474501,"2,433.47",,LNW000018102
Department of Health,NHS Bexley CCG,31/03/2019,C&M-GMS Other FDR Payment,PRC DELEGATED CO-COMMISSIONING,INGELTON AVENUE,26474501,"2,323.63",,LNW000018102
Department of Health,NHS Bexley CCG,31/03/2019,C&M-GMS PCO Seniority,PRC DELEGATED CO-COMMISSIONING,INGELTON AVENUE,26474501,992.79,,LNW000018102
Department of Health,NHS Bexley CCG,31/03/2019,C&M-GMS Prem Notional Rent,PRC DELEGATED CO-COMMISSIONING,INGELTON AVENUE,26474501,"6,647.00",,LNW000018102
Department of Health,NHS Bexley CCG,31/03/2019,C&M-GMS QOF Aspiration,PRC DELEGATED CO-COMMISSIONING,INGELTON AVENUE,26474501,"2,864.55",,LNW000018102
Department of Health,NHS Bexley CCG,31/03/2019,Clinical&Medical-Commercial Sector,ACUTE COMMISSIONING,INHEALTH LTD,26397077,"53,901.94",787424685,IHLIN0013865
Department of Health,NHS Bexley CCG,31/03/2019,Hcare Srv Rec Fdtn Trust-Over/ Under Performance,ACUTE COMMISSIONING,KING`S COLLEGE HOSPITAL NHS FOUNDATION TRUST,26312584,"208,228.00",654926800,261458
Department of Health,NHS Bexley CCG,31/03/2019,Hcare Srv Rec Fdtn Trust-Over/ Under Performance,ACUTE COMMISSIONING,KING`S COLLEGE HOSPITAL NHS FOUNDATION TRUST,26312590,"347,697.00",654926800,262413
Department of Health,NHS Bexley CCG,31/03/2019,Clinical&Medical-Commercial Sector,COMMUNITY SERVICES,KING`S COLLEGE HOSPITAL NHS FOUNDATION TRUST,26558186,"1,212,946.58",654926800,268249
Department of Health,NHS Bexley CCG,31/03/2019,C&M-PMS Contract Value,PRC DELEGATED CO-COMMISSIONING,LAKESIDE MEDICAL,26366764,"104,441.79",,LNW000017931
Department of Health,NHS Bexley CCG,31/03/2019,C&M-PMS Cost of Drugs -Prescribing,LOCAL ENHANCED SERVICES,LAKESIDE MEDICAL,26366764,34.1,,LNW000017931
Department of Health,NHS Bexley CCG,31/03/2019,C&M-PMS DES Extended Hours Access,PRC DELEGATED CO-COMMISSIONING,LAKESIDE MEDICAL,26366764,"7,664.13",,LNW000017931
Department of Health,NHS Bexley CCG,31/03/2019,C&M-PMS Funding Differential Review,PRC DELEGATED CO-COMMISSIONING,LAKESIDE MEDICAL,26366764,"13,432.59",,LNW000017931
Department of Health,NHS Bexley CCG,31/03/2019,C&M-PMS PCO Seniority,PRC DELEGATED CO-COMMISSIONING,LAKESIDE MEDICAL,26366764,"4,259.12",,LNW000017931
Department of Health,NHS Bexley CCG,31/03/2019,C&M-PMS Prem Clinical Waste,PRC DELEGATED CO-COMMISSIONING,LAKESIDE MEDICAL,26366764,169.85,,LNW000017931
Department of Health,NHS Bexley CCG,31/03/2019,C&M-PMS Prem Healthcentre Rates,PRC DELEGATED CO-COMMISSIONING,LAKESIDE MEDICAL,26366764,"3,297.65",,LNW000017931
Department of Health,NHS Bexley CCG,31/03/2019,C&M-PMS Prem Healthcentre Rent,PRC DELEGATED CO-COMMISSIONING,LAKESIDE MEDICAL,26366764,"36,753.11",,LNW000017931
Department of Health,NHS Bexley CCG,31/03/2019,C&M-PMS Prem Water Rates,PRC DELEGATED CO-COMMISSIONING,LAKESIDE MEDICAL,26366764,324.24,,LNW000017931
Department of Health,NHS Bexley CCG,31/03/2019,C&M-PMS Prof fees Prescribing,PRC DELEGATED CO-COMMISSIONING,LAKESIDE MEDICAL,26366764,20.56,,LNW000017931
Department of Health,NHS Bexley CCG,31/03/2019,C&M-PMS QOF Aspiration,PRC DELEGATED CO-COMMISSIONING,LAKESIDE MEDICAL,26366764,"9,531.26",,LNW000017931
Department of Health,NHS Bexley CCG,31/03/2019,Hcare Srv Rec NHS Trust-Contract Baseline,ACUTE COMMISSIONING,LEWISHAM & GREENWICH NHS TRUST,26292837,"6,392,512.00",654928206,8495106
Department of Health,NHS Bexley CCG,31/03/2019,Recharge : Received,PRIMARY CARE IT,LEWISHAM & GREENWICH NHS TRUST,26639395,"34,362.00",654928206,8492231
Department of Health,NHS Bexley CCG,31/03/2019,Hcare Srv Rec NHS Trust-Over/ Under Performance,ACUTE COMMISSIONING,LEWISHAM & GREENWICH NHS TRUST,26639438,"172,290.00",654928206,8495539
Department of Health,NHS Bexley CCG,31/03/2019,Hcare Srv Rec NHS Trust-Contract Baseline,AMBULANCE SERVICES,LONDON AMBULANCE SERVICE NHS TRUST,26070807,"729,005.50",654967192,L0019868
Department of Health,NHS Bexley CCG,31/03/2019,Hcare Srv Rec NHS Trust-Contract Baseline,AMBULANCE SERVICES,LONDON AMBULANCE SERVICE NHS TRUST,26578494,"729,005.50",654967192,L0020080
Department of Health,NHS Bexley CCG,31/03/2019,Clinical&Medical-Othe Public Sector,CHILD AND ADOLESCENT MENTAL HEALTH,LONDON BOROUGH OF BEXLEY,26468060,"146,043.10",205788743,6400226022
Department of Health,NHS Bexley CCG,31/03/2019,C&M-PMS Contract Value,PRC DELEGATED CO-COMMISSIONING,LYNDHURST MEDICAL CENTRE,26366766,"68,694.56",,LNW000017933
Department of Health,NHS Bexley CCG,31/03/2019,C&M-PMS DES Extended Hours Access,PRC DELEGATED CO-COMMISSIONING,LYNDHURST MEDICAL CENTRE,26366766,"4,226.08",,LNW000017933
Department of Health,NHS Bexley CCG,31/03/2019,C&M-PMS DES Learn Dsblty Hlth Chk,PRC DELEGATED CO-COMMISSIONING,LYNDHURST MEDICAL CENTRE,26366766,"2,800.00",,LNW000017933
Department of Health,NHS Bexley CCG,31/03/2019,C&M-PMS Funding Differential Review,PRC DELEGATED CO-COMMISSIONING,LYNDHURST MEDICAL CENTRE,26366766,"10,156.57",,LNW000017933
Department of Health,NHS Bexley CCG,31/03/2019,C&M-PMS PCO Seniority,PRC DELEGATED CO-COMMISSIONING,LYNDHURST MEDICAL CENTRE,26366766,"1,726.34",,LNW000017933
Department of Health,NHS Bexley CCG,31/03/2019,C&M-PMS Prem Notional Rent,PRC DELEGATED CO-COMMISSIONING,LYNDHURST MEDICAL CENTRE,26366766,"11,126.50",,LNW000017933
Department of Health,NHS Bexley CCG,31/03/2019,C&M-PMS Prem Rates,PRC DELEGATED CO-COMMISSIONING,LYNDHURST MEDICAL CENTRE,26366766,801.15,,LNW000017933
Department of Health,NHS Bexley CCG,31/03/2019,C&M-PMS QOF Aspiration,PRC DELEGATED CO-COMMISSIONING,LYNDHURST MEDICAL CENTRE,26366766,"7,020.82",,LNW000017933
Department of Health,NHS Bexley CCG,31/03/2019,C&M-PMS Contract Value,PRC DELEGATED CO-COMMISSIONING,M THAVAPALAN & PARTNERS,26369080,"34,547.23",,LNW000017927
Department of Health,NHS Bexley CCG,31/03/2019,C&M-PMS DES Extended Hours Access,PRC DELEGATED CO-COMMISSIONING,M THAVAPALAN & PARTNERS,26369080,"2,078.13",,LNW000017927
Department of Health,NHS Bexley CCG,31/03/2019,C&M-PMS Funding Differential Review,PRC DELEGATED CO-COMMISSIONING,M THAVAPALAN & PARTNERS,26369080,"5,772.51",,LNW000017927
Department of Health,NHS Bexley CCG,31/03/2019,C&M-PMS PCO Seniority,PRC DELEGATED CO-COMMISSIONING,M THAVAPALAN & PARTNERS,26369080,"1,404.91",,LNW000017927
Department of Health,NHS Bexley CCG,31/03/2019,C&M-PMS Prem Notional Rent,PRC DELEGATED CO-COMMISSIONING,M THAVAPALAN & PARTNERS,26369080,"2,408.33",,LNW000017927
Department of Health,NHS Bexley CCG,31/03/2019,C&M-PMS Prem Rates,PRC DELEGATED CO-COMMISSIONING,M THAVAPALAN & PARTNERS,26369080,"1,707.76",,LNW000017927
Department of Health,NHS Bexley CCG,31/03/2019,C&M-PMS QOF Aspiration,PRC DELEGATED CO-COMMISSIONING,M THAVAPALAN & PARTNERS,26369080,"3,421.62",,LNW000017927
Department of Health,NHS Bexley CCG,31/03/2019,Clinical&Medical-Commercial Sector,MATERNITY SERVICES,MARIE STOPES INTERNATIONAL,26571472,"29,182.47",882426016,MS190021
Department of Health,NHS Bexley CCG,31/03/2019,Clinical&Medical-Commercial Sector,MATERNITY SERVICES,MARIE STOPES INTERNATIONAL,26571712,"25,288.16",882426016,MS190269
Department of Health,NHS Bexley CCG,31/03/2019,Clinical&Medical-Voluntary Sector,MENTAL HEALTH SERVICES - OTHER,MCCH SOCIETY LTD,26468058,"66,070.66",,SIN426308
Department of Health,NHS Bexley CCG,31/03/2019,Clinical&Medical-Voluntary Sector,MENTAL HEALTH SERVICES - OTHER,MCCH SOCIETY LTD,26468059,"66,070.66",,SIN426309
Department of Health,NHS Bexley CCG,31/03/2019,Hcare Srv Rec Fdtn Trust-Over/ Under Performance,ACUTE COMMISSIONING,MEDWAY NHS FOUNDATION TRUST,26249500,"116,676.00",654929496,1012950
Department of Health,NHS Bexley CCG,31/03/2019,Hcare Srv Rec Fdtn Trust-Contract Baseline,ACUTE COMMISSIONING,MEDWAY NHS FOUNDATION TRUST,26292844,"50,341.00",654929496,1013925
Department of Health,NHS Bexley CCG,31/03/2019,Hcare Srv Rec Fdtn Trust-Contract Baseline,ACUTE COMMISSIONING,MEDWAY NHS FOUNDATION TRUST,26578492,"50,341.00",654929496,1014327
Department of Health,NHS Bexley CCG,31/03/2019,Clinical&Medical-Voluntary Sector,IMPROVING ACCESS TO PSYCHOLOGICAL THERAPIES,MIND IN BEXLEY,26331763,"128,333.00",,694
Department of Health,NHS Bexley CCG,31/03/2019,Clinical&Medical-Voluntary Sector,IMPROVING ACCESS TO PSYCHOLOGICAL THERAPIES,MIND IN BEXLEY,26331768,"99,333.00",,689
Department of Health,NHS Bexley CCG,31/03/2019,Clinical&Medical-Voluntary Sector,MENTAL HEALTH SERVICES - OTHER,MIND IN BEXLEY,26331770,"54,400.00",,693
Department of Health,NHS Bexley CCG,31/03/2019,Hcare Srv Rec Fdtn Trust-Over/ Under Performance,ACUTE COMMISSIONING,MOORFIELDS EYE HOSPITAL NHS FOUNDATION TRUST,26249511,"43,409.00",654930716,IC0036577
Department of Health,NHS Bexley CCG,31/03/2019,Hcare Srv Rec NHS Trust,NHS 111,NHS BROMLEY CCG,26430810,"91,498.03",,7022701752
Department of Health,NHS Bexley CCG,31/03/2019,Hcare Srv Rec NHS Trust,NHS 111,NHS BROMLEY CCG,26430821,"93,966.06",,7022701836
Department of Health,NHS Bexley CCG,31/03/2019,Hcare Srv Rec NHS Trust,NHS 111,NHS BROMLEY CCG,26430823,"92,830.16",,7022701838
Department of Health,NHS Bexley CCG,31/03/2019,Hcare Srv Rec NHS Trust,NHS 111,NHS BROMLEY CCG,26430825,"25,466.70",,7022701856
Department of Health,NHS Bexley CCG,31/03/2019,Hcare Srv Rec NHS Trust,NHS 111,NHS BROMLEY CCG,26452782,"-25,466.70",,7022701866
Department of Health,NHS Bexley CCG,31/03/2019,Hcare Srv Rec NHS CCG-Non Contract,NCAS/OATS,NHS GREENWICH CCG,26249583,"81,299.47",654453234,7023405437
Department of Health,NHS Bexley CCG,31/03/2019,Charges from CSU,RECHARGES,NHS NEL CSU,26584997,"79,032.41",GB654442045,7312808566
Department of Health,NHS Bexley CCG,31/03/2019,Charges from CSU,RECHARGES,NHS NEL CSU,26585013,"79,032.41",GB654442045,7312808981
Department of Health,NHS Bexley CCG,31/03/2019,Recharge : Received,PROGRAMME PROJECTS,NHS SOUTHWARK CCG,26585030,"83,711.00",,7024702594
Department of Health,NHS Bexley CCG,31/03/2019,Clinical&Medical-Serv Recd-CCGs,COMMISSIONING,NHS SOUTHWARK CCG,26585032,"40,083.00",,7024702595
Department of Health,NHS Bexley CCG,31/03/2019,Hlthcre-Foundation Trsts,CHILD AND ADOLESCENT MENTAL HEALTH,OXLEAS NHS FOUNDATION TRUST,26284271,"40,764.00",654912620,55122
Department of Health,NHS Bexley CCG,31/03/2019,Hlthcre-Foundation Trsts,COMMUNITY SERVICES,OXLEAS NHS FOUNDATION TRUST,26331798,"229,220.00",654912620,55100
Department of Health,NHS Bexley CCG,31/03/2019,Hlthcre-Foundation Trsts,COMMUNITY SERVICES,OXLEAS NHS FOUNDATION TRUST,26331800,"94,670.00",654912620,55091
Department of Health,NHS Bexley CCG,31/03/2019,Hlthcre-Foundation Trsts,MENTAL HEALTH CONTRACTS,OXLEAS NHS FOUNDATION TRUST,26331801,"1,827,982.00",654912620,55101
Department of Health,NHS Bexley CCG,31/03/2019,Hlthcre-Foundation Trsts,COMMUNITY SERVICES,OXLEAS NHS FOUNDATION TRUST,26331803,"591,248.00",654912620,55093
Department of Health,NHS Bexley CCG,31/03/2019,Hlthcre-Foundation Trsts,COMMUNITY SERVICES,OXLEAS NHS FOUNDATION TRUST,26331804,"36,111.00",654912620,55190
Department of Health,NHS Bexley CCG,31/03/2019,Hlthcre-Foundation Trsts,COMMUNITY SERVICES,OXLEAS NHS FOUNDATION TRUST,26331805,"820,547.00",654912620,55083
Department of Health,NHS Bexley CCG,31/03/2019,Clinical&Medical-Drugs,PRESCRIBING,OXLEAS NHS FOUNDATION TRUST,26558263,"48,879.23",654912620,55514
Department of Health,NHS Bexley CCG,31/03/2019,Hlthcre-Foundation Trsts,COMMISSIONING SCHEMES,OXLEAS NHS FOUNDATION TRUST,26558272,"-30,375.00",654912620,5787
Department of Health,NHS Bexley CCG,31/03/2019,Hlthcre-Foundation Trsts,COMMISSIONING SCHEMES,OXLEAS NHS FOUNDATION TRUST,26571728,"319,502.25",654912620,55412
Department of Health,NHS Bexley CCG,31/03/2019,Hlthcre-Foundation Trsts,MENTAL HEALTH CONTRACTS,OXLEAS NHS FOUNDATION TRUST,26571731,"60,965.00",654912620,55487
Department of Health,NHS Bexley CCG,31/03/2019,Hcare Srv Rec Fdtn Trust-Non Contract,MENTAL HEALTH SERVICES - NOT CONTRACTED ACTIVITY,OXLEAS NHS FOUNDATION TRUST,26571872,"109,000.00",654912620,55497
Department of Health,NHS Bexley CCG,31/03/2019,Hcare Srv Rec Fdtn Trust-Non Contract,CHILD AND ADOLESCENT MENTAL HEALTH,OXLEAS NHS FOUNDATION TRUST,26665024,"61,689.00",654912620,55498
Department of Health,NHS Bexley CCG,31/03/2019,Clinical&Medical-Independent Sector,COMMUNITY SERVICES,PHYSIOLOGICAL MEASUREMENTS LTD,26468054,"37,139.00",878459651,BEX1902
Department of Health,NHS Bexley CCG,31/03/2019,C&M-GMS Cost of Drugs -Prescribing,LOCAL ENHANCED SERVICES,PLAS MEDDYG SURGERY,26474505,"1,397.00",,LNW000018106
Department of Health,NHS Bexley CCG,31/03/2019,C&M-GMS DES Extended Hours Access,PRC DELEGATED CO-COMMISSIONING,PLAS MEDDYG SURGERY,26474505,"3,438.05",,LNW000018106
Department of Health,NHS Bexley CCG,31/03/2019,C&M-GMS Global Sum,PRC DELEGATED CO-COMMISSIONING,PLAS MEDDYG SURGERY,26474505,"48,660.44",,LNW000018106
Department of Health,NHS Bexley CCG,31/03/2019,C&M-GMS MPIG Correction Factor,PRC DELEGATED CO-COMMISSIONING,PLAS MEDDYG SURGERY,26474505,468.96,,LNW000018106
Department of Health,NHS Bexley CCG,31/03/2019,C&M-GMS Other FDR Payment,PRC DELEGATED CO-COMMISSIONING,PLAS MEDDYG SURGERY,26474505,"3,471.13",,LNW000018106
Department of Health,NHS Bexley CCG,31/03/2019,C&M-GMS PCO Seniority,PRC DELEGATED CO-COMMISSIONING,PLAS MEDDYG SURGERY,26474505,908.57,,LNW000018106
Department of Health,NHS Bexley CCG,31/03/2019,C&M-GMS Prem Notional Rent,PRC DELEGATED CO-COMMISSIONING,PLAS MEDDYG SURGERY,26474505,"4,488.92",,LNW000018106
Department of Health,NHS Bexley CCG,31/03/2019,C&M-GMS Prem Rates,PRC DELEGATED CO-COMMISSIONING,PLAS MEDDYG SURGERY,26474505,"2,735.93",,LNW000018106
Department of Health,NHS Bexley CCG,31/03/2019,C&M-GMS Prof Fees Prescribing,PRC DELEGATED CO-COMMISSIONING,PLAS MEDDYG SURGERY,26474505,244.15,,LNW000018106
Department of Health,NHS Bexley CCG,31/03/2019,C&M-GMS QOF Aspiration,PRC DELEGATED CO-COMMISSIONING,PLAS MEDDYG SURGERY,26474505,"5,069.51",,LNW000018106
Department of Health,NHS Bexley CCG,31/03/2019,Hcare Srv Rec Fdtn Trust-Contract Baseline,ACUTE COMMISSIONING,QUEEN VICTORIA HOSPITAL NHS FOUNDATION TRUST,26397618,"34,812.00",654946595,2010018363
Department of Health,NHS Bexley CCG,31/03/2019,Hcare Srv Rec Fdtn Trust-Non Contract,NCAS/OATS,ROYAL BROMPTON & HAREFIELD NHS FOUNDATION TRUST,26249496,"63,851.80",654968091,N003425
Department of Health,NHS Bexley CCG,31/03/2019,Hcare Srv Rec Fdtn Trust-Non Contract,NCAS/OATS,ROYAL MARSDEN NHS FOUNDATION TRUST (THE),26249551,"25,834.00",65 4947396,45758615
Department of Health,NHS Bexley CCG,31/03/2019,Hcare Srv Rec NHS Trust-Non Contract,NCAS/OATS,ROYAL NATIONAL ORTHOPAEDIC HOSPITAL NHS TRUST,26331837,"29,702.00",654947494,E0051152
Department of Health,NHS Bexley CCG,31/03/2019,C&M-PMS Contract Value,PRC DELEGATED CO-COMMISSIONING,SIDCUP MEDICAL CENTRE,26366768,"87,887.97",,LNW000017935
Department of Health,NHS Bexley CCG,31/03/2019,C&M-PMS DES Extended Hours Access,PRC DELEGATED CO-COMMISSIONING,SIDCUP MEDICAL CENTRE,26366768,"4,394.70",,LNW000017935
Department of Health,NHS Bexley CCG,31/03/2019,C&M-PMS Funding Differential Review,PRC DELEGATED CO-COMMISSIONING,SIDCUP MEDICAL CENTRE,26366768,"12,633.06",,LNW000017935
Department of Health,NHS Bexley CCG,31/03/2019,C&M-PMS PCO Seniority,PRC DELEGATED CO-COMMISSIONING,SIDCUP MEDICAL CENTRE,26366768,"1,267.69",,LNW000017935
Department of Health,NHS Bexley CCG,31/03/2019,C&M-PMS Prem Notional Rent,PRC DELEGATED CO-COMMISSIONING,SIDCUP MEDICAL CENTRE,26366768,"21,760.44",,LNW000017935
Department of Health,NHS Bexley CCG,31/03/2019,C&M-PMS QOF Aspiration,PRC DELEGATED CO-COMMISSIONING,SIDCUP MEDICAL CENTRE,26366768,"8,568.96",,LNW000017935
Department of Health,NHS Bexley CCG,31/03/2019,Hlthcre-Foundation Trsts,MENTAL HEALTH CONTRACTS,SOUTH LONDON AND MAUDSLEY NHS FOUNDATION TRUST,26468048,"37,232.00",654971403,M0122185
Department of Health,NHS Bexley CCG,31/03/2019,Hlthcre-Foundation Trsts,MENTAL HEALTH CONTRACTS,SOUTH LONDON AND MAUDSLEY NHS FOUNDATION TRUST,26665017,"31,479.00",654971403,B0008875
Department of Health,NHS Bexley CCG,31/03/2019,Clinical&Medical-Commercial Sector,NCAS/OATS,SPECSAVERS HEARCARE LTD,26571604,"28,347.70",GB 202995603,20770451
Department of Health,NHS Bexley CCG,31/03/2019,C&M-PMS Contract Value,PRC DELEGATED CO-COMMISSIONING,STATION ROAD SURGERY SIDCUP,26366770,"66,286.49",,LNW000017937
Department of Health,NHS Bexley CCG,31/03/2019,C&M-PMS DES Extended Hours Access,PRC DELEGATED CO-COMMISSIONING,STATION ROAD SURGERY SIDCUP,26366770,"4,796.55",,LNW000017937
Department of Health,NHS Bexley CCG,31/03/2019,C&M-PMS Funding Differential Review,PRC DELEGATED CO-COMMISSIONING,STATION ROAD SURGERY SIDCUP,26366770,"8,385.46",,LNW000017937
Department of Health,NHS Bexley CCG,31/03/2019,C&M-PMS PCO Seniority,PRC DELEGATED CO-COMMISSIONING,STATION ROAD SURGERY SIDCUP,26366770,"3,727.93",,LNW000017937
Department of Health,NHS Bexley CCG,31/03/2019,C&M-PMS Prem Notional Rent,PRC DELEGATED CO-COMMISSIONING,STATION ROAD SURGERY SIDCUP,26366770,"4,647.67",,LNW000017937
Department of Health,NHS Bexley CCG,31/03/2019,C&M-PMS Prem Rates,PRC DELEGATED CO-COMMISSIONING,STATION ROAD SURGERY SIDCUP,26366770,"1,582.38",,LNW000017937
Department of Health,NHS Bexley CCG,31/03/2019,C&M-PMS QOF Aspiration,PRC DELEGATED CO-COMMISSIONING,STATION ROAD SURGERY SIDCUP,26366770,"6,027.90",,LNW000017937
Department of Health,NHS Bexley CCG,31/03/2019,Hcare Srv Rec Fdtn Trust-Contract Baseline,ACUTE COMMISSIONING,UNIVERSITY COLLEGE LONDON HOSPITALS NHS FOUNDATION TRUST,26255055,"84,273.00",654948687,5010194083
Department of Health,NHS Bexley CCG,31/03/2019,Hcare Srv Rec Fdtn Trust-Over/ Under Performance,ACUTE COMMISSIONING,UNIVERSITY COLLEGE LONDON HOSPITALS NHS FOUNDATION TRUST,26265226,"92,675.00",654948687,5010188150
Department of Health,NHS Bexley CCG,31/03/2019,C&M-PMS Contract Value,PRC DELEGATED CO-COMMISSIONING,WELLING MEDICAL,26366774,"81,746.70",,LNW000017941
Department of Health,NHS Bexley CCG,31/03/2019,C&M-PMS DES Extended Hours Access,PRC DELEGATED CO-COMMISSIONING,WELLING MEDICAL,26366774,"5,803.55",,LNW000017941
Department of Health,NHS Bexley CCG,31/03/2019,C&M-PMS Funding Differential Review,PRC DELEGATED CO-COMMISSIONING,WELLING MEDICAL,26366774,"10,169.41",,LNW000017941
Department of Health,NHS Bexley CCG,31/03/2019,C&M-PMS PCO Other,PRC DELEGATED CO-COMMISSIONING,WELLING MEDICAL,26366774,"8,005.00",,LNW000017941
Department of Health,NHS Bexley CCG,31/03/2019,C&M-PMS PCO Seniority,PRC DELEGATED CO-COMMISSIONING,WELLING MEDICAL,26366774,"1,299.84",,LNW000017941
Department of Health,NHS Bexley CCG,31/03/2019,C&M-PMS Prem Notional Rent,PRC DELEGATED CO-COMMISSIONING,WELLING MEDICAL,26366774,"7,162.50",,LNW000017941
Department of Health,NHS Bexley CCG,31/03/2019,C&M-PMS Prem Rates,PRC DELEGATED CO-COMMISSIONING,WELLING MEDICAL,26366774,"2,687.83",,LNW000017941
Department of Health,NHS Bexley CCG,31/03/2019,C&M-PMS Prem Water Rates,PRC DELEGATED CO-COMMISSIONING,WELLING MEDICAL,26366774,571.75,,LNW000017941
Department of Health,NHS Bexley CCG,31/03/2019,C&M-PMS QOF Aspiration,PRC DELEGATED CO-COMMISSIONING,WELLING MEDICAL,26366774,"8,781.52",,LNW000017941
Department of Health,NHS Bexley CCG,31/03/2019,C&M-PMS Contract Value,PRC DELEGATED CO-COMMISSIONING,WESTWOOD SURGERY,26366772,"58,702.51",,LNW000017939
Department of Health,NHS Bexley CCG,31/03/2019,C&M-PMS DES Extended Hours Access,PRC DELEGATED CO-COMMISSIONING,WESTWOOD SURGERY,26366772,"4,385.68",,LNW000017939
Department of Health,NHS Bexley CCG,31/03/2019,C&M-PMS DES Minor Surgery,PRC DELEGATED CO-COMMISSIONING,WESTWOOD SURGERY,26366772,"3,081.40",,LNW000017939
Department of Health,NHS Bexley CCG,31/03/2019,C&M-PMS Funding Differential Review,PRC DELEGATED CO-COMMISSIONING,WESTWOOD SURGERY,26366772,"7,143.99",,LNW000017939
Department of Health,NHS Bexley CCG,31/03/2019,C&M-PMS PCO Seniority,PRC DELEGATED CO-COMMISSIONING,WESTWOOD SURGERY,26366772,469.21,,LNW000017939
Department of Health,NHS Bexley CCG,31/03/2019,C&M-PMS Prem Notional Rent,PRC DELEGATED CO-COMMISSIONING,WESTWOOD SURGERY,26366772,"6,008.33",,LNW000017939
Department of Health,NHS Bexley CCG,31/03/2019,C&M-PMS Prem Rates,PRC DELEGATED CO-COMMISSIONING,WESTWOOD SURGERY,26366772,"2,053.59",,LNW000017939
Department of Health,NHS Bexley CCG,31/03/2019,C&M-PMS Prem Water Rates,PRC DELEGATED CO-COMMISSIONING,WESTWOOD SURGERY,26366772,17.66,,LNW000017939
Department of Health,NHS Bexley CCG,31/03/2019,C&M-PMS QOF Aspiration,PRC DELEGATED CO-COMMISSIONING,WESTWOOD SURGERY,26366772,"6,214.69",,LNW000017939
Department of Health,NHS Bexley CCG,31/03/2019,C&M-PMS Contract Value,PRC DELEGATED CO-COMMISSIONING,WOODLANDS IN SIDCUP,26366776,"65,760.77",,LNW000017943
Department of Health,NHS Bexley CCG,31/03/2019,C&M-PMS DES Extended Hours Access,PRC DELEGATED CO-COMMISSIONING,WOODLANDS IN SIDCUP,26366776,"4,738.60",,LNW000017943
Department of Health,NHS Bexley CCG,31/03/2019,C&M-PMS DES Learn Dsblty Hlth Chk,PRC DELEGATED CO-COMMISSIONING,WOODLANDS IN SIDCUP,26366776,840,,LNW000017943
Department of Health,NHS Bexley CCG,31/03/2019,C&M-PMS Funding Differential Review,PRC DELEGATED CO-COMMISSIONING,WOODLANDS IN SIDCUP,26366776,"8,018.64",,LNW000017943
Department of Health,NHS Bexley CCG,31/03/2019,C&M-PMS PCO Seniority,PRC DELEGATED CO-COMMISSIONING,WOODLANDS IN SIDCUP,26366776,"3,406.64",,LNW000017943
Department of Health,NHS Bexley CCG,31/03/2019,C&M-PMS Prem Notional Rent,PRC DELEGATED CO-COMMISSIONING,WOODLANDS IN SIDCUP,26366776,"5,808.33",,LNW000017943
Department of Health,NHS Bexley CCG,31/03/2019,C&M-PMS Prem Rates,PRC DELEGATED CO-COMMISSIONING,WOODLANDS IN SIDCUP,26366776,"2,287.74",,LNW000017943
Department of Health,NHS Bexley CCG,31/03/2019,C&M-PMS QOF Aspiration,PRC DELEGATED CO-COMMISSIONING,WOODLANDS IN SIDCUP,26366776,"7,122.78",,LNW000017943
Department of Health,NHS Bexley CCG,31/03/2019,Computer Hardware Purch,PRIMARY CARE IT,XMA LTD,26577290,"59,567.04",115091937,KP96815
