Department family,Entity,Date,Expense Type,Expense area,Supplier,Transaction number,AP Amount (�),VAT registration number,Purchase invoice number
Department of Health,NHS Eastbourne Hailsham&Seaford CCG,28/02/2019,Clinical&Medical-Commercial Sector,OUT OF HOURS,INTEGRATED CARE 24 LTD,25838780,-36437.44,991241024,9027
Department of Health,NHS Eastbourne Hailsham&Seaford CCG,28/02/2019,Other Transport Costs,PATIENT TRANSPORT,NHS HIGH WEALD LEWES HAVENS CCG,25838791,677524,654458611,7030701688
Department of Health,NHS Eastbourne Hailsham&Seaford CCG,28/02/2019,Services From Local Authorities,CHILD AND ADOLESCENT MENTAL HEALTH,EAST SUSSEX COUNTY COUNCIL,25838796,26052,191803754,8003058706
Department of Health,NHS Eastbourne Hailsham&Seaford CCG,28/02/2019,Cont Care- Adult 100% Fully Funded,CHC ADULT FULLY FUNDED,NHS HASTINGS & ROTHER CCG,25838814,512129,,7026401856
Department of Health,NHS Eastbourne Hailsham&Seaford CCG,28/02/2019,Healthcare Srv Rec CCG,CONTINUING HEALTHCARE ASSESSMENT & SUPPORT,NHS HASTINGS & ROTHER CCG,25838819,324165,,7026401858
Department of Health,NHS Eastbourne Hailsham&Seaford CCG,28/02/2019,Clinical&Medical-Commercial Sector,OUT OF HOURS,INTEGRATED CARE 24 LTD,25838822,119898.08,991241024,2550
Department of Health,NHS Eastbourne Hailsham&Seaford CCG,28/02/2019,Hcare Srv Rec NHS Trust-Over/ Under Performance,ACUTE COMMISSIONING,HC ONE OVAL LTD,25838829,-57239.77,218 770886,POLC014176
Department of Health,NHS Eastbourne Hailsham&Seaford CCG,28/02/2019,Hcare Srv Rec NHS Trust-Over/ Under Performance,ACUTE COMMISSIONING,HC ONE OVAL LTD,25838840,-26000.07,218 770886,POLC013907
Department of Health,NHS Eastbourne Hailsham&Seaford CCG,28/02/2019,Accruals <1Yr-Inter Comm-CCG,BALANCE SHEET,NHS HASTINGS & ROTHER CCG,25856268,194004.13,,7026401855
Department of Health,NHS Eastbourne Hailsham&Seaford CCG,28/02/2019,Hcare Srv Rec NHS Trust-Over/ Under Performance,ACUTE COMMISSIONING,HC ONE OVAL LTD,25856269,-44777.91,218 770886,POLC014007
Department of Health,NHS Eastbourne Hailsham&Seaford CCG,28/02/2019,Hcare Srv Rec NHS Trust-Over/ Under Performance,ACUTE COMMISSIONING,HC ONE OVAL LTD,25856270,-44777.91,218 770886,POLC014091
Department of Health,NHS Eastbourne Hailsham&Seaford CCG,28/02/2019,Hcare Srv Rec NHS Trust-Contract Baseline,ACUTE COMMISSIONING,HC ONE OVAL LTD,25871549,44777.91,218 770886,POL014007
Department of Health,NHS Eastbourne Hailsham&Seaford CCG,28/02/2019,Hcare Srv Rec NHS Trust-Contract Baseline,ACUTE COMMISSIONING,HC ONE OVAL LTD,25871578,44777.91,218 770886,POL014091
Department of Health,NHS Eastbourne Hailsham&Seaford CCG,28/02/2019,Cont Care-Funded Nursing Care Allow,FUNDED NURSING CARE,ABUNDANT GRACE,25891869,37342.07,,09FIPF001409
Department of Health,NHS Eastbourne Hailsham&Seaford CCG,28/02/2019,Cont Care-Funded Nursing Care Allow,FUNDED NURSING CARE,HAILSHAM HOUSE NURSING HOME,25891882,60778.4,,09FIPF001422
Department of Health,NHS Eastbourne Hailsham&Seaford CCG,28/02/2019,Cont Care-Funded Nursing Care Allow,FUNDED NURSING CARE,INGLEWOOD NURSING HOME,25891884,27610.14,,09FIPF001424
Department of Health,NHS Eastbourne Hailsham&Seaford CCG,28/02/2019,Cont Care-Funded Nursing Care Allow,FUNDED NURSING CARE,PENTLOW NURSING HOME LTD,25891887,26774.13,,09FIPF001427
Department of Health,NHS Eastbourne Hailsham&Seaford CCG,28/02/2019,Cont Care-Funded Nursing Care Allow,FUNDED NURSING CARE,LIFE STYLE CARE PLC,25891891,40647,,09FIPF001431
Department of Health,NHS Eastbourne Hailsham&Seaford CCG,28/02/2019,Cont Care-Funded Nursing Care Allow,FUNDED NURSING CARE,SUNRISE SENIOR LIVING EASTBOURNE,25891892,34930.62,,09FIPF001432
Department of Health,NHS Eastbourne Hailsham&Seaford CCG,28/02/2019,Other Gen Supplies & Srv,PRIMARY CARE INVESTMENTS,SOUTH DOWNS HEALTH AND CARE LTD,25904046,49567,,39
Department of Health,NHS Eastbourne Hailsham&Seaford CCG,28/02/2019,Charges from CSU,FINANCE,NHS SOUTH CENTRAL AND WEST COMMISSIONING SUPPORT UNIT,25904235,61677.15,,7312708185
Department of Health,NHS Eastbourne Hailsham&Seaford CCG,28/02/2019,Hcare Srv Rec Fdtn Trust-Contract Baseline,ACUTE COMMISSIONING,KING`S COLLEGE HOSPITAL NHS FOUNDATION TRUST,25947976,40313,654926800,266657
Department of Health,NHS Eastbourne Hailsham&Seaford CCG,28/02/2019,Clinical&Medical-Independent Sector,ACUTE COMMISSIONING,BMI HEALTHCARE LTD,25947979,41552.49,GB235134980,103677
Department of Health,NHS Eastbourne Hailsham&Seaford CCG,28/02/2019,Clinical&Medical-Independent Sector,ACUTE COMMISSIONING,ESOPS,25947988,46600,,EHS0219MP
Department of Health,NHS Eastbourne Hailsham&Seaford CCG,28/02/2019,Hcare Srv Rec NHS Trust-Contract Baseline,ACUTE COMMISSIONING,MAIDSTONE AND TUNBRIDGE WELLS NHS TRUST,25947993,56584,654972595,4000114589
Department of Health,NHS Eastbourne Hailsham&Seaford CCG,28/02/2019,Clinical&Medical-Independent Sector,ACUTE COMMISSIONING,INTEGRATED CARDIOLOGY SOLUTIONS LTD,25947997,25000,,EHS190201
Department of Health,NHS Eastbourne Hailsham&Seaford CCG,28/02/2019,Hcare Srv Rec Fdtn Trust-Contract Baseline,ACUTE COMMISSIONING,WESTERN SUSSEX HOSPITALS NHS FOUNDATION TRUST,25948014,35650,65 4439322,1500035364
Department of Health,NHS Eastbourne Hailsham&Seaford CCG,28/02/2019,Hcare Srv Rec Fdtn Trust-Contract Baseline,COMMUNITY SERVICES,SUSSEX COMMUNITY NHS FOUNDATION TRUST,25948018,77276.88,654941317,11139041
Department of Health,NHS Eastbourne Hailsham&Seaford CCG,28/02/2019,Hcare Srv Rec Fdtn Trust-Contract Baseline,NHS 111,SOUTH EAST COAST AMBULANCE SERVICE NHS FOUNDATION TRUST,25948028,61909.67,654434925,7881615
Department of Health,NHS Eastbourne Hailsham&Seaford CCG,28/02/2019,Hcare Srv Rec NHS Trust-Contract Baseline,ACUTE COMMISSIONING,BRIGHTON AND SUSSEX UNIVERSITY HOSPITALS NHS TRUST,25948030,892214,654913715,162027
Department of Health,NHS Eastbourne Hailsham&Seaford CCG,28/02/2019,Hcare Srv Rec Fdtn Trust-Contract Baseline,MENTAL HEALTH CONTRACTS,SUSSEX PARTNERSHIP NHS FOUNDATION TRUST,25948034,1608252,654422543,6472675
Department of Health,NHS Eastbourne Hailsham&Seaford CCG,28/02/2019,Accruals <1Yr-Inter Comm-CCG,BALANCE SHEET,NHS HASTINGS & ROTHER CCG,25948038,938159.58,,7026401860
Department of Health,NHS Eastbourne Hailsham&Seaford CCG,28/02/2019,Hcare Srv Rec NHS Trust-Contract Baseline,ACUTE COMMISSIONING,EAST SUSSEX HEALTHCARE NHS TRUST,25948042,12367052.84,654418039,131528
Department of Health,NHS Eastbourne Hailsham&Seaford CCG,28/02/2019,Hcare Srv Rec NHS Trust-Contract Baseline,ACUTE COMMISSIONING,HC ONE OVAL LTD,25964235,26000.07,218 770886,POL013907
Department of Health,NHS Eastbourne Hailsham&Seaford CCG,28/02/2019,Hcare Srv Rec NHS Trust-Contract Baseline,ACUTE COMMISSIONING,HC ONE OVAL LTD,25964297,57239.77,218 770886,POL014176
Department of Health,NHS Eastbourne Hailsham&Seaford CCG,28/02/2019,Hcare Srv Rec Fdtn Trust-Contract Baseline,ACUTE CHILDRENS SERVICES,KENT COMMUNITY HEALTH NHS FOUNDATION TRUST,25964514,107378,654440093,24065705
Department of Health,NHS Eastbourne Hailsham&Seaford CCG,28/02/2019,Hcare Srv Rec Fdtn Trust-Contract Baseline,ACUTE COMMISSIONING,GUYS & ST THOMAS HOSPITAL NHS FOUNDATION TRUST,25964567,132619,654923417,3255654
Department of Health,NHS Eastbourne Hailsham&Seaford CCG,28/02/2019,Hcare Srv Rec Fdtn Trust-Contract Baseline,ACUTE COMMISSIONING,UNIVERSITY COLLEGE LONDON HOSPITALS NHS FOUNDATION TRUST,25964589,35512,654948687,5010189678
Department of Health,NHS Eastbourne Hailsham&Seaford CCG,28/02/2019,Hcare Srv Rec Fdtn Trust-Contract Baseline,AMBULANCE SERVICES,SOUTH EAST COAST AMBULANCE SERVICE NHS FOUNDATION TRUST,25964661,885536.52,654434925,7881659
Department of Health,NHS Eastbourne Hailsham&Seaford CCG,28/02/2019,Cont Care- Adult 100% Fully Funded,CHC ADULT FULLY FUNDED,NHS HASTINGS & ROTHER CCG,25965002,512129,,7026401879
Department of Health,NHS Eastbourne Hailsham&Seaford CCG,28/02/2019,Hcare Srv Rec Fdtn Trust-Contract Baseline,ACUTE COMMISSIONING,QUEEN VICTORIA HOSPITAL NHS FOUNDATION TRUST,25965011,117268,654946595,2010018124
Department of Health,NHS Eastbourne Hailsham&Seaford CCG,28/02/2019,Cont Care-Funded Nursing Care Allow,FUNDED NURSING CARE,OAKLAND PRIMECARE LTD,25997543,25915.62,,09FIPF001436
Department of Health,NHS Eastbourne Hailsham&Seaford CCG,28/02/2019,Clinical&Medical-Independent Sector,ACUTE COMMISSIONING,ESOPS,26026545,30770.58,,EHS1018ACTIVITY
Department of Health,NHS Eastbourne Hailsham&Seaford CCG,28/02/2019,Clinical&Medical-Independent Sector,ACUTE COMMISSIONING,NHS HIGH WEALD LEWES HAVENS CCG,26026569,1412528,654458611,7030701693
Department of Health,NHS Eastbourne Hailsham&Seaford CCG,28/02/2019,NHS AP InterComm NHSE-CCG Accruals,BALANCE SHEET,NHS HASTINGS & ROTHER CCG,26026572,60869.03,,7026401861
Department of Health,NHS Eastbourne Hailsham&Seaford CCG,28/02/2019,Clinical&Medical-Independent Sector,ACUTE COMMISSIONING,HEALOGICS WOUND HEALING CENTRES,26026577,39934.76,,107475
Department of Health,NHS Eastbourne Hailsham&Seaford CCG,28/02/2019,C&M-GMS Cost of Drugs -Prescribing,LOCAL ENHANCED SERVICES,DOWNLANDS MEDICAL CENTRE,26041018,6894.98,,TE000036616
Department of Health,NHS Eastbourne Hailsham&Seaford CCG,28/02/2019,C&M-GMS DES Learn Dsblty Hlth Chk,PRC DELEGATED CO-COMMISSIONING,DOWNLANDS MEDICAL CENTRE,26041018,1260,,TE000036616
Department of Health,NHS Eastbourne Hailsham&Seaford CCG,28/02/2019,C&M-GMS Global Sum,PRC DELEGATED CO-COMMISSIONING,DOWNLANDS MEDICAL CENTRE,26041018,89296.25,,TE000036616
Department of Health,NHS Eastbourne Hailsham&Seaford CCG,28/02/2019,C&M-GMS PCO Other,PRC DELEGATED CO-COMMISSIONING,DOWNLANDS MEDICAL CENTRE,26041018,741.15,,TE000036616
Department of Health,NHS Eastbourne Hailsham&Seaford CCG,28/02/2019,C&M-GMS Prem Actual Rent,PRC DELEGATED CO-COMMISSIONING,DOWNLANDS MEDICAL CENTRE,26041018,3666.67,,TE000036616
Department of Health,NHS Eastbourne Hailsham&Seaford CCG,28/02/2019,C&M-GMS Prof Fees Prescribing,PRC DELEGATED CO-COMMISSIONING,DOWNLANDS MEDICAL CENTRE,26041018,688.76,,TE000036616
Department of Health,NHS Eastbourne Hailsham&Seaford CCG,28/02/2019,C&M-GMS QOF Aspiration,PRC DELEGATED CO-COMMISSIONING,DOWNLANDS MEDICAL CENTRE,26041018,11723.17,,TE000036616
Department of Health,NHS Eastbourne Hailsham&Seaford CCG,28/02/2019,C&M-GMS Cost of Drugs -Prescribing,LOCAL ENHANCED SERVICES,DR ADOKI & PTNR,26041020,3263,,TE000036618
Department of Health,NHS Eastbourne Hailsham&Seaford CCG,28/02/2019,C&M-GMS DES Learn Dsblty Hlth Chk,PRC DELEGATED CO-COMMISSIONING,DR ADOKI & PTNR,26041020,140,,TE000036618
Department of Health,NHS Eastbourne Hailsham&Seaford CCG,28/02/2019,C&M-GMS Global Sum,PRC DELEGATED CO-COMMISSIONING,DR ADOKI & PTNR,26041020,48050.08,,TE000036618
Department of Health,NHS Eastbourne Hailsham&Seaford CCG,28/02/2019,C&M-GMS Other FDR Payment,PRC DELEGATED CO-COMMISSIONING,DR ADOKI & PTNR,26041020,1209.71,,TE000036618
Department of Health,NHS Eastbourne Hailsham&Seaford CCG,28/02/2019,C&M-GMS Prem Actual Rent,PRC DELEGATED CO-COMMISSIONING,DR ADOKI & PTNR,26041020,11165,,TE000036618
Department of Health,NHS Eastbourne Hailsham&Seaford CCG,28/02/2019,C&M-GMS Prof Fees Prescribing,PRC DELEGATED CO-COMMISSIONING,DR ADOKI & PTNR,26041020,424.05,,TE000036618
Department of Health,NHS Eastbourne Hailsham&Seaford CCG,28/02/2019,C&M-GMS QOF Aspiration,PRC DELEGATED CO-COMMISSIONING,DR ADOKI & PTNR,26041020,4902.94,,TE000036618
Department of Health,NHS Eastbourne Hailsham&Seaford CCG,28/02/2019,C&M-GMS Cost of Drugs -Prescribing,LOCAL ENHANCED SERVICES,DR BAIG & PARTNERS,26041022,4775.91,,TE000036620
Department of Health,NHS Eastbourne Hailsham&Seaford CCG,28/02/2019,C&M-GMS DES Learn Dsblty Hlth Chk,PRC DELEGATED CO-COMMISSIONING,DR BAIG & PARTNERS,26041022,560,,TE000036620
Department of Health,NHS Eastbourne Hailsham&Seaford CCG,28/02/2019,C&M-GMS Global Sum,PRC DELEGATED CO-COMMISSIONING,DR BAIG & PARTNERS,26041022,95935.53,,TE000036620
Department of Health,NHS Eastbourne Hailsham&Seaford CCG,28/02/2019,C&M-GMS Prem Actual Rent,PRC DELEGATED CO-COMMISSIONING,DR BAIG & PARTNERS,26041022,1583.33,,TE000036620
Department of Health,NHS Eastbourne Hailsham&Seaford CCG,28/02/2019,C&M-GMS Prem Rates,PRC DELEGATED CO-COMMISSIONING,DR BAIG & PARTNERS,26041022,19915,,TE000036620
Department of Health,NHS Eastbourne Hailsham&Seaford CCG,28/02/2019,C&M-GMS Prem Water Rates,PRC DELEGATED CO-COMMISSIONING,DR BAIG & PARTNERS,26041022,367.67,,TE000036620
Department of Health,NHS Eastbourne Hailsham&Seaford CCG,28/02/2019,C&M-GMS Prof Fees Prescribing,PRC DELEGATED CO-COMMISSIONING,DR BAIG & PARTNERS,26041022,753.01,,TE000036620
Department of Health,NHS Eastbourne Hailsham&Seaford CCG,28/02/2019,C&M-GMS QOF Aspiration,PRC DELEGATED CO-COMMISSIONING,DR BAIG & PARTNERS,26041022,10956.42,,TE000036620
Department of Health,NHS Eastbourne Hailsham&Seaford CCG,28/02/2019,C&M-GMS GP Statutory Levy,PRC DELEGATED CO-COMMISSIONING,DR BARNES M H & PARTNERS,26041023,-583.18,,TE000036621
Department of Health,NHS Eastbourne Hailsham&Seaford CCG,28/02/2019,C&M-GMS Voluntary Levy,PRC DELEGATED CO-COMMISSIONING,DR BARNES M H & PARTNERS,26041023,-119.63,,TE000036621
Department of Health,NHS Eastbourne Hailsham&Seaford CCG,28/02/2019,ME - GMS TPS Added Years Adj EEs,PRC DELEGATED CO-COMMISSIONING,DR BARNES M H & PARTNERS,26041023,-1490.21,,TE000036621
Department of Health,NHS Eastbourne Hailsham&Seaford CCG,28/02/2019,ME-GMS GP Pension EEs,PRC DELEGATED CO-COMMISSIONING,DR BARNES M H & PARTNERS,26041023,-12176.98,,TE000036621
Department of Health,NHS Eastbourne Hailsham&Seaford CCG,28/02/2019,ME-GMS GP Pension ERs Adjustments,PRC DELEGATED CO-COMMISSIONING,DR BARNES M H & PARTNERS,26041023,-12716.12,,TE000036621
Department of Health,NHS Eastbourne Hailsham&Seaford CCG,28/02/2019,C&M-GMS Cost of Drugs -Prescribing,LOCAL ENHANCED SERVICES,DR BARNES M H & PARTNERS,26041024,4519.53,,TE000036622
Department of Health,NHS Eastbourne Hailsham&Seaford CCG,28/02/2019,C&M-GMS DES Learn Dsblty Hlth Chk,PRC DELEGATED CO-COMMISSIONING,DR BARNES M H & PARTNERS,26041024,2240,,TE000036622
Department of Health,NHS Eastbourne Hailsham&Seaford CCG,28/02/2019,C&M-GMS Global Sum,PRC DELEGATED CO-COMMISSIONING,DR BARNES M H & PARTNERS,26041024,136837.92,,TE000036622
Department of Health,NHS Eastbourne Hailsham&Seaford CCG,28/02/2019,C&M-GMS MPIG Correction Factor,PRC DELEGATED CO-COMMISSIONING,DR BARNES M H & PARTNERS,26041024,60.29,,TE000036622
Department of Health,NHS Eastbourne Hailsham&Seaford CCG,28/02/2019,C&M-GMS PCO Locum Adop/Pat/Mat,PRC DELEGATED CO-COMMISSIONING,DR BARNES M H & PARTNERS,26041024,5780,,TE000036622
Department of Health,NHS Eastbourne Hailsham&Seaford CCG,28/02/2019,C&M-GMS PCO Other,PRC DELEGATED CO-COMMISSIONING,DR BARNES M H & PARTNERS,26041024,1182.33,,TE000036622
Department of Health,NHS Eastbourne Hailsham&Seaford CCG,28/02/2019,C&M-GMS Prof Fees Prescribing,PRC DELEGATED CO-COMMISSIONING,DR BARNES M H & PARTNERS,26041024,1302.99,,TE000036622
Department of Health,NHS Eastbourne Hailsham&Seaford CCG,28/02/2019,C&M-GMS QOF Aspiration,PRC DELEGATED CO-COMMISSIONING,DR BARNES M H & PARTNERS,26041024,19150.99,,TE000036622
Department of Health,NHS Eastbourne Hailsham&Seaford CCG,28/02/2019,C&M-GMS GP Statutory Levy,PRC DELEGATED CO-COMMISSIONING,DR EYRE & PARTNERS,26041025,-538.46,,TE000036623
Department of Health,NHS Eastbourne Hailsham&Seaford CCG,28/02/2019,C&M-GMS Voluntary Levy,PRC DELEGATED CO-COMMISSIONING,DR EYRE & PARTNERS,26041025,-110.45,,TE000036623
Department of Health,NHS Eastbourne Hailsham&Seaford CCG,28/02/2019,ME - GMS GP Prior Year ERs,PRC DELEGATED CO-COMMISSIONING,DR EYRE & PARTNERS,26041025,-2492.54,,TE000036623
Department of Health,NHS Eastbourne Hailsham&Seaford CCG,28/02/2019,ME-GMS GP Pension EEs,PRC DELEGATED CO-COMMISSIONING,DR EYRE & PARTNERS,26041025,-12109.59,,TE000036623
Department of Health,NHS Eastbourne Hailsham&Seaford CCG,28/02/2019,ME-GMS GP Pension ERs Adjustments,PRC DELEGATED CO-COMMISSIONING,DR EYRE & PARTNERS,26041025,-12930.03,,TE000036623
Department of Health,NHS Eastbourne Hailsham&Seaford CCG,28/02/2019,ME-GMS GP Prior Year EEs,PRC DELEGATED CO-COMMISSIONING,DR EYRE & PARTNERS,26041025,-2513.34,,TE000036623
Department of Health,NHS Eastbourne Hailsham&Seaford CCG,28/02/2019,C&M-GMS Cost of Drugs -Prescribing,LOCAL ENHANCED SERVICES,DR EYRE & PARTNERS,26041026,9470.59,,TE000036624
Department of Health,NHS Eastbourne Hailsham&Seaford CCG,28/02/2019,C&M-GMS DES Learn Dsblty Hlth Chk,PRC DELEGATED CO-COMMISSIONING,DR EYRE & PARTNERS,26041026,1960,,TE000036624
Department of Health,NHS Eastbourne Hailsham&Seaford CCG,28/02/2019,C&M-GMS Global Sum,PRC DELEGATED CO-COMMISSIONING,DR EYRE & PARTNERS,26041026,131379.6,,TE000036624
Department of Health,NHS Eastbourne Hailsham&Seaford CCG,28/02/2019,C&M-GMS PCO Other,PRC DELEGATED CO-COMMISSIONING,DR EYRE & PARTNERS,26041026,1068.12,,TE000036624
Department of Health,NHS Eastbourne Hailsham&Seaford CCG,28/02/2019,C&M-GMS Prem Actual Rent,PRC DELEGATED CO-COMMISSIONING,DR EYRE & PARTNERS,26041026,51625,,TE000036624
Department of Health,NHS Eastbourne Hailsham&Seaford CCG,28/02/2019,C&M-GMS Prem Water Rates,PRC DELEGATED CO-COMMISSIONING,DR EYRE & PARTNERS,26041026,416.5,,TE000036624
Department of Health,NHS Eastbourne Hailsham&Seaford CCG,28/02/2019,C&M-GMS Prof Fees Prescribing,PRC DELEGATED CO-COMMISSIONING,DR EYRE & PARTNERS,26041026,1426.35,,TE000036624
Department of Health,NHS Eastbourne Hailsham&Seaford CCG,28/02/2019,C&M-GMS QOF Aspiration,PRC DELEGATED CO-COMMISSIONING,DR EYRE & PARTNERS,26041026,17997.07,,TE000036624
Department of Health,NHS Eastbourne Hailsham&Seaford CCG,28/02/2019,ME - GMS GP Prior Year ERs,PRC DELEGATED CO-COMMISSIONING,DR EYRE & PARTNERS,26041026,5560.34,,TE000036624
Department of Health,NHS Eastbourne Hailsham&Seaford CCG,28/02/2019,ME-GMS GP Pension EEs Adjustments,PRC DELEGATED CO-COMMISSIONING,DR EYRE & PARTNERS,26041026,520.83,,TE000036624
Department of Health,NHS Eastbourne Hailsham&Seaford CCG,28/02/2019,ME-GMS GP Pension ERs Adjustments,PRC DELEGATED CO-COMMISSIONING,DR EYRE & PARTNERS,26041026,599.17,,TE000036624
Department of Health,NHS Eastbourne Hailsham&Seaford CCG,28/02/2019,ME-GMS GP Prior Year EEs,PRC DELEGATED CO-COMMISSIONING,DR EYRE & PARTNERS,26041026,3471.78,,TE000036624
Department of Health,NHS Eastbourne Hailsham&Seaford CCG,28/02/2019,C&M-GMS Cost of Drugs -Prescribing,LOCAL ENHANCED SERVICES,DR EDWARDS & PARTNER,26041028,4722.86,,TE000036626
Department of Health,NHS Eastbourne Hailsham&Seaford CCG,28/02/2019,C&M-GMS DES Learn Dsblty Hlth Chk,PRC DELEGATED CO-COMMISSIONING,DR EDWARDS & PARTNER,26041028,700,,TE000036626
Department of Health,NHS Eastbourne Hailsham&Seaford CCG,28/02/2019,C&M-GMS Global Sum,PRC DELEGATED CO-COMMISSIONING,DR EDWARDS & PARTNER,26041028,71667.61,,TE000036626
Department of Health,NHS Eastbourne Hailsham&Seaford CCG,28/02/2019,C&M-GMS MPIG Correction Factor,PRC DELEGATED CO-COMMISSIONING,DR EDWARDS & PARTNER,26041028,733.25,,TE000036626
Department of Health,NHS Eastbourne Hailsham&Seaford CCG,28/02/2019,C&M-GMS Prem Actual Rent,PRC DELEGATED CO-COMMISSIONING,DR EDWARDS & PARTNER,26041028,7508,,TE000036626
Department of Health,NHS Eastbourne Hailsham&Seaford CCG,28/02/2019,C&M-GMS Prof Fees Prescribing,PRC DELEGATED CO-COMMISSIONING,DR EDWARDS & PARTNER,26041028,637.36,,TE000036626
Department of Health,NHS Eastbourne Hailsham&Seaford CCG,28/02/2019,C&M-GMS QOF Aspiration,PRC DELEGATED CO-COMMISSIONING,DR EDWARDS & PARTNER,26041028,9607.22,,TE000036626
Department of Health,NHS Eastbourne Hailsham&Seaford CCG,28/02/2019,C&M-GMS Cost of Drugs -Prescribing,LOCAL ENHANCED SERVICES,DR JD BARNES & PARTNERS,26041030,8649.2,,TE000036630
Department of Health,NHS Eastbourne Hailsham&Seaford CCG,28/02/2019,C&M-GMS DES Extended Hours Access,PRC DELEGATED CO-COMMISSIONING,DR JD BARNES & PARTNERS,26041030,16388.94,,TE000036630
Department of Health,NHS Eastbourne Hailsham&Seaford CCG,28/02/2019,C&M-GMS DES Learn Dsblty Hlth Chk,PRC DELEGATED CO-COMMISSIONING,DR JD BARNES & PARTNERS,26041030,1680,,TE000036630
Department of Health,NHS Eastbourne Hailsham&Seaford CCG,28/02/2019,C&M-GMS Global Sum,PRC DELEGATED CO-COMMISSIONING,DR JD BARNES & PARTNERS,26041030,80812.91,,TE000036630
Department of Health,NHS Eastbourne Hailsham&Seaford CCG,28/02/2019,C&M-GMS Prem Actual Rent,PRC DELEGATED CO-COMMISSIONING,DR JD BARNES & PARTNERS,26041030,6049.58,,TE000036630
Department of Health,NHS Eastbourne Hailsham&Seaford CCG,28/02/2019,C&M-GMS Prof Fees Prescribing,PRC DELEGATED CO-COMMISSIONING,DR JD BARNES & PARTNERS,26041030,2227.88,,TE000036630
Department of Health,NHS Eastbourne Hailsham&Seaford CCG,28/02/2019,C&M-GMS QOF Aspiration,PRC DELEGATED CO-COMMISSIONING,DR JD BARNES & PARTNERS,26041030,9699.88,,TE000036630
Department of Health,NHS Eastbourne Hailsham&Seaford CCG,28/02/2019,ME - GMS GP Prior Year ERs,PRC DELEGATED CO-COMMISSIONING,DR JD BARNES & PARTNERS,26041030,4098.3,,TE000036630
Department of Health,NHS Eastbourne Hailsham&Seaford CCG,28/02/2019,ME-GMS GP Pension EEs Adjustments,PRC DELEGATED CO-COMMISSIONING,DR JD BARNES & PARTNERS,26041030,4089.75,,TE000036630
Department of Health,NHS Eastbourne Hailsham&Seaford CCG,28/02/2019,ME-GMS GP Pension ERs Adjustments,PRC DELEGATED CO-COMMISSIONING,DR JD BARNES & PARTNERS,26041030,6323.72,,TE000036630
Department of Health,NHS Eastbourne Hailsham&Seaford CCG,28/02/2019,ME-GMS GP Prior Year EEs,PRC DELEGATED CO-COMMISSIONING,DR JD BARNES & PARTNERS,26041030,2679.75,,TE000036630
Department of Health,NHS Eastbourne Hailsham&Seaford CCG,28/02/2019,C&M-GMS Cost of Drugs -Prescribing,LOCAL ENHANCED SERVICES,DR MILLER & PARTNERS,26041032,3648.58,,TE000036632
Department of Health,NHS Eastbourne Hailsham&Seaford CCG,28/02/2019,C&M-GMS DES Learn Dsblty Hlth Chk,PRC DELEGATED CO-COMMISSIONING,DR MILLER & PARTNERS,26041032,840,,TE000036632
Department of Health,NHS Eastbourne Hailsham&Seaford CCG,28/02/2019,C&M-GMS Global Sum,PRC DELEGATED CO-COMMISSIONING,DR MILLER & PARTNERS,26041032,60648.7,,TE000036632
Department of Health,NHS Eastbourne Hailsham&Seaford CCG,28/02/2019,C&M-GMS PCO Other,PRC DELEGATED CO-COMMISSIONING,DR MILLER & PARTNERS,26041032,590.72,,TE000036632
Department of Health,NHS Eastbourne Hailsham&Seaford CCG,28/02/2019,C&M-GMS Prem Actual Rent,PRC DELEGATED CO-COMMISSIONING,DR MILLER & PARTNERS,26041032,4618.42,,TE000036632
Department of Health,NHS Eastbourne Hailsham&Seaford CCG,28/02/2019,C&M-GMS Prem Rates,PRC DELEGATED CO-COMMISSIONING,DR MILLER & PARTNERS,26041032,1660,,TE000036632
Department of Health,NHS Eastbourne Hailsham&Seaford CCG,28/02/2019,C&M-GMS Prof Fees Prescribing,PRC DELEGATED CO-COMMISSIONING,DR MILLER & PARTNERS,26041032,454.89,,TE000036632
Department of Health,NHS Eastbourne Hailsham&Seaford CCG,28/02/2019,C&M-GMS QOF Aspiration,PRC DELEGATED CO-COMMISSIONING,DR MILLER & PARTNERS,26041032,7224.11,,TE000036632
Department of Health,NHS Eastbourne Hailsham&Seaford CCG,28/02/2019,C&M-GMS DES Learn Dsblty Hlth Chk,PRC DELEGATED CO-COMMISSIONING,DR PALIT & PARTNERS,26041034,140,,TE000036634
Department of Health,NHS Eastbourne Hailsham&Seaford CCG,28/02/2019,C&M-GMS Global Sum,PRC DELEGATED CO-COMMISSIONING,DR PALIT & PARTNERS,26041034,76889.79,,TE000036634
Department of Health,NHS Eastbourne Hailsham&Seaford CCG,28/02/2019,C&M-GMS MPIG Correction Factor,PRC DELEGATED CO-COMMISSIONING,DR PALIT & PARTNERS,26041034,1374.4,,TE000036634
Department of Health,NHS Eastbourne Hailsham&Seaford CCG,28/02/2019,C&M-GMS PCO Locum Adop/Pat/Mat,PRC DELEGATED CO-COMMISSIONING,DR PALIT & PARTNERS,26041034,1931.74,,TE000036634
Department of Health,NHS Eastbourne Hailsham&Seaford CCG,28/02/2019,C&M-GMS Prem Actual Rent,PRC DELEGATED CO-COMMISSIONING,DR PALIT & PARTNERS,26041034,4373.92,,TE000036634
Department of Health,NHS Eastbourne Hailsham&Seaford CCG,28/02/2019,C&M-GMS QOF Aspiration,PRC DELEGATED CO-COMMISSIONING,DR PALIT & PARTNERS,26041034,10325.02,,TE000036634
Department of Health,NHS Eastbourne Hailsham&Seaford CCG,28/02/2019,C&M-GMS Cost of Drugs -Prescribing,LOCAL ENHANCED SERVICES,DR RD BROWN & PARTNERS,26041036,3411.86,,TE000036636
Department of Health,NHS Eastbourne Hailsham&Seaford CCG,28/02/2019,C&M-GMS Global Sum,PRC DELEGATED CO-COMMISSIONING,DR RD BROWN & PARTNERS,26041036,54180.51,,TE000036636
Department of Health,NHS Eastbourne Hailsham&Seaford CCG,28/02/2019,C&M-GMS Prem Actual Rent,PRC DELEGATED CO-COMMISSIONING,DR RD BROWN & PARTNERS,26041036,21015,,TE000036636
Department of Health,NHS Eastbourne Hailsham&Seaford CCG,28/02/2019,C&M-GMS Prof Fees Prescribing,PRC DELEGATED CO-COMMISSIONING,DR RD BROWN & PARTNERS,26041036,316.11,,TE000036636
Department of Health,NHS Eastbourne Hailsham&Seaford CCG,28/02/2019,C&M-GMS QOF Aspiration,PRC DELEGATED CO-COMMISSIONING,DR RD BROWN & PARTNERS,26041036,6016.63,,TE000036636
Department of Health,NHS Eastbourne Hailsham&Seaford CCG,28/02/2019,C&M-GMS Cost of Drugs -Prescribing,LOCAL ENHANCED SERVICES,DR SAVVAS S & PARTNER,26041039,1621.54,,TE000036640
Department of Health,NHS Eastbourne Hailsham&Seaford CCG,28/02/2019,C&M-GMS DES Learn Dsblty Hlth Chk,PRC DELEGATED CO-COMMISSIONING,DR SAVVAS S & PARTNER,26041039,280,,TE000036640
Department of Health,NHS Eastbourne Hailsham&Seaford CCG,28/02/2019,C&M-GMS Global Sum,PRC DELEGATED CO-COMMISSIONING,DR SAVVAS S & PARTNER,26041039,41910.08,,TE000036640
Department of Health,NHS Eastbourne Hailsham&Seaford CCG,28/02/2019,C&M-GMS MPIG Correction Factor,PRC DELEGATED CO-COMMISSIONING,DR SAVVAS S & PARTNER,26041039,213.34,,TE000036640
Department of Health,NHS Eastbourne Hailsham&Seaford CCG,28/02/2019,C&M-GMS Prof Fees Prescribing,PRC DELEGATED CO-COMMISSIONING,DR SAVVAS S & PARTNER,26041039,475.45,,TE000036640
Department of Health,NHS Eastbourne Hailsham&Seaford CCG,28/02/2019,C&M-GMS QOF Aspiration,PRC DELEGATED CO-COMMISSIONING,DR SAVVAS S & PARTNER,26041039,5791.14,,TE000036640
Department of Health,NHS Eastbourne Hailsham&Seaford CCG,28/02/2019,C&M-GMS Cost of Drugs -Prescribing,LOCAL ENHANCED SERVICES,DR WILLIAMS & PARTNERS EASTBOURNE,26041041,22209.41,,TE000036642
Department of Health,NHS Eastbourne Hailsham&Seaford CCG,28/02/2019,C&M-GMS DES Learn Dsblty Hlth Chk,PRC DELEGATED CO-COMMISSIONING,DR WILLIAMS & PARTNERS EASTBOURNE,26041041,420,,TE000036642
Department of Health,NHS Eastbourne Hailsham&Seaford CCG,28/02/2019,C&M-GMS Global Sum,PRC DELEGATED CO-COMMISSIONING,DR WILLIAMS & PARTNERS EASTBOURNE,26041041,97499.09,,TE000036642
Department of Health,NHS Eastbourne Hailsham&Seaford CCG,28/02/2019,C&M-GMS PCO Other,PRC DELEGATED CO-COMMISSIONING,DR WILLIAMS & PARTNERS EASTBOURNE,26041041,811.14,,TE000036642
Department of Health,NHS Eastbourne Hailsham&Seaford CCG,28/02/2019,C&M-GMS Prem Actual Rent,PRC DELEGATED CO-COMMISSIONING,DR WILLIAMS & PARTNERS EASTBOURNE,26041041,6971.66,,TE000036642
Department of Health,NHS Eastbourne Hailsham&Seaford CCG,28/02/2019,C&M-GMS Prem Rates,PRC DELEGATED CO-COMMISSIONING,DR WILLIAMS & PARTNERS EASTBOURNE,26041041,6893.84,,TE000036642
Department of Health,NHS Eastbourne Hailsham&Seaford CCG,28/02/2019,C&M-GMS Prem Water Rates,PRC DELEGATED CO-COMMISSIONING,DR WILLIAMS & PARTNERS EASTBOURNE,26041041,2411.01,,TE000036642
Department of Health,NHS Eastbourne Hailsham&Seaford CCG,28/02/2019,C&M-GMS Prof Fees Prescribing,PRC DELEGATED CO-COMMISSIONING,DR WILLIAMS & PARTNERS EASTBOURNE,26041041,3996.35,,TE000036642
Department of Health,NHS Eastbourne Hailsham&Seaford CCG,28/02/2019,C&M-GMS QOF Aspiration,PRC DELEGATED CO-COMMISSIONING,DR WILLIAMS & PARTNERS EASTBOURNE,26041041,14133.29,,TE000036642
Department of Health,NHS Eastbourne Hailsham&Seaford CCG,28/02/2019,C&M-GMS Cost of Drugs -Prescribing,LOCAL ENHANCED SERVICES,PARK PRACTICE,26041043,5142.09,,TE000036644
Department of Health,NHS Eastbourne Hailsham&Seaford CCG,28/02/2019,C&M-GMS DES Learn Dsblty Hlth Chk,PRC DELEGATED CO-COMMISSIONING,PARK PRACTICE,26041043,1120,,TE000036644
Department of Health,NHS Eastbourne Hailsham&Seaford CCG,28/02/2019,C&M-GMS Global Sum,PRC DELEGATED CO-COMMISSIONING,PARK PRACTICE,26041043,77167.87,,TE000036644
Department of Health,NHS Eastbourne Hailsham&Seaford CCG,28/02/2019,C&M-GMS MPIG Correction Factor,PRC DELEGATED CO-COMMISSIONING,PARK PRACTICE,26041043,203.75,,TE000036644
Department of Health,NHS Eastbourne Hailsham&Seaford CCG,28/02/2019,C&M-GMS Prof Fees Prescribing,PRC DELEGATED CO-COMMISSIONING,PARK PRACTICE,26041043,737.59,,TE000036644
Department of Health,NHS Eastbourne Hailsham&Seaford CCG,28/02/2019,C&M-GMS QOF Aspiration,PRC DELEGATED CO-COMMISSIONING,PARK PRACTICE,26041043,10691.06,,TE000036644
Department of Health,NHS Eastbourne Hailsham&Seaford CCG,28/02/2019,C&M-GMS Cost of Drugs -Prescribing,LOCAL ENHANCED SERVICES,SOVEREIGN PRACTICE,26041045,7464.39,,TE000036646
Department of Health,NHS Eastbourne Hailsham&Seaford CCG,28/02/2019,C&M-GMS DES Learn Dsblty Hlth Chk,PRC DELEGATED CO-COMMISSIONING,SOVEREIGN PRACTICE,26041045,560,,TE000036646
Department of Health,NHS Eastbourne Hailsham&Seaford CCG,28/02/2019,C&M-GMS Global Sum,PRC DELEGATED CO-COMMISSIONING,SOVEREIGN PRACTICE,26041045,107665.42,,TE000036646
Department of Health,NHS Eastbourne Hailsham&Seaford CCG,28/02/2019,C&M-GMS Other FDR Payment,PRC DELEGATED CO-COMMISSIONING,SOVEREIGN PRACTICE,26041045,3350.36,,TE000036646
Department of Health,NHS Eastbourne Hailsham&Seaford CCG,28/02/2019,C&M-GMS PCO Other,PRC DELEGATED CO-COMMISSIONING,SOVEREIGN PRACTICE,26041045,961.35,,TE000036646
Department of Health,NHS Eastbourne Hailsham&Seaford CCG,28/02/2019,C&M-GMS Prem Actual Rent,PRC DELEGATED CO-COMMISSIONING,SOVEREIGN PRACTICE,26041045,4900,,TE000036646
Department of Health,NHS Eastbourne Hailsham&Seaford CCG,28/02/2019,C&M-GMS Prof Fees Prescribing,PRC DELEGATED CO-COMMISSIONING,SOVEREIGN PRACTICE,26041045,1400.65,,TE000036646
Department of Health,NHS Eastbourne Hailsham&Seaford CCG,28/02/2019,C&M-GMS QOF Aspiration,PRC DELEGATED CO-COMMISSIONING,SOVEREIGN PRACTICE,26041045,11555.46,,TE000036646
Department of Health,NHS Eastbourne Hailsham&Seaford CCG,28/02/2019,C&M-GMS Global Sum,PRC DELEGATED CO-COMMISSIONING,HERSTMONCEUX HEALTH CENTRE,26041047,35188.89,,TE000036648
Department of Health,NHS Eastbourne Hailsham&Seaford CCG,28/02/2019,C&M-GMS PCO Other,PRC DELEGATED CO-COMMISSIONING,HERSTMONCEUX HEALTH CENTRE,26041047,335.52,,TE000036648
Department of Health,NHS Eastbourne Hailsham&Seaford CCG,28/02/2019,C&M-GMS Prem Actual Rent,PRC DELEGATED CO-COMMISSIONING,HERSTMONCEUX HEALTH CENTRE,26041047,7450,,TE000036648
Department of Health,NHS Eastbourne Hailsham&Seaford CCG,28/02/2019,C&M-GMS QOF Aspiration,PRC DELEGATED CO-COMMISSIONING,HERSTMONCEUX HEALTH CENTRE,26041047,3704.95,,TE000036648
Department of Health,NHS Eastbourne Hailsham&Seaford CCG,28/02/2019,C&M-GMS Cost of Drugs -Prescribing,LOCAL ENHANCED SERVICES,GREEN STREET CLINIC,26041049,3286.04,,TE000036650
Department of Health,NHS Eastbourne Hailsham&Seaford CCG,28/02/2019,C&M-GMS Global Sum,PRC DELEGATED CO-COMMISSIONING,GREEN STREET CLINIC,26041049,77581.93,,TE000036650
Department of Health,NHS Eastbourne Hailsham&Seaford CCG,28/02/2019,C&M-GMS MPIG Correction Factor,PRC DELEGATED CO-COMMISSIONING,GREEN STREET CLINIC,26041049,297.2,,TE000036650
Department of Health,NHS Eastbourne Hailsham&Seaford CCG,28/02/2019,C&M-GMS Prem Actual Rent,PRC DELEGATED CO-COMMISSIONING,GREEN STREET CLINIC,26041049,3197.08,,TE000036650
Department of Health,NHS Eastbourne Hailsham&Seaford CCG,28/02/2019,C&M-GMS Prem Rates,PRC DELEGATED CO-COMMISSIONING,GREEN STREET CLINIC,26041049,1600,,TE000036650
Department of Health,NHS Eastbourne Hailsham&Seaford CCG,28/02/2019,C&M-GMS Prof Fees Prescribing,PRC DELEGATED CO-COMMISSIONING,GREEN STREET CLINIC,26041049,395.78,,TE000036650
Department of Health,NHS Eastbourne Hailsham&Seaford CCG,28/02/2019,C&M-GMS QOF Aspiration,PRC DELEGATED CO-COMMISSIONING,GREEN STREET CLINIC,26041049,8592,,TE000036650
Department of Health,NHS Eastbourne Hailsham&Seaford CCG,28/02/2019,C&M-GMS Cost of Drugs -Prescribing,LOCAL ENHANCED SERVICES,GROVE ROAD SURGERY (EASTBOURNE),26041051,2808.34,,TE000036652
Department of Health,NHS Eastbourne Hailsham&Seaford CCG,28/02/2019,C&M-GMS Global Sum,PRC DELEGATED CO-COMMISSIONING,GROVE ROAD SURGERY (EASTBOURNE),26041051,52345.98,,TE000036652
Department of Health,NHS Eastbourne Hailsham&Seaford CCG,28/02/2019,C&M-GMS PCO Other,PRC DELEGATED CO-COMMISSIONING,GROVE ROAD SURGERY (EASTBOURNE),26041051,497.51,,TE000036652
Department of Health,NHS Eastbourne Hailsham&Seaford CCG,28/02/2019,C&M-GMS Prof Fees Prescribing,PRC DELEGATED CO-COMMISSIONING,GROVE ROAD SURGERY (EASTBOURNE),26041051,421.48,,TE000036652
Department of Health,NHS Eastbourne Hailsham&Seaford CCG,28/02/2019,C&M-GMS QOF Aspiration,PRC DELEGATED CO-COMMISSIONING,GROVE ROAD SURGERY (EASTBOURNE),26041051,5893.57,,TE000036652
Department of Health,NHS Eastbourne Hailsham&Seaford CCG,28/02/2019,C&M-GMS Cost of Drugs -Prescribing,LOCAL ENHANCED SERVICES,BOLTON ROAD SURGERY (EASTBOURNE),26041179,2509.25,,TE000036628
Department of Health,NHS Eastbourne Hailsham&Seaford CCG,28/02/2019,C&M-GMS Global Sum,PRC DELEGATED CO-COMMISSIONING,BOLTON ROAD SURGERY (EASTBOURNE),26041179,41259.4,,TE000036628
Department of Health,NHS Eastbourne Hailsham&Seaford CCG,28/02/2019,C&M-GMS PCO Other,PRC DELEGATED CO-COMMISSIONING,BOLTON ROAD SURGERY (EASTBOURNE),26041179,384.41,,TE000036628
Department of Health,NHS Eastbourne Hailsham&Seaford CCG,28/02/2019,C&M-GMS Prem Actual Rent,PRC DELEGATED CO-COMMISSIONING,BOLTON ROAD SURGERY (EASTBOURNE),26041179,3715.42,,TE000036628
Department of Health,NHS Eastbourne Hailsham&Seaford CCG,28/02/2019,C&M-GMS Prof Fees Prescribing,PRC DELEGATED CO-COMMISSIONING,BOLTON ROAD SURGERY (EASTBOURNE),26041179,215.88,,TE000036628
Department of Health,NHS Eastbourne Hailsham&Seaford CCG,28/02/2019,C&M-GMS QOF Aspiration,PRC DELEGATED CO-COMMISSIONING,BOLTON ROAD SURGERY (EASTBOURNE),26041179,4341.31,,TE000036628
Department of Health,NHS Eastbourne Hailsham&Seaford CCG,28/02/2019,C&M-GMS Cost of Drugs -Prescribing,LOCAL ENHANCED SERVICES,DR PEARCE & PARTNERS,26057983,7452.38,,TE000036638
Department of Health,NHS Eastbourne Hailsham&Seaford CCG,28/02/2019,C&M-GMS Global Sum,PRC DELEGATED CO-COMMISSIONING,DR PEARCE & PARTNERS,26057983,83888.43,,TE000036638
Department of Health,NHS Eastbourne Hailsham&Seaford CCG,28/02/2019,C&M-GMS PCO Other,PRC DELEGATED CO-COMMISSIONING,DR PEARCE & PARTNERS,26057983,810.36,,TE000036638
Department of Health,NHS Eastbourne Hailsham&Seaford CCG,28/02/2019,C&M-GMS Prem Actual Rent,PRC DELEGATED CO-COMMISSIONING,DR PEARCE & PARTNERS,26057983,5877.09,,TE000036638
Department of Health,NHS Eastbourne Hailsham&Seaford CCG,28/02/2019,C&M-GMS Prof Fees Prescribing,PRC DELEGATED CO-COMMISSIONING,DR PEARCE & PARTNERS,26057983,796.7,,TE000036638
Department of Health,NHS Eastbourne Hailsham&Seaford CCG,28/02/2019,C&M-GMS QOF Aspiration,PRC DELEGATED CO-COMMISSIONING,DR PEARCE & PARTNERS,26057983,11989.82,,TE000036638
Department of Health,NHS Eastbourne Hailsham&Seaford CCG,28/02/2019,ME - GMS GP Prior Year ERs,PRC DELEGATED CO-COMMISSIONING,DR PEARCE & PARTNERS,26057983,3789.42,,TE000036638
Department of Health,NHS Eastbourne Hailsham&Seaford CCG,28/02/2019,ME-GMS GP Prior Year AVCs,PRC DELEGATED CO-COMMISSIONING,DR PEARCE & PARTNERS,26057983,887.68,,TE000036638
Department of Health,NHS Eastbourne Hailsham&Seaford CCG,28/02/2019,ME-GMS GP Prior Year EEs,PRC DELEGATED CO-COMMISSIONING,DR PEARCE & PARTNERS,26057983,4235.9,,TE000036638
Department of Health,NHS Eastbourne Hailsham&Seaford CCG,28/02/2019,C&M-GMS Cost of Drugs -Dispensing,LOCAL ENHANCED SERVICES,DR PALIT & PARTNERS,26121374,-34439.5,,TE000036815
Department of Health,NHS Eastbourne Hailsham&Seaford CCG,28/02/2019,C&M-GMS PrscChrgsCll&RmttdbyGPCntra,PRC DELEGATED CO-COMMISSIONING,DR PALIT & PARTNERS,26121374,-1988.8,,TE000036815
Department of Health,NHS Eastbourne Hailsham&Seaford CCG,28/02/2019,C&M-GMS Cost of Drugs -Dispensing,LOCAL ENHANCED SERVICES,DR PALIT & PARTNERS,26121375,64548.62,,TE000036816
Department of Health,NHS Eastbourne Hailsham&Seaford CCG,28/02/2019,C&M-GMS Prof Fees Dispensing,PRC DELEGATED CO-COMMISSIONING,DR PALIT & PARTNERS,26121375,13437.49,,TE000036816
Department of Health,NHS Eastbourne Hailsham&Seaford CCG,28/02/2019,C&M-GMS PrscrptnChrgsColl&RmttdbyGP,LOCAL ENHANCED SERVICES,DR PALIT & PARTNERS,26121375,1988.8,,TE000036816
Department of Health,NHS Eastbourne Hailsham&Seaford CCG,28/02/2019,Hcare Srv Rec Fdtn Trust-Non Contract,NCAS/OATS,UNIVERSITY HOSPITALS BIRMINGHAM NHS FOUNDATION TRUST,26169222,29692.38,GB654912816,OHA005904
Department of Health,NHS Eastbourne Hailsham&Seaford CCG,28/02/2019,Hcare Srv Rec Fdtn Trust-Contract Baseline,MENTAL HEALTH CONTRACTS,SUSSEX PARTNERSHIP NHS FOUNDATION TRUST,26204941,41759,654422543,6472665
Department of Health,NHS Eastbourne Hailsham&Seaford CCG,28/02/2019,Hcare Srv Rec Fdtn Trust-Contract Baseline,MENTAL HEALTH CONTRACTS,SUSSEX PARTNERSHIP NHS FOUNDATION TRUST,26204947,98782,654422543,6472670
Department of Health,NHS Eastbourne Hailsham&Seaford CCG,28/02/2019,Clinical&Medical-Othe Public Sector,MENTAL HEALTH SERVICES - OTHER,EAST SUSSEX COUNTY COUNCIL,26204953,41285.25,191803754,8004114144
Department of Health,NHS Eastbourne Hailsham&Seaford CCG,28/02/2019,Hlthcre-Foundation Trsts,MENTAL HEALTH CONTRACTS,SUSSEX PARTNERSHIP NHS FOUNDATION TRUST,26204961,160130,654422543,6472839
