Department family,Entity,Date,Expense Type,Expense area,Supplier,Transaction number,AP Amount (�),VAT registration number,Purchase invoice number
Department of Health,NHS Eastbourne Hailsham&Seaford CCG,30/09/2018,Cont Care-Funded Nursing Care Allow,FUNDED NURSING CARE,ABUNDANT GRACE,23781353,34398.94,,09FIPF001274
Department of Health,NHS Eastbourne Hailsham&Seaford CCG,30/09/2018,Cont Care-Funded Nursing Care Allow,FUNDED NURSING CARE,HC ONE OVAL LTD,23781362,27598.02,283937558,09FIPF001283
Department of Health,NHS Eastbourne Hailsham&Seaford CCG,30/09/2018,Cont Care-Funded Nursing Care Allow,FUNDED NURSING CARE,FILSHAM LODGE,23781364,33846.1,,09FIPF001285
Department of Health,NHS Eastbourne Hailsham&Seaford CCG,30/09/2018,Cont Care-Funded Nursing Care Allow,FUNDED NURSING CARE,HAILSHAM HOUSE NURSING HOME,23781367,59332.38,,09FIPF001287
Department of Health,NHS Eastbourne Hailsham&Seaford CCG,30/09/2018,Cont Care-Funded Nursing Care Allow,FUNDED NURSING CARE,LIFE STYLE CARE PLC,23781384,37212.05,,09FIPF001296
Department of Health,NHS Eastbourne Hailsham&Seaford CCG,30/09/2018,Cont Care-Funded Nursing Care Allow,FUNDED NURSING CARE,SUNRISE SENIOR LIVING EASTBOURNE,23781386,34749.86,,09FIPF001297
Department of Health,NHS Eastbourne Hailsham&Seaford CCG,30/09/2018,Hcare Srv Rec NHS Trust-Non Contract,NCAS/OATS,BARTS HEALTH NHS TRUST,23792692,30311.81,,338618
Department of Health,NHS Eastbourne Hailsham&Seaford CCG,30/09/2018,Professional Fees,ADMINISTRATION & BUSINESS SUPPORT,NHS HIGH WEALD LEWES HAVENS CCG,23833926,28043,,7030701588
Department of Health,NHS Eastbourne Hailsham&Seaford CCG,30/09/2018,Charges from CSU,FINANCE,NHS SOUTH CENTRAL AND WEST COMMISSIONING SUPPORT UNIT,23833928,61677.18,,7312706897
Department of Health,NHS Eastbourne Hailsham&Seaford CCG,30/09/2018,Hlthcre-Foundation Trsts,MENTAL HEALTH CONTRACTS,SUSSEX PARTNERSHIP NHS FOUNDATION TRUST,23861258,202634,654422543,6469911
Department of Health,NHS Eastbourne Hailsham&Seaford CCG,30/09/2018,Hcare Srv Rec Fdtn Trust-Contract Baseline,ACUTE COMMISSIONING,KING`S COLLEGE HOSPITAL NHS FOUNDATION TRUST,23861287,40313,654926800,261959
Department of Health,NHS Eastbourne Hailsham&Seaford CCG,30/09/2018,Clinical&Medical-Independent Sector,ACUTE COMMISSIONING,ESOPS,23861293,46600,,EHS0918MP
Department of Health,NHS Eastbourne Hailsham&Seaford CCG,30/09/2018,Hcare Srv Rec NHS Trust-Contract Baseline,ACUTE COMMISSIONING,MAIDSTONE AND TUNBRIDGE WELLS NHS TRUST,23861299,56584,,4000111948
Department of Health,NHS Eastbourne Hailsham&Seaford CCG,30/09/2018,Clinical&Medical-Independent Sector,ACUTE COMMISSIONING,BMI HEALTHCARE COLLECTIONS,23861301,41552.49,,96800
Department of Health,NHS Eastbourne Hailsham&Seaford CCG,30/09/2018,Hcare Srv Rec Fdtn Trust-Contract Baseline,ACUTE COMMISSIONING,UNIVERSITY COLLEGE LONDON HOSPITALS NHS FOUNDATION TRUST,23861307,35512,654948687,SLA4049
Department of Health,NHS Eastbourne Hailsham&Seaford CCG,30/09/2018,Hcare Srv Rec Fdtn Trust-Contract Baseline,COMMUNITY SERVICES,SUSSEX COMMUNITY NHS FOUNDATION TRUST,23861315,77277,654941317,11137017
Department of Health,NHS Eastbourne Hailsham&Seaford CCG,30/09/2018,Clinical&Medical-Independent Sector,ACUTE COMMISSIONING,INTEGRATED CARDIOLOGY SOLUTIONS LTD,23861318,25000,,EHS180901
Department of Health,NHS Eastbourne Hailsham&Seaford CCG,30/09/2018,Hcare Srv Rec Fdtn Trust-Contract Baseline,ACUTE COMMISSIONING,WESTERN SUSSEX HOSPITALS NHS FOUNDATION TRUST,23861322,35650,65 4439322,1500032710
Department of Health,NHS Eastbourne Hailsham&Seaford CCG,30/09/2018,Hcare Srv Rec Fdtn Trust-Contract Baseline,NHS 111,SOUTH EAST COAST AMBULANCE SERVICE NHS FOUNDATION TRUST,23861331,61909.67,,7881160
Department of Health,NHS Eastbourne Hailsham&Seaford CCG,30/09/2018,Hcare Srv Rec Fdtn Trust-Contract Baseline,ACUTE COMMISSIONING,GUYS & ST THOMAS HOSPITAL NHS FOUNDATION TRUST,23882443,31930,654923417,3204459
Department of Health,NHS Eastbourne Hailsham&Seaford CCG,30/09/2018,Hcare Srv Rec Fdtn Trust-Contract Baseline,ACUTE COMMISSIONING,GUYS & ST THOMAS HOSPITAL NHS FOUNDATION TRUST,23882461,185859,654923417,3245944
Department of Health,NHS Eastbourne Hailsham&Seaford CCG,30/09/2018,Hcare Srv Rec Fdtn Trust-Contract Baseline,ACUTE CHILDRENS SERVICES,KENT COMMUNITY HEALTH NHS FOUNDATION TRUST,23882467,107378,,24062324
Department of Health,NHS Eastbourne Hailsham&Seaford CCG,30/09/2018,Hcare Srv Rec Fdtn Trust-Contract Baseline,AMBULANCE SERVICES,SOUTH EAST COAST AMBULANCE SERVICE NHS FOUNDATION TRUST,23882471,839602.68,,7881113
Department of Health,NHS Eastbourne Hailsham&Seaford CCG,30/09/2018,Hcare Srv Rec NHS Trust-Contract Baseline,ACUTE COMMISSIONING,BRIGHTON AND SUSSEX UNIVERSITY HOSPITALS NHS TRUST,23882474,892214,654913715,160345
Department of Health,NHS Eastbourne Hailsham&Seaford CCG,30/09/2018,Hcare Srv Rec Fdtn Trust-Contract Baseline,ACUTE COMMISSIONING,QUEEN VICTORIA HOSPITAL NHS FOUNDATION TRUST,23882477,117268,,2010015914
Department of Health,NHS Eastbourne Hailsham&Seaford CCG,30/09/2018,Clinical&Medical-Independent Sector,ACUTE COMMISSIONING,NHS HIGH WEALD LEWES HAVENS CCG,23882478,1512052,,7030701601
Department of Health,NHS Eastbourne Hailsham&Seaford CCG,30/09/2018,Hcare Srv Rec Fdtn Trust-Contract Baseline,MENTAL HEALTH CONTRACTS,SUSSEX PARTNERSHIP NHS FOUNDATION TRUST,23882485,2653406,654422543,6471376
Department of Health,NHS Eastbourne Hailsham&Seaford CCG,30/09/2018,Clinical&Medical-Commercial Sector,OUT OF HOURS,INTEGRATED CARE 24 LTD,23882489,119898.08,991241024,1769
Department of Health,NHS Eastbourne Hailsham&Seaford CCG,30/09/2018,Hcare Srv Rec NHS Trust-Contract Baseline,ACUTE COMMISSIONING,EAST SUSSEX HEALTHCARE NHS TRUST,23882492,10429260.91,654418039,127671
Department of Health,NHS Eastbourne Hailsham&Seaford CCG,30/09/2018,Accruals <1Yr-Inter Comm-CCG,BALANCE SHEET,NHS HASTINGS & ROTHER CCG,23924350,731963,,7026401683
Department of Health,NHS Eastbourne Hailsham&Seaford CCG,30/09/2018,C&M-GMS DES Learn Dsblty Hlth Chk,PRC DELEGATED CO-COMMISSIONING,DOWNLANDS MEDICAL CENTRE,23934207,140,,TE000034590
Department of Health,NHS Eastbourne Hailsham&Seaford CCG,30/09/2018,C&M-GMS Global Sum,PRC DELEGATED CO-COMMISSIONING,DOWNLANDS MEDICAL CENTRE,23934207,87844.57,,TE000034590
Department of Health,NHS Eastbourne Hailsham&Seaford CCG,30/09/2018,C&M-GMS PCO Other,PRC DELEGATED CO-COMMISSIONING,DOWNLANDS MEDICAL CENTRE,23934207,741.15,,TE000034590
Department of Health,NHS Eastbourne Hailsham&Seaford CCG,30/09/2018,C&M-GMS PCO Seniority,PRC DELEGATED CO-COMMISSIONING,DOWNLANDS MEDICAL CENTRE,23934207,4678.37,,TE000034590
Department of Health,NHS Eastbourne Hailsham&Seaford CCG,30/09/2018,C&M-GMS Prem Actual Rent,PRC DELEGATED CO-COMMISSIONING,DOWNLANDS MEDICAL CENTRE,23934207,6041.67,,TE000034590
Department of Health,NHS Eastbourne Hailsham&Seaford CCG,30/09/2018,C&M-GMS Prem Rates,PRC DELEGATED CO-COMMISSIONING,DOWNLANDS MEDICAL CENTRE,23934207,1668,,TE000034590
Department of Health,NHS Eastbourne Hailsham&Seaford CCG,30/09/2018,C&M-GMS Prem Water Rates,PRC DELEGATED CO-COMMISSIONING,DOWNLANDS MEDICAL CENTRE,23934207,213.3,,TE000034590
Department of Health,NHS Eastbourne Hailsham&Seaford CCG,30/09/2018,C&M-GMS QOF Aspiration,PRC DELEGATED CO-COMMISSIONING,DOWNLANDS MEDICAL CENTRE,23934207,11723.17,,TE000034590
Department of Health,NHS Eastbourne Hailsham&Seaford CCG,30/09/2018,C&M-GMS Global Sum,PRC DELEGATED CO-COMMISSIONING,DR ADOKI & PTNR,23934209,46983.91,,TE000034592
Department of Health,NHS Eastbourne Hailsham&Seaford CCG,30/09/2018,C&M-GMS Other FDR Payment,PRC DELEGATED CO-COMMISSIONING,DR ADOKI & PTNR,23934209,1209.71,,TE000034592
Department of Health,NHS Eastbourne Hailsham&Seaford CCG,30/09/2018,C&M-GMS PCO Seniority,PRC DELEGATED CO-COMMISSIONING,DR ADOKI & PTNR,23934209,2608.66,,TE000034592
Department of Health,NHS Eastbourne Hailsham&Seaford CCG,30/09/2018,C&M-GMS Prem Actual Rent,PRC DELEGATED CO-COMMISSIONING,DR ADOKI & PTNR,23934209,11165,,TE000034592
Department of Health,NHS Eastbourne Hailsham&Seaford CCG,30/09/2018,C&M-GMS QOF Aspiration,PRC DELEGATED CO-COMMISSIONING,DR ADOKI & PTNR,23934209,4902.94,,TE000034592
Department of Health,NHS Eastbourne Hailsham&Seaford CCG,30/09/2018,C&M-GMS Global Sum,PRC DELEGATED CO-COMMISSIONING,DR BAIG & PARTNERS,23934211,93015.7,,TE000034594
Department of Health,NHS Eastbourne Hailsham&Seaford CCG,30/09/2018,C&M-GMS PCO Seniority,PRC DELEGATED CO-COMMISSIONING,DR BAIG & PARTNERS,23934211,2613.79,,TE000034594
Department of Health,NHS Eastbourne Hailsham&Seaford CCG,30/09/2018,C&M-GMS Prem Actual Rent,PRC DELEGATED CO-COMMISSIONING,DR BAIG & PARTNERS,23934211,9245.83,,TE000034594
Department of Health,NHS Eastbourne Hailsham&Seaford CCG,30/09/2018,C&M-GMS Prem Rates,PRC DELEGATED CO-COMMISSIONING,DR BAIG & PARTNERS,23934211,3808,,TE000034594
Department of Health,NHS Eastbourne Hailsham&Seaford CCG,30/09/2018,C&M-GMS QOF Aspiration,PRC DELEGATED CO-COMMISSIONING,DR BAIG & PARTNERS,23934211,10956.42,,TE000034594
Department of Health,NHS Eastbourne Hailsham&Seaford CCG,30/09/2018,C&M-GMS GP Statutory Levy,PRC DELEGATED CO-COMMISSIONING,DR BARNES M H & PARTNERS,23934212,-579.28,,TE000034595
Department of Health,NHS Eastbourne Hailsham&Seaford CCG,30/09/2018,C&M-GMS Voluntary Levy,PRC DELEGATED CO-COMMISSIONING,DR BARNES M H & PARTNERS,23934212,-119.42,,TE000034595
Department of Health,NHS Eastbourne Hailsham&Seaford CCG,30/09/2018,ME - GMS TPS Added Years Adj EEs,PRC DELEGATED CO-COMMISSIONING,DR BARNES M H & PARTNERS,23934212,-1490.21,,TE000034595
Department of Health,NHS Eastbourne Hailsham&Seaford CCG,30/09/2018,ME-GMS GP Pension EEs,PRC DELEGATED CO-COMMISSIONING,DR BARNES M H & PARTNERS,23934212,-12176.98,,TE000034595
Department of Health,NHS Eastbourne Hailsham&Seaford CCG,30/09/2018,ME-GMS GP Pension ERs Adjustments,PRC DELEGATED CO-COMMISSIONING,DR BARNES M H & PARTNERS,23934212,-12716.12,,TE000034595
Department of Health,NHS Eastbourne Hailsham&Seaford CCG,30/09/2018,C&M-GMS Global Sum,PRC DELEGATED CO-COMMISSIONING,DR BARNES M H & PARTNERS,23934213,134183.79,,TE000034596
Department of Health,NHS Eastbourne Hailsham&Seaford CCG,30/09/2018,C&M-GMS MPIG Correction Factor,PRC DELEGATED CO-COMMISSIONING,DR BARNES M H & PARTNERS,23934213,60.29,,TE000034596
Department of Health,NHS Eastbourne Hailsham&Seaford CCG,30/09/2018,C&M-GMS PCO Other,PRC DELEGATED CO-COMMISSIONING,DR BARNES M H & PARTNERS,23934213,1182.33,,TE000034596
Department of Health,NHS Eastbourne Hailsham&Seaford CCG,30/09/2018,C&M-GMS PCO Seniority,PRC DELEGATED CO-COMMISSIONING,DR BARNES M H & PARTNERS,23934213,5378.84,,TE000034596
Department of Health,NHS Eastbourne Hailsham&Seaford CCG,30/09/2018,C&M-GMS QOF Aspiration,PRC DELEGATED CO-COMMISSIONING,DR BARNES M H & PARTNERS,23934213,19150.99,,TE000034596
Department of Health,NHS Eastbourne Hailsham&Seaford CCG,30/09/2018,C&M-GMS GP Statutory Levy,PRC DELEGATED CO-COMMISSIONING,DR EYRE & PARTNERS,23934214,-523.67,,TE000034597
Department of Health,NHS Eastbourne Hailsham&Seaford CCG,30/09/2018,C&M-GMS Voluntary Levy,PRC DELEGATED CO-COMMISSIONING,DR EYRE & PARTNERS,23934214,-107.96,,TE000034597
Department of Health,NHS Eastbourne Hailsham&Seaford CCG,30/09/2018,ME - GMS GP Prior Year ERs,PRC DELEGATED CO-COMMISSIONING,DR EYRE & PARTNERS,23934214,-1735.89,,TE000034597
Department of Health,NHS Eastbourne Hailsham&Seaford CCG,30/09/2018,ME-GMS GP Pension EEs,PRC DELEGATED CO-COMMISSIONING,DR EYRE & PARTNERS,23934214,-9476.7,,TE000034597
Department of Health,NHS Eastbourne Hailsham&Seaford CCG,30/09/2018,ME-GMS GP Pension ERs Adjustments,PRC DELEGATED CO-COMMISSIONING,DR EYRE & PARTNERS,23934214,-10599.32,,TE000034597
Department of Health,NHS Eastbourne Hailsham&Seaford CCG,30/09/2018,ME-GMS GP Prior Year EEs,PRC DELEGATED CO-COMMISSIONING,DR EYRE & PARTNERS,23934214,-2780.17,,TE000034597
Department of Health,NHS Eastbourne Hailsham&Seaford CCG,30/09/2018,C&M-GMS DES Learn Dsblty Hlth Chk,PRC DELEGATED CO-COMMISSIONING,DR EYRE & PARTNERS,23934215,3072,,TE000034598
Department of Health,NHS Eastbourne Hailsham&Seaford CCG,30/09/2018,C&M-GMS Global Sum,PRC DELEGATED CO-COMMISSIONING,DR EYRE & PARTNERS,23934215,126337.72,,TE000034598
Department of Health,NHS Eastbourne Hailsham&Seaford CCG,30/09/2018,C&M-GMS PCO Other,PRC DELEGATED CO-COMMISSIONING,DR EYRE & PARTNERS,23934215,1068.12,,TE000034598
Department of Health,NHS Eastbourne Hailsham&Seaford CCG,30/09/2018,C&M-GMS PCO Seniority,PRC DELEGATED CO-COMMISSIONING,DR EYRE & PARTNERS,23934215,5027.7,,TE000034598
Department of Health,NHS Eastbourne Hailsham&Seaford CCG,30/09/2018,C&M-GMS Prem Actual Rent,PRC DELEGATED CO-COMMISSIONING,DR EYRE & PARTNERS,23934215,3625,,TE000034598
Department of Health,NHS Eastbourne Hailsham&Seaford CCG,30/09/2018,C&M-GMS Prem Rates,PRC DELEGATED CO-COMMISSIONING,DR EYRE & PARTNERS,23934215,2067,,TE000034598
Department of Health,NHS Eastbourne Hailsham&Seaford CCG,30/09/2018,C&M-GMS QOF Aspiration,PRC DELEGATED CO-COMMISSIONING,DR EYRE & PARTNERS,23934215,17997.07,,TE000034598
Department of Health,NHS Eastbourne Hailsham&Seaford CCG,30/09/2018,ME - GMS GP Prior Year ERs,PRC DELEGATED CO-COMMISSIONING,DR EYRE & PARTNERS,23934215,14348,,TE000034598
Department of Health,NHS Eastbourne Hailsham&Seaford CCG,30/09/2018,ME-GMS GP Pension EEs Adjustments,PRC DELEGATED CO-COMMISSIONING,DR EYRE & PARTNERS,23934215,2427.08,,TE000034598
Department of Health,NHS Eastbourne Hailsham&Seaford CCG,30/09/2018,ME-GMS GP Pension ERs Adjustments,PRC DELEGATED CO-COMMISSIONING,DR EYRE & PARTNERS,23934215,2792.12,,TE000034598
Department of Health,NHS Eastbourne Hailsham&Seaford CCG,30/09/2018,ME-GMS GP Prior Year EEs,PRC DELEGATED CO-COMMISSIONING,DR EYRE & PARTNERS,23934215,12500,,TE000034598
Department of Health,NHS Eastbourne Hailsham&Seaford CCG,30/09/2018,C&M-GMS Global Sum,PRC DELEGATED CO-COMMISSIONING,DR EDWARDS & PARTNER,23934217,67238.61,,TE000034600
Department of Health,NHS Eastbourne Hailsham&Seaford CCG,30/09/2018,C&M-GMS MPIG Correction Factor,PRC DELEGATED CO-COMMISSIONING,DR EDWARDS & PARTNER,23934217,733.25,,TE000034600
Department of Health,NHS Eastbourne Hailsham&Seaford CCG,30/09/2018,C&M-GMS PCO Seniority,PRC DELEGATED CO-COMMISSIONING,DR EDWARDS & PARTNER,23934217,1447.61,,TE000034600
Department of Health,NHS Eastbourne Hailsham&Seaford CCG,30/09/2018,C&M-GMS Prem Actual Rent,PRC DELEGATED CO-COMMISSIONING,DR EDWARDS & PARTNER,23934217,7508,,TE000034600
Department of Health,NHS Eastbourne Hailsham&Seaford CCG,30/09/2018,C&M-GMS Prem Rates,PRC DELEGATED CO-COMMISSIONING,DR EDWARDS & PARTNER,23934217,2682,,TE000034600
Department of Health,NHS Eastbourne Hailsham&Seaford CCG,30/09/2018,C&M-GMS QOF Aspiration,PRC DELEGATED CO-COMMISSIONING,DR EDWARDS & PARTNER,23934217,9607.22,,TE000034600
Department of Health,NHS Eastbourne Hailsham&Seaford CCG,30/09/2018,C&M-GMS Global Sum,PRC DELEGATED CO-COMMISSIONING,DR MILLER & PARTNERS,23934220,60721.23,,TE000034606
Department of Health,NHS Eastbourne Hailsham&Seaford CCG,30/09/2018,C&M-GMS PCO Other,PRC DELEGATED CO-COMMISSIONING,DR MILLER & PARTNERS,23934220,590.72,,TE000034606
Department of Health,NHS Eastbourne Hailsham&Seaford CCG,30/09/2018,C&M-GMS PCO Seniority,PRC DELEGATED CO-COMMISSIONING,DR MILLER & PARTNERS,23934220,1916.89,,TE000034606
Department of Health,NHS Eastbourne Hailsham&Seaford CCG,30/09/2018,C&M-GMS Prem Actual Rent,PRC DELEGATED CO-COMMISSIONING,DR MILLER & PARTNERS,23934220,4618.42,,TE000034606
Department of Health,NHS Eastbourne Hailsham&Seaford CCG,30/09/2018,C&M-GMS Prem Rates,PRC DELEGATED CO-COMMISSIONING,DR MILLER & PARTNERS,23934220,1660,,TE000034606
Department of Health,NHS Eastbourne Hailsham&Seaford CCG,30/09/2018,C&M-GMS Prem Water Rates,PRC DELEGATED CO-COMMISSIONING,DR MILLER & PARTNERS,23934220,186.71,,TE000034606
Department of Health,NHS Eastbourne Hailsham&Seaford CCG,30/09/2018,C&M-GMS QOF Aspiration,PRC DELEGATED CO-COMMISSIONING,DR MILLER & PARTNERS,23934220,7224.11,,TE000034606
Department of Health,NHS Eastbourne Hailsham&Seaford CCG,30/09/2018,C&M-GMS DES Learn Dsblty Hlth Chk,PRC DELEGATED CO-COMMISSIONING,DR PALIT & PARTNERS,23934221,2800,,TE000034608
Department of Health,NHS Eastbourne Hailsham&Seaford CCG,30/09/2018,C&M-GMS Global Sum,PRC DELEGATED CO-COMMISSIONING,DR PALIT & PARTNERS,23934221,75297.4,,TE000034608
Department of Health,NHS Eastbourne Hailsham&Seaford CCG,30/09/2018,C&M-GMS MPIG Correction Factor,PRC DELEGATED CO-COMMISSIONING,DR PALIT & PARTNERS,23934221,1374.4,,TE000034608
Department of Health,NHS Eastbourne Hailsham&Seaford CCG,30/09/2018,C&M-GMS PCO Other,PRC DELEGATED CO-COMMISSIONING,DR PALIT & PARTNERS,23934221,686.26,,TE000034608
Department of Health,NHS Eastbourne Hailsham&Seaford CCG,30/09/2018,C&M-GMS PCO Seniority,PRC DELEGATED CO-COMMISSIONING,DR PALIT & PARTNERS,23934221,4971.13,,TE000034608
Department of Health,NHS Eastbourne Hailsham&Seaford CCG,30/09/2018,C&M-GMS Prem Actual Rent,PRC DELEGATED CO-COMMISSIONING,DR PALIT & PARTNERS,23934221,21773.93,,TE000034608
Department of Health,NHS Eastbourne Hailsham&Seaford CCG,30/09/2018,C&M-GMS Prem Rates,PRC DELEGATED CO-COMMISSIONING,DR PALIT & PARTNERS,23934221,3803,,TE000034608
Department of Health,NHS Eastbourne Hailsham&Seaford CCG,30/09/2018,C&M-GMS QOF Aspiration,PRC DELEGATED CO-COMMISSIONING,DR PALIT & PARTNERS,23934221,10325.02,,TE000034608
Department of Health,NHS Eastbourne Hailsham&Seaford CCG,30/09/2018,C&M-GMS Global Sum,PRC DELEGATED CO-COMMISSIONING,DR RD BROWN & PARTNERS,23934223,53411.62,,TE000034610
Department of Health,NHS Eastbourne Hailsham&Seaford CCG,30/09/2018,C&M-GMS PCO Locum Adop/Pat/Mat,PRC DELEGATED CO-COMMISSIONING,DR RD BROWN & PARTNERS,23934223,7051.14,,TE000034610
Department of Health,NHS Eastbourne Hailsham&Seaford CCG,30/09/2018,C&M-GMS PCO Locum Sickness,PRC DELEGATED CO-COMMISSIONING,DR RD BROWN & PARTNERS,23934223,8976.72,,TE000034610
Department of Health,NHS Eastbourne Hailsham&Seaford CCG,30/09/2018,C&M-GMS PCO Seniority,PRC DELEGATED CO-COMMISSIONING,DR RD BROWN & PARTNERS,23934223,1647.89,,TE000034610
Department of Health,NHS Eastbourne Hailsham&Seaford CCG,30/09/2018,C&M-GMS Prem Actual Rent,PRC DELEGATED CO-COMMISSIONING,DR RD BROWN & PARTNERS,23934223,5325,,TE000034610
Department of Health,NHS Eastbourne Hailsham&Seaford CCG,30/09/2018,C&M-GMS Prem Rates,PRC DELEGATED CO-COMMISSIONING,DR RD BROWN & PARTNERS,23934223,281,,TE000034610
Department of Health,NHS Eastbourne Hailsham&Seaford CCG,30/09/2018,C&M-GMS QOF Aspiration,PRC DELEGATED CO-COMMISSIONING,DR RD BROWN & PARTNERS,23934223,6016.63,,TE000034610
Department of Health,NHS Eastbourne Hailsham&Seaford CCG,30/09/2018,C&M-GMS Global Sum,PRC DELEGATED CO-COMMISSIONING,DR PEARCE & PARTNERS,23934225,82477.16,,TE000034612
Department of Health,NHS Eastbourne Hailsham&Seaford CCG,30/09/2018,C&M-GMS PCO Other,PRC DELEGATED CO-COMMISSIONING,DR PEARCE & PARTNERS,23934225,810.36,,TE000034612
Department of Health,NHS Eastbourne Hailsham&Seaford CCG,30/09/2018,C&M-GMS PCO Seniority,PRC DELEGATED CO-COMMISSIONING,DR PEARCE & PARTNERS,23934225,1268.34,,TE000034612
Department of Health,NHS Eastbourne Hailsham&Seaford CCG,30/09/2018,C&M-GMS Prem Actual Rent,PRC DELEGATED CO-COMMISSIONING,DR PEARCE & PARTNERS,23934225,5877.09,,TE000034612
Department of Health,NHS Eastbourne Hailsham&Seaford CCG,30/09/2018,C&M-GMS Prem Rates,PRC DELEGATED CO-COMMISSIONING,DR PEARCE & PARTNERS,23934225,1109,,TE000034612
Department of Health,NHS Eastbourne Hailsham&Seaford CCG,30/09/2018,C&M-GMS QOF Aspiration,PRC DELEGATED CO-COMMISSIONING,DR PEARCE & PARTNERS,23934225,11989.82,,TE000034612
Department of Health,NHS Eastbourne Hailsham&Seaford CCG,30/09/2018,C&M-GMS DES Learn Dsblty Hlth Chk,PRC DELEGATED CO-COMMISSIONING,DR SAVVAS S & PARTNER,23934227,280,,TE000034614
Department of Health,NHS Eastbourne Hailsham&Seaford CCG,30/09/2018,C&M-GMS Global Sum,PRC DELEGATED CO-COMMISSIONING,DR SAVVAS S & PARTNER,23934227,43030.45,,TE000034614
Department of Health,NHS Eastbourne Hailsham&Seaford CCG,30/09/2018,C&M-GMS MPIG Correction Factor,PRC DELEGATED CO-COMMISSIONING,DR SAVVAS S & PARTNER,23934227,213.34,,TE000034614
Department of Health,NHS Eastbourne Hailsham&Seaford CCG,30/09/2018,C&M-GMS PCO Seniority,PRC DELEGATED CO-COMMISSIONING,DR SAVVAS S & PARTNER,23934227,3188.49,,TE000034614
Department of Health,NHS Eastbourne Hailsham&Seaford CCG,30/09/2018,C&M-GMS Prem Actual Rent,PRC DELEGATED CO-COMMISSIONING,DR SAVVAS S & PARTNER,23934227,13320,,TE000034614
Department of Health,NHS Eastbourne Hailsham&Seaford CCG,30/09/2018,C&M-GMS Prem Rates,PRC DELEGATED CO-COMMISSIONING,DR SAVVAS S & PARTNER,23934227,807,,TE000034614
Department of Health,NHS Eastbourne Hailsham&Seaford CCG,30/09/2018,C&M-GMS QOF Aspiration,PRC DELEGATED CO-COMMISSIONING,DR SAVVAS S & PARTNER,23934227,5791.14,,TE000034614
Department of Health,NHS Eastbourne Hailsham&Seaford CCG,30/09/2018,C&M-GMS Global Sum,PRC DELEGATED CO-COMMISSIONING,DR WILLIAMS & PARTNERS EASTBOURNE,23934229,94594.18,,TE000034616
Department of Health,NHS Eastbourne Hailsham&Seaford CCG,30/09/2018,C&M-GMS PCO Other,PRC DELEGATED CO-COMMISSIONING,DR WILLIAMS & PARTNERS EASTBOURNE,23934229,811.14,,TE000034616
Department of Health,NHS Eastbourne Hailsham&Seaford CCG,30/09/2018,C&M-GMS PCO Seniority,PRC DELEGATED CO-COMMISSIONING,DR WILLIAMS & PARTNERS EASTBOURNE,23934229,8787.85,,TE000034616
Department of Health,NHS Eastbourne Hailsham&Seaford CCG,30/09/2018,C&M-GMS Prem Actual Rent,PRC DELEGATED CO-COMMISSIONING,DR WILLIAMS & PARTNERS EASTBOURNE,23934229,6971.66,,TE000034616
Department of Health,NHS Eastbourne Hailsham&Seaford CCG,30/09/2018,C&M-GMS Prem Rates,PRC DELEGATED CO-COMMISSIONING,DR WILLIAMS & PARTNERS EASTBOURNE,23934229,2753,,TE000034616
Department of Health,NHS Eastbourne Hailsham&Seaford CCG,30/09/2018,C&M-GMS QOF Aspiration,PRC DELEGATED CO-COMMISSIONING,DR WILLIAMS & PARTNERS EASTBOURNE,23934229,14133.29,,TE000034616
Department of Health,NHS Eastbourne Hailsham&Seaford CCG,30/09/2018,C&M-GMS DES Learn Dsblty Hlth Chk,PRC DELEGATED CO-COMMISSIONING,PARK PRACTICE,23934231,420,,TE000034618
Department of Health,NHS Eastbourne Hailsham&Seaford CCG,30/09/2018,C&M-GMS Global Sum,PRC DELEGATED CO-COMMISSIONING,PARK PRACTICE,23934231,75776.63,,TE000034618
Department of Health,NHS Eastbourne Hailsham&Seaford CCG,30/09/2018,C&M-GMS MPIG Correction Factor,PRC DELEGATED CO-COMMISSIONING,PARK PRACTICE,23934231,203.75,,TE000034618
Department of Health,NHS Eastbourne Hailsham&Seaford CCG,30/09/2018,C&M-GMS PCO Seniority,PRC DELEGATED CO-COMMISSIONING,PARK PRACTICE,23934231,2251.64,,TE000034618
Department of Health,NHS Eastbourne Hailsham&Seaford CCG,30/09/2018,C&M-GMS Prem Actual Rent,PRC DELEGATED CO-COMMISSIONING,PARK PRACTICE,23934231,40275,,TE000034618
Department of Health,NHS Eastbourne Hailsham&Seaford CCG,30/09/2018,C&M-GMS Prem Rates,PRC DELEGATED CO-COMMISSIONING,PARK PRACTICE,23934231,2511,,TE000034618
Department of Health,NHS Eastbourne Hailsham&Seaford CCG,30/09/2018,C&M-GMS QOF Aspiration,PRC DELEGATED CO-COMMISSIONING,PARK PRACTICE,23934231,10691.06,,TE000034618
Department of Health,NHS Eastbourne Hailsham&Seaford CCG,30/09/2018,C&M-GMS DES Learn Dsblty Hlth Chk,PRC DELEGATED CO-COMMISSIONING,SOVEREIGN PRACTICE,23934233,420,,TE000034620
Department of Health,NHS Eastbourne Hailsham&Seaford CCG,30/09/2018,C&M-GMS Global Sum,PRC DELEGATED CO-COMMISSIONING,SOVEREIGN PRACTICE,23934233,105771.35,,TE000034620
Department of Health,NHS Eastbourne Hailsham&Seaford CCG,30/09/2018,C&M-GMS Other FDR Payment,PRC DELEGATED CO-COMMISSIONING,SOVEREIGN PRACTICE,23934233,3350.36,,TE000034620
Department of Health,NHS Eastbourne Hailsham&Seaford CCG,30/09/2018,C&M-GMS PCO Other,PRC DELEGATED CO-COMMISSIONING,SOVEREIGN PRACTICE,23934233,961.35,,TE000034620
Department of Health,NHS Eastbourne Hailsham&Seaford CCG,30/09/2018,C&M-GMS PCO Seniority,PRC DELEGATED CO-COMMISSIONING,SOVEREIGN PRACTICE,23934233,6365.5,,TE000034620
Department of Health,NHS Eastbourne Hailsham&Seaford CCG,30/09/2018,C&M-GMS Prem Actual Rent,PRC DELEGATED CO-COMMISSIONING,SOVEREIGN PRACTICE,23934233,52150,,TE000034620
Department of Health,NHS Eastbourne Hailsham&Seaford CCG,30/09/2018,C&M-GMS QOF Aspiration,PRC DELEGATED CO-COMMISSIONING,SOVEREIGN PRACTICE,23934233,11555.46,,TE000034620
Department of Health,NHS Eastbourne Hailsham&Seaford CCG,30/09/2018,C&M-GMS Global Sum,PRC DELEGATED CO-COMMISSIONING,HERSTMONCEUX HEALTH CENTRE,23934235,33820.5,,TE000034622
Department of Health,NHS Eastbourne Hailsham&Seaford CCG,30/09/2018,C&M-GMS PCO Other,PRC DELEGATED CO-COMMISSIONING,HERSTMONCEUX HEALTH CENTRE,23934235,335.52,,TE000034622
Department of Health,NHS Eastbourne Hailsham&Seaford CCG,30/09/2018,C&M-GMS PCO Seniority,PRC DELEGATED CO-COMMISSIONING,HERSTMONCEUX HEALTH CENTRE,23934235,833.84,,TE000034622
Department of Health,NHS Eastbourne Hailsham&Seaford CCG,30/09/2018,C&M-GMS Prem Actual Rent,PRC DELEGATED CO-COMMISSIONING,HERSTMONCEUX HEALTH CENTRE,23934235,7450,,TE000034622
Department of Health,NHS Eastbourne Hailsham&Seaford CCG,30/09/2018,C&M-GMS Prem Rates,PRC DELEGATED CO-COMMISSIONING,HERSTMONCEUX HEALTH CENTRE,23934235,2353,,TE000034622
Department of Health,NHS Eastbourne Hailsham&Seaford CCG,30/09/2018,C&M-GMS QOF Aspiration,PRC DELEGATED CO-COMMISSIONING,HERSTMONCEUX HEALTH CENTRE,23934235,3704.95,,TE000034622
Department of Health,NHS Eastbourne Hailsham&Seaford CCG,30/09/2018,C&M-GMS Global Sum,PRC DELEGATED CO-COMMISSIONING,GREEN STREET CLINIC,23934237,75048.49,,TE000034624
Department of Health,NHS Eastbourne Hailsham&Seaford CCG,30/09/2018,C&M-GMS MPIG Correction Factor,PRC DELEGATED CO-COMMISSIONING,GREEN STREET CLINIC,23934237,297.2,,TE000034624
Department of Health,NHS Eastbourne Hailsham&Seaford CCG,30/09/2018,C&M-GMS PCO Seniority,PRC DELEGATED CO-COMMISSIONING,GREEN STREET CLINIC,23934237,5447.42,,TE000034624
Department of Health,NHS Eastbourne Hailsham&Seaford CCG,30/09/2018,C&M-GMS Prem Actual Rent,PRC DELEGATED CO-COMMISSIONING,GREEN STREET CLINIC,23934237,3197.08,,TE000034624
Department of Health,NHS Eastbourne Hailsham&Seaford CCG,30/09/2018,C&M-GMS Prem Rates,PRC DELEGATED CO-COMMISSIONING,GREEN STREET CLINIC,23934237,1600,,TE000034624
Department of Health,NHS Eastbourne Hailsham&Seaford CCG,30/09/2018,C&M-GMS QOF Aspiration,PRC DELEGATED CO-COMMISSIONING,GREEN STREET CLINIC,23934237,8592,,TE000034624
Department of Health,NHS Eastbourne Hailsham&Seaford CCG,30/09/2018,ME - GMS GP Prior Year ERs,PRC DELEGATED CO-COMMISSIONING,GREEN STREET CLINIC,23934237,4967.84,,TE000034624
Department of Health,NHS Eastbourne Hailsham&Seaford CCG,30/09/2018,ME-GMS GP Pension EEs Adjustments,PRC DELEGATED CO-COMMISSIONING,GREEN STREET CLINIC,23934237,536.17,,TE000034624
Department of Health,NHS Eastbourne Hailsham&Seaford CCG,30/09/2018,ME-GMS GP Pension ERs Adjustments,PRC DELEGATED CO-COMMISSIONING,GREEN STREET CLINIC,23934237,432.56,,TE000034624
Department of Health,NHS Eastbourne Hailsham&Seaford CCG,30/09/2018,ME-GMS GP Prior Year EEs,PRC DELEGATED CO-COMMISSIONING,GREEN STREET CLINIC,23934237,5568.66,,TE000034624
Department of Health,NHS Eastbourne Hailsham&Seaford CCG,30/09/2018,C&M-GMS Global Sum,PRC DELEGATED CO-COMMISSIONING,BOLTON ROAD SURGERY (EASTBOURNE),23938025,40557.24,,TE000034602
Department of Health,NHS Eastbourne Hailsham&Seaford CCG,30/09/2018,C&M-GMS PCO Other,PRC DELEGATED CO-COMMISSIONING,BOLTON ROAD SURGERY (EASTBOURNE),23938025,384.41,,TE000034602
Department of Health,NHS Eastbourne Hailsham&Seaford CCG,30/09/2018,C&M-GMS PCO Seniority,PRC DELEGATED CO-COMMISSIONING,BOLTON ROAD SURGERY (EASTBOURNE),23938025,1855.69,,TE000034602
Department of Health,NHS Eastbourne Hailsham&Seaford CCG,30/09/2018,C&M-GMS Prem Actual Rent,PRC DELEGATED CO-COMMISSIONING,BOLTON ROAD SURGERY (EASTBOURNE),23938025,3715.42,,TE000034602
Department of Health,NHS Eastbourne Hailsham&Seaford CCG,30/09/2018,C&M-GMS Prem Rates,PRC DELEGATED CO-COMMISSIONING,BOLTON ROAD SURGERY (EASTBOURNE),23938025,1656,,TE000034602
Department of Health,NHS Eastbourne Hailsham&Seaford CCG,30/09/2018,C&M-GMS Prem Water Rates,PRC DELEGATED CO-COMMISSIONING,BOLTON ROAD SURGERY (EASTBOURNE),23938025,236.99,,TE000034602
Department of Health,NHS Eastbourne Hailsham&Seaford CCG,30/09/2018,C&M-GMS QOF Aspiration,PRC DELEGATED CO-COMMISSIONING,BOLTON ROAD SURGERY (EASTBOURNE),23938025,4341.31,,TE000034602
Department of Health,NHS Eastbourne Hailsham&Seaford CCG,30/09/2018,C&M-GMS DES Learn Dsblty Hlth Chk,PRC DELEGATED CO-COMMISSIONING,DR JD BARNES & PARTNERS,23953997,1960,,TE000034604
Department of Health,NHS Eastbourne Hailsham&Seaford CCG,30/09/2018,C&M-GMS Global Sum,PRC DELEGATED CO-COMMISSIONING,DR JD BARNES & PARTNERS,23953997,80402.54,,TE000034604
Department of Health,NHS Eastbourne Hailsham&Seaford CCG,30/09/2018,C&M-GMS PCO Other,PRC DELEGATED CO-COMMISSIONING,DR JD BARNES & PARTNERS,23953997,5237,,TE000034604
Department of Health,NHS Eastbourne Hailsham&Seaford CCG,30/09/2018,C&M-GMS PCO Seniority,PRC DELEGATED CO-COMMISSIONING,DR JD BARNES & PARTNERS,23953997,2488.11,,TE000034604
Department of Health,NHS Eastbourne Hailsham&Seaford CCG,30/09/2018,C&M-GMS Prem Actual Rent,PRC DELEGATED CO-COMMISSIONING,DR JD BARNES & PARTNERS,23953997,6049.58,,TE000034604
Department of Health,NHS Eastbourne Hailsham&Seaford CCG,30/09/2018,C&M-GMS Prem Water Rates,PRC DELEGATED CO-COMMISSIONING,DR JD BARNES & PARTNERS,23953997,564.96,,TE000034604
Department of Health,NHS Eastbourne Hailsham&Seaford CCG,30/09/2018,C&M-GMS QOF Aspiration,PRC DELEGATED CO-COMMISSIONING,DR JD BARNES & PARTNERS,23953997,9699.88,,TE000034604
Department of Health,NHS Eastbourne Hailsham&Seaford CCG,30/09/2018,C&M-GMS DES Learn Dsblty Hlth Chk,PRC DELEGATED CO-COMMISSIONING,GROVE ROAD SURGERY (EASTBOURNE),23953999,140,,TE000034626
Department of Health,NHS Eastbourne Hailsham&Seaford CCG,30/09/2018,C&M-GMS Global Sum,PRC DELEGATED CO-COMMISSIONING,GROVE ROAD SURGERY (EASTBOURNE),23953999,52490.15,,TE000034626
Department of Health,NHS Eastbourne Hailsham&Seaford CCG,30/09/2018,C&M-GMS PCO Other,PRC DELEGATED CO-COMMISSIONING,GROVE ROAD SURGERY (EASTBOURNE),23953999,497.51,,TE000034626
Department of Health,NHS Eastbourne Hailsham&Seaford CCG,30/09/2018,C&M-GMS PCO Seniority,PRC DELEGATED CO-COMMISSIONING,GROVE ROAD SURGERY (EASTBOURNE),23953999,3415.21,,TE000034626
Department of Health,NHS Eastbourne Hailsham&Seaford CCG,30/09/2018,C&M-GMS Prem Actual Rent,PRC DELEGATED CO-COMMISSIONING,GROVE ROAD SURGERY (EASTBOURNE),23953999,28057.5,,TE000034626
Department of Health,NHS Eastbourne Hailsham&Seaford CCG,30/09/2018,C&M-GMS Prem Rates,PRC DELEGATED CO-COMMISSIONING,GROVE ROAD SURGERY (EASTBOURNE),23953999,2761,,TE000034626
Department of Health,NHS Eastbourne Hailsham&Seaford CCG,30/09/2018,C&M-GMS QOF Aspiration,PRC DELEGATED CO-COMMISSIONING,GROVE ROAD SURGERY (EASTBOURNE),23953999,5893.57,,TE000034626
Department of Health,NHS Eastbourne Hailsham&Seaford CCG,30/09/2018,ME-GMS GP Pension EEs Adjustments,PRC DELEGATED CO-COMMISSIONING,GROVE ROAD SURGERY (EASTBOURNE),23953999,327.34,,TE000034626
Department of Health,NHS Eastbourne Hailsham&Seaford CCG,30/09/2018,ME-GMS GP Pension ERs Adjustments,PRC DELEGATED CO-COMMISSIONING,GROVE ROAD SURGERY (EASTBOURNE),23953999,348.68,,TE000034626
Department of Health,NHS Eastbourne Hailsham&Seaford CCG,30/09/2018,NHS AP InterComm NHSE-CCG Accruals,BALANCE SHEET,NHS HASTINGS & ROTHER CCG,23967773,32685.14,,7026401680
Department of Health,NHS Eastbourne Hailsham&Seaford CCG,30/09/2018,C&M-GMS Cost of Drugs -Dispensing,LOCAL ENHANCED SERVICES,DR PALIT & PARTNERS,23990015,-30838.11,,TE000034804
Department of Health,NHS Eastbourne Hailsham&Seaford CCG,30/09/2018,C&M-GMS PrscChrgsCll&RmttdbyGPCntra,PRC DELEGATED CO-COMMISSIONING,DR PALIT & PARTNERS,23990015,-1144,,TE000034804
Department of Health,NHS Eastbourne Hailsham&Seaford CCG,30/09/2018,C&M-GMS Cost of Drugs -Dispensing,LOCAL ENHANCED SERVICES,DR PALIT & PARTNERS,23990017,59290.58,,TE000034805
Department of Health,NHS Eastbourne Hailsham&Seaford CCG,30/09/2018,C&M-GMS Prof Fees Dispensing,PRC DELEGATED CO-COMMISSIONING,DR PALIT & PARTNERS,23990017,10325.05,,TE000034805
Department of Health,NHS Eastbourne Hailsham&Seaford CCG,30/09/2018,C&M-GMS PrscrptnChrgsColl&RmttdbyGP,LOCAL ENHANCED SERVICES,DR PALIT & PARTNERS,23990017,1144,,TE000034805
Department of Health,NHS Eastbourne Hailsham&Seaford CCG,30/09/2018,Clinical&Medical-Independent Sector,ACUTE CHILDRENS SERVICES,EAST SUSSEX COUNTY COUNCIL,23997630,36868,191803754,8003057486
Department of Health,NHS Eastbourne Hailsham&Seaford CCG,30/09/2018,Accruals <1Yr-Inter Comm-CCG,BALANCE SHEET,NHS HASTINGS & ROTHER CCG,24044825,215829.99,,7026401686
Department of Health,NHS Eastbourne Hailsham&Seaford CCG,30/09/2018,Hlthcre-Foundation Trsts,MENTAL HEALTH CONTRACTS,SUSSEX PARTNERSHIP NHS FOUNDATION TRUST,24085256,58015,654422543,6471413
Department of Health,NHS Eastbourne Hailsham&Seaford CCG,30/09/2018,Hlthcre-Foundation Trsts,MENTAL HEALTH CONTRACTS,SUSSEX PARTNERSHIP NHS FOUNDATION TRUST,24085269,160130,654422543,6471415
Department of Health,NHS Eastbourne Hailsham&Seaford CCG,30/09/2018,Clinical&Medical-Voluntary Sector,HOSPICES,ST WILFRIDS HOSPICE,24085273,630504.5,,106212
