Department family,Entity,Date,Expense Type,Expense area,Supplier,Transaction number,AP Amount (�)
Department of Health,NHS Eastbourne Hailsham&Seaford CCG,31/07/2018,Clinical&Medical-Independent Sector,ACUTE COMMISSIONING,BMI HEALTHCARE COLLECTIONS,22879516,"35,024.61 "
Department of Health,NHS Eastbourne Hailsham&Seaford CCG,31/07/2018,Clinical&Medical-Independent Sector,ACUTE COMMISSIONING,BMI HEALTHCARE COLLECTIONS,22879522,"51,303.82 "
Department of Health,NHS Eastbourne Hailsham&Seaford CCG,31/07/2018,Clinical&Medical-Independent Sector,ACUTE COMMISSIONING,BMI HEALTHCARE COLLECTIONS,22879536,"60,602.44 "
Department of Health,NHS Eastbourne Hailsham&Seaford CCG,31/07/2018,Clinical&Medical-Independent Sector,ACUTE COMMISSIONING,BMI HEALTHCARE COLLECTIONS,22879538,"44,159.19 "
Department of Health,NHS Eastbourne Hailsham&Seaford CCG,31/07/2018,Clinical&Medical-Independent Sector,ACUTE COMMISSIONING,ESOPS,22902075,"46,600.00 "
Department of Health,NHS Eastbourne Hailsham&Seaford CCG,31/07/2018,Hcare Srv Rec Fdtn Trust-Contract Baseline,ACUTE COMMISSIONING,KING`S COLLEGE HOSPITAL NHS FOUNDATION TRUST,22902076,"31,805.00 "
Department of Health,NHS Eastbourne Hailsham&Seaford CCG,31/07/2018,Hcare Srv Rec Fdtn Trust-Contract Baseline,ACUTE COMMISSIONING,UNIVERSITY COLLEGE LONDON HOSPITALS NHS FOUNDATION TRUST,22902083,"53,242.00 "
Department of Health,NHS Eastbourne Hailsham&Seaford CCG,31/07/2018,Accruals <1Yr-Inter Comm-CCG,BALANCE SHEET,NHS HASTINGS & ROTHER CCG,22902087,"208,326.68 "
Department of Health,NHS Eastbourne Hailsham&Seaford CCG,31/07/2018,Clinical&Medical-Independent Sector,ACUTE COMMISSIONING,BMI HEALTHCARE COLLECTIONS,22928346,"44,688.97 "
Department of Health,NHS Eastbourne Hailsham&Seaford CCG,31/07/2018,Hlthcre-Foundation Trsts,MENTAL HEALTH CONTRACTS,SUSSEX PARTNERSHIP NHS FOUNDATION TRUST,22928357,"(89,591.00)"
Department of Health,NHS Eastbourne Hailsham&Seaford CCG,31/07/2018,Hcare Srv Rec Fdtn Trust-Contract Baseline,ACUTE COMMISSIONING,GUYS & ST THOMAS HOSPITAL NHS FOUNDATION TRUST,22928360,"121,971.00 "
Department of Health,NHS Eastbourne Hailsham&Seaford CCG,31/07/2018,Hcare Srv Rec NHS Trust-Contract Baseline,ACUTE COMMISSIONING,MAIDSTONE AND TUNBRIDGE WELLS NHS TRUST,22928370,"106,073.00 "
Department of Health,NHS Eastbourne Hailsham&Seaford CCG,31/07/2018,Clinical&Medical-Othe Public Sector,MENTAL HEALTH SERVICES - OTHER,EAST SUSSEX COUNTY COUNCIL,22928371,"40,000.00 "
Department of Health,NHS Eastbourne Hailsham&Seaford CCG,31/07/2018,Hcare Srv Rec Fdtn Trust-Contract Baseline,NHS 111,SOUTH EAST COAST AMBULANCE SERVICE NHS FOUNDATION TRUST,22928391,"64,111.33 "
Department of Health,NHS Eastbourne Hailsham&Seaford CCG,31/07/2018,Clinical&Medical-Othe Public Sector,MENTAL HEALTH SERVICES - OTHER,EAST SUSSEX COUNTY COUNCIL,22928392,"146,345.53 "
Department of Health,NHS Eastbourne Hailsham&Seaford CCG,31/07/2018,Clinical&Medical-Commercial Sector,OUT OF HOURS,INTEGRATED CARE 24 LTD,22928394,"119,898.08 "
Department of Health,NHS Eastbourne Hailsham&Seaford CCG,31/07/2018,Hcare Srv Rec NHS Trust-Contract Baseline,ACUTE COMMISSIONING,BRIGHTON AND SUSSEX UNIVERSITY HOSPITALS NHS TRUST,22928397,"892,214.00 "
Department of Health,NHS Eastbourne Hailsham&Seaford CCG,31/07/2018,Hcare Srv Rec Fdtn Trust-Contract Baseline,ACUTE COMMISSIONING,QUEEN VICTORIA HOSPITAL NHS FOUNDATION TRUST,22966122,"(469,072.00)"
Department of Health,NHS Eastbourne Hailsham&Seaford CCG,31/07/2018,Hcare Srv Rec Fdtn Trust-Non Contract,NCAS/OATS,GUYS & ST THOMAS HOSPITAL NHS FOUNDATION TRUST,23010572,"25,056.00 "
Department of Health,NHS Eastbourne Hailsham&Seaford CCG,31/07/2018,Clinical&Medical-Independent Sector,ACUTE COMMISSIONING,INTEGRATED CARDIOLOGY SOLUTIONS LTD,23010578,"25,000.00 "
Department of Health,NHS Eastbourne Hailsham&Seaford CCG,31/07/2018,Hcare Srv Rec Fdtn Trust-Contract Baseline,AMBULANCE SERVICES,SOUTH EAST COAST AMBULANCE SERVICE NHS FOUNDATION TRUST,23010582,"839,602.68 "
Department of Health,NHS Eastbourne Hailsham&Seaford CCG,31/07/2018,Hcare Srv Rec Fdtn Trust-Contract Baseline,ACUTE COMMISSIONING,WESTERN SUSSEX HOSPITALS NHS FOUNDATION TRUST,23010585,"35,650.00 "
Department of Health,NHS Eastbourne Hailsham&Seaford CCG,31/07/2018,Hcare Srv Rec Fdtn Trust-Contract Baseline,ACUTE COMMISSIONING,QUEEN VICTORIA HOSPITAL NHS FOUNDATION TRUST,23010589,"469,072.00 "
Department of Health,NHS Eastbourne Hailsham&Seaford CCG,31/07/2018,Hcare Srv Rec Fdtn Trust-Contract Baseline,COMMUNITY SERVICES,SUSSEX COMMUNITY NHS FOUNDATION TRUST,23010590,"77,277.00 "
Department of Health,NHS Eastbourne Hailsham&Seaford CCG,31/07/2018,Hcare Srv Rec NHS Trust-Non Contract,NCAS/OATS,BARTS HEALTH NHS TRUST,23021106,"(40,354.11)"
Department of Health,NHS Eastbourne Hailsham&Seaford CCG,31/07/2018,Hcare Srv Rec Fdtn Trust-Contract Baseline,REABLEMENT,SUSSEX COMMUNITY NHS FOUNDATION TRUST,23021120,"104,000.00 "
Department of Health,NHS Eastbourne Hailsham&Seaford CCG,31/07/2018,Hcare Srv Rec Fdtn Trust-Contract Baseline,ACUTE CHILDRENS SERVICES,KENT COMMUNITY HEALTH NHS FOUNDATION TRUST,23021130,"107,378.00 "
Department of Health,NHS Eastbourne Hailsham&Seaford CCG,31/07/2018,Clinical&Medical-Independent Sector,ACUTE COMMISSIONING,BMI HEALTHCARE COLLECTIONS,23021151,"41,552.49 "
Department of Health,NHS Eastbourne Hailsham&Seaford CCG,31/07/2018,Charges from CSU,FINANCE,NHS SOUTH CENTRAL AND WEST COMMISSIONING SUPPORT UNIT,23021186,"61,677.18 "
Department of Health,NHS Eastbourne Hailsham&Seaford CCG,31/07/2018,Hlthcre-Foundation Trsts,MENTAL HEALTH CONTRACTS,SUSSEX PARTNERSHIP NHS FOUNDATION TRUST,23021201,"145,626.00 "
Department of Health,NHS Eastbourne Hailsham&Seaford CCG,31/07/2018,Hcare Srv Rec Fdtn Trust-Contract Baseline,MENTAL HEALTH CONTRACTS,SUSSEX PARTNERSHIP NHS FOUNDATION TRUST,23021203,"1,395,021.00 "
Department of Health,NHS Eastbourne Hailsham&Seaford CCG,31/07/2018,Hcare Srv Rec NHS Trust-Non Contract,NCAS/OATS,BARTS HEALTH NHS TRUST,23021212,"40,354.11 "
Department of Health,NHS Eastbourne Hailsham&Seaford CCG,31/07/2018,Clinical&Medical-Independent Sector,ACUTE COMMISSIONING,NHS HIGH WEALD LEWES HAVENS CCG,23021265,"1,580,488.00 "
Department of Health,NHS Eastbourne Hailsham&Seaford CCG,31/07/2018,Clinical&Medical-Independent Sector,ACUTE COMMISSIONING,HEALOGICS WOUND HEALING CENTRES,23036831,"33,325.32 "
Department of Health,NHS Eastbourne Hailsham&Seaford CCG,31/07/2018,Clinical&Medical-Independent Sector,ACUTE COMMISSIONING,HEALOGICS WOUND HEALING CENTRES,23036834,"40,540.08 "
Department of Health,NHS Eastbourne Hailsham&Seaford CCG,31/07/2018,Cont Care-Funded Nursing Care Allow,FUNDED NURSING CARE,ABUNDANT GRACE,23044209,"26,638.71 "
Department of Health,NHS Eastbourne Hailsham&Seaford CCG,31/07/2018,Cont Care-Funded Nursing Care Allow,FUNDED NURSING CARE,FILSHAM LODGE,23044220,"27,632.86 "
Department of Health,NHS Eastbourne Hailsham&Seaford CCG,31/07/2018,Cont Care-Funded Nursing Care Allow,FUNDED NURSING CARE,HAILSHAM HOUSE NURSING HOME,23044222,"62,998.70 "
Department of Health,NHS Eastbourne Hailsham&Seaford CCG,31/07/2018,Cont Care-Funded Nursing Care Allow,FUNDED NURSING CARE,INGLEWOOD NURSING HOME,23044224,"27,558.34 "
Department of Health,NHS Eastbourne Hailsham&Seaford CCG,31/07/2018,Cont Care-Funded Nursing Care Allow,FUNDED NURSING CARE,SUNRISE SENIOR LIVING EASTBOURNE,23044235,"32,761.79 "
Department of Health,NHS Eastbourne Hailsham&Seaford CCG,31/07/2018,Clinical&Medical-Commercial Sector,NCAS/OATS,SPIRE HEALTHCARE LTD,23060881,"28,018.71 "
Department of Health,NHS Eastbourne Hailsham&Seaford CCG,31/07/2018,C&M-GMS DES Extended Hours Access,PRC DELEGATED CO-COMMISSIONING,DOWNLANDS MEDICAL CENTRE,23086345,"5,138.55 "
Department of Health,NHS Eastbourne Hailsham&Seaford CCG,31/07/2018,C&M-GMS Global Sum,PRC DELEGATED CO-COMMISSIONING,DOWNLANDS MEDICAL CENTRE,23086345,"87,844.57 "
Department of Health,NHS Eastbourne Hailsham&Seaford CCG,31/07/2018,C&M-GMS PCO Other,PRC DELEGATED CO-COMMISSIONING,DOWNLANDS MEDICAL CENTRE,23086345,741.15 
Department of Health,NHS Eastbourne Hailsham&Seaford CCG,31/07/2018,C&M-GMS Prem Notional Rent,PRC DELEGATED CO-COMMISSIONING,DOWNLANDS MEDICAL CENTRE,23086345,"3,666.67 "
Department of Health,NHS Eastbourne Hailsham&Seaford CCG,31/07/2018,C&M-GMS Prem Rates,PRC DELEGATED CO-COMMISSIONING,DOWNLANDS MEDICAL CENTRE,23086345,"1,668.00 "
Department of Health,NHS Eastbourne Hailsham&Seaford CCG,31/07/2018,C&M-GMS Prem Water Rates,PRC DELEGATED CO-COMMISSIONING,DOWNLANDS MEDICAL CENTRE,23086345,441.62 
Department of Health,NHS Eastbourne Hailsham&Seaford CCG,31/07/2018,C&M-GMS QOF Aspiration,PRC DELEGATED CO-COMMISSIONING,DOWNLANDS MEDICAL CENTRE,23086345,"11,723.17 "
Department of Health,NHS Eastbourne Hailsham&Seaford CCG,31/07/2018,C&M-GMS DES Extended Hours Access,PRC DELEGATED CO-COMMISSIONING,DR ADOKI & PTNR,23086347,"3,297.45 "
Department of Health,NHS Eastbourne Hailsham&Seaford CCG,31/07/2018,C&M-GMS Global Sum,PRC DELEGATED CO-COMMISSIONING,DR ADOKI & PTNR,23086347,"46,983.91 "
Department of Health,NHS Eastbourne Hailsham&Seaford CCG,31/07/2018,C&M-GMS Other FDR Payment,PRC DELEGATED CO-COMMISSIONING,DR ADOKI & PTNR,23086347,"4,838.84 "
Department of Health,NHS Eastbourne Hailsham&Seaford CCG,31/07/2018,C&M-GMS Prem Notional Rent,PRC DELEGATED CO-COMMISSIONING,DR ADOKI & PTNR,23086347,"11,165.00 "
Department of Health,NHS Eastbourne Hailsham&Seaford CCG,31/07/2018,C&M-GMS QOF Aspiration,PRC DELEGATED CO-COMMISSIONING,DR ADOKI & PTNR,23086347,"4,902.94 "
Department of Health,NHS Eastbourne Hailsham&Seaford CCG,31/07/2018,C&M-GMS DES Extended Hours Access,PRC DELEGATED CO-COMMISSIONING,DR BAIG & PARTNERS,23086349,"5,909.95 "
Department of Health,NHS Eastbourne Hailsham&Seaford CCG,31/07/2018,C&M-GMS Global Sum,PRC DELEGATED CO-COMMISSIONING,DR BAIG & PARTNERS,23086349,"93,015.70 "
Department of Health,NHS Eastbourne Hailsham&Seaford CCG,31/07/2018,C&M-GMS Prem Notional Rent,PRC DELEGATED CO-COMMISSIONING,DR BAIG & PARTNERS,23086349,"1,583.33 "
Department of Health,NHS Eastbourne Hailsham&Seaford CCG,31/07/2018,C&M-GMS Prem Rates,PRC DELEGATED CO-COMMISSIONING,DR BAIG & PARTNERS,23086349,"3,808.00 "
Department of Health,NHS Eastbourne Hailsham&Seaford CCG,31/07/2018,C&M-GMS QOF Aspiration,PRC DELEGATED CO-COMMISSIONING,DR BAIG & PARTNERS,23086349,"10,956.42 "
Department of Health,NHS Eastbourne Hailsham&Seaford CCG,31/07/2018,C&M-GMS GP Statutory Levy,PRC DELEGATED CO-COMMISSIONING,DR BARNES M H & PARTNERS,23086350,(579.28)
Department of Health,NHS Eastbourne Hailsham&Seaford CCG,31/07/2018,C&M-GMS Voluntary Levy,PRC DELEGATED CO-COMMISSIONING,DR BARNES M H & PARTNERS,23086350,(119.42)
Department of Health,NHS Eastbourne Hailsham&Seaford CCG,31/07/2018,ME - GMS TPS Added Years Adj EEs,PRC DELEGATED CO-COMMISSIONING,DR BARNES M H & PARTNERS,23086350,"(1,490.21)"
Department of Health,NHS Eastbourne Hailsham&Seaford CCG,31/07/2018,ME-GMS GP Pension EEs,PRC DELEGATED CO-COMMISSIONING,DR BARNES M H & PARTNERS,23086350,"(12,176.98)"
Department of Health,NHS Eastbourne Hailsham&Seaford CCG,31/07/2018,ME-GMS GP Pension ERs Adjustments,PRC DELEGATED CO-COMMISSIONING,DR BARNES M H & PARTNERS,23086350,"(12,716.12)"
Department of Health,NHS Eastbourne Hailsham&Seaford CCG,31/07/2018,C&M-GMS DES Extended Hours Access,PRC DELEGATED CO-COMMISSIONING,DR BARNES M H & PARTNERS,23086351,"8,454.53 "
Department of Health,NHS Eastbourne Hailsham&Seaford CCG,31/07/2018,C&M-GMS Global Sum,PRC DELEGATED CO-COMMISSIONING,DR BARNES M H & PARTNERS,23086351,"134,183.79 "
Department of Health,NHS Eastbourne Hailsham&Seaford CCG,31/07/2018,C&M-GMS MPIG Correction Factor,PRC DELEGATED CO-COMMISSIONING,DR BARNES M H & PARTNERS,23086351,60.29 
Department of Health,NHS Eastbourne Hailsham&Seaford CCG,31/07/2018,C&M-GMS PCO Locum Sickness,PRC DELEGATED CO-COMMISSIONING,DR BARNES M H & PARTNERS,23086351,"1,751.52 "
Department of Health,NHS Eastbourne Hailsham&Seaford CCG,31/07/2018,C&M-GMS PCO Other,PRC DELEGATED CO-COMMISSIONING,DR BARNES M H & PARTNERS,23086351,"1,182.33 "
Department of Health,NHS Eastbourne Hailsham&Seaford CCG,31/07/2018,C&M-GMS QOF Aspiration,PRC DELEGATED CO-COMMISSIONING,DR BARNES M H & PARTNERS,23086351,"19,150.99 "
Department of Health,NHS Eastbourne Hailsham&Seaford CCG,31/07/2018,ME - GMS GP Prior Year ERs,PRC DELEGATED CO-COMMISSIONING,DR BARNES M H & PARTNERS,23086351,29.98 
Department of Health,NHS Eastbourne Hailsham&Seaford CCG,31/07/2018,ME-GMS GP Prior Year EEs,PRC DELEGATED CO-COMMISSIONING,DR BARNES M H & PARTNERS,23086351,"1,285.78 "
Department of Health,NHS Eastbourne Hailsham&Seaford CCG,31/07/2018,C&M-GMS DES Extended Hours Access,PRC DELEGATED CO-COMMISSIONING,DR EDWARDS & PARTNER,23086354,"4,217.05 "
Department of Health,NHS Eastbourne Hailsham&Seaford CCG,31/07/2018,C&M-GMS Global Sum,PRC DELEGATED CO-COMMISSIONING,DR EDWARDS & PARTNER,23086354,"67,238.61 "
Department of Health,NHS Eastbourne Hailsham&Seaford CCG,31/07/2018,C&M-GMS MPIG Correction Factor,PRC DELEGATED CO-COMMISSIONING,DR EDWARDS & PARTNER,23086354,733.25 
Department of Health,NHS Eastbourne Hailsham&Seaford CCG,31/07/2018,C&M-GMS Prem Notional Rent,PRC DELEGATED CO-COMMISSIONING,DR EDWARDS & PARTNER,23086354,"7,508.00 "
Department of Health,NHS Eastbourne Hailsham&Seaford CCG,31/07/2018,C&M-GMS Prem Rates,PRC DELEGATED CO-COMMISSIONING,DR EDWARDS & PARTNER,23086354,"2,682.00 "
Department of Health,NHS Eastbourne Hailsham&Seaford CCG,31/07/2018,C&M-GMS QOF Aspiration,PRC DELEGATED CO-COMMISSIONING,DR EDWARDS & PARTNER,23086354,"9,607.22 "
Department of Health,NHS Eastbourne Hailsham&Seaford CCG,31/07/2018,C&M-GMS Global Sum,PRC DELEGATED CO-COMMISSIONING,DR JD BARNES & PARTNERS,23086356,"80,402.54 "
Department of Health,NHS Eastbourne Hailsham&Seaford CCG,31/07/2018,C&M-GMS Prem Notional Rent,PRC DELEGATED CO-COMMISSIONING,DR JD BARNES & PARTNERS,23086356,"6,049.58 "
Department of Health,NHS Eastbourne Hailsham&Seaford CCG,31/07/2018,C&M-GMS QOF Aspiration,PRC DELEGATED CO-COMMISSIONING,DR JD BARNES & PARTNERS,23086356,"9,699.88 "
Department of Health,NHS Eastbourne Hailsham&Seaford CCG,31/07/2018,C&M-GMS Global Sum,PRC DELEGATED CO-COMMISSIONING,DR MILLER & PARTNERS,23086358,"60,721.23 "
Department of Health,NHS Eastbourne Hailsham&Seaford CCG,31/07/2018,C&M-GMS PCO Other,PRC DELEGATED CO-COMMISSIONING,DR MILLER & PARTNERS,23086358,590.72 
Department of Health,NHS Eastbourne Hailsham&Seaford CCG,31/07/2018,C&M-GMS Prem Notional Rent,PRC DELEGATED CO-COMMISSIONING,DR MILLER & PARTNERS,23086358,"4,618.42 "
Department of Health,NHS Eastbourne Hailsham&Seaford CCG,31/07/2018,C&M-GMS Prem Rates,PRC DELEGATED CO-COMMISSIONING,DR MILLER & PARTNERS,23086358,"1,660.00 "
Department of Health,NHS Eastbourne Hailsham&Seaford CCG,31/07/2018,C&M-GMS QOF Aspiration,PRC DELEGATED CO-COMMISSIONING,DR MILLER & PARTNERS,23086358,"7,224.11 "
Department of Health,NHS Eastbourne Hailsham&Seaford CCG,31/07/2018,C&M-GMS DES Extended Hours Access,PRC DELEGATED CO-COMMISSIONING,DR PALIT & PARTNERS,23086360,"4,716.75 "
Department of Health,NHS Eastbourne Hailsham&Seaford CCG,31/07/2018,C&M-GMS Global Sum,PRC DELEGATED CO-COMMISSIONING,DR PALIT & PARTNERS,23086360,"75,297.40 "
Department of Health,NHS Eastbourne Hailsham&Seaford CCG,31/07/2018,C&M-GMS MPIG Correction Factor,PRC DELEGATED CO-COMMISSIONING,DR PALIT & PARTNERS,23086360,"1,374.40 "
Department of Health,NHS Eastbourne Hailsham&Seaford CCG,31/07/2018,C&M-GMS PCO Other,PRC DELEGATED CO-COMMISSIONING,DR PALIT & PARTNERS,23086360,686.26 
Department of Health,NHS Eastbourne Hailsham&Seaford CCG,31/07/2018,C&M-GMS Prem Actual Rent,PRC DELEGATED CO-COMMISSIONING,DR PALIT & PARTNERS,23086360,"2,235.17 "
Department of Health,NHS Eastbourne Hailsham&Seaford CCG,31/07/2018,C&M-GMS Prem Notional Rent,PRC DELEGATED CO-COMMISSIONING,DR PALIT & PARTNERS,23086360,"2,138.75 "
Department of Health,NHS Eastbourne Hailsham&Seaford CCG,31/07/2018,C&M-GMS Prem Rates,PRC DELEGATED CO-COMMISSIONING,DR PALIT & PARTNERS,23086360,"3,803.00 "
Department of Health,NHS Eastbourne Hailsham&Seaford CCG,31/07/2018,C&M-GMS Prem Water Rates,PRC DELEGATED CO-COMMISSIONING,DR PALIT & PARTNERS,23086360,236.97 
Department of Health,NHS Eastbourne Hailsham&Seaford CCG,31/07/2018,C&M-GMS QOF Aspiration,PRC DELEGATED CO-COMMISSIONING,DR PALIT & PARTNERS,23086360,"10,325.02 "
Department of Health,NHS Eastbourne Hailsham&Seaford CCG,31/07/2018,C&M-GMS DES Extended Hours Access,PRC DELEGATED CO-COMMISSIONING,DR PEARCE & PARTNERS,23086363,"5,600.73 "
Department of Health,NHS Eastbourne Hailsham&Seaford CCG,31/07/2018,C&M-GMS Global Sum,PRC DELEGATED CO-COMMISSIONING,DR PEARCE & PARTNERS,23086363,"82,477.16 "
Department of Health,NHS Eastbourne Hailsham&Seaford CCG,31/07/2018,C&M-GMS PCO Other,PRC DELEGATED CO-COMMISSIONING,DR PEARCE & PARTNERS,23086363,810.36 
Department of Health,NHS Eastbourne Hailsham&Seaford CCG,31/07/2018,C&M-GMS Prem Notional Rent,PRC DELEGATED CO-COMMISSIONING,DR PEARCE & PARTNERS,23086363,"5,877.09 "
Department of Health,NHS Eastbourne Hailsham&Seaford CCG,31/07/2018,C&M-GMS Prem Rates,PRC DELEGATED CO-COMMISSIONING,DR PEARCE & PARTNERS,23086363,"1,109.00 "
Department of Health,NHS Eastbourne Hailsham&Seaford CCG,31/07/2018,C&M-GMS QOF Aspiration,PRC DELEGATED CO-COMMISSIONING,DR PEARCE & PARTNERS,23086363,"11,989.82 "
Department of Health,NHS Eastbourne Hailsham&Seaford CCG,31/07/2018,C&M-GMS Global Sum,PRC DELEGATED CO-COMMISSIONING,DR WILLIAMS & PARTNERS EASTBOURNE,23086366,"94,594.18 "
Department of Health,NHS Eastbourne Hailsham&Seaford CCG,31/07/2018,C&M-GMS PCO Other,PRC DELEGATED CO-COMMISSIONING,DR WILLIAMS & PARTNERS EASTBOURNE,23086366,811.14 
Department of Health,NHS Eastbourne Hailsham&Seaford CCG,31/07/2018,C&M-GMS PCO Seniority,PRC DELEGATED CO-COMMISSIONING,DR WILLIAMS & PARTNERS EASTBOURNE,23086366,"4,353.83 "
Department of Health,NHS Eastbourne Hailsham&Seaford CCG,31/07/2018,C&M-GMS Prem Notional Rent,PRC DELEGATED CO-COMMISSIONING,DR WILLIAMS & PARTNERS EASTBOURNE,23086366,"6,971.66 "
Department of Health,NHS Eastbourne Hailsham&Seaford CCG,31/07/2018,C&M-GMS Prem Rates,PRC DELEGATED CO-COMMISSIONING,DR WILLIAMS & PARTNERS EASTBOURNE,23086366,"2,753.00 "
Department of Health,NHS Eastbourne Hailsham&Seaford CCG,31/07/2018,C&M-GMS QOF Aspiration,PRC DELEGATED CO-COMMISSIONING,DR WILLIAMS & PARTNERS EASTBOURNE,23086366,"14,133.29 "
Department of Health,NHS Eastbourne Hailsham&Seaford CCG,31/07/2018,C&M-GMS Global Sum,PRC DELEGATED CO-COMMISSIONING,DR VERGHESE & PARTNERS,23086368,"52,490.15 "
Department of Health,NHS Eastbourne Hailsham&Seaford CCG,31/07/2018,C&M-GMS PCO Other,PRC DELEGATED CO-COMMISSIONING,DR VERGHESE & PARTNERS,23086368,497.51 
Department of Health,NHS Eastbourne Hailsham&Seaford CCG,31/07/2018,C&M-GMS Prem Rates,PRC DELEGATED CO-COMMISSIONING,DR VERGHESE & PARTNERS,23086368,"2,761.00 "
Department of Health,NHS Eastbourne Hailsham&Seaford CCG,31/07/2018,C&M-GMS QOF Aspiration,PRC DELEGATED CO-COMMISSIONING,DR VERGHESE & PARTNERS,23086368,"5,893.57 "
Department of Health,NHS Eastbourne Hailsham&Seaford CCG,31/07/2018,C&M-GMS DES Extended Hours Access,PRC DELEGATED CO-COMMISSIONING,PARK PRACTICE,23086370,"5,321.43 "
Department of Health,NHS Eastbourne Hailsham&Seaford CCG,31/07/2018,C&M-GMS Global Sum,PRC DELEGATED CO-COMMISSIONING,PARK PRACTICE,23086370,"75,776.63 "
Department of Health,NHS Eastbourne Hailsham&Seaford CCG,31/07/2018,C&M-GMS MPIG Correction Factor,PRC DELEGATED CO-COMMISSIONING,PARK PRACTICE,23086370,203.75 
Department of Health,NHS Eastbourne Hailsham&Seaford CCG,31/07/2018,C&M-GMS Prem Rates,PRC DELEGATED CO-COMMISSIONING,PARK PRACTICE,23086370,"2,511.00 "
Department of Health,NHS Eastbourne Hailsham&Seaford CCG,31/07/2018,C&M-GMS QOF Aspiration,PRC DELEGATED CO-COMMISSIONING,PARK PRACTICE,23086370,"10,691.06 "
Department of Health,NHS Eastbourne Hailsham&Seaford CCG,31/07/2018,C&M-GMS DES Extended Hours Access,PRC DELEGATED CO-COMMISSIONING,HERSTMONCEUX HEALTH CENTRE,23086373,"2,115.18 "
Department of Health,NHS Eastbourne Hailsham&Seaford CCG,31/07/2018,C&M-GMS Global Sum,PRC DELEGATED CO-COMMISSIONING,HERSTMONCEUX HEALTH CENTRE,23086373,"33,820.50 "
Department of Health,NHS Eastbourne Hailsham&Seaford CCG,31/07/2018,C&M-GMS PCO Doctors Ret Scheme,PRC DELEGATED CO-COMMISSIONING,HERSTMONCEUX HEALTH CENTRE,23086373,"2,999.88 "
Department of Health,NHS Eastbourne Hailsham&Seaford CCG,31/07/2018,C&M-GMS PCO Other,PRC DELEGATED CO-COMMISSIONING,HERSTMONCEUX HEALTH CENTRE,23086373,335.52 
Department of Health,NHS Eastbourne Hailsham&Seaford CCG,31/07/2018,C&M-GMS Prem Notional Rent,PRC DELEGATED CO-COMMISSIONING,HERSTMONCEUX HEALTH CENTRE,23086373,"7,450.00 "
Department of Health,NHS Eastbourne Hailsham&Seaford CCG,31/07/2018,C&M-GMS Prem Rates,PRC DELEGATED CO-COMMISSIONING,HERSTMONCEUX HEALTH CENTRE,23086373,"2,353.00 "
Department of Health,NHS Eastbourne Hailsham&Seaford CCG,31/07/2018,C&M-GMS QOF Aspiration,PRC DELEGATED CO-COMMISSIONING,HERSTMONCEUX HEALTH CENTRE,23086373,"3,704.95 "
Department of Health,NHS Eastbourne Hailsham&Seaford CCG,31/07/2018,Clinical&Medical-Clinical Other,LONG TERM CONDITIONS,DR WILLIAMS & PARTNERS EASTBOURNE,23099512,"28,224.13 "
Department of Health,NHS Eastbourne Hailsham&Seaford CCG,31/07/2018,C&M-GMS LES Dermatology/Cryotherapy,LOCAL ENHANCED SERVICES,DR WILLIAMS & PARTNERS EASTBOURNE,23099518,"40,843.58 "
Department of Health,NHS Eastbourne Hailsham&Seaford CCG,31/07/2018,C&M-GMS LES Dermatology/Cryotherapy,LOCAL ENHANCED SERVICES,PARK PRACTICE,23102126,"50,215.38 "
Department of Health,NHS Eastbourne Hailsham&Seaford CCG,31/07/2018,Clinical&Medical-Clinical Other,LONG TERM CONDITIONS,DR EDWARDS & PARTNER,23102165,"28,410.48 "
Department of Health,NHS Eastbourne Hailsham&Seaford CCG,31/07/2018,C&M-GMS LES Dermatology/Cryotherapy,LOCAL ENHANCED SERVICES,DR EDWARDS & PARTNER,23102177,"101,218.77 "
Department of Health,NHS Eastbourne Hailsham&Seaford CCG,31/07/2018,C&M-GMS LES Anti-coagulation,LOCAL ENHANCED SERVICES,DR BARNES M H & PARTNERS,23102207,"26,839.28 "
Department of Health,NHS Eastbourne Hailsham&Seaford CCG,31/07/2018,C&M-GMS DES Extended Hours Access,PRC DELEGATED CO-COMMISSIONING,DR EYRE & PARTNERS,23103989,"7,578.68 "
Department of Health,NHS Eastbourne Hailsham&Seaford CCG,31/07/2018,C&M-GMS Global Sum,PRC DELEGATED CO-COMMISSIONING,DR EYRE & PARTNERS,23103989,"126,337.72 "
Department of Health,NHS Eastbourne Hailsham&Seaford CCG,31/07/2018,C&M-GMS PCO Other,PRC DELEGATED CO-COMMISSIONING,DR EYRE & PARTNERS,23103989,"2,136.24 "
Department of Health,NHS Eastbourne Hailsham&Seaford CCG,31/07/2018,C&M-GMS Prem Notional Rent,PRC DELEGATED CO-COMMISSIONING,DR EYRE & PARTNERS,23103989,"6,525.04 "
Department of Health,NHS Eastbourne Hailsham&Seaford CCG,31/07/2018,C&M-GMS Prem Rates,PRC DELEGATED CO-COMMISSIONING,DR EYRE & PARTNERS,23103989,"2,067.00 "
Department of Health,NHS Eastbourne Hailsham&Seaford CCG,31/07/2018,C&M-GMS QOF Aspiration,PRC DELEGATED CO-COMMISSIONING,DR EYRE & PARTNERS,23103989,"17,997.07 "
Department of Health,NHS Eastbourne Hailsham&Seaford CCG,31/07/2018,C&M-GMS Global Sum,PRC DELEGATED CO-COMMISSIONING,BOLTON ROAD SURGERY (EASTBOURNE),23103990,"40,557.24 "
Department of Health,NHS Eastbourne Hailsham&Seaford CCG,31/07/2018,C&M-GMS PCO Other,PRC DELEGATED CO-COMMISSIONING,BOLTON ROAD SURGERY (EASTBOURNE),23103990,768.82 
Department of Health,NHS Eastbourne Hailsham&Seaford CCG,31/07/2018,C&M-GMS Prem Notional Rent,PRC DELEGATED CO-COMMISSIONING,BOLTON ROAD SURGERY (EASTBOURNE),23103990,"3,715.42 "
Department of Health,NHS Eastbourne Hailsham&Seaford CCG,31/07/2018,C&M-GMS Prem Rates,PRC DELEGATED CO-COMMISSIONING,BOLTON ROAD SURGERY (EASTBOURNE),23103990,"1,656.00 "
Department of Health,NHS Eastbourne Hailsham&Seaford CCG,31/07/2018,C&M-GMS QOF Aspiration,PRC DELEGATED CO-COMMISSIONING,BOLTON ROAD SURGERY (EASTBOURNE),23103990,"4,341.31 "
Department of Health,NHS Eastbourne Hailsham&Seaford CCG,31/07/2018,C&M-GMS Global Sum,PRC DELEGATED CO-COMMISSIONING,DR RD BROWN & PARTNERS,23103991,"53,411.62 "
Department of Health,NHS Eastbourne Hailsham&Seaford CCG,31/07/2018,C&M-GMS PCO Locum Adop/Pat/Mat,PRC DELEGATED CO-COMMISSIONING,DR RD BROWN & PARTNERS,23103991,"5,267.43 "
Department of Health,NHS Eastbourne Hailsham&Seaford CCG,31/07/2018,C&M-GMS Prem Rates,PRC DELEGATED CO-COMMISSIONING,DR RD BROWN & PARTNERS,23103991,281.00 
Department of Health,NHS Eastbourne Hailsham&Seaford CCG,31/07/2018,C&M-GMS QOF Aspiration,PRC DELEGATED CO-COMMISSIONING,DR RD BROWN & PARTNERS,23103991,"6,016.63 "
Department of Health,NHS Eastbourne Hailsham&Seaford CCG,31/07/2018,C&M-GMS DES Extended Hours Access,PRC DELEGATED CO-COMMISSIONING,DR SAVVAS S & PARTNER,23103992,"3,034.78 "
Department of Health,NHS Eastbourne Hailsham&Seaford CCG,31/07/2018,C&M-GMS Global Sum,PRC DELEGATED CO-COMMISSIONING,DR SAVVAS S & PARTNER,23103992,"43,030.45 "
Department of Health,NHS Eastbourne Hailsham&Seaford CCG,31/07/2018,C&M-GMS MPIG Correction Factor,PRC DELEGATED CO-COMMISSIONING,DR SAVVAS S & PARTNER,23103992,213.34 
Department of Health,NHS Eastbourne Hailsham&Seaford CCG,31/07/2018,C&M-GMS PCO Other,PRC DELEGATED CO-COMMISSIONING,DR SAVVAS S & PARTNER,23103992,"4,185.00 "
Department of Health,NHS Eastbourne Hailsham&Seaford CCG,31/07/2018,C&M-GMS Prem Rates,PRC DELEGATED CO-COMMISSIONING,DR SAVVAS S & PARTNER,23103992,807.00 
Department of Health,NHS Eastbourne Hailsham&Seaford CCG,31/07/2018,C&M-GMS QOF Aspiration,PRC DELEGATED CO-COMMISSIONING,DR SAVVAS S & PARTNER,23103992,"5,791.14 "
Department of Health,NHS Eastbourne Hailsham&Seaford CCG,31/07/2018,C&M-GMS DES Extended Hours Access,PRC DELEGATED CO-COMMISSIONING,SOVEREIGN PRACTICE,23103993,"6,766.85 "
Department of Health,NHS Eastbourne Hailsham&Seaford CCG,31/07/2018,C&M-GMS Global Sum,PRC DELEGATED CO-COMMISSIONING,SOVEREIGN PRACTICE,23103993,"105,771.35 "
Department of Health,NHS Eastbourne Hailsham&Seaford CCG,31/07/2018,C&M-GMS Other FDR Payment,PRC DELEGATED CO-COMMISSIONING,SOVEREIGN PRACTICE,23103993,"13,401.44 "
Department of Health,NHS Eastbourne Hailsham&Seaford CCG,31/07/2018,C&M-GMS PCO Doctors Ret Scheme,PRC DELEGATED CO-COMMISSIONING,SOVEREIGN PRACTICE,23103993,"10,230.36 "
Department of Health,NHS Eastbourne Hailsham&Seaford CCG,31/07/2018,C&M-GMS PCO Other,PRC DELEGATED CO-COMMISSIONING,SOVEREIGN PRACTICE,23103993,961.35 
Department of Health,NHS Eastbourne Hailsham&Seaford CCG,31/07/2018,C&M-GMS PCO Seniority,PRC DELEGATED CO-COMMISSIONING,SOVEREIGN PRACTICE,23103993,"2,842.88 "
Department of Health,NHS Eastbourne Hailsham&Seaford CCG,31/07/2018,C&M-GMS Prem Notional Rent,PRC DELEGATED CO-COMMISSIONING,SOVEREIGN PRACTICE,23103993,"4,900.00 "
Department of Health,NHS Eastbourne Hailsham&Seaford CCG,31/07/2018,C&M-GMS QOF Aspiration,PRC DELEGATED CO-COMMISSIONING,SOVEREIGN PRACTICE,23103993,"11,555.46 "
Department of Health,NHS Eastbourne Hailsham&Seaford CCG,31/07/2018,ME - GMS GP Prior Year ERs,PRC DELEGATED CO-COMMISSIONING,SOVEREIGN PRACTICE,23103993,"2,139.03 "
Department of Health,NHS Eastbourne Hailsham&Seaford CCG,31/07/2018,ME-GMS GP Prior Year AVCs,PRC DELEGATED CO-COMMISSIONING,SOVEREIGN PRACTICE,23103993,584.59 
Department of Health,NHS Eastbourne Hailsham&Seaford CCG,31/07/2018,ME-GMS GP Prior Year EEs,PRC DELEGATED CO-COMMISSIONING,SOVEREIGN PRACTICE,23103993,"2,156.88 "
Department of Health,NHS Eastbourne Hailsham&Seaford CCG,31/07/2018,C&M-GMS DES Extended Hours Access,PRC DELEGATED CO-COMMISSIONING,GREEN STREET CLINIC,23103994,"5,013.15 "
Department of Health,NHS Eastbourne Hailsham&Seaford CCG,31/07/2018,C&M-GMS Global Sum,PRC DELEGATED CO-COMMISSIONING,GREEN STREET CLINIC,23103994,"75,048.49 "
Department of Health,NHS Eastbourne Hailsham&Seaford CCG,31/07/2018,C&M-GMS MPIG Correction Factor,PRC DELEGATED CO-COMMISSIONING,GREEN STREET CLINIC,23103994,297.20 
Department of Health,NHS Eastbourne Hailsham&Seaford CCG,31/07/2018,C&M-GMS PCO Other,PRC DELEGATED CO-COMMISSIONING,GREEN STREET CLINIC,23103994,"6,512.00 "
Department of Health,NHS Eastbourne Hailsham&Seaford CCG,31/07/2018,C&M-GMS Prem Notional Rent,PRC DELEGATED CO-COMMISSIONING,GREEN STREET CLINIC,23103994,"3,197.08 "
Department of Health,NHS Eastbourne Hailsham&Seaford CCG,31/07/2018,C&M-GMS Prem Rates,PRC DELEGATED CO-COMMISSIONING,GREEN STREET CLINIC,23103994,"1,600.00 "
Department of Health,NHS Eastbourne Hailsham&Seaford CCG,31/07/2018,C&M-GMS QOF Aspiration,PRC DELEGATED CO-COMMISSIONING,GREEN STREET CLINIC,23103994,"8,592.00 "
Department of Health,NHS Eastbourne Hailsham&Seaford CCG,31/07/2018,C&M-GMS Cost of Drugs -Dispensing,LOCAL ENHANCED SERVICES,DR PALIT & PARTNERS,23123500,"(33,399.08)"
Department of Health,NHS Eastbourne Hailsham&Seaford CCG,31/07/2018,C&M-GMS PrscChrgsCll&RmttdbyGPCntra,PRC DELEGATED CO-COMMISSIONING,DR PALIT & PARTNERS,23123500,"(1,575.20)"
Department of Health,NHS Eastbourne Hailsham&Seaford CCG,31/07/2018,C&M-GMS Cost of Drugs -Dispensing,LOCAL ENHANCED SERVICES,DR PALIT & PARTNERS,23123504,"56,906.41 "
Department of Health,NHS Eastbourne Hailsham&Seaford CCG,31/07/2018,C&M-GMS Prof Fees Dispensing,PRC DELEGATED CO-COMMISSIONING,DR PALIT & PARTNERS,23123504,"11,415.84 "
Department of Health,NHS Eastbourne Hailsham&Seaford CCG,31/07/2018,C&M-GMS PrscrptnChrgsColl&RmttdbyGP,LOCAL ENHANCED SERVICES,DR PALIT & PARTNERS,23123504,"1,575.20 "
Department of Health,NHS Eastbourne Hailsham&Seaford CCG,31/07/2018,Hcare Srv Rec Fdtn Trust-Contract Baseline,COMMUNITY SERVICES,SUSSEX COMMUNITY NHS FOUNDATION TRUST,23153346,"(39,920.16)"
Department of Health,NHS Eastbourne Hailsham&Seaford CCG,31/07/2018,Hcare Srv Rec Fdtn Trust-Contract Baseline,ACUTE COMMISSIONING,KING`S COLLEGE HOSPITAL NHS FOUNDATION TRUST,23153364,"(25,809.00)"
Department of Health,NHS Eastbourne Hailsham&Seaford CCG,31/07/2018,Clinical&Medical-Independent Sector,ACUTE COMMISSIONING,HEALOGICS WOUND HEALING CENTRES,23175517,"34,666.84 "
Department of Health,NHS Eastbourne Hailsham&Seaford CCG,31/07/2018,Clinical&Medical-Independent Sector,ACUTE COMMISSIONING,HEALOGICS WOUND HEALING CENTRES,23175549,"36,728.20 "
Department of Health,NHS Eastbourne Hailsham&Seaford CCG,31/07/2018,Hcare Srv Rec NHS Trust-Contract Baseline,COMMUNITY SERVICES,EAST SUSSEX HEALTHCARE NHS TRUST,23261297,"63,415.32 "
Department of Health,NHS Eastbourne Hailsham&Seaford CCG,31/07/2018,Clinical&Medical-Independent Sector,ACUTE COMMISSIONING,BMI HEALTHCARE COLLECTIONS,23261306,"57,808.12 "
Department of Health,NHS Eastbourne Hailsham&Seaford CCG,31/07/2018,C&M-APMS Contract Value,PRC DELEGATED CO-COMMISSIONING,INTEGRATED CARE 24 LTD,23261312,"267,174.99 "
Department of Health,NHS Eastbourne Hailsham&Seaford CCG,31/07/2018,Hcare Srv Rec Fdtn Trust-Contract Baseline,ACUTE COMMISSIONING,QUEEN VICTORIA HOSPITAL NHS FOUNDATION TRUST,23261324,"191,794.81 "
,,,,,,,
