Department family,Entity,Date,Expense Type,Expense area,Supplier,Transaction number,AP Amount (�),VAT registration number,Purchase invoice number
Department of Health,NHS Eastbourne Hailsham&Seaford CCG,31/12/2018,Accruals <1Yr-Inter Comm-CCG,BALANCE SHEET,NHS HASTINGS & ROTHER CCG,25007324,181843.66,,7026401773
Department of Health,NHS Eastbourne Hailsham&Seaford CCG,31/12/2018,NHS AP InterComm NHSE-CCG Accruals,BALANCE SHEET,NHS HASTINGS & ROTHER CCG,25007342,111387.75,,7026401778
Department of Health,NHS Eastbourne Hailsham&Seaford CCG,31/12/2018,Hcare Srv Rec Fdtn Trust-Contract Baseline,ACUTE COMMISSIONING,GUYS & ST THOMAS HOSPITAL NHS FOUNDATION TRUST,25029000,132619,654923417,3251830
Department of Health,NHS Eastbourne Hailsham&Seaford CCG,31/12/2018,Hcare Srv Rec Fdtn Trust-Contract Baseline,ACUTE COMMISSIONING,QUEEN VICTORIA HOSPITAL NHS FOUNDATION TRUST,25029118,117268,654946595,2010016630
Department of Health,NHS Eastbourne Hailsham&Seaford CCG,31/12/2018,Accruals <1Yr-Inter Comm-CCG,BALANCE SHEET,NHS HASTINGS & ROTHER CCG,25029148,163812,,7026401783
Department of Health,NHS Eastbourne Hailsham&Seaford CCG,31/12/2018,Cont Care- Children,CHC CHILDREN,NHS HASTINGS & ROTHER CCG,25029159,312910,,7026401784
Department of Health,NHS Eastbourne Hailsham&Seaford CCG,31/12/2018,Accruals <1Yr-Inter Comm-CCG,BALANCE SHEET,NHS HASTINGS & ROTHER CCG,25029163,324165,,7026401786
Department of Health,NHS Eastbourne Hailsham&Seaford CCG,31/12/2018,Clinical&Medical-Commercial Sector,OUT OF HOURS,INTEGRATED CARE 24 LTD,25029174,119898.08,991241024,2274
Department of Health,NHS Eastbourne Hailsham&Seaford CCG,31/12/2018,Hcare Srv Rec NHS Trust-Contract Baseline,ACUTE COMMISSIONING,MAIDSTONE AND TUNBRIDGE WELLS NHS TRUST,25059471,56584,654972595,4000113486
Department of Health,NHS Eastbourne Hailsham&Seaford CCG,31/12/2018,Hcare Srv Rec Fdtn Trust-Contract Baseline,ACUTE COMMISSIONING,UNIVERSITY COLLEGE LONDON HOSPITALS NHS FOUNDATION TRUST,25059472,35512,654948687,5010183104
Department of Health,NHS Eastbourne Hailsham&Seaford CCG,31/12/2018,Hcare Srv Rec Fdtn Trust-Contract Baseline,ACUTE COMMISSIONING,KING`S COLLEGE HOSPITAL NHS FOUNDATION TRUST,25059473,40313,654926800,265047
Department of Health,NHS Eastbourne Hailsham&Seaford CCG,31/12/2018,Clinical&Medical-Independent Sector,ACUTE COMMISSIONING,BMI HEALTHCARE LTD,25059474,41552.49,GB235134980,101160
Department of Health,NHS Eastbourne Hailsham&Seaford CCG,31/12/2018,Clinical&Medical-Independent Sector,ACUTE COMMISSIONING,ESOPS,25059475,46600,,EHS1218MP
Department of Health,NHS Eastbourne Hailsham&Seaford CCG,31/12/2018,Clinical&Medical-Independent Sector,ACUTE COMMISSIONING,INTEGRATED CARDIOLOGY SOLUTIONS LTD,25059478,25000,,EHS181201
Department of Health,NHS Eastbourne Hailsham&Seaford CCG,31/12/2018,Hcare Srv Rec Fdtn Trust-Contract Baseline,COMMUNITY SERVICES,SUSSEX COMMUNITY NHS FOUNDATION TRUST,25059479,77276.88,654941317,11138296
Department of Health,NHS Eastbourne Hailsham&Seaford CCG,31/12/2018,Hcare Srv Rec Fdtn Trust-Contract Baseline,NHS 111,SOUTH EAST COAST AMBULANCE SERVICE NHS FOUNDATION TRUST,25059482,61909.67,654434925,7881463
Department of Health,NHS Eastbourne Hailsham&Seaford CCG,31/12/2018,Hcare Srv Rec Fdtn Trust-Contract Baseline,ACUTE COMMISSIONING,WESTERN SUSSEX HOSPITALS NHS FOUNDATION TRUST,25059484,35650,65 4439322,1500034421
Department of Health,NHS Eastbourne Hailsham&Seaford CCG,31/12/2018,Clinical&Medical-Independent Sector,ACUTE COMMISSIONING,ESOPS,25059487,-40607,,ESOPSCN0052
Department of Health,NHS Eastbourne Hailsham&Seaford CCG,31/12/2018,Hcare Srv Rec Fdtn Trust-Contract Baseline,ACUTE CHILDRENS SERVICES,KENT COMMUNITY HEALTH NHS FOUNDATION TRUST,25083385,107378,654440093,24064297
Department of Health,NHS Eastbourne Hailsham&Seaford CCG,31/12/2018,NHS CHC/FNC Risk-Sharing Recharge between CCGs,CHC ADULT FULLY FUNDED,NHS HASTINGS & ROTHER CCG,25083390,512129,,7026401776
Department of Health,NHS Eastbourne Hailsham&Seaford CCG,31/12/2018,Charges from CSU,FINANCE,NHS SOUTH CENTRAL AND WEST COMMISSIONING SUPPORT UNIT,25083393,61677.15,,7312707570
Department of Health,NHS Eastbourne Hailsham&Seaford CCG,31/12/2018,Hcare Srv Rec Fdtn Trust-Contract Baseline,AMBULANCE SERVICES,SOUTH EAST COAST AMBULANCE SERVICE NHS FOUNDATION TRUST,25083400,885536.52,654434925,7881507
Department of Health,NHS Eastbourne Hailsham&Seaford CCG,31/12/2018,Hcare Srv Rec NHS Trust-Contract Baseline,ACUTE COMMISSIONING,BRIGHTON AND SUSSEX UNIVERSITY HOSPITALS NHS TRUST,25083406,892214,654913715,161376
Department of Health,NHS Eastbourne Hailsham&Seaford CCG,31/12/2018,Hlthcre-Foundation Trsts,MENTAL HEALTH CONTRACTS,SUSSEX PARTNERSHIP NHS FOUNDATION TRUST,25083407,160130,654422543,6472117
Department of Health,NHS Eastbourne Hailsham&Seaford CCG,31/12/2018,Clinical&Medical-Independent Sector,ACUTE COMMISSIONING,NHS HIGH WEALD LEWES HAVENS CCG,25160085,1512052,654458611,7030701653
Department of Health,NHS Eastbourne Hailsham&Seaford CCG,31/12/2018,Cont Care-Funded Nursing Care Allow,FUNDED NURSING CARE,ABUNDANT GRACE,25167206,30440.73,,09FIPF001355
Department of Health,NHS Eastbourne Hailsham&Seaford CCG,31/12/2018,Cont Care-Funded Nursing Care Allow,FUNDED NURSING CARE,HAILSHAM HOUSE NURSING HOME,25167278,58108.62,,09FIPF001368
Department of Health,NHS Eastbourne Hailsham&Seaford CCG,31/12/2018,Cont Care-Funded Nursing Care Allow,FUNDED NURSING CARE,INGLEWOOD NURSING HOME,25167289,30220.54,,09FIPF001370
Department of Health,NHS Eastbourne Hailsham&Seaford CCG,31/12/2018,Cont Care-Funded Nursing Care Allow,FUNDED NURSING CARE,SUNRISE SENIOR LIVING EASTBOURNE,25167321,41596.15,,09FIPF001378
Department of Health,NHS Eastbourne Hailsham&Seaford CCG,31/12/2018,Hcare Srv Rec NHS Trust-Contract Baseline,ACUTE COMMISSIONING,SURREY AND SUSSEX HEALTHCARE NHS TRUST,25176776,39821.61,654968483,11967892
Department of Health,NHS Eastbourne Hailsham&Seaford CCG,31/12/2018,Hcare Srv Rec Fdtn Trust-Contract Baseline,MENTAL HEALTH CONTRACTS,SUSSEX PARTNERSHIP NHS FOUNDATION TRUST,25198165,1608252,654422543,6472159
Department of Health,NHS Eastbourne Hailsham&Seaford CCG,31/12/2018,Hcare Srv Rec NHS Trust-Contract Baseline,ACUTE COMMISSIONING,EAST SUSSEX HEALTHCARE NHS TRUST,25198169,12367052.84,654418039,130035
Department of Health,NHS Eastbourne Hailsham&Seaford CCG,31/12/2018,Hcare Srv Rec NHS Trust-Contract Cost per Case,ACUTE COMMISSIONING,EAST SUSSEX HEALTHCARE NHS TRUST,25198183,44734,654418039,130114
Department of Health,NHS Eastbourne Hailsham&Seaford CCG,31/12/2018,C&M-GMS Cost of Drugs -Prescribing,LOCAL ENHANCED SERVICES,DR BAIG & PARTNERS,25208442,20695.09,,TE000035686
Department of Health,NHS Eastbourne Hailsham&Seaford CCG,31/12/2018,C&M-GMS Prof Fees Prescribing,PRC DELEGATED CO-COMMISSIONING,DR BAIG & PARTNERS,25208442,5026.92,,TE000035686
Department of Health,NHS Eastbourne Hailsham&Seaford CCG,31/12/2018,C&M-GMS Cost of Drugs -Prescribing,LOCAL ENHANCED SERVICES,DR BARNES M H & PARTNERS,25208443,24175.8,,TE000035687
Department of Health,NHS Eastbourne Hailsham&Seaford CCG,31/12/2018,C&M-GMS Prof Fees Prescribing,PRC DELEGATED CO-COMMISSIONING,DR BARNES M H & PARTNERS,25208443,5919.5,,TE000035687
Department of Health,NHS Eastbourne Hailsham&Seaford CCG,31/12/2018,C&M-GMS Cost of Drugs -Prescribing,LOCAL ENHANCED SERVICES,DR EYRE & PARTNERS,25208444,23539.96,,TE000035688
Department of Health,NHS Eastbourne Hailsham&Seaford CCG,31/12/2018,C&M-GMS Prof Fees Prescribing,PRC DELEGATED CO-COMMISSIONING,DR EYRE & PARTNERS,25208444,4579.74,,TE000035688
Department of Health,NHS Eastbourne Hailsham&Seaford CCG,31/12/2018,C&M-GMS Cost of Drugs -Prescribing,LOCAL ENHANCED SERVICES,GREEN STREET CLINIC,25208455,23382.92,,TE000035700
Department of Health,NHS Eastbourne Hailsham&Seaford CCG,31/12/2018,C&M-GMS Prof Fees Prescribing,PRC DELEGATED CO-COMMISSIONING,GREEN STREET CLINIC,25208455,5615.45,,TE000035700
Department of Health,NHS Eastbourne Hailsham&Seaford CCG,31/12/2018,C&M-GMS DES Learn Dsblty Hlth Chk,PRC DELEGATED CO-COMMISSIONING,DOWNLANDS MEDICAL CENTRE,25257762,280,,TE000035800
Department of Health,NHS Eastbourne Hailsham&Seaford CCG,31/12/2018,C&M-GMS Global Sum,PRC DELEGATED CO-COMMISSIONING,DOWNLANDS MEDICAL CENTRE,25257762,89081.92,,TE000035800
Department of Health,NHS Eastbourne Hailsham&Seaford CCG,31/12/2018,C&M-GMS PCO Other,PRC DELEGATED CO-COMMISSIONING,DOWNLANDS MEDICAL CENTRE,25257762,741.15,,TE000035800
Department of Health,NHS Eastbourne Hailsham&Seaford CCG,31/12/2018,C&M-GMS PCO Seniority,PRC DELEGATED CO-COMMISSIONING,DOWNLANDS MEDICAL CENTRE,25257762,4732.03,,TE000035800
Department of Health,NHS Eastbourne Hailsham&Seaford CCG,31/12/2018,C&M-GMS Prem Actual Rent,PRC DELEGATED CO-COMMISSIONING,DOWNLANDS MEDICAL CENTRE,25257762,6041.67,,TE000035800
Department of Health,NHS Eastbourne Hailsham&Seaford CCG,31/12/2018,C&M-GMS Prem Rates,PRC DELEGATED CO-COMMISSIONING,DOWNLANDS MEDICAL CENTRE,25257762,1668,,TE000035800
Department of Health,NHS Eastbourne Hailsham&Seaford CCG,31/12/2018,C&M-GMS QOF Aspiration,PRC DELEGATED CO-COMMISSIONING,DOWNLANDS MEDICAL CENTRE,25257762,11723.17,,TE000035800
Department of Health,NHS Eastbourne Hailsham&Seaford CCG,31/12/2018,C&M-GMS DES Learn Dsblty Hlth Chk,PRC DELEGATED CO-COMMISSIONING,DR ADOKI & PTNR,25257764,140,,TE000035802
Department of Health,NHS Eastbourne Hailsham&Seaford CCG,31/12/2018,C&M-GMS Global Sum,PRC DELEGATED CO-COMMISSIONING,DR ADOKI & PTNR,25257764,47827.04,,TE000035802
Department of Health,NHS Eastbourne Hailsham&Seaford CCG,31/12/2018,C&M-GMS Other FDR Payment,PRC DELEGATED CO-COMMISSIONING,DR ADOKI & PTNR,25257764,1209.71,,TE000035802
Department of Health,NHS Eastbourne Hailsham&Seaford CCG,31/12/2018,C&M-GMS PCO Seniority,PRC DELEGATED CO-COMMISSIONING,DR ADOKI & PTNR,25257764,2621.97,,TE000035802
Department of Health,NHS Eastbourne Hailsham&Seaford CCG,31/12/2018,C&M-GMS Prem Actual Rent,PRC DELEGATED CO-COMMISSIONING,DR ADOKI & PTNR,25257764,11165,,TE000035802
Department of Health,NHS Eastbourne Hailsham&Seaford CCG,31/12/2018,C&M-GMS QOF Aspiration,PRC DELEGATED CO-COMMISSIONING,DR ADOKI & PTNR,25257764,4902.94,,TE000035802
Department of Health,NHS Eastbourne Hailsham&Seaford CCG,31/12/2018,C&M-GMS Global Sum,PRC DELEGATED CO-COMMISSIONING,DR BAIG & PARTNERS,25257766,94915.42,,TE000035804
Department of Health,NHS Eastbourne Hailsham&Seaford CCG,31/12/2018,C&M-GMS PCO Seniority,PRC DELEGATED CO-COMMISSIONING,DR BAIG & PARTNERS,25257766,2281.09,,TE000035804
Department of Health,NHS Eastbourne Hailsham&Seaford CCG,31/12/2018,C&M-GMS Prem Actual Rent,PRC DELEGATED CO-COMMISSIONING,DR BAIG & PARTNERS,25257766,9245.83,,TE000035804
Department of Health,NHS Eastbourne Hailsham&Seaford CCG,31/12/2018,C&M-GMS Prem Rates,PRC DELEGATED CO-COMMISSIONING,DR BAIG & PARTNERS,25257766,3808,,TE000035804
Department of Health,NHS Eastbourne Hailsham&Seaford CCG,31/12/2018,C&M-GMS QOF Aspiration,PRC DELEGATED CO-COMMISSIONING,DR BAIG & PARTNERS,25257766,10956.42,,TE000035804
Department of Health,NHS Eastbourne Hailsham&Seaford CCG,31/12/2018,C&M-GMS GP Statutory Levy,PRC DELEGATED CO-COMMISSIONING,DR BARNES M H & PARTNERS,25257767,-581.49,,TE000035805
Department of Health,NHS Eastbourne Hailsham&Seaford CCG,31/12/2018,C&M-GMS Voluntary Levy,PRC DELEGATED CO-COMMISSIONING,DR BARNES M H & PARTNERS,25257767,-119.88,,TE000035805
Department of Health,NHS Eastbourne Hailsham&Seaford CCG,31/12/2018,ME - GMS TPS Added Years Adj EEs,PRC DELEGATED CO-COMMISSIONING,DR BARNES M H & PARTNERS,25257767,-1490.21,,TE000035805
Department of Health,NHS Eastbourne Hailsham&Seaford CCG,31/12/2018,ME-GMS GP Pension EEs,PRC DELEGATED CO-COMMISSIONING,DR BARNES M H & PARTNERS,25257767,-12176.98,,TE000035805
Department of Health,NHS Eastbourne Hailsham&Seaford CCG,31/12/2018,ME-GMS GP Pension ERs Adjustments,PRC DELEGATED CO-COMMISSIONING,DR BARNES M H & PARTNERS,25257767,-12716.12,,TE000035805
Department of Health,NHS Eastbourne Hailsham&Seaford CCG,31/12/2018,C&M-GMS Global Sum,PRC DELEGATED CO-COMMISSIONING,DR BARNES M H & PARTNERS,25257768,136487.89,,TE000035806
Department of Health,NHS Eastbourne Hailsham&Seaford CCG,31/12/2018,C&M-GMS MPIG Correction Factor,PRC DELEGATED CO-COMMISSIONING,DR BARNES M H & PARTNERS,25257768,60.29,,TE000035806
Department of Health,NHS Eastbourne Hailsham&Seaford CCG,31/12/2018,C&M-GMS PCO Locum Adop/Pat/Mat,PRC DELEGATED CO-COMMISSIONING,DR BARNES M H & PARTNERS,25257768,4624.48,,TE000035806
Department of Health,NHS Eastbourne Hailsham&Seaford CCG,31/12/2018,C&M-GMS PCO Other,PRC DELEGATED CO-COMMISSIONING,DR BARNES M H & PARTNERS,25257768,1182.33,,TE000035806
Department of Health,NHS Eastbourne Hailsham&Seaford CCG,31/12/2018,C&M-GMS PCO Seniority,PRC DELEGATED CO-COMMISSIONING,DR BARNES M H & PARTNERS,25257768,5528.44,,TE000035806
Department of Health,NHS Eastbourne Hailsham&Seaford CCG,31/12/2018,C&M-GMS Prem Actual Rent,PRC DELEGATED CO-COMMISSIONING,DR BARNES M H & PARTNERS,25257768,126998.5,,TE000035806
Department of Health,NHS Eastbourne Hailsham&Seaford CCG,31/12/2018,C&M-GMS Prem Rates,PRC DELEGATED CO-COMMISSIONING,DR BARNES M H & PARTNERS,25257768,19874.09,,TE000035806
Department of Health,NHS Eastbourne Hailsham&Seaford CCG,31/12/2018,C&M-GMS QOF Aspiration,PRC DELEGATED CO-COMMISSIONING,DR BARNES M H & PARTNERS,25257768,19150.99,,TE000035806
Department of Health,NHS Eastbourne Hailsham&Seaford CCG,31/12/2018,C&M-GMS GP Statutory Levy,PRC DELEGATED CO-COMMISSIONING,DR EYRE & PARTNERS,25257769,-533.29,,TE000035807
Department of Health,NHS Eastbourne Hailsham&Seaford CCG,31/12/2018,C&M-GMS Voluntary Levy,PRC DELEGATED CO-COMMISSIONING,DR EYRE & PARTNERS,25257769,-109.94,,TE000035807
Department of Health,NHS Eastbourne Hailsham&Seaford CCG,31/12/2018,ME-GMS GP Pension EEs,PRC DELEGATED CO-COMMISSIONING,DR EYRE & PARTNERS,25257769,-11905.34,,TE000035807
Department of Health,NHS Eastbourne Hailsham&Seaford CCG,31/12/2018,ME-GMS GP Pension ERs Adjustments,PRC DELEGATED CO-COMMISSIONING,DR EYRE & PARTNERS,25257769,-12727.47,,TE000035807
Department of Health,NHS Eastbourne Hailsham&Seaford CCG,31/12/2018,C&M-GMS Global Sum,PRC DELEGATED CO-COMMISSIONING,DR EYRE & PARTNERS,25257770,129925.75,,TE000035808
Department of Health,NHS Eastbourne Hailsham&Seaford CCG,31/12/2018,C&M-GMS PCO Other,PRC DELEGATED CO-COMMISSIONING,DR EYRE & PARTNERS,25257770,1068.12,,TE000035808
Department of Health,NHS Eastbourne Hailsham&Seaford CCG,31/12/2018,C&M-GMS PCO Seniority,PRC DELEGATED CO-COMMISSIONING,DR EYRE & PARTNERS,25257770,5053.95,,TE000035808
Department of Health,NHS Eastbourne Hailsham&Seaford CCG,31/12/2018,C&M-GMS Prem Actual Rent,PRC DELEGATED CO-COMMISSIONING,DR EYRE & PARTNERS,25257770,3625,,TE000035808
Department of Health,NHS Eastbourne Hailsham&Seaford CCG,31/12/2018,C&M-GMS Prem Rates,PRC DELEGATED CO-COMMISSIONING,DR EYRE & PARTNERS,25257770,2067,,TE000035808
Department of Health,NHS Eastbourne Hailsham&Seaford CCG,31/12/2018,C&M-GMS QOF Aspiration,PRC DELEGATED CO-COMMISSIONING,DR EYRE & PARTNERS,25257770,17997.07,,TE000035808
Department of Health,NHS Eastbourne Hailsham&Seaford CCG,31/12/2018,C&M-GMS DES Learn Dsblty Hlth Chk,PRC DELEGATED CO-COMMISSIONING,DR EDWARDS & PARTNER,25257772,1260,,TE000035810
Department of Health,NHS Eastbourne Hailsham&Seaford CCG,31/12/2018,C&M-GMS Global Sum,PRC DELEGATED CO-COMMISSIONING,DR EDWARDS & PARTNER,25257772,70463.27,,TE000035810
Department of Health,NHS Eastbourne Hailsham&Seaford CCG,31/12/2018,C&M-GMS MPIG Correction Factor,PRC DELEGATED CO-COMMISSIONING,DR EDWARDS & PARTNER,25257772,733.25,,TE000035810
Department of Health,NHS Eastbourne Hailsham&Seaford CCG,31/12/2018,C&M-GMS PCO Seniority,PRC DELEGATED CO-COMMISSIONING,DR EDWARDS & PARTNER,25257772,1464.6,,TE000035810
Department of Health,NHS Eastbourne Hailsham&Seaford CCG,31/12/2018,C&M-GMS Prem Actual Rent,PRC DELEGATED CO-COMMISSIONING,DR EDWARDS & PARTNER,25257772,7508,,TE000035810
Department of Health,NHS Eastbourne Hailsham&Seaford CCG,31/12/2018,C&M-GMS Prem Rates,PRC DELEGATED CO-COMMISSIONING,DR EDWARDS & PARTNER,25257772,2682,,TE000035810
Department of Health,NHS Eastbourne Hailsham&Seaford CCG,31/12/2018,C&M-GMS QOF Aspiration,PRC DELEGATED CO-COMMISSIONING,DR EDWARDS & PARTNER,25257772,9607.22,,TE000035810
Department of Health,NHS Eastbourne Hailsham&Seaford CCG,31/12/2018,C&M-GMS Global Sum,PRC DELEGATED CO-COMMISSIONING,DR JD BARNES & PARTNERS,25257774,80721.84,,TE000035814
Department of Health,NHS Eastbourne Hailsham&Seaford CCG,31/12/2018,C&M-GMS PCO Seniority,PRC DELEGATED CO-COMMISSIONING,DR JD BARNES & PARTNERS,25257774,2493.63,,TE000035814
Department of Health,NHS Eastbourne Hailsham&Seaford CCG,31/12/2018,C&M-GMS Prem Actual Rent,PRC DELEGATED CO-COMMISSIONING,DR JD BARNES & PARTNERS,25257774,6049.58,,TE000035814
Department of Health,NHS Eastbourne Hailsham&Seaford CCG,31/12/2018,C&M-GMS QOF Aspiration,PRC DELEGATED CO-COMMISSIONING,DR JD BARNES & PARTNERS,25257774,9699.88,,TE000035814
Department of Health,NHS Eastbourne Hailsham&Seaford CCG,31/12/2018,ME-GMS GP Pension EEs Adjustments,PRC DELEGATED CO-COMMISSIONING,DR JD BARNES & PARTNERS,25257774,3309.68,,TE000035814
Department of Health,NHS Eastbourne Hailsham&Seaford CCG,31/12/2018,ME-GMS GP Pension ERs Adjustments,PRC DELEGATED CO-COMMISSIONING,DR JD BARNES & PARTNERS,25257774,3525.41,,TE000035814
Department of Health,NHS Eastbourne Hailsham&Seaford CCG,31/12/2018,C&M-GMS Global Sum,PRC DELEGATED CO-COMMISSIONING,DR MILLER & PARTNERS,25257776,61402.04,,TE000035816
Department of Health,NHS Eastbourne Hailsham&Seaford CCG,31/12/2018,C&M-GMS PCO Other,PRC DELEGATED CO-COMMISSIONING,DR MILLER & PARTNERS,25257776,590.72,,TE000035816
Department of Health,NHS Eastbourne Hailsham&Seaford CCG,31/12/2018,C&M-GMS PCO Seniority,PRC DELEGATED CO-COMMISSIONING,DR MILLER & PARTNERS,25257776,1938.82,,TE000035816
Department of Health,NHS Eastbourne Hailsham&Seaford CCG,31/12/2018,C&M-GMS Prem Actual Rent,PRC DELEGATED CO-COMMISSIONING,DR MILLER & PARTNERS,25257776,4618.42,,TE000035816
Department of Health,NHS Eastbourne Hailsham&Seaford CCG,31/12/2018,C&M-GMS Prem Rates,PRC DELEGATED CO-COMMISSIONING,DR MILLER & PARTNERS,25257776,1660,,TE000035816
Department of Health,NHS Eastbourne Hailsham&Seaford CCG,31/12/2018,C&M-GMS QOF Aspiration,PRC DELEGATED CO-COMMISSIONING,DR MILLER & PARTNERS,25257776,7224.11,,TE000035816
Department of Health,NHS Eastbourne Hailsham&Seaford CCG,31/12/2018,C&M-GMS Global Sum,PRC DELEGATED CO-COMMISSIONING,DR PALIT & PARTNERS,25257778,76255.74,,TE000035818
Department of Health,NHS Eastbourne Hailsham&Seaford CCG,31/12/2018,C&M-GMS MPIG Correction Factor,PRC DELEGATED CO-COMMISSIONING,DR PALIT & PARTNERS,25257778,1374.4,,TE000035818
Department of Health,NHS Eastbourne Hailsham&Seaford CCG,31/12/2018,C&M-GMS PCO Other,PRC DELEGATED CO-COMMISSIONING,DR PALIT & PARTNERS,25257778,686.26,,TE000035818
Department of Health,NHS Eastbourne Hailsham&Seaford CCG,31/12/2018,C&M-GMS PCO Seniority,PRC DELEGATED CO-COMMISSIONING,DR PALIT & PARTNERS,25257778,5000.21,,TE000035818
Department of Health,NHS Eastbourne Hailsham&Seaford CCG,31/12/2018,C&M-GMS Prem Actual Rent,PRC DELEGATED CO-COMMISSIONING,DR PALIT & PARTNERS,25257778,21773.93,,TE000035818
Department of Health,NHS Eastbourne Hailsham&Seaford CCG,31/12/2018,C&M-GMS Prem Rates,PRC DELEGATED CO-COMMISSIONING,DR PALIT & PARTNERS,25257778,3803,,TE000035818
Department of Health,NHS Eastbourne Hailsham&Seaford CCG,31/12/2018,C&M-GMS QOF Aspiration,PRC DELEGATED CO-COMMISSIONING,DR PALIT & PARTNERS,25257778,10325.02,,TE000035818
Department of Health,NHS Eastbourne Hailsham&Seaford CCG,31/12/2018,C&M-GMS Global Sum,PRC DELEGATED CO-COMMISSIONING,DR RD BROWN & PARTNERS,25257780,54041.58,,TE000035820
Department of Health,NHS Eastbourne Hailsham&Seaford CCG,31/12/2018,C&M-GMS PCO Locum Adop/Pat/Mat,PRC DELEGATED CO-COMMISSIONING,DR RD BROWN & PARTNERS,25257780,6154.18,,TE000035820
Department of Health,NHS Eastbourne Hailsham&Seaford CCG,31/12/2018,C&M-GMS PCO Seniority,PRC DELEGATED CO-COMMISSIONING,DR RD BROWN & PARTNERS,25257780,1679.6,,TE000035820
Department of Health,NHS Eastbourne Hailsham&Seaford CCG,31/12/2018,C&M-GMS Prem Actual Rent,PRC DELEGATED CO-COMMISSIONING,DR RD BROWN & PARTNERS,25257780,5325,,TE000035820
Department of Health,NHS Eastbourne Hailsham&Seaford CCG,31/12/2018,C&M-GMS Prem Rates,PRC DELEGATED CO-COMMISSIONING,DR RD BROWN & PARTNERS,25257780,281,,TE000035820
Department of Health,NHS Eastbourne Hailsham&Seaford CCG,31/12/2018,C&M-GMS QOF Aspiration,PRC DELEGATED CO-COMMISSIONING,DR RD BROWN & PARTNERS,25257780,6016.63,,TE000035820
Department of Health,NHS Eastbourne Hailsham&Seaford CCG,31/12/2018,C&M-GMS DES Learn Dsblty Hlth Chk,PRC DELEGATED CO-COMMISSIONING,DR PEARCE & PARTNERS,25257782,140,,TE000035822
Department of Health,NHS Eastbourne Hailsham&Seaford CCG,31/12/2018,C&M-GMS Global Sum,PRC DELEGATED CO-COMMISSIONING,DR PEARCE & PARTNERS,25257782,83520.02,,TE000035822
Department of Health,NHS Eastbourne Hailsham&Seaford CCG,31/12/2018,C&M-GMS PCO Other,PRC DELEGATED CO-COMMISSIONING,DR PEARCE & PARTNERS,25257782,810.36,,TE000035822
Department of Health,NHS Eastbourne Hailsham&Seaford CCG,31/12/2018,C&M-GMS PCO Seniority,PRC DELEGATED CO-COMMISSIONING,DR PEARCE & PARTNERS,25257782,1299.84,,TE000035822
Department of Health,NHS Eastbourne Hailsham&Seaford CCG,31/12/2018,C&M-GMS Prem Actual Rent,PRC DELEGATED CO-COMMISSIONING,DR PEARCE & PARTNERS,25257782,5877.09,,TE000035822
Department of Health,NHS Eastbourne Hailsham&Seaford CCG,31/12/2018,C&M-GMS Prem Rates,PRC DELEGATED CO-COMMISSIONING,DR PEARCE & PARTNERS,25257782,1109,,TE000035822
Department of Health,NHS Eastbourne Hailsham&Seaford CCG,31/12/2018,C&M-GMS QOF Aspiration,PRC DELEGATED CO-COMMISSIONING,DR PEARCE & PARTNERS,25257782,11989.82,,TE000035822
Department of Health,NHS Eastbourne Hailsham&Seaford CCG,31/12/2018,ME-GMS GP Prior Year EEs,PRC DELEGATED CO-COMMISSIONING,DR PEARCE & PARTNERS,25257782,3597.62,,TE000035822
Department of Health,NHS Eastbourne Hailsham&Seaford CCG,31/12/2018,C&M-GMS DES Learn Dsblty Hlth Chk,PRC DELEGATED CO-COMMISSIONING,DR SAVVAS S & PARTNER,25257784,560,,TE000035824
Department of Health,NHS Eastbourne Hailsham&Seaford CCG,31/12/2018,C&M-GMS Global Sum,PRC DELEGATED CO-COMMISSIONING,DR SAVVAS S & PARTNER,25257784,42568.03,,TE000035824
Department of Health,NHS Eastbourne Hailsham&Seaford CCG,31/12/2018,C&M-GMS MPIG Correction Factor,PRC DELEGATED CO-COMMISSIONING,DR SAVVAS S & PARTNER,25257784,213.34,,TE000035824
Department of Health,NHS Eastbourne Hailsham&Seaford CCG,31/12/2018,C&M-GMS PCO Seniority,PRC DELEGATED CO-COMMISSIONING,DR SAVVAS S & PARTNER,25257784,3208.16,,TE000035824
Department of Health,NHS Eastbourne Hailsham&Seaford CCG,31/12/2018,C&M-GMS Prem Actual Rent,PRC DELEGATED CO-COMMISSIONING,DR SAVVAS S & PARTNER,25257784,13320,,TE000035824
Department of Health,NHS Eastbourne Hailsham&Seaford CCG,31/12/2018,C&M-GMS Prem Rates,PRC DELEGATED CO-COMMISSIONING,DR SAVVAS S & PARTNER,25257784,807,,TE000035824
Department of Health,NHS Eastbourne Hailsham&Seaford CCG,31/12/2018,C&M-GMS QOF Aspiration,PRC DELEGATED CO-COMMISSIONING,DR SAVVAS S & PARTNER,25257784,5791.14,,TE000035824
Department of Health,NHS Eastbourne Hailsham&Seaford CCG,31/12/2018,C&M-GMS Global Sum,PRC DELEGATED CO-COMMISSIONING,DR WILLIAMS & PARTNERS EASTBOURNE,25257786,96242.48,,TE000035826
Department of Health,NHS Eastbourne Hailsham&Seaford CCG,31/12/2018,C&M-GMS PCO Other,PRC DELEGATED CO-COMMISSIONING,DR WILLIAMS & PARTNERS EASTBOURNE,25257786,811.14,,TE000035826
Department of Health,NHS Eastbourne Hailsham&Seaford CCG,31/12/2018,C&M-GMS PCO Seniority,PRC DELEGATED CO-COMMISSIONING,DR WILLIAMS & PARTNERS EASTBOURNE,25257786,6416.9,,TE000035826
Department of Health,NHS Eastbourne Hailsham&Seaford CCG,31/12/2018,C&M-GMS Prem Actual Rent,PRC DELEGATED CO-COMMISSIONING,DR WILLIAMS & PARTNERS EASTBOURNE,25257786,6971.66,,TE000035826
Department of Health,NHS Eastbourne Hailsham&Seaford CCG,31/12/2018,C&M-GMS Prem Rates,PRC DELEGATED CO-COMMISSIONING,DR WILLIAMS & PARTNERS EASTBOURNE,25257786,2753,,TE000035826
Department of Health,NHS Eastbourne Hailsham&Seaford CCG,31/12/2018,C&M-GMS QOF Aspiration,PRC DELEGATED CO-COMMISSIONING,DR WILLIAMS & PARTNERS EASTBOURNE,25257786,14133.29,,TE000035826
Department of Health,NHS Eastbourne Hailsham&Seaford CCG,31/12/2018,C&M-GMS DES Learn Dsblty Hlth Chk,PRC DELEGATED CO-COMMISSIONING,PARK PRACTICE,25257788,140,,TE000035828
Department of Health,NHS Eastbourne Hailsham&Seaford CCG,31/12/2018,C&M-GMS Global Sum,PRC DELEGATED CO-COMMISSIONING,PARK PRACTICE,25257788,77249.63,,TE000035828
Department of Health,NHS Eastbourne Hailsham&Seaford CCG,31/12/2018,C&M-GMS MPIG Correction Factor,PRC DELEGATED CO-COMMISSIONING,PARK PRACTICE,25257788,203.75,,TE000035828
Department of Health,NHS Eastbourne Hailsham&Seaford CCG,31/12/2018,C&M-GMS PCO Seniority,PRC DELEGATED CO-COMMISSIONING,PARK PRACTICE,25257788,2293.83,,TE000035828
Department of Health,NHS Eastbourne Hailsham&Seaford CCG,31/12/2018,C&M-GMS Prem Actual Rent,PRC DELEGATED CO-COMMISSIONING,PARK PRACTICE,25257788,40275,,TE000035828
Department of Health,NHS Eastbourne Hailsham&Seaford CCG,31/12/2018,C&M-GMS Prem Rates,PRC DELEGATED CO-COMMISSIONING,PARK PRACTICE,25257788,2511,,TE000035828
Department of Health,NHS Eastbourne Hailsham&Seaford CCG,31/12/2018,C&M-GMS QOF Aspiration,PRC DELEGATED CO-COMMISSIONING,PARK PRACTICE,25257788,10691.06,,TE000035828
Department of Health,NHS Eastbourne Hailsham&Seaford CCG,31/12/2018,C&M-GMS DES Learn Dsblty Hlth Chk,PRC DELEGATED CO-COMMISSIONING,SOVEREIGN PRACTICE,25257790,280,,TE000035830
Department of Health,NHS Eastbourne Hailsham&Seaford CCG,31/12/2018,C&M-GMS Global Sum,PRC DELEGATED CO-COMMISSIONING,SOVEREIGN PRACTICE,25257790,107773.83,,TE000035830
Department of Health,NHS Eastbourne Hailsham&Seaford CCG,31/12/2018,C&M-GMS Other FDR Payment,PRC DELEGATED CO-COMMISSIONING,SOVEREIGN PRACTICE,25257790,3350.36,,TE000035830
Department of Health,NHS Eastbourne Hailsham&Seaford CCG,31/12/2018,C&M-GMS PCO Other,PRC DELEGATED CO-COMMISSIONING,SOVEREIGN PRACTICE,25257790,961.35,,TE000035830
Department of Health,NHS Eastbourne Hailsham&Seaford CCG,31/12/2018,C&M-GMS PCO Seniority,PRC DELEGATED CO-COMMISSIONING,SOVEREIGN PRACTICE,25257790,6487.29,,TE000035830
Department of Health,NHS Eastbourne Hailsham&Seaford CCG,31/12/2018,C&M-GMS Prem Actual Rent,PRC DELEGATED CO-COMMISSIONING,SOVEREIGN PRACTICE,25257790,52150,,TE000035830
Department of Health,NHS Eastbourne Hailsham&Seaford CCG,31/12/2018,C&M-GMS QOF Aspiration,PRC DELEGATED CO-COMMISSIONING,SOVEREIGN PRACTICE,25257790,11555.46,,TE000035830
Department of Health,NHS Eastbourne Hailsham&Seaford CCG,31/12/2018,ME-GMS GP Pension EEs Adjustments,PRC DELEGATED CO-COMMISSIONING,SOVEREIGN PRACTICE,25257790,646.65,,TE000035830
Department of Health,NHS Eastbourne Hailsham&Seaford CCG,31/12/2018,ME-GMS GP Pension ERs Adjustments,PRC DELEGATED CO-COMMISSIONING,SOVEREIGN PRACTICE,25257790,1603.83,,TE000035830
Department of Health,NHS Eastbourne Hailsham&Seaford CCG,31/12/2018,C&M-GMS Global Sum,PRC DELEGATED CO-COMMISSIONING,HERSTMONCEUX HEALTH CENTRE,25257792,34820.99,,TE000035832
Department of Health,NHS Eastbourne Hailsham&Seaford CCG,31/12/2018,C&M-GMS PCO Other,PRC DELEGATED CO-COMMISSIONING,HERSTMONCEUX HEALTH CENTRE,25257792,335.52,,TE000035832
Department of Health,NHS Eastbourne Hailsham&Seaford CCG,31/12/2018,C&M-GMS PCO Seniority,PRC DELEGATED CO-COMMISSIONING,HERSTMONCEUX HEALTH CENTRE,25257792,908.56,,TE000035832
Department of Health,NHS Eastbourne Hailsham&Seaford CCG,31/12/2018,C&M-GMS Prem Actual Rent,PRC DELEGATED CO-COMMISSIONING,HERSTMONCEUX HEALTH CENTRE,25257792,7450,,TE000035832
Department of Health,NHS Eastbourne Hailsham&Seaford CCG,31/12/2018,C&M-GMS Prem Rates,PRC DELEGATED CO-COMMISSIONING,HERSTMONCEUX HEALTH CENTRE,25257792,2353,,TE000035832
Department of Health,NHS Eastbourne Hailsham&Seaford CCG,31/12/2018,C&M-GMS QOF Aspiration,PRC DELEGATED CO-COMMISSIONING,HERSTMONCEUX HEALTH CENTRE,25257792,3704.95,,TE000035832
Department of Health,NHS Eastbourne Hailsham&Seaford CCG,31/12/2018,C&M-GMS Global Sum,PRC DELEGATED CO-COMMISSIONING,GREEN STREET CLINIC,25257794,76554.21,,TE000035834
Department of Health,NHS Eastbourne Hailsham&Seaford CCG,31/12/2018,C&M-GMS MPIG Correction Factor,PRC DELEGATED CO-COMMISSIONING,GREEN STREET CLINIC,25257794,297.2,,TE000035834
Department of Health,NHS Eastbourne Hailsham&Seaford CCG,31/12/2018,C&M-GMS PCO Seniority,PRC DELEGATED CO-COMMISSIONING,GREEN STREET CLINIC,25257794,5555.03,,TE000035834
Department of Health,NHS Eastbourne Hailsham&Seaford CCG,31/12/2018,C&M-GMS Prem Actual Rent,PRC DELEGATED CO-COMMISSIONING,GREEN STREET CLINIC,25257794,3197.08,,TE000035834
Department of Health,NHS Eastbourne Hailsham&Seaford CCG,31/12/2018,C&M-GMS Prem Rates,PRC DELEGATED CO-COMMISSIONING,GREEN STREET CLINIC,25257794,1600,,TE000035834
Department of Health,NHS Eastbourne Hailsham&Seaford CCG,31/12/2018,C&M-GMS QOF Aspiration,PRC DELEGATED CO-COMMISSIONING,GREEN STREET CLINIC,25257794,8592,,TE000035834
Department of Health,NHS Eastbourne Hailsham&Seaford CCG,31/12/2018,C&M-GMS Global Sum,PRC DELEGATED CO-COMMISSIONING,GROVE ROAD SURGERY (EASTBOURNE),25257796,52568.47,,TE000035836
Department of Health,NHS Eastbourne Hailsham&Seaford CCG,31/12/2018,C&M-GMS PCO Other,PRC DELEGATED CO-COMMISSIONING,GROVE ROAD SURGERY (EASTBOURNE),25257796,497.51,,TE000035836
Department of Health,NHS Eastbourne Hailsham&Seaford CCG,31/12/2018,C&M-GMS PCO Seniority,PRC DELEGATED CO-COMMISSIONING,GROVE ROAD SURGERY (EASTBOURNE),25257796,3406.75,,TE000035836
Department of Health,NHS Eastbourne Hailsham&Seaford CCG,31/12/2018,C&M-GMS Prem Actual Rent,PRC DELEGATED CO-COMMISSIONING,GROVE ROAD SURGERY (EASTBOURNE),25257796,28057.5,,TE000035836
Department of Health,NHS Eastbourne Hailsham&Seaford CCG,31/12/2018,C&M-GMS Prem Rates,PRC DELEGATED CO-COMMISSIONING,GROVE ROAD SURGERY (EASTBOURNE),25257796,2761,,TE000035836
Department of Health,NHS Eastbourne Hailsham&Seaford CCG,31/12/2018,C&M-GMS QOF Aspiration,PRC DELEGATED CO-COMMISSIONING,GROVE ROAD SURGERY (EASTBOURNE),25257796,5893.57,,TE000035836
Department of Health,NHS Eastbourne Hailsham&Seaford CCG,31/12/2018,C&M-GMS Global Sum,PRC DELEGATED CO-COMMISSIONING,BOLTON ROAD SURGERY (EASTBOURNE),25257799,40995.96,,TE000035812
Department of Health,NHS Eastbourne Hailsham&Seaford CCG,31/12/2018,C&M-GMS PCO Other,PRC DELEGATED CO-COMMISSIONING,BOLTON ROAD SURGERY (EASTBOURNE),25257799,384.41,,TE000035812
Department of Health,NHS Eastbourne Hailsham&Seaford CCG,31/12/2018,C&M-GMS PCO Seniority,PRC DELEGATED CO-COMMISSIONING,BOLTON ROAD SURGERY (EASTBOURNE),25257799,2009.96,,TE000035812
Department of Health,NHS Eastbourne Hailsham&Seaford CCG,31/12/2018,C&M-GMS Prem Actual Rent,PRC DELEGATED CO-COMMISSIONING,BOLTON ROAD SURGERY (EASTBOURNE),25257799,3715.42,,TE000035812
Department of Health,NHS Eastbourne Hailsham&Seaford CCG,31/12/2018,C&M-GMS Prem Rates,PRC DELEGATED CO-COMMISSIONING,BOLTON ROAD SURGERY (EASTBOURNE),25257799,1656,,TE000035812
Department of Health,NHS Eastbourne Hailsham&Seaford CCG,31/12/2018,C&M-GMS QOF Aspiration,PRC DELEGATED CO-COMMISSIONING,BOLTON ROAD SURGERY (EASTBOURNE),25257799,4341.31,,TE000035812
Department of Health,NHS Eastbourne Hailsham&Seaford CCG,31/12/2018,Clinical&Medical-Voluntary Sector,LEARNING DIFFICULTIES,OAKVIEW ESTATES LTD,25274273,-184458,158889046,3864
Department of Health,NHS Eastbourne Hailsham&Seaford CCG,31/12/2018,Clinical&Medical-Voluntary Sector,LEARNING DIFFICULTIES,OAKVIEW ESTATES LTD,25274274,-26413,158889046,3912
Department of Health,NHS Eastbourne Hailsham&Seaford CCG,31/12/2018,C&M-GMS Cost of Drugs -Dispensing,LOCAL ENHANCED SERVICES,DR PALIT & PARTNERS,25281994,-39697.18,,TE000036010
Department of Health,NHS Eastbourne Hailsham&Seaford CCG,31/12/2018,C&M-GMS PrscChrgsCll&RmttdbyGPCntra,PRC DELEGATED CO-COMMISSIONING,DR PALIT & PARTNERS,25281994,-1812.8,,TE000036010
Department of Health,NHS Eastbourne Hailsham&Seaford CCG,31/12/2018,C&M-GMS Cost of Drugs -Dispensing,LOCAL ENHANCED SERVICES,DR PALIT & PARTNERS,25281995,85849.83,,TE000036011
Department of Health,NHS Eastbourne Hailsham&Seaford CCG,31/12/2018,C&M-GMS Prof Fees Dispensing,PRC DELEGATED CO-COMMISSIONING,DR PALIT & PARTNERS,25281995,19712.46,,TE000036011
Department of Health,NHS Eastbourne Hailsham&Seaford CCG,31/12/2018,C&M-GMS PrscrptnChrgsColl&RmttdbyGP,LOCAL ENHANCED SERVICES,DR PALIT & PARTNERS,25281995,1812.8,,TE000036011
Department of Health,NHS Eastbourne Hailsham&Seaford CCG,31/12/2018,Clinical&Medical-Independent Sector,ACUTE COMMISSIONING,HEALOGICS WOUND HEALING CENTRES,25283534,47051.36,,107443
Department of Health,NHS Eastbourne Hailsham&Seaford CCG,31/12/2018,Hcare Srv Rec NHS Trust-Contract Baseline,ACUTE COMMISSIONING,IMPERIAL COLLEGE HEALTHCARE NHS TRUST,25304191,64829.2,654945990,H0164125
Department of Health,NHS Eastbourne Hailsham&Seaford CCG,31/12/2018,Hcare Srv Rec Fdtn Trust-Contract Baseline,COMMUNITY SERVICES,SUSSEX COMMUNITY NHS FOUNDATION TRUST,25304274,104000,654941317,11138344
