Department family,Entity,Date,Expense Type,Expense area,Supplier,Transaction number,AP Amount (�),VAT registration number,Purchase invoice number
Department of Health,NHS Eastbourne Hailsham&Seaford CCG,31/01/2019,Professional Fees,ADMINISTRATION & BUSINESS SUPPORT,NHS HIGH WEALD LEWES HAVENS CCG,25401156,64953,654458611,7030701332
Department of Health,NHS Eastbourne Hailsham&Seaford CCG,31/01/2019,Hcare Srv Rec Fdtn Trust-Contract Baseline,ACUTE COMMISSIONING,KING`S COLLEGE HOSPITAL NHS FOUNDATION TRUST,25401193,40916,654926800,264523
Department of Health,NHS Eastbourne Hailsham&Seaford CCG,31/01/2019,Professional Fees,ADMINISTRATION & BUSINESS SUPPORT,NHS HIGH WEALD LEWES HAVENS CCG,25412130,30994,654458611,7030701432
Department of Health,NHS Eastbourne Hailsham&Seaford CCG,31/01/2019,Professional Fees,ADMINISTRATION & BUSINESS SUPPORT,NHS HIGH WEALD LEWES HAVENS CCG,25412158,35505,654458611,7030701490
Department of Health,NHS Eastbourne Hailsham&Seaford CCG,31/01/2019,Accruals <1Yr-Inter Comm-CCG,BALANCE SHEET,NHS HASTINGS & ROTHER CCG,25452735,71300.82,,7026401810
Department of Health,NHS Eastbourne Hailsham&Seaford CCG,31/01/2019,Clinical&Medical-Independent Sector,COMMUNITY SERVICES,NHS HIGH WEALD LEWES HAVENS CCG,25452926,232911,654458611,7030701660
Department of Health,NHS Eastbourne Hailsham&Seaford CCG,31/01/2019,Clinical&Medical-Independent Sector,ACUTE COMMISSIONING,BMI HEALTHCARE LTD,25462151,41552.49,GB235134980,101383
Department of Health,NHS Eastbourne Hailsham&Seaford CCG,31/01/2019,Hcare Srv Rec Fdtn Trust-Contract Baseline,ACUTE COMMISSIONING,KING`S COLLEGE HOSPITAL NHS FOUNDATION TRUST,25462169,40313,654926800,265969
Department of Health,NHS Eastbourne Hailsham&Seaford CCG,31/01/2019,Hcare Srv Rec NHS Trust-Contract Baseline,ACUTE COMMISSIONING,MAIDSTONE AND TUNBRIDGE WELLS NHS TRUST,25462172,56584,654972595,4000114015
Department of Health,NHS Eastbourne Hailsham&Seaford CCG,31/01/2019,Clinical&Medical-Independent Sector,ACUTE COMMISSIONING,ESOPS,25462179,46600,,EHS0119MP
Department of Health,NHS Eastbourne Hailsham&Seaford CCG,31/01/2019,Clinical&Medical-Independent Sector,ACUTE COMMISSIONING,INTEGRATED CARDIOLOGY SOLUTIONS LTD,25462195,25000,,EHS190101
Department of Health,NHS Eastbourne Hailsham&Seaford CCG,31/01/2019,Charges from CSU,FINANCE,NHS SOUTH CENTRAL AND WEST COMMISSIONING SUPPORT UNIT,25462222,61677.15,,7312707833
Department of Health,NHS Eastbourne Hailsham&Seaford CCG,31/01/2019,Hcare Srv Rec Fdtn Trust-Contract Baseline,ACUTE COMMISSIONING,GUYS & ST THOMAS HOSPITAL NHS FOUNDATION TRUST,25496875,132619,654923417,3253995
Department of Health,NHS Eastbourne Hailsham&Seaford CCG,31/01/2019,Clinical&Medical-Commercial Sector,OUT OF HOURS,INTEGRATED CARE 24 LTD,25496911,119898.08,991241024,2352
Department of Health,NHS Eastbourne Hailsham&Seaford CCG,31/01/2019,Hcare Srv Rec NHS Trust-Contract Baseline,ACUTE COMMISSIONING,BRIGHTON AND SUSSEX UNIVERSITY HOSPITALS NHS TRUST,25496927,892214,654913715,161639
Department of Health,NHS Eastbourne Hailsham&Seaford CCG,31/01/2019,Hcare Srv Rec Fdtn Trust-Contract Baseline,ACUTE CHILDRENS SERVICES,KENT COMMUNITY HEALTH NHS FOUNDATION TRUST,25496931,107378,654440093,24065077
Department of Health,NHS Eastbourne Hailsham&Seaford CCG,31/01/2019,Hcare Srv Rec Fdtn Trust-Contract Baseline,COMMUNITY SERVICES,SUSSEX COMMUNITY NHS FOUNDATION TRUST,25496934,77276.88,654941317,11138769
Department of Health,NHS Eastbourne Hailsham&Seaford CCG,31/01/2019,Hcare Srv Rec Fdtn Trust-Contract Baseline,AMBULANCE SERVICES,SOUTH EAST COAST AMBULANCE SERVICE NHS FOUNDATION TRUST,25496940,885536.52,654434925,7881583
Department of Health,NHS Eastbourne Hailsham&Seaford CCG,31/01/2019,Other Gen Supplies & Srv,PRIMARY CARE INVESTMENTS,SOUTH DOWNS HEALTH AND CARE LTD,25508331,121946,,36
Department of Health,NHS Eastbourne Hailsham&Seaford CCG,31/01/2019,External Consultancy Fees,OPERATIONS MANAGEMENT,PRICE WATERHOUSE COOPERS,25508333,90730.22,243823957,1355005352
Department of Health,NHS Eastbourne Hailsham&Seaford CCG,31/01/2019,Hcare Srv Rec Fdtn Trust-Contract Baseline,ACUTE COMMISSIONING,UNIVERSITY COLLEGE LONDON HOSPITALS NHS FOUNDATION TRUST,25508336,35512,654948687,5010187564
Department of Health,NHS Eastbourne Hailsham&Seaford CCG,31/01/2019,Hcare Srv Rec Fdtn Trust-Contract Baseline,ACUTE COMMISSIONING,WESTERN SUSSEX HOSPITALS NHS FOUNDATION TRUST,25508337,35650,65 4439322,1500034683
Department of Health,NHS Eastbourne Hailsham&Seaford CCG,31/01/2019,Hcare Srv Rec Fdtn Trust-Contract Baseline,NHS 111,SOUTH EAST COAST AMBULANCE SERVICE NHS FOUNDATION TRUST,25508339,61909.67,654434925,7881539
Department of Health,NHS Eastbourne Hailsham&Seaford CCG,31/01/2019,Hcare Srv Rec Fdtn Trust-Contract Baseline,MENTAL HEALTH CONTRACTS,SUSSEX PARTNERSHIP NHS FOUNDATION TRUST,25530542,1608251,654422543,6472435
Department of Health,NHS Eastbourne Hailsham&Seaford CCG,31/01/2019,Hcare Srv Rec Fdtn Trust-Contract Baseline,ACUTE COMMISSIONING,QUEEN VICTORIA HOSPITAL NHS FOUNDATION TRUST,25555314,117268,654946595,2010017988
Department of Health,NHS Eastbourne Hailsham&Seaford CCG,31/01/2019,Clinical&Medical-Independent Sector,ACUTE COMMISSIONING,HEALOGICS WOUND HEALING CENTRES,25555320,32589.12,,107461
Department of Health,NHS Eastbourne Hailsham&Seaford CCG,31/01/2019,Hcare Srv Rec NHS Trust-Contract Baseline,ACUTE COMMISSIONING,EAST SUSSEX HEALTHCARE NHS TRUST,25555334,12367052.84,654418039,130783
Department of Health,NHS Eastbourne Hailsham&Seaford CCG,31/01/2019,Accruals <1Yr-Inter Comm-CCG,BALANCE SHEET,NHS HASTINGS & ROTHER CCG,25555340,196641.67,,7026401822
Department of Health,NHS Eastbourne Hailsham&Seaford CCG,31/01/2019,NHS CHC/FNC Risk-Sharing Recharge between CCGs,CHC ADULT FULLY FUNDED,NHS HASTINGS & ROTHER CCG,25555357,512129,,7026401841
Department of Health,NHS Eastbourne Hailsham&Seaford CCG,31/01/2019,IT(Owned)-Cost-Addns-IT,BALANCE SHEET,DELL CORPORATION LTD,25566061,24150,635823528,7402495086
Department of Health,NHS Eastbourne Hailsham&Seaford CCG,31/01/2019,IT(Owned)-Cost-Addns-IT,BALANCE SHEET,DELL CORPORATION LTD,25566067,24150,635823528,7402495082
Department of Health,NHS Eastbourne Hailsham&Seaford CCG,31/01/2019,Hcare Srv Rec Fdtn Trust-Contract Baseline,ACUTE COMMISSIONING,ROYAL SURREY COUNTY HOSPITAL NHS FOUNDATION TRUST,25598011,29246,654947690,13797235
Department of Health,NHS Eastbourne Hailsham&Seaford CCG,31/01/2019,Hlthcre-Foundation Trsts,MENTAL HEALTH CONTRACTS,SUSSEX PARTNERSHIP NHS FOUNDATION TRUST,25613007,160130,654422543,6472366
Department of Health,NHS Eastbourne Hailsham&Seaford CCG,31/01/2019,Hcare Srv Rec NHS Trust-Contract Cost per Case,ACUTE COMMISSIONING,EAST SUSSEX HEALTHCARE NHS TRUST,25613020,44734,654418039,130846
Department of Health,NHS Eastbourne Hailsham&Seaford CCG,31/01/2019,C&M-GMS DES Extended Hours Access,PRC DELEGATED CO-COMMISSIONING,DOWNLANDS MEDICAL CENTRE,25628394,5138.55,,TE000036278
Department of Health,NHS Eastbourne Hailsham&Seaford CCG,31/01/2019,C&M-GMS Global Sum,PRC DELEGATED CO-COMMISSIONING,DOWNLANDS MEDICAL CENTRE,25628394,89296.25,,TE000036278
Department of Health,NHS Eastbourne Hailsham&Seaford CCG,31/01/2019,C&M-GMS PCO Other,PRC DELEGATED CO-COMMISSIONING,DOWNLANDS MEDICAL CENTRE,25628394,741.15,,TE000036278
Department of Health,NHS Eastbourne Hailsham&Seaford CCG,31/01/2019,C&M-GMS Prem Actual Rent,PRC DELEGATED CO-COMMISSIONING,DOWNLANDS MEDICAL CENTRE,25628394,3666.67,,TE000036278
Department of Health,NHS Eastbourne Hailsham&Seaford CCG,31/01/2019,C&M-GMS Prem Rates,PRC DELEGATED CO-COMMISSIONING,DOWNLANDS MEDICAL CENTRE,25628394,1668,,TE000036278
Department of Health,NHS Eastbourne Hailsham&Seaford CCG,31/01/2019,C&M-GMS QOF Aspiration,PRC DELEGATED CO-COMMISSIONING,DOWNLANDS MEDICAL CENTRE,25628394,11723.17,,TE000036278
Department of Health,NHS Eastbourne Hailsham&Seaford CCG,31/01/2019,C&M-GMS DES Extended Hours Access,PRC DELEGATED CO-COMMISSIONING,DR ADOKI & PTNR,25628396,3297.45,,TE000036280
Department of Health,NHS Eastbourne Hailsham&Seaford CCG,31/01/2019,C&M-GMS Global Sum,PRC DELEGATED CO-COMMISSIONING,DR ADOKI & PTNR,25628396,48050.08,,TE000036280
Department of Health,NHS Eastbourne Hailsham&Seaford CCG,31/01/2019,C&M-GMS Other FDR Payment,PRC DELEGATED CO-COMMISSIONING,DR ADOKI & PTNR,25628396,1209.71,,TE000036280
Department of Health,NHS Eastbourne Hailsham&Seaford CCG,31/01/2019,C&M-GMS PCO Locum Sickness,PRC DELEGATED CO-COMMISSIONING,DR ADOKI & PTNR,25628396,5254.56,,TE000036280
Department of Health,NHS Eastbourne Hailsham&Seaford CCG,31/01/2019,C&M-GMS Prem Actual Rent,PRC DELEGATED CO-COMMISSIONING,DR ADOKI & PTNR,25628396,11165,,TE000036280
Department of Health,NHS Eastbourne Hailsham&Seaford CCG,31/01/2019,C&M-GMS QOF Aspiration,PRC DELEGATED CO-COMMISSIONING,DR ADOKI & PTNR,25628396,4902.94,,TE000036280
Department of Health,NHS Eastbourne Hailsham&Seaford CCG,31/01/2019,C&M-GMS DES Extended Hours Access,PRC DELEGATED CO-COMMISSIONING,DR BAIG & PARTNERS,25628398,5909.95,,TE000036282
Department of Health,NHS Eastbourne Hailsham&Seaford CCG,31/01/2019,C&M-GMS Global Sum,PRC DELEGATED CO-COMMISSIONING,DR BAIG & PARTNERS,25628398,95935.53,,TE000036282
Department of Health,NHS Eastbourne Hailsham&Seaford CCG,31/01/2019,C&M-GMS Prem Actual Rent,PRC DELEGATED CO-COMMISSIONING,DR BAIG & PARTNERS,25628398,60842.93,,TE000036282
Department of Health,NHS Eastbourne Hailsham&Seaford CCG,31/01/2019,C&M-GMS Prem Rates,PRC DELEGATED CO-COMMISSIONING,DR BAIG & PARTNERS,25628398,3808,,TE000036282
Department of Health,NHS Eastbourne Hailsham&Seaford CCG,31/01/2019,C&M-GMS QOF Aspiration,PRC DELEGATED CO-COMMISSIONING,DR BAIG & PARTNERS,25628398,10956.42,,TE000036282
Department of Health,NHS Eastbourne Hailsham&Seaford CCG,31/01/2019,C&M-GMS DES Extended Hours Access,PRC DELEGATED CO-COMMISSIONING,DR BARNES M H & PARTNERS,25628399,8454.53,,TE000036284
Department of Health,NHS Eastbourne Hailsham&Seaford CCG,31/01/2019,C&M-GMS Global Sum,PRC DELEGATED CO-COMMISSIONING,DR BARNES M H & PARTNERS,25628399,136837.92,,TE000036284
Department of Health,NHS Eastbourne Hailsham&Seaford CCG,31/01/2019,C&M-GMS MPIG Correction Factor,PRC DELEGATED CO-COMMISSIONING,DR BARNES M H & PARTNERS,25628399,60.29,,TE000036284
Department of Health,NHS Eastbourne Hailsham&Seaford CCG,31/01/2019,C&M-GMS PCO Locum Adop/Pat/Mat,PRC DELEGATED CO-COMMISSIONING,DR BARNES M H & PARTNERS,25628399,4624.48,,TE000036284
Department of Health,NHS Eastbourne Hailsham&Seaford CCG,31/01/2019,C&M-GMS PCO Other,PRC DELEGATED CO-COMMISSIONING,DR BARNES M H & PARTNERS,25628399,1182.33,,TE000036284
Department of Health,NHS Eastbourne Hailsham&Seaford CCG,31/01/2019,C&M-GMS QOF Aspiration,PRC DELEGATED CO-COMMISSIONING,DR BARNES M H & PARTNERS,25628399,19150.99,,TE000036284
Department of Health,NHS Eastbourne Hailsham&Seaford CCG,31/01/2019,C&M-GMS GP Statutory Levy,PRC DELEGATED CO-COMMISSIONING,DR EYRE & PARTNERS,25628400,-538.46,,TE000036285
Department of Health,NHS Eastbourne Hailsham&Seaford CCG,31/01/2019,C&M-GMS Voluntary Levy,PRC DELEGATED CO-COMMISSIONING,DR EYRE & PARTNERS,25628400,-110.45,,TE000036285
Department of Health,NHS Eastbourne Hailsham&Seaford CCG,31/01/2019,ME-GMS GP Pension EEs,PRC DELEGATED CO-COMMISSIONING,DR EYRE & PARTNERS,25628400,-11905.34,,TE000036285
Department of Health,NHS Eastbourne Hailsham&Seaford CCG,31/01/2019,ME-GMS GP Pension EEs Adjustments,PRC DELEGATED CO-COMMISSIONING,DR EYRE & PARTNERS,25628400,-2014.11,,TE000036285
Department of Health,NHS Eastbourne Hailsham&Seaford CCG,31/01/2019,ME-GMS GP Pension ERs Adjustments,PRC DELEGATED CO-COMMISSIONING,DR EYRE & PARTNERS,25628400,-15044.5,,TE000036285
Department of Health,NHS Eastbourne Hailsham&Seaford CCG,31/01/2019,C&M-GMS DES Extended Hours Access,PRC DELEGATED CO-COMMISSIONING,DR EYRE & PARTNERS,25628401,7578.63,,TE000036286
Department of Health,NHS Eastbourne Hailsham&Seaford CCG,31/01/2019,C&M-GMS Global Sum,PRC DELEGATED CO-COMMISSIONING,DR EYRE & PARTNERS,25628401,131379.6,,TE000036286
Department of Health,NHS Eastbourne Hailsham&Seaford CCG,31/01/2019,C&M-GMS PCO Other,PRC DELEGATED CO-COMMISSIONING,DR EYRE & PARTNERS,25628401,1068.12,,TE000036286
Department of Health,NHS Eastbourne Hailsham&Seaford CCG,31/01/2019,C&M-GMS Prem Actual Rent,PRC DELEGATED CO-COMMISSIONING,DR EYRE & PARTNERS,25628401,3625,,TE000036286
Department of Health,NHS Eastbourne Hailsham&Seaford CCG,31/01/2019,C&M-GMS Prem Rates,PRC DELEGATED CO-COMMISSIONING,DR EYRE & PARTNERS,25628401,2067,,TE000036286
Department of Health,NHS Eastbourne Hailsham&Seaford CCG,31/01/2019,C&M-GMS Prem Water Rates,PRC DELEGATED CO-COMMISSIONING,DR EYRE & PARTNERS,25628401,326.8,,TE000036286
Department of Health,NHS Eastbourne Hailsham&Seaford CCG,31/01/2019,C&M-GMS QOF Aspiration,PRC DELEGATED CO-COMMISSIONING,DR EYRE & PARTNERS,25628401,17997.07,,TE000036286
Department of Health,NHS Eastbourne Hailsham&Seaford CCG,31/01/2019,C&M-GMS DES Extended Hours Access,PRC DELEGATED CO-COMMISSIONING,DR EDWARDS & PARTNER,25628403,4217.05,,TE000036288
Department of Health,NHS Eastbourne Hailsham&Seaford CCG,31/01/2019,C&M-GMS Global Sum,PRC DELEGATED CO-COMMISSIONING,DR EDWARDS & PARTNER,25628403,71667.61,,TE000036288
Department of Health,NHS Eastbourne Hailsham&Seaford CCG,31/01/2019,C&M-GMS MPIG Correction Factor,PRC DELEGATED CO-COMMISSIONING,DR EDWARDS & PARTNER,25628403,733.25,,TE000036288
Department of Health,NHS Eastbourne Hailsham&Seaford CCG,31/01/2019,C&M-GMS Prem Actual Rent,PRC DELEGATED CO-COMMISSIONING,DR EDWARDS & PARTNER,25628403,7508,,TE000036288
Department of Health,NHS Eastbourne Hailsham&Seaford CCG,31/01/2019,C&M-GMS Prem Rates,PRC DELEGATED CO-COMMISSIONING,DR EDWARDS & PARTNER,25628403,2682,,TE000036288
Department of Health,NHS Eastbourne Hailsham&Seaford CCG,31/01/2019,C&M-GMS QOF Aspiration,PRC DELEGATED CO-COMMISSIONING,DR EDWARDS & PARTNER,25628403,9607.22,,TE000036288
Department of Health,NHS Eastbourne Hailsham&Seaford CCG,31/01/2019,C&M-GMS Global Sum,PRC DELEGATED CO-COMMISSIONING,DR JD BARNES & PARTNERS,25628405,80812.91,,TE000036292
Department of Health,NHS Eastbourne Hailsham&Seaford CCG,31/01/2019,C&M-GMS Prem Actual Rent,PRC DELEGATED CO-COMMISSIONING,DR JD BARNES & PARTNERS,25628405,6049.58,,TE000036292
Department of Health,NHS Eastbourne Hailsham&Seaford CCG,31/01/2019,C&M-GMS QOF Aspiration,PRC DELEGATED CO-COMMISSIONING,DR JD BARNES & PARTNERS,25628405,9699.88,,TE000036292
Department of Health,NHS Eastbourne Hailsham&Seaford CCG,31/01/2019,C&M-GMS DES Learn Dsblty Hlth Chk,PRC DELEGATED CO-COMMISSIONING,DR MILLER & PARTNERS,25628407,2520,,TE000036294
Department of Health,NHS Eastbourne Hailsham&Seaford CCG,31/01/2019,C&M-GMS Global Sum,PRC DELEGATED CO-COMMISSIONING,DR MILLER & PARTNERS,25628407,60648.7,,TE000036294
Department of Health,NHS Eastbourne Hailsham&Seaford CCG,31/01/2019,C&M-GMS PCO Other,PRC DELEGATED CO-COMMISSIONING,DR MILLER & PARTNERS,25628407,590.72,,TE000036294
Department of Health,NHS Eastbourne Hailsham&Seaford CCG,31/01/2019,C&M-GMS Prem Actual Rent,PRC DELEGATED CO-COMMISSIONING,DR MILLER & PARTNERS,25628407,4618.42,,TE000036294
Department of Health,NHS Eastbourne Hailsham&Seaford CCG,31/01/2019,C&M-GMS Prem Rates,PRC DELEGATED CO-COMMISSIONING,DR MILLER & PARTNERS,25628407,1660,,TE000036294
Department of Health,NHS Eastbourne Hailsham&Seaford CCG,31/01/2019,C&M-GMS QOF Aspiration,PRC DELEGATED CO-COMMISSIONING,DR MILLER & PARTNERS,25628407,7224.11,,TE000036294
Department of Health,NHS Eastbourne Hailsham&Seaford CCG,31/01/2019,C&M-GMS Cost of Drugs -Dispensing,LOCAL ENHANCED SERVICES,DR PALIT & PARTNERS,25628408,-30473.44,,TE000036295
Department of Health,NHS Eastbourne Hailsham&Seaford CCG,31/01/2019,C&M-GMS GP Statutory Levy,PRC DELEGATED CO-COMMISSIONING,DR PALIT & PARTNERS,25628408,-323.99,,TE000036295
Department of Health,NHS Eastbourne Hailsham&Seaford CCG,31/01/2019,C&M-GMS PrscChrgsCll&RmttdbyGPCntra,PRC DELEGATED CO-COMMISSIONING,DR PALIT & PARTNERS,25628408,-387.2,,TE000036295
Department of Health,NHS Eastbourne Hailsham&Seaford CCG,31/01/2019,C&M-GMS Voluntary Levy,PRC DELEGATED CO-COMMISSIONING,DR PALIT & PARTNERS,25628408,-66.46,,TE000036295
Department of Health,NHS Eastbourne Hailsham&Seaford CCG,31/01/2019,ME-GMS GP Pension EEs,PRC DELEGATED CO-COMMISSIONING,DR PALIT & PARTNERS,25628408,-5515.31,,TE000036295
Department of Health,NHS Eastbourne Hailsham&Seaford CCG,31/01/2019,ME-GMS GP Pension ERs Adjustments,PRC DELEGATED CO-COMMISSIONING,DR PALIT & PARTNERS,25628408,-5874.84,,TE000036295
Department of Health,NHS Eastbourne Hailsham&Seaford CCG,31/01/2019,C&M-GMS Cost of Drugs -Dispensing,LOCAL ENHANCED SERVICES,DR PALIT & PARTNERS,25628409,64472.38,,TE000036296
Department of Health,NHS Eastbourne Hailsham&Seaford CCG,31/01/2019,C&M-GMS DES Extended Hours Access,PRC DELEGATED CO-COMMISSIONING,DR PALIT & PARTNERS,25628409,4716.75,,TE000036296
Department of Health,NHS Eastbourne Hailsham&Seaford CCG,31/01/2019,C&M-GMS Global Sum,PRC DELEGATED CO-COMMISSIONING,DR PALIT & PARTNERS,25628409,76889.79,,TE000036296
Department of Health,NHS Eastbourne Hailsham&Seaford CCG,31/01/2019,C&M-GMS MPIG Correction Factor,PRC DELEGATED CO-COMMISSIONING,DR PALIT & PARTNERS,25628409,1374.4,,TE000036296
Department of Health,NHS Eastbourne Hailsham&Seaford CCG,31/01/2019,C&M-GMS PCO Locum Adop/Pat/Mat,PRC DELEGATED CO-COMMISSIONING,DR PALIT & PARTNERS,25628409,1931.74,,TE000036296
Department of Health,NHS Eastbourne Hailsham&Seaford CCG,31/01/2019,C&M-GMS Prem Actual Rent,PRC DELEGATED CO-COMMISSIONING,DR PALIT & PARTNERS,25628409,4373.92,,TE000036296
Department of Health,NHS Eastbourne Hailsham&Seaford CCG,31/01/2019,C&M-GMS Prem Rates,PRC DELEGATED CO-COMMISSIONING,DR PALIT & PARTNERS,25628409,3803,,TE000036296
Department of Health,NHS Eastbourne Hailsham&Seaford CCG,31/01/2019,C&M-GMS Prem Water Rates,PRC DELEGATED CO-COMMISSIONING,DR PALIT & PARTNERS,25628409,272.67,,TE000036296
Department of Health,NHS Eastbourne Hailsham&Seaford CCG,31/01/2019,C&M-GMS Prof Fees Dispensing,PRC DELEGATED CO-COMMISSIONING,DR PALIT & PARTNERS,25628409,12118.44,,TE000036296
Department of Health,NHS Eastbourne Hailsham&Seaford CCG,31/01/2019,C&M-GMS PrscrptnChrgsColl&RmttdbyGP,LOCAL ENHANCED SERVICES,DR PALIT & PARTNERS,25628409,387.2,,TE000036296
Department of Health,NHS Eastbourne Hailsham&Seaford CCG,31/01/2019,C&M-GMS QOF Aspiration,PRC DELEGATED CO-COMMISSIONING,DR PALIT & PARTNERS,25628409,10325.02,,TE000036296
Department of Health,NHS Eastbourne Hailsham&Seaford CCG,31/01/2019,ME - GMS GP Prior Year ERs,PRC DELEGATED CO-COMMISSIONING,DR PALIT & PARTNERS,25628409,2910.71,,TE000036296
Department of Health,NHS Eastbourne Hailsham&Seaford CCG,31/01/2019,ME-GMS GP Prior Year AVCs,PRC DELEGATED CO-COMMISSIONING,DR PALIT & PARTNERS,25628409,1806.11,,TE000036296
Department of Health,NHS Eastbourne Hailsham&Seaford CCG,31/01/2019,ME-GMS GP Prior Year EEs,PRC DELEGATED CO-COMMISSIONING,DR PALIT & PARTNERS,25628409,2847.38,,TE000036296
Department of Health,NHS Eastbourne Hailsham&Seaford CCG,31/01/2019,C&M-GMS Global Sum,PRC DELEGATED CO-COMMISSIONING,DR RD BROWN & PARTNERS,25628411,54180.51,,TE000036298
Department of Health,NHS Eastbourne Hailsham&Seaford CCG,31/01/2019,C&M-GMS Prem Actual Rent,PRC DELEGATED CO-COMMISSIONING,DR RD BROWN & PARTNERS,25628411,2440,,TE000036298
Department of Health,NHS Eastbourne Hailsham&Seaford CCG,31/01/2019,C&M-GMS Prem Rates,PRC DELEGATED CO-COMMISSIONING,DR RD BROWN & PARTNERS,25628411,281,,TE000036298
Department of Health,NHS Eastbourne Hailsham&Seaford CCG,31/01/2019,C&M-GMS QOF Aspiration,PRC DELEGATED CO-COMMISSIONING,DR RD BROWN & PARTNERS,25628411,6016.63,,TE000036298
Department of Health,NHS Eastbourne Hailsham&Seaford CCG,31/01/2019,C&M-GMS DES Extended Hours Access,PRC DELEGATED CO-COMMISSIONING,DR PEARCE & PARTNERS,25628413,5600.73,,TE000036300
Department of Health,NHS Eastbourne Hailsham&Seaford CCG,31/01/2019,C&M-GMS Global Sum,PRC DELEGATED CO-COMMISSIONING,DR PEARCE & PARTNERS,25628413,83888.43,,TE000036300
Department of Health,NHS Eastbourne Hailsham&Seaford CCG,31/01/2019,C&M-GMS PCO Other,PRC DELEGATED CO-COMMISSIONING,DR PEARCE & PARTNERS,25628413,810.36,,TE000036300
Department of Health,NHS Eastbourne Hailsham&Seaford CCG,31/01/2019,C&M-GMS Prem Actual Rent,PRC DELEGATED CO-COMMISSIONING,DR PEARCE & PARTNERS,25628413,5877.09,,TE000036300
Department of Health,NHS Eastbourne Hailsham&Seaford CCG,31/01/2019,C&M-GMS Prem Rates,PRC DELEGATED CO-COMMISSIONING,DR PEARCE & PARTNERS,25628413,1109,,TE000036300
Department of Health,NHS Eastbourne Hailsham&Seaford CCG,31/01/2019,C&M-GMS QOF Aspiration,PRC DELEGATED CO-COMMISSIONING,DR PEARCE & PARTNERS,25628413,11989.82,,TE000036300
Department of Health,NHS Eastbourne Hailsham&Seaford CCG,31/01/2019,C&M-GMS DES Extended Hours Access,PRC DELEGATED CO-COMMISSIONING,DR SAVVAS S & PARTNER,25628414,3034.78,,TE000036302
Department of Health,NHS Eastbourne Hailsham&Seaford CCG,31/01/2019,C&M-GMS Global Sum,PRC DELEGATED CO-COMMISSIONING,DR SAVVAS S & PARTNER,25628414,41910.08,,TE000036302
Department of Health,NHS Eastbourne Hailsham&Seaford CCG,31/01/2019,C&M-GMS MPIG Correction Factor,PRC DELEGATED CO-COMMISSIONING,DR SAVVAS S & PARTNER,25628414,213.34,,TE000036302
Department of Health,NHS Eastbourne Hailsham&Seaford CCG,31/01/2019,C&M-GMS Prem Rates,PRC DELEGATED CO-COMMISSIONING,DR SAVVAS S & PARTNER,25628414,807,,TE000036302
Department of Health,NHS Eastbourne Hailsham&Seaford CCG,31/01/2019,C&M-GMS QOF Aspiration,PRC DELEGATED CO-COMMISSIONING,DR SAVVAS S & PARTNER,25628414,5791.14,,TE000036302
Department of Health,NHS Eastbourne Hailsham&Seaford CCG,31/01/2019,C&M-GMS Global Sum,PRC DELEGATED CO-COMMISSIONING,DR WILLIAMS & PARTNERS EASTBOURNE,25628416,97499.09,,TE000036304
Department of Health,NHS Eastbourne Hailsham&Seaford CCG,31/01/2019,C&M-GMS PCO Other,PRC DELEGATED CO-COMMISSIONING,DR WILLIAMS & PARTNERS EASTBOURNE,25628416,811.14,,TE000036304
Department of Health,NHS Eastbourne Hailsham&Seaford CCG,31/01/2019,C&M-GMS Prem Actual Rent,PRC DELEGATED CO-COMMISSIONING,DR WILLIAMS & PARTNERS EASTBOURNE,25628416,6971.66,,TE000036304
Department of Health,NHS Eastbourne Hailsham&Seaford CCG,31/01/2019,C&M-GMS Prem Rates,PRC DELEGATED CO-COMMISSIONING,DR WILLIAMS & PARTNERS EASTBOURNE,25628416,2753,,TE000036304
Department of Health,NHS Eastbourne Hailsham&Seaford CCG,31/01/2019,C&M-GMS QOF Aspiration,PRC DELEGATED CO-COMMISSIONING,DR WILLIAMS & PARTNERS EASTBOURNE,25628416,14133.29,,TE000036304
Department of Health,NHS Eastbourne Hailsham&Seaford CCG,31/01/2019,C&M-GMS DES Extended Hours Access,PRC DELEGATED CO-COMMISSIONING,PARK PRACTICE,25628418,5321.43,,TE000036306
Department of Health,NHS Eastbourne Hailsham&Seaford CCG,31/01/2019,C&M-GMS Global Sum,PRC DELEGATED CO-COMMISSIONING,PARK PRACTICE,25628418,77167.87,,TE000036306
Department of Health,NHS Eastbourne Hailsham&Seaford CCG,31/01/2019,C&M-GMS MPIG Correction Factor,PRC DELEGATED CO-COMMISSIONING,PARK PRACTICE,25628418,203.75,,TE000036306
Department of Health,NHS Eastbourne Hailsham&Seaford CCG,31/01/2019,C&M-GMS Prem Rates,PRC DELEGATED CO-COMMISSIONING,PARK PRACTICE,25628418,2511,,TE000036306
Department of Health,NHS Eastbourne Hailsham&Seaford CCG,31/01/2019,C&M-GMS QOF Aspiration,PRC DELEGATED CO-COMMISSIONING,PARK PRACTICE,25628418,10691.06,,TE000036306
Department of Health,NHS Eastbourne Hailsham&Seaford CCG,31/01/2019,C&M-GMS DES Extended Hours Access,PRC DELEGATED CO-COMMISSIONING,SOVEREIGN PRACTICE,25628420,6766.85,,TE000036308
Department of Health,NHS Eastbourne Hailsham&Seaford CCG,31/01/2019,C&M-GMS Global Sum,PRC DELEGATED CO-COMMISSIONING,SOVEREIGN PRACTICE,25628420,107665.42,,TE000036308
Department of Health,NHS Eastbourne Hailsham&Seaford CCG,31/01/2019,C&M-GMS Other FDR Payment,PRC DELEGATED CO-COMMISSIONING,SOVEREIGN PRACTICE,25628420,3350.36,,TE000036308
Department of Health,NHS Eastbourne Hailsham&Seaford CCG,31/01/2019,C&M-GMS PCO Other,PRC DELEGATED CO-COMMISSIONING,SOVEREIGN PRACTICE,25628420,961.35,,TE000036308
Department of Health,NHS Eastbourne Hailsham&Seaford CCG,31/01/2019,C&M-GMS Prem Actual Rent,PRC DELEGATED CO-COMMISSIONING,SOVEREIGN PRACTICE,25628420,4900,,TE000036308
Department of Health,NHS Eastbourne Hailsham&Seaford CCG,31/01/2019,C&M-GMS QOF Aspiration,PRC DELEGATED CO-COMMISSIONING,SOVEREIGN PRACTICE,25628420,11555.46,,TE000036308
Department of Health,NHS Eastbourne Hailsham&Seaford CCG,31/01/2019,C&M-GMS DES Extended Hours Access,PRC DELEGATED CO-COMMISSIONING,HERSTMONCEUX HEALTH CENTRE,25628422,2115.18,,TE000036310
Department of Health,NHS Eastbourne Hailsham&Seaford CCG,31/01/2019,C&M-GMS Global Sum,PRC DELEGATED CO-COMMISSIONING,HERSTMONCEUX HEALTH CENTRE,25628422,35188.89,,TE000036310
Department of Health,NHS Eastbourne Hailsham&Seaford CCG,31/01/2019,C&M-GMS PCO Other,PRC DELEGATED CO-COMMISSIONING,HERSTMONCEUX HEALTH CENTRE,25628422,335.52,,TE000036310
Department of Health,NHS Eastbourne Hailsham&Seaford CCG,31/01/2019,C&M-GMS Prem Actual Rent,PRC DELEGATED CO-COMMISSIONING,HERSTMONCEUX HEALTH CENTRE,25628422,7450,,TE000036310
Department of Health,NHS Eastbourne Hailsham&Seaford CCG,31/01/2019,C&M-GMS Prem Rates,PRC DELEGATED CO-COMMISSIONING,HERSTMONCEUX HEALTH CENTRE,25628422,2353,,TE000036310
Department of Health,NHS Eastbourne Hailsham&Seaford CCG,31/01/2019,C&M-GMS QOF Aspiration,PRC DELEGATED CO-COMMISSIONING,HERSTMONCEUX HEALTH CENTRE,25628422,3704.95,,TE000036310
Department of Health,NHS Eastbourne Hailsham&Seaford CCG,31/01/2019,C&M-GMS DES Extended Hours Access,PRC DELEGATED CO-COMMISSIONING,GREEN STREET CLINIC,25628424,5013.15,,TE000036312
Department of Health,NHS Eastbourne Hailsham&Seaford CCG,31/01/2019,C&M-GMS Global Sum,PRC DELEGATED CO-COMMISSIONING,GREEN STREET CLINIC,25628424,77581.93,,TE000036312
Department of Health,NHS Eastbourne Hailsham&Seaford CCG,31/01/2019,C&M-GMS MPIG Correction Factor,PRC DELEGATED CO-COMMISSIONING,GREEN STREET CLINIC,25628424,297.2,,TE000036312
Department of Health,NHS Eastbourne Hailsham&Seaford CCG,31/01/2019,C&M-GMS Prem Actual Rent,PRC DELEGATED CO-COMMISSIONING,GREEN STREET CLINIC,25628424,3197.08,,TE000036312
Department of Health,NHS Eastbourne Hailsham&Seaford CCG,31/01/2019,C&M-GMS Prem Rates,PRC DELEGATED CO-COMMISSIONING,GREEN STREET CLINIC,25628424,1600,,TE000036312
Department of Health,NHS Eastbourne Hailsham&Seaford CCG,31/01/2019,C&M-GMS QOF Aspiration,PRC DELEGATED CO-COMMISSIONING,GREEN STREET CLINIC,25628424,8592,,TE000036312
Department of Health,NHS Eastbourne Hailsham&Seaford CCG,31/01/2019,C&M-GMS Global Sum,PRC DELEGATED CO-COMMISSIONING,GROVE ROAD SURGERY (EASTBOURNE),25628426,52345.98,,TE000036314
Department of Health,NHS Eastbourne Hailsham&Seaford CCG,31/01/2019,C&M-GMS PCO Other,PRC DELEGATED CO-COMMISSIONING,GROVE ROAD SURGERY (EASTBOURNE),25628426,497.51,,TE000036314
Department of Health,NHS Eastbourne Hailsham&Seaford CCG,31/01/2019,C&M-GMS Prem Rates,PRC DELEGATED CO-COMMISSIONING,GROVE ROAD SURGERY (EASTBOURNE),25628426,2761,,TE000036314
Department of Health,NHS Eastbourne Hailsham&Seaford CCG,31/01/2019,C&M-GMS QOF Aspiration,PRC DELEGATED CO-COMMISSIONING,GROVE ROAD SURGERY (EASTBOURNE),25628426,5893.57,,TE000036314
Department of Health,NHS Eastbourne Hailsham&Seaford CCG,31/01/2019,C&M-GMS Global Sum,PRC DELEGATED CO-COMMISSIONING,BOLTON ROAD SURGERY (EASTBOURNE),25628428,41259.4,,TE000036290
Department of Health,NHS Eastbourne Hailsham&Seaford CCG,31/01/2019,C&M-GMS PCO Other,PRC DELEGATED CO-COMMISSIONING,BOLTON ROAD SURGERY (EASTBOURNE),25628428,384.41,,TE000036290
Department of Health,NHS Eastbourne Hailsham&Seaford CCG,31/01/2019,C&M-GMS Prem Actual Rent,PRC DELEGATED CO-COMMISSIONING,BOLTON ROAD SURGERY (EASTBOURNE),25628428,3715.42,,TE000036290
Department of Health,NHS Eastbourne Hailsham&Seaford CCG,31/01/2019,C&M-GMS Prem Rates,PRC DELEGATED CO-COMMISSIONING,BOLTON ROAD SURGERY (EASTBOURNE),25628428,1656,,TE000036290
Department of Health,NHS Eastbourne Hailsham&Seaford CCG,31/01/2019,C&M-GMS QOF Aspiration,PRC DELEGATED CO-COMMISSIONING,BOLTON ROAD SURGERY (EASTBOURNE),25628428,4341.31,,TE000036290
Department of Health,NHS Eastbourne Hailsham&Seaford CCG,31/01/2019,C&M-GMS GP Statutory Levy,PRC DELEGATED CO-COMMISSIONING,DR BARNES M H & PARTNERS,25644989,-583.18,,TE000036283
Department of Health,NHS Eastbourne Hailsham&Seaford CCG,31/01/2019,C&M-GMS Voluntary Levy,PRC DELEGATED CO-COMMISSIONING,DR BARNES M H & PARTNERS,25644989,-119.63,,TE000036283
Department of Health,NHS Eastbourne Hailsham&Seaford CCG,31/01/2019,ME - GMS TPS Added Years Adj EEs,PRC DELEGATED CO-COMMISSIONING,DR BARNES M H & PARTNERS,25644989,-1490.21,,TE000036283
Department of Health,NHS Eastbourne Hailsham&Seaford CCG,31/01/2019,ME-GMS GP Pension EEs,PRC DELEGATED CO-COMMISSIONING,DR BARNES M H & PARTNERS,25644989,-12176.98,,TE000036283
Department of Health,NHS Eastbourne Hailsham&Seaford CCG,31/01/2019,ME-GMS GP Pension EEs Adjustments,PRC DELEGATED CO-COMMISSIONING,DR BARNES M H & PARTNERS,25644989,-2056.25,,TE000036283
Department of Health,NHS Eastbourne Hailsham&Seaford CCG,31/01/2019,ME-GMS GP Pension ERs Adjustments,PRC DELEGATED CO-COMMISSIONING,DR BARNES M H & PARTNERS,25644989,-15081.63,,TE000036283
Department of Health,NHS Eastbourne Hailsham&Seaford CCG,31/01/2019,Professional Fees,ADMINISTRATION & BUSINESS SUPPORT,NHS HIGH WEALD LEWES HAVENS CCG,25659874,33398,654458611,7030701666
Department of Health,NHS Eastbourne Hailsham&Seaford CCG,31/01/2019,Hlthcre-Foundation Trsts,MENTAL HEALTH CONTRACTS,SUSSEX PARTNERSHIP NHS FOUNDATION TRUST,25659880,160130,654422543,6472531
Department of Health,NHS Eastbourne Hailsham&Seaford CCG,31/01/2019,Clinical&Medical-Clinical Other,LONG TERM CONDITIONS,DR WILLIAMS & PARTNERS EASTBOURNE,25666871,39198.3,,LCSQ0119462
Department of Health,NHS Eastbourne Hailsham&Seaford CCG,31/01/2019,C&M-GMS LES Dermatology/Cryotherapy,LOCAL ENHANCED SERVICES,DR WILLIAMS & PARTNERS EASTBOURNE,25666881,35429.8,,LCSQ0119472
Department of Health,NHS Eastbourne Hailsham&Seaford CCG,31/01/2019,C&M-GMS LES Dermatology/Cryotherapy,LOCAL ENHANCED SERVICES,PARK PRACTICE,25669493,44467.39,,LCSQ0119857
Department of Health,NHS Eastbourne Hailsham&Seaford CCG,31/01/2019,C&M-GMS LES Dermatology/Cryotherapy,LOCAL ENHANCED SERVICES,DR EDWARDS & PARTNER,25669555,108623.87,,LCSQ0119890
Department of Health,NHS Eastbourne Hailsham&Seaford CCG,31/01/2019,Clinical&Medical-Clinical Other,LOCAL ENHANCED SERVICES,INTEGRATED CARE 24 LTD,25678049,247644.99,991241024,2388
Department of Health,NHS Eastbourne Hailsham&Seaford CCG,31/01/2019,Clinical&Medical-Independent Sector,ACUTE COMMISSIONING,NHS HIGH WEALD LEWES HAVENS CCG,25696254,1412528,654458611,7030701679
Department of Health,NHS Eastbourne Hailsham&Seaford CCG,31/01/2019,Cont Care-Funded Nursing Care Allow,FUNDED NURSING CARE,ABUNDANT GRACE,25707319,28129.78,,09FIPF001382
Department of Health,NHS Eastbourne Hailsham&Seaford CCG,31/01/2019,Cont Care-Funded Nursing Care Allow,FUNDED NURSING CARE,HAILSHAM HOUSE NURSING HOME,25707496,57818.54,,09FIPF001395
Department of Health,NHS Eastbourne Hailsham&Seaford CCG,31/01/2019,Cont Care-Funded Nursing Care Allow,FUNDED NURSING CARE,LIFE STYLE CARE PLC,25707589,28559.08,,09FIPF001404
Department of Health,NHS Eastbourne Hailsham&Seaford CCG,31/01/2019,Cont Care-Funded Nursing Care Allow,FUNDED NURSING CARE,SUNRISE SENIOR LIVING EASTBOURNE,25707598,41279.61,,09FIPF001405
Department of Health,NHS Eastbourne Hailsham&Seaford CCG,31/01/2019,Other Gen Supplies & Srv,PRIMARY CARE INVESTMENTS,EAST SUSSEX HEALTHCARE NHS TRUST,25736890,145478.78,654418039,130446
Department of Health,NHS Eastbourne Hailsham&Seaford CCG,31/01/2019,Hcare Srv Rec Fdtn Trust-Non Contract,MENTAL HEALTH CONTRACTS,SUSSEX PARTNERSHIP NHS FOUNDATION TRUST,25736927,320555,654422543,6472488
Department of Health,NHS Eastbourne Hailsham&Seaford CCG,31/01/2019,Other Gen Supplies & Srv,COUNSELLING SERVICES,SOUTH DOWNS HEALTH AND CARE LTD,25789205,121946,,37
Department of Health,NHS Eastbourne Hailsham&Seaford CCG,31/01/2019,Corporation Tax Payable,BALANCE SHEET,ONE-OFF SUPPLIER,25792749,-7713.55,,101500-28-JAN-2019
Department of Health,NHS Eastbourne Hailsham&Seaford CCG,31/01/2019,NHS Recbles <1Yr- CHC Risk Pool Con,BALANCE SHEET,ONE-OFF SUPPLIER,25792749,187954.78,,101500-28-JAN-2019
