Department family,Entity,Date,Expense Type,Expense area,Supplier,Transaction number,AP Amount (�)
Department of Health,NHS Horsham And Mid Sussex CCG,9/30/2018,Clinical&Medical-Commercial Sector,PLANNED CARE,SUSSEX COMMUNITY DERMATOLOGY SERVICE,23714315,"93,496.00 "
,,,,,,23714315 Total,"93,496.00 "
Department of Health,NHS Horsham And Mid Sussex CCG,9/30/2018,Clinical&Medical-Voluntary Sector,GENERAL RESERVE - PROGRAMME,ST CATHERINES HOSPICE,23726256,"10,834.75 "
Department of Health,NHS Horsham And Mid Sussex CCG,9/30/2018,Clinical&Medical-Voluntary Sector,PLANNED CARE,ST CATHERINES HOSPICE,23726256,"25,000.00 "
,,,,,,23726256 Total,"35,834.75 "
Department of Health,NHS Horsham And Mid Sussex CCG,9/30/2018,Clinical&Medical-Commercial Sector,MENTAL HEALTH SERVICES - ADULTS,SOUTHDOWN HOUSING ASSOCIATION LTD,23741000,"175,000.00 "
,,,,,,23741000 Total,"175,000.00 "
Department of Health,NHS Horsham And Mid Sussex CCG,9/30/2018,Hcare Srv Rec NHS Trust-Over/ Under Performance,ACUTE COMMISSIONING,SURREY AND SUSSEX HEALTHCARE NHS TRUST,23741066,"84,962.00 "
,,,,,,23741066 Total,"84,962.00 "
Department of Health,NHS Horsham And Mid Sussex CCG,9/30/2018,Hcare Srv Rec NHS Trust-Non Contract,NCAS/OATS,EPSOM & ST HELIER UNIVERSITY HOSPITALS NHS TRUST,23741087,"56,747.55 "
,,,,,,23741087 Total,"56,747.55 "
Department of Health,NHS Horsham And Mid Sussex CCG,9/30/2018,Hcare Srv Rec Fdtn Trust-CQUIN,ACUTE COMMISSIONING,ROYAL SURREY COUNTY HOSPITAL NHS FOUNDATION TRUST,23761229,"10,765.00 "
Department of Health,NHS Horsham And Mid Sussex CCG,9/30/2018,Hcare Srv Rec Fdtn Trust-Contract Baseline,ACUTE COMMISSIONING,ROYAL SURREY COUNTY HOSPITAL NHS FOUNDATION TRUST,23761229,"221,903.00 "
,,,,,,23761229 Total,"232,668.00 "
Department of Health,NHS Horsham And Mid Sussex CCG,9/30/2018,Hcare Srv Rec Fdtn Trust-Contract Baseline,ACUTE COMMISSIONING,ROYAL MARSDEN NHS FOUNDATION TRUST (THE),23761230,"56,832.65 "
,,,,,,23761230 Total,"56,832.65 "
Department of Health,NHS Horsham And Mid Sussex CCG,9/30/2018,Hcare Srv Rec Fdtn Trust-Contract Baseline,NHS 111,SOUTH EAST COAST AMBULANCE SERVICE NHS FOUNDATION TRUST,23761233,"74,947.92 "
,,,,,,23761233 Total,"74,947.92 "
Department of Health,NHS Horsham And Mid Sussex CCG,9/30/2018,Hcare Srv Rec Fdtn Trust-CQUIN,ACUTE COMMISSIONING,WESTERN SUSSEX HOSPITALS NHS FOUNDATION TRUST,23775702,"5,043.00 "
Department of Health,NHS Horsham And Mid Sussex CCG,9/30/2018,Hcare Srv Rec Fdtn Trust-Contract Baseline,ACUTE COMMISSIONING,WESTERN SUSSEX HOSPITALS NHS FOUNDATION TRUST,23775702,"403,469.00 "
,,,,,,23775702 Total,"408,512.00 "
Department of Health,NHS Horsham And Mid Sussex CCG,9/30/2018,Hcare Srv Rec Fdtn Trust-Contract Baseline,AMBULANCE SERVICES,SOUTH EAST COAST AMBULANCE SERVICE NHS FOUNDATION TRUST,23775705,"632,118.98 "
,,,,,,23775705 Total,"632,118.98 "
Department of Health,NHS Horsham And Mid Sussex CCG,9/30/2018,Hcare Srv Rec Fdtn Trust-Contract Baseline,ACUTE COMMISSIONING,QUEEN VICTORIA HOSPITAL NHS FOUNDATION TRUST,23775711,"495,407.00 "
,,,,,,23775711 Total,"495,407.00 "
Department of Health,NHS Horsham And Mid Sussex CCG,9/30/2018,Hcare Srv Rec NHS Trust-Contract Baseline,ACUTE COMMISSIONING,SURREY AND SUSSEX HEALTHCARE NHS TRUST,23775715,"3,863,912.00 "
,,,,,,23775715 Total,"3,863,912.00 "
Department of Health,NHS Horsham And Mid Sussex CCG,9/30/2018,Hcare Srv Rec NHS Trust-Prior Year,GENERAL RESERVE - PROGRAMME,EPSOM & ST HELIER UNIVERSITY HOSPITALS NHS TRUST,23837400,"34,005.64 "
,,,,,,23837400 Total,"34,005.64 "
Department of Health,NHS Horsham And Mid Sussex CCG,9/30/2018,Hcare Srv Rec NHS Trust-Contract Baseline,ACUTE COMMISSIONING,MAIDSTONE AND TUNBRIDGE WELLS NHS TRUST,23837540,"84,185.00 "
,,,,,,23837540 Total,"84,185.00 "
Department of Health,NHS Horsham And Mid Sussex CCG,9/30/2018,Clinical&Medical-Voluntary Sector,MENTAL HEALTH SERVICES - ADULTS,UNITED RESPONSE,23837549,"(145,653.68)"
,,,,,,23837549 Total,"(145,653.68)"
Department of Health,NHS Horsham And Mid Sussex CCG,9/30/2018,Clinical&Medical-Voluntary Sector,MENTAL HEALTH SERVICES - ADULTS,UNITED RESPONSE,23847663,"145,653.68 "
,,,,,,23847663 Total,"145,653.68 "
Department of Health,NHS Horsham And Mid Sussex CCG,9/30/2018,Clinical&Medical-Voluntary Sector,MENTAL HEALTH SERVICES - ADULTS,UNITED RESPONSE,23847715,"145,508.17 "
,,,,,,23847715 Total,"145,508.17 "
Department of Health,NHS Horsham And Mid Sussex CCG,9/30/2018,Clinical&Medical-Voluntary Sector,MENTAL HEALTH SERVICES - ADULTS,STONEPILLOW,23847725,"27,151.00 "
,,,,,,23847725 Total,"27,151.00 "
Department of Health,NHS Horsham And Mid Sussex CCG,9/30/2018,Hcare Srv Rec Fdtn Trust-Non Contract,NCAS/OATS,ROYAL BROMPTON & HAREFIELD NHS FOUNDATION TRUST,23864729,"47,419.09 "
,,,,,,23864729 Total,"47,419.09 "
Department of Health,NHS Horsham And Mid Sussex CCG,9/30/2018,Hcare Srv Rec Fdtn Trust-Over/ Under Performance,ACUTE COMMISSIONING,ROYAL SURREY COUNTY HOSPITAL NHS FOUNDATION TRUST,23864744,"(26,711.00)"
,,,,,,23864744 Total,"(26,711.00)"
Department of Health,NHS Horsham And Mid Sussex CCG,9/30/2018,Hcare Srv Rec Fdtn Trust-Over/ Under Performance,ACUTE COMMISSIONING,ROYAL SURREY COUNTY HOSPITAL NHS FOUNDATION TRUST,23864767,"(42,933.00)"
,,,,,,23864767 Total,"(42,933.00)"
Department of Health,NHS Horsham And Mid Sussex CCG,9/30/2018,External Consultancy Fees,PROGRAMME PROJECTS,NHS HIGH WEALD LEWES HAVENS CCG,23864814,"28,836.00 "
,,,,,,23864814 Total,"28,836.00 "
Department of Health,NHS Horsham And Mid Sussex CCG,9/30/2018,Charges from CSU,CORPORATE COSTS & SERVICES,NHS SOUTH CENTRAL AND WEST COMMISSIONING SUPPORT UNIT,23864822,"81,697.30 "
,,,,,,23864822 Total,"81,697.30 "
Department of Health,NHS Horsham And Mid Sussex CCG,9/30/2018,Services From Local Authorities,MENTAL HEALTH SERVICES - ADULTS,WEST SUSSEX COUNTY COUNCIL,23883701,"1,233,514.10 "
,,,,,,23883701 Total,"1,233,514.10 "
Department of Health,NHS Horsham And Mid Sussex CCG,9/30/2018,Hcare Srv Rec Fdtn Trust-Contract Baseline,MENTAL HEALTH CONTRACTS,SUSSEX PARTNERSHIP NHS FOUNDATION TRUST,23883721,"8,511,140.00 "
,,,,,,23883721 Total,"8,511,140.00 "
Department of Health,NHS Horsham And Mid Sussex CCG,9/30/2018,Hcare Srv Rec NHS Trust-CQUIN,ACUTE COMMISSIONING,BRIGHTON AND SUSSEX UNIVERSITY HOSPITALS NHS TRUST,23883725,"127,747.00 "
Department of Health,NHS Horsham And Mid Sussex CCG,9/30/2018,Hcare Srv Rec NHS Trust-Contract Baseline,ACUTE COMMISSIONING,BRIGHTON AND SUSSEX UNIVERSITY HOSPITALS NHS TRUST,23883725,"5,467,159.00 "
,,,,,,23883725 Total,"5,594,906.00 "
Department of Health,NHS Horsham And Mid Sussex CCG,9/30/2018,Services From Local Authorities,MENTAL HEALTH SERVICES - ADULTS,WEST SUSSEX COUNTY COUNCIL,23885049,"1,064,930.42 "
,,,,,,23885049 Total,"1,064,930.42 "
Department of Health,NHS Horsham And Mid Sussex CCG,9/30/2018,Hcare Srv Rec Fdtn Trust-Contract Baseline,COMMUNITY SERVICES,SUSSEX COMMUNITY NHS FOUNDATION TRUST,23890958,"3,623,617.00 "
,,,,,,23890958 Total,"3,623,617.00 "
Department of Health,NHS Horsham And Mid Sussex CCG,9/30/2018,Clinical&Medical-Commercial Sector,PLANNED CARE,CARE UNBOUND LTD,23890959,"3,377,616.00 "
,,,,,,23890959 Total,"3,377,616.00 "
Department of Health,NHS Horsham And Mid Sussex CCG,9/30/2018,Apprenticeship Levy Payable,BALANCE SHEET,HMRC,23899518,889.00 
Department of Health,NHS Horsham And Mid Sussex CCG,9/30/2018,Income tax <1Yr,BALANCE SHEET,HMRC,23899518,"65,681.00 "
Department of Health,NHS Horsham And Mid Sussex CCG,9/30/2018,Income tax <1Yr-Student Loans,BALANCE SHEET,HMRC,23899518,"1,336.00 "
Department of Health,NHS Horsham And Mid Sussex CCG,9/30/2018,National Insurance < 1 yr-NI- ERS,BALANCE SHEET,HMRC,23899518,"47,723.77 "
Department of Health,NHS Horsham And Mid Sussex CCG,9/30/2018,National Insurance < 1 yr-NI-EES,BALANCE SHEET,HMRC,23899518,"30,505.60 "
Department of Health,NHS Horsham And Mid Sussex CCG,9/30/2018,Statutory Mat Pay < 1 yr,BALANCE SHEET,HMRC,23899518,"(3,915.83)"
,,,,,,23899518 Total,"142,219.54 "
Department of Health,NHS Horsham And Mid Sussex CCG,9/30/2018,Clinical&Medical-Commercial Sector,PLANNED CARE,ACTION FOR DEAFNESS,23907051,"50,151.94 "
,,,,,,23907051 Total,"50,151.94 "
Department of Health,NHS Horsham And Mid Sussex CCG,9/30/2018,Clinical&Medical-Commercial Sector,PLANNED CARE,HEALOGICS WOUND HEALING CENTRES,23907073,"75,247.84 "
,,,,,,23907073 Total,"75,247.84 "
Department of Health,NHS Horsham And Mid Sussex CCG,9/30/2018,Hcare Srv Rec Fdtn Trust-Contract Baseline,ACUTE COMMISSIONING,GUYS & ST THOMAS HOSPITAL NHS FOUNDATION TRUST,23924430,"128,466.00 "
,,,,,,23924430 Total,"128,466.00 "
Department of Health,NHS Horsham And Mid Sussex CCG,9/30/2018,Clinical&Medical-Commercial Sector,MENTAL HEALTH SERVICES - ADULTS,SHOREHAM & DISTRICT MENTAL HEALTH ASSOCIATION,23944451,"53,435.92 "
,,,,,,23944451 Total,"53,435.92 "
Department of Health,NHS Horsham And Mid Sussex CCG,9/30/2018,C&M-GMS Global Sum,PRC DELEGATED CO-COMMISSIONING,BROW MEDICAL CENTRE,23959020,"43,049.59 "
Department of Health,NHS Horsham And Mid Sussex CCG,9/30/2018,C&M-GMS MPIG Correction Factor,PRC DELEGATED CO-COMMISSIONING,BROW MEDICAL CENTRE,23959020,"1,746.20 "
Department of Health,NHS Horsham And Mid Sussex CCG,9/30/2018,C&M-GMS PCO Seniority,PRC DELEGATED CO-COMMISSIONING,BROW MEDICAL CENTRE,23959020,"2,963.04 "
Department of Health,NHS Horsham And Mid Sussex CCG,9/30/2018,C&M-GMS Prem Actual Rent,PRC DELEGATED CO-COMMISSIONING,BROW MEDICAL CENTRE,23959020,"17,650.00 "
,,,,,,23959020 Total,"65,408.83 "
Department of Health,NHS Horsham And Mid Sussex CCG,9/30/2018,C&M-GMS Global Sum,PRC DELEGATED CO-COMMISSIONING,COWFOLD SURGERY,23959022,"33,975.07 "
Department of Health,NHS Horsham And Mid Sussex CCG,9/30/2018,C&M-GMS MPIG Correction Factor,PRC DELEGATED CO-COMMISSIONING,COWFOLD SURGERY,23959022,"1,236.47 "
Department of Health,NHS Horsham And Mid Sussex CCG,9/30/2018,C&M-GMS PCO Seniority,PRC DELEGATED CO-COMMISSIONING,COWFOLD SURGERY,23959022,"2,621.15 "
Department of Health,NHS Horsham And Mid Sussex CCG,9/30/2018,C&M-GMS Prem Actual Rent,PRC DELEGATED CO-COMMISSIONING,COWFOLD SURGERY,23959022,"8,382.00 "
Department of Health,NHS Horsham And Mid Sussex CCG,9/30/2018,C&M-GMS Prem Rates,PRC DELEGATED CO-COMMISSIONING,COWFOLD SURGERY,23959022,"1,671.00 "
Department of Health,NHS Horsham And Mid Sussex CCG,9/30/2018,ME - GMS GP Prior Year ERs,PRC DELEGATED CO-COMMISSIONING,COWFOLD SURGERY,23959022,"2,303.12 "
Department of Health,NHS Horsham And Mid Sussex CCG,9/30/2018,ME-GMS GP Prior Year EEs,PRC DELEGATED CO-COMMISSIONING,COWFOLD SURGERY,23959022,"2,322.34 "
,,,,,,23959022 Total,"52,511.15 "
Department of Health,NHS Horsham And Mid Sussex CCG,9/30/2018,C&M-GMS Global Sum,PRC DELEGATED CO-COMMISSIONING,COURTYARD SURGERY,23959024,"66,976.25 "
Department of Health,NHS Horsham And Mid Sussex CCG,9/30/2018,C&M-GMS MPIG Correction Factor,PRC DELEGATED CO-COMMISSIONING,COURTYARD SURGERY,23959024,627.64 
Department of Health,NHS Horsham And Mid Sussex CCG,9/30/2018,C&M-GMS PCO Other,PRC DELEGATED CO-COMMISSIONING,COURTYARD SURGERY,23959024,725.48 
Department of Health,NHS Horsham And Mid Sussex CCG,9/30/2018,C&M-GMS PCO Seniority,PRC DELEGATED CO-COMMISSIONING,COURTYARD SURGERY,23959024,"1,927.46 "
Department of Health,NHS Horsham And Mid Sussex CCG,9/30/2018,C&M-GMS Prem Actual Rent,PRC DELEGATED CO-COMMISSIONING,COURTYARD SURGERY,23959024,"5,729.17 "
Department of Health,NHS Horsham And Mid Sussex CCG,9/30/2018,C&M-GMS Prem Rates,PRC DELEGATED CO-COMMISSIONING,COURTYARD SURGERY,23959024,"1,356.00 "
,,,,,,23959024 Total,"77,342.00 "
Department of Health,NHS Horsham And Mid Sussex CCG,9/30/2018,C&M-GMS Global Sum,PRC DELEGATED CO-COMMISSIONING,CUCKFIELD MEDICAL CENTRE,23959026,"64,010.90 "
Department of Health,NHS Horsham And Mid Sussex CCG,9/30/2018,C&M-GMS Other FDR Payment,PRC DELEGATED CO-COMMISSIONING,CUCKFIELD MEDICAL CENTRE,23959026,"3,180.27 "
Department of Health,NHS Horsham And Mid Sussex CCG,9/30/2018,C&M-GMS PCO Seniority,PRC DELEGATED CO-COMMISSIONING,CUCKFIELD MEDICAL CENTRE,23959026,"2,598.59 "
Department of Health,NHS Horsham And Mid Sussex CCG,9/30/2018,C&M-GMS Prem Actual Rent,PRC DELEGATED CO-COMMISSIONING,CUCKFIELD MEDICAL CENTRE,23959026,"12,111.00 "
Department of Health,NHS Horsham And Mid Sussex CCG,9/30/2018,C&M-GMS Prem Rates,PRC DELEGATED CO-COMMISSIONING,CUCKFIELD MEDICAL CENTRE,23959026,"3,580.00 "
Department of Health,NHS Horsham And Mid Sussex CCG,9/30/2018,C&M-GMS Prem Water Rates,PRC DELEGATED CO-COMMISSIONING,CUCKFIELD MEDICAL CENTRE,23959026,917.04 
Department of Health,NHS Horsham And Mid Sussex CCG,9/30/2018,ME-GMS GP Pension EEs Adjustments,PRC DELEGATED CO-COMMISSIONING,CUCKFIELD MEDICAL CENTRE,23959026,"1,749.99 "
Department of Health,NHS Horsham And Mid Sussex CCG,9/30/2018,ME-GMS GP Pension ERs Adjustments,PRC DELEGATED CO-COMMISSIONING,CUCKFIELD MEDICAL CENTRE,23959026,"2,013.21 "
,,,,,,23959026 Total,"90,161.00 "
Department of Health,NHS Horsham And Mid Sussex CCG,9/30/2018,C&M-PMS Contract Value,PRC DELEGATED CO-COMMISSIONING,DOLPHINS HEALTH CENTRE,23959028,"74,327.84 "
Department of Health,NHS Horsham And Mid Sussex CCG,9/30/2018,C&M-PMS Funding Differential Review,PRC DELEGATED CO-COMMISSIONING,DOLPHINS HEALTH CENTRE,23959028,"1,932.27 "
Department of Health,NHS Horsham And Mid Sussex CCG,9/30/2018,C&M-PMS PCO Seniority,PRC DELEGATED CO-COMMISSIONING,DOLPHINS HEALTH CENTRE,23959028,"2,561.29 "
Department of Health,NHS Horsham And Mid Sussex CCG,9/30/2018,C&M-PMS Prem Rates,PRC DELEGATED CO-COMMISSIONING,DOLPHINS HEALTH CENTRE,23959028,"3,427.00 "
Department of Health,NHS Horsham And Mid Sussex CCG,9/30/2018,ME-PMS GP Pension EEs Adjs - PMS,PRC DELEGATED CO-COMMISSIONING,DOLPHINS HEALTH CENTRE,23959028,"6,045.84 "
Department of Health,NHS Horsham And Mid Sussex CCG,9/30/2018,ME-PMS GP Pension ERs Adjs - PMS,PRC DELEGATED CO-COMMISSIONING,DOLPHINS HEALTH CENTRE,23959028,"6,458.86 "
,,,,,,23959028 Total,"94,753.10 "
Department of Health,NHS Horsham And Mid Sussex CCG,9/30/2018,ME - GMS GP Prior Year ERs,PRC DELEGATED CO-COMMISSIONING,HOLBROOK SURGERY,23959029,"(17,154.60)"
Department of Health,NHS Horsham And Mid Sussex CCG,9/30/2018,ME - GMS TPS Added Years Adj EEs,PRC DELEGATED CO-COMMISSIONING,HOLBROOK SURGERY,23959029,(148.97)
Department of Health,NHS Horsham And Mid Sussex CCG,9/30/2018,ME-GMS GP Pension AVCs,PRC DELEGATED CO-COMMISSIONING,HOLBROOK SURGERY,23959029,(446.90)
Department of Health,NHS Horsham And Mid Sussex CCG,9/30/2018,ME-GMS GP Pension EEs,PRC DELEGATED CO-COMMISSIONING,HOLBROOK SURGERY,23959029,"(2,256.11)"
Department of Health,NHS Horsham And Mid Sussex CCG,9/30/2018,ME-GMS GP Pension EEs Adjustments,PRC DELEGATED CO-COMMISSIONING,HOLBROOK SURGERY,23959029,"(2,767.50)"
Department of Health,NHS Horsham And Mid Sussex CCG,9/30/2018,ME-GMS GP Pension ERs Adjustments,PRC DELEGATED CO-COMMISSIONING,HOLBROOK SURGERY,23959029,"(5,312.61)"
Department of Health,NHS Horsham And Mid Sussex CCG,9/30/2018,ME-GMS GP Prior Year AVCs,PRC DELEGATED CO-COMMISSIONING,HOLBROOK SURGERY,23959029,"(2,605.60)"
Department of Health,NHS Horsham And Mid Sussex CCG,9/30/2018,ME-GMS GP Prior Year EEs,PRC DELEGATED CO-COMMISSIONING,HOLBROOK SURGERY,23959029,"(16,132.00)"
,,,,,,23959029 Total,"(46,824.29)"
Department of Health,NHS Horsham And Mid Sussex CCG,9/30/2018,C&M-GMS Global Sum,PRC DELEGATED CO-COMMISSIONING,HOLBROOK SURGERY,23959030,"89,394.77 "
Department of Health,NHS Horsham And Mid Sussex CCG,9/30/2018,C&M-GMS MPIG Correction Factor,PRC DELEGATED CO-COMMISSIONING,HOLBROOK SURGERY,23959030,"2,578.30 "
Department of Health,NHS Horsham And Mid Sussex CCG,9/30/2018,C&M-GMS PCO Seniority,PRC DELEGATED CO-COMMISSIONING,HOLBROOK SURGERY,23959030,"5,968.92 "
Department of Health,NHS Horsham And Mid Sussex CCG,9/30/2018,C&M-GMS Prem Actual Rent,PRC DELEGATED CO-COMMISSIONING,HOLBROOK SURGERY,23959030,"7,654.16 "
Department of Health,NHS Horsham And Mid Sussex CCG,9/30/2018,C&M-GMS Prem Rates,PRC DELEGATED CO-COMMISSIONING,HOLBROOK SURGERY,23959030,"1,546.00 "
Department of Health,NHS Horsham And Mid Sussex CCG,9/30/2018,C&M-GMS Prem Water Rates,PRC DELEGATED CO-COMMISSIONING,HOLBROOK SURGERY,23959030,196.75 
,,,,,,23959030 Total,"107,338.90 "
Department of Health,NHS Horsham And Mid Sussex CCG,9/30/2018,C&M-GMS Global Sum,PRC DELEGATED CO-COMMISSIONING,JUDGES CLOSE SURGERY,23959032,"51,402.81 "
Department of Health,NHS Horsham And Mid Sussex CCG,9/30/2018,C&M-GMS Other FDR Payment,PRC DELEGATED CO-COMMISSIONING,JUDGES CLOSE SURGERY,23959032,"5,601.83 "
Department of Health,NHS Horsham And Mid Sussex CCG,9/30/2018,C&M-GMS PCO Other,PRC DELEGATED CO-COMMISSIONING,JUDGES CLOSE SURGERY,23959032,557.28 
Department of Health,NHS Horsham And Mid Sussex CCG,9/30/2018,C&M-GMS PCO Seniority,PRC DELEGATED CO-COMMISSIONING,JUDGES CLOSE SURGERY,23959032,"1,250.57 "
Department of Health,NHS Horsham And Mid Sussex CCG,9/30/2018,C&M-GMS Prem Actual Rent,PRC DELEGATED CO-COMMISSIONING,JUDGES CLOSE SURGERY,23959032,"6,745.83 "
Department of Health,NHS Horsham And Mid Sussex CCG,9/30/2018,C&M-GMS Prem Rates,PRC DELEGATED CO-COMMISSIONING,JUDGES CLOSE SURGERY,23959032,"2,638.00 "
,,,,,,23959032 Total,"68,196.32 "
Department of Health,NHS Horsham And Mid Sussex CCG,9/30/2018,C&M-GMS Global Sum,PRC DELEGATED CO-COMMISSIONING,LINDFIELD MEDICAL CENTRE,23959034,"76,075.02 "
Department of Health,NHS Horsham And Mid Sussex CCG,9/30/2018,C&M-GMS MPIG Correction Factor,PRC DELEGATED CO-COMMISSIONING,LINDFIELD MEDICAL CENTRE,23959034,"1,072.88 "
Department of Health,NHS Horsham And Mid Sussex CCG,9/30/2018,C&M-GMS PCO Seniority,PRC DELEGATED CO-COMMISSIONING,LINDFIELD MEDICAL CENTRE,23959034,"4,405.61 "
Department of Health,NHS Horsham And Mid Sussex CCG,9/30/2018,C&M-GMS Prem Actual Rent,PRC DELEGATED CO-COMMISSIONING,LINDFIELD MEDICAL CENTRE,23959034,"12,119.25 "
Department of Health,NHS Horsham And Mid Sussex CCG,9/30/2018,C&M-GMS Prem Rates,PRC DELEGATED CO-COMMISSIONING,LINDFIELD MEDICAL CENTRE,23959034,617.00 
,,,,,,23959034 Total,"94,289.76 "
Department of Health,NHS Horsham And Mid Sussex CCG,9/30/2018,C&M-GMS Global Sum,PRC DELEGATED CO-COMMISSIONING,MEADOWS SURGERY,23959036,"56,663.71 "
Department of Health,NHS Horsham And Mid Sussex CCG,9/30/2018,C&M-GMS MPIG Correction Factor,PRC DELEGATED CO-COMMISSIONING,MEADOWS SURGERY,23959036,"2,687.41 "
Department of Health,NHS Horsham And Mid Sussex CCG,9/30/2018,C&M-GMS PCO Other,PRC DELEGATED CO-COMMISSIONING,MEADOWS SURGERY,23959036,"2,628.64 "
Department of Health,NHS Horsham And Mid Sussex CCG,9/30/2018,C&M-GMS PCO Seniority,PRC DELEGATED CO-COMMISSIONING,MEADOWS SURGERY,23959036,"3,966.63 "
Department of Health,NHS Horsham And Mid Sussex CCG,9/30/2018,C&M-GMS Prem Actual Rent,PRC DELEGATED CO-COMMISSIONING,MEADOWS SURGERY,23959036,"5,093.33 "
Department of Health,NHS Horsham And Mid Sussex CCG,9/30/2018,C&M-GMS Prem Rates,PRC DELEGATED CO-COMMISSIONING,MEADOWS SURGERY,23959036,"1,159.00 "
Department of Health,NHS Horsham And Mid Sussex CCG,9/30/2018,C&M-GMS Prem Water Rates,PRC DELEGATED CO-COMMISSIONING,MEADOWS SURGERY,23959036,469.13 
,,,,,,23959036 Total,"72,667.85 "
Department of Health,NHS Horsham And Mid Sussex CCG,9/30/2018,C&M-GMS Global Sum,PRC DELEGATED CO-COMMISSIONING,MID SUSSEX HEALTH CARE HURSTPIERPOINT,23959038,"137,833.38 "
Department of Health,NHS Horsham And Mid Sussex CCG,9/30/2018,C&M-GMS Other FDR Payment,PRC DELEGATED CO-COMMISSIONING,MID SUSSEX HEALTH CARE HURSTPIERPOINT,23959038,"9,262.55 "
Department of Health,NHS Horsham And Mid Sussex CCG,9/30/2018,C&M-GMS PCO Seniority,PRC DELEGATED CO-COMMISSIONING,MID SUSSEX HEALTH CARE HURSTPIERPOINT,23959038,"6,550.65 "
Department of Health,NHS Horsham And Mid Sussex CCG,9/30/2018,C&M-GMS Prem Actual Rent,PRC DELEGATED CO-COMMISSIONING,MID SUSSEX HEALTH CARE HURSTPIERPOINT,23959038,"81,675.00 "
Department of Health,NHS Horsham And Mid Sussex CCG,9/30/2018,C&M-GMS Prem Rates,PRC DELEGATED CO-COMMISSIONING,MID SUSSEX HEALTH CARE HURSTPIERPOINT,23959038,"3,403.00 "
Department of Health,NHS Horsham And Mid Sussex CCG,9/30/2018,C&M-GMS Prem Water Rates,PRC DELEGATED CO-COMMISSIONING,MID SUSSEX HEALTH CARE HURSTPIERPOINT,23959038,117.90 
,,,,,,23959038 Total,"238,842.48 "
Department of Health,NHS Horsham And Mid Sussex CCG,9/30/2018,C&M-GMS Global Sum,PRC DELEGATED CO-COMMISSIONING,MOATFIELD SURGERY,23959040,"93,259.55 "
Department of Health,NHS Horsham And Mid Sussex CCG,9/30/2018,C&M-GMS Other FDR Payment,PRC DELEGATED CO-COMMISSIONING,MOATFIELD SURGERY,23959040,"4,570.10 "
Department of Health,NHS Horsham And Mid Sussex CCG,9/30/2018,C&M-GMS PCO Doctors Ret Scheme,PRC DELEGATED CO-COMMISSIONING,MOATFIELD SURGERY,23959040,"4,664.44 "
Department of Health,NHS Horsham And Mid Sussex CCG,9/30/2018,C&M-GMS PCO Locum Adop/Pat/Mat,PRC DELEGATED CO-COMMISSIONING,MOATFIELD SURGERY,23959040,"2,263.48 "
Department of Health,NHS Horsham And Mid Sussex CCG,9/30/2018,C&M-GMS PCO Other,PRC DELEGATED CO-COMMISSIONING,MOATFIELD SURGERY,23959040,950.57 
Department of Health,NHS Horsham And Mid Sussex CCG,9/30/2018,C&M-GMS PCO Seniority,PRC DELEGATED CO-COMMISSIONING,MOATFIELD SURGERY,23959040,"2,931.31 "
Department of Health,NHS Horsham And Mid Sussex CCG,9/30/2018,C&M-GMS Prem Actual Rent,PRC DELEGATED CO-COMMISSIONING,MOATFIELD SURGERY,23959040,"9,104.17 "
Department of Health,NHS Horsham And Mid Sussex CCG,9/30/2018,C&M-GMS Prem Rates,PRC DELEGATED CO-COMMISSIONING,MOATFIELD SURGERY,23959040,"1,983.00 "
,,,,,,23959040 Total,"119,726.62 "
Department of Health,NHS Horsham And Mid Sussex CCG,9/30/2018,C&M-GMS DES Learn Dsblty Hlth Chk,PRC DELEGATED CO-COMMISSIONING,NEWTONS HEALTH CENTRE,23959042,"3,016.00 "
Department of Health,NHS Horsham And Mid Sussex CCG,9/30/2018,C&M-GMS Global Sum,PRC DELEGATED CO-COMMISSIONING,NEWTONS HEALTH CENTRE,23959042,"80,745.12 "
Department of Health,NHS Horsham And Mid Sussex CCG,9/30/2018,C&M-GMS MPIG Correction Factor,PRC DELEGATED CO-COMMISSIONING,NEWTONS HEALTH CENTRE,23959042,"1,056.70 "
Department of Health,NHS Horsham And Mid Sussex CCG,9/30/2018,C&M-GMS PCO Seniority,PRC DELEGATED CO-COMMISSIONING,NEWTONS HEALTH CENTRE,23959042,"5,831.79 "
Department of Health,NHS Horsham And Mid Sussex CCG,9/30/2018,C&M-GMS Prem Actual Rent,PRC DELEGATED CO-COMMISSIONING,NEWTONS HEALTH CENTRE,23959042,"28,124.80 "
,,,,,,23959042 Total,"118,774.41 "
Department of Health,NHS Horsham And Mid Sussex CCG,9/30/2018,C&M-GMS Global Sum,PRC DELEGATED CO-COMMISSIONING,NORTHLANDS WOOD SURGERY,23959044,"46,546.47 "
Department of Health,NHS Horsham And Mid Sussex CCG,9/30/2018,C&M-GMS MPIG Correction Factor,PRC DELEGATED CO-COMMISSIONING,NORTHLANDS WOOD SURGERY,23959044,"1,657.61 "
Department of Health,NHS Horsham And Mid Sussex CCG,9/30/2018,C&M-GMS PCO Other,PRC DELEGATED CO-COMMISSIONING,NORTHLANDS WOOD SURGERY,23959044,529.17 
Department of Health,NHS Horsham And Mid Sussex CCG,9/30/2018,C&M-GMS PCO Seniority,PRC DELEGATED CO-COMMISSIONING,NORTHLANDS WOOD SURGERY,23959044,"2,847.92 "
Department of Health,NHS Horsham And Mid Sussex CCG,9/30/2018,C&M-GMS Prem Actual Rent,PRC DELEGATED CO-COMMISSIONING,NORTHLANDS WOOD SURGERY,23959044,"32,577.00 "
Department of Health,NHS Horsham And Mid Sussex CCG,9/30/2018,C&M-GMS Prem Rates,PRC DELEGATED CO-COMMISSIONING,NORTHLANDS WOOD SURGERY,23959044,"1,932.00 "
Department of Health,NHS Horsham And Mid Sussex CCG,9/30/2018,C&M-GMS Prem Water Rates,PRC DELEGATED CO-COMMISSIONING,NORTHLANDS WOOD SURGERY,23959044,353.08 
,,,,,,23959044 Total,"86,443.25 "
Department of Health,NHS Horsham And Mid Sussex CCG,9/30/2018,C&M-GMS Global Sum,PRC DELEGATED CO-COMMISSIONING,PARK SURGERY HORSHAM,23959046,"157,185.82 "
Department of Health,NHS Horsham And Mid Sussex CCG,9/30/2018,C&M-GMS Other FDR Payment,PRC DELEGATED CO-COMMISSIONING,PARK SURGERY HORSHAM,23959046,"2,161.93 "
Department of Health,NHS Horsham And Mid Sussex CCG,9/30/2018,C&M-GMS PCO Seniority,PRC DELEGATED CO-COMMISSIONING,PARK SURGERY HORSHAM,23959046,"5,408.64 "
Department of Health,NHS Horsham And Mid Sussex CCG,9/30/2018,C&M-GMS Prem Actual Rent,PRC DELEGATED CO-COMMISSIONING,PARK SURGERY HORSHAM,23959046,"20,960.41 "
Department of Health,NHS Horsham And Mid Sussex CCG,9/30/2018,C&M-GMS Prem Rates,PRC DELEGATED CO-COMMISSIONING,PARK SURGERY HORSHAM,23959046,"3,105.00 "
Department of Health,NHS Horsham And Mid Sussex CCG,9/30/2018,ME - GMS GP Prior Year ERs,PRC DELEGATED CO-COMMISSIONING,PARK SURGERY HORSHAM,23959046,431.40 
Department of Health,NHS Horsham And Mid Sussex CCG,9/30/2018,ME-GMS GP Prior Year EEs,PRC DELEGATED CO-COMMISSIONING,PARK SURGERY HORSHAM,23959046,405.00 
,,,,,,23959046 Total,"189,658.20 "
Department of Health,NHS Horsham And Mid Sussex CCG,9/30/2018,C&M-GMS Global Sum,PRC DELEGATED CO-COMMISSIONING,PARK VIEW HEALTH PARTNERSHIP,23959048,"33,389.08 "
Department of Health,NHS Horsham And Mid Sussex CCG,9/30/2018,C&M-GMS MPIG Correction Factor,PRC DELEGATED CO-COMMISSIONING,PARK VIEW HEALTH PARTNERSHIP,23959048,"1,849.41 "
Department of Health,NHS Horsham And Mid Sussex CCG,9/30/2018,C&M-GMS PCO Seniority,PRC DELEGATED CO-COMMISSIONING,PARK VIEW HEALTH PARTNERSHIP,23959048,"2,025.08 "
Department of Health,NHS Horsham And Mid Sussex CCG,9/30/2018,C&M-GMS Prem Actual Rent,PRC DELEGATED CO-COMMISSIONING,PARK VIEW HEALTH PARTNERSHIP,23959048,"46,800.00 "
Department of Health,NHS Horsham And Mid Sussex CCG,9/30/2018,C&M-GMS Prem Rates,PRC DELEGATED CO-COMMISSIONING,PARK VIEW HEALTH PARTNERSHIP,23959048,"2,954.00 "
,,,,,,23959048 Total,"87,017.57 "
Department of Health,NHS Horsham And Mid Sussex CCG,9/30/2018,C&M-GMS Global Sum,PRC DELEGATED CO-COMMISSIONING,ORCHARD SURGERY HORSHAM,23959050,"65,252.64 "
Department of Health,NHS Horsham And Mid Sussex CCG,9/30/2018,C&M-GMS MPIG Correction Factor,PRC DELEGATED CO-COMMISSIONING,ORCHARD SURGERY HORSHAM,23959050,546.72 
Department of Health,NHS Horsham And Mid Sussex CCG,9/30/2018,C&M-GMS PCO Other,PRC DELEGATED CO-COMMISSIONING,ORCHARD SURGERY HORSHAM,23959050,647.71 
Department of Health,NHS Horsham And Mid Sussex CCG,9/30/2018,C&M-GMS PCO Seniority,PRC DELEGATED CO-COMMISSIONING,ORCHARD SURGERY HORSHAM,23959050,"4,074.61 "
Department of Health,NHS Horsham And Mid Sussex CCG,9/30/2018,C&M-GMS Prem Actual Rent,PRC DELEGATED CO-COMMISSIONING,ORCHARD SURGERY HORSHAM,23959050,"23,837.50 "
Department of Health,NHS Horsham And Mid Sussex CCG,9/30/2018,C&M-GMS Prem Rates,PRC DELEGATED CO-COMMISSIONING,ORCHARD SURGERY HORSHAM,23959050,"2,138.00 "
Department of Health,NHS Horsham And Mid Sussex CCG,9/30/2018,ME - GMS GP Prior Year ERs,PRC DELEGATED CO-COMMISSIONING,ORCHARD SURGERY HORSHAM,23959050,461.21 
Department of Health,NHS Horsham And Mid Sussex CCG,9/30/2018,ME-GMS GP Prior Year EEs,PRC DELEGATED CO-COMMISSIONING,ORCHARD SURGERY HORSHAM,23959050,467.66 
,,,,,,23959050 Total,"97,426.05 "
Department of Health,NHS Horsham And Mid Sussex CCG,9/30/2018,C&M-GMS Global Sum,PRC DELEGATED CO-COMMISSIONING,OUSE VALLEY PRACTICE,23959052,"49,360.17 "
Department of Health,NHS Horsham And Mid Sussex CCG,9/30/2018,C&M-GMS Other FDR Payment,PRC DELEGATED CO-COMMISSIONING,OUSE VALLEY PRACTICE,23959052,"5,106.44 "
Department of Health,NHS Horsham And Mid Sussex CCG,9/30/2018,C&M-GMS PCO Seniority,PRC DELEGATED CO-COMMISSIONING,OUSE VALLEY PRACTICE,23959052,"1,153.23 "
Department of Health,NHS Horsham And Mid Sussex CCG,9/30/2018,C&M-GMS Prem Actual Rent,PRC DELEGATED CO-COMMISSIONING,OUSE VALLEY PRACTICE,23959052,"54,964.33 "
Department of Health,NHS Horsham And Mid Sussex CCG,9/30/2018,C&M-GMS Prem Rates,PRC DELEGATED CO-COMMISSIONING,OUSE VALLEY PRACTICE,23959052,"3,766.00 "
Department of Health,NHS Horsham And Mid Sussex CCG,9/30/2018,C&M-GMS Prem Water Rates,PRC DELEGATED CO-COMMISSIONING,OUSE VALLEY PRACTICE,23959052,89.52 
,,,,,,23959052 Total,"114,439.69 "
Department of Health,NHS Horsham And Mid Sussex CCG,9/30/2018,C&M-GMS Global Sum,PRC DELEGATED CO-COMMISSIONING,RIVERSIDE SURGERY,23959054,"49,363.75 "
Department of Health,NHS Horsham And Mid Sussex CCG,9/30/2018,C&M-GMS MPIG Correction Factor,PRC DELEGATED CO-COMMISSIONING,RIVERSIDE SURGERY,23959054,"1,704.54 "
Department of Health,NHS Horsham And Mid Sussex CCG,9/30/2018,C&M-GMS PCO Other,PRC DELEGATED CO-COMMISSIONING,RIVERSIDE SURGERY,23959054,564.39 
Department of Health,NHS Horsham And Mid Sussex CCG,9/30/2018,C&M-GMS PCO Seniority,PRC DELEGATED CO-COMMISSIONING,RIVERSIDE SURGERY,23959054,172.60 
Department of Health,NHS Horsham And Mid Sussex CCG,9/30/2018,C&M-GMS Prem Actual Rent,PRC DELEGATED CO-COMMISSIONING,RIVERSIDE SURGERY,23959054,"4,350.00 "
Department of Health,NHS Horsham And Mid Sussex CCG,9/30/2018,C&M-GMS Prem Rates,PRC DELEGATED CO-COMMISSIONING,RIVERSIDE SURGERY,23959054,"1,709.00 "
,,,,,,23959054 Total,"57,864.28 "
Department of Health,NHS Horsham And Mid Sussex CCG,9/30/2018,C&M-GMS Global Sum,PRC DELEGATED CO-COMMISSIONING,RUDGWICK MEDICAL CENTRE,23959056,"24,929.33 "
Department of Health,NHS Horsham And Mid Sussex CCG,9/30/2018,C&M-GMS MPIG Correction Factor,PRC DELEGATED CO-COMMISSIONING,RUDGWICK MEDICAL CENTRE,23959056,"1,081.86 "
Department of Health,NHS Horsham And Mid Sussex CCG,9/30/2018,C&M-GMS PCO Seniority,PRC DELEGATED CO-COMMISSIONING,RUDGWICK MEDICAL CENTRE,23959056,615.77 
Department of Health,NHS Horsham And Mid Sussex CCG,9/30/2018,C&M-GMS Prem Actual Rent,PRC DELEGATED CO-COMMISSIONING,RUDGWICK MEDICAL CENTRE,23959056,"3,841.67 "
Department of Health,NHS Horsham And Mid Sussex CCG,9/30/2018,C&M-GMS Prem Rates,PRC DELEGATED CO-COMMISSIONING,RUDGWICK MEDICAL CENTRE,23959056,"1,008.00 "
,,,,,,23959056 Total,"31,476.63 "
Department of Health,NHS Horsham And Mid Sussex CCG,9/30/2018,C&M-GMS Global Sum,PRC DELEGATED CO-COMMISSIONING,SHIP STREET SURGERY,23959058,"69,197.53 "
Department of Health,NHS Horsham And Mid Sussex CCG,9/30/2018,C&M-GMS MPIG Correction Factor,PRC DELEGATED CO-COMMISSIONING,SHIP STREET SURGERY,23959058,"1,685.54 "
Department of Health,NHS Horsham And Mid Sussex CCG,9/30/2018,C&M-GMS PCO Seniority,PRC DELEGATED CO-COMMISSIONING,SHIP STREET SURGERY,23959058,908.56 
Department of Health,NHS Horsham And Mid Sussex CCG,9/30/2018,C&M-GMS Prem Actual Rent,PRC DELEGATED CO-COMMISSIONING,SHIP STREET SURGERY,23959058,"6,020.83 "
Department of Health,NHS Horsham And Mid Sussex CCG,9/30/2018,C&M-GMS Prem Rates,PRC DELEGATED CO-COMMISSIONING,SHIP STREET SURGERY,23959058,"1,412.00 "
,,,,,,23959058 Total,"79,224.46 "
Department of Health,NHS Horsham And Mid Sussex CCG,9/30/2018,C&M-GMS Global Sum,PRC DELEGATED CO-COMMISSIONING,SILVERDALE PRACTICE,23959060,"77,842.85 "
Department of Health,NHS Horsham And Mid Sussex CCG,9/30/2018,C&M-GMS Other FDR Payment,PRC DELEGATED CO-COMMISSIONING,SILVERDALE PRACTICE,23959060,"6,986.35 "
Department of Health,NHS Horsham And Mid Sussex CCG,9/30/2018,C&M-GMS PCO Other,PRC DELEGATED CO-COMMISSIONING,SILVERDALE PRACTICE,23959060,824.58 
Department of Health,NHS Horsham And Mid Sussex CCG,9/30/2018,C&M-GMS PCO Seniority,PRC DELEGATED CO-COMMISSIONING,SILVERDALE PRACTICE,23959060,"4,287.06 "
Department of Health,NHS Horsham And Mid Sussex CCG,9/30/2018,C&M-GMS Prem Actual Rent,PRC DELEGATED CO-COMMISSIONING,SILVERDALE PRACTICE,23959060,"6,399.58 "
Department of Health,NHS Horsham And Mid Sussex CCG,9/30/2018,C&M-GMS Prem Rates,PRC DELEGATED CO-COMMISSIONING,SILVERDALE PRACTICE,23959060,"2,934.00 "
Department of Health,NHS Horsham And Mid Sussex CCG,9/30/2018,C&M-GMS Prem Water Rates,PRC DELEGATED CO-COMMISSIONING,SILVERDALE PRACTICE,23959060,113.89 
,,,,,,23959060 Total,"99,388.31 "
Department of Health,NHS Horsham And Mid Sussex CCG,9/30/2018,C&M-GMS Global Sum,PRC DELEGATED CO-COMMISSIONING,VILLAGE SURGERY HORSHAM,23959062,"51,646.65 "
Department of Health,NHS Horsham And Mid Sussex CCG,9/30/2018,C&M-GMS MPIG Correction Factor,PRC DELEGATED CO-COMMISSIONING,VILLAGE SURGERY HORSHAM,23959062,"1,912.91 "
Department of Health,NHS Horsham And Mid Sussex CCG,9/30/2018,C&M-GMS PCO Seniority,PRC DELEGATED CO-COMMISSIONING,VILLAGE SURGERY HORSHAM,23959062,"2,983.88 "
Department of Health,NHS Horsham And Mid Sussex CCG,9/30/2018,C&M-GMS Prem Actual Rent,PRC DELEGATED CO-COMMISSIONING,VILLAGE SURGERY HORSHAM,23959062,"36,000.00 "
Department of Health,NHS Horsham And Mid Sussex CCG,9/30/2018,C&M-GMS Prem Rates,PRC DELEGATED CO-COMMISSIONING,VILLAGE SURGERY HORSHAM,23959062,"1,848.00 "
,,,,,,23959062 Total,"94,391.44 "
Department of Health,NHS Horsham And Mid Sussex CCG,9/30/2018,C&M-GMS Global Sum,PRC DELEGATED CO-COMMISSIONING,CRAWLEY DOWN HEALTH CENTRE,23959064,"54,825.65 "
Department of Health,NHS Horsham And Mid Sussex CCG,9/30/2018,C&M-GMS MPIG Correction Factor,PRC DELEGATED CO-COMMISSIONING,CRAWLEY DOWN HEALTH CENTRE,23959064,"1,051.02 "
Department of Health,NHS Horsham And Mid Sussex CCG,9/30/2018,C&M-GMS PCO Locum Adop/Pat/Mat,PRC DELEGATED CO-COMMISSIONING,CRAWLEY DOWN HEALTH CENTRE,23959064,"1,554.21 "
Department of Health,NHS Horsham And Mid Sussex CCG,9/30/2018,C&M-GMS PCO Locum Sickness,PRC DELEGATED CO-COMMISSIONING,CRAWLEY DOWN HEALTH CENTRE,23959064,"3,520.00 "
Department of Health,NHS Horsham And Mid Sussex CCG,9/30/2018,C&M-GMS PCO Other,PRC DELEGATED CO-COMMISSIONING,CRAWLEY DOWN HEALTH CENTRE,23959064,582.05 
Department of Health,NHS Horsham And Mid Sussex CCG,9/30/2018,C&M-GMS PCO Seniority,PRC DELEGATED CO-COMMISSIONING,CRAWLEY DOWN HEALTH CENTRE,23959064,"2,429.74 "
Department of Health,NHS Horsham And Mid Sussex CCG,9/30/2018,C&M-GMS Prem Actual Rent,PRC DELEGATED CO-COMMISSIONING,CRAWLEY DOWN HEALTH CENTRE,23959064,"51,045.00 "
Department of Health,NHS Horsham And Mid Sussex CCG,9/30/2018,C&M-GMS Prem Rates,PRC DELEGATED CO-COMMISSIONING,CRAWLEY DOWN HEALTH CENTRE,23959064,"2,834.00 "
Department of Health,NHS Horsham And Mid Sussex CCG,9/30/2018,C&M-GMS Prem Water Rates,PRC DELEGATED CO-COMMISSIONING,CRAWLEY DOWN HEALTH CENTRE,23959064,471.64 
,,,,,,23959064 Total,"118,313.31 "
Department of Health,NHS Horsham And Mid Sussex CCG,9/30/2018,Clinical&Medical-Voluntary Sector,COMMUNITY SERVICES,AGE UK WEST SUSSEX,23968114,"137,100.00 "
,,,,,,23968114 Total,"137,100.00 "
Department of Health,NHS Horsham And Mid Sussex CCG,9/30/2018,Computer Software/License,URGENT CARE,DOCOBO LTD,23983302,"90,000.00 "
,,,,,,23983302 Total,"90,000.00 "
Department of Health,NHS Horsham And Mid Sussex CCG,9/30/2018,Clinical&Medical-Commercial Sector,PLANNED CARE,FIRST COMMUNITY HEALTH & CARE CIC,23983327,"26,569.37 "
,,,,,,23983327 Total,"26,569.37 "
Department of Health,NHS Horsham And Mid Sussex CCG,9/30/2018,C&M-GMS Cost of Drugs -Dispensing,LOCAL ENHANCED SERVICES,COWFOLD SURGERY,23990016,"(36,799.74)"
Department of Health,NHS Horsham And Mid Sussex CCG,9/30/2018,C&M-GMS PrscChrgsCll&RmttdbyGPCntra,PRC DELEGATED CO-COMMISSIONING,COWFOLD SURGERY,23990016,"(3,432.00)"
,,,,,,23990016 Total,"(40,231.74)"
Department of Health,NHS Horsham And Mid Sussex CCG,9/30/2018,C&M-GMS Cost of Drugs -Dispensing,LOCAL ENHANCED SERVICES,COWFOLD SURGERY,23990018,"76,079.65 "
Department of Health,NHS Horsham And Mid Sussex CCG,9/30/2018,C&M-GMS Prof Fees Dispensing,PRC DELEGATED CO-COMMISSIONING,COWFOLD SURGERY,23990018,"12,900.50 "
Department of Health,NHS Horsham And Mid Sussex CCG,9/30/2018,C&M-GMS PrscrptnChrgsColl&RmttdbyGP,LOCAL ENHANCED SERVICES,COWFOLD SURGERY,23990018,"3,432.00 "
,,,,,,23990018 Total,"92,412.15 "
Department of Health,NHS Horsham And Mid Sussex CCG,9/30/2018,C&M-GMS Cost of Drugs -Dispensing,LOCAL ENHANCED SERVICES,OUSE VALLEY PRACTICE,23990021,"(52,945.82)"
Department of Health,NHS Horsham And Mid Sussex CCG,9/30/2018,C&M-GMS PrscChrgsCll&RmttdbyGPCntra,PRC DELEGATED CO-COMMISSIONING,OUSE VALLEY PRACTICE,23990021,"(4,963.20)"
,,,,,,23990021 Total,"(57,909.02)"
Department of Health,NHS Horsham And Mid Sussex CCG,9/30/2018,C&M-GMS Cost of Drugs -Dispensing,LOCAL ENHANCED SERVICES,OUSE VALLEY PRACTICE,23990022,"97,167.75 "
Department of Health,NHS Horsham And Mid Sussex CCG,9/30/2018,C&M-GMS Prof Fees Dispensing,PRC DELEGATED CO-COMMISSIONING,OUSE VALLEY PRACTICE,23990022,"17,971.88 "
Department of Health,NHS Horsham And Mid Sussex CCG,9/30/2018,C&M-GMS PrscrptnChrgsColl&RmttdbyGP,LOCAL ENHANCED SERVICES,OUSE VALLEY PRACTICE,23990022,"4,963.20 "
,,,,,,23990022 Total,"120,102.83 "
Department of Health,NHS Horsham And Mid Sussex CCG,9/30/2018,C&M-GMS Cost of Drugs -Dispensing,LOCAL ENHANCED SERVICES,RUDGWICK MEDICAL CENTRE,23990023,"(29,777.12)"
Department of Health,NHS Horsham And Mid Sussex CCG,9/30/2018,C&M-GMS PrscChrgsCll&RmttdbyGPCntra,PRC DELEGATED CO-COMMISSIONING,RUDGWICK MEDICAL CENTRE,23990023,"(3,219.60)"
,,,,,,23990023 Total,"(32,996.72)"
Department of Health,NHS Horsham And Mid Sussex CCG,9/30/2018,C&M-GMS Cost of Drugs -Dispensing,LOCAL ENHANCED SERVICES,RUDGWICK MEDICAL CENTRE,23990024,"42,934.00 "
Department of Health,NHS Horsham And Mid Sussex CCG,9/30/2018,C&M-GMS Prof Fees Dispensing,PRC DELEGATED CO-COMMISSIONING,RUDGWICK MEDICAL CENTRE,23990024,"10,674.50 "
Department of Health,NHS Horsham And Mid Sussex CCG,9/30/2018,C&M-GMS PrscrptnChrgsColl&RmttdbyGP,LOCAL ENHANCED SERVICES,RUDGWICK MEDICAL CENTRE,23990024,"3,219.60 "
,,,,,,23990024 Total,"56,828.10 "
Department of Health,NHS Horsham And Mid Sussex CCG,9/30/2018,C&M-GMS Cost of Drugs -Dispensing,LOCAL ENHANCED SERVICES,CRAWLEY DOWN HEALTH CENTRE,23990028,"40,366.25 "
Department of Health,NHS Horsham And Mid Sussex CCG,9/30/2018,C&M-GMS Prof Fees Dispensing,PRC DELEGATED CO-COMMISSIONING,CRAWLEY DOWN HEALTH CENTRE,23990028,"6,738.22 "
Department of Health,NHS Horsham And Mid Sussex CCG,9/30/2018,C&M-GMS PrscrptnChrgsColl&RmttdbyGP,LOCAL ENHANCED SERVICES,CRAWLEY DOWN HEALTH CENTRE,23990028,"1,161.60 "
,,,,,,23990028 Total,"48,266.07 "
Department of Health,NHS Horsham And Mid Sussex CCG,9/30/2018,Hcare Srv Rec Fdtn Trust-Contract Baseline,ACUTE COMMISSIONING,ST GEORGES UNIVERSITY HOSPITALS NHS FOUNDATION TRUST,24025371,"100,000.69 "
,,,,,,24025371 Total,"100,000.69 "
Department of Health,NHS Horsham And Mid Sussex CCG,9/30/2018,Clinical&Medical-Commercial Sector,OUT OF HOURS,INTEGRATED CARE 24 LTD,24060122,"251,336.25 "
,,,,,,24060122 Total,"251,336.25 "
Department of Health,NHS Horsham And Mid Sussex CCG,9/30/2018,Prescribing Incentives,PRESCRIBING,AMCARE LTD,24060127,"29,543.20 "
,,,,,,24060127 Total,"29,543.20 "
Department of Health,NHS Horsham And Mid Sussex CCG,9/30/2018,Prepymnts <1Yr-Inter Comm-CCG,BALANCE SHEET,NHS BRIGHTON & HOVE CCG,24065984,"1,468,608.66 "
,,,,,,24065984 Total,"1,468,608.66 "
Department of Health,NHS Horsham And Mid Sussex CCG,9/30/2018,Prepymnts <1Yr-Inter Comm-CCG,BALANCE SHEET,NHS BRIGHTON & HOVE CCG,24065985,"(1,468,608.66)"
,,,,,,24065985 Total,"(1,468,608.66)"
,,,,,,,
,,,,,,Grand Total,"33,474,694.31 "
