Department family,Entity,Date,Expense Type,Expense area,Supplier,Transaction number,AP Amount (�),VAT registration number,Purchase invoice number
Department of Health,NHS Portsmouth CCG,30/09/2018,National Insurance < 1 yr-NI-EES,BALANCE SHEET,HMRC,23899559,"26,803.28",,475PH004482561905
Department of Health,NHS Portsmouth CCG,30/09/2018,Training Expenses,FINANCE,HFMA LTD,23849681,"30,375.24",,16377
Department of Health,NHS Portsmouth CCG,30/09/2018,C&M-PMS Prem Notional Rent,PRC DELEGATED CO-COMMISSIONING,PORTSDOWN GROUP PRACTICE,23787996,"32,935.84",,SO000064043
Department of Health,NHS Portsmouth CCG,30/09/2018,Voids and Subsidies,RECHARGES NHS PROPERTY SERVICES LTD,NHS PROPERTY SERVICES LTD,23884304,"34,563.22",156725100,H60777
Department of Health,NHS Portsmouth CCG,30/09/2018,Voids and Subsidies,RECHARGES NHS PROPERTY SERVICES LTD,NHS PROPERTY SERVICES LTD,23884329,"34,563.22",156725100,H71405
Department of Health,NHS Portsmouth CCG,30/09/2018,Clinical&Medical-Independent Sector,NCAS/OATS,NEW HALL HOSPITAL,24062241,"35,793.00",,POR818
Department of Health,NHS Portsmouth CCG,30/09/2018,Clinical&Medical-Othe Public Sector,CHC CHILDREN,PORTSMOUTH CITY COUNCIL,24062216,"36,469.86",108365672,30219845
Department of Health,NHS Portsmouth CCG,30/09/2018,Clinical&Medical-Independent Sector,COMMISSIONING - NON ACUTE,PORTSMOUTH PRIMARY CARE ALLIANCE LTD,23370899,"36,542.00",,MTCI014
Department of Health,NHS Portsmouth CCG,30/09/2018,National Insurance < 1 yr-NI- ERS,BALANCE SHEET,HMRC,23899559,"37,351.22",,475PH004482561905
Department of Health,NHS Portsmouth CCG,30/09/2018,Charges from CSU,PRIMARY CARE IT,NHS SOUTH CENTRAL AND WEST COMMISSIONING SUPPORT UNIT,23745283,"37,362.90",,7312706907
Department of Health,NHS Portsmouth CCG,30/09/2018,C&M-PMS QOF Aspiration,PRC DELEGATED CO-COMMISSIONING,PORTSDOWN GROUP PRACTICE,23787996,"37,880.29",,SO000064043
Department of Health,NHS Portsmouth CCG,30/09/2018,C&M-PMS Prem Actual Rent,PRC DELEGATED CO-COMMISSIONING,SOUTHSEA MEDICAL CENTRE,23787998,"40,211.91",,SO000064045
Department of Health,NHS Portsmouth CCG,30/09/2018,C&M-PMS Contract Value,PRC DELEGATED CO-COMMISSIONING,DEVONSHIRE PRACTICE,23787990,"42,083.97",,SO000064037
Department of Health,NHS Portsmouth CCG,30/09/2018,Hlthcre-Foundation Trsts,COMMUNITY SERVICES,SOUTHERN HEALTH NHS FOUNDATION TRUST,23798172,"43,412.00",,43649905
Department of Health,NHS Portsmouth CCG,30/09/2018,C&M-APMS Contract Value,PRC DELEGATED CO-COMMISSIONING,JOHN POUNDS SURGERY,23787992,"45,779.25",,SO000064039
Department of Health,NHS Portsmouth CCG,30/09/2018,Hcare Srv Rec NHS Trust,COMMUNITY SERVICES,SOLENT NHS TRUST,23589319,"46,229.00",,54154968
Department of Health,NHS Portsmouth CCG,30/09/2018,Hcare Srv Rec NHS Trust,COMMUNITY SERVICES,SOLENT NHS TRUST,23836382,"46,229.00",,54155771
Department of Health,NHS Portsmouth CCG,30/09/2018,Hcare Srv Rec NHS Trust,COMMUNITY SERVICES,SOLENT NHS TRUST,24062873,"46,229.00",,54155462
Department of Health,NHS Portsmouth CCG,30/09/2018,Hlthcre-Foundation Trsts,AMBULANCE SERVICES,SOUTH CENTRAL AMBULANCE SERVICE NHS FOUNDATION TRUST,24062878,"47,808.92",654923613,INV0049438
Department of Health,NHS Portsmouth CCG,30/09/2018,Income tax <1Yr,BALANCE SHEET,HMRC,23899559,"51,404.06",,475PH004482561905
Department of Health,NHS Portsmouth CCG,30/09/2018,Hlthcre-Foundation Trsts,ACUTE COMMISSIONING,WESTERN SUSSEX HOSPITALS NHS FOUNDATION TRUST,23728931,"53,737.00",65 4439322,1500032723
Department of Health,NHS Portsmouth CCG,30/09/2018,C&M-GMS Global Sum,PRC DELEGATED CO-COMMISSIONING,KIRKLANDS,23959172,"55,706.35",,SO000064241
Department of Health,NHS Portsmouth CCG,30/09/2018,Clinical&Medical-Independent Sector,WHEELCHAIR SERVICE,MILLBROOK HEALTHCARE LTD,23852827,"57,029.98",GB675991080,19086
Department of Health,NHS Portsmouth CCG,30/09/2018,C&M-PMS Contract Value,PRC DELEGATED CO-COMMISSIONING,SOUTHSEA MEDICAL CENTRE,23787998,"57,245.57",,SO000064045
Department of Health,NHS Portsmouth CCG,30/09/2018,Hcare Srv Rec NHS Trust,COLLABORATIVE COMMISSIONING,PORTSMOUTH HOSPITALS NHS TRUST,23849674,"60,000.00",,9359450
Department of Health,NHS Portsmouth CCG,30/09/2018,Hlthcre-Foundation Trsts,NHS 111,SOUTH CENTRAL AMBULANCE SERVICE NHS FOUNDATION TRUST,23870800,"60,555.90",654923613,INV0049293
Department of Health,NHS Portsmouth CCG,30/09/2018,Hlthcre-Foundation Trsts,AMBULANCE SERVICES,SOUTH CENTRAL AMBULANCE SERVICE NHS FOUNDATION TRUST,24062875,"62,256.93",654923613,INV0049427
Department of Health,NHS Portsmouth CCG,30/09/2018,Clinical&Medical-Independent Sector,CLINICAL ASSESSMENT AND TREATMENT CENTRES,CARE UK CLINICAL SERVICES LTD,23745281,"63,334.63",,100076597
Department of Health,NHS Portsmouth CCG,30/09/2018,C&M-GMS Global Sum,PRC DELEGATED CO-COMMISSIONING,NORTH HARBOUR MEDICAL GROUP,23959173,"63,588.14",,SO000064243
Department of Health,NHS Portsmouth CCG,30/09/2018,C&M-APMS Contract Value,PRC DELEGATED CO-COMMISSIONING,PARTNERING HEALTH LTD,23787077,"67,090.90",,SO000064051
Department of Health,NHS Portsmouth CCG,30/09/2018,Hcare Srv Rec NHS Trust,COMMUNITY SERVICES,PORTSMOUTH CITY COUNCIL,24062103,"70,440.68",108365672,15465701
Department of Health,NHS Portsmouth CCG,30/09/2018,Hlthcre-Foundation Trsts,MENTAL HEALTH CONTRACTS,SOUTHERN HEALTH NHS FOUNDATION TRUST,23781144,"71,510.00",,43649900
Department of Health,NHS Portsmouth CCG,30/09/2018,Clinical&Medical-Independent Sector,COMMISSIONING - NON ACUTE,PORTSMOUTH PRIMARY CARE ALLIANCE LTD,23118520,"80,001.00",,MTCI013
Department of Health,NHS Portsmouth CCG,30/09/2018,C&M-GMS Global Sum,PRC DELEGATED CO-COMMISSIONING,WAVERLEY ROAD SURGERY,23959178,"82,663.39",,SO000064248
Department of Health,NHS Portsmouth CCG,30/09/2018,Charges from CSU,CORPORATE COSTS & SERVICES,NHS SOUTH CENTRAL AND WEST COMMISSIONING SUPPORT UNIT,23745283,"84,008.07",,7312706907
Department of Health,NHS Portsmouth CCG,30/09/2018,Hlthcre-Foundation Trsts,PATIENT TRANSPORT,SOUTH CENTRAL AMBULANCE SERVICE NHS FOUNDATION TRUST,23728934,"87,603.01",654923613,INV0049212
Department of Health,NHS Portsmouth CCG,30/09/2018,C&M-PMS Contract Value,PRC DELEGATED CO-COMMISSIONING,DERBY ROAD PRACTICE PORTSMOUTH,23787988,"87,922.64",,SO000064035
Department of Health,NHS Portsmouth CCG,30/09/2018,C&M-GMS Global Sum,PRC DELEGATED CO-COMMISSIONING,EAST SHORE PARTNERSHIP,23976039,"92,443.72",,SO000064252
Department of Health,NHS Portsmouth CCG,30/09/2018,C&M-PMS Contract Value,PRC DELEGATED CO-COMMISSIONING,SUNNYSIDE SURGERY SOUTHSEA,23788000,"93,740.64",,SO000064047
Department of Health,NHS Portsmouth CCG,30/09/2018,C&M-GMS Global Sum,PRC DELEGATED CO-COMMISSIONING,HANWAY GROUP PRACTICE,23959169,"94,508.75",,SO000064238
Department of Health,NHS Portsmouth CCG,30/09/2018,C&M-PMS Contract Value,PRC DELEGATED CO-COMMISSIONING,UNIVERSITY SURGERY PORTSMOUTH,23788002,"102,288.41",,SO000064049
Department of Health,NHS Portsmouth CCG,30/09/2018,C&M-PMS Contract Value,PRC DELEGATED CO-COMMISSIONING,LAKE ROAD PRACTICE,23787994,"112,753.24",,SO000064041
Department of Health,NHS Portsmouth CCG,30/09/2018,C&M-GMS Global Sum,PRC DELEGATED CO-COMMISSIONING,DRAYTON SURGERY,23959167,"127,406.42",,SO000064236
Department of Health,NHS Portsmouth CCG,30/09/2018,Clinical&Medical-Independent Sector,ACUTE COMMISSIONING,SPIRE HEALTHCARE LTD,23712559,"142,388.00",915970991,10RPTMPF181906
Department of Health,NHS Portsmouth CCG,30/09/2018,C&M-GMS Global Sum,PRC DELEGATED CO-COMMISSIONING,TRAFALGAR MEDICAL GROUP PRACTICE,23959180,"163,579.56",,SO000064250
Department of Health,NHS Portsmouth CCG,30/09/2018,Clinical&Medical-Independent Sector,PRIMARY CARE DEVELOPMENT,PORTSMOUTH PRIMARY CARE ALLIANCE LTD,24083196,"230,566.82",,IPC004
Department of Health,NHS Portsmouth CCG,30/09/2018,Hlthcre-Foundation Trsts,ACUTE COMMISSIONING,SOUTHAMPTON UNIVERSITY HOSPITALS NHS FOUNDATION TRUST,23912171,"232,271.00",,7323798
Department of Health,NHS Portsmouth CCG,30/09/2018,C&M-PMS Contract Value,PRC DELEGATED CO-COMMISSIONING,PORTSDOWN GROUP PRACTICE,23787996,"322,630.48",,SO000064043
Department of Health,NHS Portsmouth CCG,30/09/2018,Clinical&Medical-Independent Sector,CLINICAL ASSESSMENT AND TREATMENT CENTRES,CARE UK CLINICAL SERVICES LTD,23891731,"465,757.50",,100077184
Department of Health,NHS Portsmouth CCG,30/09/2018,Hlthcre-Foundation Trsts,AMBULANCE SERVICES,SOUTH CENTRAL AMBULANCE SERVICE NHS FOUNDATION TRUST,23728932,"633,997.47",654923613,INV0049184
Department of Health,NHS Portsmouth CCG,30/09/2018,Hcare Srv Rec NHS Trust,MENTAL HEALTH CONTRACTS,SOLENT NHS TRUST,23798174,"2,279,054.00",,54155770
Department of Health,NHS Portsmouth CCG,30/09/2018,Hcare Srv Rec NHS Trust,COMMUNITY SERVICES,SOLENT NHS TRUST,23798173,"2,368,247.00",,54155769
Department of Health,NHS Portsmouth CCG,30/09/2018,Hcare Srv Rec NHS Trust,ACUTE COMMISSIONING,PORTSMOUTH HOSPITALS NHS TRUST,23947512,"9,761,278.00",,9363095
