Department family,Entity,Date,Expense Type,Expense area,Supplier,Transaction number,AP Amount (�),VAT registration number,Purchase invoice number
Department of Health,NHS Portsmouth CCG,30/06/2018,Hcare Srv Rec NHS Trust-Non Contract,NCAS/OATS,BRIGHTON AND SUSSEX UNIVERSITY HOSPITALS NHS TRUST,22787649,"27,342.88",654913715,159230
Department of Health,NHS Portsmouth CCG,30/06/2018,Clinical&Medical-Independent Sector,CLINICAL ASSESSMENT AND TREATMENT CENTRES,CARE UK CLINICAL SERVICES LTD,22305786,"-432,545.00",,100064538CRCORR
Department of Health,NHS Portsmouth CCG,30/06/2018,Clinical&Medical-Independent Sector,CLINICAL ASSESSMENT AND TREATMENT CENTRES,CARE UK CLINICAL SERVICES LTD,22729277,"30,488.08",,100071273
Department of Health,NHS Portsmouth CCG,30/06/2018,Clinical&Medical-Independent Sector,CLINICAL ASSESSMENT AND TREATMENT CENTRES,CARE UK CLINICAL SERVICES LTD,22729275,"74,286.84",,100071275
Department of Health,NHS Portsmouth CCG,30/06/2018,Clinical&Medical-Independent Sector,CLINICAL ASSESSMENT AND TREATMENT CENTRES,CARE UK CLINICAL SERVICES LTD,22305787,"432,545.00",,100064538DRCORR
Department of Health,NHS Portsmouth CCG,30/06/2018,Clinical&Medical-Independent Sector,CLINICAL ASSESSMENT AND TREATMENT CENTRES,CARE UK CLINICAL SERVICES LTD,22666632,"465,757.50",,100070980
Department of Health,NHS Portsmouth CCG,30/06/2018,Office Equipment,LOCAL ENHANCED SERVICES,DELL CORPORATION LTD,22609658,"27,766.80",635823528,7402441512
Department of Health,NHS Portsmouth CCG,30/06/2018,C&M-PMS Contract Value,PRC DELEGATED CO-COMMISSIONING,DERBY ROAD PRACTICE PORTSMOUTH,22529843,"87,922.64",,SO000061697
Department of Health,NHS Portsmouth CCG,30/06/2018,C&M-PMS Contract Value,PRC DELEGATED CO-COMMISSIONING,DEVONSHIRE PRACTICE,22529845,"42,083.97",,SO000061699
Department of Health,NHS Portsmouth CCG,30/06/2018,C&M-GMS LES Basket of Procedures,COMMISSIONING SCHEMES,DRAYTON SURGERY,22752244,"36,248.55",,RLCS1819009
Department of Health,NHS Portsmouth CCG,30/06/2018,C&M-GMS Global Sum,PRC DELEGATED CO-COMMISSIONING,DRAYTON SURGERY,22700341,"126,600.87",,SO000061905
Department of Health,NHS Portsmouth CCG,30/06/2018,C&M-GMS Global Sum,PRC DELEGATED CO-COMMISSIONING,EAST SHORE PARTNERSHIP,22608710,"-99,615.42",,CRSO000048748
Department of Health,NHS Portsmouth CCG,30/06/2018,C&M-GMS LES Basket of Procedures,COMMISSIONING SCHEMES,EAST SHORE PARTNERSHIP,22752274,"27,064.05",,RLCS1819017
Department of Health,NHS Portsmouth CCG,30/06/2018,C&M-GMS Global Sum,PRC DELEGATED CO-COMMISSIONING,EAST SHORE PARTNERSHIP,22700355,"93,281.68",,SO000061919
Department of Health,NHS Portsmouth CCG,30/06/2018,C&M-GMS Global Sum,PRC DELEGATED CO-COMMISSIONING,EASTNEY PRACTICE,22700351,"34,993.21",,SO000061915
Department of Health,NHS Portsmouth CCG,30/06/2018,Clinical&Medical-Independent Sector,MENTAL HEALTH SERVICES - OTHER,GLENSIDE MANOR HEALTHCARE SERVICES LTD,22500751,"-71,619.24",,18438
Department of Health,NHS Portsmouth CCG,30/06/2018,C&M-GMS LES Basket of Procedures,COMMISSIONING SCHEMES,HANWAY GROUP PRACTICE,22752252,"27,483.30",,RLCS1819011
Department of Health,NHS Portsmouth CCG,30/06/2018,C&M-GMS Global Sum,PRC DELEGATED CO-COMMISSIONING,HANWAY GROUP PRACTICE,22700343,"97,971.39",,SO000061907
Department of Health,NHS Portsmouth CCG,30/06/2018,National Insurance < 1 yr-NI- ERS,BALANCE SHEET,HMRC,22651850,"32,938.65",,475PH004482561902
Department of Health,NHS Portsmouth CCG,30/06/2018,Income tax <1Yr,BALANCE SHEET,HMRC,22651850,"44,874.01",,475PH004482561902
Department of Health,NHS Portsmouth CCG,30/06/2018,C&M-APMS Contract Value,PRC DELEGATED CO-COMMISSIONING,JOHN POUNDS SURGERY,22529847,"45,779.25",,SO000061701
Department of Health,NHS Portsmouth CCG,30/06/2018,C&M-GMS Global Sum,PRC DELEGATED CO-COMMISSIONING,KIRKLANDS,22700345,"55,531.36",,SO000061909
Department of Health,NHS Portsmouth CCG,30/06/2018,C&M-PMS LES Basket of Procedures,COMMISSIONING SCHEMES,LAKE ROAD PRACTICE,22752236,"29,992.95",,RLCS1819007
Department of Health,NHS Portsmouth CCG,30/06/2018,C&M-PMS Contract Value,PRC DELEGATED CO-COMMISSIONING,LAKE ROAD PRACTICE,22543792,"112,753.24",,SO000061703
Department of Health,NHS Portsmouth CCG,30/06/2018,Clinical&Medical-Independent Sector,WHEELCHAIR SERVICE,MILLBROOK HEALTHCARE LTD,22522194,"57,029.98",GB675991080,17947
Department of Health,NHS Portsmouth CCG,30/06/2018,Healthcare Srv Rec CCG,ACUTE COMMISSIONING,NHS EAST BERKSHIRE CCG,22715354,"109,518.00",,7031600131
Department of Health,NHS Portsmouth CCG,30/06/2018,Healthcare Srv Rec CCG,ACUTE COMMISSIONING,NHS EAST BERKSHIRE CCG,22847844,"109,518.00",,7031600174
Department of Health,NHS Portsmouth CCG,30/06/2018,Healthcare Srv Rec CCG,ACUTE COMMISSIONING,NHS EAST BERKSHIRE CCG,22663387,"219,030.00",,7031600012
Department of Health,NHS Portsmouth CCG,30/06/2018,Voids and Subsidies,RECHARGES NHS PROPERTY SERVICES LTD,NHS PROPERTY SERVICES LTD,22711715,"605,618.00",156725100,NAVS03731
Department of Health,NHS Portsmouth CCG,30/06/2018,Clinical&Medical-Independent Sector,WINTER PRESSURES,NHS SOUTH EASTERN HAMPSHIRE CCG,22489019,"40,000.00",,7028200560
Department of Health,NHS Portsmouth CCG,30/06/2018,C&M-GMS Global Sum,PRC DELEGATED CO-COMMISSIONING,NORTH HARBOUR MEDICAL GROUP,22700347,"63,013.66",,SO000061911
Department of Health,NHS Portsmouth CCG,30/06/2018,C&M-APMS Contract Value,PRC DELEGATED CO-COMMISSIONING,PARTNERING HEALTH LTD,22528852,"67,090.90",,SO000061713
Department of Health,NHS Portsmouth CCG,30/06/2018,Clinical&Medical-Independent Sector,OUT OF HOURS,PARTNERING HEALTH LTD,22258449,"102,129.45",,IN01083
Department of Health,NHS Portsmouth CCG,30/06/2018,C&M-PMS Prem Notional Rent,PRC DELEGATED CO-COMMISSIONING,PORTSDOWN GROUP PRACTICE,22543793,"32,935.84",,SO000061705
Department of Health,NHS Portsmouth CCG,30/06/2018,C&M-PMS QOF Aspiration,PRC DELEGATED CO-COMMISSIONING,PORTSDOWN GROUP PRACTICE,22543793,"37,880.29",,SO000061705
Department of Health,NHS Portsmouth CCG,30/06/2018,C&M-PMS LES Basket of Procedures,COMMISSIONING SCHEMES,PORTSDOWN GROUP PRACTICE,22752260,"85,622.55",,RLCS1819013
Department of Health,NHS Portsmouth CCG,30/06/2018,C&M-PMS Contract Value,PRC DELEGATED CO-COMMISSIONING,PORTSDOWN GROUP PRACTICE,22543793,"322,630.48",,SO000061705
Department of Health,NHS Portsmouth CCG,30/06/2018,Clinical&Medical-Othe Public Sector,COMMUNITY SERVICES,PORTSMOUTH CITY COUNCIL,22824835,"50,237.58",108365672,30215705
Department of Health,NHS Portsmouth CCG,30/06/2018,Clinical&Medical-Othe Public Sector,CONTINUING HEALTHCARE ASSESSMENT & SUPPORT,PORTSMOUTH CITY COUNCIL,22192174,"92,060.82",108365672,30216486
Department of Health,NHS Portsmouth CCG,30/06/2018,Clinical&Medical-Othe Public Sector,COMMUNITY SERVICES,PORTSMOUTH CITY COUNCIL,22824841,"127,622.26",108365672,30215706
Department of Health,NHS Portsmouth CCG,30/06/2018,Clinical&Medical-Othe Public Sector,COMMUNITY SERVICES,PORTSMOUTH CITY COUNCIL,22824839,"142,620.58",108365672,30215657
Department of Health,NHS Portsmouth CCG,30/06/2018,Clinical&Medical-Othe Public Sector,CHC AD FULL FUND PERS HLTH BUD,PORTSMOUTH CITY COUNCIL,22192174,"159,503.01",108365672,30216486
Department of Health,NHS Portsmouth CCG,30/06/2018,Clinical&Medical-Othe Public Sector,FUNDED NURSING CARE,PORTSMOUTH CITY COUNCIL,22192174,"545,498.23",108365672,30216486
Department of Health,NHS Portsmouth CCG,30/06/2018,Clinical&Medical-Othe Public Sector,COMMISSIONING - NON ACUTE,PORTSMOUTH CITY COUNCIL,22189602,"1,779,000.00",108365672,30216485
Department of Health,NHS Portsmouth CCG,30/06/2018,Clinical&Medical-Othe Public Sector,CHC ADULT FULLY FUNDED,PORTSMOUTH CITY COUNCIL,22192174,"3,387,068.45",108365672,30216486
Department of Health,NHS Portsmouth CCG,30/06/2018,Hcare Srv Rec NHS Trust-Non Contract,COLLABORATIVE COMMISSIONING,PORTSMOUTH HOSPITALS NHS TRUST,22787640,"91,000.00",,9346792
Department of Health,NHS Portsmouth CCG,30/06/2018,Hcare Srv Rec NHS Trust,ACUTE COMMISSIONING,PORTSMOUTH HOSPITALS NHS TRUST,22671150,"10,164,056.00",,9356836
Department of Health,NHS Portsmouth CCG,30/06/2018,Clinical&Medical-Independent Sector,COMMISSIONING - NON ACUTE,PORTSMOUTH PRIMARY CARE ALLIANCE LTD,22729273,"136,207.90",,IPCMTJUNE18
Department of Health,NHS Portsmouth CCG,30/06/2018,Hcare Srv Rec NHS Trust,COMMUNITY SERVICES,SOLENT NHS TRUST,22813472,"57,815.50",,54154507
Department of Health,NHS Portsmouth CCG,30/06/2018,Hcare Srv Rec NHS Trust,MENTAL HEALTH CONTRACTS,SOLENT NHS TRUST,22631858,"150,032.00",,54154803
Department of Health,NHS Portsmouth CCG,30/06/2018,Hcare Srv Rec NHS Trust,MENTAL HEALTH CONTRACTS,SOLENT NHS TRUST,22631856,"2,223,468.00",,54154802
Department of Health,NHS Portsmouth CCG,30/06/2018,Hcare Srv Rec NHS Trust,COMMUNITY SERVICES,SOLENT NHS TRUST,22631854,"2,368,247.00",,54154801
Department of Health,NHS Portsmouth CCG,30/06/2018,Hlthcre-Foundation Trsts,Winter Resilience,SOUTH CENTRAL AMBULANCE SERVICE NHS FOUNDATION TRUST,22744953,"-30,000.00",654923613,CRN004072
Department of Health,NHS Portsmouth CCG,30/06/2018,Hlthcre-Foundation Trsts,AMBULANCE SERVICES,SOUTH CENTRAL AMBULANCE SERVICE NHS FOUNDATION TRUST,21337699,"26,544.54",654923613,INV0048206
Department of Health,NHS Portsmouth CCG,30/06/2018,Hlthcre-Foundation Trsts,AMBULANCE SERVICES,SOUTH CENTRAL AMBULANCE SERVICE NHS FOUNDATION TRUST,21441913,"50,063.08",654923613,INV0048323
Department of Health,NHS Portsmouth CCG,30/06/2018,Hlthcre-Foundation Trsts,AMBULANCE SERVICES,SOUTH CENTRAL AMBULANCE SERVICE NHS FOUNDATION TRUST,21354287,"61,676.08",654923613,INV0048248
Department of Health,NHS Portsmouth CCG,30/06/2018,Hlthcre-Foundation Trsts,NHS 111,SOUTH CENTRAL AMBULANCE SERVICE NHS FOUNDATION TRUST,22506283,"62,483.55",654923613,INV0048800
Department of Health,NHS Portsmouth CCG,30/06/2018,Hlthcre-Foundation Trsts,PATIENT TRANSPORT,SOUTH CENTRAL AMBULANCE SERVICE NHS FOUNDATION TRUST,22473388,"90,448.80",654923613,INV0048764
Department of Health,NHS Portsmouth CCG,30/06/2018,Hlthcre-Foundation Trsts,Winter Resilience,SOUTH CENTRAL AMBULANCE SERVICE NHS FOUNDATION TRUST,22744917,"157,000.00",654923613,INV0048337
Department of Health,NHS Portsmouth CCG,30/06/2018,Hlthcre-Foundation Trsts,AMBULANCE SERVICES,SOUTH CENTRAL AMBULANCE SERVICE NHS FOUNDATION TRUST,22473395,"621,130.70",654923613,INV0048732
Department of Health,NHS Portsmouth CCG,30/06/2018,Hlthcre-Foundation Trsts,ACUTE COMMISSIONING,SOUTHAMPTON UNIVERSITY HOSPITALS NHS FOUNDATION TRUST,22715356,"232,271.00",,7319844
Department of Health,NHS Portsmouth CCG,30/06/2018,Hlthcre-Foundation Trsts,COMMUNITY SERVICES,SOUTHERN HEALTH NHS FOUNDATION TRUST,22591886,"44,108.00",,43648504
Department of Health,NHS Portsmouth CCG,30/06/2018,Hlthcre-Foundation Trsts,MENTAL HEALTH CONTRACTS,SOUTHERN HEALTH NHS FOUNDATION TRUST,22555252,"71,511.00",,43648499
Department of Health,NHS Portsmouth CCG,30/06/2018,C&M-PMS Prem Actual Rent,PRC DELEGATED CO-COMMISSIONING,SOUTHSEA MEDICAL CENTRE,22543794,"40,211.91",,SO000061707
Department of Health,NHS Portsmouth CCG,30/06/2018,C&M-PMS Contract Value,PRC DELEGATED CO-COMMISSIONING,SOUTHSEA MEDICAL CENTRE,22543794,"57,105.41",,SO000061707
Department of Health,NHS Portsmouth CCG,30/06/2018,Clinical&Medical-Independent Sector,ACUTE COMMISSIONING,SPIRE HEALTHCARE LTD,22338901,"49,381.17",915970991,10RPTMREC171812
Department of Health,NHS Portsmouth CCG,30/06/2018,Clinical&Medical-Independent Sector,ACUTE COMMISSIONING,SPIRE HEALTHCARE LTD,22473386,"89,888.00",915970991,10RPTMPF181903
Department of Health,NHS Portsmouth CCG,30/06/2018,C&M-PMS LES Basket of Procedures,COMMISSIONING SCHEMES,SUNNYSIDE SURGERY SOUTHSEA,22752240,"27,001.65",,RLCS1819008
Department of Health,NHS Portsmouth CCG,30/06/2018,C&M-PMS Contract Value,PRC DELEGATED CO-COMMISSIONING,SUNNYSIDE SURGERY SOUTHSEA,22529851,"93,593.45",,SO000061709
Department of Health,NHS Portsmouth CCG,30/06/2018,C&M-GMS LES Basket of Procedures,COMMISSIONING SCHEMES,TRAFALGAR MEDICAL GROUP PRACTICE,22752212,"35,160.45",,RLCS1819001
Department of Health,NHS Portsmouth CCG,30/06/2018,C&M-GMS Global Sum,PRC DELEGATED CO-COMMISSIONING,TRAFALGAR MEDICAL GROUP PRACTICE,22700353,"127,410.69",,SO000061917
Department of Health,NHS Portsmouth CCG,30/06/2018,C&M-PMS LES Basket of Procedures,COMMISSIONING SCHEMES,UNIVERSITY SURGERY PORTSMOUTH,22752279,"39,450.45",,RLCS1819018
Department of Health,NHS Portsmouth CCG,30/06/2018,C&M-PMS Contract Value,PRC DELEGATED CO-COMMISSIONING,UNIVERSITY SURGERY PORTSMOUTH,22543796,"102,288.41",,SO000061711
Department of Health,NHS Portsmouth CCG,30/06/2018,C&M-GMS Global Sum,PRC DELEGATED CO-COMMISSIONING,WAVERLEY ROAD SURGERY,22700349,"81,422.17",,SO000061913
Department of Health,NHS Portsmouth CCG,30/06/2018,C&M-GMS Other LMC Fund Deductions,PRC DELEGATED CO-COMMISSIONING,WESSEX LOCAL MEDICAL COMMITTEE LTD,22608735,"36,553.41",224 5422 34,WLMCI1316
Department of Health,NHS Portsmouth CCG,30/06/2018,C&M-PMS LMC Fund Deductions,PRC DELEGATED CO-COMMISSIONING,WESSEX LOCAL MEDICAL COMMITTEE LTD,22608735,"48,743.43",224 5422 34,WLMCI1316
Department of Health,NHS Portsmouth CCG,30/06/2018,Hlthcre-Foundation Trsts,ACUTE COMMISSIONING,WESTERN SUSSEX HOSPITALS NHS FOUNDATION TRUST,22473397,"53,737.00",65 4439322,1500031153
