Department family,Entity,Date,Expense Type,Expense area,Supplier,Transaction number,AP Amount (�),VAT registration number,Purchase invoice number
Department of Health,NHS Portsmouth CCG,31/01/2019,Clinical&Medical-Independent Sector,CLINICAL ASSESSMENT AND TREATMENT CENTRES,CARE UK CLINICAL SERVICES LTD,25604144,"465,757.50",,100084818
Department of Health,NHS Portsmouth CCG,31/01/2019,Training Expenses,GP FORWARD VIEW,CONEXUS HEALTHCARE LTD,25586538,"26,000.00",284044407,SI162
Department of Health,NHS Portsmouth CCG,31/01/2019,C&M-PMS Contract Value,PRC DELEGATED CO-COMMISSIONING,DERBY ROAD PRACTICE PORTSMOUTH,25445073,"88,260.91",,SO000066994
Department of Health,NHS Portsmouth CCG,31/01/2019,C&M-PMS Contract Value,PRC DELEGATED CO-COMMISSIONING,DEVONSHIRE PRACTICE,25445075,"42,513.20",,SO000066996
Department of Health,NHS Portsmouth CCG,31/01/2019,C&M-GMS Global Sum,PRC DELEGATED CO-COMMISSIONING,DRAYTON SURGERY,25653588,"127,395.12",,SO000067190
Department of Health,NHS Portsmouth CCG,31/01/2019,C&M-GMS Global Sum,PRC DELEGATED CO-COMMISSIONING,EAST SHORE PARTNERSHIP,25672042,"92,659.54",,SO000067202
Department of Health,NHS Portsmouth CCG,31/01/2019,C&M-GMS Global Sum,PRC DELEGATED CO-COMMISSIONING,HANWAY GROUP PRACTICE,25653590,"95,989.75",,SO000067192
Department of Health,NHS Portsmouth CCG,31/01/2019,Income tax <1Yr,BALANCE SHEET,HMRC,25554330,"47,933.86",,475PH004482561909
Department of Health,NHS Portsmouth CCG,31/01/2019,National Insurance < 1 yr-NI- ERS,BALANCE SHEET,HMRC,25554330,"34,929.05",,475PH004482561909
Department of Health,NHS Portsmouth CCG,31/01/2019,National Insurance < 1 yr-NI-EES,BALANCE SHEET,HMRC,25554330,"25,675.33",,475PH004482561909
Department of Health,NHS Portsmouth CCG,31/01/2019,C&M-APMS Contract Value,PRC DELEGATED CO-COMMISSIONING,JOHN POUNDS SURGERY,25460983,"46,213.34",,SO000066998
Department of Health,NHS Portsmouth CCG,31/01/2019,C&M-PMS Prem Rates,PRC DELEGATED CO-COMMISSIONING,JOHN POUNDS SURGERY,25460983,"46,984.53",,SO000066998
Department of Health,NHS Portsmouth CCG,31/01/2019,C&M-GMS Global Sum,PRC DELEGATED CO-COMMISSIONING,KIRKLANDS,25653592,"57,607.40",,SO000067194
Department of Health,NHS Portsmouth CCG,31/01/2019,C&M-PMS Contract Value,PRC DELEGATED CO-COMMISSIONING,LAKE ROAD PRACTICE,25445078,"113,020.56",,SO000067000
Department of Health,NHS Portsmouth CCG,31/01/2019,Clinical&Medical-Independent Sector,COMMISSIONING SCHEMES,LAKE ROAD PRACTICE,25606430,"32,473.65",,RWDEV1819012
Department of Health,NHS Portsmouth CCG,31/01/2019,Clinical&Medical-Independent Sector,WHEELCHAIR SERVICE,MILLBROOK HEALTHCARE LTD,25419230,"57,029.98",GB675991080,20924
Department of Health,NHS Portsmouth CCG,31/01/2019,Healthcare Srv Rec CCG,ACUTE COMMISSIONING,NHS EAST BERKSHIRE CCG,25794278,"115,779.00",654464815,7031600706
Department of Health,NHS Portsmouth CCG,31/01/2019,Charges from CSU,CORPORATE COSTS & SERVICES,NHS SOUTH CENTRAL AND WEST COMMISSIONING SUPPORT UNIT,25435126,"93,555.02",,7312707842
Department of Health,NHS Portsmouth CCG,31/01/2019,Charges from CSU,PRIMARY CARE IT,NHS SOUTH CENTRAL AND WEST COMMISSIONING SUPPORT UNIT,25435126,"41,608.94",,7312707842
Department of Health,NHS Portsmouth CCG,31/01/2019,C&M-GMS Global Sum,PRC DELEGATED CO-COMMISSIONING,NORTH HARBOUR MEDICAL GROUP,25653594,"64,758.17",,SO000067196
Department of Health,NHS Portsmouth CCG,31/01/2019,C&M-APMS Contract Value,PRC DELEGATED CO-COMMISSIONING,PARTNERING HEALTH LTD,25444700,"68,209.23",,SO000067010
Department of Health,NHS Portsmouth CCG,31/01/2019,C&M-PMS Contract Value,PRC DELEGATED CO-COMMISSIONING,PORTSDOWN GROUP PRACTICE,25445080,"322,630.48",,SO000067002
Department of Health,NHS Portsmouth CCG,31/01/2019,C&M-PMS Prem Notional Rent,PRC DELEGATED CO-COMMISSIONING,PORTSDOWN GROUP PRACTICE,25445080,"32,985.84",,SO000067002
Department of Health,NHS Portsmouth CCG,31/01/2019,C&M-PMS QOF Aspiration,PRC DELEGATED CO-COMMISSIONING,PORTSDOWN GROUP PRACTICE,25445080,"37,880.29",,SO000067002
Department of Health,NHS Portsmouth CCG,31/01/2019,Clinical&Medical-Othe Public Sector,CHC CHILDREN,PORTSMOUTH CITY COUNCIL,25509510,"119,343.96",108365672,30224049
Department of Health,NHS Portsmouth CCG,31/01/2019,Clinical&Medical-Othe Public Sector,CHC AD FULL FUND PERS HLTH BUD,PORTSMOUTH CITY COUNCIL,25666657,"159,807.12",108365672,30224538
Department of Health,NHS Portsmouth CCG,31/01/2019,Clinical&Medical-Othe Public Sector,CHC ADULT FULLY FUNDED,PORTSMOUTH CITY COUNCIL,25666657,"3,393,526.16",108365672,30224538
Department of Health,NHS Portsmouth CCG,31/01/2019,Clinical&Medical-Othe Public Sector,CONTINUING HEALTHCARE ASSESSMENT & SUPPORT,PORTSMOUTH CITY COUNCIL,25666657,"92,236.34",108365672,30224538
Department of Health,NHS Portsmouth CCG,31/01/2019,Clinical&Medical-Othe Public Sector,FUNDED NURSING CARE,PORTSMOUTH CITY COUNCIL,25666657,"546,538.26",108365672,30224538
Department of Health,NHS Portsmouth CCG,31/01/2019,Services From Local Authorities,COMMISSIONING,PORTSMOUTH CITY COUNCIL,25666661,"66,805.50",108365672,30224509
Department of Health,NHS Portsmouth CCG,31/01/2019,Clinical&Medical-Othe Public Sector,PROGRAMME PROJECTS,PORTSMOUTH CITY COUNCIL,25666663,"26,131.00",108365672,30224536
Department of Health,NHS Portsmouth CCG,31/01/2019,Clinical&Medical-Othe Public Sector,COMMISSIONING - NON ACUTE,PORTSMOUTH CITY COUNCIL,25666665,"1,633,750.00",108365672,30224537
Department of Health,NHS Portsmouth CCG,31/01/2019,Clinical&Medical-Othe Public Sector,MENTAL HEALTH SERVICES - OTHER,PORTSMOUTH CITY COUNCIL,25694077,"240,000.00",108365672,30224570
Department of Health,NHS Portsmouth CCG,31/01/2019,Hcare Srv Rec NHS Trust-Non Contract,Winter Resilience,PORTSMOUTH HOSPITALS NHS TRUST,25397388,"41,687.00",654936991,9369600
Department of Health,NHS Portsmouth CCG,31/01/2019,Hcare Srv Rec NHS Trust,ACUTE COMMISSIONING,PORTSMOUTH HOSPITALS NHS TRUST,25602455,"9,761,278.00",654936991,9370903
Department of Health,NHS Portsmouth CCG,31/01/2019,Clinical&Medical-Independent Sector,PRIMARY CARE DEVELOPMENT,PORTSMOUTH PRIMARY CARE ALLIANCE LTD,25438033,"230,566.82",,IPC007
Department of Health,NHS Portsmouth CCG,31/01/2019,Clinical&Medical-Independent Sector,PRIMARY CARE DEVELOPMENT,PORTSMOUTH PRIMARY CARE ALLIANCE LTD,25759930,"230,566.82",,IPC008
Department of Health,NHS Portsmouth CCG,31/01/2019,Clinical&Medical-Voluntary Sector,HOSPICES,ROWANS HOSPICE,25494339,"59,920.86",,2862
Department of Health,NHS Portsmouth CCG,31/01/2019,Hcare Srv Rec NHS Trust,COMMUNITY SERVICES,SOLENT NHS TRUST,25438035,"46,229.00",654441188,54157113
Department of Health,NHS Portsmouth CCG,31/01/2019,Hcare Srv Rec NHS Trust,COMMUNITY SERVICES,SOLENT NHS TRUST,25473900,"2,368,247.00",654441188,54157111
Department of Health,NHS Portsmouth CCG,31/01/2019,Hcare Srv Rec NHS Trust,MENTAL HEALTH CONTRACTS,SOLENT NHS TRUST,25473901,"2,279,054.00",654441188,54157112
Department of Health,NHS Portsmouth CCG,31/01/2019,Clinical&Medical-Serv Recd-NHS Trst,CHC CHILDREN,SOLENT NHS TRUST,25602226,"31,406.10",654441188,54153831
Department of Health,NHS Portsmouth CCG,31/01/2019,Hlthcre-Foundation Trsts,AMBULANCE SERVICES,SOUTH CENTRAL AMBULANCE SERVICE NHS FOUNDATION TRUST,25402783,"633,997.47",654923613,INV0049898
Department of Health,NHS Portsmouth CCG,31/01/2019,Hlthcre-Foundation Trsts,PATIENT TRANSPORT,SOUTH CENTRAL AMBULANCE SERVICE NHS FOUNDATION TRUST,25402791,"78,701.32",654923613,INV0049929
Department of Health,NHS Portsmouth CCG,31/01/2019,Hlthcre-Foundation Trsts,NHS 111,SOUTH CENTRAL AMBULANCE SERVICE NHS FOUNDATION TRUST,25473902,"73,623.45",654923613,INV0050034
Department of Health,NHS Portsmouth CCG,31/01/2019,Hlthcre-Foundation Trsts,NHS 111,SOUTH CENTRAL AMBULANCE SERVICE NHS FOUNDATION TRUST,25473903,"69,597.75",654923613,INV0050041
Department of Health,NHS Portsmouth CCG,31/01/2019,Hlthcre-Foundation Trsts,NHS 111,SOUTH CENTRAL AMBULANCE SERVICE NHS FOUNDATION TRUST,25685124,"83,219.10",654923613,INV0050119
Department of Health,NHS Portsmouth CCG,31/01/2019,Hlthcre-Foundation Trsts,ACUTE COMMISSIONING,SOUTHAMPTON UNIVERSITY HOSPITALS NHS FOUNDATION TRUST,24770715,"232,271.00",654942706,7326678
Department of Health,NHS Portsmouth CCG,31/01/2019,Hlthcre-Foundation Trsts,ACUTE COMMISSIONING,SOUTHAMPTON UNIVERSITY HOSPITALS NHS FOUNDATION TRUST,25581891,"232,271.00",654942706,7329171
Department of Health,NHS Portsmouth CCG,31/01/2019,Hlthcre-Foundation Trsts,ACUTE COMMISSIONING,SOUTHAMPTON UNIVERSITY HOSPITALS NHS FOUNDATION TRUST,25602454,"232,271.00",654942706,7329202
Department of Health,NHS Portsmouth CCG,31/01/2019,Hlthcre-Foundation Trsts,MENTAL HEALTH CONTRACTS,SOUTHERN HEALTH NHS FOUNDATION TRUST,25516860,"71,510.00",654412253,43651912
Department of Health,NHS Portsmouth CCG,31/01/2019,Hlthcre-Foundation Trsts,COMMUNITY SERVICES,SOUTHERN HEALTH NHS FOUNDATION TRUST,25525914,"43,407.00",654412253,43651917
Department of Health,NHS Portsmouth CCG,31/01/2019,Hlthcre-Foundation Trsts,MENTAL HEALTH CONTRACTS,SOUTHERN HEALTH NHS FOUNDATION TRUST,25746068,"71,510.00",654412253,43652172
Department of Health,NHS Portsmouth CCG,31/01/2019,Hlthcre-Foundation Trsts,COMMUNITY SERVICES,SOUTHERN HEALTH NHS FOUNDATION TRUST,25761528,"43,412.00",654412253,43652177
Department of Health,NHS Portsmouth CCG,31/01/2019,C&M-PMS Contract Value,PRC DELEGATED CO-COMMISSIONING,SOUTHSEA MEDICAL CENTRE,25445082,"57,245.57",,SO000067004
Department of Health,NHS Portsmouth CCG,31/01/2019,Clinical&Medical-Independent Sector,ACUTE COMMISSIONING,SPIRE HEALTHCARE LTD,25392953,"142,388.00",915970991,10RPTMPF181910
Department of Health,NHS Portsmouth CCG,31/01/2019,C&M-PMS Contract Value,PRC DELEGATED CO-COMMISSIONING,SUNNYSIDE SURGERY SOUTHSEA,25445084,"93,740.64",,SO000067006
Department of Health,NHS Portsmouth CCG,31/01/2019,C&M-GMS Global Sum,PRC DELEGATED CO-COMMISSIONING,TRAFALGAR MEDICAL GROUP PRACTICE,25653598,"163,727.53",,SO000067200
Department of Health,NHS Portsmouth CCG,31/01/2019,C&M-PMS Contract Value,PRC DELEGATED CO-COMMISSIONING,UNIVERSITY SURGERY PORTSMOUTH,25445086,"106,855.10",,SO000067008
Department of Health,NHS Portsmouth CCG,31/01/2019,C&M-GMS Global Sum,PRC DELEGATED CO-COMMISSIONING,WAVERLEY ROAD SURGERY,25653596,"85,239.70",,SO000067198
Department of Health,NHS Portsmouth CCG,31/01/2019,Hlthcre-Foundation Trsts,ACUTE COMMISSIONING,WESTERN SUSSEX HOSPITALS NHS FOUNDATION TRUST,25402798,"53,737.00",65 4439322,1500034688
