Department family,Entity,Date,Expense Type,Expense area,Supplier,Transaction number,AP Amount (�),VAT registration number,Purchase invoice number
Department of Health,NHS Portsmouth CCG,31/03/2019,Clinical&Medical-Independent Sector,CLINICAL ASSESSMENT AND TREATMENT CENTRES,CARE UK CLINICAL SERVICES LTD,26199945,"105,865.05",,100088191
Department of Health,NHS Portsmouth CCG,31/03/2019,Clinical&Medical-Independent Sector,CLINICAL ASSESSMENT AND TREATMENT CENTRES,CARE UK CLINICAL SERVICES LTD,26514995,"465,757.50",,100089311
Department of Health,NHS Portsmouth CCG,31/03/2019,C&M-PMS Contract Value,PRC DELEGATED CO-COMMISSIONING,DERBY ROAD PRACTICE PORTSMOUTH,26304004,"89,576.23",,SO000068523
Department of Health,NHS Portsmouth CCG,31/03/2019,C&M-PMS Contract Value,PRC DELEGATED CO-COMMISSIONING,DEVONSHIRE PRACTICE,26304006,"43,317.78",,SO000068525
Department of Health,NHS Portsmouth CCG,31/03/2019,Clinical&Medical-Independent Sector,COMMISSIONING SCHEMES,DRAYTON SURGERY,26515333,"50,107.29",,RWDEV181921
Department of Health,NHS Portsmouth CCG,31/03/2019,C&M-GMS Global Sum,PRC DELEGATED CO-COMMISSIONING,DRAYTON SURGERY,26499855,"127,395.12",,SO000068722
Department of Health,NHS Portsmouth CCG,31/03/2019,Clinical&Medical-Independent Sector,COMMISSIONING SCHEMES,EAST SHORE PARTNERSHIP,26515335,"36,379.21",,RWDEV181923
Department of Health,NHS Portsmouth CCG,31/03/2019,C&M-GMS Global Sum,PRC DELEGATED CO-COMMISSIONING,EAST SHORE PARTNERSHIP,26499866,"92,659.54",,SO000068735
Department of Health,NHS Portsmouth CCG,31/03/2019,Clinical&Medical-Independent Sector,NON RECURRENT PROGRAMMES,HAMPSHIRE CONSTABULARY,26439212,"25,000.00",,3680011781
Department of Health,NHS Portsmouth CCG,31/03/2019,Clinical&Medical-Independent Sector,COMMUNITY SERVICES,HAMPSHIRE COUNTY COUNCIL,26333499,"25,000.00",GB189406822,3611079108
Department of Health,NHS Portsmouth CCG,31/03/2019,C&M-GMS Global Sum,PRC DELEGATED CO-COMMISSIONING,HANWAY GROUP PRACTICE,26499857,"95,989.75",,SO000068724
Department of Health,NHS Portsmouth CCG,31/03/2019,National Insurance < 1 yr-NI-EES,BALANCE SHEET,HMRC,26447041,"25,381.26",,475PH004482561911
Department of Health,NHS Portsmouth CCG,31/03/2019,National Insurance < 1 yr-NI- ERS,BALANCE SHEET,HMRC,26447041,"36,351.73",,475PH004482561911
Department of Health,NHS Portsmouth CCG,31/03/2019,Income tax <1Yr,BALANCE SHEET,HMRC,26447041,"52,574.06",,475PH004482561911
Department of Health,NHS Portsmouth CCG,31/03/2019,C&M-APMS Contract Value,PRC DELEGATED CO-COMMISSIONING,JOHN POUNDS SURGERY,26323986,"46,213.34",,SO000068527
Department of Health,NHS Portsmouth CCG,31/03/2019,C&M-GMS Global Sum,PRC DELEGATED CO-COMMISSIONING,KIRKLANDS,26499859,"57,607.40",,SO000068726
Department of Health,NHS Portsmouth CCG,31/03/2019,ME-PMS GP Pension ERs Adjs - PMS,PRC DELEGATED CO-COMMISSIONING,LAKE ROAD PRACTICE,26304008,"-25,550.86",,SO000068528
Department of Health,NHS Portsmouth CCG,31/03/2019,ME-PMS GP Pension EEs Adjs - PMS,PRC DELEGATED CO-COMMISSIONING,LAKE ROAD PRACTICE,26304008,"-15,460.00",,SO000068528
Department of Health,NHS Portsmouth CCG,31/03/2019,C&M-PMS Contract Value,PRC DELEGATED CO-COMMISSIONING,LAKE ROAD PRACTICE,26304009,"114,344.62",,SO000068529
Department of Health,NHS Portsmouth CCG,31/03/2019,Clinical&Medical-Independent Sector,WHEELCHAIR SERVICE,MILLBROOK HEALTHCARE LTD,26319536,"57,029.98",GB675991080,21849
Department of Health,NHS Portsmouth CCG,31/03/2019,Clinical&Medical-Independent Sector,NCAS/OATS,NEW HALL HOSPITAL,26286699,"34,010.00",,POR119
Department of Health,NHS Portsmouth CCG,31/03/2019,Healthcare Srv Rec CCG,ACUTE COMMISSIONING,NHS EAST BERKSHIRE CCG,26560667,"53,723.00",654464815,7031601010
Department of Health,NHS Portsmouth CCG,31/03/2019,Healthcare Srv Rec CCG,ACUTE COMMISSIONING,NHS EAST BERKSHIRE CCG,26205730,"115,779.00",654464815,7031600857
Department of Health,NHS Portsmouth CCG,31/03/2019,Charges from CSU,PRIMARY CARE IT,NHS SOUTH CENTRAL AND WEST COMMISSIONING SUPPORT UNIT,26293841,"41,608.94",,7312708503
Department of Health,NHS Portsmouth CCG,31/03/2019,Charges from CSU,CORPORATE COSTS & SERVICES,NHS SOUTH CENTRAL AND WEST COMMISSIONING SUPPORT UNIT,26293841,"93,555.02",,7312708503
Department of Health,NHS Portsmouth CCG,31/03/2019,Clinical&Medical-Independent Sector,WINTER PRESSURES,NHS SOUTH EASTERN HAMPSHIRE CCG,26599944,"30,000.00",,7028200646
Department of Health,NHS Portsmouth CCG,31/03/2019,C&M-GMS Global Sum,PRC DELEGATED CO-COMMISSIONING,NORTH HARBOUR MEDICAL GROUP,26499861,"64,758.17",,SO000068728
Department of Health,NHS Portsmouth CCG,31/03/2019,C&M-APMS Contract Value,PRC DELEGATED CO-COMMISSIONING,PARTNERING HEALTH LTD,26301017,"69,878.12",,SO000068539
Department of Health,NHS Portsmouth CCG,31/03/2019,C&M-PMS Out of Hours Opt Outs,PRC DELEGATED CO-COMMISSIONING,PORTSDOWN GROUP PRACTICE,26304010,"-15,708.14",,SO000068530
Department of Health,NHS Portsmouth CCG,31/03/2019,C&M-PMS Prem Notional Rent,PRC DELEGATED CO-COMMISSIONING,PORTSDOWN GROUP PRACTICE,26304011,"32,985.84",,SO000068531
Department of Health,NHS Portsmouth CCG,31/03/2019,C&M-PMS QOF Aspiration,PRC DELEGATED CO-COMMISSIONING,PORTSDOWN GROUP PRACTICE,26304011,"37,880.29",,SO000068531
Department of Health,NHS Portsmouth CCG,31/03/2019,Clinical&Medical-Independent Sector,COMMISSIONING SCHEMES,PORTSDOWN GROUP PRACTICE,26515334,"82,322.00",,RWDEV181922
Department of Health,NHS Portsmouth CCG,31/03/2019,C&M-PMS Contract Value,PRC DELEGATED CO-COMMISSIONING,PORTSDOWN GROUP PRACTICE,26304011,"326,742.12",,SO000068531
Department of Health,NHS Portsmouth CCG,31/03/2019,Clinical&Medical-Othe Public Sector,COMMUNITY SERVICES,PORTSMOUTH CITY COUNCIL,26573610,"-79,141.69",108365672,58053495
Department of Health,NHS Portsmouth CCG,31/03/2019,Clinical&Medical-Othe Public Sector,CONTINUING HEALTHCARE ASSESSMENT & SUPPORT,PORTSMOUTH CITY COUNCIL,26642030,"26,263.84",108365672,30227693
Department of Health,NHS Portsmouth CCG,31/03/2019,Clinical&Medical-Othe Public Sector,PROGRAMME PROJECTS,PORTSMOUTH CITY COUNCIL,26516168,"27,000.00",108365672,30227609
Department of Health,NHS Portsmouth CCG,31/03/2019,Clinical&Medical-Othe Public Sector,CHC AD FULL FUND PERS HLTH BUD,PORTSMOUTH CITY COUNCIL,26642030,"45,504.28",108365672,30227693
Department of Health,NHS Portsmouth CCG,31/03/2019,Clinical&Medical-Othe Public Sector,FUNDED NURSING CARE,PORTSMOUTH CITY COUNCIL,26642030,"155,624.04",108365672,30227693
Department of Health,NHS Portsmouth CCG,31/03/2019,Clinical&Medical-Othe Public Sector,COMMUNITY SERVICES,PORTSMOUTH CITY COUNCIL,26395385,"958,242.54",108365672,30226889
Department of Health,NHS Portsmouth CCG,31/03/2019,Clinical&Medical-Othe Public Sector,CHC ADULT FULLY FUNDED,PORTSMOUTH CITY COUNCIL,26642030,"966,289.62",108365672,30227693
Department of Health,NHS Portsmouth CCG,31/03/2019,Clinical&Medical-Serv Recd-NHS Trst,PRESCRIBING,PORTSMOUTH HOSPITALS NHS TRUST,26636833,"26,521.73",654936991,9375204
Department of Health,NHS Portsmouth CCG,31/03/2019,Hcare Srv Rec NHS Trust,COLLABORATIVE COMMISSIONING,PORTSMOUTH HOSPITALS NHS TRUST,26403830,"50,000.00",654936991,9373595
Department of Health,NHS Portsmouth CCG,31/03/2019,Clinical&Medical-Independent Sector,WINTER PRESSURES,PORTSMOUTH HOSPITALS NHS TRUST,26599952,"55,395.00",654936991,9375067
Department of Health,NHS Portsmouth CCG,31/03/2019,Hcare Srv Rec NHS Trust,COLLABORATIVE COMMISSIONING,PORTSMOUTH HOSPITALS NHS TRUST,26537016,"100,000.00",654936991,9374903
Department of Health,NHS Portsmouth CCG,31/03/2019,Hcare Srv Rec NHS Trust,COLLABORATIVE COMMISSIONING,PORTSMOUTH HOSPITALS NHS TRUST,26403833,"250,000.00",654936991,9373596
Department of Health,NHS Portsmouth CCG,31/03/2019,Hcare Srv Rec NHS Trust,COLLABORATIVE COMMISSIONING,PORTSMOUTH HOSPITALS NHS TRUST,26537020,"300,000.00",654936991,9374934
Department of Health,NHS Portsmouth CCG,31/03/2019,Hcare Srv Rec NHS Trust,COLLABORATIVE COMMISSIONING,PORTSMOUTH HOSPITALS NHS TRUST,26537012,"500,000.00",654936991,9374902
Department of Health,NHS Portsmouth CCG,31/03/2019,Clinical&Medical-Independent Sector,PRIMARY CARE DEVELOPMENT,PORTSMOUTH PRIMARY CARE ALLIANCE LTD,26319535,"230,566.82",,IPC009
Department of Health,NHS Portsmouth CCG,31/03/2019,Clinical&Medical-Independent Sector,COMMUNITY SERVICES,PUSHING CHANGE,26560662,"30,000.00",,CCG40
Department of Health,NHS Portsmouth CCG,31/03/2019,Clinical&Medical-Independent Sector,OUT OF HOURS,SOLENT NHS TRUST,26535694,"30,000.00",654441188,54157599
Department of Health,NHS Portsmouth CCG,31/03/2019,Hcare Srv Rec NHS Trust,COMMUNITY SERVICES,SOLENT NHS TRUST,26320192,"46,240.00",654441188,54157758
Department of Health,NHS Portsmouth CCG,31/03/2019,Clinical&Medical-Independent Sector,PRC DELEGATED CO-COMMISSIONING,SOLENT NHS TRUST,26599950,"125,000.00",654441188,54158048
Department of Health,NHS Portsmouth CCG,31/03/2019,Hcare Srv Rec NHS Trust,MENTAL HEALTH CONTRACTS,SOLENT NHS TRUST,26413556,"192,650.00",654441188,54157801
Department of Health,NHS Portsmouth CCG,31/03/2019,Clinical&Medical-Independent Sector,WINTER PRESSURES,SOLENT NHS TRUST,26535694,"270,000.00",654441188,54157599
Department of Health,NHS Portsmouth CCG,31/03/2019,Clinical&Medical-Independent Sector,WINTER PRESSURES,SOLENT NHS TRUST,26537011,"867,550.00",654441188,54158030
Department of Health,NHS Portsmouth CCG,31/03/2019,Hcare Srv Rec NHS Trust,MENTAL HEALTH CONTRACTS,SOLENT NHS TRUST,26319541,"2,279,067.00",654441188,54157757
Department of Health,NHS Portsmouth CCG,31/03/2019,Hcare Srv Rec NHS Trust,COMMUNITY SERVICES,SOLENT NHS TRUST,26319538,"2,368,256.00",654441188,54157756
Department of Health,NHS Portsmouth CCG,31/03/2019,Clinical&Medical-Independent Sector,WINTER PRESSURES,SOUTH CENTRAL AMBULANCE SERVICE NHS FOUNDATION TRUST,26599954,"30,403.23",654923613,INV0050526
Department of Health,NHS Portsmouth CCG,31/03/2019,Hlthcre-Foundation Trsts,AMBULANCE SERVICES,SOUTH CENTRAL AMBULANCE SERVICE NHS FOUNDATION TRUST,26379288,"57,031.36",654923613,INV0050443
Department of Health,NHS Portsmouth CCG,31/03/2019,Hlthcre-Foundation Trsts,NHS 111,SOUTH CENTRAL AMBULANCE SERVICE NHS FOUNDATION TRUST,26491416,"71,983.35",654923613,INV0050486
Department of Health,NHS Portsmouth CCG,31/03/2019,Hlthcre-Foundation Trsts,NHS 111,SOUTH CENTRAL AMBULANCE SERVICE NHS FOUNDATION TRUST,26491417,"72,835.35",654923613,INV0050479
Department of Health,NHS Portsmouth CCG,31/03/2019,Hlthcre-Foundation Trsts,AMBULANCE SERVICES,SOUTH CENTRAL AMBULANCE SERVICE NHS FOUNDATION TRUST,26379289,"77,180.73",654923613,INV0050449
Department of Health,NHS Portsmouth CCG,31/03/2019,Hlthcre-Foundation Trsts,PATIENT TRANSPORT,SOUTH CENTRAL AMBULANCE SERVICE NHS FOUNDATION TRUST,26276650,"84,586.26",654923613,INV0050321
Department of Health,NHS Portsmouth CCG,31/03/2019,Hlthcre-Foundation Trsts,AMBULANCE SERVICES,SOUTH CENTRAL AMBULANCE SERVICE NHS FOUNDATION TRUST,26235097,"633,997.47",654923613,INV0050293
Department of Health,NHS Portsmouth CCG,31/03/2019,Hlthcre-Foundation Trsts,ACUTE COMMISSIONING,SOUTHAMPTON UNIVERSITY HOSPITALS NHS FOUNDATION TRUST,26395393,"50,000.00",654942706,1002968
Department of Health,NHS Portsmouth CCG,31/03/2019,Hlthcre-Foundation Trsts,ACUTE COMMISSIONING,SOUTHAMPTON UNIVERSITY HOSPITALS NHS FOUNDATION TRUST,26629724,"225,475.00",654942706,1006604
Department of Health,NHS Portsmouth CCG,31/03/2019,Hlthcre-Foundation Trsts,COMMUNITY SERVICES,SOUTHERN HEALTH NHS FOUNDATION TRUST,26230702,"43,412.00",654412253,43652641
Department of Health,NHS Portsmouth CCG,31/03/2019,C&M-PMS Prem Actual Rent,PRC DELEGATED CO-COMMISSIONING,SOUTHSEA MEDICAL CENTRE,26304013,"40,211.91",,SO000068533
Department of Health,NHS Portsmouth CCG,31/03/2019,C&M-PMS Contract Value,PRC DELEGATED CO-COMMISSIONING,SOUTHSEA MEDICAL CENTRE,26304013,"57,920.37",,SO000068533
Department of Health,NHS Portsmouth CCG,31/03/2019,Clinical&Medical-Independent Sector,ACUTE COMMISSIONING,SPIRE HEALTHCARE LTD,26540003,"-57,409.52",915970991,10RPTMREC181910
Department of Health,NHS Portsmouth CCG,31/03/2019,Clinical&Medical-Independent Sector,ACUTE COMMISSIONING,SPIRE HEALTHCARE LTD,25392953,"142,388.00",915970991,10RPTMPF181910
Department of Health,NHS Portsmouth CCG,31/03/2019,Clinical&Medical-Independent Sector,ACUTE COMMISSIONING,SPIRE HEALTHCARE LTD,25822027,"142,388.00",915970991,10RPTMPF181911
Department of Health,NHS Portsmouth CCG,31/03/2019,Clinical&Medical-Independent Sector,ACUTE COMMISSIONING,SPIRE HEALTHCARE LTD,26230705,"142,388.00",915970991,10RPTMPF181912
Department of Health,NHS Portsmouth CCG,31/03/2019,C&M-PMS Contract Value,PRC DELEGATED CO-COMMISSIONING,SUNNYSIDE SURGERY SOUTHSEA,26304015,"94,847.26",,SO000068535
Department of Health,NHS Portsmouth CCG,31/03/2019,C&M-GMS Global Sum,PRC DELEGATED CO-COMMISSIONING,TRAFALGAR MEDICAL GROUP PRACTICE,26499864,"163,727.53",,SO000068733
Department of Health,NHS Portsmouth CCG,31/03/2019,Clinical&Medical-Independent Sector,COMMUNITY SERVICES,UNIVERSITY OF SOUTHAMPTON,26573634,"25,000.00",,44230238
Department of Health,NHS Portsmouth CCG,31/03/2019,C&M-PMS Contract Value,PRC DELEGATED CO-COMMISSIONING,UNIVERSITY SURGERY PORTSMOUTH,26304017,"110,977.14",,SO000068537
Department of Health,NHS Portsmouth CCG,31/03/2019,C&M-GMS Global Sum,PRC DELEGATED CO-COMMISSIONING,WAVERLEY ROAD SURGERY,26521997,"85,239.70",,SO000068731
Department of Health,NHS Portsmouth CCG,31/03/2019,Hlthcre-Foundation Trsts,ACUTE COMMISSIONING,WESTERN SUSSEX HOSPITALS NHS FOUNDATION TRUST,26237183,"53,737.00",65 4439322,1500035939
