"Spend over �25,000 - Publication 01/06/2018 to 31/06/2018",,,,,,,
,,,,,,,
Department family,Entity,Date,Expense Type,Expense area,Supplier,Transaction number,AP Amount (�)
Department of Health,NHS Canterbury and Coastal CCG,6/30/2018,Clinical&Medical-Commercial Sector,NHS 111,NESTOR PRIMECARE SERVICES LTD,19400133,"$68,040.00 "
Department of Health,NHS Canterbury and Coastal CCG,6/30/2018,Clinical&Medical-Commercial Sector,OUT OF HOURS,NESTOR PRIMECARE SERVICES LTD,19400133,"$143,300.00 "
Department of Health,NHS Canterbury and Coastal CCG,6/30/2018,Clinical&Medical-Commercial Sector,NHS 111,NESTOR PRIMECARE SERVICES LTD,22454226,"$68,040.00 "
Department of Health,NHS Canterbury and Coastal CCG,6/30/2018,Clinical&Medical-Commercial Sector,OUT OF HOURS,NESTOR PRIMECARE SERVICES LTD,22454226,"$143,300.00 "
Department of Health,NHS Canterbury and Coastal CCG,6/30/2018,Clinical&Medical-Commercial Sector,NHS 111,NESTOR PRIMECARE SERVICES LTD,22454228,"$37,762.20 "
Department of Health,NHS Canterbury and Coastal CCG,6/30/2018,Clinical&Medical-Commercial Sector,OUT OF HOURS,NESTOR PRIMECARE SERVICES LTD,22454228,"$79,531.50 "
Department of Health,NHS Canterbury and Coastal CCG,6/30/2018,Clinical&Medical-Commercial Sector,NHS 111,NESTOR PRIMECARE SERVICES LTD,22454229,"$218,959.50 "
Department of Health,NHS Canterbury and Coastal CCG,6/30/2018,Clinical&Medical-Commercial Sector,NHS 111,NESTOR PRIMECARE SERVICES LTD,22454230,"($68,040.00)"
Department of Health,NHS Canterbury and Coastal CCG,6/30/2018,Clinical&Medical-Commercial Sector,OUT OF HOURS,NESTOR PRIMECARE SERVICES LTD,22454230,"($143,300.00)"
Department of Health,NHS Canterbury and Coastal CCG,6/30/2018,Clinical&Medical-Commercial Sector,NHS 111,NESTOR PRIMECARE SERVICES LTD,22454231,"($37,762.20)"
Department of Health,NHS Canterbury and Coastal CCG,6/30/2018,Clinical&Medical-Commercial Sector,OUT OF HOURS,NESTOR PRIMECARE SERVICES LTD,22454231,"($79,531.50)"
Department of Health,NHS Canterbury and Coastal CCG,6/30/2018,Clinical&Medical-Commercial Sector,IMPROVING ACCESS TO PSYCHOLOGICAL THERAPIES,ADDACTION,22550452,"$30,080.00 "
Department of Health,NHS Canterbury and Coastal CCG,6/30/2018,Clinical&Medical-Commercial Sector,IMPROVING ACCESS TO PSYCHOLOGICAL THERAPIES,ADDACTION,22550479,"$36,910.00 "
Department of Health,NHS Canterbury and Coastal CCG,6/30/2018,Miscellaneous Expenditure (L9),CORPORATE COSTS & SERVICES,KENT COUNTY COUNCIL (EXCH SEC MAIDSTONE),22550484,"$25,842.00 "
Department of Health,NHS Canterbury and Coastal CCG,6/30/2018,Clinical&Medical-Independent Sector,NCAS/OATS,KENT INSTITUTE OF MEDICINE & SURGERY,22550565,"$64,903.50 "
Department of Health,NHS Canterbury and Coastal CCG,6/30/2018,Clinical&Medical-Commercial Sector,NHS 111,INTEGRATED CARE 24 LTD,22552818,"$66,410.17 "
Department of Health,NHS Canterbury and Coastal CCG,6/30/2018,Clinical&Medical-Commercial Sector,OUT OF HOURS,INTEGRATED CARE 24 LTD,22552820,"$157,172.58 "
Department of Health,NHS Canterbury and Coastal CCG,6/30/2018,Hcare Srv Rec NHS Trust-Non Contract,NCAS/OATS,BARTS HEALTH NHS TRUST,22555836,"$42,019.39 "
Department of Health,NHS Canterbury and Coastal CCG,6/30/2018,Hlthcre-Foundation Trsts,COMMUNITY SERVICES,KENT COMMUNITY HEALTH NHS FOUNDATION TRUST,22555838,"$32,015.00 "
Department of Health,NHS Canterbury and Coastal CCG,6/30/2018,Hcare Srv Rec NHS Trust-Non Contract,NCAS/OATS,BARTS HEALTH NHS TRUST,22555839,"$38,234.10 "
Department of Health,NHS Canterbury and Coastal CCG,6/30/2018,Hlthcre-Foundation Trsts,COMMUNITY SERVICES,KENT COMMUNITY HEALTH NHS FOUNDATION TRUST,22555842,"($32,015.00)"
Department of Health,NHS Canterbury and Coastal CCG,6/30/2018,Hcare Srv Rec NHS Trust-Non Contract,NCAS/OATS,LONDON NORTH WEST HEALTHCARE NHS TRUST,22584528,"$27,199.00 "
Department of Health,NHS Canterbury and Coastal CCG,6/30/2018,Hcare Srv Rec NHS Trust-Non Contract,NCAS/OATS,LONDON NORTH WEST HEALTHCARE NHS TRUST,22584577,"$27,504.00 "
Department of Health,NHS Canterbury and Coastal CCG,6/30/2018,Hcare Srv Rec NHS Trust-Non Contract,NCAS/OATS,LONDON NORTH WEST HEALTHCARE NHS TRUST,22584607,"$25,648.00 "
Department of Health,NHS Canterbury and Coastal CCG,6/30/2018,Clinical&Medical-Commercial Sector,PLANNED CARE,ST ANNES GROUP PRACTICE,22584710,"$25,290.00 "
Department of Health,NHS Canterbury and Coastal CCG,6/30/2018,Clinical&Medical-Commercial Sector,MENTAL HEALTH SERVICES - ADULTS,TURNING POINT (SERVICES) LTD,22584789,"$62,500.00 "
Department of Health,NHS Canterbury and Coastal CCG,6/30/2018,Clinical&Medical-Voluntary Sector,HOSPICES,PILGRIMS HOSPICES IN EAST KENT,22586931,"$67,742.86 "
Department of Health,NHS Canterbury and Coastal CCG,6/30/2018,Clinical&Medical-Commercial Sector,PLANNED CARE,ST ANNES GROUP PRACTICE,22586981,"$42,621.25 "
Department of Health,NHS Canterbury and Coastal CCG,6/30/2018,Hcare Srv Rec NHS Trust-Contract Baseline,ACUTE COMMISSIONING,ROYAL NATIONAL ORTHOPAEDIC HOSPITAL NHS TRUST,22587030,"$27,165.00 "
Department of Health,NHS Canterbury and Coastal CCG,6/30/2018,Hcare Srv Rec Fdtn Trust-Contract Baseline,ACUTE COMMISSIONING,MEDWAY NHS FOUNDATION TRUST,22587043,"$69,306.92 "
Department of Health,NHS Canterbury and Coastal CCG,6/30/2018,Hcare Srv Rec Fdtn Trust-Contract Baseline,ACUTE COMMISSIONING,UNIVERSITY COLLEGE LONDON HOSPITALS NHS FOUNDATION TRUST,22587055,"$70,347.00 "
Department of Health,NHS Canterbury and Coastal CCG,6/30/2018,Hcare Srv Rec NHS Trust-Contract Baseline,MENTAL HEALTH CONTRACTS,KENT AND MEDWAY NHS AND SOCIALCARE PARTNERSHIP TRUST,22587066,"$1,553,414.00 "
Department of Health,NHS Canterbury and Coastal CCG,6/30/2018,Hcare Srv Rec Fdtn Trust-Contract Baseline,AMBULANCE SERVICES,SOUTH EAST COAST AMBULANCE SERVICE NHS FOUNDATION TRUST,22587067,"$697,171.54 "
Department of Health,NHS Canterbury and Coastal CCG,6/30/2018,Hcare Srv Rec Fdtn Trust-Contract Cost per Case,CHILD AND ADOLESCENT MENTAL HEALTH,SOUTH LONDON AND MAUDSLEY NHS FOUNDATION TRUST,22587098,$419.00 
Department of Health,NHS Canterbury and Coastal CCG,6/30/2018,Hcare Srv Rec Fdtn Trust-Contract Cost per Case,MENTAL HEALTH SERVICES - ADULTS,SOUTH LONDON AND MAUDSLEY NHS FOUNDATION TRUST,22587098,"$25,333.00 "
Department of Health,NHS Canterbury and Coastal CCG,6/30/2018,Hcare Srv Rec Fdtn Trust-Contract Cost per Case,MENTAL HEALTH SERVICES - SPECIALIST SERVICES,SOUTH LONDON AND MAUDSLEY NHS FOUNDATION TRUST,22587098,$630.00 
Department of Health,NHS Canterbury and Coastal CCG,6/30/2018,Hcare Srv Rec Fdtn Trust-Contract Baseline,CHILD AND ADOLESCENT MENTAL HEALTH,NORTH EAST LONDON NHS FOUNDATION TRUST,22587104,"$191,361.00 "
Department of Health,NHS Canterbury and Coastal CCG,6/30/2018,Hcare Srv Rec Fdtn Trust-Contract Baseline,ACUTE COMMISSIONING,QUEEN VICTORIA HOSPITAL NHS FOUNDATION TRUST,22587105,"$68,075.08 "
Department of Health,NHS Canterbury and Coastal CCG,6/30/2018,Clinical&Medical-Commercial Sector,WHEELCHAIR SERVICE,MILLBROOK HEALTHCARE LTD,22587128,"$50,275.50 "
Department of Health,NHS Canterbury and Coastal CCG,6/30/2018,Clinical&Medical-Commercial Sector,URGENT CARE,INVICTA HEALTH CIC,22587163,"$45,495.50 "
Department of Health,NHS Canterbury and Coastal CCG,6/30/2018,Basic Sal-Rechgs to-from Other NHS,CORPORATE COSTS & SERVICES,NHS ASHFORD CCG,22587164,"$26,575.14 "
Department of Health,NHS Canterbury and Coastal CCG,6/30/2018,Clinical&Medical-Commercial Sector,PATIENT TRANSPORT,G4S HEALTH SERVICES UK LTD,22587172,"$127,749.93 "
Department of Health,NHS Canterbury and Coastal CCG,6/30/2018,Clinical&Medical-Commercial Sector,NCAS/OATS,ONE ASHFORD HEALTHCARE LTD,22590870,"$48,314.60 "
Department of Health,NHS Canterbury and Coastal CCG,6/30/2018,Income tax <1Yr,BALANCE SHEET,HMRC,22600880,"$38,378.00 "
Department of Health,NHS Canterbury and Coastal CCG,6/30/2018,Income tax <1Yr-Student Loans,BALANCE SHEET,HMRC,22600880,$565.00 
Department of Health,NHS Canterbury and Coastal CCG,6/30/2018,National Insurance < 1 yr-NI- ERS,BALANCE SHEET,HMRC,22600880,"$25,635.41 "
Department of Health,NHS Canterbury and Coastal CCG,6/30/2018,National Insurance < 1 yr-NI-EES,BALANCE SHEET,HMRC,22600880,"$17,875.22 "
Department of Health,NHS Canterbury and Coastal CCG,6/30/2018,Statutory Mat Pay < 1 yr,BALANCE SHEET,HMRC,22600880,"($1,068.56)"
Department of Health,NHS Canterbury and Coastal CCG,6/30/2018,Computer Software/License,PRESCRIBING,OPTUM HEALTH SOLUTIONS (UK) LTD,22624672,"$27,733.15 "
Department of Health,NHS Canterbury and Coastal CCG,6/30/2018,C&M-GMS DES Minor Surgery,PRC DELEGATED CO-COMMISSIONING,DR KINNERSLEY D S & PARTNER,22638161,"$1,024.24 "
Department of Health,NHS Canterbury and Coastal CCG,6/30/2018,C&M-GMS Global Sum,PRC DELEGATED CO-COMMISSIONING,DR KINNERSLEY D S & PARTNER,22638161,"$40,449.65 "
Department of Health,NHS Canterbury and Coastal CCG,6/30/2018,C&M-GMS MPIG Correction Factor,PRC DELEGATED CO-COMMISSIONING,DR KINNERSLEY D S & PARTNER,22638161,$832.14 
Department of Health,NHS Canterbury and Coastal CCG,6/30/2018,C&M-GMS PCO Seniority,PRC DELEGATED CO-COMMISSIONING,DR KINNERSLEY D S & PARTNER,22638161,"$1,263.15 "
Department of Health,NHS Canterbury and Coastal CCG,6/30/2018,C&M-GMS Prem Notional Rent,PRC DELEGATED CO-COMMISSIONING,DR KINNERSLEY D S & PARTNER,22638161,"$2,291.67 "
Department of Health,NHS Canterbury and Coastal CCG,6/30/2018,C&M-GMS GP Statutory Levy,PRC DELEGATED CO-COMMISSIONING,DR LOGAN L C & PARTNERS,22638162,($465.59)
Department of Health,NHS Canterbury and Coastal CCG,6/30/2018,C&M-GMS Voluntary Levy,PRC DELEGATED CO-COMMISSIONING,DR LOGAN L C & PARTNERS,22638162,($447.01)
Department of Health,NHS Canterbury and Coastal CCG,6/30/2018,ME - GMS TPS Added Years Adj EEs,PRC DELEGATED CO-COMMISSIONING,DR LOGAN L C & PARTNERS,22638162,"($1,332.50)"
Department of Health,NHS Canterbury and Coastal CCG,6/30/2018,ME-GMS GP Pension EEs,PRC DELEGATED CO-COMMISSIONING,DR LOGAN L C & PARTNERS,22638162,"($13,830.45)"
Department of Health,NHS Canterbury and Coastal CCG,6/30/2018,ME-GMS GP Pension ERs Adjustments,PRC DELEGATED CO-COMMISSIONING,DR LOGAN L C & PARTNERS,22638162,"($13,873.44)"
Department of Health,NHS Canterbury and Coastal CCG,6/30/2018,C&M-GMS DES Extended Hours Access,PRC DELEGATED CO-COMMISSIONING,DR MOLONY J P & PARTNERS,22638164,"$8,073.10 "
Department of Health,NHS Canterbury and Coastal CCG,6/30/2018,C&M-GMS Global Sum,PRC DELEGATED CO-COMMISSIONING,DR MOLONY J P & PARTNERS,22638164,"$111,199.51 "
Department of Health,NHS Canterbury and Coastal CCG,6/30/2018,C&M-GMS Other FDR Payment,PRC DELEGATED CO-COMMISSIONING,DR MOLONY J P & PARTNERS,22638164,"$4,874.82 "
Department of Health,NHS Canterbury and Coastal CCG,6/30/2018,C&M-GMS PCO Seniority,PRC DELEGATED CO-COMMISSIONING,DR MOLONY J P & PARTNERS,22638164,"$2,297.86 "
Department of Health,NHS Canterbury and Coastal CCG,6/30/2018,C&M-GMS Prem Rates,PRC DELEGATED CO-COMMISSIONING,DR MOLONY J P & PARTNERS,22638164,$914.40 
Department of Health,NHS Canterbury and Coastal CCG,6/30/2018,C&M-GMS Cost of Drugs -Prescribing,LOCAL ENHANCED SERVICES,DR RG SIGURDSSON & PARTNERS,22638166,"$7,110.76 "
Department of Health,NHS Canterbury and Coastal CCG,6/30/2018,C&M-GMS DES Extended Hours Access,PRC DELEGATED CO-COMMISSIONING,DR RG SIGURDSSON & PARTNERS,22638166,"$10,334.10 "
Department of Health,NHS Canterbury and Coastal CCG,6/30/2018,C&M-GMS DES Minor Surgery,PRC DELEGATED CO-COMMISSIONING,DR RG SIGURDSSON & PARTNERS,22638166,"$2,805.46 "
Department of Health,NHS Canterbury and Coastal CCG,6/30/2018,C&M-GMS Global Sum,PRC DELEGATED CO-COMMISSIONING,DR RG SIGURDSSON & PARTNERS,22638166,"$156,307.25 "
Department of Health,NHS Canterbury and Coastal CCG,6/30/2018,C&M-GMS Other FDR Payment,PRC DELEGATED CO-COMMISSIONING,DR RG SIGURDSSON & PARTNERS,22638166,"$5,013.06 "
Department of Health,NHS Canterbury and Coastal CCG,6/30/2018,C&M-GMS PCO Seniority,PRC DELEGATED CO-COMMISSIONING,DR RG SIGURDSSON & PARTNERS,22638166,"$3,666.56 "
Department of Health,NHS Canterbury and Coastal CCG,6/30/2018,C&M-GMS Prem Rates,PRC DELEGATED CO-COMMISSIONING,DR RG SIGURDSSON & PARTNERS,22638166,"$2,307.45 "
Department of Health,NHS Canterbury and Coastal CCG,6/30/2018,C&M-GMS Prof Fees Prescribing,PRC DELEGATED CO-COMMISSIONING,DR RG SIGURDSSON & PARTNERS,22638166,$598.00 
Department of Health,NHS Canterbury and Coastal CCG,6/30/2018,ME - GMS GP Prior Year ERs,PRC DELEGATED CO-COMMISSIONING,DR RG SIGURDSSON & PARTNERS,22638166,"$1,572.34 "
Department of Health,NHS Canterbury and Coastal CCG,6/30/2018,ME-GMS GP Prior Year EEs,PRC DELEGATED CO-COMMISSIONING,DR RG SIGURDSSON & PARTNERS,22638166,"$1,484.41 "
Department of Health,NHS Canterbury and Coastal CCG,6/30/2018,C&M-GMS Cost of Drugs -Prescribing,LOCAL ENHANCED SERVICES,DR SMITH A & PARTNERS,22638169,"$1,580.72 "
Department of Health,NHS Canterbury and Coastal CCG,6/30/2018,C&M-GMS Global Sum,PRC DELEGATED CO-COMMISSIONING,DR SMITH A & PARTNERS,22638169,"$38,808.37 "
Department of Health,NHS Canterbury and Coastal CCG,6/30/2018,C&M-GMS PCO Seniority,PRC DELEGATED CO-COMMISSIONING,DR SMITH A & PARTNERS,22638169,"$2,227.02 "
Department of Health,NHS Canterbury and Coastal CCG,6/30/2018,C&M-GMS Prem Notional Rent,PRC DELEGATED CO-COMMISSIONING,DR SMITH A & PARTNERS,22638169,"$4,450.00 "
Department of Health,NHS Canterbury and Coastal CCG,6/30/2018,C&M-GMS Prem Rates,PRC DELEGATED CO-COMMISSIONING,DR SMITH A & PARTNERS,22638169,$852.55 
Department of Health,NHS Canterbury and Coastal CCG,6/30/2018,C&M-GMS Prof Fees Prescribing,PRC DELEGATED CO-COMMISSIONING,DR SMITH A & PARTNERS,22638169,$147.20 
Department of Health,NHS Canterbury and Coastal CCG,6/30/2018,C&M-GMS GP Statutory Levy,PRC DELEGATED CO-COMMISSIONING,NEWTON PLACE SURGERY,22638171,($583.71)
Department of Health,NHS Canterbury and Coastal CCG,6/30/2018,C&M-GMS Voluntary Levy,PRC DELEGATED CO-COMMISSIONING,NEWTON PLACE SURGERY,22638171,($560.42)
Department of Health,NHS Canterbury and Coastal CCG,6/30/2018,ME - GMS GP Prior Year ERs,PRC DELEGATED CO-COMMISSIONING,NEWTON PLACE SURGERY,22638171,"($30,986.07)"
Department of Health,NHS Canterbury and Coastal CCG,6/30/2018,ME-GMS GP Pension EEs,PRC DELEGATED CO-COMMISSIONING,NEWTON PLACE SURGERY,22638171,"($6,777.82)"
Department of Health,NHS Canterbury and Coastal CCG,6/30/2018,ME-GMS GP Pension EEs Adjustments,PRC DELEGATED CO-COMMISSIONING,NEWTON PLACE SURGERY,22638171,"($2,324.31)"
Department of Health,NHS Canterbury and Coastal CCG,6/30/2018,ME-GMS GP Pension ERs Adjustments,PRC DELEGATED CO-COMMISSIONING,NEWTON PLACE SURGERY,22638171,"($10,356.53)"
Department of Health,NHS Canterbury and Coastal CCG,6/30/2018,ME-GMS GP Prior Year EEs,PRC DELEGATED CO-COMMISSIONING,NEWTON PLACE SURGERY,22638171,"($27,235.70)"
Department of Health,NHS Canterbury and Coastal CCG,6/30/2018,C&M-GMS GP Statutory Levy,PRC DELEGATED CO-COMMISSIONING,DR JM RIBCHESTER & PARTNERS,22638174,"($1,315.40)"
Department of Health,NHS Canterbury and Coastal CCG,6/30/2018,C&M-GMS Voluntary Levy,PRC DELEGATED CO-COMMISSIONING,DR JM RIBCHESTER & PARTNERS,22638174,"($1,262.91)"
Department of Health,NHS Canterbury and Coastal CCG,6/30/2018,ME - GMS GP Prior Year ERs,PRC DELEGATED CO-COMMISSIONING,DR JM RIBCHESTER & PARTNERS,22638174,($125.31)
Department of Health,NHS Canterbury and Coastal CCG,6/30/2018,ME - GMS TPS Added Years Adj EEs,PRC DELEGATED CO-COMMISSIONING,DR JM RIBCHESTER & PARTNERS,22638174,"($1,282.03)"
Department of Health,NHS Canterbury and Coastal CCG,6/30/2018,ME-GMS GP Pension EEs,PRC DELEGATED CO-COMMISSIONING,DR JM RIBCHESTER & PARTNERS,22638174,"($18,195.92)"
Department of Health,NHS Canterbury and Coastal CCG,6/30/2018,ME-GMS GP Pension ERs Adjustments,PRC DELEGATED CO-COMMISSIONING,DR JM RIBCHESTER & PARTNERS,22638174,"($18,514.77)"
Department of Health,NHS Canterbury and Coastal CCG,6/30/2018,ME-GMS GP Prior Year EEs,PRC DELEGATED CO-COMMISSIONING,DR JM RIBCHESTER & PARTNERS,22638174,($118.30)
Department of Health,NHS Canterbury and Coastal CCG,6/30/2018,C&M-GMS Global Sum,PRC DELEGATED CO-COMMISSIONING,WILLIAM STREET SURGERY,22638177,"$33,521.63 "
Department of Health,NHS Canterbury and Coastal CCG,6/30/2018,C&M-GMS Other FDR Payment,PRC DELEGATED CO-COMMISSIONING,WILLIAM STREET SURGERY,22638177,"$1,465.43 "
Department of Health,NHS Canterbury and Coastal CCG,6/30/2018,C&M-GMS PCO Seniority,PRC DELEGATED CO-COMMISSIONING,WILLIAM STREET SURGERY,22638177,$801.97 
Department of Health,NHS Canterbury and Coastal CCG,6/30/2018,C&M-GMS Prem Water Rates,PRC DELEGATED CO-COMMISSIONING,WILLIAM STREET SURGERY,22638177,$187.98 
Department of Health,NHS Canterbury and Coastal CCG,6/30/2018,C&M-GMS DES Violent Patients,PRC DELEGATED CO-COMMISSIONING,CANTERBURY MEDICAL PRACTICE,22638179,$800.00 
Department of Health,NHS Canterbury and Coastal CCG,6/30/2018,C&M-GMS Global Sum,PRC DELEGATED CO-COMMISSIONING,CANTERBURY MEDICAL PRACTICE,22638179,"$148,200.16 "
Department of Health,NHS Canterbury and Coastal CCG,6/30/2018,C&M-GMS MPIG Correction Factor,PRC DELEGATED CO-COMMISSIONING,CANTERBURY MEDICAL PRACTICE,22638179,"$2,157.54 "
Department of Health,NHS Canterbury and Coastal CCG,6/30/2018,C&M-GMS PCO Seniority,PRC DELEGATED CO-COMMISSIONING,CANTERBURY MEDICAL PRACTICE,22638179,"$3,130.23 "
Department of Health,NHS Canterbury and Coastal CCG,6/30/2018,C&M-GMS Prem Notional Rent,PRC DELEGATED CO-COMMISSIONING,CANTERBURY MEDICAL PRACTICE,22638179,"$8,662.50 "
Department of Health,NHS Canterbury and Coastal CCG,6/30/2018,C&M-GMS Prem Rates,PRC DELEGATED CO-COMMISSIONING,CANTERBURY MEDICAL PRACTICE,22638179,"$3,368.00 "
Department of Health,NHS Canterbury and Coastal CCG,6/30/2018,ME - GMS GP Prior Year ERs,PRC DELEGATED CO-COMMISSIONING,CANTERBURY MEDICAL PRACTICE,22638179,"$4,606.25 "
Department of Health,NHS Canterbury and Coastal CCG,6/30/2018,ME-GMS GP Pension EEs Adjustments,PRC DELEGATED CO-COMMISSIONING,CANTERBURY MEDICAL PRACTICE,22638179,"$1,161.17 "
Department of Health,NHS Canterbury and Coastal CCG,6/30/2018,ME-GMS GP Pension ERs Adjustments,PRC DELEGATED CO-COMMISSIONING,CANTERBURY MEDICAL PRACTICE,22638179,"$1,151.56 "
Department of Health,NHS Canterbury and Coastal CCG,6/30/2018,ME-GMS GP Prior Year EEs,PRC DELEGATED CO-COMMISSIONING,CANTERBURY MEDICAL PRACTICE,22638179,"$4,644.69 "
Department of Health,NHS Canterbury and Coastal CCG,6/30/2018,C&M-GMS Cost of Drugs -Prescribing,LOCAL ENHANCED SERVICES,BUTCHERY SURGERY,22653793,$919.33 
Department of Health,NHS Canterbury and Coastal CCG,6/30/2018,C&M-GMS DES Minor Surgery,PRC DELEGATED CO-COMMISSIONING,BUTCHERY SURGERY,22653793,"$1,959.41 "
Department of Health,NHS Canterbury and Coastal CCG,6/30/2018,C&M-GMS Global Sum,PRC DELEGATED CO-COMMISSIONING,BUTCHERY SURGERY,22653793,"$33,878.83 "
Department of Health,NHS Canterbury and Coastal CCG,6/30/2018,C&M-GMS LES Referral Management,LOCAL ENHANCED SERVICES,BUTCHERY SURGERY,22653793,"$2,871.81 "
Department of Health,NHS Canterbury and Coastal CCG,6/30/2018,C&M-GMS PCO Seniority,PRC DELEGATED CO-COMMISSIONING,BUTCHERY SURGERY,22653793,"$1,838.69 "
Department of Health,NHS Canterbury and Coastal CCG,6/30/2018,C&M-GMS Prem Actual Rent,PRC DELEGATED CO-COMMISSIONING,BUTCHERY SURGERY,22653793,"$2,104.17 "
Department of Health,NHS Canterbury and Coastal CCG,6/30/2018,C&M-GMS Prem Rates,PRC DELEGATED CO-COMMISSIONING,BUTCHERY SURGERY,22653793,$460.80 
Department of Health,NHS Canterbury and Coastal CCG,6/30/2018,C&M-GMS Prof Fees Prescribing,PRC DELEGATED CO-COMMISSIONING,BUTCHERY SURGERY,22653793,$172.50 
Department of Health,NHS Canterbury and Coastal CCG,6/30/2018,C&M-GMS Cost of Drugs -Prescribing,LOCAL ENHANCED SERVICES,DR JONES G L & PARTNERS,22653794,"$2,050.34 "
Department of Health,NHS Canterbury and Coastal CCG,6/30/2018,C&M-GMS DES Extended Hours Access,PRC DELEGATED CO-COMMISSIONING,DR JONES G L & PARTNERS,22653794,"$4,876.35 "
Department of Health,NHS Canterbury and Coastal CCG,6/30/2018,C&M-GMS Global Sum,PRC DELEGATED CO-COMMISSIONING,DR JONES G L & PARTNERS,22653794,"$72,117.48 "
Department of Health,NHS Canterbury and Coastal CCG,6/30/2018,C&M-GMS LES Referral Management,LOCAL ENHANCED SERVICES,DR JONES G L & PARTNERS,22653794,"$1,744.71 "
Department of Health,NHS Canterbury and Coastal CCG,6/30/2018,C&M-GMS PCO Other,PRC DELEGATED CO-COMMISSIONING,DR JONES G L & PARTNERS,22653794,"$6,367.00 "
Department of Health,NHS Canterbury and Coastal CCG,6/30/2018,C&M-GMS PCO Seniority,PRC DELEGATED CO-COMMISSIONING,DR JONES G L & PARTNERS,22653794,"$3,996.48 "
Department of Health,NHS Canterbury and Coastal CCG,6/30/2018,C&M-GMS Prem Notional Rent,PRC DELEGATED CO-COMMISSIONING,DR JONES G L & PARTNERS,22653794,"$5,750.00 "
Department of Health,NHS Canterbury and Coastal CCG,6/30/2018,C&M-GMS Prem Rates,PRC DELEGATED CO-COMMISSIONING,DR JONES G L & PARTNERS,22653794,"$1,718.40 "
Department of Health,NHS Canterbury and Coastal CCG,6/30/2018,C&M-GMS Prem Water Rates,PRC DELEGATED CO-COMMISSIONING,DR JONES G L & PARTNERS,22653794,$478.07 
Department of Health,NHS Canterbury and Coastal CCG,6/30/2018,C&M-GMS Prof Fees Prescribing,PRC DELEGATED CO-COMMISSIONING,DR JONES G L & PARTNERS,22653794,$151.80 
Department of Health,NHS Canterbury and Coastal CCG,6/30/2018,C&M-GMS Cost of Drugs -Prescribing,LOCAL ENHANCED SERVICES,DR LOGAN L C & PARTNERS,22653795,"$2,804.61 "
Department of Health,NHS Canterbury and Coastal CCG,6/30/2018,C&M-GMS Global Sum,PRC DELEGATED CO-COMMISSIONING,DR LOGAN L C & PARTNERS,22653795,"$96,657.60 "
Department of Health,NHS Canterbury and Coastal CCG,6/30/2018,C&M-GMS LES Referral Management,LOCAL ENHANCED SERVICES,DR LOGAN L C & PARTNERS,22653795,"$2,403.63 "
Department of Health,NHS Canterbury and Coastal CCG,6/30/2018,C&M-GMS MPIG Correction Factor,PRC DELEGATED CO-COMMISSIONING,DR LOGAN L C & PARTNERS,22653795,"$1,102.03 "
Department of Health,NHS Canterbury and Coastal CCG,6/30/2018,C&M-GMS PCO Seniority,PRC DELEGATED CO-COMMISSIONING,DR LOGAN L C & PARTNERS,22653795,"$4,663.86 "
Department of Health,NHS Canterbury and Coastal CCG,6/30/2018,C&M-GMS Prof Fees Prescribing,PRC DELEGATED CO-COMMISSIONING,DR LOGAN L C & PARTNERS,22653795,$308.20 
Department of Health,NHS Canterbury and Coastal CCG,6/30/2018,C&M-GMS Cost of Drugs -Prescribing,LOCAL ENHANCED SERVICES,DR SIMMONDS R & PARTNER,22653796,$348.18 
Department of Health,NHS Canterbury and Coastal CCG,6/30/2018,C&M-GMS DES Extended Hours Access,PRC DELEGATED CO-COMMISSIONING,DR SIMMONDS R & PARTNER,22653796,"$2,714.63 "
Department of Health,NHS Canterbury and Coastal CCG,6/30/2018,C&M-GMS Global Sum,PRC DELEGATED CO-COMMISSIONING,DR SIMMONDS R & PARTNER,22653796,"$33,491.44 "
Department of Health,NHS Canterbury and Coastal CCG,6/30/2018,C&M-GMS LES Referral Management,LOCAL ENHANCED SERVICES,DR SIMMONDS R & PARTNER,22653796,$978.18 
Department of Health,NHS Canterbury and Coastal CCG,6/30/2018,C&M-GMS MPIG Correction Factor,PRC DELEGATED CO-COMMISSIONING,DR SIMMONDS R & PARTNER,22653796,$834.81 
Department of Health,NHS Canterbury and Coastal CCG,6/30/2018,C&M-GMS PCO Seniority,PRC DELEGATED CO-COMMISSIONING,DR SIMMONDS R & PARTNER,22653796,"$2,465.51 "
Department of Health,NHS Canterbury and Coastal CCG,6/30/2018,C&M-GMS Prof Fees Prescribing,PRC DELEGATED CO-COMMISSIONING,DR SIMMONDS R & PARTNER,22653796,$46.00 
Department of Health,NHS Canterbury and Coastal CCG,6/30/2018,C&M-GMS Cost of Drugs -Prescribing,LOCAL ENHANCED SERVICES,MARKET PLACE SURGERY,22653797,"$1,915.31 "
Department of Health,NHS Canterbury and Coastal CCG,6/30/2018,C&M-GMS DES Minor Surgery,PRC DELEGATED CO-COMMISSIONING,MARKET PLACE SURGERY,22653797,$311.71 
Department of Health,NHS Canterbury and Coastal CCG,6/30/2018,C&M-GMS Global Sum,PRC DELEGATED CO-COMMISSIONING,MARKET PLACE SURGERY,22653797,"$67,674.69 "
Department of Health,NHS Canterbury and Coastal CCG,6/30/2018,C&M-GMS LES Referral Management,LOCAL ENHANCED SERVICES,MARKET PLACE SURGERY,22653797,"$1,386.01 "
Department of Health,NHS Canterbury and Coastal CCG,6/30/2018,C&M-GMS PCO Other,PRC DELEGATED CO-COMMISSIONING,MARKET PLACE SURGERY,22653797,"$5,169.00 "
Department of Health,NHS Canterbury and Coastal CCG,6/30/2018,C&M-GMS PCO Seniority,PRC DELEGATED CO-COMMISSIONING,MARKET PLACE SURGERY,22653797,"$1,336.27 "
Department of Health,NHS Canterbury and Coastal CCG,6/30/2018,C&M-GMS Prem Notional Rent,PRC DELEGATED CO-COMMISSIONING,MARKET PLACE SURGERY,22653797,"$7,012.33 "
Department of Health,NHS Canterbury and Coastal CCG,6/30/2018,C&M-GMS Prem Rates,PRC DELEGATED CO-COMMISSIONING,MARKET PLACE SURGERY,22653797,"$1,680.00 "
Department of Health,NHS Canterbury and Coastal CCG,6/30/2018,C&M-GMS Prof Fees Prescribing,PRC DELEGATED CO-COMMISSIONING,MARKET PLACE SURGERY,22653797,$202.40 
Department of Health,NHS Canterbury and Coastal CCG,6/30/2018,C&M-GMS Cost of Drugs -Prescribing,LOCAL ENHANCED SERVICES,NEWTON PLACE SURGERY,22653798,"$6,267.69 "
Department of Health,NHS Canterbury and Coastal CCG,6/30/2018,C&M-GMS DES Extended Hours Access,PRC DELEGATED CO-COMMISSIONING,NEWTON PLACE SURGERY,22653798,"$8,318.68 "
Department of Health,NHS Canterbury and Coastal CCG,6/30/2018,C&M-GMS DES Minor Surgery,PRC DELEGATED CO-COMMISSIONING,NEWTON PLACE SURGERY,22653798,"$4,408.85 "
Department of Health,NHS Canterbury and Coastal CCG,6/30/2018,C&M-GMS Global Sum,PRC DELEGATED CO-COMMISSIONING,NEWTON PLACE SURGERY,22653798,"$115,477.55 "
Department of Health,NHS Canterbury and Coastal CCG,6/30/2018,C&M-GMS LES Referral Management,LOCAL ENHANCED SERVICES,NEWTON PLACE SURGERY,22653798,"$2,942.36 "
Department of Health,NHS Canterbury and Coastal CCG,6/30/2018,C&M-GMS Other FDR Payment,PRC DELEGATED CO-COMMISSIONING,NEWTON PLACE SURGERY,22653798,"$4,756.08 "
Department of Health,NHS Canterbury and Coastal CCG,6/30/2018,C&M-GMS PCO Seniority,PRC DELEGATED CO-COMMISSIONING,NEWTON PLACE SURGERY,22653798,"$4,911.01 "
Department of Health,NHS Canterbury and Coastal CCG,6/30/2018,C&M-GMS Prem Notional Rent,PRC DELEGATED CO-COMMISSIONING,NEWTON PLACE SURGERY,22653798,"$11,725.00 "
Department of Health,NHS Canterbury and Coastal CCG,6/30/2018,C&M-GMS Prem Rates,PRC DELEGATED CO-COMMISSIONING,NEWTON PLACE SURGERY,22653798,"$2,323.00 "
Department of Health,NHS Canterbury and Coastal CCG,6/30/2018,C&M-GMS Prof Fees Prescribing,PRC DELEGATED CO-COMMISSIONING,NEWTON PLACE SURGERY,22653798,$469.20 
Department of Health,NHS Canterbury and Coastal CCG,6/30/2018,C&M-GMS Cost of Drugs -Prescribing,LOCAL ENHANCED SERVICES,ST ANNES GROUP PRACTICE,22653799,"$6,240.63 "
Department of Health,NHS Canterbury and Coastal CCG,6/30/2018,C&M-GMS DES Minor Surgery,PRC DELEGATED CO-COMMISSIONING,ST ANNES GROUP PRACTICE,22653799,"$2,983.61 "
Department of Health,NHS Canterbury and Coastal CCG,6/30/2018,C&M-GMS Global Sum,PRC DELEGATED CO-COMMISSIONING,ST ANNES GROUP PRACTICE,22653799,"$112,378.77 "
Department of Health,NHS Canterbury and Coastal CCG,6/30/2018,C&M-GMS LES Referral Management,LOCAL ENHANCED SERVICES,ST ANNES GROUP PRACTICE,22653799,"$2,445.45 "
Department of Health,NHS Canterbury and Coastal CCG,6/30/2018,C&M-GMS PCO Seniority,PRC DELEGATED CO-COMMISSIONING,ST ANNES GROUP PRACTICE,22653799,"$5,911.22 "
Department of Health,NHS Canterbury and Coastal CCG,6/30/2018,C&M-GMS Prem Notional Rent,PRC DELEGATED CO-COMMISSIONING,ST ANNES GROUP PRACTICE,22653799,"$4,937.92 "
Department of Health,NHS Canterbury and Coastal CCG,6/30/2018,C&M-GMS Prem Rates,PRC DELEGATED CO-COMMISSIONING,ST ANNES GROUP PRACTICE,22653799,"$3,362.36 "
Department of Health,NHS Canterbury and Coastal CCG,6/30/2018,C&M-GMS Prof Fees Prescribing,PRC DELEGATED CO-COMMISSIONING,ST ANNES GROUP PRACTICE,22653799,$853.30 
Department of Health,NHS Canterbury and Coastal CCG,6/30/2018,C&M-GMS Cost of Drugs -Prescribing,LOCAL ENHANCED SERVICES,UNIVERSITY MEDICAL CENTRE CANTERBURY,22653800,"$1,498.39 "
Department of Health,NHS Canterbury and Coastal CCG,6/30/2018,C&M-GMS DES Extended Hours Access,PRC DELEGATED CO-COMMISSIONING,UNIVERSITY MEDICAL CENTRE CANTERBURY,22653800,"$7,996.15 "
Department of Health,NHS Canterbury and Coastal CCG,6/30/2018,C&M-GMS Global Sum,PRC DELEGATED CO-COMMISSIONING,UNIVERSITY MEDICAL CENTRE CANTERBURY,22653800,"$76,019.04 "
Department of Health,NHS Canterbury and Coastal CCG,6/30/2018,C&M-GMS Other FDR Payment,PRC DELEGATED CO-COMMISSIONING,UNIVERSITY MEDICAL CENTRE CANTERBURY,22653800,"$9,445.64 "
Department of Health,NHS Canterbury and Coastal CCG,6/30/2018,C&M-GMS PCO Recruitmt & Retn,PRC DELEGATED CO-COMMISSIONING,UNIVERSITY MEDICAL CENTRE CANTERBURY,22653800,"$1,384.56 "
Department of Health,NHS Canterbury and Coastal CCG,6/30/2018,C&M-GMS PCO Seniority,PRC DELEGATED CO-COMMISSIONING,UNIVERSITY MEDICAL CENTRE CANTERBURY,22653800,"$4,079.41 "
Department of Health,NHS Canterbury and Coastal CCG,6/30/2018,C&M-GMS Prem Rates,PRC DELEGATED CO-COMMISSIONING,UNIVERSITY MEDICAL CENTRE CANTERBURY,22653800,"$2,059.20 "
Department of Health,NHS Canterbury and Coastal CCG,6/30/2018,C&M-GMS Prof Fees Prescribing,PRC DELEGATED CO-COMMISSIONING,UNIVERSITY MEDICAL CENTRE CANTERBURY,22653800,$170.20 
Department of Health,NHS Canterbury and Coastal CCG,6/30/2018,ME - GMS GP Prior Year ERs,PRC DELEGATED CO-COMMISSIONING,UNIVERSITY MEDICAL CENTRE CANTERBURY,22653800,"$4,409.00 "
Department of Health,NHS Canterbury and Coastal CCG,6/30/2018,ME-GMS GP Pension EEs Adjustments,PRC DELEGATED CO-COMMISSIONING,UNIVERSITY MEDICAL CENTRE CANTERBURY,22653800,"$2,272.50 "
Department of Health,NHS Canterbury and Coastal CCG,6/30/2018,ME-GMS GP Pension ERs Adjustments,PRC DELEGATED CO-COMMISSIONING,UNIVERSITY MEDICAL CENTRE CANTERBURY,22653800,"$2,420.63 "
Department of Health,NHS Canterbury and Coastal CCG,6/30/2018,ME-GMS GP Prior Year EEs,PRC DELEGATED CO-COMMISSIONING,UNIVERSITY MEDICAL CENTRE CANTERBURY,22653800,"$4,140.00 "
Department of Health,NHS Canterbury and Coastal CCG,6/30/2018,C&M-GMS Cost of Drugs -Prescribing,LOCAL ENHANCED SERVICES,DR JM RIBCHESTER & PARTNERS,22653801,"$12,716.46 "
Department of Health,NHS Canterbury and Coastal CCG,6/30/2018,C&M-GMS DES Minor Surgery,PRC DELEGATED CO-COMMISSIONING,DR JM RIBCHESTER & PARTNERS,22653801,"$11,890.30 "
Department of Health,NHS Canterbury and Coastal CCG,6/30/2018,C&M-GMS Global Sum,PRC DELEGATED CO-COMMISSIONING,DR JM RIBCHESTER & PARTNERS,22653801,"$287,019.35 "
Department of Health,NHS Canterbury and Coastal CCG,6/30/2018,C&M-GMS LES Referral Management,LOCAL ENHANCED SERVICES,DR JM RIBCHESTER & PARTNERS,22653801,"$6,692.05 "
Department of Health,NHS Canterbury and Coastal CCG,6/30/2018,C&M-GMS Other FDR Payment,PRC DELEGATED CO-COMMISSIONING,DR JM RIBCHESTER & PARTNERS,22653801,"$12,250.77 "
Department of Health,NHS Canterbury and Coastal CCG,6/30/2018,C&M-GMS PCO Other,PRC DELEGATED CO-COMMISSIONING,DR JM RIBCHESTER & PARTNERS,22653801,"$21,409.00 "
Department of Health,NHS Canterbury and Coastal CCG,6/30/2018,C&M-GMS PCO Seniority,PRC DELEGATED CO-COMMISSIONING,DR JM RIBCHESTER & PARTNERS,22653801,"$10,469.01 "
Department of Health,NHS Canterbury and Coastal CCG,6/30/2018,C&M-GMS Prem Notional Rent,PRC DELEGATED CO-COMMISSIONING,DR JM RIBCHESTER & PARTNERS,22653801,"$19,320.83 "
Department of Health,NHS Canterbury and Coastal CCG,6/30/2018,C&M-GMS Prem Rates,PRC DELEGATED CO-COMMISSIONING,DR JM RIBCHESTER & PARTNERS,22653801,$288.00 
Department of Health,NHS Canterbury and Coastal CCG,6/30/2018,C&M-GMS Prof Fees Prescribing,PRC DELEGATED CO-COMMISSIONING,DR JM RIBCHESTER & PARTNERS,22653801,"$1,276.50 "
Department of Health,NHS Canterbury and Coastal CCG,6/30/2018,ME-GMS GP Pension AVCs,PRC DELEGATED CO-COMMISSIONING,DR JM RIBCHESTER & PARTNERS,22653801,$240.16 
Department of Health,NHS Canterbury and Coastal CCG,6/30/2018,ME-GMS GP Pension EEs Adjustments,PRC DELEGATED CO-COMMISSIONING,DR JM RIBCHESTER & PARTNERS,22653801,$686.92 
Department of Health,NHS Canterbury and Coastal CCG,6/30/2018,ME-GMS GP Pension ERs Adjustments,PRC DELEGATED CO-COMMISSIONING,DR JM RIBCHESTER & PARTNERS,22653801,$731.17 
Department of Health,NHS Canterbury and Coastal CCG,6/30/2018,C&M-GMS DES Extended Hours Access,PRC DELEGATED CO-COMMISSIONING,NORTHGATE MEDICAL PRACTICE,22653802,"$9,614.95 "
Department of Health,NHS Canterbury and Coastal CCG,6/30/2018,C&M-GMS Global Sum,PRC DELEGATED CO-COMMISSIONING,NORTHGATE MEDICAL PRACTICE,22653802,"$138,706.04 "
Department of Health,NHS Canterbury and Coastal CCG,6/30/2018,C&M-GMS MPIG Correction Factor,PRC DELEGATED CO-COMMISSIONING,NORTHGATE MEDICAL PRACTICE,22653802,$227.83 
Department of Health,NHS Canterbury and Coastal CCG,6/30/2018,C&M-GMS PCO Other,PRC DELEGATED CO-COMMISSIONING,NORTHGATE MEDICAL PRACTICE,22653802,"$12,035.00 "
Department of Health,NHS Canterbury and Coastal CCG,6/30/2018,C&M-GMS PCO Seniority,PRC DELEGATED CO-COMMISSIONING,NORTHGATE MEDICAL PRACTICE,22653802,"$6,746.18 "
Department of Health,NHS Canterbury and Coastal CCG,6/30/2018,C&M-GMS Prem Actual Rent,PRC DELEGATED CO-COMMISSIONING,NORTHGATE MEDICAL PRACTICE,22653802,"$16,858.33 "
Department of Health,NHS Canterbury and Coastal CCG,6/30/2018,C&M-GMS Prem Rates,PRC DELEGATED CO-COMMISSIONING,NORTHGATE MEDICAL PRACTICE,22653802,"$2,624.64 "
Department of Health,NHS Canterbury and Coastal CCG,6/30/2018,C&M-GMS Prem Water Rates,PRC DELEGATED CO-COMMISSIONING,NORTHGATE MEDICAL PRACTICE,22653802,$46.78 
Department of Health,NHS Canterbury and Coastal CCG,6/30/2018,C&M-GMS LES 24 Hour ABPM,LOCAL ENHANCED SERVICES,WHITSTABLE MEDICAL PRACTICE,22655866,"$3,152.16 "
Department of Health,NHS Canterbury and Coastal CCG,6/30/2018,C&M-GMS LES Diabetes-Insulin (GTT),LOCAL ENHANCED SERVICES,WHITSTABLE MEDICAL PRACTICE,22655866,$161.34 
Department of Health,NHS Canterbury and Coastal CCG,6/30/2018,C&M-GMS LES GP Triage,LOCAL ENHANCED SERVICES,WHITSTABLE MEDICAL PRACTICE,22655866,"$9,568.80 "
Department of Health,NHS Canterbury and Coastal CCG,6/30/2018,C&M-GMS LES GTT Test,LOCAL ENHANCED SERVICES,WHITSTABLE MEDICAL PRACTICE,22655866,$91.35 
Department of Health,NHS Canterbury and Coastal CCG,6/30/2018,C&M-GMS LES Phlebotomy,LOCAL ENHANCED SERVICES,WHITSTABLE MEDICAL PRACTICE,22655866,"$5,602.80 "
Department of Health,NHS Canterbury and Coastal CCG,6/30/2018,C&M-GMS LES Tissue Viability,LOCAL ENHANCED SERVICES,WHITSTABLE MEDICAL PRACTICE,22655866,"$3,374.64 "
Department of Health,NHS Canterbury and Coastal CCG,6/30/2018,C&M-GMS LES Treatment Room,LOCAL ENHANCED SERVICES,WHITSTABLE MEDICAL PRACTICE,22655866,"$4,891.48 "
Department of Health,NHS Canterbury and Coastal CCG,6/30/2018,C&M-GMS LES Urgent Care,LOCAL ENHANCED SERVICES,WHITSTABLE MEDICAL PRACTICE,22655866,"$1,427.38 "
Department of Health,NHS Canterbury and Coastal CCG,6/30/2018,Clinical&Medical-Othe Public Sector,COMMUNITY SERVICES,KENT COUNTY COUNCIL (EXCH SEC MAIDSTONE),22690112,"$151,140.00 "
Department of Health,NHS Canterbury and Coastal CCG,6/30/2018,Clinical&Medical-Serv Recd-F Trsts,PLANNED CARE,EAST KENT MEDICAL SERVICES LTD T/A THE SPENCER WING,22690138,"$106,497.04 "
Department of Health,NHS Canterbury and Coastal CCG,6/30/2018,Hcare Srv Rec Fdtn Trust-Contract Baseline,MENTAL HEALTH SERVICES - SPECIALIST SERVICES,NORTH EAST LONDON NHS FOUNDATION TRUST,22690145,"$28,612.00 "
Department of Health,NHS Canterbury and Coastal CCG,6/30/2018,Hcare Srv Rec Fdtn Trust-Contract Baseline,ACUTE COMMISSIONING,EAST KENT HOSPITALS UNIVERSITY NHS FOUNDATION TRUST,22690214,"$8,046,938.70 "
Department of Health,NHS Canterbury and Coastal CCG,6/30/2018,Clinical&Medical-Independent Sector,NCAS/OATS,NHS ASHFORD CCG,22731190,"$76,050.00 "
Department of Health,NHS Canterbury and Coastal CCG,6/30/2018,Hcare Srv Rec Fdtn Trust-Contract Baseline,COMMUNITY SERVICES,KENT COMMUNITY HEALTH NHS FOUNDATION TRUST,22731212,"$42,709.36 "
Department of Health,NHS Canterbury and Coastal CCG,6/30/2018,Clinical&Medical-Commercial Sector,IMPROVING ACCESS TO PSYCHOLOGICAL THERAPIES,PSICON LTD,22731307,"$35,700.00 "
Department of Health,NHS Canterbury and Coastal CCG,6/30/2018,Clinical&Medical-Commercial Sector,COMMUNITY SERVICES,NOTTINGHAM REHAB LTD,22731454,"$89,129.65 "
Department of Health,NHS Canterbury and Coastal CCG,6/30/2018,Hcare Srv Rec Fdtn Trust-Contract Baseline,ACUTE COMMISSIONING,GUYS & ST THOMAS HOSPITAL NHS FOUNDATION TRUST,22731549,"$197,779.00 "
Department of Health,NHS Canterbury and Coastal CCG,6/30/2018,Charges from CSU,CONTINUING HEALTHCARE ASSESSMENT & SUPPORT,NHS NEL CSU,22746023,"$44,305.53 "
Department of Health,NHS Canterbury and Coastal CCG,6/30/2018,Charges from CSU,CORPORATE COSTS & SERVICES,NHS NEL CSU,22746023,"$35,936.64 "
Department of Health,NHS Canterbury and Coastal CCG,6/30/2018,Office Equipment,PRIMARY CARE IT,NHS NEL CSU,22746023,"$32,161.20 "
Department of Health,NHS Canterbury and Coastal CCG,6/30/2018,Cont Care-Learning Disab(<65),CHC ADULT FULLY FUNDED,ACTION ON HEARING LOSS,22746042,"$28,813.26 "
Department of Health,NHS Canterbury and Coastal CCG,6/30/2018,Continuing Care- Equipment,CHC ADULT FULLY FUNDED,ACTION ON HEARING LOSS,22746042,"$1,550.00 "
Department of Health,NHS Canterbury and Coastal CCG,6/30/2018,C&M-GMS Cost of Drugs -Dispensing,LOCAL ENHANCED SERVICES,DR KINNERSLEY D S & PARTNER,22752032,"($56,952.62)"
Department of Health,NHS Canterbury and Coastal CCG,6/30/2018,C&M-GMS PrscChrgsCll&RmttdbyGPCntra,PRC DELEGATED CO-COMMISSIONING,DR KINNERSLEY D S & PARTNER,22752032,"($3,335.20)"
Department of Health,NHS Canterbury and Coastal CCG,6/30/2018,C&M-GMS Cost of Drugs -Dispensing,LOCAL ENHANCED SERVICES,DR KINNERSLEY D S & PARTNER,22752033,"$109,368.59 "
Department of Health,NHS Canterbury and Coastal CCG,6/30/2018,C&M-GMS Prof Fees Dispensing,PRC DELEGATED CO-COMMISSIONING,DR KINNERSLEY D S & PARTNER,22752033,"$21,269.55 "
Department of Health,NHS Canterbury and Coastal CCG,6/30/2018,C&M-GMS PrscrptnChrgsColl&RmttdbyGP,LOCAL ENHANCED SERVICES,DR KINNERSLEY D S & PARTNER,22752033,"$3,335.20 "
Department of Health,NHS Canterbury and Coastal CCG,6/30/2018,C&M-GMS Cost of Drugs -Dispensing,LOCAL ENHANCED SERVICES,NORTHGATE MEDICAL PRACTICE,22752037,"$48,611.39 "
Department of Health,NHS Canterbury and Coastal CCG,6/30/2018,C&M-GMS Prof Fees Dispensing,PRC DELEGATED CO-COMMISSIONING,NORTHGATE MEDICAL PRACTICE,22752037,"$7,694.98 "
Department of Health,NHS Canterbury and Coastal CCG,6/30/2018,C&M-GMS PrscrptnChrgsColl&RmttdbyGP,LOCAL ENHANCED SERVICES,NORTHGATE MEDICAL PRACTICE,22752037,"$1,716.00 "
Department of Health,NHS Canterbury and Coastal CCG,6/30/2018,C&M-GMS Cost of Drugs -Dispensing,LOCAL ENHANCED SERVICES,CANTERBURY MEDICAL PRACTICE,22752040,"($32,694.50)"
Department of Health,NHS Canterbury and Coastal CCG,6/30/2018,C&M-GMS PrscChrgsCll&RmttdbyGPCntra,PRC DELEGATED CO-COMMISSIONING,CANTERBURY MEDICAL PRACTICE,22752040,"($1,371.80)"
Department of Health,NHS Canterbury and Coastal CCG,6/30/2018,C&M-GMS Cost of Drugs -Dispensing,LOCAL ENHANCED SERVICES,CANTERBURY MEDICAL PRACTICE,22752041,"$61,523.90 "
Department of Health,NHS Canterbury and Coastal CCG,6/30/2018,C&M-GMS Prof Fees Dispensing,PRC DELEGATED CO-COMMISSIONING,CANTERBURY MEDICAL PRACTICE,22752041,"$10,078.57 "
Department of Health,NHS Canterbury and Coastal CCG,6/30/2018,C&M-GMS PrscrptnChrgsColl&RmttdbyGP,LOCAL ENHANCED SERVICES,CANTERBURY MEDICAL PRACTICE,22752041,"$1,371.80 "
Department of Health,NHS Canterbury and Coastal CCG,6/30/2018,External Consultancy Fees,CORPORATE COSTS & SERVICES,2020 DELIVERY LTD,22785562,"$35,037.17 "
Department of Health,NHS Canterbury and Coastal CCG,6/30/2018,Hlthcre-Foundation Trsts,COMMUNITY SERVICES,KENT COMMUNITY HEALTH NHS FOUNDATION TRUST,22828107,"$38,123.52 "
Department of Health,NHS Canterbury and Coastal CCG,6/30/2018,Clinical&Medical-Commercial Sector,URGENT CARE,FAVERSHAM MEDICAL PRACTICE,22828119,"$47,310.00 "
Department of Health,NHS Canterbury and Coastal CCG,6/30/2018,Clinical&Medical-Commercial Sector,PLANNED CARE,DR RG SIGURDSSON & PARTNERS,22828120,"$26,566.50 "
Department of Health,NHS Canterbury and Coastal CCG,6/30/2018,Hlthcre-Foundation Trsts,PLANNED CARE,KENT COMMUNITY HEALTH NHS FOUNDATION TRUST,22828131,"$31,563.00 "
Department of Health,NHS Canterbury and Coastal CCG,6/30/2018,Clinical&Medical-Commercial Sector,NCAS/OATS,HERNE BAY INTEGRATED CARE LTD,22828132,"$29,526.00 "
Department of Health,NHS Canterbury and Coastal CCG,6/30/2018,Clinical&Medical-Othe Public Sector,INTERMEDIATE CARE,KENT COUNTY COUNCIL (EXCH SEC MAIDSTONE),22828138,"$1,092,119.00 "
Department of Health,NHS Canterbury and Coastal CCG,6/30/2018,Hcare Srv Rec Fdtn Trust-Contract Baseline,ACUTE COMMISSIONING,KING`S COLLEGE HOSPITAL NHS FOUNDATION TRUST,22828158,"$221,451.00 "
Department of Health,NHS Canterbury and Coastal CCG,6/30/2018,Hcare Srv Rec NHS Trust-Contract Baseline,ACUTE COMMISSIONING,MAIDSTONE AND TUNBRIDGE WELLS NHS TRUST,22828159,"$38,233.00 "
Department of Health,NHS Canterbury and Coastal CCG,6/30/2018,Clinical&Medical-Independent Sector,NCAS/OATS,KENT INSTITUTE OF MEDICINE & SURGERY,22828396,"$43,933.26 "
Department of Health,NHS Canterbury and Coastal CCG,6/30/2018,Rail Travel,CHAIR AND NON EXECS,CARNALL FARRAR LTD,22829827,"$187,780.00 "
Department of Health,NHS Canterbury and Coastal CCG,6/30/2018,C&M-GMS QOF Aspiration,PRC DELEGATED CO-COMMISSIONING,DR JM RIBCHESTER & PARTNERS,22851064,"$32,512.88 "
,,,,,,,
