"Spend over �25,000 - Publication 01/09/2018 to 30/09/2018",,,,,,,
,,,,,,,
Department family,Entity,Date,Expense Type,Expense area,Supplier,Transaction number,AP Amount (�)
Department of Health,NHS Canterbury and Coastal CCG,9/30/2018,Hlthcre-Foundation Trsts,PLANNED CARE,KENT COMMUNITY HEALTH NHS FOUNDATION TRUST,23757759,"$30,519.84 "
Department of Health,NHS Canterbury and Coastal CCG,9/30/2018,Hlthcre-Foundation Trsts,PLANNED CARE,KENT COMMUNITY HEALTH NHS FOUNDATION TRUST,23757773,"$28,897.68 "
Department of Health,NHS Canterbury and Coastal CCG,9/30/2018,Clinical&Medical-Commercial Sector,COMMUNITY SERVICES,NOTTINGHAM REHAB LTD,23757776,"$114,977.04 "
Department of Health,NHS Canterbury and Coastal CCG,9/30/2018,Clinical&Medical-Commercial Sector,URGENT CARE,FAVERSHAM MEDICAL PRACTICE,23757785,"$44,403.00 "
Department of Health,NHS Canterbury and Coastal CCG,9/30/2018,Cont Care- Palliative Care,CHC ADULT FULLY FUNDED,LARCHWOOD CARE HOMES (SOUTH) LTD,23757786,"$15,158.35 "
Department of Health,NHS Canterbury and Coastal CCG,9/30/2018,Cont Care-Mental Health (65+),CHC ADULT FULLY FUNDED,LARCHWOOD CARE HOMES (SOUTH) LTD,23757786,"$3,303.84 "
Department of Health,NHS Canterbury and Coastal CCG,9/30/2018,Cont Care-Physical Disab (65+),CHC ADULT FULLY FUNDED,LARCHWOOD CARE HOMES (SOUTH) LTD,23757786,"$18,151.78 "
Department of Health,NHS Canterbury and Coastal CCG,9/30/2018,Cont Care-Physical Disab (<65),CHC ADULT FULLY FUNDED,LARCHWOOD CARE HOMES (SOUTH) LTD,23757786,"$3,700.07 "
Department of Health,NHS Canterbury and Coastal CCG,9/30/2018,Clinical&Medical-Commercial Sector,PLANNED CARE,CANTERBURY MEDICAL PRACTICE,23757788,"$28,429.50 "
Department of Health,NHS Canterbury and Coastal CCG,9/30/2018,Hlthcre-Foundation Trsts,PLANNED CARE,KENT COMMUNITY HEALTH NHS FOUNDATION TRUST,23757801,"$27,459.81 "
Department of Health,NHS Canterbury and Coastal CCG,9/30/2018,Clinical&Medical-Independent Sector,PLANNED CARE,BMI HEALTHCARE COLLECTIONS,23757818,"$143,973.78 "
Department of Health,NHS Canterbury and Coastal CCG,9/30/2018,Hcare Srv Rec Fdtn Trust-Non Contract,NCAS/OATS,ROYAL MARSDEN NHS FOUNDATION TRUST (THE),23757819,"$25,027.00 "
Department of Health,NHS Canterbury and Coastal CCG,9/30/2018,Clinical&Medical-Commercial Sector,MENTAL HEALTH SERVICES - ADULTS,TURNING POINT (SERVICES) LTD,23757823,"$62,500.00 "
Department of Health,NHS Canterbury and Coastal CCG,9/30/2018,Hcare Srv Rec Fdtn Trust-Contract Baseline,COMMUNITY SERVICES,KENT COMMUNITY HEALTH NHS FOUNDATION TRUST,23757887,"$2,101,431.00 "
Department of Health,NHS Canterbury and Coastal CCG,9/30/2018,Clinical&Medical-Commercial Sector,URGENT CARE,WHITSTABLE MEDICAL PRACTICE,23757906,"$142,538.00 "
Department of Health,NHS Canterbury and Coastal CCG,9/30/2018,Hcare Srv Rec Fdtn Trust-Contract Baseline,ACUTE COMMISSIONING,MEDWAY NHS FOUNDATION TRUST,23757942,"$69,306.92 "
Department of Health,NHS Canterbury and Coastal CCG,9/30/2018,Hcare Srv Rec NHS Trust-Contract Baseline,MENTAL HEALTH CONTRACTS,KENT AND MEDWAY NHS AND SOCIALCARE PARTNERSHIP TRUST,23757949,"$1,553,414.00 "
Department of Health,NHS Canterbury and Coastal CCG,9/30/2018,Clinical&Medical-Commercial Sector,PLANNED CARE,CANTERBURY MEDICAL PRACTICE,23764273,"$25,409.00 "
Department of Health,NHS Canterbury and Coastal CCG,9/30/2018,Clinical&Medical-Commercial Sector,PLANNED CARE,ST ANNES GROUP PRACTICE,23764274,"$47,309.75 "
Department of Health,NHS Canterbury and Coastal CCG,9/30/2018,Clinical&Medical-Commercial Sector,IMPROVING ACCESS TO PSYCHOLOGICAL THERAPIES,UNIVERSITY MEDICAL CENTRE CANTERBURY,23764275,"$85,920.00 "
Department of Health,NHS Canterbury and Coastal CCG,9/30/2018,Clinical&Medical-Commercial Sector,WINTER PRESSURES,BRITISH RED CROSS SOCIETY,23792889,"$49,790.00 "
Department of Health,NHS Canterbury and Coastal CCG,9/30/2018,Hcare Srv Rec Fdtn Trust-Contract Baseline,AMBULANCE SERVICES,SOUTH EAST COAST AMBULANCE SERVICE NHS FOUNDATION TRUST,23797088,"$697,171.54 "
Department of Health,NHS Canterbury and Coastal CCG,9/30/2018,Hcare Srv Rec NHS Trust-Contract Baseline,ACUTE COMMISSIONING,ROYAL NATIONAL ORTHOPAEDIC HOSPITAL NHS TRUST,23797090,"$27,165.00 "
Department of Health,NHS Canterbury and Coastal CCG,9/30/2018,Charges from CSU,CONTINUING HEALTHCARE ASSESSMENT & SUPPORT,NHS NEL CSU,23797091,"$49,547.53 "
Department of Health,NHS Canterbury and Coastal CCG,9/30/2018,Charges from CSU,CORPORATE COSTS & SERVICES,NHS NEL CSU,23797091,"$30,694.64 "
Department of Health,NHS Canterbury and Coastal CCG,9/30/2018,Office Equipment,PRIMARY CARE IT,NHS NEL CSU,23797091,"$32,161.20 "
Department of Health,NHS Canterbury and Coastal CCG,9/30/2018,Hcare Srv Rec Fdtn Trust-Contract Baseline,ACUTE COMMISSIONING,QUEEN VICTORIA HOSPITAL NHS FOUNDATION TRUST,23797103,"$53,892.00 "
Department of Health,NHS Canterbury and Coastal CCG,9/30/2018,Cont Care-Learning Disab(<65),CHC ADULT FULLY FUNDED,ACTION ON HEARING LOSS,23797111,"$28,813.26 "
Department of Health,NHS Canterbury and Coastal CCG,9/30/2018,Continuing Care- Equipment,CHC ADULT FULLY FUNDED,ACTION ON HEARING LOSS,23797111,"$1,550.00 "
Department of Health,NHS Canterbury and Coastal CCG,9/30/2018,Hcare Srv Rec Fdtn Trust-Contract Baseline,COMMUNITY SERVICES,KENT COMMUNITY HEALTH NHS FOUNDATION TRUST,23797128,"($274,065.00)"
Department of Health,NHS Canterbury and Coastal CCG,9/30/2018,Clinical&Medical-Serv Recd-F Trsts,PLANNED CARE,EAST KENT MEDICAL SERVICES LTD T/A THE SPENCER WING,23797135,"$106,497.04 "
Department of Health,NHS Canterbury and Coastal CCG,9/30/2018,Hcare Srv Rec Fdtn Trust-Contract Baseline,MENTAL HEALTH SERVICES - SPECIALIST SERVICES,NORTH EAST LONDON NHS FOUNDATION TRUST,23797136,"$28,291.00 "
Department of Health,NHS Canterbury and Coastal CCG,9/30/2018,Legal / Prof Fees,CORPORATE COSTS & SERVICES,OPTUM HEALTH SOLUTIONS (UK) LTD,23797138,"$57,069.90 "
Department of Health,NHS Canterbury and Coastal CCG,9/30/2018,Clinical&Medical-Voluntary Sector,HOSPICES,PILGRIMS HOSPICES IN EAST KENT,23797139,"$67,742.86 "
Department of Health,NHS Canterbury and Coastal CCG,9/30/2018,Hcare Srv Rec Fdtn Trust-Contract Baseline,CHILD AND ADOLESCENT MENTAL HEALTH,NORTH EAST LONDON NHS FOUNDATION TRUST,23797140,"$191,105.00 "
Department of Health,NHS Canterbury and Coastal CCG,9/30/2018,Hcare Srv Rec Fdtn Trust-Contract Baseline,ACUTE COMMISSIONING,UNIVERSITY COLLEGE LONDON HOSPITALS NHS FOUNDATION TRUST,23833917,"$70,347.00 "
Department of Health,NHS Canterbury and Coastal CCG,9/30/2018,Clinical&Medical-Commercial Sector,NHS 111,INTEGRATED CARE 24 LTD,23883774,"$79,692.20 "
Department of Health,NHS Canterbury and Coastal CCG,9/30/2018,Clinical&Medical-Commercial Sector,OUT OF HOURS,INTEGRATED CARE 24 LTD,23883774,"$157,172.58 "
Department of Health,NHS Canterbury and Coastal CCG,9/30/2018,Clinical&Medical-Commercial Sector,PATIENT TRANSPORT,G4S HEALTH SERVICES UK LTD,23885416,"$155,359.97 "
Department of Health,NHS Canterbury and Coastal CCG,9/30/2018,Apprenticeship Levy Payable,BALANCE SHEET,HMRC,23897443,$89.00 
Department of Health,NHS Canterbury and Coastal CCG,9/30/2018,Income tax <1Yr,BALANCE SHEET,HMRC,23897443,"$46,335.60 "
Department of Health,NHS Canterbury and Coastal CCG,9/30/2018,Income tax <1Yr-Student Loans,BALANCE SHEET,HMRC,23897443,$613.00 
Department of Health,NHS Canterbury and Coastal CCG,9/30/2018,National Insurance < 1 yr-NI- ERS,BALANCE SHEET,HMRC,23897443,"$31,162.94 "
Department of Health,NHS Canterbury and Coastal CCG,9/30/2018,National Insurance < 1 yr-NI-EES,BALANCE SHEET,HMRC,23897443,"$21,131.14 "
Department of Health,NHS Canterbury and Coastal CCG,9/30/2018,C&M-GMS Cost of Drugs -Prescribing,LOCAL ENHANCED SERVICES,BUTCHERY SURGERY,23899703,$329.94 
Department of Health,NHS Canterbury and Coastal CCG,9/30/2018,C&M-GMS DES Minor Surgery,PRC DELEGATED CO-COMMISSIONING,BUTCHERY SURGERY,23899703,$578.91 
Department of Health,NHS Canterbury and Coastal CCG,9/30/2018,C&M-GMS Global Sum,PRC DELEGATED CO-COMMISSIONING,BUTCHERY SURGERY,23899703,"$33,866.66 "
Department of Health,NHS Canterbury and Coastal CCG,9/30/2018,C&M-GMS PCO Seniority,PRC DELEGATED CO-COMMISSIONING,BUTCHERY SURGERY,23899703,"$1,877.33 "
Department of Health,NHS Canterbury and Coastal CCG,9/30/2018,C&M-GMS Prem Actual Rent,PRC DELEGATED CO-COMMISSIONING,BUTCHERY SURGERY,23899703,"$2,104.17 "
Department of Health,NHS Canterbury and Coastal CCG,9/30/2018,C&M-GMS Prem Rates,PRC DELEGATED CO-COMMISSIONING,BUTCHERY SURGERY,23899703,$576.00 
Department of Health,NHS Canterbury and Coastal CCG,9/30/2018,C&M-GMS Prof Fees Prescribing,PRC DELEGATED CO-COMMISSIONING,BUTCHERY SURGERY,23899703,$115.00 
Department of Health,NHS Canterbury and Coastal CCG,9/30/2018,ME - GMS GP Prior Year ERs,PRC DELEGATED CO-COMMISSIONING,BUTCHERY SURGERY,23899703,$12.08 
Department of Health,NHS Canterbury and Coastal CCG,9/30/2018,ME-GMS GP Prior Year EEs,PRC DELEGATED CO-COMMISSIONING,BUTCHERY SURGERY,23899703,$39.14 
Department of Health,NHS Canterbury and Coastal CCG,9/30/2018,C&M-GMS Global Sum,PRC DELEGATED CO-COMMISSIONING,DR KINNERSLEY D S & PARTNER,23899706,"$40,520.35 "
Department of Health,NHS Canterbury and Coastal CCG,9/30/2018,C&M-GMS MPIG Correction Factor,PRC DELEGATED CO-COMMISSIONING,DR KINNERSLEY D S & PARTNER,23899706,$832.14 
Department of Health,NHS Canterbury and Coastal CCG,9/30/2018,C&M-GMS PCO Seniority,PRC DELEGATED CO-COMMISSIONING,DR KINNERSLEY D S & PARTNER,23899706,"$1,287.48 "
Department of Health,NHS Canterbury and Coastal CCG,9/30/2018,C&M-GMS Prem Notional Rent,PRC DELEGATED CO-COMMISSIONING,DR KINNERSLEY D S & PARTNER,23899706,"$2,291.67 "
Department of Health,NHS Canterbury and Coastal CCG,9/30/2018,C&M-GMS Cost of Drugs -Prescribing,LOCAL ENHANCED SERVICES,DR LOGAN L C & PARTNERS,23899708,"$2,775.72 "
Department of Health,NHS Canterbury and Coastal CCG,9/30/2018,C&M-GMS DES Minor Surgery,PRC DELEGATED CO-COMMISSIONING,DR LOGAN L C & PARTNERS,23899708,$623.42 
Department of Health,NHS Canterbury and Coastal CCG,9/30/2018,C&M-GMS Global Sum,PRC DELEGATED CO-COMMISSIONING,DR LOGAN L C & PARTNERS,23899708,"$95,869.58 "
Department of Health,NHS Canterbury and Coastal CCG,9/30/2018,C&M-GMS MPIG Correction Factor,PRC DELEGATED CO-COMMISSIONING,DR LOGAN L C & PARTNERS,23899708,"$1,102.03 "
Department of Health,NHS Canterbury and Coastal CCG,9/30/2018,C&M-GMS PCO Seniority,PRC DELEGATED CO-COMMISSIONING,DR LOGAN L C & PARTNERS,23899708,"$4,751.60 "
Department of Health,NHS Canterbury and Coastal CCG,9/30/2018,C&M-GMS Prof Fees Prescribing,PRC DELEGATED CO-COMMISSIONING,DR LOGAN L C & PARTNERS,23899708,$338.10 
Department of Health,NHS Canterbury and Coastal CCG,9/30/2018,C&M-GMS Global Sum,PRC DELEGATED CO-COMMISSIONING,DR MOLONY J P & PARTNERS,23899710,"$109,421.14 "
Department of Health,NHS Canterbury and Coastal CCG,9/30/2018,C&M-GMS Other FDR Payment,PRC DELEGATED CO-COMMISSIONING,DR MOLONY J P & PARTNERS,23899710,"$4,874.82 "
Department of Health,NHS Canterbury and Coastal CCG,9/30/2018,C&M-GMS PCO Seniority,PRC DELEGATED CO-COMMISSIONING,DR MOLONY J P & PARTNERS,23899710,"$2,318.28 "
Department of Health,NHS Canterbury and Coastal CCG,9/30/2018,C&M-GMS Prem Rates,PRC DELEGATED CO-COMMISSIONING,DR MOLONY J P & PARTNERS,23899710,"$1,143.00 "
Department of Health,NHS Canterbury and Coastal CCG,9/30/2018,ME - GMS GP Prior Year ERs,PRC DELEGATED CO-COMMISSIONING,DR MOLONY J P & PARTNERS,23899710,"$10,667.56 "
Department of Health,NHS Canterbury and Coastal CCG,9/30/2018,ME-GMS GP Prior Year EEs,PRC DELEGATED CO-COMMISSIONING,DR MOLONY J P & PARTNERS,23899710,"$9,287.74 "
Department of Health,NHS Canterbury and Coastal CCG,9/30/2018,C&M-GMS Cost of Drugs -Prescribing,LOCAL ENHANCED SERVICES,DR RG SIGURDSSON & PARTNERS,23899712,"$5,392.89 "
Department of Health,NHS Canterbury and Coastal CCG,9/30/2018,C&M-GMS DES Minor Surgery,PRC DELEGATED CO-COMMISSIONING,DR RG SIGURDSSON & PARTNERS,23899712,"$2,627.29 "
Department of Health,NHS Canterbury and Coastal CCG,9/30/2018,C&M-GMS Global Sum,PRC DELEGATED CO-COMMISSIONING,DR RG SIGURDSSON & PARTNERS,23899712,"$157,272.36 "
Department of Health,NHS Canterbury and Coastal CCG,9/30/2018,C&M-GMS Other FDR Payment,PRC DELEGATED CO-COMMISSIONING,DR RG SIGURDSSON & PARTNERS,23899712,"$5,013.06 "
Department of Health,NHS Canterbury and Coastal CCG,9/30/2018,C&M-GMS PCO Seniority,PRC DELEGATED CO-COMMISSIONING,DR RG SIGURDSSON & PARTNERS,23899712,"$3,811.16 "
Department of Health,NHS Canterbury and Coastal CCG,9/30/2018,C&M-GMS Prem Actual Rent,PRC DELEGATED CO-COMMISSIONING,DR RG SIGURDSSON & PARTNERS,23899712,"$46,466.00 "
Department of Health,NHS Canterbury and Coastal CCG,9/30/2018,C&M-GMS Prem Rates,PRC DELEGATED CO-COMMISSIONING,DR RG SIGURDSSON & PARTNERS,23899712,"$26,535.48 "
Department of Health,NHS Canterbury and Coastal CCG,9/30/2018,C&M-GMS Prof Fees Prescribing,PRC DELEGATED CO-COMMISSIONING,DR RG SIGURDSSON & PARTNERS,23899712,$653.20 
Department of Health,NHS Canterbury and Coastal CCG,9/30/2018,ME - GMS GP Prior Year ERs,PRC DELEGATED CO-COMMISSIONING,DR RG SIGURDSSON & PARTNERS,23899712,"$7,190.00 "
Department of Health,NHS Canterbury and Coastal CCG,9/30/2018,ME-GMS GP Prior Year EEs,PRC DELEGATED CO-COMMISSIONING,DR RG SIGURDSSON & PARTNERS,23899712,"$7,250.00 "
Department of Health,NHS Canterbury and Coastal CCG,9/30/2018,C&M-GMS Cost of Drugs -Prescribing,LOCAL ENHANCED SERVICES,DR SIMMONDS R & PARTNER,23899714,$75.36 
Department of Health,NHS Canterbury and Coastal CCG,9/30/2018,C&M-GMS DES Minor Surgery,PRC DELEGATED CO-COMMISSIONING,DR SIMMONDS R & PARTNER,23899714,$178.13 
Department of Health,NHS Canterbury and Coastal CCG,9/30/2018,C&M-GMS Global Sum,PRC DELEGATED CO-COMMISSIONING,DR SIMMONDS R & PARTNER,23899714,"$33,363.78 "
Department of Health,NHS Canterbury and Coastal CCG,9/30/2018,C&M-GMS MPIG Correction Factor,PRC DELEGATED CO-COMMISSIONING,DR SIMMONDS R & PARTNER,23899714,$834.81 
Department of Health,NHS Canterbury and Coastal CCG,9/30/2018,C&M-GMS PCO Seniority,PRC DELEGATED CO-COMMISSIONING,DR SIMMONDS R & PARTNER,23899714,"$2,516.26 "
Department of Health,NHS Canterbury and Coastal CCG,9/30/2018,C&M-GMS Prof Fees Prescribing,PRC DELEGATED CO-COMMISSIONING,DR SIMMONDS R & PARTNER,23899714,$41.40 
Department of Health,NHS Canterbury and Coastal CCG,9/30/2018,C&M-GMS Cost of Drugs -Prescribing,LOCAL ENHANCED SERVICES,DR SMITH A & PARTNERS,23899716,"$1,514.15 "
Department of Health,NHS Canterbury and Coastal CCG,9/30/2018,C&M-GMS Global Sum,PRC DELEGATED CO-COMMISSIONING,DR SMITH A & PARTNERS,23899716,"$39,178.30 "
Department of Health,NHS Canterbury and Coastal CCG,9/30/2018,C&M-GMS PCO Seniority,PRC DELEGATED CO-COMMISSIONING,DR SMITH A & PARTNERS,23899716,"$2,236.45 "
Department of Health,NHS Canterbury and Coastal CCG,9/30/2018,C&M-GMS Prem Notional Rent,PRC DELEGATED CO-COMMISSIONING,DR SMITH A & PARTNERS,23899716,"$4,450.00 "
Department of Health,NHS Canterbury and Coastal CCG,9/30/2018,C&M-GMS Prem Rates,PRC DELEGATED CO-COMMISSIONING,DR SMITH A & PARTNERS,23899716,"$1,042.00 "
Department of Health,NHS Canterbury and Coastal CCG,9/30/2018,C&M-GMS Prof Fees Prescribing,PRC DELEGATED CO-COMMISSIONING,DR SMITH A & PARTNERS,23899716,$92.00 
Department of Health,NHS Canterbury and Coastal CCG,9/30/2018,C&M-GMS Cost of Drugs -Prescribing,LOCAL ENHANCED SERVICES,MARKET PLACE SURGERY,23899718,"$2,199.39 "
Department of Health,NHS Canterbury and Coastal CCG,9/30/2018,C&M-GMS DES Minor Surgery,PRC DELEGATED CO-COMMISSIONING,MARKET PLACE SURGERY,23899718,$222.66 
Department of Health,NHS Canterbury and Coastal CCG,9/30/2018,C&M-GMS Global Sum,PRC DELEGATED CO-COMMISSIONING,MARKET PLACE SURGERY,23899718,"$67,754.82 "
Department of Health,NHS Canterbury and Coastal CCG,9/30/2018,C&M-GMS PCO Seniority,PRC DELEGATED CO-COMMISSIONING,MARKET PLACE SURGERY,23899718,"$1,336.27 "
Department of Health,NHS Canterbury and Coastal CCG,9/30/2018,C&M-GMS Prem Notional Rent,PRC DELEGATED CO-COMMISSIONING,MARKET PLACE SURGERY,23899718,"$7,012.33 "
Department of Health,NHS Canterbury and Coastal CCG,9/30/2018,C&M-GMS Prem Rates,PRC DELEGATED CO-COMMISSIONING,MARKET PLACE SURGERY,23899718,"$1,680.00 "
Department of Health,NHS Canterbury and Coastal CCG,9/30/2018,C&M-GMS Prof Fees Prescribing,PRC DELEGATED CO-COMMISSIONING,MARKET PLACE SURGERY,23899718,$161.00 
Department of Health,NHS Canterbury and Coastal CCG,9/30/2018,C&M-GMS Cost of Drugs -Prescribing,LOCAL ENHANCED SERVICES,NEWTON PLACE SURGERY,23899720,"$3,357.26 "
Department of Health,NHS Canterbury and Coastal CCG,9/30/2018,C&M-GMS DES Minor Surgery,PRC DELEGATED CO-COMMISSIONING,NEWTON PLACE SURGERY,23899720,"$2,360.24 "
Department of Health,NHS Canterbury and Coastal CCG,9/30/2018,C&M-GMS Global Sum,PRC DELEGATED CO-COMMISSIONING,NEWTON PLACE SURGERY,23899720,"$119,176.37 "
Department of Health,NHS Canterbury and Coastal CCG,9/30/2018,C&M-GMS Other FDR Payment,PRC DELEGATED CO-COMMISSIONING,NEWTON PLACE SURGERY,23899720,"$4,756.08 "
Department of Health,NHS Canterbury and Coastal CCG,9/30/2018,C&M-GMS PCO Seniority,PRC DELEGATED CO-COMMISSIONING,NEWTON PLACE SURGERY,23899720,"$4,934.61 "
Department of Health,NHS Canterbury and Coastal CCG,9/30/2018,C&M-GMS Prem Notional Rent,PRC DELEGATED CO-COMMISSIONING,NEWTON PLACE SURGERY,23899720,"$11,725.00 "
Department of Health,NHS Canterbury and Coastal CCG,9/30/2018,C&M-GMS Prem Rates,PRC DELEGATED CO-COMMISSIONING,NEWTON PLACE SURGERY,23899720,"$2,323.00 "
Department of Health,NHS Canterbury and Coastal CCG,9/30/2018,C&M-GMS Prof Fees Prescribing,PRC DELEGATED CO-COMMISSIONING,NEWTON PLACE SURGERY,23899720,$460.00 
Department of Health,NHS Canterbury and Coastal CCG,9/30/2018,ME - GMS GP Prior Year ERs,PRC DELEGATED CO-COMMISSIONING,NEWTON PLACE SURGERY,23899720,"$2,647.34 "
Department of Health,NHS Canterbury and Coastal CCG,9/30/2018,C&M-GMS Cost of Drugs -Prescribing,LOCAL ENHANCED SERVICES,ST ANNES GROUP PRACTICE,23899722,"$4,216.57 "
Department of Health,NHS Canterbury and Coastal CCG,9/30/2018,C&M-GMS DES Minor Surgery,PRC DELEGATED CO-COMMISSIONING,ST ANNES GROUP PRACTICE,23899722,"$1,959.38 "
Department of Health,NHS Canterbury and Coastal CCG,9/30/2018,C&M-GMS Global Sum,PRC DELEGATED CO-COMMISSIONING,ST ANNES GROUP PRACTICE,23899722,"$112,739.84 "
Department of Health,NHS Canterbury and Coastal CCG,9/30/2018,C&M-GMS PCO Seniority,PRC DELEGATED CO-COMMISSIONING,ST ANNES GROUP PRACTICE,23899722,"$4,665.95 "
Department of Health,NHS Canterbury and Coastal CCG,9/30/2018,C&M-GMS Prem Notional Rent,PRC DELEGATED CO-COMMISSIONING,ST ANNES GROUP PRACTICE,23899722,"$4,937.92 "
Department of Health,NHS Canterbury and Coastal CCG,9/30/2018,C&M-GMS Prem Rates,PRC DELEGATED CO-COMMISSIONING,ST ANNES GROUP PRACTICE,23899722,"$4,088.00 "
Department of Health,NHS Canterbury and Coastal CCG,9/30/2018,C&M-GMS Prem Water Rates,PRC DELEGATED CO-COMMISSIONING,ST ANNES GROUP PRACTICE,23899722,$56.78 
Department of Health,NHS Canterbury and Coastal CCG,9/30/2018,C&M-GMS Prof Fees Prescribing,PRC DELEGATED CO-COMMISSIONING,ST ANNES GROUP PRACTICE,23899722,$701.50 
Department of Health,NHS Canterbury and Coastal CCG,9/30/2018,C&M-GMS Cost of Drugs -Prescribing,LOCAL ENHANCED SERVICES,UNIVERSITY MEDICAL CENTRE CANTERBURY,23899724,$522.78 
Department of Health,NHS Canterbury and Coastal CCG,9/30/2018,C&M-GMS Global Sum,PRC DELEGATED CO-COMMISSIONING,UNIVERSITY MEDICAL CENTRE CANTERBURY,23899724,"$73,378.49 "
Department of Health,NHS Canterbury and Coastal CCG,9/30/2018,C&M-GMS Other FDR Payment,PRC DELEGATED CO-COMMISSIONING,UNIVERSITY MEDICAL CENTRE CANTERBURY,23899724,"$9,445.64 "
Department of Health,NHS Canterbury and Coastal CCG,9/30/2018,C&M-GMS PCO Doctors Ret Scheme,PRC DELEGATED CO-COMMISSIONING,UNIVERSITY MEDICAL CENTRE CANTERBURY,23899724,$615.36 
Department of Health,NHS Canterbury and Coastal CCG,9/30/2018,C&M-GMS PCO Seniority,PRC DELEGATED CO-COMMISSIONING,UNIVERSITY MEDICAL CENTRE CANTERBURY,23899724,"$4,129.43 "
Department of Health,NHS Canterbury and Coastal CCG,9/30/2018,C&M-GMS Prem Rates,PRC DELEGATED CO-COMMISSIONING,UNIVERSITY MEDICAL CENTRE CANTERBURY,23899724,"$2,574.00 "
Department of Health,NHS Canterbury and Coastal CCG,9/30/2018,C&M-GMS Prof Fees Prescribing,PRC DELEGATED CO-COMMISSIONING,UNIVERSITY MEDICAL CENTRE CANTERBURY,23899724,$80.50 
Department of Health,NHS Canterbury and Coastal CCG,9/30/2018,C&M-GMS GP Statutory Levy,PRC DELEGATED CO-COMMISSIONING,DR JM RIBCHESTER & PARTNERS,23899725,"($1,319.80)"
Department of Health,NHS Canterbury and Coastal CCG,9/30/2018,C&M-GMS Prem Rates,PRC DELEGATED CO-COMMISSIONING,DR JM RIBCHESTER & PARTNERS,23899725,($288.00)
Department of Health,NHS Canterbury and Coastal CCG,9/30/2018,C&M-GMS Voluntary Levy,PRC DELEGATED CO-COMMISSIONING,DR JM RIBCHESTER & PARTNERS,23899725,"($1,267.14)"
Department of Health,NHS Canterbury and Coastal CCG,9/30/2018,ME - GMS TPS Added Years Adj EEs,PRC DELEGATED CO-COMMISSIONING,DR JM RIBCHESTER & PARTNERS,23899725,($877.50)
Department of Health,NHS Canterbury and Coastal CCG,9/30/2018,ME-GMS GP Pension EEs,PRC DELEGATED CO-COMMISSIONING,DR JM RIBCHESTER & PARTNERS,23899725,"($12,848.50)"
Department of Health,NHS Canterbury and Coastal CCG,9/30/2018,ME-GMS GP Pension EEs Adjustments,PRC DELEGATED CO-COMMISSIONING,DR JM RIBCHESTER & PARTNERS,23899725,"($1,542.34)"
Department of Health,NHS Canterbury and Coastal CCG,9/30/2018,ME-GMS GP Pension ERs Adjustments,PRC DELEGATED CO-COMMISSIONING,DR JM RIBCHESTER & PARTNERS,23899725,"($14,883.44)"
Department of Health,NHS Canterbury and Coastal CCG,9/30/2018,C&M-GMS Cost of Drugs -Prescribing,LOCAL ENHANCED SERVICES,DR JM RIBCHESTER & PARTNERS,23899726,"$9,085.44 "
Department of Health,NHS Canterbury and Coastal CCG,9/30/2018,C&M-GMS DES Minor Surgery,PRC DELEGATED CO-COMMISSIONING,DR JM RIBCHESTER & PARTNERS,23899726,"$9,663.54 "
Department of Health,NHS Canterbury and Coastal CCG,9/30/2018,C&M-GMS Global Sum,PRC DELEGATED CO-COMMISSIONING,DR JM RIBCHESTER & PARTNERS,23899726,"$287,618.36 "
Department of Health,NHS Canterbury and Coastal CCG,9/30/2018,C&M-GMS Other FDR Payment,PRC DELEGATED CO-COMMISSIONING,DR JM RIBCHESTER & PARTNERS,23899726,"$12,250.77 "
Department of Health,NHS Canterbury and Coastal CCG,9/30/2018,C&M-GMS PCO Seniority,PRC DELEGATED CO-COMMISSIONING,DR JM RIBCHESTER & PARTNERS,23899726,"$10,609.81 "
Department of Health,NHS Canterbury and Coastal CCG,9/30/2018,C&M-GMS Prem Notional Rent,PRC DELEGATED CO-COMMISSIONING,DR JM RIBCHESTER & PARTNERS,23899726,"$19,320.83 "
Department of Health,NHS Canterbury and Coastal CCG,9/30/2018,C&M-GMS Prem Rates,PRC DELEGATED CO-COMMISSIONING,DR JM RIBCHESTER & PARTNERS,23899726,"$2,304.00 "
Department of Health,NHS Canterbury and Coastal CCG,9/30/2018,C&M-GMS Prof Fees Prescribing,PRC DELEGATED CO-COMMISSIONING,DR JM RIBCHESTER & PARTNERS,23899726,"$1,228.20 "
Department of Health,NHS Canterbury and Coastal CCG,9/30/2018,C&M-GMS GP Statutory Levy,PRC DELEGATED CO-COMMISSIONING,NORTHGATE MEDICAL PRACTICE,23899727,($673.80)
Department of Health,NHS Canterbury and Coastal CCG,9/30/2018,C&M-GMS Voluntary Levy,PRC DELEGATED CO-COMMISSIONING,NORTHGATE MEDICAL PRACTICE,23899727,($646.91)
Department of Health,NHS Canterbury and Coastal CCG,9/30/2018,ME - GMS GP Prior Year ERs,PRC DELEGATED CO-COMMISSIONING,NORTHGATE MEDICAL PRACTICE,23899727,"($10,667.56)"
Department of Health,NHS Canterbury and Coastal CCG,9/30/2018,ME - GMS TPS Added Years Adj EEs,PRC DELEGATED CO-COMMISSIONING,NORTHGATE MEDICAL PRACTICE,23899727,($396.67)
Department of Health,NHS Canterbury and Coastal CCG,9/30/2018,ME-GMS GP Pension EEs,PRC DELEGATED CO-COMMISSIONING,NORTHGATE MEDICAL PRACTICE,23899727,"($9,464.30)"
Department of Health,NHS Canterbury and Coastal CCG,9/30/2018,ME-GMS GP Pension ERs Adjustments,PRC DELEGATED CO-COMMISSIONING,NORTHGATE MEDICAL PRACTICE,23899727,"($9,901.04)"
Department of Health,NHS Canterbury and Coastal CCG,9/30/2018,ME-GMS GP Prior Year EEs,PRC DELEGATED CO-COMMISSIONING,NORTHGATE MEDICAL PRACTICE,23899727,"($9,287.74)"
Department of Health,NHS Canterbury and Coastal CCG,9/30/2018,C&M-GMS Cost of Drugs -Prescribing,LOCAL ENHANCED SERVICES,NORTHGATE MEDICAL PRACTICE,23899728,$29.00 
Department of Health,NHS Canterbury and Coastal CCG,9/30/2018,C&M-GMS Global Sum,PRC DELEGATED CO-COMMISSIONING,NORTHGATE MEDICAL PRACTICE,23899728,"$138,065.26 "
Department of Health,NHS Canterbury and Coastal CCG,9/30/2018,C&M-GMS MPIG Correction Factor,PRC DELEGATED CO-COMMISSIONING,NORTHGATE MEDICAL PRACTICE,23899728,$227.83 
Department of Health,NHS Canterbury and Coastal CCG,9/30/2018,C&M-GMS PCO Seniority,PRC DELEGATED CO-COMMISSIONING,NORTHGATE MEDICAL PRACTICE,23899728,"$6,819.18 "
Department of Health,NHS Canterbury and Coastal CCG,9/30/2018,C&M-GMS Prem Actual Rent,PRC DELEGATED CO-COMMISSIONING,NORTHGATE MEDICAL PRACTICE,23899728,"$17,242.20 "
Department of Health,NHS Canterbury and Coastal CCG,9/30/2018,C&M-GMS Prem Rates,PRC DELEGATED CO-COMMISSIONING,NORTHGATE MEDICAL PRACTICE,23899728,"$3,143.00 "
Department of Health,NHS Canterbury and Coastal CCG,9/30/2018,C&M-GMS Prof Fees Prescribing,PRC DELEGATED CO-COMMISSIONING,NORTHGATE MEDICAL PRACTICE,23899728,$6.90 
Department of Health,NHS Canterbury and Coastal CCG,9/30/2018,C&M-GMS Global Sum,PRC DELEGATED CO-COMMISSIONING,WILLIAM STREET SURGERY,23899730,"$33,347.68 "
Department of Health,NHS Canterbury and Coastal CCG,9/30/2018,C&M-GMS Other FDR Payment,PRC DELEGATED CO-COMMISSIONING,WILLIAM STREET SURGERY,23899730,"$1,465.43 "
Department of Health,NHS Canterbury and Coastal CCG,9/30/2018,C&M-GMS PCO Seniority,PRC DELEGATED CO-COMMISSIONING,WILLIAM STREET SURGERY,23899730,$841.31 
Department of Health,NHS Canterbury and Coastal CCG,9/30/2018,C&M-GMS DES Minor Surgery,PRC DELEGATED CO-COMMISSIONING,CANTERBURY MEDICAL PRACTICE,23899732,"$1,959.38 "
Department of Health,NHS Canterbury and Coastal CCG,9/30/2018,C&M-GMS DES Violent Patients,PRC DELEGATED CO-COMMISSIONING,CANTERBURY MEDICAL PRACTICE,23899732,$800.00 
Department of Health,NHS Canterbury and Coastal CCG,9/30/2018,C&M-GMS Global Sum,PRC DELEGATED CO-COMMISSIONING,CANTERBURY MEDICAL PRACTICE,23899732,"$149,044.23 "
Department of Health,NHS Canterbury and Coastal CCG,9/30/2018,C&M-GMS MPIG Correction Factor,PRC DELEGATED CO-COMMISSIONING,CANTERBURY MEDICAL PRACTICE,23899732,"$2,157.54 "
Department of Health,NHS Canterbury and Coastal CCG,9/30/2018,C&M-GMS PCO Seniority,PRC DELEGATED CO-COMMISSIONING,CANTERBURY MEDICAL PRACTICE,23899732,"$1,756.60 "
Department of Health,NHS Canterbury and Coastal CCG,9/30/2018,C&M-GMS Prem Notional Rent,PRC DELEGATED CO-COMMISSIONING,CANTERBURY MEDICAL PRACTICE,23899732,"$8,662.50 "
Department of Health,NHS Canterbury and Coastal CCG,9/30/2018,C&M-GMS Prem Rates,PRC DELEGATED CO-COMMISSIONING,CANTERBURY MEDICAL PRACTICE,23899732,"$3,942.00 "
Department of Health,NHS Canterbury and Coastal CCG,9/30/2018,Clinical&Medical-Commercial Sector,NCAS/OATS,ONE ASHFORD HEALTHCARE LTD,23907512,"$53,619.40 "
Department of Health,NHS Canterbury and Coastal CCG,9/30/2018,C&M-GMS Cost of Drugs -Prescribing,LOCAL ENHANCED SERVICES,DR JONES G L & PARTNERS,23912089,"$2,867.13 "
Department of Health,NHS Canterbury and Coastal CCG,9/30/2018,C&M-GMS Global Sum,PRC DELEGATED CO-COMMISSIONING,DR JONES G L & PARTNERS,23912089,"$72,467.22 "
Department of Health,NHS Canterbury and Coastal CCG,9/30/2018,C&M-GMS PCO Seniority,PRC DELEGATED CO-COMMISSIONING,DR JONES G L & PARTNERS,23912089,"$2,799.38 "
Department of Health,NHS Canterbury and Coastal CCG,9/30/2018,C&M-GMS Prem Notional Rent,PRC DELEGATED CO-COMMISSIONING,DR JONES G L & PARTNERS,23912089,"$5,750.00 "
Department of Health,NHS Canterbury and Coastal CCG,9/30/2018,C&M-GMS Prem Rates,PRC DELEGATED CO-COMMISSIONING,DR JONES G L & PARTNERS,23912089,"$2,148.00 "
Department of Health,NHS Canterbury and Coastal CCG,9/30/2018,C&M-GMS Prof Fees Prescribing,PRC DELEGATED CO-COMMISSIONING,DR JONES G L & PARTNERS,23912089,$232.30 
Department of Health,NHS Canterbury and Coastal CCG,9/30/2018,ME-GMS GP Pension AVCs,PRC DELEGATED CO-COMMISSIONING,DR JONES G L & PARTNERS,23912089,"$1,287.52 "
Department of Health,NHS Canterbury and Coastal CCG,9/30/2018,ME-GMS GP Pension EEs Adjustments,PRC DELEGATED CO-COMMISSIONING,DR JONES G L & PARTNERS,23912089,"$6,041.68 "
Department of Health,NHS Canterbury and Coastal CCG,9/30/2018,ME-GMS GP Pension ERs Adjustments,PRC DELEGATED CO-COMMISSIONING,DR JONES G L & PARTNERS,23912089,"$5,991.68 "
Department of Health,NHS Canterbury and Coastal CCG,9/30/2018,Clinical&Medical-Commercial Sector,WHEELCHAIR SERVICE,MILLBROOK HEALTHCARE LTD,23924367,"$50,275.50 "
Department of Health,NHS Canterbury and Coastal CCG,9/30/2018,Cont Care- Palliative Care,CHC ADULT FULLY FUNDED,LARCHWOOD CARE HOMES (SOUTH) LTD,23924454,"$9,667.93 "
Department of Health,NHS Canterbury and Coastal CCG,9/30/2018,Cont Care-Mental Health (65+),CHC ADULT FULLY FUNDED,LARCHWOOD CARE HOMES (SOUTH) LTD,23924454,"$3,303.84 "
Department of Health,NHS Canterbury and Coastal CCG,9/30/2018,Cont Care-Physical Disab (65+),CHC ADULT FULLY FUNDED,LARCHWOOD CARE HOMES (SOUTH) LTD,23924454,"$16,122.70 "
Department of Health,NHS Canterbury and Coastal CCG,9/30/2018,Cont Care-Physical Disab (<65),CHC ADULT FULLY FUNDED,LARCHWOOD CARE HOMES (SOUTH) LTD,23924454,"$3,700.07 "
Department of Health,NHS Canterbury and Coastal CCG,9/30/2018,Clinical&Medical-Commercial Sector,URGENT CARE,INVICTA HEALTH CIC,23944256,"$36,571.50 "
Department of Health,NHS Canterbury and Coastal CCG,9/30/2018,EXP-CAPITAL GRANTS- GENERAL,PRIMARY CARE IT,INTEGRATED CARE 24 LTD,23944260,"$36,500.00 "
Department of Health,NHS Canterbury and Coastal CCG,9/30/2018,Clinical&Medical-Independent Sector,NCAS/OATS,KENT INSTITUTE OF MEDICINE & SURGERY,23984120,"$117,944.80 "
Department of Health,NHS Canterbury and Coastal CCG,9/30/2018,Clinical&Medical-Commercial Sector,PLANNED CARE,ST ANNES GROUP PRACTICE,23984156,"$37,639.50 "
Department of Health,NHS Canterbury and Coastal CCG,9/30/2018,Clinical&Medical-Commercial Sector,PLANNED CARE,WHITSTABLE MEDICAL PRACTICE,23984373,"$53,855.50 "
Department of Health,NHS Canterbury and Coastal CCG,9/30/2018,C&M-GMS Cost of Drugs -Dispensing,LOCAL ENHANCED SERVICES,DR KINNERSLEY D S & PARTNER,23990140,"($57,989.80)"
Department of Health,NHS Canterbury and Coastal CCG,9/30/2018,C&M-GMS PrscChrgsCll&RmttdbyGPCntra,PRC DELEGATED CO-COMMISSIONING,DR KINNERSLEY D S & PARTNER,23990140,"($3,775.20)"
Department of Health,NHS Canterbury and Coastal CCG,9/30/2018,C&M-GMS Cost of Drugs -Dispensing,LOCAL ENHANCED SERVICES,DR KINNERSLEY D S & PARTNER,23990141,"$107,657.98 "
Department of Health,NHS Canterbury and Coastal CCG,9/30/2018,C&M-GMS Prof Fees Dispensing,PRC DELEGATED CO-COMMISSIONING,DR KINNERSLEY D S & PARTNER,23990141,"$21,860.76 "
Department of Health,NHS Canterbury and Coastal CCG,9/30/2018,C&M-GMS PrscrptnChrgsColl&RmttdbyGP,LOCAL ENHANCED SERVICES,DR KINNERSLEY D S & PARTNER,23990141,"$3,775.20 "
Department of Health,NHS Canterbury and Coastal CCG,9/30/2018,C&M-GMS Cost of Drugs -Dispensing,LOCAL ENHANCED SERVICES,NORTHGATE MEDICAL PRACTICE,23990144,"($24,005.98)"
Department of Health,NHS Canterbury and Coastal CCG,9/30/2018,C&M-GMS PrscChrgsCll&RmttdbyGPCntra,PRC DELEGATED CO-COMMISSIONING,NORTHGATE MEDICAL PRACTICE,23990144,"($1,496.00)"
Department of Health,NHS Canterbury and Coastal CCG,9/30/2018,C&M-GMS Cost of Drugs -Dispensing,LOCAL ENHANCED SERVICES,NORTHGATE MEDICAL PRACTICE,23990145,"$45,211.78 "
Department of Health,NHS Canterbury and Coastal CCG,9/30/2018,C&M-GMS Prof Fees Dispensing,PRC DELEGATED CO-COMMISSIONING,NORTHGATE MEDICAL PRACTICE,23990145,"$7,447.90 "
Department of Health,NHS Canterbury and Coastal CCG,9/30/2018,C&M-GMS PrscrptnChrgsColl&RmttdbyGP,LOCAL ENHANCED SERVICES,NORTHGATE MEDICAL PRACTICE,23990145,"$1,496.00 "
Department of Health,NHS Canterbury and Coastal CCG,9/30/2018,C&M-GMS Cost of Drugs -Dispensing,LOCAL ENHANCED SERVICES,CANTERBURY MEDICAL PRACTICE,23990148,"($24,852.02)"
Department of Health,NHS Canterbury and Coastal CCG,9/30/2018,C&M-GMS PrscChrgsCll&RmttdbyGPCntra,PRC DELEGATED CO-COMMISSIONING,CANTERBURY MEDICAL PRACTICE,23990148,"($1,434.40)"
Department of Health,NHS Canterbury and Coastal CCG,9/30/2018,C&M-GMS Cost of Drugs -Dispensing,LOCAL ENHANCED SERVICES,CANTERBURY MEDICAL PRACTICE,23990149,"$49,544.74 "
Department of Health,NHS Canterbury and Coastal CCG,9/30/2018,C&M-GMS Prof Fees Dispensing,PRC DELEGATED CO-COMMISSIONING,CANTERBURY MEDICAL PRACTICE,23990149,"$7,224.44 "
Department of Health,NHS Canterbury and Coastal CCG,9/30/2018,C&M-GMS PrscrptnChrgsColl&RmttdbyGP,LOCAL ENHANCED SERVICES,CANTERBURY MEDICAL PRACTICE,23990149,"$1,434.40 "
Department of Health,NHS Canterbury and Coastal CCG,9/30/2018,C&M-GMS LES 24 Hour ABPM,LOCAL ENHANCED SERVICES,WHITSTABLE MEDICAL PRACTICE,24044832,"$2,793.96 "
Department of Health,NHS Canterbury and Coastal CCG,9/30/2018,C&M-GMS LES Diabetes-Insulin (GTT),LOCAL ENHANCED SERVICES,WHITSTABLE MEDICAL PRACTICE,24044832,$173.94 
Department of Health,NHS Canterbury and Coastal CCG,9/30/2018,C&M-GMS LES GP Triage,LOCAL ENHANCED SERVICES,WHITSTABLE MEDICAL PRACTICE,24044832,"$10,631.60 "
Department of Health,NHS Canterbury and Coastal CCG,9/30/2018,C&M-GMS LES GTT Test,LOCAL ENHANCED SERVICES,WHITSTABLE MEDICAL PRACTICE,24044832,$60.90 
Department of Health,NHS Canterbury and Coastal CCG,9/30/2018,C&M-GMS LES IUCD Mnrrhgia-Fitting,LOCAL ENHANCED SERVICES,WHITSTABLE MEDICAL PRACTICE,24044832,$862.75 
Department of Health,NHS Canterbury and Coastal CCG,9/30/2018,C&M-GMS LES Phlebotomy,LOCAL ENHANCED SERVICES,WHITSTABLE MEDICAL PRACTICE,24044832,"$5,766.60 "
Department of Health,NHS Canterbury and Coastal CCG,9/30/2018,C&M-GMS LES Tissue Viability,LOCAL ENHANCED SERVICES,WHITSTABLE MEDICAL PRACTICE,24044832,"$3,436.56 "
Department of Health,NHS Canterbury and Coastal CCG,9/30/2018,C&M-GMS LES Treatment Room,LOCAL ENHANCED SERVICES,WHITSTABLE MEDICAL PRACTICE,24044832,"$4,891.48 "
Department of Health,NHS Canterbury and Coastal CCG,9/30/2018,C&M-GMS LES Urgent Care,LOCAL ENHANCED SERVICES,WHITSTABLE MEDICAL PRACTICE,24044832,"$1,427.38 "
Department of Health,NHS Canterbury and Coastal CCG,9/30/2018,Clinical&Medical-Commercial Sector,NHS 111,HEALTH NAVIGATOR LTD,24044871,"$96,000.00 "
Department of Health,NHS Canterbury and Coastal CCG,9/30/2018,Clinical&Medical-Commercial Sector,COMMISSIONING SCHEMES,HERNE BAY INTEGRATED CARE LTD,24044876,"$53,936.93 "
Department of Health,NHS Canterbury and Coastal CCG,9/30/2018,Hcare Srv Rec Fdtn Trust-Contract Baseline,ACUTE COMMISSIONING,KING`S COLLEGE HOSPITAL NHS FOUNDATION TRUST,24044894,"$221,451.00 "
Department of Health,NHS Canterbury and Coastal CCG,9/30/2018,Hcare Srv Rec NHS Trust-Contract Baseline,ACUTE COMMISSIONING,MAIDSTONE AND TUNBRIDGE WELLS NHS TRUST,24044900,"$47,386.00 "
Department of Health,NHS Canterbury and Coastal CCG,9/30/2018,Clinical&Medical-Clinical Other,GP FORWARD VIEW,ENCOMPASS GP PARTNERSHIP LTD,24044902,"$188,760.04 "
Department of Health,NHS Canterbury and Coastal CCG,9/30/2018,Clinical&Medical-Commercial Sector,PLANNED CARE,CANTERBURY MEDICAL PRACTICE,24056248,"$29,239.50 "
Department of Health,NHS Canterbury and Coastal CCG,9/30/2018,Rent,ESTATES AND FACILITIES,CANTERBURY CITY COUNCIL,24056272,"$25,580.03 "
Department of Health,NHS Canterbury and Coastal CCG,9/30/2018,Clinical&Medical-Voluntary Sector,IMPROVING ACCESS TO PSYCHOLOGICAL THERAPIES,ADDACTION,24061760,"$30,680.00 "
Department of Health,NHS Canterbury and Coastal CCG,9/30/2018,Clinical&Medical-Commercial Sector,IMPROVING ACCESS TO PSYCHOLOGICAL THERAPIES,PSICON LTD,24067519,"$30,860.00 "
Department of Health,NHS Canterbury and Coastal CCG,9/30/2018,Hcare Srv Rec Fdtn Trust-Contract Cost per Case,CHILD AND ADOLESCENT MENTAL HEALTH,SOUTH LONDON AND MAUDSLEY NHS FOUNDATION TRUST,24067553,$419.00 
Department of Health,NHS Canterbury and Coastal CCG,9/30/2018,Hcare Srv Rec Fdtn Trust-Contract Cost per Case,MENTAL HEALTH SERVICES - ADULTS,SOUTH LONDON AND MAUDSLEY NHS FOUNDATION TRUST,24067553,"$25,333.00 "
Department of Health,NHS Canterbury and Coastal CCG,9/30/2018,Hcare Srv Rec Fdtn Trust-Contract Cost per Case,MENTAL HEALTH SERVICES - SPECIALIST SERVICES,SOUTH LONDON AND MAUDSLEY NHS FOUNDATION TRUST,24067553,$630.00 
Department of Health,NHS Canterbury and Coastal CCG,9/30/2018,Clinical&Medical-Commercial Sector,COMMUNITY SERVICES,NOTTINGHAM REHAB LTD,24067557,"$126,183.52 "
Department of Health,NHS Canterbury and Coastal CCG,9/30/2018,Basic Sal-Rechgs to-from Other NHS,CORPORATE COSTS & SERVICES,NHS ASHFORD CCG,24067582,"$29,974.28 "
Department of Health,NHS Canterbury and Coastal CCG,9/30/2018,Clinical&Medical-Othe Public Sector,REABLEMENT,KENT COUNTY COUNCIL (EXCH SEC MAIDSTONE),24067591,"$1,092,119.00 "
Department of Health,NHS Canterbury and Coastal CCG,9/30/2018,Clinical&Medical-Commercial Sector,IMPROVING ACCESS TO PSYCHOLOGICAL THERAPIES,UNIVERSITY MEDICAL CENTRE CANTERBURY,24067616,"$57,400.00 "
Department of Health,NHS Canterbury and Coastal CCG,9/30/2018,Hcare Srv Rec Fdtn Trust-Contract Baseline,ACUTE COMMISSIONING,UNIVERSITY COLLEGE LONDON HOSPITALS NHS FOUNDATION TRUST,24067688,"$70,347.00 "
Department of Health,NHS Canterbury and Coastal CCG,9/30/2018,Hcare Srv Rec Fdtn Trust-Contract Baseline,ACUTE COMMISSIONING,EAST KENT HOSPITALS UNIVERSITY NHS FOUNDATION TRUST,24067699,"$8,656,659.68 "
Department of Health,NHS Canterbury and Coastal CCG,9/30/2018,Hcare Srv Rec Fdtn Trust-Contract Baseline,ACUTE COMMISSIONING,EAST KENT HOSPITALS UNIVERSITY NHS FOUNDATION TRUST,24067706,"$961,851.08 "
,,,,,,,
