"Spend over �25,000 - Publication 01/11/2018 to 30/11/2018",,,,,,
,,,,,,
Department family,Entity,Date,Expense area,Supplier,Transaction number,AP Amount (�)
Department of Health,NHS Canterbury and Coastal CCG,11/30/2018,NCAS/OATS,MOORFIELDS EYE HOSPITAL NHS FOUNDATION TRUST,24554217,"$25,246.00 "
Department of Health,NHS Canterbury and Coastal CCG,11/30/2018,PLANNED CARE,WHITSTABLE MEDICAL PRACTICE,24554323,"$37,277.21 "
Department of Health,NHS Canterbury and Coastal CCG,11/30/2018,PLANNED CARE,WHITSTABLE MEDICAL PRACTICE,24554327,"$38,042.85 "
Department of Health,NHS Canterbury and Coastal CCG,11/30/2018,PLANNED CARE,WHITSTABLE MEDICAL PRACTICE,24554330,"$46,334.00 "
Department of Health,NHS Canterbury and Coastal CCG,11/30/2018,NCAS/OATS,KENT INSTITUTE OF MEDICINE & SURGERY,24558404,"$97,579.00 "
Department of Health,NHS Canterbury and Coastal CCG,11/30/2018,NCAS/OATS,ONE ASHFORD HEALTHCARE LTD,24558405,"$55,299.50 "
Department of Health,NHS Canterbury and Coastal CCG,11/30/2018,CORPORATE COSTS & SERVICES,NHS ASHFORD CCG,24598351,"$27,731.09 "
Department of Health,NHS Canterbury and Coastal CCG,11/30/2018,PRESCRIBING,EAST KENT HOSPITALS UNIVERSITY NHS FOUNDATION TRUST,24598396,"$50,000.00 "
Department of Health,NHS Canterbury and Coastal CCG,11/30/2018,URGENT CARE,INVICTA HEALTH CIC,24598489,"$42,698.93 "
Department of Health,NHS Canterbury and Coastal CCG,11/30/2018,PLANNED CARE,WHITSTABLE MEDICAL PRACTICE,24598504,"$38,714.75 "
Department of Health,NHS Canterbury and Coastal CCG,11/30/2018,ACUTE COMMISSIONING,MEDWAY NHS FOUNDATION TRUST,24598513,"$69,306.92 "
Department of Health,NHS Canterbury and Coastal CCG,11/30/2018,HOSPICES,PILGRIMS HOSPICES IN EAST KENT,24598564,"$67,742.86 "
Department of Health,NHS Canterbury and Coastal CCG,11/30/2018,AMBULANCE SERVICES,SOUTH EAST COAST AMBULANCE SERVICE NHS FOUNDATION TRUST,24680498,"$109,932.15 "
Department of Health,NHS Canterbury and Coastal CCG,11/30/2018,GP FORWARD VIEW,ENCOMPASS GP PARTNERSHIP LTD,24680522,"$260,668.59 "
Department of Health,NHS Canterbury and Coastal CCG,11/30/2018,HIGH COST DRUGS,ST ANNES GROUP PRACTICE,24713737,"$87,680.16 "
Department of Health,NHS Canterbury and Coastal CCG,11/30/2018,COMMUNITY SERVICES,KENT COMMUNITY HEALTH NHS FOUNDATION TRUST,24713793,"$2,066,110.00 "
Department of Health,NHS Canterbury and Coastal CCG,11/30/2018,PRC DELEGATED CO-COMMISSIONING,NHS ENGLAND,24713799,"$25,076.95 "
Department of Health,NHS Canterbury and Coastal CCG,11/30/2018,PLANNED CARE,ST ANNES GROUP PRACTICE,24713811,"$47,407.50 "
Department of Health,NHS Canterbury and Coastal CCG,11/30/2018,ACUTE COMMISSIONING,UNIVERSITY COLLEGE LONDON HOSPITALS NHS FOUNDATION TRUST,24713854,"$70,347.00 "
Department of Health,NHS Canterbury and Coastal CCG,11/30/2018,ACUTE COMMISSIONING,ROYAL NATIONAL ORTHOPAEDIC HOSPITAL NHS TRUST,24713857,"$27,165.00 "
Department of Health,NHS Canterbury and Coastal CCG,11/30/2018,MENTAL HEALTH CONTRACTS,KENT AND MEDWAY NHS AND SOCIALCARE PARTNERSHIP TRUST,24713859,"$1,553,414.00 "
Department of Health,NHS Canterbury and Coastal CCG,11/30/2018,CONTINUING HEALTHCARE ASSESSMENT & SUPPORT,NHS NEL CSU,24713862,"$49,547.52 "
Department of Health,NHS Canterbury and Coastal CCG,11/30/2018,CORPORATE COSTS & SERVICES,NHS NEL CSU,24713862,"$29,817.04 "
Department of Health,NHS Canterbury and Coastal CCG,11/30/2018,PRIMARY CARE IT,NHS NEL CSU,24713862,"$32,161.20 "
Department of Health,NHS Canterbury and Coastal CCG,11/30/2018,MENTAL HEALTH SERVICES - ADULTS,SOUTH LONDON AND MAUDSLEY NHS FOUNDATION TRUST,24713883,"$25,333.00 "
Department of Health,NHS Canterbury and Coastal CCG,11/30/2018,CHILD AND ADOLESCENT MENTAL HEALTH,SOUTH LONDON AND MAUDSLEY NHS FOUNDATION TRUST,24713883,$419.00 
Department of Health,NHS Canterbury and Coastal CCG,11/30/2018,MENTAL HEALTH SERVICES - ADULTS,SOUTH LONDON AND MAUDSLEY NHS FOUNDATION TRUST,24713883,$630.00 
Department of Health,NHS Canterbury and Coastal CCG,11/30/2018,ACUTE COMMISSIONING,QUEEN VICTORIA HOSPITAL NHS FOUNDATION TRUST,24713907,"$53,892.00 "
Department of Health,NHS Canterbury and Coastal CCG,11/30/2018,CHILD AND ADOLESCENT MENTAL HEALTH,NORTH EAST LONDON NHS FOUNDATION TRUST,24713928,"$191,105.00 "
Department of Health,NHS Canterbury and Coastal CCG,11/30/2018,MENTAL HEALTH SERVICES - SPECIALIST SERVICES,NORTH EAST LONDON NHS FOUNDATION TRUST,24713929,"$28,291.00 "
Department of Health,NHS Canterbury and Coastal CCG,11/30/2018,PATIENT TRANSPORT,G4S HEALTH SERVICES UK LTD,24713950,"$21,594.60 "
Department of Health,NHS Canterbury and Coastal CCG,11/30/2018,PATIENT TRANSPORT,G4S HEALTH SERVICES UK LTD,24713953,"$155,359.97 "
Department of Health,NHS Canterbury and Coastal CCG,11/30/2018,PLANNED CARE,EAST KENT MEDICAL SERVICES LTD T/A THE SPENCER WING,24713962,"$106,497.04 "
Department of Health,NHS Canterbury and Coastal CCG,11/30/2018,CORPORATE COSTS & SERVICES,NHS ASHFORD CCG,24713970,"$27,799.71 "
Department of Health,NHS Canterbury and Coastal CCG,11/30/2018,NCAS/OATS,BARTS HEALTH NHS TRUST,24715077,"$36,033.63 "
Department of Health,NHS Canterbury and Coastal CCG,11/30/2018,BALANCE SHEET,HMRC,24740186,$133.00 
Department of Health,NHS Canterbury and Coastal CCG,11/30/2018,BALANCE SHEET,HMRC,24740186,"$46,217.80 "
Department of Health,NHS Canterbury and Coastal CCG,11/30/2018,BALANCE SHEET,HMRC,24740186,$450.00 
Department of Health,NHS Canterbury and Coastal CCG,11/30/2018,BALANCE SHEET,HMRC,24740186,"$29,976.86 "
Department of Health,NHS Canterbury and Coastal CCG,11/30/2018,BALANCE SHEET,HMRC,24740186,"$20,505.43 "
Department of Health,NHS Canterbury and Coastal CCG,11/30/2018,LOCAL ENHANCED SERVICES,BUTCHERY SURGERY,24743047,"$3,575.20 "
Department of Health,NHS Canterbury and Coastal CCG,11/30/2018,PRC DELEGATED CO-COMMISSIONING,BUTCHERY SURGERY,24743047,$979.70 
Department of Health,NHS Canterbury and Coastal CCG,11/30/2018,PRC DELEGATED CO-COMMISSIONING,BUTCHERY SURGERY,24743047,"$34,477.86 "
Department of Health,NHS Canterbury and Coastal CCG,11/30/2018,PRC DELEGATED CO-COMMISSIONING,BUTCHERY SURGERY,24743047,"$2,104.17 "
Department of Health,NHS Canterbury and Coastal CCG,11/30/2018,PRC DELEGATED CO-COMMISSIONING,BUTCHERY SURGERY,24743047,$576.00 
Department of Health,NHS Canterbury and Coastal CCG,11/30/2018,PRC DELEGATED CO-COMMISSIONING,BUTCHERY SURGERY,24743047,$749.80 
Department of Health,NHS Canterbury and Coastal CCG,11/30/2018,LOCAL ENHANCED SERVICES,DR JONES G L & PARTNERS,24743049,"$7,813.51 "
Department of Health,NHS Canterbury and Coastal CCG,11/30/2018,PRC DELEGATED CO-COMMISSIONING,DR JONES G L & PARTNERS,24743049,"$73,211.69 "
Department of Health,NHS Canterbury and Coastal CCG,11/30/2018,PRC DELEGATED CO-COMMISSIONING,DR JONES G L & PARTNERS,24743049,"$5,750.00 "
Department of Health,NHS Canterbury and Coastal CCG,11/30/2018,PRC DELEGATED CO-COMMISSIONING,DR JONES G L & PARTNERS,24743049,"$2,148.00 "
Department of Health,NHS Canterbury and Coastal CCG,11/30/2018,PRC DELEGATED CO-COMMISSIONING,DR JONES G L & PARTNERS,24743049,"$1,349.37 "
Department of Health,NHS Canterbury and Coastal CCG,11/30/2018,PRC DELEGATED CO-COMMISSIONING,DR KINNERSLEY D S & PARTNER,24743051,"$1,246.95 "
Department of Health,NHS Canterbury and Coastal CCG,11/30/2018,PRC DELEGATED CO-COMMISSIONING,DR KINNERSLEY D S & PARTNER,24743051,"$41,079.65 "
Department of Health,NHS Canterbury and Coastal CCG,11/30/2018,PRC DELEGATED CO-COMMISSIONING,DR KINNERSLEY D S & PARTNER,24743051,$832.14 
Department of Health,NHS Canterbury and Coastal CCG,11/30/2018,PRC DELEGATED CO-COMMISSIONING,DR KINNERSLEY D S & PARTNER,24743051,"$2,291.67 "
Department of Health,NHS Canterbury and Coastal CCG,11/30/2018,LOCAL ENHANCED SERVICES,DR LOGAN L C & PARTNERS,24743053,"$12,189.40 "
Department of Health,NHS Canterbury and Coastal CCG,11/30/2018,PRC DELEGATED CO-COMMISSIONING,DR LOGAN L C & PARTNERS,24743053,"$1,157.85 "
Department of Health,NHS Canterbury and Coastal CCG,11/30/2018,PRC DELEGATED CO-COMMISSIONING,DR LOGAN L C & PARTNERS,24743053,"$96,018.65 "
Department of Health,NHS Canterbury and Coastal CCG,11/30/2018,PRC DELEGATED CO-COMMISSIONING,DR LOGAN L C & PARTNERS,24743053,"$1,102.03 "
Department of Health,NHS Canterbury and Coastal CCG,11/30/2018,PRC DELEGATED CO-COMMISSIONING,DR LOGAN L C & PARTNERS,24743053,"$2,032.69 "
Department of Health,NHS Canterbury and Coastal CCG,11/30/2018,PRC DELEGATED CO-COMMISSIONING,DR MOLONY J P & PARTNERS,24743055,"$1,514.16 "
Department of Health,NHS Canterbury and Coastal CCG,11/30/2018,PRC DELEGATED CO-COMMISSIONING,DR MOLONY J P & PARTNERS,24743055,"$113,570.51 "
Department of Health,NHS Canterbury and Coastal CCG,11/30/2018,PRC DELEGATED CO-COMMISSIONING,DR MOLONY J P & PARTNERS,24743055,"$4,874.82 "
Department of Health,NHS Canterbury and Coastal CCG,11/30/2018,PRC DELEGATED CO-COMMISSIONING,DR MOLONY J P & PARTNERS,24743055,"$1,143.00 "
Department of Health,NHS Canterbury and Coastal CCG,11/30/2018,LOCAL ENHANCED SERVICES,DR SIMMONDS R & PARTNER,24743058,$434.46 
Department of Health,NHS Canterbury and Coastal CCG,11/30/2018,PRC DELEGATED CO-COMMISSIONING,DR SIMMONDS R & PARTNER,24743058,$445.33 
Department of Health,NHS Canterbury and Coastal CCG,11/30/2018,PRC DELEGATED CO-COMMISSIONING,DR SIMMONDS R & PARTNER,24743058,"$34,462.76 "
Department of Health,NHS Canterbury and Coastal CCG,11/30/2018,PRC DELEGATED CO-COMMISSIONING,DR SIMMONDS R & PARTNER,24743058,$834.81 
Department of Health,NHS Canterbury and Coastal CCG,11/30/2018,PRC DELEGATED CO-COMMISSIONING,DR SIMMONDS R & PARTNER,24743058,$98.90 
Department of Health,NHS Canterbury and Coastal CCG,11/30/2018,LOCAL ENHANCED SERVICES,DR SMITH A & PARTNERS,24743060,"$1,797.89 "
Department of Health,NHS Canterbury and Coastal CCG,11/30/2018,PRC DELEGATED CO-COMMISSIONING,DR SMITH A & PARTNERS,24743060,"$39,505.59 "
Department of Health,NHS Canterbury and Coastal CCG,11/30/2018,PRC DELEGATED CO-COMMISSIONING,DR SMITH A & PARTNERS,24743060,"$4,450.00 "
Department of Health,NHS Canterbury and Coastal CCG,11/30/2018,PRC DELEGATED CO-COMMISSIONING,DR SMITH A & PARTNERS,24743060,"$1,042.00 "
Department of Health,NHS Canterbury and Coastal CCG,11/30/2018,PRC DELEGATED CO-COMMISSIONING,DR SMITH A & PARTNERS,24743060,$142.60 
Department of Health,NHS Canterbury and Coastal CCG,11/30/2018,LOCAL ENHANCED SERVICES,MARKET PLACE SURGERY,24743062,"$7,977.67 "
Department of Health,NHS Canterbury and Coastal CCG,11/30/2018,PRC DELEGATED CO-COMMISSIONING,MARKET PLACE SURGERY,24743062,$801.62 
Department of Health,NHS Canterbury and Coastal CCG,11/30/2018,PRC DELEGATED CO-COMMISSIONING,MARKET PLACE SURGERY,24743062,"$69,151.60 "
Department of Health,NHS Canterbury and Coastal CCG,11/30/2018,PRC DELEGATED CO-COMMISSIONING,MARKET PLACE SURGERY,24743062,"$7,012.33 "
Department of Health,NHS Canterbury and Coastal CCG,11/30/2018,PRC DELEGATED CO-COMMISSIONING,MARKET PLACE SURGERY,24743062,"$1,680.00 "
Department of Health,NHS Canterbury and Coastal CCG,11/30/2018,PRC DELEGATED CO-COMMISSIONING,MARKET PLACE SURGERY,24743062,$804.00 
Department of Health,NHS Canterbury and Coastal CCG,11/30/2018,PRC DELEGATED CO-COMMISSIONING,MARKET PLACE SURGERY,24743062,"$1,566.30 "
Department of Health,NHS Canterbury and Coastal CCG,11/30/2018,PRC DELEGATED CO-COMMISSIONING,MARKET PLACE SURGERY,24743062,"$10,086.97 "
Department of Health,NHS Canterbury and Coastal CCG,11/30/2018,PRC DELEGATED CO-COMMISSIONING,MARKET PLACE SURGERY,24743062,"$8,768.23 "
Department of Health,NHS Canterbury and Coastal CCG,11/30/2018,LOCAL ENHANCED SERVICES,NEWTON PLACE SURGERY,24743064,"$11,509.83 "
Department of Health,NHS Canterbury and Coastal CCG,11/30/2018,PRC DELEGATED CO-COMMISSIONING,NEWTON PLACE SURGERY,24743064,"$2,716.53 "
Department of Health,NHS Canterbury and Coastal CCG,11/30/2018,PRC DELEGATED CO-COMMISSIONING,NEWTON PLACE SURGERY,24743064,"$121,510.66 "
Department of Health,NHS Canterbury and Coastal CCG,11/30/2018,PRC DELEGATED CO-COMMISSIONING,NEWTON PLACE SURGERY,24743064,"$4,756.08 "
Department of Health,NHS Canterbury and Coastal CCG,11/30/2018,PRC DELEGATED CO-COMMISSIONING,NEWTON PLACE SURGERY,24743064,"$1,230.72 "
Department of Health,NHS Canterbury and Coastal CCG,11/30/2018,PRC DELEGATED CO-COMMISSIONING,NEWTON PLACE SURGERY,24743064,"$4,800.00 "
Department of Health,NHS Canterbury and Coastal CCG,11/30/2018,PRC DELEGATED CO-COMMISSIONING,NEWTON PLACE SURGERY,24743064,"$11,725.00 "
Department of Health,NHS Canterbury and Coastal CCG,11/30/2018,PRC DELEGATED CO-COMMISSIONING,NEWTON PLACE SURGERY,24743064,"$2,323.00 "
Department of Health,NHS Canterbury and Coastal CCG,11/30/2018,PRC DELEGATED CO-COMMISSIONING,NEWTON PLACE SURGERY,24743064,"$2,024.00 "
Department of Health,NHS Canterbury and Coastal CCG,11/30/2018,LOCAL ENHANCED SERVICES,ST ANNES GROUP PRACTICE,24743066,"$12,457.78 "
Department of Health,NHS Canterbury and Coastal CCG,11/30/2018,PRC DELEGATED CO-COMMISSIONING,ST ANNES GROUP PRACTICE,24743066,"$3,473.39 "
Department of Health,NHS Canterbury and Coastal CCG,11/30/2018,PRC DELEGATED CO-COMMISSIONING,ST ANNES GROUP PRACTICE,24743066,"$113,999.67 "
Department of Health,NHS Canterbury and Coastal CCG,11/30/2018,PRC DELEGATED CO-COMMISSIONING,ST ANNES GROUP PRACTICE,24743066,"$4,937.92 "
Department of Health,NHS Canterbury and Coastal CCG,11/30/2018,PRC DELEGATED CO-COMMISSIONING,ST ANNES GROUP PRACTICE,24743066,"$4,088.00 "
Department of Health,NHS Canterbury and Coastal CCG,11/30/2018,PRC DELEGATED CO-COMMISSIONING,ST ANNES GROUP PRACTICE,24743066,$34.00 
Department of Health,NHS Canterbury and Coastal CCG,11/30/2018,PRC DELEGATED CO-COMMISSIONING,ST ANNES GROUP PRACTICE,24743066,"$2,635.34 "
Department of Health,NHS Canterbury and Coastal CCG,11/30/2018,LOCAL ENHANCED SERVICES,UNIVERSITY MEDICAL CENTRE CANTERBURY,24743068,"$1,810.05 "
Department of Health,NHS Canterbury and Coastal CCG,11/30/2018,PRC DELEGATED CO-COMMISSIONING,UNIVERSITY MEDICAL CENTRE CANTERBURY,24743068,"$76,863.75 "
Department of Health,NHS Canterbury and Coastal CCG,11/30/2018,PRC DELEGATED CO-COMMISSIONING,UNIVERSITY MEDICAL CENTRE CANTERBURY,24743068,"$9,445.64 "
Department of Health,NHS Canterbury and Coastal CCG,11/30/2018,PRC DELEGATED CO-COMMISSIONING,UNIVERSITY MEDICAL CENTRE CANTERBURY,24743068,"$2,846.04 "
Department of Health,NHS Canterbury and Coastal CCG,11/30/2018,PRC DELEGATED CO-COMMISSIONING,UNIVERSITY MEDICAL CENTRE CANTERBURY,24743068,"$2,574.00 "
Department of Health,NHS Canterbury and Coastal CCG,11/30/2018,PRC DELEGATED CO-COMMISSIONING,UNIVERSITY MEDICAL CENTRE CANTERBURY,24743068,$395.60 
Department of Health,NHS Canterbury and Coastal CCG,11/30/2018,PRC DELEGATED CO-COMMISSIONING,DR JM RIBCHESTER & PARTNERS,24743069,"($1,325.20)"
Department of Health,NHS Canterbury and Coastal CCG,11/30/2018,PRC DELEGATED CO-COMMISSIONING,DR JM RIBCHESTER & PARTNERS,24743069,($288.00)
Department of Health,NHS Canterbury and Coastal CCG,11/30/2018,PRC DELEGATED CO-COMMISSIONING,DR JM RIBCHESTER & PARTNERS,24743069,"($1,272.32)"
Department of Health,NHS Canterbury and Coastal CCG,11/30/2018,PRC DELEGATED CO-COMMISSIONING,DR JM RIBCHESTER & PARTNERS,24743069,($877.50)
Department of Health,NHS Canterbury and Coastal CCG,11/30/2018,PRC DELEGATED CO-COMMISSIONING,DR JM RIBCHESTER & PARTNERS,24743069,"($12,378.34)"
Department of Health,NHS Canterbury and Coastal CCG,11/30/2018,PRC DELEGATED CO-COMMISSIONING,DR JM RIBCHESTER & PARTNERS,24743069,"($12,642.86)"
Department of Health,NHS Canterbury and Coastal CCG,11/30/2018,LOCAL ENHANCED SERVICES,DR JM RIBCHESTER & PARTNERS,24743070,"$17,761.34 "
Department of Health,NHS Canterbury and Coastal CCG,11/30/2018,PRC DELEGATED CO-COMMISSIONING,DR JM RIBCHESTER & PARTNERS,24743070,"$292,519.10 "
Department of Health,NHS Canterbury and Coastal CCG,11/30/2018,PRC DELEGATED CO-COMMISSIONING,DR JM RIBCHESTER & PARTNERS,24743070,"$12,250.77 "
Department of Health,NHS Canterbury and Coastal CCG,11/30/2018,PRC DELEGATED CO-COMMISSIONING,DR JM RIBCHESTER & PARTNERS,24743070,"$1,661.96 "
Department of Health,NHS Canterbury and Coastal CCG,11/30/2018,PRC DELEGATED CO-COMMISSIONING,DR JM RIBCHESTER & PARTNERS,24743070,"$19,320.83 "
Department of Health,NHS Canterbury and Coastal CCG,11/30/2018,PRC DELEGATED CO-COMMISSIONING,DR JM RIBCHESTER & PARTNERS,24743070,$288.00 
Department of Health,NHS Canterbury and Coastal CCG,11/30/2018,PRC DELEGATED CO-COMMISSIONING,DR JM RIBCHESTER & PARTNERS,24743070,"$3,417.80 "
Department of Health,NHS Canterbury and Coastal CCG,11/30/2018,LOCAL ENHANCED SERVICES,NORTHGATE MEDICAL PRACTICE,24743072,$159.80 
Department of Health,NHS Canterbury and Coastal CCG,11/30/2018,PRC DELEGATED CO-COMMISSIONING,NORTHGATE MEDICAL PRACTICE,24743072,"$1,603.21 "
Department of Health,NHS Canterbury and Coastal CCG,11/30/2018,PRC DELEGATED CO-COMMISSIONING,NORTHGATE MEDICAL PRACTICE,24743072,"$140,004.89 "
Department of Health,NHS Canterbury and Coastal CCG,11/30/2018,PRC DELEGATED CO-COMMISSIONING,NORTHGATE MEDICAL PRACTICE,24743072,$227.83 
Department of Health,NHS Canterbury and Coastal CCG,11/30/2018,PRC DELEGATED CO-COMMISSIONING,NORTHGATE MEDICAL PRACTICE,24743072,"$3,143.00 "
Department of Health,NHS Canterbury and Coastal CCG,11/30/2018,PRC DELEGATED CO-COMMISSIONING,NORTHGATE MEDICAL PRACTICE,24743072,$36.80 
Department of Health,NHS Canterbury and Coastal CCG,11/30/2018,PRC DELEGATED CO-COMMISSIONING,NORTHGATE MEDICAL PRACTICE,24743072,"$5,745.36 "
Department of Health,NHS Canterbury and Coastal CCG,11/30/2018,PRC DELEGATED CO-COMMISSIONING,NORTHGATE MEDICAL PRACTICE,24743072,"$5,825.72 "
Department of Health,NHS Canterbury and Coastal CCG,11/30/2018,PRC DELEGATED CO-COMMISSIONING,WILLIAM STREET SURGERY,24743074,"$33,658.49 "
Department of Health,NHS Canterbury and Coastal CCG,11/30/2018,PRC DELEGATED CO-COMMISSIONING,WILLIAM STREET SURGERY,24743074,"$1,465.43 "
Department of Health,NHS Canterbury and Coastal CCG,11/30/2018,PRC DELEGATED CO-COMMISSIONING,WILLIAM STREET SURGERY,24743074,$691.67 
Department of Health,NHS Canterbury and Coastal CCG,11/30/2018,PRC DELEGATED CO-COMMISSIONING,CANTERBURY MEDICAL PRACTICE,24743076,$800.00 
Department of Health,NHS Canterbury and Coastal CCG,11/30/2018,PRC DELEGATED CO-COMMISSIONING,CANTERBURY MEDICAL PRACTICE,24743076,"$152,690.15 "
Department of Health,NHS Canterbury and Coastal CCG,11/30/2018,PRC DELEGATED CO-COMMISSIONING,CANTERBURY MEDICAL PRACTICE,24743076,"$2,157.54 "
Department of Health,NHS Canterbury and Coastal CCG,11/30/2018,PRC DELEGATED CO-COMMISSIONING,CANTERBURY MEDICAL PRACTICE,24743076,"$8,662.50 "
Department of Health,NHS Canterbury and Coastal CCG,11/30/2018,PRC DELEGATED CO-COMMISSIONING,CANTERBURY MEDICAL PRACTICE,24743076,"$3,942.00 "
Department of Health,NHS Canterbury and Coastal CCG,11/30/2018,AMBULANCE SERVICES,SOUTH EAST COAST AMBULANCE SERVICE NHS FOUNDATION TRUST,24748157,"$116,815.93 "
Department of Health,NHS Canterbury and Coastal CCG,11/30/2018,AMBULANCE SERVICES,SOUTH EAST COAST AMBULANCE SERVICE NHS FOUNDATION TRUST,24748162,"$104,071.40 "
Department of Health,NHS Canterbury and Coastal CCG,11/30/2018,AMBULANCE SERVICES,SOUTH EAST COAST AMBULANCE SERVICE NHS FOUNDATION TRUST,24748164,"$108,434.93 "
Department of Health,NHS Canterbury and Coastal CCG,11/30/2018,AMBULANCE SERVICES,SOUTH EAST COAST AMBULANCE SERVICE NHS FOUNDATION TRUST,24748165,"$113,747.43 "
Department of Health,NHS Canterbury and Coastal CCG,11/30/2018,GP FORWARD VIEW,ENCOMPASS GP PARTNERSHIP LTD,24748206,"$44,942.75 "
Department of Health,NHS Canterbury and Coastal CCG,11/30/2018,LOCAL ENHANCED SERVICES,DR RG SIGURDSSON & PARTNERS,24757988,"$15,196.21 "
Department of Health,NHS Canterbury and Coastal CCG,11/30/2018,PRC DELEGATED CO-COMMISSIONING,DR RG SIGURDSSON & PARTNERS,24757988,"$159,345.15 "
Department of Health,NHS Canterbury and Coastal CCG,11/30/2018,PRC DELEGATED CO-COMMISSIONING,DR RG SIGURDSSON & PARTNERS,24757988,"$5,013.06 "
Department of Health,NHS Canterbury and Coastal CCG,11/30/2018,PRC DELEGATED CO-COMMISSIONING,DR RG SIGURDSSON & PARTNERS,24757988,"$2,853.00 "
Department of Health,NHS Canterbury and Coastal CCG,11/30/2018,PRC DELEGATED CO-COMMISSIONING,DR RG SIGURDSSON & PARTNERS,24757988,"$2,697.09 "
Department of Health,NHS Canterbury and Coastal CCG,11/30/2018,PRC DELEGATED CO-COMMISSIONING,DR RG SIGURDSSON & PARTNERS,24757988,"$4,746.56 "
Department of Health,NHS Canterbury and Coastal CCG,11/30/2018,PRC DELEGATED CO-COMMISSIONING,DR RG SIGURDSSON & PARTNERS,24757988,"$8,909.92 "
Department of Health,NHS Canterbury and Coastal CCG,11/30/2018,PRC DELEGATED CO-COMMISSIONING,DR RG SIGURDSSON & PARTNERS,24757988,"$9,883.23 "
Department of Health,NHS Canterbury and Coastal CCG,11/30/2018,PRC DELEGATED CO-COMMISSIONING,DR RG SIGURDSSON & PARTNERS,24757988,"$4,786.17 "
Department of Health,NHS Canterbury and Coastal CCG,11/30/2018,AMBULANCE SERVICES,SOUTH EAST COAST AMBULANCE SERVICE NHS FOUNDATION TRUST,24763702,"$198,488.02 "
Department of Health,NHS Canterbury and Coastal CCG,11/30/2018,AMBULANCE SERVICES,SOUTH EAST COAST AMBULANCE SERVICE NHS FOUNDATION TRUST,24763712,"$170,557.18 "
Department of Health,NHS Canterbury and Coastal CCG,11/30/2018,AMBULANCE SERVICES,SOUTH EAST COAST AMBULANCE SERVICE NHS FOUNDATION TRUST,24763715,"$87,388.34 "
Department of Health,NHS Canterbury and Coastal CCG,11/30/2018,AMBULANCE SERVICES,SOUTH EAST COAST AMBULANCE SERVICE NHS FOUNDATION TRUST,24763757,"$142,641.29 "
Department of Health,NHS Canterbury and Coastal CCG,11/30/2018,NHS 111,INTEGRATED CARE 24 LTD,24763758,"$79,692.20 "
Department of Health,NHS Canterbury and Coastal CCG,11/30/2018,OUT OF HOURS,INTEGRATED CARE 24 LTD,24763758,"$157,172.58 "
Department of Health,NHS Canterbury and Coastal CCG,11/30/2018,GP FORWARD VIEW,ENCOMPASS GP PARTNERSHIP LTD,24763766,"$125,032.69 "
Department of Health,NHS Canterbury and Coastal CCG,11/30/2018,NHS 111,INTEGRATED CARE 24 LTD,24763773,"$79,692.20 "
Department of Health,NHS Canterbury and Coastal CCG,11/30/2018,OUT OF HOURS,INTEGRATED CARE 24 LTD,24763773,"$157,172.58 "
Department of Health,NHS Canterbury and Coastal CCG,11/30/2018,NHS 111,INTEGRATED CARE 24 LTD,24763775,"($79,692.20)"
Department of Health,NHS Canterbury and Coastal CCG,11/30/2018,OUT OF HOURS,INTEGRATED CARE 24 LTD,24763775,"($157,172.58)"
Department of Health,NHS Canterbury and Coastal CCG,11/30/2018,PLANNED CARE,SOUTHEAST ULTRASOUND LTD,24763781,"$25,450.44 "
Department of Health,NHS Canterbury and Coastal CCG,11/30/2018,AMBULANCE SERVICES,SOUTH EAST COAST AMBULANCE SERVICE NHS FOUNDATION TRUST,24763792,"$778,035.97 "
Department of Health,NHS Canterbury and Coastal CCG,11/30/2018,AMBULANCE SERVICES,SOUTH EAST COAST AMBULANCE SERVICE NHS FOUNDATION TRUST,24763795,"$486,717.70 "
Department of Health,NHS Canterbury and Coastal CCG,11/30/2018,CHC ADULT FULLY FUNDED,LARCHWOOD CARE HOMES (SOUTH) LTD,24763816,"$40,113.47 "
Department of Health,NHS Canterbury and Coastal CCG,11/30/2018,ACUTE COMMISSIONING,EAST KENT HOSPITALS UNIVERSITY NHS FOUNDATION TRUST,24763900,"$961,851.08 "
Department of Health,NHS Canterbury and Coastal CCG,11/30/2018,ACUTE COMMISSIONING,EAST KENT HOSPITALS UNIVERSITY NHS FOUNDATION TRUST,24763902,"$8,656,659.68 "
Department of Health,NHS Canterbury and Coastal CCG,11/30/2018,LOCAL ENHANCED SERVICES,DR KINNERSLEY D S & PARTNER,24781103,"($52,893.80)"
Department of Health,NHS Canterbury and Coastal CCG,11/30/2018,PRC DELEGATED CO-COMMISSIONING,DR KINNERSLEY D S & PARTNER,24781103,"($3,088.80)"
Department of Health,NHS Canterbury and Coastal CCG,11/30/2018,LOCAL ENHANCED SERVICES,DR KINNERSLEY D S & PARTNER,24781104,"$116,258.85 "
Department of Health,NHS Canterbury and Coastal CCG,11/30/2018,PRC DELEGATED CO-COMMISSIONING,DR KINNERSLEY D S & PARTNER,24781104,"$20,151.40 "
Department of Health,NHS Canterbury and Coastal CCG,11/30/2018,LOCAL ENHANCED SERVICES,DR KINNERSLEY D S & PARTNER,24781104,"$3,088.80 "
Department of Health,NHS Canterbury and Coastal CCG,11/30/2018,LOCAL ENHANCED SERVICES,NORTHGATE MEDICAL PRACTICE,24781108,"$48,787.55 "
Department of Health,NHS Canterbury and Coastal CCG,11/30/2018,PRC DELEGATED CO-COMMISSIONING,NORTHGATE MEDICAL PRACTICE,24781108,"$8,606.16 "
Department of Health,NHS Canterbury and Coastal CCG,11/30/2018,LOCAL ENHANCED SERVICES,NORTHGATE MEDICAL PRACTICE,24781108,"$1,381.60 "
Department of Health,NHS Canterbury and Coastal CCG,11/30/2018,LOCAL ENHANCED SERVICES,CANTERBURY MEDICAL PRACTICE,24781111,"($26,849.16)"
Department of Health,NHS Canterbury and Coastal CCG,11/30/2018,PRC DELEGATED CO-COMMISSIONING,CANTERBURY MEDICAL PRACTICE,24781111,"($1,399.20)"
Department of Health,NHS Canterbury and Coastal CCG,11/30/2018,LOCAL ENHANCED SERVICES,CANTERBURY MEDICAL PRACTICE,24781112,"$64,277.86 "
Department of Health,NHS Canterbury and Coastal CCG,11/30/2018,PRC DELEGATED CO-COMMISSIONING,CANTERBURY MEDICAL PRACTICE,24781112,"$8,154.41 "
Department of Health,NHS Canterbury and Coastal CCG,11/30/2018,LOCAL ENHANCED SERVICES,CANTERBURY MEDICAL PRACTICE,24781112,"$1,399.20 "
Department of Health,NHS Canterbury and Coastal CCG,11/30/2018,COMMUNITY SERVICES,NOTTINGHAM REHAB LTD,24796991,"$105,665.90 "
Department of Health,NHS Canterbury and Coastal CCG,11/30/2018,COMMUNITY SERVICES,KENT COMMUNITY HEALTH NHS FOUNDATION TRUST,24832138,"($106,413.73)"
Department of Health,NHS Canterbury and Coastal CCG,11/30/2018,WHEELCHAIR SERVICE,MILLBROOK HEALTHCARE LTD,24832192,"$53,656.67 "
Department of Health,NHS Canterbury and Coastal CCG,11/30/2018,URGENT CARE,FAVERSHAM MEDICAL PRACTICE,24832268,"$39,900.00 "
Department of Health,NHS Canterbury and Coastal CCG,11/30/2018,URGENT CARE,WHITSTABLE MEDICAL PRACTICE,24832354,"$130,438.00 "
Department of Health,NHS Canterbury and Coastal CCG,11/30/2018,IMPROVING ACCESS TO PSYCHOLOGICAL THERAPIES,PSICON LTD,24835660,"$26,570.00 "
Department of Health,NHS Canterbury and Coastal CCG,11/30/2018,CORPORATE COSTS & SERVICES,MAIDSTONE AND TUNBRIDGE WELLS NHS TRUST,24916558,"$16,057.38 "
Department of Health,NHS Canterbury and Coastal CCG,11/30/2018,PROGRAMME PROJECTS,MAIDSTONE AND TUNBRIDGE WELLS NHS TRUST,24916558,"$35,740.62 "
Department of Health,NHS Canterbury and Coastal CCG,11/30/2018,NHS 111,HEALTH NAVIGATOR LTD,24916565,"$96,000.00 "
Department of Health,NHS Canterbury and Coastal CCG,11/30/2018,PLANNED CARE,DR RG SIGURDSSON & PARTNERS,24916578,"$32,517.50 "
Department of Health,NHS Canterbury and Coastal CCG,11/30/2018,LOCAL ENHANCED SERVICES,WHITSTABLE MEDICAL PRACTICE,24916593,"$3,367.08 "
Department of Health,NHS Canterbury and Coastal CCG,11/30/2018,LOCAL ENHANCED SERVICES,WHITSTABLE MEDICAL PRACTICE,24916593,$161.34 
Department of Health,NHS Canterbury and Coastal CCG,11/30/2018,LOCAL ENHANCED SERVICES,WHITSTABLE MEDICAL PRACTICE,24916593,"$12,568.80 "
Department of Health,NHS Canterbury and Coastal CCG,11/30/2018,LOCAL ENHANCED SERVICES,WHITSTABLE MEDICAL PRACTICE,24916593,$30.45 
Department of Health,NHS Canterbury and Coastal CCG,11/30/2018,LOCAL ENHANCED SERVICES,WHITSTABLE MEDICAL PRACTICE,24916593,$456.75 
Department of Health,NHS Canterbury and Coastal CCG,11/30/2018,LOCAL ENHANCED SERVICES,WHITSTABLE MEDICAL PRACTICE,24916593,"$6,069.00 "
Department of Health,NHS Canterbury and Coastal CCG,11/30/2018,LOCAL ENHANCED SERVICES,WHITSTABLE MEDICAL PRACTICE,24916593,"$3,978.36 "
Department of Health,NHS Canterbury and Coastal CCG,11/30/2018,LOCAL ENHANCED SERVICES,WHITSTABLE MEDICAL PRACTICE,24916593,"$4,891.48 "
Department of Health,NHS Canterbury and Coastal CCG,11/30/2018,LOCAL ENHANCED SERVICES,WHITSTABLE MEDICAL PRACTICE,24916593,"$1,427.38 "
Department of Health,NHS Canterbury and Coastal CCG,11/30/2018,COMMISSIONING - NON ACUTE,NHS SOUTH KENT COAST CCG,24916625,"$50,000.00 "
Department of Health,NHS Canterbury and Coastal CCG,11/30/2018,NCAS/OATS,SPIRE HEALTHCARE LTD,24916658,"$26,897.46 "
Department of Health,NHS Canterbury and Coastal CCG,11/30/2018,IMPROVING ACCESS TO PSYCHOLOGICAL THERAPIES,UNIVERSITY MEDICAL CENTRE CANTERBURY,24916674,"$80,270.00 "
Department of Health,NHS Canterbury and Coastal CCG,11/30/2018,ACUTE COMMISSIONING,MAIDSTONE AND TUNBRIDGE WELLS NHS TRUST,24916676,"$47,386.00 "
Department of Health,NHS Canterbury and Coastal CCG,11/30/2018,PLANNED CARE,WHITSTABLE MEDICAL PRACTICE,24916687,"$46,757.00 "
Department of Health,NHS Canterbury and Coastal CCG,11/30/2018,ACUTE COMMISSIONING,UNIVERSITY COLLEGE LONDON HOSPITALS NHS FOUNDATION TRUST,24916704,"$70,347.00 "
Department of Health,NHS Canterbury and Coastal CCG,11/30/2018,COMMUNITY SERVICES,KENT COMMUNITY HEALTH NHS FOUNDATION TRUST,24916708,"$2,066,110.00 "
Department of Health,NHS Canterbury and Coastal CCG,11/30/2018,NCAS/OATS,KENT INSTITUTE OF MEDICINE & SURGERY,24916713,"$123,097.58 "
Department of Health,NHS Canterbury and Coastal CCG,11/30/2018,PLANNED CARE,BMI HEALTHCARE LTD,24916744,"$143,973.78 "
Department of Health,NHS Canterbury and Coastal CCG,11/30/2018,ACUTE COMMISSIONING,GUYS & ST THOMAS HOSPITAL NHS FOUNDATION TRUST,24916747,"$197,779.00 "
Department of Health,NHS Canterbury and Coastal CCG,11/30/2018,PLANNED CARE,CANTERBURY MEDICAL PRACTICE,24922511,"$31,530.50 "
Department of Health,NHS Canterbury and Coastal CCG,11/30/2018,REABLEMENT,KENT COUNTY COUNCIL (EXCH SEC MAIDSTONE),24922525,"$1,092,119.00 "
Department of Health,NHS Canterbury and Coastal CCG,11/30/2018,WHEELCHAIR SERVICE,MILLBROOK HEALTHCARE LTD,24938452,"$50,275.50 "
Department of Health,NHS Canterbury and Coastal CCG,11/30/2018,ACUTE COMMISSIONING,KING`S COLLEGE HOSPITAL NHS FOUNDATION TRUST,24938489,"$221,451.00 "
Department of Health,NHS Canterbury and Coastal CCG,11/30/2018,CORPORATE COSTS & SERVICES,OPTUM HEALTH SOLUTIONS (UK) LTD,24938539,"$57,069.90 "
Department of Health,NHS Canterbury and Coastal CCG,11/30/2018,NCAS/OATS,MOORFIELDS EYE HOSPITAL NHS FOUNDATION TRUST,24942817,"$25,322.00 "
Department of Health,NHS Canterbury and Coastal CCG,11/30/2018,PRC DELEGATED CO-COMMISSIONING,DR RG SIGURDSSON & PARTNERS,24963988,"$10,334.10 "
Department of Health,NHS Canterbury and Coastal CCG,11/30/2018,PRC DELEGATED CO-COMMISSIONING,DR RG SIGURDSSON & PARTNERS,24963988,"$3,206.23 "
Department of Health,NHS Canterbury and Coastal CCG,11/30/2018,PRC DELEGATED CO-COMMISSIONING,DR RG SIGURDSSON & PARTNERS,24963988,"$21,555.77 "
Department of Health,NHS Canterbury and Coastal CCG,11/30/2018,PRC DELEGATED CO-COMMISSIONING,ST ANNES GROUP PRACTICE,24963993,"$9,008.38 "
Department of Health,NHS Canterbury and Coastal CCG,11/30/2018,PRC DELEGATED CO-COMMISSIONING,ST ANNES GROUP PRACTICE,24963993,"$3,192.38 "
Department of Health,NHS Canterbury and Coastal CCG,11/30/2018,PRC DELEGATED CO-COMMISSIONING,ST ANNES GROUP PRACTICE,24963993,"$17,709.08 "
Department of Health,NHS Canterbury and Coastal CCG,11/30/2018,PRC DELEGATED CO-COMMISSIONING,DR JM RIBCHESTER & PARTNERS,24963995,"$1,960.00 "
Department of Health,NHS Canterbury and Coastal CCG,11/30/2018,PRC DELEGATED CO-COMMISSIONING,DR JM RIBCHESTER & PARTNERS,24963995,"$4,980.92 "
Department of Health,NHS Canterbury and Coastal CCG,11/30/2018,PRC DELEGATED CO-COMMISSIONING,DR JM RIBCHESTER & PARTNERS,24963995,"$34,668.45 "
Department of Health,NHS Canterbury and Coastal CCG,11/30/2018,PRC DELEGATED CO-COMMISSIONING,CANTERBURY MEDICAL PRACTICE,24963997,"$9,921.33 "
Department of Health,NHS Canterbury and Coastal CCG,11/30/2018,PRC DELEGATED CO-COMMISSIONING,CANTERBURY MEDICAL PRACTICE,24963997,"$2,271.15 "
Department of Health,NHS Canterbury and Coastal CCG,11/30/2018,PRC DELEGATED CO-COMMISSIONING,CANTERBURY MEDICAL PRACTICE,24963997,"$6,700.00 "
Department of Health,NHS Canterbury and Coastal CCG,11/30/2018,PRC DELEGATED CO-COMMISSIONING,CANTERBURY MEDICAL PRACTICE,24963997,"$16,888.81 "
,,,,,,
