NHS DDES CCG - Invoices over �25k - November 2018,,,,,,,
Department family,Entity,Date,Expense Type,Expense area,Supplier,Transaction number,AP Amount �
Department of Health,NHS DDES CCG,11/30/2018,Hcare Srv Rec Fdtn Trust-Contract Baseline,ACUTE COMMISSIONING,CITY HOSPITALS SUNDERLAND FOUNDATION NHS TRUST,24754391,2994983.00
Department of Health,NHS DDES CCG,11/30/2018,Hcare Srv Rec Fdtn Trust-Contract Baseline,ACUTE COMMISSIONING,CITY HOSPITALS SUNDERLAND FOUNDATION NHS TRUST,24817011,2994983.00
Department of Health,NHS DDES CCG,11/30/2018,Hcare Srv Rec Fdtn Trust-Contract Baseline,ACUTE COMMISSIONING,COUNTY DURHAM AND DARLINGTON NHS FOUNDATION TRUST,24943016,9487807.00
Department of Health,NHS DDES CCG,11/30/2018,Hcare Srv Rec Fdtn Trust-Contract Baseline,ACUTE COMMISSIONING,GATESHEAD HEALTH NHS FOUNDATION TRUST,24787959,105833.00
Department of Health,NHS DDES CCG,11/30/2018,Hcare Srv Rec Fdtn Trust-Contract Baseline,ACUTE COMMISSIONING,NEWCASTLE UPON TYNE HOSPITALS NHS FOUNDATION TRUST,24716051,539166.66
Department of Health,NHS DDES CCG,11/30/2018,Hcare Srv Rec Fdtn Trust-Contract Baseline,ACUTE COMMISSIONING,NORTH TEES & HARTLEPOOL NHS FOUNDATION TRUST,24050644,70971.00
Department of Health,NHS DDES CCG,11/30/2018,Hcare Srv Rec Fdtn Trust-Contract Baseline,ACUTE COMMISSIONING,NORTH TEES & HARTLEPOOL NHS FOUNDATION TRUST,24922539,2732704.00
Department of Health,NHS DDES CCG,11/30/2018,Hcare Srv Rec Fdtn Trust-Contract Baseline,ACUTE COMMISSIONING,SOUTH TEES HOSPITALS NHS FOUNDATION TRUST,24943005,878733.00
Department of Health,NHS DDES CCG,11/30/2018,Hcare Srv Rec Fdtn Trust-Contract Baseline,AMBULANCE SERVICES,NORTH EAST AMBULANCE SERVICES NHS TRUST,24621108,1070567.20
Department of Health,NHS DDES CCG,11/30/2018,Hcare Srv Rec Fdtn Trust-Contract Baseline,COMMUNITY SERVICES,COUNTY DURHAM AND DARLINGTON NHS FOUNDATION TRUST,24942929,274747.00
Department of Health,NHS DDES CCG,11/30/2018,Hcare Srv Rec Fdtn Trust-Contract Baseline,COMMUNITY SERVICES,COUNTY DURHAM AND DARLINGTON NHS FOUNDATION TRUST,24942930,161160.00
Department of Health,NHS DDES CCG,11/30/2018,Hcare Srv Rec Fdtn Trust-Contract Baseline,COMMUNITY SERVICES,COUNTY DURHAM AND DARLINGTON NHS FOUNDATION TRUST,24943011,2879943.00
Department of Health,NHS DDES CCG,11/30/2018,Hcare Srv Rec Fdtn Trust-Contract Baseline,COMMUNITY SERVICES,COUNTY DURHAM AND DARLINGTON NHS FOUNDATION TRUST,24957976,113587.00
Department of Health,NHS DDES CCG,11/30/2018,Hcare Srv Rec Fdtn Trust-Contract Baseline,COMMUNITY SERVICES,COUNTY DURHAM AND DARLINGTON NHS FOUNDATION TRUST,24957979,113587.00
Department of Health,NHS DDES CCG,11/30/2018,Hcare Srv Rec Fdtn Trust-Contract Baseline,COMMUNITY SERVICES,NORTH TEES & HARTLEPOOL NHS FOUNDATION TRUST,24922537,96886.00
Department of Health,NHS DDES CCG,11/30/2018,Hcare Srv Rec Fdtn Trust-Contract Baseline,COMMUNITY SERVICES,NORTH TEES & HARTLEPOOL NHS FOUNDATION TRUST,24942927,69659.80
Department of Health,NHS DDES CCG,11/30/2018,Hcare Srv Rec Fdtn Trust-Contract Baseline,IMPROVING ACCESS TO PSYCHOLOGICAL THERAPIES,TEES ESK & WEAR VALLEYS NHS FOUNDATION TRUST,24638928,151016.43
Department of Health,NHS DDES CCG,11/30/2018,Hcare Srv Rec Fdtn Trust-Contract Baseline,MENTAL HEALTH CONTRACTS,NORTHUMBERLAND TYNE AND WEAR NHS FOUNDATION TRUST,24942928,93585.00
Department of Health,NHS DDES CCG,11/30/2018,Hcare Srv Rec Fdtn Trust-Contract Baseline,MENTAL HEALTH CONTRACTS,TEES ESK & WEAR VALLEYS NHS FOUNDATION TRUST,24620314,3698534.21
Department of Health,NHS DDES CCG,11/30/2018,Hcare Srv Rec Fdtn Trust-Contract Baseline,NHS 111,NORTH EAST AMBULANCE SERVICES NHS TRUST,24621104,107811.00
Department of Health,NHS DDES CCG,11/30/2018,Clinical&Medical-Independent Sector,ACUTE COMMISSIONING,ALLIANCE MEDICAL LTD,24656423,34495.00
Department of Health,NHS DDES CCG,11/30/2018,Clinical&Medical-Independent Sector,ACUTE COMMISSIONING,ALLIANCE MEDICAL LTD,24656431,26769.00
Department of Health,NHS DDES CCG,11/30/2018,Clinical&Medical-Independent Sector,ACUTE COMMISSIONING,BMI HEALTHCARE LTD,24893043,317372.36
Department of Health,NHS DDES CCG,11/30/2018,Clinical&Medical-Independent Sector,ACUTE COMMISSIONING,NUFFIELD HEALTH,24598914,-25355.00
Department of Health,NHS DDES CCG,11/30/2018,Clinical&Medical-Independent Sector,ACUTE COMMISSIONING,NUFFIELD HEALTH,24894036,48273.08
Department of Health,NHS DDES CCG,11/30/2018,Clinical&Medical-Independent Sector,ACUTE COMMISSIONING,SPIRE HEALTHCARE LTD,24558775,63781.00
Department of Health,NHS DDES CCG,11/30/2018,Clinical&Medical-Independent Sector,COMMUNITY SERVICES,INTRAHEALTH LTD,24717001,34850.00
Department of Health,NHS DDES CCG,11/30/2018,Clinical&Medical-Independent Sector,COMMUNITY SERVICES,MEDEQUIP ASSISTIVE TECHNOLOGY LTD,24815856,266528.40
Department of Health,NHS DDES CCG,11/30/2018,Clinical&Medical-Independent Sector,COMMUNITY SERVICES,PRIMARY EYECARE NORTH LTD,24942926,27594.00
Department of Health,NHS DDES CCG,11/30/2018,Clinical&Medical-Independent Sector,COMMUNITY SERVICES,SPECSAVERS HEARCARE LTD,24467555,55536.00
Department of Health,NHS DDES CCG,11/30/2018,Clinical&Medical-Independent Sector,MENTAL HEALTH SERVICES - ADULTS,PIONEERING CARE PARTNERSHIP,24406823,-51250.00
Department of Health,NHS DDES CCG,11/30/2018,Clinical&Medical-Independent Sector,WINTER PRESSURES,DURHAM DALES HEALTH FEDERATION,24575730,152801.00
Department of Health,NHS DDES CCG,11/30/2018,Clinical&Medical-Independent Sector,WINTER PRESSURES,SOUTH DURHAM HEALTH CIC,24969959,237498.00
Department of Health,NHS DDES CCG,11/30/2018,Clinical&Medical-Independent Sector,Mental Health Services - S117 Mental Health,LIFEWAYS COMMUNITY CARE LTD,24629986,37465.29
Department of Health,NHS DDES CCG,11/30/2018,Clinical&Medical-Independent Sector,Learning Difficulties - S117,ESSENTIAL CARE & SUPPORT LTD,24923798,42945.26
Department of Health,NHS DDES CCG,11/30/2018,Clinical&Medical-Independent Sector,Learning Difficulties - S117,ESSENTIAL CARE & SUPPORT LTD,24961715,31366.16
Department of Health,NHS DDES CCG,11/30/2018,Hcare Srv Rec Fdtn Trust-Non Contract,HOSPICES,SOUTH TYNESIDE NHS FOUNDATION TRUST,24838645,80934.91
Department of Health,NHS DDES CCG,11/30/2018,Hcare Srv Rec Fdtn Trust-Non Contract,MENTAL HEALTH CONTRACTS,TEES ESK & WEAR VALLEYS NHS FOUNDATION TRUST,24885000,115566.00
Department of Health,NHS DDES CCG,11/30/2018,Hcare Srv Rec Fdtn Trust-Non Contract,MENTAL HEALTH CONTRACTS,TEES ESK & WEAR VALLEYS NHS FOUNDATION TRUST,24885004,33999.00
Department of Health,NHS DDES CCG,11/30/2018,Hcare Srv Rec Fdtn Trust-Non Contract,NCAS/OATS,SOUTH TYNESIDE NHS FOUNDATION TRUST,24851014,30394.38
Department of Health,NHS DDES CCG,11/30/2018,Hcare Srv Rec Fdtn Trust-Non Contract,URGENT CARE,CITY HOSPITALS SUNDERLAND FOUNDATION NHS TRUST,24574595,45114.00
Department of Health,NHS DDES CCG,11/30/2018,Hcare Srv Rec Fdtn Trust-Non Contract,URGENT CARE,GATESHEAD HEALTH NHS FOUNDATION TRUST,24598910,45114.00
Department of Health,NHS DDES CCG,11/30/2018,Hcare Srv Rec Fdtn Trust-Non Contract,URGENT CARE,NORTHUMBRIA HEALTHCARE NHS FOUNDATION TRUST,24817010,45114.00
Department of Health,NHS DDES CCG,11/30/2018,Charges from CSU,CONTINUING HEALTHCARE ASSESSMENT & SUPPORT,NHS NORTH OF ENGLAND CSU,24656434,37667.00
Department of Health,NHS DDES CCG,11/30/2018,Charges from CSU,PRIMARY CARE IT,NHS NORTH OF ENGLAND CSU,24656434,62950.00
Department of Health,NHS DDES CCG,11/30/2018,Charges from CSU,URGENT CARE,NHS NORTH OF ENGLAND CSU,24966046,165181.50
Department of Health,NHS DDES CCG,11/30/2018,Charges from CSU,CORPORATE COSTS & SERVICES,NHS NORTH OF ENGLAND CSU,24656434,269250.00
Department of Health,NHS DDES CCG,11/30/2018,Charges from CSU,LEARNING DIFFICULTIES,NHS NORTH OF ENGLAND CSU,24656434,5072.00
Department of Health,NHS DDES CCG,11/30/2018,C&M-GMS/PMS,LOCAL ENHANCED SERVICES,AUCKLAND MEDICAL GROUP,24806237,-34484.16
Department of Health,NHS DDES CCG,11/30/2018,C&M-GMS/PMS,LOCAL ENHANCED SERVICES,AUCKLAND MEDICAL GROUP,24806238,72780.35
Department of Health,NHS DDES CCG,11/30/2018,C&M-GMS/PMS,LOCAL ENHANCED SERVICES,BARNARD CASTLE SURGERY,24806241,-45122.30
Department of Health,NHS DDES CCG,11/30/2018,C&M-GMS/PMS,LOCAL ENHANCED SERVICES,BARNARD CASTLE SURGERY,24806242,100006.95
Department of Health,NHS DDES CCG,11/30/2018,C&M-GMS/PMS,LOCAL ENHANCED SERVICES,BEWICK CRESCENT SURGERY,24806274,53889.08
Department of Health,NHS DDES CCG,11/30/2018,C&M-GMS/PMS,LOCAL ENHANCED SERVICES,BISHOPGATE MEDICAL CENTRE,24823010,32445.89
Department of Health,NHS DDES CCG,11/30/2018,C&M-GMS/PMS,LOCAL ENHANCED SERVICES,EVENWOOD MEDICAL PRACTICE,24823011,22182.30
Department of Health,NHS DDES CCG,11/30/2018,C&M-GMS/PMS,LOCAL ENHANCED SERVICES,GAINFORD SURGERY,24806246,-35147.38
Department of Health,NHS DDES CCG,11/30/2018,C&M-GMS/PMS,LOCAL ENHANCED SERVICES,GAINFORD SURGERY,24806247,74686.85
Department of Health,NHS DDES CCG,11/30/2018,C&M-GMS/PMS,LOCAL ENHANCED SERVICES,LONG & PARTNERS,24805900,31917.76
Department of Health,NHS DDES CCG,11/30/2018,C&M-GMS/PMS,LOCAL ENHANCED SERVICES,OLD FORGE SURGERY,24678495,31603.61
Department of Health,NHS DDES CCG,11/30/2018,C&M-GMS/PMS,LOCAL ENHANCED SERVICES,OLD FORGE SURGERY,24806257,43568.96
Department of Health,NHS DDES CCG,11/30/2018,C&M-GMS/PMS,LOCAL ENHANCED SERVICES,PINFOLD MEDICAL GROUP,24806260,47117.09
Department of Health,NHS DDES CCG,11/30/2018,C&M-GMS/PMS,LOCAL ENHANCED SERVICES,WALLER & NEVILLE,24806268,30758.06
Department of Health,NHS DDES CCG,11/30/2018,C&M-GMS/PMS,PRC DELEGATED CO-COMMISSIONING,ABBOTT & PATEL,24665343,55634.41
Department of Health,NHS DDES CCG,11/30/2018,C&M-GMS/PMS,PRC DELEGATED CO-COMMISSIONING,AUCKLAND MEDICAL GROUP,24665339,142726.72
Department of Health,NHS DDES CCG,11/30/2018,C&M-GMS/PMS,PRC DELEGATED CO-COMMISSIONING,AUCKLAND MEDICAL GROUP,24806237,-827.20
Department of Health,NHS DDES CCG,11/30/2018,C&M-GMS/PMS,PRC DELEGATED CO-COMMISSIONING,AUCKLAND MEDICAL GROUP,24806238,17316.30
Department of Health,NHS DDES CCG,11/30/2018,C&M-GMS/PMS,PRC DELEGATED CO-COMMISSIONING,AVENUE MEDICAL CENTRE DENESIDE SEAHAM,24665341,48670.08
Department of Health,NHS DDES CCG,11/30/2018,C&M-GMS/PMS,PRC DELEGATED CO-COMMISSIONING,BARNARD CASTLE SURGERY,24665345,105688.18
Department of Health,NHS DDES CCG,11/30/2018,C&M-GMS/PMS,PRC DELEGATED CO-COMMISSIONING,BARNARD CASTLE SURGERY,24806241,-2543.20
Department of Health,NHS DDES CCG,11/30/2018,C&M-GMS/PMS,PRC DELEGATED CO-COMMISSIONING,BARNARD CASTLE SURGERY,24806242,24113.51
Department of Health,NHS DDES CCG,11/30/2018,C&M-GMS/PMS,PRC DELEGATED CO-COMMISSIONING,BEWICK CRESCENT SURGERY,24665398,136465.60
Department of Health,NHS DDES CCG,11/30/2018,C&M-GMS/PMS,PRC DELEGATED CO-COMMISSIONING,BEWICK CRESCENT SURGERY,24806274,8120.63
Department of Health,NHS DDES CCG,11/30/2018,C&M-GMS/PMS,PRC DELEGATED CO-COMMISSIONING,BISHOPGATE MEDICAL CENTRE,24693984,138542.61
Department of Health,NHS DDES CCG,11/30/2018,C&M-GMS/PMS,PRC DELEGATED CO-COMMISSIONING,BISHOPGATE MEDICAL CENTRE,24823010,5041.66
Department of Health,NHS DDES CCG,11/30/2018,C&M-GMS/PMS,PRC DELEGATED CO-COMMISSIONING,BISHOPS CLOSE MEDICAL PRACTICE,24671372,77336.29
Department of Health,NHS DDES CCG,11/30/2018,C&M-GMS/PMS,PRC DELEGATED CO-COMMISSIONING,BURRELL & PARTNERS,24665348,117204.31
Department of Health,NHS DDES CCG,11/30/2018,C&M-GMS/PMS,PRC DELEGATED CO-COMMISSIONING,CHANDY J,24693985,73125.07
Department of Health,NHS DDES CCG,11/30/2018,C&M-GMS/PMS,PRC DELEGATED CO-COMMISSIONING,DR DINAH ROY,24665396,26558.55
Department of Health,NHS DDES CCG,11/30/2018,C&M-GMS/PMS,PRC DELEGATED CO-COMMISSIONING,EAST DURHAM MEDICAL GROUP,24825663,48058.14
Department of Health,NHS DDES CCG,11/30/2018,C&M-GMS/PMS,PRC DELEGATED CO-COMMISSIONING,EVENWOOD MEDICAL PRACTICE,24823011,8472.94
Department of Health,NHS DDES CCG,11/30/2018,C&M-GMS/PMS,PRC DELEGATED CO-COMMISSIONING,FERRYHILL & CHILTON MEDICAL GROUP,24665353,143629.75
Department of Health,NHS DDES CCG,11/30/2018,C&M-GMS/PMS,PRC DELEGATED CO-COMMISSIONING,GAINFORD SURGERY,24665355,34559.52
Department of Health,NHS DDES CCG,11/30/2018,C&M-GMS/PMS,PRC DELEGATED CO-COMMISSIONING,GAINFORD SURGERY,24806246,-2384.80
Department of Health,NHS DDES CCG,11/30/2018,C&M-GMS/PMS,PRC DELEGATED CO-COMMISSIONING,GAINFORD SURGERY,24806247,13712.47
Department of Health,NHS DDES CCG,11/30/2018,C&M-GMS/PMS,PRC DELEGATED CO-COMMISSIONING,HALLGARTH SURGERY,24665357,60124.70
Department of Health,NHS DDES CCG,11/30/2018,C&M-GMS/PMS,PRC DELEGATED CO-COMMISSIONING,HORDEN GROUP PRACTICE,24665359,75630.05
Department of Health,NHS DDES CCG,11/30/2018,C&M-GMS/PMS,PRC DELEGATED CO-COMMISSIONING,INTRAHEALTH EPMG,24665400,182535.71
Department of Health,NHS DDES CCG,11/30/2018,C&M-GMS/PMS,PRC DELEGATED CO-COMMISSIONING,JUBILEE MEDICAL GROUP NEWTON AYCLIFFE,24665361,111549.75
Department of Health,NHS DDES CCG,11/30/2018,C&M-GMS/PMS,PRC DELEGATED CO-COMMISSIONING,KAPOOR & PARTNERS,24665362,-28121.25
Department of Health,NHS DDES CCG,11/30/2018,C&M-GMS/PMS,PRC DELEGATED CO-COMMISSIONING,KAPOOR & PARTNERS,24665363,40722.54
Department of Health,NHS DDES CCG,11/30/2018,C&M-GMS/PMS,PRC DELEGATED CO-COMMISSIONING,LONG & PARTNERS,24671374,112397.11
Department of Health,NHS DDES CCG,11/30/2018,C&M-GMS/PMS,PRC DELEGATED CO-COMMISSIONING,LONG & PARTNERS,24805900,15777.50
Department of Health,NHS DDES CCG,11/30/2018,C&M-GMS/PMS,PRC DELEGATED CO-COMMISSIONING,MANSOUR SHS,24665367,38374.18
Department of Health,NHS DDES CCG,11/30/2018,C&M-GMS/PMS,PRC DELEGATED CO-COMMISSIONING,MARLBOROUGH SURGERY,24665365,133925.84
Department of Health,NHS DDES CCG,11/30/2018,C&M-GMS/PMS,PRC DELEGATED CO-COMMISSIONING,MURTON MEDICAL GROUP,24665371,73845.34
Department of Health,NHS DDES CCG,11/30/2018,C&M-GMS/PMS,PRC DELEGATED CO-COMMISSIONING,NEW SEAHAM MEDICAL GROUP,24665369,53529.27
Department of Health,NHS DDES CCG,11/30/2018,C&M-GMS/PMS,PRC DELEGATED CO-COMMISSIONING,NORTH HOUSE SURGERY CROOK,24665375,138587.13
Department of Health,NHS DDES CCG,11/30/2018,C&M-GMS/PMS,PRC DELEGATED CO-COMMISSIONING,OLD FORGE SURGERY,24665373,32249.35
Department of Health,NHS DDES CCG,11/30/2018,C&M-GMS/PMS,PRC DELEGATED CO-COMMISSIONING,OLD FORGE SURGERY,24678495,3696.21
Department of Health,NHS DDES CCG,11/30/2018,C&M-GMS/PMS,PRC DELEGATED CO-COMMISSIONING,OLD FORGE SURGERY,24806257,9113.55
Department of Health,NHS DDES CCG,11/30/2018,C&M-GMS/PMS,PRC DELEGATED CO-COMMISSIONING,PHOENIX MEDICAL GROUP,24665402,86251.33
Department of Health,NHS DDES CCG,11/30/2018,C&M-GMS/PMS,PRC DELEGATED CO-COMMISSIONING,PINFOLD MEDICAL GROUP,24665377,28267.74
Department of Health,NHS DDES CCG,11/30/2018,C&M-GMS/PMS,PRC DELEGATED CO-COMMISSIONING,PINFOLD MEDICAL GROUP,24806260,9162.27
Department of Health,NHS DDES CCG,11/30/2018,C&M-GMS/PMS,PRC DELEGATED CO-COMMISSIONING,POUNDER & PARTNERS,24665379,121095.37
Department of Health,NHS DDES CCG,11/30/2018,C&M-GMS/PMS,PRC DELEGATED CO-COMMISSIONING,RAMAKRISHNA GUPTA MD,24665381,32744.63
Department of Health,NHS DDES CCG,11/30/2018,C&M-GMS/PMS,PRC DELEGATED CO-COMMISSIONING,SKERNE MEDICAL GROUP,24671370,170478.53
Department of Health,NHS DDES CCG,11/30/2018,C&M-GMS/PMS,PRC DELEGATED CO-COMMISSIONING,SMITH J,24665383,55560.01
Department of Health,NHS DDES CCG,11/30/2018,C&M-GMS/PMS,PRC DELEGATED CO-COMMISSIONING,STATION VIEW MEDICAL CENTRE,24665385,109528.58
Department of Health,NHS DDES CCG,11/30/2018,C&M-GMS/PMS,PRC DELEGATED CO-COMMISSIONING,WALLER & NEVILLE,24665391,27758.81
Department of Health,NHS DDES CCG,11/30/2018,C&M-GMS/PMS,PRC DELEGATED CO-COMMISSIONING,WALLER & NEVILLE,24806268,6402.02
Department of Health,NHS DDES CCG,11/30/2018,C&M-GMS/PMS,PRC DELEGATED CO-COMMISSIONING,WEARDALE PRACTICE,24665393,90644.30
Department of Health,NHS DDES CCG,11/30/2018,C&M-GMS/PMS,PRC DELEGATED CO-COMMISSIONING,WEST CORNFORTH SURGERY,24665387,30395.25
Department of Health,NHS DDES CCG,11/30/2018,C&M-GMS/PMS,PRC DELEGATED CO-COMMISSIONING,WILLINGTON MEDICAL GROUP,24665389,85926.58
Department of Health,NHS DDES CCG,11/30/2018,C&M-GMS/PMS,PRC DELEGATED CO-COMMISSIONING,WINGATE PRACTICE,24665394,28913.27
Department of Health,NHS DDES CCG,11/30/2018,Clinical&Medical-Voluntary Sector,HOSPICES,MARIE CURIE,24688262,26187.50
Department of Health,NHS DDES CCG,11/30/2018,Prescribing,CENTRAL DRUGS,NUTRICIA LTD,24711650,49933.84
Department of Health,NHS DDES CCG,11/30/2018,Hcare Srv Rec NHS CCG-Contract Cost per Case,URGENT CARE,NHS SUNDERLAND CCG,24714591,28600.00
Department of Health,NHS DDES CCG,11/30/2018,Income tax <1Yr,BALANCE SHEET,HMRC,24740956,32728.00
Department of Health,NHS DDES CCG,11/30/2018,Income tax <1Yr-Student Loans,BALANCE SHEET,HMRC,24740956,277.00
Department of Health,NHS DDES CCG,11/30/2018,National Insurance < 1 yr-NI- ERS,BALANCE SHEET,HMRC,24740956,18490.85
Department of Health,NHS DDES CCG,11/30/2018,National Insurance < 1 yr-NI-EES,BALANCE SHEET,HMRC,24740956,12469.98
Department of Health,NHS DDES CCG,11/30/2018,Hcare Srv Rec NHS CCG-Contract Cost per Case,URGENT CARE,NHS NEWCASTLE GATESHEAD CCG,24754161,38600.00
Department of Health,NHS DDES CCG,11/30/2018,Voids and Subsidies,RECHARGES NHS PROPERTY SERVICES LTD,COMMUNITY HEALTH PARTNERSHIPS LTD,24766008,141131.46
Department of Health,NHS DDES CCG,11/30/2018,Cont Care- Adult 100% Fully Funded,CHC ADULT FULLY FUNDED,NHS SOUTH WARWICKSHIRE CCG,24811581,51430.70
Department of Health,NHS DDES CCG,11/30/2018,Clinical&Medical-Othe Public Sector,CHILD AND ADOLESCENT MENTAL HEALTH,DURHAM COUNTY COUNCIL,24840176,11033.00
Department of Health,NHS DDES CCG,11/30/2018,Clinical&Medical-Othe Public Sector,COMMUNITY SERVICES,DURHAM COUNTY COUNCIL,24840176,82443.92
Department of Health,NHS DDES CCG,11/30/2018,Clinical&Medical-Othe Public Sector,MENTAL HEALTH CONTRACTS,DURHAM COUNTY COUNCIL,24840176,30524.09
Department of Health,NHS DDES CCG,11/30/2018,Clinical&Medical-Othe Public Sector,PATIENT TRANSPORT,DURHAM COUNTY COUNCIL,24840176,7500.00
Department of Health,NHS DDES CCG,11/30/2018,Clinical&Medical-Othe Public Sector,REABLEMENT,DURHAM COUNTY COUNCIL,24840171,1895970.00
Department of Health,NHS DDES CCG,11/30/2018,Clinical&Medical-Othe Public Sector,SAFEGUARDING,DURHAM COUNTY COUNCIL,24840176,6193.58
Department of Health,NHS DDES CCG,11/30/2018,Clinical&Medical-Othe Public Sector,WINTER PRESSURES,DURHAM COUNTY COUNCIL,24840176,7462.42
Department of Health,NHS DDES CCG,11/30/2018,Clinical&Medical-Othe Public Sector,CARERS,DURHAM COUNTY COUNCIL,24840176,43197.00
Department of Health,NHS DDES CCG,11/30/2018,Cont Care- Adult Joint Funded,CHC AD JNT FUND PERS HLTH BUD,DURHAM COUNTY COUNCIL,24840176,1442.42
Department of Health,NHS DDES CCG,11/30/2018,Cont Care- Adult Joint Funded,CHC ADULT JOINT FUNDED,DURHAM COUNTY COUNCIL,24840176,298307.96
Department of Health,NHS DDES CCG,11/30/2018,Cont Care- Children,CHC CHILDREN,DURHAM COUNTY COUNCIL,24840176,76810.09
Department of Health,NHS DDES CCG,11/30/2018,Cont Care-Funded Nursing Care Allow,FUNDED NURSING CARE,DURHAM COUNTY COUNCIL,24840176,274114.69
Department of Health,NHS DDES CCG,11/30/2018,Continuing Care- Equipment,ADULT JOINT FUNDED CONTINUING CARE,DURHAM COUNTY COUNCIL,24840176,148.83
Department of Health,NHS DDES CCG,11/30/2018,Cont Care-Physical Disab (<65),CHC ADULT FULLY FUNDED,BARCHESTER HEALTHCARE LTD,24877017,-65450.00
Department of Health,NHS DDES CCG,11/30/2018,Cont Care- Prior Year Payments,CHC ADULT FULLY FUNDED,BONDCARE,24877940,26122.94
Department of Health,NHS DDES CCG,11/30/2018,Cont Care- Prior Year Payments,CHC ADULT FULLY FUNDED,PATHWAYS CARE GROUP LTD,24877935,49535.71
Department of Health,NHS DDES CCG,11/30/2018,Hcare Srv Rec Fdtn Trust-Contract Cost per Case,NCAS/OATS,BERKSHIRE HEALTHCARE NHS FOUNDATION TRUST,24884985,47337.28
Department of Health,NHS DDES CCG,11/30/2018,Hcare Srv Rec Fdtn Trust-Contract Cost per Case,NCAS/OATS,BERKSHIRE HEALTHCARE NHS FOUNDATION TRUST,24885015,-47337.28
