NHS DDES CCG Invoices over �25k - July 2018,,,,,,,
Department family,Entity,Date,Expense Type,Expense area,Supplier,Transaction number,AP Amount �
Department of Health,NHS DDES CCG,7/31/2018,Clinical&Medical-Independent Sector,ACUTE COMMISSIONING,ALLIANCE MEDICAL LTD,22920916,32023.00
Department of Health,NHS DDES CCG,7/31/2018,Clinical&Medical-Independent Sector,ACUTE COMMISSIONING,BMI HEALTHCARE LTD,22881989,317372.36
Department of Health,NHS DDES CCG,7/31/2018,Clinical&Medical-Independent Sector,ACUTE COMMISSIONING,BMI HEALTHCARE LTD,23132430,317372.36
Department of Health,NHS DDES CCG,7/31/2018,Clinical&Medical-Independent Sector,ACUTE COMMISSIONING,SPIRE HEALTHCARE LTD,22859794,63781.00
Department of Health,NHS DDES CCG,7/31/2018,Clinical&Medical-Independent Sector,COMMISSIONING SCHEMES,BARNARD CASTLE SURGERY,23030299,30835.00
Department of Health,NHS DDES CCG,7/31/2018,Clinical&Medical-Independent Sector,COMMISSIONING SCHEMES,BEWICK CRESCENT SURGERY,23030312,25241.00
Department of Health,NHS DDES CCG,7/31/2018,Clinical&Medical-Independent Sector,COMMISSIONING SCHEMES,DURHAM DALES HEALTH FEDERATION,23135803,59946.98
Department of Health,NHS DDES CCG,7/31/2018,Clinical&Medical-Independent Sector,COMMISSIONING SCHEMES,DURHAM DALES HEALTH FEDERATION,23135807,184604.50
Department of Health,NHS DDES CCG,7/31/2018,Clinical&Medical-Independent Sector,COMMISSIONING SCHEMES,DURHAM DALES HEALTH FEDERATION,23135893,154470.00
Department of Health,NHS DDES CCG,7/31/2018,Clinical&Medical-Independent Sector,COMMISSIONING SCHEMES,INTRAHEALTH LTD,22811958,138353.75
Department of Health,NHS DDES CCG,7/31/2018,Clinical&Medical-Independent Sector,COMMISSIONING SCHEMES,JUBILEE MEDICAL GROUP NEWTON AYCLIFFE,23030321,29364.95
Department of Health,NHS DDES CCG,7/31/2018,Clinical&Medical-Independent Sector,COMMISSIONING SCHEMES,LONG & PARTNERS,23030307,31978.24
Department of Health,NHS DDES CCG,7/31/2018,Clinical&Medical-Independent Sector,COMMISSIONING SCHEMES,MAHTO & PARTNERS,23030310,25405.92
Department of Health,NHS DDES CCG,7/31/2018,Clinical&Medical-Independent Sector,COMMISSIONING SCHEMES,SKERNE MEDICAL GROUP,23030319,49046.00
Department of Health,NHS DDES CCG,7/31/2018,Clinical&Medical-Independent Sector,COMMISSIONING SCHEMES,SOUTH DURHAM HEALTH CIC,23090931,235676.75
Department of Health,NHS DDES CCG,7/31/2018,Clinical&Medical-Independent Sector,COMMISSIONING SCHEMES,SOUTH DURHAM HEALTH CIC,23090934,94751.00
Department of Health,NHS DDES CCG,7/31/2018,Clinical&Medical-Independent Sector,COMMISSIONING SCHEMES,SOUTH DURHAM HEALTH CIC,23090938,183229.75
Department of Health,NHS DDES CCG,7/31/2018,Clinical&Medical-Independent Sector,COMMUNITY SERVICES,INTRAHEALTH LTD,23080243,36125.00
Department of Health,NHS DDES CCG,7/31/2018,Clinical&Medical-Independent Sector,COMMUNITY SERVICES,MEDEQUIP ASSISTIVE TECHNOLOGY LTD,23231190,569872.57
Department of Health,NHS DDES CCG,7/31/2018,Clinical&Medical-Independent Sector,COMMUNITY SERVICES,MEDEQUIP ASSISTIVE TECHNOLOGY LTD,23231192,191792.40
Department of Health,NHS DDES CCG,7/31/2018,Clinical&Medical-Independent Sector,COMMUNITY SERVICES,SPECSAVERS HEARCARE LTD,22895178,65023.00
Department of Health,NHS DDES CCG,7/31/2018,Clinical&Medical-Independent Sector,MENTAL HEALTH CONTRACTS,DURHAM DALES HEALTH FEDERATION,23135808,44330.00
Department of Health,NHS DDES CCG,7/31/2018,Clinical&Medical-Independent Sector,MENTAL HEALTH CONTRACTS,SOUTH DURHAM HEALTH CIC,23090936,82254.50
Department of Health,NHS DDES CCG,7/31/2018,Clinical&Medical-Independent Sector,MENTAL HEALTH SERVICES - ADULTS,PIONEERING CARE PARTNERSHIP,22918543,51250.00
Department of Health,NHS DDES CCG,7/31/2018,Clinical&Medical-Independent Sector,PROGRAMME PROJECTS,INTRAHEALTH LTD,23022286,36280.81
Department of Health,NHS DDES CCG,7/31/2018,Clinical&Medical-Independent Sector,Learning Difficulties - S117,DANSHELL HEALTHCARE LTD,23098622,28620.00
Department of Health,NHS DDES CCG,7/31/2018,Clinical&Medical-Independent Sector,Mental Health Services - S117 Mental Health,SWANTON CARE & COMMUNITY LTD,23158127,31000.00
Department of Health,NHS DDES CCG,7/31/2018,Clinical&Medical-Independent Sector,Mental Health Services - S117 Mental Health,SWANTON CARE & COMMUNITY LTD,23158128,-35023.78
Department of Health,NHS DDES CCG,7/31/2018,Clinical&Medical-Independent Sector,Mental Health Services - S117 Mental Health,SWANTON CARE & COMMUNITY LTD,23158130,53917.75
Department of Health,NHS DDES CCG,7/31/2018,Cont Care- Adult 100% Fully Funded,CHC ADULT FULLY FUNDED,LONDON BOROUGH OF BARNET,22123782,53837.50
Department of Health,NHS DDES CCG,7/31/2018,Hcare Srv Rec Fdtn Trust-Contract Baseline,ACUTE COMMISSIONING,COUNTY DURHAM AND DARLINGTON NHS FOUNDATION TRUST,23177217,9487807.00
Department of Health,NHS DDES CCG,7/31/2018,Hcare Srv Rec Fdtn Trust-Contract Baseline,ACUTE COMMISSIONING,GATESHEAD HEALTH NHS FOUNDATION TRUST,22891670,105834.00
Department of Health,NHS DDES CCG,7/31/2018,Hcare Srv Rec Fdtn Trust-Contract Baseline,ACUTE COMMISSIONING,NEWCASTLE UPON TYNE HOSPITALS NHS FOUNDATION TRUST,22975008,539166.67
Department of Health,NHS DDES CCG,7/31/2018,Hcare Srv Rec Fdtn Trust-Contract Baseline,ACUTE COMMISSIONING,NORTH TEES & HARTLEPOOL NHS FOUNDATION TRUST,22853825,-100527.09
Department of Health,NHS DDES CCG,7/31/2018,Hcare Srv Rec Fdtn Trust-Contract Baseline,ACUTE COMMISSIONING,NORTH TEES & HARTLEPOOL NHS FOUNDATION TRUST,23196439,2732704.00
Department of Health,NHS DDES CCG,7/31/2018,Hcare Srv Rec Fdtn Trust-Contract Baseline,ACUTE COMMISSIONING,SOUTH TEES HOSPITALS NHS FOUNDATION TRUST,23231188,878733.00
Department of Health,NHS DDES CCG,7/31/2018,Hcare Srv Rec Fdtn Trust-Contract Baseline,AMBULANCE SERVICES,NORTH EAST AMBULANCE SERVICES NHS TRUST,23013467,1132296.00
Department of Health,NHS DDES CCG,7/31/2018,Hcare Srv Rec Fdtn Trust-Contract Baseline,COMMUNITY SERVICES,COUNTY DURHAM AND DARLINGTON NHS FOUNDATION TRUST,23177216,2879943.00
Department of Health,NHS DDES CCG,7/31/2018,Hcare Srv Rec Fdtn Trust-Contract Baseline,COMMUNITY SERVICES,NORTH TEES & HARTLEPOOL NHS FOUNDATION TRUST,22853829,30416.50
Department of Health,NHS DDES CCG,7/31/2018,Hcare Srv Rec Fdtn Trust-Contract Baseline,COMMUNITY SERVICES,NORTH TEES & HARTLEPOOL NHS FOUNDATION TRUST,23196434,208636.00
Department of Health,NHS DDES CCG,7/31/2018,Hcare Srv Rec Fdtn Trust-Contract Baseline,COMMUNITY SERVICES,NORTH TEES & HARTLEPOOL NHS FOUNDATION TRUST,23196438,96886.00
Department of Health,NHS DDES CCG,7/31/2018,Hcare Srv Rec Fdtn Trust-Contract Baseline,IMPROVING ACCESS TO PSYCHOLOGICAL THERAPIES,TEES ESK & WEAR VALLEYS NHS FOUNDATION TRUST,22920914,96530.84
Department of Health,NHS DDES CCG,7/31/2018,Hcare Srv Rec Fdtn Trust-Contract Baseline,MENTAL HEALTH CONTRACTS,NORTHUMBERLAND TYNE AND WEAR NHS FOUNDATION TRUST,23196435,93585.00
Department of Health,NHS DDES CCG,7/31/2018,Hcare Srv Rec Fdtn Trust-Contract Baseline,MENTAL HEALTH CONTRACTS,TEES ESK & WEAR VALLEYS NHS FOUNDATION TRUST,22936003,3850139.79
Department of Health,NHS DDES CCG,7/31/2018,Hcare Srv Rec Fdtn Trust-Contract Baseline,MENTAL HEALTH CONTRACTS,TEES ESK & WEAR VALLEYS NHS FOUNDATION TRUST,23132423,308000.00
Department of Health,NHS DDES CCG,7/31/2018,Hcare Srv Rec Fdtn Trust-Contract Baseline,NHS 111,NORTH EAST AMBULANCE SERVICES NHS TRUST,23013466,81971.67
Department of Health,NHS DDES CCG,7/31/2018,Clinical&Medical-Voluntary Sector,HOSPICES,BUTTERWICK HOSPICE CARE,22883161,116305.75
Department of Health,NHS DDES CCG,7/31/2018,Clinical&Medical-Voluntary Sector,HOSPICES,HARTLEPOOL & DISTRICT HOSPICE,23132428,56810.00
Department of Health,NHS DDES CCG,7/31/2018,Clinical&Medical-Voluntary Sector,HOSPICES,MARIE CURIE,22994391,26187.50
Department of Health,NHS DDES CCG,7/31/2018,Clinical&Medical-Voluntary Sector,HOSPICES,ST TERESAS HOSPICE,23096129,53243.50
Department of Health,NHS DDES CCG,7/31/2018,Clinical&Medical-Voluntary Sector,MENTAL HEALTH CONTRACTS,HOSPITAL OF GOD AT GREATHAM,23177298,41815.25
Department of Health,NHS DDES CCG,7/31/2018,Voids and Subsidies,RECHARGES NHS PROPERTY SERVICES LTD,COMMUNITY HEALTH PARTNERSHIPS LTD,23088029,141131.46
Department of Health,NHS DDES CCG,7/31/2018,Voids and Subsidies,RECHARGES NHS PROPERTY SERVICES LTD,COMMUNITY HEALTH PARTNERSHIPS LTD,23213281,141131.46
Department of Health,NHS DDES CCG,7/31/2018,Voids and Subsidies,RECHARGES NHS PROPERTY SERVICES LTD,NHS PROPERTY SERVICES LTD,22900162,28968.81
Department of Health,NHS DDES CCG,7/31/2018,Voids and Subsidies,RECHARGES NHS PROPERTY SERVICES LTD,NHS PROPERTY SERVICES LTD,22900189,31412.38
Department of Health,NHS DDES CCG,7/31/2018,Voids and Subsidies,RECHARGES NHS PROPERTY SERVICES LTD,NHS PROPERTY SERVICES LTD,22900191,28822.85
Department of Health,NHS DDES CCG,7/31/2018,Voids and Subsidies,RECHARGES NHS PROPERTY SERVICES LTD,NHS PROPERTY SERVICES LTD,22900192,185479.00
Department of Health,NHS DDES CCG,7/31/2018,C&M-GMS/PMS,LOCAL ENHANCED SERVICES,AUCKLAND MEDICAL GROUP,23083987,-24602.90
Department of Health,NHS DDES CCG,7/31/2018,C&M-GMS/PMS,LOCAL ENHANCED SERVICES,AUCKLAND MEDICAL GROUP,23083988,48258.50
Department of Health,NHS DDES CCG,7/31/2018,C&M-GMS/PMS,LOCAL ENHANCED SERVICES,BARNARD CASTLE SURGERY,23083991,-41534.01
Department of Health,NHS DDES CCG,7/31/2018,C&M-GMS/PMS,LOCAL ENHANCED SERVICES,BARNARD CASTLE SURGERY,23083992,82888.36
Department of Health,NHS DDES CCG,7/31/2018,C&M-GMS/PMS,LOCAL ENHANCED SERVICES,BEWICK CRESCENT SURGERY,23084029,30347.34
Department of Health,NHS DDES CCG,7/31/2018,C&M-GMS/PMS,LOCAL ENHANCED SERVICES,EVENWOOD MEDICAL PRACTICE,23083998,35577.60
Department of Health,NHS DDES CCG,7/31/2018,C&M-GMS/PMS,LOCAL ENHANCED SERVICES,GAINFORD SURGERY,23084000,-34601.63
Department of Health,NHS DDES CCG,7/31/2018,C&M-GMS/PMS,LOCAL ENHANCED SERVICES,GAINFORD SURGERY,23084001,67921.63
Department of Health,NHS DDES CCG,7/31/2018,C&M-GMS/PMS,LOCAL ENHANCED SERVICES,LONG & PARTNERS,23083104,28472.26
Department of Health,NHS DDES CCG,7/31/2018,C&M-GMS/PMS,LOCAL ENHANCED SERVICES,OLD FORGE SURGERY,23084011,19261.14
Department of Health,NHS DDES CCG,7/31/2018,C&M-GMS/PMS,LOCAL ENHANCED SERVICES,PINFOLD MEDICAL GROUP,23084014,33896.53
Department of Health,NHS DDES CCG,7/31/2018,C&M-GMS/PMS,LOCAL ENHANCED SERVICES,WALLER & NEVILLE,23084022,24048.60
Department of Health,NHS DDES CCG,7/31/2018,C&M-GMS/PMS,PRC DELEGATED CO-COMMISSIONING,ABBOTT & PATEL,22947104,54966.84
Department of Health,NHS DDES CCG,7/31/2018,C&M-GMS/PMS,PRC DELEGATED CO-COMMISSIONING,AUCKLAND MEDICAL GROUP,22947099,-46494.48
Department of Health,NHS DDES CCG,7/31/2018,C&M-GMS/PMS,PRC DELEGATED CO-COMMISSIONING,AUCKLAND MEDICAL GROUP,22947100,137468.35
Department of Health,NHS DDES CCG,7/31/2018,C&M-GMS/PMS,PRC DELEGATED CO-COMMISSIONING,AUCKLAND MEDICAL GROUP,23083987,-871.20
Department of Health,NHS DDES CCG,7/31/2018,C&M-GMS/PMS,PRC DELEGATED CO-COMMISSIONING,AUCKLAND MEDICAL GROUP,23083988,18791.12
Department of Health,NHS DDES CCG,7/31/2018,C&M-GMS/PMS,PRC DELEGATED CO-COMMISSIONING,AVENUE MEDICAL CENTRE DENESIDE SEAHAM,22947102,52298.50
Department of Health,NHS DDES CCG,7/31/2018,C&M-GMS/PMS,PRC DELEGATED CO-COMMISSIONING,BARNARD CASTLE SURGERY,22947106,110756.67
Department of Health,NHS DDES CCG,7/31/2018,C&M-GMS/PMS,PRC DELEGATED CO-COMMISSIONING,BARNARD CASTLE SURGERY,23083991,-2657.40
Department of Health,NHS DDES CCG,7/31/2018,C&M-GMS/PMS,PRC DELEGATED CO-COMMISSIONING,BARNARD CASTLE SURGERY,23083992,13527.89
Department of Health,NHS DDES CCG,7/31/2018,C&M-GMS/PMS,PRC DELEGATED CO-COMMISSIONING,BEWICK CRESCENT SURGERY,22947162,137841.72
Department of Health,NHS DDES CCG,7/31/2018,C&M-GMS/PMS,PRC DELEGATED CO-COMMISSIONING,BEWICK CRESCENT SURGERY,23084029,13293.64
Department of Health,NHS DDES CCG,7/31/2018,C&M-GMS/PMS,PRC DELEGATED CO-COMMISSIONING,BISHOPGATE MEDICAL CENTRE,22947107,152088.63
Department of Health,NHS DDES CCG,7/31/2018,C&M-GMS/PMS,PRC DELEGATED CO-COMMISSIONING,BURRELL & PARTNERS,22947110,-27233.49
Department of Health,NHS DDES CCG,7/31/2018,C&M-GMS/PMS,PRC DELEGATED CO-COMMISSIONING,BURRELL & PARTNERS,22947111,116913.17
Department of Health,NHS DDES CCG,7/31/2018,C&M-GMS/PMS,PRC DELEGATED CO-COMMISSIONING,CARODOC SURGERY,22947109,53257.95
Department of Health,NHS DDES CCG,7/31/2018,C&M-GMS/PMS,PRC DELEGATED CO-COMMISSIONING,CHANDY J,22947113,69259.06
Department of Health,NHS DDES CCG,7/31/2018,C&M-GMS/PMS,PRC DELEGATED CO-COMMISSIONING,DR DINAH ROY,22947160,28560.00
Department of Health,NHS DDES CCG,7/31/2018,C&M-GMS/PMS,PRC DELEGATED CO-COMMISSIONING,EVENWOOD MEDICAL PRACTICE,23083998,6287.06
Department of Health,NHS DDES CCG,7/31/2018,C&M-GMS/PMS,PRC DELEGATED CO-COMMISSIONING,FERRYHILL & CHILTON MEDICAL GROUP,22947117,156890.82
Department of Health,NHS DDES CCG,7/31/2018,C&M-GMS/PMS,PRC DELEGATED CO-COMMISSIONING,GAINFORD SURGERY,22947119,35185.47
Department of Health,NHS DDES CCG,7/31/2018,C&M-GMS/PMS,PRC DELEGATED CO-COMMISSIONING,GAINFORD SURGERY,23084000,-2173.60
Department of Health,NHS DDES CCG,7/31/2018,C&M-GMS/PMS,PRC DELEGATED CO-COMMISSIONING,GAINFORD SURGERY,23084001,12462.73
Department of Health,NHS DDES CCG,7/31/2018,C&M-GMS/PMS,PRC DELEGATED CO-COMMISSIONING,HALLGARTH SURGERY,22947121,59693.81
Department of Health,NHS DDES CCG,7/31/2018,C&M-GMS/PMS,PRC DELEGATED CO-COMMISSIONING,HORDEN GROUP PRACTICE,22947123,74657.38
Department of Health,NHS DDES CCG,7/31/2018,C&M-GMS/PMS,PRC DELEGATED CO-COMMISSIONING,INTRAHEALTH EPMG,22947164,169497.59
Department of Health,NHS DDES CCG,7/31/2018,C&M-GMS/PMS,PRC DELEGATED CO-COMMISSIONING,JUBILEE MEDICAL GROUP NEWTON AYCLIFFE,22947124,110104.83
Department of Health,NHS DDES CCG,7/31/2018,C&M-GMS/PMS,PRC DELEGATED CO-COMMISSIONING,KAPOOR & PARTNERS,22947126,40348.38
Department of Health,NHS DDES CCG,7/31/2018,C&M-GMS/PMS,PRC DELEGATED CO-COMMISSIONING,LONG & PARTNERS,22950975,-50174.34
Department of Health,NHS DDES CCG,7/31/2018,C&M-GMS/PMS,PRC DELEGATED CO-COMMISSIONING,LONG & PARTNERS,22977965,117027.45
Department of Health,NHS DDES CCG,7/31/2018,C&M-GMS/PMS,PRC DELEGATED CO-COMMISSIONING,LONG & PARTNERS,23083104,11425.03
Department of Health,NHS DDES CCG,7/31/2018,C&M-GMS/PMS,PRC DELEGATED CO-COMMISSIONING,MANSOUR SHS,22947129,37757.65
Department of Health,NHS DDES CCG,7/31/2018,C&M-GMS/PMS,PRC DELEGATED CO-COMMISSIONING,MARLBOROUGH SURGERY,22947128,132772.53
Department of Health,NHS DDES CCG,7/31/2018,C&M-GMS/PMS,PRC DELEGATED CO-COMMISSIONING,MURTON MEDICAL GROUP,22947133,74125.29
Department of Health,NHS DDES CCG,7/31/2018,C&M-GMS/PMS,PRC DELEGATED CO-COMMISSIONING,NEW SEAHAM MEDICAL GROUP,22947131,144214.04
Department of Health,NHS DDES CCG,7/31/2018,C&M-GMS/PMS,PRC DELEGATED CO-COMMISSIONING,NORTH HOUSE SURGERY CROOK,22947137,135229.14
Department of Health,NHS DDES CCG,7/31/2018,C&M-GMS/PMS,PRC DELEGATED CO-COMMISSIONING,OLD FORGE SURGERY,22947135,31981.51
Department of Health,NHS DDES CCG,7/31/2018,C&M-GMS/PMS,PRC DELEGATED CO-COMMISSIONING,OLD FORGE SURGERY,23084011,7966.85
Department of Health,NHS DDES CCG,7/31/2018,C&M-GMS/PMS,PRC DELEGATED CO-COMMISSIONING,PHOENIX MEDICAL GROUP,22947166,83676.94
Department of Health,NHS DDES CCG,7/31/2018,C&M-GMS/PMS,PRC DELEGATED CO-COMMISSIONING,PINFOLD MEDICAL GROUP,22947139,27849.59
Department of Health,NHS DDES CCG,7/31/2018,C&M-GMS/PMS,PRC DELEGATED CO-COMMISSIONING,PINFOLD MEDICAL GROUP,23084014,6921.82
Department of Health,NHS DDES CCG,7/31/2018,C&M-GMS/PMS,PRC DELEGATED CO-COMMISSIONING,POUNDER & PARTNERS,22947141,119655.29
Department of Health,NHS DDES CCG,7/31/2018,C&M-GMS/PMS,PRC DELEGATED CO-COMMISSIONING,RAMAKRISHNA GUPTA MD,22947143,32423.74
Department of Health,NHS DDES CCG,7/31/2018,C&M-GMS/PMS,PRC DELEGATED CO-COMMISSIONING,SKERNE MEDICAL GROUP,22950973,163182.34
Department of Health,NHS DDES CCG,7/31/2018,C&M-GMS/PMS,PRC DELEGATED CO-COMMISSIONING,SMITH J,22947145,61853.58
Department of Health,NHS DDES CCG,7/31/2018,C&M-GMS/PMS,PRC DELEGATED CO-COMMISSIONING,STATION VIEW MEDICAL CENTRE,22947147,110355.45
Department of Health,NHS DDES CCG,7/31/2018,C&M-GMS/PMS,PRC DELEGATED CO-COMMISSIONING,WALLER & NEVILLE,22947153,27274.76
Department of Health,NHS DDES CCG,7/31/2018,C&M-GMS/PMS,PRC DELEGATED CO-COMMISSIONING,WALLER & NEVILLE,23084022,4846.51
Department of Health,NHS DDES CCG,7/31/2018,C&M-GMS/PMS,PRC DELEGATED CO-COMMISSIONING,WEARDALE PRACTICE,22947155,78135.87
Department of Health,NHS DDES CCG,7/31/2018,C&M-GMS/PMS,PRC DELEGATED CO-COMMISSIONING,WEST CORNFORTH SURGERY,22947149,30005.01
Department of Health,NHS DDES CCG,7/31/2018,C&M-GMS/PMS,PRC DELEGATED CO-COMMISSIONING,WILLINGTON MEDICAL GROUP,22947151,85247.27
Department of Health,NHS DDES CCG,7/31/2018,C&M-GMS/PMS,PRC DELEGATED CO-COMMISSIONING,WINGATE PRACTICE,22947158,28618.94
Department of Health,NHS DDES CCG,7/31/2018,C&M-GMS/PMS,PRC DELEGATED CO-COMMISSIONING,WOOD & PARTNERS,22947157,76673.00
Department of Health,NHS DDES CCG,7/31/2018,Charges from CSU,CONTINUING HEALTHCARE ASSESSMENT & SUPPORT,NHS NORTH OF ENGLAND CSU,22994140,37667.00
Department of Health,NHS DDES CCG,7/31/2018,Charges from CSU,PRIMARY CARE IT,NHS NORTH OF ENGLAND CSU,22994140,62950.00
Department of Health,NHS DDES CCG,7/31/2018,Charges from CSU,PRIMARY CARE IT,NHS NORTH OF ENGLAND CSU,23213263,141554.00
Department of Health,NHS DDES CCG,7/31/2018,Charges from CSU,CORPORATE COSTS & SERVICES,NHS NORTH OF ENGLAND CSU,22994140,269250.00
Department of Health,NHS DDES CCG,7/31/2018,Charges from CSU,CORPORATE COSTS & SERVICES,NHS NORTH OF ENGLAND CSU,23213263,3000.00
Department of Health,NHS DDES CCG,7/31/2018,Charges from CSU,LEARNING DIFFICULTIES,NHS NORTH OF ENGLAND CSU,22994140,5072.00
Department of Health,NHS DDES CCG,7/31/2018,Charges from CSU,URGENT CARE,NHS NORTH OF ENGLAND CSU,23088001,109250.00
Department of Health,NHS DDES CCG,7/31/2018,Charges from CSU,URGENT CARE,NHS NORTH OF ENGLAND CSU,23154133,44000.00
Department of Health,NHS DDES CCG,7/31/2018,Charges from CSU,URGENT CARE,NHS NORTH OF ENGLAND CSU,23154159,165181.50
Department of Health,NHS DDES CCG,7/31/2018,Income tax <1Yr,BALANCE SHEET,HMRC,23016979,34537.00
Department of Health,NHS DDES CCG,7/31/2018,Income tax <1Yr-Student Loans,BALANCE SHEET,HMRC,23016979,272.00
Department of Health,NHS DDES CCG,7/31/2018,National Insurance < 1 yr-NI- ERS,BALANCE SHEET,HMRC,23016979,19952.27
Department of Health,NHS DDES CCG,7/31/2018,National Insurance < 1 yr-NI-EES,BALANCE SHEET,HMRC,23016979,13132.12
Department of Health,NHS DDES CCG,7/31/2018,Clinical&Medical-Othe Public Sector,CHILD AND ADOLESCENT MENTAL HEALTH,DURHAM COUNTY COUNCIL,23037591,11033.00
Department of Health,NHS DDES CCG,7/31/2018,Clinical&Medical-Othe Public Sector,COMMUNITY SERVICES,DURHAM COUNTY COUNCIL,23037591,82443.92
Department of Health,NHS DDES CCG,7/31/2018,Clinical&Medical-Othe Public Sector,MENTAL HEALTH CONTRACTS,DURHAM COUNTY COUNCIL,23037591,30524.09
Department of Health,NHS DDES CCG,7/31/2018,Clinical&Medical-Othe Public Sector,PATIENT TRANSPORT,DURHAM COUNTY COUNCIL,23037591,7500.00
Department of Health,NHS DDES CCG,7/31/2018,Clinical&Medical-Othe Public Sector,REABLEMENT,DURHAM COUNTY COUNCIL,23037595,1895970.00
Department of Health,NHS DDES CCG,7/31/2018,Clinical&Medical-Othe Public Sector,SAFEGUARDING,DURHAM COUNTY COUNCIL,23037591,6193.58
Department of Health,NHS DDES CCG,7/31/2018,Clinical&Medical-Othe Public Sector,CARERS,DURHAM COUNTY COUNCIL,23037591,43197.00
Department of Health,NHS DDES CCG,7/31/2018,Clinical&Medical-Othe Public Sector,WINTER PRESSURES,DURHAM COUNTY COUNCIL,23037591,7462.42
Department of Health,NHS DDES CCG,7/31/2018,Cont Care- Adult Joint Funded,CHC AD JNT FUND PERS HLTH BUD,DURHAM COUNTY COUNCIL,23037591,1442.42
Department of Health,NHS DDES CCG,7/31/2018,Cont Care- Adult Joint Funded,CHC ADULT JOINT FUNDED,DURHAM COUNTY COUNCIL,23037591,298307.96
Department of Health,NHS DDES CCG,7/31/2018,Cont Care- Children,CHC CHILDREN,DURHAM COUNTY COUNCIL,23037591,76810.09
Department of Health,NHS DDES CCG,7/31/2018,Cont Care-Funded Nursing Care Allow,FUNDED NURSING CARE,DURHAM COUNTY COUNCIL,23037591,274114.69
Department of Health,NHS DDES CCG,7/31/2018,Continuing Care- Equipment,ADULT JOINT FUNDED CONTINUING CARE,DURHAM COUNTY COUNCIL,23037591,148.83
Department of Health,NHS DDES CCG,7/31/2018,Cont Care-Physical Disab (<65),CHC ADULT FULLY FUNDED,KEYFORT,23098029,25198.57
Department of Health,NHS DDES CCG,7/31/2018,Basic Sal-Internal Recharge-Pay,COMMISSIONING - NON ACUTE,NHS NORTH DURHAM CCG,23154182,24069.10
Department of Health,NHS DDES CCG,7/31/2018,E'ers NHI-Internal Recharge-Pay,COMMISSIONING - NON ACUTE,NHS NORTH DURHAM CCG,23154182,1836.97
Department of Health,NHS DDES CCG,7/31/2018,E'ers Pen-Internal Recharge-Pay,COMMISSIONING - NON ACUTE,NHS NORTH DURHAM CCG,23154182,3572.81
Department of Health,NHS DDES CCG,7/31/2018,Recharge : Provided,COMMISSIONING - NON ACUTE,NHS NORTH DURHAM CCG,23154182,868.74
Department of Health,NHS DDES CCG,7/31/2018,Hcare Srv Rec Fdtn Trust-Non Contract,HOSPICES,SOUTH TYNESIDE NHS FOUNDATION TRUST,23156978,43427.44
Department of Health,NHS DDES CCG,7/31/2018,Hcare Srv Rec Fdtn Trust-Non Contract,HOSPICES,SOUTH TYNESIDE NHS FOUNDATION TRUST,23156979,38117.87
