Department family,Entity,Date,Expense Type,Expense area,Supplier,Transaction number,AP Amount (�)
Department of Health,NHS Barnsley CCG,30/04/2018,Cont Care- Prior Year Payments,LEARNING DIFFICULTIES,ASC HEALTHCARE LTD,21742894,"41,656.00 "
Department of Health,NHS Barnsley CCG,30/04/2018,Cont Care- Prior Year Payments,LEARNING DIFFICULTIES,ASC HEALTHCARE LTD,21742948,"46,119.14 "
Department of Health,NHS Barnsley CCG,30/04/2018,C&M-APMS Contract Value,PRC DELEGATED CO-COMMISSIONING,BARNSLEY HEALTHCARE FEDERATION,21655912,"25,781.42 "
Department of Health,NHS Barnsley CCG,30/04/2018,C&M-APMS Prem Actual Rent,PRC DELEGATED CO-COMMISSIONING,BARNSLEY HEALTHCARE FEDERATION,21655912,"1,310.42 "
Department of Health,NHS Barnsley CCG,30/04/2018,C&M-APMS Prem Rates,PRC DELEGATED CO-COMMISSIONING,BARNSLEY HEALTHCARE FEDERATION,21655912,444.88 
Department of Health,NHS Barnsley CCG,30/04/2018,C&M-PMS QOF Aspiration,PRC DELEGATED CO-COMMISSIONING,BARNSLEY HEALTHCARE FEDERATION,21655912,"2,327.36 "
Department of Health,NHS Barnsley CCG,30/04/2018,C&M-APMS Contract Value,PRC DELEGATED CO-COMMISSIONING,BARNSLEY HEALTHCARE FEDERATION,21655914,"30,681.83 "
Department of Health,NHS Barnsley CCG,30/04/2018,C&M-APMS Prem Actual Rent,PRC DELEGATED CO-COMMISSIONING,BARNSLEY HEALTHCARE FEDERATION,21655914,"2,150.00 "
Department of Health,NHS Barnsley CCG,30/04/2018,C&M-APMS Prem Healthcentre Rent,PRC DELEGATED CO-COMMISSIONING,BARNSLEY HEALTHCARE FEDERATION,21655914,"7,057.88 "
Department of Health,NHS Barnsley CCG,30/04/2018,C&M-APMS Prem Rates,PRC DELEGATED CO-COMMISSIONING,BARNSLEY HEALTHCARE FEDERATION,21655914,492.00 
Department of Health,NHS Barnsley CCG,30/04/2018,C&M-PMS QOF Aspiration,PRC DELEGATED CO-COMMISSIONING,BARNSLEY HEALTHCARE FEDERATION,21655914,"2,420.56 "
Department of Health,NHS Barnsley CCG,30/04/2018,C&M-APMS Contract Value,PRC DELEGATED CO-COMMISSIONING,BARNSLEY HEALTHCARE FEDERATION,21655916,"27,654.67 "
Department of Health,NHS Barnsley CCG,30/04/2018,C&M-APMS Prem Actual Rent,PRC DELEGATED CO-COMMISSIONING,BARNSLEY HEALTHCARE FEDERATION,21655916,"6,200.00 "
Department of Health,NHS Barnsley CCG,30/04/2018,C&M-APMS Prem Rates,PRC DELEGATED CO-COMMISSIONING,BARNSLEY HEALTHCARE FEDERATION,21655916,"1,744.18 "
Department of Health,NHS Barnsley CCG,30/04/2018,C&M-PMS QOF Aspiration,PRC DELEGATED CO-COMMISSIONING,BARNSLEY HEALTHCARE FEDERATION,21655916,"2,727.89 "
Department of Health,NHS Barnsley CCG,30/04/2018,Miscellaneous Expenditure (L9),PCTF Revenue,BARNSLEY HEALTHCARE FEDERATION,21823789,"127,632.91 "
Department of Health,NHS Barnsley CCG,30/04/2018,Clinical&Medical-Commercial Sector,OUT OF HOURS,BARNSLEY HEALTHCARE FEDERATION,21823804,"168,851.70 "
Department of Health,NHS Barnsley CCG,30/04/2018,C&M-PMS Contract Value,PRC DELEGATED CO-COMMISSIONING,BARNSLEY HEALTHCARE FEDERATION CIC (GOLDTHORPE),21658238,"39,973.58 "
Department of Health,NHS Barnsley CCG,30/04/2018,C&M-PMS Prem Healthcentre Rent,PRC DELEGATED CO-COMMISSIONING,BARNSLEY HEALTHCARE FEDERATION CIC (GOLDTHORPE),21658238,"11,654.20 "
Department of Health,NHS Barnsley CCG,30/04/2018,C&M-PMS QOF Aspiration,PRC DELEGATED CO-COMMISSIONING,BARNSLEY HEALTHCARE FEDERATION CIC (GOLDTHORPE),21658238,"4,158.01 "
Department of Health,NHS Barnsley CCG,30/04/2018,Clinical&Medical-Voluntary Sector,HOSPICES,BARNSLEY HOSPICE,21742884,"397,271.52 "
Department of Health,NHS Barnsley CCG,30/04/2018,Hcare Srv Rec Fdtn Trust-CQUIN,ACUTE COMMISSIONING,BARNSLEY HOSPITAL NHS FOUNDATION TRUST,21613100,"270,572.00 "
Department of Health,NHS Barnsley CCG,30/04/2018,Hcare Srv Rec Fdtn Trust-Contract Baseline,ACUTE COMMISSIONING,BARNSLEY HOSPITAL NHS FOUNDATION TRUST,21613100,"11,398,649.00 "
Department of Health,NHS Barnsley CCG,30/04/2018,Hcare Srv Rec Fdtn Trust-CQUIN,ACUTE COMMISSIONING,BARNSLEY HOSPITAL NHS FOUNDATION TRUST,21613101,"10,847.00 "
Department of Health,NHS Barnsley CCG,30/04/2018,Hcare Srv Rec Fdtn Trust-Contract Baseline,ACUTE COMMISSIONING,BARNSLEY HOSPITAL NHS FOUNDATION TRUST,21613101,"562,297.00 "
Department of Health,NHS Barnsley CCG,30/04/2018,Hcare Srv Rec Fdtn Trust-Contract Baseline,LONG TERM CONDITIONS,BARNSLEY HOSPITAL NHS FOUNDATION TRUST,21669897,"363,568.00 "
Department of Health,NHS Barnsley CCG,31/03/2018,Clinical&Medical-Serv Recd-F Trsts,INTERMEDIATE CARE,BARNSLEY HOSPITAL NHS FOUNDATION TRUST,21521344,"46,197.00 "
Department of Health,NHS Barnsley CCG,30/04/2018,Chrgs from SLA,COMMISSIONING,BARNSLEY METROPOLITAN BOROUGH COUNCIL,21611148,"200,000.00 "
Department of Health,NHS Barnsley CCG,30/04/2018,Clinical&Medical-Othe Public Sector,MENTAL HEALTH SERVICES - OTHER,BARNSLEY METROPOLITAN BOROUGH COUNCIL,21611148,"118,600.00 "
Department of Health,NHS Barnsley CCG,30/04/2018,GROSSRECOVEMPBEN - SALARIES & WAGES,COLLABORATIVE COMMISSIONING,BARNSLEY METROPOLITAN BOROUGH COUNCIL,21611148,"15,657.00 "
Department of Health,NHS Barnsley CCG,30/04/2018,Participation Fees,COMMUNITY SERVICES,BARNSLEY METROPOLITAN BOROUGH COUNCIL,21611148,"141,000.00 "
Department of Health,NHS Barnsley CCG,30/04/2018,Services From Local Authorities,COMMISSIONING - NON ACUTE,BARNSLEY METROPOLITAN BOROUGH COUNCIL,21611148,"1,333.00 "
Department of Health,NHS Barnsley CCG,30/04/2018,Clinical&Medical-Othe Public Sector,Mental Health Services - S117 Mental Health,BARNSLEY METROPOLITAN BOROUGH COUNCIL,21972589,"(28,200.00)"
Department of Health,NHS Barnsley CCG,30/04/2018,Clinical&Medical-Othe Public Sector,Mental Health Services - S117 Mental Health,BARNSLEY METROPOLITAN BOROUGH COUNCIL,21972600,"(36,513.74)"
Department of Health,NHS Barnsley CCG,30/04/2018,Clinical&Medical-Othe Public Sector,Mental Health Services - S117 Mental Health,BARNSLEY METROPOLITAN BOROUGH COUNCIL,21972623,"(39,214.26)"
Department of Health,NHS Barnsley CCG,30/04/2018,Clinical&Medical-Othe Public Sector,Mental Health Services - S117 Mental Health,BARNSLEY METROPOLITAN BOROUGH COUNCIL,21972742,"42,467.08 "
Department of Health,NHS Barnsley CCG,30/04/2018,Clinical&Medical-Othe Public Sector,Mental Health Services - S117 Mental Health,BARNSLEY METROPOLITAN BOROUGH COUNCIL,21972764,"54,921.93 "
Department of Health,NHS Barnsley CCG,31/03/2018,Cont Care- Children,CHC CHILD PERS HLTH BUD,BARNSLEY METROPOLITAN BOROUGH COUNCIL,21555584,"101,607.48 "
Department of Health,NHS Barnsley CCG,31/03/2018,Clinical&Medical-Othe Public Sector,COMMISSIONING - NON ACUTE,BARNSLEY METROPOLITAN BOROUGH COUNCIL,21521251,"54,000.00 "
Department of Health,NHS Barnsley CCG,31/03/2018,Clinical&Medical-Othe Public Sector,COMMISSIONING - NON ACUTE,BARNSLEY METROPOLITAN BOROUGH COUNCIL,21521337,"(54,000.00)"
Department of Health,NHS Barnsley CCG,31/03/2018,Cont Care- Children,CHC CHILDREN,BARNSLEY METROPOLITAN BOROUGH COUNCIL,21539571,"93,109.40 "
Department of Health,NHS Barnsley CCG,30/04/2018,Clinical&Medical-Commercial Sector,ACUTE COMMISSIONING,BMI HEALTHCARE COLLECTIONS,21709132,"46,550.45 "
Department of Health,NHS Barnsley CCG,30/04/2018,Clinical&Medical-Commercial Sector,ACUTE COMMISSIONING,BMI HEALTHCARE COLLECTIONS,21870215,"(27,005.62)"
Department of Health,NHS Barnsley CCG,30/04/2018,Clinical&Medical-Commercial Sector,ACUTE COMMISSIONING,CLAREMONT HOSPITAL,21709114,"53,719.00 "
Department of Health,NHS Barnsley CCG,31/03/2018,Voids and Subsidies,RECHARGES NHS PROPERTY SERVICES LTD,COMMUNITY HEALTH PARTNERSHIPS LTD,21521289,"52,897.77 "
Department of Health,NHS Barnsley CCG,30/04/2018,Soc Care-Bed-Based Int Care Servs,INTERMEDIATE CARE,CROWN CARE (IV) LTD,21669900,"26,792.86 "
Department of Health,NHS Barnsley CCG,30/04/2018,C&M-GMS DES Minor Surgery,PRC DELEGATED CO-COMMISSIONING,NHS BARNSLEY CCG GP PRACTICE,21883180,"9,291.16 "
Department of Health,NHS Barnsley CCG,30/04/2018,C&M-GMS Global Sum,PRC DELEGATED CO-COMMISSIONING,NHS BARNSLEY CCG GP PRACTICE,21883180,"82,638.20 "
Department of Health,NHS Barnsley CCG,30/04/2018,C&M-GMS Prem Healthcentre Rent,PRC DELEGATED CO-COMMISSIONING,NHS BARNSLEY CCG GP PRACTICE,21883180,"25,297.00 "
Department of Health,NHS Barnsley CCG,30/04/2018,C&M-GMS QOF Aspiration,PRC DELEGATED CO-COMMISSIONING,NHS BARNSLEY CCG GP PRACTICE,21883180,"7,981.50 "
Department of Health,NHS Barnsley CCG,30/04/2018,C&M-PMS Contract Value,PRC DELEGATED CO-COMMISSIONING,NHS BARNSLEY CCG GP PRACTICE,21655918,"43,097.67 "
Department of Health,NHS Barnsley CCG,30/04/2018,C&M-PMS Prem Notional Rent,PRC DELEGATED CO-COMMISSIONING,NHS BARNSLEY CCG GP PRACTICE,21655918,"24,496.00 "
Department of Health,NHS Barnsley CCG,30/04/2018,C&M-PMS QOF Aspiration,PRC DELEGATED CO-COMMISSIONING,NHS BARNSLEY CCG GP PRACTICE,21655918,"3,886.85 "
Department of Health,NHS Barnsley CCG,31/03/2018,Hcare Srv Rec Fdtn Trust-Contract Baseline,ACUTE COMMISSIONING,DONCASTER AND BASSETLAW HOSPITALS NHS FOUNDATION TRUST,21168385,"(28,230.00)"
Department of Health,NHS Barnsley CCG,31/03/2018,Hcare Srv Rec Fdtn Trust-CQUIN,ACUTE COMMISSIONING,DONCASTER AND BASSETLAW HOSPITALS NHS FOUNDATION TRUST,21404764,"5,270.00 "
Department of Health,NHS Barnsley CCG,31/03/2018,Hcare Srv Rec Fdtn Trust-Contract Baseline,ACUTE COMMISSIONING,DONCASTER AND BASSETLAW HOSPITALS NHS FOUNDATION TRUST,21404764,"517,883.00 "
Department of Health,NHS Barnsley CCG,30/04/2018,C&M-PMS Contract Value,PRC DELEGATED CO-COMMISSIONING,NHS BARNSLEY CCG GP PRACTICE,21655888,"87,871.50 "
Department of Health,NHS Barnsley CCG,30/04/2018,C&M-PMS PCO Locum Adop/Pat/Mat,PRC DELEGATED CO-COMMISSIONING,NHS BARNSLEY CCG GP PRACTICE,21655888,890.84 
Department of Health,NHS Barnsley CCG,30/04/2018,C&M-PMS Prem Healthcentre Rent,PRC DELEGATED CO-COMMISSIONING,NHS BARNSLEY CCG GP PRACTICE,21655888,"20,733.65 "
Department of Health,NHS Barnsley CCG,30/04/2018,C&M-PMS Prem Notional Rent,PRC DELEGATED CO-COMMISSIONING,NHS BARNSLEY CCG GP PRACTICE,21655888,"1,987.50 "
Department of Health,NHS Barnsley CCG,30/04/2018,C&M-PMS Prem Rates,PRC DELEGATED CO-COMMISSIONING,NHS BARNSLEY CCG GP PRACTICE,21655888,325.52 
Department of Health,NHS Barnsley CCG,30/04/2018,C&M-PMS Prem Water Rates,PRC DELEGATED CO-COMMISSIONING,NHS BARNSLEY CCG GP PRACTICE,21655888,354.22 
Department of Health,NHS Barnsley CCG,30/04/2018,C&M-PMS QOF Aspiration,PRC DELEGATED CO-COMMISSIONING,NHS BARNSLEY CCG GP PRACTICE,21655888,"10,374.10 "
Department of Health,NHS Barnsley CCG,30/04/2018,ME-PMS GP Pension EEs-PMS,PRC DELEGATED CO-COMMISSIONING,NHS BARNSLEY CCG GP PRACTICE,21655888,"7,291.32 "
Department of Health,NHS Barnsley CCG,30/04/2018,ME-PMS GP Pension ERs Adjs - PMS,PRC DELEGATED CO-COMMISSIONING,NHS BARNSLEY CCG GP PRACTICE,21655888,"4,694.74 "
Department of Health,NHS Barnsley CCG,30/04/2018,C&M-PMS Contract Value,PRC DELEGATED CO-COMMISSIONING,NHS BARNSLEY CCG GP PRACTICE,21676938,"50,848.83 "
Department of Health,NHS Barnsley CCG,30/04/2018,C&M-PMS PCO Locum Adop/Pat/Mat,PRC DELEGATED CO-COMMISSIONING,NHS BARNSLEY CCG GP PRACTICE,21676938,"5,544.66 "
Department of Health,NHS Barnsley CCG,30/04/2018,C&M-PMS Prem Healthcentre Rent,PRC DELEGATED CO-COMMISSIONING,NHS BARNSLEY CCG GP PRACTICE,21676938,"21,355.85 "
Department of Health,NHS Barnsley CCG,30/04/2018,C&M-PMS Prem Other,PRC DELEGATED CO-COMMISSIONING,NHS BARNSLEY CCG GP PRACTICE,21676938,"26,534.57 "
Department of Health,NHS Barnsley CCG,30/04/2018,C&M-PMS QOF Aspiration,PRC DELEGATED CO-COMMISSIONING,NHS BARNSLEY CCG GP PRACTICE,21676938,"5,139.68 "
Department of Health,NHS Barnsley CCG,30/04/2018,ME-PMS GP Pension EEs-PMS,PRC DELEGATED CO-COMMISSIONING,NHS BARNSLEY CCG GP PRACTICE,21676938,"1,473.44 "
Department of Health,NHS Barnsley CCG,30/04/2018,ME-PMS GP Pension ERs Adjs - PMS,PRC DELEGATED CO-COMMISSIONING,NHS BARNSLEY CCG GP PRACTICE,21676938,949.77 
Department of Health,NHS Barnsley CCG,30/04/2018,C&M-GMS DES Minor Surgery,PRC DELEGATED CO-COMMISSIONING,NHS BARNSLEY CCG GP PRACTICE,21883184,"3,494.84 "
Department of Health,NHS Barnsley CCG,30/04/2018,C&M-GMS Global Sum,PRC DELEGATED CO-COMMISSIONING,NHS BARNSLEY CCG GP PRACTICE,21883184,"74,135.25 "
Department of Health,NHS Barnsley CCG,30/04/2018,C&M-GMS Prem Notional Rent,PRC DELEGATED CO-COMMISSIONING,NHS BARNSLEY CCG GP PRACTICE,21883184,"4,558.08 "
Department of Health,NHS Barnsley CCG,30/04/2018,C&M-GMS Prem Rates,PRC DELEGATED CO-COMMISSIONING,NHS BARNSLEY CCG GP PRACTICE,21883184,"1,094.62 "
Department of Health,NHS Barnsley CCG,30/04/2018,C&M-GMS QOF Aspiration,PRC DELEGATED CO-COMMISSIONING,NHS BARNSLEY CCG GP PRACTICE,21883184,"7,953.28 "
Department of Health,NHS Barnsley CCG,30/04/2018,C&M-GMS Global Sum,PRC DELEGATED CO-COMMISSIONING,NHS BARNSLEY CCG GP PRACTICE,21883186,"91,635.69 "
Department of Health,NHS Barnsley CCG,30/04/2018,C&M-GMS Prem Actual Rent,PRC DELEGATED CO-COMMISSIONING,NHS BARNSLEY CCG GP PRACTICE,21883186,"4,375.00 "
Department of Health,NHS Barnsley CCG,30/04/2018,C&M-GMS Prem Healthcentre Rent,PRC DELEGATED CO-COMMISSIONING,NHS BARNSLEY CCG GP PRACTICE,21883186,"3,062.89 "
Department of Health,NHS Barnsley CCG,30/04/2018,C&M-GMS Prem Notional Rent,PRC DELEGATED CO-COMMISSIONING,NHS BARNSLEY CCG GP PRACTICE,21883186,"1,572.92 "
Department of Health,NHS Barnsley CCG,30/04/2018,C&M-GMS Prem Rates,PRC DELEGATED CO-COMMISSIONING,NHS BARNSLEY CCG GP PRACTICE,21883186,"1,284.05 "
Department of Health,NHS Barnsley CCG,30/04/2018,C&M-GMS QOF Aspiration,PRC DELEGATED CO-COMMISSIONING,NHS BARNSLEY CCG GP PRACTICE,21883186,"9,471.12 "
Department of Health,NHS Barnsley CCG,30/04/2018,C&M-PMS GP Statutory Levy,PRC DELEGATED CO-COMMISSIONING,NHS BARNSLEY CCG GP PRACTICE,21655895,(567.78)
Department of Health,NHS Barnsley CCG,30/04/2018,C&M-PMS Out of Hours Opt Outs,PRC DELEGATED CO-COMMISSIONING,NHS BARNSLEY CCG GP PRACTICE,21655895,"(6,120.92)"
Department of Health,NHS Barnsley CCG,30/04/2018,C&M-PMS Voluntary Levy,PRC DELEGATED CO-COMMISSIONING,NHS BARNSLEY CCG GP PRACTICE,21655895,(99.31)
Department of Health,NHS Barnsley CCG,30/04/2018,ME - PMS TPS Added Years Adj EEs,PRC DELEGATED CO-COMMISSIONING,NHS BARNSLEY CCG GP PRACTICE,21655895,(610.96)
Department of Health,NHS Barnsley CCG,30/04/2018,ME-PMS GP Pension EEs-PMS,PRC DELEGATED CO-COMMISSIONING,NHS BARNSLEY CCG GP PRACTICE,21655895,"(26,174.86)"
Department of Health,NHS Barnsley CCG,30/04/2018,ME-PMS GP Pension ERs Adjs - PMS,PRC DELEGATED CO-COMMISSIONING,NHS BARNSLEY CCG GP PRACTICE,21655895,"(26,995.57)"
Department of Health,NHS Barnsley CCG,30/04/2018,C&M-PMS Contract Value,PRC DELEGATED CO-COMMISSIONING,NHS BARNSLEY CCG GP PRACTICE,21655896,"129,255.17 "
Department of Health,NHS Barnsley CCG,30/04/2018,C&M-PMS Dispensing Quality Sch,PRC DELEGATED CO-COMMISSIONING,NHS BARNSLEY CCG GP PRACTICE,21655896,"19,829.88 "
Department of Health,NHS Barnsley CCG,30/04/2018,C&M-PMS Prem Actual Rent,PRC DELEGATED CO-COMMISSIONING,NHS BARNSLEY CCG GP PRACTICE,21655896,"24,600.00 "
Department of Health,NHS Barnsley CCG,30/04/2018,C&M-PMS Prem Notional Rent,PRC DELEGATED CO-COMMISSIONING,NHS BARNSLEY CCG GP PRACTICE,21655896,"6,333.33 "
Department of Health,NHS Barnsley CCG,30/04/2018,C&M-PMS Prem Rates,PRC DELEGATED CO-COMMISSIONING,NHS BARNSLEY CCG GP PRACTICE,21655896,"2,073.50 "
Department of Health,NHS Barnsley CCG,30/04/2018,C&M-PMS QOF Aspiration,PRC DELEGATED CO-COMMISSIONING,NHS BARNSLEY CCG GP PRACTICE,21655896,"13,531.08 "
Department of Health,NHS Barnsley CCG,30/04/2018,C&M-PMS Cost of Drugs -Dispensing,LOCAL ENHANCED SERVICES,NHS BARNSLEY CCG GP PRACTICE,21912792,"(65,643.55)"
Department of Health,NHS Barnsley CCG,30/04/2018,C&M-PMS Prsc Chrgs Cll&Rmttd by GPs,PRC DELEGATED CO-COMMISSIONING,NHS BARNSLEY CCG GP PRACTICE,21912792,"(4,558.00)"
Department of Health,NHS Barnsley CCG,30/04/2018,C&M-PMS Cost of Drugs -Dispensing,LOCAL ENHANCED SERVICES,NHS BARNSLEY CCG GP PRACTICE,21912793,"128,270.61 "
Department of Health,NHS Barnsley CCG,30/04/2018,C&M-PMS Prof fees Dispensing,PRC DELEGATED CO-COMMISSIONING,NHS BARNSLEY CCG GP PRACTICE,21912793,"22,994.64 "
Department of Health,NHS Barnsley CCG,30/04/2018,C&M-PMS Prsc Chrgs Cll&Rmttd by GPs,LOCAL ENHANCED SERVICES,NHS BARNSLEY CCG GP PRACTICE,21912793,"4,558.00 "
Department of Health,NHS Barnsley CCG,31/03/2018,C&M-PMS Cost of Drugs -Dispensing,LOCAL ENHANCED SERVICES,NHS BARNSLEY CCG GP PRACTICE,21503865,"(72,947.35)"
Department of Health,NHS Barnsley CCG,31/03/2018,C&M-PMS Prsc Chrgs Cll&Rmttd by GPs,PRC DELEGATED CO-COMMISSIONING,NHS BARNSLEY CCG GP PRACTICE,21503865,"(5,297.60)"
Department of Health,NHS Barnsley CCG,31/03/2018,C&M-PMS Cost of Drugs -Dispensing,LOCAL ENHANCED SERVICES,NHS BARNSLEY CCG GP PRACTICE,21503866,"132,880.69 "
Department of Health,NHS Barnsley CCG,31/03/2018,C&M-PMS Prof fees Dispensing,PRC DELEGATED CO-COMMISSIONING,NHS BARNSLEY CCG GP PRACTICE,21503866,"24,655.45 "
Department of Health,NHS Barnsley CCG,31/03/2018,C&M-PMS Prsc Chrgs Cll&Rmttd by GPs,LOCAL ENHANCED SERVICES,NHS BARNSLEY CCG GP PRACTICE,21503866,"5,297.60 "
Department of Health,NHS Barnsley CCG,30/04/2018,C&M-GMS Global Sum,PRC DELEGATED CO-COMMISSIONING,NHS BARNSLEY CCG GP PRACTICE,21884255,"21,769.88 "
Department of Health,NHS Barnsley CCG,30/04/2018,C&M-GMS MPIG Correction Factor,PRC DELEGATED CO-COMMISSIONING,NHS BARNSLEY CCG GP PRACTICE,21884255,404.79 
Department of Health,NHS Barnsley CCG,30/04/2018,C&M-GMS Prem Healthcentre Rent,PRC DELEGATED CO-COMMISSIONING,NHS BARNSLEY CCG GP PRACTICE,21884255,"1,433.88 "
Department of Health,NHS Barnsley CCG,30/04/2018,C&M-GMS QOF Aspiration,PRC DELEGATED CO-COMMISSIONING,NHS BARNSLEY CCG GP PRACTICE,21884255,"2,173.12 "
Department of Health,NHS Barnsley CCG,30/04/2018,C&M-GMS Global Sum,PRC DELEGATED CO-COMMISSIONING,NHS BARNSLEY CCG GP PRACTICE,21883188,"40,171.29 "
Department of Health,NHS Barnsley CCG,30/04/2018,C&M-GMS Prem Actual Rent,PRC DELEGATED CO-COMMISSIONING,NHS BARNSLEY CCG GP PRACTICE,21883188,"9,212.50 "
Department of Health,NHS Barnsley CCG,30/04/2018,C&M-GMS Prem Notional Rent,PRC DELEGATED CO-COMMISSIONING,NHS BARNSLEY CCG GP PRACTICE,21883188,"1,562.50 "
Department of Health,NHS Barnsley CCG,30/04/2018,C&M-GMS Prem Water Rates,PRC DELEGATED CO-COMMISSIONING,NHS BARNSLEY CCG GP PRACTICE,21883188,771.68 
Department of Health,NHS Barnsley CCG,30/04/2018,C&M-GMS QOF Aspiration,PRC DELEGATED CO-COMMISSIONING,NHS BARNSLEY CCG GP PRACTICE,21883188,"3,963.20 "
Department of Health,NHS Barnsley CCG,30/04/2018,C&M-PMS Contract Value,PRC DELEGATED CO-COMMISSIONING,NHS BARNSLEY CCG GP PRACTICE,21655894,"38,042.00 "
Department of Health,NHS Barnsley CCG,30/04/2018,C&M-PMS PCO Seniority,PRC DELEGATED CO-COMMISSIONING,NHS BARNSLEY CCG GP PRACTICE,21655894,"1,463.37 "
Department of Health,NHS Barnsley CCG,30/04/2018,C&M-PMS Prem Healthcentre Rent,PRC DELEGATED CO-COMMISSIONING,NHS BARNSLEY CCG GP PRACTICE,21655894,"2,930.13 "
Department of Health,NHS Barnsley CCG,30/04/2018,C&M-PMS Prem Notional Rent,PRC DELEGATED CO-COMMISSIONING,NHS BARNSLEY CCG GP PRACTICE,21655894,"8,600.00 "
Department of Health,NHS Barnsley CCG,30/04/2018,C&M-PMS Prem Rates,PRC DELEGATED CO-COMMISSIONING,NHS BARNSLEY CCG GP PRACTICE,21655894,"1,491.24 "
Department of Health,NHS Barnsley CCG,30/04/2018,C&M-PMS Prem Water Rates,PRC DELEGATED CO-COMMISSIONING,NHS BARNSLEY CCG GP PRACTICE,21655894,388.17 
Department of Health,NHS Barnsley CCG,30/04/2018,C&M-PMS QOF Aspiration,PRC DELEGATED CO-COMMISSIONING,NHS BARNSLEY CCG GP PRACTICE,21655894,"2,399.54 "
Department of Health,NHS Barnsley CCG,30/04/2018,C&M-GMS DES Minor Surgery,PRC DELEGATED CO-COMMISSIONING,NHS BARNSLEY CCG GP PRACTICE,21909801,"3,281.74 "
Department of Health,NHS Barnsley CCG,30/04/2018,C&M-GMS Global Sum,PRC DELEGATED CO-COMMISSIONING,NHS BARNSLEY CCG GP PRACTICE,21909801,"107,497.76 "
Department of Health,NHS Barnsley CCG,30/04/2018,C&M-GMS Prem Notional Rent,PRC DELEGATED CO-COMMISSIONING,NHS BARNSLEY CCG GP PRACTICE,21909801,"6,333.33 "
Department of Health,NHS Barnsley CCG,30/04/2018,C&M-GMS QOF Aspiration,PRC DELEGATED CO-COMMISSIONING,NHS BARNSLEY CCG GP PRACTICE,21909801,"11,289.00 "
Department of Health,NHS Barnsley CCG,30/04/2018,ME - GMS GP Prior Year ERs,PRC DELEGATED CO-COMMISSIONING,NHS BARNSLEY CCG GP PRACTICE,21909801,"3,424.10 "
Department of Health,NHS Barnsley CCG,30/04/2018,ME-GMS GP Prior Year AVCs,PRC DELEGATED CO-COMMISSIONING,NHS BARNSLEY CCG GP PRACTICE,21909801,"1,097.55 "
Department of Health,NHS Barnsley CCG,30/04/2018,ME-GMS GP Prior Year EEs,PRC DELEGATED CO-COMMISSIONING,NHS BARNSLEY CCG GP PRACTICE,21909801,"4,472.60 "
Department of Health,NHS Barnsley CCG,30/04/2018,C&M-GMS DES Learn Dsblty Hlth Chk,PRC DELEGATED CO-COMMISSIONING,NHS BARNSLEY CCG GP PRACTICE,21883190,"4,060.00 "
Department of Health,NHS Barnsley CCG,30/04/2018,C&M-GMS DES Minor Surgery,PRC DELEGATED CO-COMMISSIONING,NHS BARNSLEY CCG GP PRACTICE,21883190,"4,389.86 "
Department of Health,NHS Barnsley CCG,30/04/2018,C&M-GMS Global Sum,PRC DELEGATED CO-COMMISSIONING,NHS BARNSLEY CCG GP PRACTICE,21883190,"95,252.68 "
Department of Health,NHS Barnsley CCG,30/04/2018,C&M-GMS QOF Aspiration,PRC DELEGATED CO-COMMISSIONING,NHS BARNSLEY CCG GP PRACTICE,21883190,"9,725.67 "
Department of Health,NHS Barnsley CCG,30/04/2018,C&M-GMS DES Minor Surgery,PRC DELEGATED CO-COMMISSIONING,NHS BARNSLEY CCG GP PRACTICE,21883192,"1,875.28 "
Department of Health,NHS Barnsley CCG,30/04/2018,C&M-GMS Global Sum,PRC DELEGATED CO-COMMISSIONING,NHS BARNSLEY CCG GP PRACTICE,21883192,"93,422.79 "
Department of Health,NHS Barnsley CCG,30/04/2018,C&M-GMS Prem Healthcentre Rent,PRC DELEGATED CO-COMMISSIONING,NHS BARNSLEY CCG GP PRACTICE,21883192,"33,280.78 "
Department of Health,NHS Barnsley CCG,30/04/2018,C&M-GMS Prem Other,PRC DELEGATED CO-COMMISSIONING,NHS BARNSLEY CCG GP PRACTICE,21883192,"13,383.76 "
Department of Health,NHS Barnsley CCG,30/04/2018,C&M-GMS QOF Aspiration,PRC DELEGATED CO-COMMISSIONING,NHS BARNSLEY CCG GP PRACTICE,21883192,"8,618.56 "
Department of Health,NHS Barnsley CCG,30/04/2018,C&M-GMS Global Sum,PRC DELEGATED CO-COMMISSIONING,NHS BARNSLEY CCG GP PRACTICE,21883195,"79,997.14 "
Department of Health,NHS Barnsley CCG,30/04/2018,C&M-GMS Prem Actual Rent,PRC DELEGATED CO-COMMISSIONING,NHS BARNSLEY CCG GP PRACTICE,21883195,"41,186.25 "
Department of Health,NHS Barnsley CCG,30/04/2018,C&M-GMS QOF Aspiration,PRC DELEGATED CO-COMMISSIONING,NHS BARNSLEY CCG GP PRACTICE,21883195,"10,371.02 "
Department of Health,NHS Barnsley CCG,30/04/2018,C&M-PMS GP Statutory Levy,PRC DELEGATED CO-COMMISSIONING,NHS BARNSLEY CCG GP PRACTICE,21655897,(575.51)
Department of Health,NHS Barnsley CCG,30/04/2018,C&M-PMS Out of Hours Opt Outs,PRC DELEGATED CO-COMMISSIONING,NHS BARNSLEY CCG GP PRACTICE,21655897,"(6,753.92)"
Department of Health,NHS Barnsley CCG,30/04/2018,C&M-PMS Voluntary Levy,PRC DELEGATED CO-COMMISSIONING,NHS BARNSLEY CCG GP PRACTICE,21655897,(100.67)
Department of Health,NHS Barnsley CCG,30/04/2018,ME - PMS TPS Added Years Adj EEs,PRC DELEGATED CO-COMMISSIONING,NHS BARNSLEY CCG GP PRACTICE,21655897,(706.81)
Department of Health,NHS Barnsley CCG,30/04/2018,ME-PMS GP Pension EEs-PMS,PRC DELEGATED CO-COMMISSIONING,NHS BARNSLEY CCG GP PRACTICE,21655897,"(17,319.75)"
Department of Health,NHS Barnsley CCG,30/04/2018,ME-PMS GP Pension ERs Adjs - PMS,PRC DELEGATED CO-COMMISSIONING,NHS BARNSLEY CCG GP PRACTICE,21655897,"(14,968.63)"
Department of Health,NHS Barnsley CCG,30/04/2018,C&M-PMS Contract Value,PRC DELEGATED CO-COMMISSIONING,NHS BARNSLEY CCG GP PRACTICE,21655898,"138,229.17 "
Department of Health,NHS Barnsley CCG,30/04/2018,C&M-PMS Prem Notional Rent,PRC DELEGATED CO-COMMISSIONING,NHS BARNSLEY CCG GP PRACTICE,21655898,"11,741.66 "
Department of Health,NHS Barnsley CCG,30/04/2018,C&M-PMS QOF Aspiration,PRC DELEGATED CO-COMMISSIONING,NHS BARNSLEY CCG GP PRACTICE,21655898,"14,085.58 "
Department of Health,NHS Barnsley CCG,30/04/2018,C&M-PMS GP Statutory Levy,PRC DELEGATED CO-COMMISSIONING,NHS BARNSLEY CCG GP PRACTICE,21655899,(387.66)
Department of Health,NHS Barnsley CCG,30/04/2018,C&M-PMS Out of Hours Opt Outs,PRC DELEGATED CO-COMMISSIONING,NHS BARNSLEY CCG GP PRACTICE,21655899,"(4,686.17)"
Department of Health,NHS Barnsley CCG,30/04/2018,C&M-PMS Voluntary Levy,PRC DELEGATED CO-COMMISSIONING,NHS BARNSLEY CCG GP PRACTICE,21655899,(67.81)
Department of Health,NHS Barnsley CCG,30/04/2018,ME-PMS GP Pension EEs-PMS,PRC DELEGATED CO-COMMISSIONING,NHS BARNSLEY CCG GP PRACTICE,21655899,"(18,753.29)"
Department of Health,NHS Barnsley CCG,30/04/2018,ME-PMS GP Pension ERs Adjs - PMS,PRC DELEGATED CO-COMMISSIONING,NHS BARNSLEY CCG GP PRACTICE,21655899,"(17,744.30)"
Department of Health,NHS Barnsley CCG,30/04/2018,C&M-PMS Contract Value,PRC DELEGATED CO-COMMISSIONING,NHS BARNSLEY CCG GP PRACTICE,21655900,"94,782.58 "
Department of Health,NHS Barnsley CCG,30/04/2018,C&M-PMS Prem Actual Rent,PRC DELEGATED CO-COMMISSIONING,NHS BARNSLEY CCG GP PRACTICE,21655900,"12,708.33 "
Department of Health,NHS Barnsley CCG,30/04/2018,C&M-PMS Prem Rates,PRC DELEGATED CO-COMMISSIONING,NHS BARNSLEY CCG GP PRACTICE,21655900,"2,999.36 "
Department of Health,NHS Barnsley CCG,30/04/2018,C&M-PMS QOF Aspiration,PRC DELEGATED CO-COMMISSIONING,NHS BARNSLEY CCG GP PRACTICE,21655900,"10,432.84 "
Department of Health,NHS Barnsley CCG,30/04/2018,C&M-PMS Contract Value,PRC DELEGATED CO-COMMISSIONING,NHS BARNSLEY CCG GP PRACTICE,21655902,"84,432.17 "
Department of Health,NHS Barnsley CCG,30/04/2018,C&M-PMS Prem Actual Rent,PRC DELEGATED CO-COMMISSIONING,NHS BARNSLEY CCG GP PRACTICE,21655902,"8,566.67 "
Department of Health,NHS Barnsley CCG,30/04/2018,C&M-PMS QOF Aspiration,PRC DELEGATED CO-COMMISSIONING,NHS BARNSLEY CCG GP PRACTICE,21655902,"6,865.69 "
Department of Health,NHS Barnsley CCG,30/04/2018,C&M-GMS Global Sum,PRC DELEGATED CO-COMMISSIONING,NHS BARNSLEY CCG GP PRACTICE,21883197,"56,906.72 "
Department of Health,NHS Barnsley CCG,30/04/2018,C&M-GMS Prem Healthcentre Rent,PRC DELEGATED CO-COMMISSIONING,NHS BARNSLEY CCG GP PRACTICE,21883197,"21,594.09 "
Department of Health,NHS Barnsley CCG,30/04/2018,C&M-GMS QOF Aspiration,PRC DELEGATED CO-COMMISSIONING,NHS BARNSLEY CCG GP PRACTICE,21883197,"5,792.31 "
Department of Health,NHS Barnsley CCG,30/04/2018,C&M-PMS GP Statutory Levy,PRC DELEGATED CO-COMMISSIONING,NHS BARNSLEY CCG GP PRACTICE,21655903,(435.36)
Department of Health,NHS Barnsley CCG,30/04/2018,C&M-PMS Out of Hours Opt Outs,PRC DELEGATED CO-COMMISSIONING,NHS BARNSLEY CCG GP PRACTICE,21655903,"(4,869.83)"
Department of Health,NHS Barnsley CCG,30/04/2018,C&M-PMS Voluntary Levy,PRC DELEGATED CO-COMMISSIONING,NHS BARNSLEY CCG GP PRACTICE,21655903,(76.15)
Department of Health,NHS Barnsley CCG,30/04/2018,ME-PMS GP Pension EEs-PMS,PRC DELEGATED CO-COMMISSIONING,NHS BARNSLEY CCG GP PRACTICE,21655903,"(11,781.13)"
Department of Health,NHS Barnsley CCG,30/04/2018,ME-PMS GP Pension ERs Adjs - PMS,PRC DELEGATED CO-COMMISSIONING,NHS BARNSLEY CCG GP PRACTICE,21655903,"(12,067.32)"
Department of Health,NHS Barnsley CCG,30/04/2018,C&M-PMS Contract Value,PRC DELEGATED CO-COMMISSIONING,NHS BARNSLEY CCG GP PRACTICE,21655904,"98,506.17 "
Department of Health,NHS Barnsley CCG,30/04/2018,C&M-PMS Prem Actual Rent,PRC DELEGATED CO-COMMISSIONING,NHS BARNSLEY CCG GP PRACTICE,21655904,"54,375.00 "
Department of Health,NHS Barnsley CCG,30/04/2018,C&M-PMS Prem Rates,PRC DELEGATED CO-COMMISSIONING,NHS BARNSLEY CCG GP PRACTICE,21655904,"3,264.10 "
Department of Health,NHS Barnsley CCG,30/04/2018,C&M-PMS QOF Aspiration,PRC DELEGATED CO-COMMISSIONING,NHS BARNSLEY CCG GP PRACTICE,21655904,"11,132.90 "
Department of Health,NHS Barnsley CCG,30/04/2018,C&M-GMS DES Minor Surgery,PRC DELEGATED CO-COMMISSIONING,NHS BARNSLEY CCG GP PRACTICE,21883201,"5,071.78 "
Department of Health,NHS Barnsley CCG,30/04/2018,C&M-GMS Global Sum,PRC DELEGATED CO-COMMISSIONING,NHS BARNSLEY CCG GP PRACTICE,21883201,"48,081.76 "
Department of Health,NHS Barnsley CCG,30/04/2018,C&M-GMS Prem Notional Rent,PRC DELEGATED CO-COMMISSIONING,NHS BARNSLEY CCG GP PRACTICE,21883201,"2,541.67 "
Department of Health,NHS Barnsley CCG,30/04/2018,C&M-GMS Prem Rates,PRC DELEGATED CO-COMMISSIONING,NHS BARNSLEY CCG GP PRACTICE,21883201,504.56 
Department of Health,NHS Barnsley CCG,30/04/2018,C&M-GMS QOF Aspiration,PRC DELEGATED CO-COMMISSIONING,NHS BARNSLEY CCG GP PRACTICE,21883201,"4,113.30 "
Department of Health,NHS Barnsley CCG,30/04/2018,Apprenticeship Levy Payable,BALANCE SHEET,HMRC,21688066,685.00 
Department of Health,NHS Barnsley CCG,30/04/2018,Income tax <1Yr,BALANCE SHEET,HMRC,21688066,"58,075.25 "
Department of Health,NHS Barnsley CCG,30/04/2018,Income tax <1Yr-Student Loans,BALANCE SHEET,HMRC,21688066,"1,444.00 "
Department of Health,NHS Barnsley CCG,30/04/2018,National Insurance < 1 yr-NI- ERS,BALANCE SHEET,HMRC,21688066,"40,754.60 "
Department of Health,NHS Barnsley CCG,30/04/2018,National Insurance < 1 yr-NI-EES,BALANCE SHEET,HMRC,21688066,"29,843.18 "
Department of Health,NHS Barnsley CCG,30/04/2018,C&M-GMS DES Minor Surgery,PRC DELEGATED CO-COMMISSIONING,NHS BARNSLEY CCG GP PRACTICE,21883203,"4,006.28 "
Department of Health,NHS Barnsley CCG,30/04/2018,C&M-GMS Global Sum,PRC DELEGATED CO-COMMISSIONING,NHS BARNSLEY CCG GP PRACTICE,21883203,"86,453.80 "
Department of Health,NHS Barnsley CCG,30/04/2018,C&M-GMS Prem Healthcentre Rent,PRC DELEGATED CO-COMMISSIONING,NHS BARNSLEY CCG GP PRACTICE,21883203,"20,747.29 "
Department of Health,NHS Barnsley CCG,30/04/2018,C&M-GMS Prem Notional Rent,PRC DELEGATED CO-COMMISSIONING,NHS BARNSLEY CCG GP PRACTICE,21883203,"1,375.00 "
Department of Health,NHS Barnsley CCG,30/04/2018,C&M-GMS Prem Water Rates,PRC DELEGATED CO-COMMISSIONING,NHS BARNSLEY CCG GP PRACTICE,21883203,69.47 
Department of Health,NHS Barnsley CCG,30/04/2018,C&M-GMS QOF Aspiration,PRC DELEGATED CO-COMMISSIONING,NHS BARNSLEY CCG GP PRACTICE,21883203,"9,466.79 "
Department of Health,NHS Barnsley CCG,30/04/2018,C&M-PMS Contract Value,PRC DELEGATED CO-COMMISSIONING,NHS BARNSLEY CCG GP PRACTICE,21655906,"48,483.00 "
Department of Health,NHS Barnsley CCG,30/04/2018,C&M-PMS Prem Healthcentre Rent,PRC DELEGATED CO-COMMISSIONING,NHS BARNSLEY CCG GP PRACTICE,21655906,"6,045.20 "
Department of Health,NHS Barnsley CCG,30/04/2018,C&M-PMS Prem Notional Rent,PRC DELEGATED CO-COMMISSIONING,NHS BARNSLEY CCG GP PRACTICE,21655906,"3,583.33 "
Department of Health,NHS Barnsley CCG,30/04/2018,C&M-PMS QOF Aspiration,PRC DELEGATED CO-COMMISSIONING,NHS BARNSLEY CCG GP PRACTICE,21655906,"4,927.43 "
Department of Health,NHS Barnsley CCG,31/03/2018,Telecoms-Data lines,PRIMARY CARE IT,KIER BUSINESS SERVICES LTD,21521280,"622,856.00 "
Department of Health,NHS Barnsley CCG,30/04/2018,C&M-PMS Contract Value,PRC DELEGATED CO-COMMISSIONING,NHS BARNSLEY CCG GP PRACTICE,21658236,"27,222.25 "
Department of Health,NHS Barnsley CCG,30/04/2018,C&M-PMS Dispensing Quality Sch,PRC DELEGATED CO-COMMISSIONING,NHS BARNSLEY CCG GP PRACTICE,21658236,"4,130.58 "
Department of Health,NHS Barnsley CCG,30/04/2018,C&M-PMS Prem Notional Rent,PRC DELEGATED CO-COMMISSIONING,NHS BARNSLEY CCG GP PRACTICE,21658236,"4,333.33 "
Department of Health,NHS Barnsley CCG,30/04/2018,C&M-PMS QOF Aspiration,PRC DELEGATED CO-COMMISSIONING,NHS BARNSLEY CCG GP PRACTICE,21658236,"2,056.81 "
Department of Health,NHS Barnsley CCG,30/04/2018,C&M-PMS Cost of Drugs -Dispensing,LOCAL ENHANCED SERVICES,NHS BARNSLEY CCG GP PRACTICE,21909959,"28,068.36 "
Department of Health,NHS Barnsley CCG,30/04/2018,C&M-PMS Prof fees Dispensing,PRC DELEGATED CO-COMMISSIONING,NHS BARNSLEY CCG GP PRACTICE,21909959,"4,171.62 "
Department of Health,NHS Barnsley CCG,30/04/2018,C&M-PMS Prsc Chrgs Cll&Rmttd by GPs,LOCAL ENHANCED SERVICES,NHS BARNSLEY CCG GP PRACTICE,21909959,"1,436.20 "
Department of Health,NHS Barnsley CCG,31/03/2018,C&M-PMS Cost of Drugs -Dispensing,LOCAL ENHANCED SERVICES,NHS BARNSLEY CCG GP PRACTICE,21504825,"28,839.69 "
Department of Health,NHS Barnsley CCG,31/03/2018,C&M-PMS Prof fees Dispensing,PRC DELEGATED CO-COMMISSIONING,NHS BARNSLEY CCG GP PRACTICE,21504825,"4,599.33 "
Department of Health,NHS Barnsley CCG,31/03/2018,C&M-PMS Prsc Chrgs Cll&Rmttd by GPs,LOCAL ENHANCED SERVICES,NHS BARNSLEY CCG GP PRACTICE,21504825,"1,849.00 "
Department of Health,NHS Barnsley CCG,30/04/2018,C&M-APMS Contract Value,PRC DELEGATED CO-COMMISSIONING,NHS BARNSLEY CCG GP PRACTICE,21655910,"18,819.00 "
Department of Health,NHS Barnsley CCG,30/04/2018,C&M-APMS Prem Healthcentre Rent,PRC DELEGATED CO-COMMISSIONING,NHS BARNSLEY CCG GP PRACTICE,21655910,"4,802.71 "
Department of Health,NHS Barnsley CCG,30/04/2018,C&M-PMS QOF Aspiration,PRC DELEGATED CO-COMMISSIONING,NHS BARNSLEY CCG GP PRACTICE,21655910,"1,621.22 "
Department of Health,NHS Barnsley CCG,30/04/2018,Hcare Srv Rec NHS Trust-Contract Baseline,ACUTE COMMISSIONING,LEEDS TEACHING HOSPITALS NHS TRUST,21669892,"93,452.00 "
Department of Health,NHS Barnsley CCG,30/04/2018,Hcare Srv Rec NHS Trust-CQUIN,ACUTE COMMISSIONING,MID YORKSHIRE HOSPITALS NHS TRUST,21709124,"2,465.00 "
Department of Health,NHS Barnsley CCG,30/04/2018,Hcare Srv Rec NHS Trust-Contract Baseline,ACUTE COMMISSIONING,MID YORKSHIRE HOSPITALS NHS TRUST,21709124,"224,013.00 "
Department of Health,NHS Barnsley CCG,31/03/2018,Hcare Srv Rec NHS Trust-CQUIN,ACUTE COMMISSIONING,MID YORKSHIRE HOSPITALS NHS TRUST,21521264,"6,402.00 "
Department of Health,NHS Barnsley CCG,31/03/2018,Hcare Srv Rec NHS Trust-Contract Baseline,ACUTE COMMISSIONING,MID YORKSHIRE HOSPITALS NHS TRUST,21521264,"56,001.00 "
Department of Health,NHS Barnsley CCG,30/04/2018,Clinical&Medical-Commercial Sector,ACUTE COMMISSIONING,ONEHEALTH GROUP,21773949,"189,723.75 "
Department of Health,NHS Barnsley CCG,30/04/2018,Clinical&Medical-Commercial Sector,ACUTE COMMISSIONING,PAIN MANAGEMENT SOLUTIONS LTD,21823833,"28,943.78 "
Department of Health,NHS Barnsley CCG,30/04/2018,Other Gen Supplies & Srv,PATIENT TRANSPORT,PREMIER CARE DIRECT LTD,21819780,"28,557.10 "
Department of Health,NHS Barnsley CCG,30/04/2018,Hcare Srv Rec Fdtn Trust-CQUIN,MENTAL HEALTH CONTRACTS,ROTHERHAM DONCASTER & SOUTH HUMBER MENTAL HEALTH NHS FOUNDATION TRUST,21742953,425.50 
Department of Health,NHS Barnsley CCG,30/04/2018,Hcare Srv Rec Fdtn Trust-Contract Baseline,MENTAL HEALTH CONTRACTS,ROTHERHAM DONCASTER & SOUTH HUMBER MENTAL HEALTH NHS FOUNDATION TRUST,21742953,"34,043.08 "
Department of Health,NHS Barnsley CCG,30/04/2018,C&M-GMS Global Sum,PRC DELEGATED CO-COMMISSIONING,NHS BARNSLEY CCG GP PRACTICE,21909802,"61,117.23 "
Department of Health,NHS Barnsley CCG,30/04/2018,C&M-GMS Prem Notional Rent,PRC DELEGATED CO-COMMISSIONING,NHS BARNSLEY CCG GP PRACTICE,21909802,"8,873.23 "
Department of Health,NHS Barnsley CCG,30/04/2018,C&M-GMS Prem Rates,PRC DELEGATED CO-COMMISSIONING,NHS BARNSLEY CCG GP PRACTICE,21909802,870.00 
Department of Health,NHS Barnsley CCG,30/04/2018,C&M-GMS QOF Aspiration,PRC DELEGATED CO-COMMISSIONING,NHS BARNSLEY CCG GP PRACTICE,21909802,"7,007.16 "
Department of Health,NHS Barnsley CCG,30/04/2018,Hcare Srv Rec Fdtn Trust-Contract Baseline,ACUTE COMMISSIONING,SHEFFIELD CHILDRENS NHS FOUNDATION TRUST,21709117,"134,793.00 "
Department of Health,NHS Barnsley CCG,31/03/2018,Clinical&Medical-Serv Recd-F Trsts,CHILD AND ADOLESCENT MENTAL HEALTH,SHEFFIELD CHILDRENS NHS FOUNDATION TRUST,21555583,"69,802.00 "
Department of Health,NHS Barnsley CCG,30/04/2018,Cont Care- Prior Year Payments,CHC ADULT FULLY FUNDED,SHEFFIELD CITY COUNCIL,21804248,"58,313.32 "
Department of Health,NHS Barnsley CCG,30/04/2018,Hcare Srv Rec Fdtn Trust-Contract Baseline,ACUTE COMMISSIONING,SHEFFIELD TEACHING HOSPITALS NHS FOUNDATION TRUST,21709088,"174,257.00 "
Department of Health,NHS Barnsley CCG,30/04/2018,Hcare Srv Rec Fdtn Trust-Contract Baseline,ACUTE COMMISSIONING,SHEFFIELD TEACHING HOSPITALS NHS FOUNDATION TRUST,21709093,"1,852,829.00 "
Department of Health,NHS Barnsley CCG,30/04/2018,Hcare Srv Rec Fdtn Trust-Contract Baseline,ACUTE COMMISSIONING,SHEFFIELD TEACHING HOSPITALS NHS FOUNDATION TRUST,21742942,"78,458.00 "
Department of Health,NHS Barnsley CCG,30/04/2018,Hcare Srv Rec Fdtn Trust-CQUIN,ACUTE COMMISSIONING,SHEFFIELD TEACHING HOSPITALS NHS FOUNDATION TRUST,21823854,"(67,470.00)"
Department of Health,NHS Barnsley CCG,30/04/2018,Hcare Srv Rec Fdtn Trust-Contract Baseline,ACUTE COMMISSIONING,SHEFFIELD TEACHING HOSPITALS NHS FOUNDATION TRUST,21823854,"(386,839.00)"
Department of Health,NHS Barnsley CCG,30/04/2018,Hcare Srv Rec Fdtn Trust-Contract Baseline,ACUTE COMMISSIONING,SHEFFIELD TEACHING HOSPITALS NHS FOUNDATION TRUST,21823857,"(27,106.00)"
Department of Health,NHS Barnsley CCG,30/04/2018,Clinical&Medical-Serv Recd-F Trsts,INTERMEDIATE CARE,SOUTH WEST YORKSHIRE PARTNERSHIP NHS FOUNDATION TRUST,21742889,"1,052,831.00 "
Department of Health,NHS Barnsley CCG,30/04/2018,Hcare Srv Rec Fdtn Trust-CQUIN,COMMUNITY SERVICES,SOUTH WEST YORKSHIRE PARTNERSHIP NHS FOUNDATION TRUST,21742891,"50,633.00 "
Department of Health,NHS Barnsley CCG,30/04/2018,Hcare Srv Rec Fdtn Trust-Contract Baseline,COMMUNITY SERVICES,SOUTH WEST YORKSHIRE PARTNERSHIP NHS FOUNDATION TRUST,21742891,"3,748,855.00 "
Department of Health,NHS Barnsley CCG,30/04/2018,Clinical&Medical-Independent Sector,MENTAL HEALTH SERVICES - OTHER,SOUTH YORKSHIRE EATING DISORDERS ASSOCIATION,21709011,"30,000.00 "
Department of Health,NHS Barnsley CCG,30/04/2018,Clinical&Medical-Commercial Sector,NCAS/OATS,SPAMEDICA LTD,21870206,"61,364.11 "
Department of Health,NHS Barnsley CCG,30/04/2018,Cont Care- Prior Year Payments,CHC ADULT FULLY FUNDED,TURNING POINT,21669920,"78,951.84 "
Department of Health,NHS Barnsley CCG,30/04/2018,C&M-PMS Contract Value,PRC DELEGATED CO-COMMISSIONING,WHITE ROSE MEDICAL PRACTICE,21655908,"70,849.75 "
Department of Health,NHS Barnsley CCG,30/04/2018,C&M-PMS Prem Actual Rent,PRC DELEGATED CO-COMMISSIONING,WHITE ROSE MEDICAL PRACTICE,21655908,319.38 
Department of Health,NHS Barnsley CCG,30/04/2018,C&M-PMS Prem Healthcentre Rent,PRC DELEGATED CO-COMMISSIONING,WHITE ROSE MEDICAL PRACTICE,21655908,"17,485.37 "
Department of Health,NHS Barnsley CCG,30/04/2018,C&M-PMS QOF Aspiration,PRC DELEGATED CO-COMMISSIONING,WHITE ROSE MEDICAL PRACTICE,21655908,"6,630.90 "
Department of Health,NHS Barnsley CCG,30/04/2018,C&M-PMS Contract Value,PRC DELEGATED CO-COMMISSIONING,WOODLAND DRIVE MEDICAL CENTRE,21658234,"41,124.25 "
Department of Health,NHS Barnsley CCG,30/04/2018,C&M-PMS Prem Healthcentre Rent,PRC DELEGATED CO-COMMISSIONING,WOODLAND DRIVE MEDICAL CENTRE,21658234,"1,107.86 "
Department of Health,NHS Barnsley CCG,30/04/2018,C&M-PMS Prem Notional Rent,PRC DELEGATED CO-COMMISSIONING,WOODLAND DRIVE MEDICAL CENTRE,21658234,"28,500.00 "
Department of Health,NHS Barnsley CCG,30/04/2018,C&M-PMS Prem Rates,PRC DELEGATED CO-COMMISSIONING,WOODLAND DRIVE MEDICAL CENTRE,21658234,"1,470.00 "
Department of Health,NHS Barnsley CCG,30/04/2018,C&M-PMS QOF Aspiration,PRC DELEGATED CO-COMMISSIONING,WOODLAND DRIVE MEDICAL CENTRE,21658234,"4,023.78 "
Department of Health,NHS Barnsley CCG,30/04/2018,Hcare Srv Rec NHS Trust-Contract Baseline,AMBULANCE SERVICES,YORKSHIRE AMBULANCE SERVICE NHS TRUST,21669887,"627,034.00 "
Department of Health,NHS Barnsley CCG,30/04/2018,Hcare Srv Rec NHS Trust-Contract Baseline,NHS 111,YORKSHIRE AMBULANCE SERVICE NHS TRUST,21669888,"55,687.00 "
Department of Health,NHS Barnsley CCG,30/04/2018,Hcare Srv Rec NHS Trust-Contract Baseline,PATIENT TRANSPORT,YORKSHIRE AMBULANCE SERVICE NHS TRUST,21669889,"129,241.20 "
,,,,,,,"26,825,022.43 "
,,,,,,,
