A3131 - Expenditure Over Threshold,,,,,,,
,,,,,,,
Department family,Entity,Date,Expense Type,Expense area,Supplier,Transaction number,AP Amount (�)
Department of Health,NHS Barnsley CCG,30/11/2018,C&M-APMS Contract Value,PRC DELEGATED CO-COMMISSIONING,BARNSLEY HEALTHCARE FEDERATION,24665008,"26,968.34 "
Department of Health,NHS Barnsley CCG,30/11/2018,C&M-APMS DES Minor Surgery,PRC DELEGATED CO-COMMISSIONING,BARNSLEY HEALTHCARE FEDERATION,24665008,298.34 
Department of Health,NHS Barnsley CCG,30/11/2018,C&M-APMS OOH Opt Outs,PRC DELEGATED CO-COMMISSIONING,BARNSLEY HEALTHCARE FEDERATION,24665008,3.04 
Department of Health,NHS Barnsley CCG,30/11/2018,C&M-APMS Prem Actual Rent,PRC DELEGATED CO-COMMISSIONING,BARNSLEY HEALTHCARE FEDERATION,24665008,"1,310.42 "
Department of Health,NHS Barnsley CCG,30/11/2018,C&M-APMS Prem Rates,PRC DELEGATED CO-COMMISSIONING,BARNSLEY HEALTHCARE FEDERATION,24665008,448.00 
Department of Health,NHS Barnsley CCG,30/11/2018,C&M-PMS QOF Aspiration,PRC DELEGATED CO-COMMISSIONING,BARNSLEY HEALTHCARE FEDERATION,24665008,"2,327.36 "
Department of Health,NHS Barnsley CCG,30/11/2018,C&M-APMS Contract Value,PRC DELEGATED CO-COMMISSIONING,BARNSLEY HEALTHCARE FEDERATION,24665010,"32,058.05 "
Department of Health,NHS Barnsley CCG,30/11/2018,C&M-APMS DES Minor Surgery,PRC DELEGATED CO-COMMISSIONING,BARNSLEY HEALTHCARE FEDERATION,24665010,"1,491.70 "
Department of Health,NHS Barnsley CCG,30/11/2018,C&M-APMS OOH Opt Outs,PRC DELEGATED CO-COMMISSIONING,BARNSLEY HEALTHCARE FEDERATION,24665010,9.43 
Department of Health,NHS Barnsley CCG,30/11/2018,C&M-APMS Prem Actual Rent,PRC DELEGATED CO-COMMISSIONING,BARNSLEY HEALTHCARE FEDERATION,24665010,"2,150.00 "
Department of Health,NHS Barnsley CCG,30/11/2018,C&M-APMS Prem Healthcentre Rent,PRC DELEGATED CO-COMMISSIONING,BARNSLEY HEALTHCARE FEDERATION,24665010,"7,057.88 "
Department of Health,NHS Barnsley CCG,30/11/2018,C&M-APMS Prem Rates,PRC DELEGATED CO-COMMISSIONING,BARNSLEY HEALTHCARE FEDERATION,24665010,492.00 
Department of Health,NHS Barnsley CCG,30/11/2018,C&M-PMS DES Learn Dsblty Hlth Chk,PRC DELEGATED CO-COMMISSIONING,BARNSLEY HEALTHCARE FEDERATION,24665010,140.00 
Department of Health,NHS Barnsley CCG,30/11/2018,C&M-PMS QOF Aspiration,PRC DELEGATED CO-COMMISSIONING,BARNSLEY HEALTHCARE FEDERATION,24665010,"2,420.56 "
Department of Health,NHS Barnsley CCG,30/11/2018,C&M-APMS Contract Value,PRC DELEGATED CO-COMMISSIONING,BARNSLEY HEALTHCARE FEDERATION,24665012,"28,532.53 "
Department of Health,NHS Barnsley CCG,30/11/2018,C&M-APMS DES Minor Surgery,PRC DELEGATED CO-COMMISSIONING,BARNSLEY HEALTHCARE FEDERATION,24665012,213.10 
Department of Health,NHS Barnsley CCG,30/11/2018,C&M-APMS OOH Opt Outs,PRC DELEGATED CO-COMMISSIONING,BARNSLEY HEALTHCARE FEDERATION,24665012,23.44 
Department of Health,NHS Barnsley CCG,30/11/2018,C&M-APMS Prem Actual Rent,PRC DELEGATED CO-COMMISSIONING,BARNSLEY HEALTHCARE FEDERATION,24665012,"6,200.00 "
Department of Health,NHS Barnsley CCG,30/11/2018,C&M-APMS Prem Rates,PRC DELEGATED CO-COMMISSIONING,BARNSLEY HEALTHCARE FEDERATION,24665012,"1,748.00 "
Department of Health,NHS Barnsley CCG,30/11/2018,C&M-PMS DES Learn Dsblty Hlth Chk,PRC DELEGATED CO-COMMISSIONING,BARNSLEY HEALTHCARE FEDERATION,24665012,700.00 
Department of Health,NHS Barnsley CCG,30/11/2018,C&M-PMS QOF Aspiration,PRC DELEGATED CO-COMMISSIONING,BARNSLEY HEALTHCARE FEDERATION,24665012,"2,727.89 "
Department of Health,NHS Barnsley CCG,30/11/2018,C&M-PMS Practice Transformational Support,COMMISSIONING SCHEMES,BARNSLEY HEALTHCARE FEDERATION,24762680,"43,000.00 "
Department of Health,NHS Barnsley CCG,30/11/2018,C&M-PMS Practice Transformational Support,LOCAL ENHANCED SERVICES,BARNSLEY HEALTHCARE FEDERATION,24934754,"46,666.67 "
Department of Health,NHS Barnsley CCG,30/11/2018,Clinical&Medical-Commercial Sector,OUT OF HOURS,BARNSLEY HEALTHCARE FEDERATION,24934756,"124,715.53 "
Department of Health,NHS Barnsley CCG,30/11/2018,Soc Care-Support Prim Care,GP FORWARD VIEW,BARNSLEY HEALTHCARE FEDERATION,24934758,"132,164.41 "
Department of Health,NHS Barnsley CCG,30/11/2018,C&M-PMS Contract Value,PRC DELEGATED CO-COMMISSIONING,BARNSLEY HEALTHCARE FEDERATION CIC (GOLDTHORPE),24664626,"41,955.09 "
Department of Health,NHS Barnsley CCG,30/11/2018,C&M-PMS DES Learn Dsblty Hlth Chk,PRC DELEGATED CO-COMMISSIONING,BARNSLEY HEALTHCARE FEDERATION CIC (GOLDTHORPE),24664626,280.00 
Department of Health,NHS Barnsley CCG,30/11/2018,C&M-PMS DES Minor Surgery,PRC DELEGATED CO-COMMISSIONING,BARNSLEY HEALTHCARE FEDERATION CIC (GOLDTHORPE),24664626,"3,026.02 "
Department of Health,NHS Barnsley CCG,30/11/2018,C&M-PMS Out of Hours Opt Outs,PRC DELEGATED CO-COMMISSIONING,BARNSLEY HEALTHCARE FEDERATION CIC (GOLDTHORPE),24664626,14.69 
Department of Health,NHS Barnsley CCG,30/11/2018,C&M-PMS Prem Healthcentre Rent,PRC DELEGATED CO-COMMISSIONING,BARNSLEY HEALTHCARE FEDERATION CIC (GOLDTHORPE),24664626,"11,654.20 "
Department of Health,NHS Barnsley CCG,30/11/2018,C&M-PMS QOF Aspiration,PRC DELEGATED CO-COMMISSIONING,BARNSLEY HEALTHCARE FEDERATION CIC (GOLDTHORPE),24664626,"4,158.04 "
Department of Health,NHS Barnsley CCG,30/11/2018,ME - PMS GP Prior Year ERs,PRC DELEGATED CO-COMMISSIONING,BARNSLEY HEALTHCARE FEDERATION CIC (GOLDTHORPE),24664626,"6,909.36 "
Department of Health,NHS Barnsley CCG,30/11/2018,ME-PMS GP Pension EEs Adjs - PMS,PRC DELEGATED CO-COMMISSIONING,BARNSLEY HEALTHCARE FEDERATION CIC (GOLDTHORPE),24664626,"8,128.19 "
Department of Health,NHS Barnsley CCG,30/11/2018,ME-PMS GP Pension ERs Adjs - PMS,PRC DELEGATED CO-COMMISSIONING,BARNSLEY HEALTHCARE FEDERATION CIC (GOLDTHORPE),24664626,"8,062.92 "
Department of Health,NHS Barnsley CCG,30/11/2018,ME-PMS GP Prior Year EEs,PRC DELEGATED CO-COMMISSIONING,BARNSLEY HEALTHCARE FEDERATION CIC (GOLDTHORPE),24664626,"6,967.02 "
Department of Health,NHS Barnsley CCG,31/10/2018,Hcare Srv Rec Fdtn Trust-CQUIN,ACUTE COMMISSIONING,BARNSLEY HOSPITAL NHS FOUNDATION TRUST,24462373,"270,572.00 "
Department of Health,NHS Barnsley CCG,31/10/2018,Hcare Srv Rec Fdtn Trust-Contract Baseline,ACUTE COMMISSIONING,BARNSLEY HOSPITAL NHS FOUNDATION TRUST,24462373,"11,398,649.00 "
Department of Health,NHS Barnsley CCG,31/10/2018,Hcare Srv Rec Fdtn Trust-CQUIN,ACUTE COMMISSIONING,BARNSLEY HOSPITAL NHS FOUNDATION TRUST,24462369,"10,847.00 "
Department of Health,NHS Barnsley CCG,31/10/2018,Hcare Srv Rec Fdtn Trust-Contract Baseline,ACUTE COMMISSIONING,BARNSLEY HOSPITAL NHS FOUNDATION TRUST,24462369,"562,297.00 "
Department of Health,NHS Barnsley CCG,31/10/2018,Hcare Srv Rec Fdtn Trust-CQUIN,INTERMEDIATE CARE,BARNSLEY HOSPITAL NHS FOUNDATION TRUST,24478989,"5,042.00 "
Department of Health,NHS Barnsley CCG,31/10/2018,Hcare Srv Rec Fdtn Trust-CQUIN,LONG TERM CONDITIONS,BARNSLEY HOSPITAL NHS FOUNDATION TRUST,24478989,"3,826.00 "
Department of Health,NHS Barnsley CCG,31/10/2018,Hcare Srv Rec Fdtn Trust-Contract Baseline,INTERMEDIATE CARE,BARNSLEY HOSPITAL NHS FOUNDATION TRUST,24478989,"201,654.00 "
Department of Health,NHS Barnsley CCG,31/10/2018,Hcare Srv Rec Fdtn Trust-Contract Baseline,LONG TERM CONDITIONS,BARNSLEY HOSPITAL NHS FOUNDATION TRUST,24478989,"153,046.00 "
Department of Health,NHS Barnsley CCG,30/11/2018,Clinical&Medical-Othe Public Sector,CHILD AND ADOLESCENT MENTAL HEALTH,BARNSLEY METROPOLITAN BOROUGH COUNCIL,24615012,"20,508.00 "
Department of Health,NHS Barnsley CCG,30/11/2018,Clinical&Medical-Othe Public Sector,COMMISSIONING - NON ACUTE,BARNSLEY METROPOLITAN BOROUGH COUNCIL,24615012,"353,449.00 "
Department of Health,NHS Barnsley CCG,30/11/2018,Local AuthorityRevenue-Non-Contract,COMMUNITY SERVICES,BARNSLEY METROPOLITAN BOROUGH COUNCIL,24615012,"(4,875.00)"
Department of Health,NHS Barnsley CCG,30/11/2018,Services From Local Authorities,SAFEGUARDING,BARNSLEY METROPOLITAN BOROUGH COUNCIL,24615012,"6,303.00 "
Department of Health,NHS Barnsley CCG,30/11/2018,Soc Care-Other Soc Care,COMMUNITY SERVICES,BARNSLEY METROPOLITAN BOROUGH COUNCIL,24615012,"135,167.00 "
Department of Health,NHS Barnsley CCG,30/11/2018,Soc Care-Re-ablement services,COMMUNITY SERVICES,BARNSLEY METROPOLITAN BOROUGH COUNCIL,24615012,"202,750.00 "
Department of Health,NHS Barnsley CCG,30/11/2018,Social Care-Res Long Stay Exp,LONG TERM CONDITIONS,BARNSLEY METROPOLITAN BOROUGH COUNCIL,24615012,"426,250.00 "
Department of Health,NHS Barnsley CCG,30/11/2018,Social Care-Res Short Stay Exp,COMMUNITY SERVICES,BARNSLEY METROPOLITAN BOROUGH COUNCIL,24615012,"67,500.00 "
Department of Health,NHS Barnsley CCG,30/11/2018,Cont Care- Prior Year Payments,CHC AD FULL FUND PERS HLTH BUD,BARNSLEY METROPOLITAN BOROUGH COUNCIL,24647638,"411,282.60 "
Department of Health,NHS Barnsley CCG,30/11/2018,Cont Care- Prior Year Payments,CHC AD FULL FUND PERS HLTH BUD,BARNSLEY METROPOLITAN BOROUGH COUNCIL,24647689,"(301,782.67)"
Department of Health,NHS Barnsley CCG,30/11/2018,Cont Care- Children,CHC CHILD PERS HLTH BUD,BARNSLEY METROPOLITAN BOROUGH COUNCIL,24647713,"107,266.23 "
Department of Health,NHS Barnsley CCG,30/11/2018,Clinical&Medical-Othe Public Sector,Learning Difficulties - S117,BARNSLEY METROPOLITAN BOROUGH COUNCIL,24892645,"34,501.22 "
Department of Health,NHS Barnsley CCG,30/11/2018,Clinical&Medical-Othe Public Sector,Learning Difficulties - S117,BARNSLEY METROPOLITAN BOROUGH COUNCIL,24892646,"65,664.50 "
Department of Health,NHS Barnsley CCG,30/11/2018,Clinical&Medical-Othe Public Sector,Mental Health Services - S117 Mental Health,BARNSLEY METROPOLITAN BOROUGH COUNCIL,24892687,"90,685.77 "
Department of Health,NHS Barnsley CCG,30/11/2018,Clinical&Medical-Othe Public Sector,Mental Health Services - S117 Mental Health,BARNSLEY METROPOLITAN BOROUGH COUNCIL,24892698,"25,504.05 "
Department of Health,NHS Barnsley CCG,30/11/2018,Clinical&Medical-Othe Public Sector,Mental Health Services - S117 Mental Health,BARNSLEY METROPOLITAN BOROUGH COUNCIL,24892710,"34,565.85 "
Department of Health,NHS Barnsley CCG,30/11/2018,Clinical&Medical-Othe Public Sector,Mental Health Services - S117 Mental Health,BARNSLEY METROPOLITAN BOROUGH COUNCIL,24892711,"58,024.58 "
Department of Health,NHS Barnsley CCG,30/11/2018,Clinical&Medical-Othe Public Sector,Mental Health Services - S117 Mental Health,BARNSLEY METROPOLITAN BOROUGH COUNCIL,24892714,"93,321.42 "
Department of Health,NHS Barnsley CCG,30/11/2018,Clinical&Medical-Othe Public Sector,Learning Difficulties - S117,BARNSLEY METROPOLITAN BOROUGH COUNCIL,24892877,"(55,881.47)"
Department of Health,NHS Barnsley CCG,30/11/2018,Clinical&Medical-Othe Public Sector,Learning Difficulties - S117,BARNSLEY METROPOLITAN BOROUGH COUNCIL,24892879,"(40,534.70)"
Department of Health,NHS Barnsley CCG,30/11/2018,Clinical&Medical-Othe Public Sector,Mental Health Services - S117 Mental Health,BARNSLEY METROPOLITAN BOROUGH COUNCIL,24892950,"(61,766.04)"
Department of Health,NHS Barnsley CCG,30/11/2018,Clinical&Medical-Othe Public Sector,Mental Health Services - S117 Mental Health,BARNSLEY METROPOLITAN BOROUGH COUNCIL,24892970,"(85,013.50)"
Department of Health,NHS Barnsley CCG,30/11/2018,Clinical&Medical-Othe Public Sector,Mental Health Services - S117 Mental Health,BARNSLEY METROPOLITAN BOROUGH COUNCIL,24894996,"(49,379.79)"
Department of Health,NHS Barnsley CCG,30/11/2018,Clinical&Medical-Othe Public Sector,Mental Health Services - S117 Mental Health,BARNSLEY METROPOLITAN BOROUGH COUNCIL,24894998,"(40,617.21)"
Department of Health,NHS Barnsley CCG,30/11/2018,Clinical&Medical-Othe Public Sector,Mental Health Services - S117 Mental Health,BARNSLEY METROPOLITAN BOROUGH COUNCIL,24895000,"(79,417.66)"
Department of Health,NHS Barnsley CCG,30/11/2018,Clinical&Medical-Othe Public Sector,Mental Health Services - S117 Mental Health,BARNSLEY METROPOLITAN BOROUGH COUNCIL,24895002,"(27,996.41)"
Department of Health,NHS Barnsley CCG,30/11/2018,Clinical&Medical-Commercial Sector,ACUTE COMMISSIONING,BMI HEALTHCARE LTD,24934739,"34,887.30 "
Department of Health,NHS Barnsley CCG,30/11/2018,Clinical&Medical-Commercial Sector,ACUTE COMMISSIONING,CLAREMONT HOSPITAL,24647772,"53,719.00 "
Department of Health,NHS Barnsley CCG,30/11/2018,Voids and Subsidies,RECHARGES NHS PROPERTY SERVICES LTD,COMMUNITY HEALTH PARTNERSHIPS LTD,24743276,"52,152.13 "
Department of Health,NHS Barnsley CCG,30/11/2018,Soc Care-Bed-Based Int Care Servs,INTERMEDIATE CARE,CROWN CARE (IV) LTD,24866271,"26,792.86 "
Department of Health,NHS Barnsley CCG,30/11/2018,C&M-GMS DES Extended Hours Access,PRC DELEGATED CO-COMMISSIONING,NHS BARNSLEY CCG GP PRACTICE,24904998,"9,622.56 "
Department of Health,NHS Barnsley CCG,30/11/2018,C&M-GMS Global Sum,PRC DELEGATED CO-COMMISSIONING,NHS BARNSLEY CCG GP PRACTICE,24904998,"83,841.79 "
Department of Health,NHS Barnsley CCG,30/11/2018,C&M-GMS Prem Healthcentre Rent,PRC DELEGATED CO-COMMISSIONING,NHS BARNSLEY CCG GP PRACTICE,24904998,"25,297.00 "
Department of Health,NHS Barnsley CCG,30/11/2018,C&M-GMS QOF Aspiration,PRC DELEGATED CO-COMMISSIONING,NHS BARNSLEY CCG GP PRACTICE,24904998,"7,981.53 "
Department of Health,NHS Barnsley CCG,30/11/2018,Cont Care-Physical Disab (65+),CHC ADULT FULLY FUNDED,NHS BARNSLEY CCG GP PRACTICE,24892630,"68,250.72 "
Department of Health,NHS Barnsley CCG,30/11/2018,Cont Care-Physical Disab (<65),CHC ADULT FULLY FUNDED,NHS BARNSLEY CCG GP PRACTICE,24892632,"73,256.59 "
Department of Health,NHS Barnsley CCG,30/11/2018,Cont Care-Physical Disab (65+),CHC ADULT FULLY FUNDED,NHS BARNSLEY CCG GP PRACTICE,24892856,"(58,082.05)"
Department of Health,NHS Barnsley CCG,30/11/2018,Cont Care-Physical Disab (<65),CHC ADULT FULLY FUNDED,NHS BARNSLEY CCG GP PRACTICE,24892858,"(62,342.36)"
Department of Health,NHS Barnsley CCG,30/11/2018,Prescribing Incentives,COMMISSIONING SCHEMES,NHS BARNSLEY CCG GP PRACTICE,24614952,"32,901.05 "
Department of Health,NHS Barnsley CCG,30/11/2018,C&M-PMS Contract Value,PRC DELEGATED CO-COMMISSIONING,NHS BARNSLEY CCG GP PRACTICE,24665014,"44,649.93 "
Department of Health,NHS Barnsley CCG,30/11/2018,C&M-PMS Out of Hours Opt Outs,PRC DELEGATED CO-COMMISSIONING,NHS BARNSLEY CCG GP PRACTICE,24665014,153.06 
Department of Health,NHS Barnsley CCG,30/11/2018,C&M-PMS Prem Rates,PRC DELEGATED CO-COMMISSIONING,NHS BARNSLEY CCG GP PRACTICE,24665014,"2,406.00 "
Department of Health,NHS Barnsley CCG,30/11/2018,C&M-PMS QOF Aspiration,PRC DELEGATED CO-COMMISSIONING,NHS BARNSLEY CCG GP PRACTICE,24665014,"3,886.85 "
Department of Health,NHS Barnsley CCG,31/10/2018,Hcare Srv Rec Fdtn Trust-CQUIN,ACUTE COMMISSIONING,DONCASTER AND BASSETLAW HOSPITALS NHS FOUNDATION TRUST,24341792,"6,094.00 "
Department of Health,NHS Barnsley CCG,31/10/2018,Hcare Srv Rec Fdtn Trust-Contract Baseline,ACUTE COMMISSIONING,DONCASTER AND BASSETLAW HOSPITALS NHS FOUNDATION TRUST,24341792,"522,583.00 "
Department of Health,NHS Barnsley CCG,30/11/2018,C&M-PMS Contract Value,PRC DELEGATED CO-COMMISSIONING,NHS BARNSLEY CCG GP PRACTICE,24664984,"91,288.28 "
Department of Health,NHS Barnsley CCG,30/11/2018,C&M-PMS DES Minor Surgery,PRC DELEGATED CO-COMMISSIONING,NHS BARNSLEY CCG GP PRACTICE,24664984,"2,471.96 "
Department of Health,NHS Barnsley CCG,30/11/2018,C&M-PMS Out of Hours Opt Outs,PRC DELEGATED CO-COMMISSIONING,NHS BARNSLEY CCG GP PRACTICE,24664984,24.14 
Department of Health,NHS Barnsley CCG,30/11/2018,C&M-PMS PCO Other,PRC DELEGATED CO-COMMISSIONING,NHS BARNSLEY CCG GP PRACTICE,24664984,721.71 
Department of Health,NHS Barnsley CCG,30/11/2018,C&M-PMS Prem Healthcentre Rent,PRC DELEGATED CO-COMMISSIONING,NHS BARNSLEY CCG GP PRACTICE,24664984,"20,733.65 "
Department of Health,NHS Barnsley CCG,30/11/2018,C&M-PMS Prem Notional Rent,PRC DELEGATED CO-COMMISSIONING,NHS BARNSLEY CCG GP PRACTICE,24664984,"1,987.50 "
Department of Health,NHS Barnsley CCG,30/11/2018,C&M-PMS Prem Rates,PRC DELEGATED CO-COMMISSIONING,NHS BARNSLEY CCG GP PRACTICE,24664984,345.00 
Department of Health,NHS Barnsley CCG,30/11/2018,C&M-PMS QOF Aspiration,PRC DELEGATED CO-COMMISSIONING,NHS BARNSLEY CCG GP PRACTICE,24664984,"10,374.08 "
Department of Health,NHS Barnsley CCG,30/11/2018,C&M-PMS Contract Value,PRC DELEGATED CO-COMMISSIONING,NHS BARNSLEY CCG GP PRACTICE,24664988,"53,967.47 "
Department of Health,NHS Barnsley CCG,30/11/2018,C&M-PMS DES Minor Surgery,PRC DELEGATED CO-COMMISSIONING,NHS BARNSLEY CCG GP PRACTICE,24664988,980.26 
Department of Health,NHS Barnsley CCG,30/11/2018,C&M-PMS Prem Healthcentre Rent,PRC DELEGATED CO-COMMISSIONING,NHS BARNSLEY CCG GP PRACTICE,24664988,"21,355.85 "
Department of Health,NHS Barnsley CCG,30/11/2018,C&M-PMS QOF Aspiration,PRC DELEGATED CO-COMMISSIONING,NHS BARNSLEY CCG GP PRACTICE,24664988,"5,139.74 "
Department of Health,NHS Barnsley CCG,30/11/2018,C&M-GMS Global Sum,PRC DELEGATED CO-COMMISSIONING,NHS BARNSLEY CCG GP PRACTICE,24905000,"75,627.03 "
Department of Health,NHS Barnsley CCG,30/11/2018,C&M-GMS PCO Other,PRC DELEGATED CO-COMMISSIONING,NHS BARNSLEY CCG GP PRACTICE,24905000,679.04 
Department of Health,NHS Barnsley CCG,30/11/2018,C&M-GMS Prem Notional Rent,PRC DELEGATED CO-COMMISSIONING,NHS BARNSLEY CCG GP PRACTICE,24905000,"4,653.91 "
Department of Health,NHS Barnsley CCG,30/11/2018,C&M-GMS Prem Rates,PRC DELEGATED CO-COMMISSIONING,NHS BARNSLEY CCG GP PRACTICE,24905000,"1,092.00 "
Department of Health,NHS Barnsley CCG,30/11/2018,C&M-GMS QOF Aspiration,PRC DELEGATED CO-COMMISSIONING,NHS BARNSLEY CCG GP PRACTICE,24905000,"7,953.33 "
Department of Health,NHS Barnsley CCG,30/11/2018,C&M-GMS Global Sum,PRC DELEGATED CO-COMMISSIONING,NHS BARNSLEY CCG GP PRACTICE,24905002,"93,148.43 "
Department of Health,NHS Barnsley CCG,30/11/2018,C&M-GMS PCO Other,PRC DELEGATED CO-COMMISSIONING,NHS BARNSLEY CCG GP PRACTICE,24905002,760.92 
Department of Health,NHS Barnsley CCG,30/11/2018,C&M-GMS Prem Actual Rent,PRC DELEGATED CO-COMMISSIONING,NHS BARNSLEY CCG GP PRACTICE,24905002,"9,583.33 "
Department of Health,NHS Barnsley CCG,30/11/2018,C&M-GMS Prem Healthcentre Rent,PRC DELEGATED CO-COMMISSIONING,NHS BARNSLEY CCG GP PRACTICE,24905002,"3,062.89 "
Department of Health,NHS Barnsley CCG,30/11/2018,C&M-GMS Prem Notional Rent,PRC DELEGATED CO-COMMISSIONING,NHS BARNSLEY CCG GP PRACTICE,24905002,"1,572.92 "
Department of Health,NHS Barnsley CCG,30/11/2018,C&M-GMS Prem Rates,PRC DELEGATED CO-COMMISSIONING,NHS BARNSLEY CCG GP PRACTICE,24905002,300.07 
Department of Health,NHS Barnsley CCG,30/11/2018,C&M-GMS QOF Aspiration,PRC DELEGATED CO-COMMISSIONING,NHS BARNSLEY CCG GP PRACTICE,24905002,"9,471.17 "
Department of Health,NHS Barnsley CCG,30/11/2018,C&M-PMS GP Statutory Levy,PRC DELEGATED CO-COMMISSIONING,NHS BARNSLEY CCG GP PRACTICE,24664991,(572.07)
Department of Health,NHS Barnsley CCG,30/11/2018,C&M-PMS Out of Hours Opt Outs,PRC DELEGATED CO-COMMISSIONING,NHS BARNSLEY CCG GP PRACTICE,24664991,"(6,420.77)"
Department of Health,NHS Barnsley CCG,30/11/2018,C&M-PMS Voluntary Levy,PRC DELEGATED CO-COMMISSIONING,NHS BARNSLEY CCG GP PRACTICE,24664991,(100.11)
Department of Health,NHS Barnsley CCG,30/11/2018,ME - PMS TPS Added Years Adj EEs,PRC DELEGATED CO-COMMISSIONING,NHS BARNSLEY CCG GP PRACTICE,24664991,(453.29)
Department of Health,NHS Barnsley CCG,30/11/2018,ME-PMS GP Pension EEs-PMS,PRC DELEGATED CO-COMMISSIONING,NHS BARNSLEY CCG GP PRACTICE,24664991,"(12,430.96)"
Department of Health,NHS Barnsley CCG,30/11/2018,ME-PMS GP Pension ERs Adjs - PMS,PRC DELEGATED CO-COMMISSIONING,NHS BARNSLEY CCG GP PRACTICE,24664991,"(13,247.55)"
Department of Health,NHS Barnsley CCG,30/11/2018,C&M-PMS Contract Value,PRC DELEGATED CO-COMMISSIONING,NHS BARNSLEY CCG GP PRACTICE,24664992,"136,163.64 "
Department of Health,NHS Barnsley CCG,30/11/2018,C&M-PMS DES Learn Dsblty Hlth Chk,PRC DELEGATED CO-COMMISSIONING,NHS BARNSLEY CCG GP PRACTICE,24664992,420.00 
Department of Health,NHS Barnsley CCG,30/11/2018,C&M-PMS DES Minor Surgery,PRC DELEGATED CO-COMMISSIONING,NHS BARNSLEY CCG GP PRACTICE,24664992,"9,759.98 "
Department of Health,NHS Barnsley CCG,30/11/2018,C&M-PMS PCO Locum Adop/Pat/Mat,PRC DELEGATED CO-COMMISSIONING,NHS BARNSLEY CCG GP PRACTICE,24664992,"3,344.06 "
Department of Health,NHS Barnsley CCG,30/11/2018,C&M-PMS Prem Notional Rent,PRC DELEGATED CO-COMMISSIONING,NHS BARNSLEY CCG GP PRACTICE,24664992,"6,333.33 "
Department of Health,NHS Barnsley CCG,30/11/2018,C&M-PMS Prem Rates,PRC DELEGATED CO-COMMISSIONING,NHS BARNSLEY CCG GP PRACTICE,24664992,"2,075.00 "
Department of Health,NHS Barnsley CCG,30/11/2018,C&M-PMS QOF Aspiration,PRC DELEGATED CO-COMMISSIONING,NHS BARNSLEY CCG GP PRACTICE,24664992,"13,531.04 "
Department of Health,NHS Barnsley CCG,30/11/2018,C&M-PMS Cost of Drugs -Dispensing,LOCAL ENHANCED SERVICES,NHS BARNSLEY CCG GP PRACTICE,24930149,"(67,791.72)"
Department of Health,NHS Barnsley CCG,30/11/2018,C&M-PMS Prsc Chrgs Cll&Rmttd by GPs,PRC DELEGATED CO-COMMISSIONING,NHS BARNSLEY CCG GP PRACTICE,24930149,"(4,584.80)"
Department of Health,NHS Barnsley CCG,30/11/2018,C&M-PMS Cost of Drugs -Dispensing,LOCAL ENHANCED SERVICES,NHS BARNSLEY CCG GP PRACTICE,24930150,"154,899.69 "
Department of Health,NHS Barnsley CCG,30/11/2018,C&M-PMS Prof fees Dispensing,PRC DELEGATED CO-COMMISSIONING,NHS BARNSLEY CCG GP PRACTICE,24930150,"24,135.27 "
Department of Health,NHS Barnsley CCG,30/11/2018,C&M-PMS Prsc Chrgs Cll&Rmttd by GPs,LOCAL ENHANCED SERVICES,NHS BARNSLEY CCG GP PRACTICE,24930150,"4,584.80 "
Department of Health,NHS Barnsley CCG,30/11/2018,C&M-GMS Global Sum,PRC DELEGATED CO-COMMISSIONING,NHS BARNSLEY CCG GP PRACTICE,24908709,"22,702.52 "
Department of Health,NHS Barnsley CCG,30/11/2018,C&M-GMS MPIG Correction Factor,PRC DELEGATED CO-COMMISSIONING,NHS BARNSLEY CCG GP PRACTICE,24908709,404.79 
Department of Health,NHS Barnsley CCG,30/11/2018,C&M-GMS Prem Healthcentre Rent,PRC DELEGATED CO-COMMISSIONING,NHS BARNSLEY CCG GP PRACTICE,24908709,"1,473.37 "
Department of Health,NHS Barnsley CCG,30/11/2018,C&M-GMS QOF Aspiration,PRC DELEGATED CO-COMMISSIONING,NHS BARNSLEY CCG GP PRACTICE,24908709,"2,173.13 "
Department of Health,NHS Barnsley CCG,30/11/2018,C&M-GMS Global Sum,PRC DELEGATED CO-COMMISSIONING,NHS BARNSLEY CCG GP PRACTICE,24905004,"40,942.26 "
Department of Health,NHS Barnsley CCG,30/11/2018,C&M-GMS PCO Other,PRC DELEGATED CO-COMMISSIONING,NHS BARNSLEY CCG GP PRACTICE,24905004,335.50 
Department of Health,NHS Barnsley CCG,30/11/2018,C&M-GMS Prem Notional Rent,PRC DELEGATED CO-COMMISSIONING,NHS BARNSLEY CCG GP PRACTICE,24905004,"1,681.25 "
Department of Health,NHS Barnsley CCG,30/11/2018,C&M-GMS Prem Rates,PRC DELEGATED CO-COMMISSIONING,NHS BARNSLEY CCG GP PRACTICE,24905004,"1,161.00 "
Department of Health,NHS Barnsley CCG,30/11/2018,C&M-GMS QOF Aspiration,PRC DELEGATED CO-COMMISSIONING,NHS BARNSLEY CCG GP PRACTICE,24905004,"3,963.16 "
Department of Health,NHS Barnsley CCG,30/11/2018,ME-GMS GP Pension EEs Adjustments,PRC DELEGATED CO-COMMISSIONING,NHS BARNSLEY CCG GP PRACTICE,24905004,687.00 
Department of Health,NHS Barnsley CCG,30/11/2018,ME-GMS GP Pension ERs Adjustments,PRC DELEGATED CO-COMMISSIONING,NHS BARNSLEY CCG GP PRACTICE,24905004,"1,078.50 "
Department of Health,NHS Barnsley CCG,30/11/2018,C&M-PMS Contract Value,PRC DELEGATED CO-COMMISSIONING,NHS BARNSLEY CCG GP PRACTICE,24664990,"39,529.74 "
Department of Health,NHS Barnsley CCG,30/11/2018,C&M-PMS DES Minor Surgery,PRC DELEGATED CO-COMMISSIONING,NHS BARNSLEY CCG GP PRACTICE,24664990,"1,406.46 "
Department of Health,NHS Barnsley CCG,30/11/2018,C&M-PMS Out of Hours Opt Outs,PRC DELEGATED CO-COMMISSIONING,NHS BARNSLEY CCG GP PRACTICE,24664990,45.85 
Department of Health,NHS Barnsley CCG,30/11/2018,C&M-PMS Prem Healthcentre Rent,PRC DELEGATED CO-COMMISSIONING,NHS BARNSLEY CCG GP PRACTICE,24664990,"2,930.13 "
Department of Health,NHS Barnsley CCG,30/11/2018,C&M-PMS Prem Notional Rent,PRC DELEGATED CO-COMMISSIONING,NHS BARNSLEY CCG GP PRACTICE,24664990,"8,600.00 "
Department of Health,NHS Barnsley CCG,30/11/2018,C&M-PMS Prem Rates,PRC DELEGATED CO-COMMISSIONING,NHS BARNSLEY CCG GP PRACTICE,24664990,"1,487.66 "
Department of Health,NHS Barnsley CCG,30/11/2018,C&M-PMS QOF Aspiration,PRC DELEGATED CO-COMMISSIONING,NHS BARNSLEY CCG GP PRACTICE,24664990,"2,399.58 "
Department of Health,NHS Barnsley CCG,30/11/2018,C&M-GMS Global Sum,PRC DELEGATED CO-COMMISSIONING,NHS BARNSLEY CCG GP PRACTICE,24905010,"108,602.39 "
Department of Health,NHS Barnsley CCG,30/11/2018,C&M-GMS Prem Notional Rent,PRC DELEGATED CO-COMMISSIONING,NHS BARNSLEY CCG GP PRACTICE,24905010,"6,333.33 "
Department of Health,NHS Barnsley CCG,30/11/2018,C&M-GMS Prem Rates,PRC DELEGATED CO-COMMISSIONING,NHS BARNSLEY CCG GP PRACTICE,24905010,250.00 
Department of Health,NHS Barnsley CCG,30/11/2018,C&M-GMS QOF Aspiration,PRC DELEGATED CO-COMMISSIONING,NHS BARNSLEY CCG GP PRACTICE,24905010,"11,289.06 "
Department of Health,NHS Barnsley CCG,30/11/2018,C&M-GMS DES Minor Surgery,PRC DELEGATED CO-COMMISSIONING,NHS BARNSLEY CCG GP PRACTICE,24905006,"1,619.56 "
Department of Health,NHS Barnsley CCG,30/11/2018,C&M-GMS Global Sum,PRC DELEGATED CO-COMMISSIONING,NHS BARNSLEY CCG GP PRACTICE,24905006,"96,509.57 "
Department of Health,NHS Barnsley CCG,30/11/2018,C&M-GMS Prem Notional Rent,PRC DELEGATED CO-COMMISSIONING,NHS BARNSLEY CCG GP PRACTICE,24905006,"13,500.00 "
Department of Health,NHS Barnsley CCG,30/11/2018,C&M-GMS Prem Rates,PRC DELEGATED CO-COMMISSIONING,NHS BARNSLEY CCG GP PRACTICE,24905006,"2,777.39 "
Department of Health,NHS Barnsley CCG,30/11/2018,C&M-GMS QOF Aspiration,PRC DELEGATED CO-COMMISSIONING,NHS BARNSLEY CCG GP PRACTICE,24905006,"9,725.72 "
Department of Health,NHS Barnsley CCG,30/11/2018,C&M-GMS Global Sum,PRC DELEGATED CO-COMMISSIONING,NHS BARNSLEY CCG GP PRACTICE,24905008,"94,436.49 "
Department of Health,NHS Barnsley CCG,30/11/2018,C&M-GMS Prem Healthcentre Rent,PRC DELEGATED CO-COMMISSIONING,NHS BARNSLEY CCG GP PRACTICE,24905008,"33,280.78 "
Department of Health,NHS Barnsley CCG,30/11/2018,C&M-GMS QOF Aspiration,PRC DELEGATED CO-COMMISSIONING,NHS BARNSLEY CCG GP PRACTICE,24905008,"8,618.60 "
Department of Health,NHS Barnsley CCG,30/11/2018,C&M-GMS Global Sum,PRC DELEGATED CO-COMMISSIONING,NHS BARNSLEY CCG GP PRACTICE,24905012,"80,958.44 "
Department of Health,NHS Barnsley CCG,30/11/2018,C&M-GMS PCO Other,PRC DELEGATED CO-COMMISSIONING,NHS BARNSLEY CCG GP PRACTICE,24905012,711.11 
Department of Health,NHS Barnsley CCG,30/11/2018,C&M-GMS Prem Rates,PRC DELEGATED CO-COMMISSIONING,NHS BARNSLEY CCG GP PRACTICE,24905012,"2,359.74 "
Department of Health,NHS Barnsley CCG,30/11/2018,C&M-GMS QOF Aspiration,PRC DELEGATED CO-COMMISSIONING,NHS BARNSLEY CCG GP PRACTICE,24905012,"10,371.04 "
Department of Health,NHS Barnsley CCG,30/11/2018,C&M-PMS GP Statutory Levy,PRC DELEGATED CO-COMMISSIONING,NHS BARNSLEY CCG GP PRACTICE,24664993,(578.93)
Department of Health,NHS Barnsley CCG,30/11/2018,C&M-PMS Out of Hours Opt Outs,PRC DELEGATED CO-COMMISSIONING,NHS BARNSLEY CCG GP PRACTICE,24664993,"(7,069.49)"
Department of Health,NHS Barnsley CCG,30/11/2018,C&M-PMS Prem Notional Rent,PRC DELEGATED CO-COMMISSIONING,NHS BARNSLEY CCG GP PRACTICE,24664993,"(12,985.00)"
Department of Health,NHS Barnsley CCG,30/11/2018,C&M-PMS Voluntary Levy,PRC DELEGATED CO-COMMISSIONING,NHS BARNSLEY CCG GP PRACTICE,24664993,(101.31)
Department of Health,NHS Barnsley CCG,30/11/2018,ME - PMS TPS Added Years Adj EEs,PRC DELEGATED CO-COMMISSIONING,NHS BARNSLEY CCG GP PRACTICE,24664993,(346.67)
Department of Health,NHS Barnsley CCG,30/11/2018,ME-PMS GP Pension EEs-PMS,PRC DELEGATED CO-COMMISSIONING,NHS BARNSLEY CCG GP PRACTICE,24664993,"(8,679.81)"
Department of Health,NHS Barnsley CCG,30/11/2018,ME-PMS GP Pension ERs Adjs - PMS,PRC DELEGATED CO-COMMISSIONING,NHS BARNSLEY CCG GP PRACTICE,24664993,"(9,177.43)"
Department of Health,NHS Barnsley CCG,30/11/2018,C&M-PMS Contract Value,PRC DELEGATED CO-COMMISSIONING,NHS BARNSLEY CCG GP PRACTICE,24664994,"145,541.13 "
Department of Health,NHS Barnsley CCG,30/11/2018,C&M-PMS DES Minor Surgery,PRC DELEGATED CO-COMMISSIONING,NHS BARNSLEY CCG GP PRACTICE,24664994,"10,441.90 "
Department of Health,NHS Barnsley CCG,30/11/2018,C&M-PMS PCO Other,PRC DELEGATED CO-COMMISSIONING,NHS BARNSLEY CCG GP PRACTICE,24664994,"1,147.55 "
Department of Health,NHS Barnsley CCG,30/11/2018,C&M-PMS Prem Notional Rent,PRC DELEGATED CO-COMMISSIONING,NHS BARNSLEY CCG GP PRACTICE,24664994,"25,924.66 "
Department of Health,NHS Barnsley CCG,30/11/2018,C&M-PMS QOF Aspiration,PRC DELEGATED CO-COMMISSIONING,NHS BARNSLEY CCG GP PRACTICE,24664994,"14,085.62 "
Department of Health,NHS Barnsley CCG,30/11/2018,C&M-PMS GP Statutory Levy,PRC DELEGATED CO-COMMISSIONING,NHS BARNSLEY CCG GP PRACTICE,24664995,(392.73)
Department of Health,NHS Barnsley CCG,30/11/2018,C&M-PMS Out of Hours Opt Outs,PRC DELEGATED CO-COMMISSIONING,NHS BARNSLEY CCG GP PRACTICE,24664995,"(4,960.02)"
Department of Health,NHS Barnsley CCG,30/11/2018,C&M-PMS Voluntary Levy,PRC DELEGATED CO-COMMISSIONING,NHS BARNSLEY CCG GP PRACTICE,24664995,(68.73)
Department of Health,NHS Barnsley CCG,30/11/2018,ME-PMS GP Pension EEs-PMS,PRC DELEGATED CO-COMMISSIONING,NHS BARNSLEY CCG GP PRACTICE,24664995,"(10,470.83)"
Department of Health,NHS Barnsley CCG,30/11/2018,ME-PMS GP Pension ERs Adjs - PMS,PRC DELEGATED CO-COMMISSIONING,NHS BARNSLEY CCG GP PRACTICE,24664995,"(10,808.95)"
Department of Health,NHS Barnsley CCG,30/11/2018,C&M-PMS Contract Value,PRC DELEGATED CO-COMMISSIONING,NHS BARNSLEY CCG GP PRACTICE,24664996,"100,972.59 "
Department of Health,NHS Barnsley CCG,30/11/2018,C&M-PMS DES Learn Dsblty Hlth Chk,PRC DELEGATED CO-COMMISSIONING,NHS BARNSLEY CCG GP PRACTICE,24664996,700.00 
Department of Health,NHS Barnsley CCG,30/11/2018,C&M-PMS DES Minor Surgery,PRC DELEGATED CO-COMMISSIONING,NHS BARNSLEY CCG GP PRACTICE,24664996,"9,078.06 "
Department of Health,NHS Barnsley CCG,30/11/2018,C&M-PMS PCO Other,PRC DELEGATED CO-COMMISSIONING,NHS BARNSLEY CCG GP PRACTICE,24664996,787.44 
Department of Health,NHS Barnsley CCG,30/11/2018,C&M-PMS Prem Actual Rent,PRC DELEGATED CO-COMMISSIONING,NHS BARNSLEY CCG GP PRACTICE,24664996,"12,708.33 "
Department of Health,NHS Barnsley CCG,30/11/2018,C&M-PMS Prem Rates,PRC DELEGATED CO-COMMISSIONING,NHS BARNSLEY CCG GP PRACTICE,24664996,"3,191.00 "
Department of Health,NHS Barnsley CCG,30/11/2018,C&M-PMS QOF Aspiration,PRC DELEGATED CO-COMMISSIONING,NHS BARNSLEY CCG GP PRACTICE,24664996,"10,432.84 "
Department of Health,NHS Barnsley CCG,30/11/2018,C&M-PMS Contract Value,PRC DELEGATED CO-COMMISSIONING,NHS BARNSLEY CCG GP PRACTICE,24664998,"89,828.00 "
Department of Health,NHS Barnsley CCG,30/11/2018,C&M-PMS DES Minor Surgery,PRC DELEGATED CO-COMMISSIONING,NHS BARNSLEY CCG GP PRACTICE,24664998,"3,921.04 "
Department of Health,NHS Barnsley CCG,30/11/2018,C&M-PMS PCO Other,PRC DELEGATED CO-COMMISSIONING,NHS BARNSLEY CCG GP PRACTICE,24664998,772.81 
Department of Health,NHS Barnsley CCG,30/11/2018,C&M-PMS Prem Actual Rent,PRC DELEGATED CO-COMMISSIONING,NHS BARNSLEY CCG GP PRACTICE,24664998,"8,566.67 "
Department of Health,NHS Barnsley CCG,30/11/2018,C&M-PMS Prem Rates,PRC DELEGATED CO-COMMISSIONING,NHS BARNSLEY CCG GP PRACTICE,24664998,"1,865.00 "
Department of Health,NHS Barnsley CCG,30/11/2018,C&M-PMS QOF Aspiration,PRC DELEGATED CO-COMMISSIONING,NHS BARNSLEY CCG GP PRACTICE,24664998,"6,865.66 "
Department of Health,NHS Barnsley CCG,30/11/2018,C&M-GMS Global Sum,PRC DELEGATED CO-COMMISSIONING,NHS BARNSLEY CCG GP PRACTICE,24905014,"57,342.72 "
Department of Health,NHS Barnsley CCG,30/11/2018,C&M-GMS Prem Healthcentre Rent,PRC DELEGATED CO-COMMISSIONING,NHS BARNSLEY CCG GP PRACTICE,24905014,"21,594.09 "
Department of Health,NHS Barnsley CCG,30/11/2018,C&M-GMS QOF Aspiration,PRC DELEGATED CO-COMMISSIONING,NHS BARNSLEY CCG GP PRACTICE,24905014,"5,792.35 "
Department of Health,NHS Barnsley CCG,30/11/2018,C&M-PMS Contract Value,PRC DELEGATED CO-COMMISSIONING,NHS BARNSLEY CCG GP PRACTICE,24665000,"102,940.67 "
Department of Health,NHS Barnsley CCG,30/11/2018,C&M-PMS DES Learn Dsblty Hlth Chk,PRC DELEGATED CO-COMMISSIONING,NHS BARNSLEY CCG GP PRACTICE,24665000,560.00 
Department of Health,NHS Barnsley CCG,30/11/2018,C&M-PMS DES Minor Surgery,PRC DELEGATED CO-COMMISSIONING,NHS BARNSLEY CCG GP PRACTICE,24665000,"6,222.52 "
Department of Health,NHS Barnsley CCG,30/11/2018,C&M-PMS Out of Hours Opt Outs,PRC DELEGATED CO-COMMISSIONING,NHS BARNSLEY CCG GP PRACTICE,24665000,61.90 
Department of Health,NHS Barnsley CCG,30/11/2018,C&M-PMS Prem Rates,PRC DELEGATED CO-COMMISSIONING,NHS BARNSLEY CCG GP PRACTICE,24665000,"3,268.00 "
Department of Health,NHS Barnsley CCG,30/11/2018,C&M-PMS QOF Aspiration,PRC DELEGATED CO-COMMISSIONING,NHS BARNSLEY CCG GP PRACTICE,24665000,"11,132.85 "
Department of Health,NHS Barnsley CCG,30/11/2018,C&M-GMS Global Sum,PRC DELEGATED CO-COMMISSIONING,NHS BARNSLEY CCG GP PRACTICE,24905018,"48,991.65 "
Department of Health,NHS Barnsley CCG,30/11/2018,C&M-GMS Prem Notional Rent,PRC DELEGATED CO-COMMISSIONING,NHS BARNSLEY CCG GP PRACTICE,24905018,"2,658.34 "
Department of Health,NHS Barnsley CCG,30/11/2018,C&M-GMS Prem Rates,PRC DELEGATED CO-COMMISSIONING,NHS BARNSLEY CCG GP PRACTICE,24905018,502.00 
Department of Health,NHS Barnsley CCG,30/11/2018,C&M-GMS QOF Aspiration,PRC DELEGATED CO-COMMISSIONING,NHS BARNSLEY CCG GP PRACTICE,24905018,"4,113.34 "
Department of Health,NHS Barnsley CCG,30/11/2018,Soc Care-Bed-Based Int Care Servs,INTERMEDIATE CARE,HIGHSTONE MEWS CARE HOME,24615144,"37,656.00 "
Department of Health,NHS Barnsley CCG,30/11/2018,Apprenticeship Levy Payable,BALANCE SHEET,HMRC,24742988,838.00 
Department of Health,NHS Barnsley CCG,30/11/2018,Income tax <1Yr,BALANCE SHEET,HMRC,24742988,"66,397.32 "
Department of Health,NHS Barnsley CCG,30/11/2018,Income tax <1Yr-Student Loans,BALANCE SHEET,HMRC,24742988,978.00 
Department of Health,NHS Barnsley CCG,30/11/2018,National Insurance < 1 yr-NI- ERS,BALANCE SHEET,HMRC,24742988,"44,679.03 "
Department of Health,NHS Barnsley CCG,30/11/2018,National Insurance < 1 yr-NI-EES,BALANCE SHEET,HMRC,24742988,"31,126.56 "
Department of Health,NHS Barnsley CCG,30/11/2018,Statutory Mat Pay < 1 yr,BALANCE SHEET,HMRC,24742988,(742.65)
Department of Health,NHS Barnsley CCG,30/11/2018,Cont Care-Learning Disab(<65),CHC ADULT FULLY FUNDED,HOLLY BANK TRUST,24892627,"55,818.09 "
Department of Health,NHS Barnsley CCG,30/11/2018,Cont Care-Learning Disab(<65),CHC ADULT FULLY FUNDED,HOLLY BANK TRUST,24892852,"(26,239.75)"
Department of Health,NHS Barnsley CCG,30/11/2018,C&M-GMS Global Sum,PRC DELEGATED CO-COMMISSIONING,NHS BARNSLEY CCG GP PRACTICE,24905020,"88,306.78 "
Department of Health,NHS Barnsley CCG,30/11/2018,C&M-GMS Prem Healthcentre Rent,PRC DELEGATED CO-COMMISSIONING,NHS BARNSLEY CCG GP PRACTICE,24905020,"20,747.29 "
Department of Health,NHS Barnsley CCG,30/11/2018,C&M-GMS Prem Notional Rent,PRC DELEGATED CO-COMMISSIONING,NHS BARNSLEY CCG GP PRACTICE,24905020,"1,375.00 "
Department of Health,NHS Barnsley CCG,30/11/2018,C&M-GMS Prem Water Rates,PRC DELEGATED CO-COMMISSIONING,NHS BARNSLEY CCG GP PRACTICE,24905020,181.45 
Department of Health,NHS Barnsley CCG,30/11/2018,C&M-GMS QOF Aspiration,PRC DELEGATED CO-COMMISSIONING,NHS BARNSLEY CCG GP PRACTICE,24905020,"9,466.80 "
Department of Health,NHS Barnsley CCG,30/11/2018,C&M-PMS Contract Value,PRC DELEGATED CO-COMMISSIONING,NHS BARNSLEY CCG GP PRACTICE,24665002,"51,628.47 "
Department of Health,NHS Barnsley CCG,30/11/2018,C&M-PMS Out of Hours Opt Outs,PRC DELEGATED CO-COMMISSIONING,NHS BARNSLEY CCG GP PRACTICE,24665002,19.50 
Department of Health,NHS Barnsley CCG,30/11/2018,C&M-PMS Prem Healthcentre Rent,PRC DELEGATED CO-COMMISSIONING,NHS BARNSLEY CCG GP PRACTICE,24665002,"6,045.20 "
Department of Health,NHS Barnsley CCG,30/11/2018,C&M-PMS Prem Notional Rent,PRC DELEGATED CO-COMMISSIONING,NHS BARNSLEY CCG GP PRACTICE,24665002,"3,583.33 "
Department of Health,NHS Barnsley CCG,30/11/2018,C&M-PMS QOF Aspiration,PRC DELEGATED CO-COMMISSIONING,NHS BARNSLEY CCG GP PRACTICE,24665002,"4,927.45 "
Department of Health,NHS Barnsley CCG,30/11/2018,External Data Contracts,BUSINESS INFORMATICS,KIER BUSINESS SERVICES LTD,24615160,"13,850.00 "
Department of Health,NHS Barnsley CCG,30/11/2018,External Data Contracts,COMMISSIONING SCHEMES,KIER BUSINESS SERVICES LTD,24615160,"15,206.00 "
Department of Health,NHS Barnsley CCG,30/11/2018,Telecoms-Data lines,PRIMARY CARE IT,KIER BUSINESS SERVICES LTD,24615160,"48,439.00 "
Department of Health,NHS Barnsley CCG,30/11/2018,C&M-PMS Contract Value,PRC DELEGATED CO-COMMISSIONING,NHS BARNSLEY CCG GP PRACTICE,24664624,"30,002.57 "
Department of Health,NHS Barnsley CCG,30/11/2018,C&M-PMS DES Minor Surgery,PRC DELEGATED CO-COMMISSIONING,NHS BARNSLEY CCG GP PRACTICE,24664624,213.10 
Department of Health,NHS Barnsley CCG,30/11/2018,C&M-PMS Prem Notional Rent,PRC DELEGATED CO-COMMISSIONING,NHS BARNSLEY CCG GP PRACTICE,24664624,"4,333.33 "
Department of Health,NHS Barnsley CCG,30/11/2018,C&M-PMS Prem Rates,PRC DELEGATED CO-COMMISSIONING,NHS BARNSLEY CCG GP PRACTICE,24664624,"1,024.00 "
Department of Health,NHS Barnsley CCG,30/11/2018,C&M-PMS QOF Aspiration,PRC DELEGATED CO-COMMISSIONING,NHS BARNSLEY CCG GP PRACTICE,24664624,"2,056.83 "
Department of Health,NHS Barnsley CCG,30/11/2018,C&M-PMS Cost of Drugs -Dispensing,LOCAL ENHANCED SERVICES,NHS BARNSLEY CCG GP PRACTICE,24930397,"23,783.08 "
Department of Health,NHS Barnsley CCG,30/11/2018,C&M-PMS Prof fees Dispensing,PRC DELEGATED CO-COMMISSIONING,NHS BARNSLEY CCG GP PRACTICE,24930397,"4,335.36 "
Department of Health,NHS Barnsley CCG,30/11/2018,C&M-PMS Prsc Chrgs Cll&Rmttd by GPs,LOCAL ENHANCED SERVICES,NHS BARNSLEY CCG GP PRACTICE,24930397,"1,126.40 "
Department of Health,NHS Barnsley CCG,30/11/2018,C&M-APMS Contract Value,PRC DELEGATED CO-COMMISSIONING,NHS BARNSLEY CCG GP PRACTICE,24665006,"19,462.91 "
Department of Health,NHS Barnsley CCG,30/11/2018,C&M-APMS OOH Opt Outs,PRC DELEGATED CO-COMMISSIONING,NHS BARNSLEY CCG GP PRACTICE,24665006,14.30 
Department of Health,NHS Barnsley CCG,30/11/2018,C&M-APMS Prem Healthcentre Rent,PRC DELEGATED CO-COMMISSIONING,NHS BARNSLEY CCG GP PRACTICE,24665006,"4,802.71 "
Department of Health,NHS Barnsley CCG,30/11/2018,C&M-PMS QOF Aspiration,PRC DELEGATED CO-COMMISSIONING,NHS BARNSLEY CCG GP PRACTICE,24665006,"1,621.22 "
Department of Health,NHS Barnsley CCG,30/11/2018,Hcare Srv Rec NHS Trust-CQUIN,ACUTE COMMISSIONING,LEEDS TEACHING HOSPITALS NHS TRUST,24614996,"1,328.37 "
Department of Health,NHS Barnsley CCG,30/11/2018,Hcare Srv Rec NHS Trust-Contract Baseline,ACUTE COMMISSIONING,LEEDS TEACHING HOSPITALS NHS TRUST,24614996,"44,811.93 "
Department of Health,NHS Barnsley CCG,30/11/2018,Hcare Srv Rec NHS Trust-CQUIN,ACUTE COMMISSIONING,MID YORKSHIRE HOSPITALS NHS TRUST,24638642,"2,465.00 "
Department of Health,NHS Barnsley CCG,30/11/2018,Hcare Srv Rec NHS Trust-Contract Baseline,ACUTE COMMISSIONING,MID YORKSHIRE HOSPITALS NHS TRUST,24638642,"224,013.00 "
Department of Health,NHS Barnsley CCG,31/10/2018,Charges from CCG,CORPORATE COSTS & SERVICES,NHS SHEFFIELD CCG,24460855,"42,091.19 "
Department of Health,NHS Barnsley CCG,31/10/2018,Chrgs from SLA,COMMISSIONING SCHEMES,NHS SHEFFIELD CCG,24460855,"36,079.83 "
Department of Health,NHS Barnsley CCG,31/10/2018,Charges from CCG,CORPORATE COSTS & SERVICES,NHS SHEFFIELD CCG,24460871,"45,437.00 "
Department of Health,NHS Barnsley CCG,31/10/2018,Charges from CCG,CORPORATE COSTS & SERVICES,NHS SHEFFIELD CCG,24462109,"79,332.00 "
Department of Health,NHS Barnsley CCG,31/10/2018,Seconded-Basic Sal-Staff fm oth org,COLLABORATIVE COMMISSIONING,NHS SHEFFIELD CCG,24462138,"(108,213.00)"
Department of Health,NHS Barnsley CCG,30/11/2018,Clinical&Medical-Commercial Sector,ACUTE COMMISSIONING,ONEHEALTH GROUP,24762644,"(65,815.54)"
Department of Health,NHS Barnsley CCG,30/11/2018,Clinical&Medical-Commercial Sector,ACUTE COMMISSIONING,ONEHEALTH GROUP,24762654,"157,481.14 "
Department of Health,NHS Barnsley CCG,30/11/2018,Cont Care- Prior Year Payments,CHC ADULT FULLY FUNDED,QUEENSLAND CARE LTD,24934737,"14,692.86 "
Department of Health,NHS Barnsley CCG,30/11/2018,Cont Care-Mental Health (65+),CHC ADULT FULLY FUNDED,QUEENSLAND CARE LTD,24934737,"25,985.71 "
Department of Health,NHS Barnsley CCG,30/11/2018,Hcare Srv Rec Fdtn Trust-CQUIN,MENTAL HEALTH CONTRACTS,ROTHERHAM DONCASTER & SOUTH HUMBER MENTAL HEALTH NHS FOUNDATION TRUST,24709450,425.50 
Department of Health,NHS Barnsley CCG,30/11/2018,Hcare Srv Rec Fdtn Trust-Contract Baseline,MENTAL HEALTH CONTRACTS,ROTHERHAM DONCASTER & SOUTH HUMBER MENTAL HEALTH NHS FOUNDATION TRUST,24709450,"34,043.08 "
Department of Health,NHS Barnsley CCG,31/10/2018,Hcare Srv Rec Fdtn Trust-Contract Cost per Case,LEARNING DIFFICULTIES,ROTHERHAM DONCASTER & SOUTH HUMBER MENTAL HEALTH NHS FOUNDATION TRUST,24402194,"25,523.62 "
Department of Health,NHS Barnsley CCG,31/10/2018,Hcare Srv Rec Fdtn Trust-Non Contract,MENTAL HEALTH SERVICES - NOT CONTRACTED ACTIVITY,ROTHERHAM DONCASTER & SOUTH HUMBER MENTAL HEALTH NHS FOUNDATION TRUST,24472973,"30,474.87 "
Department of Health,NHS Barnsley CCG,31/10/2018,Hcare Srv Rec Fdtn Trust-CQUIN,COMMUNITY SERVICES,ROTHERHAM NHS FOUNDATION TRUST,24462318,"1,021.00 "
Department of Health,NHS Barnsley CCG,31/10/2018,Hcare Srv Rec Fdtn Trust-Contract Baseline,COMMUNITY SERVICES,ROTHERHAM NHS FOUNDATION TRUST,24462318,"40,828.00 "
Department of Health,NHS Barnsley CCG,30/11/2018,C&M-GMS Global Sum,PRC DELEGATED CO-COMMISSIONING,NHS BARNSLEY CCG GP PRACTICE,24908711,"61,545.22 "
Department of Health,NHS Barnsley CCG,30/11/2018,C&M-GMS Prem Notional Rent,PRC DELEGATED CO-COMMISSIONING,NHS BARNSLEY CCG GP PRACTICE,24908711,"8,873.23 "
Department of Health,NHS Barnsley CCG,30/11/2018,C&M-GMS Prem Rates,PRC DELEGATED CO-COMMISSIONING,NHS BARNSLEY CCG GP PRACTICE,24908711,870.00 
Department of Health,NHS Barnsley CCG,30/11/2018,C&M-GMS Prem Water Rates,PRC DELEGATED CO-COMMISSIONING,NHS BARNSLEY CCG GP PRACTICE,24908711,490.76 
Department of Health,NHS Barnsley CCG,30/11/2018,C&M-GMS QOF Aspiration,PRC DELEGATED CO-COMMISSIONING,NHS BARNSLEY CCG GP PRACTICE,24908711,"7,007.14 "
Department of Health,NHS Barnsley CCG,30/11/2018,Hcare Srv Rec Fdtn Trust-Contract Baseline,ACUTE COMMISSIONING,SHEFFIELD TEACHING HOSPITALS NHS FOUNDATION TRUST,24615035,"175,894.00 "
Department of Health,NHS Barnsley CCG,30/11/2018,Hcare Srv Rec Fdtn Trust-Contract Baseline,ACUTE COMMISSIONING,SHEFFIELD TEACHING HOSPITALS NHS FOUNDATION TRUST,24615051,"1,830,587.00 "
Department of Health,NHS Barnsley CCG,30/11/2018,Hcare Srv Rec Fdtn Trust-CQUIN,IMPROVING ACCESS TO PSYCHOLOGICAL THERAPIES,SOUTH WEST YORKSHIRE PARTNERSHIP NHS FOUNDATION TRUST,24615023,"2,332.00 "
Department of Health,NHS Barnsley CCG,30/11/2018,Hcare Srv Rec Fdtn Trust-Contract Baseline,COMMUNITY SERVICES,SOUTH WEST YORKSHIRE PARTNERSHIP NHS FOUNDATION TRUST,24615023,"587,133.00 "
Department of Health,NHS Barnsley CCG,30/11/2018,Hcare Srv Rec Fdtn Trust-Contract Baseline,IMPROVING ACCESS TO PSYCHOLOGICAL THERAPIES,SOUTH WEST YORKSHIRE PARTNERSHIP NHS FOUNDATION TRUST,24615023,"186,597.00 "
Department of Health,NHS Barnsley CCG,30/11/2018,Hcare Srv Rec Fdtn Trust-Contract Baseline,INTERMEDIATE CARE,SOUTH WEST YORKSHIRE PARTNERSHIP NHS FOUNDATION TRUST,24615023,"319,906.00 "
Department of Health,NHS Barnsley CCG,30/11/2018,Hcare Srv Rec Fdtn Trust-Contract Baseline,LONG TERM CONDITIONS,SOUTH WEST YORKSHIRE PARTNERSHIP NHS FOUNDATION TRUST,24615023,"145,792.00 "
Department of Health,NHS Barnsley CCG,30/11/2018,Hcare Srv Rec Fdtn Trust-CQUIN,COMMUNITY SERVICES,SOUTH WEST YORKSHIRE PARTNERSHIP NHS FOUNDATION TRUST,24615030,"14,186.00 "
Department of Health,NHS Barnsley CCG,30/11/2018,Hcare Srv Rec Fdtn Trust-CQUIN,LEARNING DIFFICULTIES,SOUTH WEST YORKSHIRE PARTNERSHIP NHS FOUNDATION TRUST,24615030,"2,164.00 "
Department of Health,NHS Barnsley CCG,30/11/2018,Hcare Srv Rec Fdtn Trust-CQUIN,MENTAL HEALTH SERVICES - ADULTS,SOUTH WEST YORKSHIRE PARTNERSHIP NHS FOUNDATION TRUST,24615030,"23,054.00 "
Department of Health,NHS Barnsley CCG,30/11/2018,Hcare Srv Rec Fdtn Trust-CQUIN,MENTAL HEALTH SERVICES - OLDER PEOPLE,SOUTH WEST YORKSHIRE PARTNERSHIP NHS FOUNDATION TRUST,24615030,"2,712.00 "
Department of Health,NHS Barnsley CCG,30/11/2018,Hcare Srv Rec Fdtn Trust-Contract Baseline,COMMUNITY SERVICES,SOUTH WEST YORKSHIRE PARTNERSHIP NHS FOUNDATION TRUST,24615030,"1,134,883.00 "
Department of Health,NHS Barnsley CCG,30/11/2018,Hcare Srv Rec Fdtn Trust-Contract Baseline,LEARNING DIFFICULTIES,SOUTH WEST YORKSHIRE PARTNERSHIP NHS FOUNDATION TRUST,24615030,"197,193.00 "
Department of Health,NHS Barnsley CCG,30/11/2018,Hcare Srv Rec Fdtn Trust-Contract Baseline,MENTAL HEALTH SERVICES - ADULTS,SOUTH WEST YORKSHIRE PARTNERSHIP NHS FOUNDATION TRUST,24615030,"1,844,347.00 "
Department of Health,NHS Barnsley CCG,30/11/2018,Hcare Srv Rec Fdtn Trust-Contract Baseline,MENTAL HEALTH SERVICES - OLDER PEOPLE,SOUTH WEST YORKSHIRE PARTNERSHIP NHS FOUNDATION TRUST,24615030,"216,952.00 "
Department of Health,NHS Barnsley CCG,30/11/2018,Hcare Srv Rec Fdtn Trust-Contract Baseline,COMMUNITY SERVICES,SOUTH WEST YORKSHIRE PARTNERSHIP NHS FOUNDATION TRUST,24808442,"80,000.00 "
Department of Health,NHS Barnsley CCG,30/11/2018,Hcare Srv Rec Fdtn Trust-Contract Baseline,IMPROVING ACCESS TO PSYCHOLOGICAL THERAPIES,SOUTH WEST YORKSHIRE PARTNERSHIP NHS FOUNDATION TRUST,24808442,"100,000.00 "
Department of Health,NHS Barnsley CCG,30/11/2018,Hcare Srv Rec Fdtn Trust-Contract Baseline,MENTAL HEALTH SERVICES - ADULTS,SOUTH WEST YORKSHIRE PARTNERSHIP NHS FOUNDATION TRUST,24808442,"106,500.00 "
Department of Health,NHS Barnsley CCG,30/11/2018,Hcare Srv Rec Fdtn Trust-Contract Baseline,MENTAL HEALTH SERVICES - OLDER PEOPLE,SOUTH WEST YORKSHIRE PARTNERSHIP NHS FOUNDATION TRUST,24808442,"57,500.00 "
Department of Health,NHS Barnsley CCG,31/10/2018,Hcare Srv Rec Fdtn Trust-CQUIN,IMPROVING ACCESS TO PSYCHOLOGICAL THERAPIES,SOUTH WEST YORKSHIRE PARTNERSHIP NHS FOUNDATION TRUST,24300652,"6,996.00 "
Department of Health,NHS Barnsley CCG,31/10/2018,Hcare Srv Rec Fdtn Trust-Contract Baseline,IMPROVING ACCESS TO PSYCHOLOGICAL THERAPIES,SOUTH WEST YORKSHIRE PARTNERSHIP NHS FOUNDATION TRUST,24300652,"559,791.00 "
Department of Health,NHS Barnsley CCG,30/11/2018,Clinical&Medical-Commercial Sector,NCAS/OATS,SPAMEDICA LTD,24638488,"77,171.64 "
Department of Health,NHS Barnsley CCG,30/11/2018,Cont Care- Palliative Care,CHC ADULT FULLY FUNDED,SUN HEALTHCARE LTD,24570243,"27,452.25 "
Department of Health,NHS Barnsley CCG,30/11/2018,Cont Care-Learning Disab(<65),CHC ADULT FULLY FUNDED,SUN HEALTHCARE LTD,24570455,"36,150.00 "
Department of Health,NHS Barnsley CCG,30/11/2018,Cont Care- Palliative Care,CHC ADULT FULLY FUNDED,SUN HEALTHCARE LTD,24570471,"(27,452.25)"
Department of Health,NHS Barnsley CCG,30/11/2018,Hcare Srv Rec Fdtn Trust-Non Contract,NCAS/OATS,TAMESIDE HOSPITAL NHS FOUNDATION TRUST,24647705,"42,474.39 "
Department of Health,NHS Barnsley CCG,30/11/2018,Cont Care-Learning Disab(<65),CHC ADULT JOINT FUNDED,VOYAGE CARE,24892614,"43,036.29 "
Department of Health,NHS Barnsley CCG,30/11/2018,Cont Care- Palliative Care,CHC ADULT FULLY FUNDED,VOYAGE CARE,24892618,"39,714.52 "
Department of Health,NHS Barnsley CCG,30/11/2018,C&M-GMS LES Demand Mgmt,COMMISSIONING SCHEMES,NHS BARNSLEY CCG GP PRACTICE,24647767,"25,122.07 "
Department of Health,NHS Barnsley CCG,30/11/2018,C&M-PMS Contract Value,PRC DELEGATED CO-COMMISSIONING,NHS BARNSLEY CCG GP PRACTICE,24665004,"74,429.18 "
Department of Health,NHS Barnsley CCG,30/11/2018,C&M-PMS DES Minor Surgery,PRC DELEGATED CO-COMMISSIONING,NHS BARNSLEY CCG GP PRACTICE,24665004,383.58 
Department of Health,NHS Barnsley CCG,30/11/2018,C&M-PMS Out of Hours Opt Outs,PRC DELEGATED CO-COMMISSIONING,NHS BARNSLEY CCG GP PRACTICE,24665004,25.16 
Department of Health,NHS Barnsley CCG,30/11/2018,C&M-PMS Prem Actual Rent,PRC DELEGATED CO-COMMISSIONING,NHS BARNSLEY CCG GP PRACTICE,24665004,319.38 
Department of Health,NHS Barnsley CCG,30/11/2018,C&M-PMS Prem Healthcentre Rent,PRC DELEGATED CO-COMMISSIONING,NHS BARNSLEY CCG GP PRACTICE,24665004,"17,485.37 "
Department of Health,NHS Barnsley CCG,30/11/2018,C&M-PMS QOF Aspiration,PRC DELEGATED CO-COMMISSIONING,NHS BARNSLEY CCG GP PRACTICE,24665004,"6,630.93 "
Department of Health,NHS Barnsley CCG,30/11/2018,Cont Care-Physical Disab (<65),CHC ADULT FULLY FUNDED,WILLOWBECK HEALTH CARE LTD,24570442,"35,945.18 "
Department of Health,NHS Barnsley CCG,30/11/2018,C&M-PMS Contract Value,PRC DELEGATED CO-COMMISSIONING,NHS BARNSLEY CCG GP PRACTICE,24664612,"43,732.87 "
Department of Health,NHS Barnsley CCG,30/11/2018,C&M-PMS DES Minor Surgery,PRC DELEGATED CO-COMMISSIONING,NHS BARNSLEY CCG GP PRACTICE,24664612,"1,193.36 "
Department of Health,NHS Barnsley CCG,30/11/2018,C&M-PMS Out of Hours Opt Outs,PRC DELEGATED CO-COMMISSIONING,NHS BARNSLEY CCG GP PRACTICE,24664612,3.35 
Department of Health,NHS Barnsley CCG,30/11/2018,C&M-PMS PCO Other,PRC DELEGATED CO-COMMISSIONING,NHS BARNSLEY CCG GP PRACTICE,24664612,363.30 
Department of Health,NHS Barnsley CCG,30/11/2018,C&M-PMS Prem Healthcentre Rent,PRC DELEGATED CO-COMMISSIONING,NHS BARNSLEY CCG GP PRACTICE,24664612,"1,107.86 "
Department of Health,NHS Barnsley CCG,30/11/2018,C&M-PMS Prem Rates,PRC DELEGATED CO-COMMISSIONING,NHS BARNSLEY CCG GP PRACTICE,24664612,"1,573.00 "
Department of Health,NHS Barnsley CCG,30/11/2018,C&M-PMS QOF Aspiration,PRC DELEGATED CO-COMMISSIONING,NHS BARNSLEY CCG GP PRACTICE,24664612,"4,023.80 "
Department of Health,NHS Barnsley CCG,30/11/2018,Hcare Srv Rec NHS Trust-Contract Baseline,AMBULANCE SERVICES,YORKSHIRE AMBULANCE SERVICE NHS TRUST,24615039,"656,905.00 "
Department of Health,NHS Barnsley CCG,30/11/2018,Hcare Srv Rec NHS Trust-Contract Baseline,PATIENT TRANSPORT,YORKSHIRE AMBULANCE SERVICE NHS TRUST,24615053,"125,065.40 "
Department of Health,NHS Barnsley CCG,30/11/2018,Hcare Srv Rec NHS Trust-Contract Baseline,NHS 111,YORKSHIRE AMBULANCE SERVICE NHS TRUST,24615057,"55,687.00 "
,,,,,,,"27,563,057.34 "
,,,,,,,
