A3131 - 10X Expenditure Over Threshold Sep 2017,SOUTHAMPTON CITY CCG,,,,,,,,
,Over �25k Expenditure for August 2018,,,,,,,,
,,,,,,,,,
Time run: 20/09/2018 13:34:26,,,,,,,,,
Department family,Entity,Date,Expense Type,Expense area,Supplier,Transaction number,AP Amount (�),,
Department of Health,NHS Southampton CCG,8/31/2018,C&M-GMS Global Sum,GP PAYMENTS,ALDERMOOR SURGERY,23553104,"71,804.84 ",,
Department of Health,NHS Southampton CCG,8/31/2018,C&M-GMS Global Sum,GP PAYMENTS,ATHERLEY HOUSE SURGERY,23553108,"43,915.82 ",,
Department of Health,NHS Southampton CCG,8/31/2018,C&M-GMS Global Sum,GP PAYMENTS,BATH LODGE PRACTICE,23553113,"100,682.33 ",,
Department of Health,NHS Southampton CCG,8/31/2018,C&M-GMS Global Sum,GP PAYMENTS,BITTERNE SURGERY,23553115,"79,427.01 ",,
Department of Health,NHS Southampton CCG,8/31/2018,C&M-GMS Global Sum,GP PAYMENTS,BROOK HOUSE SURGERY,23553120,"46,431.62 ",,
Department of Health,NHS Southampton CCG,8/31/2018,C&M-PMS Contract Value,GP PAYMENTS,BURGESS ROAD SURGERY,23359001,"80,898.68 ",,
Department of Health,NHS Southampton CCG,8/31/2018,C&M-GMS Global Sum,GP PAYMENTS,CHESSEL PRACTICE,23553124,"103,497.08 ",,
Department of Health,NHS Southampton CCG,8/31/2018,C&M-GMS Global Sum,GP PAYMENTS,DR GC ORD-HUME & PARTNERS,23553129,"89,562.67 ",,
Department of Health,NHS Southampton CCG,8/31/2018,C&M-GMS Global Sum,GP PAYMENTS,DR SUNAK & PARTNERS,23553133,"38,507.55 ",,
Department of Health,NHS Southampton CCG,8/31/2018,C&M-GMS Global Sum,GP PAYMENTS,GROVE MEDICAL PRACTICE,23553138,"127,177.19 ",,
Department of Health,NHS Southampton CCG,8/31/2018,C&M-GMS Global Sum,GP PAYMENTS,HIGHFIELD HEALTH,23553140,"58,707.28 ",,
Department of Health,NHS Southampton CCG,8/31/2018,C&M-GMS Global Sum,GP PAYMENTS,HILL LANE SURGERY,23553142,"77,214.90 ",,
Department of Health,NHS Southampton CCG,8/31/2018,C&M-APMS Contract Value,GP PAYMENTS,HOMELESS HEALTHCARE TEAM,23359002,"40,697.16 ",,
Department of Health,NHS Southampton CCG,8/31/2018,C&M-GMS Global Sum,GP PAYMENTS,LADIES WALK PRACTICE,23553143,"238,616.71 ",,
Department of Health,NHS Southampton CCG,8/31/2018,C&M-GMS Global Sum,GP PAYMENTS,LORDSHILL HEALTH CENTRE,23553146,"98,568.76 ",,
Department of Health,NHS Southampton CCG,8/31/2018,C&M-GMS Global Sum,GP PAYMENTS,MULBERRY HOUSE PRACTICE,23553148,"59,333.29 ",,
Department of Health,NHS Southampton CCG,8/31/2018,C&M-APMS Contract Value,GP PAYMENTS,NICHOLS TOWN SURGERY,23359004,"197,185.54 ",,
Department of Health,NHS Southampton CCG,8/31/2018,C&M-PMS Contract Value,GP PAYMENTS,OLD FIRE STATION SURGERY,23359006,"89,855.91 ",,
Department of Health,NHS Southampton CCG,8/31/2018,C&M-GMS Global Sum,GP PAYMENTS,SHIRLEY AVENUE & CHEVIOT ROAD PRACTICE,23553153,"144,999.74 ",,
Department of Health,NHS Southampton CCG,8/31/2018,C&M-GMS Global Sum,GP PAYMENTS,SOUTHAMPTON UNIVERSITY HEALTH SERVICE,23553151,"100,953.68 ",,
Department of Health,NHS Southampton CCG,8/31/2018,C&M-PMS Contract Value,GP PAYMENTS,ST MARYS SURGERY SOUTHAMPTON,23359007,"155,170.49 ",,
Department of Health,NHS Southampton CCG,8/31/2018,C&M-GMS Global Sum,GP PAYMENTS,ST PETERS SURGERY,23553155,"57,063.83 ",,
Department of Health,NHS Southampton CCG,8/31/2018,C&M-GMS Global Sum,GP PAYMENTS,STONEHAM LANE SURGERY,23555233,"74,052.27 ",,
Department of Health,NHS Southampton CCG,8/31/2018,C&M-GMS Global Sum,GP PAYMENTS,TOWNHILL SURGERY,23573034,"52,607.15 ",,
Department of Health,NHS Southampton CCG,8/31/2018,C&M-GMS Global Sum,GP PAYMENTS,VICTOR STREET SURGERY,23553157,"126,772.42 ",,
Department of Health,NHS Southampton CCG,8/31/2018,C&M-GMS Global Sum,GP PAYMENTS,WALNUT HOUSE SURGERY,23553159,"38,935.60 ",,
Department of Health,NHS Southampton CCG,8/31/2018,C&M-GMS Global Sum,GP PAYMENTS,WOOLSTON LODGE SURGERY,23553162,"142,786.41 ",,
Department of Health,NHS Southampton CCG,8/31/2018,Charges from CSU,NON HEALTHCARE - CSU,NHS SOUTH CENTRAL AND WEST COMMISSIONING SUPPORT UNIT,23479749,"177,436.00 ",,
Department of Health,NHS Southampton CCG,8/31/2018,Payroll,PAYROLL PAYOVERS,HMRC,23455724,"124,381.46 ",,
Department of Health,NHS Southampton CCG,8/31/2018,Cont Care-Learning Disab(<65),PERSONNAL HEALTHCARE BUDGET - HEALTHCARE FOR INDIVIDUALS,PREPAID FINANCIAL SERVICES PHB,23662713,"70,000.00 ",,
Department of Health,NHS Southampton CCG,8/31/2018,Hlthcre-Foundation Trsts,PURCHASE OF HEALTHCARE - FOUNDATION TRUST,DORSET HEALTHCARE UNIVERSITY NHS FOUNDATION TRUST,23479710,"104,440.74 ",,
Department of Health,NHS Southampton CCG,8/31/2018,Hcare Srv Rec Fdtn Trust-Contract Baseline,PURCHASE OF HEALTHCARE - FOUNDATION TRUST,HAMPSHIRE HOSPITALS NHS FOUNDATION TRUST,23371096,"88,757.00 ",,
Department of Health,NHS Southampton CCG,8/31/2018,Hcare Srv Rec Fdtn Trust-Contract Baseline,PURCHASE OF HEALTHCARE - FOUNDATION TRUST,SALISBURY NHS FOUNDATION TRUST,23462641,"71,791.00 ",,
Department of Health,NHS Southampton CCG,8/31/2018,Hcare Srv Rec Fdtn Trust-Contract Baseline,PURCHASE OF HEALTHCARE - FOUNDATION TRUST,SOUTH CENTRAL AMBULANCE SERVICE NHS FOUNDATION TRUST,23371113,"115,026.53 ",,
Department of Health,NHS Southampton CCG,8/31/2018,Hcare Srv Rec Fdtn Trust-Contract Baseline,PURCHASE OF HEALTHCARE - FOUNDATION TRUST,SOUTH CENTRAL AMBULANCE SERVICE NHS FOUNDATION TRUST,23371117,"776,780.59 ",,
Department of Health,NHS Southampton CCG,8/31/2018,Hcare Srv Rec Fdtn Trust-Contract Baseline,PURCHASE OF HEALTHCARE - FOUNDATION TRUST,SOUTH CENTRAL AMBULANCE SERVICE NHS FOUNDATION TRUST,23462643,"73,527.60 ",,
Department of Health,NHS Southampton CCG,8/31/2018,Hcare Srv Rec Fdtn Trust-Contract Baseline,PURCHASE OF HEALTHCARE - FOUNDATION TRUST,SOUTHAMPTON UNIVERSITY HOSPITALS NHS FOUNDATION TRUST,23364965,"11,574,435.00 ",,
Department of Health,NHS Southampton CCG,8/31/2018,Hcare Srv Rec Fdtn Trust-Non Contract,PURCHASE OF HEALTHCARE - FOUNDATION TRUST,SOUTHAMPTON UNIVERSITY HOSPITALS NHS FOUNDATION TRUST,23432329,"228,000.00 ",,
Department of Health,NHS Southampton CCG,8/31/2018,Hcare Srv Rec Fdtn Trust-Contract Baseline,PURCHASE OF HEALTHCARE - FOUNDATION TRUST,SOUTHAMPTON UNIVERSITY HOSPITALS NHS FOUNDATION TRUST,23666781,"(283,029.00)",,
Department of Health,NHS Southampton CCG,8/31/2018,Hcare Srv Rec Fdtn Trust-Non Contract,PURCHASE OF HEALTHCARE - FOUNDATION TRUST,SOUTHAMPTON UNIVERSITY HOSPITALS NHS FOUNDATION TRUST,23678342,"76,162.48 ",,
Department of Health,NHS Southampton CCG,8/31/2018,Hcare Srv Rec Fdtn Trust-Non Contract,PURCHASE OF HEALTHCARE - FOUNDATION TRUST,SOUTHAMPTON UNIVERSITY HOSPITALS NHS FOUNDATION TRUST,23678354,"72,504.05 ",,
Department of Health,NHS Southampton CCG,8/31/2018,Hcare Srv Rec Fdtn Trust-Contract Baseline,PURCHASE OF HEALTHCARE - FOUNDATION TRUST,SOUTHERN HEALTH NHS FOUNDATION TRUST,23432337,"2,233,671.00 ",,
Department of Health,NHS Southampton CCG,8/31/2018,Hcare Srv Rec NHS Trust-Contract Baseline,PURCHASE OF HEALTHCARE - NHS TRUST,PORTSMOUTH HOSPITALS NHS TRUST,23432306,"163,758.09 ",,
Department of Health,NHS Southampton CCG,8/31/2018,Cont Care-NHS Trust-Children,PURCHASE OF HEALTHCARE - NHS TRUST,SOLENT NHS TRUST,23432303,"31,565.62 ",,
Department of Health,NHS Southampton CCG,8/31/2018,Cont Care-NHS Trust-Children,PURCHASE OF HEALTHCARE - NHS TRUST,SOLENT NHS TRUST,23432305,"29,205.24 ",,
Department of Health,NHS Southampton CCG,8/31/2018,Hcare Srv Rec NHS Trust-Contract Baseline,PURCHASE OF HEALTHCARE - NHS TRUST,SOLENT NHS TRUST,23462644,"721,062.00 ",,
Department of Health,NHS Southampton CCG,8/31/2018,Hcare Srv Rec NHS Trust-Contract Baseline,PURCHASE OF HEALTHCARE - NHS TRUST,SOLENT NHS TRUST,23462646,"262,302.00 ",,
Department of Health,NHS Southampton CCG,8/31/2018,Hcare Srv Rec NHS Trust,PURCHASE OF HEALTHCARE - NHS TRUST,SOLENT NHS TRUST,23462647,"890,952.00 ",,
Department of Health,NHS Southampton CCG,8/31/2018,Hcare Srv Rec NHS Trust,PURCHASE OF HEALTHCARE - NHS TRUST,SOLENT NHS TRUST,23462648,"772,179.00 ",,
Department of Health,NHS Southampton CCG,8/31/2018,Hcare Srv Rec NHS Trust-Contract Baseline,PURCHASE OF HEALTHCARE - NHS TRUST,SOLENT NHS TRUST,23462649,"99,023.00 ",,
Department of Health,NHS Southampton CCG,8/31/2018,Clinical&Medical-Commercial Sector,PURCHASE OF HEALTHCARE - NHS TRUST,SOLENT NHS TRUST,23462651,"45,943.00 ",,
Department of Health,NHS Southampton CCG,8/31/2018,Hcare Srv Rec NHS Trust-Contract Baseline,PURCHASE OF HEALTHCARE - NHS TRUST,SOLENT NHS TRUST,23462653,"48,155.00 ",,
Department of Health,NHS Southampton CCG,8/31/2018,Clinical&Medical-Commercial Sector,PURCHASE OF HEALTHCARE - NHS TRUST,SOLENT NHS TRUST,23462654,"51,590.00 ",,
Department of Health,NHS Southampton CCG,8/31/2018,Hcare Srv Rec NHS Trust-Non Contract,PURCHASE OF HEALTHCARE - NHS TRUST,SOLENT NHS TRUST,23666929,"31,000.00 ",,
Department of Health,NHS Southampton CCG,8/31/2018,Clinical&Medical-Commercial Sector,PURCHASE OF HEALTHCARE -CCG,NHS EAST BERKSHIRE CCG,23364954,"99,959.00 ",,
Department of Health,NHS Southampton CCG,8/31/2018,C&M-APMS Practice Transformational Support,PURCHASE OF HEALTHCARE -CCG,NHS NORTH EAST HAMPSHIRE AND FARNHAM CCG,23364981,"95,242.43 ",,
Department of Health,NHS Southampton CCG,8/31/2018,Cont Care-Funded Nursing Care Allow,PURCHASE OF HEALTHCARE -COMMERCIAL SECTOR,BUPA CARE HOMES,23499211,"32,287.10 ",,
Department of Health,NHS Southampton CCG,8/31/2018,Clinical&Medical-Commercial Sector,PURCHASE OF HEALTHCARE -COMMERCIAL SECTOR,CARE UK CLINICAL SERVICES LTD,23702077,"207,851.99 ",Apr-18,
Department of Health,NHS Southampton CCG,8/31/2018,Clinical&Medical-Commercial Sector,PURCHASE OF HEALTHCARE -COMMERCIAL SECTOR,CARE UK CLINICAL SERVICES LTD,23702079,"(205,285.92)",Credit for Inv 100073518 ,
Department of Health,NHS Southampton CCG,8/31/2018,Clinical&Medical-Commercial Sector,PURCHASE OF HEALTHCARE -COMMERCIAL SECTOR,CARE UK CLINICAL SERVICES LTD,23702080,"(205,285.92)",Credit for Inv 100069005,
Department of Health,NHS Southampton CCG,8/31/2018,Clinical&Medical-Commercial Sector,PURCHASE OF HEALTHCARE -COMMERCIAL SECTOR,CARE UK CLINICAL SERVICES LTD,23702081,"207,851.99 ",Jun-18,
Department of Health,NHS Southampton CCG,8/31/2018,Clinical&Medical-Commercial Sector,PURCHASE OF HEALTHCARE -COMMERCIAL SECTOR,CARE UK CLINICAL SERVICES LTD,23702082,"207,851.99 ",Jul-18,
Department of Health,NHS Southampton CCG,8/31/2018,Clinical&Medical-Commercial Sector,PURCHASE OF HEALTHCARE -COMMERCIAL SECTOR,CARE UK CLINICAL SERVICES LTD,23702083,"(205,285.92)",Credit for Inv 100067804,
Department of Health,NHS Southampton CCG,8/31/2018,Clinical&Medical-Commercial Sector,PURCHASE OF HEALTHCARE -COMMERCIAL SECTOR,CARE UK CLINICAL SERVICES LTD,23702093,"(205,285.92)",Credit for Inv 100070978,
Department of Health,NHS Southampton CCG,8/31/2018,Clinical&Medical-Commercial Sector,PURCHASE OF HEALTHCARE -COMMERCIAL SECTOR,CARE UK CLINICAL SERVICES LTD,23702094,"207,851.99 ",Aug-18,
Department of Health,NHS Southampton CCG,8/31/2018,Clinical&Medical-Commercial Sector,PURCHASE OF HEALTHCARE -COMMERCIAL SECTOR,CARE UK CLINICAL SERVICES LTD,23702096,"207,851.99 ",May-18,
Department of Health,NHS Southampton CCG,8/31/2018,C&M-APMS Practice Transformational Support,PURCHASE OF HEALTHCARE -COMMERCIAL SECTOR,CARE UNBOUND LTD,23312965,"41,662.08 ",,
Department of Health,NHS Southampton CCG,8/31/2018,Cont Care-Learning Disab(<65),PURCHASE OF HEALTHCARE -COMMERCIAL SECTOR,CHESSEL SUPPORT SERVICES LTD,23295723,"27,198.57 ",,
Department of Health,NHS Southampton CCG,8/31/2018,Clinical&Medical-Commercial Sector,PURCHASE OF HEALTHCARE -COMMERCIAL SECTOR,CYGNET HEALTHCARE LTD,23593127,"31,257.73 ",,
Department of Health,NHS Southampton CCG,8/31/2018,Clinical&Medical-Commercial Sector,PURCHASE OF HEALTHCARE -COMMERCIAL SECTOR,CYGNET HEALTHCARE LTD,23678428,"25,332.00 ",,
Department of Health,NHS Southampton CCG,8/31/2018,Clinical&Medical-Commercial Sector,PURCHASE OF HEALTHCARE -COMMERCIAL SECTOR,INHEALTH LTD,23432332,"170,132.00 ",,
Department of Health,NHS Southampton CCG,8/31/2018,Clinical&Medical-Commercial Sector,PURCHASE OF HEALTHCARE -COMMERCIAL SECTOR,INHEALTH LTD,23432334,"(168,747.00)",,
Department of Health,NHS Southampton CCG,8/31/2018,Clinical&Medical-Commercial Sector,PURCHASE OF HEALTHCARE -COMMERCIAL SECTOR,INHEALTH LTD,23479786,"174,937.00 ",,
Department of Health,NHS Southampton CCG,8/31/2018,Cont Care-Funded Nursing Care Allow,PURCHASE OF HEALTHCARE -COMMERCIAL SECTOR,LIFE STYLE CARE PLC,23499200,"36,173.31 ",,
Department of Health,NHS Southampton CCG,8/31/2018,Clinical&Medical-Commercial Sector,PURCHASE OF HEALTHCARE -COMMERCIAL SECTOR,MILLBROOK HEALTHCARE LTD,23432326,"69,787.60 ",,
Department of Health,NHS Southampton CCG,8/31/2018,Clinical&Medical-Commercial Sector,PURCHASE OF HEALTHCARE -COMMERCIAL SECTOR,PARTNERING HEALTH LTD,23364956,"181,016.00 ",,
Department of Health,NHS Southampton CCG,8/31/2018,Clinical&Medical-Commercial Sector,PURCHASE OF HEALTHCARE -COMMERCIAL SECTOR,PEACOCKS MEDICAL GROUP LTD,23274051,"31,469.74 ",,
Department of Health,NHS Southampton CCG,8/31/2018,Clinical&Medical-Commercial Sector,PURCHASE OF HEALTHCARE -COMMERCIAL SECTOR,PEACOCKS MEDICAL GROUP LTD,23274054,"30,134.97 ",,
Department of Health,NHS Southampton CCG,8/31/2018,Cont Care-Funded Nursing Care Allow,PURCHASE OF HEALTHCARE -COMMERCIAL SECTOR,PEGMAR LTD,23499173,"30,366.62 ",,
Department of Health,NHS Southampton CCG,8/31/2018,Clinical&Medical-Commercial Sector,PURCHASE OF HEALTHCARE -COMMERCIAL SECTOR,SOLENT MEDICAL SERVICES LTD,23479829,"46,539.84 ",,
Department of Health,NHS Southampton CCG,8/31/2018,Clinical&Medical-Commercial Sector,PURCHASE OF HEALTHCARE -COMMERCIAL SECTOR,SOLENT MEDICAL SERVICES LTD,23520164,"99,811.67 ",Jul-18,
Department of Health,NHS Southampton CCG,8/31/2018,Clinical&Medical-Commercial Sector,PURCHASE OF HEALTHCARE -COMMERCIAL SECTOR,SOLENT MEDICAL SERVICES LTD,23520183,"99,811.67 ",Aug-18,
Department of Health,NHS Southampton CCG,8/31/2018,Clinical&Medical-Commercial Sector,PURCHASE OF HEALTHCARE -COMMERCIAL SECTOR,SOLENT MEDICAL SERVICES LTD,23678539,"37,676.62 ",,
Department of Health,NHS Southampton CCG,8/31/2018,C&M-APMS Practice Transformational Support,PURCHASE OF HEALTHCARE -COMMERCIAL SECTOR,SOUTHAMPTON PRIMARY CARE LTD,23479894,"34,584.00 ",,
Department of Health,NHS Southampton CCG,8/31/2018,C&M-APMS Practice Transformational Support,PURCHASE OF HEALTHCARE -COMMERCIAL SECTOR,SOUTHAMPTON PRIMARY CARE LTD,23520187,"132,000.00 ",,
Department of Health,NHS Southampton CCG,8/31/2018,Clinical&Medical-Commercial Sector,PURCHASE OF HEALTHCARE -COMMERCIAL SECTOR,SPIRE HEALTHCARE LTD,23371058,"102,992.00 ",,
Department of Health,NHS Southampton CCG,8/31/2018,Cont Care-Funded Nursing Care Allow,PURCHASE OF HEALTHCARE -COMMERCIAL SECTOR,ST JOHNS NURSING HOME LTD,23662711,"28,626.99 ",,
Department of Health,NHS Southampton CCG,8/31/2018,Clinical&Medical-Independent Sector,PURCHASE OF HEALTHCARE -INDEPENDENT SECTOR,CARE UK CLINICAL SERVICES LTD,23371083,"1,055,688.77 ",,
,,,,,,,,,
,,,,,,,,,
,,,,,,,"23,950,102.31 ",,
