A3131 - 10X SOUTHAMPTON CITY CCG,,,,,,,
,,,,,,,
,,,,,,,
0VER �25K EXPENDITURE FOR NOVEMBER 2018,,,,,,,
Time run: 02/01/2019 16:03:22,,,,,,,
Department family,Entity,Date,Expense Type,Expense area,Supplier,Transaction number,AP Amount (�)
Department of Health,NHS Southampton CCG,11/30/2018,Cont Care-Funded Nursing Care Allow,FUNDED NURSING CARE,BUPA CARE HOMES,24739724,"32,219.51 "
Department of Health,NHS Southampton CCG,11/30/2018,Cont Care-Funded Nursing Care Allow,FUNDED NURSING CARE,LIFE STYLE CARE PLC,24739722,"32,942.53 "
Department of Health,NHS Southampton CCG,11/30/2018,Cont Care-Funded Nursing Care Allow,FUNDED NURSING CARE,NEW CENTURY CARE (SOUTHAMPTON) LTD,24739714,"25,057.11 "
Department of Health,NHS Southampton CCG,11/30/2018,Cont Care-Funded Nursing Care Allow,FUNDED NURSING CARE,PEGMAR LTD,24739715,"27,768.43 "
Department of Health,NHS Southampton CCG,11/30/2018,Cont Care-Funded Nursing Care Allow,FUNDED NURSING CARE,SOUTHAMPTON CITY COUNCIL,24649873,"83,146.97 "
Department of Health,NHS Southampton CCG,11/30/2018,Cont Care-Funded Nursing Care Allow,FUNDED NURSING CARE,SOUTHAMPTON CITY COUNCIL,24812682,"119,546.12 "
Department of Health,NHS Southampton CCG,11/30/2018,C&M-GMS Global Sum,GP PAYMENTS,ALDERMOOR SURGERY,24825021,"88,632.35 "
Department of Health,NHS Southampton CCG,11/30/2018,C&M-GMS Global Sum,GP PAYMENTS,ATHERLEY HOUSE SURGERY,24825022,"44,770.44 "
Department of Health,NHS Southampton CCG,11/30/2018,C&M-GMS Global Sum,GP PAYMENTS,BATH LODGE PRACTICE,24805090,"88,896.34 "
Department of Health,NHS Southampton CCG,11/30/2018,C&M-GMS Global Sum,GP PAYMENTS,BITTERNE SURGERY,24825023,"139,364.03 "
Department of Health,NHS Southampton CCG,11/30/2018,C&M-GMS Global Sum,GP PAYMENTS,BROOK HOUSE SURGERY,24825024,"56,685.55 "
Department of Health,NHS Southampton CCG,11/30/2018,C&M-PMS Contract Value,GP PAYMENTS,BURGESS ROAD SURGERY,24640999,"86,421.04 "
Department of Health,NHS Southampton CCG,11/30/2018,C&M-GMS Global Sum,GP PAYMENTS,CHESSEL PRACTICE,24805094,"97,151.35 "
Department of Health,NHS Southampton CCG,11/30/2018,C&M-GMS Global Sum,GP PAYMENTS,DR GC ORD-HUME & PARTNERS,24825025,"93,004.55 "
Department of Health,NHS Southampton CCG,11/30/2018,C&M-GMS Global Sum,GP PAYMENTS,DR SUNAK & PARTNERS,24805097,"40,073.97 "
Department of Health,NHS Southampton CCG,11/30/2018,C&M-GMS Global Sum,GP PAYMENTS,GROVE MEDICAL PRACTICE,24825026,"128,163.50 "
Department of Health,NHS Southampton CCG,11/30/2018,C&M-GMS Global Sum,GP PAYMENTS,HIGHFIELD HEALTH,24825027,"51,445.44 "
Department of Health,NHS Southampton CCG,11/30/2018,C&M-GMS Global Sum,GP PAYMENTS,HILL LANE SURGERY,24825028,"78,470.49 "
Department of Health,NHS Southampton CCG,11/30/2018,C&M-APMS Contract Value,GP PAYMENTS,HOMELESS HEALTHCARE TEAM,24625985,"40,697.16 "
Department of Health,NHS Southampton CCG,11/30/2018,C&M-GMS Global Sum,GP PAYMENTS,LADIES WALK PRACTICE,24825029,"274,465.30 "
Department of Health,NHS Southampton CCG,11/30/2018,C&M-GMS Global Sum,GP PAYMENTS,LORDSHILL HEALTH CENTRE,24825030,"100,404.54 "
Department of Health,NHS Southampton CCG,11/30/2018,C&M-GMS Global Sum,GP PAYMENTS,MULBERRY HOUSE PRACTICE,24825031,"56,632.96 "
Department of Health,NHS Southampton CCG,11/30/2018,C&M-APMS Contract Value,GP PAYMENTS,NICHOLS TOWN SURGERY,24625987,"214,048.28 "
Department of Health,NHS Southampton CCG,11/30/2018,C&M-PMS Contract Value,GP PAYMENTS,OLD FIRE STATION SURGERY,24625988,"71,323.39 "
Department of Health,NHS Southampton CCG,11/30/2018,C&M-GMS Global Sum,GP PAYMENTS,SHIRLEY AVENUE & CHEVIOT ROAD PRACTICE,24825032,"143,299.89 "
Department of Health,NHS Southampton CCG,11/30/2018,C&M-GMS Global Sum,GP PAYMENTS,SOUTHAMPTON UNIVERSITY HEALTH SERVICE,24805105,"107,865.47 "
Department of Health,NHS Southampton CCG,11/30/2018,C&M-PMS Contract Value,GP PAYMENTS,ST MARYS SURGERY SOUTHAMPTON,24625989,"192,451.16 "
Department of Health,NHS Southampton CCG,11/30/2018,C&M-GMS Global Sum,GP PAYMENTS,ST PETERS SURGERY,24825034,"58,475.86 "
Department of Health,NHS Southampton CCG,11/30/2018,C&M-GMS Global Sum,GP PAYMENTS,STONEHAM LANE SURGERY,24825033,"75,106.96 "
Department of Health,NHS Southampton CCG,11/30/2018,C&M-GMS Global Sum,GP PAYMENTS,TOWNHILL SURGERY,24825035,"53,574.96 "
Department of Health,NHS Southampton CCG,11/30/2018,C&M-GMS Global Sum,GP PAYMENTS,VICTOR STREET SURGERY,24825036,"111,854.75 "
Department of Health,NHS Southampton CCG,11/30/2018,C&M-GMS Global Sum,GP PAYMENTS,WALNUT HOUSE SURGERY,24825037,"39,478.65 "
Department of Health,NHS Southampton CCG,11/30/2018,C&M-GMS Global Sum,GP PAYMENTS,WOOLSTON LODGE SURGERY,24825038,"148,541.07 "
Department of Health,NHS Southampton CCG,11/30/2018,Charges from CSU,NON HEALTHCARE - CSU,NHS SOUTH CENTRAL AND WEST COMMISSIONING SUPPORT UNIT,24683820,"173,887.00 "
Department of Health,NHS Southampton CCG,11/30/2018,Payroll,PAYROLL PAYOVERS,HMRC,24760021,"127,565.80 "
Department of Health,NHS Southampton CCG,11/30/2018,Cont Care-Learning Disab(<65),PERSONNAL HEALTHCARE BUDGET - HEALTHCARE FOR INDIVIDUALS,PREPAID FINANCIAL SERVICES PHB,24754060,"70,000.00 "
Department of Health,NHS Southampton CCG,11/30/2018,Hlthcre-Foundation Trsts,PURCHASE OF HEALTHCARE - FOUNDATION TRUST,DORSET HEALTHCARE UNIVERSITY NHS FOUNDATION TRUST,24649877,"49,811.75 "
Department of Health,NHS Southampton CCG,11/30/2018,Hlthcre-Foundation Trsts,PURCHASE OF HEALTHCARE - FOUNDATION TRUST,DORSET HEALTHCARE UNIVERSITY NHS FOUNDATION TRUST,24683798,"104,440.75 "
Department of Health,NHS Southampton CCG,11/30/2018,Hcare Srv Rec Fdtn Trust-Contract Baseline,PURCHASE OF HEALTHCARE - FOUNDATION TRUST,HAMPSHIRE HOSPITALS NHS FOUNDATION TRUST,24615485,"88,317.00 "
Department of Health,NHS Southampton CCG,11/30/2018,Hcare Srv Rec Fdtn Trust-Contract Baseline,PURCHASE OF HEALTHCARE - FOUNDATION TRUST,SALISBURY NHS FOUNDATION TRUST,24571498,"71,791.00 "
Department of Health,NHS Southampton CCG,11/30/2018,Hcare Srv Rec Fdtn Trust-Contract Baseline,PURCHASE OF HEALTHCARE - FOUNDATION TRUST,SOUTH CENTRAL AMBULANCE SERVICE NHS FOUNDATION TRUST,24649904,"119,206.21 "
Department of Health,NHS Southampton CCG,11/30/2018,Hcare Srv Rec Fdtn Trust-Contract Baseline,PURCHASE OF HEALTHCARE - FOUNDATION TRUST,SOUTH CENTRAL AMBULANCE SERVICE NHS FOUNDATION TRUST,24649907,"776,780.59 "
Department of Health,NHS Southampton CCG,11/30/2018,Hcare Srv Rec Fdtn Trust-Contract Baseline,PURCHASE OF HEALTHCARE - FOUNDATION TRUST,SOUTHAMPTON UNIVERSITY HOSPITALS NHS FOUNDATION TRUST,24571491,"11,574,435.00 "
Department of Health,NHS Southampton CCG,11/30/2018,Hcare Srv Rec Fdtn Trust-Non Contract,PURCHASE OF HEALTHCARE - FOUNDATION TRUST,SOUTHAMPTON UNIVERSITY HOSPITALS NHS FOUNDATION TRUST,24812679,"70,000.00 "
Department of Health,NHS Southampton CCG,11/30/2018,Hcare Srv Rec Fdtn Trust-Non Contract,PURCHASE OF HEALTHCARE - FOUNDATION TRUST,SOUTHAMPTON UNIVERSITY HOSPITALS NHS FOUNDATION TRUST,24812694,"114,000.00 "
Department of Health,NHS Southampton CCG,11/30/2018,Hcare Srv Rec Fdtn Trust-Non Contract,PURCHASE OF HEALTHCARE - FOUNDATION TRUST,SOUTHAMPTON UNIVERSITY HOSPITALS NHS FOUNDATION TRUST,24839000,"3,000,000.00 "
Department of Health,NHS Southampton CCG,11/30/2018,PREPYMT OVERSEAS NON EEA PATIENTS,PURCHASE OF HEALTHCARE - FOUNDATION TRUST,SOUTHAMPTON UNIVERSITY HOSPITALS NHS FOUNDATION TRUST,24954948,"85,192.82 "
Department of Health,NHS Southampton CCG,11/30/2018,Hcare Srv Rec Fdtn Trust-Contract Baseline,PURCHASE OF HEALTHCARE - FOUNDATION TRUST,SOUTHERN HEALTH NHS FOUNDATION TRUST,24683836,"2,233,671.00 "
Department of Health,NHS Southampton CCG,11/30/2018,Hcare Srv Rec NHS Trust-Contract Baseline,PURCHASE OF HEALTHCARE - NHS TRUST,PORTSMOUTH HOSPITALS NHS TRUST,24709581,"164,308.16 "
Department of Health,NHS Southampton CCG,11/30/2018,Hcare Srv Rec NHS Trust,PURCHASE OF HEALTHCARE - NHS TRUST,SOLENT NHS TRUST,24649909,"721,062.00 "
Department of Health,NHS Southampton CCG,11/30/2018,Hcare Srv Rec NHS Trust,PURCHASE OF HEALTHCARE - NHS TRUST,SOLENT NHS TRUST,24649911,"262,302.00 "
Department of Health,NHS Southampton CCG,11/30/2018,Hcare Srv Rec NHS Trust,PURCHASE OF HEALTHCARE - NHS TRUST,SOLENT NHS TRUST,24649912,"890,952.00 "
Department of Health,NHS Southampton CCG,11/30/2018,Hcare Srv Rec NHS Trust,PURCHASE OF HEALTHCARE - NHS TRUST,SOLENT NHS TRUST,24649913,"772,179.00 "
Department of Health,NHS Southampton CCG,11/30/2018,Hcare Srv Rec NHS Trust,PURCHASE OF HEALTHCARE - NHS TRUST,SOLENT NHS TRUST,24649914,"99,023.00 "
Department of Health,NHS Southampton CCG,11/30/2018,Clinical&Medical-Commercial Sector,PURCHASE OF HEALTHCARE - NHS TRUST,SOLENT NHS TRUST,24649915,"45,943.00 "
Department of Health,NHS Southampton CCG,11/30/2018,Hcare Srv Rec NHS Trust-Contract Baseline,PURCHASE OF HEALTHCARE - NHS TRUST,SOLENT NHS TRUST,24649917,"48,155.00 "
Department of Health,NHS Southampton CCG,11/30/2018,Clinical&Medical-Commercial Sector,PURCHASE OF HEALTHCARE - NHS TRUST,SOLENT NHS TRUST,24649919,"51,590.00 "
Department of Health,NHS Southampton CCG,11/30/2018,Clinical&Medical-Othe Public Sector,PURCHASE OF HEALTHCARE - PUBLIC SECTOR,SOUTHAMPTON CITY COUNCIL,24956019,"205,775.00 "
Department of Health,NHS Southampton CCG,11/30/2018,Clinical&Medical-Othe Public Sector,PURCHASE OF HEALTHCARE - PUBLIC SECTOR,SOUTHAMPTON CITY COUNCIL,24956020,"205,800.00 "
Department of Health,NHS Southampton CCG,11/30/2018,Clinical&Medical-Othe Public Sector,PURCHASE OF HEALTHCARE - PUBLIC SECTOR,SOUTHAMPTON CITY COUNCIL,24956021,"205,800.00 "
Department of Health,NHS Southampton CCG,11/30/2018,Clinical&Medical-Othe Public Sector,PURCHASE OF HEALTHCARE - PUBLIC SECTOR,SOUTHAMPTON CITY COUNCIL,24956022,"35,000.00 "
Department of Health,NHS Southampton CCG,11/30/2018,Clinical&Medical-Othe Public Sector,PURCHASE OF HEALTHCARE - PUBLIC SECTOR,SOUTHAMPTON CITY COUNCIL,24956023,"332,525.00 "
Department of Health,NHS Southampton CCG,11/30/2018,Clinical&Medical-Othe Public Sector,PURCHASE OF HEALTHCARE - PUBLIC SECTOR,SOUTHAMPTON CITY COUNCIL,24956024,"72,850.00 "
Department of Health,NHS Southampton CCG,11/30/2018,Clinical&Medical-Othe Public Sector,PURCHASE OF HEALTHCARE - PUBLIC SECTOR,SOUTHAMPTON CITY COUNCIL,24956025,"72,850.00 "
Department of Health,NHS Southampton CCG,11/30/2018,Clinical&Medical-Othe Public Sector,PURCHASE OF HEALTHCARE - PUBLIC SECTOR,SOUTHAMPTON CITY COUNCIL,24956026,"88,200.00 "
Department of Health,NHS Southampton CCG,11/30/2018,Clinical&Medical-Othe Public Sector,PURCHASE OF HEALTHCARE - PUBLIC SECTOR,SOUTHAMPTON CITY COUNCIL,24956027,"25,450.00 "
Department of Health,NHS Southampton CCG,11/30/2018,Clinical&Medical-Othe Public Sector,PURCHASE OF HEALTHCARE - PUBLIC SECTOR,SOUTHAMPTON CITY COUNCIL,24956028,"159,500.00 "
Department of Health,NHS Southampton CCG,11/30/2018,Clinical&Medical-Othe Public Sector,PURCHASE OF HEALTHCARE - PUBLIC SECTOR,SOUTHAMPTON CITY COUNCIL,24956042,"131,625.00 "
Department of Health,NHS Southampton CCG,11/30/2018,Clinical&Medical-Othe Public Sector,PURCHASE OF HEALTHCARE - PUBLIC SECTOR,SOUTHAMPTON CITY COUNCIL,24956043,"131,600.00 "
Department of Health,NHS Southampton CCG,11/30/2018,Clinical&Medical-Othe Public Sector,PURCHASE OF HEALTHCARE - PUBLIC SECTOR,SOUTHAMPTON CITY COUNCIL,24956045,"88,175.00 "
Department of Health,NHS Southampton CCG,11/30/2018,Clinical&Medical-Othe Public Sector,PURCHASE OF HEALTHCARE - PUBLIC SECTOR,SOUTHAMPTON CITY COUNCIL,24956047,"88,200.00 "
Department of Health,NHS Southampton CCG,11/30/2018,Clinical&Medical-Othe Public Sector,PURCHASE OF HEALTHCARE - PUBLIC SECTOR,SOUTHAMPTON CITY COUNCIL,24956086,"32,755.20 "
Department of Health,NHS Southampton CCG,11/30/2018,Clinical&Medical-Othe Public Sector,PURCHASE OF HEALTHCARE - PUBLIC SECTOR,SOUTHAMPTON CITY COUNCIL,24956091,"25,680.33 "
Department of Health,NHS Southampton CCG,11/30/2018,Clinical&Medical-Commercial Sector,PURCHASE OF HEALTHCARE -CCG,NHS EAST BERKSHIRE CCG,24586368,"101,143.00 "
Department of Health,NHS Southampton CCG,11/30/2018,Clinical&Medical-Commercial Sector,PURCHASE OF HEALTHCARE -COMMERCIAL SECTOR,CARE UK CLINICAL SERVICES LTD,24615477,"1,055,688.77 "
Department of Health,NHS Southampton CCG,11/30/2018,Clinical&Medical-Commercial Sector,PURCHASE OF HEALTHCARE -COMMERCIAL SECTOR,CARE UK CLINICAL SERVICES LTD,24916838,"207,851.99 "
Department of Health,NHS Southampton CCG,11/30/2018,Clinical&Medical-Commercial Sector,PURCHASE OF HEALTHCARE -COMMERCIAL SECTOR,CYGNET HEALTHCARE LTD,24879013,"48,263.00 "
Department of Health,NHS Southampton CCG,11/30/2018,Clinical&Medical-Commercial Sector,PURCHASE OF HEALTHCARE -COMMERCIAL SECTOR,INHEALTH LTD,24586371,"164,777.00 "
Department of Health,NHS Southampton CCG,11/30/2018,Clinical&Medical-Commercial Sector,PURCHASE OF HEALTHCARE -COMMERCIAL SECTOR,INHEALTH LTD,24956105,"204,397.00 "
Department of Health,NHS Southampton CCG,11/30/2018,Clinical&Medical-Commercial Sector,PURCHASE OF HEALTHCARE -COMMERCIAL SECTOR,MILLBROOK HEALTHCARE LTD,24752186,"69,787.60 "
Department of Health,NHS Southampton CCG,11/30/2018,Clinical&Medical-Commercial Sector,PURCHASE OF HEALTHCARE -COMMERCIAL SECTOR,PARTNERING HEALTH LTD,24571489,"189,474.00 "
Department of Health,NHS Southampton CCG,11/30/2018,Clinical&Medical-Commercial Sector,PURCHASE OF HEALTHCARE -COMMERCIAL SECTOR,PEACOCKS MEDICAL GROUP LTD,24786993,"36,773.30 "
Department of Health,NHS Southampton CCG,11/30/2018,Clinical&Medical-Commercial Sector,PURCHASE OF HEALTHCARE -COMMERCIAL SECTOR,SOLENT MEDICAL SERVICES LTD,24586379,"40,081.62 "
Department of Health,NHS Southampton CCG,11/30/2018,Clinical&Medical-Commercial Sector,PURCHASE OF HEALTHCARE -COMMERCIAL SECTOR,SOLENT MEDICAL SERVICES LTD,24812673,"37,924.59 "
Department of Health,NHS Southampton CCG,11/30/2018,Clinical&Medical-Commercial Sector,PURCHASE OF HEALTHCARE -COMMERCIAL SECTOR,SOLENT MEDICAL SERVICES LTD,24937390,"99,811.67 "
Department of Health,NHS Southampton CCG,11/30/2018,Clinical&Medical-Commercial Sector,PURCHASE OF HEALTHCARE -COMMERCIAL SECTOR,SOLENT MEDICAL SERVICES LTD,24954961,"53,956.70 "
Department of Health,NHS Southampton CCG,11/30/2018,Clinical&Medical-Commercial Sector,PURCHASE OF HEALTHCARE -COMMERCIAL SECTOR,SOUTHAMPTON PRIMARY CARE LTD,24649976,"34,584.00 "
Department of Health,NHS Southampton CCG,11/30/2018,Clinical&Medical-Commercial Sector,PURCHASE OF HEALTHCARE -COMMERCIAL SECTOR,SOUTHAMPTON PRIMARY CARE LTD,24752283,"132,000.00 "
Department of Health,NHS Southampton CCG,11/30/2018,Clinical&Medical-Commercial Sector,PURCHASE OF HEALTHCARE -COMMERCIAL SECTOR,SPIRE HEALTHCARE LTD,24586408,"102,992.00 "
Department of Health,NHS Southampton CCG,11/30/2018,Clinical&Medical-Commercial Sector,PURCHASE OF HEALTHCARE -COMMERCIAL SECTOR,SPIRE HEALTHCARE LTD,24954972,"(39,075.66)"
Department of Health,NHS Southampton CCG,11/30/2018,Clinical&Medical-Commercial Sector,PURCHASE OF HEALTHCARE -COMMERCIAL SECTOR,SPIRE HEALTHCARE LTD,24954976,"66,782.04 "
Department of Health,NHS Southampton CCG,11/30/2018,Cont Care-Learning Disab(<65),PURCHASE OF HEALTHCARE -VOLUNTARY SECTOR,RNIB,24857352,"37,933.10 "
,,,,,,,
,,,,,,,"29,263,524.45 "
