OVER 25K EXPENDITURE REPORT OCTOBER 2018 ,,,,,,,,,
Department family,Entity,Date,Expense Type,Expense area,Supplier,Transaction number,AP Amount (�),VAT registration number,Purchase invoice number
Department of Health,NHS Halton CCG,10/31/2018,Clinical&Medical-Othe Public Sector,REABLEMENT,HALTON BOROUGH COUNCIL,24099652,"820,367.00 ",,61722272
Department of Health,NHS Halton CCG,10/31/2018,Cont Care- Adult 100% Fully Funded,CHC ADULT FULLY FUNDED,HALTON BOROUGH COUNCIL,24099663,"1,135,916.00 ",,61722281
Department of Health,NHS Halton CCG,10/31/2018,C&M-PMS Contract Value,PRC DELEGATED CO-COMMISSIONING,DR EDWARDS&PARTNERS WIDNES,24188078,"166,646.70 ",,STL000022986
Department of Health,NHS Halton CCG,10/31/2018,C&M-PMS Contract Value,PRC DELEGATED CO-COMMISSIONING,OHARE & CHAPELHOW,24188083,"70,453.56 ",,STL000022988
Department of Health,NHS Halton CCG,10/31/2018,C&M-PMS Contract Value,PRC DELEGATED CO-COMMISSIONING,NUGENT & PARTNERS,24188084,"72,912.14 ",,STL000022989
Department of Health,NHS Halton CCG,10/31/2018,C&M-PMS Contract Value,PRC DELEGATED CO-COMMISSIONING,SCHOFIELD & BRINDLE,24188086,"94,148.43 ",,STL000022990
Department of Health,NHS Halton CCG,10/31/2018,C&M-PMS Contract Value,PRC DELEGATED CO-COMMISSIONING,WILSON DH & PARTNERS,24188087,"122,695.32 ",,STL000022991
Department of Health,NHS Halton CCG,10/31/2018,C&M-PMS Contract Value,PRC DELEGATED CO-COMMISSIONING,WEAVER VALE PRACTICE,24188088,"87,801.52 ",,STL000022992
Department of Health,NHS Halton CCG,10/31/2018,C&M-GMS Contract Value,PRC DELEGATED CO-COMMISSIONING,TOWER HOUSE PRACTICE,24188089,"114,098.09 ",,STL000022993
Department of Health,NHS Halton CCG,10/31/2018,C&M-PMS Contract Value,PRC DELEGATED CO-COMMISSIONING,CASTLEFIELDS HEALTH CENTRE,24188091,"151,531.63 ",,STL000022995
Department of Health,NHS Halton CCG,10/31/2018,C&M-PMS Contract Value,PRC DELEGATED CO-COMMISSIONING,BROOKVALE PRACTICE,24188093,"74,837.45 ",,STL000022997
Department of Health,NHS Halton CCG,10/31/2018,C&M-PMS Contract Value,PRC DELEGATED CO-COMMISSIONING,BEVAN GROUP PRACTICE,24188094,"150,442.56 ",,STL000022998
Department of Health,NHS Halton CCG,10/31/2018,C&M-PMS Contract Value,PRC DELEGATED CO-COMMISSIONING,KOYA & CHALASANI,24188095,"132,710.19 ",,STL000022999
Department of Health,NHS Halton CCG,10/31/2018,Hlthcre-Foundation Trsts,ACUTE COMMISSIONING,BRIDGEWATER COMMUNITY HEALTHCARE NHS FOUNDATION TRUST,24280494,"264,500.75 ",654440583,26308862
Department of Health,NHS Halton CCG,10/31/2018,Hcare Srv Rec Fdtn Trust-Contract Baseline,ACUTE COMMISSIONING,BRIDGEWATER COMMUNITY HEALTHCARE NHS FOUNDATION TRUST,24280495,"264,500.75 ",654440583,26309481
Department of Health,NHS Halton CCG,10/31/2018,Hcare Srv Rec Fdtn Trust-Contract Baseline,ACUTE COMMISSIONING,MANCHESTER UNIVERSITY NHS FOUNDATION TRUST,24280496,"30,104.59 ",654415538,0000412164
Department of Health,NHS Halton CCG,10/31/2018,Hcare Srv Rec Fdtn Trust-CQUIN,MENTAL HEALTH CONTRACTS,NORTH WEST BOROUGHS HEALTHCARE NHS FOUNDATION TRUST,24280501,"28,493.00 ",,16041811
Department of Health,NHS Halton CCG,10/31/2018,Hcare Srv Rec Fdtn Trust-Contract Baseline,MENTAL HEALTH CONTRACTS,NORTH WEST BOROUGHS HEALTHCARE NHS FOUNDATION TRUST,24280501,"1,158,532.00 ",,16041811
Department of Health,NHS Halton CCG,10/31/2018,Hcare Srv Rec Fdtn Trust-CQUIN,CHILD AND ADOLESCENT MENTAL HEALTH,NORTH WEST BOROUGHS HEALTHCARE NHS FOUNDATION TRUST,24280504,"1,241.00 ",,16041813
Department of Health,NHS Halton CCG,10/31/2018,Hcare Srv Rec Fdtn Trust-Contract Baseline,CHILD AND ADOLESCENT MENTAL HEALTH,NORTH WEST BOROUGHS HEALTHCARE NHS FOUNDATION TRUST,24280504,"49,622.00 ",,16041813
Department of Health,NHS Halton CCG,10/31/2018,Hcare Srv Rec Fdtn Trust-CQUIN,IMPROVING ACCESS TO PSYCHOLOGICAL THERAPIES,NORTH WEST BOROUGHS HEALTHCARE NHS FOUNDATION TRUST,24280505,"2,875.00 ",,16041814
Department of Health,NHS Halton CCG,10/31/2018,Hcare Srv Rec Fdtn Trust-Contract Baseline,IMPROVING ACCESS TO PSYCHOLOGICAL THERAPIES,NORTH WEST BOROUGHS HEALTHCARE NHS FOUNDATION TRUST,24280505,"114,993.00 ",,16041814
Department of Health,NHS Halton CCG,10/31/2018,Hcare Srv Rec Fdtn Trust-Contract Baseline,ACUTE COMMISSIONING,CLATTERBRIDGE CANCER CENTRE NHS FT,24280506,"30,090.25 ",654916412,9010009813
Department of Health,NHS Halton CCG,10/31/2018,Hcare Srv Rec Fdtn Trust-Contract Baseline,ACUTE COMMISSIONING,WARRINGTON & HALTON HOSPITALS NHS FOUNDATION TRUST,24280508,"167,018.60 ",654404741,15370208
Department of Health,NHS Halton CCG,10/31/2018,Charges from CSU,BUSINESS INFORMATICS,NHS MIDLANDS AND LANCASHIRE CSU,24280513,"37,598.37 ",GB 654442045,7312311411
Department of Health,NHS Halton CCG,10/31/2018,Tax & NI,BALANCE SHEET,HMRC,24315985,"78,156.37 ",,120PK005622691906
Department of Health,NHS Halton CCG,10/31/2018,Clinical&Medical-Devolved Admin'n,NCAS/OATS,BETSI CADWALADR UNIVERSITY LHB,24316216,"29,641.00 ",654439560,390783
Department of Health,NHS Halton CCG,10/31/2018,Hcare Srv Rec Fdtn Trust-Contract Baseline,ACUTE COMMISSIONING,WARRINGTON & HALTON HOSPITALS NHS FOUNDATION TRUST,24316225,"53,393.91 ",654404741,15369410
Department of Health,NHS Halton CCG,10/31/2018,Hcare Srv Rec NHS CCG-Non Contract,Winter Resilience,NHS KNOWSLEY CCG,24316226,"41,849.00 ",,7012500686
Department of Health,NHS Halton CCG,10/31/2018,Clinical&Medical-Othe Public Sector,COMMUNITY SERVICES,HALTON BOROUGH COUNCIL,24316292,"40,458.39 ",,61719606
Department of Health,NHS Halton CCG,10/31/2018,Clinical&Medical-Independent Sector,CLINICAL ASSESSMENT AND TREATMENT CENTRES,SPIRE HEALTHCARE LTD,24316356,"86,822.00 ",915970991,01FCHEPF181907
Department of Health,NHS Halton CCG,10/31/2018,Hcare Srv Rec Fdtn Trust-Contract Baseline,ACUTE COMMISSIONING,WALTON CENTRE NHS FOUNDATION TRUST,24316475,"53,303.94 ",,N0020276
Department of Health,NHS Halton CCG,10/31/2018,Hcare Srv Rec NHS Trust-Over/ Under Performance,ACUTE COMMISSIONING,ROYAL LIVERPOOL AND BROADGREEN UNIVERSITY HOSPITALS NHS TRUST,24316512,"(57,675.00)",654966000,8352
Department of Health,NHS Halton CCG,10/31/2018,Clinical&Medical-Commercial Sector,OUT OF HOURS,URGENT CARE 24,24373660,"89,819.00 ",,C0000815
Department of Health,NHS Halton CCG,10/31/2018,Clinical&Medical-Serv Recd-NHS Trst,PRIMARY CARE IT,ST HELENS AND KNOWSLEY HOSPITALS NHS TRUST,24373671,"38,089.29 ",654943996,16777031
Department of Health,NHS Halton CCG,10/31/2018,Clinical&Medical-Independent Sector,LOCAL ENHANCED SERVICES,APPLETON VILLAGE SURGERY,24373677,"25,500.00 ",,N81035HES1FINAL
Department of Health,NHS Halton CCG,10/31/2018,Clinical&Medical-Serv Recd-NHS Trst,PRIMARY CARE IT,ST HELENS AND KNOWSLEY HOSPITALS NHS TRUST,24373685,"38,089.29 ",654943996,16777561
Department of Health,NHS Halton CCG,10/31/2018,Clinical&Medical-Commercial Sector,OUT OF HOURS,URGENT CARE 24,24373695,"89,819.00 ",,C0000866
Department of Health,NHS Halton CCG,10/31/2018,Clinical&Medical-Independent Sector,GP FORWARD VIEW,GP HEALTH CONNECT LTD,24373701,"32,321.41 ",,15
Department of Health,NHS Halton CCG,10/31/2018,Clinical&Medical-Commercial Sector,OUT OF HOURS,URGENT CARE 24,24373717,"91,301.00 ",,C0000886
Department of Health,NHS Halton CCG,10/31/2018,Cont Care- Adult 100% Fully Funded,CHC ADULT FULLY FUNDED,HALTON BOROUGH COUNCIL,24373720,"1,135,916.00 ",,61728338
Department of Health,NHS Halton CCG,10/31/2018,Clinical&Medical-Othe Public Sector,REABLEMENT,HALTON BOROUGH COUNCIL,24373722,"820,367.00 ",,61728347
Department of Health,NHS Halton CCG,10/31/2018,C&M-PMS Contract Value,PRC DELEGATED CO-COMMISSIONING,OAKS PLACE SURGERY,24394730,"40,803.11 ",,STL000023075
Department of Health,NHS Halton CCG,10/31/2018,C&M-PMS Contract Value,PRC DELEGATED CO-COMMISSIONING,UPTON ROCKS SURGERY,24394734,"36,310.67 ",,STL000023079
Department of Health,NHS Halton CCG,10/31/2018,Clinical&Medical-Serv Recd-NHS Trst,PRIMARY CARE IT,ST HELENS AND KNOWSLEY HOSPITALS NHS TRUST,24464825,"38,089.29 ",654943996,16775983
Department of Health,NHS Halton CCG,10/31/2018,Clinical&Medical-Serv Recd-NHS Trst,PRIMARY CARE IT,ST HELENS AND KNOWSLEY HOSPITALS NHS TRUST,24464836,"38,089.29 ",654943996,16778378
Department of Health,NHS Halton CCG,10/31/2018,Hlthcre-Foundation Trsts,ACUTE COMMISSIONING,BRIDGEWATER COMMUNITY HEALTHCARE NHS FOUNDATION TRUST,24503860,"41,965.00 ",654440583,26310001
Department of Health,NHS Halton CCG,10/31/2018,Hcare Srv Rec Fdtn Trust-Non Contract,HIGH COST DRUGS,NORTH WEST BOROUGHS HEALTHCARE NHS FOUNDATION TRUST,24503888,"45,829.00 ",,16041847
Department of Health,NHS Halton CCG,10/31/2018,Hcare Srv Rec Fdtn Trust-Contract Baseline,ACUTE COMMISSIONING,LIVERPOOL WOMENS HOSPITAL NHS FOUNDATION TRUST,24503893,"121,524.57 ",654928891,9410020336
Department of Health,NHS Halton CCG,10/31/2018,Seconded-Basic Sal-Staff fm oth org,CEO/ BOARD OFFICE,NHS WARRINGTON CCG,24503895,"43,220.55 ",,7013700899
Department of Health,NHS Halton CCG,10/31/2018,Hcare Srv Rec Fdtn Trust-Contract Baseline,ACUTE COMMISSIONING,BRIDGEWATER COMMUNITY HEALTHCARE NHS FOUNDATION TRUST,24503898,"264,500.75 ",654440583,26310318
Department of Health,NHS Halton CCG,10/31/2018,Hcare Srv Rec Fdtn Trust-Contract Baseline,COMMUNITY SERVICES,BRIDGEWATER COMMUNITY HEALTHCARE NHS FOUNDATION TRUST,24503899,"943,478.41 ",654440583,26310322
Department of Health,NHS Halton CCG,10/31/2018,Hcare Srv Rec Fdtn Trust-Contract Baseline,ACUTE COMMISSIONING,WALTON CENTRE NHS FOUNDATION TRUST,24503926,"53,303.94 ",,N0020295
Department of Health,NHS Halton CCG,10/31/2018,Hcare Srv Rec Fdtn Trust-Contract Baseline,ACUTE COMMISSIONING,AINTREE UNIVERSITY HOSPITALS NHS FOUNDATION TRUST,24503930,"134,669.67 ",654910626,8410041232
Department of Health,NHS Halton CCG,10/31/2018,Hcare Srv Rec Fdtn Trust-Contract Baseline,ACUTE CHILDRENS SERVICES,ALDER HEY CHILDRENS NHS FOUNDATION TRUST,24503932,"88,410.42 ",654938985,9110027914
Department of Health,NHS Halton CCG,10/31/2018,Hcare Srv Rec Fdtn Trust-Contract Baseline,ACUTE COMMISSIONING,WARRINGTON & HALTON HOSPITALS NHS FOUNDATION TRUST,24503943,"3,971,847.00 ",654404741,15370532
Department of Health,NHS Halton CCG,10/31/2018,Hcare Srv Rec NHS Trust-CQUIN,ACUTE COMMISSIONING,ST HELENS AND KNOWSLEY HOSPITALS NHS TRUST,24503944,"86,545.00 ",654943996,16778834
Department of Health,NHS Halton CCG,10/31/2018,Hcare Srv Rec NHS Trust-Contract Baseline,ACUTE COMMISSIONING,ST HELENS AND KNOWSLEY HOSPITALS NHS TRUST,24503944,"2,667,019.00 ",654943996,16778834
Department of Health,NHS Halton CCG,10/31/2018,Hcare Srv Rec NHS Trust-Contract Baseline,ACUTE COMMISSIONING,ROYAL LIVERPOOL AND BROADGREEN UNIVERSITY HOSPITALS NHS TRUST,24503950,"393,470.00 ",654966000,8610088654
Department of Health,NHS Halton CCG,10/31/2018,Clinical&Medical-Independent Sector,CLINICAL ASSESSMENT AND TREATMENT CENTRES,GUY PILKINGTON MEMORIAL HOME LTD,24503953,"42,145.00 ",,102699
Department of Health,NHS Halton CCG,10/31/2018,Hcare Srv Rec Fdtn Trust-Contract Baseline,ACUTE COMMISSIONING,LIVERPOOL HEART AND CHEST HOSPITAL NHS TRUST,24503981,"53,984.00 ",654914712,12774146
Department of Health,NHS Halton CCG,10/31/2018,Clinical&Medical-Independent Sector,MEDICINES MANAGEMENT - CLINICAL,FIRST DATABANK UK LTD,24510000,"53,696.06 ",585 826 589,7959
Department of Health,NHS Halton CCG,10/31/2018,Hcare Srv Rec NHS CCG-Non Contract,Winter Resilience,NHS KNOWSLEY CCG,24510024,"41,849.00 ",,7012500719
Department of Health,NHS Halton CCG,10/31/2018,Hcare Srv Rec Fdtn Trust-Contract Baseline,ACUTE COMMISSIONING,COUNTESS OF CHESTER HOSPITAL NHS FOUNDATION TRUST,24510026,"117,354.00 ",654917507,I0092621
Department of Health,NHS Halton CCG,10/31/2018,Seconded-Basic Sal-Staff fm oth org,CEO/ BOARD OFFICE,NHS WARRINGTON CCG,24522314,"43,220.55 ",,7013700840
,,,,,,,,,
,,,,,,,,,
,,,,,,,,,
,,,,,,,,,
,,,,,,,,,
,,,,,,,,,
,,,,,,,,,
