OVER 25K REPORT JUNE 2018,,,,,,,,,
Department family,Entity,Date,Expense Type,Expense area,Supplier,Transaction number,AP Amount (�),VAT registration number,Purchase invoice number
Department of Health,NHS Halton CCG,6/30/2018,Hcare Srv Rec Fdtn Trust-Contract Baseline,COMMUNITY SERVICES,BRIDGEWATER COMMUNITY HEALTHCARE NHS FOUNDATION TRUST,22464305,"220,824.41 ",,26307975
Department of Health,NHS Halton CCG,6/30/2018,Hcare Srv Rec Fdtn Trust-Contract Baseline,COMMUNITY SERVICES,BRIDGEWATER COMMUNITY HEALTHCARE NHS FOUNDATION TRUST,22464310,"264,500.75 ",,26307976
Department of Health,NHS Halton CCG,6/30/2018,Hcare Srv Rec Fdtn Trust-Contract Baseline,COMMUNITY SERVICES,BRIDGEWATER COMMUNITY HEALTHCARE NHS FOUNDATION TRUST,22464313,"943,478.41 ",,26307986
Department of Health,NHS Halton CCG,6/30/2018,Hcare Srv Rec NHS Trust-Contract Baseline,ACUTE COMMISSIONING,ROYAL LIVERPOOL AND BROADGREEN UNIVERSITY HOSPITALS NHS TRUST,22464337,"425,381.00 ",654966000,8610082446
Department of Health,NHS Halton CCG,6/30/2018,Hcare Srv Rec Fdtn Trust-Contract Baseline,ACUTE COMMISSIONING,WARRINGTON & HALTON HOSPITALS NHS FOUNDATION TRUST,22464340,"3,971,847.00 ",,15368391
Department of Health,NHS Halton CCG,6/30/2018,Hcare Srv Rec Fdtn Trust-Contract Baseline,ACUTE COMMISSIONING,WARRINGTON & HALTON HOSPITALS NHS FOUNDATION TRUST,22464349,"519,635.00 ",,15368392
Department of Health,NHS Halton CCG,6/30/2018,Hcare Srv Rec NHS Trust-Contract Baseline,ACUTE COMMISSIONING,ST HELENS AND KNOWSLEY HOSPITALS NHS TRUST,22464353,"2,667,019.00 ",,16775057
Department of Health,NHS Halton CCG,6/30/2018,Seconded-Basic Sal-Staff fm oth org,INTERPRETING SERVICES,NHS ENGLAND,22497783,"50,836.23 ",654 442 045,7000026557
Department of Health,NHS Halton CCG,6/30/2018,C&M-PMS Contract Value,PRC DELEGATED CO-COMMISSIONING,DR EDWARDS&PARTNERS WIDNES,22511906,"132,750.98 ",,STL000021841
Department of Health,NHS Halton CCG,6/30/2018,C&M-PMS Contract Value,PRC DELEGATED CO-COMMISSIONING,OHARE & CHAPELHOW,22511908,"67,264.27 ",,STL000021843
Department of Health,NHS Halton CCG,6/30/2018,C&M-PMS Contract Value,PRC DELEGATED CO-COMMISSIONING,NUGENT & PARTNERS,22511909,"71,450.36 ",,STL000021844
Department of Health,NHS Halton CCG,6/30/2018,C&M-PMS Contract Value,PRC DELEGATED CO-COMMISSIONING,SCHOFIELD & BRINDLE,22511910,"90,143.67 ",,STL000021845
Department of Health,NHS Halton CCG,6/30/2018,C&M-PMS Contract Value,PRC DELEGATED CO-COMMISSIONING,WILSON DH & PARTNERS,22511911,"154,708.75 ",,STL000021846
Department of Health,NHS Halton CCG,6/30/2018,C&M-PMS Contract Value,PRC DELEGATED CO-COMMISSIONING,WEAVER VALE PRACTICE,22511912,"76,059.97 ",,STL000021847
Department of Health,NHS Halton CCG,6/30/2018,C&M-PMS Contract Value,PRC DELEGATED CO-COMMISSIONING,TOWER HOUSE PRACTICE,22511913,"117,630.00 ",,STL000021848
Department of Health,NHS Halton CCG,6/30/2018,C&M-PMS Contract Value,PRC DELEGATED CO-COMMISSIONING,DR ARAF ARAIN,22511915,"56,870.39 ",,STL000021850
Department of Health,NHS Halton CCG,6/30/2018,C&M-PMS Contract Value,PRC DELEGATED CO-COMMISSIONING,CASTLEFIELDS HEALTH CENTRE,22511916,"115,291.54 ",,STL000021851
Department of Health,NHS Halton CCG,6/30/2018,C&M-PMS Contract Value,PRC DELEGATED CO-COMMISSIONING,BROOKVALE PRACTICE,22511918,"73,439.03 ",,STL000021853
Department of Health,NHS Halton CCG,6/30/2018,C&M-PMS Contract Value,PRC DELEGATED CO-COMMISSIONING,BEVAN GROUP PRACTICE,22511919,"95,547.51 ",,STL000021854
Department of Health,NHS Halton CCG,6/30/2018,Hcare Srv Rec Fdtn Trust-CQUIN,ACUTE COMMISSIONING,CLATTERBRIDGE CANCER CENTRE NHS FT,22518009,983.90 ,654916412,9010009110
Department of Health,NHS Halton CCG,6/30/2018,Hcare Srv Rec Fdtn Trust-Non Contract,ACUTE COMMISSIONING,CLATTERBRIDGE CANCER CENTRE NHS FT,22518009,"39,355.81 ",654916412,9010009110
Department of Health,NHS Halton CCG,6/30/2018,Hcare Srv Rec Fdtn Trust-Contract Baseline,ACUTE COMMISSIONING,LIVERPOOL WOMENS HOSPITAL NHS FOUNDATION TRUST,22528623,"121,524.57 ",654928891,9410018895
Department of Health,NHS Halton CCG,6/30/2018,Hcare Srv Rec Fdtn Trust-Contract Baseline,ACUTE COMMISSIONING,AINTREE UNIVERSITY HOSPITALS NHS FOUNDATION TRUST,22528624,"115,009.00 ",,8410038303
Department of Health,NHS Halton CCG,6/30/2018,Hcare Srv Rec Fdtn Trust-Contract Baseline,ACUTE CHILDRENS SERVICES,ALDER HEY CHILDRENS NHS FOUNDATION TRUST,22528625,"94,427.59 ",,9110026281
Department of Health,NHS Halton CCG,6/30/2018,Hcare Srv Rec Fdtn Trust-Contract Baseline,ACUTE COMMISSIONING,COUNTESS OF CHESTER HOSPITAL NHS FOUNDATION TRUST,22528626,"117,354.00 ",654917507,I0090390
Department of Health,NHS Halton CCG,6/30/2018,Hcare Srv Rec Fdtn Trust-Contract Baseline,ACUTE COMMISSIONING,LIVERPOOL HEART AND CHEST HOSPITAL NHS TRUST,22528627,"53,984.00 ",654914712,12772581
Department of Health,NHS Halton CCG,6/30/2018,Hcare Srv Rec NHS Trust-CQUIN,ACUTE COMMISSIONING,ST HELENS AND KNOWSLEY HOSPITALS NHS TRUST,22528628,"86,545.00 ",,16775060
Department of Health,NHS Halton CCG,6/30/2018,Hcare Srv Rec Fdtn Trust-Contract Baseline,ACUTE COMMISSIONING,CLATTERBRIDGE CANCER CENTRE NHS FT,22528631,"30,090.25 ",654916412,9010009039
Department of Health,NHS Halton CCG,6/30/2018,Hcare Srv Rec Fdtn Trust-Contract Baseline,ACUTE COMMISSIONING,CLATTERBRIDGE CANCER CENTRE NHS FT,22528632,"30,090.25 ",654916412,9010009022
Department of Health,NHS Halton CCG,6/30/2018,Hcare Srv Rec Fdtn Trust-Contract Baseline,ACUTE COMMISSIONING,AINTREE UNIVERSITY HOSPITALS NHS FOUNDATION TRUST,22528633,"58,982.00 ",,8410038416
Department of Health,NHS Halton CCG,6/30/2018,Hcare Srv Rec Fdtn Trust-Contract Baseline,ACUTE COMMISSIONING,WALTON CENTRE NHS FOUNDATION TRUST,22528636,"53,303.94 ",,N0019641
Department of Health,NHS Halton CCG,6/30/2018,Clinical&Medical-Independent Sector,CLINICAL ASSESSMENT AND TREATMENT CENTRES,SPIRE HEALTHCARE LTD,22528648,"74,687.00 ",915970991,01FCHEPF181903
Department of Health,NHS Halton CCG,6/30/2018,Hcare Srv Rec Fdtn Trust-Prior Year,ACUTE COMMISSIONING,WALTON CENTRE NHS FOUNDATION TRUST,22528658,"(73,198.08)",,C0003098
Department of Health,NHS Halton CCG,6/30/2018,C&M-PMS Prem Other,PRC DELEGATED CO-COMMISSIONING,COMMUNITY HEALTH PARTNERSHIPS LTD,22604345,"27,049.06 ",GB782562113,0060064418
Department of Health,NHS Halton CCG,6/30/2018,Non-PFI Oprtng Lease-Bldgs-Lease Rent,RECHARGES NHS PROPERTY SERVICES LTD,COMMUNITY HEALTH PARTNERSHIPS LTD,22604345,"52,643.09 ",GB782562113,0060064418
Department of Health,NHS Halton CCG,6/30/2018,Hcare Srv Rec Fdtn Trust-Prior Year,COMMUNITY SERVICES,BRIDGEWATER COMMUNITY HEALTHCARE NHS FOUNDATION TRUST,22604365,"143,344.05 ",,26308422
Department of Health,NHS Halton CCG,6/30/2018,Hcare Srv Rec NHS Trust,NHS 111,NORTH WEST AMBULANCE SERVICE NHS TRUST,22604373,"26,315.00 ",654435138,4110038565
Department of Health,NHS Halton CCG,6/30/2018,Hcare Srv Rec NHS Trust,AMBULANCE SERVICES,NORTH WEST AMBULANCE SERVICE NHS TRUST,22604377,"96,409.00 ",654435138,4110038688
Department of Health,NHS Halton CCG,6/30/2018,Hcare Srv Rec NHS Trust-Contract Baseline,AMBULANCE SERVICES,NORTH WEST AMBULANCE SERVICE NHS TRUST,22604380,"346,990.00 ",654435138,4110038627
Department of Health,NHS Halton CCG,6/30/2018,Hcare Srv Rec Fdtn Trust-CQUIN,COMMUNITY SERVICES,BRIDGEWATER COMMUNITY HEALTHCARE NHS FOUNDATION TRUST,22604386,"58,060.21 ",,26308506
Department of Health,NHS Halton CCG,6/30/2018,Hcare Srv Rec Fdtn Trust-CQUIN,MENTAL HEALTH CONTRACTS,NORTH WEST BOROUGHS HEALTHCARE NHS FOUNDATION TRUST,22604390,"28,493.00 ",,16041122
Department of Health,NHS Halton CCG,6/30/2018,Hcare Srv Rec Fdtn Trust-Contract Baseline,MENTAL HEALTH CONTRACTS,NORTH WEST BOROUGHS HEALTHCARE NHS FOUNDATION TRUST,22604390,"1,139,704.00 ",,16041122
Department of Health,NHS Halton CCG,6/30/2018,Hcare Srv Rec Fdtn Trust-CQUIN,CHILD AND ADOLESCENT MENTAL HEALTH,NORTH WEST BOROUGHS HEALTHCARE NHS FOUNDATION TRUST,22604392,"1,241.00 ",,16041123
Department of Health,NHS Halton CCG,6/30/2018,Hcare Srv Rec Fdtn Trust-Contract Baseline,CHILD AND ADOLESCENT MENTAL HEALTH,NORTH WEST BOROUGHS HEALTHCARE NHS FOUNDATION TRUST,22604392,"49,622.00 ",,16041123
Department of Health,NHS Halton CCG,6/30/2018,Hcare Srv Rec Fdtn Trust-CQUIN,IMPROVING ACCESS TO PSYCHOLOGICAL THERAPIES,NORTH WEST BOROUGHS HEALTHCARE NHS FOUNDATION TRUST,22604394,"2,875.00 ",,16041124
Department of Health,NHS Halton CCG,6/30/2018,Hcare Srv Rec Fdtn Trust-Contract Baseline,IMPROVING ACCESS TO PSYCHOLOGICAL THERAPIES,NORTH WEST BOROUGHS HEALTHCARE NHS FOUNDATION TRUST,22604394,"114,993.00 ",,16041124
Department of Health,NHS Halton CCG,6/30/2018,Charges from CSU,BUSINESS INFORMATICS,NHS MIDLANDS AND LANCASHIRE CSU,22604408,"37,598.37 ",GB 654442045,7312310462
Department of Health,NHS Halton CCG,6/30/2018,Tax & NI,BALANCE SHEET,HMRC,22619301,"73,777.39 ",,120PK005622691902
Department of Health,NHS Halton CCG,6/30/2018,Hcare Srv Rec Fdtn Trust-CQUIN,COMMUNITY SERVICES,BRIDGEWATER COMMUNITY HEALTHCARE NHS FOUNDATION TRUST,22625815,"54,842.13 ",,26305235
Department of Health,NHS Halton CCG,6/30/2018,Hcare Srv Rec Fdtn Trust-CQUIN,COMMUNITY SERVICES,BRIDGEWATER COMMUNITY HEALTHCARE NHS FOUNDATION TRUST,22625912,"58,060.21 ",,26307486
Department of Health,NHS Halton CCG,6/30/2018,Clinical&Medical-Othe Public Sector,INTERMEDIATE CARE,HALTON BOROUGH COUNCIL,22626002,"230,519.33 ",,61680029
Department of Health,NHS Halton CCG,6/30/2018,Cont Care- Adult 100% Fully Funded,CHC ADULT FULLY FUNDED,HALTON BOROUGH COUNCIL,22626002,"767,953.59 ",,61680029
Department of Health,NHS Halton CCG,6/30/2018,Cont Care-Funded Nursing Care Allow,FUNDED NURSING CARE,HALTON BOROUGH COUNCIL,22626002,"82,194.08 ",,61680029
Department of Health,NHS Halton CCG,6/30/2018,Clinical&Medical-Othe Public Sector,REABLEMENT,HALTON BOROUGH COUNCIL,22626012,"823,700.00 ",,61680010
Department of Health,NHS Halton CCG,6/30/2018,Hcare Srv Rec NHS CCG-Non Contract,Winter Resilience,NHS KNOWSLEY CCG,22638553,"41,376.00 ",,7012500503
Department of Health,NHS Halton CCG,6/30/2018,Hcare Srv Rec NHS CCG-Non Contract,Winter Resilience,NHS KNOWSLEY CCG,22638554,"41,376.00 ",,7012500567
Department of Health,NHS Halton CCG,6/30/2018,Hcare Srv Rec NHS CCG-Non Contract,Winter Resilience,NHS KNOWSLEY CCG,22638555,"41,376.00 ",,7012500588
Department of Health,NHS Halton CCG,6/30/2018,Hcare Srv Rec NHS CCG-Non Contract,Winter Resilience,NHS KNOWSLEY CCG,22638556,"41,376.00 ",,7012500601
Department of Health,NHS Halton CCG,6/30/2018,Hcare Srv Rec NHS CCG-Non Contract,Winter Resilience,NHS KNOWSLEY CCG,22638557,"41,376.00 ",,7012500630
Department of Health,NHS Halton CCG,6/30/2018,Conferences and Seminars,EDUCATION AND TRAINING,KNOWLEDGE BRIEF LTD,22638564,"40,743.60 ",940494418,1805185
Department of Health,NHS Halton CCG,6/30/2018,Clinical&Medical-Othe Public Sector,REABLEMENT,HALTON BOROUGH COUNCIL,22702738,"823,700.00 ",,61686354
Department of Health,NHS Halton CCG,6/30/2018,Hcare Srv Rec Fdtn Trust-Contract Baseline,ACUTE COMMISSIONING,CLATTERBRIDGE CANCER CENTRE NHS FT,22702769,"30,090.25 ",654916412,9010009166
Department of Health,NHS Halton CCG,6/30/2018,C&M-PMS Contract Value,PRC DELEGATED CO-COMMISSIONING,KOYA & CHALASANI,22720142,"46,013.83 ",,STL000021917
Department of Health,NHS Halton CCG,6/30/2018,C&M-PMS Contract Value,PRC DELEGATED CO-COMMISSIONING,OAKS PLACE SURGERY,22720156,"29,092.62 ",,STL000021931
Department of Health,NHS Halton CCG,6/30/2018,C&M-PMS Contract Value,PRC DELEGATED CO-COMMISSIONING,UPTON ROCKS SURGERY,22720162,"35,230.95 ",,STL000021937
Department of Health,NHS Halton CCG,6/30/2018,Clinical&Medical-Othe Public Sector,COLLABORATIVE COMMISSIONING,WIRRAL COUNCIL,22758480,"47,415.48 ",,490307440
Department of Health,NHS Halton CCG,6/30/2018,Clinical&Medical-Othe Public Sector,INTERMEDIATE CARE,HALTON BOROUGH COUNCIL,22758519,"230,519.33 ",,61686345
Department of Health,NHS Halton CCG,6/30/2018,Cont Care- Adult 100% Fully Funded,CHC ADULT FULLY FUNDED,HALTON BOROUGH COUNCIL,22758519,"767,953.59 ",,61686345
Department of Health,NHS Halton CCG,6/30/2018,Cont Care-Funded Nursing Care Allow,FUNDED NURSING CARE,HALTON BOROUGH COUNCIL,22758519,"82,194.08 ",,61686345
Department of Health,NHS Halton CCG,6/30/2018,Clinical&Medical-Independent Sector,GP FORWARD VIEW,GP HEALTH CONNECT LTD,22824963,"32,321.41 ",,11
Department of Health,NHS Halton CCG,6/30/2018,Clinical&Medical-Serv Recd-NHS Trst,PRIMARY CARE IT,ST HELENS AND KNOWSLEY HOSPITALS NHS TRUST,22824976,"29,693.67 ",,16775685
Department of Health,NHS Halton CCG,6/30/2018,Clinical&Medical-Commercial Sector,OUT OF HOURS,URGENT CARE 24,22824980,"89,819.00 ",,C0000791
Department of Health,NHS Halton CCG,6/30/2018,Clinical&Medical-Commercial Sector,GP FORWARD VIEW,WIDNES HIGHFIELD LTD,22824987,"32,558.50 ",,WGPEX12
Department of Health,NHS Halton CCG,6/30/2018,Charges from CSU,BUSINESS INFORMATICS,NHS MIDLANDS AND LANCASHIRE CSU,22840963,"37,598.37 ",GB 654442045,7312310347
Department of Health,NHS Halton CCG,6/30/2018,Hcare Srv Rec Fdtn Trust-Contract Baseline,ACUTE COMMISSIONING,LIVERPOOL WOMENS HOSPITAL NHS FOUNDATION TRUST,22840965,"121,524.57 ",654928891,9410019205
Department of Health,NHS Halton CCG,6/30/2018,Hcare Srv Rec Fdtn Trust-Contract Baseline,COMMUNITY SERVICES,BRIDGEWATER COMMUNITY HEALTHCARE NHS FOUNDATION TRUST,22840966,"220,824.41 ",,26308538
Department of Health,NHS Halton CCG,6/30/2018,Hcare Srv Rec Fdtn Trust-Contract Baseline,COMMUNITY SERVICES,BRIDGEWATER COMMUNITY HEALTHCARE NHS FOUNDATION TRUST,22840968,"264,500.75 ",,26308539
Department of Health,NHS Halton CCG,6/30/2018,Hcare Srv Rec Fdtn Trust-Contract Baseline,ACUTE COMMISSIONING,AINTREE UNIVERSITY HOSPITALS NHS FOUNDATION TRUST,22840971,"134,669.67 ",,8410038944
Department of Health,NHS Halton CCG,6/30/2018,Hcare Srv Rec NHS Trust-Contract Baseline,ACUTE COMMISSIONING,ROYAL LIVERPOOL AND BROADGREEN UNIVERSITY HOSPITALS NHS TRUST,22840974,"392,461.00 ",654966000,8610083682
Department of Health,NHS Halton CCG,6/30/2018,Hcare Srv Rec Fdtn Trust-Contract Baseline,ACUTE COMMISSIONING,WARRINGTON & HALTON HOSPITALS NHS FOUNDATION TRUST,22840975,"3,971,847.00 ",,15368799
Department of Health,NHS Halton CCG,6/30/2018,Hcare Srv Rec NHS Trust-CQUIN,ACUTE COMMISSIONING,ST HELENS AND KNOWSLEY HOSPITALS NHS TRUST,22840977,"86,545.00 ",,16775794
Department of Health,NHS Halton CCG,6/30/2018,Hcare Srv Rec NHS Trust-Contract Baseline,ACUTE COMMISSIONING,ST HELENS AND KNOWSLEY HOSPITALS NHS TRUST,22840977,"5,000,000.00 ",,16775794
Department of Health,NHS Halton CCG,6/30/2018,Hcare Srv Rec Fdtn Trust-Contract Baseline,COMMUNITY SERVICES,BRIDGEWATER COMMUNITY HEALTHCARE NHS FOUNDATION TRUST,22840978,"943,478.41 ",,26308550
Department of Health,NHS Halton CCG,6/30/2018,Hcare Srv Rec Fdtn Trust-Contract Baseline,ACUTE CHILDRENS SERVICES,ALDER HEY CHILDRENS NHS FOUNDATION TRUST,22840980,"88,410.42 ",,9110026554
Department of Health,NHS Halton CCG,6/30/2018,Hcare Srv Rec Fdtn Trust-Contract Baseline,ACUTE COMMISSIONING,LIVERPOOL HEART AND CHEST HOSPITAL NHS TRUST,22840984,"53,984.00 ",654914712,12772888
Department of Health,NHS Halton CCG,6/30/2018,Hcare Srv Rec Fdtn Trust-Contract Baseline,ACUTE COMMISSIONING,COUNTESS OF CHESTER HOSPITAL NHS FOUNDATION TRUST,22840986,"117,354.00 ",654917507,I0090828
Department of Health,NHS Halton CCG,6/30/2018,Hcare Srv Rec Fdtn Trust-Contract Baseline,ACUTE COMMISSIONING,WALTON CENTRE NHS FOUNDATION TRUST,22840988,"53,303.94 ",,N0019813
Department of Health,NHS Halton CCG,6/30/2018,Hcare Srv Rec Fdtn Trust-Prior Year,ACUTE COMMISSIONING,WRIGHTINGTON WIGAN & LEIGH NHS FOUNDATION TRUST,22851578,"38,923.00 ",GB654951509,55578417
,,,,,,,,,
,,,,,,,,,
,,,,,,,,,
,,,,,,,,,
,,,,,,,,,
,,,,,,,,,
,,,,,,,,,
,,,,,,,,,
,,,,,,,,,
