OVER 25K REPORT APRIL 2018,,,,,,,,,
Department family,Entity,Date,Expense Type,Expense area,Supplier,Transaction number,AP Amount (�),VAT registration number,Purchase invoice number
Department of Health,NHS Halton CCG,4/30/2018,Clinical&Medical-Independent Sector,GP FORWARD VIEW,GP HEALTH CONNECT LTD,21622838,"32,333.00 ",,9
Department of Health,NHS Halton CCG,4/30/2018,C&M-PMS Contract Value,PRC DELEGATED CO-COMMISSIONING,DR EDWARDS&PARTNERS WIDNES,21631965,"114,403.99 ",,STL000021263
Department of Health,NHS Halton CCG,4/30/2018,C&M-PMS Contract Value,PRC DELEGATED CO-COMMISSIONING,OHARE & CHAPELHOW,21631967,"68,006.26 ",,STL000021265
Department of Health,NHS Halton CCG,4/30/2018,C&M-PMS Contract Value,PRC DELEGATED CO-COMMISSIONING,NUGENT & PARTNERS,21631968,"60,173.34 ",,STL000021266
Department of Health,NHS Halton CCG,4/30/2018,C&M-PMS Contract Value,PRC DELEGATED CO-COMMISSIONING,SCHOFIELD & BRINDLE,21631969,"80,142.31 ",,STL000021267
Department of Health,NHS Halton CCG,4/30/2018,C&M-PMS Contract Value,PRC DELEGATED CO-COMMISSIONING,WILSON DH & PARTNERS,21631970,"85,352.35 ",,STL000021268
Department of Health,NHS Halton CCG,4/30/2018,C&M-PMS Contract Value,PRC DELEGATED CO-COMMISSIONING,WEAVER VALE PRACTICE,21631971,"76,320.38 ",,STL000021269
Department of Health,NHS Halton CCG,4/30/2018,C&M-GMS Contract Value,PRC DELEGATED CO-COMMISSIONING,TOWER HOUSE PRACTICE,21631972,"107,831.85 ",,STL000021270
Department of Health,NHS Halton CCG,4/30/2018,C&M-PMS Contract Value,PRC DELEGATED CO-COMMISSIONING,DR ARAF ARAIN,21631974,"56,870.33 ",,STL000021272
Department of Health,NHS Halton CCG,4/30/2018,C&M-PMS Contract Value,PRC DELEGATED CO-COMMISSIONING,CASTLEFIELDS HEALTH CENTRE,21631975,"123,346.18 ",,STL000021273
Department of Health,NHS Halton CCG,4/30/2018,C&M-PMS Contract Value,PRC DELEGATED CO-COMMISSIONING,BROOKVALE PRACTICE,21631977,"65,582.16 ",,STL000021275
Department of Health,NHS Halton CCG,4/30/2018,C&M-PMS Contract Value,PRC DELEGATED CO-COMMISSIONING,BEVAN GROUP PRACTICE,21631978,"107,656.23 ",,STL000021276
Department of Health,NHS Halton CCG,4/30/2018,Hcare Srv Rec Fdtn Trust-CQUIN,CHILD AND ADOLESCENT MENTAL HEALTH,NORTH WEST BOROUGHS HEALTHCARE NHS FOUNDATION TRUST,21667945,"1,241.00 ",,16040748
Department of Health,NHS Halton CCG,4/30/2018,Hcare Srv Rec Fdtn Trust-Contract Baseline,CHILD AND ADOLESCENT MENTAL HEALTH,NORTH WEST BOROUGHS HEALTHCARE NHS FOUNDATION TRUST,21667945,"49,622.00 ",,16040748
Department of Health,NHS Halton CCG,4/30/2018,Non-PFI Oprtng Lease-Bldgs-Lease Rent,ESTATES AND FACILITIES,NHS PROPERTY SERVICES LTD,21689663,"45,532.00 ",156725100,00000001H1739
Department of Health,NHS Halton CCG,4/30/2018,Hcare Srv Rec NHS Trust-Prior Year,ACUTE COMMISSIONING,ST HELENS AND KNOWSLEY HOSPITALS NHS TRUST,21703602,"68,905.00 ",,16774240
Department of Health,NHS Halton CCG,4/30/2018,Income tax & NI,BALANCE SHEET,HMRC,21705786,"74,396.25 ",,120PK005622691812
Department of Health,NHS Halton CCG,4/30/2018,Hcare Srv Rec Fdtn Trust-CQUIN,MENTAL HEALTH CONTRACTS,NORTH WEST BOROUGHS HEALTHCARE NHS FOUNDATION TRUST,21743820,"28,493.00 ",,16040746
Department of Health,NHS Halton CCG,4/30/2018,Hcare Srv Rec Fdtn Trust-Contract Baseline,MENTAL HEALTH CONTRACTS,NORTH WEST BOROUGHS HEALTHCARE NHS FOUNDATION TRUST,21743820,"1,139,704.00 ",,16040746
Department of Health,NHS Halton CCG,4/30/2018,Hcare Srv Rec Fdtn Trust-CQUIN,IMPROVING ACCESS TO PSYCHOLOGICAL THERAPIES,NORTH WEST BOROUGHS HEALTHCARE NHS FOUNDATION TRUST,21743831,"114,993.00 ",,16040749
Department of Health,NHS Halton CCG,4/30/2018,Hcare Srv Rec Fdtn Trust-Contract Baseline,IMPROVING ACCESS TO PSYCHOLOGICAL THERAPIES,NORTH WEST BOROUGHS HEALTHCARE NHS FOUNDATION TRUST,21743831,"2,875.00 ",,16040749
Department of Health,NHS Halton CCG,4/30/2018,Non-PFI Oprtng Lease-Bldgs-Lease Rent,RECHARGES NHS PROPERTY SERVICES LTD,NORTH WEST BOROUGHS HEALTHCARE NHS FOUNDATION TRUST,21743895,"25,648.00 ",,16040799
Department of Health,NHS Halton CCG,4/30/2018,Hcare Srv Rec NHS Trust,AMBULANCE SERVICES,NORTH WEST AMBULANCE SERVICE NHS TRUST,21766600,"96,409.00 ",654435138,4110037810
Department of Health,NHS Halton CCG,4/30/2018,Hcare Srv Rec NHS Trust,NHS 111,NORTH WEST AMBULANCE SERVICE NHS TRUST,21766601,"31,118.00 ",654435138,4110037781
Department of Health,NHS Halton CCG,4/30/2018,Hcare Srv Rec Fdtn Trust-Contract Baseline,ACUTE COMMISSIONING,LIVERPOOL WOMENS HOSPITAL NHS FOUNDATION TRUST,21766603,"121,524.57 ",654928891,9410018573
Department of Health,NHS Halton CCG,4/30/2018,Hcare Srv Rec NHS Trust-Contract Baseline,AMBULANCE SERVICES,NORTH WEST AMBULANCE SERVICE NHS TRUST,21766605,"345,499.00 ",654435138,4110037900
Department of Health,NHS Halton CCG,4/30/2018,C&M-PMS Prem Other,PRC DELEGATED CO-COMMISSIONING,COMMUNITY HEALTH PARTNERSHIPS LTD,21778554,"26,907.06 ",GB782562113,0060044406
Department of Health,NHS Halton CCG,4/30/2018,Non-PFI Oprtng Lease-Bldgs-Lease Rent,RECHARGES NHS PROPERTY SERVICES LTD,COMMUNITY HEALTH PARTNERSHIPS LTD,21778554,"20,621.77 ",GB782562113,0060044406
Department of Health,NHS Halton CCG,4/30/2018,C&M-PMS Prem Other,PRC DELEGATED CO-COMMISSIONING,COMMUNITY HEALTH PARTNERSHIPS LTD,21778562,"26,907.06 ",GB782562113,0060045587
Department of Health,NHS Halton CCG,4/30/2018,Non-PFI Oprtng Lease-Bldgs-Lease Rent,RECHARGES NHS PROPERTY SERVICES LTD,COMMUNITY HEALTH PARTNERSHIPS LTD,21778562,"20,621.77 ",GB782562113,0060045587
Department of Health,NHS Halton CCG,4/30/2018,C&M-PMS Prem Other,PRC DELEGATED CO-COMMISSIONING,COMMUNITY HEALTH PARTNERSHIPS LTD,21778565,"26,907.06 ",GB782562113,0060049477
Department of Health,NHS Halton CCG,4/30/2018,Non-PFI Oprtng Lease-Bldgs-Lease Rent,RECHARGES NHS PROPERTY SERVICES LTD,COMMUNITY HEALTH PARTNERSHIPS LTD,21778565,"20,621.77 ",GB782562113,0060049477
Department of Health,NHS Halton CCG,4/30/2018,C&M-PMS Prem Other,PRC DELEGATED CO-COMMISSIONING,COMMUNITY HEALTH PARTNERSHIPS LTD,21778569,"26,907.06 ",GB782562113,0060052808
Department of Health,NHS Halton CCG,4/30/2018,Non-PFI Oprtng Lease-Bldgs-Lease Rent,RECHARGES NHS PROPERTY SERVICES LTD,COMMUNITY HEALTH PARTNERSHIPS LTD,21778569,"20,621.77 ",GB782562113,0060052808
Department of Health,NHS Halton CCG,4/30/2018,C&M-PMS Prem Other,PRC DELEGATED CO-COMMISSIONING,COMMUNITY HEALTH PARTNERSHIPS LTD,21778573,"26,907.06 ",GB782562113,0060054827
Department of Health,NHS Halton CCG,4/30/2018,Non-PFI Oprtng Lease-Bldgs-Lease Rent,RECHARGES NHS PROPERTY SERVICES LTD,COMMUNITY HEALTH PARTNERSHIPS LTD,21778573,"20,621.77 ",GB782562113,0060054827
Department of Health,NHS Halton CCG,4/30/2018,C&M-PMS Prem Other,PRC DELEGATED CO-COMMISSIONING,COMMUNITY HEALTH PARTNERSHIPS LTD,21778575,"26,907.06 ",GB782562113,0060058273
Department of Health,NHS Halton CCG,4/30/2018,Non-PFI Oprtng Lease-Bldgs-Lease Rent,RECHARGES NHS PROPERTY SERVICES LTD,COMMUNITY HEALTH PARTNERSHIPS LTD,21778575,"20,621.77 ",GB782562113,0060058273
Department of Health,NHS Halton CCG,4/30/2018,Hcare Srv Rec Fdtn Trust-Over/ Under Performance,ACUTE COMMISSIONING,AINTREE UNIVERSITY HOSPITALS NHS FOUNDATION TRUST,21778581,"49,577.00 ",,8410037325
Department of Health,NHS Halton CCG,4/30/2018,Clinical&Medical-Commercial Sector,OUT OF HOURS,URGENT CARE 24,21778598,"89,819.00 ",,C0000742
Department of Health,NHS Halton CCG,4/30/2018,C&M-PMS Contract Value,PRC DELEGATED CO-COMMISSIONING,KOYA & CHALASANI,21837880,"44,636.13 ",,STL000021338
Department of Health,NHS Halton CCG,4/30/2018,C&M-PMS Contract Value,PRC DELEGATED CO-COMMISSIONING,OAKS PLACE SURGERY,21837893,"27,972.65 ",,STL000021352
Department of Health,NHS Halton CCG,4/30/2018,C&M-PMS Contract Value,PRC DELEGATED CO-COMMISSIONING,UPTON ROCKS SURGERY,21837898,"6,868.01 ",,STL000021357
Department of Health,NHS Halton CCG,4/30/2018,Hcare Srv Rec NHS Trust-Over/ Under Performance,ACUTE COMMISSIONING,ST HELENS AND KNOWSLEY HOSPITALS NHS TRUST,21898725,"619,514.00 ",,16773932
Department of Health,NHS Halton CCG,4/30/2018,Hcare Srv Rec Fdtn Trust-Over/ Under Performance,ACUTE COMMISSIONING,SALFORD ROYAL HOSPITALS NHS FOUNDATION TRUST,21898740,"44,270.00 ",,S0014653
Department of Health,NHS Halton CCG,4/30/2018,Hcare Srv Rec Fdtn Trust-Contract Baseline,ACUTE COMMISSIONING,WARRINGTON & HALTON HOSPITALS NHS FOUNDATION TRUST,21898804,"162,153.99 ",,15368081
Department of Health,NHS Halton CCG,4/30/2018,Hcare Srv Rec Fdtn Trust-Contract Baseline,ACUTE COMMISSIONING,WARRINGTON & HALTON HOSPITALS NHS FOUNDATION TRUST,21898807,"53,443.75 ",,15368082
Department of Health,NHS Halton CCG,4/30/2018,Clinical&Medical-Independent Sector,CLINICAL ASSESSMENT AND TREATMENT CENTRES,SPIRE HEALTHCARE LTD,21965957,"36,009.41 ",915970991,01FCHEREC171808
Department of Health,NHS Halton CCG,4/30/2018,Clinical&Medical-Independent Sector,CLINICAL ASSESSMENT AND TREATMENT CENTRES,SPIRE HEALTHCARE LTD,21965959,"33,491.64 ",915970991,01FCHEREC171809
Department of Health,NHS Halton CCG,4/30/2018,Clinical&Medical-Independent Sector,CLINICAL ASSESSMENT AND TREATMENT CENTRES,SPIRE HEALTHCARE LTD,21965963,"74,687.00 ",915970991,01FCHEPF181901
Department of Health,NHS Halton CCG,4/30/2018,Hcare Srv Rec Fdtn Trust-CQUIN,ACUTE COMMISSIONING,CLATTERBRIDGE CANCER CENTRE NHS FT,21973999,"1,238.61 ",654916412,9010008341
Department of Health,NHS Halton CCG,4/30/2018,Hcare Srv Rec Fdtn Trust-Non Contract,ACUTE COMMISSIONING,CLATTERBRIDGE CANCER CENTRE NHS FT,21973999,"49,544.27 ",654916412,9010008341
,,,,,,,,,
,,,,,,,,,
,,,,,,,,,
,,,,,,,,,
,,,,,,,,,
,,,,,,,,,
,,,,,,,,,
