EXPENDITURE OVER 25K AUGUST 2018,,,,,,,,,
Department family,Entity,Date,Expense Type,Expense area,Supplier,Transaction number,AP Amount (�),VAT registration number,Purchase invoice number
Department of Health,NHS Halton CCG,8/31/2018,Healthcare Srv Rec CCG,CONTRACT MANAGEMENT,NHS SOUTH SEFTON CCG,23323215,"32,555.16 ",654455522,7013000638
Department of Health,NHS Halton CCG,8/31/2018,Grants To NPISH,HOSPICES,WILLOWBROOK HOSPICE,23323246,"26,613.00 ",,2254
Department of Health,NHS Halton CCG,8/31/2018,Grants To NPISH,HOSPICES,WILLOWBROOK HOSPICE,23323247,"28,419.00 ",,2253
Department of Health,NHS Halton CCG,8/31/2018,Healthcare Srv Rec CCG,CONTRACT MANAGEMENT,NHS SOUTH SEFTON CCG,23323256,"(28,583.83)",654455522,7013000683
Department of Health,NHS Halton CCG,8/31/2018,C&M-PMS Contract Value,PRC DELEGATED CO-COMMISSIONING,DR EDWARDS&PARTNERS WIDNES,23339108,"156,337.85 ",,STL000022412
Department of Health,NHS Halton CCG,8/31/2018,C&M-PMS Contract Value,PRC DELEGATED CO-COMMISSIONING,OHARE & CHAPELHOW,23339110,"63,860.02 ",,STL000022414
Department of Health,NHS Halton CCG,8/31/2018,C&M-PMS Contract Value,PRC DELEGATED CO-COMMISSIONING,NUGENT & PARTNERS,23339111,"78,921.11 ",,STL000022415
Department of Health,NHS Halton CCG,8/31/2018,C&M-PMS Contract Value,PRC DELEGATED CO-COMMISSIONING,SCHOFIELD & BRINDLE,23339112,"103,063.12 ",,STL000022416
Department of Health,NHS Halton CCG,8/31/2018,C&M-PMS Contract Value,PRC DELEGATED CO-COMMISSIONING,WILSON DH & PARTNERS,23339113,"142,100.86 ",,STL000022417
Department of Health,NHS Halton CCG,8/31/2018,C&M-PMS Contract Value,PRC DELEGATED CO-COMMISSIONING,WEAVER VALE PRACTICE,23339114,"142,225.10 ",,STL000022418
Department of Health,NHS Halton CCG,8/31/2018,C&M-GMS Contract Value,PRC DELEGATED CO-COMMISSIONING,TOWER HOUSE PRACTICE,23339115,"111,316.71 ",,STL000022419
Department of Health,NHS Halton CCG,8/31/2018,C&M-PMS Contract Value,PRC DELEGATED CO-COMMISSIONING,DR ARAF ARAIN,23339117,"75,101.66 ",,STL000022421
Department of Health,NHS Halton CCG,8/31/2018,C&M-PMS Contract Value,PRC DELEGATED CO-COMMISSIONING,CASTLEFIELDS HEALTH CENTRE,23339118,"135,560.86 ",,STL000022422
Department of Health,NHS Halton CCG,8/31/2018,C&M-PMS Contract Value,PRC DELEGATED CO-COMMISSIONING,BROOKVALE PRACTICE,23339120,"123,397.80 ",,STL000022424
Department of Health,NHS Halton CCG,8/31/2018,C&M-PMS Contract Value,PRC DELEGATED CO-COMMISSIONING,BEVAN GROUP PRACTICE,23339121,"161,320.22 ",,STL000022425
Department of Health,NHS Halton CCG,8/31/2018,Clinical&Medical-Othe Public Sector,CHILD AND ADOLESCENT MENTAL HEALTH,HALTON BOROUGH COUNCIL,23369086,"40,458.39 ",,61701423
Department of Health,NHS Halton CCG,8/31/2018,Healthcare Srv Rec CCG,CONTRACT MANAGEMENT,NHS SOUTH SEFTON CCG,23369191,"36,344.03 ",654455522,7013000724
Department of Health,NHS Halton CCG,8/31/2018,Clinical&Medical-Independent Sector,CLINICAL ASSESSMENT AND TREATMENT CENTRES,GUY PILKINGTON MEMORIAL HOME LTD,23369232,"31,355.00 ",,102634
Department of Health,NHS Halton CCG,8/31/2018,Clinical&Medical-Independent Sector,MENTAL HEALTH SERVICES - OTHER,ASC HEALTHCARE LTD,23504203,"38,691.30 ",,10566
Department of Health,NHS Halton CCG,8/31/2018,Hcare Srv Rec Fdtn Trust-Contract Baseline,ACUTE COMMISSIONING,AINTREE UNIVERSITY HOSPITALS NHS FOUNDATION TRUST,23504267,"134,669.67 ",,8410039543
Department of Health,NHS Halton CCG,8/31/2018,Clinical&Medical-Othe Public Sector,INTERMEDIATE CARE,HALTON BOROUGH COUNCIL,23504292,"230,519.33 ",,61701399
Department of Health,NHS Halton CCG,8/31/2018,Cont Care- Adult 100% Fully Funded,CHC ADULT FULLY FUNDED,HALTON BOROUGH COUNCIL,23504292,"767,953.59 ",,61701399
Department of Health,NHS Halton CCG,8/31/2018,Cont Care-Funded Nursing Care Allow,FUNDED NURSING CARE,HALTON BOROUGH COUNCIL,23504292,"82,194.08 ",,61701399
Department of Health,NHS Halton CCG,8/31/2018,Clinical&Medical-Othe Public Sector,REABLEMENT,HALTON BOROUGH COUNCIL,23504298,"823,700.00 ",,61701380
Department of Health,NHS Halton CCG,8/31/2018,Charges from CSU,BUSINESS INFORMATICS,NHS MIDLANDS AND LANCASHIRE CSU,23504346,"60,398.83 ",GB 654442045,7312310864
Department of Health,NHS Halton CCG,8/31/2018,Hcare Srv Rec Fdtn Trust-Prior Year,ACUTE COMMISSIONING,WIRRAL UNIVERSITY TEACHING HOSPITAL NHS FOUNDATION TRUST,23504391,"(39,924.00)",,8570023107
Department of Health,NHS Halton CCG,8/31/2018,Hcare Srv Rec Fdtn Trust-Contract Baseline,ACUTE COMMISSIONING,MANCHESTER UNIVERSITY NHS FOUNDATION TRUST,23504408,"30,104.58 ",654415538,0000406232
Department of Health,NHS Halton CCG,8/31/2018,Hcare Srv Rec NHS Trust,AMBULANCE SERVICES,NORTH WEST AMBULANCE SERVICE NHS TRUST,23504517,"96,409.00 ",654435138,4110039654
Department of Health,NHS Halton CCG,8/31/2018,Hcare Srv Rec NHS Trust-Contract Baseline,AMBULANCE SERVICES,NORTH WEST AMBULANCE SERVICE NHS TRUST,23504522,"346,990.00 ",654435138,4110039593
Department of Health,NHS Halton CCG,8/31/2018,Hcare Srv Rec NHS Trust-CQUIN,AMBULANCE SERVICES,NORTH WEST AMBULANCE SERVICE NHS TRUST,23504537,"49,684.00 ",654435138,4110039717
Department of Health,NHS Halton CCG,8/31/2018,Hcare Srv Rec Fdtn Trust-CQUIN,MENTAL HEALTH CONTRACTS,NORTH WEST BOROUGHS HEALTHCARE NHS FOUNDATION TRUST,23504557,"28,493.00 ",,16041429
Department of Health,NHS Halton CCG,8/31/2018,Hcare Srv Rec Fdtn Trust-Contract Baseline,MENTAL HEALTH CONTRACTS,NORTH WEST BOROUGHS HEALTHCARE NHS FOUNDATION TRUST,23504557,"1,139,704.00 ",,16041429
Department of Health,NHS Halton CCG,8/31/2018,Hcare Srv Rec Fdtn Trust-CQUIN,CHILD AND ADOLESCENT MENTAL HEALTH,NORTH WEST BOROUGHS HEALTHCARE NHS FOUNDATION TRUST,23504560,"1,241.00 ",,16041431
Department of Health,NHS Halton CCG,8/31/2018,Hcare Srv Rec Fdtn Trust-Contract Baseline,CHILD AND ADOLESCENT MENTAL HEALTH,NORTH WEST BOROUGHS HEALTHCARE NHS FOUNDATION TRUST,23504560,"49,622.00 ",,16041431
Department of Health,NHS Halton CCG,8/31/2018,Hcare Srv Rec Fdtn Trust-CQUIN,IMPROVING ACCESS TO PSYCHOLOGICAL THERAPIES,NORTH WEST BOROUGHS HEALTHCARE NHS FOUNDATION TRUST,23504563,"2,875.00 ",,16041432
Department of Health,NHS Halton CCG,8/31/2018,Hcare Srv Rec Fdtn Trust-Contract Baseline,IMPROVING ACCESS TO PSYCHOLOGICAL THERAPIES,NORTH WEST BOROUGHS HEALTHCARE NHS FOUNDATION TRUST,23504563,"114,993.00 ",,16041432
Department of Health,NHS Halton CCG,8/31/2018,Hcare Srv Rec Fdtn Trust-Contract Baseline,ACUTE COMMISSIONING,CLATTERBRIDGE CANCER CENTRE NHS FT,23504567,"30,090.25 ",654916412,9010009436
Department of Health,NHS Halton CCG,8/31/2018,Charges from CSU,BUSINESS INFORMATICS,NHS MIDLANDS AND LANCASHIRE CSU,23504595,"37,598.37 ",GB 654442045,7312310958
Department of Health,NHS Halton CCG,8/31/2018,Clinical&Medical-Commercial Sector,OUT OF HOURS,URGENT CARE 24,23504600,"89,819.00 ",,C0000841
Department of Health,NHS Halton CCG,8/31/2018,Hcare Srv Rec Fdtn Trust-Contract Baseline,ACUTE COMMISSIONING,WALTON CENTRE NHS FOUNDATION TRUST,23504638,"53,303.94 ",,N0020009
Department of Health,NHS Halton CCG,8/31/2018,Clinical&Medical-Independent Sector,MENTAL HEALTH SERVICES - OTHER,ASC HEALTHCARE LTD,23504653,"33,843.14 ",,10614
Department of Health,NHS Halton CCG,8/31/2018,Tax & Ni,BALANCE SHEET,HMRC,23517068,"73,802.90 ",,120PK005622691904
Department of Health,NHS Halton CCG,8/31/2018,C&M-PMS Contract Value,PRC DELEGATED CO-COMMISSIONING,KOYA & CHALASANI,23553072,"58,898.61 ",,STL000022487
Department of Health,NHS Halton CCG,8/31/2018,C&M-PMS Contract Value,PRC DELEGATED CO-COMMISSIONING,OAKS PLACE SURGERY,23553086,"44,404.62 ",,STL000022501
Department of Health,NHS Halton CCG,8/31/2018,C&M-PMS Contract Value,PRC DELEGATED CO-COMMISSIONING,UPTON ROCKS SURGERY,23553091,"38,184.45 ",,STL000022507
Department of Health,NHS Halton CCG,8/31/2018,Clinical&Medical-Independent Sector,COLLABORATIVE COMMISSIONING,ROYAL COLLEGE OF PAEDIATRICS & CHILD HEALTH,23661254,"43,818.60 ",681146633,10001263
Department of Health,NHS Halton CCG,8/31/2018,Hcare Srv Rec Fdtn Trust-Contract Baseline,COMMUNITY SERVICES,BRIDGEWATER COMMUNITY HEALTHCARE NHS FOUNDATION TRUST,23681860,"943,478.41 ",,26309458
Department of Health,NHS Halton CCG,8/31/2018,Hcare Srv Rec Fdtn Trust-Contract Baseline,ACUTE COMMISSIONING,LIVERPOOL WOMENS HOSPITAL NHS FOUNDATION TRUST,23681865,"121,524.57 ",654928891,9410019818B
Department of Health,NHS Halton CCG,8/31/2018,Hcare Srv Rec Fdtn Trust-Contract Baseline,COMMUNITY SERVICES,BRIDGEWATER COMMUNITY HEALTHCARE NHS FOUNDATION TRUST,23681874,"220,824.41 ",,26309480
Department of Health,NHS Halton CCG,8/31/2018,Hcare Srv Rec Fdtn Trust-Contract Baseline,ACUTE COMMISSIONING,WALTON CENTRE NHS FOUNDATION TRUST,23681879,"53,303.94 ",,N0020070
Department of Health,NHS Halton CCG,8/31/2018,Hcare Srv Rec Fdtn Trust-Contract Baseline,ACUTE COMMISSIONING,WARRINGTON & HALTON HOSPITALS NHS FOUNDATION TRUST,23681885,"3,971,847.00 ",,15369666
Department of Health,NHS Halton CCG,8/31/2018,Clinical&Medical-Othe Public Sector,CHILD AND ADOLESCENT MENTAL HEALTH,HALTON BOROUGH COUNCIL,23681895,"40,458.39 ",,61710683
Department of Health,NHS Halton CCG,8/31/2018,Hcare Srv Rec NHS Trust-CQUIN,ACUTE COMMISSIONING,ST HELENS AND KNOWSLEY HOSPITALS NHS TRUST,23681902,"86,545.00 ",,16777426
Department of Health,NHS Halton CCG,8/31/2018,Hcare Srv Rec NHS Trust-Contract Baseline,ACUTE COMMISSIONING,ST HELENS AND KNOWSLEY HOSPITALS NHS TRUST,23681902,"2,667,019.00 ",,16777426
Department of Health,NHS Halton CCG,8/31/2018,Hcare Srv Rec Fdtn Trust-Contract Baseline,ACUTE COMMISSIONING,AINTREE UNIVERSITY HOSPITALS NHS FOUNDATION TRUST,23681909,"134,669.67 ",,8410040026
Department of Health,NHS Halton CCG,8/31/2018,Hcare Srv Rec Fdtn Trust-Contract Baseline,ACUTE COMMISSIONING,LIVERPOOL HEART AND CHEST HOSPITAL NHS TRUST,23681916,"53,984.00 ",654914712,12773624
Department of Health,NHS Halton CCG,8/31/2018,Hcare Srv Rec Fdtn Trust-Contract Baseline,ACUTE COMMISSIONING,COUNTESS OF CHESTER HOSPITAL NHS FOUNDATION TRUST,23681920,"117,354.00 ",654917507,I0091754
,,,,,,,,,
,,,,,,,,,
,,,,,,,,,
,,,,,,,,,
,,,,,,,,,
,,,,,,,,,
