OVER 25K REPORT JULY 2018,,,,,,,,,
Department family,Entity,Date,Expense Type,Expense area,Supplier,Transaction number,AP Amount (�),VAT registration number,Purchase invoice number
Department of Health,NHS Halton CCG,7/31/2018,Clinical&Medical-Devolved Admin'n,NCAS/OATS,BETSI CADWALADR UNIVERSITY LHB,22878138,"30,452.00 ",654439560,386492
Department of Health,NHS Halton CCG,7/31/2018,Hcare Srv Rec NHS Trust-Non Contract,NCAS/OATS,UNIVERSITY HOSPITALS OF NORTH MIDLANDS NHS TRUST,22878163,"29,389.34 ",654932808,I0004329
Department of Health,NHS Halton CCG,7/31/2018,C&M-PMS Contract Value,PRC DELEGATED CO-COMMISSIONING,DR EDWARDS&PARTNERS WIDNES,22925013,"149,553.98 ",,STL000022131
Department of Health,NHS Halton CCG,7/31/2018,C&M-PMS Contract Value,PRC DELEGATED CO-COMMISSIONING,OHARE & CHAPELHOW,22925015,"65,534.70 ",,STL000022133
Department of Health,NHS Halton CCG,7/31/2018,C&M-PMS Contract Value,PRC DELEGATED CO-COMMISSIONING,NUGENT & PARTNERS,22925016,"80,259.58 ",,STL000022134
Department of Health,NHS Halton CCG,7/31/2018,C&M-PMS Contract Value,PRC DELEGATED CO-COMMISSIONING,SCHOFIELD & BRINDLE,22925017,"87,811.89 ",,STL000022135
Department of Health,NHS Halton CCG,7/31/2018,C&M-PMS Contract Value,PRC DELEGATED CO-COMMISSIONING,WILSON DH & PARTNERS,22925018,"109,805.40 ",,STL000022136
Department of Health,NHS Halton CCG,7/31/2018,C&M-PMS Contract Value,PRC DELEGATED CO-COMMISSIONING,WEAVER VALE PRACTICE,22925019,"79,015.10 ",,STL000022137
Department of Health,NHS Halton CCG,7/31/2018,C&M-GMS Contract Value,PRC DELEGATED CO-COMMISSIONING,TOWER HOUSE PRACTICE,22925020,"104,903.55 ",,STL000022138
Department of Health,NHS Halton CCG,7/31/2018,C&M-PMS Contract Value,PRC DELEGATED CO-COMMISSIONING,DR ARAF ARAIN,22925022,"129,296.49 ",,STL000022140
Department of Health,NHS Halton CCG,7/31/2018,C&M-PMS Contract Value,PRC DELEGATED CO-COMMISSIONING,CASTLEFIELDS HEALTH CENTRE,22925023,"220,413.82 ",,STL000022141
Department of Health,NHS Halton CCG,7/31/2018,C&M-PMS Contract Value,PRC DELEGATED CO-COMMISSIONING,BROOKVALE PRACTICE,22925025,"64,260.25 ",,STL000022143
Department of Health,NHS Halton CCG,7/31/2018,C&M-PMS Contract Value,PRC DELEGATED CO-COMMISSIONING,BEVAN GROUP PRACTICE,22925026,"253,108.01 ",,STL000022144
Department of Health,NHS Halton CCG,7/31/2018,Tax & Ni,BALANCE SHEET,HMRC,23019177,"81,052.87 ",,120PK005622691903
Department of Health,NHS Halton CCG,7/31/2018,Hcare Srv Rec NHS Trust,NHS 111,NORTH WEST AMBULANCE SERVICE NHS TRUST,23023253,"26,532.00 ",654435138,4110038928
Department of Health,NHS Halton CCG,7/31/2018,Hcare Srv Rec NHS Trust-Contract Baseline,AMBULANCE SERVICES,NORTH WEST AMBULANCE SERVICE NHS TRUST,23023262,"346,990.00 ",654435138,4110038993
Department of Health,NHS Halton CCG,7/31/2018,Hcare Srv Rec NHS Trust,AMBULANCE SERVICES,NORTH WEST AMBULANCE SERVICE NHS TRUST,23023271,"96,409.00 ",654435138,4110039054
Department of Health,NHS Halton CCG,7/31/2018,Hcare Srv Rec Fdtn Trust-CQUIN,MENTAL HEALTH CONTRACTS,NORTH WEST BOROUGHS HEALTHCARE NHS FOUNDATION TRUST,23023281,"28,493.00 ",,16041280
Department of Health,NHS Halton CCG,7/31/2018,Hcare Srv Rec Fdtn Trust-Contract Baseline,MENTAL HEALTH CONTRACTS,NORTH WEST BOROUGHS HEALTHCARE NHS FOUNDATION TRUST,23023281,"1,139,704.00 ",,16041280
Department of Health,NHS Halton CCG,7/31/2018,Hcare Srv Rec Fdtn Trust-CQUIN,CHILD AND ADOLESCENT MENTAL HEALTH,NORTH WEST BOROUGHS HEALTHCARE NHS FOUNDATION TRUST,23023286,"1,241.00 ",,16041282
Department of Health,NHS Halton CCG,7/31/2018,Hcare Srv Rec Fdtn Trust-Contract Baseline,CHILD AND ADOLESCENT MENTAL HEALTH,NORTH WEST BOROUGHS HEALTHCARE NHS FOUNDATION TRUST,23023286,"49,622.00 ",,16041282
Department of Health,NHS Halton CCG,7/31/2018,Hcare Srv Rec Fdtn Trust-CQUIN,IMPROVING ACCESS TO PSYCHOLOGICAL THERAPIES,NORTH WEST BOROUGHS HEALTHCARE NHS FOUNDATION TRUST,23023288,"2,875.00 ",,16041283
Department of Health,NHS Halton CCG,7/31/2018,Hcare Srv Rec Fdtn Trust-Contract Baseline,IMPROVING ACCESS TO PSYCHOLOGICAL THERAPIES,NORTH WEST BOROUGHS HEALTHCARE NHS FOUNDATION TRUST,23023288,"114,993.00 ",,16041283
Department of Health,NHS Halton CCG,7/31/2018,Charges from CSU,BUSINESS INFORMATICS,NHS MIDLANDS AND LANCASHIRE CSU,23023290,"37,598.37 ",GB 654442045,7312310668
Department of Health,NHS Halton CCG,7/31/2018,Hcare Srv Rec Fdtn Trust-Contract Baseline,ACUTE COMMISSIONING,CLATTERBRIDGE CANCER CENTRE NHS FT,23023301,"30,090.25 ",654916412,9010009313
Department of Health,NHS Halton CCG,7/31/2018,Clinical&Medical-Othe Public Sector,COMMUNITY SERVICES,HALTON BOROUGH COUNCIL,23032662,"40,458.39 ",,61687870
Department of Health,NHS Halton CCG,7/31/2018,Clinical&Medical-Independent Sector,MENTAL HEALTH SERVICES - OTHER,ASC HEALTHCARE LTD,23032702,"33,843.01 ",,10581
Department of Health,NHS Halton CCG,7/31/2018,Hcare Srv Rec NHS Trust-Over/ Under Performance,ACUTE COMMISSIONING,ROYAL LIVERPOOL AND BROADGREEN UNIVERSITY HOSPITALS NHS TRUST,23032798,"(126,184.00)",654966000,7732
Department of Health,NHS Halton CCG,7/31/2018,Clinical&Medical-Independent Sector,MENTAL HEALTH SERVICES - OTHER,ASC HEALTHCARE LTD,23032815,"32,751.43 ",,10598
Department of Health,NHS Halton CCG,7/31/2018,Clinical&Medical-Independent Sector,CLINICAL ASSESSMENT AND TREATMENT CENTRES,SPIRE HEALTHCARE LTD,23117860,"86,822.00 ",915970991,01FCHEPF181904
Department of Health,NHS Halton CCG,7/31/2018,Hcare Srv Rec Fdtn Trust-Contract Baseline,ACUTE COMMISSIONING,WARRINGTON & HALTON HOSPITALS NHS FOUNDATION TRUST,23117913,"167,018.60 ",,15369135
Department of Health,NHS Halton CCG,7/31/2018,Clinical&Medical-Serv Recd-CCGs,FINANCE,NHS KNOWSLEY CCG,23118020,"52,349.98 ",,7012500673
Department of Health,NHS Halton CCG,7/31/2018,C&M-PMS Contract Value,PRC DELEGATED CO-COMMISSIONING,KOYA & CHALASANI,23128045,"48,166.00 ",,STL000022206
Department of Health,NHS Halton CCG,7/31/2018,C&M-PMS Contract Value,PRC DELEGATED CO-COMMISSIONING,OAKS PLACE SURGERY,23128059,"65,233.46 ",,STL000022220
Department of Health,NHS Halton CCG,7/31/2018,C&M-PMS Contract Value,PRC DELEGATED CO-COMMISSIONING,UPTON ROCKS SURGERY,23128064,"32,258.49 ",,STL000022226
Department of Health,NHS Halton CCG,7/31/2018,Hcare Srv Rec Fdtn Trust-Contract Baseline,COMMUNITY SERVICES,BRIDGEWATER COMMUNITY HEALTHCARE NHS FOUNDATION TRUST,23255822,"943,478.41 ",,26308924
Department of Health,NHS Halton CCG,7/31/2018,Hcare Srv Rec NHS Trust-Contract Baseline,ACUTE COMMISSIONING,ROYAL LIVERPOOL AND BROADGREEN UNIVERSITY HOSPITALS NHS TRUST,23255833,"393,470.00 ",654966000,8610084980
Department of Health,NHS Halton CCG,7/31/2018,Hcare Srv Rec Fdtn Trust-Contract Baseline,ACUTE COMMISSIONING,WARRINGTON & HALTON HOSPITALS NHS FOUNDATION TRUST,23255842,"3,971,847.00 ",,15369253
Department of Health,NHS Halton CCG,7/31/2018,Hcare Srv Rec NHS Trust-CQUIN,ACUTE COMMISSIONING,ST HELENS AND KNOWSLEY HOSPITALS NHS TRUST,23255848,"86,545.00 ",,16776410
Department of Health,NHS Halton CCG,7/31/2018,Hcare Srv Rec NHS Trust-Contract Baseline,ACUTE COMMISSIONING,ST HELENS AND KNOWSLEY HOSPITALS NHS TRUST,23255848,"2,667,019.00 ",,16776410
Department of Health,NHS Halton CCG,7/31/2018,Clinical&Medical-Independent Sector,COLLABORATIVE COMMISSIONING,EDGE HILL UNIVERSITY,23269874,"25,611.90 ",673470227,A0087215
Department of Health,NHS Halton CCG,7/31/2018,Hcare Srv Rec Fdtn Trust-Contract Baseline,ACUTE COMMISSIONING,LIVERPOOL WOMENS HOSPITAL NHS FOUNDATION TRUST,23269892,"121,524.57 ",654928891,9410019492
Department of Health,NHS Halton CCG,7/31/2018,Hcare Srv Rec Fdtn Trust-Contract Baseline,COMMUNITY SERVICES,BRIDGEWATER COMMUNITY HEALTHCARE NHS FOUNDATION TRUST,23269902,"220,824.41 ",,26308861
Department of Health,NHS Halton CCG,7/31/2018,Hcare Srv Rec Fdtn Trust-Contract Baseline,ACUTE COMMISSIONING,COUNTESS OF CHESTER HOSPITAL NHS FOUNDATION TRUST,23269914,"117,354.00 ",654917507,I0091239
Department of Health,NHS Halton CCG,7/31/2018,Hcare Srv Rec Fdtn Trust-Contract Baseline,ACUTE COMMISSIONING,LIVERPOOL HEART AND CHEST HOSPITAL NHS TRUST,23269921,"53,984.00 ",654914712,12773190
Department of Health,NHS Halton CCG,7/31/2018,Hcare Srv Rec Fdtn Trust-Contract Baseline,ACUTE COMMISSIONING,MANCHESTER UNIVERSITY NHS FOUNDATION TRUST,23269925,"30,104.59 ",654415538,0000403181
,,,,,,,,,
,,,,,,,,,
,,,,,,,,,
,,,,,,,,,
,,,,,,,,,
,,,,,,,,,
,,,,,,,,,
,,,,,,,,,
,,,,,,,,,
,,,,,,,,,
