Date,Expense Type,Expense area,Supplier,Transaction number,AP Amount (�),VAT registration number,Purchase invoice number
31/05/2018,Basic Sal-Internal Recharge-Pay,CEO/ BOARD OFFICE,SOUTHEND-ON-SEA BOROUGH COUNCIL,21997616,"64,460.00",,732758
31/05/2018,Hcare Srv Rec Fdtn Trust-Contract Baseline,ACUTE COMMISSIONING,SOUTHEND UNIVERSITY HOSPITAL NHS FOUNDATION TRUST,21997709,"8,702,136.00",654942902,445763
31/05/2018,Hcare Srv Rec NHS Trust-Contract Baseline,AMBULANCE SERVICES,EAST OF ENGLAND AMBULANCE SERVICE NHS TRUST,22015701,"690,605.40",,8108914
31/05/2018,Hcare Srv Rec Fdtn Trust-Non Contract,COMMUNITY SERVICES,SOUTHEND UNIVERSITY HOSPITAL NHS FOUNDATION TRUST,22015703,"27,741.00",654942902,445909
31/05/2018,Hcare Srv Rec Fdtn Trust-Non Contract,COMMUNITY SERVICES,SOUTHEND UNIVERSITY HOSPITAL NHS FOUNDATION TRUST,22015705,"50,271.43",654942902,445937
31/05/2018,Clinical&Medical-Commercial Sector,OUT OF HOURS,INTEGRATED CARE 24 LTD,22015718,"130,559.34",991241024,15182
31/05/2018,Clinical&Medical-Commercial Sector,OUT OF HOURS,INTEGRATED CARE 24 LTD,22015719,"71,011.61",991241024,15181
31/05/2018,Clinical&Medical-Clinical Other,CHILD AND ADOLESCENT MENTAL HEALTH,NHS NORTH EAST ESSEX CCG,22035529,"28,390.00",,7021501057
31/05/2018,Clinical&Medical-Commercial Sector,PLANNED CARE,SPIRE HEALTHCARE LTD,22035636,"480,108.00",915970991,99GHWDPF181902
31/05/2018,Clinical&Medical-Commercial Sector,PLANNED CARE,SPIRE HEALTHCARE LTD,22035646,"-480,108.00",915970991,99GHWDPF181902CR
31/05/2018,Clinical&Medical-Independent Sector,COMMISSIONING - NON ACUTE,EASTWOOD GROUP PRACTICE,22035662,"69,608.09",,EECSOS22
31/05/2018,Clinical&Medical-Othe Public Sector,INTERMEDIATE CARE,SOUTHEND-ON-SEA BOROUGH COUNCIL,22050587,"1,031,852.93",,734570
31/05/2018,Hcare Srv Rec NHS Trust-Contract Baseline,ACUTE COMMISSIONING,BARKING HAVERING AND REDBRIDGE HOSPITALS NHS TRUST,22092963,"34,882.00",,8449351
31/05/2018,C&M-PMS Contract Value,PRC DELEGATED CO-COMMISSIONING,MALIK S A,22104886,"22,474.84",,EX000071308
31/05/2018,C&M-PMS Out of Hours Opt Outs,PRC DELEGATED CO-COMMISSIONING,MALIK S A,22104886,18.02,,EX000071308
31/05/2018,C&M-PMS Prem Notional Rent,PRC DELEGATED CO-COMMISSIONING,MALIK S A,22104886,"2,000.00",,EX000071308
31/05/2018,C&M-PMS Prem Rates,PRC DELEGATED CO-COMMISSIONING,MALIK S A,22104886,"4,476.88",,EX000071308
31/05/2018,C&M-PMS QOF Aspiration,PRC DELEGATED CO-COMMISSIONING,MALIK S A,22104886,"1,932.08",,EX000071308
31/05/2018,C&M-APMS Contract Value,PRC DELEGATED CO-COMMISSIONING,PRACTICE NORTHUMBERLAND AVENUE,22104891,"103,142.92",,EX000071310
31/05/2018,C&M-APMS Prem Actual Rent,PRC DELEGATED CO-COMMISSIONING,PRACTICE NORTHUMBERLAND AVENUE,22104891,"5,150.00",,EX000071310
31/05/2018,C&M-PMS QOF Aspiration,PRC DELEGATED CO-COMMISSIONING,PRACTICE NORTHUMBERLAND AVENUE,22104891,"3,112.89",,EX000071310
31/05/2018,C&M-PMS Contract Value,PRC DELEGATED CO-COMMISSIONING,QUEENSWAY SURGERY,22104895,"141,598.75",,EX000071312
31/05/2018,C&M-PMS Funding Differential Review,PRC DELEGATED CO-COMMISSIONING,QUEENSWAY SURGERY,22104895,"7,652.17",,EX000071312
31/05/2018,C&M-PMS Out of Hours Opt Outs,PRC DELEGATED CO-COMMISSIONING,QUEENSWAY SURGERY,22104895,84.1,,EX000071312
31/05/2018,C&M-PMS Prem Notional Rent,PRC DELEGATED CO-COMMISSIONING,QUEENSWAY SURGERY,22104895,"15,375.00",,EX000071312
31/05/2018,C&M-PMS Prem Rates,PRC DELEGATED CO-COMMISSIONING,QUEENSWAY SURGERY,22104895,"23,153.22",,EX000071312
31/05/2018,C&M-PMS QOF Aspiration,PRC DELEGATED CO-COMMISSIONING,QUEENSWAY SURGERY,22104895,"16,762.50",,EX000071312
31/05/2018,C&M-APMS Contract Value,PRC DELEGATED CO-COMMISSIONING,VIRGIN CARE SERVICES LTD (ST LUKES HEALTH CENTRE),22104899,"97,110.34",,EX000071314
31/05/2018,C&M-APMS Prem Actual Rent,PRC DELEGATED CO-COMMISSIONING,VIRGIN CARE SERVICES LTD (ST LUKES HEALTH CENTRE),22104899,"4,160.00",,EX000071314
31/05/2018,C&M-APMS QOF Aspiration,PRC DELEGATED CO-COMMISSIONING,VIRGIN CARE SERVICES LTD (ST LUKES HEALTH CENTRE),22104899,"4,303.99",,EX000071314
31/05/2018,Hcare Srv Rec Fdtn Trust-Contract Baseline,CHILD AND ADOLESCENT MENTAL HEALTH,NORTH EAST LONDON NHS FOUNDATION TRUST,22115424,"105,615.00",654404447,48902
31/05/2018,Hcare Srv Rec Fdtn Trust-Contract Baseline,ACUTE COMMISSIONING,GUYS & ST THOMAS HOSPITAL NHS FOUNDATION TRUST,22138742,"59,569.00",654923417,3238211
31/05/2018,Hcare Srv Rec Fdtn Trust-Contract Baseline,ACUTE COMMISSIONING,ROYAL FREE LONDON NHS FOUNDATION TRUST,22138785,"25,939.00",654946987,I0158894
31/05/2018,Hcare Srv Rec Fdtn Trust-Contract Baseline,ACUTE COMMISSIONING,GREAT ORMOND STREET HOSPITAL FOR CHILDREN NHS FOUNDATION TRUST,22142787,"26,045.52",654922910,X0194167
31/05/2018,Hcare Srv Rec Fdtn Trust-Contract Baseline,ACUTE COMMISSIONING,UNIVERSITY COLLEGE LONDON HOSPITALS NHS FOUNDATION TRUST,22142792,"75,015.00",654948687,SLA3554
31/05/2018,Clinical&Medical-Commercial Sector,PLANNED CARE,SPRINGFIELD HOSPITAL,22142800,"34,637.04",GB-426505170,2959
31/05/2018,Clinical&Medical-Commercial Sector,PLANNED CARE,SPRINGFIELD HOSPITAL,22142803,"34,637.04",GB-426505170,2939
31/05/2018,Clinical&Medical-Independent Sector,COMMISSIONING - NON ACUTE,CHARTWELL PRIVATE HOSPITAL,22142805,"25,314.13",,910
31/05/2018,Hcare Srv Rec NHS Trust-Contract Baseline,ACUTE COMMISSIONING,BARTS HEALTH NHS TRUST,22142810,"137,623.58",,335595
31/05/2018,Clinical&Medical-Commercial Sector,PLANNED CARE,SPIRE HEALTHCARE LTD,22142811,"371,924.00",915970991,99GWLSPF181902
31/05/2018,Clinical&Medical-Commercial Sector,PLANNED CARE,SPIRE HEALTHCARE LTD,22142817,"40,009.00",915970991,99GHWDPF181902A
31/05/2018,Hcare Srv Rec Fdtn Trust-Contract Baseline,ACUTE COMMISSIONING,BASILDON & THURROCK UNIVERSITY HOSPITALS NHS FOUNDATION TRUST,22142824,"306,435.00",,95121
31/05/2018,Hcare Srv Rec NHS Trust-Contract Baseline,ACUTE COMMISSIONING,ROYAL NATIONAL ORTHOPAEDIC HOSPITAL NHS TRUST,22142826,"53,933.00",,B0036763
31/05/2018,Clinical&Medical-Clinical Other,COMMUNITY SERVICES,UPLANDS CARE CENTRE LTD,22142831,"116,250.00",,UPL387
31/05/2018,Cont Care-Physical Disab (<65),CHC ADULT FULLY FUNDED,UPLANDS CARE CENTRE LTD,22142831,"15,500.00",,UPL387
31/05/2018,Hcare Srv Rec Fdtn Trust-Contract Baseline,MENTAL HEALTH CONTRACTS,ESSEX PARTNERSHIP UNIVERSITY NHS FT,22142843,"25,380.13",GB654974100,I0060801
31/05/2018,Hcare Srv Rec NHS Trust-Contract Baseline,ACUTE COMMISSIONING,MID ESSEX HOSPITALS SERVICES NHS TRUST,22142848,"257,645.00",,2000106046
31/05/2018,Hcare Srv Rec Fdtn Trust-Contract Baseline,ACUTE COMMISSIONING,BASILDON & THURROCK UNIVERSITY HOSPITALS NHS FOUNDATION TRUST,22142853,"31,781.00",,95192
31/05/2018,Hcare Srv Rec NHS Trust-Contract Baseline,PATIENT TRANSPORT,EAST OF ENGLAND AMBULANCE SERVICE NHS TRUST,22142862,"50,352.00",,8108626
31/05/2018,Clinical&Medical-Clinical Other,PRESCRIBING,NHS BARNET CCG,22158234,"62,503.86",,7022400413
31/05/2018,Audit Fees: Statutory,FINANCE,KPMG LLP,22166136,"36,241.20",791788859,5501651256
31/05/2018,Hcare Srv Rec Fdtn Trust-Contract Baseline,MENTAL HEALTH CONTRACTS,ESSEX PARTNERSHIP UNIVERSITY NHS FT,22168883,"2,030,410.00",GB654974100,I0060786
31/05/2018,Hcare Srv Rec Fdtn Trust-Contract Baseline,COMMUNITY SERVICES,ESSEX PARTNERSHIP UNIVERSITY NHS FT,22168885,"930,269.89",GB654974100,I0060791
31/05/2018,Apprenticeship Levy Payable,BALANCE SHEET,HMRC,22180864,90,,120PT005652581901
31/05/2018,Income tax <1Yr,BALANCE SHEET,HMRC,22180864,"45,353.60",,120PT005652581901
31/05/2018,Income tax <1Yr-Student Loans,BALANCE SHEET,HMRC,22180864,533,,120PT005652581901
31/05/2018,National Insurance < 1 yr-NI- ERS,BALANCE SHEET,HMRC,22180864,"29,177.36",,120PT005652581901
31/05/2018,National Insurance < 1 yr-NI-EES,BALANCE SHEET,HMRC,22180864,"20,464.27",,120PT005652581901
31/05/2018,Hcare Srv Rec NHS Trust-Contract Baseline,AMBULANCE SERVICES,EAST OF ENGLAND AMBULANCE SERVICE NHS TRUST,22207413,"35,390.83",,8108804
31/05/2018,Hcare Srv Rec Fdtn Trust-Non Contract,NCAS/OATS,CAMBRIDGE UNIVERSITY HOSPITALS NHS FOUNDATION TRUST,22207426,"33,328.49",,2018425
31/05/2018,Clinical&Medical-Commercial Sector,PLANNED CARE,SPIRE HEALTHCARE LTD,22284929,"34,846.74",915970991,99GWLSREC171811
31/05/2018,Clinical&Medical-Commercial Sector,PLANNED CARE,SPRINGFIELD HOSPITAL,22284941,"34,637.04",GB-426505170,2975
31/05/2018,Clinical&Medical-Commercial Sector,PLANNED CARE,BMI SOUTHEND PRIVATE HOSPITAL,22284947,"40,949.37",235 1349 80,99GSOOM1APRINVOICE1819
31/05/2018,Clinical&Medical-Commercial Sector,PLANNED CARE,BMI SOUTHEND PRIVATE HOSPITAL,22284949,"40,949.37",235 1349 80,99GSOOM2MAYINVOICE1819
31/05/2018,C&M-GMS Global Sum,PRC DELEGATED CO-COMMISSIONING,AGHA B & PARTNERS,22366048,"49,578.27",,EX000071547
31/05/2018,C&M-GMS Other FDR Payment,PRC DELEGATED CO-COMMISSIONING,AGHA B & PARTNERS,22366048,"1,318.28",,EX000071547
31/05/2018,C&M-GMS Prem Notional Rent,PRC DELEGATED CO-COMMISSIONING,AGHA B & PARTNERS,22366048,"2,436.77",,EX000071547
31/05/2018,C&M-GMS QOF Aspiration,PRC DELEGATED CO-COMMISSIONING,AGHA B & PARTNERS,22366048,"4,790.39",,EX000071547
31/05/2018,C&M-GMS Global Sum,PRC DELEGATED CO-COMMISSIONING,DAVIES B S & PARTNERS,22366050,"52,610.92",,EX000071549
31/05/2018,C&M-GMS Other FDR Payment,PRC DELEGATED CO-COMMISSIONING,DAVIES B S & PARTNERS,22366050,"4,192.27",,EX000071549
31/05/2018,C&M-GMS Prem Actual Rent,PRC DELEGATED CO-COMMISSIONING,DAVIES B S & PARTNERS,22366050,"20,995.99",,EX000071549
31/05/2018,C&M-GMS QOF Aspiration,PRC DELEGATED CO-COMMISSIONING,DAVIES B S & PARTNERS,22366050,"6,100.01",,EX000071549
31/05/2018,C&M-GMS DES Violent Patients,PRC DELEGATED CO-COMMISSIONING,DR B BEKAS,22366055,"6,858.33",,EX000071555
31/05/2018,C&M-GMS Global Sum,PRC DELEGATED CO-COMMISSIONING,DR B BEKAS,22366055,"13,939.57",,EX000071555
31/05/2018,C&M-GMS LES Care of Homeless,LOCAL ENHANCED SERVICES,DR B BEKAS,22366055,"5,500.00",,EX000071555
31/05/2018,C&M-GMS Other FDR Payment,PRC DELEGATED CO-COMMISSIONING,DR B BEKAS,22366055,281.25,,EX000071555
31/05/2018,C&M-GMS Prem Notional Rent,PRC DELEGATED CO-COMMISSIONING,DR B BEKAS,22366055,"1,391.67",,EX000071555
31/05/2018,C&M-GMS QOF Aspiration,PRC DELEGATED CO-COMMISSIONING,DR B BEKAS,22366055,"1,204.93",,EX000071555
31/05/2018,C&M-GMS Global Sum,PRC DELEGATED CO-COMMISSIONING,IRLAM A C & PARTNER,22366057,"53,045.27",,EX000071557
31/05/2018,C&M-GMS Other FDR Payment,PRC DELEGATED CO-COMMISSIONING,IRLAM A C & PARTNER,22366057,"1,752.54",,EX000071557
31/05/2018,C&M-GMS Prem Actual Rent,PRC DELEGATED CO-COMMISSIONING,IRLAM A C & PARTNER,22366057,"2,468.33",,EX000071557
31/05/2018,C&M-GMS Prem Rates,PRC DELEGATED CO-COMMISSIONING,IRLAM A C & PARTNER,22366057,"4,763.86",,EX000071557
31/05/2018,C&M-GMS Prem Water Rates,PRC DELEGATED CO-COMMISSIONING,IRLAM A C & PARTNER,22366057,185.43,,EX000071557
31/05/2018,C&M-GMS QOF Aspiration,PRC DELEGATED CO-COMMISSIONING,IRLAM A C & PARTNER,22366057,"5,509.57",,EX000071557
31/05/2018,C&M-GMS Global Sum,PRC DELEGATED CO-COMMISSIONING,HOUSTON B R M & PARTNERS,22366059,"88,094.79",,EX000071559
31/05/2018,C&M-GMS Other FDR Payment,PRC DELEGATED CO-COMMISSIONING,HOUSTON B R M & PARTNERS,22366059,"3,054.51",,EX000071559
31/05/2018,C&M-GMS PCO Locum Sickness,PRC DELEGATED CO-COMMISSIONING,HOUSTON B R M & PARTNERS,22366059,"4,622.39",,EX000071559
31/05/2018,C&M-GMS Prem Actual Rent,PRC DELEGATED CO-COMMISSIONING,HOUSTON B R M & PARTNERS,22366059,666.67,,EX000071559
31/05/2018,C&M-GMS Prem Notional Rent,PRC DELEGATED CO-COMMISSIONING,HOUSTON B R M & PARTNERS,22366059,"3,395.83",,EX000071559
31/05/2018,C&M-GMS Prem Rates,PRC DELEGATED CO-COMMISSIONING,HOUSTON B R M & PARTNERS,22366059,"16,393.97",,EX000071559
31/05/2018,C&M-GMS QOF Aspiration,PRC DELEGATED CO-COMMISSIONING,HOUSTON B R M & PARTNERS,22366059,"9,190.02",,EX000071559
31/05/2018,C&M-GMS Global Sum,PRC DELEGATED CO-COMMISSIONING,KRISHNAN A C & PARTNERS,22366062,"34,901.50",,EX000071563
31/05/2018,C&M-GMS Other FDR Payment,PRC DELEGATED CO-COMMISSIONING,KRISHNAN A C & PARTNERS,22366062,"1,816.14",,EX000071563
31/05/2018,C&M-GMS PCO Locum Adop/Pat/Mat,PRC DELEGATED CO-COMMISSIONING,KRISHNAN A C & PARTNERS,22366062,"8,463.66",,EX000071563
31/05/2018,C&M-GMS Prem Notional Rent,PRC DELEGATED CO-COMMISSIONING,KRISHNAN A C & PARTNERS,22366062,"3,791.67",,EX000071563
31/05/2018,C&M-GMS Prem Rates,PRC DELEGATED CO-COMMISSIONING,KRISHNAN A C & PARTNERS,22366062,"5,739.59",,EX000071563
31/05/2018,C&M-GMS Prem Water Rates,PRC DELEGATED CO-COMMISSIONING,KRISHNAN A C & PARTNERS,22366062,405.86,,EX000071563
31/05/2018,C&M-GMS QOF Aspiration,PRC DELEGATED CO-COMMISSIONING,KRISHNAN A C & PARTNERS,22366062,"4,192.35",,EX000071563
31/05/2018,C&M-GMS Global Sum,PRC DELEGATED CO-COMMISSIONING,KUMAR N & PARTNERS,22366064,"49,130.06",,EX000071565
31/05/2018,C&M-GMS Other FDR Payment,PRC DELEGATED CO-COMMISSIONING,KUMAR N & PARTNERS,22366064,"2,354.63",,EX000071565
31/05/2018,C&M-GMS Prem Actual Rent,PRC DELEGATED CO-COMMISSIONING,KUMAR N & PARTNERS,22366064,"1,166.67",,EX000071565
31/05/2018,C&M-GMS QOF Aspiration,PRC DELEGATED CO-COMMISSIONING,KUMAR N & PARTNERS,22366064,"5,391.87",,EX000071565
31/05/2018,C&M-GMS Global Sum,PRC DELEGATED CO-COMMISSIONING,KHAN A A,22366065,"20,045.55",,EX000071567
31/05/2018,C&M-GMS Other FDR Payment,PRC DELEGATED CO-COMMISSIONING,KHAN A A,22366065,"1,068.82",,EX000071567
31/05/2018,C&M-GMS Prem Notional Rent,PRC DELEGATED CO-COMMISSIONING,KHAN A A,22366065,"1,716.67",,EX000071567
31/05/2018,C&M-GMS QOF Aspiration,PRC DELEGATED CO-COMMISSIONING,KHAN A A,22366065,"2,212.47",,EX000071567
31/05/2018,C&M-GMS Global Sum,PRC DELEGATED CO-COMMISSIONING,MOSS P N B,22366066,"21,190.53",,EX000071569
31/05/2018,C&M-GMS Other FDR Payment,PRC DELEGATED CO-COMMISSIONING,MOSS P N B,22366066,"1,364.94",,EX000071569
31/05/2018,C&M-GMS Prem Notional Rent,PRC DELEGATED CO-COMMISSIONING,MOSS P N B,22366066,"2,872.92",,EX000071569
31/05/2018,C&M-GMS QOF Aspiration,PRC DELEGATED CO-COMMISSIONING,MOSS P N B,22366066,"2,348.50",,EX000071569
31/05/2018,C&M-GMS DES Extended Hours Access,PRC DELEGATED CO-COMMISSIONING,NG H W & PARTNER,22366068,"1,284.88",,EX000071571
31/05/2018,C&M-GMS DES Minor Surgery,PRC DELEGATED CO-COMMISSIONING,NG H W & PARTNER,22366068,86.72,,EX000071571
31/05/2018,C&M-GMS Global Sum,PRC DELEGATED CO-COMMISSIONING,NG H W & PARTNER,22366068,"18,533.19",,EX000071571
31/05/2018,C&M-GMS Other FDR Payment,PRC DELEGATED CO-COMMISSIONING,NG H W & PARTNER,22366068,917.97,,EX000071571
31/05/2018,C&M-GMS Prem Notional Rent,PRC DELEGATED CO-COMMISSIONING,NG H W & PARTNER,22366068,"3,458.33",,EX000071571
31/05/2018,C&M-GMS Prem Rates,PRC DELEGATED CO-COMMISSIONING,NG H W & PARTNER,22366068,"5,452.61",,EX000071571
31/05/2018,C&M-GMS QOF Aspiration,PRC DELEGATED CO-COMMISSIONING,NG H W & PARTNER,22366068,"2,447.00",,EX000071571
31/05/2018,C&M-GMS Global Sum,PRC DELEGATED CO-COMMISSIONING,SHAH N K & PARTNER,22366071,"16,860.41",,EX000071575
31/05/2018,C&M-GMS Other FDR Payment,PRC DELEGATED CO-COMMISSIONING,SHAH N K & PARTNER,22366071,"1,674.09",,EX000071575
31/05/2018,C&M-GMS PCO Locum Susp Drs,PRC DELEGATED CO-COMMISSIONING,SHAH N K & PARTNER,22366071,"2,070.00",,EX000071575
31/05/2018,C&M-GMS Prem Notional Rent,PRC DELEGATED CO-COMMISSIONING,SHAH N K & PARTNER,22366071,"1,433.33",,EX000071575
31/05/2018,C&M-GMS Prem Rates,PRC DELEGATED CO-COMMISSIONING,SHAH N K & PARTNER,22366071,"3,240.00",,EX000071575
31/05/2018,C&M-GMS Prem Water Rates,PRC DELEGATED CO-COMMISSIONING,SHAH N K & PARTNER,22366071,152.59,,EX000071575
31/05/2018,C&M-GMS QOF Aspiration,PRC DELEGATED CO-COMMISSIONING,SHAH N K & PARTNER,22366071,"1,778.05",,EX000071575
31/05/2018,C&M-GMS Global Sum,PRC DELEGATED CO-COMMISSIONING,SATHANANDAN S,22366073,"23,243.85",,EX000071577
31/05/2018,C&M-GMS Other FDR Payment,PRC DELEGATED CO-COMMISSIONING,SATHANANDAN S,22366073,"1,447.75",,EX000071577
31/05/2018,C&M-GMS Prem Notional Rent,PRC DELEGATED CO-COMMISSIONING,SATHANANDAN S,22366073,"1,591.67",,EX000071577
31/05/2018,C&M-GMS Prem Rates,PRC DELEGATED CO-COMMISSIONING,SATHANANDAN S,22366073,"8,040.00",,EX000071577
31/05/2018,C&M-GMS Prem Water Rates,PRC DELEGATED CO-COMMISSIONING,SATHANANDAN S,22366073,621.91,,EX000071577
31/05/2018,C&M-GMS QOF Aspiration,PRC DELEGATED CO-COMMISSIONING,SATHANANDAN S,22366073,"2,964.72",,EX000071577
31/05/2018,C&M-GMS Global Sum,PRC DELEGATED CO-COMMISSIONING,SOORIAKUMARAN V & PARTNERS,22366075,"31,231.86",,EX000071579
31/05/2018,C&M-GMS Other FDR Payment,PRC DELEGATED CO-COMMISSIONING,SOORIAKUMARAN V & PARTNERS,22366075,101.21,,EX000071579
31/05/2018,C&M-GMS Prem Notional Rent,PRC DELEGATED CO-COMMISSIONING,SOORIAKUMARAN V & PARTNERS,22366075,"2,408.34",,EX000071579
31/05/2018,C&M-GMS QOF Aspiration,PRC DELEGATED CO-COMMISSIONING,SOORIAKUMARAN V & PARTNERS,22366075,"3,043.68",,EX000071579
31/05/2018,C&M-GMS Global Sum,PRC DELEGATED CO-COMMISSIONING,SIDDIQUE H A & PARTNER,22366077,"32,390.99",,EX000071581
31/05/2018,C&M-GMS Other FDR Payment,PRC DELEGATED CO-COMMISSIONING,SIDDIQUE H A & PARTNER,22366077,"1,411.32",,EX000071581
31/05/2018,C&M-GMS Prem Notional Rent,PRC DELEGATED CO-COMMISSIONING,SIDDIQUE H A & PARTNER,22366077,"4,375.00",,EX000071581
31/05/2018,C&M-GMS QOF Aspiration,PRC DELEGATED CO-COMMISSIONING,SIDDIQUE H A & PARTNER,22366077,"3,424.95",,EX000071581
31/05/2018,C&M-GMS Global Sum,PRC DELEGATED CO-COMMISSIONING,VERGHESE & KHAN,22366080,"39,834.11",,EX000071585
31/05/2018,C&M-GMS Prem Actual Rent,PRC DELEGATED CO-COMMISSIONING,VERGHESE & KHAN,22366080,"2,166.67",,EX000071585
31/05/2018,C&M-GMS QOF Aspiration,PRC DELEGATED CO-COMMISSIONING,VERGHESE & KHAN,22366080,"3,651.22",,EX000071585
31/05/2018,C&M-GMS Global Sum,PRC DELEGATED CO-COMMISSIONING,ZAIDI S H H & PARTNERS,22366082,"82,544.31",,EX000071587
31/05/2018,C&M-GMS Other FDR Payment,PRC DELEGATED CO-COMMISSIONING,ZAIDI S H H & PARTNERS,22366082,"3,837.12",,EX000071587
31/05/2018,C&M-GMS Prem Notional Rent,PRC DELEGATED CO-COMMISSIONING,ZAIDI S H H & PARTNERS,22366082,"6,400.00",,EX000071587
31/05/2018,C&M-GMS Prem Rates,PRC DELEGATED CO-COMMISSIONING,ZAIDI S H H & PARTNERS,22366082,"19,625.47",,EX000071587
31/05/2018,C&M-GMS QOF Aspiration,PRC DELEGATED CO-COMMISSIONING,ZAIDI S H H & PARTNERS,22366082,"9,927.04",,EX000071587
31/05/2018,ME - GMS GP Prior Year ERs,PRC DELEGATED CO-COMMISSIONING,ZAIDI S H H & PARTNERS,22366082,340.17,,EX000071587
31/05/2018,ME-GMS GP Prior Year EEs,PRC DELEGATED CO-COMMISSIONING,ZAIDI S H H & PARTNERS,22366082,220,,EX000071587
31/05/2018,C&M-GMS Global Sum,PRC DELEGATED CO-COMMISSIONING,CHISNELL P & PARTNERS,22366084,"113,832.98",,EX000071589
31/05/2018,C&M-GMS Other FDR Payment,PRC DELEGATED CO-COMMISSIONING,CHISNELL P & PARTNERS,22366084,"2,918.85",,EX000071589
31/05/2018,C&M-GMS Prem Actual Rent,PRC DELEGATED CO-COMMISSIONING,CHISNELL P & PARTNERS,22366084,"28,631.86",,EX000071589
31/05/2018,C&M-GMS Prem Rates,PRC DELEGATED CO-COMMISSIONING,CHISNELL P & PARTNERS,22366084,"19,660.70",,EX000071589
31/05/2018,C&M-GMS QOF Aspiration,PRC DELEGATED CO-COMMISSIONING,CHISNELL P & PARTNERS,22366084,"13,010.48",,EX000071589
31/05/2018,C&M-GMS Global Sum,PRC DELEGATED CO-COMMISSIONING,DR N KUMAR (CENTRAL SURGERY),22366086,"42,059.57",,EX000071591
31/05/2018,C&M-GMS Prem Actual Rent,PRC DELEGATED CO-COMMISSIONING,DR N KUMAR (CENTRAL SURGERY),22366086,"12,896.09",,EX000071591
31/05/2018,C&M-GMS Prem Water Rates,PRC DELEGATED CO-COMMISSIONING,DR N KUMAR (CENTRAL SURGERY),22366086,199.85,,EX000071591
31/05/2018,C&M-GMS QOF Aspiration,PRC DELEGATED CO-COMMISSIONING,DR N KUMAR (CENTRAL SURGERY),22366086,"4,847.24",,EX000071591
31/05/2018,C&M-GMS Global Sum,PRC DELEGATED CO-COMMISSIONING,DRS PALACIN & GUYLER,22366088,"26,701.34",,EX000071593
31/05/2018,C&M-GMS Other FDR Payment,PRC DELEGATED CO-COMMISSIONING,DRS PALACIN & GUYLER,22366088,"1,610.80",,EX000071593
31/05/2018,C&M-GMS Prem Actual Rent,PRC DELEGATED CO-COMMISSIONING,DRS PALACIN & GUYLER,22366088,583.33,,EX000071593
31/05/2018,C&M-GMS QOF Aspiration,PRC DELEGATED CO-COMMISSIONING,DRS PALACIN & GUYLER,22366088,"2,845.97",,EX000071593
31/05/2018,C&M-GMS Global Sum,PRC DELEGATED CO-COMMISSIONING,DICKENS L A & PARTNERS,22391851,"136,528.14",,EX000071553
31/05/2018,C&M-GMS Other FDR Payment,PRC DELEGATED CO-COMMISSIONING,DICKENS L A & PARTNERS,22391851,"4,017.41",,EX000071553
31/05/2018,C&M-GMS Prem Actual Rent,PRC DELEGATED CO-COMMISSIONING,DICKENS L A & PARTNERS,22391851,"26,940.75",,EX000071553
31/05/2018,C&M-GMS Prem Notional Rent,PRC DELEGATED CO-COMMISSIONING,DICKENS L A & PARTNERS,22391851,"1,633.33",,EX000071553
31/05/2018,C&M-GMS Prem Rates,PRC DELEGATED CO-COMMISSIONING,DICKENS L A & PARTNERS,22391851,"7,800.00",,EX000071553
31/05/2018,C&M-GMS QOF Aspiration,PRC DELEGATED CO-COMMISSIONING,DICKENS L A & PARTNERS,22391851,"17,625.95",,EX000071553
31/05/2018,C&M-GMS DES UNPLANNED ADMISSIONS,PRC DELEGATED CO-COMMISSIONING,VERGHESE & KHAN,22391856,"-2,183.86",,EX000071584
31/05/2018,C&M-GMS GP Statutory Levy,PRC DELEGATED CO-COMMISSIONING,VERGHESE & KHAN,22391856,-206.35,,EX000071584
31/05/2018,ME - GMS GP Prior Year ERs,PRC DELEGATED CO-COMMISSIONING,VERGHESE & KHAN,22391856,"-2,074.43",,EX000071584
31/05/2018,ME-GMS GP Pension EEs,PRC DELEGATED CO-COMMISSIONING,VERGHESE & KHAN,22391856,"-16,380.97",,EX000071584
31/05/2018,ME-GMS GP Pension ERs Adjustments,PRC DELEGATED CO-COMMISSIONING,VERGHESE & KHAN,22391856,"-18,421.36",,EX000071584
31/05/2018,ME-GMS GP Prior Year EEs,PRC DELEGATED CO-COMMISSIONING,VERGHESE & KHAN,22391856,-320.1,,EX000071584
31/05/2018,Hcare Srv Rec NHS Trust-Over/ Under Performance,ACUTE COMMISSIONING,ROYAL NATIONAL ORTHOPAEDIC HOSPITAL NHS TRUST,22431331,"35,809.00",,B0036548
31/05/2018,Hcare Srv Rec NHS Trust-Contract Baseline,PATIENT TRANSPORT,EAST OF ENGLAND AMBULANCE SERVICE NHS TRUST,22431368,"43,159.00",,8109307
31/05/2018,Hcare Srv Rec Fdtn Trust-Contract Baseline,ACUTE COMMISSIONING,SOUTHEND UNIVERSITY HOSPITAL NHS FOUNDATION TRUST,22431375,"8,684,123.00",654942902,446373
31/05/2018,Clinical&Medical-Commercial Sector,PLANNED CARE,BMI SOUTHEND PRIVATE HOSPITAL,22431376,"40,949.37",235 1349 80,99GSOOM3JUNINVOICE1819
31/05/2018,Clinical&Medical-Othe Public Sector,INTERMEDIATE CARE,SOUTHEND-ON-SEA BOROUGH COUNCIL,22431382,"1,031,852.93",,736659
31/05/2018,Computer Maintenance,PROGRAMME PROJECTS,ESSEX PARTNERSHIP UNIVERSITY NHS FT,22453101,"59,864.22",GB654974100,I0060717
31/05/2018,Clinical&Medical-Clinical Other,COMMUNITY SERVICES,SOUTHEND-ON-SEA BOROUGH COUNCIL,22453109,"180,748.88",,736247
