Date,Expense Type,Expense area,Supplier,Transaction number,AP Amount (�),VAT registration number,Purchase invoice number
31/10/2018,C&M-GMS LES Primary Care Offer,PRC DELEGATED CO-COMMISSIONING,GP HEALTHCARE ALLIANCE LTD,24087655,"47,306.20",,23
31/10/2018,Hcare Srv Rec Fdtn Trust-Over/ Under Performance,ACUTE COMMISSIONING,SOUTHEND UNIVERSITY HOSPITAL NHS FOUNDATION TRUST,24103948,"1,362,236.00",654942902,447888
31/10/2018,Hcare Srv Rec Fdtn Trust-Contract Baseline,ACUTE COMMISSIONING,SOUTHEND UNIVERSITY HOSPITAL NHS FOUNDATION TRUST,24103949,"8,896,793.00",654942902,448000
31/10/2018,Hcare Srv Rec Fdtn Trust-Over/ Under Performance,ACUTE COMMISSIONING,SOUTHEND UNIVERSITY HOSPITAL NHS FOUNDATION TRUST,24103950,"-1,362,236.00",654942902,527229
31/10/2018,Cont Care- Prior Year Payments,CHC ADULT FULLY FUNDED,NIGHTINGALE HOUSE,24123899,"32,586.95",,99G16896201718
31/10/2018,Hcare Srv Rec Fdtn Trust-Contract Baseline,ACUTE COMMISSIONING,BASILDON & THURROCK UNIVERSITY HOSPITALS NHS FOUNDATION TRUST,24124023,"264,064.00",GB 654911917,98384
31/10/2018,Hcare Srv Rec NHS Trust-Non Contract,NCAS/OATS,NOTTINGHAM UNIVERSITY HOSPITALS NHS TRUST,24170847,"30,265.41",,2000095737
31/10/2018,Hcare Srv Rec NHS Trust-Contract Baseline,ACUTE COMMISSIONING,BARTS HEALTH NHS TRUST,24170867,"137,623.58",654947005,350660
31/10/2018,Hcare Srv Rec NHS Trust-Contract Baseline,ACUTE COMMISSIONING,ROYAL NATIONAL ORTHOPAEDIC HOSPITAL NHS TRUST,24170881,"60,888.00",,B0038103
31/10/2018,Hcare Srv Rec NHS Trust-Non Contract,NCAS/OATS,NOTTINGHAM UNIVERSITY HOSPITALS NHS TRUST,24170894,"-29,891.47",,2000011229
31/10/2018,Clinical&Medical-Commercial Sector,OUT OF HOURS,INTEGRATED CARE 24 LTD,24198372,"225,359.61",991241024,2014
31/10/2018,Hcare Srv Rec NHS Trust-Contract Baseline,PATIENT TRANSPORT,EAST OF ENGLAND AMBULANCE SERVICE NHS TRUST,24198410,"53,539.00",654919501,8111060
31/10/2018,Hcare Srv Rec NHS Trust-Contract Baseline,ACUTE COMMISSIONING,BARKING HAVERING AND REDBRIDGE HOSPITALS NHS TRUST,24198618,"39,083.00",654924414,8452418
31/10/2018,C&M-PMS Contract Value,PRC DELEGATED CO-COMMISSIONING,MALIK S A,24208397,"24,320.46",,EX000076080
31/10/2018,C&M-PMS Out of Hours Opt Outs,PRC DELEGATED CO-COMMISSIONING,MALIK S A,24208397,17.78,,EX000076080
31/10/2018,C&M-PMS Prem Notional Rent,PRC DELEGATED CO-COMMISSIONING,MALIK S A,24208397,"2,000.00",,EX000076080
31/10/2018,C&M-PMS QOF Aspiration,PRC DELEGATED CO-COMMISSIONING,MALIK S A,24208397,"1,932.08",,EX000076080
31/10/2018,C&M-APMS Contract Value,PRC DELEGATED CO-COMMISSIONING,PRACTICE NORTHUMBERLAND AVENUE,24208400,"51,977.12",,EX000076082
31/10/2018,C&M-APMS Prem Actual Rent,PRC DELEGATED CO-COMMISSIONING,PRACTICE NORTHUMBERLAND AVENUE,24208400,"5,150.00",,EX000076082
31/10/2018,C&M-PMS DES Learn Dsblty Hlth Chk,PRC DELEGATED CO-COMMISSIONING,PRACTICE NORTHUMBERLAND AVENUE,24208400,280,,EX000076082
31/10/2018,C&M-PMS QOF Aspiration,PRC DELEGATED CO-COMMISSIONING,PRACTICE NORTHUMBERLAND AVENUE,24208400,"3,112.89",,EX000076082
31/10/2018,C&M-PMS Contract Value,PRC DELEGATED CO-COMMISSIONING,QUEENSWAY SURGERY,24208402,"153,251.93",,EX000076084
31/10/2018,C&M-PMS Funding Differential Review,PRC DELEGATED CO-COMMISSIONING,QUEENSWAY SURGERY,24208402,"7,652.17",,EX000076084
31/10/2018,C&M-PMS Out of Hours Opt Outs,PRC DELEGATED CO-COMMISSIONING,QUEENSWAY SURGERY,24208402,59.56,,EX000076084
31/10/2018,C&M-PMS Prem Notional Rent,PRC DELEGATED CO-COMMISSIONING,QUEENSWAY SURGERY,24208402,"15,375.00",,EX000076084
31/10/2018,C&M-PMS QOF Aspiration,PRC DELEGATED CO-COMMISSIONING,QUEENSWAY SURGERY,24208402,"16,762.50",,EX000076084
31/10/2018,C&M-APMS Contract Value,PRC DELEGATED CO-COMMISSIONING,VIRGIN CARE SERVICES LTD (ST LUKES HEALTH CENTRE),24208403,"61,799.45",,EX000076086
31/10/2018,C&M-APMS Prem Actual Rent,PRC DELEGATED CO-COMMISSIONING,VIRGIN CARE SERVICES LTD (ST LUKES HEALTH CENTRE),24208403,"4,160.00",,EX000076086
31/10/2018,C&M-APMS QOF Aspiration,PRC DELEGATED CO-COMMISSIONING,VIRGIN CARE SERVICES LTD (ST LUKES HEALTH CENTRE),24208403,"4,303.99",,EX000076086
31/10/2018,Hcare Srv Rec Fdtn Trust-Non Contract,NCAS/OATS,CAMBRIDGE UNIVERSITY HOSPITALS NHS FOUNDATION TRUST,24224330,"28,397.80",654910528,2019399
31/10/2018,Clinical&Medical-Commercial Sector,PLANNED CARE,BMI SOUTHEND PRIVATE HOSPITAL,24224337,"40,949.37",235 1349 80,99GSOOM07OCTINVOICE1819
31/10/2018,Hcare Srv Rec Fdtn Trust-Non Contract,NCAS/OATS,HOMERTON UNIVERSITY HOSPITAL NHS FOUNDATION TRUST,24243740,"29,722.92",654965884,61280315
31/10/2018,Hcare Srv Rec Fdtn Trust-Contract Baseline,ACUTE COMMISSIONING,GUYS & ST THOMAS HOSPITAL NHS FOUNDATION TRUST,24261302,"59,569.00",654923417,3247588
31/10/2018,Hcare Srv Rec Fdtn Trust-Contract Baseline,ACUTE COMMISSIONING,UNIVERSITY COLLEGE LONDON HOSPITALS NHS FOUNDATION TRUST,24261312,"75,015.00",654948687,SLA4165
31/10/2018,Hcare Srv Rec NHS Trust-Contract Baseline,AMBULANCE SERVICES,EAST OF ENGLAND AMBULANCE SERVICE NHS TRUST,24261316,"690,605.40",654919501,8110984
31/10/2018,Clinical&Medical-Commercial Sector,PLANNED CARE,SPRINGFIELD HOSPITAL,24261337,"34,637.04",GB-426505170,3043
31/10/2018,Hcare Srv Rec NHS Trust-Over/ Under Performance,ACUTE COMMISSIONING,BARTS HEALTH NHS TRUST,24261341,"51,817.17",654947005,351015
31/10/2018,Clinical&Medical-Commercial Sector,PLANNED CARE,EASTWOOD GROUP PRACTICE,24261342,"63,263.66",,EECSOS27
31/10/2018,Clinical&Medical-Commercial Sector,PLANNED CARE,SPIRE HEALTHCARE LTD,24261362,"371,924.00",915970991,99GWLSPF181907
31/10/2018,Clinical&Medical-Commercial Sector,PLANNED CARE,SPIRE HEALTHCARE LTD,24261367,"39,969.00",915970991,99GHWDPF181907
31/10/2018,Cont Care- Adult 100% Fully Funded,CHC ADULT FULLY FUNDED,RAMSAY NEUROLOGICAL SERVICES,24261375,"27,201.43",,829009003
31/10/2018,Computer Maintenance,CORPORATE COSTS & SERVICES,NHS ARDEN AND GEM CSU,24261384,"12,465.58",GB526164259,7312611970
31/10/2018,Computer Maintenance,PRIMARY CARE IT,NHS ARDEN AND GEM CSU,24261384,"32,515.50",GB526164259,7312611970
31/10/2018,Hcare Srv Rec NHS Trust-Contract Baseline,ACUTE COMMISSIONING,MID ESSEX HOSPITALS SERVICES NHS TRUST,24261386,"257,645.00",654930128,2000108740
31/10/2018,Hcare Srv Rec Fdtn Trust-Contract Baseline,CHILD AND ADOLESCENT MENTAL HEALTH,NORTH EAST LONDON NHS FOUNDATION TRUST,24261390,"132,141.00",654404447,52035
31/10/2018,Basic Sal-Rechgs to-from Other NHS,NON RECURRENT PROGRAMMES,NHS MID ESSEX CCG,24261392,"258,214.32",654461138,7021401898
31/10/2018,Hcare Srv Rec Fdtn Trust-Contract Baseline,COMMUNITY SERVICES,ESSEX PARTNERSHIP UNIVERSITY NHS FT,24261399,"927,962.00",GB654974100,I0062651
31/10/2018,Hcare Srv Rec Fdtn Trust-Contract Baseline,MENTAL HEALTH CONTRACTS,ESSEX PARTNERSHIP UNIVERSITY NHS FT,24261403,"25,354.47",GB654974100,I0062660
31/10/2018,Hcare Srv Rec Fdtn Trust-Contract Baseline,MENTAL HEALTH CONTRACTS,ESSEX PARTNERSHIP UNIVERSITY NHS FT,24261406,"2,028,358.00",GB654974100,I0062655
31/10/2018,Basic Sal-Internal Recharge-Pay,FINANCE,NHS CASTLE POINT AND ROCHFORD CCG,24261433,"881,988.81",,7030301071
31/10/2018,Clinical&Medical-Clinical Other,MENTAL HEALTH SERVICES - ADULTS,RUSKIN MILL TRUST LTD,24283987,"45,026.87",,SIN001709
31/10/2018,Income tax <1Yr,BALANCE SHEET,HMRC,24300004,"39,608.00",,120PT005652581906
31/10/2018,Income tax <1Yr-Student Loans,BALANCE SHEET,HMRC,24300004,506,,120PT005652581906
31/10/2018,National Insurance < 1 yr-NI- ERS,BALANCE SHEET,HMRC,24300004,"26,702.87",,120PT005652581906
31/10/2018,National Insurance < 1 yr-NI-EES,BALANCE SHEET,HMRC,24300004,"18,728.07",,120PT005652581906
31/10/2018,Statutory Mat Pay < 1 yr,BALANCE SHEET,HMRC,24300004,-534.28,,120PT005652581906
31/10/2018,C&M-GMS Practice Transformational Support,LOCAL ENHANCED SERVICES,CARE UNBOUND LTD,24335371,"30,364.80",258456177,20237
31/10/2018,Clinical&Medical-Clinical Other,COMMUNITY SERVICES,UPLANDS CARE CENTRE LTD,24335380,"108,500.00",,UPL402
31/10/2018,Cont Care-Physical Disab (<65),CHC ADULT FULLY FUNDED,UPLANDS CARE CENTRE LTD,24335380,"15,500.00",,UPL402
31/10/2018,C&M-GMS Practice Transformational Support,LOCAL ENHANCED SERVICES,CARE UNBOUND LTD,24335386,"-30,364.80",258456177,CN20299
31/10/2018,External Consultancy Fees,NON RECURRENT PROGRAMMES,INTEGRITY ADDITION CONSULTING LTD,24383537,"38,407.00",156779753,40
31/10/2018,Computer Maintenance,PRIMARY CARE IT,ESSEX PARTNERSHIP UNIVERSITY NHS FT,24390248,"43,422.00",GB654974100,I0062677
31/10/2018,Cont Care-Physical Disab (<65),CHC ADULT FULLY FUNDED,PRECIOUS HOMES LTD,24439837,"28,920.72",,PRI001660
31/10/2018,Hcare Srv Rec Fdtn Trust-Contract Baseline,ACUTE COMMISSIONING,BASILDON & THURROCK UNIVERSITY HOSPITALS NHS FOUNDATION TRUST,24439850,"-127,113.00",GB 654911917,8274
31/10/2018,C&M-GMS Global Sum,PRC DELEGATED CO-COMMISSIONING,AGHA B & PARTNERS,24450352,"54,113.20",,EX000076324
31/10/2018,C&M-GMS Other FDR Payment,PRC DELEGATED CO-COMMISSIONING,AGHA B & PARTNERS,24450352,"1,318.28",,EX000076324
31/10/2018,C&M-GMS Prem Notional Rent,PRC DELEGATED CO-COMMISSIONING,AGHA B & PARTNERS,24450352,"2,436.77",,EX000076324
31/10/2018,C&M-GMS QOF Aspiration,PRC DELEGATED CO-COMMISSIONING,AGHA B & PARTNERS,24450352,"4,790.39",,EX000076324
31/10/2018,C&M-GMS DES Extended Hours Access,PRC DELEGATED CO-COMMISSIONING,DAVIES B S & PARTNERS,24450357,"7,646.56",,EX000076326
31/10/2018,C&M-GMS DES Learn Dsblty Hlth Chk,PRC DELEGATED CO-COMMISSIONING,DAVIES B S & PARTNERS,24450357,"5,040.00",,EX000076326
31/10/2018,C&M-GMS DES Minor Surgery,PRC DELEGATED CO-COMMISSIONING,DAVIES B S & PARTNERS,24450357,"8,368.48",,EX000076326
31/10/2018,C&M-GMS Global Sum,PRC DELEGATED CO-COMMISSIONING,DAVIES B S & PARTNERS,24450357,"78,052.35",,EX000076326
31/10/2018,C&M-GMS Other FDR Payment,PRC DELEGATED CO-COMMISSIONING,DAVIES B S & PARTNERS,24450357,"4,192.27",,EX000076326
31/10/2018,C&M-GMS Prem Actual Rent,PRC DELEGATED CO-COMMISSIONING,DAVIES B S & PARTNERS,24450357,"21,718.47",,EX000076326
31/10/2018,C&M-GMS QOF Aspiration,PRC DELEGATED CO-COMMISSIONING,DAVIES B S & PARTNERS,24450357,"6,100.01",,EX000076326
31/10/2018,C&M-GMS Global Sum,PRC DELEGATED CO-COMMISSIONING,DICKENS L A & PARTNERS,24450365,"148,523.90",,EX000076330
31/10/2018,C&M-GMS Other FDR Payment,PRC DELEGATED CO-COMMISSIONING,DICKENS L A & PARTNERS,24450365,"4,017.41",,EX000076330
31/10/2018,C&M-GMS Prem Actual Rent,PRC DELEGATED CO-COMMISSIONING,DICKENS L A & PARTNERS,24450365,"26,940.75",,EX000076330
31/10/2018,C&M-GMS Prem Notional Rent,PRC DELEGATED CO-COMMISSIONING,DICKENS L A & PARTNERS,24450365,"1,633.33",,EX000076330
31/10/2018,C&M-GMS QOF Aspiration,PRC DELEGATED CO-COMMISSIONING,DICKENS L A & PARTNERS,24450365,"17,625.95",,EX000076330
31/10/2018,ME-GMS GP Pension EEs Adjustments,PRC DELEGATED CO-COMMISSIONING,DICKENS L A & PARTNERS,24450365,"2,795.63",,EX000076330
31/10/2018,ME-GMS GP Pension ERs Adjustments,PRC DELEGATED CO-COMMISSIONING,DICKENS L A & PARTNERS,24450365,"2,977.87",,EX000076330
31/10/2018,C&M-GMS DES Violent Patients,PRC DELEGATED CO-COMMISSIONING,DR B BEKAS,24450368,"6,858.33",,EX000076332
31/10/2018,C&M-GMS Global Sum,PRC DELEGATED CO-COMMISSIONING,DR B BEKAS,24450368,"15,063.75",,EX000076332
31/10/2018,C&M-GMS LES Care of Homeless,LOCAL ENHANCED SERVICES,DR B BEKAS,24450368,"5,500.00",,EX000076332
31/10/2018,C&M-GMS Other FDR Payment,PRC DELEGATED CO-COMMISSIONING,DR B BEKAS,24450368,281.25,,EX000076332
31/10/2018,C&M-GMS Prem Notional Rent,PRC DELEGATED CO-COMMISSIONING,DR B BEKAS,24450368,"1,391.67",,EX000076332
31/10/2018,C&M-GMS QOF Aspiration,PRC DELEGATED CO-COMMISSIONING,DR B BEKAS,24450368,"1,204.93",,EX000076332
31/10/2018,C&M-GMS Global Sum,PRC DELEGATED CO-COMMISSIONING,IRLAM A C & PARTNER,24450371,"57,690.61",,EX000076334
31/10/2018,C&M-GMS Other FDR Payment,PRC DELEGATED CO-COMMISSIONING,IRLAM A C & PARTNER,24450371,"1,752.54",,EX000076334
31/10/2018,C&M-GMS Prem Actual Rent,PRC DELEGATED CO-COMMISSIONING,IRLAM A C & PARTNER,24450371,"2,468.33",,EX000076334
31/10/2018,C&M-GMS Prem Water Rates,PRC DELEGATED CO-COMMISSIONING,IRLAM A C & PARTNER,24450371,162.32,,EX000076334
31/10/2018,C&M-GMS QOF Aspiration,PRC DELEGATED CO-COMMISSIONING,IRLAM A C & PARTNER,24450371,"5,509.57",,EX000076334
31/10/2018,C&M-GMS DES Extended Hours Access,PRC DELEGATED CO-COMMISSIONING,HOUSTON B R M & PARTNERS,24450375,"12,582.76",,EX000076336
31/10/2018,C&M-GMS DES Minor Surgery,PRC DELEGATED CO-COMMISSIONING,HOUSTON B R M & PARTNERS,24450375,"15,652.96",,EX000076336
31/10/2018,C&M-GMS Global Sum,PRC DELEGATED CO-COMMISSIONING,HOUSTON B R M & PARTNERS,24450375,"95,080.21",,EX000076336
31/10/2018,C&M-GMS Other FDR Payment,PRC DELEGATED CO-COMMISSIONING,HOUSTON B R M & PARTNERS,24450375,"3,054.51",,EX000076336
31/10/2018,C&M-GMS PCO Locum Sickness,PRC DELEGATED CO-COMMISSIONING,HOUSTON B R M & PARTNERS,24450375,"7,881.84",,EX000076336
31/10/2018,C&M-GMS Prem Actual Rent,PRC DELEGATED CO-COMMISSIONING,HOUSTON B R M & PARTNERS,24450375,666.67,,EX000076336
31/10/2018,C&M-GMS Prem Notional Rent,PRC DELEGATED CO-COMMISSIONING,HOUSTON B R M & PARTNERS,24450375,"3,395.83",,EX000076336
31/10/2018,C&M-GMS QOF Aspiration,PRC DELEGATED CO-COMMISSIONING,HOUSTON B R M & PARTNERS,24450375,"9,190.02",,EX000076336
31/10/2018,C&M-GMS DES Extended Hours Access,PRC DELEGATED CO-COMMISSIONING,KRISHNAN A C & PARTNERS,24450380,"2,346.98",,EX000076340
31/10/2018,C&M-GMS DES Minor Surgery,PRC DELEGATED CO-COMMISSIONING,KRISHNAN A C & PARTNERS,24450380,"1,907.84",,EX000076340
31/10/2018,C&M-GMS Global Sum,PRC DELEGATED CO-COMMISSIONING,KRISHNAN A C & PARTNERS,24450380,"38,319.94",,EX000076340
31/10/2018,C&M-GMS Other FDR Payment,PRC DELEGATED CO-COMMISSIONING,KRISHNAN A C & PARTNERS,24450380,"1,816.14",,EX000076340
31/10/2018,C&M-GMS Prem Notional Rent,PRC DELEGATED CO-COMMISSIONING,KRISHNAN A C & PARTNERS,24450380,"3,891.67",,EX000076340
31/10/2018,C&M-GMS QOF Aspiration,PRC DELEGATED CO-COMMISSIONING,KRISHNAN A C & PARTNERS,24450380,"4,192.35",,EX000076340
31/10/2018,C&M-GMS Global Sum,PRC DELEGATED CO-COMMISSIONING,KUMAR N & PARTNERS,24450382,"53,083.65",,EX000076342
31/10/2018,C&M-GMS Other FDR Payment,PRC DELEGATED CO-COMMISSIONING,KUMAR N & PARTNERS,24450382,"2,354.63",,EX000076342
31/10/2018,C&M-GMS Prem Actual Rent,PRC DELEGATED CO-COMMISSIONING,KUMAR N & PARTNERS,24450382,"1,166.67",,EX000076342
31/10/2018,C&M-GMS QOF Aspiration,PRC DELEGATED CO-COMMISSIONING,KUMAR N & PARTNERS,24450382,"5,391.87",,EX000076342
31/10/2018,C&M-GMS DES Extended Hours Access,PRC DELEGATED CO-COMMISSIONING,KHAN A A,24450384,"1,445.43",,EX000076344
31/10/2018,C&M-GMS DES Minor Surgery,PRC DELEGATED CO-COMMISSIONING,KHAN A A,24450384,"1,734.40",,EX000076344
31/10/2018,C&M-GMS Global Sum,PRC DELEGATED CO-COMMISSIONING,KHAN A A,24450384,"21,860.99",,EX000076344
31/10/2018,C&M-GMS Other FDR Payment,PRC DELEGATED CO-COMMISSIONING,KHAN A A,24450384,"1,068.82",,EX000076344
31/10/2018,C&M-GMS Prem Notional Rent,PRC DELEGATED CO-COMMISSIONING,KHAN A A,24450384,"1,716.67",,EX000076344
31/10/2018,C&M-GMS QOF Aspiration,PRC DELEGATED CO-COMMISSIONING,KHAN A A,24450384,"2,212.47",,EX000076344
31/10/2018,C&M-GMS Global Sum,PRC DELEGATED CO-COMMISSIONING,MOSS P N B,24450386,"23,674.49",,EX000076346
31/10/2018,C&M-GMS Other FDR Payment,PRC DELEGATED CO-COMMISSIONING,MOSS P N B,24450386,"1,364.94",,EX000076346
31/10/2018,C&M-GMS PCO Locum Sickness,PRC DELEGATED CO-COMMISSIONING,MOSS P N B,24450386,"16,372.37",,EX000076346
31/10/2018,C&M-GMS Prem Notional Rent,PRC DELEGATED CO-COMMISSIONING,MOSS P N B,24450386,"2,872.92",,EX000076346
31/10/2018,C&M-GMS QOF Aspiration,PRC DELEGATED CO-COMMISSIONING,MOSS P N B,24450386,"2,348.50",,EX000076346
31/10/2018,C&M-GMS DES Extended Hours Access,PRC DELEGATED CO-COMMISSIONING,NG H W & PARTNER,24450391,"1,294.85",,EX000076348
31/10/2018,C&M-GMS DES Minor Surgery,PRC DELEGATED CO-COMMISSIONING,NG H W & PARTNER,24450391,43.36,,EX000076348
31/10/2018,C&M-GMS Global Sum,PRC DELEGATED CO-COMMISSIONING,NG H W & PARTNER,24450391,"20,309.20",,EX000076348
31/10/2018,C&M-GMS Other FDR Payment,PRC DELEGATED CO-COMMISSIONING,NG H W & PARTNER,24450391,917.97,,EX000076348
31/10/2018,C&M-GMS Prem Notional Rent,PRC DELEGATED CO-COMMISSIONING,NG H W & PARTNER,24450391,"3,458.33",,EX000076348
31/10/2018,C&M-GMS QOF Aspiration,PRC DELEGATED CO-COMMISSIONING,NG H W & PARTNER,24450391,"2,447.00",,EX000076348
31/10/2018,C&M-GMS DES Extended Hours Access,PRC DELEGATED CO-COMMISSIONING,SHAFTESBURY AVENUE SURGERY,24450395,"1,276.33",,EX000076350
31/10/2018,C&M-GMS Global Sum,PRC DELEGATED CO-COMMISSIONING,SHAFTESBURY AVENUE SURGERY,24450395,"20,228.36",,EX000076350
31/10/2018,C&M-GMS Other FDR Payment,PRC DELEGATED CO-COMMISSIONING,SHAFTESBURY AVENUE SURGERY,24450395,"1,489.37",,EX000076350
31/10/2018,C&M-GMS Prem Notional Rent,PRC DELEGATED CO-COMMISSIONING,SHAFTESBURY AVENUE SURGERY,24450395,"1,416.67",,EX000076350
31/10/2018,C&M-GMS QOF Aspiration,PRC DELEGATED CO-COMMISSIONING,SHAFTESBURY AVENUE SURGERY,24450395,"1,883.98",,EX000076350
31/10/2018,C&M-GMS DES Minor Surgery,PRC DELEGATED CO-COMMISSIONING,SHAH N K & PARTNER,24450399,563.68,,EX000076352
31/10/2018,C&M-GMS Global Sum,PRC DELEGATED CO-COMMISSIONING,SHAH N K & PARTNER,24450399,"18,784.19",,EX000076352
31/10/2018,C&M-GMS Other FDR Payment,PRC DELEGATED CO-COMMISSIONING,SHAH N K & PARTNER,24450399,"1,674.09",,EX000076352
31/10/2018,C&M-GMS PCO Locum Susp Drs,PRC DELEGATED CO-COMMISSIONING,SHAH N K & PARTNER,24450399,"2,070.00",,EX000076352
31/10/2018,C&M-GMS Prem Notional Rent,PRC DELEGATED CO-COMMISSIONING,SHAH N K & PARTNER,24450399,"1,433.33",,EX000076352
31/10/2018,C&M-GMS QOF Aspiration,PRC DELEGATED CO-COMMISSIONING,SHAH N K & PARTNER,24450399,"1,778.05",,EX000076352
31/10/2018,C&M-GMS Global Sum,PRC DELEGATED CO-COMMISSIONING,SATHANANDAN S,24450403,"25,420.67",,EX000076354
31/10/2018,C&M-GMS Other FDR Payment,PRC DELEGATED CO-COMMISSIONING,SATHANANDAN S,24450403,"1,447.75",,EX000076354
31/10/2018,C&M-GMS Prem Notional Rent,PRC DELEGATED CO-COMMISSIONING,SATHANANDAN S,24450403,"2,070.82",,EX000076354
31/10/2018,C&M-GMS QOF Aspiration,PRC DELEGATED CO-COMMISSIONING,SATHANANDAN S,24450403,"2,964.72",,EX000076354
31/10/2018,C&M-GMS DES Minor Surgery,PRC DELEGATED CO-COMMISSIONING,SOORIAKUMARAN V & PARTNERS,24450405,"1,734.40",,EX000076356
31/10/2018,C&M-GMS Global Sum,PRC DELEGATED CO-COMMISSIONING,SOORIAKUMARAN V & PARTNERS,24450405,"34,285.70",,EX000076356
31/10/2018,C&M-GMS Other FDR Payment,PRC DELEGATED CO-COMMISSIONING,SOORIAKUMARAN V & PARTNERS,24450405,101.21,,EX000076356
31/10/2018,C&M-GMS Prem Notional Rent,PRC DELEGATED CO-COMMISSIONING,SOORIAKUMARAN V & PARTNERS,24450405,"2,408.34",,EX000076356
31/10/2018,C&M-GMS QOF Aspiration,PRC DELEGATED CO-COMMISSIONING,SOORIAKUMARAN V & PARTNERS,24450405,"3,043.68",,EX000076356
31/10/2018,C&M-GMS DES Extended Hours Access,PRC DELEGATED CO-COMMISSIONING,SIDDIQUE H A & PARTNER,24450407,"2,346.50",,EX000076358
31/10/2018,C&M-GMS DES Minor Surgery,PRC DELEGATED CO-COMMISSIONING,SIDDIQUE H A & PARTNER,24450407,476.96,,EX000076358
31/10/2018,C&M-GMS Global Sum,PRC DELEGATED CO-COMMISSIONING,SIDDIQUE H A & PARTNER,24450407,"37,010.75",,EX000076358
31/10/2018,C&M-GMS Other FDR Payment,PRC DELEGATED CO-COMMISSIONING,SIDDIQUE H A & PARTNER,24450407,"1,411.32",,EX000076358
31/10/2018,C&M-GMS Prem Notional Rent,PRC DELEGATED CO-COMMISSIONING,SIDDIQUE H A & PARTNER,24450407,"4,375.00",,EX000076358
31/10/2018,C&M-GMS Prem Rates,PRC DELEGATED CO-COMMISSIONING,SIDDIQUE H A & PARTNER,24450407,"16,320.00",,EX000076358
31/10/2018,C&M-GMS QOF Aspiration,PRC DELEGATED CO-COMMISSIONING,SIDDIQUE H A & PARTNER,24450407,"3,424.95",,EX000076358
31/10/2018,C&M-GMS DES Extended Hours Access,PRC DELEGATED CO-COMMISSIONING,VASHISHT S L & PARTNER,24450409,"1,377.98",,EX000076360
31/10/2018,C&M-GMS Global Sum,PRC DELEGATED CO-COMMISSIONING,VASHISHT S L & PARTNER,24450409,"20,653.67",,EX000076360
31/10/2018,C&M-GMS Other FDR Payment,PRC DELEGATED CO-COMMISSIONING,VASHISHT S L & PARTNER,24450409,757.17,,EX000076360
31/10/2018,C&M-GMS Prem Notional Rent,PRC DELEGATED CO-COMMISSIONING,VASHISHT S L & PARTNER,24450409,"1,321.00",,EX000076360
31/10/2018,C&M-GMS QOF Aspiration,PRC DELEGATED CO-COMMISSIONING,VASHISHT S L & PARTNER,24450409,"2,185.91",,EX000076360
31/10/2018,C&M-GMS DES Extended Hours Access,PRC DELEGATED CO-COMMISSIONING,VERGHESE & KHAN,24450411,"2,892.75",,EX000076362
31/10/2018,C&M-GMS DES Minor Surgery,PRC DELEGATED CO-COMMISSIONING,VERGHESE & KHAN,24450411,520.32,,EX000076362
31/10/2018,C&M-GMS Global Sum,PRC DELEGATED CO-COMMISSIONING,VERGHESE & KHAN,24450411,"42,679.83",,EX000076362
31/10/2018,C&M-GMS QOF Aspiration,PRC DELEGATED CO-COMMISSIONING,VERGHESE & KHAN,24450411,"3,651.22",,EX000076362
31/10/2018,C&M-GMS DES Extended Hours Access,PRC DELEGATED CO-COMMISSIONING,CHISNELL P & PARTNERS,24450414,"7,991.88",,EX000076366
31/10/2018,C&M-GMS DES Minor Surgery,PRC DELEGATED CO-COMMISSIONING,CHISNELL P & PARTNERS,24450414,"6,764.16",,EX000076366
31/10/2018,C&M-GMS Global Sum,PRC DELEGATED CO-COMMISSIONING,CHISNELL P & PARTNERS,24450414,"122,701.32",,EX000076366
31/10/2018,C&M-GMS Other FDR Payment,PRC DELEGATED CO-COMMISSIONING,CHISNELL P & PARTNERS,24450414,"2,918.85",,EX000076366
31/10/2018,C&M-GMS Prem Actual Rent,PRC DELEGATED CO-COMMISSIONING,CHISNELL P & PARTNERS,24450414,"29,630.83",,EX000076366
31/10/2018,C&M-GMS QOF Aspiration,PRC DELEGATED CO-COMMISSIONING,CHISNELL P & PARTNERS,24450414,"13,010.48",,EX000076366
31/10/2018,C&M-GMS DES Extended Hours Access,PRC DELEGATED CO-COMMISSIONING,DR N KUMAR (CENTRAL SURGERY),24450416,"2,403.03",,EX000076368
31/10/2018,C&M-GMS DES Minor Surgery,PRC DELEGATED CO-COMMISSIONING,DR N KUMAR (CENTRAL SURGERY),24450416,390.24,,EX000076368
31/10/2018,C&M-GMS Global Sum,PRC DELEGATED CO-COMMISSIONING,DR N KUMAR (CENTRAL SURGERY),24450416,"47,231.93",,EX000076368
31/10/2018,C&M-GMS Prem Actual Rent,PRC DELEGATED CO-COMMISSIONING,DR N KUMAR (CENTRAL SURGERY),24450416,"13,296.70",,EX000076368
31/10/2018,C&M-GMS QOF Aspiration,PRC DELEGATED CO-COMMISSIONING,DR N KUMAR (CENTRAL SURGERY),24450416,"4,847.24",,EX000076368
31/10/2018,C&M-GMS DES Minor Surgery,PRC DELEGATED CO-COMMISSIONING,DRS PALACIN & GUYLER,24450418,346.88,,EX000076370
31/10/2018,C&M-GMS Global Sum,PRC DELEGATED CO-COMMISSIONING,DRS PALACIN & GUYLER,24450418,"29,099.66",,EX000076370
31/10/2018,C&M-GMS Other FDR Payment,PRC DELEGATED CO-COMMISSIONING,DRS PALACIN & GUYLER,24450418,"1,610.80",,EX000076370
31/10/2018,C&M-GMS Prem Actual Rent,PRC DELEGATED CO-COMMISSIONING,DRS PALACIN & GUYLER,24450418,583.33,,EX000076370
31/10/2018,C&M-GMS QOF Aspiration,PRC DELEGATED CO-COMMISSIONING,DRS PALACIN & GUYLER,24450418,"2,845.97",,EX000076370
31/10/2018,Hcare Srv Rec Fdtn Trust-Non Contract,COMMUNITY SERVICES,SOUTHEND UNIVERSITY HOSPITAL NHS FOUNDATION TRUST,24460284,"50,271.43",654942902,448956
31/10/2018,C&M-GMS DES Extended Hours Access,PRC DELEGATED CO-COMMISSIONING,ZAIDI S H H & PARTNERS,24473162,"5,582.20",,EX000076364
31/10/2018,C&M-GMS DES Minor Surgery,PRC DELEGATED CO-COMMISSIONING,ZAIDI S H H & PARTNERS,24473162,"3,078.56",,EX000076364
31/10/2018,C&M-GMS Global Sum,PRC DELEGATED CO-COMMISSIONING,ZAIDI S H H & PARTNERS,24473162,"90,226.36",,EX000076364
31/10/2018,C&M-GMS Other FDR Payment,PRC DELEGATED CO-COMMISSIONING,ZAIDI S H H & PARTNERS,24473162,"3,837.12",,EX000076364
31/10/2018,C&M-GMS PCO Locum Sickness,PRC DELEGATED CO-COMMISSIONING,ZAIDI S H H & PARTNERS,24473162,"2,349.19",,EX000076364
31/10/2018,C&M-GMS Prem Notional Rent,PRC DELEGATED CO-COMMISSIONING,ZAIDI S H H & PARTNERS,24473162,"6,400.00",,EX000076364
31/10/2018,C&M-GMS QOF Aspiration,PRC DELEGATED CO-COMMISSIONING,ZAIDI S H H & PARTNERS,24473162,"9,927.04",,EX000076364
31/10/2018,Clinical&Medical-Independent Sector,MENTAL HEALTH SERVICES - OTHER,RETHINK,24479669,"36,484.55",,17716
31/10/2018,Computer Maintenance,PRIMARY CARE IT,ESSEX PARTNERSHIP UNIVERSITY NHS FT,24479677,"30,579.77",GB654974100,I0062491
31/10/2018,Computer Maintenance,PRIMARY CARE IT,ESSEX PARTNERSHIP UNIVERSITY NHS FT,24479685,"28,948.00",GB654974100,I0062698
31/10/2018,Clinical&Medical-Commercial Sector,PLANNED CARE,SPIRE HEALTHCARE LTD,24501035,"39,969.00",915970991,99GHWDPF181906
31/10/2018,Hcare Srv Rec Fdtn Trust-Contract Baseline,ACUTE COMMISSIONING,SOUTHEND UNIVERSITY HOSPITAL NHS FOUNDATION TRUST,24501039,"125,521.00",654942902,448827
31/10/2018,Clinical&Medical-Othe Public Sector,REABLEMENT,SOUTHEND-ON-SEA BOROUGH COUNCIL,24501135,"1,031,852.93",,746590
31/10/2018,Hcare Srv Rec Fdtn Trust-Non Contract,COMMUNITY SERVICES,SOUTHEND UNIVERSITY HOSPITAL NHS FOUNDATION TRUST,24521943,"27,741.00",654942902,448960
31/10/2018,Hcare Srv Rec Fdtn Trust-Contract Baseline,ACUTE COMMISSIONING,SOUTHEND UNIVERSITY HOSPITAL NHS FOUNDATION TRUST,24521945,"9,022,044.00",654942902,448942
