Date,Expense Type,Expense area,Supplier,Transaction number,AP Amount (�),VAT registration number,Purchase invoice number
28/02/2019,Cont Care-Physical Disab (<65),CHC ADULT FULLY FUNDED,PRECIOUS HOMES LTD,25808565,"28,920.72",,PRI001679
28/02/2019,Cont Care-Physical Disab (<65),CHC ADULT FULLY FUNDED,PRECIOUS HOMES LTD,25808598,"36,427.12",,PRI001688
28/02/2019,Hcare Srv Rec NHS Trust-Contract Baseline,ACUTE COMMISSIONING,BARTS HEALTH NHS TRUST,25808699,"136,257.83",654947005,361699
28/02/2019,Hcare Srv Rec Fdtn Trust-Contract Baseline,ACUTE COMMISSIONING,GUYS & ST THOMAS HOSPITAL NHS FOUNDATION TRUST,25808709,"59,569.00",654923417,3255651
28/02/2019,External Consultancy Fees,NON RECURRENT PROGRAMMES,INTEGRITY ADDITION CONSULTING LTD,25822093,"27,057.65",156779753,41
28/02/2019,C&M-GP PRACTICE REVENUE - PCTF,GP FORWARD VIEW,PALL MALL SURGERY,25840463,"30,131.56",,WL005
28/02/2019,Hcare Srv Rec Fdtn Trust-Contract Baseline,ACUTE COMMISSIONING,UNIVERSITY COLLEGE LONDON HOSPITALS NHS FOUNDATION TRUST,25843688,"75,015.00",654948687,5010189684
28/02/2019,Cont Care-Learning Disab(<65),CHC ADULT FULLY FUNDED,PRIORS COURT FOUNDATION,25857381,"48,854.22",,9950
28/02/2019,Hcare Srv Rec NHS Trust-Contract Baseline,ACUTE COMMISSIONING,MID ESSEX HOSPITALS SERVICES NHS TRUST,25868597,"255,920.00",654930128,2000110471
28/02/2019,Hcare Srv Rec Fdtn Trust-Over/ Under Performance,ACUTE COMMISSIONING,SOUTHEND UNIVERSITY HOSPITAL NHS FOUNDATION TRUST,25886967,"430,528.00",654942902,450524
28/02/2019,Clinical&Medical-Commercial Sector,PLANNED CARE,SPIRE HEALTHCARE LTD,25908749,"-34,647.84",915970991,99GHWDREC181908
28/02/2019,Clinical&Medical-Commercial Sector,PLANNED CARE,BMI SOUTHEND PRIVATE HOSPITAL,25908750,"32,721.41",235 1349 80,99GSOOM08NOVAI1819
28/02/2019,Clinical&Medical-Commercial Sector,PLANNED CARE,BMI SOUTHEND PRIVATE HOSPITAL,25908753,"40,949.37",235 1349 80,99GSOOM11FEBINVOICE1819
28/02/2019,Clinical&Medical-Commercial Sector,PLANNED CARE,SPIRE HEALTHCARE LTD,25908754,"39,969.00",915970991,99GHWDPF181911
28/02/2019,Clinical&Medical-Commercial Sector,OUT OF HOURS,INTEGRATED CARE 24 LTD,25908757,"225,359.61",991241024,2578
28/02/2019,Hcare Srv Rec Fdtn Trust-Contract Baseline,ACUTE COMMISSIONING,BASILDON & THURROCK UNIVERSITY HOSPITALS NHS FOUNDATION TRUST,25908758,"338,963.00",GB 654911917,100998
28/02/2019,Hcare Srv Rec Fdtn Trust-Contract Baseline,MENTAL HEALTH CONTRACTS,ESSEX PARTNERSHIP UNIVERSITY NHS FT,25908759,"25,354.47",GB654974100,I0064515
28/02/2019,Clinical&Medical-Commercial Sector,PLANNED CARE,SPRINGFIELD HOSPITAL,25908762,"34,637.04",GB-426505170,3153
28/02/2019,C&M-PMS Contract Value,PRC DELEGATED CO-COMMISSIONING,MALIK S A,25931698,"22,738.50",,EX000079871
28/02/2019,C&M-PMS DES Extended Hours Access,PRC DELEGATED CO-COMMISSIONING,MALIK S A,25931698,"1,547.55",,EX000079871
28/02/2019,C&M-PMS List Size Adjustment,PRC DELEGATED CO-COMMISSIONING,MALIK S A,25931698,"1,600.24",,EX000079871
28/02/2019,C&M-PMS Out of Hours Opt Outs,PRC DELEGATED CO-COMMISSIONING,MALIK S A,25931698,17.78,,EX000079871
28/02/2019,C&M-PMS Prem Notional Rent,PRC DELEGATED CO-COMMISSIONING,MALIK S A,25931698,"2,000.00",,EX000079871
28/02/2019,C&M-PMS QOF Aspiration,PRC DELEGATED CO-COMMISSIONING,MALIK S A,25931698,"1,932.08",,EX000079871
28/02/2019,C&M-APMS Contract Value,PRC DELEGATED CO-COMMISSIONING,PRACTICE NORTHUMBERLAND AVENUE,25931702,"51,977.12",,EX000079873
28/02/2019,C&M-APMS Prem Actual Rent,PRC DELEGATED CO-COMMISSIONING,PRACTICE NORTHUMBERLAND AVENUE,25931702,"5,150.00",,EX000079873
28/02/2019,C&M-APMS Prem Rates,PRC DELEGATED CO-COMMISSIONING,PRACTICE NORTHUMBERLAND AVENUE,25931702,"9,746.34",,EX000079873
28/02/2019,C&M-PMS QOF Aspiration,PRC DELEGATED CO-COMMISSIONING,PRACTICE NORTHUMBERLAND AVENUE,25931702,"3,112.89",,EX000079873
28/02/2019,C&M-PMS Contract Value,PRC DELEGATED CO-COMMISSIONING,QUEENSWAY SURGERY,25931704,-4.26,,EX000079874
28/02/2019,C&M-PMS GP Statutory Levy,PRC DELEGATED CO-COMMISSIONING,QUEENSWAY SURGERY,25931704,-668.61,,EX000079874
28/02/2019,C&M-PMS List Size Adjustment,PRC DELEGATED CO-COMMISSIONING,QUEENSWAY SURGERY,25931704,"-1,597.19",,EX000079874
28/02/2019,C&M-PMS Out of Hours Opt Outs,PRC DELEGATED CO-COMMISSIONING,QUEENSWAY SURGERY,25931704,"-7,052.65",,EX000079874
28/02/2019,C&M-PMS Voluntary Levy,PRC DELEGATED CO-COMMISSIONING,QUEENSWAY SURGERY,25931704,-118.81,,EX000079874
28/02/2019,ME-PMS GP Pension EEs Adjs - PMS,PRC DELEGATED CO-COMMISSIONING,QUEENSWAY SURGERY,25931704,"-5,467.50",,EX000079874
28/02/2019,ME-PMS GP Pension EEs-PMS,PRC DELEGATED CO-COMMISSIONING,QUEENSWAY SURGERY,25931704,"-5,452.08",,EX000079874
28/02/2019,ME-PMS GP Pension ERs Adjs - PMS,PRC DELEGATED CO-COMMISSIONING,QUEENSWAY SURGERY,25931704,"-11,947.38",,EX000079874
28/02/2019,C&M-PMS Contract Value,PRC DELEGATED CO-COMMISSIONING,QUEENSWAY SURGERY,25931707,"143,263.49",,EX000079875
28/02/2019,C&M-PMS Funding Differential Review,PRC DELEGATED CO-COMMISSIONING,QUEENSWAY SURGERY,25931707,"7,652.17",,EX000079875
28/02/2019,C&M-PMS List Size Adjustment,PRC DELEGATED CO-COMMISSIONING,QUEENSWAY SURGERY,25931707,"1,568.36",,EX000079875
28/02/2019,C&M-PMS Out of Hours Opt Outs,PRC DELEGATED CO-COMMISSIONING,QUEENSWAY SURGERY,25931707,77.74,,EX000079875
28/02/2019,C&M-PMS Prem Notional Rent,PRC DELEGATED CO-COMMISSIONING,QUEENSWAY SURGERY,25931707,"15,375.00",,EX000079875
28/02/2019,C&M-PMS QOF Aspiration,PRC DELEGATED CO-COMMISSIONING,QUEENSWAY SURGERY,25931707,"16,762.50",,EX000079875
28/02/2019,C&M-APMS Contract Value,PRC DELEGATED CO-COMMISSIONING,VIRGIN CARE SERVICES LTD (ST LUKES HEALTH CENTRE),25931711,"61,799.45",,EX000079877
28/02/2019,C&M-APMS Prem Actual Rent,PRC DELEGATED CO-COMMISSIONING,VIRGIN CARE SERVICES LTD (ST LUKES HEALTH CENTRE),25931711,"4,160.00",,EX000079877
28/02/2019,C&M-APMS QOF Aspiration,PRC DELEGATED CO-COMMISSIONING,VIRGIN CARE SERVICES LTD (ST LUKES HEALTH CENTRE),25931711,"4,303.99",,EX000079877
28/02/2019,Clinical&Medical-Commercial Sector,PLANNED CARE,SPIRE HEALTHCARE LTD,25969880,"60,922.04",915970991,99GWLSREC181908
28/02/2019,Clinical&Medical-Commercial Sector,PLANNED CARE,SPIRE HEALTHCARE LTD,25969904,"371,924.00",915970991,99GWLSPF181911
28/02/2019,Hcare Srv Rec NHS Trust-Contract Baseline,ACUTE COMMISSIONING,ROYAL NATIONAL ORTHOPAEDIC HOSPITAL NHS TRUST,25969908,"60,889.00",654947494,B0039180
28/02/2019,Clinical&Medical-Clinical Other,COMMUNITY SERVICES,UPLANDS CARE CENTRE LTD,25969915,"98,000.00",,URL426
28/02/2019,Rent,ESTATES AND FACILITIES,SOUTHEND-ON-SEA BOROUGH COUNCIL,25985409,"80,000.00",352 1734 73,748382
28/02/2019,Clinical&Medical-Independent Sector,MENTAL HEALTH SERVICES - OTHER,NHS CASTLE POINT AND ROCHFORD CCG,25985423,"94,443.00",654461334,7030301092
28/02/2019,C&M-GP PRACTICE REVENUE - PCTF,GP FORWARD VIEW,GP HEALTHCARE ALLIANCE LTD,25992310,"44,754.16",,35
28/02/2019,Clinical&Medical-Commercial Sector,PLANNED CARE,SPIRE HEALTHCARE LTD,26007274,"-34,227.41",915970991,99GHWDREC181906
28/02/2019,Clinical&Medical-Commercial Sector,PLANNED CARE,EASTWOOD GROUP PRACTICE,26007471,"65,280.58",,EECSOS31
28/02/2019,Hcare Srv Rec NHS Trust-Contract Baseline,ACUTE COMMISSIONING,BARKING HAVERING AND REDBRIDGE HOSPITALS NHS TRUST,26007486,"38,578.00",654924414,8454434
28/02/2019,Hcare Srv Rec NHS Trust-Over/ Under Performance,ACUTE COMMISSIONING,BARKING HAVERING AND REDBRIDGE HOSPITALS NHS TRUST,26007486,505,654924414,8454434
28/02/2019,Hcare Srv Rec Fdtn Trust-Contract Baseline,CHILD AND ADOLESCENT MENTAL HEALTH,NORTH EAST LONDON NHS FOUNDATION TRUST,26007652,"121,616.00",654404447,54664
28/02/2019,Hcare Srv Rec Fdtn Trust-Contract Baseline,COMMUNITY SERVICES,ESSEX PARTNERSHIP UNIVERSITY NHS FT,26007795,"927,962.00",GB654974100,I0064507
28/02/2019,Hcare Srv Rec Fdtn Trust-Contract Baseline,MENTAL HEALTH CONTRACTS,ESSEX PARTNERSHIP UNIVERSITY NHS FT,26007797,"2,028,358.00",GB654974100,I0064510
28/02/2019,Cont Care-Physical Disab (<65),CHC ADULT FULLY FUNDED,PRECIOUS HOMES LTD,26009115,"32,742.16",,PRI001697
28/02/2019,Income tax <1Yr,BALANCE SHEET,HMRC,26040426,"39,692.00",,120PT005652581910
28/02/2019,Income tax <1Yr-Student Loans,BALANCE SHEET,HMRC,26040426,399,,120PT005652581910
28/02/2019,National Insurance < 1 yr-NI- ERS,BALANCE SHEET,HMRC,26040426,"24,946.79",,120PT005652581910
28/02/2019,National Insurance < 1 yr-NI-EES,BALANCE SHEET,HMRC,26040426,"15,907.61",,120PT005652581910
28/02/2019,Statutory Mat Pay < 1 yr,BALANCE SHEET,HMRC,26040426,-534.28,,120PT005652581910
28/02/2019,Clinical&Medical-Othe Public Sector,COMMUNITY SERVICES,SOUTHEND-ON-SEA BOROUGH COUNCIL,26103513,"145,000.00",352 1734 73,749478
28/02/2019,C&M-GMS DES Learn Dsblty Hlth Chk,PRC DELEGATED CO-COMMISSIONING,AGHA B & PARTNERS,26114814,980,,EX000080091
28/02/2019,C&M-GMS Global Sum,PRC DELEGATED CO-COMMISSIONING,AGHA B & PARTNERS,26114814,"50,793.99",,EX000080091
28/02/2019,C&M-GMS Other FDR Payment,PRC DELEGATED CO-COMMISSIONING,AGHA B & PARTNERS,26114814,"1,318.28",,EX000080091
28/02/2019,C&M-GMS Prem Notional Rent,PRC DELEGATED CO-COMMISSIONING,AGHA B & PARTNERS,26114814,"2,436.77",,EX000080091
28/02/2019,C&M-GMS QOF Aspiration,PRC DELEGATED CO-COMMISSIONING,AGHA B & PARTNERS,26114814,"4,790.39",,EX000080091
28/02/2019,C&M-GMS DES Learn Dsblty Hlth Chk,PRC DELEGATED CO-COMMISSIONING,DAVIES B S & PARTNERS,26114816,"2,940.00",,EX000080093
28/02/2019,C&M-GMS Global Sum,PRC DELEGATED CO-COMMISSIONING,DAVIES B S & PARTNERS,26114816,"72,660.55",,EX000080093
28/02/2019,C&M-GMS Other FDR Payment,PRC DELEGATED CO-COMMISSIONING,DAVIES B S & PARTNERS,26114816,"4,192.27",,EX000080093
28/02/2019,C&M-GMS Prem Actual Rent,PRC DELEGATED CO-COMMISSIONING,DAVIES B S & PARTNERS,26114816,"21,718.47",,EX000080093
28/02/2019,C&M-GMS QOF Aspiration,PRC DELEGATED CO-COMMISSIONING,DAVIES B S & PARTNERS,26114816,"6,100.01",,EX000080093
28/02/2019,C&M-GMS DES Extended Hours Access,PRC DELEGATED CO-COMMISSIONING,DICKENS L A & PARTNERS,26114820,"10,249.55",,EX000080097
28/02/2019,C&M-GMS DES Learn Dsblty Hlth Chk,PRC DELEGATED CO-COMMISSIONING,DICKENS L A & PARTNERS,26114820,"1,260.00",,EX000080097
28/02/2019,C&M-GMS DES Minor Surgery,PRC DELEGATED CO-COMMISSIONING,DICKENS L A & PARTNERS,26114820,"2,514.88",,EX000080097
28/02/2019,C&M-GMS Global Sum,PRC DELEGATED CO-COMMISSIONING,DICKENS L A & PARTNERS,26114820,"136,805.59",,EX000080097
28/02/2019,C&M-GMS Other FDR Payment,PRC DELEGATED CO-COMMISSIONING,DICKENS L A & PARTNERS,26114820,"4,017.41",,EX000080097
28/02/2019,C&M-GMS Prem Actual Rent,PRC DELEGATED CO-COMMISSIONING,DICKENS L A & PARTNERS,26114820,"26,940.75",,EX000080097
28/02/2019,C&M-GMS QOF Aspiration,PRC DELEGATED CO-COMMISSIONING,DICKENS L A & PARTNERS,26114820,"17,625.95",,EX000080097
28/02/2019,C&M-GMS DES Learn Dsblty Hlth Chk,PRC DELEGATED CO-COMMISSIONING,DR B BEKAS,26114822,700,,EX000080099
28/02/2019,C&M-GMS DES Violent Patients,PRC DELEGATED CO-COMMISSIONING,DR B BEKAS,26114822,"6,858.33",,EX000080099
28/02/2019,C&M-GMS Global Sum,PRC DELEGATED CO-COMMISSIONING,DR B BEKAS,26114822,"13,604.89",,EX000080099
28/02/2019,C&M-GMS Other FDR Payment,PRC DELEGATED CO-COMMISSIONING,DR B BEKAS,26114822,281.25,,EX000080099
28/02/2019,C&M-GMS Prem Notional Rent,PRC DELEGATED CO-COMMISSIONING,DR B BEKAS,26114822,"1,391.67",,EX000080099
28/02/2019,C&M-GMS QOF Aspiration,PRC DELEGATED CO-COMMISSIONING,DR B BEKAS,26114822,"1,204.93",,EX000080099
28/02/2019,ME - GMS GP Prior Year ERs,PRC DELEGATED CO-COMMISSIONING,DR B BEKAS,26114822,"1,023.92",,EX000080099
28/02/2019,ME-GMS GP Prior Year EEs,PRC DELEGATED CO-COMMISSIONING,DR B BEKAS,26114822,"1,836.26",,EX000080099
28/02/2019,C&M-GMS Global Sum,PRC DELEGATED CO-COMMISSIONING,IRLAM A C & PARTNER,26114824,"53,627.31",,EX000080101
28/02/2019,C&M-GMS Other FDR Payment,PRC DELEGATED CO-COMMISSIONING,IRLAM A C & PARTNER,26114824,"1,752.54",,EX000080101
28/02/2019,C&M-GMS Prem Actual Rent,PRC DELEGATED CO-COMMISSIONING,IRLAM A C & PARTNER,26114824,"2,468.33",,EX000080101
28/02/2019,C&M-GMS QOF Aspiration,PRC DELEGATED CO-COMMISSIONING,IRLAM A C & PARTNER,26114824,"5,509.57",,EX000080101
28/02/2019,C&M-GMS Global Sum,PRC DELEGATED CO-COMMISSIONING,HOUSTON B R M & PARTNERS,26114826,"88,839.96",,EX000080103
28/02/2019,C&M-GMS Other FDR Payment,PRC DELEGATED CO-COMMISSIONING,HOUSTON B R M & PARTNERS,26114826,"3,054.51",,EX000080103
28/02/2019,C&M-GMS Prem Actual Rent,PRC DELEGATED CO-COMMISSIONING,HOUSTON B R M & PARTNERS,26114826,666.67,,EX000080103
28/02/2019,C&M-GMS Prem Notional Rent,PRC DELEGATED CO-COMMISSIONING,HOUSTON B R M & PARTNERS,26114826,"3,395.83",,EX000080103
28/02/2019,C&M-GMS QOF Aspiration,PRC DELEGATED CO-COMMISSIONING,HOUSTON B R M & PARTNERS,26114826,"9,190.02",,EX000080103
28/02/2019,C&M-GMS DES Learn Dsblty Hlth Chk,PRC DELEGATED CO-COMMISSIONING,KRISHNAN A C & PARTNERS,26114830,140,,EX000080107
28/02/2019,C&M-GMS Global Sum,PRC DELEGATED CO-COMMISSIONING,KRISHNAN A C & PARTNERS,26114830,"36,668.69",,EX000080107
28/02/2019,C&M-GMS Other FDR Payment,PRC DELEGATED CO-COMMISSIONING,KRISHNAN A C & PARTNERS,26114830,"1,816.14",,EX000080107
28/02/2019,C&M-GMS Prem Notional Rent,PRC DELEGATED CO-COMMISSIONING,KRISHNAN A C & PARTNERS,26114830,"3,891.67",,EX000080107
28/02/2019,C&M-GMS QOF Aspiration,PRC DELEGATED CO-COMMISSIONING,KRISHNAN A C & PARTNERS,26114830,"4,192.35",,EX000080107
28/02/2019,C&M-GMS Global Sum,PRC DELEGATED CO-COMMISSIONING,KUMAR N & PARTNERS,26114832,"50,992.64",,EX000080109
28/02/2019,C&M-GMS Other FDR Payment,PRC DELEGATED CO-COMMISSIONING,KUMAR N & PARTNERS,26114832,"2,354.63",,EX000080109
28/02/2019,C&M-GMS Prem Actual Rent,PRC DELEGATED CO-COMMISSIONING,KUMAR N & PARTNERS,26114832,"1,166.67",,EX000080109
28/02/2019,C&M-GMS QOF Aspiration,PRC DELEGATED CO-COMMISSIONING,KUMAR N & PARTNERS,26114832,"5,391.87",,EX000080109
28/02/2019,C&M-GMS Global Sum,PRC DELEGATED CO-COMMISSIONING,KHAN A A,26114834,"20,555.05",,EX000080111
28/02/2019,C&M-GMS Other FDR Payment,PRC DELEGATED CO-COMMISSIONING,KHAN A A,26114834,"1,068.82",,EX000080111
28/02/2019,C&M-GMS Prem Notional Rent,PRC DELEGATED CO-COMMISSIONING,KHAN A A,26114834,"1,716.67",,EX000080111
28/02/2019,C&M-GMS QOF Aspiration,PRC DELEGATED CO-COMMISSIONING,KHAN A A,26114834,"2,212.47",,EX000080111
28/02/2019,C&M-GMS Global Sum,PRC DELEGATED CO-COMMISSIONING,MOSS P N B,26114836,"22,658.76",,EX000080113
28/02/2019,C&M-GMS Other FDR Payment,PRC DELEGATED CO-COMMISSIONING,MOSS P N B,26114836,"1,364.94",,EX000080113
28/02/2019,C&M-GMS Prem Notional Rent,PRC DELEGATED CO-COMMISSIONING,MOSS P N B,26114836,"2,872.92",,EX000080113
28/02/2019,C&M-GMS QOF Aspiration,PRC DELEGATED CO-COMMISSIONING,MOSS P N B,26114836,"2,348.50",,EX000080113
28/02/2019,C&M-GMS Global Sum,PRC DELEGATED CO-COMMISSIONING,NG H W & PARTNER,26114838,"18,995.81",,EX000080115
28/02/2019,C&M-GMS Other FDR Payment,PRC DELEGATED CO-COMMISSIONING,NG H W & PARTNER,26114838,917.97,,EX000080115
28/02/2019,C&M-GMS Prem Notional Rent,PRC DELEGATED CO-COMMISSIONING,NG H W & PARTNER,26114838,"3,458.33",,EX000080115
28/02/2019,C&M-GMS QOF Aspiration,PRC DELEGATED CO-COMMISSIONING,NG H W & PARTNER,26114838,"2,447.00",,EX000080115
28/02/2019,ME-GMS GP Pension EEs,PRC DELEGATED CO-COMMISSIONING,NG H W & PARTNER,26114838,725.58,,EX000080115
28/02/2019,ME-GMS GP Pension ERs Adjustments,PRC DELEGATED CO-COMMISSIONING,NG H W & PARTNER,26114838,772.84,,EX000080115
28/02/2019,C&M-GMS Global Sum,PRC DELEGATED CO-COMMISSIONING,SATHANANDAN S,26114844,"23,766.76",,EX000080121
28/02/2019,C&M-GMS Other FDR Payment,PRC DELEGATED CO-COMMISSIONING,SATHANANDAN S,26114844,"1,447.75",,EX000080121
28/02/2019,C&M-GMS Prem Notional Rent,PRC DELEGATED CO-COMMISSIONING,SATHANANDAN S,26114844,"1,687.50",,EX000080121
28/02/2019,C&M-GMS QOF Aspiration,PRC DELEGATED CO-COMMISSIONING,SATHANANDAN S,26114844,"2,964.72",,EX000080121
28/02/2019,C&M-GMS Global Sum,PRC DELEGATED CO-COMMISSIONING,SOORIAKUMARAN V & PARTNERS,26114846,"32,494.51",,EX000080123
28/02/2019,C&M-GMS Other FDR Payment,PRC DELEGATED CO-COMMISSIONING,SOORIAKUMARAN V & PARTNERS,26114846,101.21,,EX000080123
28/02/2019,C&M-GMS Prem Notional Rent,PRC DELEGATED CO-COMMISSIONING,SOORIAKUMARAN V & PARTNERS,26114846,"2,408.34",,EX000080123
28/02/2019,C&M-GMS QOF Aspiration,PRC DELEGATED CO-COMMISSIONING,SOORIAKUMARAN V & PARTNERS,26114846,"3,043.68",,EX000080123
28/02/2019,C&M-GMS Global Sum,PRC DELEGATED CO-COMMISSIONING,SIDDIQUE H A & PARTNER,26114847,"35,650.72",,EX000080125
28/02/2019,C&M-GMS Other FDR Payment,PRC DELEGATED CO-COMMISSIONING,SIDDIQUE H A & PARTNER,26114847,"1,411.32",,EX000080125
28/02/2019,C&M-GMS Prem Notional Rent,PRC DELEGATED CO-COMMISSIONING,SIDDIQUE H A & PARTNER,26114847,"4,375.00",,EX000080125
28/02/2019,C&M-GMS QOF Aspiration,PRC DELEGATED CO-COMMISSIONING,SIDDIQUE H A & PARTNER,26114847,"3,424.95",,EX000080125
28/02/2019,C&M-GMS DES Learn Dsblty Hlth Chk,PRC DELEGATED CO-COMMISSIONING,VASHISHT S L & PARTNER,26114849,700,,EX000080127
28/02/2019,C&M-GMS Global Sum,PRC DELEGATED CO-COMMISSIONING,VASHISHT S L & PARTNER,26114849,"19,599.94",,EX000080127
28/02/2019,C&M-GMS Other FDR Payment,PRC DELEGATED CO-COMMISSIONING,VASHISHT S L & PARTNER,26114849,757.17,,EX000080127
28/02/2019,C&M-GMS PCO Seniority,PRC DELEGATED CO-COMMISSIONING,VASHISHT S L & PARTNER,26114849,"4,684.88",,EX000080127
28/02/2019,C&M-GMS Prem Notional Rent,PRC DELEGATED CO-COMMISSIONING,VASHISHT S L & PARTNER,26114849,"1,321.00",,EX000080127
28/02/2019,C&M-GMS QOF Aspiration,PRC DELEGATED CO-COMMISSIONING,VASHISHT S L & PARTNER,26114849,"2,185.91",,EX000080127
28/02/2019,C&M-GMS DES Learn Dsblty Hlth Chk,PRC DELEGATED CO-COMMISSIONING,ZAIDI S H H & PARTNERS,26114851,700,,EX000080129
28/02/2019,C&M-GMS Global Sum,PRC DELEGATED CO-COMMISSIONING,ZAIDI S H H & PARTNERS,26114851,"85,166.13",,EX000080129
28/02/2019,C&M-GMS Other FDR Payment,PRC DELEGATED CO-COMMISSIONING,ZAIDI S H H & PARTNERS,26114851,"3,837.12",,EX000080129
28/02/2019,C&M-GMS PCO Seniority,PRC DELEGATED CO-COMMISSIONING,ZAIDI S H H & PARTNERS,26114851,213.75,,EX000080129
28/02/2019,C&M-GMS Prem Notional Rent,PRC DELEGATED CO-COMMISSIONING,ZAIDI S H H & PARTNERS,26114851,"6,400.00",,EX000080129
28/02/2019,C&M-GMS QOF Aspiration,PRC DELEGATED CO-COMMISSIONING,ZAIDI S H H & PARTNERS,26114851,"9,927.04",,EX000080129
28/02/2019,C&M-GMS Global Sum,PRC DELEGATED CO-COMMISSIONING,CHISNELL P & PARTNERS,26114853,"115,232.86",,EX000080131
28/02/2019,C&M-GMS Other FDR Payment,PRC DELEGATED CO-COMMISSIONING,CHISNELL P & PARTNERS,26114853,"2,918.85",,EX000080131
28/02/2019,C&M-GMS Prem Actual Rent,PRC DELEGATED CO-COMMISSIONING,CHISNELL P & PARTNERS,26114853,"29,630.83",,EX000080131
28/02/2019,C&M-GMS QOF Aspiration,PRC DELEGATED CO-COMMISSIONING,CHISNELL P & PARTNERS,26114853,"13,010.48",,EX000080131
28/02/2019,C&M-GMS Global Sum,PRC DELEGATED CO-COMMISSIONING,DR N KUMAR (CENTRAL SURGERY),26114855,"44,117.93",,EX000080133
28/02/2019,C&M-GMS Prem Actual Rent,PRC DELEGATED CO-COMMISSIONING,DR N KUMAR (CENTRAL SURGERY),26114855,"13,296.70",,EX000080133
28/02/2019,C&M-GMS QOF Aspiration,PRC DELEGATED CO-COMMISSIONING,DR N KUMAR (CENTRAL SURGERY),26114855,"4,847.24",,EX000080133
28/02/2019,C&M-GMS Global Sum,PRC DELEGATED CO-COMMISSIONING,DRS PALACIN & GUYLER,26114857,"27,697.98",,EX000080135
28/02/2019,C&M-GMS Other FDR Payment,PRC DELEGATED CO-COMMISSIONING,DRS PALACIN & GUYLER,26114857,"1,610.80",,EX000080135
28/02/2019,C&M-GMS Prem Actual Rent,PRC DELEGATED CO-COMMISSIONING,DRS PALACIN & GUYLER,26114857,583.33,,EX000080135
28/02/2019,C&M-GMS QOF Aspiration,PRC DELEGATED CO-COMMISSIONING,DRS PALACIN & GUYLER,26114857,"2,845.97",,EX000080135
28/02/2019,C&M-GMS Global Sum,PRC DELEGATED CO-COMMISSIONING,CARNARVON MEDICAL CENTRE,26114859,"40,547.04",,EX000080137
28/02/2019,C&M-GMS Prem Actual Rent,PRC DELEGATED CO-COMMISSIONING,CARNARVON MEDICAL CENTRE,26114859,"14,553.04",,EX000080137
28/02/2019,C&M-GMS QOF Aspiration,PRC DELEGATED CO-COMMISSIONING,CARNARVON MEDICAL CENTRE,26114859,"3,651.22",,EX000080137
28/02/2019,Computer Maintenance,CORPORATE COSTS & SERVICES,NHS ARDEN AND GEM CSU,26173197,"44,981.08",GB526164259,7312612815
28/02/2019,Computer Maintenance,CORPORATE COSTS & SERVICES,NHS ARDEN AND GEM CSU,26173199,"44,981.04",GB526164259,7312613172
