Date,Expense Type,Expense area,Supplier,Transaction number,AP Amount (�),VAT registration number,Purchase invoice number
31/12/2018,External Consultancy Fees,NON RECURRENT PROGRAMMES,INTEGRITY ADDITION CONSULTING LTD,24383537,"38,407.00",156779753,40
31/12/2018,C&M-GP PRACTICE REVENUE - PCTF,GP FORWARD VIEW,PALL MALL SURGERY,24985554,"30,131.56",,WL002
31/12/2018,Hcare Srv Rec Fdtn Trust-Non Contract,COMMUNITY SERVICES,ESSEX PARTNERSHIP UNIVERSITY NHS FT,25004481,"43,886.17",GB654974100,I0062121
31/12/2018,Hcare Srv Rec Fdtn Trust-Contract Baseline,MENTAL HEALTH CONTRACTS,HERTFORDSHIRE PARTNERSHIP NHS FOUNDATION TRUST,25004520,"113,148.52",654950120,P0001537
31/12/2018,Hcare Srv Rec Fdtn Trust-Contract Baseline,MENTAL HEALTH CONTRACTS,HERTFORDSHIRE PARTNERSHIP NHS FOUNDATION TRUST,25004524,"113,148.52",654950120,P0001546
31/12/2018,Hcare Srv Rec Fdtn Trust-Over/ Under Performance,ACUTE COMMISSIONING,GUYS & ST THOMAS HOSPITAL NHS FOUNDATION TRUST,25029871,"29,269.00",654923417,3250405
31/12/2018,Hcare Srv Rec Fdtn Trust-Contract Baseline,ACUTE COMMISSIONING,UNIVERSITY COLLEGE LONDON HOSPITALS NHS FOUNDATION TRUST,25029909,"75,015.00",654948687,5010185902
31/12/2018,Hcare Srv Rec Fdtn Trust-Contract Baseline,ACUTE COMMISSIONING,GUYS & ST THOMAS HOSPITAL NHS FOUNDATION TRUST,25029913,"59,569.00",654923417,3251867
31/12/2018,Hcare Srv Rec NHS Trust-Contract Baseline,ACUTE COMMISSIONING,BARTS HEALTH NHS TRUST,25029915,"137,623.58",654947005,356991
31/12/2018,Hcare Srv Rec NHS Trust-Contract Baseline,ACUTE COMMISSIONING,ROYAL NATIONAL ORTHOPAEDIC HOSPITAL NHS TRUST,25029924,"60,889.00",654947494,B0038686
31/12/2018,C&M-GMS LES Primary Care Offer,PRC DELEGATED CO-COMMISSIONING,GP HEALTHCARE ALLIANCE LTD,25030511,"39,899.05",,30
31/12/2018,External Consultancy Fees,NON RECURRENT PROGRAMMES,HUNTER HEALTHCARE RESOURCING LTD,25048968,"23,809.40",112111296,9005
31/12/2018,Clinical&Medical-Commercial Sector,OUT OF HOURS,INTEGRATED CARE 24 LTD,25083277,"225,359.61",991241024,2292
31/12/2018,Hcare Srv Rec Fdtn Trust-Contract Baseline,ACUTE COMMISSIONING,BASILDON & THURROCK UNIVERSITY HOSPITALS NHS FOUNDATION TRUST,25083280,"264,064.00",GB 654911917,99686
31/12/2018,Hcare Srv Rec Fdtn Trust-Contract Baseline,CHILD AND ADOLESCENT MENTAL HEALTH,NORTH EAST LONDON NHS FOUNDATION TRUST,25083305,"121,616.00",654404447,53395
31/12/2018,C&M-PMS Contract Value,PRC DELEGATED CO-COMMISSIONING,MALIK S A,25106021,"22,738.50",,EX000077961
31/12/2018,C&M-PMS DES Learn Dsblty Hlth Chk,PRC DELEGATED CO-COMMISSIONING,MALIK S A,25106021,"1,400.00",,EX000077961
31/12/2018,C&M-PMS List Size Adjustment,PRC DELEGATED CO-COMMISSIONING,MALIK S A,25106021,888.56,,EX000077961
31/12/2018,C&M-PMS Out of Hours Opt Outs,PRC DELEGATED CO-COMMISSIONING,MALIK S A,25106021,17.78,,EX000077961
31/12/2018,C&M-PMS PCO Seniority,PRC DELEGATED CO-COMMISSIONING,MALIK S A,25106021,"1,621.22",,EX000077961
31/12/2018,C&M-PMS Prem Notional Rent,PRC DELEGATED CO-COMMISSIONING,MALIK S A,25106021,"2,000.00",,EX000077961
31/12/2018,C&M-PMS QOF Aspiration,PRC DELEGATED CO-COMMISSIONING,MALIK S A,25106021,"1,932.08",,EX000077961
31/12/2018,C&M-APMS Contract Value,PRC DELEGATED CO-COMMISSIONING,PRACTICE NORTHUMBERLAND AVENUE,25106023,"51,977.12",,EX000077963
31/12/2018,C&M-APMS Prem Actual Rent,PRC DELEGATED CO-COMMISSIONING,PRACTICE NORTHUMBERLAND AVENUE,25106023,"5,150.00",,EX000077963
31/12/2018,C&M-PMS DES Learn Dsblty Hlth Chk,PRC DELEGATED CO-COMMISSIONING,PRACTICE NORTHUMBERLAND AVENUE,25106023,"3,080.00",,EX000077963
31/12/2018,C&M-PMS QOF Aspiration,PRC DELEGATED CO-COMMISSIONING,PRACTICE NORTHUMBERLAND AVENUE,25106023,"3,112.89",,EX000077963
31/12/2018,C&M-PMS Contract Value,PRC DELEGATED CO-COMMISSIONING,QUEENSWAY SURGERY,25106025,"143,263.49",,EX000077965
31/12/2018,C&M-PMS DES Learn Dsblty Hlth Chk,PRC DELEGATED CO-COMMISSIONING,QUEENSWAY SURGERY,25106025,"4,900.00",,EX000077965
31/12/2018,C&M-PMS Funding Differential Review,PRC DELEGATED CO-COMMISSIONING,QUEENSWAY SURGERY,25106025,"7,652.17",,EX000077965
31/12/2018,C&M-PMS Out of Hours Opt Outs,PRC DELEGATED CO-COMMISSIONING,QUEENSWAY SURGERY,25106025,77.74,,EX000077965
31/12/2018,C&M-PMS Prem Notional Rent,PRC DELEGATED CO-COMMISSIONING,QUEENSWAY SURGERY,25106025,"15,375.00",,EX000077965
31/12/2018,C&M-PMS QOF Aspiration,PRC DELEGATED CO-COMMISSIONING,QUEENSWAY SURGERY,25106025,"16,762.50",,EX000077965
31/12/2018,C&M-APMS Contract Value,PRC DELEGATED CO-COMMISSIONING,VIRGIN CARE SERVICES LTD (ST LUKES HEALTH CENTRE),25106027,"61,799.45",,EX000077967
31/12/2018,C&M-APMS Prem Actual Rent,PRC DELEGATED CO-COMMISSIONING,VIRGIN CARE SERVICES LTD (ST LUKES HEALTH CENTRE),25106027,"4,160.00",,EX000077967
31/12/2018,C&M-APMS QOF Aspiration,PRC DELEGATED CO-COMMISSIONING,VIRGIN CARE SERVICES LTD (ST LUKES HEALTH CENTRE),25106027,"4,303.99",,EX000077967
31/12/2018,C&M-PMS DES Learn Dsblty Hlth Chk,PRC DELEGATED CO-COMMISSIONING,VIRGIN CARE SERVICES LTD (ST LUKES HEALTH CENTRE),25106027,140,,EX000077967
31/12/2018,Hcare Srv Rec NHS Trust-Contract Baseline,AMBULANCE SERVICES,EAST OF ENGLAND AMBULANCE SERVICE NHS TRUST,25110831,"690,605.40",654919501,8111953
31/12/2018,Clinical&Medical-Commercial Sector,PLANNED CARE,SPIRE HEALTHCARE LTD,25110834,"371,924.00",915970991,99GWLSPF181909
31/12/2018,Hcare Srv Rec NHS Trust-Contract Baseline,ACUTE COMMISSIONING,BARKING HAVERING AND REDBRIDGE HOSPITALS NHS TRUST,25110843,"38,578.00",654924414,8453485
31/12/2018,Hcare Srv Rec NHS Trust-Over/ Under Performance,ACUTE COMMISSIONING,BARKING HAVERING AND REDBRIDGE HOSPITALS NHS TRUST,25110843,505,654924414,8453485
31/12/2018,Clinical&Medical-Clinical Other,COMMUNITY SERVICES,UPLANDS CARE CENTRE LTD,25110844,"100,750.00",,UPL417
31/12/2018,Cont Care-Physical Disab (<65),CHC ADULT FULLY FUNDED,UPLANDS CARE CENTRE LTD,25110844,"7,750.00",,UPL417
31/12/2018,Hcare Srv Rec Fdtn Trust-Contract Baseline,MENTAL HEALTH CONTRACTS,ESSEX PARTNERSHIP UNIVERSITY NHS FT,25110853,"25,354.47",GB654974100,I0063436
31/12/2018,Clinical&Medical-Othe Public Sector,REABLEMENT,SOUTHEND-ON-SEA BOROUGH COUNCIL,25154054,"1,031,852.93",352 1734 73,748585
31/12/2018,Other Gen Supplies & Srv,COMMISSIONING SCHEMES,NHS CASTLE POINT AND ROCHFORD CCG,25154072,"661,130.57",654461334,7030301091
31/12/2018,Hcare Srv Rec NHS Trust-Non Contract,NCAS/OATS,NORTH MIDDLESEX UNIVERSITY HOSPITAL NHS TRUST,25154082,"37,086.34",654946204,53287
31/12/2018,Hcare Srv Rec NHS Trust-Contract Baseline,ACUTE COMMISSIONING,MID ESSEX HOSPITALS SERVICES NHS TRUST,25154133,"257,645.00",654930128,2000109604
31/12/2018,Clinical&Medical-Commercial Sector,PLANNED CARE,SPRINGFIELD HOSPITAL,25154154,"34,637.04",GB-426505170,3105
31/12/2018,Computer Maintenance,CORPORATE COSTS & SERVICES,NHS ARDEN AND GEM CSU,25177389,"12,465.58",GB526164259,7312612570
31/12/2018,Computer Maintenance,PRIMARY CARE IT,NHS ARDEN AND GEM CSU,25177389,"32,515.50",GB526164259,7312612570
31/12/2018,Clinical&Medical-Commercial Sector,PLANNED CARE,MARIE STOPES INTERNATIONAL,25177455,"-196,837.20",882426016,MS182416A
31/12/2018,Hcare Srv Rec Fdtn Trust-Contract Baseline,MENTAL HEALTH CONTRACTS,ESSEX PARTNERSHIP UNIVERSITY NHS FT,25177475,"2,028,358.00",GB654974100,I0063431
31/12/2018,Hcare Srv Rec Fdtn Trust-Contract Baseline,COMMUNITY SERVICES,ESSEX PARTNERSHIP UNIVERSITY NHS FT,25177481,"927,962.00",GB654974100,I0063427
31/12/2018,Income tax <1Yr,BALANCE SHEET,HMRC,25191020,"40,588.80",,120PT005652581908
31/12/2018,Income tax <1Yr-Student Loans,BALANCE SHEET,HMRC,25191020,504,,120PT005652581908
31/12/2018,National Insurance < 1 yr-NI- ERS,BALANCE SHEET,HMRC,25191020,"27,068.28",,120PT005652581908
31/12/2018,National Insurance < 1 yr-NI-EES,BALANCE SHEET,HMRC,25191020,"18,464.80",,120PT005652581908
31/12/2018,Statutory Mat Pay < 1 yr,BALANCE SHEET,HMRC,25191020,-534.28,,120PT005652581908
31/12/2018,Cont Care-Physical Disab (<65),CHC ADULT FULLY FUNDED,TRELOAR TRUST,25192700,"30,352.92",,3171
31/12/2018,Clinical&Medical-Commercial Sector,PLANNED CARE,MARIE STOPES INTERNATIONAL,25192716,"196,837.20",882426016,MS182416
31/12/2018,Clinical&Medical-Othe Public Sector,MENTAL HEALTH SERVICES - ADULTS,SOUTHEND-ON-SEA BOROUGH COUNCIL,25245430,"150,199.87",352 1734 73,720408
31/12/2018,Cont Care- Children,CHC CHILDREN,SOUTHEND-ON-SEA BOROUGH COUNCIL,25272622,"-56,651.25",352 1734 73,748615
31/12/2018,C&M-GP PRACTICE REVENUE - PCTF,GP FORWARD VIEW,PALL MALL SURGERY,25277373,"30,131.56",,WL003
31/12/2018,C&M-GMS Global Sum,PRC DELEGATED CO-COMMISSIONING,AGHA B & PARTNERS,25319553,"50,588.48",,EX000078197
31/12/2018,C&M-GMS Other FDR Payment,PRC DELEGATED CO-COMMISSIONING,AGHA B & PARTNERS,25319553,"1,318.28",,EX000078197
31/12/2018,C&M-GMS PCO Seniority,PRC DELEGATED CO-COMMISSIONING,AGHA B & PARTNERS,25319553,"2,962.71",,EX000078197
31/12/2018,C&M-GMS Prem Notional Rent,PRC DELEGATED CO-COMMISSIONING,AGHA B & PARTNERS,25319553,"2,436.77",,EX000078197
31/12/2018,C&M-GMS QOF Aspiration,PRC DELEGATED CO-COMMISSIONING,AGHA B & PARTNERS,25319553,"4,790.39",,EX000078197
31/12/2018,C&M-GMS DES Learn Dsblty Hlth Chk,PRC DELEGATED CO-COMMISSIONING,DAVIES B S & PARTNERS,25319555,"1,400.00",,EX000078199
31/12/2018,C&M-GMS Global Sum,PRC DELEGATED CO-COMMISSIONING,DAVIES B S & PARTNERS,25319555,"73,540.55",,EX000078199
31/12/2018,C&M-GMS Other FDR Payment,PRC DELEGATED CO-COMMISSIONING,DAVIES B S & PARTNERS,25319555,"4,192.27",,EX000078199
31/12/2018,C&M-GMS PCO Seniority,PRC DELEGATED CO-COMMISSIONING,DAVIES B S & PARTNERS,25319555,"1,986.52",,EX000078199
31/12/2018,C&M-GMS Prem Actual Rent,PRC DELEGATED CO-COMMISSIONING,DAVIES B S & PARTNERS,25319555,"21,718.47",,EX000078199
31/12/2018,C&M-GMS QOF Aspiration,PRC DELEGATED CO-COMMISSIONING,DAVIES B S & PARTNERS,25319555,"6,100.01",,EX000078199
31/12/2018,C&M-GMS DES Learn Dsblty Hlth Chk,PRC DELEGATED CO-COMMISSIONING,DICKENS L A & PARTNERS,25319559,"9,380.00",,EX000078203
31/12/2018,C&M-GMS Global Sum,PRC DELEGATED CO-COMMISSIONING,DICKENS L A & PARTNERS,25319559,"138,830.36",,EX000078203
31/12/2018,C&M-GMS Other FDR Payment,PRC DELEGATED CO-COMMISSIONING,DICKENS L A & PARTNERS,25319559,"4,017.41",,EX000078203
31/12/2018,C&M-GMS PCO Seniority,PRC DELEGATED CO-COMMISSIONING,DICKENS L A & PARTNERS,25319559,"2,722.55",,EX000078203
31/12/2018,C&M-GMS Prem Actual Rent,PRC DELEGATED CO-COMMISSIONING,DICKENS L A & PARTNERS,25319559,"26,940.75",,EX000078203
31/12/2018,C&M-GMS QOF Aspiration,PRC DELEGATED CO-COMMISSIONING,DICKENS L A & PARTNERS,25319559,"17,625.95",,EX000078203
31/12/2018,C&M-GMS DES Violent Patients,PRC DELEGATED CO-COMMISSIONING,DR B BEKAS,25319561,"6,858.33",,EX000078205
31/12/2018,C&M-GMS Global Sum,PRC DELEGATED CO-COMMISSIONING,DR B BEKAS,25319561,"14,075.46",,EX000078205
31/12/2018,C&M-GMS Other FDR Payment,PRC DELEGATED CO-COMMISSIONING,DR B BEKAS,25319561,281.25,,EX000078205
31/12/2018,C&M-GMS PCO Seniority,PRC DELEGATED CO-COMMISSIONING,DR B BEKAS,25319561,"1,252.37",,EX000078205
31/12/2018,C&M-GMS Prem Notional Rent,PRC DELEGATED CO-COMMISSIONING,DR B BEKAS,25319561,"1,391.67",,EX000078205
31/12/2018,C&M-GMS QOF Aspiration,PRC DELEGATED CO-COMMISSIONING,DR B BEKAS,25319561,"1,204.93",,EX000078205
31/12/2018,C&M-GMS Global Sum,PRC DELEGATED CO-COMMISSIONING,IRLAM A C & PARTNER,25319563,"53,928.01",,EX000078207
31/12/2018,C&M-GMS Other FDR Payment,PRC DELEGATED CO-COMMISSIONING,IRLAM A C & PARTNER,25319563,"1,752.54",,EX000078207
31/12/2018,C&M-GMS PCO Seniority,PRC DELEGATED CO-COMMISSIONING,IRLAM A C & PARTNER,25319563,"2,320.34",,EX000078207
31/12/2018,C&M-GMS Prem Actual Rent,PRC DELEGATED CO-COMMISSIONING,IRLAM A C & PARTNER,25319563,"2,468.33",,EX000078207
31/12/2018,C&M-GMS QOF Aspiration,PRC DELEGATED CO-COMMISSIONING,IRLAM A C & PARTNER,25319563,"5,509.57",,EX000078207
31/12/2018,C&M-GMS DES Learn Dsblty Hlth Chk,PRC DELEGATED CO-COMMISSIONING,HOUSTON B R M & PARTNERS,25319565,"4,200.00",,EX000078209
31/12/2018,C&M-GMS Global Sum,PRC DELEGATED CO-COMMISSIONING,HOUSTON B R M & PARTNERS,25319565,"88,879.19",,EX000078209
31/12/2018,C&M-GMS Other FDR Payment,PRC DELEGATED CO-COMMISSIONING,HOUSTON B R M & PARTNERS,25319565,"3,054.51",,EX000078209
31/12/2018,C&M-GMS PCO Seniority,PRC DELEGATED CO-COMMISSIONING,HOUSTON B R M & PARTNERS,25319565,"3,431.52",,EX000078209
31/12/2018,C&M-GMS Prem Actual Rent,PRC DELEGATED CO-COMMISSIONING,HOUSTON B R M & PARTNERS,25319565,666.67,,EX000078209
31/12/2018,C&M-GMS Prem Notional Rent,PRC DELEGATED CO-COMMISSIONING,HOUSTON B R M & PARTNERS,25319565,"3,395.83",,EX000078209
31/12/2018,C&M-GMS QOF Aspiration,PRC DELEGATED CO-COMMISSIONING,HOUSTON B R M & PARTNERS,25319565,"9,190.02",,EX000078209
31/12/2018,C&M-GMS DES Learn Dsblty Hlth Chk,PRC DELEGATED CO-COMMISSIONING,KRISHNAN A C & PARTNERS,25319569,"2,240.00",,EX000078213
31/12/2018,C&M-GMS Global Sum,PRC DELEGATED CO-COMMISSIONING,KRISHNAN A C & PARTNERS,25319569,"35,841.40",,EX000078213
31/12/2018,C&M-GMS Other FDR Payment,PRC DELEGATED CO-COMMISSIONING,KRISHNAN A C & PARTNERS,25319569,"1,816.14",,EX000078213
31/12/2018,C&M-GMS PCO Seniority,PRC DELEGATED CO-COMMISSIONING,KRISHNAN A C & PARTNERS,25319569,"1,621.22",,EX000078213
31/12/2018,C&M-GMS Prem Notional Rent,PRC DELEGATED CO-COMMISSIONING,KRISHNAN A C & PARTNERS,25319569,"3,891.67",,EX000078213
31/12/2018,C&M-GMS Prem Water Rates,PRC DELEGATED CO-COMMISSIONING,KRISHNAN A C & PARTNERS,25319569,92.02,,EX000078213
31/12/2018,C&M-GMS QOF Aspiration,PRC DELEGATED CO-COMMISSIONING,KRISHNAN A C & PARTNERS,25319569,"4,192.35",,EX000078213
31/12/2018,C&M-GMS DES Learn Dsblty Hlth Chk,PRC DELEGATED CO-COMMISSIONING,KUMAR N & PARTNERS,25319571,"4,200.00",,EX000078215
31/12/2018,C&M-GMS Global Sum,PRC DELEGATED CO-COMMISSIONING,KUMAR N & PARTNERS,25319571,"49,583.14",,EX000078215
31/12/2018,C&M-GMS Other FDR Payment,PRC DELEGATED CO-COMMISSIONING,KUMAR N & PARTNERS,25319571,"2,354.63",,EX000078215
31/12/2018,C&M-GMS PCO Seniority,PRC DELEGATED CO-COMMISSIONING,KUMAR N & PARTNERS,25319571,"2,329.06",,EX000078215
31/12/2018,C&M-GMS Prem Actual Rent,PRC DELEGATED CO-COMMISSIONING,KUMAR N & PARTNERS,25319571,"1,166.67",,EX000078215
31/12/2018,C&M-GMS QOF Aspiration,PRC DELEGATED CO-COMMISSIONING,KUMAR N & PARTNERS,25319571,"5,391.87",,EX000078215
31/12/2018,C&M-GMS Global Sum,PRC DELEGATED CO-COMMISSIONING,KHAN A A,25319573,"20,434.96",,EX000078217
31/12/2018,C&M-GMS Other FDR Payment,PRC DELEGATED CO-COMMISSIONING,KHAN A A,25319573,"1,068.82",,EX000078217
31/12/2018,C&M-GMS Prem Notional Rent,PRC DELEGATED CO-COMMISSIONING,KHAN A A,25319573,"1,716.67",,EX000078217
31/12/2018,C&M-GMS QOF Aspiration,PRC DELEGATED CO-COMMISSIONING,KHAN A A,25319573,"2,212.47",,EX000078217
31/12/2018,C&M-GMS DES Learn Dsblty Hlth Chk,PRC DELEGATED CO-COMMISSIONING,MOSS P N B,25319575,"1,680.00",,EX000078219
31/12/2018,C&M-GMS Global Sum,PRC DELEGATED CO-COMMISSIONING,MOSS P N B,25319575,"22,160.56",,EX000078219
31/12/2018,C&M-GMS Other FDR Payment,PRC DELEGATED CO-COMMISSIONING,MOSS P N B,25319575,"1,364.94",,EX000078219
31/12/2018,C&M-GMS Prem Notional Rent,PRC DELEGATED CO-COMMISSIONING,MOSS P N B,25319575,"2,872.92",,EX000078219
31/12/2018,C&M-GMS QOF Aspiration,PRC DELEGATED CO-COMMISSIONING,MOSS P N B,25319575,"2,348.50",,EX000078219
31/12/2018,C&M-GMS DES Learn Dsblty Hlth Chk,PRC DELEGATED CO-COMMISSIONING,NG H W & PARTNER,25319577,140,,EX000078221
31/12/2018,C&M-GMS Global Sum,PRC DELEGATED CO-COMMISSIONING,NG H W & PARTNER,25319577,"18,990.48",,EX000078221
31/12/2018,C&M-GMS Other FDR Payment,PRC DELEGATED CO-COMMISSIONING,NG H W & PARTNER,25319577,917.97,,EX000078221
31/12/2018,C&M-GMS PCO Seniority,PRC DELEGATED CO-COMMISSIONING,NG H W & PARTNER,25319577,"1,299.84",,EX000078221
31/12/2018,C&M-GMS Prem Notional Rent,PRC DELEGATED CO-COMMISSIONING,NG H W & PARTNER,25319577,"3,458.33",,EX000078221
31/12/2018,C&M-GMS Prem Water Rates,PRC DELEGATED CO-COMMISSIONING,NG H W & PARTNER,25319577,207.04,,EX000078221
31/12/2018,C&M-GMS QOF Aspiration,PRC DELEGATED CO-COMMISSIONING,NG H W & PARTNER,25319577,"2,447.00",,EX000078221
31/12/2018,C&M-GMS DES Learn Dsblty Hlth Chk,PRC DELEGATED CO-COMMISSIONING,SHAH N K & PARTNER,25319581,700,,EX000078225
31/12/2018,C&M-GMS Global Sum,PRC DELEGATED CO-COMMISSIONING,SHAH N K & PARTNER,25319581,"17,576.86",,EX000078225
31/12/2018,C&M-GMS Other FDR Payment,PRC DELEGATED CO-COMMISSIONING,SHAH N K & PARTNER,25319581,"1,674.09",,EX000078225
31/12/2018,C&M-GMS PCO Locum Susp Drs,PRC DELEGATED CO-COMMISSIONING,SHAH N K & PARTNER,25319581,"2,070.00",,EX000078225
31/12/2018,C&M-GMS PCO Seniority,PRC DELEGATED CO-COMMISSIONING,SHAH N K & PARTNER,25319581,"1,861.32",,EX000078225
31/12/2018,C&M-GMS Prem Notional Rent,PRC DELEGATED CO-COMMISSIONING,SHAH N K & PARTNER,25319581,"1,433.33",,EX000078225
31/12/2018,C&M-GMS Prem Water Rates,PRC DELEGATED CO-COMMISSIONING,SHAH N K & PARTNER,25319581,159.1,,EX000078225
31/12/2018,C&M-GMS QOF Aspiration,PRC DELEGATED CO-COMMISSIONING,SHAH N K & PARTNER,25319581,"1,778.05",,EX000078225
31/12/2018,C&M-GMS DES Learn Dsblty Hlth Chk,PRC DELEGATED CO-COMMISSIONING,SATHANANDAN S,25319583,"2,240.00",,EX000078227
31/12/2018,C&M-GMS Global Sum,PRC DELEGATED CO-COMMISSIONING,SATHANANDAN S,25319583,"23,764.30",,EX000078227
31/12/2018,C&M-GMS Other FDR Payment,PRC DELEGATED CO-COMMISSIONING,SATHANANDAN S,25319583,"1,447.75",,EX000078227
31/12/2018,C&M-GMS PCO Seniority,PRC DELEGATED CO-COMMISSIONING,SATHANANDAN S,25319583,"1,412.19",,EX000078227
31/12/2018,C&M-GMS Prem Notional Rent,PRC DELEGATED CO-COMMISSIONING,SATHANANDAN S,25319583,"1,687.50",,EX000078227
31/12/2018,C&M-GMS QOF Aspiration,PRC DELEGATED CO-COMMISSIONING,SATHANANDAN S,25319583,"2,964.72",,EX000078227
31/12/2018,C&M-GMS DES Learn Dsblty Hlth Chk,PRC DELEGATED CO-COMMISSIONING,SOORIAKUMARAN V & PARTNERS,25319585,140,,EX000078229
31/12/2018,C&M-GMS Global Sum,PRC DELEGATED CO-COMMISSIONING,SOORIAKUMARAN V & PARTNERS,25319585,"32,070.39",,EX000078229
31/12/2018,C&M-GMS Other FDR Payment,PRC DELEGATED CO-COMMISSIONING,SOORIAKUMARAN V & PARTNERS,25319585,101.21,,EX000078229
31/12/2018,C&M-GMS PCO Seniority,PRC DELEGATED CO-COMMISSIONING,SOORIAKUMARAN V & PARTNERS,25319585,827.19,,EX000078229
31/12/2018,C&M-GMS Prem Notional Rent,PRC DELEGATED CO-COMMISSIONING,SOORIAKUMARAN V & PARTNERS,25319585,"2,408.34",,EX000078229
31/12/2018,C&M-GMS QOF Aspiration,PRC DELEGATED CO-COMMISSIONING,SOORIAKUMARAN V & PARTNERS,25319585,"3,043.68",,EX000078229
31/12/2018,C&M-GMS Global Sum,PRC DELEGATED CO-COMMISSIONING,SIDDIQUE H A & PARTNER,25319587,"34,669.79",,EX000078231
31/12/2018,C&M-GMS Other FDR Payment,PRC DELEGATED CO-COMMISSIONING,SIDDIQUE H A & PARTNER,25319587,"1,411.32",,EX000078231
31/12/2018,C&M-GMS Prem Notional Rent,PRC DELEGATED CO-COMMISSIONING,SIDDIQUE H A & PARTNER,25319587,"4,375.00",,EX000078231
31/12/2018,C&M-GMS QOF Aspiration,PRC DELEGATED CO-COMMISSIONING,SIDDIQUE H A & PARTNER,25319587,"3,424.95",,EX000078231
31/12/2018,C&M-GMS DES Learn Dsblty Hlth Chk,PRC DELEGATED CO-COMMISSIONING,VASHISHT S L & PARTNER,25319589,"1,540.00",,EX000078233
31/12/2018,C&M-GMS Global Sum,PRC DELEGATED CO-COMMISSIONING,VASHISHT S L & PARTNER,25319589,"19,310.61",,EX000078233
31/12/2018,C&M-GMS Other FDR Payment,PRC DELEGATED CO-COMMISSIONING,VASHISHT S L & PARTNER,25319589,757.17,,EX000078233
31/12/2018,C&M-GMS PCO Seniority,PRC DELEGATED CO-COMMISSIONING,VASHISHT S L & PARTNER,25319589,"1,810.57",,EX000078233
31/12/2018,C&M-GMS Prem Notional Rent,PRC DELEGATED CO-COMMISSIONING,VASHISHT S L & PARTNER,25319589,"1,321.00",,EX000078233
31/12/2018,C&M-GMS QOF Aspiration,PRC DELEGATED CO-COMMISSIONING,VASHISHT S L & PARTNER,25319589,"2,185.91",,EX000078233
31/12/2018,C&M-GMS DES Learn Dsblty Hlth Chk,PRC DELEGATED CO-COMMISSIONING,ZAIDI S H H & PARTNERS,25319591,"1,820.00",,EX000078235
31/12/2018,C&M-GMS Global Sum,PRC DELEGATED CO-COMMISSIONING,ZAIDI S H H & PARTNERS,25319591,"84,372.83",,EX000078235
31/12/2018,C&M-GMS Other FDR Payment,PRC DELEGATED CO-COMMISSIONING,ZAIDI S H H & PARTNERS,25319591,"3,837.12",,EX000078235
31/12/2018,C&M-GMS Prem Notional Rent,PRC DELEGATED CO-COMMISSIONING,ZAIDI S H H & PARTNERS,25319591,"6,400.00",,EX000078235
31/12/2018,C&M-GMS QOF Aspiration,PRC DELEGATED CO-COMMISSIONING,ZAIDI S H H & PARTNERS,25319591,"9,927.04",,EX000078235
31/12/2018,C&M-GMS DES Learn Dsblty Hlth Chk,PRC DELEGATED CO-COMMISSIONING,CHISNELL P & PARTNERS,25319593,"1,680.00",,EX000078237
31/12/2018,C&M-GMS Global Sum,PRC DELEGATED CO-COMMISSIONING,CHISNELL P & PARTNERS,25319593,"114,645.71",,EX000078237
31/12/2018,C&M-GMS Other FDR Payment,PRC DELEGATED CO-COMMISSIONING,CHISNELL P & PARTNERS,25319593,"2,918.85",,EX000078237
31/12/2018,C&M-GMS PCO Locum Sickness,PRC DELEGATED CO-COMMISSIONING,CHISNELL P & PARTNERS,25319593,"5,783.33",,EX000078237
31/12/2018,C&M-GMS PCO Seniority,PRC DELEGATED CO-COMMISSIONING,CHISNELL P & PARTNERS,25319593,"4,304.71",,EX000078237
31/12/2018,C&M-GMS Prem Actual Rent,PRC DELEGATED CO-COMMISSIONING,CHISNELL P & PARTNERS,25319593,"29,630.83",,EX000078237
31/12/2018,C&M-GMS QOF Aspiration,PRC DELEGATED CO-COMMISSIONING,CHISNELL P & PARTNERS,25319593,"13,010.48",,EX000078237
31/12/2018,C&M-GMS DES Learn Dsblty Hlth Chk,PRC DELEGATED CO-COMMISSIONING,DR N KUMAR (CENTRAL SURGERY),25319595,"1,960.00",,EX000078239
31/12/2018,C&M-GMS Global Sum,PRC DELEGATED CO-COMMISSIONING,DR N KUMAR (CENTRAL SURGERY),25319595,"44,263.89",,EX000078239
31/12/2018,C&M-GMS PCO Seniority,PRC DELEGATED CO-COMMISSIONING,DR N KUMAR (CENTRAL SURGERY),25319595,516.08,,EX000078239
31/12/2018,C&M-GMS Prem Actual Rent,PRC DELEGATED CO-COMMISSIONING,DR N KUMAR (CENTRAL SURGERY),25319595,"13,296.70",,EX000078239
31/12/2018,C&M-GMS QOF Aspiration,PRC DELEGATED CO-COMMISSIONING,DR N KUMAR (CENTRAL SURGERY),25319595,"4,847.24",,EX000078239
31/12/2018,C&M-GMS DES Learn Dsblty Hlth Chk,PRC DELEGATED CO-COMMISSIONING,DRS PALACIN & GUYLER,25319597,560,,EX000078241
31/12/2018,C&M-GMS Global Sum,PRC DELEGATED CO-COMMISSIONING,DRS PALACIN & GUYLER,25319597,"27,211.81",,EX000078241
31/12/2018,C&M-GMS Other FDR Payment,PRC DELEGATED CO-COMMISSIONING,DRS PALACIN & GUYLER,25319597,"1,610.80",,EX000078241
31/12/2018,C&M-GMS PCO Seniority,PRC DELEGATED CO-COMMISSIONING,DRS PALACIN & GUYLER,25319597,964.18,,EX000078241
31/12/2018,C&M-GMS Prem Actual Rent,PRC DELEGATED CO-COMMISSIONING,DRS PALACIN & GUYLER,25319597,583.33,,EX000078241
31/12/2018,C&M-GMS QOF Aspiration,PRC DELEGATED CO-COMMISSIONING,DRS PALACIN & GUYLER,25319597,"2,845.97",,EX000078241
31/12/2018,C&M-GMS DES Learn Dsblty Hlth Chk,PRC DELEGATED CO-COMMISSIONING,CARNARVON MEDICAL CENTRE,25319599,140,,EX000078243
31/12/2018,C&M-GMS Global Sum,PRC DELEGATED CO-COMMISSIONING,CARNARVON MEDICAL CENTRE,25319599,"39,879.42",,EX000078243
31/12/2018,C&M-GMS PCO Seniority,PRC DELEGATED CO-COMMISSIONING,CARNARVON MEDICAL CENTRE,25319599,"1,132.19",,EX000078243
31/12/2018,C&M-GMS Prem Actual Rent,PRC DELEGATED CO-COMMISSIONING,CARNARVON MEDICAL CENTRE,25319599,"11,923.70",,EX000078243
31/12/2018,C&M-GMS QOF Aspiration,PRC DELEGATED CO-COMMISSIONING,CARNARVON MEDICAL CENTRE,25319599,"3,651.22",,EX000078243
31/12/2018,Cont Care- Children,CHC CHILDREN,SOUTHEND-ON-SEA BOROUGH COUNCIL,25334371,"56,651.25",352 1734 73,748094
31/12/2018,Clinical&Medical-Commercial Sector,PLANNED CARE,SPIRE HEALTHCARE LTD,25334438,"39,969.00",915970991,99GHWDPF181909
31/12/2018,Hcare Srv Rec Fdtn Trust-Contract Baseline,ACUTE COMMISSIONING,SOUTHEND UNIVERSITY HOSPITAL NHS FOUNDATION TRUST,25334598,"9,022,044.00",654942902,449849
31/12/2018,C&M-GMS Cost of Drugs -Prescribing,LOCAL ENHANCED SERVICES,DICKENS L A & PARTNERS,25365024,"20,693.34",,EX000078815
31/12/2018,C&M-GMS Prof Fees Prescribing,PRC DELEGATED CO-COMMISSIONING,DICKENS L A & PARTNERS,25365024,"4,926.69",,EX000078815
31/12/2018,Clinical&Medical-Commercial Sector,PLANNED CARE,CHARTWELL PRIVATE HOSPITAL,25366939,"32,601.46",,1041
31/12/2018,Clinical&Medical-Commercial Sector,PLANNED CARE,EASTWOOD GROUP PRACTICE,25366954,"64,732.26",,EECSOS29
31/12/2018,Clinical&Medical-Independent Sector,MENTAL HEALTH SERVICES - OTHER,RETHINK,25371850,"36,484.55",,18124
