Date,Expense Type,Expense area,Supplier,Transaction number,AP Amount (�),VAT registration number,Purchase invoice number
30/09/2018,Cont Care- Retrospective Claims,CHC ADULT FULLY FUNDED,CHRISTINE BISHOP,23742900,"58,312.72",,103267-28-AUG-2018
30/09/2018,Hcare Srv Rec Fdtn Trust-Contract Baseline,COMMUNITY SERVICES,ESSEX PARTNERSHIP UNIVERSITY NHS FT,23743666,"119,282.00",GB654974100,I0060069
30/09/2018,Hcare Srv Rec Fdtn Trust-Contract Baseline,MENTAL HEALTH CONTRACTS,ESSEX PARTNERSHIP UNIVERSITY NHS FT,23743671,"194,440.97",GB654974100,I0060066
30/09/2018,Hcare Srv Rec Fdtn Trust-Contract Baseline,ACUTE COMMISSIONING,GUYS & ST THOMAS HOSPITAL NHS FOUNDATION TRUST,23743705,"59,569.00",654923417,3245941
30/09/2018,Clinical&Medical-Othe Public Sector,INTERMEDIATE CARE,SOUTHEND-ON-SEA BOROUGH COUNCIL,23743749,"1,031,852.93",,741343
30/09/2018,Hcare Srv Rec Fdtn Trust-Contract Baseline,ACUTE COMMISSIONING,UNIVERSITY COLLEGE LONDON HOSPITALS NHS FOUNDATION TRUST,23743789,"75,015.00",654948687,SLA4055
30/09/2018,C&M-PMS Contract Value,PRC DELEGATED CO-COMMISSIONING,MALIK S A,23817470,"22,474.84",,EX000075111
30/09/2018,C&M-PMS Out of Hours Opt Outs,PRC DELEGATED CO-COMMISSIONING,MALIK S A,23817470,17.78,,EX000075111
30/09/2018,C&M-PMS PCO Seniority,PRC DELEGATED CO-COMMISSIONING,MALIK S A,23817470,"1,611.61",,EX000075111
30/09/2018,C&M-PMS Prem Notional Rent,PRC DELEGATED CO-COMMISSIONING,MALIK S A,23817470,"2,000.00",,EX000075111
30/09/2018,C&M-PMS QOF Aspiration,PRC DELEGATED CO-COMMISSIONING,MALIK S A,23817470,"1,932.08",,EX000075111
30/09/2018,C&M-PMS Contract Value,PRC DELEGATED CO-COMMISSIONING,QUEENSWAY SURGERY,23817473,"141,598.75",,EX000075115
30/09/2018,C&M-PMS Funding Differential Review,PRC DELEGATED CO-COMMISSIONING,QUEENSWAY SURGERY,23817473,"7,652.17",,EX000075115
30/09/2018,C&M-PMS Out of Hours Opt Outs,PRC DELEGATED CO-COMMISSIONING,QUEENSWAY SURGERY,23817473,59.56,,EX000075115
30/09/2018,C&M-PMS Prem Notional Rent,PRC DELEGATED CO-COMMISSIONING,QUEENSWAY SURGERY,23817473,"15,375.00",,EX000075115
30/09/2018,C&M-PMS QOF Aspiration,PRC DELEGATED CO-COMMISSIONING,QUEENSWAY SURGERY,23817473,"16,762.50",,EX000075115
30/09/2018,C&M-APMS Contract Value,PRC DELEGATED CO-COMMISSIONING,VIRGIN CARE SERVICES LTD (ST LUKES HEALTH CENTRE),23817475,"61,799.45",,EX000075117
30/09/2018,C&M-APMS Prem Actual Rent,PRC DELEGATED CO-COMMISSIONING,VIRGIN CARE SERVICES LTD (ST LUKES HEALTH CENTRE),23817475,"4,160.00",,EX000075117
30/09/2018,C&M-APMS QOF Aspiration,PRC DELEGATED CO-COMMISSIONING,VIRGIN CARE SERVICES LTD (ST LUKES HEALTH CENTRE),23817475,"4,303.99",,EX000075117
30/09/2018,Recharge : Received,CHILD AND ADOLESCENT MENTAL HEALTH,NHS NORTH EAST ESSEX CCG,23831409,"85,169.00",,7021501017
30/09/2018,Clinical&Medical-Commercial Sector,PLANNED CARE,SPIRE HEALTHCARE LTD,23831435,"49,263.87",915970991,99GWLSREC181902
30/09/2018,Cont Care-Physical Disab (<65),CHC ADULT FULLY FUNDED,PRECIOUS HOMES LTD,23831490,"32,019.37",,PRI001643
30/09/2018,Hcare Srv Rec Fdtn Trust-Contract Baseline,ACUTE COMMISSIONING,BASILDON & THURROCK UNIVERSITY HOSPITALS NHS FOUNDATION TRUST,23831518,"264,064.00",,97758
30/09/2018,Hcare Srv Rec NHS Trust-Contract Baseline,AMBULANCE SERVICES,EAST OF ENGLAND AMBULANCE SERVICE NHS TRUST,23831519,"690,605.40",,8110653
30/09/2018,Hcare Srv Rec Fdtn Trust-Contract Baseline,CHILD AND ADOLESCENT MENTAL HEALTH,NORTH EAST LONDON NHS FOUNDATION TRUST,23831533,"106,471.00",654404447,51268
30/09/2018,Hcare Srv Rec Fdtn Trust-Contract Baseline,MENTAL HEALTH CONTRACTS,ESSEX PARTNERSHIP UNIVERSITY NHS FT,23831574,"25,380.13",GB654974100,I0062265
30/09/2018,Computer Maintenance,CORPORATE COSTS & SERVICES,NHS ARDEN AND GEM CSU,23831577,"32,515.50",GB526164259,7312611751
30/09/2018,Computer Maintenance,PRIMARY CARE IT,NHS ARDEN AND GEM CSU,23831577,"12,465.58",GB526164259,7312611751
30/09/2018,C&M-APMS Contract Value,PRC DELEGATED CO-COMMISSIONING,PRACTICE NORTHUMBERLAND AVENUE,23842983,"51,977.12",,EX000075113
30/09/2018,C&M-APMS Prem Actual Rent,PRC DELEGATED CO-COMMISSIONING,PRACTICE NORTHUMBERLAND AVENUE,23842983,"5,150.00",,EX000075113
30/09/2018,C&M-PMS QOF Aspiration,PRC DELEGATED CO-COMMISSIONING,PRACTICE NORTHUMBERLAND AVENUE,23842983,"3,112.89",,EX000075113
30/09/2018,ME - PMS GP Prior Year ERs,PRC DELEGATED CO-COMMISSIONING,PRACTICE NORTHUMBERLAND AVENUE,23842983,"6,166.43",,EX000075113
30/09/2018,ME-PMS GP Pension EEs Adjs - PMS,PRC DELEGATED CO-COMMISSIONING,PRACTICE NORTHUMBERLAND AVENUE,23842983,"4,682.14",,EX000075113
30/09/2018,ME-PMS GP Pension ERs Adjs - PMS,PRC DELEGATED CO-COMMISSIONING,PRACTICE NORTHUMBERLAND AVENUE,23842983,"4,643.39",,EX000075113
30/09/2018,ME-PMS GP Prior Year EEs,PRC DELEGATED CO-COMMISSIONING,PRACTICE NORTHUMBERLAND AVENUE,23842983,"6,217.88",,EX000075113
30/09/2018,Hcare Srv Rec NHS Trust-Contract Baseline,ACUTE COMMISSIONING,BARTS HEALTH NHS TRUST,23850587,"137,623.58",,348291
30/09/2018,Hcare Srv Rec NHS Trust-Contract Baseline,ACUTE COMMISSIONING,BARKING HAVERING AND REDBRIDGE HOSPITALS NHS TRUST,23850598,"39,083.00",,8451823
30/09/2018,Hcare Srv Rec NHS Trust-Contract Baseline,ACUTE COMMISSIONING,ROYAL NATIONAL ORTHOPAEDIC HOSPITAL NHS TRUST,23850611,"60,890.00",,B0037892
30/09/2018,Apprenticeship Levy Payable,BALANCE SHEET,HMRC,23880775,80,,120PT005652581905
30/09/2018,Income tax <1Yr,BALANCE SHEET,HMRC,23880775,"44,785.00",,120PT005652581905
30/09/2018,Income tax <1Yr-Student Loans,BALANCE SHEET,HMRC,23880775,618,,120PT005652581905
30/09/2018,National Insurance < 1 yr-NI- ERS,BALANCE SHEET,HMRC,23880775,"28,990.95",,120PT005652581905
30/09/2018,National Insurance < 1 yr-NI-EES,BALANCE SHEET,HMRC,23880775,"20,076.52",,120PT005652581905
30/09/2018,Statutory Mat Pay < 1 yr,BALANCE SHEET,HMRC,23880775,-582.82,,120PT005652581905
30/09/2018,Clinical&Medical-Commercial Sector,PLANNED CARE,SPIRE HEALTHCARE LTD,23889532,"49,496.84",915970991,99GWLSREC181903
30/09/2018,Clinical&Medical-Commercial Sector,PLANNED CARE,SPIRE HEALTHCARE LTD,23889536,"-39,777.57",915970991,99GHWDREC181903
30/09/2018,Hcare Srv Rec NHS Trust-Contract Baseline,ACUTE COMMISSIONING,IMPERIAL COLLEGE HEALTHCARE NHS TRUST,23889570,"25,080.00",654945990,H0163700
30/09/2018,Clinical&Medical-Commercial Sector,PLANNED CARE,BMI SOUTHEND PRIVATE HOSPITAL,23889684,"40,949.37",235 1349 80,99GSOOM06SEPINVOICE1819
30/09/2018,Hcare Srv Rec NHS Trust-Contract Baseline,ACUTE COMMISSIONING,MID ESSEX HOSPITALS SERVICES NHS TRUST,23889709,"257,645.00",,2000108116
30/09/2018,Hcare Srv Rec Fdtn Trust-Contract Baseline,COMMUNITY SERVICES,ESSEX PARTNERSHIP UNIVERSITY NHS FT,23889721,"930,269.89",GB654974100,I0062256
30/09/2018,Hcare Srv Rec Fdtn Trust-Contract Baseline,MENTAL HEALTH CONTRACTS,ESSEX PARTNERSHIP UNIVERSITY NHS FT,23889722,"2,030,410.00",GB654974100,I0062252
30/09/2018,Hcare Srv Rec NHS Trust-Over/ Under Performance,ACUTE COMMISSIONING,ROYAL NATIONAL ORTHOPAEDIC HOSPITAL NHS TRUST,23966924,"29,477.00",,B0037608
30/09/2018,Cont Care-Physical Disab (65+),CHC ADULT FULLY FUNDED,CATHERINE MILLER HOUSE LTD,23966952,"44,368.43",,2346
30/09/2018,Clinical&Medical-Commercial Sector,PLANNED CARE,SPIRE HEALTHCARE LTD,23966983,"371,924.00",915970991,99GWLSPF181906
30/09/2018,Clinical&Medical-Commercial Sector,OUT OF HOURS,INTEGRATED CARE 24 LTD,23967064,"225,359.61",991241024,1793
30/09/2018,Hcare Srv Rec NHS Trust-Contract Baseline,PATIENT TRANSPORT,EAST OF ENGLAND AMBULANCE SERVICE NHS TRUST,23967076,"52,901.00",,8110835
30/09/2018,Clinical&Medical-Commercial Sector,PLANNED CARE,SPRINGFIELD HOSPITAL,23967210,"34,637.04",GB-426505170,3019
30/09/2018,Clinical&Medical-Clinical Other,COMMUNITY SERVICES,UPLANDS CARE CENTRE LTD,23967538,"97,500.00",,UPL401
30/09/2018,Cont Care-Physical Disab (<65),CHC ADULT FULLY FUNDED,UPLANDS CARE CENTRE LTD,23967538,"22,500.00",,UPL401
30/09/2018,Cont Care-Physical Disab (<65),CHC ADULT FULLY FUNDED,PRECIOUS HOMES LTD,23982313,"28,920.72",,PRI001651
30/09/2018,C&M-GMS Global Sum,PRC DELEGATED CO-COMMISSIONING,AGHA B & PARTNERS,24014293,"49,786.89",,EX000075356
30/09/2018,C&M-GMS Other FDR Payment,PRC DELEGATED CO-COMMISSIONING,AGHA B & PARTNERS,24014293,"1,318.28",,EX000075356
30/09/2018,C&M-GMS PCO Seniority,PRC DELEGATED CO-COMMISSIONING,AGHA B & PARTNERS,24014293,"2,962.71",,EX000075356
30/09/2018,C&M-GMS Prem Notional Rent,PRC DELEGATED CO-COMMISSIONING,AGHA B & PARTNERS,24014293,"2,436.77",,EX000075356
30/09/2018,C&M-GMS QOF Aspiration,PRC DELEGATED CO-COMMISSIONING,AGHA B & PARTNERS,24014293,"4,790.39",,EX000075356
30/09/2018,C&M-GMS DES Learn Dsblty Hlth Chk,PRC DELEGATED CO-COMMISSIONING,DAVIES B S & PARTNERS,24014298,840,,EX000075358
30/09/2018,C&M-GMS Global Sum,PRC DELEGATED CO-COMMISSIONING,DAVIES B S & PARTNERS,24014298,"142,117.53",,EX000075358
30/09/2018,C&M-GMS Other FDR Payment,PRC DELEGATED CO-COMMISSIONING,DAVIES B S & PARTNERS,24014298,"4,192.27",,EX000075358
30/09/2018,C&M-GMS PCO Seniority,PRC DELEGATED CO-COMMISSIONING,DAVIES B S & PARTNERS,24014298,"1,979.22",,EX000075358
30/09/2018,C&M-GMS Prem Actual Rent,PRC DELEGATED CO-COMMISSIONING,DAVIES B S & PARTNERS,24014298,"21,718.47",,EX000075358
30/09/2018,C&M-GMS QOF Aspiration,PRC DELEGATED CO-COMMISSIONING,DAVIES B S & PARTNERS,24014298,"6,100.01",,EX000075358
30/09/2018,C&M-GMS DES Extended Hours Access,PRC DELEGATED CO-COMMISSIONING,DICKENS L A & PARTNERS,24014305,"10,249.55",,EX000075362
30/09/2018,C&M-GMS DES Learn Dsblty Hlth Chk,PRC DELEGATED CO-COMMISSIONING,DICKENS L A & PARTNERS,24014305,420,,EX000075362
30/09/2018,C&M-GMS Global Sum,PRC DELEGATED CO-COMMISSIONING,DICKENS L A & PARTNERS,24014305,"137,096.79",,EX000075362
30/09/2018,C&M-GMS Other FDR Payment,PRC DELEGATED CO-COMMISSIONING,DICKENS L A & PARTNERS,24014305,"4,017.41",,EX000075362
30/09/2018,C&M-GMS PCO Locum Adop/Pat/Mat,PRC DELEGATED CO-COMMISSIONING,DICKENS L A & PARTNERS,24014305,"9,450.00",,EX000075362
30/09/2018,C&M-GMS PCO Seniority,PRC DELEGATED CO-COMMISSIONING,DICKENS L A & PARTNERS,24014305,"2,700.98",,EX000075362
30/09/2018,C&M-GMS Prem Actual Rent,PRC DELEGATED CO-COMMISSIONING,DICKENS L A & PARTNERS,24014305,"26,940.75",,EX000075362
30/09/2018,C&M-GMS Prem Notional Rent,PRC DELEGATED CO-COMMISSIONING,DICKENS L A & PARTNERS,24014305,"1,633.33",,EX000075362
30/09/2018,C&M-GMS QOF Aspiration,PRC DELEGATED CO-COMMISSIONING,DICKENS L A & PARTNERS,24014305,"17,625.95",,EX000075362
30/09/2018,C&M-GMS DES Violent Patients,PRC DELEGATED CO-COMMISSIONING,DR B BEKAS,24014309,"6,858.33",,EX000075364
30/09/2018,C&M-GMS Global Sum,PRC DELEGATED CO-COMMISSIONING,DR B BEKAS,24014309,"13,917.28",,EX000075364
30/09/2018,C&M-GMS LES Care of Homeless,LOCAL ENHANCED SERVICES,DR B BEKAS,24014309,"5,500.00",,EX000075364
30/09/2018,C&M-GMS Other FDR Payment,PRC DELEGATED CO-COMMISSIONING,DR B BEKAS,24014309,281.25,,EX000075364
30/09/2018,C&M-GMS PCO Seniority,PRC DELEGATED CO-COMMISSIONING,DR B BEKAS,24014309,"1,230.08",,EX000075364
30/09/2018,C&M-GMS Prem Notional Rent,PRC DELEGATED CO-COMMISSIONING,DR B BEKAS,24014309,"1,391.67",,EX000075364
30/09/2018,C&M-GMS QOF Aspiration,PRC DELEGATED CO-COMMISSIONING,DR B BEKAS,24014309,"1,204.93",,EX000075364
30/09/2018,C&M-GMS Global Sum,PRC DELEGATED CO-COMMISSIONING,IRLAM A C & PARTNER,24014313,"52,985.52",,EX000075366
30/09/2018,C&M-GMS Other FDR Payment,PRC DELEGATED CO-COMMISSIONING,IRLAM A C & PARTNER,24014313,"1,752.54",,EX000075366
30/09/2018,C&M-GMS PCO Seniority,PRC DELEGATED CO-COMMISSIONING,IRLAM A C & PARTNER,24014313,"2,200.24",,EX000075366
30/09/2018,C&M-GMS Prem Actual Rent,PRC DELEGATED CO-COMMISSIONING,IRLAM A C & PARTNER,24014313,"2,468.33",,EX000075366
30/09/2018,C&M-GMS QOF Aspiration,PRC DELEGATED CO-COMMISSIONING,IRLAM A C & PARTNER,24014313,"5,509.57",,EX000075366
30/09/2018,C&M-GMS DES Learn Dsblty Hlth Chk,PRC DELEGATED CO-COMMISSIONING,HOUSTON B R M & PARTNERS,24014316,140,,EX000075368
30/09/2018,C&M-GMS Global Sum,PRC DELEGATED CO-COMMISSIONING,HOUSTON B R M & PARTNERS,24014316,"86,974.33",,EX000075368
30/09/2018,C&M-GMS Other FDR Payment,PRC DELEGATED CO-COMMISSIONING,HOUSTON B R M & PARTNERS,24014316,"3,054.51",,EX000075368
30/09/2018,C&M-GMS PCO Locum Sickness,PRC DELEGATED CO-COMMISSIONING,HOUSTON B R M & PARTNERS,24014316,"9,155.43",,EX000075368
30/09/2018,C&M-GMS PCO Seniority,PRC DELEGATED CO-COMMISSIONING,HOUSTON B R M & PARTNERS,24014316,"3,374.01",,EX000075368
30/09/2018,C&M-GMS Prem Actual Rent,PRC DELEGATED CO-COMMISSIONING,HOUSTON B R M & PARTNERS,24014316,666.67,,EX000075368
30/09/2018,C&M-GMS Prem Notional Rent,PRC DELEGATED CO-COMMISSIONING,HOUSTON B R M & PARTNERS,24014316,"3,395.83",,EX000075368
30/09/2018,C&M-GMS QOF Aspiration,PRC DELEGATED CO-COMMISSIONING,HOUSTON B R M & PARTNERS,24014316,"9,190.02",,EX000075368
30/09/2018,C&M-GMS DES Learn Dsblty Hlth Chk,PRC DELEGATED CO-COMMISSIONING,KRISHNAN A C & PARTNERS,24014322,140,,EX000075372
30/09/2018,C&M-GMS Global Sum,PRC DELEGATED CO-COMMISSIONING,KRISHNAN A C & PARTNERS,24014322,"35,049.72",,EX000075372
30/09/2018,C&M-GMS Other FDR Payment,PRC DELEGATED CO-COMMISSIONING,KRISHNAN A C & PARTNERS,24014322,"1,816.14",,EX000075372
30/09/2018,C&M-GMS PCO Seniority,PRC DELEGATED CO-COMMISSIONING,KRISHNAN A C & PARTNERS,24014322,"1,621.22",,EX000075372
30/09/2018,C&M-GMS Prem Notional Rent,PRC DELEGATED CO-COMMISSIONING,KRISHNAN A C & PARTNERS,24014322,"5,091.67",,EX000075372
30/09/2018,C&M-GMS QOF Aspiration,PRC DELEGATED CO-COMMISSIONING,KRISHNAN A C & PARTNERS,24014322,"4,192.35",,EX000075372
30/09/2018,C&M-GMS Global Sum,PRC DELEGATED CO-COMMISSIONING,KUMAR N & PARTNERS,24014327,"49,658.55",,EX000075374
30/09/2018,C&M-GMS Other FDR Payment,PRC DELEGATED CO-COMMISSIONING,KUMAR N & PARTNERS,24014327,"2,354.63",,EX000075374
30/09/2018,C&M-GMS PCO Seniority,PRC DELEGATED CO-COMMISSIONING,KUMAR N & PARTNERS,24014327,"2,308.63",,EX000075374
30/09/2018,C&M-GMS Prem Actual Rent,PRC DELEGATED CO-COMMISSIONING,KUMAR N & PARTNERS,24014327,"1,166.67",,EX000075374
30/09/2018,C&M-GMS QOF Aspiration,PRC DELEGATED CO-COMMISSIONING,KUMAR N & PARTNERS,24014327,"5,391.87",,EX000075374
30/09/2018,C&M-GMS DES Learn Dsblty Hlth Chk,PRC DELEGATED CO-COMMISSIONING,KHAN A A,24014331,140,,EX000075376
30/09/2018,C&M-GMS Global Sum,PRC DELEGATED CO-COMMISSIONING,KHAN A A,24014331,"20,158.46",,EX000075376
30/09/2018,C&M-GMS Other FDR Payment,PRC DELEGATED CO-COMMISSIONING,KHAN A A,24014331,"1,068.82",,EX000075376
30/09/2018,C&M-GMS Prem Notional Rent,PRC DELEGATED CO-COMMISSIONING,KHAN A A,24014331,"1,716.67",,EX000075376
30/09/2018,C&M-GMS QOF Aspiration,PRC DELEGATED CO-COMMISSIONING,KHAN A A,24014331,"2,212.47",,EX000075376
30/09/2018,C&M-GMS DES Learn Dsblty Hlth Chk,PRC DELEGATED CO-COMMISSIONING,MOSS P N B,24014334,140,,EX000075378
30/09/2018,C&M-GMS Global Sum,PRC DELEGATED CO-COMMISSIONING,MOSS P N B,24014334,"21,480.43",,EX000075378
30/09/2018,C&M-GMS Other FDR Payment,PRC DELEGATED CO-COMMISSIONING,MOSS P N B,24014334,"1,364.94",,EX000075378
30/09/2018,C&M-GMS Prem Notional Rent,PRC DELEGATED CO-COMMISSIONING,MOSS P N B,24014334,"2,872.92",,EX000075378
30/09/2018,C&M-GMS QOF Aspiration,PRC DELEGATED CO-COMMISSIONING,MOSS P N B,24014334,"2,348.50",,EX000075378
30/09/2018,C&M-GMS DES Learn Dsblty Hlth Chk,PRC DELEGATED CO-COMMISSIONING,NG H W & PARTNER,24014337,420,,EX000075380
30/09/2018,C&M-GMS Global Sum,PRC DELEGATED CO-COMMISSIONING,NG H W & PARTNER,24014337,"18,657.25",,EX000075380
30/09/2018,C&M-GMS Other FDR Payment,PRC DELEGATED CO-COMMISSIONING,NG H W & PARTNER,24014337,917.97,,EX000075380
30/09/2018,C&M-GMS PCO Seniority,PRC DELEGATED CO-COMMISSIONING,NG H W & PARTNER,24014337,"1,287.48",,EX000075380
30/09/2018,C&M-GMS Prem Notional Rent,PRC DELEGATED CO-COMMISSIONING,NG H W & PARTNER,24014337,"3,458.33",,EX000075380
30/09/2018,C&M-GMS QOF Aspiration,PRC DELEGATED CO-COMMISSIONING,NG H W & PARTNER,24014337,"2,447.00",,EX000075380
30/09/2018,C&M-GMS DES Learn Dsblty Hlth Chk,PRC DELEGATED CO-COMMISSIONING,SHAH N K & PARTNER,24014343,280,,EX000075384
30/09/2018,C&M-GMS Global Sum,PRC DELEGATED CO-COMMISSIONING,SHAH N K & PARTNER,24014343,"17,191.38",,EX000075384
30/09/2018,C&M-GMS Other FDR Payment,PRC DELEGATED CO-COMMISSIONING,SHAH N K & PARTNER,24014343,"1,674.09",,EX000075384
30/09/2018,C&M-GMS PCO Locum Susp Drs,PRC DELEGATED CO-COMMISSIONING,SHAH N K & PARTNER,24014343,"4,140.00",,EX000075384
30/09/2018,C&M-GMS Prem Notional Rent,PRC DELEGATED CO-COMMISSIONING,SHAH N K & PARTNER,24014343,"1,433.33",,EX000075384
30/09/2018,C&M-GMS QOF Aspiration,PRC DELEGATED CO-COMMISSIONING,SHAH N K & PARTNER,24014343,"1,778.05",,EX000075384
30/09/2018,C&M-GMS Global Sum,PRC DELEGATED CO-COMMISSIONING,SATHANANDAN S,24014345,"23,481.92",,EX000075386
30/09/2018,C&M-GMS Other FDR Payment,PRC DELEGATED CO-COMMISSIONING,SATHANANDAN S,24014345,"1,447.75",,EX000075386
30/09/2018,C&M-GMS PCO Seniority,PRC DELEGATED CO-COMMISSIONING,SATHANANDAN S,24014345,"1,405.06",,EX000075386
30/09/2018,C&M-GMS Prem Notional Rent,PRC DELEGATED CO-COMMISSIONING,SATHANANDAN S,24014345,"1,591.67",,EX000075386
30/09/2018,C&M-GMS QOF Aspiration,PRC DELEGATED CO-COMMISSIONING,SATHANANDAN S,24014345,"2,964.72",,EX000075386
30/09/2018,C&M-GMS Global Sum,PRC DELEGATED CO-COMMISSIONING,SOORIAKUMARAN V & PARTNERS,24014347,"31,335.89",,EX000075388
30/09/2018,C&M-GMS Other FDR Payment,PRC DELEGATED CO-COMMISSIONING,SOORIAKUMARAN V & PARTNERS,24014347,101.21,,EX000075388
30/09/2018,C&M-GMS PCO Seniority,PRC DELEGATED CO-COMMISSIONING,SOORIAKUMARAN V & PARTNERS,24014347,931.68,,EX000075388
30/09/2018,C&M-GMS Prem Notional Rent,PRC DELEGATED CO-COMMISSIONING,SOORIAKUMARAN V & PARTNERS,24014347,"2,408.34",,EX000075388
30/09/2018,C&M-GMS QOF Aspiration,PRC DELEGATED CO-COMMISSIONING,SOORIAKUMARAN V & PARTNERS,24014347,"3,043.68",,EX000075388
30/09/2018,C&M-GMS Global Sum,PRC DELEGATED CO-COMMISSIONING,SIDDIQUE H A & PARTNER,24014349,"33,608.90",,EX000075390
30/09/2018,C&M-GMS Other FDR Payment,PRC DELEGATED CO-COMMISSIONING,SIDDIQUE H A & PARTNER,24014349,"1,411.32",,EX000075390
30/09/2018,C&M-GMS Prem Notional Rent,PRC DELEGATED CO-COMMISSIONING,SIDDIQUE H A & PARTNER,24014349,"4,375.00",,EX000075390
30/09/2018,C&M-GMS QOF Aspiration,PRC DELEGATED CO-COMMISSIONING,SIDDIQUE H A & PARTNER,24014349,"3,424.95",,EX000075390
30/09/2018,C&M-GMS DES Extended Hours Access,PRC DELEGATED CO-COMMISSIONING,VASHISHT S L & PARTNER,24014351,"1,377.98",,EX000075392
30/09/2018,C&M-GMS DES Learn Dsblty Hlth Chk,PRC DELEGATED CO-COMMISSIONING,VASHISHT S L & PARTNER,24014351,140,,EX000075392
30/09/2018,C&M-GMS Global Sum,PRC DELEGATED CO-COMMISSIONING,VASHISHT S L & PARTNER,24014351,"19,068.54",,EX000075392
30/09/2018,C&M-GMS Other FDR Payment,PRC DELEGATED CO-COMMISSIONING,VASHISHT S L & PARTNER,24014351,757.17,,EX000075392
30/09/2018,C&M-GMS PCO Seniority,PRC DELEGATED CO-COMMISSIONING,VASHISHT S L & PARTNER,24014351,"1,764.50",,EX000075392
30/09/2018,C&M-GMS Prem Notional Rent,PRC DELEGATED CO-COMMISSIONING,VASHISHT S L & PARTNER,24014351,"1,321.00",,EX000075392
30/09/2018,C&M-GMS QOF Aspiration,PRC DELEGATED CO-COMMISSIONING,VASHISHT S L & PARTNER,24014351,"2,185.91",,EX000075392
30/09/2018,C&M-GMS Global Sum,PRC DELEGATED CO-COMMISSIONING,VERGHESE & KHAN,24014353,"39,563.47",,EX000075394
30/09/2018,C&M-GMS PCO Seniority,PRC DELEGATED CO-COMMISSIONING,VERGHESE & KHAN,24014353,"1,132.19",,EX000075394
30/09/2018,C&M-GMS QOF Aspiration,PRC DELEGATED CO-COMMISSIONING,VERGHESE & KHAN,24014353,"3,651.22",,EX000075394
30/09/2018,C&M-GMS DES Learn Dsblty Hlth Chk,PRC DELEGATED CO-COMMISSIONING,ZAIDI S H H & PARTNERS,24014355,"1,960.00",,EX000075396
30/09/2018,C&M-GMS Global Sum,PRC DELEGATED CO-COMMISSIONING,ZAIDI S H H & PARTNERS,24014355,"82,729.93",,EX000075396
30/09/2018,C&M-GMS Other FDR Payment,PRC DELEGATED CO-COMMISSIONING,ZAIDI S H H & PARTNERS,24014355,"3,837.12",,EX000075396
30/09/2018,C&M-GMS Prem Notional Rent,PRC DELEGATED CO-COMMISSIONING,ZAIDI S H H & PARTNERS,24014355,"6,400.00",,EX000075396
30/09/2018,C&M-GMS QOF Aspiration,PRC DELEGATED CO-COMMISSIONING,ZAIDI S H H & PARTNERS,24014355,"9,927.04",,EX000075396
30/09/2018,C&M-GMS DES Learn Dsblty Hlth Chk,PRC DELEGATED CO-COMMISSIONING,CHISNELL P & PARTNERS,24014357,700,,EX000075398
30/09/2018,C&M-GMS Global Sum,PRC DELEGATED CO-COMMISSIONING,CHISNELL P & PARTNERS,24014357,"114,373.26",,EX000075398
30/09/2018,C&M-GMS Other FDR Payment,PRC DELEGATED CO-COMMISSIONING,CHISNELL P & PARTNERS,24014357,"2,918.85",,EX000075398
30/09/2018,C&M-GMS PCO Seniority,PRC DELEGATED CO-COMMISSIONING,CHISNELL P & PARTNERS,24014357,"4,282.79",,EX000075398
30/09/2018,C&M-GMS Prem Actual Rent,PRC DELEGATED CO-COMMISSIONING,CHISNELL P & PARTNERS,24014357,"29,630.83",,EX000075398
30/09/2018,C&M-GMS QOF Aspiration,PRC DELEGATED CO-COMMISSIONING,CHISNELL P & PARTNERS,24014357,"13,010.48",,EX000075398
30/09/2018,C&M-GMS DES Learn Dsblty Hlth Chk,PRC DELEGATED CO-COMMISSIONING,DR N KUMAR (CENTRAL SURGERY),24014359,280,,EX000075400
30/09/2018,C&M-GMS Global Sum,PRC DELEGATED CO-COMMISSIONING,DR N KUMAR (CENTRAL SURGERY),24014359,"41,995.24",,EX000075400
30/09/2018,C&M-GMS PCO Seniority,PRC DELEGATED CO-COMMISSIONING,DR N KUMAR (CENTRAL SURGERY),24014359,471.25,,EX000075400
30/09/2018,C&M-GMS Prem Actual Rent,PRC DELEGATED CO-COMMISSIONING,DR N KUMAR (CENTRAL SURGERY),24014359,"13,296.70",,EX000075400
30/09/2018,C&M-GMS QOF Aspiration,PRC DELEGATED CO-COMMISSIONING,DR N KUMAR (CENTRAL SURGERY),24014359,"4,847.24",,EX000075400
30/09/2018,C&M-GMS Global Sum,PRC DELEGATED CO-COMMISSIONING,DRS PALACIN & GUYLER,24014361,"26,523.37",,EX000075402
30/09/2018,C&M-GMS Other FDR Payment,PRC DELEGATED CO-COMMISSIONING,DRS PALACIN & GUYLER,24014361,"1,610.80",,EX000075402
30/09/2018,C&M-GMS PCO Seniority,PRC DELEGATED CO-COMMISSIONING,DRS PALACIN & GUYLER,24014361,963.87,,EX000075402
30/09/2018,C&M-GMS Prem Actual Rent,PRC DELEGATED CO-COMMISSIONING,DRS PALACIN & GUYLER,24014361,583.33,,EX000075402
30/09/2018,C&M-GMS QOF Aspiration,PRC DELEGATED CO-COMMISSIONING,DRS PALACIN & GUYLER,24014361,"2,845.97",,EX000075402
30/09/2018,Hcare Srv Rec Fdtn Trust-Non Contract,COMMUNITY SERVICES,SOUTHEND UNIVERSITY HOSPITAL NHS FOUNDATION TRUST,24027422,"50,271.43",654942902,447843
30/09/2018,Clinical&Medical-Commercial Sector,PLANNED CARE,EASTWOOD GROUP PRACTICE,24027429,"54,049.78",,EECSOS26
30/09/2018,Clinical&Medical-Commercial Sector,PLANNED CARE,SPIRE HEALTHCARE LTD,24027453,"-39,411.17",915970991,99GHWDREC181904
30/09/2018,Hcare Srv Rec Fdtn Trust-Non Contract,COMMUNITY SERVICES,SOUTHEND UNIVERSITY HOSPITAL NHS FOUNDATION TRUST,24027460,"50,271.43",654942902,448259
30/09/2018,Clinical&Medical-Commercial Sector,PLANNED CARE,CHARTWELL PRIVATE HOSPITAL,24062084,"29,811.04",,983
30/09/2018,Clinical&Medical-Commercial Sector,PLANNED CARE,SPRINGFIELD HOSPITAL,24062158,"25,689.80",GB-426505170,SOU0618TU
30/09/2018,Clinical&Medical-Othe Public Sector,REABLEMENT,SOUTHEND-ON-SEA BOROUGH COUNCIL,24062209,"1,031,852.93",,743456
30/09/2018,C&M-GMS LES Care Home/Nursing Home,PRC DELEGATED CO-COMMISSIONING,QUEENSWAY SURGERY,24076788,"-90,000.00",,CREDITHOMEVISITS150818
30/09/2018,Cont Care- Retrospective Claims,CHC ADULT FULLY FUNDED,NORAH GILLAN,24082031,"25,630.39",,103299-26-SEP-2018
30/09/2018,Cont Care-Physical Disab (<65),CHC ADULT FULLY FUNDED,UPLANDS CARE CENTRE LTD,24086704,"124,000.00",,UPL399
30/09/2018,Cont Care-Physical Disab (<65),CHC ADULT FULLY FUNDED,UPLANDS CARE CENTRE LTD,24086874,"-124,000.00",,10918
