A3131 - Expenditure Over Threshold,,,,,,,
,,,,,,,
,,,,,,,
,,,,,,,
Time run: 19/03/2019 09:39:58,,,,,,,
,,,,,,,
Department family,Entity,Date,Expense Type,Expense area,Supplier,Transaction number,AP Amount (�)
Department of Health,NHS Redditch And Bromsgrove CCG,30/11/2018,Hcare Srv Rec NHS Trust,MENTAL HEALTH CONTRACTS,WORCESTERSHIRE HEALTH & CARE NHS TRUST,24558454,"1,302,635.00 "
Department of Health,NHS Redditch And Bromsgrove CCG,30/11/2018,Hcare Srv Rec NHS Trust-Contract Baseline,COMMUNITY SERVICES,WORCESTERSHIRE HEALTH & CARE NHS TRUST,24558454,"1,424,423.00 "
Department of Health,NHS Redditch And Bromsgrove CCG,30/11/2018,Clinical&Medical-Clinical Other,MENTAL HEALTH SERVICES - ADULTS,WORCESTERSHIRE COUNTY COUNCIL,24598844,"11,848.00 "
Department of Health,NHS Redditch And Bromsgrove CCG,30/11/2018,Clinical&Medical-Independent Sector,COMMISSIONING - NON ACUTE,WORCESTERSHIRE COUNTY COUNCIL,24598844,"18,652.00 "
Department of Health,NHS Redditch And Bromsgrove CCG,30/11/2018,Clinical&Medical-Independent Sector,COMMUNITY SERVICES,WORCESTERSHIRE COUNTY COUNCIL,24598844,"136,659.00 "
Department of Health,NHS Redditch And Bromsgrove CCG,30/11/2018,Clinical&Medical-Independent Sector,LEARNING DIFFICULTIES,WORCESTERSHIRE COUNTY COUNCIL,24598844,"19,836.00 "
Department of Health,NHS Redditch And Bromsgrove CCG,30/11/2018,Clinical&Medical-Othe Public Sector,CHILD AND ADOLESCENT MENTAL HEALTH,WORCESTERSHIRE COUNTY COUNCIL,24598844,"1,107.00 "
Department of Health,NHS Redditch And Bromsgrove CCG,30/11/2018,Clinical&Medical-Othe Public Sector,COMMISSIONING - NON ACUTE,WORCESTERSHIRE COUNTY COUNCIL,24598844,"4,550.00 "
Department of Health,NHS Redditch And Bromsgrove CCG,30/11/2018,Clinical&Medical-Othe Public Sector,COMMUNITY SERVICES,WORCESTERSHIRE COUNTY COUNCIL,24598844,"116,814.00 "
Department of Health,NHS Redditch And Bromsgrove CCG,30/11/2018,Clinical&Medical-Othe Public Sector,LEARNING DIFFICULTIES,WORCESTERSHIRE COUNTY COUNCIL,24598844,"31,632.00 "
Department of Health,NHS Redditch And Bromsgrove CCG,30/11/2018,Clinical&Medical-Othe Public Sector,Mental Health Services - S117 Mental Health,WORCESTERSHIRE COUNTY COUNCIL,24598844,"101,118.00 "
Department of Health,NHS Redditch And Bromsgrove CCG,30/11/2018,Clinical&Medical-Serv Recd-NHS Trst,COMMUNITY SERVICES,WORCESTERSHIRE COUNTY COUNCIL,24598844,"18,535.00 "
Department of Health,NHS Redditch And Bromsgrove CCG,30/11/2018,Clinical&Medical-Voluntary Sector,COMMISSIONING - NON ACUTE,WORCESTERSHIRE COUNTY COUNCIL,24598844,"1,862.00 "
Department of Health,NHS Redditch And Bromsgrove CCG,30/11/2018,Cont Care-Funded Nursing Care Allow,FUNDED NURSING CARE,WORCESTERSHIRE COUNTY COUNCIL,24598844,"286,330.00 "
Department of Health,NHS Redditch And Bromsgrove CCG,30/11/2018,Cont Care-NHS Trust-Children,Children's Continuing Care,WORCESTERSHIRE COUNTY COUNCIL,24598844,"11,542.00 "
Department of Health,NHS Redditch And Bromsgrove CCG,30/11/2018,Hcare Srv Rec NHS Trust,CHILD AND ADOLESCENT MENTAL HEALTH,WORCESTERSHIRE COUNTY COUNCIL,24598844,"135,279.00 "
Department of Health,NHS Redditch And Bromsgrove CCG,30/11/2018,Hcare Srv Rec NHS Trust,CHILDREN SERVICES,WORCESTERSHIRE COUNTY COUNCIL,24598844,"311,203.00 "
Department of Health,NHS Redditch And Bromsgrove CCG,30/11/2018,Hcare Srv Rec NHS Trust,COMMUNITY SERVICES,WORCESTERSHIRE COUNTY COUNCIL,24598844,"21,649.00 "
Department of Health,NHS Redditch And Bromsgrove CCG,30/11/2018,Hcare Srv Rec NHS Trust,LEARNING DIFFICULTIES,WORCESTERSHIRE COUNTY COUNCIL,24598844,"87,724.00 "
Department of Health,NHS Redditch And Bromsgrove CCG,30/11/2018,Hcare Srv Rec NHS Trust,MENTAL HEALTH SERVICES - ADULTS,WORCESTERSHIRE COUNTY COUNCIL,24598844,"7,686.00 "
Department of Health,NHS Redditch And Bromsgrove CCG,30/11/2018,Hcare Srv Rec NHS Trust,WHEELCHAIR SERVICE,WORCESTERSHIRE COUNTY COUNCIL,24598844,"38,394.00 "
Department of Health,NHS Redditch And Bromsgrove CCG,30/11/2018,Hcare Srv Rec NHS Trust-Non Contract,COMMISSIONING - NON ACUTE,WORCESTERSHIRE COUNTY COUNCIL,24598844,701.00 
Department of Health,NHS Redditch And Bromsgrove CCG,30/11/2018,C&M-GMS Practice Transformational Support,LOCAL ENHANCED SERVICES,BROMSGROVE PRIMARY CARE NETWORK,24598845,"44,438.00 "
Department of Health,NHS Redditch And Bromsgrove CCG,30/11/2018,Hcare Srv Rec Fdtn Trust-Contract Baseline,ACUTE COMMISSIONING,UNIVERSITY HOSPITALS BIRMINGHAM NHS FOUNDATION TRUST,24650864,"146,353.00 "
Department of Health,NHS Redditch And Bromsgrove CCG,30/11/2018,Hcare Srv Rec Fdtn Trust-Contract Baseline,ACUTE COMMISSIONING,BIRMINGHAM WOMENS AND CHILDRENS NHS FOUNDATION TRUST,24650874,"241,938.58 "
Department of Health,NHS Redditch And Bromsgrove CCG,30/11/2018,Hcare Srv Rec Fdtn Trust-Contract Baseline,ACUTE COMMISSIONING,SOUTH WARWICKSHIRE NHS FOUNDATION TRUST,24650878,"49,028.00 "
Department of Health,NHS Redditch And Bromsgrove CCG,30/11/2018,Charges from CSU,CORPORATE COSTS & SERVICES,NHS MIDLANDS AND LANCASHIRE CSU,24707063,"49,675.28 "
Department of Health,NHS Redditch And Bromsgrove CCG,30/11/2018,C&M-GMS DES Extended Hours Access,PRC DELEGATED CO-COMMISSIONING,BARNT GREEN SURGERY,24739069,"3,087.50 "
Department of Health,NHS Redditch And Bromsgrove CCG,30/11/2018,C&M-GMS DES Minor Surgery,PRC DELEGATED CO-COMMISSIONING,BARNT GREEN SURGERY,24739069,"2,002.84 "
Department of Health,NHS Redditch And Bromsgrove CCG,30/11/2018,C&M-GMS Global Sum,PRC DELEGATED CO-COMMISSIONING,BARNT GREEN SURGERY,24739069,"44,458.12 "
Department of Health,NHS Redditch And Bromsgrove CCG,30/11/2018,C&M-GMS Other FDR Payment,PRC DELEGATED CO-COMMISSIONING,BARNT GREEN SURGERY,24739069,"2,996.00 "
Department of Health,NHS Redditch And Bromsgrove CCG,30/11/2018,C&M-GMS QOF Aspiration,PRC DELEGATED CO-COMMISSIONING,BARNT GREEN SURGERY,24739069,"4,860.54 "
Department of Health,NHS Redditch And Bromsgrove CCG,30/11/2018,C&M-GMS DES Minor Surgery,PRC DELEGATED CO-COMMISSIONING,DR AF PHILLIPS,24739071,914.34 
Department of Health,NHS Redditch And Bromsgrove CCG,30/11/2018,C&M-GMS Global Sum,PRC DELEGATED CO-COMMISSIONING,DR AF PHILLIPS,24739071,"33,038.12 "
Department of Health,NHS Redditch And Bromsgrove CCG,30/11/2018,C&M-GMS MPIG Correction Factor,PRC DELEGATED CO-COMMISSIONING,DR AF PHILLIPS,24739071,997.43 
Department of Health,NHS Redditch And Bromsgrove CCG,30/11/2018,C&M-GMS QOF Aspiration,PRC DELEGATED CO-COMMISSIONING,DR AF PHILLIPS,24739071,"3,724.79 "
Department of Health,NHS Redditch And Bromsgrove CCG,30/11/2018,C&M-GMS DES Extended Hours Access,PRC DELEGATED CO-COMMISSIONING,DR F J HALL,24739073,"6,330.80 "
Department of Health,NHS Redditch And Bromsgrove CCG,30/11/2018,C&M-GMS DES Minor Surgery,PRC DELEGATED CO-COMMISSIONING,DR F J HALL,24739073,"6,443.92 "
Department of Health,NHS Redditch And Bromsgrove CCG,30/11/2018,C&M-GMS Global Sum,PRC DELEGATED CO-COMMISSIONING,DR F J HALL,24739073,"91,351.17 "
Department of Health,NHS Redditch And Bromsgrove CCG,30/11/2018,C&M-GMS MPIG Correction Factor,PRC DELEGATED CO-COMMISSIONING,DR F J HALL,24739073,"4,525.11 "
Department of Health,NHS Redditch And Bromsgrove CCG,30/11/2018,C&M-GMS QOF Aspiration,PRC DELEGATED CO-COMMISSIONING,DR F J HALL,24739073,"9,784.22 "
Department of Health,NHS Redditch And Bromsgrove CCG,30/11/2018,C&M-GMS DES Extended Hours Access,PRC DELEGATED CO-COMMISSIONING,DR G A CARANCI & PARTNERS,24739075,"2,704.18 "
Department of Health,NHS Redditch And Bromsgrove CCG,30/11/2018,C&M-GMS DES Minor Surgery,PRC DELEGATED CO-COMMISSIONING,DR G A CARANCI & PARTNERS,24739075,"1,480.36 "
Department of Health,NHS Redditch And Bromsgrove CCG,30/11/2018,C&M-GMS Global Sum,PRC DELEGATED CO-COMMISSIONING,DR G A CARANCI & PARTNERS,24739075,"37,767.22 "
Department of Health,NHS Redditch And Bromsgrove CCG,30/11/2018,C&M-GMS Other FDR Payment,PRC DELEGATED CO-COMMISSIONING,DR G A CARANCI & PARTNERS,24739075,"1,644.00 "
Department of Health,NHS Redditch And Bromsgrove CCG,30/11/2018,C&M-GMS QOF Aspiration,PRC DELEGATED CO-COMMISSIONING,DR G A CARANCI & PARTNERS,24739075,"3,889.48 "
Department of Health,NHS Redditch And Bromsgrove CCG,30/11/2018,C&M-GMS DES Minor Surgery,PRC DELEGATED CO-COMMISSIONING,DR J E COWBURN & PARTNERS,24739077,566.02 
Department of Health,NHS Redditch And Bromsgrove CCG,30/11/2018,C&M-GMS Global Sum,PRC DELEGATED CO-COMMISSIONING,DR J E COWBURN & PARTNERS,24739077,"38,011.83 "
Department of Health,NHS Redditch And Bromsgrove CCG,30/11/2018,C&M-GMS MPIG Correction Factor,PRC DELEGATED CO-COMMISSIONING,DR J E COWBURN & PARTNERS,24739077,657.57 
Department of Health,NHS Redditch And Bromsgrove CCG,30/11/2018,C&M-GMS Prem Water Rates,PRC DELEGATED CO-COMMISSIONING,DR J E COWBURN & PARTNERS,24739077,265.81 
Department of Health,NHS Redditch And Bromsgrove CCG,30/11/2018,C&M-GMS QOF Aspiration,PRC DELEGATED CO-COMMISSIONING,DR J E COWBURN & PARTNERS,24739077,"4,433.08 "
Department of Health,NHS Redditch And Bromsgrove CCG,30/11/2018,ME-GMS GP Pension EEs Adjustments,PRC DELEGATED CO-COMMISSIONING,DR J E COWBURN & PARTNERS,24739077,"2,312.52 "
Department of Health,NHS Redditch And Bromsgrove CCG,30/11/2018,ME-GMS GP Pension ERs Adjustments,PRC DELEGATED CO-COMMISSIONING,DR J E COWBURN & PARTNERS,24739077,"2,660.32 "
Department of Health,NHS Redditch And Bromsgrove CCG,30/11/2018,C&M-GMS DES Extended Hours Access,PRC DELEGATED CO-COMMISSIONING,DR J J WELLS & PARTNERS,24739079,"4,351.00 "
Department of Health,NHS Redditch And Bromsgrove CCG,30/11/2018,C&M-GMS Global Sum,PRC DELEGATED CO-COMMISSIONING,DR J J WELLS & PARTNERS,24739079,"68,833.74 "
Department of Health,NHS Redditch And Bromsgrove CCG,30/11/2018,C&M-GMS Other FDR Payment,PRC DELEGATED CO-COMMISSIONING,DR J J WELLS & PARTNERS,24739079,"3,136.00 "
Department of Health,NHS Redditch And Bromsgrove CCG,30/11/2018,C&M-GMS QOF Aspiration,PRC DELEGATED CO-COMMISSIONING,DR J J WELLS & PARTNERS,24739079,"7,538.05 "
Department of Health,NHS Redditch And Bromsgrove CCG,30/11/2018,ME-GMS GP Pension EEs Adjustments,PRC DELEGATED CO-COMMISSIONING,DR J J WELLS & PARTNERS,24739079,"1,936.87 "
Department of Health,NHS Redditch And Bromsgrove CCG,30/11/2018,ME-GMS GP Pension ERs Adjustments,PRC DELEGATED CO-COMMISSIONING,DR J J WELLS & PARTNERS,24739079,"2,228.19 "
Department of Health,NHS Redditch And Bromsgrove CCG,30/11/2018,C&M-GMS DES Minor Surgery,PRC DELEGATED CO-COMMISSIONING,DR M E RADCLIFFE & PARTNERS,24739081,"2,830.10 "
Department of Health,NHS Redditch And Bromsgrove CCG,30/11/2018,C&M-GMS Global Sum,PRC DELEGATED CO-COMMISSIONING,DR M E RADCLIFFE & PARTNERS,24739081,"65,184.94 "
Department of Health,NHS Redditch And Bromsgrove CCG,30/11/2018,C&M-GMS MPIG Correction Factor,PRC DELEGATED CO-COMMISSIONING,DR M E RADCLIFFE & PARTNERS,24739081,"1,088.73 "
Department of Health,NHS Redditch And Bromsgrove CCG,30/11/2018,C&M-GMS Prem Water Rates,PRC DELEGATED CO-COMMISSIONING,DR M E RADCLIFFE & PARTNERS,24739081,137.59 
Department of Health,NHS Redditch And Bromsgrove CCG,30/11/2018,C&M-GMS QOF Aspiration,PRC DELEGATED CO-COMMISSIONING,DR M E RADCLIFFE & PARTNERS,24739081,"9,422.00 "
Department of Health,NHS Redditch And Bromsgrove CCG,30/11/2018,C&M-GMS DES Extended Hours Access,PRC DELEGATED CO-COMMISSIONING,DR R W DAVENPORT & PARTNERS,24739083,"5,560.35 "
Department of Health,NHS Redditch And Bromsgrove CCG,30/11/2018,C&M-GMS Global Sum,PRC DELEGATED CO-COMMISSIONING,DR R W DAVENPORT & PARTNERS,24739083,"81,998.95 "
Department of Health,NHS Redditch And Bromsgrove CCG,30/11/2018,C&M-GMS MPIG Correction Factor,PRC DELEGATED CO-COMMISSIONING,DR R W DAVENPORT & PARTNERS,24739083,927.84 
Department of Health,NHS Redditch And Bromsgrove CCG,30/11/2018,C&M-GMS QOF Aspiration,PRC DELEGATED CO-COMMISSIONING,DR R W DAVENPORT & PARTNERS,24739083,"8,554.34 "
Department of Health,NHS Redditch And Bromsgrove CCG,30/11/2018,ME - GMS GP Prior Year ERs,PRC DELEGATED CO-COMMISSIONING,DR R W DAVENPORT & PARTNERS,24739083,"2,267.97 "
Department of Health,NHS Redditch And Bromsgrove CCG,30/11/2018,ME-GMS GP Pension EEs Adjustments,PRC DELEGATED CO-COMMISSIONING,DR R W DAVENPORT & PARTNERS,24739083,"1,530.68 "
Department of Health,NHS Redditch And Bromsgrove CCG,30/11/2018,ME-GMS GP Pension ERs Adjustments,PRC DELEGATED CO-COMMISSIONING,DR R W DAVENPORT & PARTNERS,24739083,"1,056.86 "
Department of Health,NHS Redditch And Bromsgrove CCG,30/11/2018,ME-GMS GP Prior Year EEs,PRC DELEGATED CO-COMMISSIONING,DR R W DAVENPORT & PARTNERS,24739083,"2,016.73 "
Department of Health,NHS Redditch And Bromsgrove CCG,30/11/2018,C&M-GMS GP Statutory Levy,PRC DELEGATED CO-COMMISSIONING,DR RACHEL G PRYKE & PARTNERS,24739084,(532.12)
Department of Health,NHS Redditch And Bromsgrove CCG,30/11/2018,C&M-GMS Voluntary Levy,PRC DELEGATED CO-COMMISSIONING,DR RACHEL G PRYKE & PARTNERS,24739084,(109.05)
Department of Health,NHS Redditch And Bromsgrove CCG,30/11/2018,ME-GMS GP Pension EEs,PRC DELEGATED CO-COMMISSIONING,DR RACHEL G PRYKE & PARTNERS,24739084,"(12,407.79)"
Department of Health,NHS Redditch And Bromsgrove CCG,30/11/2018,ME-GMS GP Pension ERs Adjustments,PRC DELEGATED CO-COMMISSIONING,DR RACHEL G PRYKE & PARTNERS,24739084,"(13,129.34)"
Department of Health,NHS Redditch And Bromsgrove CCG,30/11/2018,ME-GMS GP Prior Year EEs,PRC DELEGATED CO-COMMISSIONING,DR RACHEL G PRYKE & PARTNERS,24739084,(261.08)
Department of Health,NHS Redditch And Bromsgrove CCG,30/11/2018,C&M-GMS DES Extended Hours Access,PRC DELEGATED CO-COMMISSIONING,DR RACHEL G PRYKE & PARTNERS,24739085,"7,695.00 "
Department of Health,NHS Redditch And Bromsgrove CCG,30/11/2018,C&M-GMS Global Sum,PRC DELEGATED CO-COMMISSIONING,DR RACHEL G PRYKE & PARTNERS,24739085,"106,414.45 "
Department of Health,NHS Redditch And Bromsgrove CCG,30/11/2018,C&M-GMS Other FDR Payment,PRC DELEGATED CO-COMMISSIONING,DR RACHEL G PRYKE & PARTNERS,24739085,"2,996.00 "
Department of Health,NHS Redditch And Bromsgrove CCG,30/11/2018,C&M-GMS Prem Water Rates,PRC DELEGATED CO-COMMISSIONING,DR RACHEL G PRYKE & PARTNERS,24739085,875.48 
Department of Health,NHS Redditch And Bromsgrove CCG,30/11/2018,C&M-GMS QOF Aspiration,PRC DELEGATED CO-COMMISSIONING,DR RACHEL G PRYKE & PARTNERS,24739085,"12,482.57 "
Department of Health,NHS Redditch And Bromsgrove CCG,30/11/2018,ME - GMS GP Prior Year ERs,PRC DELEGATED CO-COMMISSIONING,DR RACHEL G PRYKE & PARTNERS,24739085,402.37 
Department of Health,NHS Redditch And Bromsgrove CCG,30/11/2018,ME-GMS GP Pension EEs Adjustments,PRC DELEGATED CO-COMMISSIONING,DR RACHEL G PRYKE & PARTNERS,24739085,1.53 
Department of Health,NHS Redditch And Bromsgrove CCG,30/11/2018,ME-GMS GP Pension ERs Adjustments,PRC DELEGATED CO-COMMISSIONING,DR RACHEL G PRYKE & PARTNERS,24739085,4.39 
Department of Health,NHS Redditch And Bromsgrove CCG,30/11/2018,C&M-GMS GP Statutory Levy,PRC DELEGATED CO-COMMISSIONING,DR W G H DOWLEY & PARTNERS,24739086,(418.77)
Department of Health,NHS Redditch And Bromsgrove CCG,30/11/2018,C&M-GMS Voluntary Levy,PRC DELEGATED CO-COMMISSIONING,DR W G H DOWLEY & PARTNERS,24739086,(85.82)
Department of Health,NHS Redditch And Bromsgrove CCG,30/11/2018,ME - GMS GP Prior Year ERs,PRC DELEGATED CO-COMMISSIONING,DR W G H DOWLEY & PARTNERS,24739086,"(20,956.47)"
Department of Health,NHS Redditch And Bromsgrove CCG,30/11/2018,ME-GMS GP Pension EEs,PRC DELEGATED CO-COMMISSIONING,DR W G H DOWLEY & PARTNERS,24739086,"(9,003.50)"
Department of Health,NHS Redditch And Bromsgrove CCG,30/11/2018,ME-GMS GP Pension ERs Adjustments,PRC DELEGATED CO-COMMISSIONING,DR W G H DOWLEY & PARTNERS,24739086,"(9,471.60)"
Department of Health,NHS Redditch And Bromsgrove CCG,30/11/2018,ME-GMS GP Prior Year EEs,PRC DELEGATED CO-COMMISSIONING,DR W G H DOWLEY & PARTNERS,24739086,"(18,048.25)"
Department of Health,NHS Redditch And Bromsgrove CCG,30/11/2018,C&M-GMS DES Extended Hours Access,PRC DELEGATED CO-COMMISSIONING,DR W G H DOWLEY & PARTNERS,24739087,"6,103.75 "
Department of Health,NHS Redditch And Bromsgrove CCG,30/11/2018,C&M-GMS DES Learn Dsblty Hlth Chk,PRC DELEGATED CO-COMMISSIONING,DR W G H DOWLEY & PARTNERS,24739087,"1,120.00 "
Department of Health,NHS Redditch And Bromsgrove CCG,30/11/2018,C&M-GMS DES Minor Surgery,PRC DELEGATED CO-COMMISSIONING,DR W G H DOWLEY & PARTNERS,24739087,"3,875.06 "
Department of Health,NHS Redditch And Bromsgrove CCG,30/11/2018,C&M-GMS Global Sum,PRC DELEGATED CO-COMMISSIONING,DR W G H DOWLEY & PARTNERS,24739087,"85,317.78 "
Department of Health,NHS Redditch And Bromsgrove CCG,30/11/2018,C&M-GMS MPIG Correction Factor,PRC DELEGATED CO-COMMISSIONING,DR W G H DOWLEY & PARTNERS,24739087,"4,671.97 "
Department of Health,NHS Redditch And Bromsgrove CCG,30/11/2018,C&M-GMS QOF Aspiration,PRC DELEGATED CO-COMMISSIONING,DR W G H DOWLEY & PARTNERS,24739087,"8,976.27 "
Department of Health,NHS Redditch And Bromsgrove CCG,30/11/2018,ME-GMS GP Prior Year EEs,PRC DELEGATED CO-COMMISSIONING,DR W G H DOWLEY & PARTNERS,24739087,404.73 
Department of Health,NHS Redditch And Bromsgrove CCG,30/11/2018,C&M-GMS DES Extended Hours Access,PRC DELEGATED CO-COMMISSIONING,DR WIJNBERG&PARTNERS,24739089,"2,655.73 "
Department of Health,NHS Redditch And Bromsgrove CCG,30/11/2018,C&M-GMS DES Minor Surgery,PRC DELEGATED CO-COMMISSIONING,DR WIJNBERG&PARTNERS,24739089,"2,307.62 "
Department of Health,NHS Redditch And Bromsgrove CCG,30/11/2018,C&M-GMS Global Sum,PRC DELEGATED CO-COMMISSIONING,DR WIJNBERG&PARTNERS,24739089,"39,445.14 "
Department of Health,NHS Redditch And Bromsgrove CCG,30/11/2018,C&M-GMS Other FDR Payment,PRC DELEGATED CO-COMMISSIONING,DR WIJNBERG&PARTNERS,24739089,817.00 
Department of Health,NHS Redditch And Bromsgrove CCG,30/11/2018,C&M-GMS QOF Aspiration,PRC DELEGATED CO-COMMISSIONING,DR WIJNBERG&PARTNERS,24739089,"4,515.65 "
Department of Health,NHS Redditch And Bromsgrove CCG,30/11/2018,C&M-GMS DES Learn Dsblty Hlth Chk,PRC DELEGATED CO-COMMISSIONING,MAPLE VIEW MEDICAL PRACTICE,24739091,"3,780.00 "
Department of Health,NHS Redditch And Bromsgrove CCG,30/11/2018,C&M-GMS DES Minor Surgery,PRC DELEGATED CO-COMMISSIONING,MAPLE VIEW MEDICAL PRACTICE,24739091,"3,221.96 "
Department of Health,NHS Redditch And Bromsgrove CCG,30/11/2018,C&M-GMS Global Sum,PRC DELEGATED CO-COMMISSIONING,MAPLE VIEW MEDICAL PRACTICE,24739091,"41,396.41 "
Department of Health,NHS Redditch And Bromsgrove CCG,30/11/2018,C&M-GMS MPIG Correction Factor,PRC DELEGATED CO-COMMISSIONING,MAPLE VIEW MEDICAL PRACTICE,24739091,827.15 
Department of Health,NHS Redditch And Bromsgrove CCG,30/11/2018,C&M-GMS QOF Aspiration,PRC DELEGATED CO-COMMISSIONING,MAPLE VIEW MEDICAL PRACTICE,24739091,"4,477.04 "
Department of Health,NHS Redditch And Bromsgrove CCG,30/11/2018,C&M-GMS DES Extended Hours Access,PRC DELEGATED CO-COMMISSIONING,HOLLYWOOD MEDICAL PRACTICE,24739093,"3,255.65 "
Department of Health,NHS Redditch And Bromsgrove CCG,30/11/2018,C&M-GMS DES Minor Surgery,PRC DELEGATED CO-COMMISSIONING,HOLLYWOOD MEDICAL PRACTICE,24739093,"5,486.04 "
Department of Health,NHS Redditch And Bromsgrove CCG,30/11/2018,C&M-GMS Global Sum,PRC DELEGATED CO-COMMISSIONING,HOLLYWOOD MEDICAL PRACTICE,24739093,"48,151.65 "
Department of Health,NHS Redditch And Bromsgrove CCG,30/11/2018,C&M-GMS MPIG Correction Factor,PRC DELEGATED CO-COMMISSIONING,HOLLYWOOD MEDICAL PRACTICE,24739093,949.25 
Department of Health,NHS Redditch And Bromsgrove CCG,30/11/2018,C&M-GMS QOF Aspiration,PRC DELEGATED CO-COMMISSIONING,HOLLYWOOD MEDICAL PRACTICE,24739093,"5,645.28 "
Department of Health,NHS Redditch And Bromsgrove CCG,30/11/2018,ME - GMS GP Prior Year ERs,PRC DELEGATED CO-COMMISSIONING,HOLLYWOOD MEDICAL PRACTICE,24739093,0.01 
Department of Health,NHS Redditch And Bromsgrove CCG,30/11/2018,ME-GMS GP Prior Year AVCs,PRC DELEGATED CO-COMMISSIONING,HOLLYWOOD MEDICAL PRACTICE,24739093,"4,497.27 "
Department of Health,NHS Redditch And Bromsgrove CCG,30/11/2018,C&M-GMS DES Extended Hours Access,PRC DELEGATED CO-COMMISSIONING,CRABBS CROSS SURGERY,24739095,"2,269.08 "
Department of Health,NHS Redditch And Bromsgrove CCG,30/11/2018,C&M-GMS DES Minor Surgery,PRC DELEGATED CO-COMMISSIONING,CRABBS CROSS SURGERY,24739095,609.56 
Department of Health,NHS Redditch And Bromsgrove CCG,30/11/2018,C&M-GMS Global Sum,PRC DELEGATED CO-COMMISSIONING,CRABBS CROSS SURGERY,24739095,"31,200.18 "
Department of Health,NHS Redditch And Bromsgrove CCG,30/11/2018,C&M-GMS Other FDR Payment,PRC DELEGATED CO-COMMISSIONING,CRABBS CROSS SURGERY,24739095,705.00 
Department of Health,NHS Redditch And Bromsgrove CCG,30/11/2018,C&M-GMS Prem Notional Rent,PRC DELEGATED CO-COMMISSIONING,CRABBS CROSS SURGERY,24739095,315.07 
Department of Health,NHS Redditch And Bromsgrove CCG,30/11/2018,C&M-GMS QOF Aspiration,PRC DELEGATED CO-COMMISSIONING,CRABBS CROSS SURGERY,24739095,"3,101.06 "
Department of Health,NHS Redditch And Bromsgrove CCG,30/11/2018,ME - GMS GP Prior Year ERs,PRC DELEGATED CO-COMMISSIONING,CRABBS CROSS SURGERY,24739095,"2,889.92 "
Department of Health,NHS Redditch And Bromsgrove CCG,30/11/2018,ME-GMS GP Prior Year EEs,PRC DELEGATED CO-COMMISSIONING,CRABBS CROSS SURGERY,24739095,"2,914.03 "
Department of Health,NHS Redditch And Bromsgrove CCG,30/11/2018,C&M-GMS DES Extended Hours Access,PRC DELEGATED CO-COMMISSIONING,CHURCHFIELDS SURGERY,24743198,"4,969.23 "
Department of Health,NHS Redditch And Bromsgrove CCG,30/11/2018,C&M-GMS DES Minor Surgery,PRC DELEGATED CO-COMMISSIONING,CHURCHFIELDS SURGERY,24743198,"7,401.80 "
Department of Health,NHS Redditch And Bromsgrove CCG,30/11/2018,C&M-GMS Global Sum,PRC DELEGATED CO-COMMISSIONING,CHURCHFIELDS SURGERY,24743198,"90,321.92 "
Department of Health,NHS Redditch And Bromsgrove CCG,30/11/2018,C&M-GMS MPIG Correction Factor,PRC DELEGATED CO-COMMISSIONING,CHURCHFIELDS SURGERY,24743198,"2,078.77 "
Department of Health,NHS Redditch And Bromsgrove CCG,30/11/2018,C&M-GMS QOF Aspiration,PRC DELEGATED CO-COMMISSIONING,CHURCHFIELDS SURGERY,24743198,"11,814.80 "
Department of Health,NHS Redditch And Bromsgrove CCG,30/11/2018,ME - GMS GP Prior Year ERs,PRC DELEGATED CO-COMMISSIONING,CHURCHFIELDS SURGERY,24743198,606.19 
Department of Health,NHS Redditch And Bromsgrove CCG,30/11/2018,ME-GMS GP Prior Year EEs,PRC DELEGATED CO-COMMISSIONING,CHURCHFIELDS SURGERY,24743198,526.94 
Department of Health,NHS Redditch And Bromsgrove CCG,30/11/2018,C&M-GMS GP Statutory Levy,PRC DELEGATED CO-COMMISSIONING,ELGAR HOUSE SURGERY,24744091,(481.95)
Department of Health,NHS Redditch And Bromsgrove CCG,30/11/2018,C&M-GMS Voluntary Levy,PRC DELEGATED CO-COMMISSIONING,ELGAR HOUSE SURGERY,24744091,(98.76)
Department of Health,NHS Redditch And Bromsgrove CCG,30/11/2018,ME - GMS GP Prior Year ERs,PRC DELEGATED CO-COMMISSIONING,ELGAR HOUSE SURGERY,24744091,"(1,438.00)"
Department of Health,NHS Redditch And Bromsgrove CCG,30/11/2018,ME - GMS TPS Added Years Adj EEs,PRC DELEGATED CO-COMMISSIONING,ELGAR HOUSE SURGERY,24744091,(133.00)
Department of Health,NHS Redditch And Bromsgrove CCG,30/11/2018,ME-GMS GP Pension EEs,PRC DELEGATED CO-COMMISSIONING,ELGAR HOUSE SURGERY,24744091,"(8,568.55)"
Department of Health,NHS Redditch And Bromsgrove CCG,30/11/2018,ME-GMS GP Pension EEs Adjustments,PRC DELEGATED CO-COMMISSIONING,ELGAR HOUSE SURGERY,24744091,"(10,183.22)"
Department of Health,NHS Redditch And Bromsgrove CCG,30/11/2018,ME-GMS GP Pension ERs Adjustments,PRC DELEGATED CO-COMMISSIONING,ELGAR HOUSE SURGERY,24744091,"(20,432.34)"
Department of Health,NHS Redditch And Bromsgrove CCG,30/11/2018,ME-GMS GP Prior Year EEs,PRC DELEGATED CO-COMMISSIONING,ELGAR HOUSE SURGERY,24744091,"(1,250.00)"
Department of Health,NHS Redditch And Bromsgrove CCG,30/11/2018,C&M-GMS DES Extended Hours Access,PRC DELEGATED CO-COMMISSIONING,ELGAR HOUSE SURGERY,24744096,"6,975.85 "
Department of Health,NHS Redditch And Bromsgrove CCG,30/11/2018,C&M-GMS DES Learn Dsblty Hlth Chk,PRC DELEGATED CO-COMMISSIONING,ELGAR HOUSE SURGERY,24744096,700.00 
Department of Health,NHS Redditch And Bromsgrove CCG,30/11/2018,C&M-GMS DES Minor Surgery,PRC DELEGATED CO-COMMISSIONING,ELGAR HOUSE SURGERY,24744096,740.18 
Department of Health,NHS Redditch And Bromsgrove CCG,30/11/2018,C&M-GMS Global Sum,PRC DELEGATED CO-COMMISSIONING,ELGAR HOUSE SURGERY,24744096,"100,359.56 "
Department of Health,NHS Redditch And Bromsgrove CCG,30/11/2018,C&M-GMS QOF Aspiration,PRC DELEGATED CO-COMMISSIONING,ELGAR HOUSE SURGERY,24744096,"10,561.98 "
Department of Health,NHS Redditch And Bromsgrove CCG,30/11/2018,ME-GMS GP Pension EEs Adjustments,PRC DELEGATED CO-COMMISSIONING,ELGAR HOUSE SURGERY,24744096,"6,334.06 "
Department of Health,NHS Redditch And Bromsgrove CCG,30/11/2018,ME-GMS GP Pension ERs Adjustments,PRC DELEGATED CO-COMMISSIONING,ELGAR HOUSE SURGERY,24744096,"6,746.98 "
Department of Health,NHS Redditch And Bromsgrove CCG,30/11/2018,C&M-GMS DES Minor Surgery,PRC DELEGATED CO-COMMISSIONING,CATSHILL VILLAGE SURGERY,24744107,"3,962.14 "
Department of Health,NHS Redditch And Bromsgrove CCG,30/11/2018,C&M-GMS Global Sum,PRC DELEGATED CO-COMMISSIONING,CATSHILL VILLAGE SURGERY,24744107,"34,328.61 "
Department of Health,NHS Redditch And Bromsgrove CCG,30/11/2018,C&M-GMS Other FDR Payment,PRC DELEGATED CO-COMMISSIONING,CATSHILL VILLAGE SURGERY,24744107,"2,864.00 "
Department of Health,NHS Redditch And Bromsgrove CCG,30/11/2018,C&M-GMS QOF Aspiration,PRC DELEGATED CO-COMMISSIONING,CATSHILL VILLAGE SURGERY,24744107,"3,966.55 "
Department of Health,NHS Redditch And Bromsgrove CCG,30/11/2018,ME-GMS GP Pension EEs Adjustments,PRC DELEGATED CO-COMMISSIONING,CATSHILL VILLAGE SURGERY,24744107,313.08 
Department of Health,NHS Redditch And Bromsgrove CCG,30/11/2018,ME-GMS GP Pension ERs Adjustments,PRC DELEGATED CO-COMMISSIONING,CATSHILL VILLAGE SURGERY,24744107,484.11 
Department of Health,NHS Redditch And Bromsgrove CCG,30/11/2018,C&M-GMS DES Extended Hours Access,PRC DELEGATED CO-COMMISSIONING,HOLLYOAKS MEDICAL CENTRE,24744111,"1,991.35 "
Department of Health,NHS Redditch And Bromsgrove CCG,30/11/2018,C&M-GMS DES Minor Surgery,PRC DELEGATED CO-COMMISSIONING,HOLLYOAKS MEDICAL CENTRE,24744111,"9,491.72 "
Department of Health,NHS Redditch And Bromsgrove CCG,30/11/2018,C&M-GMS Global Sum,PRC DELEGATED CO-COMMISSIONING,HOLLYOAKS MEDICAL CENTRE,24744111,"35,057.76 "
Department of Health,NHS Redditch And Bromsgrove CCG,30/11/2018,C&M-GMS QOF Aspiration,PRC DELEGATED CO-COMMISSIONING,HOLLYOAKS MEDICAL CENTRE,24744111,"5,465.20 "
Department of Health,NHS Redditch And Bromsgrove CCG,30/11/2018,C&M-GMS DES Extended Hours Access,PRC DELEGATED CO-COMMISSIONING,NEW ROAD SURGERY (RUBERY),24756021,"2,393.27 "
Department of Health,NHS Redditch And Bromsgrove CCG,30/11/2018,C&M-GMS DES Minor Surgery,PRC DELEGATED CO-COMMISSIONING,NEW ROAD SURGERY (RUBERY),24756021,"1,262.66 "
Department of Health,NHS Redditch And Bromsgrove CCG,30/11/2018,C&M-GMS Global Sum,PRC DELEGATED CO-COMMISSIONING,NEW ROAD SURGERY (RUBERY),24756021,"40,408.85 "
Department of Health,NHS Redditch And Bromsgrove CCG,30/11/2018,C&M-GMS MPIG Correction Factor,PRC DELEGATED CO-COMMISSIONING,NEW ROAD SURGERY (RUBERY),24756021,769.90 
Department of Health,NHS Redditch And Bromsgrove CCG,30/11/2018,C&M-GMS PCO Locum Sickness,PRC DELEGATED CO-COMMISSIONING,NEW ROAD SURGERY (RUBERY),24756021,"7,714.63 "
Department of Health,NHS Redditch And Bromsgrove CCG,30/11/2018,C&M-GMS QOF Aspiration,PRC DELEGATED CO-COMMISSIONING,NEW ROAD SURGERY (RUBERY),24756021,"4,111.32 "
Department of Health,NHS Redditch And Bromsgrove CCG,30/11/2018,ME-GMS GP Pension EEs Adjustments,PRC DELEGATED CO-COMMISSIONING,NEW ROAD SURGERY (RUBERY),24756021,279.00 
Department of Health,NHS Redditch And Bromsgrove CCG,30/11/2018,ME-GMS GP Pension ERs Adjustments,PRC DELEGATED CO-COMMISSIONING,NEW ROAD SURGERY (RUBERY),24756021,431.40 
Department of Health,NHS Redditch And Bromsgrove CCG,30/11/2018,C&M-GMS GP Statutory Levy,PRC DELEGATED CO-COMMISSIONING,CHURCHFIELDS SURGERY,24756022,(436.17)
Department of Health,NHS Redditch And Bromsgrove CCG,30/11/2018,C&M-GMS Voluntary Levy,PRC DELEGATED CO-COMMISSIONING,CHURCHFIELDS SURGERY,24756022,(89.38)
Department of Health,NHS Redditch And Bromsgrove CCG,30/11/2018,ME - GMS GP Prior Year ERs,PRC DELEGATED CO-COMMISSIONING,CHURCHFIELDS SURGERY,24756022,"(3,922.62)"
Department of Health,NHS Redditch And Bromsgrove CCG,30/11/2018,ME - GMS TPS Added Years Adj EEs,PRC DELEGATED CO-COMMISSIONING,CHURCHFIELDS SURGERY,24756022,(654.50)
Department of Health,NHS Redditch And Bromsgrove CCG,30/11/2018,ME-GMS GP Pension EEs,PRC DELEGATED CO-COMMISSIONING,CHURCHFIELDS SURGERY,24756022,"(8,554.00)"
Department of Health,NHS Redditch And Bromsgrove CCG,30/11/2018,ME-GMS GP Pension EEs Adjustments,PRC DELEGATED CO-COMMISSIONING,CHURCHFIELDS SURGERY,24756022,"(1,674.00)"
Department of Health,NHS Redditch And Bromsgrove CCG,30/11/2018,ME-GMS GP Pension ERs Adjustments,PRC DELEGATED CO-COMMISSIONING,CHURCHFIELDS SURGERY,24756022,"(11,767.65)"
Department of Health,NHS Redditch And Bromsgrove CCG,30/11/2018,ME-GMS GP Prior Year EEs,PRC DELEGATED CO-COMMISSIONING,CHURCHFIELDS SURGERY,24756022,"(3,428.87)"
Department of Health,NHS Redditch And Bromsgrove CCG,30/11/2018,C&M-GMS GP Statutory Levy,PRC DELEGATED CO-COMMISSIONING,DR S J PARKINSON & PARTNERS,24756023,(339.49)
Department of Health,NHS Redditch And Bromsgrove CCG,30/11/2018,C&M-GMS Voluntary Levy,PRC DELEGATED CO-COMMISSIONING,DR S J PARKINSON & PARTNERS,24756023,(69.57)
Department of Health,NHS Redditch And Bromsgrove CCG,30/11/2018,ME - GMS TPS Added Years Adj EEs,PRC DELEGATED CO-COMMISSIONING,DR S J PARKINSON & PARTNERS,24756023,(592.50)
Department of Health,NHS Redditch And Bromsgrove CCG,30/11/2018,ME-GMS GP Pension AVCs,PRC DELEGATED CO-COMMISSIONING,DR S J PARKINSON & PARTNERS,24756023,"(1,580.00)"
Department of Health,NHS Redditch And Bromsgrove CCG,30/11/2018,ME-GMS GP Pension EEs,PRC DELEGATED CO-COMMISSIONING,DR S J PARKINSON & PARTNERS,24756023,"(9,946.99)"
Department of Health,NHS Redditch And Bromsgrove CCG,30/11/2018,ME-GMS GP Pension EEs Adjustments,PRC DELEGATED CO-COMMISSIONING,DR S J PARKINSON & PARTNERS,24756023,"(18,016.43)"
Department of Health,NHS Redditch And Bromsgrove CCG,30/11/2018,ME-GMS GP Pension ERs Adjustments,PRC DELEGATED CO-COMMISSIONING,DR S J PARKINSON & PARTNERS,24756023,"(29,430.94)"
Department of Health,NHS Redditch And Bromsgrove CCG,30/11/2018,C&M-GMS DES Extended Hours Access,PRC DELEGATED CO-COMMISSIONING,DR S J PARKINSON & PARTNERS,24756024,"4,893.93 "
Department of Health,NHS Redditch And Bromsgrove CCG,30/11/2018,C&M-GMS DES Learn Dsblty Hlth Chk,PRC DELEGATED CO-COMMISSIONING,DR S J PARKINSON & PARTNERS,24756024,"4,200.00 "
Department of Health,NHS Redditch And Bromsgrove CCG,30/11/2018,C&M-GMS DES Minor Surgery,PRC DELEGATED CO-COMMISSIONING,DR S J PARKINSON & PARTNERS,24756024,"6,052.06 "
Department of Health,NHS Redditch And Bromsgrove CCG,30/11/2018,C&M-GMS Global Sum,PRC DELEGATED CO-COMMISSIONING,DR S J PARKINSON & PARTNERS,24756024,"72,572.35 "
Department of Health,NHS Redditch And Bromsgrove CCG,30/11/2018,C&M-GMS Other FDR Payment,PRC DELEGATED CO-COMMISSIONING,DR S J PARKINSON & PARTNERS,24756024,"2,413.00 "
Department of Health,NHS Redditch And Bromsgrove CCG,30/11/2018,C&M-GMS PCO Doctors Ret Scheme,PRC DELEGATED CO-COMMISSIONING,DR S J PARKINSON & PARTNERS,24756024,"9,384.40 "
Department of Health,NHS Redditch And Bromsgrove CCG,30/11/2018,C&M-GMS QOF Aspiration,PRC DELEGATED CO-COMMISSIONING,DR S J PARKINSON & PARTNERS,24756024,"8,824.04 "
Department of Health,NHS Redditch And Bromsgrove CCG,30/11/2018,Income tax <1Yr,BALANCE SHEET,HMRC,24759996,"43,097.95 "
Department of Health,NHS Redditch And Bromsgrove CCG,30/11/2018,Income tax <1Yr-Student Loans,BALANCE SHEET,HMRC,24759996,266.00 
Department of Health,NHS Redditch And Bromsgrove CCG,30/11/2018,National Insurance < 1 yr-NI- ERS,BALANCE SHEET,HMRC,24759996,"29,590.39 "
Department of Health,NHS Redditch And Bromsgrove CCG,30/11/2018,National Insurance < 1 yr-NI-EES,BALANCE SHEET,HMRC,24759996,"19,399.58 "
Department of Health,NHS Redditch And Bromsgrove CCG,30/11/2018,Statutory Mat Pay < 1 yr,BALANCE SHEET,HMRC,24759996,"(1,736.41)"
Department of Health,NHS Redditch And Bromsgrove CCG,30/11/2018,C&M-GMS Practice Transformational Support,LOCAL ENHANCED SERVICES,EGTON MEDICAL INFORMATION SYSTEMS LTD,24768622,"42,941.76 "
Department of Health,NHS Redditch And Bromsgrove CCG,30/11/2018,Hcare Srv Rec Fdtn Trust-Contract Baseline,AMBULANCE SERVICES,WEST MIDLANDS AMBULANCE SERVICE NHS FOUNDATION TRUST,24768655,"25,168.00 "
Department of Health,NHS Redditch And Bromsgrove CCG,30/11/2018,Hcare Srv Rec Fdtn Trust-Contract Baseline,AMBULANCE SERVICES,WEST MIDLANDS AMBULANCE SERVICE NHS FOUNDATION TRUST,24768663,"50,000.00 "
Department of Health,NHS Redditch And Bromsgrove CCG,30/11/2018,Prescribing,CENTRAL DRUGS,STOCK AND LINDSAY LTD,24768724,"69,709.33 "
Department of Health,NHS Redditch And Bromsgrove CCG,30/11/2018,Hcare Srv Rec NHS Trust-Contract Baseline,ACUTE COMMISSIONING,SANDWELL AND WEST BIRMINGHAM HOSPITALS NHS TRUST,24768754,"119,342.00 "
Department of Health,NHS Redditch And Bromsgrove CCG,30/11/2018,Hcare Srv Rec Fdtn Trust-Contract Baseline,ACUTE COMMISSIONING,ROYAL ORTHOPAEDIC HOSPITAL NHS FOUNDATION TRUST,24768757,"300,585.98 "
Department of Health,NHS Redditch And Bromsgrove CCG,30/11/2018,Clinical&Medical-Independent Sector,ACUTE COMMISSIONING,BMI HEALTHCARE LTD,24782461,"178,790.45 "
Department of Health,NHS Redditch And Bromsgrove CCG,30/11/2018,Clinical&Medical-Independent Sector,ACUTE COMMISSIONING,BMI HEALTHCARE LTD,24782497,"178,790.45 "
Department of Health,NHS Redditch And Bromsgrove CCG,30/11/2018,Hcare Srv Rec NHS Trust-Contract Baseline,ACUTE COMMISSIONING,UNIVERSITY HOSPITALS COVENTRY AND WARWICKSHIRE NHS TRUST,24837657,"153,457.50 "
Department of Health,NHS Redditch And Bromsgrove CCG,30/11/2018,Hcare Srv Rec NHS Trust-Non Contract,MENTAL HEALTH SERVICES - ADULTS,WORCESTERSHIRE HEALTH & CARE NHS TRUST,24857930,"27,900.00 "
Department of Health,NHS Redditch And Bromsgrove CCG,30/11/2018,Clinical&Medical-Independent Sector,COMMUNITY SERVICES,SPC PHYSIOPHERAPY & SPORTS INJURY CENTRE,24870869,"25,476.00 "
Department of Health,NHS Redditch And Bromsgrove CCG,30/11/2018,Clinical&Medical-Serv Recd-F Trsts,MENTAL HEALTH CONTRACTS,BIRMINGHAM & SOLIHULL MENTAL HEALTH NHS FOUNDATION TRUST,24870875,"26,258.03 "
Department of Health,NHS Redditch And Bromsgrove CCG,30/11/2018,Clinical&Medical-Independent Sector,MENTAL HEALTH SERVICES - ADULTS,CYGNET HEALTHCARE LTD,24870878,"34,492.50 "
Department of Health,NHS Redditch And Bromsgrove CCG,30/11/2018,Hcare Srv Rec Fdtn Trust-Contract Baseline,PATIENT TRANSPORT,WEST MIDLANDS AMBULANCE SERVICE NHS FOUNDATION TRUST,24870897,"58,399.50 "
Department of Health,NHS Redditch And Bromsgrove CCG,30/11/2018,Hlthcre-Foundation Trsts,PATIENT TRANSPORT,WEST MIDLANDS AMBULANCE SERVICE NHS FOUNDATION TRUST,24870905,"29,504.33 "
Department of Health,NHS Redditch And Bromsgrove CCG,30/11/2018,Hcare Srv Rec Fdtn Trust-Contract Baseline,ACUTE COMMISSIONING,BIRMINGHAM COMMUNITY HEALTHCARE NHS FOUNDATION TRUST,24870909,"42,931.00 "
Department of Health,NHS Redditch And Bromsgrove CCG,30/11/2018,Hcare Srv Rec Fdtn Trust-Contract Baseline,ACUTE COMMISSIONING,DUDLEY GROUP HOSPITALS NHS FOUNDATION TRUST,24870934,"47,405.62 "
Department of Health,NHS Redditch And Bromsgrove CCG,30/11/2018,Charges from CSU,CORPORATE COSTS & SERVICES,GRANT THORNTON UK LLP,24891091,"49,200.00 "
Department of Health,NHS Redditch And Bromsgrove CCG,30/11/2018,Clinical&Medical-Independent Sector,GP FORWARD VIEW,BROMSGROVE PRIMARY CARE NETWORK,24891700,"83,743.00 "
Department of Health,NHS Redditch And Bromsgrove CCG,30/11/2018,C&M-GMS Cost of Drugs -Dispensing,LOCAL ENHANCED SERVICES,DR AF PHILLIPS,24908554,"(31,788.50)"
Department of Health,NHS Redditch And Bromsgrove CCG,30/11/2018,C&M-GMS PrscChrgsCll&RmttdbyGPCntra,PRC DELEGATED CO-COMMISSIONING,DR AF PHILLIPS,24908554,"(2,745.60)"
Department of Health,NHS Redditch And Bromsgrove CCG,30/11/2018,C&M-GMS Cost of Drugs -Dispensing,LOCAL ENHANCED SERVICES,DR AF PHILLIPS,24908555,"68,234.58 "
Department of Health,NHS Redditch And Bromsgrove CCG,30/11/2018,C&M-GMS Prof Fees Dispensing,PRC DELEGATED CO-COMMISSIONING,DR AF PHILLIPS,24908555,"11,896.71 "
Department of Health,NHS Redditch And Bromsgrove CCG,30/11/2018,C&M-GMS PrscrptnChrgsColl&RmttdbyGP,LOCAL ENHANCED SERVICES,DR AF PHILLIPS,24908555,"2,745.60 "
Department of Health,NHS Redditch And Bromsgrove CCG,30/11/2018,C&M-GMS Cost of Drugs -Dispensing,LOCAL ENHANCED SERVICES,DR F J HALL,24908557,"49,598.14 "
Department of Health,NHS Redditch And Bromsgrove CCG,30/11/2018,C&M-GMS Prof Fees Dispensing,PRC DELEGATED CO-COMMISSIONING,DR F J HALL,24908557,"4,815.19 "
Department of Health,NHS Redditch And Bromsgrove CCG,30/11/2018,C&M-GMS PrscrptnChrgsColl&RmttdbyGP,LOCAL ENHANCED SERVICES,DR F J HALL,24908557,660.00 
Department of Health,NHS Redditch And Bromsgrove CCG,30/11/2018,C&M-GMS Cost of Drugs -Dispensing,LOCAL ENHANCED SERVICES,DR J E COWBURN & PARTNERS,24908560,"38,618.69 "
Department of Health,NHS Redditch And Bromsgrove CCG,30/11/2018,C&M-GMS Prof Fees Dispensing,PRC DELEGATED CO-COMMISSIONING,DR J E COWBURN & PARTNERS,24908560,"6,706.10 "
Department of Health,NHS Redditch And Bromsgrove CCG,30/11/2018,C&M-GMS PrscrptnChrgsColl&RmttdbyGP,LOCAL ENHANCED SERVICES,DR J E COWBURN & PARTNERS,24908560,"1,469.60 "
Department of Health,NHS Redditch And Bromsgrove CCG,30/11/2018,C&M-GMS Cost of Drugs -Dispensing,LOCAL ENHANCED SERVICES,DR M E RADCLIFFE & PARTNERS,24908563,"44,088.95 "
Department of Health,NHS Redditch And Bromsgrove CCG,30/11/2018,C&M-GMS Prof Fees Dispensing,PRC DELEGATED CO-COMMISSIONING,DR M E RADCLIFFE & PARTNERS,24908563,"5,919.35 "
Department of Health,NHS Redditch And Bromsgrove CCG,30/11/2018,C&M-GMS PrscrptnChrgsColl&RmttdbyGP,LOCAL ENHANCED SERVICES,DR M E RADCLIFFE & PARTNERS,24908563,941.60 
Department of Health,NHS Redditch And Bromsgrove CCG,30/11/2018,C&M-GMS Other Small Practice All,COMMISSIONING SCHEMES,SW HEALTHCARE,24956539,"76,649.16 "
,,,,,,,
