Department family,Entity,Date,Expense Type,Expense area,Supplier,Transaction number,AP Amount (�),VAT registration number,Purchase invoice number
Department of Health,NHS Greater Preston CCG,31/03/2019,Cont Care-Physical Disab (<65),CHC ADULT FULLY FUNDED,ALOCURA LTD,26664702,"42,629.13 ",,1166
Department of Health,NHS Greater Preston CCG,31/03/2019,Cont Care-Physical Disab (<65),CHC AD FULL FUND PERS HLTH BUD,ALOCURA LTD,26664720,"51,656.89 ",,1165
Department of Health,NHS Greater Preston CCG,31/03/2019,C&M-GMS Global Sum,PRC DELEGATED CO-COMMISSIONING,AVENHAM LANE PRACTICE,26595561,"28,809.57 ",,LA000047727
Department of Health,NHS Greater Preston CCG,31/03/2019,Clinical&Medical-Commercial Sector,COMMUNITY SERVICES,BEACON MEDICAL SERVICES GROUP,26331960,"41,487.00 ",,2019BMSGPENT45
Department of Health,NHS Greater Preston CCG,31/03/2019,C&M-PMS Contract Value,PRC DELEGATED CO-COMMISSIONING,BERRY LANE MEDICAL CENTRE,26595559,"80,379.08 ",,LA000047725
Department of Health,NHS Greater Preston CCG,31/03/2019,Hlthcre-Foundation Trsts,ACUTE COMMISSIONING,BLACKPOOL TEACHING HOSPITALS NHS FOUNDATION TRUST,26292247,"36,745.63 ",GB654430839,1110043031
Department of Health,NHS Greater Preston CCG,31/03/2019,C&M-PMS Contract Value,PRC DELEGATED CO-COMMISSIONING,BRIARWOOD MEDICAL CENTRE,26595563,"46,610.53 ",,LA000047729
Department of Health,NHS Greater Preston CCG,31/03/2019,Clinical&Medical-Commercial Sector,COMMUNITY SERVICES,CARE UK CLINICAL SERVICES LTD,26552544,"62,104.68 ",,100089325
Department of Health,NHS Greater Preston CCG,31/03/2019,Clinical&Medical-Commercial Sector,COMMUNITY SERVICES,COMMUNITY HEALTH & EYECARE LTD,26292277,"39,387.87 ",,388
Department of Health,NHS Greater Preston CCG,31/03/2019,Clinical&Medical-Commercial Sector,COMMUNITY SERVICES,COMMUNITY HEALTH & EYECARE LTD,26527575,"34,588.34 ",,391
Department of Health,NHS Greater Preston CCG,31/03/2019,C&M-PMS Contract Value,PRC DELEGATED CO-COMMISSIONING,DOCKLANDS MEDICAL CENTRE PRESTON,26595565,"54,574.75 ",,LA000047731
Department of Health,NHS Greater Preston CCG,31/03/2019,C&M-PMS Contract Value,PRC DELEGATED CO-COMMISSIONING,DR C M WILSON & PARTNERS,26595567,"101,551.16 ",,LA000047733
Department of Health,NHS Greater Preston CCG,31/03/2019,C&M-GMS Global Sum,PRC DELEGATED CO-COMMISSIONING,DR D C PATEL & PARTNERS PRESTON,26595569,"69,959.93 ",,LA000047735
Department of Health,NHS Greater Preston CCG,31/03/2019,C&M-GMS Global Sum,PRC DELEGATED CO-COMMISSIONING,DR J N JHA,26595571,"25,909.77 ",,LA000047737
Department of Health,NHS Greater Preston CCG,31/03/2019,Hcare Srv Rec NHS Trust,ACUTE COMMISSIONING,EAST LANCASHIRE HOSPITALS NHS TRUST,26664736,"146,686.12 ",654913225,E0096545
Department of Health,NHS Greater Preston CCG,31/03/2019,C&M-GMS Global Sum,PRC DELEGATED CO-COMMISSIONING,FISHERGATE HILL SURGERY,26595573,"46,735.40 ",,LA000047739
Department of Health,NHS Greater Preston CCG,31/03/2019,Clinical&Medical-Independent Sector,ACUTE COMMISSIONING,FULWOOD HALL HOSPITAL,26292255,"1,029,768.11 ",,143KMMAR19GPRES
Department of Health,NHS Greater Preston CCG,31/03/2019,Clinical&Medical-Independent Sector,ACUTE COMMISSIONING,FULWOOD HALL HOSPITAL,26420411,"-162,248.14 ",,144KMDEC18GPRE
Department of Health,NHS Greater Preston CCG,31/03/2019,Clinical&Medical-Commercial Sector,URGENT CARE,GO TO DOC LTD,26413285,"512,531.00 ",248 096 482,6875
Department of Health,NHS Greater Preston CCG,31/03/2019,C&M-GMS LES Medical Fees,LOCAL ENHANCED SERVICES,INCREASED ACCESS SERVICES PRESTON,26431072,"39,460.00 ",,99999 8P12TF
Department of Health,NHS Greater Preston CCG,31/03/2019,C&M-GMS LES In House Services,PRIMARY CARE INVESTMENTS,ISSA MEDICAL CENTRE,26431152,"43,238.00 ",,81196 8P12GO
Department of Health,NHS Greater Preston CCG,31/03/2019,C&M-GMS Global Sum,PRC DELEGATED CO-COMMISSIONING,ISSA MEDICAL CENTRE,26595579,"213,865.14 ",,LA000047745
Department of Health,NHS Greater Preston CCG,31/03/2019,Hcare Srv Rec Fdtn Trust-Non Contract,NON RECURRENT PROGRAMMES,LANCASHIRE CARE NHS FOUNDATION TRUST,26269764,"52,578.00 ",654923319,I0063202
Department of Health,NHS Greater Preston CCG,31/03/2019,Hlthcre-Foundation Trsts,COMMUNITY SERVICES,LANCASHIRE CARE NHS FOUNDATION TRUST,26292243,"89,214.85 ",654923319,I0062201
Department of Health,NHS Greater Preston CCG,31/03/2019,Computer Network Costs,PRIMARY CARE IT,LANCASHIRE CARE NHS FOUNDATION TRUST,26331957,"40,361.67 ",654923319,I0063270
Department of Health,NHS Greater Preston CCG,31/03/2019,Hlthcre-Foundation Trsts,MENTAL HEALTH CONTRACTS,LANCASHIRE CARE NHS FOUNDATION TRUST,26331964,"173,825.00 ",654923319,I0063466
Department of Health,NHS Greater Preston CCG,31/03/2019,Hcare Srv Rec Fdtn Trust-Non Contract,NON RECURRENT PROGRAMMES,LANCASHIRE CARE NHS FOUNDATION TRUST,26375127,"46,109.00 ",654923319,I0063201
Department of Health,NHS Greater Preston CCG,31/03/2019,Hlthcre-Foundation Trsts,MENTAL HEALTH CONTRACTS,LANCASHIRE CARE NHS FOUNDATION TRUST,26420424,"234,500.00 ",654923319,I0063617
Department of Health,NHS Greater Preston CCG,31/03/2019,Hlthcre-Foundation Trsts,MENTAL HEALTH CONTRACTS,LANCASHIRE CARE NHS FOUNDATION TRUST,26420425,"47,600.69 ",654923319,I0063601
Department of Health,NHS Greater Preston CCG,31/03/2019,Computer Network Costs,PRIMARY CARE IT,LANCASHIRE CARE NHS FOUNDATION TRUST,26552433,"40,361.67 ",654923319,I0063754
Department of Health,NHS Greater Preston CCG,31/03/2019,Hlthcre-Foundation Trsts,COMMUNITY SERVICES,LANCASHIRE CARE NHS FOUNDATION TRUST,26664622,"320,833.00 ",654923319,I0063725
Department of Health,NHS Greater Preston CCG,31/03/2019,Hlthcre-Foundation Trsts,MENTAL HEALTH CONTRACTS,LANCASHIRE CARE NHS FOUNDATION TRUST,26664626,"1,743,526.00 ",654923319,I0063741
Department of Health,NHS Greater Preston CCG,31/03/2019,Hlthcre-Foundation Trsts,COMMUNITY SERVICES,LANCASHIRE CARE NHS FOUNDATION TRUST,26664629,"1,209,155.00 ",654923319,I0063724
Department of Health,NHS Greater Preston CCG,31/03/2019,Hlthcre-Foundation Trsts,MENTAL HEALTH CONTRACTS,LANCASHIRE CARE NHS FOUNDATION TRUST,26664749,"-456,038.00 ",654923319,C0006202
Department of Health,NHS Greater Preston CCG,31/03/2019,Clinical&Medical-Othe Public Sector,LEARNING DIFFICULTIES,LANCASHIRE COUNTY COUNCIL,26292266,"284,579.00 ",,5200180778
Department of Health,NHS Greater Preston CCG,31/03/2019,Other Gen Supplies & Srv,SAFEGUARDING,LANCASHIRE COUNTY COUNCIL,26504020,"28,214.00 ",,5100565595
Department of Health,NHS Greater Preston CCG,31/03/2019,Clinical&Medical-Othe Public Sector,NON RECURRENT PROGRAMMES,LANCASHIRE COUNTY COUNCIL,26527595,"1,162,227.53 ",,5200183917
Department of Health,NHS Greater Preston CCG,31/03/2019,Hlthcre-Foundation Trsts,NON RECURRENT RESERVE,LANCASHIRE TEACHING HOSPITALS NHS FOUNDATION TRUST,26442799,"100,858.43 ",654937107,15314091
Department of Health,NHS Greater Preston CCG,31/03/2019,Hlthcre-Foundation Trsts,ACUTE COMMISSIONING,LANCASHIRE TEACHING HOSPITALS NHS FOUNDATION TRUST,26442818,"511,570.08 ",654937107,15315563
Department of Health,NHS Greater Preston CCG,31/03/2019,Hlthcre-Foundation Trsts,ACUTE COMMISSIONING,LANCASHIRE TEACHING HOSPITALS NHS FOUNDATION TRUST,26442822,"594,580.00 ",654937107,15316803
Department of Health,NHS Greater Preston CCG,31/03/2019,Hlthcre-Foundation Trsts,NON RECURRENT RESERVE,LANCASHIRE TEACHING HOSPITALS NHS FOUNDATION TRUST,26442826,"-541,317.00 ",654937107,15317276
Department of Health,NHS Greater Preston CCG,31/03/2019,Hlthcre-Foundation Trsts,ACUTE COMMISSIONING,LANCASHIRE TEACHING HOSPITALS NHS FOUNDATION TRUST,26442832,"-87,749.00 ",654937107,15317889
Department of Health,NHS Greater Preston CCG,31/03/2019,Hlthcre-Foundation Trsts,ACUTE COMMISSIONING,LANCASHIRE TEACHING HOSPITALS NHS FOUNDATION TRUST,26442834,"514,789.00 ",654937107,15319269
Department of Health,NHS Greater Preston CCG,31/03/2019,Hlthcre-Foundation Trsts,ACUTE COMMISSIONING,LANCASHIRE TEACHING HOSPITALS NHS FOUNDATION TRUST,26442851,"-237,883.22 ",654937107,15320336
Department of Health,NHS Greater Preston CCG,31/03/2019,Hlthcre-Foundation Trsts,ACUTE COMMISSIONING,LANCASHIRE TEACHING HOSPITALS NHS FOUNDATION TRUST,26442858,"-868,418.07 ",654937107,15321520
Department of Health,NHS Greater Preston CCG,31/03/2019,Hlthcre-Foundation Trsts,ACUTE COMMISSIONING,LANCASHIRE TEACHING HOSPITALS NHS FOUNDATION TRUST,26442893,"-31,441.02 ",654937107,15323629
Department of Health,NHS Greater Preston CCG,31/03/2019,Hlthcre-Foundation Trsts,ACUTE COMMISSIONING,LANCASHIRE TEACHING HOSPITALS NHS FOUNDATION TRUST,26442975,"1,400,000.00 ",654937107,15324118
Department of Health,NHS Greater Preston CCG,31/03/2019,Hlthcre-Foundation Trsts,ACUTE COMMISSIONING,LANCASHIRE TEACHING HOSPITALS NHS FOUNDATION TRUST,26443067,"-942,152.68 ",654937107,15324718
Department of Health,NHS Greater Preston CCG,31/03/2019,Hcare Srv Rec Fdtn Trust-Non Contract,ACUTE COMMISSIONING,LANCASHIRE TEACHING HOSPITALS NHS FOUNDATION TRUST,26444431,"1,200,000.00 ",654937107,15324115
Department of Health,NHS Greater Preston CCG,31/03/2019,Hcare Srv Rec Fdtn Trust-Non Contract,URGENT CARE,LANCASHIRE TEACHING HOSPITALS NHS FOUNDATION TRUST,26527579,"38,955.14 ",654937107,15325089
Department of Health,NHS Greater Preston CCG,31/03/2019,Hlthcre-Foundation Trsts,ACUTE COMMISSIONING,LANCASHIRE TEACHING HOSPITALS NHS FOUNDATION TRUST,26527594,"54,355.26 ",654937107,15325177
Department of Health,NHS Greater Preston CCG,31/03/2019,Hlthcre-Foundation Trsts,NON RECURRENT RESERVE,LANCASHIRE TEACHING HOSPITALS NHS FOUNDATION TRUST,26536775,"1,072,759.00 ",654937107,15311602
Department of Health,NHS Greater Preston CCG,31/03/2019,C&M-GMS Global Sum,PRC DELEGATED CO-COMMISSIONING,LONGTON HEALTH CENTRE,26595582,"75,973.25 ",,LA000047749
Department of Health,NHS Greater Preston CCG,31/03/2019,C&M-GMS Global Sum,PRC DELEGATED CO-COMMISSIONING,LOSTOCK HALL MEDICAL CENTRE,26595584,"27,370.26 ",,LA000047751
Department of Health,NHS Greater Preston CCG,31/03/2019,C&M-GMS Global Sum,PRC DELEGATED CO-COMMISSIONING,LYTHAM ROAD SURGERY,26595581,"80,402.81 ",,LA000047747
Department of Health,NHS Greater Preston CCG,31/03/2019,Hlthcre-Foundation Trsts,ACUTE COMMISSIONING,MANCHESTER UNIVERSITY NHS FOUNDATION TRUST,26292313,"156,505.67 ",654415538,427014
Department of Health,NHS Greater Preston CCG,31/03/2019,Hlthcre-Foundation Trsts,ACUTE COMMISSIONING,MANCHESTER UNIVERSITY NHS FOUNDATION TRUST,26375221,"-83,376.00 ",654415538,902218
Department of Health,NHS Greater Preston CCG,31/03/2019,Clinical&Medical-Commercial Sector,ACUTE COMMISSIONING,MARIE STOPES INTERNATIONAL,26527574,"29,552.50 ",882426016,MS190300
Department of Health,NHS Greater Preston CCG,31/03/2019,Clinical&Medical-Independent Sector,COMMUNITY SERVICES,MEDEQUIP ASSISTIVE TECHNOLOGY LTD,26334990,"73,208.09 ",218788662,43674
Department of Health,NHS Greater Preston CCG,31/03/2019,Hcare Srv Rec Fdtn Trust-Non Contract,LEARNING DIFFICULTIES,MERSEY CARE NHS FOUNDATION TRUST,26443930,"53,642.29 ",654412841,I0039883
Department of Health,NHS Greater Preston CCG,31/03/2019,C&M-GMS Global Sum,PRC DELEGATED CO-COMMISSIONING,NEW HALL LANE PRACTICE,26595586,"56,505.80 ",,LA000047753
Department of Health,NHS Greater Preston CCG,31/03/2019,Programme Support Costs,PROGRAMME PROJECTS,NHS CHORLEY AND SOUTH RIBBLE CCG,26527634,"242,093.00 ",,7011601693
Department of Health,NHS Greater Preston CCG,31/03/2019,Charges from CSU,QUALITY ASSURANCE,NHS MIDLANDS AND LANCASHIRE CSU,26527581,"-35,183.00 ",GB 654442045,7312313040
Department of Health,NHS Greater Preston CCG,31/03/2019,Charges from CSU,COMMISSIONING - NON ACUTE,NHS MIDLANDS AND LANCASHIRE CSU,26536776,"79,070.00 ",GB 654442045,7312312900
Department of Health,NHS Greater Preston CCG,31/03/2019,Charges from CSU,FINANCE,NHS MIDLANDS AND LANCASHIRE CSU,26536776,"56,213.00 ",GB 654442045,7312312900
Department of Health,NHS Greater Preston CCG,31/03/2019,Charges from CSU,QUALITY ASSURANCE,NHS MIDLANDS AND LANCASHIRE CSU,26536776,"50,670.00 ",GB 654442045,7312312900
Department of Health,NHS Greater Preston CCG,31/03/2019,Charges from CSU,COMMISSIONING - NON ACUTE,NHS MIDLANDS AND LANCASHIRE CSU,26536776,"45,413.00 ",GB 654442045,7312312900
Department of Health,NHS Greater Preston CCG,31/03/2019,Voids and Subsidies,RECHARGES NHS PROPERTY SERVICES LTD,NHS PROPERTY SERVICES LTD,26572867,"47,956.79 ",156725100,H161288
Department of Health,NHS Greater Preston CCG,31/03/2019,Voids and Subsidies,RECHARGES NHS PROPERTY SERVICES LTD,NHS PROPERTY SERVICES LTD,26577034,"92,951.52 ",156725100,H161289
Department of Health,NHS Greater Preston CCG,31/03/2019,Voids and Subsidies,RECHARGES NHS PROPERTY SERVICES LTD,NHS PROPERTY SERVICES LTD,26577036,"91,717.00 ",156725100,H171027
Department of Health,NHS Greater Preston CCG,31/03/2019,Voids and Subsidies,RECHARGES NHS PROPERTY SERVICES LTD,NHS PROPERTY SERVICES LTD,26577037,"90,140.00 ",156725100,H170853
Department of Health,NHS Greater Preston CCG,31/03/2019,Hcare Srv Rec NHS Trust,NHS 111,NORTH WEST AMBULANCE SERVICE NHS TRUST,26292420,"47,662.00 ",654435138,4110044327
Department of Health,NHS Greater Preston CCG,31/03/2019,Hcare Srv Rec NHS Trust,PATIENT TRANSPORT,NORTH WEST AMBULANCE SERVICE NHS TRUST,26292433,"129,018.00 ",654435138,4110044433
Department of Health,NHS Greater Preston CCG,31/03/2019,Hcare Srv Rec NHS Trust,AMBULANCE SERVICES,NORTH WEST AMBULANCE SERVICE NHS TRUST,26334995,"544,596.00 ",654435138,4110044482
Department of Health,NHS Greater Preston CCG,31/03/2019,Hcare Srv Rec NHS Trust,AMBULANCE SERVICES,NORTH WEST AMBULANCE SERVICE NHS TRUST,26527587,"32,494.00 ",654435138,4110044667
Department of Health,NHS Greater Preston CCG,31/03/2019,C&M-GMS Global Sum,PRC DELEGATED CO-COMMISSIONING,PARK MEDICAL PRACTICE PRESTON,26595588,"113,055.30 ",,LA000047755
Department of Health,NHS Greater Preston CCG,31/03/2019,C&M-GMS Global Sum,PRC DELEGATED CO-COMMISSIONING,PARK VIEW SURGERY PRESTON,26616098,"48,619.79 ",,LA000047757
Department of Health,NHS Greater Preston CCG,31/03/2019,C&M-PMS Contract Value,PRC DELEGATED CO-COMMISSIONING,PENWORTHAM ST MARYS,26595591,"121,029.71 ",,LA000047759
Department of Health,NHS Greater Preston CCG,31/03/2019,C&M-GMS LES Medical Fees,LOCAL ENHANCED SERVICES,PRESTON NORTH AND EAST HEALTH COLLABORATIVE,26431070,"90,910.00 ",,99994 8P12TF
Department of Health,NHS Greater Preston CCG,31/03/2019,C&M-GMS Global Sum,PRC DELEGATED CO-COMMISSIONING,RIBBLETON MEDICAL CENTRE,26595595,"60,577.28 ",,LA000047763
Department of Health,NHS Greater Preston CCG,31/03/2019,C&M-GMS Cost of Drugs -Dispensing,LOCAL ENHANCED SERVICES,RIVERSIDE MEDICAL CENTRE PRESTON,26595596,"-29,615.75 ",,LA000047764
Department of Health,NHS Greater Preston CCG,31/03/2019,C&M-GMS Cost of Drugs -Dispensing,LOCAL ENHANCED SERVICES,RIVERSIDE MEDICAL CENTRE PRESTON,26595597,"46,091.54 ",,LA000047765
Department of Health,NHS Greater Preston CCG,31/03/2019,C&M-GMS Global Sum,PRC DELEGATED CO-COMMISSIONING,RIVERSIDE MEDICAL CENTRE PRESTON,26595597,"76,516.05 ",,LA000047765
Department of Health,NHS Greater Preston CCG,31/03/2019,Hlthcre-Foundation Trsts,ACUTE COMMISSIONING,SALFORD ROYAL HOSPITALS NHS FOUNDATION TRUST,26292389,"36,720.00 ",65 4939786,S0023601
Department of Health,NHS Greater Preston CCG,31/03/2019,Clinical&Medical-Commercial Sector,COMMUNITY SERVICES,SPECSAVERS HEARCARE LTD,26628704,"31,169.00 ",GB 202995603,21810256
Department of Health,NHS Greater Preston CCG,31/03/2019,Clinical&Medical-Commercial Sector,COMMUNITY SERVICES,SPRINGFIELD MANOR GARDENS LTD,26292817,"64,117.81 ",,INV2973
Department of Health,NHS Greater Preston CCG,31/03/2019,C&M-GMS Global Sum,PRC DELEGATED CO-COMMISSIONING,ST FILLANS MEDICAL CENTRE,26595601,"59,602.83 ",,LA000047769
Department of Health,NHS Greater Preston CCG,31/03/2019,C&M-GMS Global Sum,PRC DELEGATED CO-COMMISSIONING,STONEBRIDGE SURGERY,26595599,"52,232.45 ",,LA000047767
Department of Health,NHS Greater Preston CCG,31/03/2019,Hlthcre-Foundation Trsts,ACUTE COMMISSIONING,WRIGHTINGTON WIGAN & LEIGH NHS FOUNDATION TRUST,26335003,"105,136.39 ",GB654951509,55586143
