Department family,Entity,Date,Expense Type,Expense area,Supplier,Transaction number, AP Amount (�) ,VAT registration number,Purchase invoice number,EM comments
Department of Health,NHS Greater Preston CCG,31/01/2019,Cont Care-Learning Disab(<65),CHC AD FULL FUND PERS HLTH BUD,ALOCURA LTD,25680158,"51,656.89 ",,1099,
Department of Health,NHS Greater Preston CCG,31/01/2019,Clinical&Medical-Voluntary Sector,MENTAL HEALTH CONTRACTS,ALZHEIMERS SOCIETY,25680305,"32,005.25 ",GB974843571,PSI167982,
Department of Health,NHS Greater Preston CCG,31/01/2019,C&M-GMS Global Sum,PRC DELEGATED CO-COMMISSIONING,AVENHAM LANE PRACTICE,25723044,"28,809.57 ",,LA000046610,
Department of Health,NHS Greater Preston CCG,31/01/2019,Clinical&Medical-Commercial Sector,COMMUNITY SERVICES,BEACON MEDICAL SERVICES GROUP,25462575,"41,487.00 ",,2018BMSGPENT41,
Department of Health,NHS Greater Preston CCG,31/01/2019,C&M-PMS Contract Value,PRC DELEGATED CO-COMMISSIONING,BERRY LANE MEDICAL CENTRE,25723042,"80,379.08 ",,LA000046608,
Department of Health,NHS Greater Preston CCG,31/01/2019,Hlthcre-Foundation Trsts,ACUTE COMMISSIONING,BLACKPOOL TEACHING HOSPITALS NHS FOUNDATION TRUST,25680190,"-118,586.65 ",GB654430839,5575,
Department of Health,NHS Greater Preston CCG,31/01/2019,Hlthcre-Foundation Trsts,COMMUNITY SERVICES,BLACKPOOL TEACHING HOSPITALS NHS FOUNDATION TRUST,25790447,"246,736.60 ",GB654430839,1110043116,
Department of Health,NHS Greater Preston CCG,31/01/2019,C&M-PMS Contract Value,PRC DELEGATED CO-COMMISSIONING,BRIARWOOD MEDICAL CENTRE,25742118,"46,610.53 ",,LA000046612,
Department of Health,NHS Greater Preston CCG,31/01/2019,Clinical&Medical-Commercial Sector,COMMUNITY SERVICES,CARE UK CLINICAL SERVICES LTD,25462422,"74,963.74 ",,100080748,
Department of Health,NHS Greater Preston CCG,31/01/2019,Clinical&Medical-Commercial Sector,COMMUNITY SERVICES,CARE UK CLINICAL SERVICES LTD,25596348,"55,820.50 ",,100084508,
Department of Health,NHS Greater Preston CCG,31/01/2019,Clinical&Medical-Commercial Sector,COMMUNITY SERVICES,COMMUNITY HEALTH & EYECARE LTD,25596580,"29,889.15 ",,381,
Department of Health,NHS Greater Preston CCG,31/01/2019,C&M-PMS Contract Value,PRC DELEGATED CO-COMMISSIONING,DOCKLANDS MEDICAL CENTRE PRESTON,25723047,"54,574.75 ",,LA000046614,
Department of Health,NHS Greater Preston CCG,31/01/2019,C&M-PMS Contract Value,PRC DELEGATED CO-COMMISSIONING,DR C M WILSON & PARTNERS,25723049,"101,551.16 ",,LA000046616,
Department of Health,NHS Greater Preston CCG,31/01/2019,C&M-GMS Global Sum,PRC DELEGATED CO-COMMISSIONING,DR D C PATEL & PARTNERS PRESTON,25723051,"69,959.93 ",,LA000046618,
Department of Health,NHS Greater Preston CCG,31/01/2019,Hcare Srv Rec NHS Trust,ACUTE COMMISSIONING,EAST LANCASHIRE HOSPITALS NHS TRUST,25800475,"146,686.18 ",654913225,E0095328,
Department of Health,NHS Greater Preston CCG,31/01/2019,C&M-GMS Global Sum,PRC DELEGATED CO-COMMISSIONING,FISHERGATE HILL SURGERY,25723061,"46,735.40 ",,LA000046628,
Department of Health,NHS Greater Preston CCG,31/01/2019,Clinical&Medical-Independent Sector,ACUTE COMMISSIONING,FULWOOD HALL HOSPITAL,25407234,"1,029,768.11 ",,139KMJAN19GPRES,
Department of Health,NHS Greater Preston CCG,31/01/2019,Clinical&Medical-Independent Sector,ACUTE COMMISSIONING,FULWOOD HALL HOSPITAL,25407254,"159,316.15 ",,142KMOCT18GPRE,
Department of Health,NHS Greater Preston CCG,31/01/2019,Clinical&Medical-Commercial Sector,URGENT CARE,GO TO DOC LTD,25516633,"512,531.00 ",248 096 482,6300,
Department of Health,NHS Greater Preston CCG,31/01/2019,C&M-GMS Global Sum,PRC DELEGATED CO-COMMISSIONING,ISSA MEDICAL CENTRE,25723067,"213,581.09 ",,LA000046634,
Department of Health,NHS Greater Preston CCG,31/01/2019,C&M-GMS LES In House Services,PRIMARY CARE INVESTMENTS,ISSA MEDICAL CENTRE,25567799,"40,193.00 ",,81196 8P10GO,
Department of Health,NHS Greater Preston CCG,31/01/2019,Hlthcre-Foundation Trsts,MENTAL HEALTH CONTRACTS,LANCASHIRE CARE NHS FOUNDATION TRUST,25800452,"1,724,048.00 ",654923319,I0062498,
Department of Health,NHS Greater Preston CCG,31/01/2019,Hlthcre-Foundation Trsts,COMMUNITY SERVICES,LANCASHIRE CARE NHS FOUNDATION TRUST,25800454,"320,633.00 ",654923319,I0062484,
Department of Health,NHS Greater Preston CCG,31/01/2019,Hlthcre-Foundation Trsts,COMMUNITY SERVICES,LANCASHIRE CARE NHS FOUNDATION TRUST,25800455,"1,211,653.00 ",654923319,I0062483,
Department of Health,NHS Greater Preston CCG,31/01/2019,Clinical&Medical-Clinical Other,COMMUNITY SERVICES,LANCASHIRE CARE NHS FOUNDATION TRUST,25790446,"27,771.86 ",654923319,I0062686,
Department of Health,NHS Greater Preston CCG,31/01/2019,Hlthcre-Foundation Trsts,COMMUNITY SERVICES,LANCASHIRE CARE NHS FOUNDATION TRUST,25511654,"183,069.00 ",654923319,I0061195,
Department of Health,NHS Greater Preston CCG,31/01/2019,Hlthcre-Foundation Trsts,COMMUNITY SERVICES,LANCASHIRE CARE NHS FOUNDATION TRUST,25800421,"97,051.14 ",654923319,I0061724,
Department of Health,NHS Greater Preston CCG,31/01/2019,Hlthcre-Foundation Trsts,MENTAL HEALTH CONTRACTS,LANCASHIRE CARE NHS FOUNDATION TRUST,25511707,"57,000.00 ",654923319,I0062425,
Department of Health,NHS Greater Preston CCG,31/01/2019,Clinical&Medical-Clinical Other,PRESCRIBING,LANCASHIRE CARE NHS FOUNDATION TRUST,25585324,"30,465.24 ",654923319,I0061743,
Department of Health,NHS Greater Preston CCG,31/01/2019,Clinical&Medical-Clinical Other,PRESCRIBING,LANCASHIRE CARE NHS FOUNDATION TRUST,25585331,"37,448.34 ",654923319,I0061741,
Department of Health,NHS Greater Preston CCG,31/01/2019,Clinical&Medical-Clinical Other,PRESCRIBING,LANCASHIRE CARE NHS FOUNDATION TRUST,25800440,"31,546.97 ",654923319,I0062216,
Department of Health,NHS Greater Preston CCG,31/01/2019,Clinical&Medical-Othe Public Sector,NON RECURRENT PROGRAMMES,LANCASHIRE COUNTY COUNCIL,25680229,"1,162,227.53 ",,5200179737,
Department of Health,NHS Greater Preston CCG,31/01/2019,Hlthcre-Foundation Trsts,ACUTE COMMISSIONING,LANCASHIRE TEACHING HOSPITALS NHS FOUNDATION TRUST,25796710,"9,418,648.00 ",654937107,15187936,
Department of Health,NHS Greater Preston CCG,31/01/2019,Hcare Srv Rec Fdtn Trust-Non Contract,URGENT CARE,LANCASHIRE TEACHING HOSPITALS NHS FOUNDATION TRUST,25585485,"38,955.14 ",654937107,15322489,
Department of Health,NHS Greater Preston CCG,31/01/2019,C&M-GMS Global Sum,PRC DELEGATED CO-COMMISSIONING,LONGTON HEALTH CENTRE,25723071,"75,973.25 ",,LA000046638,
Department of Health,NHS Greater Preston CCG,31/01/2019,C&M-GMS Global Sum,PRC DELEGATED CO-COMMISSIONING,LOSTOCK HALL MEDICAL CENTRE,25723073,"27,370.26 ",,LA000046640,
Department of Health,NHS Greater Preston CCG,31/01/2019,C&M-GMS Global Sum,PRC DELEGATED CO-COMMISSIONING,LYTHAM ROAD SURGERY,25723069,"80,402.81 ",,LA000046636,
Department of Health,NHS Greater Preston CCG,31/01/2019,Hlthcre-Foundation Trsts,ACUTE COMMISSIONING,MANCHESTER UNIVERSITY NHS FOUNDATION TRUST,25511680,"156,505.66 ",654415538,421241,
Department of Health,NHS Greater Preston CCG,31/01/2019,Hlthcre-Foundation Trsts,NON RECURRENT RESERVE,MANCHESTER UNIVERSITY NHS FOUNDATION TRUST,25680143,"35,443.00 ",654415538,403327,
Department of Health,NHS Greater Preston CCG,31/01/2019,Clinical&Medical-Independent Sector,COMMUNITY SERVICES,MEDEQUIP ASSISTIVE TECHNOLOGY LTD,25511843,"54,431.25 ",218788662,43286,
Department of Health,NHS Greater Preston CCG,31/01/2019,Hcare Srv Rec Fdtn Trust-Non Contract,LEARNING DIFFICULTIES,MERSEY CARE NHS TRUST,25800477,"53,642.29 ",654 412 841,I0039219,
Department of Health,NHS Greater Preston CCG,31/01/2019,C&M-GMS Global Sum,PRC DELEGATED CO-COMMISSIONING,NEW HALL LANE PRACTICE,25723076,"56,505.80 ",,LA000046644,
Department of Health,NHS Greater Preston CCG,31/01/2019,Charges from CSU,COMMISSIONING - NON ACUTE,NHS MIDLANDS AND LANCASHIRE CSU,25462635,"78,921.00 ",GB 654442045,7312312321,
Department of Health,NHS Greater Preston CCG,31/01/2019,Charges from CSU,CONTINUING HEALTHCARE ASSESSMENT & SUPPORT,NHS MIDLANDS AND LANCASHIRE CSU,25462635,"46,199.00 ",GB 654442045,7312312321,
Department of Health,NHS Greater Preston CCG,31/01/2019,Charges from CSU,FINANCE,NHS MIDLANDS AND LANCASHIRE CSU,25462635,"56,213.00 ",GB 654442045,7312312321,
Department of Health,NHS Greater Preston CCG,31/01/2019,Charges from CSU,PRIMARY CARE IT,NHS MIDLANDS AND LANCASHIRE CSU,25462635,"36,226.00 ",GB 654442045,7312312321,
Department of Health,NHS Greater Preston CCG,31/01/2019,Charges from CSU,QUALITY ASSURANCE,NHS MIDLANDS AND LANCASHIRE CSU,25462635,"53,602.00 ",GB 654442045,7312312321,
Department of Health,NHS Greater Preston CCG,31/01/2019,Voids and Subsidies,RECHARGES NHS PROPERTY SERVICES LTD,NHS PROPERTY SERVICES LTD,25796702,"48,598.39 ",156725100,00000001H66257,
Department of Health,NHS Greater Preston CCG,31/01/2019,Voids and Subsidies,RECHARGES NHS PROPERTY SERVICES LTD,NHS PROPERTY SERVICES LTD,25796704,"53,997.59 ",156725100,00000001H66258,
Department of Health,NHS Greater Preston CCG,31/01/2019,Voids and Subsidies,RECHARGES NHS PROPERTY SERVICES LTD,NHS PROPERTY SERVICES LTD,25796706,"48,598.39 ",156725100,00000001H75166,
Department of Health,NHS Greater Preston CCG,31/01/2019,Voids and Subsidies,RECHARGES NHS PROPERTY SERVICES LTD,NHS PROPERTY SERVICES LTD,25796709,"55,731.16 ",156725100,00000001H75143,
Department of Health,NHS Greater Preston CCG,31/01/2019,Hcare Srv Rec NHS Trust,AMBULANCE SERVICES,NORTH WEST AMBULANCE SERVICE NHS TRUST,25511763,"544,419.00 ",654435138,4110043301,
Department of Health,NHS Greater Preston CCG,31/01/2019,Hcare Srv Rec NHS Trust,NHS 111,NORTH WEST AMBULANCE SERVICE NHS TRUST,25511721,"48,471.00 ",654435138,4110043239,
Department of Health,NHS Greater Preston CCG,31/01/2019,Hcare Srv Rec NHS Trust,PATIENT TRANSPORT,NORTH WEST AMBULANCE SERVICE NHS TRUST,25511781,"129,023.00 ",654435138,4110043358,
Department of Health,NHS Greater Preston CCG,31/01/2019,C&M-GP PRACTICE REVENUE - PCTF,GP FORWARD VIEW,ORCHA HEALTH LTD,25458208,"71,400.00 ",,INV0143,
Department of Health,NHS Greater Preston CCG,31/01/2019,C&M-GMS Global Sum,PRC DELEGATED CO-COMMISSIONING,PARK MEDICAL PRACTICE PRESTON,25723078,"113,055.30 ",,LA000046646,
Department of Health,NHS Greater Preston CCG,31/01/2019,C&M-GMS Global Sum,PRC DELEGATED CO-COMMISSIONING,PARK VIEW SURGERY PRESTON,25742121,"50,663.04 ",,LA000046648,
Department of Health,NHS Greater Preston CCG,31/01/2019,C&M-PMS Contract Value,PRC DELEGATED CO-COMMISSIONING,PENWORTHAM ST MARYS,25723080,"121,029.71 ",,LA000046650,
Department of Health,NHS Greater Preston CCG,31/01/2019,C&M-GMS LES In House Services,PRIMARY CARE INVESTMENTS,PENWORTHAM ST MARYS,25567819,"25,316.00 ",,81213 8P10GO,
Department of Health,NHS Greater Preston CCG,31/01/2019,C&M-GP PRACTICE REVENUE - PCTF,GP FORWARD VIEW,REDMOOR HEALTH LTD,25667388,"48,787.00 ",GB267620588,INV0071,
Department of Health,NHS Greater Preston CCG,31/01/2019,C&M-GMS Global Sum,PRC DELEGATED CO-COMMISSIONING,RIBBLETON MEDICAL CENTRE,25723084,"60,577.28 ",,LA000046654,
Department of Health,NHS Greater Preston CCG,31/01/2019,C&M-GMS Cost of Drugs -Dispensing,LOCAL ENHANCED SERVICES,RIVERSIDE MEDICAL CENTRE PRESTON,25723085,"-30,499.06 ",,LA000046655,
Department of Health,NHS Greater Preston CCG,31/01/2019,C&M-GMS Cost of Drugs -Dispensing,LOCAL ENHANCED SERVICES,RIVERSIDE MEDICAL CENTRE PRESTON,25723086,"54,541.40 ",,LA000046656,
Department of Health,NHS Greater Preston CCG,31/01/2019,C&M-GMS Global Sum,PRC DELEGATED CO-COMMISSIONING,RIVERSIDE MEDICAL CENTRE PRESTON,25723086,"76,516.05 ",,LA000046656,
Department of Health,NHS Greater Preston CCG,31/01/2019,Hlthcre-Foundation Trsts,ACUTE COMMISSIONING,SALFORD ROYAL HOSPITALS NHS FOUNDATION TRUST,25511695,"36,720.00 ",65 4939786,S0021539,
Department of Health,NHS Greater Preston CCG,31/01/2019,Clinical&Medical-Independent Sector,LONG TERM CONDITIONS,SOLO SUPPORT SERVICES LTD,25407366,"61,813.17 ",241002867,AKR0119,
Department of Health,NHS Greater Preston CCG,31/01/2019,C&M-GMS Global Sum,PRC DELEGATED CO-COMMISSIONING,ST FILLANS MEDICAL CENTRE,25723090,"59,602.83 ",,LA000046660,
Department of Health,NHS Greater Preston CCG,31/01/2019,Clinical&Medical-Independent Sector,MENTAL HEALTH SERVICES - NOT CONTRACTED ACTIVITY,ST MARYS HOSPITALS LTD,25407245,"27,720.00 ",,SM0000001839A,
Department of Health,NHS Greater Preston CCG,31/01/2019,C&M-GMS Global Sum,PRC DELEGATED CO-COMMISSIONING,STONEBRIDGE SURGERY,25723088,"52,232.45 ",,LA000046658,
Department of Health,NHS Greater Preston CCG,31/01/2019,Hlthcre-Foundation Trsts,ACUTE COMMISSIONING,WRIGHTINGTON WIGAN & LEIGH NHS FOUNDATION TRUST,25511808,"105,141.00 ",GB654951509,55584416,
Department of Health,NHS Greater Preston CCG,31/01/2019,Cont Care-Physical Disab (<65),CHC AD FULL FUND PERS HLTH BUD,YOUR LIFE YOUR WAY,25585349,"67,005.00 ",,240517,
Department of Health,NHS Greater Preston CCG,31/01/2019,Cont Care-Physical Disab (65+),CHC AD FULL FUND PERS HLTH BUD,YOUR LIFE YOUR WAY,25680243,"35,595.55 ",,249825,
Department of Health,NHS Greater Preston CCG,31/01/2019,Cont Care- Children,Children's Continuing Care Personal Health Budgets,YOUR LIFE YOUR WAY,25680234,"26,790.78 ",,250944,
