Department family,Entity,Date,Expense Type,Expense area,Supplier,Transaction number,AP Amount (�),VAT registration number,Purchase invoice number,EM comments
Department of Health,NHS Greater Preston CCG,28/02/2019,Clinical&Medical-Commercial Sector,ACUTE COMMISSIONING,MARIE STOPES INTERNATIONAL,26003565,"35,521.58 ",882426016,MS190050,
Department of Health,NHS Greater Preston CCG,28/02/2019,Clinical&Medical-Independent Sector,ACUTE COMMISSIONING,FULWOOD HALL HOSPITAL,25855341,"1,029,768.11 ",,141KMFEB19GPRES,
Department of Health,NHS Greater Preston CCG,28/02/2019,Clinical&Medical-Independent Sector,ACUTE COMMISSIONING,FULWOOD HALL HOSPITAL,26003587,"109,665.27 ",,143KMNOV18GPRE,
Department of Health,NHS Greater Preston CCG,28/02/2019,Clinical&Medical-Independent Sector,ACUTE COMMISSIONING,SPIRE HEALTHCARE LTD,25902618,"-43,128.75 ",915970991,01EFYCREC181908,
Department of Health,NHS Greater Preston CCG,28/02/2019,Hcare Srv Rec NHS Trust,ACUTE COMMISSIONING,EAST LANCASHIRE HOSPITALS NHS TRUST,26003584,"64,854.46 ",654913225,E0095694,
Department of Health,NHS Greater Preston CCG,28/02/2019,Hcare Srv Rec NHS Trust,ACUTE COMMISSIONING,EAST LANCASHIRE HOSPITALS NHS TRUST,26185382,"146,686.18 ",654913225,E0095879,
Department of Health,NHS Greater Preston CCG,28/02/2019,Hcare Srv Rec NHS Trust,ACUTE COMMISSIONING,ROYAL LIVERPOOL AND BROADGREEN UNIVERSITY HOSPITALS NHS TRUST,26003580,"25,805.00 ",654966000,8610097973,
Department of Health,NHS Greater Preston CCG,28/02/2019,Hcare Srv Rec NHS Trust-Non Contract,ACUTE COMMISSIONING,EAST LANCASHIRE HOSPITALS NHS TRUST,25855286,"33,692.40 ",654913225,E0094148,
Department of Health,NHS Greater Preston CCG,28/02/2019,Hlthcre-Foundation Trsts,ACUTE COMMISSIONING,LANCASHIRE TEACHING HOSPITALS NHS FOUNDATION TRUST,26190982,"9,418,648.00 ",654937107,15187969,
Department of Health,NHS Greater Preston CCG,28/02/2019,Hlthcre-Foundation Trsts,ACUTE COMMISSIONING,MANCHESTER UNIVERSITY NHS FOUNDATION TRUST,25855526,"-60,836.00 ",654415538,901675,
Department of Health,NHS Greater Preston CCG,28/02/2019,Hlthcre-Foundation Trsts,ACUTE COMMISSIONING,MANCHESTER UNIVERSITY NHS FOUNDATION TRUST,25902659,"156,505.67 ",654415538,424273,
Department of Health,NHS Greater Preston CCG,28/02/2019,Hlthcre-Foundation Trsts,ACUTE COMMISSIONING,SALFORD ROYAL HOSPITALS NHS FOUNDATION TRUST,25902683,"36,720.00 ",65 4939786,S0022770,
Department of Health,NHS Greater Preston CCG,28/02/2019,Hlthcre-Foundation Trsts,ACUTE COMMISSIONING,WRIGHTINGTON WIGAN & LEIGH NHS FOUNDATION TRUST,25902823,"105,141.00 ",GB654951509,55585262,
Department of Health,NHS Greater Preston CCG,28/02/2019,Hcare Srv Rec NHS Trust,AMBULANCE SERVICES,NORTH WEST AMBULANCE SERVICE NHS TRUST,25902761,"544,419.00 ",654435138,4110043855,
Department of Health,NHS Greater Preston CCG,28/02/2019,Charges from CSU,COMMISSIONING - NON ACUTE,NHS MIDLANDS AND LANCASHIRE CSU,26003556,"78,921.00 ",GB 654442045,7312312579,
Department of Health,NHS Greater Preston CCG,28/02/2019,Clinical&Medical-Clinical Other,COMMUNITY SERVICES,LANCASHIRE CARE NHS FOUNDATION TRUST,26185359,"31,779.87 ",654923319,I0061458,
Department of Health,NHS Greater Preston CCG,28/02/2019,Clinical&Medical-Clinical Other,COMMUNITY SERVICES,LANCASHIRE CARE NHS FOUNDATION TRUST,26185384,"-31,779.87 ",654923319,C0006102,
Department of Health,NHS Greater Preston CCG,28/02/2019,Clinical&Medical-Commercial Sector,COMMUNITY SERVICES,BEACON MEDICAL SERVICES GROUP,25902705,"41,487.00 ",,2019BMSGPENT43,
Department of Health,NHS Greater Preston CCG,28/02/2019,Clinical&Medical-Commercial Sector,COMMUNITY SERVICES,CARE UK CLINICAL SERVICES LTD,26088334,"74,308.26 ",,100087023,
Department of Health,NHS Greater Preston CCG,28/02/2019,Clinical&Medical-Commercial Sector,COMMUNITY SERVICES,SPECSAVERS HEARCARE LTD,25800481,"33,913.00 ",747671301,21810247,
Department of Health,NHS Greater Preston CCG,28/02/2019,Clinical&Medical-Commercial Sector,COMMUNITY SERVICES,SPECSAVERS HEARCARE LTD,26185376,"28,624.00 ",747671301,21810253,
Department of Health,NHS Greater Preston CCG,28/02/2019,Clinical&Medical-Commercial Sector,COMMUNITY SERVICES,SPRINGFIELD MANOR GARDENS LTD,26106852,"64,117.81 ",,INV2971,
Department of Health,NHS Greater Preston CCG,28/02/2019,Clinical&Medical-Independent Sector,COMMUNITY SERVICES,MEDEQUIP ASSISTIVE TECHNOLOGY LTD,26003590,"85,447.53 ",218788662,43474,
Department of Health,NHS Greater Preston CCG,28/02/2019,Hlthcre-Foundation Trsts,COMMUNITY SERVICES,BLACKPOOL TEACHING HOSPITALS NHS FOUNDATION TRUST,26185385,"231,468.59 ",GB654430839,1110045685,
Department of Health,NHS Greater Preston CCG,28/02/2019,Hlthcre-Foundation Trsts,COMMUNITY SERVICES,LANCASHIRE CARE NHS FOUNDATION TRUST,26185367,"320,633.00 ",654923319,I0062891,
Department of Health,NHS Greater Preston CCG,28/02/2019,Hlthcre-Foundation Trsts,COMMUNITY SERVICES,LANCASHIRE CARE NHS FOUNDATION TRUST,26185370,"1,172,674.00 ",654923319,I0062890,
Department of Health,NHS Greater Preston CCG,28/02/2019,Charges from CSU,CONTINUING HEALTHCARE ASSESSMENT & SUPPORT,NHS MIDLANDS AND LANCASHIRE CSU,26003556,"46,199.00 ",GB 654442045,7312312579,
Department of Health,NHS Greater Preston CCG,28/02/2019,Charges from CSU,FINANCE,NHS MIDLANDS AND LANCASHIRE CSU,26003556,"56,213.00 ",GB 654442045,7312312579,
Department of Health,NHS Greater Preston CCG,28/02/2019,C&M-GP PRACTICE REVENUE - PCTF,GP FORWARD VIEW,REDMOOR HEALTH LTD,26139037,"37,336.00 ",GB267620588,INV0079,
Department of Health,NHS Greater Preston CCG,28/02/2019,Hcare Srv Rec Fdtn Trust-Non Contract,LEARNING DIFFICULTIES,MERSEY CARE NHS TRUST,26003598,"53,642.29 ",654 412 841,I0039659,
Department of Health,NHS Greater Preston CCG,28/02/2019,C&M-GMS Cost of Drugs -Dispensing,LOCAL ENHANCED SERVICES,RIVERSIDE MEDICAL CENTRE PRESTON,26119273,"-29,300.40 ",,LA000047209,
Department of Health,NHS Greater Preston CCG,28/02/2019,C&M-GMS Cost of Drugs -Dispensing,LOCAL ENHANCED SERVICES,RIVERSIDE MEDICAL CENTRE PRESTON,26119274,"52,710.46 ",,LA000047210,
Department of Health,NHS Greater Preston CCG,28/02/2019,C&M-GMS LES Medical Fees,LOCAL ENHANCED SERVICES,BRIDGEDALE MEDICAL SERVICES LTD,25999175,"30,171.00 ",,99995 8P8TF,
Department of Health,NHS Greater Preston CCG,28/02/2019,Hlthcre-Foundation Trsts,MENTAL HEALTH CONTRACTS,LANCASHIRE CARE NHS FOUNDATION TRUST,25814648,"-44,224.83 ",654923319,C0006004,
Department of Health,NHS Greater Preston CCG,28/02/2019,Hlthcre-Foundation Trsts,MENTAL HEALTH CONTRACTS,LANCASHIRE CARE NHS FOUNDATION TRUST,25902687,"88,392.50 ",654923319,I0062780,
Department of Health,NHS Greater Preston CCG,28/02/2019,Hlthcre-Foundation Trsts,MENTAL HEALTH CONTRACTS,LANCASHIRE CARE NHS FOUNDATION TRUST,26185363,"39,552.49 ",654923319,I0062865,
Department of Health,NHS Greater Preston CCG,28/02/2019,Hlthcre-Foundation Trsts,MENTAL HEALTH CONTRACTS,LANCASHIRE CARE NHS FOUNDATION TRUST,26185369,"1,733,565.00 ",654923319,I0062905,
Department of Health,NHS Greater Preston CCG,28/02/2019,Hlthcre-Foundation Trsts,MENTAL HEALTH CONTRACTS,LANCASHIRE CARE NHS FOUNDATION TRUST,26185381,"46,789.74 ",654923319,I0063133,
Department of Health,NHS Greater Preston CCG,28/02/2019,Clinical&Medical-Othe Public Sector,MENTAL HEALTH SERVICES - ADULTS,LANCASHIRE COUNTY COUNCIL,26185379,"89,106.51 ",,5100624124,
Department of Health,NHS Greater Preston CCG,28/02/2019,Hcare Srv Rec Fdtn Trust-Non Contract,NCAS/OATS,COUNTESS OF CHESTER HOSPITAL NHS FOUNDATION TRUST,26003550,"53,837.00 ",654917507,I0093504,
Department of Health,NHS Greater Preston CCG,28/02/2019,Hcare Srv Rec NHS Trust,NHS 111,NORTH WEST AMBULANCE SERVICE NHS TRUST,25902740,"44,796.00 ",654435138,4110043788,
Department of Health,NHS Greater Preston CCG,28/02/2019,Clinical&Medical-Othe Public Sector,NON RECURRENT PROGRAMMES,LANCASHIRE COUNTY COUNCIL,26088317,"1,162,227.53 ",,5200181799,
Department of Health,NHS Greater Preston CCG,28/02/2019,Hcare Srv Rec NHS Trust,PATIENT TRANSPORT,NORTH WEST AMBULANCE SERVICE NHS TRUST,25902725,"129,023.00 ",654435138,4110043911,
Department of Health,NHS Greater Preston CCG,28/02/2019,C&M-GMS Global Sum,PRC DELEGATED CO-COMMISSIONING,AVENHAM LANE PRACTICE,26119237,"28,809.57 ",,LA000047172,
Department of Health,NHS Greater Preston CCG,28/02/2019,C&M-GMS Global Sum,PRC DELEGATED CO-COMMISSIONING,DR D C PATEL & PARTNERS PRESTON,26119245,"69,959.93 ",,LA000047180,
Department of Health,NHS Greater Preston CCG,28/02/2019,C&M-GMS Global Sum,PRC DELEGATED CO-COMMISSIONING,DR J N JHA,26119247,"25,909.77 ",,LA000047182,
Department of Health,NHS Greater Preston CCG,28/02/2019,C&M-GMS Global Sum,PRC DELEGATED CO-COMMISSIONING,FISHERGATE HILL SURGERY,26119249,"46,735.40 ",,LA000047184,
Department of Health,NHS Greater Preston CCG,28/02/2019,C&M-GMS Global Sum,PRC DELEGATED CO-COMMISSIONING,ISSA MEDICAL CENTRE,26119255,"213,581.09 ",,LA000047190,
Department of Health,NHS Greater Preston CCG,28/02/2019,C&M-GMS Global Sum,PRC DELEGATED CO-COMMISSIONING,LONGTON HEALTH CENTRE,26119259,"75,973.25 ",,LA000047194,
Department of Health,NHS Greater Preston CCG,28/02/2019,C&M-GMS Global Sum,PRC DELEGATED CO-COMMISSIONING,LOSTOCK HALL MEDICAL CENTRE,26119261,"27,370.26 ",,LA000047196,
Department of Health,NHS Greater Preston CCG,28/02/2019,C&M-GMS Global Sum,PRC DELEGATED CO-COMMISSIONING,LYTHAM ROAD SURGERY,26119257,"80,402.81 ",,LA000047192,
Department of Health,NHS Greater Preston CCG,28/02/2019,C&M-GMS Global Sum,PRC DELEGATED CO-COMMISSIONING,NEW HALL LANE PRACTICE,26119263,"56,505.80 ",,LA000047198,
Department of Health,NHS Greater Preston CCG,28/02/2019,C&M-GMS Global Sum,PRC DELEGATED CO-COMMISSIONING,PARK MEDICAL PRACTICE PRESTON,26119265,"113,055.30 ",,LA000047200,
Department of Health,NHS Greater Preston CCG,28/02/2019,C&M-GMS Global Sum,PRC DELEGATED CO-COMMISSIONING,PARK VIEW SURGERY PRESTON,26132985,"48,619.79 ",,LA000047202,
Department of Health,NHS Greater Preston CCG,28/02/2019,C&M-GMS Global Sum,PRC DELEGATED CO-COMMISSIONING,RIBBLETON MEDICAL CENTRE,26119272,"60,577.28 ",,LA000047208,
Department of Health,NHS Greater Preston CCG,28/02/2019,C&M-GMS Global Sum,PRC DELEGATED CO-COMMISSIONING,RIVERSIDE MEDICAL CENTRE PRESTON,26119274,"76,516.05 ",,LA000047210,
Department of Health,NHS Greater Preston CCG,28/02/2019,C&M-GMS Global Sum,PRC DELEGATED CO-COMMISSIONING,ST FILLANS MEDICAL CENTRE,26119278,"59,602.83 ",,LA000047214,
Department of Health,NHS Greater Preston CCG,28/02/2019,C&M-GMS Global Sum,PRC DELEGATED CO-COMMISSIONING,STONEBRIDGE SURGERY,26119276,"52,232.45 ",,LA000047212,
Department of Health,NHS Greater Preston CCG,28/02/2019,C&M-GMS Prem Rates,PRC DELEGATED CO-COMMISSIONING,RIBBLE VILLAGE SURGERY,26119270,"34,857.91 ",,LA000047206,
Department of Health,NHS Greater Preston CCG,28/02/2019,C&M-PMS Contract Value,PRC DELEGATED CO-COMMISSIONING,BERRY LANE MEDICAL CENTRE,26119235,"80,379.08 ",,LA000047170,
Department of Health,NHS Greater Preston CCG,28/02/2019,C&M-PMS Contract Value,PRC DELEGATED CO-COMMISSIONING,BRIARWOOD MEDICAL CENTRE,26119239,"46,610.53 ",,LA000047174,
Department of Health,NHS Greater Preston CCG,28/02/2019,C&M-PMS Contract Value,PRC DELEGATED CO-COMMISSIONING,DOCKLANDS MEDICAL CENTRE PRESTON,26119241,"54,574.75 ",,LA000047176,
Department of Health,NHS Greater Preston CCG,28/02/2019,C&M-PMS Contract Value,PRC DELEGATED CO-COMMISSIONING,DR C M WILSON & PARTNERS,26119243,"101,551.16 ",,LA000047178,
Department of Health,NHS Greater Preston CCG,28/02/2019,C&M-PMS Contract Value,PRC DELEGATED CO-COMMISSIONING,PENWORTHAM ST MARYS,26119268,"121,029.71 ",,LA000047204,
Department of Health,NHS Greater Preston CCG,28/02/2019,C&M-GMS LES In House Services,PRIMARY CARE INVESTMENTS,ISSA MEDICAL CENTRE,26162000,"43,238.00 ",,81196 8P11GO,
Department of Health,NHS Greater Preston CCG,28/02/2019,Charges from CSU,PRIMARY CARE IT,NHS MIDLANDS AND LANCASHIRE CSU,26003556,"36,226.00 ",GB 654442045,7312312579,
Department of Health,NHS Greater Preston CCG,28/02/2019,Programme Support Costs,PROGRAMME PROJECTS,NHS CHORLEY AND SOUTH RIBBLE CCG,26003555,"307,348.00 ",,7011601678,
Department of Health,NHS Greater Preston CCG,28/02/2019,Charges from CSU,QUALITY ASSURANCE,NHS MIDLANDS AND LANCASHIRE CSU,26003556,"53,603.30 ",GB 654442045,7312312579,
Department of Health,NHS Greater Preston CCG,28/02/2019,Voids and Subsidies,RECHARGES NHS PROPERTY SERVICES LTD,NHS PROPERTY SERVICES LTD,26108554,"55,731.16 ",156725100,00000001H108101,
Department of Health,NHS Greater Preston CCG,28/02/2019,Voids and Subsidies,RECHARGES NHS PROPERTY SERVICES LTD,NHS PROPERTY SERVICES LTD,26108556,"47,956.79 ",156725100,00000001H108097,
Department of Health,NHS Greater Preston CCG,28/02/2019,Voids and Subsidies,RECHARGES NHS PROPERTY SERVICES LTD,NHS PROPERTY SERVICES LTD,26185362,"37,599.00 ",156725100,NAVS04040,
Department of Health,NHS Greater Preston CCG,28/02/2019,Clinical&Medical-Commercial Sector,URGENT CARE,GO TO DOC LTD,25861685,"512,531.00 ",248 096 482,6543,
Department of Health,NHS Greater Preston CCG,28/02/2019,Clinical&Medical-Commercial Sector,URGENT CARE,GO TO DOC LTD,26003572,"-34,358.00 ",248 096 482,6533,
Department of Health,NHS Greater Preston CCG,28/02/2019,Clinical&Medical-Commercial Sector,URGENT CARE,GO TO DOC LTD,26003574,"-25,197.99 ",248 096 482,6534,
Department of Health,NHS Greater Preston CCG,28/02/2019,Clinical&Medical-Commercial Sector,URGENT CARE,GO TO DOC LTD,26003577,"30,330.00 ",248 096 482,6532,
Department of Health,NHS Greater Preston CCG,28/02/2019,Hcare Srv Rec Fdtn Trust-Non Contract,URGENT CARE,LANCASHIRE TEACHING HOSPITALS NHS FOUNDATION TRUST,26088286,"38,955.14 ",654937107,15323930,
