﻿Department family,Entity,Date,Expense Type,Expense area,Supplier,Transaction number, AP Amount (£) ,VAT registration number,Purchase invoice number
Department of Health,NHS Greater Preston CCG,30/11/2018,Clinical&Medical-Independent Sector,ACUTE COMMISSIONING,FULWOOD HALL HOSPITAL,24547122,1029768.11,,135KMNOV18GPRES
Department of Health,NHS Greater Preston CCG,30/11/2018,Clinical&Medical-Independent Sector,ACUTE COMMISSIONING,SPIRE HEALTHCARE LTD,24547226,-43234.47,915970991,01EFYCREC181905
Department of Health,NHS Greater Preston CCG,30/11/2018,Hcare Srv Rec Fdtn Trust-Contract Baseline,COMMUNITY SERVICES,LANCASHIRE CARE NHS FOUNDATION TRUST,24547309," 320,633.00 ",654923319,I0061102
Department of Health,NHS Greater Preston CCG,30/11/2018,Hcare Srv Rec Fdtn Trust-Non Contract,URGENT CARE,LANCASHIRE TEACHING HOSPITALS NHS FOUNDATION TRUST,24547323,38955.14,,15319741
Department of Health,NHS Greater Preston CCG,30/11/2018,Hlthcre-Foundation Trsts,MENTAL HEALTH CONTRACTS,LANCASHIRE CARE NHS FOUNDATION TRUST,24547385,43393.58,654923319,I0061254
Department of Health,NHS Greater Preston CCG,30/11/2018,Cont Care- Children,Children's Continuing Care Personal Health Budgets,YOUR LIFE YOUR WAY,24547392,27693.84,,250943
Department of Health,NHS Greater Preston CCG,30/11/2018,Hlthcre-Foundation Trsts,MENTAL HEALTH CONTRACTS,LANCASHIRE CARE NHS FOUNDATION TRUST,24547432,114000,654923319,I0061310
Department of Health,NHS Greater Preston CCG,30/11/2018,Hlthcre-Foundation Trsts,ACUTE COMMISSIONING,WRIGHTINGTON WIGAN & LEIGH NHS FOUNDATION TRUST,24547436,29774,GB654951509,55582277
Department of Health,NHS Greater Preston CCG,30/11/2018,Hlthcre-Foundation Trsts,ACUTE COMMISSIONING,BLACKPOOL TEACHING HOSPITALS NHS FOUNDATION TRUST,24547469,252845.69,GB654430839,1110041523
Department of Health,NHS Greater Preston CCG,30/11/2018,Hcare Srv Rec NHS Trust,ACUTE COMMISSIONING,ROYAL LIVERPOOL AND BROADGREEN UNIVERSITY HOSPITALS NHS TRUST,24591736,43317,654966000,8610086877
Department of Health,NHS Greater Preston CCG,30/11/2018,Clinical&Medical-Commercial Sector,COMMUNITY SERVICES,SPIRAL HEALTH CIC,24591854,64117.81,,INV1541
Department of Health,NHS Greater Preston CCG,30/11/2018,Hlthcre-Foundation Trsts,ACUTE COMMISSIONING,SALFORD ROYAL HOSPITALS NHS FOUNDATION TRUST,24591911,36720,65 4939786,S0020103
Department of Health,NHS Greater Preston CCG,30/11/2018,Cont Care-Physical Disab (65+),CHC AD FULL FUND PERS HLTH BUD,YOUR LIFE YOUR WAY,24591919,36795.4,,249824
Department of Health,NHS Greater Preston CCG,30/11/2018,NHS Recbles <1Yr- CHC Risk Pool Con,BALANCE SHEET,REMOVED TO PROTECT PATIENT CONFIDENTIALITY,24591951,71777.02,,EE01
Department of Health,NHS Greater Preston CCG,30/11/2018,Hlthcre-Foundation Trsts,ACUTE COMMISSIONING,MANCHESTER UNIVERSITY NHS FOUNDATION TRUST,24591986,156505.67,654415538,415884
Department of Health,NHS Greater Preston CCG,30/11/2018,Clinical&Medical-Independent Sector,ACUTE COMMISSIONING,FULWOOD HALL HOSPITAL,24592133,-110803.75,,140KMAUG18GPRE
Department of Health,NHS Greater Preston CCG,30/11/2018,C&M-GP PRACTICE REVENUE - PCTF,GP FORWARD VIEW,IPLATO HEALTHCARE LTD,24638931,27648,906258620,10143
Department of Health,NHS Greater Preston CCG,30/11/2018,Hlthcre-Foundation Trsts,ACUTE COMMISSIONING,BLACKPOOL TEACHING HOSPITALS NHS FOUNDATION TRUST,24647611,-6147,GB654430839,5503
Department of Health,NHS Greater Preston CCG,30/11/2018,Hlthcre-Foundation Trsts,COMMUNITY SERVICES,BLACKPOOL TEACHING HOSPITALS NHS FOUNDATION TRUST,24647611,-401339,GB654430839,5503
Department of Health,NHS Greater Preston CCG,30/11/2018,Clinical&Medical-Independent Sector,ACUTE COMMISSIONING,SPIRE HEALTHCARE LTD,24647651,47074,915970991,01EFYCPF181908
Department of Health,NHS Greater Preston CCG,30/11/2018,Clinical&Medical-Othe Public Sector,MENTAL HEALTH SERVICES - ADULTS,PRESTON CITY COUNCIL,24647698,46620,155823750,1912113
Department of Health,NHS Greater Preston CCG,30/11/2018,Hcare Srv Rec NHS Trust,NHS 111,NORTH WEST AMBULANCE SERVICE NHS TRUST,24647711,44553,654435138,4110041968
Department of Health,NHS Greater Preston CCG,30/11/2018,Hlthcre-Foundation Trsts,ACUTE COMMISSIONING,MANCHESTER UNIVERSITY NHS FOUNDATION TRUST,24647752,-50000,654415538,901317
Department of Health,NHS Greater Preston CCG,30/11/2018,Hcare Srv Rec NHS Trust,AMBULANCE SERVICES,NORTH WEST AMBULANCE SERVICE NHS TRUST,24647769,544419,654435138,4110042031
Department of Health,NHS Greater Preston CCG,30/11/2018,Charges from CSU,COMMISSIONING - NON ACUTE,NHS MIDLANDS AND LANCASHIRE CSU,24647779,78921,GB 654442045,7312311679
Department of Health,NHS Greater Preston CCG,30/11/2018,Charges from CSU,CONTINUING HEALTHCARE ASSESSMENT & SUPPORT,NHS MIDLANDS AND LANCASHIRE CSU,24647779,46199,GB 654442045,7312311679
Department of Health,NHS Greater Preston CCG,30/11/2018,Charges from CSU,FINANCE,NHS MIDLANDS AND LANCASHIRE CSU,24647779,56213,GB 654442045,7312311679
Department of Health,NHS Greater Preston CCG,30/11/2018,Charges from CSU,OPERATIONS MANAGEMENT,NHS MIDLANDS AND LANCASHIRE CSU,24647779,11969,GB 654442045,7312311679
Department of Health,NHS Greater Preston CCG,30/11/2018,Charges from CSU,PRIMARY CARE IT,NHS MIDLANDS AND LANCASHIRE CSU,24647779,36227.3,GB 654442045,7312311679
Department of Health,NHS Greater Preston CCG,30/11/2018,Charges from CSU,QUALITY ASSURANCE,NHS MIDLANDS AND LANCASHIRE CSU,24647779,53602,GB 654442045,7312311679
Department of Health,NHS Greater Preston CCG,30/11/2018,Hlthcre-Foundation Trsts,ACUTE COMMISSIONING,WRIGHTINGTON WIGAN & LEIGH NHS FOUNDATION TRUST,24647785,105141,GB654951509,55582727
Department of Health,NHS Greater Preston CCG,30/11/2018,Clinical&Medical-Commercial Sector,COMMUNITY SERVICES,BEACON MEDICAL SERVICES GROUP,24647798,41487,,2018BMSGPENT037
Department of Health,NHS Greater Preston CCG,30/11/2018,Hcare Srv Rec NHS Trust,PATIENT TRANSPORT,NORTH WEST AMBULANCE SERVICE NHS TRUST,24647805,129023,654435138,4110042107
Department of Health,NHS Greater Preston CCG,30/11/2018,Clinical&Medical-Clinical Other,PRESCRIBING,LANCASHIRE CARE NHS FOUNDATION TRUST,24712266,32621.54,654923319,I0061258
Department of Health,NHS Greater Preston CCG,30/11/2018,C&M-GMS LES In House Services,PRIMARY CARE INVESTMENTS,ISSA MEDICAL CENTRE,24740451,40193,,81196 8P8GO
Department of Health,NHS Greater Preston CCG,30/11/2018,C&M-GMS LES In House Services,PRIMARY CARE INVESTMENTS,PENWORTHAM ST MARYS,24740476,25316,,81213 8P8GO
Department of Health,NHS Greater Preston CCG,30/11/2018,C&M-GMS Practice Transformational Support,PRIMARY CARE INVESTMENTS,INCREASED ACCESS SERVICES PRESTON,24740589,78612,,99999 8P8TF
Department of Health,NHS Greater Preston CCG,30/11/2018,C&M-GMS Practice Transformational Support,PRIMARY CARE INVESTMENTS,RIBBLE BANK MEDICAL GROUP,24740592,29507,,99990 8P8TF
Department of Health,NHS Greater Preston CCG,30/11/2018,Clinical&Medical-Commercial Sector,ACUTE COMMISSIONING,MARIE STOPES INTERNATIONAL,24743601,28455.54,882426016,MS182134
Department of Health,NHS Greater Preston CCG,30/11/2018,Clinical&Medical-Independent Sector,COMMUNITY SERVICES,MEDEQUIP ASSISTIVE TECHNOLOGY LTD,24743663,73305.02,218788662,43053
Department of Health,NHS Greater Preston CCG,30/11/2018,Clinical&Medical-Commercial Sector,URGENT CARE,GO TO DOC LTD,24750546,512531,248 096 482,6059
Department of Health,NHS Greater Preston CCG,30/11/2018,C&M-GP PRACTICE REVENUE - PCTF,GP FORWARD VIEW,IPLATO HEALTHCARE LTD,24787960,101376,906258620,10153
Department of Health,NHS Greater Preston CCG,30/11/2018,Clinical&Medical-Othe Public Sector,NON RECURRENT PROGRAMMES,LANCASHIRE COUNTY COUNCIL,24851457,1162227.53,,5200176550
Department of Health,NHS Greater Preston CCG,30/11/2018,Clinical&Medical-Independent Sector,NON RECURRENT PROGRAMMES,NHS CHORLEY AND SOUTH RIBBLE CCG,24851459,88573.21,,7011601644
Department of Health,NHS Greater Preston CCG,30/11/2018,Hcare Srv Rec Fdtn Trust-Non Contract,URGENT CARE,LANCASHIRE TEACHING HOSPITALS NHS FOUNDATION TRUST,24851465,38955.14,,15320880
Department of Health,NHS Greater Preston CCG,30/11/2018,Hcare Srv Rec NHS Trust,ACUTE COMMISSIONING,EAST LANCASHIRE HOSPITALS NHS TRUST,24851468,146686.18,654913225,E0094305
Department of Health,NHS Greater Preston CCG,30/11/2018,C&M-PMS Contract Value,PRC DELEGATED CO-COMMISSIONING,BERRY LANE MEDICAL CENTRE,24909719,80021.29,,LA000045447
Department of Health,NHS Greater Preston CCG,30/11/2018,C&M-PMS Cost of Drugs -Prescribing,LOCAL ENHANCED SERVICES,BERRY LANE MEDICAL CENTRE,24909719,4062.25,,LA000045447
Department of Health,NHS Greater Preston CCG,30/11/2018,C&M-PMS Funding Differential Review,PRC DELEGATED CO-COMMISSIONING,BERRY LANE MEDICAL CENTRE,24909719,1095.08,,LA000045447
Department of Health,NHS Greater Preston CCG,30/11/2018,C&M-PMS PCO Other,PRC DELEGATED CO-COMMISSIONING,BERRY LANE MEDICAL CENTRE,24909719,727.15,,LA000045447
Department of Health,NHS Greater Preston CCG,30/11/2018,C&M-PMS Prem Notional Rent,PRC DELEGATED CO-COMMISSIONING,BERRY LANE MEDICAL CENTRE,24909719,6263.75,,LA000045447
Department of Health,NHS Greater Preston CCG,30/11/2018,C&M-PMS Prem Rates,PRC DELEGATED CO-COMMISSIONING,BERRY LANE MEDICAL CENTRE,24909719,1344,,LA000045447
Department of Health,NHS Greater Preston CCG,30/11/2018,C&M-PMS Prof fees Prescribing,PRC DELEGATED CO-COMMISSIONING,BERRY LANE MEDICAL CENTRE,24909719,257.6,,LA000045447
Department of Health,NHS Greater Preston CCG,30/11/2018,C&M-PMS QOF Aspiration,PRC DELEGATED CO-COMMISSIONING,BERRY LANE MEDICAL CENTRE,24909719,8442.97,,LA000045447
Department of Health,NHS Greater Preston CCG,30/11/2018,C&M-GMS Cost of Drugs -Prescribing,LOCAL ENHANCED SERVICES,AVENHAM LANE PRACTICE,24909721,433.64,,LA000045449
Department of Health,NHS Greater Preston CCG,30/11/2018,C&M-GMS Global Sum,PRC DELEGATED CO-COMMISSIONING,AVENHAM LANE PRACTICE,24909721,27559.41,,LA000045449
Department of Health,NHS Greater Preston CCG,30/11/2018,C&M-GMS MPIG Correction Factor,PRC DELEGATED CO-COMMISSIONING,AVENHAM LANE PRACTICE,24909721,495.86,,LA000045449
Department of Health,NHS Greater Preston CCG,30/11/2018,C&M-GMS Prof Fees Prescribing,PRC DELEGATED CO-COMMISSIONING,AVENHAM LANE PRACTICE,24909721,32.2,,LA000045449
Department of Health,NHS Greater Preston CCG,30/11/2018,C&M-GMS QOF Aspiration,PRC DELEGATED CO-COMMISSIONING,AVENHAM LANE PRACTICE,24909721,1583.88,,LA000045449
Department of Health,NHS Greater Preston CCG,30/11/2018,C&M-PMS Contract Value,PRC DELEGATED CO-COMMISSIONING,BRIARWOOD MEDICAL CENTRE,24909723,46647.24,,LA000045451
Department of Health,NHS Greater Preston CCG,30/11/2018,C&M-PMS Cost of Drugs -Prescribing,LOCAL ENHANCED SERVICES,BRIARWOOD MEDICAL CENTRE,24909723,709.51,,LA000045451
Department of Health,NHS Greater Preston CCG,30/11/2018,C&M-PMS DES Learn Dsblty Hlth Chk,PRC DELEGATED CO-COMMISSIONING,BRIARWOOD MEDICAL CENTRE,24909723,420,,LA000045451
Department of Health,NHS Greater Preston CCG,30/11/2018,C&M-PMS DES Minor Surgery,PRC DELEGATED CO-COMMISSIONING,BRIARWOOD MEDICAL CENTRE,24909723,48.58,,LA000045451
Department of Health,NHS Greater Preston CCG,30/11/2018,C&M-PMS PCO Other,PRC DELEGATED CO-COMMISSIONING,BRIARWOOD MEDICAL CENTRE,24909723,437.85,,LA000045451
Department of Health,NHS Greater Preston CCG,30/11/2018,C&M-PMS Prem Notional Rent,PRC DELEGATED CO-COMMISSIONING,BRIARWOOD MEDICAL CENTRE,24909723,3208.33,,LA000045451
Department of Health,NHS Greater Preston CCG,30/11/2018,C&M-PMS Prof fees Prescribing,PRC DELEGATED CO-COMMISSIONING,BRIARWOOD MEDICAL CENTRE,24909723,101.2,,LA000045451
Department of Health,NHS Greater Preston CCG,30/11/2018,C&M-PMS QOF Aspiration,PRC DELEGATED CO-COMMISSIONING,BRIARWOOD MEDICAL CENTRE,24909723,4575.61,,LA000045451
Department of Health,NHS Greater Preston CCG,30/11/2018,C&M-PMS Contract Value,PRC DELEGATED CO-COMMISSIONING,DOCKLANDS MEDICAL CENTRE PRESTON,24909725,50790.92,,LA000045453
Department of Health,NHS Greater Preston CCG,30/11/2018,C&M-PMS Cost of Drugs -Prescribing,LOCAL ENHANCED SERVICES,DOCKLANDS MEDICAL CENTRE PRESTON,24909725,4090.36,,LA000045453
Department of Health,NHS Greater Preston CCG,30/11/2018,C&M-PMS DES Minor Surgery,PRC DELEGATED CO-COMMISSIONING,DOCKLANDS MEDICAL CENTRE PRESTON,24909725,49.67,,LA000045453
Department of Health,NHS Greater Preston CCG,30/11/2018,C&M-PMS Prem Notional Rent,PRC DELEGATED CO-COMMISSIONING,DOCKLANDS MEDICAL CENTRE PRESTON,24909725,2791.67,,LA000045453
Department of Health,NHS Greater Preston CCG,30/11/2018,C&M-PMS Prof fees Prescribing,PRC DELEGATED CO-COMMISSIONING,DOCKLANDS MEDICAL CENTRE PRESTON,24909725,1117.19,,LA000045453
Department of Health,NHS Greater Preston CCG,30/11/2018,C&M-PMS QOF Aspiration,PRC DELEGATED CO-COMMISSIONING,DOCKLANDS MEDICAL CENTRE PRESTON,24909725,5480.27,,LA000045453
Department of Health,NHS Greater Preston CCG,30/11/2018,C&M-PMS Contract Value,PRC DELEGATED CO-COMMISSIONING,DR C M WILSON & PARTNERS,24909727,100449.85,,LA000045455
Department of Health,NHS Greater Preston CCG,30/11/2018,C&M-PMS DES Extended Hours Access,PRC DELEGATED CO-COMMISSIONING,DR C M WILSON & PARTNERS,24909727,2115,,LA000045455
Department of Health,NHS Greater Preston CCG,30/11/2018,C&M-PMS DES Learn Dsblty Hlth Chk,PRC DELEGATED CO-COMMISSIONING,DR C M WILSON & PARTNERS,24909727,420,,LA000045455
Department of Health,NHS Greater Preston CCG,30/11/2018,C&M-PMS DES Minor Surgery,PRC DELEGATED CO-COMMISSIONING,DR C M WILSON & PARTNERS,24909727,117.08,,LA000045455
Department of Health,NHS Greater Preston CCG,30/11/2018,C&M-PMS Prem Notional Rent,PRC DELEGATED CO-COMMISSIONING,DR C M WILSON & PARTNERS,24909727,11209.5,,LA000045455
Department of Health,NHS Greater Preston CCG,30/11/2018,C&M-PMS Prem Rates,PRC DELEGATED CO-COMMISSIONING,DR C M WILSON & PARTNERS,24909727,1681,,LA000045455
Department of Health,NHS Greater Preston CCG,30/11/2018,C&M-PMS QOF Aspiration,PRC DELEGATED CO-COMMISSIONING,DR C M WILSON & PARTNERS,24909727,9952.13,,LA000045455
Department of Health,NHS Greater Preston CCG,30/11/2018,C&M-GMS Cost of Drugs -Prescribing,LOCAL ENHANCED SERVICES,DR D C PATEL & PARTNERS PRESTON,24909729,7797.02,,LA000045457
Department of Health,NHS Greater Preston CCG,30/11/2018,C&M-GMS DES Learn Dsblty Hlth Chk,PRC DELEGATED CO-COMMISSIONING,DR D C PATEL & PARTNERS PRESTON,24909729,420,,LA000045457
Department of Health,NHS Greater Preston CCG,30/11/2018,C&M-GMS Global Sum,PRC DELEGATED CO-COMMISSIONING,DR D C PATEL & PARTNERS PRESTON,24909729,70153.63,,LA000045457
Department of Health,NHS Greater Preston CCG,30/11/2018,C&M-GMS MPIG Correction Factor,PRC DELEGATED CO-COMMISSIONING,DR D C PATEL & PARTNERS PRESTON,24909729,752.33,,LA000045457
Department of Health,NHS Greater Preston CCG,30/11/2018,C&M-GMS PCO Doctors Ret Scheme,PRC DELEGATED CO-COMMISSIONING,DR D C PATEL & PARTNERS PRESTON,24909729,1538.4,,LA000045457
Department of Health,NHS Greater Preston CCG,30/11/2018,C&M-GMS Prem Notional Rent,PRC DELEGATED CO-COMMISSIONING,DR D C PATEL & PARTNERS PRESTON,24909729,1670.83,,LA000045457
Department of Health,NHS Greater Preston CCG,30/11/2018,C&M-GMS Prof Fees Prescribing,PRC DELEGATED CO-COMMISSIONING,DR D C PATEL & PARTNERS PRESTON,24909729,1000.5,,LA000045457
Department of Health,NHS Greater Preston CCG,30/11/2018,C&M-GMS QOF Aspiration,PRC DELEGATED CO-COMMISSIONING,DR D C PATEL & PARTNERS PRESTON,24909729,9715.9,,LA000045457
Department of Health,NHS Greater Preston CCG,30/11/2018,C&M-GMS Cost of Drugs -Prescribing,LOCAL ENHANCED SERVICES,DR J N JHA,24909734,63.78,,LA000045463
Department of Health,NHS Greater Preston CCG,30/11/2018,C&M-GMS Global Sum,PRC DELEGATED CO-COMMISSIONING,DR J N JHA,24909734,14204.51,,LA000045463
Department of Health,NHS Greater Preston CCG,30/11/2018,C&M-GMS MPIG Correction Factor,PRC DELEGATED CO-COMMISSIONING,DR J N JHA,24909734,546.12,,LA000045463
Department of Health,NHS Greater Preston CCG,30/11/2018,C&M-GMS Prem Notional Rent,PRC DELEGATED CO-COMMISSIONING,DR J N JHA,24909734,35702.08,,LA000045463
Department of Health,NHS Greater Preston CCG,30/11/2018,C&M-GMS Prof Fees Prescribing,PRC DELEGATED CO-COMMISSIONING,DR J N JHA,24909734,36.8,,LA000045463
Department of Health,NHS Greater Preston CCG,30/11/2018,C&M-GMS QOF Aspiration,PRC DELEGATED CO-COMMISSIONING,DR J N JHA,24909734,1410.15,,LA000045463
Department of Health,NHS Greater Preston CCG,30/11/2018,C&M-GMS Cost of Drugs -Prescribing,LOCAL ENHANCED SERVICES,DR S Z SHAHID,24909736,20.62,,LA000045465
Department of Health,NHS Greater Preston CCG,30/11/2018,C&M-GMS DES Extended Hours Access,PRC DELEGATED CO-COMMISSIONING,DR S Z SHAHID,24909736,384,,LA000045465
Department of Health,NHS Greater Preston CCG,30/11/2018,C&M-GMS Global Sum,PRC DELEGATED CO-COMMISSIONING,DR S Z SHAHID,24909736,17524.08,,LA000045465
Department of Health,NHS Greater Preston CCG,30/11/2018,C&M-GMS MPIG Correction Factor,PRC DELEGATED CO-COMMISSIONING,DR S Z SHAHID,24909736,358.85,,LA000045465
Department of Health,NHS Greater Preston CCG,30/11/2018,C&M-GMS Prem Notional Rent,PRC DELEGATED CO-COMMISSIONING,DR S Z SHAHID,24909736,48899.09,,LA000045465
Department of Health,NHS Greater Preston CCG,30/11/2018,C&M-GMS Prem Rates,PRC DELEGATED CO-COMMISSIONING,DR S Z SHAHID,24909736,828,,LA000045465
Department of Health,NHS Greater Preston CCG,30/11/2018,C&M-GMS Prof Fees Prescribing,PRC DELEGATED CO-COMMISSIONING,DR S Z SHAHID,24909736,4.6,,LA000045465
Department of Health,NHS Greater Preston CCG,30/11/2018,C&M-GMS QOF Aspiration,PRC DELEGATED CO-COMMISSIONING,DR S Z SHAHID,24909736,1681.38,,LA000045465
Department of Health,NHS Greater Preston CCG,30/11/2018,C&M-GMS Cost of Drugs -Prescribing,LOCAL ENHANCED SERVICES,FISHERGATE HILL SURGERY,24909738,3972.48,,LA000045467
Department of Health,NHS Greater Preston CCG,30/11/2018,C&M-GMS Global Sum,PRC DELEGATED CO-COMMISSIONING,FISHERGATE HILL SURGERY,24909738,46667.22,,LA000045467
Department of Health,NHS Greater Preston CCG,30/11/2018,C&M-GMS MPIG Correction Factor,PRC DELEGATED CO-COMMISSIONING,FISHERGATE HILL SURGERY,24909738,1644.21,,LA000045467
Department of Health,NHS Greater Preston CCG,30/11/2018,C&M-GMS Prem Notional Rent,PRC DELEGATED CO-COMMISSIONING,FISHERGATE HILL SURGERY,24909738,2705.25,,LA000045467
Department of Health,NHS Greater Preston CCG,30/11/2018,C&M-GMS Prem Water Rates,PRC DELEGATED CO-COMMISSIONING,FISHERGATE HILL SURGERY,24909738,211.31,,LA000045467
Department of Health,NHS Greater Preston CCG,30/11/2018,C&M-GMS Prof Fees Prescribing,PRC DELEGATED CO-COMMISSIONING,FISHERGATE HILL SURGERY,24909738,627.9,,LA000045467
Department of Health,NHS Greater Preston CCG,30/11/2018,C&M-GMS QOF Aspiration,PRC DELEGATED CO-COMMISSIONING,FISHERGATE HILL SURGERY,24909738,5056.1,,LA000045467
Department of Health,NHS Greater Preston CCG,30/11/2018,C&M-GMS Cost of Drugs -Prescribing,LOCAL ENHANCED SERVICES,ISSA MEDICAL CENTRE,24909744,6864.52,,LA000045473
Department of Health,NHS Greater Preston CCG,30/11/2018,C&M-GMS DES Extended Hours Access,PRC DELEGATED CO-COMMISSIONING,ISSA MEDICAL CENTRE,24909744,1960,,LA000045473
Department of Health,NHS Greater Preston CCG,30/11/2018,C&M-GMS Global Sum,PRC DELEGATED CO-COMMISSIONING,ISSA MEDICAL CENTRE,24909744,199573.77,,LA000045473
Department of Health,NHS Greater Preston CCG,30/11/2018,C&M-GMS MPIG Correction Factor,PRC DELEGATED CO-COMMISSIONING,ISSA MEDICAL CENTRE,24909744,814.28,,LA000045473
Department of Health,NHS Greater Preston CCG,30/11/2018,C&M-GMS Prem Notional Rent,PRC DELEGATED CO-COMMISSIONING,ISSA MEDICAL CENTRE,24909744,12500,,LA000045473
Department of Health,NHS Greater Preston CCG,30/11/2018,C&M-GMS Prem Water Rates,PRC DELEGATED CO-COMMISSIONING,ISSA MEDICAL CENTRE,24909744,299.16,,LA000045473
Department of Health,NHS Greater Preston CCG,30/11/2018,C&M-GMS Prof Fees Prescribing,PRC DELEGATED CO-COMMISSIONING,ISSA MEDICAL CENTRE,24909744,920,,LA000045473
Department of Health,NHS Greater Preston CCG,30/11/2018,C&M-GMS QOF Aspiration,PRC DELEGATED CO-COMMISSIONING,ISSA MEDICAL CENTRE,24909744,6773.87,,LA000045473
Department of Health,NHS Greater Preston CCG,30/11/2018,C&M-GMS Cost of Drugs -Prescribing,LOCAL ENHANCED SERVICES,LYTHAM ROAD SURGERY,24909746,9372.8,,LA000045475
Department of Health,NHS Greater Preston CCG,30/11/2018,C&M-GMS DES Extended Hours Access,PRC DELEGATED CO-COMMISSIONING,LYTHAM ROAD SURGERY,24909746,1779,,LA000045475
Department of Health,NHS Greater Preston CCG,30/11/2018,C&M-GMS Global Sum,PRC DELEGATED CO-COMMISSIONING,LYTHAM ROAD SURGERY,24909746,80135.22,,LA000045475
Department of Health,NHS Greater Preston CCG,30/11/2018,C&M-GMS MPIG Correction Factor,PRC DELEGATED CO-COMMISSIONING,LYTHAM ROAD SURGERY,24909746,289.44,,LA000045475
Department of Health,NHS Greater Preston CCG,30/11/2018,C&M-GMS Prem Notional Rent,PRC DELEGATED CO-COMMISSIONING,LYTHAM ROAD SURGERY,24909746,4854.17,,LA000045475
Department of Health,NHS Greater Preston CCG,30/11/2018,C&M-GMS Prem Rates,PRC DELEGATED CO-COMMISSIONING,LYTHAM ROAD SURGERY,24909746,874,,LA000045475
Department of Health,NHS Greater Preston CCG,30/11/2018,C&M-GMS Prof Fees Prescribing,PRC DELEGATED CO-COMMISSIONING,LYTHAM ROAD SURGERY,24909746,1709.08,,LA000045475
Department of Health,NHS Greater Preston CCG,30/11/2018,C&M-GMS QOF Aspiration,PRC DELEGATED CO-COMMISSIONING,LYTHAM ROAD SURGERY,24909746,10061.91,,LA000045475
Department of Health,NHS Greater Preston CCG,30/11/2018,C&M-GMS Cost of Drugs -Prescribing,LOCAL ENHANCED SERVICES,LONGTON HEALTH CENTRE,24909748,5086.45,,LA000045477
Department of Health,NHS Greater Preston CCG,30/11/2018,C&M-GMS DES Extended Hours Access,PRC DELEGATED CO-COMMISSIONING,LONGTON HEALTH CENTRE,24909748,1676,,LA000045477
Department of Health,NHS Greater Preston CCG,30/11/2018,C&M-GMS Global Sum,PRC DELEGATED CO-COMMISSIONING,LONGTON HEALTH CENTRE,24909748,75852.53,,LA000045477
Department of Health,NHS Greater Preston CCG,30/11/2018,C&M-GMS Prof Fees Prescribing,PRC DELEGATED CO-COMMISSIONING,LONGTON HEALTH CENTRE,24909748,425.5,,LA000045477
Department of Health,NHS Greater Preston CCG,30/11/2018,C&M-GMS QOF Aspiration,PRC DELEGATED CO-COMMISSIONING,LONGTON HEALTH CENTRE,24909748,9900.17,,LA000045477
Department of Health,NHS Greater Preston CCG,30/11/2018,C&M-GMS Cost of Drugs -Prescribing,LOCAL ENHANCED SERVICES,LOSTOCK HALL MEDICAL CENTRE,24909750,1421.23,,LA000045479
Department of Health,NHS Greater Preston CCG,30/11/2018,C&M-GMS Global Sum,PRC DELEGATED CO-COMMISSIONING,LOSTOCK HALL MEDICAL CENTRE,24909750,26625.4,,LA000045479
Department of Health,NHS Greater Preston CCG,30/11/2018,C&M-GMS MPIG Correction Factor,PRC DELEGATED CO-COMMISSIONING,LOSTOCK HALL MEDICAL CENTRE,24909750,87.71,,LA000045479
Department of Health,NHS Greater Preston CCG,30/11/2018,C&M-GMS Prem Notional Rent,PRC DELEGATED CO-COMMISSIONING,LOSTOCK HALL MEDICAL CENTRE,24909750,2470.83,,LA000045479
Department of Health,NHS Greater Preston CCG,30/11/2018,C&M-GMS Prem Rates,PRC DELEGATED CO-COMMISSIONING,LOSTOCK HALL MEDICAL CENTRE,24909750,6480,,LA000045479
Department of Health,NHS Greater Preston CCG,30/11/2018,C&M-GMS Prem Water Rates,PRC DELEGATED CO-COMMISSIONING,LOSTOCK HALL MEDICAL CENTRE,24909750,94.48,,LA000045479
Department of Health,NHS Greater Preston CCG,30/11/2018,C&M-GMS Prof Fees Prescribing,PRC DELEGATED CO-COMMISSIONING,LOSTOCK HALL MEDICAL CENTRE,24909750,119.6,,LA000045479
Department of Health,NHS Greater Preston CCG,30/11/2018,C&M-GMS QOF Aspiration,PRC DELEGATED CO-COMMISSIONING,LOSTOCK HALL MEDICAL CENTRE,24909750,3067.76,,LA000045479
Department of Health,NHS Greater Preston CCG,30/11/2018,C&M-GMS Cost of Drugs -Prescribing,LOCAL ENHANCED SERVICES,NEW HALL LANE PRACTICE,24909754,3343.41,,LA000045483
Department of Health,NHS Greater Preston CCG,30/11/2018,C&M-GMS Global Sum,PRC DELEGATED CO-COMMISSIONING,NEW HALL LANE PRACTICE,24909754,56772.44,,LA000045483
Department of Health,NHS Greater Preston CCG,30/11/2018,C&M-GMS Prof Fees Prescribing,PRC DELEGATED CO-COMMISSIONING,NEW HALL LANE PRACTICE,24909754,903.9,,LA000045483
Department of Health,NHS Greater Preston CCG,30/11/2018,C&M-GMS QOF Aspiration,PRC DELEGATED CO-COMMISSIONING,NEW HALL LANE PRACTICE,24909754,4980.76,,LA000045483
Department of Health,NHS Greater Preston CCG,30/11/2018,C&M-GMS Cost of Drugs -Prescribing,LOCAL ENHANCED SERVICES,PARK MEDICAL PRACTICE PRESTON,24909756,3663.48,,LA000045485
Department of Health,NHS Greater Preston CCG,30/11/2018,C&M-GMS DES Extended Hours Access,PRC DELEGATED CO-COMMISSIONING,PARK MEDICAL PRACTICE PRESTON,24909756,2515,,LA000045485
Department of Health,NHS Greater Preston CCG,30/11/2018,C&M-GMS Global Sum,PRC DELEGATED CO-COMMISSIONING,PARK MEDICAL PRACTICE PRESTON,24909756,114090.69,,LA000045485
Department of Health,NHS Greater Preston CCG,30/11/2018,C&M-GMS MPIG Correction Factor,PRC DELEGATED CO-COMMISSIONING,PARK MEDICAL PRACTICE PRESTON,24909756,562.41,,LA000045485
Department of Health,NHS Greater Preston CCG,30/11/2018,C&M-GMS Prem Notional Rent,PRC DELEGATED CO-COMMISSIONING,PARK MEDICAL PRACTICE PRESTON,24909756,12945.83,,LA000045485
Department of Health,NHS Greater Preston CCG,30/11/2018,C&M-GMS Prem Rates,PRC DELEGATED CO-COMMISSIONING,PARK MEDICAL PRACTICE PRESTON,24909756,2290,,LA000045485
Department of Health,NHS Greater Preston CCG,30/11/2018,C&M-GMS Prof Fees Prescribing,PRC DELEGATED CO-COMMISSIONING,PARK MEDICAL PRACTICE PRESTON,24909756,579.6,,LA000045485
Department of Health,NHS Greater Preston CCG,30/11/2018,C&M-GMS QOF Aspiration,PRC DELEGATED CO-COMMISSIONING,PARK MEDICAL PRACTICE PRESTON,24909756,11628.33,,LA000045485
Department of Health,NHS Greater Preston CCG,30/11/2018,C&M-PMS Contract Value,PRC DELEGATED CO-COMMISSIONING,PARK VIEW SURGERY PRESTON,24909758,51414.62,,LA000045487
Department of Health,NHS Greater Preston CCG,30/11/2018,C&M-PMS Cost of Drugs -Prescribing,LOCAL ENHANCED SERVICES,PARK VIEW SURGERY PRESTON,24909758,902.62,,LA000045487
Department of Health,NHS Greater Preston CCG,30/11/2018,C&M-PMS DES Extended Hours Access,PRC DELEGATED CO-COMMISSIONING,PARK VIEW SURGERY PRESTON,24909758,955,,LA000045487
Department of Health,NHS Greater Preston CCG,30/11/2018,C&M-PMS DES Minor Surgery,PRC DELEGATED CO-COMMISSIONING,PARK VIEW SURGERY PRESTON,24909758,324.5,,LA000045487
Department of Health,NHS Greater Preston CCG,30/11/2018,C&M-PMS Prem Notional Rent,PRC DELEGATED CO-COMMISSIONING,PARK VIEW SURGERY PRESTON,24909758,3848.33,,LA000045487
Department of Health,NHS Greater Preston CCG,30/11/2018,C&M-PMS Prem Rates,PRC DELEGATED CO-COMMISSIONING,PARK VIEW SURGERY PRESTON,24909758,610,,LA000045487
Department of Health,NHS Greater Preston CCG,30/11/2018,C&M-PMS Prof fees Prescribing,PRC DELEGATED CO-COMMISSIONING,PARK VIEW SURGERY PRESTON,24909758,108.1,,LA000045487
Department of Health,NHS Greater Preston CCG,30/11/2018,C&M-PMS QOF Aspiration,PRC DELEGATED CO-COMMISSIONING,PARK VIEW SURGERY PRESTON,24909758,3892.79,,LA000045487
Department of Health,NHS Greater Preston CCG,30/11/2018,C&M-GMS Global Sum,PRC DELEGATED CO-COMMISSIONING,RIBBLE VILLAGE SURGERY,24909761,23442.79,,LA000045491
Department of Health,NHS Greater Preston CCG,30/11/2018,C&M-GMS MPIG Correction Factor,PRC DELEGATED CO-COMMISSIONING,RIBBLE VILLAGE SURGERY,24909761,735.48,,LA000045491
Department of Health,NHS Greater Preston CCG,30/11/2018,C&M-GMS Prem Notional Rent,PRC DELEGATED CO-COMMISSIONING,RIBBLE VILLAGE SURGERY,24909761,5666,,LA000045491
Department of Health,NHS Greater Preston CCG,30/11/2018,C&M-GMS QOF Aspiration,PRC DELEGATED CO-COMMISSIONING,RIBBLE VILLAGE SURGERY,24909761,1425.33,,LA000045491
Department of Health,NHS Greater Preston CCG,30/11/2018,C&M-GMS Cost of Drugs -Dispensing,LOCAL ENHANCED SERVICES,RIVERSIDE MEDICAL CENTRE PRESTON,24909763,-24889.2,,LA000045494
Department of Health,NHS Greater Preston CCG,30/11/2018,C&M-GMS GP Statutory Levy,PRC DELEGATED CO-COMMISSIONING,RIVERSIDE MEDICAL CENTRE PRESTON,24909763,-363.09,,LA000045494
Department of Health,NHS Greater Preston CCG,30/11/2018,C&M-GMS PrscChrgsCll&RmttdbyGPCntra,PRC DELEGATED CO-COMMISSIONING,RIVERSIDE MEDICAL CENTRE PRESTON,24909763,-1249.6,,LA000045494
Department of Health,NHS Greater Preston CCG,30/11/2018,C&M-GMS Voluntary Levy,PRC DELEGATED CO-COMMISSIONING,RIVERSIDE MEDICAL CENTRE PRESTON,24909763,-56.6,,LA000045494
Department of Health,NHS Greater Preston CCG,30/11/2018,ME - GMS TPS Added Years Adj EEs,PRC DELEGATED CO-COMMISSIONING,RIVERSIDE MEDICAL CENTRE PRESTON,24909763,-1187.43,,LA000045494
Department of Health,NHS Greater Preston CCG,30/11/2018,ME-GMS GP Pension EEs,PRC DELEGATED CO-COMMISSIONING,RIVERSIDE MEDICAL CENTRE PRESTON,24909763,-7097.75,,LA000045494
Department of Health,NHS Greater Preston CCG,30/11/2018,ME-GMS GP Pension ERs Adjustments,PRC DELEGATED CO-COMMISSIONING,RIVERSIDE MEDICAL CENTRE PRESTON,24909763,-7039.01,,LA000045494
Department of Health,NHS Greater Preston CCG,30/11/2018,C&M-GMS Cost of Drugs -Dispensing,LOCAL ENHANCED SERVICES,RIVERSIDE MEDICAL CENTRE PRESTON,24909764,52000.99,,LA000045495
Department of Health,NHS Greater Preston CCG,30/11/2018,C&M-GMS Global Sum,PRC DELEGATED CO-COMMISSIONING,RIVERSIDE MEDICAL CENTRE PRESTON,24909764,76516.15,,LA000045495
Department of Health,NHS Greater Preston CCG,30/11/2018,C&M-GMS PCO Doctors Ret Scheme,PRC DELEGATED CO-COMMISSIONING,RIVERSIDE MEDICAL CENTRE PRESTON,24909764,1538.4,,LA000045495
Department of Health,NHS Greater Preston CCG,30/11/2018,C&M-GMS Prem Notional Rent,PRC DELEGATED CO-COMMISSIONING,RIVERSIDE MEDICAL CENTRE PRESTON,24909764,5058.33,,LA000045495
Department of Health,NHS Greater Preston CCG,30/11/2018,C&M-GMS Prem Rates,PRC DELEGATED CO-COMMISSIONING,RIVERSIDE MEDICAL CENTRE PRESTON,24909764,1277,,LA000045495
Department of Health,NHS Greater Preston CCG,30/11/2018,C&M-GMS Prem Water Rates,PRC DELEGATED CO-COMMISSIONING,RIVERSIDE MEDICAL CENTRE PRESTON,24909764,130.28,,LA000045495
Department of Health,NHS Greater Preston CCG,30/11/2018,C&M-GMS Prof Fees Dispensing,PRC DELEGATED CO-COMMISSIONING,RIVERSIDE MEDICAL CENTRE PRESTON,24909764,11419.45,,LA000045495
Department of Health,NHS Greater Preston CCG,30/11/2018,C&M-GMS PrscrptnChrgsColl&RmttdbyGP,LOCAL ENHANCED SERVICES,RIVERSIDE MEDICAL CENTRE PRESTON,24909764,1249.6,,LA000045495
Department of Health,NHS Greater Preston CCG,30/11/2018,C&M-GMS QOF Aspiration,PRC DELEGATED CO-COMMISSIONING,RIVERSIDE MEDICAL CENTRE PRESTON,24909764,8553.93,,LA000045495
Department of Health,NHS Greater Preston CCG,30/11/2018,C&M-GMS Cost of Drugs -Prescribing,LOCAL ENHANCED SERVICES,STONEBRIDGE SURGERY,24909766,3004.13,,LA000045497
Department of Health,NHS Greater Preston CCG,30/11/2018,C&M-GMS Global Sum,PRC DELEGATED CO-COMMISSIONING,STONEBRIDGE SURGERY,24909766,52363.62,,LA000045497
Department of Health,NHS Greater Preston CCG,30/11/2018,C&M-GMS MPIG Correction Factor,PRC DELEGATED CO-COMMISSIONING,STONEBRIDGE SURGERY,24909766,2281.32,,LA000045497
Department of Health,NHS Greater Preston CCG,30/11/2018,C&M-GMS PCO Other,PRC DELEGATED CO-COMMISSIONING,STONEBRIDGE SURGERY,24909766,533.28,,LA000045497
Department of Health,NHS Greater Preston CCG,30/11/2018,C&M-GMS Prem Notional Rent,PRC DELEGATED CO-COMMISSIONING,STONEBRIDGE SURGERY,24909766,5125,,LA000045497
Department of Health,NHS Greater Preston CCG,30/11/2018,C&M-GMS Prem Rates,PRC DELEGATED CO-COMMISSIONING,STONEBRIDGE SURGERY,24909766,1058,,LA000045497
Department of Health,NHS Greater Preston CCG,30/11/2018,C&M-GMS Prem Water Rates,PRC DELEGATED CO-COMMISSIONING,STONEBRIDGE SURGERY,24909766,149.17,,LA000045497
Department of Health,NHS Greater Preston CCG,30/11/2018,C&M-GMS Prof Fees Prescribing,PRC DELEGATED CO-COMMISSIONING,STONEBRIDGE SURGERY,24909766,239.2,,LA000045497
Department of Health,NHS Greater Preston CCG,30/11/2018,C&M-GMS QOF Aspiration,PRC DELEGATED CO-COMMISSIONING,STONEBRIDGE SURGERY,24909766,6409.12,,LA000045497
Department of Health,NHS Greater Preston CCG,30/11/2018,C&M-GMS DES Extended Hours Access,PRC DELEGATED CO-COMMISSIONING,ST FILLANS MEDICAL CENTRE,24909768,1396,,LA000045499
Department of Health,NHS Greater Preston CCG,30/11/2018,C&M-GMS DES Learn Dsblty Hlth Chk,PRC DELEGATED CO-COMMISSIONING,ST FILLANS MEDICAL CENTRE,24909768,700,,LA000045499
Department of Health,NHS Greater Preston CCG,30/11/2018,C&M-GMS Global Sum,PRC DELEGATED CO-COMMISSIONING,ST FILLANS MEDICAL CENTRE,24909768,59574.54,,LA000045499
Department of Health,NHS Greater Preston CCG,30/11/2018,C&M-GMS Prem Notional Rent,PRC DELEGATED CO-COMMISSIONING,ST FILLANS MEDICAL CENTRE,24909768,6366.92,,LA000045499
Department of Health,NHS Greater Preston CCG,30/11/2018,C&M-GMS Prem Rates,PRC DELEGATED CO-COMMISSIONING,ST FILLANS MEDICAL CENTRE,24909768,1548,,LA000045499
Department of Health,NHS Greater Preston CCG,30/11/2018,C&M-GMS QOF Aspiration,PRC DELEGATED CO-COMMISSIONING,ST FILLANS MEDICAL CENTRE,24909768,7051.51,,LA000045499
Department of Health,NHS Greater Preston CCG,30/11/2018,C&M-GMS DES Extended Hours Access,PRC DELEGATED CO-COMMISSIONING,DR H P CHAKRABARTI,24930003,298,,LA000045459
Department of Health,NHS Greater Preston CCG,30/11/2018,C&M-GMS DES Learn Dsblty Hlth Chk,PRC DELEGATED CO-COMMISSIONING,DR H P CHAKRABARTI,24930003,140,,LA000045459
Department of Health,NHS Greater Preston CCG,30/11/2018,C&M-GMS Global Sum,PRC DELEGATED CO-COMMISSIONING,DR H P CHAKRABARTI,24930003,12226,,LA000045459
Department of Health,NHS Greater Preston CCG,30/11/2018,C&M-GMS MPIG Correction Factor,PRC DELEGATED CO-COMMISSIONING,DR H P CHAKRABARTI,24930003,627.5,,LA000045459
Department of Health,NHS Greater Preston CCG,30/11/2018,C&M-GMS Prem Notional Rent,PRC DELEGATED CO-COMMISSIONING,DR H P CHAKRABARTI,24930003,21190.41,,LA000045459
Department of Health,NHS Greater Preston CCG,30/11/2018,C&M-GMS QOF Aspiration,PRC DELEGATED CO-COMMISSIONING,DR H P CHAKRABARTI,24930003,878.33,,LA000045459
Department of Health,NHS Greater Preston CCG,30/11/2018,C&M-PMS Contract Value,PRC DELEGATED CO-COMMISSIONING,PENWORTHAM ST MARYS,24930004,123446.67,,LA000045489
Department of Health,NHS Greater Preston CCG,30/11/2018,C&M-PMS Cost of Drugs -Prescribing,LOCAL ENHANCED SERVICES,PENWORTHAM ST MARYS,24930004,9048.75,,LA000045489
Department of Health,NHS Greater Preston CCG,30/11/2018,C&M-PMS DES Extended Hours Access,PRC DELEGATED CO-COMMISSIONING,PENWORTHAM ST MARYS,24930004,3002,,LA000045489
Department of Health,NHS Greater Preston CCG,30/11/2018,C&M-PMS DES Learn Dsblty Hlth Chk,PRC DELEGATED CO-COMMISSIONING,PENWORTHAM ST MARYS,24930004,560,,LA000045489
Department of Health,NHS Greater Preston CCG,30/11/2018,C&M-PMS Funding Differential Review,PRC DELEGATED CO-COMMISSIONING,PENWORTHAM ST MARYS,24930004,9613,,LA000045489
Department of Health,NHS Greater Preston CCG,30/11/2018,C&M-PMS PCO Locum Adop/Pat/Mat,PRC DELEGATED CO-COMMISSIONING,PENWORTHAM ST MARYS,24930004,11043.72,,LA000045489
Department of Health,NHS Greater Preston CCG,30/11/2018,C&M-PMS PCO Other,PRC DELEGATED CO-COMMISSIONING,PENWORTHAM ST MARYS,24930004,1257.99,,LA000045489
Department of Health,NHS Greater Preston CCG,30/11/2018,C&M-PMS Prem Notional Rent,PRC DELEGATED CO-COMMISSIONING,PENWORTHAM ST MARYS,24930004,2412.5,,LA000045489
Department of Health,NHS Greater Preston CCG,30/11/2018,C&M-PMS Prem Rates,PRC DELEGATED CO-COMMISSIONING,PENWORTHAM ST MARYS,24930004,1560,,LA000045489
Department of Health,NHS Greater Preston CCG,30/11/2018,C&M-PMS QOF Aspiration,PRC DELEGATED CO-COMMISSIONING,PENWORTHAM ST MARYS,24930004,7107.66,,LA000045489
Department of Health,NHS Greater Preston CCG,30/11/2018,C&M-GMS Cost of Drugs -Prescribing,LOCAL ENHANCED SERVICES,RIBBLETON MEDICAL CENTRE,24930005,4030.82,,LA000045493
Department of Health,NHS Greater Preston CCG,30/11/2018,C&M-GMS Global Sum,PRC DELEGATED CO-COMMISSIONING,RIBBLETON MEDICAL CENTRE,24930005,61090,,LA000045493
Department of Health,NHS Greater Preston CCG,30/11/2018,C&M-GMS MPIG Correction Factor,PRC DELEGATED CO-COMMISSIONING,RIBBLETON MEDICAL CENTRE,24930005,129.68,,LA000045493
Department of Health,NHS Greater Preston CCG,30/11/2018,C&M-GMS PCO Locum Sickness,PRC DELEGATED CO-COMMISSIONING,RIBBLETON MEDICAL CENTRE,24930005,500,,LA000045493
Department of Health,NHS Greater Preston CCG,30/11/2018,C&M-GMS Prem Notional Rent,PRC DELEGATED CO-COMMISSIONING,RIBBLETON MEDICAL CENTRE,24930005,5404.17,,LA000045493
Department of Health,NHS Greater Preston CCG,30/11/2018,C&M-GMS Prem Rates,PRC DELEGATED CO-COMMISSIONING,RIBBLETON MEDICAL CENTRE,24930005,1495,,LA000045493
Department of Health,NHS Greater Preston CCG,30/11/2018,C&M-GMS Prof Fees Prescribing,PRC DELEGATED CO-COMMISSIONING,RIBBLETON MEDICAL CENTRE,24930005,823.4,,LA000045493
Department of Health,NHS Greater Preston CCG,30/11/2018,C&M-GMS QOF Aspiration,PRC DELEGATED CO-COMMISSIONING,RIBBLETON MEDICAL CENTRE,24930005,5967.82,,LA000045493
Department of Health,NHS Greater Preston CCG,30/11/2018,ME-GMS GP Pension EEs Adjustments,PRC DELEGATED CO-COMMISSIONING,RIBBLETON MEDICAL CENTRE,24930005,744.77,,LA000045493
Department of Health,NHS Greater Preston CCG,30/11/2018,ME-GMS GP Pension ERs Adjustments,PRC DELEGATED CO-COMMISSIONING,RIBBLETON MEDICAL CENTRE,24930005,202.71,,LA000045493
Department of Health,NHS Greater Preston CCG,30/11/2018,ME-GMS GP Prior Year EEs,PRC DELEGATED CO-COMMISSIONING,RIBBLETON MEDICAL CENTRE,24930005,2486.09,,LA000045493
Department of Health,NHS Greater Preston CCG,30/11/2018,Charges from CSU,PRIMARY CARE IT,NHS MIDLANDS AND LANCASHIRE CSU,24956078,65250,GB 654442045,7312311594
Department of Health,NHS Greater Preston CCG,30/11/2018,Clinical&Medical-Commercial Sector,COMMUNITY SERVICES,SPIRAL HEALTH CIC,24956085,64117.81,,INV1695
Department of Health,NHS Greater Preston CCG,30/11/2018,Cont Care- Prior Year Payments,CHC ADULT FULLY FUNDED,BROTHERS OF CHARITY SERVICES,24956092,31868.8,,44534
Department of Health,NHS Greater Preston CCG,30/11/2018,Hcare Srv Rec Fdtn Trust-Contract Baseline,COMMUNITY SERVICES,LANCASHIRE CARE NHS FOUNDATION TRUST,24956095," 1,167,413.00 ",654923319,I0061612
Department of Health,NHS Greater Preston CCG,30/11/2018,Hlthcre-Foundation Trsts,MENTAL HEALTH CONTRACTS,LANCASHIRE CARE NHS FOUNDATION TRUST,24956098," 1,718,063.00 ",654923319,I0061588
Department of Health,NHS Greater Preston CCG,30/11/2018,Hcare Srv Rec Fdtn Trust-Contract Baseline,COMMUNITY SERVICES,LANCASHIRE CARE NHS FOUNDATION TRUST,24956107," 320,633.00 ",654923319,I0061613
Department of Health,NHS Greater Preston CCG,30/11/2018,Hcare Srv Rec Fdtn Trust-Non Contract,LEARNING DIFFICULTIES,MERSEY CARE NHS TRUST,24956117,53642.29,654 412 841,I0038848
Department of Health,NHS Greater Preston CCG,30/11/2018,Clinical&Medical-Independent Sector,ACUTE COMMISSIONING,SPIRE HEALTHCARE LTD,24956119,-40840.05,915970991,01EFYCREC181906
Department of Health,NHS Greater Preston CCG,30/11/2018,Hlthcre-Foundation Trsts,ACUTE COMMISSIONING,BLACKPOOL TEACHING HOSPITALS NHS FOUNDATION TRUST,24956124,-228992,GB654430839,1110041750
Department of Health,NHS Greater Preston CCG,30/11/2018,Hlthcre-Foundation Trsts,COMMUNITY SERVICES,BLACKPOOL TEACHING HOSPITALS NHS FOUNDATION TRUST,24956124,265313.61,GB654430839,1110041750
Department of Health,NHS Greater Preston CCG,30/11/2018,Clinical&Medical-Commercial Sector,COMMUNITY SERVICES,SPECSAVERS HEARCARE LTD,24956132,31910, GB 279002406,21810241
Department of Health,NHS Greater Preston CCG,30/11/2018,Hlthcre-Foundation Trsts,ACUTE COMMISSIONING,LANCASHIRE TEACHING HOSPITALS NHS FOUNDATION TRUST,24957718,9406724,,15321155
Department of Health,NHS Greater Preston CCG,30/11/2018,C&M-GMS Practice Transformational Support,PRIMARY CARE INVESTMENTS,PRESTON NORTH AND EAST HEALTH COLLABORATIVE,24974605,90805,,99994 7P8TF
Department of Health,NHS Greater Preston CCG,30/11/2018,Contract- Refuse & Clinical Waste,PRC DELEGATED CO-COMMISSIONING,NHS ENGLAND,24981272,30217.36,654 442 045,7000029508
