Department family,Entity,Date,Expense Type,Expense area,Supplier,Transaction number, AP Amount (�) ,VAT registration number,Purchase invoice number
Department of Health,NHS Greater Preston CCG,31/07/2018,Clinical&Medical-Commercial Sector,ACUTE COMMISSIONING,MARIE STOPES INTERNATIONAL,22990619,"32,753.33",882426016,MS181181
Department of Health,NHS Greater Preston CCG,31/07/2018,Clinical&Medical-Independent Sector,ACUTE COMMISSIONING,FULWOOD HALL HOSPITAL,22990248,"1,029,768.11",,128KMJUL18GPRES
Department of Health,NHS Greater Preston CCG,31/07/2018,Clinical&Medical-Independent Sector,ACUTE COMMISSIONING,SPIRE HEALTHCARE LTD,22990403,"47,074.00",915970991,01EFYCPF181904
Department of Health,NHS Greater Preston CCG,31/07/2018,Clinical&Medical-Independent Sector,ACUTE COMMISSIONING,SPIRE HEALTHCARE LTD,23151676,"-27,287.75",915970991,01EFYCREC181901
Department of Health,NHS Greater Preston CCG,31/07/2018,Clinical&Medical-Independent Sector,ACUTE COMMISSIONING,SPIRE HEALTHCARE LTD,23151693,"-38,322.02",915970991,01EFYCREC181902
Department of Health,NHS Greater Preston CCG,31/07/2018,Hcare Srv Rec NHS Trust,ACUTE COMMISSIONING,PENNINE ACUTE HOSPITALS NHS TRUST,23005063,"89,797.00",654418333,A0007536
Department of Health,NHS Greater Preston CCG,31/07/2018,Hlthcre-Foundation Trsts,ACUTE COMMISSIONING,BLACKPOOL TEACHING HOSPITALS NHS FOUNDATION TRUST,23255951,"-126,116.00",GB654430839,5262
Department of Health,NHS Greater Preston CCG,31/07/2018,Hlthcre-Foundation Trsts,ACUTE COMMISSIONING,MANCHESTER UNIVERSITY NHS FOUNDATION TRUST,23117955,"156,505.66",654415538,403178
Department of Health,NHS Greater Preston CCG,31/07/2018,Hlthcre-Foundation Trsts,ACUTE COMMISSIONING,SALFORD ROYAL HOSPITALS NHS FOUNDATION TRUST,23005031,"45,598.00",,S0014640
Department of Health,NHS Greater Preston CCG,31/07/2018,Hlthcre-Foundation Trsts,ACUTE COMMISSIONING,SALFORD ROYAL HOSPITALS NHS FOUNDATION TRUST,23005188,"36,720.00",,S0017376
Department of Health,NHS Greater Preston CCG,31/07/2018,Hlthcre-Foundation Trsts,ACUTE COMMISSIONING,UNIVERSITY HOSPITALS OF MORECAMBE BAY NHS FOUNDATION TRUST,22990272,"57,907.00",,1000005351
Department of Health,NHS Greater Preston CCG,31/07/2018,Hlthcre-Foundation Trsts,ACUTE COMMISSIONING,WRIGHTINGTON WIGAN & LEIGH NHS FOUNDATION TRUST,22990438,"104,404.00",GB654951509,55578934
Department of Health,NHS Greater Preston CCG,31/07/2018,Hlthcre-Foundation Trsts,ACUTE COMMISSIONING,WRIGHTINGTON WIGAN & LEIGH NHS FOUNDATION TRUST,23193401,"-314,057.00",GB654951509,55579127
Department of Health,NHS Greater Preston CCG,31/07/2018,Hcare Srv Rec NHS Trust,AMBULANCE SERVICES,NORTH WEST AMBULANCE SERVICE NHS TRUST,23005151,"544,419.00",654435138,4110038992
Department of Health,NHS Greater Preston CCG,31/07/2018,Hlthcre-Foundation Trsts,ACUTE COMMISSIONING,BLACKPOOL TEACHING HOSPITALS NHS FOUNDATION TRUST,23193435,"505,127.00",GB654430839,1110039349
Department of Health,NHS Greater Preston CCG,31/07/2018,Hlthcre-Foundation Trsts,ACUTE COMMISSIONING,EAST LANCASHIRE HOSPITALS NHS TRUST,23193508,"146,686.18",,E0092496
Department of Health,NHS Greater Preston CCG,31/07/2018,Hlthcre-Foundation Trsts,COMMUNITY SERVICES,LANCASHIRE CARE NHS FOUNDATION TRUST,23255999,"1,352,979.00",654923319,I0059460
Department of Health,NHS Greater Preston CCG,31/07/2018,Hlthcre-Foundation Trsts,MENTAL HEALTH CONTRACTS,LANCASHIRE CARE NHS FOUNDATION TRUST,23256009,"1,780,793.00",654923319,I0059473
Department of Health,NHS Greater Preston CCG,31/07/2018,Hlthcre-Foundation Trsts,ACUTE COMMISSIONING,LANCASHIRE TEACHING HOSPITALS NHS FOUNDATION TRUST,23262512,"9,485,660.00",,15316428
Department of Health,NHS Greater Preston CCG,31/07/2018,Cont Care-Physical Disab (<65),CHC AD FULL FUND PERS HLTH BUD,YOUR LIFE YOUR WAY,22990379,"68,494.00",,240515
Department of Health,NHS Greater Preston CCG,31/07/2018,Charges from CSU,COMMISSIONING - NON ACUTE,NHS MIDLANDS AND LANCASHIRE CSU,22990541,"91,856.58",GB 654442045,7312310667
Department of Health,NHS Greater Preston CCG,31/07/2018,Clinical&Medical-Commercial Sector,COMMUNITY SERVICES,BEACON MEDICAL SERVICES GROUP,22990426,"41,487.00",,2018BMSGPENT29
Department of Health,NHS Greater Preston CCG,31/07/2018,Clinical&Medical-Commercial Sector,COMMUNITY SERVICES,CARE UK CLINICAL SERVICES LTD,23067458,"30,342.00",,100072962
Department of Health,NHS Greater Preston CCG,31/07/2018,Clinical&Medical-Commercial Sector,COMMUNITY SERVICES,CHORLEY MEDICS LTD,22990579,"50,000.00",,310
Department of Health,NHS Greater Preston CCG,31/07/2018,Clinical&Medical-Commercial Sector,COMMUNITY SERVICES,COMMUNITY HEALTH & EYECARE LTD,22990267,"37,513.49",,356
Department of Health,NHS Greater Preston CCG,31/07/2018,Clinical&Medical-Commercial Sector,COMMUNITY SERVICES,COMMUNITY HEALTH & EYECARE LTD,23151685,"35,683.45",,359
Department of Health,NHS Greater Preston CCG,31/07/2018,Clinical&Medical-Commercial Sector,COMMUNITY SERVICES,SPIRAL HEALTH CIC,23067436,"64,117.81",,INV1171
Department of Health,NHS Greater Preston CCG,31/07/2018,Clinical&Medical-Commercial Sector,COMMUNITY SERVICES,TICCS,23067407,"25,565.31",,2859AB
Department of Health,NHS Greater Preston CCG,31/07/2018,Clinical&Medical-Commercial Sector,COMMUNITY SERVICES,VIRGIN CARE SERVICES LTD,23193452,"69,357.05",GB918510332,10301180988
Department of Health,NHS Greater Preston CCG,31/07/2018,Clinical&Medical-Independent Sector,COMMUNITY SERVICES,MEDEQUIP ASSISTIVE TECHNOLOGY LTD,23067435,"70,781.24",218788662,42375
Department of Health,NHS Greater Preston CCG,31/07/2018,Hlthcre-Foundation Trsts,COMMUNITY SERVICES,LANCASHIRE CARE NHS FOUNDATION TRUST,22990278,"57,466.00",654923319,I0059288
Department of Health,NHS Greater Preston CCG,31/07/2018,Hlthcre-Foundation Trsts,COMMUNITY SERVICES,LANCASHIRE CARE NHS FOUNDATION TRUST,22990282,"58,524.00",654923319,I0059289
Department of Health,NHS Greater Preston CCG,31/07/2018,Charges from CSU,CONTINUING HEALTHCARE ASSESSMENT & SUPPORT,NHS MIDLANDS AND LANCASHIRE CSU,22990541,"33,263.42",GB 654442045,7312310667
Department of Health,NHS Greater Preston CCG,31/07/2018,Charges from CSU,FINANCE,NHS MIDLANDS AND LANCASHIRE CSU,22990541,"48,650.00",GB 654442045,7312310667
Department of Health,NHS Greater Preston CCG,31/07/2018,C&M-GMS Cost of Drugs -Dispensing,LOCAL ENHANCED SERVICES,RIVERSIDE MEDICAL CENTRE PRESTON,23183317,"42,536.56",,LA000043228
Department of Health,NHS Greater Preston CCG,31/07/2018,Clinical&Medical-Independent Sector,LONG TERM CONDITIONS,SOLO SUPPORT SERVICES LTD,22990290,"63,186.80",241002867,AKR0718
Department of Health,NHS Greater Preston CCG,31/07/2018,Clinical&Medical-Voluntary Sector,MENTAL HEALTH CONTRACTS,ALZHEIMERS SOCIETY,23117949,"32,005.25",GB974843571,PSI162870
Department of Health,NHS Greater Preston CCG,31/07/2018,Hlthcre-Foundation Trsts,MENTAL HEALTH CONTRACTS,LANCASHIRE CARE NHS FOUNDATION TRUST,23067415,"104,033.00",654923319,I0059300
Department of Health,NHS Greater Preston CCG,31/07/2018,Clinical&Medical-Independent Sector,MENTAL HEALTH SERVICES - NOT CONTRACTED ACTIVITY,ELYSIUM HEALTHCARE LTD,23151687,"32,511.95",GB257732580,REC00674A
Department of Health,NHS Greater Preston CCG,31/07/2018,Hcare Srv Rec Fdtn Trust-Non Contract,MENTAL HEALTH SERVICES - NOT CONTRACTED ACTIVITY,MERSEY CARE NHS TRUST,23005161,"53,642.29",654 412 841,I0037912
Department of Health,NHS Greater Preston CCG,31/07/2018,Hcare Srv Rec Fdtn Trust-Non Contract,MENTAL HEALTH SERVICES - NOT CONTRACTED ACTIVITY,MERSEY CARE NHS TRUST,23005168,"53,642.29",654 412 841,I0037913
Department of Health,NHS Greater Preston CCG,31/07/2018,Hcare Srv Rec Fdtn Trust-Non Contract,MENTAL HEALTH SERVICES - NOT CONTRACTED ACTIVITY,MERSEY CARE NHS TRUST,23005187,"53,642.29",654 412 841,I0037911
Department of Health,NHS Greater Preston CCG,31/07/2018,Hcare Srv Rec Fdtn Trust-Non Contract,MENTAL HEALTH SERVICES - NOT CONTRACTED ACTIVITY,MERSEY CARE NHS TRUST,23256295,"53,642.29",654 412 841,I0038114
Department of Health,NHS Greater Preston CCG,31/07/2018,Hcare Srv Rec NHS Trust,NHS 111,NORTH WEST AMBULANCE SERVICE NHS TRUST,23005125,"47,027.00",654435138,4110038927
Department of Health,NHS Greater Preston CCG,31/07/2018,Clinical&Medical-Othe Public Sector,NON RECURRENT PROGRAMMES,LANCASHIRE COUNTY COUNCIL,23262511,"1,162,227.53",,5200169600
Department of Health,NHS Greater Preston CCG,31/07/2018,Clinical&Medical-Clinical Other,NON RECURRENT RESERVE,BLACKPOOL TEACHING HOSPITALS NHS FOUNDATION TRUST,23193317,"186,200.00",GB654430839,1110038191
Department of Health,NHS Greater Preston CCG,31/07/2018,Hcare Srv Rec NHS Trust,PATIENT TRANSPORT,NORTH WEST AMBULANCE SERVICE NHS TRUST,22889741,"-41,889.00",654435138,2048
Department of Health,NHS Greater Preston CCG,31/07/2018,Hcare Srv Rec NHS Trust,PATIENT TRANSPORT,NORTH WEST AMBULANCE SERVICE NHS TRUST,23005139,"129,023.00",654435138,4110039053
Department of Health,NHS Greater Preston CCG,31/07/2018,C&M-GMS Global Sum,PRC DELEGATED CO-COMMISSIONING,AVENHAM LANE PRACTICE,23183276,"26,966.03",,LA000043182
Department of Health,NHS Greater Preston CCG,31/07/2018,C&M-GMS Global Sum,PRC DELEGATED CO-COMMISSIONING,DR D C PATEL & PARTNERS PRESTON,23203385,"69,997.64",,LA000043190
Department of Health,NHS Greater Preston CCG,31/07/2018,C&M-GMS Global Sum,PRC DELEGATED CO-COMMISSIONING,FISHERGATE HILL SURGERY,23183290,"45,679.67",,LA000043200
Department of Health,NHS Greater Preston CCG,31/07/2018,C&M-GMS Global Sum,PRC DELEGATED CO-COMMISSIONING,ISSA MEDICAL CENTRE,23183296,"196,890.61",,LA000043206
Department of Health,NHS Greater Preston CCG,31/07/2018,C&M-GMS Global Sum,PRC DELEGATED CO-COMMISSIONING,LONGTON HEALTH CENTRE,23183300,"74,367.27",,LA000043210
Department of Health,NHS Greater Preston CCG,31/07/2018,C&M-GMS Global Sum,PRC DELEGATED CO-COMMISSIONING,LOSTOCK HALL MEDICAL CENTRE,23183302,"25,805.76",,LA000043212
Department of Health,NHS Greater Preston CCG,31/07/2018,C&M-GMS Global Sum,PRC DELEGATED CO-COMMISSIONING,LYTHAM ROAD SURGERY,23183298,"78,766.29",,LA000043208
Department of Health,NHS Greater Preston CCG,31/07/2018,C&M-GMS Global Sum,PRC DELEGATED CO-COMMISSIONING,NEW HALL LANE PRACTICE,23183306,"56,298.76",,LA000043216
Department of Health,NHS Greater Preston CCG,31/07/2018,C&M-GMS Global Sum,PRC DELEGATED CO-COMMISSIONING,PARK MEDICAL PRACTICE PRESTON,23183308,"112,402.83",,LA000043218
Department of Health,NHS Greater Preston CCG,31/07/2018,C&M-GMS Global Sum,PRC DELEGATED CO-COMMISSIONING,RIBBLETON MEDICAL CENTRE,23183315,"60,265.23",,LA000043226
Department of Health,NHS Greater Preston CCG,31/07/2018,C&M-GMS Global Sum,PRC DELEGATED CO-COMMISSIONING,RIVERSIDE MEDICAL CENTRE PRESTON,23183317,"75,076.96",,LA000043228
Department of Health,NHS Greater Preston CCG,31/07/2018,C&M-GMS Global Sum,PRC DELEGATED CO-COMMISSIONING,ST FILLANS MEDICAL CENTRE,23183321,"58,665.62",,LA000043232
Department of Health,NHS Greater Preston CCG,31/07/2018,C&M-GMS Global Sum,PRC DELEGATED CO-COMMISSIONING,STONEBRIDGE SURGERY,23183319,"51,620.08",,LA000043230
Department of Health,NHS Greater Preston CCG,31/07/2018,C&M-GMS PCO Doctors Ret Scheme,PRC DELEGATED CO-COMMISSIONING,DR D C PATEL & PARTNERS PRESTON,23203385,"41,230.72",,LA000043190
Department of Health,NHS Greater Preston CCG,31/07/2018,C&M-GMS Prem Healthcentre Rent,PRC DELEGATED CO-COMMISSIONING,LONGTON HEALTH CENTRE,23183300,"26,900.00",,LA000043210
Department of Health,NHS Greater Preston CCG,31/07/2018,C&M-GMS Prem Notional Rent,PRC DELEGATED CO-COMMISSIONING,STONEBRIDGE SURGERY,23183319,"37,199.21",,LA000043230
Department of Health,NHS Greater Preston CCG,31/07/2018,C&M-PMS Contract Value,PRC DELEGATED CO-COMMISSIONING,BERRY LANE MEDICAL CENTRE,23183274,"78,380.75",,LA000043180
Department of Health,NHS Greater Preston CCG,31/07/2018,C&M-PMS Contract Value,PRC DELEGATED CO-COMMISSIONING,BRIARWOOD MEDICAL CENTRE,23183278,"45,925.02",,LA000043184
Department of Health,NHS Greater Preston CCG,31/07/2018,C&M-PMS Contract Value,PRC DELEGATED CO-COMMISSIONING,DOCKLANDS MEDICAL CENTRE PRESTON,23183280,"48,624.46",,LA000043186
Department of Health,NHS Greater Preston CCG,31/07/2018,C&M-PMS Contract Value,PRC DELEGATED CO-COMMISSIONING,DR C M WILSON & PARTNERS,23183282,"97,193.57",,LA000043188
Department of Health,NHS Greater Preston CCG,31/07/2018,C&M-PMS Contract Value,PRC DELEGATED CO-COMMISSIONING,PARK VIEW SURGERY PRESTON,23183310,"50,907.42",,LA000043220
Department of Health,NHS Greater Preston CCG,31/07/2018,C&M-PMS Contract Value,PRC DELEGATED CO-COMMISSIONING,PENWORTHAM ST MARYS,23183312,"119,444.40",,LA000043222
Department of Health,NHS Greater Preston CCG,31/07/2018,C&M-PMS Prem Healthcentre Rent,PRC DELEGATED CO-COMMISSIONING,PENWORTHAM ST MARYS,23183312,"30,215.10",,LA000043222
Department of Health,NHS Greater Preston CCG,31/07/2018,Clinical&Medical-Clinical Other,PRESCRIBING,LANCASHIRE CARE NHS FOUNDATION TRUST,23005099,"25,134.19",654923319,I0059277
Department of Health,NHS Greater Preston CCG,31/07/2018,C&M-GMS LES In House Services,PRIMARY CARE INVESTMENTS,PENWORTHAM ST MARYS,23081375,"25,764.93",,81213 8P4GO
Department of Health,NHS Greater Preston CCG,31/07/2018,Charges from CSU,PRIMARY CARE IT,NHS MIDLANDS AND LANCASHIRE CSU,22990541,"36,227.30",GB 654442045,7312310667
Department of Health,NHS Greater Preston CCG,31/07/2018,Computer Network Costs,PRIMARY CARE IT,LANCASHIRE CARE NHS FOUNDATION TRUST,22990300,"40,707.24",654923319,I0059348
Department of Health,NHS Greater Preston CCG,31/07/2018,Recharge : Provided,PRIMARY CARE IT,INSIGHT DIRECT (UK) LTD,22811677,"49,735.53",746 0751 29,3938210
Department of Health,NHS Greater Preston CCG,31/07/2018,Charges from CSU,QUALITY ASSURANCE,NHS MIDLANDS AND LANCASHIRE CSU,22990541,"38,886.00",GB 654442045,7312310667
Department of Health,NHS Greater Preston CCG,31/07/2018,Clinical&Medical-Commercial Sector,URGENT CARE,GO TO DOC LTD,23194432,"281,892.05",248 096 482,4758
Department of Health,NHS Greater Preston CCG,31/07/2018,Hcare Srv Rec Fdtn Trust-Non Contract,URGENT CARE,LANCASHIRE TEACHING HOSPITALS NHS FOUNDATION TRUST,23193483,"38,955.14",,15316139
