A3131 - Expenditure Over Threshold,,,,,,,,,
Department family,Entity,Date,Expense Type,Expense area,Supplier,Transaction number,AP Amount (�),VAT registration number,Purchase invoice number
Department of Health,NHS Blackpool CCG,11/30/2018,Programme Support Costs,PROGRAMME PROJECTS,BLACKPOOL TEACHING HOSPITALS NHS FOUNDATION TRUST,24547123,"80,000.00 ",GB654430839,1110041183
Department of Health,NHS Blackpool CCG,11/30/2018,Cont Care- Palliative Care,CHC ADULT FULLY FUNDED,BLACKPOOL COUNCIL,24547135,77.28 ,155820857,30130915
Department of Health,NHS Blackpool CCG,11/30/2018,Cont Care-Learning Disab(<65),CHC ADULT FULLY FUNDED,BLACKPOOL COUNCIL,24547135,"8,514.84 ",155820857,30130915
Department of Health,NHS Blackpool CCG,11/30/2018,Cont Care-Mental Health (65+),CHC ADULT FULLY FUNDED,BLACKPOOL COUNCIL,24547135,"(6,377.61)",155820857,30130915
Department of Health,NHS Blackpool CCG,11/30/2018,Cont Care-Physical Disab (65+),CHC ADULT FULLY FUNDED,BLACKPOOL COUNCIL,24547135,"26,445.86 ",155820857,30130915
Department of Health,NHS Blackpool CCG,11/30/2018,Cont Care-Physical Disab (<65),CHC ADULT FULLY FUNDED,BLACKPOOL COUNCIL,24547135,"86,850.64 ",155820857,30130915
Department of Health,NHS Blackpool CCG,11/30/2018,Programme Support Costs,PROGRAMME PROJECTS,BLACKPOOL TEACHING HOSPITALS NHS FOUNDATION TRUST,24547220,"60,000.00 ",GB654430839,1110041266
Department of Health,NHS Blackpool CCG,11/30/2018,Hcare Srv Rec Fdtn Trust-Contract Baseline,ACUTE COMMISSIONING,LANCASHIRE TEACHING HOSPITALS NHS FOUNDATION TRUST,24547257,"753,714.00 ",,15320036
Department of Health,NHS Blackpool CCG,11/30/2018,Hcare Srv Rec Fdtn Trust-Contract Baseline,ACUTE COMMISSIONING,MANCHESTER UNIVERSITY NHS FOUNDATION TRUST,24547291,"89,646.50 ",654415538,0000415880
Department of Health,NHS Blackpool CCG,11/30/2018,FM Computer Contracts,CORPORATE COSTS & SERVICES,BLACKPOOL TEACHING HOSPITALS NHS FOUNDATION TRUST,24569290,"5,675.96 ",GB654430839,1110040395
Department of Health,NHS Blackpool CCG,11/30/2018,FM Computer Contracts,PRIMARY CARE IT,BLACKPOOL TEACHING HOSPITALS NHS FOUNDATION TRUST,24569290,"22,703.84 ",GB654430839,1110040395
Department of Health,NHS Blackpool CCG,11/30/2018,FM Computer Contracts,CORPORATE COSTS & SERVICES,BLACKPOOL TEACHING HOSPITALS NHS FOUNDATION TRUST,24569307,"(4,256.97)",GB654430839,5399
Department of Health,NHS Blackpool CCG,11/30/2018,FM Computer Contracts,PRIMARY CARE IT,BLACKPOOL TEACHING HOSPITALS NHS FOUNDATION TRUST,24569307,"(24,122.83)",GB654430839,5399
Department of Health,NHS Blackpool CCG,11/30/2018,Computer Software/License,PRIMARY CARE IT,BLACKPOOL TEACHING HOSPITALS NHS FOUNDATION TRUST,24569313,"21,284.85 ",GB654430839,1110040918
Department of Health,NHS Blackpool CCG,11/30/2018,FM Computer Contracts,CORPORATE COSTS & SERVICES,BLACKPOOL TEACHING HOSPITALS NHS FOUNDATION TRUST,24569313,"7,094.95 ",GB654430839,1110040918
Department of Health,NHS Blackpool CCG,11/30/2018,Hcare Srv Rec Fdtn Trust-Contract Baseline,ACUTE COMMISSIONING,UNIVERSITY HOSPITALS OF MORECAMBE BAY NHS FOUNDATION TRUST,24591667,"37,648.00 ",654968385,1000006670
Department of Health,NHS Blackpool CCG,11/30/2018,Hcare Srv Rec NHS Trust-Contract Baseline,ACUTE COMMISSIONING,ROYAL LIVERPOOL AND BROADGREEN UNIVERSITY HOSPITALS NHS TRUST,24591669,"27,294.00 ",654966000,8610088629
Department of Health,NHS Blackpool CCG,11/30/2018,Hcare Srv Rec Fdtn Trust-Contract Baseline,ACUTE COMMISSIONING,SALFORD ROYAL HOSPITALS NHS FOUNDATION TRUST,24591689,"35,556.00 ",65 4939786,S0020093
Department of Health,NHS Blackpool CCG,11/30/2018,Cont Care- Palliative Care,CHC ADULT FULLY FUNDED,BLACKPOOL COUNCIL,24591747,"8,004.63 ",155820857,30131276
Department of Health,NHS Blackpool CCG,11/30/2018,Cont Care-Learning Disab(<65),CHC ADULT FULLY FUNDED,BLACKPOOL COUNCIL,24591747,"6,514.84 ",155820857,30131276
Department of Health,NHS Blackpool CCG,11/30/2018,Cont Care-Mental Health (65+),CHC ADULT FULLY FUNDED,BLACKPOOL COUNCIL,24591747,"1,002.48 ",155820857,30131276
Department of Health,NHS Blackpool CCG,11/30/2018,Cont Care-Physical Disab (65+),CHC ADULT FULLY FUNDED,BLACKPOOL COUNCIL,24591747,"17,514.63 ",155820857,30131276
Department of Health,NHS Blackpool CCG,11/30/2018,Cont Care-Physical Disab (<65),CHC ADULT FULLY FUNDED,BLACKPOOL COUNCIL,24591747,"94,869.33 ",155820857,30131276
Department of Health,NHS Blackpool CCG,11/30/2018,Clinical&Medical-Independent Sector,MENTAL HEALTH SERVICES - NOT CONTRACTED ACTIVITY,ELYSIUM HEALTHCARE LTD,24591871,"31,259.10 ",GB257732580,REC01186
Department of Health,NHS Blackpool CCG,11/30/2018,Clinical&Medical-Commercial Sector,ACUTE COMMISSIONING,SPIRE HEALTHCARE LTD,24591929,"452,369.00 ",915970991,00RFYCPF181908
Department of Health,NHS Blackpool CCG,11/30/2018,Cont Care- Palliative Care,CHC ADULT FULLY FUNDED,BLACKPOOL COUNCIL,24611317,"9,568.24 ",155820857,30129792
Department of Health,NHS Blackpool CCG,11/30/2018,Cont Care-Mental Health (65+),CHC ADULT FULLY FUNDED,BLACKPOOL COUNCIL,24611317,"1,002.48 ",155820857,30129792
Department of Health,NHS Blackpool CCG,11/30/2018,Cont Care-Physical Disab (65+),CHC ADULT FULLY FUNDED,BLACKPOOL COUNCIL,24611317,"23,695.08 ",155820857,30129792
Department of Health,NHS Blackpool CCG,11/30/2018,Cont Care-Physical Disab (<65),CHC ADULT FULLY FUNDED,BLACKPOOL COUNCIL,24611317,"93,723.80 ",155820857,30129792
Department of Health,NHS Blackpool CCG,11/30/2018,C&M-PMS Baseline Adjustment,PRC DELEGATED CO-COMMISSIONING,DR M MORCOS,24624398,"1,383.48 ",,LA000044716
Department of Health,NHS Blackpool CCG,11/30/2018,C&M-PMS Contract Value,PRC DELEGATED CO-COMMISSIONING,DR M MORCOS,24624398,"20,356.39 ",,LA000044716
Department of Health,NHS Blackpool CCG,11/30/2018,C&M-PMS List Size Adjustment,PRC DELEGATED CO-COMMISSIONING,DR M MORCOS,24624398,849.08 ,,LA000044716
Department of Health,NHS Blackpool CCG,11/30/2018,C&M-PMS Prem Notional Rent,PRC DELEGATED CO-COMMISSIONING,DR M MORCOS,24624398,"3,139.17 ",,LA000044716
Department of Health,NHS Blackpool CCG,11/30/2018,C&M-PMS QOF Aspiration,PRC DELEGATED CO-COMMISSIONING,DR M MORCOS,24624398,"1,243.09 ",,LA000044716
Department of Health,NHS Blackpool CCG,11/30/2018,Hcare Srv Rec Fdtn Trust-Contract Baseline,ACUTE COMMISSIONING,LANCASHIRE TEACHING HOSPITALS NHS FOUNDATION TRUST,24635304,"27,777.00 ",,15319263
Department of Health,NHS Blackpool CCG,11/30/2018,Hcare Srv Rec Fdtn Trust-Contract Baseline,ACUTE COMMISSIONING,LANCASHIRE TEACHING HOSPITALS NHS FOUNDATION TRUST,24635306,"(56,280.99)",,15320329
Department of Health,NHS Blackpool CCG,11/30/2018,Hcare Srv Rec NHS Trust-Non Contract,NHS 111,NORTH WEST AMBULANCE SERVICE NHS TRUST,24635327,"44,775.00 ",654435138,4110041964
Department of Health,NHS Blackpool CCG,11/30/2018,Hcare Srv Rec NHS Trust-Contract Baseline,AMBULANCE SERVICES,NORTH WEST AMBULANCE SERVICE NHS TRUST,24635331,"575,492.00 ",654435138,4110042027
Department of Health,NHS Blackpool CCG,11/30/2018,Hcare Srv Rec Fdtn Trust-Contract Baseline,ACUTE COMMISSIONING,WRIGHTINGTON WIGAN & LEIGH NHS FOUNDATION TRUST,24635339,"82,673.00 ",GB654951509,55582719
Department of Health,NHS Blackpool CCG,11/30/2018,Hcare Srv Rec Fdtn Trust-Contract Baseline,ACUTE COMMISSIONING,CHRISTIE HOSPITAL NHS FOUNDATION TRUST,24635341,"(30,616.00)",GB 654916118,CRN1030616
Department of Health,NHS Blackpool CCG,11/30/2018,Hcare Srv Rec NHS Trust-Contract Baseline,AMBULANCE SERVICES,NORTH WEST AMBULANCE SERVICE NHS TRUST,24635348,"117,494.00 ",654435138,4110042103
Department of Health,NHS Blackpool CCG,11/30/2018,Hcare Srv Rec Fdtn Trust-Non Contract,NCAS/OATS,UNIVERSITY COLLEGE LONDON HOSPITALS NHS FOUNDATION TRUST,24649004,"25,743.00 ",654948687,NCA6275
Department of Health,NHS Blackpool CCG,11/30/2018,Clinical&Medical-Commercial Sector,ACUTE COMMISSIONING,SPIRE HEALTHCARE LTD,24649010,"82,221.58 ",915970991,00RFYCREC181905
Department of Health,NHS Blackpool CCG,11/30/2018,Clinical&Medical-Independent Sector,LEARNING DIFFICULTIES,AFFINITY TRUST,24681798,"30,360.46 ",,76733
Department of Health,NHS Blackpool CCG,11/30/2018,Clinical&Medical-Commercial Sector,MENTAL HEALTH SERVICES - OTHER,MERSEY CARE NHS TRUST,24710740,"(25,455.00)",654 412 841,C0002481
Department of Health,NHS Blackpool CCG,11/30/2018,Cont Care-Funded Nursing Care Allow,FUNDED NURSING CARE,AXELBOND LTD (ACORN CARE HOME),24715337,"27,289.68 ",,ACOFNCNov18
Department of Health,NHS Blackpool CCG,11/30/2018,Cont Care-Funded Nursing Care Allow,FUNDED NURSING CARE,BELSFIELD CARE,24715350,"80,216.81 ",,BELFNCNov18
Department of Health,NHS Blackpool CCG,11/30/2018,Cont Care-Funded Nursing Care Allow,FUNDED NURSING CARE,BROOKLANDS NURSING AND CARE HOME,24715352,"54,265.71 ",,BLAFNCNov18
Department of Health,NHS Blackpool CCG,11/30/2018,Cont Care-Funded Nursing Care Allow,FUNDED NURSING CARE,PRIORY COURT DEVELOPMENTS LTD,24715360,"29,271.62 ",,BROFNCNov18
Department of Health,NHS Blackpool CCG,11/30/2018,Cont Care-Funded Nursing Care Allow,FUNDED NURSING CARE,FARTHINGS NURSING HOME,24715365,"39,451.93 ",,FARFNCNov18
Department of Health,NHS Blackpool CCG,11/30/2018,Cont Care-Funded Nursing Care Allow,FUNDED NURSING CARE,QUALIA CARE LTD,24715370,"80,656.43 ",,GILFNCNov18
Department of Health,NHS Blackpool CCG,11/30/2018,Cont Care-Funded Nursing Care Allow,FUNDED NURSING CARE,GLENROYD CARE HOME,24715373,"85,207.11 ",,GLEFNCNov18
Department of Health,NHS Blackpool CCG,11/30/2018,Cont Care-Funded Nursing Care Allow,FUNDED NURSING CARE,SPIRAL HEALTH CIC,24715378,"50,139.46 ",,BGFNCNov18
Department of Health,NHS Blackpool CCG,11/30/2018,Cont Care-Funded Nursing Care Allow,FUNDED NURSING CARE,REGENCY HEALTHCARE LTD,24715387,"29,220.45 ",,VICFNCNov18
Department of Health,NHS Blackpool CCG,11/30/2018,Cont Care-Funded Nursing Care Allow,FUNDED NURSING CARE,NIGHTINGALES CARE LTD,24715388,"40,473.76 ",,NIGFNCNov18
Department of Health,NHS Blackpool CCG,11/30/2018,Cont Care-Funded Nursing Care Allow,FUNDED NURSING CARE,BELSFIELD CARE,24715389,"30,290.77 ",,NORFNCNov18
Department of Health,NHS Blackpool CCG,11/30/2018,Cont Care-Funded Nursing Care Allow,FUNDED NURSING CARE,ROSSALL NURSING HOME,24715392,"31,660.47 ",,ROSFNCNov18
Department of Health,NHS Blackpool CCG,11/30/2018,Cont Care-Funded Nursing Care Allow,FUNDED NURSING CARE,RYECOURT NURSING HOME,24715394,"64,613.73 ",,RYEFNCNov18
Department of Health,NHS Blackpool CCG,11/30/2018,Cont Care-Funded Nursing Care Allow,FUNDED NURSING CARE,QUALIA CARE LTD SANDYCROFT NURSING HOME,24715395,"36,064.49 ",,SNCFNCNov18
Department of Health,NHS Blackpool CCG,11/30/2018,Cont Care-Funded Nursing Care Allow,FUNDED NURSING CARE,BELSFIELD CARE,24715397,"102,239.01 ",,SSTFNCNov18
Department of Health,NHS Blackpool CCG,11/30/2018,Apprenticeship Levy Payable,BALANCE SHEET,HMRC,24740964,501.00 ,,475PT004430161907
Department of Health,NHS Blackpool CCG,11/30/2018,Income tax <1Yr,BALANCE SHEET,HMRC,24740964,"51,364.95 ",,475PT004430161907
Department of Health,NHS Blackpool CCG,11/30/2018,Income tax <1Yr-Student Loans,BALANCE SHEET,HMRC,24740964,567.00 ,,475PT004430161907
Department of Health,NHS Blackpool CCG,11/30/2018,National Insurance < 1 yr-NI- ERS,BALANCE SHEET,HMRC,24740964,"30,783.59 ",,475PT004430161907
Department of Health,NHS Blackpool CCG,11/30/2018,National Insurance < 1 yr-NI-EES,BALANCE SHEET,HMRC,24740964,"20,331.54 ",,475PT004430161907
Department of Health,NHS Blackpool CCG,11/30/2018,Statutory Mat Pay < 1 yr,BALANCE SHEET,HMRC,24740964,(400.71),,475PT004430161907
Department of Health,NHS Blackpool CCG,11/30/2018,Clinical&Medical-Commercial Sector,ACUTE COMMISSIONING,ALLIANCE MEDICAL LTD,24767073,"34,348.24 ",GB 523318667,AML108088
Department of Health,NHS Blackpool CCG,11/30/2018,Clinical&Medical-Commercial Sector,ACUTE COMMISSIONING,ALLIANCE MEDICAL LTD,24767130,"37,686.48 ",GB 523318667,AML110948
Department of Health,NHS Blackpool CCG,11/30/2018,Hcare Srv Rec Fdtn Trust-Contract Baseline,ACUTE COMMISSIONING,CHRISTIE HOSPITAL NHS FOUNDATION TRUST,24767200,"30,616.00 ",GB 654916118,31451
Department of Health,NHS Blackpool CCG,11/30/2018,Clinical&Medical-Drugs,URGENT CARE,FCMS(NW) LTD,24781436,"495,225.58 ",218180129,00830
Department of Health,NHS Blackpool CCG,11/30/2018,Cont Care- Palliative Care,CHC ADULT FULLY FUNDED,BLACKPOOL COUNCIL,24781440,"6,560.28 ",155820857,30132021
Department of Health,NHS Blackpool CCG,11/30/2018,Cont Care-Learning Disab(<65),CHC ADULT FULLY FUNDED,BLACKPOOL COUNCIL,24781440,"8,514.84 ",155820857,30132021
Department of Health,NHS Blackpool CCG,11/30/2018,Cont Care-Mental Health (65+),CHC ADULT FULLY FUNDED,BLACKPOOL COUNCIL,24781440,"1,002.48 ",155820857,30132021
Department of Health,NHS Blackpool CCG,11/30/2018,Cont Care-Physical Disab (65+),CHC ADULT FULLY FUNDED,BLACKPOOL COUNCIL,24781440,"21,337.68 ",155820857,30132021
Department of Health,NHS Blackpool CCG,11/30/2018,Cont Care-Physical Disab (<65),CHC ADULT FULLY FUNDED,BLACKPOOL COUNCIL,24781440,"103,244.05 ",155820857,30132021
Department of Health,NHS Blackpool CCG,11/30/2018,C&M-APMS LES CCG Constitution,URGENT CARE,GP LED WALK IN CENTRE,24811764,"64,791.04 ",,BML030
Department of Health,NHS Blackpool CCG,11/30/2018,Clinical&Medical-Othe Public Sector,INTERMEDIATE CARE,BLACKPOOL COUNCIL,24852389,"37,237.82 ",155820857,30132022
Department of Health,NHS Blackpool CCG,11/30/2018,FM Computer Contracts,CORPORATE COSTS & SERVICES,BLACKPOOL TEACHING HOSPITALS NHS FOUNDATION TRUST,24867138,"7,094.95 ",GB654430839,1110041580
Department of Health,NHS Blackpool CCG,11/30/2018,FM Computer Contracts,PRIMARY CARE IT,BLACKPOOL TEACHING HOSPITALS NHS FOUNDATION TRUST,24867138,"21,284.85 ",GB654430839,1110041580
Department of Health,NHS Blackpool CCG,11/30/2018,Hcare Srv Rec Fdtn Trust-Contract Baseline,ACUTE COMMISSIONING,MANCHESTER UNIVERSITY NHS FOUNDATION TRUST,24867166,"89,646.50 ",654415538,0000418547
Department of Health,NHS Blackpool CCG,11/30/2018,Hcare Srv Rec NHS Trust-Contract Baseline,ACUTE COMMISSIONING,EAST LANCASHIRE HOSPITALS NHS TRUST,24867167,"30,532.58 ",654913225,E0094299
Department of Health,NHS Blackpool CCG,11/30/2018,Hcare Srv Rec Fdtn Trust-Contract Baseline,MENTAL HEALTH CONTRACTS,LANCASHIRE CARE NHS FOUNDATION TRUST,24885030,"1,389,250.00 ",654923319,I0061586
Department of Health,NHS Blackpool CCG,11/30/2018,C&M-GMS Cost of Drugs -Prescribing,LOCAL ENHANCED SERVICES,ABBEY DALE MEDICAL CENTRE,24910390,"2,276.01 ",,LA000045239
Department of Health,NHS Blackpool CCG,11/30/2018,C&M-GMS DES Extended Hours Access,PRC DELEGATED CO-COMMISSIONING,ABBEY DALE MEDICAL CENTRE,24910390,962.00 ,,LA000045239
Department of Health,NHS Blackpool CCG,11/30/2018,C&M-GMS Global Sum,PRC DELEGATED CO-COMMISSIONING,ABBEY DALE MEDICAL CENTRE,24910390,"45,480.61 ",,LA000045239
Department of Health,NHS Blackpool CCG,11/30/2018,C&M-GMS Other Baseline Adjustment,PRC DELEGATED CO-COMMISSIONING,ABBEY DALE MEDICAL CENTRE,24910390,"14,079.33 ",,LA000045239
Department of Health,NHS Blackpool CCG,11/30/2018,C&M-GMS Other FDR Payment,PRC DELEGATED CO-COMMISSIONING,ABBEY DALE MEDICAL CENTRE,24910390,"2,065.92 ",,LA000045239
Department of Health,NHS Blackpool CCG,11/30/2018,C&M-GMS PCO Other,PRC DELEGATED CO-COMMISSIONING,ABBEY DALE MEDICAL CENTRE,24910390,661.74 ,,LA000045239
Department of Health,NHS Blackpool CCG,11/30/2018,C&M-GMS Prem Notional Rent,PRC DELEGATED CO-COMMISSIONING,ABBEY DALE MEDICAL CENTRE,24910390,"3,361.00 ",,LA000045239
Department of Health,NHS Blackpool CCG,11/30/2018,C&M-GMS Prem Rates,PRC DELEGATED CO-COMMISSIONING,ABBEY DALE MEDICAL CENTRE,24910390,804.00 ,,LA000045239
Department of Health,NHS Blackpool CCG,11/30/2018,C&M-GMS Prof Fees Prescribing,PRC DELEGATED CO-COMMISSIONING,ABBEY DALE MEDICAL CENTRE,24910390,455.40 ,,LA000045239
Department of Health,NHS Blackpool CCG,11/30/2018,C&M-GMS QOF Aspiration,PRC DELEGATED CO-COMMISSIONING,ABBEY DALE MEDICAL CENTRE,24910390,"5,333.46 ",,LA000045239
Department of Health,NHS Blackpool CCG,11/30/2018,ME - GMS GP Prior Year ERs,PRC DELEGATED CO-COMMISSIONING,ABBEY DALE MEDICAL CENTRE,24910390,"1,159.09 ",,LA000045239
Department of Health,NHS Blackpool CCG,11/30/2018,ME-GMS GP Prior Year EEs,PRC DELEGATED CO-COMMISSIONING,ABBEY DALE MEDICAL CENTRE,24910390,903.16 ,,LA000045239
Department of Health,NHS Blackpool CCG,11/30/2018,C&M-PMS Baseline Adjustment,PRC DELEGATED CO-COMMISSIONING,ARNOLD MEDICAL CENTRE,24910392,"15,142.98 ",,LA000045241
Department of Health,NHS Blackpool CCG,11/30/2018,C&M-PMS Contract Value,PRC DELEGATED CO-COMMISSIONING,ARNOLD MEDICAL CENTRE,24910392,"37,889.16 ",,LA000045241
Department of Health,NHS Blackpool CCG,11/30/2018,C&M-PMS Cost of Drugs -Prescribing,LOCAL ENHANCED SERVICES,ARNOLD MEDICAL CENTRE,24910392,"5,185.07 ",,LA000045241
Department of Health,NHS Blackpool CCG,11/30/2018,C&M-PMS DES Extended Hours Access,PRC DELEGATED CO-COMMISSIONING,ARNOLD MEDICAL CENTRE,24910392,739.00 ,,LA000045241
Department of Health,NHS Blackpool CCG,11/30/2018,C&M-PMS List Size Adjustment,PRC DELEGATED CO-COMMISSIONING,ARNOLD MEDICAL CENTRE,24910392,828.93 ,,LA000045241
Department of Health,NHS Blackpool CCG,11/30/2018,C&M-PMS Prem Notional Rent,PRC DELEGATED CO-COMMISSIONING,ARNOLD MEDICAL CENTRE,24910392,"3,062.50 ",,LA000045241
Department of Health,NHS Blackpool CCG,11/30/2018,C&M-PMS Prem Rates,PRC DELEGATED CO-COMMISSIONING,ARNOLD MEDICAL CENTRE,24910392,324.00 ,,LA000045241
Department of Health,NHS Blackpool CCG,11/30/2018,C&M-PMS Prof fees Prescribing,PRC DELEGATED CO-COMMISSIONING,ARNOLD MEDICAL CENTRE,24910392,"1,133.90 ",,LA000045241
Department of Health,NHS Blackpool CCG,11/30/2018,C&M-PMS QOF Aspiration,PRC DELEGATED CO-COMMISSIONING,ARNOLD MEDICAL CENTRE,24910392,"4,657.76 ",,LA000045241
Department of Health,NHS Blackpool CCG,11/30/2018,C&M-PMS Baseline Adjustment,PRC DELEGATED CO-COMMISSIONING,ADELAIDE STREET SURGERY,24910394,"34,349.25 ",,LA000045243
Department of Health,NHS Blackpool CCG,11/30/2018,C&M-PMS Contract Value,PRC DELEGATED CO-COMMISSIONING,ADELAIDE STREET SURGERY,24910394,"94,617.75 ",,LA000045243
Department of Health,NHS Blackpool CCG,11/30/2018,C&M-PMS Cost of Drugs -Prescribing,LOCAL ENHANCED SERVICES,ADELAIDE STREET SURGERY,24910394,"4,386.10 ",,LA000045243
Department of Health,NHS Blackpool CCG,11/30/2018,C&M-PMS DES Extended Hours Access,PRC DELEGATED CO-COMMISSIONING,ADELAIDE STREET SURGERY,24910394,"1,772.00 ",,LA000045243
Department of Health,NHS Blackpool CCG,11/30/2018,C&M-PMS DES Learn Dsblty Hlth Chk,PRC DELEGATED CO-COMMISSIONING,ADELAIDE STREET SURGERY,24910394,420.00 ,,LA000045243
Department of Health,NHS Blackpool CCG,11/30/2018,C&M-PMS List Size Adjustment,PRC DELEGATED CO-COMMISSIONING,ADELAIDE STREET SURGERY,24910394,"2,174.50 ",,LA000045243
Department of Health,NHS Blackpool CCG,11/30/2018,C&M-PMS Prem Notional Rent,PRC DELEGATED CO-COMMISSIONING,ADELAIDE STREET SURGERY,24910394,"6,175.00 ",,LA000045243
Department of Health,NHS Blackpool CCG,11/30/2018,C&M-PMS Prem Rates,PRC DELEGATED CO-COMMISSIONING,ADELAIDE STREET SURGERY,24910394,"1,227.00 ",,LA000045243
Department of Health,NHS Blackpool CCG,11/30/2018,C&M-PMS Prof fees Prescribing,PRC DELEGATED CO-COMMISSIONING,ADELAIDE STREET SURGERY,24910394,600.30 ,,LA000045243
Department of Health,NHS Blackpool CCG,11/30/2018,C&M-PMS QOF Aspiration,PRC DELEGATED CO-COMMISSIONING,ADELAIDE STREET SURGERY,24910394,"11,499.77 ",,LA000045243
Department of Health,NHS Blackpool CCG,11/30/2018,C&M-PMS Baseline Adjustment,PRC DELEGATED CO-COMMISSIONING,BLOOMFIELD MEDICAL CENTRE,24910396,"37,643.22 ",,LA000045245
Department of Health,NHS Blackpool CCG,11/30/2018,C&M-PMS Contract Value,PRC DELEGATED CO-COMMISSIONING,BLOOMFIELD MEDICAL CENTRE,24910396,"99,521.50 ",,LA000045245
Department of Health,NHS Blackpool CCG,11/30/2018,C&M-PMS Cost of Drugs -Prescribing,LOCAL ENHANCED SERVICES,BLOOMFIELD MEDICAL CENTRE,24910396,"10,326.60 ",,LA000045245
Department of Health,NHS Blackpool CCG,11/30/2018,C&M-PMS DES Extended Hours Access,PRC DELEGATED CO-COMMISSIONING,BLOOMFIELD MEDICAL CENTRE,24910396,"2,007.00 ",,LA000045245
Department of Health,NHS Blackpool CCG,11/30/2018,C&M-PMS List Size Adjustment,PRC DELEGATED CO-COMMISSIONING,BLOOMFIELD MEDICAL CENTRE,24910396,"1,738.75 ",,LA000045245
Department of Health,NHS Blackpool CCG,11/30/2018,C&M-PMS Prem Notional Rent,PRC DELEGATED CO-COMMISSIONING,BLOOMFIELD MEDICAL CENTRE,24910396,"6,441.67 ",,LA000045245
Department of Health,NHS Blackpool CCG,11/30/2018,C&M-PMS Prem Rates,PRC DELEGATED CO-COMMISSIONING,BLOOMFIELD MEDICAL CENTRE,24910396,"1,428.00 ",,LA000045245
Department of Health,NHS Blackpool CCG,11/30/2018,C&M-PMS Prof fees Prescribing,PRC DELEGATED CO-COMMISSIONING,BLOOMFIELD MEDICAL CENTRE,24910396,"1,829.29 ",,LA000045245
Department of Health,NHS Blackpool CCG,11/30/2018,C&M-PMS QOF Aspiration,PRC DELEGATED CO-COMMISSIONING,BLOOMFIELD MEDICAL CENTRE,24910396,"12,272.41 ",,LA000045245
Department of Health,NHS Blackpool CCG,11/30/2018,C&M-GMS Cost of Drugs -Prescribing,LOCAL ENHANCED SERVICES,CRESCENT SURGERY THORNTON CLEVE,24910398,"10,155.71 ",,LA000045247
Department of Health,NHS Blackpool CCG,11/30/2018,C&M-GMS DES Learn Dsblty Hlth Chk,PRC DELEGATED CO-COMMISSIONING,CRESCENT SURGERY THORNTON CLEVE,24910398,280.00 ,,LA000045247
Department of Health,NHS Blackpool CCG,11/30/2018,C&M-GMS Global Sum,PRC DELEGATED CO-COMMISSIONING,CRESCENT SURGERY THORNTON CLEVE,24910398,"69,811.28 ",,LA000045247
Department of Health,NHS Blackpool CCG,11/30/2018,C&M-GMS Other Baseline Adjustment,PRC DELEGATED CO-COMMISSIONING,CRESCENT SURGERY THORNTON CLEVE,24910398,"23,179.67 ",,LA000045247
Department of Health,NHS Blackpool CCG,11/30/2018,C&M-GMS PCO Other,PRC DELEGATED CO-COMMISSIONING,CRESCENT SURGERY THORNTON CLEVE,24910398,597.61 ,,LA000045247
Department of Health,NHS Blackpool CCG,11/30/2018,C&M-GMS Prof Fees Prescribing,PRC DELEGATED CO-COMMISSIONING,CRESCENT SURGERY THORNTON CLEVE,24910398,"1,768.70 ",,LA000045247
Department of Health,NHS Blackpool CCG,11/30/2018,C&M-GMS QOF Aspiration,PRC DELEGATED CO-COMMISSIONING,CRESCENT SURGERY THORNTON CLEVE,24910398,"11,244.86 ",,LA000045247
Department of Health,NHS Blackpool CCG,11/30/2018,C&M-GMS Cost of Drugs -Prescribing,LOCAL ENHANCED SERVICES,CLEVELEYS GROUP PRACTICE,24910400,"15,352.43 ",,LA000045249
Department of Health,NHS Blackpool CCG,11/30/2018,C&M-GMS DES Extended Hours Access,PRC DELEGATED CO-COMMISSIONING,CLEVELEYS GROUP PRACTICE,24910400,"1,841.00 ",,LA000045249
Department of Health,NHS Blackpool CCG,11/30/2018,C&M-GMS DES Learn Dsblty Hlth Chk,PRC DELEGATED CO-COMMISSIONING,CLEVELEYS GROUP PRACTICE,24910400,980.00 ,,LA000045249
Department of Health,NHS Blackpool CCG,11/30/2018,C&M-GMS Global Sum,PRC DELEGATED CO-COMMISSIONING,CLEVELEYS GROUP PRACTICE,24910400,"98,451.69 ",,LA000045249
Department of Health,NHS Blackpool CCG,11/30/2018,C&M-GMS Other Baseline Adjustment,PRC DELEGATED CO-COMMISSIONING,CLEVELEYS GROUP PRACTICE,24910400,"31,793.67 ",,LA000045249
Department of Health,NHS Blackpool CCG,11/30/2018,C&M-GMS PCO Other,PRC DELEGATED CO-COMMISSIONING,CLEVELEYS GROUP PRACTICE,24910400,794.59 ,,LA000045249
Department of Health,NHS Blackpool CCG,11/30/2018,C&M-GMS PCO Seniority,PRC DELEGATED CO-COMMISSIONING,CLEVELEYS GROUP PRACTICE,24910400,"1,263.15 ",,LA000045249
Department of Health,NHS Blackpool CCG,11/30/2018,C&M-GMS Prem Notional Rent,PRC DELEGATED CO-COMMISSIONING,CLEVELEYS GROUP PRACTICE,24910400,"9,393.75 ",,LA000045249
Department of Health,NHS Blackpool CCG,11/30/2018,C&M-GMS Prem Rates,PRC DELEGATED CO-COMMISSIONING,CLEVELEYS GROUP PRACTICE,24910400,"2,095.40 ",,LA000045249
Department of Health,NHS Blackpool CCG,11/30/2018,C&M-GMS Prem Water Rates,PRC DELEGATED CO-COMMISSIONING,CLEVELEYS GROUP PRACTICE,24910400,535.18 ,,LA000045249
Department of Health,NHS Blackpool CCG,11/30/2018,C&M-GMS Prof Fees Prescribing,PRC DELEGATED CO-COMMISSIONING,CLEVELEYS GROUP PRACTICE,24910400,"3,242.40 ",,LA000045249
Department of Health,NHS Blackpool CCG,11/30/2018,C&M-GMS QOF Aspiration,PRC DELEGATED CO-COMMISSIONING,CLEVELEYS GROUP PRACTICE,24910400,"15,663.04 ",,LA000045249
Department of Health,NHS Blackpool CCG,11/30/2018,C&M-GMS Cost of Drugs -Prescribing,LOCAL ENHANCED SERVICES,GLENROYD MEDICAL CENTRE,24910403,"13,969.03 ",,LA000045253
Department of Health,NHS Blackpool CCG,11/30/2018,C&M-GMS Global Sum,PRC DELEGATED CO-COMMISSIONING,GLENROYD MEDICAL CENTRE,24910403,"126,106.89 ",,LA000045253
Department of Health,NHS Blackpool CCG,11/30/2018,C&M-GMS Other Baseline Adjustment,PRC DELEGATED CO-COMMISSIONING,GLENROYD MEDICAL CENTRE,24910403,"41,708.92 ",,LA000045253
Department of Health,NHS Blackpool CCG,11/30/2018,C&M-GMS Prem Notional Rent,PRC DELEGATED CO-COMMISSIONING,GLENROYD MEDICAL CENTRE,24910403,"4,837.33 ",,LA000045253
Department of Health,NHS Blackpool CCG,11/30/2018,C&M-GMS Prem Water Rates,PRC DELEGATED CO-COMMISSIONING,GLENROYD MEDICAL CENTRE,24910403,"1,602.12 ",,LA000045253
Department of Health,NHS Blackpool CCG,11/30/2018,C&M-GMS Prof Fees Prescribing,PRC DELEGATED CO-COMMISSIONING,GLENROYD MEDICAL CENTRE,24910403,"2,969.64 ",,LA000045253
Department of Health,NHS Blackpool CCG,11/30/2018,C&M-GMS QOF Aspiration,PRC DELEGATED CO-COMMISSIONING,GLENROYD MEDICAL CENTRE,24910403,"17,899.34 ",,LA000045253
Department of Health,NHS Blackpool CCG,11/30/2018,C&M-GMS Cost of Drugs -Prescribing,LOCAL ENHANCED SERVICES,HIGHFIELD SURGERY BLACKPOOL,24910405,"8,990.86 ",,LA000045255
Department of Health,NHS Blackpool CCG,11/30/2018,C&M-GMS DES Extended Hours Access,PRC DELEGATED CO-COMMISSIONING,HIGHFIELD SURGERY BLACKPOOL,24910405,"2,135.00 ",,LA000045255
Department of Health,NHS Blackpool CCG,11/30/2018,C&M-GMS Global Sum,PRC DELEGATED CO-COMMISSIONING,HIGHFIELD SURGERY BLACKPOOL,24910405,"108,185.25 ",,LA000045255
Department of Health,NHS Blackpool CCG,11/30/2018,C&M-GMS Other Baseline Adjustment,PRC DELEGATED CO-COMMISSIONING,HIGHFIELD SURGERY BLACKPOOL,24910405,"33,719.75 ",,LA000045255
Department of Health,NHS Blackpool CCG,11/30/2018,C&M-GMS PCO Locum Adop/Pat/Mat,PRC DELEGATED CO-COMMISSIONING,HIGHFIELD SURGERY BLACKPOOL,24910405,"7,006.08 ",,LA000045255
Department of Health,NHS Blackpool CCG,11/30/2018,C&M-GMS Prem Actual Rent,PRC DELEGATED CO-COMMISSIONING,HIGHFIELD SURGERY BLACKPOOL,24910405,"65,565.17 ",,LA000045255
Department of Health,NHS Blackpool CCG,11/30/2018,C&M-GMS Prem Rates,PRC DELEGATED CO-COMMISSIONING,HIGHFIELD SURGERY BLACKPOOL,24910405,"5,102.00 ",,LA000045255
Department of Health,NHS Blackpool CCG,11/30/2018,C&M-GMS Prof Fees Prescribing,PRC DELEGATED CO-COMMISSIONING,HIGHFIELD SURGERY BLACKPOOL,24910405,"2,056.20 ",,LA000045255
Department of Health,NHS Blackpool CCG,11/30/2018,C&M-GMS QOF Aspiration,PRC DELEGATED CO-COMMISSIONING,HIGHFIELD SURGERY BLACKPOOL,24910405,"13,578.83 ",,LA000045255
Department of Health,NHS Blackpool CCG,11/30/2018,ME-GMS GP Pension EEs Adjustments,PRC DELEGATED CO-COMMISSIONING,HIGHFIELD SURGERY BLACKPOOL,24910405,870.00 ,,LA000045255
Department of Health,NHS Blackpool CCG,11/30/2018,ME-GMS GP Pension ERs Adjustments,PRC DELEGATED CO-COMMISSIONING,HIGHFIELD SURGERY BLACKPOOL,24910405,"2,536.04 ",,LA000045255
Department of Health,NHS Blackpool CCG,11/30/2018,ME-GMS GP Prior Year EEs,PRC DELEGATED CO-COMMISSIONING,HIGHFIELD SURGERY BLACKPOOL,24910405,"1,775.38 ",,LA000045255
Department of Health,NHS Blackpool CCG,11/30/2018,C&M-GMS Cost of Drugs -Prescribing,LOCAL ENHANCED SERVICES,LAYTON MEDICAL CENTRE,24910407,"3,640.93 ",,LA000045257
Department of Health,NHS Blackpool CCG,11/30/2018,C&M-GMS Global Sum,PRC DELEGATED CO-COMMISSIONING,LAYTON MEDICAL CENTRE,24910407,"59,210.52 ",,LA000045257
Department of Health,NHS Blackpool CCG,11/30/2018,C&M-GMS Other Baseline Adjustment,PRC DELEGATED CO-COMMISSIONING,LAYTON MEDICAL CENTRE,24910407,"19,081.25 ",,LA000045257
Department of Health,NHS Blackpool CCG,11/30/2018,C&M-GMS PCO Other,PRC DELEGATED CO-COMMISSIONING,LAYTON MEDICAL CENTRE,24910407,505.28 ,,LA000045257
Department of Health,NHS Blackpool CCG,11/30/2018,C&M-GMS Prem Notional Rent,PRC DELEGATED CO-COMMISSIONING,LAYTON MEDICAL CENTRE,24910407,"4,475.00 ",,LA000045257
Department of Health,NHS Blackpool CCG,11/30/2018,C&M-GMS Prem Rates,PRC DELEGATED CO-COMMISSIONING,LAYTON MEDICAL CENTRE,24910407,826.00 ,,LA000045257
Department of Health,NHS Blackpool CCG,11/30/2018,C&M-GMS Prof Fees Prescribing,PRC DELEGATED CO-COMMISSIONING,LAYTON MEDICAL CENTRE,24910407,644.00 ,,LA000045257
Department of Health,NHS Blackpool CCG,11/30/2018,C&M-GMS QOF Aspiration,PRC DELEGATED CO-COMMISSIONING,LAYTON MEDICAL CENTRE,24910407,"6,123.16 ",,LA000045257
Department of Health,NHS Blackpool CCG,11/30/2018,C&M-PMS Baseline Adjustment,PRC DELEGATED CO-COMMISSIONING,MARTON MEDICAL PRACTICE,24910409,"25,960.75 ",,LA000045259
Department of Health,NHS Blackpool CCG,11/30/2018,C&M-PMS Contract Value,PRC DELEGATED CO-COMMISSIONING,MARTON MEDICAL PRACTICE,24910409,"70,812.58 ",,LA000045259
Department of Health,NHS Blackpool CCG,11/30/2018,C&M-PMS Cost of Drugs -Prescribing,LOCAL ENHANCED SERVICES,MARTON MEDICAL PRACTICE,24910409,"6,963.31 ",,LA000045259
Department of Health,NHS Blackpool CCG,11/30/2018,C&M-PMS DES Extended Hours Access,PRC DELEGATED CO-COMMISSIONING,MARTON MEDICAL PRACTICE,24910409,"1,443.00 ",,LA000045259
Department of Health,NHS Blackpool CCG,11/30/2018,C&M-PMS Prof fees Prescribing,PRC DELEGATED CO-COMMISSIONING,MARTON MEDICAL PRACTICE,24910409,"1,337.64 ",,LA000045259
Department of Health,NHS Blackpool CCG,11/30/2018,C&M-PMS QOF Aspiration,PRC DELEGATED CO-COMMISSIONING,MARTON MEDICAL PRACTICE,24910409,"7,569.53 ",,LA000045259
Department of Health,NHS Blackpool CCG,11/30/2018,C&M-GMS Cost of Drugs -Prescribing,LOCAL ENHANCED SERVICES,NEWTON DRIVE HEALTH CENTRE,24910411,"6,447.16 ",,LA000045261
Department of Health,NHS Blackpool CCG,11/30/2018,C&M-GMS DES Extended Hours Access,PRC DELEGATED CO-COMMISSIONING,NEWTON DRIVE HEALTH CENTRE,24910411,"1,473.00 ",,LA000045261
Department of Health,NHS Blackpool CCG,11/30/2018,C&M-GMS Global Sum,PRC DELEGATED CO-COMMISSIONING,NEWTON DRIVE HEALTH CENTRE,24910411,"76,227.75 ",,LA000045261
Department of Health,NHS Blackpool CCG,11/30/2018,C&M-GMS Other Baseline Adjustment,PRC DELEGATED CO-COMMISSIONING,NEWTON DRIVE HEALTH CENTRE,24910411,"23,831.83 ",,LA000045261
Department of Health,NHS Blackpool CCG,11/30/2018,C&M-GMS Prem Rates,PRC DELEGATED CO-COMMISSIONING,NEWTON DRIVE HEALTH CENTRE,24910411,"2,095.00 ",,LA000045261
Department of Health,NHS Blackpool CCG,11/30/2018,C&M-GMS Prof Fees Prescribing,PRC DELEGATED CO-COMMISSIONING,NEWTON DRIVE HEALTH CENTRE,24910411,"1,196.00 ",,LA000045261
Department of Health,NHS Blackpool CCG,11/30/2018,C&M-GMS QOF Aspiration,PRC DELEGATED CO-COMMISSIONING,NEWTON DRIVE HEALTH CENTRE,24910411,"7,621.67 ",,LA000045261
Department of Health,NHS Blackpool CCG,11/30/2018,C&M-GMS Cost of Drugs -Prescribing,LOCAL ENHANCED SERVICES,NORTH SHORE SURGERY,24910413,"7,611.06 ",,LA000045263
Department of Health,NHS Blackpool CCG,11/30/2018,C&M-GMS Global Sum,PRC DELEGATED CO-COMMISSIONING,NORTH SHORE SURGERY,24910413,"100,879.18 ",,LA000045263
Department of Health,NHS Blackpool CCG,11/30/2018,C&M-GMS MPIG Correction Factor,PRC DELEGATED CO-COMMISSIONING,NORTH SHORE SURGERY,24910413,919.33 ,,LA000045263
Department of Health,NHS Blackpool CCG,11/30/2018,C&M-GMS Other Baseline Adjustment,PRC DELEGATED CO-COMMISSIONING,NORTH SHORE SURGERY,24910413,"31,175.92 ",,LA000045263
Department of Health,NHS Blackpool CCG,11/30/2018,C&M-GMS Prof Fees Prescribing,PRC DELEGATED CO-COMMISSIONING,NORTH SHORE SURGERY,24910413,"1,366.20 ",,LA000045263
Department of Health,NHS Blackpool CCG,11/30/2018,C&M-GMS QOF Aspiration,PRC DELEGATED CO-COMMISSIONING,NORTH SHORE SURGERY,24910413,"13,064.10 ",,LA000045263
Department of Health,NHS Blackpool CCG,11/30/2018,ME - GMS GP Prior Year ERs,PRC DELEGATED CO-COMMISSIONING,NORTH SHORE SURGERY,24910413,"1,720.32 ",,LA000045263
Department of Health,NHS Blackpool CCG,11/30/2018,ME-GMS GP Prior Year EEs,PRC DELEGATED CO-COMMISSIONING,NORTH SHORE SURGERY,24910413,"2,703.36 ",,LA000045263
Department of Health,NHS Blackpool CCG,11/30/2018,C&M-GMS Cost of Drugs -Prescribing,LOCAL ENHANCED SERVICES,SOUTH KING STREET MEDICAL CENTRE,24910415,411.09 ,,LA000045265
Department of Health,NHS Blackpool CCG,11/30/2018,C&M-GMS DES Extended Hours Access,PRC DELEGATED CO-COMMISSIONING,SOUTH KING STREET MEDICAL CENTRE,24910415,968.00 ,,LA000045265
Department of Health,NHS Blackpool CCG,11/30/2018,C&M-GMS Global Sum,PRC DELEGATED CO-COMMISSIONING,SOUTH KING STREET MEDICAL CENTRE,24910415,"49,911.72 ",,LA000045265
Department of Health,NHS Blackpool CCG,11/30/2018,C&M-GMS Other Baseline Adjustment,PRC DELEGATED CO-COMMISSIONING,SOUTH KING STREET MEDICAL CENTRE,24910415,"15,857.17 ",,LA000045265
Department of Health,NHS Blackpool CCG,11/30/2018,C&M-GMS Prem Notional Rent,PRC DELEGATED CO-COMMISSIONING,SOUTH KING STREET MEDICAL CENTRE,24910415,"3,833.33 ",,LA000045265
Department of Health,NHS Blackpool CCG,11/30/2018,C&M-GMS Prof Fees Prescribing,PRC DELEGATED CO-COMMISSIONING,SOUTH KING STREET MEDICAL CENTRE,24910415,147.20 ,,LA000045265
Department of Health,NHS Blackpool CCG,11/30/2018,C&M-GMS QOF Aspiration,PRC DELEGATED CO-COMMISSIONING,SOUTH KING STREET MEDICAL CENTRE,24910415,"5,419.29 ",,LA000045265
Department of Health,NHS Blackpool CCG,11/30/2018,C&M-GMS Cost of Drugs -Prescribing,LOCAL ENHANCED SERVICES,STONYHILL MEDICAL PRACTICE,24910417,"3,597.07 ",,LA000045267
Department of Health,NHS Blackpool CCG,11/30/2018,C&M-GMS DES Learn Dsblty Hlth Chk,PRC DELEGATED CO-COMMISSIONING,STONYHILL MEDICAL PRACTICE,24910417,560.00 ,,LA000045267
Department of Health,NHS Blackpool CCG,11/30/2018,C&M-GMS Global Sum,PRC DELEGATED CO-COMMISSIONING,STONYHILL MEDICAL PRACTICE,24910417,"108,079.97 ",,LA000045267
Department of Health,NHS Blackpool CCG,11/30/2018,C&M-GMS Other Baseline Adjustment,PRC DELEGATED CO-COMMISSIONING,STONYHILL MEDICAL PRACTICE,24910417,"35,610.34 ",,LA000045267
Department of Health,NHS Blackpool CCG,11/30/2018,C&M-GMS Prem Actual Rent,PRC DELEGATED CO-COMMISSIONING,STONYHILL MEDICAL PRACTICE,24910417,"47,785.28 ",,LA000045267
Department of Health,NHS Blackpool CCG,11/30/2018,C&M-GMS Prem Rates,PRC DELEGATED CO-COMMISSIONING,STONYHILL MEDICAL PRACTICE,24910417,"4,463.00 ",,LA000045267
Department of Health,NHS Blackpool CCG,11/30/2018,C&M-GMS Prof Fees Prescribing,PRC DELEGATED CO-COMMISSIONING,STONYHILL MEDICAL PRACTICE,24910417,554.30 ,,LA000045267
Department of Health,NHS Blackpool CCG,11/30/2018,C&M-GMS QOF Aspiration,PRC DELEGATED CO-COMMISSIONING,STONYHILL MEDICAL PRACTICE,24910417,"13,865.37 ",,LA000045267
Department of Health,NHS Blackpool CCG,11/30/2018,C&M-PMS Baseline Adjustment,PRC DELEGATED CO-COMMISSIONING,ST PAULS MEDICAL CENTRE BLACKPOOL,24910418,"(4,711.86)",,LA000045268
Department of Health,NHS Blackpool CCG,11/30/2018,C&M-PMS GP Statutory Levy,PRC DELEGATED CO-COMMISSIONING,ST PAULS MEDICAL CENTRE BLACKPOOL,24910418,(347.25),,LA000045268
Department of Health,NHS Blackpool CCG,11/30/2018,C&M-PMS Voluntary Levy,PRC DELEGATED CO-COMMISSIONING,ST PAULS MEDICAL CENTRE BLACKPOOL,24910418,(57.65),,LA000045268
Department of Health,NHS Blackpool CCG,11/30/2018,ME - PMS GP Prior Year ERs,PRC DELEGATED CO-COMMISSIONING,ST PAULS MEDICAL CENTRE BLACKPOOL,24910418,"(3,651.21)",,LA000045268
Department of Health,NHS Blackpool CCG,11/30/2018,ME-PMS GP Pension EEs Adjs - PMS,PRC DELEGATED CO-COMMISSIONING,ST PAULS MEDICAL CENTRE BLACKPOOL,24910418,"(1,450.00)",,LA000045268
Department of Health,NHS Blackpool CCG,11/30/2018,ME-PMS GP Pension EEs-PMS,PRC DELEGATED CO-COMMISSIONING,ST PAULS MEDICAL CENTRE BLACKPOOL,24910418,"(5,044.37)",,LA000045268
Department of Health,NHS Blackpool CCG,11/30/2018,ME-PMS GP Pension ERs Adjs - PMS,PRC DELEGATED CO-COMMISSIONING,ST PAULS MEDICAL CENTRE BLACKPOOL,24910418,"(6,512.93)",,LA000045268
Department of Health,NHS Blackpool CCG,11/30/2018,ME-PMS GP Prior Year EEs,PRC DELEGATED CO-COMMISSIONING,ST PAULS MEDICAL CENTRE BLACKPOOL,24910418,"(3,583.26)",,LA000045268
Department of Health,NHS Blackpool CCG,11/30/2018,C&M-PMS Baseline Adjustment,PRC DELEGATED CO-COMMISSIONING,ST PAULS MEDICAL CENTRE BLACKPOOL,24910419,"37,133.86 ",,LA000045269
Department of Health,NHS Blackpool CCG,11/30/2018,C&M-PMS Contract Value,PRC DELEGATED CO-COMMISSIONING,ST PAULS MEDICAL CENTRE BLACKPOOL,24910419,"100,309.09 ",,LA000045269
Department of Health,NHS Blackpool CCG,11/30/2018,C&M-PMS Cost of Drugs -Prescribing,LOCAL ENHANCED SERVICES,ST PAULS MEDICAL CENTRE BLACKPOOL,24910419,"9,600.43 ",,LA000045269
Department of Health,NHS Blackpool CCG,11/30/2018,C&M-PMS DES Extended Hours Access,PRC DELEGATED CO-COMMISSIONING,ST PAULS MEDICAL CENTRE BLACKPOOL,24910419,"1,826.00 ",,LA000045269
Department of Health,NHS Blackpool CCG,11/30/2018,C&M-PMS DES Minor Surgery,PRC DELEGATED CO-COMMISSIONING,ST PAULS MEDICAL CENTRE BLACKPOOL,24910419,"3,903.68 ",,LA000045269
Department of Health,NHS Blackpool CCG,11/30/2018,C&M-PMS PCO Locum Adop/Pat/Mat,PRC DELEGATED CO-COMMISSIONING,ST PAULS MEDICAL CENTRE BLACKPOOL,24910419,"7,576.08 ",,LA000045269
Department of Health,NHS Blackpool CCG,11/30/2018,C&M-PMS Prem Notional Rent,PRC DELEGATED CO-COMMISSIONING,ST PAULS MEDICAL CENTRE BLACKPOOL,24910419,"5,833.33 ",,LA000045269
Department of Health,NHS Blackpool CCG,11/30/2018,C&M-PMS Prem Rates,PRC DELEGATED CO-COMMISSIONING,ST PAULS MEDICAL CENTRE BLACKPOOL,24910419,"1,092.00 ",,LA000045269
Department of Health,NHS Blackpool CCG,11/30/2018,C&M-PMS Prem Water Rates,PRC DELEGATED CO-COMMISSIONING,ST PAULS MEDICAL CENTRE BLACKPOOL,24910419,236.72 ,,LA000045269
Department of Health,NHS Blackpool CCG,11/30/2018,C&M-PMS Prof fees Prescribing,PRC DELEGATED CO-COMMISSIONING,ST PAULS MEDICAL CENTRE BLACKPOOL,24910419,"2,111.40 ",,LA000045269
Department of Health,NHS Blackpool CCG,11/30/2018,C&M-PMS QOF Aspiration,PRC DELEGATED CO-COMMISSIONING,ST PAULS MEDICAL CENTRE BLACKPOOL,24910419,"11,139.06 ",,LA000045269
Department of Health,NHS Blackpool CCG,11/30/2018,ME - PMS GP Prior Year ERs,PRC DELEGATED CO-COMMISSIONING,ST PAULS MEDICAL CENTRE BLACKPOOL,24910419,"11,176.74 ",,LA000045269
Department of Health,NHS Blackpool CCG,11/30/2018,ME-PMS GP Prior Year EEs,PRC DELEGATED CO-COMMISSIONING,ST PAULS MEDICAL CENTRE BLACKPOOL,24910419,"12,179.90 ",,LA000045269
Department of Health,NHS Blackpool CCG,11/30/2018,C&M-PMS Baseline Adjustment,PRC DELEGATED CO-COMMISSIONING,WATERLOO MEDICAL CENTRE,24910420,"(2,868.84)",,LA000045270
Department of Health,NHS Blackpool CCG,11/30/2018,C&M-PMS GP Statutory Levy,PRC DELEGATED CO-COMMISSIONING,WATERLOO MEDICAL CENTRE,24910420,(350.80),,LA000045270
Department of Health,NHS Blackpool CCG,11/30/2018,C&M-PMS Voluntary Levy,PRC DELEGATED CO-COMMISSIONING,WATERLOO MEDICAL CENTRE,24910420,(58.24),,LA000045270
Department of Health,NHS Blackpool CCG,11/30/2018,ME - PMS TPS Added Years Adj EEs,PRC DELEGATED CO-COMMISSIONING,WATERLOO MEDICAL CENTRE,24910420,(594.40),,LA000045270
Department of Health,NHS Blackpool CCG,11/30/2018,ME-PMS GP Pension EEs-PMS,PRC DELEGATED CO-COMMISSIONING,WATERLOO MEDICAL CENTRE,24910420,"(23,040.39)",,LA000045270
Department of Health,NHS Blackpool CCG,11/30/2018,ME-PMS GP Pension ERs Adjs - PMS,PRC DELEGATED CO-COMMISSIONING,WATERLOO MEDICAL CENTRE,24910420,"(23,094.16)",,LA000045270
Department of Health,NHS Blackpool CCG,11/30/2018,C&M-PMS Baseline Adjustment,PRC DELEGATED CO-COMMISSIONING,WATERLOO MEDICAL CENTRE,24910421,"31,552.84 ",,LA000045271
Department of Health,NHS Blackpool CCG,11/30/2018,C&M-PMS Contract Value,PRC DELEGATED CO-COMMISSIONING,WATERLOO MEDICAL CENTRE,24910421,"95,233.91 ",,LA000045271
Department of Health,NHS Blackpool CCG,11/30/2018,C&M-PMS Cost of Drugs -Prescribing,LOCAL ENHANCED SERVICES,WATERLOO MEDICAL CENTRE,24910421,"2,344.66 ",,LA000045271
Department of Health,NHS Blackpool CCG,11/30/2018,C&M-PMS DES Extended Hours Access,PRC DELEGATED CO-COMMISSIONING,WATERLOO MEDICAL CENTRE,24910421,"1,844.00 ",,LA000045271
Department of Health,NHS Blackpool CCG,11/30/2018,C&M-PMS DES Learn Dsblty Hlth Chk,PRC DELEGATED CO-COMMISSIONING,WATERLOO MEDICAL CENTRE,24910421,"1,120.00 ",,LA000045271
Department of Health,NHS Blackpool CCG,11/30/2018,C&M-PMS List Size Adjustment,PRC DELEGATED CO-COMMISSIONING,WATERLOO MEDICAL CENTRE,24910421,"1,926.17 ",,LA000045271
Department of Health,NHS Blackpool CCG,11/30/2018,C&M-PMS PCO Other,PRC DELEGATED CO-COMMISSIONING,WATERLOO MEDICAL CENTRE,24910421,794.48 ,,LA000045271
Department of Health,NHS Blackpool CCG,11/30/2018,C&M-PMS Prem Notional Rent,PRC DELEGATED CO-COMMISSIONING,WATERLOO MEDICAL CENTRE,24910421,"4,368.75 ",,LA000045271
Department of Health,NHS Blackpool CCG,11/30/2018,C&M-PMS Prem Rates,PRC DELEGATED CO-COMMISSIONING,WATERLOO MEDICAL CENTRE,24910421,854.00 ,,LA000045271
Department of Health,NHS Blackpool CCG,11/30/2018,C&M-PMS Prof fees Prescribing,PRC DELEGATED CO-COMMISSIONING,WATERLOO MEDICAL CENTRE,24910421,358.80 ,,LA000045271
Department of Health,NHS Blackpool CCG,11/30/2018,C&M-PMS QOF Aspiration,PRC DELEGATED CO-COMMISSIONING,WATERLOO MEDICAL CENTRE,24910421,"10,802.66 ",,LA000045271
Department of Health,NHS Blackpool CCG,11/30/2018,C&M-PMS Baseline Adjustment,PRC DELEGATED CO-COMMISSIONING,DR M MORCOS,24910423,"1,383.48 ",,LA000045273
Department of Health,NHS Blackpool CCG,11/30/2018,C&M-PMS Contract Value,PRC DELEGATED CO-COMMISSIONING,DR M MORCOS,24910423,"19,248.91 ",,LA000045273
Department of Health,NHS Blackpool CCG,11/30/2018,C&M-PMS List Size Adjustment,PRC DELEGATED CO-COMMISSIONING,DR M MORCOS,24910423,849.08 ,,LA000045273
Department of Health,NHS Blackpool CCG,11/30/2018,C&M-PMS Prem Notional Rent,PRC DELEGATED CO-COMMISSIONING,DR M MORCOS,24910423,"3,139.17 ",,LA000045273
Department of Health,NHS Blackpool CCG,11/30/2018,C&M-PMS QOF Aspiration,PRC DELEGATED CO-COMMISSIONING,DR M MORCOS,24910423,"1,243.09 ",,LA000045273
Department of Health,NHS Blackpool CCG,11/30/2018,Voids and Subsidies,RECHARGES NHS PROPERTY SERVICES LTD,NHS PROPERTY SERVICES LTD,24914299,"63,465.82 ",156725100,H110531
Department of Health,NHS Blackpool CCG,11/30/2018,Voids and Subsidies,RECHARGES NHS PROPERTY SERVICES LTD,NHS PROPERTY SERVICES LTD,24914301,"33,794.09 ",156725100,H110524
Department of Health,NHS Blackpool CCG,11/30/2018,Voids and Subsidies,RECHARGES NHS PROPERTY SERVICES LTD,NHS PROPERTY SERVICES LTD,24914309,"84,661.38 ",156725100,H110534
Department of Health,NHS Blackpool CCG,11/30/2018,Voids and Subsidies,RECHARGES NHS PROPERTY SERVICES LTD,NHS PROPERTY SERVICES LTD,24914327,"45,797.37 ",156725100,H116424
Department of Health,NHS Blackpool CCG,11/30/2018,C&M-GMS Cost of Drugs -Prescribing,LOCAL ENHANCED SERVICES,ELIZABETH STREET SURGERY,24930998,873.67 ,,LA000045251
Department of Health,NHS Blackpool CCG,11/30/2018,C&M-GMS DES Extended Hours Access,PRC DELEGATED CO-COMMISSIONING,ELIZABETH STREET SURGERY,24930998,922.00 ,,LA000045251
Department of Health,NHS Blackpool CCG,11/30/2018,C&M-GMS DES Learn Dsblty Hlth Chk,PRC DELEGATED CO-COMMISSIONING,ELIZABETH STREET SURGERY,24930998,140.00 ,,LA000045251
Department of Health,NHS Blackpool CCG,11/30/2018,C&M-GMS Global Sum,PRC DELEGATED CO-COMMISSIONING,ELIZABETH STREET SURGERY,24930998,"42,862.66 ",,LA000045251
Department of Health,NHS Blackpool CCG,11/30/2018,C&M-GMS Other Baseline Adjustment,PRC DELEGATED CO-COMMISSIONING,ELIZABETH STREET SURGERY,24930998,"17,744.97 ",,LA000045251
Department of Health,NHS Blackpool CCG,11/30/2018,C&M-GMS Prem Notional Rent,PRC DELEGATED CO-COMMISSIONING,ELIZABETH STREET SURGERY,24930998,"6,342.00 ",,LA000045251
Department of Health,NHS Blackpool CCG,11/30/2018,C&M-GMS Prem Rates,PRC DELEGATED CO-COMMISSIONING,ELIZABETH STREET SURGERY,24930998,"1,008.00 ",,LA000045251
Department of Health,NHS Blackpool CCG,11/30/2018,C&M-GMS Prof Fees Prescribing,PRC DELEGATED CO-COMMISSIONING,ELIZABETH STREET SURGERY,24930998,119.60 ,,LA000045251
Department of Health,NHS Blackpool CCG,11/30/2018,C&M-GMS QOF Aspiration,PRC DELEGATED CO-COMMISSIONING,ELIZABETH STREET SURGERY,24930998,"4,388.38 ",,LA000045251
Department of Health,NHS Blackpool CCG,11/30/2018,ME - GMS GP Prior Year ERs,PRC DELEGATED CO-COMMISSIONING,ELIZABETH STREET SURGERY,24930998,"6,013.52 ",,LA000045251
Department of Health,NHS Blackpool CCG,11/30/2018,ME-GMS GP Prior Year EEs,PRC DELEGATED CO-COMMISSIONING,ELIZABETH STREET SURGERY,24930998,"6,090.34 ",,LA000045251
Department of Health,NHS Blackpool CCG,11/30/2018,Clinical&Medical-Othe Public Sector,ACUTE CHILDRENS SERVICES,BLACKPOOL COUNCIL,24953837,"18,846.00 ",155820857,30132200
Department of Health,NHS Blackpool CCG,11/30/2018,Clinical&Medical-Othe Public Sector,COMMUNITY SERVICES,BLACKPOOL COUNCIL,24953837,"1,262,845.00 ",155820857,30132200
Department of Health,NHS Blackpool CCG,11/30/2018,Clinical&Medical-Othe Public Sector,LEARNING DIFFICULTIES,BLACKPOOL COUNCIL,24953837,"137,353.00 ",155820857,30132200
Department of Health,NHS Blackpool CCG,11/30/2018,Hcare Srv Rec Fdtn Trust-Contract Baseline,ACUTE COMMISSIONING,BLACKPOOL TEACHING HOSPITALS NHS FOUNDATION TRUST,24954054,"9,584,904.00 ",GB654430839,1110041734
Department of Health,NHS Blackpool CCG,11/30/2018,Hcare Srv Rec Fdtn Trust-Contract Baseline,COMMUNITY SERVICES,BLACKPOOL TEACHING HOSPITALS NHS FOUNDATION TRUST,24954054,"1,953,096.00 ",GB654430839,1110041734
Department of Health,NHS Blackpool CCG,11/30/2018,C&M-GP PRACTICE REVENUE - PCTF,GP FORWARD VIEW,FCMS(NW) LTD,24957713,"92,350.68 ",218180129,00544
Department of Health,NHS Blackpool CCG,11/30/2018,Clinical&Medical-Independent Sector,URGENT CARE,FCMS(NW) LTD,24957713,"402,874.90 ",218180129,00544
Department of Health,NHS Blackpool CCG,11/30/2018,Clinical&Medical-Clinical Other,URGENT CARE,FCMS(NW) LTD,24966118,"(32,488.02)",218180129,00945
Department of Health,NHS Blackpool CCG,11/30/2018,Clinical&Medical-Clinical Other,URGENT CARE,FCMS(NW) LTD,24966121,"32,488.02 ",218180129,00948
Department of Health,NHS Blackpool CCG,11/30/2018,Charges from CSU,MENTAL HEALTH SERVICES - SPECIALIST SERVICES,NHS MIDLANDS AND LANCASHIRE CSU,24980338,"31,969.67 ",GB 654442045,7312310853
Department of Health,NHS Blackpool CCG,11/30/2018,FM Computer Contracts,CORPORATE COSTS & SERVICES,BLACKPOOL TEACHING HOSPITALS NHS FOUNDATION TRUST,24980403,"4,256.97 ",GB654430839,1110041865
Department of Health,NHS Blackpool CCG,11/30/2018,FM Computer Contracts,PRIMARY CARE IT,BLACKPOOL TEACHING HOSPITALS NHS FOUNDATION TRUST,24980403,"24,122.83 ",GB654430839,1110041865
Department of Health,NHS Blackpool CCG,11/30/2018,Hcare Srv Rec Fdtn Trust-Contract Baseline,ACUTE COMMISSIONING,BLACKPOOL TEACHING HOSPITALS NHS FOUNDATION TRUST,24985419,"880,216.00 ",GB654430839,1110041859
,,,,,,,,,
