A3131 - Expenditure Over Threshold,,,,,,,,,
Department family,Entity,Date,Expense Type,Expense area,Supplier,Transaction number,AP Amount (�),VAT registration number,Purchase invoice number
Department of Health,NHS Blackpool CCG,7/31/2018,Clinical&Medical-Commercial Sector,COMMISSIONING SCHEMES,COMMUNITY HEALTH & EYECARE LTD,22876778,"39,420.00 ",,1B
Department of Health,NHS Blackpool CCG,7/31/2018,Clinical&Medical-Commercial Sector,COMMISSIONING SCHEMES,COMMUNITY HEALTH & EYECARE LTD,22876780,"28,426.00 ",,2B
Department of Health,NHS Blackpool CCG,7/31/2018,Hcare Srv Rec Fdtn Trust-Contract Baseline,ACUTE COMMISSIONING,UNIVERSITY HOSPITALS OF MORECAMBE BAY NHS FOUNDATION TRUST,22876781,"30,645.00 ",,1000005347
Department of Health,NHS Blackpool CCG,7/31/2018,Hcare Srv Rec NHS Trust-Contract Baseline,ACUTE COMMISSIONING,ROYAL LIVERPOOL AND BROADGREEN UNIVERSITY HOSPITALS NHS TRUST,22876782,"27,294.00 ",654966000,8610083672
Department of Health,NHS Blackpool CCG,7/31/2018,Hcare Srv Rec NHS Trust-Non Contract,NHS 111,NORTH WEST AMBULANCE SERVICE NHS TRUST,22900222,"56,061.00 ",654435138,4110038921
Department of Health,NHS Blackpool CCG,7/31/2018,Computer Software/License,PRIMARY CARE IT,EGTON MEDICAL INFORMATION SYSTEMS LTD,22929844,"34,803.32 ",927149214,EMINV011643
Department of Health,NHS Blackpool CCG,7/31/2018,Hcare Srv Rec Fdtn Trust-Contract Baseline,ACUTE COMMISSIONING,UNIVERSITY HOSPITALS OF NORTH MIDLANDS NHS TRUST,22929855,"33,856.25 ",654932808,I0005232
Department of Health,NHS Blackpool CCG,7/31/2018,Hcare Srv Rec Fdtn Trust-Contract Baseline,ACUTE COMMISSIONING,LANCASHIRE TEACHING HOSPITALS NHS FOUNDATION TRUST,22929863,"621,667.00 ",,15315252
Department of Health,NHS Blackpool CCG,7/31/2018,Clinical&Medical-Commercial Sector,ACUTE COMMISSIONING,SPIRE HEALTHCARE LTD,22929872,"452,369.00 ",915970991,00RFYCPF181904
Department of Health,NHS Blackpool CCG,7/31/2018,Hcare Srv Rec NHS Trust-Contract Baseline,AMBULANCE SERVICES,NORTH WEST AMBULANCE SERVICE NHS TRUST,22929874,"575,492.00 ",654435138,4110038983
Department of Health,NHS Blackpool CCG,7/31/2018,Hcare Srv Rec NHS Trust-Contract Baseline,AMBULANCE SERVICES,NORTH WEST AMBULANCE SERVICE NHS TRUST,22929878,"117,494.00 ",654435138,4110039046
Department of Health,NHS Blackpool CCG,7/31/2018,Hcare Srv Rec Fdtn Trust-Contract Baseline,ACUTE COMMISSIONING,WRIGHTINGTON WIGAN & LEIGH NHS FOUNDATION TRUST,22929879,"82,673.00 ",GB654951509,55578926
Department of Health,NHS Blackpool CCG,7/31/2018,Hcare Srv Rec Fdtn Trust-Non Contract,MENTAL HEALTH CONTRACTS,LANCASHIRE CARE NHS FOUNDATION TRUST,22967659,"117,728.00 ",654923319,I0059296
Department of Health,NHS Blackpool CCG,7/31/2018,Computer Software/License,CORPORATE COSTS & SERVICES,BLACKPOOL TEACHING HOSPITALS NHS FOUNDATION TRUST,22967696,"4,256.97 ",GB654430839,1110039217
Department of Health,NHS Blackpool CCG,7/31/2018,Computer Software/License,PRIMARY CARE IT,BLACKPOOL TEACHING HOSPITALS NHS FOUNDATION TRUST,22967696,"24,122.83 ",GB654430839,1110039217
Department of Health,NHS Blackpool CCG,7/31/2018,Computer Software/License,PRIMARY CARE IT,BLACKPOOL TEACHING HOSPITALS NHS FOUNDATION TRUST,22967700,"(28,379.80)",GB654430839,5279
Department of Health,NHS Blackpool CCG,7/31/2018,Income tax <1Yr,BALANCE SHEET,HMRC,22978203,"41,960.90 ",,475PT004430161903
Department of Health,NHS Blackpool CCG,7/31/2018,Income tax <1Yr-Student Loans,BALANCE SHEET,HMRC,22978203,772.00 ,,475PT004430161903
Department of Health,NHS Blackpool CCG,7/31/2018,National Insurance < 1 yr-NI- ERS,BALANCE SHEET,HMRC,22978203,"27,592.14 ",,475PT004430161903
Department of Health,NHS Blackpool CCG,7/31/2018,National Insurance < 1 yr-NI-EES,BALANCE SHEET,HMRC,22978203,"18,569.14 ",,475PT004430161903
Department of Health,NHS Blackpool CCG,7/31/2018,Statutory Mat Pay < 1 yr,BALANCE SHEET,HMRC,22978203,(534.28),,475PT004430161903
Department of Health,NHS Blackpool CCG,7/31/2018,Computer Software/License,PRIMARY CARE IT,BLACKPOOL TEACHING HOSPITALS NHS FOUNDATION TRUST,23022512,"28,379.80 ",GB654430839,1110039235
Department of Health,NHS Blackpool CCG,7/31/2018,Hcare Srv Rec Fdtn Trust-Contract Baseline,ACUTE COMMISSIONING,SALFORD ROYAL HOSPITALS NHS FOUNDATION TRUST,23036005,"35,556.00 ",,S0017366
Department of Health,NHS Blackpool CCG,7/31/2018,Cont Care-Funded Nursing Care Allow,FUNDED NURSING CARE,BELSFIELD CARE,23043199,"87,978.21 ",,BELFNCJul18
Department of Health,NHS Blackpool CCG,7/31/2018,Cont Care-Funded Nursing Care Allow,FUNDED NURSING CARE,BROOKLANDS NURSING AND CARE HOME,23043200,"54,167.81 ",,BROFNCJul18
Department of Health,NHS Blackpool CCG,7/31/2018,Cont Care-Funded Nursing Care Allow,FUNDED NURSING CARE,PRIORY COURT DEVELOPMENTS LTD,23043204,"27,036.49 ",,BROFNCJul18
Department of Health,NHS Blackpool CCG,7/31/2018,Cont Care-Funded Nursing Care Allow,FUNDED NURSING CARE,FARTHINGS NURSING HOME,23043206,"36,024.66 ",,FARFNCJul18
Department of Health,NHS Blackpool CCG,7/31/2018,Cont Care-Funded Nursing Care Allow,FUNDED NURSING CARE,QUALIA CARE LTD,23043208,"53,156.34 ",,GILFNCJul18
Department of Health,NHS Blackpool CCG,7/31/2018,Cont Care-Funded Nursing Care Allow,FUNDED NURSING CARE,GLENROYD CARE HOME,23043209,"77,133.75 ",,GLEFNCJul18
Department of Health,NHS Blackpool CCG,7/31/2018,Cont Care-Funded Nursing Care Allow,FUNDED NURSING CARE,SPIRAL HEALTH CIC,23043211,"26,761.32 ",,BGFNCJul18
Department of Health,NHS Blackpool CCG,7/31/2018,Cont Care-Funded Nursing Care Allow,FUNDED NURSING CARE,NIGHTINGALES CARE LTD,23043218,"45,718.48 ",,NIGFNCJul18
Department of Health,NHS Blackpool CCG,7/31/2018,Cont Care-Funded Nursing Care Allow,FUNDED NURSING CARE,BELSFIELD CARE,23043219,"34,600.60 ",,NORFNCJul18
Department of Health,NHS Blackpool CCG,7/31/2018,Cont Care-Funded Nursing Care Allow,FUNDED NURSING CARE,ROSSALL NURSING HOME,23043222,"37,554.26 ",,ROSFNCJul18
Department of Health,NHS Blackpool CCG,7/31/2018,Cont Care-Funded Nursing Care Allow,FUNDED NURSING CARE,RYECOURT NURSING HOME,23043224,"59,538.81 ",,RYEFNCJul18
Department of Health,NHS Blackpool CCG,7/31/2018,Cont Care-Funded Nursing Care Allow,FUNDED NURSING CARE,QUALIA CARE LTD SANDYCROFT NURSING HOME,23043225,"35,798.88 ",,SNCFNCJul18
Department of Health,NHS Blackpool CCG,7/31/2018,Cont Care-Funded Nursing Care Allow,FUNDED NURSING CARE,BELSFIELD CARE,23043227,"114,926.85 ",,SSTFNCJul18
Department of Health,NHS Blackpool CCG,7/31/2018,Charges from CSU,COMMISSIONING - NON ACUTE,NHS MIDLANDS AND LANCASHIRE CSU,23058091,"9,573.16 ",GB 654442045,7312310652
Department of Health,NHS Blackpool CCG,7/31/2018,Charges from CSU,CORPORATE COSTS & SERVICES,NHS MIDLANDS AND LANCASHIRE CSU,23058091,"103,634.19 ",GB 654442045,7312310652
Department of Health,NHS Blackpool CCG,7/31/2018,Charges from CSU,PRIMARY CARE IT,NHS MIDLANDS AND LANCASHIRE CSU,23058091,"11,499.63 ",GB 654442045,7312310652
Department of Health,NHS Blackpool CCG,7/31/2018,Clinical&Medical-Othe Public Sector,ACUTE CHILDRENS SERVICES,BLACKPOOL COUNCIL,23058116,"1,457.00 ",,30129081
Department of Health,NHS Blackpool CCG,7/31/2018,Clinical&Medical-Othe Public Sector,COMMUNITY SERVICES,BLACKPOOL COUNCIL,23058116,"1,215,383.00 ",,30129081
Department of Health,NHS Blackpool CCG,7/31/2018,Clinical&Medical-Othe Public Sector,LEARNING DIFFICULTIES,BLACKPOOL COUNCIL,23058116,"110,134.00 ",,30129081
Department of Health,NHS Blackpool CCG,7/31/2018,Hcare Srv Rec Fdtn Trust-Contract Baseline,MENTAL HEALTH CONTRACTS,LANCASHIRE CARE NHS FOUNDATION TRUST,23058130,"1,353,727.00 ",654923319,I0059471
Department of Health,NHS Blackpool CCG,7/31/2018,Hcare Srv Rec NHS Trust-Contract Baseline,ACUTE COMMISSIONING,EAST LANCASHIRE HOSPITALS NHS TRUST,23115546,"30,532.58 ",,E0092490
Department of Health,NHS Blackpool CCG,7/31/2018,Clinical&Medical-Clinical Other,OUT OF HOURS,FCMS(NW) LTD,23151659,"491,666.67 ",218180129,00271
Department of Health,NHS Blackpool CCG,7/31/2018,Hcare Srv Rec Fdtn Trust-Contract Baseline,ACUTE COMMISSIONING,BLACKPOOL TEACHING HOSPITALS NHS FOUNDATION TRUST,23151660,"9,571,904.00 ",GB654430839,1110039346
Department of Health,NHS Blackpool CCG,7/31/2018,Hcare Srv Rec Fdtn Trust-Contract Baseline,COMMUNITY SERVICES,BLACKPOOL TEACHING HOSPITALS NHS FOUNDATION TRUST,23151660,"1,953,096.00 ",GB654430839,1110039346
Department of Health,NHS Blackpool CCG,7/31/2018,Clinical&Medical-Othe Public Sector,ACUTE CHILDRENS SERVICES,BLACKPOOL COUNCIL,23151661,"1,457.00 ",,30129346
Department of Health,NHS Blackpool CCG,7/31/2018,Clinical&Medical-Othe Public Sector,COMMUNITY SERVICES,BLACKPOOL COUNCIL,23151661,"1,215,383.00 ",,30129346
Department of Health,NHS Blackpool CCG,7/31/2018,Clinical&Medical-Othe Public Sector,LEARNING DIFFICULTIES,BLACKPOOL COUNCIL,23151661,"110,134.00 ",,30129346
Department of Health,NHS Blackpool CCG,7/31/2018,Clinical&Medical-Commercial Sector,ACUTE COMMISSIONING,SPIRE HEALTHCARE LTD,23151667,"(104,741.92)",915970991,00RFYCREC181902
Department of Health,NHS Blackpool CCG,7/31/2018,Non-PFI Oprtng Lease-Bldgs-Lease Rent,RECHARGES NHS PROPERTY SERVICES LTD,NHS PROPERTY SERVICES LTD,23151668,"85,645.00 ",156725100,NAVS03844
Department of Health,NHS Blackpool CCG,7/31/2018,Clinical&Medical-Voluntary Sector,HOSPICES,TRINITY HOSPICE & PALLIATIVE CARE SERVICES,23157235,"1,299,941.00 ",,506
Department of Health,NHS Blackpool CCG,7/31/2018,C&M-PMS Baseline Adjustment,PRC DELEGATED CO-COMMISSIONING,ARNOLD MEDICAL CENTRE,23185088,"15,142.98 ",,LA000042974
Department of Health,NHS Blackpool CCG,7/31/2018,C&M-PMS Contract Value,PRC DELEGATED CO-COMMISSIONING,ARNOLD MEDICAL CENTRE,23185088,"37,436.58 ",,LA000042974
Department of Health,NHS Blackpool CCG,7/31/2018,C&M-PMS Cost of Drugs -Prescribing,LOCAL ENHANCED SERVICES,ARNOLD MEDICAL CENTRE,23185088,"2,267.70 ",,LA000042974
Department of Health,NHS Blackpool CCG,7/31/2018,C&M-PMS DES Extended Hours Access,PRC DELEGATED CO-COMMISSIONING,ARNOLD MEDICAL CENTRE,23185088,739.00 ,,LA000042974
Department of Health,NHS Blackpool CCG,7/31/2018,C&M-PMS DES Minor Surgery,PRC DELEGATED CO-COMMISSIONING,ARNOLD MEDICAL CENTRE,23185088,"4,036.76 ",,LA000042974
Department of Health,NHS Blackpool CCG,7/31/2018,C&M-PMS Prem Notional Rent,PRC DELEGATED CO-COMMISSIONING,ARNOLD MEDICAL CENTRE,23185088,"3,062.50 ",,LA000042974
Department of Health,NHS Blackpool CCG,7/31/2018,C&M-PMS Prem Rates,PRC DELEGATED CO-COMMISSIONING,ARNOLD MEDICAL CENTRE,23185088,324.00 ,,LA000042974
Department of Health,NHS Blackpool CCG,7/31/2018,C&M-PMS Prof fees Prescribing,PRC DELEGATED CO-COMMISSIONING,ARNOLD MEDICAL CENTRE,23185088,207.00 ,,LA000042974
Department of Health,NHS Blackpool CCG,7/31/2018,C&M-PMS QOF Aspiration,PRC DELEGATED CO-COMMISSIONING,ARNOLD MEDICAL CENTRE,23185088,"4,657.76 ",,LA000042974
Department of Health,NHS Blackpool CCG,7/31/2018,C&M-PMS Baseline Adjustment,PRC DELEGATED CO-COMMISSIONING,ADELAIDE STREET SURGERY,23185090,"52,907.25 ",,LA000042976
Department of Health,NHS Blackpool CCG,7/31/2018,C&M-PMS Contract Value,PRC DELEGATED CO-COMMISSIONING,ADELAIDE STREET SURGERY,23185090,"93,500.25 ",,LA000042976
Department of Health,NHS Blackpool CCG,7/31/2018,C&M-PMS Cost of Drugs -Prescribing,LOCAL ENHANCED SERVICES,ADELAIDE STREET SURGERY,23185090,"2,484.60 ",,LA000042976
Department of Health,NHS Blackpool CCG,7/31/2018,C&M-PMS DES Extended Hours Access,PRC DELEGATED CO-COMMISSIONING,ADELAIDE STREET SURGERY,23185090,"1,772.00 ",,LA000042976
Department of Health,NHS Blackpool CCG,7/31/2018,C&M-PMS DES Minor Surgery,PRC DELEGATED CO-COMMISSIONING,ADELAIDE STREET SURGERY,23185090,"4,480.36 ",,LA000042976
Department of Health,NHS Blackpool CCG,7/31/2018,C&M-PMS Prem Notional Rent,PRC DELEGATED CO-COMMISSIONING,ADELAIDE STREET SURGERY,23185090,"6,175.00 ",,LA000042976
Department of Health,NHS Blackpool CCG,7/31/2018,C&M-PMS Prem Rates,PRC DELEGATED CO-COMMISSIONING,ADELAIDE STREET SURGERY,23185090,"1,227.00 ",,LA000042976
Department of Health,NHS Blackpool CCG,7/31/2018,C&M-PMS Prof fees Prescribing,PRC DELEGATED CO-COMMISSIONING,ADELAIDE STREET SURGERY,23185090,278.30 ,,LA000042976
Department of Health,NHS Blackpool CCG,7/31/2018,C&M-PMS QOF Aspiration,PRC DELEGATED CO-COMMISSIONING,ADELAIDE STREET SURGERY,23185090,"11,499.77 ",,LA000042976
Department of Health,NHS Blackpool CCG,7/31/2018,C&M-PMS Baseline Adjustment,PRC DELEGATED CO-COMMISSIONING,BLOOMFIELD MEDICAL CENTRE,23185092,"37,643.22 ",,LA000042978
Department of Health,NHS Blackpool CCG,7/31/2018,C&M-PMS Contract Value,PRC DELEGATED CO-COMMISSIONING,BLOOMFIELD MEDICAL CENTRE,23185092,"98,315.83 ",,LA000042978
Department of Health,NHS Blackpool CCG,7/31/2018,C&M-PMS Cost of Drugs -Prescribing,LOCAL ENHANCED SERVICES,BLOOMFIELD MEDICAL CENTRE,23185092,"1,891.57 ",,LA000042978
Department of Health,NHS Blackpool CCG,7/31/2018,C&M-PMS DES Extended Hours Access,PRC DELEGATED CO-COMMISSIONING,BLOOMFIELD MEDICAL CENTRE,23185092,"2,007.00 ",,LA000042978
Department of Health,NHS Blackpool CCG,7/31/2018,C&M-PMS DES Minor Surgery,PRC DELEGATED CO-COMMISSIONING,BLOOMFIELD MEDICAL CENTRE,23185092,"1,641.32 ",,LA000042978
Department of Health,NHS Blackpool CCG,7/31/2018,C&M-PMS List Size Adjustment,PRC DELEGATED CO-COMMISSIONING,BLOOMFIELD MEDICAL CENTRE,23185092,"1,738.75 ",,LA000042978
Department of Health,NHS Blackpool CCG,7/31/2018,C&M-PMS Prem Notional Rent,PRC DELEGATED CO-COMMISSIONING,BLOOMFIELD MEDICAL CENTRE,23185092,"6,441.67 ",,LA000042978
Department of Health,NHS Blackpool CCG,7/31/2018,C&M-PMS Prem Rates,PRC DELEGATED CO-COMMISSIONING,BLOOMFIELD MEDICAL CENTRE,23185092,"1,428.00 ",,LA000042978
Department of Health,NHS Blackpool CCG,7/31/2018,C&M-PMS Prof fees Prescribing,PRC DELEGATED CO-COMMISSIONING,BLOOMFIELD MEDICAL CENTRE,23185092,239.20 ,,LA000042978
Department of Health,NHS Blackpool CCG,7/31/2018,C&M-PMS QOF Aspiration,PRC DELEGATED CO-COMMISSIONING,BLOOMFIELD MEDICAL CENTRE,23185092,"12,272.41 ",,LA000042978
Department of Health,NHS Blackpool CCG,7/31/2018,C&M-GMS Cost of Drugs -Prescribing,LOCAL ENHANCED SERVICES,CRESCENT SURGERY THORNTON CLEVE,23185093,"2,168.07 ",,LA000042980
Department of Health,NHS Blackpool CCG,7/31/2018,C&M-GMS DES Minor Surgery,PRC DELEGATED CO-COMMISSIONING,CRESCENT SURGERY THORNTON CLEVE,23185093,"3,903.68 ",,LA000042980
Department of Health,NHS Blackpool CCG,7/31/2018,C&M-GMS Global Sum,PRC DELEGATED CO-COMMISSIONING,CRESCENT SURGERY THORNTON CLEVE,23185093,"69,229.21 ",,LA000042980
Department of Health,NHS Blackpool CCG,7/31/2018,C&M-GMS Other Baseline Adjustment,PRC DELEGATED CO-COMMISSIONING,CRESCENT SURGERY THORNTON CLEVE,23185093,"25,557.92 ",,LA000042980
Department of Health,NHS Blackpool CCG,7/31/2018,C&M-GMS PCO Other,PRC DELEGATED CO-COMMISSIONING,CRESCENT SURGERY THORNTON CLEVE,23185093,597.61 ,,LA000042980
Department of Health,NHS Blackpool CCG,7/31/2018,C&M-GMS Prof Fees Prescribing,PRC DELEGATED CO-COMMISSIONING,CRESCENT SURGERY THORNTON CLEVE,23185093,147.20 ,,LA000042980
Department of Health,NHS Blackpool CCG,7/31/2018,C&M-GMS QOF Aspiration,PRC DELEGATED CO-COMMISSIONING,CRESCENT SURGERY THORNTON CLEVE,23185093,"11,244.86 ",,LA000042980
Department of Health,NHS Blackpool CCG,7/31/2018,C&M-GMS Cost of Drugs -Prescribing,LOCAL ENHANCED SERVICES,CLEVELEYS GROUP PRACTICE,23185095,"3,938.27 ",,LA000042982
Department of Health,NHS Blackpool CCG,7/31/2018,C&M-GMS DES Extended Hours Access,PRC DELEGATED CO-COMMISSIONING,CLEVELEYS GROUP PRACTICE,23185095,"1,841.00 ",,LA000042982
Department of Health,NHS Blackpool CCG,7/31/2018,C&M-GMS DES Minor Surgery,PRC DELEGATED CO-COMMISSIONING,CLEVELEYS GROUP PRACTICE,23185095,"8,162.24 ",,LA000042982
Department of Health,NHS Blackpool CCG,7/31/2018,C&M-GMS Global Sum,PRC DELEGATED CO-COMMISSIONING,CLEVELEYS GROUP PRACTICE,23185095,"96,385.79 ",,LA000042982
Department of Health,NHS Blackpool CCG,7/31/2018,C&M-GMS Other Baseline Adjustment,PRC DELEGATED CO-COMMISSIONING,CLEVELEYS GROUP PRACTICE,23185095,"39,533.43 ",,LA000042982
Department of Health,NHS Blackpool CCG,7/31/2018,C&M-GMS PCO Other,PRC DELEGATED CO-COMMISSIONING,CLEVELEYS GROUP PRACTICE,23185095,794.59 ,,LA000042982
Department of Health,NHS Blackpool CCG,7/31/2018,C&M-GMS Prem Notional Rent,PRC DELEGATED CO-COMMISSIONING,CLEVELEYS GROUP PRACTICE,23185095,"9,393.75 ",,LA000042982
Department of Health,NHS Blackpool CCG,7/31/2018,C&M-GMS Prem Water Rates,PRC DELEGATED CO-COMMISSIONING,CLEVELEYS GROUP PRACTICE,23185095,"2,665.60 ",,LA000042982
Department of Health,NHS Blackpool CCG,7/31/2018,C&M-GMS Prof Fees Prescribing,PRC DELEGATED CO-COMMISSIONING,CLEVELEYS GROUP PRACTICE,23185095,243.80 ,,LA000042982
Department of Health,NHS Blackpool CCG,7/31/2018,C&M-GMS QOF Aspiration,PRC DELEGATED CO-COMMISSIONING,CLEVELEYS GROUP PRACTICE,23185095,"15,663.04 ",,LA000042982
Department of Health,NHS Blackpool CCG,7/31/2018,C&M-GMS Cost of Drugs -Prescribing,LOCAL ENHANCED SERVICES,ELIZABETH STREET SURGERY,23185097,67.12 ,,LA000042984
Department of Health,NHS Blackpool CCG,7/31/2018,C&M-GMS DES Extended Hours Access,PRC DELEGATED CO-COMMISSIONING,ELIZABETH STREET SURGERY,23185097,922.00 ,,LA000042984
Department of Health,NHS Blackpool CCG,7/31/2018,C&M-GMS DES Minor Surgery,PRC DELEGATED CO-COMMISSIONING,ELIZABETH STREET SURGERY,23185097,"1,197.72 ",,LA000042984
Department of Health,NHS Blackpool CCG,7/31/2018,C&M-GMS Global Sum,PRC DELEGATED CO-COMMISSIONING,ELIZABETH STREET SURGERY,23185097,"47,648.09 ",,LA000042984
Department of Health,NHS Blackpool CCG,7/31/2018,C&M-GMS Other Baseline Adjustment,PRC DELEGATED CO-COMMISSIONING,ELIZABETH STREET SURGERY,23185097,"17,744.97 ",,LA000042984
Department of Health,NHS Blackpool CCG,7/31/2018,C&M-GMS Prem Notional Rent,PRC DELEGATED CO-COMMISSIONING,ELIZABETH STREET SURGERY,23185097,"6,342.00 ",,LA000042984
Department of Health,NHS Blackpool CCG,7/31/2018,C&M-GMS Prem Rates,PRC DELEGATED CO-COMMISSIONING,ELIZABETH STREET SURGERY,23185097,"1,008.00 ",,LA000042984
Department of Health,NHS Blackpool CCG,7/31/2018,C&M-GMS Prof Fees Prescribing,PRC DELEGATED CO-COMMISSIONING,ELIZABETH STREET SURGERY,23185097,39.10 ,,LA000042984
Department of Health,NHS Blackpool CCG,7/31/2018,C&M-GMS QOF Aspiration,PRC DELEGATED CO-COMMISSIONING,ELIZABETH STREET SURGERY,23185097,"4,388.38 ",,LA000042984
Department of Health,NHS Blackpool CCG,7/31/2018,C&M-GMS Cost of Drugs -Prescribing,LOCAL ENHANCED SERVICES,GLENROYD MEDICAL CENTRE,23185099,"4,229.85 ",,LA000042986
Department of Health,NHS Blackpool CCG,7/31/2018,C&M-GMS DES Minor Surgery,PRC DELEGATED CO-COMMISSIONING,GLENROYD MEDICAL CENTRE,23185099,"10,158.44 ",,LA000042986
Department of Health,NHS Blackpool CCG,7/31/2018,C&M-GMS Global Sum,PRC DELEGATED CO-COMMISSIONING,GLENROYD MEDICAL CENTRE,23185099,"125,000.05 ",,LA000042986
Department of Health,NHS Blackpool CCG,7/31/2018,C&M-GMS Other Baseline Adjustment,PRC DELEGATED CO-COMMISSIONING,GLENROYD MEDICAL CENTRE,23185099,"47,019.67 ",,LA000042986
Department of Health,NHS Blackpool CCG,7/31/2018,C&M-GMS PCO Other,PRC DELEGATED CO-COMMISSIONING,GLENROYD MEDICAL CENTRE,23185099,"9,545.00 ",,LA000042986
Department of Health,NHS Blackpool CCG,7/31/2018,C&M-GMS Prem Actual Rent,PRC DELEGATED CO-COMMISSIONING,GLENROYD MEDICAL CENTRE,23185099,"16,623.60 ",,LA000042986
Department of Health,NHS Blackpool CCG,7/31/2018,C&M-GMS Prem Healthcentre Rates,PRC DELEGATED CO-COMMISSIONING,GLENROYD MEDICAL CENTRE,23185099,"19,388.40 ",,LA000042986
Department of Health,NHS Blackpool CCG,7/31/2018,C&M-GMS Prem Healthcentre Rent,PRC DELEGATED CO-COMMISSIONING,GLENROYD MEDICAL CENTRE,23185099,"105,584.56 ",,LA000042986
Department of Health,NHS Blackpool CCG,7/31/2018,C&M-GMS Prem Notional Rent,PRC DELEGATED CO-COMMISSIONING,GLENROYD MEDICAL CENTRE,23185099,"4,837.33 ",,LA000042986
Department of Health,NHS Blackpool CCG,7/31/2018,C&M-GMS Prof Fees Prescribing,PRC DELEGATED CO-COMMISSIONING,GLENROYD MEDICAL CENTRE,23185099,563.50 ,,LA000042986
Department of Health,NHS Blackpool CCG,7/31/2018,C&M-GMS QOF Aspiration,PRC DELEGATED CO-COMMISSIONING,GLENROYD MEDICAL CENTRE,23185099,"17,899.34 ",,LA000042986
Department of Health,NHS Blackpool CCG,7/31/2018,ME - GMS GP Prior Year ERs,PRC DELEGATED CO-COMMISSIONING,GLENROYD MEDICAL CENTRE,23185099,"2,199.16 ",,LA000042986
Department of Health,NHS Blackpool CCG,7/31/2018,ME-GMS GP Prior Year EEs,PRC DELEGATED CO-COMMISSIONING,GLENROYD MEDICAL CENTRE,23185099,"2,555.70 ",,LA000042986
Department of Health,NHS Blackpool CCG,7/31/2018,C&M-GMS Cost of Drugs -Prescribing,LOCAL ENHANCED SERVICES,HIGHFIELD SURGERY BLACKPOOL,23185101,"1,368.76 ",,LA000042988
Department of Health,NHS Blackpool CCG,7/31/2018,C&M-GMS DES Extended Hours Access,PRC DELEGATED CO-COMMISSIONING,HIGHFIELD SURGERY BLACKPOOL,23185101,"2,135.00 ",,LA000042988
Department of Health,NHS Blackpool CCG,7/31/2018,C&M-GMS DES Learn Dsblty Hlth Chk,PRC DELEGATED CO-COMMISSIONING,HIGHFIELD SURGERY BLACKPOOL,23185101,280.00 ,,LA000042988
Department of Health,NHS Blackpool CCG,7/31/2018,C&M-GMS DES Minor Surgery,PRC DELEGATED CO-COMMISSIONING,HIGHFIELD SURGERY BLACKPOOL,23185101,"6,609.64 ",,LA000042988
Department of Health,NHS Blackpool CCG,7/31/2018,C&M-GMS Global Sum,PRC DELEGATED CO-COMMISSIONING,HIGHFIELD SURGERY BLACKPOOL,23185101,"106,351.09 ",,LA000042988
Department of Health,NHS Blackpool CCG,7/31/2018,C&M-GMS Other Baseline Adjustment,PRC DELEGATED CO-COMMISSIONING,HIGHFIELD SURGERY BLACKPOOL,23185101,"33,719.75 ",,LA000042988
Department of Health,NHS Blackpool CCG,7/31/2018,C&M-GMS PCO Locum Adop/Pat/Mat,PRC DELEGATED CO-COMMISSIONING,HIGHFIELD SURGERY BLACKPOOL,23185101,"5,180.74 ",,LA000042988
Department of Health,NHS Blackpool CCG,7/31/2018,C&M-GMS PCO Locum Sickness,PRC DELEGATED CO-COMMISSIONING,HIGHFIELD SURGERY BLACKPOOL,23185101,"5,903.04 ",,LA000042988
Department of Health,NHS Blackpool CCG,7/31/2018,C&M-GMS Prem Rates,PRC DELEGATED CO-COMMISSIONING,HIGHFIELD SURGERY BLACKPOOL,23185101,"5,781.46 ",,LA000042988
Department of Health,NHS Blackpool CCG,7/31/2018,C&M-GMS Prof Fees Prescribing,PRC DELEGATED CO-COMMISSIONING,HIGHFIELD SURGERY BLACKPOOL,23185101,292.10 ,,LA000042988
Department of Health,NHS Blackpool CCG,7/31/2018,C&M-GMS QOF Aspiration,PRC DELEGATED CO-COMMISSIONING,HIGHFIELD SURGERY BLACKPOOL,23185101,"13,578.83 ",,LA000042988
Department of Health,NHS Blackpool CCG,7/31/2018,C&M-GMS Cost of Drugs -Prescribing,LOCAL ENHANCED SERVICES,LAYTON MEDICAL CENTRE,23185103,863.17 ,,LA000042990
Department of Health,NHS Blackpool CCG,7/31/2018,C&M-GMS DES Minor Surgery,PRC DELEGATED CO-COMMISSIONING,LAYTON MEDICAL CENTRE,23185103,"2,572.88 ",,LA000042990
Department of Health,NHS Blackpool CCG,7/31/2018,C&M-GMS Global Sum,PRC DELEGATED CO-COMMISSIONING,LAYTON MEDICAL CENTRE,23185103,"58,091.93 ",,LA000042990
Department of Health,NHS Blackpool CCG,7/31/2018,C&M-GMS Other Baseline Adjustment,PRC DELEGATED CO-COMMISSIONING,LAYTON MEDICAL CENTRE,23185103,"26,872.25 ",,LA000042990
Department of Health,NHS Blackpool CCG,7/31/2018,C&M-GMS PCO Other,PRC DELEGATED CO-COMMISSIONING,LAYTON MEDICAL CENTRE,23185103,452.60 ,,LA000042990
Department of Health,NHS Blackpool CCG,7/31/2018,C&M-GMS Prem Notional Rent,PRC DELEGATED CO-COMMISSIONING,LAYTON MEDICAL CENTRE,23185103,"4,125.00 ",,LA000042990
Department of Health,NHS Blackpool CCG,7/31/2018,C&M-GMS Prem Rates,PRC DELEGATED CO-COMMISSIONING,LAYTON MEDICAL CENTRE,23185103,826.00 ,,LA000042990
Department of Health,NHS Blackpool CCG,7/31/2018,C&M-GMS Prof Fees Prescribing,PRC DELEGATED CO-COMMISSIONING,LAYTON MEDICAL CENTRE,23185103,92.00 ,,LA000042990
Department of Health,NHS Blackpool CCG,7/31/2018,C&M-GMS QOF Aspiration,PRC DELEGATED CO-COMMISSIONING,LAYTON MEDICAL CENTRE,23185103,"6,123.16 ",,LA000042990
Department of Health,NHS Blackpool CCG,7/31/2018,C&M-PMS Baseline Adjustment,PRC DELEGATED CO-COMMISSIONING,MARTON MEDICAL PRACTICE,23185105,"39,186.49 ",,LA000042992
Department of Health,NHS Blackpool CCG,7/31/2018,C&M-PMS Contract Value,PRC DELEGATED CO-COMMISSIONING,MARTON MEDICAL PRACTICE,23185105,"69,965.75 ",,LA000042992
Department of Health,NHS Blackpool CCG,7/31/2018,C&M-PMS Cost of Drugs -Prescribing,LOCAL ENHANCED SERVICES,MARTON MEDICAL PRACTICE,23185105,"1,501.49 ",,LA000042992
Department of Health,NHS Blackpool CCG,7/31/2018,C&M-PMS DES Extended Hours Access,PRC DELEGATED CO-COMMISSIONING,MARTON MEDICAL PRACTICE,23185105,"1,443.00 ",,LA000042992
Department of Health,NHS Blackpool CCG,7/31/2018,C&M-PMS DES Minor Surgery,PRC DELEGATED CO-COMMISSIONING,MARTON MEDICAL PRACTICE,23185105,"5,278.84 ",,LA000042992
Department of Health,NHS Blackpool CCG,7/31/2018,C&M-PMS Prem Healthcentre Rates,PRC DELEGATED CO-COMMISSIONING,MARTON MEDICAL PRACTICE,23185105,"10,555.07 ",,LA000042992
Department of Health,NHS Blackpool CCG,7/31/2018,C&M-PMS Prem Healthcentre Rent,PRC DELEGATED CO-COMMISSIONING,MARTON MEDICAL PRACTICE,23185105,"101,045.59 ",,LA000042992
Department of Health,NHS Blackpool CCG,7/31/2018,C&M-PMS Prof fees Prescribing,PRC DELEGATED CO-COMMISSIONING,MARTON MEDICAL PRACTICE,23185105,193.20 ,,LA000042992
Department of Health,NHS Blackpool CCG,7/31/2018,C&M-PMS QOF Aspiration,PRC DELEGATED CO-COMMISSIONING,MARTON MEDICAL PRACTICE,23185105,"7,569.53 ",,LA000042992
Department of Health,NHS Blackpool CCG,7/31/2018,C&M-GMS Cost of Drugs -Prescribing,LOCAL ENHANCED SERVICES,NORTH SHORE SURGERY,23185108,"2,918.87 ",,LA000042996
Department of Health,NHS Blackpool CCG,7/31/2018,C&M-GMS DES Minor Surgery,PRC DELEGATED CO-COMMISSIONING,NORTH SHORE SURGERY,23185108,"3,060.84 ",,LA000042996
Department of Health,NHS Blackpool CCG,7/31/2018,C&M-GMS Global Sum,PRC DELEGATED CO-COMMISSIONING,NORTH SHORE SURGERY,23185108,"99,277.71 ",,LA000042996
Department of Health,NHS Blackpool CCG,7/31/2018,C&M-GMS MPIG Correction Factor,PRC DELEGATED CO-COMMISSIONING,NORTH SHORE SURGERY,23185108,919.33 ,,LA000042996
Department of Health,NHS Blackpool CCG,7/31/2018,C&M-GMS Other Baseline Adjustment,PRC DELEGATED CO-COMMISSIONING,NORTH SHORE SURGERY,23185108,"34,662.67 ",,LA000042996
Department of Health,NHS Blackpool CCG,7/31/2018,C&M-GMS PCO Locum Adop/Pat/Mat,PRC DELEGATED CO-COMMISSIONING,NORTH SHORE SURGERY,23185108,"7,006.08 ",,LA000042996
Department of Health,NHS Blackpool CCG,7/31/2018,C&M-GMS Prem Healthcentre Rates,PRC DELEGATED CO-COMMISSIONING,NORTH SHORE SURGERY,23185108,"17,963.45 ",,LA000042996
Department of Health,NHS Blackpool CCG,7/31/2018,C&M-GMS Prem Healthcentre Rent,PRC DELEGATED CO-COMMISSIONING,NORTH SHORE SURGERY,23185108,"111,450.36 ",,LA000042996
Department of Health,NHS Blackpool CCG,7/31/2018,C&M-GMS Prof Fees Prescribing,PRC DELEGATED CO-COMMISSIONING,NORTH SHORE SURGERY,23185108,273.70 ,,LA000042996
Department of Health,NHS Blackpool CCG,7/31/2018,C&M-GMS QOF Aspiration,PRC DELEGATED CO-COMMISSIONING,NORTH SHORE SURGERY,23185108,"13,064.10 ",,LA000042996
Department of Health,NHS Blackpool CCG,7/31/2018,C&M-GMS Cost of Drugs -Prescribing,LOCAL ENHANCED SERVICES,SOUTH KING STREET MEDICAL CENTRE,23185110,819.46 ,,LA000042998
Department of Health,NHS Blackpool CCG,7/31/2018,C&M-GMS DES Extended Hours Access,PRC DELEGATED CO-COMMISSIONING,SOUTH KING STREET MEDICAL CENTRE,23185110,968.00 ,,LA000042998
Department of Health,NHS Blackpool CCG,7/31/2018,C&M-GMS DES Minor Surgery,PRC DELEGATED CO-COMMISSIONING,SOUTH KING STREET MEDICAL CENTRE,23185110,"3,282.64 ",,LA000042998
Department of Health,NHS Blackpool CCG,7/31/2018,C&M-GMS Global Sum,PRC DELEGATED CO-COMMISSIONING,SOUTH KING STREET MEDICAL CENTRE,23185110,"49,481.19 ",,LA000042998
Department of Health,NHS Blackpool CCG,7/31/2018,C&M-GMS Other Baseline Adjustment,PRC DELEGATED CO-COMMISSIONING,SOUTH KING STREET MEDICAL CENTRE,23185110,"15,857.17 ",,LA000042998
Department of Health,NHS Blackpool CCG,7/31/2018,C&M-GMS Prem Notional Rent,PRC DELEGATED CO-COMMISSIONING,SOUTH KING STREET MEDICAL CENTRE,23185110,"3,833.33 ",,LA000042998
Department of Health,NHS Blackpool CCG,7/31/2018,C&M-GMS Prof Fees Prescribing,PRC DELEGATED CO-COMMISSIONING,SOUTH KING STREET MEDICAL CENTRE,23185110,144.90 ,,LA000042998
Department of Health,NHS Blackpool CCG,7/31/2018,C&M-GMS QOF Aspiration,PRC DELEGATED CO-COMMISSIONING,SOUTH KING STREET MEDICAL CENTRE,23185110,"5,419.29 ",,LA000042998
Department of Health,NHS Blackpool CCG,7/31/2018,C&M-PMS Baseline Adjustment,PRC DELEGATED CO-COMMISSIONING,ST PAULS MEDICAL CENTRE BLACKPOOL,23185115,"37,133.86 ",,LA000043004
Department of Health,NHS Blackpool CCG,7/31/2018,C&M-PMS Contract Value,PRC DELEGATED CO-COMMISSIONING,ST PAULS MEDICAL CENTRE BLACKPOOL,23185115,"99,128.92 ",,LA000043004
Department of Health,NHS Blackpool CCG,7/31/2018,C&M-PMS Cost of Drugs -Prescribing,LOCAL ENHANCED SERVICES,ST PAULS MEDICAL CENTRE BLACKPOOL,23185115,506.96 ,,LA000043004
Department of Health,NHS Blackpool CCG,7/31/2018,C&M-PMS DES Extended Hours Access,PRC DELEGATED CO-COMMISSIONING,ST PAULS MEDICAL CENTRE BLACKPOOL,23185115,"1,826.00 ",,LA000043004
Department of Health,NHS Blackpool CCG,7/31/2018,C&M-PMS DES Minor Surgery,PRC DELEGATED CO-COMMISSIONING,ST PAULS MEDICAL CENTRE BLACKPOOL,23185115,"4,480.36 ",,LA000043004
Department of Health,NHS Blackpool CCG,7/31/2018,C&M-PMS Prem Notional Rent,PRC DELEGATED CO-COMMISSIONING,ST PAULS MEDICAL CENTRE BLACKPOOL,23185115,"5,833.33 ",,LA000043004
Department of Health,NHS Blackpool CCG,7/31/2018,C&M-PMS Prem Rates,PRC DELEGATED CO-COMMISSIONING,ST PAULS MEDICAL CENTRE BLACKPOOL,23185115,"1,092.00 ",,LA000043004
Department of Health,NHS Blackpool CCG,7/31/2018,C&M-PMS Prof fees Prescribing,PRC DELEGATED CO-COMMISSIONING,ST PAULS MEDICAL CENTRE BLACKPOOL,23185115,156.40 ,,LA000043004
Department of Health,NHS Blackpool CCG,7/31/2018,C&M-PMS QOF Aspiration,PRC DELEGATED CO-COMMISSIONING,ST PAULS MEDICAL CENTRE BLACKPOOL,23185115,"11,139.06 ",,LA000043004
Department of Health,NHS Blackpool CCG,7/31/2018,C&M-PMS Baseline Adjustment,PRC DELEGATED CO-COMMISSIONING,WATERLOO MEDICAL CENTRE,23185117,"40,526.35 ",,LA000043006
Department of Health,NHS Blackpool CCG,7/31/2018,C&M-PMS Contract Value,PRC DELEGATED CO-COMMISSIONING,WATERLOO MEDICAL CENTRE,23185117,"94,109.58 ",,LA000043006
Department of Health,NHS Blackpool CCG,7/31/2018,C&M-PMS Cost of Drugs -Prescribing,LOCAL ENHANCED SERVICES,WATERLOO MEDICAL CENTRE,23185117,"1,263.17 ",,LA000043006
Department of Health,NHS Blackpool CCG,7/31/2018,C&M-PMS DES Extended Hours Access,PRC DELEGATED CO-COMMISSIONING,WATERLOO MEDICAL CENTRE,23185117,"1,844.00 ",,LA000043006
Department of Health,NHS Blackpool CCG,7/31/2018,C&M-PMS DES Minor Surgery,PRC DELEGATED CO-COMMISSIONING,WATERLOO MEDICAL CENTRE,23185117,"7,585.56 ",,LA000043006
Department of Health,NHS Blackpool CCG,7/31/2018,C&M-PMS List Size Adjustment,PRC DELEGATED CO-COMMISSIONING,WATERLOO MEDICAL CENTRE,23185117,"1,926.17 ",,LA000043006
Department of Health,NHS Blackpool CCG,7/31/2018,C&M-PMS PCO Other,PRC DELEGATED CO-COMMISSIONING,WATERLOO MEDICAL CENTRE,23185117,"1,318.18 ",,LA000043006
Department of Health,NHS Blackpool CCG,7/31/2018,C&M-PMS Prem Notional Rent,PRC DELEGATED CO-COMMISSIONING,WATERLOO MEDICAL CENTRE,23185117,"4,368.75 ",,LA000043006
Department of Health,NHS Blackpool CCG,7/31/2018,C&M-PMS Prem Rates,PRC DELEGATED CO-COMMISSIONING,WATERLOO MEDICAL CENTRE,23185117,854.00 ,,LA000043006
Department of Health,NHS Blackpool CCG,7/31/2018,C&M-PMS Prof fees Prescribing,PRC DELEGATED CO-COMMISSIONING,WATERLOO MEDICAL CENTRE,23185117,218.50 ,,LA000043006
Department of Health,NHS Blackpool CCG,7/31/2018,C&M-PMS QOF Aspiration,PRC DELEGATED CO-COMMISSIONING,WATERLOO MEDICAL CENTRE,23185117,"10,802.66 ",,LA000043006
Department of Health,NHS Blackpool CCG,7/31/2018,Hcare Srv Rec NHS Trust-Contract Baseline,AMBULANCE SERVICES,NORTH WEST AMBULANCE SERVICE NHS TRUST,23192946,"2,635,000.00 ",654435138,4110039433
Department of Health,NHS Blackpool CCG,7/31/2018,C&M-GMS Cost of Drugs -Prescribing,LOCAL ENHANCED SERVICES,ABBEY DALE MEDICAL CENTRE,23203370,"1,952.84 ",,LA000042972
Department of Health,NHS Blackpool CCG,7/31/2018,C&M-GMS DES Extended Hours Access,PRC DELEGATED CO-COMMISSIONING,ABBEY DALE MEDICAL CENTRE,23203370,962.00 ,,LA000042972
Department of Health,NHS Blackpool CCG,7/31/2018,C&M-GMS DES Minor Surgery,PRC DELEGATED CO-COMMISSIONING,ABBEY DALE MEDICAL CENTRE,23203370,"3,149.56 ",,LA000042972
Department of Health,NHS Blackpool CCG,7/31/2018,C&M-GMS Global Sum,PRC DELEGATED CO-COMMISSIONING,ABBEY DALE MEDICAL CENTRE,23203370,"44,585.07 ",,LA000042972
Department of Health,NHS Blackpool CCG,7/31/2018,C&M-GMS Other Baseline Adjustment,PRC DELEGATED CO-COMMISSIONING,ABBEY DALE MEDICAL CENTRE,23203370,"14,079.33 ",,LA000042972
Department of Health,NHS Blackpool CCG,7/31/2018,C&M-GMS Other FDR Payment,PRC DELEGATED CO-COMMISSIONING,ABBEY DALE MEDICAL CENTRE,23203370,"2,065.92 ",,LA000042972
Department of Health,NHS Blackpool CCG,7/31/2018,C&M-GMS Prem Notional Rent,PRC DELEGATED CO-COMMISSIONING,ABBEY DALE MEDICAL CENTRE,23203370,"3,361.00 ",,LA000042972
Department of Health,NHS Blackpool CCG,7/31/2018,C&M-GMS Prem Rates,PRC DELEGATED CO-COMMISSIONING,ABBEY DALE MEDICAL CENTRE,23203370,804.00 ,,LA000042972
Department of Health,NHS Blackpool CCG,7/31/2018,C&M-GMS Prof Fees Prescribing,PRC DELEGATED CO-COMMISSIONING,ABBEY DALE MEDICAL CENTRE,23203370,163.30 ,,LA000042972
Department of Health,NHS Blackpool CCG,7/31/2018,C&M-GMS QOF Aspiration,PRC DELEGATED CO-COMMISSIONING,ABBEY DALE MEDICAL CENTRE,23203370,"5,333.46 ",,LA000042972
Department of Health,NHS Blackpool CCG,7/31/2018,ME-GMS GP Pension ERs Adjustments,PRC DELEGATED CO-COMMISSIONING,ABBEY DALE MEDICAL CENTRE,23203370,463.53 ,,LA000042972
Department of Health,NHS Blackpool CCG,7/31/2018,ME-GMS GP Prior Year EEs,PRC DELEGATED CO-COMMISSIONING,ABBEY DALE MEDICAL CENTRE,23203370,825.18 ,,LA000042972
Department of Health,NHS Blackpool CCG,7/31/2018,C&M-GMS Cost of Drugs -Prescribing,LOCAL ENHANCED SERVICES,NEWTON DRIVE HEALTH CENTRE,23203372,"1,797.26 ",,LA000042994
Department of Health,NHS Blackpool CCG,7/31/2018,C&M-GMS DES Extended Hours Access,PRC DELEGATED CO-COMMISSIONING,NEWTON DRIVE HEALTH CENTRE,23203372,"1,473.00 ",,LA000042994
Department of Health,NHS Blackpool CCG,7/31/2018,C&M-GMS DES Learn Dsblty Hlth Chk,PRC DELEGATED CO-COMMISSIONING,NEWTON DRIVE HEALTH CENTRE,23203372,"1,120.00 ",,LA000042994
Department of Health,NHS Blackpool CCG,7/31/2018,C&M-GMS Global Sum,PRC DELEGATED CO-COMMISSIONING,NEWTON DRIVE HEALTH CENTRE,23203372,"74,217.09 ",,LA000042994
Department of Health,NHS Blackpool CCG,7/31/2018,C&M-GMS Other Baseline Adjustment,PRC DELEGATED CO-COMMISSIONING,NEWTON DRIVE HEALTH CENTRE,23203372,"32,419.57 ",,LA000042994
Department of Health,NHS Blackpool CCG,7/31/2018,C&M-GMS Prem Actual Rent,PRC DELEGATED CO-COMMISSIONING,NEWTON DRIVE HEALTH CENTRE,23203372,"34,828.20 ",,LA000042994
Department of Health,NHS Blackpool CCG,7/31/2018,C&M-GMS Prem Rates,PRC DELEGATED CO-COMMISSIONING,NEWTON DRIVE HEALTH CENTRE,23203372,"2,095.00 ",,LA000042994
Department of Health,NHS Blackpool CCG,7/31/2018,C&M-GMS Prof Fees Prescribing,PRC DELEGATED CO-COMMISSIONING,NEWTON DRIVE HEALTH CENTRE,23203372,213.90 ,,LA000042994
Department of Health,NHS Blackpool CCG,7/31/2018,C&M-GMS QOF Aspiration,PRC DELEGATED CO-COMMISSIONING,NEWTON DRIVE HEALTH CENTRE,23203372,"7,621.67 ",,LA000042994
Department of Health,NHS Blackpool CCG,7/31/2018,C&M-GMS Cost of Drugs -Prescribing,LOCAL ENHANCED SERVICES,STONYHILL MEDICAL PRACTICE,23203373,"6,642.31 ",,LA000043002
Department of Health,NHS Blackpool CCG,7/31/2018,C&M-GMS DES Minor Surgery,PRC DELEGATED CO-COMMISSIONING,STONYHILL MEDICAL PRACTICE,23203373,"2,750.32 ",,LA000043002
Department of Health,NHS Blackpool CCG,7/31/2018,C&M-GMS Global Sum,PRC DELEGATED CO-COMMISSIONING,STONYHILL MEDICAL PRACTICE,23203373,"106,501.12 ",,LA000043002
Department of Health,NHS Blackpool CCG,7/31/2018,C&M-GMS Other Baseline Adjustment,PRC DELEGATED CO-COMMISSIONING,STONYHILL MEDICAL PRACTICE,23203373,"38,511.10 ",,LA000043002
Department of Health,NHS Blackpool CCG,7/31/2018,C&M-GMS Prem Healthcentre Rates,PRC DELEGATED CO-COMMISSIONING,STONYHILL MEDICAL PRACTICE,23203373,"7,806.68 ",,LA000043002
Department of Health,NHS Blackpool CCG,7/31/2018,C&M-GMS Prem Healthcentre Rent,PRC DELEGATED CO-COMMISSIONING,STONYHILL MEDICAL PRACTICE,23203373,"40,693.14 ",,LA000043002
Department of Health,NHS Blackpool CCG,7/31/2018,C&M-GMS Prem Rates,PRC DELEGATED CO-COMMISSIONING,STONYHILL MEDICAL PRACTICE,23203373,"17,856.87 ",,LA000043002
Department of Health,NHS Blackpool CCG,7/31/2018,C&M-GMS Prof Fees Prescribing,PRC DELEGATED CO-COMMISSIONING,STONYHILL MEDICAL PRACTICE,23203373,351.90 ,,LA000043002
Department of Health,NHS Blackpool CCG,7/31/2018,C&M-GMS QOF Aspiration,PRC DELEGATED CO-COMMISSIONING,STONYHILL MEDICAL PRACTICE,23203373,"13,865.37 ",,LA000043002
Department of Health,NHS Blackpool CCG,7/31/2018,ME - GMS GP Prior Year ERs,PRC DELEGATED CO-COMMISSIONING,STONYHILL MEDICAL PRACTICE,23203373,156.09 ,,LA000043002
Department of Health,NHS Blackpool CCG,7/31/2018,ME-GMS GP Prior Year EEs,PRC DELEGATED CO-COMMISSIONING,STONYHILL MEDICAL PRACTICE,23203373,"1,480.44 ",,LA000043002
Department of Health,NHS Blackpool CCG,7/31/2018,Hcare Srv Rec Fdtn Trust-Contract Baseline,ACUTE COMMISSIONING,UNIVERSITY HOSPITALS OF MORECAMBE BAY NHS FOUNDATION TRUST,23228236,"65,258.00 ",,1000005626
Department of Health,NHS Blackpool CCG,7/31/2018,Hcare Srv Rec Fdtn Trust-Contract Baseline,ACUTE COMMISSIONING,MANCHESTER UNIVERSITY NHS FOUNDATION TRUST,23255791,"89,646.50 ",654415538,0000403174
Department of Health,NHS Blackpool CCG,7/31/2018,Clinical&Medical-Commercial Sector,COMMISSIONING SCHEMES,COMMUNITY HEALTH & EYECARE LTD,23255823,"27,973.00 ",,3B
Department of Health,NHS Blackpool CCG,7/31/2018,Non-PFI Oprtng Lease-Bldgs-Lease Rent,CORPORATE COSTS & SERVICES,BLACKPOOL FOOTBALL CLUB LTD,23269404,"40,001.40 ",,4178
,,,,,,,,,
