A3131 - Expenditure Over Threshold,,,,,,,,,
Department family,Entity,Date,Expense Type,Expense area,Supplier,Transaction number,AP Amount (�),VAT registration number,Purchase invoice number
Department of Health,NHS Blackpool CCG,12/31/2018,Hcare Srv Rec Fdtn Trust-Contract Baseline,ACUTE COMMISSIONING,UNIVERSITY HOSPITALS OF MORECAMBE BAY NHS FOUNDATION TRUST,25005768,"37,648.00 ",654968385,1000006961
Department of Health,NHS Blackpool CCG,12/31/2018,Hcare Srv Rec NHS Trust-Contract Baseline,ACUTE COMMISSIONING,ROYAL LIVERPOOL AND BROADGREEN UNIVERSITY HOSPITALS NHS TRUST,25005774,"27,294.00 ",654966000,8610089556
Department of Health,NHS Blackpool CCG,12/31/2018,Hcare Srv Rec Fdtn Trust-Contract Baseline,ACUTE COMMISSIONING,SALFORD ROYAL HOSPITALS NHS FOUNDATION TRUST,25048351,"35,556.00 ",65 4939786,S0020833
Department of Health,NHS Blackpool CCG,12/31/2018,Clinical&Medical-Othe Public Sector,LEARNING DIFFICULTIES,LANCASHIRE COUNTY COUNCIL,25061108,"47,878.00 ",,5200176290
Department of Health,NHS Blackpool CCG,12/31/2018,Programme Support Costs,PROGRAMME PROJECTS,NHS FYLDE & WYRE CCG,25061125,"50,759.48 ",654444039,7014101955
Department of Health,NHS Blackpool CCG,12/31/2018,Hcare Srv Rec Fdtn Trust-Contract Baseline,ACUTE COMMISSIONING,LANCASHIRE TEACHING HOSPITALS NHS FOUNDATION TRUST,25075481,"753,714.00 ",654937107,15321149
Department of Health,NHS Blackpool CCG,12/31/2018,Clinical&Medical-Commercial Sector,ACUTE COMMISSIONING,SPIRE HEALTHCARE LTD,25075522,"283,874.00 ",915970991,00RFYCPF181909
Department of Health,NHS Blackpool CCG,12/31/2018,Hcare Srv Rec NHS Trust-Contract Baseline,AMBULANCE SERVICES,NORTH WEST AMBULANCE SERVICE NHS TRUST,25075713,"575,492.00 ",654435138,4110042693
Department of Health,NHS Blackpool CCG,12/31/2018,Hcare Srv Rec Fdtn Trust-Non Contract,MENTAL HEALTH CONTRACTS,LANCASHIRE CARE NHS FOUNDATION TRUST,25129801,"149,000.00 ",654923319,I0061313
Department of Health,NHS Blackpool CCG,12/31/2018,Hcare Srv Rec Fdtn Trust-Contract Baseline,ACUTE COMMISSIONING,LANCASHIRE TEACHING HOSPITALS NHS FOUNDATION TRUST,25129927,"175,037.00 ",654937107,15321404
Department of Health,NHS Blackpool CCG,12/31/2018,Hcare Srv Rec NHS Trust-Non Contract,NHS 111,NORTH WEST AMBULANCE SERVICE NHS TRUST,25129975,"51,933.00 ",654435138,4110042633
Department of Health,NHS Blackpool CCG,12/31/2018,Hcare Srv Rec Fdtn Trust-Contract Baseline,ACUTE COMMISSIONING,WRIGHTINGTON WIGAN & LEIGH NHS FOUNDATION TRUST,25129985,"82,673.00 ",GB654951509,55583630
Department of Health,NHS Blackpool CCG,12/31/2018,Apprenticeship Levy Payable,BALANCE SHEET,HMRC,25149891,93.00 ,,475PT004430161908
Department of Health,NHS Blackpool CCG,12/31/2018,Income tax <1Yr,BALANCE SHEET,HMRC,25149891,"47,048.55 ",,475PT004430161908
Department of Health,NHS Blackpool CCG,12/31/2018,Income tax <1Yr-Student Loans,BALANCE SHEET,HMRC,25149891,526.00 ,,475PT004430161908
Department of Health,NHS Blackpool CCG,12/31/2018,National Insurance < 1 yr-NI- ERS,BALANCE SHEET,HMRC,25149891,"29,232.34 ",,475PT004430161908
Department of Health,NHS Blackpool CCG,12/31/2018,National Insurance < 1 yr-NI-EES,BALANCE SHEET,HMRC,25149891,"19,733.60 ",,475PT004430161908
Department of Health,NHS Blackpool CCG,12/31/2018,Statutory Mat Pay < 1 yr,BALANCE SHEET,HMRC,25149891,"(2,800.04)",,475PT004430161908
Department of Health,NHS Blackpool CCG,12/31/2018,Hcare Srv Rec NHS Trust-Contract Baseline,AMBULANCE SERVICES,NORTH WEST AMBULANCE SERVICE NHS TRUST,25194496,"117,494.00 ",654435138,4110042752
Department of Health,NHS Blackpool CCG,12/31/2018,Hcare Srv Rec NHS Trust-Contract Baseline,AMBULANCE SERVICES,NORTH WEST AMBULANCE SERVICE NHS TRUST,25194514,"30,985.64 ",654435138,4110042813
Department of Health,NHS Blackpool CCG,12/31/2018,FM Computer Contracts,PRIMARY CARE IT,BLACKPOOL TEACHING HOSPITALS NHS FOUNDATION TRUST,25216434,"28,379.80 ",GB654430839,1110042104
Department of Health,NHS Blackpool CCG,12/31/2018,Clinical&Medical-Othe Public Sector,CONTINUING HEALTHCARE ASSESSMENT & SUPPORT,BLACKPOOL COUNCIL,25216438,"82,556.40 ",155820857,30132500
Department of Health,NHS Blackpool CCG,12/31/2018,Hcare Srv Rec Fdtn Trust-Contract Baseline,MENTAL HEALTH CONTRACTS,LANCASHIRE CARE NHS FOUNDATION TRUST,25245756,"1,389,250.00 ",654923319,I0062091
Department of Health,NHS Blackpool CCG,12/31/2018,Clinical&Medical-Serv Recd-F Trsts,PROGRAMME PROJECTS,BLACKPOOL TEACHING HOSPITALS NHS FOUNDATION TRUST,25245776,"386,888.00 ",GB654430839,1110042147
Department of Health,NHS Blackpool CCG,12/31/2018,Clinical&Medical-Drugs,URGENT CARE,FCMS(NW) LTD,25245819,"495,225.58 ",218180129,00963
Department of Health,NHS Blackpool CCG,12/31/2018,Hcare Srv Rec Fdtn Trust-Contract Baseline,ACUTE COMMISSIONING,BLACKPOOL TEACHING HOSPITALS NHS FOUNDATION TRUST,25245879,"7,315,904.00 ",GB654430839,1110042335
Department of Health,NHS Blackpool CCG,12/31/2018,Hcare Srv Rec Fdtn Trust-Contract Baseline,COMMUNITY SERVICES,BLACKPOOL TEACHING HOSPITALS NHS FOUNDATION TRUST,25245879,"1,953,096.00 ",GB654430839,1110042335
Department of Health,NHS Blackpool CCG,12/31/2018,Hcare Srv Rec Fdtn Trust-Contract Baseline,ACUTE COMMISSIONING,BLACKPOOL TEACHING HOSPITALS NHS FOUNDATION TRUST,25245881,"7,177,904.00 ",GB654430839,1110042359
Department of Health,NHS Blackpool CCG,12/31/2018,Hcare Srv Rec Fdtn Trust-Contract Baseline,COMMUNITY SERVICES,BLACKPOOL TEACHING HOSPITALS NHS FOUNDATION TRUST,25245881,"1,953,096.00 ",GB654430839,1110042359
Department of Health,NHS Blackpool CCG,12/31/2018,Cont Care-Funded Nursing Care Allow,FUNDED NURSING CARE,AXELBOND LTD (ACORN CARE HOME),25265111,"25,498.72 ",,ACOFNCDec18
Department of Health,NHS Blackpool CCG,12/31/2018,Cont Care-Funded Nursing Care Allow,FUNDED NURSING CARE,ALEXANDRA NURSING HOME LTD,25265113,"31,766.99 ",,ALEXFNCDec18
Department of Health,NHS Blackpool CCG,12/31/2018,Cont Care-Funded Nursing Care Allow,FUNDED NURSING CARE,AMBER COURT CARE HOME,25265117,"40,714.08 ",,AMBFNCDec18
Department of Health,NHS Blackpool CCG,12/31/2018,Cont Care-Funded Nursing Care Allow,FUNDED NURSING CARE,BELSFIELD CARE,25265120,"65,143.21 ",,BELFNCDec18
Department of Health,NHS Blackpool CCG,12/31/2018,Cont Care-Funded Nursing Care Allow,FUNDED NURSING CARE,BROOKLANDS NURSING AND CARE HOME,25265124,"56,074.57 ",,BLAFNCDec18
Department of Health,NHS Blackpool CCG,12/31/2018,Cont Care-Funded Nursing Care Allow,FUNDED NURSING CARE,PRIORY COURT DEVELOPMENTS LTD,25265132,"30,179.47 ",,BROFNCDec18
Department of Health,NHS Blackpool CCG,12/31/2018,Cont Care-Funded Nursing Care Allow,FUNDED NURSING CARE,FARTHINGS NURSING HOME,25265140,"49,599.17 ",,FARFNCDec18
Department of Health,NHS Blackpool CCG,12/31/2018,Cont Care-Funded Nursing Care Allow,FUNDED NURSING CARE,QUALIA CARE LTD,25265149,"73,238.51 ",,GILFNCDec18
Department of Health,NHS Blackpool CCG,12/31/2018,Cont Care-Funded Nursing Care Allow,FUNDED NURSING CARE,GLENROYD CARE HOME,25265153,"88,967.29 ",,GLEFNCDec18
Department of Health,NHS Blackpool CCG,12/31/2018,Cont Care-Funded Nursing Care Allow,FUNDED NURSING CARE,CENTURY HEALTHCARE LTD,25265160,"25,567.13 ",,THUFNCDec18
Department of Health,NHS Blackpool CCG,12/31/2018,Cont Care-Funded Nursing Care Allow,FUNDED NURSING CARE,SPIRAL HEALTH CIC,25265164,"52,492.30 ",,BGFNCDec18
Department of Health,NHS Blackpool CCG,12/31/2018,Cont Care-Funded Nursing Care Allow,FUNDED NURSING CARE,NIGHTINGALES CARE LTD,25265201,"43,478.20 ",,NIGFNCDec18
Department of Health,NHS Blackpool CCG,12/31/2018,Cont Care-Funded Nursing Care Allow,FUNDED NURSING CARE,BELSFIELD CARE,25265209,"32,013.65 ",,NORFNCDec18
Department of Health,NHS Blackpool CCG,12/31/2018,Cont Care-Funded Nursing Care Allow,FUNDED NURSING CARE,ROSSALL NURSING HOME,25265224,"32,715.82 ",,ROSFNCDec18
Department of Health,NHS Blackpool CCG,12/31/2018,Cont Care-Funded Nursing Care Allow,FUNDED NURSING CARE,RYECOURT NURSING HOME,25265230,"64,728.37 ",,RYEFNCDec18
Department of Health,NHS Blackpool CCG,12/31/2018,Cont Care-Funded Nursing Care Allow,FUNDED NURSING CARE,QUALIA CARE LTD SANDYCROFT NURSING HOME,25265233,"39,055.40 ",,SNCFNCDec18
Department of Health,NHS Blackpool CCG,12/31/2018,Cont Care-Funded Nursing Care Allow,FUNDED NURSING CARE,BELSFIELD CARE,25265243,"114,697.24 ",,SSTFNCDec18
Department of Health,NHS Blackpool CCG,12/31/2018,Clinical&Medical-Commercial Sector,COMMISSIONING SCHEMES,COMMUNITY HEALTH & EYECARE LTD,25267088,"31,018.00 ",,8B
Department of Health,NHS Blackpool CCG,12/31/2018,Hcare Srv Rec Fdtn Trust-Contract Baseline,ACUTE COMMISSIONING,BLACKPOOL TEACHING HOSPITALS NHS FOUNDATION TRUST,25267198,"7,315,904.00 ",GB654430839,1110042362
Department of Health,NHS Blackpool CCG,12/31/2018,Hcare Srv Rec Fdtn Trust-Contract Baseline,COMMUNITY SERVICES,BLACKPOOL TEACHING HOSPITALS NHS FOUNDATION TRUST,25267198,"1,953,096.00 ",GB654430839,1110042362
Department of Health,NHS Blackpool CCG,12/31/2018,Hcare Srv Rec Fdtn Trust-Non Contract,ACUTE COMMISSIONING,BLACKPOOL TEACHING HOSPITALS NHS FOUNDATION TRUST,25274305,"2,045,000.00 ",GB654430839,1110042241
Department of Health,NHS Blackpool CCG,12/31/2018,Hcare Srv Rec Fdtn Trust-Non Contract,ACUTE COMMISSIONING,BLACKPOOL TEACHING HOSPITALS NHS FOUNDATION TRUST,25274309,"545,000.00 ",GB654430839,1110042242
Department of Health,NHS Blackpool CCG,12/31/2018,Clinical&Medical-Othe Public Sector,COMMUNITY SERVICES,BLACKPOOL COUNCIL,25305379,"1,419,044.00 ",155820857,30132938
Department of Health,NHS Blackpool CCG,12/31/2018,C&M-PMS Baseline Adjustment,PRC DELEGATED CO-COMMISSIONING,ARNOLD MEDICAL CENTRE,25324764,"16,102.35 ",,LA000045813
Department of Health,NHS Blackpool CCG,12/31/2018,C&M-PMS Contract Value,PRC DELEGATED CO-COMMISSIONING,ARNOLD MEDICAL CENTRE,25324764,"37,889.16 ",,LA000045813
Department of Health,NHS Blackpool CCG,12/31/2018,C&M-PMS Cost of Drugs -Prescribing,LOCAL ENHANCED SERVICES,ARNOLD MEDICAL CENTRE,25324764,"5,161.29 ",,LA000045813
Department of Health,NHS Blackpool CCG,12/31/2018,C&M-PMS DES Extended Hours Access,PRC DELEGATED CO-COMMISSIONING,ARNOLD MEDICAL CENTRE,25324764,739.00 ,,LA000045813
Department of Health,NHS Blackpool CCG,12/31/2018,C&M-PMS List Size Adjustment,PRC DELEGATED CO-COMMISSIONING,ARNOLD MEDICAL CENTRE,25324764,828.93 ,,LA000045813
Department of Health,NHS Blackpool CCG,12/31/2018,C&M-PMS PCO Other,PRC DELEGATED CO-COMMISSIONING,ARNOLD MEDICAL CENTRE,25324764,"3,174.00 ",,LA000045813
Department of Health,NHS Blackpool CCG,12/31/2018,C&M-PMS PCO Seniority,PRC DELEGATED CO-COMMISSIONING,ARNOLD MEDICAL CENTRE,25324764,177.56 ,,LA000045813
Department of Health,NHS Blackpool CCG,12/31/2018,C&M-PMS Prem Notional Rent,PRC DELEGATED CO-COMMISSIONING,ARNOLD MEDICAL CENTRE,25324764,"3,062.50 ",,LA000045813
Department of Health,NHS Blackpool CCG,12/31/2018,C&M-PMS Prem Rates,PRC DELEGATED CO-COMMISSIONING,ARNOLD MEDICAL CENTRE,25324764,324.00 ,,LA000045813
Department of Health,NHS Blackpool CCG,12/31/2018,C&M-PMS Prof fees Prescribing,PRC DELEGATED CO-COMMISSIONING,ARNOLD MEDICAL CENTRE,25324764,"1,146.22 ",,LA000045813
Department of Health,NHS Blackpool CCG,12/31/2018,C&M-PMS QOF Aspiration,PRC DELEGATED CO-COMMISSIONING,ARNOLD MEDICAL CENTRE,25324764,"4,657.76 ",,LA000045813
Department of Health,NHS Blackpool CCG,12/31/2018,C&M-PMS Baseline Adjustment,PRC DELEGATED CO-COMMISSIONING,ADELAIDE STREET SURGERY,25324765,"(2,852.25)",,LA000045814
Department of Health,NHS Blackpool CCG,12/31/2018,C&M-PMS GP Statutory Levy,PRC DELEGATED CO-COMMISSIONING,ADELAIDE STREET SURGERY,25324765,(337.13),,LA000045814
Department of Health,NHS Blackpool CCG,12/31/2018,C&M-PMS Out of Hours Opt Outs,PRC DELEGATED CO-COMMISSIONING,ADELAIDE STREET SURGERY,25324765,"(12,556.81)",,LA000045814
Department of Health,NHS Blackpool CCG,12/31/2018,C&M-PMS Voluntary Levy,PRC DELEGATED CO-COMMISSIONING,ADELAIDE STREET SURGERY,25324765,(55.97),,LA000045814
Department of Health,NHS Blackpool CCG,12/31/2018,ME-PMS GP Pension EEs-PMS,PRC DELEGATED CO-COMMISSIONING,ADELAIDE STREET SURGERY,25324765,"(5,630.83)",,LA000045814
Department of Health,NHS Blackpool CCG,12/31/2018,ME-PMS GP Pension ERs Adjs - PMS,PRC DELEGATED CO-COMMISSIONING,ADELAIDE STREET SURGERY,25324765,"(5,584.23)",,LA000045814
Department of Health,NHS Blackpool CCG,12/31/2018,C&M-PMS Baseline Adjustment,PRC DELEGATED CO-COMMISSIONING,ADELAIDE STREET SURGERY,25324766,"34,349.25 ",,LA000045815
Department of Health,NHS Blackpool CCG,12/31/2018,C&M-PMS Contract Value,PRC DELEGATED CO-COMMISSIONING,ADELAIDE STREET SURGERY,25324766,"94,617.75 ",,LA000045815
Department of Health,NHS Blackpool CCG,12/31/2018,C&M-PMS Cost of Drugs -Prescribing,LOCAL ENHANCED SERVICES,ADELAIDE STREET SURGERY,25324766,"11,862.00 ",,LA000045815
Department of Health,NHS Blackpool CCG,12/31/2018,C&M-PMS DES Extended Hours Access,PRC DELEGATED CO-COMMISSIONING,ADELAIDE STREET SURGERY,25324766,"1,772.00 ",,LA000045815
Department of Health,NHS Blackpool CCG,12/31/2018,C&M-PMS List Size Adjustment,PRC DELEGATED CO-COMMISSIONING,ADELAIDE STREET SURGERY,25324766,"2,174.50 ",,LA000045815
Department of Health,NHS Blackpool CCG,12/31/2018,C&M-PMS PCO Seniority,PRC DELEGATED CO-COMMISSIONING,ADELAIDE STREET SURGERY,25324766,459.00 ,,LA000045815
Department of Health,NHS Blackpool CCG,12/31/2018,C&M-PMS Prem Notional Rent,PRC DELEGATED CO-COMMISSIONING,ADELAIDE STREET SURGERY,25324766,"6,175.00 ",,LA000045815
Department of Health,NHS Blackpool CCG,12/31/2018,C&M-PMS Prem Rates,PRC DELEGATED CO-COMMISSIONING,ADELAIDE STREET SURGERY,25324766,"1,227.00 ",,LA000045815
Department of Health,NHS Blackpool CCG,12/31/2018,C&M-PMS Prem Water Rates,PRC DELEGATED CO-COMMISSIONING,ADELAIDE STREET SURGERY,25324766,742.24 ,,LA000045815
Department of Health,NHS Blackpool CCG,12/31/2018,C&M-PMS Prof fees Prescribing,PRC DELEGATED CO-COMMISSIONING,ADELAIDE STREET SURGERY,25324766,"2,860.41 ",,LA000045815
Department of Health,NHS Blackpool CCG,12/31/2018,C&M-PMS QOF Aspiration,PRC DELEGATED CO-COMMISSIONING,ADELAIDE STREET SURGERY,25324766,"11,499.77 ",,LA000045815
Department of Health,NHS Blackpool CCG,12/31/2018,C&M-PMS Baseline Adjustment,PRC DELEGATED CO-COMMISSIONING,BLOOMFIELD MEDICAL CENTRE,25324767,"(4,398.22)",,LA000045816
Department of Health,NHS Blackpool CCG,12/31/2018,C&M-PMS GP Statutory Levy,PRC DELEGATED CO-COMMISSIONING,BLOOMFIELD MEDICAL CENTRE,25324767,(381.70),,LA000045816
Department of Health,NHS Blackpool CCG,12/31/2018,C&M-PMS Out of Hours Opt Outs,PRC DELEGATED CO-COMMISSIONING,BLOOMFIELD MEDICAL CENTRE,25324767,"(14,206.27)",,LA000045816
Department of Health,NHS Blackpool CCG,12/31/2018,C&M-PMS Voluntary Levy,PRC DELEGATED CO-COMMISSIONING,BLOOMFIELD MEDICAL CENTRE,25324767,(63.37),,LA000045816
Department of Health,NHS Blackpool CCG,12/31/2018,ME - PMS TPS Added Years Adj EEs,PRC DELEGATED CO-COMMISSIONING,BLOOMFIELD MEDICAL CENTRE,25324767,(825.47),,LA000045816
Department of Health,NHS Blackpool CCG,12/31/2018,ME-PMS GP Pension EEs-PMS,PRC DELEGATED CO-COMMISSIONING,BLOOMFIELD MEDICAL CENTRE,25324767,"(7,030.54)",,LA000045816
Department of Health,NHS Blackpool CCG,12/31/2018,ME-PMS GP Pension ERs Adjs - PMS,PRC DELEGATED CO-COMMISSIONING,BLOOMFIELD MEDICAL CENTRE,25324767,"(7,127.06)",,LA000045816
Department of Health,NHS Blackpool CCG,12/31/2018,C&M-PMS Baseline Adjustment,PRC DELEGATED CO-COMMISSIONING,BLOOMFIELD MEDICAL CENTRE,25324768,"37,643.22 ",,LA000045817
Department of Health,NHS Blackpool CCG,12/31/2018,C&M-PMS Contract Value,PRC DELEGATED CO-COMMISSIONING,BLOOMFIELD MEDICAL CENTRE,25324768,"99,521.50 ",,LA000045817
Department of Health,NHS Blackpool CCG,12/31/2018,C&M-PMS Cost of Drugs -Prescribing,LOCAL ENHANCED SERVICES,BLOOMFIELD MEDICAL CENTRE,25324768,"9,715.74 ",,LA000045817
Department of Health,NHS Blackpool CCG,12/31/2018,C&M-PMS DES Extended Hours Access,PRC DELEGATED CO-COMMISSIONING,BLOOMFIELD MEDICAL CENTRE,25324768,"2,007.00 ",,LA000045817
Department of Health,NHS Blackpool CCG,12/31/2018,C&M-PMS List Size Adjustment,PRC DELEGATED CO-COMMISSIONING,BLOOMFIELD MEDICAL CENTRE,25324768,"1,738.75 ",,LA000045817
Department of Health,NHS Blackpool CCG,12/31/2018,C&M-PMS PCO Seniority,PRC DELEGATED CO-COMMISSIONING,BLOOMFIELD MEDICAL CENTRE,25324768,"5,666.59 ",,LA000045817
Department of Health,NHS Blackpool CCG,12/31/2018,C&M-PMS Prem Notional Rent,PRC DELEGATED CO-COMMISSIONING,BLOOMFIELD MEDICAL CENTRE,25324768,"6,441.67 ",,LA000045817
Department of Health,NHS Blackpool CCG,12/31/2018,C&M-PMS Prem Rates,PRC DELEGATED CO-COMMISSIONING,BLOOMFIELD MEDICAL CENTRE,25324768,"1,428.00 ",,LA000045817
Department of Health,NHS Blackpool CCG,12/31/2018,C&M-PMS Prof fees Prescribing,PRC DELEGATED CO-COMMISSIONING,BLOOMFIELD MEDICAL CENTRE,25324768,"2,158.89 ",,LA000045817
Department of Health,NHS Blackpool CCG,12/31/2018,C&M-PMS QOF Aspiration,PRC DELEGATED CO-COMMISSIONING,BLOOMFIELD MEDICAL CENTRE,25324768,"12,272.41 ",,LA000045817
Department of Health,NHS Blackpool CCG,12/31/2018,C&M-GMS Cost of Drugs -Prescribing,LOCAL ENHANCED SERVICES,CRESCENT SURGERY THORNTON CLEVE,25324770,"14,707.59 ",,LA000045819
Department of Health,NHS Blackpool CCG,12/31/2018,C&M-GMS Global Sum,PRC DELEGATED CO-COMMISSIONING,CRESCENT SURGERY THORNTON CLEVE,25324770,"69,811.28 ",,LA000045819
Department of Health,NHS Blackpool CCG,12/31/2018,C&M-GMS Other Baseline Adjustment,PRC DELEGATED CO-COMMISSIONING,CRESCENT SURGERY THORNTON CLEVE,25324770,"23,179.67 ",,LA000045819
Department of Health,NHS Blackpool CCG,12/31/2018,C&M-GMS PCO Other,PRC DELEGATED CO-COMMISSIONING,CRESCENT SURGERY THORNTON CLEVE,25324770,597.61 ,,LA000045819
Department of Health,NHS Blackpool CCG,12/31/2018,C&M-GMS PCO Seniority,PRC DELEGATED CO-COMMISSIONING,CRESCENT SURGERY THORNTON CLEVE,25324770,"2,252.73 ",,LA000045819
Department of Health,NHS Blackpool CCG,12/31/2018,C&M-GMS Prof Fees Prescribing,PRC DELEGATED CO-COMMISSIONING,CRESCENT SURGERY THORNTON CLEVE,25324770,"3,123.72 ",,LA000045819
Department of Health,NHS Blackpool CCG,12/31/2018,C&M-GMS QOF Aspiration,PRC DELEGATED CO-COMMISSIONING,CRESCENT SURGERY THORNTON CLEVE,25324770,"11,244.86 ",,LA000045819
Department of Health,NHS Blackpool CCG,12/31/2018,C&M-GMS Cost of Drugs -Prescribing,LOCAL ENHANCED SERVICES,CLEVELEYS GROUP PRACTICE,25324772,"13,940.90 ",,LA000045821
Department of Health,NHS Blackpool CCG,12/31/2018,C&M-GMS DES Extended Hours Access,PRC DELEGATED CO-COMMISSIONING,CLEVELEYS GROUP PRACTICE,25324772,"1,841.00 ",,LA000045821
Department of Health,NHS Blackpool CCG,12/31/2018,C&M-GMS Global Sum,PRC DELEGATED CO-COMMISSIONING,CLEVELEYS GROUP PRACTICE,25324772,"98,451.69 ",,LA000045821
Department of Health,NHS Blackpool CCG,12/31/2018,C&M-GMS Other Baseline Adjustment,PRC DELEGATED CO-COMMISSIONING,CLEVELEYS GROUP PRACTICE,25324772,"31,793.67 ",,LA000045821
Department of Health,NHS Blackpool CCG,12/31/2018,C&M-GMS PCO Other,PRC DELEGATED CO-COMMISSIONING,CLEVELEYS GROUP PRACTICE,25324772,794.59 ,,LA000045821
Department of Health,NHS Blackpool CCG,12/31/2018,C&M-GMS PCO Seniority,PRC DELEGATED CO-COMMISSIONING,CLEVELEYS GROUP PRACTICE,25324772,"3,063.28 ",,LA000045821
Department of Health,NHS Blackpool CCG,12/31/2018,C&M-GMS Prem Notional Rent,PRC DELEGATED CO-COMMISSIONING,CLEVELEYS GROUP PRACTICE,25324772,"9,393.75 ",,LA000045821
Department of Health,NHS Blackpool CCG,12/31/2018,C&M-GMS Prem Rates,PRC DELEGATED CO-COMMISSIONING,CLEVELEYS GROUP PRACTICE,25324772,"2,095.40 ",,LA000045821
Department of Health,NHS Blackpool CCG,12/31/2018,C&M-GMS Prof Fees Prescribing,PRC DELEGATED CO-COMMISSIONING,CLEVELEYS GROUP PRACTICE,25324772,"2,804.91 ",,LA000045821
Department of Health,NHS Blackpool CCG,12/31/2018,C&M-GMS QOF Aspiration,PRC DELEGATED CO-COMMISSIONING,CLEVELEYS GROUP PRACTICE,25324772,"15,663.04 ",,LA000045821
Department of Health,NHS Blackpool CCG,12/31/2018,C&M-GMS Cost of Drugs -Prescribing,LOCAL ENHANCED SERVICES,ELIZABETH STREET SURGERY,25324774,"4,013.26 ",,LA000045823
Department of Health,NHS Blackpool CCG,12/31/2018,C&M-GMS DES Extended Hours Access,PRC DELEGATED CO-COMMISSIONING,ELIZABETH STREET SURGERY,25324774,922.00 ,,LA000045823
Department of Health,NHS Blackpool CCG,12/31/2018,C&M-GMS Global Sum,PRC DELEGATED CO-COMMISSIONING,ELIZABETH STREET SURGERY,25324774,"42,862.66 ",,LA000045823
Department of Health,NHS Blackpool CCG,12/31/2018,C&M-GMS Other Baseline Adjustment,PRC DELEGATED CO-COMMISSIONING,ELIZABETH STREET SURGERY,25324774,"17,744.97 ",,LA000045823
Department of Health,NHS Blackpool CCG,12/31/2018,C&M-GMS PCO Seniority,PRC DELEGATED CO-COMMISSIONING,ELIZABETH STREET SURGERY,25324774,"1,670.70 ",,LA000045823
Department of Health,NHS Blackpool CCG,12/31/2018,C&M-GMS Prem Notional Rent,PRC DELEGATED CO-COMMISSIONING,ELIZABETH STREET SURGERY,25324774,"6,342.00 ",,LA000045823
Department of Health,NHS Blackpool CCG,12/31/2018,C&M-GMS Prem Rates,PRC DELEGATED CO-COMMISSIONING,ELIZABETH STREET SURGERY,25324774,"1,008.00 ",,LA000045823
Department of Health,NHS Blackpool CCG,12/31/2018,C&M-GMS Prof Fees Prescribing,PRC DELEGATED CO-COMMISSIONING,ELIZABETH STREET SURGERY,25324774,"1,030.57 ",,LA000045823
Department of Health,NHS Blackpool CCG,12/31/2018,C&M-GMS QOF Aspiration,PRC DELEGATED CO-COMMISSIONING,ELIZABETH STREET SURGERY,25324774,"4,388.38 ",,LA000045823
Department of Health,NHS Blackpool CCG,12/31/2018,C&M-GMS Cost of Drugs -Prescribing,LOCAL ENHANCED SERVICES,GLENROYD MEDICAL CENTRE,25324776,"4,921.01 ",,LA000045825
Department of Health,NHS Blackpool CCG,12/31/2018,C&M-GMS Global Sum,PRC DELEGATED CO-COMMISSIONING,GLENROYD MEDICAL CENTRE,25324776,"126,106.89 ",,LA000045825
Department of Health,NHS Blackpool CCG,12/31/2018,C&M-GMS Other Baseline Adjustment,PRC DELEGATED CO-COMMISSIONING,GLENROYD MEDICAL CENTRE,25324776,"41,708.92 ",,LA000045825
Department of Health,NHS Blackpool CCG,12/31/2018,C&M-GMS PCO Seniority,PRC DELEGATED CO-COMMISSIONING,GLENROYD MEDICAL CENTRE,25324776,"2,526.30 ",,LA000045825
Department of Health,NHS Blackpool CCG,12/31/2018,C&M-GMS Prem Notional Rent,PRC DELEGATED CO-COMMISSIONING,GLENROYD MEDICAL CENTRE,25324776,"4,837.33 ",,LA000045825
Department of Health,NHS Blackpool CCG,12/31/2018,C&M-GMS Prof Fees Prescribing,PRC DELEGATED CO-COMMISSIONING,GLENROYD MEDICAL CENTRE,25324776,660.49 ,,LA000045825
Department of Health,NHS Blackpool CCG,12/31/2018,C&M-GMS QOF Aspiration,PRC DELEGATED CO-COMMISSIONING,GLENROYD MEDICAL CENTRE,25324776,"17,899.34 ",,LA000045825
Department of Health,NHS Blackpool CCG,12/31/2018,C&M-GMS Cost of Drugs -Prescribing,LOCAL ENHANCED SERVICES,HIGHFIELD SURGERY BLACKPOOL,25324778,"13,841.80 ",,LA000045827
Department of Health,NHS Blackpool CCG,12/31/2018,C&M-GMS DES Extended Hours Access,PRC DELEGATED CO-COMMISSIONING,HIGHFIELD SURGERY BLACKPOOL,25324778,"2,135.00 ",,LA000045827
Department of Health,NHS Blackpool CCG,12/31/2018,C&M-GMS DES Learn Dsblty Hlth Chk,PRC DELEGATED CO-COMMISSIONING,HIGHFIELD SURGERY BLACKPOOL,25324778,"4,060.00 ",,LA000045827
Department of Health,NHS Blackpool CCG,12/31/2018,C&M-GMS Global Sum,PRC DELEGATED CO-COMMISSIONING,HIGHFIELD SURGERY BLACKPOOL,25324778,"108,185.25 ",,LA000045827
Department of Health,NHS Blackpool CCG,12/31/2018,C&M-GMS Other Baseline Adjustment,PRC DELEGATED CO-COMMISSIONING,HIGHFIELD SURGERY BLACKPOOL,25324778,"33,719.75 ",,LA000045827
Department of Health,NHS Blackpool CCG,12/31/2018,C&M-GMS PCO Doctors Ret Scheme,PRC DELEGATED CO-COMMISSIONING,HIGHFIELD SURGERY BLACKPOOL,25324778,"3,999.84 ",,LA000045827
Department of Health,NHS Blackpool CCG,12/31/2018,C&M-GMS PCO Locum Adop/Pat/Mat,PRC DELEGATED CO-COMMISSIONING,HIGHFIELD SURGERY BLACKPOOL,25324778,"20,433.13 ",,LA000045827
Department of Health,NHS Blackpool CCG,12/31/2018,C&M-GMS PCO Other,PRC DELEGATED CO-COMMISSIONING,HIGHFIELD SURGERY BLACKPOOL,25324778,"13,423.00 ",,LA000045827
Department of Health,NHS Blackpool CCG,12/31/2018,C&M-GMS PCO Seniority,PRC DELEGATED CO-COMMISSIONING,HIGHFIELD SURGERY BLACKPOOL,25324778,"1,126.48 ",,LA000045827
Department of Health,NHS Blackpool CCG,12/31/2018,C&M-GMS Prem Rates,PRC DELEGATED CO-COMMISSIONING,HIGHFIELD SURGERY BLACKPOOL,25324778,"5,102.00 ",,LA000045827
Department of Health,NHS Blackpool CCG,12/31/2018,C&M-GMS Prof Fees Prescribing,PRC DELEGATED CO-COMMISSIONING,HIGHFIELD SURGERY BLACKPOOL,25324778,"3,626.27 ",,LA000045827
Department of Health,NHS Blackpool CCG,12/31/2018,C&M-GMS QOF Aspiration,PRC DELEGATED CO-COMMISSIONING,HIGHFIELD SURGERY BLACKPOOL,25324778,"13,578.83 ",,LA000045827
Department of Health,NHS Blackpool CCG,12/31/2018,C&M-GMS Cost of Drugs -Prescribing,LOCAL ENHANCED SERVICES,LAYTON MEDICAL CENTRE,25324780,"6,603.57 ",,LA000045829
Department of Health,NHS Blackpool CCG,12/31/2018,C&M-GMS Global Sum,PRC DELEGATED CO-COMMISSIONING,LAYTON MEDICAL CENTRE,25324780,"59,210.52 ",,LA000045829
Department of Health,NHS Blackpool CCG,12/31/2018,C&M-GMS Other Baseline Adjustment,PRC DELEGATED CO-COMMISSIONING,LAYTON MEDICAL CENTRE,25324780,"19,081.25 ",,LA000045829
Department of Health,NHS Blackpool CCG,12/31/2018,C&M-GMS PCO Other,PRC DELEGATED CO-COMMISSIONING,LAYTON MEDICAL CENTRE,25324780,505.28 ,,LA000045829
Department of Health,NHS Blackpool CCG,12/31/2018,C&M-GMS Prem Notional Rent,PRC DELEGATED CO-COMMISSIONING,LAYTON MEDICAL CENTRE,25324780,"4,475.00 ",,LA000045829
Department of Health,NHS Blackpool CCG,12/31/2018,C&M-GMS Prem Rates,PRC DELEGATED CO-COMMISSIONING,LAYTON MEDICAL CENTRE,25324780,826.00 ,,LA000045829
Department of Health,NHS Blackpool CCG,12/31/2018,C&M-GMS Prem Water Rates,PRC DELEGATED CO-COMMISSIONING,LAYTON MEDICAL CENTRE,25324780,907.30 ,,LA000045829
Department of Health,NHS Blackpool CCG,12/31/2018,C&M-GMS Prof Fees Prescribing,PRC DELEGATED CO-COMMISSIONING,LAYTON MEDICAL CENTRE,25324780,"1,597.96 ",,LA000045829
Department of Health,NHS Blackpool CCG,12/31/2018,C&M-GMS QOF Aspiration,PRC DELEGATED CO-COMMISSIONING,LAYTON MEDICAL CENTRE,25324780,"6,123.16 ",,LA000045829
Department of Health,NHS Blackpool CCG,12/31/2018,C&M-PMS Baseline Adjustment,PRC DELEGATED CO-COMMISSIONING,MARTON MEDICAL PRACTICE,25324782,"25,960.75 ",,LA000045831
Department of Health,NHS Blackpool CCG,12/31/2018,C&M-PMS Contract Value,PRC DELEGATED CO-COMMISSIONING,MARTON MEDICAL PRACTICE,25324782,"70,812.58 ",,LA000045831
Department of Health,NHS Blackpool CCG,12/31/2018,C&M-PMS Cost of Drugs -Prescribing,LOCAL ENHANCED SERVICES,MARTON MEDICAL PRACTICE,25324782,"7,621.04 ",,LA000045831
Department of Health,NHS Blackpool CCG,12/31/2018,C&M-PMS DES Extended Hours Access,PRC DELEGATED CO-COMMISSIONING,MARTON MEDICAL PRACTICE,25324782,"1,443.00 ",,LA000045831
Department of Health,NHS Blackpool CCG,12/31/2018,C&M-PMS DES Learn Dsblty Hlth Chk,PRC DELEGATED CO-COMMISSIONING,MARTON MEDICAL PRACTICE,25324782,140.00 ,,LA000045831
Department of Health,NHS Blackpool CCG,12/31/2018,C&M-PMS DES Minor Surgery,PRC DELEGATED CO-COMMISSIONING,MARTON MEDICAL PRACTICE,25324782,"5,234.48 ",,LA000045831
Department of Health,NHS Blackpool CCG,12/31/2018,C&M-PMS PCO Other,PRC DELEGATED CO-COMMISSIONING,MARTON MEDICAL PRACTICE,25324782,"5,704.00 ",,LA000045831
Department of Health,NHS Blackpool CCG,12/31/2018,C&M-PMS PCO Seniority,PRC DELEGATED CO-COMMISSIONING,MARTON MEDICAL PRACTICE,25324782,"2,560.76 ",,LA000045831
Department of Health,NHS Blackpool CCG,12/31/2018,C&M-PMS Prof fees Prescribing,PRC DELEGATED CO-COMMISSIONING,MARTON MEDICAL PRACTICE,25324782,"1,991.93 ",,LA000045831
Department of Health,NHS Blackpool CCG,12/31/2018,C&M-PMS QOF Aspiration,PRC DELEGATED CO-COMMISSIONING,MARTON MEDICAL PRACTICE,25324782,"7,569.53 ",,LA000045831
Department of Health,NHS Blackpool CCG,12/31/2018,ME - PMS GP Prior Year ERs,PRC DELEGATED CO-COMMISSIONING,MARTON MEDICAL PRACTICE,25324782,"1,975.59 ",,LA000045831
Department of Health,NHS Blackpool CCG,12/31/2018,ME-PMS GP Pension EEs Adjs - PMS,PRC DELEGATED CO-COMMISSIONING,MARTON MEDICAL PRACTICE,25324782,"4,327.61 ",,LA000045831
Department of Health,NHS Blackpool CCG,12/31/2018,ME-PMS GP Pension ERs Adjs - PMS,PRC DELEGATED CO-COMMISSIONING,MARTON MEDICAL PRACTICE,25324782,"4,609.71 ",,LA000045831
Department of Health,NHS Blackpool CCG,12/31/2018,ME-PMS GP Prior Year EEs,PRC DELEGATED CO-COMMISSIONING,MARTON MEDICAL PRACTICE,25324782,"1,854.69 ",,LA000045831
Department of Health,NHS Blackpool CCG,12/31/2018,C&M-GMS Cost of Drugs -Prescribing,LOCAL ENHANCED SERVICES,NEWTON DRIVE HEALTH CENTRE,25324784,"5,219.95 ",,LA000045833
Department of Health,NHS Blackpool CCG,12/31/2018,C&M-GMS DES Extended Hours Access,PRC DELEGATED CO-COMMISSIONING,NEWTON DRIVE HEALTH CENTRE,25324784,"1,473.00 ",,LA000045833
Department of Health,NHS Blackpool CCG,12/31/2018,C&M-GMS Global Sum,PRC DELEGATED CO-COMMISSIONING,NEWTON DRIVE HEALTH CENTRE,25324784,"76,227.75 ",,LA000045833
Department of Health,NHS Blackpool CCG,12/31/2018,C&M-GMS Other Baseline Adjustment,PRC DELEGATED CO-COMMISSIONING,NEWTON DRIVE HEALTH CENTRE,25324784,"23,831.83 ",,LA000045833
Department of Health,NHS Blackpool CCG,12/31/2018,C&M-GMS PCO Seniority,PRC DELEGATED CO-COMMISSIONING,NEWTON DRIVE HEALTH CENTRE,25324784,735.11 ,,LA000045833
Department of Health,NHS Blackpool CCG,12/31/2018,C&M-GMS Prem Rates,PRC DELEGATED CO-COMMISSIONING,NEWTON DRIVE HEALTH CENTRE,25324784,"2,095.00 ",,LA000045833
Department of Health,NHS Blackpool CCG,12/31/2018,C&M-GMS Prof Fees Prescribing,PRC DELEGATED CO-COMMISSIONING,NEWTON DRIVE HEALTH CENTRE,25324784,"1,094.82 ",,LA000045833
Department of Health,NHS Blackpool CCG,12/31/2018,C&M-GMS QOF Aspiration,PRC DELEGATED CO-COMMISSIONING,NEWTON DRIVE HEALTH CENTRE,25324784,"7,621.67 ",,LA000045833
Department of Health,NHS Blackpool CCG,12/31/2018,C&M-GMS Cost of Drugs -Prescribing,LOCAL ENHANCED SERVICES,NORTH SHORE SURGERY,25324786,"17,716.97 ",,LA000045835
Department of Health,NHS Blackpool CCG,12/31/2018,C&M-GMS Global Sum,PRC DELEGATED CO-COMMISSIONING,NORTH SHORE SURGERY,25324786,"100,879.18 ",,LA000045835
Department of Health,NHS Blackpool CCG,12/31/2018,C&M-GMS MPIG Correction Factor,PRC DELEGATED CO-COMMISSIONING,NORTH SHORE SURGERY,25324786,919.33 ,,LA000045835
Department of Health,NHS Blackpool CCG,12/31/2018,C&M-GMS Other Baseline Adjustment,PRC DELEGATED CO-COMMISSIONING,NORTH SHORE SURGERY,25324786,"31,175.92 ",,LA000045835
Department of Health,NHS Blackpool CCG,12/31/2018,C&M-GMS PCO Other,PRC DELEGATED CO-COMMISSIONING,NORTH SHORE SURGERY,25324786,"7,975.00 ",,LA000045835
Department of Health,NHS Blackpool CCG,12/31/2018,C&M-GMS PCO Seniority,PRC DELEGATED CO-COMMISSIONING,NORTH SHORE SURGERY,25324786,"1,712.55 ",,LA000045835
Department of Health,NHS Blackpool CCG,12/31/2018,C&M-GMS Prof Fees Prescribing,PRC DELEGATED CO-COMMISSIONING,NORTH SHORE SURGERY,25324786,"3,787.80 ",,LA000045835
Department of Health,NHS Blackpool CCG,12/31/2018,C&M-GMS QOF Aspiration,PRC DELEGATED CO-COMMISSIONING,NORTH SHORE SURGERY,25324786,"13,064.10 ",,LA000045835
Department of Health,NHS Blackpool CCG,12/31/2018,C&M-GMS Cost of Drugs -Prescribing,LOCAL ENHANCED SERVICES,SOUTH KING STREET MEDICAL CENTRE,25324788,"5,071.56 ",,LA000045837
Department of Health,NHS Blackpool CCG,12/31/2018,C&M-GMS DES Extended Hours Access,PRC DELEGATED CO-COMMISSIONING,SOUTH KING STREET MEDICAL CENTRE,25324788,968.00 ,,LA000045837
Department of Health,NHS Blackpool CCG,12/31/2018,C&M-GMS Global Sum,PRC DELEGATED CO-COMMISSIONING,SOUTH KING STREET MEDICAL CENTRE,25324788,"49,911.72 ",,LA000045837
Department of Health,NHS Blackpool CCG,12/31/2018,C&M-GMS Other Baseline Adjustment,PRC DELEGATED CO-COMMISSIONING,SOUTH KING STREET MEDICAL CENTRE,25324788,"17,284.33 ",,LA000045837
Department of Health,NHS Blackpool CCG,12/31/2018,C&M-GMS PCO Other,PRC DELEGATED CO-COMMISSIONING,SOUTH KING STREET MEDICAL CENTRE,25324788,"3,967.00 ",,LA000045837
Department of Health,NHS Blackpool CCG,12/31/2018,C&M-GMS PCO Seniority,PRC DELEGATED CO-COMMISSIONING,SOUTH KING STREET MEDICAL CENTRE,25324788,"1,634.16 ",,LA000045837
Department of Health,NHS Blackpool CCG,12/31/2018,C&M-GMS Prem Notional Rent,PRC DELEGATED CO-COMMISSIONING,SOUTH KING STREET MEDICAL CENTRE,25324788,"3,833.33 ",,LA000045837
Department of Health,NHS Blackpool CCG,12/31/2018,C&M-GMS Prof Fees Prescribing,PRC DELEGATED CO-COMMISSIONING,SOUTH KING STREET MEDICAL CENTRE,25324788,"1,344.11 ",,LA000045837
Department of Health,NHS Blackpool CCG,12/31/2018,C&M-GMS QOF Aspiration,PRC DELEGATED CO-COMMISSIONING,SOUTH KING STREET MEDICAL CENTRE,25324788,"5,419.29 ",,LA000045837
Department of Health,NHS Blackpool CCG,12/31/2018,C&M-GMS Cost of Drugs -Prescribing,LOCAL ENHANCED SERVICES,STONYHILL MEDICAL PRACTICE,25324790,"20,552.03 ",,LA000045839
Department of Health,NHS Blackpool CCG,12/31/2018,C&M-GMS Global Sum,PRC DELEGATED CO-COMMISSIONING,STONYHILL MEDICAL PRACTICE,25324790,"108,079.97 ",,LA000045839
Department of Health,NHS Blackpool CCG,12/31/2018,C&M-GMS Other Baseline Adjustment,PRC DELEGATED CO-COMMISSIONING,STONYHILL MEDICAL PRACTICE,25324790,"35,610.34 ",,LA000045839
Department of Health,NHS Blackpool CCG,12/31/2018,C&M-GMS PCO Seniority,PRC DELEGATED CO-COMMISSIONING,STONYHILL MEDICAL PRACTICE,25324790,"5,427.56 ",,LA000045839
Department of Health,NHS Blackpool CCG,12/31/2018,C&M-GMS Prem Rates,PRC DELEGATED CO-COMMISSIONING,STONYHILL MEDICAL PRACTICE,25324790,"4,463.00 ",,LA000045839
Department of Health,NHS Blackpool CCG,12/31/2018,C&M-GMS Prof Fees Prescribing,PRC DELEGATED CO-COMMISSIONING,STONYHILL MEDICAL PRACTICE,25324790,"4,325.96 ",,LA000045839
Department of Health,NHS Blackpool CCG,12/31/2018,C&M-GMS QOF Aspiration,PRC DELEGATED CO-COMMISSIONING,STONYHILL MEDICAL PRACTICE,25324790,"13,865.37 ",,LA000045839
Department of Health,NHS Blackpool CCG,12/31/2018,C&M-PMS Baseline Adjustment,PRC DELEGATED CO-COMMISSIONING,ST PAULS MEDICAL CENTRE BLACKPOOL,25324791,"(4,711.86)",,LA000045840
Department of Health,NHS Blackpool CCG,12/31/2018,C&M-PMS GP Statutory Levy,PRC DELEGATED CO-COMMISSIONING,ST PAULS MEDICAL CENTRE BLACKPOOL,25324791,(347.25),,LA000045840
Department of Health,NHS Blackpool CCG,12/31/2018,C&M-PMS Out of Hours Opt Outs,PRC DELEGATED CO-COMMISSIONING,ST PAULS MEDICAL CENTRE BLACKPOOL,25324791,"(12,798.82)",,LA000045840
Department of Health,NHS Blackpool CCG,12/31/2018,C&M-PMS Voluntary Levy,PRC DELEGATED CO-COMMISSIONING,ST PAULS MEDICAL CENTRE BLACKPOOL,25324791,(57.65),,LA000045840
Department of Health,NHS Blackpool CCG,12/31/2018,ME-PMS GP Pension EEs-PMS,PRC DELEGATED CO-COMMISSIONING,ST PAULS MEDICAL CENTRE BLACKPOOL,25324791,"(6,403.75)",,LA000045840
Department of Health,NHS Blackpool CCG,12/31/2018,ME-PMS GP Pension ERs Adjs - PMS,PRC DELEGATED CO-COMMISSIONING,ST PAULS MEDICAL CENTRE BLACKPOOL,25324791,"(6,423.06)",,LA000045840
Department of Health,NHS Blackpool CCG,12/31/2018,C&M-PMS Baseline Adjustment,PRC DELEGATED CO-COMMISSIONING,ST PAULS MEDICAL CENTRE BLACKPOOL,25324792,"37,133.86 ",,LA000045841
Department of Health,NHS Blackpool CCG,12/31/2018,C&M-PMS Contract Value,PRC DELEGATED CO-COMMISSIONING,ST PAULS MEDICAL CENTRE BLACKPOOL,25324792,"100,309.09 ",,LA000045841
Department of Health,NHS Blackpool CCG,12/31/2018,C&M-PMS Cost of Drugs -Prescribing,LOCAL ENHANCED SERVICES,ST PAULS MEDICAL CENTRE BLACKPOOL,25324792,"7,688.36 ",,LA000045841
Department of Health,NHS Blackpool CCG,12/31/2018,C&M-PMS DES Extended Hours Access,PRC DELEGATED CO-COMMISSIONING,ST PAULS MEDICAL CENTRE BLACKPOOL,25324792,"1,826.00 ",,LA000045841
Department of Health,NHS Blackpool CCG,12/31/2018,C&M-PMS DES Learn Dsblty Hlth Chk,PRC DELEGATED CO-COMMISSIONING,ST PAULS MEDICAL CENTRE BLACKPOOL,25324792,140.00 ,,LA000045841
Department of Health,NHS Blackpool CCG,12/31/2018,C&M-PMS PCO Locum Sickness,PRC DELEGATED CO-COMMISSIONING,ST PAULS MEDICAL CENTRE BLACKPOOL,25324792,"8,187.60 ",,LA000045841
Department of Health,NHS Blackpool CCG,12/31/2018,C&M-PMS PCO Seniority,PRC DELEGATED CO-COMMISSIONING,ST PAULS MEDICAL CENTRE BLACKPOOL,25324792,"2,661.82 ",,LA000045841
Department of Health,NHS Blackpool CCG,12/31/2018,C&M-PMS Prem Notional Rent,PRC DELEGATED CO-COMMISSIONING,ST PAULS MEDICAL CENTRE BLACKPOOL,25324792,"5,833.33 ",,LA000045841
Department of Health,NHS Blackpool CCG,12/31/2018,C&M-PMS Prem Rates,PRC DELEGATED CO-COMMISSIONING,ST PAULS MEDICAL CENTRE BLACKPOOL,25324792,"1,092.00 ",,LA000045841
Department of Health,NHS Blackpool CCG,12/31/2018,C&M-PMS Prof fees Prescribing,PRC DELEGATED CO-COMMISSIONING,ST PAULS MEDICAL CENTRE BLACKPOOL,25324792,"1,919.79 ",,LA000045841
Department of Health,NHS Blackpool CCG,12/31/2018,C&M-PMS QOF Aspiration,PRC DELEGATED CO-COMMISSIONING,ST PAULS MEDICAL CENTRE BLACKPOOL,25324792,"11,139.06 ",,LA000045841
Department of Health,NHS Blackpool CCG,12/31/2018,C&M-PMS Baseline Adjustment,PRC DELEGATED CO-COMMISSIONING,WATERLOO MEDICAL CENTRE,25324793,"(2,868.84)",,LA000045842
Department of Health,NHS Blackpool CCG,12/31/2018,C&M-PMS GP Statutory Levy,PRC DELEGATED CO-COMMISSIONING,WATERLOO MEDICAL CENTRE,25324793,(350.80),,LA000045842
Department of Health,NHS Blackpool CCG,12/31/2018,C&M-PMS Out of Hours Opt Outs,PRC DELEGATED CO-COMMISSIONING,WATERLOO MEDICAL CENTRE,25324793,"(13,167.32)",,LA000045842
Department of Health,NHS Blackpool CCG,12/31/2018,C&M-PMS Voluntary Levy,PRC DELEGATED CO-COMMISSIONING,WATERLOO MEDICAL CENTRE,25324793,(58.24),,LA000045842
Department of Health,NHS Blackpool CCG,12/31/2018,ME - PMS TPS Added Years Adj EEs,PRC DELEGATED CO-COMMISSIONING,WATERLOO MEDICAL CENTRE,25324793,(339.91),,LA000045842
Department of Health,NHS Blackpool CCG,12/31/2018,ME-PMS GP Pension EEs-PMS,PRC DELEGATED CO-COMMISSIONING,WATERLOO MEDICAL CENTRE,25324793,"(10,632.87)",,LA000045842
Department of Health,NHS Blackpool CCG,12/31/2018,ME-PMS GP Pension ERs Adjs - PMS,PRC DELEGATED CO-COMMISSIONING,WATERLOO MEDICAL CENTRE,25324793,"(10,770.90)",,LA000045842
Department of Health,NHS Blackpool CCG,12/31/2018,C&M-PMS Baseline Adjustment,PRC DELEGATED CO-COMMISSIONING,WATERLOO MEDICAL CENTRE,25324794,"31,552.84 ",,LA000045843
Department of Health,NHS Blackpool CCG,12/31/2018,C&M-PMS Contract Value,PRC DELEGATED CO-COMMISSIONING,WATERLOO MEDICAL CENTRE,25324794,"95,233.91 ",,LA000045843
Department of Health,NHS Blackpool CCG,12/31/2018,C&M-PMS Cost of Drugs -Prescribing,LOCAL ENHANCED SERVICES,WATERLOO MEDICAL CENTRE,25324794,"12,940.04 ",,LA000045843
Department of Health,NHS Blackpool CCG,12/31/2018,C&M-PMS DES Extended Hours Access,PRC DELEGATED CO-COMMISSIONING,WATERLOO MEDICAL CENTRE,25324794,"1,844.00 ",,LA000045843
Department of Health,NHS Blackpool CCG,12/31/2018,C&M-PMS List Size Adjustment,PRC DELEGATED CO-COMMISSIONING,WATERLOO MEDICAL CENTRE,25324794,"1,926.17 ",,LA000045843
Department of Health,NHS Blackpool CCG,12/31/2018,C&M-PMS PCO Other,PRC DELEGATED CO-COMMISSIONING,WATERLOO MEDICAL CENTRE,25324794,794.48 ,,LA000045843
Department of Health,NHS Blackpool CCG,12/31/2018,C&M-PMS PCO Seniority,PRC DELEGATED CO-COMMISSIONING,WATERLOO MEDICAL CENTRE,25324794,"3,336.72 ",,LA000045843
Department of Health,NHS Blackpool CCG,12/31/2018,C&M-PMS Prem Notional Rent,PRC DELEGATED CO-COMMISSIONING,WATERLOO MEDICAL CENTRE,25324794,"4,368.75 ",,LA000045843
Department of Health,NHS Blackpool CCG,12/31/2018,C&M-PMS Prem Rates,PRC DELEGATED CO-COMMISSIONING,WATERLOO MEDICAL CENTRE,25324794,854.00 ,,LA000045843
Department of Health,NHS Blackpool CCG,12/31/2018,C&M-PMS Prof fees Prescribing,PRC DELEGATED CO-COMMISSIONING,WATERLOO MEDICAL CENTRE,25324794,"2,942.65 ",,LA000045843
Department of Health,NHS Blackpool CCG,12/31/2018,C&M-PMS QOF Aspiration,PRC DELEGATED CO-COMMISSIONING,WATERLOO MEDICAL CENTRE,25324794,"10,802.66 ",,LA000045843
Department of Health,NHS Blackpool CCG,12/31/2018,C&M-PMS Baseline Adjustment,PRC DELEGATED CO-COMMISSIONING,DR M MORCOS,25324796,"1,383.48 ",,LA000045845
Department of Health,NHS Blackpool CCG,12/31/2018,C&M-PMS Contract Value,PRC DELEGATED CO-COMMISSIONING,DR M MORCOS,25324796,"19,248.91 ",,LA000045845
Department of Health,NHS Blackpool CCG,12/31/2018,C&M-PMS List Size Adjustment,PRC DELEGATED CO-COMMISSIONING,DR M MORCOS,25324796,849.08 ,,LA000045845
Department of Health,NHS Blackpool CCG,12/31/2018,C&M-PMS PCO Seniority,PRC DELEGATED CO-COMMISSIONING,DR M MORCOS,25324796,"1,810.57 ",,LA000045845
Department of Health,NHS Blackpool CCG,12/31/2018,C&M-PMS Prem Notional Rent,PRC DELEGATED CO-COMMISSIONING,DR M MORCOS,25324796,"3,139.17 ",,LA000045845
Department of Health,NHS Blackpool CCG,12/31/2018,C&M-PMS QOF Aspiration,PRC DELEGATED CO-COMMISSIONING,DR M MORCOS,25324796,"1,243.09 ",,LA000045845
Department of Health,NHS Blackpool CCG,12/31/2018,Clinical&Medical-Devolved Admin'n,NCAS/OATS,NHS GREATER GLASGOW AND CLYDE,25326855,"90,898.00 ",654850811,G0151147
Department of Health,NHS Blackpool CCG,12/31/2018,Hcare Srv Rec Fdtn Trust-Contract Baseline,ACUTE COMMISSIONING,MANCHESTER UNIVERSITY NHS FOUNDATION TRUST,25327157,"89,646.50 ",654415538,0000421237
Department of Health,NHS Blackpool CCG,12/31/2018,C&M-GMS Cost of Drugs -Prescribing,LOCAL ENHANCED SERVICES,ABBEY DALE MEDICAL CENTRE,25340998,"6,743.12 ",,LA000045811
Department of Health,NHS Blackpool CCG,12/31/2018,C&M-GMS DES Extended Hours Access,PRC DELEGATED CO-COMMISSIONING,ABBEY DALE MEDICAL CENTRE,25340998,962.00 ,,LA000045811
Department of Health,NHS Blackpool CCG,12/31/2018,C&M-GMS DES Learn Dsblty Hlth Chk,PRC DELEGATED CO-COMMISSIONING,ABBEY DALE MEDICAL CENTRE,25340998,280.00 ,,LA000045811
Department of Health,NHS Blackpool CCG,12/31/2018,C&M-GMS Global Sum,PRC DELEGATED CO-COMMISSIONING,ABBEY DALE MEDICAL CENTRE,25340998,"45,480.61 ",,LA000045811
Department of Health,NHS Blackpool CCG,12/31/2018,C&M-GMS Other Baseline Adjustment,PRC DELEGATED CO-COMMISSIONING,ABBEY DALE MEDICAL CENTRE,25340998,"14,079.33 ",,LA000045811
Department of Health,NHS Blackpool CCG,12/31/2018,C&M-GMS Other FDR Payment,PRC DELEGATED CO-COMMISSIONING,ABBEY DALE MEDICAL CENTRE,25340998,"2,065.92 ",,LA000045811
Department of Health,NHS Blackpool CCG,12/31/2018,C&M-GMS PCO Doctors Ret Scheme,PRC DELEGATED CO-COMMISSIONING,ABBEY DALE MEDICAL CENTRE,25340998,"5,230.72 ",,LA000045811
Department of Health,NHS Blackpool CCG,12/31/2018,C&M-GMS PCO Other,PRC DELEGATED CO-COMMISSIONING,ABBEY DALE MEDICAL CENTRE,25340998,661.74 ,,LA000045811
Department of Health,NHS Blackpool CCG,12/31/2018,C&M-GMS PCO Seniority,PRC DELEGATED CO-COMMISSIONING,ABBEY DALE MEDICAL CENTRE,25340998,"1,448.59 ",,LA000045811
Department of Health,NHS Blackpool CCG,12/31/2018,C&M-GMS Prem Notional Rent,PRC DELEGATED CO-COMMISSIONING,ABBEY DALE MEDICAL CENTRE,25340998,"3,361.00 ",,LA000045811
Department of Health,NHS Blackpool CCG,12/31/2018,C&M-GMS Prem Rates,PRC DELEGATED CO-COMMISSIONING,ABBEY DALE MEDICAL CENTRE,25340998,804.00 ,,LA000045811
Department of Health,NHS Blackpool CCG,12/31/2018,C&M-GMS Prof Fees Prescribing,PRC DELEGATED CO-COMMISSIONING,ABBEY DALE MEDICAL CENTRE,25340998,"1,254.16 ",,LA000045811
Department of Health,NHS Blackpool CCG,12/31/2018,C&M-GMS QOF Aspiration,PRC DELEGATED CO-COMMISSIONING,ABBEY DALE MEDICAL CENTRE,25340998,"5,333.46 ",,LA000045811
Department of Health,NHS Blackpool CCG,12/31/2018,Clinical&Medical-Serv Recd-F Trsts,PROGRAMME PROJECTS,BLACKPOOL TEACHING HOSPITALS NHS FOUNDATION TRUST,25346653,"70,106.00 ",GB654430839,1110041609
,,,,,,,,,
