Department family,Entity,Date,Expense Type,Expense area,Supplier,Transaction number,AP Amount (�)
Department of Health,NHS Crawley CCG,11/30/2018,Clinical&Medical-Othe Public Sector,COMMISSIONING - NON ACUTE,WEST SUSSEX COUNTY COUNCIL,24571518,"195,753.00 "
Department of Health,NHS Crawley CCG,11/30/2018,Services From Local Authorities,CARERS,WEST SUSSEX COUNTY COUNCIL,24571518,"21,131.00 "
Department of Health,NHS Crawley CCG,11/30/2018,Services From Local Authorities,COMMISSIONING - NON ACUTE,WEST SUSSEX COUNTY COUNCIL,24571518,"43,459.00 "
Department of Health,NHS Crawley CCG,11/30/2018,Soc Care-Other Soc Care,COMMISSIONING - NON ACUTE,WEST SUSSEX COUNTY COUNCIL,24571518,"191,478.00 "
,,,,,,24571518 Total,"451,821.00 "
Department of Health,NHS Crawley CCG,11/30/2018,Clinical&Medical-Othe Public Sector,COMMISSIONING - NON ACUTE,WEST SUSSEX COUNTY COUNCIL,24571528,"195,753.00 "
Department of Health,NHS Crawley CCG,11/30/2018,Services From Local Authorities,COMMISSIONING - NON ACUTE,WEST SUSSEX COUNTY COUNCIL,24571528,"64,590.00 "
Department of Health,NHS Crawley CCG,11/30/2018,Soc Care-Other Soc Care,COMMISSIONING - NON ACUTE,WEST SUSSEX COUNTY COUNCIL,24571528,"191,478.00 "
,,,,,,24571528 Total,"451,821.00 "
Department of Health,NHS Crawley CCG,11/30/2018,Clinical&Medical-Othe Public Sector,COMMISSIONING - NON ACUTE,WEST SUSSEX COUNTY COUNCIL,24571540,"195,753.00 "
Department of Health,NHS Crawley CCG,11/30/2018,Services From Local Authorities,CARERS,WEST SUSSEX COUNTY COUNCIL,24571540,"21,131.00 "
Department of Health,NHS Crawley CCG,11/30/2018,Services From Local Authorities,COMMISSIONING - NON ACUTE,WEST SUSSEX COUNTY COUNCIL,24571540,"43,459.00 "
Department of Health,NHS Crawley CCG,11/30/2018,Soc Care-Other Soc Care,COMMISSIONING - NON ACUTE,WEST SUSSEX COUNTY COUNCIL,24571540,"191,478.00 "
,,,,,,24571540 Total,"451,821.00 "
Department of Health,NHS Crawley CCG,11/30/2018,Clinical&Medical-Othe Public Sector,COMMISSIONING - NON ACUTE,WEST SUSSEX COUNTY COUNCIL,24571548,"195,753.00 "
Department of Health,NHS Crawley CCG,11/30/2018,Services From Local Authorities,CARERS,WEST SUSSEX COUNTY COUNCIL,24571548,"21,131.00 "
Department of Health,NHS Crawley CCG,11/30/2018,Services From Local Authorities,COMMISSIONING - NON ACUTE,WEST SUSSEX COUNTY COUNCIL,24571548,"43,459.00 "
Department of Health,NHS Crawley CCG,11/30/2018,Soc Care-Other Soc Care,COMMISSIONING - NON ACUTE,WEST SUSSEX COUNTY COUNCIL,24571548,"191,478.00 "
,,,,,,24571548 Total,"451,821.00 "
Department of Health,NHS Crawley CCG,11/30/2018,Clinical&Medical-Othe Public Sector,COMMISSIONING - NON ACUTE,WEST SUSSEX COUNTY COUNCIL,24571555,"195,753.00 "
Department of Health,NHS Crawley CCG,11/30/2018,Services From Local Authorities,CARERS,WEST SUSSEX COUNTY COUNCIL,24571555,"21,131.00 "
Department of Health,NHS Crawley CCG,11/30/2018,Services From Local Authorities,COMMISSIONING - NON ACUTE,WEST SUSSEX COUNTY COUNCIL,24571555,"43,459.00 "
Department of Health,NHS Crawley CCG,11/30/2018,Soc Care-Other Soc Care,COMMISSIONING - NON ACUTE,WEST SUSSEX COUNTY COUNCIL,24571555,"191,478.00 "
,,,,,,24571555 Total,"451,821.00 "
Department of Health,NHS Crawley CCG,11/30/2018,Hcare Srv Rec Fdtn Trust-Contract Baseline,COMMUNITY SERVICES,SUSSEX COMMUNITY NHS FOUNDATION TRUST,24571572,"2,195,641.00 "
,,,,,,24571572 Total,"2,195,641.00 "
Department of Health,NHS Crawley CCG,11/30/2018,Hlthcre-Foundation Trsts,PATIENT TRANSPORT,NHS HIGH WEALD LEWES HAVENS CCG,24571576,"285,123.00 "
,,,,,,24571576 Total,"285,123.00 "
Department of Health,NHS Crawley CCG,11/30/2018,Hcare Srv Rec Fdtn Trust-Contract Baseline,ACUTE COMMISSIONING,UNIVERSITY COLLEGE LONDON HOSPITALS NHS FOUNDATION TRUST,24632043,"53,314.00 "
,,,,,,24632043 Total,"53,314.00 "
Department of Health,NHS Crawley CCG,11/30/2018,Hcare Srv Rec Fdtn Trust-CQUIN,ACUTE COMMISSIONING,ROYAL SURREY COUNTY HOSPITAL NHS FOUNDATION TRUST,24632052,939.00 
Department of Health,NHS Crawley CCG,11/30/2018,Hcare Srv Rec Fdtn Trust-Contract Baseline,ACUTE COMMISSIONING,ROYAL SURREY COUNTY HOSPITAL NHS FOUNDATION TRUST,24632052,"75,321.00 "
,,,,,,24632052 Total,"76,260.00 "
Department of Health,NHS Crawley CCG,11/30/2018,Hcare Srv Rec Fdtn Trust-Contract Baseline,NHS 111,SOUTH EAST COAST AMBULANCE SERVICE NHS FOUNDATION TRUST,24632064,"42,047.08 "
,,,,,,24632064 Total,"42,047.08 "
Department of Health,NHS Crawley CCG,11/30/2018,Hcare Srv Rec Fdtn Trust-CQUIN,ACUTE COMMISSIONING,WESTERN SUSSEX HOSPITALS NHS FOUNDATION TRUST,24632071,482.00 
Department of Health,NHS Crawley CCG,11/30/2018,Hcare Srv Rec Fdtn Trust-Contract Baseline,ACUTE COMMISSIONING,WESTERN SUSSEX HOSPITALS NHS FOUNDATION TRUST,24632071,"38,544.00 "
,,,,,,24632071 Total,"39,026.00 "
Department of Health,NHS Crawley CCG,11/30/2018,Hcare Srv Rec Fdtn Trust-Contract Baseline,ACUTE COMMISSIONING,QUEEN VICTORIA HOSPITAL NHS FOUNDATION TRUST,24632075,"161,572.00 "
,,,,,,24632075 Total,"161,572.00 "
Department of Health,NHS Crawley CCG,11/30/2018,Hcare Srv Rec NHS Trust-Contract Baseline,ACUTE COMMISSIONING,SURREY AND SUSSEX HEALTHCARE NHS TRUST,24653124,"5,871,982.00 "
,,,,,,24653124 Total,"5,871,982.00 "
Department of Health,NHS Crawley CCG,11/30/2018,Clinical&Medical-Commercial Sector,PLANNED CARE,NHS HORSHAM AND MID SUSSEX CCG,24653126,"574,194.71 "
,,,,,,24653126 Total,"574,194.71 "
Department of Health,NHS Crawley CCG,11/30/2018,Hcare Srv Rec Fdtn Trust-Over/ Under Performance,ACUTE COMMISSIONING,ROYAL SURREY COUNTY HOSPITAL NHS FOUNDATION TRUST,24729313,"33,837.00 "
,,,,,,24729313 Total,"33,837.00 "
Department of Health,NHS Crawley CCG,11/30/2018,Basic Sal-Rechgs to-from Other NHS,CONTINUING HEALTHCARE ASSESSMENT & SUPPORT,NHS COASTAL WEST SUSSEX CCG,24729351,"41,621.00 "
Department of Health,NHS Crawley CCG,11/30/2018,Cont Care- Adult 100% Fully Funded,CHC AD FULL FUND PERS HLTH BUD,NHS COASTAL WEST SUSSEX CCG,24729351,"59,502.00 "
Department of Health,NHS Crawley CCG,11/30/2018,Cont Care- Adult 100% Fully Funded,CHC ADULT FULLY FUNDED,NHS COASTAL WEST SUSSEX CCG,24729351,"31,715.00 "
Department of Health,NHS Crawley CCG,11/30/2018,Cont Care- Adult Joint Funded,Adult Joint Funded Continuing Care Personal Health Budgets,NHS COASTAL WEST SUSSEX CCG,24729351,"1,329.00 "
Department of Health,NHS Crawley CCG,11/30/2018,Cont Care- Adult Joint Funded,CHC ADULT JOINT FUNDED,NHS COASTAL WEST SUSSEX CCG,24729351,"9,596.00 "
Department of Health,NHS Crawley CCG,11/30/2018,Cont Care- Children,CHC CHILD PERS HLTH BUD,NHS COASTAL WEST SUSSEX CCG,24729351,"1,497.00 "
Department of Health,NHS Crawley CCG,11/30/2018,Cont Care- Children,CHC CHILDREN,NHS COASTAL WEST SUSSEX CCG,24729351,"33,808.00 "
Department of Health,NHS Crawley CCG,11/30/2018,Cont Care- Palliative Care,CHC ADULT FULLY FUNDED,NHS COASTAL WEST SUSSEX CCG,24729351,"60,900.00 "
Department of Health,NHS Crawley CCG,11/30/2018,Cont Care-FNC Client Continence Allow,FUNDED NURSING CARE,NHS COASTAL WEST SUSSEX CCG,24729351,"8,918.00 "
Department of Health,NHS Crawley CCG,11/30/2018,Cont Care-Funded Nursing Care Allow,FUNDED NURSING CARE,NHS COASTAL WEST SUSSEX CCG,24729351,"294,323.00 "
Department of Health,NHS Crawley CCG,11/30/2018,Cont Care-Learning Disab(65+),CHC ADULT FULLY FUNDED,NHS COASTAL WEST SUSSEX CCG,24729351,"1,580.00 "
Department of Health,NHS Crawley CCG,11/30/2018,Cont Care-Learning Disab(<65),CHC ADULT FULLY FUNDED,NHS COASTAL WEST SUSSEX CCG,24729351,"81,489.00 "
Department of Health,NHS Crawley CCG,11/30/2018,Cont Care-Physical Disab (65+),CHC ADULT FULLY FUNDED,NHS COASTAL WEST SUSSEX CCG,24729351,"103,274.00 "
Department of Health,NHS Crawley CCG,11/30/2018,Cont Care-Physical Disab (<65),CHC ADULT FULLY FUNDED,NHS COASTAL WEST SUSSEX CCG,24729351,"101,011.00 "
Department of Health,NHS Crawley CCG,11/30/2018,Recharge : Received,CONTINUING HEALTHCARE ASSESSMENT & SUPPORT,NHS COASTAL WEST SUSSEX CCG,24729351,"4,960.00 "
,,,,,,24729351 Total,"835,523.00 "
Department of Health,NHS Crawley CCG,11/30/2018,Hcare Srv Rec Fdtn Trust-Contract Baseline,AMBULANCE SERVICES,SOUTH EAST COAST AMBULANCE SERVICE NHS FOUNDATION TRUST,24729356,"446,408.54 "
Department of Health,NHS Crawley CCG,11/30/2018,Hlthcre-Foundation Trsts,AMBULANCE SERVICES,SOUTH EAST COAST AMBULANCE SERVICE NHS FOUNDATION TRUST,24729356,"7,000.00 "
,,,,,,24729356 Total,"453,408.54 "
Department of Health,NHS Crawley CCG,11/30/2018,Hcare Srv Rec Fdtn Trust-Contract Baseline,AMBULANCE SERVICES,SOUTH EAST COAST AMBULANCE SERVICE NHS FOUNDATION TRUST,24729361,"118,297.06 "
,,,,,,24729361 Total,"118,297.06 "
Department of Health,NHS Crawley CCG,11/30/2018,Healthcare Srv Rec CCG,MENTAL HEALTH CONTRACTS,NHS HORSHAM AND MID SUSSEX CCG,24762883,"1,513,295.00 "
,,,,,,24762883 Total,"1,513,295.00 "
Department of Health,NHS Crawley CCG,11/30/2018,Hcare Srv Rec NHS Trust-CQUIN,ACUTE COMMISSIONING,BRIGHTON AND SUSSEX UNIVERSITY HOSPITALS NHS TRUST,24871458,"5,877.00 "
Department of Health,NHS Crawley CCG,11/30/2018,Hcare Srv Rec NHS Trust-Contract Baseline,ACUTE COMMISSIONING,BRIGHTON AND SUSSEX UNIVERSITY HOSPITALS NHS TRUST,24871458,"256,531.00 "
,,,,,,24871458 Total,"262,408.00 "
Department of Health,NHS Crawley CCG,11/30/2018,Hcare Srv Rec Fdtn Trust-Prior Year,GENERAL RESERVE - PROGRAMME,KING`S COLLEGE HOSPITAL NHS FOUNDATION TRUST,24885980,"33,095.00 "
,,,,,,24885980 Total,"33,095.00 "
Department of Health,NHS Crawley CCG,11/30/2018,Hcare Srv Rec Fdtn Trust-Contract Baseline,ACUTE COMMISSIONING,ST GEORGES UNIVERSITY HOSPITALS NHS FOUNDATION TRUST,24890003,"148,074.06 "
,,,,,,24890003 Total,"148,074.06 "
Department of Health,NHS Crawley CCG,11/30/2018,Hcare Srv Rec Fdtn Trust-Contract Baseline,ACUTE COMMISSIONING,UNIVERSITY COLLEGE LONDON HOSPITALS NHS FOUNDATION TRUST,24890005,"53,314.00 "
,,,,,,24890005 Total,"53,314.00 "
Department of Health,NHS Crawley CCG,11/30/2018,Hcare Srv Rec Fdtn Trust-Contract Baseline,ACUTE COMMISSIONING,GUYS & ST THOMAS HOSPITAL NHS FOUNDATION TRUST,24937827,"131,694.00 "
,,,,,,24937827 Total,"131,694.00 "
,,,,,,,
,,,,,,Grand Total,15141210.45
