Department family,Entity,Date,Expense Type,Expense area,Supplier,Transaction number,AP Amount (�)
Department of Health,NHS Crawley CCG,6/30/2018,Hcare Srv Rec NHS Trust-Prior Year,GENERAL RESERVE - PROGRAMME,SURREY AND SUSSEX HEALTHCARE NHS TRUST,22490605,"(1,116,554.00)"
,,,,,,22490605 Total,"(1,116,554.00)"
Department of Health,NHS Crawley CCG,6/30/2018,Hcare Srv Rec Fdtn Trust-Contract Baseline,ACUTE COMMISSIONING,UNIVERSITY COLLEGE LONDON HOSPITALS NHS FOUNDATION TRUST,22490873,"31,435.00 "
,,,,,,22490873 Total,"31,435.00 "
Department of Health,NHS Crawley CCG,6/30/2018,Hcare Srv Rec Fdtn Trust-CQUIN,ACUTE COMMISSIONING,WESTERN SUSSEX HOSPITALS NHS FOUNDATION TRUST,22490876,482.00 
Department of Health,NHS Crawley CCG,6/30/2018,Hcare Srv Rec Fdtn Trust-Contract Baseline,ACUTE COMMISSIONING,WESTERN SUSSEX HOSPITALS NHS FOUNDATION TRUST,22490876,"38,544.00 "
,,,,,,22490876 Total,"39,026.00 "
Department of Health,NHS Crawley CCG,6/30/2018,Hcare Srv Rec Fdtn Trust-Contract Baseline,NHS 111,SOUTH EAST COAST AMBULANCE SERVICE NHS FOUNDATION TRUST,22490878,"43,549.08 "
,,,,,,22490878 Total,"43,549.08 "
Department of Health,NHS Crawley CCG,6/30/2018,Clinical&Medical-Commercial Sector,COMMISSIONING SCHEMES,LEACROFT PRACTICE,22496841,"31,166.00 "
,,,,,,22496841 Total,"31,166.00 "
Department of Health,NHS Crawley CCG,6/30/2018,Hcare Srv Rec Fdtn Trust-Contract Baseline,COMMUNITY SERVICES,SUSSEX COMMUNITY NHS FOUNDATION TRUST,22501553,"1,578,562.52 "
,,,,,,22501553 Total,"1,578,562.52 "
Department of Health,NHS Crawley CCG,6/30/2018,Hcare Srv Rec NHS Trust-Contract Baseline,ACUTE COMMISSIONING,SURREY AND SUSSEX HEALTHCARE NHS TRUST,22501559,"5,441,161.00 "
,,,,,,22501559 Total,"5,441,161.00 "
Department of Health,NHS Crawley CCG,6/30/2018,Hcare Srv Rec Fdtn Trust-Contract Baseline,AMBULANCE SERVICES,SOUTH EAST COAST AMBULANCE SERVICE NHS FOUNDATION TRUST,22501562,"429,508.96 "
,,,,,,22501562 Total,"429,508.96 "
Department of Health,NHS Crawley CCG,6/30/2018,Hcare Srv Rec Fdtn Trust-Contract Baseline,ACUTE COMMISSIONING,QUEEN VICTORIA HOSPITAL NHS FOUNDATION TRUST,22626987,"156,326.15 "
,,,,,,22626987 Total,"156,326.15 "
Department of Health,NHS Crawley CCG,6/30/2018,Clinical&Medical-Voluntary Sector,HOSPICES,ST CATHERINES HOSPICE,22630825,"1,009,411.00 "
,,,,,,22630825 Total,"1,009,411.00 "
Department of Health,NHS Crawley CCG,6/30/2018,Hcare Srv Rec Fdtn Trust-Contract Baseline,ACUTE COMMISSIONING,KING`S COLLEGE HOSPITAL NHS FOUNDATION TRUST,22647329,"38,588.00 "
,,,,,,22647329 Total,"38,588.00 "
Department of Health,NHS Crawley CCG,6/30/2018,Hcare Srv Rec Fdtn Trust-Contract Baseline,ACUTE COMMISSIONING,KING`S COLLEGE HOSPITAL NHS FOUNDATION TRUST,22647365,"38,587.00 "
,,,,,,22647365 Total,"38,587.00 "
Department of Health,NHS Crawley CCG,6/30/2018,Hcare Srv Rec NHS Trust-Prior Year,GENERAL RESERVE - PROGRAMME,EPSOM & ST HELIER UNIVERSITY HOSPITALS NHS TRUST,22647420,"66,972.95 "
,,,,,,22647420 Total,"66,972.95 "
Department of Health,NHS Crawley CCG,6/30/2018,Hcare Srv Rec Fdtn Trust-CQUIN,ACUTE COMMISSIONING,ROYAL SURREY COUNTY HOSPITAL NHS FOUNDATION TRUST,22647442,"2,206.00 "
Department of Health,NHS Crawley CCG,6/30/2018,Hcare Srv Rec Fdtn Trust-Contract Baseline,ACUTE COMMISSIONING,ROYAL SURREY COUNTY HOSPITAL NHS FOUNDATION TRUST,22647442,"46,717.00 "
,,,,,,22647442 Total,"48,923.00 "
Department of Health,NHS Crawley CCG,6/30/2018,Hcare Srv Rec Fdtn Trust-Contract Baseline,ACUTE COMMISSIONING,ST GEORGES UNIVERSITY HOSPITALS NHS FOUNDATION TRUST,22686701,"163,501.21 "
,,,,,,22686701 Total,"163,501.21 "
Department of Health,NHS Crawley CCG,6/30/2018,Hcare Srv Rec Fdtn Trust-Contract Baseline,ACUTE COMMISSIONING,GUYS & ST THOMAS HOSPITAL NHS FOUNDATION TRUST,22730878,"131,694.00 "
,,,,,,22730878 Total,"131,694.00 "
Department of Health,NHS Crawley CCG,6/30/2018,Hcare Srv Rec NHS Trust-CQUIN,ACUTE COMMISSIONING,BRIGHTON AND SUSSEX UNIVERSITY HOSPITALS NHS TRUST,22768047,"5,877.00 "
Department of Health,NHS Crawley CCG,6/30/2018,Hcare Srv Rec NHS Trust-Contract Baseline,ACUTE COMMISSIONING,BRIGHTON AND SUSSEX UNIVERSITY HOSPITALS NHS TRUST,22768047,"259,013.00 "
,,,,,,22768047 Total,"264,890.00 "
Department of Health,NHS Crawley CCG,6/30/2018,Cont Care-CCG,CHC ADULT FULLY FUNDED,NHS COASTAL WEST SUSSEX CCG,22768048,"910,000.00 "
,,,,,,22768048 Total,"910,000.00 "
Department of Health,NHS Crawley CCG,6/30/2018,Clinical&Medical-Commercial Sector,PLANNED CARE,NHS HORSHAM AND MID SUSSEX CCG,22768049,"576,590.01 "
,,,,,,22768049 Total,"576,590.01 "
Department of Health,NHS Crawley CCG,6/30/2018,Healthcare Srv Rec CCG,MENTAL HEALTH CONTRACTS,NHS HORSHAM AND MID SUSSEX CCG,22768050,"1,441,034.00 "
,,,,,,22768050 Total,"1,441,034.00 "
Department of Health,NHS Crawley CCG,6/30/2018,Clinical&Medical-Commercial Sector,PLANNED CARE,HEALOGICS WOUND HEALING CENTRES,22810333,"28,706.00 "
,,,,,,22810333 Total,"28,706.00 "
Department of Health,NHS Crawley CCG,6/30/2018,Clinical&Medical-Commercial Sector,PLANNED CARE,SUSSEX COMMUNITY DERMATOLOGY SERVICE,22810385,"29,921.00 "
,,,,,,22810385 Total,"29,921.00 "
Department of Health,NHS Crawley CCG,6/30/2018,Clinical&Medical-Independent Sector - Prior Year,GENERAL RESERVE - PROGRAMME,NHS PROPERTY SERVICES LTD,22841331,"70,019.75 "
,,,,,,22841331 Total,"70,019.75 "
Department of Health,NHS Crawley CCG,6/30/2018,Clinical&Medical-Independent Sector - Prior Year,GENERAL RESERVE - PROGRAMME,NHS PROPERTY SERVICES LTD,22841342,"70,019.75 "
,,,,,,22841342 Total,"70,019.75 "
Department of Health,NHS Crawley CCG,6/30/2018,Clinical&Medical-Independent Sector - Prior Year,GENERAL RESERVE - PROGRAMME,NHS PROPERTY SERVICES LTD,22841343,"70,019.75 "
,,,,,,22841343 Total,"70,019.75 "
Department of Health,NHS Crawley CCG,6/30/2018,Clinical&Medical-Independent Sector - Prior Year,GENERAL RESERVE - PROGRAMME,NHS PROPERTY SERVICES LTD,22841345,"296,491.65 "
,,,,,,22841345 Total,"296,491.65 "
Department of Health,NHS Crawley CCG,6/30/2018,Clinical&Medical-Independent Sector - Prior Year,GENERAL RESERVE - PROGRAMME,NHS PROPERTY SERVICES LTD,22841348,"98,830.55 "
,,,,,,22841348 Total,"98,830.55 "
Department of Health,NHS Crawley CCG,6/30/2018,Clinical&Medical-Independent Sector - Prior Year,GENERAL RESERVE - PROGRAMME,NHS PROPERTY SERVICES LTD,22841350,"70,019.75 "
,,,,,,22841350 Total,"70,019.75 "
Department of Health,NHS Crawley CCG,6/30/2018,Clinical&Medical-Independent Sector - Prior Year,GENERAL RESERVE - PROGRAMME,NHS PROPERTY SERVICES LTD,22841354,"84,987.03 "
,,,,,,22841354 Total,"84,987.03 "
Department of Health,NHS Crawley CCG,6/30/2018,Rent,ESTATES AND FACILITIES,NHS PROPERTY SERVICES LTD,22841374,"98,830.55 "
,,,,,,22841374 Total,"98,830.55 "
Department of Health,NHS Crawley CCG,6/30/2018,Rent,ESTATES AND FACILITIES,NHS PROPERTY SERVICES LTD,22841379,"58,336.72 "
,,,,,,22841379 Total,"58,336.72 "
Department of Health,NHS Crawley CCG,6/30/2018,Rent,ESTATES AND FACILITIES,NHS PROPERTY SERVICES LTD,22841382,"28,474.38 "
,,,,,,22841382 Total,"28,474.38 "
,,,,,,Grand Total,"12,329,028.76 "
