Department family,Entity,Date,Expense Type,Expense area,Supplier,Transaction number,AP Amount (�)
Department of Health,NHS Crawley CCG,8/31/2018,Hcare Srv Rec NHS Trust-Non Contract,NCAS/OATS,SURREY AND SUSSEX HEALTHCARE NHS TRUST,23293083,"67,832.63 "
,,,,,,23293083 Total,"67,832.63 "
Department of Health,NHS Crawley CCG,8/31/2018,Hcare Srv Rec NHS Trust-Non Contract,NCAS/OATS,SURREY AND SUSSEX HEALTHCARE NHS TRUST,23293093,"37,690.88 "
,,,,,,23293093 Total,"37,690.88 "
Department of Health,NHS Crawley CCG,8/31/2018,Hcare Srv Rec NHS Trust-Non Contract,NCAS/OATS,SURREY AND SUSSEX HEALTHCARE NHS TRUST,23293129,"(67,832.63)"
,,,,,,23293129 Total,"(67,832.63)"
Department of Health,NHS Crawley CCG,8/31/2018,Hcare Srv Rec NHS Trust-Non Contract,NCAS/OATS,SURREY AND SUSSEX HEALTHCARE NHS TRUST,23293141,"(37,690.88)"
,,,,,,23293141 Total,"(37,690.88)"
Department of Health,NHS Crawley CCG,8/31/2018,Clinical&Medical-Commercial Sector,COMMISSIONING SCHEMES,LEACROFT PRACTICE,23304285,"31,166.00 "
,,,,,,23304285 Total,"31,166.00 "
Department of Health,NHS Crawley CCG,8/31/2018,Hcare Srv Rec NHS Trust-Non Contract,NCAS/OATS,SURREY AND SUSSEX HEALTHCARE NHS TRUST,23327121,"40,484.75 "
,,,,,,23327121 Total,"40,484.75 "
Department of Health,NHS Crawley CCG,8/31/2018,Hcare Srv Rec Fdtn Trust-Contract Baseline,ACUTE COMMISSIONING,UNIVERSITY COLLEGE LONDON HOSPITALS NHS FOUNDATION TRUST,23327200,"53,314.00 "
,,,,,,23327200 Total,"53,314.00 "
Department of Health,NHS Crawley CCG,8/31/2018,Hcare Srv Rec Fdtn Trust-CQUIN,ACUTE COMMISSIONING,WESTERN SUSSEX HOSPITALS NHS FOUNDATION TRUST,23327203,482.00 
Department of Health,NHS Crawley CCG,8/31/2018,Hcare Srv Rec Fdtn Trust-Contract Baseline,ACUTE COMMISSIONING,WESTERN SUSSEX HOSPITALS NHS FOUNDATION TRUST,23327203,"38,544.00 "
,,,,,,23327203 Total,"39,026.00 "
Department of Health,NHS Crawley CCG,8/31/2018,Hcare Srv Rec Fdtn Trust-CQUIN,ACUTE COMMISSIONING,ROYAL SURREY COUNTY HOSPITAL NHS FOUNDATION TRUST,23327206,"3,653.00 "
Department of Health,NHS Crawley CCG,8/31/2018,Hcare Srv Rec Fdtn Trust-Contract Baseline,ACUTE COMMISSIONING,ROYAL SURREY COUNTY HOSPITAL NHS FOUNDATION TRUST,23327206,"189,737.00 "
,,,,,,23327206 Total,"193,390.00 "
Department of Health,NHS Crawley CCG,8/31/2018,Hcare Srv Rec NHS Trust-CQUIN,ACUTE COMMISSIONING,BRIGHTON AND SUSSEX UNIVERSITY HOSPITALS NHS TRUST,23410821,"5,877.00 "
Department of Health,NHS Crawley CCG,8/31/2018,Hcare Srv Rec NHS Trust-Contract Baseline,ACUTE COMMISSIONING,BRIGHTON AND SUSSEX UNIVERSITY HOSPITALS NHS TRUST,23410821,"256,531.00 "
,,,,,,23410821 Total,"262,408.00 "
Department of Health,NHS Crawley CCG,8/31/2018,Hlthcre-Foundation Trsts,PATIENT TRANSPORT,NHS HIGH WEALD LEWES HAVENS CCG,23410827,"282,092.00 "
,,,,,,23410827 Total,"282,092.00 "
Department of Health,NHS Crawley CCG,8/31/2018,Hcare Srv Rec Fdtn Trust-Contract Baseline,COMMUNITY SERVICES,SUSSEX COMMUNITY NHS FOUNDATION TRUST,23410831,"1,270,023.00 "
,,,,,,23410831 Total,"1,270,023.00 "
Department of Health,NHS Crawley CCG,8/31/2018,Hcare Srv Rec Fdtn Trust-Contract Baseline,AMBULANCE SERVICES,SOUTH EAST COAST AMBULANCE SERVICE NHS FOUNDATION TRUST,23410834,"429,508.96 "
,,,,,,23410834 Total,"429,508.96 "
Department of Health,NHS Crawley CCG,8/31/2018,Hcare Srv Rec NHS Trust-Contract Baseline,ACUTE COMMISSIONING,SURREY AND SUSSEX HEALTHCARE NHS TRUST,23410839,"5,441,161.00 "
,,,,,,23410839 Total,"5,441,161.00 "
Department of Health,NHS Crawley CCG,8/31/2018,Healthcare Srv Rec CCG,MENTAL HEALTH CONTRACTS,NHS HORSHAM AND MID SUSSEX CCG,23462875,"1,441,034.00 "
,,,,,,23462875 Total,"1,441,034.00 "
Department of Health,NHS Crawley CCG,8/31/2018,Clinical&Medical-Commercial Sector,PLANNED CARE,NHS HORSHAM AND MID SUSSEX CCG,23462883,"576,509.01 "
,,,,,,23462883 Total,"576,509.01 "
Department of Health,NHS Crawley CCG,8/31/2018,Basic Sal-Rechgs to-from Other NHS,CONTINUING HEALTHCARE ASSESSMENT & SUPPORT,NHS COASTAL WEST SUSSEX CCG,23487629,"44,743.74 "
Department of Health,NHS Crawley CCG,8/31/2018,Cont Care- Adult 100% Fully Funded,CHC AD FULL FUND PERS HLTH BUD,NHS COASTAL WEST SUSSEX CCG,23487629,"65,497.14 "
Department of Health,NHS Crawley CCG,8/31/2018,Cont Care- Adult 100% Fully Funded,CHC ADULT FULLY FUNDED,NHS COASTAL WEST SUSSEX CCG,23487629,"34,909.87 "
Department of Health,NHS Crawley CCG,8/31/2018,Cont Care- Adult Joint Funded,Adult Joint Funded Continuing Care Personal Health Budgets,NHS COASTAL WEST SUSSEX CCG,23487629,"1,463.15 "
Department of Health,NHS Crawley CCG,8/31/2018,Cont Care- Adult Joint Funded,CHC ADULT JOINT FUNDED,NHS COASTAL WEST SUSSEX CCG,23487629,"10,562.64 "
Department of Health,NHS Crawley CCG,8/31/2018,Cont Care- Children,CHC CHILD PERS HLTH BUD,NHS COASTAL WEST SUSSEX CCG,23487629,"1,586.96 "
Department of Health,NHS Crawley CCG,8/31/2018,Cont Care- Children,CHC CHILDREN,NHS COASTAL WEST SUSSEX CCG,23487629,"35,840.64 "
Department of Health,NHS Crawley CCG,8/31/2018,Cont Care- Palliative Care,CHC ADULT FULLY FUNDED,NHS COASTAL WEST SUSSEX CCG,23487629,"67,035.45 "
Department of Health,NHS Crawley CCG,8/31/2018,Cont Care-FNC Client Continence Allow,FUNDED NURSING CARE,NHS COASTAL WEST SUSSEX CCG,23487629,"9,867.23 "
Department of Health,NHS Crawley CCG,8/31/2018,Cont Care-Funded Nursing Care Allow,FUNDED NURSING CARE,NHS COASTAL WEST SUSSEX CCG,23487629,"325,651.33 "
Department of Health,NHS Crawley CCG,8/31/2018,Cont Care-Learning Disab(65+),CHC ADULT FULLY FUNDED,NHS COASTAL WEST SUSSEX CCG,23487629,"1,739.63 "
Department of Health,NHS Crawley CCG,8/31/2018,Cont Care-Physical Disab (65+),CHC ADULT FULLY FUNDED,NHS COASTAL WEST SUSSEX CCG,23487629,"194,582.09 "
Department of Health,NHS Crawley CCG,8/31/2018,Cont Care-Physical Disab (<65),CHC ADULT FULLY FUNDED,NHS COASTAL WEST SUSSEX CCG,23487629,"111,188.36 "
Department of Health,NHS Crawley CCG,8/31/2018,Recharge : Received,CONTINUING HEALTHCARE ASSESSMENT & SUPPORT,NHS COASTAL WEST SUSSEX CCG,23487629,"5,331.77 "
,,,,,,23487629 Total,"910,000.00 "
Department of Health,NHS Crawley CCG,8/31/2018,Hcare Srv Rec NHS Trust-Prior Year,GENERAL RESERVE - PROGRAMME,EPSOM & ST HELIER UNIVERSITY HOSPITALS NHS TRUST,23488057,"75,588.20 "
,,,,,,23488057 Total,"75,588.20 "
Department of Health,NHS Crawley CCG,8/31/2018,Hcare Srv Rec Fdtn Trust-Over/ Under Performance,ACUTE COMMISSIONING,ROYAL MARSDEN NHS FOUNDATION TRUST (THE),23488090,"33,308.00 "
,,,,,,23488090 Total,"33,308.00 "
Department of Health,NHS Crawley CCG,8/31/2018,Hcare Srv Rec NHS Trust-Prior Year,GENERAL RESERVE - PROGRAMME,SURREY AND SUSSEX HEALTHCARE NHS TRUST,23488093,"37,038.57 "
,,,,,,23488093 Total,"37,038.57 "
Department of Health,NHS Crawley CCG,8/31/2018,Hcare Srv Rec NHS Trust-Prior Year,GENERAL RESERVE - PROGRAMME,SURREY AND SUSSEX HEALTHCARE NHS TRUST,23488123,"69,402.27 "
,,,,,,23488123 Total,"69,402.27 "
Department of Health,NHS Crawley CCG,8/31/2018,Charges from CSU,CORPORATE COSTS & SERVICES,NHS SOUTH CENTRAL AND WEST COMMISSIONING SUPPORT UNIT,23488177,"50,243.18 "
,,,,,,23488177 Total,"50,243.18 "
Department of Health,NHS Crawley CCG,8/31/2018,Hcare Srv Rec Fdtn Trust-Contract Baseline,ACUTE COMMISSIONING,QUEEN VICTORIA HOSPITAL NHS FOUNDATION TRUST,23488197,"161,572.00 "
,,,,,,23488197 Total,"161,572.00 "
Department of Health,NHS Crawley CCG,8/31/2018,Hcare Srv Rec Fdtn Trust-Contract Baseline,ACUTE COMMISSIONING,ROYAL BROMPTON & HAREFIELD NHS FOUNDATION TRUST,23488209,"54,817.47 "
,,,,,,23488209 Total,"54,817.47 "
Department of Health,NHS Crawley CCG,8/31/2018,Hcare Srv Rec NHS Trust-Non Contract,NCAS/OATS,SURREY AND SUSSEX HEALTHCARE NHS TRUST,23488227,"43,896.68 "
,,,,,,23488227 Total,"43,896.68 "
Department of Health,NHS Crawley CCG,8/31/2018,Clinical&Medical-Commercial Sector,NCAS/OATS,DORKING HEALTHCARE LTD,23488231,"14,594.11 "
Department of Health,NHS Crawley CCG,8/31/2018,Clinical&Medical-Independent Sector - Contract Baseline,PLANNED CARE,DORKING HEALTHCARE LTD,23488231,"13,087.10 "
,,,,,,23488231 Total,"27,681.21 "
Department of Health,NHS Crawley CCG,8/31/2018,Programme Support Costs,GP FORWARD VIEW,ALLIANCE FOR BETTER CARE LTD,23488248,"28,800.00 "
,,,,,,23488248 Total,"28,800.00 "
Department of Health,NHS Crawley CCG,8/31/2018,Prescribing Incentives,PRESCRIBING,AMCARE LTD,23497670,"27,598.43 "
,,,,,,23497670 Total,"27,598.43 "
Department of Health,NHS Crawley CCG,8/31/2018,Hcare Srv Rec Fdtn Trust-Contract Baseline,NHS 111,SOUTH EAST COAST AMBULANCE SERVICE NHS FOUNDATION TRUST,23587095,"36,039.08 "
,,,,,,23587095 Total,"36,039.08 "
Department of Health,NHS Crawley CCG,8/31/2018,Hcare Srv Rec Fdtn Trust-Contract Baseline,ACUTE COMMISSIONING,GUYS & ST THOMAS HOSPITAL NHS FOUNDATION TRUST,23587104,"131,694.00 "
,,,,,,23587104 Total,"131,694.00 "
Department of Health,NHS Crawley CCG,8/31/2018,Hcare Srv Rec Fdtn Trust-Contract Baseline,ACUTE COMMISSIONING,ST GEORGES UNIVERSITY HOSPITALS NHS FOUNDATION TRUST,23587106,"148,074.05 "
,,,,,,23587106 Total,"148,074.05 "
Department of Health,NHS Crawley CCG,8/31/2018,Hcare Srv Rec Fdtn Trust-Prior Year,GENERAL RESERVE - PROGRAMME,ROYAL SURREY COUNTY HOSPITAL NHS FOUNDATION TRUST,23617762,"25,225.00 "
,,,,,,23617762 Total,"25,225.00 "
Department of Health,NHS Crawley CCG,8/31/2018,Prescribing Incentives,PRESCRIBING,AMCARE LTD,23617788,"28,161.14 "
,,,,,,23617788 Total,"28,161.14 "
Department of Health,NHS Crawley CCG,8/31/2018,Hcare Srv Rec NHS Trust-CQUIN,ACUTE COMMISSIONING,BRIGHTON AND SUSSEX UNIVERSITY HOSPITALS NHS TRUST,23617813,"5,877.00 "
Department of Health,NHS Crawley CCG,8/31/2018,Hcare Srv Rec NHS Trust-Contract Baseline,ACUTE COMMISSIONING,BRIGHTON AND SUSSEX UNIVERSITY HOSPITALS NHS TRUST,23617813,"256,531.00 "
,,,,,,23617813 Total,"262,408.00 "
Department of Health,NHS Crawley CCG,8/31/2018,Hcare Srv Rec Fdtn Trust-Contract Baseline,ACUTE COMMISSIONING,UNIVERSITY COLLEGE LONDON HOSPITALS NHS FOUNDATION TRUST,23639246,"53,314.00 "
,,,,,,23639246 Total,"53,314.00 "
Department of Health,NHS Crawley CCG,8/31/2018,Hcare Srv Rec Fdtn Trust-Prior Year,GENERAL RESERVE - PROGRAMME,KING`S COLLEGE HOSPITAL NHS FOUNDATION TRUST,23704607,"(194,787.00)"
,,,,,,23704607 Total,"(194,787.00)"
,,,,,,Grand Total,"12,070,191.00 "
