Department family,Entity,Date,Expense Type,Expense area,Supplier,Transaction number,AP Amount (�)
Department of Health,NHS Crawley CCG,10/31/2018,Hcare Srv Rec NHS Trust-Over/ Under Performance,ACUTE COMMISSIONING,SURREY AND SUSSEX HEALTHCARE NHS TRUST,24089314,"235,624.00 "
,,,,,,24089314 Total,"235,624.00 "
Department of Health,NHS Crawley CCG,10/31/2018,Hcare Srv Rec NHS Trust-Over/ Under Performance,ACUTE COMMISSIONING,SURREY AND SUSSEX HEALTHCARE NHS TRUST,24089320,"63,497.00 "
,,,,,,24089320 Total,"63,497.00 "
Department of Health,NHS Crawley CCG,10/31/2018,Hcare Srv Rec NHS Trust-Over/ Under Performance,ACUTE COMMISSIONING,SURREY AND SUSSEX HEALTHCARE NHS TRUST,24089322,"139,378.00 "
,,,,,,24089322 Total,"139,378.00 "
Department of Health,NHS Crawley CCG,10/31/2018,Hcare Srv Rec Fdtn Trust-Contract Baseline,ACUTE COMMISSIONING,UNIVERSITY COLLEGE LONDON HOSPITALS NHS FOUNDATION TRUST,24089368,"53,314.00 "
,,,,,,24089368 Total,"53,314.00 "
Department of Health,NHS Crawley CCG,10/31/2018,Hcare Srv Rec NHS Trust-Over/ Under Performance,ACUTE COMMISSIONING,SURREY AND SUSSEX HEALTHCARE NHS TRUST,24089370,"(63,497.00)"
,,,,,,24089370 Total,"(63,497.00)"
Department of Health,NHS Crawley CCG,10/31/2018,Hcare Srv Rec NHS Trust-Over/ Under Performance,ACUTE COMMISSIONING,SURREY AND SUSSEX HEALTHCARE NHS TRUST,24089371,"(235,624.00)"
,,,,,,24089371 Total,"(235,624.00)"
Department of Health,NHS Crawley CCG,10/31/2018,Hcare Srv Rec NHS Trust-Over/ Under Performance,ACUTE COMMISSIONING,SURREY AND SUSSEX HEALTHCARE NHS TRUST,24089373,"(139,378.00)"
,,,,,,24089373 Total,"(139,378.00)"
Department of Health,NHS Crawley CCG,10/31/2018,Hcare Srv Rec NHS Trust-Over/ Under Performance,ACUTE COMMISSIONING,SURREY AND SUSSEX HEALTHCARE NHS TRUST,24108552,"291,915.00 "
,,,,,,24108552 Total,"291,915.00 "
Department of Health,NHS Crawley CCG,10/31/2018,Hcare Srv Rec NHS Trust-Over/ Under Performance,ACUTE COMMISSIONING,SURREY AND SUSSEX HEALTHCARE NHS TRUST,24108558,"(291,915.00)"
,,,,,,24108558 Total,"(291,915.00)"
Department of Health,NHS Crawley CCG,10/31/2018,Hcare Srv Rec NHS Trust-Contract Baseline,ACUTE COMMISSIONING,SURREY AND SUSSEX HEALTHCARE NHS TRUST,24108830,"2,584,925.00 "
,,,,,,24108830 Total,"2,584,925.00 "
Department of Health,NHS Crawley CCG,10/31/2018,Clinical&Medical-Commercial Sector,MENTAL HEALTH CONTRACTS,NHS HORSHAM AND MID SUSSEX CCG,24140015,"105,995.00 "
,,,,,,24140015 Total,"105,995.00 "
Department of Health,NHS Crawley CCG,10/31/2018,Hcare Srv Rec NHS Trust-Contract Baseline,ACUTE COMMISSIONING,LONDON NORTH WEST HEALTHCARE NHS TRUST,24140055,"51,506.00 "
,,,,,,24140055 Total,"51,506.00 "
Department of Health,NHS Crawley CCG,10/31/2018,Hcare Srv Rec Fdtn Trust-CQUIN,ACUTE COMMISSIONING,ROYAL SURREY COUNTY HOSPITAL NHS FOUNDATION TRUST,24156182,939.00 
Department of Health,NHS Crawley CCG,10/31/2018,Hcare Srv Rec Fdtn Trust-Contract Baseline,ACUTE COMMISSIONING,ROYAL SURREY COUNTY HOSPITAL NHS FOUNDATION TRUST,24156182,"75,321.00 "
,,,,,,24156182 Total,"76,260.00 "
Department of Health,NHS Crawley CCG,10/31/2018,Hcare Srv Rec Fdtn Trust-Contract Baseline,NHS 111,SOUTH EAST COAST AMBULANCE SERVICE NHS FOUNDATION TRUST,24156189,"42,047.08 "
,,,,,,24156189 Total,"42,047.08 "
Department of Health,NHS Crawley CCG,10/31/2018,Hcare Srv Rec Fdtn Trust-Contract Baseline,COMMUNITY SERVICES,SUSSEX COMMUNITY NHS FOUNDATION TRUST,24223178,"1,270,023.00 "
,,,,,,24223178 Total,"1,270,023.00 "
Department of Health,NHS Crawley CCG,10/31/2018,Hcare Srv Rec NHS Trust-Contract Baseline,ACUTE COMMISSIONING,SURREY AND SUSSEX HEALTHCARE NHS TRUST,24223183,"5,871,982.00 "
,,,,,,24223183 Total,"5,871,982.00 "
Department of Health,NHS Crawley CCG,10/31/2018,Hcare Srv Rec Fdtn Trust-Contract Baseline,AMBULANCE SERVICES,SOUTH EAST COAST AMBULANCE SERVICE NHS FOUNDATION TRUST,24223185,"429,508.96 "
,,,,,,24223185 Total,"429,508.96 "
Department of Health,NHS Crawley CCG,10/31/2018,Hcare Srv Rec NHS Trust-Non Contract,NCAS/OATS,EPSOM & ST HELIER UNIVERSITY HOSPITALS NHS TRUST,24252799,"58,000.49 "
,,,,,,24252799 Total,"58,000.49 "
Department of Health,NHS Crawley CCG,10/31/2018,Hcare Srv Rec Fdtn Trust-CQUIN,ACUTE COMMISSIONING,WESTERN SUSSEX HOSPITALS NHS FOUNDATION TRUST,24253991,482.00 
Department of Health,NHS Crawley CCG,10/31/2018,Hcare Srv Rec Fdtn Trust-Contract Baseline,ACUTE COMMISSIONING,WESTERN SUSSEX HOSPITALS NHS FOUNDATION TRUST,24253991,"38,544.00 "
,,,,,,24253991 Total,"39,026.00 "
Department of Health,NHS Crawley CCG,10/31/2018,Hcare Srv Rec Fdtn Trust-Contract Baseline,ACUTE COMMISSIONING,QUEEN VICTORIA HOSPITAL NHS FOUNDATION TRUST,24254008,"161,572.00 "
,,,,,,24254008 Total,"161,572.00 "
Department of Health,NHS Crawley CCG,10/31/2018,Charges from CSU,CORPORATE COSTS & SERVICES,NHS SOUTH CENTRAL AND WEST COMMISSIONING SUPPORT UNIT,24291983,"50,243.18 "
,,,,,,24291983 Total,"50,243.18 "
Department of Health,NHS Crawley CCG,10/31/2018,Hcare Srv Rec NHS Trust-Non Contract,GENERAL RESERVE - PROGRAMME,SURREY AND SUSSEX HEALTHCARE NHS TRUST,24322193,"45,564.05 "
,,,,,,24322193 Total,"45,564.05 "
Department of Health,NHS Crawley CCG,10/31/2018,Clinical&Medical-Commercial Sector,PLANNED CARE,NHS HORSHAM AND MID SUSSEX CCG,24339185,"574,194.71 "
,,,,,,24339185 Total,"574,194.71 "
Department of Health,NHS Crawley CCG,10/31/2018,Healthcare Srv Rec CCG,MENTAL HEALTH CONTRACTS,NHS HORSHAM AND MID SUSSEX CCG,24339188,"1,513,295.00 "
,,,,,,24339188 Total,"1,513,295.00 "
Department of Health,NHS Crawley CCG,10/31/2018,Healthcare Srv Rec CCG,MENTAL HEALTH CONTRACTS,NHS HORSHAM AND MID SUSSEX CCG,24339195,"433,564.00 "
,,,,,,24339195 Total,"433,564.00 "
Department of Health,NHS Crawley CCG,10/31/2018,Cont Care- Adult 100% Fully Funded,CHC ADULT FULLY FUNDED,NHS COASTAL WEST SUSSEX CCG,24339198,"388,659.00 "
,,,,,,24339198 Total,"388,659.00 "
Department of Health,NHS Crawley CCG,10/31/2018,Hcare Srv Rec NHS Trust-CQUIN,ACUTE COMMISSIONING,BRIGHTON AND SUSSEX UNIVERSITY HOSPITALS NHS TRUST,24339217,"5,877.00 "
Department of Health,NHS Crawley CCG,10/31/2018,Hcare Srv Rec NHS Trust-Contract Baseline,ACUTE COMMISSIONING,BRIGHTON AND SUSSEX UNIVERSITY HOSPITALS NHS TRUST,24339217,"256,531.00 "
,,,,,,24339217 Total,"262,408.00 "
Department of Health,NHS Crawley CCG,10/31/2018,Clinical&Medical-Commercial Sector,OUT OF HOURS,NHS HORSHAM AND MID SUSSEX CCG,24404167,"192,985.50 "
,,,,,,24404167 Total,"192,985.50 "
Department of Health,NHS Crawley CCG,10/31/2018,Hlthcre-Foundation Trsts,Winter Resilience,SUSSEX COMMUNITY NHS FOUNDATION TRUST,24404173,"38,908.00 "
,,,,,,24404173 Total,"38,908.00 "
Department of Health,NHS Crawley CCG,10/31/2018,Clinical&Medical-Commercial Sector,OUT OF HOURS,NHS HORSHAM AND MID SUSSEX CCG,24404176,"190,316.87 "
,,,,,,24404176 Total,"190,316.87 "
Department of Health,NHS Crawley CCG,10/31/2018,Hlthcre-Foundation Trsts,Winter Resilience,SUSSEX COMMUNITY NHS FOUNDATION TRUST,24404180,"38,908.00 "
,,,,,,24404180 Total,"38,908.00 "
Department of Health,NHS Crawley CCG,10/31/2018,Clinical&Medical-Commercial Sector,OUT OF HOURS,NHS HORSHAM AND MID SUSSEX CCG,24404207,"189,738.75 "
,,,,,,24404207 Total,"189,738.75 "
Department of Health,NHS Crawley CCG,10/31/2018,Hcare Srv Rec NHS Trust-Non Contract,NCAS/OATS,EPSOM & ST HELIER UNIVERSITY HOSPITALS NHS TRUST,24444162,"58,177.53 "
,,,,,,24444162 Total,"58,177.53 "
Department of Health,NHS Crawley CCG,10/31/2018,Hcare Srv Rec Fdtn Trust-Contract Baseline,ACUTE COMMISSIONING,ST GEORGES UNIVERSITY HOSPITALS NHS FOUNDATION TRUST,24444183,"148,074.05 "
,,,,,,24444183 Total,"148,074.05 "
Department of Health,NHS Crawley CCG,10/31/2018,Hcare Srv Rec Fdtn Trust-Contract Baseline,ACUTE COMMISSIONING,GUYS & ST THOMAS HOSPITAL NHS FOUNDATION TRUST,24482480,"131,694.00 "
,,,,,,24482480 Total,"131,694.00 "
Department of Health,NHS Crawley CCG,10/31/2018,Prescribing Incentives,PRESCRIBING,AMCARE LTD,24504631,"25,864.48 "
,,,,,,24504631 Total,"25,864.48 "
Department of Health,NHS Crawley CCG,10/31/2018,Hcare Srv Rec NHS Trust-Non Contract,NCAS/OATS,SURREY AND SUSSEX HEALTHCARE NHS TRUST,24536563,"33,915.91 "
,,,,,,24536563 Total,"33,915.91 "
,,,,,,Grand Total,"15,060,670.56 "
