A3131 - Expenditure Over Threshold,,,,,,,,,
,,,,,,,,,
,,,,,,,,,
,,,,,,,,,
Note : This Report has a prompt ?Threshold Amount? which is mapped to AP Invoice Total Amount i.e. Invoice Header Amount (column Threshold Amount is not available in the report output). The AP Amount column on the report represents the invoice distribution amount (which is not Invoice header amount).,,,,,,,,,
Time run: 06/06/2018 09:00:51,,,,,,,,,
,,,,,,,,,
Department family,Entity,Date,Expense Type,Expense area,Supplier,Transaction number,AP Amount (�),VAT registration number,Purchase invoice number
Department of Health,NHS Swindon CCG,31/05/2018,Social Care-Res Long Stay Exp,MENTAL HEALTH CONTRACTS,COMMUNITY THERAPEUTIC SERVICES LTD,22001875,"25,617.07 ",,CTS0001
Department of Health,NHS Swindon CCG,31/05/2018,Cont Care-Learning Disab(<65),CHC ADULT JOINT FUNDED,BEECHWOOD COURT LTD,22002128,"32,104.59 ",,10898
Department of Health,NHS Swindon CCG,31/05/2018,Hlthcre-Foundation Trsts,ACUTE COMMISSIONING,GREAT WESTERN HOSPITALS NHS FOUNDATION TRUST,22002225,"11,007,583.00 ",,16977323
Department of Health,NHS Swindon CCG,31/05/2018,Hcare Srv Rec NHS Trust-Non Contract,NCAS/OATS,LONDON NORTH WEST HEALTHCARE NHS TRUST,22035847,"30,634.00 ",,A0043328
Department of Health,NHS Swindon CCG,31/05/2018,Hcare Srv Rec Fdtn Trust-Non Contract,NCAS/OATS,SALISBURY NHS FOUNDATION TRUST,22035924,"231,000.00 ",,H039939
Department of Health,NHS Swindon CCG,31/05/2018,Hlthcre-Foundation Trsts,COMMUNITY SERVICES,GREAT WESTERN HOSPITALS NHS FOUNDATION TRUST,22036049,"50,904.77 ",,16977273
Department of Health,NHS Swindon CCG,31/05/2018,Hcare Srv Rec Fdtn Trust-CQUIN,COMMUNITY SERVICES,GREAT WESTERN HOSPITALS NHS FOUNDATION TRUST,22036052,"95,600.00 ",,16977274
Department of Health,NHS Swindon CCG,31/05/2018,C&M-GMS Global Sum,PRC DELEGATED CO-COMMISSIONING,DR P R MACK & PARTNERS,22036060,"40,000.00 ",,MAY18INV
Department of Health,NHS Swindon CCG,31/05/2018,Clinical&Medical-Commercial Sector,PRIMARY CARE INVESTMENTS,MEDVIVO GROUP LTD,22036064,"104,166.67 ",,0000012155
Department of Health,NHS Swindon CCG,31/05/2018,Clinical&Medical-Othe Public Sector,PROGRAMME PROJECTS,SWINDON BOROUGH COUNCIL,22036124,"87,000.00 ",,241629594
Department of Health,NHS Swindon CCG,31/05/2018,Hcare Srv Rec Fdtn Trust-Prior Year,COMMUNITY SERVICES,GREAT WESTERN HOSPITALS NHS FOUNDATION TRUST,22092472,"147,576.00 ",,16969677
Department of Health,NHS Swindon CCG,31/05/2018,Hcare Srv Rec Fdtn Trust-Prior Year,COMMUNITY SERVICES,GREAT WESTERN HOSPITALS NHS FOUNDATION TRUST,22092493,"42,112.00 ",,16971386
Department of Health,NHS Swindon CCG,31/05/2018,Clinical&Medical-Commercial Sector,ACUTE COMMISSIONING,BMI HEALTHCARE COLLECTIONS,22092770,"(118,693.27)",,0000089859
Department of Health,NHS Swindon CCG,31/05/2018,Hcare Srv Rec NHS Trust,MENTAL HEALTH CONTRACTS,AVON AND WILTSHIRE MENTAL HEALTH PARTNERSHIP NHS TRUST,22093830,"1,163,230.75 ",,3014279
Department of Health,NHS Swindon CCG,31/05/2018,Hcare Srv Rec NHS Trust,IMPROVING ACCESS TO PSYCHOLOGICAL THERAPIES,AVON AND WILTSHIRE MENTAL HEALTH PARTNERSHIP NHS TRUST,22093841,"112,250.00 ",,3014281
Department of Health,NHS Swindon CCG,31/05/2018,Hcare Srv Rec NHS Trust,IMPROVING ACCESS TO PSYCHOLOGICAL THERAPIES,AVON AND WILTSHIRE MENTAL HEALTH PARTNERSHIP NHS TRUST,22093903,"(112,250.00)",,501264
Department of Health,NHS Swindon CCG,31/05/2018,Clinical&Medical-Clinical Other,NCAS/OATS,SWINDON BOROUGH COUNCIL,22093910,"29,240.00 ",,241625653
Department of Health,NHS Swindon CCG,31/05/2018,Hcare Srv Rec NHS Trust,MENTAL HEALTH CONTRACTS,AVON AND WILTSHIRE MENTAL HEALTH PARTNERSHIP NHS TRUST,22093917,"(1,163,230.75)",,501262
Department of Health,NHS Swindon CCG,31/05/2018,Hlthcre-Foundation Trsts,AMBULANCE SERVICES,SOUTH WESTERN AMBULANCE SERVICE NHS FOUNDATION TRUST,22093966,"571,148.00 ",,6296518
Department of Health,NHS Swindon CCG,31/05/2018,Hcare Srv Rec NHS Trust,MENTAL HEALTH CONTRACTS,AVON AND WILTSHIRE MENTAL HEALTH PARTNERSHIP NHS TRUST,22093974,"1,335,812.99 ",,3014370
Department of Health,NHS Swindon CCG,31/05/2018,Hcare Srv Rec NHS Trust,IMPROVING ACCESS TO PSYCHOLOGICAL THERAPIES,AVON AND WILTSHIRE MENTAL HEALTH PARTNERSHIP NHS TRUST,22093981,"115,847.66 ",,3014369
Department of Health,NHS Swindon CCG,31/05/2018,Computer Software/License,PRESCRIBING,FIRST DATABANK EUROPE LTD,22093987,"88,928.90 ",,7717
Department of Health,NHS Swindon CCG,31/05/2018,Hcare Srv Rec Fdtn Trust-Non Contract,CHILD AND ADOLESCENT MENTAL HEALTH,OXFORD HEALTH NHS FOUNDATION TRUST,22093998,"338,833.34 ",,A0109436
Department of Health,NHS Swindon CCG,31/05/2018,C&M-APMS Contract Value,PRC DELEGATED CO-COMMISSIONING,CARFAX HEALTH ENTERPRISE,22109089,"88,480.74 ",,WL000024480
Department of Health,NHS Swindon CCG,31/05/2018,C&M-APMS DES Extended Hours Access,PRC DELEGATED CO-COMMISSIONING,CARFAX HEALTH ENTERPRISE,22109089,"2,380.38 ",,WL000024480
Department of Health,NHS Swindon CCG,31/05/2018,C&M-APMS Prem Actual Rent,PRC DELEGATED CO-COMMISSIONING,CARFAX HEALTH ENTERPRISE,22109089,"3,093.67 ",,WL000024480
Department of Health,NHS Swindon CCG,31/05/2018,C&M-PMS QOF Achievement,PRC DELEGATED CO-COMMISSIONING,CARFAX HEALTH ENTERPRISE,22109089,"37,159.54 ",,WL000024480
Department of Health,NHS Swindon CCG,31/05/2018,C&M-PMS QOF Aspiration,PRC DELEGATED CO-COMMISSIONING,CARFAX HEALTH ENTERPRISE,22109089,"6,832.53 ",,WL000024480
Department of Health,NHS Swindon CCG,31/05/2018,C&M-PMS Baseline Adjustment,PRC DELEGATED CO-COMMISSIONING,DR A DWIVEDI & PARTNERS,22109091,242.24 ,,WL000024482
Department of Health,NHS Swindon CCG,31/05/2018,C&M-PMS Contract Value,PRC DELEGATED CO-COMMISSIONING,DR A DWIVEDI & PARTNERS,22109091,"60,426.03 ",,WL000024482
Department of Health,NHS Swindon CCG,31/05/2018,C&M-PMS DES Learn Dsblty Hlth Chk,PRC DELEGATED CO-COMMISSIONING,DR A DWIVEDI & PARTNERS,22109091,140.00 ,,WL000024482
Department of Health,NHS Swindon CCG,31/05/2018,C&M-PMS Funding Differential Review,PRC DELEGATED CO-COMMISSIONING,DR A DWIVEDI & PARTNERS,22109091,"5,071.49 ",,WL000024482
Department of Health,NHS Swindon CCG,31/05/2018,C&M-PMS List Size Adjustment,PRC DELEGATED CO-COMMISSIONING,DR A DWIVEDI & PARTNERS,22109091,304.60 ,,WL000024482
Department of Health,NHS Swindon CCG,31/05/2018,C&M-PMS Prem Actual Rent,PRC DELEGATED CO-COMMISSIONING,DR A DWIVEDI & PARTNERS,22109091,"12,168.95 ",,WL000024482
Department of Health,NHS Swindon CCG,31/05/2018,C&M-PMS Prem Notional Rent,PRC DELEGATED CO-COMMISSIONING,DR A DWIVEDI & PARTNERS,22109091,"21,997.53 ",,WL000024482
Department of Health,NHS Swindon CCG,31/05/2018,C&M-PMS Prem Rates,PRC DELEGATED CO-COMMISSIONING,DR A DWIVEDI & PARTNERS,22109091,"13,799.30 ",,WL000024482
Department of Health,NHS Swindon CCG,31/05/2018,C&M-PMS Prem Water Rates,PRC DELEGATED CO-COMMISSIONING,DR A DWIVEDI & PARTNERS,22109091,981.18 ,,WL000024482
Department of Health,NHS Swindon CCG,31/05/2018,C&M-PMS Prof fees Prescribing,PRC DELEGATED CO-COMMISSIONING,DR A DWIVEDI & PARTNERS,22109091,383.92 ,,WL000024482
Department of Health,NHS Swindon CCG,31/05/2018,C&M-PMS QOF Achievement,PRC DELEGATED CO-COMMISSIONING,DR A DWIVEDI & PARTNERS,22109091,"30,313.52 ",,WL000024482
Department of Health,NHS Swindon CCG,31/05/2018,C&M-PMS QOF Aspiration,PRC DELEGATED CO-COMMISSIONING,DR A DWIVEDI & PARTNERS,22109091,"6,313.68 ",,WL000024482
Department of Health,NHS Swindon CCG,31/05/2018,C&M-PMS Baseline Adjustment,PRC DELEGATED CO-COMMISSIONING,DR A NEWELL & PARTNERS,22109093,193.37 ,,WL000024484
Department of Health,NHS Swindon CCG,31/05/2018,C&M-PMS Contract Value,PRC DELEGATED CO-COMMISSIONING,DR A NEWELL & PARTNERS,22109093,"64,987.49 ",,WL000024484
Department of Health,NHS Swindon CCG,31/05/2018,C&M-PMS DES Extended Hours Access,PRC DELEGATED CO-COMMISSIONING,DR A NEWELL & PARTNERS,22109093,"1,360.72 ",,WL000024484
Department of Health,NHS Swindon CCG,31/05/2018,C&M-PMS DES Learn Dsblty Hlth Chk,PRC DELEGATED CO-COMMISSIONING,DR A NEWELL & PARTNERS,22109093,"1,260.00 ",,WL000024484
Department of Health,NHS Swindon CCG,31/05/2018,C&M-PMS Funding Differential Review,PRC DELEGATED CO-COMMISSIONING,DR A NEWELL & PARTNERS,22109093,"1,045.06 ",,WL000024484
Department of Health,NHS Swindon CCG,31/05/2018,C&M-PMS List Size Adjustment,PRC DELEGATED CO-COMMISSIONING,DR A NEWELL & PARTNERS,22109093,870.43 ,,WL000024484
Department of Health,NHS Swindon CCG,31/05/2018,C&M-PMS Prem Actual Rent,PRC DELEGATED CO-COMMISSIONING,DR A NEWELL & PARTNERS,22109093,"11,950.80 ",,WL000024484
Department of Health,NHS Swindon CCG,31/05/2018,C&M-PMS Prof fees Prescribing,PRC DELEGATED CO-COMMISSIONING,DR A NEWELL & PARTNERS,22109093,477.33 ,,WL000024484
Department of Health,NHS Swindon CCG,31/05/2018,C&M-PMS QOF Achievement,PRC DELEGATED CO-COMMISSIONING,DR A NEWELL & PARTNERS,22109093,"32,933.10 ",,WL000024484
Department of Health,NHS Swindon CCG,31/05/2018,C&M-PMS QOF Aspiration,PRC DELEGATED CO-COMMISSIONING,DR A NEWELL & PARTNERS,22109093,"7,495.99 ",,WL000024484
Department of Health,NHS Swindon CCG,31/05/2018,C&M-APMS Contract Value,PRC DELEGATED CO-COMMISSIONING,DR J MORRIS & PARTNER,22109095,"85,889.56 ",,WL000024486
Department of Health,NHS Swindon CCG,31/05/2018,C&M-APMS PCO Locum Adop/Pat/Mat,PRC DELEGATED CO-COMMISSIONING,DR J MORRIS & PARTNER,22109095,"16,474.71 ",,WL000024486
Department of Health,NHS Swindon CCG,31/05/2018,C&M-APMS Prem Rates,PRC DELEGATED CO-COMMISSIONING,DR J MORRIS & PARTNER,22109095,"13,856.40 ",,WL000024486
Department of Health,NHS Swindon CCG,31/05/2018,C&M-APMS Prem Water Rates,PRC DELEGATED CO-COMMISSIONING,DR J MORRIS & PARTNER,22109095,650.12 ,,WL000024486
Department of Health,NHS Swindon CCG,31/05/2018,C&M-APMS Prof Fees Prescribing,PRC DELEGATED CO-COMMISSIONING,DR J MORRIS & PARTNER,22109095,470.81 ,,WL000024486
Department of Health,NHS Swindon CCG,31/05/2018,C&M-PMS QOF Achievement,PRC DELEGATED CO-COMMISSIONING,DR J MORRIS & PARTNER,22109095,"22,893.43 ",,WL000024486
Department of Health,NHS Swindon CCG,31/05/2018,C&M-PMS QOF Aspiration,PRC DELEGATED CO-COMMISSIONING,DR J MORRIS & PARTNER,22109095,"4,202.12 ",,WL000024486
Department of Health,NHS Swindon CCG,31/05/2018,C&M-PMS Baseline Adjustment,PRC DELEGATED CO-COMMISSIONING,DR MACINTYRE & PARTNERS,22109097,225.74 ,,WL000024488
Department of Health,NHS Swindon CCG,31/05/2018,C&M-PMS Contract Value,PRC DELEGATED CO-COMMISSIONING,DR MACINTYRE & PARTNERS,22109097,"69,059.87 ",,WL000024488
Department of Health,NHS Swindon CCG,31/05/2018,C&M-PMS DES Extended Hours Access,PRC DELEGATED CO-COMMISSIONING,DR MACINTYRE & PARTNERS,22109097,"1,588.56 ",,WL000024488
Department of Health,NHS Swindon CCG,31/05/2018,C&M-PMS DES Learn Dsblty Hlth Chk,PRC DELEGATED CO-COMMISSIONING,DR MACINTYRE & PARTNERS,22109097,280.00 ,,WL000024488
Department of Health,NHS Swindon CCG,31/05/2018,C&M-PMS Funding Differential Review,PRC DELEGATED CO-COMMISSIONING,DR MACINTYRE & PARTNERS,22109097,776.81 ,,WL000024488
Department of Health,NHS Swindon CCG,31/05/2018,C&M-PMS List Size Adjustment,PRC DELEGATED CO-COMMISSIONING,DR MACINTYRE & PARTNERS,22109097,"9,494.07 ",,WL000024488
Department of Health,NHS Swindon CCG,31/05/2018,C&M-PMS Prem Actual Rent,PRC DELEGATED CO-COMMISSIONING,DR MACINTYRE & PARTNERS,22109097,"1,842.54 ",,WL000024488
Department of Health,NHS Swindon CCG,31/05/2018,C&M-PMS Prof fees Prescribing,PRC DELEGATED CO-COMMISSIONING,DR MACINTYRE & PARTNERS,22109097,785.42 ,,WL000024488
Department of Health,NHS Swindon CCG,31/05/2018,C&M-PMS QOF Achievement,PRC DELEGATED CO-COMMISSIONING,DR MACINTYRE & PARTNERS,22109097,"32,405.06 ",,WL000024488
Department of Health,NHS Swindon CCG,31/05/2018,C&M-PMS QOF Aspiration,PRC DELEGATED CO-COMMISSIONING,DR MACINTYRE & PARTNERS,22109097,"7,272.99 ",,WL000024488
Department of Health,NHS Swindon CCG,31/05/2018,C&M-PMS Baseline Adjustment,PRC DELEGATED CO-COMMISSIONING,DR S C HICKS & PARTNERS,22109099,378.54 ,,WL000024490
Department of Health,NHS Swindon CCG,31/05/2018,C&M-PMS Contract Value,PRC DELEGATED CO-COMMISSIONING,DR S C HICKS & PARTNERS,22109099,"101,326.40 ",,WL000024490
Department of Health,NHS Swindon CCG,31/05/2018,C&M-PMS DES Extended Hours Access,PRC DELEGATED CO-COMMISSIONING,DR S C HICKS & PARTNERS,22109099,"2,663.80 ",,WL000024490
Department of Health,NHS Swindon CCG,31/05/2018,C&M-PMS DES Learn Dsblty Hlth Chk,PRC DELEGATED CO-COMMISSIONING,DR S C HICKS & PARTNERS,22109099,"4,760.00 ",,WL000024490
Department of Health,NHS Swindon CCG,31/05/2018,C&M-PMS Funding Differential Review,PRC DELEGATED CO-COMMISSIONING,DR S C HICKS & PARTNERS,22109099,"8,701.15 ",,WL000024490
Department of Health,NHS Swindon CCG,31/05/2018,C&M-PMS List Size Adjustment,PRC DELEGATED CO-COMMISSIONING,DR S C HICKS & PARTNERS,22109099,"7,398.27 ",,WL000024490
Department of Health,NHS Swindon CCG,31/05/2018,C&M-PMS Prem Notional Rent,PRC DELEGATED CO-COMMISSIONING,DR S C HICKS & PARTNERS,22109099,"11,962.50 ",,WL000024490
Department of Health,NHS Swindon CCG,31/05/2018,C&M-PMS Prof fees Prescribing,PRC DELEGATED CO-COMMISSIONING,DR S C HICKS & PARTNERS,22109099,482.92 ,,WL000024490
Department of Health,NHS Swindon CCG,31/05/2018,C&M-PMS QOF Achievement,PRC DELEGATED CO-COMMISSIONING,DR S C HICKS & PARTNERS,22109099,"44,905.30 ",,WL000024490
Department of Health,NHS Swindon CCG,31/05/2018,C&M-PMS QOF Aspiration,PRC DELEGATED CO-COMMISSIONING,DR S C HICKS & PARTNERS,22109099,"11,322.41 ",,WL000024490
Department of Health,NHS Swindon CCG,31/05/2018,C&M-PMS Baseline Adjustment,PRC DELEGATED CO-COMMISSIONING,DR SRM BROOKE & PARTNERS,22109101,"7,759.11 ",,WL000024492
Department of Health,NHS Swindon CCG,31/05/2018,C&M-PMS Contract Value,PRC DELEGATED CO-COMMISSIONING,DR SRM BROOKE & PARTNERS,22109101,"65,945.67 ",,WL000024492
Department of Health,NHS Swindon CCG,31/05/2018,C&M-PMS DES Extended Hours Access,PRC DELEGATED CO-COMMISSIONING,DR SRM BROOKE & PARTNERS,22109101,"1,561.33 ",,WL000024492
Department of Health,NHS Swindon CCG,31/05/2018,C&M-PMS DES Learn Dsblty Hlth Chk,PRC DELEGATED CO-COMMISSIONING,DR SRM BROOKE & PARTNERS,22109101,"1,120.00 ",,WL000024492
Department of Health,NHS Swindon CCG,31/05/2018,C&M-PMS Funding Differential Review,PRC DELEGATED CO-COMMISSIONING,DR SRM BROOKE & PARTNERS,22109101,"1,679.75 ",,WL000024492
Department of Health,NHS Swindon CCG,31/05/2018,C&M-PMS Prem Cost Rent,PRC DELEGATED CO-COMMISSIONING,DR SRM BROOKE & PARTNERS,22109101,"4,117.58 ",,WL000024492
Department of Health,NHS Swindon CCG,31/05/2018,C&M-PMS Prem Rates,PRC DELEGATED CO-COMMISSIONING,DR SRM BROOKE & PARTNERS,22109101,"16,320.00 ",,WL000024492
Department of Health,NHS Swindon CCG,31/05/2018,C&M-PMS Prof fees Prescribing,PRC DELEGATED CO-COMMISSIONING,DR SRM BROOKE & PARTNERS,22109101,548.83 ,,WL000024492
Department of Health,NHS Swindon CCG,31/05/2018,C&M-PMS QOF Achievement,PRC DELEGATED CO-COMMISSIONING,DR SRM BROOKE & PARTNERS,22109101,"29,742.72 ",,WL000024492
Department of Health,NHS Swindon CCG,31/05/2018,C&M-PMS QOF Aspiration,PRC DELEGATED CO-COMMISSIONING,DR SRM BROOKE & PARTNERS,22109101,"7,103.84 ",,WL000024492
Department of Health,NHS Swindon CCG,31/05/2018,C&M-PMS Baseline Adjustment,PRC DELEGATED CO-COMMISSIONING,KINGSWOOD SURGERY,22109103,226.22 ,,WL000024494
Department of Health,NHS Swindon CCG,31/05/2018,C&M-PMS Contract Value,PRC DELEGATED CO-COMMISSIONING,KINGSWOOD SURGERY,22109103,"73,979.44 ",,WL000024494
Department of Health,NHS Swindon CCG,31/05/2018,C&M-PMS DES Extended Hours Access,PRC DELEGATED CO-COMMISSIONING,KINGSWOOD SURGERY,22109103,"1,591.88 ",,WL000024494
Department of Health,NHS Swindon CCG,31/05/2018,C&M-PMS DES Learn Dsblty Hlth Chk,PRC DELEGATED CO-COMMISSIONING,KINGSWOOD SURGERY,22109103,"2,240.00 ",,WL000024494
Department of Health,NHS Swindon CCG,31/05/2018,C&M-PMS Funding Differential Review,PRC DELEGATED CO-COMMISSIONING,KINGSWOOD SURGERY,22109103,400.58 ,,WL000024494
Department of Health,NHS Swindon CCG,31/05/2018,C&M-PMS List Size Adjustment,PRC DELEGATED CO-COMMISSIONING,KINGSWOOD SURGERY,22109103,304.40 ,,WL000024494
Department of Health,NHS Swindon CCG,31/05/2018,C&M-PMS Prem Notional Rent,PRC DELEGATED CO-COMMISSIONING,KINGSWOOD SURGERY,22109103,"6,700.00 ",,WL000024494
Department of Health,NHS Swindon CCG,31/05/2018,C&M-PMS Prem Water Rates,PRC DELEGATED CO-COMMISSIONING,KINGSWOOD SURGERY,22109103,575.77 ,,WL000024494
Department of Health,NHS Swindon CCG,31/05/2018,C&M-PMS Prof fees Prescribing,PRC DELEGATED CO-COMMISSIONING,KINGSWOOD SURGERY,22109103,549.58 ,,WL000024494
Department of Health,NHS Swindon CCG,31/05/2018,C&M-PMS QOF Achievement,PRC DELEGATED CO-COMMISSIONING,KINGSWOOD SURGERY,22109103,"38,059.68 ",,WL000024494
Department of Health,NHS Swindon CCG,31/05/2018,C&M-PMS QOF Aspiration,PRC DELEGATED CO-COMMISSIONING,KINGSWOOD SURGERY,22109103,"8,550.45 ",,WL000024494
Department of Health,NHS Swindon CCG,31/05/2018,C&M-APMS Contract Value,PRC DELEGATED CO-COMMISSIONING,GREAT WESTERN SURGERY,22127927,"39,113.25 ",,WL000024496
Department of Health,NHS Swindon CCG,31/05/2018,C&M-APMS DES Extended Hours Access,PRC DELEGATED CO-COMMISSIONING,GREAT WESTERN SURGERY,22127927,854.84 ,,WL000024496
Department of Health,NHS Swindon CCG,31/05/2018,C&M-APMS Prem Notional Rent,PRC DELEGATED CO-COMMISSIONING,GREAT WESTERN SURGERY,22127927,"4,000.00 ",,WL000024496
Department of Health,NHS Swindon CCG,31/05/2018,C&M-PMS DES Learn Dsblty Hlth Chk,PRC DELEGATED CO-COMMISSIONING,GREAT WESTERN SURGERY,22127927,280.00 ,,WL000024496
Department of Health,NHS Swindon CCG,31/05/2018,C&M-PMS QOF Achievement,PRC DELEGATED CO-COMMISSIONING,GREAT WESTERN SURGERY,22127927,"22,727.93 ",,WL000024496
Department of Health,NHS Swindon CCG,31/05/2018,C&M-PMS QOF Aspiration,PRC DELEGATED CO-COMMISSIONING,GREAT WESTERN SURGERY,22127927,"3,902.39 ",,WL000024496
Department of Health,NHS Swindon CCG,31/05/2018,Hcare Srv Rec Fdtn Trust-Over/ Under Performance,ACUTE COMMISSIONING,OXFORD UNIVERSITY HOSPITALS NHS FOUNDATION TRUST,22160390,"(55,944.87)",,CRN5184
Department of Health,NHS Swindon CCG,31/05/2018,Clinical&Medical-Commercial Sector,ACUTE COMMISSIONING,NEW MEDICAL SYSTEMS LTD,22160427,"32,908.70 ",,3612
Department of Health,NHS Swindon CCG,31/05/2018,Clinical&Medical-Voluntary Sector,ACUTE COMMISSIONING,BPAS,22160437,"27,000.00 ",,37147
Department of Health,NHS Swindon CCG,31/05/2018,Hlthcre-Foundation Trsts,ACUTE COMMISSIONING,OXFORD UNIVERSITY HOSPITALS NHS FOUNDATION TRUST,22160467,"355,628.00 ",,8277114
Department of Health,NHS Swindon CCG,31/05/2018,Hcare Srv Rec Fdtn Trust-CQUIN,ACUTE COMMISSIONING,ROYAL UNITED HOSPITALS BATH NHS FOUNDATION TRUST,22160493,853.67 ,,10351368
Department of Health,NHS Swindon CCG,31/05/2018,Hlthcre-Foundation Trsts,ACUTE COMMISSIONING,ROYAL UNITED HOSPITALS BATH NHS FOUNDATION TRUST,22160493,"45,634.25 ",,10351368
Department of Health,NHS Swindon CCG,31/05/2018,Clinical&Medical-Commercial Sector,AMBULANCE SERVICES,ARRIVA TRANSPORT SOLUTIONS,22160500,"112,630.00 ",,1006398
Department of Health,NHS Swindon CCG,31/05/2018,Hcare Srv Rec Fdtn Trust-Over/ Under Performance,ACUTE COMMISSIONING,OXFORD UNIVERSITY HOSPITALS NHS FOUNDATION TRUST,22160524,"55,944.87 ",,8277178
Department of Health,NHS Swindon CCG,31/05/2018,Clinical&Medical-Commercial Sector,NHS 111,MEDVIVO GROUP LTD,22160529,"61,590.70 ",,0000012865
Department of Health,NHS Swindon CCG,31/05/2018,Clinical&Medical-Commercial Sector,ACUTE COMMISSIONING,BMI HEALTHCARE COLLECTIONS,22160642,"259,920.01 ",,0000090625
Department of Health,NHS Swindon CCG,31/05/2018,Apprenticeship Levy Payable,BALANCE SHEET,HMRC,22179907,377.00 ,,120PL005674831901
Department of Health,NHS Swindon CCG,31/05/2018,Income tax <1Yr,BALANCE SHEET,HMRC,22179907,"48,639.60 ",,120PL005674831901
Department of Health,NHS Swindon CCG,31/05/2018,Income tax <1Yr-Student Loans,BALANCE SHEET,HMRC,22179907,781.00 ,,120PL005674831901
Department of Health,NHS Swindon CCG,31/05/2018,National Insurance < 1 yr-NI- ERS,BALANCE SHEET,HMRC,22179907,"34,213.22 ",,120PL005674831901
Department of Health,NHS Swindon CCG,31/05/2018,National Insurance < 1 yr-NI-EES,BALANCE SHEET,HMRC,22179907,"24,849.03 ",,120PL005674831901
Department of Health,NHS Swindon CCG,31/05/2018,Statutory Mat Pay < 1 yr,BALANCE SHEET,HMRC,22179907,"(1,202.13)",,120PL005674831901
Department of Health,NHS Swindon CCG,31/05/2018,Hcare Srv Rec Fdtn Trust-CQUIN,ACUTE COMMISSIONING,GREAT WESTERN HOSPITALS NHS FOUNDATION TRUST,22186987,"232,275.00 ",,16977242
Department of Health,NHS Swindon CCG,31/05/2018,Other Gen Supplies & Srv,CONTINUING HEALTHCARE ASSESSMENT & SUPPORT,CHS HEALTHCARE,22187027,"53,856.00 ",,25440
Department of Health,NHS Swindon CCG,31/05/2018,Clinical&Medical-Othe Public Sector,PROGRAMME PROJECTS,SWINDON BOROUGH COUNCIL,22192041,"1,000,000.00 ",,101678-14-MAY-2018
Department of Health,NHS Swindon CCG,31/05/2018,C&M-GMS Cost of Drugs -Dispensing,LOCAL ENHANCED SERVICES,DR C LLOYD & PARTNERS,22296856,"(18,809.48)",,WL000024551
Department of Health,NHS Swindon CCG,31/05/2018,C&M-GMS GP Statutory Levy,PRC DELEGATED CO-COMMISSIONING,DR C LLOYD & PARTNERS,22296856,(880.68),,WL000024551
Department of Health,NHS Swindon CCG,31/05/2018,C&M-GMS LES Care Home/Nursing Home,LOCAL ENHANCED SERVICES,DR C LLOYD & PARTNERS,22296856,"(4,467.08)",,WL000024551
Department of Health,NHS Swindon CCG,31/05/2018,C&M-GMS PrscChrgsCll&RmttdbyGPCntra,PRC DELEGATED CO-COMMISSIONING,DR C LLOYD & PARTNERS,22296856,(739.60),,WL000024551
Department of Health,NHS Swindon CCG,31/05/2018,C&M-GMS QOF Achievement,PRC DELEGATED CO-COMMISSIONING,DR C LLOYD & PARTNERS,22296856,"(43,461.16)",,WL000024551
Department of Health,NHS Swindon CCG,31/05/2018,ME - GMS GP Prior Year ERs,PRC DELEGATED CO-COMMISSIONING,DR C LLOYD & PARTNERS,22296856,"(3,682.41)",,WL000024551
Department of Health,NHS Swindon CCG,31/05/2018,ME-GMS GP Pension EEs,PRC DELEGATED CO-COMMISSIONING,DR C LLOYD & PARTNERS,22296856,"(3,934.65)",,WL000024551
Department of Health,NHS Swindon CCG,31/05/2018,ME-GMS GP Pension ERs Adjustments,PRC DELEGATED CO-COMMISSIONING,DR C LLOYD & PARTNERS,22296856,"(4,603.71)",,WL000024551
Department of Health,NHS Swindon CCG,31/05/2018,ME-GMS GP Prior Year EEs,PRC DELEGATED CO-COMMISSIONING,DR C LLOYD & PARTNERS,22296856,"(3,071.46)",,WL000024551
Department of Health,NHS Swindon CCG,31/05/2018,C&M-GMS Cost of Drugs -Dispensing,LOCAL ENHANCED SERVICES,DR C LLOYD & PARTNERS,22296857,"33,269.09 ",,WL000024552
Department of Health,NHS Swindon CCG,31/05/2018,C&M-GMS DES Extended Hours Access,PRC DELEGATED CO-COMMISSIONING,DR C LLOYD & PARTNERS,22296857,"2,234.88 ",,WL000024552
Department of Health,NHS Swindon CCG,31/05/2018,C&M-GMS DES Learn Dsblty Hlth Chk,PRC DELEGATED CO-COMMISSIONING,DR C LLOYD & PARTNERS,22296857,"1,960.00 ",,WL000024552
Department of Health,NHS Swindon CCG,31/05/2018,C&M-GMS Global Sum,PRC DELEGATED CO-COMMISSIONING,DR C LLOYD & PARTNERS,22296857,"107,562.29 ",,WL000024552
Department of Health,NHS Swindon CCG,31/05/2018,C&M-GMS Prem Notional Rent,PRC DELEGATED CO-COMMISSIONING,DR C LLOYD & PARTNERS,22296857,"9,053.75 ",,WL000024552
Department of Health,NHS Swindon CCG,31/05/2018,C&M-GMS Prem Rates,PRC DELEGATED CO-COMMISSIONING,DR C LLOYD & PARTNERS,22296857,"13,250.49 ",,WL000024552
Department of Health,NHS Swindon CCG,31/05/2018,C&M-GMS Prof Fees Dispensing,PRC DELEGATED CO-COMMISSIONING,DR C LLOYD & PARTNERS,22296857,"6,422.15 ",,WL000024552
Department of Health,NHS Swindon CCG,31/05/2018,C&M-GMS PrscrptnChrgsColl&RmttdbyGP,LOCAL ENHANCED SERVICES,DR C LLOYD & PARTNERS,22296857,739.60 ,,WL000024552
Department of Health,NHS Swindon CCG,31/05/2018,C&M-GMS QOF Achievement,PRC DELEGATED CO-COMMISSIONING,DR C LLOYD & PARTNERS,22296857,"99,568.22 ",,WL000024552
Department of Health,NHS Swindon CCG,31/05/2018,C&M-GMS QOF Aspiration,PRC DELEGATED CO-COMMISSIONING,DR C LLOYD & PARTNERS,22296857,"12,607.46 ",,WL000024552
Department of Health,NHS Swindon CCG,31/05/2018,C&M-GMS Cost of Drugs -Dispensing,LOCAL ENHANCED SERVICES,DR AWB CROCKETT & PARTNERS,22296858,"(24,141.00)",,WL000024553
Department of Health,NHS Swindon CCG,31/05/2018,C&M-GMS GP Statutory Levy,PRC DELEGATED CO-COMMISSIONING,DR AWB CROCKETT & PARTNERS,22296858,(451.04),,WL000024553
Department of Health,NHS Swindon CCG,31/05/2018,C&M-GMS PrscChrgsCll&RmttdbyGPCntra,PRC DELEGATED CO-COMMISSIONING,DR AWB CROCKETT & PARTNERS,22296858,"(2,743.40)",,WL000024553
Department of Health,NHS Swindon CCG,31/05/2018,ME-GMS GP Pension EEs,PRC DELEGATED CO-COMMISSIONING,DR AWB CROCKETT & PARTNERS,22296858,"(3,898.33)",,WL000024553
Department of Health,NHS Swindon CCG,31/05/2018,ME-GMS GP Pension ERs Adjustments,PRC DELEGATED CO-COMMISSIONING,DR AWB CROCKETT & PARTNERS,22296858,"(3,978.47)",,WL000024553
Department of Health,NHS Swindon CCG,31/05/2018,C&M-GMS Cost of Drugs -Dispensing,LOCAL ENHANCED SERVICES,DR AWB CROCKETT & PARTNERS,22296859,"55,310.25 ",,WL000024554
Department of Health,NHS Swindon CCG,31/05/2018,C&M-GMS DES Extended Hours Access,PRC DELEGATED CO-COMMISSIONING,DR AWB CROCKETT & PARTNERS,22296859,"1,138.89 ",,WL000024554
Department of Health,NHS Swindon CCG,31/05/2018,C&M-GMS DES Learn Dsblty Hlth Chk,PRC DELEGATED CO-COMMISSIONING,DR AWB CROCKETT & PARTNERS,22296859,140.00 ,,WL000024554
Department of Health,NHS Swindon CCG,31/05/2018,C&M-GMS Global Sum,PRC DELEGATED CO-COMMISSIONING,DR AWB CROCKETT & PARTNERS,22296859,"50,897.12 ",,WL000024554
Department of Health,NHS Swindon CCG,31/05/2018,C&M-GMS MPIG Correction Factor,PRC DELEGATED CO-COMMISSIONING,DR AWB CROCKETT & PARTNERS,22296859,"1,765.72 ",,WL000024554
Department of Health,NHS Swindon CCG,31/05/2018,C&M-GMS Prem Notional Rent,PRC DELEGATED CO-COMMISSIONING,DR AWB CROCKETT & PARTNERS,22296859,"2,845.83 ",,WL000024554
Department of Health,NHS Swindon CCG,31/05/2018,C&M-GMS Prof Fees Dispensing,PRC DELEGATED CO-COMMISSIONING,DR AWB CROCKETT & PARTNERS,22296859,"7,819.62 ",,WL000024554
Department of Health,NHS Swindon CCG,31/05/2018,C&M-GMS PrscrptnChrgsColl&RmttdbyGP,LOCAL ENHANCED SERVICES,DR AWB CROCKETT & PARTNERS,22296859,"2,743.40 ",,WL000024554
Department of Health,NHS Swindon CCG,31/05/2018,C&M-GMS QOF Achievement,PRC DELEGATED CO-COMMISSIONING,DR AWB CROCKETT & PARTNERS,22296859,"18,586.91 ",,WL000024554
Department of Health,NHS Swindon CCG,31/05/2018,C&M-GMS QOF Aspiration,PRC DELEGATED CO-COMMISSIONING,DR AWB CROCKETT & PARTNERS,22296859,"3,914.14 ",,WL000024554
Department of Health,NHS Swindon CCG,31/05/2018,C&M-GMS Cost of Drugs -Prescribing,LOCAL ENHANCED SERVICES,DR E HOLLIDAY & PARTNERS,22296861,"4,139.31 ",,WL000024556
Department of Health,NHS Swindon CCG,31/05/2018,C&M-GMS Global Sum,PRC DELEGATED CO-COMMISSIONING,DR E HOLLIDAY & PARTNERS,22296861,"52,736.99 ",,WL000024556
Department of Health,NHS Swindon CCG,31/05/2018,C&M-GMS MPIG Correction Factor,PRC DELEGATED CO-COMMISSIONING,DR E HOLLIDAY & PARTNERS,22296861,715.61 ,,WL000024556
Department of Health,NHS Swindon CCG,31/05/2018,C&M-GMS Prof Fees Prescribing,PRC DELEGATED CO-COMMISSIONING,DR E HOLLIDAY & PARTNERS,22296861,501.44 ,,WL000024556
Department of Health,NHS Swindon CCG,31/05/2018,C&M-GMS QOF Achievement,PRC DELEGATED CO-COMMISSIONING,DR E HOLLIDAY & PARTNERS,22296861,"11,190.79 ",,WL000024556
Department of Health,NHS Swindon CCG,31/05/2018,C&M-GMS QOF Aspiration,PRC DELEGATED CO-COMMISSIONING,DR E HOLLIDAY & PARTNERS,22296861,"5,149.11 ",,WL000024556
Department of Health,NHS Swindon CCG,31/05/2018,C&M-GMS Cost of Drugs -Prescribing,LOCAL ENHANCED SERVICES,DR HEATON & PARTNERS,22296863,"1,767.86 ",,WL000024560
Department of Health,NHS Swindon CCG,31/05/2018,C&M-GMS DES Extended Hours Access,PRC DELEGATED CO-COMMISSIONING,DR HEATON & PARTNERS,22296863,"1,337.44 ",,WL000024560
Department of Health,NHS Swindon CCG,31/05/2018,C&M-GMS DES Learn Dsblty Hlth Chk,PRC DELEGATED CO-COMMISSIONING,DR HEATON & PARTNERS,22296863,"2,520.00 ",,WL000024560
Department of Health,NHS Swindon CCG,31/05/2018,C&M-GMS Global Sum,PRC DELEGATED CO-COMMISSIONING,DR HEATON & PARTNERS,22296863,"52,888.65 ",,WL000024560
Department of Health,NHS Swindon CCG,31/05/2018,C&M-GMS MPIG Correction Factor,PRC DELEGATED CO-COMMISSIONING,DR HEATON & PARTNERS,22296863,538.45 ,,WL000024560
Department of Health,NHS Swindon CCG,31/05/2018,C&M-GMS Prem Water Rates,PRC DELEGATED CO-COMMISSIONING,DR HEATON & PARTNERS,22296863,335.55 ,,WL000024560
Department of Health,NHS Swindon CCG,31/05/2018,C&M-GMS Prof Fees Prescribing,PRC DELEGATED CO-COMMISSIONING,DR HEATON & PARTNERS,22296863,282.75 ,,WL000024560
Department of Health,NHS Swindon CCG,31/05/2018,C&M-GMS QOF Achievement,PRC DELEGATED CO-COMMISSIONING,DR HEATON & PARTNERS,22296863,"23,466.06 ",,WL000024560
Department of Health,NHS Swindon CCG,31/05/2018,C&M-GMS QOF Aspiration,PRC DELEGATED CO-COMMISSIONING,DR HEATON & PARTNERS,22296863,"5,005.41 ",,WL000024560
Department of Health,NHS Swindon CCG,31/05/2018,ME - GMS GP Prior Year ERs,PRC DELEGATED CO-COMMISSIONING,DR HEATON & PARTNERS,22296863,"6,259.60 ",,WL000024560
Department of Health,NHS Swindon CCG,31/05/2018,ME-GMS GP Prior Year EEs,PRC DELEGATED CO-COMMISSIONING,DR HEATON & PARTNERS,22296863,"5,876.52 ",,WL000024560
Department of Health,NHS Swindon CCG,31/05/2018,C&M-GMS Cost of Drugs -Prescribing,LOCAL ENHANCED SERVICES,DR FM KILLICK & PARTNERS,22296865,"1,925.26 ",,WL000024562
Department of Health,NHS Swindon CCG,31/05/2018,C&M-GMS DES Extended Hours Access,PRC DELEGATED CO-COMMISSIONING,DR FM KILLICK & PARTNERS,22296865,"1,169.13 ",,WL000024562
Department of Health,NHS Swindon CCG,31/05/2018,C&M-GMS DES Learn Dsblty Hlth Chk,PRC DELEGATED CO-COMMISSIONING,DR FM KILLICK & PARTNERS,22296865,"3,080.00 ",,WL000024562
Department of Health,NHS Swindon CCG,31/05/2018,C&M-GMS Global Sum,PRC DELEGATED CO-COMMISSIONING,DR FM KILLICK & PARTNERS,22296865,"53,483.84 ",,WL000024562
Department of Health,NHS Swindon CCG,31/05/2018,C&M-GMS MPIG Correction Factor,PRC DELEGATED CO-COMMISSIONING,DR FM KILLICK & PARTNERS,22296865,374.46 ,,WL000024562
Department of Health,NHS Swindon CCG,31/05/2018,C&M-GMS Prem Actual Rent,PRC DELEGATED CO-COMMISSIONING,DR FM KILLICK & PARTNERS,22296865,"29,900.00 ",,WL000024562
Department of Health,NHS Swindon CCG,31/05/2018,C&M-GMS Prof Fees Prescribing,PRC DELEGATED CO-COMMISSIONING,DR FM KILLICK & PARTNERS,22296865,340.20 ,,WL000024562
Department of Health,NHS Swindon CCG,31/05/2018,C&M-GMS QOF Achievement,PRC DELEGATED CO-COMMISSIONING,DR FM KILLICK & PARTNERS,22296865,"27,884.22 ",,WL000024562
Department of Health,NHS Swindon CCG,31/05/2018,C&M-GMS QOF Aspiration,PRC DELEGATED CO-COMMISSIONING,DR FM KILLICK & PARTNERS,22296865,"5,622.81 ",,WL000024562
Department of Health,NHS Swindon CCG,31/05/2018,C&M-GMS GP Statutory Levy,PRC DELEGATED CO-COMMISSIONING,DR P R MACK & PARTNERS,22296868,(729.35),,WL000024565
Department of Health,NHS Swindon CCG,31/05/2018,C&M-GMS Global Sum,PRC DELEGATED CO-COMMISSIONING,DR P R MACK & PARTNERS,22296868,"(40,000.00)",,WL000024565
Department of Health,NHS Swindon CCG,31/05/2018,C&M-GMS QOF Achievement,PRC DELEGATED CO-COMMISSIONING,DR P R MACK & PARTNERS,22296868,"(1,493.01)",,WL000024565
Department of Health,NHS Swindon CCG,31/05/2018,ME - GMS TPS Added Years Adj EEs,PRC DELEGATED CO-COMMISSIONING,DR P R MACK & PARTNERS,22296868,(533.75),,WL000024565
Department of Health,NHS Swindon CCG,31/05/2018,ME-GMS GP Pension EEs,PRC DELEGATED CO-COMMISSIONING,DR P R MACK & PARTNERS,22296868,"(3,374.37)",,WL000024565
Department of Health,NHS Swindon CCG,31/05/2018,ME-GMS GP Pension ERs Adjustments,PRC DELEGATED CO-COMMISSIONING,DR P R MACK & PARTNERS,22296868,"(3,493.14)",,WL000024565
Department of Health,NHS Swindon CCG,31/05/2018,C&M-GMS Cost of Drugs -Prescribing,LOCAL ENHANCED SERVICES,DR P R MACK & PARTNERS,22296869,647.43 ,,WL000024566
Department of Health,NHS Swindon CCG,31/05/2018,C&M-GMS DES Extended Hours Access,PRC DELEGATED CO-COMMISSIONING,DR P R MACK & PARTNERS,22296869,"1,832.87 ",,WL000024566
Department of Health,NHS Swindon CCG,31/05/2018,C&M-GMS Global Sum,PRC DELEGATED CO-COMMISSIONING,DR P R MACK & PARTNERS,22296869,"84,221.90 ",,WL000024566
Department of Health,NHS Swindon CCG,31/05/2018,C&M-GMS Prem Notional Rent,PRC DELEGATED CO-COMMISSIONING,DR P R MACK & PARTNERS,22296869,"16,008.34 ",,WL000024566
Department of Health,NHS Swindon CCG,31/05/2018,C&M-GMS Prof Fees Prescribing,PRC DELEGATED CO-COMMISSIONING,DR P R MACK & PARTNERS,22296869,390.99 ,,WL000024566
Department of Health,NHS Swindon CCG,31/05/2018,C&M-GMS QOF Achievement,PRC DELEGATED CO-COMMISSIONING,DR P R MACK & PARTNERS,22296869,"50,986.96 ",,WL000024566
Department of Health,NHS Swindon CCG,31/05/2018,C&M-GMS QOF Aspiration,PRC DELEGATED CO-COMMISSIONING,DR P R MACK & PARTNERS,22296869,"9,976.24 ",,WL000024566
Department of Health,NHS Swindon CCG,31/05/2018,C&M-GMS Cost of Drugs -Prescribing,LOCAL ENHANCED SERVICES,DR P W SWINYARD & PARTNERS,22296871,441.53 ,,WL000024568
Department of Health,NHS Swindon CCG,31/05/2018,C&M-GMS DES Extended Hours Access,PRC DELEGATED CO-COMMISSIONING,DR P W SWINYARD & PARTNERS,22296871,730.23 ,,WL000024568
Department of Health,NHS Swindon CCG,31/05/2018,C&M-GMS Global Sum,PRC DELEGATED CO-COMMISSIONING,DR P W SWINYARD & PARTNERS,22296871,"28,502.34 ",,WL000024568
Department of Health,NHS Swindon CCG,31/05/2018,C&M-GMS MPIG Correction Factor,PRC DELEGATED CO-COMMISSIONING,DR P W SWINYARD & PARTNERS,22296871,"1,087.08 ",,WL000024568
Department of Health,NHS Swindon CCG,31/05/2018,C&M-GMS Prem Notional Rent,PRC DELEGATED CO-COMMISSIONING,DR P W SWINYARD & PARTNERS,22296871,"3,166.67 ",,WL000024568
Department of Health,NHS Swindon CCG,31/05/2018,C&M-GMS Prof Fees Prescribing,PRC DELEGATED CO-COMMISSIONING,DR P W SWINYARD & PARTNERS,22296871,132.54 ,,WL000024568
Department of Health,NHS Swindon CCG,31/05/2018,C&M-GMS QOF Achievement,PRC DELEGATED CO-COMMISSIONING,DR P W SWINYARD & PARTNERS,22296871,"9,068.65 ",,WL000024568
Department of Health,NHS Swindon CCG,31/05/2018,C&M-GMS QOF Aspiration,PRC DELEGATED CO-COMMISSIONING,DR P W SWINYARD & PARTNERS,22296871,"2,693.85 ",,WL000024568
Department of Health,NHS Swindon CCG,31/05/2018,C&M-GMS Cost of Drugs -Prescribing,LOCAL ENHANCED SERVICES,DR RG NIXON & PARTNERS,22296874,"1,993.48 ",,WL000024571
Department of Health,NHS Swindon CCG,31/05/2018,C&M-GMS DES Extended Hours Access,PRC DELEGATED CO-COMMISSIONING,DR RG NIXON & PARTNERS,22296874,"1,652.53 ",,WL000024571
Department of Health,NHS Swindon CCG,31/05/2018,C&M-GMS Global Sum,PRC DELEGATED CO-COMMISSIONING,DR RG NIXON & PARTNERS,22296874,"65,612.70 ",,WL000024571
Department of Health,NHS Swindon CCG,31/05/2018,C&M-GMS MPIG Correction Factor,PRC DELEGATED CO-COMMISSIONING,DR RG NIXON & PARTNERS,22296874,"1,824.63 ",,WL000024571
Department of Health,NHS Swindon CCG,31/05/2018,C&M-GMS Prem Notional Rent,PRC DELEGATED CO-COMMISSIONING,DR RG NIXON & PARTNERS,22296874,"3,491.67 ",,WL000024571
Department of Health,NHS Swindon CCG,31/05/2018,C&M-GMS Prof Fees Prescribing,PRC DELEGATED CO-COMMISSIONING,DR RG NIXON & PARTNERS,22296874,269.51 ,,WL000024571
Department of Health,NHS Swindon CCG,31/05/2018,C&M-GMS QOF Achievement,PRC DELEGATED CO-COMMISSIONING,DR RG NIXON & PARTNERS,22296874,"34,335.40 ",,WL000024571
Department of Health,NHS Swindon CCG,31/05/2018,C&M-GMS QOF Aspiration,PRC DELEGATED CO-COMMISSIONING,DR RG NIXON & PARTNERS,22296874,"7,202.24 ",,WL000024571
Department of Health,NHS Swindon CCG,31/05/2018,C&M-GMS Cost of Drugs -Dispensing,LOCAL ENHANCED SERVICES,DR R E HALL & PARTNERS,22296875,"(41,995.76)",,WL000024572
Department of Health,NHS Swindon CCG,31/05/2018,C&M-GMS GP Statutory Levy,PRC DELEGATED CO-COMMISSIONING,DR R E HALL & PARTNERS,22296875,(832.04),,WL000024572
Department of Health,NHS Swindon CCG,31/05/2018,C&M-GMS PrscChrgsCll&RmttdbyGPCntra,PRC DELEGATED CO-COMMISSIONING,DR R E HALL & PARTNERS,22296875,"(2,038.20)",,WL000024572
Department of Health,NHS Swindon CCG,31/05/2018,C&M-GMS QOF Achievement,PRC DELEGATED CO-COMMISSIONING,DR R E HALL & PARTNERS,22296875,"(12,975.00)",,WL000024572
Department of Health,NHS Swindon CCG,31/05/2018,ME-GMS GP Pension EEs,PRC DELEGATED CO-COMMISSIONING,DR R E HALL & PARTNERS,22296875,"(7,760.14)",,WL000024572
Department of Health,NHS Swindon CCG,31/05/2018,ME-GMS GP Pension ERs Adjustments,PRC DELEGATED CO-COMMISSIONING,DR R E HALL & PARTNERS,22296875,"(8,280.05)",,WL000024572
Department of Health,NHS Swindon CCG,31/05/2018,C&M-GMS Cost of Drugs -Dispensing,LOCAL ENHANCED SERVICES,DR R E HALL & PARTNERS,22296876,"76,238.50 ",,WL000024573
Department of Health,NHS Swindon CCG,31/05/2018,C&M-GMS DES Extended Hours Access,PRC DELEGATED CO-COMMISSIONING,DR R E HALL & PARTNERS,22296876,"2,144.31 ",,WL000024573
Department of Health,NHS Swindon CCG,31/05/2018,C&M-GMS DES Learn Dsblty Hlth Chk,PRC DELEGATED CO-COMMISSIONING,DR R E HALL & PARTNERS,22296876,420.00 ,,WL000024573
Department of Health,NHS Swindon CCG,31/05/2018,C&M-GMS Global Sum,PRC DELEGATED CO-COMMISSIONING,DR R E HALL & PARTNERS,22296876,"104,170.97 ",,WL000024573
Department of Health,NHS Swindon CCG,31/05/2018,C&M-GMS MPIG Correction Factor,PRC DELEGATED CO-COMMISSIONING,DR R E HALL & PARTNERS,22296876,"6,056.30 ",,WL000024573
Department of Health,NHS Swindon CCG,31/05/2018,C&M-GMS Prem Notional Rent,PRC DELEGATED CO-COMMISSIONING,DR R E HALL & PARTNERS,22296876,"3,436.18 ",,WL000024573
Department of Health,NHS Swindon CCG,31/05/2018,C&M-GMS Prof Fees Dispensing,PRC DELEGATED CO-COMMISSIONING,DR R E HALL & PARTNERS,22296876,"15,693.59 ",,WL000024573
Department of Health,NHS Swindon CCG,31/05/2018,C&M-GMS PrscrptnChrgsColl&RmttdbyGP,LOCAL ENHANCED SERVICES,DR R E HALL & PARTNERS,22296876,"2,038.20 ",,WL000024573
Department of Health,NHS Swindon CCG,31/05/2018,C&M-GMS QOF Achievement,PRC DELEGATED CO-COMMISSIONING,DR R E HALL & PARTNERS,22296876,"64,258.43 ",,WL000024573
Department of Health,NHS Swindon CCG,31/05/2018,C&M-GMS QOF Aspiration,PRC DELEGATED CO-COMMISSIONING,DR R E HALL & PARTNERS,22296876,"11,510.29 ",,WL000024573
Department of Health,NHS Swindon CCG,31/05/2018,C&M-GMS Cost of Drugs -Prescribing,LOCAL ENHANCED SERVICES,DR SC PIGOTT & PARTNERS,22296878,"4,926.13 ",,WL000024575
Department of Health,NHS Swindon CCG,31/05/2018,C&M-GMS DES Extended Hours Access,PRC DELEGATED CO-COMMISSIONING,DR SC PIGOTT & PARTNERS,22296878,"2,227.91 ",,WL000024575
Department of Health,NHS Swindon CCG,31/05/2018,C&M-GMS DES Learn Dsblty Hlth Chk,PRC DELEGATED CO-COMMISSIONING,DR SC PIGOTT & PARTNERS,22296878,"3,920.00 ",,WL000024575
Department of Health,NHS Swindon CCG,31/05/2018,C&M-GMS Global Sum,PRC DELEGATED CO-COMMISSIONING,DR SC PIGOTT & PARTNERS,22296878,"99,306.36 ",,WL000024575
Department of Health,NHS Swindon CCG,31/05/2018,C&M-GMS PCO Doctors Ret Scheme,PRC DELEGATED CO-COMMISSIONING,DR SC PIGOTT & PARTNERS,22296878,923.04 ,,WL000024575
Department of Health,NHS Swindon CCG,31/05/2018,C&M-GMS Prem Notional Rent,PRC DELEGATED CO-COMMISSIONING,DR SC PIGOTT & PARTNERS,22296878,"8,320.00 ",,WL000024575
Department of Health,NHS Swindon CCG,31/05/2018,C&M-GMS Prof Fees Prescribing,PRC DELEGATED CO-COMMISSIONING,DR SC PIGOTT & PARTNERS,22296878,452.85 ,,WL000024575
Department of Health,NHS Swindon CCG,31/05/2018,C&M-GMS QOF Achievement,PRC DELEGATED CO-COMMISSIONING,DR SC PIGOTT & PARTNERS,22296878,"69,517.69 ",,WL000024575
Department of Health,NHS Swindon CCG,31/05/2018,C&M-GMS QOF Aspiration,PRC DELEGATED CO-COMMISSIONING,DR SC PIGOTT & PARTNERS,22296878,"13,889.81 ",,WL000024575
Department of Health,NHS Swindon CCG,31/05/2018,C&M-GMS Cost of Drugs -Prescribing,LOCAL ENHANCED SERVICES,DR WR JANSON & PARTNERS,22296881,"2,660.65 ",,WL000024578
Department of Health,NHS Swindon CCG,31/05/2018,C&M-GMS DES Extended Hours Access,PRC DELEGATED CO-COMMISSIONING,DR WR JANSON & PARTNERS,22296881,"1,958.74 ",,WL000024578
Department of Health,NHS Swindon CCG,31/05/2018,C&M-GMS DES Learn Dsblty Hlth Chk,PRC DELEGATED CO-COMMISSIONING,DR WR JANSON & PARTNERS,22296881,"5,460.00 ",,WL000024578
Department of Health,NHS Swindon CCG,31/05/2018,C&M-GMS Global Sum,PRC DELEGATED CO-COMMISSIONING,DR WR JANSON & PARTNERS,22296881,"90,836.30 ",,WL000024578
Department of Health,NHS Swindon CCG,31/05/2018,C&M-GMS MPIG Correction Factor,PRC DELEGATED CO-COMMISSIONING,DR WR JANSON & PARTNERS,22296881,182.79 ,,WL000024578
Department of Health,NHS Swindon CCG,31/05/2018,C&M-GMS PCO Doctors Ret Scheme,PRC DELEGATED CO-COMMISSIONING,DR WR JANSON & PARTNERS,22296881,"1,230.72 ",,WL000024578
Department of Health,NHS Swindon CCG,31/05/2018,C&M-GMS PCO Locum Adop/Pat/Mat,PRC DELEGATED CO-COMMISSIONING,DR WR JANSON & PARTNERS,22296881,"6,000.00 ",,WL000024578
Department of Health,NHS Swindon CCG,31/05/2018,C&M-GMS Prem Cost Rent,PRC DELEGATED CO-COMMISSIONING,DR WR JANSON & PARTNERS,22296881,"6,306.17 ",,WL000024578
Department of Health,NHS Swindon CCG,31/05/2018,C&M-GMS Prof Fees Prescribing,PRC DELEGATED CO-COMMISSIONING,DR WR JANSON & PARTNERS,22296881,472.72 ,,WL000024578
Department of Health,NHS Swindon CCG,31/05/2018,C&M-GMS QOF Achievement,PRC DELEGATED CO-COMMISSIONING,DR WR JANSON & PARTNERS,22296881,"44,337.32 ",,WL000024578
Department of Health,NHS Swindon CCG,31/05/2018,C&M-GMS QOF Aspiration,PRC DELEGATED CO-COMMISSIONING,DR WR JANSON & PARTNERS,22296881,"10,451.93 ",,WL000024578
Department of Health,NHS Swindon CCG,31/05/2018,C&M-GMS Cost of Drugs -Prescribing,LOCAL ENHANCED SERVICES,SPARCELLS SURGERY,22296883,82.68 ,,WL000024580
Department of Health,NHS Swindon CCG,31/05/2018,C&M-GMS DES Extended Hours Access,PRC DELEGATED CO-COMMISSIONING,SPARCELLS SURGERY,22296883,654.39 ,,WL000024580
Department of Health,NHS Swindon CCG,31/05/2018,C&M-GMS DES Learn Dsblty Hlth Chk,PRC DELEGATED CO-COMMISSIONING,SPARCELLS SURGERY,22296883,140.00 ,,WL000024580
Department of Health,NHS Swindon CCG,31/05/2018,C&M-GMS Global Sum,PRC DELEGATED CO-COMMISSIONING,SPARCELLS SURGERY,22296883,"24,611.76 ",,WL000024580
Department of Health,NHS Swindon CCG,31/05/2018,C&M-GMS Prem Notional Rent,PRC DELEGATED CO-COMMISSIONING,SPARCELLS SURGERY,22296883,"2,416.67 ",,WL000024580
Department of Health,NHS Swindon CCG,31/05/2018,C&M-GMS Prof Fees Prescribing,PRC DELEGATED CO-COMMISSIONING,SPARCELLS SURGERY,22296883,44.18 ,,WL000024580
Department of Health,NHS Swindon CCG,31/05/2018,C&M-GMS QOF Achievement,PRC DELEGATED CO-COMMISSIONING,SPARCELLS SURGERY,22296883,"9,435.63 ",,WL000024580
Department of Health,NHS Swindon CCG,31/05/2018,C&M-GMS QOF Aspiration,PRC DELEGATED CO-COMMISSIONING,SPARCELLS SURGERY,22296883,"1,751.12 ",,WL000024580
Department of Health,NHS Swindon CCG,31/05/2018,C&M-GMS Cost of Drugs -Prescribing,LOCAL ENHANCED SERVICES,PARK LANE PRACTICE,22296885,469.80 ,,WL000024582
Department of Health,NHS Swindon CCG,31/05/2018,C&M-GMS DES Extended Hours Access,PRC DELEGATED CO-COMMISSIONING,PARK LANE PRACTICE,22296885,"1,042.63 ",,WL000024582
Department of Health,NHS Swindon CCG,31/05/2018,C&M-GMS Global Sum,PRC DELEGATED CO-COMMISSIONING,PARK LANE PRACTICE,22296885,"44,947.26 ",,WL000024582
Department of Health,NHS Swindon CCG,31/05/2018,C&M-GMS Prem Notional Rent,PRC DELEGATED CO-COMMISSIONING,PARK LANE PRACTICE,22296885,"3,479.17 ",,WL000024582
Department of Health,NHS Swindon CCG,31/05/2018,C&M-GMS Prem Rates,PRC DELEGATED CO-COMMISSIONING,PARK LANE PRACTICE,22296885,"13,200.00 ",,WL000024582
Department of Health,NHS Swindon CCG,31/05/2018,C&M-GMS Prof Fees Prescribing,PRC DELEGATED CO-COMMISSIONING,PARK LANE PRACTICE,22296885,236.37 ,,WL000024582
Department of Health,NHS Swindon CCG,31/05/2018,C&M-GMS QOF Achievement,PRC DELEGATED CO-COMMISSIONING,PARK LANE PRACTICE,22296885,"16,962.65 ",,WL000024582
Department of Health,NHS Swindon CCG,31/05/2018,C&M-GMS QOF Aspiration,PRC DELEGATED CO-COMMISSIONING,PARK LANE PRACTICE,22296885,"3,643.66 ",,WL000024582
Department of Health,NHS Swindon CCG,31/05/2018,C&M-GMS Cost of Drugs -Prescribing,LOCAL ENHANCED SERVICES,DR H G THOMAS & PARNTERS,22315808,"1,815.38 ",,WL000024558
Department of Health,NHS Swindon CCG,31/05/2018,C&M-GMS DES Extended Hours Access,PRC DELEGATED CO-COMMISSIONING,DR H G THOMAS & PARNTERS,22315808,"2,346.66 ",,WL000024558
Department of Health,NHS Swindon CCG,31/05/2018,C&M-GMS DES Learn Dsblty Hlth Chk,PRC DELEGATED CO-COMMISSIONING,DR H G THOMAS & PARNTERS,22315808,"1,120.00 ",,WL000024558
Department of Health,NHS Swindon CCG,31/05/2018,C&M-GMS Global Sum,PRC DELEGATED CO-COMMISSIONING,DR H G THOMAS & PARNTERS,22315808,"99,650.49 ",,WL000024558
Department of Health,NHS Swindon CCG,31/05/2018,C&M-GMS Prem Cost Rent,PRC DELEGATED CO-COMMISSIONING,DR H G THOMAS & PARNTERS,22315808,"5,706.33 ",,WL000024558
Department of Health,NHS Swindon CCG,31/05/2018,C&M-GMS Prem Water Rates,PRC DELEGATED CO-COMMISSIONING,DR H G THOMAS & PARNTERS,22315808,79.00 ,,WL000024558
Department of Health,NHS Swindon CCG,31/05/2018,C&M-GMS Prof Fees Prescribing,PRC DELEGATED CO-COMMISSIONING,DR H G THOMAS & PARNTERS,22315808,494.83 ,,WL000024558
Department of Health,NHS Swindon CCG,31/05/2018,C&M-GMS QOF Achievement,PRC DELEGATED CO-COMMISSIONING,DR H G THOMAS & PARNTERS,22315808,"52,126.47 ",,WL000024558
Department of Health,NHS Swindon CCG,31/05/2018,C&M-GMS QOF Aspiration,PRC DELEGATED CO-COMMISSIONING,DR H G THOMAS & PARNTERS,22315808,"10,760.28 ",,WL000024558
Department of Health,NHS Swindon CCG,31/05/2018,Hcare Srv Rec Fdtn Trust-CQUIN,COMMUNITY SERVICES,GREAT WESTERN HOSPITALS NHS FOUNDATION TRUST,22331942,"232,275.00 ",,16977092
Department of Health,NHS Swindon CCG,31/05/2018,Hcare Srv Rec Fdtn Trust-Over/ Under Performance,ACUTE COMMISSIONING,OXFORD UNIVERSITY HOSPITALS NHS FOUNDATION TRUST,22332074,"32,406.21 ",,8277019
Department of Health,NHS Swindon CCG,31/05/2018,Hcare Srv Rec Fdtn Trust-Over/ Under Performance,ACUTE COMMISSIONING,OXFORD UNIVERSITY HOSPITALS NHS FOUNDATION TRUST,22332157,"(50,851.82)",,CRN5227
Department of Health,NHS Swindon CCG,31/05/2018,Clinical&Medical-Clinical Other,NHS 111,NHS GLOUCESTERSHIRE CCG,22332294,"41,788.00 ",,7029201726
Department of Health,NHS Swindon CCG,31/05/2018,Social Care-Res Long Stay Exp,MENTAL HEALTH CONTRACTS,RETHINK,22332325,"44,100.00 ",,16791
Department of Health,NHS Swindon CCG,31/05/2018,Cont Care- Adult 100% Fully Funded,CHC ADULT FULLY FUNDED,FIRST CITY NURSING SERVICES LTD,22332463,"42,553.57 ",,81217
Department of Health,NHS Swindon CCG,31/05/2018,Hlthcre-Foundation Trsts,COMMUNITY SERVICES,GREAT WESTERN HOSPITALS NHS FOUNDATION TRUST,22332493,"1,416,302.00 ",,16977588
Department of Health,NHS Swindon CCG,31/05/2018,Clinical&Medical-Commercial Sector,ACUTE COMMISSIONING,CARE UK CLINICAL SERVICES LTD,22350290,"39,042.20 ",,100067018
Department of Health,NHS Swindon CCG,31/05/2018,Hcare Srv Rec Fdtn Trust-Non Contract,NCAS/OATS,GUYS & ST THOMAS HOSPITAL NHS FOUNDATION TRUST,22406467,"25,840.00 ",,3236539
,,,,,,,,,
