A3131 - Expenditure Over Threshold,,,,,,,,,
,,,,,,,,,
,,,,,,,,,
,,,,,,,,,
Note : This Report has a prompt ?Threshold Amount? which is mapped to AP Invoice Total Amount i.e. Invoice Header Amount (column Threshold Amount is not available in the report output). The AP Amount column on the report represents the invoice distribution amount (which is not Invoice header amount).,,,,,,,,,
Time run: 02/08/2018 12:26:28,,,,,,,,,
,,,,,,,,,
Department family,Entity,Date,Expense Type,Expense area,Supplier,Transaction number,AP Amount (�),VAT registration number,Purchase invoice number
Department of Health,NHS Swindon CCG,31/07/2018,Clinical&Medical-Commercial Sector,AMBULANCE SERVICES,ARRIVA TRANSPORT SOLUTIONS,22875412,"112,629.99 ",,1006515
Department of Health,NHS Swindon CCG,31/07/2018,Clinical&Medical-Commercial Sector,ACUTE COMMISSIONING,CARE UK CLINICAL SERVICES LTD,22875426,"42,494.42 ",,100071188
Department of Health,NHS Swindon CCG,31/07/2018,Clinical&Medical-Independent Sector - Prior Year,ACUTE COMMISSIONING,SWINDON BOROUGH COUNCIL,22875456,"44,256.00 ",,241639212
Department of Health,NHS Swindon CCG,31/07/2018,Hcare Srv Rec NHS Trust,IMPROVING ACCESS TO PSYCHOLOGICAL THERAPIES,AVON AND WILTSHIRE MENTAL HEALTH PARTNERSHIP NHS TRUST,22875504,"115,171.33 ",,3014679
Department of Health,NHS Swindon CCG,31/07/2018,Hcare Srv Rec NHS Trust,MENTAL HEALTH CONTRACTS,AVON AND WILTSHIRE MENTAL HEALTH PARTNERSHIP NHS TRUST,22875516,"1,261,154.17 ",,3014677
Department of Health,NHS Swindon CCG,31/07/2018,Cont Care-Learning Disab(<65),CHC ADULT JOINT FUNDED,BEECHWOOD COURT LTD,22904780,"32,104.59 ",,11069
Department of Health,NHS Swindon CCG,31/07/2018,Cont Care- Adult 100% Fully Funded,CHC ADULT FULLY FUNDED,FIRST CITY NURSING SERVICES LTD,22904833,"42,553.57 ",,84244
Department of Health,NHS Swindon CCG,31/07/2018,Hlthcre-Foundation Trsts,AMBULANCE SERVICES,SOUTH WESTERN AMBULANCE SERVICE NHS FOUNDATION TRUST,22904874,"583,616.00 ",,6296883
Department of Health,NHS Swindon CCG,31/07/2018,Clinical&Medical-Voluntary Sector,ACUTE COMMISSIONING,BPAS,22933640,"27,000.00 ",,37880
Department of Health,NHS Swindon CCG,31/07/2018,Social Care-Res Long Stay Exp,MENTAL HEALTH CONTRACTS,RETHINK,22933699,"44,100.00 ",,16991
Department of Health,NHS Swindon CCG,31/07/2018,Hcare Srv Rec Fdtn Trust-CQUIN,ACUTE COMMISSIONING,OXFORD UNIVERSITY HOSPITALS NHS FOUNDATION TRUST,22933756,"8,306.42 ",,8281492
Department of Health,NHS Swindon CCG,31/07/2018,Hlthcre-Foundation Trsts,ACUTE COMMISSIONING,OXFORD UNIVERSITY HOSPITALS NHS FOUNDATION TRUST,22933756,"347,321.58 ",,8281492
Department of Health,NHS Swindon CCG,31/07/2018,Hcare Srv Rec NHS Trust,LEARNING DIFFICULTIES,AVON AND WILTSHIRE MENTAL HEALTH PARTNERSHIP NHS TRUST,22933783,"54,404.35 ",,3014651
Department of Health,NHS Swindon CCG,31/07/2018,Hcare Srv Rec Fdtn Trust-CQUIN,ACUTE COMMISSIONING,ROYAL UNITED HOSPITALS BATH NHS FOUNDATION TRUST,22933791,853.67 ,,10352540
Department of Health,NHS Swindon CCG,31/07/2018,Hlthcre-Foundation Trsts,ACUTE COMMISSIONING,ROYAL UNITED HOSPITALS BATH NHS FOUNDATION TRUST,22933791,"45,634.25 ",,10352540
Department of Health,NHS Swindon CCG,31/07/2018,Clinical&Medical-Commercial Sector,ACUTE COMMISSIONING,BMI HEALTHCARE COLLECTIONS,22933861,"(142,696.03)",,0000092523
Department of Health,NHS Swindon CCG,31/07/2018,Hcare Srv Rec Fdtn Trust-Non Contract,CHILD AND ADOLESCENT MENTAL HEALTH,OXFORD HEALTH NHS FOUNDATION TRUST,22933946,"169,416.67 ",,A0110136
Department of Health,NHS Swindon CCG,31/07/2018,C&M-PMS Baseline Adjustment,PRC DELEGATED CO-COMMISSIONING,DR A DWIVEDI & PARTNERS,22952516,242.24 ,,WL000024958
Department of Health,NHS Swindon CCG,31/07/2018,C&M-PMS Contract Value,PRC DELEGATED CO-COMMISSIONING,DR A DWIVEDI & PARTNERS,22952516,"60,426.03 ",,WL000024958
Department of Health,NHS Swindon CCG,31/07/2018,C&M-PMS Funding Differential Review,PRC DELEGATED CO-COMMISSIONING,DR A DWIVEDI & PARTNERS,22952516,"5,071.49 ",,WL000024958
Department of Health,NHS Swindon CCG,31/07/2018,C&M-PMS PCO Locum Susp Drs,PRC DELEGATED CO-COMMISSIONING,DR A DWIVEDI & PARTNERS,22952516,"4,572.24 ",,WL000024958
Department of Health,NHS Swindon CCG,31/07/2018,C&M-PMS PCO Other,PRC DELEGATED CO-COMMISSIONING,DR A DWIVEDI & PARTNERS,22952516,"8,509.00 ",,WL000024958
Department of Health,NHS Swindon CCG,31/07/2018,C&M-PMS Prem Actual Rent,PRC DELEGATED CO-COMMISSIONING,DR A DWIVEDI & PARTNERS,22952516,"3,070.83 ",,WL000024958
Department of Health,NHS Swindon CCG,31/07/2018,C&M-PMS Prem Notional Rent,PRC DELEGATED CO-COMMISSIONING,DR A DWIVEDI & PARTNERS,22952516,"7,650.00 ",,WL000024958
Department of Health,NHS Swindon CCG,31/07/2018,C&M-PMS Prof fees Prescribing,PRC DELEGATED CO-COMMISSIONING,DR A DWIVEDI & PARTNERS,22952516,383.92 ,,WL000024958
Department of Health,NHS Swindon CCG,31/07/2018,C&M-PMS QOF Aspiration,PRC DELEGATED CO-COMMISSIONING,DR A DWIVEDI & PARTNERS,22952516,"6,313.68 ",,WL000024958
Department of Health,NHS Swindon CCG,31/07/2018,C&M-PMS Baseline Adjustment,PRC DELEGATED CO-COMMISSIONING,DR A NEWELL & PARTNERS,22952518,193.37 ,,WL000024960
Department of Health,NHS Swindon CCG,31/07/2018,C&M-PMS Contract Value,PRC DELEGATED CO-COMMISSIONING,DR A NEWELL & PARTNERS,22952518,"64,987.49 ",,WL000024960
Department of Health,NHS Swindon CCG,31/07/2018,C&M-PMS DES Extended Hours Access,PRC DELEGATED CO-COMMISSIONING,DR A NEWELL & PARTNERS,22952518,"1,360.72 ",,WL000024960
Department of Health,NHS Swindon CCG,31/07/2018,C&M-PMS DES Learn Dsblty Hlth Chk,PRC DELEGATED CO-COMMISSIONING,DR A NEWELL & PARTNERS,22952518,280.00 ,,WL000024960
Department of Health,NHS Swindon CCG,31/07/2018,C&M-PMS Funding Differential Review,PRC DELEGATED CO-COMMISSIONING,DR A NEWELL & PARTNERS,22952518,"1,045.06 ",,WL000024960
Department of Health,NHS Swindon CCG,31/07/2018,C&M-PMS Prem Actual Rent,PRC DELEGATED CO-COMMISSIONING,DR A NEWELL & PARTNERS,22952518,"11,950.80 ",,WL000024960
Department of Health,NHS Swindon CCG,31/07/2018,C&M-PMS Prof fees Prescribing,PRC DELEGATED CO-COMMISSIONING,DR A NEWELL & PARTNERS,22952518,477.33 ,,WL000024960
Department of Health,NHS Swindon CCG,31/07/2018,C&M-PMS QOF Aspiration,PRC DELEGATED CO-COMMISSIONING,DR A NEWELL & PARTNERS,22952518,"7,495.99 ",,WL000024960
Department of Health,NHS Swindon CCG,31/07/2018,C&M-APMS Contract Value,PRC DELEGATED CO-COMMISSIONING,DR J MORRIS & PARTNER,22952520,"85,889.56 ",,WL000024962
Department of Health,NHS Swindon CCG,31/07/2018,C&M-APMS PCO Locum Adop/Pat/Mat,PRC DELEGATED CO-COMMISSIONING,DR J MORRIS & PARTNER,22952520,"1,429.60 ",,WL000024962
Department of Health,NHS Swindon CCG,31/07/2018,C&M-APMS Prof Fees Prescribing,PRC DELEGATED CO-COMMISSIONING,DR J MORRIS & PARTNER,22952520,470.81 ,,WL000024962
Department of Health,NHS Swindon CCG,31/07/2018,C&M-PMS QOF Aspiration,PRC DELEGATED CO-COMMISSIONING,DR J MORRIS & PARTNER,22952520,"4,202.12 ",,WL000024962
Department of Health,NHS Swindon CCG,31/07/2018,C&M-PMS Baseline Adjustment,PRC DELEGATED CO-COMMISSIONING,DR MACINTYRE & PARTNERS,22952522,225.74 ,,WL000024964
Department of Health,NHS Swindon CCG,31/07/2018,C&M-PMS Contract Value,PRC DELEGATED CO-COMMISSIONING,DR MACINTYRE & PARTNERS,22952522,"69,059.87 ",,WL000024964
Department of Health,NHS Swindon CCG,31/07/2018,C&M-PMS DES Extended Hours Access,PRC DELEGATED CO-COMMISSIONING,DR MACINTYRE & PARTNERS,22952522,"1,588.56 ",,WL000024964
Department of Health,NHS Swindon CCG,31/07/2018,C&M-PMS Funding Differential Review,PRC DELEGATED CO-COMMISSIONING,DR MACINTYRE & PARTNERS,22952522,776.81 ,,WL000024964
Department of Health,NHS Swindon CCG,31/07/2018,C&M-PMS Prem Actual Rent,PRC DELEGATED CO-COMMISSIONING,DR MACINTYRE & PARTNERS,22952522,"1,842.54 ",,WL000024964
Department of Health,NHS Swindon CCG,31/07/2018,C&M-PMS Prem Rates,PRC DELEGATED CO-COMMISSIONING,DR MACINTYRE & PARTNERS,22952522,"20,281.24 ",,WL000024964
Department of Health,NHS Swindon CCG,31/07/2018,C&M-PMS Prem Water Rates,PRC DELEGATED CO-COMMISSIONING,DR MACINTYRE & PARTNERS,22952522,"3,849.75 ",,WL000024964
Department of Health,NHS Swindon CCG,31/07/2018,C&M-PMS Prof fees Prescribing,PRC DELEGATED CO-COMMISSIONING,DR MACINTYRE & PARTNERS,22952522,785.42 ,,WL000024964
Department of Health,NHS Swindon CCG,31/07/2018,C&M-PMS QOF Aspiration,PRC DELEGATED CO-COMMISSIONING,DR MACINTYRE & PARTNERS,22952522,"7,272.99 ",,WL000024964
Department of Health,NHS Swindon CCG,31/07/2018,C&M-PMS Baseline Adjustment,PRC DELEGATED CO-COMMISSIONING,DR S C HICKS & PARTNERS,22952524,378.54 ,,WL000024966
Department of Health,NHS Swindon CCG,31/07/2018,C&M-PMS Contract Value,PRC DELEGATED CO-COMMISSIONING,DR S C HICKS & PARTNERS,22952524,"101,326.40 ",,WL000024966
Department of Health,NHS Swindon CCG,31/07/2018,C&M-PMS DES Extended Hours Access,PRC DELEGATED CO-COMMISSIONING,DR S C HICKS & PARTNERS,22952524,"2,663.80 ",,WL000024966
Department of Health,NHS Swindon CCG,31/07/2018,C&M-PMS Funding Differential Review,PRC DELEGATED CO-COMMISSIONING,DR S C HICKS & PARTNERS,22952524,"4,351.92 ",,WL000024966
Department of Health,NHS Swindon CCG,31/07/2018,C&M-PMS PCO Other,PRC DELEGATED CO-COMMISSIONING,DR S C HICKS & PARTNERS,22952524,"10,162.00 ",,WL000024966
Department of Health,NHS Swindon CCG,31/07/2018,C&M-PMS Prem Notional Rent,PRC DELEGATED CO-COMMISSIONING,DR S C HICKS & PARTNERS,22952524,"11,962.50 ",,WL000024966
Department of Health,NHS Swindon CCG,31/07/2018,C&M-PMS Prem Water Rates,PRC DELEGATED CO-COMMISSIONING,DR S C HICKS & PARTNERS,22952524,"2,639.40 ",,WL000024966
Department of Health,NHS Swindon CCG,31/07/2018,C&M-PMS Prof fees Prescribing,PRC DELEGATED CO-COMMISSIONING,DR S C HICKS & PARTNERS,22952524,482.92 ,,WL000024966
Department of Health,NHS Swindon CCG,31/07/2018,C&M-PMS QOF Aspiration,PRC DELEGATED CO-COMMISSIONING,DR S C HICKS & PARTNERS,22952524,"11,322.41 ",,WL000024966
Department of Health,NHS Swindon CCG,31/07/2018,C&M-PMS Baseline Adjustment,PRC DELEGATED CO-COMMISSIONING,DR SRM BROOKE & PARTNERS,22952526,"5,536.67 ",,WL000024968
Department of Health,NHS Swindon CCG,31/07/2018,C&M-PMS Contract Value,PRC DELEGATED CO-COMMISSIONING,DR SRM BROOKE & PARTNERS,22952526,"65,945.67 ",,WL000024968
Department of Health,NHS Swindon CCG,31/07/2018,C&M-PMS DES Extended Hours Access,PRC DELEGATED CO-COMMISSIONING,DR SRM BROOKE & PARTNERS,22952526,"1,561.33 ",,WL000024968
Department of Health,NHS Swindon CCG,31/07/2018,C&M-PMS Funding Differential Review,PRC DELEGATED CO-COMMISSIONING,DR SRM BROOKE & PARTNERS,22952526,"1,679.75 ",,WL000024968
Department of Health,NHS Swindon CCG,31/07/2018,C&M-PMS PCO Other,PRC DELEGATED CO-COMMISSIONING,DR SRM BROOKE & PARTNERS,22952526,"4,526.00 ",,WL000024968
Department of Health,NHS Swindon CCG,31/07/2018,C&M-PMS Prem Cost Rent,PRC DELEGATED CO-COMMISSIONING,DR SRM BROOKE & PARTNERS,22952526,"4,117.58 ",,WL000024968
Department of Health,NHS Swindon CCG,31/07/2018,C&M-PMS Prof fees Prescribing,PRC DELEGATED CO-COMMISSIONING,DR SRM BROOKE & PARTNERS,22952526,548.83 ,,WL000024968
Department of Health,NHS Swindon CCG,31/07/2018,C&M-PMS QOF Aspiration,PRC DELEGATED CO-COMMISSIONING,DR SRM BROOKE & PARTNERS,22952526,"7,103.84 ",,WL000024968
Department of Health,NHS Swindon CCG,31/07/2018,C&M-PMS Baseline Adjustment,PRC DELEGATED CO-COMMISSIONING,KINGSWOOD SURGERY,22952528,226.22 ,,WL000024970
Department of Health,NHS Swindon CCG,31/07/2018,C&M-PMS Contract Value,PRC DELEGATED CO-COMMISSIONING,KINGSWOOD SURGERY,22952528,"73,979.44 ",,WL000024970
Department of Health,NHS Swindon CCG,31/07/2018,C&M-PMS DES Extended Hours Access,PRC DELEGATED CO-COMMISSIONING,KINGSWOOD SURGERY,22952528,"1,591.88 ",,WL000024970
Department of Health,NHS Swindon CCG,31/07/2018,C&M-PMS Funding Differential Review,PRC DELEGATED CO-COMMISSIONING,KINGSWOOD SURGERY,22952528,400.58 ,,WL000024970
Department of Health,NHS Swindon CCG,31/07/2018,C&M-PMS PCO Other,PRC DELEGATED CO-COMMISSIONING,KINGSWOOD SURGERY,22952528,"6,250.00 ",,WL000024970
Department of Health,NHS Swindon CCG,31/07/2018,C&M-PMS Prem Notional Rent,PRC DELEGATED CO-COMMISSIONING,KINGSWOOD SURGERY,22952528,"6,700.00 ",,WL000024970
Department of Health,NHS Swindon CCG,31/07/2018,C&M-PMS Prof fees Prescribing,PRC DELEGATED CO-COMMISSIONING,KINGSWOOD SURGERY,22952528,549.58 ,,WL000024970
Department of Health,NHS Swindon CCG,31/07/2018,C&M-PMS QOF Aspiration,PRC DELEGATED CO-COMMISSIONING,KINGSWOOD SURGERY,22952528,"8,550.45 ",,WL000024970
Department of Health,NHS Swindon CCG,31/07/2018,C&M-APMS Contract Value,PRC DELEGATED CO-COMMISSIONING,GREAT WESTERN SURGERY,22952530,"39,113.25 ",,WL000024972
Department of Health,NHS Swindon CCG,31/07/2018,C&M-APMS DES Extended Hours Access,PRC DELEGATED CO-COMMISSIONING,GREAT WESTERN SURGERY,22952530,854.84 ,,WL000024972
Department of Health,NHS Swindon CCG,31/07/2018,C&M-APMS Prem Notional Rent,PRC DELEGATED CO-COMMISSIONING,GREAT WESTERN SURGERY,22952530,"4,000.00 ",,WL000024972
Department of Health,NHS Swindon CCG,31/07/2018,C&M-PMS QOF Aspiration,PRC DELEGATED CO-COMMISSIONING,GREAT WESTERN SURGERY,22952530,"3,902.39 ",,WL000024972
Department of Health,NHS Swindon CCG,31/07/2018,Apprenticeship Levy Payable,BALANCE SHEET,HMRC,22978195,465.00 ,,120PL005674831903
Department of Health,NHS Swindon CCG,31/07/2018,Income tax <1Yr,BALANCE SHEET,HMRC,22978195,"49,424.60 ",,120PL005674831903
Department of Health,NHS Swindon CCG,31/07/2018,Income tax <1Yr-Student Loans,BALANCE SHEET,HMRC,22978195,868.00 ,,120PL005674831903
Department of Health,NHS Swindon CCG,31/07/2018,National Insurance < 1 yr-NI- ERS,BALANCE SHEET,HMRC,22978195,"35,919.15 ",,120PL005674831903
Department of Health,NHS Swindon CCG,31/07/2018,National Insurance < 1 yr-NI-EES,BALANCE SHEET,HMRC,22978195,"26,167.13 ",,120PL005674831903
Department of Health,NHS Swindon CCG,31/07/2018,Statutory Mat Pay < 1 yr,BALANCE SHEET,HMRC,22978195,"(1,068.56)",,120PL005674831903
Department of Health,NHS Swindon CCG,31/07/2018,C&M-APMS Contract Value,PRC DELEGATED CO-COMMISSIONING,CARFAX HEALTH ENTERPRISE,22979974,"88,480.74 ",,WL000024956
Department of Health,NHS Swindon CCG,31/07/2018,C&M-APMS DES Extended Hours Access,PRC DELEGATED CO-COMMISSIONING,CARFAX HEALTH ENTERPRISE,22979974,"2,380.38 ",,WL000024956
Department of Health,NHS Swindon CCG,31/07/2018,C&M-APMS Prem Actual Rent,PRC DELEGATED CO-COMMISSIONING,CARFAX HEALTH ENTERPRISE,22979974,"3,093.67 ",,WL000024956
Department of Health,NHS Swindon CCG,31/07/2018,C&M-PMS Prem Water Rates,PRC DELEGATED CO-COMMISSIONING,CARFAX HEALTH ENTERPRISE,22979974,"11,993.62 ",,WL000024956
Department of Health,NHS Swindon CCG,31/07/2018,C&M-PMS QOF Aspiration,PRC DELEGATED CO-COMMISSIONING,CARFAX HEALTH ENTERPRISE,22979974,"6,832.53 ",,WL000024956
Department of Health,NHS Swindon CCG,31/07/2018,ME - PMS GP Prior Year ERs,PRC DELEGATED CO-COMMISSIONING,CARFAX HEALTH ENTERPRISE,22979974,99.61 ,,WL000024956
Department of Health,NHS Swindon CCG,31/07/2018,ME-PMS GP Prior Year EEs,PRC DELEGATED CO-COMMISSIONING,CARFAX HEALTH ENTERPRISE,22979974,67.74 ,,WL000024956
Department of Health,NHS Swindon CCG,31/07/2018,Cont Care- Adult 100% Fully Funded,CHC ADULT FULLY FUNDED,SWINDON BOROUGH COUNCIL,22990274,"130,435.44 ",,241587905
Department of Health,NHS Swindon CCG,31/07/2018,Cont Care- Adult 100% Fully Funded,CHC ADULT FULLY FUNDED,SWINDON BOROUGH COUNCIL,22990280,"26,298.22 ",,241587875
Department of Health,NHS Swindon CCG,31/07/2018,Cont Care- Adult 100% Fully Funded,CHC ADULT FULLY FUNDED,SWINDON BOROUGH COUNCIL,22990286,"64,777.36 ",,241587913
Department of Health,NHS Swindon CCG,31/07/2018,Charges from CSU,OPERATIONS MANAGEMENT,NHS SOUTH CENTRAL AND WEST COMMISSIONING SUPPORT UNIT,22990334,"51,306.00 ",,7312706094
Department of Health,NHS Swindon CCG,31/07/2018,C&M-GMS Practice Transformational Support,LOCAL ENHANCED SERVICES,QMASTERS MEDICAL INFORMATICS LTD,22990395,"28,740.00 ",,INV2349
Department of Health,NHS Swindon CCG,31/07/2018,Other Gen Supplies & Srv,CONTINUING HEALTHCARE ASSESSMENT & SUPPORT,CHS HEALTHCARE,22990613,"53,856.00 ",,26105
Department of Health,NHS Swindon CCG,31/07/2018,Charges from CSU,OPERATIONS MANAGEMENT,NHS SOUTH CENTRAL AND WEST COMMISSIONING SUPPORT UNIT,22990632,"(51,306.00)",,7312706336
Department of Health,NHS Swindon CCG,31/07/2018,C&M-GMS Global Sum,PRC DELEGATED CO-COMMISSIONING,DR P R MACK & PARTNERS,22993804,"40,000.00 ",,101735-03-JUL-2018
Department of Health,NHS Swindon CCG,31/07/2018,Charges from CSU,OPERATIONS MANAGEMENT,NHS SOUTH CENTRAL AND WEST COMMISSIONING SUPPORT UNIT,23062657,"51,306.00 ",,7312705717
Department of Health,NHS Swindon CCG,31/07/2018,Charges from CSU,OPERATIONS MANAGEMENT,NHS SOUTH CENTRAL AND WEST COMMISSIONING SUPPORT UNIT,23062680,"51,306.00 ",,7312705894
Department of Health,NHS Swindon CCG,31/07/2018,Charges from CSU,OPERATIONS MANAGEMENT,NHS SOUTH CENTRAL AND WEST COMMISSIONING SUPPORT UNIT,23062720,"51,306.25 ",,7312706090
Department of Health,NHS Swindon CCG,31/07/2018,C&M-PMS Practice Transformational Support,LOCAL ENHANCED SERVICES,DR SC PIGOTT & PARTNERS,23062744,"44,100.00 ",,2010
Department of Health,NHS Swindon CCG,31/07/2018,Clinical&Medical-Clinical Other,ACUTE COMMISSIONING,OXFORD FERTILITY UNIT,23062751,"38,174.00 ",,PSI000061
Department of Health,NHS Swindon CCG,31/07/2018,Services From Local Authorities,Winter Resilience,SWINDON BOROUGH COUNCIL,23062783,"37,252.30 ",,241639204
Department of Health,NHS Swindon CCG,31/07/2018,Clinical&Medical-Commercial Sector,PRIMARY CARE INVESTMENTS,MEDVIVO GROUP LTD,23062983,"104,166.67 ",,0000013880
Department of Health,NHS Swindon CCG,31/07/2018,Clinical&Medical-Commercial Sector,NHS 111,MEDVIVO GROUP LTD,23062987,"(69,531.25)",,000014607
Department of Health,NHS Swindon CCG,31/07/2018,Clinical&Medical-Commercial Sector,NHS 111,MEDVIVO GROUP LTD,23063002,"69,531.25 ",,0000014607
Department of Health,NHS Swindon CCG,31/07/2018,Clinical&Medical-Clinical Other,NHS 111,MEDVIVO GROUP LTD,23063011,"61,590.70 ",,0000014608
Department of Health,NHS Swindon CCG,31/07/2018,Social Care-Res Long Stay Exp,MENTAL HEALTH CONTRACTS,RETHINK,23063064,"44,100.00 ",,17197
Department of Health,NHS Swindon CCG,31/07/2018,C&M-APMS LES Basket of Procedures,LOCAL ENHANCED SERVICES,CARFAX HEALTH ENTERPRISE,23132407,"29,088.00 ",,101736-18-JUL-2018
Department of Health,NHS Swindon CCG,31/07/2018,C&M-APMS LES Urgent Care,LOCAL ENHANCED SERVICES,CARFAX HEALTH ENTERPRISE,23132407,"14,364.00 ",,101736-18-JUL-2018
Department of Health,NHS Swindon CCG,31/07/2018,Clinical&Medical-Othe Public Sector,PROGRAMME PROJECTS,SWINDON BOROUGH COUNCIL,23132408,"1,000,000.00 ",,101737-18-JUL-2018
Department of Health,NHS Swindon CCG,31/07/2018,C&M-GMS Practice Transformational Support,LOCAL ENHANCED SERVICES,DR C LLOYD & PARTNERS,23134081,"28,920.00 ",,1037
Department of Health,NHS Swindon CCG,31/07/2018,Hlthcre-Foundation Trsts,COMMUNITY SERVICES,GREAT WESTERN HOSPITALS NHS FOUNDATION TRUST,23134126,"1,416,302.00 ",,16978928
Department of Health,NHS Swindon CCG,31/07/2018,C&M-GMS DES Minor Surgery,PRC DELEGATED CO-COMMISSIONING,DR C LLOYD & PARTNERS,23137873,"7,067.68 ",,101225
Department of Health,NHS Swindon CCG,31/07/2018,C&M-GMS LES Cardiovascular Disease,LOCAL ENHANCED SERVICES,DR C LLOYD & PARTNERS,23137873,750.00 ,,101225
Department of Health,NHS Swindon CCG,31/07/2018,C&M-GMS LES Care Home/Nursing Home,LOCAL ENHANCED SERVICES,DR C LLOYD & PARTNERS,23137873,"10,450.00 ",,101225
Department of Health,NHS Swindon CCG,31/07/2018,C&M-GMS LES Care of Homeless,LOCAL ENHANCED SERVICES,DR C LLOYD & PARTNERS,23137873,"1,056.91 ",,101225
Department of Health,NHS Swindon CCG,31/07/2018,C&M-GMS LES Complex Wound Care,LOCAL ENHANCED SERVICES,DR C LLOYD & PARTNERS,23137873,"1,984.00 ",,101225
Department of Health,NHS Swindon CCG,31/07/2018,C&M-GMS LES Diabetes-Insulin (GTT),LOCAL ENHANCED SERVICES,DR C LLOYD & PARTNERS,23137873,515.00 ,,101225
Department of Health,NHS Swindon CCG,31/07/2018,C&M-GMS LES GP Specification,LOCAL ENHANCED SERVICES,DR C LLOYD & PARTNERS,23137873,"1,895.25 ",,101225
Department of Health,NHS Swindon CCG,31/07/2018,C&M-GMS LES MMR > 16 year ES,LOCAL ENHANCED SERVICES,DR C LLOYD & PARTNERS,23137873,402.00 ,,101225
Department of Health,NHS Swindon CCG,31/07/2018,C&M-GMS LES Micro-suction Ear Serv,LOCAL ENHANCED SERVICES,DR C LLOYD & PARTNERS,23137873,"2,163.00 ",,101225
Department of Health,NHS Swindon CCG,31/07/2018,C&M-GMS LES Post Operative Care,LOCAL ENHANCED SERVICES,DR C LLOYD & PARTNERS,23137873,420.00 ,,101225
Department of Health,NHS Swindon CCG,31/07/2018,C&M-GMS LES Presc Incentive Sch,LOCAL ENHANCED SERVICES,DR C LLOYD & PARTNERS,23137873,"6,707.00 ",,101225
Department of Health,NHS Swindon CCG,31/07/2018,C&M-GMS LES Safeguarding,LOCAL ENHANCED SERVICES,DR C LLOYD & PARTNERS,23137873,10.00 ,,101225
Department of Health,NHS Swindon CCG,31/07/2018,C&M-GMS LES Sec Care Initiated Drgs,LOCAL ENHANCED SERVICES,DR C LLOYD & PARTNERS,23137873,30.52 ,,101225
Department of Health,NHS Swindon CCG,31/07/2018,C&M-GMS LES Zoladex,LOCAL ENHANCED SERVICES,DR C LLOYD & PARTNERS,23137873,488.96 ,,101225
Department of Health,NHS Swindon CCG,31/07/2018,C&M-GMS NES IUCD,LOCAL ENHANCED SERVICES,DR C LLOYD & PARTNERS,23137873,429.15 ,,101225
Department of Health,NHS Swindon CCG,31/07/2018,C&M-PMS DES OOAR in hrs urgentcare,PRC DELEGATED CO-COMMISSIONING,DR C LLOYD & PARTNERS,23137873,587.19 ,,101225
Department of Health,NHS Swindon CCG,31/07/2018,C&M-GMS Cost of Drugs -Dispensing,LOCAL ENHANCED SERVICES,DR C LLOYD & PARTNERS,23148242,"(22,566.12)",,WL000025026
Department of Health,NHS Swindon CCG,31/07/2018,C&M-GMS GP Statutory Levy,PRC DELEGATED CO-COMMISSIONING,DR C LLOYD & PARTNERS,23148242,(436.00),,WL000025026
Department of Health,NHS Swindon CCG,31/07/2018,C&M-GMS PrscChrgsCll&RmttdbyGPCntra,PRC DELEGATED CO-COMMISSIONING,DR C LLOYD & PARTNERS,23148242,(959.20),,WL000025026
Department of Health,NHS Swindon CCG,31/07/2018,ME-GMS GP Pension EEs,PRC DELEGATED CO-COMMISSIONING,DR C LLOYD & PARTNERS,23148242,"(15,504.52)",,WL000025026
Department of Health,NHS Swindon CCG,31/07/2018,ME-GMS GP Pension ERs Adjustments,PRC DELEGATED CO-COMMISSIONING,DR C LLOYD & PARTNERS,23148242,"(15,789.16)",,WL000025026
Department of Health,NHS Swindon CCG,31/07/2018,C&M-GMS Cost of Drugs -Dispensing,LOCAL ENHANCED SERVICES,DR C LLOYD & PARTNERS,23148243,"37,521.16 ",,WL000025027
Department of Health,NHS Swindon CCG,31/07/2018,C&M-GMS DES Extended Hours Access,PRC DELEGATED CO-COMMISSIONING,DR C LLOYD & PARTNERS,23148243,"2,234.88 ",,WL000025027
Department of Health,NHS Swindon CCG,31/07/2018,C&M-GMS DES Learn Dsblty Hlth Chk,PRC DELEGATED CO-COMMISSIONING,DR C LLOYD & PARTNERS,23148243,"1,400.00 ",,WL000025027
Department of Health,NHS Swindon CCG,31/07/2018,C&M-GMS Global Sum,PRC DELEGATED CO-COMMISSIONING,DR C LLOYD & PARTNERS,23148243,"108,566.32 ",,WL000025027
Department of Health,NHS Swindon CCG,31/07/2018,C&M-GMS PCO Locum Adop/Pat/Mat,PRC DELEGATED CO-COMMISSIONING,DR C LLOYD & PARTNERS,23148243,"1,417.30 ",,WL000025027
Department of Health,NHS Swindon CCG,31/07/2018,C&M-GMS PCO Other,PRC DELEGATED CO-COMMISSIONING,DR C LLOYD & PARTNERS,23148243,"6,385.00 ",,WL000025027
Department of Health,NHS Swindon CCG,31/07/2018,C&M-GMS Prem Notional Rent,PRC DELEGATED CO-COMMISSIONING,DR C LLOYD & PARTNERS,23148243,"9,053.75 ",,WL000025027
Department of Health,NHS Swindon CCG,31/07/2018,C&M-GMS Prem Rates,PRC DELEGATED CO-COMMISSIONING,DR C LLOYD & PARTNERS,23148243,"5,567.40 ",,WL000025027
Department of Health,NHS Swindon CCG,31/07/2018,C&M-GMS Prof Fees Dispensing,PRC DELEGATED CO-COMMISSIONING,DR C LLOYD & PARTNERS,23148243,"7,603.40 ",,WL000025027
Department of Health,NHS Swindon CCG,31/07/2018,C&M-GMS PrscrptnChrgsColl&RmttdbyGP,LOCAL ENHANCED SERVICES,DR C LLOYD & PARTNERS,23148243,959.20 ,,WL000025027
Department of Health,NHS Swindon CCG,31/07/2018,C&M-GMS QOF Aspiration,PRC DELEGATED CO-COMMISSIONING,DR C LLOYD & PARTNERS,23148243,"12,607.46 ",,WL000025027
Department of Health,NHS Swindon CCG,31/07/2018,ME - GMS GP Prior Year ERs,PRC DELEGATED CO-COMMISSIONING,DR C LLOYD & PARTNERS,23148243,"1,850.72 ",,WL000025027
Department of Health,NHS Swindon CCG,31/07/2018,ME-GMS GP Pension EEs Adjustments,PRC DELEGATED CO-COMMISSIONING,DR C LLOYD & PARTNERS,23148243,169.16 ,,WL000025027
Department of Health,NHS Swindon CCG,31/07/2018,ME-GMS GP Pension ERs Adjustments,PRC DELEGATED CO-COMMISSIONING,DR C LLOYD & PARTNERS,23148243,167.76 ,,WL000025027
Department of Health,NHS Swindon CCG,31/07/2018,ME-GMS GP Prior Year EEs,PRC DELEGATED CO-COMMISSIONING,DR C LLOYD & PARTNERS,23148243,"1,866.17 ",,WL000025027
Department of Health,NHS Swindon CCG,31/07/2018,C&M-GMS Cost of Drugs -Dispensing,LOCAL ENHANCED SERVICES,DR AWB CROCKETT & PARTNERS,23148244,"(22,362.95)",,WL000025028
Department of Health,NHS Swindon CCG,31/07/2018,C&M-GMS GP Statutory Levy,PRC DELEGATED CO-COMMISSIONING,DR AWB CROCKETT & PARTNERS,23148244,(221.00),,WL000025028
Department of Health,NHS Swindon CCG,31/07/2018,C&M-GMS PrscChrgsCll&RmttdbyGPCntra,PRC DELEGATED CO-COMMISSIONING,DR AWB CROCKETT & PARTNERS,23148244,"(2,543.20)",,WL000025028
Department of Health,NHS Swindon CCG,31/07/2018,ME-GMS GP Pension EEs,PRC DELEGATED CO-COMMISSIONING,DR AWB CROCKETT & PARTNERS,23148244,"(3,898.33)",,WL000025028
Department of Health,NHS Swindon CCG,31/07/2018,ME-GMS GP Pension ERs Adjustments,PRC DELEGATED CO-COMMISSIONING,DR AWB CROCKETT & PARTNERS,23148244,"(3,978.47)",,WL000025028
Department of Health,NHS Swindon CCG,31/07/2018,C&M-GMS Cost of Drugs -Dispensing,LOCAL ENHANCED SERVICES,DR AWB CROCKETT & PARTNERS,23148245,"48,300.35 ",,WL000025029
Department of Health,NHS Swindon CCG,31/07/2018,C&M-GMS DES Extended Hours Access,PRC DELEGATED CO-COMMISSIONING,DR AWB CROCKETT & PARTNERS,23148245,"1,138.89 ",,WL000025029
Department of Health,NHS Swindon CCG,31/07/2018,C&M-GMS Global Sum,PRC DELEGATED CO-COMMISSIONING,DR AWB CROCKETT & PARTNERS,23148245,"50,551.23 ",,WL000025029
Department of Health,NHS Swindon CCG,31/07/2018,C&M-GMS MPIG Correction Factor,PRC DELEGATED CO-COMMISSIONING,DR AWB CROCKETT & PARTNERS,23148245,"1,765.72 ",,WL000025029
Department of Health,NHS Swindon CCG,31/07/2018,C&M-GMS Prem Notional Rent,PRC DELEGATED CO-COMMISSIONING,DR AWB CROCKETT & PARTNERS,23148245,"2,845.83 ",,WL000025029
Department of Health,NHS Swindon CCG,31/07/2018,C&M-GMS Prem Rates,PRC DELEGATED CO-COMMISSIONING,DR AWB CROCKETT & PARTNERS,23148245,"10,080.00 ",,WL000025029
Department of Health,NHS Swindon CCG,31/07/2018,C&M-GMS Prof Fees Dispensing,PRC DELEGATED CO-COMMISSIONING,DR AWB CROCKETT & PARTNERS,23148245,"7,753.60 ",,WL000025029
Department of Health,NHS Swindon CCG,31/07/2018,C&M-GMS PrscrptnChrgsColl&RmttdbyGP,LOCAL ENHANCED SERVICES,DR AWB CROCKETT & PARTNERS,23148245,"2,543.20 ",,WL000025029
Department of Health,NHS Swindon CCG,31/07/2018,C&M-GMS QOF Aspiration,PRC DELEGATED CO-COMMISSIONING,DR AWB CROCKETT & PARTNERS,23148245,"3,914.14 ",,WL000025029
Department of Health,NHS Swindon CCG,31/07/2018,C&M-GMS Cost of Drugs -Prescribing,LOCAL ENHANCED SERVICES,DR E HOLLIDAY & PARTNERS,23148247,"2,292.85 ",,WL000025031
Department of Health,NHS Swindon CCG,31/07/2018,C&M-GMS Global Sum,PRC DELEGATED CO-COMMISSIONING,DR E HOLLIDAY & PARTNERS,23148247,"52,384.38 ",,WL000025031
Department of Health,NHS Swindon CCG,31/07/2018,C&M-GMS MPIG Correction Factor,PRC DELEGATED CO-COMMISSIONING,DR E HOLLIDAY & PARTNERS,23148247,715.61 ,,WL000025031
Department of Health,NHS Swindon CCG,31/07/2018,C&M-GMS PCO Other,PRC DELEGATED CO-COMMISSIONING,DR E HOLLIDAY & PARTNERS,23148247,"5,021.00 ",,WL000025031
Department of Health,NHS Swindon CCG,31/07/2018,C&M-GMS Prem Actual Rent,PRC DELEGATED CO-COMMISSIONING,DR E HOLLIDAY & PARTNERS,23148247,"33,900.00 ",,WL000025031
Department of Health,NHS Swindon CCG,31/07/2018,C&M-GMS Prem Rates,PRC DELEGATED CO-COMMISSIONING,DR E HOLLIDAY & PARTNERS,23148247,"17,644.22 ",,WL000025031
Department of Health,NHS Swindon CCG,31/07/2018,C&M-GMS Prem Water Rates,PRC DELEGATED CO-COMMISSIONING,DR E HOLLIDAY & PARTNERS,23148247,508.17 ,,WL000025031
Department of Health,NHS Swindon CCG,31/07/2018,C&M-GMS Prof Fees Prescribing,PRC DELEGATED CO-COMMISSIONING,DR E HOLLIDAY & PARTNERS,23148247,278.30 ,,WL000025031
Department of Health,NHS Swindon CCG,31/07/2018,C&M-GMS QOF Aspiration,PRC DELEGATED CO-COMMISSIONING,DR E HOLLIDAY & PARTNERS,23148247,"5,149.11 ",,WL000025031
Department of Health,NHS Swindon CCG,31/07/2018,C&M-GMS Cost of Drugs -Prescribing,LOCAL ENHANCED SERVICES,DR H G THOMAS & PARNTERS,23148249,"1,980.19 ",,WL000025033
Department of Health,NHS Swindon CCG,31/07/2018,C&M-GMS DES Extended Hours Access,PRC DELEGATED CO-COMMISSIONING,DR H G THOMAS & PARNTERS,23148249,"2,346.66 ",,WL000025033
Department of Health,NHS Swindon CCG,31/07/2018,C&M-GMS Global Sum,PRC DELEGATED CO-COMMISSIONING,DR H G THOMAS & PARNTERS,23148249,"99,635.26 ",,WL000025033
Department of Health,NHS Swindon CCG,31/07/2018,C&M-GMS PCO Locum Sickness,PRC DELEGATED CO-COMMISSIONING,DR H G THOMAS & PARNTERS,23148249,"6,694.56 ",,WL000025033
Department of Health,NHS Swindon CCG,31/07/2018,C&M-GMS Prem Cost Rent,PRC DELEGATED CO-COMMISSIONING,DR H G THOMAS & PARNTERS,23148249,"5,706.33 ",,WL000025033
Department of Health,NHS Swindon CCG,31/07/2018,C&M-GMS Prem Rates,PRC DELEGATED CO-COMMISSIONING,DR H G THOMAS & PARNTERS,23148249,"13,443.21 ",,WL000025033
Department of Health,NHS Swindon CCG,31/07/2018,C&M-GMS Prem Water Rates,PRC DELEGATED CO-COMMISSIONING,DR H G THOMAS & PARNTERS,23148249,162.14 ,,WL000025033
Department of Health,NHS Swindon CCG,31/07/2018,C&M-GMS Prof Fees Prescribing,PRC DELEGATED CO-COMMISSIONING,DR H G THOMAS & PARNTERS,23148249,763.60 ,,WL000025033
Department of Health,NHS Swindon CCG,31/07/2018,C&M-GMS QOF Aspiration,PRC DELEGATED CO-COMMISSIONING,DR H G THOMAS & PARNTERS,23148249,"10,760.28 ",,WL000025033
Department of Health,NHS Swindon CCG,31/07/2018,C&M-GMS Cost of Drugs -Prescribing,LOCAL ENHANCED SERVICES,DR HEATON & PARTNERS,23148251,"1,055.22 ",,WL000025035
Department of Health,NHS Swindon CCG,31/07/2018,C&M-GMS DES Extended Hours Access,PRC DELEGATED CO-COMMISSIONING,DR HEATON & PARTNERS,23148251,"1,337.44 ",,WL000025035
Department of Health,NHS Swindon CCG,31/07/2018,C&M-GMS Global Sum,PRC DELEGATED CO-COMMISSIONING,DR HEATON & PARTNERS,23148251,"53,469.53 ",,WL000025035
Department of Health,NHS Swindon CCG,31/07/2018,C&M-GMS MPIG Correction Factor,PRC DELEGATED CO-COMMISSIONING,DR HEATON & PARTNERS,23148251,538.45 ,,WL000025035
Department of Health,NHS Swindon CCG,31/07/2018,C&M-GMS Prof Fees Prescribing,PRC DELEGATED CO-COMMISSIONING,DR HEATON & PARTNERS,23148251,220.80 ,,WL000025035
Department of Health,NHS Swindon CCG,31/07/2018,C&M-GMS QOF Aspiration,PRC DELEGATED CO-COMMISSIONING,DR HEATON & PARTNERS,23148251,"5,005.41 ",,WL000025035
Department of Health,NHS Swindon CCG,31/07/2018,C&M-GMS Cost of Drugs -Prescribing,LOCAL ENHANCED SERVICES,DR FM KILLICK & PARTNERS,23148253,"2,263.72 ",,WL000025037
Department of Health,NHS Swindon CCG,31/07/2018,C&M-GMS DES Extended Hours Access,PRC DELEGATED CO-COMMISSIONING,DR FM KILLICK & PARTNERS,23148253,"1,169.13 ",,WL000025037
Department of Health,NHS Swindon CCG,31/07/2018,C&M-GMS Global Sum,PRC DELEGATED CO-COMMISSIONING,DR FM KILLICK & PARTNERS,23148253,"53,301.15 ",,WL000025037
Department of Health,NHS Swindon CCG,31/07/2018,C&M-GMS MPIG Correction Factor,PRC DELEGATED CO-COMMISSIONING,DR FM KILLICK & PARTNERS,23148253,374.46 ,,WL000025037
Department of Health,NHS Swindon CCG,31/07/2018,C&M-GMS PCO Other,PRC DELEGATED CO-COMMISSIONING,DR FM KILLICK & PARTNERS,23148253,"4,728.00 ",,WL000025037
Department of Health,NHS Swindon CCG,31/07/2018,C&M-GMS Prof Fees Prescribing,PRC DELEGATED CO-COMMISSIONING,DR FM KILLICK & PARTNERS,23148253,301.30 ,,WL000025037
Department of Health,NHS Swindon CCG,31/07/2018,C&M-GMS QOF Aspiration,PRC DELEGATED CO-COMMISSIONING,DR FM KILLICK & PARTNERS,23148253,"5,622.81 ",,WL000025037
Department of Health,NHS Swindon CCG,31/07/2018,C&M-GMS GP Statutory Levy,PRC DELEGATED CO-COMMISSIONING,DR P R MACK & PARTNERS,23148256,(362.00),,WL000025040
Department of Health,NHS Swindon CCG,31/07/2018,C&M-GMS Global Sum,PRC DELEGATED CO-COMMISSIONING,DR P R MACK & PARTNERS,23148256,"(40,000.00)",,WL000025040
Department of Health,NHS Swindon CCG,31/07/2018,ME - GMS TPS Added Years Adj EEs,PRC DELEGATED CO-COMMISSIONING,DR P R MACK & PARTNERS,23148256,(533.75),,WL000025040
Department of Health,NHS Swindon CCG,31/07/2018,ME-GMS GP Pension EEs,PRC DELEGATED CO-COMMISSIONING,DR P R MACK & PARTNERS,23148256,"(3,374.37)",,WL000025040
Department of Health,NHS Swindon CCG,31/07/2018,ME-GMS GP Pension ERs Adjustments,PRC DELEGATED CO-COMMISSIONING,DR P R MACK & PARTNERS,23148256,"(3,493.14)",,WL000025040
Department of Health,NHS Swindon CCG,31/07/2018,C&M-GMS Cost of Drugs -Prescribing,LOCAL ENHANCED SERVICES,DR P R MACK & PARTNERS,23148257,824.27 ,,WL000025041
Department of Health,NHS Swindon CCG,31/07/2018,C&M-GMS DES Extended Hours Access,PRC DELEGATED CO-COMMISSIONING,DR P R MACK & PARTNERS,23148257,"1,832.87 ",,WL000025041
Department of Health,NHS Swindon CCG,31/07/2018,C&M-GMS Global Sum,PRC DELEGATED CO-COMMISSIONING,DR P R MACK & PARTNERS,23148257,"85,204.26 ",,WL000025041
Department of Health,NHS Swindon CCG,31/07/2018,C&M-GMS PCO Other,PRC DELEGATED CO-COMMISSIONING,DR P R MACK & PARTNERS,23148257,"7,141.00 ",,WL000025041
Department of Health,NHS Swindon CCG,31/07/2018,C&M-GMS Prem Notional Rent,PRC DELEGATED CO-COMMISSIONING,DR P R MACK & PARTNERS,23148257,"16,008.34 ",,WL000025041
Department of Health,NHS Swindon CCG,31/07/2018,C&M-GMS Prof Fees Prescribing,PRC DELEGATED CO-COMMISSIONING,DR P R MACK & PARTNERS,23148257,489.90 ,,WL000025041
Department of Health,NHS Swindon CCG,31/07/2018,C&M-GMS QOF Aspiration,PRC DELEGATED CO-COMMISSIONING,DR P R MACK & PARTNERS,23148257,"9,976.24 ",,WL000025041
Department of Health,NHS Swindon CCG,31/07/2018,C&M-GMS Cost of Drugs -Prescribing,LOCAL ENHANCED SERVICES,DR P W SWINYARD & PARTNERS,23148258,430.54 ,,WL000025043
Department of Health,NHS Swindon CCG,31/07/2018,C&M-GMS DES Extended Hours Access,PRC DELEGATED CO-COMMISSIONING,DR P W SWINYARD & PARTNERS,23148258,730.23 ,,WL000025043
Department of Health,NHS Swindon CCG,31/07/2018,C&M-GMS DES Learn Dsblty Hlth Chk,PRC DELEGATED CO-COMMISSIONING,DR P W SWINYARD & PARTNERS,23148258,280.00 ,,WL000025043
Department of Health,NHS Swindon CCG,31/07/2018,C&M-GMS Global Sum,PRC DELEGATED CO-COMMISSIONING,DR P W SWINYARD & PARTNERS,23148258,"28,357.17 ",,WL000025043
Department of Health,NHS Swindon CCG,31/07/2018,C&M-GMS MPIG Correction Factor,PRC DELEGATED CO-COMMISSIONING,DR P W SWINYARD & PARTNERS,23148258,"1,087.08 ",,WL000025043
Department of Health,NHS Swindon CCG,31/07/2018,C&M-GMS Prem Notional Rent,PRC DELEGATED CO-COMMISSIONING,DR P W SWINYARD & PARTNERS,23148258,"3,166.67 ",,WL000025043
Department of Health,NHS Swindon CCG,31/07/2018,C&M-GMS Prem Rates,PRC DELEGATED CO-COMMISSIONING,DR P W SWINYARD & PARTNERS,23148258,"16,265.05 ",,WL000025043
Department of Health,NHS Swindon CCG,31/07/2018,C&M-GMS Prem Water Rates,PRC DELEGATED CO-COMMISSIONING,DR P W SWINYARD & PARTNERS,23148258,604.05 ,,WL000025043
Department of Health,NHS Swindon CCG,31/07/2018,C&M-GMS Prof Fees Prescribing,PRC DELEGATED CO-COMMISSIONING,DR P W SWINYARD & PARTNERS,23148258,119.60 ,,WL000025043
Department of Health,NHS Swindon CCG,31/07/2018,C&M-GMS QOF Aspiration,PRC DELEGATED CO-COMMISSIONING,DR P W SWINYARD & PARTNERS,23148258,"2,693.85 ",,WL000025043
Department of Health,NHS Swindon CCG,31/07/2018,C&M-GMS Cost of Drugs -Prescribing,LOCAL ENHANCED SERVICES,DR RG NIXON & PARTNERS,23148261,"3,247.67 ",,WL000025046
Department of Health,NHS Swindon CCG,31/07/2018,C&M-GMS DES Extended Hours Access,PRC DELEGATED CO-COMMISSIONING,DR RG NIXON & PARTNERS,23148261,"1,652.53 ",,WL000025046
Department of Health,NHS Swindon CCG,31/07/2018,C&M-GMS Global Sum,PRC DELEGATED CO-COMMISSIONING,DR RG NIXON & PARTNERS,23148261,"66,141.49 ",,WL000025046
Department of Health,NHS Swindon CCG,31/07/2018,C&M-GMS MPIG Correction Factor,PRC DELEGATED CO-COMMISSIONING,DR RG NIXON & PARTNERS,23148261,"1,824.63 ",,WL000025046
Department of Health,NHS Swindon CCG,31/07/2018,C&M-GMS PCO Locum Sickness,PRC DELEGATED CO-COMMISSIONING,DR RG NIXON & PARTNERS,23148261,"5,060.00 ",,WL000025046
Department of Health,NHS Swindon CCG,31/07/2018,C&M-GMS PCO Other,PRC DELEGATED CO-COMMISSIONING,DR RG NIXON & PARTNERS,23148261,"6,492.00 ",,WL000025046
Department of Health,NHS Swindon CCG,31/07/2018,C&M-GMS Prem Notional Rent,PRC DELEGATED CO-COMMISSIONING,DR RG NIXON & PARTNERS,23148261,"3,491.67 ",,WL000025046
Department of Health,NHS Swindon CCG,31/07/2018,C&M-GMS Prem Water Rates,PRC DELEGATED CO-COMMISSIONING,DR RG NIXON & PARTNERS,23148261,34.83 ,,WL000025046
Department of Health,NHS Swindon CCG,31/07/2018,C&M-GMS Prof Fees Prescribing,PRC DELEGATED CO-COMMISSIONING,DR RG NIXON & PARTNERS,23148261,372.60 ,,WL000025046
Department of Health,NHS Swindon CCG,31/07/2018,C&M-GMS QOF Aspiration,PRC DELEGATED CO-COMMISSIONING,DR RG NIXON & PARTNERS,23148261,"7,202.24 ",,WL000025046
Department of Health,NHS Swindon CCG,31/07/2018,C&M-GMS Cost of Drugs -Dispensing,LOCAL ENHANCED SERVICES,DR R E HALL & PARTNERS,23148262,"(44,983.75)",,WL000025047
Department of Health,NHS Swindon CCG,31/07/2018,C&M-GMS GP Statutory Levy,PRC DELEGATED CO-COMMISSIONING,DR R E HALL & PARTNERS,23148262,(416.00),,WL000025047
Department of Health,NHS Swindon CCG,31/07/2018,C&M-GMS PrscChrgsCll&RmttdbyGPCntra,PRC DELEGATED CO-COMMISSIONING,DR R E HALL & PARTNERS,23148262,"(2,323.20)",,WL000025047
Department of Health,NHS Swindon CCG,31/07/2018,ME-GMS GP Pension EEs,PRC DELEGATED CO-COMMISSIONING,DR R E HALL & PARTNERS,23148262,"(8,025.41)",,WL000025047
Department of Health,NHS Swindon CCG,31/07/2018,ME-GMS GP Pension ERs Adjustments,PRC DELEGATED CO-COMMISSIONING,DR R E HALL & PARTNERS,23148262,"(8,687.92)",,WL000025047
Department of Health,NHS Swindon CCG,31/07/2018,C&M-GMS Cost of Drugs -Dispensing,LOCAL ENHANCED SERVICES,DR R E HALL & PARTNERS,23148263,"79,384.52 ",,WL000025048
Department of Health,NHS Swindon CCG,31/07/2018,C&M-GMS DES Extended Hours Access,PRC DELEGATED CO-COMMISSIONING,DR R E HALL & PARTNERS,23148263,"2,144.31 ",,WL000025048
Department of Health,NHS Swindon CCG,31/07/2018,C&M-GMS Global Sum,PRC DELEGATED CO-COMMISSIONING,DR R E HALL & PARTNERS,23148263,"103,978.91 ",,WL000025048
Department of Health,NHS Swindon CCG,31/07/2018,C&M-GMS MPIG Correction Factor,PRC DELEGATED CO-COMMISSIONING,DR R E HALL & PARTNERS,23148263,"1,211.26 ",,WL000025048
Department of Health,NHS Swindon CCG,31/07/2018,C&M-GMS Prem Notional Rent,PRC DELEGATED CO-COMMISSIONING,DR R E HALL & PARTNERS,23148263,"3,436.18 ",,WL000025048
Department of Health,NHS Swindon CCG,31/07/2018,C&M-GMS Prem Rates,PRC DELEGATED CO-COMMISSIONING,DR R E HALL & PARTNERS,23148263,"6,713.51 ",,WL000025048
Department of Health,NHS Swindon CCG,31/07/2018,C&M-GMS Prem Water Rates,PRC DELEGATED CO-COMMISSIONING,DR R E HALL & PARTNERS,23148263,528.76 ,,WL000025048
Department of Health,NHS Swindon CCG,31/07/2018,C&M-GMS Prof Fees Dispensing,PRC DELEGATED CO-COMMISSIONING,DR R E HALL & PARTNERS,23148263,"17,166.81 ",,WL000025048
Department of Health,NHS Swindon CCG,31/07/2018,C&M-GMS PrscrptnChrgsColl&RmttdbyGP,LOCAL ENHANCED SERVICES,DR R E HALL & PARTNERS,23148263,"2,323.20 ",,WL000025048
Department of Health,NHS Swindon CCG,31/07/2018,C&M-GMS QOF Aspiration,PRC DELEGATED CO-COMMISSIONING,DR R E HALL & PARTNERS,23148263,"11,510.29 ",,WL000025048
Department of Health,NHS Swindon CCG,31/07/2018,C&M-GMS Cost of Drugs -Prescribing,LOCAL ENHANCED SERVICES,DR SC PIGOTT & PARTNERS,23148265,"4,565.08 ",,WL000025050
Department of Health,NHS Swindon CCG,31/07/2018,C&M-GMS DES Extended Hours Access,PRC DELEGATED CO-COMMISSIONING,DR SC PIGOTT & PARTNERS,23148265,"2,227.91 ",,WL000025050
Department of Health,NHS Swindon CCG,31/07/2018,C&M-GMS Global Sum,PRC DELEGATED CO-COMMISSIONING,DR SC PIGOTT & PARTNERS,23148265,"98,973.97 ",,WL000025050
Department of Health,NHS Swindon CCG,31/07/2018,C&M-GMS PCO Doctors Ret Scheme,PRC DELEGATED CO-COMMISSIONING,DR SC PIGOTT & PARTNERS,23148265,923.04 ,,WL000025050
Department of Health,NHS Swindon CCG,31/07/2018,C&M-GMS PCO Other,PRC DELEGATED CO-COMMISSIONING,DR SC PIGOTT & PARTNERS,23148265,"8,529.00 ",,WL000025050
Department of Health,NHS Swindon CCG,31/07/2018,C&M-GMS Prem Notional Rent,PRC DELEGATED CO-COMMISSIONING,DR SC PIGOTT & PARTNERS,23148265,"8,320.00 ",,WL000025050
Department of Health,NHS Swindon CCG,31/07/2018,C&M-GMS Prem Rates,PRC DELEGATED CO-COMMISSIONING,DR SC PIGOTT & PARTNERS,23148265,"35,598.97 ",,WL000025050
Department of Health,NHS Swindon CCG,31/07/2018,C&M-GMS Prem Water Rates,PRC DELEGATED CO-COMMISSIONING,DR SC PIGOTT & PARTNERS,23148265,89.49 ,,WL000025050
Department of Health,NHS Swindon CCG,31/07/2018,C&M-GMS Prof Fees Prescribing,PRC DELEGATED CO-COMMISSIONING,DR SC PIGOTT & PARTNERS,23148265,466.90 ,,WL000025050
Department of Health,NHS Swindon CCG,31/07/2018,C&M-GMS QOF Aspiration,PRC DELEGATED CO-COMMISSIONING,DR SC PIGOTT & PARTNERS,23148265,"13,889.81 ",,WL000025050
Department of Health,NHS Swindon CCG,31/07/2018,C&M-GMS Cost of Drugs -Prescribing,LOCAL ENHANCED SERVICES,DR WR JANSON & PARTNERS,23148268,"3,344.06 ",,WL000025053
Department of Health,NHS Swindon CCG,31/07/2018,C&M-GMS DES Extended Hours Access,PRC DELEGATED CO-COMMISSIONING,DR WR JANSON & PARTNERS,23148268,"1,958.74 ",,WL000025053
Department of Health,NHS Swindon CCG,31/07/2018,C&M-GMS Global Sum,PRC DELEGATED CO-COMMISSIONING,DR WR JANSON & PARTNERS,23148268,"90,943.55 ",,WL000025053
Department of Health,NHS Swindon CCG,31/07/2018,C&M-GMS MPIG Correction Factor,PRC DELEGATED CO-COMMISSIONING,DR WR JANSON & PARTNERS,23148268,182.79 ,,WL000025053
Department of Health,NHS Swindon CCG,31/07/2018,C&M-GMS PCO Doctors Ret Scheme,PRC DELEGATED CO-COMMISSIONING,DR WR JANSON & PARTNERS,23148268,"3,692.24 ",,WL000025053
Department of Health,NHS Swindon CCG,31/07/2018,C&M-GMS PCO Locum Adop/Pat/Mat,PRC DELEGATED CO-COMMISSIONING,DR WR JANSON & PARTNERS,23148268,"5,943.65 ",,WL000025053
Department of Health,NHS Swindon CCG,31/07/2018,C&M-GMS PCO Other,PRC DELEGATED CO-COMMISSIONING,DR WR JANSON & PARTNERS,23148268,"7,534.00 ",,WL000025053
Department of Health,NHS Swindon CCG,31/07/2018,C&M-GMS Prem Cost Rent,PRC DELEGATED CO-COMMISSIONING,DR WR JANSON & PARTNERS,23148268,"7,117.50 ",,WL000025053
Department of Health,NHS Swindon CCG,31/07/2018,C&M-GMS Prem Rates,PRC DELEGATED CO-COMMISSIONING,DR WR JANSON & PARTNERS,23148268,"11,180.28 ",,WL000025053
Department of Health,NHS Swindon CCG,31/07/2018,C&M-GMS Prof Fees Prescribing,PRC DELEGATED CO-COMMISSIONING,DR WR JANSON & PARTNERS,23148268,581.90 ,,WL000025053
Department of Health,NHS Swindon CCG,31/07/2018,C&M-GMS QOF Aspiration,PRC DELEGATED CO-COMMISSIONING,DR WR JANSON & PARTNERS,23148268,"10,451.93 ",,WL000025053
Department of Health,NHS Swindon CCG,31/07/2018,C&M-GMS Cost of Drugs -Prescribing,LOCAL ENHANCED SERVICES,SPARCELLS SURGERY,23148270,108.49 ,,WL000025055
Department of Health,NHS Swindon CCG,31/07/2018,C&M-GMS DES Extended Hours Access,PRC DELEGATED CO-COMMISSIONING,SPARCELLS SURGERY,23148270,654.39 ,,WL000025055
Department of Health,NHS Swindon CCG,31/07/2018,C&M-GMS Global Sum,PRC DELEGATED CO-COMMISSIONING,SPARCELLS SURGERY,23148270,"25,166.30 ",,WL000025055
Department of Health,NHS Swindon CCG,31/07/2018,C&M-GMS PCO Other,PRC DELEGATED CO-COMMISSIONING,SPARCELLS SURGERY,23148270,"2,877.00 ",,WL000025055
Department of Health,NHS Swindon CCG,31/07/2018,C&M-GMS Prem Notional Rent,PRC DELEGATED CO-COMMISSIONING,SPARCELLS SURGERY,23148270,"2,416.67 ",,WL000025055
Department of Health,NHS Swindon CCG,31/07/2018,C&M-GMS Prem Water Rates,PRC DELEGATED CO-COMMISSIONING,SPARCELLS SURGERY,23148270,25.58 ,,WL000025055
Department of Health,NHS Swindon CCG,31/07/2018,C&M-GMS Prof Fees Prescribing,PRC DELEGATED CO-COMMISSIONING,SPARCELLS SURGERY,23148270,48.30 ,,WL000025055
Department of Health,NHS Swindon CCG,31/07/2018,C&M-GMS QOF Aspiration,PRC DELEGATED CO-COMMISSIONING,SPARCELLS SURGERY,23148270,"1,751.12 ",,WL000025055
Department of Health,NHS Swindon CCG,31/07/2018,C&M-GMS Cost of Drugs -Prescribing,LOCAL ENHANCED SERVICES,PARK LANE PRACTICE,23148272,739.70 ,,WL000025057
Department of Health,NHS Swindon CCG,31/07/2018,C&M-GMS DES Extended Hours Access,PRC DELEGATED CO-COMMISSIONING,PARK LANE PRACTICE,23148272,"1,042.63 ",,WL000025057
Department of Health,NHS Swindon CCG,31/07/2018,C&M-GMS Global Sum,PRC DELEGATED CO-COMMISSIONING,PARK LANE PRACTICE,23148272,"45,097.40 ",,WL000025057
Department of Health,NHS Swindon CCG,31/07/2018,C&M-GMS PCO Other,PRC DELEGATED CO-COMMISSIONING,PARK LANE PRACTICE,23148272,"4,272.00 ",,WL000025057
Department of Health,NHS Swindon CCG,31/07/2018,C&M-GMS Prem Notional Rent,PRC DELEGATED CO-COMMISSIONING,PARK LANE PRACTICE,23148272,"3,479.17 ",,WL000025057
Department of Health,NHS Swindon CCG,31/07/2018,C&M-GMS Prof Fees Prescribing,PRC DELEGATED CO-COMMISSIONING,PARK LANE PRACTICE,23148272,195.50 ,,WL000025057
Department of Health,NHS Swindon CCG,31/07/2018,C&M-GMS QOF Aspiration,PRC DELEGATED CO-COMMISSIONING,PARK LANE PRACTICE,23148272,"3,643.66 ",,WL000025057
Department of Health,NHS Swindon CCG,31/07/2018,Hlthcre-Foundation Trsts,ACUTE COMMISSIONING,GLOUCESTERSHIRE HOSPITALS NHS FOUNDATION TRUST,23169585,"149,817.67 ",,1019741
Department of Health,NHS Swindon CCG,31/07/2018,Hlthcre-Foundation Trsts,ACUTE COMMISSIONING,GLOUCESTERSHIRE HOSPITALS NHS FOUNDATION TRUST,23169589,"138,177.00 ",,1019951
Department of Health,NHS Swindon CCG,31/07/2018,Clinical&Medical-Othe Public Sector,CHILDREN SERVICES,SWINDON BOROUGH COUNCIL,23169593,"30,000.00 ",,241639743
Department of Health,NHS Swindon CCG,31/07/2018,Hlthcre-Foundation Trsts,ACUTE COMMISSIONING,GLOUCESTERSHIRE HOSPITALS NHS FOUNDATION TRUST,23169600,"144,048.59 ",,1020164
Department of Health,NHS Swindon CCG,31/07/2018,Hlthcre-Foundation Trsts,ACUTE COMMISSIONING,GREAT WESTERN HOSPITALS NHS FOUNDATION TRUST,23169621,"11,007,583.00 ",,16978926
Department of Health,NHS Swindon CCG,31/07/2018,Hcare Srv Rec Fdtn Trust-CQUIN,ACUTE COMMISSIONING,GREAT WESTERN HOSPITALS NHS FOUNDATION TRUST,23169623,"232,275.00 ",,16978927
,,,,,,,,,
