Department family,Entity,Date,Expense Type,Expense area,Supplier,Transaction number,AP Amount (�),VAT registration number,Purchase invoice number
Department of Health,NHS South Eastern Hampshire CCG,30/09/2018,Voids and Subsidies,RECHARGES NHS PROPERTY SERVICES LTD,NHS PROPERTY SERVICES LTD,24074947,"-184,075.20",156725100,NAVSC04364
Department of Health,NHS South Eastern Hampshire CCG,30/09/2018,C&M-PMS QOF Aspiration,PRC DELEGATED CO-COMMISSIONING,VINE MEDICAL GROUP,23787054,"25,506.63",,SO000064067
Department of Health,NHS South Eastern Hampshire CCG,30/09/2018,Hcare Srv Rec NHS Trust-Non Contract,NON RECURRENT PROGRAMMES,ISLE OF WIGHT NHS TRUST,23969100,"25,785.00",654441776,44331376
Department of Health,NHS South Eastern Hampshire CCG,30/09/2018,Hcare Srv Rec Fdtn Trust-Non Contract,NON RECURRENT PROGRAMMES,HAMPSHIRE HOSPITALS NHS FOUNDATION TRUST,23969104,"25,785.00",,40083801
Department of Health,NHS South Eastern Hampshire CCG,30/09/2018,Voids and Subsidies,RECHARGES NHS PROPERTY SERVICES LTD,COMMUNITY HEALTH PARTNERSHIPS LTD,23969083,"26,649.00",GB782562113,60066086
Department of Health,NHS South Eastern Hampshire CCG,30/09/2018,Voids and Subsidies,RECHARGES NHS PROPERTY SERVICES LTD,COMMUNITY HEALTH PARTNERSHIPS LTD,23969085,"26,649.00",GB782562113,60066291
Department of Health,NHS South Eastern Hampshire CCG,30/09/2018,Voids and Subsidies,RECHARGES NHS PROPERTY SERVICES LTD,COMMUNITY HEALTH PARTNERSHIPS LTD,23969089,"26,649.00",GB782562113,60069935
Department of Health,NHS South Eastern Hampshire CCG,30/09/2018,Voids and Subsidies,RECHARGES NHS PROPERTY SERVICES LTD,COMMUNITY HEALTH PARTNERSHIPS LTD,23969091,"26,649.00",GB782562113,60074450
Department of Health,NHS South Eastern Hampshire CCG,30/09/2018,Voids and Subsidies,RECHARGES NHS PROPERTY SERVICES LTD,COMMUNITY HEALTH PARTNERSHIPS LTD,23969097,"26,649.00",GB782562113,60076555
Department of Health,NHS South Eastern Hampshire CCG,30/09/2018,Voids and Subsidies,RECHARGES NHS PROPERTY SERVICES LTD,COMMUNITY HEALTH PARTNERSHIPS LTD,23969125,"26,649.00",GB782562113,60080207
Department of Health,NHS South Eastern Hampshire CCG,30/09/2018,National Insurance < 1 yr-NI-EES,BALANCE SHEET,HMRC,23899560,"27,355.78",,120PD005702731905
Department of Health,NHS South Eastern Hampshire CCG,30/09/2018,Voids and Subsidies,RECHARGES NHS PROPERTY SERVICES LTD,NHS PROPERTY SERVICES LTD,24074943,"27,861.05",156725100,H43037
Department of Health,NHS South Eastern Hampshire CCG,30/09/2018,Voids and Subsidies,RECHARGES NHS PROPERTY SERVICES LTD,NHS PROPERTY SERVICES LTD,23763141,"28,858.29",156725100,H60792
Department of Health,NHS South Eastern Hampshire CCG,30/09/2018,Voids and Subsidies,RECHARGES NHS PROPERTY SERVICES LTD,NHS PROPERTY SERVICES LTD,23763158,"28,858.29",156725100,H71435
Department of Health,NHS South Eastern Hampshire CCG,30/09/2018,Hlthcre-Foundation Trsts,COMMUNITY SERVICES,SOLENT NHS TRUST,23868232,"28,873.00",,54155774
Department of Health,NHS South Eastern Hampshire CCG,30/09/2018,Voids and Subsidies,RECHARGES NHS PROPERTY SERVICES LTD,COMMUNITY HEALTH PARTNERSHIPS LTD,23969074,"29,109.46",GB782562113,60046953
Department of Health,NHS South Eastern Hampshire CCG,30/09/2018,Voids and Subsidies,RECHARGES NHS PROPERTY SERVICES LTD,COMMUNITY HEALTH PARTNERSHIPS LTD,23969080,"29,109.46",GB782562113,60050624
Department of Health,NHS South Eastern Hampshire CCG,30/09/2018,C&M-GMS Global Sum,PRC DELEGATED CO-COMMISSIONING,DR JR HARRISON & PARTNER,23959150,"29,633.63",,SO000064260
Department of Health,NHS South Eastern Hampshire CCG,30/09/2018,Clinical&Medical-Independent Sector,NCAS/OATS,NUFFIELD HEALTH,23866874,"30,120.00",564291137,CTNUFF789
Department of Health,NHS South Eastern Hampshire CCG,30/09/2018,C&M-GMS Global Sum,PRC DELEGATED CO-COMMISSIONING,VILLAGE PRACTICE,23959164,"32,091.57",,SO000064276
Department of Health,NHS South Eastern Hampshire CCG,30/09/2018,Non-PFI Oprtng Lease-Bldgs-Lease Rent,CORPORATE COSTS & SERVICES,FORT SOUTHWICK CO LTD,23969168,"32,400.00",,COMMCEN015
Department of Health,NHS South Eastern Hampshire CCG,30/09/2018,Charges from CSU,PRIMARY CARE IT,NHS SOUTH CENTRAL AND WEST COMMISSIONING SUPPORT UNIT,23868106,"34,068.22",,7312706908
Department of Health,NHS South Eastern Hampshire CCG,30/09/2018,C&M-PMS Contract Value,PRC DELEGATED CO-COMMISSIONING,RIVERSIDE PARTNERSHIP,23787052,"34,230.47",,SO000064065
Department of Health,NHS South Eastern Hampshire CCG,30/09/2018,Voids and Subsidies,RECHARGES NHS PROPERTY SERVICES LTD,NHS PROPERTY SERVICES LTD,24083026,"35,054.04",156725100,48382455
Department of Health,NHS South Eastern Hampshire CCG,30/09/2018,C&M-GMS Global Sum,PRC DELEGATED CO-COMMISSIONING,HORNDEAN SURGERY,23959156,"35,091.62",,SO000064266
Department of Health,NHS South Eastern Hampshire CCG,30/09/2018,C&M-PMS Cost of Drugs -Dispensing,LOCAL ENHANCED SERVICES,DENMEAD DOCTORS SURGERY,24018068,"36,351.46",,SO000064648
Department of Health,NHS South Eastern Hampshire CCG,30/09/2018,C&M-GMS Prem Actual Rent,PRC DELEGATED CO-COMMISSIONING,COWPLAIN FAMILY PRACTICE,23959148,"36,825.00",,SO000064258
Department of Health,NHS South Eastern Hampshire CCG,30/09/2018,Clinical&Medical-Independent Sector,CLINICAL ASSESSMENT AND TREATMENT CENTRES,CARE UK CLINICAL SERVICES LTD,23763255,"37,971.89",,100076598
Department of Health,NHS South Eastern Hampshire CCG,30/09/2018,Hcare Srv Rec Fdtn Trust-Non Contract,NON RECURRENT PROGRAMMES,SOUTHAMPTON UNIVERSITY HOSPITALS NHS FOUNDATION TRUST,24076171,"38,000.00",,7322679
Department of Health,NHS South Eastern Hampshire CCG,30/09/2018,NHS Recbles <1Yr- CHC Risk Pool Con,BALANCE SHEET,NHS WEST HAMPSHIRE CCG,23969333,"38,379.23",,7028603188
Department of Health,NHS South Eastern Hampshire CCG,30/09/2018,Voids and Subsidies,RECHARGES NHS PROPERTY SERVICES LTD,NHS PROPERTY SERVICES LTD,24074938,"39,988.40",156725100,NAVS02228
Department of Health,NHS South Eastern Hampshire CCG,30/09/2018,National Insurance < 1 yr-NI- ERS,BALANCE SHEET,HMRC,23899560,"41,502.74",,120PD005702731905
Department of Health,NHS South Eastern Hampshire CCG,30/09/2018,C&M-PMS Prem Actual Rent,PRC DELEGATED CO-COMMISSIONING,BOSMERE MEDICAL PRACTICE,23787043,"41,558.97",,SO000064053
Department of Health,NHS South Eastern Hampshire CCG,30/09/2018,Clinical&Medical-Independent Sector,WHEELCHAIR SERVICE,MILLBROOK HEALTHCARE LTD,23868223,"42,501.35",GB675991080,19085
Department of Health,NHS South Eastern Hampshire CCG,30/09/2018,Hcare Srv Rec NHS Trust,COMMUNITY SERVICES,SOLENT NHS TRUST,23969081,"42,918.50",,54154508
Department of Health,NHS South Eastern Hampshire CCG,30/09/2018,C&M-PMS Cost of Drugs -Dispensing,LOCAL ENHANCED SERVICES,LIPHOOK & LISS SURGERY,24018077,"43,115.76",,SO000064657
Department of Health,NHS South Eastern Hampshire CCG,30/09/2018,Voids and Subsidies,RECHARGES NHS PROPERTY SERVICES LTD,NHS PROPERTY SERVICES LTD,23763137,"45,609.81",156725100,00000001H36902
Department of Health,NHS South Eastern Hampshire CCG,30/09/2018,Hcare Srv Rec Fdtn Trust-Non Contract,NON RECURRENT PROGRAMMES,SOUTHAMPTON UNIVERSITY HOSPITALS NHS FOUNDATION TRUST,23763229,"47,000.00",,7323175
Department of Health,NHS South Eastern Hampshire CCG,30/09/2018,Clinical&Medical-Independent Sector,NCAS/OATS,NUFFIELD HEALTH,24076254,"47,155.00",564291137,CTNUFF799
Department of Health,NHS South Eastern Hampshire CCG,30/09/2018,C&M-GMS Global Sum,PRC DELEGATED CO-COMMISSIONING,CLANFIELD PRACTICE,23959146,"50,607.36",,SO000064256
Department of Health,NHS South Eastern Hampshire CCG,30/09/2018,Hlthcre-Foundation Trsts,NHS 111,SOUTH CENTRAL AMBULANCE SERVICE NHS FOUNDATION TRUST,23884297,"51,343.65",654923613,INV0049290
Department of Health,NHS South Eastern Hampshire CCG,30/09/2018,Voids and Subsidies,RECHARGES NHS PROPERTY SERVICES LTD,NHS PROPERTY SERVICES LTD,23763178,"51,572.00",156725100,NAVS03940
Department of Health,NHS South Eastern Hampshire CCG,30/09/2018,C&M-PMS Contract Value,PRC DELEGATED CO-COMMISSIONING,GRANGE SURGERY,23787049,"53,806.71",,SO000064059
Department of Health,NHS South Eastern Hampshire CCG,30/09/2018,C&M-GMS Global Sum,PRC DELEGATED CO-COMMISSIONING,STAUNTON SURGERY,23959162,"54,210.27",,SO000064272
Department of Health,NHS South Eastern Hampshire CCG,30/09/2018,Hcare Srv Rec NHS Trust,MENTAL HEALTH CONTRACTS,SOLENT NHS TRUST,23868231,"58,793.00",,54155773
Department of Health,NHS South Eastern Hampshire CCG,30/09/2018,Clinical&Medical-Independent Sector,GP FORWARD VIEW,SOUTHERN HAMPSHIRE PRIMARY CARE ALLIANCE,23830578,"59,766.08",,SEH007
Department of Health,NHS South Eastern Hampshire CCG,30/09/2018,C&M-GMS Global Sum,PRC DELEGATED CO-COMMISSIONING,PARK LANE & GREYWELLS,23959158,"64,178.76",,SO000064268
Department of Health,NHS South Eastern Hampshire CCG,30/09/2018,Income tax <1Yr,BALANCE SHEET,HMRC,23899560,"64,642.80",,120PD005702731905
Department of Health,NHS South Eastern Hampshire CCG,30/09/2018,C&M-PMS Contract Value,PRC DELEGATED CO-COMMISSIONING,DENMEAD DOCTORS SURGERY,23787045,"68,358.21",,SO000064055
Department of Health,NHS South Eastern Hampshire CCG,30/09/2018,C&M-GMS Global Sum,PRC DELEGATED CO-COMMISSIONING,DR RICHARD J THOMAS,23959152,"72,690.56",,SO000064262
Department of Health,NHS South Eastern Hampshire CCG,30/09/2018,Charges from CSU,CORPORATE COSTS & SERVICES,NHS SOUTH CENTRAL AND WEST COMMISSIONING SUPPORT UNIT,23868106,"74,984.78",,7312706908
Department of Health,NHS South Eastern Hampshire CCG,30/09/2018,C&M-GMS Global Sum,PRC DELEGATED CO-COMMISSIONING,ELMS PRACTICE,23959154,"75,566.12",,SO000064264
Department of Health,NHS South Eastern Hampshire CCG,30/09/2018,Voids and Subsidies,RECHARGES NHS PROPERTY SERVICES LTD,NHS PROPERTY SERVICES LTD,23763143,"76,488.17",156725100,H60789
Department of Health,NHS South Eastern Hampshire CCG,30/09/2018,Voids and Subsidies,RECHARGES NHS PROPERTY SERVICES LTD,NHS PROPERTY SERVICES LTD,23763171,"85,100.08",156725100,H71427
Department of Health,NHS South Eastern Hampshire CCG,30/09/2018,C&M-PMS Contract Value,PRC DELEGATED CO-COMMISSIONING,LIPHOOK & LISS SURGERY,23804985,"85,996.74",,SO000064063
Department of Health,NHS South Eastern Hampshire CCG,30/09/2018,C&M-GMS Global Sum,PRC DELEGATED CO-COMMISSIONING,BADGERSWOOD SURGERY,23959144,"90,095.51",,SO000064254
Department of Health,NHS South Eastern Hampshire CCG,30/09/2018,Voids and Subsidies,RECHARGES NHS PROPERTY SERVICES LTD,NHS PROPERTY SERVICES LTD,23763134,"91,219.62",156725100,H25842
Department of Health,NHS South Eastern Hampshire CCG,30/09/2018,Basic Sal-Rechgs to-from Other NHS,CONTINUING HEALTHCARE ASSESSMENT & SUPPORT,NHS WEST HAMPSHIRE CCG,23868167,"96,067.00",,7028603165
Department of Health,NHS South Eastern Hampshire CCG,30/09/2018,Hlthcre-Foundation Trsts,IMPROVING ACCESS TO PSYCHOLOGICAL THERAPIES,SOUTHERN HEALTH NHS FOUNDATION TRUST,23868198,"98,903.00",,43649895
Department of Health,NHS South Eastern Hampshire CCG,30/09/2018,Clinical&Medical-Independent Sector,OUT OF HOURS,PARTNERING HEALTH LTD,23866845,"100,930.00",,IN01132
Department of Health,NHS South Eastern Hampshire CCG,30/09/2018,C&M-PMS Contract Value,PRC DELEGATED CO-COMMISSIONING,EMSWORTH PRACTICE,23787047,"101,325.67",,SO000064057
Department of Health,NHS South Eastern Hampshire CCG,30/09/2018,Services From Local Authorities,BEREAVEMENT SERVICE,HAMPSHIRE COUNTY COUNCIL,23866878,"103,199.06",GB189406822,3611026588
Department of Health,NHS South Eastern Hampshire CCG,30/09/2018,Hcare Srv Rec Fdtn Trust-Non Contract,NON RECURRENT PROGRAMMES,SOUTHAMPTON UNIVERSITY HOSPITALS NHS FOUNDATION TRUST,24076178,"108,274.25",,7322723
Department of Health,NHS South Eastern Hampshire CCG,30/09/2018,C&M-GMS Global Sum,PRC DELEGATED CO-COMMISSIONING,COWPLAIN FAMILY PRACTICE,23959148,"110,697.04",,SO000064258
Department of Health,NHS South Eastern Hampshire CCG,30/09/2018,Hlthcre-Foundation Trsts,PATIENT TRANSPORT,SOUTH CENTRAL AMBULANCE SERVICE NHS FOUNDATION TRUST,23868077,"113,799.89",654923613,INV0049213
Department of Health,NHS South Eastern Hampshire CCG,30/09/2018,C&M-PMS Contract Value,PRC DELEGATED CO-COMMISSIONING,HOMEWELL PRACTICE,23787050,"120,174.76",,SO000064061
Department of Health,NHS South Eastern Hampshire CCG,30/09/2018,Voids and Subsidies,RECHARGES NHS PROPERTY SERVICES LTD,NHS PROPERTY SERVICES LTD,23763197,"128,006.00",156725100,NAVS03979
Department of Health,NHS South Eastern Hampshire CCG,30/09/2018,C&M-GMS Global Sum,PRC DELEGATED CO-COMMISSIONING,SWAN MEDICAL GROUP (THE),23962523,"139,874.48",,SO000064274
Department of Health,NHS South Eastern Hampshire CCG,30/09/2018,C&M-PMS Contract Value,PRC DELEGATED CO-COMMISSIONING,BOSMERE MEDICAL PRACTICE,23787043,"145,066.59",,SO000064053
Department of Health,NHS South Eastern Hampshire CCG,30/09/2018,Hlthcre-Foundation Trsts,CHILD AND ADOLESCENT MENTAL HEALTH,SUSSEX PARTNERSHIP NHS FOUNDATION TRUST,23868201,"168,095.00",654422543,6471384
Department of Health,NHS South Eastern Hampshire CCG,30/09/2018,C&M-PMS Contract Value,PRC DELEGATED CO-COMMISSIONING,VINE MEDICAL GROUP,23787054,"191,312.04",,SO000064067
Department of Health,NHS South Eastern Hampshire CCG,30/09/2018,Hlthcre-Foundation Trsts,ACUTE COMMISSIONING,FRIMLEY HEALTH NHS FOUNDATION TRUST,23969102,"198,592.67",654922028,N0101214
Department of Health,NHS South Eastern Hampshire CCG,30/09/2018,Clinical&Medical-Independent Sector,ACUTE COMMISSIONING,SPIRE HEALTHCARE LTD,23868040,"207,239.00",915970991,10VPTMPF181906
Department of Health,NHS South Eastern Hampshire CCG,30/09/2018,Cont Care-Funded Nursing Care Allow,FUNDED NURSING CARE,NHS WEST HAMPSHIRE CCG,23868255,"228,840.00",,7028603171
Department of Health,NHS South Eastern Hampshire CCG,30/09/2018,Hlthcre-Foundation Trsts,ACUTE COMMISSIONING,SOUTHAMPTON UNIVERSITY HOSPITALS NHS FOUNDATION TRUST,23763201,"251,060.00",,7322809
Department of Health,NHS South Eastern Hampshire CCG,30/09/2018,Clinical&Medical-Independent Sector,CLINICAL ASSESSMENT AND TREATMENT CENTRES,CARE UK CLINICAL SERVICES LTD,23969317,"251,239.58",,100077183
Department of Health,NHS South Eastern Hampshire CCG,30/09/2018,Healthcare Srv Rec CCG,ACUTE COMMISSIONING,NHS EAST BERKSHIRE CCG,23866857,"281,686.00",,7031600389
Department of Health,NHS South Eastern Hampshire CCG,30/09/2018,Charges from CCG,NON RECURRENT PROGRAMMES,NHS DORSET CCG,23868235,"384,386.00",,7029101832
Department of Health,NHS South Eastern Hampshire CCG,30/09/2018,Hlthcre-Foundation Trsts,ACUTE COMMISSIONING,HAMPSHIRE HOSPITALS NHS FOUNDATION TRUST,23868170,"386,602.00",,40084256
Department of Health,NHS South Eastern Hampshire CCG,30/09/2018,Hcare Srv Rec NHS Trust,COMMUNITY SERVICES,SOLENT NHS TRUST,23868229,"394,880.00",,54155772
Department of Health,NHS South Eastern Hampshire CCG,30/09/2018,Hlthcre-Foundation Trsts,ACUTE COMMISSIONING,WESTERN SUSSEX HOSPITALS NHS FOUNDATION TRUST,23868083,"504,765.00",65 4439322,1500032721
Department of Health,NHS South Eastern Hampshire CCG,30/09/2018,Hlthcre-Foundation Trsts,AMBULANCE SERVICES,SOUTH CENTRAL AMBULANCE SERVICE NHS FOUNDATION TRUST,23868073,"613,896.38",654923613,INV0049186
Department of Health,NHS South Eastern Hampshire CCG,30/09/2018,Hlthcre-Foundation Trsts,ACUTE COMMISSIONING,ROYAL SURREY COUNTY HOSPITAL NHS FOUNDATION TRUST,23868097,"1,049,602.00",,13796327
Department of Health,NHS South Eastern Hampshire CCG,30/09/2018,Clinical&Medical-Othe Public Sector,COMMUNITY SERVICES,HAMPSHIRE COUNTY COUNCIL,23969133,"1,076,984.08",GB189406822,3611028178
Department of Health,NHS South Eastern Hampshire CCG,30/09/2018,Hlthcre-Foundation Trsts,MENTAL HEALTH CONTRACTS,SOUTHERN HEALTH NHS FOUNDATION TRUST,23868196,"1,236,480.00",,43649894
Department of Health,NHS South Eastern Hampshire CCG,30/09/2018,Cont Care- Adult 100% Fully Funded,CHC ADULT FULLY FUNDED,NHS WEST HAMPSHIRE CCG,23868284,"1,643,950.00",,7028603175
Department of Health,NHS South Eastern Hampshire CCG,30/09/2018,Hlthcre-Foundation Trsts,COMMUNITY SERVICES,SOUTHERN HEALTH NHS FOUNDATION TRUST,23868200,"1,673,509.00",,43649903
Department of Health,NHS South Eastern Hampshire CCG,30/09/2018,Hcare Srv Rec NHS Trust,ACUTE COMMISSIONING,PORTSMOUTH HOSPITALS NHS TRUST,24076213,"8,295,194.00",,9363096
