Department family,Entity,Date,Expense Type,Expense area,Supplier,Transaction number,AP Amount (�),VAT registration number,Purchase invoice number
Department of Health,NHS South Eastern Hampshire CCG,30/06/2018,Hlthcre-Foundation Trsts,ACUTE COMMISSIONING,SOUTHAMPTON UNIVERSITY HOSPITALS NHS FOUNDATION TRUST,22521876,"-205,211.00",,7318138
Department of Health,NHS South Eastern Hampshire CCG,30/06/2018,C&M-PMS QOF Aspiration,PRC DELEGATED CO-COMMISSIONING,VINE MEDICAL GROUP,22529810,"25,506.63",,SO000061729
Department of Health,NHS South Eastern Hampshire CCG,30/06/2018,National Insurance < 1 yr-NI-EES,BALANCE SHEET,HMRC,22619305,"25,518.25",,120PD005702731902
Department of Health,NHS South Eastern Hampshire CCG,30/06/2018,Clinical&Medical-Clinical Other,PRESCRIBING,BOOTS,22511955,"25,582.30",116300129,VONPOMAY1802
Department of Health,NHS South Eastern Hampshire CCG,30/06/2018,Clinical&Medical-Voluntary Sector,HOSPICES,ST WILFRIDS HOSPICE,22629481,"28,028.00",,1593
Department of Health,NHS South Eastern Hampshire CCG,30/06/2018,Clinical&Medical-Independent Sector,GP FORWARD VIEW,SOUTHERN HAMPSHIRE PRIMARY CARE ALLIANCE,22788058,"28,194.04",,SEH003
Department of Health,NHS South Eastern Hampshire CCG,30/06/2018,Hcare Srv Rec NHS Trust,COMMUNITY SERVICES,SOLENT NHS TRUST,22629492,"28,873.00",,54154806
Department of Health,NHS South Eastern Hampshire CCG,30/06/2018,C&M-GMS Global Sum,PRC DELEGATED CO-COMMISSIONING,DR JR HARRISON & PARTNER,22697602,"29,452.68",,SO000061927
Department of Health,NHS South Eastern Hampshire CCG,30/06/2018,C&M-PMS Cost of Drugs -Dispensing,LOCAL ENHANCED SERVICES,DENMEAD DOCTORS SURGERY,22774270,"30,891.90",,SO000062379
Department of Health,NHS South Eastern Hampshire CCG,30/06/2018,Voids and Subsidies,RECHARGES NHS PROPERTY SERVICES LTD,NHS PROPERTY SERVICES LTD,22728305,"31,625.71",156725100,00000001H16734
Department of Health,NHS South Eastern Hampshire CCG,30/06/2018,Voids and Subsidies,RECHARGES NHS PROPERTY SERVICES LTD,NHS PROPERTY SERVICES LTD,22728306,"31,625.71",156725100,00000001H16735
Department of Health,NHS South Eastern Hampshire CCG,30/06/2018,Voids and Subsidies,RECHARGES NHS PROPERTY SERVICES LTD,NHS PROPERTY SERVICES LTD,22728307,"31,625.71",156725100,00000001H33738
Department of Health,NHS South Eastern Hampshire CCG,30/06/2018,C&M-GMS Global Sum,PRC DELEGATED CO-COMMISSIONING,VILLAGE PRACTICE,22697615,"32,006.84",,SO000061942
Department of Health,NHS South Eastern Hampshire CCG,30/06/2018,Clinical&Medical-Independent Sector,CARERS,RSM RISK ASSURANCE SERVICES LLP,22629370,"32,729.00",,1700441
Department of Health,NHS South Eastern Hampshire CCG,30/06/2018,C&M-PMS Contract Value,PRC DELEGATED CO-COMMISSIONING,RIVERSIDE PARTNERSHIP,22529808,"34,230.47",,SO000061727
Department of Health,NHS South Eastern Hampshire CCG,30/06/2018,C&M-GMS Global Sum,PRC DELEGATED CO-COMMISSIONING,HORNDEAN SURGERY,22697608,"34,930.67",,SO000061933
Department of Health,NHS South Eastern Hampshire CCG,30/06/2018,C&M-GMS Prem Actual Rent,PRC DELEGATED CO-COMMISSIONING,COWPLAIN FAMILY PRACTICE,22697600,"36,825.00",,SO000061925
Department of Health,NHS South Eastern Hampshire CCG,30/06/2018,C&M-PMS Cost of Drugs -Dispensing,LOCAL ENHANCED SERVICES,LIPHOOK & LISS SURGERY,22774280,"38,062.59",,SO000062389
Department of Health,NHS South Eastern Hampshire CCG,30/06/2018,National Insurance < 1 yr-NI- ERS,BALANCE SHEET,HMRC,22619305,"38,272.51",,120PD005702731902
Department of Health,NHS South Eastern Hampshire CCG,30/06/2018,Hcare Srv Rec Fdtn Trust-Non Contract,COLLABORATIVE COMMISSIONING,SOUTHERN HEALTH NHS FOUNDATION TRUST,22519506,"39,187.00",,43647626
Department of Health,NHS South Eastern Hampshire CCG,30/06/2018,Charges from CSU,PRIMARY CARE IT,NHS SOUTH CENTRAL AND WEST COMMISSIONING SUPPORT UNIT,22641668,"39,250.27",,7312705307
Department of Health,NHS South Eastern Hampshire CCG,30/06/2018,Charges from CSU,PRIMARY CARE IT,NHS SOUTH CENTRAL AND WEST COMMISSIONING SUPPORT UNIT,22641658,"39,254.00",,7312705010
Department of Health,NHS South Eastern Hampshire CCG,30/06/2018,C&M-PMS LMC Fund Deductions,PRC DELEGATED CO-COMMISSIONING,WESSEX LOCAL MEDICAL COMMITTEE LTD,22728317,"39,369.48",224 5422 34,WLMCI1317
Department of Health,NHS South Eastern Hampshire CCG,30/06/2018,C&M-GMS Other LMC Fund Deductions,PRC DELEGATED CO-COMMISSIONING,WESSEX LOCAL MEDICAL COMMITTEE LTD,22728317,"40,224.92",224 5422 34,WLMCI1317
Department of Health,NHS South Eastern Hampshire CCG,30/06/2018,Clinical&Medical-Independent Sector,WHEELCHAIR SERVICE,MILLBROOK HEALTHCARE LTD,22629452,"42,501.35",GB675991080,17946
Department of Health,NHS South Eastern Hampshire CCG,30/06/2018,Clinical&Medical-Independent Sector,NCAS/OATS,NUFFIELD HEALTH,22728392,"44,436.00",564291137,CTNUFF761
Department of Health,NHS South Eastern Hampshire CCG,30/06/2018,Business Rates - Local Authorities,CORPORATE COSTS & SERVICES,WINCHESTER CITY COUNCIL,22500867,"47,081.50",,786416X12031847081
Department of Health,NHS South Eastern Hampshire CCG,30/06/2018,C&M-GMS Global Sum,PRC DELEGATED CO-COMMISSIONING,CLANFIELD PRACTICE,22697598,"50,817.61",,SO000061923
Department of Health,NHS South Eastern Hampshire CCG,30/06/2018,C&M-PMS Contract Value,PRC DELEGATED CO-COMMISSIONING,GRANGE SURGERY,22529803,"53,526.32",,SO000061721
Department of Health,NHS South Eastern Hampshire CCG,30/06/2018,C&M-GMS Global Sum,PRC DELEGATED CO-COMMISSIONING,STAUNTON SURGERY,22697614,"54,720.41",,SO000061939
Department of Health,NHS South Eastern Hampshire CCG,30/06/2018,Hlthcre-Foundation Trsts,NHS 111,SOUTH CENTRAL AMBULANCE SERVICE NHS FOUNDATION TRUST,22629451,"57,275.70",654923613,INV0048797
Department of Health,NHS South Eastern Hampshire CCG,30/06/2018,External Consultancy Fees,COMMISSIONING - NON ACUTE,GE HEALTHCARE FINNAMORE,22629404,"57,294.24",600903778,710001128
Department of Health,NHS South Eastern Hampshire CCG,30/06/2018,Income tax <1Yr,BALANCE SHEET,HMRC,22619305,"58,359.20",,120PD005702731902
Department of Health,NHS South Eastern Hampshire CCG,30/06/2018,Hcare Srv Rec NHS Trust,MENTAL HEALTH CONTRACTS,SOLENT NHS TRUST,22629491,"58,793.00",,54154805
Department of Health,NHS South Eastern Hampshire CCG,30/06/2018,Basic Sal-Rechgs to-from Other NHS,CONTINUING HEALTHCARE ASSESSMENT & SUPPORT,NHS WEST HAMPSHIRE CCG,22519473,"60,620.00",,7028602844
Department of Health,NHS South Eastern Hampshire CCG,30/06/2018,C&M-GMS Global Sum,PRC DELEGATED CO-COMMISSIONING,PARK LANE & GREYWELLS,22697610,"63,894.87",,SO000061935
Department of Health,NHS South Eastern Hampshire CCG,30/06/2018,NHS Recbles <1Yr- CHC Risk Pool Con,BALANCE SHEET,NHS WEST HAMPSHIRE CCG,22629364,"66,851.39",,7028602977
Department of Health,NHS South Eastern Hampshire CCG,30/06/2018,C&M-PMS Contract Value,PRC DELEGATED CO-COMMISSIONING,DENMEAD DOCTORS SURGERY,22529799,"67,433.07",,SO000061717
Department of Health,NHS South Eastern Hampshire CCG,30/06/2018,C&M-GMS Global Sum,PRC DELEGATED CO-COMMISSIONING,DR RICHARD J THOMAS,22697604,"72,007.10",,SO000061929
Department of Health,NHS South Eastern Hampshire CCG,30/06/2018,C&M-GMS Global Sum,PRC DELEGATED CO-COMMISSIONING,ELMS PRACTICE,22697606,"75,518.39",,SO000061931
Department of Health,NHS South Eastern Hampshire CCG,30/06/2018,Basic Sal-Rechgs to-from Other NHS,CONTINUING HEALTHCARE ASSESSMENT & SUPPORT,NHS WEST HAMPSHIRE CCG,22519464,"82,204.00",,7028602694
Department of Health,NHS South Eastern Hampshire CCG,30/06/2018,Charges from CSU,CORPORATE COSTS & SERVICES,NHS SOUTH CENTRAL AND WEST COMMISSIONING SUPPORT UNIT,22641658,"84,621.00",,7312705010
Department of Health,NHS South Eastern Hampshire CCG,30/06/2018,Charges from CSU,CORPORATE COSTS & SERVICES,NHS SOUTH CENTRAL AND WEST COMMISSIONING SUPPORT UNIT,22641668,"84,621.00",,7312705307
Department of Health,NHS South Eastern Hampshire CCG,30/06/2018,C&M-PMS Contract Value,PRC DELEGATED CO-COMMISSIONING,LIPHOOK & LISS SURGERY,22529806,"85,113.36",,SO000061725
Department of Health,NHS South Eastern Hampshire CCG,30/06/2018,C&M-GMS Global Sum,PRC DELEGATED CO-COMMISSIONING,BADGERSWOOD SURGERY,22697596,"89,122.77",,SO000061921
Department of Health,NHS South Eastern Hampshire CCG,30/06/2018,Basic Sal-Rechgs to-from Other NHS,CONTINUING HEALTHCARE ASSESSMENT & SUPPORT,NHS WEST HAMPSHIRE CCG,22519488,"95,349.00",,7028602899
Department of Health,NHS South Eastern Hampshire CCG,30/06/2018,Clinical&Medical-Independent Sector,OUT OF HOURS,PARTNERING HEALTH LTD,22519588,"98,326.26",,IN01081
Department of Health,NHS South Eastern Hampshire CCG,30/06/2018,Hlthcre-Foundation Trsts,IMPROVING ACCESS TO PSYCHOLOGICAL THERAPIES,SOUTHERN HEALTH NHS FOUNDATION TRUST,22629479,"98,708.00",,43648494
Department of Health,NHS South Eastern Hampshire CCG,30/06/2018,C&M-PMS Contract Value,PRC DELEGATED CO-COMMISSIONING,EMSWORTH PRACTICE,22529801,"101,048.43",,SO000061719
Department of Health,NHS South Eastern Hampshire CCG,30/06/2018,Charges from CSU,CARERS,NEL COMMISSIONING SUPPORT UNIT,21092867,"103,125.00",,7312804082
Department of Health,NHS South Eastern Hampshire CCG,30/06/2018,C&M-GMS Global Sum,PRC DELEGATED CO-COMMISSIONING,COWPLAIN FAMILY PRACTICE,22697600,"109,337.51",,SO000061925
Department of Health,NHS South Eastern Hampshire CCG,30/06/2018,Hlthcre-Foundation Trsts,PATIENT TRANSPORT,SOUTH CENTRAL AMBULANCE SERVICE NHS FOUNDATION TRUST,22629425,"111,521.32",654923613,INV0048765
Department of Health,NHS South Eastern Hampshire CCG,30/06/2018,C&M-PMS Contract Value,PRC DELEGATED CO-COMMISSIONING,HOMEWELL PRACTICE,22543797,"120,174.76",,SO000061723
Department of Health,NHS South Eastern Hampshire CCG,30/06/2018,C&M-GMS Global Sum,PRC DELEGATED CO-COMMISSIONING,SWAN MEDICAL GROUP (THE),22701980,"139,761.89",,SO000061941
Department of Health,NHS South Eastern Hampshire CCG,30/06/2018,C&M-PMS Contract Value,PRC DELEGATED CO-COMMISSIONING,BOSMERE MEDICAL PRACTICE,22529797,"144,602.15",,SO000061715
Department of Health,NHS South Eastern Hampshire CCG,30/06/2018,Cont Care-Funded Nursing Care Allow,FUNDED NURSING CARE,NHS WEST HAMPSHIRE CCG,22641691,"154,054.00",,7028603055
Department of Health,NHS South Eastern Hampshire CCG,30/06/2018,Hlthcre-Foundation Trsts,CHILD AND ADOLESCENT MENTAL HEALTH,SUSSEX PARTNERSHIP NHS FOUNDATION TRUST,22629457,"164,389.00",654422543,6470735
Department of Health,NHS South Eastern Hampshire CCG,30/06/2018,Healthcare Srv Rec CCG,ACUTE COMMISSIONING,NHS EAST BERKSHIRE CCG,22519585,"165,238.00",,7031600022
Department of Health,NHS South Eastern Hampshire CCG,30/06/2018,C&M-PMS Contract Value,PRC DELEGATED CO-COMMISSIONING,VINE MEDICAL GROUP,22529810,"191,312.04",,SO000061729
Department of Health,NHS South Eastern Hampshire CCG,30/06/2018,Hlthcre-Foundation Trsts,ACUTE COMMISSIONING,FRIMLEY HEALTH NHS FOUNDATION TRUST,22641678,"201,194.03",654922028,N0099069
Department of Health,NHS South Eastern Hampshire CCG,30/06/2018,Clinical&Medical-Independent Sector,ACUTE COMMISSIONING,SPIRE HEALTHCARE LTD,22629418,"207,239.00",915970991,10VPTMPF181903
Department of Health,NHS South Eastern Hampshire CCG,30/06/2018,Hlthcre-Foundation Trsts,ACUTE COMMISSIONING,SOUTHAMPTON UNIVERSITY HOSPITALS NHS FOUNDATION TRUST,22519573,"251,060.00",,7318413
Department of Health,NHS South Eastern Hampshire CCG,30/06/2018,Hlthcre-Foundation Trsts,ACUTE COMMISSIONING,SOUTHAMPTON UNIVERSITY HOSPITALS NHS FOUNDATION TRUST,22521875,"251,060.00",,7316905
Department of Health,NHS South Eastern Hampshire CCG,30/06/2018,Clinical&Medical-Independent Sector,CLINICAL ASSESSMENT AND TREATMENT CENTRES,CARE UK CLINICAL SERVICES LTD,22728384,"251,239.58",,100070979
Department of Health,NHS South Eastern Hampshire CCG,30/06/2018,Basic Sal-Rechgs to-from Other NHS,CONTINUING HEALTHCARE ASSESSMENT & SUPPORT,NHS WEST HAMPSHIRE CCG,22728374,"355,087.00",,7028603067
Department of Health,NHS South Eastern Hampshire CCG,30/06/2018,Hcare Srv Rec NHS Trust,COMMUNITY SERVICES,SOLENT NHS TRUST,22629490,"394,880.00",,54154804
Department of Health,NHS South Eastern Hampshire CCG,30/06/2018,Hlthcre-Foundation Trsts,ACUTE COMMISSIONING,HAMPSHIRE HOSPITALS NHS FOUNDATION TRUST,22629439,"396,358.00",,40081696
Department of Health,NHS South Eastern Hampshire CCG,30/06/2018,Hlthcre-Foundation Trsts,ACUTE COMMISSIONING,WESTERN SUSSEX HOSPITALS NHS FOUNDATION TRUST,22629428,"504,765.00",65 4439322,1500031151
Department of Health,NHS South Eastern Hampshire CCG,30/06/2018,Hlthcre-Foundation Trsts,AMBULANCE SERVICES,SOUTH CENTRAL AMBULANCE SERVICE NHS FOUNDATION TRUST,22629422,"591,309.95",654923613,INV0048734
Department of Health,NHS South Eastern Hampshire CCG,30/06/2018,Hlthcre-Foundation Trsts,ACUTE COMMISSIONING,ROYAL SURREY COUNTY HOSPITAL NHS FOUNDATION TRUST,22629431,"1,005,193.00",,13794722
Department of Health,NHS South Eastern Hampshire CCG,30/06/2018,Hlthcre-Foundation Trsts,MENTAL HEALTH CONTRACTS,SOUTHERN HEALTH NHS FOUNDATION TRUST,22629478,"1,263,240.00",,43648493
Department of Health,NHS South Eastern Hampshire CCG,30/06/2018,Hlthcre-Foundation Trsts,COMMUNITY SERVICES,SOUTHERN HEALTH NHS FOUNDATION TRUST,22629480,"1,776,876.00",,43648502
Department of Health,NHS South Eastern Hampshire CCG,30/06/2018,Cont Care- Adult 100% Fully Funded,CHC ADULT FULLY FUNDED,NHS WEST HAMPSHIRE CCG,22641714,"2,016,165.00",,7028603059
Department of Health,NHS South Eastern Hampshire CCG,30/06/2018,Hcare Srv Rec NHS Trust,ACUTE COMMISSIONING,PORTSMOUTH HOSPITALS NHS TRUST,22845540,"8,697,972.00",,9356838
