Department family,Entity,Date,Expense Type,Expense area,Supplier,Transaction number,AP Amount (�),VAT registration number,Purchase invoice number
Department of Health,NHS South Eastern Hampshire CCG,31/03/2019,Healthcare Srv Rec CCG,ACUTE COMMISSIONING,NHS EAST BERKSHIRE CCG,26654667,"-107,996.00",654464815,7031601024
Department of Health,NHS South Eastern Hampshire CCG,31/03/2019,Professional Fees,INTERPRETING SERVICES,HAMPSHIRE LIFT LTD,26403845,"25,169.45",114309646,786
Department of Health,NHS South Eastern Hampshire CCG,31/03/2019,C&M-PMS QOF Aspiration,PRC DELEGATED CO-COMMISSIONING,VINE MEDICAL GROUP,26301015,"25,506.63",,SO000068555
Department of Health,NHS South Eastern Hampshire CCG,31/03/2019,Miscellaneous Expenditure (L9),NON RECURRENT PROGRAMMES,SOUTH CENTRAL AMBULANCE SERVICE NHS FOUNDATION TRUST,26413061,"25,640.00",654923613,INV0050419
Department of Health,NHS South Eastern Hampshire CCG,31/03/2019,Professional Fees,INTERPRETING SERVICES,HAMPSHIRE LIFT LTD,26403855,"26,004.00",114309646,790
Department of Health,NHS South Eastern Hampshire CCG,31/03/2019,Voids and Subsidies,RECHARGES NHS PROPERTY SERVICES LTD,COMMUNITY HEALTH PARTNERSHIPS LTD,26554686,"26,649.00",GB782562113,60084835
Department of Health,NHS South Eastern Hampshire CCG,31/03/2019,Voids and Subsidies,RECHARGES NHS PROPERTY SERVICES LTD,COMMUNITY HEALTH PARTNERSHIPS LTD,26554716,"26,649.00",GB782562113,60091754
Department of Health,NHS South Eastern Hampshire CCG,31/03/2019,Voids and Subsidies,RECHARGES NHS PROPERTY SERVICES LTD,COMMUNITY HEALTH PARTNERSHIPS LTD,26554745,"26,649.00",GB782562113,60094408
Department of Health,NHS South Eastern Hampshire CCG,31/03/2019,Voids and Subsidies,RECHARGES NHS PROPERTY SERVICES LTD,COMMUNITY HEALTH PARTNERSHIPS LTD,26554759,"26,649.00",GB782562113,60096729
Department of Health,NHS South Eastern Hampshire CCG,31/03/2019,Voids and Subsidies,RECHARGES NHS PROPERTY SERVICES LTD,COMMUNITY HEALTH PARTNERSHIPS LTD,26604238,"26,649.00",GB782562113,60086984
Department of Health,NHS South Eastern Hampshire CCG,31/03/2019,Seconded-Basic Sal-Staff fm oth org,COMMISSIONING - NON ACUTE,NHS SOUTH CENTRAL AND WEST COMMISSIONING SUPPORT UNIT,26286754,"27,000.00",,7312708329
Department of Health,NHS South Eastern Hampshire CCG,31/03/2019,Hlthcre-Foundation Trsts,ACUTE COMMISSIONING,FRIMLEY HEALTH NHS FOUNDATION TRUST,26286704,"27,077.00",654922028,N0105254
Department of Health,NHS South Eastern Hampshire CCG,31/03/2019,National Insurance < 1 yr-NI-EES,BALANCE SHEET,HMRC,26447042,"28,678.70",,120PD005702731911
Department of Health,NHS South Eastern Hampshire CCG,31/03/2019,Hcare Srv Rec NHS Trust,COMMUNITY SERVICES,SOLENT NHS TRUST,26413030,"28,877.00",654441188,54157761
Department of Health,NHS South Eastern Hampshire CCG,31/03/2019,Hlthcre-Foundation Trsts,ACUTE COMMISSIONING,ROYAL SURREY COUNTY HOSPITAL NHS FOUNDATION TRUST,26403889,"28,885.00",654947690,13799433
Department of Health,NHS South Eastern Hampshire CCG,31/03/2019,Clinical&Medical-Independent Sector,CARERS,NHS FAREHAM AND GOSPORT CCG,26554824,"29,484.00",,7027500473
Department of Health,NHS South Eastern Hampshire CCG,31/03/2019,Clinical&Medical-Serv Recd-NHS Trst,PRESCRIBING,PORTSMOUTH HOSPITALS NHS TRUST,26666168,"29,996.89",654936991,9375205
Department of Health,NHS South Eastern Hampshire CCG,31/03/2019,C&M-GMS Global Sum,PRC DELEGATED CO-COMMISSIONING,DR JR HARRISON & PARTNER,26502094,"30,298.88",,SO000068744
Department of Health,NHS South Eastern Hampshire CCG,31/03/2019,Hlthcre-Foundation Trsts,AMBULANCE SERVICES,SOUTH CENTRAL AMBULANCE SERVICE NHS FOUNDATION TRUST,26536279,"30,384.79",654923613,INV0050434
Department of Health,NHS South Eastern Hampshire CCG,31/03/2019,Seconded-Basic Sal-Staff fm oth org,COMMISSIONING - NON ACUTE,NHS WEST HAMPSHIRE CCG,26286787,"31,546.90",,7028603376
Department of Health,NHS South Eastern Hampshire CCG,31/03/2019,C&M-GMS Global Sum,PRC DELEGATED CO-COMMISSIONING,VILLAGE PRACTICE,26502108,"32,390.88",,SO000068761
Department of Health,NHS South Eastern Hampshire CCG,31/03/2019,Non-PFI Oprtng Lease-Bldgs-Lease Rent,CORPORATE COSTS & SERVICES,FORT SOUTHWICK CO LTD,26403912,"32,400.00",,COMMCEN017
Department of Health,NHS South Eastern Hampshire CCG,31/03/2019,C&M-PMS Cost of Drugs -Dispensing,LOCAL ENHANCED SERVICES,DENMEAD DOCTORS SURGERY,26594194,"33,249.66",,SO000069174
Department of Health,NHS South Eastern Hampshire CCG,31/03/2019,Clinical&Medical-Independent Sector,CLINICAL ASSESSMENT AND TREATMENT CENTRES,CARE UK CLINICAL SERVICES LTD,26286734,"33,518.84",,100088192
Department of Health,NHS South Eastern Hampshire CCG,31/03/2019,C&M-PMS Contract Value,PRC DELEGATED CO-COMMISSIONING,RIVERSIDE PARTNERSHIP,26301013,"34,628.57",,SO000068553
Department of Health,NHS South Eastern Hampshire CCG,31/03/2019,Miscellaneous Expenditure (L9),NON RECURRENT PROGRAMMES,ISLE OF WIGHT NHS TRUST,26536358,"35,322.60",654441776,44335205
Department of Health,NHS South Eastern Hampshire CCG,31/03/2019,C&M-GMS Global Sum,PRC DELEGATED CO-COMMISSIONING,HORNDEAN SURGERY,26502100,"36,048.12",,SO000068751
Department of Health,NHS South Eastern Hampshire CCG,31/03/2019,C&M-GMS Prem Actual Rent,PRC DELEGATED CO-COMMISSIONING,COWPLAIN FAMILY PRACTICE,26502091,"36,825.00",,SO000068741
Department of Health,NHS South Eastern Hampshire CCG,31/03/2019,Clinical&Medical-Independent Sector,ACUTE COMMISSIONING,SPIRE HEALTHCARE LTD,26604366,"37,037.28",915970991,10VPTMREC181910
Department of Health,NHS South Eastern Hampshire CCG,31/03/2019,Miscellaneous Expenditure (L9),NON RECURRENT PROGRAMMES,HAMPSHIRE HOSPITALS NHS FOUNDATION TRUST,26536383,"37,699.62",654932122,40089833
Department of Health,NHS South Eastern Hampshire CCG,31/03/2019,Charges from CSU,PRIMARY CARE IT,NHS SOUTH CENTRAL AND WEST COMMISSIONING SUPPORT UNIT,26413017,"38,506.39",,7312708505
Department of Health,NHS South Eastern Hampshire CCG,31/03/2019,C&M-PMS Cost of Drugs -Dispensing,LOCAL ENHANCED SERVICES,LIPHOOK & LISS SURGERY,26594204,"39,109.93",,SO000069184
Department of Health,NHS South Eastern Hampshire CCG,31/03/2019,Clinical&Medical-Independent Sector,NCAS/OATS,NEW HALL HOSPITAL,26286715,"39,253.00",,SEH119
Department of Health,NHS South Eastern Hampshire CCG,31/03/2019,Basic Sal-Rechgs to-from Other NHS,NURSING DIRECTORATE,NHS NORTH EAST HAMPSHIRE AND FARNHAM CCG,26536322,"39,951.67",,7030800878
Department of Health,NHS South Eastern Hampshire CCG,31/03/2019,Basic Sal-Rechgs to-from Other NHS,PERFORMANCE,NHS PORTSMOUTH CCG,26536406,"40,243.85",,7028000584
Department of Health,NHS South Eastern Hampshire CCG,31/03/2019,Basic Sal-Rechgs to-from Other NHS,FINANCE,NHS PORTSMOUTH CCG,26536406,"41,489.50",,7028000584
Department of Health,NHS South Eastern Hampshire CCG,31/03/2019,Miscellaneous Expenditure (L9),NON RECURRENT PROGRAMMES,HAMPSHIRE HOSPITALS NHS FOUNDATION TRUST,26536355,"42,000.00",654932122,40089825
Department of Health,NHS South Eastern Hampshire CCG,31/03/2019,Clinical&Medical-Independent Sector,WHEELCHAIR SERVICE,MILLBROOK HEALTHCARE LTD,26413063,"42,501.35",GB675991080,21848
Department of Health,NHS South Eastern Hampshire CCG,31/03/2019,National Insurance < 1 yr-NI- ERS,BALANCE SHEET,HMRC,26447042,"42,532.62",,120PD005702731911
Department of Health,NHS South Eastern Hampshire CCG,31/03/2019,Miscellaneous Expenditure (L9),NON RECURRENT PROGRAMMES,SOLENT NHS TRUST,26413080,"44,650.00",654441188,54157794
Department of Health,NHS South Eastern Hampshire CCG,31/03/2019,Hcare Srv Rec NHS Trust,COLLABORATIVE COMMISSIONING,PORTSMOUTH HOSPITALS NHS TRUST,26403891,"50,000.00",654936991,9373594
Department of Health,NHS South Eastern Hampshire CCG,31/03/2019,Clinical&Medical-Independent Sector,COLLABORATIVE COMMISSIONING,SOUTHAMPTON UNIVERSITY HOSPITALS NHS FOUNDATION TRUST,26536296,"50,000.00",654942706,1002969
Department of Health,NHS South Eastern Hampshire CCG,31/03/2019,C&M-GMS Global Sum,PRC DELEGATED CO-COMMISSIONING,CLANFIELD PRACTICE,26502089,"51,428.56",,SO000068739
Department of Health,NHS South Eastern Hampshire CCG,31/03/2019,C&M-PMS Contract Value,PRC DELEGATED CO-COMMISSIONING,GRANGE SURGERY,26301008,"54,427.90",,SO000068547
Department of Health,NHS South Eastern Hampshire CCG,31/03/2019,C&M-GMS Global Sum,PRC DELEGATED CO-COMMISSIONING,STAUNTON SURGERY,26502107,"54,745.61",,SO000068758
Department of Health,NHS South Eastern Hampshire CCG,31/03/2019,Hlthcre-Foundation Trsts,NHS 111,SOUTH CENTRAL AMBULANCE SERVICE NHS FOUNDATION TRUST,26439366,"56,210.70",654923613,INV0050476
Department of Health,NHS South Eastern Hampshire CCG,31/03/2019,Hlthcre-Foundation Trsts,NHS 111,SOUTH CENTRAL AMBULANCE SERVICE NHS FOUNDATION TRUST,26439361,"56,381.10",654923613,INV0050483
Department of Health,NHS South Eastern Hampshire CCG,31/03/2019,Hcare Srv Rec NHS Trust,MENTAL HEALTH CONTRACTS,SOLENT NHS TRUST,26413029,"58,794.00",654441188,54157760
Department of Health,NHS South Eastern Hampshire CCG,31/03/2019,C&M-GMS Global Sum,PRC DELEGATED CO-COMMISSIONING,PARK LANE & GREYWELLS,26502102,"64,791.78",,SO000068753
Department of Health,NHS South Eastern Hampshire CCG,31/03/2019,Income tax <1Yr,BALANCE SHEET,HMRC,26447042,"65,646.40",,120PD005702731911
Department of Health,NHS South Eastern Hampshire CCG,31/03/2019,Miscellaneous Expenditure (L9),NON RECURRENT PROGRAMMES,NHS WEST HAMPSHIRE CCG,26439200,"66,050.05",,7028603302
Department of Health,NHS South Eastern Hampshire CCG,31/03/2019,Miscellaneous Expenditure (L9),NON RECURRENT PROGRAMMES,NHS WEST HAMPSHIRE CCG,26439197,"67,563.25",,7028603301
Department of Health,NHS South Eastern Hampshire CCG,31/03/2019,Miscellaneous Expenditure (L9),NON RECURRENT PROGRAMMES,NHS WEST HAMPSHIRE CCG,26439236,"67,563.25",,7028603369
Department of Health,NHS South Eastern Hampshire CCG,31/03/2019,C&M-PMS Contract Value,PRC DELEGATED CO-COMMISSIONING,DENMEAD DOCTORS SURGERY,26301004,"69,741.93",,SO000068543
Department of Health,NHS South Eastern Hampshire CCG,31/03/2019,Hlthcre-Foundation Trsts,AMBULANCE SERVICES,SOUTH CENTRAL AMBULANCE SERVICE NHS FOUNDATION TRUST,26536285,"71,696.22",654923613,INV0050447
Department of Health,NHS South Eastern Hampshire CCG,31/03/2019,C&M-GMS Global Sum,PRC DELEGATED CO-COMMISSIONING,DR RICHARD J THOMAS,26520014,"73,752.57",,SO000068746
Department of Health,NHS South Eastern Hampshire CCG,31/03/2019,Clinical&Medical-Independent Sector,NCAS/OATS,NUFFIELD HEALTH,26286669,"75,105.00",564291137,CTNUFF828
Department of Health,NHS South Eastern Hampshire CCG,31/03/2019,C&M-GMS Global Sum,PRC DELEGATED CO-COMMISSIONING,ELMS PRACTICE,26502097,"77,709.94",,SO000068748
Department of Health,NHS South Eastern Hampshire CCG,31/03/2019,Charges from CSU,CORPORATE COSTS & SERVICES,NHS SOUTH CENTRAL AND WEST COMMISSIONING SUPPORT UNIT,26413017,"82,996.65",,7312708505
Department of Health,NHS South Eastern Hampshire CCG,31/03/2019,Miscellaneous Expenditure (L9),NON RECURRENT PROGRAMMES,WESSEX LOCAL MEDICAL COMMITTEE LTD,26286688,"85,000.00",224 5422 34,WLMCI1785
Department of Health,NHS South Eastern Hampshire CCG,31/03/2019,Miscellaneous Expenditure (L9),NON RECURRENT PROGRAMMES,SOUTHAMPTON UNIVERSITY HOSPITALS NHS FOUNDATION TRUST,26413059,"86,974.00",654942706,1003835
Department of Health,NHS South Eastern Hampshire CCG,31/03/2019,NHS CHC/FNC Risk-Sharing Recharge between CCGs,CHC ADULT FULLY FUNDED,NHS NORTH EAST HAMPSHIRE AND FARNHAM CCG,26413097,"87,000.00",,7030800872
Department of Health,NHS South Eastern Hampshire CCG,31/03/2019,C&M-PMS Contract Value,PRC DELEGATED CO-COMMISSIONING,LIPHOOK & LISS SURGERY,26325983,"87,751.25",,SO000068551
Department of Health,NHS South Eastern Hampshire CCG,31/03/2019,C&M-GMS Global Sum,PRC DELEGATED CO-COMMISSIONING,BADGERSWOOD SURGERY,26502087,"94,114.36",,SO000068737
Department of Health,NHS South Eastern Hampshire CCG,31/03/2019,Basic Sal-Rechgs to-from Other NHS,CONTINUING HEALTHCARE ASSESSMENT & SUPPORT,NHS WEST HAMPSHIRE CCG,26286831,"96,067.00",,7028603381
Department of Health,NHS South Eastern Hampshire CCG,31/03/2019,Hlthcre-Foundation Trsts,AMBULANCE SERVICES,SOUTH CENTRAL AMBULANCE SERVICE NHS FOUNDATION TRUST,26536283,"100,188.65",654923613,INV0050441
Department of Health,NHS South Eastern Hampshire CCG,31/03/2019,C&M-PMS Contract Value,PRC DELEGATED CO-COMMISSIONING,EMSWORTH PRACTICE,26301006,"102,653.92",,SO000068545
Department of Health,NHS South Eastern Hampshire CCG,31/03/2019,Hlthcre-Foundation Trsts,PATIENT TRANSPORT,SOUTH CENTRAL AMBULANCE SERVICE NHS FOUNDATION TRUST,26403955,"104,233.06",654923613,INV0050322
Department of Health,NHS South Eastern Hampshire CCG,31/03/2019,Hcare Srv Rec NHS Trust,COMMUNITY SERVICES,SOLENT NHS TRUST,26413081,"107,000.00",654441188,54157802
Department of Health,NHS South Eastern Hampshire CCG,31/03/2019,Clinical&Medical-Independent Sector,OUT OF HOURS,PARTNERING HEALTH LTD,26286690,"109,734.00",,IN01251
Department of Health,NHS South Eastern Hampshire CCG,31/03/2019,C&M-GMS Global Sum,PRC DELEGATED CO-COMMISSIONING,COWPLAIN FAMILY PRACTICE,26502091,"112,228.14",,SO000068741
Department of Health,NHS South Eastern Hampshire CCG,31/03/2019,Clinical&Medical-Independent Sector,GP FORWARD VIEW,SOUTHERN HAMPSHIRE PRIMARY CARE ALLIANCE,26554804,"118,391.67",,SEH011
Department of Health,NHS South Eastern Hampshire CCG,31/03/2019,C&M-PMS Contract Value,PRC DELEGATED CO-COMMISSIONING,HOMEWELL PRACTICE,26301010,"121,584.89",,SO000068549
Department of Health,NHS South Eastern Hampshire CCG,31/03/2019,C&M-GMS Global Sum,PRC DELEGATED CO-COMMISSIONING,SWAN MEDICAL GROUP (THE),26499936,"142,189.17",,SO000068760
Department of Health,NHS South Eastern Hampshire CCG,31/03/2019,C&M-PMS Contract Value,PRC DELEGATED CO-COMMISSIONING,BOSMERE MEDICAL PRACTICE,26301002,"147,594.34",,SO000068541
Department of Health,NHS South Eastern Hampshire CCG,31/03/2019,Miscellaneous Expenditure (L9),NON RECURRENT PROGRAMMES,NHS PORTSMOUTH CCG,26536481,"157,000.00",,7028000588
Department of Health,NHS South Eastern Hampshire CCG,31/03/2019,Hlthcre-Foundation Trsts,ACUTE COMMISSIONING,HAMPSHIRE HOSPITALS NHS FOUNDATION TRUST,26536466,"159,564.00",654932122,40089981
Department of Health,NHS South Eastern Hampshire CCG,31/03/2019,Hlthcre-Foundation Trsts,CHILD AND ADOLESCENT MENTAL HEALTH,SUSSEX PARTNERSHIP NHS FOUNDATION TRUST,26412989,"168,096.00",654422543,6473038
Department of Health,NHS South Eastern Hampshire CCG,31/03/2019,C&M-PMS Contract Value,PRC DELEGATED CO-COMMISSIONING,VINE MEDICAL GROUP,26301015,"194,359.01",,SO000068555
Department of Health,NHS South Eastern Hampshire CCG,31/03/2019,Miscellaneous Expenditure (L9),NON RECURRENT PROGRAMMES,NHS DORSET CCG,26286790,"197,714.00",,7029102029
Department of Health,NHS South Eastern Hampshire CCG,31/03/2019,Hlthcre-Foundation Trsts,ACUTE COMMISSIONING,FRIMLEY HEALTH NHS FOUNDATION TRUST,26403858,"198,592.67",654922028,N0105276
Department of Health,NHS South Eastern Hampshire CCG,31/03/2019,Miscellaneous Expenditure (L9),NON RECURRENT PROGRAMMES,COMMUNITY ACTION HAMPSHIRE,26286706,"203,000.00",,7444
Department of Health,NHS South Eastern Hampshire CCG,31/03/2019,Clinical&Medical-Independent Sector,ACUTE COMMISSIONING,SPIRE HEALTHCARE LTD,26286763,"207,239.00",915970991,10VPTMPF181912
Department of Health,NHS South Eastern Hampshire CCG,31/03/2019,Hlthcre-Foundation Trsts,ACUTE COMMISSIONING,ROYAL SURREY COUNTY HOSPITAL NHS FOUNDATION TRUST,26604369,"208,482.00",654947690,13800034
Department of Health,NHS South Eastern Hampshire CCG,31/03/2019,Hlthcre-Foundation Trsts,ACUTE COMMISSIONING,SOUTHAMPTON UNIVERSITY HOSPITALS NHS FOUNDATION TRUST,26286681,"251,060.00",654942706,7329204
Department of Health,NHS South Eastern Hampshire CCG,31/03/2019,Clinical&Medical-Independent Sector,CLINICAL ASSESSMENT AND TREATMENT CENTRES,CARE UK CLINICAL SERVICES LTD,26536478,"251,239.58",,100089310
Department of Health,NHS South Eastern Hampshire CCG,31/03/2019,Clinical&Medical-Independent Sector,WINTER PRESSURES,SOUTHERN HEALTH NHS FOUNDATION TRUST,26536246,"254,400.40",654412253,43652607
Department of Health,NHS South Eastern Hampshire CCG,31/03/2019,Cont Care-Funded Nursing Care Allow,FUNDED NURSING CARE,NHS WEST HAMPSHIRE CCG,26413038,"285,840.00",,7028603388
Department of Health,NHS South Eastern Hampshire CCG,31/03/2019,Miscellaneous Expenditure (L9),CONTINUING HEALTHCARE ASSESSMENT & SUPPORT,NHS WEST HAMPSHIRE CCG,26413015,"298,000.00",,7028603385
Department of Health,NHS South Eastern Hampshire CCG,31/03/2019,Hcare Srv Rec NHS Trust,COLLABORATIVE COMMISSIONING,PORTSMOUTH HOSPITALS NHS TRUST,26536418,"355,500.00",654936991,9374672
Department of Health,NHS South Eastern Hampshire CCG,31/03/2019,Hlthcre-Foundation Trsts,ACUTE COMMISSIONING,HAMPSHIRE HOSPITALS NHS FOUNDATION TRUST,26403958,"394,732.00",654932122,40089525
Department of Health,NHS South Eastern Hampshire CCG,31/03/2019,Hcare Srv Rec NHS Trust,COMMUNITY SERVICES,SOLENT NHS TRUST,26413028,"394,884.00",654441188,54157759
Department of Health,NHS South Eastern Hampshire CCG,31/03/2019,Miscellaneous Expenditure (L9),NON RECURRENT PROGRAMMES,DORSET COUNTY HOSPITAL NHS FOUNDATION TRUST,26536421,"406,277.00",654950022,G0010670
Department of Health,NHS South Eastern Hampshire CCG,31/03/2019,Hlthcre-Foundation Trsts,ACUTE COMMISSIONING,WESTERN SUSSEX HOSPITALS NHS FOUNDATION TRUST,26286813,"504,765.00",65 4439322,1500035937
Department of Health,NHS South Eastern Hampshire CCG,31/03/2019,Hlthcre-Foundation Trsts,AMBULANCE SERVICES,SOUTH CENTRAL AMBULANCE SERVICE NHS FOUNDATION TRUST,26286810,"613,896.38",654923613,INV0050295
Department of Health,NHS South Eastern Hampshire CCG,31/03/2019,Hlthcre-Foundation Trsts,ACUTE COMMISSIONING,ROYAL SURREY COUNTY HOSPITAL NHS FOUNDATION TRUST,26403929,"1,049,600.00",654947690,13799624
Department of Health,NHS South Eastern Hampshire CCG,31/03/2019,Clinical&Medical-Othe Public Sector,COMMUNITY SERVICES,HAMPSHIRE COUNTY COUNCIL,26286826,"1,076,984.08",GB189406822,3611085536
Department of Health,NHS South Eastern Hampshire CCG,31/03/2019,Cont Care- Adult 100% Fully Funded,CHC ADULT FULLY FUNDED,NHS WEST HAMPSHIRE CCG,26413051,"1,105,760.00",,7028603392
