"Spend over �25,000 - Publication 01/04/2018 to 30/04/2018",,,,,,
,,,,,,
Department family,Entity,Date,Expense area,Supplier,Purchase invoice number,AP Amount (�)
Department of Health,NHS South Kent Coast CCG,4/30/2018,WHEELCHAIR SERVICE,NOTTINGHAM REHAB LTD,1800102937,"$101,077.49 "
Department of Health,NHS South Kent Coast CCG,4/30/2018,WHEELCHAIR SERVICE,NOTTINGHAM REHAB LTD,1800103111,"$93,114.29 "
Department of Health,NHS South Kent Coast CCG,4/30/2018,PERFORMANCE,NHS THANET CCG,7027100588,"$7,053.40 "
Department of Health,NHS South Kent Coast CCG,4/30/2018,FINANCE,NHS THANET CCG,7027100588,"$22,014.18 "
Department of Health,NHS South Kent Coast CCG,4/30/2018,COMMISSIONING,NHS THANET CCG,7027100588,"$12,419.55 "
Department of Health,NHS South Kent Coast CCG,4/30/2018,QUALITY ASSURANCE,NHS THANET CCG,7027100588,"$13,570.56 "
Department of Health,NHS South Kent Coast CCG,4/30/2018,CORPORATE GOVERNANCE,NHS THANET CCG,7027100588,"$2,981.45 "
Department of Health,NHS South Kent Coast CCG,4/30/2018,Service Planning & Reform,NHS THANET CCG,7027100594,"$120,750.05 "
Department of Health,NHS South Kent Coast CCG,4/30/2018,MENTAL HEALTH SERVICES - OTHER,INVICTA HEALTH CIC,2298,"$37,007.10 "
Department of Health,NHS South Kent Coast CCG,4/30/2018,MENTAL HEALTH SERVICES - ADULTS,TURNING POINT,SITPS00017085,"$62,500.00 "
Department of Health,NHS South Kent Coast CCG,4/30/2018,CHC CHILDREN,SUNFLOWERS CARE LTD,0090629,"$37,939.15 "
Department of Health,NHS South Kent Coast CCG,4/30/2018,GP FORWARD VIEW,CHANNEL HEALTH ALLIANCE LTD,CHA013,"$61,628.53 "
Department of Health,NHS South Kent Coast CCG,4/30/2018,GP FORWARD VIEW,CHANNEL HEALTH ALLIANCE LTD,CHA014,"$91,811.00 "
Department of Health,NHS South Kent Coast CCG,4/30/2018,PATIENT TRANSPORT,G4S HEALTH SERVICES UK LTD,90259762,"$25,156.30 "
Department of Health,NHS South Kent Coast CCG,4/30/2018,ACUTE COMMISSIONING,ROYAL NATIONAL ORTHOPAEDIC HOSPITAL NHS TRUST,B0036428,"$33,598.00 "
Department of Health,NHS South Kent Coast CCG,4/30/2018,BALANCE SHEET,HMRC,120PJ005722551812,"$43,086.32 "
Department of Health,NHS South Kent Coast CCG,4/30/2018,BALANCE SHEET,HMRC,120PJ005722551812,$214.00 
Department of Health,NHS South Kent Coast CCG,4/30/2018,BALANCE SHEET,HMRC,120PJ005722551812,"$26,178.51 "
Department of Health,NHS South Kent Coast CCG,4/30/2018,BALANCE SHEET,HMRC,120PJ005722551812,"$18,589.84 "
Department of Health,NHS South Kent Coast CCG,4/30/2018,BALANCE SHEET,HMRC,120PJ005722551812,($648.50)
Department of Health,NHS South Kent Coast CCG,4/30/2018,NCAS/OATS,ONE ASHFORD HEALTHCARE LTD,NHSSKCGI55,"$68,604.39 "
Department of Health,NHS South Kent Coast CCG,4/30/2018,ACUTE COMMISSIONING,EAST KENT HOSPITALS UNIVERSITY NHS FOUNDATION TRUST,890381,"$2,273,543.00 "
Department of Health,NHS South Kent Coast CCG,4/30/2018,NCAS/OATS,ONE ASHFORD HEALTHCARE LTD,NHSSKCGI77,"$115,632.95 "
Department of Health,NHS South Kent Coast CCG,4/30/2018,CARERS,KENT COUNTY COUNCIL (EXCH SEC MAIDSTONE),900060207,"$65,367.72 "
Department of Health,NHS South Kent Coast CCG,4/30/2018,NCAS/OATS,ONE ASHFORD HEALTHCARE LTD,NHSSKCGI90,"$102,308.54 "
Department of Health,NHS South Kent Coast CCG,4/30/2018,NCAS/OATS,ROYAL MARSDEN NHS FOUNDATION TRUST (THE),45747083,"$30,553.00 "
Department of Health,NHS South Kent Coast CCG,4/30/2018,ACUTE COMMISSIONING,KING`S COLLEGE HOSPITAL NHS FOUNDATION TRUST,00258359,"$190,362.00 "
Department of Health,NHS South Kent Coast CCG,4/30/2018,FUNDED NURSING CARE,SALTWOOD CARE CENTRE LTD,9216,"$26,557.85 "
Department of Health,NHS South Kent Coast CCG,4/30/2018,MENTAL HEALTH CONTRACTS,KENT AND MEDWAY NHS AND SOCIALCARE PARTNERSHIP TRUST,13603905,"$1,546,055.00 "
Department of Health,NHS South Kent Coast CCG,4/30/2018,AMBULANCE SERVICES,SOUTH EAST COAST AMBULANCE SERVICE NHS FOUNDATION TRUST,7880679,"$807,832.02 "
Department of Health,NHS South Kent Coast CCG,4/30/2018,WHEELCHAIR SERVICE,KENT COUNTY COUNCIL (EXCH SEC MAIDSTONE),900063362,"$143,808.00 "
Department of Health,NHS South Kent Coast CCG,4/30/2018,OUT OF HOURS,INTEGRATED CARE 24 LTD,15058,"$84,794.80 "
Department of Health,NHS South Kent Coast CCG,4/30/2018,WHEELCHAIR SERVICE,MILLBROOK HEALTHCARE LTD,17307,"$52,853.76 "
Department of Health,NHS South Kent Coast CCG,4/30/2018,ACUTE COMMISSIONING,UNIVERSITY COLLEGE LONDON HOSPITALS NHS FOUNDATION TRUST,SLA3478,"$47,385.00 "
Department of Health,NHS South Kent Coast CCG,4/30/2018,MENTAL HEALTH SERVICES - ADULTS,SOUTH LONDON AND MAUDSLEY NHS FOUNDATION TRUST,B0008398,"$25,306.00 "
Department of Health,NHS South Kent Coast CCG,4/30/2018,PLANNED CARE,BMI HEALTHCARE COLLECTIONS,0000089557,"$102,313.24 "
Department of Health,NHS South Kent Coast CCG,4/30/2018,ACUTE COMMISSIONING,QUEEN VICTORIA HOSPITAL NHS FOUNDATION TRUST,2010014719,"$65,156.68 "
Department of Health,NHS South Kent Coast CCG,4/30/2018,PLANNED CARE,BENENDEN HOSPITAL TRUST,25890,"$61,593.00 "
Department of Health,NHS South Kent Coast CCG,4/30/2018,NCAS/OATS,ONE ASHFORD HEALTHCARE LTD,NHSSKCGI36,"$95,904.24 "
Department of Health,NHS South Kent Coast CCG,4/30/2018,IMPROVING ACCESS TO PSYCHOLOGICAL THERAPIES,DOVER COUNSELLING CENTRE,5257,"$79,960.00 "
Department of Health,NHS South Kent Coast CCG,4/30/2018,NCAS/OATS,BARTS HEALTH NHS TRUST,331741,"($29,549.19)"
Department of Health,NHS South Kent Coast CCG,4/30/2018,NCAS/OATS,BARTS HEALTH NHS TRUST,329926,"$29,549.19 "
Department of Health,NHS South Kent Coast CCG,4/30/2018,WINTER PRESSURES,NHS ASHFORD CCG,7025500111,"$87,160.39 "
Department of Health,NHS South Kent Coast CCG,4/30/2018,WINTER PRESSURES,NHS ASHFORD CCG,7025500828,"$56,000.00 "
Department of Health,NHS South Kent Coast CCG,4/30/2018,PRC DELEGATED CO-COMMISSIONING,DR HOSSAIN M A & PARTNERS,KC000075170,"$56,598.11 "
Department of Health,NHS South Kent Coast CCG,4/30/2018,LOCAL ENHANCED SERVICES,DR HOSSAIN M A & PARTNERS,KC000075170,$984.32 
Department of Health,NHS South Kent Coast CCG,4/30/2018,PRC DELEGATED CO-COMMISSIONING,DR HOSSAIN M A & PARTNERS,KC000075170,"$1,113.37 "
Department of Health,NHS South Kent Coast CCG,4/30/2018,PRC DELEGATED CO-COMMISSIONING,DR HOSSAIN M A & PARTNERS,KC000075170,$236.36 
Department of Health,NHS South Kent Coast CCG,4/30/2018,PRC DELEGATED CO-COMMISSIONING,DR HOSSAIN M A & PARTNERS,KC000075170,"$6,452.71 "
Department of Health,NHS South Kent Coast CCG,4/30/2018,LOCAL ENHANCED SERVICES,DR FORD M R,KC000075172,$174.02 
Department of Health,NHS South Kent Coast CCG,4/30/2018,PRC DELEGATED CO-COMMISSIONING,DR FORD M R,KC000075172,$311.71 
Department of Health,NHS South Kent Coast CCG,4/30/2018,PRC DELEGATED CO-COMMISSIONING,DR FORD M R,KC000075172,"$17,978.35 "
Department of Health,NHS South Kent Coast CCG,4/30/2018,PRC DELEGATED CO-COMMISSIONING,DR FORD M R,KC000075172,"$1,633.33 "
Department of Health,NHS South Kent Coast CCG,4/30/2018,PRC DELEGATED CO-COMMISSIONING,DR FORD M R,KC000075172,"$5,880.00 "
Department of Health,NHS South Kent Coast CCG,4/30/2018,PRC DELEGATED CO-COMMISSIONING,DR FORD M R,KC000075172,$41.97 
Department of Health,NHS South Kent Coast CCG,4/30/2018,PRC DELEGATED CO-COMMISSIONING,DR FORD M R,KC000075172,"$2,340.54 "
Department of Health,NHS South Kent Coast CCG,4/30/2018,PRC DELEGATED CO-COMMISSIONING,HIGH STREET SURGERY,KC000075176,"$1,603.08 "
Department of Health,NHS South Kent Coast CCG,4/30/2018,PRC DELEGATED CO-COMMISSIONING,HIGH STREET SURGERY,KC000075176,"$62,681.61 "
Department of Health,NHS South Kent Coast CCG,4/30/2018,PRC DELEGATED CO-COMMISSIONING,HIGH STREET SURGERY,KC000075176,"$6,072.24 "
Department of Health,NHS South Kent Coast CCG,4/30/2018,PRC DELEGATED CO-COMMISSIONING,NEW LYMINGE SURGERY,KC000075178,"$32,872.53 "
Department of Health,NHS South Kent Coast CCG,4/30/2018,PRC DELEGATED CO-COMMISSIONING,NEW LYMINGE SURGERY,KC000075178,$117.43 
Department of Health,NHS South Kent Coast CCG,4/30/2018,PRC DELEGATED CO-COMMISSIONING,NEW LYMINGE SURGERY,KC000075178,"$3,322.55 "
Department of Health,NHS South Kent Coast CCG,4/30/2018,LOCAL ENHANCED SERVICES,OAK HALL SURGERY,KC000075180,"$1,848.54 "
Department of Health,NHS South Kent Coast CCG,4/30/2018,PRC DELEGATED CO-COMMISSIONING,OAK HALL SURGERY,KC000075180,"$2,226.62 "
Department of Health,NHS South Kent Coast CCG,4/30/2018,PRC DELEGATED CO-COMMISSIONING,OAK HALL SURGERY,KC000075180,"$52,070.80 "
Department of Health,NHS South Kent Coast CCG,4/30/2018,PRC DELEGATED CO-COMMISSIONING,OAK HALL SURGERY,KC000075180,"$8,400.00 "
Department of Health,NHS South Kent Coast CCG,4/30/2018,PRC DELEGATED CO-COMMISSIONING,OAK HALL SURGERY,KC000075180,$331.34 
Department of Health,NHS South Kent Coast CCG,4/30/2018,PRC DELEGATED CO-COMMISSIONING,OAK HALL SURGERY,KC000075180,"$6,155.64 "
Department of Health,NHS South Kent Coast CCG,4/30/2018,PRC DELEGATED CO-COMMISSIONING,OAKLANDS HEALTH CENTRE,KC000075182,"$5,789.18 "
Department of Health,NHS South Kent Coast CCG,4/30/2018,PRC DELEGATED CO-COMMISSIONING,OAKLANDS HEALTH CENTRE,KC000075182,"$91,615.01 "
Department of Health,NHS South Kent Coast CCG,4/30/2018,PRC DELEGATED CO-COMMISSIONING,OAKLANDS HEALTH CENTRE,KC000075182,"$9,968.82 "
Department of Health,NHS South Kent Coast CCG,4/30/2018,LOCAL ENHANCED SERVICES,PENCESTER HEALTH,KC000075184,$443.18 
Department of Health,NHS South Kent Coast CCG,4/30/2018,PRC DELEGATED CO-COMMISSIONING,PENCESTER HEALTH,KC000075184,$267.20 
Department of Health,NHS South Kent Coast CCG,4/30/2018,PRC DELEGATED CO-COMMISSIONING,PENCESTER HEALTH,KC000075184,"$26,989.13 "
Department of Health,NHS South Kent Coast CCG,4/30/2018,PRC DELEGATED CO-COMMISSIONING,PENCESTER HEALTH,KC000075184,$549.43 
Department of Health,NHS South Kent Coast CCG,4/30/2018,PRC DELEGATED CO-COMMISSIONING,PENCESTER HEALTH,KC000075184,$50.81 
Department of Health,NHS South Kent Coast CCG,4/30/2018,PRC DELEGATED CO-COMMISSIONING,PENCESTER HEALTH,KC000075184,"$2,478.14 "
Department of Health,NHS South Kent Coast CCG,4/30/2018,LOCAL ENHANCED SERVICES,PETER STREET SURGERY,KC000075186,"$1,855.11 "
Department of Health,NHS South Kent Coast CCG,4/30/2018,PRC DELEGATED CO-COMMISSIONING,PETER STREET SURGERY,KC000075186,$489.84 
Department of Health,NHS South Kent Coast CCG,4/30/2018,PRC DELEGATED CO-COMMISSIONING,PETER STREET SURGERY,KC000075186,"$50,483.42 "
Department of Health,NHS South Kent Coast CCG,4/30/2018,PRC DELEGATED CO-COMMISSIONING,PETER STREET SURGERY,KC000075186,"$16,293.51 "
Department of Health,NHS South Kent Coast CCG,4/30/2018,PRC DELEGATED CO-COMMISSIONING,PETER STREET SURGERY,KC000075186,$271.71 
Department of Health,NHS South Kent Coast CCG,4/30/2018,PRC DELEGATED CO-COMMISSIONING,PETER STREET SURGERY,KC000075186,"$5,427.13 "
Department of Health,NHS South Kent Coast CCG,4/30/2018,PRC DELEGATED CO-COMMISSIONING,SANDGATE ROAD SURGERY,KC000075188,$534.36 
Department of Health,NHS South Kent Coast CCG,4/30/2018,PRC DELEGATED CO-COMMISSIONING,SANDGATE ROAD SURGERY,KC000075188,"$95,927.46 "
Department of Health,NHS South Kent Coast CCG,4/30/2018,PRC DELEGATED CO-COMMISSIONING,SANDGATE ROAD SURGERY,KC000075188,"$9,807.21 "
Department of Health,NHS South Kent Coast CCG,4/30/2018,PRC DELEGATED CO-COMMISSIONING,SURGERY FOLKESTONE,KC000075190,"$20,747.42 "
Department of Health,NHS South Kent Coast CCG,4/30/2018,PRC DELEGATED CO-COMMISSIONING,SURGERY FOLKESTONE,KC000075190,"$3,504.00 "
Department of Health,NHS South Kent Coast CCG,4/30/2018,PRC DELEGATED CO-COMMISSIONING,SURGERY FOLKESTONE,KC000075190,"$2,451.76 "
Department of Health,NHS South Kent Coast CCG,4/30/2018,PRC DELEGATED CO-COMMISSIONING,SURGERY FOLKESTONE,KC000075190,"$2,059.82 "
Department of Health,NHS South Kent Coast CCG,4/30/2018,PRC DELEGATED CO-COMMISSIONING,SURGERY FOLKESTONE,KC000075190,"$1,934.68 "
Department of Health,NHS South Kent Coast CCG,4/30/2018,LOCAL ENHANCED SERVICES,SUN LANE SURGERY,KC000075192,$75.52 
Department of Health,NHS South Kent Coast CCG,4/30/2018,PRC DELEGATED CO-COMMISSIONING,SUN LANE SURGERY,KC000075192,$623.42 
Department of Health,NHS South Kent Coast CCG,4/30/2018,PRC DELEGATED CO-COMMISSIONING,SUN LANE SURGERY,KC000075192,"$42,765.09 "
Department of Health,NHS South Kent Coast CCG,4/30/2018,PRC DELEGATED CO-COMMISSIONING,SUN LANE SURGERY,KC000075192,$11.05 
Department of Health,NHS South Kent Coast CCG,4/30/2018,PRC DELEGATED CO-COMMISSIONING,SUN LANE SURGERY,KC000075192,"$4,605.28 "
Department of Health,NHS South Kent Coast CCG,4/30/2018,PRC DELEGATED CO-COMMISSIONING,ST JAMES SURGERY DOVER,KC000075193,($281.57)
Department of Health,NHS South Kent Coast CCG,4/30/2018,PRC DELEGATED CO-COMMISSIONING,ST JAMES SURGERY DOVER,KC000075193,($270.34)
Department of Health,NHS South Kent Coast CCG,4/30/2018,PRC DELEGATED CO-COMMISSIONING,ST JAMES SURGERY DOVER,KC000075193,"($8,054.89)"
Department of Health,NHS South Kent Coast CCG,4/30/2018,PRC DELEGATED CO-COMMISSIONING,ST JAMES SURGERY DOVER,KC000075193,($477.75)
Department of Health,NHS South Kent Coast CCG,4/30/2018,PRC DELEGATED CO-COMMISSIONING,ST JAMES SURGERY DOVER,KC000075193,"($2,193.75)"
Department of Health,NHS South Kent Coast CCG,4/30/2018,PRC DELEGATED CO-COMMISSIONING,ST JAMES SURGERY DOVER,KC000075193,"($2,336.75)"
Department of Health,NHS South Kent Coast CCG,4/30/2018,PRC DELEGATED CO-COMMISSIONING,ST JAMES SURGERY DOVER,KC000075193,"($3,547.99)"
Department of Health,NHS South Kent Coast CCG,4/30/2018,PRC DELEGATED CO-COMMISSIONING,ST JAMES SURGERY DOVER,KC000075193,"($8,976.25)"
Department of Health,NHS South Kent Coast CCG,4/30/2018,LOCAL ENHANCED SERVICES,ST JAMES SURGERY DOVER,KC000075194,$606.58 
Department of Health,NHS South Kent Coast CCG,4/30/2018,PRC DELEGATED CO-COMMISSIONING,ST JAMES SURGERY DOVER,KC000075194,"$1,024.25 "
Department of Health,NHS South Kent Coast CCG,4/30/2018,PRC DELEGATED CO-COMMISSIONING,ST JAMES SURGERY DOVER,KC000075194,"$61,991.78 "
Department of Health,NHS South Kent Coast CCG,4/30/2018,PRC DELEGATED CO-COMMISSIONING,ST JAMES SURGERY DOVER,KC000075194,"$12,098.89 "
Department of Health,NHS South Kent Coast CCG,4/30/2018,PRC DELEGATED CO-COMMISSIONING,ST JAMES SURGERY DOVER,KC000075194,$159.74 
Department of Health,NHS South Kent Coast CCG,4/30/2018,PRC DELEGATED CO-COMMISSIONING,ST JAMES SURGERY DOVER,KC000075194,$165.67 
Department of Health,NHS South Kent Coast CCG,4/30/2018,PRC DELEGATED CO-COMMISSIONING,ST JAMES SURGERY DOVER,KC000075194,"$5,693.24 "
Department of Health,NHS South Kent Coast CCG,4/30/2018,LOCAL ENHANCED SERVICES,ST RICHARDS RD SURGERY,KC000075196,"$3,213.35 "
Department of Health,NHS South Kent Coast CCG,4/30/2018,PRC DELEGATED CO-COMMISSIONING,ST RICHARDS RD SURGERY,KC000075196,"$4,809.35 "
Department of Health,NHS South Kent Coast CCG,4/30/2018,PRC DELEGATED CO-COMMISSIONING,ST RICHARDS RD SURGERY,KC000075196,"$77,557.55 "
Department of Health,NHS South Kent Coast CCG,4/30/2018,PRC DELEGATED CO-COMMISSIONING,ST RICHARDS RD SURGERY,KC000075196,"$52,440.80 "
Department of Health,NHS South Kent Coast CCG,4/30/2018,PRC DELEGATED CO-COMMISSIONING,ST RICHARDS RD SURGERY,KC000075196,$285.11 
Department of Health,NHS South Kent Coast CCG,4/30/2018,PRC DELEGATED CO-COMMISSIONING,ST RICHARDS RD SURGERY,KC000075196,$282.76 
Department of Health,NHS South Kent Coast CCG,4/30/2018,PRC DELEGATED CO-COMMISSIONING,ST RICHARDS RD SURGERY,KC000075196,"$8,712.76 "
Department of Health,NHS South Kent Coast CCG,4/30/2018,PRC DELEGATED CO-COMMISSIONING,BALMORAL SURGERY,KC000075197,($427.22)
Department of Health,NHS South Kent Coast CCG,4/30/2018,PRC DELEGATED CO-COMMISSIONING,BALMORAL SURGERY,KC000075197,"($59,700.00)"
Department of Health,NHS South Kent Coast CCG,4/30/2018,PRC DELEGATED CO-COMMISSIONING,BALMORAL SURGERY,KC000075197,($410.18)
Department of Health,NHS South Kent Coast CCG,4/30/2018,PRC DELEGATED CO-COMMISSIONING,BALMORAL SURGERY,KC000075197,"($1,403.34)"
Department of Health,NHS South Kent Coast CCG,4/30/2018,PRC DELEGATED CO-COMMISSIONING,BALMORAL SURGERY,KC000075197,"($7,543.74)"
Department of Health,NHS South Kent Coast CCG,4/30/2018,PRC DELEGATED CO-COMMISSIONING,BALMORAL SURGERY,KC000075197,"($7,729.23)"
Department of Health,NHS South Kent Coast CCG,4/30/2018,LOCAL ENHANCED SERVICES,BALMORAL SURGERY,KC000075198,"$3,466.67 "
Department of Health,NHS South Kent Coast CCG,4/30/2018,PRC DELEGATED CO-COMMISSIONING,BALMORAL SURGERY,KC000075198,"$2,182.07 "
Department of Health,NHS South Kent Coast CCG,4/30/2018,PRC DELEGATED CO-COMMISSIONING,BALMORAL SURGERY,KC000075198,"$97,874.44 "
Department of Health,NHS South Kent Coast CCG,4/30/2018,PRC DELEGATED CO-COMMISSIONING,BALMORAL SURGERY,KC000075198,"$39,760.75 "
Department of Health,NHS South Kent Coast CCG,4/30/2018,PRC DELEGATED CO-COMMISSIONING,BALMORAL SURGERY,KC000075198,$302.64 
Department of Health,NHS South Kent Coast CCG,4/30/2018,PRC DELEGATED CO-COMMISSIONING,BALMORAL SURGERY,KC000075198,"$9,969.76 "
Department of Health,NHS South Kent Coast CCG,4/30/2018,LOCAL ENHANCED SERVICES,CEDARS SURGERY,KC000075200,"$3,688.53 "
Department of Health,NHS South Kent Coast CCG,4/30/2018,PRC DELEGATED CO-COMMISSIONING,CEDARS SURGERY,KC000075200,"$1,736.67 "
Department of Health,NHS South Kent Coast CCG,4/30/2018,PRC DELEGATED CO-COMMISSIONING,CEDARS SURGERY,KC000075200,"$84,188.63 "
Department of Health,NHS South Kent Coast CCG,4/30/2018,PRC DELEGATED CO-COMMISSIONING,CEDARS SURGERY,KC000075200,"$1,300.00 "
Department of Health,NHS South Kent Coast CCG,4/30/2018,PRC DELEGATED CO-COMMISSIONING,CEDARS SURGERY,KC000075200,"$27,078.77 "
Department of Health,NHS South Kent Coast CCG,4/30/2018,PRC DELEGATED CO-COMMISSIONING,CEDARS SURGERY,KC000075200,$399.83 
Department of Health,NHS South Kent Coast CCG,4/30/2018,PRC DELEGATED CO-COMMISSIONING,CEDARS SURGERY,KC000075200,"$10,704.64 "
Department of Health,NHS South Kent Coast CCG,4/30/2018,LOCAL ENHANCED SERVICES,PARK FARM SURGERY,KC000075202,$106.63 
Department of Health,NHS South Kent Coast CCG,4/30/2018,PRC DELEGATED CO-COMMISSIONING,PARK FARM SURGERY,KC000075202,$44.53 
Department of Health,NHS South Kent Coast CCG,4/30/2018,PRC DELEGATED CO-COMMISSIONING,PARK FARM SURGERY,KC000075202,"$22,934.22 "
Department of Health,NHS South Kent Coast CCG,4/30/2018,PRC DELEGATED CO-COMMISSIONING,PARK FARM SURGERY,KC000075202,$26.51 
Department of Health,NHS South Kent Coast CCG,4/30/2018,PRC DELEGATED CO-COMMISSIONING,PARK FARM SURGERY,KC000075202,"$2,540.09 "
Department of Health,NHS South Kent Coast CCG,4/30/2018,PRC DELEGATED CO-COMMISSIONING,WHITE CLIFFS MEDICAL CENTRE,KC000075204,"$4,319.69 "
Department of Health,NHS South Kent Coast CCG,4/30/2018,PRC DELEGATED CO-COMMISSIONING,WHITE CLIFFS MEDICAL CENTRE,KC000075204,"$64,097.37 "
Department of Health,NHS South Kent Coast CCG,4/30/2018,PRC DELEGATED CO-COMMISSIONING,WHITE CLIFFS MEDICAL CENTRE,KC000075204,"$6,915.99 "
Department of Health,NHS South Kent Coast CCG,4/30/2018,LOCAL ENHANCED SERVICES,FOLKESTONE CANTERBURY ROAD SURGERY,KC000075208,"$1,136.10 "
Department of Health,NHS South Kent Coast CCG,4/30/2018,PRC DELEGATED CO-COMMISSIONING,FOLKESTONE CANTERBURY ROAD SURGERY,KC000075208,$400.77 
Department of Health,NHS South Kent Coast CCG,4/30/2018,PRC DELEGATED CO-COMMISSIONING,FOLKESTONE CANTERBURY ROAD SURGERY,KC000075208,"$81,619.15 "
Department of Health,NHS South Kent Coast CCG,4/30/2018,PRC DELEGATED CO-COMMISSIONING,FOLKESTONE CANTERBURY ROAD SURGERY,KC000075208,$83.94 
Department of Health,NHS South Kent Coast CCG,4/30/2018,PRC DELEGATED CO-COMMISSIONING,FOLKESTONE CANTERBURY ROAD SURGERY,KC000075208,"$6,510.34 "
Department of Health,NHS South Kent Coast CCG,4/30/2018,LOCAL ENHANCED SERVICES,PENCESTER SURGERY,KC000075210,$847.41 
Department of Health,NHS South Kent Coast CCG,4/30/2018,PRC DELEGATED CO-COMMISSIONING,PENCESTER SURGERY,KC000075210,"$3,117.36 "
Department of Health,NHS South Kent Coast CCG,4/30/2018,PRC DELEGATED CO-COMMISSIONING,PENCESTER SURGERY,KC000075210,"$71,730.58 "
Department of Health,NHS South Kent Coast CCG,4/30/2018,PRC DELEGATED CO-COMMISSIONING,PENCESTER SURGERY,KC000075210,"$10,082.41 "
Department of Health,NHS South Kent Coast CCG,4/30/2018,PRC DELEGATED CO-COMMISSIONING,PENCESTER SURGERY,KC000075210,$81.74 
Department of Health,NHS South Kent Coast CCG,4/30/2018,PRC DELEGATED CO-COMMISSIONING,PENCESTER SURGERY,KC000075210,"$6,586.78 "
Department of Health,NHS South Kent Coast CCG,4/30/2018,LOCAL ENHANCED SERVICES,PREMIER PRIMARYCARE LTD,KC000075212,"$1,005.07 "
Department of Health,NHS South Kent Coast CCG,4/30/2018,PRC DELEGATED CO-COMMISSIONING,PREMIER PRIMARYCARE LTD,KC000075212,"$1,157.87 "
Department of Health,NHS South Kent Coast CCG,4/30/2018,PRC DELEGATED CO-COMMISSIONING,PREMIER PRIMARYCARE LTD,KC000075212,"$77,965.71 "
Department of Health,NHS South Kent Coast CCG,4/30/2018,PRC DELEGATED CO-COMMISSIONING,PREMIER PRIMARYCARE LTD,KC000075212,$165.68 
Department of Health,NHS South Kent Coast CCG,4/30/2018,PRC DELEGATED CO-COMMISSIONING,PREMIER PRIMARYCARE LTD,KC000075212,"$4,708.95 "
Department of Health,NHS South Kent Coast CCG,4/30/2018,PRC DELEGATED CO-COMMISSIONING,AYLESHAM MEDICAL PRACTICE,KC000075214,"$3,161.85 "
Department of Health,NHS South Kent Coast CCG,4/30/2018,PRC DELEGATED CO-COMMISSIONING,AYLESHAM MEDICAL PRACTICE,KC000075214,"$54,524.51 "
Department of Health,NHS South Kent Coast CCG,4/30/2018,PRC DELEGATED CO-COMMISSIONING,AYLESHAM MEDICAL PRACTICE,KC000075214,"$16,758.00 "
Department of Health,NHS South Kent Coast CCG,4/30/2018,PRC DELEGATED CO-COMMISSIONING,AYLESHAM MEDICAL PRACTICE,KC000075214,"$2,736.00 "
Department of Health,NHS South Kent Coast CCG,4/30/2018,PRC DELEGATED CO-COMMISSIONING,AYLESHAM MEDICAL PRACTICE,KC000075214,"$5,295.28 "
Department of Health,NHS South Kent Coast CCG,4/30/2018,PRC DELEGATED CO-COMMISSIONING,BUCKLAND MEDICAL CENTRE,KC000075218,"$1,113.32 "
Department of Health,NHS South Kent Coast CCG,4/30/2018,PRC DELEGATED CO-COMMISSIONING,BUCKLAND MEDICAL CENTRE,KC000075218,"$32,758.50 "
Department of Health,NHS South Kent Coast CCG,4/30/2018,PRC DELEGATED CO-COMMISSIONING,BUCKLAND MEDICAL CENTRE,KC000075218,"$5,952.60 "
Department of Health,NHS South Kent Coast CCG,4/30/2018,PRC DELEGATED CO-COMMISSIONING,BUCKLAND MEDICAL CENTRE,KC000075218,"$3,895.70 "
Department of Health,NHS South Kent Coast CCG,4/30/2018,PRC DELEGATED CO-COMMISSIONING,INVICTA HEALTH CIC,KC000075165,"($29,106.00)"
Department of Health,NHS South Kent Coast CCG,4/30/2018,PRC DELEGATED CO-COMMISSIONING,INVICTA HEALTH CIC,KC000075165,($215.61)
Department of Health,NHS South Kent Coast CCG,4/30/2018,PRC DELEGATED CO-COMMISSIONING,INVICTA HEALTH CIC,KC000075165,($207.01)
Department of Health,NHS South Kent Coast CCG,4/30/2018,PRC DELEGATED CO-COMMISSIONING,INVICTA HEALTH CIC,KC000075166,"$65,958.33 "
Department of Health,NHS South Kent Coast CCG,4/30/2018,PRC DELEGATED CO-COMMISSIONING,INVICTA HEALTH CIC,KC000075166,"$7,456.00 "
Department of Health,NHS South Kent Coast CCG,4/30/2018,PRC DELEGATED CO-COMMISSIONING,INVICTA HEALTH CIC,KC000075166,"$2,646.00 "
Department of Health,NHS South Kent Coast CCG,4/30/2018,PRC DELEGATED CO-COMMISSIONING,INVICTA HEALTH CIC,KC000075166,"$4,649.06 "
Department of Health,NHS South Kent Coast CCG,4/30/2018,PRC DELEGATED CO-COMMISSIONING,INVICTA HEALTH CIC,KC000075166,$128.71 
Department of Health,NHS South Kent Coast CCG,4/30/2018,LOCAL ENHANCED SERVICES,INVICTA HEALTH CIC,KC000075166,"$2,112.41 "
Department of Health,NHS South Kent Coast CCG,4/30/2018,PRC DELEGATED CO-COMMISSIONING,INVICTA HEALTH CIC,KC000075166,$313.68 
Department of Health,NHS South Kent Coast CCG,4/30/2018,LOCAL ENHANCED SERVICES,WHITE HOUSE SURGERY (THE),KC000075174,"$1,107.54 "
Department of Health,NHS South Kent Coast CCG,4/30/2018,PRC DELEGATED CO-COMMISSIONING,WHITE HOUSE SURGERY (THE),KC000075174,$267.18 
Department of Health,NHS South Kent Coast CCG,4/30/2018,PRC DELEGATED CO-COMMISSIONING,WHITE HOUSE SURGERY (THE),KC000075174,"$74,592.62 "
Department of Health,NHS South Kent Coast CCG,4/30/2018,PRC DELEGATED CO-COMMISSIONING,WHITE HOUSE SURGERY (THE),KC000075174,$278.34 
Department of Health,NHS South Kent Coast CCG,4/30/2018,PRC DELEGATED CO-COMMISSIONING,WHITE HOUSE SURGERY (THE),KC000075174,"$6,356.24 "
Department of Health,NHS South Kent Coast CCG,4/30/2018,PRC DELEGATED CO-COMMISSIONING,INVICTA HEALTH CIC,KC000075220,"$52,570.09 "
Department of Health,NHS South Kent Coast CCG,4/30/2018,PRC DELEGATED CO-COMMISSIONING,INVICTA HEALTH CIC,KC000075220,"$16,477.50 "
Department of Health,NHS South Kent Coast CCG,4/30/2018,PRC DELEGATED CO-COMMISSIONING,INVICTA HEALTH CIC,KC000075220,"$13,443.21 "
Department of Health,NHS South Kent Coast CCG,4/30/2018,PRC DELEGATED CO-COMMISSIONING,INVICTA HEALTH CIC,KC000075220,"$5,571.87 "
Department of Health,NHS South Kent Coast CCG,4/30/2018,PRC DELEGATED CO-COMMISSIONING,LYDDEN SURGERY,KC000075216,$578.94 
Department of Health,NHS South Kent Coast CCG,4/30/2018,PRC DELEGATED CO-COMMISSIONING,LYDDEN SURGERY,KC000075216,"$38,548.09 "
Department of Health,NHS South Kent Coast CCG,4/30/2018,PRC DELEGATED CO-COMMISSIONING,LYDDEN SURGERY,KC000075216,$541.43 
Department of Health,NHS South Kent Coast CCG,4/30/2018,PRC DELEGATED CO-COMMISSIONING,LYDDEN SURGERY,KC000075216,"$4,049.43 "
Department of Health,NHS South Kent Coast CCG,4/30/2018,PRC DELEGATED CO-COMMISSIONING,LYDDEN SURGERY,KC000075216,"$5,132.16 "
Department of Health,NHS South Kent Coast CCG,4/30/2018,PRC DELEGATED CO-COMMISSIONING,LYDDEN SURGERY,KC000075216,"$8,963.71 "
Department of Health,NHS South Kent Coast CCG,4/30/2018,PRC DELEGATED CO-COMMISSIONING,LYDDEN SURGERY,KC000075216,"$5,949.28 "
Department of Health,NHS South Kent Coast CCG,4/30/2018,PRC DELEGATED CO-COMMISSIONING,DR SELINA SWANN,KC000075222,"$35,558.99 "
Department of Health,NHS South Kent Coast CCG,4/30/2018,PRC DELEGATED CO-COMMISSIONING,DR SELINA SWANN,KC000075222,"$1,384.56 "
Department of Health,NHS South Kent Coast CCG,4/30/2018,PRC DELEGATED CO-COMMISSIONING,DR SELINA SWANN,KC000075222,"$5,725.00 "
Department of Health,NHS South Kent Coast CCG,4/30/2018,PRC DELEGATED CO-COMMISSIONING,DR SELINA SWANN,KC000075222,"$3,493.91 "
Department of Health,NHS South Kent Coast CCG,4/30/2018,PRC DELEGATED CO-COMMISSIONING,DR RM STEWART T/A HAWKINGE HEALTH CENTRE,KC000075205,($307.37)
Department of Health,NHS South Kent Coast CCG,4/30/2018,PRC DELEGATED CO-COMMISSIONING,DR RM STEWART T/A HAWKINGE HEALTH CENTRE,KC000075205,($295.10)
Department of Health,NHS South Kent Coast CCG,4/30/2018,PRC DELEGATED CO-COMMISSIONING,DR RM STEWART T/A HAWKINGE HEALTH CENTRE,KC000075205,"($11,115.71)"
Department of Health,NHS South Kent Coast CCG,4/30/2018,PRC DELEGATED CO-COMMISSIONING,DR RM STEWART T/A HAWKINGE HEALTH CENTRE,KC000075205,"($1,582.88)"
Department of Health,NHS South Kent Coast CCG,4/30/2018,PRC DELEGATED CO-COMMISSIONING,DR RM STEWART T/A HAWKINGE HEALTH CENTRE,KC000075205,"($1,686.06)"
Department of Health,NHS South Kent Coast CCG,4/30/2018,PRC DELEGATED CO-COMMISSIONING,DR RM STEWART T/A HAWKINGE HEALTH CENTRE,KC000075205,"($11,271.18)"
Department of Health,NHS South Kent Coast CCG,4/30/2018,LOCAL ENHANCED SERVICES,DR RM STEWART T/A HAWKINGE HEALTH CENTRE,KC000075206,"$2,555.52 "
Department of Health,NHS South Kent Coast CCG,4/30/2018,PRC DELEGATED CO-COMMISSIONING,DR RM STEWART T/A HAWKINGE HEALTH CENTRE,KC000075206,"$1,825.89 "
Department of Health,NHS South Kent Coast CCG,4/30/2018,PRC DELEGATED CO-COMMISSIONING,DR RM STEWART T/A HAWKINGE HEALTH CENTRE,KC000075206,"$68,441.10 "
Department of Health,NHS South Kent Coast CCG,4/30/2018,PRC DELEGATED CO-COMMISSIONING,DR RM STEWART T/A HAWKINGE HEALTH CENTRE,KC000075206,$248.00 
Department of Health,NHS South Kent Coast CCG,4/30/2018,PRC DELEGATED CO-COMMISSIONING,DR RM STEWART T/A HAWKINGE HEALTH CENTRE,KC000075206,$258.45 
Department of Health,NHS South Kent Coast CCG,4/30/2018,PRC DELEGATED CO-COMMISSIONING,DR RM STEWART T/A HAWKINGE HEALTH CENTRE,KC000075206,"$7,880.05 "
Department of Health,NHS South Kent Coast CCG,4/30/2018,PLANNED CARE,NEW HAYESBANK SURGERY,24229,"$63,729.00 "
Department of Health,NHS South Kent Coast CCG,4/30/2018,PRC DELEGATED CO-COMMISSIONING,NHS ENGLAND,7000027175,"$1,325.20 "
Department of Health,NHS South Kent Coast CCG,4/30/2018,PRC DELEGATED CO-COMMISSIONING,NHS ENGLAND,7000027175,"$29,073.11 "
Department of Health,NHS South Kent Coast CCG,4/30/2018,PRC DELEGATED CO-COMMISSIONING,NHS ENGLAND,7000027175,$841.59 
Department of Health,NHS South Kent Coast CCG,4/30/2018,PRC DELEGATED CO-COMMISSIONING,NHS ENGLAND,7000027175,"$3,045.88 "
Department of Health,NHS South Kent Coast CCG,4/30/2018,PLANNED CARE,NEW HAYESBANK SURGERY,24323,"$58,249.00 "
Department of Health,NHS South Kent Coast CCG,4/30/2018,GP FORWARD VIEW,INVICTA HEALTH CIC,2469,"$52,377.25 "
Department of Health,NHS South Kent Coast CCG,4/30/2018,EDUCATION AND TRAINING,KENT COMMUNITY HEALTH NHS FOUNDATION TRUST,24058833,"$35,000.00 "
Department of Health,NHS South Kent Coast CCG,4/30/2018,PATIENT TRANSPORT,G4S HEALTH SERVICES UK LTD,90272865,"$25,156.30 "
Department of Health,NHS South Kent Coast CCG,4/30/2018,MENTAL HEALTH SERVICES - SPECIALIST SERVICES,NORTH EAST LONDON NHS FOUNDATION TRUST,0000048452,"$25,813.00 "
Department of Health,NHS South Kent Coast CCG,4/30/2018,PLANNED CARE,NEW HAYESBANK SURGERY,24430,"$57,545.00 "
Department of Health,NHS South Kent Coast CCG,4/30/2018,CHC ADULT FULLY FUNDED,HF TRUST LTD,AF99414336,"$43,824.66 "
Department of Health,NHS South Kent Coast CCG,4/30/2018,LOCAL ENHANCED SERVICES,NEW LYMINGE SURGERY,KC000075690,"$38,033.44 "
Department of Health,NHS South Kent Coast CCG,4/30/2018,PRC DELEGATED CO-COMMISSIONING,NEW LYMINGE SURGERY,KC000075690,"$6,725.17 "
Department of Health,NHS South Kent Coast CCG,4/30/2018,LOCAL ENHANCED SERVICES,NEW LYMINGE SURGERY,KC000075690,"$1,702.80 "
Department of Health,NHS South Kent Coast CCG,4/30/2018,LOCAL ENHANCED SERVICES,WHITE CLIFFS MEDICAL CENTRE,KC000075694,"$37,187.69 "
Department of Health,NHS South Kent Coast CCG,4/30/2018,PRC DELEGATED CO-COMMISSIONING,WHITE CLIFFS MEDICAL CENTRE,KC000075694,"$5,703.48 "
Department of Health,NHS South Kent Coast CCG,4/30/2018,LOCAL ENHANCED SERVICES,WHITE CLIFFS MEDICAL CENTRE,KC000075694,$662.20 
Department of Health,NHS South Kent Coast CCG,4/30/2018,LOCAL ENHANCED SERVICES,LYDDEN SURGERY,KC000075696,"$43,703.25 "
Department of Health,NHS South Kent Coast CCG,4/30/2018,PRC DELEGATED CO-COMMISSIONING,LYDDEN SURGERY,KC000075696,"$6,256.36 "
Department of Health,NHS South Kent Coast CCG,4/30/2018,LOCAL ENHANCED SERVICES,LYDDEN SURGERY,KC000075696,"$1,221.20 "
Department of Health,NHS South Kent Coast CCG,4/30/2018,LOCAL ENHANCED SERVICES,BUCKLAND MEDICAL CENTRE,KC000075697,"($24,302.73)"
Department of Health,NHS South Kent Coast CCG,4/30/2018,PRC DELEGATED CO-COMMISSIONING,BUCKLAND MEDICAL CENTRE,KC000075697,($722.40)
Department of Health,NHS South Kent Coast CCG,4/30/2018,LOCAL ENHANCED SERVICES,BUCKLAND MEDICAL CENTRE,KC000075698,"$56,556.61 "
Department of Health,NHS South Kent Coast CCG,4/30/2018,PRC DELEGATED CO-COMMISSIONING,BUCKLAND MEDICAL CENTRE,KC000075698,"$7,367.36 "
Department of Health,NHS South Kent Coast CCG,4/30/2018,LOCAL ENHANCED SERVICES,BUCKLAND MEDICAL CENTRE,KC000075698,$722.40 
Department of Health,NHS South Kent Coast CCG,4/30/2018,PRESCRIBING,PAYDENS LTD,200218,"$58,595.00 "
Department of Health,NHS South Kent Coast CCG,4/30/2018,PRESCRIBING,PAYDENS LTD,210218,"$33,705.00 "
Department of Health,NHS South Kent Coast CCG,4/30/2018,PRESCRIBING,PAYDENS LTD,150218,"$29,740.00 "
Department of Health,NHS South Kent Coast CCG,4/30/2018,PRESCRIBING,PAYDENS LTD,170318,"$52,220.00 "
Department of Health,NHS South Kent Coast CCG,4/30/2018,MENTAL HEALTH SERVICES - OTHER,INVICTA HEALTH CIC,2496,"$37,007.10 "
Department of Health,NHS South Kent Coast CCG,4/30/2018,PRESCRIBING,PAYDENS LTD,120418,"$32,650.00 "
Department of Health,NHS South Kent Coast CCG,4/30/2018,NCAS/OATS,MOORFIELDS EYE HOSPITAL NHS FOUNDATION TRUST,IC0032897,"$27,482.00 "
Department of Health,NHS South Kent Coast CCG,4/30/2018,PLANNED CARE,EAST KENT MEDICAL SERVICES LTD T/A THE SPENCER WING,20180410A,"$44,803.25 "
Department of Health,NHS South Kent Coast CCG,4/30/2018,NCAS/OATS,GREAT ORMOND STREET HOSPITAL FOR CHILDREN NHS FOUNDATION TRUST,X0192555,"$36,496.96 "
Department of Health,NHS South Kent Coast CCG,4/30/2018,COMMISSIONING,KENT COUNTY COUNCIL (EXCH SEC MAIDSTONE),900063333,"$31,611.00 "
Department of Health,NHS South Kent Coast CCG,4/30/2018,PLANNED CARE,STEPHEN COMFORT,197,"$25,900.00 "
Department of Health,NHS South Kent Coast CCG,4/30/2018,HIGH COST DRUGS,NEW HAYESBANK SURGERY,AMD24385,"$32,322.96 "
Department of Health,NHS South Kent Coast CCG,4/30/2018,IMPROVING ACCESS TO PSYCHOLOGICAL THERAPIES,INSIGHT HEALTHCARE LTD,17936,"$45,000.00 "
Department of Health,NHS South Kent Coast CCG,4/30/2018,IMPROVING ACCESS TO PSYCHOLOGICAL THERAPIES,INSIGHT HEALTHCARE LTD,18019,"$80,174.00 "
Department of Health,NHS South Kent Coast CCG,4/30/2018,IMPROVING ACCESS TO PSYCHOLOGICAL THERAPIES,INSIGHT HEALTHCARE LTD,18060,"($80,174.00)"
Department of Health,NHS South Kent Coast CCG,4/30/2018,IMPROVING ACCESS TO PSYCHOLOGICAL THERAPIES,INSIGHT HEALTHCARE LTD,18059,"($45,000.00)"
Department of Health,NHS South Kent Coast CCG,4/30/2018,CHC ADULT FULLY FUNDED,KENT COUNTY COUNCIL (EXCH SEC MAIDSTONE),900063979,"$33,513.48 "
Department of Health,NHS South Kent Coast CCG,4/30/2018,ACUTE COMMISSIONING,EAST KENT HOSPITALS UNIVERSITY NHS FOUNDATION TRUST,893910,"$9,475,418.85 "
Department of Health,NHS South Kent Coast CCG,4/30/2018,REABLEMENT,KENT COUNTY COUNCIL (EXCH SEC MAIDSTONE),BCFSKCAPRMAY18,"$2,284,452.00 "
Department of Health,NHS South Kent Coast CCG,4/30/2018,ACUTE COMMISSIONING,GUYS & ST THOMAS HOSPITAL NHS FOUNDATION TRUST,3238190,"$190,585.00 "
Department of Health,NHS South Kent Coast CCG,4/30/2018,ACUTE COMMISSIONING,EAST KENT HOSPITALS UNIVERSITY NHS FOUNDATION TRUST,892561,"$1,052,824.32 "
Department of Health,NHS South Kent Coast CCG,4/30/2018,COMMUNITY SERVICES,KENT COMMUNITY HEALTH NHS FOUNDATION TRUST,24058539,"$1,885,635.00 "
Department of Health,NHS South Kent Coast CCG,4/30/2018,ACUTE COMMISSIONING,GUYS & ST THOMAS HOSPITAL NHS FOUNDATION TRUST,3236055,"$190,585.00 "
,,,,,,
