"Spend over �25,000 - Publication 01/06/2018 to 31/06/2018",,,,,,
,,,,,,
Department family,Entity,Date,Expense area,Supplier,Purchase invoice number,AP Amount (�)
Department of Health,NHS South Kent Coast CCG,6/30/2018,INTERMEDIATE CARE,AGE CONCERN DEAL CENTRE FOR THE RETIRED LTD,3324,"$67,000.00 "
Department of Health,NHS South Kent Coast CCG,6/30/2018,PRESCRIBING,PAYDENS LTD,140518,"$29,285.00 "
Department of Health,NHS South Kent Coast CCG,6/30/2018,PRESCRIBING,PAYDENS LTD,130518,"$54,370.00 "
Department of Health,NHS South Kent Coast CCG,6/30/2018,CHC CHILDREN,SUNFLOWERS CARE LTD,0090632,"$37,958.84 "
Department of Health,NHS South Kent Coast CCG,6/30/2018,MENTAL HEALTH SERVICES - ADULTS,TURNING POINT,SITPS00017866,"$62,500.00 "
Department of Health,NHS South Kent Coast CCG,6/30/2018,NCAS/OATS,BARTS HEALTH NHS TRUST,330303,"$29,549.19 "
Department of Health,NHS South Kent Coast CCG,6/30/2018,NCAS/OATS,BARTS HEALTH NHS TRUST,338927,"($29,549.19)"
Department of Health,NHS South Kent Coast CCG,6/30/2018,PLANNED CARE,BMI HEALTHCARE COLLECTIONS,0000091831,"$102,313.24 "
Department of Health,NHS South Kent Coast CCG,6/30/2018,HOSPICES,PILGRIMS HOSPICES IN EAST KENT,0000004908,"$72,033.32 "
Department of Health,NHS South Kent Coast CCG,6/30/2018,COMMISSIONING,OPTUM HEALTH SOLUTIONS (UK) LTD,0001085234,"$45,473.10 "
Department of Health,NHS South Kent Coast CCG,6/30/2018,ACUTE COMMISSIONING,UNIVERSITY COLLEGE LONDON HOSPITALS NHS FOUNDATION TRUST,SLA3755,"$47,385.00 "
Department of Health,NHS South Kent Coast CCG,6/30/2018,MENTAL HEALTH SERVICES - ADULTS,SOUTH LONDON AND MAUDSLEY NHS FOUNDATION TRUST,B0008455,"$25,306.00 "
Department of Health,NHS South Kent Coast CCG,6/30/2018,MENTAL HEALTH SERVICES - SPECIALIST SERVICES,NORTH EAST LONDON NHS FOUNDATION TRUST,0000049441,"$25,813.00 "
Department of Health,NHS South Kent Coast CCG,6/30/2018,ACUTE COMMISSIONING,QUEEN VICTORIA HOSPITAL NHS FOUNDATION TRUST,2010015192,"$65,156.68 "
Department of Health,NHS South Kent Coast CCG,6/30/2018,PLANNED CARE,STEPHEN COMFORT,201,"$27,755.00 "
Department of Health,NHS South Kent Coast CCG,6/30/2018,PLANNED CARE,CONNECT PHYSICAL HEALTH CENTRES LTD,65937,"$68,750.00 "
Department of Health,NHS South Kent Coast CCG,6/30/2018,BALANCE SHEET,HMRC,120PJ005722551902,"$42,036.40 "
Department of Health,NHS South Kent Coast CCG,6/30/2018,BALANCE SHEET,HMRC,120PJ005722551902,$202.00 
Department of Health,NHS South Kent Coast CCG,6/30/2018,BALANCE SHEET,HMRC,120PJ005722551902,"$26,405.49 "
Department of Health,NHS South Kent Coast CCG,6/30/2018,BALANCE SHEET,HMRC,120PJ005722551902,"$18,781.13 "
Department of Health,NHS South Kent Coast CCG,6/30/2018,BALANCE SHEET,HMRC,120PJ005722551902,($667.85)
Department of Health,NHS South Kent Coast CCG,6/30/2018,COMMUNITY SERVICES,KENT COMMUNITY HEALTH NHS FOUNDATION TRUST,24060003,"$1,887,172.00 "
Department of Health,NHS South Kent Coast CCG,6/30/2018,MENTAL HEALTH CONTRACTS,KENT AND MEDWAY NHS AND SOCIALCARE PARTNERSHIP TRUST,13604266,"$1,546,055.00 "
Department of Health,NHS South Kent Coast CCG,6/30/2018,AMBULANCE SERVICES,SOUTH EAST COAST AMBULANCE SERVICE NHS FOUNDATION TRUST,7880860,"$807,832.02 "
Department of Health,NHS South Kent Coast CCG,6/30/2018,CHILD AND ADOLESCENT MENTAL HEALTH,NORTH EAST LONDON NHS FOUNDATION TRUST,0000049440,"$203,501.00 "
Department of Health,NHS South Kent Coast CCG,6/30/2018,WHEELCHAIR SERVICE,MILLBROOK HEALTHCARE LTD,17921,"$52,853.76 "
Department of Health,NHS South Kent Coast CCG,6/30/2018,FUNDED NURSING CARE,SALTWOOD CARE CENTRE LTD,9722,"$26,005.92 "
Department of Health,NHS South Kent Coast CCG,6/30/2018,CHC ADULT FULLY FUNDED,SALTWOOD CARE CENTRE LTD,9725,"$23,190.84 "
Department of Health,NHS South Kent Coast CCG,6/30/2018,CHC ADULT FULLY FUNDED,SALTWOOD CARE CENTRE LTD,9725,"$3,594.58 "
Department of Health,NHS South Kent Coast CCG,6/30/2018,PLANNED CARE,BENENDEN HOSPITAL TRUST,26522,"$61,593.00 "
Department of Health,NHS South Kent Coast CCG,6/30/2018,GP FORWARD VIEW,CHANNEL HEALTH ALLIANCE LTD,CHA017,"$61,628.53 "
Department of Health,NHS South Kent Coast CCG,6/30/2018,PLANNED CARE,NEW HAYESBANK SURGERY,24581,"$59,910.75 "
Department of Health,NHS South Kent Coast CCG,6/30/2018,PLANNED CARE,SOUTHEAST ULTRASOUND LTD,0000215,"$25,233.14 "
Department of Health,NHS South Kent Coast CCG,6/30/2018,LOCAL ENHANCED SERVICES,DR AMIN Y Y,KC000077598,$121.92 
Department of Health,NHS South Kent Coast CCG,6/30/2018,PRC DELEGATED CO-COMMISSIONING,DR AMIN Y Y,KC000077598,"$20,419.62 "
Department of Health,NHS South Kent Coast CCG,6/30/2018,PRC DELEGATED CO-COMMISSIONING,DR AMIN Y Y,KC000077598,"$2,011.00 "
Department of Health,NHS South Kent Coast CCG,6/30/2018,PRC DELEGATED CO-COMMISSIONING,DR AMIN Y Y,KC000077598,"$1,373.63 "
Department of Health,NHS South Kent Coast CCG,6/30/2018,PRC DELEGATED CO-COMMISSIONING,DR AMIN Y Y,KC000077598,"$1,193.25 "
Department of Health,NHS South Kent Coast CCG,6/30/2018,PRC DELEGATED CO-COMMISSIONING,DR AMIN Y Y,KC000077598,$32.20 
Department of Health,NHS South Kent Coast CCG,6/30/2018,PRC DELEGATED CO-COMMISSIONING,GUILDHALL SURGERY (FOLKESTONE),KC000077600,"$56,598.11 "
Department of Health,NHS South Kent Coast CCG,6/30/2018,LOCAL ENHANCED SERVICES,GUILDHALL SURGERY (FOLKESTONE),KC000077600,$522.31 
Department of Health,NHS South Kent Coast CCG,6/30/2018,PRC DELEGATED CO-COMMISSIONING,GUILDHALL SURGERY (FOLKESTONE),KC000077600,$979.74 
Department of Health,NHS South Kent Coast CCG,6/30/2018,PRC DELEGATED CO-COMMISSIONING,GUILDHALL SURGERY (FOLKESTONE),KC000077600,"$2,536.33 "
Department of Health,NHS South Kent Coast CCG,6/30/2018,PRC DELEGATED CO-COMMISSIONING,GUILDHALL SURGERY (FOLKESTONE),KC000077600,"$3,827.41 "
Department of Health,NHS South Kent Coast CCG,6/30/2018,PRC DELEGATED CO-COMMISSIONING,GUILDHALL SURGERY (FOLKESTONE),KC000077600,"$2,833.33 "
Department of Health,NHS South Kent Coast CCG,6/30/2018,PRC DELEGATED CO-COMMISSIONING,GUILDHALL SURGERY (FOLKESTONE),KC000077600,$239.20 
Department of Health,NHS South Kent Coast CCG,6/30/2018,PRC DELEGATED CO-COMMISSIONING,GUILDHALL SURGERY (FOLKESTONE),KC000077600,"$3,508.67 "
Department of Health,NHS South Kent Coast CCG,6/30/2018,PRC DELEGATED CO-COMMISSIONING,HIGH STREET SURGERY,KC000077604,"$1,202.35 "
Department of Health,NHS South Kent Coast CCG,6/30/2018,PRC DELEGATED CO-COMMISSIONING,HIGH STREET SURGERY,KC000077604,$495.36 
Department of Health,NHS South Kent Coast CCG,6/30/2018,PRC DELEGATED CO-COMMISSIONING,HIGH STREET SURGERY,KC000077604,"$62,681.61 "
Department of Health,NHS South Kent Coast CCG,6/30/2018,PRC DELEGATED CO-COMMISSIONING,HIGH STREET SURGERY,KC000077604,"$1,534.18 "
Department of Health,NHS South Kent Coast CCG,6/30/2018,PRC DELEGATED CO-COMMISSIONING,HIGH STREET SURGERY,KC000077604,"$29,500.00 "
Department of Health,NHS South Kent Coast CCG,6/30/2018,PRC DELEGATED CO-COMMISSIONING,HIGH STREET SURGERY,KC000077604,$666.67 
Department of Health,NHS South Kent Coast CCG,6/30/2018,PRC DELEGATED CO-COMMISSIONING,NEW LYMINGE SURGERY,KC000077606,"$4,951.02 "
Department of Health,NHS South Kent Coast CCG,6/30/2018,PRC DELEGATED CO-COMMISSIONING,NEW LYMINGE SURGERY,KC000077606,"$32,872.53 "
Department of Health,NHS South Kent Coast CCG,6/30/2018,PRC DELEGATED CO-COMMISSIONING,NEW LYMINGE SURGERY,KC000077606,$117.43 
Department of Health,NHS South Kent Coast CCG,6/30/2018,PRC DELEGATED CO-COMMISSIONING,NEW LYMINGE SURGERY,KC000077606,"$2,935.00 "
Department of Health,NHS South Kent Coast CCG,6/30/2018,PRC DELEGATED CO-COMMISSIONING,NEW LYMINGE SURGERY,KC000077606,"$3,193.75 "
Department of Health,NHS South Kent Coast CCG,6/30/2018,PRC DELEGATED CO-COMMISSIONING,NEW LYMINGE SURGERY,KC000077606,$146.43 
Department of Health,NHS South Kent Coast CCG,6/30/2018,PRC DELEGATED CO-COMMISSIONING,NEW LYMINGE SURGERY,KC000077606,"$1,264.12 "
Department of Health,NHS South Kent Coast CCG,6/30/2018,LOCAL ENHANCED SERVICES,OAK HALL SURGERY,KC000077608,"$2,186.41 "
Department of Health,NHS South Kent Coast CCG,6/30/2018,PRC DELEGATED CO-COMMISSIONING,OAK HALL SURGERY,KC000077608,"$3,206.31 "
Department of Health,NHS South Kent Coast CCG,6/30/2018,PRC DELEGATED CO-COMMISSIONING,OAK HALL SURGERY,KC000077608,"$52,070.80 "
Department of Health,NHS South Kent Coast CCG,6/30/2018,PRC DELEGATED CO-COMMISSIONING,OAK HALL SURGERY,KC000077608,"$3,936.00 "
Department of Health,NHS South Kent Coast CCG,6/30/2018,PRC DELEGATED CO-COMMISSIONING,OAK HALL SURGERY,KC000077608,"$2,300.14 "
Department of Health,NHS South Kent Coast CCG,6/30/2018,PRC DELEGATED CO-COMMISSIONING,OAK HALL SURGERY,KC000077608,"$2,583.33 "
Department of Health,NHS South Kent Coast CCG,6/30/2018,PRC DELEGATED CO-COMMISSIONING,OAK HALL SURGERY,KC000077608,$211.60 
Department of Health,NHS South Kent Coast CCG,6/30/2018,PRC DELEGATED CO-COMMISSIONING,OAK HALL SURGERY,KC000077608,"$3,989.42 "
Department of Health,NHS South Kent Coast CCG,6/30/2018,LOCAL ENHANCED SERVICES,OAKLANDS HEALTH CENTRE,KC000077610,"$4,483.33 "
Department of Health,NHS South Kent Coast CCG,6/30/2018,PRC DELEGATED CO-COMMISSIONING,OAKLANDS HEALTH CENTRE,KC000077610,"$1,246.84 "
Department of Health,NHS South Kent Coast CCG,6/30/2018,PRC DELEGATED CO-COMMISSIONING,OAKLANDS HEALTH CENTRE,KC000077610,"$91,615.01 "
Department of Health,NHS South Kent Coast CCG,6/30/2018,PRC DELEGATED CO-COMMISSIONING,OAKLANDS HEALTH CENTRE,KC000077610,"$1,299.84 "
Department of Health,NHS South Kent Coast CCG,6/30/2018,PRC DELEGATED CO-COMMISSIONING,OAKLANDS HEALTH CENTRE,KC000077610,"$54,276.03 "
Department of Health,NHS South Kent Coast CCG,6/30/2018,PRC DELEGATED CO-COMMISSIONING,OAKLANDS HEALTH CENTRE,KC000077610,"$1,154.23 "
Department of Health,NHS South Kent Coast CCG,6/30/2018,PRC DELEGATED CO-COMMISSIONING,OAKLANDS HEALTH CENTRE,KC000077610,"$1,030.40 "
Department of Health,NHS South Kent Coast CCG,6/30/2018,LOCAL ENHANCED SERVICES,PENCESTER HEALTH,KC000077612,$30.30 
Department of Health,NHS South Kent Coast CCG,6/30/2018,PRC DELEGATED CO-COMMISSIONING,PENCESTER HEALTH,KC000077612,"$26,989.13 "
Department of Health,NHS South Kent Coast CCG,6/30/2018,PRC DELEGATED CO-COMMISSIONING,PENCESTER HEALTH,KC000077612,$549.43 
Department of Health,NHS South Kent Coast CCG,6/30/2018,PRC DELEGATED CO-COMMISSIONING,PENCESTER HEALTH,KC000077612,$20.70 
Department of Health,NHS South Kent Coast CCG,6/30/2018,LOCAL ENHANCED SERVICES,PETER STREET SURGERY,KC000077614,"$1,700.43 "
Department of Health,NHS South Kent Coast CCG,6/30/2018,PRC DELEGATED CO-COMMISSIONING,PETER STREET SURGERY,KC000077614,$667.95 
Department of Health,NHS South Kent Coast CCG,6/30/2018,PRC DELEGATED CO-COMMISSIONING,PETER STREET SURGERY,KC000077614,"$50,483.42 "
Department of Health,NHS South Kent Coast CCG,6/30/2018,PRC DELEGATED CO-COMMISSIONING,PETER STREET SURGERY,KC000077614,"$1,022.65 "
Department of Health,NHS South Kent Coast CCG,6/30/2018,PRC DELEGATED CO-COMMISSIONING,PETER STREET SURGERY,KC000077614,$349.60 
Department of Health,NHS South Kent Coast CCG,6/30/2018,LOCAL ENHANCED SERVICES,SANDGATE ROAD SURGERY,KC000077616,"$2,754.82 "
Department of Health,NHS South Kent Coast CCG,6/30/2018,PRC DELEGATED CO-COMMISSIONING,SANDGATE ROAD SURGERY,KC000077616,"$1,291.44 "
Department of Health,NHS South Kent Coast CCG,6/30/2018,PRC DELEGATED CO-COMMISSIONING,SANDGATE ROAD SURGERY,KC000077616,"$95,927.46 "
Department of Health,NHS South Kent Coast CCG,6/30/2018,PRC DELEGATED CO-COMMISSIONING,SANDGATE ROAD SURGERY,KC000077616,"$4,624.65 "
Department of Health,NHS South Kent Coast CCG,6/30/2018,PRC DELEGATED CO-COMMISSIONING,SANDGATE ROAD SURGERY,KC000077616,"$4,808.33 "
Department of Health,NHS South Kent Coast CCG,6/30/2018,PRC DELEGATED CO-COMMISSIONING,SANDGATE ROAD SURGERY,KC000077616,$358.80 
Department of Health,NHS South Kent Coast CCG,6/30/2018,PRC DELEGATED CO-COMMISSIONING,SANDGATE ROAD SURGERY,KC000077616,"$11,678.99 "
Department of Health,NHS South Kent Coast CCG,6/30/2018,PRC DELEGATED CO-COMMISSIONING,SURGERY FOLKESTONE,KC000077618,$489.83 
Department of Health,NHS South Kent Coast CCG,6/30/2018,PRC DELEGATED CO-COMMISSIONING,SURGERY FOLKESTONE,KC000077618,"$1,973.70 "
Department of Health,NHS South Kent Coast CCG,6/30/2018,PRC DELEGATED CO-COMMISSIONING,SURGERY FOLKESTONE,KC000077618,"$20,747.42 "
Department of Health,NHS South Kent Coast CCG,6/30/2018,PRC DELEGATED CO-COMMISSIONING,SURGERY FOLKESTONE,KC000077618,$850.67 
Department of Health,NHS South Kent Coast CCG,6/30/2018,PRC DELEGATED CO-COMMISSIONING,SURGERY FOLKESTONE,KC000077618,$222.82 
Department of Health,NHS South Kent Coast CCG,6/30/2018,PRC DELEGATED CO-COMMISSIONING,SURGERY FOLKESTONE,KC000077618,"$1,310.83 "
Department of Health,NHS South Kent Coast CCG,6/30/2018,LOCAL ENHANCED SERVICES,SUN LANE SURGERY,KC000077620,$113.64 
Department of Health,NHS South Kent Coast CCG,6/30/2018,PRC DELEGATED CO-COMMISSIONING,SUN LANE SURGERY,KC000077620,$578.89 
Department of Health,NHS South Kent Coast CCG,6/30/2018,PRC DELEGATED CO-COMMISSIONING,SUN LANE SURGERY,KC000077620,"$42,765.09 "
Department of Health,NHS South Kent Coast CCG,6/30/2018,PRC DELEGATED CO-COMMISSIONING,SUN LANE SURGERY,KC000077620,"$1,284.12 "
Department of Health,NHS South Kent Coast CCG,6/30/2018,PRC DELEGATED CO-COMMISSIONING,SUN LANE SURGERY,KC000077620,"$2,313.67 "
Department of Health,NHS South Kent Coast CCG,6/30/2018,PRC DELEGATED CO-COMMISSIONING,SUN LANE SURGERY,KC000077620,$27.60 
Department of Health,NHS South Kent Coast CCG,6/30/2018,LOCAL ENHANCED SERVICES,ST JAMES SURGERY DOVER,KC000077622,$485.25 
Department of Health,NHS South Kent Coast CCG,6/30/2018,PRC DELEGATED CO-COMMISSIONING,ST JAMES SURGERY DOVER,KC000077622,$356.24 
Department of Health,NHS South Kent Coast CCG,6/30/2018,PRC DELEGATED CO-COMMISSIONING,ST JAMES SURGERY DOVER,KC000077622,"$61,991.78 "
Department of Health,NHS South Kent Coast CCG,6/30/2018,PRC DELEGATED CO-COMMISSIONING,ST JAMES SURGERY DOVER,KC000077622,"$5,326.00 "
Department of Health,NHS South Kent Coast CCG,6/30/2018,PRC DELEGATED CO-COMMISSIONING,ST JAMES SURGERY DOVER,KC000077622,"$2,124.98 "
Department of Health,NHS South Kent Coast CCG,6/30/2018,PRC DELEGATED CO-COMMISSIONING,ST JAMES SURGERY DOVER,KC000077622,"$5,391.67 "
Department of Health,NHS South Kent Coast CCG,6/30/2018,PRC DELEGATED CO-COMMISSIONING,ST JAMES SURGERY DOVER,KC000077622,$108.10 
Department of Health,NHS South Kent Coast CCG,6/30/2018,LOCAL ENHANCED SERVICES,ST RICHARDS RD SURGERY,KC000077624,"$1,758.64 "
Department of Health,NHS South Kent Coast CCG,6/30/2018,PRC DELEGATED CO-COMMISSIONING,ST RICHARDS RD SURGERY,KC000077624,"$2,226.51 "
Department of Health,NHS South Kent Coast CCG,6/30/2018,PRC DELEGATED CO-COMMISSIONING,ST RICHARDS RD SURGERY,KC000077624,"$77,557.55 "
Department of Health,NHS South Kent Coast CCG,6/30/2018,PRC DELEGATED CO-COMMISSIONING,ST RICHARDS RD SURGERY,KC000077624,"$4,466.38 "
Department of Health,NHS South Kent Coast CCG,6/30/2018,PRC DELEGATED CO-COMMISSIONING,ST RICHARDS RD SURGERY,KC000077624,"$99,087.50 "
Department of Health,NHS South Kent Coast CCG,6/30/2018,PRC DELEGATED CO-COMMISSIONING,ST RICHARDS RD SURGERY,KC000077624,$207.00 
Department of Health,NHS South Kent Coast CCG,6/30/2018,LOCAL ENHANCED SERVICES,BALMORAL SURGERY,KC000077626,"$3,870.13 "
Department of Health,NHS South Kent Coast CCG,6/30/2018,PRC DELEGATED CO-COMMISSIONING,BALMORAL SURGERY,KC000077626,$801.58 
Department of Health,NHS South Kent Coast CCG,6/30/2018,PRC DELEGATED CO-COMMISSIONING,BALMORAL SURGERY,KC000077626,"$97,874.44 "
Department of Health,NHS South Kent Coast CCG,6/30/2018,PRC DELEGATED CO-COMMISSIONING,BALMORAL SURGERY,KC000077626,"$7,855.00 "
Department of Health,NHS South Kent Coast CCG,6/30/2018,PRC DELEGATED CO-COMMISSIONING,BALMORAL SURGERY,KC000077626,"$5,204.86 "
Department of Health,NHS South Kent Coast CCG,6/30/2018,PRC DELEGATED CO-COMMISSIONING,BALMORAL SURGERY,KC000077626,"$59,700.00 "
Department of Health,NHS South Kent Coast CCG,6/30/2018,PRC DELEGATED CO-COMMISSIONING,BALMORAL SURGERY,KC000077626,$395.60 
Department of Health,NHS South Kent Coast CCG,6/30/2018,PRC DELEGATED CO-COMMISSIONING,BALMORAL SURGERY,KC000077626,"$4,776.90 "
Department of Health,NHS South Kent Coast CCG,6/30/2018,PRC DELEGATED CO-COMMISSIONING,BALMORAL SURGERY,KC000077626,$509.32 
Department of Health,NHS South Kent Coast CCG,6/30/2018,PRC DELEGATED CO-COMMISSIONING,BALMORAL SURGERY,KC000077626,"$5,491.55 "
Department of Health,NHS South Kent Coast CCG,6/30/2018,LOCAL ENHANCED SERVICES,CEDARS SURGERY,KC000077628,"$3,224.71 "
Department of Health,NHS South Kent Coast CCG,6/30/2018,PRC DELEGATED CO-COMMISSIONING,CEDARS SURGERY,KC000077628,"$84,188.63 "
Department of Health,NHS South Kent Coast CCG,6/30/2018,PRC DELEGATED CO-COMMISSIONING,CEDARS SURGERY,KC000077628,"$6,505.00 "
Department of Health,NHS South Kent Coast CCG,6/30/2018,PRC DELEGATED CO-COMMISSIONING,CEDARS SURGERY,KC000077628,"$4,731.11 "
Department of Health,NHS South Kent Coast CCG,6/30/2018,PRC DELEGATED CO-COMMISSIONING,CEDARS SURGERY,KC000077628,"$45,958.00 "
Department of Health,NHS South Kent Coast CCG,6/30/2018,PRC DELEGATED CO-COMMISSIONING,CEDARS SURGERY,KC000077628,$347.81 
Department of Health,NHS South Kent Coast CCG,6/30/2018,PRC DELEGATED CO-COMMISSIONING,CEDARS SURGERY,KC000077628,$363.40 
Department of Health,NHS South Kent Coast CCG,6/30/2018,LOCAL ENHANCED SERVICES,PARK FARM SURGERY,KC000077630,$54.70 
Department of Health,NHS South Kent Coast CCG,6/30/2018,PRC DELEGATED CO-COMMISSIONING,PARK FARM SURGERY,KC000077630,$44.53 
Department of Health,NHS South Kent Coast CCG,6/30/2018,PRC DELEGATED CO-COMMISSIONING,PARK FARM SURGERY,KC000077630,"$22,934.22 "
Department of Health,NHS South Kent Coast CCG,6/30/2018,PRC DELEGATED CO-COMMISSIONING,PARK FARM SURGERY,KC000077630,$872.89 
Department of Health,NHS South Kent Coast CCG,6/30/2018,PRC DELEGATED CO-COMMISSIONING,PARK FARM SURGERY,KC000077630,$935.88 
Department of Health,NHS South Kent Coast CCG,6/30/2018,PRC DELEGATED CO-COMMISSIONING,PARK FARM SURGERY,KC000077630,"$1,125.00 "
Department of Health,NHS South Kent Coast CCG,6/30/2018,PRC DELEGATED CO-COMMISSIONING,PARK FARM SURGERY,KC000077630,$13.80 
Department of Health,NHS South Kent Coast CCG,6/30/2018,PRC DELEGATED CO-COMMISSIONING,WHITE CLIFFS MEDICAL CENTRE,KC000077632,$801.58 
Department of Health,NHS South Kent Coast CCG,6/30/2018,PRC DELEGATED CO-COMMISSIONING,WHITE CLIFFS MEDICAL CENTRE,KC000077632,"$4,533.06 "
Department of Health,NHS South Kent Coast CCG,6/30/2018,PRC DELEGATED CO-COMMISSIONING,WHITE CLIFFS MEDICAL CENTRE,KC000077632,"$64,097.37 "
Department of Health,NHS South Kent Coast CCG,6/30/2018,PRC DELEGATED CO-COMMISSIONING,WHITE CLIFFS MEDICAL CENTRE,KC000077632,"$2,582.53 "
Department of Health,NHS South Kent Coast CCG,6/30/2018,PRC DELEGATED CO-COMMISSIONING,WHITE CLIFFS MEDICAL CENTRE,KC000077632,"$10,982.58 "
Department of Health,NHS South Kent Coast CCG,6/30/2018,LOCAL ENHANCED SERVICES,FOLKESTONE CANTERBURY ROAD SURGERY,KC000077636,"$2,321.16 "
Department of Health,NHS South Kent Coast CCG,6/30/2018,PRC DELEGATED CO-COMMISSIONING,FOLKESTONE CANTERBURY ROAD SURGERY,KC000077636,"$5,776.62 "
Department of Health,NHS South Kent Coast CCG,6/30/2018,PRC DELEGATED CO-COMMISSIONING,FOLKESTONE CANTERBURY ROAD SURGERY,KC000077636,"$81,619.15 "
Department of Health,NHS South Kent Coast CCG,6/30/2018,PRC DELEGATED CO-COMMISSIONING,FOLKESTONE CANTERBURY ROAD SURGERY,KC000077636,"$6,690.00 "
Department of Health,NHS South Kent Coast CCG,6/30/2018,PRC DELEGATED CO-COMMISSIONING,FOLKESTONE CANTERBURY ROAD SURGERY,KC000077636,"$4,251.04 "
Department of Health,NHS South Kent Coast CCG,6/30/2018,PRC DELEGATED CO-COMMISSIONING,FOLKESTONE CANTERBURY ROAD SURGERY,KC000077636,"$5,333.33 "
Department of Health,NHS South Kent Coast CCG,6/30/2018,PRC DELEGATED CO-COMMISSIONING,FOLKESTONE CANTERBURY ROAD SURGERY,KC000077636,"$10,329.33 "
Department of Health,NHS South Kent Coast CCG,6/30/2018,PRC DELEGATED CO-COMMISSIONING,FOLKESTONE CANTERBURY ROAD SURGERY,KC000077636,$170.20 
Department of Health,NHS South Kent Coast CCG,6/30/2018,PRC DELEGATED CO-COMMISSIONING,FOLKESTONE CANTERBURY ROAD SURGERY,KC000077636,"$19,142.88 "
Department of Health,NHS South Kent Coast CCG,6/30/2018,LOCAL ENHANCED SERVICES,PENCESTER SURGERY,KC000077638,$631.64 
Department of Health,NHS South Kent Coast CCG,6/30/2018,PRC DELEGATED CO-COMMISSIONING,PENCESTER SURGERY,KC000077638,"$71,730.58 "
Department of Health,NHS South Kent Coast CCG,6/30/2018,PRC DELEGATED CO-COMMISSIONING,PENCESTER SURGERY,KC000077638,"$8,687.00 "
Department of Health,NHS South Kent Coast CCG,6/30/2018,PRC DELEGATED CO-COMMISSIONING,PENCESTER SURGERY,KC000077638,"$3,260.39 "
Department of Health,NHS South Kent Coast CCG,6/30/2018,PRC DELEGATED CO-COMMISSIONING,PENCESTER SURGERY,KC000077638,"$5,208.33 "
Department of Health,NHS South Kent Coast CCG,6/30/2018,PRC DELEGATED CO-COMMISSIONING,PENCESTER SURGERY,KC000077638,"$1,057.75 "
Department of Health,NHS South Kent Coast CCG,6/30/2018,PRC DELEGATED CO-COMMISSIONING,PENCESTER SURGERY,KC000077638,$181.70 
Department of Health,NHS South Kent Coast CCG,6/30/2018,LOCAL ENHANCED SERVICES,PREMIER PRIMARYCARE LTD,KC000077640,$377.15 
Department of Health,NHS South Kent Coast CCG,6/30/2018,PRC DELEGATED CO-COMMISSIONING,PREMIER PRIMARYCARE LTD,KC000077640,"$2,493.86 "
Department of Health,NHS South Kent Coast CCG,6/30/2018,PRC DELEGATED CO-COMMISSIONING,PREMIER PRIMARYCARE LTD,KC000077640,"$62,686.27 "
Department of Health,NHS South Kent Coast CCG,6/30/2018,PRC DELEGATED CO-COMMISSIONING,PREMIER PRIMARYCARE LTD,KC000077640,"$1,299.84 "
Department of Health,NHS South Kent Coast CCG,6/30/2018,PRC DELEGATED CO-COMMISSIONING,PREMIER PRIMARYCARE LTD,KC000077640,"$2,644.25 "
Department of Health,NHS South Kent Coast CCG,6/30/2018,PRC DELEGATED CO-COMMISSIONING,PREMIER PRIMARYCARE LTD,KC000077640,$124.20 
Department of Health,NHS South Kent Coast CCG,6/30/2018,PRC DELEGATED CO-COMMISSIONING,PREMIER PRIMARYCARE LTD,KC000077640,"$12,895.57 "
Department of Health,NHS South Kent Coast CCG,6/30/2018,LOCAL ENHANCED SERVICES,AYLESHAM MEDICAL PRACTICE,KC000077642,"$1,816.09 "
Department of Health,NHS South Kent Coast CCG,6/30/2018,PRC DELEGATED CO-COMMISSIONING,AYLESHAM MEDICAL PRACTICE,KC000077642,$757.07 
Department of Health,NHS South Kent Coast CCG,6/30/2018,PRC DELEGATED CO-COMMISSIONING,AYLESHAM MEDICAL PRACTICE,KC000077642,"$54,524.51 "
Department of Health,NHS South Kent Coast CCG,6/30/2018,PRC DELEGATED CO-COMMISSIONING,AYLESHAM MEDICAL PRACTICE,KC000077642,"$4,338.00 "
Department of Health,NHS South Kent Coast CCG,6/30/2018,PRC DELEGATED CO-COMMISSIONING,AYLESHAM MEDICAL PRACTICE,KC000077642,$222.82 
Department of Health,NHS South Kent Coast CCG,6/30/2018,PRC DELEGATED CO-COMMISSIONING,AYLESHAM MEDICAL PRACTICE,KC000077642,$958.33 
Department of Health,NHS South Kent Coast CCG,6/30/2018,PRC DELEGATED CO-COMMISSIONING,AYLESHAM MEDICAL PRACTICE,KC000077642,$207.00 
Department of Health,NHS South Kent Coast CCG,6/30/2018,PRC DELEGATED CO-COMMISSIONING,LYDDEN SURGERY,KC000077644,"$1,291.48 "
Department of Health,NHS South Kent Coast CCG,6/30/2018,PRC DELEGATED CO-COMMISSIONING,LYDDEN SURGERY,KC000077644,"$38,548.09 "
Department of Health,NHS South Kent Coast CCG,6/30/2018,PRC DELEGATED CO-COMMISSIONING,LYDDEN SURGERY,KC000077644,$541.43 
Department of Health,NHS South Kent Coast CCG,6/30/2018,PRC DELEGATED CO-COMMISSIONING,LYDDEN SURGERY,KC000077644,"$2,935.62 "
Department of Health,NHS South Kent Coast CCG,6/30/2018,PRC DELEGATED CO-COMMISSIONING,BUCKLAND MEDICAL CENTRE,KC000077646,"$1,113.31 "
Department of Health,NHS South Kent Coast CCG,6/30/2018,PRC DELEGATED CO-COMMISSIONING,BUCKLAND MEDICAL CENTRE,KC000077646,"$4,128.00 "
Department of Health,NHS South Kent Coast CCG,6/30/2018,PRC DELEGATED CO-COMMISSIONING,BUCKLAND MEDICAL CENTRE,KC000077646,"$32,758.50 "
Department of Health,NHS South Kent Coast CCG,6/30/2018,PRC DELEGATED CO-COMMISSIONING,BUCKLAND MEDICAL CENTRE,KC000077646,"$1,696.42 "
Department of Health,NHS South Kent Coast CCG,6/30/2018,PRC DELEGATED CO-COMMISSIONING,BUCKLAND MEDICAL CENTRE,KC000077646,"$2,292.09 "
Department of Health,NHS South Kent Coast CCG,6/30/2018,LOCAL ENHANCED SERVICES,WHITE HOUSE SURGERY (THE),KC000077652,"$1,367.66 "
Department of Health,NHS South Kent Coast CCG,6/30/2018,PRC DELEGATED CO-COMMISSIONING,WHITE HOUSE SURGERY (THE),KC000077652,$178.12 
Department of Health,NHS South Kent Coast CCG,6/30/2018,PRC DELEGATED CO-COMMISSIONING,WHITE HOUSE SURGERY (THE),KC000077652,"$74,592.62 "
Department of Health,NHS South Kent Coast CCG,6/30/2018,PRC DELEGATED CO-COMMISSIONING,WHITE HOUSE SURGERY (THE),KC000077652,"$1,820.09 "
Department of Health,NHS South Kent Coast CCG,6/30/2018,PRC DELEGATED CO-COMMISSIONING,WHITE HOUSE SURGERY (THE),KC000077652,"$6,327.00 "
Department of Health,NHS South Kent Coast CCG,6/30/2018,PRC DELEGATED CO-COMMISSIONING,WHITE HOUSE SURGERY (THE),KC000077652,"$1,053.32 "
Department of Health,NHS South Kent Coast CCG,6/30/2018,PRC DELEGATED CO-COMMISSIONING,WHITE HOUSE SURGERY (THE),KC000077652,"$3,225.00 "
Department of Health,NHS South Kent Coast CCG,6/30/2018,PRC DELEGATED CO-COMMISSIONING,WHITE HOUSE SURGERY (THE),KC000077652,"$3,583.33 "
Department of Health,NHS South Kent Coast CCG,6/30/2018,PRC DELEGATED CO-COMMISSIONING,WHITE HOUSE SURGERY (THE),KC000077652,$216.20 
Department of Health,NHS South Kent Coast CCG,6/30/2018,PRC DELEGATED CO-COMMISSIONING,WHITE HOUSE SURGERY (THE),KC000077652,"$12,370.49 "
Department of Health,NHS South Kent Coast CCG,6/30/2018,PRC DELEGATED CO-COMMISSIONING,INVICTA HEALTH CIC,KC000077596,"$50,958.33 "
Department of Health,NHS South Kent Coast CCG,6/30/2018,LOCAL ENHANCED SERVICES,DR RM STEWART T/A HAWKINGE HEALTH CENTRE,KC000077634,"$2,438.92 "
Department of Health,NHS South Kent Coast CCG,6/30/2018,PRC DELEGATED CO-COMMISSIONING,DR RM STEWART T/A HAWKINGE HEALTH CENTRE,KC000077634,"$2,850.16 "
Department of Health,NHS South Kent Coast CCG,6/30/2018,PRC DELEGATED CO-COMMISSIONING,DR RM STEWART T/A HAWKINGE HEALTH CENTRE,KC000077634,"$68,441.10 "
Department of Health,NHS South Kent Coast CCG,6/30/2018,PRC DELEGATED CO-COMMISSIONING,DR RM STEWART T/A HAWKINGE HEALTH CENTRE,KC000077634,"$2,963.75 "
Department of Health,NHS South Kent Coast CCG,6/30/2018,PRC DELEGATED CO-COMMISSIONING,DR RM STEWART T/A HAWKINGE HEALTH CENTRE,KC000077634,"$5,738.00 "
Department of Health,NHS South Kent Coast CCG,6/30/2018,PRC DELEGATED CO-COMMISSIONING,DR RM STEWART T/A HAWKINGE HEALTH CENTRE,KC000077634,"$8,748.92 "
Department of Health,NHS South Kent Coast CCG,6/30/2018,PRC DELEGATED CO-COMMISSIONING,DR RM STEWART T/A HAWKINGE HEALTH CENTRE,KC000077634,$248.40 
Department of Health,NHS South Kent Coast CCG,6/30/2018,PRC DELEGATED CO-COMMISSIONING,DR RM STEWART T/A HAWKINGE HEALTH CENTRE,KC000077634,"$7,564.73 "
Department of Health,NHS South Kent Coast CCG,6/30/2018,PRC DELEGATED CO-COMMISSIONING,INVICTA HEALTH CIC,KC000077648,"$52,570.09 "
Department of Health,NHS South Kent Coast CCG,6/30/2018,PRC DELEGATED CO-COMMISSIONING,INVICTA HEALTH CIC,KC000077648,"$7,456.00 "
Department of Health,NHS South Kent Coast CCG,6/30/2018,PRC DELEGATED CO-COMMISSIONING,INVICTA HEALTH CIC,KC000077648,"$1,778.90 "
Department of Health,NHS South Kent Coast CCG,6/30/2018,LOCAL ENHANCED SERVICES,INVICTA HEALTH CIC,KC000077648,$987.77 
Department of Health,NHS South Kent Coast CCG,6/30/2018,PRC DELEGATED CO-COMMISSIONING,INVICTA HEALTH CIC,KC000077648,$108.10 
Department of Health,NHS South Kent Coast CCG,6/30/2018,LOCAL ENHANCED SERVICES,DR SELINA SWANN,KC000077650,$112.60 
Department of Health,NHS South Kent Coast CCG,6/30/2018,PRC DELEGATED CO-COMMISSIONING,DR SELINA SWANN,KC000077650,"$35,558.99 "
Department of Health,NHS South Kent Coast CCG,6/30/2018,PRC DELEGATED CO-COMMISSIONING,DR SELINA SWANN,KC000077650,"$1,538.40 "
Department of Health,NHS South Kent Coast CCG,6/30/2018,PRC DELEGATED CO-COMMISSIONING,DR SELINA SWANN,KC000077650,"$3,616.67 "
Department of Health,NHS South Kent Coast CCG,6/30/2018,PRC DELEGATED CO-COMMISSIONING,DR SELINA SWANN,KC000077650,$34.50 
Department of Health,NHS South Kent Coast CCG,6/30/2018,ACUTE COMMISSIONING,KING`S COLLEGE HOSPITAL NHS FOUNDATION TRUST,00259416,"$190,362.00 "
Department of Health,NHS South Kent Coast CCG,6/30/2018,PATIENT TRANSPORT,G4S HEALTH SERVICES UK LTD,90285493,"$149,002.19 "
Department of Health,NHS South Kent Coast CCG,6/30/2018,ACUTE COMMISSIONING,EAST KENT HOSPITALS UNIVERSITY NHS FOUNDATION TRUST,895046,"$1,225,951.37 "
Department of Health,NHS South Kent Coast CCG,6/30/2018,PLANNED CARE,KENT COMMUNITY HEALTH NHS FOUNDATION TRUST,24058109,"$48,460.32 "
Department of Health,NHS South Kent Coast CCG,6/30/2018,PLANNED CARE,KENT COMMUNITY HEALTH NHS FOUNDATION TRUST,24058916,"$58,201.44 "
Department of Health,NHS South Kent Coast CCG,6/30/2018,MENTAL HEALTH SERVICES - ADULTS,SOUTH LONDON AND MAUDSLEY NHS FOUNDATION TRUST,B0008427,"$25,306.00 "
Department of Health,NHS South Kent Coast CCG,6/30/2018,NCAS/OATS,MEDWAY NHS FOUNDATION TRUST,NCA0009895,"$31,587.75 "
Department of Health,NHS South Kent Coast CCG,6/30/2018,IMPROVING ACCESS TO PSYCHOLOGICAL THERAPIES,DOVER COUNSELLING CENTRE,5296,"$100,690.00 "
Department of Health,NHS South Kent Coast CCG,6/30/2018,REABLEMENT,KENT COUNTY COUNCIL (EXCH SEC MAIDSTONE),BCFSKCJULY18,"$1,142,226.00 "
Department of Health,NHS South Kent Coast CCG,6/30/2018,LOCAL ENHANCED SERVICES,NEW LYMINGE SURGERY,KC000078101,"$36,679.82 "
Department of Health,NHS South Kent Coast CCG,6/30/2018,PRC DELEGATED CO-COMMISSIONING,NEW LYMINGE SURGERY,KC000078101,"$6,774.34 "
Department of Health,NHS South Kent Coast CCG,6/30/2018,LOCAL ENHANCED SERVICES,NEW LYMINGE SURGERY,KC000078101,"$1,366.20 "
Department of Health,NHS South Kent Coast CCG,6/30/2018,LOCAL ENHANCED SERVICES,WHITE CLIFFS MEDICAL CENTRE,KC000078105,"$37,983.43 "
Department of Health,NHS South Kent Coast CCG,6/30/2018,PRC DELEGATED CO-COMMISSIONING,WHITE CLIFFS MEDICAL CENTRE,KC000078105,"$6,571.87 "
Department of Health,NHS South Kent Coast CCG,6/30/2018,LOCAL ENHANCED SERVICES,WHITE CLIFFS MEDICAL CENTRE,KC000078105,$773.00 
Department of Health,NHS South Kent Coast CCG,6/30/2018,LOCAL ENHANCED SERVICES,LYDDEN SURGERY,KC000078106,"($23,881.44)"
Department of Health,NHS South Kent Coast CCG,6/30/2018,PRC DELEGATED CO-COMMISSIONING,LYDDEN SURGERY,KC000078106,"($1,212.60)"
Department of Health,NHS South Kent Coast CCG,6/30/2018,LOCAL ENHANCED SERVICES,LYDDEN SURGERY,KC000078107,"$48,439.93 "
Department of Health,NHS South Kent Coast CCG,6/30/2018,PRC DELEGATED CO-COMMISSIONING,LYDDEN SURGERY,KC000078107,"$6,950.81 "
Department of Health,NHS South Kent Coast CCG,6/30/2018,LOCAL ENHANCED SERVICES,LYDDEN SURGERY,KC000078107,"$1,212.60 "
Department of Health,NHS South Kent Coast CCG,6/30/2018,LOCAL ENHANCED SERVICES,BUCKLAND MEDICAL CENTRE,KC000078108,"($27,892.04)"
Department of Health,NHS South Kent Coast CCG,6/30/2018,PRC DELEGATED CO-COMMISSIONING,BUCKLAND MEDICAL CENTRE,KC000078108,($774.40)
Department of Health,NHS South Kent Coast CCG,6/30/2018,LOCAL ENHANCED SERVICES,BUCKLAND MEDICAL CENTRE,KC000078109,"$53,207.20 "
Department of Health,NHS South Kent Coast CCG,6/30/2018,PRC DELEGATED CO-COMMISSIONING,BUCKLAND MEDICAL CENTRE,KC000078109,"$8,416.88 "
Department of Health,NHS South Kent Coast CCG,6/30/2018,LOCAL ENHANCED SERVICES,BUCKLAND MEDICAL CENTRE,KC000078109,$774.40 
Department of Health,NHS South Kent Coast CCG,6/30/2018,NCAS/OATS,ROYAL BROMPTON & HAREFIELD NHS FOUNDATION TRUST,N001138,"$25,669.08 "
Department of Health,NHS South Kent Coast CCG,6/30/2018,PRIMARY CARE DEVELOPMENT,CHANNEL HEALTH ALLIANCE LTD,CHA018,"$102,732.00 "
Department of Health,NHS South Kent Coast CCG,6/30/2018,NCAS/OATS,BARTS HEALTH NHS TRUST,323682,"$25,312.99 "
Department of Health,NHS South Kent Coast CCG,6/30/2018,NCAS/OATS,BARTS HEALTH NHS TRUST,326966,"$31,515.08 "
Department of Health,NHS South Kent Coast CCG,6/30/2018,ACUTE COMMISSIONING,EAST KENT HOSPITALS UNIVERSITY NHS FOUNDATION TRUST,896287,"$8,993,028.60 "
Department of Health,NHS South Kent Coast CCG,6/30/2018,PRC DELEGATED CO-COMMISSIONING,GUILDHALL SURGERY (FOLKESTONE),KC000078268,"$37,151.04 "
Department of Health,NHS South Kent Coast CCG,6/30/2018,PRC DELEGATED CO-COMMISSIONING,GUILDHALL SURGERY (FOLKESTONE),KC000078268,"$6,452.72 "
,,,,,,
