"Spend over �25,000 - Publication 01/07/2018 to 31/07/2018",,,,,,
,,,,,,
Department family,Entity,Date,Expense area,Supplier,Purchase invoice number,AP Amount (�)
Department of Health,NHS South Kent Coast CCG,7/31/2018,PRIMARY CARE DEVELOPMENT,NHS NEL CSU,7312803780,"$47,121.00 "
Department of Health,NHS South Kent Coast CCG,7/31/2018,IMPROVING ACCESS TO PSYCHOLOGICAL THERAPIES,UNIVERSITY MEDICAL CENTRE CANTERBURY,4383,"$26,960.00 "
Department of Health,NHS South Kent Coast CCG,7/31/2018,COMMISSIONING,NHS NEL CSU,7312805420,"$5,242.99 "
Department of Health,NHS South Kent Coast CCG,7/31/2018,PRIMARY CARE IT,NHS NEL CSU,7312805420,"$27,085.03 "
Department of Health,NHS South Kent Coast CCG,7/31/2018,PLANNED CARE,EAST KENT MEDICAL SERVICES LTD T/A THE SPENCER WING,20180710A,"$44,250.13 "
Department of Health,NHS South Kent Coast CCG,7/31/2018,PLANNED CARE,EAST KENT MEDICAL SERVICES LTD T/A THE SPENCER WING,20180710A,$553.12 
Department of Health,NHS South Kent Coast CCG,7/31/2018,NHS 111,INTEGRATED CARE 24 LTD,15288,"$84,794.80 "
Department of Health,NHS South Kent Coast CCG,7/31/2018,COMMISSIONING,NHS NEL CSU,7312805934,"$30,973.05 "
Department of Health,NHS South Kent Coast CCG,7/31/2018,CONTINUING HEALTHCARE ASSESSMENT & SUPPORT,NHS NEL CSU,7312805934,"$77,433.61 "
Department of Health,NHS South Kent Coast CCG,7/31/2018,PATIENT TRANSPORT,G4S HEALTH SERVICES UK LTD,90285515,"$25,156.30 "
Department of Health,NHS South Kent Coast CCG,7/31/2018,HIGH COST DRUGS,NEW HAYESBANK SURGERY,24575,"$36,072.48 "
Department of Health,NHS South Kent Coast CCG,7/31/2018,STRATEGY & DEVELOPMENT,NHS WEST KENT CCG,7030600885,"$30,000.00 "
Department of Health,NHS South Kent Coast CCG,7/31/2018,COMMISSIONING SCHEMES,SANDGATE ROAD SURGERY,TSPROACT118CREDIT,"($87,360.00)"
Department of Health,NHS South Kent Coast CCG,7/31/2018,MENTAL HEALTH SERVICES - SPECIALIST SERVICES,SOUTH LONDON AND MAUDSLEY NHS FOUNDATION TRUST,M0117349,"$59,001.24 "
Department of Health,NHS South Kent Coast CCG,7/31/2018,CHC ADULT FULLY FUNDED,KEARSNEY MANOR NURSING HOME,2111,"$8,193.40 "
Department of Health,NHS South Kent Coast CCG,7/31/2018,CHC ADULT FULLY FUNDED,KEARSNEY MANOR NURSING HOME,2111,"$17,976.66 "
Department of Health,NHS South Kent Coast CCG,7/31/2018,NURSING DIRECTORATE,INFECTION PREVENTION SOLUTIONS,3645,"$37,500.00 "
Department of Health,NHS South Kent Coast CCG,7/31/2018,COMMISSIONING SCHEMES,SANDGATE ROAD SURGERY,TSPROACT118,"$87,360.00 "
Department of Health,NHS South Kent Coast CCG,7/31/2018,LONG TERM CONDITIONS,STROKE ASSOCIATION,MSSI30,"$27,715.70 "
Department of Health,NHS South Kent Coast CCG,7/31/2018,STRATEGY & DEVELOPMENT,NHS THANET CCG,7027100614,"$85,500.00 "
Department of Health,NHS South Kent Coast CCG,7/31/2018,GP FORWARD VIEW,CHANNEL HEALTH ALLIANCE LTD,CHA020,"$61,628.53 "
Department of Health,NHS South Kent Coast CCG,7/31/2018,MENTAL HEALTH SERVICES - ADULTS,TURNING POINT,SITPS00018249,"$62,500.00 "
Department of Health,NHS South Kent Coast CCG,7/31/2018,PLANNED CARE,BMI HEALTHCARE COLLECTIONS,0000093234,"$102,313.24 "
Department of Health,NHS South Kent Coast CCG,7/31/2018,COMMUNITY SERVICES,KENT COMMUNITY HEALTH NHS FOUNDATION TRUST,24056642,"$44,135.13 "
Department of Health,NHS South Kent Coast CCG,7/31/2018,RECHARGES,MOTT MACDONALD LTD,IN00393369,"$27,500.00 "
Department of Health,NHS South Kent Coast CCG,7/31/2018,CHC CHILDREN,SUNFLOWERS CARE LTD,0090634,"$36,839.95 "
Department of Health,NHS South Kent Coast CCG,7/31/2018,CHC ADULT FULLY FUNDED,SALTWOOD CARE CENTRE LTD,9828,"$33,278.89 "
Department of Health,NHS South Kent Coast CCG,7/31/2018,MENTAL HEALTH SERVICES - ADULTS,SOUTH LONDON AND MAUDSLEY NHS FOUNDATION TRUST,B0008486,"$25,306.00 "
Department of Health,NHS South Kent Coast CCG,7/31/2018,BALANCE SHEET,HMRC,120PJ005722551903,"$40,058.80 "
Department of Health,NHS South Kent Coast CCG,7/31/2018,BALANCE SHEET,HMRC,120PJ005722551903,$204.00 
Department of Health,NHS South Kent Coast CCG,7/31/2018,BALANCE SHEET,HMRC,120PJ005722551903,"$26,836.10 "
Department of Health,NHS South Kent Coast CCG,7/31/2018,BALANCE SHEET,HMRC,120PJ005722551903,"$19,022.57 "
Department of Health,NHS South Kent Coast CCG,7/31/2018,BALANCE SHEET,HMRC,120PJ005722551903,($267.14)
Department of Health,NHS South Kent Coast CCG,7/31/2018,PRESCRIBING,PAYDENS LTD,330618,"$55,385.00 "
Department of Health,NHS South Kent Coast CCG,7/31/2018,PLANNED CARE,CONNECT PHYSICAL HEALTH CENTRES LTD,66223,"$68,750.00 "
Department of Health,NHS South Kent Coast CCG,7/31/2018,OUT OF HOURS,INTEGRATED CARE 24 LTD,15289,"$167,236.17 "
Department of Health,NHS South Kent Coast CCG,7/31/2018,ACUTE COMMISSIONING,EAST KENT HOSPITALS UNIVERSITY NHS FOUNDATION TRUST,896288,"$999,225.40 "
Department of Health,NHS South Kent Coast CCG,7/31/2018,ACUTE COMMISSIONING,KING`S COLLEGE HOSPITAL NHS FOUNDATION TRUST,00260248,"$190,362.00 "
Department of Health,NHS South Kent Coast CCG,7/31/2018,COMMUNITY SERVICES,KENT COMMUNITY HEALTH NHS FOUNDATION TRUST,24060585,"$1,887,172.00 "
Department of Health,NHS South Kent Coast CCG,7/31/2018,ACUTE COMMISSIONING,UNIVERSITY COLLEGE LONDON HOSPITALS NHS FOUNDATION TRUST,SLA3869,"$160,225.00 "
Department of Health,NHS South Kent Coast CCG,7/31/2018,MENTAL HEALTH CONTRACTS,KENT AND MEDWAY NHS AND SOCIALCARE PARTNERSHIP TRUST,13604468,"$1,546,055.00 "
Department of Health,NHS South Kent Coast CCG,7/31/2018,AMBULANCE SERVICES,SOUTH EAST COAST AMBULANCE SERVICE NHS FOUNDATION TRUST,7880943,"$807,832.02 "
Department of Health,NHS South Kent Coast CCG,7/31/2018,COMMISSIONING,NHS NEL CSU,7312806170,"$30,951.38 "
Department of Health,NHS South Kent Coast CCG,7/31/2018,CONTINUING HEALTHCARE ASSESSMENT & SUPPORT,NHS NEL CSU,7312806170,"$50,370.25 "
Department of Health,NHS South Kent Coast CCG,7/31/2018,PRIMARY CARE IT,NHS NEL CSU,7312806170,"$27,085.03 "
Department of Health,NHS South Kent Coast CCG,7/31/2018,ACUTE COMMISSIONING,QUEEN VICTORIA HOSPITAL NHS FOUNDATION TRUST,2010015444,"$199,952.00 "
Department of Health,NHS South Kent Coast CCG,7/31/2018,ACUTE COMMISSIONING,QUEEN VICTORIA HOSPITAL NHS FOUNDATION TRUST,2168,"($199,952.00)"
Department of Health,NHS South Kent Coast CCG,7/31/2018,CHILD AND ADOLESCENT MENTAL HEALTH,NORTH EAST LONDON NHS FOUNDATION TRUST,0000049959,"$203,235.00 "
Department of Health,NHS South Kent Coast CCG,7/31/2018,ACUTE COMMISSIONING,GUYS & ST THOMAS HOSPITAL NHS FOUNDATION TRUST,3240598,"$323,916.00 "
Department of Health,NHS South Kent Coast CCG,7/31/2018,PRC DELEGATED CO-COMMISSIONING,INVICTA HEALTH CIC,KC000078790,"$50,958.33 "
Department of Health,NHS South Kent Coast CCG,7/31/2018,LOCAL ENHANCED SERVICES,INVICTA HEALTH CIC,KC000078790,"$3,498.90 "
Department of Health,NHS South Kent Coast CCG,7/31/2018,PRC DELEGATED CO-COMMISSIONING,INVICTA HEALTH CIC,KC000078790,$331.20 
Department of Health,NHS South Kent Coast CCG,7/31/2018,PRC DELEGATED CO-COMMISSIONING,HIGH STREET SURGERY,KC000078798,"$2,003.95 "
Department of Health,NHS South Kent Coast CCG,7/31/2018,PRC DELEGATED CO-COMMISSIONING,HIGH STREET SURGERY,KC000078798,"$63,399.72 "
Department of Health,NHS South Kent Coast CCG,7/31/2018,PRC DELEGATED CO-COMMISSIONING,HIGH STREET SURGERY,KC000078798,$666.67 
Department of Health,NHS South Kent Coast CCG,7/31/2018,PRC DELEGATED CO-COMMISSIONING,NEW LYMINGE SURGERY,KC000078800,"$33,210.43 "
Department of Health,NHS South Kent Coast CCG,7/31/2018,PRC DELEGATED CO-COMMISSIONING,NEW LYMINGE SURGERY,KC000078800,$117.43 
Department of Health,NHS South Kent Coast CCG,7/31/2018,PRC DELEGATED CO-COMMISSIONING,NEW LYMINGE SURGERY,KC000078800,"$3,193.75 "
Department of Health,NHS South Kent Coast CCG,7/31/2018,LOCAL ENHANCED SERVICES,OAK HALL SURGERY,KC000078802,"$2,279.64 "
Department of Health,NHS South Kent Coast CCG,7/31/2018,PRC DELEGATED CO-COMMISSIONING,OAK HALL SURGERY,KC000078802,"$52,485.87 "
Department of Health,NHS South Kent Coast CCG,7/31/2018,PRC DELEGATED CO-COMMISSIONING,OAK HALL SURGERY,KC000078802,"$2,583.33 "
Department of Health,NHS South Kent Coast CCG,7/31/2018,PRC DELEGATED CO-COMMISSIONING,OAK HALL SURGERY,KC000078802,$365.70 
Department of Health,NHS South Kent Coast CCG,7/31/2018,LOCAL ENHANCED SERVICES,OAKLANDS HEALTH CENTRE,KC000078804,"$3,059.33 "
Department of Health,NHS South Kent Coast CCG,7/31/2018,PRC DELEGATED CO-COMMISSIONING,OAKLANDS HEALTH CENTRE,KC000078804,"$1,469.57 "
Department of Health,NHS South Kent Coast CCG,7/31/2018,PRC DELEGATED CO-COMMISSIONING,OAKLANDS HEALTH CENTRE,KC000078804,"$92,158.61 "
Department of Health,NHS South Kent Coast CCG,7/31/2018,PRC DELEGATED CO-COMMISSIONING,OAKLANDS HEALTH CENTRE,KC000078804,$377.20 
Department of Health,NHS South Kent Coast CCG,7/31/2018,LOCAL ENHANCED SERVICES,PENCESTER HEALTH,KC000078806,$66.02 
Department of Health,NHS South Kent Coast CCG,7/31/2018,PRC DELEGATED CO-COMMISSIONING,PENCESTER HEALTH,KC000078806,"$26,739.39 "
Department of Health,NHS South Kent Coast CCG,7/31/2018,PRC DELEGATED CO-COMMISSIONING,PENCESTER HEALTH,KC000078806,$549.43 
Department of Health,NHS South Kent Coast CCG,7/31/2018,PRC DELEGATED CO-COMMISSIONING,PENCESTER HEALTH,KC000078806,$20.70 
Department of Health,NHS South Kent Coast CCG,7/31/2018,LOCAL ENHANCED SERVICES,PETER STREET SURGERY,KC000078808,"$2,268.54 "
Department of Health,NHS South Kent Coast CCG,7/31/2018,PRC DELEGATED CO-COMMISSIONING,PETER STREET SURGERY,KC000078808,"$1,914.88 "
Department of Health,NHS South Kent Coast CCG,7/31/2018,PRC DELEGATED CO-COMMISSIONING,PETER STREET SURGERY,KC000078808,"$50,444.20 "
Department of Health,NHS South Kent Coast CCG,7/31/2018,PRC DELEGATED CO-COMMISSIONING,PETER STREET SURGERY,KC000078808,"$4,232.00 "
Department of Health,NHS South Kent Coast CCG,7/31/2018,PRC DELEGATED CO-COMMISSIONING,PETER STREET SURGERY,KC000078808,$654.73 
Department of Health,NHS South Kent Coast CCG,7/31/2018,PRC DELEGATED CO-COMMISSIONING,PETER STREET SURGERY,KC000078808,$425.50 
Department of Health,NHS South Kent Coast CCG,7/31/2018,LOCAL ENHANCED SERVICES,SANDGATE ROAD SURGERY,KC000078810,"$4,052.72 "
Department of Health,NHS South Kent Coast CCG,7/31/2018,PRC DELEGATED CO-COMMISSIONING,SANDGATE ROAD SURGERY,KC000078810,"$1,558.60 "
Department of Health,NHS South Kent Coast CCG,7/31/2018,PRC DELEGATED CO-COMMISSIONING,SANDGATE ROAD SURGERY,KC000078810,"$97,816.49 "
Department of Health,NHS South Kent Coast CCG,7/31/2018,PRC DELEGATED CO-COMMISSIONING,SANDGATE ROAD SURGERY,KC000078810,"$1,384.56 "
Department of Health,NHS South Kent Coast CCG,7/31/2018,PRC DELEGATED CO-COMMISSIONING,SANDGATE ROAD SURGERY,KC000078810,"$4,808.33 "
Department of Health,NHS South Kent Coast CCG,7/31/2018,PRC DELEGATED CO-COMMISSIONING,SANDGATE ROAD SURGERY,KC000078810,"$13,321.63 "
Department of Health,NHS South Kent Coast CCG,7/31/2018,PRC DELEGATED CO-COMMISSIONING,SANDGATE ROAD SURGERY,KC000078810,$610.67 
Department of Health,NHS South Kent Coast CCG,7/31/2018,PRC DELEGATED CO-COMMISSIONING,SANDGATE ROAD SURGERY,KC000078810,$333.50 
Department of Health,NHS South Kent Coast CCG,7/31/2018,LOCAL ENHANCED SERVICES,SUN LANE SURGERY,KC000078814,$258.91 
Department of Health,NHS South Kent Coast CCG,7/31/2018,PRC DELEGATED CO-COMMISSIONING,SUN LANE SURGERY,KC000078814,"$1,781.31 "
Department of Health,NHS South Kent Coast CCG,7/31/2018,PRC DELEGATED CO-COMMISSIONING,SUN LANE SURGERY,KC000078814,"$43,285.95 "
Department of Health,NHS South Kent Coast CCG,7/31/2018,PRC DELEGATED CO-COMMISSIONING,SUN LANE SURGERY,KC000078814,"$2,313.67 "
Department of Health,NHS South Kent Coast CCG,7/31/2018,PRC DELEGATED CO-COMMISSIONING,SUN LANE SURGERY,KC000078814,$23.00 
Department of Health,NHS South Kent Coast CCG,7/31/2018,LOCAL ENHANCED SERVICES,ST JAMES SURGERY DOVER,KC000078816,$239.12 
Department of Health,NHS South Kent Coast CCG,7/31/2018,PRC DELEGATED CO-COMMISSIONING,ST JAMES SURGERY DOVER,KC000078816,"$61,019.02 "
Department of Health,NHS South Kent Coast CCG,7/31/2018,PRC DELEGATED CO-COMMISSIONING,ST JAMES SURGERY DOVER,KC000078816,"$5,391.67 "
Department of Health,NHS South Kent Coast CCG,7/31/2018,PRC DELEGATED CO-COMMISSIONING,ST JAMES SURGERY DOVER,KC000078816,$64.40 
Department of Health,NHS South Kent Coast CCG,7/31/2018,LOCAL ENHANCED SERVICES,ST RICHARDS RD SURGERY,KC000078818,"$1,794.93 "
Department of Health,NHS South Kent Coast CCG,7/31/2018,PRC DELEGATED CO-COMMISSIONING,ST RICHARDS RD SURGERY,KC000078818,"$1,380.46 "
Department of Health,NHS South Kent Coast CCG,7/31/2018,PRC DELEGATED CO-COMMISSIONING,ST RICHARDS RD SURGERY,KC000078818,"$77,964.05 "
Department of Health,NHS South Kent Coast CCG,7/31/2018,PRC DELEGATED CO-COMMISSIONING,ST RICHARDS RD SURGERY,KC000078818,$280.60 
Department of Health,NHS South Kent Coast CCG,7/31/2018,LOCAL ENHANCED SERVICES,BALMORAL SURGERY,KC000078820,"$4,908.12 "
Department of Health,NHS South Kent Coast CCG,7/31/2018,PRC DELEGATED CO-COMMISSIONING,BALMORAL SURGERY,KC000078820,"$1,157.84 "
Department of Health,NHS South Kent Coast CCG,7/31/2018,PRC DELEGATED CO-COMMISSIONING,BALMORAL SURGERY,KC000078820,"$97,035.21 "
Department of Health,NHS South Kent Coast CCG,7/31/2018,PRC DELEGATED CO-COMMISSIONING,BALMORAL SURGERY,KC000078820,$423.20 
Department of Health,NHS South Kent Coast CCG,7/31/2018,LOCAL ENHANCED SERVICES,CEDARS SURGERY,KC000078822,"$4,224.65 "
Department of Health,NHS South Kent Coast CCG,7/31/2018,PRC DELEGATED CO-COMMISSIONING,CEDARS SURGERY,KC000078822,"$1,825.73 "
Department of Health,NHS South Kent Coast CCG,7/31/2018,PRC DELEGATED CO-COMMISSIONING,CEDARS SURGERY,KC000078822,"$84,643.35 "
Department of Health,NHS South Kent Coast CCG,7/31/2018,PRC DELEGATED CO-COMMISSIONING,CEDARS SURGERY,KC000078822,$446.20 
Department of Health,NHS South Kent Coast CCG,7/31/2018,LOCAL ENHANCED SERVICES,FOLKESTONE CANTERBURY ROAD SURGERY,KC000078830,"$1,977.65 "
Department of Health,NHS South Kent Coast CCG,7/31/2018,PRC DELEGATED CO-COMMISSIONING,FOLKESTONE CANTERBURY ROAD SURGERY,KC000078830,$356.26 
Department of Health,NHS South Kent Coast CCG,7/31/2018,PRC DELEGATED CO-COMMISSIONING,FOLKESTONE CANTERBURY ROAD SURGERY,KC000078830,"$81,747.04 "
Department of Health,NHS South Kent Coast CCG,7/31/2018,PRC DELEGATED CO-COMMISSIONING,FOLKESTONE CANTERBURY ROAD SURGERY,KC000078830,"$5,333.33 "
Department of Health,NHS South Kent Coast CCG,7/31/2018,PRC DELEGATED CO-COMMISSIONING,FOLKESTONE CANTERBURY ROAD SURGERY,KC000078830,$252.09 
Department of Health,NHS South Kent Coast CCG,7/31/2018,PRC DELEGATED CO-COMMISSIONING,FOLKESTONE CANTERBURY ROAD SURGERY,KC000078830,$103.50 
Department of Health,NHS South Kent Coast CCG,7/31/2018,LOCAL ENHANCED SERVICES,PENCESTER SURGERY,KC000078832,"$1,260.47 "
Department of Health,NHS South Kent Coast CCG,7/31/2018,PRC DELEGATED CO-COMMISSIONING,PENCESTER SURGERY,KC000078832,"$71,692.09 "
Department of Health,NHS South Kent Coast CCG,7/31/2018,PRC DELEGATED CO-COMMISSIONING,PENCESTER SURGERY,KC000078832,"$5,208.33 "
Department of Health,NHS South Kent Coast CCG,7/31/2018,PRC DELEGATED CO-COMMISSIONING,PENCESTER SURGERY,KC000078832,$174.80 
Department of Health,NHS South Kent Coast CCG,7/31/2018,LOCAL ENHANCED SERVICES,PREMIER PRIMARYCARE LTD,KC000078834,$723.04 
Department of Health,NHS South Kent Coast CCG,7/31/2018,PRC DELEGATED CO-COMMISSIONING,PREMIER PRIMARYCARE LTD,KC000078834,"$62,557.12 "
Department of Health,NHS South Kent Coast CCG,7/31/2018,PRC DELEGATED CO-COMMISSIONING,PREMIER PRIMARYCARE LTD,KC000078834,"$2,644.25 "
Department of Health,NHS South Kent Coast CCG,7/31/2018,PRC DELEGATED CO-COMMISSIONING,PREMIER PRIMARYCARE LTD,KC000078834,$158.70 
Department of Health,NHS South Kent Coast CCG,7/31/2018,LOCAL ENHANCED SERVICES,AYLESHAM MEDICAL PRACTICE,KC000078836,"$1,579.34 "
Department of Health,NHS South Kent Coast CCG,7/31/2018,PRC DELEGATED CO-COMMISSIONING,AYLESHAM MEDICAL PRACTICE,KC000078836,"$1,603.17 "
Department of Health,NHS South Kent Coast CCG,7/31/2018,PRC DELEGATED CO-COMMISSIONING,AYLESHAM MEDICAL PRACTICE,KC000078836,"$55,163.21 "
Department of Health,NHS South Kent Coast CCG,7/31/2018,PRC DELEGATED CO-COMMISSIONING,AYLESHAM MEDICAL PRACTICE,KC000078836,$958.33 
Department of Health,NHS South Kent Coast CCG,7/31/2018,PRC DELEGATED CO-COMMISSIONING,AYLESHAM MEDICAL PRACTICE,KC000078836,$202.40 
Department of Health,NHS South Kent Coast CCG,7/31/2018,PRC DELEGATED CO-COMMISSIONING,LYDDEN SURGERY,KC000078838,$935.18 
Department of Health,NHS South Kent Coast CCG,7/31/2018,PRC DELEGATED CO-COMMISSIONING,LYDDEN SURGERY,KC000078838,"$38,449.58 "
Department of Health,NHS South Kent Coast CCG,7/31/2018,PRC DELEGATED CO-COMMISSIONING,LYDDEN SURGERY,KC000078838,$541.43 
Department of Health,NHS South Kent Coast CCG,7/31/2018,PRC DELEGATED CO-COMMISSIONING,LYDDEN SURGERY,KC000078838,"$3,227.00 "
Department of Health,NHS South Kent Coast CCG,7/31/2018,PRC DELEGATED CO-COMMISSIONING,BUCKLAND MEDICAL CENTRE,KC000078840,"$1,825.81 "
Department of Health,NHS South Kent Coast CCG,7/31/2018,PRC DELEGATED CO-COMMISSIONING,BUCKLAND MEDICAL CENTRE,KC000078840,"$32,919.52 "
Department of Health,NHS South Kent Coast CCG,7/31/2018,PRC DELEGATED CO-COMMISSIONING,BUCKLAND MEDICAL CENTRE,KC000078840,"$2,748.00 "
Department of Health,NHS South Kent Coast CCG,7/31/2018,PRC DELEGATED CO-COMMISSIONING,BUCKLAND MEDICAL CENTRE,KC000078840,"$2,292.09 "
Department of Health,NHS South Kent Coast CCG,7/31/2018,LOCAL ENHANCED SERVICES,WHITE HOUSE SURGERY (THE),KC000078846,"$1,360.32 "
Department of Health,NHS South Kent Coast CCG,7/31/2018,PRC DELEGATED CO-COMMISSIONING,WHITE HOUSE SURGERY (THE),KC000078846,"$74,735.83 "
Department of Health,NHS South Kent Coast CCG,7/31/2018,PRC DELEGATED CO-COMMISSIONING,WHITE HOUSE SURGERY (THE),KC000078846,"$3,225.00 "
Department of Health,NHS South Kent Coast CCG,7/31/2018,PRC DELEGATED CO-COMMISSIONING,WHITE HOUSE SURGERY (THE),KC000078846,"$5,403.42 "
Department of Health,NHS South Kent Coast CCG,7/31/2018,PRC DELEGATED CO-COMMISSIONING,WHITE HOUSE SURGERY (THE),KC000078846,"$7,920.00 "
Department of Health,NHS South Kent Coast CCG,7/31/2018,PRC DELEGATED CO-COMMISSIONING,WHITE HOUSE SURGERY (THE),KC000078846,$257.60 
Department of Health,NHS South Kent Coast CCG,7/31/2018,PRC DELEGATED CO-COMMISSIONING,INVICTA HEALTH CIC,KC000078842,"$52,570.09 "
Department of Health,NHS South Kent Coast CCG,7/31/2018,LOCAL ENHANCED SERVICES,INVICTA HEALTH CIC,KC000078842,"$1,865.40 "
Department of Health,NHS South Kent Coast CCG,7/31/2018,PRC DELEGATED CO-COMMISSIONING,INVICTA HEALTH CIC,KC000078842,$200.10 
Department of Health,NHS South Kent Coast CCG,7/31/2018,LOCAL ENHANCED SERVICES,DR SELINA SWANN,KC000078844,$131.01 
Department of Health,NHS South Kent Coast CCG,7/31/2018,PRC DELEGATED CO-COMMISSIONING,DR SELINA SWANN,KC000078844,"$35,760.64 "
Department of Health,NHS South Kent Coast CCG,7/31/2018,PRC DELEGATED CO-COMMISSIONING,DR SELINA SWANN,KC000078844,"$3,616.67 "
Department of Health,NHS South Kent Coast CCG,7/31/2018,PRC DELEGATED CO-COMMISSIONING,DR SELINA SWANN,KC000078844,$46.00 
Department of Health,NHS South Kent Coast CCG,7/31/2018,PRC DELEGATED CO-COMMISSIONING,DR SELINA SWANN,KC000078844,$261.50 
Department of Health,NHS South Kent Coast CCG,7/31/2018,PRC DELEGATED CO-COMMISSIONING,DR SELINA SWANN,KC000078844,$164.58 
Department of Health,NHS South Kent Coast CCG,7/31/2018,PRC DELEGATED CO-COMMISSIONING,DR SELINA SWANN,KC000078844,$102.41 
Department of Health,NHS South Kent Coast CCG,7/31/2018,PRC DELEGATED CO-COMMISSIONING,GUILDHALL SURGERY (FOLKESTONE),KC000078794,"$56,598.11 "
Department of Health,NHS South Kent Coast CCG,7/31/2018,LOCAL ENHANCED SERVICES,GUILDHALL SURGERY (FOLKESTONE),KC000078794,$403.94 
Department of Health,NHS South Kent Coast CCG,7/31/2018,PRC DELEGATED CO-COMMISSIONING,GUILDHALL SURGERY (FOLKESTONE),KC000078794,$935.20 
Department of Health,NHS South Kent Coast CCG,7/31/2018,PRC DELEGATED CO-COMMISSIONING,GUILDHALL SURGERY (FOLKESTONE),KC000078794,"$2,833.33 "
Department of Health,NHS South Kent Coast CCG,7/31/2018,PRC DELEGATED CO-COMMISSIONING,GUILDHALL SURGERY (FOLKESTONE),KC000078794,"$2,536.33 "
Department of Health,NHS South Kent Coast CCG,7/31/2018,PRC DELEGATED CO-COMMISSIONING,GUILDHALL SURGERY (FOLKESTONE),KC000078794,$188.60 
Department of Health,NHS South Kent Coast CCG,7/31/2018,PRC DELEGATED CO-COMMISSIONING,WHITE CLIFFS MEDICAL CENTRE,KC000078826,"$2,761.08 "
Department of Health,NHS South Kent Coast CCG,7/31/2018,PRC DELEGATED CO-COMMISSIONING,WHITE CLIFFS MEDICAL CENTRE,KC000078826,"$64,155.26 "
Department of Health,NHS South Kent Coast CCG,7/31/2018,PRC DELEGATED CO-COMMISSIONING,WHITE CLIFFS MEDICAL CENTRE,KC000078826,"$10,982.58 "
Department of Health,NHS South Kent Coast CCG,7/31/2018,PRC DELEGATED CO-COMMISSIONING,WHITE CLIFFS MEDICAL CENTRE,KC000078826,"$2,582.53 "
Department of Health,NHS South Kent Coast CCG,7/31/2018,LOCAL ENHANCED SERVICES,DR RM STEWART T/A HAWKINGE HEALTH CENTRE,KC000078828,"$3,525.14 "
Department of Health,NHS South Kent Coast CCG,7/31/2018,PRC DELEGATED CO-COMMISSIONING,DR RM STEWART T/A HAWKINGE HEALTH CENTRE,KC000078828,"$1,425.07 "
Department of Health,NHS South Kent Coast CCG,7/31/2018,PRC DELEGATED CO-COMMISSIONING,DR RM STEWART T/A HAWKINGE HEALTH CENTRE,KC000078828,"$69,181.39 "
Department of Health,NHS South Kent Coast CCG,7/31/2018,PRC DELEGATED CO-COMMISSIONING,DR RM STEWART T/A HAWKINGE HEALTH CENTRE,KC000078828,"$2,963.75 "
Department of Health,NHS South Kent Coast CCG,7/31/2018,PRC DELEGATED CO-COMMISSIONING,DR RM STEWART T/A HAWKINGE HEALTH CENTRE,KC000078828,$303.60 
Department of Health,NHS South Kent Coast CCG,7/31/2018,LOCAL ENHANCED SERVICES,NEW LYMINGE SURGERY,KC000079111,"$38,598.29 "
Department of Health,NHS South Kent Coast CCG,7/31/2018,PRC DELEGATED CO-COMMISSIONING,NEW LYMINGE SURGERY,KC000079111,"$5,441.17 "
Department of Health,NHS South Kent Coast CCG,7/31/2018,LOCAL ENHANCED SERVICES,NEW LYMINGE SURGERY,KC000079111,$950.40 
Department of Health,NHS South Kent Coast CCG,7/31/2018,LOCAL ENHANCED SERVICES,WHITE CLIFFS MEDICAL CENTRE,KC000079115,"$36,973.73 "
Department of Health,NHS South Kent Coast CCG,7/31/2018,PRC DELEGATED CO-COMMISSIONING,WHITE CLIFFS MEDICAL CENTRE,KC000079115,"$6,304.00 "
Department of Health,NHS South Kent Coast CCG,7/31/2018,LOCAL ENHANCED SERVICES,WHITE CLIFFS MEDICAL CENTRE,KC000079115,$774.40 
Department of Health,NHS South Kent Coast CCG,7/31/2018,LOCAL ENHANCED SERVICES,LYDDEN SURGERY,KC000079116,"($25,235.34)"
Department of Health,NHS South Kent Coast CCG,7/31/2018,PRC DELEGATED CO-COMMISSIONING,LYDDEN SURGERY,KC000079116,"($1,689.60)"
Department of Health,NHS South Kent Coast CCG,7/31/2018,LOCAL ENHANCED SERVICES,LYDDEN SURGERY,KC000079117,"$46,507.93 "
Department of Health,NHS South Kent Coast CCG,7/31/2018,PRC DELEGATED CO-COMMISSIONING,LYDDEN SURGERY,KC000079117,"$7,444.15 "
Department of Health,NHS South Kent Coast CCG,7/31/2018,LOCAL ENHANCED SERVICES,LYDDEN SURGERY,KC000079117,"$1,689.60 "
Department of Health,NHS South Kent Coast CCG,7/31/2018,LOCAL ENHANCED SERVICES,BUCKLAND MEDICAL CENTRE,KC000079118,"($27,864.34)"
Department of Health,NHS South Kent Coast CCG,7/31/2018,PRC DELEGATED CO-COMMISSIONING,BUCKLAND MEDICAL CENTRE,KC000079118,($624.80)
Department of Health,NHS South Kent Coast CCG,7/31/2018,LOCAL ENHANCED SERVICES,BUCKLAND MEDICAL CENTRE,KC000079119,"$54,382.20 "
Department of Health,NHS South Kent Coast CCG,7/31/2018,PRC DELEGATED CO-COMMISSIONING,BUCKLAND MEDICAL CENTRE,KC000079119,"$8,686.38 "
Department of Health,NHS South Kent Coast CCG,7/31/2018,LOCAL ENHANCED SERVICES,BUCKLAND MEDICAL CENTRE,KC000079119,$624.80 
Department of Health,NHS South Kent Coast CCG,7/31/2018,NCAS/OATS,BARTS HEALTH NHS TRUST,338700,"$27,969.18 "
Department of Health,NHS South Kent Coast CCG,7/31/2018,PLANNED CARE,BENENDEN HOSPITAL TRUST,26848,"$61,593.00 "
Department of Health,NHS South Kent Coast CCG,7/31/2018,Children's Continuing Care,SUPERIOR CARE LTD,903168,"($28,062.54)"
Department of Health,NHS South Kent Coast CCG,7/31/2018,PRESCRIBING,PAYDENS LTD,010718,"$32,700.00 "
Department of Health,NHS South Kent Coast CCG,7/31/2018,HOSPICES,PILGRIMS HOSPICES IN EAST KENT,0000005053,"$72,033.32 "
Department of Health,NHS South Kent Coast CCG,7/31/2018,PRIMARY CARE DEVELOPMENT,CHANNEL HEALTH ALLIANCE LTD,CHA022,"$61,628.53 "
Department of Health,NHS South Kent Coast CCG,7/31/2018,COMMUNITY SERVICES,MARIE STOPES INTERNATIONAL,MS181219,"$25,735.82 "
Department of Health,NHS South Kent Coast CCG,7/31/2018,WHEELCHAIR SERVICE,NOTTINGHAM REHAB LTD,1800104333,"$102,198.38 "
Department of Health,NHS South Kent Coast CCG,7/31/2018,WHEELCHAIR SERVICE,MILLBROOK HEALTHCARE LTD,18443,"$52,853.76 "
Department of Health,NHS South Kent Coast CCG,7/31/2018,PLANNED CARE,NEW HAYESBANK SURGERY,24673,"$58,087.25 "
Department of Health,NHS South Kent Coast CCG,7/31/2018,CHC ADULT FULLY FUNDED,KENT COUNTY COUNCIL (EXCH SEC MAIDSTONE),900069958,"$33,513.48 "
Department of Health,NHS South Kent Coast CCG,7/31/2018,REABLEMENT,KENT COUNTY COUNCIL (EXCH SEC MAIDSTONE),BCFSKCAUG18,"$1,142,226.00 "
Department of Health,NHS South Kent Coast CCG,7/31/2018,OUT OF HOURS,NHS CANTERBURY AND COASTAL CCG,7025702029,"($62,128.00)"
Department of Health,NHS South Kent Coast CCG,7/31/2018,PRIMARY CARE DEVELOPMENT,CHANNEL HEALTH ALLIANCE LTD,CHA019,"$191,850.00 "
Department of Health,NHS South Kent Coast CCG,7/31/2018,ACUTE COMMISSIONING,EAST KENT HOSPITALS UNIVERSITY NHS FOUNDATION TRUST,897213,"$9,744,357.15 "
Department of Health,NHS South Kent Coast CCG,7/31/2018,COMMISSIONING,NHS NEL CSU,7312805356,"$21,343.24 "
Department of Health,NHS South Kent Coast CCG,7/31/2018,CONTINUING HEALTHCARE ASSESSMENT & SUPPORT,NHS NEL CSU,7312805356,"$54,364.36 "
Department of Health,NHS South Kent Coast CCG,7/31/2018,COMMISSIONING,NHS NEL CSU,7312805761,"$25,989.85 "
Department of Health,NHS South Kent Coast CCG,7/31/2018,CONTINUING HEALTHCARE ASSESSMENT & SUPPORT,NHS NEL CSU,7312805761,"$54,364.36 "
Department of Health,NHS South Kent Coast CCG,7/31/2018,PRIMARY CARE IT,NHS NEL CSU,7312805761,"$27,085.03 "
Department of Health,NHS South Kent Coast CCG,7/31/2018,NCAS/OATS,MOORFIELDS EYE HOSPITAL NHS FOUNDATION TRUST,IC0034552,"$26,293.00 "
Department of Health,NHS South Kent Coast CCG,7/31/2018,OUT OF HOURS,INTEGRATED CARE 24 LTD,16004,"$84,794.80 "
Department of Health,NHS South Kent Coast CCG,7/31/2018,WHEELCHAIR SERVICE,NOTTINGHAM REHAB LTD,1800104528,"$95,200.85 "
Department of Health,NHS South Kent Coast CCG,7/31/2018,COMMISSIONING,OPTUM HEALTH SOLUTIONS (UK) LTD,0001090177,"$45,473.10 "
Department of Health,NHS South Kent Coast CCG,7/31/2018,ACUTE COMMISSIONING,MAIDSTONE AND TUNBRIDGE WELLS NHS TRUST,4000111440,"$34,125.00 "
,,,,,,
