"Spend over �25,000 - Publication 01/08/2018 to 31/08/2018",,,,,,,
,,,,,,,
Department family,Entity,Date,Expense area,Supplier,Purchase invoice number,AP Amount (�),
Department of Health,NHS South Kent Coast CCG,8/31/2018,ACUTE COMMISSIONING,MAIDSTONE AND TUNBRIDGE WELLS NHS TRUST,4000109499,"$39,759.00 ",
Department of Health,NHS South Kent Coast CCG,8/31/2018,PLANNED CARE,BMI HEALTHCARE COLLECTIONS,0000094496,"$102,313.24 ",
Department of Health,NHS South Kent Coast CCG,8/31/2018,LOCAL ENHANCED SERVICES,PAYDENS LTD,420718,"$55,185.00 ",
Department of Health,NHS South Kent Coast CCG,8/31/2018,LOCAL ENHANCED SERVICES,PAYDENS LTD,430718,"$29,675.00 ",
Department of Health,NHS South Kent Coast CCG,8/31/2018,MEDICINES MANAGEMENT - CLINICAL,OPTUM HEALTH SOLUTIONS (UK) LTD,0001090176,"$24,768.06 ",
Department of Health,NHS South Kent Coast CCG,8/31/2018,CHC CHILDREN,SUNFLOWERS CARE LTD,0090636,"$37,600.68 ",
Department of Health,NHS South Kent Coast CCG,8/31/2018,Service Planning & Reform,NHS THANET CCG,7027100654,"$29,742.89 ",
Department of Health,NHS South Kent Coast CCG,8/31/2018,WHEELCHAIR SERVICE,MILLBROOK HEALTHCARE LTD,18587,"$52,853.76 ",
Department of Health,NHS South Kent Coast CCG,8/31/2018,MENTAL HEALTH SERVICES - ADULTS,TURNING POINT,SITPS00018912,"$62,500.00 ",
Department of Health,NHS South Kent Coast CCG,8/31/2018,NCAS/OATS,CHELSEA AND WESTMINSTER HOSPITAL NHS FOUNDATION TRUST,N0020332,"$34,518.99 ",
Department of Health,NHS South Kent Coast CCG,8/31/2018,NCAS/OATS,CHELSEA AND WESTMINSTER HOSPITAL NHS FOUNDATION TRUST,N0021125,"$25,427.06 ",
Department of Health,NHS South Kent Coast CCG,8/31/2018,ACUTE COMMISSIONING,UNIVERSITY COLLEGE LONDON HOSPITALS NHS FOUNDATION TRUST,SLA3978,"$75,595.00 ",
Department of Health,NHS South Kent Coast CCG,8/31/2018,MENTAL HEALTH SERVICES - ADULTS,SOUTH LONDON AND MAUDSLEY NHS FOUNDATION TRUST,B0008515,"$25,306.00 ",
Department of Health,NHS South Kent Coast CCG,8/31/2018,ACUTE COMMISSIONING,QUEEN VICTORIA HOSPITAL NHS FOUNDATION TRUST,2010015680,"$49,988.00 ",
Department of Health,NHS South Kent Coast CCG,8/31/2018,MENTAL HEALTH SERVICES - SPECIALIST SERVICES,NORTH EAST LONDON NHS FOUNDATION TRUST,0000050559,"$25,523.00 ",
Department of Health,NHS South Kent Coast CCG,8/31/2018,OUT OF HOURS,NHS CANTERBURY AND COASTAL CCG,7025702026,"($62,168.00)",
Department of Health,NHS South Kent Coast CCG,8/31/2018,OUT OF HOURS,NHS CANTERBURY AND COASTAL CCG,7025702028,"$62,168.00 ",
Department of Health,NHS South Kent Coast CCG,8/31/2018,PRC DELEGATED CO-COMMISSIONING,GUILDHALL SURGERY (FOLKESTONE),KC000079818,"$56,598.11 ",
Department of Health,NHS South Kent Coast CCG,8/31/2018,PRC DELEGATED CO-COMMISSIONING,GUILDHALL SURGERY (FOLKESTONE),KC000079818,"$1,024.28 ",
Department of Health,NHS South Kent Coast CCG,8/31/2018,PRC DELEGATED CO-COMMISSIONING,GUILDHALL SURGERY (FOLKESTONE),KC000079818,"$5,072.66 ",
Department of Health,NHS South Kent Coast CCG,8/31/2018,PRC DELEGATED CO-COMMISSIONING,GUILDHALL SURGERY (FOLKESTONE),KC000079818,"$2,833.33 ",
Department of Health,NHS South Kent Coast CCG,8/31/2018,PRC DELEGATED CO-COMMISSIONING,HIGH STREET SURGERY,KC000079822,"$3,852.50 ",
Department of Health,NHS South Kent Coast CCG,8/31/2018,PRC DELEGATED CO-COMMISSIONING,HIGH STREET SURGERY,KC000079822,"$1,647.63 ",
Department of Health,NHS South Kent Coast CCG,8/31/2018,PRC DELEGATED CO-COMMISSIONING,HIGH STREET SURGERY,KC000079822,"$63,399.72 ",
Department of Health,NHS South Kent Coast CCG,8/31/2018,PRC DELEGATED CO-COMMISSIONING,HIGH STREET SURGERY,KC000079822,$666.67 ,
Department of Health,NHS South Kent Coast CCG,8/31/2018,PRC DELEGATED CO-COMMISSIONING,NEW LYMINGE SURGERY,KC000079824,"$2,045.00 ",
Department of Health,NHS South Kent Coast CCG,8/31/2018,PRC DELEGATED CO-COMMISSIONING,NEW LYMINGE SURGERY,KC000079824,"$33,210.43 ",
Department of Health,NHS South Kent Coast CCG,8/31/2018,PRC DELEGATED CO-COMMISSIONING,NEW LYMINGE SURGERY,KC000079824,$117.43 ,
Department of Health,NHS South Kent Coast CCG,8/31/2018,PRC DELEGATED CO-COMMISSIONING,NEW LYMINGE SURGERY,KC000079824,"$3,193.75 ",
Department of Health,NHS South Kent Coast CCG,8/31/2018,PRC DELEGATED CO-COMMISSIONING,OAK HALL SURGERY,KC000079826,"$2,885.00 ",
Department of Health,NHS South Kent Coast CCG,8/31/2018,PRC DELEGATED CO-COMMISSIONING,OAK HALL SURGERY,KC000079826,"$3,562.53 ",
Department of Health,NHS South Kent Coast CCG,8/31/2018,PRC DELEGATED CO-COMMISSIONING,OAK HALL SURGERY,KC000079826,"$52,485.87 ",
Department of Health,NHS South Kent Coast CCG,8/31/2018,PRC DELEGATED CO-COMMISSIONING,OAK HALL SURGERY,KC000079826,"$2,583.33 ",
Department of Health,NHS South Kent Coast CCG,8/31/2018,PRC DELEGATED CO-COMMISSIONING,OAKLANDS HEALTH CENTRE,KC000079828,"$5,423.50 ",
Department of Health,NHS South Kent Coast CCG,8/31/2018,PRC DELEGATED CO-COMMISSIONING,OAKLANDS HEALTH CENTRE,KC000079828,"$4,542.24 ",
Department of Health,NHS South Kent Coast CCG,8/31/2018,PRC DELEGATED CO-COMMISSIONING,OAKLANDS HEALTH CENTRE,KC000079828,"$92,158.61 ",
Department of Health,NHS South Kent Coast CCG,8/31/2018,PRC DELEGATED CO-COMMISSIONING,PENCESTER HEALTH,KC000079830,$489.83 ,
Department of Health,NHS South Kent Coast CCG,8/31/2018,PRC DELEGATED CO-COMMISSIONING,PENCESTER HEALTH,KC000079830,"$26,739.39 ",
Department of Health,NHS South Kent Coast CCG,8/31/2018,PRC DELEGATED CO-COMMISSIONING,PENCESTER HEALTH,KC000079830,$549.43 ,
Department of Health,NHS South Kent Coast CCG,8/31/2018,PRC DELEGATED CO-COMMISSIONING,PETER STREET SURGERY,KC000079832,"$3,130.75 ",
Department of Health,NHS South Kent Coast CCG,8/31/2018,PRC DELEGATED CO-COMMISSIONING,PETER STREET SURGERY,KC000079832,"$50,444.20 ",
Department of Health,NHS South Kent Coast CCG,8/31/2018,PRC DELEGATED CO-COMMISSIONING,SANDGATE ROAD SURGERY,KC000079834,"$5,675.00 ",
Department of Health,NHS South Kent Coast CCG,8/31/2018,PRC DELEGATED CO-COMMISSIONING,SANDGATE ROAD SURGERY,KC000079834,"$97,816.49 ",
Department of Health,NHS South Kent Coast CCG,8/31/2018,PRC DELEGATED CO-COMMISSIONING,SANDGATE ROAD SURGERY,KC000079834,"$4,526.00 ",
Department of Health,NHS South Kent Coast CCG,8/31/2018,PRC DELEGATED CO-COMMISSIONING,SANDGATE ROAD SURGERY,KC000079834,"$4,808.33 ",
Department of Health,NHS South Kent Coast CCG,8/31/2018,PRC DELEGATED CO-COMMISSIONING,ST RICHARDS RD SURGERY,KC000079842,"$4,736.00 ",
Department of Health,NHS South Kent Coast CCG,8/31/2018,PRC DELEGATED CO-COMMISSIONING,ST RICHARDS RD SURGERY,KC000079842,"$3,028.14 ",
Department of Health,NHS South Kent Coast CCG,8/31/2018,PRC DELEGATED CO-COMMISSIONING,ST RICHARDS RD SURGERY,KC000079842,"$77,964.05 ",
Department of Health,NHS South Kent Coast CCG,8/31/2018,PRC DELEGATED CO-COMMISSIONING,ST RICHARDS RD SURGERY,KC000079842,"$6,143.00 ",
Department of Health,NHS South Kent Coast CCG,8/31/2018,PRC DELEGATED CO-COMMISSIONING,ST RICHARDS RD SURGERY,KC000079842,$283.11 ,
Department of Health,NHS South Kent Coast CCG,8/31/2018,PRC DELEGATED CO-COMMISSIONING,BALMORAL SURGERY,KC000079843,($425.09),
Department of Health,NHS South Kent Coast CCG,8/31/2018,PRC DELEGATED CO-COMMISSIONING,BALMORAL SURGERY,KC000079843,($408.13),
Department of Health,NHS South Kent Coast CCG,8/31/2018,PRC DELEGATED CO-COMMISSIONING,BALMORAL SURGERY,KC000079843,"($15,933.85)",
Department of Health,NHS South Kent Coast CCG,8/31/2018,PRC DELEGATED CO-COMMISSIONING,BALMORAL SURGERY,KC000079843,"($1,403.34)",
Department of Health,NHS South Kent Coast CCG,8/31/2018,PRC DELEGATED CO-COMMISSIONING,BALMORAL SURGERY,KC000079843,"($7,543.74)",
Department of Health,NHS South Kent Coast CCG,8/31/2018,PRC DELEGATED CO-COMMISSIONING,BALMORAL SURGERY,KC000079843,"($7,729.23)",
Department of Health,NHS South Kent Coast CCG,8/31/2018,PRC DELEGATED CO-COMMISSIONING,BALMORAL SURGERY,KC000079843,($902.79),
Department of Health,NHS South Kent Coast CCG,8/31/2018,PRC DELEGATED CO-COMMISSIONING,BALMORAL SURGERY,KC000079843,"($13,984.52)",
Department of Health,NHS South Kent Coast CCG,8/31/2018,PRC DELEGATED CO-COMMISSIONING,BALMORAL SURGERY,KC000079844,"$6,122.50 ",
Department of Health,NHS South Kent Coast CCG,8/31/2018,PRC DELEGATED CO-COMMISSIONING,BALMORAL SURGERY,KC000079844,"$1,335.96 ",
Department of Health,NHS South Kent Coast CCG,8/31/2018,PRC DELEGATED CO-COMMISSIONING,BALMORAL SURGERY,KC000079844,"$97,035.21 ",
Department of Health,NHS South Kent Coast CCG,8/31/2018,PRC DELEGATED CO-COMMISSIONING,BALMORAL SURGERY,KC000079844,$216.05 ,
Department of Health,NHS South Kent Coast CCG,8/31/2018,PRC DELEGATED CO-COMMISSIONING,CEDARS SURGERY,KC000079846,"$5,039.25 ",
Department of Health,NHS South Kent Coast CCG,8/31/2018,PRC DELEGATED CO-COMMISSIONING,CEDARS SURGERY,KC000079846,"$84,643.35 ",
Department of Health,NHS South Kent Coast CCG,8/31/2018,PRC DELEGATED CO-COMMISSIONING,PARK FARM SURGERY,KC000079848,"$22,693.54 ",
Department of Health,NHS South Kent Coast CCG,8/31/2018,PRC DELEGATED CO-COMMISSIONING,PARK FARM SURGERY,KC000079848,"$1,745.78 ",
Department of Health,NHS South Kent Coast CCG,8/31/2018,PRC DELEGATED CO-COMMISSIONING,PARK FARM SURGERY,KC000079848,"$1,125.00 ",
Department of Health,NHS South Kent Coast CCG,8/31/2018,PRC DELEGATED CO-COMMISSIONING,WHITE CLIFFS MEDICAL CENTRE,KC000079849,($282.84),
Department of Health,NHS South Kent Coast CCG,8/31/2018,PRC DELEGATED CO-COMMISSIONING,WHITE CLIFFS MEDICAL CENTRE,KC000079849,"($2,582.53)",
Department of Health,NHS South Kent Coast CCG,8/31/2018,PRC DELEGATED CO-COMMISSIONING,WHITE CLIFFS MEDICAL CENTRE,KC000079849,($271.55),
Department of Health,NHS South Kent Coast CCG,8/31/2018,PRC DELEGATED CO-COMMISSIONING,WHITE CLIFFS MEDICAL CENTRE,KC000079849,"($21,047.93)",
Department of Health,NHS South Kent Coast CCG,8/31/2018,PRC DELEGATED CO-COMMISSIONING,WHITE CLIFFS MEDICAL CENTRE,KC000079849,"($20,784.28)",
Department of Health,NHS South Kent Coast CCG,8/31/2018,PRC DELEGATED CO-COMMISSIONING,WHITE CLIFFS MEDICAL CENTRE,KC000079850,"$64,155.26 ",
Department of Health,NHS South Kent Coast CCG,8/31/2018,PRC DELEGATED CO-COMMISSIONING,WHITE CLIFFS MEDICAL CENTRE,KC000079850,"$5,165.06 ",
Department of Health,NHS South Kent Coast CCG,8/31/2018,PRC DELEGATED CO-COMMISSIONING,WHITE CLIFFS MEDICAL CENTRE,KC000079850,"$10,982.58 ",
Department of Health,NHS South Kent Coast CCG,8/31/2018,PRC DELEGATED CO-COMMISSIONING,FOLKESTONE CANTERBURY ROAD SURGERY,KC000079854,"$5,174.00 ",
Department of Health,NHS South Kent Coast CCG,8/31/2018,PRC DELEGATED CO-COMMISSIONING,FOLKESTONE CANTERBURY ROAD SURGERY,KC000079854,"$81,747.04 ",
Department of Health,NHS South Kent Coast CCG,8/31/2018,PRC DELEGATED CO-COMMISSIONING,FOLKESTONE CANTERBURY ROAD SURGERY,KC000079854,"$5,333.33 ",
Department of Health,NHS South Kent Coast CCG,8/31/2018,PRC DELEGATED CO-COMMISSIONING,PREMIER PRIMARYCARE LTD,KC000079858,"$3,710.50 ",
Department of Health,NHS South Kent Coast CCG,8/31/2018,PRC DELEGATED CO-COMMISSIONING,PREMIER PRIMARYCARE LTD,KC000079858,"$1,068.80 ",
Department of Health,NHS South Kent Coast CCG,8/31/2018,PRC DELEGATED CO-COMMISSIONING,PREMIER PRIMARYCARE LTD,KC000079858,"$62,557.12 ",
Department of Health,NHS South Kent Coast CCG,8/31/2018,PRC DELEGATED CO-COMMISSIONING,PREMIER PRIMARYCARE LTD,KC000079858,"$2,644.25 ",
Department of Health,NHS South Kent Coast CCG,8/31/2018,PRC DELEGATED CO-COMMISSIONING,AYLESHAM MEDICAL PRACTICE,KC000079860,$534.36 ,
Department of Health,NHS South Kent Coast CCG,8/31/2018,PRC DELEGATED CO-COMMISSIONING,AYLESHAM MEDICAL PRACTICE,KC000079860,"$55,163.21 ",
Department of Health,NHS South Kent Coast CCG,8/31/2018,PRC DELEGATED CO-COMMISSIONING,AYLESHAM MEDICAL PRACTICE,KC000079860,$958.33 ,
Department of Health,NHS South Kent Coast CCG,8/31/2018,PRC DELEGATED CO-COMMISSIONING,LYDDEN SURGERY,KC000079862,"$38,449.58 ",
Department of Health,NHS South Kent Coast CCG,8/31/2018,PRC DELEGATED CO-COMMISSIONING,LYDDEN SURGERY,KC000079862,$541.43 ,
Department of Health,NHS South Kent Coast CCG,8/31/2018,PRC DELEGATED CO-COMMISSIONING,BUCKLAND MEDICAL CENTRE,KC000079864,"$1,887.75 ",
Department of Health,NHS South Kent Coast CCG,8/31/2018,PRC DELEGATED CO-COMMISSIONING,BUCKLAND MEDICAL CENTRE,KC000079864,"$32,919.52 ",
Department of Health,NHS South Kent Coast CCG,8/31/2018,PRC DELEGATED CO-COMMISSIONING,BUCKLAND MEDICAL CENTRE,KC000079864,"$2,292.09 ",
Department of Health,NHS South Kent Coast CCG,8/31/2018,PRC DELEGATED CO-COMMISSIONING,BUCKLAND MEDICAL CENTRE,KC000079864,$128.20 ,
Department of Health,NHS South Kent Coast CCG,8/31/2018,PRC DELEGATED CO-COMMISSIONING,WHITE HOUSE SURGERY (THE),KC000079869,($343.40),
Department of Health,NHS South Kent Coast CCG,8/31/2018,PRC DELEGATED CO-COMMISSIONING,WHITE HOUSE SURGERY (THE),KC000079869,"($68,519.39)",
Department of Health,NHS South Kent Coast CCG,8/31/2018,PRC DELEGATED CO-COMMISSIONING,WHITE HOUSE SURGERY (THE),KC000079869,"($1,820.09)",
Department of Health,NHS South Kent Coast CCG,8/31/2018,PRC DELEGATED CO-COMMISSIONING,WHITE HOUSE SURGERY (THE),KC000079869,($329.70),
Department of Health,NHS South Kent Coast CCG,8/31/2018,PRC DELEGATED CO-COMMISSIONING,WHITE HOUSE SURGERY (THE),KC000079869,($24.68),
Department of Health,NHS South Kent Coast CCG,8/31/2018,PRC DELEGATED CO-COMMISSIONING,WHITE HOUSE SURGERY (THE),KC000079869,"($1,487.02)",
Department of Health,NHS South Kent Coast CCG,8/31/2018,PRC DELEGATED CO-COMMISSIONING,WHITE HOUSE SURGERY (THE),KC000079869,"($1,477.43)",
Department of Health,NHS South Kent Coast CCG,8/31/2018,PRC DELEGATED CO-COMMISSIONING,DR RM STEWART T/A HAWKINGE HEALTH CENTRE,KC000079852,"$4,405.00 ",
Department of Health,NHS South Kent Coast CCG,8/31/2018,PRC DELEGATED CO-COMMISSIONING,DR RM STEWART T/A HAWKINGE HEALTH CENTRE,KC000079852,$757.05 ,
Department of Health,NHS South Kent Coast CCG,8/31/2018,PRC DELEGATED CO-COMMISSIONING,DR RM STEWART T/A HAWKINGE HEALTH CENTRE,KC000079852,"$69,181.39 ",
Department of Health,NHS South Kent Coast CCG,8/31/2018,PRC DELEGATED CO-COMMISSIONING,DR RM STEWART T/A HAWKINGE HEALTH CENTRE,KC000079852,"$5,927.50 ",
Department of Health,NHS South Kent Coast CCG,8/31/2018,PRC DELEGATED CO-COMMISSIONING,DR RM STEWART T/A HAWKINGE HEALTH CENTRE,KC000079852,"$14,321.52 ",
Department of Health,NHS South Kent Coast CCG,8/31/2018,PRC DELEGATED CO-COMMISSIONING,DR SELINA SWANN,KC000079868,"$1,969.50 ",
Department of Health,NHS South Kent Coast CCG,8/31/2018,PRC DELEGATED CO-COMMISSIONING,DR SELINA SWANN,KC000079868,"$35,760.64 ",
Department of Health,NHS South Kent Coast CCG,8/31/2018,PRC DELEGATED CO-COMMISSIONING,DR SELINA SWANN,KC000079868,"$3,616.67 ",
Department of Health,NHS South Kent Coast CCG,8/31/2018,OUT OF HOURS,INTEGRATED CARE 24 LTD,16005,"$167,236.17 ",
Department of Health,NHS South Kent Coast CCG,8/31/2018,ACUTE COMMISSIONING,EAST KENT HOSPITALS UNIVERSITY NHS FOUNDATION TRUST,897214,"$1,082,706.35 ",
Department of Health,NHS South Kent Coast CCG,8/31/2018,HIGH COST DRUGS,NEW HAYESBANK SURGERY,24692,"$63,469.20 ",
Department of Health,NHS South Kent Coast CCG,8/31/2018,ACUTE COMMISSIONING,KING`S COLLEGE HOSPITAL NHS FOUNDATION TRUST,00261114,"$190,361.00 ",
Department of Health,NHS South Kent Coast CCG,8/31/2018,COMMUNITY SERVICES,KENT COMMUNITY HEALTH NHS FOUNDATION TRUST,24061491,"$1,929,129.00 ",
Department of Health,NHS South Kent Coast CCG,8/31/2018,COMMUNITY SERVICES,KENT COMMUNITY HEALTH NHS FOUNDATION TRUST,24061525,"$167,828.00 ",
Department of Health,NHS South Kent Coast CCG,8/31/2018,PRIMARY CARE DEVELOPMENT,CHANNEL HEALTH ALLIANCE LTD,CHA023,"$191,850.00 ",
Department of Health,NHS South Kent Coast CCG,8/31/2018,MENTAL HEALTH CONTRACTS,KENT AND MEDWAY NHS AND SOCIALCARE PARTNERSHIP TRUST,13604627,"$1,546,055.00 ",
Department of Health,NHS South Kent Coast CCG,8/31/2018,AMBULANCE SERVICES,SOUTH EAST COAST AMBULANCE SERVICE NHS FOUNDATION TRUST,7881035,"$807,832.02 ",
Department of Health,NHS South Kent Coast CCG,8/31/2018,NHS 111,INTEGRATED CARE 24 LTD,1733,"$84,794.80 ",
Department of Health,NHS South Kent Coast CCG,8/31/2018,OUT OF HOURS,INTEGRATED CARE 24 LTD,1733,"$167,236.17 ",
Department of Health,NHS South Kent Coast CCG,8/31/2018,CHILD AND ADOLESCENT MENTAL HEALTH,NORTH EAST LONDON NHS FOUNDATION TRUST,0000050528,"$203,235.00 ",
Department of Health,NHS South Kent Coast CCG,8/31/2018,PLANNED CARE,BENENDEN HOSPITAL TRUST,27212,"$61,593.00 ",
Department of Health,NHS South Kent Coast CCG,8/31/2018,PLANNED CARE,NEW HAYESBANK SURGERY,24767,"$65,315.50 ",
Department of Health,NHS South Kent Coast CCG,8/31/2018,PRC DELEGATED CO-COMMISSIONING,INVICTA HEALTH CIC,KC000079814,"$155,462.78 ",
Department of Health,NHS South Kent Coast CCG,8/31/2018,LOCAL ENHANCED SERVICES,INVICTA HEALTH CIC,KC000079814,"$1,320.78 ",
Department of Health,NHS South Kent Coast CCG,8/31/2018,PRC DELEGATED CO-COMMISSIONING,SUN LANE SURGERY,KC000079838,"$43,285.95 ",
Department of Health,NHS South Kent Coast CCG,8/31/2018,LOCAL ENHANCED SERVICES,SUN LANE SURGERY,KC000079838,"$1,037.58 ",
Department of Health,NHS South Kent Coast CCG,8/31/2018,PRC DELEGATED CO-COMMISSIONING,SUN LANE SURGERY,KC000079838,"$2,313.67 ",
Department of Health,NHS South Kent Coast CCG,8/31/2018,PRC DELEGATED CO-COMMISSIONING,ST JAMES SURGERY DOVER,KC000079840,"$4,035.25 ",
Department of Health,NHS South Kent Coast CCG,8/31/2018,PRC DELEGATED CO-COMMISSIONING,ST JAMES SURGERY DOVER,KC000079840,$445.33 ,
Department of Health,NHS South Kent Coast CCG,8/31/2018,PRC DELEGATED CO-COMMISSIONING,ST JAMES SURGERY DOVER,KC000079840,"$61,019.02 ",
Department of Health,NHS South Kent Coast CCG,8/31/2018,LOCAL ENHANCED SERVICES,ST JAMES SURGERY DOVER,KC000079840,"$1,508.12 ",
Department of Health,NHS South Kent Coast CCG,8/31/2018,PRC DELEGATED CO-COMMISSIONING,ST JAMES SURGERY DOVER,KC000079840,"$5,391.67 ",
Department of Health,NHS South Kent Coast CCG,8/31/2018,PRC DELEGATED CO-COMMISSIONING,PENCESTER SURGERY,KC000079856,"$4,476.25 ",
Department of Health,NHS South Kent Coast CCG,8/31/2018,PRC DELEGATED CO-COMMISSIONING,PENCESTER SURGERY,KC000079856,"$1,024.19 ",
Department of Health,NHS South Kent Coast CCG,8/31/2018,PRC DELEGATED CO-COMMISSIONING,PENCESTER SURGERY,KC000079856,"$71,692.09 ",
Department of Health,NHS South Kent Coast CCG,8/31/2018,PRC DELEGATED CO-COMMISSIONING,PENCESTER SURGERY,KC000079856,"$5,208.33 ",
Department of Health,NHS South Kent Coast CCG,8/31/2018,PRC DELEGATED CO-COMMISSIONING,PENCESTER SURGERY,KC000079856,"$6,017.49 ",
Department of Health,NHS South Kent Coast CCG,8/31/2018,PRC DELEGATED CO-COMMISSIONING,PENCESTER SURGERY,KC000079856,"$5,967.69 ",
Department of Health,NHS South Kent Coast CCG,8/31/2018,PRC DELEGATED CO-COMMISSIONING,INVICTA HEALTH CIC,KC000079866,"$62,554.73 ",
Department of Health,NHS South Kent Coast CCG,8/31/2018,PRC DELEGATED CO-COMMISSIONING,INVICTA HEALTH CIC,KC000079866,"$2,291.75 ",
Department of Health,NHS South Kent Coast CCG,8/31/2018,LOCAL ENHANCED SERVICES,INVICTA HEALTH CIC,KC000079866,"$1,153.32 ",
Department of Health,NHS South Kent Coast CCG,8/31/2018,PRC DELEGATED CO-COMMISSIONING,WHITE HOUSE SURGERY (THE),KC000079870,"$4,898.50 ",
Department of Health,NHS South Kent Coast CCG,8/31/2018,PRC DELEGATED CO-COMMISSIONING,WHITE HOUSE SURGERY (THE),KC000079870,$267.18 ,
Department of Health,NHS South Kent Coast CCG,8/31/2018,PRC DELEGATED CO-COMMISSIONING,WHITE HOUSE SURGERY (THE),KC000079870,"$74,693.15 ",
Department of Health,NHS South Kent Coast CCG,8/31/2018,LOCAL ENHANCED SERVICES,WHITE HOUSE SURGERY (THE),KC000079870,"$1,815.66 ",
Department of Health,NHS South Kent Coast CCG,8/31/2018,PRC DELEGATED CO-COMMISSIONING,WHITE HOUSE SURGERY (THE),KC000079870,"$3,640.18 ",
Department of Health,NHS South Kent Coast CCG,8/31/2018,PRC DELEGATED CO-COMMISSIONING,WHITE HOUSE SURGERY (THE),KC000079870,"$3,225.00 ",
Department of Health,NHS South Kent Coast CCG,8/31/2018,PRC DELEGATED CO-COMMISSIONING,WHITE HOUSE SURGERY (THE),KC000079870,"$3,583.33 ",
Department of Health,NHS South Kent Coast CCG,8/31/2018,PRC DELEGATED CO-COMMISSIONING,WHITE HOUSE SURGERY (THE),KC000079870,$964.24 ,
Department of Health,NHS South Kent Coast CCG,8/31/2018,BALANCE SHEET,HMRC,120PJ005722551904,"$42,750.20 ",
Department of Health,NHS South Kent Coast CCG,8/31/2018,BALANCE SHEET,HMRC,120PJ005722551904,$215.00 ,
Department of Health,NHS South Kent Coast CCG,8/31/2018,BALANCE SHEET,HMRC,120PJ005722551904,"$27,549.63 ",
Department of Health,NHS South Kent Coast CCG,8/31/2018,BALANCE SHEET,HMRC,120PJ005722551904,"$19,405.75 ",
Department of Health,NHS South Kent Coast CCG,8/31/2018,ACUTE COMMISSIONING,MAIDSTONE AND TUNBRIDGE WELLS NHS TRUST,4000107798,"$39,704.00 ",
Department of Health,NHS South Kent Coast CCG,8/31/2018,ACUTE COMMISSIONING,UNIVERSITY COLLEGE LONDON HOSPITALS NHS FOUNDATION TRUST,PERA1543,"$28,360.00 ",
Department of Health,NHS South Kent Coast CCG,8/31/2018,PLANNED CARE,CONNECT HEALTH LTD,66429,"$68,750.00 ",
Department of Health,NHS South Kent Coast CCG,8/31/2018,CHC ADULT FULLY FUNDED,SALTWOOD CARE CENTRE LTD,9841,"$32,467.17 ",
Department of Health,NHS South Kent Coast CCG,8/31/2018,CHC ADULT FULLY FUNDED,SALTWOOD CARE CENTRE LTD,9841,"$4,522.22 ",
Department of Health,NHS South Kent Coast CCG,8/31/2018,HOSPICES,PILGRIMS HOSPICES IN EAST KENT,0000005131,"$72,033.32 ",
Department of Health,NHS South Kent Coast CCG,8/31/2018,PLANNED CARE,STEPHEN COMFORT,206,"$27,160.00 ",
Department of Health,NHS South Kent Coast CCG,8/31/2018,ACUTE COMMISSIONING,MAIDSTONE AND TUNBRIDGE WELLS NHS TRUST,5000012920,"($58,654.00)",
Department of Health,NHS South Kent Coast CCG,8/31/2018,LOCAL ENHANCED SERVICES,NEW LYMINGE SURGERY,KC000080252,"$41,662.37 ",
Department of Health,NHS South Kent Coast CCG,8/31/2018,PRC DELEGATED CO-COMMISSIONING,NEW LYMINGE SURGERY,KC000080252,"$6,452.01 ",
Department of Health,NHS South Kent Coast CCG,8/31/2018,LOCAL ENHANCED SERVICES,NEW LYMINGE SURGERY,KC000080252,"$1,232.00 ",
Department of Health,NHS South Kent Coast CCG,8/31/2018,LOCAL ENHANCED SERVICES,WHITE CLIFFS MEDICAL CENTRE,KC000080256,"$38,053.49 ",
Department of Health,NHS South Kent Coast CCG,8/31/2018,PRC DELEGATED CO-COMMISSIONING,WHITE CLIFFS MEDICAL CENTRE,KC000080256,"$6,232.49 ",
Department of Health,NHS South Kent Coast CCG,8/31/2018,LOCAL ENHANCED SERVICES,WHITE CLIFFS MEDICAL CENTRE,KC000080256,$906.40 ,
Department of Health,NHS South Kent Coast CCG,8/31/2018,LOCAL ENHANCED SERVICES,LYDDEN SURGERY,KC000080258,"$43,794.61 ",
Department of Health,NHS South Kent Coast CCG,8/31/2018,PRC DELEGATED CO-COMMISSIONING,LYDDEN SURGERY,KC000080258,"$7,204.67 ",
Department of Health,NHS South Kent Coast CCG,8/31/2018,LOCAL ENHANCED SERVICES,LYDDEN SURGERY,KC000080258,"$1,223.20 ",
Department of Health,NHS South Kent Coast CCG,8/31/2018,LOCAL ENHANCED SERVICES,BUCKLAND MEDICAL CENTRE,KC000080259,"($28,510.66)",
Department of Health,NHS South Kent Coast CCG,8/31/2018,PRC DELEGATED CO-COMMISSIONING,BUCKLAND MEDICAL CENTRE,KC000080259,($756.80),
Department of Health,NHS South Kent Coast CCG,8/31/2018,LOCAL ENHANCED SERVICES,BUCKLAND MEDICAL CENTRE,KC000080260,"$52,423.19 ",
Department of Health,NHS South Kent Coast CCG,8/31/2018,PRC DELEGATED CO-COMMISSIONING,BUCKLAND MEDICAL CENTRE,KC000080260,"$8,969.69 ",
Department of Health,NHS South Kent Coast CCG,8/31/2018,LOCAL ENHANCED SERVICES,BUCKLAND MEDICAL CENTRE,KC000080260,$756.80 ,
Department of Health,NHS South Kent Coast CCG,8/31/2018,PLANNED CARE,EAST KENT MEDICAL SERVICES LTD T/A THE SPENCER WING,20180810A,"$44,803.25 ",
Department of Health,NHS South Kent Coast CCG,8/31/2018,PATIENT TRANSPORT,G4S HEALTH SERVICES UK LTD,90293725,"$224,806.05 ",
Department of Health,NHS South Kent Coast CCG,8/31/2018,PATIENT TRANSPORT,G4S HEALTH SERVICES UK LTD,90297413,"$224,806.05 ",
Department of Health,NHS South Kent Coast CCG,8/31/2018,PRIMARY CARE DEVELOPMENT,CHANNEL HEALTH ALLIANCE LTD,CHA021,"$25,000.00 ",
Department of Health,NHS South Kent Coast CCG,8/31/2018,GP FORWARD VIEW,CARE UNBOUND LTD,20200,"$36,904.32 ",
Department of Health,NHS South Kent Coast CCG,8/31/2018,ACUTE COMMISSIONING,GUYS & ST THOMAS HOSPITAL NHS FOUNDATION TRUST,3242103,"$235,029.00 ",
Department of Health,NHS South Kent Coast CCG,8/31/2018,PRIMARY CARE DEVELOPMENT,CHANNEL HEALTH ALLIANCE LTD,CHA025,"$61,628.53 ",
Department of Health,NHS South Kent Coast CCG,8/31/2018,PRIMARY CARE DEVELOPMENT,CHANNEL HEALTH ALLIANCE LTD,CHA024,"$191,850.00 ",
Department of Health,NHS South Kent Coast CCG,8/31/2018,REABLEMENT,KENT COUNTY COUNCIL (EXCH SEC MAIDSTONE),BCFSKCSEP18,"$1,142,226.00 ",
Department of Health,NHS South Kent Coast CCG,8/31/2018,NCAS/OATS,GREAT ORMOND STREET HOSPITAL FOR CHILDREN NHS FOUNDATION TRUST,X0196466,"($36,496.96)",
Department of Health,NHS South Kent Coast CCG,8/31/2018,PLANNED CARE,EAST KENT MEDICAL SERVICES LTD T/A THE SPENCER WING,201804A10A,"$51,280.08 ",
Department of Health,NHS South Kent Coast CCG,8/31/2018,PLANNED CARE,EAST KENT MEDICAL SERVICES LTD T/A THE SPENCER WING,201805A10A,"$37,165.70 ",
Department of Health,NHS South Kent Coast CCG,8/31/2018,PLANNED CARE,KENT COMMUNITY HEALTH NHS FOUNDATION TRUST,24060464,"$55,656.09 ",
Department of Health,NHS South Kent Coast CCG,8/31/2018,PLANNED CARE,KENT INSTITUTE OF MEDICINE & SURGERY,10A052018,"$44,656.51 ",
Department of Health,NHS South Kent Coast CCG,8/31/2018,PLANNED CARE,EAST KENT MEDICAL SERVICES LTD T/A THE SPENCER WING,201806A10A,"$62,853.06 ",
Department of Health,NHS South Kent Coast CCG,8/31/2018,PLANNED CARE,KENT INSTITUTE OF MEDICINE & SURGERY,10A062018,"$29,676.69 ",
Department of Health,NHS South Kent Coast CCG,8/31/2018,ACUTE COMMISSIONING,MAIDSTONE AND TUNBRIDGE WELLS NHS TRUST,4000111949,"$34,125.00 ",
Department of Health,NHS South Kent Coast CCG,8/31/2018,CORPORATE COSTS & SERVICES,ERNST & YOUNG LLP,GB10300033005,"$90,133.20 ",
Department of Health,NHS South Kent Coast CCG,8/31/2018,PLANNED CARE,BMI HEALTHCARE COLLECTIONS,0000096739,"$102,313.24 ",
Department of Health,NHS South Kent Coast CCG,8/31/2018,MENTAL HEALTH SERVICES - ADULTS,KENT COUNTY COUNCIL (EXCH SEC MAIDSTONE),900069997,"$47,782.02 ",
Department of Health,NHS South Kent Coast CCG,8/31/2018,ACUTE COMMISSIONING,UNIVERSITY COLLEGE LONDON HOSPITALS NHS FOUNDATION TRUST,SLA4087,"$75,595.00 ",
,,,,,,,
