"Spend over �25,000 - Publication 01/11/2018 to 31/11/2018",,,,,,
,,,,,,
Department family,Entity,Date,Expense area,Supplier,AP Amount (�),Purchase invoice number
Department of Health,NHS South Kent Coast CCG,11/30/2018,PLANNED CARE,BMI HEALTHCARE LTD,"$102,313.24 ",0000099295
Department of Health,NHS South Kent Coast CCG,11/30/2018,PLANNED CARE,CONCORDIA SPECIALIST CARE SERVICES,"$45,284.00 ",SKCDMYTD18REV
Department of Health,NHS South Kent Coast CCG,11/30/2018,PLANNED CARE,CONCORDIA SPECIALIST CARE SERVICES,"($47,344.42)",SKCDMYTD18CR
Department of Health,NHS South Kent Coast CCG,11/30/2018,COMMUNITY SERVICES,KENT COMMUNITY HEALTH NHS FOUNDATION TRUST,"$1,852,898.00 ",24063443
Department of Health,NHS South Kent Coast CCG,11/30/2018,PLANNED CARE,HEARBASE LTD,"$25,318.70 ",23900
Department of Health,NHS South Kent Coast CCG,11/30/2018,PRIMARY CARE DEVELOPMENT,CHANNEL HEALTH ALLIANCE LTD,"$61,628.53 ",CHA010
Department of Health,NHS South Kent Coast CCG,11/30/2018,PLANNED CARE,KENT COMMUNITY HEALTH NHS FOUNDATION TRUST,"$35,556.37 ",24057716
Department of Health,NHS South Kent Coast CCG,11/30/2018,PRIMARY CARE DEVELOPMENT,CHANNEL HEALTH ALLIANCE LTD,"$61,628.53 ",CHA012
Department of Health,NHS South Kent Coast CCG,11/30/2018,NCAS/OATS,MOORFIELDS EYE HOSPITAL NHS FOUNDATION TRUST,"$26,040.00 ",IC0033330
Department of Health,NHS South Kent Coast CCG,11/30/2018,NCAS/OATS,ONE ASHFORD HEALTHCARE LTD,"$86,955.92 ",NHSSKCGI116
Department of Health,NHS South Kent Coast CCG,11/30/2018,CORPORATE COSTS & SERVICES,MAIDSTONE AND TUNBRIDGE WELLS NHS TRUST,"$58,854.43 ",4000111065
Department of Health,NHS South Kent Coast CCG,11/30/2018,PROGRAMME PROJECTS,MAIDSTONE AND TUNBRIDGE WELLS NHS TRUST,"$130,998.57 ",4000111065
Department of Health,NHS South Kent Coast CCG,11/30/2018,PLANNED CARE,ONE ASHFORD HEALTHCARE LTD,"$128,041.40 ",NHSSKCGI209
Department of Health,NHS South Kent Coast CCG,11/30/2018,CORPORATE COSTS & SERVICES,PRICEWATERHOUSECOOPERS LLP,"$181,153.20 ",1354978672
Department of Health,NHS South Kent Coast CCG,11/30/2018,NHS 111,INTEGRATED CARE 24 LTD,"$84,794.80 ",1977
Department of Health,NHS South Kent Coast CCG,11/30/2018,OUT OF HOURS,INTEGRATED CARE 24 LTD,"$167,236.17 ",1977
Department of Health,NHS South Kent Coast CCG,11/30/2018,ACUTE COMMISSIONING,EAST KENT HOSPITALS UNIVERSITY NHS FOUNDATION TRUST,"$1,082,706.35 ",899280
Department of Health,NHS South Kent Coast CCG,11/30/2018,CHC CHILDREN,SUNFLOWERS CARE LTD,"$38,176.73 ",0090639
Department of Health,NHS South Kent Coast CCG,11/30/2018,NHS 111,INTEGRATED CARE 24 LTD,"$84,794.80 ",2059
Department of Health,NHS South Kent Coast CCG,11/30/2018,OUT OF HOURS,INTEGRATED CARE 24 LTD,"$167,236.17 ",2059
Department of Health,NHS South Kent Coast CCG,11/30/2018,CHC ADULT FULLY FUNDED,SALTWOOD CARE CENTRE LTD,"$21,567.48 ",9904
Department of Health,NHS South Kent Coast CCG,11/30/2018,CHC ADULT FULLY FUNDED,SALTWOOD CARE CENTRE LTD,"$14,378.32 ",9904
Department of Health,NHS South Kent Coast CCG,11/30/2018,ACUTE COMMISSIONING,UNIVERSITY COLLEGE LONDON HOSPITALS NHS FOUNDATION TRUST,"$75,595.00 ",5010182431
Department of Health,NHS South Kent Coast CCG,11/30/2018,MENTAL HEALTH CONTRACTS,KENT AND MEDWAY NHS AND SOCIALCARE PARTNERSHIP TRUST,"$1,546,055.00 ",13605215
Department of Health,NHS South Kent Coast CCG,11/30/2018,MENTAL HEALTH SERVICES - ADULTS,SOUTH LONDON AND MAUDSLEY NHS FOUNDATION TRUST,"$25,306.00 ",B0008631
Department of Health,NHS South Kent Coast CCG,11/30/2018,NCAS/OATS,BARTS HEALTH NHS TRUST,"$42,495.07 ",311027
Department of Health,NHS South Kent Coast CCG,11/30/2018,PLANNED CARE,SPECSAVERS HEARCARE LTD,"$26,461.90 ",21430095
Department of Health,NHS South Kent Coast CCG,11/30/2018,ACUTE COMMISSIONING,QUEEN VICTORIA HOSPITAL NHS FOUNDATION TRUST,"$49,988.00 ",2010016379
Department of Health,NHS South Kent Coast CCG,11/30/2018,CHILD AND ADOLESCENT MENTAL HEALTH,NORTH EAST LONDON NHS FOUNDATION TRUST,"$203,235.00 ",0000052712
Department of Health,NHS South Kent Coast CCG,11/30/2018,MENTAL HEALTH SERVICES - SPECIALIST SERVICES,NORTH EAST LONDON NHS FOUNDATION TRUST,"$25,523.00 ",0000052742
Department of Health,NHS South Kent Coast CCG,11/30/2018,PRIMARY CARE DEVELOPMENT,CHANNEL HEALTH ALLIANCE LTD,"$61,628.53 ",CHA028
Department of Health,NHS South Kent Coast CCG,11/30/2018,PRIMARY CARE DEVELOPMENT,CHANNEL HEALTH ALLIANCE LTD,"$191,850.00 ",CHA029
Department of Health,NHS South Kent Coast CCG,11/30/2018,PATIENT TRANSPORT,G4S HEALTH SERVICES UK LTD,"$224,806.05 ",90314773
Department of Health,NHS South Kent Coast CCG,11/30/2018,PRIMARY CARE DEVELOPMENT,CHANNEL HEALTH ALLIANCE LTD,"($123,257.06)",CHA010CHA012C
Department of Health,NHS South Kent Coast CCG,11/30/2018,PLANNED CARE,BENENDEN HOSPITAL TRUST,"$61,593.00 ",28280
Department of Health,NHS South Kent Coast CCG,11/30/2018,PLANNED CARE,ONE ASHFORD HEALTHCARE LTD,"($86,955.92)",1300
Department of Health,NHS South Kent Coast CCG,11/30/2018,PLANNED CARE,ONE ASHFORD HEALTHCARE LTD,"($128,041.40)",1312
Department of Health,NHS South Kent Coast CCG,11/30/2018,PLANNED CARE,ONE ASHFORD HEALTHCARE LTD,"$170,755.20 ",NHSSKCGI139
Department of Health,NHS South Kent Coast CCG,11/30/2018,COMMISSIONING,NHS NEL CSU,"$26,957.27 ",7312807274
Department of Health,NHS South Kent Coast CCG,11/30/2018,CONTINUING HEALTHCARE ASSESSMENT & SUPPORT,NHS NEL CSU,"$54,364.36 ",7312807274
Department of Health,NHS South Kent Coast CCG,11/30/2018,PRIMARY CARE IT,NHS NEL CSU,"$27,085.03 ",7312807274
Department of Health,NHS South Kent Coast CCG,11/30/2018,FUNDED NURSING CARE,SALTWOOD CARE CENTRE LTD,"$25,215.12 ",9900
Department of Health,NHS South Kent Coast CCG,11/30/2018,HOSPICES,PILGRIMS HOSPICES IN EAST KENT,"$72,033.32 ",0000005385
Department of Health,NHS South Kent Coast CCG,11/30/2018,CHC ADULT FULLY FUNDED,CARE ENTERPRISES (TEMPLE EWELL) LTD,"$12,006.50 ",CHC1018SKK
Department of Health,NHS South Kent Coast CCG,11/30/2018,CHC ADULT FULLY FUNDED,CARE ENTERPRISES (TEMPLE EWELL) LTD,"$10,150.95 ",CHC1018SKK
Department of Health,NHS South Kent Coast CCG,11/30/2018,CHC ADULT FULLY FUNDED,CARE ENTERPRISES (TEMPLE EWELL) LTD,"$3,383.65 ",CHC1018SKK
Department of Health,NHS South Kent Coast CCG,11/30/2018,CHC ADULT FULLY FUNDED,HAWKINGE HOUSE LTD,"$4,063.26 ",CHC18103
Department of Health,NHS South Kent Coast CCG,11/30/2018,CHC ADULT FULLY FUNDED,HAWKINGE HOUSE LTD,"$24,379.56 ",CHC18103
Department of Health,NHS South Kent Coast CCG,11/30/2018,PLANNED CARE,EAST KENT MEDICAL SERVICES LTD T/A THE SPENCER WING,"$44,250.13 ",20181210A
Department of Health,NHS South Kent Coast CCG,11/30/2018,PLANNED CARE,EAST KENT MEDICAL SERVICES LTD T/A THE SPENCER WING,$553.12 ,20181210A
Department of Health,NHS South Kent Coast CCG,11/30/2018,AMBULANCE SERVICES,SOUTH EAST COAST AMBULANCE SERVICE NHS FOUNDATION TRUST,"$852,666.55 ",7881354
Department of Health,NHS South Kent Coast CCG,11/30/2018,PLANNED CARE,ONE ASHFORD HEALTHCARE LTD,"($162,239.50)",1304
Department of Health,NHS South Kent Coast CCG,11/30/2018,WHEELCHAIR SERVICE,MILLBROOK HEALTHCARE LTD,"$52,853.76 ",20163
Department of Health,NHS South Kent Coast CCG,11/30/2018,BALANCE SHEET,HMRC,"$40,148.80 ",120PJ005722551907
Department of Health,NHS South Kent Coast CCG,11/30/2018,BALANCE SHEET,HMRC,$229.00 ,120PJ005722551907
Department of Health,NHS South Kent Coast CCG,11/30/2018,BALANCE SHEET,HMRC,"$26,184.61 ",120PJ005722551907
Department of Health,NHS South Kent Coast CCG,11/30/2018,BALANCE SHEET,HMRC,"$18,358.13 ",120PJ005722551907
Department of Health,NHS South Kent Coast CCG,11/30/2018,BALANCE SHEET,HMRC,($267.14),120PJ005722551907
Department of Health,NHS South Kent Coast CCG,11/30/2018,PRC DELEGATED CO-COMMISSIONING,INVICTA HEALTH CIC,"$102,437.02 ",KC000083181
Department of Health,NHS South Kent Coast CCG,11/30/2018,PRC DELEGATED CO-COMMISSIONING,INVICTA HEALTH CIC,"$3,229.17 ",KC000083181
Department of Health,NHS South Kent Coast CCG,11/30/2018,PRC DELEGATED CO-COMMISSIONING,GUILDHALL SURGERY (FOLKESTONE),"$56,598.11 ",KC000083185
Department of Health,NHS South Kent Coast CCG,11/30/2018,LOCAL ENHANCED SERVICES,GUILDHALL SURGERY (FOLKESTONE),$679.32 ,KC000083185
Department of Health,NHS South Kent Coast CCG,11/30/2018,PRC DELEGATED CO-COMMISSIONING,GUILDHALL SURGERY (FOLKESTONE),$489.86 ,KC000083185
Department of Health,NHS South Kent Coast CCG,11/30/2018,PRC DELEGATED CO-COMMISSIONING,GUILDHALL SURGERY (FOLKESTONE),"$2,833.33 ",KC000083185
Department of Health,NHS South Kent Coast CCG,11/30/2018,PRC DELEGATED CO-COMMISSIONING,GUILDHALL SURGERY (FOLKESTONE),$220.80 ,KC000083185
Department of Health,NHS South Kent Coast CCG,11/30/2018,LOCAL ENHANCED SERVICES,DR RM STEWART T/A HAWKINGE HEALTH CENTRE,"$10,999.27 ",KC000083219
Department of Health,NHS South Kent Coast CCG,11/30/2018,PRC DELEGATED CO-COMMISSIONING,DR RM STEWART T/A HAWKINGE HEALTH CENTRE,"$1,558.67 ",KC000083219
Department of Health,NHS South Kent Coast CCG,11/30/2018,PRC DELEGATED CO-COMMISSIONING,DR RM STEWART T/A HAWKINGE HEALTH CENTRE,"$70,396.81 ",KC000083219
Department of Health,NHS South Kent Coast CCG,11/30/2018,PRC DELEGATED CO-COMMISSIONING,DR RM STEWART T/A HAWKINGE HEALTH CENTRE,"$13,489.26 ",KC000083219
Department of Health,NHS South Kent Coast CCG,11/30/2018,PRC DELEGATED CO-COMMISSIONING,DR RM STEWART T/A HAWKINGE HEALTH CENTRE,"$5,471.67 ",KC000083219
Department of Health,NHS South Kent Coast CCG,11/30/2018,PRC DELEGATED CO-COMMISSIONING,DR RM STEWART T/A HAWKINGE HEALTH CENTRE,"$1,768.81 ",KC000083219
Department of Health,NHS South Kent Coast CCG,11/30/2018,LOCAL ENHANCED SERVICES,OAK HALL SURGERY,"$2,997.45 ",KC000083193
Department of Health,NHS South Kent Coast CCG,11/30/2018,PRC DELEGATED CO-COMMISSIONING,OAK HALL SURGERY,"$5,165.75 ",KC000083193
Department of Health,NHS South Kent Coast CCG,11/30/2018,PRC DELEGATED CO-COMMISSIONING,OAK HALL SURGERY,"$53,100.38 ",KC000083193
Department of Health,NHS South Kent Coast CCG,11/30/2018,PRC DELEGATED CO-COMMISSIONING,OAK HALL SURGERY,"$2,583.33 ",KC000083193
Department of Health,NHS South Kent Coast CCG,11/30/2018,PRC DELEGATED CO-COMMISSIONING,OAK HALL SURGERY,$464.60 ,KC000083193
Department of Health,NHS South Kent Coast CCG,11/30/2018,PRC DELEGATED CO-COMMISSIONING,OAKLANDS HEALTH CENTRE,"$3,607.07 ",KC000083195
Department of Health,NHS South Kent Coast CCG,11/30/2018,PRC DELEGATED CO-COMMISSIONING,OAKLANDS HEALTH CENTRE,"$92,759.39 ",KC000083195
Department of Health,NHS South Kent Coast CCG,11/30/2018,PRC DELEGATED CO-COMMISSIONING,OAKLANDS HEALTH CENTRE,$100.49 ,KC000083195
Department of Health,NHS South Kent Coast CCG,11/30/2018,LOCAL ENHANCED SERVICES,PENCESTER HEALTH,"$1,494.05 ",KC000083197
Department of Health,NHS South Kent Coast CCG,11/30/2018,PRC DELEGATED CO-COMMISSIONING,PENCESTER HEALTH,"$26,606.08 ",KC000083197
Department of Health,NHS South Kent Coast CCG,11/30/2018,PRC DELEGATED CO-COMMISSIONING,PENCESTER HEALTH,$549.43 ,KC000083197
Department of Health,NHS South Kent Coast CCG,11/30/2018,PRC DELEGATED CO-COMMISSIONING,PENCESTER HEALTH,$248.40 ,KC000083197
Department of Health,NHS South Kent Coast CCG,11/30/2018,LOCAL ENHANCED SERVICES,PETER STREET SURGERY,"$9,444.24 ",KC000083199
Department of Health,NHS South Kent Coast CCG,11/30/2018,PRC DELEGATED CO-COMMISSIONING,PETER STREET SURGERY,$801.58 ,KC000083199
Department of Health,NHS South Kent Coast CCG,11/30/2018,PRC DELEGATED CO-COMMISSIONING,PETER STREET SURGERY,"$50,986.61 ",KC000083199
Department of Health,NHS South Kent Coast CCG,11/30/2018,PRC DELEGATED CO-COMMISSIONING,PETER STREET SURGERY,"$1,952.36 ",KC000083199
Department of Health,NHS South Kent Coast CCG,11/30/2018,LOCAL ENHANCED SERVICES,SANDGATE ROAD SURGERY,"$9,621.60 ",KC000083201
Department of Health,NHS South Kent Coast CCG,11/30/2018,PRC DELEGATED CO-COMMISSIONING,SANDGATE ROAD SURGERY,"$1,959.39 ",KC000083201
Department of Health,NHS South Kent Coast CCG,11/30/2018,PRC DELEGATED CO-COMMISSIONING,SANDGATE ROAD SURGERY,"$112,858.80 ",KC000083201
Department of Health,NHS South Kent Coast CCG,11/30/2018,PRC DELEGATED CO-COMMISSIONING,SANDGATE ROAD SURGERY,"$5,596.17 ",KC000083201
Department of Health,NHS South Kent Coast CCG,11/30/2018,PRC DELEGATED CO-COMMISSIONING,SANDGATE ROAD SURGERY,"$1,828.50 ",KC000083201
Department of Health,NHS South Kent Coast CCG,11/30/2018,LOCAL ENHANCED SERVICES,ST JAMES SURGERY DOVER,"$13,097.30 ",KC000083207
Department of Health,NHS South Kent Coast CCG,11/30/2018,PRC DELEGATED CO-COMMISSIONING,ST JAMES SURGERY DOVER,$623.46 ,KC000083207
Department of Health,NHS South Kent Coast CCG,11/30/2018,PRC DELEGATED CO-COMMISSIONING,ST JAMES SURGERY DOVER,"$61,741.98 ",KC000083207
Department of Health,NHS South Kent Coast CCG,11/30/2018,PRC DELEGATED CO-COMMISSIONING,ST JAMES SURGERY DOVER,"$5,391.67 ",KC000083207
Department of Health,NHS South Kent Coast CCG,11/30/2018,PRC DELEGATED CO-COMMISSIONING,ST JAMES SURGERY DOVER,"$2,827.95 ",KC000083207
Department of Health,NHS South Kent Coast CCG,11/30/2018,LOCAL ENHANCED SERVICES,ST RICHARDS RD SURGERY,"$7,411.11 ",KC000083209
Department of Health,NHS South Kent Coast CCG,11/30/2018,PRC DELEGATED CO-COMMISSIONING,ST RICHARDS RD SURGERY,"$4,319.53 ",KC000083209
Department of Health,NHS South Kent Coast CCG,11/30/2018,PRC DELEGATED CO-COMMISSIONING,ST RICHARDS RD SURGERY,"$79,012.83 ",KC000083209
Department of Health,NHS South Kent Coast CCG,11/30/2018,PRC DELEGATED CO-COMMISSIONING,ST RICHARDS RD SURGERY,"$1,437.42 ",KC000083209
Department of Health,NHS South Kent Coast CCG,11/30/2018,LOCAL ENHANCED SERVICES,CEDARS SURGERY,"$12,421.58 ",KC000083213
Department of Health,NHS South Kent Coast CCG,11/30/2018,PRC DELEGATED CO-COMMISSIONING,CEDARS SURGERY,"$1,113.25 ",KC000083213
Department of Health,NHS South Kent Coast CCG,11/30/2018,PRC DELEGATED CO-COMMISSIONING,CEDARS SURGERY,"$86,053.69 ",KC000083213
Department of Health,NHS South Kent Coast CCG,11/30/2018,PRC DELEGATED CO-COMMISSIONING,CEDARS SURGERY,"$2,068.87 ",KC000083213
Department of Health,NHS South Kent Coast CCG,11/30/2018,LOCAL ENHANCED SERVICES,PARK FARM SURGERY,"$1,315.57 ",KC000083215
Department of Health,NHS South Kent Coast CCG,11/30/2018,PRC DELEGATED CO-COMMISSIONING,PARK FARM SURGERY,"$22,196.24 ",KC000083215
Department of Health,NHS South Kent Coast CCG,11/30/2018,PRC DELEGATED CO-COMMISSIONING,PARK FARM SURGERY,"$1,241.67 ",KC000083215
Department of Health,NHS South Kent Coast CCG,11/30/2018,PRC DELEGATED CO-COMMISSIONING,PARK FARM SURGERY,$262.20 ,KC000083215
Department of Health,NHS South Kent Coast CCG,11/30/2018,PRC DELEGATED CO-COMMISSIONING,WHITE CLIFFS MEDICAL CENTRE,"$64,814.00 ",KC000083217
Department of Health,NHS South Kent Coast CCG,11/30/2018,PRC DELEGATED CO-COMMISSIONING,WHITE CLIFFS MEDICAL CENTRE,"$10,982.58 ",KC000083217
Department of Health,NHS South Kent Coast CCG,11/30/2018,LOCAL ENHANCED SERVICES,FOLKESTONE CANTERBURY ROAD SURGERY,"$2,609.24 ",KC000083221
Department of Health,NHS South Kent Coast CCG,11/30/2018,PRC DELEGATED CO-COMMISSIONING,FOLKESTONE CANTERBURY ROAD SURGERY,$133.59 ,KC000083221
Department of Health,NHS South Kent Coast CCG,11/30/2018,PRC DELEGATED CO-COMMISSIONING,FOLKESTONE CANTERBURY ROAD SURGERY,"$82,961.39 ",KC000083221
Department of Health,NHS South Kent Coast CCG,11/30/2018,PRC DELEGATED CO-COMMISSIONING,FOLKESTONE CANTERBURY ROAD SURGERY,"$5,333.33 ",KC000083221
Department of Health,NHS South Kent Coast CCG,11/30/2018,PRC DELEGATED CO-COMMISSIONING,FOLKESTONE CANTERBURY ROAD SURGERY,$640.51 ,KC000083221
Department of Health,NHS South Kent Coast CCG,11/30/2018,PRC DELEGATED CO-COMMISSIONING,FOLKESTONE CANTERBURY ROAD SURGERY,$225.40 ,KC000083221
Department of Health,NHS South Kent Coast CCG,11/30/2018,LOCAL ENHANCED SERVICES,PENCESTER SURGERY,"$6,496.20 ",KC000083223
Department of Health,NHS South Kent Coast CCG,11/30/2018,PRC DELEGATED CO-COMMISSIONING,PENCESTER SURGERY,$668.00 ,KC000083223
Department of Health,NHS South Kent Coast CCG,11/30/2018,PRC DELEGATED CO-COMMISSIONING,PENCESTER SURGERY,"$72,658.23 ",KC000083223
Department of Health,NHS South Kent Coast CCG,11/30/2018,PRC DELEGATED CO-COMMISSIONING,PENCESTER SURGERY,"$5,208.33 ",KC000083223
Department of Health,NHS South Kent Coast CCG,11/30/2018,PRC DELEGATED CO-COMMISSIONING,PENCESTER SURGERY,"$1,160.67 ",KC000083223
Department of Health,NHS South Kent Coast CCG,11/30/2018,LOCAL ENHANCED SERVICES,PREMIER PRIMARYCARE LTD,"$2,373.73 ",KC000083225
Department of Health,NHS South Kent Coast CCG,11/30/2018,PRC DELEGATED CO-COMMISSIONING,PREMIER PRIMARYCARE LTD,"$63,932.77 ",KC000083225
Department of Health,NHS South Kent Coast CCG,11/30/2018,PRC DELEGATED CO-COMMISSIONING,PREMIER PRIMARYCARE LTD,"$2,644.25 ",KC000083225
Department of Health,NHS South Kent Coast CCG,11/30/2018,PRC DELEGATED CO-COMMISSIONING,PREMIER PRIMARYCARE LTD,$549.70 ,KC000083225
Department of Health,NHS South Kent Coast CCG,11/30/2018,PRC DELEGATED CO-COMMISSIONING,AYLESHAM MEDICAL PRACTICE,$489.84 ,KC000083227
Department of Health,NHS South Kent Coast CCG,11/30/2018,PRC DELEGATED CO-COMMISSIONING,AYLESHAM MEDICAL PRACTICE,"$57,014.02 ",KC000083227
Department of Health,NHS South Kent Coast CCG,11/30/2018,PRC DELEGATED CO-COMMISSIONING,AYLESHAM MEDICAL PRACTICE,$958.33 ,KC000083227
Department of Health,NHS South Kent Coast CCG,11/30/2018,PRC DELEGATED CO-COMMISSIONING,BUCKLAND MEDICAL CENTRE,$757.05 ,KC000083231
Department of Health,NHS South Kent Coast CCG,11/30/2018,PRC DELEGATED CO-COMMISSIONING,BUCKLAND MEDICAL CENTRE,"$33,321.91 ",KC000083231
Department of Health,NHS South Kent Coast CCG,11/30/2018,PRC DELEGATED CO-COMMISSIONING,BUCKLAND MEDICAL CENTRE,"$2,292.09 ",KC000083231
Department of Health,NHS South Kent Coast CCG,11/30/2018,PRC DELEGATED CO-COMMISSIONING,BUCKLAND MEDICAL CENTRE,$248.86 ,KC000083231
Department of Health,NHS South Kent Coast CCG,11/30/2018,LOCAL ENHANCED SERVICES,WHITE HOUSE SURGERY (THE),"$6,455.18 ",KC000083237
Department of Health,NHS South Kent Coast CCG,11/30/2018,PRC DELEGATED CO-COMMISSIONING,WHITE HOUSE SURGERY (THE),$979.69 ,KC000083237
Department of Health,NHS South Kent Coast CCG,11/30/2018,PRC DELEGATED CO-COMMISSIONING,WHITE HOUSE SURGERY (THE),"$74,958.13 ",KC000083237
Department of Health,NHS South Kent Coast CCG,11/30/2018,PRC DELEGATED CO-COMMISSIONING,WHITE HOUSE SURGERY (THE),"$3,583.33 ",KC000083237
Department of Health,NHS South Kent Coast CCG,11/30/2018,PRC DELEGATED CO-COMMISSIONING,WHITE HOUSE SURGERY (THE),"$1,449.28 ",KC000083237
Department of Health,NHS South Kent Coast CCG,11/30/2018,PRC DELEGATED CO-COMMISSIONING,INVICTA HEALTH CIC,"$57,562.41 ",KC000083233
Department of Health,NHS South Kent Coast CCG,11/30/2018,PRC DELEGATED CO-COMMISSIONING,INVICTA HEALTH CIC,"$5,492.50 ",KC000083233
Department of Health,NHS South Kent Coast CCG,11/30/2018,LOCAL ENHANCED SERVICES,DR SELINA SWANN,"$4,047.38 ",KC000083235
Department of Health,NHS South Kent Coast CCG,11/30/2018,PRC DELEGATED CO-COMMISSIONING,DR SELINA SWANN,"$36,553.91 ",KC000083235
Department of Health,NHS South Kent Coast CCG,11/30/2018,PRC DELEGATED CO-COMMISSIONING,DR SELINA SWANN,"$3,685.42 ",KC000083235
Department of Health,NHS South Kent Coast CCG,11/30/2018,PRC DELEGATED CO-COMMISSIONING,DR SELINA SWANN,$897.00 ,KC000083235
Department of Health,NHS South Kent Coast CCG,11/30/2018,PRC DELEGATED CO-COMMISSIONING,DR SELINA SWANN,"$1,674.00 ",KC000083235
Department of Health,NHS South Kent Coast CCG,11/30/2018,PRC DELEGATED CO-COMMISSIONING,DR SELINA SWANN,"$2,588.40 ",KC000083235
Department of Health,NHS South Kent Coast CCG,11/30/2018,PRC DELEGATED CO-COMMISSIONING,HIGH STREET SURGERY,"$2,404.73 ",KC000083189
Department of Health,NHS South Kent Coast CCG,11/30/2018,PRC DELEGATED CO-COMMISSIONING,HIGH STREET SURGERY,"$64,682.65 ",KC000083189
Department of Health,NHS South Kent Coast CCG,11/30/2018,PRC DELEGATED CO-COMMISSIONING,HIGH STREET SURGERY,$666.67 ,KC000083189
Department of Health,NHS South Kent Coast CCG,11/30/2018,PRC DELEGATED CO-COMMISSIONING,HIGH STREET SURGERY,"$2,592.00 ",KC000083189
Department of Health,NHS South Kent Coast CCG,11/30/2018,PRC DELEGATED CO-COMMISSIONING,HIGH STREET SURGERY,$260.94 ,KC000083189
Department of Health,NHS South Kent Coast CCG,11/30/2018,PRC DELEGATED CO-COMMISSIONING,HIGH STREET SURGERY,$118.90 ,KC000083189
Department of Health,NHS South Kent Coast CCG,11/30/2018,PRC DELEGATED CO-COMMISSIONING,HIGH STREET SURGERY,$169.70 ,KC000083189
Department of Health,NHS South Kent Coast CCG,11/30/2018,PRC DELEGATED CO-COMMISSIONING,NEW LYMINGE SURGERY,$140.00 ,KC000083191
Department of Health,NHS South Kent Coast CCG,11/30/2018,PRC DELEGATED CO-COMMISSIONING,NEW LYMINGE SURGERY,"$33,716.56 ",KC000083191
Department of Health,NHS South Kent Coast CCG,11/30/2018,PRC DELEGATED CO-COMMISSIONING,NEW LYMINGE SURGERY,$117.43 ,KC000083191
Department of Health,NHS South Kent Coast CCG,11/30/2018,PRC DELEGATED CO-COMMISSIONING,NEW LYMINGE SURGERY,"$1,037.47 ",KC000083191
Department of Health,NHS South Kent Coast CCG,11/30/2018,PRC DELEGATED CO-COMMISSIONING,NEW LYMINGE SURGERY,"$3,250.00 ",KC000083191
Department of Health,NHS South Kent Coast CCG,11/30/2018,LOCAL ENHANCED SERVICES,SUN LANE SURGERY,$271.74 ,KC000083205
Department of Health,NHS South Kent Coast CCG,11/30/2018,PRC DELEGATED CO-COMMISSIONING,SUN LANE SURGERY,"$4,319.53 ",KC000083205
Department of Health,NHS South Kent Coast CCG,11/30/2018,PRC DELEGATED CO-COMMISSIONING,SUN LANE SURGERY,"$43,777.12 ",KC000083205
Department of Health,NHS South Kent Coast CCG,11/30/2018,PRC DELEGATED CO-COMMISSIONING,SUN LANE SURGERY,"$2,600.00 ",KC000083205
Department of Health,NHS South Kent Coast CCG,11/30/2018,PRC DELEGATED CO-COMMISSIONING,SUN LANE SURGERY,"$2,313.67 ",KC000083205
Department of Health,NHS South Kent Coast CCG,11/30/2018,PRC DELEGATED CO-COMMISSIONING,SUN LANE SURGERY,$39.10 ,KC000083205
Department of Health,NHS South Kent Coast CCG,11/30/2018,LOCAL ENHANCED SERVICES,BALMORAL SURGERY,"$3,514.32 ",KC000083211
Department of Health,NHS South Kent Coast CCG,11/30/2018,PRC DELEGATED CO-COMMISSIONING,BALMORAL SURGERY,"$98,105.21 ",KC000083211
Department of Health,NHS South Kent Coast CCG,11/30/2018,PRC DELEGATED CO-COMMISSIONING,BALMORAL SURGERY,"$4,868.20 ",KC000083211
Department of Health,NHS South Kent Coast CCG,11/30/2018,PRC DELEGATED CO-COMMISSIONING,BALMORAL SURGERY,$347.30 ,KC000083211
Department of Health,NHS South Kent Coast CCG,11/30/2018,PRC DELEGATED CO-COMMISSIONING,LYDDEN SURGERY,"$5,090.34 ",KC000083229
Department of Health,NHS South Kent Coast CCG,11/30/2018,PRC DELEGATED CO-COMMISSIONING,LYDDEN SURGERY,"$39,004.30 ",KC000083229
Department of Health,NHS South Kent Coast CCG,11/30/2018,PRC DELEGATED CO-COMMISSIONING,LYDDEN SURGERY,$541.43 ,KC000083229
Department of Health,NHS South Kent Coast CCG,11/30/2018,COMMISSIONING,NHS NEL CSU,"$53,897.69 ",7312807581
Department of Health,NHS South Kent Coast CCG,11/30/2018,IM&T,NHS NEL CSU,"$53,897.69 ",7312807581
Department of Health,NHS South Kent Coast CCG,11/30/2018,PLANNED CARE,ROMNEY MARSH PHYSIOTHERAPY CENTRE,"$26,600.00 ",199
Department of Health,NHS South Kent Coast CCG,11/30/2018,PLANNED CARE,STEPHEN COMFORT,"$30,240.00 ",215
Department of Health,NHS South Kent Coast CCG,11/30/2018,PLANNED CARE,NEW HAYESBANK SURGERY,"$61,734.25 ",25023
Department of Health,NHS South Kent Coast CCG,11/30/2018,PLANNED CARE,PHYSIOLOGIC HYTHE T/A PHYSIOLOGIC PAIN RELIEF SOLUTIONS LTD,"$27,650.00 ",101802
Department of Health,NHS South Kent Coast CCG,11/30/2018,PLANNED CARE,SOUTHEAST ULTRASOUND LTD,"$30,385.14 ",0000241
Department of Health,NHS South Kent Coast CCG,11/30/2018,STRATEGY & DEVELOPMENT,ERNST & YOUNG LLP,"$156,822.50 ",GB10300033640
Department of Health,NHS South Kent Coast CCG,11/30/2018,LOCAL ENHANCED SERVICES,NEW LYMINGE SURGERY,"$48,734.62 ",KC000083463
Department of Health,NHS South Kent Coast CCG,11/30/2018,PRC DELEGATED CO-COMMISSIONING,NEW LYMINGE SURGERY,"$5,487.94 ",KC000083463
Department of Health,NHS South Kent Coast CCG,11/30/2018,LOCAL ENHANCED SERVICES,NEW LYMINGE SURGERY,$968.00 ,KC000083463
Department of Health,NHS South Kent Coast CCG,11/30/2018,LOCAL ENHANCED SERVICES,WHITE CLIFFS MEDICAL CENTRE,"$40,492.38 ",KC000083467
Department of Health,NHS South Kent Coast CCG,11/30/2018,PRC DELEGATED CO-COMMISSIONING,WHITE CLIFFS MEDICAL CENTRE,"$5,967.10 ",KC000083467
Department of Health,NHS South Kent Coast CCG,11/30/2018,LOCAL ENHANCED SERVICES,WHITE CLIFFS MEDICAL CENTRE,$264.00 ,KC000083467
Department of Health,NHS South Kent Coast CCG,11/30/2018,LOCAL ENHANCED SERVICES,LYDDEN SURGERY,"$51,844.33 ",KC000083469
Department of Health,NHS South Kent Coast CCG,11/30/2018,PRC DELEGATED CO-COMMISSIONING,LYDDEN SURGERY,"$6,869.72 ",KC000083469
Department of Health,NHS South Kent Coast CCG,11/30/2018,LOCAL ENHANCED SERVICES,LYDDEN SURGERY,"$1,232.00 ",KC000083469
Department of Health,NHS South Kent Coast CCG,11/30/2018,LOCAL ENHANCED SERVICES,BUCKLAND MEDICAL CENTRE,"($30,024.74)",KC000083470
Department of Health,NHS South Kent Coast CCG,11/30/2018,PRC DELEGATED CO-COMMISSIONING,BUCKLAND MEDICAL CENTRE,($959.20),KC000083470
Department of Health,NHS South Kent Coast CCG,11/30/2018,LOCAL ENHANCED SERVICES,BUCKLAND MEDICAL CENTRE,"$58,931.78 ",KC000083471
Department of Health,NHS South Kent Coast CCG,11/30/2018,PRC DELEGATED CO-COMMISSIONING,BUCKLAND MEDICAL CENTRE,"$9,553.62 ",KC000083471
Department of Health,NHS South Kent Coast CCG,11/30/2018,LOCAL ENHANCED SERVICES,BUCKLAND MEDICAL CENTRE,$959.20 ,KC000083471
Department of Health,NHS South Kent Coast CCG,11/30/2018,PATIENT TRANSPORT,G4S HEALTH SERVICES UK LTD,"$50,725.70 ",90287632
Department of Health,NHS South Kent Coast CCG,11/30/2018,PATIENT TRANSPORT,G4S HEALTH SERVICES UK LTD,"$50,725.70 ",90287631
Department of Health,NHS South Kent Coast CCG,11/30/2018,PATIENT TRANSPORT,G4S HEALTH SERVICES UK LTD,"$50,725.70 ",90287630
Department of Health,NHS South Kent Coast CCG,11/30/2018,HIGH COST DRUGS,NEW HAYESBANK SURGERY,"$46,006.56 ",24917
Department of Health,NHS South Kent Coast CCG,11/30/2018,REABLEMENT,KENT COUNTY COUNCIL (EXCH SEC MAIDSTONE),"$1,142,226.00 ",BCFSKCNOV18
Department of Health,NHS South Kent Coast CCG,11/30/2018,EDUCATION AND TRAINING,KENT COUNTY COUNCIL (EXCH SEC MAIDSTONE),"$106,706.00 ",900064565
Department of Health,NHS South Kent Coast CCG,11/30/2018,LOCAL ENHANCED SERVICES,PAYDENS LTD,"$27,145.00 ",121018
Department of Health,NHS South Kent Coast CCG,11/30/2018,PRIMARY CARE DEVELOPMENT,AGE CONCERN DEAL CENTRE FOR THE RETIRED LTD,"$67,000.00 ",3717
Department of Health,NHS South Kent Coast CCG,11/30/2018,PLANNED CARE,ONE ASHFORD HEALTHCARE LTD,"$137,171.88 ",2321
Department of Health,NHS South Kent Coast CCG,11/30/2018,PLANNED CARE,ONE ASHFORD HEALTHCARE LTD,"$123,666.00 ",2319
Department of Health,NHS South Kent Coast CCG,11/30/2018,PLANNED CARE,ONE ASHFORD HEALTHCARE LTD,"$157,180.07 ",2323
Department of Health,NHS South Kent Coast CCG,11/30/2018,STRATEGY & DEVELOPMENT,KENT COUNTY COUNCIL (EXCH SEC MAIDSTONE),"$53,847.00 ",900073034
Department of Health,NHS South Kent Coast CCG,11/30/2018,ACUTE COMMISSIONING,EAST KENT HOSPITALS UNIVERSITY NHS FOUNDATION TRUST,"$9,744,357.15 ",900463
Department of Health,NHS South Kent Coast CCG,11/30/2018,PLANNED CARE,ONE ASHFORD HEALTHCARE LTD,"$71,785.00 ",2317021118
Department of Health,NHS South Kent Coast CCG,11/30/2018,COMMUNITY SERVICES,MARIE STOPES INTERNATIONAL,"$25,252.60 ",MS182171
Department of Health,NHS South Kent Coast CCG,11/30/2018,REABLEMENT,KENT COUNTY COUNCIL (EXCH SEC MAIDSTONE),"$1,142,226.00 ",BCFSKCDEC18
Department of Health,NHS South Kent Coast CCG,11/30/2018,WHEELCHAIR SERVICE,MILLBROOK HEALTHCARE LTD,"$52,992.50 ",20169
Department of Health,NHS South Kent Coast CCG,11/30/2018,COMMUNITY SERVICES,NOTTINGHAM REHAB LTD,"$101,121.68 ",1800106458
Department of Health,NHS South Kent Coast CCG,11/30/2018,CHC ADULT FULLY FUNDED,KENT COUNTY COUNCIL (EXCH SEC MAIDSTONE),"$33,513.48 ",900077376
Department of Health,NHS South Kent Coast CCG,11/30/2018,PRIMARY CARE IT,IPLATO HEALTHCARE LTD,"$40,020.00 ",10161
