Department family,Entity,Date,Expense Type,Expense area,Supplier,Transaction number, AP Amount (�) ,VAT registration number,Purchase invoice number
Department of Health,NHS Chorley And South Ribble CCG,31/05/2018,Clinical&Medical-Independent Sector,ACUTE COMMISSIONING,EUXTON HALL HOSPITAL,22020059,"930,884.45",,123KMMAY18CHO
Department of Health,NHS Chorley And South Ribble CCG,31/05/2018,Clinical&Medical-Independent Sector,ACUTE COMMISSIONING,EUXTON HALL HOSPITAL,22034294,"-37,152.00",,131KMAUDITCHOR
Department of Health,NHS Chorley And South Ribble CCG,31/05/2018,Clinical&Medical-Independent Sector,ACUTE COMMISSIONING,EUXTON HALL HOSPITAL,22181049,"-25,440.49",,130KMJANCHOR
Department of Health,NHS Chorley And South Ribble CCG,31/05/2018,Hcare Srv Rec NHS Trust,ACUTE COMMISSIONING,SOUTHPORT AND ORMSKIRK HOSPITAL NHS TRUST,22034307,"114,194.00",,7526338
Department of Health,NHS Chorley And South Ribble CCG,31/05/2018,Hlthcre-Foundation Trsts,ACUTE COMMISSIONING,ROYAL BOLTON HOSPITAL NHS FOUNDATION TRUST,22160808,"52,030.34",,1048638
Department of Health,NHS Chorley And South Ribble CCG,31/05/2018,Hlthcre-Foundation Trsts,ACUTE COMMISSIONING,SALFORD ROYAL HOSPITALS NHS FOUNDATION TRUST,22159712,"54,803.00",,S0015958
Department of Health,NHS Chorley And South Ribble CCG,31/05/2018,Hlthcre-Foundation Trsts,ACUTE COMMISSIONING,WRIGHTINGTON WIGAN & LEIGH NHS FOUNDATION TRUST,22056890,"512,305.00",GB654951509,55577043
Department of Health,NHS Chorley And South Ribble CCG,31/05/2018,Hcare Srv Rec NHS Trust,AMBULANCE SERVICES,NORTH WEST AMBULANCE SERVICE NHS TRUST,22159678,"412,631.00",654435138,4110038145
Department of Health,NHS Chorley And South Ribble CCG,31/05/2018,Hlthcre-Foundation Trsts,ACUTE COMMISSIONING,BLACKPOOL TEACHING HOSPITALS NHS FOUNDATION TRUST,22403614,"155,358.00",GB654430839,1110038268
Department of Health,NHS Chorley And South Ribble CCG,31/05/2018,Hlthcre-Foundation Trsts,ACUTE COMMISSIONING,EAST LANCASHIRE HOSPITALS NHS TRUST,22403511,"128,857.75",,E0091380
Department of Health,NHS Chorley And South Ribble CCG,31/05/2018,Hlthcre-Foundation Trsts,COMMUNITY SERVICES,LANCASHIRE CARE NHS FOUNDATION TRUST,22403478,"1,245,673.00",654923319,I0058669
Department of Health,NHS Chorley And South Ribble CCG,31/05/2018,Hlthcre-Foundation Trsts,MENTAL HEALTH CONTRACTS,LANCASHIRE CARE NHS FOUNDATION TRUST,22403501,"1,512,861.00",654923319,I0058682
Department of Health,NHS Chorley And South Ribble CCG,31/05/2018,Hlthcre-Foundation Trsts,ACUTE COMMISSIONING,LANCASHIRE TEACHING HOSPITALS NHS FOUNDATION TRUST,22408503,"7,927,938.00",,15313971
Department of Health,NHS Chorley And South Ribble CCG,31/05/2018,Cont Care- Retrospective Claims,CHC ADULT FULLY FUNDED,DETAILS WITHELD FOR PATIENT CONFIDENTIALITY PURPOSES,22438956,"76,386.40",,JW1
Department of Health,NHS Chorley And South Ribble CCG,31/05/2018,Charges from CSU,COMMISSIONING - NON ACUTE,NHS MIDLANDS AND LANCASHIRE CSU,22159764,"67,391.83",GB 654442045,7312310254
Department of Health,NHS Chorley And South Ribble CCG,31/05/2018,Clinical&Medical-Commercial Sector,COMMUNITY SERVICES,ABOUT HEALTH LTD,22025043,"358,213.44",940 7222 41,746
Department of Health,NHS Chorley And South Ribble CCG,31/05/2018,Clinical&Medical-Commercial Sector,COMMUNITY SERVICES,BEACON MEDICAL SERVICES GROUP,22034297,"33,944.00",,2018BMSGPENT26
Department of Health,NHS Chorley And South Ribble CCG,31/05/2018,Clinical&Medical-Commercial Sector,COMMUNITY SERVICES,CARE UK CLINICAL SERVICES LTD,22303852,"55,193.36",,100068736
Department of Health,NHS Chorley And South Ribble CCG,31/05/2018,Clinical&Medical-Commercial Sector,COMMUNITY SERVICES,CHORLEY MEDICS LTD,22160871,"42,000.00",,292
Department of Health,NHS Chorley And South Ribble CCG,31/05/2018,Clinical&Medical-Commercial Sector,COMMUNITY SERVICES,COMMUNITY HEALTH & EYECARE LTD,22403560,"35,120.46",,352
Department of Health,NHS Chorley And South Ribble CCG,31/05/2018,Clinical&Medical-Commercial Sector,COMMUNITY SERVICES,SPIRAL HEALTH CIC,21992513,"52,460.03",,INV947
Department of Health,NHS Chorley And South Ribble CCG,31/05/2018,Clinical&Medical-Commercial Sector,COMMUNITY SERVICES,SPIRAL HEALTH CIC,22303885,"52,460.03",,INV1060
Department of Health,NHS Chorley And South Ribble CCG,31/05/2018,Clinical&Medical-Commercial Sector,COMMUNITY SERVICES,VIRGIN CARE SERVICES LTD,22159726,"262,177.00",GB918510332,10300920985
Department of Health,NHS Chorley And South Ribble CCG,31/05/2018,Clinical&Medical-Commercial Sector,COMMUNITY SERVICES,VIRGIN CARE SERVICES LTD,22159729,"-210,864.00",GB918510332,10300918985
Department of Health,NHS Chorley And South Ribble CCG,31/05/2018,Clinical&Medical-Independent Sector,COMMUNITY SERVICES,MEDEQUIP ASSISTIVE TECHNOLOGY LTD,22160887,"114,272.74",218788662,41970
Department of Health,NHS Chorley And South Ribble CCG,31/05/2018,Hlthcre-Foundation Trsts,COMMUNITY SERVICES,LANCASHIRE CARE NHS FOUNDATION TRUST,22056824,"49,872.00",654923319,I0057897
Department of Health,NHS Chorley And South Ribble CCG,31/05/2018,Hlthcre-Foundation Trsts,COMMUNITY SERVICES,LANCASHIRE CARE NHS FOUNDATION TRUST,22438976,"64,503.00",654923319,I0058866
Department of Health,NHS Chorley And South Ribble CCG,31/05/2018,Charges from CSU,CONTINUING HEALTHCARE ASSESSMENT & SUPPORT,NHS MIDLANDS AND LANCASHIRE CSU,22159764,"40,966.00",GB 654442045,7312310254
Department of Health,NHS Chorley And South Ribble CCG,31/05/2018,Charges from CSU,FINANCE,NHS MIDLANDS AND LANCASHIRE CSU,22159764,"47,409.00",GB 654442045,7312310254
Department of Health,NHS Chorley And South Ribble CCG,31/05/2018,Programme Support Costs,FINANCE,NHS MIDLANDS AND LANCASHIRE CSU,22403387,"32,390.00",GB 654442045,7312309799
Department of Health,NHS Chorley And South Ribble CCG,31/05/2018,Clinical&Medical-Voluntary Sector,MENTAL HEALTH CONTRACTS,CENTRAL LANCASHIRE AGE CONCERN LTD,22159695,"112,315.00",,2437
Department of Health,NHS Chorley And South Ribble CCG,31/05/2018,Clinical&Medical-Othe Public Sector,MENTAL HEALTH SERVICES - NOT CONTRACTED ACTIVITY,LANCASHIRE COUNTY COUNCIL,22159668,"77,354.88",,5200163118
Department of Health,NHS Chorley And South Ribble CCG,31/05/2018,Clinical&Medical-Othe Public Sector,MENTAL HEALTH SERVICES - NOT CONTRACTED ACTIVITY,LANCASHIRE COUNTY COUNCIL,22438945,"25,936.04",,5100553509
Department of Health,NHS Chorley And South Ribble CCG,31/05/2018,Hcare Srv Rec NHS Trust,NHS 111,NORTH WEST AMBULANCE SERVICE NHS TRUST,22159683,"44,765.00",654435138,4110038122
Department of Health,NHS Chorley And South Ribble CCG,31/05/2018,Clinical&Medical-Othe Public Sector,NON RECURRENT PROGRAMMES,LANCASHIRE COUNTY COUNCIL,22191039,"1,003,875.54",,5200163566
Department of Health,NHS Chorley And South Ribble CCG,31/05/2018,Clinical&Medical-Othe Public Sector,NON RECURRENT PROGRAMMES,LANCASHIRE COUNTY COUNCIL,22408502,"1,003,875.54",,5200164694
Department of Health,NHS Chorley And South Ribble CCG,31/05/2018,Hcare Srv Rec Fdtn Trust-Non Contract,NON RECURRENT PROGRAMMES,LANCASHIRE TEACHING HOSPITALS NHS FOUNDATION TRUST,22438853,"54,000.00",,15310314
Department of Health,NHS Chorley And South Ribble CCG,31/05/2018,Clinical&Medical-Serv Recd-F Trsts,NON RECURRENT RESERVE,BLACKPOOL TEACHING HOSPITALS NHS FOUNDATION TRUST,22450051,"25,000.00",GB654430839,1110038282
Department of Health,NHS Chorley And South Ribble CCG,31/05/2018,Clinical&Medical-Serv Recd-F Trsts,NON RECURRENT RESERVE,LANCASHIRE TEACHING HOSPITALS NHS FOUNDATION TRUST,22449963,"97,500.00",,15306369
Department of Health,NHS Chorley And South Ribble CCG,31/05/2018,Clinical&Medical-Serv Recd-F Trsts,NON RECURRENT RESERVE,LANCASHIRE TEACHING HOSPITALS NHS FOUNDATION TRUST,22449991,"25,000.00",,15311662
Department of Health,NHS Chorley And South Ribble CCG,31/05/2018,Clinical&Medical-Serv Recd-F Trsts,NON RECURRENT RESERVE,UNIVERSITY HOSPITALS OF MORECAMBE BAY NHS FOUNDATION TRUST,22450003,"25,000.00",,1000004602
Department of Health,NHS Chorley And South Ribble CCG,31/05/2018,Hlthcre-Foundation Trsts,NON RECURRENT RESERVE,ROYAL BOLTON HOSPITAL NHS FOUNDATION TRUST,22180950,"88,393.00",,1046909
Department of Health,NHS Chorley And South Ribble CCG,31/05/2018,Programme Support Costs,NON RECURRENT RESERVE,EAST LANCASHIRE HOSPITALS NHS TRUST,22403396,"50,000.00",,E0090494
Department of Health,NHS Chorley And South Ribble CCG,31/05/2018,Seconded-Basic Sal-Staff fm oth org,NON RECURRENT RESERVE,CLATTERBRIDGE CANCER CENTRE NHS FT,22450013,"31,842.00",654916412,9010008864
Department of Health,NHS Chorley And South Ribble CCG,31/05/2018,Hcare Srv Rec NHS Trust,PATIENT TRANSPORT,NORTH WEST AMBULANCE SERVICE NHS TRUST,22159687,"104,269.00",654435138,4110038196
Department of Health,NHS Chorley And South Ribble CCG,31/05/2018,C&M-APMS Contract Value,PRC DELEGATED CO-COMMISSIONING,DR NJ MUTTUCHUMARU,22376861,"61,624.01",,LA000041890
Department of Health,NHS Chorley And South Ribble CCG,31/05/2018,C&M-GMS Global Sum,PRC DELEGATED CO-COMMISSIONING,ACRESWOOD SURGERY,22376808,"60,614.79",,LA000041836
Department of Health,NHS Chorley And South Ribble CCG,31/05/2018,C&M-GMS Global Sum,PRC DELEGATED CO-COMMISSIONING,CENTRAL PARK SURGERY,22376812,"31,060.35",,LA000041840
Department of Health,NHS Chorley And South Ribble CCG,31/05/2018,C&M-GMS Global Sum,PRC DELEGATED CO-COMMISSIONING,CROSTON MEDICAL CENTRE,22376813,"27,884.21",,LA000041842
Department of Health,NHS Chorley And South Ribble CCG,31/05/2018,C&M-GMS Global Sum,PRC DELEGATED CO-COMMISSIONING,CROSTON VILLAGE SURGERY,22376815,"56,578.23",,LA000041844
Department of Health,NHS Chorley And South Ribble CCG,31/05/2018,C&M-GMS Global Sum,PRC DELEGATED CO-COMMISSIONING,DR P A C BAMFORD & PARTNERS,22376819,"63,614.06",,LA000041848
Department of Health,NHS Chorley And South Ribble CCG,31/05/2018,C&M-GMS Global Sum,PRC DELEGATED CO-COMMISSIONING,DR R B BAGHDJIAN & PARTNER,22376821,"37,308.89",,LA000041850
Department of Health,NHS Chorley And South Ribble CCG,31/05/2018,C&M-GMS Global Sum,PRC DELEGATED CO-COMMISSIONING,EUXTON MEDICAL CENTRE,22376825,"29,612.32",,LA000041854
Department of Health,NHS Chorley And South Ribble CCG,31/05/2018,C&M-GMS Global Sum,PRC DELEGATED CO-COMMISSIONING,GRANVILLE HOUSE MEDICAL CENTRE,22376829,"65,772.92",,LA000041858
Department of Health,NHS Chorley And South Ribble CCG,31/05/2018,C&M-GMS Global Sum,PRC DELEGATED CO-COMMISSIONING,KINGSFOLD MEDICAL CENTRE,22376831,"28,864.09",,LA000041860
Department of Health,NHS Chorley And South Ribble CCG,31/05/2018,C&M-GMS Global Sum,PRC DELEGATED CO-COMMISSIONING,LIBRARY HOUSE SURGERY,22376833,"117,408.37",,LA000041862
Department of Health,NHS Chorley And South Ribble CCG,31/05/2018,C&M-GMS Global Sum,PRC DELEGATED CO-COMMISSIONING,MOSS SIDE MEDICAL CENTRE,22376835,"30,587.49",,LA000041864
Department of Health,NHS Chorley And South Ribble CCG,31/05/2018,C&M-GMS Global Sum,PRC DELEGATED CO-COMMISSIONING,REGENT HOUSE SURGERY,22376839,"58,504.91",,LA000041868
Department of Health,NHS Chorley And South Ribble CCG,31/05/2018,C&M-GMS Global Sum,PRC DELEGATED CO-COMMISSIONING,ROSLEA SURGERY,22376841,"61,938.26",,LA000041870
Department of Health,NHS Chorley And South Ribble CCG,31/05/2018,C&M-GMS Global Sum,PRC DELEGATED CO-COMMISSIONING,RYAN MEDICAL CENTRE,22376845,"74,762.08",,LA000041874
Department of Health,NHS Chorley And South Ribble CCG,31/05/2018,C&M-GMS Global Sum,PRC DELEGATED CO-COMMISSIONING,SURGERY CHORLEY (THE),22375988,"26,447.87",,LA000041892
Department of Health,NHS Chorley And South Ribble CCG,31/05/2018,C&M-GMS Global Sum,PRC DELEGATED CO-COMMISSIONING,WHITTLE SURGERY,22376853,"66,395.16",,LA000041882
Department of Health,NHS Chorley And South Ribble CCG,31/05/2018,C&M-GMS Global Sum,PRC DELEGATED CO-COMMISSIONING,WITHNELL HEALTH CENTRE,22376857,"37,723.10",,LA000041886
Department of Health,NHS Chorley And South Ribble CCG,31/05/2018,C&M-GMS Global Sum,PRC DELEGATED CO-COMMISSIONING,WORDEN MEDICAL CENTRE,22376855,"90,185.21",,LA000041884
Department of Health,NHS Chorley And South Ribble CCG,31/05/2018,C&M-GMS QOF Achievement,PRC DELEGATED CO-COMMISSIONING,ACRESWOOD SURGERY,22376808,"37,812.38",,LA000041836
Department of Health,NHS Chorley And South Ribble CCG,31/05/2018,C&M-GMS QOF Achievement,PRC DELEGATED CO-COMMISSIONING,CROSTON VILLAGE SURGERY,22376814,"-37,359.60",,LA000041843
Department of Health,NHS Chorley And South Ribble CCG,31/05/2018,C&M-GMS QOF Achievement,PRC DELEGATED CO-COMMISSIONING,CROSTON VILLAGE SURGERY,22376815,"49,965.65",,LA000041844
Department of Health,NHS Chorley And South Ribble CCG,31/05/2018,C&M-GMS QOF Achievement,PRC DELEGATED CO-COMMISSIONING,DR P A C BAMFORD & PARTNERS,22376819,"38,795.48",,LA000041848
Department of Health,NHS Chorley And South Ribble CCG,31/05/2018,C&M-GMS QOF Achievement,PRC DELEGATED CO-COMMISSIONING,GRANVILLE HOUSE MEDICAL CENTRE,22376829,"34,422.43",,LA000041858
Department of Health,NHS Chorley And South Ribble CCG,31/05/2018,C&M-GMS QOF Achievement,PRC DELEGATED CO-COMMISSIONING,LIBRARY HOUSE SURGERY,22376833,"68,803.12",,LA000041862
Department of Health,NHS Chorley And South Ribble CCG,31/05/2018,C&M-GMS QOF Achievement,PRC DELEGATED CO-COMMISSIONING,REGENT HOUSE SURGERY,22376839,"29,917.30",,LA000041868
Department of Health,NHS Chorley And South Ribble CCG,31/05/2018,C&M-GMS QOF Achievement,PRC DELEGATED CO-COMMISSIONING,ROSLEA SURGERY,22376841,"34,426.14",,LA000041870
Department of Health,NHS Chorley And South Ribble CCG,31/05/2018,C&M-GMS QOF Achievement,PRC DELEGATED CO-COMMISSIONING,RYAN MEDICAL CENTRE,22376845,"39,706.81",,LA000041874
Department of Health,NHS Chorley And South Ribble CCG,31/05/2018,C&M-GMS QOF Achievement,PRC DELEGATED CO-COMMISSIONING,WHITTLE SURGERY,22376853,"36,234.85",,LA000041882
Department of Health,NHS Chorley And South Ribble CCG,31/05/2018,C&M-GMS QOF Achievement,PRC DELEGATED CO-COMMISSIONING,WORDEN MEDICAL CENTRE,22376855,"43,333.73",,LA000041884
Department of Health,NHS Chorley And South Ribble CCG,31/05/2018,C&M-PMS Contract Value,PRC DELEGATED CO-COMMISSIONING,LEYLAND SURGERY,22376859,"42,313.61",,LA000041888
Department of Health,NHS Chorley And South Ribble CCG,31/05/2018,C&M-PMS Contract Value,PRC DELEGATED CO-COMMISSIONING,SANDY LANE SURGERY,22376843,"83,163.06",,LA000041872
Department of Health,NHS Chorley And South Ribble CCG,31/05/2018,C&M-PMS QOF Achievement,PRC DELEGATED CO-COMMISSIONING,SANDY LANE SURGERY,22376843,"37,811.47",,LA000041872
Department of Health,NHS Chorley And South Ribble CCG,31/05/2018,Prescribing,PRESCRIBING,LANCASHIRE CARE NHS FOUNDATION TRUST,22403418,"33,164.26",654923319,I0058366
Department of Health,NHS Chorley And South Ribble CCG,31/05/2018,C&M-GMS LES In House Services,PRIMARY CARE INVESTMENTS,LIBRARY HOUSE SURGERY,22193277,"25,549.76",,81044 8P2GO
Department of Health,NHS Chorley And South Ribble CCG,31/05/2018,Charges from CSU,PRIMARY CARE IT,NHS MIDLANDS AND LANCASHIRE CSU,22159764,"33,510.00",GB 654442045,7312310254
Department of Health,NHS Chorley And South Ribble CCG,31/05/2018,Charges from CSU,QUALITY ASSURANCE,NHS MIDLANDS AND LANCASHIRE CSU,22159764,"37,373.00",GB 654442045,7312310254
Department of Health,NHS Greater Preston CCG,31/05/2018,Clinical&Medical-Commercial Sector,URGENT CARE,GO TO DOC LTD,22001634,"243,807.75",248 096 482,4134
Department of Health,NHS Greater Preston CCG,31/05/2018,Clinical&Medical-Commercial Sector,URGENT CARE,GO TO DOC LTD,22312781,"237,442.05",248 096 482,4359
