NHS Darlington CCG Invoices over �25k - July 2018,,,,,,,
Department family,Entity,Date,Expense Type,Expense area,Supplier,Transaction number,AP Amount �
Department of Health,NHS Darlington CCG,7/31/2018,Clinical&Medical-Independent Sector,ACUTE COMMISSIONING,BMI HEALTHCARE LTD,22881993,395738.01
Department of Health,NHS Darlington CCG,7/31/2018,Clinical&Medical-Independent Sector,ACUTE COMMISSIONING,BMI HEALTHCARE LTD,23132433,395738.01
Department of Health,NHS Darlington CCG,7/31/2018,Clinical&Medical-Independent Sector,COMMUNITY SERVICES,CONNECT PHYSICAL HEALTH CENTRES LTD,22862501,51705.50
Department of Health,NHS Darlington CCG,7/31/2018,Clinical&Medical-Independent Sector,COMMUNITY SERVICES,PRIMARY HEALTHCARE DARLINGTON LTD,22712366,41473.83
Department of Health,NHS Darlington CCG,7/31/2018,Clinical&Medical-Independent Sector,COMMUNITY SERVICES,PRIMARY HEALTHCARE DARLINGTON LTD,22883158,38010.50
Department of Health,NHS Darlington CCG,7/31/2018,Clinical&Medical-Independent Sector,COMMUNITY SERVICES,PRIMARY HEALTHCARE DARLINGTON LTD,23042911,38010.50
Department of Health,NHS Darlington CCG,7/31/2018,Hcare Srv Rec Fdtn Trust-Non Contract,SAFEGUARDING,HARROGATE & DISTRICT NHS FOUNDATION NHS TRUST,22986203,25382.00
Department of Health,NHS Darlington CCG,7/31/2018,Hcare Srv Rec Fdtn Trust-Non Contract,SAFEGUARDING,HARROGATE & DISTRICT NHS FOUNDATION NHS TRUST,22986207,25402.00
Department of Health,NHS Darlington CCG,7/31/2018,Hcare Srv Rec Fdtn Trust-Non Contract,NCAS/OATS,CITY HOSPITALS SUNDERLAND FOUNDATION NHS TRUST,22878106,28164.00
Department of Health,NHS Darlington CCG,7/31/2018,Hcare Srv Rec Fdtn Trust-Non Contract,NCAS/OATS,CITY HOSPITALS SUNDERLAND FOUNDATION NHS TRUST,22878112,39888.00
Department of Health,NHS Darlington CCG,7/31/2018,Hcare Srv Rec Fdtn Trust-Non Contract,NCAS/OATS,CITY HOSPITALS SUNDERLAND FOUNDATION NHS TRUST,22878115,26258.00
Department of Health,NHS Darlington CCG,7/31/2018,Hcare Srv Rec Fdtn Trust-Non Contract,NCAS/OATS,CITY HOSPITALS SUNDERLAND FOUNDATION NHS TRUST,22878124,26068.00
Department of Health,NHS Darlington CCG,7/31/2018,Hcare Srv Rec Fdtn Trust-Contract Baseline,ACUTE COMMISSIONING,COUNTY DURHAM AND DARLINGTON NHS FOUNDATION TRUST,23176178,4791909.00
Department of Health,NHS Darlington CCG,7/31/2018,Hcare Srv Rec Fdtn Trust-Contract Baseline,ACUTE COMMISSIONING,NEWCASTLE UPON TYNE HOSPITALS NHS FOUNDATION TRUST,22975000,153000.00
Department of Health,NHS Darlington CCG,7/31/2018,Hcare Srv Rec Fdtn Trust-Contract Baseline,ACUTE COMMISSIONING,NORTH TEES & HARTLEPOOL NHS FOUNDATION TRUST,22894071,38311.00
Department of Health,NHS Darlington CCG,7/31/2018,Hcare Srv Rec Fdtn Trust-Contract Baseline,ACUTE COMMISSIONING,NORTH TEES & HARTLEPOOL NHS FOUNDATION TRUST,23194596,96525.00
Department of Health,NHS Darlington CCG,7/31/2018,Hcare Srv Rec Fdtn Trust-Contract Baseline,ACUTE COMMISSIONING,SOUTH TEES HOSPITALS NHS FOUNDATION TRUST,23231186,474789.00
Department of Health,NHS Darlington CCG,7/31/2018,Hcare Srv Rec Fdtn Trust-Contract Baseline,AMBULANCE SERVICES,NORTH EAST AMBULANCE SERVICES NHS TRUST,23014581,329820.00
Department of Health,NHS Darlington CCG,7/31/2018,Hcare Srv Rec Fdtn Trust-Contract Baseline,COMMUNITY SERVICES,COUNTY DURHAM AND DARLINGTON NHS FOUNDATION TRUST,23176182,1103425.00
Department of Health,NHS Darlington CCG,7/31/2018,Hcare Srv Rec Fdtn Trust-Contract Baseline,COMMUNITY SERVICES,NORTH TEES & HARTLEPOOL NHS FOUNDATION TRUST,23194594,28685.00
Department of Health,NHS Darlington CCG,7/31/2018,Hcare Srv Rec Fdtn Trust-Contract Baseline,IMPROVING ACCESS TO PSYCHOLOGICAL THERAPIES,TEES ESK & WEAR VALLEYS NHS FOUNDATION TRUST,22921789,30364.61
Department of Health,NHS Darlington CCG,7/31/2018,Hcare Srv Rec Fdtn Trust-Contract Baseline,MENTAL HEALTH CONTRACTS,TEES ESK & WEAR VALLEYS NHS FOUNDATION TRUST,22921790,1135735.88
Department of Health,NHS Darlington CCG,7/31/2018,Hcare Srv Rec Fdtn Trust-Contract Baseline,NHS 111,NORTH EAST AMBULANCE SERVICES NHS TRUST,23014582,26125.33
Department of Health,NHS Darlington CCG,7/31/2018,C&M-GMS/PMS,LOCAL ENHANCED SERVICES,BLACKETTS MEDICAL PRACTICE,22948140,5034.00
Department of Health,NHS Darlington CCG,7/31/2018,C&M-GMS/PMS,LOCAL ENHANCED SERVICES,CHARLTON & PARTNERS,22948142,3864.00
Department of Health,NHS Darlington CCG,7/31/2018,C&M-GMS/PMS,LOCAL ENHANCED SERVICES,CLIFTON COURT PRACTICE,22948144,5934.00
Department of Health,NHS Darlington CCG,7/31/2018,C&M-GMS/PMS,LOCAL ENHANCED SERVICES,DENMARK STREET SURGERY,22948145,7004.00
Department of Health,NHS Darlington CCG,7/31/2018,C&M-GMS/PMS,LOCAL ENHANCED SERVICES,METCALFE & PARTNERS,22948147,5026.00
Department of Health,NHS Darlington CCG,7/31/2018,C&M-GMS/PMS,LOCAL ENHANCED SERVICES,MOORLANDS SURGERY,22948149,7276.00
Department of Health,NHS Darlington CCG,7/31/2018,C&M-GMS/PMS,LOCAL ENHANCED SERVICES,NEASHAM ROAD SURGERY,22948151,5558.00
Department of Health,NHS Darlington CCG,7/31/2018,C&M-GMS/PMS,LOCAL ENHANCED SERVICES,PARKGATE SURGERY DARLINGTON,22948153,2362.00
Department of Health,NHS Darlington CCG,7/31/2018,C&M-GMS/PMS,LOCAL ENHANCED SERVICES,ROCKLIFFE COURT SURGERY,22948154,2759.00
Department of Health,NHS Darlington CCG,7/31/2018,C&M-GMS/PMS,LOCAL ENHANCED SERVICES,ROCKLIFFE COURT SURGERY,23084040,36804.02
Department of Health,NHS Darlington CCG,7/31/2018,C&M-GMS/PMS,LOCAL ENHANCED SERVICES,ST GEORGES MEDICAL PRACTICE,22950024,2794.00
Department of Health,NHS Darlington CCG,7/31/2018,C&M-GMS/PMS,LOCAL ENHANCED SERVICES,WHINFIELD MEDICAL PRACTICE,22948156,5722.00
Department of Health,NHS Darlington CCG,7/31/2018,C&M-GMS/PMS,PRC DELEGATED CO-COMMISSIONING,BLACKETTS MEDICAL PRACTICE,22948140,93345.27
Department of Health,NHS Darlington CCG,7/31/2018,C&M-GMS/PMS,PRC DELEGATED CO-COMMISSIONING,CHARLTON & PARTNERS,22948142,72743.21
Department of Health,NHS Darlington CCG,7/31/2018,C&M-GMS/PMS,PRC DELEGATED CO-COMMISSIONING,CLIFTON COURT PRACTICE,22948144,104956.75
Department of Health,NHS Darlington CCG,7/31/2018,C&M-GMS/PMS,PRC DELEGATED CO-COMMISSIONING,DENMARK STREET SURGERY,22948145,131003.80
Department of Health,NHS Darlington CCG,7/31/2018,C&M-GMS/PMS,PRC DELEGATED CO-COMMISSIONING,DENMARK STREET SURGERY,22976963,-30259.66
Department of Health,NHS Darlington CCG,7/31/2018,C&M-GMS/PMS,PRC DELEGATED CO-COMMISSIONING,METCALFE & PARTNERS,22948147,102778.57
Department of Health,NHS Darlington CCG,7/31/2018,C&M-GMS/PMS,PRC DELEGATED CO-COMMISSIONING,MOORLANDS SURGERY,22948149,130048.69
Department of Health,NHS Darlington CCG,7/31/2018,C&M-GMS/PMS,PRC DELEGATED CO-COMMISSIONING,NEASHAM ROAD SURGERY,22948151,97403.55
Department of Health,NHS Darlington CCG,7/31/2018,C&M-GMS/PMS,PRC DELEGATED CO-COMMISSIONING,PARKGATE SURGERY DARLINGTON,22948153,38720.83
Department of Health,NHS Darlington CCG,7/31/2018,C&M-GMS/PMS,PRC DELEGATED CO-COMMISSIONING,ROCKLIFFE COURT SURGERY,22948154,51136.84
Department of Health,NHS Darlington CCG,7/31/2018,C&M-GMS/PMS,PRC DELEGATED CO-COMMISSIONING,ROCKLIFFE COURT SURGERY,23084040,9346.35
Department of Health,NHS Darlington CCG,7/31/2018,C&M-GMS/PMS,PRC DELEGATED CO-COMMISSIONING,ST GEORGES MEDICAL PRACTICE,22950024,57058.97
Department of Health,NHS Darlington CCG,7/31/2018,C&M-GMS/PMS,PRC DELEGATED CO-COMMISSIONING,WHINFIELD MEDICAL PRACTICE,22948156,121460.70
Department of Health,NHS Darlington CCG,7/31/2018,Charges from CSU,ADMINISTRATION & BUSINESS SUPPORT,NHS NORTH OF ENGLAND CSU,23013394,109083.00
Department of Health,NHS Darlington CCG,7/31/2018,Charges from CSU,CONTINUING HEALTHCARE ASSESSMENT & SUPPORT,NHS NORTH OF ENGLAND CSU,23013394,13417.00
Department of Health,NHS Darlington CCG,7/31/2018,Charges from CSU,MEDICINES MANAGEMENT - CLINICAL,NHS NORTH OF ENGLAND CSU,23013394,9417.00
Department of Health,NHS Darlington CCG,7/31/2018,Charges from CSU,PRIMARY CARE IT,NHS NORTH OF ENGLAND CSU,23013394,23030.00
Department of Health,NHS Darlington CCG,7/31/2018,Charges from CSU,PRIMARY CARE IT,NHS NORTH OF ENGLAND CSU,23255437,63850.00
Department of Health,NHS Darlington CCG,7/31/2018,Charges from CSU,LEARNING DIFFICULTIES,NHS NORTH OF ENGLAND CSU,23013394,1873.00
Department of Health,NHS Darlington CCG,7/31/2018,Charges from CSU,PROGRAMME PROJECTS,NHS NORTH OF ENGLAND CSU,23013394,833.00
Department of Health,NHS Darlington CCG,7/31/2018,Clinical&Medical-Voluntary Sector,COMMUNITY SERVICES,EXCLUSIVE CARE GROUP,23014580,34384.50
Department of Health,NHS Darlington CCG,7/31/2018,Clinical&Medical-Voluntary Sector,HOSPICES,ST TERESAS HOSPICE,23118645,53240.00
Department of Health,NHS Darlington CCG,7/31/2018,Clinical&Medical-Voluntary Sector,HOSPICES,ST TERESAS HOSPICE,23118647,133758.50
Department of Health,NHS Darlington CCG,7/31/2018,Clinical&Medical-Voluntary Sector,HOSPICES,ST TERESAS HOSPICE,23255423,51629.00
Department of Health,NHS Darlington CCG,7/31/2018,Clinical&Medical-Voluntary Sector,HOSPICES,ST TERESAS HOSPICE,23255427,51629.00
Department of Health,NHS Darlington CCG,7/31/2018,Clinical&Medical-Voluntary Sector,HOSPICES,ST TERESAS HOSPICE,23255429,51629.00
Department of Health,NHS Darlington CCG,7/31/2018,Prescribing,PRESCRIBING,NUTRICIA LTD,23141011,27697.70
Department of Health,NHS Darlington CCG,7/31/2018,Clinical&Medical-Devolved Admin'n,NCAS/OATS,BETSI CADWALADR UNIVERSITY LHB,23192349,25724.00
Department of Health,NHS Darlington CCG,7/31/2018,Clinical&Medical-Devolved Admin'n,NCAS/OATS,BETSI CADWALADR UNIVERSITY LHB,23192353,-25724.00
Department of Health,NHS Darlington CCG,7/31/2018,Clinical&Medical-Othe Public Sector,WINTER PRESSURES,DARLINGTON BOROUGH COUNCIL,23255417,47000.00
