"Spend over �25,000 - Publication 01/04/2018 to 30/04/2018",,,,,,
,,,,,,
Department family,Entity,Date,Expense area,Supplier,Transaction number,AP Amount (�)
Department of Health,NHS Thanet CCG,4/30/2018,PRIMARY CARE DEVELOPMENT,PCTI SOLUTIONS LTD,21595011,"$33,600.00 "
Department of Health,NHS Thanet CCG,4/30/2018,ACUTE COMMISSIONING,UNIVERSITY COLLEGE LONDON HOSPITALS NHS FOUNDATION TRUST,21693711,"$49,784.00 "
Department of Health,NHS Thanet CCG,4/30/2018,ACUTE COMMISSIONING,ROYAL NATIONAL ORTHOPAEDIC HOSPITAL NHS TRUST,21693728,"$32,357.00 "
Department of Health,NHS Thanet CCG,4/30/2018,MENTAL HEALTH SERVICES - ADULTS,SOUTH LONDON AND MAUDSLEY NHS FOUNDATION TRUST,21695809,"$31,962.00 "
Department of Health,NHS Thanet CCG,4/30/2018,Children's Continuing Care,SOUTH LONDON AND MAUDSLEY NHS FOUNDATION TRUST,21695809,$518.00 
Department of Health,NHS Thanet CCG,4/30/2018,ACUTE COMMISSIONING,QUEEN VICTORIA HOSPITAL NHS FOUNDATION TRUST,21695900,"$34,795.56 "
Department of Health,NHS Thanet CCG,4/30/2018,ACUTE COMMISSIONING,EAST KENT HOSPITALS UNIVERSITY NHS FOUNDATION TRUST,21713957,"$781,865.43 "
Department of Health,NHS Thanet CCG,4/30/2018,ACUTE COMMISSIONING,GUYS & ST THOMAS HOSPITAL NHS FOUNDATION TRUST,21713959,"$184,188.00 "
Department of Health,NHS Thanet CCG,4/30/2018,INTERMEDIATE CARE,KENT COUNTY COUNCIL (EXCH SEC MAIDSTONE),21713961,"$185,125.29 "
Department of Health,NHS Thanet CCG,4/30/2018,CHILD AND ADOLESCENT MENTAL HEALTH,NORTH EAST LONDON NHS FOUNDATION TRUST,21713965,"$71,875.00 "
Department of Health,NHS Thanet CCG,4/30/2018,COMMUNITY SERVICES,KENT COMMUNITY HEALTH NHS FOUNDATION TRUST,21713967,"$1,321,293.00 "
Department of Health,NHS Thanet CCG,4/30/2018,ACUTE COMMISSIONING,KING`S COLLEGE HOSPITAL NHS FOUNDATION TRUST,21713971,"$134,448.00 "
Department of Health,NHS Thanet CCG,4/30/2018,MENTAL HEALTH CONTRACTS,KENT AND MEDWAY NHS AND SOCIALCARE PARTNERSHIP TRUST,21713974,"$64,105.00 "
Department of Health,NHS Thanet CCG,4/30/2018,MENTAL HEALTH CONTRACTS,KENT AND MEDWAY NHS AND SOCIALCARE PARTNERSHIP TRUST,21713975,"$1,268,019.00 "
Department of Health,NHS Thanet CCG,4/30/2018,COMMUNITY SERVICES,KENT COUNTY COUNCIL (EXCH SEC MAIDSTONE),21713976,"$114,262.00 "
Department of Health,NHS Thanet CCG,4/30/2018,BALANCE SHEET,HMRC,21720932,"$39,792.69 "
Department of Health,NHS Thanet CCG,4/30/2018,BALANCE SHEET,HMRC,21720932,$502.00 
Department of Health,NHS Thanet CCG,4/30/2018,BALANCE SHEET,HMRC,21720932,"$24,548.46 "
Department of Health,NHS Thanet CCG,4/30/2018,BALANCE SHEET,HMRC,21720932,"$17,374.30 "
Department of Health,NHS Thanet CCG,4/30/2018,PRIMARY CARE DEVELOPMENT,NAPC SERVICES LTD,21727441,"$70,000.00 "
Department of Health,NHS Thanet CCG,4/30/2018,LOCAL ENHANCED SERVICES,BIRCHINGTON MEDICAL CENTRE,21765595,"$3,179.61 "
Department of Health,NHS Thanet CCG,4/30/2018,PRC DELEGATED CO-COMMISSIONING,BIRCHINGTON MEDICAL CENTRE,21765595,"$73,991.45 "
Department of Health,NHS Thanet CCG,4/30/2018,PRC DELEGATED CO-COMMISSIONING,BIRCHINGTON MEDICAL CENTRE,21765595,"$19,492.66 "
Department of Health,NHS Thanet CCG,4/30/2018,PRC DELEGATED CO-COMMISSIONING,BIRCHINGTON MEDICAL CENTRE,21765595,$300.43 
Department of Health,NHS Thanet CCG,4/30/2018,PRC DELEGATED CO-COMMISSIONING,BIRCHINGTON MEDICAL CENTRE,21765595,"$45,832.05 "
Department of Health,NHS Thanet CCG,4/30/2018,PRC DELEGATED CO-COMMISSIONING,BIRCHINGTON MEDICAL CENTRE,21765595,"$9,838.80 "
Department of Health,NHS Thanet CCG,4/30/2018,LOCAL ENHANCED SERVICES,DR AKYOL A & PARTNERS,21765597,"$1,447.19 "
Department of Health,NHS Thanet CCG,4/30/2018,PRC DELEGATED CO-COMMISSIONING,DR AKYOL A & PARTNERS,21765597,"$2,627.48 "
Department of Health,NHS Thanet CCG,4/30/2018,PRC DELEGATED CO-COMMISSIONING,DR AKYOL A & PARTNERS,21765597,"$57,004.64 "
Department of Health,NHS Thanet CCG,4/30/2018,PRC DELEGATED CO-COMMISSIONING,DR AKYOL A & PARTNERS,21765597,"$8,570.05 "
Department of Health,NHS Thanet CCG,4/30/2018,PRC DELEGATED CO-COMMISSIONING,DR AKYOL A & PARTNERS,21765597,$161.26 
Department of Health,NHS Thanet CCG,4/30/2018,PRC DELEGATED CO-COMMISSIONING,DR AKYOL A & PARTNERS,21765597,"$6,005.66 "
Department of Health,NHS Thanet CCG,4/30/2018,PRC DELEGATED CO-COMMISSIONING,DR CROSFIELD C E & PARTNERS,21765599,"$1,870.35 "
Department of Health,NHS Thanet CCG,4/30/2018,PRC DELEGATED CO-COMMISSIONING,DR CROSFIELD C E & PARTNERS,21765599,"$64,333.18 "
Department of Health,NHS Thanet CCG,4/30/2018,PRC DELEGATED CO-COMMISSIONING,DR CROSFIELD C E & PARTNERS,21765599,$313.57 
Department of Health,NHS Thanet CCG,4/30/2018,PRC DELEGATED CO-COMMISSIONING,DR CROSFIELD C E & PARTNERS,21765599,"$49,884.37 "
Department of Health,NHS Thanet CCG,4/30/2018,PRC DELEGATED CO-COMMISSIONING,DR CROSFIELD C E & PARTNERS,21765599,"$32,938.12 "
Department of Health,NHS Thanet CCG,4/30/2018,PRC DELEGATED CO-COMMISSIONING,DR CROSFIELD C E & PARTNERS,21765599,"$7,036.42 "
Department of Health,NHS Thanet CCG,4/30/2018,LOCAL ENHANCED SERVICES,DR CUNARD A J K & PARTNER,21765601,$282.44 
Department of Health,NHS Thanet CCG,4/30/2018,PRC DELEGATED CO-COMMISSIONING,DR CUNARD A J K & PARTNER,21765601,"$34,154.70 "
Department of Health,NHS Thanet CCG,4/30/2018,PRC DELEGATED CO-COMMISSIONING,DR CUNARD A J K & PARTNER,21765601,$55.23 
Department of Health,NHS Thanet CCG,4/30/2018,PRC DELEGATED CO-COMMISSIONING,DR CUNARD A J K & PARTNER,21765601,"$21,567.11 "
Department of Health,NHS Thanet CCG,4/30/2018,PRC DELEGATED CO-COMMISSIONING,DR CUNARD A J K & PARTNER,21765601,"$4,275.52 "
Department of Health,NHS Thanet CCG,4/30/2018,LOCAL ENHANCED SERVICES,DR MARSHALL D I & PARTNERS,21765603,"$2,991.68 "
Department of Health,NHS Thanet CCG,4/30/2018,PRC DELEGATED CO-COMMISSIONING,DR MARSHALL D I & PARTNERS,21765603,"$1,825.86 "
Department of Health,NHS Thanet CCG,4/30/2018,PRC DELEGATED CO-COMMISSIONING,DR MARSHALL D I & PARTNERS,21765603,"$67,463.04 "
Department of Health,NHS Thanet CCG,4/30/2018,PRC DELEGATED CO-COMMISSIONING,DR MARSHALL D I & PARTNERS,21765603,$287.17 
Department of Health,NHS Thanet CCG,4/30/2018,PRC DELEGATED CO-COMMISSIONING,DR MARSHALL D I & PARTNERS,21765603,"$38,886.83 "
Department of Health,NHS Thanet CCG,4/30/2018,PRC DELEGATED CO-COMMISSIONING,DR MARSHALL D I & PARTNERS,21765603,"$7,813.36 "
Department of Health,NHS Thanet CCG,4/30/2018,LOCAL ENHANCED SERVICES,SUMMERHILL SURGERY RAMSGATE,21765606,$914.16 
Department of Health,NHS Thanet CCG,4/30/2018,PRC DELEGATED CO-COMMISSIONING,SUMMERHILL SURGERY RAMSGATE,21765606,$890.63 
Department of Health,NHS Thanet CCG,4/30/2018,PRC DELEGATED CO-COMMISSIONING,SUMMERHILL SURGERY RAMSGATE,21765606,"$48,795.20 "
Department of Health,NHS Thanet CCG,4/30/2018,PRC DELEGATED CO-COMMISSIONING,SUMMERHILL SURGERY RAMSGATE,21765606,$223.11 
Department of Health,NHS Thanet CCG,4/30/2018,PRC DELEGATED CO-COMMISSIONING,SUMMERHILL SURGERY RAMSGATE,21765606,"$5,956.64 "
Department of Health,NHS Thanet CCG,4/30/2018,PRC DELEGATED CO-COMMISSIONING,DR SUMMERFIELD & PARTNERS,21765609,"$126,060.75 "
Department of Health,NHS Thanet CCG,4/30/2018,LOCAL ENHANCED SERVICES,DR SUMMERFIELD & PARTNERS,21765609,"$1,068.53 "
Department of Health,NHS Thanet CCG,4/30/2018,PRC DELEGATED CO-COMMISSIONING,DR SUMMERFIELD & PARTNERS,21765609,$578.89 
Department of Health,NHS Thanet CCG,4/30/2018,PRC DELEGATED CO-COMMISSIONING,DR SUMMERFIELD & PARTNERS,21765609,"$24,137.58 "
Department of Health,NHS Thanet CCG,4/30/2018,PRC DELEGATED CO-COMMISSIONING,DR SUMMERFIELD & PARTNERS,21765609,$189.96 
Department of Health,NHS Thanet CCG,4/30/2018,PRC DELEGATED CO-COMMISSIONING,DR SUMMERFIELD & PARTNERS,21765609,"$66,379.02 "
Department of Health,NHS Thanet CCG,4/30/2018,PRC DELEGATED CO-COMMISSIONING,DR SUMMERFIELD & PARTNERS,21765609,"$13,323.35 "
Department of Health,NHS Thanet CCG,4/30/2018,PRC DELEGATED CO-COMMISSIONING,BETHESDA MEDICAL CENTRE,21765611,"$152,686.99 "
Department of Health,NHS Thanet CCG,4/30/2018,LOCAL ENHANCED SERVICES,BETHESDA MEDICAL CENTRE,21765611,"$2,824.11 "
Department of Health,NHS Thanet CCG,4/30/2018,PRC DELEGATED CO-COMMISSIONING,BETHESDA MEDICAL CENTRE,21765611,$399.84 
Department of Health,NHS Thanet CCG,4/30/2018,PRC DELEGATED CO-COMMISSIONING,BETHESDA MEDICAL CENTRE,21765611,"$11,615.83 "
Department of Health,NHS Thanet CCG,4/30/2018,LOCAL ENHANCED SERVICES,NORTHDOWN SURGERY,21765613,"$1,401.24 "
Department of Health,NHS Thanet CCG,4/30/2018,PRC DELEGATED CO-COMMISSIONING,NORTHDOWN SURGERY,21765613,"$75,602.31 "
Department of Health,NHS Thanet CCG,4/30/2018,PRC DELEGATED CO-COMMISSIONING,NORTHDOWN SURGERY,21765613,$731.53 
Department of Health,NHS Thanet CCG,4/30/2018,PRC DELEGATED CO-COMMISSIONING,NORTHDOWN SURGERY,21765613,$249.62 
Department of Health,NHS Thanet CCG,4/30/2018,PRC DELEGATED CO-COMMISSIONING,NORTHDOWN SURGERY,21765613,"$44,179.27 "
Department of Health,NHS Thanet CCG,4/30/2018,PRC DELEGATED CO-COMMISSIONING,NORTHDOWN SURGERY,21765613,"$9,236.03 "
Department of Health,NHS Thanet CCG,4/30/2018,LOCAL ENHANCED SERVICES,DR N C WARD & PARTNERS,21765615,"$3,474.82 "
Department of Health,NHS Thanet CCG,4/30/2018,PRC DELEGATED CO-COMMISSIONING,DR N C WARD & PARTNERS,21765615,"$1,425.04 "
Department of Health,NHS Thanet CCG,4/30/2018,PRC DELEGATED CO-COMMISSIONING,DR N C WARD & PARTNERS,21765615,"$92,496.75 "
Department of Health,NHS Thanet CCG,4/30/2018,PRC DELEGATED CO-COMMISSIONING,DR N C WARD & PARTNERS,21765615,"$25,333.37 "
Department of Health,NHS Thanet CCG,4/30/2018,PRC DELEGATED CO-COMMISSIONING,DR N C WARD & PARTNERS,21765615,$362.29 
Department of Health,NHS Thanet CCG,4/30/2018,PRC DELEGATED CO-COMMISSIONING,DR N C WARD & PARTNERS,21765615,"$43,822.31 "
Department of Health,NHS Thanet CCG,4/30/2018,PRC DELEGATED CO-COMMISSIONING,DR N C WARD & PARTNERS,21765615,"$9,450.97 "
Department of Health,NHS Thanet CCG,4/30/2018,PRC DELEGATED CO-COMMISSIONING,DR N C WARD & PARTNERS,21765615,$144.86 
Department of Health,NHS Thanet CCG,4/30/2018,LOCAL ENHANCED SERVICES,BROADSTAIRS MEDICAL PRACTICE,21765617,$542.90 
Department of Health,NHS Thanet CCG,4/30/2018,PRC DELEGATED CO-COMMISSIONING,BROADSTAIRS MEDICAL PRACTICE,21765617,"$1,959.52 "
Department of Health,NHS Thanet CCG,4/30/2018,PRC DELEGATED CO-COMMISSIONING,BROADSTAIRS MEDICAL PRACTICE,21765617,"$50,676.47 "
Department of Health,NHS Thanet CCG,4/30/2018,PRC DELEGATED CO-COMMISSIONING,BROADSTAIRS MEDICAL PRACTICE,21765617,$106.04 
Department of Health,NHS Thanet CCG,4/30/2018,PRC DELEGATED CO-COMMISSIONING,BROADSTAIRS MEDICAL PRACTICE,21765617,"$29,911.87 "
Department of Health,NHS Thanet CCG,4/30/2018,PRC DELEGATED CO-COMMISSIONING,BROADSTAIRS MEDICAL PRACTICE,21765617,"$4,990.60 "
Department of Health,NHS Thanet CCG,4/30/2018,LOCAL ENHANCED SERVICES,DR CARDWELL M D & PARTNER,21765626,"$2,841.98 "
Department of Health,NHS Thanet CCG,4/30/2018,PRC DELEGATED CO-COMMISSIONING,DR CARDWELL M D & PARTNER,21765626,"$80,401.30 "
Department of Health,NHS Thanet CCG,4/30/2018,PRC DELEGATED CO-COMMISSIONING,DR CARDWELL M D & PARTNER,21765626,"$75,812.00 "
Department of Health,NHS Thanet CCG,4/30/2018,PRC DELEGATED CO-COMMISSIONING,DR CARDWELL M D & PARTNER,21765626,"$29,941.96 "
Department of Health,NHS Thanet CCG,4/30/2018,PRC DELEGATED CO-COMMISSIONING,DR CARDWELL M D & PARTNER,21765626,$280.55 
Department of Health,NHS Thanet CCG,4/30/2018,PRC DELEGATED CO-COMMISSIONING,DR CARDWELL M D & PARTNER,21765626,"$31,775.95 "
Department of Health,NHS Thanet CCG,4/30/2018,PRC DELEGATED CO-COMMISSIONING,DR CARDWELL M D & PARTNER,21765626,"$6,914.68 "
Department of Health,NHS Thanet CCG,4/30/2018,INTERMEDIATE CARE,KENT COUNTY COUNCIL (EXCH SEC MAIDSTONE),21770906,"$91,234.14 "
Department of Health,NHS Thanet CCG,4/30/2018,IMPROVING ACCESS TO PSYCHOLOGICAL THERAPIES,DOVER COUNSELLING CENTRE,21775302,"$40,960.00 "
Department of Health,NHS Thanet CCG,4/30/2018,LOCAL ENHANCED SERVICES,EAST CLIFF PRACTICE,21780818,"$3,619.21 "
Department of Health,NHS Thanet CCG,4/30/2018,PRC DELEGATED CO-COMMISSIONING,EAST CLIFF PRACTICE,21780818,"$2,100.00 "
Department of Health,NHS Thanet CCG,4/30/2018,PRC DELEGATED CO-COMMISSIONING,EAST CLIFF PRACTICE,21780818,"$3,829.79 "
Department of Health,NHS Thanet CCG,4/30/2018,PRC DELEGATED CO-COMMISSIONING,EAST CLIFF PRACTICE,21780818,"$123,704.08 "
Department of Health,NHS Thanet CCG,4/30/2018,PRC DELEGATED CO-COMMISSIONING,EAST CLIFF PRACTICE,21780818,"$6,350.00 "
Department of Health,NHS Thanet CCG,4/30/2018,PRC DELEGATED CO-COMMISSIONING,EAST CLIFF PRACTICE,21780818,"$4,600.00 "
Department of Health,NHS Thanet CCG,4/30/2018,PRC DELEGATED CO-COMMISSIONING,EAST CLIFF PRACTICE,21780818,"$41,907.23 "
Department of Health,NHS Thanet CCG,4/30/2018,PRC DELEGATED CO-COMMISSIONING,EAST CLIFF PRACTICE,21780818,$479.35 
Department of Health,NHS Thanet CCG,4/30/2018,PRC DELEGATED CO-COMMISSIONING,EAST CLIFF PRACTICE,21780818,"$60,879.20 "
Department of Health,NHS Thanet CCG,4/30/2018,PRC DELEGATED CO-COMMISSIONING,EAST CLIFF PRACTICE,21780818,"$13,273.55 "
Department of Health,NHS Thanet CCG,4/30/2018,LOCAL ENHANCED SERVICES,WESTGATE SURGERY,21780819,"$2,911.90 "
Department of Health,NHS Thanet CCG,4/30/2018,PRC DELEGATED CO-COMMISSIONING,WESTGATE SURGERY,21780819,$757.01 
Department of Health,NHS Thanet CCG,4/30/2018,PRC DELEGATED CO-COMMISSIONING,WESTGATE SURGERY,21780819,"$84,666.85 "
Department of Health,NHS Thanet CCG,4/30/2018,PRC DELEGATED CO-COMMISSIONING,WESTGATE SURGERY,21780819,"$147,600.00 "
Department of Health,NHS Thanet CCG,4/30/2018,PRC DELEGATED CO-COMMISSIONING,WESTGATE SURGERY,21780819,$364.47 
Department of Health,NHS Thanet CCG,4/30/2018,PRC DELEGATED CO-COMMISSIONING,WESTGATE SURGERY,21780819,"$54,210.24 "
Department of Health,NHS Thanet CCG,4/30/2018,PRC DELEGATED CO-COMMISSIONING,WESTGATE SURGERY,21780819,"$10,746.28 "
Department of Health,NHS Thanet CCG,4/30/2018,PRC DELEGATED CO-COMMISSIONING,WESTGATE SURGERY,21780819,"$7,184.52 "
Department of Health,NHS Thanet CCG,4/30/2018,PRC DELEGATED CO-COMMISSIONING,WESTGATE SURGERY,21780819,$651.35 
Department of Health,NHS Thanet CCG,4/30/2018,PRC DELEGATED CO-COMMISSIONING,WESTGATE SURGERY,21780819,$556.40 
Department of Health,NHS Thanet CCG,4/30/2018,OUT OF HOURS,INTEGRATED CARE 24 LTD,21807303,"$53,968.00 "
Department of Health,NHS Thanet CCG,4/30/2018,OUT OF HOURS,INTEGRATED CARE 24 LTD,21807306,"$127,725.83 "
Department of Health,NHS Thanet CCG,4/30/2018,COMMUNITY SERVICES,EAST KENT THERAPY REHABILITATION ALLIANCE LTD,21810583,"$28,770.00 "
Department of Health,NHS Thanet CCG,4/30/2018,LOCAL ENHANCED SERVICES,DR CROSFIELD C E & PARTNERS,21838227,"($27,161.71)"
Department of Health,NHS Thanet CCG,4/30/2018,PRC DELEGATED CO-COMMISSIONING,DR CROSFIELD C E & PARTNERS,21838227,"($1,453.40)"
Department of Health,NHS Thanet CCG,4/30/2018,LOCAL ENHANCED SERVICES,DR CROSFIELD C E & PARTNERS,21838228,"$62,808.74 "
Department of Health,NHS Thanet CCG,4/30/2018,PRC DELEGATED CO-COMMISSIONING,DR CROSFIELD C E & PARTNERS,21838228,"$8,194.14 "
Department of Health,NHS Thanet CCG,4/30/2018,LOCAL ENHANCED SERVICES,DR CROSFIELD C E & PARTNERS,21838228,"$1,453.40 "
Department of Health,NHS Thanet CCG,4/30/2018,INTERMEDIATE CARE,NHS ASHFORD CCG,21875409,"$39,994.92 "
Department of Health,NHS Thanet CCG,4/30/2018,CHC ADULT FULLY FUNDED,ACTION ON HEARING LOSS,21875445,"$25,735.89 "
Department of Health,NHS Thanet CCG,4/30/2018,LOCAL ENHANCED SERVICES,PAYDENS LTD,21875449,"$25,311.52 "
Department of Health,NHS Thanet CCG,4/30/2018,CHC ADULT FULLY FUNDED,SHOTTENDANE NURSING HOME,21875535,"$31,303.80 "
Department of Health,NHS Thanet CCG,4/30/2018,CHC ADULT FULLY FUNDED,SHOTTENDANE NURSING HOME,21875535,"$13,912.80 "
Department of Health,NHS Thanet CCG,4/30/2018,PRIMARY CARE DEVELOPMENT,DELL CORPORATION LTD,21877310,"$106,320.00 "
Department of Health,NHS Thanet CCG,4/30/2018,IMPROVING ACCESS TO PSYCHOLOGICAL THERAPIES,DOVER COUNSELLING CENTRE,21894402,"$66,700.00 "
Department of Health,NHS Thanet CCG,4/30/2018,PRIMARY CARE DEVELOPMENT,MINSTER SURGERY,21921603,"$28,743.00 "
Department of Health,NHS Thanet CCG,4/30/2018,IMPROVING ACCESS TO PSYCHOLOGICAL THERAPIES,DOVER COUNSELLING CENTRE,21960780,"$40,450.00 "
Department of Health,NHS Thanet CCG,4/30/2018,RECHARGES NHS PROPERTY SERVICES LTD,NHS SOUTH KENT COAST CCG,21965787,"($3,500,000.00)"
Department of Health,NHS Thanet CCG,4/30/2018,PATIENT TRANSPORT,G4S HEALTH SERVICES UK LTD,21965799,"$102,049.89 "
Department of Health,NHS Thanet CCG,4/30/2018,ACUTE COMMISSIONING,EAST KENT HOSPITALS UNIVERSITY NHS FOUNDATION TRUST,21965802,"$7,036,788.83 "
Department of Health,NHS Thanet CCG,4/30/2018,PLANNED CARE,EAST KENT MEDICAL SERVICES LTD T/A THE SPENCER WING,21965805,"$221,770.24 "
Department of Health,NHS Thanet CCG,4/30/2018,LEARNING DIFFICULTIES,KENT COMMUNITY HEALTH NHS FOUNDATION TRUST,21967022,"$466,953.00 "
Department of Health,NHS Thanet CCG,4/30/2018,MENTAL HEALTH CONTRACTS,KENT AND MEDWAY NHS AND SOCIALCARE PARTNERSHIP TRUST,21967023,"$349,496.00 "
Department of Health,NHS Thanet CCG,4/30/2018,AMBULANCE SERVICES,SOUTH EAST COAST AMBULANCE SERVICE NHS FOUNDATION TRUST,21967024,"$606,718.65 "
Department of Health,NHS Thanet CCG,4/30/2018,MENTAL HEALTH SERVICES - SPECIALIST SERVICES,NORTH EAST LONDON NHS FOUNDATION TRUST,21967025,"$155,104.00 "
Department of Health,NHS Thanet CCG,4/30/2018,COMMUNITY SERVICES,NOTTINGHAM REHAB LTD,21968792,"$100,556.42 "
Department of Health,NHS Thanet CCG,4/30/2018,CHILD AND ADOLESCENT MENTAL HEALTH,KENT AND MEDWAY NHS AND SOCIALCARE PARTNERSHIP TRUST,21968805,"$93,043.00 "
Department of Health,NHS Thanet CCG,4/30/2018,PRC DELEGATED CO-COMMISSIONING,DR AKYOL A & PARTNERS,21972789,"$30,872.61 "
Department of Health,NHS Thanet CCG,4/30/2018,PRC DELEGATED CO-COMMISSIONING,DR AKYOL A & PARTNERS,21972789,"$6,005.71 "
Department of Health,NHS Thanet CCG,4/30/2018,PRC DELEGATED CO-COMMISSIONING,SUMMERHILL SURGERY RAMSGATE,21972794,"$25,172.98 "
Department of Health,NHS Thanet CCG,4/30/2018,PRC DELEGATED CO-COMMISSIONING,SUMMERHILL SURGERY RAMSGATE,21972794,"$5,956.66 "
Department of Health,NHS Thanet CCG,4/30/2018,PRC DELEGATED CO-COMMISSIONING,BETHESDA MEDICAL CENTRE,21972797,"$15,184.86 "
Department of Health,NHS Thanet CCG,4/30/2018,PRC DELEGATED CO-COMMISSIONING,BETHESDA MEDICAL CENTRE,21972797,"$11,615.80 "
,,,,,,
