"Spend over �25,000 - Publication 01/01/2019 to 31/01/2019",,,,,,
,,,,,,
Department family,Entity,Date,Expense area,Supplier,Purchase invoice number,AP Amount (�)
Department of Health,NHS Thanet CCG,1/31/2019,ACUTE COMMISSIONING,EAST KENT HOSPITALS UNIVERSITY NHS FOUNDATION TRUST,901360,"$783,504.30 "
Department of Health,NHS Thanet CCG,1/31/2019,ACUTE COMMISSIONING,EAST KENT HOSPITALS UNIVERSITY NHS FOUNDATION TRUST,902024,"$7,051,538.70 "
Department of Health,NHS Thanet CCG,1/31/2019,ACUTE COMMISSIONING,GUYS & ST THOMAS HOSPITAL NHS FOUNDATION TRUST,3254125,"$154,581.00 "
Department of Health,NHS Thanet CCG,1/31/2019,ACUTE COMMISSIONING,KING`S COLLEGE HOSPITAL NHS FOUNDATION TRUST,00263423,"$81,225.00 "
Department of Health,NHS Thanet CCG,1/31/2019,ACUTE COMMISSIONING,KING`S COLLEGE HOSPITAL NHS FOUNDATION TRUST,00266000,"$134,448.00 "
Department of Health,NHS Thanet CCG,1/31/2019,ACUTE COMMISSIONING,KING`S COLLEGE HOSPITAL NHS FOUNDATION TRUST,CR00024928,"($51,727.00)"
Department of Health,NHS Thanet CCG,1/31/2019,ACUTE COMMISSIONING,QUEEN VICTORIA HOSPITAL NHS FOUNDATION TRUST,2010017984,"$34,148.00 "
Department of Health,NHS Thanet CCG,1/31/2019,ACUTE COMMISSIONING,UNIVERSITY COLLEGE LONDON HOSPITALS NHS FOUNDATION TRUST,5010187605,"$54,270.00 "
Department of Health,NHS Thanet CCG,1/31/2019,AMBULANCE SERVICES,SOUTH EAST COAST AMBULANCE SERVICE NHS FOUNDATION TRUST,7881571,"$640,895.15 "
Department of Health,NHS Thanet CCG,1/31/2019,CHC ADULT FULLY FUNDED,ACTION ON HEARING LOSS,INCS041423,"$25,735.89 "
Department of Health,NHS Thanet CCG,1/31/2019,CHC ADULT FULLY FUNDED,LOURDES COMMUNITY,1617895,"$27,203.24 "
Department of Health,NHS Thanet CCG,1/31/2019,CHC ADULT FULLY FUNDED,SHOTTENDANE NURSING HOME,SD160296,"$35,645.34 "
Department of Health,NHS Thanet CCG,1/31/2019,CHC ADULT FULLY FUNDED,ST ANSELMS NURSING HOME,783,"$25,519.51 "
Department of Health,NHS Thanet CCG,1/31/2019,CHILD AND ADOLESCENT MENTAL HEALTH,DRUMMER AGENCY T/A RED & GREEN MARKETING LTD,IN32242,"$33,850.49 "
Department of Health,NHS Thanet CCG,1/31/2019,CHILD AND ADOLESCENT MENTAL HEALTH,NORTH EAST LONDON NHS FOUNDATION TRUST,0000054006,"$155,205.00 "
Department of Health,NHS Thanet CCG,1/31/2019,CHILD AND ADOLESCENT MENTAL HEALTH,NORTH EAST LONDON NHS FOUNDATION TRUST,0000054075,"$35,937.50 "
Department of Health,NHS Thanet CCG,1/31/2019,COMMISSIONING,NHS NEL CSU,7312808209,"$22,534.13 "
Department of Health,NHS Thanet CCG,1/31/2019,COMMISSIONING,OPTUM HEALTH SOLUTIONS (UK) LTD,0001101870,"$31,234.57 "
Department of Health,NHS Thanet CCG,1/31/2019,COMMISSIONING - NON ACUTE,NHS SOUTH KENT COAST CCG,7026800961,"$50,000.00 "
Department of Health,NHS Thanet CCG,1/31/2019,COMMUNITY SERVICES,KENT COMMUNITY HEALTH NHS FOUNDATION TRUST,24065070,"$1,284,427.00 "
Department of Health,NHS Thanet CCG,1/31/2019,COMMUNITY SERVICES,NOTTINGHAM REHAB LTD,1800106740,"$70,999.31 "
Department of Health,NHS Thanet CCG,1/31/2019,COMMUNITY SERVICES,NOTTINGHAM REHAB LTD,1800106982,"$62,042.87 "
Department of Health,NHS Thanet CCG,1/31/2019,CONTINUING HEALTHCARE ASSESSMENT & SUPPORT,NHS NEL CSU,7312808209,"$42,145.25 "
Department of Health,NHS Thanet CCG,1/31/2019,CORPORATE GOVERNANCE,GRANT THORNTON UK LLP,8894092,"$50,040.00 "
Department of Health,NHS Thanet CCG,1/31/2019,Children's Continuing Care,SOUTH LONDON AND MAUDSLEY NHS FOUNDATION TRUST,B0008760,$518.00 
Department of Health,NHS Thanet CCG,1/31/2019,IM&T,"NHS DARTFORD, GRAVESHAM AND SWANLEY CCG",7026100666,"$30,350.00 "
Department of Health,NHS Thanet CCG,1/31/2019,IMPROVING ACCESS TO PSYCHOLOGICAL THERAPIES,ADDACTION,SIN008012,"$40,520.00 "
Department of Health,NHS Thanet CCG,1/31/2019,IMPROVING ACCESS TO PSYCHOLOGICAL THERAPIES,DOVER COUNSELLING CENTRE,5490,"$47,290.00 "
Department of Health,NHS Thanet CCG,1/31/2019,IMPROVING ACCESS TO PSYCHOLOGICAL THERAPIES,DOVER COUNSELLING CENTRE,5535,"$55,330.00 "
Department of Health,NHS Thanet CCG,1/31/2019,IMPROVING ACCESS TO PSYCHOLOGICAL THERAPIES,DOVER COUNSELLING CENTRE,5545,"($55,330.00)"
Department of Health,NHS Thanet CCG,1/31/2019,IMPROVING ACCESS TO PSYCHOLOGICAL THERAPIES,DOVER COUNSELLING CENTRE,5547,"$53,440.00 "
Department of Health,NHS Thanet CCG,1/31/2019,LEARNING DIFFICULTIES,KENT AND MEDWAY NHS AND SOCIALCARE PARTNERSHIP TRUST,13605608,"$349,496.00 "
Department of Health,NHS Thanet CCG,1/31/2019,LEARNING DIFFICULTIES,KENT COMMUNITY HEALTH NHS FOUNDATION TRUST,24065071,"$466,953.00 "
Department of Health,NHS Thanet CCG,1/31/2019,LOCAL ENHANCED SERVICES,DR CROSFIELD C E & PARTNERS,KC000085716,"($45,131.60)"
Department of Health,NHS Thanet CCG,1/31/2019,LOCAL ENHANCED SERVICES,DR CROSFIELD C E & PARTNERS,KC000085717,"$75,567.63 "
Department of Health,NHS Thanet CCG,1/31/2019,LOCAL ENHANCED SERVICES,DR N C WARD & PARTNERS,ACTY2APRJUL,"$37,251.00 "
Department of Health,NHS Thanet CCG,1/31/2019,LOCAL ENHANCED SERVICES,DR N C WARD & PARTNERS,ACTY2AUGNOV,"$37,251.00 "
Department of Health,NHS Thanet CCG,1/31/2019,LOCAL ENHANCED SERVICES,DR N C WARD & PARTNERS,ACTY2DEC18MAR19,"$37,251.00 "
Department of Health,NHS Thanet CCG,1/31/2019,LOCAL ENHANCED SERVICES,MINSTER SURGERY,7,"$28,878.00 "
Department of Health,NHS Thanet CCG,1/31/2019,MENTAL HEALTH CONTRACTS,KENT AND MEDWAY NHS AND SOCIALCARE PARTNERSHIP TRUST,13605609,"$1,268,019.00 "
Department of Health,NHS Thanet CCG,1/31/2019,MENTAL HEALTH SERVICES - ADULTS,SOUTH LONDON AND MAUDSLEY NHS FOUNDATION TRUST,B0008760,"$31,962.00 "
Department of Health,NHS Thanet CCG,1/31/2019,NCAS/OATS,BARTS HEALTH NHS TRUST,357254,"$69,910.37 "
Department of Health,NHS Thanet CCG,1/31/2019,NCAS/OATS,BARTS HEALTH NHS TRUST,360230,"$42,771.29 "
Department of Health,NHS Thanet CCG,1/31/2019,NCAS/OATS,POOLE HOSPITAL NHS FOUNDATION TRUST,P0166306,"$26,312.51 "
Department of Health,NHS Thanet CCG,1/31/2019,NCAS/OATS,WHITSTABLE MEDICAL PRACTICE,UTCTHANETOCT18,"$26,594.00 "
Department of Health,NHS Thanet CCG,1/31/2019,NHS 111,INTEGRATED CARE 24 LTD,2268,"$64,761.60 "
Department of Health,NHS Thanet CCG,1/31/2019,OUT OF HOURS,INTEGRATED CARE 24 LTD,2268,"$127,725.83 "
Department of Health,NHS Thanet CCG,1/31/2019,PATIENT TRANSPORT,G4S HEALTH SERVICES UK LTD,90313028,"$25,225.43 "
Department of Health,NHS Thanet CCG,1/31/2019,PATIENT TRANSPORT,G4S HEALTH SERVICES UK LTD,90323750,"$148,781.76 "
Department of Health,NHS Thanet CCG,1/31/2019,PATIENT TRANSPORT,G4S HEALTH SERVICES UK LTD,90330202,"$148,781.76 "
Department of Health,NHS Thanet CCG,1/31/2019,PATIENT TRANSPORT,NHS WEST KENT CCG,7030600863,"$38,709.28 "
Department of Health,NHS Thanet CCG,1/31/2019,PATIENT TRANSPORT,NHS WEST KENT CCG,7030600989,"($38,709.28)"
Department of Health,NHS Thanet CCG,1/31/2019,PLANNED CARE,EAST KENT MEDICAL SERVICES LTD T/A THE SPENCER WING,20190110E,"$221,770.24 "
Department of Health,NHS Thanet CCG,1/31/2019,PLANNED CARE,EAST KENT MEDICAL SERVICES LTD T/A THE SPENCER WING,20190210E,"$221,770.24 "
Department of Health,NHS Thanet CCG,1/31/2019,PLANNED CARE,EAST KENT THERAPY REHABILITATION ALLIANCE LTD,NHS31122018THANET,"$28,700.00 "
Department of Health,NHS Thanet CCG,1/31/2019,PLANNED CARE,ST ANNES GROUP PRACTICE,CAT433,"$53,919.50 "
Department of Health,NHS Thanet CCG,1/31/2019,PRC DELEGATED CO-COMMISSIONING,BETHESDA MEDICAL CENTRE,KC000085434,"($45,906.14)"
Department of Health,NHS Thanet CCG,1/31/2019,PRC DELEGATED CO-COMMISSIONING,BETHESDA MEDICAL CENTRE,KC000085435,"$190,244.22 "
Department of Health,NHS Thanet CCG,1/31/2019,PRC DELEGATED CO-COMMISSIONING,BIRCHINGTON MEDICAL CENTRE,KC000085415,"$79,311.57 "
Department of Health,NHS Thanet CCG,1/31/2019,PRC DELEGATED CO-COMMISSIONING,BROADSTAIRS MEDICAL PRACTICE,KC000085441,"$54,685.82 "
Department of Health,NHS Thanet CCG,1/31/2019,PRC DELEGATED CO-COMMISSIONING,DR AKYOL A & PARTNERS,KC000085417,"$67,406.36 "
Department of Health,NHS Thanet CCG,1/31/2019,PRC DELEGATED CO-COMMISSIONING,DR CARDWELL M D & PARTNER,KC000085419,"$80,286.97 "
Department of Health,NHS Thanet CCG,1/31/2019,PRC DELEGATED CO-COMMISSIONING,DR CROSFIELD C E & PARTNERS,KC000085421,"$83,860.85 "
Department of Health,NHS Thanet CCG,1/31/2019,PRC DELEGATED CO-COMMISSIONING,DR CROSFIELD C E & PARTNERS,KC000085716,"($1,830.40)"
Department of Health,NHS Thanet CCG,1/31/2019,PRC DELEGATED CO-COMMISSIONING,DR CROSFIELD C E & PARTNERS,KC000085717,"$13,218.04 "
Department of Health,NHS Thanet CCG,1/31/2019,PRC DELEGATED CO-COMMISSIONING,DR CUNARD A J K & PARTNER,KC000085423,"$46,941.43 "
Department of Health,NHS Thanet CCG,1/31/2019,PRC DELEGATED CO-COMMISSIONING,DR MARSHALL D I & PARTNERS,KC000085425,"$79,295.57 "
Department of Health,NHS Thanet CCG,1/31/2019,PRC DELEGATED CO-COMMISSIONING,DR N C WARD & PARTNERS,KC000085439,"$108,687.61 "
Department of Health,NHS Thanet CCG,1/31/2019,PRC DELEGATED CO-COMMISSIONING,DR SUMMERFIELD & PARTNERS,KC000085433,"$149,222.33 "
Department of Health,NHS Thanet CCG,1/31/2019,PRC DELEGATED CO-COMMISSIONING,EAST CLIFF PRACTICE,KC000085427,"$138,297.16 "
Department of Health,NHS Thanet CCG,1/31/2019,PRC DELEGATED CO-COMMISSIONING,NORTHDOWN SURGERY,KC000085437,"$77,581.38 "
Department of Health,NHS Thanet CCG,1/31/2019,PRC DELEGATED CO-COMMISSIONING,SUMMERHILL SURGERY RAMSGATE,KC000085429,"$55,995.24 "
Department of Health,NHS Thanet CCG,1/31/2019,PRC DELEGATED CO-COMMISSIONING,WESTGATE SURGERY,KC000085431,"$101,510.72 "
Department of Health,NHS Thanet CCG,1/31/2019,PRIMARY CARE IT,NHS NEL CSU,7312808209,"$19,197.62 "
Department of Health,NHS Thanet CCG,1/31/2019,REABLEMENT,KENT COUNTY COUNCIL (EXCH SEC MAIDSTONE),BCFTHAFEB19,"$833,091.00 "
Department of Health,NHS Thanet CCG,1/31/2019,REABLEMENT,KENT COUNTY COUNCIL (EXCH SEC MAIDSTONE),BCFTHAJAN19,"$833,091.00 "
Department of Health,NHS Thanet CCG,1/31/2019,RECHARGES NHS PROPERTY SERVICES LTD,NHS PROPERTY SERVICES LTD,00000001H15841,"$39,258.39 "
Department of Health,NHS Thanet CCG,1/31/2019,RECHARGES NHS PROPERTY SERVICES LTD,NHS PROPERTY SERVICES LTD,00000001H15848,"$39,258.39 "
Department of Health,NHS Thanet CCG,1/31/2019,RECHARGES NHS PROPERTY SERVICES LTD,NHS PROPERTY SERVICES LTD,00000001H32098,"$39,258.39 "
Department of Health,NHS Thanet CCG,1/31/2019,RECHARGES NHS PROPERTY SERVICES LTD,NHS PROPERTY SERVICES LTD,H129596,"$32,891.17 "
Department of Health,NHS Thanet CCG,1/31/2019,RECHARGES NHS PROPERTY SERVICES LTD,NHS PROPERTY SERVICES LTD,H132566,"($25,398.55)"
Department of Health,NHS Thanet CCG,1/31/2019,RECHARGES NHS PROPERTY SERVICES LTD,NHS PROPERTY SERVICES LTD,H138640,"($31,722.75)"
Department of Health,NHS Thanet CCG,1/31/2019,RECHARGES NHS PROPERTY SERVICES LTD,NHS PROPERTY SERVICES LTD,H138641,"($31,722.75)"
Department of Health,NHS Thanet CCG,1/31/2019,RECHARGES NHS PROPERTY SERVICES LTD,NHS PROPERTY SERVICES LTD,H138642,"($31,722.75)"
Department of Health,NHS Thanet CCG,1/31/2019,RECHARGES NHS PROPERTY SERVICES LTD,NHS PROPERTY SERVICES LTD,H43334,"$60,546.89 "
Department of Health,NHS Thanet CCG,1/31/2019,RECHARGES NHS PROPERTY SERVICES LTD,NHS PROPERTY SERVICES LTD,H55432,"($140,593.36)"
Department of Health,NHS Thanet CCG,1/31/2019,RECHARGES NHS PROPERTY SERVICES LTD,NHS PROPERTY SERVICES LTD,H55433,"($49,919.32)"
Department of Health,NHS Thanet CCG,1/31/2019,RECHARGES NHS PROPERTY SERVICES LTD,NHS PROPERTY SERVICES LTD,H61772,"$36,617.17 "
Department of Health,NHS Thanet CCG,1/31/2019,URGENT CARE,WHITSTABLE MEDICAL PRACTICE,THANETUTCSEPT18,"$27,602.00 "
Department of Health,NHS Thanet CCG,1/31/2019,WHEELCHAIR SERVICE,KENT COMMUNITY HEALTH NHS FOUNDATION TRUST,24062347,"($72,680.98)"
Department of Health,NHS Thanet CCG,1/31/2019,WHEELCHAIR SERVICE,MILLBROOK HEALTHCARE LTD,20170,"$41,215.83 "
Department of Health,NHS Thanet CCG,1/31/2019,WHEELCHAIR SERVICE,MILLBROOK HEALTHCARE LTD,20584,"$40,822.00 "
Department of Health,NHS Thanet CCG,1/31/2019,WHEELCHAIR SERVICE,MILLBROOK HEALTHCARE LTD,20940,"$40,822.00 "
