"Spend over �25,000 - Publication 01/08/2018 to 31/08/2018",,,,,,
,,,,,,
Department family,Entity,Date,Expense area,Supplier,Transaction number,AP Amount (�)
Department of Health,NHS Thanet CCG,8/31/2018,PRIMARY CARE DEVELOPMENT,NAPC SERVICES LTD,23327604,"$65,000.00 "
Department of Health,NHS Thanet CCG,8/31/2018,PRIMARY CARE DEVELOPMENT,NAPC SERVICES LTD,23327609,"$65,000.00 "
Department of Health,NHS Thanet CCG,8/31/2018,WHEELCHAIR SERVICE,MILLBROOK HEALTHCARE LTD,23327643,"$40,822.00 "
Department of Health,NHS Thanet CCG,8/31/2018,NCAS/OATS,BARTS HEALTH NHS TRUST,23336038,"$26,247.23 "
Department of Health,NHS Thanet CCG,8/31/2018,MENTAL HEALTH SERVICES - ADULTS,SOUTH LONDON AND MAUDSLEY NHS FOUNDATION TRUST,23351879,"$31,962.00 "
Department of Health,NHS Thanet CCG,8/31/2018,Children's Continuing Care,SOUTH LONDON AND MAUDSLEY NHS FOUNDATION TRUST,23351879,$518.00 
Department of Health,NHS Thanet CCG,8/31/2018,PLANNED CARE,ST ANNES GROUP PRACTICE,23412026,"$79,251.25 "
Department of Health,NHS Thanet CCG,8/31/2018,BALANCE SHEET,HMRC,23455722,($46.00)
Department of Health,NHS Thanet CCG,8/31/2018,BALANCE SHEET,HMRC,23455722,"$38,519.80 "
Department of Health,NHS Thanet CCG,8/31/2018,BALANCE SHEET,HMRC,23455722,$489.00 
Department of Health,NHS Thanet CCG,8/31/2018,BALANCE SHEET,HMRC,23455722,"$25,658.75 "
Department of Health,NHS Thanet CCG,8/31/2018,BALANCE SHEET,HMRC,23455722,"$18,528.44 "
Department of Health,NHS Thanet CCG,8/31/2018,BALANCE SHEET,HMRC,23455722,"($3,628.43)"
Department of Health,NHS Thanet CCG,8/31/2018,PLANNED CARE,EAST KENT THERAPY REHABILITATION ALLIANCE LTD,23459439,"$33,460.00 "
Department of Health,NHS Thanet CCG,8/31/2018,NCAS/OATS,LONDON NORTH WEST HEALTHCARE NHS TRUST,23462682,"$39,721.00 "
Department of Health,NHS Thanet CCG,8/31/2018,ACUTE COMMISSIONING,UNIVERSITY COLLEGE LONDON HOSPITALS NHS FOUNDATION TRUST,23462684,"$54,270.00 "
Department of Health,NHS Thanet CCG,8/31/2018,ACUTE COMMISSIONING,QUEEN VICTORIA HOSPITAL NHS FOUNDATION TRUST,23462711,"$34,148.00 "
Department of Health,NHS Thanet CCG,8/31/2018,CHILD AND ADOLESCENT MENTAL HEALTH,KENT AND MEDWAY NHS AND SOCIALCARE PARTNERSHIP TRUST,23489581,"$157,000.00 "
Department of Health,NHS Thanet CCG,8/31/2018,ACUTE COMMISSIONING,EAST KENT HOSPITALS UNIVERSITY NHS FOUNDATION TRUST,23489587,"$783,504.30 "
Department of Health,NHS Thanet CCG,8/31/2018,ACUTE COMMISSIONING,GUYS & ST THOMAS HOSPITAL NHS FOUNDATION TRUST,23489589,"$154,581.00 "
Department of Health,NHS Thanet CCG,8/31/2018,ACUTE COMMISSIONING,KING`S COLLEGE HOSPITAL NHS FOUNDATION TRUST,23489592,"$134,448.00 "
Department of Health,NHS Thanet CCG,8/31/2018,COMMUNITY SERVICES,KENT COMMUNITY HEALTH NHS FOUNDATION TRUST,23489593,"$1,358,002.00 "
Department of Health,NHS Thanet CCG,8/31/2018,LEARNING DIFFICULTIES,KENT COMMUNITY HEALTH NHS FOUNDATION TRUST,23489595,"$466,953.00 "
Department of Health,NHS Thanet CCG,8/31/2018,CHILD AND ADOLESCENT MENTAL HEALTH,KENT AND MEDWAY NHS AND SOCIALCARE PARTNERSHIP TRUST,23489598,"$93,043.00 "
Department of Health,NHS Thanet CCG,8/31/2018,LEARNING DIFFICULTIES,KENT AND MEDWAY NHS AND SOCIALCARE PARTNERSHIP TRUST,23489599,"$349,496.00 "
Department of Health,NHS Thanet CCG,8/31/2018,MENTAL HEALTH CONTRACTS,KENT AND MEDWAY NHS AND SOCIALCARE PARTNERSHIP TRUST,23489602,"$1,268,019.00 "
Department of Health,NHS Thanet CCG,8/31/2018,AMBULANCE SERVICES,SOUTH EAST COAST AMBULANCE SERVICE NHS FOUNDATION TRUST,23489603,"$606,718.65 "
Department of Health,NHS Thanet CCG,8/31/2018,NHS 111,INTEGRATED CARE 24 LTD,23489606,"$64,761.60 "
Department of Health,NHS Thanet CCG,8/31/2018,OUT OF HOURS,INTEGRATED CARE 24 LTD,23489606,"$127,725.83 "
Department of Health,NHS Thanet CCG,8/31/2018,CHILD AND ADOLESCENT MENTAL HEALTH,NORTH EAST LONDON NHS FOUNDATION TRUST,23489611,"$155,205.00 "
Department of Health,NHS Thanet CCG,8/31/2018,PRC DELEGATED CO-COMMISSIONING,BIRCHINGTON MEDICAL CENTRE,23495983,"$4,239.00 "
Department of Health,NHS Thanet CCG,8/31/2018,PRC DELEGATED CO-COMMISSIONING,BIRCHINGTON MEDICAL CENTRE,23495983,$44.53 
Department of Health,NHS Thanet CCG,8/31/2018,PRC DELEGATED CO-COMMISSIONING,BIRCHINGTON MEDICAL CENTRE,23495983,"$73,904.74 "
Department of Health,NHS Thanet CCG,8/31/2018,LOCAL ENHANCED SERVICES,BIRCHINGTON MEDICAL CENTRE,23495983,"$1,798.00 "
Department of Health,NHS Thanet CCG,8/31/2018,PRC DELEGATED CO-COMMISSIONING,DR AKYOL A & PARTNERS,23495984,"$3,781.00 "
Department of Health,NHS Thanet CCG,8/31/2018,PRC DELEGATED CO-COMMISSIONING,DR AKYOL A & PARTNERS,23495984,"$5,611.32 "
Department of Health,NHS Thanet CCG,8/31/2018,PRC DELEGATED CO-COMMISSIONING,DR AKYOL A & PARTNERS,23495984,"$56,501.78 "
Department of Health,NHS Thanet CCG,8/31/2018,LOCAL ENHANCED SERVICES,DR AKYOL A & PARTNERS,23495984,"$1,385.00 "
Department of Health,NHS Thanet CCG,8/31/2018,PRC DELEGATED CO-COMMISSIONING,DR CARDWELL M D & PARTNER,23495985,($337.60)
Department of Health,NHS Thanet CCG,8/31/2018,PRC DELEGATED CO-COMMISSIONING,DR CARDWELL M D & PARTNER,23495985,($324.13)
Department of Health,NHS Thanet CCG,8/31/2018,PRC DELEGATED CO-COMMISSIONING,DR CARDWELL M D & PARTNER,23495985,"($25,236.40)"
Department of Health,NHS Thanet CCG,8/31/2018,PRC DELEGATED CO-COMMISSIONING,DR CARDWELL M D & PARTNER,23495985,"($3,605.57)"
Department of Health,NHS Thanet CCG,8/31/2018,PRC DELEGATED CO-COMMISSIONING,DR CARDWELL M D & PARTNER,23495985,"($6,642.00)"
Department of Health,NHS Thanet CCG,8/31/2018,PRC DELEGATED CO-COMMISSIONING,DR CARDWELL M D & PARTNER,23495985,"($11,656.96)"
Department of Health,NHS Thanet CCG,8/31/2018,PRC DELEGATED CO-COMMISSIONING,DR CARDWELL M D & PARTNER,23495985,"($22,850.00)"
Department of Health,NHS Thanet CCG,8/31/2018,PRC DELEGATED CO-COMMISSIONING,DR CARDWELL M D & PARTNER,23495986,"$4,843.50 "
Department of Health,NHS Thanet CCG,8/31/2018,PRC DELEGATED CO-COMMISSIONING,DR CARDWELL M D & PARTNER,23495986,$578.94 
Department of Health,NHS Thanet CCG,8/31/2018,PRC DELEGATED CO-COMMISSIONING,DR CARDWELL M D & PARTNER,23495986,"$73,958.54 "
Department of Health,NHS Thanet CCG,8/31/2018,LOCAL ENHANCED SERVICES,DR CARDWELL M D & PARTNER,23495986,"$1,799.00 "
Department of Health,NHS Thanet CCG,8/31/2018,PRC DELEGATED CO-COMMISSIONING,DR CROSFIELD C E & PARTNERS,23495987,"$4,020.25 "
Department of Health,NHS Thanet CCG,8/31/2018,PRC DELEGATED CO-COMMISSIONING,DR CROSFIELD C E & PARTNERS,23495987,"$1,781.29 "
Department of Health,NHS Thanet CCG,8/31/2018,PRC DELEGATED CO-COMMISSIONING,DR CROSFIELD C E & PARTNERS,23495987,"$64,295.04 "
Department of Health,NHS Thanet CCG,8/31/2018,LOCAL ENHANCED SERVICES,DR CROSFIELD C E & PARTNERS,23495987,"$1,561.00 "
Department of Health,NHS Thanet CCG,8/31/2018,PRC DELEGATED CO-COMMISSIONING,DR CROSFIELD C E & PARTNERS,23495987,$313.57 
Department of Health,NHS Thanet CCG,8/31/2018,PRC DELEGATED CO-COMMISSIONING,DR CUNARD A J K & PARTNER,23495988,"$2,191.75 "
Department of Health,NHS Thanet CCG,8/31/2018,PRC DELEGATED CO-COMMISSIONING,DR CUNARD A J K & PARTNER,23495988,"$33,735.45 "
Department of Health,NHS Thanet CCG,8/31/2018,LOCAL ENHANCED SERVICES,DR CUNARD A J K & PARTNER,23495988,$830.00 
Department of Health,NHS Thanet CCG,8/31/2018,PRC DELEGATED CO-COMMISSIONING,DR MARSHALL D I & PARTNERS,23495989,"$4,344.75 "
Department of Health,NHS Thanet CCG,8/31/2018,PRC DELEGATED CO-COMMISSIONING,DR MARSHALL D I & PARTNERS,23495989,$979.69 
Department of Health,NHS Thanet CCG,8/31/2018,PRC DELEGATED CO-COMMISSIONING,DR MARSHALL D I & PARTNERS,23495989,"$68,121.32 "
Department of Health,NHS Thanet CCG,8/31/2018,LOCAL ENHANCED SERVICES,DR MARSHALL D I & PARTNERS,23495989,"$1,643.00 "
Department of Health,NHS Thanet CCG,8/31/2018,PRC DELEGATED CO-COMMISSIONING,EAST CLIFF PRACTICE,23495990,"$7,559.75 "
Department of Health,NHS Thanet CCG,8/31/2018,PRC DELEGATED CO-COMMISSIONING,EAST CLIFF PRACTICE,23495990,"$1,469.58 "
Department of Health,NHS Thanet CCG,8/31/2018,PRC DELEGATED CO-COMMISSIONING,EAST CLIFF PRACTICE,23495990,"$122,524.22 "
Department of Health,NHS Thanet CCG,8/31/2018,LOCAL ENHANCED SERVICES,EAST CLIFF PRACTICE,23495990,"$3,006.00 "
Department of Health,NHS Thanet CCG,8/31/2018,PRC DELEGATED CO-COMMISSIONING,EAST CLIFF PRACTICE,23495990,"$6,600.00 "
Department of Health,NHS Thanet CCG,8/31/2018,PRC DELEGATED CO-COMMISSIONING,SUMMERHILL SURGERY RAMSGATE,23495991,"$2,992.00 "
Department of Health,NHS Thanet CCG,8/31/2018,PRC DELEGATED CO-COMMISSIONING,SUMMERHILL SURGERY RAMSGATE,23495991,"$48,200.15 "
Department of Health,NHS Thanet CCG,8/31/2018,LOCAL ENHANCED SERVICES,SUMMERHILL SURGERY RAMSGATE,23495991,"$1,185.00 "
Department of Health,NHS Thanet CCG,8/31/2018,PRC DELEGATED CO-COMMISSIONING,WESTGATE SURGERY,23495992,"$4,860.00 "
Department of Health,NHS Thanet CCG,8/31/2018,PRC DELEGATED CO-COMMISSIONING,WESTGATE SURGERY,23495992,$222.65 
Department of Health,NHS Thanet CCG,8/31/2018,PRC DELEGATED CO-COMMISSIONING,WESTGATE SURGERY,23495992,"$84,493.53 "
Department of Health,NHS Thanet CCG,8/31/2018,LOCAL ENHANCED SERVICES,WESTGATE SURGERY,23495992,"$2,054.00 "
Department of Health,NHS Thanet CCG,8/31/2018,PRC DELEGATED CO-COMMISSIONING,WESTGATE SURGERY,23495992,"$6,278.00 "
Department of Health,NHS Thanet CCG,8/31/2018,PRC DELEGATED CO-COMMISSIONING,WESTGATE SURGERY,23495992,$324.74 
Department of Health,NHS Thanet CCG,8/31/2018,PRC DELEGATED CO-COMMISSIONING,DR SUMMERFIELD & PARTNERS,23495993,"$121,390.64 "
Department of Health,NHS Thanet CCG,8/31/2018,PRC DELEGATED CO-COMMISSIONING,DR SUMMERFIELD & PARTNERS,23495993,"$7,651.75 "
Department of Health,NHS Thanet CCG,8/31/2018,LOCAL ENHANCED SERVICES,DR SUMMERFIELD & PARTNERS,23495993,"$2,971.00 "
Department of Health,NHS Thanet CCG,8/31/2018,PRC DELEGATED CO-COMMISSIONING,BETHESDA MEDICAL CENTRE,23495994,"$9,265.50 "
Department of Health,NHS Thanet CCG,8/31/2018,PRC DELEGATED CO-COMMISSIONING,BETHESDA MEDICAL CENTRE,23495994,$445.35 
Department of Health,NHS Thanet CCG,8/31/2018,LOCAL ENHANCED SERVICES,BETHESDA MEDICAL CENTRE,23495994,"$3,732.00 "
Department of Health,NHS Thanet CCG,8/31/2018,PRC DELEGATED CO-COMMISSIONING,BETHESDA MEDICAL CENTRE,23495994,"$33,245.22 "
Department of Health,NHS Thanet CCG,8/31/2018,PRC DELEGATED CO-COMMISSIONING,BETHESDA MEDICAL CENTRE,23495994,$262.87 
Department of Health,NHS Thanet CCG,8/31/2018,PRC DELEGATED CO-COMMISSIONING,NORTHDOWN SURGERY,23495995,"$75,722.42 "
Department of Health,NHS Thanet CCG,8/31/2018,LOCAL ENHANCED SERVICES,NORTHDOWN SURGERY,23495995,"$1,833.00 "
Department of Health,NHS Thanet CCG,8/31/2018,PRC DELEGATED CO-COMMISSIONING,NORTHDOWN SURGERY,23495995,$731.53 
Department of Health,NHS Thanet CCG,8/31/2018,PRC DELEGATED CO-COMMISSIONING,DR N C WARD & PARTNERS,23495996,"$5,713.00 "
Department of Health,NHS Thanet CCG,8/31/2018,PRC DELEGATED CO-COMMISSIONING,DR N C WARD & PARTNERS,23495996,"$93,271.69 "
Department of Health,NHS Thanet CCG,8/31/2018,LOCAL ENHANCED SERVICES,DR N C WARD & PARTNERS,23495996,"$2,241.00 "
Department of Health,NHS Thanet CCG,8/31/2018,PRC DELEGATED CO-COMMISSIONING,BROADSTAIRS MEDICAL PRACTICE,23495997,"$50,856.07 "
Department of Health,NHS Thanet CCG,8/31/2018,LOCAL ENHANCED SERVICES,BROADSTAIRS MEDICAL PRACTICE,23495997,"$1,243.00 "
Department of Health,NHS Thanet CCG,8/31/2018,LOCAL ENHANCED SERVICES,DR CROSFIELD C E & PARTNERS,23528109,"($25,944.38)"
Department of Health,NHS Thanet CCG,8/31/2018,PRC DELEGATED CO-COMMISSIONING,DR CROSFIELD C E & PARTNERS,23528109,"($1,601.60)"
Department of Health,NHS Thanet CCG,8/31/2018,LOCAL ENHANCED SERVICES,DR CROSFIELD C E & PARTNERS,23528110,"$56,734.97 "
Department of Health,NHS Thanet CCG,8/31/2018,PRC DELEGATED CO-COMMISSIONING,DR CROSFIELD C E & PARTNERS,23528110,"$8,260.80 "
Department of Health,NHS Thanet CCG,8/31/2018,LOCAL ENHANCED SERVICES,DR CROSFIELD C E & PARTNERS,23528110,"$1,601.60 "
Department of Health,NHS Thanet CCG,8/31/2018,PRIMARY CARE DEVELOPMENT,CDW LTD,23540022,"$38,482.80 "
Department of Health,NHS Thanet CCG,8/31/2018,PLANNED CARE,EAST KENT MEDICAL SERVICES LTD T/A THE SPENCER WING,23564233,"$221,770.24 "
Department of Health,NHS Thanet CCG,8/31/2018,ACUTE COMMISSIONING,EAST KENT HOSPITALS UNIVERSITY NHS FOUNDATION TRUST,23564254,"$7,051,538.70 "
Department of Health,NHS Thanet CCG,8/31/2018,CHC ADULT FULLY FUNDED,SHOTTENDANE NURSING HOME,23584582,"$13,893.71 "
Department of Health,NHS Thanet CCG,8/31/2018,CHC ADULT FULLY FUNDED,SHOTTENDANE NURSING HOME,23584582,"$14,349.25 "
Department of Health,NHS Thanet CCG,8/31/2018,CHC ADULT FULLY FUNDED,ACTION ON HEARING LOSS,23584715,"$25,735.89 "
Department of Health,NHS Thanet CCG,8/31/2018,HOSPICES,PILGRIMS HOSPICES IN EAST KENT,23663879,"$54,987.44 "
Department of Health,NHS Thanet CCG,8/31/2018,NCAS/OATS,MAIDSTONE AND TUNBRIDGE WELLS NHS TRUST,23663938,"$44,874.84 "
Department of Health,NHS Thanet CCG,8/31/2018,REABLEMENT,KENT COUNTY COUNCIL (EXCH SEC MAIDSTONE),23663942,"$833,091.00 "
Department of Health,NHS Thanet CCG,8/31/2018,CONTINUING HEALTHCARE ASSESSMENT & SUPPORT,NHS NEL CSU,23678125,"$33,855.00 "
,,,,,,
