"Spend over �25,000 - Publication 01/10/2018 to 31/10/2018",,,,,,
,,,,,,
Department family,Entity,Date,Expense area,Supplier,Purchase invoice number,AP Amount (�)
Department of Health,NHS Thanet CCG,10/31/2018,ACUTE COMMISSIONING,EAST KENT HOSPITALS UNIVERSITY NHS FOUNDATION TRUST,890382,"$358,302.00 "
Department of Health,NHS Thanet CCG,10/31/2018,ACUTE COMMISSIONING,EAST KENT HOSPITALS UNIVERSITY NHS FOUNDATION TRUST,893937,"$815,268.00 "
Department of Health,NHS Thanet CCG,10/31/2018,ACUTE COMMISSIONING,EAST KENT HOSPITALS UNIVERSITY NHS FOUNDATION TRUST,894329,"$679,378.56 "
Department of Health,NHS Thanet CCG,10/31/2018,ACUTE COMMISSIONING,EAST KENT HOSPITALS UNIVERSITY NHS FOUNDATION TRUST,895048,"$850,744.15 "
Department of Health,NHS Thanet CCG,10/31/2018,ACUTE COMMISSIONING,EAST KENT HOSPITALS UNIVERSITY NHS FOUNDATION TRUST,895987,"($353,100.00)"
Department of Health,NHS Thanet CCG,10/31/2018,ACUTE COMMISSIONING,EAST KENT HOSPITALS UNIVERSITY NHS FOUNDATION TRUST,895991,"($776,820.00)"
Department of Health,NHS Thanet CCG,10/31/2018,ACUTE COMMISSIONING,EAST KENT HOSPITALS UNIVERSITY NHS FOUNDATION TRUST,896635,"$211,261.00 "
Department of Health,NHS Thanet CCG,10/31/2018,ACUTE COMMISSIONING,EAST KENT HOSPITALS UNIVERSITY NHS FOUNDATION TRUST,898553,"$783,504.30 "
Department of Health,NHS Thanet CCG,10/31/2018,ACUTE COMMISSIONING,EAST KENT HOSPITALS UNIVERSITY NHS FOUNDATION TRUST,899281,"$7,051,538.70 "
Department of Health,NHS Thanet CCG,10/31/2018,ACUTE COMMISSIONING,GUYS & ST THOMAS HOSPITAL NHS FOUNDATION TRUST,3247649,"$154,581.00 "
Department of Health,NHS Thanet CCG,10/31/2018,ACUTE COMMISSIONING,KING`S COLLEGE HOSPITAL NHS FOUNDATION TRUST,00262924,"$134,448.00 "
Department of Health,NHS Thanet CCG,10/31/2018,ACUTE COMMISSIONING,QUEEN VICTORIA HOSPITAL NHS FOUNDATION TRUST,2010016129,"$34,148.00 "
Department of Health,NHS Thanet CCG,10/31/2018,ACUTE COMMISSIONING,ROYAL NATIONAL ORTHOPAEDIC HOSPITAL NHS TRUST,B0037215,"$25,698.00 "
Department of Health,NHS Thanet CCG,10/31/2018,ACUTE COMMISSIONING,UNIVERSITY COLLEGE LONDON HOSPITALS NHS FOUNDATION TRUST,SLA4200,"$54,270.00 "
Department of Health,NHS Thanet CCG,10/31/2018,AMBULANCE SERVICES,SOUTH EAST COAST AMBULANCE SERVICE NHS FOUNDATION TRUST,7881239,"$606,718.65 "
Department of Health,NHS Thanet CCG,10/31/2018,CHC ADULT FULLY FUNDED,SHOTTENDANE NURSING HOME,SD160276,"$34,164.90 "
Department of Health,NHS Thanet CCG,10/31/2018,CHILD AND ADOLESCENT MENTAL HEALTH,NORTH EAST LONDON NHS FOUNDATION TRUST,0000052028,"$155,205.00 "
Department of Health,NHS Thanet CCG,10/31/2018,COMMISSIONING,NHS NEL CSU,7312807275,"$20,173.85 "
Department of Health,NHS Thanet CCG,10/31/2018,COMMISSIONING,OPTUM HEALTH SOLUTIONS (UK) LTD,0001087732,"$31,234.57 "
Department of Health,NHS Thanet CCG,10/31/2018,COMMISSIONING,OPTUM HEALTH SOLUTIONS (UK) LTD,0001090183,"$31,234.57 "
Department of Health,NHS Thanet CCG,10/31/2018,COMMISSIONING,OPTUM HEALTH SOLUTIONS (UK) LTD,0001092343,"$31,234.57 "
Department of Health,NHS Thanet CCG,10/31/2018,COMMISSIONING,OPTUM HEALTH SOLUTIONS (UK) LTD,0001094606,"$31,234.57 "
Department of Health,NHS Thanet CCG,10/31/2018,COMMUNITY SERVICES,KENT COMMUNITY HEALTH NHS FOUNDATION TRUST,24061526,"$139,320.00 "
Department of Health,NHS Thanet CCG,10/31/2018,COMMUNITY SERVICES,KENT COMMUNITY HEALTH NHS FOUNDATION TRUST,24062788,"$1,296,523.00 "
Department of Health,NHS Thanet CCG,10/31/2018,COMMUNITY SERVICES,NOTTINGHAM REHAB LTD,1800105809,"$67,517.93 "
Department of Health,NHS Thanet CCG,10/31/2018,CONTINUING HEALTHCARE ASSESSMENT & SUPPORT,NHS NEL CSU,7312807275,"$44,976.18 "
Department of Health,NHS Thanet CCG,10/31/2018,CORPORATE COSTS & SERVICES,MAIDSTONE AND TUNBRIDGE WELLS NHS TRUST,4000111073,"$58,854.43 "
Department of Health,NHS Thanet CCG,10/31/2018,CORPORATE COSTS & SERVICES,MAIDSTONE AND TUNBRIDGE WELLS NHS TRUST,4000111074,"$19,989.42 "
Department of Health,NHS Thanet CCG,10/31/2018,CORPORATE COSTS & SERVICES,MAIDSTONE AND TUNBRIDGE WELLS NHS TRUST,4000111075,"$18,882.41 "
Department of Health,NHS Thanet CCG,10/31/2018,CORPORATE COSTS & SERVICES,MAIDSTONE AND TUNBRIDGE WELLS NHS TRUST,4000111076,"$18,940.69 "
Department of Health,NHS Thanet CCG,10/31/2018,CORPORATE COSTS & SERVICES,MAIDSTONE AND TUNBRIDGE WELLS NHS TRUST,4000112539,"$16,052.11 "
Department of Health,NHS Thanet CCG,10/31/2018,CORPORATE COSTS & SERVICES,MAIDSTONE AND TUNBRIDGE WELLS NHS TRUST,4000112540,"$16,057.38 "
Department of Health,NHS Thanet CCG,10/31/2018,CORPORATE COSTS & SERVICES,MAIDSTONE AND TUNBRIDGE WELLS NHS TRUST,4000112541,"$16,057.38 "
Department of Health,NHS Thanet CCG,10/31/2018,Children's Continuing Care,SOUTH LONDON AND MAUDSLEY NHS FOUNDATION TRUST,B0008622,$518.00 
Department of Health,NHS Thanet CCG,10/31/2018,HOSPICES,PILGRIMS HOSPICES IN EAST KENT,0000005291,"$54,987.44 "
Department of Health,NHS Thanet CCG,10/31/2018,IMPROVING ACCESS TO PSYCHOLOGICAL THERAPIES,ADDACTION,SIN007396,"$37,520.00 "
Department of Health,NHS Thanet CCG,10/31/2018,IMPROVING ACCESS TO PSYCHOLOGICAL THERAPIES,ADDACTION,SIN007481,"$37,930.00 "
Department of Health,NHS Thanet CCG,10/31/2018,IMPROVING ACCESS TO PSYCHOLOGICAL THERAPIES,ADDACTION,SIN007589,"$34,790.00 "
Department of Health,NHS Thanet CCG,10/31/2018,IMPROVING ACCESS TO PSYCHOLOGICAL THERAPIES,DOVER COUNSELLING CENTRE,5377,"$43,830.00 "
Department of Health,NHS Thanet CCG,10/31/2018,LEARNING DIFFICULTIES,KENT AND MEDWAY NHS AND SOCIALCARE PARTNERSHIP TRUST,13605024,"$349,496.00 "
Department of Health,NHS Thanet CCG,10/31/2018,LEARNING DIFFICULTIES,KENT COMMUNITY HEALTH NHS FOUNDATION TRUST,24062789,"$466,953.00 "
Department of Health,NHS Thanet CCG,10/31/2018,LOCAL ENHANCED SERVICES,BETHESDA MEDICAL CENTRE,KC000082320,"$3,662.17 "
Department of Health,NHS Thanet CCG,10/31/2018,LOCAL ENHANCED SERVICES,BIRCHINGTON MEDICAL CENTRE,KC000082300,"$2,282.33 "
Department of Health,NHS Thanet CCG,10/31/2018,LOCAL ENHANCED SERVICES,BROADSTAIRS MEDICAL PRACTICE,KC000082326,$249.41 
Department of Health,NHS Thanet CCG,10/31/2018,LOCAL ENHANCED SERVICES,DR AKYOL A & PARTNERS,KC000082302,"$1,433.54 "
Department of Health,NHS Thanet CCG,10/31/2018,LOCAL ENHANCED SERVICES,DR CARDWELL M D & PARTNER,KC000082304,"$1,721.44 "
Department of Health,NHS Thanet CCG,10/31/2018,LOCAL ENHANCED SERVICES,DR CROSFIELD C E & PARTNERS,KC000082504,"($31,067.06)"
Department of Health,NHS Thanet CCG,10/31/2018,LOCAL ENHANCED SERVICES,DR CROSFIELD C E & PARTNERS,KC000082505,"$68,874.30 "
Department of Health,NHS Thanet CCG,10/31/2018,LOCAL ENHANCED SERVICES,DR CUNARD A J K & PARTNER,KC000082308,$107.82 
Department of Health,NHS Thanet CCG,10/31/2018,LOCAL ENHANCED SERVICES,DR MARSHALL D I & PARTNERS,KC000082310,"$2,993.08 "
Department of Health,NHS Thanet CCG,10/31/2018,LOCAL ENHANCED SERVICES,DR N C WARD & PARTNERS,KC000082324,"$3,157.87 "
Department of Health,NHS Thanet CCG,10/31/2018,LOCAL ENHANCED SERVICES,DR SUMMERFIELD & PARTNERS,KC000082318,"$2,943.29 "
Department of Health,NHS Thanet CCG,10/31/2018,LOCAL ENHANCED SERVICES,EAST CLIFF PRACTICE,EC524,"$32,500.00 "
Department of Health,NHS Thanet CCG,10/31/2018,LOCAL ENHANCED SERVICES,EAST CLIFF PRACTICE,KC000082312,"$4,941.65 "
Department of Health,NHS Thanet CCG,10/31/2018,LOCAL ENHANCED SERVICES,NORTHDOWN SURGERY,KC000082322,"$2,097.48 "
Department of Health,NHS Thanet CCG,10/31/2018,LOCAL ENHANCED SERVICES,PAYDENS LTD,310918,"$30,792.80 "
Department of Health,NHS Thanet CCG,10/31/2018,LOCAL ENHANCED SERVICES,SUMMERHILL SURGERY RAMSGATE,KC000082314,"$2,039.65 "
Department of Health,NHS Thanet CCG,10/31/2018,LOCAL ENHANCED SERVICES,WESTGATE SURGERY,KC000082316,"$2,332.26 "
Department of Health,NHS Thanet CCG,10/31/2018,LONG TERM CONDITIONS,KENT COMMUNITY HEALTH NHS FOUNDATION TRUST,24062377,"$34,149.00 "
Department of Health,NHS Thanet CCG,10/31/2018,LONG TERM CONDITIONS,KENT COMMUNITY HEALTH NHS FOUNDATION TRUST,24062684,"$34,149.00 "
Department of Health,NHS Thanet CCG,10/31/2018,LONG TERM CONDITIONS,KENT COMMUNITY HEALTH NHS FOUNDATION TRUST,24063160,"($34,149.00)"
Department of Health,NHS Thanet CCG,10/31/2018,MENTAL HEALTH CONTRACTS,KENT AND MEDWAY NHS AND SOCIALCARE PARTNERSHIP TRUST,13605025,"$1,268,019.00 "
Department of Health,NHS Thanet CCG,10/31/2018,MENTAL HEALTH SERVICES - ADULTS,CYGNET BEHAVIOURAL HEALTH LTD,CHR0067180,"$32,394.18 "
Department of Health,NHS Thanet CCG,10/31/2018,MENTAL HEALTH SERVICES - ADULTS,SOUTH LONDON AND MAUDSLEY NHS FOUNDATION TRUST,B0008622,"$31,962.00 "
Department of Health,NHS Thanet CCG,10/31/2018,NCAS/OATS,MAIDSTONE AND TUNBRIDGE WELLS NHS TRUST,4000110062,"$26,161.97 "
Department of Health,NHS Thanet CCG,10/31/2018,NCAS/OATS,MAIDSTONE AND TUNBRIDGE WELLS NHS TRUST,4000112400,"$30,034.98 "
Department of Health,NHS Thanet CCG,10/31/2018,NCAS/OATS,WHITSTABLE MEDICAL PRACTICE,UTCTHANETJULY18,"$29,362.00 "
Department of Health,NHS Thanet CCG,10/31/2018,NHS 111,INTEGRATED CARE 24 LTD,1974,"$64,761.60 "
Department of Health,NHS Thanet CCG,10/31/2018,OUT OF HOURS,INTEGRATED CARE 24 LTD,1974,"$127,725.83 "
Department of Health,NHS Thanet CCG,10/31/2018,PATIENT TRANSPORT,G4S HEALTH SERVICES UK LTD,90308686,"$148,781.76 "
Department of Health,NHS Thanet CCG,10/31/2018,PLANNED CARE,EAST KENT MEDICAL SERVICES LTD T/A THE SPENCER WING,201804A10E,"$66,175.51 "
Department of Health,NHS Thanet CCG,10/31/2018,PLANNED CARE,EAST KENT MEDICAL SERVICES LTD T/A THE SPENCER WING,201805A10E,"$140,536.71 "
Department of Health,NHS Thanet CCG,10/31/2018,PLANNED CARE,EAST KENT MEDICAL SERVICES LTD T/A THE SPENCER WING,201806A10E,"$95,646.30 "
Department of Health,NHS Thanet CCG,10/31/2018,PLANNED CARE,EAST KENT MEDICAL SERVICES LTD T/A THE SPENCER WING,20181110E,"$221,770.24 "
Department of Health,NHS Thanet CCG,10/31/2018,PLANNED CARE,EAST KENT THERAPY REHABILITATION ALLIANCE LTD,NHS30092018THAN,"$28,700.00 "
Department of Health,NHS Thanet CCG,10/31/2018,PLANNED CARE,ST ANNES GROUP PRACTICE,CAT415,"$73,357.75 "
Department of Health,NHS Thanet CCG,10/31/2018,PRC DELEGATED CO-COMMISSIONING,BETHESDA MEDICAL CENTRE,KC000082320,"$196,552.49 "
Department of Health,NHS Thanet CCG,10/31/2018,PRC DELEGATED CO-COMMISSIONING,BIRCHINGTON MEDICAL CENTRE,KC000082300,"$80,197.15 "
Department of Health,NHS Thanet CCG,10/31/2018,PRC DELEGATED CO-COMMISSIONING,BROADSTAIRS MEDICAL PRACTICE,KC000082326,"$57,341.82 "
Department of Health,NHS Thanet CCG,10/31/2018,PRC DELEGATED CO-COMMISSIONING,DR AKYOL A & PARTNERS,KC000082302,"$68,073.74 "
Department of Health,NHS Thanet CCG,10/31/2018,PRC DELEGATED CO-COMMISSIONING,DR CARDWELL M D & PARTNER,KC000082304,"$80,797.18 "
Department of Health,NHS Thanet CCG,10/31/2018,PRC DELEGATED CO-COMMISSIONING,DR CROSFIELD C E & PARTNERS,KC000082306,"$86,112.18 "
Department of Health,NHS Thanet CCG,10/31/2018,PRC DELEGATED CO-COMMISSIONING,DR CROSFIELD C E & PARTNERS,KC000082504,"($2,068.00)"
Department of Health,NHS Thanet CCG,10/31/2018,PRC DELEGATED CO-COMMISSIONING,DR CROSFIELD C E & PARTNERS,KC000082505,"$9,917.84 "
Department of Health,NHS Thanet CCG,10/31/2018,PRC DELEGATED CO-COMMISSIONING,DR CUNARD A J K & PARTNER,KC000082308,"$43,812.76 "
Department of Health,NHS Thanet CCG,10/31/2018,PRC DELEGATED CO-COMMISSIONING,DR MARSHALL D I & PARTNERS,KC000082310,"$80,452.63 "
Department of Health,NHS Thanet CCG,10/31/2018,PRC DELEGATED CO-COMMISSIONING,DR N C WARD & PARTNERS,KC000082324,"$102,038.47 "
Department of Health,NHS Thanet CCG,10/31/2018,PRC DELEGATED CO-COMMISSIONING,DR SUMMERFIELD & PARTNERS,KC000082318,"$145,318.96 "
Department of Health,NHS Thanet CCG,10/31/2018,PRC DELEGATED CO-COMMISSIONING,EAST CLIFF PRACTICE,KC000082312,"$134,600.87 "
Department of Health,NHS Thanet CCG,10/31/2018,PRC DELEGATED CO-COMMISSIONING,NORTHDOWN SURGERY,KC000082322,"$83,798.69 "
Department of Health,NHS Thanet CCG,10/31/2018,PRC DELEGATED CO-COMMISSIONING,SUMMERHILL SURGERY RAMSGATE,KC000082314,"$57,116.85 "
Department of Health,NHS Thanet CCG,10/31/2018,PRC DELEGATED CO-COMMISSIONING,WESTGATE SURGERY,KC000082316,"$98,849.18 "
Department of Health,NHS Thanet CCG,10/31/2018,PRIMARY CARE IT,NHS NEL CSU,7312807275,"$19,197.84 "
Department of Health,NHS Thanet CCG,10/31/2018,PROGRAMME PROJECTS,MAIDSTONE AND TUNBRIDGE WELLS NHS TRUST,4000111073,"$130,998.57 "
Department of Health,NHS Thanet CCG,10/31/2018,PROGRAMME PROJECTS,MAIDSTONE AND TUNBRIDGE WELLS NHS TRUST,4000111074,"$44,492.58 "
Department of Health,NHS Thanet CCG,10/31/2018,PROGRAMME PROJECTS,MAIDSTONE AND TUNBRIDGE WELLS NHS TRUST,4000111075,"$42,028.59 "
Department of Health,NHS Thanet CCG,10/31/2018,PROGRAMME PROJECTS,MAIDSTONE AND TUNBRIDGE WELLS NHS TRUST,4000111076,"$42,158.31 "
Department of Health,NHS Thanet CCG,10/31/2018,PROGRAMME PROJECTS,MAIDSTONE AND TUNBRIDGE WELLS NHS TRUST,4000112539,"$35,728.89 "
Department of Health,NHS Thanet CCG,10/31/2018,PROGRAMME PROJECTS,MAIDSTONE AND TUNBRIDGE WELLS NHS TRUST,4000112540,"$35,740.62 "
Department of Health,NHS Thanet CCG,10/31/2018,PROGRAMME PROJECTS,MAIDSTONE AND TUNBRIDGE WELLS NHS TRUST,4000112541,"$35,740.62 "
Department of Health,NHS Thanet CCG,10/31/2018,REABLEMENT,KENT COUNTY COUNCIL (EXCH SEC MAIDSTONE),BCFTHANOV18,"$833,091.00 "
Department of Health,NHS Thanet CCG,10/31/2018,WHEELCHAIR SERVICE,MILLBROOK HEALTHCARE LTD,19555,"$40,822.00 "
