Department family,Entity,Date,Expense Type,Expense area,Supplier,Transaction number,AP Amount (�),VAT registration number,Purchase invoice number
Department of Health,NHS Trafford CCG,12/31/2018,Cont Care-Physical Disab (65+),CHC ADULT FULLY FUNDED,SHAWE LODGE NURSING HOME,24980591,"(50,399.71)",,MANSL286290CN
Department of Health,NHS Trafford CCG,12/31/2018,Other professional fees,PRIMARY CARE DEVELOPMENT,SELJAHOL LTD,25005064,"26,956.51 ",,CHP001
Department of Health,NHS Trafford CCG,12/31/2018,Basic Sal-Rechgs to-from Other NHS,CONTRACT MANAGEMENT,NHS MANCHESTER CCG,25025171,"168,627.08 ",,7031300161
Department of Health,NHS Trafford CCG,12/31/2018,Clinical&Medical-Independent Sector,ACUTE COMMISSIONING,SPECSAVERS HEARCARE LTD,25043983,"25,692.57 ",201159653,22250086
Department of Health,NHS Trafford CCG,12/31/2018,Hlthcre-Foundation Trsts,ACUTE COMMISSIONING,SALFORD ROYAL HOSPITALS NHS FOUNDATION TRUST,25043986,"1,324,735.00 ",65 4939786,S0020857
Department of Health,NHS Trafford CCG,12/31/2018,External Contractors,PRIMARY CARE DEVELOPMENT,TRAFFORD PRIMARY HEALTH LTD,25043987,"121,661.00 ",,7DANOV2018
Department of Health,NHS Trafford CCG,12/31/2018,Hlthcre-Foundation Trsts,ACUTE COMMISSIONING,CHRISTIE HOSPITAL NHS FOUNDATION TRUST,25043988,"195,109.89 ",GB 654916118,31485
Department of Health,NHS Trafford CCG,12/31/2018,Clinical&Medical-Independent Sector,ACUTE COMMISSIONING,BMI HEALTHCARE LTD,25043990,"48,326.22 ",GB235134980,0000101085
Department of Health,NHS Trafford CCG,12/31/2018,Hlthcre-Foundation Trsts,ACUTE COMMISSIONING,MANCHESTER UNIVERSITY NHS FOUNDATION TRUST,25043991,"13,057,660.50 ",654415538,0000418543
Department of Health,NHS Trafford CCG,12/31/2018,Hlthcre-Foundation Trsts,COMMUNITY SERVICES,MANCHESTER UNIVERSITY NHS FOUNDATION TRUST,25043991,"6,672.83 ",654415538,0000418543
Department of Health,NHS Trafford CCG,12/31/2018,Hlthcre-Foundation Trsts,ACUTE COMMISSIONING,STOCKPORT NHS FOUNDATION TRUST,25043992,"78,010.00 ",654974295,40078585
Department of Health,NHS Trafford CCG,12/31/2018,Clinical&Medical-Independent Sector,ACUTE COMMISSIONING,MANCHESTER SURGICAL SERVICES,25043993,"104,059.20 ",,4598
Department of Health,NHS Trafford CCG,12/31/2018,Clinical&Medical-Independent Sector,ACUTE COMMISSIONING,OAKLANDS HOSPITAL,25043994,"35,455.98 ",GB 426505170,L1551218
Department of Health,NHS Trafford CCG,12/31/2018,Clinical&Medical-Independent Sector,ACUTE COMMISSIONING,SPIRE HEALTHCARE LTD,25043995,"46,582.00 ",915970991,02AMANPF181909
Department of Health,NHS Trafford CCG,12/31/2018,Clinical&Medical-Independent Sector,ACUTE COMMISSIONING,SPAMEDICA LTD,25043996,"40,708.66 ",,NHSTRD130
Department of Health,NHS Trafford CCG,12/31/2018,Hcare Srv Rec NHS Trust,COLLABORATIVE COMMISSIONING,NORTH WEST AMBULANCE SERVICE NHS TRUST,25043999,"462,185.00 ",654435138,4110042694
Department of Health,NHS Trafford CCG,12/31/2018,Hcare Srv Rec NHS Trust,COLLABORATIVE COMMISSIONING,NORTH WEST AMBULANCE SERVICE NHS TRUST,25044001,"82,193.00 ",654435138,4110042753
Department of Health,NHS Trafford CCG,12/31/2018,Hlthcre-Foundation Trsts,COMMUNITY SERVICES,PENNINE CARE NHS FOUNDATION TRUST,25061547,"300,000.00 ",654425730,1010032191
Department of Health,NHS Trafford CCG,12/31/2018,Hlthcre-Foundation Trsts,COMMUNITY SERVICES,PENNINE CARE NHS FOUNDATION TRUST,25061590,"50,000.00 ",654425730,1010032567
Department of Health,NHS Trafford CCG,12/31/2018,Hcare Srv Rec NHS Trust,COLLABORATIVE COMMISSIONING,NORTH WEST AMBULANCE SERVICE NHS TRUST,25061672,"37,985.00 ",654435138,4110042634
Department of Health,NHS Trafford CCG,12/31/2018,Hlthcre-Foundation Trsts,ACUTE COMMISSIONING,WARRINGTON & HALTON HOSPITALS NHS FOUNDATION TRUST,25061675,"29,975.00 ",654404741,15371364
Department of Health,NHS Trafford CCG,12/31/2018,Hlthcre-Foundation Trsts,COMMUNITY SERVICES,PENNINE CARE NHS FOUNDATION TRUST,25091988,"146,065.00 ",654425730,1010032617
Department of Health,NHS Trafford CCG,12/31/2018,Hlthcre-Foundation Trsts,COMMUNITY SERVICES,PENNINE CARE NHS FOUNDATION TRUST,25091994,"1,695,424.00 ",654425730,1010033077
Department of Health,NHS Trafford CCG,12/31/2018,Hlthcre-Foundation Trsts,COMMUNITY SERVICES,PENNINE CARE NHS FOUNDATION TRUST,25091995,"26,629.00 ",654425730,1010033078
Department of Health,NHS Trafford CCG,12/31/2018,Hlthcre-Foundation Trsts,COMMUNITY SERVICES,PENNINE CARE NHS FOUNDATION TRUST,25091996,"60,000.00 ",654425730,1010033081
Department of Health,NHS Trafford CCG,12/31/2018,C&M-GMS DES Learn Dsblty Hlth Chk,PRC DELEGATED CO-COMMISSIONING,DELAMERE CENTRE,25108333,"2,520.00 ",,SLF000020088
Department of Health,NHS Trafford CCG,12/31/2018,C&M-GMS DES Minor Surgery,PRC DELEGATED CO-COMMISSIONING,DELAMERE CENTRE,25108333,"1,432.00 ",,SLF000020088
Department of Health,NHS Trafford CCG,12/31/2018,C&M-GMS Global Sum,PRC DELEGATED CO-COMMISSIONING,DELAMERE CENTRE,25108333,"114,137.30 ",,SLF000020088
Department of Health,NHS Trafford CCG,12/31/2018,C&M-GMS PCO Seniority,PRC DELEGATED CO-COMMISSIONING,DELAMERE CENTRE,25108333,"1,476.52 ",,SLF000020088
Department of Health,NHS Trafford CCG,12/31/2018,C&M-GMS Prem Actual Rent,PRC DELEGATED CO-COMMISSIONING,DELAMERE CENTRE,25108333,"65,772.97 ",,SLF000020088
Department of Health,NHS Trafford CCG,12/31/2018,C&M-GMS QOF Aspiration,PRC DELEGATED CO-COMMISSIONING,DELAMERE CENTRE,25108333,"12,749.32 ",,SLF000020088
Department of Health,NHS Trafford CCG,12/31/2018,C&M-GMS DES Extended Hours Access,PRC DELEGATED CO-COMMISSIONING,DR A C A DEWEEVER & PARTNERS,25108338,"2,500.40 ",,SLF000020090
Department of Health,NHS Trafford CCG,12/31/2018,C&M-GMS Global Sum,PRC DELEGATED CO-COMMISSIONING,DR A C A DEWEEVER & PARTNERS,25108338,"44,828.85 ",,SLF000020090
Department of Health,NHS Trafford CCG,12/31/2018,C&M-GMS PCO Seniority,PRC DELEGATED CO-COMMISSIONING,DR A C A DEWEEVER & PARTNERS,25108338,"4,394.99 ",,SLF000020090
Department of Health,NHS Trafford CCG,12/31/2018,C&M-GMS Prem Healthcentre Rent,PRC DELEGATED CO-COMMISSIONING,DR A C A DEWEEVER & PARTNERS,25108338,"5,934.10 ",,SLF000020090
Department of Health,NHS Trafford CCG,12/31/2018,C&M-GMS QOF Aspiration,PRC DELEGATED CO-COMMISSIONING,DR A C A DEWEEVER & PARTNERS,25108338,"5,070.13 ",,SLF000020090
Department of Health,NHS Trafford CCG,12/31/2018,C&M-GMS GP Statutory Levy,PRC DELEGATED CO-COMMISSIONING,DR A KAYE & PARTNERS,25108349,(283.43),,SLF000020093
Department of Health,NHS Trafford CCG,12/31/2018,ME - GMS GP Prior Year ERs,PRC DELEGATED CO-COMMISSIONING,DR A KAYE & PARTNERS,25108349,"(2,433.34)",,SLF000020093
Department of Health,NHS Trafford CCG,12/31/2018,ME-GMS GP Pension EEs,PRC DELEGATED CO-COMMISSIONING,DR A KAYE & PARTNERS,25108349,"(10,821.39)",,SLF000020093
Department of Health,NHS Trafford CCG,12/31/2018,ME-GMS GP Pension ERs Adjustments,PRC DELEGATED CO-COMMISSIONING,DR A KAYE & PARTNERS,25108349,"(12,466.04)",,SLF000020093
Department of Health,NHS Trafford CCG,12/31/2018,ME-GMS GP Prior Year EEs,PRC DELEGATED CO-COMMISSIONING,DR A KAYE & PARTNERS,25108349,"(1,026.09)",,SLF000020093
Department of Health,NHS Trafford CCG,12/31/2018,C&M-GMS DES Extended Hours Access,PRC DELEGATED CO-COMMISSIONING,DR A KAYE & PARTNERS,25108351,"5,590.75 ",,SLF000020094
Department of Health,NHS Trafford CCG,12/31/2018,C&M-GMS DES Learn Dsblty Hlth Chk,PRC DELEGATED CO-COMMISSIONING,DR A KAYE & PARTNERS,25108351,420.00 ,,SLF000020094
Department of Health,NHS Trafford CCG,12/31/2018,C&M-GMS DES Minor Surgery,PRC DELEGATED CO-COMMISSIONING,DR A KAYE & PARTNERS,25108351,"1,474.00 ",,SLF000020094
Department of Health,NHS Trafford CCG,12/31/2018,C&M-GMS Global Sum,PRC DELEGATED CO-COMMISSIONING,DR A KAYE & PARTNERS,25108351,"84,848.56 ",,SLF000020094
Department of Health,NHS Trafford CCG,12/31/2018,C&M-GMS PCO Seniority,PRC DELEGATED CO-COMMISSIONING,DR A KAYE & PARTNERS,25108351,"4,768.45 ",,SLF000020094
Department of Health,NHS Trafford CCG,12/31/2018,C&M-GMS Prem Actual Rent,PRC DELEGATED CO-COMMISSIONING,DR A KAYE & PARTNERS,25108351,"41,928.61 ",,SLF000020094
Department of Health,NHS Trafford CCG,12/31/2018,C&M-GMS Prem Water Rates,PRC DELEGATED CO-COMMISSIONING,DR A KAYE & PARTNERS,25108351,376.19 ,,SLF000020094
Department of Health,NHS Trafford CCG,12/31/2018,C&M-GMS QOF Aspiration,PRC DELEGATED CO-COMMISSIONING,DR A KAYE & PARTNERS,25108351,"12,418.82 ",,SLF000020094
Department of Health,NHS Trafford CCG,12/31/2018,ME - GMS GP Prior Year ERs,PRC DELEGATED CO-COMMISSIONING,DR A KAYE & PARTNERS,25108351,"1,701.28 ",,SLF000020094
Department of Health,NHS Trafford CCG,12/31/2018,ME-GMS GP Prior Year EEs,PRC DELEGATED CO-COMMISSIONING,DR A KAYE & PARTNERS,25108351,"3,005.27 ",,SLF000020094
Department of Health,NHS Trafford CCG,12/31/2018,C&M-GMS DES Extended Hours Access,PRC DELEGATED CO-COMMISSIONING,DR B N MACDONALD & PARTNER,25108359,"3,464.65 ",,SLF000020096
Department of Health,NHS Trafford CCG,12/31/2018,C&M-GMS DES Minor Surgery,PRC DELEGATED CO-COMMISSIONING,DR B N MACDONALD & PARTNER,25108359,"1,170.00 ",,SLF000020096
Department of Health,NHS Trafford CCG,12/31/2018,C&M-GMS Global Sum,PRC DELEGATED CO-COMMISSIONING,DR B N MACDONALD & PARTNER,25108359,"45,816.32 ",,SLF000020096
Department of Health,NHS Trafford CCG,12/31/2018,C&M-GMS MPIG Correction Factor,PRC DELEGATED CO-COMMISSIONING,DR B N MACDONALD & PARTNER,25108359,"1,155.12 ",,SLF000020096
Department of Health,NHS Trafford CCG,12/31/2018,C&M-GMS PCO Seniority,PRC DELEGATED CO-COMMISSIONING,DR B N MACDONALD & PARTNER,25108359,"2,992.40 ",,SLF000020096
Department of Health,NHS Trafford CCG,12/31/2018,C&M-GMS Prem Notional Rent,PRC DELEGATED CO-COMMISSIONING,DR B N MACDONALD & PARTNER,25108359,"5,379.17 ",,SLF000020096
Department of Health,NHS Trafford CCG,12/31/2018,C&M-GMS QOF Aspiration,PRC DELEGATED CO-COMMISSIONING,DR B N MACDONALD & PARTNER,25108359,"4,968.27 ",,SLF000020096
Department of Health,NHS Trafford CCG,12/31/2018,C&M-GMS DES Extended Hours Access,PRC DELEGATED CO-COMMISSIONING,DR C J DAVIES & PARTNERS,25108367,"23,905.80 ",,SLF000020098
Department of Health,NHS Trafford CCG,12/31/2018,C&M-GMS DES Minor Surgery,PRC DELEGATED CO-COMMISSIONING,DR C J DAVIES & PARTNERS,25108367,"4,128.00 ",,SLF000020098
Department of Health,NHS Trafford CCG,12/31/2018,C&M-GMS Global Sum,PRC DELEGATED CO-COMMISSIONING,DR C J DAVIES & PARTNERS,25108367,"108,085.96 ",,SLF000020098
Department of Health,NHS Trafford CCG,12/31/2018,C&M-GMS MPIG Correction Factor,PRC DELEGATED CO-COMMISSIONING,DR C J DAVIES & PARTNERS,25108367,916.72 ,,SLF000020098
Department of Health,NHS Trafford CCG,12/31/2018,C&M-GMS PCO Seniority,PRC DELEGATED CO-COMMISSIONING,DR C J DAVIES & PARTNERS,25108367,"3,807.91 ",,SLF000020098
Department of Health,NHS Trafford CCG,12/31/2018,C&M-GMS Prem Notional Rent,PRC DELEGATED CO-COMMISSIONING,DR C J DAVIES & PARTNERS,25108367,"7,854.17 ",,SLF000020098
Department of Health,NHS Trafford CCG,12/31/2018,C&M-GMS QOF Aspiration,PRC DELEGATED CO-COMMISSIONING,DR C J DAVIES & PARTNERS,25108367,"11,937.43 ",,SLF000020098
Department of Health,NHS Trafford CCG,12/31/2018,C&M-GMS DES Minor Surgery,PRC DELEGATED CO-COMMISSIONING,DR C WESTWOOD,25108373,"3,540.00 ",,SLF000020100
Department of Health,NHS Trafford CCG,12/31/2018,C&M-GMS Global Sum,PRC DELEGATED CO-COMMISSIONING,DR C WESTWOOD,25108373,"30,568.68 ",,SLF000020100
Department of Health,NHS Trafford CCG,12/31/2018,C&M-GMS MPIG Correction Factor,PRC DELEGATED CO-COMMISSIONING,DR C WESTWOOD,25108373,206.31 ,,SLF000020100
Department of Health,NHS Trafford CCG,12/31/2018,C&M-GMS PCO Seniority,PRC DELEGATED CO-COMMISSIONING,DR C WESTWOOD,25108373,"2,187.79 ",,SLF000020100
Department of Health,NHS Trafford CCG,12/31/2018,C&M-GMS QOF Aspiration,PRC DELEGATED CO-COMMISSIONING,DR C WESTWOOD,25108373,"4,562.17 ",,SLF000020100
Department of Health,NHS Trafford CCG,12/31/2018,C&M-GMS DES Extended Hours Access,PRC DELEGATED CO-COMMISSIONING,DR BAZLEY & PARTNERS,25108380,"8,199.45 ",,SLF000020102
Department of Health,NHS Trafford CCG,12/31/2018,C&M-GMS DES Minor Surgery,PRC DELEGATED CO-COMMISSIONING,DR BAZLEY & PARTNERS,25108380,"1,384.00 ",,SLF000020102
Department of Health,NHS Trafford CCG,12/31/2018,C&M-GMS Global Sum,PRC DELEGATED CO-COMMISSIONING,DR BAZLEY & PARTNERS,25108380,"43,157.81 ",,SLF000020102
Department of Health,NHS Trafford CCG,12/31/2018,C&M-GMS PCO Other,PRC DELEGATED CO-COMMISSIONING,DR BAZLEY & PARTNERS,25108380,"3,809.00 ",,SLF000020102
Department of Health,NHS Trafford CCG,12/31/2018,C&M-GMS PCO Seniority,PRC DELEGATED CO-COMMISSIONING,DR BAZLEY & PARTNERS,25108380,469.21 ,,SLF000020102
Department of Health,NHS Trafford CCG,12/31/2018,C&M-GMS Prem Actual Rent,PRC DELEGATED CO-COMMISSIONING,DR BAZLEY & PARTNERS,25108380,"7,500.00 ",,SLF000020102
Department of Health,NHS Trafford CCG,12/31/2018,C&M-GMS Prem Rates,PRC DELEGATED CO-COMMISSIONING,DR BAZLEY & PARTNERS,25108380,"18,960.00 ",,SLF000020102
Department of Health,NHS Trafford CCG,12/31/2018,C&M-GMS QOF Aspiration,PRC DELEGATED CO-COMMISSIONING,DR BAZLEY & PARTNERS,25108380,"5,938.03 ",,SLF000020102
Department of Health,NHS Trafford CCG,12/31/2018,C&M-GMS DES Extended Hours Access,PRC DELEGATED CO-COMMISSIONING,DR H F SIMONTON & PARTNERS,25108386,"7,362.98 ",,SLF000020104
Department of Health,NHS Trafford CCG,12/31/2018,C&M-GMS DES Minor Surgery,PRC DELEGATED CO-COMMISSIONING,DR H F SIMONTON & PARTNERS,25108386,"3,364.00 ",,SLF000020104
Department of Health,NHS Trafford CCG,12/31/2018,C&M-GMS Global Sum,PRC DELEGATED CO-COMMISSIONING,DR H F SIMONTON & PARTNERS,25108386,"101,797.52 ",,SLF000020104
Department of Health,NHS Trafford CCG,12/31/2018,C&M-GMS MPIG Correction Factor,PRC DELEGATED CO-COMMISSIONING,DR H F SIMONTON & PARTNERS,25108386,"1,082.29 ",,SLF000020104
Department of Health,NHS Trafford CCG,12/31/2018,C&M-GMS PCO Seniority,PRC DELEGATED CO-COMMISSIONING,DR H F SIMONTON & PARTNERS,25108386,"6,244.86 ",,SLF000020104
Department of Health,NHS Trafford CCG,12/31/2018,C&M-GMS Prem Actual Rent,PRC DELEGATED CO-COMMISSIONING,DR H F SIMONTON & PARTNERS,25108386,"43,191.22 ",,SLF000020104
Department of Health,NHS Trafford CCG,12/31/2018,C&M-GMS Prem Other,PRC DELEGATED CO-COMMISSIONING,DR H F SIMONTON & PARTNERS,25108386,698.33 ,,SLF000020104
Department of Health,NHS Trafford CCG,12/31/2018,C&M-GMS QOF Aspiration,PRC DELEGATED CO-COMMISSIONING,DR H F SIMONTON & PARTNERS,25108386,"12,543.06 ",,SLF000020104
Department of Health,NHS Trafford CCG,12/31/2018,C&M-PMS Contract Value,PRC DELEGATED CO-COMMISSIONING,DR JP BERRY & PARTNERS,25108392,"74,895.01 ",,SLF000020106
Department of Health,NHS Trafford CCG,12/31/2018,C&M-PMS DES Extended Hours Access,PRC DELEGATED CO-COMMISSIONING,DR JP BERRY & PARTNERS,25108392,"5,033.58 ",,SLF000020106
Department of Health,NHS Trafford CCG,12/31/2018,C&M-PMS DES Learn Dsblty Hlth Chk,PRC DELEGATED CO-COMMISSIONING,DR JP BERRY & PARTNERS,25108392,"1,400.00 ",,SLF000020106
Department of Health,NHS Trafford CCG,12/31/2018,C&M-PMS Funding Differential Review,PRC DELEGATED CO-COMMISSIONING,DR JP BERRY & PARTNERS,25108392,"1,013.41 ",,SLF000020106
Department of Health,NHS Trafford CCG,12/31/2018,C&M-PMS PCO Seniority,PRC DELEGATED CO-COMMISSIONING,DR JP BERRY & PARTNERS,25108392,"1,867.48 ",,SLF000020106
Department of Health,NHS Trafford CCG,12/31/2018,C&M-PMS Prem Notional Rent,PRC DELEGATED CO-COMMISSIONING,DR JP BERRY & PARTNERS,25108392,"5,145.83 ",,SLF000020106
Department of Health,NHS Trafford CCG,12/31/2018,C&M-PMS QOF Aspiration,PRC DELEGATED CO-COMMISSIONING,DR JP BERRY & PARTNERS,25108392,"8,380.17 ",,SLF000020106
Department of Health,NHS Trafford CCG,12/31/2018,C&M-PMS Contract Value,PRC DELEGATED CO-COMMISSIONING,DR M P STAMP & PARTNER,25108398,"36,502.34 ",,SLF000020108
Department of Health,NHS Trafford CCG,12/31/2018,C&M-PMS DES Extended Hours Access,PRC DELEGATED CO-COMMISSIONING,DR M P STAMP & PARTNER,25108398,"2,494.23 ",,SLF000020108
Department of Health,NHS Trafford CCG,12/31/2018,C&M-PMS DES Learn Dsblty Hlth Chk,PRC DELEGATED CO-COMMISSIONING,DR M P STAMP & PARTNER,25108398,"1,400.00 ",,SLF000020108
Department of Health,NHS Trafford CCG,12/31/2018,C&M-PMS DES Minor Surgery,PRC DELEGATED CO-COMMISSIONING,DR M P STAMP & PARTNER,25108398,132.00 ,,SLF000020108
Department of Health,NHS Trafford CCG,12/31/2018,C&M-PMS Funding Differential Review,PRC DELEGATED CO-COMMISSIONING,DR M P STAMP & PARTNER,25108398,469.44 ,,SLF000020108
Department of Health,NHS Trafford CCG,12/31/2018,C&M-PMS PCO Seniority,PRC DELEGATED CO-COMMISSIONING,DR M P STAMP & PARTNER,25108398,"2,189.69 ",,SLF000020108
Department of Health,NHS Trafford CCG,12/31/2018,C&M-PMS QOF Aspiration,PRC DELEGATED CO-COMMISSIONING,DR M P STAMP & PARTNER,25108398,"3,932.32 ",,SLF000020108
Department of Health,NHS Trafford CCG,12/31/2018,C&M-PMS Contract Value,PRC DELEGATED CO-COMMISSIONING,DR M PATEL,25108406,"47,112.11 ",,SLF000020110
Department of Health,NHS Trafford CCG,12/31/2018,C&M-PMS DES Minor Surgery,PRC DELEGATED CO-COMMISSIONING,DR M PATEL,25108406,"1,862.00 ",,SLF000020110
Department of Health,NHS Trafford CCG,12/31/2018,C&M-PMS PCO Seniority,PRC DELEGATED CO-COMMISSIONING,DR M PATEL,25108406,"1,299.84 ",,SLF000020110
Department of Health,NHS Trafford CCG,12/31/2018,C&M-PMS Prem Notional Rent,PRC DELEGATED CO-COMMISSIONING,DR M PATEL,25108406,"4,950.00 ",,SLF000020110
Department of Health,NHS Trafford CCG,12/31/2018,C&M-PMS QOF Aspiration,PRC DELEGATED CO-COMMISSIONING,DR M PATEL,25108406,"3,662.20 ",,SLF000020110
Department of Health,NHS Trafford CCG,12/31/2018,C&M-GMS Global Sum,PRC DELEGATED CO-COMMISSIONING,DR L GILL & DR M A KHAN,25108411,"38,020.37 ",,SLF000020112
Department of Health,NHS Trafford CCG,12/31/2018,C&M-GMS PCO Seniority,PRC DELEGATED CO-COMMISSIONING,DR L GILL & DR M A KHAN,25108411,"2,015.44 ",,SLF000020112
Department of Health,NHS Trafford CCG,12/31/2018,C&M-GMS Prem Notional Rent,PRC DELEGATED CO-COMMISSIONING,DR L GILL & DR M A KHAN,25108411,"3,216.66 ",,SLF000020112
Department of Health,NHS Trafford CCG,12/31/2018,C&M-GMS QOF Aspiration,PRC DELEGATED CO-COMMISSIONING,DR L GILL & DR M A KHAN,25108411,"4,175.19 ",,SLF000020112
Department of Health,NHS Trafford CCG,12/31/2018,C&M-GMS DES Extended Hours Access,PRC DELEGATED CO-COMMISSIONING,DR P A JACKSON & PARTNERS,25108415,"7,379.13 ",,SLF000020114
Department of Health,NHS Trafford CCG,12/31/2018,C&M-GMS DES Minor Surgery,PRC DELEGATED CO-COMMISSIONING,DR P A JACKSON & PARTNERS,25108415,"2,000.00 ",,SLF000020114
Department of Health,NHS Trafford CCG,12/31/2018,C&M-GMS Global Sum,PRC DELEGATED CO-COMMISSIONING,DR P A JACKSON & PARTNERS,25108415,"106,740.88 ",,SLF000020114
Department of Health,NHS Trafford CCG,12/31/2018,C&M-GMS MPIG Correction Factor,PRC DELEGATED CO-COMMISSIONING,DR P A JACKSON & PARTNERS,25108415,"1,184.11 ",,SLF000020114
Department of Health,NHS Trafford CCG,12/31/2018,C&M-GMS PCO Seniority,PRC DELEGATED CO-COMMISSIONING,DR P A JACKSON & PARTNERS,25108415,"2,066.09 ",,SLF000020114
Department of Health,NHS Trafford CCG,12/31/2018,C&M-GMS Prem Actual Rent,PRC DELEGATED CO-COMMISSIONING,DR P A JACKSON & PARTNERS,25108415,"65,080.50 ",,SLF000020114
Department of Health,NHS Trafford CCG,12/31/2018,C&M-GMS QOF Aspiration,PRC DELEGATED CO-COMMISSIONING,DR P A JACKSON & PARTNERS,25108415,"13,545.11 ",,SLF000020114
Department of Health,NHS Trafford CCG,12/31/2018,C&M-GMS DES Extended Hours Access,PRC DELEGATED CO-COMMISSIONING,DR P M A SIMPSON & PARTNERS,25108417,"3,853.68 ",,SLF000020116
Department of Health,NHS Trafford CCG,12/31/2018,C&M-GMS DES Learn Dsblty Hlth Chk,PRC DELEGATED CO-COMMISSIONING,DR P M A SIMPSON & PARTNERS,25108417,700.00 ,,SLF000020116
Department of Health,NHS Trafford CCG,12/31/2018,C&M-GMS DES Minor Surgery,PRC DELEGATED CO-COMMISSIONING,DR P M A SIMPSON & PARTNERS,25108417,924.00 ,,SLF000020116
Department of Health,NHS Trafford CCG,12/31/2018,C&M-GMS Global Sum,PRC DELEGATED CO-COMMISSIONING,DR P M A SIMPSON & PARTNERS,25108417,"59,564.67 ",,SLF000020116
Department of Health,NHS Trafford CCG,12/31/2018,C&M-GMS PCO Seniority,PRC DELEGATED CO-COMMISSIONING,DR P M A SIMPSON & PARTNERS,25108417,"3,425.32 ",,SLF000020116
Department of Health,NHS Trafford CCG,12/31/2018,C&M-GMS QOF Aspiration,PRC DELEGATED CO-COMMISSIONING,DR P M A SIMPSON & PARTNERS,25108417,"5,763.91 ",,SLF000020116
Department of Health,NHS Trafford CCG,12/31/2018,C&M-GMS DES Extended Hours Access,PRC DELEGATED CO-COMMISSIONING,DR MS PRODHAN & PARTNER SEYMOUR GROVE,25108419,"2,099.03 ",,SLF000020118
Department of Health,NHS Trafford CCG,12/31/2018,C&M-GMS DES Learn Dsblty Hlth Chk,PRC DELEGATED CO-COMMISSIONING,DR MS PRODHAN & PARTNER SEYMOUR GROVE,25108419,140.00 ,,SLF000020118
Department of Health,NHS Trafford CCG,12/31/2018,C&M-GMS DES Minor Surgery,PRC DELEGATED CO-COMMISSIONING,DR MS PRODHAN & PARTNER SEYMOUR GROVE,25108419,"2,068.00 ",,SLF000020118
Department of Health,NHS Trafford CCG,12/31/2018,C&M-GMS Global Sum,PRC DELEGATED CO-COMMISSIONING,DR MS PRODHAN & PARTNER SEYMOUR GROVE,25108419,"30,045.99 ",,SLF000020118
Department of Health,NHS Trafford CCG,12/31/2018,C&M-GMS MPIG Correction Factor,PRC DELEGATED CO-COMMISSIONING,DR MS PRODHAN & PARTNER SEYMOUR GROVE,25108419,360.09 ,,SLF000020118
Department of Health,NHS Trafford CCG,12/31/2018,C&M-GMS PCO Seniority,PRC DELEGATED CO-COMMISSIONING,DR MS PRODHAN & PARTNER SEYMOUR GROVE,25108419,"1,022.65 ",,SLF000020118
Department of Health,NHS Trafford CCG,12/31/2018,C&M-GMS QOF Aspiration,PRC DELEGATED CO-COMMISSIONING,DR MS PRODHAN & PARTNER SEYMOUR GROVE,25108419,"3,148.02 ",,SLF000020118
Department of Health,NHS Trafford CCG,12/31/2018,C&M-PMS Contract Value,PRC DELEGATED CO-COMMISSIONING,DR MS PRODHAN & PARTNER STATION ROAD,25108421,"42,609.14 ",,SLF000020120
Department of Health,NHS Trafford CCG,12/31/2018,C&M-PMS DES Extended Hours Access,PRC DELEGATED CO-COMMISSIONING,DR MS PRODHAN & PARTNER STATION ROAD,25108421,"2,375.95 ",,SLF000020120
Department of Health,NHS Trafford CCG,12/31/2018,C&M-PMS DES Minor Surgery,PRC DELEGATED CO-COMMISSIONING,DR MS PRODHAN & PARTNER STATION ROAD,25108421,"3,872.00 ",,SLF000020120
Department of Health,NHS Trafford CCG,12/31/2018,C&M-PMS PCO Seniority,PRC DELEGATED CO-COMMISSIONING,DR MS PRODHAN & PARTNER STATION ROAD,25108421,"1,022.65 ",,SLF000020120
Department of Health,NHS Trafford CCG,12/31/2018,C&M-PMS Prem Notional Rent,PRC DELEGATED CO-COMMISSIONING,DR MS PRODHAN & PARTNER STATION ROAD,25108421,"3,000.00 ",,SLF000020120
Department of Health,NHS Trafford CCG,12/31/2018,C&M-PMS QOF Aspiration,PRC DELEGATED CO-COMMISSIONING,DR MS PRODHAN & PARTNER STATION ROAD,25108421,"5,048.40 ",,SLF000020120
Department of Health,NHS Trafford CCG,12/31/2018,C&M-GMS DES Extended Hours Access,PRC DELEGATED CO-COMMISSIONING,DR S J FARHAN & PARTNER,25108423,"5,185.58 ",,SLF000020122
Department of Health,NHS Trafford CCG,12/31/2018,C&M-GMS Global Sum,PRC DELEGATED CO-COMMISSIONING,DR S J FARHAN & PARTNER,25108423,"29,552.52 ",,SLF000020122
Department of Health,NHS Trafford CCG,12/31/2018,C&M-GMS MPIG Correction Factor,PRC DELEGATED CO-COMMISSIONING,DR S J FARHAN & PARTNER,25108423,52.14 ,,SLF000020122
Department of Health,NHS Trafford CCG,12/31/2018,C&M-GMS PCO Seniority,PRC DELEGATED CO-COMMISSIONING,DR S J FARHAN & PARTNER,25108423,"1,299.44 ",,SLF000020122
Department of Health,NHS Trafford CCG,12/31/2018,C&M-GMS QOF Aspiration,PRC DELEGATED CO-COMMISSIONING,DR S J FARHAN & PARTNER,25108423,"3,724.99 ",,SLF000020122
Department of Health,NHS Trafford CCG,12/31/2018,C&M-PMS Contract Value,PRC DELEGATED CO-COMMISSIONING,DR S A JOHNSTON,25108425,"22,900.83 ",,SLF000020124
Department of Health,NHS Trafford CCG,12/31/2018,C&M-PMS Funding Differential Review,PRC DELEGATED CO-COMMISSIONING,DR S A JOHNSTON,25108425,210.05 ,,SLF000020124
Department of Health,NHS Trafford CCG,12/31/2018,C&M-PMS PCO Seniority,PRC DELEGATED CO-COMMISSIONING,DR S A JOHNSTON,25108425,"1,132.19 ",,SLF000020124
Department of Health,NHS Trafford CCG,12/31/2018,C&M-PMS Prem Notional Rent,PRC DELEGATED CO-COMMISSIONING,DR S A JOHNSTON,25108425,"1,320.83 ",,SLF000020124
Department of Health,NHS Trafford CCG,12/31/2018,C&M-PMS QOF Aspiration,PRC DELEGATED CO-COMMISSIONING,DR S A JOHNSTON,25108425,"2,102.76 ",,SLF000020124
Department of Health,NHS Trafford CCG,12/31/2018,C&M-GMS DES Extended Hours Access,PRC DELEGATED CO-COMMISSIONING,DR R D J ARCHER & PARTNER,25108427,"2,753.58 ",,SLF000020126
Department of Health,NHS Trafford CCG,12/31/2018,C&M-GMS Global Sum,PRC DELEGATED CO-COMMISSIONING,DR R D J ARCHER & PARTNER,25108427,"43,345.82 ",,SLF000020126
Department of Health,NHS Trafford CCG,12/31/2018,C&M-GMS PCO Seniority,PRC DELEGATED CO-COMMISSIONING,DR R D J ARCHER & PARTNER,25108427,"1,053.32 ",,SLF000020126
Department of Health,NHS Trafford CCG,12/31/2018,C&M-GMS Prem Actual Rent,PRC DELEGATED CO-COMMISSIONING,DR R D J ARCHER & PARTNER,25108427,"4,817.97 ",,SLF000020126
Department of Health,NHS Trafford CCG,12/31/2018,C&M-GMS Prem Notional Rent,PRC DELEGATED CO-COMMISSIONING,DR R D J ARCHER & PARTNER,25108427,"4,305.00 ",,SLF000020126
Department of Health,NHS Trafford CCG,12/31/2018,C&M-GMS QOF Aspiration,PRC DELEGATED CO-COMMISSIONING,DR R D J ARCHER & PARTNER,25108427,"3,810.78 ",,SLF000020126
Department of Health,NHS Trafford CCG,12/31/2018,C&M-PMS Contract Value,PRC DELEGATED CO-COMMISSIONING,DR S KAUR & PARTNERS,25108429,"45,523.05 ",,SLF000020128
Department of Health,NHS Trafford CCG,12/31/2018,C&M-PMS DES Extended Hours Access,PRC DELEGATED CO-COMMISSIONING,DR S KAUR & PARTNERS,25108429,"2,791.58 ",,SLF000020128
Department of Health,NHS Trafford CCG,12/31/2018,C&M-PMS PCO Seniority,PRC DELEGATED CO-COMMISSIONING,DR S KAUR & PARTNERS,25108429,"1,892.44 ",,SLF000020128
Department of Health,NHS Trafford CCG,12/31/2018,C&M-PMS Prem Notional Rent,PRC DELEGATED CO-COMMISSIONING,DR S KAUR & PARTNERS,25108429,"3,383.33 ",,SLF000020128
Department of Health,NHS Trafford CCG,12/31/2018,C&M-PMS QOF Aspiration,PRC DELEGATED CO-COMMISSIONING,DR S KAUR & PARTNERS,25108429,"4,409.07 ",,SLF000020128
Department of Health,NHS Trafford CCG,12/31/2018,C&M-GMS DES Extended Hours Access,PRC DELEGATED CO-COMMISSIONING,DRS JENNINGS & PARTNERS,25108431,"3,537.80 ",,SLF000020130
Department of Health,NHS Trafford CCG,12/31/2018,C&M-GMS Global Sum,PRC DELEGATED CO-COMMISSIONING,DRS JENNINGS & PARTNERS,25108431,"45,937.71 ",,SLF000020130
Department of Health,NHS Trafford CCG,12/31/2018,C&M-GMS MPIG Correction Factor,PRC DELEGATED CO-COMMISSIONING,DRS JENNINGS & PARTNERS,25108431,728.74 ,,SLF000020130
Department of Health,NHS Trafford CCG,12/31/2018,C&M-GMS PCO Seniority,PRC DELEGATED CO-COMMISSIONING,DRS JENNINGS & PARTNERS,25108431,"1,871.76 ",,SLF000020130
Department of Health,NHS Trafford CCG,12/31/2018,C&M-GMS Prem Actual Rent,PRC DELEGATED CO-COMMISSIONING,DRS JENNINGS & PARTNERS,25108431,"22,500.00 ",,SLF000020130
Department of Health,NHS Trafford CCG,12/31/2018,C&M-GMS QOF Aspiration,PRC DELEGATED CO-COMMISSIONING,DRS JENNINGS & PARTNERS,25108431,"4,580.10 ",,SLF000020130
Department of Health,NHS Trafford CCG,12/31/2018,C&M-PMS Contract Value,PRC DELEGATED CO-COMMISSIONING,DRS KELMAN CRANSTON & NAYLOR,25108433,"52,225.63 ",,SLF000020132
Department of Health,NHS Trafford CCG,12/31/2018,C&M-PMS DES Minor Surgery,PRC DELEGATED CO-COMMISSIONING,DRS KELMAN CRANSTON & NAYLOR,25108433,694.00 ,,SLF000020132
Department of Health,NHS Trafford CCG,12/31/2018,C&M-PMS PCO Seniority,PRC DELEGATED CO-COMMISSIONING,DRS KELMAN CRANSTON & NAYLOR,25108433,"3,966.21 ",,SLF000020132
Department of Health,NHS Trafford CCG,12/31/2018,C&M-PMS Prem Notional Rent,PRC DELEGATED CO-COMMISSIONING,DRS KELMAN CRANSTON & NAYLOR,25108433,"4,950.00 ",,SLF000020132
Department of Health,NHS Trafford CCG,12/31/2018,C&M-PMS QOF Aspiration,PRC DELEGATED CO-COMMISSIONING,DRS KELMAN CRANSTON & NAYLOR,25108433,"4,524.62 ",,SLF000020132
Department of Health,NHS Trafford CCG,12/31/2018,C&M-PMS Contract Value,PRC DELEGATED CO-COMMISSIONING,DRS MARCHI & FRIER,25108435,"58,657.28 ",,SLF000020134
Department of Health,NHS Trafford CCG,12/31/2018,C&M-PMS DES Extended Hours Access,PRC DELEGATED CO-COMMISSIONING,DRS MARCHI & FRIER,25108435,"3,993.33 ",,SLF000020134
Department of Health,NHS Trafford CCG,12/31/2018,C&M-PMS Funding Differential Review,PRC DELEGATED CO-COMMISSIONING,DRS MARCHI & FRIER,25108435,630.86 ,,SLF000020134
Department of Health,NHS Trafford CCG,12/31/2018,C&M-PMS PCO Seniority,PRC DELEGATED CO-COMMISSIONING,DRS MARCHI & FRIER,25108435,"1,163.93 ",,SLF000020134
Department of Health,NHS Trafford CCG,12/31/2018,C&M-PMS QOF Aspiration,PRC DELEGATED CO-COMMISSIONING,DRS MARCHI & FRIER,25108435,"6,739.13 ",,SLF000020134
Department of Health,NHS Trafford CCG,12/31/2018,ME - PMS GP Prior Year ERs,PRC DELEGATED CO-COMMISSIONING,DRS MARCHI & FRIER,25108435,"1,149.54 ",,SLF000020134
Department of Health,NHS Trafford CCG,12/31/2018,ME-PMS GP Prior Year EEs,PRC DELEGATED CO-COMMISSIONING,DRS MARCHI & FRIER,25108435,"1,645.48 ",,SLF000020134
Department of Health,NHS Trafford CCG,12/31/2018,C&M-PMS Contract Value,PRC DELEGATED CO-COMMISSIONING,DRS CLARE & WATSON,25108438,"35,372.93 ",,SLF000020138
Department of Health,NHS Trafford CCG,12/31/2018,C&M-PMS DES Extended Hours Access,PRC DELEGATED CO-COMMISSIONING,DRS CLARE & WATSON,25108438,"2,324.65 ",,SLF000020138
Department of Health,NHS Trafford CCG,12/31/2018,C&M-PMS DES Minor Surgery,PRC DELEGATED CO-COMMISSIONING,DRS CLARE & WATSON,25108438,352.00 ,,SLF000020138
Department of Health,NHS Trafford CCG,12/31/2018,C&M-PMS List Size Adjustment,PRC DELEGATED CO-COMMISSIONING,DRS CLARE & WATSON,25108438,584.90 ,,SLF000020138
Department of Health,NHS Trafford CCG,12/31/2018,C&M-PMS PCO Seniority,PRC DELEGATED CO-COMMISSIONING,DRS CLARE & WATSON,25108438,"1,451.69 ",,SLF000020138
Department of Health,NHS Trafford CCG,12/31/2018,C&M-PMS Prem Notional Rent,PRC DELEGATED CO-COMMISSIONING,DRS CLARE & WATSON,25108438,"2,091.67 ",,SLF000020138
Department of Health,NHS Trafford CCG,12/31/2018,C&M-PMS QOF Aspiration,PRC DELEGATED CO-COMMISSIONING,DRS CLARE & WATSON,25108438,"3,810.79 ",,SLF000020138
Department of Health,NHS Trafford CCG,12/31/2018,ME-PMS GP Pension EEs Adjs - PMS,PRC DELEGATED CO-COMMISSIONING,DRS CLARE & WATSON,25108438,"1,463.78 ",,SLF000020138
Department of Health,NHS Trafford CCG,12/31/2018,ME-PMS GP Pension ERs Adjs - PMS,PRC DELEGATED CO-COMMISSIONING,DRS CLARE & WATSON,25108438,"2,263.32 ",,SLF000020138
Department of Health,NHS Trafford CCG,12/31/2018,C&M-PMS Contract Value,PRC DELEGATED CO-COMMISSIONING,GROVE MEDICAL PRACTICE,25108439,"44,918.48 ",,SLF000020140
Department of Health,NHS Trafford CCG,12/31/2018,C&M-PMS DES Extended Hours Access,PRC DELEGATED CO-COMMISSIONING,GROVE MEDICAL PRACTICE,25108439,"2,498.50 ",,SLF000020140
Department of Health,NHS Trafford CCG,12/31/2018,C&M-PMS DES Minor Surgery,PRC DELEGATED CO-COMMISSIONING,GROVE MEDICAL PRACTICE,25108439,396.00 ,,SLF000020140
Department of Health,NHS Trafford CCG,12/31/2018,C&M-PMS PCO Seniority,PRC DELEGATED CO-COMMISSIONING,GROVE MEDICAL PRACTICE,25108439,"1,053.32 ",,SLF000020140
Department of Health,NHS Trafford CCG,12/31/2018,C&M-PMS QOF Aspiration,PRC DELEGATED CO-COMMISSIONING,GROVE MEDICAL PRACTICE,25108439,"3,991.35 ",,SLF000020140
Department of Health,NHS Trafford CCG,12/31/2018,C&M-GMS DES Extended Hours Access,PRC DELEGATED CO-COMMISSIONING,NORTH TRAFFORD GROUP PRACTICE,25108441,"4,399.45 ",,SLF000020142
Department of Health,NHS Trafford CCG,12/31/2018,C&M-GMS DES Minor Surgery,PRC DELEGATED CO-COMMISSIONING,NORTH TRAFFORD GROUP PRACTICE,25108441,526.00 ,,SLF000020142
Department of Health,NHS Trafford CCG,12/31/2018,C&M-GMS Global Sum,PRC DELEGATED CO-COMMISSIONING,NORTH TRAFFORD GROUP PRACTICE,25108441,"65,113.73 ",,SLF000020142
Department of Health,NHS Trafford CCG,12/31/2018,C&M-GMS Prem Notional Rent,PRC DELEGATED CO-COMMISSIONING,NORTH TRAFFORD GROUP PRACTICE,25108441,"3,077.00 ",,SLF000020142
Department of Health,NHS Trafford CCG,12/31/2018,C&M-GMS QOF Aspiration,PRC DELEGATED CO-COMMISSIONING,NORTH TRAFFORD GROUP PRACTICE,25108441,"6,923.94 ",,SLF000020142
Department of Health,NHS Trafford CCG,12/31/2018,ME - GMS GP Prior Year ERs,PRC DELEGATED CO-COMMISSIONING,NORTH TRAFFORD GROUP PRACTICE,25108441,"1,578.51 ",,SLF000020142
Department of Health,NHS Trafford CCG,12/31/2018,ME-GMS GP Prior Year EEs,PRC DELEGATED CO-COMMISSIONING,NORTH TRAFFORD GROUP PRACTICE,25108441,"2,413.21 ",,SLF000020142
Department of Health,NHS Trafford CCG,12/31/2018,C&M-PMS Contract Value,PRC DELEGATED CO-COMMISSIONING,PARK MEDICAL PRACTICE ALTRINCHAM,25108443,"42,004.81 ",,SLF000020144
Department of Health,NHS Trafford CCG,12/31/2018,C&M-PMS DES Extended Hours Access,PRC DELEGATED CO-COMMISSIONING,PARK MEDICAL PRACTICE ALTRINCHAM,25108443,"8,903.40 ",,SLF000020144
Department of Health,NHS Trafford CCG,12/31/2018,C&M-PMS DES Minor Surgery,PRC DELEGATED CO-COMMISSIONING,PARK MEDICAL PRACTICE ALTRINCHAM,25108443,"5,102.00 ",,SLF000020144
Department of Health,NHS Trafford CCG,12/31/2018,C&M-PMS PCO Seniority,PRC DELEGATED CO-COMMISSIONING,PARK MEDICAL PRACTICE ALTRINCHAM,25108443,"1,412.19 ",,SLF000020144
Department of Health,NHS Trafford CCG,12/31/2018,C&M-PMS Prem Notional Rent,PRC DELEGATED CO-COMMISSIONING,PARK MEDICAL PRACTICE ALTRINCHAM,25108443,"4,720.83 ",,SLF000020144
Department of Health,NHS Trafford CCG,12/31/2018,C&M-PMS QOF Aspiration,PRC DELEGATED CO-COMMISSIONING,PARK MEDICAL PRACTICE ALTRINCHAM,25108443,"4,359.29 ",,SLF000020144
Department of Health,NHS Trafford CCG,12/31/2018,C&M-APMS Contract KPIs,PRC DELEGATED CO-COMMISSIONING,TRAFFORD HEALTH CENTRE,25108444,"42,668.09 ",,SLF000020146
Department of Health,NHS Trafford CCG,12/31/2018,C&M-APMS Contract Value,PRC DELEGATED CO-COMMISSIONING,TRAFFORD HEALTH CENTRE,25108444,"128,004.29 ",,SLF000020146
Department of Health,NHS Trafford CCG,12/31/2018,C&M-PMS QOF Aspiration,PRC DELEGATED CO-COMMISSIONING,TRAFFORD HEALTH CENTRE,25108444,"3,535.46 ",,SLF000020146
Department of Health,NHS Trafford CCG,12/31/2018,C&M-GMS DES Extended Hours Access,PRC DELEGATED CO-COMMISSIONING,WEST TIMPERLEY MEDICAL CENTRE,25108446,"4,018.03 ",,SLF000020148
Department of Health,NHS Trafford CCG,12/31/2018,C&M-GMS DES Minor Surgery,PRC DELEGATED CO-COMMISSIONING,WEST TIMPERLEY MEDICAL CENTRE,25108446,"2,468.00 ",,SLF000020148
Department of Health,NHS Trafford CCG,12/31/2018,C&M-GMS Global Sum,PRC DELEGATED CO-COMMISSIONING,WEST TIMPERLEY MEDICAL CENTRE,25108446,"55,929.82 ",,SLF000020148
Department of Health,NHS Trafford CCG,12/31/2018,C&M-GMS MPIG Correction Factor,PRC DELEGATED CO-COMMISSIONING,WEST TIMPERLEY MEDICAL CENTRE,25108446,613.08 ,,SLF000020148
Department of Health,NHS Trafford CCG,12/31/2018,C&M-GMS PCO Seniority,PRC DELEGATED CO-COMMISSIONING,WEST TIMPERLEY MEDICAL CENTRE,25108446,"2,513.27 ",,SLF000020148
Department of Health,NHS Trafford CCG,12/31/2018,C&M-GMS Prem Actual Rent,PRC DELEGATED CO-COMMISSIONING,WEST TIMPERLEY MEDICAL CENTRE,25108446,"35,850.00 ",,SLF000020148
Department of Health,NHS Trafford CCG,12/31/2018,C&M-GMS Prem Other,PRC DELEGATED CO-COMMISSIONING,WEST TIMPERLEY MEDICAL CENTRE,25108446,579.58 ,,SLF000020148
Department of Health,NHS Trafford CCG,12/31/2018,C&M-GMS QOF Aspiration,PRC DELEGATED CO-COMMISSIONING,WEST TIMPERLEY MEDICAL CENTRE,25108446,"5,233.44 ",,SLF000020148
Department of Health,NHS Trafford CCG,12/31/2018,C&M-PMS Contract Value,PRC DELEGATED CO-COMMISSIONING,DR WILSON & PARTNERS MANCHESTER,25140229,"89,765.93 ",,SLF000020136
Department of Health,NHS Trafford CCG,12/31/2018,C&M-PMS DES Minor Surgery,PRC DELEGATED CO-COMMISSIONING,DR WILSON & PARTNERS MANCHESTER,25140229,"1,036.00 ",,SLF000020136
Department of Health,NHS Trafford CCG,12/31/2018,C&M-PMS Funding Differential Review,PRC DELEGATED CO-COMMISSIONING,DR WILSON & PARTNERS MANCHESTER,25140229,"1,122.48 ",,SLF000020136
Department of Health,NHS Trafford CCG,12/31/2018,C&M-PMS PCO Locum Sickness,PRC DELEGATED CO-COMMISSIONING,DR WILSON & PARTNERS MANCHESTER,25140229,"4,200.00 ",,SLF000020136
Department of Health,NHS Trafford CCG,12/31/2018,C&M-PMS PCO Seniority,PRC DELEGATED CO-COMMISSIONING,DR WILSON & PARTNERS MANCHESTER,25140229,"1,404.69 ",,SLF000020136
Department of Health,NHS Trafford CCG,12/31/2018,C&M-PMS Prem Actual Rent,PRC DELEGATED CO-COMMISSIONING,DR WILSON & PARTNERS MANCHESTER,25140229,"45,846.30 ",,SLF000020136
Department of Health,NHS Trafford CCG,12/31/2018,C&M-PMS QOF Aspiration,PRC DELEGATED CO-COMMISSIONING,DR WILSON & PARTNERS MANCHESTER,25140229,"10,295.05 ",,SLF000020136
Department of Health,NHS Trafford CCG,12/31/2018,ME - PMS GP Prior Year ERs,PRC DELEGATED CO-COMMISSIONING,DR WILSON & PARTNERS MANCHESTER,25140229,802.53 ,,SLF000020136
Department of Health,NHS Trafford CCG,12/31/2018,ME-PMS GP Prior Year EEs,PRC DELEGATED CO-COMMISSIONING,DR WILSON & PARTNERS MANCHESTER,25140229,701.52 ,,SLF000020136
Department of Health,NHS Trafford CCG,12/31/2018,ME - PMS GP Prior Year ERs,PRC DELEGATED CO-COMMISSIONING,TRAFFORD HEALTH CENTRE,25140231,"(9,336.28)",,SLF000020145
Department of Health,NHS Trafford CCG,12/31/2018,ME - PMS TPS Added Years Adj EEs,PRC DELEGATED CO-COMMISSIONING,TRAFFORD HEALTH CENTRE,25140231,(283.25),,SLF000020145
Department of Health,NHS Trafford CCG,12/31/2018,ME-PMS GP Pension EEs Adjs - PMS,PRC DELEGATED CO-COMMISSIONING,TRAFFORD HEALTH CENTRE,25140231,"(3,559.14)",,SLF000020145
Department of Health,NHS Trafford CCG,12/31/2018,ME-PMS GP Pension EEs-PMS,PRC DELEGATED CO-COMMISSIONING,TRAFFORD HEALTH CENTRE,25140231,"(2,437.75)",,SLF000020145
Department of Health,NHS Trafford CCG,12/31/2018,ME-PMS GP Pension ERs Adjs - PMS,PRC DELEGATED CO-COMMISSIONING,TRAFFORD HEALTH CENTRE,25140231,"(7,500.12)",,SLF000020145
Department of Health,NHS Trafford CCG,12/31/2018,ME-PMS GP Prior Year EEs,PRC DELEGATED CO-COMMISSIONING,TRAFFORD HEALTH CENTRE,25140231,"(8,432.78)",,SLF000020145
Department of Health,NHS Trafford CCG,12/31/2018,C&M-GMS DES Extended Hours Access,PRC DELEGATED CO-COMMISSIONING,BROOKS BAR MEDICAL CENTRE,25140232,"2,419.18 ",,SLF000020150
Department of Health,NHS Trafford CCG,12/31/2018,C&M-GMS DES Learn Dsblty Hlth Chk,PRC DELEGATED CO-COMMISSIONING,BROOKS BAR MEDICAL CENTRE,25140232,140.00 ,,SLF000020150
Department of Health,NHS Trafford CCG,12/31/2018,C&M-GMS Global Sum,PRC DELEGATED CO-COMMISSIONING,BROOKS BAR MEDICAL CENTRE,25140232,"38,644.28 ",,SLF000020150
Department of Health,NHS Trafford CCG,12/31/2018,C&M-GMS MPIG Correction Factor,PRC DELEGATED CO-COMMISSIONING,BROOKS BAR MEDICAL CENTRE,25140232,484.19 ,,SLF000020150
Department of Health,NHS Trafford CCG,12/31/2018,C&M-GMS PCO Locum Adop/Pat/Mat,PRC DELEGATED CO-COMMISSIONING,BROOKS BAR MEDICAL CENTRE,25140232,"17,633.72 ",,SLF000020150
Department of Health,NHS Trafford CCG,12/31/2018,C&M-GMS Prem Notional Rent,PRC DELEGATED CO-COMMISSIONING,BROOKS BAR MEDICAL CENTRE,25140232,"3,423.17 ",,SLF000020150
Department of Health,NHS Trafford CCG,12/31/2018,C&M-GMS QOF Aspiration,PRC DELEGATED CO-COMMISSIONING,BROOKS BAR MEDICAL CENTRE,25140232,"4,099.50 ",,SLF000020150
Department of Health,NHS Trafford CCG,12/31/2018,C&M-APMS IT Comm Servs-GP Practices,REABLEMENT,NHS OLDHAM CCG,25149952,869.00 ,,7011704957
Department of Health,NHS Trafford CCG,12/31/2018,C&M-GMS IT Comm Servs -GP Practices,REABLEMENT,NHS OLDHAM CCG,25149952,"51,731.00 ",,7011704957
Department of Health,NHS Trafford CCG,12/31/2018,C&M-PMS IT Comm Servs -GP Practices,REABLEMENT,NHS OLDHAM CCG,25149952,"25,027.00 ",,7011704957
Department of Health,NHS Trafford CCG,12/31/2018,Hlthcre-Foundation Trsts,COMMUNITY SERVICES,PENNINE CARE NHS FOUNDATION TRUST,25173582,"225,000.00 ",654425730,1010031667
Department of Health,NHS Trafford CCG,12/31/2018,Clinical&Medical-Independent Sector,COMMUNITY SERVICES,CONCORDIA SPECIALIST CARE SERVICES,25173587,"40,060.94 ",143786783,TRAFFORDSEP18
Department of Health,NHS Trafford CCG,12/31/2018,Healthcare Srv Rec CCG,PROGRAMME PROJECTS,NHS MANCHESTER CCG,25173619,"114,000.00 ",,7031300333
Department of Health,NHS Trafford CCG,12/31/2018,Hlthcre-Foundation Trsts,COMMUNITY SERVICES,PENNINE CARE NHS FOUNDATION TRUST,25173673,"50,000.00 ",654425730,1010032709
Department of Health,NHS Trafford CCG,12/31/2018,Clinical&Medical-Independent Sector,COMMUNITY SERVICES,CONCORDIA SPECIALIST CARE SERVICES,25173677,"62,409.06 ",143786783,TRAFFORDOCT18
Department of Health,NHS Trafford CCG,12/31/2018,C&M-GMS IT Comm Servs -GP Practices,REABLEMENT,NHS OLDHAM CCG,25173683,"(28,814.00)",,7011704917
Department of Health,NHS Trafford CCG,12/31/2018,Charges from CSU,COMMISSIONING,NHS OLDHAM CCG,25173683,"(1,149.00)",,7011704917
Department of Health,NHS Trafford CCG,12/31/2018,Charges from CSU,COMMISSIONING - NON ACUTE,NHS OLDHAM CCG,25173683,"(3,598.00)",,7011704917
Department of Health,NHS Trafford CCG,12/31/2018,Charges from CSU,CORPORATE COSTS & SERVICES,NHS OLDHAM CCG,25173683,"(1,228.00)",,7011704917
Department of Health,NHS Trafford CCG,12/31/2018,Charges from CSU,FINANCE,NHS OLDHAM CCG,25173683,"(10,249.00)",,7011704917
Department of Health,NHS Trafford CCG,12/31/2018,Charges from CSU,MEDICINES MANAGEMENT - CLINICAL,NHS OLDHAM CCG,25173683,"(8,694.00)",,7011704917
Department of Health,NHS Trafford CCG,12/31/2018,Hlthcre-Foundation Trsts,ACUTE COMMISSIONING,WRIGHTINGTON WIGAN & LEIGH NHS FOUNDATION TRUST,25173860,"38,705.00 ",GB654951509,55583650
Department of Health,NHS Trafford CCG,12/31/2018,Hlthcre-Foundation Trsts,MENTAL HEALTH CONTRACTS,GREATER MANCHESTER WEST MENTAL HEALTH NHS FOUNDATION TRUST,25173922,"1,526,653.50 ",654929594,0000030414
Department of Health,NHS Trafford CCG,12/31/2018,Clinical&Medical-Independent Sector,COMMISSIONING SCHEMES,CSC COMPUTER SCIENCES LTD,25173941,"157,798.00 ",584686581,5201556344
Department of Health,NHS Trafford CCG,12/31/2018,Apprenticeship Levy Payable,BALANCE SHEET,HMRC,25212057,484.00 ,,120PZ005750921908
Department of Health,NHS Trafford CCG,12/31/2018,Income tax <1Yr,BALANCE SHEET,HMRC,25212057,"49,330.80 ",,120PZ005750921908
Department of Health,NHS Trafford CCG,12/31/2018,Income tax <1Yr-Student Loans,BALANCE SHEET,HMRC,25212057,"1,422.00 ",,120PZ005750921908
Department of Health,NHS Trafford CCG,12/31/2018,National Insurance < 1 yr-NI- ERS,BALANCE SHEET,HMRC,25212057,"37,260.97 ",,120PZ005750921908
Department of Health,NHS Trafford CCG,12/31/2018,National Insurance < 1 yr-NI-EES,BALANCE SHEET,HMRC,25212057,"26,972.55 ",,120PZ005750921908
Department of Health,NHS Trafford CCG,12/31/2018,Statutory Mat Pay < 1 yr,BALANCE SHEET,HMRC,25212057,"(3,235.72)",,120PZ005750921908
Department of Health,NHS Trafford CCG,12/31/2018,C&M-GMS Cost of Drugs -Prescribing,LOCAL ENHANCED SERVICES,DR C J DAVIES & PARTNERS,25238264,"22,887.98 ",,SLF000020262
Department of Health,NHS Trafford CCG,12/31/2018,C&M-GMS Prof Fees Prescribing,PRC DELEGATED CO-COMMISSIONING,DR C J DAVIES & PARTNERS,25238264,"4,954.84 ",,SLF000020262
Department of Health,NHS Trafford CCG,12/31/2018,Cont Care- Palliative Care,CHC ADULT FULLY FUNDED,WYNCOURT NURSING HOME,25244794,"3,764.29 ",,18004
Department of Health,NHS Trafford CCG,12/31/2018,Cont Care-Physical Disab (65+),CHC ADULT FULLY FUNDED,WYNCOURT NURSING HOME,25244794,"15,522.60 ",,18004
Department of Health,NHS Trafford CCG,12/31/2018,Cont Care-Physical Disab (<65),CHC ADULT FULLY FUNDED,WYNCOURT NURSING HOME,25244794,"12,419.43 ",,18004
Department of Health,NHS Trafford CCG,12/31/2018,Cont Care-Mental Health (65+),CHC ADULT FULLY FUNDED,KINGSLEY HEALTHCARE,25245067,"22,264.31 ",,TM00004378TOTM00004382
Department of Health,NHS Trafford CCG,12/31/2018,Cont Care-Mental Health (65+),CHC ADULT FULLY FUNDED,MARIA MALLABAND CARE GROUP LTD,25245082,"3,642.86 ",,AI007926TOAI007932
Department of Health,NHS Trafford CCG,12/31/2018,Cont Care-Physical Disab (65+),CHC ADULT FULLY FUNDED,MARIA MALLABAND CARE GROUP LTD,25245082,"18,642.87 ",,AI007926TOAI007932
Department of Health,NHS Trafford CCG,12/31/2018,Cont Care-Physical Disab (<65),CHC ADULT FULLY FUNDED,MARIA MALLABAND CARE GROUP LTD,25245082,"3,642.86 ",,AI007926TOAI007932
Department of Health,NHS Trafford CCG,12/31/2018,Cont Care- Palliative Care,CHC ADULT FULLY FUNDED,MARIA MALLABAND CARE GROUP LTD,25245094,"5,585.72 ",,MH006780TOMH006789
Department of Health,NHS Trafford CCG,12/31/2018,Cont Care-Interim Funding(Pre Panel),CHC ADULT FULLY FUNDED,MARIA MALLABAND CARE GROUP LTD,25245094,"1,979.71 ",,MH006780TOMH006789
Department of Health,NHS Trafford CCG,12/31/2018,Cont Care-Mental Health (65+),CHC ADULT FULLY FUNDED,MARIA MALLABAND CARE GROUP LTD,25245094,"5,900.00 ",,MH006780TOMH006789
Department of Health,NHS Trafford CCG,12/31/2018,Cont Care-Physical Disab (65+),CHC ADULT FULLY FUNDED,MARIA MALLABAND CARE GROUP LTD,25245094,"14,785.71 ",,MH006780TOMH006789
Department of Health,NHS Trafford CCG,12/31/2018,Cont Care-Physical Disab (<65),CHC ADULT FULLY FUNDED,MARIA MALLABAND CARE GROUP LTD,25245094,"3,428.57 ",,MH006780TOMH006789
Department of Health,NHS Trafford CCG,12/31/2018,C&M-GMS LES Intermediate Care,PRIMARY CARE INVESTMENTS,WASHWAY ROAD MEDICAL CENTRE,25283768,"54,470.00 ",,AHPMSQ2201819WRMC
Department of Health,NHS Trafford CCG,12/31/2018,Clinical&Medical-Commercial Sector,MENTAL HEALTH SERVICES - OLDER PEOPLE,CYGNET HEALTHCARE LTD,25307642,"25,456.63 ",248280396,HAR0045936
Department of Health,NHS Trafford CCG,12/31/2018,Cont Care-FNC Client Continence Allow,FUNDED NURSING CARE,MARIA MALLABAND CARE GROUP LTD,25307763,60.00 ,,MH006795TOMH006836
Department of Health,NHS Trafford CCG,12/31/2018,Cont Care-Funded Nursing Care Allow,FUNDED NURSING CARE,MARIA MALLABAND CARE GROUP LTD,25307763,"27,607.66 ",,MH006795TOMH006836
Department of Health,NHS Trafford CCG,12/31/2018,C&M-APMS OOH Opt Outs,OUT OF HOURS,MASTERCALL HEALTHCARE,25330418,"127,210.42 ",,7978
Department of Health,NHS Trafford CCG,12/31/2018,Miscellaneous Expenditure (L9),PRIMARY CARE DEVELOPMENT,MASTERCALL HEALTHCARE,25330429,"44,650.03 ",,7979
Department of Health,NHS Trafford CCG,12/31/2018,C&M-APMS OOH Opt Outs,OUT OF HOURS,MASTERCALL HEALTHCARE,25330435,"35,718.06 ",,7969
,,,,,,,,,
