Department family,Entity,Date,Expense Type,Expense area,Supplier,Transaction number,AP Amount (�),VAT registration number,Purchase invoice number
Department of Health,NHS Trafford CCG,1/31/2019,Voids and Subsidies,PRC DELEGATED CO-COMMISSIONING,NHS PROPERTY SERVICES LTD,25413722,"39,872.20 ",156725100,H107532
Department of Health,NHS Trafford CCG,1/31/2019,Clinical&Medical-Othe Public Sector,LEARNING DIFFICULTIES,TRAFFORD COUNCIL,25413746,"505,392.00 ",149191256,1800252319
Department of Health,NHS Trafford CCG,1/31/2019,Hlthcre-Foundation Trsts,ACUTE COMMISSIONING,CHRISTIE HOSPITAL NHS FOUNDATION TRUST,25413751,"(81,130.00)",GB 654916118,CRN1030632
Department of Health,NHS Trafford CCG,1/31/2019,Hlthcre-Foundation Trsts,ACUTE COMMISSIONING,STOCKPORT NHS FOUNDATION TRUST,25413761,"(65,160.00)",654974295,40079071
Department of Health,NHS Trafford CCG,1/31/2019,Clinical&Medical-Voluntary Sector,CHILD AND ADOLESCENT MENTAL HEALTH,42ND STREET LTD,25425822,"46,250.00 ",,GRN1357
Department of Health,NHS Trafford CCG,1/31/2019,C&M-GMS DES Minor Surgery,PRC DELEGATED CO-COMMISSIONING,DELAMERE CENTRE,25480719,740.00 ,,SLF000020374
Department of Health,NHS Trafford CCG,1/31/2019,C&M-GMS Global Sum,PRC DELEGATED CO-COMMISSIONING,DELAMERE CENTRE,25480719,"113,737.33 ",,SLF000020374
Department of Health,NHS Trafford CCG,1/31/2019,C&M-GMS Prem Actual Rent,PRC DELEGATED CO-COMMISSIONING,DELAMERE CENTRE,25480719,947.67 ,,SLF000020374
Department of Health,NHS Trafford CCG,1/31/2019,C&M-GMS QOF Aspiration,PRC DELEGATED CO-COMMISSIONING,DELAMERE CENTRE,25480719,"12,749.32 ",,SLF000020374
Department of Health,NHS Trafford CCG,1/31/2019,C&M-GMS Global Sum,PRC DELEGATED CO-COMMISSIONING,DR A C A DEWEEVER & PARTNERS,25480721,"45,303.69 ",,SLF000020376
Department of Health,NHS Trafford CCG,1/31/2019,C&M-GMS Prem Healthcentre Rent,PRC DELEGATED CO-COMMISSIONING,DR A C A DEWEEVER & PARTNERS,25480721,"5,934.10 ",,SLF000020376
Department of Health,NHS Trafford CCG,1/31/2019,C&M-GMS QOF Aspiration,PRC DELEGATED CO-COMMISSIONING,DR A C A DEWEEVER & PARTNERS,25480721,"5,070.13 ",,SLF000020376
Department of Health,NHS Trafford CCG,1/31/2019,C&M-GMS DES Minor Surgery,PRC DELEGATED CO-COMMISSIONING,DR A KAYE & PARTNERS,25480725,"1,564.00 ",,SLF000020380
Department of Health,NHS Trafford CCG,1/31/2019,C&M-GMS Global Sum,PRC DELEGATED CO-COMMISSIONING,DR A KAYE & PARTNERS,25480725,"84,598.23 ",,SLF000020380
Department of Health,NHS Trafford CCG,1/31/2019,C&M-GMS Prem Water Rates,PRC DELEGATED CO-COMMISSIONING,DR A KAYE & PARTNERS,25480725,389.66 ,,SLF000020380
Department of Health,NHS Trafford CCG,1/31/2019,C&M-GMS QOF Aspiration,PRC DELEGATED CO-COMMISSIONING,DR A KAYE & PARTNERS,25480725,"12,418.82 ",,SLF000020380
Department of Health,NHS Trafford CCG,1/31/2019,C&M-GMS DES Minor Surgery,PRC DELEGATED CO-COMMISSIONING,DR B N MACDONALD & PARTNER,25480727,738.00 ,,SLF000020382
Department of Health,NHS Trafford CCG,1/31/2019,C&M-GMS Global Sum,PRC DELEGATED CO-COMMISSIONING,DR B N MACDONALD & PARTNER,25480727,"45,839.90 ",,SLF000020382
Department of Health,NHS Trafford CCG,1/31/2019,C&M-GMS MPIG Correction Factor,PRC DELEGATED CO-COMMISSIONING,DR B N MACDONALD & PARTNER,25480727,"1,155.12 ",,SLF000020382
Department of Health,NHS Trafford CCG,1/31/2019,C&M-GMS Prem Notional Rent,PRC DELEGATED CO-COMMISSIONING,DR B N MACDONALD & PARTNER,25480727,"5,379.17 ",,SLF000020382
Department of Health,NHS Trafford CCG,1/31/2019,C&M-GMS Prem Water Rates,PRC DELEGATED CO-COMMISSIONING,DR B N MACDONALD & PARTNER,25480727,331.08 ,,SLF000020382
Department of Health,NHS Trafford CCG,1/31/2019,C&M-GMS QOF Aspiration,PRC DELEGATED CO-COMMISSIONING,DR B N MACDONALD & PARTNER,25480727,"4,968.27 ",,SLF000020382
Department of Health,NHS Trafford CCG,1/31/2019,C&M-GMS DES Minor Surgery,PRC DELEGATED CO-COMMISSIONING,DR C J DAVIES & PARTNERS,25480729,"2,984.00 ",,SLF000020384
Department of Health,NHS Trafford CCG,1/31/2019,C&M-GMS Global Sum,PRC DELEGATED CO-COMMISSIONING,DR C J DAVIES & PARTNERS,25480729,"108,200.33 ",,SLF000020384
Department of Health,NHS Trafford CCG,1/31/2019,C&M-GMS MPIG Correction Factor,PRC DELEGATED CO-COMMISSIONING,DR C J DAVIES & PARTNERS,25480729,916.72 ,,SLF000020384
Department of Health,NHS Trafford CCG,1/31/2019,C&M-GMS Prem Notional Rent,PRC DELEGATED CO-COMMISSIONING,DR C J DAVIES & PARTNERS,25480729,"7,854.17 ",,SLF000020384
Department of Health,NHS Trafford CCG,1/31/2019,C&M-GMS QOF Aspiration,PRC DELEGATED CO-COMMISSIONING,DR C J DAVIES & PARTNERS,25480729,"11,937.43 ",,SLF000020384
Department of Health,NHS Trafford CCG,1/31/2019,C&M-GMS DES Minor Surgery,PRC DELEGATED CO-COMMISSIONING,DR C WESTWOOD,25480731,"3,148.00 ",,SLF000020386
Department of Health,NHS Trafford CCG,1/31/2019,C&M-GMS Global Sum,PRC DELEGATED CO-COMMISSIONING,DR C WESTWOOD,25480731,"30,427.22 ",,SLF000020386
Department of Health,NHS Trafford CCG,1/31/2019,C&M-GMS MPIG Correction Factor,PRC DELEGATED CO-COMMISSIONING,DR C WESTWOOD,25480731,206.31 ,,SLF000020386
Department of Health,NHS Trafford CCG,1/31/2019,C&M-GMS QOF Aspiration,PRC DELEGATED CO-COMMISSIONING,DR C WESTWOOD,25480731,"4,562.17 ",,SLF000020386
Department of Health,NHS Trafford CCG,1/31/2019,C&M-GMS DES Minor Surgery,PRC DELEGATED CO-COMMISSIONING,DR BAZLEY & PARTNERS,25480733,"1,388.00 ",,SLF000020388
Department of Health,NHS Trafford CCG,1/31/2019,C&M-GMS Global Sum,PRC DELEGATED CO-COMMISSIONING,DR BAZLEY & PARTNERS,25480733,"43,041.20 ",,SLF000020388
Department of Health,NHS Trafford CCG,1/31/2019,C&M-GMS QOF Aspiration,PRC DELEGATED CO-COMMISSIONING,DR BAZLEY & PARTNERS,25480733,"5,938.03 ",,SLF000020388
Department of Health,NHS Trafford CCG,1/31/2019,ME - GMS GP Prior Year ERs,PRC DELEGATED CO-COMMISSIONING,DR BAZLEY & PARTNERS,25480733,"6,143.17 ",,SLF000020388
Department of Health,NHS Trafford CCG,1/31/2019,ME-GMS GP Prior Year EEs,PRC DELEGATED CO-COMMISSIONING,DR BAZLEY & PARTNERS,25480733,"5,767.26 ",,SLF000020388
Department of Health,NHS Trafford CCG,1/31/2019,C&M-GMS Global Sum,PRC DELEGATED CO-COMMISSIONING,DR H F SIMONTON & PARTNERS,25480735,"101,899.23 ",,SLF000020390
Department of Health,NHS Trafford CCG,1/31/2019,C&M-GMS MPIG Correction Factor,PRC DELEGATED CO-COMMISSIONING,DR H F SIMONTON & PARTNERS,25480735,"1,082.29 ",,SLF000020390
Department of Health,NHS Trafford CCG,1/31/2019,C&M-GMS Prem Other,PRC DELEGATED CO-COMMISSIONING,DR H F SIMONTON & PARTNERS,25480735,698.33 ,,SLF000020390
Department of Health,NHS Trafford CCG,1/31/2019,C&M-GMS QOF Aspiration,PRC DELEGATED CO-COMMISSIONING,DR H F SIMONTON & PARTNERS,25480735,"12,543.06 ",,SLF000020390
Department of Health,NHS Trafford CCG,1/31/2019,C&M-PMS Contract Value,PRC DELEGATED CO-COMMISSIONING,DR JP BERRY & PARTNERS,25480737,"74,732.51 ",,SLF000020392
Department of Health,NHS Trafford CCG,1/31/2019,C&M-PMS Funding Differential Review,PRC DELEGATED CO-COMMISSIONING,DR JP BERRY & PARTNERS,25480737,"1,013.41 ",,SLF000020392
Department of Health,NHS Trafford CCG,1/31/2019,C&M-PMS PCO Doctors Ret Scheme,PRC DELEGATED CO-COMMISSIONING,DR JP BERRY & PARTNERS,25480737,692.28 ,,SLF000020392
Department of Health,NHS Trafford CCG,1/31/2019,C&M-PMS Prem Notional Rent,PRC DELEGATED CO-COMMISSIONING,DR JP BERRY & PARTNERS,25480737,"5,145.83 ",,SLF000020392
Department of Health,NHS Trafford CCG,1/31/2019,C&M-PMS QOF Aspiration,PRC DELEGATED CO-COMMISSIONING,DR JP BERRY & PARTNERS,25480737,"8,380.17 ",,SLF000020392
Department of Health,NHS Trafford CCG,1/31/2019,C&M-PMS Contract Value,PRC DELEGATED CO-COMMISSIONING,DR M P STAMP & PARTNER,25480739,"36,476.02 ",,SLF000020394
Department of Health,NHS Trafford CCG,1/31/2019,C&M-PMS Funding Differential Review,PRC DELEGATED CO-COMMISSIONING,DR M P STAMP & PARTNER,25480739,469.44 ,,SLF000020394
Department of Health,NHS Trafford CCG,1/31/2019,C&M-PMS QOF Aspiration,PRC DELEGATED CO-COMMISSIONING,DR M P STAMP & PARTNER,25480739,"3,932.32 ",,SLF000020394
Department of Health,NHS Trafford CCG,1/31/2019,C&M-PMS Contract Value,PRC DELEGATED CO-COMMISSIONING,DR M PATEL,25480741,"47,112.11 ",,SLF000020396
Department of Health,NHS Trafford CCG,1/31/2019,C&M-PMS Prem Notional Rent,PRC DELEGATED CO-COMMISSIONING,DR M PATEL,25480741,"4,950.00 ",,SLF000020396
Department of Health,NHS Trafford CCG,1/31/2019,C&M-PMS QOF Aspiration,PRC DELEGATED CO-COMMISSIONING,DR M PATEL,25480741,"3,662.20 ",,SLF000020396
Department of Health,NHS Trafford CCG,1/31/2019,C&M-GMS Global Sum,PRC DELEGATED CO-COMMISSIONING,DR L GILL & DR M A KHAN,25480743,"38,217.39 ",,SLF000020398
Department of Health,NHS Trafford CCG,1/31/2019,C&M-GMS Prem Notional Rent,PRC DELEGATED CO-COMMISSIONING,DR L GILL & DR M A KHAN,25480743,"3,216.66 ",,SLF000020398
Department of Health,NHS Trafford CCG,1/31/2019,C&M-GMS QOF Aspiration,PRC DELEGATED CO-COMMISSIONING,DR L GILL & DR M A KHAN,25480743,"4,175.19 ",,SLF000020398
Department of Health,NHS Trafford CCG,1/31/2019,C&M-GMS GP Statutory Levy,PRC DELEGATED CO-COMMISSIONING,DR P A JACKSON & PARTNERS,25480744,(373.58),,SLF000020399
Department of Health,NHS Trafford CCG,1/31/2019,C&M-GMS Voluntary Levy,PRC DELEGATED CO-COMMISSIONING,DR P A JACKSON & PARTNERS,25480744,(74.10),,SLF000020399
Department of Health,NHS Trafford CCG,1/31/2019,ME - GMS GP Prior Year ERs,PRC DELEGATED CO-COMMISSIONING,DR P A JACKSON & PARTNERS,25480744,"(3,038.75)",,SLF000020399
Department of Health,NHS Trafford CCG,1/31/2019,ME - GMS TPS Added Years Adj EEs,PRC DELEGATED CO-COMMISSIONING,DR P A JACKSON & PARTNERS,25480744,(577.50),,SLF000020399
Department of Health,NHS Trafford CCG,1/31/2019,ME-GMS GP Pension AVCs,PRC DELEGATED CO-COMMISSIONING,DR P A JACKSON & PARTNERS,25480744,"(5,197.50)",,SLF000020399
Department of Health,NHS Trafford CCG,1/31/2019,ME-GMS GP Pension EEs,PRC DELEGATED CO-COMMISSIONING,DR P A JACKSON & PARTNERS,25480744,"(8,801.69)",,SLF000020399
Department of Health,NHS Trafford CCG,1/31/2019,ME-GMS GP Pension ERs Adjustments,PRC DELEGATED CO-COMMISSIONING,DR P A JACKSON & PARTNERS,25480744,"(9,537.54)",,SLF000020399
Department of Health,NHS Trafford CCG,1/31/2019,ME-GMS GP Prior Year EEs,PRC DELEGATED CO-COMMISSIONING,DR P A JACKSON & PARTNERS,25480744,"(2,656.25)",,SLF000020399
Department of Health,NHS Trafford CCG,1/31/2019,C&M-GMS DES Minor Surgery,PRC DELEGATED CO-COMMISSIONING,DR P A JACKSON & PARTNERS,25480745,"2,056.00 ",,SLF000020400
Department of Health,NHS Trafford CCG,1/31/2019,C&M-GMS Global Sum,PRC DELEGATED CO-COMMISSIONING,DR P A JACKSON & PARTNERS,25480745,"106,453.10 ",,SLF000020400
Department of Health,NHS Trafford CCG,1/31/2019,C&M-GMS MPIG Correction Factor,PRC DELEGATED CO-COMMISSIONING,DR P A JACKSON & PARTNERS,25480745,"1,184.11 ",,SLF000020400
Department of Health,NHS Trafford CCG,1/31/2019,C&M-GMS Prem Water Rates,PRC DELEGATED CO-COMMISSIONING,DR P A JACKSON & PARTNERS,25480745,"1,292.30 ",,SLF000020400
Department of Health,NHS Trafford CCG,1/31/2019,C&M-GMS QOF Aspiration,PRC DELEGATED CO-COMMISSIONING,DR P A JACKSON & PARTNERS,25480745,"13,545.11 ",,SLF000020400
Department of Health,NHS Trafford CCG,1/31/2019,C&M-GMS DES Minor Surgery,PRC DELEGATED CO-COMMISSIONING,DR P M A SIMPSON & PARTNERS,25480747,704.00 ,,SLF000020402
Department of Health,NHS Trafford CCG,1/31/2019,C&M-GMS Global Sum,PRC DELEGATED CO-COMMISSIONING,DR P M A SIMPSON & PARTNERS,25480747,"59,630.24 ",,SLF000020402
Department of Health,NHS Trafford CCG,1/31/2019,C&M-GMS QOF Aspiration,PRC DELEGATED CO-COMMISSIONING,DR P M A SIMPSON & PARTNERS,25480747,"5,763.91 ",,SLF000020402
Department of Health,NHS Trafford CCG,1/31/2019,C&M-GMS DES Minor Surgery,PRC DELEGATED CO-COMMISSIONING,DR MS PRODHAN & PARTNER SEYMOUR GROVE,25480749,396.00 ,,SLF000020404
Department of Health,NHS Trafford CCG,1/31/2019,C&M-GMS Global Sum,PRC DELEGATED CO-COMMISSIONING,DR MS PRODHAN & PARTNER SEYMOUR GROVE,25480749,"29,911.93 ",,SLF000020404
Department of Health,NHS Trafford CCG,1/31/2019,C&M-GMS MPIG Correction Factor,PRC DELEGATED CO-COMMISSIONING,DR MS PRODHAN & PARTNER SEYMOUR GROVE,25480749,360.09 ,,SLF000020404
Department of Health,NHS Trafford CCG,1/31/2019,C&M-GMS QOF Aspiration,PRC DELEGATED CO-COMMISSIONING,DR MS PRODHAN & PARTNER SEYMOUR GROVE,25480749,"3,148.02 ",,SLF000020404
Department of Health,NHS Trafford CCG,1/31/2019,C&M-PMS Contract Value,PRC DELEGATED CO-COMMISSIONING,DR MS PRODHAN & PARTNER STATION ROAD,25480751,"42,609.14 ",,SLF000020406
Department of Health,NHS Trafford CCG,1/31/2019,C&M-PMS DES Minor Surgery,PRC DELEGATED CO-COMMISSIONING,DR MS PRODHAN & PARTNER STATION ROAD,25480751,"1,672.00 ",,SLF000020406
Department of Health,NHS Trafford CCG,1/31/2019,C&M-PMS Prem Notional Rent,PRC DELEGATED CO-COMMISSIONING,DR MS PRODHAN & PARTNER STATION ROAD,25480751,"3,000.00 ",,SLF000020406
Department of Health,NHS Trafford CCG,1/31/2019,C&M-PMS QOF Aspiration,PRC DELEGATED CO-COMMISSIONING,DR MS PRODHAN & PARTNER STATION ROAD,25480751,"5,048.40 ",,SLF000020406
Department of Health,NHS Trafford CCG,1/31/2019,C&M-GMS DES Minor Surgery,PRC DELEGATED CO-COMMISSIONING,DR S J FARHAN & PARTNER,25480753,440.00 ,,SLF000020408
Department of Health,NHS Trafford CCG,1/31/2019,C&M-GMS Global Sum,PRC DELEGATED CO-COMMISSIONING,DR S J FARHAN & PARTNER,25480753,"29,533.48 ",,SLF000020408
Department of Health,NHS Trafford CCG,1/31/2019,C&M-GMS MPIG Correction Factor,PRC DELEGATED CO-COMMISSIONING,DR S J FARHAN & PARTNER,25480753,52.14 ,,SLF000020408
Department of Health,NHS Trafford CCG,1/31/2019,C&M-GMS QOF Aspiration,PRC DELEGATED CO-COMMISSIONING,DR S J FARHAN & PARTNER,25480753,"3,724.99 ",,SLF000020408
Department of Health,NHS Trafford CCG,1/31/2019,C&M-PMS Contract Value,PRC DELEGATED CO-COMMISSIONING,DR S A JOHNSTON,25480755,"22,691.33 ",,SLF000020410
Department of Health,NHS Trafford CCG,1/31/2019,C&M-PMS Funding Differential Review,PRC DELEGATED CO-COMMISSIONING,DR S A JOHNSTON,25480755,210.05 ,,SLF000020410
Department of Health,NHS Trafford CCG,1/31/2019,C&M-PMS Prem Notional Rent,PRC DELEGATED CO-COMMISSIONING,DR S A JOHNSTON,25480755,"1,320.83 ",,SLF000020410
Department of Health,NHS Trafford CCG,1/31/2019,C&M-PMS QOF Aspiration,PRC DELEGATED CO-COMMISSIONING,DR S A JOHNSTON,25480755,"2,102.76 ",,SLF000020410
Department of Health,NHS Trafford CCG,1/31/2019,C&M-GMS Global Sum,PRC DELEGATED CO-COMMISSIONING,DR R D J ARCHER & PARTNER,25480757,"43,279.85 ",,SLF000020412
Department of Health,NHS Trafford CCG,1/31/2019,C&M-GMS Prem Actual Rent,PRC DELEGATED CO-COMMISSIONING,DR R D J ARCHER & PARTNER,25480757,"4,817.97 ",,SLF000020412
Department of Health,NHS Trafford CCG,1/31/2019,C&M-GMS Prem Notional Rent,PRC DELEGATED CO-COMMISSIONING,DR R D J ARCHER & PARTNER,25480757,"4,305.00 ",,SLF000020412
Department of Health,NHS Trafford CCG,1/31/2019,C&M-GMS QOF Aspiration,PRC DELEGATED CO-COMMISSIONING,DR R D J ARCHER & PARTNER,25480757,"3,810.78 ",,SLF000020412
Department of Health,NHS Trafford CCG,1/31/2019,C&M-PMS Contract Value,PRC DELEGATED CO-COMMISSIONING,DR S KAUR & PARTNERS,25480759,"45,523.05 ",,SLF000020414
Department of Health,NHS Trafford CCG,1/31/2019,C&M-PMS Prem Notional Rent,PRC DELEGATED CO-COMMISSIONING,DR S KAUR & PARTNERS,25480759,"3,383.33 ",,SLF000020414
Department of Health,NHS Trafford CCG,1/31/2019,C&M-PMS QOF Aspiration,PRC DELEGATED CO-COMMISSIONING,DR S KAUR & PARTNERS,25480759,"4,409.07 ",,SLF000020414
Department of Health,NHS Trafford CCG,1/31/2019,C&M-GMS Global Sum,PRC DELEGATED CO-COMMISSIONING,DRS JENNINGS & PARTNERS,25480761,"46,276.94 ",,SLF000020416
Department of Health,NHS Trafford CCG,1/31/2019,C&M-GMS MPIG Correction Factor,PRC DELEGATED CO-COMMISSIONING,DRS JENNINGS & PARTNERS,25480761,728.74 ,,SLF000020416
Department of Health,NHS Trafford CCG,1/31/2019,C&M-GMS Prem Water Rates,PRC DELEGATED CO-COMMISSIONING,DRS JENNINGS & PARTNERS,25480761,743.34 ,,SLF000020416
Department of Health,NHS Trafford CCG,1/31/2019,C&M-GMS QOF Aspiration,PRC DELEGATED CO-COMMISSIONING,DRS JENNINGS & PARTNERS,25480761,"4,580.10 ",,SLF000020416
Department of Health,NHS Trafford CCG,1/31/2019,C&M-PMS Contract Value,PRC DELEGATED CO-COMMISSIONING,DRS MARCHI & FRIER,25480764,"58,604.03 ",,SLF000020420
Department of Health,NHS Trafford CCG,1/31/2019,C&M-PMS Funding Differential Review,PRC DELEGATED CO-COMMISSIONING,DRS MARCHI & FRIER,25480764,630.86 ,,SLF000020420
Department of Health,NHS Trafford CCG,1/31/2019,C&M-PMS QOF Aspiration,PRC DELEGATED CO-COMMISSIONING,DRS MARCHI & FRIER,25480764,"6,739.13 ",,SLF000020420
Department of Health,NHS Trafford CCG,1/31/2019,C&M-PMS Contract Value,PRC DELEGATED CO-COMMISSIONING,DR WILSON & PARTNERS MANCHESTER,25480766,"89,940.81 ",,SLF000020422
Department of Health,NHS Trafford CCG,1/31/2019,C&M-PMS DES Minor Surgery,PRC DELEGATED CO-COMMISSIONING,DR WILSON & PARTNERS MANCHESTER,25480766,"2,322.00 ",,SLF000020422
Department of Health,NHS Trafford CCG,1/31/2019,C&M-PMS Funding Differential Review,PRC DELEGATED CO-COMMISSIONING,DR WILSON & PARTNERS MANCHESTER,25480766,"1,122.48 ",,SLF000020422
Department of Health,NHS Trafford CCG,1/31/2019,C&M-PMS QOF Aspiration,PRC DELEGATED CO-COMMISSIONING,DR WILSON & PARTNERS MANCHESTER,25480766,"10,295.05 ",,SLF000020422
Department of Health,NHS Trafford CCG,1/31/2019,C&M-PMS Contract Value,PRC DELEGATED CO-COMMISSIONING,DRS CLARE & WATSON,25480768,"35,372.93 ",,SLF000020424
Department of Health,NHS Trafford CCG,1/31/2019,C&M-PMS DES Minor Surgery,PRC DELEGATED CO-COMMISSIONING,DRS CLARE & WATSON,25480768,440.00 ,,SLF000020424
Department of Health,NHS Trafford CCG,1/31/2019,C&M-PMS List Size Adjustment,PRC DELEGATED CO-COMMISSIONING,DRS CLARE & WATSON,25480768,584.90 ,,SLF000020424
Department of Health,NHS Trafford CCG,1/31/2019,C&M-PMS Prem Notional Rent,PRC DELEGATED CO-COMMISSIONING,DRS CLARE & WATSON,25480768,"2,091.67 ",,SLF000020424
Department of Health,NHS Trafford CCG,1/31/2019,C&M-PMS QOF Aspiration,PRC DELEGATED CO-COMMISSIONING,DRS CLARE & WATSON,25480768,"3,810.79 ",,SLF000020424
Department of Health,NHS Trafford CCG,1/31/2019,C&M-PMS Contract Value,PRC DELEGATED CO-COMMISSIONING,GROVE MEDICAL PRACTICE,25480770,"44,918.48 ",,SLF000020426
Department of Health,NHS Trafford CCG,1/31/2019,C&M-PMS QOF Aspiration,PRC DELEGATED CO-COMMISSIONING,GROVE MEDICAL PRACTICE,25480770,"3,991.35 ",,SLF000020426
Department of Health,NHS Trafford CCG,1/31/2019,ME - PMS GP Prior Year ERs,PRC DELEGATED CO-COMMISSIONING,GROVE MEDICAL PRACTICE,25480770,"5,677.21 ",,SLF000020426
Department of Health,NHS Trafford CCG,1/31/2019,ME-PMS GP Prior Year EEs,PRC DELEGATED CO-COMMISSIONING,GROVE MEDICAL PRACTICE,25480770,"4,014.64 ",,SLF000020426
Department of Health,NHS Trafford CCG,1/31/2019,C&M-GMS DES Minor Surgery,PRC DELEGATED CO-COMMISSIONING,NORTH TRAFFORD GROUP PRACTICE,25480772,568.00 ,,SLF000020428
Department of Health,NHS Trafford CCG,1/31/2019,C&M-GMS Global Sum,PRC DELEGATED CO-COMMISSIONING,NORTH TRAFFORD GROUP PRACTICE,25480772,"64,922.86 ",,SLF000020428
Department of Health,NHS Trafford CCG,1/31/2019,C&M-GMS Prem Notional Rent,PRC DELEGATED CO-COMMISSIONING,NORTH TRAFFORD GROUP PRACTICE,25480772,"3,077.00 ",,SLF000020428
Department of Health,NHS Trafford CCG,1/31/2019,C&M-GMS Prem Water Rates,PRC DELEGATED CO-COMMISSIONING,NORTH TRAFFORD GROUP PRACTICE,25480772,261.98 ,,SLF000020428
Department of Health,NHS Trafford CCG,1/31/2019,C&M-GMS QOF Aspiration,PRC DELEGATED CO-COMMISSIONING,NORTH TRAFFORD GROUP PRACTICE,25480772,"6,923.94 ",,SLF000020428
Department of Health,NHS Trafford CCG,1/31/2019,C&M-PMS Contract Value,PRC DELEGATED CO-COMMISSIONING,PARK MEDICAL PRACTICE ALTRINCHAM,25480774,"42,004.81 ",,SLF000020430
Department of Health,NHS Trafford CCG,1/31/2019,C&M-PMS DES Minor Surgery,PRC DELEGATED CO-COMMISSIONING,PARK MEDICAL PRACTICE ALTRINCHAM,25480774,"8,498.00 ",,SLF000020430
Department of Health,NHS Trafford CCG,1/31/2019,C&M-PMS Prem Notional Rent,PRC DELEGATED CO-COMMISSIONING,PARK MEDICAL PRACTICE ALTRINCHAM,25480774,"4,720.83 ",,SLF000020430
Department of Health,NHS Trafford CCG,1/31/2019,C&M-PMS QOF Aspiration,PRC DELEGATED CO-COMMISSIONING,PARK MEDICAL PRACTICE ALTRINCHAM,25480774,"4,359.29 ",,SLF000020430
Department of Health,NHS Trafford CCG,1/31/2019,C&M-APMS Contract KPIs,PRC DELEGATED CO-COMMISSIONING,TRAFFORD HEALTH CENTRE,25480776,"42,668.09 ",,SLF000020432
Department of Health,NHS Trafford CCG,1/31/2019,C&M-APMS Contract Value,PRC DELEGATED CO-COMMISSIONING,TRAFFORD HEALTH CENTRE,25480776,"128,004.29 ",,SLF000020432
Department of Health,NHS Trafford CCG,1/31/2019,C&M-PMS QOF Aspiration,PRC DELEGATED CO-COMMISSIONING,TRAFFORD HEALTH CENTRE,25480776,"3,535.46 ",,SLF000020432
Department of Health,NHS Trafford CCG,1/31/2019,C&M-GMS Global Sum,PRC DELEGATED CO-COMMISSIONING,WEST TIMPERLEY MEDICAL CENTRE,25480778,"56,245.49 ",,SLF000020434
Department of Health,NHS Trafford CCG,1/31/2019,C&M-GMS MPIG Correction Factor,PRC DELEGATED CO-COMMISSIONING,WEST TIMPERLEY MEDICAL CENTRE,25480778,613.08 ,,SLF000020434
Department of Health,NHS Trafford CCG,1/31/2019,C&M-GMS Prem Other,PRC DELEGATED CO-COMMISSIONING,WEST TIMPERLEY MEDICAL CENTRE,25480778,579.58 ,,SLF000020434
Department of Health,NHS Trafford CCG,1/31/2019,C&M-GMS Prem Water Rates,PRC DELEGATED CO-COMMISSIONING,WEST TIMPERLEY MEDICAL CENTRE,25480778,278.93 ,,SLF000020434
Department of Health,NHS Trafford CCG,1/31/2019,C&M-GMS QOF Aspiration,PRC DELEGATED CO-COMMISSIONING,WEST TIMPERLEY MEDICAL CENTRE,25480778,"5,233.44 ",,SLF000020434
Department of Health,NHS Trafford CCG,1/31/2019,C&M-GMS DES Minor Surgery,PRC DELEGATED CO-COMMISSIONING,BROOKS BAR MEDICAL CENTRE,25480780,44.00 ,,SLF000020436
Department of Health,NHS Trafford CCG,1/31/2019,C&M-GMS Global Sum,PRC DELEGATED CO-COMMISSIONING,BROOKS BAR MEDICAL CENTRE,25480780,"38,032.19 ",,SLF000020436
Department of Health,NHS Trafford CCG,1/31/2019,C&M-GMS MPIG Correction Factor,PRC DELEGATED CO-COMMISSIONING,BROOKS BAR MEDICAL CENTRE,25480780,484.19 ,,SLF000020436
Department of Health,NHS Trafford CCG,1/31/2019,C&M-GMS Prem Notional Rent,PRC DELEGATED CO-COMMISSIONING,BROOKS BAR MEDICAL CENTRE,25480780,"3,423.17 ",,SLF000020436
Department of Health,NHS Trafford CCG,1/31/2019,C&M-GMS QOF Aspiration,PRC DELEGATED CO-COMMISSIONING,BROOKS BAR MEDICAL CENTRE,25480780,"4,099.50 ",,SLF000020436
Department of Health,NHS Trafford CCG,1/31/2019,Apprenticeship Levy Payable,BALANCE SHEET,HMRC,25487778,573.00 ,,120PZ005750921909
Department of Health,NHS Trafford CCG,1/31/2019,Income tax <1Yr,BALANCE SHEET,HMRC,25487778,"25,241.87 ",,120PZ005750921909
Department of Health,NHS Trafford CCG,1/31/2019,Income tax <1Yr-Student Loans,BALANCE SHEET,HMRC,25487778,"1,303.00 ",,120PZ005750921909
Department of Health,NHS Trafford CCG,1/31/2019,National Insurance < 1 yr-NI- ERS,BALANCE SHEET,HMRC,25487778,"30,492.65 ",,120PZ005750921909
Department of Health,NHS Trafford CCG,1/31/2019,National Insurance < 1 yr-NI-EES,BALANCE SHEET,HMRC,25487778,"26,515.12 ",,120PZ005750921909
Department of Health,NHS Trafford CCG,1/31/2019,Statutory Mat Pay < 1 yr,BALANCE SHEET,HMRC,25487778,"(2,419.28)",,120PZ005750921909
Department of Health,NHS Trafford CCG,1/31/2019,Hlthcre-Foundation Trsts,MENTAL HEALTH CONTRACTS,GREATER MANCHESTER MENTAL HEALTH NHS FOUNDATION TRUST,25493808,"579,387.20 ",GB654929594,0000030062
Department of Health,NHS Trafford CCG,1/31/2019,Hlthcre-Foundation Trsts,COMMUNITY SERVICES,PENNINE CARE NHS FOUNDATION TRUST,25493819,"225,000.00 ",654425730,1010033080
Department of Health,NHS Trafford CCG,1/31/2019,Hlthcre-Foundation Trsts,COMMUNITY SERVICES,PENNINE CARE NHS FOUNDATION TRUST,25493823,"146,065.00 ",654425730,1010033212
Department of Health,NHS Trafford CCG,1/31/2019,Hlthcre-Foundation Trsts,ACUTE COMMISSIONING,SALFORD ROYAL HOSPITALS NHS FOUNDATION TRUST,25493876,"1,324,735.00 ",65 4939786,S0021553
Department of Health,NHS Trafford CCG,1/31/2019,Hcare Srv Rec NHS Trust,ACUTE COMMISSIONING,PENNINE ACUTE HOSPITALS NHS TRUST,25493905,"36,964.00 ",654418333,A0012899
Department of Health,NHS Trafford CCG,1/31/2019,Clinical&Medical-Othe Public Sector,COMMUNITY SERVICES,TRAFFORD COUNCIL,25493908,"1,438,133.50 ",149191256,1800252321
Department of Health,NHS Trafford CCG,1/31/2019,Hlthcre-Foundation Trsts,ACUTE COMMISSIONING,CHRISTIE HOSPITAL NHS FOUNDATION TRUST,25493962,"188,887.66 ",GB 654916118,31669
Department of Health,NHS Trafford CCG,1/31/2019,Hlthcre-Foundation Trsts,COMMUNITY SERVICES,PENNINE CARE NHS FOUNDATION TRUST,25496026,"26,629.00 ",654425730,1010033676
Department of Health,NHS Trafford CCG,1/31/2019,Hlthcre-Foundation Trsts,COMMUNITY SERVICES,PENNINE CARE NHS FOUNDATION TRUST,25496029,"1,695,424.00 ",654425730,1010033675
Department of Health,NHS Trafford CCG,1/31/2019,C&M-PMS Contract Value,PRC DELEGATED CO-COMMISSIONING,DRS KELMAN CRANSTON & NAYLOR,25503998,"52,225.63 ",,SLF000020418
Department of Health,NHS Trafford CCG,1/31/2019,C&M-PMS DES Minor Surgery,PRC DELEGATED CO-COMMISSIONING,DRS KELMAN CRANSTON & NAYLOR,25503998,694.00 ,,SLF000020418
Department of Health,NHS Trafford CCG,1/31/2019,C&M-PMS Prem Notional Rent,PRC DELEGATED CO-COMMISSIONING,DRS KELMAN CRANSTON & NAYLOR,25503998,"4,950.00 ",,SLF000020418
Department of Health,NHS Trafford CCG,1/31/2019,C&M-PMS QOF Aspiration,PRC DELEGATED CO-COMMISSIONING,DRS KELMAN CRANSTON & NAYLOR,25503998,"4,524.62 ",,SLF000020418
Department of Health,NHS Trafford CCG,1/31/2019,ME-PMS GP Pension AVCs,PRC DELEGATED CO-COMMISSIONING,DRS KELMAN CRANSTON & NAYLOR,25503998,400.84 ,,SLF000020418
Department of Health,NHS Trafford CCG,1/31/2019,ME-PMS GP Pension EEs Adjs - PMS,PRC DELEGATED CO-COMMISSIONING,DRS KELMAN CRANSTON & NAYLOR,25503998,"1,125.00 ",,SLF000020418
Department of Health,NHS Trafford CCG,1/31/2019,ME-PMS GP Pension ERs Adjs - PMS,PRC DELEGATED CO-COMMISSIONING,DRS KELMAN CRANSTON & NAYLOR,25503998,"1,198.33 ",,SLF000020418
Department of Health,NHS Trafford CCG,1/31/2019,Hlthcre-Foundation Trsts,MENTAL HEALTH SERVICES - OTHER,SALFORD ROYAL HOSPITALS NHS FOUNDATION TRUST,25523485,"55,350.00 ",65 4939786,S0020791
Department of Health,NHS Trafford CCG,1/31/2019,Cont Care- Palliative Care,CHC ADULT FULLY FUNDED,WYNCOURT NURSING HOME,25561252,"3,754.29 ",,18070
Department of Health,NHS Trafford CCG,1/31/2019,Cont Care-Physical Disab (65+),CHC ADULT FULLY FUNDED,WYNCOURT NURSING HOME,25561252,"12,486.86 ",,18070
Department of Health,NHS Trafford CCG,1/31/2019,Cont Care-Physical Disab (<65),CHC ADULT FULLY FUNDED,WYNCOURT NURSING HOME,25561252,"12,429.45 ",,18070
Department of Health,NHS Trafford CCG,1/31/2019,Cont Care- Palliative Care,CHC ADULT FULLY FUNDED,LADY OF THE VALE NURSING HOME,25561302,"3,542.86 ",,949
Department of Health,NHS Trafford CCG,1/31/2019,Cont Care-Physical Disab (65+),CHC ADULT FULLY FUNDED,LADY OF THE VALE NURSING HOME,25561302,"24,490.02 ",,949
Department of Health,NHS Trafford CCG,1/31/2019,Cont Care-Mental Health (65+),CHC ADULT FULLY FUNDED,MARIA MALLABAND CARE GROUP LTD,25561318,"3,764.29 ",,AI008122TOAI008128
Department of Health,NHS Trafford CCG,1/31/2019,Cont Care-Physical Disab (65+),CHC ADULT FULLY FUNDED,MARIA MALLABAND CARE GROUP LTD,25561318,"19,264.30 ",,AI008122TOAI008128
Department of Health,NHS Trafford CCG,1/31/2019,Cont Care-Physical Disab (<65),CHC ADULT FULLY FUNDED,MARIA MALLABAND CARE GROUP LTD,25561318,"3,764.29 ",,AI008122TOAI008128
Department of Health,NHS Trafford CCG,1/31/2019,Cont Care- Palliative Care,CHC ADULT FULLY FUNDED,MARIA MALLABAND CARE GROUP LTD,25561348,"7,307.15 ",,MH006942TOMH006950
Department of Health,NHS Trafford CCG,1/31/2019,Cont Care-Mental Health (65+),CHC ADULT FULLY FUNDED,MARIA MALLABAND CARE GROUP LTD,25561348,"3,542.86 ",,MH006942TOMH006950
Department of Health,NHS Trafford CCG,1/31/2019,Cont Care-Physical Disab (65+),CHC ADULT FULLY FUNDED,MARIA MALLABAND CARE GROUP LTD,25561348,"25,564.29 ",,MH006942TOMH006950
Department of Health,NHS Trafford CCG,1/31/2019,Cont Care-Physical Disab (<65),CHC ADULT FULLY FUNDED,MARIA MALLABAND CARE GROUP LTD,25561348,"3,542.86 ",,MH006942TOMH006950
Department of Health,NHS Trafford CCG,1/31/2019,Clinical&Medical-Commercial Sector,MENTAL HEALTH SERVICES - SPECIALIST SERVICES,AUTISM INITIATIVES,25578633,"26,663.27 ",,0000140654
Department of Health,NHS Trafford CCG,1/31/2019,External Contractors,PRIMARY CARE DEVELOPMENT,TRAFFORD PRIMARY HEALTH LTD,25578644,"121,661.00 ",,7DADEC2018
Department of Health,NHS Trafford CCG,1/31/2019,Clinical&Medical-Independent Sector,ACUTE COMMISSIONING,BMI HEALTHCARE LTD,25578656,"48,326.22 ",GB235134980,0000101312
Department of Health,NHS Trafford CCG,1/31/2019,Clinical&Medical-Independent Sector,ACUTE COMMISSIONING,OAKLANDS HOSPITAL,25578671,"35,455.98 ",GB 426505170,L1550119
Department of Health,NHS Trafford CCG,1/31/2019,Hlthcre-Foundation Trsts,ACUTE COMMISSIONING,STOCKPORT NHS FOUNDATION TRUST,25578674,"78,010.00 ",654974295,40078956
Department of Health,NHS Trafford CCG,1/31/2019,Hlthcre-Foundation Trsts,ACUTE COMMISSIONING,MANCHESTER UNIVERSITY NHS FOUNDATION TRUST,25578687,"13,057,660.51 ",654415538,0000421233
Department of Health,NHS Trafford CCG,1/31/2019,Hlthcre-Foundation Trsts,COMMUNITY SERVICES,MANCHESTER UNIVERSITY NHS FOUNDATION TRUST,25578687,"6,672.83 ",654415538,0000421233
Department of Health,NHS Trafford CCG,1/31/2019,Clinical&Medical-Independent Sector,ACUTE COMMISSIONING,SPIRE HEALTHCARE LTD,25578690,"46,582.00 ",915970991,02AMANPF181910
Department of Health,NHS Trafford CCG,1/31/2019,Hcare Srv Rec NHS Trust,COLLABORATIVE COMMISSIONING,NORTH WEST AMBULANCE SERVICE NHS TRUST,25578737,"32,908.00 ",654435138,4110043242
Department of Health,NHS Trafford CCG,1/31/2019,Hcare Srv Rec NHS Trust,COLLABORATIVE COMMISSIONING,NORTH WEST AMBULANCE SERVICE NHS TRUST,25578740,"462,185.00 ",654435138,4110043304
Department of Health,NHS Trafford CCG,1/31/2019,Hcare Srv Rec NHS Trust,ACUTE COMMISSIONING,PENNINE ACUTE HOSPITALS NHS TRUST,25578741,"36,964.00 ",654418333,A0012183
Department of Health,NHS Trafford CCG,1/31/2019,Hcare Srv Rec NHS Trust,COLLABORATIVE COMMISSIONING,NORTH WEST AMBULANCE SERVICE NHS TRUST,25578748,"82,193.00 ",654435138,4110043361
Department of Health,NHS Trafford CCG,1/31/2019,Hlthcre-Foundation Trsts,ACUTE COMMISSIONING,WARRINGTON & HALTON HOSPITALS NHS FOUNDATION TRUST,25578759,"29,975.00 ",654404741,15371555
Department of Health,NHS Trafford CCG,1/31/2019,Hlthcre-Foundation Trsts,ACUTE COMMISSIONING,WRIGHTINGTON WIGAN & LEIGH NHS FOUNDATION TRUST,25578768,"38,705.00 ",GB654951509,55584428
Department of Health,NHS Trafford CCG,1/31/2019,Clinical&Medical-Voluntary Sector,MENTAL HEALTH SERVICES - ADULTS,SELF HELP SERVICES,25578874,"34,812.50 ",,0000000786
Department of Health,NHS Trafford CCG,1/31/2019,Cont Care-Funded Nursing Care Allow,FUNDED NURSING CARE,KINGSLEY HEALTHCARE,25593793,"27,926.43 ",,TM00004339TOTM00004376
Department of Health,NHS Trafford CCG,1/31/2019,C&M-APMS IT Comm Servs-GP Practices,REABLEMENT,NHS OLDHAM CCG,25593842,869.00 ,,7011705080
Department of Health,NHS Trafford CCG,1/31/2019,C&M-GMS IT Comm Servs -GP Practices,REABLEMENT,NHS OLDHAM CCG,25593842,"51,731.00 ",,7011705080
Department of Health,NHS Trafford CCG,1/31/2019,C&M-PMS IT Comm Servs -GP Practices,REABLEMENT,NHS OLDHAM CCG,25593842,"25,027.00 ",,7011705080
Department of Health,NHS Trafford CCG,1/31/2019,Cont Care-Learning Disab(<65),CHC ADULT FULLY FUNDED,TRAFFORD COUNCIL,25633952,"35,000.00 ",149191256,1800244988
Department of Health,NHS Trafford CCG,1/31/2019,C&M-APMS OOH Opt Outs,OUT OF HOURS,MASTERCALL HEALTHCARE,25645995,"127,210.42 ",,8009
Department of Health,NHS Trafford CCG,1/31/2019,C&M-APMS OOH Opt Outs,OUT OF HOURS,MASTERCALL HEALTHCARE,25645996,"35,718.06 ",,8002
Department of Health,NHS Trafford CCG,1/31/2019,Hlthcre-Foundation Trsts,MENTAL HEALTH CONTRACTS,GREATER MANCHESTER MENTAL HEALTH NHS FOUNDATION TRUST,25645998,"1,527,169.33 ",GB654929594,0000030668
Department of Health,NHS Trafford CCG,1/31/2019,Miscellaneous Expenditure (L9),PRIMARY CARE DEVELOPMENT,TRAFFORD COUNCIL,25646001,"634,389.00 ",149191256,1800252449
Department of Health,NHS Trafford CCG,1/31/2019,Hlthcre-Foundation Trsts,ACUTE COMMISSIONING,WRIGHTINGTON WIGAN & LEIGH NHS FOUNDATION TRUST,25677740,"48,512.00 ",GB654951509,55584558
Department of Health,NHS Trafford CCG,1/31/2019,Cont Care-FNC Client Continence Allow,FUNDED NURSING CARE,MARIA MALLABAND CARE GROUP LTD,25696445,62.00 ,,MH006896TOMH006937
Department of Health,NHS Trafford CCG,1/31/2019,Cont Care-Funded Nursing Care Allow,FUNDED NURSING CARE,MARIA MALLABAND CARE GROUP LTD,25696445,"27,751.35 ",,MH006896TOMH006937
Department of Health,NHS Trafford CCG,1/31/2019,Clinical&Medical-Independent Sector,COMMUNITY SERVICES,CONCORDIA SPECIALIST CARE SERVICES,25733112,"50,390.00 ",143786783,TRAFFORDNOV18
Department of Health,NHS Trafford CCG,1/31/2019,Clinical&Medical-Independent Sector,CLINICAL ASSESSMENT AND TREATMENT CENTRES,INHEALTH CATS LTD,25733122,"41,788.11 ",,CATIN000414
Department of Health,NHS Trafford CCG,1/31/2019,Clinical&Medical-Independent Sector,COMMISSIONING SCHEMES,CSC COMPUTER SCIENCES LTD,25733143,"157,798.00 ",584686581,5201562313
Department of Health,NHS Trafford CCG,1/31/2019,Clinical&Medical-Independent Sector,COMMUNITY SERVICES,CONCORDIA SPECIALIST CARE SERVICES,25733169,"47,008.10 ",143786783,TRAFFORDDEC18
Department of Health,NHS Trafford CCG,1/31/2019,Hlthcre-Foundation Trsts,ACUTE COMMISSIONING,SALFORD ROYAL HOSPITALS NHS FOUNDATION TRUST,25771063,"(191,382.00)",65 4939786,Z0002082
Department of Health,NHS Trafford CCG,1/31/2019,Cont Care-Learning Disab(<65),CHC ADULT FULLY FUNDED,TRAFFORD COUNCIL,25785232,"28,069.86 ",149191256,1800252559
Department of Health,NHS Trafford CCG,1/31/2019,C&M-GMS LES Intermediate Care,PRIMARY CARE INVESTMENTS,WASHWAY ROAD MEDICAL CENTRE,25785349,"54,470.00 ",,AHPMSQ3201819WRMC
