Department family,Entity,Date,Expense Type,Expense area,Supplier,Transaction number,AP Amount (�),VAT registration number,Purchase invoice number
Department of Health,NHS Trafford CCG,6/30/2018,Oth Travel Costs-Car Mileage,PRIMARY CARE DEVELOPMENT,TRAFFORD PRIMARY HEALTH LTD,22460933,"115,680.00 ",,WORKFLOWOPTIMISATION
Department of Health,NHS Trafford CCG,6/30/2018,External Contractors,PRIMARY CARE DEVELOPMENT,TRAFFORD PRIMARY HEALTH LTD,22460941,"121,661.00 ",,7DAMAY2018
Department of Health,NHS Trafford CCG,6/30/2018,Hcare Srv Rec NHS Trust,ACUTE COMMISSIONING,PENNINE ACUTE HOSPITALS NHS TRUST,22460977,"36,964.00 ",654418333,A0007123
Department of Health,NHS Trafford CCG,6/30/2018,Clinical&Medical-Independent Sector,ACUTE COMMISSIONING,BMI HEALTHCARE COLLECTIONS,22461033,"48,326.22 ",,0000091699
Department of Health,NHS Trafford CCG,6/30/2018,Hlthcre-Foundation Trsts,ACUTE COMMISSIONING,STOCKPORT NHS FOUNDATION TRUST,22461095,"78,010.00 ",,40075472
Department of Health,NHS Trafford CCG,6/30/2018,Clinical&Medical-Independent Sector,ACUTE COMMISSIONING,OAKLANDS HOSPITAL,22461102,"35,455.98 ",GB 426505170,1550618
Department of Health,NHS Trafford CCG,6/30/2018,Hlthcre-Foundation Trsts,ACUTE COMMISSIONING,CHRISTIE HOSPITAL NHS FOUNDATION TRUST,22461133,"193,337.33 ",,30162
Department of Health,NHS Trafford CCG,6/30/2018,Hlthcre-Foundation Trsts,ACUTE COMMISSIONING,CHRISTIE HOSPITAL NHS FOUNDATION TRUST,22461143,"193,337.33 ",,30207
Department of Health,NHS Trafford CCG,6/30/2018,Clinical&Medical-Independent Sector,ACUTE COMMISSIONING,SPAMEDICA LTD,22461199,"40,708.66 ",,NHSTRD117
Department of Health,NHS Trafford CCG,6/30/2018,Clinical&Medical-Independent Sector,ACUTE COMMISSIONING,SPIRE HEALTHCARE LTD,22461202,"46,582.00 ",915970991,02AMANPF181903
Department of Health,NHS Trafford CCG,6/30/2018,Hcare Srv Rec NHS Trust,COLLABORATIVE COMMISSIONING,NORTH WEST AMBULANCE SERVICE NHS TRUST,22461222,"29,898.00 ",654435138,4110038575
Department of Health,NHS Trafford CCG,6/30/2018,Hcare Srv Rec NHS Trust,COLLABORATIVE COMMISSIONING,NORTH WEST AMBULANCE SERVICE NHS TRUST,22461227,"462,185.00 ",654435138,4110038637
Department of Health,NHS Trafford CCG,6/30/2018,Hcare Srv Rec NHS Trust,COLLABORATIVE COMMISSIONING,NORTH WEST AMBULANCE SERVICE NHS TRUST,22461231,"82,193.00 ",654435138,4110038698
Department of Health,NHS Trafford CCG,6/30/2018,Hlthcre-Foundation Trsts,ACUTE COMMISSIONING,WARRINGTON & HALTON HOSPITALS NHS FOUNDATION TRUST,22485416,"29,975.00 ",,15368685
Department of Health,NHS Trafford CCG,6/30/2018,Hlthcre-Foundation Trsts,ACUTE COMMISSIONING,WRIGHTINGTON WIGAN & LEIGH NHS FOUNDATION TRUST,22485420,"38,706.00 ",GB654951509,55578030
Department of Health,NHS Trafford CCG,6/30/2018,Clinical&Medical-Othe Public Sector,COMMUNITY SERVICES,TRAFFORD COUNCIL,22534104,"76,236.00 ",149191256,1800244300
Department of Health,NHS Trafford CCG,6/30/2018,Clinical&Medical-Othe Public Sector,MENTAL HEALTH SERVICES - OTHER,TRAFFORD COUNCIL,22534121,"104,927.81 ",149191256,1800244356
Department of Health,NHS Trafford CCG,6/30/2018,Basic Sal-Rchgs to-from Oth Non NHS,CLINICAL GOVERNANCE,TRAFFORD COUNCIL,22534124,"40,392.00 ",149191256,1800244440
Department of Health,NHS Trafford CCG,6/30/2018,Clinical&Medical-Othe Public Sector,PROGRAMME PROJECTS,TRAFFORD COUNCIL,22534124,"30,004.00 ",149191256,1800244440
Department of Health,NHS Trafford CCG,6/30/2018,C&M-APMS OOH Opt Outs,OUT OF HOURS,MASTERCALL HEALTHCARE,22534260,"127,210.42 ",,7428
Department of Health,NHS Trafford CCG,6/30/2018,C&M-APMS OOH Opt Outs,OUT OF HOURS,MASTERCALL HEALTHCARE,22534264,"127,210.42 ",,7429
Department of Health,NHS Trafford CCG,6/30/2018,Computer Hardware Purch,FINANCE,PRIMARY CARE IT LTD,22538220,"41,440.00 ",,INV000060
Department of Health,NHS Trafford CCG,6/30/2018,Clinical Leads,CEO/ BOARD OFFICE,HMRC SHIPLEY,22544231,"55,305.00 ",,NOINV7444
Department of Health,NHS Trafford CCG,6/30/2018,C&M-APMS OOH Opt Outs,OUT OF HOURS,MASTERCALL HEALTHCARE,22544235,"300,000.00 ",,NOINV7380
Department of Health,NHS Trafford CCG,6/30/2018,Accruals <1Yr-HOT Drawdown,BALANCE SHEET,NHS LIVERPOOL CCG,22544238,"63,308.24 ",,HOSSETTLEMENT17/18
Department of Health,NHS Trafford CCG,6/30/2018,Hlthcre-Foundation Trsts,ACUTE COMMISSIONING,SALFORD ROYAL HOSPITALS NHS FOUNDATION TRUST,22547993,"1,324,735.00 ",,S0016894
Department of Health,NHS Trafford CCG,6/30/2018,C&M-GMS DES Learn Dsblty Hlth Chk,PRC DELEGATED CO-COMMISSIONING,DELAMERE CENTRE,22569634,700.00 ,,SLF000018435
Department of Health,NHS Trafford CCG,6/30/2018,C&M-GMS Global Sum,PRC DELEGATED CO-COMMISSIONING,DELAMERE CENTRE,22569634,"112,886.30 ",,SLF000018435
Department of Health,NHS Trafford CCG,6/30/2018,C&M-GMS PCO Seniority,PRC DELEGATED CO-COMMISSIONING,DELAMERE CENTRE,22569634,"1,409.51 ",,SLF000018435
Department of Health,NHS Trafford CCG,6/30/2018,C&M-GMS Prem Actual Rent,PRC DELEGATED CO-COMMISSIONING,DELAMERE CENTRE,22569634,"65,772.97 ",,SLF000018435
Department of Health,NHS Trafford CCG,6/30/2018,C&M-GMS QOF Achievement,PRC DELEGATED CO-COMMISSIONING,DELAMERE CENTRE,22569634,"60,413.81 ",,SLF000018435
Department of Health,NHS Trafford CCG,6/30/2018,C&M-GMS QOF Aspiration,PRC DELEGATED CO-COMMISSIONING,DELAMERE CENTRE,22569634,"12,749.32 ",,SLF000018435
Department of Health,NHS Trafford CCG,6/30/2018,C&M-GMS Global Sum,PRC DELEGATED CO-COMMISSIONING,DR A K SAHAL,22569749,"14,653.71 ",,SLF000018439
Department of Health,NHS Trafford CCG,6/30/2018,C&M-GMS MPIG Correction Factor,PRC DELEGATED CO-COMMISSIONING,DR A K SAHAL,22569749,90.13 ,,SLF000018439
Department of Health,NHS Trafford CCG,6/30/2018,C&M-GMS PCO Seniority,PRC DELEGATED CO-COMMISSIONING,DR A K SAHAL,22569749,"1,230.08 ",,SLF000018439
Department of Health,NHS Trafford CCG,6/30/2018,C&M-GMS Prem Notional Rent,PRC DELEGATED CO-COMMISSIONING,DR A K SAHAL,22569749,"1,818.75 ",,SLF000018439
Department of Health,NHS Trafford CCG,6/30/2018,C&M-GMS QOF Achievement,PRC DELEGATED CO-COMMISSIONING,DR A K SAHAL,22569749,"6,099.14 ",,SLF000018439
Department of Health,NHS Trafford CCG,6/30/2018,C&M-GMS QOF Aspiration,PRC DELEGATED CO-COMMISSIONING,DR A K SAHAL,22569749,"1,346.10 ",,SLF000018439
Department of Health,NHS Trafford CCG,6/30/2018,C&M-GMS DES Learn Dsblty Hlth Chk,PRC DELEGATED CO-COMMISSIONING,DR B N MACDONALD & PARTNER,22569754,140.00 ,,SLF000018443
Department of Health,NHS Trafford CCG,6/30/2018,C&M-GMS DES Minor Surgery,PRC DELEGATED CO-COMMISSIONING,DR B N MACDONALD & PARTNER,22569754,"1,614.00 ",,SLF000018443
Department of Health,NHS Trafford CCG,6/30/2018,C&M-GMS Global Sum,PRC DELEGATED CO-COMMISSIONING,DR B N MACDONALD & PARTNER,22569754,"45,131.67 ",,SLF000018443
Department of Health,NHS Trafford CCG,6/30/2018,C&M-GMS MPIG Correction Factor,PRC DELEGATED CO-COMMISSIONING,DR B N MACDONALD & PARTNER,22569754,"1,155.12 ",,SLF000018443
Department of Health,NHS Trafford CCG,6/30/2018,C&M-GMS PCO Locum Adop/Pat/Mat,PRC DELEGATED CO-COMMISSIONING,DR B N MACDONALD & PARTNER,22569754,"4,000.00 ",,SLF000018443
Department of Health,NHS Trafford CCG,6/30/2018,C&M-GMS PCO Seniority,PRC DELEGATED CO-COMMISSIONING,DR B N MACDONALD & PARTNER,22569754,"2,898.30 ",,SLF000018443
Department of Health,NHS Trafford CCG,6/30/2018,C&M-GMS Prem Notional Rent,PRC DELEGATED CO-COMMISSIONING,DR B N MACDONALD & PARTNER,22569754,"5,379.17 ",,SLF000018443
Department of Health,NHS Trafford CCG,6/30/2018,C&M-GMS Prem Water Rates,PRC DELEGATED CO-COMMISSIONING,DR B N MACDONALD & PARTNER,22569754,238.69 ,,SLF000018443
Department of Health,NHS Trafford CCG,6/30/2018,C&M-GMS QOF Achievement,PRC DELEGATED CO-COMMISSIONING,DR B N MACDONALD & PARTNER,22569754,"16,541.66 ",,SLF000018443
Department of Health,NHS Trafford CCG,6/30/2018,C&M-GMS QOF Aspiration,PRC DELEGATED CO-COMMISSIONING,DR B N MACDONALD & PARTNER,22569754,"4,968.27 ",,SLF000018443
Department of Health,NHS Trafford CCG,6/30/2018,C&M-GMS DES Learn Dsblty Hlth Chk,PRC DELEGATED CO-COMMISSIONING,DR C J DAVIES & PARTNERS,22569758,980.00 ,,SLF000018445
Department of Health,NHS Trafford CCG,6/30/2018,C&M-GMS DES Minor Surgery,PRC DELEGATED CO-COMMISSIONING,DR C J DAVIES & PARTNERS,22569758,"2,988.00 ",,SLF000018445
Department of Health,NHS Trafford CCG,6/30/2018,C&M-GMS Global Sum,PRC DELEGATED CO-COMMISSIONING,DR C J DAVIES & PARTNERS,22569758,"106,308.12 ",,SLF000018445
Department of Health,NHS Trafford CCG,6/30/2018,C&M-GMS MPIG Correction Factor,PRC DELEGATED CO-COMMISSIONING,DR C J DAVIES & PARTNERS,22569758,916.72 ,,SLF000018445
Department of Health,NHS Trafford CCG,6/30/2018,C&M-GMS Other Small Practice All,PRC DELEGATED CO-COMMISSIONING,DR C J DAVIES & PARTNERS,22569758,"10,074.00 ",,SLF000018445
Department of Health,NHS Trafford CCG,6/30/2018,C&M-GMS PCO Locum Adop/Pat/Mat,PRC DELEGATED CO-COMMISSIONING,DR C J DAVIES & PARTNERS,22569758,"6,219.38 ",,SLF000018445
Department of Health,NHS Trafford CCG,6/30/2018,C&M-GMS PCO Seniority,PRC DELEGATED CO-COMMISSIONING,DR C J DAVIES & PARTNERS,22569758,"3,684.47 ",,SLF000018445
Department of Health,NHS Trafford CCG,6/30/2018,C&M-GMS Prem Notional Rent,PRC DELEGATED CO-COMMISSIONING,DR C J DAVIES & PARTNERS,22569758,"7,854.17 ",,SLF000018445
Department of Health,NHS Trafford CCG,6/30/2018,C&M-GMS QOF Achievement,PRC DELEGATED CO-COMMISSIONING,DR C J DAVIES & PARTNERS,22569758,"47,032.15 ",,SLF000018445
Department of Health,NHS Trafford CCG,6/30/2018,C&M-GMS QOF Aspiration,PRC DELEGATED CO-COMMISSIONING,DR C J DAVIES & PARTNERS,22569758,"11,937.43 ",,SLF000018445
Department of Health,NHS Trafford CCG,6/30/2018,C&M-GMS DES Minor Surgery,PRC DELEGATED CO-COMMISSIONING,DR C WESTWOOD,22569764,"6,933.52 ",,SLF000018447
Department of Health,NHS Trafford CCG,6/30/2018,C&M-GMS Global Sum,PRC DELEGATED CO-COMMISSIONING,DR C WESTWOOD,22569764,"29,765.94 ",,SLF000018447
Department of Health,NHS Trafford CCG,6/30/2018,C&M-GMS MPIG Correction Factor,PRC DELEGATED CO-COMMISSIONING,DR C WESTWOOD,22569764,206.31 ,,SLF000018447
Department of Health,NHS Trafford CCG,6/30/2018,C&M-GMS PCO Seniority,PRC DELEGATED CO-COMMISSIONING,DR C WESTWOOD,22569764,"1,936.17 ",,SLF000018447
Department of Health,NHS Trafford CCG,6/30/2018,C&M-GMS QOF Achievement,PRC DELEGATED CO-COMMISSIONING,DR C WESTWOOD,22569764,"28,605.62 ",,SLF000018447
Department of Health,NHS Trafford CCG,6/30/2018,C&M-GMS QOF Aspiration,PRC DELEGATED CO-COMMISSIONING,DR C WESTWOOD,22569764,"4,562.17 ",,SLF000018447
Department of Health,NHS Trafford CCG,6/30/2018,C&M-GMS Global Sum,PRC DELEGATED CO-COMMISSIONING,DR BAZLEY & PARTNERS,22569768,"42,961.06 ",,SLF000018449
Department of Health,NHS Trafford CCG,6/30/2018,C&M-GMS PCO Seniority,PRC DELEGATED CO-COMMISSIONING,DR BAZLEY & PARTNERS,22569768,426.50 ,,SLF000018449
Department of Health,NHS Trafford CCG,6/30/2018,C&M-GMS Prem Actual Rent,PRC DELEGATED CO-COMMISSIONING,DR BAZLEY & PARTNERS,22569768,"7,500.00 ",,SLF000018449
Department of Health,NHS Trafford CCG,6/30/2018,C&M-GMS QOF Aspiration,PRC DELEGATED CO-COMMISSIONING,DR BAZLEY & PARTNERS,22569768,"5,938.03 ",,SLF000018449
Department of Health,NHS Trafford CCG,6/30/2018,C&M-PMS Contract Value,PRC DELEGATED CO-COMMISSIONING,DR M PATEL,22569775,"45,584.94 ",,SLF000018457
Department of Health,NHS Trafford CCG,6/30/2018,C&M-PMS DES Learn Dsblty Hlth Chk,PRC DELEGATED CO-COMMISSIONING,DR M PATEL,22569775,"2,720.00 ",,SLF000018457
Department of Health,NHS Trafford CCG,6/30/2018,C&M-PMS PCO Seniority,PRC DELEGATED CO-COMMISSIONING,DR M PATEL,22569775,"1,263.15 ",,SLF000018457
Department of Health,NHS Trafford CCG,6/30/2018,C&M-PMS Prem Notional Rent,PRC DELEGATED CO-COMMISSIONING,DR M PATEL,22569775,"4,950.00 ",,SLF000018457
Department of Health,NHS Trafford CCG,6/30/2018,C&M-PMS QOF Achievement,PRC DELEGATED CO-COMMISSIONING,DR M PATEL,22569775,"11,709.74 ",,SLF000018457
Department of Health,NHS Trafford CCG,6/30/2018,C&M-PMS QOF Aspiration,PRC DELEGATED CO-COMMISSIONING,DR M PATEL,22569775,"3,662.20 ",,SLF000018457
Department of Health,NHS Trafford CCG,6/30/2018,C&M-GMS Global Sum,PRC DELEGATED CO-COMMISSIONING,DR L GILL & DR M A KHAN,22569777,"37,035.03 ",,SLF000018459
Department of Health,NHS Trafford CCG,6/30/2018,C&M-GMS PCO Seniority,PRC DELEGATED CO-COMMISSIONING,DR L GILL & DR M A KHAN,22569777,"1,956.66 ",,SLF000018459
Department of Health,NHS Trafford CCG,6/30/2018,C&M-GMS Prem Notional Rent,PRC DELEGATED CO-COMMISSIONING,DR L GILL & DR M A KHAN,22569777,"3,216.66 ",,SLF000018459
Department of Health,NHS Trafford CCG,6/30/2018,C&M-GMS QOF Achievement,PRC DELEGATED CO-COMMISSIONING,DR L GILL & DR M A KHAN,22569777,"14,621.18 ",,SLF000018459
Department of Health,NHS Trafford CCG,6/30/2018,C&M-GMS QOF Aspiration,PRC DELEGATED CO-COMMISSIONING,DR L GILL & DR M A KHAN,22569777,"4,175.19 ",,SLF000018459
Department of Health,NHS Trafford CCG,6/30/2018,C&M-GMS DES Minor Surgery,PRC DELEGATED CO-COMMISSIONING,DR P M A SIMPSON & PARTNERS,22569783,"1,628.00 ",,SLF000018463
Department of Health,NHS Trafford CCG,6/30/2018,C&M-GMS Global Sum,PRC DELEGATED CO-COMMISSIONING,DR P M A SIMPSON & PARTNERS,22569783,"58,286.59 ",,SLF000018463
Department of Health,NHS Trafford CCG,6/30/2018,C&M-GMS Other Small Practice All,PRC DELEGATED CO-COMMISSIONING,DR P M A SIMPSON & PARTNERS,22569783,"5,107.00 ",,SLF000018463
Department of Health,NHS Trafford CCG,6/30/2018,C&M-GMS PCO Seniority,PRC DELEGATED CO-COMMISSIONING,DR P M A SIMPSON & PARTNERS,22569783,"3,176.25 ",,SLF000018463
Department of Health,NHS Trafford CCG,6/30/2018,C&M-GMS QOF Achievement,PRC DELEGATED CO-COMMISSIONING,DR P M A SIMPSON & PARTNERS,22569783,"32,133.47 ",,SLF000018463
Department of Health,NHS Trafford CCG,6/30/2018,C&M-GMS QOF Aspiration,PRC DELEGATED CO-COMMISSIONING,DR P M A SIMPSON & PARTNERS,22569783,"5,763.91 ",,SLF000018463
Department of Health,NHS Trafford CCG,6/30/2018,C&M-GMS DES Minor Surgery,PRC DELEGATED CO-COMMISSIONING,DR MS PRODHAN & PARTNER SEYMOUR GROVE,22569788,790.00 ,,SLF000018465
Department of Health,NHS Trafford CCG,6/30/2018,C&M-GMS Global Sum,PRC DELEGATED CO-COMMISSIONING,DR MS PRODHAN & PARTNER SEYMOUR GROVE,22569788,"29,944.13 ",,SLF000018465
Department of Health,NHS Trafford CCG,6/30/2018,C&M-GMS MPIG Correction Factor,PRC DELEGATED CO-COMMISSIONING,DR MS PRODHAN & PARTNER SEYMOUR GROVE,22569788,360.09 ,,SLF000018465
Department of Health,NHS Trafford CCG,6/30/2018,C&M-GMS Other Small Practice All,PRC DELEGATED CO-COMMISSIONING,DR MS PRODHAN & PARTNER SEYMOUR GROVE,22569788,"3,012.00 ",,SLF000018465
Department of Health,NHS Trafford CCG,6/30/2018,C&M-GMS PCO Seniority,PRC DELEGATED CO-COMMISSIONING,DR MS PRODHAN & PARTNER SEYMOUR GROVE,22569788,992.79 ,,SLF000018465
Department of Health,NHS Trafford CCG,6/30/2018,C&M-GMS QOF Achievement,PRC DELEGATED CO-COMMISSIONING,DR MS PRODHAN & PARTNER SEYMOUR GROVE,22569788,"16,863.37 ",,SLF000018465
Department of Health,NHS Trafford CCG,6/30/2018,C&M-GMS QOF Aspiration,PRC DELEGATED CO-COMMISSIONING,DR MS PRODHAN & PARTNER SEYMOUR GROVE,22569788,"3,148.02 ",,SLF000018465
Department of Health,NHS Trafford CCG,6/30/2018,C&M-PMS Contract Value,PRC DELEGATED CO-COMMISSIONING,DR MS PRODHAN & PARTNER STATION ROAD,22571792,"47,087.52 ",,SLF000018467
Department of Health,NHS Trafford CCG,6/30/2018,C&M-PMS DES Minor Surgery,PRC DELEGATED CO-COMMISSIONING,DR MS PRODHAN & PARTNER STATION ROAD,22571792,"3,056.00 ",,SLF000018467
Department of Health,NHS Trafford CCG,6/30/2018,C&M-PMS PCO Seniority,PRC DELEGATED CO-COMMISSIONING,DR MS PRODHAN & PARTNER STATION ROAD,22571792,992.79 ,,SLF000018467
Department of Health,NHS Trafford CCG,6/30/2018,C&M-PMS Prem Notional Rent,PRC DELEGATED CO-COMMISSIONING,DR MS PRODHAN & PARTNER STATION ROAD,22571792,"3,000.00 ",,SLF000018467
Department of Health,NHS Trafford CCG,6/30/2018,C&M-PMS QOF Achievement,PRC DELEGATED CO-COMMISSIONING,DR MS PRODHAN & PARTNER STATION ROAD,22571792,"18,149.34 ",,SLF000018467
Department of Health,NHS Trafford CCG,6/30/2018,C&M-PMS QOF Aspiration,PRC DELEGATED CO-COMMISSIONING,DR MS PRODHAN & PARTNER STATION ROAD,22571792,"5,048.40 ",,SLF000018467
Department of Health,NHS Trafford CCG,6/30/2018,C&M-PMS Small Practice Allowance,PRC DELEGATED CO-COMMISSIONING,DR MS PRODHAN & PARTNER STATION ROAD,22571792,"3,339.00 ",,SLF000018467
Department of Health,NHS Trafford CCG,6/30/2018,C&M-GMS DES Learn Dsblty Hlth Chk,PRC DELEGATED CO-COMMISSIONING,DR S J FARHAN & PARTNER,22571796,420.00 ,,SLF000018469
Department of Health,NHS Trafford CCG,6/30/2018,C&M-GMS Global Sum,PRC DELEGATED CO-COMMISSIONING,DR S J FARHAN & PARTNER,22571796,"29,219.50 ",,SLF000018469
Department of Health,NHS Trafford CCG,6/30/2018,C&M-GMS MPIG Correction Factor,PRC DELEGATED CO-COMMISSIONING,DR S J FARHAN & PARTNER,22571796,52.14 ,,SLF000018469
Department of Health,NHS Trafford CCG,6/30/2018,C&M-GMS PCO Seniority,PRC DELEGATED CO-COMMISSIONING,DR S J FARHAN & PARTNER,22571796,"1,263.15 ",,SLF000018469
Department of Health,NHS Trafford CCG,6/30/2018,C&M-GMS QOF Achievement,PRC DELEGATED CO-COMMISSIONING,DR S J FARHAN & PARTNER,22571796,"14,901.57 ",,SLF000018469
Department of Health,NHS Trafford CCG,6/30/2018,C&M-GMS QOF Aspiration,PRC DELEGATED CO-COMMISSIONING,DR S J FARHAN & PARTNER,22571796,"3,724.99 ",,SLF000018469
Department of Health,NHS Trafford CCG,6/30/2018,C&M-PMS Contract Value,PRC DELEGATED CO-COMMISSIONING,DR S A JOHNSTON,22571798,"22,686.92 ",,SLF000018471
Department of Health,NHS Trafford CCG,6/30/2018,C&M-PMS Funding Differential Review,PRC DELEGATED CO-COMMISSIONING,DR S A JOHNSTON,22571798,210.05 ,,SLF000018471
Department of Health,NHS Trafford CCG,6/30/2018,C&M-PMS PCO Seniority,PRC DELEGATED CO-COMMISSIONING,DR S A JOHNSTON,22571798,"1,101.39 ",,SLF000018471
Department of Health,NHS Trafford CCG,6/30/2018,C&M-PMS Prem Notional Rent,PRC DELEGATED CO-COMMISSIONING,DR S A JOHNSTON,22571798,"1,258.33 ",,SLF000018471
Department of Health,NHS Trafford CCG,6/30/2018,C&M-PMS QOF Achievement,PRC DELEGATED CO-COMMISSIONING,DR S A JOHNSTON,22571798,"8,660.35 ",,SLF000018471
Department of Health,NHS Trafford CCG,6/30/2018,C&M-PMS QOF Aspiration,PRC DELEGATED CO-COMMISSIONING,DR S A JOHNSTON,22571798,"2,102.76 ",,SLF000018471
Department of Health,NHS Trafford CCG,6/30/2018,C&M-GMS Global Sum,PRC DELEGATED CO-COMMISSIONING,DR R D J ARCHER & PARTNER,22571800,"41,827.59 ",,SLF000018473
Department of Health,NHS Trafford CCG,6/30/2018,C&M-GMS Other Small Practice All,PRC DELEGATED CO-COMMISSIONING,DR R D J ARCHER & PARTNER,22571800,"3,791.00 ",,SLF000018473
Department of Health,NHS Trafford CCG,6/30/2018,C&M-GMS PCO Seniority,PRC DELEGATED CO-COMMISSIONING,DR R D J ARCHER & PARTNER,22571800,"1,026.36 ",,SLF000018473
Department of Health,NHS Trafford CCG,6/30/2018,C&M-GMS Prem Actual Rent,PRC DELEGATED CO-COMMISSIONING,DR R D J ARCHER & PARTNER,22571800,"4,817.97 ",,SLF000018473
Department of Health,NHS Trafford CCG,6/30/2018,C&M-GMS Prem Notional Rent,PRC DELEGATED CO-COMMISSIONING,DR R D J ARCHER & PARTNER,22571800,"4,305.00 ",,SLF000018473
Department of Health,NHS Trafford CCG,6/30/2018,C&M-GMS QOF Achievement,PRC DELEGATED CO-COMMISSIONING,DR R D J ARCHER & PARTNER,22571800,"13,916.03 ",,SLF000018473
Department of Health,NHS Trafford CCG,6/30/2018,C&M-GMS QOF Aspiration,PRC DELEGATED CO-COMMISSIONING,DR R D J ARCHER & PARTNER,22571800,"3,810.78 ",,SLF000018473
Department of Health,NHS Trafford CCG,6/30/2018,C&M-PMS Contract Value,PRC DELEGATED CO-COMMISSIONING,DR S KAUR & PARTNERS,22571802,"43,287.65 ",,SLF000018475
Department of Health,NHS Trafford CCG,6/30/2018,C&M-PMS PCO Seniority,PRC DELEGATED CO-COMMISSIONING,DR S KAUR & PARTNERS,22571802,"1,854.02 ",,SLF000018475
Department of Health,NHS Trafford CCG,6/30/2018,C&M-PMS Prem Notional Rent,PRC DELEGATED CO-COMMISSIONING,DR S KAUR & PARTNERS,22571802,"3,383.33 ",,SLF000018475
Department of Health,NHS Trafford CCG,6/30/2018,C&M-PMS QOF Achievement,PRC DELEGATED CO-COMMISSIONING,DR S KAUR & PARTNERS,22571802,"23,708.18 ",,SLF000018475
Department of Health,NHS Trafford CCG,6/30/2018,C&M-PMS QOF Aspiration,PRC DELEGATED CO-COMMISSIONING,DR S KAUR & PARTNERS,22571802,"4,409.07 ",,SLF000018475
Department of Health,NHS Trafford CCG,6/30/2018,C&M-GMS DES Minor Surgery,PRC DELEGATED CO-COMMISSIONING,DRS JENNINGS & PARTNERS,22571804,88.00 ,,SLF000018477
Department of Health,NHS Trafford CCG,6/30/2018,C&M-GMS Global Sum,PRC DELEGATED CO-COMMISSIONING,DRS JENNINGS & PARTNERS,22571804,"44,478.46 ",,SLF000018477
Department of Health,NHS Trafford CCG,6/30/2018,C&M-GMS MPIG Correction Factor,PRC DELEGATED CO-COMMISSIONING,DRS JENNINGS & PARTNERS,22571804,728.74 ,,SLF000018477
Department of Health,NHS Trafford CCG,6/30/2018,C&M-GMS PCO Seniority,PRC DELEGATED CO-COMMISSIONING,DRS JENNINGS & PARTNERS,22571804,"1,844.45 ",,SLF000018477
Department of Health,NHS Trafford CCG,6/30/2018,C&M-GMS Prem Actual Rent,PRC DELEGATED CO-COMMISSIONING,DRS JENNINGS & PARTNERS,22571804,"22,500.00 ",,SLF000018477
Department of Health,NHS Trafford CCG,6/30/2018,C&M-GMS QOF Achievement,PRC DELEGATED CO-COMMISSIONING,DRS JENNINGS & PARTNERS,22571804,"18,912.84 ",,SLF000018477
Department of Health,NHS Trafford CCG,6/30/2018,C&M-GMS QOF Aspiration,PRC DELEGATED CO-COMMISSIONING,DRS JENNINGS & PARTNERS,22571804,"4,580.10 ",,SLF000018477
Department of Health,NHS Trafford CCG,6/30/2018,C&M-PMS Contract Value,PRC DELEGATED CO-COMMISSIONING,DRS KELMAN CRANSTON & NAYLOR,22571806,"50,615.27 ",,SLF000018479
Department of Health,NHS Trafford CCG,6/30/2018,C&M-PMS DES Minor Surgery,PRC DELEGATED CO-COMMISSIONING,DRS KELMAN CRANSTON & NAYLOR,22571806,"1,078.00 ",,SLF000018479
Department of Health,NHS Trafford CCG,6/30/2018,C&M-PMS PCO Seniority,PRC DELEGATED CO-COMMISSIONING,DRS KELMAN CRANSTON & NAYLOR,22571806,"3,859.23 ",,SLF000018479
Department of Health,NHS Trafford CCG,6/30/2018,C&M-PMS Prem Notional Rent,PRC DELEGATED CO-COMMISSIONING,DRS KELMAN CRANSTON & NAYLOR,22571806,"4,950.00 ",,SLF000018479
Department of Health,NHS Trafford CCG,6/30/2018,C&M-PMS QOF Achievement,PRC DELEGATED CO-COMMISSIONING,DRS KELMAN CRANSTON & NAYLOR,22571806,"17,322.28 ",,SLF000018479
Department of Health,NHS Trafford CCG,6/30/2018,C&M-PMS QOF Aspiration,PRC DELEGATED CO-COMMISSIONING,DRS KELMAN CRANSTON & NAYLOR,22571806,"4,524.62 ",,SLF000018479
Department of Health,NHS Trafford CCG,6/30/2018,C&M-PMS Contract Value,PRC DELEGATED CO-COMMISSIONING,DRS MARCHI & FRIER,22571808,"57,814.54 ",,SLF000018481
Department of Health,NHS Trafford CCG,6/30/2018,C&M-PMS Funding Differential Review,PRC DELEGATED CO-COMMISSIONING,DRS MARCHI & FRIER,22571808,630.86 ,,SLF000018481
Department of Health,NHS Trafford CCG,6/30/2018,C&M-PMS PCO Seniority,PRC DELEGATED CO-COMMISSIONING,DRS MARCHI & FRIER,22571808,"1,132.19 ",,SLF000018481
Department of Health,NHS Trafford CCG,6/30/2018,C&M-PMS QOF Achievement,PRC DELEGATED CO-COMMISSIONING,DRS MARCHI & FRIER,22571808,"29,112.92 ",,SLF000018481
Department of Health,NHS Trafford CCG,6/30/2018,C&M-PMS QOF Aspiration,PRC DELEGATED CO-COMMISSIONING,DRS MARCHI & FRIER,22571808,"6,739.13 ",,SLF000018481
Department of Health,NHS Trafford CCG,6/30/2018,C&M-PMS Contract Value,PRC DELEGATED CO-COMMISSIONING,DR WILSON & PARTNERS MANCHESTER,22571810,"88,346.73 ",,SLF000018483
Department of Health,NHS Trafford CCG,6/30/2018,C&M-PMS DES Minor Surgery,PRC DELEGATED CO-COMMISSIONING,DR WILSON & PARTNERS MANCHESTER,22571810,"3,232.00 ",,SLF000018483
Department of Health,NHS Trafford CCG,6/30/2018,C&M-PMS Funding Differential Review,PRC DELEGATED CO-COMMISSIONING,DR WILSON & PARTNERS MANCHESTER,22571810,"1,122.48 ",,SLF000018483
Department of Health,NHS Trafford CCG,6/30/2018,C&M-PMS PCO Seniority,PRC DELEGATED CO-COMMISSIONING,DR WILSON & PARTNERS MANCHESTER,22571810,"1,230.08 ",,SLF000018483
Department of Health,NHS Trafford CCG,6/30/2018,C&M-PMS Prem Actual Rent,PRC DELEGATED CO-COMMISSIONING,DR WILSON & PARTNERS MANCHESTER,22571810,"45,846.30 ",,SLF000018483
Department of Health,NHS Trafford CCG,6/30/2018,C&M-PMS Prem Rates,PRC DELEGATED CO-COMMISSIONING,DR WILSON & PARTNERS MANCHESTER,22571810,"28,190.05 ",,SLF000018483
Department of Health,NHS Trafford CCG,6/30/2018,C&M-PMS Prem Water Rates,PRC DELEGATED CO-COMMISSIONING,DR WILSON & PARTNERS MANCHESTER,22571810,"1,206.14 ",,SLF000018483
Department of Health,NHS Trafford CCG,6/30/2018,C&M-PMS QOF Achievement,PRC DELEGATED CO-COMMISSIONING,DR WILSON & PARTNERS MANCHESTER,22571810,"35,609.57 ",,SLF000018483
Department of Health,NHS Trafford CCG,6/30/2018,C&M-PMS QOF Aspiration,PRC DELEGATED CO-COMMISSIONING,DR WILSON & PARTNERS MANCHESTER,22571810,"10,295.05 ",,SLF000018483
Department of Health,NHS Trafford CCG,6/30/2018,ME-PMS GP Pension ERs Adjs - PMS,PRC DELEGATED CO-COMMISSIONING,DR WILSON & PARTNERS MANCHESTER,22571810,"1,674.78 ",,SLF000018483
Department of Health,NHS Trafford CCG,6/30/2018,ME-PMS GP Prior Year EEs,PRC DELEGATED CO-COMMISSIONING,DR WILSON & PARTNERS MANCHESTER,22571810,"1,455.84 ",,SLF000018483
Department of Health,NHS Trafford CCG,6/30/2018,C&M-PMS Contract Value,PRC DELEGATED CO-COMMISSIONING,DRS CLARE & WATSON,22571812,"35,386.52 ",,SLF000018485
Department of Health,NHS Trafford CCG,6/30/2018,C&M-PMS PCO Seniority,PRC DELEGATED CO-COMMISSIONING,DRS CLARE & WATSON,22571812,"1,412.19 ",,SLF000018485
Department of Health,NHS Trafford CCG,6/30/2018,C&M-PMS Prem Notional Rent,PRC DELEGATED CO-COMMISSIONING,DRS CLARE & WATSON,22571812,"2,091.67 ",,SLF000018485
Department of Health,NHS Trafford CCG,6/30/2018,C&M-PMS QOF Achievement,PRC DELEGATED CO-COMMISSIONING,DRS CLARE & WATSON,22571812,"20,917.88 ",,SLF000018485
Department of Health,NHS Trafford CCG,6/30/2018,C&M-PMS QOF Aspiration,PRC DELEGATED CO-COMMISSIONING,DRS CLARE & WATSON,22571812,"3,810.79 ",,SLF000018485
Department of Health,NHS Trafford CCG,6/30/2018,C&M-PMS Contract Value,PRC DELEGATED CO-COMMISSIONING,GROVE MEDICAL PRACTICE,22571814,"44,248.21 ",,SLF000018487
Department of Health,NHS Trafford CCG,6/30/2018,C&M-PMS DES Learn Dsblty Hlth Chk,PRC DELEGATED CO-COMMISSIONING,GROVE MEDICAL PRACTICE,22571814,420.00 ,,SLF000018487
Department of Health,NHS Trafford CCG,6/30/2018,C&M-PMS PCO Seniority,PRC DELEGATED CO-COMMISSIONING,GROVE MEDICAL PRACTICE,22571814,"1,022.65 ",,SLF000018487
Department of Health,NHS Trafford CCG,6/30/2018,C&M-PMS QOF Achievement,PRC DELEGATED CO-COMMISSIONING,GROVE MEDICAL PRACTICE,22571814,"18,083.43 ",,SLF000018487
Department of Health,NHS Trafford CCG,6/30/2018,C&M-PMS QOF Aspiration,PRC DELEGATED CO-COMMISSIONING,GROVE MEDICAL PRACTICE,22571814,"3,991.35 ",,SLF000018487
Department of Health,NHS Trafford CCG,6/30/2018,C&M-GMS DES Minor Surgery,PRC DELEGATED CO-COMMISSIONING,NORTH TRAFFORD GROUP PRACTICE,22571816,780.00 ,,SLF000018489
Department of Health,NHS Trafford CCG,6/30/2018,C&M-GMS Global Sum,PRC DELEGATED CO-COMMISSIONING,NORTH TRAFFORD GROUP PRACTICE,22571816,"64,386.86 ",,SLF000018489
Department of Health,NHS Trafford CCG,6/30/2018,C&M-GMS PCO Seniority,PRC DELEGATED CO-COMMISSIONING,NORTH TRAFFORD GROUP PRACTICE,22571816,516.08 ,,SLF000018489
Department of Health,NHS Trafford CCG,6/30/2018,C&M-GMS Prem Notional Rent,PRC DELEGATED CO-COMMISSIONING,NORTH TRAFFORD GROUP PRACTICE,22571816,"3,077.00 ",,SLF000018489
Department of Health,NHS Trafford CCG,6/30/2018,C&M-GMS QOF Achievement,PRC DELEGATED CO-COMMISSIONING,NORTH TRAFFORD GROUP PRACTICE,22571816,"39,297.20 ",,SLF000018489
Department of Health,NHS Trafford CCG,6/30/2018,C&M-GMS QOF Aspiration,PRC DELEGATED CO-COMMISSIONING,NORTH TRAFFORD GROUP PRACTICE,22571816,"6,923.94 ",,SLF000018489
Department of Health,NHS Trafford CCG,6/30/2018,C&M-PMS Contract Value,PRC DELEGATED CO-COMMISSIONING,PARK MEDICAL PRACTICE ALTRINCHAM,22571818,"40,365.05 ",,SLF000018491
Department of Health,NHS Trafford CCG,6/30/2018,C&M-PMS PCO Seniority,PRC DELEGATED CO-COMMISSIONING,PARK MEDICAL PRACTICE ALTRINCHAM,22571818,"1,373.63 ",,SLF000018491
Department of Health,NHS Trafford CCG,6/30/2018,C&M-PMS Prem Notional Rent,PRC DELEGATED CO-COMMISSIONING,PARK MEDICAL PRACTICE ALTRINCHAM,22571818,"4,720.83 ",,SLF000018491
Department of Health,NHS Trafford CCG,6/30/2018,C&M-PMS Prem Rates,PRC DELEGATED CO-COMMISSIONING,PARK MEDICAL PRACTICE ALTRINCHAM,22571818,"23,640.00 ",,SLF000018491
Department of Health,NHS Trafford CCG,6/30/2018,C&M-PMS QOF Achievement,PRC DELEGATED CO-COMMISSIONING,PARK MEDICAL PRACTICE ALTRINCHAM,22571818,"20,075.94 ",,SLF000018491
Department of Health,NHS Trafford CCG,6/30/2018,C&M-PMS QOF Aspiration,PRC DELEGATED CO-COMMISSIONING,PARK MEDICAL PRACTICE ALTRINCHAM,22571818,"4,359.29 ",,SLF000018491
Department of Health,NHS Trafford CCG,6/30/2018,C&M-APMS Contract KPIs,PRC DELEGATED CO-COMMISSIONING,TRAFFORD HEALTH CENTRE,22571820,"167,217.00 ",,SLF000018493
Department of Health,NHS Trafford CCG,6/30/2018,C&M-APMS Contract Value,PRC DELEGATED CO-COMMISSIONING,TRAFFORD HEALTH CENTRE,22571820,"127,496.35 ",,SLF000018493
Department of Health,NHS Trafford CCG,6/30/2018,C&M-PMS QOF Achievement,PRC DELEGATED CO-COMMISSIONING,TRAFFORD HEALTH CENTRE,22571820,"20,488.06 ",,SLF000018493
Department of Health,NHS Trafford CCG,6/30/2018,C&M-PMS QOF Aspiration,PRC DELEGATED CO-COMMISSIONING,TRAFFORD HEALTH CENTRE,22571820,"3,535.46 ",,SLF000018493
Department of Health,NHS Trafford CCG,6/30/2018,ME - PMS GP Prior Year ERs,PRC DELEGATED CO-COMMISSIONING,TRAFFORD HEALTH CENTRE,22571820,244.65 ,,SLF000018493
Department of Health,NHS Trafford CCG,6/30/2018,ME-PMS GP Prior Year EEs,PRC DELEGATED CO-COMMISSIONING,TRAFFORD HEALTH CENTRE,22571820,25.83 ,,SLF000018493
Department of Health,NHS Trafford CCG,6/30/2018,C&M-GMS DES Learn Dsblty Hlth Chk,PRC DELEGATED CO-COMMISSIONING,WEST TIMPERLEY MEDICAL CENTRE,22571822,560.00 ,,SLF000018495
Department of Health,NHS Trafford CCG,6/30/2018,C&M-GMS DES Minor Surgery,PRC DELEGATED CO-COMMISSIONING,WEST TIMPERLEY MEDICAL CENTRE,22571822,"4,510.00 ",,SLF000018495
Department of Health,NHS Trafford CCG,6/30/2018,C&M-GMS Global Sum,PRC DELEGATED CO-COMMISSIONING,WEST TIMPERLEY MEDICAL CENTRE,22571822,"54,270.03 ",,SLF000018495
Department of Health,NHS Trafford CCG,6/30/2018,C&M-GMS MPIG Correction Factor,PRC DELEGATED CO-COMMISSIONING,WEST TIMPERLEY MEDICAL CENTRE,22571822,613.08 ,,SLF000018495
Department of Health,NHS Trafford CCG,6/30/2018,C&M-GMS Other Small Practice All,PRC DELEGATED CO-COMMISSIONING,WEST TIMPERLEY MEDICAL CENTRE,22571822,"5,330.00 ",,SLF000018495
Department of Health,NHS Trafford CCG,6/30/2018,C&M-GMS PCO Seniority,PRC DELEGATED CO-COMMISSIONING,WEST TIMPERLEY MEDICAL CENTRE,22571822,"2,326.44 ",,SLF000018495
Department of Health,NHS Trafford CCG,6/30/2018,C&M-GMS Prem Actual Rent,PRC DELEGATED CO-COMMISSIONING,WEST TIMPERLEY MEDICAL CENTRE,22571822,"39,327.50 ",,SLF000018495
Department of Health,NHS Trafford CCG,6/30/2018,C&M-GMS QOF Achievement,PRC DELEGATED CO-COMMISSIONING,WEST TIMPERLEY MEDICAL CENTRE,22571822,"21,868.65 ",,SLF000018495
Department of Health,NHS Trafford CCG,6/30/2018,C&M-GMS QOF Aspiration,PRC DELEGATED CO-COMMISSIONING,WEST TIMPERLEY MEDICAL CENTRE,22571822,"5,233.44 ",,SLF000018495
Department of Health,NHS Trafford CCG,6/30/2018,ME - GMS GP Prior Year ERs,PRC DELEGATED CO-COMMISSIONING,WEST TIMPERLEY MEDICAL CENTRE,22571822,943.83 ,,SLF000018495
Department of Health,NHS Trafford CCG,6/30/2018,ME-GMS GP Prior Year EEs,PRC DELEGATED CO-COMMISSIONING,WEST TIMPERLEY MEDICAL CENTRE,22571822,"3,302.25 ",,SLF000018495
Department of Health,NHS Trafford CCG,6/30/2018,C&M-GMS DES Learn Dsblty Hlth Chk,PRC DELEGATED CO-COMMISSIONING,BROOKS BAR MEDICAL CENTRE,22571824,140.00 ,,SLF000018497
Department of Health,NHS Trafford CCG,6/30/2018,C&M-GMS DES Minor Surgery,PRC DELEGATED CO-COMMISSIONING,BROOKS BAR MEDICAL CENTRE,22571824,88.00 ,,SLF000018497
Department of Health,NHS Trafford CCG,6/30/2018,C&M-GMS Global Sum,PRC DELEGATED CO-COMMISSIONING,BROOKS BAR MEDICAL CENTRE,22571824,"38,496.30 ",,SLF000018497
Department of Health,NHS Trafford CCG,6/30/2018,C&M-GMS MPIG Correction Factor,PRC DELEGATED CO-COMMISSIONING,BROOKS BAR MEDICAL CENTRE,22571824,484.19 ,,SLF000018497
Department of Health,NHS Trafford CCG,6/30/2018,C&M-GMS Prem Notional Rent,PRC DELEGATED CO-COMMISSIONING,BROOKS BAR MEDICAL CENTRE,22571824,"3,423.17 ",,SLF000018497
Department of Health,NHS Trafford CCG,6/30/2018,C&M-GMS QOF Aspiration,PRC DELEGATED CO-COMMISSIONING,BROOKS BAR MEDICAL CENTRE,22571824,"4,099.50 ",,SLF000018497
Department of Health,NHS Trafford CCG,6/30/2018,Apprenticeship Levy Payable,BALANCE SHEET,HMRC,22573652,521.00 ,,120PZ005750921902
Department of Health,NHS Trafford CCG,6/30/2018,Income tax <1Yr,BALANCE SHEET,HMRC,22573652,"110,944.45 ",,120PZ005750921902
Department of Health,NHS Trafford CCG,6/30/2018,Income tax <1Yr-Student Loans,BALANCE SHEET,HMRC,22573652,"1,166.00 ",,120PZ005750921902
Department of Health,NHS Trafford CCG,6/30/2018,National Insurance < 1 yr-NI- ERS,BALANCE SHEET,HMRC,22573652,"36,391.92 ",,120PZ005750921902
Department of Health,NHS Trafford CCG,6/30/2018,National Insurance < 1 yr-NI-EES,BALANCE SHEET,HMRC,22573652,"24,670.76 ",,120PZ005750921902
Department of Health,NHS Trafford CCG,6/30/2018,Clinical&Medical-Independent Sector,CARERS,CALL PLUS,22580507,"26,008.48 ",,TRA012018
Department of Health,NHS Trafford CCG,6/30/2018,C&M-GMS DES Learn Dsblty Hlth Chk,PRC DELEGATED CO-COMMISSIONING,DR A C A DEWEEVER & PARTNERS,22596013,"2,380.00 ",,SLF000018437
Department of Health,NHS Trafford CCG,6/30/2018,C&M-GMS Global Sum,PRC DELEGATED CO-COMMISSIONING,DR A C A DEWEEVER & PARTNERS,22596013,"43,729.00 ",,SLF000018437
Department of Health,NHS Trafford CCG,6/30/2018,C&M-GMS PCO Locum Sickness,PRC DELEGATED CO-COMMISSIONING,DR A C A DEWEEVER & PARTNERS,22596013,"4,300.00 ",,SLF000018437
Department of Health,NHS Trafford CCG,6/30/2018,C&M-GMS PCO Seniority,PRC DELEGATED CO-COMMISSIONING,DR A C A DEWEEVER & PARTNERS,22596013,"4,074.94 ",,SLF000018437
Department of Health,NHS Trafford CCG,6/30/2018,C&M-GMS QOF Achievement,PRC DELEGATED CO-COMMISSIONING,DR A C A DEWEEVER & PARTNERS,22596013,"21,261.76 ",,SLF000018437
Department of Health,NHS Trafford CCG,6/30/2018,C&M-GMS QOF Aspiration,PRC DELEGATED CO-COMMISSIONING,DR A C A DEWEEVER & PARTNERS,22596013,"5,070.13 ",,SLF000018437
Department of Health,NHS Trafford CCG,6/30/2018,C&M-GMS DES Minor Surgery,PRC DELEGATED CO-COMMISSIONING,DR A KAYE & PARTNERS,22596014,"2,776.00 ",,SLF000018441
Department of Health,NHS Trafford CCG,6/30/2018,C&M-GMS Global Sum,PRC DELEGATED CO-COMMISSIONING,DR A KAYE & PARTNERS,22596014,"84,381.84 ",,SLF000018441
Department of Health,NHS Trafford CCG,6/30/2018,C&M-GMS PCO Locum Sickness,PRC DELEGATED CO-COMMISSIONING,DR A KAYE & PARTNERS,22596014,"4,869.18 ",,SLF000018441
Department of Health,NHS Trafford CCG,6/30/2018,C&M-GMS PCO Seniority,PRC DELEGATED CO-COMMISSIONING,DR A KAYE & PARTNERS,22596014,"4,487.25 ",,SLF000018441
Department of Health,NHS Trafford CCG,6/30/2018,C&M-GMS Prem Actual Rent,PRC DELEGATED CO-COMMISSIONING,DR A KAYE & PARTNERS,22596014,"41,928.61 ",,SLF000018441
Department of Health,NHS Trafford CCG,6/30/2018,C&M-GMS Prem Water Rates,PRC DELEGATED CO-COMMISSIONING,DR A KAYE & PARTNERS,22596014,"1,152.98 ",,SLF000018441
Department of Health,NHS Trafford CCG,6/30/2018,C&M-GMS QOF Achievement,PRC DELEGATED CO-COMMISSIONING,DR A KAYE & PARTNERS,22596014,"49,322.20 ",,SLF000018441
Department of Health,NHS Trafford CCG,6/30/2018,C&M-GMS QOF Aspiration,PRC DELEGATED CO-COMMISSIONING,DR A KAYE & PARTNERS,22596014,"12,418.82 ",,SLF000018441
Department of Health,NHS Trafford CCG,6/30/2018,C&M-GMS DES Minor Surgery,PRC DELEGATED CO-COMMISSIONING,DR H F SIMONTON & PARTNERS,22596015,"4,010.00 ",,SLF000018451
Department of Health,NHS Trafford CCG,6/30/2018,C&M-GMS Global Sum,PRC DELEGATED CO-COMMISSIONING,DR H F SIMONTON & PARTNERS,22596015,"100,571.47 ",,SLF000018451
Department of Health,NHS Trafford CCG,6/30/2018,C&M-GMS MPIG Correction Factor,PRC DELEGATED CO-COMMISSIONING,DR H F SIMONTON & PARTNERS,22596015,"1,082.29 ",,SLF000018451
Department of Health,NHS Trafford CCG,6/30/2018,C&M-GMS PCO Locum Adop/Pat/Mat,PRC DELEGATED CO-COMMISSIONING,DR H F SIMONTON & PARTNERS,22596015,"9,852.66 ",,SLF000018451
Department of Health,NHS Trafford CCG,6/30/2018,C&M-GMS PCO Seniority,PRC DELEGATED CO-COMMISSIONING,DR H F SIMONTON & PARTNERS,22596015,"6,032.63 ",,SLF000018451
Department of Health,NHS Trafford CCG,6/30/2018,C&M-GMS Prem Actual Rent,PRC DELEGATED CO-COMMISSIONING,DR H F SIMONTON & PARTNERS,22596015,"43,191.22 ",,SLF000018451
Department of Health,NHS Trafford CCG,6/30/2018,C&M-GMS QOF Achievement,PRC DELEGATED CO-COMMISSIONING,DR H F SIMONTON & PARTNERS,22596015,"56,375.10 ",,SLF000018451
Department of Health,NHS Trafford CCG,6/30/2018,C&M-GMS QOF Aspiration,PRC DELEGATED CO-COMMISSIONING,DR H F SIMONTON & PARTNERS,22596015,"12,543.06 ",,SLF000018451
Department of Health,NHS Trafford CCG,6/30/2018,C&M-PMS Contract Value,PRC DELEGATED CO-COMMISSIONING,DR JP BERRY & PARTNERS,22596016,"73,844.32 ",,SLF000018453
Department of Health,NHS Trafford CCG,6/30/2018,C&M-PMS Funding Differential Review,PRC DELEGATED CO-COMMISSIONING,DR JP BERRY & PARTNERS,22596016,"1,013.41 ",,SLF000018453
Department of Health,NHS Trafford CCG,6/30/2018,C&M-PMS PCO Doctors Ret Scheme,PRC DELEGATED CO-COMMISSIONING,DR JP BERRY & PARTNERS,22596016,"1,692.28 ",,SLF000018453
Department of Health,NHS Trafford CCG,6/30/2018,C&M-PMS PCO Locum Adop/Pat/Mat,PRC DELEGATED CO-COMMISSIONING,DR JP BERRY & PARTNERS,22596016,"1,734.18 ",,SLF000018453
Department of Health,NHS Trafford CCG,6/30/2018,C&M-PMS PCO Seniority,PRC DELEGATED CO-COMMISSIONING,DR JP BERRY & PARTNERS,22596016,"1,779.23 ",,SLF000018453
Department of Health,NHS Trafford CCG,6/30/2018,C&M-PMS Prem Notional Rent,PRC DELEGATED CO-COMMISSIONING,DR JP BERRY & PARTNERS,22596016,"5,145.83 ",,SLF000018453
Department of Health,NHS Trafford CCG,6/30/2018,C&M-PMS QOF Achievement,PRC DELEGATED CO-COMMISSIONING,DR JP BERRY & PARTNERS,22596016,"39,715.14 ",,SLF000018453
Department of Health,NHS Trafford CCG,6/30/2018,C&M-PMS QOF Aspiration,PRC DELEGATED CO-COMMISSIONING,DR JP BERRY & PARTNERS,22596016,"8,380.17 ",,SLF000018453
Department of Health,NHS Trafford CCG,6/30/2018,ME-PMS GP Pension EEs Adjs - PMS,PRC DELEGATED CO-COMMISSIONING,DR JP BERRY & PARTNERS,22596016,"1,450.00 ",,SLF000018453
Department of Health,NHS Trafford CCG,6/30/2018,ME-PMS GP Pension ERs Adjs - PMS,PRC DELEGATED CO-COMMISSIONING,DR JP BERRY & PARTNERS,22596016,"1,438.00 ",,SLF000018453
Department of Health,NHS Trafford CCG,6/30/2018,C&M-PMS Contract Value,PRC DELEGATED CO-COMMISSIONING,DR M P STAMP & PARTNER,22596018,"36,116.65 ",,SLF000018455
Department of Health,NHS Trafford CCG,6/30/2018,C&M-PMS DES Minor Surgery,PRC DELEGATED CO-COMMISSIONING,DR M P STAMP & PARTNER,22596018,308.00 ,,SLF000018455
Department of Health,NHS Trafford CCG,6/30/2018,C&M-PMS Funding Differential Review,PRC DELEGATED CO-COMMISSIONING,DR M P STAMP & PARTNER,22596018,469.44 ,,SLF000018455
Department of Health,NHS Trafford CCG,6/30/2018,C&M-PMS PCO Seniority,PRC DELEGATED CO-COMMISSIONING,DR M P STAMP & PARTNER,22596018,"2,138.65 ",,SLF000018455
Department of Health,NHS Trafford CCG,6/30/2018,C&M-PMS QOF Achievement,PRC DELEGATED CO-COMMISSIONING,DR M P STAMP & PARTNER,22596018,"17,484.04 ",,SLF000018455
Department of Health,NHS Trafford CCG,6/30/2018,C&M-PMS QOF Aspiration,PRC DELEGATED CO-COMMISSIONING,DR M P STAMP & PARTNER,22596018,"3,932.32 ",,SLF000018455
Department of Health,NHS Trafford CCG,6/30/2018,ME - PMS GP Prior Year ERs,PRC DELEGATED CO-COMMISSIONING,DR M P STAMP & PARTNER,22596018,"2,021.32 ",,SLF000018455
Department of Health,NHS Trafford CCG,6/30/2018,ME-PMS GP Pension AVCs,PRC DELEGATED CO-COMMISSIONING,DR M P STAMP & PARTNER,22596018,65.06 ,,SLF000018455
Department of Health,NHS Trafford CCG,6/30/2018,ME-PMS GP Pension EEs Adjs - PMS,PRC DELEGATED CO-COMMISSIONING,DR M P STAMP & PARTNER,22596018,351.17 ,,SLF000018455
Department of Health,NHS Trafford CCG,6/30/2018,ME-PMS GP Pension ERs Adjs - PMS,PRC DELEGATED CO-COMMISSIONING,DR M P STAMP & PARTNER,22596018,288.76 ,,SLF000018455
Department of Health,NHS Trafford CCG,6/30/2018,ME-PMS GP Prior Year AVCs,PRC DELEGATED CO-COMMISSIONING,DR M P STAMP & PARTNER,22596018,455.42 ,,SLF000018455
Department of Health,NHS Trafford CCG,6/30/2018,ME-PMS GP Prior Year EEs,PRC DELEGATED CO-COMMISSIONING,DR M P STAMP & PARTNER,22596018,"2,458.19 ",,SLF000018455
Department of Health,NHS Trafford CCG,6/30/2018,C&M-GMS Global Sum,PRC DELEGATED CO-COMMISSIONING,DR P A JACKSON & PARTNERS,22596019,"105,799.47 ",,SLF000018461
Department of Health,NHS Trafford CCG,6/30/2018,C&M-GMS MPIG Correction Factor,PRC DELEGATED CO-COMMISSIONING,DR P A JACKSON & PARTNERS,22596019,"1,184.11 ",,SLF000018461
Department of Health,NHS Trafford CCG,6/30/2018,C&M-GMS PCO Locum Adop/Pat/Mat,PRC DELEGATED CO-COMMISSIONING,DR P A JACKSON & PARTNERS,22596019,"6,936.72 ",,SLF000018461
Department of Health,NHS Trafford CCG,6/30/2018,C&M-GMS PCO Seniority,PRC DELEGATED CO-COMMISSIONING,DR P A JACKSON & PARTNERS,22596019,"3,224.77 ",,SLF000018461
Department of Health,NHS Trafford CCG,6/30/2018,C&M-GMS Prem Actual Rent,PRC DELEGATED CO-COMMISSIONING,DR P A JACKSON & PARTNERS,22596019,"65,080.50 ",,SLF000018461
Department of Health,NHS Trafford CCG,6/30/2018,C&M-GMS Prem Water Rates,PRC DELEGATED CO-COMMISSIONING,DR P A JACKSON & PARTNERS,22596019,"1,164.69 ",,SLF000018461
Department of Health,NHS Trafford CCG,6/30/2018,C&M-GMS QOF Achievement,PRC DELEGATED CO-COMMISSIONING,DR P A JACKSON & PARTNERS,22596019,"49,991.09 ",,SLF000018461
Department of Health,NHS Trafford CCG,6/30/2018,C&M-GMS QOF Aspiration,PRC DELEGATED CO-COMMISSIONING,DR P A JACKSON & PARTNERS,22596019,"13,545.11 ",,SLF000018461
Department of Health,NHS Trafford CCG,6/30/2018,"Books, Journals & Subscr",CORPORATE COSTS & SERVICES,NHS SALFORD CCG,22602886,"45,350.00 ",,7012300893
Department of Health,NHS Trafford CCG,6/30/2018,Hlthcre-Foundation Trsts,MENTAL HEALTH CONTRACTS,GREATER MANCHESTER MENTAL HEALTH NHS FOUNDATION TRUST,22603444,"1,348,422.60 ",GB654929594,0000028403
Department of Health,NHS Trafford CCG,6/30/2018,C&M-APMS OOH Opt Outs,OUT OF HOURS,MASTERCALL HEALTHCARE,22622995,"35,718.06 ",,7418
Department of Health,NHS Trafford CCG,6/30/2018,Cont Care- Palliative Care,CHC ADULT FULLY FUNDED,WYNCOURT NURSING HOME,22642008,"3,642.86 ",,14876
Department of Health,NHS Trafford CCG,6/30/2018,Cont Care-Physical Disab (65+),CHC ADULT FULLY FUNDED,WYNCOURT NURSING HOME,22642008,"11,379.00 ",,14876
Department of Health,NHS Trafford CCG,6/30/2018,Cont Care-Physical Disab (<65),CHC ADULT FULLY FUNDED,WYNCOURT NURSING HOME,22642008,"12,018.82 ",,14876
Department of Health,NHS Trafford CCG,6/30/2018,Clinical&Medical-Independent Sector,ACUTE COMMISSIONING,MANCHESTER SURGICAL SERVICES,22657571,"27,655.45 ",,4511
Department of Health,NHS Trafford CCG,6/30/2018,Cont Care-Mental Health (65+),CHC ADULT FULLY FUNDED,KINGSLEY HEALTHCARE,22657617,"5,828.58 ",7GB92453014,FO00001412TOFO00001416
Department of Health,NHS Trafford CCG,6/30/2018,Cont Care-Physical Disab (65+),CHC ADULT FULLY FUNDED,KINGSLEY HEALTHCARE,22657617,"17,485.73 ",7GB92453014,FO00001412TOFO00001416
Department of Health,NHS Trafford CCG,6/30/2018,Cont Care-Physical Disab (<65),CHC ADULT FULLY FUNDED,KINGSLEY HEALTHCARE,22657617,"3,642.86 ",7GB92453014,FO00001412TOFO00001416
Department of Health,NHS Trafford CCG,6/30/2018,Cont Care- Palliative Care,CHC ADULT FULLY FUNDED,KINGSLEY HEALTHCARE,22657622,"3,642.86 ",7GB92453014,TM00003769TOTM00003778
Department of Health,NHS Trafford CCG,6/30/2018,Cont Care-Mental Health (65+),CHC ADULT FULLY FUNDED,KINGSLEY HEALTHCARE,22657622,"17,571.43 ",7GB92453014,TM00003769TOTM00003778
Department of Health,NHS Trafford CCG,6/30/2018,Cont Care-Physical Disab (65+),CHC ADULT FULLY FUNDED,KINGSLEY HEALTHCARE,22657622,"10,757.14 ",7GB92453014,TM00003769TOTM00003778
Department of Health,NHS Trafford CCG,6/30/2018,Cont Care-Mental Health (65+),CHC ADULT FULLY FUNDED,MARIA MALLABAND CARE GROUP LTD,22657661,"14,278.58 ",,AI006678TOAI006687
Department of Health,NHS Trafford CCG,6/30/2018,Cont Care-Physical Disab (65+),CHC ADULT FULLY FUNDED,MARIA MALLABAND CARE GROUP LTD,22657661,"27,703.59 ",,AI006678TOAI006687
Department of Health,NHS Trafford CCG,6/30/2018,Cont Care-Physical Disab (<65),CHC ADULT FULLY FUNDED,MARIA MALLABAND CARE GROUP LTD,22657661,"3,764.29 ",,AI006678TOAI006687
Department of Health,NHS Trafford CCG,6/30/2018,External Contractors,PRIMARY CARE DEVELOPMENT,TRAFFORD PRIMARY HEALTH LTD,22708367,"121,661.00 ",,7DAJUN18
Department of Health,NHS Trafford CCG,6/30/2018,Cont Care-FNC Client Continence Allow,FUNDED NURSING CARE,MARIA MALLABAND CARE GROUP LTD,22744105,60.00 ,,MH005727TOMH005762
Department of Health,NHS Trafford CCG,6/30/2018,Cont Care-Funded Nursing Care Allow,FUNDED NURSING CARE,MARIA MALLABAND CARE GROUP LTD,22744105,"34,000.12 ",,MH005727TOMH005762
Department of Health,NHS Trafford CCG,6/30/2018,C&M-APMS IT Comm Servs-GP Practices,FINANCE,NHS OLDHAM CCG,22754429,869.00 ,,7011704050
Department of Health,NHS Trafford CCG,6/30/2018,C&M-GMS IT Comm Servs -GP Practices,FINANCE,NHS OLDHAM CCG,22754429,"51,731.00 ",,7011704050
Department of Health,NHS Trafford CCG,6/30/2018,C&M-PMS IT Comm Servs -GP Practices,FINANCE,NHS OLDHAM CCG,22754429,"25,027.00 ",,7011704050
Department of Health,NHS Trafford CCG,6/30/2018,Charges from CSU,PRESCRIBING,NHS MIDLANDS AND LANCASHIRE CSU,22811685,"35,536.00 ",GB 654442045,7312310588
Department of Health,NHS Trafford CCG,6/30/2018,Clinical&Medical-Independent Sector,ACUTE COMMISSIONING,MANCHESTER SURGICAL SERVICES,22822965,"72,208.11 ",,4518
Department of Health,NHS Trafford CCG,6/30/2018,Hlthcre-Foundation Trsts,COMMUNITY SERVICES,PENNINE CARE NHS FOUNDATION TRUST,22822966,"2,013,304.00 ",,1010029342
Department of Health,NHS Trafford CCG,6/30/2018,Clinical&Medical-Independent Sector,ACUTE COMMISSIONING,OPTEGRA MANCHESTER,22822967,"61,748.10 ",938297867,1040006804
,,,,,,,,,
,,,,,,,,,
