Department family,Entity,Date,Expense Type,Expense area,Supplier,Transaction number,AP Amount (�),VAT registration number,Purchase invoice number
Department of Health,NHS Trafford CCG,5/31/2018,Hcare Srv Rec NHS Trust,ACUTE COMMISSIONING,PENNINE ACUTE HOSPITALS NHS TRUST,21997899,"36,964.00 ",654418333,A0006321
Department of Health,NHS Trafford CCG,5/31/2018,Hlthcre-Foundation Trsts,ACUTE COMMISSIONING,CHRISTIE HOSPITAL NHS FOUNDATION TRUST,21998008,"247,519.25 ",,29944
Department of Health,NHS Trafford CCG,5/31/2018,Clinical&Medical-Independent Sector,ACUTE COMMISSIONING,SPAMEDICA LTD,21998061,"40,708.66 ",,NHSTRD115
Department of Health,NHS Trafford CCG,5/31/2018,Clinical&Medical-Independent Sector,ACUTE COMMISSIONING,SPIRE HEALTHCARE LTD,21998070,"46,457.00 ",915970991,02AMANPF181902
Department of Health,NHS Trafford CCG,5/31/2018,Hcare Srv Rec NHS Trust,COLLABORATIVE COMMISSIONING,NORTH WEST AMBULANCE SERVICE NHS TRUST,21998079,"460,151.00 ",654435138,4110038162
Department of Health,NHS Trafford CCG,5/31/2018,Hcare Srv Rec NHS Trust,COLLABORATIVE COMMISSIONING,NORTH WEST AMBULANCE SERVICE NHS TRUST,21998084,"82,193.00 ",654435138,4110038192
Department of Health,NHS Trafford CCG,5/31/2018,Hcare Srv Rec NHS Trust,COLLABORATIVE COMMISSIONING,NORTH WEST AMBULANCE SERVICE NHS TRUST,21998086,"34,467.00 ",654435138,4110038130
Department of Health,NHS Trafford CCG,5/31/2018,Hlthcre-Foundation Trsts,ACUTE COMMISSIONING,STOCKPORT NHS FOUNDATION TRUST,22015004,"78,010.00 ",,40074935
Department of Health,NHS Trafford CCG,5/31/2018,Hlthcre-Foundation Trsts,ACUTE COMMISSIONING,WARRINGTON & HALTON HOSPITALS NHS FOUNDATION TRUST,22015005,"30,701.00 ",,15368218
Department of Health,NHS Trafford CCG,5/31/2018,Hlthcre-Foundation Trsts,ACUTE COMMISSIONING,WRIGHTINGTON WIGAN & LEIGH NHS FOUNDATION TRUST,22038324,"38,697.00 ",GB654951509,55577060
Department of Health,NHS Trafford CCG,5/31/2018,Hlthcre-Foundation Trsts,ACUTE COMMISSIONING,SALFORD ROYAL HOSPITALS NHS FOUNDATION TRUST,22054740,"1,324,735.00 ",,S0015977
Department of Health,NHS Trafford CCG,5/31/2018,Clinical&Medical-Independent Sector,ACUTE COMMISSIONING,OAKLANDS HOSPITAL,22090681,"(36,150.44)",GB 426505170,L1550218REC
Department of Health,NHS Trafford CCG,5/31/2018,Cont Care- Palliative Care,CHC ADULT FULLY FUNDED,KINGSLEY HEALTHCARE,22090708,"7,528.58 ",,TM00003652TOTM00003661
Department of Health,NHS Trafford CCG,5/31/2018,Cont Care-Mental Health (65+),CHC ADULT FULLY FUNDED,KINGSLEY HEALTHCARE,22090708,"18,157.16 ",,TM00003652TOTM00003661
Department of Health,NHS Trafford CCG,5/31/2018,Cont Care-Physical Disab (65+),CHC ADULT FULLY FUNDED,KINGSLEY HEALTHCARE,22090708,"11,115.72 ",,TM00003652TOTM00003661
Department of Health,NHS Trafford CCG,5/31/2018,Cont Care-Mental Health (65+),CHC ADULT FULLY FUNDED,MARIA MALLABAND CARE GROUP LTD,22090811,"10,842.85 ",,MH005565TOMH005574
Department of Health,NHS Trafford CCG,5/31/2018,Cont Care-Physical Disab (65+),CHC ADULT FULLY FUNDED,MARIA MALLABAND CARE GROUP LTD,22090811,"21,764.28 ",,MH005565TOMH005574
Department of Health,NHS Trafford CCG,5/31/2018,Cont Care-Physical Disab (<65),CHC ADULT FULLY FUNDED,MARIA MALLABAND CARE GROUP LTD,22090811,"3,428.57 ",,MH005565TOMH005574
Department of Health,NHS Trafford CCG,5/31/2018,Clinical&Medical-Independent Sector,ACUTE COMMISSIONING,BMI HEALTHCARE COLLECTIONS,22090837,"48,326.22 ",,0000090624
Department of Health,NHS Trafford CCG,5/31/2018,C&M-GMS Global Sum,PRC DELEGATED CO-COMMISSIONING,DELAMERE CENTRE,22109029,"112,886.30 ",,SLF000018157
Department of Health,NHS Trafford CCG,5/31/2018,C&M-GMS Prem Actual Rent,PRC DELEGATED CO-COMMISSIONING,DELAMERE CENTRE,22109029,947.67 ,,SLF000018157
Department of Health,NHS Trafford CCG,5/31/2018,C&M-GMS QOF Aspiration,PRC DELEGATED CO-COMMISSIONING,DELAMERE CENTRE,22109029,"12,749.32 ",,SLF000018157
Department of Health,NHS Trafford CCG,5/31/2018,C&M-GMS Global Sum,PRC DELEGATED CO-COMMISSIONING,DR A C A DEWEEVER & PARTNERS,22109031,"43,729.00 ",,SLF000018159
Department of Health,NHS Trafford CCG,5/31/2018,C&M-GMS QOF Aspiration,PRC DELEGATED CO-COMMISSIONING,DR A C A DEWEEVER & PARTNERS,22109031,"5,070.13 ",,SLF000018159
Department of Health,NHS Trafford CCG,5/31/2018,C&M-GMS DES Learn Dsblty Hlth Chk,PRC DELEGATED CO-COMMISSIONING,DR B N MACDONALD & PARTNER,22109036,"2,380.00 ",,SLF000018165
Department of Health,NHS Trafford CCG,5/31/2018,C&M-GMS DES Minor Surgery,PRC DELEGATED CO-COMMISSIONING,DR B N MACDONALD & PARTNER,22109036,742.00 ,,SLF000018165
Department of Health,NHS Trafford CCG,5/31/2018,C&M-GMS Global Sum,PRC DELEGATED CO-COMMISSIONING,DR B N MACDONALD & PARTNER,22109036,"45,131.67 ",,SLF000018165
Department of Health,NHS Trafford CCG,5/31/2018,C&M-GMS MPIG Correction Factor,PRC DELEGATED CO-COMMISSIONING,DR B N MACDONALD & PARTNER,22109036,"1,155.12 ",,SLF000018165
Department of Health,NHS Trafford CCG,5/31/2018,C&M-GMS Prem Notional Rent,PRC DELEGATED CO-COMMISSIONING,DR B N MACDONALD & PARTNER,22109036,"5,379.17 ",,SLF000018165
Department of Health,NHS Trafford CCG,5/31/2018,C&M-GMS QOF Aspiration,PRC DELEGATED CO-COMMISSIONING,DR B N MACDONALD & PARTNER,22109036,"4,968.27 ",,SLF000018165
Department of Health,NHS Trafford CCG,5/31/2018,C&M-GMS Global Sum,PRC DELEGATED CO-COMMISSIONING,DR C J DAVIES & PARTNERS,22109038,"106,308.12 ",,SLF000018167
Department of Health,NHS Trafford CCG,5/31/2018,C&M-GMS MPIG Correction Factor,PRC DELEGATED CO-COMMISSIONING,DR C J DAVIES & PARTNERS,22109038,916.72 ,,SLF000018167
Department of Health,NHS Trafford CCG,5/31/2018,C&M-GMS PCO Locum Adop/Pat/Mat,PRC DELEGATED CO-COMMISSIONING,DR C J DAVIES & PARTNERS,22109038,"4,555.76 ",,SLF000018167
Department of Health,NHS Trafford CCG,5/31/2018,C&M-GMS Prem Notional Rent,PRC DELEGATED CO-COMMISSIONING,DR C J DAVIES & PARTNERS,22109038,"7,854.17 ",,SLF000018167
Department of Health,NHS Trafford CCG,5/31/2018,C&M-GMS Prem Water Rates,PRC DELEGATED CO-COMMISSIONING,DR C J DAVIES & PARTNERS,22109038,791.17 ,,SLF000018167
Department of Health,NHS Trafford CCG,5/31/2018,C&M-GMS QOF Aspiration,PRC DELEGATED CO-COMMISSIONING,DR C J DAVIES & PARTNERS,22109038,"11,937.43 ",,SLF000018167
Department of Health,NHS Trafford CCG,5/31/2018,ME - GMS GP Prior Year ERs,PRC DELEGATED CO-COMMISSIONING,DR C J DAVIES & PARTNERS,22109038,326.47 ,,SLF000018167
Department of Health,NHS Trafford CCG,5/31/2018,ME-GMS GP Prior Year EEs,PRC DELEGATED CO-COMMISSIONING,DR C J DAVIES & PARTNERS,22109038,211.14 ,,SLF000018167
Department of Health,NHS Trafford CCG,5/31/2018,C&M-GMS DES Minor Surgery,PRC DELEGATED CO-COMMISSIONING,DR C WESTWOOD,22109040,"1,168.00 ",,SLF000018169
Department of Health,NHS Trafford CCG,5/31/2018,C&M-GMS Global Sum,PRC DELEGATED CO-COMMISSIONING,DR C WESTWOOD,22109040,"29,765.94 ",,SLF000018169
Department of Health,NHS Trafford CCG,5/31/2018,C&M-GMS MPIG Correction Factor,PRC DELEGATED CO-COMMISSIONING,DR C WESTWOOD,22109040,206.31 ,,SLF000018169
Department of Health,NHS Trafford CCG,5/31/2018,C&M-GMS QOF Aspiration,PRC DELEGATED CO-COMMISSIONING,DR C WESTWOOD,22109040,"4,562.17 ",,SLF000018169
Department of Health,NHS Trafford CCG,5/31/2018,C&M-GMS Global Sum,PRC DELEGATED CO-COMMISSIONING,DR BAZLEY & PARTNERS,22109042,"42,961.06 ",,SLF000018171
Department of Health,NHS Trafford CCG,5/31/2018,C&M-GMS Other Small Practice All,PRC DELEGATED CO-COMMISSIONING,DR BAZLEY & PARTNERS,22109042,"4,526.00 ",,SLF000018171
Department of Health,NHS Trafford CCG,5/31/2018,C&M-GMS Prem Rates,PRC DELEGATED CO-COMMISSIONING,DR BAZLEY & PARTNERS,22109042,"8,092.81 ",,SLF000018171
Department of Health,NHS Trafford CCG,5/31/2018,C&M-GMS Prem Water Rates,PRC DELEGATED CO-COMMISSIONING,DR BAZLEY & PARTNERS,22109042,"1,561.45 ",,SLF000018171
Department of Health,NHS Trafford CCG,5/31/2018,C&M-GMS QOF Aspiration,PRC DELEGATED CO-COMMISSIONING,DR BAZLEY & PARTNERS,22109042,"5,938.03 ",,SLF000018171
Department of Health,NHS Trafford CCG,5/31/2018,ME - GMS GP Prior Year ERs,PRC DELEGATED CO-COMMISSIONING,DR BAZLEY & PARTNERS,22109042,712.30 ,,SLF000018171
Department of Health,NHS Trafford CCG,5/31/2018,ME-GMS GP Prior Year EEs,PRC DELEGATED CO-COMMISSIONING,DR BAZLEY & PARTNERS,22109042,665.70 ,,SLF000018171
Department of Health,NHS Trafford CCG,5/31/2018,C&M-GMS DES Minor Surgery,PRC DELEGATED CO-COMMISSIONING,DR H F SIMONTON & PARTNERS,22109044,"4,010.00 ",,SLF000018173
Department of Health,NHS Trafford CCG,5/31/2018,C&M-GMS Global Sum,PRC DELEGATED CO-COMMISSIONING,DR H F SIMONTON & PARTNERS,22109044,"100,571.47 ",,SLF000018173
Department of Health,NHS Trafford CCG,5/31/2018,C&M-GMS MPIG Correction Factor,PRC DELEGATED CO-COMMISSIONING,DR H F SIMONTON & PARTNERS,22109044,"1,082.29 ",,SLF000018173
Department of Health,NHS Trafford CCG,5/31/2018,C&M-GMS Prem Water Rates,PRC DELEGATED CO-COMMISSIONING,DR H F SIMONTON & PARTNERS,22109044,"1,007.84 ",,SLF000018173
Department of Health,NHS Trafford CCG,5/31/2018,C&M-GMS QOF Aspiration,PRC DELEGATED CO-COMMISSIONING,DR H F SIMONTON & PARTNERS,22109044,"12,543.06 ",,SLF000018173
Department of Health,NHS Trafford CCG,5/31/2018,ME - GMS GP Prior Year ERs,PRC DELEGATED CO-COMMISSIONING,DR H F SIMONTON & PARTNERS,22109044,235.26 ,,SLF000018173
Department of Health,NHS Trafford CCG,5/31/2018,ME-GMS GP Prior Year EEs,PRC DELEGATED CO-COMMISSIONING,DR H F SIMONTON & PARTNERS,22109044,685.65 ,,SLF000018173
Department of Health,NHS Trafford CCG,5/31/2018,C&M-PMS Contract Value,PRC DELEGATED CO-COMMISSIONING,DR JP BERRY & PARTNERS,22109046,"73,844.32 ",,SLF000018175
Department of Health,NHS Trafford CCG,5/31/2018,C&M-PMS DES Learn Dsblty Hlth Chk,PRC DELEGATED CO-COMMISSIONING,DR JP BERRY & PARTNERS,22109046,420.00 ,,SLF000018175
Department of Health,NHS Trafford CCG,5/31/2018,C&M-PMS Funding Differential Review,PRC DELEGATED CO-COMMISSIONING,DR JP BERRY & PARTNERS,22109046,"1,013.41 ",,SLF000018175
Department of Health,NHS Trafford CCG,5/31/2018,C&M-PMS Prem Notional Rent,PRC DELEGATED CO-COMMISSIONING,DR JP BERRY & PARTNERS,22109046,"5,145.83 ",,SLF000018175
Department of Health,NHS Trafford CCG,5/31/2018,C&M-PMS Prem Rates,PRC DELEGATED CO-COMMISSIONING,DR JP BERRY & PARTNERS,22109046,"26,868.50 ",,SLF000018175
Department of Health,NHS Trafford CCG,5/31/2018,C&M-PMS Prem Water Rates,PRC DELEGATED CO-COMMISSIONING,DR JP BERRY & PARTNERS,22109046,451.19 ,,SLF000018175
Department of Health,NHS Trafford CCG,5/31/2018,C&M-PMS QOF Aspiration,PRC DELEGATED CO-COMMISSIONING,DR JP BERRY & PARTNERS,22109046,"8,380.17 ",,SLF000018175
Department of Health,NHS Trafford CCG,5/31/2018,C&M-PMS Contract Value,PRC DELEGATED CO-COMMISSIONING,DR M P STAMP & PARTNER,22109048,"36,116.65 ",,SLF000018177
Department of Health,NHS Trafford CCG,5/31/2018,C&M-PMS DES Learn Dsblty Hlth Chk,PRC DELEGATED CO-COMMISSIONING,DR M P STAMP & PARTNER,22109048,"1,120.00 ",,SLF000018177
Department of Health,NHS Trafford CCG,5/31/2018,C&M-PMS DES Minor Surgery,PRC DELEGATED CO-COMMISSIONING,DR M P STAMP & PARTNER,22109048,176.00 ,,SLF000018177
Department of Health,NHS Trafford CCG,5/31/2018,C&M-PMS Funding Differential Review,PRC DELEGATED CO-COMMISSIONING,DR M P STAMP & PARTNER,22109048,469.44 ,,SLF000018177
Department of Health,NHS Trafford CCG,5/31/2018,C&M-PMS QOF Aspiration,PRC DELEGATED CO-COMMISSIONING,DR M P STAMP & PARTNER,22109048,"3,932.32 ",,SLF000018177
Department of Health,NHS Trafford CCG,5/31/2018,C&M-PMS Contract Value,PRC DELEGATED CO-COMMISSIONING,DR M PATEL,22109050,"48,293.93 ",,SLF000018179
Department of Health,NHS Trafford CCG,5/31/2018,C&M-PMS DES Learn Dsblty Hlth Chk,PRC DELEGATED CO-COMMISSIONING,DR M PATEL,22109050,700.00 ,,SLF000018179
Department of Health,NHS Trafford CCG,5/31/2018,C&M-PMS Prem Notional Rent,PRC DELEGATED CO-COMMISSIONING,DR M PATEL,22109050,"4,950.00 ",,SLF000018179
Department of Health,NHS Trafford CCG,5/31/2018,C&M-PMS QOF Aspiration,PRC DELEGATED CO-COMMISSIONING,DR M PATEL,22109050,"3,662.20 ",,SLF000018179
Department of Health,NHS Trafford CCG,5/31/2018,C&M-GMS Global Sum,PRC DELEGATED CO-COMMISSIONING,DR L GILL & DR M A KHAN,22109052,"37,035.03 ",,SLF000018181
Department of Health,NHS Trafford CCG,5/31/2018,C&M-GMS Prem Notional Rent,PRC DELEGATED CO-COMMISSIONING,DR L GILL & DR M A KHAN,22109052,"3,216.66 ",,SLF000018181
Department of Health,NHS Trafford CCG,5/31/2018,C&M-GMS QOF Aspiration,PRC DELEGATED CO-COMMISSIONING,DR L GILL & DR M A KHAN,22109052,"4,175.19 ",,SLF000018181
Department of Health,NHS Trafford CCG,5/31/2018,C&M-GMS DES Learn Dsblty Hlth Chk,PRC DELEGATED CO-COMMISSIONING,DR P A JACKSON & PARTNERS,22109054,280.00 ,,SLF000018183
Department of Health,NHS Trafford CCG,5/31/2018,C&M-GMS Global Sum,PRC DELEGATED CO-COMMISSIONING,DR P A JACKSON & PARTNERS,22109054,"105,799.47 ",,SLF000018183
Department of Health,NHS Trafford CCG,5/31/2018,C&M-GMS MPIG Correction Factor,PRC DELEGATED CO-COMMISSIONING,DR P A JACKSON & PARTNERS,22109054,"1,184.11 ",,SLF000018183
Department of Health,NHS Trafford CCG,5/31/2018,C&M-GMS PCO Locum Adop/Pat/Mat,PRC DELEGATED CO-COMMISSIONING,DR P A JACKSON & PARTNERS,22109054,"30,247.52 ",,SLF000018183
Department of Health,NHS Trafford CCG,5/31/2018,C&M-GMS Prem Rates,PRC DELEGATED CO-COMMISSIONING,DR P A JACKSON & PARTNERS,22109054,"34,188.46 ",,SLF000018183
Department of Health,NHS Trafford CCG,5/31/2018,C&M-GMS QOF Aspiration,PRC DELEGATED CO-COMMISSIONING,DR P A JACKSON & PARTNERS,22109054,"13,545.11 ",,SLF000018183
Department of Health,NHS Trafford CCG,5/31/2018,ME - GMS GP Prior Year ERs,PRC DELEGATED CO-COMMISSIONING,DR P A JACKSON & PARTNERS,22109054,765.55 ,,SLF000018183
Department of Health,NHS Trafford CCG,5/31/2018,ME-GMS GP Prior Year AVCs,PRC DELEGATED CO-COMMISSIONING,DR P A JACKSON & PARTNERS,22109054,294.43 ,,SLF000018183
Department of Health,NHS Trafford CCG,5/31/2018,ME-GMS GP Prior Year EEs,PRC DELEGATED CO-COMMISSIONING,DR P A JACKSON & PARTNERS,22109054,722.68 ,,SLF000018183
Department of Health,NHS Trafford CCG,5/31/2018,C&M-GMS DES Minor Surgery,PRC DELEGATED CO-COMMISSIONING,DR P M A SIMPSON & PARTNERS,22109056,352.00 ,,SLF000018185
Department of Health,NHS Trafford CCG,5/31/2018,C&M-GMS Global Sum,PRC DELEGATED CO-COMMISSIONING,DR P M A SIMPSON & PARTNERS,22109056,"58,286.59 ",,SLF000018185
Department of Health,NHS Trafford CCG,5/31/2018,C&M-GMS QOF Aspiration,PRC DELEGATED CO-COMMISSIONING,DR P M A SIMPSON & PARTNERS,22109056,"5,763.91 ",,SLF000018185
Department of Health,NHS Trafford CCG,5/31/2018,C&M-GMS Global Sum,PRC DELEGATED CO-COMMISSIONING,DR MS PRODHAN & PARTNER SEYMOUR GROVE,22109058,"29,944.13 ",,SLF000018187
Department of Health,NHS Trafford CCG,5/31/2018,C&M-GMS MPIG Correction Factor,PRC DELEGATED CO-COMMISSIONING,DR MS PRODHAN & PARTNER SEYMOUR GROVE,22109058,360.09 ,,SLF000018187
Department of Health,NHS Trafford CCG,5/31/2018,C&M-GMS QOF Aspiration,PRC DELEGATED CO-COMMISSIONING,DR MS PRODHAN & PARTNER SEYMOUR GROVE,22109058,"3,148.02 ",,SLF000018187
Department of Health,NHS Trafford CCG,5/31/2018,C&M-PMS Contract Value,PRC DELEGATED CO-COMMISSIONING,DR MS PRODHAN & PARTNER STATION ROAD,22109060,"43,533.78 ",,SLF000018189
Department of Health,NHS Trafford CCG,5/31/2018,C&M-PMS Prem Notional Rent,PRC DELEGATED CO-COMMISSIONING,DR MS PRODHAN & PARTNER STATION ROAD,22109060,"3,000.00 ",,SLF000018189
Department of Health,NHS Trafford CCG,5/31/2018,C&M-PMS QOF Aspiration,PRC DELEGATED CO-COMMISSIONING,DR MS PRODHAN & PARTNER STATION ROAD,22109060,"5,048.40 ",,SLF000018189
Department of Health,NHS Trafford CCG,5/31/2018,C&M-GMS Global Sum,PRC DELEGATED CO-COMMISSIONING,DR S J FARHAN & PARTNER,22109062,"29,219.50 ",,SLF000018191
Department of Health,NHS Trafford CCG,5/31/2018,C&M-GMS MPIG Correction Factor,PRC DELEGATED CO-COMMISSIONING,DR S J FARHAN & PARTNER,22109062,52.14 ,,SLF000018191
Department of Health,NHS Trafford CCG,5/31/2018,C&M-GMS Prem Healthcentre Rent,PRC DELEGATED CO-COMMISSIONING,DR S J FARHAN & PARTNER,22109062,129.19 ,,SLF000018191
Department of Health,NHS Trafford CCG,5/31/2018,C&M-GMS QOF Aspiration,PRC DELEGATED CO-COMMISSIONING,DR S J FARHAN & PARTNER,22109062,"3,724.99 ",,SLF000018191
Department of Health,NHS Trafford CCG,5/31/2018,C&M-PMS Contract Value,PRC DELEGATED CO-COMMISSIONING,DR S A JOHNSTON,22109064,"22,686.92 ",,SLF000018193
Department of Health,NHS Trafford CCG,5/31/2018,C&M-PMS Funding Differential Review,PRC DELEGATED CO-COMMISSIONING,DR S A JOHNSTON,22109064,210.05 ,,SLF000018193
Department of Health,NHS Trafford CCG,5/31/2018,C&M-PMS Prem Notional Rent,PRC DELEGATED CO-COMMISSIONING,DR S A JOHNSTON,22109064,"1,258.33 ",,SLF000018193
Department of Health,NHS Trafford CCG,5/31/2018,C&M-PMS QOF Aspiration,PRC DELEGATED CO-COMMISSIONING,DR S A JOHNSTON,22109064,"2,102.76 ",,SLF000018193
Department of Health,NHS Trafford CCG,5/31/2018,C&M-GMS Global Sum,PRC DELEGATED CO-COMMISSIONING,DRS JENNINGS & PARTNERS,22109068,"44,478.46 ",,SLF000018199
Department of Health,NHS Trafford CCG,5/31/2018,C&M-GMS MPIG Correction Factor,PRC DELEGATED CO-COMMISSIONING,DRS JENNINGS & PARTNERS,22109068,728.74 ,,SLF000018199
Department of Health,NHS Trafford CCG,5/31/2018,C&M-GMS QOF Aspiration,PRC DELEGATED CO-COMMISSIONING,DRS JENNINGS & PARTNERS,22109068,"4,580.10 ",,SLF000018199
Department of Health,NHS Trafford CCG,5/31/2018,C&M-PMS Contract Value,PRC DELEGATED CO-COMMISSIONING,DRS KELMAN CRANSTON & NAYLOR,22109070,"52,758.52 ",,SLF000018201
Department of Health,NHS Trafford CCG,5/31/2018,C&M-PMS DES Minor Surgery,PRC DELEGATED CO-COMMISSIONING,DRS KELMAN CRANSTON & NAYLOR,22109070,776.00 ,,SLF000018201
Department of Health,NHS Trafford CCG,5/31/2018,C&M-PMS Prem Notional Rent,PRC DELEGATED CO-COMMISSIONING,DRS KELMAN CRANSTON & NAYLOR,22109070,"4,950.00 ",,SLF000018201
Department of Health,NHS Trafford CCG,5/31/2018,C&M-PMS QOF Aspiration,PRC DELEGATED CO-COMMISSIONING,DRS KELMAN CRANSTON & NAYLOR,22109070,"4,524.62 ",,SLF000018201
Department of Health,NHS Trafford CCG,5/31/2018,C&M-PMS Contract Value,PRC DELEGATED CO-COMMISSIONING,DRS MARCHI & FRIER,22109072,"57,814.54 ",,SLF000018203
Department of Health,NHS Trafford CCG,5/31/2018,C&M-PMS DES Learn Dsblty Hlth Chk,PRC DELEGATED CO-COMMISSIONING,DRS MARCHI & FRIER,22109072,140.00 ,,SLF000018203
Department of Health,NHS Trafford CCG,5/31/2018,C&M-PMS Funding Differential Review,PRC DELEGATED CO-COMMISSIONING,DRS MARCHI & FRIER,22109072,630.86 ,,SLF000018203
Department of Health,NHS Trafford CCG,5/31/2018,C&M-PMS QOF Aspiration,PRC DELEGATED CO-COMMISSIONING,DRS MARCHI & FRIER,22109072,"6,739.13 ",,SLF000018203
Department of Health,NHS Trafford CCG,5/31/2018,C&M-PMS Contract Value,PRC DELEGATED CO-COMMISSIONING,DR WILSON & PARTNERS MANCHESTER,22109074,"88,346.73 ",,SLF000018205
Department of Health,NHS Trafford CCG,5/31/2018,C&M-PMS Funding Differential Review,PRC DELEGATED CO-COMMISSIONING,DR WILSON & PARTNERS MANCHESTER,22109074,"1,122.48 ",,SLF000018205
Department of Health,NHS Trafford CCG,5/31/2018,C&M-PMS QOF Aspiration,PRC DELEGATED CO-COMMISSIONING,DR WILSON & PARTNERS MANCHESTER,22109074,"10,295.05 ",,SLF000018205
Department of Health,NHS Trafford CCG,5/31/2018,C&M-PMS Contract Value,PRC DELEGATED CO-COMMISSIONING,DRS CLARE & WATSON,22109076,"35,834.98 ",,SLF000018207
Department of Health,NHS Trafford CCG,5/31/2018,C&M-PMS DES Learn Dsblty Hlth Chk,PRC DELEGATED CO-COMMISSIONING,DRS CLARE & WATSON,22109076,"1,540.00 ",,SLF000018207
Department of Health,NHS Trafford CCG,5/31/2018,C&M-PMS List Size Adjustment,PRC DELEGATED CO-COMMISSIONING,DRS CLARE & WATSON,22109076,"2,904.00 ",,SLF000018207
Department of Health,NHS Trafford CCG,5/31/2018,C&M-PMS Prem Notional Rent,PRC DELEGATED CO-COMMISSIONING,DRS CLARE & WATSON,22109076,"2,091.67 ",,SLF000018207
Department of Health,NHS Trafford CCG,5/31/2018,C&M-PMS Prem Rates,PRC DELEGATED CO-COMMISSIONING,DRS CLARE & WATSON,22109076,"8,752.87 ",,SLF000018207
Department of Health,NHS Trafford CCG,5/31/2018,C&M-PMS QOF Aspiration,PRC DELEGATED CO-COMMISSIONING,DRS CLARE & WATSON,22109076,"3,810.79 ",,SLF000018207
Department of Health,NHS Trafford CCG,5/31/2018,C&M-PMS Contract Value,PRC DELEGATED CO-COMMISSIONING,GROVE MEDICAL PRACTICE,22109078,"46,933.97 ",,SLF000018209
Department of Health,NHS Trafford CCG,5/31/2018,C&M-PMS DES Learn Dsblty Hlth Chk,PRC DELEGATED CO-COMMISSIONING,GROVE MEDICAL PRACTICE,22109078,"1,400.00 ",,SLF000018209
Department of Health,NHS Trafford CCG,5/31/2018,C&M-PMS QOF Aspiration,PRC DELEGATED CO-COMMISSIONING,GROVE MEDICAL PRACTICE,22109078,"3,991.35 ",,SLF000018209
Department of Health,NHS Trafford CCG,5/31/2018,C&M-GMS DES Minor Surgery,PRC DELEGATED CO-COMMISSIONING,NORTH TRAFFORD GROUP PRACTICE,22109080,780.00 ,,SLF000018211
Department of Health,NHS Trafford CCG,5/31/2018,C&M-GMS Global Sum,PRC DELEGATED CO-COMMISSIONING,NORTH TRAFFORD GROUP PRACTICE,22109080,"64,386.86 ",,SLF000018211
Department of Health,NHS Trafford CCG,5/31/2018,C&M-GMS Prem Notional Rent,PRC DELEGATED CO-COMMISSIONING,NORTH TRAFFORD GROUP PRACTICE,22109080,"3,077.00 ",,SLF000018211
Department of Health,NHS Trafford CCG,5/31/2018,C&M-GMS Prem Rates,PRC DELEGATED CO-COMMISSIONING,NORTH TRAFFORD GROUP PRACTICE,22109080,"7,560.00 ",,SLF000018211
Department of Health,NHS Trafford CCG,5/31/2018,C&M-GMS Prem Water Rates,PRC DELEGATED CO-COMMISSIONING,NORTH TRAFFORD GROUP PRACTICE,22109080,226.51 ,,SLF000018211
Department of Health,NHS Trafford CCG,5/31/2018,C&M-GMS QOF Aspiration,PRC DELEGATED CO-COMMISSIONING,NORTH TRAFFORD GROUP PRACTICE,22109080,"6,923.94 ",,SLF000018211
Department of Health,NHS Trafford CCG,5/31/2018,C&M-PMS Contract Value,PRC DELEGATED CO-COMMISSIONING,PARK MEDICAL PRACTICE ALTRINCHAM,22109082,"42,473.92 ",,SLF000018213
Department of Health,NHS Trafford CCG,5/31/2018,C&M-PMS Prem Notional Rent,PRC DELEGATED CO-COMMISSIONING,PARK MEDICAL PRACTICE ALTRINCHAM,22109082,"4,720.83 ",,SLF000018213
Department of Health,NHS Trafford CCG,5/31/2018,C&M-PMS Prem Rates,PRC DELEGATED CO-COMMISSIONING,PARK MEDICAL PRACTICE ALTRINCHAM,22109082,"23,640.00 ",,SLF000018213
Department of Health,NHS Trafford CCG,5/31/2018,C&M-PMS Prem Water Rates,PRC DELEGATED CO-COMMISSIONING,PARK MEDICAL PRACTICE ALTRINCHAM,22109082,"1,312.94 ",,SLF000018213
Department of Health,NHS Trafford CCG,5/31/2018,C&M-PMS QOF Aspiration,PRC DELEGATED CO-COMMISSIONING,PARK MEDICAL PRACTICE ALTRINCHAM,22109082,"4,359.29 ",,SLF000018213
Department of Health,NHS Trafford CCG,5/31/2018,C&M-APMS Contract KPIs,PRC DELEGATED CO-COMMISSIONING,TRAFFORD HEALTH CENTRE,22109084,"42,498.78 ",,SLF000018215
Department of Health,NHS Trafford CCG,5/31/2018,C&M-PMS QOF Aspiration,PRC DELEGATED CO-COMMISSIONING,TRAFFORD HEALTH CENTRE,22109084,"3,535.46 ",,SLF000018215
Department of Health,NHS Trafford CCG,5/31/2018,C&M-GMS DES Minor Surgery,PRC DELEGATED CO-COMMISSIONING,WEST TIMPERLEY MEDICAL CENTRE,22109086,"3,160.00 ",,SLF000018217
Department of Health,NHS Trafford CCG,5/31/2018,C&M-GMS Global Sum,PRC DELEGATED CO-COMMISSIONING,WEST TIMPERLEY MEDICAL CENTRE,22109086,"54,270.03 ",,SLF000018217
Department of Health,NHS Trafford CCG,5/31/2018,C&M-GMS MPIG Correction Factor,PRC DELEGATED CO-COMMISSIONING,WEST TIMPERLEY MEDICAL CENTRE,22109086,613.08 ,,SLF000018217
Department of Health,NHS Trafford CCG,5/31/2018,C&M-GMS QOF Aspiration,PRC DELEGATED CO-COMMISSIONING,WEST TIMPERLEY MEDICAL CENTRE,22109086,"5,233.44 ",,SLF000018217
Department of Health,NHS Trafford CCG,5/31/2018,ME - GMS GP Prior Year ERs,PRC DELEGATED CO-COMMISSIONING,WEST TIMPERLEY MEDICAL CENTRE,22109086,312.46 ,,SLF000018217
Department of Health,NHS Trafford CCG,5/31/2018,ME-GMS GP Prior Year EEs,PRC DELEGATED CO-COMMISSIONING,WEST TIMPERLEY MEDICAL CENTRE,22109086,203.21 ,,SLF000018217
Department of Health,NHS Trafford CCG,5/31/2018,C&M-GMS DES Minor Surgery,PRC DELEGATED CO-COMMISSIONING,BROOKS BAR MEDICAL CENTRE,22109088,88.00 ,,SLF000018219
Department of Health,NHS Trafford CCG,5/31/2018,C&M-GMS Global Sum,PRC DELEGATED CO-COMMISSIONING,BROOKS BAR MEDICAL CENTRE,22109088,"38,496.30 ",,SLF000018219
Department of Health,NHS Trafford CCG,5/31/2018,C&M-GMS MPIG Correction Factor,PRC DELEGATED CO-COMMISSIONING,BROOKS BAR MEDICAL CENTRE,22109088,484.19 ,,SLF000018219
Department of Health,NHS Trafford CCG,5/31/2018,C&M-GMS Prem Notional Rent,PRC DELEGATED CO-COMMISSIONING,BROOKS BAR MEDICAL CENTRE,22109088,"3,423.17 ",,SLF000018219
Department of Health,NHS Trafford CCG,5/31/2018,C&M-GMS QOF Aspiration,PRC DELEGATED CO-COMMISSIONING,BROOKS BAR MEDICAL CENTRE,22109088,"4,099.50 ",,SLF000018219
Department of Health,NHS Trafford CCG,5/31/2018,Miscellaneous Expenditure (L9),PRIMARY CARE DEVELOPMENT,TRAFFORD COUNCIL,22114471,"1,082,992.00 ",149191256,1800245456
Department of Health,NHS Trafford CCG,5/31/2018,C&M-APMS IT Comm Servs-GP Practices,FINANCE,NHS OLDHAM CCG,22114473,869.00 ,,7011703922
Department of Health,NHS Trafford CCG,5/31/2018,C&M-GMS IT Comm Servs -GP Practices,FINANCE,NHS OLDHAM CCG,22114473,"51,731.00 ",,7011703922
Department of Health,NHS Trafford CCG,5/31/2018,C&M-PMS IT Comm Servs -GP Practices,FINANCE,NHS OLDHAM CCG,22114473,"25,027.00 ",,7011703922
Department of Health,NHS Trafford CCG,5/31/2018,C&M-GMS DES Learn Dsblty Hlth Chk,PRC DELEGATED CO-COMMISSIONING,DR A KAYE & PARTNERS,22127929,"1,120.00 ",,SLF000018163
Department of Health,NHS Trafford CCG,5/31/2018,C&M-GMS DES Minor Surgery,PRC DELEGATED CO-COMMISSIONING,DR A KAYE & PARTNERS,22127929,"2,028.00 ",,SLF000018163
Department of Health,NHS Trafford CCG,5/31/2018,C&M-GMS Global Sum,PRC DELEGATED CO-COMMISSIONING,DR A KAYE & PARTNERS,22127929,"84,381.84 ",,SLF000018163
Department of Health,NHS Trafford CCG,5/31/2018,C&M-GMS QOF Aspiration,PRC DELEGATED CO-COMMISSIONING,DR A KAYE & PARTNERS,22127929,"12,418.82 ",,SLF000018163
Department of Health,NHS Trafford CCG,5/31/2018,ME-GMS GP Pension AVCs,PRC DELEGATED CO-COMMISSIONING,DR A KAYE & PARTNERS,22127929,"2,743.95 ",,SLF000018163
Department of Health,NHS Trafford CCG,5/31/2018,ME-GMS GP Pension EEs Adjustments,PRC DELEGATED CO-COMMISSIONING,DR A KAYE & PARTNERS,22127929,"13,226.26 ",,SLF000018163
Department of Health,NHS Trafford CCG,5/31/2018,ME-GMS GP Pension ERs Adjustments,PRC DELEGATED CO-COMMISSIONING,DR A KAYE & PARTNERS,22127929,"14,857.06 ",,SLF000018163
Department of Health,NHS Trafford CCG,5/31/2018,C&M-GMS Global Sum,PRC DELEGATED CO-COMMISSIONING,DR R D J ARCHER & PARTNER,22127930,"41,827.59 ",,SLF000018195
Department of Health,NHS Trafford CCG,5/31/2018,C&M-GMS Prem Actual Rent,PRC DELEGATED CO-COMMISSIONING,DR R D J ARCHER & PARTNER,22127930,"5,599.96 ",,SLF000018195
Department of Health,NHS Trafford CCG,5/31/2018,C&M-GMS Prem Notional Rent,PRC DELEGATED CO-COMMISSIONING,DR R D J ARCHER & PARTNER,22127930,"4,305.00 ",,SLF000018195
Department of Health,NHS Trafford CCG,5/31/2018,C&M-GMS QOF Aspiration,PRC DELEGATED CO-COMMISSIONING,DR R D J ARCHER & PARTNER,22127930,"3,810.78 ",,SLF000018195
Department of Health,NHS Trafford CCG,5/31/2018,C&M-PMS Contract Value,PRC DELEGATED CO-COMMISSIONING,DR S KAUR & PARTNERS,22127931,"45,945.80 ",,SLF000018197
Department of Health,NHS Trafford CCG,5/31/2018,C&M-PMS List Size Adjustment,PRC DELEGATED CO-COMMISSIONING,DR S KAUR & PARTNERS,22127931,"7,672.00 ",,SLF000018197
Department of Health,NHS Trafford CCG,5/31/2018,C&M-PMS Prem Notional Rent,PRC DELEGATED CO-COMMISSIONING,DR S KAUR & PARTNERS,22127931,"3,383.33 ",,SLF000018197
Department of Health,NHS Trafford CCG,5/31/2018,C&M-PMS QOF Aspiration,PRC DELEGATED CO-COMMISSIONING,DR S KAUR & PARTNERS,22127931,"4,409.07 ",,SLF000018197
Department of Health,NHS Trafford CCG,5/31/2018,Clinical&Medical-Independent Sector,ACUTE COMMISSIONING,MANCHESTER SURGICAL SERVICES,22156812,"85,380.04 ",,4490
Department of Health,NHS Trafford CCG,5/31/2018,Cont Care-Funded Nursing Care Allow,FUNDED NURSING CARE,MARIA MALLABAND CARE GROUP LTD,22170003,"27,040.84 ",,AI006298TOAI006323
Department of Health,NHS Trafford CCG,5/31/2018,Cont Care-Mental Health (65+),CHC ADULT FULLY FUNDED,MARIA MALLABAND CARE GROUP LTD,22170003,"3,542.86 ",,AI006298TOAI006323
Department of Health,NHS Trafford CCG,5/31/2018,Cont Care-Physical Disab (65+),CHC ADULT FULLY FUNDED,MARIA MALLABAND CARE GROUP LTD,22170003,"3,542.86 ",,AI006298TOAI006323
Department of Health,NHS Trafford CCG,5/31/2018,Hlthcre-Foundation Trsts,COMMUNITY SERVICES,PENNINE CARE NHS FOUNDATION TRUST,22170007,"2,013,304.00 ",,1010028752
Department of Health,NHS Trafford CCG,5/31/2018,Hlthcre-Foundation Trsts,COMMUNITY SERVICES,PENNINE CARE NHS FOUNDATION TRUST,22170010,"27,950.00 ",,1010028754
Department of Health,NHS Trafford CCG,5/31/2018,Computer Software/License,PRIMARY CARE DEVELOPMENT,TRAFFORD PRIMARY HEALTH LTD,22181157,"39,900.00 ",,WEBSITE
Department of Health,NHS Trafford CCG,5/31/2018,Apprenticeship Levy Payable,BALANCE SHEET,HMRC,22202942,521.00 ,,120PZ005750921901
Department of Health,NHS Trafford CCG,5/31/2018,Income tax <1Yr,BALANCE SHEET,HMRC,22202942,"68,488.70 ",,120PZ005750921901
Department of Health,NHS Trafford CCG,5/31/2018,Income tax <1Yr-Student Loans,BALANCE SHEET,HMRC,22202942,"1,275.00 ",,120PZ005750921901
Department of Health,NHS Trafford CCG,5/31/2018,National Insurance < 1 yr-NI- ERS,BALANCE SHEET,HMRC,22202942,"39,635.42 ",,120PZ005750921901
Department of Health,NHS Trafford CCG,5/31/2018,National Insurance < 1 yr-NI-EES,BALANCE SHEET,HMRC,22202942,"24,060.11 ",,120PZ005750921901
Department of Health,NHS Trafford CCG,5/31/2018,Cont Care-Mental Health (65+),CHC ADULT FULLY FUNDED,MARIA MALLABAND CARE GROUP LTD,22227225,"7,071.43 ",,AI006485TOAI006492
Department of Health,NHS Trafford CCG,5/31/2018,Cont Care-Physical Disab (65+),CHC ADULT FULLY FUNDED,MARIA MALLABAND CARE GROUP LTD,22227225,"19,178.59 ",,AI006485TOAI006492
Department of Health,NHS Trafford CCG,5/31/2018,Cont Care-Physical Disab (<65),CHC ADULT FULLY FUNDED,MARIA MALLABAND CARE GROUP LTD,22227225,"3,642.86 ",,AI006485TOAI006492
Department of Health,NHS Trafford CCG,5/31/2018,Clinical&Medical-Independent Sector,ACUTE COMMISSIONING,OAKLANDS HOSPITAL,22227246,"35,455.98 ",GB 426505170,1550518
Department of Health,NHS Trafford CCG,5/31/2018,Hlthcre-Foundation Trsts,MENTAL HEALTH CONTRACTS,GREATER MANCHESTER MENTAL HEALTH NHS FOUNDATION TRUST,22258021,"1,529,136.64 ",GB654929594,0000028006
Department of Health,NHS Trafford CCG,5/31/2018,Accruals <1Yr-HOT Drawdown,BALANCE SHEET,NHS BOLTON CCG,22291386,"28,068.05 ",,HOSSETTLEMEMT17/18
Department of Health,NHS Trafford CCG,5/31/2018,Accruals <1Yr-HOT Drawdown,BALANCE SHEET,NHS STOCKPORT CCG,22291389,"25,515.23 ",,HOSSETTLEMEMT17/18
Department of Health,NHS Trafford CCG,5/31/2018,Accruals <1Yr-HOT Drawdown,BALANCE SHEET,NHS TAMESIDE AND GLOSSOP CCG,22291390,"44,256.87 ",,HOSSETTLEMEMT17/18
Department of Health,NHS Trafford CCG,5/31/2018,Accruals <1Yr-HOT Drawdown,BALANCE SHEET,NHS SALFORD CCG,22291392,"25,307.88 ",,H0SSETTLEMENT17/18
Department of Health,NHS Trafford CCG,5/31/2018,Accruals <1Yr-HOT Drawdown,BALANCE SHEET,NHS NORTH CUMBRIA CCG,22291393,"43,420.53 ",,H0SSETTLEMENT17/18
Department of Health,NHS Trafford CCG,5/31/2018,Accruals <1Yr-HOT Drawdown,BALANCE SHEET,NHS MANCHESTER CCG,22291394,"51,156.05 ",,H0SSETTLEMENT17/18
Department of Health,NHS Trafford CCG,5/31/2018,Accruals <1Yr-HOT Drawdown,BALANCE SHEET,NHS EAST LANCASHIRE CCG,22291397,"37,239.55 ",654450733,H0SSETTLEMENT17/18
Department of Health,NHS Trafford CCG,5/31/2018,Accruals <1Yr-HOT Drawdown,BALANCE SHEET,NHS WIRRAL CCG,22291399,"38,309.89 ",,H0SSETTLEMENT17/18
Department of Health,NHS Trafford CCG,5/31/2018,Accruals <1Yr-HOT Drawdown,BALANCE SHEET,TRAFFORD HEALTH CENTRE,22291668,"127,496.35 ",,NOINV7338
Department of Health,NHS Trafford CCG,5/31/2018,Clinical&Medical-Othe Public Sector,LEARNING DIFFICULTIES,TRAFFORD COUNCIL,22306470,"122,903.00 ",149191256,1800243748
Department of Health,NHS Trafford CCG,5/31/2018,Hlthcre-Foundation Trsts,COMMUNITY SERVICES,PENNINE CARE NHS FOUNDATION TRUST,22306547,"(38,000.00)",,2304
Department of Health,NHS Trafford CCG,5/31/2018,Clinical&Medical-Othe Public Sector,MENTAL HEALTH SERVICES - OTHER,AGE UK TRAFFORD,22336250,"25,000.00 ",,62019
Department of Health,NHS Trafford CCG,5/31/2018,Hlthcre-Foundation Trsts,COMMUNITY SERVICES,PENNINE CARE NHS FOUNDATION TRUST,22349370,"38,000.00 ",,1010020823
Department of Health,NHS Trafford CCG,5/31/2018,Seconded-Basic Sal-Staff fm oth org,ADMIN PROJECTS,CHRISTIE HOSPITAL NHS FOUNDATION TRUST,22349371,"203,280.00 ",,28636
Department of Health,NHS Trafford CCG,5/31/2018,Seconded-Basic Sal-Staff fm oth org,ADMIN PROJECTS,CHRISTIE HOSPITAL NHS FOUNDATION TRUST,22349372,"29,040.00 ",,28820
Department of Health,NHS Trafford CCG,5/31/2018,Seconded-Basic Sal-Staff fm oth org,ADMIN PROJECTS,CHRISTIE HOSPITAL NHS FOUNDATION TRUST,22349375,"29,040.00 ",,29049
Department of Health,NHS Trafford CCG,5/31/2018,Seconded-Basic Sal-Staff fm oth org,ADMIN PROJECTS,CHRISTIE HOSPITAL NHS FOUNDATION TRUST,22349377,"29,040.00 ",,29305
Department of Health,NHS Trafford CCG,5/31/2018,Seconded-Basic Sal-Staff fm oth org,ADMIN PROJECTS,CHRISTIE HOSPITAL NHS FOUNDATION TRUST,22349378,"29,040.00 ",,29546
Department of Health,NHS Trafford CCG,5/31/2018,Seconded-Basic Sal-Staff fm oth org,ADMIN PROJECTS,CHRISTIE HOSPITAL NHS FOUNDATION TRUST,22349379,"29,040.00 ",,29563
Department of Health,NHS Trafford CCG,5/31/2018,Clinical&Medical-Voluntary Sector,MENTAL HEALTH SERVICES - OTHER,SELF HELP SERVICES,22349394,"28,937.50 ",,0000000624
Department of Health,NHS Trafford CCG,5/31/2018,Clinical&Medical-Independent Sector,COMMUNITY SERVICES,CONCORDIA SPECIALIST CARE SERVICES,22349406,"48,627.44 ",143786783,TRAFFORDMAR18
Department of Health,NHS Trafford CCG,5/31/2018,Clinical&Medical-Independent Sector,ACUTE COMMISSIONING,INHEALTH CATS LTD,22349418,"39,369.36 ",,CATIN000304
Department of Health,NHS Trafford CCG,5/31/2018,Clinical&Medical-Independent Sector,ACUTE COMMISSIONING,OPTEGRA MANCHESTER,22349449,"47,569.53 ",938297867,1040006528
Department of Health,NHS Trafford CCG,5/31/2018,Clinical&Medical-Independent Sector,ACUTE COMMISSIONING,OPTEGRA MANCHESTER,22349454,"58,188.91 ",938297867,1040006229
Department of Health,NHS Trafford CCG,5/31/2018,Clinical&Medical-Independent Sector,COMMUNITY SERVICES,CONCORDIA SPECIALIST CARE SERVICES,22349462,"41,255.20 ",143786783,TRAFFORDAPR18
Department of Health,NHS Trafford CCG,5/31/2018,Clinical&Medical-Clinical Other,PRIMARY CARE DEVELOPMENT,PENNINE CARE NHS FOUNDATION TRUST,22426173,"30,000.00 ",,1010028574
Department of Health,NHS Trafford CCG,5/31/2018,C&M-APMS OOH Opt Outs,OUT OF HOURS,MASTERCALL HEALTHCARE,22426176,"35,718.06 ",,7337
Department of Health,NHS Trafford CCG,5/31/2018,Hlthcre-Foundation Trsts,COMMUNITY SERVICES,PENNINE CARE NHS FOUNDATION TRUST,22426191,"146,065.00 ",,1010028805
Department of Health,NHS Trafford CCG,5/31/2018,Hlthcre-Foundation Trsts,ACUTE COMMISSIONING,MANCHESTER UNIVERSITY NHS FOUNDATION TRUST,22436250,"13,064,333.33 ",654415538,0000400022
,,,,,,,,,
