Department family,Entity,Date,Expense Type,Expense area,Supplier,Transaction number,AP Amount (�),VAT registration number,Purchase invoice number
Department of Health,NHS Coventry And Rugby CCG,2/28/2019,Clinical&Medical-Independent Sector,Mental Health Services - S117 Mental Health,ACCOMPLISH,26002402,"63,116.00 ",,SGN0006073
Department of Health,NHS Coventry And Rugby CCG,2/28/2019,C&M-GMS Global Sum,PRC DELEGATED CO-COMMISSIONING,ALLESLEY VILLAGE SURGERY,26015013,"34,021.23 ",,COV000017365
Department of Health,NHS Coventry And Rugby CCG,2/28/2019,Clinical&Medical-Independent Sector,COMMUNITY SERVICES,ARJO UK LTD,26067889,"91,014.60 ",GB382474630,3391343291
Department of Health,NHS Coventry And Rugby CCG,2/28/2019,C&M-APMS LES COPD,ACUTE COMMISSIONING,ATRIUM HEALTH LTD,26085773,"26,062.02 ",,1022
Department of Health,NHS Coventry And Rugby CCG,2/28/2019,C&M-GMS Global Sum,PRC DELEGATED CO-COMMISSIONING,BARR LANE SURGERY,25998198,"55,383.18 ",,WA000025291
Department of Health,NHS Coventry And Rugby CCG,2/28/2019,C&M-GMS Cost of Drugs -Dispensing,LOCAL ENHANCED SERVICES,BARR LANE SURGERY,26120083,"95,915.79 ",,WA000025499
Department of Health,NHS Coventry And Rugby CCG,2/28/2019,C&M-GMS Global Sum,PRC DELEGATED CO-COMMISSIONING,BENNFIELD SURGERY,25998196,"55,529.96 ",,WA000025289
Department of Health,NHS Coventry And Rugby CCG,2/28/2019,Hcare Srv Rec Fdtn Trust-Contract Baseline,ACUTE COMMISSIONING,BIRMINGHAM WOMENS AND CHILDRENS NHS FOUNDATION TRUST,25905201,"61,850.25 ",654964300,15710199
Department of Health,NHS Coventry And Rugby CCG,2/28/2019,Clinical&Medical-Independent Sector,ACUTE COMMISSIONING,BMI HEALTHCARE LTD,25813627,"327,863.64 ",GB235134980,0000103519
Department of Health,NHS Coventry And Rugby CCG,2/28/2019,C&M-PMS Contract Value,PRC DELEGATED CO-COMMISSIONING,BROAD LANE SURGERY,26000357,"25,786.62 ",,COV000017383
Department of Health,NHS Coventry And Rugby CCG,2/28/2019,C&M-GMS Global Sum,PRC DELEGATED CO-COMMISSIONING,BROOKSIDE SURGERY,25998200,"28,754.38 ",,WA000025293
Department of Health,NHS Coventry And Rugby CCG,2/28/2019,C&M-GMS Cost of Drugs -Dispensing,LOCAL ENHANCED SERVICES,BROOKSIDE SURGERY,26120085,"64,685.34 ",,WA000025501
Department of Health,NHS Coventry And Rugby CCG,2/28/2019,C&M-APMS Contract Value,PRC DELEGATED CO-COMMISSIONING,BROWNSOVER MEDICAL PRACTICE,26015010,"39,661.33 ",,WA000025310
Department of Health,NHS Coventry And Rugby CCG,2/28/2019,Clinical&Medical-Independent Sector,OUT OF HOURS,CARE UK (URGENT CARE) LTD,26067885,"264,162.50 ",,100086989
Department of Health,NHS Coventry And Rugby CCG,2/28/2019,C&M-GMS Global Sum,PRC DELEGATED CO-COMMISSIONING,CENTRAL SURGERY RUGBY,25998202,"134,341.64 ",,WA000025295
Department of Health,NHS Coventry And Rugby CCG,2/28/2019,C&M-GMS Global Sum,PRC DELEGATED CO-COMMISSIONING,CLIFTON ROAD SURGERY,25998204,"95,986.48 ",,WA000025297
Department of Health,NHS Coventry And Rugby CCG,2/28/2019,C&M-GMS Practice Transformational Support,LOCAL ENHANCED SERVICES,CLIFTON ROAD SURGERY GP CLUSTER ACCOUNT,25981034,"89,470.00 ",,CLTRAN021906
Department of Health,NHS Coventry And Rugby CCG,2/28/2019,Hcare Srv Rec NHS Trust-Contract Variation,COMMUNITY SERVICES,COVENTRY AND WARWICKSHIRE PARTNERSHIP NHS TRUST,25808004,"33,250.00 ",654438521,FEB19SLA02
Department of Health,NHS Coventry And Rugby CCG,2/28/2019,Miscellaneous Expenditure (L9),COMMUNITY SERVICES,COVENTRY AND WARWICKSHIRE PARTNERSHIP NHS TRUST,26067723,"35,000.00 ",654438521,0000033621
Department of Health,NHS Coventry And Rugby CCG,2/28/2019,Hcare Srv Rec NHS Trust-Contract Variation,COMMUNITY SERVICES,COVENTRY AND WARWICKSHIRE PARTNERSHIP NHS TRUST,25808007,"35,227.00 ",654438521,FEB19SLA04
Department of Health,NHS Coventry And Rugby CCG,2/28/2019,Clinical&Medical-Serv Recd-NHS Trst,MENTAL HEALTH CONTRACTS,COVENTRY AND WARWICKSHIRE PARTNERSHIP NHS TRUST,26067799,"40,046.75 ",654438521,0000034478
Department of Health,NHS Coventry And Rugby CCG,2/28/2019,Clinical&Medical-Independent Sector,MENTAL HEALTH CONTRACTS,COVENTRY AND WARWICKSHIRE PARTNERSHIP NHS TRUST,26102323,"52,322.00 ",654438521,0000034292
Department of Health,NHS Coventry And Rugby CCG,2/28/2019,Clinical&Medical-Serv Recd-NHS Trst,MENTAL HEALTH CONTRACTS,COVENTRY AND WARWICKSHIRE PARTNERSHIP NHS TRUST,26067778,"54,000.00 ",654438521,0000034351
Department of Health,NHS Coventry And Rugby CCG,2/28/2019,Hcare Srv Rec NHS Trust-Non Contract,LEARNING DIFFICULTIES,COVENTRY AND WARWICKSHIRE PARTNERSHIP NHS TRUST,26147847,"66,500.00 ",654438521,0000034301
Department of Health,NHS Coventry And Rugby CCG,2/28/2019,Clinical&Medical-Serv Recd-NHS Trst,OUT OF HOURS,COVENTRY AND WARWICKSHIRE PARTNERSHIP NHS TRUST,26002180,"97,390.00 ",654438521,0000032334
Department of Health,NHS Coventry And Rugby CCG,2/28/2019,Hcare Srv Rec NHS Trust-CQUIN,MENTAL HEALTH CONTRACTS,COVENTRY AND WARWICKSHIRE PARTNERSHIP NHS TRUST,25808011,"115,000.00 ",654438521,FEB19SLA06
Department of Health,NHS Coventry And Rugby CCG,2/28/2019,Clinical&Medical-Independent Sector,LEARNING DIFFICULTIES,COVENTRY AND WARWICKSHIRE PARTNERSHIP NHS TRUST,26171608,"131,410.00 ",654438521,0000034165
Department of Health,NHS Coventry And Rugby CCG,2/28/2019,Hcare Srv Rec NHS Trust-Over/ Under Performance,MENTAL HEALTH CONTRACTS,COVENTRY AND WARWICKSHIRE PARTNERSHIP NHS TRUST,26171637,"143,417.58 ",654438521,0000034505
Department of Health,NHS Coventry And Rugby CCG,2/28/2019,Clinical&Medical-Serv Recd-NHS Trst,MENTAL HEALTH CONTRACTS,COVENTRY AND WARWICKSHIRE PARTNERSHIP NHS TRUST,26067774,"233,610.00 ",654438521,0000034350
Department of Health,NHS Coventry And Rugby CCG,2/28/2019,Clinical&Medical-Serv Recd-NHS Trst,MENTAL HEALTH CONTRACTS,COVENTRY AND WARWICKSHIRE PARTNERSHIP NHS TRUST,26067777,"304,550.00 ",654438521,0000034349
Department of Health,NHS Coventry And Rugby CCG,2/28/2019,Clinical&Medical-Serv Recd-NHS Trst,OUT OF HOURS,COVENTRY AND WARWICKSHIRE PARTNERSHIP NHS TRUST,26067706,"454,787.00 ",654438521,0000033338
Department of Health,NHS Coventry And Rugby CCG,2/28/2019,Hcare Srv Rec NHS Trust-Non Contract,LEARNING DIFFICULTIES,COVENTRY AND WARWICKSHIRE PARTNERSHIP NHS TRUST,26147778,"598,500.00 ",654438521,0000033582
Department of Health,NHS Coventry And Rugby CCG,2/28/2019,Hcare Srv Rec Fdtn Trust-Contract Baseline,COMMUNITY SERVICES,COVENTRY AND WARWICKSHIRE PARTNERSHIP NHS TRUST,25808003,"1,282,916.33 ",654438521,FEB19SLA01
Department of Health,NHS Coventry And Rugby CCG,2/28/2019,Hcare Srv Rec Fdtn Trust-Contract Baseline,COMMUNITY SERVICES,COVENTRY AND WARWICKSHIRE PARTNERSHIP NHS TRUST,25808006,"1,408,254.02 ",654438521,FEB19SLA03
Department of Health,NHS Coventry And Rugby CCG,2/28/2019,Hcare Srv Rec NHS Trust-Contract Baseline,MENTAL HEALTH CONTRACTS,COVENTRY AND WARWICKSHIRE PARTNERSHIP NHS TRUST,25808009,"4,599,416.67 ",654438521,FEB19SLA05
Department of Health,NHS Coventry And Rugby CCG,2/28/2019,Cont Care-Physical Disab (65+),CHC ADULT FULLY FUNDED,COVENTRY CITY COUNCIL,26147973,"911,155.46 ",,4651702
Department of Health,NHS Coventry And Rugby CCG,2/28/2019,C&M-GMS Global Sum,PRC DELEGATED CO-COMMISSIONING,DR A EZZAT & PARTNERS,25999986,"45,401.42 ",,COV000017275
Department of Health,NHS Coventry And Rugby CCG,2/28/2019,C&M-GMS Global Sum,PRC DELEGATED CO-COMMISSIONING,DR A FELTBOWER & PARTNERS,25999988,"67,829.19 ",,COV000017277
Department of Health,NHS Coventry And Rugby CCG,2/28/2019,C&M-GMS Global Sum,PRC DELEGATED CO-COMMISSIONING,DR A KHAN COVENTRY,25999990,"25,453.40 ",,COV000017279
Department of Health,NHS Coventry And Rugby CCG,2/28/2019,C&M-GMS Global Sum,PRC DELEGATED CO-COMMISSIONING,DR A KUKREJA & PARTNERS,25999992,"36,824.20 ",,COV000017281
Department of Health,NHS Coventry And Rugby CCG,2/28/2019,C&M-GMS Global Sum,PRC DELEGATED CO-COMMISSIONING,DR B BODALIA & PARTNERS,26000000,"73,307.10 ",,COV000017289
Department of Health,NHS Coventry And Rugby CCG,2/28/2019,C&M-GMS Global Sum,PRC DELEGATED CO-COMMISSIONING,DR B KHARA & PARTNERS,25999994,"71,261.39 ",,COV000017283
Department of Health,NHS Coventry And Rugby CCG,2/28/2019,C&M-GMS Global Sum,PRC DELEGATED CO-COMMISSIONING,DR C RHODES & PARTNERS,25999996,"70,170.26 ",,COV000017285
Department of Health,NHS Coventry And Rugby CCG,2/28/2019,C&M-GMS Global Sum,PRC DELEGATED CO-COMMISSIONING,DR COCKERILL & PARTNER,26000014,"50,097.35 ",,COV000017303
Department of Health,NHS Coventry And Rugby CCG,2/28/2019,C&M-GMS Global Sum,PRC DELEGATED CO-COMMISSIONING,DR COOPER & PARTNERS COVENTRY,26000016,"80,892.30 ",,COV000017305
Department of Health,NHS Coventry And Rugby CCG,2/28/2019,C&M-GMS Global Sum,PRC DELEGATED CO-COMMISSIONING,DR D MISTRY & PARTNERS,26000002,"53,826.86 ",,COV000017291
Department of Health,NHS Coventry And Rugby CCG,2/28/2019,C&M-GMS Practice Transformational Support,LOCAL ENHANCED SERVICES,DR DE SOUZA & PARTNERS,25920367,"33,266.67 ",,CLTRAN021901
Department of Health,NHS Coventry And Rugby CCG,2/28/2019,C&M-GMS Global Sum,PRC DELEGATED CO-COMMISSIONING,DR DE SOUZA & PARTNERS,26000006,"135,242.49 ",,COV000017295
Department of Health,NHS Coventry And Rugby CCG,2/28/2019,C&M-GMS Global Sum,PRC DELEGATED CO-COMMISSIONING,DR DOSANJ,26000008,"26,882.19 ",,COV000017297
Department of Health,NHS Coventry And Rugby CCG,2/28/2019,C&M-GMS Global Sum,PRC DELEGATED CO-COMMISSIONING,DR DURR & PARTNERS,26000010,"113,415.17 ",,COV000017299
Department of Health,NHS Coventry And Rugby CCG,2/28/2019,C&M-GMS Global Sum,PRC DELEGATED CO-COMMISSIONING,DR E W COWAN & PARTNERS,26000012,"114,405.38 ",,COV000017301
Department of Health,NHS Coventry And Rugby CCG,2/28/2019,C&M-GMS Global Sum,PRC DELEGATED CO-COMMISSIONING,DR G SANI GUSAU,26000021,"29,172.91 ",,COV000017311
Department of Health,NHS Coventry And Rugby CCG,2/28/2019,C&M-GMS Global Sum,PRC DELEGATED CO-COMMISSIONING,DR HARKNESS & PARTNERS,26000018,"60,614.99 ",,COV000017307
Department of Health,NHS Coventry And Rugby CCG,2/28/2019,C&M-GMS Global Sum,PRC DELEGATED CO-COMMISSIONING,DR HOLTON & PARTNERS,26015011,"174,987.16 ",,COV000017309
Department of Health,NHS Coventry And Rugby CCG,2/28/2019,C&M-GMS Global Sum,PRC DELEGATED CO-COMMISSIONING,DR J MAC PHERSON & PARTNERS,26000025,"51,276.49 ",,COV000017315
Department of Health,NHS Coventry And Rugby CCG,2/28/2019,C&M-GMS Global Sum,PRC DELEGATED CO-COMMISSIONING,DR J V C MOHAN & PARTNERS,26000027,"117,752.37 ",,COV000017317
Department of Health,NHS Coventry And Rugby CCG,2/28/2019,C&M-GMS Global Sum,PRC DELEGATED CO-COMMISSIONING,DR JM PATEL & PARTNERS,26000029,"30,651.18 ",,COV000017319
Department of Health,NHS Coventry And Rugby CCG,2/28/2019,C&M-GMS Global Sum,PRC DELEGATED CO-COMMISSIONING,DR K EL-KASHOTY,26000031,"58,282.08 ",,COV000017321
Department of Health,NHS Coventry And Rugby CCG,2/28/2019,C&M-GMS Global Sum,PRC DELEGATED CO-COMMISSIONING,DR K RAI & PARTNER,26000033,"39,957.83 ",,COV000017325
Department of Health,NHS Coventry And Rugby CCG,2/28/2019,C&M-GMS Prem Notional Rent,PRC DELEGATED CO-COMMISSIONING,DR K THOMSON & PARTNERS,26000035,"102,920.40 ",,COV000017327
Department of Health,NHS Coventry And Rugby CCG,2/28/2019,C&M-GMS Global Sum,PRC DELEGATED CO-COMMISSIONING,DR K THOMSON & PARTNERS,26000035,"164,964.92 ",,COV000017327
Department of Health,NHS Coventry And Rugby CCG,2/28/2019,C&M-GMS Global Sum,PRC DELEGATED CO-COMMISSIONING,DR KEATING & PARTNERS,26000023,"83,295.24 ",,COV000017313
Department of Health,NHS Coventry And Rugby CCG,2/28/2019,C&M-GMS Global Sum,PRC DELEGATED CO-COMMISSIONING,DR MCALPINE & PARTNERS,26000040,"28,243.01 ",,COV000017333
Department of Health,NHS Coventry And Rugby CCG,2/28/2019,C&M-GMS Global Sum,PRC DELEGATED CO-COMMISSIONING,DR MEH WALLACE & PARTNER,26000038,"30,716.11 ",,COV000017331
Department of Health,NHS Coventry And Rugby CCG,2/28/2019,C&M-GMS Global Sum,PRC DELEGATED CO-COMMISSIONING,DR MISHRA & MISRA,26000046,"33,484.32 ",,COV000017339
Department of Health,NHS Coventry And Rugby CCG,2/28/2019,C&M-GMS Global Sum,PRC DELEGATED CO-COMMISSIONING,DR MOTTRAM & PARTNERS,26000050,"62,118.68 ",,COV000017343
Department of Health,NHS Coventry And Rugby CCG,2/28/2019,C&M-GMS Global Sum,PRC DELEGATED CO-COMMISSIONING,DR P AGGARWAL,26000042,"36,474.47 ",,COV000017335
Department of Health,NHS Coventry And Rugby CCG,2/28/2019,C&M-GMS Global Sum,PRC DELEGATED CO-COMMISSIONING,DR P PATEL,26000044,"43,258.52 ",,COV000017337
Department of Health,NHS Coventry And Rugby CCG,2/28/2019,C&M-GMS Global Sum,PRC DELEGATED CO-COMMISSIONING,DR PM WEAVER & PARTNERS,26000054,"40,773.84 ",,COV000017347
Department of Health,NHS Coventry And Rugby CCG,2/28/2019,C&M-GMS Global Sum,PRC DELEGATED CO-COMMISSIONING,DR PS KENYON & PARTNERS,26000056,"102,085.91 ",,COV000017349
Department of Health,NHS Coventry And Rugby CCG,2/28/2019,C&M-GMS Global Sum,PRC DELEGATED CO-COMMISSIONING,DR R DOSANJ,26000060,"27,454.54 ",,COV000017353
Department of Health,NHS Coventry And Rugby CCG,2/28/2019,C&M-GMS Global Sum,PRC DELEGATED CO-COMMISSIONING,DR RA HOGG & PARTNER,26000052,"43,883.66 ",,COV000017345
Department of Health,NHS Coventry And Rugby CCG,2/28/2019,C&M-GMS Global Sum,PRC DELEGATED CO-COMMISSIONING,DR S KATTI & PARTNERS,26000068,"51,315.16 ",,COV000017361
Department of Health,NHS Coventry And Rugby CCG,2/28/2019,C&M-GMS Global Sum,PRC DELEGATED CO-COMMISSIONING,DR S LYALL & PARTNERS,26000070,"63,222.11 ",,COV000017363
Department of Health,NHS Coventry And Rugby CCG,2/28/2019,C&M-GMS Global Sum,PRC DELEGATED CO-COMMISSIONING,DR SIHOTA & PARTNERS,26000064,"65,931.41 ",,COV000017357
Department of Health,NHS Coventry And Rugby CCG,2/28/2019,C&M-GMS Global Sum,PRC DELEGATED CO-COMMISSIONING,DR T KAZMI & DR TEWARY,26000062,"37,763.80 ",,COV000017355
Department of Health,NHS Coventry And Rugby CCG,2/28/2019,C&M-GMS Global Sum,PRC DELEGATED CO-COMMISSIONING,DRS BEAUMONT & PAI,26000072,"53,982.41 ",,COV000017367
Department of Health,NHS Coventry And Rugby CCG,2/28/2019,C&M-GMS Global Sum,PRC DELEGATED CO-COMMISSIONING,DUNCHURCH SURGERY,25998206,"59,291.05 ",,WA000025299
Department of Health,NHS Coventry And Rugby CCG,2/28/2019,Hcare Srv Rec NHS Trust-Contract Baseline,ACUTE COMMISSIONING,GEORGE ELIOT HOSPITAL NHS TRUST,25982129,"804,784.75 ",GB 654922420,T0127700
Department of Health,NHS Coventry And Rugby CCG,2/28/2019,C&M-GMS Global Sum,PRC DELEGATED CO-COMMISSIONING,GOSFORD GREEN SURGERY,26000080,"25,629.89 ",,COV000017375
Department of Health,NHS Coventry And Rugby CCG,2/28/2019,National Insurance < 1 yr-NI-EES,BALANCE SHEET,HMRC,25979162,"47,833.36 ",,120PS005709191910
Department of Health,NHS Coventry And Rugby CCG,2/28/2019,National Insurance < 1 yr-NI- ERS,BALANCE SHEET,HMRC,25979162,"63,192.11 ",,120PS005709191910
Department of Health,NHS Coventry And Rugby CCG,2/28/2019,Income tax <1Yr,BALANCE SHEET,HMRC,25979162,"85,353.41 ",,120PS005709191910
Department of Health,NHS Coventry And Rugby CCG,2/28/2019,Clinical&Medical-Independent Sector,ACUTE COMMISSIONING,HOLBROOKS HEALTH TEAM,25937632,"30,000.00 ",,9328
Department of Health,NHS Coventry And Rugby CCG,2/28/2019,C&M-Pharm-Other Fees,PRESCRIBING,M HUSSAIN CHEMISTS,26182539,"26,863.04 ",,PHOCTDEC181
Department of Health,NHS Coventry And Rugby CCG,2/28/2019,Clinical&Medical-Independent Sector,ACUTE COMMISSIONING,MARIE STOPES INTERNATIONAL,25937622,"45,566.99 ",882426016,MS190037
Department of Health,NHS Coventry And Rugby CCG,2/28/2019,C&M-GMS Global Sum,PRC DELEGATED CO-COMMISSIONING,MARKET QUARTER MEDICAL PRACTICE,25997237,"53,765.85 ",,WA000025309
Department of Health,NHS Coventry And Rugby CCG,2/28/2019,C&M-PMS Contract Value,PRC DELEGATED CO-COMMISSIONING,MERIDIAN CENTRE,26000074,"62,761.23 ",,COV000017369
Department of Health,NHS Coventry And Rugby CCG,2/28/2019,Charges from CSU,PRIMARY CARE IT,NHS ARDEN AND GEM CSU,26186181,"38,490.58 ",GB526164259,7312613117
Department of Health,NHS Coventry And Rugby CCG,2/28/2019,Charges from CSU,ADMINISTRATION & BUSINESS SUPPORT,NHS ARDEN AND GEM CSU,25982089,"39,050.67 ",GB526164259,7312613118
Department of Health,NHS Coventry And Rugby CCG,2/28/2019,Charges from CSU,EXCEPTIONS & PRIOR APPROVALS,NHS ARDEN AND GEM CSU,25874120,"70,350.00 ",GB526164259,7312609971
Department of Health,NHS Coventry And Rugby CCG,2/28/2019,Charges from CSU,ADMINISTRATION & BUSINESS SUPPORT,NHS ARDEN AND GEM CSU,25982128,"86,314.33 ",GB526164259,7312613181
Department of Health,NHS Coventry And Rugby CCG,2/28/2019,Charges from CSU,ADMINISTRATION & BUSINESS SUPPORT,NHS ARDEN AND GEM CSU,26067815,"107,584.45 ",GB526164259,7312613088
Department of Health,NHS Coventry And Rugby CCG,2/28/2019,Charges from CSU,CONTINUING HEALTHCARE ASSESSMENT & SUPPORT,NHS ARDEN AND GEM CSU,25812738,"145,426.00 ",GB526164259,7312609853
Department of Health,NHS Coventry And Rugby CCG,2/28/2019,Professional Fees,GENERAL RESERVE - ADMIN,NHS MIDLANDS AND LANCASHIRE CSU,26186207,"36,936.00 ",GB 654442045,7312312791
Department of Health,NHS Coventry And Rugby CCG,2/28/2019,Hcare Srv Rec NHS CCG-Contract Baseline,NHS 111,NHS SANDWELL AND WEST BIRMINGHAM CCG,25808001,"136,225.00 ",,NHS111FEB19A
Department of Health,NHS Coventry And Rugby CCG,2/28/2019,Clinical&Medical-Independent Sector,ACUTE COMMISSIONING,NUFFIELD HEALTH WARWICKSHIRE HOSPITAL,26085408,"25,412.00 ",564291137,WACAB5883
Department of Health,NHS Coventry And Rugby CCG,2/28/2019,Hcare Srv Rec Fdtn Trust-Non Contract,NCAS/OATS,OXFORD UNIVERSITY HOSPITALS NHS FOUNDATION TRUST,25888948,"32,418.71 ",654935407,8293780
Department of Health,NHS Coventry And Rugby CCG,2/28/2019,C&M-GMS Cost of Drugs -Dispensing,LOCAL ENHANCED SERVICES,P HORN & PARTNERS,26116904,"34,718.02 ",,COV000017482
Department of Health,NHS Coventry And Rugby CCG,2/28/2019,C&M-GMS Global Sum,PRC DELEGATED CO-COMMISSIONING,P HORN & PARTNERS,26000076,"103,448.12 ",,COV000017371
Department of Health,NHS Coventry And Rugby CCG,2/28/2019,Clinical&Medical-Independent Sector,Mental Health Services - S117 Mental Health,PHAROS CARE LTD,25813903,"35,487.17 ",,8646
Department of Health,NHS Coventry And Rugby CCG,2/28/2019,Hcare Srv Rec Fdtn Trust-Contract Baseline,ACUTE COMMISSIONING,ROYAL ORTHOPAEDIC HOSPITAL NHS FOUNDATION TRUST,25905228,"28,730.67 ",654965296,0000047856
Department of Health,NHS Coventry And Rugby CCG,2/28/2019,Hcare Srv Rec NHS Trust-Contract Baseline,ACUTE COMMISSIONING,SANDWELL AND WEST BIRMINGHAM HOSPITALS NHS TRUST,26067882,"44,770.12 ",GB654916216,51119002
Department of Health,NHS Coventry And Rugby CCG,2/28/2019,C&M-GMS Cost of Drugs -Dispensing,LOCAL ENHANCED SERVICES,SCHOOL STREET SURGERY,26120090,"26,974.23 ",,WA000025506
Department of Health,NHS Coventry And Rugby CCG,2/28/2019,C&M-GMS Global Sum,PRC DELEGATED CO-COMMISSIONING,SCHOOL STREET SURGERY,26015009,"34,076.24 ",,WA000025301
Department of Health,NHS Coventry And Rugby CCG,2/28/2019,Hcare Srv Rec Fdtn Trust-Over/ Under Performance,ACUTE COMMISSIONING,SOUTH WARWICKSHIRE NHS FOUNDATION TRUST,26067823,"152,201.00 ",654942118,W0113001
Department of Health,NHS Coventry And Rugby CCG,2/28/2019,Hcare Srv Rec Fdtn Trust-Over/ Under Performance,ACUTE COMMISSIONING,SOUTH WARWICKSHIRE NHS FOUNDATION TRUST,26067829,"169,809.00 ",654942118,W0112986
Department of Health,NHS Coventry And Rugby CCG,2/28/2019,Hcare Srv Rec Fdtn Trust-Over/ Under Performance,ACUTE COMMISSIONING,SOUTH WARWICKSHIRE NHS FOUNDATION TRUST,26067826,"187,149.00 ",654942118,W0112993
Department of Health,NHS Coventry And Rugby CCG,2/28/2019,Hcare Srv Rec Fdtn Trust-Contract Baseline,COMMUNITY SERVICES,SOUTH WARWICKSHIRE NHS FOUNDATION TRUST,25982081,"297,715.00 ",654942118,W0112724
Department of Health,NHS Coventry And Rugby CCG,2/28/2019,Hcare Srv Rec Fdtn Trust-Contract Baseline,COMMUNITY SERVICES,SOUTH WARWICKSHIRE NHS FOUNDATION TRUST,26154122,"297,716.00 ",654942118,W0113239
Department of Health,NHS Coventry And Rugby CCG,2/28/2019,Hcare Srv Rec Fdtn Trust-Contract Baseline,COMMUNITY SERVICES,SOUTH WARWICKSHIRE NHS FOUNDATION TRUST,26154121,"552,490.00 ",654942118,W0113240
Department of Health,NHS Coventry And Rugby CCG,2/28/2019,Hcare Srv Rec Fdtn Trust-Contract Baseline,COMMUNITY SERVICES,SOUTH WARWICKSHIRE NHS FOUNDATION TRUST,25982083,"552,495.00 ",654942118,W0112725
Department of Health,NHS Coventry And Rugby CCG,2/28/2019,Hcare Srv Rec Fdtn Trust-Contract Baseline,ACUTE COMMISSIONING,SOUTH WARWICKSHIRE NHS FOUNDATION TRUST,25813869,"702,992.48 ",654942118,W0112723
Department of Health,NHS Coventry And Rugby CCG,2/28/2019,Clinical&Medical-Independent Sector,ACUTE COMMISSIONING,SPECSAVERS HEARCARE LTD,26172112,"47,055.50 ",747671301,21240432
Department of Health,NHS Coventry And Rugby CCG,2/28/2019,Clinical&Medical-Independent Sector,Mental Health Services - S117 Mental Health,ST ANDREWS HEALTHCARE,25888805,"26,490.00 ",120948773,90055605
Department of Health,NHS Coventry And Rugby CCG,2/28/2019,Clinical&Medical-Independent Sector,Mental Health Services - S117 Mental Health,ST ANDREWS HEALTHCARE,25888809,"37,440.00 ",120948773,90057054
Department of Health,NHS Coventry And Rugby CCG,2/28/2019,C&M-GMS Global Sum,PRC DELEGATED CO-COMMISSIONING,STONEY STANTON MEDICAL CENTRE,26000353,"37,988.69 ",,COV000017323
Department of Health,NHS Coventry And Rugby CCG,2/28/2019,Hcare Srv Rec Fdtn Trust-Contract Baseline,ACUTE COMMISSIONING,UNIVERSITY HOSPITALS BIRMINGHAM NHS FOUNDATION TRUST,25813830,"87,234.83 ",GB654912816,OHA006483
Department of Health,NHS Coventry And Rugby CCG,2/28/2019,Hcare Srv Rec Fdtn Trust-Contract Baseline,ACUTE COMMISSIONING,UNIVERSITY HOSPITALS BIRMINGHAM NHS FOUNDATION TRUST,25813851,"100,808.26 ",GB654912816,OPU042611
Department of Health,NHS Coventry And Rugby CCG,2/28/2019,Clinical&Medical-Independent Sector,ACUTE COMMISSIONING,UNIVERSITY HOSPITALS COVENTRY AND WARWICKSHIRE NHS TRUST,25811842,"154,593.00 ",654949096,101672-01-FEB-2019
Department of Health,NHS Coventry And Rugby CCG,2/28/2019,Contr Estate Management,EXCEPTIONS & PRIOR APPROVALS,UNIVERSITY HOSPITALS COVENTRY AND WARWICKSHIRE NHS TRUST,25812858,"199,632.00 ",654949096,1000062313
Department of Health,NHS Coventry And Rugby CCG,2/28/2019,C&M-OES Low Vision/Visual Aids,ACUTE COMMISSIONING,UNIVERSITY HOSPITALS COVENTRY AND WARWICKSHIRE NHS TRUST,25860337,"246,825.62 ",654949096,1000070635
Department of Health,NHS Coventry And Rugby CCG,2/28/2019,Hcare Srv Rec NHS Trust-CQUIN,ACUTE COMMISSIONING,UNIVERSITY HOSPITALS COVENTRY AND WARWICKSHIRE NHS TRUST,25811843,"268,840.61 ",654949096,101671-01-FEB-2019
Department of Health,NHS Coventry And Rugby CCG,2/28/2019,Contr Estate Management,EXCEPTIONS & PRIOR APPROVALS,UNIVERSITY HOSPITALS COVENTRY AND WARWICKSHIRE NHS TRUST,25812724,"304,211.00 ",654949096,1000053502
Department of Health,NHS Coventry And Rugby CCG,2/28/2019,C&M-APMS LES Phlebotomy,ACUTE COMMISSIONING,UNIVERSITY HOSPITALS COVENTRY AND WARWICKSHIRE NHS TRUST,25982172,"510,024.16 ",654949096,1000071042
Department of Health,NHS Coventry And Rugby CCG,2/28/2019,Hcare Srv Rec NHS Trust-Contract Baseline,ACUTE COMMISSIONING,UNIVERSITY HOSPITALS COVENTRY AND WARWICKSHIRE NHS TRUST,25811843,"22,345,591.35 ",654949096,101671-01-FEB-2019
Department of Health,NHS Coventry And Rugby CCG,2/28/2019,Hcare Srv Rec NHS Trust-Contract Baseline,ACUTE COMMISSIONING,UNIVERSITY HOSPITALS OF LEICESTER NHS TRUST,25860159,"55,073.33 ",654972400,L0220513
Department of Health,NHS Coventry And Rugby CCG,2/28/2019,C&M-PMS Contract Value,PRC DELEGATED CO-COMMISSIONING,VIRGIN CARE SERVICES LTD (NONSURREY),26000082,"34,164.59 ",GB918510332-,COV000017377
Department of Health,NHS Coventry And Rugby CCG,2/28/2019,Clinical&Medical-Independent Sector,COMMISSIONING - NON ACUTE,WARWICKSHIRE CAVA,26172351,"38,133.00 ",240044753,1279
Department of Health,NHS Coventry And Rugby CCG,2/28/2019,Services From Local Authorities,SAFEGUARDING,WARWICKSHIRE COUNTY COUNCIL,26102291,"32,952.00 ",272426659,10204194
Department of Health,NHS Coventry And Rugby CCG,2/28/2019,Hcare Srv Rec Fdtn Trust-CQUIN,ACUTE COMMISSIONING,WEST MIDLANDS AMBULANCE SERVICE NHS FOUNDATION TRUST,25982177,"28,457.15 ",GB654950708,A0003625
Department of Health,NHS Coventry And Rugby CCG,2/28/2019,Hlthcre-Foundation Trsts,PATIENT TRANSPORT,WEST MIDLANDS AMBULANCE SERVICE NHS FOUNDATION TRUST,26024918,"72,182.25 ",GB654950708,C0003815
Department of Health,NHS Coventry And Rugby CCG,2/28/2019,Hcare Srv Rec Fdtn Trust-Contract Baseline,PATIENT TRANSPORT,WEST MIDLANDS AMBULANCE SERVICE NHS FOUNDATION TRUST,25982176,"125,763.58 ",GB654950708,C0003812
Department of Health,NHS Coventry And Rugby CCG,2/28/2019,Hcare Srv Rec Fdtn Trust-Contract Baseline,ACUTE COMMISSIONING,WEST MIDLANDS AMBULANCE SERVICE NHS FOUNDATION TRUST,25982177,"1,160,703.28 ",GB654950708,A0003625
Department of Health,NHS Coventry And Rugby CCG,2/28/2019,C&M-GMS Global Sum,PRC DELEGATED CO-COMMISSIONING,WESTSIDE MEDICAL CENTRE,25998209,"76,258.31 ",,WA000025303
Department of Health,NHS Coventry And Rugby CCG,2/28/2019,C&M-GMS Global Sum,PRC DELEGATED CO-COMMISSIONING,WHITEHALL MEDICAL PRACTICE,25998211,"98,569.83 ",,WA000025305
Department of Health,NHS Coventry And Rugby CCG,2/28/2019,C&M-GMS Global Sum,PRC DELEGATED CO-COMMISSIONING,WHITEHALL ROAD SURGERY,25998213,"38,237.14 ",,WA000025307
Department of Health,NHS Coventry And Rugby CCG,2/28/2019,C&M-GMS Global Sum,PRC DELEGATED CO-COMMISSIONING,WOOD END HEALTH CENTRE,26000078,"61,023.18 ",,COV000017373
,,,,,,,,,
