NHS South Tees CCG - Invoices over �25k - February 2019,,,,,,,
Department family,Entity,Date,Expense Type,Expense area,Supplier,Transaction number,AP Amount �
Department of Health,NHS South Tees CCG,2/28/2019,Clinical&Medical-Independent Sector,ACUTE COMMISSIONING,BMI HEALTHCARE LTD,25911385,-35037.20
Department of Health,NHS South Tees CCG,2/28/2019,Clinical&Medical-Independent Sector,ACUTE COMMISSIONING,BMI HEALTHCARE LTD,25911386,101913.23
Department of Health,NHS South Tees CCG,2/28/2019,Clinical&Medical-Independent Sector,ACUTE COMMISSIONING,NUFFIELD HEALTH,25822037,39983.51
Department of Health,NHS South Tees CCG,2/28/2019,Clinical&Medical-Independent Sector,ACUTE COMMISSIONING,NUFFIELD HEALTH,25822039,265269.15
Department of Health,NHS South Tees CCG,2/28/2019,Clinical&Medical-Independent Sector,ACUTE COMMISSIONING,NUFFIELD HEALTH,26059006,-39983.51
Department of Health,NHS South Tees CCG,2/28/2019,Clinical&Medical-Independent Sector,ACUTE COMMISSIONING,NUFFIELD HEALTH,26059007,-39983.51
Department of Health,NHS South Tees CCG,2/28/2019,Clinical&Medical-Independent Sector,ACUTE COMMISSIONING,NUFFIELD HEALTH,26128446,314085.99
Department of Health,NHS South Tees CCG,2/28/2019,Clinical&Medical-Independent Sector,ACUTE COMMISSIONING,TEES VALLEY HOSPITAL,25823209,436621.00
Department of Health,NHS South Tees CCG,2/28/2019,Clinical&Medical-Independent Sector,ACUTE COMMISSIONING,TEES VALLEY HOSPITAL,25891738,69230.00
Department of Health,NHS South Tees CCG,2/28/2019,Clinical&Medical-Independent Sector,ACUTE COMMISSIONING,TEES VALLEY HOSPITAL,25891987,-87588.00
Department of Health,NHS South Tees CCG,2/28/2019,Clinical&Medical-Independent Sector,IMPROVING ACCESS TO PSYCHOLOGICAL THERAPIES,ALLIANCE PSYCHOLOGICAL SERVICES LTD,25950983,61002.29
Department of Health,NHS South Tees CCG,2/28/2019,Clinical&Medical-Independent Sector,IMPROVING ACCESS TO PSYCHOLOGICAL THERAPIES,ALLIANCE PSYCHOLOGICAL SERVICES LTD,25950984,46796.06
Department of Health,NHS South Tees CCG,2/28/2019,Clinical&Medical-Independent Sector,MENTAL HEALTH SERVICES - SPECIALIST SERVICES,CREATIVE SUPPORT LTD,26101037,45500.46
Department of Health,NHS South Tees CCG,2/28/2019,Clinical&Medical-Independent Sector,MENTAL HEALTH SERVICES - SPECIALIST SERVICES,CREATIVE SUPPORT LTD,26101038,31023.58
Department of Health,NHS South Tees CCG,2/28/2019,Clinical&Medical-Independent Sector,MENTAL HEALTH SERVICES - SPECIALIST SERVICES,DANSHELL HEALTHCARE LTD,26101022,29791.72
Department of Health,NHS South Tees CCG,2/28/2019,Clinical&Medical-Independent Sector,MENTAL HEALTH SERVICES - SPECIALIST SERVICES,DANSHELL HEALTHCARE LTD,26101023,29791.72
Department of Health,NHS South Tees CCG,2/28/2019,Clinical&Medical-Independent Sector,MENTAL HEALTH SERVICES - SPECIALIST SERVICES,NORTHERN LIFE CARE LTD,26101034,29265.60
Department of Health,NHS South Tees CCG,2/28/2019,Clinical&Medical-Independent Sector,NON RECURRENT PROGRAMMES,ABOUT HEALTH LTD,26010627,32439.24
Department of Health,NHS South Tees CCG,2/28/2019,Clinical&Medical-Independent Sector,MENTAL HEALTH SERVICES - OTHER,MIDDLESBROUGH & STOCKON MIND,25822186,25258.05
Department of Health,NHS South Tees CCG,2/28/2019,Clinical&Medical-Independent Sector,OUT OF HOURS,ELM ALLIANCE,25891984,106004.25
Department of Health,NHS South Tees CCG,2/28/2019,Clinical&Medical-Independent Sector,Mental Health Services - S117 Mental Health,DANSHELL HEALTHCARE LTD,25934725,26103.12
Department of Health,NHS South Tees CCG,2/28/2019,Clinical&Medical-Independent Sector,Learning Difficulties - S117,POSITIVE INDIVIDUAL PROACTIVE SUPPORT,25934867,26607.64
Department of Health,NHS South Tees CCG,2/28/2019,Voids and Subsidies,RECHARGES NHS PROPERTY SERVICES LTD,NHS PROPERTY SERVICES LTD,26020328,70090.36
Department of Health,NHS South Tees CCG,2/28/2019,Voids and Subsidies,RECHARGES NHS PROPERTY SERVICES LTD,NHS PROPERTY SERVICES LTD,26020337,86459.99
Department of Health,NHS South Tees CCG,2/28/2019,Voids and Subsidies,RECHARGES NHS PROPERTY SERVICES LTD,NHS PROPERTY SERVICES LTD,26020352,50678.25
Department of Health,NHS South Tees CCG,2/28/2019,Voids and Subsidies,RECHARGES NHS PROPERTY SERVICES LTD,NHS PROPERTY SERVICES LTD,26020361,33006.36
Department of Health,NHS South Tees CCG,2/28/2019,Voids and Subsidies,RECHARGES NHS PROPERTY SERVICES LTD,NHS PROPERTY SERVICES LTD,26020365,41127.84
Department of Health,NHS South Tees CCG,2/28/2019,Voids and Subsidies,RECHARGES NHS PROPERTY SERVICES LTD,NHS PROPERTY SERVICES LTD,26020366,37084.00
Department of Health,NHS South Tees CCG,2/28/2019,Voids and Subsidies,RECHARGES NHS PROPERTY SERVICES LTD,NHS PROPERTY SERVICES LTD,26020374,41063.50
Department of Health,NHS South Tees CCG,2/28/2019,Voids and Subsidies,RECHARGES NHS PROPERTY SERVICES LTD,NHS PROPERTY SERVICES LTD,26020382,50678.25
Department of Health,NHS South Tees CCG,2/28/2019,Voids and Subsidies,RECHARGES NHS PROPERTY SERVICES LTD,NHS PROPERTY SERVICES LTD,26020386,65067.83
Department of Health,NHS South Tees CCG,2/28/2019,Voids and Subsidies,RECHARGES NHS PROPERTY SERVICES LTD,NHS PROPERTY SERVICES LTD,26020397,36934.88
Department of Health,NHS South Tees CCG,2/28/2019,Voids and Subsidies,RECHARGES NHS PROPERTY SERVICES LTD,NHS PROPERTY SERVICES LTD,26020407,41063.50
Department of Health,NHS South Tees CCG,2/28/2019,Voids and Subsidies,RECHARGES NHS PROPERTY SERVICES LTD,NHS PROPERTY SERVICES LTD,26020413,-131000.24
Department of Health,NHS South Tees CCG,2/28/2019,Clinical&Medical-Othe Public Sector,COMMUNITY SERVICES,MIDDLESBROUGH COUNCIL,26155138,172812.05
Department of Health,NHS South Tees CCG,2/28/2019,Clinical&Medical-Othe Public Sector,REABLEMENT,MIDDLESBROUGH COUNCIL,26030021,1000000.00
Department of Health,NHS South Tees CCG,2/28/2019,Clinical&Medical-Othe Public Sector,REABLEMENT,REDCAR & CLEVELAND BOROUGH COUNCIL,25979480,1000000.00
Department of Health,NHS South Tees CCG,2/28/2019,Clinical&Medical-Othe Public Sector,Mental Health Services - S117 Mental Health,MIDDLESBROUGH COUNCIL,25934943,443178.58
Department of Health,NHS South Tees CCG,2/28/2019,Clinical&Medical-Othe Public Sector,Mental Health Services - S117 Mental Health,MIDDLESBROUGH COUNCIL,25934951,61207.56
Department of Health,NHS South Tees CCG,2/28/2019,Clinical&Medical-Othe Public Sector,Mental Health Services - S117 Mental Health,REDCAR & CLEVELAND BOROUGH COUNCIL,25934921,361891.46
Department of Health,NHS South Tees CCG,2/28/2019,Clinical&Medical-Othe Public Sector,CHILDREN SERVICES,MIDDLESBROUGH COUNCIL,26020338,-94800.00
Department of Health,NHS South Tees CCG,2/28/2019,Clinical&Medical-Othe Public Sector,CHILDREN SERVICES,MIDDLESBROUGH COUNCIL,26020416,94800.00
Department of Health,NHS South Tees CCG,2/28/2019,Hcare Srv Rec Fdtn Trust-Non Contract,NCAS/OATS,CUMBRIA PARTNERSHIP NHS FOUNDATION TRUST,26123452,27590.00
Department of Health,NHS South Tees CCG,2/28/2019,Hcare Srv Rec Fdtn Trust-Contract Baseline,ACUTE COMMISSIONING,COUNTY DURHAM AND DARLINGTON NHS FOUNDATION TRUST,26193097,50369.00
Department of Health,NHS South Tees CCG,2/28/2019,Hcare Srv Rec Fdtn Trust-Contract Baseline,ACUTE COMMISSIONING,NEWCASTLE UPON TYNE HOSPITALS NHS FOUNDATION TRUST,25911524,240493.75
Department of Health,NHS South Tees CCG,2/28/2019,Hcare Srv Rec Fdtn Trust-Contract Baseline,ACUTE COMMISSIONING,NORTH TEES & HARTLEPOOL NHS FOUNDATION TRUST,25822038,333333.00
Department of Health,NHS South Tees CCG,2/28/2019,Hcare Srv Rec Fdtn Trust-Contract Baseline,ACUTE COMMISSIONING,NORTH TEES & HARTLEPOOL NHS FOUNDATION TRUST,25911392,30867.00
Department of Health,NHS South Tees CCG,2/28/2019,Hcare Srv Rec Fdtn Trust-Contract Baseline,ACUTE COMMISSIONING,NORTH TEES & HARTLEPOOL NHS FOUNDATION TRUST,26052269,-26427.00
Department of Health,NHS South Tees CCG,2/28/2019,Hcare Srv Rec Fdtn Trust-Contract Baseline,ACUTE COMMISSIONING,NORTH TEES & HARTLEPOOL NHS FOUNDATION TRUST,26176487,333333.00
Department of Health,NHS South Tees CCG,2/28/2019,Hcare Srv Rec Fdtn Trust-Contract Baseline,ACUTE COMMISSIONING,SOUTH TEES HOSPITALS NHS FOUNDATION TRUST,25973949,418000.00
Department of Health,NHS South Tees CCG,2/28/2019,Hcare Srv Rec Fdtn Trust-Contract Baseline,ACUTE COMMISSIONING,SOUTH TEES HOSPITALS NHS FOUNDATION TRUST,26052271,15751229.50
Department of Health,NHS South Tees CCG,2/28/2019,Hcare Srv Rec Fdtn Trust-Contract Baseline,AMBULANCE SERVICES,NORTH EAST AMBULANCE SERVICES NHS TRUST,25870534,951752.20
Department of Health,NHS South Tees CCG,2/28/2019,Hcare Srv Rec Fdtn Trust-Contract Baseline,COMMUNITY SERVICES,SOUTH TEES HOSPITALS NHS FOUNDATION TRUST,25638335,2603873.75
Department of Health,NHS South Tees CCG,2/28/2019,Hcare Srv Rec Fdtn Trust-Contract Baseline,MENTAL HEALTH CONTRACTS,TEES ESK & WEAR VALLEYS NHS FOUNDATION TRUST,25877214,3523152.21
Department of Health,NHS South Tees CCG,2/28/2019,Hcare Srv Rec Fdtn Trust-Contract Baseline,NHS 111,NORTH EAST AMBULANCE SERVICES NHS TRUST,25870538,105555.20
Department of Health,NHS South Tees CCG,2/28/2019,C&M-GMS/PMS,LOCAL ENHANCED SERVICES,HAVEN MEDICAL PRACTICE,25930730,11706.08
Department of Health,NHS South Tees CCG,2/28/2019,C&M-GMS/PMS,LOCAL ENHANCED SERVICES,NORMANBY MEDICAL CENTRE,26040556,29989.84
Department of Health,NHS South Tees CCG,2/28/2019,C&M-GMS/PMS,PRC DELEGATED CO-COMMISSIONING,ASSURA PROPERTIES PLC,26184253,42692.62
Department of Health,NHS South Tees CCG,2/28/2019,C&M-GMS/PMS,PRC DELEGATED CO-COMMISSIONING,ASSURA PROPERTIES PLC,26184274,38602.32
Department of Health,NHS South Tees CCG,2/28/2019,C&M-GMS/PMS,PRC DELEGATED CO-COMMISSIONING,ASSURA PROPERTIES PLC,26184277,32480.66
Department of Health,NHS South Tees CCG,2/28/2019,C&M-GMS/PMS,PRC DELEGATED CO-COMMISSIONING,ASSURA PROPERTIES PLC,26184285,43327.72
Department of Health,NHS South Tees CCG,2/28/2019,C&M-GMS/PMS,PRC DELEGATED CO-COMMISSIONING,BENTLEY MEDICAL PRACTICE,25930700,98888.08
Department of Health,NHS South Tees CCG,2/28/2019,C&M-GMS/PMS,PRC DELEGATED CO-COMMISSIONING,BOROUGH ROAD & NUNTHORPE MEDICAL GROUP,25930702,128958.10
Department of Health,NHS South Tees CCG,2/28/2019,C&M-GMS/PMS,PRC DELEGATED CO-COMMISSIONING,CAMBRIDGE MEDICAL GROUP,25930704,111861.37
Department of Health,NHS South Tees CCG,2/28/2019,C&M-GMS/PMS,PRC DELEGATED CO-COMMISSIONING,CLEMENTS & PARTNERS,25930708,58601.38
Department of Health,NHS South Tees CCG,2/28/2019,C&M-GMS/PMS,PRC DELEGATED CO-COMMISSIONING,COATHAM SURGERY,25930710,79638.41
Department of Health,NHS South Tees CCG,2/28/2019,C&M-GMS/PMS,PRC DELEGATED CO-COMMISSIONING,COULBY MEDICAL PRACTICE,25930706,74166.53
Department of Health,NHS South Tees CCG,2/28/2019,C&M-GMS/PMS,PRC DELEGATED CO-COMMISSIONING,CROSSFELL HEALTH CENTRE,25930712,98305.43
Department of Health,NHS South Tees CCG,2/28/2019,C&M-GMS/PMS,PRC DELEGATED CO-COMMISSIONING,DISCOVERY PRACTICE,25930714,78311.29
Department of Health,NHS South Tees CCG,2/28/2019,C&M-GMS/PMS,PRC DELEGATED CO-COMMISSIONING,ENDEAVOUR PRACTICE,25930716,93445.45
Department of Health,NHS South Tees CCG,2/28/2019,C&M-GMS/PMS,PRC DELEGATED CO-COMMISSIONING,ERIMUS PRACTICE,25930718,83557.18
Department of Health,NHS South Tees CCG,2/28/2019,C&M-GMS/PMS,PRC DELEGATED CO-COMMISSIONING,ESTON SURGERY,25930720,36242.86
Department of Health,NHS South Tees CCG,2/28/2019,C&M-GMS/PMS,PRC DELEGATED CO-COMMISSIONING,FULCRUM MEDICAL PRACTICE,25930722,51085.90
Department of Health,NHS South Tees CCG,2/28/2019,C&M-GMS/PMS,PRC DELEGATED CO-COMMISSIONING,GREEN HOUSE SURGERY,25930724,144017.83
Department of Health,NHS South Tees CCG,2/28/2019,C&M-GMS/PMS,PRC DELEGATED CO-COMMISSIONING,HAVEN MEDICAL PRACTICE,25930730,16695.46
Department of Health,NHS South Tees CCG,2/28/2019,C&M-GMS/PMS,PRC DELEGATED CO-COMMISSIONING,HILLSIDE PRACTICE,25930725,-32108.69
Department of Health,NHS South Tees CCG,2/28/2019,C&M-GMS/PMS,PRC DELEGATED CO-COMMISSIONING,HILLSIDE PRACTICE,25930726,113895.03
Department of Health,NHS South Tees CCG,2/28/2019,C&M-GMS/PMS,PRC DELEGATED CO-COMMISSIONING,HIRSEL MEDICAL CENTRE,25930728,32140.76
Department of Health,NHS South Tees CCG,2/28/2019,C&M-GMS/PMS,PRC DELEGATED CO-COMMISSIONING,HUNTCLIFF SURGERY,25930732,101616.84
Department of Health,NHS South Tees CCG,2/28/2019,C&M-GMS/PMS,PRC DELEGATED CO-COMMISSIONING,KINGS MEDICAL CENTRE,25956133,71255.62
Department of Health,NHS South Tees CCG,2/28/2019,C&M-GMS/PMS,PRC DELEGATED CO-COMMISSIONING,LINTHORPE SURGERY,25930735,195906.81
Department of Health,NHS South Tees CCG,2/28/2019,C&M-GMS/PMS,PRC DELEGATED CO-COMMISSIONING,MANOR HOUSE SURGERY,25930739,86856.69
Department of Health,NHS South Tees CCG,2/28/2019,C&M-GMS/PMS,PRC DELEGATED CO-COMMISSIONING,MARTONSIDE MEDICAL CENTRE,25930737,75035.14
Department of Health,NHS South Tees CCG,2/28/2019,C&M-GMS/PMS,PRC DELEGATED CO-COMMISSIONING,NEWLANDS MEDICAL CENTRE,25930743,114858.18
Department of Health,NHS South Tees CCG,2/28/2019,C&M-GMS/PMS,PRC DELEGATED CO-COMMISSIONING,NHS PROPERTY SERVICES LTD,26020377,42526.25
Department of Health,NHS South Tees CCG,2/28/2019,C&M-GMS/PMS,PRC DELEGATED CO-COMMISSIONING,NORMANBY MEDICAL CENTRE,25930740,-41953.92
Department of Health,NHS South Tees CCG,2/28/2019,C&M-GMS/PMS,PRC DELEGATED CO-COMMISSIONING,NORMANBY MEDICAL CENTRE,25930741,158670.68
Department of Health,NHS South Tees CCG,2/28/2019,C&M-GMS/PMS,PRC DELEGATED CO-COMMISSIONING,NORMANBY MEDICAL CENTRE,26040556,11550.43
Department of Health,NHS South Tees CCG,2/28/2019,C&M-GMS/PMS,PRC DELEGATED CO-COMMISSIONING,PARK SURGERY,25930745,108781.71
Department of Health,NHS South Tees CCG,2/28/2019,C&M-GMS/PMS,PRC DELEGATED CO-COMMISSIONING,PARKWAY MEDICAL CENTRE,25930747,72289.38
Department of Health,NHS South Tees CCG,2/28/2019,C&M-GMS/PMS,PRC DELEGATED CO-COMMISSIONING,PROSPECT SURGERY,25930749,75795.40
Department of Health,NHS South Tees CCG,2/28/2019,C&M-GMS/PMS,PRC DELEGATED CO-COMMISSIONING,RAVENSCAR SURGERY,25930767,74088.98
Department of Health,NHS South Tees CCG,2/28/2019,C&M-GMS/PMS,PRC DELEGATED CO-COMMISSIONING,SALTSCAR SURGERY,25930751,84829.56
Department of Health,NHS South Tees CCG,2/28/2019,C&M-GMS/PMS,PRC DELEGATED CO-COMMISSIONING,SMITH & PARTNERS,25930753,109670.15
Department of Health,NHS South Tees CCG,2/28/2019,C&M-GMS/PMS,PRC DELEGATED CO-COMMISSIONING,SOUTH GRANGE MEDICAL GROUP PRACTICE,25930755,133744.70
Department of Health,NHS South Tees CCG,2/28/2019,C&M-GMS/PMS,PRC DELEGATED CO-COMMISSIONING,SPRINGWOOD SURGERY,25930757,74647.99
Department of Health,NHS South Tees CCG,2/28/2019,C&M-GMS/PMS,PRC DELEGATED CO-COMMISSIONING,VILLAGE MEDICAL CENTRE MIDDLESBROUGH,25930761,91637.54
Department of Health,NHS South Tees CCG,2/28/2019,C&M-GMS/PMS,PRC DELEGATED CO-COMMISSIONING,WESTBOURNE MEDICAL CENTRE MIDDLESBROUGH,25930763,48029.92
Department of Health,NHS South Tees CCG,2/28/2019,C&M-GMS/PMS,PRC DELEGATED CO-COMMISSIONING,WOODLAND SURGERY MIDDLESBROUGH,25956134,-26518.57
Department of Health,NHS South Tees CCG,2/28/2019,C&M-GMS/PMS,PRC DELEGATED CO-COMMISSIONING,WOODLAND SURGERY MIDDLESBROUGH,25956135,109585.16
Department of Health,NHS South Tees CCG,2/28/2019,C&M-GMS/PMS,PRC DELEGATED CO-COMMISSIONING,WOODSIDE SURGERY SALTBURN SEA,25930765,66861.64
Department of Health,NHS South Tees CCG,2/28/2019,C&M-GMS/PMS,PRC DELEGATED CO-COMMISSIONING,ZETLAND MEDICAL PRACTICE,25956137,107396.87
Department of Health,NHS South Tees CCG,2/28/2019,Prescribing,PRESCRIBING,MIDDLESBROUGH COUNCIL,26152569,51999.50
Department of Health,NHS South Tees CCG,2/28/2019,Cont Care- Adult Joint Funded,CHC ADULT JOINT FUNDED,MIDDLESBROUGH COUNCIL,25934942,585058.10
Department of Health,NHS South Tees CCG,2/28/2019,Cont Care- Adult Joint Funded,CHC ADULT JOINT FUNDED,REDCAR & CLEVELAND BOROUGH COUNCIL,25934919,994947.88
Department of Health,NHS South Tees CCG,2/28/2019,Cont Care- Children,CHC CHILDREN,MIDDLESBROUGH COUNCIL,25934936,38349.03
Department of Health,NHS South Tees CCG,2/28/2019,Cont Care- Children,CHC CHILDREN,REDCAR & CLEVELAND BOROUGH COUNCIL,25934914,59239.98
Department of Health,NHS South Tees CCG,2/28/2019,Cont Care-Funded Nursing Care Allow,FUNDED NURSING CARE,MIDDLESBROUGH COUNCIL,25934945,231250.15
Department of Health,NHS South Tees CCG,2/28/2019,Cont Care-Funded Nursing Care Allow,FUNDED NURSING CARE,REDCAR & CLEVELAND BOROUGH COUNCIL,25934924,313191.79
Department of Health,NHS South Tees CCG,2/28/2019,Charges from CSU,CONTINUING HEALTHCARE ASSESSMENT & SUPPORT,NHS NORTH OF ENGLAND CSU,25973451,22776.86
Department of Health,NHS South Tees CCG,2/28/2019,Charges from CSU,PRIMARY CARE IT,NHS NORTH OF ENGLAND CSU,25973451,19634.50
Department of Health,NHS South Tees CCG,2/28/2019,Charges from CSU,ADMINISTRATION & BUSINESS SUPPORT,NHS NORTH OF ENGLAND CSU,25973451,82428.81
Department of Health,NHS South Tees CCG,2/28/2019,Charges from CSU,MEDICINES MANAGEMENT - CLINICAL,NHS NORTH OF ENGLAND CSU,25973451,20634.05
Department of Health,NHS South Tees CCG,2/28/2019,Charges from CSU,PATIENT TRANSPORT,NHS NORTH OF ENGLAND CSU,25973451,5111.78
Department of Health,NHS South Tees CCG,2/28/2019,Income tax <1Yr,BALANCE SHEET,HMRC,25933931,24615.40
Department of Health,NHS South Tees CCG,2/28/2019,Income tax <1Yr-Student Loans,BALANCE SHEET,HMRC,25933931,167.00
Department of Health,NHS South Tees CCG,2/28/2019,National Insurance < 1 yr-NI- ERS,BALANCE SHEET,HMRC,25933931,13926.34
Department of Health,NHS South Tees CCG,2/28/2019,National Insurance < 1 yr-NI-EES,BALANCE SHEET,HMRC,25933931,9006.51
Department of Health,NHS South Tees CCG,2/28/2019,Clinical&Medical-Voluntary Sector,IMPROVING ACCESS TO PSYCHOLOGICAL THERAPIES,INSIGHT HEALTHCARE LTD,25863300,41931.31
Department of Health,NHS South Tees CCG,2/28/2019,Clinical&Medical-Voluntary Sector,IMPROVING ACCESS TO PSYCHOLOGICAL THERAPIES,MIDDLESBROUGH & STOCKON MIND,25979481,65555.89
Department of Health,NHS South Tees CCG,2/28/2019,Clinical&Medical-Voluntary Sector,IMPROVING ACCESS TO PSYCHOLOGICAL THERAPIES,MIDDLESBROUGH & STOCKON MIND,26088865,41951.10
Department of Health,NHS South Tees CCG,2/28/2019,Clinical&Medical-Voluntary Sector,IMPROVING ACCESS TO PSYCHOLOGICAL THERAPIES,STARFISH HEALTH & WELLBEING,25533025,34468.17
Department of Health,NHS South Tees CCG,2/28/2019,Clinical&Medical-Voluntary Sector,IMPROVING ACCESS TO PSYCHOLOGICAL THERAPIES,STARFISH HEALTH & WELLBEING,25645095,37468.17
Department of Health,NHS South Tees CCG,2/28/2019,Clinical&Medical-Voluntary Sector,IMPROVING ACCESS TO PSYCHOLOGICAL THERAPIES,STARFISH HEALTH & WELLBEING,25645096,-34468.17
Department of Health,NHS South Tees CCG,2/28/2019,Clinical&Medical-Voluntary Sector,IMPROVING ACCESS TO PSYCHOLOGICAL THERAPIES,STARFISH HEALTH & WELLBEING,25979488,44561.21
Department of Health,NHS South Tees CCG,2/28/2019,Clinical&Medical-Commercial Sector,ACUTE COMMISSIONING,BPAS,26072381,37906.00
Department of Health,NHS South Tees CCG,2/28/2019,Clinical&Medical-Commercial Sector,COMMUNITY SERVICES,SPECSAVERS HEARCARE LTD,25911391,50902.56
Department of Health,NHS South Tees CCG,2/28/2019,Clinical&Medical-Commercial Sector,OUT OF HOURS,NORTHERN DOCTORS URGENT CARE,25865167,-198575.00
Department of Health,NHS South Tees CCG,2/28/2019,Clinical&Medical-Clinical Other,COMMISSIONING SCHEMES,ELM ALLIANCE,25891985,199101.25
Department of Health,NHS South Tees CCG,2/28/2019,Cont Care- Adult 100% Fully Funded,CHC ADULT FULLY FUNDED,MIDDLESBROUGH COUNCIL,25934932,649544.30
Department of Health,NHS South Tees CCG,2/28/2019,Cont Care- Adult 100% Fully Funded,CHC ADULT FULLY FUNDED,REDCAR & CLEVELAND BOROUGH COUNCIL,25934909,641676.93
Department of Health,NHS South Tees CCG,2/28/2019,Cont Care- Adult 100% Fully Funded,CHC AD FULL FUND PERS HLTH BUD,MIDDLESBROUGH COUNCIL,25934948,68384.24
Department of Health,NHS South Tees CCG,2/28/2019,Cont Care- Adult 100% Fully Funded,CHC AD FULL FUND PERS HLTH BUD,REDCAR & CLEVELAND BOROUGH COUNCIL,25934927,46847.02
Department of Health,NHS South Tees CCG,2/28/2019,Cont Care- Palliative Care,CHC ADULT FULLY FUNDED,MIDDLESBROUGH COUNCIL,25934940,63028.04
Department of Health,NHS South Tees CCG,2/28/2019,Cont Care- Palliative Care,CHC ADULT FULLY FUNDED,REDCAR & CLEVELAND BOROUGH COUNCIL,25934917,58830.17
Department of Health,NHS South Tees CCG,2/28/2019,Cont Care-Learning Disab(<65),CHC AD FULL FUND PERS HLTH BUD,AVALON,26111274,68020.80
Department of Health,NHS South Tees CCG,2/28/2019,Recharge,CEO/ BOARD OFFICE,NHS HARTLEPOOL AND STOCKTON-ON-TEES CCG,26152578,31456.43
Department of Health,NHS South Tees CCG,2/28/2019,Non-PFI Oprtng Lease-Bldgs-Lease Rent,ESTATES AND FACILITIES,NHS PROPERTY SERVICES LTD,26184223,50312.23
Department of Health,NHS South Tees CCG,2/28/2019,Non-PFI Oprtng Lease-Bldgs-Lease Rent,ESTATES AND FACILITIES,NHS PROPERTY SERVICES LTD,26184230,50312.23
Department of Health,NHS South Tees CCG,2/28/2019,Non-PFI Oprtng Lease-Bldgs-Lease Rent,ESTATES AND FACILITIES,NHS PROPERTY SERVICES LTD,26184243,26107.20
Department of Health,NHS South Tees CCG,2/28/2019,Non-PFI Oprtng Lease-Bldgs-Lease Rent,ESTATES AND FACILITIES,NHS PROPERTY SERVICES LTD,26184247,26107.20
