NHS South Tees CCG - Invoices over �25k - November 2018,,,,,,,
Department family,Entity,Date,Expense Type,Expense area,Supplier,Transaction number,AP Amount �
Department of Health,NHS South Tees CCG,11/30/2018,Clinical&Medical-Othe Public Sector,COMMUNITY SERVICES,MIDDLESBROUGH COUNCIL,24716025,230816.74
Department of Health,NHS South Tees CCG,11/30/2018,Clinical&Medical-Othe Public Sector,COMMUNITY SERVICES,MIDDLESBROUGH COUNCIL,24716026,74583.23
Department of Health,NHS South Tees CCG,11/30/2018,Clinical&Medical-Othe Public Sector,COMMUNITY SERVICES,MIDDLESBROUGH COUNCIL,24716027,75694.16
Department of Health,NHS South Tees CCG,11/30/2018,Clinical&Medical-Othe Public Sector,REABLEMENT,MIDDLESBROUGH COUNCIL,24557278,29845.33
Department of Health,NHS South Tees CCG,11/30/2018,Clinical&Medical-Othe Public Sector,REABLEMENT,MIDDLESBROUGH COUNCIL,24636279,2000000.00
Department of Health,NHS South Tees CCG,11/30/2018,Clinical&Medical-Othe Public Sector,REABLEMENT,REDCAR & CLEVELAND BOROUGH COUNCIL,24558684,2000000.00
Department of Health,NHS South Tees CCG,11/30/2018,Clinical&Medical-Othe Public Sector,REABLEMENT,REDCAR & CLEVELAND BOROUGH COUNCIL,24650050,79850.00
Department of Health,NHS South Tees CCG,11/30/2018,Clinical&Medical-Othe Public Sector,REABLEMENT,REDCAR & CLEVELAND BOROUGH COUNCIL,24650103,-79850.00
Department of Health,NHS South Tees CCG,11/30/2018,Clinical&Medical-Othe Public Sector,Mental Health Services - S117 Mental Health,MIDDLESBROUGH COUNCIL,24656688,310639.19
Department of Health,NHS South Tees CCG,11/30/2018,Clinical&Medical-Othe Public Sector,Mental Health Services - S117 Mental Health,MIDDLESBROUGH COUNCIL,24656691,42902.50
Department of Health,NHS South Tees CCG,11/30/2018,Clinical&Medical-Othe Public Sector,Mental Health Services - S117 Mental Health,REDCAR & CLEVELAND BOROUGH COUNCIL,24656696,188183.56
Department of Health,NHS South Tees CCG,11/30/2018,Clinical&Medical-Othe Public Sector,Mental Health Services - S117 Mental Health,REDCAR & CLEVELAND BOROUGH COUNCIL,24656704,144756.62
Department of Health,NHS South Tees CCG,11/30/2018,Clinical&Medical-Voluntary Sector,IMPROVING ACCESS TO PSYCHOLOGICAL THERAPIES,INSIGHT HEALTHCARE LTD,24639095,43099.73
Department of Health,NHS South Tees CCG,11/30/2018,Clinical&Medical-Voluntary Sector,IMPROVING ACCESS TO PSYCHOLOGICAL THERAPIES,MIDDLESBROUGH & STOCKON MIND,24575731,69920.11
Department of Health,NHS South Tees CCG,11/30/2018,Clinical&Medical-Voluntary Sector,IMPROVING ACCESS TO PSYCHOLOGICAL THERAPIES,STARFISH HEALTH & WELLBEING,24688187,47672.72
Department of Health,NHS South Tees CCG,11/30/2018,Clinical&Medical-Independent Sector,ACUTE COMMISSIONING,NUFFIELD HEALTH,24597753,-61235.00
Department of Health,NHS South Tees CCG,11/30/2018,Clinical&Medical-Independent Sector,ACUTE COMMISSIONING,NUFFIELD HEALTH,24893229,265269.17
Department of Health,NHS South Tees CCG,11/30/2018,Clinical&Medical-Independent Sector,ACUTE COMMISSIONING,NUFFIELD HEALTH,24961350,-81107.57
Department of Health,NHS South Tees CCG,11/30/2018,Clinical&Medical-Independent Sector,ACUTE COMMISSIONING,TEES VALLEY HOSPITAL,24688189,-167610.00
Department of Health,NHS South Tees CCG,11/30/2018,Clinical&Medical-Independent Sector,ACUTE COMMISSIONING,TEES VALLEY HOSPITAL,24924227,-69084.00
Department of Health,NHS South Tees CCG,11/30/2018,Clinical&Medical-Independent Sector,ACUTE COMMISSIONING,TEES VALLEY HOSPITAL,24962298,436621.00
Department of Health,NHS South Tees CCG,11/30/2018,Clinical&Medical-Independent Sector,IMPROVING ACCESS TO PSYCHOLOGICAL THERAPIES,ALLIANCE PSYCHOLOGICAL SERVICES LTD,24716219,62415.22
Department of Health,NHS South Tees CCG,11/30/2018,Clinical&Medical-Independent Sector,IMPROVING ACCESS TO PSYCHOLOGICAL THERAPIES,ALLIANCE PSYCHOLOGICAL SERVICES LTD,24716221,39201.65
Department of Health,NHS South Tees CCG,11/30/2018,Clinical&Medical-Independent Sector,MENTAL HEALTH SERVICES - SPECIALIST SERVICES,NORTHERN LIFE CARE LTD,24589225,29265.60
Department of Health,NHS South Tees CCG,11/30/2018,Clinical&Medical-Independent Sector,MENTAL HEALTH SERVICES - SPECIALIST SERVICES,NORTHERN LIFE CARE LTD,24589272,29265.60
Department of Health,NHS South Tees CCG,11/30/2018,Clinical&Medical-Independent Sector,NON RECURRENT PROGRAMMES,ARTHRITIS RESEARCH UK,24613086,44000.00
Department of Health,NHS South Tees CCG,11/30/2018,Clinical&Medical-Independent Sector,NON RECURRENT PROGRAMMES,ARTHRITIS RESEARCH UK,24613339,-44000.00
Department of Health,NHS South Tees CCG,11/30/2018,Clinical&Medical-Independent Sector,OUT OF HOURS,ELM ALLIANCE,24728704,106004.25
Department of Health,NHS South Tees CCG,11/30/2018,Clinical&Medical-Independent Sector,OUT OF HOURS,ELM ALLIANCE,24969963,106004.25
Department of Health,NHS South Tees CCG,11/30/2018,Clinical&Medical-Independent Sector,Mental Health Services - S117 Mental Health,DANSHELL HEALTHCARE LTD,24656652,27967.63
Department of Health,NHS South Tees CCG,11/30/2018,Clinical&Medical-Independent Sector,Learning Difficulties - S117,POSITIVE INDIVIDUAL PROACTIVE SUPPORT,24656679,28508.19
Department of Health,NHS South Tees CCG,11/30/2018,Clinical&Medical-Independent Sector,MENTAL HEALTH SERVICES - OTHER,MIDDLESBROUGH & STOCKON MIND,24795102,25258.05
Department of Health,NHS South Tees CCG,11/30/2018,Hcare Srv Rec Fdtn Trust-Contract Baseline,ACUTE COMMISSIONING,NEWCASTLE UPON TYNE HOSPITALS NHS FOUNDATION TRUST,24716050,240750.00
Department of Health,NHS South Tees CCG,11/30/2018,Hcare Srv Rec Fdtn Trust-Contract Baseline,ACUTE COMMISSIONING,NORTH TEES & HARTLEPOOL NHS FOUNDATION TRUST,24922531,333333.00
Department of Health,NHS South Tees CCG,11/30/2018,Hcare Srv Rec Fdtn Trust-Contract Baseline,ACUTE COMMISSIONING,SOUTH TEES HOSPITALS NHS FOUNDATION TRUST,24943006,15751229.50
Department of Health,NHS South Tees CCG,11/30/2018,Hcare Srv Rec Fdtn Trust-Contract Baseline,AMBULANCE SERVICES,NORTH EAST AMBULANCE SERVICES NHS TRUST,24622174,951752.20
Department of Health,NHS South Tees CCG,11/30/2018,Hcare Srv Rec Fdtn Trust-Contract Baseline,COMMUNITY SERVICES,SOUTH TEES HOSPITALS NHS FOUNDATION TRUST,24943012,2603873.75
Department of Health,NHS South Tees CCG,11/30/2018,Hcare Srv Rec Fdtn Trust-Contract Baseline,MENTAL HEALTH CONTRACTS,TEES ESK & WEAR VALLEYS NHS FOUNDATION TRUST,24636270,3523152.21
Department of Health,NHS South Tees CCG,11/30/2018,Hcare Srv Rec Fdtn Trust-Contract Baseline,NHS 111,NORTH EAST AMBULANCE SERVICES NHS TRUST,24622173,105555.20
Department of Health,NHS South Tees CCG,11/30/2018,Charges from CSU,ADMINISTRATION & BUSINESS SUPPORT,NHS NORTH OF ENGLAND CSU,24636271,260329.54
Department of Health,NHS South Tees CCG,11/30/2018,Charges from CSU,CONTINUING HEALTHCARE ASSESSMENT & SUPPORT,NHS NORTH OF ENGLAND CSU,24636271,71934.69
Department of Health,NHS South Tees CCG,11/30/2018,Charges from CSU,MEDICINES MANAGEMENT - CLINICAL,NHS NORTH OF ENGLAND CSU,24636271,65167.18
Department of Health,NHS South Tees CCG,11/30/2018,Charges from CSU,PATIENT TRANSPORT,NHS NORTH OF ENGLAND CSU,24636271,16144.22
Department of Health,NHS South Tees CCG,11/30/2018,Charges from CSU,PRIMARY CARE IT,NHS NORTH OF ENGLAND CSU,24636271,62010.37
Department of Health,NHS South Tees CCG,11/30/2018,C&M-GMS/PMS,PRC DELEGATED CO-COMMISSIONING,ASSURA PROPERTIES PLC,24829309,34219.20
Department of Health,NHS South Tees CCG,11/30/2018,C&M-GMS/PMS,PRC DELEGATED CO-COMMISSIONING,ASSURA PROPERTIES PLC,24829319,38518.80
Department of Health,NHS South Tees CCG,11/30/2018,C&M-GMS/PMS,PRC DELEGATED CO-COMMISSIONING,ASSURA PROPERTIES PLC,24829326,28623.90
Department of Health,NHS South Tees CCG,11/30/2018,C&M-GMS/PMS,PRC DELEGATED CO-COMMISSIONING,ASSURA PROPERTIES PLC,24829341,37883.70
Department of Health,NHS South Tees CCG,11/30/2018,C&M-GMS/PMS,PRC DELEGATED CO-COMMISSIONING,BENTLEY MEDICAL PRACTICE,24673034,99679.02
Department of Health,NHS South Tees CCG,11/30/2018,C&M-GMS/PMS,PRC DELEGATED CO-COMMISSIONING,BOROUGH ROAD & NUNTHORPE MEDICAL GROUP,24673035,-26996.82
Department of Health,NHS South Tees CCG,11/30/2018,C&M-GMS/PMS,PRC DELEGATED CO-COMMISSIONING,BOROUGH ROAD & NUNTHORPE MEDICAL GROUP,24673036,129291.28
Department of Health,NHS South Tees CCG,11/30/2018,C&M-GMS/PMS,PRC DELEGATED CO-COMMISSIONING,CAMBRIDGE MEDICAL GROUP,24673038,68663.91
Department of Health,NHS South Tees CCG,11/30/2018,C&M-GMS/PMS,PRC DELEGATED CO-COMMISSIONING,CLEMENTS & PARTNERS,24693028,67243.76
Department of Health,NHS South Tees CCG,11/30/2018,C&M-GMS/PMS,PRC DELEGATED CO-COMMISSIONING,COATHAM SURGERY,24673043,69135.73
Department of Health,NHS South Tees CCG,11/30/2018,C&M-GMS/PMS,PRC DELEGATED CO-COMMISSIONING,COULBY MEDICAL PRACTICE,24673040,73899.69
Department of Health,NHS South Tees CCG,11/30/2018,C&M-GMS/PMS,PRC DELEGATED CO-COMMISSIONING,CROSSFELL HEALTH CENTRE,24673045,98985.77
Department of Health,NHS South Tees CCG,11/30/2018,C&M-GMS/PMS,PRC DELEGATED CO-COMMISSIONING,DISCOVERY PRACTICE,24673047,59032.94
Department of Health,NHS South Tees CCG,11/30/2018,C&M-GMS/PMS,PRC DELEGATED CO-COMMISSIONING,ENDEAVOUR PRACTICE,24693029,-25814.01
Department of Health,NHS South Tees CCG,11/30/2018,C&M-GMS/PMS,PRC DELEGATED CO-COMMISSIONING,ENDEAVOUR PRACTICE,24693030,76355.81
Department of Health,NHS South Tees CCG,11/30/2018,C&M-GMS/PMS,PRC DELEGATED CO-COMMISSIONING,ERIMUS PRACTICE,24673049,85785.52
Department of Health,NHS South Tees CCG,11/30/2018,C&M-GMS/PMS,PRC DELEGATED CO-COMMISSIONING,ESTON SURGERY,24673051,36143.70
Department of Health,NHS South Tees CCG,11/30/2018,C&M-GMS/PMS,PRC DELEGATED CO-COMMISSIONING,FULCRUM MEDICAL PRACTICE,24673053,36885.30
Department of Health,NHS South Tees CCG,11/30/2018,C&M-GMS/PMS,PRC DELEGATED CO-COMMISSIONING,GREEN HOUSE SURGERY,24673055,139617.65
Department of Health,NHS South Tees CCG,11/30/2018,C&M-GMS/PMS,PRC DELEGATED CO-COMMISSIONING,HILLSIDE PRACTICE,24693031,114803.77
Department of Health,NHS South Tees CCG,11/30/2018,C&M-GMS/PMS,PRC DELEGATED CO-COMMISSIONING,HIRSEL MEDICAL CENTRE,24673058,31768.17
Department of Health,NHS South Tees CCG,11/30/2018,C&M-GMS/PMS,PRC DELEGATED CO-COMMISSIONING,HUNTCLIFF SURGERY,24673062,100667.21
Department of Health,NHS South Tees CCG,11/30/2018,C&M-GMS/PMS,PRC DELEGATED CO-COMMISSIONING,KINGS MEDICAL CENTRE,24673064,63836.59
Department of Health,NHS South Tees CCG,11/30/2018,C&M-GMS/PMS,PRC DELEGATED CO-COMMISSIONING,LINTHORPE SURGERY,24673066,193897.60
Department of Health,NHS South Tees CCG,11/30/2018,C&M-GMS/PMS,PRC DELEGATED CO-COMMISSIONING,MANOR HOUSE SURGERY,24673069,86406.88
Department of Health,NHS South Tees CCG,11/30/2018,C&M-GMS/PMS,PRC DELEGATED CO-COMMISSIONING,MARTONSIDE MEDICAL CENTRE,24693032,81385.68
Department of Health,NHS South Tees CCG,11/30/2018,C&M-GMS/PMS,PRC DELEGATED CO-COMMISSIONING,NEWLANDS MEDICAL CENTRE,24673073,112407.59
Department of Health,NHS South Tees CCG,11/30/2018,C&M-GMS/PMS,PRC DELEGATED CO-COMMISSIONING,NORMANBY MEDICAL CENTRE,24673071,163632.89
Department of Health,NHS South Tees CCG,11/30/2018,C&M-GMS/PMS,PRC DELEGATED CO-COMMISSIONING,PARK SURGERY,24673075,104371.77
Department of Health,NHS South Tees CCG,11/30/2018,C&M-GMS/PMS,PRC DELEGATED CO-COMMISSIONING,PARKWAY MEDICAL CENTRE,24673077,70233.79
Department of Health,NHS South Tees CCG,11/30/2018,C&M-GMS/PMS,PRC DELEGATED CO-COMMISSIONING,PROSPECT SURGERY,24673079,74687.75
Department of Health,NHS South Tees CCG,11/30/2018,C&M-GMS/PMS,PRC DELEGATED CO-COMMISSIONING,RAVENSCAR SURGERY,24673101,149799.80
Department of Health,NHS South Tees CCG,11/30/2018,C&M-GMS/PMS,PRC DELEGATED CO-COMMISSIONING,RESOLUTION HEALTH CENTRE,24648984,248008.62
Department of Health,NHS South Tees CCG,11/30/2018,C&M-GMS/PMS,PRC DELEGATED CO-COMMISSIONING,SALTSCAR SURGERY,24673081,82651.26
Department of Health,NHS South Tees CCG,11/30/2018,C&M-GMS/PMS,PRC DELEGATED CO-COMMISSIONING,SMITH & PARTNERS,24673083,108995.54
Department of Health,NHS South Tees CCG,11/30/2018,C&M-GMS/PMS,PRC DELEGATED CO-COMMISSIONING,SOUTH GRANGE MEDICAL GROUP PRACTICE,24673085,134167.98
Department of Health,NHS South Tees CCG,11/30/2018,C&M-GMS/PMS,PRC DELEGATED CO-COMMISSIONING,SPRINGWOOD SURGERY,24673087,72257.13
Department of Health,NHS South Tees CCG,11/30/2018,C&M-GMS/PMS,PRC DELEGATED CO-COMMISSIONING,VILLAGE MEDICAL CENTRE MIDDLESBROUGH,24673091,92904.12
Department of Health,NHS South Tees CCG,11/30/2018,C&M-GMS/PMS,PRC DELEGATED CO-COMMISSIONING,WESTBOURNE MEDICAL CENTRE MIDDLESBROUGH,24673093,48117.34
Department of Health,NHS South Tees CCG,11/30/2018,C&M-GMS/PMS,PRC DELEGATED CO-COMMISSIONING,WOODLAND SURGERY MIDDLESBROUGH,24673095,90819.32
Department of Health,NHS South Tees CCG,11/30/2018,C&M-GMS/PMS,PRC DELEGATED CO-COMMISSIONING,WOODSIDE SURGERY SALTBURN SEA,24673097,67421.87
Department of Health,NHS South Tees CCG,11/30/2018,C&M-GMS/PMS,PRC DELEGATED CO-COMMISSIONING,ZETLAND MEDICAL PRACTICE,24673099,81657.55
Department of Health,NHS South Tees CCG,11/30/2018,Prescribing,PRESCRIBING,MIDDLESBROUGH COUNCIL,24650085,55583.96
Department of Health,NHS South Tees CCG,11/30/2018,Prescribing,PRESCRIBING,MIDDLESBROUGH COUNCIL,24650099,56949.95
Department of Health,NHS South Tees CCG,11/30/2018,Cont Care-Learning Disab(<65),CHC ADULT FULLY FUNDED,SAINT JOHN OF GOD HOSPITALLER SERVICES,24656677,27878.96
Department of Health,NHS South Tees CCG,11/30/2018,Cont Care- Adult 100% Fully Funded,CHC ADULT FULLY FUNDED,MIDDLESBROUGH COUNCIL,24656684,455288.06
Department of Health,NHS South Tees CCG,11/30/2018,Cont Care- Adult 100% Fully Funded,CHC ADULT FULLY FUNDED,REDCAR & CLEVELAND BOROUGH COUNCIL,24656692,333672.00
Department of Health,NHS South Tees CCG,11/30/2018,Cont Care- Adult 100% Fully Funded,CHC AD FULL FUND PERS HLTH BUD,MIDDLESBROUGH COUNCIL,24656690,47932.88
Department of Health,NHS South Tees CCG,11/30/2018,Cont Care- Children,CHC CHILDREN,MIDDLESBROUGH COUNCIL,24656685,26880.16
Department of Health,NHS South Tees CCG,11/30/2018,Cont Care- Children,CHC CHILDREN,MIDDLESBROUGH COUNCIL,24732479,26650.00
Department of Health,NHS South Tees CCG,11/30/2018,Cont Care- Children,CHC CHILDREN,MIDDLESBROUGH COUNCIL,24732480,36857.13
Department of Health,NHS South Tees CCG,11/30/2018,Cont Care- Children,CHC CHILDREN,MIDDLESBROUGH COUNCIL,24732483,11853.32
Department of Health,NHS South Tees CCG,11/30/2018,Cont Care- Children,CHC CHILDREN,MIDDLESBROUGH COUNCIL,24732485,77021.43
Department of Health,NHS South Tees CCG,11/30/2018,Cont Care- Children,CHC CHILDREN,REDCAR & CLEVELAND BOROUGH COUNCIL,24656693,30804.79
Department of Health,NHS South Tees CCG,11/30/2018,Cont Care- Palliative Care,CHC ADULT FULLY FUNDED,MIDDLESBROUGH COUNCIL,24656686,44178.53
Department of Health,NHS South Tees CCG,11/30/2018,Cont Care- Palliative Care,CHC ADULT FULLY FUNDED,REDCAR & CLEVELAND BOROUGH COUNCIL,24656694,30591.69
Department of Health,NHS South Tees CCG,11/30/2018,Cont Care- Adult Joint Funded,CHC ADULT JOINT FUNDED,MIDDLESBROUGH COUNCIL,24656687,410087.45
Department of Health,NHS South Tees CCG,11/30/2018,Cont Care- Adult Joint Funded,CHC ADULT JOINT FUNDED,REDCAR & CLEVELAND BOROUGH COUNCIL,24656695,517372.90
Department of Health,NHS South Tees CCG,11/30/2018,Cont Care-Funded Nursing Care Allow,FUNDED NURSING CARE,MIDDLESBROUGH COUNCIL,24656689,162091.23
Department of Health,NHS South Tees CCG,11/30/2018,Cont Care-Funded Nursing Care Allow,FUNDED NURSING CARE,REDCAR & CLEVELAND BOROUGH COUNCIL,24656697,162859.73
Department of Health,NHS South Tees CCG,11/30/2018,Cont Care- Prior Year Payments,CHC ADULT FULLY FUNDED,REDCAR & CLEVELAND BOROUGH COUNCIL,24656700,256670.84
Department of Health,NHS South Tees CCG,11/30/2018,Cont Care- Prior Year Payments,FUNDED NURSING CARE,REDCAR & CLEVELAND BOROUGH COUNCIL,24656705,125276.68
Department of Health,NHS South Tees CCG,11/30/2018,Cont Care- Prior Year Payments,ADULT JOINT FUNDED CONTINUING CARE,REDCAR & CLEVELAND BOROUGH COUNCIL,24656703,397979.15
Department of Health,NHS South Tees CCG,11/30/2018,Cont Care- Prior Year Payments,Children's Continuing Care,MIDDLESBROUGH COUNCIL,24732479,65515.21
Department of Health,NHS South Tees CCG,11/30/2018,Cont Care- Prior Year Payments,Children's Continuing Care,MIDDLESBROUGH COUNCIL,24732480,69260.13
Department of Health,NHS South Tees CCG,11/30/2018,Cont Care- Prior Year Payments,Children's Continuing Care,MIDDLESBROUGH COUNCIL,24732483,98014.95
Department of Health,NHS South Tees CCG,11/30/2018,Cont Care- Prior Year Payments,Children's Continuing Care,MIDDLESBROUGH COUNCIL,24732484,131485.03
Department of Health,NHS South Tees CCG,11/30/2018,Cont Care- Prior Year Payments,Children's Continuing Care,MIDDLESBROUGH COUNCIL,24732485,26650.00
Department of Health,NHS South Tees CCG,11/30/2018,Clinical&Medical-Clinical Other,COMMISSIONING SCHEMES,ELM ALLIANCE,24728706,199101.25
Department of Health,NHS South Tees CCG,11/30/2018,Clinical&Medical-Clinical Other,COMMISSIONING SCHEMES,ELM ALLIANCE,24969964,199101.25
Department of Health,NHS South Tees CCG,11/30/2018,Income tax <1Yr,BALANCE SHEET,HMRC,24740960,26212.80
Department of Health,NHS South Tees CCG,11/30/2018,Income tax <1Yr-Student Loans,BALANCE SHEET,HMRC,24740960,148.00
Department of Health,NHS South Tees CCG,11/30/2018,National Insurance < 1 yr-NI- ERS,BALANCE SHEET,HMRC,24740960,15610.99
Department of Health,NHS South Tees CCG,11/30/2018,National Insurance < 1 yr-NI-EES,BALANCE SHEET,HMRC,24740960,10430.43
Department of Health,NHS South Tees CCG,11/30/2018,Clinical&Medical-Commercial Sector,ACUTE COMMISSIONING,BPAS,24795109,40942.00
Department of Health,NHS South Tees CCG,11/30/2018,Clinical&Medical-Commercial Sector,ACUTE COMMISSIONING,BPAS,24922532,27460.00
