Time run: 20/08/2018 08:41:50,,,,,,,,,
,,,,,,,,,
Department family,Entity,Date,Expense Type,Expense area,Supplier,Transaction number,AP Amount (�),VAT registration number,Purchase invoice number
Department of Health,NHS North East Essex CCG,7/31/2018,C&M-GMS Dispensing Quality Sch,PRC DELEGATED CO-COMMISSIONING,ABBEY FIELD MEDICAL CENTRE,23182448,294.12,,EX000073362
Department of Health,NHS North East Essex CCG,7/31/2018,C&M-GMS Global Sum,PRC DELEGATED CO-COMMISSIONING,ABBEY FIELD MEDICAL CENTRE,23182448,"125,761.69",,EX000073362
Department of Health,NHS North East Essex CCG,7/31/2018,C&M-GMS MPIG Correction Factor,PRC DELEGATED CO-COMMISSIONING,ABBEY FIELD MEDICAL CENTRE,23182448,"5,040.69",,EX000073362
Department of Health,NHS North East Essex CCG,7/31/2018,C&M-GMS Other FDR Payment,PRC DELEGATED CO-COMMISSIONING,ABBEY FIELD MEDICAL CENTRE,23182448,"5,313.31",,EX000073362
Department of Health,NHS North East Essex CCG,7/31/2018,C&M-GMS Prem Actual Rent,PRC DELEGATED CO-COMMISSIONING,ABBEY FIELD MEDICAL CENTRE,23182448,"2,868.73",,EX000073362
Department of Health,NHS North East Essex CCG,7/31/2018,C&M-GMS Prem Notional Rent,PRC DELEGATED CO-COMMISSIONING,ABBEY FIELD MEDICAL CENTRE,23182448,"1,104.17",,EX000073362
Department of Health,NHS North East Essex CCG,7/31/2018,C&M-GMS Prem Rates,PRC DELEGATED CO-COMMISSIONING,ABBEY FIELD MEDICAL CENTRE,23182448,"47,248.96",,EX000073362
Department of Health,NHS North East Essex CCG,7/31/2018,C&M-GMS Prem Water Rates,PRC DELEGATED CO-COMMISSIONING,ABBEY FIELD MEDICAL CENTRE,23182448,"2,771.56",,EX000073362
Department of Health,NHS North East Essex CCG,7/31/2018,C&M-GMS QOF Aspiration,PRC DELEGATED CO-COMMISSIONING,ABBEY FIELD MEDICAL CENTRE,23182448,"13,601.51",,EX000073362
Department of Health,NHS North East Essex CCG,7/31/2018,ME - GMS GP Prior Year ERs,PRC DELEGATED CO-COMMISSIONING,ABBEY FIELD MEDICAL CENTRE,23182448,"9,700.55",,EX000073362
Department of Health,NHS North East Essex CCG,7/31/2018,ME-GMS GP Prior Year EEs,PRC DELEGATED CO-COMMISSIONING,ABBEY FIELD MEDICAL CENTRE,23182448,"11,179.50",,EX000073362
,,,,,,,"224,884.79",,EX000073362 Total
Department of Health,NHS North East Essex CCG,7/31/2018,C&M-GMS Cost of Drugs -Dispensing,LOCAL ENHANCED SERVICES,ABBEY FIELD MEDICAL CENTRE,23203529,"31,450.14",,EX000073873
Department of Health,NHS North East Essex CCG,7/31/2018,C&M-GMS Prof Fees Dispensing,PRC DELEGATED CO-COMMISSIONING,ABBEY FIELD MEDICAL CENTRE,23203529,"5,534.46",,EX000073873
Department of Health,NHS North East Essex CCG,7/31/2018,C&M-GMS PrscrptnChrgsColl&RmttdbyGP,LOCAL ENHANCED SERVICES,ABBEY FIELD MEDICAL CENTRE,23203529,686.4,,EX000073873
,,,,,,,"37,671.00",,EX000073873 Total
Department of Health,NHS North East Essex CCG,7/31/2018,C&M-APMS Contract Value,PRC DELEGATED CO-COMMISSIONING,ACE COMMUNITY PRACTICE,22948218,"227,063.18",,EX000073208
Department of Health,NHS North East Essex CCG,7/31/2018,C&M-APMS List Size Adjustment,PRC DELEGATED CO-COMMISSIONING,ACE COMMUNITY PRACTICE,22948218,"1,040.59",,EX000073208
Department of Health,NHS North East Essex CCG,7/31/2018,C&M-APMS Prem Actual Rent,PRC DELEGATED CO-COMMISSIONING,ACE COMMUNITY PRACTICE,22948218,"7,259.03",,EX000073208
Department of Health,NHS North East Essex CCG,7/31/2018,C&M-APMS QOF Aspiration,PRC DELEGATED CO-COMMISSIONING,ACE COMMUNITY PRACTICE,22948218,"7,116.21",,EX000073208
Department of Health,NHS North East Essex CCG,7/31/2018,C&M-PMS QOF Achievement,PRC DELEGATED CO-COMMISSIONING,ACE COMMUNITY PRACTICE,22948218,"34,071.04",,EX000073208
Department of Health,NHS North East Essex CCG,7/31/2018,C&M-PMS QOF Aspiration,PRC DELEGATED CO-COMMISSIONING,ACE COMMUNITY PRACTICE,22948218,"8,550.85",,EX000073208
,,,,,,,"285,100.90",,EX000073208 Total
Department of Health,NHS North East Essex CCG,7/31/2018,C&M-GMS DES Extended Hours Access,PRC DELEGATED CO-COMMISSIONING,AHMAD H S,23182367,"1,671.05",,EX000073322
Department of Health,NHS North East Essex CCG,7/31/2018,C&M-GMS DES Minor Surgery,PRC DELEGATED CO-COMMISSIONING,AHMAD H S,23182367,563.68,,EX000073322
Department of Health,NHS North East Essex CCG,7/31/2018,C&M-GMS Dispensing Quality Sch,PRC DELEGATED CO-COMMISSIONING,AHMAD H S,23182367,"4,360.20",,EX000073322
Department of Health,NHS North East Essex CCG,7/31/2018,C&M-GMS Global Sum,PRC DELEGATED CO-COMMISSIONING,AHMAD H S,23182367,"25,762.71",,EX000073322
Department of Health,NHS North East Essex CCG,7/31/2018,C&M-GMS Other FDR Payment,PRC DELEGATED CO-COMMISSIONING,AHMAD H S,23182367,"2,221.50",,EX000073322
Department of Health,NHS North East Essex CCG,7/31/2018,C&M-GMS Prem Notional Rent,PRC DELEGATED CO-COMMISSIONING,AHMAD H S,23182367,"1,655.50",,EX000073322
Department of Health,NHS North East Essex CCG,7/31/2018,C&M-GMS QOF Aspiration,PRC DELEGATED CO-COMMISSIONING,AHMAD H S,23182367,"2,720.51",,EX000073322
,,,,,,,"38,955.15",,EX000073322 Total
Department of Health,NHS North East Essex CCG,7/31/2018,C&M-GMS Cost of Drugs -Dispensing,LOCAL ENHANCED SERVICES,AHMAD H S,23203509,"41,118.62",,EX000073853
Department of Health,NHS North East Essex CCG,7/31/2018,C&M-GMS Prof Fees Dispensing,PRC DELEGATED CO-COMMISSIONING,AHMAD H S,23203509,"6,806.85",,EX000073853
Department of Health,NHS North East Essex CCG,7/31/2018,C&M-GMS PrscrptnChrgsColl&RmttdbyGP,LOCAL ENHANCED SERVICES,AHMAD H S,23203509,"1,434.40",,EX000073853
,,,,,,,"49,359.87",,EX000073853 Total
Department of Health,NHS North East Essex CCG,7/31/2018,Clinical&Medical-Commercial Sector,PLANNED CARE,ALLIANCE MEDICAL LTD,22917165,"32,502.39",GB 523318667,AML100274
,,,,,,,"32,502.39",,AML100274 Total
Department of Health,NHS North East Essex CCG,7/31/2018,C&M-GMS DES Minor Surgery,PRC DELEGATED CO-COMMISSIONING,AMBROSE AVENUE GROUP PRACTICE,23182440,"2,558.24",,EX000073358
Department of Health,NHS North East Essex CCG,7/31/2018,C&M-GMS Global Sum,PRC DELEGATED CO-COMMISSIONING,AMBROSE AVENUE GROUP PRACTICE,23182440,"107,659.78",,EX000073358
Department of Health,NHS North East Essex CCG,7/31/2018,C&M-GMS MPIG Correction Factor,PRC DELEGATED CO-COMMISSIONING,AMBROSE AVENUE GROUP PRACTICE,23182440,701.49,,EX000073358
Department of Health,NHS North East Essex CCG,7/31/2018,C&M-GMS Prem Actual Rent,PRC DELEGATED CO-COMMISSIONING,AMBROSE AVENUE GROUP PRACTICE,23182440,"15,670.92",,EX000073358
Department of Health,NHS North East Essex CCG,7/31/2018,C&M-GMS Prem Notional Rent,PRC DELEGATED CO-COMMISSIONING,AMBROSE AVENUE GROUP PRACTICE,23182440,"5,104.17",,EX000073358
Department of Health,NHS North East Essex CCG,7/31/2018,C&M-GMS Prem Other,PRC DELEGATED CO-COMMISSIONING,AMBROSE AVENUE GROUP PRACTICE,23182440,"5,311.66",,EX000073358
Department of Health,NHS North East Essex CCG,7/31/2018,C&M-GMS QOF Aspiration,PRC DELEGATED CO-COMMISSIONING,AMBROSE AVENUE GROUP PRACTICE,23182440,"11,667.91",,EX000073358
,,,,,,,"148,674.17",,EX000073358 Total
Department of Health,NHS North East Essex CCG,7/31/2018,Clinical&Medical-Independent Sector,COMMUNITY SERVICES,ANGLIAN COMMUNITY ENTERPRISE CIC,23036518,"107,619.54",107576214,7000018393
,,,,,,,"107,619.54",,7000018393 Total
Department of Health,NHS North East Essex CCG,7/31/2018,Clinical&Medical-Independent Sector,COMMUNITY SERVICES,ANGLIAN COMMUNITY ENTERPRISE CIC,22905152,"1,587,526.00",107576214,7000018530
,,,,,,,"1,587,526.00",,7000018530 Total
Department of Health,NHS North East Essex CCG,7/31/2018,Clinical&Medical-Independent Sector,COMMUNITY SERVICES,ANGLIAN COMMUNITY ENTERPRISE CIC,23036522,"28,974.00",107576214,7000018560
,,,,,,,"28,974.00",,7000018560 Total
Department of Health,NHS North East Essex CCG,7/31/2018,Clinical&Medical-Independent Sector,COMMUNITY SERVICES,ANGLIAN COMMUNITY ENTERPRISE CIC,23008225,"1,491,044.00",107576214,7000018572
,,,,,,,"1,491,044.00",,7000018572 Total
Department of Health,NHS North East Essex CCG,7/31/2018,Clinical&Medical-Independent Sector,COMMUNITY SERVICES,ANGLIAN COMMUNITY ENTERPRISE CIC,23095972,"147,957.83",107576214,7000018573
,,,,,,,"147,957.83",,7000018573 Total
Department of Health,NHS North East Essex CCG,7/31/2018,C&M-GMS Dispensing Quality Sch,PRC DELEGATED CO-COMMISSIONING,ARDLEIGH SURGERY,23182473,"12,863.88",,EX000073374
Department of Health,NHS North East Essex CCG,7/31/2018,C&M-GMS Global Sum,PRC DELEGATED CO-COMMISSIONING,ARDLEIGH SURGERY,23182473,"56,048.90",,EX000073374
Department of Health,NHS North East Essex CCG,7/31/2018,C&M-GMS MPIG Correction Factor,PRC DELEGATED CO-COMMISSIONING,ARDLEIGH SURGERY,23182473,"1,385.17",,EX000073374
Department of Health,NHS North East Essex CCG,7/31/2018,C&M-GMS Prem Actual Rent,PRC DELEGATED CO-COMMISSIONING,ARDLEIGH SURGERY,23182473,625,,EX000073374
Department of Health,NHS North East Essex CCG,7/31/2018,C&M-GMS Prem Notional Rent,PRC DELEGATED CO-COMMISSIONING,ARDLEIGH SURGERY,23182473,"3,541.67",,EX000073374
Department of Health,NHS North East Essex CCG,7/31/2018,C&M-GMS QOF Aspiration,PRC DELEGATED CO-COMMISSIONING,ARDLEIGH SURGERY,23182473,"5,595.15",,EX000073374
,,,,,,,"80,059.77",,EX000073374 Total
Department of Health,NHS North East Essex CCG,7/31/2018,C&M-GMS Cost of Drugs -Dispensing,LOCAL ENHANCED SERVICES,ARDLEIGH SURGERY,23203530,"-57,455.36",,EX000073874
Department of Health,NHS North East Essex CCG,7/31/2018,C&M-GMS PrscChrgsCll&RmttdbyGPCntra,PRC DELEGATED CO-COMMISSIONING,ARDLEIGH SURGERY,23203530,"-3,009.60",,EX000073874
,,,,,,,"-60,464.96",,EX000073874 Total
Department of Health,NHS North East Essex CCG,7/31/2018,C&M-GMS Cost of Drugs -Dispensing,LOCAL ENHANCED SERVICES,ARDLEIGH SURGERY,23203531,"90,646.57",,EX000073875
Department of Health,NHS North East Essex CCG,7/31/2018,C&M-GMS Prof Fees Dispensing,PRC DELEGATED CO-COMMISSIONING,ARDLEIGH SURGERY,23203531,"16,749.60",,EX000073875
Department of Health,NHS North East Essex CCG,7/31/2018,C&M-GMS PrscrptnChrgsColl&RmttdbyGP,LOCAL ENHANCED SERVICES,ARDLEIGH SURGERY,23203531,"3,009.60",,EX000073875
,,,,,,,"110,405.77",,EX000073875 Total
Department of Health,NHS North East Essex CCG,7/31/2018,Rent,ESTATES AND FACILITIES,ASPEN HOUSE,22905154,"74,784.00",,2018025
,,,,,,,"74,784.00",,2018025 Total
Department of Health,NHS North East Essex CCG,7/31/2018,Hcare Srv Rec NHS Trust-Contract Baseline,ACUTE COMMISSIONING,BARKING HAVERING AND REDBRIDGE HOSPITALS NHS TRUST,22970025,"51,107.00",,8450716
,,,,,,,"51,107.00",,8450716 Total
Department of Health,NHS North East Essex CCG,7/31/2018,Hcare Srv Rec NHS Trust-Contract Baseline,ACUTE COMMISSIONING,BARTS HEALTH NHS TRUST,23095947,"205,670.10",,341190
,,,,,,,"205,670.10",,341190 Total
Department of Health,NHS North East Essex CCG,7/31/2018,Hcare Srv Rec Fdtn Trust-Contract Baseline,ACUTE COMMISSIONING,BASILDON & THURROCK UNIVERSITY HOSPITALS NHS FOUNDATION TRUST,23036526,"135,012.00",,96520
,,,,,,,"135,012.00",,0000096520 Total
Department of Health,NHS North East Essex CCG,7/31/2018,C&M-GMS DES Minor Surgery,PRC DELEGATED CO-COMMISSIONING,BEST M & PARTNER,23182360,953.92,,EX000073320
Department of Health,NHS North East Essex CCG,7/31/2018,C&M-GMS Global Sum,PRC DELEGATED CO-COMMISSIONING,BEST M & PARTNER,23182360,"49,352.12",,EX000073320
Department of Health,NHS North East Essex CCG,7/31/2018,C&M-GMS Other FDR Payment,PRC DELEGATED CO-COMMISSIONING,BEST M & PARTNER,23182360,"2,530.20",,EX000073320
Department of Health,NHS North East Essex CCG,7/31/2018,C&M-GMS Prem Actual Rent,PRC DELEGATED CO-COMMISSIONING,BEST M & PARTNER,23182360,"10,244.00",,EX000073320
Department of Health,NHS North East Essex CCG,7/31/2018,C&M-GMS QOF Aspiration,PRC DELEGATED CO-COMMISSIONING,BEST M & PARTNER,23182360,"4,634.07",,EX000073320
,,,,,,,"67,714.31",,EX000073320 Total
Department of Health,NHS North East Essex CCG,7/31/2018,C&M-GMS DES Extended Hours Access,PRC DELEGATED CO-COMMISSIONING,BLUEBELL SURGERY (THE),23182453,"1,817.83",,EX000073364
Department of Health,NHS North East Essex CCG,7/31/2018,C&M-GMS Global Sum,PRC DELEGATED CO-COMMISSIONING,BLUEBELL SURGERY (THE),23182453,"20,864.33",,EX000073364
Department of Health,NHS North East Essex CCG,7/31/2018,C&M-GMS MPIG Correction Factor,PRC DELEGATED CO-COMMISSIONING,BLUEBELL SURGERY (THE),23182453,"1,395.46",,EX000073364
Department of Health,NHS North East Essex CCG,7/31/2018,C&M-GMS PCO Other,PRC DELEGATED CO-COMMISSIONING,BLUEBELL SURGERY (THE),23182453,"3,845.00",,EX000073364
Department of Health,NHS North East Essex CCG,7/31/2018,C&M-GMS Prem Actual Rent,PRC DELEGATED CO-COMMISSIONING,BLUEBELL SURGERY (THE),23182453,"6,231.00",,EX000073364
Department of Health,NHS North East Essex CCG,7/31/2018,C&M-GMS QOF Aspiration,PRC DELEGATED CO-COMMISSIONING,BLUEBELL SURGERY (THE),23182453,"1,492.43",,EX000073364
,,,,,,,"35,646.05",,EX000073364 Total
Department of Health,NHS North East Essex CCG,7/31/2018,Hcare Srv Rec Fdtn Trust-Contract Baseline,ACUTE COMMISSIONING,CAMBRIDGE UNIVERSITY HOSPITALS NHS FOUNDATION TRUST,23059710,"-33,565.49",,60028712
,,,,,,,"-33,565.49",,60028712 Total
Department of Health,NHS North East Essex CCG,7/31/2018,Hcare Srv Rec Fdtn Trust-Contract Baseline,ACUTE COMMISSIONING,CAMBRIDGE UNIVERSITY HOSPITALS NHS FOUNDATION TRUST,22916958,"164,405.92",,70022269
,,,,,,,"164,405.92",,70022269 Total
Department of Health,NHS North East Essex CCG,7/31/2018,C&M-APMS Contract Value,PRC DELEGATED CO-COMMISSIONING,CARADOC SURGERY,22948211,"82,947.12",,EX000073204
Department of Health,NHS North East Essex CCG,7/31/2018,C&M-APMS List Size Adjustment,PRC DELEGATED CO-COMMISSIONING,CARADOC SURGERY,22948211,171.77,,EX000073204
Department of Health,NHS North East Essex CCG,7/31/2018,C&M-APMS Prem Actual Rent,PRC DELEGATED CO-COMMISSIONING,CARADOC SURGERY,22948211,"3,235.42",,EX000073204
Department of Health,NHS North East Essex CCG,7/31/2018,C&M-PMS QOF Aspiration,PRC DELEGATED CO-COMMISSIONING,CARADOC SURGERY,22948211,"5,012.47",,EX000073204
,,,,,,,"91,366.78",,EX000073204 Total
Department of Health,NHS North East Essex CCG,7/31/2018,Clinical&Medical-Commercial Sector,URGENT CARE,CARE UK (URGENT CARE) LTD,22917064,"200,000.00",,100070504
,,,,,,,"200,000.00",,100070504 Total
Department of Health,NHS North East Essex CCG,7/31/2018,Clinical&Medical-Commercial Sector,OUT OF HOURS,CARE UK (URGENT CARE) LTD,23059942,"258,387.21",,100072321
,,,,,,,"258,387.21",,100072321 Total
Department of Health,NHS North East Essex CCG,7/31/2018,Clinical&Medical-Commercial Sector,URGENT CARE,CARE UK (URGENT CARE) LTD,22917100,"200,000.00",,100072378
,,,,,,,"200,000.00",,100072378 Total
Department of Health,NHS North East Essex CCG,7/31/2018,C&M-GMS Practice Transformational Support,LOCAL ENHANCED SERVICES,CARE UK (URGENT CARE) LTD,23100345,"35,947.89",,EXTAQ1005
,,,,,,,"35,947.89",,EXTAQ1005 Total
Department of Health,NHS North East Essex CCG,7/31/2018,C&M-GMS Practice Transformational Support,LOCAL ENHANCED SERVICES,CARE UK (URGENT CARE) LTD,23100363,"35,947.89",,EXTAQ2010
,,,,,,,"35,947.89",,EXTAQ2010 Total
Department of Health,NHS North East Essex CCG,7/31/2018,Clinical&Medical-Commercial Sector,MENTAL HEALTH CONTRACTS,CARE UK COMMUNITY PARTNERSHIPS LTD,22880161,"-109,257.14",594959072,CNTALLT003689
,,,,,,,"-109,257.14",,CNTALLT003689 Total
Department of Health,NHS North East Essex CCG,7/31/2018,C&M-GMS DES Extended Hours Access,PRC DELEGATED CO-COMMISSIONING,CASTLE GARDENS MEDICAL CENTRE,23182371,"12,029.38",,EX000073324
Department of Health,NHS North East Essex CCG,7/31/2018,C&M-GMS DES Minor Surgery,PRC DELEGATED CO-COMMISSIONING,CASTLE GARDENS MEDICAL CENTRE,23182371,"8,195.04",,EX000073324
Department of Health,NHS North East Essex CCG,7/31/2018,C&M-GMS Global Sum,PRC DELEGATED CO-COMMISSIONING,CASTLE GARDENS MEDICAL CENTRE,23182371,"166,694.86",,EX000073324
Department of Health,NHS North East Essex CCG,7/31/2018,C&M-GMS MPIG Correction Factor,PRC DELEGATED CO-COMMISSIONING,CASTLE GARDENS MEDICAL CENTRE,23182371,"5,344.74",,EX000073324
Department of Health,NHS North East Essex CCG,7/31/2018,C&M-GMS PCO Seniority,PRC DELEGATED CO-COMMISSIONING,CASTLE GARDENS MEDICAL CENTRE,23182371,608.08,,EX000073324
Department of Health,NHS North East Essex CCG,7/31/2018,C&M-GMS Prem Actual Rent,PRC DELEGATED CO-COMMISSIONING,CASTLE GARDENS MEDICAL CENTRE,23182371,"3,666.67",,EX000073324
Department of Health,NHS North East Essex CCG,7/31/2018,C&M-GMS Prem Notional Rent,PRC DELEGATED CO-COMMISSIONING,CASTLE GARDENS MEDICAL CENTRE,23182371,"8,820.99",,EX000073324
Department of Health,NHS North East Essex CCG,7/31/2018,C&M-GMS Prem Water Rates,PRC DELEGATED CO-COMMISSIONING,CASTLE GARDENS MEDICAL CENTRE,23182371,149.53,,EX000073324
Department of Health,NHS North East Essex CCG,7/31/2018,C&M-GMS QOF Aspiration,PRC DELEGATED CO-COMMISSIONING,CASTLE GARDENS MEDICAL CENTRE,23182371,"18,106.91",,EX000073324
,,,,,,,"223,616.20",,EX000073324 Total
Department of Health,NHS North East Essex CCG,7/31/2018,C&M-PMS Baseline Adjustment,PRC DELEGATED CO-COMMISSIONING,CHILD S W & PARTNER,22948194,176.12,,EX000073198
Department of Health,NHS North East Essex CCG,7/31/2018,C&M-PMS Contract Value,PRC DELEGATED CO-COMMISSIONING,CHILD S W & PARTNER,22948194,"37,591.38",,EX000073198
Department of Health,NHS North East Essex CCG,7/31/2018,C&M-PMS Out of Hours Opt Outs,PRC DELEGATED CO-COMMISSIONING,CHILD S W & PARTNER,22948194,28.31,,EX000073198
Department of Health,NHS North East Essex CCG,7/31/2018,C&M-PMS Prem Notional Rent,PRC DELEGATED CO-COMMISSIONING,CHILD S W & PARTNER,22948194,"1,383.33",,EX000073198
Department of Health,NHS North East Essex CCG,7/31/2018,C&M-PMS QOF Aspiration,PRC DELEGATED CO-COMMISSIONING,CHILD S W & PARTNER,22948194,"2,981.71",,EX000073198
,,,,,,,"42,160.85",,EX000073198 Total
Department of Health,NHS North East Essex CCG,7/31/2018,Services From Local Authorities,NON RECURRENT PROGRAMMES,COLCHESTER BOROUGH COUNCIL,23036529,"119,000.00",GB449071833,20154189
,,,,,,,"119,000.00",,20154189 Total
Department of Health,NHS North East Essex CCG,7/31/2018,Miscellaneous Expenditure (L9),COMMISSIONING,COLCHESTER HOSPITAL UNIVERSITY NHS FOUNDATION TRUST,23193495,"-66,318.00",654921325,2000005447
,,,,,,,"-66,318.00",,2000005447 Total
Department of Health,NHS North East Essex CCG,7/31/2018,Miscellaneous Expenditure (L9),COMMISSIONING,COLCHESTER HOSPITAL UNIVERSITY NHS FOUNDATION TRUST,23193502,"66,318.00",654921325,2000042652
,,,,,,,"66,318.00",,2000042652 Total
Department of Health,NHS North East Essex CCG,7/31/2018,Hcare Srv Rec Fdtn Trust-Contract Cost per Case,Winter Resilience,COLCHESTER HOSPITAL UNIVERSITY NHS FOUNDATION TRUST,22969845,"66,318.00",654921325,2000043002
,,,,,,,"66,318.00",,2000043002 Total
Department of Health,NHS North East Essex CCG,7/31/2018,Hcare Srv Rec Fdtn Trust-Contract Cost per Case,Winter Resilience,COLCHESTER HOSPITAL UNIVERSITY NHS FOUNDATION TRUST,22969842,"66,318.00",654921325,2000043003
,,,,,,,"66,318.00",,2000043003 Total
Department of Health,NHS North East Essex CCG,7/31/2018,Hcare Srv Rec Fdtn Trust-Contract Cost per Case,Winter Resilience,COLCHESTER HOSPITAL UNIVERSITY NHS FOUNDATION TRUST,22978381,"66,318.00",654921325,2000043254
,,,,,,,"66,318.00",,2000043254 Total
Department of Health,NHS North East Essex CCG,7/31/2018,Hcare Srv Rec Fdtn Trust-Contract Baseline,ACUTE COMMISSIONING,COLCHESTER HOSPITAL UNIVERSITY NHS FOUNDATION TRUST,22859335,"16,272,447.92",654921325,2000043310
,,,,,,,"16,272,447.92",,2000043310 Total
Department of Health,NHS North East Essex CCG,7/31/2018,Hcare Srv Rec Fdtn Trust-Contract Baseline,ACUTE COMMISSIONING,COLCHESTER HOSPITAL UNIVERSITY NHS FOUNDATION TRUST,22905170,"660,360.33",654921325,2000043319
,,,,,,,"660,360.33",,2000043319 Total
Department of Health,NHS North East Essex CCG,7/31/2018,Hcare Srv Rec NHS Trust-Non Contract,CLINICAL LEADS,COLCHESTER HOSPITAL UNIVERSITY NHS FOUNDATION TRUST,23022417,"233,000.00",654921325,2000043480
,,,,,,,"233,000.00",,2000043480 Total
Department of Health,NHS North East Essex CCG,7/31/2018,Hcare Srv Rec NHS Trust-Non Contract,CLINICAL LEADS,COLCHESTER HOSPITAL UNIVERSITY NHS FOUNDATION TRUST,23022415,"26,473.48",654921325,2000043487
,,,,,,,"26,473.48",,2000043487 Total
Department of Health,NHS North East Essex CCG,7/31/2018,C&M-GMS DES Minor Surgery,PRC DELEGATED CO-COMMISSIONING,COLNE MEDICAL PRACTICE,23182376,"3,208.64",879070096,EX000073326
Department of Health,NHS North East Essex CCG,7/31/2018,C&M-GMS Global Sum,PRC DELEGATED CO-COMMISSIONING,COLNE MEDICAL PRACTICE,23182376,"77,820.57",879070096,EX000073326
Department of Health,NHS North East Essex CCG,7/31/2018,C&M-GMS Other FDR Payment,PRC DELEGATED CO-COMMISSIONING,COLNE MEDICAL PRACTICE,23182376,"3,926.90",879070096,EX000073326
Department of Health,NHS North East Essex CCG,7/31/2018,C&M-GMS Prem Actual Rent,PRC DELEGATED CO-COMMISSIONING,COLNE MEDICAL PRACTICE,23182376,795,879070096,EX000073326
Department of Health,NHS North East Essex CCG,7/31/2018,C&M-GMS Prem Notional Rent,PRC DELEGATED CO-COMMISSIONING,COLNE MEDICAL PRACTICE,23182376,"5,340.00",879070096,EX000073326
Department of Health,NHS North East Essex CCG,7/31/2018,C&M-GMS QOF Aspiration,PRC DELEGATED CO-COMMISSIONING,COLNE MEDICAL PRACTICE,23182376,"10,110.85",879070096,EX000073326
Department of Health,NHS North East Essex CCG,7/31/2018,ME - GMS GP Prior Year ERs,PRC DELEGATED CO-COMMISSIONING,COLNE MEDICAL PRACTICE,23182376,"5,871.83",879070096,EX000073326
Department of Health,NHS North East Essex CCG,7/31/2018,ME-GMS GP Prior Year AVCs,PRC DELEGATED CO-COMMISSIONING,COLNE MEDICAL PRACTICE,23182376,"1,245.44",879070096,EX000073326
Department of Health,NHS North East Essex CCG,7/31/2018,ME-GMS GP Prior Year EEs,PRC DELEGATED CO-COMMISSIONING,COLNE MEDICAL PRACTICE,23182376,"5,920.83",879070096,EX000073326
,,,,,,,"114,240.06",,EX000073326 Total
Department of Health,NHS North East Essex CCG,7/31/2018,C&M-GMS Cost of Drugs -Dispensing,LOCAL ENHANCED SERVICES,COLNE MEDICAL PRACTICE,23203513,"23,621.65",879070096,EX000073857
Department of Health,NHS North East Essex CCG,7/31/2018,C&M-GMS Prof Fees Dispensing,PRC DELEGATED CO-COMMISSIONING,COLNE MEDICAL PRACTICE,23203513,"4,654.41",879070096,EX000073857
Department of Health,NHS North East Essex CCG,7/31/2018,C&M-GMS PrscrptnChrgsColl&RmttdbyGP,LOCAL ENHANCED SERVICES,COLNE MEDICAL PRACTICE,23203513,299.2,879070096,EX000073857
,,,,,,,"28,575.26",,EX000073857 Total
Department of Health,NHS North East Essex CCG,7/31/2018,C&M-GMS Practice Transformational Support,LOCAL ENHANCED SERVICES,COLTE PARTNERSHIP,23100339,"115,152.60",269623763,EXTAQ1003
,,,,,,,"115,152.60",,EXTAQ1003 Total
Department of Health,NHS North East Essex CCG,7/31/2018,C&M-GMS Practice Transformational Support,LOCAL ENHANCED SERVICES,COLTE PARTNERSHIP,23100353,"115,152.60",269623763,EXTAQ2008
,,,,,,,"115,152.60",,EXTAQ2008 Total
Department of Health,NHS North East Essex CCG,7/31/2018,Clinical&Medical-Commercial Sector,PRC DELEGATED CO-COMMISSIONING,COLTE PARTNERSHIP,23117605,"99,000.00",269623763,NEESSEX012
,,,,,,,"99,000.00",,NEESSEX012 Total
Department of Health,NHS North East Essex CCG,7/31/2018,Service Charge,RECHARGES NHS PROPERTY SERVICES LTD,COMMUNITY HEALTH PARTNERSHIPS LTD,23272497,"269,005.63",GB782562113,60065882
,,,,,,,"269,005.63",,0060065882 Total
Department of Health,NHS North East Essex CCG,7/31/2018,Service Charge,RECHARGES NHS PROPERTY SERVICES LTD,COMMUNITY HEALTH PARTNERSHIPS LTD,23272480,"269,005.63",GB782562113,60065883
,,,,,,,"269,005.63",,0060065883 Total
Department of Health,NHS North East Essex CCG,7/31/2018,Service Charge,RECHARGES NHS PROPERTY SERVICES LTD,COMMUNITY HEALTH PARTNERSHIPS LTD,23272511,"269,005.63",GB782562113,60071930
,,,,,,,"269,005.63",,0060071930 Total
Department of Health,NHS North East Essex CCG,7/31/2018,Service Charge,RECHARGES NHS PROPERTY SERVICES LTD,COMMUNITY HEALTH PARTNERSHIPS LTD,23272517,"269,005.63",GB782562113,60073536
,,,,,,,"269,005.63",,0060073536 Total
Department of Health,NHS North East Essex CCG,7/31/2018,Service Charge,RECHARGES NHS PROPERTY SERVICES LTD,COMMUNITY HEALTH PARTNERSHIPS LTD,23272551,"-796,877.60",GB782562113,60075344
,,,,,,,"-796,877.60",,0060075344 Total
Department of Health,NHS North East Essex CCG,7/31/2018,Clinical&Medical-Voluntary Sector,NON RECURRENT PROGRAMMES,COMMUNITY VOLUNTARY SERVICES TENDRING,22905138,"31,000.00",,200001795
,,,,,,,"31,000.00",,200001795 Total
Department of Health,NHS North East Essex CCG,7/31/2018,Clinical&Medical-Commercial Sector,PLANNED CARE,CONCORDIA COMMUNITY OUTPATIENTS LTD,23155312,"210,140.08",654458121,COLAUG18
,,,,,,,"210,140.08",,COLAUG18 Total
Department of Health,NHS North East Essex CCG,7/31/2018,Computer Software/License,PROGRAMME PROJECTS,CONSULTANT CONNECT LTD,23008255,"32,400.00",GB212422658,INV0379
,,,,,,,"32,400.00",,INV0379 Total
Department of Health,NHS North East Essex CCG,7/31/2018,C&M-GMS DES Extended Hours Access,PRC DELEGATED CO-COMMISSIONING,CREFFIELD MEDICAL CENTRE,23182469,"5,568.43",,EX000073372
Department of Health,NHS North East Essex CCG,7/31/2018,C&M-GMS DES Minor Surgery,PRC DELEGATED CO-COMMISSIONING,CREFFIELD MEDICAL CENTRE,23182469,780.48,,EX000073372
Department of Health,NHS North East Essex CCG,7/31/2018,C&M-GMS Global Sum,PRC DELEGATED CO-COMMISSIONING,CREFFIELD MEDICAL CENTRE,23182469,"82,178.14",,EX000073372
Department of Health,NHS North East Essex CCG,7/31/2018,C&M-GMS MPIG Correction Factor,PRC DELEGATED CO-COMMISSIONING,CREFFIELD MEDICAL CENTRE,23182469,"1,046.23",,EX000073372
Department of Health,NHS North East Essex CCG,7/31/2018,C&M-GMS Prem Actual Rent,PRC DELEGATED CO-COMMISSIONING,CREFFIELD MEDICAL CENTRE,23182469,"16,448.00",,EX000073372
Department of Health,NHS North East Essex CCG,7/31/2018,C&M-GMS QOF Aspiration,PRC DELEGATED CO-COMMISSIONING,CREFFIELD MEDICAL CENTRE,23182469,"8,170.95",,EX000073372
,,,,,,,"114,192.23",,EX000073372 Total
Department of Health,NHS North East Essex CCG,7/31/2018,C&M-PMS Baseline Adjustment,PRC DELEGATED CO-COMMISSIONING,CRUSADER SURGERY,22948216,187.94,,EX000073206
Department of Health,NHS North East Essex CCG,7/31/2018,C&M-PMS Contract Value,PRC DELEGATED CO-COMMISSIONING,CRUSADER SURGERY,22948216,"40,114.37",,EX000073206
Department of Health,NHS North East Essex CCG,7/31/2018,C&M-PMS List Size Adjustment,PRC DELEGATED CO-COMMISSIONING,CRUSADER SURGERY,22948216,189.75,,EX000073206
Department of Health,NHS North East Essex CCG,7/31/2018,C&M-PMS Prem Actual Rent,PRC DELEGATED CO-COMMISSIONING,CRUSADER SURGERY,22948216,"3,600.00",,EX000073206
Department of Health,NHS North East Essex CCG,7/31/2018,C&M-PMS QOF Aspiration,PRC DELEGATED CO-COMMISSIONING,CRUSADER SURGERY,22948216,"4,553.52",,EX000073206
,,,,,,,"48,645.58",,EX000073206 Total
Department of Health,NHS North East Essex CCG,7/31/2018,Clinical&Medical-Commercial Sector,Mental Health Services - S117 Mental Health,DEBDALE SPECIALIST CARE LTD,22970000,"28,472.14",,INV12018F20ZF
,,,,,,,"28,472.14",,INV12018F20ZF Total
Department of Health,NHS North East Essex CCG,7/31/2018,C&M-GMS DES Extended Hours Access,PRC DELEGATED CO-COMMISSIONING,DR TL ASHOK-KUMAR,23182380,"3,279.40",,EX000073328
Department of Health,NHS North East Essex CCG,7/31/2018,C&M-GMS DES Minor Surgery,PRC DELEGATED CO-COMMISSIONING,DR TL ASHOK-KUMAR,23182380,"1,517.60",,EX000073328
Department of Health,NHS North East Essex CCG,7/31/2018,C&M-GMS Global Sum,PRC DELEGATED CO-COMMISSIONING,DR TL ASHOK-KUMAR,23182380,"43,522.97",,EX000073328
Department of Health,NHS North East Essex CCG,7/31/2018,C&M-GMS Other FDR Payment,PRC DELEGATED CO-COMMISSIONING,DR TL ASHOK-KUMAR,23182380,"6,066.12",,EX000073328
Department of Health,NHS North East Essex CCG,7/31/2018,C&M-GMS Prem Notional Rent,PRC DELEGATED CO-COMMISSIONING,DR TL ASHOK-KUMAR,23182380,"4,790.67",,EX000073328
Department of Health,NHS North East Essex CCG,7/31/2018,C&M-GMS QOF Aspiration,PRC DELEGATED CO-COMMISSIONING,DR TL ASHOK-KUMAR,23182380,"4,130.26",,EX000073328
,,,,,,,"63,307.02",,EX000073328 Total
Department of Health,NHS North East Essex CCG,7/31/2018,C&M-GMS DES Extended Hours Access,PRC DELEGATED CO-COMMISSIONING,EAST HILL SURGERY,23182384,"4,187.13",,EX000073330
Department of Health,NHS North East Essex CCG,7/31/2018,C&M-GMS DES Minor Surgery,PRC DELEGATED CO-COMMISSIONING,EAST HILL SURGERY,23182384,867.2,,EX000073330
Department of Health,NHS North East Essex CCG,7/31/2018,C&M-GMS Global Sum,PRC DELEGATED CO-COMMISSIONING,EAST HILL SURGERY,23182384,"59,924.84",,EX000073330
Department of Health,NHS North East Essex CCG,7/31/2018,C&M-GMS MPIG Correction Factor,PRC DELEGATED CO-COMMISSIONING,EAST HILL SURGERY,23182384,238.55,,EX000073330
Department of Health,NHS North East Essex CCG,7/31/2018,C&M-GMS Prem Notional Rent,PRC DELEGATED CO-COMMISSIONING,EAST HILL SURGERY,23182384,"5,208.33",,EX000073330
Department of Health,NHS North East Essex CCG,7/31/2018,C&M-GMS QOF Aspiration,PRC DELEGATED CO-COMMISSIONING,EAST HILL SURGERY,23182384,"6,709.90",,EX000073330
,,,,,,,"77,135.95",,EX000073330 Total
Department of Health,NHS North East Essex CCG,7/31/2018,C&M-GMS Practice Transformational Support,LOCAL ENHANCED SERVICES,EAST LYNNE MEDICAL CENTRE CLACTON GP ALLIANCE,23100333,"61,245.66",,EXTAQ1001
,,,,,,,"61,245.66",,EXTAQ1001 Total
Department of Health,NHS North East Essex CCG,7/31/2018,C&M-GMS Practice Transformational Support,LOCAL ENHANCED SERVICES,EAST LYNNE MEDICAL CENTRE CLACTON GP ALLIANCE,23100347,"61,245.66",,EXTAQ2006
,,,,,,,"61,245.66",,EXTAQ2006 Total
Department of Health,NHS North East Essex CCG,7/31/2018,Hcare Srv Rec NHS Trust-Contract Baseline,AMBULANCE SERVICES,EAST OF ENGLAND AMBULANCE SERVICE NHS TRUST,22970009,"1,183,336.27",,8109788
,,,,,,,"1,183,336.27",,8109788 Total
Department of Health,NHS North East Essex CCG,7/31/2018,Hcare Srv Rec NHS Trust-Contract Baseline,PATIENT TRANSPORT,EAST OF ENGLAND AMBULANCE SERVICE NHS TRUST,22880299,"238,625.00",,8109808
,,,,,,,"238,625.00",,8109808 Total
Department of Health,NHS North East Essex CCG,7/31/2018,Hcare Srv Rec NHS Trust-Contract Cost per Case,WINTER PRESSURES,EAST OF ENGLAND AMBULANCE SERVICE NHS TRUST,23155304,"37,027.00",,8109853
,,,,,,,"37,027.00",,8109853 Total
Department of Health,NHS North East Essex CCG,7/31/2018,Hcare Srv Rec NHS Trust-Contract Baseline,ACUTE COMMISSIONING,EAST SUFFOLK AND NORTH ESSEX NHS FOUNDATION TRUST,23075197,"-234,346.20",GB654921325,1400001782
,,,,,,,"-234,346.20",,1400001782 Total
Department of Health,NHS North East Essex CCG,7/31/2018,Seconded-Basic Sal-Staff fm oth org,COMMISSIONING,EAST SUFFOLK AND NORTH ESSEX NHS FOUNDATION TRUST,22917083,"26,711.34",GB654921325,4000029536
,,,,,,,"26,711.34",,4000029536 Total
Department of Health,NHS North East Essex CCG,7/31/2018,Clinical&Medical-Commercial Sector,MENTAL HEALTH SERVICES - NOT CONTRACTED ACTIVITY,ESSEX COUNTY COUNCIL,23155189,"244,911.00",104252813,1010690562
,,,,,,,"244,911.00",,1010690562 Total
Department of Health,NHS North East Essex CCG,7/31/2018,Services From Local Authorities,CARERS,ESSEX COUNTY COUNCIL,22889724,"17,500.00",104252813,1010796087
Department of Health,NHS North East Essex CCG,7/31/2018,Services From Local Authorities,COMMUNITY SERVICES,ESSEX COUNTY COUNCIL,22889724,"1,665,079.66",104252813,1010796087
Department of Health,NHS North East Essex CCG,7/31/2018,Services From Local Authorities,REABLEMENT,ESSEX COUNTY COUNCIL,22889724,"159,089.92",104252813,1010796087
,,,,,,,"1,841,669.58",,1010796087 Total
Department of Health,NHS North East Essex CCG,7/31/2018,Cont Care-Learning Disab(<65),CHC AD FULL FUND PERS HLTH BUD,ESSEX COUNTY COUNCIL,23193798,"28,082.47",104252813,1010816851
,,,,,,,"28,082.47",,1010816851 Total
Department of Health,NHS North East Essex CCG,7/31/2018,Services From Local Authorities,CARERS,ESSEX COUNTY COUNCIL,23228674,"17,500.00",104252813,1010829579
Department of Health,NHS North East Essex CCG,7/31/2018,Services From Local Authorities,COMMUNITY SERVICES,ESSEX COUNTY COUNCIL,23228674,"1,665,079.66",104252813,1010829579
Department of Health,NHS North East Essex CCG,7/31/2018,Services From Local Authorities,REABLEMENT,ESSEX COUNTY COUNCIL,23228674,"159,089.92",104252813,1010829579
,,,,,,,"1,841,669.58",,1010829579 Total
Department of Health,NHS North East Essex CCG,7/31/2018,Hcare Srv Rec Fdtn Trust-Non Contract,MENTAL HEALTH CONTRACTS,ESSEX PARTNERSHIP UNIVERSITY NHS FT,23022397,"41,199.00",GB654974100,I0061520
,,,,,,,"41,199.00",,I0061520 Total
Department of Health,NHS North East Essex CCG,7/31/2018,Hcare Srv Rec Fdtn Trust-Contract Baseline,MENTAL HEALTH SERVICES - ADULTS,ESSEX PARTNERSHIP UNIVERSITY NHS FT,23022401,"2,251,106.08",GB654974100,I0061527
,,,,,,,"2,251,106.08",,I0061527 Total
Department of Health,NHS North East Essex CCG,7/31/2018,Hcare Srv Rec Fdtn Trust-Contract Baseline,MENTAL HEALTH SERVICES - ADULTS,ESSEX PARTNERSHIP UNIVERSITY NHS FT,23022399,"28,138.81",GB654974100,I0061541
,,,,,,,"28,138.81",,I0061541 Total
Department of Health,NHS North East Essex CCG,7/31/2018,Hcare Srv Rec Fdtn Trust-Contract Baseline,MENTAL HEALTH SERVICES - OTHER,ESSEX PARTNERSHIP UNIVERSITY NHS FT,23022396,"108,289.67",GB654974100,I0061555
,,,,,,,"108,289.67",,I0061555 Total
Department of Health,NHS North East Essex CCG,7/31/2018,C&M-GMS DES Minor Surgery,PRC DELEGATED CO-COMMISSIONING,FAERESTRAND H I & PARTNERS,23182386,823.84,,EX000073332
Department of Health,NHS North East Essex CCG,7/31/2018,C&M-GMS Global Sum,PRC DELEGATED CO-COMMISSIONING,FAERESTRAND H I & PARTNERS,23182386,"66,358.97",,EX000073332
Department of Health,NHS North East Essex CCG,7/31/2018,C&M-GMS Other Baseline Adjustment,PRC DELEGATED CO-COMMISSIONING,FAERESTRAND H I & PARTNERS,23182386,692.5,,EX000073332
Department of Health,NHS North East Essex CCG,7/31/2018,C&M-GMS Prem Actual Rent,PRC DELEGATED CO-COMMISSIONING,FAERESTRAND H I & PARTNERS,23182386,"3,687.50",,EX000073332
Department of Health,NHS North East Essex CCG,7/31/2018,C&M-GMS Prem Water Rates,PRC DELEGATED CO-COMMISSIONING,FAERESTRAND H I & PARTNERS,23182386,98.82,,EX000073332
Department of Health,NHS North East Essex CCG,7/31/2018,C&M-GMS QOF Aspiration,PRC DELEGATED CO-COMMISSIONING,FAERESTRAND H I & PARTNERS,23182386,"7,267.09",,EX000073332
Department of Health,NHS North East Essex CCG,7/31/2018,C&M-GP PRACTICE REVENUE - PCTF,PRC DELEGATED CO-COMMISSIONING,FAERESTRAND H I & PARTNERS,23182386,"3,384.56",,EX000073332
,,,,,,,"82,313.28",,EX000073332 Total
Department of Health,NHS North East Essex CCG,7/31/2018,Clinical&Medical- Non NHS LES,LOCAL ENHANCED SERVICES,GP PRIMARY CHOICE LTD,22970082,"36,532.10",,1394
,,,,,,,"36,532.10",,1394 Total
Department of Health,NHS North East Essex CCG,7/31/2018,Programme Support Costs,PRIMARY CARE IT,GP PRIMARY CHOICE LTD,23272530,"41,625.00",,1395
,,,,,,,"41,625.00",,1395 Total
Department of Health,NHS North East Essex CCG,7/31/2018,Clinical&Medical-Commercial Sector,LONG TERM CONDITIONS,GP PRIMARY CHOICE LTD,23129868,"35,050.88",,1396
,,,,,,,"35,050.88",,1396 Total
Department of Health,NHS North East Essex CCG,7/31/2018,Clinical&Medical- Non NHS LES,LOCAL ENHANCED SERVICES,GP PRIMARY CHOICE LTD,23117595,"76,794.25",,1397
,,,,,,,"76,794.25",,1397 Total
Department of Health,NHS North East Essex CCG,7/31/2018,Clinical&Medical-Commercial Sector,PRC DELEGATED CO-COMMISSIONING,GREAT BENTLEY SURGERY,22880147,"117,730.00",,GPNWORKF1718
,,,,,,,"117,730.00",,GPNWORKF1718 Total
Department of Health,NHS North East Essex CCG,7/31/2018,C&M-PMS Baseline Adjustment,PRC DELEGATED CO-COMMISSIONING,GREAT CLACTON MEDICAL PARTNERSHIP,22948200,300.48,,EX000073200
Department of Health,NHS North East Essex CCG,7/31/2018,C&M-PMS Contract Value,PRC DELEGATED CO-COMMISSIONING,GREAT CLACTON MEDICAL PARTNERSHIP,22948200,"64,133.60",,EX000073200
Department of Health,NHS North East Essex CCG,7/31/2018,C&M-PMS Out of Hours Opt Outs,PRC DELEGATED CO-COMMISSIONING,GREAT CLACTON MEDICAL PARTNERSHIP,22948200,29.7,,EX000073200
Department of Health,NHS North East Essex CCG,7/31/2018,C&M-PMS Prem Actual Rent,PRC DELEGATED CO-COMMISSIONING,GREAT CLACTON MEDICAL PARTNERSHIP,22948200,"2,125.00",,EX000073200
Department of Health,NHS North East Essex CCG,7/31/2018,C&M-PMS QOF Aspiration,PRC DELEGATED CO-COMMISSIONING,GREAT CLACTON MEDICAL PARTNERSHIP,22948200,"7,737.81",,EX000073200
,,,,,,,"74,326.59",,EX000073200 Total
Department of Health,NHS North East Essex CCG,7/31/2018,Hcare Srv Rec Fdtn Trust-Contract Baseline,ACUTE COMMISSIONING,GREAT ORMOND STREET HOSPITAL FOR CHILDREN NHS FOUNDATION TRUST,22917000,"31,356.75",654922910,X0196697
,,,,,,,"31,356.75",,X0196697 Total
Department of Health,NHS North East Essex CCG,7/31/2018,Hcare Srv Rec Fdtn Trust-Contract Baseline,ACUTE COMMISSIONING,GUYS & ST THOMAS HOSPITAL NHS FOUNDATION TRUST,22916935,"68,436.00",654923417,3242132
,,,,,,,"68,436.00",,3242132 Total
Department of Health,NHS North East Essex CCG,7/31/2018,C&M-GMS DES Minor Surgery,PRC DELEGATED CO-COMMISSIONING,HAREWOOD SURGERY,23182391,520.32,879132591,EX000073334
Department of Health,NHS North East Essex CCG,7/31/2018,C&M-GMS Global Sum,PRC DELEGATED CO-COMMISSIONING,HAREWOOD SURGERY,23182391,"22,563.24",879132591,EX000073334
Department of Health,NHS North East Essex CCG,7/31/2018,C&M-GMS Other FDR Payment,PRC DELEGATED CO-COMMISSIONING,HAREWOOD SURGERY,23182391,"2,415.22",879132591,EX000073334
Department of Health,NHS North East Essex CCG,7/31/2018,C&M-GMS Prem Notional Rent,PRC DELEGATED CO-COMMISSIONING,HAREWOOD SURGERY,23182391,"1,833.33",879132591,EX000073334
Department of Health,NHS North East Essex CCG,7/31/2018,C&M-GMS QOF Aspiration,PRC DELEGATED CO-COMMISSIONING,HAREWOOD SURGERY,23182391,"2,617.70",879132591,EX000073334
,,,,,,,"29,949.81",,EX000073334 Total
Department of Health,NHS North East Essex CCG,7/31/2018,C&M-GMS Cost of Drugs -Dispensing,LOCAL ENHANCED SERVICES,HAREWOOD SURGERY,23203514,"-23,528.70",879132591,EX000073858
Department of Health,NHS North East Essex CCG,7/31/2018,C&M-GMS PrscChrgsCll&RmttdbyGPCntra,PRC DELEGATED CO-COMMISSIONING,HAREWOOD SURGERY,23203514,"-1,768.80",879132591,EX000073858
,,,,,,,"-25,297.50",,EX000073858 Total
Department of Health,NHS North East Essex CCG,7/31/2018,C&M-GMS Cost of Drugs -Dispensing,LOCAL ENHANCED SERVICES,HAREWOOD SURGERY,23203515,"46,162.89",879132591,EX000073859
Department of Health,NHS North East Essex CCG,7/31/2018,C&M-GMS Prof Fees Dispensing,PRC DELEGATED CO-COMMISSIONING,HAREWOOD SURGERY,23203515,"7,739.89",879132591,EX000073859
Department of Health,NHS North East Essex CCG,7/31/2018,C&M-GMS PrscrptnChrgsColl&RmttdbyGP,LOCAL ENHANCED SERVICES,HAREWOOD SURGERY,23203515,"1,768.80",879132591,EX000073859
,,,,,,,"55,671.58",,EX000073859 Total
Department of Health,NHS North East Essex CCG,7/31/2018,C&M-GMS DES Minor Surgery,PRC DELEGATED CO-COMMISSIONING,HARGREAVES M J & PARTNERS,23182394,"4,292.64",,EX000073336
Department of Health,NHS North East Essex CCG,7/31/2018,C&M-GMS Global Sum,PRC DELEGATED CO-COMMISSIONING,HARGREAVES M J & PARTNERS,23182394,"71,529.80",,EX000073336
Department of Health,NHS North East Essex CCG,7/31/2018,C&M-GMS MPIG Correction Factor,PRC DELEGATED CO-COMMISSIONING,HARGREAVES M J & PARTNERS,23182394,"2,798.36",,EX000073336
Department of Health,NHS North East Essex CCG,7/31/2018,C&M-GMS PCO Other,PRC DELEGATED CO-COMMISSIONING,HARGREAVES M J & PARTNERS,23182394,"6,470.00",,EX000073336
Department of Health,NHS North East Essex CCG,7/31/2018,C&M-GMS Prem Notional Rent,PRC DELEGATED CO-COMMISSIONING,HARGREAVES M J & PARTNERS,23182394,"5,875.00",,EX000073336
Department of Health,NHS North East Essex CCG,7/31/2018,C&M-GMS QOF Aspiration,PRC DELEGATED CO-COMMISSIONING,HARGREAVES M J & PARTNERS,23182394,"7,448.15",,EX000073336
Department of Health,NHS North East Essex CCG,7/31/2018,ME-GMS GP Pension EEs Adjustments,PRC DELEGATED CO-COMMISSIONING,HARGREAVES M J & PARTNERS,23182394,262.06,,EX000073336
,,,,,,,"98,676.01",,EX000073336 Total
Department of Health,NHS North East Essex CCG,7/31/2018,Hcare Srv Rec Fdtn Trust-Contract Baseline,IMPROVING ACCESS TO PSYCHOLOGICAL THERAPIES,HERTFORDSHIRE PARTNERSHIP NHS FOUNDATION TRUST,23257298,"222,492.08",654950120,P0001069
,,,,,,,"222,492.08",,P0001069 Total
Department of Health,NHS North East Essex CCG,7/31/2018,Apprenticeship Levy Payable,BALANCE SHEET,HMRC,23017409,"1,010.00",,120PE005657271903
Department of Health,NHS North East Essex CCG,7/31/2018,Income tax <1Yr,BALANCE SHEET,HMRC,23017409,"65,061.00",,120PE005657271903
Department of Health,NHS North East Essex CCG,7/31/2018,Income tax <1Yr-Student Loans,BALANCE SHEET,HMRC,23017409,"1,238.00",,120PE005657271903
Department of Health,NHS North East Essex CCG,7/31/2018,National Insurance < 1 yr-NI- ERS,BALANCE SHEET,HMRC,23017409,"47,462.03",,120PE005657271903
Department of Health,NHS North East Essex CCG,7/31/2018,National Insurance < 1 yr-NI-EES,BALANCE SHEET,HMRC,23017409,"35,132.11",,120PE005657271903
Department of Health,NHS North East Essex CCG,7/31/2018,Statutory Mat Pay < 1 yr,BALANCE SHEET,HMRC,23017409,"-3,136.35",,120PE005657271903
,,,,,,,"146,766.79",,120PE005657271903 Total
Department of Health,NHS North East Essex CCG,7/31/2018,C&M-GMS DES Minor Surgery,PRC DELEGATED CO-COMMISSIONING,HUNT M J N & PARTNERS,23182398,"2,168.00",,EX000073338
Department of Health,NHS North East Essex CCG,7/31/2018,C&M-GMS Global Sum,PRC DELEGATED CO-COMMISSIONING,HUNT M J N & PARTNERS,23182398,"72,897.46",,EX000073338
Department of Health,NHS North East Essex CCG,7/31/2018,C&M-GMS Other Baseline Adjustment,PRC DELEGATED CO-COMMISSIONING,HUNT M J N & PARTNERS,23182398,191.67,,EX000073338
Department of Health,NHS North East Essex CCG,7/31/2018,C&M-GMS Other FDR Payment,PRC DELEGATED CO-COMMISSIONING,HUNT M J N & PARTNERS,23182398,"1,710.36",,EX000073338
Department of Health,NHS North East Essex CCG,7/31/2018,C&M-GMS Prem Actual Rent,PRC DELEGATED CO-COMMISSIONING,HUNT M J N & PARTNERS,23182398,"3,833.33",,EX000073338
Department of Health,NHS North East Essex CCG,7/31/2018,C&M-GMS QOF Aspiration,PRC DELEGATED CO-COMMISSIONING,HUNT M J N & PARTNERS,23182398,"8,298.73",,EX000073338
,,,,,,,"89,099.55",,EX000073338 Total
Department of Health,NHS North East Essex CCG,7/31/2018,Clinical&Medical-Independent Sector,NHS 111,INTEGRATED CARE 24 LTD,23059944,"135,936.00",991241024,16022
,,,,,,,"135,936.00",,16022 Total
Department of Health,NHS North East Essex CCG,7/31/2018,Clinical&Medical-Commercial Sector,Learning Difficulties - S117,JEESAL AKMAN CARE CORP LTD,23022357,"28,933.20",,3880
,,,,,,,"28,933.20",,3880 Total
Department of Health,NHS North East Essex CCG,7/31/2018,Audit Fees: Statutory,CORPORATE COSTS & SERVICES,KPMG LLP,23036531,"25,671.00",791788859,5501614059
,,,,,,,"25,671.00",,5501614059 Total
Department of Health,NHS North East Essex CCG,7/31/2018,Audit Fees: Statutory,CORPORATE COSTS & SERVICES,KPMG LLP,23036506,"-25,671.00",791788859,5900057216
,,,,,,,"-25,671.00",,5900057216 Total
Department of Health,NHS North East Essex CCG,7/31/2018,C&M-GMS DES Minor Surgery,PRC DELEGATED CO-COMMISSIONING,LAYER ROAD SURGERY,23182402,43.36,,EX000073340
Department of Health,NHS North East Essex CCG,7/31/2018,C&M-GMS Global Sum,PRC DELEGATED CO-COMMISSIONING,LAYER ROAD SURGERY,23182402,"34,356.56",,EX000073340
Department of Health,NHS North East Essex CCG,7/31/2018,C&M-GMS MPIG Correction Factor,PRC DELEGATED CO-COMMISSIONING,LAYER ROAD SURGERY,23182402,"1,988.68",,EX000073340
Department of Health,NHS North East Essex CCG,7/31/2018,C&M-GMS QOF Aspiration,PRC DELEGATED CO-COMMISSIONING,LAYER ROAD SURGERY,23182402,"3,441.29",,EX000073340
,,,,,,,"39,829.89",,EX000073340 Total
Department of Health,NHS North East Essex CCG,7/31/2018,C&M-GMS DES Extended Hours Access,PRC DELEGATED CO-COMMISSIONING,MAHMOUD & PARTNER,23182407,"3,244.25",GB879101803,EX000073342
Department of Health,NHS North East Essex CCG,7/31/2018,C&M-GMS DES Minor Surgery,PRC DELEGATED CO-COMMISSIONING,MAHMOUD & PARTNER,23182407,"7,891.52",GB879101803,EX000073342
Department of Health,NHS North East Essex CCG,7/31/2018,C&M-GMS Dispensing Quality Sch,PRC DELEGATED CO-COMMISSIONING,MAHMOUD & PARTNER,23182407,"3,281.76",GB879101803,EX000073342
Department of Health,NHS North East Essex CCG,7/31/2018,C&M-GMS Global Sum,PRC DELEGATED CO-COMMISSIONING,MAHMOUD & PARTNER,23182407,"61,288.37",GB879101803,EX000073342
Department of Health,NHS North East Essex CCG,7/31/2018,C&M-GMS Other Baseline Adjustment,PRC DELEGATED CO-COMMISSIONING,MAHMOUD & PARTNER,23182407,837.17,GB879101803,EX000073342
Department of Health,NHS North East Essex CCG,7/31/2018,C&M-GMS PCO Locum Adop/Pat/Mat,PRC DELEGATED CO-COMMISSIONING,MAHMOUD & PARTNER,23182407,"8,757.60",GB879101803,EX000073342
Department of Health,NHS North East Essex CCG,7/31/2018,C&M-GMS Prem Actual Rent,PRC DELEGATED CO-COMMISSIONING,MAHMOUD & PARTNER,23182407,"1,125.00",GB879101803,EX000073342
Department of Health,NHS North East Essex CCG,7/31/2018,C&M-GMS Prem Notional Rent,PRC DELEGATED CO-COMMISSIONING,MAHMOUD & PARTNER,23182407,"2,166.67",GB879101803,EX000073342
Department of Health,NHS North East Essex CCG,7/31/2018,C&M-GMS QOF Aspiration,PRC DELEGATED CO-COMMISSIONING,MAHMOUD & PARTNER,23182407,"5,885.29",GB879101803,EX000073342
,,,,,,,"94,477.63",,EX000073342 Total
Department of Health,NHS North East Essex CCG,7/31/2018,C&M-GMS Cost of Drugs -Dispensing,LOCAL ENHANCED SERVICES,MAHMOUD & PARTNER,23203517,"32,022.31",GB879101803,EX000073861
Department of Health,NHS North East Essex CCG,7/31/2018,C&M-GMS Prof Fees Dispensing,PRC DELEGATED CO-COMMISSIONING,MAHMOUD & PARTNER,23203517,"4,557.85",GB879101803,EX000073861
Department of Health,NHS North East Essex CCG,7/31/2018,C&M-GMS PrscrptnChrgsColl&RmttdbyGP,LOCAL ENHANCED SERVICES,MAHMOUD & PARTNER,23203517,862.4,GB879101803,EX000073861
,,,,,,,"37,442.56",,EX000073861 Total
Department of Health,NHS North East Essex CCG,7/31/2018,C&M-GMS Global Sum,PRC DELEGATED CO-COMMISSIONING,MERSEA ISLAND MEDICAL PRACTICE,23182457,"56,869.09",,EX000073366
Department of Health,NHS North East Essex CCG,7/31/2018,C&M-GMS MPIG Correction Factor,PRC DELEGATED CO-COMMISSIONING,MERSEA ISLAND MEDICAL PRACTICE,23182457,740.4,,EX000073366
Department of Health,NHS North East Essex CCG,7/31/2018,C&M-GMS Prem Actual Rent,PRC DELEGATED CO-COMMISSIONING,MERSEA ISLAND MEDICAL PRACTICE,23182457,"2,531.75",,EX000073366
Department of Health,NHS North East Essex CCG,7/31/2018,C&M-GMS QOF Aspiration,PRC DELEGATED CO-COMMISSIONING,MERSEA ISLAND MEDICAL PRACTICE,23182457,"7,010.83",,EX000073366
,,,,,,,"67,152.07",,EX000073366 Total
Department of Health,NHS North East Essex CCG,7/31/2018,Hcare Srv Rec NHS Trust-Contract Baseline,ACUTE COMMISSIONING,MID ESSEX HOSPITALS SERVICES NHS TRUST,22970087,"460,006.00",,2000107050
,,,,,,,"460,006.00",,2000107050 Total
Department of Health,NHS North East Essex CCG,7/31/2018,C&M-PMS Baseline Adjustment,PRC DELEGATED CO-COMMISSIONING,MIRZA K & PARTNER,22948205,381.11,,EX000073202
Department of Health,NHS North East Essex CCG,7/31/2018,C&M-PMS Contract Value,PRC DELEGATED CO-COMMISSIONING,MIRZA K & PARTNER,22948205,"81,343.39",,EX000073202
Department of Health,NHS North East Essex CCG,7/31/2018,C&M-PMS Funding Differential Review,PRC DELEGATED CO-COMMISSIONING,MIRZA K & PARTNER,22948205,"4,547.17",,EX000073202
Department of Health,NHS North East Essex CCG,7/31/2018,C&M-PMS Out of Hours Opt Outs,PRC DELEGATED CO-COMMISSIONING,MIRZA K & PARTNER,22948205,42.13,,EX000073202
Department of Health,NHS North East Essex CCG,7/31/2018,C&M-PMS Prem Actual Rent,PRC DELEGATED CO-COMMISSIONING,MIRZA K & PARTNER,22948205,"2,850.00",,EX000073202
Department of Health,NHS North East Essex CCG,7/31/2018,C&M-PMS Prem Notional Rent,PRC DELEGATED CO-COMMISSIONING,MIRZA K & PARTNER,22948205,625,,EX000073202
Department of Health,NHS North East Essex CCG,7/31/2018,C&M-PMS QOF Aspiration,PRC DELEGATED CO-COMMISSIONING,MIRZA K & PARTNER,22948205,"7,008.62",,EX000073202
,,,,,,,"96,797.42",,EX000073202 Total
Department of Health,NHS North East Essex CCG,7/31/2018,Hcare Srv Rec Fdtn Trust-Contract Baseline,ACUTE COMMISSIONING,MOORFIELDS EYE HOSPITAL NHS FOUNDATION TRUST,22916940,"39,844.00",,IC0034486
,,,,,,,"39,844.00",,IC0034486 Total
Department of Health,NHS North East Essex CCG,7/31/2018,Cont Care-Physical Disab (<65),CHC ADULT FULLY FUNDED,NEW CENTURY CARE (COLCHESTER) LTD,23060000,"52,174.98",,22570
,,,,,,,"52,174.98",,00022570 Total
Department of Health,NHS North East Essex CCG,7/31/2018,Charges from CSU,ADMINISTRATION & BUSINESS SUPPORT,NHS ARDEN AND GEM CSU,23022389,"19,291.55",GB526164259,7312611224
Department of Health,NHS North East Essex CCG,7/31/2018,Charges from CSU,PRIMARY CARE IT,NHS ARDEN AND GEM CSU,23022389,"53,467.25",GB526164259,7312611224
Department of Health,NHS North East Essex CCG,7/31/2018,Telecoms-Phone Rental and Calls,CORPORATE COSTS & SERVICES,NHS ARDEN AND GEM CSU,23022389,"1,206.37",GB526164259,7312611224
,,,,,,,"73,965.17",,7312611224 Total
Department of Health,NHS North East Essex CCG,7/31/2018,Clinical&Medical-Serv Recd-CCGs,NON RECURRENT PROGRAMMES,NHS IPSWICH AND EAST SUFFOLK CCG,23257246,"73,757.25",654459118,7021000716
,,,,,,,"73,757.25",,7021000716 Total
Department of Health,NHS North East Essex CCG,7/31/2018,Clinical&Medical-Serv Recd-CCGs,NON RECURRENT PROGRAMMES,NHS WEST SUFFOLK CCG,23272561,"105,318.50",,7022202299
,,,,,,,"105,318.50",,7022202299 Total
Department of Health,NHS North East Essex CCG,7/31/2018,C&M-GMS Practice Transformational Support,LOCAL ENHANCED SERVICES,NORTH EAST ESSEX GP NETWORK LLP,23100336,"74,540.14",,EXTAQ1002
,,,,,,,"74,540.14",,EXTAQ1002 Total
Department of Health,NHS North East Essex CCG,7/31/2018,C&M-GMS Practice Transformational Support,LOCAL ENHANCED SERVICES,NORTH EAST ESSEX GP NETWORK LLP,23100349,"74,540.14",,EXTAQ2007
,,,,,,,"74,540.14",,EXTAQ2007 Total
Department of Health,NHS North East Essex CCG,7/31/2018,Hcare Srv Rec Fdtn Trust-Non Contract,NCAS/OATS,NORTH EAST LONDON NHS FOUNDATION TRUST,23228070,"27,414.70",654404447,46479
,,,,,,,"27,414.70",,0000046479 Total
Department of Health,NHS North East Essex CCG,7/31/2018,Hcare Srv Rec Fdtn Trust-Non Contract,NCAS/OATS,NORTH EAST LONDON NHS FOUNDATION TRUST,23228073,"27,028.52",654404447,47197
,,,,,,,"27,028.52",,0000047197 Total
Department of Health,NHS North East Essex CCG,7/31/2018,Hcare Srv Rec Fdtn Trust-Contract Baseline,CHILD AND ADOLESCENT MENTAL HEALTH,NORTH EAST LONDON NHS FOUNDATION TRUST,23022420,"247,267.00",654404447,49977
,,,,,,,"247,267.00",,0000049977 Total
Department of Health,NHS North East Essex CCG,7/31/2018,Hcare Srv Rec Fdtn Trust-Contract Baseline,CHILD AND ADOLESCENT MENTAL HEALTH,NORTH EAST LONDON NHS FOUNDATION TRUST,23022418,"55,947.00",654404447,50004
,,,,,,,"55,947.00",,0000050004 Total
Department of Health,NHS North East Essex CCG,7/31/2018,Hcare Srv Rec Fdtn Trust-Non Contract,NCAS/OATS,NORTH EAST LONDON NHS FOUNDATION TRUST,23228062,"53,310.19",654404447,NL0000044708
,,,,,,,"53,310.19",,NL0000044708 Total
Department of Health,NHS North East Essex CCG,7/31/2018,C&M-GMS DES Extended Hours Access,PRC DELEGATED CO-COMMISSIONING,NORTH HILL MEDICAL GROUP,23182477,"6,513.68",GB878670170,EX000073376
Department of Health,NHS North East Essex CCG,7/31/2018,C&M-GMS DES Minor Surgery,PRC DELEGATED CO-COMMISSIONING,NORTH HILL MEDICAL GROUP,23182477,"1,170.72",GB878670170,EX000073376
Department of Health,NHS North East Essex CCG,7/31/2018,C&M-GMS Dispensing Quality Sch,PRC DELEGATED CO-COMMISSIONING,NORTH HILL MEDICAL GROUP,23182477,"9,435.06",GB878670170,EX000073376
Department of Health,NHS North East Essex CCG,7/31/2018,C&M-GMS Global Sum,PRC DELEGATED CO-COMMISSIONING,NORTH HILL MEDICAL GROUP,23182477,"95,768.39",GB878670170,EX000073376
Department of Health,NHS North East Essex CCG,7/31/2018,C&M-GMS MPIG Correction Factor,PRC DELEGATED CO-COMMISSIONING,NORTH HILL MEDICAL GROUP,23182477,"3,930.17",GB878670170,EX000073376
Department of Health,NHS North East Essex CCG,7/31/2018,C&M-GMS Prem Actual Rent,PRC DELEGATED CO-COMMISSIONING,NORTH HILL MEDICAL GROUP,23182477,"3,166.67",GB878670170,EX000073376
Department of Health,NHS North East Essex CCG,7/31/2018,C&M-GMS Prem Notional Rent,PRC DELEGATED CO-COMMISSIONING,NORTH HILL MEDICAL GROUP,23182477,"10,417.52",GB878670170,EX000073376
Department of Health,NHS North East Essex CCG,7/31/2018,C&M-GMS QOF Aspiration,PRC DELEGATED CO-COMMISSIONING,NORTH HILL MEDICAL GROUP,23182477,"10,076.02",GB878670170,EX000073376
,,,,,,,"140,478.23",,EX000073376 Total
Department of Health,NHS North East Essex CCG,7/31/2018,C&M-GMS Cost of Drugs -Dispensing,LOCAL ENHANCED SERVICES,NORTH HILL MEDICAL GROUP,23203532,"-31,023.87",GB878670170,EX000073876
Department of Health,NHS North East Essex CCG,7/31/2018,C&M-GMS PrscChrgsCll&RmttdbyGPCntra,PRC DELEGATED CO-COMMISSIONING,NORTH HILL MEDICAL GROUP,23203532,"-2,164.80",GB878670170,EX000073876
,,,,,,,"-33,188.67",,EX000073876 Total
Department of Health,NHS North East Essex CCG,7/31/2018,C&M-GMS Cost of Drugs -Dispensing,LOCAL ENHANCED SERVICES,NORTH HILL MEDICAL GROUP,23203533,"68,268.08",GB878670170,EX000073877
Department of Health,NHS North East Essex CCG,7/31/2018,C&M-GMS Prof Fees Dispensing,PRC DELEGATED CO-COMMISSIONING,NORTH HILL MEDICAL GROUP,23203533,"11,126.66",GB878670170,EX000073877
Department of Health,NHS North East Essex CCG,7/31/2018,C&M-GMS PrscrptnChrgsColl&RmttdbyGP,LOCAL ENHANCED SERVICES,NORTH HILL MEDICAL GROUP,23203533,"2,164.80",GB878670170,EX000073877
,,,,,,,"81,559.54",,EX000073877 Total
Department of Health,NHS North East Essex CCG,7/31/2018,Clinical&Medical-Commercial Sector,MENTAL HEALTH SERVICES - NOT CONTRACTED ACTIVITY,OAKVIEW ESTATES LTD,22969958,"30,659.00",158889046,3317
,,,,,,,"30,659.00",,3317 Total
Department of Health,NHS North East Essex CCG,7/31/2018,Clinical&Medical-Commercial Sector,MENTAL HEALTH SERVICES - NOT CONTRACTED ACTIVITY,OAKVIEW ESTATES LTD,23059834,"30,659.00",158889046,3465
,,,,,,,"30,659.00",,3465 Total
Department of Health,NHS North East Essex CCG,7/31/2018,C&M-GMS DES Minor Surgery,PRC DELEGATED CO-COMMISSIONING,OBISESAN,23182411,"1,257.44",,EX000073344
Department of Health,NHS North East Essex CCG,7/31/2018,C&M-GMS Dispensing Quality Sch,PRC DELEGATED CO-COMMISSIONING,OBISESAN,23182411,"6,269.40",,EX000073344
Department of Health,NHS North East Essex CCG,7/31/2018,C&M-GMS Global Sum,PRC DELEGATED CO-COMMISSIONING,OBISESAN,23182411,"44,958.20",,EX000073344
Department of Health,NHS North East Essex CCG,7/31/2018,C&M-GMS MPIG Correction Factor,PRC DELEGATED CO-COMMISSIONING,OBISESAN,23182411,"3,178.33",,EX000073344
Department of Health,NHS North East Essex CCG,7/31/2018,C&M-GMS Prem Notional Rent,PRC DELEGATED CO-COMMISSIONING,OBISESAN,23182411,"5,062.50",,EX000073344
Department of Health,NHS North East Essex CCG,7/31/2018,C&M-GMS Prem Water Rates,PRC DELEGATED CO-COMMISSIONING,OBISESAN,23182411,202.39,,EX000073344
Department of Health,NHS North East Essex CCG,7/31/2018,C&M-GMS QOF Aspiration,PRC DELEGATED CO-COMMISSIONING,OBISESAN,23182411,"4,630.86",,EX000073344
,,,,,,,"65,559.12",,EX000073344 Total
Department of Health,NHS North East Essex CCG,7/31/2018,C&M-GMS Cost of Drugs -Dispensing,LOCAL ENHANCED SERVICES,OBISESAN,23203518,"-30,413.76",,EX000073862
Department of Health,NHS North East Essex CCG,7/31/2018,C&M-GMS PrscChrgsCll&RmttdbyGPCntra,PRC DELEGATED CO-COMMISSIONING,OBISESAN,23203518,"-2,710.00",,EX000073862
,,,,,,,"-33,123.76",,EX000073862 Total
Department of Health,NHS North East Essex CCG,7/31/2018,C&M-GMS Cost of Drugs -Dispensing,LOCAL ENHANCED SERVICES,OBISESAN,23203519,"50,236.27",,EX000073863
Department of Health,NHS North East Essex CCG,7/31/2018,C&M-GMS Prof Fees Dispensing,PRC DELEGATED CO-COMMISSIONING,OBISESAN,23203519,"9,755.62",,EX000073863
Department of Health,NHS North East Essex CCG,7/31/2018,C&M-GMS PrscrptnChrgsColl&RmttdbyGP,LOCAL ENHANCED SERVICES,OBISESAN,23203519,"2,710.00",,EX000073863
,,,,,,,"62,701.89",,EX000073863 Total
Department of Health,NHS North East Essex CCG,7/31/2018,Clinical&Medical-Commercial Sector,NCAS/OATS,ONE TO ONE (NORTH WEST) LTD,23095959,"59,716.46",,4008
,,,,,,,"59,716.46",,4008 Total
Department of Health,NHS North East Essex CCG,7/31/2018,C&M-GMS DES Minor Surgery,PRC DELEGATED CO-COMMISSIONING,OREGAN S M & PARTNERS,23182416,"1,344.16",,EX000073346
Department of Health,NHS North East Essex CCG,7/31/2018,C&M-GMS Global Sum,PRC DELEGATED CO-COMMISSIONING,OREGAN S M & PARTNERS,23182416,"74,462.21",,EX000073346
Department of Health,NHS North East Essex CCG,7/31/2018,C&M-GMS MPIG Correction Factor,PRC DELEGATED CO-COMMISSIONING,OREGAN S M & PARTNERS,23182416,"6,950.28",,EX000073346
Department of Health,NHS North East Essex CCG,7/31/2018,C&M-GMS Other Baseline Adjustment,PRC DELEGATED CO-COMMISSIONING,OREGAN S M & PARTNERS,23182416,"8,333.33",,EX000073346
Department of Health,NHS North East Essex CCG,7/31/2018,C&M-GMS PCO Doctors Ret Scheme,PRC DELEGATED CO-COMMISSIONING,OREGAN S M & PARTNERS,23182416,"1,923.04",,EX000073346
Department of Health,NHS North East Essex CCG,7/31/2018,C&M-GMS Prem Actual Rent,PRC DELEGATED CO-COMMISSIONING,OREGAN S M & PARTNERS,23182416,"4,391.67",,EX000073346
Department of Health,NHS North East Essex CCG,7/31/2018,C&M-GMS QOF Aspiration,PRC DELEGATED CO-COMMISSIONING,OREGAN S M & PARTNERS,23182416,"4,615.69",,EX000073346
,,,,,,,"102,020.38",,EX000073346 Total
Department of Health,NHS North East Essex CCG,7/31/2018,C&M-GMS Cost of Drugs -Dispensing,LOCAL ENHANCED SERVICES,OREGAN S M & PARTNERS,23203520,"-31,505.06",,EX000073864
Department of Health,NHS North East Essex CCG,7/31/2018,C&M-GMS PrscChrgsCll&RmttdbyGPCntra,PRC DELEGATED CO-COMMISSIONING,OREGAN S M & PARTNERS,23203520,"-2,076.80",,EX000073864
,,,,,,,"-33,581.86",,EX000073864 Total
Department of Health,NHS North East Essex CCG,7/31/2018,C&M-GMS Cost of Drugs -Dispensing,LOCAL ENHANCED SERVICES,OREGAN S M & PARTNERS,23203521,"61,866.46",,EX000073865
Department of Health,NHS North East Essex CCG,7/31/2018,C&M-GMS Prof Fees Dispensing,PRC DELEGATED CO-COMMISSIONING,OREGAN S M & PARTNERS,23203521,"10,490.60",,EX000073865
Department of Health,NHS North East Essex CCG,7/31/2018,C&M-GMS PrscrptnChrgsColl&RmttdbyGP,LOCAL ENHANCED SERVICES,OREGAN S M & PARTNERS,23203521,"2,076.80",,EX000073865
,,,,,,,"74,433.86",,EX000073865 Total
Department of Health,NHS North East Essex CCG,7/31/2018,Hcare Srv Rec NHS Trust-Non Contract,NCAS/OATS,PRINCESS ALEXANDRA HOSPITAL NHS TRUST,22970016,"25,785.44",654964985,A112866
,,,,,,,"25,785.44",,A112866 Total
Department of Health,NHS North East Essex CCG,7/31/2018,Recharge : Provided,NON RECURRENT PROGRAMMES,REALISE HEALTH LTD,22889700,"72,000.00",172535116,RINV00000271
,,,,,,,"72,000.00",,RINV00000271 Total
Department of Health,NHS North East Essex CCG,7/31/2018,C&M-GMS Dispensing Quality Sch,PRC DELEGATED CO-COMMISSIONING,RIVERSIDE HEALTH CENTRE,23182420,"6,339.06",878634468,EX000073348
Department of Health,NHS North East Essex CCG,7/31/2018,C&M-GMS Global Sum,PRC DELEGATED CO-COMMISSIONING,RIVERSIDE HEALTH CENTRE,23182420,"42,607.90",878634468,EX000073348
Department of Health,NHS North East Essex CCG,7/31/2018,C&M-GMS Other FDR Payment,PRC DELEGATED CO-COMMISSIONING,RIVERSIDE HEALTH CENTRE,23182420,"2,228.40",878634468,EX000073348
Department of Health,NHS North East Essex CCG,7/31/2018,C&M-GMS Prem Actual Rent,PRC DELEGATED CO-COMMISSIONING,RIVERSIDE HEALTH CENTRE,23182420,"2,846.80",878634468,EX000073348
Department of Health,NHS North East Essex CCG,7/31/2018,C&M-GMS Prem Rates,PRC DELEGATED CO-COMMISSIONING,RIVERSIDE HEALTH CENTRE,23182420,"4,082.14",878634468,EX000073348
Department of Health,NHS North East Essex CCG,7/31/2018,C&M-GMS Prem Water Rates,PRC DELEGATED CO-COMMISSIONING,RIVERSIDE HEALTH CENTRE,23182420,133.61,878634468,EX000073348
Department of Health,NHS North East Essex CCG,7/31/2018,C&M-GMS QOF Aspiration,PRC DELEGATED CO-COMMISSIONING,RIVERSIDE HEALTH CENTRE,23182420,"4,109.01",878634468,EX000073348
,,,,,,,"62,346.92",,EX000073348 Total
Department of Health,NHS North East Essex CCG,7/31/2018,C&M-GMS Cost of Drugs -Dispensing,LOCAL ENHANCED SERVICES,RIVERSIDE HEALTH CENTRE,23203523,"38,327.19",878634468,EX000073867
Department of Health,NHS North East Essex CCG,7/31/2018,C&M-GMS Prof Fees Dispensing,PRC DELEGATED CO-COMMISSIONING,RIVERSIDE HEALTH CENTRE,23203523,"7,756.88",878634468,EX000073867
Department of Health,NHS North East Essex CCG,7/31/2018,C&M-GMS PrscrptnChrgsColl&RmttdbyGP,LOCAL ENHANCED SERVICES,RIVERSIDE HEALTH CENTRE,23203523,"1,839.00",878634468,EX000073867
,,,,,,,"47,923.07",,EX000073867 Total
Department of Health,NHS North East Essex CCG,7/31/2018,Hcare Srv Rec Fdtn Trust-Contract Baseline,ACUTE COMMISSIONING,ROYAL BROMPTON & HAREFIELD NHS FOUNDATION TRUST,22917020,"28,356.16",,S003931
,,,,,,,"28,356.16",,S003931 Total
Department of Health,NHS North East Essex CCG,7/31/2018,Hcare Srv Rec Fdtn Trust-Contract Baseline,ACUTE COMMISSIONING,ROYAL FREE LONDON NHS FOUNDATION TRUST,22917081,"33,627.00",654946987,I0161292
,,,,,,,"33,627.00",,I0161292 Total
Department of Health,NHS North East Essex CCG,7/31/2018,Hcare Srv Rec Fdtn Trust-Contract Baseline,ACUTE COMMISSIONING,ROYAL FREE LONDON NHS FOUNDATION TRUST,23095961,"26,396.00",654946987,I0161765
,,,,,,,"26,396.00",,I0161765 Total
Department of Health,NHS North East Essex CCG,7/31/2018,Hcare Srv Rec NHS Trust-Contract Baseline,ACUTE COMMISSIONING,ROYAL NATIONAL ORTHOPAEDIC HOSPITAL NHS TRUST,22917035,"62,478.00",,B0037255
,,,,,,,"62,478.00",,B0037255 Total
Department of Health,NHS North East Essex CCG,7/31/2018,Hcare Srv Rec Fdtn Trust-Contract Baseline,ACUTE COMMISSIONING,ROYAL PAPWORTH HOSPITAL NHS FOUNDATION TRUST,22978410,"26,327.00",,57789815
,,,,,,,"26,327.00",,57789815 Total
Department of Health,NHS North East Essex CCG,7/31/2018,Hcare Srv Rec Fdtn Trust-Contract Baseline,ACUTE COMMISSIONING,SOUTHEND UNIVERSITY HOSPITAL NHS FOUNDATION TRUST,22916932,"27,559.00",654942902,446876
,,,,,,,"27,559.00",,446876 Total
Department of Health,NHS North East Essex CCG,7/31/2018,Clinical&Medical-Voluntary Sector,NON RECURRENT PROGRAMMES,ST HELENA HOSPICE LTD,23228717,"28,800.00",974958645,965
,,,,,,,"28,800.00",,0000000965 Total
Department of Health,NHS North East Essex CCG,7/31/2018,C&M-GMS DES Extended Hours Access,PRC DELEGATED CO-COMMISSIONING,ST JAMES SURGERY,23182444,"6,535.05",,EX000073360
Department of Health,NHS North East Essex CCG,7/31/2018,C&M-GMS DES Minor Surgery,PRC DELEGATED CO-COMMISSIONING,ST JAMES SURGERY,23182444,"6,157.12",,EX000073360
Department of Health,NHS North East Essex CCG,7/31/2018,C&M-GMS Global Sum,PRC DELEGATED CO-COMMISSIONING,ST JAMES SURGERY,23182444,"119,347.14",,EX000073360
Department of Health,NHS North East Essex CCG,7/31/2018,C&M-GMS Other Baseline Adjustment,PRC DELEGATED CO-COMMISSIONING,ST JAMES SURGERY,23182444,"1,167.75",,EX000073360
Department of Health,NHS North East Essex CCG,7/31/2018,C&M-GMS Prem Actual Rent,PRC DELEGATED CO-COMMISSIONING,ST JAMES SURGERY,23182444,800,,EX000073360
Department of Health,NHS North East Essex CCG,7/31/2018,C&M-GMS Prem Notional Rent,PRC DELEGATED CO-COMMISSIONING,ST JAMES SURGERY,23182444,"4,583.33",,EX000073360
Department of Health,NHS North East Essex CCG,7/31/2018,C&M-GMS Prem Rates,PRC DELEGATED CO-COMMISSIONING,ST JAMES SURGERY,23182444,"18,998.50",,EX000073360
Department of Health,NHS North East Essex CCG,7/31/2018,C&M-GMS QOF Aspiration,PRC DELEGATED CO-COMMISSIONING,ST JAMES SURGERY,23182444,"15,703.68",,EX000073360
,,,,,,,"173,292.57",,EX000073360 Total
Department of Health,NHS North East Essex CCG,7/31/2018,Clinical&Medical-Independent Sector,LONG TERM CONDITIONS,SUFFOLK GP FEDERATION CIC,22905358,"186,998.44",982574870,3392
,,,,,,,"186,998.44",,3392 Total
Department of Health,NHS North East Essex CCG,7/31/2018,C&M-GMS DES Minor Surgery,PRC DELEGATED CO-COMMISSIONING,SWEENEY G A & PARTNERS,23182424,86.72,,EX000073350
Department of Health,NHS North East Essex CCG,7/31/2018,C&M-GMS Global Sum,PRC DELEGATED CO-COMMISSIONING,SWEENEY G A & PARTNERS,23182424,"62,963.33",,EX000073350
Department of Health,NHS North East Essex CCG,7/31/2018,C&M-GMS Other FDR Payment,PRC DELEGATED CO-COMMISSIONING,SWEENEY G A & PARTNERS,23182424,"2,816.00",,EX000073350
Department of Health,NHS North East Essex CCG,7/31/2018,C&M-GMS Prem Notional Rent,PRC DELEGATED CO-COMMISSIONING,SWEENEY G A & PARTNERS,23182424,"2,479.17",,EX000073350
Department of Health,NHS North East Essex CCG,7/31/2018,C&M-GMS QOF Aspiration,PRC DELEGATED CO-COMMISSIONING,SWEENEY G A & PARTNERS,23182424,"7,222.26",,EX000073350
Department of Health,NHS North East Essex CCG,7/31/2018,ME - GMS GP Prior Year ERs,PRC DELEGATED CO-COMMISSIONING,SWEENEY G A & PARTNERS,23182424,"2,902.90",,EX000073350
Department of Health,NHS North East Essex CCG,7/31/2018,ME-GMS GP Prior Year EEs,PRC DELEGATED CO-COMMISSIONING,SWEENEY G A & PARTNERS,23182424,"2,913.50",,EX000073350
,,,,,,,"81,383.88",,EX000073350 Total
Department of Health,NHS North East Essex CCG,7/31/2018,C&M-GMS DES Extended Hours Access,PRC DELEGATED CO-COMMISSIONING,TUCKER P & PARTNERS,23182428,"5,929.90",,EX000073352
Department of Health,NHS North East Essex CCG,7/31/2018,C&M-GMS DES Minor Surgery,PRC DELEGATED CO-COMMISSIONING,TUCKER P & PARTNERS,23182428,"2,948.48",,EX000073352
Department of Health,NHS North East Essex CCG,7/31/2018,C&M-GMS Dispensing Quality Sch,PRC DELEGATED CO-COMMISSIONING,TUCKER P & PARTNERS,23182428,"6,599.64",,EX000073352
Department of Health,NHS North East Essex CCG,7/31/2018,C&M-GMS Global Sum,PRC DELEGATED CO-COMMISSIONING,TUCKER P & PARTNERS,23182428,"75,732.75",,EX000073352
Department of Health,NHS North East Essex CCG,7/31/2018,C&M-GMS MPIG Correction Factor,PRC DELEGATED CO-COMMISSIONING,TUCKER P & PARTNERS,23182428,"1,215.52",,EX000073352
Department of Health,NHS North East Essex CCG,7/31/2018,C&M-GMS Prem Actual Rent,PRC DELEGATED CO-COMMISSIONING,TUCKER P & PARTNERS,23182428,"15,100.00",,EX000073352
Department of Health,NHS North East Essex CCG,7/31/2018,C&M-GMS QOF Aspiration,PRC DELEGATED CO-COMMISSIONING,TUCKER P & PARTNERS,23182428,"8,034.54",,EX000073352
,,,,,,,"115,560.83",,EX000073352 Total
Department of Health,NHS North East Essex CCG,7/31/2018,C&M-GMS Cost of Drugs -Dispensing,LOCAL ENHANCED SERVICES,TUCKER P & PARTNERS,23203525,"49,398.02",,EX000073869
Department of Health,NHS North East Essex CCG,7/31/2018,C&M-GMS Prof Fees Dispensing,PRC DELEGATED CO-COMMISSIONING,TUCKER P & PARTNERS,23203525,"7,609.52",,EX000073869
Department of Health,NHS North East Essex CCG,7/31/2018,C&M-GMS PrscrptnChrgsColl&RmttdbyGP,LOCAL ENHANCED SERVICES,TUCKER P & PARTNERS,23203525,"1,117.40",,EX000073869
,,,,,,,"58,124.94",,EX000073869 Total
Department of Health,NHS North East Essex CCG,7/31/2018,C&M-GMS DES Minor Surgery,PRC DELEGATED CO-COMMISSIONING,TURNER N A & PARTNERS,23182432,997.28,,EX000073354
Department of Health,NHS North East Essex CCG,7/31/2018,C&M-GMS Global Sum,PRC DELEGATED CO-COMMISSIONING,TURNER N A & PARTNERS,23182432,"82,524.57",,EX000073354
Department of Health,NHS North East Essex CCG,7/31/2018,C&M-GMS Other FDR Payment,PRC DELEGATED CO-COMMISSIONING,TURNER N A & PARTNERS,23182432,"1,536.43",,EX000073354
Department of Health,NHS North East Essex CCG,7/31/2018,C&M-GMS Prem Cost Rent,PRC DELEGATED CO-COMMISSIONING,TURNER N A & PARTNERS,23182432,"6,119.00",,EX000073354
Department of Health,NHS North East Essex CCG,7/31/2018,C&M-GMS QOF Aspiration,PRC DELEGATED CO-COMMISSIONING,TURNER N A & PARTNERS,23182432,"8,442.89",,EX000073354
,,,,,,,"99,620.17",,EX000073354 Total
Department of Health,NHS North East Essex CCG,7/31/2018,C&M-GMS DES Minor Surgery,PRC DELEGATED CO-COMMISSIONING,TWUMASI K & PARTNERS,23182435,"1,560.96",878634272,EX000073356
Department of Health,NHS North East Essex CCG,7/31/2018,C&M-GMS Dispensing Quality Sch,PRC DELEGATED CO-COMMISSIONING,TWUMASI K & PARTNERS,23182435,"2,172.36",878634272,EX000073356
Department of Health,NHS North East Essex CCG,7/31/2018,C&M-GMS Global Sum,PRC DELEGATED CO-COMMISSIONING,TWUMASI K & PARTNERS,23182435,"128,263.58",878634272,EX000073356
Department of Health,NHS North East Essex CCG,7/31/2018,C&M-GMS Other FDR Payment,PRC DELEGATED CO-COMMISSIONING,TWUMASI K & PARTNERS,23182435,"5,626.52",878634272,EX000073356
Department of Health,NHS North East Essex CCG,7/31/2018,C&M-GMS Prem Actual Rent,PRC DELEGATED CO-COMMISSIONING,TWUMASI K & PARTNERS,23182435,"26,815.36",878634272,EX000073356
Department of Health,NHS North East Essex CCG,7/31/2018,C&M-GMS QOF Aspiration,PRC DELEGATED CO-COMMISSIONING,TWUMASI K & PARTNERS,23182435,"13,178.03",878634272,EX000073356
,,,,,,,"177,616.81",,EX000073356 Total
Department of Health,NHS North East Essex CCG,7/31/2018,Hcare Srv Rec Fdtn Trust-Contract Baseline,ACUTE COMMISSIONING,UNIVERSITY COLLEGE LONDON HOSPITALS NHS FOUNDATION TRUST,22917044,"91,982.00",654948687,SLA3824
,,,,,,,"91,982.00",,SLA3824 Total
Department of Health,NHS North East Essex CCG,7/31/2018,C&M-GMS DES Minor Surgery,PRC DELEGATED CO-COMMISSIONING,WALTON MEDICAL CENTRE,23182461,"3,078.56",,EX000073368
Department of Health,NHS North East Essex CCG,7/31/2018,C&M-GMS Global Sum,PRC DELEGATED CO-COMMISSIONING,WALTON MEDICAL CENTRE,23182461,"78,351.45",,EX000073368
Department of Health,NHS North East Essex CCG,7/31/2018,C&M-GMS Other FDR Payment,PRC DELEGATED CO-COMMISSIONING,WALTON MEDICAL CENTRE,23182461,"1,784.35",,EX000073368
Department of Health,NHS North East Essex CCG,7/31/2018,C&M-GMS PCO Other,PRC DELEGATED CO-COMMISSIONING,WALTON MEDICAL CENTRE,23182461,"5,486.00",,EX000073368
Department of Health,NHS North East Essex CCG,7/31/2018,C&M-GMS Prem Notional Rent,PRC DELEGATED CO-COMMISSIONING,WALTON MEDICAL CENTRE,23182461,"3,708.33",,EX000073368
Department of Health,NHS North East Essex CCG,7/31/2018,C&M-GMS QOF Aspiration,PRC DELEGATED CO-COMMISSIONING,WALTON MEDICAL CENTRE,23182461,"9,588.86",,EX000073368
,,,,,,,"101,997.55",,EX000073368 Total
Department of Health,NHS North East Essex CCG,7/31/2018,Hcare Srv Rec Fdtn Trust-Non Contract,NCAS/OATS,WEST SUFFOLK NHS FOUNDATION TRUST,23155334,"27,254.47",,304987
,,,,,,,"27,254.47",,0000304987 Total
Department of Health,NHS North East Essex CCG,7/31/2018,C&M-GMS DES Minor Surgery,PRC DELEGATED CO-COMMISSIONING,WIVENHOE MEDICAL CENTRE,23182465,867.2,,EX000073370
Department of Health,NHS North East Essex CCG,7/31/2018,C&M-GMS Global Sum,PRC DELEGATED CO-COMMISSIONING,WIVENHOE MEDICAL CENTRE,23182465,"54,166.27",,EX000073370
Department of Health,NHS North East Essex CCG,7/31/2018,C&M-GMS MPIG Correction Factor,PRC DELEGATED CO-COMMISSIONING,WIVENHOE MEDICAL CENTRE,23182465,866.07,,EX000073370
Department of Health,NHS North East Essex CCG,7/31/2018,C&M-GMS Prem Actual Rent,PRC DELEGATED CO-COMMISSIONING,WIVENHOE MEDICAL CENTRE,23182465,"11,000.00",,EX000073370
Department of Health,NHS North East Essex CCG,7/31/2018,C&M-GMS Prem Water Rates,PRC DELEGATED CO-COMMISSIONING,WIVENHOE MEDICAL CENTRE,23182465,127.31,,EX000073370
Department of Health,NHS North East Essex CCG,7/31/2018,C&M-GMS QOF Aspiration,PRC DELEGATED CO-COMMISSIONING,WIVENHOE MEDICAL CENTRE,23182465,"5,819.13",,EX000073370
,,,,,,,"72,845.98",,EX000073370 Total
,,,,,,,"37,838,293.83",,Grand Total
