A3131 - Expenditure Over Threshold,,,,,,,,,
,,,,,,,,,
,,,,,,,,,
,,,,,,,,,
Time run: 15/10/2018 15:01:39,,,,,,,,,
,,,,,,,,,
Department family,Entity,Date,Expense Type,Expense area,Supplier,Transaction number,AP Amount (�),VAT registration number,Purchase invoice number
Department of Health,NHS North East Essex CCG,9/30/2018,Clinical&Medical-Commercial Sector,ACUTE COMMISSIONING,SPRINGFIELD HOSPITAL,23711174,"27,169.62",GB-426505170,NEE0318TU
,,,,,,,"27,169.62",,NEE0318TU Total
Department of Health,NHS North East Essex CCG,9/30/2018,Hcare Srv Rec Fdtn Trust-Contract Baseline,ACUTE COMMISSIONING,EAST SUFFOLK AND NORTH ESSEX NHS FOUNDATION TRUST,23711189,"370,477.21",GB654921325,6000000730
,,,,,,,"370,477.21",,6000000730 Total
Department of Health,NHS North East Essex CCG,9/30/2018,Hcare Srv Rec Fdtn Trust-Contract Baseline,ACUTE COMMISSIONING,EAST SUFFOLK AND NORTH ESSEX NHS FOUNDATION TRUST,23711192,"426,257.00",GB654921325,6000000863
,,,,,,,"426,257.00",,6000000863 Total
Department of Health,NHS North East Essex CCG,9/30/2018,Hcare Srv Rec Fdtn Trust-Contract Baseline,ACUTE COMMISSIONING,EAST SUFFOLK AND NORTH ESSEX NHS FOUNDATION TRUST,23711195,"660,360.33",GB654921325,6000000712
,,,,,,,"660,360.33",,6000000712 Total
Department of Health,NHS North East Essex CCG,9/30/2018,Hcare Srv Rec Fdtn Trust-Contract Baseline,ACUTE COMMISSIONING,CAMBRIDGE UNIVERSITY HOSPITALS NHS FOUNDATION TRUST,23711199,"121,666.56",,80210133
,,,,,,,"121,666.56",,80210133 Total
Department of Health,NHS North East Essex CCG,9/30/2018,Hcare Srv Rec Fdtn Trust-Contract Baseline,ACUTE COMMISSIONING,BASILDON & THURROCK UNIVERSITY HOSPITALS NHS FOUNDATION TRUST,23724230,"197,092.00",,94043
,,,,,,,"197,092.00",,0000094043 Total
Department of Health,NHS North East Essex CCG,9/30/2018,Hcare Srv Rec Fdtn Trust-Contract Baseline,ACUTE COMMISSIONING,BASILDON & THURROCK UNIVERSITY HOSPITALS NHS FOUNDATION TRUST,23724327,"-197,092.00",,8178
,,,,,,,"-197,092.00",,0000008178 Total
Department of Health,NHS North East Essex CCG,9/30/2018,Hcare Srv Rec Fdtn Trust-Contract Baseline,ACUTE COMMISSIONING,BASILDON & THURROCK UNIVERSITY HOSPITALS NHS FOUNDATION TRUST,23724346,"176,543.22",,97461
,,,,,,,"176,543.22",,0000097461 Total
Department of Health,NHS North East Essex CCG,9/30/2018,Hcare Srv Rec Fdtn Trust-Contract Baseline,ACUTE COMMISSIONING,EAST SUFFOLK AND NORTH ESSEX NHS FOUNDATION TRUST,23724388,"16,272,447.92",GB654921325,6000000711
,,,,,,,"16,272,447.92",,6000000711 Total
Department of Health,NHS North East Essex CCG,9/30/2018,Clinical&Medical-Voluntary Sector,NON RECURRENT PROGRAMMES,COMMUNITY 360,23757399,"35,000.00",176515981,1819752
,,,,,,,"35,000.00",,1819752 Total
Department of Health,NHS North East Essex CCG,9/30/2018,Hcare Srv Rec Fdtn Trust-Contract Baseline,ACUTE COMMISSIONING,GUYS & ST THOMAS HOSPITAL NHS FOUNDATION TRUST,23757406,"68,436.00",654923417,3245870
,,,,,,,"68,436.00",,3245870 Total
Department of Health,NHS North East Essex CCG,9/30/2018,Hcare Srv Rec Fdtn Trust-Contract Baseline,ACUTE COMMISSIONING,ROYAL FREE LONDON NHS FOUNDATION TRUST,23757408,"33,628.00",654946987,I0163206
,,,,,,,"33,628.00",,I0163206 Total
Department of Health,NHS North East Essex CCG,9/30/2018,Hcare Srv Rec Fdtn Trust-Contract Baseline,ACUTE COMMISSIONING,MOORFIELDS EYE HOSPITAL NHS FOUNDATION TRUST,23757409,"39,844.00",,IC0035029
,,,,,,,"39,844.00",,IC0035029 Total
Department of Health,NHS North East Essex CCG,9/30/2018,Hcare Srv Rec Fdtn Trust-Contract Baseline,ACUTE COMMISSIONING,GREAT ORMOND STREET HOSPITAL FOR CHILDREN NHS FOUNDATION TRUST,23757414,"31,356.75",654922910,X0199777
,,,,,,,"31,356.75",,X0199777 Total
Department of Health,NHS North East Essex CCG,9/30/2018,Hcare Srv Rec Fdtn Trust-Contract Baseline,ACUTE COMMISSIONING,CAMBRIDGE UNIVERSITY HOSPITALS NHS FOUNDATION TRUST,23757418,"164,405.92",,70022271
,,,,,,,"164,405.92",,70022271 Total
Department of Health,NHS North East Essex CCG,9/30/2018,Hcare Srv Rec Fdtn Trust-Contract Baseline,ACUTE COMMISSIONING,ROYAL BROMPTON & HAREFIELD NHS FOUNDATION TRUST,23757420,"28,356.16",,S004347
,,,,,,,"28,356.16",,S004347 Total
Department of Health,NHS North East Essex CCG,9/30/2018,Healthcare Srv Rec CCG,MENTAL HEALTH CONTRACTS,NHS WEST ESSEX CCG,23757426,"216,784.00",,7022000978
,,,,,,,"216,784.00",,7022000978 Total
Department of Health,NHS North East Essex CCG,9/30/2018,Hcare Srv Rec Fdtn Trust-Contract Baseline,ACUTE COMMISSIONING,EAST SUFFOLK AND NORTH ESSEX NHS FOUNDATION TRUST,23757435,"41,400.00",GB654921325,6000000703
,,,,,,,"41,400.00",,6000000703 Total
Department of Health,NHS North East Essex CCG,9/30/2018,Hcare Srv Rec Fdtn Trust-Contract Baseline,ACUTE COMMISSIONING,EAST SUFFOLK AND NORTH ESSEX NHS FOUNDATION TRUST,23757437,"41,400.00",GB654921325,6000000704
,,,,,,,"41,400.00",,6000000704 Total
Department of Health,NHS North East Essex CCG,9/30/2018,Hcare Srv Rec Fdtn Trust-Contract Baseline,ACUTE COMMISSIONING,EAST SUFFOLK AND NORTH ESSEX NHS FOUNDATION TRUST,23757441,"41,400.00",GB654921325,6000000707
,,,,,,,"41,400.00",,6000000707 Total
Department of Health,NHS North East Essex CCG,9/30/2018,Clinical&Medical-Independent Sector,LONG TERM CONDITIONS,SUFFOLK GP FEDERATION CIC,23757462,"186,998.44",982574870,INV3578
,,,,,,,"186,998.44",,INV3578 Total
Department of Health,NHS North East Essex CCG,9/30/2018,Hcare Srv Rec Fdtn Trust-Contract Baseline,ACUTE COMMISSIONING,BASILDON & THURROCK UNIVERSITY HOSPITALS NHS FOUNDATION TRUST,23757466,"135,012.00",,97756
,,,,,,,"135,012.00",,0000097756 Total
Department of Health,NHS North East Essex CCG,9/30/2018,Clinical&Medical-Commercial Sector,PLANNED CARE,ALLIANCE MEDICAL LTD,23757502,"51,573.97",GB 523318667,AML105595
,,,,,,,"51,573.97",,AML105595 Total
Department of Health,NHS North East Essex CCG,9/30/2018,Hcare Srv Rec Fdtn Trust-Contract Baseline,ACUTE COMMISSIONING,UNIVERSITY COLLEGE LONDON HOSPITALS NHS FOUNDATION TRUST,23791955,"91,982.00",654948687,SLA4042
,,,,,,,"91,982.00",,SLA4042 Total
Department of Health,NHS North East Essex CCG,9/30/2018,Hcare Srv Rec Fdtn Trust-Contract Baseline,ACUTE COMMISSIONING,ROYAL PAPWORTH HOSPITAL NHS FOUNDATION TRUST,23793037,"27,500.00",,57791348
,,,,,,,"27,500.00",,57791348 Total
Department of Health,NHS North East Essex CCG,9/30/2018,Hcare Srv Rec NHS Trust-Contract Baseline,ACUTE COMMISSIONING,BARKING HAVERING AND REDBRIDGE HOSPITALS NHS TRUST,23793045,"51,107.00",,8451818
,,,,,,,"51,107.00",,8451818 Total
Department of Health,NHS North East Essex CCG,9/30/2018,Hcare Srv Rec NHS Trust-Contract Baseline,ACUTE COMMISSIONING,ROYAL NATIONAL ORTHOPAEDIC HOSPITAL NHS TRUST,23793054,"62,477.00",,B0037832
,,,,,,,"62,477.00",,B0037832 Total
Department of Health,NHS North East Essex CCG,9/30/2018,C&M-PMS Baseline Adjustment,PRC DELEGATED CO-COMMISSIONING,CHILD S W & PARTNER,23819470,176.12,,EX000075085
Department of Health,NHS North East Essex CCG,9/30/2018,C&M-PMS Contract Value,PRC DELEGATED CO-COMMISSIONING,CHILD S W & PARTNER,23819470,"37,591.38",,EX000075085
Department of Health,NHS North East Essex CCG,9/30/2018,C&M-PMS Out of Hours Opt Outs,PRC DELEGATED CO-COMMISSIONING,CHILD S W & PARTNER,23819470,57.1,,EX000075085
Department of Health,NHS North East Essex CCG,9/30/2018,C&M-PMS Prem Notional Rent,PRC DELEGATED CO-COMMISSIONING,CHILD S W & PARTNER,23819470,"1,383.33",,EX000075085
Department of Health,NHS North East Essex CCG,9/30/2018,C&M-PMS QOF Aspiration,PRC DELEGATED CO-COMMISSIONING,CHILD S W & PARTNER,23819470,"2,981.71",,EX000075085
,,,,,,,"42,189.64",,EX000075085 Total
Department of Health,NHS North East Essex CCG,9/30/2018,C&M-PMS Baseline Adjustment,PRC DELEGATED CO-COMMISSIONING,GREAT CLACTON MEDICAL PARTNERSHIP,23819472,300.48,,EX000075087
Department of Health,NHS North East Essex CCG,9/30/2018,C&M-PMS Contract Value,PRC DELEGATED CO-COMMISSIONING,GREAT CLACTON MEDICAL PARTNERSHIP,23819472,"64,133.60",,EX000075087
Department of Health,NHS North East Essex CCG,9/30/2018,C&M-PMS List Size Adjustment,PRC DELEGATED CO-COMMISSIONING,GREAT CLACTON MEDICAL PARTNERSHIP,23819472,283.25,,EX000075087
Department of Health,NHS North East Essex CCG,9/30/2018,C&M-PMS Out of Hours Opt Outs,PRC DELEGATED CO-COMMISSIONING,GREAT CLACTON MEDICAL PARTNERSHIP,23819472,29.7,,EX000075087
Department of Health,NHS North East Essex CCG,9/30/2018,C&M-PMS Prem Actual Rent,PRC DELEGATED CO-COMMISSIONING,GREAT CLACTON MEDICAL PARTNERSHIP,23819472,"2,125.00",,EX000075087
Department of Health,NHS North East Essex CCG,9/30/2018,C&M-PMS QOF Aspiration,PRC DELEGATED CO-COMMISSIONING,GREAT CLACTON MEDICAL PARTNERSHIP,23819472,"7,737.81",,EX000075087
,,,,,,,"74,609.84",,EX000075087 Total
Department of Health,NHS North East Essex CCG,9/30/2018,C&M-PMS Baseline Adjustment,PRC DELEGATED CO-COMMISSIONING,MIRZA K & PARTNER,23819474,381.11,,EX000075089
Department of Health,NHS North East Essex CCG,9/30/2018,C&M-PMS Contract Value,PRC DELEGATED CO-COMMISSIONING,MIRZA K & PARTNER,23819474,"81,343.39",,EX000075089
Department of Health,NHS North East Essex CCG,9/30/2018,C&M-PMS Funding Differential Review,PRC DELEGATED CO-COMMISSIONING,MIRZA K & PARTNER,23819474,"4,547.17",,EX000075089
Department of Health,NHS North East Essex CCG,9/30/2018,C&M-PMS List Size Adjustment,PRC DELEGATED CO-COMMISSIONING,MIRZA K & PARTNER,23819474,220.68,,EX000075089
Department of Health,NHS North East Essex CCG,9/30/2018,C&M-PMS Out of Hours Opt Outs,PRC DELEGATED CO-COMMISSIONING,MIRZA K & PARTNER,23819474,42.13,,EX000075089
Department of Health,NHS North East Essex CCG,9/30/2018,C&M-PMS PCO Seniority,PRC DELEGATED CO-COMMISSIONING,MIRZA K & PARTNER,23819474,"3,091.40",,EX000075089
Department of Health,NHS North East Essex CCG,9/30/2018,C&M-PMS Prem Actual Rent,PRC DELEGATED CO-COMMISSIONING,MIRZA K & PARTNER,23819474,"2,850.00",,EX000075089
Department of Health,NHS North East Essex CCG,9/30/2018,C&M-PMS Prem Notional Rent,PRC DELEGATED CO-COMMISSIONING,MIRZA K & PARTNER,23819474,625,,EX000075089
Department of Health,NHS North East Essex CCG,9/30/2018,C&M-PMS QOF Aspiration,PRC DELEGATED CO-COMMISSIONING,MIRZA K & PARTNER,23819474,"7,008.62",,EX000075089
,,,,,,,"100,109.50",,EX000075089 Total
Department of Health,NHS North East Essex CCG,9/30/2018,C&M-APMS Contract Value,PRC DELEGATED CO-COMMISSIONING,CARADOC SURGERY,23819476,"82,947.12",,EX000075091
Department of Health,NHS North East Essex CCG,9/30/2018,C&M-APMS List Size Adjustment,PRC DELEGATED CO-COMMISSIONING,CARADOC SURGERY,23819476,171.77,,EX000075091
Department of Health,NHS North East Essex CCG,9/30/2018,C&M-APMS Prem Actual Rent,PRC DELEGATED CO-COMMISSIONING,CARADOC SURGERY,23819476,"3,235.42",,EX000075091
Department of Health,NHS North East Essex CCG,9/30/2018,C&M-PMS QOF Aspiration,PRC DELEGATED CO-COMMISSIONING,CARADOC SURGERY,23819476,"5,012.47",,EX000075091
,,,,,,,"91,366.78",,EX000075091 Total
Department of Health,NHS North East Essex CCG,9/30/2018,C&M-PMS Baseline Adjustment,PRC DELEGATED CO-COMMISSIONING,CRUSADER SURGERY,23819478,187.94,,EX000075093
Department of Health,NHS North East Essex CCG,9/30/2018,C&M-PMS Contract Value,PRC DELEGATED CO-COMMISSIONING,CRUSADER SURGERY,23819478,"40,114.37",,EX000075093
Department of Health,NHS North East Essex CCG,9/30/2018,C&M-PMS List Size Adjustment,PRC DELEGATED CO-COMMISSIONING,CRUSADER SURGERY,23819478,606.78,,EX000075093
Department of Health,NHS North East Essex CCG,9/30/2018,C&M-PMS Prem Actual Rent,PRC DELEGATED CO-COMMISSIONING,CRUSADER SURGERY,23819478,"3,600.00",,EX000075093
Department of Health,NHS North East Essex CCG,9/30/2018,C&M-PMS QOF Aspiration,PRC DELEGATED CO-COMMISSIONING,CRUSADER SURGERY,23819478,"4,553.52",,EX000075093
,,,,,,,"49,062.61",,EX000075093 Total
Department of Health,NHS North East Essex CCG,9/30/2018,C&M-APMS Contract Value,PRC DELEGATED CO-COMMISSIONING,ACE COMMUNITY PRACTICE,23819480,"227,063.18",,EX000075095
Department of Health,NHS North East Essex CCG,9/30/2018,C&M-APMS List Size Adjustment,PRC DELEGATED CO-COMMISSIONING,ACE COMMUNITY PRACTICE,23819480,"5,112.09",,EX000075095
Department of Health,NHS North East Essex CCG,9/30/2018,C&M-APMS Prem Actual Rent,PRC DELEGATED CO-COMMISSIONING,ACE COMMUNITY PRACTICE,23819480,"10,767.82",,EX000075095
Department of Health,NHS North East Essex CCG,9/30/2018,C&M-APMS QOF Aspiration,PRC DELEGATED CO-COMMISSIONING,ACE COMMUNITY PRACTICE,23819480,"7,116.21",,EX000075095
Department of Health,NHS North East Essex CCG,9/30/2018,C&M-PMS QOF Aspiration,PRC DELEGATED CO-COMMISSIONING,ACE COMMUNITY PRACTICE,23819480,"8,550.85",,EX000075095
,,,,,,,"258,610.15",,EX000075095 Total
Department of Health,NHS North East Essex CCG,9/30/2018,Clinical&Medical-Commercial Sector,MENTAL HEALTH SERVICES - NOT CONTRACTED ACTIVITY,OAKVIEW ESTATES LTD,23834151,"29,670.00",158889046,3624
,,,,,,,"29,670.00",,3624 Total
Department of Health,NHS North East Essex CCG,9/30/2018,Clinical&Medical-Commercial Sector,NCAS/OATS,ONE TO ONE (NORTH WEST) LTD,23834168,"78,791.89",,4055
,,,,,,,"78,791.89",,4055 Total
Department of Health,NHS North East Essex CCG,9/30/2018,Hcare Srv Rec NHS Trust-Contract Baseline,PATIENT TRANSPORT,EAST OF ENGLAND AMBULANCE SERVICE NHS TRUST,23834171,"-41,831.03",,8110760
,,,,,,,"-41,831.03",,8110760 Total
Department of Health,NHS North East Essex CCG,9/30/2018,Hcare Srv Rec Fdtn Trust-Contract Baseline,IMPROVING ACCESS TO PSYCHOLOGICAL THERAPIES,HERTFORDSHIRE PARTNERSHIP NHS FOUNDATION TRUST,23849662,"222,492.08",654950120,P0001178
,,,,,,,"222,492.08",,P0001178 Total
Department of Health,NHS North East Essex CCG,9/30/2018,Clinical&Medical-Not For Profit,COMMUNITY SERVICES,ANGLIAN COMMUNITY ENTERPRISE CIC,23849689,"147,957.83",107576214,7000018949
,,,,,,,"147,957.83",,7000018949 Total
Department of Health,NHS North East Essex CCG,9/30/2018,Clinical&Medical-Not For Profit,COMMUNITY SERVICES,ANGLIAN COMMUNITY ENTERPRISE CIC,23849698,"1,491,044.00",107576214,7000018948
,,,,,,,"1,491,044.00",,7000018948 Total
Department of Health,NHS North East Essex CCG,9/30/2018,Hcare Srv Rec Fdtn Trust-Contract Baseline,MENTAL HEALTH SERVICES - ADULTS,ESSEX PARTNERSHIP UNIVERSITY NHS FT,23849725,"2,254,209.43",GB654974100,I0062294
,,,,,,,"2,254,209.43",,I0062294 Total
Department of Health,NHS North East Essex CCG,9/30/2018,Hcare Srv Rec NHS Trust-Contract Baseline,ACUTE COMMISSIONING,BARTS HEALTH NHS TRUST,23865364,"168,514.78",,347726
,,,,,,,"168,514.78",,347726 Total
Department of Health,NHS North East Essex CCG,9/30/2018,Hcare Srv Rec Fdtn Trust-Contract Baseline,CHILD AND ADOLESCENT MENTAL HEALTH,NORTH EAST LONDON NHS FOUNDATION TRUST,23865411,"242,461.00",654404447,51276
,,,,,,,"242,461.00",,0000051276 Total
Department of Health,NHS North East Essex CCG,9/30/2018,Hcare Srv Rec NHS Trust-Contract Baseline,ACUTE COMMISSIONING,MID ESSEX HOSPITALS SERVICES NHS TRUST,23865416,"460,006.00",,2000108104
,,,,,,,"460,006.00",,2000108104 Total
Department of Health,NHS North East Essex CCG,9/30/2018,Hcare Srv Rec Fdtn Trust-Contract Baseline,ACUTE COMMISSIONING,ROYAL BROMPTON & HAREFIELD NHS FOUNDATION TRUST,23865459,"-34,296.19",,C0014968
,,,,,,,"-34,296.19",,C0014968 Total
Department of Health,NHS North East Essex CCG,9/30/2018,Hcare Srv Rec Fdtn Trust-Contract Baseline,MENTAL HEALTH SERVICES - ADULTS,ESSEX PARTNERSHIP UNIVERSITY NHS FT,23865487,"28,138.81",GB654974100,I0062269
,,,,,,,"28,138.81",,I0062269 Total
Department of Health,NHS North East Essex CCG,9/30/2018,Hcare Srv Rec Fdtn Trust-Contract Baseline,MENTAL HEALTH SERVICES - OTHER,ESSEX PARTNERSHIP UNIVERSITY NHS FT,23865490,"108,289.67",GB654974100,I0062281
,,,,,,,"108,289.67",,I0062281 Total
Department of Health,NHS North East Essex CCG,9/30/2018,Hcare Srv Rec Fdtn Trust-Contract Baseline,MENTAL HEALTH CONTRACTS,ESSEX PARTNERSHIP UNIVERSITY NHS FT,23865527,"41,199.00",GB654974100,I0062249
,,,,,,,"41,199.00",,I0062249 Total
Department of Health,NHS North East Essex CCG,9/30/2018,Clinical&Medical-Commercial Sector,OUT OF HOURS,CARE UK (URGENT CARE) LTD,23886018,"262,151.28",,100074469
,,,,,,,"262,151.28",,100074469 Total
Department of Health,NHS North East Essex CCG,9/30/2018,Hcare Srv Rec NHS Trust-Contract Baseline,PATIENT TRANSPORT,EAST OF ENGLAND AMBULANCE SERVICE NHS TRUST,23886062,"264,301.00",,8110658
,,,,,,,"264,301.00",,8110658 Total
Department of Health,NHS North East Essex CCG,9/30/2018,Hcare Srv Rec NHS Trust-Contract Baseline,AMBULANCE SERVICES,EAST OF ENGLAND AMBULANCE SERVICE NHS TRUST,23886063,"1,183,336.27",,8110649
,,,,,,,"1,183,336.27",,8110649 Total
Department of Health,NHS North East Essex CCG,9/30/2018,Clinical&Medical-Commercial Sector,LONG TERM CONDITIONS,GP PRIMARY CHOICE LTD,23886072,"35,050.88",,1461
,,,,,,,"35,050.88",,1461 Total
Department of Health,NHS North East Essex CCG,9/30/2018,Clinical&Medical-Commercial Sector,LONG TERM CONDITIONS,GP PRIMARY CHOICE LTD,23886078,"35,050.88",,1464
,,,,,,,"35,050.88",,1464 Total
Department of Health,NHS North East Essex CCG,9/30/2018,Clinical&Medical-Commercial Sector,LONG TERM CONDITIONS,GP PRIMARY CHOICE LTD,23886082,"35,050.88",,1459
,,,,,,,"35,050.88",,1459 Total
Department of Health,NHS North East Essex CCG,9/30/2018,Hcare Srv Rec NHS Trust-Contract Baseline,AMBULANCE SERVICES,EAST OF ENGLAND AMBULANCE SERVICE NHS TRUST,23904452,"27,600.00",,8110213
,,,,,,,"27,600.00",,8110213 Total
Department of Health,NHS North East Essex CCG,9/30/2018,Clinical&Medical-Commercial Sector,PLANNED CARE,CONCORDIA COMMUNITY OUTPATIENTS LTD,23904579,"210,140.08",654458121,COLOCT18
,,,,,,,"210,140.08",,COLOCT18 Total
Department of Health,NHS North East Essex CCG,9/30/2018,Apprenticeship Levy Payable,BALANCE SHEET,HMRC,23919658,"1,220.00",,120PE005657271905
Department of Health,NHS North East Essex CCG,9/30/2018,Income tax <1Yr,BALANCE SHEET,HMRC,23919658,"74,819.40",,120PE005657271905
Department of Health,NHS North East Essex CCG,9/30/2018,Income tax <1Yr-Student Loans,BALANCE SHEET,HMRC,23919658,"1,360.00",,120PE005657271905
Department of Health,NHS North East Essex CCG,9/30/2018,National Insurance < 1 yr-NI- ERS,BALANCE SHEET,HMRC,23919658,"52,858.41",,120PE005657271905
Department of Health,NHS North East Essex CCG,9/30/2018,National Insurance < 1 yr-NI-EES,BALANCE SHEET,HMRC,23919658,"37,157.57",,120PE005657271905
Department of Health,NHS North East Essex CCG,9/30/2018,Statutory Mat Pay < 1 yr,BALANCE SHEET,HMRC,23919658,"-1,335.70",,120PE005657271905
,,,,,,,"166,079.68",,120PE005657271905 Total
Department of Health,NHS North East Essex CCG,9/30/2018,Clinical&Medical-Independent Sector,NHS 111,INTEGRATED CARE 24 LTD,23924115,"122,014.80",991241024,1708
,,,,,,,"122,014.80",,1708 Total
Department of Health,NHS North East Essex CCG,9/30/2018,Service Charge,RECHARGES NHS PROPERTY SERVICES LTD,COMMUNITY HEALTH PARTNERSHIPS LTD,23924196,"69,786.23",GB782562113,60080381
,,,,,,,"69,786.23",,0060080381 Total
Department of Health,NHS North East Essex CCG,9/30/2018,Services From Local Authorities,NON RECURRENT PROGRAMMES,ESSEX COUNTY COUNCIL,23924209,"508,424.72",104252813,1010637360
,,,,,,,"508,424.72",,1010637360 Total
Department of Health,NHS North East Essex CCG,9/30/2018,Charges from CSU,FINANCE,NHS ARDEN AND GEM CSU,23969839,"19,291.92",GB526164259,7312611740
Department of Health,NHS North East Essex CCG,9/30/2018,Charges from CSU,PRIMARY CARE IT,NHS ARDEN AND GEM CSU,23969839,"53,467.25",GB526164259,7312611740
Department of Health,NHS North East Essex CCG,9/30/2018,Telecoms-Phone Rental and Calls,CORPORATE COSTS & SERVICES,NHS ARDEN AND GEM CSU,23969839,"1,206.00",GB526164259,7312611740
,,,,,,,"73,965.17",,7312611740 Total
Department of Health,NHS North East Essex CCG,9/30/2018,Clinical&Medical-Commercial Sector,PRC DELEGATED CO-COMMISSIONING,GP PRIMARY CHOICE LTD,23969846,"76,794.25",,1465
,,,,,,,"76,794.25",,1465 Total
Department of Health,NHS North East Essex CCG,9/30/2018,Clinical&Medical-Commercial Sector,PRC DELEGATED CO-COMMISSIONING,GP PRIMARY CHOICE LTD,23969864,"76,794.25",,1462
,,,,,,,"76,794.25",,1462 Total
Department of Health,NHS North East Essex CCG,9/30/2018,Clinical&Medical-Commercial Sector,PRC DELEGATED CO-COMMISSIONING,GP PRIMARY CHOICE LTD,23969884,"76,794.25",,1463
,,,,,,,"76,794.25",,1463 Total
Department of Health,NHS North East Essex CCG,9/30/2018,Clinical&Medical-Commercial Sector,URGENT CARE,CARE UK (URGENT CARE) LTD,23985525,"200,000.00",,100076568
,,,,,,,"200,000.00",,100076568 Total
Department of Health,NHS North East Essex CCG,9/30/2018,C&M-GMS Practice Transformational Support,LOCAL ENHANCED SERVICES,EAST LYNNE MEDICAL CENTRE CLACTON GP ALLIANCE,23987395,"61,245.66",,EXTAQ3011
,,,,,,,"61,245.66",,EXTAQ3011 Total
Department of Health,NHS North East Essex CCG,9/30/2018,C&M-GMS Practice Transformational Support,LOCAL ENHANCED SERVICES,NORTH EAST ESSEX GP NETWORK LLP,23987398,"74,540.14",,EXTAQ3012
,,,,,,,"74,540.14",,EXTAQ3012 Total
Department of Health,NHS North East Essex CCG,9/30/2018,C&M-GMS Practice Transformational Support,LOCAL ENHANCED SERVICES,COLTE PARTNERSHIP,23987399,"115,152.60",269623763,EXTAQ3013
,,,,,,,"115,152.60",,EXTAQ3013 Total
Department of Health,NHS North East Essex CCG,9/30/2018,C&M-APMS Other Baseline Adjustment,PRC DELEGATED CO-COMMISSIONING,ACE COMMUNITY PRACTICE,23990034,"26,755.00",,EX000075168
,,,,,,,"26,755.00",,EX000075168 Total
Department of Health,NHS North East Essex CCG,9/30/2018,C&M-GMS DES Learn Dsblty Hlth Chk,PRC DELEGATED CO-COMMISSIONING,BEST M & PARTNER,24015005,280,,EX000075202
Department of Health,NHS North East Essex CCG,9/30/2018,C&M-GMS Global Sum,PRC DELEGATED CO-COMMISSIONING,BEST M & PARTNER,24015005,"49,352.12",,EX000075202
Department of Health,NHS North East Essex CCG,9/30/2018,C&M-GMS Other Baseline Adjustment,PRC DELEGATED CO-COMMISSIONING,BEST M & PARTNER,24015005,"12,707.47",,EX000075202
Department of Health,NHS North East Essex CCG,9/30/2018,C&M-GMS Other FDR Payment,PRC DELEGATED CO-COMMISSIONING,BEST M & PARTNER,24015005,"2,530.20",,EX000075202
Department of Health,NHS North East Essex CCG,9/30/2018,C&M-GMS PCO Seniority,PRC DELEGATED CO-COMMISSIONING,BEST M & PARTNER,24015005,"1,163.93",,EX000075202
Department of Health,NHS North East Essex CCG,9/30/2018,C&M-GMS Prem Actual Rent,PRC DELEGATED CO-COMMISSIONING,BEST M & PARTNER,24015005,"10,244.00",,EX000075202
Department of Health,NHS North East Essex CCG,9/30/2018,C&M-GMS QOF Aspiration,PRC DELEGATED CO-COMMISSIONING,BEST M & PARTNER,24015005,"4,634.07",,EX000075202
,,,,,,,"80,911.79",,EX000075202 Total
Department of Health,NHS North East Essex CCG,9/30/2018,C&M-GMS DES Learn Dsblty Hlth Chk,PRC DELEGATED CO-COMMISSIONING,AHMAD H S,24015007,280,,EX000075204
Department of Health,NHS North East Essex CCG,9/30/2018,C&M-GMS Global Sum,PRC DELEGATED CO-COMMISSIONING,AHMAD H S,24015007,"25,762.71",,EX000075204
Department of Health,NHS North East Essex CCG,9/30/2018,C&M-GMS Other Baseline Adjustment,PRC DELEGATED CO-COMMISSIONING,AHMAD H S,24015007,"5,777.32",,EX000075204
Department of Health,NHS North East Essex CCG,9/30/2018,C&M-GMS Other FDR Payment,PRC DELEGATED CO-COMMISSIONING,AHMAD H S,24015007,"2,221.50",,EX000075204
Department of Health,NHS North East Essex CCG,9/30/2018,C&M-GMS PCO Seniority,PRC DELEGATED CO-COMMISSIONING,AHMAD H S,24015007,"1,287.48",,EX000075204
Department of Health,NHS North East Essex CCG,9/30/2018,C&M-GMS Prem Notional Rent,PRC DELEGATED CO-COMMISSIONING,AHMAD H S,24015007,"1,655.50",,EX000075204
Department of Health,NHS North East Essex CCG,9/30/2018,C&M-GMS QOF Aspiration,PRC DELEGATED CO-COMMISSIONING,AHMAD H S,24015007,"2,720.51",,EX000075204
,,,,,,,"39,705.02",,EX000075204 Total
Department of Health,NHS North East Essex CCG,9/30/2018,C&M-GMS GP Statutory Levy,PRC DELEGATED CO-COMMISSIONING,CASTLE GARDENS MEDICAL CENTRE,24015008,-806.3,,EX000075205
Department of Health,NHS North East Essex CCG,9/30/2018,C&M-GMS Voluntary Levy,PRC DELEGATED CO-COMMISSIONING,CASTLE GARDENS MEDICAL CENTRE,24015008,-153.44,,EX000075205
Department of Health,NHS North East Essex CCG,9/30/2018,ME - GMS TPS Added Years Adj EEs,PRC DELEGATED CO-COMMISSIONING,CASTLE GARDENS MEDICAL CENTRE,24015008,"-1,026.45",,EX000075205
Department of Health,NHS North East Essex CCG,9/30/2018,ME-GMS GP Pension EEs,PRC DELEGATED CO-COMMISSIONING,CASTLE GARDENS MEDICAL CENTRE,24015008,"-10,949.39",,EX000075205
Department of Health,NHS North East Essex CCG,9/30/2018,ME-GMS GP Pension ERs Adjustments,PRC DELEGATED CO-COMMISSIONING,CASTLE GARDENS MEDICAL CENTRE,24015008,"-12,211.60",,EX000075205
,,,,,,,"-25,147.18",,EX000075205 Total
Department of Health,NHS North East Essex CCG,9/30/2018,C&M-GMS DES Learn Dsblty Hlth Chk,PRC DELEGATED CO-COMMISSIONING,CASTLE GARDENS MEDICAL CENTRE,24015009,"4,620.00",,EX000075206
Department of Health,NHS North East Essex CCG,9/30/2018,C&M-GMS Global Sum,PRC DELEGATED CO-COMMISSIONING,CASTLE GARDENS MEDICAL CENTRE,24015009,"216,765.72",,EX000075206
Department of Health,NHS North East Essex CCG,9/30/2018,C&M-GMS MPIG Correction Factor,PRC DELEGATED CO-COMMISSIONING,CASTLE GARDENS MEDICAL CENTRE,24015009,"7,303.59",,EX000075206
Department of Health,NHS North East Essex CCG,9/30/2018,C&M-GMS Other Baseline Adjustment,PRC DELEGATED CO-COMMISSIONING,CASTLE GARDENS MEDICAL CENTRE,24015009,"41,589.14",,EX000075206
Department of Health,NHS North East Essex CCG,9/30/2018,C&M-GMS PCO Seniority,PRC DELEGATED CO-COMMISSIONING,CASTLE GARDENS MEDICAL CENTRE,24015009,"1,819.00",,EX000075206
Department of Health,NHS North East Essex CCG,9/30/2018,C&M-GMS Prem Actual Rent,PRC DELEGATED CO-COMMISSIONING,CASTLE GARDENS MEDICAL CENTRE,24015009,"3,666.67",,EX000075206
Department of Health,NHS North East Essex CCG,9/30/2018,C&M-GMS Prem Notional Rent,PRC DELEGATED CO-COMMISSIONING,CASTLE GARDENS MEDICAL CENTRE,24015009,"12,933.49",,EX000075206
Department of Health,NHS North East Essex CCG,9/30/2018,C&M-GMS Prem Water Rates,PRC DELEGATED CO-COMMISSIONING,CASTLE GARDENS MEDICAL CENTRE,24015009,186.29,,EX000075206
Department of Health,NHS North East Essex CCG,9/30/2018,C&M-GMS QOF Aspiration,PRC DELEGATED CO-COMMISSIONING,CASTLE GARDENS MEDICAL CENTRE,24015009,"23,320.61",,EX000075206
,,,,,,,"312,204.51",,EX000075206 Total
Department of Health,NHS North East Essex CCG,9/30/2018,C&M-GMS Global Sum,PRC DELEGATED CO-COMMISSIONING,DR TL ASHOK-KUMAR,24015012,"43,522.97",,EX000075210
Department of Health,NHS North East Essex CCG,9/30/2018,C&M-GMS Other Baseline Adjustment,PRC DELEGATED CO-COMMISSIONING,DR TL ASHOK-KUMAR,24015012,"11,337.86",,EX000075210
Department of Health,NHS North East Essex CCG,9/30/2018,C&M-GMS Other FDR Payment,PRC DELEGATED CO-COMMISSIONING,DR TL ASHOK-KUMAR,24015012,"6,066.12",,EX000075210
Department of Health,NHS North East Essex CCG,9/30/2018,C&M-GMS PCO Seniority,PRC DELEGATED CO-COMMISSIONING,DR TL ASHOK-KUMAR,24015012,"1,437.09",,EX000075210
Department of Health,NHS North East Essex CCG,9/30/2018,C&M-GMS Prem Notional Rent,PRC DELEGATED CO-COMMISSIONING,DR TL ASHOK-KUMAR,24015012,"4,790.67",,EX000075210
Department of Health,NHS North East Essex CCG,9/30/2018,C&M-GMS Prem Water Rates,PRC DELEGATED CO-COMMISSIONING,DR TL ASHOK-KUMAR,24015012,102.12,,EX000075210
Department of Health,NHS North East Essex CCG,9/30/2018,C&M-GMS QOF Aspiration,PRC DELEGATED CO-COMMISSIONING,DR TL ASHOK-KUMAR,24015012,"4,130.26",,EX000075210
,,,,,,,"71,387.09",,EX000075210 Total
Department of Health,NHS North East Essex CCG,9/30/2018,C&M-GMS DES Learn Dsblty Hlth Chk,PRC DELEGATED CO-COMMISSIONING,FAERESTRAND H I & PARTNERS,24015015,"2,800.00",,EX000075214
Department of Health,NHS North East Essex CCG,9/30/2018,C&M-GMS Global Sum,PRC DELEGATED CO-COMMISSIONING,FAERESTRAND H I & PARTNERS,24015015,"66,358.97",,EX000075214
Department of Health,NHS North East Essex CCG,9/30/2018,C&M-GMS Other Baseline Adjustment,PRC DELEGATED CO-COMMISSIONING,FAERESTRAND H I & PARTNERS,24015015,"14,771.22",,EX000075214
Department of Health,NHS North East Essex CCG,9/30/2018,C&M-GMS Prem Actual Rent,PRC DELEGATED CO-COMMISSIONING,FAERESTRAND H I & PARTNERS,24015015,"3,687.50",,EX000075214
Department of Health,NHS North East Essex CCG,9/30/2018,C&M-GMS QOF Aspiration,PRC DELEGATED CO-COMMISSIONING,FAERESTRAND H I & PARTNERS,24015015,"7,267.09",,EX000075214
,,,,,,,"94,884.78",,EX000075214 Total
Department of Health,NHS North East Essex CCG,9/30/2018,C&M-GMS GP Statutory Levy,PRC DELEGATED CO-COMMISSIONING,HARGREAVES M J & PARTNERS,24015017,-336.9,,EX000075217
Department of Health,NHS North East Essex CCG,9/30/2018,C&M-GMS Global Sum,PRC DELEGATED CO-COMMISSIONING,HARGREAVES M J & PARTNERS,24015017,"-50,070.86",,EX000075217
Department of Health,NHS North East Essex CCG,9/30/2018,C&M-GMS MPIG Correction Factor,PRC DELEGATED CO-COMMISSIONING,HARGREAVES M J & PARTNERS,24015017,"-1,958.85",,EX000075217
Department of Health,NHS North East Essex CCG,9/30/2018,C&M-GMS Prem Notional Rent,PRC DELEGATED CO-COMMISSIONING,HARGREAVES M J & PARTNERS,24015017,"-4,112.50",,EX000075217
Department of Health,NHS North East Essex CCG,9/30/2018,C&M-GMS QOF Aspiration,PRC DELEGATED CO-COMMISSIONING,HARGREAVES M J & PARTNERS,24015017,"-5,213.70",,EX000075217
Department of Health,NHS North East Essex CCG,9/30/2018,C&M-GMS Voluntary Levy,PRC DELEGATED CO-COMMISSIONING,HARGREAVES M J & PARTNERS,24015017,-62.47,,EX000075217
Department of Health,NHS North East Essex CCG,9/30/2018,ME-GMS GP Pension EEs,PRC DELEGATED CO-COMMISSIONING,HARGREAVES M J & PARTNERS,24015017,"-1,357.79",,EX000075217
Department of Health,NHS North East Essex CCG,9/30/2018,ME-GMS GP Pension ERs Adjustments,PRC DELEGATED CO-COMMISSIONING,HARGREAVES M J & PARTNERS,24015017,"-1,516.02",,EX000075217
,,,,,,,"-64,629.09",,EX000075217 Total
Department of Health,NHS North East Essex CCG,9/30/2018,C&M-GMS DES Learn Dsblty Hlth Chk,PRC DELEGATED CO-COMMISSIONING,HARGREAVES M J & PARTNERS,24015018,140,,EX000075218
Department of Health,NHS North East Essex CCG,9/30/2018,C&M-GMS Global Sum,PRC DELEGATED CO-COMMISSIONING,HARGREAVES M J & PARTNERS,24015018,"71,529.80",,EX000075218
Department of Health,NHS North East Essex CCG,9/30/2018,C&M-GMS MPIG Correction Factor,PRC DELEGATED CO-COMMISSIONING,HARGREAVES M J & PARTNERS,24015018,"2,798.36",,EX000075218
Department of Health,NHS North East Essex CCG,9/30/2018,C&M-GMS Other Baseline Adjustment,PRC DELEGATED CO-COMMISSIONING,HARGREAVES M J & PARTNERS,24015018,"17,144.74",,EX000075218
Department of Health,NHS North East Essex CCG,9/30/2018,C&M-GMS PCO Seniority,PRC DELEGATED CO-COMMISSIONING,HARGREAVES M J & PARTNERS,24015018,"1,533.61",,EX000075218
Department of Health,NHS North East Essex CCG,9/30/2018,C&M-GMS Prem Notional Rent,PRC DELEGATED CO-COMMISSIONING,HARGREAVES M J & PARTNERS,24015018,"5,875.00",,EX000075218
Department of Health,NHS North East Essex CCG,9/30/2018,C&M-GMS Prem Water Rates,PRC DELEGATED CO-COMMISSIONING,HARGREAVES M J & PARTNERS,24015018,193.79,,EX000075218
Department of Health,NHS North East Essex CCG,9/30/2018,C&M-GMS QOF Aspiration,PRC DELEGATED CO-COMMISSIONING,HARGREAVES M J & PARTNERS,24015018,"7,448.15",,EX000075218
,,,,,,,"106,663.45",,EX000075218 Total
Department of Health,NHS North East Essex CCG,9/30/2018,C&M-GMS DES Learn Dsblty Hlth Chk,PRC DELEGATED CO-COMMISSIONING,HUNT M J N & PARTNERS,24015020,"1,540.00",,EX000075220
Department of Health,NHS North East Essex CCG,9/30/2018,C&M-GMS Global Sum,PRC DELEGATED CO-COMMISSIONING,HUNT M J N & PARTNERS,24015020,"72,897.46",,EX000075220
Department of Health,NHS North East Essex CCG,9/30/2018,C&M-GMS Other Baseline Adjustment,PRC DELEGATED CO-COMMISSIONING,HUNT M J N & PARTNERS,24015020,"14,615.26",,EX000075220
Department of Health,NHS North East Essex CCG,9/30/2018,C&M-GMS Other FDR Payment,PRC DELEGATED CO-COMMISSIONING,HUNT M J N & PARTNERS,24015020,"1,710.36",,EX000075220
Department of Health,NHS North East Essex CCG,9/30/2018,C&M-GMS PCO Seniority,PRC DELEGATED CO-COMMISSIONING,HUNT M J N & PARTNERS,24015020,"2,143.42",,EX000075220
Department of Health,NHS North East Essex CCG,9/30/2018,C&M-GMS Prem Actual Rent,PRC DELEGATED CO-COMMISSIONING,HUNT M J N & PARTNERS,24015020,"3,833.33",,EX000075220
Department of Health,NHS North East Essex CCG,9/30/2018,C&M-GMS Prem Water Rates,PRC DELEGATED CO-COMMISSIONING,HUNT M J N & PARTNERS,24015020,395.59,,EX000075220
Department of Health,NHS North East Essex CCG,9/30/2018,C&M-GMS QOF Aspiration,PRC DELEGATED CO-COMMISSIONING,HUNT M J N & PARTNERS,24015020,"8,298.73",,EX000075220
,,,,,,,"105,434.15",,EX000075220 Total
Department of Health,NHS North East Essex CCG,9/30/2018,C&M-GMS Global Sum,PRC DELEGATED CO-COMMISSIONING,LAYER ROAD SURGERY,24015022,"34,356.56",,EX000075222
Department of Health,NHS North East Essex CCG,9/30/2018,C&M-GMS MPIG Correction Factor,PRC DELEGATED CO-COMMISSIONING,LAYER ROAD SURGERY,24015022,"1,988.68",,EX000075222
Department of Health,NHS North East Essex CCG,9/30/2018,C&M-GMS Other Baseline Adjustment,PRC DELEGATED CO-COMMISSIONING,LAYER ROAD SURGERY,24015022,"9,404.98",,EX000075222
Department of Health,NHS North East Essex CCG,9/30/2018,C&M-GMS PCO Seniority,PRC DELEGATED CO-COMMISSIONING,LAYER ROAD SURGERY,24015022,"1,163.93",,EX000075222
Department of Health,NHS North East Essex CCG,9/30/2018,C&M-GMS QOF Aspiration,PRC DELEGATED CO-COMMISSIONING,LAYER ROAD SURGERY,24015022,"3,441.29",,EX000075222
,,,,,,,"50,355.44",,EX000075222 Total
Department of Health,NHS North East Essex CCG,9/30/2018,C&M-GMS DES Learn Dsblty Hlth Chk,PRC DELEGATED CO-COMMISSIONING,MAHMOUD & PARTNER,24015024,280,GB879101803,EX000075224
Department of Health,NHS North East Essex CCG,9/30/2018,C&M-GMS Global Sum,PRC DELEGATED CO-COMMISSIONING,MAHMOUD & PARTNER,24015024,"61,288.37",GB879101803,EX000075224
Department of Health,NHS North East Essex CCG,9/30/2018,C&M-GMS Other Baseline Adjustment,PRC DELEGATED CO-COMMISSIONING,MAHMOUD & PARTNER,24015024,"12,053.51",GB879101803,EX000075224
Department of Health,NHS North East Essex CCG,9/30/2018,C&M-GMS PCO Locum Adop/Pat/Mat,PRC DELEGATED CO-COMMISSIONING,MAHMOUD & PARTNER,24015024,"8,757.60",GB879101803,EX000075224
Department of Health,NHS North East Essex CCG,9/30/2018,C&M-GMS PCO Seniority,PRC DELEGATED CO-COMMISSIONING,MAHMOUD & PARTNER,24015024,547.46,GB879101803,EX000075224
Department of Health,NHS North East Essex CCG,9/30/2018,C&M-GMS Prem Actual Rent,PRC DELEGATED CO-COMMISSIONING,MAHMOUD & PARTNER,24015024,"1,125.00",GB879101803,EX000075224
Department of Health,NHS North East Essex CCG,9/30/2018,C&M-GMS Prem Notional Rent,PRC DELEGATED CO-COMMISSIONING,MAHMOUD & PARTNER,24015024,"2,166.67",GB879101803,EX000075224
Department of Health,NHS North East Essex CCG,9/30/2018,C&M-GMS QOF Aspiration,PRC DELEGATED CO-COMMISSIONING,MAHMOUD & PARTNER,24015024,"5,885.29",GB879101803,EX000075224
,,,,,,,"92,103.90",,EX000075224 Total
Department of Health,NHS North East Essex CCG,9/30/2018,C&M-GMS Global Sum,PRC DELEGATED CO-COMMISSIONING,OBISESAN,24015026,"44,958.20",,EX000075226
Department of Health,NHS North East Essex CCG,9/30/2018,C&M-GMS MPIG Correction Factor,PRC DELEGATED CO-COMMISSIONING,OBISESAN,24015026,"3,178.33",,EX000075226
Department of Health,NHS North East Essex CCG,9/30/2018,C&M-GMS Other Baseline Adjustment,PRC DELEGATED CO-COMMISSIONING,OBISESAN,24015026,"10,832.06",,EX000075226
Department of Health,NHS North East Essex CCG,9/30/2018,C&M-GMS PCO Seniority,PRC DELEGATED CO-COMMISSIONING,OBISESAN,24015026,935.88,,EX000075226
Department of Health,NHS North East Essex CCG,9/30/2018,C&M-GMS Prem Notional Rent,PRC DELEGATED CO-COMMISSIONING,OBISESAN,24015026,"9,145.83",,EX000075226
Department of Health,NHS North East Essex CCG,9/30/2018,C&M-GMS QOF Aspiration,PRC DELEGATED CO-COMMISSIONING,OBISESAN,24015026,"4,630.86",,EX000075226
,,,,,,,"73,681.16",,EX000075226 Total
Department of Health,NHS North East Essex CCG,9/30/2018,C&M-GMS GP Statutory Levy,PRC DELEGATED CO-COMMISSIONING,TWUMASI K & PARTNERS,24015032,-567.47,878634272,EX000075237
Department of Health,NHS North East Essex CCG,9/30/2018,C&M-GMS Voluntary Levy,PRC DELEGATED CO-COMMISSIONING,TWUMASI K & PARTNERS,24015032,-106.16,878634272,EX000075237
Department of Health,NHS North East Essex CCG,9/30/2018,ME - GMS GP Prior Year ERs,PRC DELEGATED CO-COMMISSIONING,TWUMASI K & PARTNERS,24015032,"-15,750.20",878634272,EX000075237
Department of Health,NHS North East Essex CCG,9/30/2018,ME-GMS GP Pension EEs,PRC DELEGATED CO-COMMISSIONING,TWUMASI K & PARTNERS,24015032,"-8,175.42",878634272,EX000075237
Department of Health,NHS North East Essex CCG,9/30/2018,ME-GMS GP Pension EEs Adjustments,PRC DELEGATED CO-COMMISSIONING,TWUMASI K & PARTNERS,24015032,"-1,395.00",878634272,EX000075237
Department of Health,NHS North East Essex CCG,9/30/2018,ME-GMS GP Pension ERs Adjustments,PRC DELEGATED CO-COMMISSIONING,TWUMASI K & PARTNERS,24015032,"-10,844.92",878634272,EX000075237
Department of Health,NHS North East Essex CCG,9/30/2018,ME-GMS GP Prior Year EEs,PRC DELEGATED CO-COMMISSIONING,TWUMASI K & PARTNERS,24015032,"-2,092.50",878634272,EX000075237
,,,,,,,"-38,931.67",,EX000075237 Total
Department of Health,NHS North East Essex CCG,9/30/2018,C&M-GMS DES Learn Dsblty Hlth Chk,PRC DELEGATED CO-COMMISSIONING,ST JAMES SURGERY,24015035,700,,EX000075242
Department of Health,NHS North East Essex CCG,9/30/2018,C&M-GMS Global Sum,PRC DELEGATED CO-COMMISSIONING,ST JAMES SURGERY,24015035,"119,347.14",,EX000075242
Department of Health,NHS North East Essex CCG,9/30/2018,C&M-GMS Other Baseline Adjustment,PRC DELEGATED CO-COMMISSIONING,ST JAMES SURGERY,24015035,"23,761.37",,EX000075242
Department of Health,NHS North East Essex CCG,9/30/2018,C&M-GMS PCO Seniority,PRC DELEGATED CO-COMMISSIONING,ST JAMES SURGERY,24015035,"3,709.61",,EX000075242
Department of Health,NHS North East Essex CCG,9/30/2018,C&M-GMS Prem Actual Rent,PRC DELEGATED CO-COMMISSIONING,ST JAMES SURGERY,24015035,800,,EX000075242
Department of Health,NHS North East Essex CCG,9/30/2018,C&M-GMS Prem Notional Rent,PRC DELEGATED CO-COMMISSIONING,ST JAMES SURGERY,24015035,"4,583.33",,EX000075242
Department of Health,NHS North East Essex CCG,9/30/2018,C&M-GMS Prem Water Rates,PRC DELEGATED CO-COMMISSIONING,ST JAMES SURGERY,24015035,191.14,,EX000075242
Department of Health,NHS North East Essex CCG,9/30/2018,C&M-GMS QOF Aspiration,PRC DELEGATED CO-COMMISSIONING,ST JAMES SURGERY,24015035,"15,703.68",,EX000075242
,,,,,,,"168,796.27",,EX000075242 Total
Department of Health,NHS North East Essex CCG,9/30/2018,C&M-GMS DES Learn Dsblty Hlth Chk,PRC DELEGATED CO-COMMISSIONING,ABBEY FIELD MEDICAL CENTRE,24015037,"2,100.00",,EX000075244
Department of Health,NHS North East Essex CCG,9/30/2018,C&M-GMS Global Sum,PRC DELEGATED CO-COMMISSIONING,ABBEY FIELD MEDICAL CENTRE,24015037,"125,761.69",,EX000075244
Department of Health,NHS North East Essex CCG,9/30/2018,C&M-GMS MPIG Correction Factor,PRC DELEGATED CO-COMMISSIONING,ABBEY FIELD MEDICAL CENTRE,24015037,"5,040.69",,EX000075244
Department of Health,NHS North East Essex CCG,9/30/2018,C&M-GMS Other Baseline Adjustment,PRC DELEGATED CO-COMMISSIONING,ABBEY FIELD MEDICAL CENTRE,24015037,"31,239.89",,EX000075244
Department of Health,NHS North East Essex CCG,9/30/2018,C&M-GMS Other FDR Payment,PRC DELEGATED CO-COMMISSIONING,ABBEY FIELD MEDICAL CENTRE,24015037,"5,313.31",,EX000075244
Department of Health,NHS North East Essex CCG,9/30/2018,C&M-GMS PCO Seniority,PRC DELEGATED CO-COMMISSIONING,ABBEY FIELD MEDICAL CENTRE,24015037,"1,376.25",,EX000075244
Department of Health,NHS North East Essex CCG,9/30/2018,C&M-GMS Prem Actual Rent,PRC DELEGATED CO-COMMISSIONING,ABBEY FIELD MEDICAL CENTRE,24015037,"2,868.73",,EX000075244
Department of Health,NHS North East Essex CCG,9/30/2018,C&M-GMS Prem Notional Rent,PRC DELEGATED CO-COMMISSIONING,ABBEY FIELD MEDICAL CENTRE,24015037,"1,104.17",,EX000075244
Department of Health,NHS North East Essex CCG,9/30/2018,C&M-GMS QOF Aspiration,PRC DELEGATED CO-COMMISSIONING,ABBEY FIELD MEDICAL CENTRE,24015037,"13,601.51",,EX000075244
,,,,,,,"188,406.24",,EX000075244 Total
Department of Health,NHS North East Essex CCG,9/30/2018,C&M-GMS Global Sum,PRC DELEGATED CO-COMMISSIONING,WALTON MEDICAL CENTRE,24015041,"78,351.45",,EX000075250
Department of Health,NHS North East Essex CCG,9/30/2018,C&M-GMS Other Baseline Adjustment,PRC DELEGATED CO-COMMISSIONING,WALTON MEDICAL CENTRE,24015041,"14,284.00",,EX000075250
Department of Health,NHS North East Essex CCG,9/30/2018,C&M-GMS Other FDR Payment,PRC DELEGATED CO-COMMISSIONING,WALTON MEDICAL CENTRE,24015041,"1,784.35",,EX000075250
Department of Health,NHS North East Essex CCG,9/30/2018,C&M-GMS PCO Seniority,PRC DELEGATED CO-COMMISSIONING,WALTON MEDICAL CENTRE,24015041,516.08,,EX000075250
Department of Health,NHS North East Essex CCG,9/30/2018,C&M-GMS Prem Notional Rent,PRC DELEGATED CO-COMMISSIONING,WALTON MEDICAL CENTRE,24015041,"3,708.33",,EX000075250
Department of Health,NHS North East Essex CCG,9/30/2018,C&M-GMS Prem Water Rates,PRC DELEGATED CO-COMMISSIONING,WALTON MEDICAL CENTRE,24015041,53.3,,EX000075250
Department of Health,NHS North East Essex CCG,9/30/2018,C&M-GMS QOF Aspiration,PRC DELEGATED CO-COMMISSIONING,WALTON MEDICAL CENTRE,24015041,"9,588.86",,EX000075250
,,,,,,,"108,286.37",,EX000075250 Total
Department of Health,NHS North East Essex CCG,9/30/2018,C&M-GMS Global Sum,PRC DELEGATED CO-COMMISSIONING,CREFFIELD MEDICAL CENTRE,24015044,"82,178.14",,EX000075254
Department of Health,NHS North East Essex CCG,9/30/2018,C&M-GMS MPIG Correction Factor,PRC DELEGATED CO-COMMISSIONING,CREFFIELD MEDICAL CENTRE,24015044,"1,046.23",,EX000075254
Department of Health,NHS North East Essex CCG,9/30/2018,C&M-GMS Other Baseline Adjustment,PRC DELEGATED CO-COMMISSIONING,CREFFIELD MEDICAL CENTRE,24015044,"19,251.71",,EX000075254
Department of Health,NHS North East Essex CCG,9/30/2018,C&M-GMS PCO Seniority,PRC DELEGATED CO-COMMISSIONING,CREFFIELD MEDICAL CENTRE,24015044,"4,073.82",,EX000075254
Department of Health,NHS North East Essex CCG,9/30/2018,C&M-GMS Prem Actual Rent,PRC DELEGATED CO-COMMISSIONING,CREFFIELD MEDICAL CENTRE,24015044,"18,782.50",,EX000075254
Department of Health,NHS North East Essex CCG,9/30/2018,C&M-GMS QOF Aspiration,PRC DELEGATED CO-COMMISSIONING,CREFFIELD MEDICAL CENTRE,24015044,"8,170.95",,EX000075254
,,,,,,,"133,503.35",,EX000075254 Total
Department of Health,NHS North East Essex CCG,9/30/2018,C&M-GMS DES Learn Dsblty Hlth Chk,PRC DELEGATED CO-COMMISSIONING,NORTH HILL MEDICAL GROUP,24015047,"1,260.00",GB878670170,EX000075258
Department of Health,NHS North East Essex CCG,9/30/2018,C&M-GMS Global Sum,PRC DELEGATED CO-COMMISSIONING,NORTH HILL MEDICAL GROUP,24015047,"95,768.39",GB878670170,EX000075258
Department of Health,NHS North East Essex CCG,9/30/2018,C&M-GMS MPIG Correction Factor,PRC DELEGATED CO-COMMISSIONING,NORTH HILL MEDICAL GROUP,24015047,"3,930.17",GB878670170,EX000075258
Department of Health,NHS North East Essex CCG,9/30/2018,C&M-GMS Other Baseline Adjustment,PRC DELEGATED CO-COMMISSIONING,NORTH HILL MEDICAL GROUP,24015047,"22,519.72",GB878670170,EX000075258
Department of Health,NHS North East Essex CCG,9/30/2018,C&M-GMS PCO Seniority,PRC DELEGATED CO-COMMISSIONING,NORTH HILL MEDICAL GROUP,24015047,"1,557.83",GB878670170,EX000075258
Department of Health,NHS North East Essex CCG,9/30/2018,C&M-GMS Prem Actual Rent,PRC DELEGATED CO-COMMISSIONING,NORTH HILL MEDICAL GROUP,24015047,"3,166.67",GB878670170,EX000075258
Department of Health,NHS North East Essex CCG,9/30/2018,C&M-GMS Prem Notional Rent,PRC DELEGATED CO-COMMISSIONING,NORTH HILL MEDICAL GROUP,24015047,"8,770.84",GB878670170,EX000075258
Department of Health,NHS North East Essex CCG,9/30/2018,C&M-GMS QOF Aspiration,PRC DELEGATED CO-COMMISSIONING,NORTH HILL MEDICAL GROUP,24015047,"10,076.02",GB878670170,EX000075258
Department of Health,NHS North East Essex CCG,9/30/2018,ME - GMS GP Prior Year ERs,PRC DELEGATED CO-COMMISSIONING,NORTH HILL MEDICAL GROUP,24015047,"2,184.81",GB878670170,EX000075258
Department of Health,NHS North East Essex CCG,9/30/2018,ME-GMS GP Prior Year EEs,PRC DELEGATED CO-COMMISSIONING,NORTH HILL MEDICAL GROUP,24015047,"1,597.12",GB878670170,EX000075258
,,,,,,,"150,831.57",,EX000075258 Total
Department of Health,NHS North East Essex CCG,9/30/2018,Clinical&Medical-Commercial Sector,PRC DELEGATED CO-COMMISSIONING,SUFFOLK GP FEDERATION CIC,24024191,"49,598.00",982574870,3648
,,,,,,,"49,598.00",,3648 Total
Department of Health,NHS North East Essex CCG,9/30/2018,Clinical&Medical-Commercial Sector,PRC DELEGATED CO-COMMISSIONING,GP PRIMARY CHOICE LTD,24024212,"40,655.50",,1468
,,,,,,,"40,655.50",,1468 Total
Department of Health,NHS North East Essex CCG,9/30/2018,C&M-GMS Global Sum,PRC DELEGATED CO-COMMISSIONING,COLNE MEDICAL PRACTICE,24035247,"77,820.57",879070096,EX000075208
Department of Health,NHS North East Essex CCG,9/30/2018,C&M-GMS Other Baseline Adjustment,PRC DELEGATED CO-COMMISSIONING,COLNE MEDICAL PRACTICE,24035247,"17,065.92",879070096,EX000075208
Department of Health,NHS North East Essex CCG,9/30/2018,C&M-GMS Other FDR Payment,PRC DELEGATED CO-COMMISSIONING,COLNE MEDICAL PRACTICE,24035247,"3,926.90",879070096,EX000075208
Department of Health,NHS North East Essex CCG,9/30/2018,C&M-GMS PCO Seniority,PRC DELEGATED CO-COMMISSIONING,COLNE MEDICAL PRACTICE,24035247,"2,121.38",879070096,EX000075208
Department of Health,NHS North East Essex CCG,9/30/2018,C&M-GMS Prem Actual Rent,PRC DELEGATED CO-COMMISSIONING,COLNE MEDICAL PRACTICE,24035247,795,879070096,EX000075208
Department of Health,NHS North East Essex CCG,9/30/2018,C&M-GMS Prem Notional Rent,PRC DELEGATED CO-COMMISSIONING,COLNE MEDICAL PRACTICE,24035247,"5,340.00",879070096,EX000075208
Department of Health,NHS North East Essex CCG,9/30/2018,C&M-GMS Prem Water Rates,PRC DELEGATED CO-COMMISSIONING,COLNE MEDICAL PRACTICE,24035247,498.32,879070096,EX000075208
Department of Health,NHS North East Essex CCG,9/30/2018,C&M-GMS QOF Aspiration,PRC DELEGATED CO-COMMISSIONING,COLNE MEDICAL PRACTICE,24035247,"10,110.85",879070096,EX000075208
,,,,,,,"117,678.94",,EX000075208 Total
Department of Health,NHS North East Essex CCG,9/30/2018,C&M-GMS DES Learn Dsblty Hlth Chk,PRC DELEGATED CO-COMMISSIONING,EAST HILL SURGERY,24035248,840,,EX000075212
Department of Health,NHS North East Essex CCG,9/30/2018,C&M-GMS Global Sum,PRC DELEGATED CO-COMMISSIONING,EAST HILL SURGERY,24035248,"59,924.84",,EX000075212
Department of Health,NHS North East Essex CCG,9/30/2018,C&M-GMS MPIG Correction Factor,PRC DELEGATED CO-COMMISSIONING,EAST HILL SURGERY,24035248,238.55,,EX000075212
Department of Health,NHS North East Essex CCG,9/30/2018,C&M-GMS Other Baseline Adjustment,PRC DELEGATED CO-COMMISSIONING,EAST HILL SURGERY,24035248,"14,476.14",,EX000075212
Department of Health,NHS North East Essex CCG,9/30/2018,C&M-GMS PCO Seniority,PRC DELEGATED CO-COMMISSIONING,EAST HILL SURGERY,24035248,"2,089.63",,EX000075212
Department of Health,NHS North East Essex CCG,9/30/2018,C&M-GMS Prem Notional Rent,PRC DELEGATED CO-COMMISSIONING,EAST HILL SURGERY,24035248,"5,208.33",,EX000075212
Department of Health,NHS North East Essex CCG,9/30/2018,C&M-GMS QOF Aspiration,PRC DELEGATED CO-COMMISSIONING,EAST HILL SURGERY,24035248,"6,709.90",,EX000075212
,,,,,,,"89,487.39",,EX000075212 Total
Department of Health,NHS North East Essex CCG,9/30/2018,C&M-GMS DES Learn Dsblty Hlth Chk,PRC DELEGATED CO-COMMISSIONING,HAREWOOD SURGERY,24035249,420,879132591,EX000075216
Department of Health,NHS North East Essex CCG,9/30/2018,C&M-GMS Global Sum,PRC DELEGATED CO-COMMISSIONING,HAREWOOD SURGERY,24035249,"22,563.24",879132591,EX000075216
Department of Health,NHS North East Essex CCG,9/30/2018,C&M-GMS Other Baseline Adjustment,PRC DELEGATED CO-COMMISSIONING,HAREWOOD SURGERY,24035249,"4,903.66",879132591,EX000075216
Department of Health,NHS North East Essex CCG,9/30/2018,C&M-GMS Other FDR Payment,PRC DELEGATED CO-COMMISSIONING,HAREWOOD SURGERY,24035249,"2,415.22",879132591,EX000075216
Department of Health,NHS North East Essex CCG,9/30/2018,C&M-GMS PCO Seniority,PRC DELEGATED CO-COMMISSIONING,HAREWOOD SURGERY,24035249,550.26,879132591,EX000075216
Department of Health,NHS North East Essex CCG,9/30/2018,C&M-GMS Prem Notional Rent,PRC DELEGATED CO-COMMISSIONING,HAREWOOD SURGERY,24035249,"1,833.33",879132591,EX000075216
Department of Health,NHS North East Essex CCG,9/30/2018,C&M-GMS QOF Aspiration,PRC DELEGATED CO-COMMISSIONING,HAREWOOD SURGERY,24035249,"2,617.70",879132591,EX000075216
,,,,,,,"35,303.41",,EX000075216 Total
Department of Health,NHS North East Essex CCG,9/30/2018,C&M-GMS DES Learn Dsblty Hlth Chk,PRC DELEGATED CO-COMMISSIONING,OREGAN S M & PARTNERS,24035250,420,,EX000075228
Department of Health,NHS North East Essex CCG,9/30/2018,C&M-GMS Global Sum,PRC DELEGATED CO-COMMISSIONING,OREGAN S M & PARTNERS,24035250,"74,462.21",,EX000075228
Department of Health,NHS North East Essex CCG,9/30/2018,C&M-GMS MPIG Correction Factor,PRC DELEGATED CO-COMMISSIONING,OREGAN S M & PARTNERS,24035250,"6,950.28",,EX000075228
Department of Health,NHS North East Essex CCG,9/30/2018,C&M-GMS Other Baseline Adjustment,PRC DELEGATED CO-COMMISSIONING,OREGAN S M & PARTNERS,24035250,"33,851.74",,EX000075228
Department of Health,NHS North East Essex CCG,9/30/2018,C&M-GMS PCO Doctors Ret Scheme,PRC DELEGATED CO-COMMISSIONING,OREGAN S M & PARTNERS,24035250,307.68,,EX000075228
Department of Health,NHS North East Essex CCG,9/30/2018,C&M-GMS PCO Seniority,PRC DELEGATED CO-COMMISSIONING,OREGAN S M & PARTNERS,24035250,"3,865.50",,EX000075228
Department of Health,NHS North East Essex CCG,9/30/2018,C&M-GMS Prem Actual Rent,PRC DELEGATED CO-COMMISSIONING,OREGAN S M & PARTNERS,24035250,"4,391.67",,EX000075228
Department of Health,NHS North East Essex CCG,9/30/2018,C&M-GMS Prem Water Rates,PRC DELEGATED CO-COMMISSIONING,OREGAN S M & PARTNERS,24035250,198.29,,EX000075228
Department of Health,NHS North East Essex CCG,9/30/2018,C&M-GMS QOF Aspiration,PRC DELEGATED CO-COMMISSIONING,OREGAN S M & PARTNERS,24035250,"4,615.69",,EX000075228
,,,,,,,"129,063.06",,EX000075228 Total
Department of Health,NHS North East Essex CCG,9/30/2018,C&M-GMS Global Sum,PRC DELEGATED CO-COMMISSIONING,RIVERSIDE HEALTH CENTRE,24035251,"42,607.90",878634468,EX000075230
Department of Health,NHS North East Essex CCG,9/30/2018,C&M-GMS Other Baseline Adjustment,PRC DELEGATED CO-COMMISSIONING,RIVERSIDE HEALTH CENTRE,24035251,"9,588.90",878634468,EX000075230
Department of Health,NHS North East Essex CCG,9/30/2018,C&M-GMS Other FDR Payment,PRC DELEGATED CO-COMMISSIONING,RIVERSIDE HEALTH CENTRE,24035251,"2,228.40",878634468,EX000075230
Department of Health,NHS North East Essex CCG,9/30/2018,C&M-GMS PCO Seniority,PRC DELEGATED CO-COMMISSIONING,RIVERSIDE HEALTH CENTRE,24035251,"2,318.35",878634468,EX000075230
Department of Health,NHS North East Essex CCG,9/30/2018,C&M-GMS Prem Actual Rent,PRC DELEGATED CO-COMMISSIONING,RIVERSIDE HEALTH CENTRE,24035251,"6,114.87",878634468,EX000075230
Department of Health,NHS North East Essex CCG,9/30/2018,C&M-GMS QOF Aspiration,PRC DELEGATED CO-COMMISSIONING,RIVERSIDE HEALTH CENTRE,24035251,"4,109.01",878634468,EX000075230
,,,,,,,"66,967.43",,EX000075230 Total
Department of Health,NHS North East Essex CCG,9/30/2018,C&M-GMS DES Learn Dsblty Hlth Chk,PRC DELEGATED CO-COMMISSIONING,SWEENEY G A & PARTNERS,24035252,280,,EX000075232
Department of Health,NHS North East Essex CCG,9/30/2018,C&M-GMS Global Sum,PRC DELEGATED CO-COMMISSIONING,SWEENEY G A & PARTNERS,24035252,"62,963.33",,EX000075232
Department of Health,NHS North East Essex CCG,9/30/2018,C&M-GMS Other Baseline Adjustment,PRC DELEGATED CO-COMMISSIONING,SWEENEY G A & PARTNERS,24035252,"12,571.17",,EX000075232
Department of Health,NHS North East Essex CCG,9/30/2018,C&M-GMS Other FDR Payment,PRC DELEGATED CO-COMMISSIONING,SWEENEY G A & PARTNERS,24035252,"2,816.00",,EX000075232
Department of Health,NHS North East Essex CCG,9/30/2018,C&M-GMS PCO Seniority,PRC DELEGATED CO-COMMISSIONING,SWEENEY G A & PARTNERS,24035252,194.8,,EX000075232
Department of Health,NHS North East Essex CCG,9/30/2018,C&M-GMS Prem Notional Rent,PRC DELEGATED CO-COMMISSIONING,SWEENEY G A & PARTNERS,24035252,"2,479.17",,EX000075232
Department of Health,NHS North East Essex CCG,9/30/2018,C&M-GMS QOF Aspiration,PRC DELEGATED CO-COMMISSIONING,SWEENEY G A & PARTNERS,24035252,"7,222.26",,EX000075232
,,,,,,,"88,526.73",,EX000075232 Total
Department of Health,NHS North East Essex CCG,9/30/2018,C&M-GMS DES Learn Dsblty Hlth Chk,PRC DELEGATED CO-COMMISSIONING,TUCKER P & PARTNERS,24035253,"3,780.00",,EX000075234
Department of Health,NHS North East Essex CCG,9/30/2018,C&M-GMS Global Sum,PRC DELEGATED CO-COMMISSIONING,TUCKER P & PARTNERS,24035253,"75,732.75",,EX000075234
Department of Health,NHS North East Essex CCG,9/30/2018,C&M-GMS MPIG Correction Factor,PRC DELEGATED CO-COMMISSIONING,TUCKER P & PARTNERS,24035253,"1,215.52",,EX000075234
Department of Health,NHS North East Essex CCG,9/30/2018,C&M-GMS Other Baseline Adjustment,PRC DELEGATED CO-COMMISSIONING,TUCKER P & PARTNERS,24035253,"20,501.43",,EX000075234
Department of Health,NHS North East Essex CCG,9/30/2018,C&M-GMS PCO Seniority,PRC DELEGATED CO-COMMISSIONING,TUCKER P & PARTNERS,24035253,"2,318.95",,EX000075234
Department of Health,NHS North East Essex CCG,9/30/2018,C&M-GMS Prem Actual Rent,PRC DELEGATED CO-COMMISSIONING,TUCKER P & PARTNERS,24035253,"15,100.00",,EX000075234
Department of Health,NHS North East Essex CCG,9/30/2018,C&M-GMS QOF Aspiration,PRC DELEGATED CO-COMMISSIONING,TUCKER P & PARTNERS,24035253,"8,034.54",,EX000075234
,,,,,,,"126,683.19",,EX000075234 Total
Department of Health,NHS North East Essex CCG,9/30/2018,C&M-GMS DES Learn Dsblty Hlth Chk,PRC DELEGATED CO-COMMISSIONING,TURNER N A & PARTNERS,24035254,840,,EX000075236
Department of Health,NHS North East Essex CCG,9/30/2018,C&M-GMS Global Sum,PRC DELEGATED CO-COMMISSIONING,TURNER N A & PARTNERS,24035254,"82,524.57",,EX000075236
Department of Health,NHS North East Essex CCG,9/30/2018,C&M-GMS Other Baseline Adjustment,PRC DELEGATED CO-COMMISSIONING,TURNER N A & PARTNERS,24035254,"18,898.63",,EX000075236
Department of Health,NHS North East Essex CCG,9/30/2018,C&M-GMS Other FDR Payment,PRC DELEGATED CO-COMMISSIONING,TURNER N A & PARTNERS,24035254,"1,536.43",,EX000075236
Department of Health,NHS North East Essex CCG,9/30/2018,C&M-GMS PCO Locum Sickness,PRC DELEGATED CO-COMMISSIONING,TURNER N A & PARTNERS,24035254,"1,751.52",,EX000075236
Department of Health,NHS North East Essex CCG,9/30/2018,C&M-GMS PCO Seniority,PRC DELEGATED CO-COMMISSIONING,TURNER N A & PARTNERS,24035254,"1,196.11",,EX000075236
Department of Health,NHS North East Essex CCG,9/30/2018,C&M-GMS Prem Cost Rent,PRC DELEGATED CO-COMMISSIONING,TURNER N A & PARTNERS,24035254,"6,119.00",,EX000075236
Department of Health,NHS North East Essex CCG,9/30/2018,C&M-GMS QOF Aspiration,PRC DELEGATED CO-COMMISSIONING,TURNER N A & PARTNERS,24035254,"8,442.89",,EX000075236
,,,,,,,"121,309.15",,EX000075236 Total
Department of Health,NHS North East Essex CCG,9/30/2018,C&M-GMS Global Sum,PRC DELEGATED CO-COMMISSIONING,TWUMASI K & PARTNERS,24035255,"128,263.58",878634272,EX000075238
Department of Health,NHS North East Essex CCG,9/30/2018,C&M-GMS Other Baseline Adjustment,PRC DELEGATED CO-COMMISSIONING,TWUMASI K & PARTNERS,24035255,"29,149.35",878634272,EX000075238
Department of Health,NHS North East Essex CCG,9/30/2018,C&M-GMS Other FDR Payment,PRC DELEGATED CO-COMMISSIONING,TWUMASI K & PARTNERS,24035255,"5,626.52",878634272,EX000075238
Department of Health,NHS North East Essex CCG,9/30/2018,C&M-GMS PCO Seniority,PRC DELEGATED CO-COMMISSIONING,TWUMASI K & PARTNERS,24035255,"1,913.14",878634272,EX000075238
Department of Health,NHS North East Essex CCG,9/30/2018,C&M-GMS Prem Actual Rent,PRC DELEGATED CO-COMMISSIONING,TWUMASI K & PARTNERS,24035255,"26,815.36",878634272,EX000075238
Department of Health,NHS North East Essex CCG,9/30/2018,C&M-GMS QOF Aspiration,PRC DELEGATED CO-COMMISSIONING,TWUMASI K & PARTNERS,24035255,"13,178.03",878634272,EX000075238
Department of Health,NHS North East Essex CCG,9/30/2018,ME - GMS GP Prior Year ERs,PRC DELEGATED CO-COMMISSIONING,TWUMASI K & PARTNERS,24035255,"2,586.07",878634272,EX000075238
Department of Health,NHS North East Essex CCG,9/30/2018,ME-GMS GP Pension EEs Adjustments,PRC DELEGATED CO-COMMISSIONING,TWUMASI K & PARTNERS,24035255,"2,351.67",878634272,EX000075238
Department of Health,NHS North East Essex CCG,9/30/2018,ME-GMS GP Pension ERs Adjustments,PRC DELEGATED CO-COMMISSIONING,TWUMASI K & PARTNERS,24035255,"2,540.47",878634272,EX000075238
Department of Health,NHS North East Essex CCG,9/30/2018,ME-GMS GP Prior Year EEs,PRC DELEGATED CO-COMMISSIONING,TWUMASI K & PARTNERS,24035255,"2,247.98",878634272,EX000075238
,,,,,,,"214,672.17",,EX000075238 Total
Department of Health,NHS North East Essex CCG,9/30/2018,C&M-GMS DES Learn Dsblty Hlth Chk,PRC DELEGATED CO-COMMISSIONING,AMBROSE AVENUE GROUP PRACTICE,24035256,"1,960.00",,EX000075240
Department of Health,NHS North East Essex CCG,9/30/2018,C&M-GMS Global Sum,PRC DELEGATED CO-COMMISSIONING,AMBROSE AVENUE GROUP PRACTICE,24035256,"107,659.78",,EX000075240
Department of Health,NHS North East Essex CCG,9/30/2018,C&M-GMS MPIG Correction Factor,PRC DELEGATED CO-COMMISSIONING,AMBROSE AVENUE GROUP PRACTICE,24035256,701.49,,EX000075240
Department of Health,NHS North East Essex CCG,9/30/2018,C&M-GMS Other Baseline Adjustment,PRC DELEGATED CO-COMMISSIONING,AMBROSE AVENUE GROUP PRACTICE,24035256,"25,651.43",,EX000075240
Department of Health,NHS North East Essex CCG,9/30/2018,C&M-GMS PCO Seniority,PRC DELEGATED CO-COMMISSIONING,AMBROSE AVENUE GROUP PRACTICE,24035256,"5,840.63",,EX000075240
Department of Health,NHS North East Essex CCG,9/30/2018,C&M-GMS Prem Actual Rent,PRC DELEGATED CO-COMMISSIONING,AMBROSE AVENUE GROUP PRACTICE,24035256,"15,670.92",,EX000075240
Department of Health,NHS North East Essex CCG,9/30/2018,C&M-GMS Prem Notional Rent,PRC DELEGATED CO-COMMISSIONING,AMBROSE AVENUE GROUP PRACTICE,24035256,"5,104.17",,EX000075240
Department of Health,NHS North East Essex CCG,9/30/2018,C&M-GMS Prem Other,PRC DELEGATED CO-COMMISSIONING,AMBROSE AVENUE GROUP PRACTICE,24035256,"5,311.66",,EX000075240
Department of Health,NHS North East Essex CCG,9/30/2018,C&M-GMS QOF Aspiration,PRC DELEGATED CO-COMMISSIONING,AMBROSE AVENUE GROUP PRACTICE,24035256,"11,667.91",,EX000075240
,,,,,,,"179,567.99",,EX000075240 Total
Department of Health,NHS North East Essex CCG,9/30/2018,C&M-GMS Global Sum,PRC DELEGATED CO-COMMISSIONING,BLUEBELL SURGERY (THE),24035257,"20,864.33",,EX000075246
Department of Health,NHS North East Essex CCG,9/30/2018,C&M-GMS MPIG Correction Factor,PRC DELEGATED CO-COMMISSIONING,BLUEBELL SURGERY (THE),24035257,"1,395.46",,EX000075246
Department of Health,NHS North East Essex CCG,9/30/2018,C&M-GMS Other Baseline Adjustment,PRC DELEGATED CO-COMMISSIONING,BLUEBELL SURGERY (THE),24035257,"6,284.76",,EX000075246
Department of Health,NHS North East Essex CCG,9/30/2018,C&M-GMS Prem Actual Rent,PRC DELEGATED CO-COMMISSIONING,BLUEBELL SURGERY (THE),24035257,"6,231.00",,EX000075246
Department of Health,NHS North East Essex CCG,9/30/2018,C&M-GMS QOF Aspiration,PRC DELEGATED CO-COMMISSIONING,BLUEBELL SURGERY (THE),24035257,"1,492.43",,EX000075246
,,,,,,,"36,267.98",,EX000075246 Total
Department of Health,NHS North East Essex CCG,9/30/2018,C&M-GMS Global Sum,PRC DELEGATED CO-COMMISSIONING,MERSEA ISLAND MEDICAL PRACTICE,24035258,"56,869.09",,EX000075248
Department of Health,NHS North East Essex CCG,9/30/2018,C&M-GMS MPIG Correction Factor,PRC DELEGATED CO-COMMISSIONING,MERSEA ISLAND MEDICAL PRACTICE,24035258,740.4,,EX000075248
Department of Health,NHS North East Essex CCG,9/30/2018,C&M-GMS Other Baseline Adjustment,PRC DELEGATED CO-COMMISSIONING,MERSEA ISLAND MEDICAL PRACTICE,24035258,"12,523.54",,EX000075248
Department of Health,NHS North East Essex CCG,9/30/2018,C&M-GMS PCO Seniority,PRC DELEGATED CO-COMMISSIONING,MERSEA ISLAND MEDICAL PRACTICE,24035258,"1,409.43",,EX000075248
Department of Health,NHS North East Essex CCG,9/30/2018,C&M-GMS Prem Actual Rent,PRC DELEGATED CO-COMMISSIONING,MERSEA ISLAND MEDICAL PRACTICE,24035258,"2,531.75",,EX000075248
Department of Health,NHS North East Essex CCG,9/30/2018,C&M-GMS QOF Aspiration,PRC DELEGATED CO-COMMISSIONING,MERSEA ISLAND MEDICAL PRACTICE,24035258,"7,010.83",,EX000075248
,,,,,,,"81,085.04",,EX000075248 Total
Department of Health,NHS North East Essex CCG,9/30/2018,C&M-GMS Global Sum,PRC DELEGATED CO-COMMISSIONING,WIVENHOE MEDICAL CENTRE,24035259,"54,166.27",,EX000075252
Department of Health,NHS North East Essex CCG,9/30/2018,C&M-GMS MPIG Correction Factor,PRC DELEGATED CO-COMMISSIONING,WIVENHOE MEDICAL CENTRE,24035259,866.07,,EX000075252
Department of Health,NHS North East Essex CCG,9/30/2018,C&M-GMS Other Baseline Adjustment,PRC DELEGATED CO-COMMISSIONING,WIVENHOE MEDICAL CENTRE,24035259,"13,957.20",,EX000075252
Department of Health,NHS North East Essex CCG,9/30/2018,C&M-GMS PCO Seniority,PRC DELEGATED CO-COMMISSIONING,WIVENHOE MEDICAL CENTRE,24035259,"2,716.16",,EX000075252
Department of Health,NHS North East Essex CCG,9/30/2018,C&M-GMS Prem Actual Rent,PRC DELEGATED CO-COMMISSIONING,WIVENHOE MEDICAL CENTRE,24035259,"11,000.00",,EX000075252
Department of Health,NHS North East Essex CCG,9/30/2018,C&M-GMS QOF Aspiration,PRC DELEGATED CO-COMMISSIONING,WIVENHOE MEDICAL CENTRE,24035259,"5,819.13",,EX000075252
,,,,,,,"88,524.83",,EX000075252 Total
Department of Health,NHS North East Essex CCG,9/30/2018,C&M-GMS DES Learn Dsblty Hlth Chk,PRC DELEGATED CO-COMMISSIONING,ARDLEIGH SURGERY,24035260,140,,EX000075256
Department of Health,NHS North East Essex CCG,9/30/2018,C&M-GMS Global Sum,PRC DELEGATED CO-COMMISSIONING,ARDLEIGH SURGERY,24035260,"56,048.90",,EX000075256
Department of Health,NHS North East Essex CCG,9/30/2018,C&M-GMS MPIG Correction Factor,PRC DELEGATED CO-COMMISSIONING,ARDLEIGH SURGERY,24035260,"1,385.17",,EX000075256
Department of Health,NHS North East Essex CCG,9/30/2018,C&M-GMS Other Baseline Adjustment,PRC DELEGATED CO-COMMISSIONING,ARDLEIGH SURGERY,24035260,"12,001.32",,EX000075256
Department of Health,NHS North East Essex CCG,9/30/2018,C&M-GMS PCO Seniority,PRC DELEGATED CO-COMMISSIONING,ARDLEIGH SURGERY,24035260,"1,792.60",,EX000075256
Department of Health,NHS North East Essex CCG,9/30/2018,C&M-GMS Prem Actual Rent,PRC DELEGATED CO-COMMISSIONING,ARDLEIGH SURGERY,24035260,625,,EX000075256
Department of Health,NHS North East Essex CCG,9/30/2018,C&M-GMS Prem Notional Rent,PRC DELEGATED CO-COMMISSIONING,ARDLEIGH SURGERY,24035260,"3,541.67",,EX000075256
Department of Health,NHS North East Essex CCG,9/30/2018,C&M-GMS QOF Aspiration,PRC DELEGATED CO-COMMISSIONING,ARDLEIGH SURGERY,24035260,"5,595.15",,EX000075256
,,,,,,,"81,129.81",,EX000075256 Total
Department of Health,NHS North East Essex CCG,9/30/2018,C&M-GMS Cost of Drugs -Dispensing,LOCAL ENHANCED SERVICES,AHMAD H S,24040038,"37,545.40",,EX000075743
Department of Health,NHS North East Essex CCG,9/30/2018,C&M-GMS Prof Fees Dispensing,PRC DELEGATED CO-COMMISSIONING,AHMAD H S,24040038,"7,173.83",,EX000075743
Department of Health,NHS North East Essex CCG,9/30/2018,C&M-GMS PrscrptnChrgsColl&RmttdbyGP,LOCAL ENHANCED SERVICES,AHMAD H S,24040038,"1,619.20",,EX000075743
,,,,,,,"46,338.43",,EX000075743 Total
Department of Health,NHS North East Essex CCG,9/30/2018,C&M-GMS Cost of Drugs -Dispensing,LOCAL ENHANCED SERVICES,COLNE MEDICAL PRACTICE,24040042,"24,408.89",879070096,EX000075747
Department of Health,NHS North East Essex CCG,9/30/2018,C&M-GMS Prof Fees Dispensing,PRC DELEGATED CO-COMMISSIONING,COLNE MEDICAL PRACTICE,24040042,"4,180.93",879070096,EX000075747
Department of Health,NHS North East Essex CCG,9/30/2018,C&M-GMS PrscrptnChrgsColl&RmttdbyGP,LOCAL ENHANCED SERVICES,COLNE MEDICAL PRACTICE,24040042,281.6,879070096,EX000075747
,,,,,,,"28,871.42",,EX000075747 Total
Department of Health,NHS North East Essex CCG,9/30/2018,C&M-GMS Cost of Drugs -Dispensing,LOCAL ENHANCED SERVICES,HAREWOOD SURGERY,24040043,"-24,004.35",879132591,EX000075748
Department of Health,NHS North East Essex CCG,9/30/2018,C&M-GMS PrscChrgsCll&RmttdbyGPCntra,PRC DELEGATED CO-COMMISSIONING,HAREWOOD SURGERY,24040043,"-1,636.80",879132591,EX000075748
,,,,,,,"-25,641.15",,EX000075748 Total
Department of Health,NHS North East Essex CCG,9/30/2018,C&M-GMS Cost of Drugs -Dispensing,LOCAL ENHANCED SERVICES,HAREWOOD SURGERY,24040044,"46,393.21",879132591,EX000075749
Department of Health,NHS North East Essex CCG,9/30/2018,C&M-GMS Prof Fees Dispensing,PRC DELEGATED CO-COMMISSIONING,HAREWOOD SURGERY,24040044,"7,615.94",879132591,EX000075749
Department of Health,NHS North East Essex CCG,9/30/2018,C&M-GMS PrscrptnChrgsColl&RmttdbyGP,LOCAL ENHANCED SERVICES,HAREWOOD SURGERY,24040044,"1,636.80",879132591,EX000075749
,,,,,,,"55,645.95",,EX000075749 Total
Department of Health,NHS North East Essex CCG,9/30/2018,C&M-GMS Cost of Drugs -Dispensing,LOCAL ENHANCED SERVICES,MAHMOUD & PARTNER,24040046,"33,753.50",GB879101803,EX000075751
Department of Health,NHS North East Essex CCG,9/30/2018,C&M-GMS Prof Fees Dispensing,PRC DELEGATED CO-COMMISSIONING,MAHMOUD & PARTNER,24040046,"4,137.44",GB879101803,EX000075751
Department of Health,NHS North East Essex CCG,9/30/2018,C&M-GMS PrscrptnChrgsColl&RmttdbyGP,LOCAL ENHANCED SERVICES,MAHMOUD & PARTNER,24040046,959.2,GB879101803,EX000075751
,,,,,,,"38,850.14",,EX000075751 Total
Department of Health,NHS North East Essex CCG,9/30/2018,C&M-GMS Cost of Drugs -Dispensing,LOCAL ENHANCED SERVICES,OBISESAN,24040047,"-29,847.18",,EX000075752
Department of Health,NHS North East Essex CCG,9/30/2018,C&M-GMS PrscChrgsCll&RmttdbyGPCntra,PRC DELEGATED CO-COMMISSIONING,OBISESAN,24040047,"-2,657.60",,EX000075752
,,,,,,,"-32,504.78",,EX000075752 Total
Department of Health,NHS North East Essex CCG,9/30/2018,C&M-GMS Cost of Drugs -Dispensing,LOCAL ENHANCED SERVICES,OBISESAN,24040048,"54,791.59",,EX000075753
Department of Health,NHS North East Essex CCG,9/30/2018,C&M-GMS Prof Fees Dispensing,PRC DELEGATED CO-COMMISSIONING,OBISESAN,24040048,"9,354.61",,EX000075753
Department of Health,NHS North East Essex CCG,9/30/2018,C&M-GMS PrscrptnChrgsColl&RmttdbyGP,LOCAL ENHANCED SERVICES,OBISESAN,24040048,"2,657.60",,EX000075753
,,,,,,,"66,803.80",,EX000075753 Total
Department of Health,NHS North East Essex CCG,9/30/2018,C&M-GMS Cost of Drugs -Dispensing,LOCAL ENHANCED SERVICES,OREGAN S M & PARTNERS,24040049,"-31,555.99",,EX000075754
Department of Health,NHS North East Essex CCG,9/30/2018,C&M-GMS PrscChrgsCll&RmttdbyGPCntra,PRC DELEGATED CO-COMMISSIONING,OREGAN S M & PARTNERS,24040049,"-2,340.80",,EX000075754
,,,,,,,"-33,896.79",,EX000075754 Total
Department of Health,NHS North East Essex CCG,9/30/2018,C&M-GMS Cost of Drugs -Dispensing,LOCAL ENHANCED SERVICES,OREGAN S M & PARTNERS,24040050,"58,892.67",,EX000075755
Department of Health,NHS North East Essex CCG,9/30/2018,C&M-GMS Prof Fees Dispensing,PRC DELEGATED CO-COMMISSIONING,OREGAN S M & PARTNERS,24040050,"10,754.98",,EX000075755
Department of Health,NHS North East Essex CCG,9/30/2018,C&M-GMS PrscrptnChrgsColl&RmttdbyGP,LOCAL ENHANCED SERVICES,OREGAN S M & PARTNERS,24040050,"2,340.80",,EX000075755
,,,,,,,"71,988.45",,EX000075755 Total
Department of Health,NHS North East Essex CCG,9/30/2018,C&M-GMS Cost of Drugs -Dispensing,LOCAL ENHANCED SERVICES,RIVERSIDE HEALTH CENTRE,24040052,"37,961.50",878634468,EX000075757
Department of Health,NHS North East Essex CCG,9/30/2018,C&M-GMS Prof Fees Dispensing,PRC DELEGATED CO-COMMISSIONING,RIVERSIDE HEALTH CENTRE,24040052,"7,711.77",878634468,EX000075757
Department of Health,NHS North East Essex CCG,9/30/2018,C&M-GMS PrscrptnChrgsColl&RmttdbyGP,LOCAL ENHANCED SERVICES,RIVERSIDE HEALTH CENTRE,24040052,"1,874.40",878634468,EX000075757
,,,,,,,"47,547.67",,EX000075757 Total
Department of Health,NHS North East Essex CCG,9/30/2018,C&M-GMS Cost of Drugs -Dispensing,LOCAL ENHANCED SERVICES,TUCKER P & PARTNERS,24040053,"-27,380.10",,EX000075758
Department of Health,NHS North East Essex CCG,9/30/2018,C&M-GMS PrscChrgsCll&RmttdbyGPCntra,PRC DELEGATED CO-COMMISSIONING,TUCKER P & PARTNERS,24040053,"-1,689.40",,EX000075758
,,,,,,,"-29,069.50",,EX000075758 Total
Department of Health,NHS North East Essex CCG,9/30/2018,C&M-GMS Cost of Drugs -Dispensing,LOCAL ENHANCED SERVICES,TUCKER P & PARTNERS,24040054,"49,245.94",,EX000075759
Department of Health,NHS North East Essex CCG,9/30/2018,C&M-GMS Prof Fees Dispensing,PRC DELEGATED CO-COMMISSIONING,TUCKER P & PARTNERS,24040054,"9,667.56",,EX000075759
Department of Health,NHS North East Essex CCG,9/30/2018,C&M-GMS PrscrptnChrgsColl&RmttdbyGP,LOCAL ENHANCED SERVICES,TUCKER P & PARTNERS,24040054,"1,689.40",,EX000075759
,,,,,,,"60,602.90",,EX000075759 Total
Department of Health,NHS North East Essex CCG,9/30/2018,C&M-GMS Cost of Drugs -Dispensing,LOCAL ENHANCED SERVICES,ABBEY FIELD MEDICAL CENTRE,24040058,"34,414.53",,EX000075763
Department of Health,NHS North East Essex CCG,9/30/2018,C&M-GMS Prof Fees Dispensing,PRC DELEGATED CO-COMMISSIONING,ABBEY FIELD MEDICAL CENTRE,24040058,"6,038.37",,EX000075763
Department of Health,NHS North East Essex CCG,9/30/2018,C&M-GMS PrscrptnChrgsColl&RmttdbyGP,LOCAL ENHANCED SERVICES,ABBEY FIELD MEDICAL CENTRE,24040058,677.6,,EX000075763
,,,,,,,"41,130.50",,EX000075763 Total
Department of Health,NHS North East Essex CCG,9/30/2018,C&M-GMS Cost of Drugs -Dispensing,LOCAL ENHANCED SERVICES,ARDLEIGH SURGERY,24040059,"-68,984.52",,EX000075764
Department of Health,NHS North East Essex CCG,9/30/2018,C&M-GMS PrscChrgsCll&RmttdbyGPCntra,PRC DELEGATED CO-COMMISSIONING,ARDLEIGH SURGERY,24040059,"-3,757.60",,EX000075764
,,,,,,,"-72,742.12",,EX000075764 Total
Department of Health,NHS North East Essex CCG,9/30/2018,C&M-GMS Cost of Drugs -Dispensing,LOCAL ENHANCED SERVICES,ARDLEIGH SURGERY,24040060,"125,634.45",,EX000075765
Department of Health,NHS North East Essex CCG,9/30/2018,C&M-GMS Prof Fees Dispensing,PRC DELEGATED CO-COMMISSIONING,ARDLEIGH SURGERY,24040060,"20,609.42",,EX000075765
Department of Health,NHS North East Essex CCG,9/30/2018,C&M-GMS PrscrptnChrgsColl&RmttdbyGP,LOCAL ENHANCED SERVICES,ARDLEIGH SURGERY,24040060,"3,757.60",,EX000075765
,,,,,,,"150,001.47",,EX000075765 Total
Department of Health,NHS North East Essex CCG,9/30/2018,C&M-GMS Cost of Drugs -Dispensing,LOCAL ENHANCED SERVICES,NORTH HILL MEDICAL GROUP,24040061,"-32,402.92",GB878670170,EX000075766
Department of Health,NHS North East Essex CCG,9/30/2018,C&M-GMS PrscChrgsCll&RmttdbyGPCntra,PRC DELEGATED CO-COMMISSIONING,NORTH HILL MEDICAL GROUP,24040061,"-2,200.00",GB878670170,EX000075766
,,,,,,,"-34,602.92",,EX000075766 Total
Department of Health,NHS North East Essex CCG,9/30/2018,C&M-GMS Cost of Drugs -Dispensing,LOCAL ENHANCED SERVICES,NORTH HILL MEDICAL GROUP,24040062,"68,800.95",GB878670170,EX000075767
Department of Health,NHS North East Essex CCG,9/30/2018,C&M-GMS Prof Fees Dispensing,PRC DELEGATED CO-COMMISSIONING,NORTH HILL MEDICAL GROUP,24040062,"11,124.81",GB878670170,EX000075767
Department of Health,NHS North East Essex CCG,9/30/2018,C&M-GMS PrscrptnChrgsColl&RmttdbyGP,LOCAL ENHANCED SERVICES,NORTH HILL MEDICAL GROUP,24040062,"2,200.00",GB878670170,EX000075767
,,,,,,,"82,125.76",,EX000075767 Total
Department of Health,NHS North East Essex CCG,9/30/2018,Clinical&Medical-Independent Sector,NHS 111,INTEGRATED CARE 24 LTD,24059117,"41,740.20",991241024,15516
,,,,,,,"41,740.20",,15516 Total
Department of Health,NHS North East Essex CCG,9/30/2018,Course Fees,NON RECURRENT PROGRAMMES,NEO NAVITAS LTD,24059148,"47,520.00",160 9012 37,INV1583
,,,,,,,"47,520.00",,INV1583 Total
Department of Health,NHS North East Essex CCG,9/30/2018,Clinical&Medical-Commercial Sector,OUT OF HOURS,CARE UK (URGENT CARE) LTD,24059197,"262,151.28",,100076520
,,,,,,,"262,151.28",,100076520 Total
Department of Health,NHS North East Essex CCG,9/30/2018,Clinical&Medical-Independent Sector,NHS 111,INTEGRATED CARE 24 LTD,24059257,"117,458.40",991241024,1796
,,,,,,,"117,458.40",,1796 Total
Department of Health,NHS North East Essex CCG,9/30/2018,Course Fees,NON RECURRENT PROGRAMMES,NEO NAVITAS LTD,24059266,"47,520.00",160 9012 37,INV1595
,,,,,,,"47,520.00",,INV1595 Total
Department of Health,NHS North East Essex CCG,9/30/2018,Course Fees,NON RECURRENT PROGRAMMES,NEO NAVITAS LTD,24059277,"-47,520.00",160 9012 37,CN1595
,,,,,,,"-47,520.00",,CN1595 Total
Department of Health,NHS North East Essex CCG,9/30/2018,Services From Local Authorities,CARERS,ESSEX COUNTY COUNCIL,24059284,"176,589.92",104252813,1010888218
Department of Health,NHS North East Essex CCG,9/30/2018,Services From Local Authorities,COMMUNITY SERVICES,ESSEX COUNTY COUNCIL,24059284,"1,665,079.66",104252813,1010888218
,,,,,,,"1,841,669.58",,1010888218 Total
Department of Health,NHS North East Essex CCG,9/30/2018,Clinical&Medical-Commercial Sector,OUT OF HOURS,CARE UK (URGENT CARE) LTD,24059478,"262,151.28",,100078244
,,,,,,,"262,151.28",,100078244 Total
Department of Health,NHS North East Essex CCG,9/30/2018,Clinical&Medical-Commercial Sector,OUT OF HOURS,CARE UK (URGENT CARE) LTD,24059480,"-262,151.28",,100078243
,,,,,,,"-262,151.28",,100078243 Total
Department of Health,NHS North East Essex CCG,9/30/2018,Clinical&Medical-Commercial Sector,MENTAL HEALTH SERVICES - NOT CONTRACTED ACTIVITY,JEESAL AKMAN CARE CORP LTD,24072389,"28,933.20",,4092
,,,,,,,"28,933.20",,4092 Total
Department of Health,NHS North East Essex CCG,9/30/2018,External Contractors,EQUALITY AND DIVERSITY,JUST R LTD,24072405,"36,000.00",251166623,EPI294
,,,,,,,"36,000.00",,EPI294 Total
Department of Health,NHS North East Essex CCG,9/30/2018,Clinical&Medical-Independent Sector,LONG TERM CONDITIONS,SUFFOLK GP FEDERATION CIC,24072408,"186,998.44",982574870,3690
,,,,,,,"186,998.44",,3690 Total
Department of Health,NHS North East Essex CCG,9/30/2018,NHS Recbles <1Yr- CHC Risk Pool Con,BALANCE SHEET,REDACTED DUE TO PERSON IDENTIFIABLE DATA,24082323,"63,238.65",,NEE144
,,,,,,,"63,238.65",,NEE144 Total
Department of Health,NHS North East Essex CCG,9/30/2018,Clinical&Medical-Commercial Sector,PRC DELEGATED CO-COMMISSIONING,COLTE PARTNERSHIP,24085500,"96,534.90",269623763,NEESSEX013
,,,,,,,"96,534.90",,NEESSEX013 Total
,,,,,,,"35,295,868.56",,Grand Total
