Newcastle Gateshead CCG Transparency Report August 2018,,,,,,,
Department family,Entity,Date,Expense Type,Expense area,Supplier,Transaction number,AP Amount �
Department of Health,NHS Newcastle Gateshead CCG,8/31/2018,Hcare Srv Rec Fdtn Trust-Contract Baseline,ACUTE COMMISSIONING,CITY HOSPITALS SUNDERLAND FOUNDATION NHS TRUST,23387679,324818.00
Department of Health,NHS Newcastle Gateshead CCG,8/31/2018,Hcare Srv Rec Fdtn Trust-Contract Baseline,ACUTE COMMISSIONING,COUNTY DURHAM AND DARLINGTON NHS FOUNDATION TRUST,23643279,186011.00
Department of Health,NHS Newcastle Gateshead CCG,8/31/2018,Hcare Srv Rec Fdtn Trust-Contract Baseline,ACUTE COMMISSIONING,GATESHEAD HEALTH NHS FOUNDATION TRUST,23297776,10833333.00
Department of Health,NHS Newcastle Gateshead CCG,8/31/2018,Hcare Srv Rec Fdtn Trust-Contract Baseline,ACUTE COMMISSIONING,NEWCASTLE UPON TYNE HOSPITALS NHS FOUNDATION TRUST,22713177,-483818.00
Department of Health,NHS Newcastle Gateshead CCG,8/31/2018,Hcare Srv Rec Fdtn Trust-Contract Baseline,ACUTE COMMISSIONING,NEWCASTLE UPON TYNE HOSPITALS NHS FOUNDATION TRUST,22995006,2762555.53
Department of Health,NHS Newcastle Gateshead CCG,8/31/2018,Hcare Srv Rec Fdtn Trust-Contract Baseline,ACUTE COMMISSIONING,NEWCASTLE UPON TYNE HOSPITALS NHS FOUNDATION TRUST,23353448,18029716.66
Department of Health,NHS Newcastle Gateshead CCG,8/31/2018,Hcare Srv Rec Fdtn Trust-Contract Baseline,ACUTE COMMISSIONING,NORTHUMBRIA HEALTHCARE NHS FOUNDATION TRUST,23352177,382600.00
Department of Health,NHS Newcastle Gateshead CCG,8/31/2018,Hcare Srv Rec Fdtn Trust-Contract Baseline,ACUTE COMMISSIONING,SOUTH TYNESIDE NHS FOUNDATION TRUST,23389247,28838.00
Department of Health,NHS Newcastle Gateshead CCG,8/31/2018,Hcare Srv Rec Fdtn Trust-Contract Baseline,AMBULANCE SERVICES,NORTH EAST AMBULANCE SERVICES NHS TRUST,23466560,1755940.00
Department of Health,NHS Newcastle Gateshead CCG,8/31/2018,Hcare Srv Rec Fdtn Trust-Contract Baseline,COMMUNITY SERVICES,GATESHEAD HEALTH NHS FOUNDATION TRUST,23297775,1608350.00
Department of Health,NHS Newcastle Gateshead CCG,8/31/2018,Hcare Srv Rec Fdtn Trust-Contract Baseline,COMMUNITY SERVICES,NEWCASTLE UPON TYNE HOSPITALS NHS FOUNDATION TRUST,22118720,70646.00
Department of Health,NHS Newcastle Gateshead CCG,8/31/2018,Hcare Srv Rec Fdtn Trust-Contract Baseline,COMMUNITY SERVICES,NEWCASTLE UPON TYNE HOSPITALS NHS FOUNDATION TRUST,22729298,235968.33
Department of Health,NHS Newcastle Gateshead CCG,8/31/2018,Hcare Srv Rec Fdtn Trust-Contract Baseline,COMMUNITY SERVICES,NEWCASTLE UPON TYNE HOSPITALS NHS FOUNDATION TRUST,23329476,41212.66
Department of Health,NHS Newcastle Gateshead CCG,8/31/2018,Hcare Srv Rec Fdtn Trust-Contract Baseline,COMMUNITY SERVICES,NEWCASTLE UPON TYNE HOSPITALS NHS FOUNDATION TRUST,23352179,2486592.00
Department of Health,NHS Newcastle Gateshead CCG,8/31/2018,Hcare Srv Rec Fdtn Trust-Contract Baseline,COMMUNITY SERVICES,SOUTH TYNESIDE NHS FOUNDATION TRUST,23389246,507212.00
Department of Health,NHS Newcastle Gateshead CCG,8/31/2018,Hcare Srv Rec Fdtn Trust-Contract Baseline,MENTAL HEALTH CONTRACTS,NORTHUMBERLAND TYNE AND WEAR NHS FOUNDATION TRUST,23677228,5105447.00
Department of Health,NHS Newcastle Gateshead CCG,8/31/2018,Hcare Srv Rec Fdtn Trust-Contract Baseline,NHS 111,NORTH EAST AMBULANCE SERVICES NHS TRUST,23466559,126205.33
Department of Health,NHS Newcastle Gateshead CCG,8/31/2018,Hcare Srv Rec Fdtn Trust-Contract Baseline,MENTAL HEALTH SERVICES - ADULTS,NORTHUMBERLAND TYNE AND WEAR NHS FOUNDATION TRUST,23677227,39066.00
Department of Health,NHS Newcastle Gateshead CCG,8/31/2018,Clinical&Medical-Commercial Sector,ACUTE COMMISSIONING,CONNECT HEALTH LTD,22215199,32518.64
Department of Health,NHS Newcastle Gateshead CCG,8/31/2018,Clinical&Medical-Commercial Sector,ACUTE COMMISSIONING,CONNECT HEALTH LTD,23298625,47459.33
Department of Health,NHS Newcastle Gateshead CCG,8/31/2018,Clinical&Medical-Commercial Sector,ACUTE COMMISSIONING,CONNECT HEALTH LTD,23699331,55695.00
Department of Health,NHS Newcastle Gateshead CCG,8/31/2018,Clinical&Medical-Commercial Sector,ACUTE COMMISSIONING,CONNECT HEALTH LTD,23699333,47459.33
Department of Health,NHS Newcastle Gateshead CCG,8/31/2018,Clinical&Medical-Commercial Sector,ACUTE COMMISSIONING,CONNECT PHYSICAL HEALTH CENTRES LTD,23298630,55695.00
Department of Health,NHS Newcastle Gateshead CCG,8/31/2018,Clinical&Medical-Commercial Sector,ACUTE COMMISSIONING,NUFFIELD HEALTH,23568939,57039.00
Department of Health,NHS Newcastle Gateshead CCG,8/31/2018,Clinical&Medical-Commercial Sector,ACUTE COMMISSIONING,SPIRE HEALTHCARE LTD,23298632,94549.00
Department of Health,NHS Newcastle Gateshead CCG,8/31/2018,Clinical&Medical-Commercial Sector,ACUTE COMMISSIONING,TYNESIDE SURGICAL SERVICES LTD,23466561,115143.20
Department of Health,NHS Newcastle Gateshead CCG,8/31/2018,Clinical&Medical-Commercial Sector,COMMUNITY SERVICES,CONNECT HEALTH LTD,23298627,30000.00
Department of Health,NHS Newcastle Gateshead CCG,8/31/2018,Clinical&Medical-Commercial Sector,COMMUNITY SERVICES,CONNECT HEALTH LTD,23298628,28000.00
Department of Health,NHS Newcastle Gateshead CCG,8/31/2018,Clinical&Medical-Commercial Sector,COMMUNITY SERVICES,CONNECT HEALTH LTD,23699332,28000.00
Department of Health,NHS Newcastle Gateshead CCG,8/31/2018,Clinical&Medical-Commercial Sector,COMMUNITY SERVICES,CONNECT HEALTH LTD,23699336,30000.00
Department of Health,NHS Newcastle Gateshead CCG,8/31/2018,Clinical&Medical-Commercial Sector,MENTAL HEALTH SERVICES - ADULTS,CYGNET LEARNING DISABILITIES LTD,23329475,28800.00
Department of Health,NHS Newcastle Gateshead CCG,8/31/2018,Clinical&Medical-Commercial Sector,MENTAL HEALTH SERVICES - ADULTS,CYGNET LEARNING DISABILITIES LTD,23352174,25200.00
Department of Health,NHS Newcastle Gateshead CCG,8/31/2018,Clinical&Medical-Independent Sector,COMMISSIONING SCHEMES,DILSTON MEDICAL CENTRE,23669412,32351.31
Department of Health,NHS Newcastle Gateshead CCG,8/31/2018,Clinical&Medical-Independent Sector,COMMUNITY SERVICES,AKARI CARE LTD (A),23540003,61114.29
Department of Health,NHS Newcastle Gateshead CCG,8/31/2018,Clinical&Medical-Independent Sector,COMMUNITY SERVICES,FREEMAN CLINICS LTD,23298636,135296.92
Department of Health,NHS Newcastle Gateshead CCG,8/31/2018,Clinical&Medical-Independent Sector,COMMUNITY SERVICES,NEWCASTLE GENERAL PRACTICE SERVICES LTD,23289803,42614.31
Department of Health,NHS Newcastle Gateshead CCG,8/31/2018,Clinical&Medical-Independent Sector,COMMUNITY SERVICES,NEWCASTLE GENERAL PRACTICE SERVICES LTD,23289825,34546.88
Department of Health,NHS Newcastle Gateshead CCG,8/31/2018,Clinical&Medical-Independent Sector,LOCAL ENHANCED SERVICES,DR PEARSTON & PARTNERS,23352535,41625.09
Department of Health,NHS Newcastle Gateshead CCG,8/31/2018,Clinical&Medical-Independent Sector,MEDICINES MANAGEMENT - CLINICAL,COMMUNITY BASED CARE HEALTH LTD,23387677,64166.67
Department of Health,NHS Newcastle Gateshead CCG,8/31/2018,Clinical&Medical-Independent Sector,OUT OF HOURS,COMMUNITY BASED CARE HEALTH LTD,23387678,326913.95
Department of Health,NHS Newcastle Gateshead CCG,8/31/2018,Clinical&Medical-Independent Sector,OUT OF HOURS,NORTHERN DOCTORS URGENT CARE,23602173,182302.58
Department of Health,NHS Newcastle Gateshead CCG,8/31/2018,Clinical&Medical-Independent Sector,COMMISSIONING - NON ACUTE,INVOLVE NORTH EAST,23466562,50000.00
Department of Health,NHS Newcastle Gateshead CCG,8/31/2018,Clinical&Medical-Independent Sector,INTERMEDIATE CARE,THORNFIELD MEDICAL GROUP,23316277,29598.27
Department of Health,NHS Newcastle Gateshead CCG,8/31/2018,Clinical&Medical-Independent Sector,INTERPRETING SERVICES,ITL NORTH EAST LTD,23587755,3759.98
Department of Health,NHS Newcastle Gateshead CCG,8/31/2018,Hcare Srv Rec Fdtn Trust-Non Contract,COMMUNITY SERVICES,SOUTH TYNESIDE NHS FOUNDATION TRUST,23289934,143102.00
Department of Health,NHS Newcastle Gateshead CCG,8/31/2018,Hcare Srv Rec Fdtn Trust-Non Contract,GP FORWARD VIEW,NEWCASTLE UPON TYNE HOSPITALS NHS FOUNDATION TRUST,23521523,137457.00
Department of Health,NHS Newcastle Gateshead CCG,8/31/2018,Hcare Srv Rec Fdtn Trust-Non Contract,WINTER RESILIENCE,NEWCASTLE UPON TYNE HOSPITALS NHS FOUNDATION TRUST,23521532,67288.00
Department of Health,NHS Newcastle Gateshead CCG,8/31/2018,Hcare Srv Rec Fdtn Trust-Contract Cost per Case,ACUTE COMMISSIONING,GATESHEAD HEALTH NHS FOUNDATION TRUST,23297774,75000.00
Department of Health,NHS Newcastle Gateshead CCG,8/31/2018,Clinical&Medical-Voluntary Sector,HOSPICES,MARIE CURIE,23330261,228452.32
Department of Health,NHS Newcastle Gateshead CCG,8/31/2018,Clinical&Medical-Voluntary Sector,MENTAL HEALTH CONTRACTS,MENTAL HEALTH CONCERN,23521439,49394.50
Department of Health,NHS Newcastle Gateshead CCG,8/31/2018,Clinical&Medical-Voluntary Sector,CARERS,GATESHEAD CARERS ASSOCIATION,23491067,88995.00
Department of Health,NHS Newcastle Gateshead CCG,8/31/2018,Clinical&Medical-Voluntary Sector,CLINICAL ASSESSMENT AND TREATMENT CENTRES,BPAS,23524810,25963.33
Department of Health,NHS Newcastle Gateshead CCG,8/31/2018,Clinical&Medical-Voluntary Sector,PALLIATIVE CARE,ST OSWALDS HOSPICE,23589526,53239.57
Department of Health,NHS Newcastle Gateshead CCG,8/31/2018,Charges from CSU,PRIMARY CARE IT,NHS NORTH OF ENGLAND CSU,23352178,108166.60
Department of Health,NHS Newcastle Gateshead CCG,8/31/2018,Charges from CSU,ADMIN PROJECTS,NHS NORTH OF ENGLAND CSU,23352178,6573.92
Department of Health,NHS Newcastle Gateshead CCG,8/31/2018,Charges from CSU,CORPORATE COSTS & SERVICES,NHS NORTH OF ENGLAND CSU,23352178,276166.48
Department of Health,NHS Newcastle Gateshead CCG,8/31/2018,Cont Care-Physical Disab (<65),CHC ADULT FULLY FUNDED,ORBIS SUPPORT,23621164,26076.54
Department of Health,NHS Newcastle Gateshead CCG,8/31/2018,Cont Care-Physical Disab (<65),CHC ADULT FULLY FUNDED,PARAMOUNT CARE,23352589,42832.00
Department of Health,NHS Newcastle Gateshead CCG,8/31/2018,Clinical&Medical-Othe Public Sector,COMMUNITY SERVICES,NEWCASTLE CITY COUNCIL,23386342,40000.00
Department of Health,NHS Newcastle Gateshead CCG,8/31/2018,Clinical&Medical-Othe Public Sector,Mental Health Services - S117 Mental Health,GATESHEAD COUNCIL,23524811,170356.33
Department of Health,NHS Newcastle Gateshead CCG,8/31/2018,Clinical&Medical-Othe Public Sector,Mental Health Services - S117 Mental Health,NEWCASTLE CITY COUNCIL,23507409,528000.00
Department of Health,NHS Newcastle Gateshead CCG,8/31/2018,C&M-GMS/PMS,LOCAL ENHANCED SERVICES,PSNE LTD,23540261,28694.95
Department of Health,NHS Newcastle Gateshead CCG,8/31/2018,C&M-GMS/PMS,PRC DELEGATED CO-COMMISSIONING,BENFIELD PARK MEDICAL GROUP,23403197,83068.04
Department of Health,NHS Newcastle Gateshead CCG,8/31/2018,C&M-GMS/PMS,PRC DELEGATED CO-COMMISSIONING,BLAYDON GP LED HEALTH CENTRE,23404285,33610.94
Department of Health,NHS Newcastle Gateshead CCG,8/31/2018,C&M-GMS/PMS,PRC DELEGATED CO-COMMISSIONING,BRIDGES MEDICAL PRACTICE,23419263,58219.66
Department of Health,NHS Newcastle Gateshead CCG,8/31/2018,C&M-GMS/PMS,PRC DELEGATED CO-COMMISSIONING,CHAINBRIDGE MEDICAL PARTNERSHIP,23403025,-25592.48
Department of Health,NHS Newcastle Gateshead CCG,8/31/2018,C&M-GMS/PMS,PRC DELEGATED CO-COMMISSIONING,CHAINBRIDGE MEDICAL PARTNERSHIP,23403026,124022.60
Department of Health,NHS Newcastle Gateshead CCG,8/31/2018,C&M-GMS/PMS,PRC DELEGATED CO-COMMISSIONING,CROWHALL MEDICAL GROUP,23404283,59272.19
Department of Health,NHS Newcastle Gateshead CCG,8/31/2018,C&M-GMS/PMS,PRC DELEGATED CO-COMMISSIONING,DENTON PARK MEDICAL GROUP,23403201,97500.79
Department of Health,NHS Newcastle Gateshead CCG,8/31/2018,C&M-GMS/PMS,PRC DELEGATED CO-COMMISSIONING,DILSTON MEDICAL CENTRE,23403698,73317.08
Department of Health,NHS Newcastle Gateshead CCG,8/31/2018,C&M-GMS/PMS,PRC DELEGATED CO-COMMISSIONING,DR AJ SMITH & PARTNERS,23403205,128734.85
Department of Health,NHS Newcastle Gateshead CCG,8/31/2018,C&M-GMS/PMS,PRC DELEGATED CO-COMMISSIONING,DR BLACK & PARTNERS NEWCASTLE TYNE,23403202,112832.94
Department of Health,NHS Newcastle Gateshead CCG,8/31/2018,C&M-GMS/PMS,PRC DELEGATED CO-COMMISSIONING,DR BLOXHAM & PARTNERS,23419264,238998.74
Department of Health,NHS Newcastle Gateshead CCG,8/31/2018,C&M-GMS/PMS,PRC DELEGATED CO-COMMISSIONING,DR BRUMBY & PARTNERS,23392775,102488.28
Department of Health,NHS Newcastle Gateshead CCG,8/31/2018,C&M-GMS/PMS,PRC DELEGATED CO-COMMISSIONING,DR BRYSON & PARTNERS,23392777,76060.52
Department of Health,NHS Newcastle Gateshead CCG,8/31/2018,C&M-GMS/PMS,PRC DELEGATED CO-COMMISSIONING,DR BURDON & PARTNERS,23403204,49394.57
Department of Health,NHS Newcastle Gateshead CCG,8/31/2018,C&M-GMS/PMS,PRC DELEGATED CO-COMMISSIONING,DR CHAPMAN & PARTNERS,23392781,60483.81
Department of Health,NHS Newcastle Gateshead CCG,8/31/2018,C&M-GMS/PMS,PRC DELEGATED CO-COMMISSIONING,DR COGAN & PARTNERS,23403211,74725.86
Department of Health,NHS Newcastle Gateshead CCG,8/31/2018,C&M-GMS/PMS,PRC DELEGATED CO-COMMISSIONING,DR COPE & PARTNERS,23392783,54575.69
Department of Health,NHS Newcastle Gateshead CCG,8/31/2018,C&M-GMS/PMS,PRC DELEGATED CO-COMMISSIONING,DR DARLING & PARTNERS,23403207,37471.03
Department of Health,NHS Newcastle Gateshead CCG,8/31/2018,C&M-GMS/PMS,PRC DELEGATED CO-COMMISSIONING,DR ECCLES & PARTNERS,23392779,99570.51
Department of Health,NHS Newcastle Gateshead CCG,8/31/2018,C&M-GMS/PMS,PRC DELEGATED CO-COMMISSIONING,DR GRAINGER & PARTNERS,23403213,59325.36
Department of Health,NHS Newcastle Gateshead CCG,8/31/2018,C&M-GMS/PMS,PRC DELEGATED CO-COMMISSIONING,DR HOWARTH & PARTNERS,23403215,83840.63
Department of Health,NHS Newcastle Gateshead CCG,8/31/2018,C&M-GMS/PMS,PRC DELEGATED CO-COMMISSIONING,DR HUGHES & PARTNERS BIRTLEY,23392787,151842.10
Department of Health,NHS Newcastle Gateshead CCG,8/31/2018,C&M-GMS/PMS,PRC DELEGATED CO-COMMISSIONING,DR HUNT,23392789,27670.80
Department of Health,NHS Newcastle Gateshead CCG,8/31/2018,C&M-GMS/PMS,PRC DELEGATED CO-COMMISSIONING,DR ILYAS & PARTNER,23392785,52175.30
Department of Health,NHS Newcastle Gateshead CCG,8/31/2018,C&M-GMS/PMS,PRC DELEGATED CO-COMMISSIONING,DR KELLIHER & PARTNERS,23403217,129919.43
Department of Health,NHS Newcastle Gateshead CCG,8/31/2018,C&M-GMS/PMS,PRC DELEGATED CO-COMMISSIONING,DR KENNAN & PARTNERS,23419265,182887.86
Department of Health,NHS Newcastle Gateshead CCG,8/31/2018,C&M-GMS/PMS,PRC DELEGATED CO-COMMISSIONING,DR LIDDLE & PARTNERS,23392794,65596.12
Department of Health,NHS Newcastle Gateshead CCG,8/31/2018,C&M-GMS/PMS,PRC DELEGATED CO-COMMISSIONING,DR M S HASSAN,23392792,26260.58
Department of Health,NHS Newcastle Gateshead CCG,8/31/2018,C&M-GMS/PMS,PRC DELEGATED CO-COMMISSIONING,DR NIELSEN & PARTNERS,23403220,111886.26
Department of Health,NHS Newcastle Gateshead CCG,8/31/2018,C&M-GMS/PMS,PRC DELEGATED CO-COMMISSIONING,DR P J S TAYLOR & PARTNERS,23403224,78494.58
Department of Health,NHS Newcastle Gateshead CCG,8/31/2018,C&M-GMS/PMS,PRC DELEGATED CO-COMMISSIONING,DR PALMER & PARTNERS,23403222,81439.27
Department of Health,NHS Newcastle Gateshead CCG,8/31/2018,C&M-GMS/PMS,PRC DELEGATED CO-COMMISSIONING,DR PEARSTON & PARTNERS,23403230,134946.07
Department of Health,NHS Newcastle Gateshead CCG,8/31/2018,C&M-GMS/PMS,PRC DELEGATED CO-COMMISSIONING,DR PRICE & PARTNERS,23403232,89334.97
Department of Health,NHS Newcastle Gateshead CCG,8/31/2018,C&M-GMS/PMS,PRC DELEGATED CO-COMMISSIONING,DR RG TURNER&PARTNERS,23403225,105822.67
Department of Health,NHS Newcastle Gateshead CCG,8/31/2018,C&M-GMS/PMS,PRC DELEGATED CO-COMMISSIONING,DR RICHARDSON & PARTNERS NEWCASTLE TYNE,23403219,75950.78
Department of Health,NHS Newcastle Gateshead CCG,8/31/2018,C&M-GMS/PMS,PRC DELEGATED CO-COMMISSIONING,DR ROBERTS & PARTNERS GATESHEAD,23419267,42337.14
Department of Health,NHS Newcastle Gateshead CCG,8/31/2018,C&M-GMS/PMS,PRC DELEGATED CO-COMMISSIONING,DR ROBSON & PARTNERS NEWCASTLE TYNE,23419273,84806.10
Department of Health,NHS Newcastle Gateshead CCG,8/31/2018,C&M-GMS/PMS,PRC DELEGATED CO-COMMISSIONING,DR ROSS & PARTNERS NEWCASTLE TYNE,23403228,66939.02
Department of Health,NHS Newcastle Gateshead CCG,8/31/2018,C&M-GMS/PMS,PRC DELEGATED CO-COMMISSIONING,DR S M IMAM,23392804,34146.30
Department of Health,NHS Newcastle Gateshead CCG,8/31/2018,C&M-GMS/PMS,PRC DELEGATED CO-COMMISSIONING,DR S P SUMMERS & PARTNERS,23419274,116072.81
Department of Health,NHS Newcastle Gateshead CCG,8/31/2018,C&M-GMS/PMS,PRC DELEGATED CO-COMMISSIONING,DR SALKELD & PARTNERS,23403236,-30391.35
Department of Health,NHS Newcastle Gateshead CCG,8/31/2018,C&M-GMS/PMS,PRC DELEGATED CO-COMMISSIONING,DR SALKELD & PARTNERS,23419275,301019.27
Department of Health,NHS Newcastle Gateshead CCG,8/31/2018,C&M-GMS/PMS,PRC DELEGATED CO-COMMISSIONING,DR SCHUMM & PARTNERS,23392798,63279.45
Department of Health,NHS Newcastle Gateshead CCG,8/31/2018,C&M-GMS/PMS,PRC DELEGATED CO-COMMISSIONING,DR SCOTT & PARTNERS NEWCASTLE TYNE,23403234,49671.13
Department of Health,NHS Newcastle Gateshead CCG,8/31/2018,C&M-GMS/PMS,PRC DELEGATED CO-COMMISSIONING,DR SINGH WINLATON,23392802,51494.78
Department of Health,NHS Newcastle Gateshead CCG,8/31/2018,C&M-GMS/PMS,PRC DELEGATED CO-COMMISSIONING,DR SUCHDEV & PARTNERS,23392800,45692.78
Department of Health,NHS Newcastle Gateshead CCG,8/31/2018,C&M-GMS/PMS,PRC DELEGATED CO-COMMISSIONING,DR VINOD KUMAR & PARTNER,23392806,44764.21
Department of Health,NHS Newcastle Gateshead CCG,8/31/2018,C&M-GMS/PMS,PRC DELEGATED CO-COMMISSIONING,DR WADGE & PARTNERS,23403238,52389.89
Department of Health,NHS Newcastle Gateshead CCG,8/31/2018,C&M-GMS/PMS,PRC DELEGATED CO-COMMISSIONING,GLENPARK MEDICAL CENTRE,23392809,-27379.05
Department of Health,NHS Newcastle Gateshead CCG,8/31/2018,C&M-GMS/PMS,PRC DELEGATED CO-COMMISSIONING,GLENPARK MEDICAL CENTRE,23392810,96233.90
Department of Health,NHS Newcastle Gateshead CCG,8/31/2018,C&M-GMS/PMS,PRC DELEGATED CO-COMMISSIONING,GRAINGER MEDICAL GROUP,23419276,188765.02
Department of Health,NHS Newcastle Gateshead CCG,8/31/2018,C&M-GMS/PMS,PRC DELEGATED CO-COMMISSIONING,GRANGE ROAD MEDICAL PRACTICE,23392808,32290.15
Department of Health,NHS Newcastle Gateshead CCG,8/31/2018,C&M-GMS/PMS,PRC DELEGATED CO-COMMISSIONING,HEATON ROAD SURGERY,23403241,75371.74
Department of Health,NHS Newcastle Gateshead CCG,8/31/2018,C&M-GMS/PMS,PRC DELEGATED CO-COMMISSIONING,HOLLY MEDICAL GROUP,23403249,68429.06
Department of Health,NHS Newcastle Gateshead CCG,8/31/2018,C&M-GMS/PMS,PRC DELEGATED CO-COMMISSIONING,NEWCASTLE MEDICAL CENTRE,23403243,81003.43
Department of Health,NHS Newcastle Gateshead CCG,8/31/2018,C&M-GMS/PMS,PRC DELEGATED CO-COMMISSIONING,OLDWELL MEDICAL PARTNERSHIP,23403029,49988.46
Department of Health,NHS Newcastle Gateshead CCG,8/31/2018,C&M-GMS/PMS,PRC DELEGATED CO-COMMISSIONING,OXFORD TERRACE & RAWLING ROAD MEDICAL GROUP,23392812,161484.37
Department of Health,NHS Newcastle Gateshead CCG,8/31/2018,C&M-GMS/PMS,PRC DELEGATED CO-COMMISSIONING,REGENT MEDICAL CENTRE,23403245,60074.77
Department of Health,NHS Newcastle Gateshead CCG,8/31/2018,C&M-GMS/PMS,PRC DELEGATED CO-COMMISSIONING,SECOND STREET SURGERY,23404281,26820.32
Department of Health,NHS Newcastle Gateshead CCG,8/31/2018,C&M-GMS/PMS,PRC DELEGATED CO-COMMISSIONING,TEAMS MEDICAL PRACTICE,23392814,46573.96
Department of Health,NHS Newcastle Gateshead CCG,8/31/2018,C&M-GMS/PMS,PRC DELEGATED CO-COMMISSIONING,THORNFIELD MEDICAL GROUP,23403247,173805.99
Department of Health,NHS Newcastle Gateshead CCG,8/31/2018,C&M-GMS/PMS,PRC DELEGATED CO-COMMISSIONING,WREKENTON MEDICAL GROUP,23419268,186439.87
Department of Health,NHS Newcastle Gateshead CCG,8/31/2018,Apprenticeship Levy Payable,BALANCE SHEET,HMRC,23426462,860.00
Department of Health,NHS Newcastle Gateshead CCG,8/31/2018,Income tax <1Yr,BALANCE SHEET,HMRC,23426462,76054.54
Department of Health,NHS Newcastle Gateshead CCG,8/31/2018,Income tax <1Yr-Student Loans,BALANCE SHEET,HMRC,23426462,309.00
Department of Health,NHS Newcastle Gateshead CCG,8/31/2018,National Insurance < 1 yr-NI- ERS,BALANCE SHEET,HMRC,23426462,44505.14
Department of Health,NHS Newcastle Gateshead CCG,8/31/2018,National Insurance < 1 yr-NI-EES,BALANCE SHEET,HMRC,23426462,31015.81
Department of Health,NHS Newcastle Gateshead CCG,8/31/2018,Other Gen Supplies & Srv,ADMIN PROJECTS,NHS NEL CSU,23488330,27195.39
Department of Health,NHS Newcastle Gateshead CCG,8/31/2018,Other Gen Supplies & Srv,ADMIN PROJECTS,NHS NEL CSU,23488368,-27195.39
Department of Health,NHS Newcastle Gateshead CCG,8/31/2018,Cont Care- Adult 100% Fully Funded,CHC ADULT FULLY FUNDED,GATESHEAD COUNCIL,23524811,664176.53
Department of Health,NHS Newcastle Gateshead CCG,8/31/2018,Cont Care- Adult 100% Fully Funded,CHC ADULT FULLY FUNDED,NEWCASTLE CITY COUNCIL,23507409,1144000.00
Department of Health,NHS Newcastle Gateshead CCG,8/31/2018,Cont Care- Adult Joint Funded,CHC ADULT JOINT FUNDED,DURHAM COUNTY COUNCIL,23615336,39196.00
Department of Health,NHS Newcastle Gateshead CCG,8/31/2018,Cont Care- Adult Joint Funded,CHC ADULT JOINT FUNDED,DURHAM COUNTY COUNCIL,23615359,47589.00
Department of Health,NHS Newcastle Gateshead CCG,8/31/2018,Cont Care- Adult Joint Funded,CHC ADULT JOINT FUNDED,NEWCASTLE CITY COUNCIL,23507409,286000.00
Department of Health,NHS Newcastle Gateshead CCG,8/31/2018,Cont Care-Funded Nursing Care Allow,FUNDED NURSING CARE,GATESHEAD COUNCIL,23524811,131870.19
Department of Health,NHS Newcastle Gateshead CCG,8/31/2018,Cont Care-Funded Nursing Care Allow,FUNDED NURSING CARE,NEWCASTLE CITY COUNCIL,23507409,242000.00
Department of Health,NHS Newcastle Gateshead CCG,8/31/2018,Soc Care-Other Soc Care,COMMUNITY SERVICES,GATESHEAD COUNCIL,23599323,509804.00
Department of Health,NHS Newcastle Gateshead CCG,8/31/2018,Soc Care-Other Soc Care,COMMUNITY SERVICES,NEWCASTLE CITY COUNCIL,23517078,820800.00
Department of Health,NHS Newcastle Gateshead CCG,8/31/2018,Soc Care-Other Soc Care,COMMUNITY SERVICES,NEWCASTLE CITY COUNCIL,23550880,820800.00
Department of Health,NHS Newcastle Gateshead CCG,8/31/2018,Cont Care- Children,CHC CHILDREN,GATESHEAD COUNCIL,23524811,33596.95
Department of Health,NHS Newcastle Gateshead CCG,8/31/2018,Cont Care- Palliative Care,CHC ADULT FULLY FUNDED,BLUEBIRD CARE NEWCASTLE,23621139,26023.20
