Newcastle Gateshead CCG Transparency Report April 2018,,,,,,,
Department family,Entity,Date,Expense Type,Expense area,Supplier,Transaction number,AP Amount �
Department of Health,NHS Newcastle Gateshead CCG,4/30/2018,Clinical&Medical-Commercial Sector,ACUTE COMMISSIONING,CONNECT PHYSICAL HEALTH CENTRES LTD,18126950,25696.59
Department of Health,NHS Newcastle Gateshead CCG,4/30/2018,Clinical&Medical-Commercial Sector,ACUTE COMMISSIONING,CONNECT PHYSICAL HEALTH CENTRES LTD,21698066,47459.33
Department of Health,NHS Newcastle Gateshead CCG,4/30/2018,Clinical&Medical-Commercial Sector,ACUTE COMMISSIONING,CONNECT PHYSICAL HEALTH CENTRES LTD,21698067,55695.00
Department of Health,NHS Newcastle Gateshead CCG,4/30/2018,Clinical&Medical-Commercial Sector,ACUTE COMMISSIONING,NUFFIELD HEALTH,21731165,67492.00
Department of Health,NHS Newcastle Gateshead CCG,4/30/2018,Clinical&Medical-Commercial Sector,ACUTE COMMISSIONING,RAMSAY HEALTH CARE UK,21731168,65180.00
Department of Health,NHS Newcastle Gateshead CCG,4/30/2018,Clinical&Medical-Commercial Sector,ACUTE COMMISSIONING,SPIRE HEALTHCARE LTD,21596176,94549.00
Department of Health,NHS Newcastle Gateshead CCG,4/30/2018,Clinical&Medical-Commercial Sector,ACUTE COMMISSIONING,TYNESIDE SURGICAL SERVICES LTD,21232726,113247.70
Department of Health,NHS Newcastle Gateshead CCG,4/30/2018,Clinical&Medical-Commercial Sector,COMMUNITY SERVICES,CONNECT PHYSICAL HEALTH CENTRES LTD,21698065,30000.00
Department of Health,NHS Newcastle Gateshead CCG,4/30/2018,Clinical&Medical-Commercial Sector,COMMUNITY SERVICES,CONNECT PHYSICAL HEALTH CENTRES LTD,21698068,28000.00
Department of Health,NHS Newcastle Gateshead CCG,4/30/2018,Clinical&Medical-Commercial Sector,COMMUNITY SERVICES,CONNECT PHYSICAL HEALTH CENTRES LTD,21774491,25556.05
Department of Health,NHS Newcastle Gateshead CCG,4/30/2018,Clinical&Medical-Commercial Sector,COMMUNITY SERVICES,CONNECT PHYSICAL HEALTH CENTRES LTD,21774492,28453.41
Department of Health,NHS Newcastle Gateshead CCG,4/30/2018,Clinical&Medical-Commercial Sector,MENTAL HEALTH SERVICES - ADULTS,DANSHELL HEALTHCARE LTD,21853053,49795.00
Department of Health,NHS Newcastle Gateshead CCG,4/30/2018,Hcare Srv Rec Fdtn Trust-Contract Baseline,ACUTE COMMISSIONING,CITY HOSPITALS SUNDERLAND FOUNDATION NHS TRUST,21594853,515286.00
Department of Health,NHS Newcastle Gateshead CCG,4/30/2018,Hcare Srv Rec Fdtn Trust-Contract Baseline,ACUTE COMMISSIONING,CITY HOSPITALS SUNDERLAND FOUNDATION NHS TRUST,21594854,-187192.00
Department of Health,NHS Newcastle Gateshead CCG,4/30/2018,Hcare Srv Rec Fdtn Trust-Contract Baseline,ACUTE COMMISSIONING,CITY HOSPITALS SUNDERLAND FOUNDATION NHS TRUST,21641505,272520.00
Department of Health,NHS Newcastle Gateshead CCG,4/30/2018,Hcare Srv Rec Fdtn Trust-Contract Baseline,ACUTE COMMISSIONING,CITY HOSPITALS SUNDERLAND FOUNDATION NHS TRUST,21924189,324818.00
Department of Health,NHS Newcastle Gateshead CCG,4/30/2018,Hcare Srv Rec Fdtn Trust-Contract Baseline,ACUTE COMMISSIONING,COUNTY DURHAM AND DARLINGTON NHS FOUNDATION TRUST,21649367,150720.00
Department of Health,NHS Newcastle Gateshead CCG,4/30/2018,Hcare Srv Rec Fdtn Trust-Contract Baseline,ACUTE COMMISSIONING,GATESHEAD HEALTH NHS FOUNDATION TRUST,21172904,-107917.46
Department of Health,NHS Newcastle Gateshead CCG,4/30/2018,Hcare Srv Rec Fdtn Trust-Contract Baseline,ACUTE COMMISSIONING,GATESHEAD HEALTH NHS FOUNDATION TRUST,21172906,-110230.96
Department of Health,NHS Newcastle Gateshead CCG,4/30/2018,Hcare Srv Rec Fdtn Trust-Contract Baseline,ACUTE COMMISSIONING,GATESHEAD HEALTH NHS FOUNDATION TRUST,21172907,-105480.62
Department of Health,NHS Newcastle Gateshead CCG,4/30/2018,Hcare Srv Rec Fdtn Trust-Contract Baseline,ACUTE COMMISSIONING,GATESHEAD HEALTH NHS FOUNDATION TRUST,21172908,-118517.43
Department of Health,NHS Newcastle Gateshead CCG,4/30/2018,Hcare Srv Rec Fdtn Trust-Contract Baseline,ACUTE COMMISSIONING,GATESHEAD HEALTH NHS FOUNDATION TRUST,21194260,-72969.00
Department of Health,NHS Newcastle Gateshead CCG,4/30/2018,Hcare Srv Rec Fdtn Trust-Contract Baseline,ACUTE COMMISSIONING,GATESHEAD HEALTH NHS FOUNDATION TRUST,21194261,-76062.00
Department of Health,NHS Newcastle Gateshead CCG,4/30/2018,Hcare Srv Rec Fdtn Trust-Contract Baseline,ACUTE COMMISSIONING,GATESHEAD HEALTH NHS FOUNDATION TRUST,21194266,-72654.00
Department of Health,NHS Newcastle Gateshead CCG,4/30/2018,Hcare Srv Rec Fdtn Trust-Contract Baseline,ACUTE COMMISSIONING,GATESHEAD HEALTH NHS FOUNDATION TRUST,21413810,-81274.00
Department of Health,NHS Newcastle Gateshead CCG,4/30/2018,Hcare Srv Rec Fdtn Trust-Contract Baseline,ACUTE COMMISSIONING,GATESHEAD HEALTH NHS FOUNDATION TRUST,21413811,-36167.00
Department of Health,NHS Newcastle Gateshead CCG,4/30/2018,Hcare Srv Rec Fdtn Trust-Contract Baseline,ACUTE COMMISSIONING,GATESHEAD HEALTH NHS FOUNDATION TRUST,21413812,-107788.93
Department of Health,NHS Newcastle Gateshead CCG,4/30/2018,Hcare Srv Rec Fdtn Trust-Contract Baseline,ACUTE COMMISSIONING,GATESHEAD HEALTH NHS FOUNDATION TRUST,21413814,-99134.30
Department of Health,NHS Newcastle Gateshead CCG,4/30/2018,Hcare Srv Rec Fdtn Trust-Contract Baseline,ACUTE COMMISSIONING,GATESHEAD HEALTH NHS FOUNDATION TRUST,21477773,1091729.70
Department of Health,NHS Newcastle Gateshead CCG,4/30/2018,Hcare Srv Rec Fdtn Trust-Contract Baseline,ACUTE COMMISSIONING,GATESHEAD HEALTH NHS FOUNDATION TRUST,21477774,929200.59
Department of Health,NHS Newcastle Gateshead CCG,4/30/2018,Hcare Srv Rec Fdtn Trust-Contract Baseline,ACUTE COMMISSIONING,GATESHEAD HEALTH NHS FOUNDATION TRUST,21477778,-295002.10
Department of Health,NHS Newcastle Gateshead CCG,4/30/2018,Hcare Srv Rec Fdtn Trust-Contract Baseline,ACUTE COMMISSIONING,GATESHEAD HEALTH NHS FOUNDATION TRUST,21641503,10833334.00
Department of Health,NHS Newcastle Gateshead CCG,4/30/2018,Hcare Srv Rec Fdtn Trust-Contract Baseline,ACUTE COMMISSIONING,NEWCASTLE UPON TYNE HOSPITALS NHS FOUNDATION TRUST,21697854,18029716.67
Department of Health,NHS Newcastle Gateshead CCG,4/30/2018,Hcare Srv Rec Fdtn Trust-Contract Baseline,ACUTE COMMISSIONING,NORTHUMBRIA HEALTHCARE NHS FOUNDATION TRUST,21641507,382464.00
Department of Health,NHS Newcastle Gateshead CCG,4/30/2018,Hcare Srv Rec Fdtn Trust-Contract Baseline,ACUTE COMMISSIONING,SOUTH TYNESIDE NHS FOUNDATION TRUST,21611902,-27270.00
Department of Health,NHS Newcastle Gateshead CCG,4/30/2018,Hcare Srv Rec Fdtn Trust-Contract Baseline,ACUTE COMMISSIONING,SOUTH TYNESIDE NHS FOUNDATION TRUST,21717467,28838.00
Department of Health,NHS Newcastle Gateshead CCG,4/30/2018,Hcare Srv Rec Fdtn Trust-Contract Baseline,AMBULANCE SERVICES,NORTH EAST AMBULANCE SERVICES NHS TRUST,21717466,1618982.00
Department of Health,NHS Newcastle Gateshead CCG,4/30/2018,Hcare Srv Rec Fdtn Trust-Contract Baseline,COMMUNITY SERVICES,GATESHEAD HEALTH NHS FOUNDATION TRUST,21641504,1608350.00
Department of Health,NHS Newcastle Gateshead CCG,4/30/2018,Hcare Srv Rec Fdtn Trust-Contract Baseline,COMMUNITY SERVICES,NEWCASTLE UPON TYNE HOSPITALS NHS FOUNDATION TRUST,21697825,2480489.92
Department of Health,NHS Newcastle Gateshead CCG,4/30/2018,Hcare Srv Rec Fdtn Trust-Contract Baseline,COMMUNITY SERVICES,SOUTH TYNESIDE NHS FOUNDATION TRUST,21717469,507212.00
Department of Health,NHS Newcastle Gateshead CCG,4/30/2018,Hcare Srv Rec Fdtn Trust-Contract Baseline,MENTAL HEALTH CONTRACTS,NORTHUMBERLAND TYNE AND WEAR NHS FOUNDATION TRUST,21731166,5105447.00
Department of Health,NHS Newcastle Gateshead CCG,4/30/2018,Hcare Srv Rec Fdtn Trust-Contract Baseline,NHS 111,NORTH EAST AMBULANCE SERVICES NHS TRUST,21795115,126206.33
Department of Health,NHS Newcastle Gateshead CCG,4/30/2018,Clinical&Medical-Voluntary Sector,COMMUNITY SERVICES,AGE UK GATESHEAD,21698069,28890.00
Department of Health,NHS Newcastle Gateshead CCG,4/30/2018,Clinical&Medical-Voluntary Sector,COMMUNITY SERVICES,AGE UK GATESHEAD,21698070,31432.00
Department of Health,NHS Newcastle Gateshead CCG,4/30/2018,Clinical&Medical-Voluntary Sector,COMMUNITY SERVICES,DISABILITY NORTH,21962159,31548.00
Department of Health,NHS Newcastle Gateshead CCG,4/30/2018,Clinical&Medical-Voluntary Sector,HOSPICES,ST OSWALDS HOSPICE,21876498,95509.83
Department of Health,NHS Newcastle Gateshead CCG,4/30/2018,Clinical&Medical-Voluntary Sector,HOSPICES,ST OSWALDS HOSPICE,21876499,50270.60
Department of Health,NHS Newcastle Gateshead CCG,4/30/2018,Clinical&Medical-Voluntary Sector,HOSPICES,ST OSWALDS HOSPICE,21876501,208538.13
Department of Health,NHS Newcastle Gateshead CCG,4/30/2018,Clinical&Medical-Voluntary Sector,IMPROVING ACCESS TO PSYCHOLOGICAL THERAPIES,NEWCASTLE TALKING THERAPIES,21731167,288458.92
Department of Health,NHS Newcastle Gateshead CCG,4/30/2018,Clinical&Medical-Voluntary Sector,MENTAL HEALTH CONTRACTS,MENTAL HEALTH CONCERN,21642037,568806.10
Department of Health,NHS Newcastle Gateshead CCG,4/30/2018,Clinical&Medical-Voluntary Sector,MENTAL HEALTH CONTRACTS,MENTAL HEALTH CONCERN,21642038,752277.81
Department of Health,NHS Newcastle Gateshead CCG,4/30/2018,Clinical&Medical-Voluntary Sector,MENTAL HEALTH CONTRACTS,MENTAL HEALTH CONCERN,21642040,118159.52
Department of Health,NHS Newcastle Gateshead CCG,4/30/2018,Clinical&Medical-Voluntary Sector,MENTAL HEALTH CONTRACTS,MENTAL HEALTH CONCERN,21642041,52651.25
Department of Health,NHS Newcastle Gateshead CCG,4/30/2018,Clinical&Medical-Voluntary Sector,MENTAL HEALTH CONTRACTS,MENTAL HEALTH CONCERN,21642042,58808.75
Department of Health,NHS Newcastle Gateshead CCG,4/30/2018,Clinical&Medical-Voluntary Sector,MENTAL HEALTH CONTRACTS,MENTAL HEALTH CONCERN,21642043,44288.78
Department of Health,NHS Newcastle Gateshead CCG,4/30/2018,Clinical&Medical-Voluntary Sector,MENTAL HEALTH SERVICES - ADVOCACY,NEWCASTLE CVS,21440304,63085.80
Department of Health,NHS Newcastle Gateshead CCG,4/30/2018,Clinical&Medical-Voluntary Sector,PALLIATIVE CARE,ST OSWALDS HOSPICE,21642044,41154.95
Department of Health,NHS Newcastle Gateshead CCG,4/30/2018,Clinical&Medical-Voluntary Sector,CARERS,GATESHEAD CARERS ASSOCIATION,21697822,72083.00
Department of Health,NHS Newcastle Gateshead CCG,4/30/2018,Clinical&Medical-Voluntary Sector,CARERS,GATESHEAD CARERS ASSOCIATION,21774490,66746.00
Department of Health,NHS Newcastle Gateshead CCG,4/30/2018,Clinical&Medical-Voluntary Sector,DEMENTIA,TYNE & WEAR CARE ALLIANCE,21831575,52859.00
Department of Health,NHS Newcastle Gateshead CCG,4/30/2018,Clinical&Medical-Independent Sector,ACUTE COMMISSIONING,SPIRE HEALTHCARE LTD,21596174,1134594.00
Department of Health,NHS Newcastle Gateshead CCG,4/30/2018,Clinical&Medical-Independent Sector,ACUTE COMMISSIONING,SPIRE HEALTHCARE LTD,21596790,-1134594.00
Department of Health,NHS Newcastle Gateshead CCG,4/30/2018,Clinical&Medical-Independent Sector,COMMUNITY SERVICES,AKARI CARE LTD (A),21850358,61114.29
Department of Health,NHS Newcastle Gateshead CCG,4/30/2018,Clinical&Medical-Independent Sector,COMMUNITY SERVICES,FREEMAN CLINICS LTD,21924188,135296.92
Department of Health,NHS Newcastle Gateshead CCG,4/30/2018,Clinical&Medical-Independent Sector,COMMUNITY SERVICES,SIGHT SERVICES,21795200,29807.75
Department of Health,NHS Newcastle Gateshead CCG,4/30/2018,Clinical&Medical-Independent Sector,LOCAL ENHANCED SERVICES,OXFORD TERRACE & RAWLING ROAD MEDICAL GROUP,21878798,43248.59
Department of Health,NHS Newcastle Gateshead CCG,4/30/2018,Clinical&Medical-Independent Sector,LOCAL ENHANCED SERVICES,ST ALBANS MEDICAL GROUP,21875785,27844.94
Department of Health,NHS Newcastle Gateshead CCG,4/30/2018,Clinical&Medical-Independent Sector,MEDICINES MANAGEMENT - CLINICAL,COMMUNITY BASED CARE HEALTH LTD,21853050,64166.67
Department of Health,NHS Newcastle Gateshead CCG,4/30/2018,Clinical&Medical-Independent Sector,OUT OF HOURS,COMMUNITY BASED CARE HEALTH LTD,21853052,326913.95
Department of Health,NHS Newcastle Gateshead CCG,4/30/2018,Clinical&Medical-Independent Sector,OUT OF HOURS,NORTHERN DOCTORS URGENT CARE,21488632,178222.17
Department of Health,NHS Newcastle Gateshead CCG,4/30/2018,Clinical&Medical-Independent Sector,OUT OF HOURS,NORTHERN DOCTORS URGENT CARE,21901444,26067.00
Department of Health,NHS Newcastle Gateshead CCG,4/30/2018,Clinical&Medical-Independent Sector,OUT OF HOURS,NORTHERN DOCTORS URGENT CARE,21924179,182302.58
Department of Health,NHS Newcastle Gateshead CCG,4/30/2018,Clinical&Medical-Independent Sector,INTERMEDIATE CARE,DR BRYSON & PARTNERS,21628668,30922.80
Department of Health,NHS Newcastle Gateshead CCG,4/30/2018,Clinical&Medical-Independent Sector,INTERMEDIATE CARE,GATESHEAD OUTER WEST LOCALITY OFFICE,21628673,26593.00
Department of Health,NHS Newcastle Gateshead CCG,4/30/2018,Oth Travel Costs-Training Trav&Subs,COMMISSIONING - NON ACUTE,COMMUNITY BASED CARE HEALTH LTD,21746358,47000.00
Department of Health,NHS Newcastle Gateshead CCG,4/30/2018,Oth Travel Costs-Training Trav&Subs,COMMISSIONING - NON ACUTE,UNIVERSITY OF NORTHUMBRIA AT NEWCASTLE,21612477,35562.78
Department of Health,NHS Newcastle Gateshead CCG,4/30/2018,C&M-GMS/PMS,LOCAL ENHANCED SERVICES,DR RICHARDSON & PARTNERS NEWCASTLE TYNE,21799912,1503.92
Department of Health,NHS Newcastle Gateshead CCG,4/30/2018,C&M-GMS/PMS,LOCAL ENHANCED SERVICES,WREKENTON MEDICAL GROUP,21797849,3568.01
Department of Health,NHS Newcastle Gateshead CCG,4/30/2018,C&M-GMS/PMS,PRC DELEGATED CO-COMMISSIONING,AVENUE MEDICAL PRACTICE,21655297,32092.67
Department of Health,NHS Newcastle Gateshead CCG,4/30/2018,C&M-GMS/PMS,PRC DELEGATED CO-COMMISSIONING,BENFIELD PARK MEDICAL GROUP,21655294,-60881.48
Department of Health,NHS Newcastle Gateshead CCG,4/30/2018,C&M-GMS/PMS,PRC DELEGATED CO-COMMISSIONING,BENFIELD PARK MEDICAL GROUP,21655295,108933.46
Department of Health,NHS Newcastle Gateshead CCG,4/30/2018,C&M-GMS/PMS,PRC DELEGATED CO-COMMISSIONING,BLAYDON GP LED HEALTH CENTRE,21662805,33330.93
Department of Health,NHS Newcastle Gateshead CCG,4/30/2018,C&M-GMS/PMS,PRC DELEGATED CO-COMMISSIONING,BRIDGES MEDICAL PRACTICE,21661156,46809.90
Department of Health,NHS Newcastle Gateshead CCG,4/30/2018,C&M-GMS/PMS,PRC DELEGATED CO-COMMISSIONING,CHAINBRIDGE MEDICAL PARTNERSHIP,21661242,-27309.67
Department of Health,NHS Newcastle Gateshead CCG,4/30/2018,C&M-GMS/PMS,PRC DELEGATED CO-COMMISSIONING,CHAINBRIDGE MEDICAL PARTNERSHIP,21661243,132124.23
Department of Health,NHS Newcastle Gateshead CCG,4/30/2018,C&M-GMS/PMS,PRC DELEGATED CO-COMMISSIONING,CROWHALL MEDICAL GROUP,21662803,59124.23
Department of Health,NHS Newcastle Gateshead CCG,4/30/2018,C&M-GMS/PMS,PRC DELEGATED CO-COMMISSIONING,DENTON PARK MEDICAL GROUP,21675809,132036.03
Department of Health,NHS Newcastle Gateshead CCG,4/30/2018,C&M-GMS/PMS,PRC DELEGATED CO-COMMISSIONING,DR AJ SMITH & PARTNERS,21655304,117046.83
Department of Health,NHS Newcastle Gateshead CCG,4/30/2018,C&M-GMS/PMS,PRC DELEGATED CO-COMMISSIONING,DR BLACK & PARTNERS NEWCASTLE TYNE,21655300,109951.65
Department of Health,NHS Newcastle Gateshead CCG,4/30/2018,C&M-GMS/PMS,PRC DELEGATED CO-COMMISSIONING,DR BLOXHAM & PARTNERS,21661157,-59953.46
Department of Health,NHS Newcastle Gateshead CCG,4/30/2018,C&M-GMS/PMS,PRC DELEGATED CO-COMMISSIONING,DR BLOXHAM & PARTNERS,21661158,140420.05
Department of Health,NHS Newcastle Gateshead CCG,4/30/2018,C&M-GMS/PMS,PRC DELEGATED CO-COMMISSIONING,DR BRUMBY & PARTNERS,21661160,99573.20
Department of Health,NHS Newcastle Gateshead CCG,4/30/2018,C&M-GMS/PMS,PRC DELEGATED CO-COMMISSIONING,DR BRYSON & PARTNERS,21661162,75345.86
Department of Health,NHS Newcastle Gateshead CCG,4/30/2018,C&M-GMS/PMS,PRC DELEGATED CO-COMMISSIONING,DR BURDON & PARTNERS,21655302,66046.84
Department of Health,NHS Newcastle Gateshead CCG,4/30/2018,C&M-GMS/PMS,PRC DELEGATED CO-COMMISSIONING,DR CHAPMAN & PARTNERS,21661166,81140.75
Department of Health,NHS Newcastle Gateshead CCG,4/30/2018,C&M-GMS/PMS,PRC DELEGATED CO-COMMISSIONING,DR CHAUDHARY & PARTNERS,21655308,26908.66
Department of Health,NHS Newcastle Gateshead CCG,4/30/2018,C&M-GMS/PMS,PRC DELEGATED CO-COMMISSIONING,DR COGAN & PARTNERS,21655310,79432.36
Department of Health,NHS Newcastle Gateshead CCG,4/30/2018,C&M-GMS/PMS,PRC DELEGATED CO-COMMISSIONING,DR COOKEY & PARTNERS,21655312,62931.92
Department of Health,NHS Newcastle Gateshead CCG,4/30/2018,C&M-GMS/PMS,PRC DELEGATED CO-COMMISSIONING,DR COPE & PARTNERS,21661168,67311.67
Department of Health,NHS Newcastle Gateshead CCG,4/30/2018,C&M-GMS/PMS,PRC DELEGATED CO-COMMISSIONING,DR DARLING & PARTNERS,21655306,49577.86
Department of Health,NHS Newcastle Gateshead CCG,4/30/2018,C&M-GMS/PMS,PRC DELEGATED CO-COMMISSIONING,DR ECCLES & PARTNERS,21661163,-66699.46
Department of Health,NHS Newcastle Gateshead CCG,4/30/2018,C&M-GMS/PMS,PRC DELEGATED CO-COMMISSIONING,DR ECCLES & PARTNERS,21661164,80338.02
Department of Health,NHS Newcastle Gateshead CCG,4/30/2018,C&M-GMS/PMS,PRC DELEGATED CO-COMMISSIONING,DR GRAINGER & PARTNERS,21655314,57191.92
Department of Health,NHS Newcastle Gateshead CCG,4/30/2018,C&M-GMS/PMS,PRC DELEGATED CO-COMMISSIONING,DR HOWARTH & PARTNERS,21655316,77637.09
Department of Health,NHS Newcastle Gateshead CCG,4/30/2018,C&M-GMS/PMS,PRC DELEGATED CO-COMMISSIONING,DR HUGHES & PARTNERS BIRTLEY,21661172,150132.21
Department of Health,NHS Newcastle Gateshead CCG,4/30/2018,C&M-GMS/PMS,PRC DELEGATED CO-COMMISSIONING,DR HUNT,21675815,32691.73
Department of Health,NHS Newcastle Gateshead CCG,4/30/2018,C&M-GMS/PMS,PRC DELEGATED CO-COMMISSIONING,DR ILYAS & PARTNER,21661170,33544.07
Department of Health,NHS Newcastle Gateshead CCG,4/30/2018,C&M-GMS/PMS,PRC DELEGATED CO-COMMISSIONING,DR KELLIHER & PARTNERS,21655317,-27526.79
Department of Health,NHS Newcastle Gateshead CCG,4/30/2018,C&M-GMS/PMS,PRC DELEGATED CO-COMMISSIONING,DR KELLIHER & PARTNERS,21655319,155748.99
Department of Health,NHS Newcastle Gateshead CCG,4/30/2018,C&M-GMS/PMS,PRC DELEGATED CO-COMMISSIONING,DR KENNAN & PARTNERS,21661175,95836.98
Department of Health,NHS Newcastle Gateshead CCG,4/30/2018,C&M-GMS/PMS,PRC DELEGATED CO-COMMISSIONING,DR LIDDLE & PARTNERS,21661179,62744.18
Department of Health,NHS Newcastle Gateshead CCG,4/30/2018,C&M-GMS/PMS,PRC DELEGATED CO-COMMISSIONING,DR M S HASSAN,21661177,32253.73
Department of Health,NHS Newcastle Gateshead CCG,4/30/2018,C&M-GMS/PMS,PRC DELEGATED CO-COMMISSIONING,DR NIELSEN & PARTNERS,21655323,134326.10
Department of Health,NHS Newcastle Gateshead CCG,4/30/2018,C&M-GMS/PMS,PRC DELEGATED CO-COMMISSIONING,DR P J S TAYLOR & PARTNERS,21675811,109462.14
Department of Health,NHS Newcastle Gateshead CCG,4/30/2018,C&M-GMS/PMS,PRC DELEGATED CO-COMMISSIONING,DR PALMER & PARTNERS,21655326,79894.35
Department of Health,NHS Newcastle Gateshead CCG,4/30/2018,C&M-GMS/PMS,PRC DELEGATED CO-COMMISSIONING,DR PEARSTON & PARTNERS,21655337,-31182.70
Department of Health,NHS Newcastle Gateshead CCG,4/30/2018,C&M-GMS/PMS,PRC DELEGATED CO-COMMISSIONING,DR PEARSTON & PARTNERS,21655339,134459.66
Department of Health,NHS Newcastle Gateshead CCG,4/30/2018,C&M-GMS/PMS,PRC DELEGATED CO-COMMISSIONING,DR PRICE & PARTNERS,21655342,87890.39
Department of Health,NHS Newcastle Gateshead CCG,4/30/2018,C&M-GMS/PMS,PRC DELEGATED CO-COMMISSIONING,DR RG TURNER&PARTNERS,21655329,108370.99
Department of Health,NHS Newcastle Gateshead CCG,4/30/2018,C&M-GMS/PMS,PRC DELEGATED CO-COMMISSIONING,DR RICHARDSON & PARTNERS NEWCASTLE TYNE,21655321,68561.20
Department of Health,NHS Newcastle Gateshead CCG,4/30/2018,C&M-GMS/PMS,PRC DELEGATED CO-COMMISSIONING,DR RICHARDSON & PARTNERS NEWCASTLE TYNE,21799912,63850.06
Department of Health,NHS Newcastle Gateshead CCG,4/30/2018,C&M-GMS/PMS,PRC DELEGATED CO-COMMISSIONING,DR ROBERTS & PARTNERS GATESHEAD,21661183,45810.66
Department of Health,NHS Newcastle Gateshead CCG,4/30/2018,C&M-GMS/PMS,PRC DELEGATED CO-COMMISSIONING,DR ROBSON & PARTNERS NEWCASTLE TYNE,21655332,84408.64
Department of Health,NHS Newcastle Gateshead CCG,4/30/2018,C&M-GMS/PMS,PRC DELEGATED CO-COMMISSIONING,DR ROSS & PARTNERS NEWCASTLE TYNE,21655335,67181.35
Department of Health,NHS Newcastle Gateshead CCG,4/30/2018,C&M-GMS/PMS,PRC DELEGATED CO-COMMISSIONING,DR S M IMAM,21661191,54912.87
Department of Health,NHS Newcastle Gateshead CCG,4/30/2018,C&M-GMS/PMS,PRC DELEGATED CO-COMMISSIONING,DR S P SUMMERS & PARTNERS,21675812,126370.57
Department of Health,NHS Newcastle Gateshead CCG,4/30/2018,C&M-GMS/PMS,PRC DELEGATED CO-COMMISSIONING,DR SALKELD & PARTNERS,21655346,-39893.02
Department of Health,NHS Newcastle Gateshead CCG,4/30/2018,C&M-GMS/PMS,PRC DELEGATED CO-COMMISSIONING,DR SALKELD & PARTNERS,21655347,287868.24
Department of Health,NHS Newcastle Gateshead CCG,4/30/2018,C&M-GMS/PMS,PRC DELEGATED CO-COMMISSIONING,DR SCHUMM & PARTNERS,21661185,78787.65
Department of Health,NHS Newcastle Gateshead CCG,4/30/2018,C&M-GMS/PMS,PRC DELEGATED CO-COMMISSIONING,DR SCOTT & PARTNERS NEWCASTLE TYNE,21655344,49667.40
Department of Health,NHS Newcastle Gateshead CCG,4/30/2018,C&M-GMS/PMS,PRC DELEGATED CO-COMMISSIONING,DR SINGH WINLATON,21661189,53073.94
Department of Health,NHS Newcastle Gateshead CCG,4/30/2018,C&M-GMS/PMS,PRC DELEGATED CO-COMMISSIONING,DR SUCHDEV & PARTNERS,21661187,45532.08
Department of Health,NHS Newcastle Gateshead CCG,4/30/2018,C&M-GMS/PMS,PRC DELEGATED CO-COMMISSIONING,DR VINOD KUMAR & PARTNER,21661193,53468.94
Department of Health,NHS Newcastle Gateshead CCG,4/30/2018,C&M-GMS/PMS,PRC DELEGATED CO-COMMISSIONING,DR WADGE & PARTNERS,21655349,51392.10
Department of Health,NHS Newcastle Gateshead CCG,4/30/2018,C&M-GMS/PMS,PRC DELEGATED CO-COMMISSIONING,GLENPARK MEDICAL CENTRE,21661197,87697.24
Department of Health,NHS Newcastle Gateshead CCG,4/30/2018,C&M-GMS/PMS,PRC DELEGATED CO-COMMISSIONING,GRAINGER MEDICAL GROUP,21675813,107697.42
Department of Health,NHS Newcastle Gateshead CCG,4/30/2018,C&M-GMS/PMS,PRC DELEGATED CO-COMMISSIONING,GRANGE ROAD MEDICAL PRACTICE,21661195,31813.12
Department of Health,NHS Newcastle Gateshead CCG,4/30/2018,C&M-GMS/PMS,PRC DELEGATED CO-COMMISSIONING,HEATON ROAD SURGERY,21655352,58716.85
Department of Health,NHS Newcastle Gateshead CCG,4/30/2018,C&M-GMS/PMS,PRC DELEGATED CO-COMMISSIONING,HOLLY MEDICAL GROUP,21655359,79924.12
Department of Health,NHS Newcastle Gateshead CCG,4/30/2018,C&M-GMS/PMS,PRC DELEGATED CO-COMMISSIONING,NEWCASTLE MEDICAL CENTRE,21655354,82493.46
Department of Health,NHS Newcastle Gateshead CCG,4/30/2018,C&M-GMS/PMS,PRC DELEGATED CO-COMMISSIONING,OLDWELL MEDICAL PARTNERSHIP,21661245,56467.96
Department of Health,NHS Newcastle Gateshead CCG,4/30/2018,C&M-GMS/PMS,PRC DELEGATED CO-COMMISSIONING,OXFORD TERRACE & RAWLING ROAD MEDICAL GROUP,21661198,-43915.91
Department of Health,NHS Newcastle Gateshead CCG,4/30/2018,C&M-GMS/PMS,PRC DELEGATED CO-COMMISSIONING,OXFORD TERRACE & RAWLING ROAD MEDICAL GROUP,21661199,176836.33
Department of Health,NHS Newcastle Gateshead CCG,4/30/2018,C&M-GMS/PMS,PRC DELEGATED CO-COMMISSIONING,REGENT MEDICAL CENTRE,21655356,31660.21
Department of Health,NHS Newcastle Gateshead CCG,4/30/2018,C&M-GMS/PMS,PRC DELEGATED CO-COMMISSIONING,SECOND STREET SURGERY,21662799,26236.29
Department of Health,NHS Newcastle Gateshead CCG,4/30/2018,C&M-GMS/PMS,PRC DELEGATED CO-COMMISSIONING,TEAMS MEDICAL PRACTICE,21661201,65924.97
Department of Health,NHS Newcastle Gateshead CCG,4/30/2018,C&M-GMS/PMS,PRC DELEGATED CO-COMMISSIONING,THORNFIELD MEDICAL GROUP,21675814,209974.47
Department of Health,NHS Newcastle Gateshead CCG,4/30/2018,C&M-GMS/PMS,PRC DELEGATED CO-COMMISSIONING,WREKENTON MEDICAL GROUP,21675816,239996.34
Department of Health,NHS Newcastle Gateshead CCG,4/30/2018,C&M-GMS/PMS,PRC DELEGATED CO-COMMISSIONING,WREKENTON MEDICAL GROUP,21797849,21849.64
Department of Health,NHS Newcastle Gateshead CCG,4/30/2018,Hcare Srv Rec Fdtn Trust-Contract Cost per Case,ACUTE COMMISSIONING,GATESHEAD HEALTH NHS FOUNDATION TRUST,21697823,75000.00
Department of Health,NHS Newcastle Gateshead CCG,4/30/2018,Apprenticeship Levy Payable,BALANCE SHEET,HMRC,21703141,732.00
Department of Health,NHS Newcastle Gateshead CCG,4/30/2018,Income tax <1Yr,BALANCE SHEET,HMRC,21703141,72134.65
Department of Health,NHS Newcastle Gateshead CCG,4/30/2018,Income tax <1Yr-Student Loans,BALANCE SHEET,HMRC,21703141,198.00
Department of Health,NHS Newcastle Gateshead CCG,4/30/2018,National Insurance < 1 yr-NI- ERS,BALANCE SHEET,HMRC,21703141,42203.10
Department of Health,NHS Newcastle Gateshead CCG,4/30/2018,National Insurance < 1 yr-NI-EES,BALANCE SHEET,HMRC,21703141,28690.69
Department of Health,NHS Newcastle Gateshead CCG,4/30/2018,Statutory Mat Pay < 1 yr,BALANCE SHEET,HMRC,21703141,-1686.10
Department of Health,NHS Newcastle Gateshead CCG,4/30/2018,Hcare Srv Rec NHS Trust-Non Contract,NCAS/OATS,LEEDS TEACHING HOSPITALS NHS TRUST,21724590,-32796.32
Department of Health,NHS Newcastle Gateshead CCG,4/30/2018,Clinical&Medical-Othe Public Sector,COMMUNITY SERVICES,GATESHEAD COUNCIL,21915829,330563.00
Department of Health,NHS Newcastle Gateshead CCG,4/30/2018,Clinical&Medical-Othe Public Sector,COMMUNITY SERVICES,GATESHEAD COUNCIL,21915831,983017.00
Department of Health,NHS Newcastle Gateshead CCG,4/30/2018,Clinical&Medical-Othe Public Sector,REABLEMENT,GATESHEAD COUNCIL,21915829,350000.00
Department of Health,NHS Newcastle Gateshead CCG,4/30/2018,Clinical&Medical-Othe Public Sector,PROGRAMME PROJECTS,GATESHEAD COUNCIL,21915829,2500.00
Department of Health,NHS Newcastle Gateshead CCG,4/30/2018,Clinical&Medical-Othe Public Sector,WINTER RESILIENCE,GATESHEAD COUNCIL,21915829,99000.00
Department of Health,NHS Newcastle Gateshead CCG,4/30/2018,Hcare Srv Rec Fdtn Trust-Non Contract,ACUTE COMMISSIONING,NEWCASTLE UPON TYNE HOSPITALS NHS FOUNDATION TRUST,21940697,45014.00
