Newcastle Gateshead CCG Transparency Report January 2019,,,,,,,
Department family,Entity,Date,Expense Type,Expense area,Supplier,Transaction number,AP Amount �
Department of Health,NHS Newcastle Gateshead CCG,1/31/2019,Clinical&Medical-Voluntary Sector,COMMUNITY SERVICES,ACTION FOR CHILDREN,25495738,62579.10
Department of Health,NHS Newcastle Gateshead CCG,1/31/2019,Clinical&Medical-Voluntary Sector,COMMUNITY SERVICES,STROKE ASSOCIATION,25459000,27078.25
Department of Health,NHS Newcastle Gateshead CCG,1/31/2019,Clinical&Medical-Voluntary Sector,HOSPICES,ST OSWALDS HOSPICE,25405133,208538.13
Department of Health,NHS Newcastle Gateshead CCG,1/31/2019,Clinical&Medical-Voluntary Sector,HOSPICES,ST OSWALDS HOSPICE,25621514,50270.60
Department of Health,NHS Newcastle Gateshead CCG,1/31/2019,Clinical&Medical-Voluntary Sector,IMPROVING ACCESS TO PSYCHOLOGICAL THERAPIES,NEWCASTLE TALKING THERAPIES,25568045,288458.92
Department of Health,NHS Newcastle Gateshead CCG,1/31/2019,Clinical&Medical-Voluntary Sector,MENTAL HEALTH SERVICES - ADULTS,ASPIRE CARE GROUP,25517145,35221.25
Department of Health,NHS Newcastle Gateshead CCG,1/31/2019,Clinical&Medical-Voluntary Sector,MENTAL HEALTH SERVICES - ADULTS,CROSSROADS CARE,25391787,94264.33
Department of Health,NHS Newcastle Gateshead CCG,1/31/2019,Clinical&Medical-Voluntary Sector,PALLIATIVE CARE,ST OSWALDS HOSPICE,25621512,41483.74
Department of Health,NHS Newcastle Gateshead CCG,1/31/2019,Clinical&Medical-Voluntary Sector,MENTAL HEALTH SERVICES - ADVOCACY,NEWCASTLE CVS,25667455,59806.81
Department of Health,NHS Newcastle Gateshead CCG,1/31/2019,Clinical&Medical-Voluntary Sector,CARERS,GATESHEAD CARERS ASSOCIATION,25700219,111243.00
Department of Health,NHS Newcastle Gateshead CCG,1/31/2019,Clinical&Medical-Commercial Sector,ACUTE COMMISSIONING,NUFFIELD HEALTH,25420036,43083.14
Department of Health,NHS Newcastle Gateshead CCG,1/31/2019,Clinical&Medical-Commercial Sector,ACUTE COMMISSIONING,NUFFIELD HEALTH,25719262,57039.00
Department of Health,NHS Newcastle Gateshead CCG,1/31/2019,Clinical&Medical-Commercial Sector,ACUTE COMMISSIONING,SPIRE HEALTHCARE LTD,25391819,94549.00
Department of Health,NHS Newcastle Gateshead CCG,1/31/2019,Clinical&Medical-Commercial Sector,ACUTE COMMISSIONING,SPIRE HEALTHCARE LTD,25642208,-27948.07
Department of Health,NHS Newcastle Gateshead CCG,1/31/2019,Clinical&Medical-Commercial Sector,ACUTE COMMISSIONING,TYNESIDE SURGICAL SERVICES LTD,25501051,115143.20
Department of Health,NHS Newcastle Gateshead CCG,1/31/2019,Hcare Srv Rec Fdtn Trust-Non Contract,ACUTE COMMISSIONING,GATESHEAD HEALTH NHS FOUNDATION TRUST,25398996,70058.00
Department of Health,NHS Newcastle Gateshead CCG,1/31/2019,Hcare Srv Rec Fdtn Trust-Non Contract,ACUTE COMMISSIONING,GATESHEAD HEALTH NHS FOUNDATION TRUST,25399120,104720.00
Department of Health,NHS Newcastle Gateshead CCG,1/31/2019,Hcare Srv Rec Fdtn Trust-Non Contract,COMMUNITY SERVICES,NEWCASTLE UPON TYNE HOSPITALS NHS FOUNDATION TRUST,25620530,288583.17
Department of Health,NHS Newcastle Gateshead CCG,1/31/2019,Hcare Srv Rec Fdtn Trust-Non Contract,COMMUNITY SERVICES,NEWCASTLE UPON TYNE HOSPITALS NHS FOUNDATION TRUST,25740092,135296.92
Department of Health,NHS Newcastle Gateshead CCG,1/31/2019,Hcare Srv Rec Fdtn Trust-Non Contract,SAFEGUARDING,GATESHEAD HEALTH NHS FOUNDATION TRUST,25682364,31841.28
Department of Health,NHS Newcastle Gateshead CCG,1/31/2019,Hcare Srv Rec Fdtn Trust-Non Contract,NCAS/OATS,ROYAL BROMPTON & HAREFIELD NHS FOUNDATION TRUST,25682360,51372.09
Department of Health,NHS Newcastle Gateshead CCG,1/31/2019,Clinical&Medical-Independent Sector,COMMUNITY SERVICES,AKARI CARE LTD (A),25472767,61114.29
Department of Health,NHS Newcastle Gateshead CCG,1/31/2019,Clinical&Medical-Independent Sector,COMMUNITY SERVICES,NEWCASTLE GENERAL PRACTICE SERVICES LTD,25582031,45363.81
Department of Health,NHS Newcastle Gateshead CCG,1/31/2019,Clinical&Medical-Independent Sector,COMMUNITY SERVICES,SIGHT SERVICES,25700218,29807.75
Department of Health,NHS Newcastle Gateshead CCG,1/31/2019,Clinical&Medical-Independent Sector,LOCAL ENHANCED SERVICES,DR HUGHES & PARTNERS BIRTLEY,25641979,28617.34
Department of Health,NHS Newcastle Gateshead CCG,1/31/2019,Clinical&Medical-Independent Sector,LOCAL ENHANCED SERVICES,OXFORD TERRACE & RAWLING ROAD MEDICAL GROUP,25641967,28209.57
Department of Health,NHS Newcastle Gateshead CCG,1/31/2019,Clinical&Medical-Independent Sector,OUT OF HOURS,COMMUNITY BASED CARE HEALTH LTD,25501049,326913.95
Department of Health,NHS Newcastle Gateshead CCG,1/31/2019,Clinical&Medical-Independent Sector,OUT OF HOURS,NORTHERN DOCTORS URGENT CARE,25683590,182302.58
Department of Health,NHS Newcastle Gateshead CCG,1/31/2019,Clinical&Medical-Independent Sector,INTERPRETING SERVICES,ITL NORTH EAST LTD,25515758,33926.04
Department of Health,NHS Newcastle Gateshead CCG,1/31/2019,Clinical&Medical-Independent Sector,INTERPRETING SERVICES,ITL NORTH EAST LTD,25738839,25564.50
Department of Health,NHS Newcastle Gateshead CCG,1/31/2019,Clinical&Medical-Independent Sector,GP FORWARD VIEW,NEWCASTLE GENERAL PRACTICE SERVICES LTD,25582035,37418.75
Department of Health,NHS Newcastle Gateshead CCG,1/31/2019,Cont Care- Prior Year Payments,CHC ADULT FULLY FUNDED,NHS NORTHUMBERLAND CCG,25473887,53221.00
Department of Health,NHS Newcastle Gateshead CCG,1/31/2019,C&M-GMS/PMS,LOCAL ENHANCED SERVICES,DR BLOXHAM & PARTNERS,25626792,14891.54
Department of Health,NHS Newcastle Gateshead CCG,1/31/2019,C&M-GMS/PMS,LOCAL ENHANCED SERVICES,DR HUGHES & PARTNERS BIRTLEY,25626804,15414.23
Department of Health,NHS Newcastle Gateshead CCG,1/31/2019,C&M-GMS/PMS,LOCAL ENHANCED SERVICES,DR SALKELD & PARTNERS,25627134,9658.54
Department of Health,NHS Newcastle Gateshead CCG,1/31/2019,C&M-GMS/PMS,PRC DELEGATED CO-COMMISSIONING,BENFIELD PARK MEDICAL GROUP,25482086,75073.81
Department of Health,NHS Newcastle Gateshead CCG,1/31/2019,C&M-GMS/PMS,PRC DELEGATED CO-COMMISSIONING,BLAYDON GP LED HEALTH CENTRE,25488994,86869.07
Department of Health,NHS Newcastle Gateshead CCG,1/31/2019,C&M-GMS/PMS,PRC DELEGATED CO-COMMISSIONING,BRIDGES MEDICAL PRACTICE,25478399,47118.16
Department of Health,NHS Newcastle Gateshead CCG,1/31/2019,C&M-GMS/PMS,PRC DELEGATED CO-COMMISSIONING,CHAINBRIDGE MEDICAL PARTNERSHIP,25485981,104660.26
Department of Health,NHS Newcastle Gateshead CCG,1/31/2019,C&M-GMS/PMS,PRC DELEGATED CO-COMMISSIONING,CROWHALL MEDICAL GROUP,25488992,67657.62
Department of Health,NHS Newcastle Gateshead CCG,1/31/2019,C&M-GMS/PMS,PRC DELEGATED CO-COMMISSIONING,DENTON PARK MEDICAL GROUP,25482092,65044.53
Department of Health,NHS Newcastle Gateshead CCG,1/31/2019,C&M-GMS/PMS,PRC DELEGATED CO-COMMISSIONING,DILSTON MEDICAL CENTRE,25489300,65328.05
Department of Health,NHS Newcastle Gateshead CCG,1/31/2019,C&M-GMS/PMS,PRC DELEGATED CO-COMMISSIONING,DR AJ SMITH & PARTNERS,25482103,125654.54
Department of Health,NHS Newcastle Gateshead CCG,1/31/2019,C&M-GMS/PMS,PRC DELEGATED CO-COMMISSIONING,DR BLACK & PARTNERS NEWCASTLE TYNE,25482095,114742.75
Department of Health,NHS Newcastle Gateshead CCG,1/31/2019,C&M-GMS/PMS,PRC DELEGATED CO-COMMISSIONING,DR BLOXHAM & PARTNERS,25478401,142486.63
Department of Health,NHS Newcastle Gateshead CCG,1/31/2019,C&M-GMS/PMS,PRC DELEGATED CO-COMMISSIONING,DR BLOXHAM & PARTNERS,25626792,10874.80
Department of Health,NHS Newcastle Gateshead CCG,1/31/2019,C&M-GMS/PMS,PRC DELEGATED CO-COMMISSIONING,DR BRUMBY & PARTNERS,25478403,100227.74
Department of Health,NHS Newcastle Gateshead CCG,1/31/2019,C&M-GMS/PMS,PRC DELEGATED CO-COMMISSIONING,DR BRYSON & PARTNERS,25478405,76032.39
Department of Health,NHS Newcastle Gateshead CCG,1/31/2019,C&M-GMS/PMS,PRC DELEGATED CO-COMMISSIONING,DR BURDON & PARTNERS,25482099,53211.60
Department of Health,NHS Newcastle Gateshead CCG,1/31/2019,C&M-GMS/PMS,PRC DELEGATED CO-COMMISSIONING,DR CHAPMAN & PARTNERS,25478409,60546.34
Department of Health,NHS Newcastle Gateshead CCG,1/31/2019,C&M-GMS/PMS,PRC DELEGATED CO-COMMISSIONING,DR CHAUDHARY & PARTNERS,25503994,31196.05
Department of Health,NHS Newcastle Gateshead CCG,1/31/2019,C&M-GMS/PMS,PRC DELEGATED CO-COMMISSIONING,DR COGAN & PARTNERS,25482110,77270.32
Department of Health,NHS Newcastle Gateshead CCG,1/31/2019,C&M-GMS/PMS,PRC DELEGATED CO-COMMISSIONING,DR COPE & PARTNERS,25478411,54345.41
Department of Health,NHS Newcastle Gateshead CCG,1/31/2019,C&M-GMS/PMS,PRC DELEGATED CO-COMMISSIONING,DR DARLING & PARTNERS,25482106,38108.58
Department of Health,NHS Newcastle Gateshead CCG,1/31/2019,C&M-GMS/PMS,PRC DELEGATED CO-COMMISSIONING,DR ECCLES & PARTNERS,25478407,99756.55
Department of Health,NHS Newcastle Gateshead CCG,1/31/2019,C&M-GMS/PMS,PRC DELEGATED CO-COMMISSIONING,DR GRAINGER & PARTNERS,25482113,57980.29
Department of Health,NHS Newcastle Gateshead CCG,1/31/2019,C&M-GMS/PMS,PRC DELEGATED CO-COMMISSIONING,DR HOWARTH & PARTNERS,25482117,80418.39
Department of Health,NHS Newcastle Gateshead CCG,1/31/2019,C&M-GMS/PMS,PRC DELEGATED CO-COMMISSIONING,DR HUGHES & PARTNERS BIRTLEY,25478414,-25910.15
Department of Health,NHS Newcastle Gateshead CCG,1/31/2019,C&M-GMS/PMS,PRC DELEGATED CO-COMMISSIONING,DR HUGHES & PARTNERS BIRTLEY,25503991,153094.71
Department of Health,NHS Newcastle Gateshead CCG,1/31/2019,C&M-GMS/PMS,PRC DELEGATED CO-COMMISSIONING,DR HUGHES & PARTNERS BIRTLEY,25626804,10924.97
Department of Health,NHS Newcastle Gateshead CCG,1/31/2019,C&M-GMS/PMS,PRC DELEGATED CO-COMMISSIONING,DR HUNT,25478416,28224.27
Department of Health,NHS Newcastle Gateshead CCG,1/31/2019,C&M-GMS/PMS,PRC DELEGATED CO-COMMISSIONING,DR ILYAS & PARTNER,25478413,33974.09
Department of Health,NHS Newcastle Gateshead CCG,1/31/2019,C&M-GMS/PMS,PRC DELEGATED CO-COMMISSIONING,DR KELLIHER & PARTNERS,25482121,130722.36
Department of Health,NHS Newcastle Gateshead CCG,1/31/2019,C&M-GMS/PMS,PRC DELEGATED CO-COMMISSIONING,DR KENNAN & PARTNERS,25478418,98050.01
Department of Health,NHS Newcastle Gateshead CCG,1/31/2019,C&M-GMS/PMS,PRC DELEGATED CO-COMMISSIONING,DR LIDDLE & PARTNERS,25478422,63216.53
Department of Health,NHS Newcastle Gateshead CCG,1/31/2019,C&M-GMS/PMS,PRC DELEGATED CO-COMMISSIONING,DR M S HASSAN,25478420,25512.58
Department of Health,NHS Newcastle Gateshead CCG,1/31/2019,C&M-GMS/PMS,PRC DELEGATED CO-COMMISSIONING,DR NIELSEN & PARTNERS,25482126,-30057.52
Department of Health,NHS Newcastle Gateshead CCG,1/31/2019,C&M-GMS/PMS,PRC DELEGATED CO-COMMISSIONING,DR NIELSEN & PARTNERS,25482128,109360.25
Department of Health,NHS Newcastle Gateshead CCG,1/31/2019,C&M-GMS/PMS,PRC DELEGATED CO-COMMISSIONING,DR P J S TAYLOR & PARTNERS,25482135,80105.08
Department of Health,NHS Newcastle Gateshead CCG,1/31/2019,C&M-GMS/PMS,PRC DELEGATED CO-COMMISSIONING,DR PALMER & PARTNERS,25482132,82762.27
Department of Health,NHS Newcastle Gateshead CCG,1/31/2019,C&M-GMS/PMS,PRC DELEGATED CO-COMMISSIONING,DR PEARSTON & PARTNERS,25482148,136335.66
Department of Health,NHS Newcastle Gateshead CCG,1/31/2019,C&M-GMS/PMS,PRC DELEGATED CO-COMMISSIONING,DR PRICE & PARTNERS,25482150,93225.65
Department of Health,NHS Newcastle Gateshead CCG,1/31/2019,C&M-GMS/PMS,PRC DELEGATED CO-COMMISSIONING,DR RG TURNER&PARTNERS,25482139,101663.73
Department of Health,NHS Newcastle Gateshead CCG,1/31/2019,C&M-GMS/PMS,PRC DELEGATED CO-COMMISSIONING,DR RICHARDSON & PARTNERS NEWCASTLE TYNE,25482124,70056.34
Department of Health,NHS Newcastle Gateshead CCG,1/31/2019,C&M-GMS/PMS,PRC DELEGATED CO-COMMISSIONING,DR ROBERTS & PARTNERS GATESHEAD,25478426,42157.02
Department of Health,NHS Newcastle Gateshead CCG,1/31/2019,C&M-GMS/PMS,PRC DELEGATED CO-COMMISSIONING,DR ROBSON & PARTNERS NEWCASTLE TYNE,25482142,69062.76
Department of Health,NHS Newcastle Gateshead CCG,1/31/2019,C&M-GMS/PMS,PRC DELEGATED CO-COMMISSIONING,DR ROSS & PARTNERS NEWCASTLE TYNE,25482145,68432.20
Department of Health,NHS Newcastle Gateshead CCG,1/31/2019,C&M-GMS/PMS,PRC DELEGATED CO-COMMISSIONING,DR S M IMAM,25478433,50623.05
Department of Health,NHS Newcastle Gateshead CCG,1/31/2019,C&M-GMS/PMS,PRC DELEGATED CO-COMMISSIONING,DR S P SUMMERS & PARTNERS,25482153,-26494.27
Department of Health,NHS Newcastle Gateshead CCG,1/31/2019,C&M-GMS/PMS,PRC DELEGATED CO-COMMISSIONING,DR S P SUMMERS & PARTNERS,25482154,111729.49
Department of Health,NHS Newcastle Gateshead CCG,1/31/2019,C&M-GMS/PMS,PRC DELEGATED CO-COMMISSIONING,DR SALKELD & PARTNERS,25482155,-44988.46
Department of Health,NHS Newcastle Gateshead CCG,1/31/2019,C&M-GMS/PMS,PRC DELEGATED CO-COMMISSIONING,DR SALKELD & PARTNERS,25482156,276624.64
Department of Health,NHS Newcastle Gateshead CCG,1/31/2019,C&M-GMS/PMS,PRC DELEGATED CO-COMMISSIONING,DR SALKELD & PARTNERS,25627134,20854.03
Department of Health,NHS Newcastle Gateshead CCG,1/31/2019,C&M-GMS/PMS,PRC DELEGATED CO-COMMISSIONING,DR SCHUMM & PARTNERS,25478428,63959.97
Department of Health,NHS Newcastle Gateshead CCG,1/31/2019,C&M-GMS/PMS,PRC DELEGATED CO-COMMISSIONING,DR SCOTT & PARTNERS NEWCASTLE TYNE,25482152,50660.39
Department of Health,NHS Newcastle Gateshead CCG,1/31/2019,C&M-GMS/PMS,PRC DELEGATED CO-COMMISSIONING,DR SINGH WINLATON,25503992,49195.98
Department of Health,NHS Newcastle Gateshead CCG,1/31/2019,C&M-GMS/PMS,PRC DELEGATED CO-COMMISSIONING,DR SUCHDEV & PARTNERS,25478430,47848.66
Department of Health,NHS Newcastle Gateshead CCG,1/31/2019,C&M-GMS/PMS,PRC DELEGATED CO-COMMISSIONING,DR VINOD KUMAR & PARTNER,25478435,42391.35
Department of Health,NHS Newcastle Gateshead CCG,1/31/2019,C&M-GMS/PMS,PRC DELEGATED CO-COMMISSIONING,DR WADGE & PARTNERS,25482158,52578.90
Department of Health,NHS Newcastle Gateshead CCG,1/31/2019,C&M-GMS/PMS,PRC DELEGATED CO-COMMISSIONING,GLENPARK MEDICAL CENTRE,25478439,93140.93
Department of Health,NHS Newcastle Gateshead CCG,1/31/2019,C&M-GMS/PMS,PRC DELEGATED CO-COMMISSIONING,GRAINGER MEDICAL GROUP,25482160,98530.32
Department of Health,NHS Newcastle Gateshead CCG,1/31/2019,C&M-GMS/PMS,PRC DELEGATED CO-COMMISSIONING,GRANGE ROAD MEDICAL PRACTICE,25478437,32808.00
Department of Health,NHS Newcastle Gateshead CCG,1/31/2019,C&M-GMS/PMS,PRC DELEGATED CO-COMMISSIONING,HEATON ROAD SURGERY,25482162,67910.38
Department of Health,NHS Newcastle Gateshead CCG,1/31/2019,C&M-GMS/PMS,PRC DELEGATED CO-COMMISSIONING,HOLLY MEDICAL GROUP,25482170,63369.07
Department of Health,NHS Newcastle Gateshead CCG,1/31/2019,C&M-GMS/PMS,PRC DELEGATED CO-COMMISSIONING,NEWCASTLE MEDICAL CENTRE,25482164,111698.82
Department of Health,NHS Newcastle Gateshead CCG,1/31/2019,C&M-GMS/PMS,PRC DELEGATED CO-COMMISSIONING,OLDWELL MEDICAL PARTNERSHIP,25488985,50040.13
Department of Health,NHS Newcastle Gateshead CCG,1/31/2019,C&M-GMS/PMS,PRC DELEGATED CO-COMMISSIONING,OXFORD TERRACE & RAWLING ROAD MEDICAL GROUP,25478441,156827.75
Department of Health,NHS Newcastle Gateshead CCG,1/31/2019,C&M-GMS/PMS,PRC DELEGATED CO-COMMISSIONING,REGENT MEDICAL CENTRE,25482166,32443.79
Department of Health,NHS Newcastle Gateshead CCG,1/31/2019,C&M-GMS/PMS,PRC DELEGATED CO-COMMISSIONING,SECOND STREET SURGERY,25488990,28089.67
Department of Health,NHS Newcastle Gateshead CCG,1/31/2019,C&M-GMS/PMS,PRC DELEGATED CO-COMMISSIONING,TEAMS MEDICAL PRACTICE,25478443,46923.97
Department of Health,NHS Newcastle Gateshead CCG,1/31/2019,C&M-GMS/PMS,PRC DELEGATED CO-COMMISSIONING,THORNFIELD MEDICAL GROUP,25482167,-27084.59
Department of Health,NHS Newcastle Gateshead CCG,1/31/2019,C&M-GMS/PMS,PRC DELEGATED CO-COMMISSIONING,THORNFIELD MEDICAL GROUP,25482168,254740.35
Department of Health,NHS Newcastle Gateshead CCG,1/31/2019,C&M-GMS/PMS,PRC DELEGATED CO-COMMISSIONING,WREKENTON MEDICAL GROUP,25478445,135025.43
Department of Health,NHS Newcastle Gateshead CCG,1/31/2019,Hcare Srv Rec Fdtn Trust-Contract Cost per Case,ACUTE COMMISSIONING,GATESHEAD HEALTH NHS FOUNDATION TRUST,25495615,75000.00
Department of Health,NHS Newcastle Gateshead CCG,1/31/2019,Hcare Srv Rec Fdtn Trust-Contract Baseline,ACUTE COMMISSIONING,CITY HOSPITALS SUNDERLAND FOUNDATION NHS TRUST,25794983,324818.00
Department of Health,NHS Newcastle Gateshead CCG,1/31/2019,Hcare Srv Rec Fdtn Trust-Contract Baseline,ACUTE COMMISSIONING,COUNTY DURHAM AND DARLINGTON NHS FOUNDATION TRUST,25700051,186011.00
Department of Health,NHS Newcastle Gateshead CCG,1/31/2019,Hcare Srv Rec Fdtn Trust-Contract Baseline,ACUTE COMMISSIONING,COUNTY DURHAM AND DARLINGTON NHS FOUNDATION TRUST,25759796,186011.00
Department of Health,NHS Newcastle Gateshead CCG,1/31/2019,Hcare Srv Rec Fdtn Trust-Contract Baseline,ACUTE COMMISSIONING,GATESHEAD HEALTH NHS FOUNDATION TRUST,25667453,8833333.00
Department of Health,NHS Newcastle Gateshead CCG,1/31/2019,Hcare Srv Rec Fdtn Trust-Contract Baseline,ACUTE COMMISSIONING,NEWCASTLE UPON TYNE HOSPITALS NHS FOUNDATION TRUST,25501050,17863488.33
Department of Health,NHS Newcastle Gateshead CCG,1/31/2019,Hcare Srv Rec Fdtn Trust-Contract Baseline,ACUTE COMMISSIONING,NEWCASTLE UPON TYNE HOSPITALS NHS FOUNDATION TRUST,25602420,1287454.00
Department of Health,NHS Newcastle Gateshead CCG,1/31/2019,Hcare Srv Rec Fdtn Trust-Contract Baseline,ACUTE COMMISSIONING,NORTHUMBRIA HEALTHCARE NHS FOUNDATION TRUST,25495617,383700.08
Department of Health,NHS Newcastle Gateshead CCG,1/31/2019,Hcare Srv Rec Fdtn Trust-Contract Baseline,ACUTE COMMISSIONING,SOUTH TYNESIDE NHS FOUNDATION TRUST,25794989,28838.00
Department of Health,NHS Newcastle Gateshead CCG,1/31/2019,Hcare Srv Rec Fdtn Trust-Contract Baseline,AMBULANCE SERVICES,NORTH EAST AMBULANCE SERVICES NHS TRUST,25620536,1653737.80
Department of Health,NHS Newcastle Gateshead CCG,1/31/2019,Hcare Srv Rec Fdtn Trust-Contract Baseline,COMMUNITY SERVICES,GATESHEAD HEALTH NHS FOUNDATION TRUST,25667452,1608350.00
Department of Health,NHS Newcastle Gateshead CCG,1/31/2019,Hcare Srv Rec Fdtn Trust-Contract Baseline,COMMUNITY SERVICES,NEWCASTLE UPON TYNE HOSPITALS NHS FOUNDATION TRUST,25495622,2517003.92
Department of Health,NHS Newcastle Gateshead CCG,1/31/2019,Hcare Srv Rec Fdtn Trust-Contract Baseline,COMMUNITY SERVICES,SOUTH TYNESIDE NHS FOUNDATION TRUST,25794986,507212.00
Department of Health,NHS Newcastle Gateshead CCG,1/31/2019,Hcare Srv Rec Fdtn Trust-Contract Baseline,MENTAL HEALTH CONTRACTS,NORTHUMBERLAND TYNE AND WEAR NHS FOUNDATION TRUST,25495737,5372857.00
Department of Health,NHS Newcastle Gateshead CCG,1/31/2019,Hcare Srv Rec Fdtn Trust-Contract Baseline,NHS 111,NORTH EAST AMBULANCE SERVICES NHS TRUST,25620542,174190.40
Department of Health,NHS Newcastle Gateshead CCG,1/31/2019,Hcare Srv Rec Fdtn Trust-Contract Baseline,MENTAL HEALTH SERVICES - ADULTS,NORTHUMBERLAND TYNE AND WEAR NHS FOUNDATION TRUST,25531462,39066.00
Department of Health,NHS Newcastle Gateshead CCG,1/31/2019,Apprenticeship Levy Payable,BALANCE SHEET,HMRC,25576651,1029.00
Department of Health,NHS Newcastle Gateshead CCG,1/31/2019,Income tax <1Yr,BALANCE SHEET,HMRC,25576651,129525.30
Department of Health,NHS Newcastle Gateshead CCG,1/31/2019,Income tax <1Yr-Student Loans,BALANCE SHEET,HMRC,25576651,736.00
Department of Health,NHS Newcastle Gateshead CCG,1/31/2019,National Insurance < 1 yr-NI- ERS,BALANCE SHEET,HMRC,25576651,48699.88
Department of Health,NHS Newcastle Gateshead CCG,1/31/2019,National Insurance < 1 yr-NI-EES,BALANCE SHEET,HMRC,25576651,32397.22
Department of Health,NHS Newcastle Gateshead CCG,1/31/2019,Charges from CSU,PRIMARY CARE IT,NHS NORTH OF ENGLAND CSU,25580973,108166.60
Department of Health,NHS Newcastle Gateshead CCG,1/31/2019,Charges from CSU,ADMIN PROJECTS,NHS NORTH OF ENGLAND CSU,25580973,6573.91
Department of Health,NHS Newcastle Gateshead CCG,1/31/2019,Charges from CSU,CORPORATE COSTS & SERVICES,NHS NORTH OF ENGLAND CSU,25580973,276166.49
Department of Health,NHS Newcastle Gateshead CCG,1/31/2019,Soc Care-Other Soc Care,COMMUNITY SERVICES,NEWCASTLE CITY COUNCIL,25608433,820800.00
Department of Health,NHS Newcastle Gateshead CCG,1/31/2019,Recharge : Received,Mental Health Services - S117 Mental Health,NHS SUNDERLAND CCG,25682248,239443.00
Department of Health,NHS Newcastle Gateshead CCG,1/31/2019,Clinical&Medical-Othe Public Sector,COMMUNITY SERVICES,GATESHEAD COUNCIL,25691695,509804.00
Department of Health,NHS Newcastle Gateshead CCG,1/31/2019,Clinical&Medical-Othe Public Sector,Mental Health Services - S117 Mental Health,GATESHEAD COUNCIL,25719263,170356.33
Department of Health,NHS Newcastle Gateshead CCG,1/31/2019,Clinical&Medical-Othe Public Sector,Mental Health Services - S117 Mental Health,NEWCASTLE CITY COUNCIL,25699457,528000.00
Department of Health,NHS Newcastle Gateshead CCG,1/31/2019,Cont Care- Adult 100% Fully Funded,CHC ADULT FULLY FUNDED,GATESHEAD COUNCIL,25719263,664176.53
Department of Health,NHS Newcastle Gateshead CCG,1/31/2019,Cont Care- Adult 100% Fully Funded,CHC ADULT FULLY FUNDED,NEWCASTLE CITY COUNCIL,25699457,1144000.00
Department of Health,NHS Newcastle Gateshead CCG,1/31/2019,Cont Care- Adult Joint Funded,CHC ADULT JOINT FUNDED,NEWCASTLE CITY COUNCIL,25699457,286000.00
Department of Health,NHS Newcastle Gateshead CCG,1/31/2019,Cont Care-Funded Nursing Care Allow,FUNDED NURSING CARE,GATESHEAD COUNCIL,25719263,131870.19
Department of Health,NHS Newcastle Gateshead CCG,1/31/2019,Cont Care-Funded Nursing Care Allow,FUNDED NURSING CARE,NEWCASTLE CITY COUNCIL,25699457,242000.00
Department of Health,NHS Newcastle Gateshead CCG,1/31/2019,Cont Care-Physical Disab (65+),CHC AD FULL FUND PERS HLTH BUD,INSPIRED CARE LTD,25715862,26400.00
Department of Health,NHS Newcastle Gateshead CCG,1/31/2019,Cont Care-Learning Disab(<65),CHC ADULT FULLY FUNDED,PARAMOUNT CARE,25715879,28460.00
Department of Health,NHS Newcastle Gateshead CCG,1/31/2019,Cont Care-Physical Disab (<65),CHC ADULT FULLY FUNDED,BLUEBIRD CARE NEWCASTLE,25715894,32272.75
Department of Health,NHS Newcastle Gateshead CCG,1/31/2019,Cont Care-Physical Disab (<65),CHC ADULT FULLY FUNDED,CARELINE LIFESTYLES (UK) LTD,25720098,33831.51
Department of Health,NHS Newcastle Gateshead CCG,1/31/2019,Cont Care-Physical Disab (<65),CHC AD FULL FUND PERS HLTH BUD,INSPIRED CARE LTD,25715944,26040.00
Department of Health,NHS Newcastle Gateshead CCG,1/31/2019,Cont Care- Children,CHC CHILDREN,GATESHEAD COUNCIL,25719263,33596.95
Department of Health,NHS Newcastle Gateshead CCG,1/31/2019,Audit Fees Internal - Fdtn Trust,CORPORATE COSTS & SERVICES,NORTHUMBERLAND TYNE AND WEAR NHS FOUNDATION TRUST,25758750,27154.00
