Newcastle Gateshead CCG Transparency Report October 2018,,,,,,,
Department family,Entity,Date,Expense Type,Expense area,Supplier,Transaction number,AP Amount �
Department of Health,NHS Newcastle Gateshead CCG,10/31/2018,Clinical&Medical-Commercial Sector,ACUTE COMMISSIONING,CONNECT HEALTH LTD,24445120,73003.18
Department of Health,NHS Newcastle Gateshead CCG,10/31/2018,Clinical&Medical-Commercial Sector,ACUTE COMMISSIONING,NUFFIELD HEALTH,24406942,57039.00
Department of Health,NHS Newcastle Gateshead CCG,10/31/2018,Clinical&Medical-Commercial Sector,ACUTE COMMISSIONING,RAMSAY HEALTH CARE UK,24117757,65180.00
Department of Health,NHS Newcastle Gateshead CCG,10/31/2018,Clinical&Medical-Commercial Sector,ACUTE COMMISSIONING,RAMSAY HEALTH CARE UK,24485207,65180.00
Department of Health,NHS Newcastle Gateshead CCG,10/31/2018,Clinical&Medical-Commercial Sector,ACUTE COMMISSIONING,SPIRE HEALTHCARE LTD,24124533,94549.00
Department of Health,NHS Newcastle Gateshead CCG,10/31/2018,Clinical&Medical-Commercial Sector,ACUTE COMMISSIONING,TYNESIDE SURGICAL SERVICES LTD,24254772,115143.20
Department of Health,NHS Newcastle Gateshead CCG,10/31/2018,Clinical&Medical-Commercial Sector,ACUTE COMMISSIONING,TYNESIDE SURGICAL SERVICES LTD,24445117,35835.82
Department of Health,NHS Newcastle Gateshead CCG,10/31/2018,Clinical&Medical-Commercial Sector,MENTAL HEALTH SERVICES - ADULTS,DANSHELL HEALTHCARE LTD,22662746,51840.00
Department of Health,NHS Newcastle Gateshead CCG,10/31/2018,Clinical&Medical-Commercial Sector,MENTAL HEALTH SERVICES - ADULTS,DANSHELL HEALTHCARE LTD,24255340,63504.00
Department of Health,NHS Newcastle Gateshead CCG,10/31/2018,Clinical&Medical-Voluntary Sector,COMMUNITY SERVICES,ACTION FOR CHILDREN,24328194,62579.10
Department of Health,NHS Newcastle Gateshead CCG,10/31/2018,Clinical&Medical-Voluntary Sector,COMMUNITY SERVICES,STROKE ASSOCIATION,24254771,27078.25
Department of Health,NHS Newcastle Gateshead CCG,10/31/2018,Clinical&Medical-Voluntary Sector,COMMUNITY SERVICES,STROKE ASSOCIATION,24269959,27078.25
Department of Health,NHS Newcastle Gateshead CCG,10/31/2018,Clinical&Medical-Voluntary Sector,COMMUNITY SERVICES,STROKE ASSOCIATION,24269960,27078.25
Department of Health,NHS Newcastle Gateshead CCG,10/31/2018,Clinical&Medical-Voluntary Sector,HOSPICES,MARIE CURIE,24485406,222880.32
Department of Health,NHS Newcastle Gateshead CCG,10/31/2018,Clinical&Medical-Voluntary Sector,HOSPICES,ST OSWALDS HOSPICE,24360942,208538.13
Department of Health,NHS Newcastle Gateshead CCG,10/31/2018,Clinical&Medical-Voluntary Sector,HOSPICES,ST OSWALDS HOSPICE,24360944,50270.60
Department of Health,NHS Newcastle Gateshead CCG,10/31/2018,Clinical&Medical-Voluntary Sector,IMPROVING ACCESS TO PSYCHOLOGICAL THERAPIES,NEWCASTLE TALKING THERAPIES,24087498,288458.92
Department of Health,NHS Newcastle Gateshead CCG,10/31/2018,Clinical&Medical-Voluntary Sector,MENTAL HEALTH SERVICES - ADULTS,CROSSROADS CARE,23413865,204047.00
Department of Health,NHS Newcastle Gateshead CCG,10/31/2018,Clinical&Medical-Voluntary Sector,MENTAL HEALTH SERVICES - ADVOCACY,NEWCASTLE CVS,24204986,61301.99
Department of Health,NHS Newcastle Gateshead CCG,10/31/2018,Clinical&Medical-Voluntary Sector,MENTAL HEALTH SERVICES - ADVOCACY,NEWCASTLE CVS,24204990,-61301.99
Department of Health,NHS Newcastle Gateshead CCG,10/31/2018,Clinical&Medical-Voluntary Sector,MENTAL HEALTH SERVICES - ADVOCACY,NEWCASTLE CVS,24204993,61301.99
Department of Health,NHS Newcastle Gateshead CCG,10/31/2018,Clinical&Medical-Voluntary Sector,MENTAL HEALTH SERVICES - ADVOCACY,NEWCASTLE CVS,24204994,59806.81
Department of Health,NHS Newcastle Gateshead CCG,10/31/2018,Clinical&Medical-Voluntary Sector,PALLIATIVE CARE,ST OSWALDS HOSPICE,24360938,50021.35
Department of Health,NHS Newcastle Gateshead CCG,10/31/2018,Clinical&Medical-Independent Sector,COMMISSIONING SCHEMES,DILSTON MEDICAL CENTRE,23669412,32351.31
Department of Health,NHS Newcastle Gateshead CCG,10/31/2018,Clinical&Medical-Independent Sector,COMMUNITY SERVICES,AKARI CARE LTD (A),24327229,59142.86
Department of Health,NHS Newcastle Gateshead CCG,10/31/2018,Clinical&Medical-Independent Sector,COMMUNITY SERVICES,NEWCASTLE GENERAL PRACTICE SERVICES LTD,24092025,136989.00
Department of Health,NHS Newcastle Gateshead CCG,10/31/2018,Clinical&Medical-Independent Sector,COMMUNITY SERVICES,NEWCASTLE GENERAL PRACTICE SERVICES LTD,24398892,42614.31
Department of Health,NHS Newcastle Gateshead CCG,10/31/2018,Clinical&Medical-Independent Sector,COMMUNITY SERVICES,SIGHT SERVICES,24422731,29807.75
Department of Health,NHS Newcastle Gateshead CCG,10/31/2018,Clinical&Medical-Independent Sector,LOCAL ENHANCED SERVICES,OXFORD TERRACE & RAWLING ROAD MEDICAL GROUP,24352327,44116.93
Department of Health,NHS Newcastle Gateshead CCG,10/31/2018,Clinical&Medical-Independent Sector,MEDICINES MANAGEMENT - CLINICAL,COMMUNITY BASED CARE HEALTH LTD,24269961,64166.67
Department of Health,NHS Newcastle Gateshead CCG,10/31/2018,Clinical&Medical-Independent Sector,OUT OF HOURS,COMMUNITY BASED CARE HEALTH LTD,24286178,326913.95
Department of Health,NHS Newcastle Gateshead CCG,10/31/2018,Clinical&Medical-Independent Sector,OUT OF HOURS,NORTHERN DOCTORS URGENT CARE,24092907,182302.58
Department of Health,NHS Newcastle Gateshead CCG,10/31/2018,Clinical&Medical-Independent Sector,OUT OF HOURS,NORTHERN DOCTORS URGENT CARE,24427379,182302.58
Department of Health,NHS Newcastle Gateshead CCG,10/31/2018,Clinical&Medical-Independent Sector,INTERPRETING SERVICES,ITL NORTH EAST LTD,23998820,22934.94
Department of Health,NHS Newcastle Gateshead CCG,10/31/2018,Clinical&Medical-Independent Sector,INTERPRETING SERVICES,ITL NORTH EAST LTD,24445115,25931.04
Department of Health,NHS Newcastle Gateshead CCG,10/31/2018,Clinical&Medical-Independent Sector,GP FORWARD VIEW,NEWCASTLE GENERAL PRACTICE SERVICES LTD,24398881,35728.13
Department of Health,NHS Newcastle Gateshead CCG,10/31/2018,Hcare Srv Rec Fdtn Trust-Contract Baseline,ACUTE COMMISSIONING,CITY HOSPITALS SUNDERLAND FOUNDATION NHS TRUST,24309550,324818.00
Department of Health,NHS Newcastle Gateshead CCG,10/31/2018,Hcare Srv Rec Fdtn Trust-Contract Baseline,ACUTE COMMISSIONING,COUNTY DURHAM AND DARLINGTON NHS FOUNDATION TRUST,24525729,186011.00
Department of Health,NHS Newcastle Gateshead CCG,10/31/2018,Hcare Srv Rec Fdtn Trust-Contract Baseline,ACUTE COMMISSIONING,GATESHEAD HEALTH NHS FOUNDATION TRUST,24382725,10833333.00
Department of Health,NHS Newcastle Gateshead CCG,10/31/2018,Hcare Srv Rec Fdtn Trust-Contract Baseline,ACUTE COMMISSIONING,NEWCASTLE UPON TYNE HOSPITALS NHS FOUNDATION TRUST,24204998,18029716.67
Department of Health,NHS Newcastle Gateshead CCG,10/31/2018,Hcare Srv Rec Fdtn Trust-Contract Baseline,ACUTE COMMISSIONING,NEWCASTLE UPON TYNE HOSPITALS NHS FOUNDATION TRUST,24343047,-184986.00
Department of Health,NHS Newcastle Gateshead CCG,10/31/2018,Hcare Srv Rec Fdtn Trust-Contract Baseline,ACUTE COMMISSIONING,NEWCASTLE UPON TYNE HOSPITALS NHS FOUNDATION TRUST,24423817,3994952.00
Department of Health,NHS Newcastle Gateshead CCG,10/31/2018,Hcare Srv Rec Fdtn Trust-Contract Baseline,ACUTE COMMISSIONING,NORTHUMBRIA HEALTHCARE NHS FOUNDATION TRUST,24159061,381500.00
Department of Health,NHS Newcastle Gateshead CCG,10/31/2018,Hcare Srv Rec Fdtn Trust-Contract Baseline,ACUTE COMMISSIONING,SOUTH TYNESIDE NHS FOUNDATION TRUST,24140991,28838.00
Department of Health,NHS Newcastle Gateshead CCG,10/31/2018,Hcare Srv Rec Fdtn Trust-Contract Baseline,AMBULANCE SERVICES,NORTH EAST AMBULANCE SERVICES NHS TRUST,24270014,1755940.00
Department of Health,NHS Newcastle Gateshead CCG,10/31/2018,Hcare Srv Rec Fdtn Trust-Contract Baseline,COMMUNITY SERVICES,GATESHEAD HEALTH NHS FOUNDATION TRUST,24382724,1608350.00
Department of Health,NHS Newcastle Gateshead CCG,10/31/2018,Hcare Srv Rec Fdtn Trust-Contract Baseline,COMMUNITY SERVICES,NEWCASTLE UPON TYNE HOSPITALS NHS FOUNDATION TRUST,24204548,2512896.25
Department of Health,NHS Newcastle Gateshead CCG,10/31/2018,Hcare Srv Rec Fdtn Trust-Contract Baseline,COMMUNITY SERVICES,SOUTH TYNESIDE NHS FOUNDATION TRUST,24062952,-31592.00
Department of Health,NHS Newcastle Gateshead CCG,10/31/2018,Hcare Srv Rec Fdtn Trust-Contract Baseline,COMMUNITY SERVICES,SOUTH TYNESIDE NHS FOUNDATION TRUST,24062969,-42779.00
Department of Health,NHS Newcastle Gateshead CCG,10/31/2018,Hcare Srv Rec Fdtn Trust-Contract Baseline,COMMUNITY SERVICES,SOUTH TYNESIDE NHS FOUNDATION TRUST,24140985,507212.00
Department of Health,NHS Newcastle Gateshead CCG,10/31/2018,Hcare Srv Rec Fdtn Trust-Contract Baseline,MENTAL HEALTH CONTRACTS,NORTHUMBERLAND TYNE AND WEAR NHS FOUNDATION TRUST,24443823,5105447.00
Department of Health,NHS Newcastle Gateshead CCG,10/31/2018,Hcare Srv Rec Fdtn Trust-Contract Baseline,NHS 111,NORTH EAST AMBULANCE SERVICES NHS TRUST,24269962,126205.33
Department of Health,NHS Newcastle Gateshead CCG,10/31/2018,Hcare Srv Rec Fdtn Trust-Contract Baseline,MENTAL HEALTH SERVICES - ADULTS,NORTHUMBERLAND TYNE AND WEAR NHS FOUNDATION TRUST,24117756,39066.00
Department of Health,NHS Newcastle Gateshead CCG,10/31/2018,Hcare Srv Rec Fdtn Trust-Contract Baseline,MENTAL HEALTH SERVICES - ADULTS,NORTHUMBERLAND TYNE AND WEAR NHS FOUNDATION TRUST,24443825,39066.00
Department of Health,NHS Newcastle Gateshead CCG,10/31/2018,Cont Care- Prior Year Payments,CHC ADULT FULLY FUNDED,GATESHEAD COUNCIL,24358124,2656706.15
Department of Health,NHS Newcastle Gateshead CCG,10/31/2018,Cont Care- Prior Year Payments,CHC ADULT FULLY FUNDED,PERCY HEDLEY FOUNDATION,24125461,132467.61
Department of Health,NHS Newcastle Gateshead CCG,10/31/2018,Cont Care- Prior Year Payments,FUNDED NURSING CARE,GATESHEAD COUNCIL,24358124,527480.74
Department of Health,NHS Newcastle Gateshead CCG,10/31/2018,Cont Care- Prior Year Payments,CHC CHILDREN,GATESHEAD COUNCIL,24358124,134387.80
Department of Health,NHS Newcastle Gateshead CCG,10/31/2018,C&M-GMS/PMS,PRC DELEGATED CO-COMMISSIONING,BENFIELD PARK MEDICAL GROUP,24214281,79130.45
Department of Health,NHS Newcastle Gateshead CCG,10/31/2018,C&M-GMS/PMS,PRC DELEGATED CO-COMMISSIONING,BRIDGES MEDICAL PRACTICE,24238000,53254.94
Department of Health,NHS Newcastle Gateshead CCG,10/31/2018,C&M-GMS/PMS,PRC DELEGATED CO-COMMISSIONING,CHAINBRIDGE MEDICAL PARTNERSHIP,24217790,118746.28
Department of Health,NHS Newcastle Gateshead CCG,10/31/2018,C&M-GMS/PMS,PRC DELEGATED CO-COMMISSIONING,CROWHALL MEDICAL GROUP,24217803,70426.62
Department of Health,NHS Newcastle Gateshead CCG,10/31/2018,C&M-GMS/PMS,PRC DELEGATED CO-COMMISSIONING,DENTON PARK MEDICAL GROUP,24214285,68709.80
Department of Health,NHS Newcastle Gateshead CCG,10/31/2018,C&M-GMS/PMS,PRC DELEGATED CO-COMMISSIONING,DILSTON MEDICAL CENTRE,24217827,68547.62
Department of Health,NHS Newcastle Gateshead CCG,10/31/2018,C&M-GMS/PMS,PRC DELEGATED CO-COMMISSIONING,DR AJ SMITH & PARTNERS,24214291,132536.33
Department of Health,NHS Newcastle Gateshead CCG,10/31/2018,C&M-GMS/PMS,PRC DELEGATED CO-COMMISSIONING,DR BLACK & PARTNERS NEWCASTLE TYNE,24214287,121100.31
Department of Health,NHS Newcastle Gateshead CCG,10/31/2018,C&M-GMS/PMS,PRC DELEGATED CO-COMMISSIONING,DR BLOXHAM & PARTNERS,24213539,174603.06
Department of Health,NHS Newcastle Gateshead CCG,10/31/2018,C&M-GMS/PMS,PRC DELEGATED CO-COMMISSIONING,DR BRUMBY & PARTNERS,24213541,106660.77
Department of Health,NHS Newcastle Gateshead CCG,10/31/2018,C&M-GMS/PMS,PRC DELEGATED CO-COMMISSIONING,DR BRYSON & PARTNERS,24213543,80877.89
Department of Health,NHS Newcastle Gateshead CCG,10/31/2018,C&M-GMS/PMS,PRC DELEGATED CO-COMMISSIONING,DR BURDON & PARTNERS,24214289,53562.40
Department of Health,NHS Newcastle Gateshead CCG,10/31/2018,C&M-GMS/PMS,PRC DELEGATED CO-COMMISSIONING,DR CHAPMAN & PARTNERS,24213547,65575.38
Department of Health,NHS Newcastle Gateshead CCG,10/31/2018,C&M-GMS/PMS,PRC DELEGATED CO-COMMISSIONING,DR COGAN & PARTNERS,24214297,80925.93
Department of Health,NHS Newcastle Gateshead CCG,10/31/2018,C&M-GMS/PMS,PRC DELEGATED CO-COMMISSIONING,DR COPE & PARTNERS,24213549,59130.38
Department of Health,NHS Newcastle Gateshead CCG,10/31/2018,C&M-GMS/PMS,PRC DELEGATED CO-COMMISSIONING,DR DARLING & PARTNERS,24214293,39870.19
Department of Health,NHS Newcastle Gateshead CCG,10/31/2018,C&M-GMS/PMS,PRC DELEGATED CO-COMMISSIONING,DR ECCLES & PARTNERS,24213545,105214.95
Department of Health,NHS Newcastle Gateshead CCG,10/31/2018,C&M-GMS/PMS,PRC DELEGATED CO-COMMISSIONING,DR GRAINGER & PARTNERS,24214299,61774.46
Department of Health,NHS Newcastle Gateshead CCG,10/31/2018,C&M-GMS/PMS,PRC DELEGATED CO-COMMISSIONING,DR HOWARTH & PARTNERS,24214301,85271.05
Department of Health,NHS Newcastle Gateshead CCG,10/31/2018,C&M-GMS/PMS,PRC DELEGATED CO-COMMISSIONING,DR HUGHES & PARTNERS BIRTLEY,24213552,165916.95
Department of Health,NHS Newcastle Gateshead CCG,10/31/2018,C&M-GMS/PMS,PRC DELEGATED CO-COMMISSIONING,DR HUGHES & PARTNERS BIRTLEY,24238001,-36980.08
Department of Health,NHS Newcastle Gateshead CCG,10/31/2018,C&M-GMS/PMS,PRC DELEGATED CO-COMMISSIONING,DR HUNT,24238003,33474.36
Department of Health,NHS Newcastle Gateshead CCG,10/31/2018,C&M-GMS/PMS,PRC DELEGATED CO-COMMISSIONING,DR ILYAS & PARTNER,24213551,36552.19
Department of Health,NHS Newcastle Gateshead CCG,10/31/2018,C&M-GMS/PMS,PRC DELEGATED CO-COMMISSIONING,DR KELLIHER & PARTNERS,24214303,140241.48
Department of Health,NHS Newcastle Gateshead CCG,10/31/2018,C&M-GMS/PMS,PRC DELEGATED CO-COMMISSIONING,DR KENNAN & PARTNERS,24213554,103532.29
Department of Health,NHS Newcastle Gateshead CCG,10/31/2018,C&M-GMS/PMS,PRC DELEGATED CO-COMMISSIONING,DR LIDDLE & PARTNERS,24213558,67521.43
Department of Health,NHS Newcastle Gateshead CCG,10/31/2018,C&M-GMS/PMS,PRC DELEGATED CO-COMMISSIONING,DR M S HASSAN,24213556,27568.75
Department of Health,NHS Newcastle Gateshead CCG,10/31/2018,C&M-GMS/PMS,PRC DELEGATED CO-COMMISSIONING,DR NIELSEN & PARTNERS,24214307,124127.93
Department of Health,NHS Newcastle Gateshead CCG,10/31/2018,C&M-GMS/PMS,PRC DELEGATED CO-COMMISSIONING,DR P J S TAYLOR & PARTNERS,24214311,84222.50
Department of Health,NHS Newcastle Gateshead CCG,10/31/2018,C&M-GMS/PMS,PRC DELEGATED CO-COMMISSIONING,DR PALMER & PARTNERS,24214309,87617.21
Department of Health,NHS Newcastle Gateshead CCG,10/31/2018,C&M-GMS/PMS,PRC DELEGATED CO-COMMISSIONING,DR PEARSTON & PARTNERS,24214319,143244.92
Department of Health,NHS Newcastle Gateshead CCG,10/31/2018,C&M-GMS/PMS,PRC DELEGATED CO-COMMISSIONING,DR PRICE & PARTNERS,24214321,129413.33
Department of Health,NHS Newcastle Gateshead CCG,10/31/2018,C&M-GMS/PMS,PRC DELEGATED CO-COMMISSIONING,DR RG TURNER&PARTNERS,24214313,123569.77
Department of Health,NHS Newcastle Gateshead CCG,10/31/2018,C&M-GMS/PMS,PRC DELEGATED CO-COMMISSIONING,DR RICHARDSON & PARTNERS NEWCASTLE TYNE,24214305,74059.48
Department of Health,NHS Newcastle Gateshead CCG,10/31/2018,C&M-GMS/PMS,PRC DELEGATED CO-COMMISSIONING,DR ROBERTS & PARTNERS GATESHEAD,24213562,44271.39
Department of Health,NHS Newcastle Gateshead CCG,10/31/2018,C&M-GMS/PMS,PRC DELEGATED CO-COMMISSIONING,DR ROBSON & PARTNERS NEWCASTLE TYNE,24214315,72700.55
Department of Health,NHS Newcastle Gateshead CCG,10/31/2018,C&M-GMS/PMS,PRC DELEGATED CO-COMMISSIONING,DR ROSS & PARTNERS NEWCASTLE TYNE,24214317,72290.45
Department of Health,NHS Newcastle Gateshead CCG,10/31/2018,C&M-GMS/PMS,PRC DELEGATED CO-COMMISSIONING,DR S M IMAM,24213570,36576.05
Department of Health,NHS Newcastle Gateshead CCG,10/31/2018,C&M-GMS/PMS,PRC DELEGATED CO-COMMISSIONING,DR S P SUMMERS & PARTNERS,24214325,125306.95
Department of Health,NHS Newcastle Gateshead CCG,10/31/2018,C&M-GMS/PMS,PRC DELEGATED CO-COMMISSIONING,DR SALKELD & PARTNERS,24214326,-27746.63
Department of Health,NHS Newcastle Gateshead CCG,10/31/2018,C&M-GMS/PMS,PRC DELEGATED CO-COMMISSIONING,DR SALKELD & PARTNERS,24214327,292523.08
Department of Health,NHS Newcastle Gateshead CCG,10/31/2018,C&M-GMS/PMS,PRC DELEGATED CO-COMMISSIONING,DR SCHUMM & PARTNERS,24213564,68144.39
Department of Health,NHS Newcastle Gateshead CCG,10/31/2018,C&M-GMS/PMS,PRC DELEGATED CO-COMMISSIONING,DR SCOTT & PARTNERS NEWCASTLE TYNE,24214323,53691.66
Department of Health,NHS Newcastle Gateshead CCG,10/31/2018,C&M-GMS/PMS,PRC DELEGATED CO-COMMISSIONING,DR SINGH WINLATON,24213568,51536.39
Department of Health,NHS Newcastle Gateshead CCG,10/31/2018,C&M-GMS/PMS,PRC DELEGATED CO-COMMISSIONING,DR SUCHDEV & PARTNERS,24213566,49334.51
Department of Health,NHS Newcastle Gateshead CCG,10/31/2018,C&M-GMS/PMS,PRC DELEGATED CO-COMMISSIONING,DR VINOD KUMAR & PARTNER,24213572,44796.56
Department of Health,NHS Newcastle Gateshead CCG,10/31/2018,C&M-GMS/PMS,PRC DELEGATED CO-COMMISSIONING,DR WADGE & PARTNERS,24214329,55347.19
Department of Health,NHS Newcastle Gateshead CCG,10/31/2018,C&M-GMS/PMS,PRC DELEGATED CO-COMMISSIONING,GLENPARK MEDICAL CENTRE,24238004,92414.25
Department of Health,NHS Newcastle Gateshead CCG,10/31/2018,C&M-GMS/PMS,PRC DELEGATED CO-COMMISSIONING,GRAINGER MEDICAL GROUP,24214331,111318.53
Department of Health,NHS Newcastle Gateshead CCG,10/31/2018,C&M-GMS/PMS,PRC DELEGATED CO-COMMISSIONING,GRANGE ROAD MEDICAL PRACTICE,24213574,34377.73
Department of Health,NHS Newcastle Gateshead CCG,10/31/2018,C&M-GMS/PMS,PRC DELEGATED CO-COMMISSIONING,HEATON ROAD SURGERY,24214333,63394.96
Department of Health,NHS Newcastle Gateshead CCG,10/31/2018,C&M-GMS/PMS,PRC DELEGATED CO-COMMISSIONING,HOLLY MEDICAL GROUP,24214340,71706.56
Department of Health,NHS Newcastle Gateshead CCG,10/31/2018,C&M-GMS/PMS,PRC DELEGATED CO-COMMISSIONING,NEWCASTLE MEDICAL CENTRE,24238005,95025.51
Department of Health,NHS Newcastle Gateshead CCG,10/31/2018,C&M-GMS/PMS,PRC DELEGATED CO-COMMISSIONING,OLDWELL MEDICAL PARTNERSHIP,24217795,53438.56
Department of Health,NHS Newcastle Gateshead CCG,10/31/2018,C&M-GMS/PMS,PRC DELEGATED CO-COMMISSIONING,OXFORD TERRACE & RAWLING ROAD MEDICAL GROUP,24213577,165875.77
Department of Health,NHS Newcastle Gateshead CCG,10/31/2018,C&M-GMS/PMS,PRC DELEGATED CO-COMMISSIONING,REGENT MEDICAL CENTRE,24214336,34427.88
Department of Health,NHS Newcastle Gateshead CCG,10/31/2018,C&M-GMS/PMS,PRC DELEGATED CO-COMMISSIONING,SECOND STREET SURGERY,24217800,29798.95
Department of Health,NHS Newcastle Gateshead CCG,10/31/2018,C&M-GMS/PMS,PRC DELEGATED CO-COMMISSIONING,TEAMS MEDICAL PRACTICE,24213579,49466.18
Department of Health,NHS Newcastle Gateshead CCG,10/31/2018,C&M-GMS/PMS,PRC DELEGATED CO-COMMISSIONING,THORNFIELD MEDICAL GROUP,24214338,185402.97
Department of Health,NHS Newcastle Gateshead CCG,10/31/2018,C&M-GMS/PMS,PRC DELEGATED CO-COMMISSIONING,WREKENTON MEDICAL GROUP,24213581,108071.01
Department of Health,NHS Newcastle Gateshead CCG,10/31/2018,Charges from CSU,PRIMARY CARE IT,NHS NORTH OF ENGLAND CSU,24269958,108166.60
Department of Health,NHS Newcastle Gateshead CCG,10/31/2018,Charges from CSU,ADMIN PROJECTS,NHS NORTH OF ENGLAND CSU,24269958,6573.91
Department of Health,NHS Newcastle Gateshead CCG,10/31/2018,Charges from CSU,CORPORATE COSTS & SERVICES,NHS NORTH OF ENGLAND CSU,24269958,276166.49
Department of Health,NHS Newcastle Gateshead CCG,10/31/2018,Prescribing,PRESCRIBING,FIRST DATABANK EUROPE LTD,24282054,195582.72
Department of Health,NHS Newcastle Gateshead CCG,10/31/2018,Clinical&Medical-Othe Public Sector,Mental Health Services - S117 Mental Health,GATESHEAD COUNCIL,24358124,681425.31
Department of Health,NHS Newcastle Gateshead CCG,10/31/2018,Clinical&Medical-Othe Public Sector,Mental Health Services - S117 Mental Health,GATESHEAD COUNCIL,24467413,170000.00
Department of Health,NHS Newcastle Gateshead CCG,10/31/2018,Clinical&Medical-Othe Public Sector,Mental Health Services - S117 Mental Health,NEWCASTLE CITY COUNCIL,24286180,528000.00
Department of Health,NHS Newcastle Gateshead CCG,10/31/2018,Cont Care- Adult 100% Fully Funded,CHC ADULT FULLY FUNDED,GATESHEAD COUNCIL,24467413,664000.00
Department of Health,NHS Newcastle Gateshead CCG,10/31/2018,Cont Care- Adult 100% Fully Funded,CHC ADULT FULLY FUNDED,NEWCASTLE CITY COUNCIL,24286180,1144000.00
Department of Health,NHS Newcastle Gateshead CCG,10/31/2018,Cont Care- Adult Joint Funded,CHC ADULT JOINT FUNDED,NEWCASTLE CITY COUNCIL,24286180,286000.00
Department of Health,NHS Newcastle Gateshead CCG,10/31/2018,Cont Care-Funded Nursing Care Allow,FUNDED NURSING CARE,GATESHEAD COUNCIL,24467413,132000.00
Department of Health,NHS Newcastle Gateshead CCG,10/31/2018,Cont Care-Funded Nursing Care Allow,FUNDED NURSING CARE,NEWCASTLE CITY COUNCIL,24286180,242000.00
Department of Health,NHS Newcastle Gateshead CCG,10/31/2018,Apprenticeship Levy Payable,BALANCE SHEET,HMRC,24297978,877.00
Department of Health,NHS Newcastle Gateshead CCG,10/31/2018,Income tax <1Yr,BALANCE SHEET,HMRC,24297978,74688.20
Department of Health,NHS Newcastle Gateshead CCG,10/31/2018,Income tax <1Yr-Student Loans,BALANCE SHEET,HMRC,24297978,555.00
Department of Health,NHS Newcastle Gateshead CCG,10/31/2018,National Insurance < 1 yr-NI- ERS,BALANCE SHEET,HMRC,24297978,44858.57
Department of Health,NHS Newcastle Gateshead CCG,10/31/2018,National Insurance < 1 yr-NI-EES,BALANCE SHEET,HMRC,24297978,31451.87
Department of Health,NHS Newcastle Gateshead CCG,10/31/2018,Cont Care-Physical Disab (<65),CHC AD FULL FUND PERS HLTH BUD,DISABILITY NORTH,24327653,28868.02
Department of Health,NHS Newcastle Gateshead CCG,10/31/2018,Cont Care-Physical Disab (<65),CHC AD FULL FUND PERS HLTH BUD,IRWIN MITCHELL LLP,24470508,109755.36
Department of Health,NHS Newcastle Gateshead CCG,10/31/2018,Hcare Srv Rec Fdtn Trust-Non Contract,ACUTE COMMISSIONING,NEWCASTLE UPON TYNE HOSPITALS NHS FOUNDATION TRUST,24358123,-60846.42
Department of Health,NHS Newcastle Gateshead CCG,10/31/2018,Hcare Srv Rec Fdtn Trust-Non Contract,NCAS/OATS,NHS EAST LEICESTERSHIRE AND RUTLAND CCG,24398801,42275.00
Department of Health,NHS Newcastle Gateshead CCG,10/31/2018,Hcare Srv Rec Fdtn Trust-Non Contract,QUALITY PREMIUM PROGRAMME,NEWCASTLE UPON TYNE HOSPITALS NHS FOUNDATION TRUST,24398825,-40494.12
Department of Health,NHS Newcastle Gateshead CCG,10/31/2018,Soc Care-Other Soc Care,COMMUNITY SERVICES,GATESHEAD COUNCIL,24398916,509804.00
Department of Health,NHS Newcastle Gateshead CCG,10/31/2018,Soc Care-Other Soc Care,COMMUNITY SERVICES,NEWCASTLE CITY COUNCIL,24395243,820800.00
Department of Health,NHS Newcastle Gateshead CCG,10/31/2018,Cont Care- Children,CHC CHILDREN,GATESHEAD COUNCIL,24467413,34000.00
