Newcastle Gateshead CCG Transparency Report November 2018,,,,,,,
Department family,Entity,Date,Expense Type,Expense area,Supplier,Transaction number,AP Amount �
Department of Health,NHS Newcastle Gateshead CCG,11/30/2018,Clinical&Medical-Commercial Sector,ACUTE COMMISSIONING,CONNECT HEALTH LTD,24445118,-26061.23
Department of Health,NHS Newcastle Gateshead CCG,11/30/2018,Clinical&Medical-Commercial Sector,ACUTE COMMISSIONING,NUFFIELD HEALTH,24854796,57039.00
Department of Health,NHS Newcastle Gateshead CCG,11/30/2018,Clinical&Medical-Commercial Sector,ACUTE COMMISSIONING,RAMSAY HEALTH CARE UK,24969937,65180.00
Department of Health,NHS Newcastle Gateshead CCG,11/30/2018,Clinical&Medical-Commercial Sector,ACUTE COMMISSIONING,SPIRE HEALTHCARE LTD,24559126,94549.00
Department of Health,NHS Newcastle Gateshead CCG,11/30/2018,Clinical&Medical-Commercial Sector,ACUTE COMMISSIONING,TYNESIDE SURGICAL SERVICES LTD,24639090,115143.20
Department of Health,NHS Newcastle Gateshead CCG,11/30/2018,Clinical&Medical-Commercial Sector,ACUTE COMMISSIONING,TYNESIDE SURGICAL SERVICES LTD,24924295,53525.31
Department of Health,NHS Newcastle Gateshead CCG,11/30/2018,Clinical&Medical-Commercial Sector,COMMUNITY SERVICES,CONNECT HEALTH LTD,24445119,-25540.69
Department of Health,NHS Newcastle Gateshead CCG,11/30/2018,Clinical&Medical-Commercial Sector,MENTAL HEALTH SERVICES - ADULTS,DANSHELL HEALTHCARE LTD,24962196,25327.00
Department of Health,NHS Newcastle Gateshead CCG,11/30/2018,Hcare Srv Rec Fdtn Trust-Non Contract,ACUTE COMMISSIONING,NEWCASTLE UPON TYNE HOSPITALS NHS FOUNDATION TRUST,24833005,2300000.00
Department of Health,NHS Newcastle Gateshead CCG,11/30/2018,Hcare Srv Rec Fdtn Trust-Non Contract,COMMUNITY SERVICES,NEWCASTLE UPON TYNE HOSPITALS NHS FOUNDATION TRUST,24557600,135296.92
Department of Health,NHS Newcastle Gateshead CCG,11/30/2018,Hcare Srv Rec Fdtn Trust-Contract Baseline,ACUTE COMMISSIONING,CITY HOSPITALS SUNDERLAND FOUNDATION NHS TRUST,24750783,324818.00
Department of Health,NHS Newcastle Gateshead CCG,11/30/2018,Hcare Srv Rec Fdtn Trust-Contract Baseline,ACUTE COMMISSIONING,CITY HOSPITALS SUNDERLAND FOUNDATION NHS TRUST,24816430,324818.00
Department of Health,NHS Newcastle Gateshead CCG,11/30/2018,Hcare Srv Rec Fdtn Trust-Contract Baseline,ACUTE COMMISSIONING,COUNTY DURHAM AND DARLINGTON NHS FOUNDATION TRUST,24874331,186011.00
Department of Health,NHS Newcastle Gateshead CCG,11/30/2018,Hcare Srv Rec Fdtn Trust-Contract Baseline,ACUTE COMMISSIONING,GATESHEAD HEALTH NHS FOUNDATION TRUST,24789170,10833333.00
Department of Health,NHS Newcastle Gateshead CCG,11/30/2018,Hcare Srv Rec Fdtn Trust-Contract Baseline,ACUTE COMMISSIONING,NEWCASTLE UPON TYNE HOSPITALS NHS FOUNDATION TRUST,24716004,18029716.66
Department of Health,NHS Newcastle Gateshead CCG,11/30/2018,Hcare Srv Rec Fdtn Trust-Contract Baseline,ACUTE COMMISSIONING,NORTHUMBRIA HEALTHCARE NHS FOUNDATION TRUST,24688067,383700.58
Department of Health,NHS Newcastle Gateshead CCG,11/30/2018,Hcare Srv Rec Fdtn Trust-Contract Baseline,ACUTE COMMISSIONING,SOUTH TYNESIDE NHS FOUNDATION TRUST,24576079,28838.00
Department of Health,NHS Newcastle Gateshead CCG,11/30/2018,Hcare Srv Rec Fdtn Trust-Contract Baseline,AMBULANCE SERVICES,NORTH EAST AMBULANCE SERVICES NHS TRUST,24621117,1653737.80
Department of Health,NHS Newcastle Gateshead CCG,11/30/2018,Hcare Srv Rec Fdtn Trust-Contract Baseline,COMMUNITY SERVICES,GATESHEAD HEALTH NHS FOUNDATION TRUST,24789171,1608350.00
Department of Health,NHS Newcastle Gateshead CCG,11/30/2018,Hcare Srv Rec Fdtn Trust-Contract Baseline,COMMUNITY SERVICES,NEWCASTLE UPON TYNE HOSPITALS NHS FOUNDATION TRUST,24714360,2490349.75
Department of Health,NHS Newcastle Gateshead CCG,11/30/2018,Hcare Srv Rec Fdtn Trust-Contract Baseline,COMMUNITY SERVICES,SOUTH TYNESIDE NHS FOUNDATION TRUST,24576080,507212.00
Department of Health,NHS Newcastle Gateshead CCG,11/30/2018,Hcare Srv Rec Fdtn Trust-Contract Baseline,MENTAL HEALTH CONTRACTS,NORTHUMBERLAND TYNE AND WEAR NHS FOUNDATION TRUST,24957931,5105447.00
Department of Health,NHS Newcastle Gateshead CCG,11/30/2018,Hcare Srv Rec Fdtn Trust-Contract Baseline,NHS 111,NORTH EAST AMBULANCE SERVICES NHS TRUST,24621115,174190.40
Department of Health,NHS Newcastle Gateshead CCG,11/30/2018,Hcare Srv Rec Fdtn Trust-Contract Baseline,MENTAL HEALTH SERVICES - ADULTS,NORTHUMBERLAND TYNE AND WEAR NHS FOUNDATION TRUST,24957933,39066.00
Department of Health,NHS Newcastle Gateshead CCG,11/30/2018,Clinical&Medical-Voluntary Sector,COMMUNITY SERVICES,AGE UK GATESHEAD,24597789,28890.00
Department of Health,NHS Newcastle Gateshead CCG,11/30/2018,Clinical&Medical-Voluntary Sector,PALLIATIVE CARE,ST OSWALDS HOSPICE,24815915,55644.28
Department of Health,NHS Newcastle Gateshead CCG,11/30/2018,Clinical&Medical-Independent Sector,COMMUNITY SERVICES,AKARI CARE LTD (A),24657576,61114.29
Department of Health,NHS Newcastle Gateshead CCG,11/30/2018,Clinical&Medical-Independent Sector,COMMUNITY SERVICES,NEWCASTLE GENERAL PRACTICE SERVICES LTD,24830974,44177.06
Department of Health,NHS Newcastle Gateshead CCG,11/30/2018,Clinical&Medical-Independent Sector,COMMUNITY SERVICES,WAYS TO WELLNESS LTD,24958538,253173.56
Department of Health,NHS Newcastle Gateshead CCG,11/30/2018,Clinical&Medical-Independent Sector,COMMUNITY SERVICES,WAYS TO WELLNESS LTD,24958544,119956.50
Department of Health,NHS Newcastle Gateshead CCG,11/30/2018,Clinical&Medical-Independent Sector,COMMUNITY SERVICES,WAYS TO WELLNESS LTD,24958547,268059.17
Department of Health,NHS Newcastle Gateshead CCG,11/30/2018,Clinical&Medical-Independent Sector,COMMUNITY SERVICES,WAYS TO WELLNESS LTD,24958554,59039.89
Department of Health,NHS Newcastle Gateshead CCG,11/30/2018,Clinical&Medical-Independent Sector,COMMUNITY SERVICES,WAYS TO WELLNESS LTD,24958561,54851.81
Department of Health,NHS Newcastle Gateshead CCG,11/30/2018,Clinical&Medical-Independent Sector,MEDICINES MANAGEMENT - CLINICAL,COMMUNITY BASED CARE HEALTH LTD,24656572,64166.67
Department of Health,NHS Newcastle Gateshead CCG,11/30/2018,Clinical&Medical-Independent Sector,OUT OF HOURS,COMMUNITY BASED CARE HEALTH LTD,24621122,326913.95
Department of Health,NHS Newcastle Gateshead CCG,11/30/2018,Clinical&Medical-Independent Sector,OUT OF HOURS,NORTHERN DOCTORS URGENT CARE,24874490,182302.58
Department of Health,NHS Newcastle Gateshead CCG,11/30/2018,Clinical&Medical-Independent Sector,LEARNING DIFFICULTIES,YOUR VOICE COUNTS,24617752,30000.00
Department of Health,NHS Newcastle Gateshead CCG,11/30/2018,Clinical&Medical-Independent Sector,GP FORWARD VIEW,NEWCASTLE GENERAL PRACTICE SERVICES LTD,24830981,36878.13
Department of Health,NHS Newcastle Gateshead CCG,11/30/2018,Clinical&Medical-Independent Sector,INTERPRETING SERVICES,ITL NORTH EAST LTD,24940613,36019.20
Department of Health,NHS Newcastle Gateshead CCG,11/30/2018,Hcare Srv Rec Fdtn Trust-Contract Cost per Case,ACUTE COMMISSIONING,GATESHEAD HEALTH NHS FOUNDATION TRUST,24621114,75000.00
Department of Health,NHS Newcastle Gateshead CCG,11/30/2018,C&M-GMS/PMS,LOCAL ENHANCED SERVICES,DR RG TURNER&PARTNERS,24801592,6783.70
Department of Health,NHS Newcastle Gateshead CCG,11/30/2018,C&M-GMS/PMS,LOCAL ENHANCED SERVICES,PSNE LTD,24753277,25372.74
Department of Health,NHS Newcastle Gateshead CCG,11/30/2018,C&M-GMS/PMS,LOCAL ENHANCED SERVICES,REGENT MEDICAL CENTRE,24801604,3223.34
Department of Health,NHS Newcastle Gateshead CCG,11/30/2018,C&M-GMS/PMS,PRC DELEGATED CO-COMMISSIONING,BENFIELD PARK MEDICAL GROUP,24666264,146918.50
Department of Health,NHS Newcastle Gateshead CCG,11/30/2018,C&M-GMS/PMS,PRC DELEGATED CO-COMMISSIONING,BRIDGES MEDICAL PRACTICE,24665994,46769.98
Department of Health,NHS Newcastle Gateshead CCG,11/30/2018,C&M-GMS/PMS,PRC DELEGATED CO-COMMISSIONING,CHAINBRIDGE MEDICAL PARTNERSHIP,24671430,123398.75
Department of Health,NHS Newcastle Gateshead CCG,11/30/2018,C&M-GMS/PMS,PRC DELEGATED CO-COMMISSIONING,CROWHALL MEDICAL GROUP,24671436,60251.37
Department of Health,NHS Newcastle Gateshead CCG,11/30/2018,C&M-GMS/PMS,PRC DELEGATED CO-COMMISSIONING,DENTON PARK MEDICAL GROUP,24666268,67579.19
Department of Health,NHS Newcastle Gateshead CCG,11/30/2018,C&M-GMS/PMS,PRC DELEGATED CO-COMMISSIONING,DILSTON MEDICAL CENTRE,24673989,64850.26
Department of Health,NHS Newcastle Gateshead CCG,11/30/2018,C&M-GMS/PMS,PRC DELEGATED CO-COMMISSIONING,DR AJ SMITH & PARTNERS,24666274,125989.63
Department of Health,NHS Newcastle Gateshead CCG,11/30/2018,C&M-GMS/PMS,PRC DELEGATED CO-COMMISSIONING,DR BLACK & PARTNERS NEWCASTLE TYNE,24666270,119235.45
Department of Health,NHS Newcastle Gateshead CCG,11/30/2018,C&M-GMS/PMS,PRC DELEGATED CO-COMMISSIONING,DR BLOXHAM & PARTNERS,24665996,143021.28
Department of Health,NHS Newcastle Gateshead CCG,11/30/2018,C&M-GMS/PMS,PRC DELEGATED CO-COMMISSIONING,DR BRUMBY & PARTNERS,24692983,110482.97
Department of Health,NHS Newcastle Gateshead CCG,11/30/2018,C&M-GMS/PMS,PRC DELEGATED CO-COMMISSIONING,DR BRYSON & PARTNERS,24665999,77276.91
Department of Health,NHS Newcastle Gateshead CCG,11/30/2018,C&M-GMS/PMS,PRC DELEGATED CO-COMMISSIONING,DR BURDON & PARTNERS,24666272,51215.28
Department of Health,NHS Newcastle Gateshead CCG,11/30/2018,C&M-GMS/PMS,PRC DELEGATED CO-COMMISSIONING,DR CHAPMAN & PARTNERS,24666003,60478.08
Department of Health,NHS Newcastle Gateshead CCG,11/30/2018,C&M-GMS/PMS,PRC DELEGATED CO-COMMISSIONING,DR CHAUDHARY & PARTNERS,24666278,26493.49
Department of Health,NHS Newcastle Gateshead CCG,11/30/2018,C&M-GMS/PMS,PRC DELEGATED CO-COMMISSIONING,DR COGAN & PARTNERS,24666280,77083.40
Department of Health,NHS Newcastle Gateshead CCG,11/30/2018,C&M-GMS/PMS,PRC DELEGATED CO-COMMISSIONING,DR COPE & PARTNERS,24666005,57448.41
Department of Health,NHS Newcastle Gateshead CCG,11/30/2018,C&M-GMS/PMS,PRC DELEGATED CO-COMMISSIONING,DR DARLING & PARTNERS,24666276,55496.64
Department of Health,NHS Newcastle Gateshead CCG,11/30/2018,C&M-GMS/PMS,PRC DELEGATED CO-COMMISSIONING,DR ECCLES & PARTNERS,24666001,83731.89
Department of Health,NHS Newcastle Gateshead CCG,11/30/2018,C&M-GMS/PMS,PRC DELEGATED CO-COMMISSIONING,DR GRAINGER & PARTNERS,24666282,58198.45
Department of Health,NHS Newcastle Gateshead CCG,11/30/2018,C&M-GMS/PMS,PRC DELEGATED CO-COMMISSIONING,DR HOWARTH & PARTNERS,24666284,80827.68
Department of Health,NHS Newcastle Gateshead CCG,11/30/2018,C&M-GMS/PMS,PRC DELEGATED CO-COMMISSIONING,DR HUGHES & PARTNERS BIRTLEY,24666008,-37203.27
Department of Health,NHS Newcastle Gateshead CCG,11/30/2018,C&M-GMS/PMS,PRC DELEGATED CO-COMMISSIONING,DR HUGHES & PARTNERS BIRTLEY,24666009,154035.10
Department of Health,NHS Newcastle Gateshead CCG,11/30/2018,C&M-GMS/PMS,PRC DELEGATED CO-COMMISSIONING,DR HUNT,24666011,28851.66
Department of Health,NHS Newcastle Gateshead CCG,11/30/2018,C&M-GMS/PMS,PRC DELEGATED CO-COMMISSIONING,DR ILYAS & PARTNER,24666007,36602.61
Department of Health,NHS Newcastle Gateshead CCG,11/30/2018,C&M-GMS/PMS,PRC DELEGATED CO-COMMISSIONING,DR KELLIHER & PARTNERS,24666286,132397.37
Department of Health,NHS Newcastle Gateshead CCG,11/30/2018,C&M-GMS/PMS,PRC DELEGATED CO-COMMISSIONING,DR KENNAN & PARTNERS,24666013,102866.20
Department of Health,NHS Newcastle Gateshead CCG,11/30/2018,C&M-GMS/PMS,PRC DELEGATED CO-COMMISSIONING,DR LIDDLE & PARTNERS,24666017,63692.23
Department of Health,NHS Newcastle Gateshead CCG,11/30/2018,C&M-GMS/PMS,PRC DELEGATED CO-COMMISSIONING,DR M S HASSAN,24666015,26689.17
Department of Health,NHS Newcastle Gateshead CCG,11/30/2018,C&M-GMS/PMS,PRC DELEGATED CO-COMMISSIONING,DR NIELSEN & PARTNERS,24666290,111968.02
Department of Health,NHS Newcastle Gateshead CCG,11/30/2018,C&M-GMS/PMS,PRC DELEGATED CO-COMMISSIONING,DR P J S TAYLOR & PARTNERS,24666293,85721.29
Department of Health,NHS Newcastle Gateshead CCG,11/30/2018,C&M-GMS/PMS,PRC DELEGATED CO-COMMISSIONING,DR PALMER & PARTNERS,24692985,85007.57
Department of Health,NHS Newcastle Gateshead CCG,11/30/2018,C&M-GMS/PMS,PRC DELEGATED CO-COMMISSIONING,DR PEARSTON & PARTNERS,24666303,147138.41
Department of Health,NHS Newcastle Gateshead CCG,11/30/2018,C&M-GMS/PMS,PRC DELEGATED CO-COMMISSIONING,DR PRICE & PARTNERS,24666308,106678.49
Department of Health,NHS Newcastle Gateshead CCG,11/30/2018,C&M-GMS/PMS,PRC DELEGATED CO-COMMISSIONING,DR RG TURNER&PARTNERS,24666295,109139.68
Department of Health,NHS Newcastle Gateshead CCG,11/30/2018,C&M-GMS/PMS,PRC DELEGATED CO-COMMISSIONING,DR RG TURNER&PARTNERS,24801592,19395.66
Department of Health,NHS Newcastle Gateshead CCG,11/30/2018,C&M-GMS/PMS,PRC DELEGATED CO-COMMISSIONING,DR RICHARDSON & PARTNERS NEWCASTLE TYNE,24666288,72104.49
Department of Health,NHS Newcastle Gateshead CCG,11/30/2018,C&M-GMS/PMS,PRC DELEGATED CO-COMMISSIONING,DR ROBERTS & PARTNERS GATESHEAD,24666021,42355.35
Department of Health,NHS Newcastle Gateshead CCG,11/30/2018,C&M-GMS/PMS,PRC DELEGATED CO-COMMISSIONING,DR ROBSON & PARTNERS NEWCASTLE TYNE,24666297,71898.46
Department of Health,NHS Newcastle Gateshead CCG,11/30/2018,C&M-GMS/PMS,PRC DELEGATED CO-COMMISSIONING,DR ROSS & PARTNERS NEWCASTLE TYNE,24666300,72881.47
Department of Health,NHS Newcastle Gateshead CCG,11/30/2018,C&M-GMS/PMS,PRC DELEGATED CO-COMMISSIONING,DR S M IMAM,24666028,50479.93
Department of Health,NHS Newcastle Gateshead CCG,11/30/2018,C&M-GMS/PMS,PRC DELEGATED CO-COMMISSIONING,DR S P SUMMERS & PARTNERS,24666315,112103.86
Department of Health,NHS Newcastle Gateshead CCG,11/30/2018,C&M-GMS/PMS,PRC DELEGATED CO-COMMISSIONING,DR SALKELD & PARTNERS,24666316,-26317.21
Department of Health,NHS Newcastle Gateshead CCG,11/30/2018,C&M-GMS/PMS,PRC DELEGATED CO-COMMISSIONING,DR SALKELD & PARTNERS,24666318,277252.30
Department of Health,NHS Newcastle Gateshead CCG,11/30/2018,C&M-GMS/PMS,PRC DELEGATED CO-COMMISSIONING,DR SCHUMM & PARTNERS,24692984,75867.21
Department of Health,NHS Newcastle Gateshead CCG,11/30/2018,C&M-GMS/PMS,PRC DELEGATED CO-COMMISSIONING,DR SCOTT & PARTNERS NEWCASTLE TYNE,24666311,54395.90
Department of Health,NHS Newcastle Gateshead CCG,11/30/2018,C&M-GMS/PMS,PRC DELEGATED CO-COMMISSIONING,DR SINGH WINLATON,24666026,50950.26
Department of Health,NHS Newcastle Gateshead CCG,11/30/2018,C&M-GMS/PMS,PRC DELEGATED CO-COMMISSIONING,DR SUCHDEV & PARTNERS,24666024,51161.19
Department of Health,NHS Newcastle Gateshead CCG,11/30/2018,C&M-GMS/PMS,PRC DELEGATED CO-COMMISSIONING,DR VINOD KUMAR & PARTNER,24666030,44765.68
Department of Health,NHS Newcastle Gateshead CCG,11/30/2018,C&M-GMS/PMS,PRC DELEGATED CO-COMMISSIONING,DR WADGE & PARTNERS,24666322,54532.93
Department of Health,NHS Newcastle Gateshead CCG,11/30/2018,C&M-GMS/PMS,PRC DELEGATED CO-COMMISSIONING,GLENPARK MEDICAL CENTRE,24666034,95803.68
Department of Health,NHS Newcastle Gateshead CCG,11/30/2018,C&M-GMS/PMS,PRC DELEGATED CO-COMMISSIONING,GRAINGER MEDICAL GROUP,24666325,117544.89
Department of Health,NHS Newcastle Gateshead CCG,11/30/2018,C&M-GMS/PMS,PRC DELEGATED CO-COMMISSIONING,GRANGE ROAD MEDICAL PRACTICE,24666032,55712.19
Department of Health,NHS Newcastle Gateshead CCG,11/30/2018,C&M-GMS/PMS,PRC DELEGATED CO-COMMISSIONING,HEATON ROAD SURGERY,24666329,61069.10
Department of Health,NHS Newcastle Gateshead CCG,11/30/2018,C&M-GMS/PMS,PRC DELEGATED CO-COMMISSIONING,HOLLY MEDICAL GROUP,24666344,63283.06
Department of Health,NHS Newcastle Gateshead CCG,11/30/2018,C&M-GMS/PMS,PRC DELEGATED CO-COMMISSIONING,NEWCASTLE MEDICAL CENTRE,24666333,85162.59
Department of Health,NHS Newcastle Gateshead CCG,11/30/2018,C&M-GMS/PMS,PRC DELEGATED CO-COMMISSIONING,OLDWELL MEDICAL PARTNERSHIP,24671432,53935.53
Department of Health,NHS Newcastle Gateshead CCG,11/30/2018,C&M-GMS/PMS,PRC DELEGATED CO-COMMISSIONING,OXFORD TERRACE & RAWLING ROAD MEDICAL GROUP,24666035,-30131.31
Department of Health,NHS Newcastle Gateshead CCG,11/30/2018,C&M-GMS/PMS,PRC DELEGATED CO-COMMISSIONING,OXFORD TERRACE & RAWLING ROAD MEDICAL GROUP,24666036,164098.20
Department of Health,NHS Newcastle Gateshead CCG,11/30/2018,C&M-GMS/PMS,PRC DELEGATED CO-COMMISSIONING,REGENT MEDICAL CENTRE,24666336,34442.74
Department of Health,NHS Newcastle Gateshead CCG,11/30/2018,C&M-GMS/PMS,PRC DELEGATED CO-COMMISSIONING,REGENT MEDICAL CENTRE,24801604,28378.26
Department of Health,NHS Newcastle Gateshead CCG,11/30/2018,C&M-GMS/PMS,PRC DELEGATED CO-COMMISSIONING,SECOND STREET SURGERY,24671434,28169.32
Department of Health,NHS Newcastle Gateshead CCG,11/30/2018,C&M-GMS/PMS,PRC DELEGATED CO-COMMISSIONING,TEAMS MEDICAL PRACTICE,24666038,48484.06
Department of Health,NHS Newcastle Gateshead CCG,11/30/2018,C&M-GMS/PMS,PRC DELEGATED CO-COMMISSIONING,THORNFIELD MEDICAL GROUP,24666340,176288.23
Department of Health,NHS Newcastle Gateshead CCG,11/30/2018,C&M-GMS/PMS,PRC DELEGATED CO-COMMISSIONING,WREKENTON MEDICAL GROUP,24666040,100073.97
Department of Health,NHS Newcastle Gateshead CCG,11/30/2018,Charges from CSU,PRIMARY CARE IT,NHS NORTH OF ENGLAND CSU,24688066,108166.60
Department of Health,NHS Newcastle Gateshead CCG,11/30/2018,Charges from CSU,ADMIN PROJECTS,NHS NORTH OF ENGLAND CSU,24688066,6573.91
Department of Health,NHS Newcastle Gateshead CCG,11/30/2018,Charges from CSU,CORPORATE COSTS & SERVICES,NHS NORTH OF ENGLAND CSU,24688066,276166.49
Department of Health,NHS Newcastle Gateshead CCG,11/30/2018,Apprenticeship Levy Payable,BALANCE SHEET,HMRC,24762025,894.00
Department of Health,NHS Newcastle Gateshead CCG,11/30/2018,Income tax <1Yr,BALANCE SHEET,HMRC,24762025,76396.20
Department of Health,NHS Newcastle Gateshead CCG,11/30/2018,Income tax <1Yr-Student Loans,BALANCE SHEET,HMRC,24762025,554.00
Department of Health,NHS Newcastle Gateshead CCG,11/30/2018,National Insurance < 1 yr-NI- ERS,BALANCE SHEET,HMRC,24762025,45299.08
Department of Health,NHS Newcastle Gateshead CCG,11/30/2018,National Insurance < 1 yr-NI-EES,BALANCE SHEET,HMRC,24762025,31913.03
Department of Health,NHS Newcastle Gateshead CCG,11/30/2018,Soc Care-Other Soc Care,COMMUNITY SERVICES,GATESHEAD COUNCIL,24885751,509804.00
Department of Health,NHS Newcastle Gateshead CCG,11/30/2018,Soc Care-Other Soc Care,COMMUNITY SERVICES,NEWCASTLE CITY COUNCIL,24805112,820800.00
Department of Health,NHS Newcastle Gateshead CCG,11/30/2018,Clinical&Medical-Othe Public Sector,Mental Health Services - S117 Mental Health,GATESHEAD COUNCIL,24854795,170000.00
Department of Health,NHS Newcastle Gateshead CCG,11/30/2018,Clinical&Medical-Othe Public Sector,Mental Health Services - S117 Mental Health,NEWCASTLE CITY COUNCIL,24940612,528000.00
Department of Health,NHS Newcastle Gateshead CCG,11/30/2018,Clinical&Medical-Othe Public Sector,COMMISSIONING RESERVE,NEWCASTLE CITY COUNCIL,24958515,60000.00
Department of Health,NHS Newcastle Gateshead CCG,11/30/2018,Cont Care- Adult 100% Fully Funded,CHC ADULT FULLY FUNDED,GATESHEAD COUNCIL,24854795,664000.00
Department of Health,NHS Newcastle Gateshead CCG,11/30/2018,Cont Care- Adult 100% Fully Funded,CHC ADULT FULLY FUNDED,NEWCASTLE CITY COUNCIL,24940612,1144000.00
Department of Health,NHS Newcastle Gateshead CCG,11/30/2018,Cont Care- Children,CHC CHILDREN,GATESHEAD COUNCIL,24854795,34000.00
Department of Health,NHS Newcastle Gateshead CCG,11/30/2018,Cont Care-Funded Nursing Care Allow,FUNDED NURSING CARE,GATESHEAD COUNCIL,24854795,132000.00
Department of Health,NHS Newcastle Gateshead CCG,11/30/2018,Cont Care-Funded Nursing Care Allow,FUNDED NURSING CARE,NEWCASTLE CITY COUNCIL,24940612,242000.00
Department of Health,NHS Newcastle Gateshead CCG,11/30/2018,Hcare Srv Rec NHS CCG-Non Contract,CHC ADULT FULLY FUNDED,NHS NORTHUMBERLAND CCG,24885498,65677.00
Department of Health,NHS Newcastle Gateshead CCG,11/30/2018,Hcare Srv Rec NHS CCG-Non Contract,CHC ADULT FULLY FUNDED,NHS NORTHUMBERLAND CCG,24885538,-65667.00
Department of Health,NHS Newcastle Gateshead CCG,11/30/2018,Cont Care-Mental Health (65+),CHC ADULT FULLY FUNDED,MALHOTRA CARE HOMES LTD,24924569,54360.00
Department of Health,NHS Newcastle Gateshead CCG,11/30/2018,Cont Care- Palliative Care,CHC ADULT FULLY FUNDED,BLUEBIRD CARE NEWCASTLE,24924663,26023.20
Department of Health,NHS Newcastle Gateshead CCG,11/30/2018,Cont Care-Physical Disab (65+),CHC ADULT FULLY FUNDED,CASA HOMECARE LTD,24927040,27550.20
Department of Health,NHS Newcastle Gateshead CCG,11/30/2018,Cont Care-Physical Disab (65+),CHC ADULT FULLY FUNDED,PIN POINT RECRUITMENT,24927047,25505.28
Department of Health,NHS Newcastle Gateshead CCG,11/30/2018,Cont Care- Adult Joint Funded,CHC ADULT JOINT FUNDED,NEWCASTLE CITY COUNCIL,24940612,286000.00
Department of Health,NHS Newcastle Gateshead CCG,11/30/2018,Professional Fees,CORPORATE COSTS & SERVICES,HMRC,24948054,30099.60
Department of Health,NHS Newcastle Gateshead CCG,11/30/2018,Other Gen Supplies & Srv,CORPORATE COSTS & SERVICES,NORTHUMBRIA HEALTHCARE NHS FOUNDATION TRUST,24958524,-70878.24
