Newcastle Gateshead CCG Transparency Report May 2018,,,,,,,
Department family,Entity,Date,Expense Type,Expense area,Supplier,Transaction number,AP Amount �
Department of Health,NHS Newcastle Gateshead CCG,5/31/2018,Clinical&Medical-Commercial Sector,ACUTE COMMISSIONING,CONNECT PHYSICAL HEALTH CENTRES LTD,21994772,47459.33
Department of Health,NHS Newcastle Gateshead CCG,5/31/2018,Clinical&Medical-Commercial Sector,ACUTE COMMISSIONING,CONNECT PHYSICAL HEALTH CENTRES LTD,22024437,55695.00
Department of Health,NHS Newcastle Gateshead CCG,5/31/2018,Clinical&Medical-Commercial Sector,ACUTE COMMISSIONING,NUFFIELD HEALTH,22023577,67492.00
Department of Health,NHS Newcastle Gateshead CCG,5/31/2018,Clinical&Medical-Commercial Sector,ACUTE COMMISSIONING,NUFFIELD HEALTH,22023578,67492.00
Department of Health,NHS Newcastle Gateshead CCG,5/31/2018,Clinical&Medical-Commercial Sector,ACUTE COMMISSIONING,RAMSAY HEALTH CARE UK,21977924,65180.00
Department of Health,NHS Newcastle Gateshead CCG,5/31/2018,Clinical&Medical-Commercial Sector,ACUTE COMMISSIONING,SPIRE HEALTHCARE LTD,21994770,1134594.00
Department of Health,NHS Newcastle Gateshead CCG,5/31/2018,Clinical&Medical-Commercial Sector,ACUTE COMMISSIONING,SPIRE HEALTHCARE LTD,21994773,94549.00
Department of Health,NHS Newcastle Gateshead CCG,5/31/2018,Clinical&Medical-Commercial Sector,ACUTE COMMISSIONING,SPIRE HEALTHCARE LTD,22024418,-1134594.00
Department of Health,NHS Newcastle Gateshead CCG,5/31/2018,Clinical&Medical-Commercial Sector,ACUTE COMMISSIONING,TYNESIDE SURGICAL SERVICES LTD,22241786,115143.20
Department of Health,NHS Newcastle Gateshead CCG,5/31/2018,Clinical&Medical-Commercial Sector,COMMUNITY SERVICES,CONNECT PHYSICAL HEALTH CENTRES LTD,21994771,30000.00
Department of Health,NHS Newcastle Gateshead CCG,5/31/2018,Clinical&Medical-Commercial Sector,COMMUNITY SERVICES,CONNECT PHYSICAL HEALTH CENTRES LTD,22024438,28000.00
Department of Health,NHS Newcastle Gateshead CCG,5/31/2018,Clinical&Medical-Independent Sector,ACUTE COMMISSIONING,SPIRE HEALTHCARE LTD,22337666,-27438.37
Department of Health,NHS Newcastle Gateshead CCG,5/31/2018,Clinical&Medical-Independent Sector,COMMUNITY SERVICES,AKARI CARE LTD (A),22359003,59142.86
Department of Health,NHS Newcastle Gateshead CCG,5/31/2018,Clinical&Medical-Independent Sector,COMMUNITY SERVICES,FREEMAN CLINICS LTD,22191612,135296.92
Department of Health,NHS Newcastle Gateshead CCG,5/31/2018,Clinical&Medical-Independent Sector,COMMUNITY SERVICES,NEWCASTLE GENERAL PRACTICE SERVICES LTD,22160538,34348.00
Department of Health,NHS Newcastle Gateshead CCG,5/31/2018,Clinical&Medical-Independent Sector,OUT OF HOURS,COMMUNITY BASED CARE HEALTH LTD,22124024,326913.95
Department of Health,NHS Newcastle Gateshead CCG,5/31/2018,Clinical&Medical-Independent Sector,OUT OF HOURS,NORTHERN DOCTORS URGENT CARE,22276467,182302.58
Department of Health,NHS Newcastle Gateshead CCG,5/31/2018,Clinical&Medical-Independent Sector,COMMISSIONING - NON ACUTE,INVOLVE NORTH EAST,22124178,150000.00
Department of Health,NHS Newcastle Gateshead CCG,5/31/2018,Clinical&Medical-Independent Sector,COMMISSIONING - NON ACUTE,INVOLVE NORTH EAST,22314185,50000.00
Department of Health,NHS Newcastle Gateshead CCG,5/31/2018,Clinical&Medical-Independent Sector,COMMISSIONING - NON ACUTE,INVOLVE NORTH EAST,22314187,-150000.00
Department of Health,NHS Newcastle Gateshead CCG,5/31/2018,Clinical&Medical-Independent Sector,INTERMEDIATE CARE,NEWCASTLE GENERAL PRACTICE SERVICES LTD,22314181,43750.00
Department of Health,NHS Newcastle Gateshead CCG,5/31/2018,Clinical&Medical-Independent Sector,INTERMEDIATE CARE,NEWCASTLE GENERAL PRACTICE SERVICES LTD,22430195,-29166.67
Department of Health,NHS Newcastle Gateshead CCG,5/31/2018,Clinical&Medical-Independent Sector,INTERMEDIATE CARE,NEWCASTLE GENERAL PRACTICE SERVICES LTD,22433792,29166.67
Department of Health,NHS Newcastle Gateshead CCG,5/31/2018,Clinical&Medical-Independent Sector,WINTER RESILIENCE,COMMUNITY BASED CARE HEALTH LTD,22002635,83647.96
Department of Health,NHS Newcastle Gateshead CCG,5/31/2018,Clinical&Medical-Independent Sector,INTERPRETING SERVICES,CONNECT PHYSICAL HEALTH CENTRES LTD,22215199,32518.64
Department of Health,NHS Newcastle Gateshead CCG,5/31/2018,Clinical&Medical-Othe Public Sector,COMMUNITY SERVICES,GATESHEAD COUNCIL,22118480,509804.00
Department of Health,NHS Newcastle Gateshead CCG,5/31/2018,Clinical&Medical-Othe Public Sector,COMMUNITY SERVICES,GATESHEAD COUNCIL,22349651,509804.00
Department of Health,NHS Newcastle Gateshead CCG,5/31/2018,Clinical&Medical-Othe Public Sector,COMMUNITY SERVICES,NEWCASTLE CITY COUNCIL,22422795,799083.00
Department of Health,NHS Newcastle Gateshead CCG,5/31/2018,Clinical&Medical-Othe Public Sector,COMMUNITY SERVICES,NEWCASTLE CITY COUNCIL,22422796,799083.00
Department of Health,NHS Newcastle Gateshead CCG,5/31/2018,Clinical&Medical-Othe Public Sector,COMMUNITY SERVICES,NEWCASTLE CITY COUNCIL,22422797,799083.00
Department of Health,NHS Newcastle Gateshead CCG,5/31/2018,Clinical&Medical-Othe Public Sector,COMMUNITY SERVICES,NEWCASTLE CITY COUNCIL,22422798,799083.00
Department of Health,NHS Newcastle Gateshead CCG,5/31/2018,Clinical&Medical-Othe Public Sector,COMMUNITY SERVICES,NEWCASTLE CITY COUNCIL,22422799,799083.00
Department of Health,NHS Newcastle Gateshead CCG,5/31/2018,Clinical&Medical-Othe Public Sector,COMMUNITY SERVICES,NEWCASTLE CITY COUNCIL,22423792,820800.00
Department of Health,NHS Newcastle Gateshead CCG,5/31/2018,Clinical&Medical-Othe Public Sector,COMMUNITY SERVICES,NEWCASTLE CITY COUNCIL,22423793,820800.00
Department of Health,NHS Newcastle Gateshead CCG,5/31/2018,Clinical&Medical-Othe Public Sector,COMMUNITY SERVICES,NEWCASTLE CITY COUNCIL,22423795,799083.00
Department of Health,NHS Newcastle Gateshead CCG,5/31/2018,Clinical&Medical-Othe Public Sector,COMMUNITY SERVICES,NEWCASTLE CITY COUNCIL,22423796,799083.00
Department of Health,NHS Newcastle Gateshead CCG,5/31/2018,Clinical&Medical-Othe Public Sector,COMMUNITY SERVICES,NEWCASTLE CITY COUNCIL,22423797,799083.00
Department of Health,NHS Newcastle Gateshead CCG,5/31/2018,Clinical&Medical-Othe Public Sector,COMMUNITY SERVICES,NEWCASTLE CITY COUNCIL,22423798,799083.00
Department of Health,NHS Newcastle Gateshead CCG,5/31/2018,Clinical&Medical-Othe Public Sector,COMMUNITY SERVICES,NEWCASTLE CITY COUNCIL,22423799,799083.00
Department of Health,NHS Newcastle Gateshead CCG,5/31/2018,Clinical&Medical-Othe Public Sector,COMMUNITY SERVICES,NEWCASTLE CITY COUNCIL,22423800,799083.00
Department of Health,NHS Newcastle Gateshead CCG,5/31/2018,Clinical&Medical-Othe Public Sector,COMMUNITY SERVICES,NEWCASTLE CITY COUNCIL,22423801,799083.00
Department of Health,NHS Newcastle Gateshead CCG,5/31/2018,Clinical&Medical-Othe Public Sector,Mental Health Services - S117 Mental Health,GATESHEAD COUNCIL,22002636,170356.33
Department of Health,NHS Newcastle Gateshead CCG,5/31/2018,Clinical&Medical-Othe Public Sector,Mental Health Services - S117 Mental Health,GATESHEAD COUNCIL,22386886,170356.33
Department of Health,NHS Newcastle Gateshead CCG,5/31/2018,Clinical&Medical-Othe Public Sector,Mental Health Services - S117 Mental Health,NEWCASTLE CITY COUNCIL,22276188,528000.00
Department of Health,NHS Newcastle Gateshead CCG,5/31/2018,Clinical&Medical-Othe Public Sector,Mental Health Services - S117 Mental Health,NEWCASTLE CITY COUNCIL,22312785,528000.00
Department of Health,NHS Newcastle Gateshead CCG,5/31/2018,Cont Care- Adult 100% Fully Funded,CHC ADULT FULLY FUNDED,GATESHEAD COUNCIL,22002636,664176.54
Department of Health,NHS Newcastle Gateshead CCG,5/31/2018,Cont Care- Adult 100% Fully Funded,CHC ADULT FULLY FUNDED,GATESHEAD COUNCIL,22386886,664176.53
Department of Health,NHS Newcastle Gateshead CCG,5/31/2018,Cont Care- Adult 100% Fully Funded,CHC ADULT FULLY FUNDED,NEWCASTLE CITY COUNCIL,22276188,1144000.00
Department of Health,NHS Newcastle Gateshead CCG,5/31/2018,Cont Care- Adult 100% Fully Funded,CHC ADULT FULLY FUNDED,NEWCASTLE CITY COUNCIL,22312785,1144000.00
Department of Health,NHS Newcastle Gateshead CCG,5/31/2018,Cont Care-Funded Nursing Care Allow,FUNDED NURSING CARE,GATESHEAD COUNCIL,22002636,165467.13
Department of Health,NHS Newcastle Gateshead CCG,5/31/2018,Cont Care-Funded Nursing Care Allow,FUNDED NURSING CARE,GATESHEAD COUNCIL,22386886,131870.19
Department of Health,NHS Newcastle Gateshead CCG,5/31/2018,Cont Care-Funded Nursing Care Allow,FUNDED NURSING CARE,NEWCASTLE CITY COUNCIL,22276188,242000.00
Department of Health,NHS Newcastle Gateshead CCG,5/31/2018,Cont Care-Funded Nursing Care Allow,FUNDED NURSING CARE,NEWCASTLE CITY COUNCIL,22312785,242000.00
Department of Health,NHS Newcastle Gateshead CCG,5/31/2018,Charges from CSU,MEDICINES MANAGEMENT - CLINICAL,NHS NORTH OF ENGLAND CSU,22024326,24545.88
Department of Health,NHS Newcastle Gateshead CCG,5/31/2018,Charges from CSU,MEDICINES MANAGEMENT - CLINICAL,NHS NORTH OF ENGLAND CSU,22349652,6124.00
Department of Health,NHS Newcastle Gateshead CCG,5/31/2018,Charges from CSU,PRIMARY CARE IT,NHS NORTH OF ENGLAND CSU,22024326,103108.57
Department of Health,NHS Newcastle Gateshead CCG,5/31/2018,Charges from CSU,PRIMARY CARE IT,NHS NORTH OF ENGLAND CSU,22349652,108166.00
Department of Health,NHS Newcastle Gateshead CCG,5/31/2018,Charges from CSU,CORPORATE COSTS & SERVICES,NHS NORTH OF ENGLAND CSU,22024326,263252.55
Department of Health,NHS Newcastle Gateshead CCG,5/31/2018,Charges from CSU,CORPORATE COSTS & SERVICES,NHS NORTH OF ENGLAND CSU,22349652,276167.00
Department of Health,NHS Newcastle Gateshead CCG,5/31/2018,Hcare Srv Rec Fdtn Trust-Contract Baseline,ACUTE COMMISSIONING,CITY HOSPITALS SUNDERLAND FOUNDATION NHS TRUST,22386186,42972.00
Department of Health,NHS Newcastle Gateshead CCG,5/31/2018,Hcare Srv Rec Fdtn Trust-Contract Baseline,ACUTE COMMISSIONING,CITY HOSPITALS SUNDERLAND FOUNDATION NHS TRUST,22454477,324818.00
Department of Health,NHS Newcastle Gateshead CCG,5/31/2018,Hcare Srv Rec Fdtn Trust-Contract Baseline,ACUTE COMMISSIONING,COUNTY DURHAM AND DARLINGTON NHS FOUNDATION TRUST,22024407,221301.00
Department of Health,NHS Newcastle Gateshead CCG,5/31/2018,Hcare Srv Rec Fdtn Trust-Contract Baseline,ACUTE COMMISSIONING,COUNTY DURHAM AND DARLINGTON NHS FOUNDATION TRUST,22409043,186011.00
Department of Health,NHS Newcastle Gateshead CCG,5/31/2018,Hcare Srv Rec Fdtn Trust-Contract Baseline,ACUTE COMMISSIONING,GATESHEAD HEALTH NHS FOUNDATION TRUST,22024419,10833334.00
Department of Health,NHS Newcastle Gateshead CCG,5/31/2018,Hcare Srv Rec Fdtn Trust-Contract Baseline,ACUTE COMMISSIONING,NEWCASTLE UPON TYNE HOSPITALS NHS FOUNDATION TRUST,22098571,18029716.66
Department of Health,NHS Newcastle Gateshead CCG,5/31/2018,Hcare Srv Rec Fdtn Trust-Contract Baseline,ACUTE COMMISSIONING,NORTHUMBRIA HEALTHCARE NHS FOUNDATION TRUST,22098438,381500.00
Department of Health,NHS Newcastle Gateshead CCG,5/31/2018,Hcare Srv Rec Fdtn Trust-Contract Baseline,ACUTE COMMISSIONING,SOUTH TYNESIDE NHS FOUNDATION TRUST,22191610,28838.00
Department of Health,NHS Newcastle Gateshead CCG,5/31/2018,Hcare Srv Rec Fdtn Trust-Contract Baseline,ACUTE COMMISSIONING,SOUTH TYNESIDE NHS FOUNDATION TRUST,22446957,28838.00
Department of Health,NHS Newcastle Gateshead CCG,5/31/2018,Hcare Srv Rec Fdtn Trust-Contract Baseline,AMBULANCE SERVICES,NORTH EAST AMBULANCE SERVICES NHS TRUST,22124028,1740871.00
Department of Health,NHS Newcastle Gateshead CCG,5/31/2018,Hcare Srv Rec Fdtn Trust-Contract Baseline,COMMUNITY SERVICES,GATESHEAD HEALTH NHS FOUNDATION TRUST,22024421,1608350.00
Department of Health,NHS Newcastle Gateshead CCG,5/31/2018,Hcare Srv Rec Fdtn Trust-Contract Baseline,COMMUNITY SERVICES,NEWCASTLE UPON TYNE HOSPITALS NHS FOUNDATION TRUST,22098439,2480489.91
Department of Health,NHS Newcastle Gateshead CCG,5/31/2018,Hcare Srv Rec Fdtn Trust-Contract Baseline,COMMUNITY SERVICES,SOUTH TYNESIDE NHS FOUNDATION TRUST,22191609,507212.00
Department of Health,NHS Newcastle Gateshead CCG,5/31/2018,Hcare Srv Rec Fdtn Trust-Contract Baseline,COMMUNITY SERVICES,SOUTH TYNESIDE NHS FOUNDATION TRUST,22446958,507212.00
Department of Health,NHS Newcastle Gateshead CCG,5/31/2018,Hcare Srv Rec Fdtn Trust-Contract Baseline,MENTAL HEALTH CONTRACTS,NORTHUMBERLAND TYNE AND WEAR NHS FOUNDATION TRUST,22191611,5105447.00
Department of Health,NHS Newcastle Gateshead CCG,5/31/2018,Hcare Srv Rec Fdtn Trust-Contract Baseline,NHS 111,NORTH EAST AMBULANCE SERVICES NHS TRUST,22124027,126206.67
Department of Health,NHS Newcastle Gateshead CCG,5/31/2018,Hcare Srv Rec Fdtn Trust-Contract Baseline,MENTAL HEALTH SERVICES - ADULTS,NORTHUMBERLAND TYNE AND WEAR NHS FOUNDATION TRUST,22215002,39066.00
Department of Health,NHS Newcastle Gateshead CCG,5/31/2018,Hcare Srv Rec Fdtn Trust-Contract Cost per Case,ACUTE COMMISSIONING,GATESHEAD HEALTH NHS FOUNDATION TRUST,22024420,75000.00
Department of Health,NHS Newcastle Gateshead CCG,5/31/2018,Clinical&Medical-Voluntary Sector,COMMUNITY SERVICES,ACTION FOR CHILDREN,22259458,62579.10
Department of Health,NHS Newcastle Gateshead CCG,5/31/2018,Clinical&Medical-Voluntary Sector,HOSPICES,MARIE CURIE,22092247,34567.83
Department of Health,NHS Newcastle Gateshead CCG,5/31/2018,Clinical&Medical-Voluntary Sector,HOSPICES,ST OSWALDS HOSPICE,22359315,48421.67
Department of Health,NHS Newcastle Gateshead CCG,5/31/2018,Clinical&Medical-Voluntary Sector,MENTAL HEALTH SERVICES - ADULTS,ASPIRE CARE GROUP,22044960,35816.00
Department of Health,NHS Newcastle Gateshead CCG,5/31/2018,Clinical&Medical-Voluntary Sector,MENTAL HEALTH SERVICES - ADULTS,CROSSROADS CARE,22433192,118750.00
Department of Health,NHS Newcastle Gateshead CCG,5/31/2018,C&M-GMS/PMS,LOCAL ENHANCED SERVICES,DR SALKELD & PARTNERS,22265923,4743.79
Department of Health,NHS Newcastle Gateshead CCG,5/31/2018,C&M-GMS/PMS,PRC DELEGATED CO-COMMISSIONING,BENFIELD PARK MEDICAL GROUP,22108063,-32927.89
Department of Health,NHS Newcastle Gateshead CCG,5/31/2018,C&M-GMS/PMS,PRC DELEGATED CO-COMMISSIONING,BENFIELD PARK MEDICAL GROUP,22108065,85811.66
Department of Health,NHS Newcastle Gateshead CCG,5/31/2018,C&M-GMS/PMS,PRC DELEGATED CO-COMMISSIONING,BLAYDON GP LED HEALTH CENTRE,22112232,33330.94
Department of Health,NHS Newcastle Gateshead CCG,5/31/2018,C&M-GMS/PMS,PRC DELEGATED CO-COMMISSIONING,BRIDGES MEDICAL PRACTICE,22105033,49206.81
Department of Health,NHS Newcastle Gateshead CCG,5/31/2018,C&M-GMS/PMS,PRC DELEGATED CO-COMMISSIONING,CHAINBRIDGE MEDICAL PARTNERSHIP,22110323,108215.98
Department of Health,NHS Newcastle Gateshead CCG,5/31/2018,C&M-GMS/PMS,PRC DELEGATED CO-COMMISSIONING,CROWHALL MEDICAL GROUP,22110317,62216.98
Department of Health,NHS Newcastle Gateshead CCG,5/31/2018,C&M-GMS/PMS,PRC DELEGATED CO-COMMISSIONING,DENTON PARK MEDICAL GROUP,22108069,66867.51
Department of Health,NHS Newcastle Gateshead CCG,5/31/2018,C&M-GMS/PMS,PRC DELEGATED CO-COMMISSIONING,DILSTON MEDICAL CENTRE,22127907,67653.74
Department of Health,NHS Newcastle Gateshead CCG,5/31/2018,C&M-GMS/PMS,PRC DELEGATED CO-COMMISSIONING,DR AJ SMITH & PARTNERS,22108075,136730.59
Department of Health,NHS Newcastle Gateshead CCG,5/31/2018,C&M-GMS/PMS,PRC DELEGATED CO-COMMISSIONING,DR BLACK & PARTNERS NEWCASTLE TYNE,22108071,99328.41
Department of Health,NHS Newcastle Gateshead CCG,5/31/2018,C&M-GMS/PMS,PRC DELEGATED CO-COMMISSIONING,DR BLOXHAM & PARTNERS,22105034,-27167.67
Department of Health,NHS Newcastle Gateshead CCG,5/31/2018,C&M-GMS/PMS,PRC DELEGATED CO-COMMISSIONING,DR BLOXHAM & PARTNERS,22105035,147799.22
Department of Health,NHS Newcastle Gateshead CCG,5/31/2018,C&M-GMS/PMS,PRC DELEGATED CO-COMMISSIONING,DR BRUMBY & PARTNERS,22105037,104679.93
Department of Health,NHS Newcastle Gateshead CCG,5/31/2018,C&M-GMS/PMS,PRC DELEGATED CO-COMMISSIONING,DR BRYSON & PARTNERS,22105039,89000.32
Department of Health,NHS Newcastle Gateshead CCG,5/31/2018,C&M-GMS/PMS,PRC DELEGATED CO-COMMISSIONING,DR BURDON & PARTNERS,22108073,51054.47
Department of Health,NHS Newcastle Gateshead CCG,5/31/2018,C&M-GMS/PMS,PRC DELEGATED CO-COMMISSIONING,DR CHAPMAN & PARTNERS,22105043,60307.05
Department of Health,NHS Newcastle Gateshead CCG,5/31/2018,C&M-GMS/PMS,PRC DELEGATED CO-COMMISSIONING,DR COGAN & PARTNERS,22108081,77419.78
Department of Health,NHS Newcastle Gateshead CCG,5/31/2018,C&M-GMS/PMS,PRC DELEGATED CO-COMMISSIONING,DR COPE & PARTNERS,22105045,55054.26
Department of Health,NHS Newcastle Gateshead CCG,5/31/2018,C&M-GMS/PMS,PRC DELEGATED CO-COMMISSIONING,DR DARLING & PARTNERS,22108077,40287.54
Department of Health,NHS Newcastle Gateshead CCG,5/31/2018,C&M-GMS/PMS,PRC DELEGATED CO-COMMISSIONING,DR ECCLES & PARTNERS,22105041,84278.64
Department of Health,NHS Newcastle Gateshead CCG,5/31/2018,C&M-GMS/PMS,PRC DELEGATED CO-COMMISSIONING,DR GRAINGER & PARTNERS,22108083,73998.96
Department of Health,NHS Newcastle Gateshead CCG,5/31/2018,C&M-GMS/PMS,PRC DELEGATED CO-COMMISSIONING,DR HOWARTH & PARTNERS,22108085,82076.20
Department of Health,NHS Newcastle Gateshead CCG,5/31/2018,C&M-GMS/PMS,PRC DELEGATED CO-COMMISSIONING,DR HUGHES & PARTNERS BIRTLEY,22105048,-36043.89
Department of Health,NHS Newcastle Gateshead CCG,5/31/2018,C&M-GMS/PMS,PRC DELEGATED CO-COMMISSIONING,DR HUGHES & PARTNERS BIRTLEY,22105049,167253.64
Department of Health,NHS Newcastle Gateshead CCG,5/31/2018,C&M-GMS/PMS,PRC DELEGATED CO-COMMISSIONING,DR HUNT,22105051,29455.12
Department of Health,NHS Newcastle Gateshead CCG,5/31/2018,C&M-GMS/PMS,PRC DELEGATED CO-COMMISSIONING,DR ILYAS & PARTNER,22105047,35278.30
Department of Health,NHS Newcastle Gateshead CCG,5/31/2018,C&M-GMS/PMS,PRC DELEGATED CO-COMMISSIONING,DR KELLIHER & PARTNERS,22108087,137195.04
Department of Health,NHS Newcastle Gateshead CCG,5/31/2018,C&M-GMS/PMS,PRC DELEGATED CO-COMMISSIONING,DR KENNAN & PARTNERS,22105053,100809.28
Department of Health,NHS Newcastle Gateshead CCG,5/31/2018,C&M-GMS/PMS,PRC DELEGATED CO-COMMISSIONING,DR LIDDLE & PARTNERS,22105057,62927.77
Department of Health,NHS Newcastle Gateshead CCG,5/31/2018,C&M-GMS/PMS,PRC DELEGATED CO-COMMISSIONING,DR M S HASSAN,22105055,29924.94
Department of Health,NHS Newcastle Gateshead CCG,5/31/2018,C&M-GMS/PMS,PRC DELEGATED CO-COMMISSIONING,DR NIELSEN & PARTNERS,22108091,109230.57
Department of Health,NHS Newcastle Gateshead CCG,5/31/2018,C&M-GMS/PMS,PRC DELEGATED CO-COMMISSIONING,DR P J S TAYLOR & PARTNERS,22108099,82776.44
Department of Health,NHS Newcastle Gateshead CCG,5/31/2018,C&M-GMS/PMS,PRC DELEGATED CO-COMMISSIONING,DR PALMER & PARTNERS,22108096,94360.03
Department of Health,NHS Newcastle Gateshead CCG,5/31/2018,C&M-GMS/PMS,PRC DELEGATED CO-COMMISSIONING,DR PEARSTON & PARTNERS,22108114,110424.23
Department of Health,NHS Newcastle Gateshead CCG,5/31/2018,C&M-GMS/PMS,PRC DELEGATED CO-COMMISSIONING,DR PRICE & PARTNERS,22108117,112139.35
Department of Health,NHS Newcastle Gateshead CCG,5/31/2018,C&M-GMS/PMS,PRC DELEGATED CO-COMMISSIONING,DR RG TURNER&PARTNERS,22108104,97311.16
Department of Health,NHS Newcastle Gateshead CCG,5/31/2018,C&M-GMS/PMS,PRC DELEGATED CO-COMMISSIONING,DR RICHARDSON & PARTNERS NEWCASTLE TYNE,22108089,73246.75
Department of Health,NHS Newcastle Gateshead CCG,5/31/2018,C&M-GMS/PMS,PRC DELEGATED CO-COMMISSIONING,DR ROBERTS & PARTNERS GATESHEAD,22105061,43571.81
Department of Health,NHS Newcastle Gateshead CCG,5/31/2018,C&M-GMS/PMS,PRC DELEGATED CO-COMMISSIONING,DR ROBSON & PARTNERS NEWCASTLE TYNE,22108107,72280.07
Department of Health,NHS Newcastle Gateshead CCG,5/31/2018,C&M-GMS/PMS,PRC DELEGATED CO-COMMISSIONING,DR ROSS & PARTNERS NEWCASTLE TYNE,22108110,80540.34
Department of Health,NHS Newcastle Gateshead CCG,5/31/2018,C&M-GMS/PMS,PRC DELEGATED CO-COMMISSIONING,DR S M IMAM,22105069,34274.78
Department of Health,NHS Newcastle Gateshead CCG,5/31/2018,C&M-GMS/PMS,PRC DELEGATED CO-COMMISSIONING,DR S P SUMMERS & PARTNERS,22108122,114117.30
Department of Health,NHS Newcastle Gateshead CCG,5/31/2018,C&M-GMS/PMS,PRC DELEGATED CO-COMMISSIONING,DR SALKELD & PARTNERS,22108124,-34262.07
Department of Health,NHS Newcastle Gateshead CCG,5/31/2018,C&M-GMS/PMS,PRC DELEGATED CO-COMMISSIONING,DR SALKELD & PARTNERS,22108126,346421.64
Department of Health,NHS Newcastle Gateshead CCG,5/31/2018,C&M-GMS/PMS,PRC DELEGATED CO-COMMISSIONING,DR SALKELD & PARTNERS,22265923,21945.81
Department of Health,NHS Newcastle Gateshead CCG,5/31/2018,C&M-GMS/PMS,PRC DELEGATED CO-COMMISSIONING,DR SCHUMM & PARTNERS,22105063,66505.04
Department of Health,NHS Newcastle Gateshead CCG,5/31/2018,C&M-GMS/PMS,PRC DELEGATED CO-COMMISSIONING,DR SCOTT & PARTNERS NEWCASTLE TYNE,22127909,53329.95
Department of Health,NHS Newcastle Gateshead CCG,5/31/2018,C&M-GMS/PMS,PRC DELEGATED CO-COMMISSIONING,DR SINGH WINLATON,22105067,50616.60
Department of Health,NHS Newcastle Gateshead CCG,5/31/2018,C&M-GMS/PMS,PRC DELEGATED CO-COMMISSIONING,DR SUCHDEV & PARTNERS,22105065,45532.05
Department of Health,NHS Newcastle Gateshead CCG,5/31/2018,C&M-GMS/PMS,PRC DELEGATED CO-COMMISSIONING,DR VINOD KUMAR & PARTNER,22105071,43588.63
Department of Health,NHS Newcastle Gateshead CCG,5/31/2018,C&M-GMS/PMS,PRC DELEGATED CO-COMMISSIONING,DR WADGE & PARTNERS,22108131,43243.34
Department of Health,NHS Newcastle Gateshead CCG,5/31/2018,C&M-GMS/PMS,PRC DELEGATED CO-COMMISSIONING,GLENPARK MEDICAL CENTRE,22105075,99778.05
Department of Health,NHS Newcastle Gateshead CCG,5/31/2018,C&M-GMS/PMS,PRC DELEGATED CO-COMMISSIONING,GRAINGER MEDICAL GROUP,22127910,111079.88
Department of Health,NHS Newcastle Gateshead CCG,5/31/2018,C&M-GMS/PMS,PRC DELEGATED CO-COMMISSIONING,GRANGE ROAD MEDICAL PRACTICE,22105073,33583.96
Department of Health,NHS Newcastle Gateshead CCG,5/31/2018,C&M-GMS/PMS,PRC DELEGATED CO-COMMISSIONING,HEATON ROAD SURGERY,22108137,70567.95
Department of Health,NHS Newcastle Gateshead CCG,5/31/2018,C&M-GMS/PMS,PRC DELEGATED CO-COMMISSIONING,HOLLY MEDICAL GROUP,22108154,66406.46
Department of Health,NHS Newcastle Gateshead CCG,5/31/2018,C&M-GMS/PMS,PRC DELEGATED CO-COMMISSIONING,NEWCASTLE MEDICAL CENTRE,22108141,151483.05
Department of Health,NHS Newcastle Gateshead CCG,5/31/2018,C&M-GMS/PMS,PRC DELEGATED CO-COMMISSIONING,OLDWELL MEDICAL PARTNERSHIP,22112230,52325.55
Department of Health,NHS Newcastle Gateshead CCG,5/31/2018,C&M-GMS/PMS,PRC DELEGATED CO-COMMISSIONING,OXFORD TERRACE & RAWLING ROAD MEDICAL GROUP,22105077,166413.86
Department of Health,NHS Newcastle Gateshead CCG,5/31/2018,C&M-GMS/PMS,PRC DELEGATED CO-COMMISSIONING,REGENT MEDICAL CENTRE,22108144,33520.29
Department of Health,NHS Newcastle Gateshead CCG,5/31/2018,C&M-GMS/PMS,PRC DELEGATED CO-COMMISSIONING,SECOND STREET SURGERY,22113796,27738.76
Department of Health,NHS Newcastle Gateshead CCG,5/31/2018,C&M-GMS/PMS,PRC DELEGATED CO-COMMISSIONING,TEAMS MEDICAL PRACTICE,22105079,47485.33
Department of Health,NHS Newcastle Gateshead CCG,5/31/2018,C&M-GMS/PMS,PRC DELEGATED CO-COMMISSIONING,THORNFIELD MEDICAL GROUP,22108146,-30920.84
Department of Health,NHS Newcastle Gateshead CCG,5/31/2018,C&M-GMS/PMS,PRC DELEGATED CO-COMMISSIONING,THORNFIELD MEDICAL GROUP,22108149,179358.72
Department of Health,NHS Newcastle Gateshead CCG,5/31/2018,C&M-GMS/PMS,PRC DELEGATED CO-COMMISSIONING,WREKENTON MEDICAL GROUP,22105081,102883.47
Department of Health,NHS Newcastle Gateshead CCG,5/31/2018,Hcare Srv Rec Fdtn Trust-Non Contract,ACUTE COMMISSIONING,GATESHEAD HEALTH NHS FOUNDATION TRUST,22115535,70058.00
Department of Health,NHS Newcastle Gateshead CCG,5/31/2018,Hcare Srv Rec Fdtn Trust-Non Contract,PLANNED CARE,GATESHEAD HEALTH NHS FOUNDATION TRUST,22246517,89166.00
Department of Health,NHS Newcastle Gateshead CCG,5/31/2018,Apprenticeship Levy Payable,BALANCE SHEET,HMRC,22218075,736.00
Department of Health,NHS Newcastle Gateshead CCG,5/31/2018,Income tax <1Yr,BALANCE SHEET,HMRC,22218075,72646.80
Department of Health,NHS Newcastle Gateshead CCG,5/31/2018,Income tax <1Yr-Student Loans,BALANCE SHEET,HMRC,22218075,169.00
Department of Health,NHS Newcastle Gateshead CCG,5/31/2018,National Insurance < 1 yr-NI- ERS,BALANCE SHEET,HMRC,22218075,41760.24
Department of Health,NHS Newcastle Gateshead CCG,5/31/2018,National Insurance < 1 yr-NI-EES,BALANCE SHEET,HMRC,22218075,28449.46
Department of Health,NHS Newcastle Gateshead CCG,5/31/2018,Statutory Mat Pay < 1 yr,BALANCE SHEET,HMRC,22218075,-1469.27
Department of Health,NHS Newcastle Gateshead CCG,5/31/2018,Cont Care- Adult Joint Funded,CHC ADULT JOINT FUNDED,NEWCASTLE CITY COUNCIL,22276188,286000.00
Department of Health,NHS Newcastle Gateshead CCG,5/31/2018,Cont Care- Adult Joint Funded,CHC ADULT JOINT FUNDED,NEWCASTLE CITY COUNCIL,22312785,286000.00
Department of Health,NHS Newcastle Gateshead CCG,5/31/2018,Hcare Srv Rec NHS Trust-Non Contract,NCAS/OATS,EAST CHESHIRE NHS TRUST,22443166,57362.43
Department of Health,NHS Newcastle Gateshead CCG,5/31/2018,Hcare Srv Rec NHS Trust-Non Contract,NCAS/OATS,LEEDS TEACHING HOSPITALS NHS TRUST,22329801,31918.93
Department of Health,NHS Newcastle Gateshead CCG,5/31/2018,Other Gen Supplies & Srv,CORPORATE COSTS & SERVICES,NHS NORTH OF ENGLAND CSU,22349652,450.00
Department of Health,NHS Newcastle Gateshead CCG,5/31/2018,Cont Care- Children,CHC CHILDREN,GATESHEAD COUNCIL,22386886,33596.95
