Department family,Entity,Date,Expense Type,Expense area,Supplier,Transaction number,AP Amount (�),Purchase invoice number
Department of Health,NHS Greater Huddersfield CCG,7/31/2018,Hcare Srv Rec Fdtn Trust-Contract Baseline,ACUTE CHILDRENS SERVICES,CALDERDALE & HUDDERSFIELD NHS FOUNDATION TRUST,22873930,25137,4710118689
Department of Health,NHS Greater Huddersfield CCG,7/31/2018,Hcare Srv Rec NHS Trust-CQUIN,ACUTE COMMISSIONING,MID YORKSHIRE HOSPITALS NHS TRUST,22858064,2308,10098208
Department of Health,NHS Greater Huddersfield CCG,7/31/2018,Hcare Srv Rec NHS Trust-Contract Baseline,ACUTE COMMISSIONING,MID YORKSHIRE HOSPITALS NHS TRUST,22858064,200312,10098208
Department of Health,NHS Greater Huddersfield CCG,7/31/2018,Hcare Srv Rec Fdtn Trust-CQUIN,ACUTE COMMISSIONING,CALDERDALE & HUDDERSFIELD NHS FOUNDATION TRUST,22873843,213597.8,4710118469
Department of Health,NHS Greater Huddersfield CCG,7/31/2018,Clinical&Medical-Independent Sector,ACUTE COMMISSIONING,SPIRE HEALTHCARE LTD,22917322,-61618.37,03AELDREC171809
Department of Health,NHS Greater Huddersfield CCG,7/31/2018,Clinical&Medical-Independent Sector,ACUTE COMMISSIONING,SPIRE HEALTHCARE LTD,22917335,-30989.91,03AELDREC171811
Department of Health,NHS Greater Huddersfield CCG,7/31/2018,Clinical&Medical-Independent Sector,ACUTE COMMISSIONING,ONEHEALTH GROUP,22917340,31712.51,1679
Department of Health,NHS Greater Huddersfield CCG,7/31/2018,Hcare Srv Rec Fdtn Trust-Contract Baseline,ACUTE COMMISSIONING,SHEFFIELD TEACHING HOSPITALS NHS FOUNDATION TRUST,22917415,65795,4000534872
Department of Health,NHS Greater Huddersfield CCG,7/31/2018,Clinical&Medical-Independent Sector,ACUTE COMMISSIONING,BMI HEALTHCARE COLLECTIONS,22917418,494600.25,93312
Department of Health,NHS Greater Huddersfield CCG,7/31/2018,Clinical&Medical-Independent Sector,ACUTE COMMISSIONING,SPIRE HEALTHCARE LTD,22917423,132068,03AELDPF181904
Department of Health,NHS Greater Huddersfield CCG,7/31/2018,Hcare Srv Rec Fdtn Trust-Prior Year,ACUTE COMMISSIONING,BRADFORD TEACHING HOSPITALS NHS FOUNDATION TRUST,22918364,53424,303915
Department of Health,NHS Greater Huddersfield CCG,7/31/2018,Hcare Srv Rec Fdtn Trust-Prior Year,ACUTE COMMISSIONING,BRADFORD TEACHING HOSPITALS NHS FOUNDATION TRUST,22918367,-53424,305299
Department of Health,NHS Greater Huddersfield CCG,7/31/2018,Clinical&Medical-Independent Sector,ACUTE COMMISSIONING,CLAREMONT HOSPITAL,22986225,66512,MAN90108
Department of Health,NHS Greater Huddersfield CCG,7/31/2018,Hcare Srv Rec Fdtn Trust-Contract Cost per Case,ACUTE COMMISSIONING,CALDERDALE & HUDDERSFIELD NHS FOUNDATION TRUST,23028646,59679.92,4710109341
Department of Health,NHS Greater Huddersfield CCG,7/31/2018,Hcare Srv Rec Fdtn Trust-Contract Cost per Case,ACUTE COMMISSIONING,CALDERDALE & HUDDERSFIELD NHS FOUNDATION TRUST,23028649,69151.05,4710110139
Department of Health,NHS Greater Huddersfield CCG,7/31/2018,Hcare Srv Rec Fdtn Trust-Contract Cost per Case,ACUTE COMMISSIONING,CALDERDALE & HUDDERSFIELD NHS FOUNDATION TRUST,23028709,64415.48,4710118475
Department of Health,NHS Greater Huddersfield CCG,7/31/2018,Hcare Srv Rec Fdtn Trust-CQUIN,ACUTE COMMISSIONING,CALDERDALE & HUDDERSFIELD NHS FOUNDATION TRUST,23028739,213559.62,4710120267
Department of Health,NHS Greater Huddersfield CCG,7/31/2018,Hcare Srv Rec Fdtn Trust-CQUIN,ACUTE COMMISSIONING,BARNSLEY HOSPITAL NHS FOUNDATION TRUST,23112223,9952,6016583
Department of Health,NHS Greater Huddersfield CCG,7/31/2018,Hcare Srv Rec Fdtn Trust-Contract Baseline,ACUTE COMMISSIONING,BARNSLEY HOSPITAL NHS FOUNDATION TRUST,23112223,411586,6016583
Department of Health,NHS Greater Huddersfield CCG,7/31/2018,Clinical&Medical-Independent Sector,ACUTE COMMISSIONING,ONEHEALTH GROUP,23174163,36347.06,1727
Department of Health,NHS Greater Huddersfield CCG,7/31/2018,Hcare Srv Rec NHS Trust-Contract Baseline,AMBULANCE SERVICES,YORKSHIRE AMBULANCE SERVICE NHS TRUST,22892034,750337,2810023209
Department of Health,NHS Greater Huddersfield CCG,7/31/2018,Hcare Srv Rec NHS Trust-Prior Year,AMBULANCE SERVICES,YORKSHIRE AMBULANCE SERVICE NHS TRUST,23112230,41534.34,2810023365
Department of Health,NHS Greater Huddersfield CCG,7/31/2018,Clinical&Medical-Othe Public Sector,CARERS,KIRKLEES METROPOLITAN COUNCIL,23112224,13831,8604075763
Department of Health,NHS Greater Huddersfield CCG,7/31/2018,Cont Care- Adult 100% Fully Funded,CHC ADULT FULLY FUNDED,NHS NORTH KIRKLEES CCG,22971815,2000000,7015801015
Department of Health,NHS Greater Huddersfield CCG,7/31/2018,Cont Care- Adult 100% Fully Funded,CHC ADULT FULLY FUNDED,NHS NORTH KIRKLEES CCG,23255175,927059.52,7015801031
Department of Health,NHS Greater Huddersfield CCG,7/31/2018,Clinical&Medical-Voluntary Sector,COMMUNITY SERVICES,VOLUNTARY ACTION CALDERDALE,22971794,50000,1034
Department of Health,NHS Greater Huddersfield CCG,7/31/2018,Clinical&Medical-Othe Public Sector,COMMUNITY SERVICES,KIRKLEES METROPOLITAN COUNCIL,23112224,625689,8604075763
Department of Health,NHS Greater Huddersfield CCG,7/31/2018,Clinical&Medical-Othe Public Sector,COMMUNITY SERVICES,KIRKLEES METROPOLITAN COUNCIL,23255137,27587,8604079183
Department of Health,NHS Greater Huddersfield CCG,7/31/2018,Clinical&Medical-Clinical Other,GP FORWARD VIEW,LOCAL CARE DIRECT,23151572,68441.42,30694
Department of Health,NHS Greater Huddersfield CCG,7/31/2018,Clinical&Medical-Serv Recd-F Trsts,IM&T,CALDERDALE & HUDDERSFIELD NHS FOUNDATION TRUST,23075634,10238.79,4710120250
Department of Health,NHS Greater Huddersfield CCG,7/31/2018,Clinical&Medical-Serv Recd-F Trsts,IM&T,CALDERDALE & HUDDERSFIELD NHS FOUNDATION TRUST,23273416,10238.79,4710120449
Department of Health,NHS Greater Huddersfield CCG,7/31/2018,Clinical&Medical-Othe Public Sector,INTERMEDIATE CARE,KIRKLEES METROPOLITAN COUNCIL,23112224,48242,8604075763
Department of Health,NHS Greater Huddersfield CCG,7/31/2018,C&M-PMS Medical Fees,LOCAL ENHANCED SERVICES,DR M P BOULTON & PARTNER,23045964,151.42,YW000026641
Department of Health,NHS Greater Huddersfield CCG,7/31/2018,C&M-PMS Medical Fees,LOCAL ENHANCED SERVICES,DR P M KAYE & PARTNERS THE LINDLEY GROUP PRACTICE,23045969,151.42,YW000026669
Department of Health,NHS Greater Huddersfield CCG,7/31/2018,C&M-PMS Cost of Drugs -Dispensing,LOCAL ENHANCED SERVICES,DRS SHAMSEE & ASSOCIATES,23206432,42035.93,YW000026919
Department of Health,NHS Greater Huddersfield CCG,7/31/2018,C&M-PMS Prsc Chrgs Cll&Rmttd by GPs,LOCAL ENHANCED SERVICES,DRS SHAMSEE & ASSOCIATES,23206432,1724.8,YW000026919
Department of Health,NHS Greater Huddersfield CCG,7/31/2018,Clinical&Medical-Othe Public Sector,LONG TERM CONDITIONS,KIRKLEES METROPOLITAN COUNCIL,23112224,25496,8604075763
Department of Health,NHS Greater Huddersfield CCG,7/31/2018,Hcare Srv Rec Fdtn Trust-CQUIN,MENTAL HEALTH CONTRACTS,SOUTH WEST YORKSHIRE PARTNERSHIP NHS FOUNDATION TRUST,22873943,22722,729173
Department of Health,NHS Greater Huddersfield CCG,7/31/2018,Hcare Srv Rec Fdtn Trust-Contract Baseline,MENTAL HEALTH CONTRACTS,SOUTH WEST YORKSHIRE PARTNERSHIP NHS FOUNDATION TRUST,22873943,1838319,729173
Department of Health,NHS Greater Huddersfield CCG,7/31/2018,Hcare Srv Rec Fdtn Trust-Contract Baseline,MENTAL HEALTH CONTRACTS,SOUTH WEST YORKSHIRE PARTNERSHIP NHS FOUNDATION TRUST,22873954,213093,729182
Department of Health,NHS Greater Huddersfield CCG,7/31/2018,Hcare Srv Rec Fdtn Trust-Non Contract,MENTAL HEALTH CONTRACTS,SOUTH WEST YORKSHIRE PARTNERSHIP NHS FOUNDATION TRUST,22875022,119940,729204
Department of Health,NHS Greater Huddersfield CCG,7/31/2018,Hcare Srv Rec Fdtn Trust-Non Contract,MENTAL HEALTH CONTRACTS,LEEDS & YORK PARTNERSHIP NHS FOUNDATION TRUST,22971779,28590,988784
Department of Health,NHS Greater Huddersfield CCG,7/31/2018,Hcare Srv Rec Fdtn Trust-CQUIN,MENTAL HEALTH CONTRACTS,SOUTH WEST YORKSHIRE PARTNERSHIP NHS FOUNDATION TRUST,23255168,68167,729414
Department of Health,NHS Greater Huddersfield CCG,7/31/2018,Clinical&Medical-Othe Public Sector,MENTAL HEALTH SERVICES - OTHER,KIRKLEES METROPOLITAN COUNCIL,23192087,176204.62,8604079141
Department of Health,NHS Greater Huddersfield CCG,7/31/2018,Hcare Srv Rec NHS Trust-Non Contract,NCAS/OATS,PENNINE ACUTE HOSPITALS NHS TRUST,22917442,38853,A0008365
Department of Health,NHS Greater Huddersfield CCG,7/31/2018,Hcare Srv Rec NHS Trust-Non Contract,NCAS/OATS,PENNINE ACUTE HOSPITALS NHS TRUST,22918368,33824,A0007613
Department of Health,NHS Greater Huddersfield CCG,7/31/2018,Hcare Srv Rec Fdtn Trust-Non Contract,NCAS/OATS,HARROGATE & DISTRICT NHS FOUNDATION NHS TRUST,22986164,27346.26,2510019550
Department of Health,NHS Greater Huddersfield CCG,7/31/2018,Clinical&Medical-Independent Sector,NCAS/OATS,SPAMEDICA LTD,23056585,64499.64,NHSHUD028
Department of Health,NHS Greater Huddersfield CCG,7/31/2018,Hcare Srv Rec NHS Trust,NHS 111,YORKSHIRE AMBULANCE SERVICE NHS TRUST,22892036,53320,2810023243
Department of Health,NHS Greater Huddersfield CCG,7/31/2018,Hcare Srv Rec NHS Trust-Contract Baseline,OUT OF HOURS,YORKSHIRE AMBULANCE SERVICE NHS TRUST,23028726,144073.6,2810023267
Department of Health,NHS Greater Huddersfield CCG,7/31/2018,Hcare Srv Rec NHS Trust-CQUIN,PATIENT TRANSPORT,YORKSHIRE AMBULANCE SERVICE NHS TRUST,23028722,121818.28,2810023281
Department of Health,NHS Greater Huddersfield CCG,7/31/2018,Prescribing,PRESCRIBING,FIRST DATABANK EUROPE LTD,22917330,95364.1,7635
Department of Health,NHS Greater Huddersfield CCG,7/31/2018,Clinical&Medical-Serv Recd-F Trsts,PRIMARY CARE IT,CALDERDALE & HUDDERSFIELD NHS FOUNDATION TRUST,23075634,34679.17,4710120250
Department of Health,NHS Greater Huddersfield CCG,7/31/2018,Clinical&Medical-Serv Recd-F Trsts,PRIMARY CARE IT,CALDERDALE & HUDDERSFIELD NHS FOUNDATION TRUST,23273416,34679.17,4710120449
Department of Health,NHS Greater Huddersfield CCG,7/31/2018,Clinical&Medical-Othe Public Sector,REABLEMENT,KIRKLEES METROPOLITAN COUNCIL,23112224,58742,8604075763
Department of Health,NHS Greater Huddersfield CCG,7/31/2018,Clinical&Medical-Independent Sector,WHEELCHAIR SERVICE,OPCARE LTD,22986214,41664,OPSI006222
