Department family,Entity,Date,Expense Type,Expense area,Supplier,Transaction number,AP Amount (�),Purchase invoice number
Department of Health,NHS Greater Huddersfield CCG,8/31/2018,Clinical&Medical-Independent Sector,ACUTE COMMISSIONING,BMI HEALTHCARE COLLECTIONS,23285146,"-84,679.24",89774
Department of Health,NHS Greater Huddersfield CCG,8/31/2018,Clinical&Medical-Independent Sector,ACUTE COMMISSIONING,SPIRE HEALTHCARE LTD,23320253,"-38,323.09",03AELDREC171812
Department of Health,NHS Greater Huddersfield CCG,8/31/2018,Clinical&Medical-Independent Sector,ACUTE COMMISSIONING,SPIRE HEALTHCARE LTD,23320271,"-51,428.87",03AELDREC181901
Department of Health,NHS Greater Huddersfield CCG,8/31/2018,Clinical&Medical-Independent Sector,NCAS/OATS,SPECSAVERS HEARCARE LTD,23320280,"45,610.81",20730315
Department of Health,NHS Greater Huddersfield CCG,8/31/2018,Clinical&Medical-Independent Sector,WHEELCHAIR SERVICE,OPCARE LTD,23320726,"41,664.00",OPSI006356
Department of Health,NHS Greater Huddersfield CCG,8/31/2018,Clinical&Medical-Independent Sector,ACUTE COMMISSIONING,BMI HEALTHCARE COLLECTIONS,23364645,"-25,241.32",92424
Department of Health,NHS Greater Huddersfield CCG,8/31/2018,Clinical&Medical-Independent Sector,ACUTE COMMISSIONING,BMI HEALTHCARE COLLECTIONS,23364650,"-29,169.16",93716
Department of Health,NHS Greater Huddersfield CCG,8/31/2018,Clinical&Medical-Independent Sector,ACUTE COMMISSIONING,BMI HEALTHCARE COLLECTIONS,23429066,"494,600.25",94569
Department of Health,NHS Greater Huddersfield CCG,8/31/2018,Clinical&Medical-Independent Sector,ACUTE COMMISSIONING,SPIRE HEALTHCARE LTD,23429080,"132,068.00",03AELDPF181905
Department of Health,NHS Greater Huddersfield CCG,8/31/2018,Clinical&Medical-Independent Sector,ACUTE COMMISSIONING,CLAREMONT HOSPITAL,23429146,"66,512.00",MAN90157
Department of Health,NHS Greater Huddersfield CCG,8/31/2018,Clinical&Medical-Independent Sector,ACUTE COMMISSIONING,BMI HEALTHCARE COLLECTIONS,23461338,"141,437.05",95172
Department of Health,NHS Greater Huddersfield CCG,8/31/2018,Clinical&Medical-Independent Sector,ACUTE COMMISSIONING,CLAREMONT HOSPITAL,23585109,"26,766.00",MAN90175
Department of Health,NHS Greater Huddersfield CCG,8/31/2018,Clinical&Medical-Not For Profit,REABLEMENT,LOCALA COMMUNITY PARTNERSHIPS CIC,23320439,"38,416.67",A0007420
Department of Health,NHS Greater Huddersfield CCG,8/31/2018,Clinical&Medical-Not For Profit,COMMUNITY SERVICES,LOCALA COMMUNITY PARTNERSHIPS CIC,23429067,"1,716,081.00",A0007418
Department of Health,NHS Greater Huddersfield CCG,8/31/2018,Clinical&Medical-Not For Profit,REABLEMENT,LOCALA COMMUNITY PARTNERSHIPS CIC,23675834,"38,416.67",A0007498
Department of Health,NHS Greater Huddersfield CCG,8/31/2018,Clinical&Medical-Not For Profit,COMMUNITY SERVICES,LOCALA COMMUNITY PARTNERSHIPS CIC,23705251,"1,716,081.00",A0007495
Department of Health,NHS Greater Huddersfield CCG,8/31/2018,Clinical&Medical-Othe Public Sector,CHILD AND ADOLESCENT MENTAL HEALTH,KIRKLEES METROPOLITAN COUNCIL,23320464,"472,575.01",8604079345
Department of Health,NHS Greater Huddersfield CCG,8/31/2018,Clinical&Medical-Othe Public Sector,COMMUNITY SERVICES,KIRKLEES METROPOLITAN COUNCIL,23320502,"55,000.00",8604096519
Department of Health,NHS Greater Huddersfield CCG,8/31/2018,Clinical&Medical-Othe Public Sector,LEARNING DIFFICULTIES,CALDERDALE METROPOLITAN BOROUGH COUNCIL,23661908,"50,000.00",IN18098317
Department of Health,NHS Greater Huddersfield CCG,8/31/2018,Clinical&Medical-Serv Recd-F Trsts,IM&T,CALDERDALE & HUDDERSFIELD NHS FOUNDATION TRUST,23675842,"10,238.79",4710122997
Department of Health,NHS Greater Huddersfield CCG,8/31/2018,Clinical&Medical-Serv Recd-F Trsts,PRIMARY CARE IT,CALDERDALE & HUDDERSFIELD NHS FOUNDATION TRUST,23675842,"34,679.17",4710122997
Department of Health,NHS Greater Huddersfield CCG,8/31/2018,Computer Hardware Purch,PRIMARY CARE IT,DELL CORPORATION LTD,23675858,"37,676.40",7402464293
Department of Health,NHS Greater Huddersfield CCG,8/31/2018,Cont Care- Adult 100% Fully Funded,CHC ADULT FULLY FUNDED,NHS NORTH KIRKLEES CCG,23320338,"-1,195,314.29",7015801016
Department of Health,NHS Greater Huddersfield CCG,8/31/2018,Cont Care- Adult 100% Fully Funded,CHC ADULT FULLY FUNDED,NHS NORTH KIRKLEES CCG,23482160,"2,000,000.00",7015801036
Department of Health,NHS Greater Huddersfield CCG,8/31/2018,Cont Care- Adult 100% Fully Funded,CHC ADULT FULLY FUNDED,NHS NORTH KIRKLEES CCG,23482169,"932,387.84",7015801037
Department of Health,NHS Greater Huddersfield CCG,8/31/2018,Cont Care- Adult 100% Fully Funded,CHC ADULT FULLY FUNDED,NHS NORTH KIRKLEES CCG,23482173,"301,610.55",7015801038
Department of Health,NHS Greater Huddersfield CCG,8/31/2018,Hcare Srv Rec Fdtn Trust-Contract Baseline,ACUTE COMMISSIONING,CALDERDALE & HUDDERSFIELD NHS FOUNDATION TRUST,23285212,"10,032,385.50",4710120409
Department of Health,NHS Greater Huddersfield CCG,8/31/2018,Hcare Srv Rec Fdtn Trust-Contract Baseline,MENTAL HEALTH CONTRACTS,SOUTH WEST YORKSHIRE PARTNERSHIP NHS FOUNDATION TRUST,23320522,"1,838,319.00",729387
Department of Health,NHS Greater Huddersfield CCG,8/31/2018,Hcare Srv Rec Fdtn Trust-Contract Baseline,ACUTE COMMISSIONING,SHEFFIELD TEACHING HOSPITALS NHS FOUNDATION TRUST,23429079,"65,794.00",4000537835
Department of Health,NHS Greater Huddersfield CCG,8/31/2018,Hcare Srv Rec Fdtn Trust-Contract Baseline,ACUTE COMMISSIONING,BARNSLEY HOSPITAL NHS FOUNDATION TRUST,23638193,"411,586.00",6016884
Department of Health,NHS Greater Huddersfield CCG,8/31/2018,Hcare Srv Rec Fdtn Trust-Contract Baseline,ACUTE COMMISSIONING,CALDERDALE & HUDDERSFIELD NHS FOUNDATION TRUST,23698312,"10,032,385.50",4710123068
Department of Health,NHS Greater Huddersfield CCG,8/31/2018,Hcare Srv Rec Fdtn Trust-Contract Cost per Case,ACUTE COMMISSIONING,CALDERDALE & HUDDERSFIELD NHS FOUNDATION TRUST,23429042,"64,415.48",4710112995
Department of Health,NHS Greater Huddersfield CCG,8/31/2018,Hcare Srv Rec Fdtn Trust-Contract Cost per Case,ACUTE COMMISSIONING,CALDERDALE & HUDDERSFIELD NHS FOUNDATION TRUST,23429069,"64,415.48",4710120412
Department of Health,NHS Greater Huddersfield CCG,8/31/2018,Hcare Srv Rec Fdtn Trust-Contract Cost per Case,ACUTE COMMISSIONING,CALDERDALE & HUDDERSFIELD NHS FOUNDATION TRUST,23705252,"64,415.48",4710123072
Department of Health,NHS Greater Huddersfield CCG,8/31/2018,Hcare Srv Rec Fdtn Trust-CQUIN,ACUTE COMMISSIONING,CALDERDALE & HUDDERSFIELD NHS FOUNDATION TRUST,23285212,"213,597.80",4710120409
Department of Health,NHS Greater Huddersfield CCG,8/31/2018,Hcare Srv Rec Fdtn Trust-CQUIN,MENTAL HEALTH CONTRACTS,SOUTH WEST YORKSHIRE PARTNERSHIP NHS FOUNDATION TRUST,23320522,"22,722.00",729387
Department of Health,NHS Greater Huddersfield CCG,8/31/2018,Hcare Srv Rec Fdtn Trust-CQUIN,ACUTE COMMISSIONING,BARNSLEY HOSPITAL NHS FOUNDATION TRUST,23638193,"9,952.00",6016884
Department of Health,NHS Greater Huddersfield CCG,8/31/2018,Hcare Srv Rec Fdtn Trust-CQUIN,ACUTE COMMISSIONING,CALDERDALE & HUDDERSFIELD NHS FOUNDATION TRUST,23698312,"213,597.80",4710123068
Department of Health,NHS Greater Huddersfield CCG,8/31/2018,Hcare Srv Rec Fdtn Trust-Non Contract,MENTAL HEALTH CONTRACTS,LEEDS & YORK PARTNERSHIP NHS FOUNDATION TRUST,23320470,"27,330.00",989007
Department of Health,NHS Greater Huddersfield CCG,8/31/2018,Hcare Srv Rec Fdtn Trust-Non Contract,NCAS/OATS,MANCHESTER UNIVERSITY NHS FOUNDATION TRUST,23585081,"27,877.00",406634
Department of Health,NHS Greater Huddersfield CCG,8/31/2018,Hcare Srv Rec Fdtn Trust-Non Contract,ACUTE COMMISSIONING,CALDERDALE & HUDDERSFIELD NHS FOUNDATION TRUST,23638170,"110,757.00",4710116941
Department of Health,NHS Greater Huddersfield CCG,8/31/2018,Hcare Srv Rec Fdtn Trust-Non Contract,ACUTE COMMISSIONING,CALDERDALE & HUDDERSFIELD NHS FOUNDATION TRUST,23638174,"110,757.00",4710118705
Department of Health,NHS Greater Huddersfield CCG,8/31/2018,Hcare Srv Rec NHS Trust,PATIENT TRANSPORT,YORKSHIRE AMBULANCE SERVICE NHS TRUST,23429075,"121,818.28",2810023529
Department of Health,NHS Greater Huddersfield CCG,8/31/2018,Hcare Srv Rec NHS Trust-Contract Baseline,ACUTE COMMISSIONING,LEEDS TEACHING HOSPITALS NHS TRUST,23320348,"600,448.92",1410100418
Department of Health,NHS Greater Huddersfield CCG,8/31/2018,Hcare Srv Rec NHS Trust-Contract Baseline,AMBULANCE SERVICES,YORKSHIRE AMBULANCE SERVICE NHS TRUST,23407444,"750,337.00",2810023458
Department of Health,NHS Greater Huddersfield CCG,8/31/2018,Hcare Srv Rec NHS Trust-Contract Baseline,OUT OF HOURS,YORKSHIRE AMBULANCE SERVICE NHS TRUST,23407454,"144,073.60",2810023515
Department of Health,NHS Greater Huddersfield CCG,8/31/2018,Hcare Srv Rec NHS Trust-Contract Baseline,NHS 111,YORKSHIRE AMBULANCE SERVICE NHS TRUST,23407462,"53,320.00",2810023491
Department of Health,NHS Greater Huddersfield CCG,8/31/2018,Hcare Srv Rec NHS Trust-Contract Baseline,ACUTE COMMISSIONING,MID YORKSHIRE HOSPITALS NHS TRUST,23429078,"200,312.00",10099715
Department of Health,NHS Greater Huddersfield CCG,8/31/2018,Hcare Srv Rec NHS Trust-Contract Baseline,ACUTE COMMISSIONING,LEEDS TEACHING HOSPITALS NHS TRUST,23661917,"612,237.00",1410102579
Department of Health,NHS Greater Huddersfield CCG,8/31/2018,Hcare Srv Rec NHS Trust-Contract Baseline,NHS 111,YORKSHIRE AMBULANCE SERVICE NHS TRUST,23698314,"53,320.00",2810023816
Department of Health,NHS Greater Huddersfield CCG,8/31/2018,Hcare Srv Rec NHS Trust-Contract Baseline,OUT OF HOURS,YORKSHIRE AMBULANCE SERVICE NHS TRUST,23698318,"144,073.60",2810023840
Department of Health,NHS Greater Huddersfield CCG,8/31/2018,Hcare Srv Rec NHS Trust-Contract Baseline,AMBULANCE SERVICES,YORKSHIRE AMBULANCE SERVICE NHS TRUST,23698319,"750,337.00",2810023783
Department of Health,NHS Greater Huddersfield CCG,8/31/2018,Hcare Srv Rec NHS Trust-CQUIN,ACUTE COMMISSIONING,LEEDS TEACHING HOSPITALS NHS TRUST,23320348,"11,788.08",1410100418
Department of Health,NHS Greater Huddersfield CCG,8/31/2018,Hcare Srv Rec NHS Trust-CQUIN,ACUTE COMMISSIONING,MID YORKSHIRE HOSPITALS NHS TRUST,23429078,"2,308.00",10099715
Department of Health,NHS Greater Huddersfield CCG,8/31/2018,Hcare Srv Rec NHS Trust-Over/ Under Performance,ACUTE COMMISSIONING,LEEDS TEACHING HOSPITALS NHS TRUST,23638175,"-27,788.85",1490013305
