Department family,Entity,Date,Expense Type,Expense area,Supplier,Transaction number,AP Amount (�),Purchase invoice number
Department of Health,NHS Greater Huddersfield CCG,6/30/2018,"Books, Journals & Subscr",MEDICINES MANAGEMENT - CLINICAL,PRESCQIPP CIC,22791048,"37,771.20",PQ498K185
Department of Health,NHS Greater Huddersfield CCG,6/30/2018,C&M-APMS Contract Value,PRC DELEGATED CO-COMMISSIONING,LOCALA COMMUNITY PARTNERSHIPS CIC,22603019,"38,000.00",A0007243
Department of Health,NHS Greater Huddersfield CCG,6/30/2018,Clinical&Medical-Independent Sector,ACUTE COMMISSIONING,BMI HEALTHCARE COLLECTIONS,22506959,"494,600.25",91733
Department of Health,NHS Greater Huddersfield CCG,6/30/2018,Clinical&Medical-Independent Sector,ACUTE COMMISSIONING,SPIRE HEALTHCARE LTD,22507000,"156,941.00",03AELDPF181903
Department of Health,NHS Greater Huddersfield CCG,6/30/2018,Clinical&Medical-Independent Sector,ACUTE COMMISSIONING,ONEHEALTH GROUP,22708321,"32,858.38",1589
Department of Health,NHS Greater Huddersfield CCG,6/30/2018,Clinical&Medical-Independent Sector,ACUTE COMMISSIONING,CLAREMONT HOSPITAL,22708443,"66,512.00",MAN90060
Department of Health,NHS Greater Huddersfield CCG,6/30/2018,Clinical&Medical-Independent Sector,NCAS/OATS,SPAMEDICA LTD,22708545,"75,577.49",NHSHUD027
Department of Health,NHS Greater Huddersfield CCG,6/30/2018,Clinical&Medical-Independent Sector,WHEELCHAIR SERVICE,OPCARE LTD,22820261,"41,664.00",OPSI006144
Department of Health,NHS Greater Huddersfield CCG,6/30/2018,Clinical&Medical-Not For Profit,COMMUNITY SERVICES,LOCALA COMMUNITY PARTNERSHIPS CIC,22518393,"-113,753.75",A0007223
Department of Health,NHS Greater Huddersfield CCG,6/30/2018,Clinical&Medical-Not For Profit,COMMUNITY SERVICES,LOCALA COMMUNITY PARTNERSHIPS CIC,22806312,"1,716,081.00",A0007187
Department of Health,NHS Greater Huddersfield CCG,6/30/2018,Clinical&Medical-Not For Profit,COMMUNITY SERVICES,LOCALA COMMUNITY PARTNERSHIPS CIC,22820246,"48,756.59",A0007157
Department of Health,NHS Greater Huddersfield CCG,6/30/2018,Clinical&Medical-Not For Profit,COMMUNITY SERVICES,LOCALA COMMUNITY PARTNERSHIPS CIC,22842965,"1,716,081.00",A0007300
Department of Health,NHS Greater Huddersfield CCG,6/30/2018,Clinical&Medical-Not For Profit,REABLEMENT,LOCALA COMMUNITY PARTNERSHIPS CIC,22820272,"38,416.67",A0007302
Department of Health,NHS Greater Huddersfield CCG,6/30/2018,Clinical&Medical-Othe Public Sector,CARERS,KIRKLEES METROPOLITAN COUNCIL,22506977,"13,833.00",8603980299
Department of Health,NHS Greater Huddersfield CCG,6/30/2018,Clinical&Medical-Othe Public Sector,CARERS,KIRKLEES METROPOLITAN COUNCIL,22744296,"13,833.00",8603996429
Department of Health,NHS Greater Huddersfield CCG,6/30/2018,Clinical&Medical-Othe Public Sector,COMMISSIONING SCHEMES,LOCAL CARE DIRECT,22460984,"68,441.42",30203
Department of Health,NHS Greater Huddersfield CCG,6/30/2018,Clinical&Medical-Othe Public Sector,COMMISSIONING SCHEMES,LOCAL CARE DIRECT,22754522,"68,441.42",30452
Department of Health,NHS Greater Huddersfield CCG,6/30/2018,Clinical&Medical-Othe Public Sector,COMMUNITY SERVICES,KIRKLEES METROPOLITAN COUNCIL,22506977,"625,667.00",8603980299
Department of Health,NHS Greater Huddersfield CCG,6/30/2018,Clinical&Medical-Othe Public Sector,COMMUNITY SERVICES,KIRKLEES METROPOLITAN COUNCIL,22744296,"625,667.00",8603996429
Department of Health,NHS Greater Huddersfield CCG,6/30/2018,Clinical&Medical-Othe Public Sector,INTERMEDIATE CARE,KIRKLEES METROPOLITAN COUNCIL,22506977,"48,250.00",8603980299
Department of Health,NHS Greater Huddersfield CCG,6/30/2018,Clinical&Medical-Othe Public Sector,INTERMEDIATE CARE,KIRKLEES METROPOLITAN COUNCIL,22744296,"48,250.00",8603996429
Department of Health,NHS Greater Huddersfield CCG,6/30/2018,Clinical&Medical-Othe Public Sector,LONG TERM CONDITIONS,KIRKLEES METROPOLITAN COUNCIL,22506977,"25,500.00",8603980299
Department of Health,NHS Greater Huddersfield CCG,6/30/2018,Clinical&Medical-Othe Public Sector,LONG TERM CONDITIONS,KIRKLEES METROPOLITAN COUNCIL,22744296,"25,500.00",8603996429
Department of Health,NHS Greater Huddersfield CCG,6/30/2018,Clinical&Medical-Othe Public Sector,MENTAL HEALTH CONTRACTS,KIRKLEES METROPOLITAN COUNCIL,22655322,"472,575.01",8603889905
Department of Health,NHS Greater Huddersfield CCG,6/30/2018,Clinical&Medical-Othe Public Sector,MENTAL HEALTH SERVICES - OTHER,KIRKLEES METROPOLITAN COUNCIL,22655320,"43,658.75",8603983571
Department of Health,NHS Greater Huddersfield CCG,6/30/2018,Clinical&Medical-Othe Public Sector,MENTAL HEALTH SERVICES - OTHER,KIRKLEES METROPOLITAN COUNCIL,22655323,"50,520.78",8603983568
Department of Health,NHS Greater Huddersfield CCG,6/30/2018,Clinical&Medical-Othe Public Sector,REABLEMENT,KIRKLEES METROPOLITAN COUNCIL,22506977,"58,750.00",8603980299
Department of Health,NHS Greater Huddersfield CCG,6/30/2018,Clinical&Medical-Othe Public Sector,REABLEMENT,KIRKLEES METROPOLITAN COUNCIL,22744296,"58,750.00",8603996429
Department of Health,NHS Greater Huddersfield CCG,6/30/2018,Clinical&Medical-Serv Recd-CCGs,RECHARGES,NHS WAKEFIELD CCG,22852441,"63,393.95",7016400965
Department of Health,NHS Greater Huddersfield CCG,6/30/2018,Cont Care- Adult 100% Fully Funded,CHC ADULT FULLY FUNDED,NHS NORTH KIRKLEES CCG,22461023,"1,620,192.23",7015800991
Department of Health,NHS Greater Huddersfield CCG,6/30/2018,Cont Care- Adult 100% Fully Funded,CHC ADULT FULLY FUNDED,NHS NORTH KIRKLEES CCG,22603054,"2,000,000.00",7015800997
Department of Health,NHS Greater Huddersfield CCG,6/30/2018,Hcare Srv Rec Fdtn Trust-Contract Baseline,ACUTE CHILDRENS SERVICES,CALDERDALE & HUDDERSFIELD NHS FOUNDATION TRUST,22507031,"25,137.00",4710116937
Department of Health,NHS Greater Huddersfield CCG,6/30/2018,Hcare Srv Rec Fdtn Trust-Contract Baseline,ACUTE COMMISSIONING,BARNSLEY HOSPITAL NHS FOUNDATION TRUST,22506960,"411,586.00",6016174
Department of Health,NHS Greater Huddersfield CCG,6/30/2018,Hcare Srv Rec Fdtn Trust-Contract Baseline,ACUTE COMMISSIONING,SHEFFIELD TEACHING HOSPITALS NHS FOUNDATION TRUST,22506970,"65,794.00",4000529765
Department of Health,NHS Greater Huddersfield CCG,6/30/2018,Hcare Srv Rec Fdtn Trust-Contract Baseline,ACUTE COMMISSIONING,BARNSLEY HOSPITAL NHS FOUNDATION TRUST,22806333,"411,586.00",6016401
Department of Health,NHS Greater Huddersfield CCG,6/30/2018,Hcare Srv Rec Fdtn Trust-Contract Baseline,ACUTE COMMISSIONING,CALDERDALE & HUDDERSFIELD NHS FOUNDATION TRUST,22820275,"10,032,385.00",4710118553
Department of Health,NHS Greater Huddersfield CCG,6/30/2018,Hcare Srv Rec Fdtn Trust-Contract Baseline,MENTAL HEALTH CONTRACTS,SOUTH WEST YORKSHIRE PARTNERSHIP NHS FOUNDATION TRUST,22806332,"1,739,763.00",729058
Department of Health,NHS Greater Huddersfield CCG,6/30/2018,Hcare Srv Rec Fdtn Trust-CQUIN,ACUTE COMMISSIONING,BARNSLEY HOSPITAL NHS FOUNDATION TRUST,22506960,"9,952.00",6016174
Department of Health,NHS Greater Huddersfield CCG,6/30/2018,Hcare Srv Rec Fdtn Trust-CQUIN,ACUTE COMMISSIONING,BARNSLEY HOSPITAL NHS FOUNDATION TRUST,22806333,"9,952.00",6016401
Department of Health,NHS Greater Huddersfield CCG,6/30/2018,Hcare Srv Rec Fdtn Trust-CQUIN,MENTAL HEALTH CONTRACTS,SOUTH WEST YORKSHIRE PARTNERSHIP NHS FOUNDATION TRUST,22460995,"60,230.00",728850
Department of Health,NHS Greater Huddersfield CCG,6/30/2018,Hcare Srv Rec Fdtn Trust-CQUIN,MENTAL HEALTH CONTRACTS,SOUTH WEST YORKSHIRE PARTNERSHIP NHS FOUNDATION TRUST,22806332,"21,747.00",729058
Department of Health,NHS Greater Huddersfield CCG,6/30/2018,Hcare Srv Rec Fdtn Trust-Non Contract,NCAS/OATS,CALDERDALE & HUDDERSFIELD NHS FOUNDATION TRUST,22712112,"34,031.99",4710107066
Department of Health,NHS Greater Huddersfield CCG,6/30/2018,Hcare Srv Rec Fdtn Trust-Non Contract,NCAS/OATS,CALDERDALE & HUDDERSFIELD NHS FOUNDATION TRUST,22712114,"-32,409.26",93872
Department of Health,NHS Greater Huddersfield CCG,6/30/2018,Hcare Srv Rec Fdtn Trust-Non Contract,NCAS/OATS,MANCHESTER UNIVERSITY NHS FOUNDATION TRUST,22806252,"33,262.00",6210122416
Department of Health,NHS Greater Huddersfield CCG,6/30/2018,Hcare Srv Rec NHS Trust,PATIENT TRANSPORT,YORKSHIRE AMBULANCE SERVICE NHS TRUST,22670113,"121,818.28",2810022970
Department of Health,NHS Greater Huddersfield CCG,6/30/2018,Hcare Srv Rec NHS Trust-Contract Baseline,ACUTE COMMISSIONING,MID YORKSHIRE HOSPITALS NHS TRUST,22507046,"200,312.00",10097453
Department of Health,NHS Greater Huddersfield CCG,6/30/2018,Hcare Srv Rec NHS Trust-Contract Baseline,ACUTE COMMISSIONING,LEEDS TEACHING HOSPITALS NHS TRUST,22820270,"600,448.92",1410098503
Department of Health,NHS Greater Huddersfield CCG,6/30/2018,Hcare Srv Rec NHS Trust-Contract Baseline,AMBULANCE SERVICES,YORKSHIRE AMBULANCE SERVICE NHS TRUST,22582158,"750,340.00",2810022900
Department of Health,NHS Greater Huddersfield CCG,6/30/2018,Hcare Srv Rec NHS Trust-Contract Baseline,AMBULANCE SERVICES,YORKSHIRE AMBULANCE SERVICE NHS TRUST,22731685,"68,868.00",2810023047
Department of Health,NHS Greater Huddersfield CCG,6/30/2018,Hcare Srv Rec NHS Trust-Contract Baseline,NHS 111,YORKSHIRE AMBULANCE SERVICE NHS TRUST,22582159,"53,320.00",2810022932
Department of Health,NHS Greater Huddersfield CCG,6/30/2018,Hcare Srv Rec NHS Trust-Contract Baseline,OUT OF HOURS,YORKSHIRE AMBULANCE SERVICE NHS TRUST,22546895,"144,962.02",2810022956
Department of Health,NHS Greater Huddersfield CCG,6/30/2018,Hcare Srv Rec NHS Trust-CQUIN,ACUTE COMMISSIONING,MID YORKSHIRE HOSPITALS NHS TRUST,22507046,"2,308.00",10097453
Department of Health,NHS Greater Huddersfield CCG,6/30/2018,Hcare Srv Rec NHS Trust-CQUIN,ACUTE COMMISSIONING,LEEDS TEACHING HOSPITALS NHS TRUST,22820270,"11,788.08",1410098503
Department of Health,NHS Greater Huddersfield CCG,6/30/2018,Hcare Srv Rec NHS Trust-Over/ Under Performance,ACUTE COMMISSIONING,LEEDS TEACHING HOSPITALS NHS TRUST,22546880,"-244,009.89",1490012845
Department of Health,NHS Greater Huddersfield CCG,6/30/2018,Hcare Srv Rec NHS Trust-Over/ Under Performance,PATIENT TRANSPORT,YORKSHIRE AMBULANCE SERVICE NHS TRUST,22670112,"30,854.61",2810022746
Department of Health,NHS Greater Huddersfield CCG,6/30/2018,IA-IT-Cost-Addns,Balance Sheet,NHS WAKEFIELD CCG,22806239,"76,210.00",7016400863
Department of Health,NHS Greater Huddersfield CCG,6/30/2018,Legal / Prof Fees,CORPORATE GOVERNANCE,DAC BEACHCROFT LLP,22852414,"33,626.06",2227478
Department of Health,NHS Greater Huddersfield CCG,6/30/2018,Legal / Prof Fees,CORPORATE GOVERNANCE,DAC BEACHCROFT LLP,22852455,"-33,626.06",LM10125
