Department family,Entity,Date,Expense Type,Expense area,Supplier,Transaction number,AP Amount (�)
Department of Health,NHS Greater Huddersfield CCG,4/30/2018,Clinical&Medical-Independent Sector,ACUTE COMMISSIONING,ONEHEALTH GROUP,21690516,33091.78
Department of Health,NHS Greater Huddersfield CCG,4/30/2018,Clinical&Medical-Independent Sector,ACUTE COMMISSIONING,ONEHEALTH GROUP,21973117,37664.39
Department of Health,NHS Greater Huddersfield CCG,4/30/2018,Clinical&Medical-Voluntary Sector,REABLEMENT,ALL SAINTS CARE LTD,21774837,52684.56
Department of Health,NHS Greater Huddersfield CCG,4/30/2018,Clinical&Medical-Othe Public Sector,COMMISSIONING SCHEMES,LOCAL CARE DIRECT,21846124,68441.42
Department of Health,NHS Greater Huddersfield CCG,4/30/2018,Clinical&Medical-Independent Sector,ACUTE COMMISSIONING,BMI HEALTHCARE COLLECTIONS,21669951,29803.16
Department of Health,NHS Greater Huddersfield CCG,4/30/2018,Clinical&Medical-Independent Sector,ACUTE COMMISSIONING,BMI HEALTHCARE COLLECTIONS,21690512,-122715.49
Department of Health,NHS Greater Huddersfield CCG,4/30/2018,Clinical&Medical-Independent Sector,ACUTE COMMISSIONING,BMI HEALTHCARE COLLECTIONS,21690584,494600.25
Department of Health,NHS Greater Huddersfield CCG,4/30/2018,Hcare Srv Rec Fdtn Trust-Contract Baseline,ACUTE COMMISSIONING,BRADFORD TEACHING HOSPITALS NHS FOUNDATION TRUST,21690565,260930.18
Department of Health,NHS Greater Huddersfield CCG,4/30/2018,Hcare Srv Rec Fdtn Trust-Contract Baseline,MENTAL HEALTH CONTRACTS,SOUTH WEST YORKSHIRE PARTNERSHIP NHS FOUNDATION TRUST,21774871,1739763
Department of Health,NHS Greater Huddersfield CCG,4/30/2018,Hcare Srv Rec Fdtn Trust-CQUIN,MENTAL HEALTH CONTRACTS,SOUTH WEST YORKSHIRE PARTNERSHIP NHS FOUNDATION TRUST,21774871,21747
Department of Health,NHS Greater Huddersfield CCG,4/30/2018,Hcare Srv Rec Fdtn Trust-Contract Baseline,ACUTE COMMISSIONING,BARNSLEY HOSPITAL NHS FOUNDATION TRUST,21610124,411586
Department of Health,NHS Greater Huddersfield CCG,4/30/2018,Hcare Srv Rec Fdtn Trust-CQUIN,ACUTE COMMISSIONING,BARNSLEY HOSPITAL NHS FOUNDATION TRUST,21610124,9952
Department of Health,NHS Greater Huddersfield CCG,4/30/2018,Hcare Srv Rec NHS Trust-Over/ Under Performance,ACUTE COMMISSIONING,MID YORKSHIRE HOSPITALS NHS TRUST,21610114,154487
Department of Health,NHS Greater Huddersfield CCG,4/30/2018,Hcare Srv Rec NHS Trust-Contract Baseline,ACUTE COMMISSIONING,MID YORKSHIRE HOSPITALS NHS TRUST,21670004,200312
Department of Health,NHS Greater Huddersfield CCG,4/30/2018,Hcare Srv Rec NHS Trust-CQUIN,ACUTE COMMISSIONING,MID YORKSHIRE HOSPITALS NHS TRUST,21670004,2308
Department of Health,NHS Greater Huddersfield CCG,4/30/2018,Hcare Srv Rec NHS Trust-Contract Baseline,ACUTE COMMISSIONING,LEEDS TEACHING HOSPITALS NHS TRUST,21637800,612237
Department of Health,NHS Greater Huddersfield CCG,4/30/2018,Hcare Srv Rec NHS Trust-Contract Baseline,AMBULANCE SERVICES,YORKSHIRE AMBULANCE SERVICE NHS TRUST,21624423,715906
Department of Health,NHS Greater Huddersfield CCG,4/30/2018,Hcare Srv Rec NHS Trust,NHS 111,YORKSHIRE AMBULANCE SERVICE NHS TRUST,21624424,53320
Department of Health,NHS Greater Huddersfield CCG,4/30/2018,Hcare Srv Rec NHS Trust,PATIENT TRANSPORT,YORKSHIRE AMBULANCE SERVICE NHS TRUST,21778710,121696.58
Department of Health,NHS Greater Huddersfield CCG,4/30/2018,Hcare Srv Rec NHS Trust-Contract Baseline,OUT OF HOURS,YORKSHIRE AMBULANCE SERVICE NHS TRUST,21804415,144962.02
Department of Health,NHS Greater Huddersfield CCG,4/30/2018,Clinical&Medical-Othe Public Sector,COMMUNITY SERVICES,KIRKLEES METROPOLITAN COUNCIL,21624432,-55000
Department of Health,NHS Greater Huddersfield CCG,4/30/2018,Hcare Srv Rec Fdtn Trust-Contract Baseline,ACUTE COMMISSIONING,SHEFFIELD TEACHING HOSPITALS NHS FOUNDATION TRUST,21804403,57869
Department of Health,NHS Greater Huddersfield CCG,4/30/2018,Hcare Srv Rec Fdtn Trust-Contract Baseline,ACUTE COMMISSIONING,CALDERDALE & HUDDERSFIELD NHS FOUNDATION TRUST,21954930,10195085.41
Department of Health,NHS Greater Huddersfield CCG,4/30/2018,Hcare Srv Rec Fdtn Trust-CQUIN,ACUTE COMMISSIONING,CALDERDALE & HUDDERSFIELD NHS FOUNDATION TRUST,21954930,300218.53
Department of Health,NHS Greater Huddersfield CCG,4/30/2018,Hcare Srv Rec Fdtn Trust-Contract Baseline,ACUTE CHILDRENS SERVICES,CALDERDALE & HUDDERSFIELD NHS FOUNDATION TRUST,21973131,25139.55
Department of Health,NHS Greater Huddersfield CCG,4/30/2018,Hcare Srv Rec Fdtn Trust-Non Contract,NCAS/OATS,MANCHESTER UNIVERSITY NHS FOUNDATION TRUST,21592013,38498
Department of Health,NHS Greater Huddersfield CCG,4/30/2018,Hcare Srv Rec NHS CCG-Contract Cost per Case,MENTAL HEALTH SERVICES - NOT CONTRACTED ACTIVITY,NHS NORTH KIRKLEES CCG,21610108,26377.11
Department of Health,NHS Greater Huddersfield CCG,4/30/2018,Cont Care- Adult 100% Fully Funded,CHC ADULT FULLY FUNDED,NHS NORTH KIRKLEES CCG,21901007,2000000
Department of Health,NHS Greater Huddersfield CCG,4/30/2018,Cont Care- Adult 100% Fully Funded,CHC ADULT FULLY FUNDED,NHS NORTH KIRKLEES CCG,21901081,133941.92
Department of Health,NHS Greater Huddersfield CCG,4/30/2018,Cont Care- Adult 100% Fully Funded,CHC ADULT FULLY FUNDED,NHS NORTH KIRKLEES CCG,21954914,1751244.25
Department of Health,NHS Greater Huddersfield CCG,4/30/2018,Clinical&Medical-Othe Public Sector,COMMUNITY SERVICES,KIRKLEES METROPOLITAN COUNCIL,21637807,55000
Department of Health,NHS Greater Huddersfield CCG,4/30/2018,Clinical&Medical-Othe Public Sector,COMMUNITY SERVICES,KIRKLEES METROPOLITAN COUNCIL,21637803,55000
Department of Health,NHS Greater Huddersfield CCG,4/30/2018,Clinical&Medical-Othe Public Sector,INTERMEDIATE CARE,KIRKLEES METROPOLITAN COUNCIL,21774877,102466
Department of Health,NHS Greater Huddersfield CCG,4/30/2018,Services From Local Authorities,ADMIN PROJECTS,KIRKLEES METROPOLITAN COUNCIL,21900900,25033.23
Department of Health,NHS Greater Huddersfield CCG,4/30/2018,Clinical&Medical-Independent Sector,ACUTE COMMISSIONING,SPIRE HEALTHCARE LTD,21624430,156941
Department of Health,NHS Greater Huddersfield CCG,4/30/2018,Clinical&Medical-Not For Profit,COMMUNITY SERVICES,LOCALA COMMUNITY PARTNERSHIPS CIC,21637788,1716081
Department of Health,NHS Greater Huddersfield CCG,4/30/2018,Clinical&Medical-Independent Sector,ACUTE COMMISSIONING,CLAREMONT HOSPITAL,21690573,66512
Department of Health,NHS Greater Huddersfield CCG,4/30/2018,Clinical&Medical-Independent Sector,NCAS/OATS,SPAMEDICA LTD,21868220,66836.98
Department of Health,NHS Greater Huddersfield CCG,4/30/2018,Clinical&Medical-Independent Sector,WHEELCHAIR SERVICE,OPCARE LTD,21624429,41664
Department of Health,NHS Greater Huddersfield CCG,4/30/2018,Hcare Srv Rec Fdtn Trust-Contract Baseline,ACUTE COMMISSIONING,SHEFFIELD TEACHING HOSPITALS NHS FOUNDATION TRUST,21624419,57869
