Department family,Entity,Date,Expense Type,Expense area,Supplier,Transaction number,AP Amount (�)
Department of Health,NHS Greater Huddersfield CCG,3/31/2019,Clinical&Medical-Independent Sector,ACUTE COMMISSIONING,BMI HEALTHCARE LTD,26230272,"-113,277.95"
Department of Health,NHS Greater Huddersfield CCG,3/31/2019,Hlthcre-Foundation Trsts,MENTAL HEALTH CONTRACTS,SOUTH WEST YORKSHIRE PARTNERSHIP NHS FOUNDATION TRUST,26271657,"400,000.00"
Department of Health,NHS Greater Huddersfield CCG,3/31/2019,Clinical&Medical-Not For Profit,REABLEMENT,LOCALA COMMUNITY PARTNERSHIPS CIC,26271669,"38,416.66"
Department of Health,NHS Greater Huddersfield CCG,3/31/2019,Oth Travel Costs-Car Mileage,PRIMARY CARE IT,NHS CALDERDALE CCG,26271678,151.47
Department of Health,NHS Greater Huddersfield CCG,3/31/2019,Seconded-Basic Sal-Staff fm oth org,PRIMARY CARE IT,NHS CALDERDALE CCG,26271678,"22,173.47"
Department of Health,NHS Greater Huddersfield CCG,3/31/2019,Seconded-Employer's NHI Costs,PRIMARY CARE IT,NHS CALDERDALE CCG,26271678,"1,868.51"
Department of Health,NHS Greater Huddersfield CCG,3/31/2019,Seconded-Employer's Pension Costs,PRIMARY CARE IT,NHS CALDERDALE CCG,26271678,"3,062.65"
Department of Health,NHS Greater Huddersfield CCG,3/31/2019,Hcare Srv Rec Fdtn Trust-CQUIN,MENTAL HEALTH CONTRACTS,SOUTH WEST YORKSHIRE PARTNERSHIP NHS FOUNDATION TRUST,26271688,"68,166.00"
Department of Health,NHS Greater Huddersfield CCG,3/31/2019,Clinical&Medical-Clinical Other,GP FORWARD VIEW,LOCAL CARE DIRECT,26271690,"81,350.92"
Department of Health,NHS Greater Huddersfield CCG,3/31/2019,Hcare Srv Rec Fdtn Trust-CQUIN,MENTAL HEALTH CONTRACTS,SOUTH WEST YORKSHIRE PARTNERSHIP NHS FOUNDATION TRUST,26271715,"22,722.00"
Department of Health,NHS Greater Huddersfield CCG,3/31/2019,Hcare Srv Rec Fdtn Trust-Contract Baseline,MENTAL HEALTH CONTRACTS,SOUTH WEST YORKSHIRE PARTNERSHIP NHS FOUNDATION TRUST,26271715,"1,838,319.00"
Department of Health,NHS Greater Huddersfield CCG,3/31/2019,Hlthcre-Foundation Trsts,MENTAL HEALTH CONTRACTS,SOUTH WEST YORKSHIRE PARTNERSHIP NHS FOUNDATION TRUST,26271721,"-400,000.00"
Department of Health,NHS Greater Huddersfield CCG,3/31/2019,Clinical&Medical-Not For Profit,COMMUNITY SERVICES,LOCALA COMMUNITY PARTNERSHIPS CIC,26310999,"1,717,879.74"
Department of Health,NHS Greater Huddersfield CCG,3/31/2019,Hcare Srv Rec NHS Trust,NHS 111,YORKSHIRE AMBULANCE SERVICE NHS TRUST,26311002,"53,320.00"
Department of Health,NHS Greater Huddersfield CCG,3/31/2019,Hcare Srv Rec NHS Trust-Contract Baseline,OUT OF HOURS,YORKSHIRE AMBULANCE SERVICE NHS TRUST,26311004,"144,073.60"
Department of Health,NHS Greater Huddersfield CCG,3/31/2019,Voids and Subsidies,PRC DELEGATED CO-COMMISSIONING,COLNE VALLEY GROUP PRACTICE,26335502,"45,349.00"
Department of Health,NHS Greater Huddersfield CCG,3/31/2019,Rates,ESTATES AND FACILITIES,FMG SUPPORT GROUP LTD,26368252,"33,472.04"
Department of Health,NHS Greater Huddersfield CCG,3/31/2019,Hcare Srv Rec Fdtn Trust-CQUIN,ACUTE COMMISSIONING,BARNSLEY HOSPITAL NHS FOUNDATION TRUST,26368259,"9,952.00"
Department of Health,NHS Greater Huddersfield CCG,3/31/2019,Hcare Srv Rec Fdtn Trust-Contract Baseline,ACUTE COMMISSIONING,BARNSLEY HOSPITAL NHS FOUNDATION TRUST,26368259,"411,586.00"
Department of Health,NHS Greater Huddersfield CCG,3/31/2019,Hcare Srv Rec Fdtn Trust-Over/ Under Performance,ACUTE COMMISSIONING,SHEFFIELD TEACHING HOSPITALS NHS FOUNDATION TRUST,26368260,"34,779.00"
Department of Health,NHS Greater Huddersfield CCG,3/31/2019,Clinical&Medical-Independent Sector,ACUTE COMMISSIONING,SPIRE HEALTHCARE LTD,26368266,"132,068.00"
Department of Health,NHS Greater Huddersfield CCG,3/31/2019,Hcare Srv Rec Fdtn Trust-Contract Baseline,ACUTE COMMISSIONING,BRADFORD TEACHING HOSPITALS NHS FOUNDATION TRUST,26368272,"172,248.00"
Department of Health,NHS Greater Huddersfield CCG,3/31/2019,Hcare Srv Rec NHS Trust-CQUIN,ACUTE COMMISSIONING,MID YORKSHIRE HOSPITALS NHS TRUST,26368286,"2,308.00"
Department of Health,NHS Greater Huddersfield CCG,3/31/2019,Hcare Srv Rec NHS Trust-Contract Baseline,ACUTE COMMISSIONING,MID YORKSHIRE HOSPITALS NHS TRUST,26368286,"200,312.00"
Department of Health,NHS Greater Huddersfield CCG,3/31/2019,Clinical&Medical-Independent Sector,ACUTE COMMISSIONING,CLAREMONT HOSPITAL,26368296,"66,512.00"
Department of Health,NHS Greater Huddersfield CCG,3/31/2019,Clinical&Medical-Independent Sector,WHEELCHAIR SERVICE,OPCARE LTD,26368325,"41,664.00"
Department of Health,NHS Greater Huddersfield CCG,3/31/2019,C&M-APMS Contract Value,PRC DELEGATED CO-COMMISSIONING,LOCALA COMMUNITY PARTNERSHIPS CIC,26391244,"38,000.00"
Department of Health,NHS Greater Huddersfield CCG,3/31/2019,Hcare Srv Rec NHS Trust-Contract Baseline,AMBULANCE SERVICES,YORKSHIRE AMBULANCE SERVICE NHS TRUST,26434599,"750,337.00"
Department of Health,NHS Greater Huddersfield CCG,3/31/2019,Hcare Srv Rec Fdtn Trust-Non Contract,LEARNING DIFFICULTIES,SOUTH WEST YORKSHIRE PARTNERSHIP NHS FOUNDATION TRUST,26434604,"25,000.00"
Department of Health,NHS Greater Huddersfield CCG,3/31/2019,Hcare Srv Rec NHS Trust,PATIENT TRANSPORT,YORKSHIRE AMBULANCE SERVICE NHS TRUST,26434613,"121,818.28"
Department of Health,NHS Greater Huddersfield CCG,3/31/2019,Non-PFI Oprtng Lease-Bldgs-Lease Rent,RECHARGES NHS PROPERTY SERVICES LTD,NHS PROPERTY SERVICES LTD,26434661,"97,791.36"
Department of Health,NHS Greater Huddersfield CCG,3/31/2019,Clinical&Medical-Othe Public Sector,CARERS,KIRKLEES METROPOLITAN COUNCIL,26434716,"14,321.42"
Department of Health,NHS Greater Huddersfield CCG,3/31/2019,Clinical&Medical-Othe Public Sector,COMMUNITY SERVICES,KIRKLEES METROPOLITAN COUNCIL,26434716,"646,158.79"
Department of Health,NHS Greater Huddersfield CCG,3/31/2019,Clinical&Medical-Othe Public Sector,INTERMEDIATE CARE,KIRKLEES METROPOLITAN COUNCIL,26434716,"49,065.70"
Department of Health,NHS Greater Huddersfield CCG,3/31/2019,Clinical&Medical-Othe Public Sector,LONG TERM CONDITIONS,KIRKLEES METROPOLITAN COUNCIL,26434716,"25,931.09"
Department of Health,NHS Greater Huddersfield CCG,3/31/2019,Clinical&Medical-Othe Public Sector,REABLEMENT,KIRKLEES METROPOLITAN COUNCIL,26434716,"56,523.00"
Department of Health,NHS Greater Huddersfield CCG,3/31/2019,Hlthcre-Foundation Trsts,ACUTE COMMISSIONING,CALDERDALE & HUDDERSFIELD NHS FOUNDATION TRUST,26434735,"450,000.00"
Department of Health,NHS Greater Huddersfield CCG,3/31/2019,Clinical&Medical-Serv Recd-F Trsts,IM&T,CALDERDALE & HUDDERSFIELD NHS FOUNDATION TRUST,26434736,"10,238.79"
Department of Health,NHS Greater Huddersfield CCG,3/31/2019,Clinical&Medical-Serv Recd-F Trsts,PRIMARY CARE IT,CALDERDALE & HUDDERSFIELD NHS FOUNDATION TRUST,26434736,"34,679.17"
Department of Health,NHS Greater Huddersfield CCG,3/31/2019,Clinical&Medical-Voluntary Sector,MENTAL HEALTH CONTRACTS,TOUCHSTONE-LEEDS,26453950,"58,366.00"
Department of Health,NHS Greater Huddersfield CCG,3/31/2019,Hcare Srv Rec Fdtn Trust-Non Contract,ACUTE COMMISSIONING,CALDERDALE & HUDDERSFIELD NHS FOUNDATION TRUST,26510584,"110,757.00"
Department of Health,NHS Greater Huddersfield CCG,3/31/2019,Clinical&Medical-Independent Sector,ACUTE COMMISSIONING,SPIRE HEALTHCARE LTD,26510604,"42,135.90"
Department of Health,NHS Greater Huddersfield CCG,3/31/2019,Hcare Srv Rec Fdtn Trust-Non Contract,NCAS/OATS,KINGSTON HOSPITAL NHS FOUNDATION TRUST,26510681,"50,696.19"
Department of Health,NHS Greater Huddersfield CCG,3/31/2019,Clinical&Medical-Independent Sector,ACUTE COMMISSIONING,ONEHEALTH GROUP,26510689,"36,562.91"
Department of Health,NHS Greater Huddersfield CCG,3/31/2019,C&M-GMS Practice Transformational Support,LOCAL ENHANCED SERVICES,MY HEALTH HUDDERSFIELD LTD,26510740,"75,745.00"
Department of Health,NHS Greater Huddersfield CCG,3/31/2019,Clinical&Medical-Independent Sector,WHEELCHAIR SERVICE,OPCARE LTD,26510857,"70,000.00"
Department of Health,NHS Greater Huddersfield CCG,3/31/2019,C&M-PMS LES Primary Care Offer,PRC DELEGATED CO-COMMISSIONING,PRESCRIBING SUPPORT SERVICES,26528599,"29,370.00"
Department of Health,NHS Greater Huddersfield CCG,3/31/2019,Computer Hardware Purch,PRIMARY CARE IT,DELL CORPORATION LTD,26528712,"31,565.74"
Department of Health,NHS Greater Huddersfield CCG,3/31/2019,Non-PFI Oprtng Lease-Bldgs-Lease Rent,RECHARGES NHS PROPERTY SERVICES LTD,LOCALA COMMUNITY PARTNERSHIPS CIC,26575411,"153,416.67"
Department of Health,NHS Greater Huddersfield CCG,3/31/2019,Non-PFI Oprtng Lease-Bldgs-Lease Rent,RECHARGES NHS PROPERTY SERVICES LTD,NHS NORTH KIRKLEES CCG,26575413,"580,004.00"
Department of Health,NHS Greater Huddersfield CCG,3/31/2019,Clinical&Medical-Independent Sector,NCAS/OATS,SPAMEDICA LTD,26575418,"63,216.40"
Department of Health,NHS Greater Huddersfield CCG,3/31/2019,Hcare Srv Rec Fdtn Trust-Contract Baseline,ACUTE COMMISSIONING,SHEFFIELD TEACHING HOSPITALS NHS FOUNDATION TRUST,26575430,"65,794.00"
Department of Health,NHS Greater Huddersfield CCG,3/31/2019,Hcare Srv Rec Fdtn Trust-Contract Baseline,MENTAL HEALTH CONTRACTS,SOUTH WEST YORKSHIRE PARTNERSHIP NHS FOUNDATION TRUST,26604980,"27,030.00"
Department of Health,NHS Greater Huddersfield CCG,3/31/2019,Clinical&Medical-Voluntary Sector,Learning Difficulties - S117,NHS NORTH KIRKLEES CCG,26608007,"174,862.36"
Department of Health,NHS Greater Huddersfield CCG,3/31/2019,Clinical&Medical-Voluntary Sector,MENTAL HEALTH SERVICES - OTHER,NHS NORTH KIRKLEES CCG,26608007,"332,851.93"
Department of Health,NHS Greater Huddersfield CCG,3/31/2019,Clinical&Medical-Voluntary Sector,Mental Health Services - S117 Mental Health,NHS NORTH KIRKLEES CCG,26608007,"84,834.46"
Department of Health,NHS Greater Huddersfield CCG,3/31/2019,Cont Care- Children,CHC CHILD PERS HLTH BUD,NHS NORTH KIRKLEES CCG,26608007,"4,481.39"
Department of Health,NHS Greater Huddersfield CCG,3/31/2019,Cont Care- Children,CHC CHILDREN,NHS NORTH KIRKLEES CCG,26608007,"98,161.96"
Department of Health,NHS Greater Huddersfield CCG,3/31/2019,Cont Care- Palliative Care,CHC ADULT FULLY FUNDED,NHS NORTH KIRKLEES CCG,26608007,"60,034.07"
Department of Health,NHS Greater Huddersfield CCG,3/31/2019,Cont Care-Funded Nursing Care Allow,FUNDED NURSING CARE,NHS NORTH KIRKLEES CCG,26608007,"125,911.85"
Department of Health,NHS Greater Huddersfield CCG,3/31/2019,Cont Care-Learning Disab(<65),CHC ADULT JOINT FUNDED,NHS NORTH KIRKLEES CCG,26608007,"314,240.96"
Department of Health,NHS Greater Huddersfield CCG,3/31/2019,Cont Care-Physical Disab (<65),CHC AD FULL FUND PERS HLTH BUD,NHS NORTH KIRKLEES CCG,26608007,"84,102.91"
Department of Health,NHS Greater Huddersfield CCG,3/31/2019,Cont Care-Physical Disab (<65),CHC ADULT FULLY FUNDED,NHS NORTH KIRKLEES CCG,26608007,"720,518.11"
Department of Health,NHS Greater Huddersfield CCG,3/31/2019,Cont Care-Learning Disab(<65),CHC ADULT FULLY FUNDED,NHS NORTH KIRKLEES CCG,26608009,"54,114.78"
Department of Health,NHS Greater Huddersfield CCG,3/31/2019,Cont Care-Physical Disab (<65),CHC ADULT FULLY FUNDED,NHS NORTH KIRKLEES CCG,26608009,"611,651.97"
Department of Health,NHS Greater Huddersfield CCG,3/31/2019,Cont Care-Physical Disab (<65),CHC ADULT FULLY FUNDED,NHS NORTH KIRKLEES CCG,26608065,"-1,751,244.25"
Department of Health,NHS Greater Huddersfield CCG,3/31/2019,Oth Travel Costs-Training Trav&Subs,CONTINUING HEALTHCARE ASSESSMENT & SUPPORT,NHS NORTH KIRKLEES CCG,26608066,"1,829.70"
Department of Health,NHS Greater Huddersfield CCG,3/31/2019,Seconded-Basic Sal-Staff fm oth org,CONTINUING HEALTHCARE ASSESSMENT & SUPPORT,NHS NORTH KIRKLEES CCG,26608066,"111,960.75"
Department of Health,NHS Greater Huddersfield CCG,3/31/2019,Seconded-Employer's NHI Costs,CONTINUING HEALTHCARE ASSESSMENT & SUPPORT,NHS NORTH KIRKLEES CCG,26608066,"10,206.87"
Department of Health,NHS Greater Huddersfield CCG,3/31/2019,Seconded-Employer's Pension Costs,CONTINUING HEALTHCARE ASSESSMENT & SUPPORT,NHS NORTH KIRKLEES CCG,26608066,"14,280.18"
Department of Health,NHS Greater Huddersfield CCG,3/31/2019,Oth Travel Costs-Car Mileage,MH/LD ASSESSMENT & SUPPORT,NHS NORTH KIRKLEES CCG,26608070,"1,010.33"
Department of Health,NHS Greater Huddersfield CCG,3/31/2019,Seconded-Basic Sal-Staff fm oth org,MH/LD ASSESSMENT & SUPPORT,NHS NORTH KIRKLEES CCG,26608070,"28,916.21"
Department of Health,NHS Greater Huddersfield CCG,3/31/2019,Seconded-Employer's NHI Costs,MH/LD ASSESSMENT & SUPPORT,NHS NORTH KIRKLEES CCG,26608070,"3,100.68"
Department of Health,NHS Greater Huddersfield CCG,3/31/2019,Seconded-Employer's Pension Costs,MH/LD ASSESSMENT & SUPPORT,NHS NORTH KIRKLEES CCG,26608070,"4,158.13"
Department of Health,NHS Greater Huddersfield CCG,3/31/2019,Seconded-Basic Sal-Staff fm oth org,CEO/ BOARD OFFICE,NHS NORTH KIRKLEES CCG,26608075,"25,405.24"
Department of Health,NHS Greater Huddersfield CCG,3/31/2019,Seconded-Employer's NHI Costs,CEO/ BOARD OFFICE,NHS NORTH KIRKLEES CCG,26608075,"3,180.79"
Department of Health,NHS Greater Huddersfield CCG,3/31/2019,Seconded-Employer's Pension Costs,CEO/ BOARD OFFICE,NHS NORTH KIRKLEES CCG,26608075,"3,653.28"
Department of Health,NHS Greater Huddersfield CCG,3/31/2019,Clinical&Medical-Not For Profit,LOCAL ENHANCED SERVICES,LOCALA COMMUNITY PARTNERSHIPS CIC,26608094,"38,416.66"
Department of Health,NHS Greater Huddersfield CCG,3/31/2019,Clinical&Medical-Independent Sector,NCAS/OATS,SPECSAVERS HEARCARE LTD,26608107,"25,456.54"
Department of Health,NHS Greater Huddersfield CCG,3/31/2019,Clinical&Medical-Othe Public Sector,MENTAL HEALTH SERVICES - OTHER,KIRKLEES METROPOLITAN COUNCIL,26608117,"65,252.00"
Department of Health,NHS Greater Huddersfield CCG,3/31/2019,External Data Contracts,EMERGENCY PLANNING,NHS NORTH OF ENGLAND CSU,26626399,"84,739.00"
Department of Health,NHS Greater Huddersfield CCG,3/31/2019,Hcare Srv Rec NHS Trust-CQUIN,ACUTE COMMISSIONING,MID YORKSHIRE HOSPITALS NHS TRUST,26649620,"27,696.00"
Department of Health,NHS Greater Huddersfield CCG,3/31/2019,Hcare Srv Rec NHS Trust-Over/ Under Performance,ACUTE COMMISSIONING,MID YORKSHIRE HOSPITALS NHS TRUST,26649622,"-43,062.00"
Department of Health,NHS Greater Huddersfield CCG,3/31/2019,Clinical&Medical-Not For Profit,COMMUNITY SERVICES,LOCALA COMMUNITY PARTNERSHIPS CIC,26649639,"1,717,879.74"
Department of Health,NHS Greater Huddersfield CCG,3/31/2019,Hcare Srv Rec Fdtn Trust-Contract Baseline,ACUTE COMMISSIONING,CALDERDALE & HUDDERSFIELD NHS FOUNDATION TRUST,26649661,"10,698,360.71"
Department of Health,NHS Greater Huddersfield CCG,3/31/2019,Hcare Srv Rec Fdtn Trust-CQUIN,ACUTE COMMISSIONING,CALDERDALE & HUDDERSFIELD NHS FOUNDATION TRUST,26649663,"127,029.12"
Department of Health,NHS Greater Huddersfield CCG,3/31/2019,Hcare Srv Rec Fdtn Trust-Non Contract,NCAS/OATS,WRIGHTINGTON WIGAN & LEIGH NHS FOUNDATION TRUST,26649667,"27,874.55"
Department of Health,NHS Greater Huddersfield CCG,3/31/2019,Clinical&Medical-Serv Recd-CCGs,PRIMARY CARE INVESTMENTS,NHS NORTH KIRKLEES CCG,26664482,"186,000.00"
Department of Health,NHS Greater Huddersfield CCG,3/31/2019,Clinical&Medical-Othe Public Sector,PRIMARY CARE INVESTMENTS,KIRKLEES METROPOLITAN COUNCIL,26664489,"237,000.00"
