North Tyneside CCG Transparency Report August 2018,,,,,,,
Department family,Entity,Date,Expense Type,Expense area,Supplier,Transaction number,AP Amount �
Department of Health,NHS North Tyneside CCG,8/31/2018,Clinical&Medical-Independent Sector,PRESCRIBING,NORTH WEST OSTOMY SUPPLIES,23372994,78754.11
Department of Health,NHS North Tyneside CCG,8/31/2018,Clinical&Medical-Independent Sector,OUT OF HOURS,NORTHERN DOCTORS URGENT CARE,23619027,128052.83
Department of Health,NHS North Tyneside CCG,8/31/2018,Clinical&Medical-Independent Sector,COMMISSIONING - NON ACUTE,TYNEHEALTH LTD,23262857,35321.13
Department of Health,NHS North Tyneside CCG,8/31/2018,Clinical&Medical-Independent Sector,GP FORWARD VIEW,TYNEHEALTH LTD,23178093,-26949.61
Department of Health,NHS North Tyneside CCG,8/31/2018,Clinical&Medical-Independent Sector,GP FORWARD VIEW,TYNEHEALTH LTD,23662810,49441.81
Department of Health,NHS North Tyneside CCG,8/31/2018,Clinical&Medical-Independent Sector,GP FORWARD VIEW,TYNEHEALTH LTD,23679395,-33164.51
Department of Health,NHS North Tyneside CCG,8/31/2018,Clinical&Medical-Independent Sector,GP FORWARD VIEW,TYNEHEALTH LTD,23679403,-25526.97
Department of Health,NHS North Tyneside CCG,8/31/2018,Clinical&Medical-Independent Sector,GP FORWARD VIEW,TYNEHEALTH LTD,23679409,-46413.82
Department of Health,NHS North Tyneside CCG,8/31/2018,Clinical&Medical-Independent Sector,GP FORWARD VIEW,TYNEHEALTH LTD,23679415,-37366.76
Department of Health,NHS North Tyneside CCG,8/31/2018,Clinical&Medical-Independent Sector,GP FORWARD VIEW,TYNEHEALTH LTD,23679421,-31802.72
Department of Health,NHS North Tyneside CCG,8/31/2018,Clinical&Medical-Independent Sector,GP FORWARD VIEW,TYNEHEALTH LTD,23679425,-38082.79
Department of Health,NHS North Tyneside CCG,8/31/2018,Hcare Srv Rec Fdtn Trust-Contract Baseline,ACUTE COMMISSIONING,GATESHEAD HEALTH NHS FOUNDATION TRUST,23316217,53434.00
Department of Health,NHS North Tyneside CCG,8/31/2018,Hcare Srv Rec Fdtn Trust-Contract Baseline,ACUTE COMMISSIONING,NEWCASTLE UPON TYNE HOSPITALS NHS FOUNDATION TRUST,23353454,5355825.41
Department of Health,NHS North Tyneside CCG,8/31/2018,Hcare Srv Rec Fdtn Trust-Contract Baseline,ACUTE COMMISSIONING,NORTHUMBRIA HEALTHCARE NHS FOUNDATION TRUST,23352190,9425207.92
Department of Health,NHS North Tyneside CCG,8/31/2018,Hcare Srv Rec Fdtn Trust-Contract Baseline,AMBULANCE SERVICES,NORTH EAST AMBULANCE SERVICES NHS TRUST,23467656,693787.00
Department of Health,NHS North Tyneside CCG,8/31/2018,Hcare Srv Rec Fdtn Trust-Contract Baseline,COMMUNITY SERVICES,NEWCASTLE UPON TYNE HOSPITALS NHS FOUNDATION TRUST,23353453,74400.00
Department of Health,NHS North Tyneside CCG,8/31/2018,Hcare Srv Rec Fdtn Trust-Contract Baseline,COMMUNITY SERVICES,NORTHUMBRIA HEALTHCARE NHS FOUNDATION TRUST,23352189,1796822.00
Department of Health,NHS North Tyneside CCG,8/31/2018,Hcare Srv Rec Fdtn Trust-Contract Baseline,NHS 111,NORTH EAST AMBULANCE SERVICES NHS TRUST,23467657,54089.67
Department of Health,NHS North Tyneside CCG,8/31/2018,Charges from CSU,CEO/ BOARD OFFICE,NHS NORTH OF ENGLAND CSU,23352191,214431.00
Department of Health,NHS North Tyneside CCG,8/31/2018,Computer Hardware Purch,PRIMARY CARE DEVELOPMENT,EGTON MEDICAL INFORMATION SYSTEMS LTD,23372083,66643.00
Department of Health,NHS North Tyneside CCG,8/31/2018,C&M-GMS/PMS,PRC DELEGATED CO-COMMISSIONING,APPLEBY SURGERY,23403700,56140.23
Department of Health,NHS North Tyneside CCG,8/31/2018,C&M-GMS/PMS,PRC DELEGATED CO-COMMISSIONING,BATTLEHILL HEALTH CENTRE,23403158,127792.14
Department of Health,NHS North Tyneside CCG,8/31/2018,C&M-GMS/PMS,PRC DELEGATED CO-COMMISSIONING,DR ABRAHAM & PARTNERS,23403160,68889.64
Department of Health,NHS North Tyneside CCG,8/31/2018,C&M-GMS/PMS,PRC DELEGATED CO-COMMISSIONING,DR AT 49 MARINE AVENUE,23403162,50968.24
Department of Health,NHS North Tyneside CCG,8/31/2018,C&M-GMS/PMS,PRC DELEGATED CO-COMMISSIONING,DR KILGOUR & PARTNERS,23403164,114908.79
Department of Health,NHS North Tyneside CCG,8/31/2018,C&M-GMS/PMS,PRC DELEGATED CO-COMMISSIONING,DR LACKEY & PARTNERS,23403170,53384.33
Department of Health,NHS North Tyneside CCG,8/31/2018,C&M-GMS/PMS,PRC DELEGATED CO-COMMISSIONING,DR MAY & PARTNERS,23403168,80925.21
Department of Health,NHS North Tyneside CCG,8/31/2018,C&M-GMS/PMS,PRC DELEGATED CO-COMMISSIONING,DR MEARS & PARTNERS,23403166,46561.64
Department of Health,NHS North Tyneside CCG,8/31/2018,C&M-GMS/PMS,PRC DELEGATED CO-COMMISSIONING,DR PRESTON & PARTNER,23403175,46518.66
Department of Health,NHS North Tyneside CCG,8/31/2018,C&M-GMS/PMS,PRC DELEGATED CO-COMMISSIONING,DR RAE & PARTNERS,23403172,56561.11
Department of Health,NHS North Tyneside CCG,8/31/2018,C&M-GMS/PMS,PRC DELEGATED CO-COMMISSIONING,DR ROBERTS & PARTNERS NORTH SHIELDS,23403174,131343.14
Department of Health,NHS North Tyneside CCG,8/31/2018,C&M-GMS/PMS,PRC DELEGATED CO-COMMISSIONING,DR SCARLETT & PARTNERS,23403177,53878.20
Department of Health,NHS North Tyneside CCG,8/31/2018,C&M-GMS/PMS,PRC DELEGATED CO-COMMISSIONING,DR TAPSFIELD & PARTNERS,23403179,171181.20
Department of Health,NHS North Tyneside CCG,8/31/2018,C&M-GMS/PMS,PRC DELEGATED CO-COMMISSIONING,DR THORNTON & PARTNERS,23403181,93115.19
Department of Health,NHS North Tyneside CCG,8/31/2018,C&M-GMS/PMS,PRC DELEGATED CO-COMMISSIONING,FOREST HALL HEALTH CENTRE,23403183,89999.67
Department of Health,NHS North Tyneside CCG,8/31/2018,C&M-GMS/PMS,PRC DELEGATED CO-COMMISSIONING,LANE END SURGERY,23403712,73831.55
Department of Health,NHS North Tyneside CCG,8/31/2018,C&M-GMS/PMS,PRC DELEGATED CO-COMMISSIONING,MARINE AVENUE MEDICAL CENTRE,23403710,62466.24
Department of Health,NHS North Tyneside CCG,8/31/2018,C&M-GMS/PMS,PRC DELEGATED CO-COMMISSIONING,MERSTOW GREEN MEDICAL PRACTICE NEWCASTLE TYNE,23403184,70224.21
Department of Health,NHS North Tyneside CCG,8/31/2018,C&M-GMS/PMS,PRC DELEGATED CO-COMMISSIONING,MERSTOW GREEN MEDICAL PRACTICE WHITLEY BAY,23403185,39808.49
Department of Health,NHS North Tyneside CCG,8/31/2018,C&M-GMS/PMS,PRC DELEGATED CO-COMMISSIONING,MONKSEATON MEDICAL CENTRE,23403702,80726.11
Department of Health,NHS North Tyneside CCG,8/31/2018,C&M-GMS/PMS,PRC DELEGATED CO-COMMISSIONING,NELSON MEDICAL GROUP,23403187,76367.99
Department of Health,NHS North Tyneside CCG,8/31/2018,C&M-GMS/PMS,PRC DELEGATED CO-COMMISSIONING,NORTHUMBERLAND PARK MEDICAL GROUP,23403189,65742.84
Department of Health,NHS North Tyneside CCG,8/31/2018,C&M-GMS/PMS,PRC DELEGATED CO-COMMISSIONING,PARK ROAD MEDICAL PRACTICE,23403708,46380.49
Department of Health,NHS North Tyneside CCG,8/31/2018,C&M-GMS/PMS,PRC DELEGATED CO-COMMISSIONING,PORTUGAL PLACE HEALTH CENTRE,23403195,102932.43
Department of Health,NHS North Tyneside CCG,8/31/2018,C&M-GMS/PMS,PRC DELEGATED CO-COMMISSIONING,REDBURN PARK MEDICAL CENTRE,23403706,43545.91
Department of Health,NHS North Tyneside CCG,8/31/2018,C&M-GMS/PMS,PRC DELEGATED CO-COMMISSIONING,VILLAGE GREEN SURGERY,23403193,93936.38
Department of Health,NHS North Tyneside CCG,8/31/2018,C&M-GMS/PMS,PRC DELEGATED CO-COMMISSIONING,WELLSPRING MEDICAL GROUP,23403704,57182.68
Department of Health,NHS North Tyneside CCG,8/31/2018,C&M-GMS/PMS,PRC DELEGATED CO-COMMISSIONING,WEST FARM SURGERY,23403191,55529.16
Department of Health,NHS North Tyneside CCG,8/31/2018,Clinical&Medical-Othe Public Sector,COUNSELLING SERVICES,NORTH TYNESIDE COUNCIL,23436008,28000.00
Department of Health,NHS North Tyneside CCG,8/31/2018,Clinical&Medical-Othe Public Sector,COUNSELLING SERVICES,NORTH TYNESIDE COUNCIL,23436020,-28000.00
Department of Health,NHS North Tyneside CCG,8/31/2018,Clinical&Medical-Commercial Sector,INTERMEDIATE CARE,AKARI CARE LTD (A),23436017,48007.49
Department of Health,NHS North Tyneside CCG,8/31/2018,Hcare Srv Rec Fdtn Trust-Non Contract,ACUTE COMMISSIONING,NORTHUMBRIA HEALTHCARE NHS FOUNDATION TRUST,23436572,87650.64
Department of Health,NHS North Tyneside CCG,8/31/2018,Income tax <1Yr,BALANCE SHEET,HMRC,23455727,32265.40
Department of Health,NHS North Tyneside CCG,8/31/2018,Income tax <1Yr-Student Loans,BALANCE SHEET,HMRC,23455727,650.00
Department of Health,NHS North Tyneside CCG,8/31/2018,National Insurance < 1 yr-NI- ERS,BALANCE SHEET,HMRC,23455727,21193.66
Department of Health,NHS North Tyneside CCG,8/31/2018,National Insurance < 1 yr-NI-EES,BALANCE SHEET,HMRC,23455727,14788.36
Department of Health,NHS North Tyneside CCG,8/31/2018,Statutory Mat Pay < 1 yr,BALANCE SHEET,HMRC,23455727,-3167.15
Department of Health,NHS North Tyneside CCG,8/31/2018,Cont Care- Adult 100% Fully Funded,CHC ADULT FULLY FUNDED,NORTH TYNESIDE COUNCIL,23568343,691000.00
Department of Health,NHS North Tyneside CCG,8/31/2018,Cont Care- Adult 100% Fully Funded,CHC ADULT FULLY FUNDED,NORTH TYNESIDE COUNCIL,23568344,1000000.00
Department of Health,NHS North Tyneside CCG,8/31/2018,Clinical&Medical-Voluntary Sector,HOSPICES,MARIE CURIE,23707396,73262.75
Department of Health,NHS North Tyneside CCG,8/31/2018,Clinical&Medical-Voluntary Sector,PALLIATIVE CARE,ST OSWALDS HOSPICE,23587851,25224.69
,,,,,,,
,,,,,,,
