North Tyneside CCG Transparency Report April 2018,,,,,,,
Department family,Entity,Date,Expense Type,Expense area,Supplier,Transaction number,AP Amount �
Department of Health,NHS North Tyneside CCG,4/30/2018,Clinical&Medical-Independent Sector,ACUTE COMMISSIONING,SPIRE HEALTHCARE LTD,21597029,81253.00
Department of Health,NHS North Tyneside CCG,4/30/2018,Clinical&Medical-Independent Sector,ACUTE COMMISSIONING,SPIRE HEALTHCARE LTD,21609390,-81253.00
Department of Health,NHS North Tyneside CCG,4/30/2018,Clinical&Medical-Independent Sector,LOCAL ENHANCED SERVICES,COLLINGWOOD SURGERY,21853309,35400.80
Department of Health,NHS North Tyneside CCG,4/30/2018,Clinical&Medical-Independent Sector,PRESCRIBING,FIRST DATABANK EUROPE LTD,21945078,87191.23
Department of Health,NHS North Tyneside CCG,4/30/2018,Clinical&Medical-Independent Sector,PRESCRIBING,NORTH WEST OSTOMY SUPPLIES,21672802,66663.17
Department of Health,NHS North Tyneside CCG,4/30/2018,Clinical&Medical-Independent Sector,OUT OF HOURS,NORTHERN DOCTORS URGENT CARE,21624528,126658.33
Department of Health,NHS North Tyneside CCG,4/30/2018,Clinical&Medical-Independent Sector,OUT OF HOURS,NORTHERN DOCTORS URGENT CARE,21903031,128052.83
Department of Health,NHS North Tyneside CCG,4/30/2018,Clinical&Medical-Independent Sector,LONG TERM CONDITIONS,SPIRIT HEALTHCARE LTD,21562005,84000.00
Department of Health,NHS North Tyneside CCG,4/30/2018,Clinical&Medical-Othe Public Sector,CHILD AND ADOLESCENT MENTAL HEALTH,NORTH TYNESIDE COUNCIL,21572263,83000.00
Department of Health,NHS North Tyneside CCG,4/30/2018,Hcare Srv Rec Fdtn Trust-Contract Baseline,ACUTE COMMISSIONING,GATESHEAD HEALTH NHS FOUNDATION TRUST,21624533,53434.00
Department of Health,NHS North Tyneside CCG,4/30/2018,Hcare Srv Rec Fdtn Trust-Contract Baseline,ACUTE COMMISSIONING,NEWCASTLE UPON TYNE HOSPITALS NHS FOUNDATION TRUST,21697857,5355825.42
Department of Health,NHS North Tyneside CCG,4/30/2018,Hcare Srv Rec Fdtn Trust-Contract Baseline,ACUTE COMMISSIONING,NEWCASTLE UPON TYNE HOSPITALS NHS FOUNDATION TRUST,21846877,300000.00
Department of Health,NHS North Tyneside CCG,4/30/2018,Hcare Srv Rec Fdtn Trust-Contract Baseline,ACUTE COMMISSIONING,NORTHUMBRIA HEALTHCARE NHS FOUNDATION TRUST,21641518,9192833.00
Department of Health,NHS North Tyneside CCG,4/30/2018,Hcare Srv Rec Fdtn Trust-Contract Baseline,AMBULANCE SERVICES,NORTH EAST AMBULANCE SERVICES NHS TRUST,21672803,614786.00
Department of Health,NHS North Tyneside CCG,4/30/2018,Hcare Srv Rec Fdtn Trust-Contract Baseline,COMMUNITY SERVICES,NEWCASTLE UPON TYNE HOSPITALS NHS FOUNDATION TRUST,21697859,75325.25
Department of Health,NHS North Tyneside CCG,4/30/2018,Hcare Srv Rec Fdtn Trust-Contract Baseline,COMMUNITY SERVICES,NORTHUMBRIA HEALTHCARE NHS FOUNDATION TRUST,21641519,1903387.50
Department of Health,NHS North Tyneside CCG,4/30/2018,Hcare Srv Rec Fdtn Trust-Contract Baseline,MENTAL HEALTH CONTRACTS,NORTHUMBERLAND TYNE AND WEAR NHS FOUNDATION TRUST,21731173,1622497.00
Department of Health,NHS North Tyneside CCG,4/30/2018,Hcare Srv Rec Fdtn Trust-Contract Baseline,NHS 111,NORTH EAST AMBULANCE SERVICES NHS TRUST,21795111,54089.67
Department of Health,NHS North Tyneside CCG,4/30/2018,Hcare Srv Rec Fdtn Trust-Non Contract,ACUTE COMMISSIONING,NORTHUMBRIA HEALTHCARE NHS FOUNDATION TRUST,21697827,87650.65
Department of Health,NHS North Tyneside CCG,4/30/2018,Hcare Srv Rec Fdtn Trust-Non Contract,NCAS/OATS,CITY HOSPITALS SUNDERLAND FOUNDATION NHS TRUST,21636663,42850.00
Department of Health,NHS North Tyneside CCG,4/30/2018,Hcare Srv Rec Fdtn Trust-Non Contract,NCAS/OATS,CITY HOSPITALS SUNDERLAND FOUNDATION NHS TRUST,21636670,48427.00
Department of Health,NHS North Tyneside CCG,4/30/2018,Recharge : Received,PRESCRIBING,NHS NEWCASTLE GATESHEAD CCG,21636706,40206.24
Department of Health,NHS North Tyneside CCG,4/30/2018,C&M-GMS/PMS,LOCAL ENHANCED SERVICES,BATTLEHILL HEALTH CENTRE,21797949,545.21
Department of Health,NHS North Tyneside CCG,4/30/2018,C&M-GMS/PMS,PRC DELEGATED CO-COMMISSIONING,APPLEBY SURGERY,21659768,65443.09
Department of Health,NHS North Tyneside CCG,4/30/2018,C&M-GMS/PMS,PRC DELEGATED CO-COMMISSIONING,BATTLEHILL HEALTH CENTRE,21657393,79516.84
Department of Health,NHS North Tyneside CCG,4/30/2018,C&M-GMS/PMS,PRC DELEGATED CO-COMMISSIONING,BATTLEHILL HEALTH CENTRE,21797949,80083.94
Department of Health,NHS North Tyneside CCG,4/30/2018,C&M-GMS/PMS,PRC DELEGATED CO-COMMISSIONING,DR ABRAHAM & PARTNERS,21657394,82290.02
Department of Health,NHS North Tyneside CCG,4/30/2018,C&M-GMS/PMS,PRC DELEGATED CO-COMMISSIONING,DR AT 49 MARINE AVENUE,21657396,58194.61
Department of Health,NHS North Tyneside CCG,4/30/2018,C&M-GMS/PMS,PRC DELEGATED CO-COMMISSIONING,DR KILGOUR & PARTNERS,21675817,104113.36
Department of Health,NHS North Tyneside CCG,4/30/2018,C&M-GMS/PMS,PRC DELEGATED CO-COMMISSIONING,DR LACKEY & PARTNERS,21657403,72668.18
Department of Health,NHS North Tyneside CCG,4/30/2018,C&M-GMS/PMS,PRC DELEGATED CO-COMMISSIONING,DR MAY & PARTNERS,21657401,77398.94
Department of Health,NHS North Tyneside CCG,4/30/2018,C&M-GMS/PMS,PRC DELEGATED CO-COMMISSIONING,DR MEARS & PARTNERS,21657399,45271.70
Department of Health,NHS North Tyneside CCG,4/30/2018,C&M-GMS/PMS,PRC DELEGATED CO-COMMISSIONING,DR PRESTON & PARTNER,21657409,50789.97
Department of Health,NHS North Tyneside CCG,4/30/2018,C&M-GMS/PMS,PRC DELEGATED CO-COMMISSIONING,DR RAE & PARTNERS,21657405,55020.47
Department of Health,NHS North Tyneside CCG,4/30/2018,C&M-GMS/PMS,PRC DELEGATED CO-COMMISSIONING,DR ROBERTS & PARTNERS NORTH SHIELDS,21657407,148238.22
Department of Health,NHS North Tyneside CCG,4/30/2018,C&M-GMS/PMS,PRC DELEGATED CO-COMMISSIONING,DR SCARLETT & PARTNERS,21657411,54019.91
Department of Health,NHS North Tyneside CCG,4/30/2018,C&M-GMS/PMS,PRC DELEGATED CO-COMMISSIONING,DR TAPSFIELD & PARTNERS,21657413,187026.00
Department of Health,NHS North Tyneside CCG,4/30/2018,C&M-GMS/PMS,PRC DELEGATED CO-COMMISSIONING,DR THORNTON & PARTNERS,21657415,106196.40
Department of Health,NHS North Tyneside CCG,4/30/2018,C&M-GMS/PMS,PRC DELEGATED CO-COMMISSIONING,FOREST HALL HEALTH CENTRE,21657417,87766.34
Department of Health,NHS North Tyneside CCG,4/30/2018,C&M-GMS/PMS,PRC DELEGATED CO-COMMISSIONING,LANE END SURGERY,21662043,78233.73
Department of Health,NHS North Tyneside CCG,4/30/2018,C&M-GMS/PMS,PRC DELEGATED CO-COMMISSIONING,MARINE AVENUE MEDICAL CENTRE,21662041,78421.89
Department of Health,NHS North Tyneside CCG,4/30/2018,C&M-GMS/PMS,PRC DELEGATED CO-COMMISSIONING,MERSTOW GREEN MEDICAL PRACTICE NEWCASTLE TYNE,21657419,55759.49
Department of Health,NHS North Tyneside CCG,4/30/2018,C&M-GMS/PMS,PRC DELEGATED CO-COMMISSIONING,MERSTOW GREEN MEDICAL PRACTICE WHITLEY BAY,21657421,39593.37
Department of Health,NHS North Tyneside CCG,4/30/2018,C&M-GMS/PMS,PRC DELEGATED CO-COMMISSIONING,MONKSEATON MEDICAL CENTRE,21659772,102293.93
Department of Health,NHS North Tyneside CCG,4/30/2018,C&M-GMS/PMS,PRC DELEGATED CO-COMMISSIONING,NELSON MEDICAL GROUP,21657423,48209.25
Department of Health,NHS North Tyneside CCG,4/30/2018,C&M-GMS/PMS,PRC DELEGATED CO-COMMISSIONING,NORTHUMBERLAND PARK MEDICAL GROUP,21657425,87826.66
Department of Health,NHS North Tyneside CCG,4/30/2018,C&M-GMS/PMS,PRC DELEGATED CO-COMMISSIONING,PARK ROAD MEDICAL PRACTICE,21659778,52861.89
Department of Health,NHS North Tyneside CCG,4/30/2018,C&M-GMS/PMS,PRC DELEGATED CO-COMMISSIONING,PORTUGAL PLACE HEALTH CENTRE,21657431,117808.16
Department of Health,NHS North Tyneside CCG,4/30/2018,C&M-GMS/PMS,PRC DELEGATED CO-COMMISSIONING,REDBURN PARK MEDICAL CENTRE,21659776,67852.49
Department of Health,NHS North Tyneside CCG,4/30/2018,C&M-GMS/PMS,PRC DELEGATED CO-COMMISSIONING,VILLAGE GREEN SURGERY,21657429,104493.16
Department of Health,NHS North Tyneside CCG,4/30/2018,C&M-GMS/PMS,PRC DELEGATED CO-COMMISSIONING,WELLSPRING MEDICAL GROUP,21659774,64941.91
Department of Health,NHS North Tyneside CCG,4/30/2018,C&M-GMS/PMS,PRC DELEGATED CO-COMMISSIONING,WEST FARM SURGERY,21657427,60212.62
Department of Health,NHS North Tyneside CCG,4/30/2018,Income tax <1Yr,BALANCE SHEET,HMRC,21703140,32383.62
Department of Health,NHS North Tyneside CCG,4/30/2018,Income tax <1Yr-Student Loans,BALANCE SHEET,HMRC,21703140,970.00
Department of Health,NHS North Tyneside CCG,4/30/2018,National Insurance < 1 yr-NI- ERS,BALANCE SHEET,HMRC,21703140,21147.87
Department of Health,NHS North Tyneside CCG,4/30/2018,National Insurance < 1 yr-NI-EES,BALANCE SHEET,HMRC,21703140,14923.47
Department of Health,NHS North Tyneside CCG,4/30/2018,Clinical&Medical-Voluntary Sector,PALLIATIVE CARE,ST OSWALDS HOSPICE,21876504,54525.97
Department of Health,NHS North Tyneside CCG,4/30/2018,Clinical&Medical-Commercial Sector,INTERMEDIATE CARE,AKARI CARE LTD (A),21920364,48007.49
,,,,,,,
,,,,,,,
,,,,,,,
,,,,,,,
,,,,,,,
