North Tyneside CCG Transparency Report October 2018,,,,,,,
Department family,Entity,Date,Expense Type,Expense area,Supplier,Transaction number,AP Amount �
Department of Health,NHS North Tyneside CCG,10/31/2018,Legal / Prof Fees,CORPORATE COSTS & SERVICES,HEMPSONS,24031895,13420.09
Department of Health,NHS North Tyneside CCG,10/31/2018,legal fees,CEO/ BOARD OFFICE,HEMPSONS,24031895,12916.90
Department of Health,NHS North Tyneside CCG,10/31/2018,Hcare Srv Rec Fdtn Trust-Contract Baseline,ACUTE COMMISSIONING,GATESHEAD HEALTH NHS FOUNDATION TRUST,24286205,53434.00
Department of Health,NHS North Tyneside CCG,10/31/2018,Hcare Srv Rec Fdtn Trust-Contract Baseline,ACUTE COMMISSIONING,GATESHEAD HEALTH NHS FOUNDATION TRUST,24382761,53434.00
Department of Health,NHS North Tyneside CCG,10/31/2018,Hcare Srv Rec Fdtn Trust-Contract Baseline,ACUTE COMMISSIONING,NEWCASTLE UPON TYNE HOSPITALS NHS FOUNDATION TRUST,24204664,5355825.42
Department of Health,NHS North Tyneside CCG,10/31/2018,Hcare Srv Rec Fdtn Trust-Contract Baseline,ACUTE COMMISSIONING,NORTHUMBRIA HEALTHCARE NHS FOUNDATION TRUST,24158224,8906209.00
Department of Health,NHS North Tyneside CCG,10/31/2018,Hcare Srv Rec Fdtn Trust-Contract Baseline,AMBULANCE SERVICES,NORTH EAST AMBULANCE SERVICES NHS TRUST,24258691,693787.00
Department of Health,NHS North Tyneside CCG,10/31/2018,Hcare Srv Rec Fdtn Trust-Contract Baseline,CHILD AND ADOLESCENT MENTAL HEALTH,NORTHUMBRIA HEALTHCARE NHS FOUNDATION TRUST,24536916,278000.00
Department of Health,NHS North Tyneside CCG,10/31/2018,Hcare Srv Rec Fdtn Trust-Contract Baseline,COMMUNITY SERVICES,NEWCASTLE UPON TYNE HOSPITALS NHS FOUNDATION TRUST,24204661,74400.00
Department of Health,NHS North Tyneside CCG,10/31/2018,Hcare Srv Rec Fdtn Trust-Contract Baseline,COMMUNITY SERVICES,NORTHUMBRIA HEALTHCARE NHS FOUNDATION TRUST,24158223,1796822.00
Department of Health,NHS North Tyneside CCG,10/31/2018,Hcare Srv Rec Fdtn Trust-Contract Baseline,COMMUNITY SERVICES,NORTHUMBRIA HEALTHCARE NHS FOUNDATION TRUST,24258683,89250.00
Department of Health,NHS North Tyneside CCG,10/31/2018,Hcare Srv Rec Fdtn Trust-Contract Baseline,COMMUNITY SERVICES,NORTHUMBRIA HEALTHCARE NHS FOUNDATION TRUST,24258684,89250.00
Department of Health,NHS North Tyneside CCG,10/31/2018,Hcare Srv Rec Fdtn Trust-Contract Baseline,COMMUNITY SERVICES,NORTHUMBRIA HEALTHCARE NHS FOUNDATION TRUST,24258685,89250.00
Department of Health,NHS North Tyneside CCG,10/31/2018,Hcare Srv Rec Fdtn Trust-Contract Baseline,COMMUNITY SERVICES,NORTHUMBRIA HEALTHCARE NHS FOUNDATION TRUST,24258686,89250.00
Department of Health,NHS North Tyneside CCG,10/31/2018,Hcare Srv Rec Fdtn Trust-Contract Baseline,MENTAL HEALTH CONTRACTS,NORTHUMBERLAND TYNE AND WEAR NHS FOUNDATION TRUST,24083145,1622497.00
Department of Health,NHS North Tyneside CCG,10/31/2018,Hcare Srv Rec Fdtn Trust-Contract Baseline,MENTAL HEALTH CONTRACTS,NORTHUMBERLAND TYNE AND WEAR NHS FOUNDATION TRUST,24510357,1622497.00
Department of Health,NHS North Tyneside CCG,10/31/2018,Hcare Srv Rec Fdtn Trust-Contract Baseline,NHS 111,NORTH EAST AMBULANCE SERVICES NHS TRUST,24258692,54089.67
Department of Health,NHS North Tyneside CCG,10/31/2018,Clinical&Medical-Independent Sector,ACUTE COMMISSIONING,RAMSAY HEALTH CARE LTD,24107893,102561.00
Department of Health,NHS North Tyneside CCG,10/31/2018,Clinical&Medical-Independent Sector,ACUTE COMMISSIONING,RAMSAY HEALTH CARE LTD,24466406,102561.00
Department of Health,NHS North Tyneside CCG,10/31/2018,Clinical&Medical-Independent Sector,COMMISSIONING SCHEMES,TYNEHEALTH LTD,24525737,31488.36
Department of Health,NHS North Tyneside CCG,10/31/2018,Clinical&Medical-Independent Sector,PRESCRIBING,NORTH WEST OSTOMY SUPPLIES,24204660,69955.81
Department of Health,NHS North Tyneside CCG,10/31/2018,Clinical&Medical-Independent Sector,COMMISSIONING - NON ACUTE,TYNEHEALTH LTD,24485229,52025.17
Department of Health,NHS North Tyneside CCG,10/31/2018,Clinical&Medical-Independent Sector,GP FORWARD VIEW,TYNEHEALTH LTD,24204662,63572.66
Department of Health,NHS North Tyneside CCG,10/31/2018,Clinical&Medical-Independent Sector,PROGRAMME PROJECTS,TYNEHEALTH LTD,24310053,52025.17
Department of Health,NHS North Tyneside CCG,10/31/2018,Clinical&Medical-Independent Sector,PROGRAMME PROJECTS,TYNEHEALTH LTD,24310054,52025.17
Department of Health,NHS North Tyneside CCG,10/31/2018,Clinical&Medical-Independent Sector,PROGRAMME PROJECTS,TYNEHEALTH LTD,24310055,52025.17
Department of Health,NHS North Tyneside CCG,10/31/2018,Hcare Srv Rec Fdtn Trust-Non Contract,ACUTE COMMISSIONING,NORTHUMBRIA HEALTHCARE NHS FOUNDATION TRUST,24158221,87650.64
Department of Health,NHS North Tyneside CCG,10/31/2018,Hcare Srv Rec Fdtn Trust-Non Contract,PATIENT TRANSPORT,NORTH EAST AMBULANCE SERVICES NHS TRUST,24266019,49384.83
Department of Health,NHS North Tyneside CCG,10/31/2018,C&M-GMS/PMS,PRC DELEGATED CO-COMMISSIONING,APPLEBY SURGERY,24217828,59768.81
Department of Health,NHS North Tyneside CCG,10/31/2018,C&M-GMS/PMS,PRC DELEGATED CO-COMMISSIONING,DR ABRAHAM & PARTNERS,24214242,73943.79
Department of Health,NHS North Tyneside CCG,10/31/2018,C&M-GMS/PMS,PRC DELEGATED CO-COMMISSIONING,DR AT 49 MARINE AVENUE,24214244,54794.51
Department of Health,NHS North Tyneside CCG,10/31/2018,C&M-GMS/PMS,PRC DELEGATED CO-COMMISSIONING,DR KILGOUR & PARTNERS,24214246,120112.11
Department of Health,NHS North Tyneside CCG,10/31/2018,C&M-GMS/PMS,PRC DELEGATED CO-COMMISSIONING,DR LACKEY & PARTNERS,24214252,57929.68
Department of Health,NHS North Tyneside CCG,10/31/2018,C&M-GMS/PMS,PRC DELEGATED CO-COMMISSIONING,DR MAY & PARTNERS,24214250,78215.79
Department of Health,NHS North Tyneside CCG,10/31/2018,C&M-GMS/PMS,PRC DELEGATED CO-COMMISSIONING,DR MEARS & PARTNERS,24214248,50519.16
Department of Health,NHS North Tyneside CCG,10/31/2018,C&M-GMS/PMS,PRC DELEGATED CO-COMMISSIONING,DR PRESTON & PARTNER,24214258,48351.83
Department of Health,NHS North Tyneside CCG,10/31/2018,C&M-GMS/PMS,PRC DELEGATED CO-COMMISSIONING,DR RAE & PARTNERS,24214254,58812.34
Department of Health,NHS North Tyneside CCG,10/31/2018,C&M-GMS/PMS,PRC DELEGATED CO-COMMISSIONING,DR ROBERTS & PARTNERS NORTH SHIELDS,24214256,146745.39
Department of Health,NHS North Tyneside CCG,10/31/2018,C&M-GMS/PMS,PRC DELEGATED CO-COMMISSIONING,DR SCARLETT & PARTNERS,24214260,92045.11
Department of Health,NHS North Tyneside CCG,10/31/2018,C&M-GMS/PMS,PRC DELEGATED CO-COMMISSIONING,DR TAPSFIELD & PARTNERS,24214261,-25359.15
Department of Health,NHS North Tyneside CCG,10/31/2018,C&M-GMS/PMS,PRC DELEGATED CO-COMMISSIONING,DR TAPSFIELD & PARTNERS,24214262,178218.74
Department of Health,NHS North Tyneside CCG,10/31/2018,C&M-GMS/PMS,PRC DELEGATED CO-COMMISSIONING,DR THORNTON & PARTNERS,24214264,99039.33
Department of Health,NHS North Tyneside CCG,10/31/2018,C&M-GMS/PMS,PRC DELEGATED CO-COMMISSIONING,FOREST HALL HEALTH CENTRE,24214266,126932.56
Department of Health,NHS North Tyneside CCG,10/31/2018,C&M-GMS/PMS,PRC DELEGATED CO-COMMISSIONING,LANE END SURGERY,24220608,79900.23
Department of Health,NHS North Tyneside CCG,10/31/2018,C&M-GMS/PMS,PRC DELEGATED CO-COMMISSIONING,MARINE AVENUE MEDICAL CENTRE,24238016,69999.68
Department of Health,NHS North Tyneside CCG,10/31/2018,C&M-GMS/PMS,PRC DELEGATED CO-COMMISSIONING,MERSTOW GREEN MEDICAL PRACTICE NEWCASTLE TYNE,24214268,58621.78
Department of Health,NHS North Tyneside CCG,10/31/2018,C&M-GMS/PMS,PRC DELEGATED CO-COMMISSIONING,MERSTOW GREEN MEDICAL PRACTICE WHITLEY BAY,24214270,42622.94
Department of Health,NHS North Tyneside CCG,10/31/2018,C&M-GMS/PMS,PRC DELEGATED CO-COMMISSIONING,MONKSEATON MEDICAL CENTRE,24217830,77598.36
Department of Health,NHS North Tyneside CCG,10/31/2018,C&M-GMS/PMS,PRC DELEGATED CO-COMMISSIONING,NELSON MEDICAL GROUP,24214272,51719.88
Department of Health,NHS North Tyneside CCG,10/31/2018,C&M-GMS/PMS,PRC DELEGATED CO-COMMISSIONING,NORTHUMBERLAND PARK MEDICAL GROUP,24214274,72337.83
Department of Health,NHS North Tyneside CCG,10/31/2018,C&M-GMS/PMS,PRC DELEGATED CO-COMMISSIONING,PARK ROAD MEDICAL PRACTICE,24220605,81358.04
Department of Health,NHS North Tyneside CCG,10/31/2018,C&M-GMS/PMS,PRC DELEGATED CO-COMMISSIONING,PORTUGAL PLACE HEALTH CENTRE,24238017,113263.21
Department of Health,NHS North Tyneside CCG,10/31/2018,C&M-GMS/PMS,PRC DELEGATED CO-COMMISSIONING,REDBURN PARK MEDICAL CENTRE,24217834,47026.70
Department of Health,NHS North Tyneside CCG,10/31/2018,C&M-GMS/PMS,PRC DELEGATED CO-COMMISSIONING,TYNEHEALTH LTD,24358554,35000.00
Department of Health,NHS North Tyneside CCG,10/31/2018,C&M-GMS/PMS,PRC DELEGATED CO-COMMISSIONING,VILLAGE GREEN SURGERY,24214278,100870.89
Department of Health,NHS North Tyneside CCG,10/31/2018,C&M-GMS/PMS,PRC DELEGATED CO-COMMISSIONING,WELLSPRING MEDICAL GROUP,24217832,60436.46
Department of Health,NHS North Tyneside CCG,10/31/2018,C&M-GMS/PMS,PRC DELEGATED CO-COMMISSIONING,WEST FARM SURGERY,24214276,60173.99
Department of Health,NHS North Tyneside CCG,10/31/2018,Clinical&Medical-Commercial Sector,INTERMEDIATE CARE,AKARI CARE LTD (A),24224094,46458.86
Department of Health,NHS North Tyneside CCG,10/31/2018,Clinical Leads,PATIENT AND PUBLIC INVOLVEMENT,NHS ENGLAND,24225654,-34256.22
Department of Health,NHS North Tyneside CCG,10/31/2018,Services From Local Authorities,CONTINUING HEALTHCARE ASSESSMENT & SUPPORT,NORTH TYNESIDE COUNCIL,24258688,113488.50
Department of Health,NHS North Tyneside CCG,10/31/2018,Cont Care- Adult 100% Fully Funded,CHC ADULT FULLY FUNDED,NORTH TYNESIDE COUNCIL,24258689,1000000.00
Department of Health,NHS North Tyneside CCG,10/31/2018,Cont Care- Adult 100% Fully Funded,CHC ADULT FULLY FUNDED,NORTH TYNESIDE COUNCIL,24286204,691000.00
Department of Health,NHS North Tyneside CCG,10/31/2018,Clinical&Medical-Othe Public Sector,COMMUNITY SERVICES,NORTH TYNESIDE COUNCIL,24258690,2521465.50
Department of Health,NHS North Tyneside CCG,10/31/2018,Charges from CSU,CEO/ BOARD OFFICE,NHS NORTH OF ENGLAND CSU,24286202,208337.00
Department of Health,NHS North Tyneside CCG,10/31/2018,Income tax <1Yr,BALANCE SHEET,HMRC,24299997,32771.00
Department of Health,NHS North Tyneside CCG,10/31/2018,Income tax <1Yr-Student Loans,BALANCE SHEET,HMRC,24299997,363.00
Department of Health,NHS North Tyneside CCG,10/31/2018,National Insurance < 1 yr-NI- ERS,BALANCE SHEET,HMRC,24299997,22838.85
Department of Health,NHS North Tyneside CCG,10/31/2018,National Insurance < 1 yr-NI-EES,BALANCE SHEET,HMRC,24299997,15571.42
Department of Health,NHS North Tyneside CCG,10/31/2018,Statutory Mat Pay < 1 yr,BALANCE SHEET,HMRC,24299997,-534.28
Department of Health,NHS North Tyneside CCG,10/31/2018,Clinical&Medical-Voluntary Sector,HOSPICES,MARIE CURIE,24485412,73262.75
Department of Health,NHS North Tyneside CCG,10/31/2018,Clinical&Medical-Voluntary Sector,HOSPICES,MARIE CURIE,24485413,73262.75
Department of Health,NHS North Tyneside CCG,10/31/2018,Clinical&Medical-Voluntary Sector,HOSPICES,ST OSWALDS HOSPICE,24358557,43529.00
Department of Health,NHS North Tyneside CCG,10/31/2018,Clinical&Medical-Clinical Other,INTERMEDIATE CARE,COLLINGWOOD SURGERY,24408038,37500.00
