North Tyneside CCG Transparency Report December 2018,,,,,,,
Department family,Entity,Date,Expense Type,Expense area,Supplier,Transaction number,AP Amount �
Department of Health,NHS North Tyneside CCG,12/31/2018,Clinical&Medical-Independent Sector,ACUTE COMMISSIONING,RAMSAY HEALTH CARE LTD,25335891,102561.00
Department of Health,NHS North Tyneside CCG,12/31/2018,Clinical&Medical-Independent Sector,PRESCRIBING,NORTH WEST OSTOMY SUPPLIES,25067482,75270.50
Department of Health,NHS North Tyneside CCG,12/31/2018,Clinical&Medical-Independent Sector,PROGRAMME PROJECTS,TYNEHEALTH LTD,24957963,52025.17
Department of Health,NHS North Tyneside CCG,12/31/2018,Clinical&Medical-Independent Sector,PRIMARY CARE DEVELOPMENT,SOFTCAT PLC,25179936,210267.00
Department of Health,NHS North Tyneside CCG,12/31/2018,Clinical&Medical-Independent Sector,GP FORWARD VIEW,TYNEHEALTH LTD,25295316,88479.89
Department of Health,NHS North Tyneside CCG,12/31/2018,Hcare Srv Rec Fdtn Trust-Contract Baseline,ACUTE COMMISSIONING,GATESHEAD HEALTH NHS FOUNDATION TRUST,25276687,53433.00
Department of Health,NHS North Tyneside CCG,12/31/2018,Hcare Srv Rec Fdtn Trust-Contract Baseline,ACUTE COMMISSIONING,NEWCASTLE UPON TYNE HOSPITALS NHS FOUNDATION TRUST,25085002,5355825.42
Department of Health,NHS North Tyneside CCG,12/31/2018,Hcare Srv Rec Fdtn Trust-Contract Baseline,ACUTE COMMISSIONING,NORTHUMBRIA HEALTHCARE NHS FOUNDATION TRUST,25084622,8441459.00
Department of Health,NHS North Tyneside CCG,12/31/2018,Hcare Srv Rec Fdtn Trust-Contract Baseline,AMBULANCE SERVICES,NORTH EAST AMBULANCE SERVICES NHS TRUST,25010803,647323.00
Department of Health,NHS North Tyneside CCG,12/31/2018,Hcare Srv Rec Fdtn Trust-Contract Baseline,COMMUNITY SERVICES,NEWCASTLE UPON TYNE HOSPITALS NHS FOUNDATION TRUST,25049817,74400.00
Department of Health,NHS North Tyneside CCG,12/31/2018,Hcare Srv Rec Fdtn Trust-Contract Baseline,COMMUNITY SERVICES,NORTHUMBRIA HEALTHCARE NHS FOUNDATION TRUST,25084620,1796822.00
Department of Health,NHS North Tyneside CCG,12/31/2018,Hcare Srv Rec Fdtn Trust-Contract Baseline,COMMUNITY SERVICES,NORTHUMBRIA HEALTHCARE NHS FOUNDATION TRUST,25084623,89250.00
Department of Health,NHS North Tyneside CCG,12/31/2018,Hcare Srv Rec Fdtn Trust-Contract Baseline,MENTAL HEALTH CONTRACTS,NORTHUMBERLAND TYNE AND WEAR NHS FOUNDATION TRUST,25050267,1622497.00
Department of Health,NHS North Tyneside CCG,12/31/2018,Hcare Srv Rec Fdtn Trust-Contract Baseline,NHS 111,NORTH EAST AMBULANCE SERVICES NHS TRUST,25010801,76290.00
Department of Health,NHS North Tyneside CCG,12/31/2018,Hcare Srv Rec Fdtn Trust-Contract Baseline,URGENT CARE,NORTHUMBRIA HEALTHCARE NHS FOUNDATION TRUST,25010798,616141.33
Department of Health,NHS North Tyneside CCG,12/31/2018,Hcare Srv Rec Fdtn Trust-Contract Baseline,URGENT CARE,NORTHUMBRIA HEALTHCARE NHS FOUNDATION TRUST,25067481,308071.00
Department of Health,NHS North Tyneside CCG,12/31/2018,Clinical&Medical-Othe Public Sector,MENTAL HEALTH CONTRACTS,NORTH TYNESIDE COUNCIL,25045617,600000.00
Department of Health,NHS North Tyneside CCG,12/31/2018,Clinical&Medical-Othe Public Sector,SAFEGUARDING,NORTH TYNESIDE COUNCIL,25349840,31823.00
Department of Health,NHS North Tyneside CCG,12/31/2018,Clinical&Medical-Othe Public Sector,GENERAL RESERVE - PROGRAMME,NORTH TYNESIDE COUNCIL,25045584,1120722.50
Department of Health,NHS North Tyneside CCG,12/31/2018,Clinical&Medical-Othe Public Sector,GENERAL RESERVE - PROGRAMME,NORTH TYNESIDE COUNCIL,25045596,1120722.50
Department of Health,NHS North Tyneside CCG,12/31/2018,Clinical&Medical-Othe Public Sector,GENERAL RESERVE - PROGRAMME,NORTH TYNESIDE COUNCIL,25045606,-684723.00
Department of Health,NHS North Tyneside CCG,12/31/2018,Clinical&Medical-Othe Public Sector,GENERAL RESERVE - PROGRAMME,NORTH TYNESIDE COUNCIL,25045613,-684723.00
Department of Health,NHS North Tyneside CCG,12/31/2018,Computer Hardware Purch,PRIMARY CARE IT,EGTON MEDICAL INFORMATION SYSTEMS LTD,25085157,105728.40
Department of Health,NHS North Tyneside CCG,12/31/2018,Computer Hardware Purch,PRIMARY CARE IT,EGTON MEDICAL INFORMATION SYSTEMS LTD,25134607,105728.40
Department of Health,NHS North Tyneside CCG,12/31/2018,Computer Hardware Purch,PRIMARY CARE IT,EGTON MEDICAL INFORMATION SYSTEMS LTD,25134608,-105728.40
Department of Health,NHS North Tyneside CCG,12/31/2018,C&M-GMS/PMS,LOCAL ENHANCED SERVICES,DR KILGOUR & PARTNERS,25267007,20925.61
Department of Health,NHS North Tyneside CCG,12/31/2018,C&M-GMS/PMS,PRC DELEGATED CO-COMMISSIONING,APPLEBY SURGERY,25119006,58743.56
Department of Health,NHS North Tyneside CCG,12/31/2018,C&M-GMS/PMS,PRC DELEGATED CO-COMMISSIONING,DR ABRAHAM & PARTNERS,25102720,71504.06
Department of Health,NHS North Tyneside CCG,12/31/2018,C&M-GMS/PMS,PRC DELEGATED CO-COMMISSIONING,DR AT 49 MARINE AVENUE,25140210,64478.24
Department of Health,NHS North Tyneside CCG,12/31/2018,C&M-GMS/PMS,PRC DELEGATED CO-COMMISSIONING,DR KILGOUR & PARTNERS,25102725,119342.05
Department of Health,NHS North Tyneside CCG,12/31/2018,C&M-GMS/PMS,PRC DELEGATED CO-COMMISSIONING,DR KILGOUR & PARTNERS,25267007,4325.77
Department of Health,NHS North Tyneside CCG,12/31/2018,C&M-GMS/PMS,PRC DELEGATED CO-COMMISSIONING,DR LACKEY & PARTNERS,25102739,57454.45
Department of Health,NHS North Tyneside CCG,12/31/2018,C&M-GMS/PMS,PRC DELEGATED CO-COMMISSIONING,DR MAY & PARTNERS,25102734,80200.61
Department of Health,NHS North Tyneside CCG,12/31/2018,C&M-GMS/PMS,PRC DELEGATED CO-COMMISSIONING,DR MEARS & PARTNERS,25102730,49450.63
Department of Health,NHS North Tyneside CCG,12/31/2018,C&M-GMS/PMS,PRC DELEGATED CO-COMMISSIONING,DR PRESTON & PARTNER,25102749,47650.17
Department of Health,NHS North Tyneside CCG,12/31/2018,C&M-GMS/PMS,PRC DELEGATED CO-COMMISSIONING,DR RAE & PARTNERS,25102743,60344.87
Department of Health,NHS North Tyneside CCG,12/31/2018,C&M-GMS/PMS,PRC DELEGATED CO-COMMISSIONING,DR ROBERTS & PARTNERS NORTH SHIELDS,25102746,148311.00
Department of Health,NHS North Tyneside CCG,12/31/2018,C&M-GMS/PMS,PRC DELEGATED CO-COMMISSIONING,DR SCARLETT & PARTNERS,25102752,73554.18
Department of Health,NHS North Tyneside CCG,12/31/2018,C&M-GMS/PMS,PRC DELEGATED CO-COMMISSIONING,DR TAPSFIELD & PARTNERS,25102754,-32105.02
Department of Health,NHS North Tyneside CCG,12/31/2018,C&M-GMS/PMS,PRC DELEGATED CO-COMMISSIONING,DR TAPSFIELD & PARTNERS,25102756,195845.68
Department of Health,NHS North Tyneside CCG,12/31/2018,C&M-GMS/PMS,PRC DELEGATED CO-COMMISSIONING,DR THORNTON & PARTNERS,25102759,100059.25
Department of Health,NHS North Tyneside CCG,12/31/2018,C&M-GMS/PMS,PRC DELEGATED CO-COMMISSIONING,FOREST HALL HEALTH CENTRE,25102763,94964.91
Department of Health,NHS North Tyneside CCG,12/31/2018,C&M-GMS/PMS,PRC DELEGATED CO-COMMISSIONING,LANE END SURGERY,25140212,81384.37
Department of Health,NHS North Tyneside CCG,12/31/2018,C&M-GMS/PMS,PRC DELEGATED CO-COMMISSIONING,MARINE AVENUE MEDICAL CENTRE,25140211,81755.21
Department of Health,NHS North Tyneside CCG,12/31/2018,C&M-GMS/PMS,PRC DELEGATED CO-COMMISSIONING,MERSTOW GREEN MEDICAL PRACTICE NEWCASTLE TYNE,25102767,72714.83
Department of Health,NHS North Tyneside CCG,12/31/2018,C&M-GMS/PMS,PRC DELEGATED CO-COMMISSIONING,MERSTOW GREEN MEDICAL PRACTICE WHITLEY BAY,25102771,42976.87
Department of Health,NHS North Tyneside CCG,12/31/2018,C&M-GMS/PMS,PRC DELEGATED CO-COMMISSIONING,MONKSEATON MEDICAL CENTRE,25119008,119835.37
Department of Health,NHS North Tyneside CCG,12/31/2018,C&M-GMS/PMS,PRC DELEGATED CO-COMMISSIONING,NELSON MEDICAL GROUP,25102774,88659.54
Department of Health,NHS North Tyneside CCG,12/31/2018,C&M-GMS/PMS,PRC DELEGATED CO-COMMISSIONING,NORTHUMBERLAND PARK MEDICAL GROUP,25140213,107113.54
Department of Health,NHS North Tyneside CCG,12/31/2018,C&M-GMS/PMS,PRC DELEGATED CO-COMMISSIONING,PARK ROAD MEDICAL PRACTICE,25120609,84853.51
Department of Health,NHS North Tyneside CCG,12/31/2018,C&M-GMS/PMS,PRC DELEGATED CO-COMMISSIONING,PORTUGAL PLACE HEALTH CENTRE,25102785,121297.12
Department of Health,NHS North Tyneside CCG,12/31/2018,C&M-GMS/PMS,PRC DELEGATED CO-COMMISSIONING,REDBURN PARK MEDICAL CENTRE,25119012,75994.81
Department of Health,NHS North Tyneside CCG,12/31/2018,C&M-GMS/PMS,PRC DELEGATED CO-COMMISSIONING,VILLAGE GREEN SURGERY,25140214,105364.84
Department of Health,NHS North Tyneside CCG,12/31/2018,C&M-GMS/PMS,PRC DELEGATED CO-COMMISSIONING,WELLSPRING MEDICAL GROUP,25119010,61303.12
Department of Health,NHS North Tyneside CCG,12/31/2018,C&M-GMS/PMS,PRC DELEGATED CO-COMMISSIONING,WEST FARM SURGERY,25102780,55577.40
Department of Health,NHS North Tyneside CCG,12/31/2018,Hcare Srv Rec Fdtn Trust-Non Contract,ACUTE COMMISSIONING,NORTHUMBRIA HEALTHCARE NHS FOUNDATION TRUST,25133530,87651.00
Department of Health,NHS North Tyneside CCG,12/31/2018,Cont Care- Adult 100% Fully Funded,CHC ADULT FULLY FUNDED,NORTH TYNESIDE COUNCIL,25160443,691000.00
Department of Health,NHS North Tyneside CCG,12/31/2018,Cont Care- Adult 100% Fully Funded,CHC ADULT FULLY FUNDED,NORTH TYNESIDE COUNCIL,25160444,1000000.00
Department of Health,NHS North Tyneside CCG,12/31/2018,Charges from CSU,CEO/ BOARD OFFICE,NHS NORTH OF ENGLAND CSU,25160445,208337.00
Department of Health,NHS North Tyneside CCG,12/31/2018,Income tax <1Yr,BALANCE SHEET,HMRC,25191016,41556.80
Department of Health,NHS North Tyneside CCG,12/31/2018,Income tax <1Yr-Student Loans,BALANCE SHEET,HMRC,25191016,265.00
Department of Health,NHS North Tyneside CCG,12/31/2018,National Insurance < 1 yr-NI- ERS,BALANCE SHEET,HMRC,25191016,24371.27
Department of Health,NHS North Tyneside CCG,12/31/2018,National Insurance < 1 yr-NI-EES,BALANCE SHEET,HMRC,25191016,15783.01
Department of Health,NHS North Tyneside CCG,12/31/2018,Statutory Mat Pay < 1 yr,BALANCE SHEET,HMRC,25191016,-534.28
Department of Health,NHS North Tyneside CCG,12/31/2018,Clinical&Medical-Clinical Other,PRIMARY CARE INVESTMENTS,APPLEBY SURGERY,25247615,75000.00
Department of Health,NHS North Tyneside CCG,12/31/2018,Clinical&Medical-Clinical Other,PRIMARY CARE INVESTMENTS,BEAUMONT PARK PRACTICE,25247654,75000.00
Department of Health,NHS North Tyneside CCG,12/31/2018,Clinical&Medical-Clinical Other,PRIMARY CARE INVESTMENTS,BEWICKE MEDICAL CENTRE,25247636,100000.00
Department of Health,NHS North Tyneside CCG,12/31/2018,Clinical&Medical-Clinical Other,PRIMARY CARE INVESTMENTS,BRIDGE MEDICAL,25247649,75000.00
Department of Health,NHS North Tyneside CCG,12/31/2018,Clinical&Medical-Clinical Other,PRIMARY CARE INVESTMENTS,BRIDGE MEDICAL,25354331,75000.00
Department of Health,NHS North Tyneside CCG,12/31/2018,Clinical&Medical-Clinical Other,PRIMARY CARE INVESTMENTS,COLLINGWOOD SURGERY,25247638,125000.00
Department of Health,NHS North Tyneside CCG,12/31/2018,Clinical&Medical-Clinical Other,PRIMARY CARE INVESTMENTS,DR ABRAHAM & PARTNERS,25247642,75000.00
Department of Health,NHS North Tyneside CCG,12/31/2018,Clinical&Medical-Clinical Other,PRIMARY CARE INVESTMENTS,DR AT 49 MARINE AVENUE,25310939,75000.00
Department of Health,NHS North Tyneside CCG,12/31/2018,Clinical&Medical-Clinical Other,PRIMARY CARE INVESTMENTS,DR KILGOUR & PARTNERS,25247633,100000.00
Department of Health,NHS North Tyneside CCG,12/31/2018,Clinical&Medical-Clinical Other,PRIMARY CARE INVESTMENTS,FOREST HALL HEALTH CENTRE,25247652,100000.00
Department of Health,NHS North Tyneside CCG,12/31/2018,Clinical&Medical-Clinical Other,PRIMARY CARE INVESTMENTS,LANE END SURGERY,25247653,75000.00
Department of Health,NHS North Tyneside CCG,12/31/2018,Clinical&Medical-Clinical Other,PRIMARY CARE INVESTMENTS,MALLARD MEDICAL PRACTICE,25276682,75000.00
Department of Health,NHS North Tyneside CCG,12/31/2018,Clinical&Medical-Clinical Other,PRIMARY CARE INVESTMENTS,MARINE AVENUE MEDICAL CENTRE,25247623,75000.00
Department of Health,NHS North Tyneside CCG,12/31/2018,Clinical&Medical-Clinical Other,PRIMARY CARE INVESTMENTS,MONKSEATON MEDICAL CENTRE,25247641,75000.00
Department of Health,NHS North Tyneside CCG,12/31/2018,Clinical&Medical-Clinical Other,PRIMARY CARE INVESTMENTS,MONKSEATON MEDICAL CENTRE,25367722,75000.00
Department of Health,NHS North Tyneside CCG,12/31/2018,Clinical&Medical-Clinical Other,PRIMARY CARE INVESTMENTS,NELSON MEDICAL GROUP,25247640,75000.00
Department of Health,NHS North Tyneside CCG,12/31/2018,Clinical&Medical-Clinical Other,PRIMARY CARE INVESTMENTS,NORTHUMBERLAND PARK MEDICAL GROUP,25247650,75000.00
Department of Health,NHS North Tyneside CCG,12/31/2018,Clinical&Medical-Clinical Other,PRIMARY CARE INVESTMENTS,PARK PARADE SURGERY,25247655,75000.00
Department of Health,NHS North Tyneside CCG,12/31/2018,Clinical&Medical-Clinical Other,PRIMARY CARE INVESTMENTS,PARK ROAD MEDICAL PRACTICE,25247646,75000.00
Department of Health,NHS North Tyneside CCG,12/31/2018,Clinical&Medical-Clinical Other,PRIMARY CARE INVESTMENTS,PORTUGAL PLACE HEALTH CENTRE,25247651,100000.00
Department of Health,NHS North Tyneside CCG,12/31/2018,Clinical&Medical-Clinical Other,PRIMARY CARE INVESTMENTS,PRIORY MEDICAL GROUP,25247625,125000.00
Department of Health,NHS North Tyneside CCG,12/31/2018,Clinical&Medical-Clinical Other,PRIMARY CARE INVESTMENTS,REDBURN PARK MEDICAL CENTRE,25247626,75000.00
Department of Health,NHS North Tyneside CCG,12/31/2018,Clinical&Medical-Clinical Other,PRIMARY CARE INVESTMENTS,SPRING TERRACE HEALTH CENTRE,25276838,75000.00
Department of Health,NHS North Tyneside CCG,12/31/2018,Clinical&Medical-Clinical Other,PRIMARY CARE INVESTMENTS,SWARLAND AVENUE SURGERY,25247644,75000.00
Department of Health,NHS North Tyneside CCG,12/31/2018,Clinical&Medical-Clinical Other,PRIMARY CARE INVESTMENTS,VILLAGE GREEN SURGERY,25247628,100000.00
Department of Health,NHS North Tyneside CCG,12/31/2018,Clinical&Medical-Clinical Other,PRIMARY CARE INVESTMENTS,WELLSPRING MEDICAL GROUP,25247630,75000.00
Department of Health,NHS North Tyneside CCG,12/31/2018,Clinical&Medical-Clinical Other,PRIMARY CARE INVESTMENTS,WEST FARM SURGERY,25247621,75000.00
Department of Health,NHS North Tyneside CCG,12/31/2018,Clinical&Medical-Clinical Other,PRIMARY CARE INVESTMENTS,WIDEOPEN MEDICAL CENTRE,25247648,75000.00
Department of Health,NHS North Tyneside CCG,12/31/2018,Clinical&Medical-Clinical Other,PRIMARY CARE INVESTMENTS,WOODLANDS PARK HEALTH CENTRE,25286951,75000.00
Department of Health,NHS North Tyneside CCG,12/31/2018,Clinical&Medical-Voluntary Sector,PROGRAMME PROJECTS,AGE UK NORTH TYNESIDE,25377170,27500.00
