A3131 - Expenditure Over Threshold,,,,,,,,,
,,,,,,,,,
,,,,,,,,,
Time run: 01/03/2019 13:30:35,,,,,,,,,
,,,,,,,,,
Department family,Entity,Date,Expense Type,Expense area,Supplier,Transaction number,AP Amount (�),VAT registration number,Purchase invoice number
Department of Health,NHS Medway CCG,1/31/2019,Recharge : Received,PATIENT TRANSPORT,NHS WEST KENT CCG,25530766,"50,741.39 ",GB654452923,7030600858
Department of Health,NHS Medway CCG,1/31/2019,Voids and Subsidies,RECHARGES NHS PROPERTY SERVICES LTD,COMMUNITY HEALTH PARTNERSHIPS LTD,25530790,"134,358.97 ",GB782562113,0060084834
Department of Health,NHS Medway CCG,1/31/2019,Voids and Subsidies,RECHARGES NHS PROPERTY SERVICES LTD,COMMUNITY HEALTH PARTNERSHIPS LTD,25530805,"135,870.12 ",GB782562113,0060086961
Department of Health,NHS Medway CCG,1/31/2019,Hcare Srv Rec Fdtn Trust-Contract Baseline,ACUTE COMMISSIONING,EAST KENT HOSPITALS UNIVERSITY NHS FOUNDATION TRUST,25530842,"172,916.00 ",654970700,901363
Department of Health,NHS Medway CCG,1/31/2019,Clinical&Medical-Commercial Sector,ACUTE COMMISSIONING,BMI HEALTHCARE LTD,25530846,"31,276.90 ",GB235134980,0000101275
Department of Health,NHS Medway CCG,1/31/2019,Clinical&Medical-Commercial Sector,ACUTE COMMISSIONING,BMI HEALTHCARE LTD,25530853,"78,011.25 ",GB235134980,0000101284
Department of Health,NHS Medway CCG,1/31/2019,Hcare Srv Rec Fdtn Trust-Contract Baseline,ACUTE COMMISSIONING,KING`S COLLEGE HOSPITAL NHS FOUNDATION TRUST,25530857,"327,486.00 ",654926800,00265977
Department of Health,NHS Medway CCG,1/31/2019,Clinical&Medical-Voluntary Sector,COMMUNITY SERVICES,MEDWAY COMMUNITY HEALTHCARE CIC,25530865,"46,434.93 ",201349157,24185275
Department of Health,NHS Medway CCG,1/31/2019,Hcare Srv Rec Fdtn Trust-Contract Baseline,ACUTE COMMISSIONING,UNIVERSITY COLLEGE LONDON HOSPITALS NHS FOUNDATION TRUST,25530869,"94,723.00 ",654948687,5010187606
Department of Health,NHS Medway CCG,1/31/2019,Hcare Srv Rec Fdtn Trust-Contract Baseline,ACUTE COMMISSIONING,GUYS & ST THOMAS HOSPITAL NHS FOUNDATION TRUST,25530876,"439,157.00 ",654923417,3254076
Department of Health,NHS Medway CCG,1/31/2019,Hcare Srv Rec Fdtn Trust-Contract Baseline,ACUTE COMMISSIONING,MEDWAY NHS FOUNDATION TRUST,25530880,"11,317,251.00 ",654929496,0001012783
Department of Health,NHS Medway CCG,1/31/2019,Clinical&Medical-Commercial Sector,ACUTE COMMISSIONING,SPIRE HEALTHCARE LTD,25530898,"278,049.00 ",915970991,09WALXPF181910
Department of Health,NHS Medway CCG,1/31/2019,Recharge : Received,PATIENT TRANSPORT,NHS WEST KENT CCG,25530905,"(50,741.39)",GB654452923,7030600992
Department of Health,NHS Medway CCG,1/31/2019,Hcare Srv Rec NHS Trust-Contract Baseline,ACUTE COMMISSIONING,ROYAL NATIONAL ORTHOPAEDIC HOSPITAL NHS TRUST,25530910,"63,982.00 ",654947494,B0038879
Department of Health,NHS Medway CCG,1/31/2019,Hcare Srv Rec NHS Trust-Contract Baseline,MENTAL HEALTH CONTRACTS,CARE UK CLINICAL SERVICES LTD,25530929,"246,286.50 ",,100084208
Department of Health,NHS Medway CCG,1/31/2019,Hcare Srv Rec NHS Trust-Contract Baseline,MENTAL HEALTH CONTRACTS,KENT AND MEDWAY NHS AND SOCIALCARE PARTNERSHIP TRUST,25530939,"1,670,427.00 ",654419820,13605593
Department of Health,NHS Medway CCG,1/31/2019,Clinical&Medical-Voluntary Sector,COMMUNITY SERVICES,MEDWAY COMMUNITY HEALTHCARE CIC,25530948,"28,202.16 ",201349157,24185398
Department of Health,NHS Medway CCG,1/31/2019,Clinical&Medical-Voluntary Sector,CHC ADULT FULLY FUNDED,MEDWAY COMMUNITY HEALTHCARE CIC,25530950,"36,369.67 ",201349157,24185399
Department of Health,NHS Medway CCG,1/31/2019,Clinical&Medical-Voluntary Sector,CHC ADULT FULLY FUNDED,MEDWAY COMMUNITY HEALTHCARE CIC,25530954,"298,666.67 ",201349157,24185401
Department of Health,NHS Medway CCG,1/31/2019,Clinical&Medical-Voluntary Sector,COMMUNITY SERVICES,MEDWAY COMMUNITY HEALTHCARE CIC,25530955,"474,202.60 ",201349157,24185402
Department of Health,NHS Medway CCG,1/31/2019,Hcare Srv Rec Fdtn Trust-Contract Baseline,NHS 111,SOUTH EAST COAST AMBULANCE SERVICE NHS FOUNDATION TRUST,25530959,"77,139.08 ",654434925,7881534
Department of Health,NHS Medway CCG,1/31/2019,Hcare Srv Rec Fdtn Trust-Contract Baseline,AMBULANCE SERVICES,SOUTH EAST COAST AMBULANCE SERVICE NHS FOUNDATION TRUST,25530972,"951,431.50 ",654434925,7881568
Department of Health,NHS Medway CCG,1/31/2019,Charges from CSU,COMMISSIONING - NON ACUTE,NHS NEL CSU,25530976,"6,755.75 ",GB654442045,7312808211
Department of Health,NHS Medway CCG,1/31/2019,Charges from CSU,CORPORATE COSTS & SERVICES,NHS NEL CSU,25530976,"14,247.81 ",GB654442045,7312808211
Department of Health,NHS Medway CCG,1/31/2019,Charges from CSU,PRIMARY CARE IT,NHS NEL CSU,25530976,"43,642.44 ",GB654442045,7312808211
Department of Health,NHS Medway CCG,1/31/2019,Hcare Srv Rec Fdtn Trust-Contract Baseline,COMMUNITY SERVICES,KENT COMMUNITY HEALTH NHS FOUNDATION TRUST,25530981,"44,673.00 ",654440093,24065074
Department of Health,NHS Medway CCG,1/31/2019,Hcare Srv Rec NHS Trust-Contract Baseline,ACUTE COMMISSIONING,DARTFORD AND GRAVESHAM NHS TRUST,25530989,"342,452.33 ",,1000057481
Department of Health,NHS Medway CCG,1/31/2019,Chrgs from SLA,CONTRACT MANAGEMENT,OPTUM HEALTH SOLUTIONS (UK) LTD,25530994,"65,209.93 ",GB108297604,0001101860
Department of Health,NHS Medway CCG,1/31/2019,Hcare Srv Rec NHS Trust-Contract Baseline,ACUTE COMMISSIONING,IMPERIAL COLLEGE HEALTHCARE NHS TRUST,25531010,"29,601.00 ",654945990,H0168264
Department of Health,NHS Medway CCG,1/31/2019,Clinical&Medical-Commercial Sector,PATIENT TRANSPORT,G4S HEALTH SERVICES UK LTD,25531012,"242,740.87 ",238560256,90330205
Department of Health,NHS Medway CCG,1/31/2019,Services From Local Authorities,COMMISSIONING - NON ACUTE,MEDWAY COUNCIL,25531021,"1,431,743.00 ",,160511490600298065
Department of Health,NHS Medway CCG,1/31/2019,Hcare Srv Rec NHS Trust-Contract Baseline,ACUTE COMMISSIONING,MAIDSTONE AND TUNBRIDGE WELLS NHS TRUST,25531025,"918,109.00 ",654972595,4000114502
Department of Health,NHS Medway CCG,1/31/2019,Hcare Srv Rec Fdtn Trust-Contract Baseline,ACUTE COMMISSIONING,QUEEN VICTORIA HOSPITAL NHS FOUNDATION TRUST,25531051,"220,922.00 ",654946595,2010017986
Department of Health,NHS Medway CCG,1/31/2019,Clinical&Medical-Voluntary Sector,ACUTE COMMISSIONING,HORDER HEALTHCARE,25531055,"29,524.33 ",204025664,17360
Department of Health,NHS Medway CCG,1/31/2019,C&M-GMS Global Sum,PRC DELEGATED CO-COMMISSIONING,APEX MEDICAL PRACTICE,25554131,"44,323.86 ",,KC000085227
Department of Health,NHS Medway CCG,1/31/2019,C&M-GMS MPIG Correction Factor,PRC DELEGATED CO-COMMISSIONING,APEX MEDICAL PRACTICE,25554131,"1,342.30 ",,KC000085227
Department of Health,NHS Medway CCG,1/31/2019,C&M-GMS Global Sum,PRC DELEGATED CO-COMMISSIONING,BALMORAL GARDENS,25554133,"35,390.13 ",,KC000085229
Department of Health,NHS Medway CCG,1/31/2019,C&M-GMS Global Sum,PRC DELEGATED CO-COMMISSIONING,BORSTAL VILLAGE,25554135,"29,972.55 ",,KC000085231
Department of Health,NHS Medway CCG,1/31/2019,C&M-GMS LES Care Home/Nursing Home,LOCAL ENHANCED SERVICES,BORSTAL VILLAGE,25554135,"1,212.99 ",,KC000085231
Department of Health,NHS Medway CCG,1/31/2019,C&M-GMS Prem Notional Rent,PRC DELEGATED CO-COMMISSIONING,BORSTAL VILLAGE,25554135,"1,617.00 ",,KC000085231
Department of Health,NHS Medway CCG,1/31/2019,C&M-GMS DES Minor Surgery,PRC DELEGATED CO-COMMISSIONING,BRYANT STREET,25554139,579.46 ,,KC000085235
Department of Health,NHS Medway CCG,1/31/2019,C&M-GMS Global Sum,PRC DELEGATED CO-COMMISSIONING,BRYANT STREET,25554139,"48,888.18 ",,KC000085235
Department of Health,NHS Medway CCG,1/31/2019,C&M-GMS MPIG Correction Factor,PRC DELEGATED CO-COMMISSIONING,BRYANT STREET,25554139,371.99 ,,KC000085235
Department of Health,NHS Medway CCG,1/31/2019,C&M-GMS Global Sum,PRC DELEGATED CO-COMMISSIONING,CHURCH VIEW PRACTICE,25554141,"40,049.17 ",,KC000085237
Department of Health,NHS Medway CCG,1/31/2019,C&M-GMS MPIG Correction Factor,PRC DELEGATED CO-COMMISSIONING,CHURCH VIEW PRACTICE,25554141,721.96 ,,KC000085237
Department of Health,NHS Medway CCG,1/31/2019,C&M-GMS Prem Actual Rent,PRC DELEGATED CO-COMMISSIONING,CHURCH VIEW PRACTICE,25554141,"20,770.76 ",,KC000085237
Department of Health,NHS Medway CCG,1/31/2019,C&M-GMS Global Sum,PRC DELEGATED CO-COMMISSIONING,CHURCHILL CLINIC,25554143,"36,226.81 ",,KC000085239
Department of Health,NHS Medway CCG,1/31/2019,C&M-GMS LES Care Home/Nursing Home,LOCAL ENHANCED SERVICES,CHURCHILL CLINIC,25554143,"6,868.70 ",,KC000085239
Department of Health,NHS Medway CCG,1/31/2019,C&M-GMS MPIG Correction Factor,PRC DELEGATED CO-COMMISSIONING,CHURCHILL CLINIC,25554143,397.76 ,,KC000085239
Department of Health,NHS Medway CCG,1/31/2019,C&M-GMS Prem Notional Rent,PRC DELEGATED CO-COMMISSIONING,CHURCHILL CLINIC,25554143,"2,378.00 ",,KC000085239
Department of Health,NHS Medway CCG,1/31/2019,C&M-GMS DES Minor Surgery,PRC DELEGATED CO-COMMISSIONING,CITY WAY MEDICAL PRACTICE,25554145,308.00 ,,KC000085241
Department of Health,NHS Medway CCG,1/31/2019,C&M-GMS Global Sum,PRC DELEGATED CO-COMMISSIONING,CITY WAY MEDICAL PRACTICE,25554145,"78,375.80 ",,KC000085241
Department of Health,NHS Medway CCG,1/31/2019,C&M-GMS Prem Notional Rent,PRC DELEGATED CO-COMMISSIONING,CITY WAY MEDICAL PRACTICE,25554145,"6,946.00 ",,KC000085241
Department of Health,NHS Medway CCG,1/31/2019,C&M-GMS Global Sum,PRC DELEGATED CO-COMMISSIONING,DR PANCHOLI K & PARTNERS,25554148,"48,132.53 ",,KC000085245
Department of Health,NHS Medway CCG,1/31/2019,C&M-GMS MPIG Correction Factor,PRC DELEGATED CO-COMMISSIONING,DR PANCHOLI K & PARTNERS,25554148,"1,127.12 ",,KC000085245
Department of Health,NHS Medway CCG,1/31/2019,C&M-GMS Prem Notional Rent,PRC DELEGATED CO-COMMISSIONING,DR PANCHOLI K & PARTNERS,25554148,"6,083.00 ",,KC000085245
Department of Health,NHS Medway CCG,1/31/2019,C&M-APMS Contract Value,PRC DELEGATED CO-COMMISSIONING,DULWICH HEALTH MEDICAL CENTRE,25554152,"155,272.33 ",,KC000085249
Department of Health,NHS Medway CCG,1/31/2019,C&M-GMS Global Sum,PRC DELEGATED CO-COMMISSIONING,GLEBE FAMILY PRACTICE,25554156,"33,848.98 ",,KC000085253
Department of Health,NHS Medway CCG,1/31/2019,C&M-GMS PCO Other,PRC DELEGATED CO-COMMISSIONING,GLEBE FAMILY PRACTICE,25554156,"2,196.42 ",,KC000085253
Department of Health,NHS Medway CCG,1/31/2019,C&M-GMS Global Sum,PRC DELEGATED CO-COMMISSIONING,GUN LANE,25554158,"36,323.65 ",,KC000085255
Department of Health,NHS Medway CCG,1/31/2019,C&M-GMS MPIG Correction Factor,PRC DELEGATED CO-COMMISSIONING,GUN LANE,25554158,"1,099.90 ",,KC000085255
Department of Health,NHS Medway CCG,1/31/2019,C&M-GMS Prem Notional Rent,PRC DELEGATED CO-COMMISSIONING,GUN LANE,25554158,"4,271.00 ",,KC000085255
Department of Health,NHS Medway CCG,1/31/2019,C&M-GMS DES Minor Surgery,PRC DELEGATED CO-COMMISSIONING,HALFWAY SURGERY,25554160,264.00 ,,KC000085257
Department of Health,NHS Medway CCG,1/31/2019,C&M-GMS Global Sum,PRC DELEGATED CO-COMMISSIONING,HALFWAY SURGERY,25554160,"30,789.44 ",,KC000085257
Department of Health,NHS Medway CCG,1/31/2019,C&M-GMS LES Care Home/Nursing Home,LOCAL ENHANCED SERVICES,HALFWAY SURGERY,25554160,"4,954.56 ",,KC000085257
Department of Health,NHS Medway CCG,1/31/2019,C&M-GMS Global Sum,PRC DELEGATED CO-COMMISSIONING,HIGHCLIFFE MEDICAL PRACTICE,25554162,"109,615.87 ",924053741,KC000085259
Department of Health,NHS Medway CCG,1/31/2019,C&M-GMS MPIG Correction Factor,PRC DELEGATED CO-COMMISSIONING,HIGHCLIFFE MEDICAL PRACTICE,25554162,855.30 ,924053741,KC000085259
Department of Health,NHS Medway CCG,1/31/2019,C&M-GMS Prem Notional Rent,PRC DELEGATED CO-COMMISSIONING,HIGHCLIFFE MEDICAL PRACTICE,25554162,"9,984.00 ",924053741,KC000085259
Department of Health,NHS Medway CCG,1/31/2019,C&M-GMS DES Minor Surgery,PRC DELEGATED CO-COMMISSIONING,KING GEORGE ROAD,25554164,704.00 ,,KC000085261
Department of Health,NHS Medway CCG,1/31/2019,C&M-GMS Global Sum,PRC DELEGATED CO-COMMISSIONING,KING GEORGE ROAD,25554164,"38,023.44 ",,KC000085261
Department of Health,NHS Medway CCG,1/31/2019,C&M-GMS Prem Notional Rent,PRC DELEGATED CO-COMMISSIONING,KING GEORGE ROAD,25554164,"2,378.00 ",,KC000085261
Department of Health,NHS Medway CCG,1/31/2019,C&M-GMS Global Sum,PRC DELEGATED CO-COMMISSIONING,KINGS FAMILY PRACTICE,25554166,"37,136.44 ",,KC000085263
Department of Health,NHS Medway CCG,1/31/2019,C&M-GMS MPIG Correction Factor,PRC DELEGATED CO-COMMISSIONING,KINGS FAMILY PRACTICE,25554166,"2,233.26 ",,KC000085263
Department of Health,NHS Medway CCG,1/31/2019,C&M-GMS Prem Notional Rent,PRC DELEGATED CO-COMMISSIONING,KINGS FAMILY PRACTICE,25554166,"3,508.00 ",,KC000085263
Department of Health,NHS Medway CCG,1/31/2019,C&M-GMS Global Sum,PRC DELEGATED CO-COMMISSIONING,LONG CATLIS ROAD SURGERY,25554168,"26,397.23 ",,KC000085265
Department of Health,NHS Medway CCG,1/31/2019,C&M-GMS LES Care Home/Nursing Home,LOCAL ENHANCED SERVICES,LONG CATLIS ROAD SURGERY,25554168,"16,602.13 ",,KC000085265
Department of Health,NHS Medway CCG,1/31/2019,C&M-GMS MPIG Correction Factor,PRC DELEGATED CO-COMMISSIONING,LONG CATLIS ROAD SURGERY,25554168,193.89 ,,KC000085265
Department of Health,NHS Medway CCG,1/31/2019,C&M-GMS Global Sum,PRC DELEGATED CO-COMMISSIONING,MAIDSTONE ROAD SURGERY CHATHAM,25554171,"22,670.35 ",,KC000085269
Department of Health,NHS Medway CCG,1/31/2019,C&M-GMS LES Care Home/Nursing Home,LOCAL ENHANCED SERVICES,MAIDSTONE ROAD SURGERY CHATHAM,25554171,541.87 ,,KC000085269
Department of Health,NHS Medway CCG,1/31/2019,C&M-GMS MPIG Correction Factor,PRC DELEGATED CO-COMMISSIONING,MAIDSTONE ROAD SURGERY CHATHAM,25554171,376.14 ,,KC000085269
Department of Health,NHS Medway CCG,1/31/2019,C&M-GMS Prem Notional Rent,PRC DELEGATED CO-COMMISSIONING,MAIDSTONE ROAD SURGERY CHATHAM,25554171,"2,417.00 ",,KC000085269
Department of Health,NHS Medway CCG,1/31/2019,C&M-GMS Global Sum,PRC DELEGATED CO-COMMISSIONING,MAIDSTONE ROAD SURGERY GILLINGHAM,25554173,"33,144.70 ",,KC000085271
Department of Health,NHS Medway CCG,1/31/2019,C&M-GMS MPIG Correction Factor,PRC DELEGATED CO-COMMISSIONING,MAIDSTONE ROAD SURGERY GILLINGHAM,25554173,50.68 ,,KC000085271
Department of Health,NHS Medway CCG,1/31/2019,C&M-APMS Contract Value,PRC DELEGATED CO-COMMISSIONING,MALLING HEALTH,25554175,"59,487.03 ",974 968 053,KC000085273
Department of Health,NHS Medway CCG,1/31/2019,C&M-APMS LES Care Home/Nursing Home,LOCAL ENHANCED SERVICES,MALLING HEALTH,25554175,"3,731.33 ",974 968 053,KC000085273
Department of Health,NHS Medway CCG,1/31/2019,C&M-GMS Global Sum,PRC DELEGATED CO-COMMISSIONING,PARKWOOD FAMILY PRACTICE,25554181,"24,467.50 ",,KC000085279
Department of Health,NHS Medway CCG,1/31/2019,C&M-GMS MPIG Correction Factor,PRC DELEGATED CO-COMMISSIONING,PARKWOOD FAMILY PRACTICE,25554181,692.48 ,,KC000085279
Department of Health,NHS Medway CCG,1/31/2019,C&M-GMS Prem Notional Rent,PRC DELEGATED CO-COMMISSIONING,PARKWOOD FAMILY PRACTICE,25554181,"2,513.00 ",,KC000085279
Department of Health,NHS Medway CCG,1/31/2019,C&M-GMS Global Sum,PRC DELEGATED CO-COMMISSIONING,ROSEMARY STREET HEALTH CENTRE,25554189,"67,953.06 ",,KC000085287
Department of Health,NHS Medway CCG,1/31/2019,C&M-GMS MPIG Correction Factor,PRC DELEGATED CO-COMMISSIONING,ROSEMARY STREET HEALTH CENTRE,25554189,596.03 ,,KC000085287
Department of Health,NHS Medway CCG,1/31/2019,C&M-GMS PCO Locum Sickness,PRC DELEGATED CO-COMMISSIONING,ROSEMARY STREET HEALTH CENTRE,25554189,"6,754.56 ",,KC000085287
Department of Health,NHS Medway CCG,1/31/2019,C&M-GMS Prem Notional Rent,PRC DELEGATED CO-COMMISSIONING,ROSEMARY STREET HEALTH CENTRE,25554189,"5,929.00 ",,KC000085287
Department of Health,NHS Medway CCG,1/31/2019,C&M-GMS DES Minor Surgery,PRC DELEGATED CO-COMMISSIONING,RIVERSIDE MEDICAL CENTRE HALLING,25554191,44.00 ,,KC000085289
Department of Health,NHS Medway CCG,1/31/2019,C&M-GMS Global Sum,PRC DELEGATED CO-COMMISSIONING,RIVERSIDE MEDICAL CENTRE HALLING,25554191,"39,032.33 ",,KC000085289
Department of Health,NHS Medway CCG,1/31/2019,C&M-GMS MPIG Correction Factor,PRC DELEGATED CO-COMMISSIONING,RIVERSIDE MEDICAL CENTRE HALLING,25554191,764.62 ,,KC000085289
Department of Health,NHS Medway CCG,1/31/2019,C&M-GMS Prem Notional Rent,PRC DELEGATED CO-COMMISSIONING,RIVERSIDE MEDICAL CENTRE HALLING,25554191,"1,615.00 ",,KC000085289
Department of Health,NHS Medway CCG,1/31/2019,C&M-APMS Contract Value,PRC DELEGATED CO-COMMISSIONING,SUNLIGHT CENTRE (THE),25554193,"56,541.12 ",,KC000085291
Department of Health,NHS Medway CCG,1/31/2019,C&M-GMS DES Minor Surgery,PRC DELEGATED CO-COMMISSIONING,ST WERBURGH PRACTICE,25554195,"1,364.00 ",,KC000085293
Department of Health,NHS Medway CCG,1/31/2019,C&M-GMS Global Sum,PRC DELEGATED CO-COMMISSIONING,ST WERBURGH PRACTICE,25554195,"76,269.80 ",,KC000085293
Department of Health,NHS Medway CCG,1/31/2019,C&M-GMS MPIG Correction Factor,PRC DELEGATED CO-COMMISSIONING,ST WERBURGH PRACTICE,25554195,466.26 ,,KC000085293
Department of Health,NHS Medway CCG,1/31/2019,C&M-GMS Prem Actual Rent,PRC DELEGATED CO-COMMISSIONING,ST WERBURGH PRACTICE,25554195,"17,500.02 ",,KC000085293
Department of Health,NHS Medway CCG,1/31/2019,C&M-GMS DES Minor Surgery,PRC DELEGATED CO-COMMISSIONING,THORNDIKE CENTRE,25554197,616.00 ,,KC000085295
Department of Health,NHS Medway CCG,1/31/2019,C&M-GMS Global Sum,PRC DELEGATED CO-COMMISSIONING,THORNDIKE CENTRE,25554197,"87,715.21 ",,KC000085295
Department of Health,NHS Medway CCG,1/31/2019,C&M-GMS MPIG Correction Factor,PRC DELEGATED CO-COMMISSIONING,THORNDIKE CENTRE,25554197,"1,477.66 ",,KC000085295
Department of Health,NHS Medway CCG,1/31/2019,C&M-GMS Prem Notional Rent,PRC DELEGATED CO-COMMISSIONING,THORNDIKE CENTRE,25554197,"10,442.00 ",,KC000085295
Department of Health,NHS Medway CCG,1/31/2019,C&M-GMS Prem Water Rates,PRC DELEGATED CO-COMMISSIONING,THORNDIKE CENTRE,25554197,537.46 ,,KC000085295
Department of Health,NHS Medway CCG,1/31/2019,C&M-GMS Global Sum,PRC DELEGATED CO-COMMISSIONING,THAMES AVENUE,25554199,"40,134.77 ",,KC000085297
Department of Health,NHS Medway CCG,1/31/2019,C&M-GMS Global Sum,PRC DELEGATED CO-COMMISSIONING,WIGMORE MEDICAL CENTRE,25554203,"31,114.60 ",,KC000085301
Department of Health,NHS Medway CCG,1/31/2019,C&M-GMS MPIG Correction Factor,PRC DELEGATED CO-COMMISSIONING,WIGMORE MEDICAL CENTRE,25554203,873.83 ,,KC000085301
Department of Health,NHS Medway CCG,1/31/2019,C&M-GMS Prem Notional Rent,PRC DELEGATED CO-COMMISSIONING,WIGMORE MEDICAL CENTRE,25554203,"1,500.00 ",,KC000085301
Department of Health,NHS Medway CCG,1/31/2019,C&M-GMS DES Minor Surgery,PRC DELEGATED CO-COMMISSIONING,WALDERSLADE VILLAGE,25554205,"3,256.00 ",,KC000085303
Department of Health,NHS Medway CCG,1/31/2019,C&M-GMS Global Sum,PRC DELEGATED CO-COMMISSIONING,WALDERSLADE VILLAGE,25554205,"147,347.59 ",,KC000085303
Department of Health,NHS Medway CCG,1/31/2019,C&M-GMS MPIG Correction Factor,PRC DELEGATED CO-COMMISSIONING,WALDERSLADE VILLAGE,25554205,"3,881.25 ",,KC000085303
Department of Health,NHS Medway CCG,1/31/2019,C&M-GMS Prem Actual Rent,PRC DELEGATED CO-COMMISSIONING,WALDERSLADE VILLAGE,25554205,"99,577.29 ",,KC000085303
Department of Health,NHS Medway CCG,1/31/2019,C&M-GMS Prem Notional Rent,PRC DELEGATED CO-COMMISSIONING,WALDERSLADE VILLAGE,25554205,"4,307.00 ",,KC000085303
Department of Health,NHS Medway CCG,1/31/2019,C&M-GMS Global Sum,PRC DELEGATED CO-COMMISSIONING,WAYFIELD ROAD,25554209,"36,287.22 ",,KC000085307
Department of Health,NHS Medway CCG,1/31/2019,C&M-GMS Prem Notional Rent,PRC DELEGATED CO-COMMISSIONING,WAYFIELD ROAD,25554209,"1,004.00 ",,KC000085307
Department of Health,NHS Medway CCG,1/31/2019,C&M-GMS DES Minor Surgery,PRC DELEGATED CO-COMMISSIONING,WOODLANDS FAMILY PRACTICE,25554211,"1,540.00 ",,KC000085309
Department of Health,NHS Medway CCG,1/31/2019,C&M-GMS Global Sum,PRC DELEGATED CO-COMMISSIONING,WOODLANDS FAMILY PRACTICE,25554211,"127,586.83 ",,KC000085309
Department of Health,NHS Medway CCG,1/31/2019,C&M-GMS MPIG Correction Factor,PRC DELEGATED CO-COMMISSIONING,WOODLANDS FAMILY PRACTICE,25554211,"2,256.97 ",,KC000085309
Department of Health,NHS Medway CCG,1/31/2019,C&M-GMS Prem Notional Rent,PRC DELEGATED CO-COMMISSIONING,WOODLANDS FAMILY PRACTICE,25554211,"7,098.00 ",,KC000085309
Department of Health,NHS Medway CCG,1/31/2019,C&M-GMS Global Sum,PRC DELEGATED CO-COMMISSIONING,CASTLE MEDICAL PRACTICE,25554215,"27,349.67 ",,KC000085313
Department of Health,NHS Medway CCG,1/31/2019,C&M-GMS MPIG Correction Factor,PRC DELEGATED CO-COMMISSIONING,CASTLE MEDICAL PRACTICE,25554215,611.19 ,,KC000085313
Department of Health,NHS Medway CCG,1/31/2019,C&M-GMS PCO Other,PRC DELEGATED CO-COMMISSIONING,CASTLE MEDICAL PRACTICE,25554215,264.40 ,,KC000085313
Department of Health,NHS Medway CCG,1/31/2019,C&M-GMS Global Sum,PRC DELEGATED CO-COMMISSIONING,STONECROSS & WESTDRIVE SURGERY,25554217,"57,420.80 ",,KC000085315
Department of Health,NHS Medway CCG,1/31/2019,C&M-GMS MPIG Correction Factor,PRC DELEGATED CO-COMMISSIONING,STONECROSS & WESTDRIVE SURGERY,25554217,724.13 ,,KC000085315
Department of Health,NHS Medway CCG,1/31/2019,C&M-GMS Prem Actual Rent,PRC DELEGATED CO-COMMISSIONING,STONECROSS & WESTDRIVE SURGERY,25554217,"3,250.00 ",,KC000085315
Department of Health,NHS Medway CCG,1/31/2019,C&M-GMS Prem Notional Rent,PRC DELEGATED CO-COMMISSIONING,STONECROSS & WESTDRIVE SURGERY,25554217,"4,072.00 ",,KC000085315
Department of Health,NHS Medway CCG,1/31/2019,C&M-APMS Contract Value,PRC DELEGATED CO-COMMISSIONING,MEDWAY COMMUNITY HEALTHCARE PENTAGON,25554219,"70,303.76 ",,KC000085317
Department of Health,NHS Medway CCG,1/31/2019,C&M-APMS Contract Value,PRC DELEGATED CO-COMMISSIONING,ST MARYS ISLAND SURGERY,25554221,"49,947.20 ",,KC000085319
Department of Health,NHS Medway CCG,1/31/2019,C&M-PMS QOF Aspiration,PRC DELEGATED CO-COMMISSIONING,ST MARYS ISLAND SURGERY,25554221,"1,455.25 ",,KC000085319
Department of Health,NHS Medway CCG,1/31/2019,C&M-GMS Global Sum,PRC DELEGATED CO-COMMISSIONING,ORCHARD FAMILY PRACTICE,25554223,"38,007.39 ",,KC000085321
Department of Health,NHS Medway CCG,1/31/2019,C&M-GMS Prem Actual Rent,PRC DELEGATED CO-COMMISSIONING,ORCHARD FAMILY PRACTICE,25554223,"19,113.30 ",,KC000085321
Department of Health,NHS Medway CCG,1/31/2019,C&M-GMS Global Sum,PRC DELEGATED CO-COMMISSIONING,DR MARA HK & PARTNERS,25570012,"83,373.20 ",,KC000085243
Department of Health,NHS Medway CCG,1/31/2019,C&M-GMS LES Care Home/Nursing Home,LOCAL ENHANCED SERVICES,DR MARA HK & PARTNERS,25570012,"3,878.34 ",,KC000085243
Department of Health,NHS Medway CCG,1/31/2019,C&M-GMS MPIG Correction Factor,PRC DELEGATED CO-COMMISSIONING,DR MARA HK & PARTNERS,25570012,827.77 ,,KC000085243
Department of Health,NHS Medway CCG,1/31/2019,C&M-GMS Prem Notional Rent,PRC DELEGATED CO-COMMISSIONING,DR MARA HK & PARTNERS,25570012,"7,243.00 ",,KC000085243
Department of Health,NHS Medway CCG,1/31/2019,C&M-GMS Global Sum,PRC DELEGATED CO-COMMISSIONING,MARLOWE PARK MEDICAL CENTRE,25570013,"23,869.85 ",,KC000085267
Department of Health,NHS Medway CCG,1/31/2019,C&M-GMS PCO Locum Sickness,PRC DELEGATED CO-COMMISSIONING,MARLOWE PARK MEDICAL CENTRE,25570013,"7,228.04 ",,KC000085267
Department of Health,NHS Medway CCG,1/31/2019,C&M-GMS Prem Notional Rent,PRC DELEGATED CO-COMMISSIONING,MARLOWE PARK MEDICAL CENTRE,25570013,"3,270.83 ",,KC000085267
Department of Health,NHS Medway CCG,1/31/2019,Hcare Srv Rec Fdtn Trust-Non Contract,NCAS/OATS,ST GEORGES UNIVERSITY HOSPITALS NHS FOUNDATION TRUST,25583908,"54,559.34 ",GB654461922,6447435
Department of Health,NHS Medway CCG,1/31/2019,Hcare Srv Rec Fdtn Trust-Contract Baseline,CHILD AND ADOLESCENT MENTAL HEALTH,NORTH EAST LONDON NHS FOUNDATION TRUST,25584406,"205,998.00 ",654404447,0000054001
Department of Health,NHS Medway CCG,1/31/2019,Hcare Srv Rec Fdtn Trust-Contract Baseline,MENTAL HEALTH CONTRACTS,NORTH EAST LONDON NHS FOUNDATION TRUST,25584414,"31,761.00 ",654404447,0000054039
Department of Health,NHS Medway CCG,1/31/2019,Cont Care- Palliative Care,CHC ADULT FULLY FUNDED,CHARING GARDENS LTD,25584500,"21,127.52 ",,337
Department of Health,NHS Medway CCG,1/31/2019,Cont Care-Mental Health (65+),CHC ADULT FULLY FUNDED,CHARING GARDENS LTD,25584500,"17,326.80 ",,337
Department of Health,NHS Medway CCG,1/31/2019,Cont Care-Physical Disab (65+),CHC ADULT FULLY FUNDED,CHARING GARDENS LTD,25584500,"34,653.60 ",,337
Department of Health,NHS Medway CCG,1/31/2019,Cont Care-Physical Disab (<65),CHC ADULT FULLY FUNDED,CHARING GARDENS LTD,25584500,"2,571.07 ",,337
Department of Health,NHS Medway CCG,1/31/2019,Apprenticeship Levy Payable,BALANCE SHEET,HMRC,25593032,339.00 ,,475PG004499291909
Department of Health,NHS Medway CCG,1/31/2019,Income tax <1Yr,BALANCE SHEET,HMRC,25593032,"50,057.60 ",,475PG004499291909
Department of Health,NHS Medway CCG,1/31/2019,Income tax <1Yr-Student Loans,BALANCE SHEET,HMRC,25593032,797.00 ,,475PG004499291909
Department of Health,NHS Medway CCG,1/31/2019,National Insurance < 1 yr-NI- ERS,BALANCE SHEET,HMRC,25593032,"34,921.90 ",,475PG004499291909
Department of Health,NHS Medway CCG,1/31/2019,National Insurance < 1 yr-NI-EES,BALANCE SHEET,HMRC,25593032,"24,569.96 ",,475PG004499291909
Department of Health,NHS Medway CCG,1/31/2019,Statutory Mat Pay < 1 yr,BALANCE SHEET,HMRC,25593032,"(1,335.70)",,475PG004499291909
Department of Health,NHS Medway CCG,1/31/2019,Computer Software/License,PRIMARY CARE DEVELOPMENT,CAPITA BUSINESS SERVICES LTD,25597834,"60,210.23 ",618184140,6003850237
Department of Health,NHS Medway CCG,1/31/2019,C&M-GMS Cost of Drugs -Dispensing,LOCAL ENHANCED SERVICES,DR MARA HK & PARTNERS,25628199,"(58,035.84)",,KC000085635
Department of Health,NHS Medway CCG,1/31/2019,C&M-GMS PrscChrgsCll&RmttdbyGPCntra,PRC DELEGATED CO-COMMISSIONING,DR MARA HK & PARTNERS,25628199,"(1,962.40)",,KC000085635
Department of Health,NHS Medway CCG,1/31/2019,C&M-GMS Cost of Drugs -Dispensing,LOCAL ENHANCED SERVICES,DR MARA HK & PARTNERS,25628200,"97,945.32 ",,KC000085636
Department of Health,NHS Medway CCG,1/31/2019,C&M-GMS Prof Fees Dispensing,PRC DELEGATED CO-COMMISSIONING,DR MARA HK & PARTNERS,25628200,"19,567.03 ",,KC000085636
Department of Health,NHS Medway CCG,1/31/2019,C&M-GMS PrscrptnChrgsColl&RmttdbyGP,LOCAL ENHANCED SERVICES,DR MARA HK & PARTNERS,25628200,"1,962.40 ",,KC000085636
Department of Health,NHS Medway CCG,1/31/2019,C&M-GMS Cost of Drugs -Dispensing,LOCAL ENHANCED SERVICES,HIGHCLIFFE MEDICAL PRACTICE,25628207,"69,065.22 ",924053741,KC000085643
Department of Health,NHS Medway CCG,1/31/2019,C&M-GMS Prof Fees Dispensing,PRC DELEGATED CO-COMMISSIONING,HIGHCLIFFE MEDICAL PRACTICE,25628207,"12,549.50 ",924053741,KC000085643
Department of Health,NHS Medway CCG,1/31/2019,C&M-GMS PrscrptnChrgsColl&RmttdbyGP,LOCAL ENHANCED SERVICES,HIGHCLIFFE MEDICAL PRACTICE,25628207,"1,557.60 ",924053741,KC000085643
Department of Health,NHS Medway CCG,1/31/2019,C&M-GMS Cost of Drugs -Dispensing,LOCAL ENHANCED SERVICES,MAIDSTONE ROAD SURGERY GILLINGHAM,25628212,"23,688.41 ",,KC000085648
Department of Health,NHS Medway CCG,1/31/2019,C&M-GMS Prof Fees Dispensing,PRC DELEGATED CO-COMMISSIONING,MAIDSTONE ROAD SURGERY GILLINGHAM,25628212,"4,961.25 ",,KC000085648
Department of Health,NHS Medway CCG,1/31/2019,C&M-GMS PrscrptnChrgsColl&RmttdbyGP,LOCAL ENHANCED SERVICES,MAIDSTONE ROAD SURGERY GILLINGHAM,25628212,492.80 ,,KC000085648
Department of Health,NHS Medway CCG,1/31/2019,C&M-GMS Cost of Drugs -Dispensing,LOCAL ENHANCED SERVICES,RIVERSIDE MEDICAL CENTRE HALLING,25628217,"(48,894.00)",,KC000085653
Department of Health,NHS Medway CCG,1/31/2019,C&M-GMS PrscChrgsCll&RmttdbyGPCntra,PRC DELEGATED CO-COMMISSIONING,RIVERSIDE MEDICAL CENTRE HALLING,25628217,"(3,889.60)",,KC000085653
Department of Health,NHS Medway CCG,1/31/2019,C&M-GMS Cost of Drugs -Dispensing,LOCAL ENHANCED SERVICES,RIVERSIDE MEDICAL CENTRE HALLING,25628218,"92,060.25 ",,KC000085654
Department of Health,NHS Medway CCG,1/31/2019,C&M-GMS Prof Fees Dispensing,PRC DELEGATED CO-COMMISSIONING,RIVERSIDE MEDICAL CENTRE HALLING,25628218,"19,337.14 ",,KC000085654
Department of Health,NHS Medway CCG,1/31/2019,C&M-GMS PrscrptnChrgsColl&RmttdbyGP,LOCAL ENHANCED SERVICES,RIVERSIDE MEDICAL CENTRE HALLING,25628218,"3,889.60 ",,KC000085654
Department of Health,NHS Medway CCG,1/31/2019,Clinical&Medical-Voluntary Sector,COMMUNITY SERVICES,MEDWAY COMMUNITY HEALTHCARE CIC,25663111,"2,110,743.00 ",201349157,24185448
Department of Health,NHS Medway CCG,1/31/2019,Clinical&Medical-Voluntary Sector,ACUTE COMMISSIONING,BENENDEN HOSPITAL TRUST,25663121,"27,172.00 ",583883292,28892
Department of Health,NHS Medway CCG,1/31/2019,Clinical&Medical-Voluntary Sector,COMMUNITY SERVICES,MEDWAY COMMUNITY HEALTHCARE CIC,25663124,"46,434.93 ",201349157,24185473
Department of Health,NHS Medway CCG,1/31/2019,Clinical&Medical-Commercial Sector,WHEELCHAIR SERVICE,MILLBROOK HEALTHCARE LTD,25737267,"50,858.33 ",GB675991080,20172
Department of Health,NHS Medway CCG,1/31/2019,Clinical&Medical-Voluntary Sector,Winter Resilience,MEDWAY COMMUNITY HEALTHCARE CIC,25742207,"47,000.00 ",201349157,24183066
Department of Health,NHS Medway CCG,1/31/2019,Prescribing,PRESCRIBING,BOOTS UK LTD,25742209,"53,386.87 ",GB116300129,50989
Department of Health,NHS Medway CCG,1/31/2019,Prescribing,PRESCRIBING,BOOTS UK LTD,25742222,"58,483.30 ",GB116300129,51819
Department of Health,NHS Medway CCG,1/31/2019,Prescribing,PRESCRIBING,STURDEE AVENUE PHARMACY,25742223,"62,397.20 ",,51904
Department of Health,NHS Medway CCG,1/31/2019,Clinical&Medical-Commercial Sector,GP FORWARD VIEW,MEDWAY PRACTICES ALLIANCE LTD,25742232,"108,333.33 ",,201805
Department of Health,NHS Medway CCG,1/31/2019,Clinical&Medical-Commercial Sector,IMPROVING ACCESS TO PSYCHOLOGICAL THERAPIES,INSIGHT HEALTHCARE LTD,25792256,"120,000.00 ",108270045,18969
,,,,,,,,,
