A3131 - Expenditure Over Threshold,,,,,,,,,
,,,,,,,,,
,,,,,,,,,
Time run: 01/03/2019 13:42:21,,,,,,,,,
,,,,,,,,,
Department family,Entity,Date,Expense Type,Expense area,Supplier,Transaction number,AP Amount (�),VAT registration number,Purchase invoice number
Department of Health,NHS Medway CCG,12/31/2018,Computer Software/License,PRIMARY CARE DEVELOPMENT,BLACK PEAR SOFTWARE LTD,24789196,"34,536.00 ",113 7950 20,INV10273
Department of Health,NHS Medway CCG,12/31/2018,Clinical&Medical-Voluntary Sector,CHC ADULT FULLY FUNDED,MEDWAY COMMUNITY HEALTHCARE CIC,25028251,"37,601.20 ",201349157,24183778
Department of Health,NHS Medway CCG,12/31/2018,Clinical&Medical-Voluntary Sector,CHC ADULT FULLY FUNDED,MEDWAY COMMUNITY HEALTHCARE CIC,25028262,"36,800.40 ",201349157,24184216
Department of Health,NHS Medway CCG,12/31/2018,Clinical&Medical-Voluntary Sector,CHC ADULT FULLY FUNDED,MEDWAY COMMUNITY HEALTHCARE CIC,25028272,"36,800.40 ",201349157,24184453
Department of Health,NHS Medway CCG,12/31/2018,Clinical&Medical-Voluntary Sector,CHC ADULT FULLY FUNDED,MEDWAY COMMUNITY HEALTHCARE CIC,25028301,"36,800.40 ",201349157,24184664
Department of Health,NHS Medway CCG,12/31/2018,Hcare Srv Rec Fdtn Trust-Contract Baseline,COMMUNITY SERVICES,KENT COMMUNITY HEALTH NHS FOUNDATION TRUST,25028307,"76,076.00 ",654440093,24063724
Department of Health,NHS Medway CCG,12/31/2018,Clinical&Medical-Voluntary Sector,CHC ADULT FULLY FUNDED,MEDWAY COMMUNITY HEALTHCARE CIC,25028319,"33,354.53 ",201349157,24185018
Department of Health,NHS Medway CCG,12/31/2018,Clinical&Medical-Voluntary Sector,CHC ADULT FULLY FUNDED,MEDWAY COMMUNITY HEALTHCARE CIC,25028321,"849,416.65 ",201349157,24185020
Department of Health,NHS Medway CCG,12/31/2018,Clinical&Medical-Voluntary Sector,COMMUNITY SERVICES,MEDWAY COMMUNITY HEALTHCARE CIC,25028324,"2,371,012.99 ",201349157,24185028
Department of Health,NHS Medway CCG,12/31/2018,Clinical&Medical-Voluntary Sector,COMMUNITY SERVICES,MEDWAY COMMUNITY HEALTHCARE CIC,25028325,"474,202.60 ",201349157,24185029
Department of Health,NHS Medway CCG,12/31/2018,Clinical&Medical-Voluntary Sector,COMMUNITY SERVICES,MEDWAY COMMUNITY HEALTHCARE CIC,25028326,"28,856.41 ",201349157,24185038
Department of Health,NHS Medway CCG,12/31/2018,Clinical&Medical-Voluntary Sector,COMMUNITY SERVICES,MEDWAY COMMUNITY HEALTHCARE CIC,25028344,"262,850.54 ",201349157,24185081
Department of Health,NHS Medway CCG,12/31/2018,Hcare Srv Rec Fdtn Trust-Contract Baseline,COMMUNITY SERVICES,KENT COMMUNITY HEALTH NHS FOUNDATION TRUST,25028349,"76,076.00 ",654440093,24064462
Department of Health,NHS Medway CCG,12/31/2018,Chrgs from SLA,CONTRACT MANAGEMENT,OPTUM HEALTH SOLUTIONS (UK) LTD,25028377,"65,209.93 ",GB108297604,0001099363
Department of Health,NHS Medway CCG,12/31/2018,External Consultancy Fees,COMMISSIONING,SINCLAIR SMITH CONSULTANCY LTD,25083394,"35,880.00 ",621 8458 39,00183
Department of Health,NHS Medway CCG,12/31/2018,Clinical&Medical-Commercial Sector,COMMUNITY SERVICES,VIRGIN CARE SERVICES LTD,25095998,"253,742.30 ",GB918510332,10300205083
Department of Health,NHS Medway CCG,12/31/2018,Clinical&Medical-Commercial Sector,COMMUNITY SERVICES,VIRGIN CARE SERVICES LTD,25095999,"30,082.85 ",GB918510332,10300210131
Department of Health,NHS Medway CCG,12/31/2018,Clinical&Medical-Commercial Sector,COMMUNITY SERVICES,VIRGIN CARE SERVICES LTD,25096002,"128,440.69 ",GB918510332,10301045988
Department of Health,NHS Medway CCG,12/31/2018,Clinical&Medical-Commercial Sector,COMMUNITY SERVICES,VIRGIN CARE SERVICES LTD,25096003,"37,930.55 ",GB918510332,10301123985
Department of Health,NHS Medway CCG,12/31/2018,Clinical&Medical-Commercial Sector,COMMUNITY SERVICES,VIRGIN CARE SERVICES LTD,25096004,"77,430.64 ",GB918510332,10301193985
Department of Health,NHS Medway CCG,12/31/2018,Hcare Srv Rec NHS Trust-Non Contract,NCAS/OATS,LEWISHAM & GREENWICH NHS TRUST,25096005,"41,797.84 ",654928206,8490418
Department of Health,NHS Medway CCG,12/31/2018,Clinical&Medical-Commercial Sector,COMMUNITY SERVICES,VIRGIN CARE SERVICES LTD,25096006,"31,652.39 ",GB918510332,10301224999
Department of Health,NHS Medway CCG,12/31/2018,Clinical&Medical-Commercial Sector,COMMUNITY SERVICES,VIRGIN CARE SERVICES LTD,25096009,"71,675.66 ",GB918510332,10300542990
Department of Health,NHS Medway CCG,12/31/2018,Clinical&Medical-Independent Sector,IMPROVING ACCESS TO PSYCHOLOGICAL THERAPIES,INSIGHT HEALTHCARE LTD,25096011,"120,000.00 ",108270045,18846
Department of Health,NHS Medway CCG,12/31/2018,Clinical&Medical-Commercial Sector,COMMUNITY SERVICES,VIRGIN CARE SERVICES LTD,25096014,"(307,006.96)",GB918510332,10301314036
Department of Health,NHS Medway CCG,12/31/2018,Hcare Srv Rec Fdtn Trust-Contract Baseline,ACUTE COMMISSIONING,EAST KENT HOSPITALS UNIVERSITY NHS FOUNDATION TRUST,25133237,"172,916.00 ",654970700,900469
Department of Health,NHS Medway CCG,12/31/2018,Hcare Srv Rec Fdtn Trust-Contract Baseline,ACUTE COMMISSIONING,UNIVERSITY COLLEGE LONDON HOSPITALS NHS FOUNDATION TRUST,25133239,"94,723.00 ",654948687,5010185947
Department of Health,NHS Medway CCG,12/31/2018,Hcare Srv Rec Fdtn Trust-Contract Baseline,COMMUNITY SERVICES,KENT COMMUNITY HEALTH NHS FOUNDATION TRUST,25133240,"44,673.00 ",654440093,24064294
Department of Health,NHS Medway CCG,12/31/2018,Clinical&Medical-Commercial Sector,ACUTE COMMISSIONING,BMI HEALTHCARE LTD,25133245,"78,011.25 ",GB235134980,0000101057
Department of Health,NHS Medway CCG,12/31/2018,Clinical&Medical-Commercial Sector,ACUTE COMMISSIONING,BMI HEALTHCARE LTD,25133246,"31,276.90 ",GB235134980,0000101046
Department of Health,NHS Medway CCG,12/31/2018,Hcare Srv Rec Fdtn Trust-Contract Baseline,ACUTE COMMISSIONING,KING`S COLLEGE HOSPITAL NHS FOUNDATION TRUST,25133247,"327,486.00 ",654926800,00265055
Department of Health,NHS Medway CCG,12/31/2018,Hcare Srv Rec Fdtn Trust-Contract Baseline,ACUTE COMMISSIONING,GUYS & ST THOMAS HOSPITAL NHS FOUNDATION TRUST,25133248,"439,157.00 ",654923417,3251878
Department of Health,NHS Medway CCG,12/31/2018,Clinical&Medical-Voluntary Sector,ACUTE COMMISSIONING,HORDER HEALTHCARE,25133251,"29,524.33 ",204025664,17280
Department of Health,NHS Medway CCG,12/31/2018,Chrgs from SLA,CONTRACT MANAGEMENT,OPTUM HEALTH SOLUTIONS (UK) LTD,25133252,"65,209.93 ",GB108297604,0001096875
Department of Health,NHS Medway CCG,12/31/2018,Hcare Srv Rec NHS Trust-Contract Baseline,ACUTE COMMISSIONING,IMPERIAL COLLEGE HEALTHCARE NHS TRUST,25133254,"29,601.00 ",654945990,H0167197
Department of Health,NHS Medway CCG,12/31/2018,Hcare Srv Rec NHS Trust-Contract Baseline,ACUTE COMMISSIONING,ROYAL NATIONAL ORTHOPAEDIC HOSPITAL NHS TRUST,25133255,"63,982.00 ",654947494,B0038667
Department of Health,NHS Medway CCG,12/31/2018,Hcare Srv Rec Fdtn Trust-Contract Baseline,ACUTE COMMISSIONING,QUEEN VICTORIA HOSPITAL NHS FOUNDATION TRUST,25133256,"220,922.00 ",654946595,2010016628
Department of Health,NHS Medway CCG,12/31/2018,Clinical&Medical-Commercial Sector,ACUTE COMMISSIONING,SPIRE HEALTHCARE LTD,25133259,"278,049.00 ",915970991,09WALXPF181909
Department of Health,NHS Medway CCG,12/31/2018,Hcare Srv Rec Fdtn Trust-Contract Baseline,ACUTE COMMISSIONING,MEDWAY NHS FOUNDATION TRUST,25133260,"11,317,251.00 ",654929496,0001012225
Department of Health,NHS Medway CCG,12/31/2018,Hcare Srv Rec NHS Trust-Contract Baseline,ACUTE COMMISSIONING,DARTFORD AND GRAVESHAM NHS TRUST,25133261,"342,452.33 ",,1000057090
Department of Health,NHS Medway CCG,12/31/2018,Clinical&Medical-Commercial Sector,CLINICAL ASSESSMENT AND TREATMENT CENTRES,CARE UK CLINICAL SERVICES LTD,25133299,"246,286.50 ",,100082358
Department of Health,NHS Medway CCG,12/31/2018,Hcare Srv Rec NHS Trust-Contract Baseline,MENTAL HEALTH CONTRACTS,KENT AND MEDWAY NHS AND SOCIALCARE PARTNERSHIP TRUST,25133300,"1,670,427.00 ",654419820,13605402
Department of Health,NHS Medway CCG,12/31/2018,Clinical&Medical-Voluntary Sector,COMMUNITY SERVICES,MEDWAY COMMUNITY HEALTHCARE CIC,25133302,"28,202.16 ",201349157,24185232
Department of Health,NHS Medway CCG,12/31/2018,Clinical&Medical-Voluntary Sector,CHC ADULT FULLY FUNDED,MEDWAY COMMUNITY HEALTHCARE CIC,25133303,"36,369.67 ",201349157,24185233
Department of Health,NHS Medway CCG,12/31/2018,Clinical&Medical-Voluntary Sector,CHC ADULT FULLY FUNDED,MEDWAY COMMUNITY HEALTHCARE CIC,25133304,"298,666.67 ",201349157,24185235
Department of Health,NHS Medway CCG,12/31/2018,Clinical&Medical-Voluntary Sector,COMMUNITY SERVICES,MEDWAY COMMUNITY HEALTHCARE CIC,25133305,"474,202.60 ",201349157,24185236
Department of Health,NHS Medway CCG,12/31/2018,Hcare Srv Rec Fdtn Trust-Contract Baseline,NHS 111,SOUTH EAST COAST AMBULANCE SERVICE NHS FOUNDATION TRUST,25133306,"77,139.08 ",654434925,7881458
Department of Health,NHS Medway CCG,12/31/2018,Hcare Srv Rec Fdtn Trust-Contract Baseline,AMBULANCE SERVICES,SOUTH EAST COAST AMBULANCE SERVICE NHS FOUNDATION TRUST,25133308,"951,431.50 ",654434925,7881492
Department of Health,NHS Medway CCG,12/31/2018,Charges from CSU,COMMISSIONING - NON ACUTE,NHS NEL CSU,25133311,"6,755.75 ",GB654442045,7312807836
Department of Health,NHS Medway CCG,12/31/2018,Charges from CSU,CORPORATE COSTS & SERVICES,NHS NEL CSU,25133311,"14,247.81 ",GB654442045,7312807836
Department of Health,NHS Medway CCG,12/31/2018,Charges from CSU,PRIMARY CARE IT,NHS NEL CSU,25133311,"43,642.76 ",GB654442045,7312807836
Department of Health,NHS Medway CCG,12/31/2018,Hcare Srv Rec NHS Trust-Contract Baseline,ACUTE COMMISSIONING,MAIDSTONE AND TUNBRIDGE WELLS NHS TRUST,25133313,"918,109.00 ",654972595,4000113812
Department of Health,NHS Medway CCG,12/31/2018,Clinical&Medical-Commercial Sector,WHEELCHAIR SERVICE,MILLBROOK HEALTHCARE LTD,25133314,"67,463.76 ",GB675991080,20588
Department of Health,NHS Medway CCG,12/31/2018,Clinical&Medical-Commercial Sector,PATIENT TRANSPORT,G4S HEALTH SERVICES UK LTD,25133315,"242,740.87 ",238560256,90323753
Department of Health,NHS Medway CCG,12/31/2018,Cont Care- Palliative Care,CHC ADULT FULLY FUNDED,CHARING GARDENS LTD,25160110,"17,505.35 ",,330
Department of Health,NHS Medway CCG,12/31/2018,Cont Care-Mental Health (65+),CHC ADULT FULLY FUNDED,CHARING GARDENS LTD,25160110,"11,178.57 ",,330
Department of Health,NHS Medway CCG,12/31/2018,Cont Care-Physical Disab (65+),CHC ADULT FULLY FUNDED,CHARING GARDENS LTD,25160110,"35,704.63 ",,330
Department of Health,NHS Medway CCG,12/31/2018,Hcare Srv Rec Fdtn Trust-Contract Baseline,CHILD AND ADOLESCENT MENTAL HEALTH,NORTH EAST LONDON NHS FOUNDATION TRUST,25160120,"205,998.00 ",654404447,0000053383
Department of Health,NHS Medway CCG,12/31/2018,Hcare Srv Rec Fdtn Trust-Contract Baseline,MENTAL HEALTH CONTRACTS,NORTH EAST LONDON NHS FOUNDATION TRUST,25160123,"31,761.00 ",654404447,0000053421
Department of Health,NHS Medway CCG,12/31/2018,Clinical&Medical-Voluntary Sector,ACUTE COMMISSIONING,BENENDEN HOSPITAL TRUST,25160142,"27,172.00 ",583883292,28641
Department of Health,NHS Medway CCG,12/31/2018,Computer Software/License,PROGRAMME PROJECTS,STRATA HEALTH LTD,25179334,"35,198.40 ",,0385
Department of Health,NHS Medway CCG,12/31/2018,Clinical&Medical-Commercial Sector,IMPROVING ACCESS TO PSYCHOLOGICAL THERAPIES,INSIGHT HEALTHCARE LTD,25179361,"129,538.00 ",108270045,18645
Department of Health,NHS Medway CCG,12/31/2018,C&M-GMS Cost of Drugs -Prescribing,LOCAL ENHANCED SERVICES,APEX MEDICAL PRACTICE,25213157,"6,151.30 ",,KC000084055
Department of Health,NHS Medway CCG,12/31/2018,C&M-GMS Global Sum,PRC DELEGATED CO-COMMISSIONING,APEX MEDICAL PRACTICE,25213157,"43,580.80 ",,KC000084055
Department of Health,NHS Medway CCG,12/31/2018,C&M-GMS MPIG Correction Factor,PRC DELEGATED CO-COMMISSIONING,APEX MEDICAL PRACTICE,25213157,"1,342.30 ",,KC000084055
Department of Health,NHS Medway CCG,12/31/2018,C&M-GMS Prof Fees Prescribing,PRC DELEGATED CO-COMMISSIONING,APEX MEDICAL PRACTICE,25213157,"1,481.84 ",,KC000084055
Department of Health,NHS Medway CCG,12/31/2018,C&M-GMS Global Sum,PRC DELEGATED CO-COMMISSIONING,BALMORAL GARDENS,25213159,"36,297.34 ",,KC000084057
Department of Health,NHS Medway CCG,12/31/2018,C&M-GMS PCO Other,PRC DELEGATED CO-COMMISSIONING,BALMORAL GARDENS,25213159,"3,646.00 ",,KC000084057
Department of Health,NHS Medway CCG,12/31/2018,C&M-GMS PCO Seniority,PRC DELEGATED CO-COMMISSIONING,BALMORAL GARDENS,25213159,"1,861.32 ",,KC000084057
Department of Health,NHS Medway CCG,12/31/2018,C&M-GMS Cost of Drugs -Prescribing,LOCAL ENHANCED SERVICES,BORSTAL VILLAGE,25213161,"3,375.95 ",,KC000084059
Department of Health,NHS Medway CCG,12/31/2018,C&M-GMS Global Sum,PRC DELEGATED CO-COMMISSIONING,BORSTAL VILLAGE,25213161,"29,749.25 ",,KC000084059
Department of Health,NHS Medway CCG,12/31/2018,C&M-GMS LES Care Home/Nursing Home,LOCAL ENHANCED SERVICES,BORSTAL VILLAGE,25213161,"1,205.16 ",,KC000084059
Department of Health,NHS Medway CCG,12/31/2018,C&M-GMS PCO Seniority,PRC DELEGATED CO-COMMISSIONING,BORSTAL VILLAGE,25213161,"1,666.62 ",,KC000084059
Department of Health,NHS Medway CCG,12/31/2018,C&M-GMS Prem Notional Rent,PRC DELEGATED CO-COMMISSIONING,BORSTAL VILLAGE,25213161,"1,617.00 ",,KC000084059
Department of Health,NHS Medway CCG,12/31/2018,C&M-GMS Prof Fees Prescribing,PRC DELEGATED CO-COMMISSIONING,BORSTAL VILLAGE,25213161,868.66 ,,KC000084059
Department of Health,NHS Medway CCG,12/31/2018,C&M-GMS Cost of Drugs -Prescribing,LOCAL ENHANCED SERVICES,CHURCH VIEW PRACTICE,25213166,"8,963.55 ",,KC000084065
Department of Health,NHS Medway CCG,12/31/2018,C&M-GMS DES Minor Surgery,PRC DELEGATED CO-COMMISSIONING,CHURCH VIEW PRACTICE,25213166,44.00 ,,KC000084065
Department of Health,NHS Medway CCG,12/31/2018,C&M-GMS Global Sum,PRC DELEGATED CO-COMMISSIONING,CHURCH VIEW PRACTICE,25213166,"40,588.62 ",,KC000084065
Department of Health,NHS Medway CCG,12/31/2018,C&M-GMS MPIG Correction Factor,PRC DELEGATED CO-COMMISSIONING,CHURCH VIEW PRACTICE,25213166,721.96 ,,KC000084065
Department of Health,NHS Medway CCG,12/31/2018,C&M-GMS PCO Seniority,PRC DELEGATED CO-COMMISSIONING,CHURCH VIEW PRACTICE,25213166,"1,605.06 ",,KC000084065
Department of Health,NHS Medway CCG,12/31/2018,C&M-GMS Prof Fees Prescribing,PRC DELEGATED CO-COMMISSIONING,CHURCH VIEW PRACTICE,25213166,"2,094.88 ",,KC000084065
Department of Health,NHS Medway CCG,12/31/2018,C&M-GMS Cost of Drugs -Prescribing,LOCAL ENHANCED SERVICES,CHURCHILL CLINIC,25213168,"2,840.81 ",,KC000084067
Department of Health,NHS Medway CCG,12/31/2018,C&M-GMS DES Minor Surgery,PRC DELEGATED CO-COMMISSIONING,CHURCHILL CLINIC,25213168,44.00 ,,KC000084067
Department of Health,NHS Medway CCG,12/31/2018,C&M-GMS Global Sum,PRC DELEGATED CO-COMMISSIONING,CHURCHILL CLINIC,25213168,"35,685.94 ",,KC000084067
Department of Health,NHS Medway CCG,12/31/2018,C&M-GMS LES Care Home/Nursing Home,LOCAL ENHANCED SERVICES,CHURCHILL CLINIC,25213168,655.66 ,,KC000084067
Department of Health,NHS Medway CCG,12/31/2018,C&M-GMS MPIG Correction Factor,PRC DELEGATED CO-COMMISSIONING,CHURCHILL CLINIC,25213168,397.76 ,,KC000084067
Department of Health,NHS Medway CCG,12/31/2018,C&M-GMS PCO Other,PRC DELEGATED CO-COMMISSIONING,CHURCHILL CLINIC,25213168,"3,551.00 ",,KC000084067
Department of Health,NHS Medway CCG,12/31/2018,C&M-GMS PCO Seniority,PRC DELEGATED CO-COMMISSIONING,CHURCHILL CLINIC,25213168,"1,565.85 ",,KC000084067
Department of Health,NHS Medway CCG,12/31/2018,C&M-GMS Prem Notional Rent,PRC DELEGATED CO-COMMISSIONING,CHURCHILL CLINIC,25213168,"2,378.00 ",,KC000084067
Department of Health,NHS Medway CCG,12/31/2018,C&M-GMS Prof Fees Prescribing,PRC DELEGATED CO-COMMISSIONING,CHURCHILL CLINIC,25213168,727.31 ,,KC000084067
Department of Health,NHS Medway CCG,12/31/2018,C&M-GMS Cost of Drugs -Prescribing,LOCAL ENHANCED SERVICES,CITY WAY MEDICAL PRACTICE,25213170,"10,630.96 ",,KC000084069
Department of Health,NHS Medway CCG,12/31/2018,C&M-GMS DES Minor Surgery,PRC DELEGATED CO-COMMISSIONING,CITY WAY MEDICAL PRACTICE,25213170,484.00 ,,KC000084069
Department of Health,NHS Medway CCG,12/31/2018,C&M-GMS Global Sum,PRC DELEGATED CO-COMMISSIONING,CITY WAY MEDICAL PRACTICE,25213170,"77,550.33 ",,KC000084069
Department of Health,NHS Medway CCG,12/31/2018,C&M-GMS PCO Seniority,PRC DELEGATED CO-COMMISSIONING,CITY WAY MEDICAL PRACTICE,25213170,"2,711.61 ",,KC000084069
Department of Health,NHS Medway CCG,12/31/2018,C&M-GMS Prem Notional Rent,PRC DELEGATED CO-COMMISSIONING,CITY WAY MEDICAL PRACTICE,25213170,"6,946.00 ",,KC000084069
Department of Health,NHS Medway CCG,12/31/2018,C&M-GMS Prof Fees Prescribing,PRC DELEGATED CO-COMMISSIONING,CITY WAY MEDICAL PRACTICE,25213170,"2,427.33 ",,KC000084069
Department of Health,NHS Medway CCG,12/31/2018,C&M-GMS Global Sum,PRC DELEGATED CO-COMMISSIONING,DR MARA HK & PARTNERS,25213172,"83,294.27 ",,KC000084071
Department of Health,NHS Medway CCG,12/31/2018,C&M-GMS MPIG Correction Factor,PRC DELEGATED CO-COMMISSIONING,DR MARA HK & PARTNERS,25213172,827.77 ,,KC000084071
Department of Health,NHS Medway CCG,12/31/2018,C&M-GMS PCO Seniority,PRC DELEGATED CO-COMMISSIONING,DR MARA HK & PARTNERS,25213172,"2,493.23 ",,KC000084071
Department of Health,NHS Medway CCG,12/31/2018,C&M-GMS Prem Notional Rent,PRC DELEGATED CO-COMMISSIONING,DR MARA HK & PARTNERS,25213172,"7,243.00 ",,KC000084071
Department of Health,NHS Medway CCG,12/31/2018,C&M-GMS Cost of Drugs -Prescribing,LOCAL ENHANCED SERVICES,DR PANCHOLI K & PARTNERS,25213174,"7,038.60 ",,KC000084073
Department of Health,NHS Medway CCG,12/31/2018,C&M-GMS Global Sum,PRC DELEGATED CO-COMMISSIONING,DR PANCHOLI K & PARTNERS,25213174,"48,310.38 ",,KC000084073
Department of Health,NHS Medway CCG,12/31/2018,C&M-GMS MPIG Correction Factor,PRC DELEGATED CO-COMMISSIONING,DR PANCHOLI K & PARTNERS,25213174,"1,127.12 ",,KC000084073
Department of Health,NHS Medway CCG,12/31/2018,C&M-GMS PCO Other,PRC DELEGATED CO-COMMISSIONING,DR PANCHOLI K & PARTNERS,25213174,"1,023.90 ",,KC000084073
Department of Health,NHS Medway CCG,12/31/2018,C&M-GMS PCO Seniority,PRC DELEGATED CO-COMMISSIONING,DR PANCHOLI K & PARTNERS,25213174,963.87 ,,KC000084073
Department of Health,NHS Medway CCG,12/31/2018,C&M-GMS Prem Notional Rent,PRC DELEGATED CO-COMMISSIONING,DR PANCHOLI K & PARTNERS,25213174,"6,083.00 ",,KC000084073
Department of Health,NHS Medway CCG,12/31/2018,C&M-GMS Prof Fees Prescribing,PRC DELEGATED CO-COMMISSIONING,DR PANCHOLI K & PARTNERS,25213174,"1,569.38 ",,KC000084073
Department of Health,NHS Medway CCG,12/31/2018,C&M-APMS Contract Value,PRC DELEGATED CO-COMMISSIONING,DULWICH HEALTH MEDICAL CENTRE,25213178,"155,272.33 ",,KC000084077
Department of Health,NHS Medway CCG,12/31/2018,C&M-APMS Prem Actual Rent,PRC DELEGATED CO-COMMISSIONING,DULWICH HEALTH MEDICAL CENTRE,25213178,"65,278.44 ",,KC000084077
Department of Health,NHS Medway CCG,12/31/2018,C&M-PMS Cost of Drugs -Prescribing,LOCAL ENHANCED SERVICES,DULWICH HEALTH MEDICAL CENTRE,25213178,100.24 ,,KC000084077
Department of Health,NHS Medway CCG,12/31/2018,C&M-PMS Prof fees Prescribing,PRC DELEGATED CO-COMMISSIONING,DULWICH HEALTH MEDICAL CENTRE,25213178,7.71 ,,KC000084077
Department of Health,NHS Medway CCG,12/31/2018,C&M-GMS Cost of Drugs -Prescribing,LOCAL ENHANCED SERVICES,GLEBE FAMILY PRACTICE,25213182,"6,972.91 ",,KC000084081
Department of Health,NHS Medway CCG,12/31/2018,C&M-GMS Global Sum,PRC DELEGATED CO-COMMISSIONING,GLEBE FAMILY PRACTICE,25213182,"33,798.44 ",,KC000084081
Department of Health,NHS Medway CCG,12/31/2018,C&M-GMS PCO Seniority,PRC DELEGATED CO-COMMISSIONING,GLEBE FAMILY PRACTICE,25213182,"1,622.69 ",,KC000084081
Department of Health,NHS Medway CCG,12/31/2018,C&M-GMS Prem Actual Rent,PRC DELEGATED CO-COMMISSIONING,GLEBE FAMILY PRACTICE,25213182,"30,270.00 ",,KC000084081
Department of Health,NHS Medway CCG,12/31/2018,C&M-GMS Prof Fees Prescribing,PRC DELEGATED CO-COMMISSIONING,GLEBE FAMILY PRACTICE,25213182,"1,723.68 ",,KC000084081
Department of Health,NHS Medway CCG,12/31/2018,C&M-GMS Cost of Drugs -Prescribing,LOCAL ENHANCED SERVICES,GUN LANE,25213184,"2,258.96 ",,KC000084083
Department of Health,NHS Medway CCG,12/31/2018,C&M-GMS DES Minor Surgery,PRC DELEGATED CO-COMMISSIONING,GUN LANE,25213184,528.00 ,,KC000084083
Department of Health,NHS Medway CCG,12/31/2018,C&M-GMS Global Sum,PRC DELEGATED CO-COMMISSIONING,GUN LANE,25213184,"36,771.52 ",,KC000084083
Department of Health,NHS Medway CCG,12/31/2018,C&M-GMS MPIG Correction Factor,PRC DELEGATED CO-COMMISSIONING,GUN LANE,25213184,"1,099.90 ",,KC000084083
Department of Health,NHS Medway CCG,12/31/2018,C&M-GMS PCO Seniority,PRC DELEGATED CO-COMMISSIONING,GUN LANE,25213184,198.99 ,,KC000084083
Department of Health,NHS Medway CCG,12/31/2018,C&M-GMS Prem Notional Rent,PRC DELEGATED CO-COMMISSIONING,GUN LANE,25213184,"4,271.00 ",,KC000084083
Department of Health,NHS Medway CCG,12/31/2018,C&M-GMS Prof Fees Prescribing,PRC DELEGATED CO-COMMISSIONING,GUN LANE,25213184,652.78 ,,KC000084083
Department of Health,NHS Medway CCG,12/31/2018,ME - GMS TPS Added Years Adj EEs,PRC DELEGATED CO-COMMISSIONING,GUN LANE,25213184,200.58 ,,KC000084083
Department of Health,NHS Medway CCG,12/31/2018,C&M-GMS DES Minor Surgery,PRC DELEGATED CO-COMMISSIONING,HALFWAY SURGERY,25213186,"1,012.00 ",,KC000084085
Department of Health,NHS Medway CCG,12/31/2018,C&M-GMS Global Sum,PRC DELEGATED CO-COMMISSIONING,HALFWAY SURGERY,25213186,"30,639.97 ",,KC000084085
Department of Health,NHS Medway CCG,12/31/2018,C&M-GMS LES Care Home/Nursing Home,LOCAL ENHANCED SERVICES,HALFWAY SURGERY,25213186,"4,929.06 ",,KC000084085
Department of Health,NHS Medway CCG,12/31/2018,C&M-GMS Cost of Drugs -Prescribing,LOCAL ENHANCED SERVICES,KING GEORGE ROAD,25213188,"4,561.96 ",,KC000084089
Department of Health,NHS Medway CCG,12/31/2018,C&M-GMS DES Minor Surgery,PRC DELEGATED CO-COMMISSIONING,KING GEORGE ROAD,25213188,"1,232.00 ",,KC000084089
Department of Health,NHS Medway CCG,12/31/2018,C&M-GMS Global Sum,PRC DELEGATED CO-COMMISSIONING,KING GEORGE ROAD,25213188,"38,159.74 ",,KC000084089
Department of Health,NHS Medway CCG,12/31/2018,C&M-GMS PCO Seniority,PRC DELEGATED CO-COMMISSIONING,KING GEORGE ROAD,25213188,"2,366.42 ",,KC000084089
Department of Health,NHS Medway CCG,12/31/2018,C&M-GMS Prem Notional Rent,PRC DELEGATED CO-COMMISSIONING,KING GEORGE ROAD,25213188,"2,378.00 ",,KC000084089
Department of Health,NHS Medway CCG,12/31/2018,C&M-GMS Prof Fees Prescribing,PRC DELEGATED CO-COMMISSIONING,KING GEORGE ROAD,25213188,"1,282.43 ",,KC000084089
Department of Health,NHS Medway CCG,12/31/2018,C&M-GMS Cost of Drugs -Prescribing,LOCAL ENHANCED SERVICES,KINGS FAMILY PRACTICE,25213190,"3,650.58 ",,KC000084091
Department of Health,NHS Medway CCG,12/31/2018,C&M-GMS Global Sum,PRC DELEGATED CO-COMMISSIONING,KINGS FAMILY PRACTICE,25213190,"38,098.06 ",,KC000084091
Department of Health,NHS Medway CCG,12/31/2018,C&M-GMS MPIG Correction Factor,PRC DELEGATED CO-COMMISSIONING,KINGS FAMILY PRACTICE,25213190,"2,233.26 ",,KC000084091
Department of Health,NHS Medway CCG,12/31/2018,C&M-GMS PCO Seniority,PRC DELEGATED CO-COMMISSIONING,KINGS FAMILY PRACTICE,25213190,"1,941.67 ",,KC000084091
Department of Health,NHS Medway CCG,12/31/2018,C&M-GMS Prem Notional Rent,PRC DELEGATED CO-COMMISSIONING,KINGS FAMILY PRACTICE,25213190,"3,508.00 ",,KC000084091
Department of Health,NHS Medway CCG,12/31/2018,C&M-GMS Prof Fees Prescribing,PRC DELEGATED CO-COMMISSIONING,KINGS FAMILY PRACTICE,25213190,994.59 ,,KC000084091
Department of Health,NHS Medway CCG,12/31/2018,C&M-GMS Cost of Drugs -Prescribing,LOCAL ENHANCED SERVICES,LONG CATLIS ROAD SURGERY,25213192,"4,866.22 ",,KC000084093
Department of Health,NHS Medway CCG,12/31/2018,C&M-GMS DES Minor Surgery,PRC DELEGATED CO-COMMISSIONING,LONG CATLIS ROAD SURGERY,25213192,220.00 ,,KC000084093
Department of Health,NHS Medway CCG,12/31/2018,C&M-GMS Global Sum,PRC DELEGATED CO-COMMISSIONING,LONG CATLIS ROAD SURGERY,25213192,"25,779.80 ",,KC000084093
Department of Health,NHS Medway CCG,12/31/2018,C&M-GMS LES Care Home/Nursing Home,LOCAL ENHANCED SERVICES,LONG CATLIS ROAD SURGERY,25213192,"5,698.75 ",,KC000084093
Department of Health,NHS Medway CCG,12/31/2018,C&M-GMS MPIG Correction Factor,PRC DELEGATED CO-COMMISSIONING,LONG CATLIS ROAD SURGERY,25213192,193.89 ,,KC000084093
Department of Health,NHS Medway CCG,12/31/2018,C&M-GMS Prof Fees Prescribing,PRC DELEGATED CO-COMMISSIONING,LONG CATLIS ROAD SURGERY,25213192,"1,195.58 ",,KC000084093
Department of Health,NHS Medway CCG,12/31/2018,C&M-GMS Global Sum,PRC DELEGATED CO-COMMISSIONING,MARLOWE PARK MEDICAL CENTRE,25213194,"23,914.55 ",,KC000084095
Department of Health,NHS Medway CCG,12/31/2018,C&M-GMS PCO Seniority,PRC DELEGATED CO-COMMISSIONING,MARLOWE PARK MEDICAL CENTRE,25213194,198.99 ,,KC000084095
Department of Health,NHS Medway CCG,12/31/2018,C&M-GMS Prem Notional Rent,PRC DELEGATED CO-COMMISSIONING,MARLOWE PARK MEDICAL CENTRE,25213194,"3,270.83 ",,KC000084095
Department of Health,NHS Medway CCG,12/31/2018,C&M-GMS Prem Water Rates,PRC DELEGATED CO-COMMISSIONING,MARLOWE PARK MEDICAL CENTRE,25213194,84.54 ,,KC000084095
Department of Health,NHS Medway CCG,12/31/2018,C&M-GMS Global Sum,PRC DELEGATED CO-COMMISSIONING,MAIDSTONE ROAD SURGERY CHATHAM,25213196,"22,252.83 ",,KC000084097
Department of Health,NHS Medway CCG,12/31/2018,C&M-GMS MPIG Correction Factor,PRC DELEGATED CO-COMMISSIONING,MAIDSTONE ROAD SURGERY CHATHAM,25213196,376.14 ,,KC000084097
Department of Health,NHS Medway CCG,12/31/2018,C&M-GMS PCO Seniority,PRC DELEGATED CO-COMMISSIONING,MAIDSTONE ROAD SURGERY CHATHAM,25213196,847.31 ,,KC000084097
Department of Health,NHS Medway CCG,12/31/2018,C&M-GMS Prem Notional Rent,PRC DELEGATED CO-COMMISSIONING,MAIDSTONE ROAD SURGERY CHATHAM,25213196,"2,417.00 ",,KC000084097
Department of Health,NHS Medway CCG,12/31/2018,C&M-GMS Global Sum,PRC DELEGATED CO-COMMISSIONING,MAIDSTONE ROAD SURGERY GILLINGHAM,25213198,"33,037.14 ",,KC000084099
Department of Health,NHS Medway CCG,12/31/2018,C&M-GMS MPIG Correction Factor,PRC DELEGATED CO-COMMISSIONING,MAIDSTONE ROAD SURGERY GILLINGHAM,25213198,50.68 ,,KC000084099
Department of Health,NHS Medway CCG,12/31/2018,C&M-GMS Global Sum,PRC DELEGATED CO-COMMISSIONING,PARKWOOD FAMILY PRACTICE,25213205,"24,584.71 ",,KC000084107
Department of Health,NHS Medway CCG,12/31/2018,C&M-GMS MPIG Correction Factor,PRC DELEGATED CO-COMMISSIONING,PARKWOOD FAMILY PRACTICE,25213205,692.48 ,,KC000084107
Department of Health,NHS Medway CCG,12/31/2018,C&M-GMS PCO Seniority,PRC DELEGATED CO-COMMISSIONING,PARKWOOD FAMILY PRACTICE,25213205,"1,451.69 ",,KC000084107
Department of Health,NHS Medway CCG,12/31/2018,C&M-GMS Prem Notional Rent,PRC DELEGATED CO-COMMISSIONING,PARKWOOD FAMILY PRACTICE,25213205,"2,513.00 ",,KC000084107
Department of Health,NHS Medway CCG,12/31/2018,C&M-GMS Cost of Drugs -Prescribing,LOCAL ENHANCED SERVICES,PRINCES PARK MEDICAL CENTRE,25213207,"2,676.92 ",,KC000084109
Department of Health,NHS Medway CCG,12/31/2018,C&M-GMS DES Minor Surgery,PRC DELEGATED CO-COMMISSIONING,PRINCES PARK MEDICAL CENTRE,25213207,44.00 ,,KC000084109
Department of Health,NHS Medway CCG,12/31/2018,C&M-GMS Global Sum,PRC DELEGATED CO-COMMISSIONING,PRINCES PARK MEDICAL CENTRE,25213207,"19,241.71 ",,KC000084109
Department of Health,NHS Medway CCG,12/31/2018,C&M-GMS MPIG Correction Factor,PRC DELEGATED CO-COMMISSIONING,PRINCES PARK MEDICAL CENTRE,25213207,"1,004.19 ",,KC000084109
Department of Health,NHS Medway CCG,12/31/2018,C&M-GMS PCO Seniority,PRC DELEGATED CO-COMMISSIONING,PRINCES PARK MEDICAL CENTRE,25213207,"1,412.19 ",,KC000084109
Department of Health,NHS Medway CCG,12/31/2018,C&M-GMS Prem Notional Rent,PRC DELEGATED CO-COMMISSIONING,PRINCES PARK MEDICAL CENTRE,25213207,"1,980.00 ",,KC000084109
Department of Health,NHS Medway CCG,12/31/2018,C&M-GMS Prof Fees Prescribing,PRC DELEGATED CO-COMMISSIONING,PRINCES PARK MEDICAL CENTRE,25213207,670.77 ,,KC000084109
Department of Health,NHS Medway CCG,12/31/2018,C&M-GMS Cost of Drugs -Prescribing,LOCAL ENHANCED SERVICES,RAILSIDE SURGERY,25213209,"6,280.92 ",,KC000084111
Department of Health,NHS Medway CCG,12/31/2018,C&M-GMS Global Sum,PRC DELEGATED CO-COMMISSIONING,RAILSIDE SURGERY,25213209,"21,576.38 ",,KC000084111
Department of Health,NHS Medway CCG,12/31/2018,C&M-GMS MPIG Correction Factor,PRC DELEGATED CO-COMMISSIONING,RAILSIDE SURGERY,25213209,139.32 ,,KC000084111
Department of Health,NHS Medway CCG,12/31/2018,C&M-GMS PCO Seniority,PRC DELEGATED CO-COMMISSIONING,RAILSIDE SURGERY,25213209,"1,373.63 ",,KC000084111
Department of Health,NHS Medway CCG,12/31/2018,C&M-GMS Prem Actual Rent,PRC DELEGATED CO-COMMISSIONING,RAILSIDE SURGERY,25213209,"1,275.00 ",,KC000084111
Department of Health,NHS Medway CCG,12/31/2018,C&M-GMS Prem Rates,PRC DELEGATED CO-COMMISSIONING,RAILSIDE SURGERY,25213209,504.00 ,,KC000084111
Department of Health,NHS Medway CCG,12/31/2018,C&M-GMS Prem Water Rates,PRC DELEGATED CO-COMMISSIONING,RAILSIDE SURGERY,25213209,159.50 ,,KC000084111
Department of Health,NHS Medway CCG,12/31/2018,C&M-GMS Prof Fees Prescribing,PRC DELEGATED CO-COMMISSIONING,RAILSIDE SURGERY,25213209,"1,539.35 ",,KC000084111
Department of Health,NHS Medway CCG,12/31/2018,C&M-GMS Cost of Drugs -Prescribing,LOCAL ENHANCED SERVICES,ROSEMARY STREET HEALTH CENTRE,25213213,639.64 ,,KC000084115
Department of Health,NHS Medway CCG,12/31/2018,C&M-GMS Global Sum,PRC DELEGATED CO-COMMISSIONING,ROSEMARY STREET HEALTH CENTRE,25213213,"67,425.05 ",,KC000084115
Department of Health,NHS Medway CCG,12/31/2018,C&M-GMS MPIG Correction Factor,PRC DELEGATED CO-COMMISSIONING,ROSEMARY STREET HEALTH CENTRE,25213213,596.03 ,,KC000084115
Department of Health,NHS Medway CCG,12/31/2018,C&M-GMS PCO Locum Sickness,PRC DELEGATED CO-COMMISSIONING,ROSEMARY STREET HEALTH CENTRE,25213213,"18,459.66 ",,KC000084115
Department of Health,NHS Medway CCG,12/31/2018,C&M-GMS PCO Seniority,PRC DELEGATED CO-COMMISSIONING,ROSEMARY STREET HEALTH CENTRE,25213213,"4,201.85 ",,KC000084115
Department of Health,NHS Medway CCG,12/31/2018,C&M-GMS Prem Notional Rent,PRC DELEGATED CO-COMMISSIONING,ROSEMARY STREET HEALTH CENTRE,25213213,"5,929.00 ",,KC000084115
Department of Health,NHS Medway CCG,12/31/2018,C&M-GMS Prem Water Rates,PRC DELEGATED CO-COMMISSIONING,ROSEMARY STREET HEALTH CENTRE,25213213,244.97 ,,KC000084115
Department of Health,NHS Medway CCG,12/31/2018,C&M-GMS Prof Fees Prescribing,PRC DELEGATED CO-COMMISSIONING,ROSEMARY STREET HEALTH CENTRE,25213213,179.90 ,,KC000084115
Department of Health,NHS Medway CCG,12/31/2018,C&M-GMS DES Minor Surgery,PRC DELEGATED CO-COMMISSIONING,RIVERSIDE MEDICAL CENTRE HALLING,25213215,132.00 ,,KC000084117
Department of Health,NHS Medway CCG,12/31/2018,C&M-GMS Global Sum,PRC DELEGATED CO-COMMISSIONING,RIVERSIDE MEDICAL CENTRE HALLING,25213215,"38,510.35 ",,KC000084117
Department of Health,NHS Medway CCG,12/31/2018,C&M-GMS MPIG Correction Factor,PRC DELEGATED CO-COMMISSIONING,RIVERSIDE MEDICAL CENTRE HALLING,25213215,764.62 ,,KC000084117
Department of Health,NHS Medway CCG,12/31/2018,C&M-GMS PCO Doctors Ret Scheme,PRC DELEGATED CO-COMMISSIONING,RIVERSIDE MEDICAL CENTRE HALLING,25213215,"10,000.00 ",,KC000084117
Department of Health,NHS Medway CCG,12/31/2018,C&M-GMS PCO Seniority,PRC DELEGATED CO-COMMISSIONING,RIVERSIDE MEDICAL CENTRE HALLING,25213215,908.56 ,,KC000084117
Department of Health,NHS Medway CCG,12/31/2018,C&M-GMS Prem Notional Rent,PRC DELEGATED CO-COMMISSIONING,RIVERSIDE MEDICAL CENTRE HALLING,25213215,"1,615.00 ",,KC000084117
Department of Health,NHS Medway CCG,12/31/2018,C&M-APMS Contract Value,PRC DELEGATED CO-COMMISSIONING,SUNLIGHT CENTRE (THE),25213217,"56,541.12 ",,KC000084119
Department of Health,NHS Medway CCG,12/31/2018,C&M-GMS Cost of Drugs -Prescribing,LOCAL ENHANCED SERVICES,ST WERBURGH PRACTICE,25213219,"9,907.57 ",,KC000084121
Department of Health,NHS Medway CCG,12/31/2018,C&M-GMS DES Minor Surgery,PRC DELEGATED CO-COMMISSIONING,ST WERBURGH PRACTICE,25213219,"1,100.00 ",,KC000084121
Department of Health,NHS Medway CCG,12/31/2018,C&M-GMS Global Sum,PRC DELEGATED CO-COMMISSIONING,ST WERBURGH PRACTICE,25213219,"76,635.66 ",,KC000084121
Department of Health,NHS Medway CCG,12/31/2018,C&M-GMS MPIG Correction Factor,PRC DELEGATED CO-COMMISSIONING,ST WERBURGH PRACTICE,25213219,466.26 ,,KC000084121
Department of Health,NHS Medway CCG,12/31/2018,C&M-GMS PCO Seniority,PRC DELEGATED CO-COMMISSIONING,ST WERBURGH PRACTICE,25213219,"1,022.65 ",,KC000084121
Department of Health,NHS Medway CCG,12/31/2018,C&M-GMS Prof Fees Prescribing,PRC DELEGATED CO-COMMISSIONING,ST WERBURGH PRACTICE,25213219,"2,401.37 ",,KC000084121
Department of Health,NHS Medway CCG,12/31/2018,C&M-GMS Cost of Drugs -Prescribing,LOCAL ENHANCED SERVICES,THORNDIKE CENTRE,25213221,"20,548.47 ",,KC000084123
Department of Health,NHS Medway CCG,12/31/2018,C&M-GMS DES Minor Surgery,PRC DELEGATED CO-COMMISSIONING,THORNDIKE CENTRE,25213221,968.00 ,,KC000084123
Department of Health,NHS Medway CCG,12/31/2018,C&M-GMS Global Sum,PRC DELEGATED CO-COMMISSIONING,THORNDIKE CENTRE,25213221,"89,338.66 ",,KC000084123
Department of Health,NHS Medway CCG,12/31/2018,C&M-GMS MPIG Correction Factor,PRC DELEGATED CO-COMMISSIONING,THORNDIKE CENTRE,25213221,"1,477.66 ",,KC000084123
Department of Health,NHS Medway CCG,12/31/2018,C&M-GMS PCO Other,PRC DELEGATED CO-COMMISSIONING,THORNDIKE CENTRE,25213221,969.13 ,,KC000084123
Department of Health,NHS Medway CCG,12/31/2018,C&M-GMS PCO Seniority,PRC DELEGATED CO-COMMISSIONING,THORNDIKE CENTRE,25213221,"6,190.85 ",,KC000084123
Department of Health,NHS Medway CCG,12/31/2018,C&M-GMS Prem Notional Rent,PRC DELEGATED CO-COMMISSIONING,THORNDIKE CENTRE,25213221,"10,442.00 ",,KC000084123
Department of Health,NHS Medway CCG,12/31/2018,C&M-GMS Prem Rates,PRC DELEGATED CO-COMMISSIONING,THORNDIKE CENTRE,25213221,"2,460.00 ",,KC000084123
Department of Health,NHS Medway CCG,12/31/2018,C&M-GMS Prof Fees Prescribing,PRC DELEGATED CO-COMMISSIONING,THORNDIKE CENTRE,25213221,"4,840.58 ",,KC000084123
Department of Health,NHS Medway CCG,12/31/2018,ME - GMS GP Prior Year ERs,PRC DELEGATED CO-COMMISSIONING,THORNDIKE CENTRE,25213221,2.80 ,,KC000084123
Department of Health,NHS Medway CCG,12/31/2018,ME-GMS GP Prior Year EEs,PRC DELEGATED CO-COMMISSIONING,THORNDIKE CENTRE,25213221,2.45 ,,KC000084123
Department of Health,NHS Medway CCG,12/31/2018,C&M-GMS Cost of Drugs -Prescribing,LOCAL ENHANCED SERVICES,THAMES AVENUE,25213223,"6,990.83 ",,KC000084125
Department of Health,NHS Medway CCG,12/31/2018,C&M-GMS Global Sum,PRC DELEGATED CO-COMMISSIONING,THAMES AVENUE,25213223,"39,480.86 ",,KC000084125
Department of Health,NHS Medway CCG,12/31/2018,C&M-GMS PCO Seniority,PRC DELEGATED CO-COMMISSIONING,THAMES AVENUE,25213223,222.82 ,,KC000084125
Department of Health,NHS Medway CCG,12/31/2018,C&M-GMS Prof Fees Prescribing,PRC DELEGATED CO-COMMISSIONING,THAMES AVENUE,25213223,"1,378.88 ",,KC000084125
Department of Health,NHS Medway CCG,12/31/2018,C&M-GMS Cost of Drugs -Prescribing,LOCAL ENHANCED SERVICES,WIGMORE MEDICAL CENTRE,25213227,"4,519.10 ",,KC000084129
Department of Health,NHS Medway CCG,12/31/2018,C&M-GMS Global Sum,PRC DELEGATED CO-COMMISSIONING,WIGMORE MEDICAL CENTRE,25213227,"31,018.05 ",,KC000084129
Department of Health,NHS Medway CCG,12/31/2018,C&M-GMS MPIG Correction Factor,PRC DELEGATED CO-COMMISSIONING,WIGMORE MEDICAL CENTRE,25213227,873.83 ,,KC000084129
Department of Health,NHS Medway CCG,12/31/2018,C&M-GMS PCO Seniority,PRC DELEGATED CO-COMMISSIONING,WIGMORE MEDICAL CENTRE,25213227,"3,513.18 ",,KC000084129
Department of Health,NHS Medway CCG,12/31/2018,C&M-GMS Prem Actual Rent,PRC DELEGATED CO-COMMISSIONING,WIGMORE MEDICAL CENTRE,25213227,"7,615.84 ",,KC000084129
Department of Health,NHS Medway CCG,12/31/2018,C&M-GMS Prem Notional Rent,PRC DELEGATED CO-COMMISSIONING,WIGMORE MEDICAL CENTRE,25213227,"1,500.00 ",,KC000084129
Department of Health,NHS Medway CCG,12/31/2018,C&M-GMS Prof Fees Prescribing,PRC DELEGATED CO-COMMISSIONING,WIGMORE MEDICAL CENTRE,25213227,896.93 ,,KC000084129
Department of Health,NHS Medway CCG,12/31/2018,C&M-GMS Cost of Drugs -Prescribing,LOCAL ENHANCED SERVICES,WALDERSLADE VILLAGE,25213229,"20,200.48 ",,KC000084131
Department of Health,NHS Medway CCG,12/31/2018,C&M-GMS DES Minor Surgery,PRC DELEGATED CO-COMMISSIONING,WALDERSLADE VILLAGE,25213229,"3,344.00 ",,KC000084131
Department of Health,NHS Medway CCG,12/31/2018,C&M-GMS Global Sum,PRC DELEGATED CO-COMMISSIONING,WALDERSLADE VILLAGE,25213229,"147,835.65 ",,KC000084131
Department of Health,NHS Medway CCG,12/31/2018,C&M-GMS MPIG Correction Factor,PRC DELEGATED CO-COMMISSIONING,WALDERSLADE VILLAGE,25213229,"3,881.25 ",,KC000084131
Department of Health,NHS Medway CCG,12/31/2018,C&M-GMS PCO Seniority,PRC DELEGATED CO-COMMISSIONING,WALDERSLADE VILLAGE,25213229,"1,163.93 ",,KC000084131
Department of Health,NHS Medway CCG,12/31/2018,C&M-GMS Prem Notional Rent,PRC DELEGATED CO-COMMISSIONING,WALDERSLADE VILLAGE,25213229,"4,307.00 ",,KC000084131
Department of Health,NHS Medway CCG,12/31/2018,C&M-GMS Prof Fees Prescribing,PRC DELEGATED CO-COMMISSIONING,WALDERSLADE VILLAGE,25213229,"5,033.07 ",,KC000084131
Department of Health,NHS Medway CCG,12/31/2018,C&M-GMS Cost of Drugs -Prescribing,LOCAL ENHANCED SERVICES,WAYFIELD ROAD,25213233,"2,444.27 ",,KC000084135
Department of Health,NHS Medway CCG,12/31/2018,C&M-GMS Global Sum,PRC DELEGATED CO-COMMISSIONING,WAYFIELD ROAD,25213233,"35,959.02 ",,KC000084135
Department of Health,NHS Medway CCG,12/31/2018,C&M-GMS Prem Notional Rent,PRC DELEGATED CO-COMMISSIONING,WAYFIELD ROAD,25213233,"1,004.00 ",,KC000084135
Department of Health,NHS Medway CCG,12/31/2018,C&M-GMS Prof Fees Prescribing,PRC DELEGATED CO-COMMISSIONING,WAYFIELD ROAD,25213233,668.20 ,,KC000084135
Department of Health,NHS Medway CCG,12/31/2018,C&M-GMS Cost of Drugs -Prescribing,LOCAL ENHANCED SERVICES,WOODLANDS FAMILY PRACTICE,25213235,"3,621.77 ",,KC000084137
Department of Health,NHS Medway CCG,12/31/2018,C&M-GMS DES Minor Surgery,PRC DELEGATED CO-COMMISSIONING,WOODLANDS FAMILY PRACTICE,25213235,924.00 ,,KC000084137
Department of Health,NHS Medway CCG,12/31/2018,C&M-GMS Global Sum,PRC DELEGATED CO-COMMISSIONING,WOODLANDS FAMILY PRACTICE,25213235,"127,625.05 ",,KC000084137
Department of Health,NHS Medway CCG,12/31/2018,C&M-GMS MPIG Correction Factor,PRC DELEGATED CO-COMMISSIONING,WOODLANDS FAMILY PRACTICE,25213235,"2,256.97 ",,KC000084137
Department of Health,NHS Medway CCG,12/31/2018,C&M-GMS PCO Seniority,PRC DELEGATED CO-COMMISSIONING,WOODLANDS FAMILY PRACTICE,25213235,"9,141.88 ",,KC000084137
Department of Health,NHS Medway CCG,12/31/2018,C&M-GMS Prem Notional Rent,PRC DELEGATED CO-COMMISSIONING,WOODLANDS FAMILY PRACTICE,25213235,"7,098.00 ",,KC000084137
Department of Health,NHS Medway CCG,12/31/2018,C&M-GMS Prem Water Rates,PRC DELEGATED CO-COMMISSIONING,WOODLANDS FAMILY PRACTICE,25213235,811.51 ,,KC000084137
Department of Health,NHS Medway CCG,12/31/2018,C&M-GMS Prof Fees Prescribing,PRC DELEGATED CO-COMMISSIONING,WOODLANDS FAMILY PRACTICE,25213235,542.27 ,,KC000084137
Department of Health,NHS Medway CCG,12/31/2018,C&M-GMS Cost of Drugs -Prescribing,LOCAL ENHANCED SERVICES,CASTLE MEDICAL PRACTICE,25213239,"2,834.47 ",,KC000084141
Department of Health,NHS Medway CCG,12/31/2018,C&M-GMS Global Sum,PRC DELEGATED CO-COMMISSIONING,CASTLE MEDICAL PRACTICE,25213239,"27,936.84 ",,KC000084141
Department of Health,NHS Medway CCG,12/31/2018,C&M-GMS MPIG Correction Factor,PRC DELEGATED CO-COMMISSIONING,CASTLE MEDICAL PRACTICE,25213239,611.19 ,,KC000084141
Department of Health,NHS Medway CCG,12/31/2018,C&M-GMS PCO Other,PRC DELEGATED CO-COMMISSIONING,CASTLE MEDICAL PRACTICE,25213239,264.00 ,,KC000084141
Department of Health,NHS Medway CCG,12/31/2018,C&M-GMS Prof Fees Prescribing,PRC DELEGATED CO-COMMISSIONING,CASTLE MEDICAL PRACTICE,25213239,745.30 ,,KC000084141
Department of Health,NHS Medway CCG,12/31/2018,C&M-GMS Cost of Drugs -Prescribing,LOCAL ENHANCED SERVICES,STONECROSS & WESTDRIVE SURGERY,25213241,"6,028.71 ",,KC000084143
Department of Health,NHS Medway CCG,12/31/2018,C&M-GMS DES Minor Surgery,PRC DELEGATED CO-COMMISSIONING,STONECROSS & WESTDRIVE SURGERY,25213241,"1,232.00 ",,KC000084143
Department of Health,NHS Medway CCG,12/31/2018,C&M-GMS Global Sum,PRC DELEGATED CO-COMMISSIONING,STONECROSS & WESTDRIVE SURGERY,25213241,"56,961.24 ",,KC000084143
Department of Health,NHS Medway CCG,12/31/2018,C&M-GMS MPIG Correction Factor,PRC DELEGATED CO-COMMISSIONING,STONECROSS & WESTDRIVE SURGERY,25213241,724.13 ,,KC000084143
Department of Health,NHS Medway CCG,12/31/2018,C&M-GMS PCO Seniority,PRC DELEGATED CO-COMMISSIONING,STONECROSS & WESTDRIVE SURGERY,25213241,"4,326.45 ",,KC000084143
Department of Health,NHS Medway CCG,12/31/2018,C&M-GMS Prem Notional Rent,PRC DELEGATED CO-COMMISSIONING,STONECROSS & WESTDRIVE SURGERY,25213241,"4,072.00 ",,KC000084143
Department of Health,NHS Medway CCG,12/31/2018,C&M-GMS Prof Fees Prescribing,PRC DELEGATED CO-COMMISSIONING,STONECROSS & WESTDRIVE SURGERY,25213241,"1,511.16 ",,KC000084143
Department of Health,NHS Medway CCG,12/31/2018,C&M-APMS Contract Value,PRC DELEGATED CO-COMMISSIONING,MEDWAY COMMUNITY HEALTHCARE PENTAGON,25213243,"70,303.76 ",,KC000084145
Department of Health,NHS Medway CCG,12/31/2018,C&M-PMS Cost of Drugs -Prescribing,LOCAL ENHANCED SERVICES,MEDWAY COMMUNITY HEALTHCARE PENTAGON,25213243,"4,714.32 ",,KC000084145
Department of Health,NHS Medway CCG,12/31/2018,C&M-PMS Prof fees Prescribing,PRC DELEGATED CO-COMMISSIONING,MEDWAY COMMUNITY HEALTHCARE PENTAGON,25213243,"1,220.91 ",,KC000084145
Department of Health,NHS Medway CCG,12/31/2018,C&M-GMS Cost of Drugs -Prescribing,LOCAL ENHANCED SERVICES,ORCHARD FAMILY PRACTICE,25213246,"9,863.76 ",,KC000084149
Department of Health,NHS Medway CCG,12/31/2018,C&M-GMS Global Sum,PRC DELEGATED CO-COMMISSIONING,ORCHARD FAMILY PRACTICE,25213246,"38,109.59 ",,KC000084149
Department of Health,NHS Medway CCG,12/31/2018,C&M-GMS PCO Seniority,PRC DELEGATED CO-COMMISSIONING,ORCHARD FAMILY PRACTICE,25213246,"1,230.08 ",,KC000084149
Department of Health,NHS Medway CCG,12/31/2018,C&M-GMS Prem Actual Rent,PRC DELEGATED CO-COMMISSIONING,ORCHARD FAMILY PRACTICE,25213246,"19,113.30 ",,KC000084149
Department of Health,NHS Medway CCG,12/31/2018,C&M-GMS Prof Fees Prescribing,PRC DELEGATED CO-COMMISSIONING,ORCHARD FAMILY PRACTICE,25213246,"2,284.73 ",,KC000084149
Department of Health,NHS Medway CCG,12/31/2018,Clinical&Medical-Voluntary Sector,CHC ADULT FULLY FUNDED,MEDWAY COMMUNITY HEALTHCARE CIC,25218031,"2,110,743.00 ",201349157,24185268
Department of Health,NHS Medway CCG,12/31/2018,C&M-GMS Global Sum,PRC DELEGATED CO-COMMISSIONING,BRYANT STREET,25225984,"49,199.87 ",,KC000084063
Department of Health,NHS Medway CCG,12/31/2018,C&M-GMS MPIG Correction Factor,PRC DELEGATED CO-COMMISSIONING,BRYANT STREET,25225984,371.99 ,,KC000084063
Department of Health,NHS Medway CCG,12/31/2018,C&M-GMS PCO Seniority,PRC DELEGATED CO-COMMISSIONING,BRYANT STREET,25225984,"2,230.50 ",,KC000084063
Department of Health,NHS Medway CCG,12/31/2018,C&M-GMS Prem Actual Rent,PRC DELEGATED CO-COMMISSIONING,BRYANT STREET,25225984,"42,866.67 ",,KC000084063
Department of Health,NHS Medway CCG,12/31/2018,C&M-GMS Cost of Drugs -Prescribing,LOCAL ENHANCED SERVICES,HIGHCLIFFE MEDICAL PRACTICE,25225986,"3,915.80 ",924053741,KC000084087
Department of Health,NHS Medway CCG,12/31/2018,C&M-GMS Global Sum,PRC DELEGATED CO-COMMISSIONING,HIGHCLIFFE MEDICAL PRACTICE,25225986,"42,171.61 ",924053741,KC000084087
Department of Health,NHS Medway CCG,12/31/2018,C&M-GMS MPIG Correction Factor,PRC DELEGATED CO-COMMISSIONING,HIGHCLIFFE MEDICAL PRACTICE,25225986,855.30 ,924053741,KC000084087
Department of Health,NHS Medway CCG,12/31/2018,C&M-GMS PCO Seniority,PRC DELEGATED CO-COMMISSIONING,HIGHCLIFFE MEDICAL PRACTICE,25225986,942.58 ,924053741,KC000084087
Department of Health,NHS Medway CCG,12/31/2018,C&M-GMS Prem Notional Rent,PRC DELEGATED CO-COMMISSIONING,HIGHCLIFFE MEDICAL PRACTICE,25225986,"9,984.00 ",924053741,KC000084087
Department of Health,NHS Medway CCG,12/31/2018,C&M-GMS Prem Rates,PRC DELEGATED CO-COMMISSIONING,HIGHCLIFFE MEDICAL PRACTICE,25225986,"3,198.00 ",924053741,KC000084087
Department of Health,NHS Medway CCG,12/31/2018,C&M-GMS Prof Fees Prescribing,PRC DELEGATED CO-COMMISSIONING,HIGHCLIFFE MEDICAL PRACTICE,25225986,979.17 ,924053741,KC000084087
Department of Health,NHS Medway CCG,12/31/2018,ME-GMS GP Pension EEs Adjustments,PRC DELEGATED CO-COMMISSIONING,HIGHCLIFFE MEDICAL PRACTICE,25225986,"4,585.64 ",924053741,KC000084087
Department of Health,NHS Medway CCG,12/31/2018,ME-GMS GP Pension ERs Adjustments,PRC DELEGATED CO-COMMISSIONING,HIGHCLIFFE MEDICAL PRACTICE,25225986,"4,884.56 ",924053741,KC000084087
Department of Health,NHS Medway CCG,12/31/2018,C&M-APMS Contract Value,PRC DELEGATED CO-COMMISSIONING,MALLING HEALTH,25225987,"59,487.03 ",974 968 053,KC000084101
Department of Health,NHS Medway CCG,12/31/2018,C&M-PMS Cost of Drugs -Prescribing,LOCAL ENHANCED SERVICES,MALLING HEALTH,25225987,"8,319.30 ",974 968 053,KC000084101
Department of Health,NHS Medway CCG,12/31/2018,C&M-PMS PCO Other,PRC DELEGATED CO-COMMISSIONING,MALLING HEALTH,25225987,"4,833.00 ",974 968 053,KC000084101
Department of Health,NHS Medway CCG,12/31/2018,C&M-PMS Prof fees Prescribing,PRC DELEGATED CO-COMMISSIONING,MALLING HEALTH,25225987,"1,928.94 ",974 968 053,KC000084101
Department of Health,NHS Medway CCG,12/31/2018,C&M-APMS Contract Value,PRC DELEGATED CO-COMMISSIONING,ST MARYS ISLAND SURGERY,25225988,"49,947.20 ",,KC000084147
Department of Health,NHS Medway CCG,12/31/2018,C&M-APMS Prem Water Rates,PRC DELEGATED CO-COMMISSIONING,ST MARYS ISLAND SURGERY,25225988,692.68 ,,KC000084147
Department of Health,NHS Medway CCG,12/31/2018,C&M-PMS Cost of Drugs -Prescribing,LOCAL ENHANCED SERVICES,ST MARYS ISLAND SURGERY,25225988,243.73 ,,KC000084147
Department of Health,NHS Medway CCG,12/31/2018,C&M-PMS Prof fees Prescribing,PRC DELEGATED CO-COMMISSIONING,ST MARYS ISLAND SURGERY,25225988,23.13 ,,KC000084147
Department of Health,NHS Medway CCG,12/31/2018,C&M-PMS QOF Aspiration,PRC DELEGATED CO-COMMISSIONING,ST MARYS ISLAND SURGERY,25225988,"1,455.25 ",,KC000084147
Department of Health,NHS Medway CCG,12/31/2018,Apprenticeship Levy Payable,BALANCE SHEET,HMRC,25233310,391.00 ,,475PG004499291908
Department of Health,NHS Medway CCG,12/31/2018,Income tax <1Yr,BALANCE SHEET,HMRC,25233310,"52,709.00 ",,475PG004499291908
Department of Health,NHS Medway CCG,12/31/2018,Income tax <1Yr-Student Loans,BALANCE SHEET,HMRC,25233310,700.00 ,,475PG004499291908
Department of Health,NHS Medway CCG,12/31/2018,National Insurance < 1 yr-NI- ERS,BALANCE SHEET,HMRC,25233310,"36,003.41 ",,475PG004499291908
Department of Health,NHS Medway CCG,12/31/2018,National Insurance < 1 yr-NI-EES,BALANCE SHEET,HMRC,25233310,"25,271.02 ",,475PG004499291908
Department of Health,NHS Medway CCG,12/31/2018,Statutory Mat Pay < 1 yr,BALANCE SHEET,HMRC,25233310,"(4,197.64)",,475PG004499291908
Department of Health,NHS Medway CCG,12/31/2018,Hcare Srv Rec NHS Trust-Non Contract,NCAS/OATS,LEWISHAM & GREENWICH NHS TRUST,25244086,"36,326.54 ",654928206,8491220
Department of Health,NHS Medway CCG,12/31/2018,Hcare Srv Rec NHS Trust-Non Contract,NCAS/OATS,BARTS HEALTH NHS TRUST,25244089,"70,282.03 ",654947005,350786
Department of Health,NHS Medway CCG,12/31/2018,Hcare Srv Rec Fdtn Trust-Non Contract,NCAS/OATS,ASHFORD & ST PETERS HOSPITALS NHSFT,25244130,"43,539.00 ",GB654969284,14505163
Department of Health,NHS Medway CCG,12/31/2018,Clinical&Medical-Commercial Sector,GP FORWARD VIEW,MEDWAY PRACTICES ALLIANCE LTD,25244164,"108,333.33 ",,201804
Department of Health,NHS Medway CCG,12/31/2018,Hcare Srv Rec Fdtn Trust-Prior Year,NCAS/OATS,ROYAL MARSDEN NHS FOUNDATION TRUST (THE),25275239,"44,421.00 ",65 4947396,45744026
Department of Health,NHS Medway CCG,12/31/2018,Clinical&Medical-Commercial Sector,NCAS/OATS,KENT INSTITUTE OF MEDICINE & SURGERY,25275303,"217,282.61 ",GB211323764,09W072018
Department of Health,NHS Medway CCG,12/31/2018,Clinical&Medical-Commercial Sector,NCAS/OATS,KENT INSTITUTE OF MEDICINE & SURGERY,25275311,"196,655.00 ",GB211323764,09W0820182
Department of Health,NHS Medway CCG,12/31/2018,Clinical&Medical-Commercial Sector,NCAS/OATS,KENT INSTITUTE OF MEDICINE & SURGERY,25275325,"254,803.29 ",GB211323764,09W092018
Department of Health,NHS Medway CCG,12/31/2018,Clinical&Medical-Commercial Sector,COMMUNITY SERVICES,TICCS,25275388,"36,348.17 ",,3104
Department of Health,NHS Medway CCG,12/31/2018,FM Computer Contracts,PRIMARY CARE IT,KEYSTREAM TECHNOLOGY,25283936,"70,736.64 ",105919025,38326
Department of Health,NHS Medway CCG,12/31/2018,C&M-GMS Cost of Drugs -Dispensing,LOCAL ENHANCED SERVICES,DR MARA HK & PARTNERS,25284983,"(49,493.20)",,KC000084629
Department of Health,NHS Medway CCG,12/31/2018,C&M-GMS PrscChrgsCll&RmttdbyGPCntra,PRC DELEGATED CO-COMMISSIONING,DR MARA HK & PARTNERS,25284983,"(2,024.00)",,KC000084629
Department of Health,NHS Medway CCG,12/31/2018,C&M-GMS Cost of Drugs -Dispensing,LOCAL ENHANCED SERVICES,DR MARA HK & PARTNERS,25284984,"108,733.14 ",,KC000084630
Department of Health,NHS Medway CCG,12/31/2018,C&M-GMS Prof Fees Dispensing,PRC DELEGATED CO-COMMISSIONING,DR MARA HK & PARTNERS,25284984,"18,826.05 ",,KC000084630
Department of Health,NHS Medway CCG,12/31/2018,C&M-GMS PrscrptnChrgsColl&RmttdbyGP,LOCAL ENHANCED SERVICES,DR MARA HK & PARTNERS,25284984,"2,024.00 ",,KC000084630
Department of Health,NHS Medway CCG,12/31/2018,C&M-GMS Cost of Drugs -Dispensing,LOCAL ENHANCED SERVICES,HIGHCLIFFE MEDICAL PRACTICE,25284986,"19,141.29 ",924053741,KC000084632
Department of Health,NHS Medway CCG,12/31/2018,C&M-GMS Prof Fees Dispensing,PRC DELEGATED CO-COMMISSIONING,HIGHCLIFFE MEDICAL PRACTICE,25284986,"7,512.78 ",924053741,KC000084632
Department of Health,NHS Medway CCG,12/31/2018,C&M-GMS PrscrptnChrgsColl&RmttdbyGP,LOCAL ENHANCED SERVICES,HIGHCLIFFE MEDICAL PRACTICE,25284986,"1,372.80 ",924053741,KC000084632
Department of Health,NHS Medway CCG,12/31/2018,C&M-GMS Cost of Drugs -Dispensing,LOCAL ENHANCED SERVICES,MAIDSTONE ROAD SURGERY GILLINGHAM,25284988,"22,527.10 ",,KC000084634
Department of Health,NHS Medway CCG,12/31/2018,C&M-GMS Prof Fees Dispensing,PRC DELEGATED CO-COMMISSIONING,MAIDSTONE ROAD SURGERY GILLINGHAM,25284988,"5,600.36 ",,KC000084634
Department of Health,NHS Medway CCG,12/31/2018,C&M-GMS PrscrptnChrgsColl&RmttdbyGP,LOCAL ENHANCED SERVICES,MAIDSTONE ROAD SURGERY GILLINGHAM,25284988,580.80 ,,KC000084634
Department of Health,NHS Medway CCG,12/31/2018,C&M-GMS Cost of Drugs -Dispensing,LOCAL ENHANCED SERVICES,RIVERSIDE MEDICAL CENTRE HALLING,25284989,"(46,278.62)",,KC000084635
Department of Health,NHS Medway CCG,12/31/2018,C&M-GMS PrscChrgsCll&RmttdbyGPCntra,PRC DELEGATED CO-COMMISSIONING,RIVERSIDE MEDICAL CENTRE HALLING,25284989,"(4,285.60)",,KC000084635
Department of Health,NHS Medway CCG,12/31/2018,C&M-GMS Cost of Drugs -Dispensing,LOCAL ENHANCED SERVICES,RIVERSIDE MEDICAL CENTRE HALLING,25284990,"93,032.16 ",,KC000084636
Department of Health,NHS Medway CCG,12/31/2018,C&M-GMS Prof Fees Dispensing,PRC DELEGATED CO-COMMISSIONING,RIVERSIDE MEDICAL CENTRE HALLING,25284990,"18,570.55 ",,KC000084636
Department of Health,NHS Medway CCG,12/31/2018,C&M-GMS PrscrptnChrgsColl&RmttdbyGP,LOCAL ENHANCED SERVICES,RIVERSIDE MEDICAL CENTRE HALLING,25284990,"4,285.60 ",,KC000084636
Department of Health,NHS Medway CCG,12/31/2018,Clinical&Medical-Commercial Sector,MENTAL HEALTH SERVICES - ADULTS,MAYFLOWER CARE HOME (NORTHFLEET) LTD,25290015,"11,330.54 ",,MCHCHCOCT18MED
Department of Health,NHS Medway CCG,12/31/2018,Cont Care- Palliative Care,CHC ADULT FULLY FUNDED,MAYFLOWER CARE HOME (NORTHFLEET) LTD,25290015,"5,334.44 ",,MCHCHCOCT18MED
Department of Health,NHS Medway CCG,12/31/2018,Cont Care-Mental Health (65+),CHC ADULT FULLY FUNDED,MAYFLOWER CARE HOME (NORTHFLEET) LTD,25290015,"12,588.63 ",,MCHCHCOCT18MED
Department of Health,NHS Medway CCG,12/31/2018,Cont Care-Physical Disab (65+),CHC ADULT FULLY FUNDED,MAYFLOWER CARE HOME (NORTHFLEET) LTD,25290015,"5,395.29 ",,MCHCHCOCT18MED
Department of Health,NHS Medway CCG,12/31/2018,Hcare Srv Rec Fdtn Trust-Prior Year,HIGH COST DRUGS,MEDWAY NHS FOUNDATION TRUST,25304483,"101,240.10 ",654929496,0001003503
Department of Health,NHS Medway CCG,12/31/2018,Hcare Srv Rec Fdtn Trust-Prior Year,HIGH COST DRUGS,MEDWAY NHS FOUNDATION TRUST,25304499,"396,384.47 ",654929496,0001005021
Department of Health,NHS Medway CCG,12/31/2018,Hcare Srv Rec Fdtn Trust-Prior Year,HIGH COST DRUGS,MEDWAY NHS FOUNDATION TRUST,25304567,"313,478.51 ",654929496,0001007082
Department of Health,NHS Medway CCG,12/31/2018,External Consultancy Fees,PROGRAMME PROJECTS,GE HEALTHCARE FINNAMORE,25304606,"226,441.20 ",600903778,710001181
Department of Health,NHS Medway CCG,12/31/2018,C&M-GMS Other Baseline Adjustment,PRC DELEGATED CO-COMMISSIONING,MALVERN ROAD SURGERY,25304995,"60,000.00 ",,1
Department of Health,NHS Medway CCG,12/31/2018,Services From Local Authorities,COMMISSIONING - NON ACUTE,MEDWAY COUNCIL,25327607,"1,431,743.00 ",,160511490600297333
Department of Health,NHS Medway CCG,12/31/2018,Computer Software/License,PRIMARY CARE DEVELOPMENT,IPLATO HEALTHCARE LTD,25332926,"91,584.00 ",906258620,10293
Department of Health,NHS Medway CCG,12/31/2018,Hcare Srv Rec NHS Trust-Drugs,HIGH COST DRUGS,MAIDSTONE AND TUNBRIDGE WELLS NHS TRUST,25365638,"149,261.37 ",654972595,4000113633
,,,,,,,,,
