Department family,Entity,Date,Expense Type,Expense area,Supplier,Transaction number, AP Amount (�) ,VAT registration number,Purchase invoice number
Department of Health,NHS South Sefton CCG,5/31/2018,Clinical&Medical-Voluntary Sector,HOSPICES,WOODLANDS HOSPICE CHARITABLE TRUST,22037815," 44,817.00 ",,1370
Department of Health,NHS South Sefton CCG,5/31/2018,Clinical&Medical-Serv Recd-F Trsts,PROGRAMME PROJECTS,WARRINGTON & HALTON HOSPITALS NHS FOUNDATION TRUST,22117575," 50,000.00 ",654404741,15368131
Department of Health,NHS South Sefton CCG,5/31/2018,Cont Care-Physical Disab (65+),CHC ADULT FULLY FUNDED,ADAM HTT LTD T/A ADAM,22117603," 30,061.34 ",198573349,SI9461
Department of Health,NHS South Sefton CCG,5/31/2018,Clinical&Medical-Voluntary Sector,HOSPICES,WOODLANDS HOSPICE CHARITABLE TRUST,22117618," 168,507.00 ",,1381
Department of Health,NHS South Sefton CCG,5/31/2018,Clinical&Medical-Voluntary Sector,HOSPICES,WOODLANDS HOSPICE CHARITABLE TRUST,22117627," 60,000.00 ",,1380
Department of Health,NHS South Sefton CCG,5/31/2018,Clinical&Medical-Voluntary Sector,OUT OF HOURS,GO TO DOC LTD,22117637," 99,345.09 ",248 096 482,4131
Department of Health,NHS South Sefton CCG,5/31/2018,Hcare Srv Rec NHS Trust-Contract Baseline,AMBULANCE SERVICES,NORTH WEST AMBULANCE SERVICE NHS TRUST,22117662," 69,995.00 ",654435138,4110038188
Department of Health,NHS South Sefton CCG,5/31/2018,Hcare Srv Rec NHS Trust-Contract Baseline,AMBULANCE SERVICES,NORTH WEST AMBULANCE SERVICE NHS TRUST,22117666," 426,186.00 ",654435138,4110038158
Department of Health,NHS South Sefton CCG,5/31/2018,Hcare Srv Rec NHS Trust-Contract Baseline,ACUTE COMMISSIONING,ST HELENS AND KNOWSLEY HOSPITALS NHS TRUST,22117706," 162,120.00 ",654943996,16774882
Department of Health,NHS South Sefton CCG,5/31/2018,Hcare Srv Rec Fdtn Trust-CQUIN,MENTAL HEALTH SERVICES - OTHER,MERSEY CARE NHS FOUNDATION TRUST,22117727," 29,717.03 ",654412841,I0037533
Department of Health,NHS South Sefton CCG,5/31/2018,Hcare Srv Rec Fdtn Trust-Contract Baseline,MENTAL HEALTH SERVICES - OTHER,MERSEY CARE NHS FOUNDATION TRUST,22117727," 1,188,673.17 ",654412841,I0037533
Department of Health,NHS South Sefton CCG,5/31/2018,Hcare Srv Rec Fdtn Trust-Contract Baseline,COMMUNITY SERVICES,MERSEY CARE NHS FOUNDATION TRUST,22117761," 1,759,500.00 ",654412841,I0037540
Department of Health,NHS South Sefton CCG,5/31/2018,Clinical&Medical-Independent Sector,CLINICAL ASSESSMENT AND TREATMENT CENTRES,SPIRE HEALTHCARE LTD,22140724," 61,682.00 ",915970991,01TLPLPF181902
Department of Health,NHS South Sefton CCG,5/31/2018,Cont Care- Palliative Care,CHC ADULT FULLY FUNDED,ADAM HTT LTD T/A ADAM,22140744," 29,930.24 ",198573349,SI9494
Department of Health,NHS South Sefton CCG,5/31/2018,Cont Care-Physical Disab (65+),CHC ADULT FULLY FUNDED,ADAM HTT LTD T/A ADAM,22140744," 42,337.52 ",198573349,SI9494
Department of Health,NHS South Sefton CCG,5/31/2018,Hcare Srv Rec Fdtn Trust-Contract Baseline,ACUTE COMMISSIONING,WALTON CENTRE NHS FOUNDATION TRUST,22182937," 93,473.88 ",654948002,N0019586
Department of Health,NHS South Sefton CCG,5/31/2018,Cont Care- Prior Year Payments,CHC ADULT FULLY FUNDED,ADAM HTT LTD T/A ADAM,22207791," 34,775.51 ",198573349,SI9541
Department of Health,NHS South Sefton CCG,5/31/2018,Cont Care-Physical Disab (65+),CHC ADULT FULLY FUNDED,ADAM HTT LTD T/A ADAM,22207791," 33,558.09 ",198573349,SI9541
Department of Health,NHS South Sefton CCG,5/31/2018,Cont Care-Mental Health (65+),CHC ADULT FULLY FUNDED,FRANCES TAYLOR FOUNDATION,22207795," 43,551.17 ",,FTFSECT64MAY18V1
Department of Health,NHS South Sefton CCG,5/31/2018,Income tax <1Yr,BALANCE SHEET,HMRC,22221794," 64,160.00 ",654457614,475PP004430201901
Department of Health,NHS South Sefton CCG,5/31/2018,National Insurance < 1 yr-NI- ERS,BALANCE SHEET,HMRC,22221794," 44,205.06 ",654457614,475PP004430201901
Department of Health,NHS South Sefton CCG,5/31/2018,National Insurance < 1 yr-NI-EES,BALANCE SHEET,HMRC,22221794," 34,165.94 ",654457614,475PP004430201901
Department of Health,NHS South Sefton CCG,5/31/2018,IT(Owned)-Cost-Addns-Purch Assets,Balance Sheet,DELL CORPORATION LTD,22235915," 43,349.90 ",635823528,7402440008
Department of Health,NHS South Sefton CCG,5/31/2018,Clinical&Medical-Othe Public Sector,INTERMEDIATE CARE,SEFTON METROPOLITAN BOROUGH COUNCIL,22255129," 30,000.00 ",GB165662152,1194013
Department of Health,NHS South Sefton CCG,5/31/2018,Hcare Srv Rec NHS Trust,NHS 111,NORTH WEST AMBULANCE SERVICE NHS TRUST,22255206," 31,653.00 ",654435138,4110038126
Department of Health,NHS South Sefton CCG,5/31/2018,Hcare Srv Rec Fdtn Trust-Contract Baseline,ACUTE COMMISSIONING,WRIGHTINGTON WIGAN & LEIGH NHS FOUNDATION TRUST,22255266," 45,184.17 ",GB654951509,55577055
Department of Health,NHS South Sefton CCG,5/31/2018,Clinical&Medical-Independent Sector,CLINICAL ASSESSMENT AND TREATMENT CENTRES,RENACRES HOSPITAL,22255498," 163,535.58 ",,SS0518
Department of Health,NHS South Sefton CCG,5/31/2018,Charges from CSU,COMMISSIONING SCHEMES,NHS MIDLANDS AND LANCASHIRE CSU,22277717," 39,375.86 ",GB 654442045,7312310275
Department of Health,NHS South Sefton CCG,5/31/2018,Charges from CSU,COMMISSIONING SCHEMES,NHS MIDLANDS AND LANCASHIRE CSU,22277722," 39,375.86 ",GB 654442045,7312310352
Department of Health,NHS South Sefton CCG,5/31/2018,Clinical&Medical-Voluntary Sector,OUT OF HOURS,GO TO DOC LTD,22277731," 99,345.09 ",248 096 482,4358
Department of Health,NHS South Sefton CCG,5/31/2018,Hcare Srv Rec Fdtn Trust-Over/ Under Performance,ACUTE COMMISSIONING,AINTREE UNIVERSITY HOSPITALS NHS FOUNDATION TRUST,22310517," 143,881.00 ",654910626,8410037307
Department of Health,NHS South Sefton CCG,5/31/2018,Hcare Srv Rec Fdtn Trust-Contract Baseline,MENTAL HEALTH SERVICES - OTHER,CHESHIRE AND WIRRAL PARTNERSHIP NHS FOUNDATION TRUST,22310534," 117,922.60 ",654951901,8710020557
Department of Health,NHS South Sefton CCG,5/31/2018,Hcare Srv Rec Fdtn Trust-CQUIN,ACUTE COMMISSIONING,AINTREE UNIVERSITY HOSPITALS NHS FOUNDATION TRUST,22310543," 178,819.51 ",654910626,8410038294
Department of Health,NHS South Sefton CCG,5/31/2018,Hcare Srv Rec Fdtn Trust-Contract Baseline,ACUTE COMMISSIONING,AINTREE UNIVERSITY HOSPITALS NHS FOUNDATION TRUST,22310543," 6,973,959.00 ",654910626,8410038294
Department of Health,NHS South Sefton CCG,5/31/2018,Hcare Srv Rec Fdtn Trust-Contract Baseline,COMMUNITY SERVICES,AINTREE UNIVERSITY HOSPITALS NHS FOUNDATION TRUST,22310543," 292,582.41 ",654910626,8410038294
Department of Health,NHS South Sefton CCG,5/31/2018,Hcare Srv Rec Fdtn Trust-Contract Baseline,ACUTE COMMISSIONING,LIVERPOOL HEART AND CHEST HOSPITAL NHS TRUST,22310566," 79,255.86 ",654914712,12772584
Department of Health,NHS South Sefton CCG,5/31/2018,Hcare Srv Rec Fdtn Trust-Contract Baseline,ACUTE COMMISSIONING,LIVERPOOL WOMENS HOSPITAL NHS FOUNDATION TRUST,22336724," 883,716.05 ",654928891,9410018899
Department of Health,NHS South Sefton CCG,5/31/2018,Hcare Srv Rec NHS Trust-Contract Baseline,ACUTE COMMISSIONING,ROYAL LIVERPOOL AND BROADGREEN UNIVERSITY HOSPITALS NHS TRUST,22336728," 823,541.46 ",654966000,8610082452
Department of Health,NHS South Sefton CCG,5/31/2018,Hcare Srv Rec NHS Trust-Contract Baseline,ACUTE COMMISSIONING,SOUTHPORT AND ORMSKIRK HOSPITAL NHS TRUST,22336730," 494,776.20 ",654970308,7526544
Department of Health,NHS South Sefton CCG,5/31/2018,Clinical&Medical-Voluntary Sector,OUT OF HOURS,GO TO DOC LTD,22356566," 98,280.00 ",248 096 482,4137
Department of Health,NHS South Sefton CCG,5/31/2018,Hlthcre-Foundation Trsts,ACUTE COMMISSIONING,AINTREE UNIVERSITY HOSPITALS NHS FOUNDATION TRUST,22356609," 38,319.53 ",654910626,8410038295
Department of Health,NHS South Sefton CCG,5/31/2018,Computer Network Costs,PRIMARY CARE IT,VIRGIN MEDIA BUSINESS LTD,22381028," 134,724.00 ",591819014,933077038
Department of Health,NHS South Sefton CCG,5/31/2018,Cont Care- Prior Year Payments,FUNDED NURSING CARE,SEFTON METROPOLITAN BOROUGH COUNCIL,22381040," 115,666.93 ",GB165662152,1196566
Department of Health,NHS South Sefton CCG,5/31/2018,Hcare Srv Rec Fdtn Trust-Contract Baseline,COMMUNITY SERVICES,LANCASHIRE CARE NHS FOUNDATION TRUST,22381051," 69,028.29 ",654923319,I0058677
Department of Health,NHS South Sefton CCG,5/31/2018,Hcare Srv Rec Fdtn Trust-Contract Baseline,ACUTE COMMISSIONING,AINTREE UNIVERSITY HOSPITALS NHS FOUNDATION TRUST,22381161," 194,551.85 ",654910626,8410038406
Department of Health,NHS South Sefton CCG,5/31/2018,Hcare Srv Rec Fdtn Trust-Contract Baseline,ACUTE COMMISSIONING,WALTON CENTRE NHS FOUNDATION TRUST,22439243," 93,473.88 ",654948002,N0019644
Department of Health,NHS South Sefton CCG,5/31/2018,Clinical&Medical-Independent Sector,CLINICAL ASSESSMENT AND TREATMENT CENTRES,RENACRES HOSPITAL,22439260," 163,535.58 ",,SS0618
Department of Health,NHS South Sefton CCG,5/31/2018,Hcare Srv Rec Fdtn Trust-Contract Baseline,COMMUNITY SERVICES,MERSEY CARE NHS FOUNDATION TRUST,22450679," 1,796,416.60 ",654412841,I0037659
Department of Health,NHS South Sefton CCG,5/31/2018,Hcare Srv Rec Fdtn Trust-Contract Baseline,COMMUNITY SERVICES,MERSEY CARE NHS FOUNDATION TRUST,22450690," 73,908.60 ",654412841,I0037712
