Department family,Entity,Date,Expense Type,Expense area,Supplier,Transaction number, AP Amount (�) ,VAT registration number,Purchase invoice number
Department of Health,NHS South Sefton CCG,4/30/2018,Cont Care-Physical Disab (65+),CHC ADULT FULLY FUNDED,ADAM HTT LTD T/A ADAM,21556943," 41,998.72 ",198573349,SI9265
Department of Health,NHS South Sefton CCG,4/30/2018,Hcare Srv Rec Fdtn Trust-Over/ Under Performance,ACUTE COMMISSIONING,CLATTERBRIDGE CANCER CENTRE NHS FT,21606710," 31,842.00 ",654916412,9010008515
Department of Health,NHS South Sefton CCG,4/30/2018,Hlthcre-Foundation Trsts,ACUTE COMMISSIONING,AINTREE UNIVERSITY HOSPITALS NHS FOUNDATION TRUST,21606739," 39,530.15 ",654910626,8410037228
Department of Health,NHS South Sefton CCG,4/30/2018,Hlthcre-Foundation Trsts,ACUTE COMMISSIONING,AINTREE UNIVERSITY HOSPITALS NHS FOUNDATION TRUST,21606751," 38,319.53 ",654910626,8410037268
Department of Health,NHS South Sefton CCG,4/30/2018,Hcare Srv Rec Fdtn Trust-Contract Baseline,COMMUNITY SERVICES,ALDER HEY CHILDRENS NHS FOUNDATION TRUST,21616977," 411,406.00 ",654938985,9110025918
Department of Health,NHS South Sefton CCG,4/30/2018,Computer Hardware Purch,PRIMARY CARE IT,IMMEDICARE LLP,21637760," 34,600.00 ",172001557,IMM00769
Department of Health,NHS South Sefton CCG,4/30/2018,Prescribing,PRESCRIBING,COLOPLAST LTD,21708901," 219,295.55 ",781 4987 79,16119578
Department of Health,NHS South Sefton CCG,4/30/2018,Cont Care- Prior Year Payments,CHC ADULT JOINT FUNDED,SEFTON METROPOLITAN BOROUGH COUNCIL,21708925," 27,417.00 ",GB165662152,1181090
Department of Health,NHS South Sefton CCG,4/30/2018,Cont Care- Prior Year Payments,CHC ADULT FULLY FUNDED,SEFTON METROPOLITAN BOROUGH COUNCIL,21709060," 25,380.00 ",GB165662152,1189310
Department of Health,NHS South Sefton CCG,4/30/2018,Cont Care- Prior Year Payments,Children's Continuing Care,SEFTON METROPOLITAN BOROUGH COUNCIL,21709073," 58,757.13 ",GB165662152,1189426
Department of Health,NHS South Sefton CCG,4/30/2018,Cont Care- Prior Year Payments,CHC ADULT FULLY FUNDED,SEFTON METROPOLITAN BOROUGH COUNCIL,21709075," 27,417.00 ",GB165662152,1189303
Department of Health,NHS South Sefton CCG,4/30/2018,Cont Care- Prior Year Payments,CHC ADULT FULLY FUNDED,ADAM HTT LTD T/A ADAM,21709089," 118,215.20 ",198573349,SI9294
Department of Health,NHS South Sefton CCG,4/30/2018,Clinical&Medical-Independent Sector,CLINICAL ASSESSMENT AND TREATMENT CENTRES,SPIRE HEALTHCARE LTD,21709134," 61,682.00 ",915970991,01TLPLPF181901
Department of Health,NHS South Sefton CCG,4/30/2018,Hcare Srv Rec NHS Trust-Contract Baseline,AMBULANCE SERVICES,NORTH WEST AMBULANCE SERVICE NHS TRUST,21709147," 69,995.00 ",654435138,4110037816
Department of Health,NHS South Sefton CCG,4/30/2018,Hcare Srv Rec Fdtn Trust-Contract Baseline,ACUTE COMMISSIONING,LIVERPOOL WOMENS HOSPITAL NHS FOUNDATION TRUST,21709156," 883,716.05 ",654928891,9410018577
Department of Health,NHS South Sefton CCG,4/30/2018,Hcare Srv Rec NHS Trust-Contract Baseline,AMBULANCE SERVICES,NORTH WEST AMBULANCE SERVICE NHS TRUST,21709161," 426,186.00 ",654435138,4110037906
Department of Health,NHS South Sefton CCG,4/30/2018,Hcare Srv Rec Fdtn Trust-Contract Baseline,MENTAL HEALTH SERVICES - OTHER,CHESHIRE AND WIRRAL PARTNERSHIP NHS FOUNDATION TRUST,21709187," 117,848.89 ",654951901,8710020180
Department of Health,NHS South Sefton CCG,4/30/2018,Hcare Srv Rec NHS Trust-Prior Year,ACUTE COMMISSIONING,SOUTHPORT AND ORMSKIRK HOSPITAL NHS TRUST,21730540," 35,526.00 ",654970308,7522840
Department of Health,NHS South Sefton CCG,4/30/2018,Hcare Srv Rec Fdtn Trust-Contract Baseline,COMMUNITY SERVICES,LANCASHIRE CARE NHS FOUNDATION TRUST,21730564," 41,130.00 ",654923319,I0057544
Department of Health,NHS South Sefton CCG,4/30/2018,Hcare Srv Rec Fdtn Trust-Non Contract,NCAS/OATS,WARRINGTON & HALTON HOSPITALS NHS FOUNDATION TRUST,21730684," 26,706.59 ",654404741,15367751
Department of Health,NHS South Sefton CCG,4/30/2018,Hcare Srv Rec NHS Trust,NHS 111,NORTH WEST AMBULANCE SERVICE NHS TRUST,21730701," 34,227.00 ",654435138,4110037787
Department of Health,NHS South Sefton CCG,4/30/2018,Clinical&Medical-Commercial Sector,COMMUNITY SERVICES,DMC HEALTHCARE,21730723," 40,000.00 ",,105987
Department of Health,NHS South Sefton CCG,4/30/2018,Cont Care- Prior Year Payments,CHC ADULT FULLY FUNDED,SEFTON COUNCIL,21765665," 91,840.93 ",,1129891
Department of Health,NHS South Sefton CCG,4/30/2018,Cont Care- Prior Year Payments,CHC ADULT FULLY FUNDED,SEFTON COUNCIL,21765691," 90,555.36 ",,1189352
Department of Health,NHS South Sefton CCG,4/30/2018,Cont Care- Prior Year Payments,CHC ADULT FULLY FUNDED,SEFTON COUNCIL,21765704," 85,400.00 ",,1129895
Department of Health,NHS South Sefton CCG,4/30/2018,Cont Care- Prior Year Payments,CHC ADULT FULLY FUNDED,SEFTON COUNCIL,21765707," 68,058.57 ",,1189450
Department of Health,NHS South Sefton CCG,4/30/2018,Cont Care- Prior Year Payments,CHC ADULT FULLY FUNDED,SEFTON METROPOLITAN BOROUGH COUNCIL,21765719," 53,290.00 ",GB165662152,1190724
Department of Health,NHS South Sefton CCG,4/30/2018,Cont Care- Prior Year Payments,CHC ADULT FULLY FUNDED,ADAM HTT LTD T/A ADAM,21765721," 74,596.78 ",198573349,SI9366
Department of Health,NHS South Sefton CCG,4/30/2018,Hcare Srv Rec Fdtn Trust-Contract Baseline,COMMUNITY SERVICES,MERSEY CARE NHS FOUNDATION TRUST,21769786," 1,759,494.30 ",654412841,I0037450
Department of Health,NHS South Sefton CCG,4/30/2018,Income tax <1Yr,BALANCE SHEET,HMRC,21778186," 58,411.00 ",654457614,475PP00443020B
Department of Health,NHS South Sefton CCG,4/30/2018,National Insurance < 1 yr-NI- ERS,BALANCE SHEET,HMRC,21778186," 39,906.00 ",654457614,475PP00443020B
Department of Health,NHS South Sefton CCG,4/30/2018,National Insurance < 1 yr-NI-EES,BALANCE SHEET,HMRC,21778186," 30,885.00 ",654457614,475PP00443020B
Department of Health,NHS South Sefton CCG,4/30/2018,Clinical&Medical-Voluntary Sector,CHILD AND ADOLESCENT MENTAL HEALTH,SWACA,21803794," 28,533.96 ",,770
Department of Health,NHS South Sefton CCG,4/30/2018,Hcare Srv Rec Fdtn Trust-Contract Baseline,ACUTE COMMISSIONING,WRIGHTINGTON WIGAN & LEIGH NHS FOUNDATION TRUST,21803803," 45,184.17 ",GB654951509,55576271
Department of Health,NHS South Sefton CCG,4/30/2018,Hcare Srv Rec Fdtn Trust-Contract Baseline,ACUTE COMMISSIONING,LIVERPOOL WOMENS HOSPITAL NHS FOUNDATION TRUST,21824678," 883,716.05 ",654928891,9410018595
Department of Health,NHS South Sefton CCG,4/30/2018,Hcare Srv Rec Fdtn Trust-Contract Baseline,MENTAL HEALTH SERVICES - OTHER,CHESHIRE AND WIRRAL PARTNERSHIP NHS FOUNDATION TRUST,21824699," 117,922.60 ",654951901,8710020208
Department of Health,NHS South Sefton CCG,4/30/2018,Clinical&Medical-Othe Public Sector,CHC ADULT FULLY FUNDED,FRANCES TAYLOR FOUNDATION,21824712," 43,551.17 ",,FTFSECT64APR18V1
Department of Health,NHS South Sefton CCG,4/30/2018,Hcare Srv Rec Fdtn Trust-Contract Baseline,ACUTE COMMISSIONING,LIVERPOOL HEART AND CHEST HOSPITAL NHS TRUST,21824734," 88,752.15 ",654914712,12772299
Department of Health,NHS South Sefton CCG,4/30/2018,Charges from CSU,COMMISSIONING SCHEMES,NHS MIDLANDS AND LANCASHIRE CSU,21824738," 39,375.86 ",GB 654442045,7312310134
Department of Health,NHS South Sefton CCG,4/30/2018,Hcare Srv Rec NHS Trust-Contract Baseline,ACUTE COMMISSIONING,ROYAL LIVERPOOL AND BROADGREEN UNIVERSITY HOSPITALS NHS TRUST,21824746," 792,005.00 ",654966000,8610081740
Department of Health,NHS South Sefton CCG,4/30/2018,Hcare Srv Rec Fdtn Trust-Contract Baseline,ACUTE CHILDRENS SERVICES,ALDER HEY CHILDRENS NHS FOUNDATION TRUST,21824748," 397,333.00 ",654938985,9110025994
Department of Health,NHS South Sefton CCG,4/30/2018,Hcare Srv Rec Fdtn Trust-Contract Baseline,COMMUNITY SERVICES,ALDER HEY CHILDRENS NHS FOUNDATION TRUST,21824748," 110,036.20 ",654938985,9110025994
Department of Health,NHS South Sefton CCG,4/30/2018,Hcare Srv Rec Fdtn Trust-Contract Baseline,MENTAL HEALTH SERVICES - OTHER,ALDER HEY CHILDRENS NHS FOUNDATION TRUST,21824748," 185,128.30 ",654938985,9110025994
Department of Health,NHS South Sefton CCG,4/30/2018,Hcare Srv Rec NHS Trust-Contract Baseline,ACUTE COMMISSIONING,SOUTHPORT AND ORMSKIRK HOSPITAL NHS TRUST,21824750," 421,297.17 ",654970308,7526120
Department of Health,NHS South Sefton CCG,4/30/2018,Clinical&Medical-Voluntary Sector,MENTAL HEALTH CONTRACTS,CROSBY HOUSING ASSOCIATION LTD,21842774," 50,830.00 ",,10112
Department of Health,NHS South Sefton CCG,4/30/2018,Cont Care- Prior Year Payments,CHC ADULT FULLY FUNDED,ADAM HTT LTD T/A ADAM,21873270," 33,734.50 ",198573349,SI9424
Department of Health,NHS South Sefton CCG,4/30/2018,Cont Care-Physical Disab (65+),CHC ADULT FULLY FUNDED,ADAM HTT LTD T/A ADAM,21873270," 35,628.43 ",198573349,SI9424
Department of Health,NHS South Sefton CCG,4/30/2018,Hcare Srv Rec Fdtn Trust-Contract Baseline,COMMUNITY SERVICES,LANCASHIRE CARE NHS FOUNDATION TRUST,21873271," 69,605.25 ",654923319,I0058412
Department of Health,NHS South Sefton CCG,4/30/2018,Clinical&Medical-Independent Sector,CLINICAL ASSESSMENT AND TREATMENT CENTRES,RENACRES HOSPITAL,21873272," 163,535.58 ",,SS0418
Department of Health,NHS South Sefton CCG,4/30/2018,Hcare Srv Rec Fdtn Trust-CQUIN,ACUTE COMMISSIONING,AINTREE UNIVERSITY HOSPITALS NHS FOUNDATION TRUST,21873273," 178,819.50 ",654910626,8410037761
Department of Health,NHS South Sefton CCG,4/30/2018,Hcare Srv Rec Fdtn Trust-Contract Baseline,ACUTE COMMISSIONING,AINTREE UNIVERSITY HOSPITALS NHS FOUNDATION TRUST,21873273," 6,973,959.00 ",654910626,8410037761
Department of Health,NHS South Sefton CCG,4/30/2018,Hcare Srv Rec Fdtn Trust-Contract Baseline,COMMUNITY SERVICES,AINTREE UNIVERSITY HOSPITALS NHS FOUNDATION TRUST,21873273," 292,582.41 ",654910626,8410037761
Department of Health,NHS South Sefton CCG,4/30/2018,Hcare Srv Rec Fdtn Trust-Contract Baseline,ACUTE COMMISSIONING,WALTON CENTRE NHS FOUNDATION TRUST,21873274," 93,473.88 ",654948002,N0019490
Department of Health,NHS South Sefton CCG,4/30/2018,Clinical&Medical-Independent Sector,ACUTE COMMISSIONING,VIRGIN CARE SERVICES LTD,21938196," 25,846.92 ",GB918510332,10300831997
Department of Health,NHS South Sefton CCG,4/30/2018,Clinical&Medical-Voluntary Sector,COMMUNITY SERVICES,ONWARD HOMES,21938203," 33,280.00 ",,ESLIN00002523
Department of Health,NHS South Sefton CCG,4/30/2018,Hlthcre-Foundation Trsts,ACUTE COMMISSIONING,AINTREE UNIVERSITY HOSPITALS NHS FOUNDATION TRUST,21938208," 38,319.53 ",654910626,8410037762
Department of Health,NHS South Sefton CCG,4/30/2018,Clinical&Medical-Voluntary Sector,HOSPICES,WOODLANDS HOSPICE CHARITABLE TRUST,21956463," 107,847.31 ",,1377
Department of Health,NHS South Sefton CCG,4/30/2018,IT(Owned)-Cost-Addns-Purch Assets,Balance Sheet,DELL CORPORATION LTD,21964163," 25,472.88 ",635823528,7402436486
