Department family,Entity,Date,Expense Type,Expense area,Supplier,Transaction number, AP Amount (�) ,VAT registration number,Purchase invoice number
Department of Health,NHS South Sefton CCG,7/31/2018,Hcare Srv Rec NHS Trust-Prior Year,ACUTE COMMISSIONING,SOUTHPORT AND ORMSKIRK HOSPITAL NHS TRUST,22876835," 160,000.00 ",654970308,7525681
Department of Health,NHS South Sefton CCG,7/31/2018,Hcare Srv Rec Fdtn Trust-Contract Baseline,ACUTE COMMISSIONING,WALTON CENTRE NHS FOUNDATION TRUST,22876837," 93,473.88 ",654948002,N0019816
Department of Health,NHS South Sefton CCG,7/31/2018,Hcare Srv Rec Fdtn Trust-Contract Baseline,COMMUNITY SERVICES,MERSEY CARE NHS FOUNDATION TRUST,22876838," 1,796,416.60 ",654412841,I0037847
Department of Health,NHS South Sefton CCG,7/31/2018,Hcare Srv Rec Fdtn Trust-CQUIN,MENTAL HEALTH SERVICES - OTHER,MERSEY CARE NHS FOUNDATION TRUST,22876840," 29,717.20 ",654412841,I0037840
Department of Health,NHS South Sefton CCG,7/31/2018,Hcare Srv Rec Fdtn Trust-Contract Baseline,MENTAL HEALTH SERVICES - OTHER,MERSEY CARE NHS FOUNDATION TRUST,22876840," 1,188,673.00 ",654412841,I0037840
Department of Health,NHS South Sefton CCG,7/31/2018,Cont Care-Physical Disab (65+),CHC ADULT FULLY FUNDED,ADAM HTT LTD T/A ADAM,22876841," 48,054.44 ",198573349,SI9773
Department of Health,NHS South Sefton CCG,7/31/2018,Hcare Srv Rec NHS Trust-Contract Baseline,ACUTE COMMISSIONING,ST HELENS AND KNOWSLEY HOSPITALS NHS TRUST,22876848," 163,924.00 ",654943996,16776024
Department of Health,NHS South Sefton CCG,7/31/2018,Clinical&Medical-Commercial Sector,CLINICAL ASSESSMENT AND TREATMENT CENTRES,OAKLANDS HOSPITAL,22876855," 165,579.79 ",GB 426505170,SS0718
Department of Health,NHS South Sefton CCG,7/31/2018,Clinical&Medical-Voluntary Sector,CHILD AND ADOLESCENT MENTAL HEALTH,SEFTON COUNCIL FOR VOLUNTARY SERVICE,22915668," 26,614.39 ",,5826
Department of Health,NHS South Sefton CCG,7/31/2018,Hcare Srv Rec Fdtn Trust-Prior Year,ACUTE COMMISSIONING,CLATTERBRIDGE CANCER CENTRE NHS FT,23005459," 32,522.90 ",654916412,9010008814
Department of Health,NHS South Sefton CCG,7/31/2018,External Data Contracts,PRIMARY CARE IT,MERSEY CARE NHS FOUNDATION TRUST,23005473," 201,980.00 ",654412841,I0037717
Department of Health,NHS South Sefton CCG,7/31/2018,Hcare Srv Rec Fdtn Trust-Contract Baseline,ACUTE COMMISSIONING,CLATTERBRIDGE CANCER CENTRE NHS FT,23005478," 49,404.57 ",654916412,9010009107
Department of Health,NHS South Sefton CCG,7/31/2018,External Data Contracts,PRIMARY CARE IT,MERSEY CARE NHS FOUNDATION TRUST,23005509," 100,990.00 ",654412841,I0037800
Department of Health,NHS South Sefton CCG,7/31/2018,Hcare Srv Rec NHS Trust-Prior Year,ACUTE COMMISSIONING,ST HELENS AND KNOWSLEY HOSPITALS NHS TRUST,23005512," 29,166.00 ",654943996,16775839
Department of Health,NHS South Sefton CCG,7/31/2018,Clinical&Medical-Voluntary Sector,MENTAL HEALTH CONTRACTS,IMAGINE,23005541," 38,301.50 ",,5174
Department of Health,NHS South Sefton CCG,7/31/2018,Clinical&Medical-Independent Sector,CLINICAL ASSESSMENT AND TREATMENT CENTRES,RENACRES HOSPITAL,23005584," 163,535.58 ",,SS0718
Department of Health,NHS South Sefton CCG,7/31/2018,Clinical&Medical-Independent Sector,CLINICAL ASSESSMENT AND TREATMENT CENTRES,SPIRE HEALTHCARE LTD,23005627," 61,682.00 ",915970991,01TLPLPF181904
Department of Health,NHS South Sefton CCG,7/31/2018,Hcare Srv Rec NHS Trust,NHS 111,NORTH WEST AMBULANCE SERVICE NHS TRUST,23005670," 28,887.00 ",654435138,4110038934
Department of Health,NHS South Sefton CCG,7/31/2018,Hcare Srv Rec NHS Trust-Contract Baseline,AMBULANCE SERVICES,NORTH WEST AMBULANCE SERVICE NHS TRUST,23005691," 69,995.00 ",654435138,4110039060
Department of Health,NHS South Sefton CCG,7/31/2018,Hcare Srv Rec NHS Trust-Contract Baseline,AMBULANCE SERVICES,NORTH WEST AMBULANCE SERVICE NHS TRUST,23005694," 428,143.00 ",654435138,4110038999
Department of Health,NHS South Sefton CCG,7/31/2018,Hcare Srv Rec NHS Trust-Over/ Under Performance,ACUTE COMMISSIONING,ROYAL LIVERPOOL AND BROADGREEN UNIVERSITY HOSPITALS NHS TRUST,23005829," 40,642.00 ",654966000,8610084527
Department of Health,NHS South Sefton CCG,7/31/2018,Clinical&Medical-Voluntary Sector,COMMUNITY SERVICES,ONWARD HOMES,23005834," 33,280.00 ",,ESLIN00002588
Department of Health,NHS South Sefton CCG,7/31/2018,Cont Care-Mental Health (65+),CHC ADULT FULLY FUNDED,FRANCES TAYLOR FOUNDATION,23005927," 43,551.17 ",,FTFSECT64JUL18V1
Department of Health,NHS South Sefton CCG,7/31/2018,Charges from CSU,COMMISSIONING SCHEMES,NHS MIDLANDS AND LANCASHIRE CSU,23023465," 39,376.29 ",GB 654442045,7312310691
Department of Health,NHS South Sefton CCG,7/31/2018,Income tax <1Yr,BALANCE SHEET,HMRC,23056065," 65,076.50 ",654457614,475PP004430201903
Department of Health,NHS South Sefton CCG,7/31/2018,National Insurance < 1 yr-NI- ERS,BALANCE SHEET,HMRC,23056065," 45,169.85 ",654457614,475PP004430201903
Department of Health,NHS South Sefton CCG,7/31/2018,National Insurance < 1 yr-NI-EES,BALANCE SHEET,HMRC,23056065," 34,875.64 ",654457614,475PP004430201903
Department of Health,NHS South Sefton CCG,7/31/2018,Clinical&Medical-Othe Public Sector,CHILD AND ADOLESCENT MENTAL HEALTH,SEFTON METROPOLITAN BOROUGH COUNCIL,23083786," 32,654.36 ",GB165662152,1145379
Department of Health,NHS South Sefton CCG,7/31/2018,Services From Local Authorities,LEARNING DIFFICULTIES,SEFTON METROPOLITAN BOROUGH COUNCIL,23083788," 66,379.69 ",GB165662152,1194797
Department of Health,NHS South Sefton CCG,7/31/2018,Hcare Srv Rec Fdtn Trust-Contract Baseline,ACUTE COMMISSIONING,LIVERPOOL WOMENS HOSPITAL NHS FOUNDATION TRUST,23083810," 883,716.10 ",654928891,9410019496
Department of Health,NHS South Sefton CCG,7/31/2018,Hcare Srv Rec Fdtn Trust-Contract Baseline,ACUTE COMMISSIONING,WRIGHTINGTON WIGAN & LEIGH NHS FOUNDATION TRUST,23083814," 62,451.00 ",GB654951509,55578941
Department of Health,NHS South Sefton CCG,7/31/2018,Cont Care- Prior Year Payments,CHC ADULT FULLY FUNDED,PARTNERSHIPS IN CARE LTD,23083834," 42,480.00 ", GB 626524835,D59114000L1
Department of Health,NHS South Sefton CCG,7/31/2018,Cont Care-Physical Disab (<65),CHC ADULT FULLY FUNDED,PARTNERSHIPS IN CARE LTD,23083834," 32,760.00 ", GB 626524835,D59114000L1
Department of Health,NHS South Sefton CCG,7/31/2018,Hcare Srv Rec Fdtn Trust-Contract Baseline,MENTAL HEALTH SERVICES - OTHER,CHESHIRE AND WIRRAL PARTNERSHIP NHS FOUNDATION TRUST,23083842," 117,922.60 ",654951901,8710021218
Department of Health,NHS South Sefton CCG,7/31/2018,Hcare Srv Rec Fdtn Trust-Contract Baseline,ACUTE COMMISSIONING,CLATTERBRIDGE CANCER CENTRE NHS FT,23083851," 42,343.42 ",654916412,9010009309
Department of Health,NHS South Sefton CCG,7/31/2018,Hcare Srv Rec Fdtn Trust-CQUIN,MENTAL HEALTH SERVICES - OTHER,MERSEY CARE NHS FOUNDATION TRUST,23083852," 29,717.00 ",654412841,I0037441
Department of Health,NHS South Sefton CCG,7/31/2018,Hcare Srv Rec Fdtn Trust-Contract Baseline,MENTAL HEALTH SERVICES - OTHER,MERSEY CARE NHS FOUNDATION TRUST,23083852," 1,188,673.00 ",654412841,I0037441
Department of Health,NHS South Sefton CCG,7/31/2018,Cont Care- Palliative Care,CHC ADULT FULLY FUNDED,ADAM HTT LTD T/A ADAM,23083862," 40,533.67 ",198573349,SI9849
Department of Health,NHS South Sefton CCG,7/31/2018,Cont Care-Physical Disab (65+),CHC ADULT FULLY FUNDED,ADAM HTT LTD T/A ADAM,23083862," 50,762.85 ",198573349,SI9849
Department of Health,NHS South Sefton CCG,7/31/2018,Hcare Srv Rec Fdtn Trust-Contract Baseline,COMMUNITY SERVICES,LANCASHIRE CARE NHS FOUNDATION TRUST,23083865," 69,028.29 ",654923319,I0059469
Department of Health,NHS South Sefton CCG,7/31/2018,Hcare Srv Rec Fdtn Trust-CQUIN,ACUTE COMMISSIONING,AINTREE UNIVERSITY HOSPITALS NHS FOUNDATION TRUST,23083910," 183,325.61 ",654910626,8410039520
Department of Health,NHS South Sefton CCG,7/31/2018,Hcare Srv Rec Fdtn Trust-Contract Baseline,ACUTE COMMISSIONING,AINTREE UNIVERSITY HOSPITALS NHS FOUNDATION TRUST,23083910," 7,042,235.31 ",654910626,8410039520
Department of Health,NHS South Sefton CCG,7/31/2018,Hcare Srv Rec Fdtn Trust-Contract Baseline,COMMUNITY SERVICES,AINTREE UNIVERSITY HOSPITALS NHS FOUNDATION TRUST,23083910," 290,788.83 ",654910626,8410039520
Department of Health,NHS South Sefton CCG,7/31/2018,Hlthcre-Foundation Trsts,ACUTE COMMISSIONING,AINTREE UNIVERSITY HOSPITALS NHS FOUNDATION TRUST,23083916," 38,357.85 ",654910626,8410039521
Department of Health,NHS South Sefton CCG,7/31/2018,Hcare Srv Rec NHS Trust-Contract Baseline,ACUTE COMMISSIONING,ROYAL LIVERPOOL AND BROADGREEN UNIVERSITY HOSPITALS NHS TRUST,23083949," 804,245.59 ",654966000,8610084990
Department of Health,NHS South Sefton CCG,7/31/2018,Clinical&Medical-Commercial Sector,COMMUNITY SERVICES,DMC HEALTHCARE,23083951," 40,000.00 ",,106129
Department of Health,NHS South Sefton CCG,7/31/2018,Hcare Srv Rec Fdtn Trust-Contract Baseline,ACUTE CHILDRENS SERVICES,ALDER HEY CHILDRENS NHS FOUNDATION TRUST,23083959," 372,952.17 ",654938985,9110026915
Department of Health,NHS South Sefton CCG,7/31/2018,Hcare Srv Rec Fdtn Trust-Contract Baseline,COMMUNITY SERVICES,ALDER HEY CHILDRENS NHS FOUNDATION TRUST,23083959," 248,032.50 ",654938985,9110026915
Department of Health,NHS South Sefton CCG,7/31/2018,Hcare Srv Rec Fdtn Trust-Contract Baseline,MENTAL HEALTH SERVICES - OTHER,ALDER HEY CHILDRENS NHS FOUNDATION TRUST,23083959," 187,166.58 ",654938985,9110026915
Department of Health,NHS South Sefton CCG,7/31/2018,Hcare Srv Rec Fdtn Trust-Contract Baseline,ACUTE COMMISSIONING,LIVERPOOL HEART AND CHEST HOSPITAL NHS TRUST,23083969," 79,581.07 ",654914712,12773193
Department of Health,NHS South Sefton CCG,7/31/2018,Clinical&Medical-Voluntary Sector,HOSPICES,WOODLANDS HOSPICE CHARITABLE TRUST,23118139," 168,507.00 ",,1411
Department of Health,NHS South Sefton CCG,7/31/2018,Clinical&Medical-Voluntary Sector,HOSPICES,WOODLANDS HOSPICE CHARITABLE TRUST,23118145," 60,000.00 ",,1410
Department of Health,NHS South Sefton CCG,7/31/2018,Hcare Srv Rec NHS Trust-Contract Baseline,ACUTE COMMISSIONING,SOUTHPORT AND ORMSKIRK HOSPITAL NHS TRUST,23173251," 494,776.20 ",654970308,7527314
Department of Health,NHS South Sefton CCG,7/31/2018,Hcare Srv Rec NHS Trust-Contract Baseline,COMMUNITY SERVICES,SOUTHPORT AND ORMSKIRK HOSPITAL NHS TRUST,23173251," 32,967.80 ",654970308,7527314
Department of Health,NHS South Sefton CCG,7/31/2018,Cont Care-Physical Disab (65+),CHC ADULT FULLY FUNDED,ADAM HTT LTD T/A ADAM,23193306," 32,605.26 ",198573349,SI9882
Department of Health,NHS South Sefton CCG,7/31/2018,C&M-APMS LES CCG Constitution,LOCAL ENHANCED SERVICES,TCG MEDICAL SERVICES,23193434," 28,657.00 ",,N84019JUL18LQCV1
Department of Health,NHS South Sefton CCG,7/31/2018,Computer Maintenance,PRIMARY CARE IT,NHS SOUTHPORT AND FORMBY CCG,23247986," 99,550.63 ",,VIRGINMEDIAPAYMENTTOWRONGCCG
Department of Health,NHS South Sefton CCG,7/31/2018,Rent,ESTATES AND FACILITIES,NHS PROPERTY SERVICES LTD,23256488," 39,913.46 ",156725100,00000001H32560
