Department family,Entity,Date,Expense Type,Expense area,Supplier,Transaction number,AP Amount (�),VAT registration number,Purchase invoice number
Department of Health,NHS Wakefield CCG,9/30/2018,Clinical&Medical-Commercial Sector,ACUTE COMMISSIONING,NOVUS HEALTH LTD,24047303,46231.58,,769
Department of Health,NHS Wakefield CCG,9/30/2018,Clinical&Medical-Commercial Sector,ACUTE COMMISSIONING,NOVUS HEALTH LTD,23905042,38985.04,,774
Department of Health,NHS Wakefield CCG,9/30/2018,Clinical&Medical-Voluntary Sector,Winter Resilience,AGE UK WAKEFIELD DISTRICT,23854959,29166.67,,928
Department of Health,NHS Wakefield CCG,9/30/2018,Clinical&Medical-Commercial Sector,ACUTE COMMISSIONING,PRACTICE SERVICES LTD (THE),23998344,37266,,7317
Department of Health,NHS Wakefield CCG,9/30/2018,Programme Support Costs,PLANNED CARE,BRADFORD TEACHING HOSPITALS NHS FOUNDATION TRUST,23883297,276251,654913617,306419
Department of Health,NHS Wakefield CCG,9/30/2018,Hcare Srv Rec Fdtn Trust-Contract Baseline,ACUTE COMMISSIONING,BRADFORD TEACHING HOSPITALS NHS FOUNDATION TRUST,23867376,44267,654913617,306787
Department of Health,NHS Wakefield CCG,9/30/2018,Hcare Srv Rec Fdtn Trust-Contract Baseline,LEARNING DIFFICULTIES,SOUTH WEST YORKSHIRE PARTNERSHIP NHS FOUNDATION TRUST,23724320,26622,654948785,729216
Department of Health,NHS Wakefield CCG,9/30/2018,Hcare Srv Rec Fdtn Trust-Contract Baseline,MENTAL HEALTH CONTRACTS,SOUTH WEST YORKSHIRE PARTNERSHIP NHS FOUNDATION TRUST,23883352,3062847,654948785,729653
Department of Health,NHS Wakefield CCG,9/30/2018,Hcare Srv Rec Fdtn Trust-Contract Baseline,LEARNING DIFFICULTIES,SOUTH WEST YORKSHIRE PARTNERSHIP NHS FOUNDATION TRUST,23741747,202638,654948785,729654
Department of Health,NHS Wakefield CCG,9/30/2018,Programme Support Costs,PLANNED CARE,MID YORKSHIRE HOSPITALS NHS TRUST,23828486,157495.31,654967780,10099821
Department of Health,NHS Wakefield CCG,9/30/2018,Chrgs from SLA,CONTRACT MANAGEMENT,KIER BUSINESS SERVICES LTD,23791860,37724.4,GB900540375,10103089
Department of Health,NHS Wakefield CCG,9/30/2018,Hcare Srv Rec Fdtn Trust-Contract Baseline,ACUTE COMMISSIONING,DONCASTER AND BASSETLAW HOSPITALS NHS FOUNDATION TRUST,23791879,240644,,56393841
Department of Health,NHS Wakefield CCG,9/30/2018,Hcare Srv Rec Fdtn Trust-Contract Baseline,ACUTE COMMISSIONING,YORK TEACHING HOSPITAL NHS FOUNDATION TRUST,23930690,48121,,1010064462
Department of Health,NHS Wakefield CCG,9/30/2018,Programme Support Costs,PLANNED CARE,LEEDS TEACHING HOSPITALS NHS TRUST,23905084,56780,,1410104274
Department of Health,NHS Wakefield CCG,9/30/2018,Programme Support Costs,PLANNED CARE,LEEDS TEACHING HOSPITALS NHS TRUST,23905070,81923.75,,1410104275
Department of Health,NHS Wakefield CCG,9/30/2018,Programme Support Costs,PLANNED CARE,LEEDS TEACHING HOSPITALS NHS TRUST,23905081,29374.5,,1410104276
Department of Health,NHS Wakefield CCG,9/30/2018,Programme Support Costs,PLANNED CARE,LEEDS TEACHING HOSPITALS NHS TRUST,23883440,168250,,1410104277
Department of Health,NHS Wakefield CCG,9/30/2018,Hcare Srv Rec NHS Trust-Contract Baseline,ACUTE COMMISSIONING,LEEDS TEACHING HOSPITALS NHS TRUST,23942009,1509240,,1410104407
Department of Health,NHS Wakefield CCG,9/30/2018,Seconded-Basic Sal-Staff fm oth org,PLANNED CARE,LEEDS TEACHING HOSPITALS NHS TRUST,24047469,27680.76,,1410104456
Department of Health,NHS Wakefield CCG,9/30/2018,Seconded-Basic Sal-Staff fm oth org,PLANNED CARE,LEEDS TEACHING HOSPITALS NHS TRUST,24047474,27680.76,,1410104457
Department of Health,NHS Wakefield CCG,9/30/2018,Hcare Srv Rec NHS Trust-Contract Baseline,ACUTE COMMISSIONING,MID YORKSHIRE HOSPITALS NHS TRUST,23856247,22000000,654967780,1600002849
Department of Health,NHS Wakefield CCG,9/30/2018,Hcare Srv Rec NHS Trust-Contract Baseline,COLLABORATIVE COMMISSIONING,HARROGATE & DISTRICT NHS FOUNDATION NHS TRUST,23965426,50000,654923907,2510021108
Department of Health,NHS Wakefield CCG,9/30/2018,Hcare Srv Rec NHS Trust-Contract Baseline,AMBULANCE SERVICES,YORKSHIRE AMBULANCE SERVICE NHS TRUST,23883366,1121701,,2810023778
Department of Health,NHS Wakefield CCG,9/30/2018,Hcare Srv Rec NHS Trust-Contract Baseline,NHS 111,YORKSHIRE AMBULANCE SERVICE NHS TRUST,23883357,78702,,2810023818
Department of Health,NHS Wakefield CCG,9/30/2018,Hcare Srv Rec NHS Trust-Contract Baseline,OUT OF HOURS,YORKSHIRE AMBULANCE SERVICE NHS TRUST,23883364,155439.4,,2810023842
Department of Health,NHS Wakefield CCG,9/30/2018,Hcare Srv Rec NHS Trust-Contract Baseline,AMBULANCE SERVICES,YORKSHIRE AMBULANCE SERVICE NHS TRUST,23883362,237521.28,,2810023849
Department of Health,NHS Wakefield CCG,9/30/2018,Hcare Srv Rec NHS Trust-Contract Baseline,COLLABORATIVE COMMISSIONING,AIREDALE NHS FOUNDATION TRUST,23931019,50000,,3310036256
Department of Health,NHS Wakefield CCG,9/30/2018,Hcare Srv Rec Fdtn Trust-Contract Baseline,ACUTE COMMISSIONING,SHEFFIELD TEACHING HOSPITALS NHS FOUNDATION TRUST,23941963,134500,654400165,4000541287
Department of Health,NHS Wakefield CCG,9/30/2018,FM Computer Contracts,IM&T,CALDERDALE & HUDDERSFIELD NHS FOUNDATION TRUST,23975702,10525.75,654405836,4710122999
Department of Health,NHS Wakefield CCG,9/30/2018,FM Computer Contracts,PRIMARY CARE IT,CALDERDALE & HUDDERSFIELD NHS FOUNDATION TRUST,23975702,51643.25,654405836,4710122999
Department of Health,NHS Wakefield CCG,9/30/2018,Hcare Srv Rec Fdtn Trust-Contract Baseline,ACUTE COMMISSIONING,CALDERDALE & HUDDERSFIELD NHS FOUNDATION TRUST,23930683,128359.88,654405836,4710123064
Department of Health,NHS Wakefield CCG,9/30/2018,Hcare Srv Rec NHS Trust-Contract Baseline,COLLABORATIVE COMMISSIONING,CALDERDALE & HUDDERSFIELD NHS FOUNDATION TRUST,23745990,50000,654405836,4710123113
Department of Health,NHS Wakefield CCG,9/30/2018,FM Computer Contracts,IM&T,CALDERDALE & HUDDERSFIELD NHS FOUNDATION TRUST,24080859,10525.75,654405836,4710124856
Department of Health,NHS Wakefield CCG,9/30/2018,FM Computer Contracts,PRIMARY CARE IT,CALDERDALE & HUDDERSFIELD NHS FOUNDATION TRUST,24080859,51643.25,654405836,4710124856
Department of Health,NHS Wakefield CCG,9/30/2018,Legal / Prof Fees,FINANCE,CAPITA BUSINESS SERVICES LTD,23724316,59292,618184140,6003779030
Department of Health,NHS Wakefield CCG,9/30/2018,Clinical&Medical-Commercial Sector,LEARNING DIFFICULTIES,NORTHUMBERLAND TYNE AND WEAR NHS FOUNDATION TRUST,23854724,64056.6,GB654934312,9810017000
Department of Health,NHS Wakefield CCG,9/30/2018,Clinical&Medical-Commercial Sector,LEARNING DIFFICULTIES,NORTHUMBERLAND TYNE AND WEAR NHS FOUNDATION TRUST,23854753,66191.82,GB654934312,9810017274
Department of Health,NHS Wakefield CCG,9/30/2018,Cont Care-Mental Health (<65),CHC ADULT JOINT FUNDED,WAKEFIELD COUNCIL,23867101,52886.88,,91311675061
Department of Health,NHS Wakefield CCG,9/30/2018,Cont Care-Learning Disab(<65),CHC ADULT JOINT FUNDED,WAKEFIELD COUNCIL,23741750,65894.72,,91311785085
Department of Health,NHS Wakefield CCG,9/30/2018,Cont Care-Learning Disab(<65),CHC ADULT JOINT FUNDED,WAKEFIELD COUNCIL,23741751,45385.86,,91311785100
Department of Health,NHS Wakefield CCG,9/30/2018,Cont Care-Learning Disab(<65),CHC ADULT JOINT FUNDED,WAKEFIELD COUNCIL,23867370,25569.6,,91311798852
Department of Health,NHS Wakefield CCG,9/30/2018,Cont Care-Learning Disab(<65),CHC ADULT JOINT FUNDED,WAKEFIELD COUNCIL,24045875,26025.64,,91311799138
Department of Health,NHS Wakefield CCG,9/30/2018,Cont Care-Adult Learning Disab(<65),CHC ADULT FULLY FUNDED,WAKEFIELD COUNCIL,24045874,40951.28,,91311799156
Department of Health,NHS Wakefield CCG,9/30/2018,Cont Care-Adult Learning Disab(<65),CHC ADULT FULLY FUNDED,WAKEFIELD COUNCIL,24045872,25169.41,,91311799387
Department of Health,NHS Wakefield CCG,9/30/2018,Cont Care-Adult Learning Disab(<65),CHC ADULT FULLY FUNDED,WAKEFIELD COUNCIL,24045877,42208.08,,91311799572
Department of Health,NHS Wakefield CCG,9/30/2018,Cont Care-Adult Learning Disab(<65),CHC ADULT FULLY FUNDED,WAKEFIELD COUNCIL,23904941,33877.48,,91311802188
Department of Health,NHS Wakefield CCG,9/30/2018,Cont Care-Adult Learning Disab(<65),CHC ADULT FULLY FUNDED,WAKEFIELD COUNCIL,23867432,50313.9,,91311802212
Department of Health,NHS Wakefield CCG,9/30/2018,Cont Care-Adult Learning Disab(<65),CHC ADULT FULLY FUNDED,WAKEFIELD COUNCIL,23806110,33877.48,,91311802221
Department of Health,NHS Wakefield CCG,9/30/2018,Clinical&Medical-Othe Public Sector,COMMISSIONING - NON ACUTE,WAKEFIELD COUNCIL,23941982,70000,,91311806135
Department of Health,NHS Wakefield CCG,9/30/2018,Clinical&Medical-Othe Public Sector,COMMISSIONING - NON ACUTE,WAKEFIELD COUNCIL,23941985,96570,,91311809611
Department of Health,NHS Wakefield CCG,9/30/2018,Cont Care-Adult Learning Disab(<65),CHC ADULT FULLY FUNDED,WAKEFIELD COUNCIL,23930794,52356.59,,91311814147
Department of Health,NHS Wakefield CCG,9/30/2018,Cont Care-Learning Disab(<65),CHC ADULT JOINT FUNDED,WAKEFIELD COUNCIL,23905297,-31437.87,,92311816641
Department of Health,NHS Wakefield CCG,9/30/2018,Cont Care-Adult Learning Disab(<65),CHC ADULT FULLY FUNDED,WAKEFIELD COUNCIL,23905294,-33877.48,,92311816669
Department of Health,NHS Wakefield CCG,9/30/2018,Clinical&Medical-Commercial Sector,ACUTE COMMISSIONING,SPIRE HEALTHCARE LTD,23930702,62123,915970991,03RLDSPF181906
Department of Health,NHS Wakefield CCG,9/30/2018,Clinical&Medical-Commercial Sector,ACUTE COMMISSIONING,SPIRE HEALTHCARE LTD,24047565,-50347.14,915970991,03RLDSREC181904
Department of Health,NHS Wakefield CCG,9/30/2018,Clinical&Medical-Commercial Sector,ACUTE COMMISSIONING,SPIRE HEALTHCARE LTD,23867323,566325,915970991,03RMPKPF181906
Department of Health,NHS Wakefield CCG,9/30/2018,Clinical&Medical-Commercial Sector,ACUTE COMMISSIONING,SPIRE HEALTHCARE LTD,23867106,158088.23,915970991,03RMPKREC181902
Department of Health,NHS Wakefield CCG,9/30/2018,Clinical&Medical-Commercial Sector,ACUTE COMMISSIONING,SPIRE HEALTHCARE LTD,23930667,86627.02,915970991,03RMPKREC181903
Department of Health,NHS Wakefield CCG,9/30/2018,Clinical&Medical-Commercial Sector,ACUTE COMMISSIONING,SPIRE HEALTHCARE LTD,24047570,-55054.28,915970991,03RMPKREC181904
Department of Health,NHS Wakefield CCG,9/30/2018,Apprenticeship Levy Payable,BALANCE SHEET,HMRC,23901434,1882,,120PW005820301905
Department of Health,NHS Wakefield CCG,9/30/2018,Income tax <1Yr,BALANCE SHEET,HMRC,23901434,91141.86,,120PW005820301905
Department of Health,NHS Wakefield CCG,9/30/2018,Income tax <1Yr-Student Loans,BALANCE SHEET,HMRC,23901434,1879,,120PW005820301905
Department of Health,NHS Wakefield CCG,9/30/2018,National Insurance < 1 yr-NI- ERS,BALANCE SHEET,HMRC,23901434,66526.21,,120PW005820301905
Department of Health,NHS Wakefield CCG,9/30/2018,National Insurance < 1 yr-NI-EES,BALANCE SHEET,HMRC,23901434,49324.14,,120PW005820301905
Department of Health,NHS Wakefield CCG,9/30/2018,Statutory Mat Pay < 1 yr,BALANCE SHEET,HMRC,23901434,-1202.13,,120PW005820301905
Department of Health,NHS Wakefield CCG,9/30/2018,Cont Care-Mental Health (<65),CHC ADULT JOINT FUNDED,ST ANNES COMMUNITY SERVICES,24045697,30972.72,,INV38772
Department of Health,NHS Wakefield CCG,9/30/2018,Clinical&Medical-Voluntary Sector,ACUTE COMMISSIONING,MARIE STOPES INTERNATIONAL,23930785,31370.69,882426016,MS181809
Department of Health,NHS Wakefield CCG,9/30/2018,Cont Care-Funded Nursing Care Allow,FUNDED NURSING CARE,COUNTRYWIDE,23856062,29556,,QA00000518
Department of Health,NHS Wakefield CCG,9/30/2018,Cont Care-Funded Nursing Care Allow,FUNDED NURSING CARE,METHODIST HOMES,23856002,27248.77,755243136,QA00000524
Department of Health,NHS Wakefield CCG,9/30/2018,Cont Care-Funded Nursing Care Allow,FUNDED NURSING CARE,BUPA CARE HOMES,23856034,27293.94,239731641,QA00000529
Department of Health,NHS Wakefield CCG,9/30/2018,Clinical&Medical-Commercial Sector,ACUTE COMMISSIONING,NUFFIELD HEALTH,23941947,100714.58,564291137,SACLE2345
Department of Health,NHS Wakefield CCG,9/30/2018,Clinical&Medical-Commercial Sector,ACUTE COMMISSIONING,NUFFIELD HEALTH,24057102,100714.58,564291137,SACLE2373
Department of Health,NHS Wakefield CCG,9/30/2018,Clinical&Medical-Clinical Other,GP FORWARD VIEW,CONEXUS HEALTHCARE LTD,23791909,99712.03,284044407,SI100
Department of Health,NHS Wakefield CCG,9/30/2018,Clinical&Medical-Voluntary Sector,IMPROVING ACCESS TO PSYCHOLOGICAL THERAPIES,TURNING POINT (SERVICES) LTD,23883394,209989.38,447222460,SITPS00019479
Department of Health,NHS Wakefield CCG,9/30/2018,Clinical&Medical-Voluntary Sector,MENTAL HEALTH SERVICES - ADULTS,TURNING POINT (SERVICES) LTD,23883401,31637.7,447222460,SITPS00019508
Department of Health,NHS Wakefield CCG,9/30/2018,C&M-PMS Baseline Adjustment,PRC DELEGATED CO-COMMISSIONING,CASTLEFORD MEDICAL PRACTICE,23815049,1262.97,,WAK000013384
Department of Health,NHS Wakefield CCG,9/30/2018,C&M-PMS Contract Value,PRC DELEGATED CO-COMMISSIONING,CASTLEFORD MEDICAL PRACTICE,23815049,49906.43,,WAK000013384
Department of Health,NHS Wakefield CCG,9/30/2018,C&M-PMS DES Extended Hours Access,PRC DELEGATED CO-COMMISSIONING,CASTLEFORD MEDICAL PRACTICE,23815049,2795.85,,WAK000013384
Department of Health,NHS Wakefield CCG,9/30/2018,C&M-PMS DES Learn Dsblty Hlth Chk,PRC DELEGATED CO-COMMISSIONING,CASTLEFORD MEDICAL PRACTICE,23815049,420,,WAK000013384
Department of Health,NHS Wakefield CCG,9/30/2018,C&M-PMS Funding Differential Review,PRC DELEGATED CO-COMMISSIONING,CASTLEFORD MEDICAL PRACTICE,23815049,2036.77,,WAK000013384
Department of Health,NHS Wakefield CCG,9/30/2018,C&M-PMS List Size Adjustment,PRC DELEGATED CO-COMMISSIONING,CASTLEFORD MEDICAL PRACTICE,23815049,474.97,,WAK000013384
Department of Health,NHS Wakefield CCG,9/30/2018,C&M-PMS Out of Hours Opt Outs,PRC DELEGATED CO-COMMISSIONING,CASTLEFORD MEDICAL PRACTICE,23815049,20.76,,WAK000013384
Department of Health,NHS Wakefield CCG,9/30/2018,C&M-PMS Prem Healthcentre Rates,PRC DELEGATED CO-COMMISSIONING,CASTLEFORD MEDICAL PRACTICE,23815049,445.93,,WAK000013384
Department of Health,NHS Wakefield CCG,9/30/2018,C&M-PMS Prem Healthcentre Rent,PRC DELEGATED CO-COMMISSIONING,CASTLEFORD MEDICAL PRACTICE,23815049,3346.58,,WAK000013384
Department of Health,NHS Wakefield CCG,9/30/2018,C&M-PMS QOF Aspiration,PRC DELEGATED CO-COMMISSIONING,CASTLEFORD MEDICAL PRACTICE,23815049,5270.84,,WAK000013384
Department of Health,NHS Wakefield CCG,9/30/2018,C&M-PMS Baseline Adjustment,PRC DELEGATED CO-COMMISSIONING,DR C J HALL & PARTNERS,23815059,2085.31,,WAK000013386
Department of Health,NHS Wakefield CCG,9/30/2018,C&M-PMS Contract Value,PRC DELEGATED CO-COMMISSIONING,DR C J HALL & PARTNERS,23815059,82198.19,,WAK000013386
Department of Health,NHS Wakefield CCG,9/30/2018,C&M-PMS DES Extended Hours Access,PRC DELEGATED CO-COMMISSIONING,DR C J HALL & PARTNERS,23815059,4885.38,,WAK000013386
Department of Health,NHS Wakefield CCG,9/30/2018,C&M-PMS Funding Differential Review,PRC DELEGATED CO-COMMISSIONING,DR C J HALL & PARTNERS,23815059,3354.65,,WAK000013386
Department of Health,NHS Wakefield CCG,9/30/2018,C&M-PMS List Size Adjustment,PRC DELEGATED CO-COMMISSIONING,DR C J HALL & PARTNERS,23815059,2252.75,,WAK000013386
Department of Health,NHS Wakefield CCG,9/30/2018,C&M-PMS Out of Hours Opt Outs,PRC DELEGATED CO-COMMISSIONING,DR C J HALL & PARTNERS,23815059,144.79,,WAK000013386
Department of Health,NHS Wakefield CCG,9/30/2018,C&M-PMS PCO Seniority,PRC DELEGATED CO-COMMISSIONING,DR C J HALL & PARTNERS,23815059,4283.15,,WAK000013386
Department of Health,NHS Wakefield CCG,9/30/2018,C&M-PMS Prem Actual Rent,PRC DELEGATED CO-COMMISSIONING,DR C J HALL & PARTNERS,23815059,811.58,,WAK000013386
Department of Health,NHS Wakefield CCG,9/30/2018,C&M-PMS Prem Healthcentre Rates,PRC DELEGATED CO-COMMISSIONING,DR C J HALL & PARTNERS,23815059,693.5,,WAK000013386
Department of Health,NHS Wakefield CCG,9/30/2018,C&M-PMS Prem Healthcentre Rent,PRC DELEGATED CO-COMMISSIONING,DR C J HALL & PARTNERS,23815059,3959.68,,WAK000013386
Department of Health,NHS Wakefield CCG,9/30/2018,C&M-PMS Prem Notional Rent,PRC DELEGATED CO-COMMISSIONING,DR C J HALL & PARTNERS,23815059,2604.17,,WAK000013386
Department of Health,NHS Wakefield CCG,9/30/2018,C&M-PMS QOF Aspiration,PRC DELEGATED CO-COMMISSIONING,DR C J HALL & PARTNERS,23815059,7674.98,,WAK000013386
Department of Health,NHS Wakefield CCG,9/30/2018,C&M-PMS Baseline Adjustment,PRC DELEGATED CO-COMMISSIONING,DR C S JONES & PARTNERS,23815070,2416.44,,WAK000013388
Department of Health,NHS Wakefield CCG,9/30/2018,C&M-PMS Contract Value,PRC DELEGATED CO-COMMISSIONING,DR C S JONES & PARTNERS,23815070,95891.25,,WAK000013388
Department of Health,NHS Wakefield CCG,9/30/2018,C&M-PMS Funding Differential Review,PRC DELEGATED CO-COMMISSIONING,DR C S JONES & PARTNERS,23815070,3913.49,,WAK000013388
Department of Health,NHS Wakefield CCG,9/30/2018,C&M-PMS List Size Adjustment,PRC DELEGATED CO-COMMISSIONING,DR C S JONES & PARTNERS,23815070,1152.21,,WAK000013388
Department of Health,NHS Wakefield CCG,9/30/2018,C&M-PMS Out of Hours Opt Outs,PRC DELEGATED CO-COMMISSIONING,DR C S JONES & PARTNERS,23815070,19.49,,WAK000013388
Department of Health,NHS Wakefield CCG,9/30/2018,C&M-PMS PCO Seniority,PRC DELEGATED CO-COMMISSIONING,DR C S JONES & PARTNERS,23815070,2924.32,,WAK000013388
Department of Health,NHS Wakefield CCG,9/30/2018,C&M-PMS Prem Actual Rent,PRC DELEGATED CO-COMMISSIONING,DR C S JONES & PARTNERS,23815070,20400,,WAK000013388
Department of Health,NHS Wakefield CCG,9/30/2018,C&M-PMS QOF Aspiration,PRC DELEGATED CO-COMMISSIONING,DR C S JONES & PARTNERS,23815070,9683.26,,WAK000013388
Department of Health,NHS Wakefield CCG,9/30/2018,C&M-PMS Baseline Adjustment,PRC DELEGATED CO-COMMISSIONING,DR AM CARROLL & PARTNERS,23815084,2534.52,,WAK000013390
Department of Health,NHS Wakefield CCG,9/30/2018,C&M-PMS Contract Value,PRC DELEGATED CO-COMMISSIONING,DR AM CARROLL & PARTNERS,23815084,99882.02,,WAK000013390
Department of Health,NHS Wakefield CCG,9/30/2018,C&M-PMS DES Extended Hours Access,PRC DELEGATED CO-COMMISSIONING,DR AM CARROLL & PARTNERS,23815084,6286.15,,WAK000013390
Department of Health,NHS Wakefield CCG,9/30/2018,C&M-PMS Funding Differential Review,PRC DELEGATED CO-COMMISSIONING,DR AM CARROLL & PARTNERS,23815084,4076.36,,WAK000013390
Department of Health,NHS Wakefield CCG,9/30/2018,C&M-PMS List Size Adjustment,PRC DELEGATED CO-COMMISSIONING,DR AM CARROLL & PARTNERS,23815084,703.03,,WAK000013390
Department of Health,NHS Wakefield CCG,9/30/2018,C&M-PMS PCO Seniority,PRC DELEGATED CO-COMMISSIONING,DR AM CARROLL & PARTNERS,23815084,2367.73,,WAK000013390
Department of Health,NHS Wakefield CCG,9/30/2018,C&M-PMS Prem Actual Rent,PRC DELEGATED CO-COMMISSIONING,DR AM CARROLL & PARTNERS,23815084,15747.33,,WAK000013390
Department of Health,NHS Wakefield CCG,9/30/2018,C&M-PMS Prem Healthcentre Rates,PRC DELEGATED CO-COMMISSIONING,DR AM CARROLL & PARTNERS,23815084,182.42,,WAK000013390
Department of Health,NHS Wakefield CCG,9/30/2018,C&M-PMS Prem Healthcentre Rent,PRC DELEGATED CO-COMMISSIONING,DR AM CARROLL & PARTNERS,23815084,1250,,WAK000013390
Department of Health,NHS Wakefield CCG,9/30/2018,C&M-PMS QOF Aspiration,PRC DELEGATED CO-COMMISSIONING,DR AM CARROLL & PARTNERS,23815084,10031.86,,WAK000013390
Department of Health,NHS Wakefield CCG,9/30/2018,ME - PMS GP Prior Year ERs,PRC DELEGATED CO-COMMISSIONING,DR AM CARROLL & PARTNERS,23815084,12125,,WAK000013390
Department of Health,NHS Wakefield CCG,9/30/2018,ME-PMS GP Pension EEs Adjs - PMS,PRC DELEGATED CO-COMMISSIONING,DR AM CARROLL & PARTNERS,23815084,15081,,WAK000013390
Department of Health,NHS Wakefield CCG,9/30/2018,ME-PMS GP Pension ERs Adjs - PMS,PRC DELEGATED CO-COMMISSIONING,DR AM CARROLL & PARTNERS,23815084,8799,,WAK000013390
Department of Health,NHS Wakefield CCG,9/30/2018,ME-PMS GP Prior Year EEs,PRC DELEGATED CO-COMMISSIONING,DR AM CARROLL & PARTNERS,23815084,15003.19,,WAK000013390
Department of Health,NHS Wakefield CCG,9/30/2018,C&M-PMS Baseline Adjustment,PRC DELEGATED CO-COMMISSIONING,DRS DP DIGGLE & RE PHILLIPS,23815102,928.03,,WAK000013392
Department of Health,NHS Wakefield CCG,9/30/2018,C&M-PMS Contract Value,PRC DELEGATED CO-COMMISSIONING,DRS DP DIGGLE & RE PHILLIPS,23815102,36734.61,,WAK000013392
Department of Health,NHS Wakefield CCG,9/30/2018,C&M-PMS DES Extended Hours Access,PRC DELEGATED CO-COMMISSIONING,DRS DP DIGGLE & RE PHILLIPS,23815102,1985.98,,WAK000013392
Department of Health,NHS Wakefield CCG,9/30/2018,C&M-PMS DES Minor Surgery,PRC DELEGATED CO-COMMISSIONING,DRS DP DIGGLE & RE PHILLIPS,23815102,3526.74,,WAK000013392
Department of Health,NHS Wakefield CCG,9/30/2018,C&M-PMS Funding Differential Review,PRC DELEGATED CO-COMMISSIONING,DRS DP DIGGLE & RE PHILLIPS,23815102,1499.2,,WAK000013392
Department of Health,NHS Wakefield CCG,9/30/2018,C&M-PMS List Size Adjustment,PRC DELEGATED CO-COMMISSIONING,DRS DP DIGGLE & RE PHILLIPS,23815102,410.25,,WAK000013392
Department of Health,NHS Wakefield CCG,9/30/2018,C&M-PMS Out of Hours Opt Outs,PRC DELEGATED CO-COMMISSIONING,DRS DP DIGGLE & RE PHILLIPS,23815102,7.74,,WAK000013392
Department of Health,NHS Wakefield CCG,9/30/2018,C&M-PMS PCO Seniority,PRC DELEGATED CO-COMMISSIONING,DRS DP DIGGLE & RE PHILLIPS,23815102,3090.67,,WAK000013392
Department of Health,NHS Wakefield CCG,9/30/2018,C&M-PMS Prem Actual Rent,PRC DELEGATED CO-COMMISSIONING,DRS DP DIGGLE & RE PHILLIPS,23815102,13101.89,,WAK000013392
Department of Health,NHS Wakefield CCG,9/30/2018,C&M-PMS QOF Aspiration,PRC DELEGATED CO-COMMISSIONING,DRS DP DIGGLE & RE PHILLIPS,23815102,3591.93,,WAK000013392
Department of Health,NHS Wakefield CCG,9/30/2018,C&M-PMS Baseline Adjustment,PRC DELEGATED CO-COMMISSIONING,DR D W BROWN & PARTNERS,23815116,2798.14,,WAK000013394
Department of Health,NHS Wakefield CCG,9/30/2018,C&M-PMS Contract Value,PRC DELEGATED CO-COMMISSIONING,DR D W BROWN & PARTNERS,23815116,110872.62,,WAK000013394
Department of Health,NHS Wakefield CCG,9/30/2018,C&M-PMS DES Extended Hours Access,PRC DELEGATED CO-COMMISSIONING,DR D W BROWN & PARTNERS,23815116,6938.33,,WAK000013394
Department of Health,NHS Wakefield CCG,9/30/2018,C&M-PMS Funding Differential Review,PRC DELEGATED CO-COMMISSIONING,DR D W BROWN & PARTNERS,23815116,4524.9,,WAK000013394
Department of Health,NHS Wakefield CCG,9/30/2018,C&M-PMS List Size Adjustment,PRC DELEGATED CO-COMMISSIONING,DR D W BROWN & PARTNERS,23815116,1268.96,,WAK000013394
Department of Health,NHS Wakefield CCG,9/30/2018,C&M-PMS Out of Hours Opt Outs,PRC DELEGATED CO-COMMISSIONING,DR D W BROWN & PARTNERS,23815116,39.76,,WAK000013394
Department of Health,NHS Wakefield CCG,9/30/2018,C&M-PMS PCO Locum Adop/Pat/Mat,PRC DELEGATED CO-COMMISSIONING,DR D W BROWN & PARTNERS,23815116,7356.38,,WAK000013394
Department of Health,NHS Wakefield CCG,9/30/2018,C&M-PMS PCO Seniority,PRC DELEGATED CO-COMMISSIONING,DR D W BROWN & PARTNERS,23815116,2776.36,,WAK000013394
Department of Health,NHS Wakefield CCG,9/30/2018,C&M-PMS Prem Notional Rent,PRC DELEGATED CO-COMMISSIONING,DR D W BROWN & PARTNERS,23815116,21666.67,,WAK000013394
Department of Health,NHS Wakefield CCG,9/30/2018,C&M-PMS QOF Aspiration,PRC DELEGATED CO-COMMISSIONING,DR D W BROWN & PARTNERS,23815116,10358.5,,WAK000013394
Department of Health,NHS Wakefield CCG,9/30/2018,C&M-PMS Baseline Adjustment,PRC DELEGATED CO-COMMISSIONING,DR DEWHIRST P,23815131,517.28,,WAK000013396
Department of Health,NHS Wakefield CCG,9/30/2018,C&M-PMS Contract Value,PRC DELEGATED CO-COMMISSIONING,DR DEWHIRST P,23815131,20398.2,,WAK000013396
Department of Health,NHS Wakefield CCG,9/30/2018,C&M-PMS Funding Differential Review,PRC DELEGATED CO-COMMISSIONING,DR DEWHIRST P,23815131,832.49,,WAK000013396
Department of Health,NHS Wakefield CCG,9/30/2018,C&M-PMS List Size Adjustment,PRC DELEGATED CO-COMMISSIONING,DR DEWHIRST P,23815131,1756.85,,WAK000013396
Department of Health,NHS Wakefield CCG,9/30/2018,C&M-PMS Out of Hours Opt Outs,PRC DELEGATED CO-COMMISSIONING,DR DEWHIRST P,23815131,25.82,,WAK000013396
Department of Health,NHS Wakefield CCG,9/30/2018,C&M-PMS Prem Actual Rent,PRC DELEGATED CO-COMMISSIONING,DR DEWHIRST P,23815131,4897.5,,WAK000013396
Department of Health,NHS Wakefield CCG,9/30/2018,C&M-PMS QOF Achievement,PRC DELEGATED CO-COMMISSIONING,DR DEWHIRST P,23815131,8087.1,,WAK000013396
Department of Health,NHS Wakefield CCG,9/30/2018,C&M-PMS QOF Aspiration,PRC DELEGATED CO-COMMISSIONING,DR DEWHIRST P,23815131,2110.81,,WAK000013396
Department of Health,NHS Wakefield CCG,9/30/2018,C&M-PMS Baseline Adjustment,PRC DELEGATED CO-COMMISSIONING,DR D B WATSON & PARTNERS,23815140,2741.05,,WAK000013398
Department of Health,NHS Wakefield CCG,9/30/2018,C&M-PMS Contract Value,PRC DELEGATED CO-COMMISSIONING,DR D B WATSON & PARTNERS,23815140,108028.44,,WAK000013398
Department of Health,NHS Wakefield CCG,9/30/2018,C&M-PMS DES Extended Hours Access,PRC DELEGATED CO-COMMISSIONING,DR D B WATSON & PARTNERS,23815140,6266.68,,WAK000013398
Department of Health,NHS Wakefield CCG,9/30/2018,C&M-PMS Funding Differential Review,PRC DELEGATED CO-COMMISSIONING,DR D B WATSON & PARTNERS,23815140,4408.82,,WAK000013398
Department of Health,NHS Wakefield CCG,9/30/2018,C&M-PMS List Size Adjustment,PRC DELEGATED CO-COMMISSIONING,DR D B WATSON & PARTNERS,23815140,1509.34,,WAK000013398
Department of Health,NHS Wakefield CCG,9/30/2018,C&M-PMS Out of Hours Opt Outs,PRC DELEGATED CO-COMMISSIONING,DR D B WATSON & PARTNERS,23815140,11.77,,WAK000013398
Department of Health,NHS Wakefield CCG,9/30/2018,C&M-PMS PCO Seniority,PRC DELEGATED CO-COMMISSIONING,DR D B WATSON & PARTNERS,23815140,3353.35,,WAK000013398
Department of Health,NHS Wakefield CCG,9/30/2018,C&M-PMS Prem Clinical Waste,PRC DELEGATED CO-COMMISSIONING,DR D B WATSON & PARTNERS,23815140,665.08,,WAK000013398
Department of Health,NHS Wakefield CCG,9/30/2018,C&M-PMS Prem Notional Rent,PRC DELEGATED CO-COMMISSIONING,DR D B WATSON & PARTNERS,23815140,14750,,WAK000013398
Department of Health,NHS Wakefield CCG,9/30/2018,C&M-PMS QOF Aspiration,PRC DELEGATED CO-COMMISSIONING,DR D B WATSON & PARTNERS,23815140,10893.73,,WAK000013398
Department of Health,NHS Wakefield CCG,9/30/2018,ME-PMS GP Pension ERs Adjs - PMS,PRC DELEGATED CO-COMMISSIONING,DR D B WATSON & PARTNERS,23815140,1485.78,,WAK000013398
Department of Health,NHS Wakefield CCG,9/30/2018,C&M-PMS Baseline Adjustment,PRC DELEGATED CO-COMMISSIONING,DR HANNEY I P G & PARTNERS,23842038,2068.28,,WAK000013400
Department of Health,NHS Wakefield CCG,9/30/2018,C&M-PMS Contract Value,PRC DELEGATED CO-COMMISSIONING,DR HANNEY I P G & PARTNERS,23842038,81882.48,,WAK000013400
Department of Health,NHS Wakefield CCG,9/30/2018,C&M-PMS DES Extended Hours Access,PRC DELEGATED CO-COMMISSIONING,DR HANNEY I P G & PARTNERS,23842038,4569.98,,WAK000013400
Department of Health,NHS Wakefield CCG,9/30/2018,C&M-PMS DES Learn Dsblty Hlth Chk,PRC DELEGATED CO-COMMISSIONING,DR HANNEY I P G & PARTNERS,23842038,840,,WAK000013400
Department of Health,NHS Wakefield CCG,9/30/2018,C&M-PMS Funding Differential Review,PRC DELEGATED CO-COMMISSIONING,DR HANNEY I P G & PARTNERS,23842038,3341.76,,WAK000013400
Department of Health,NHS Wakefield CCG,9/30/2018,C&M-PMS List Size Adjustment,PRC DELEGATED CO-COMMISSIONING,DR HANNEY I P G & PARTNERS,23842038,875.06,,WAK000013400
Department of Health,NHS Wakefield CCG,9/30/2018,C&M-PMS Out of Hours Opt Outs,PRC DELEGATED CO-COMMISSIONING,DR HANNEY I P G & PARTNERS,23842038,17.28,,WAK000013400
Department of Health,NHS Wakefield CCG,9/30/2018,C&M-PMS PCO Seniority,PRC DELEGATED CO-COMMISSIONING,DR HANNEY I P G & PARTNERS,23842038,3339.47,,WAK000013400
Department of Health,NHS Wakefield CCG,9/30/2018,C&M-PMS Prem Notional Rent,PRC DELEGATED CO-COMMISSIONING,DR HANNEY I P G & PARTNERS,23842038,15958.33,,WAK000013400
Department of Health,NHS Wakefield CCG,9/30/2018,C&M-PMS Prem Water Rates,PRC DELEGATED CO-COMMISSIONING,DR HANNEY I P G & PARTNERS,23842038,3491.86,,WAK000013400
Department of Health,NHS Wakefield CCG,9/30/2018,C&M-PMS QOF Aspiration,PRC DELEGATED CO-COMMISSIONING,DR HANNEY I P G & PARTNERS,23842038,7221.39,,WAK000013400
Department of Health,NHS Wakefield CCG,9/30/2018,C&M-PMS Baseline Adjustment,PRC DELEGATED CO-COMMISSIONING,DR GODRIDGE AC & PARTNERS,23815167,989.78,,WAK000013404
Department of Health,NHS Wakefield CCG,9/30/2018,C&M-PMS Contract Value,PRC DELEGATED CO-COMMISSIONING,DR GODRIDGE AC & PARTNERS,23815167,38945.23,,WAK000013404
Department of Health,NHS Wakefield CCG,9/30/2018,C&M-PMS Funding Differential Review,PRC DELEGATED CO-COMMISSIONING,DR GODRIDGE AC & PARTNERS,23815167,1589.42,,WAK000013404
Department of Health,NHS Wakefield CCG,9/30/2018,C&M-PMS List Size Adjustment,PRC DELEGATED CO-COMMISSIONING,DR GODRIDGE AC & PARTNERS,23815167,12.46,,WAK000013404
Department of Health,NHS Wakefield CCG,9/30/2018,C&M-PMS Out of Hours Opt Outs,PRC DELEGATED CO-COMMISSIONING,DR GODRIDGE AC & PARTNERS,23815167,0.87,,WAK000013404
Department of Health,NHS Wakefield CCG,9/30/2018,C&M-PMS PCO Seniority,PRC DELEGATED CO-COMMISSIONING,DR GODRIDGE AC & PARTNERS,23815167,1464.97,,WAK000013404
Department of Health,NHS Wakefield CCG,9/30/2018,C&M-PMS Prem Actual Rent,PRC DELEGATED CO-COMMISSIONING,DR GODRIDGE AC & PARTNERS,23815167,17665,,WAK000013404
Department of Health,NHS Wakefield CCG,9/30/2018,C&M-PMS QOF Aspiration,PRC DELEGATED CO-COMMISSIONING,DR GODRIDGE AC & PARTNERS,23815167,3964.87,,WAK000013404
Department of Health,NHS Wakefield CCG,9/30/2018,C&M-PMS Baseline Adjustment,PRC DELEGATED CO-COMMISSIONING,DR J L SCHINDLER & PARTNERS,23815177,2517.72,,WAK000013406
Department of Health,NHS Wakefield CCG,9/30/2018,C&M-PMS Contract Value,PRC DELEGATED CO-COMMISSIONING,DR J L SCHINDLER & PARTNERS,23815177,99966.92,,WAK000013406
Department of Health,NHS Wakefield CCG,9/30/2018,C&M-PMS DES Extended Hours Access,PRC DELEGATED CO-COMMISSIONING,DR J L SCHINDLER & PARTNERS,23815177,6194.48,,WAK000013406
Department of Health,NHS Wakefield CCG,9/30/2018,C&M-PMS DES Learn Dsblty Hlth Chk,PRC DELEGATED CO-COMMISSIONING,DR J L SCHINDLER & PARTNERS,23815177,700,,WAK000013406
Department of Health,NHS Wakefield CCG,9/30/2018,C&M-PMS Funding Differential Review,PRC DELEGATED CO-COMMISSIONING,DR J L SCHINDLER & PARTNERS,23815177,4079.82,,WAK000013406
Department of Health,NHS Wakefield CCG,9/30/2018,C&M-PMS List Size Adjustment,PRC DELEGATED CO-COMMISSIONING,DR J L SCHINDLER & PARTNERS,23815177,2054.36,,WAK000013406
Department of Health,NHS Wakefield CCG,9/30/2018,C&M-PMS Out of Hours Opt Outs,PRC DELEGATED CO-COMMISSIONING,DR J L SCHINDLER & PARTNERS,23815177,50.53,,WAK000013406
Department of Health,NHS Wakefield CCG,9/30/2018,C&M-PMS PCO Doctors Ret Scheme,PRC DELEGATED CO-COMMISSIONING,DR J L SCHINDLER & PARTNERS,23815177,856.38,,WAK000013406
Department of Health,NHS Wakefield CCG,9/30/2018,C&M-PMS PCO Seniority,PRC DELEGATED CO-COMMISSIONING,DR J L SCHINDLER & PARTNERS,23815177,3933.45,,WAK000013406
Department of Health,NHS Wakefield CCG,9/30/2018,C&M-PMS Prem Actual Rent,PRC DELEGATED CO-COMMISSIONING,DR J L SCHINDLER & PARTNERS,23815177,21264.79,,WAK000013406
Department of Health,NHS Wakefield CCG,9/30/2018,C&M-PMS QOF Aspiration,PRC DELEGATED CO-COMMISSIONING,DR J L SCHINDLER & PARTNERS,23815177,10063.67,,WAK000013406
Department of Health,NHS Wakefield CCG,9/30/2018,C&M-PMS Baseline Adjustment,PRC DELEGATED CO-COMMISSIONING,DR KAMAL L R M & PARTNERS,23815191,3543.16,,WAK000013408
Department of Health,NHS Wakefield CCG,9/30/2018,C&M-PMS Contract Value,PRC DELEGATED CO-COMMISSIONING,DR KAMAL L R M & PARTNERS,23815191,139628.2,,WAK000013408
Department of Health,NHS Wakefield CCG,9/30/2018,C&M-PMS DES Extended Hours Access,PRC DELEGATED CO-COMMISSIONING,DR KAMAL L R M & PARTNERS,23815191,7092.23,,WAK000013408
Department of Health,NHS Wakefield CCG,9/30/2018,C&M-PMS Funding Differential Review,PRC DELEGATED CO-COMMISSIONING,DR KAMAL L R M & PARTNERS,23815191,5698.46,,WAK000013408
Department of Health,NHS Wakefield CCG,9/30/2018,C&M-PMS List Size Adjustment,PRC DELEGATED CO-COMMISSIONING,DR KAMAL L R M & PARTNERS,23815191,589.24,,WAK000013408
Department of Health,NHS Wakefield CCG,9/30/2018,C&M-PMS PCO Seniority,PRC DELEGATED CO-COMMISSIONING,DR KAMAL L R M & PARTNERS,23815191,3266.41,,WAK000013408
Department of Health,NHS Wakefield CCG,9/30/2018,C&M-PMS Prem Notional Rent,PRC DELEGATED CO-COMMISSIONING,DR KAMAL L R M & PARTNERS,23815191,25694.58,,WAK000013408
Department of Health,NHS Wakefield CCG,9/30/2018,C&M-PMS QOF Aspiration,PRC DELEGATED CO-COMMISSIONING,DR KAMAL L R M & PARTNERS,23815191,12559.23,,WAK000013408
Department of Health,NHS Wakefield CCG,9/30/2018,C&M-PMS Baseline Adjustment,PRC DELEGATED CO-COMMISSIONING,DR MCALINDON & PARTNERS,23815202,1743.52,,WAK000013410
Department of Health,NHS Wakefield CCG,9/30/2018,C&M-PMS Contract Value,PRC DELEGATED CO-COMMISSIONING,DR MCALINDON & PARTNERS,23815202,68401.27,,WAK000013410
Department of Health,NHS Wakefield CCG,9/30/2018,C&M-PMS Funding Differential Review,PRC DELEGATED CO-COMMISSIONING,DR MCALINDON & PARTNERS,23815202,2791.57,,WAK000013410
Department of Health,NHS Wakefield CCG,9/30/2018,C&M-PMS List Size Adjustment,PRC DELEGATED CO-COMMISSIONING,DR MCALINDON & PARTNERS,23815202,67.88,,WAK000013410
Department of Health,NHS Wakefield CCG,9/30/2018,C&M-PMS Out of Hours Opt Outs,PRC DELEGATED CO-COMMISSIONING,DR MCALINDON & PARTNERS,23815202,16.16,,WAK000013410
Department of Health,NHS Wakefield CCG,9/30/2018,C&M-PMS PCO Seniority,PRC DELEGATED CO-COMMISSIONING,DR MCALINDON & PARTNERS,23815202,340.58,,WAK000013410
Department of Health,NHS Wakefield CCG,9/30/2018,C&M-PMS Prem Actual Rent,PRC DELEGATED CO-COMMISSIONING,DR MCALINDON & PARTNERS,23815202,14375,,WAK000013410
Department of Health,NHS Wakefield CCG,9/30/2018,C&M-PMS QOF Aspiration,PRC DELEGATED CO-COMMISSIONING,DR MCALINDON & PARTNERS,23815202,5692.97,,WAK000013410
Department of Health,NHS Wakefield CCG,9/30/2018,C&M-PMS Baseline Adjustment,PRC DELEGATED CO-COMMISSIONING,DR L A NEWLAND & PARTNERS,23815215,2692.38,,WAK000013412
Department of Health,NHS Wakefield CCG,9/30/2018,C&M-PMS Contract Value,PRC DELEGATED CO-COMMISSIONING,DR L A NEWLAND & PARTNERS,23815215,105405.66,,WAK000013412
Department of Health,NHS Wakefield CCG,9/30/2018,C&M-PMS DES Extended Hours Access,PRC DELEGATED CO-COMMISSIONING,DR L A NEWLAND & PARTNERS,23815215,5795,,WAK000013412
Department of Health,NHS Wakefield CCG,9/30/2018,C&M-PMS DES Learn Dsblty Hlth Chk,PRC DELEGATED CO-COMMISSIONING,DR L A NEWLAND & PARTNERS,23815215,980,,WAK000013412
Department of Health,NHS Wakefield CCG,9/30/2018,C&M-PMS Funding Differential Review,PRC DELEGATED CO-COMMISSIONING,DR L A NEWLAND & PARTNERS,23815215,4301.78,,WAK000013412
Department of Health,NHS Wakefield CCG,9/30/2018,C&M-PMS List Size Adjustment,PRC DELEGATED CO-COMMISSIONING,DR L A NEWLAND & PARTNERS,23815215,449.37,,WAK000013412
Department of Health,NHS Wakefield CCG,9/30/2018,C&M-PMS Out of Hours Opt Outs,PRC DELEGATED CO-COMMISSIONING,DR L A NEWLAND & PARTNERS,23815215,106.98,,WAK000013412
Department of Health,NHS Wakefield CCG,9/30/2018,C&M-PMS PCO Seniority,PRC DELEGATED CO-COMMISSIONING,DR L A NEWLAND & PARTNERS,23815215,3394.25,,WAK000013412
Department of Health,NHS Wakefield CCG,9/30/2018,C&M-PMS Prem Actual Rent,PRC DELEGATED CO-COMMISSIONING,DR L A NEWLAND & PARTNERS,23815215,28510,,WAK000013412
Department of Health,NHS Wakefield CCG,9/30/2018,C&M-PMS Prem Notional Rent,PRC DELEGATED CO-COMMISSIONING,DR L A NEWLAND & PARTNERS,23815215,1033.33,,WAK000013412
Department of Health,NHS Wakefield CCG,9/30/2018,C&M-PMS QOF Aspiration,PRC DELEGATED CO-COMMISSIONING,DR L A NEWLAND & PARTNERS,23815215,9643.76,,WAK000013412
Department of Health,NHS Wakefield CCG,9/30/2018,C&M-PMS GP Statutory Levy,PRC DELEGATED CO-COMMISSIONING,DR O A IRELEWUYI & PARTNERS,23815223,-278.52,,WAK000013413
Department of Health,NHS Wakefield CCG,9/30/2018,C&M-PMS List Size Adjustment,PRC DELEGATED CO-COMMISSIONING,DR O A IRELEWUYI & PARTNERS,23815223,-65.8,,WAK000013413
Department of Health,NHS Wakefield CCG,9/30/2018,C&M-PMS Out of Hours Opt Outs,PRC DELEGATED CO-COMMISSIONING,DR O A IRELEWUYI & PARTNERS,23815223,-15.67,,WAK000013413
Department of Health,NHS Wakefield CCG,9/30/2018,C&M-PMS Prem Cost Rent,PRC DELEGATED CO-COMMISSIONING,DR O A IRELEWUYI & PARTNERS,23815223,-118560,,WAK000013413
Department of Health,NHS Wakefield CCG,9/30/2018,C&M-PMS Voluntary Levy,PRC DELEGATED CO-COMMISSIONING,DR O A IRELEWUYI & PARTNERS,23815223,-41.15,,WAK000013413
Department of Health,NHS Wakefield CCG,9/30/2018,ME-PMS GP Pension EEs-PMS,PRC DELEGATED CO-COMMISSIONING,DR O A IRELEWUYI & PARTNERS,23815223,-3232.5,,WAK000013413
Department of Health,NHS Wakefield CCG,9/30/2018,ME-PMS GP Pension ERs Adjs - PMS,PRC DELEGATED CO-COMMISSIONING,DR O A IRELEWUYI & PARTNERS,23815223,-3379.3,,WAK000013413
Department of Health,NHS Wakefield CCG,9/30/2018,C&M-PMS Baseline Adjustment,PRC DELEGATED CO-COMMISSIONING,DR O A IRELEWUYI & PARTNERS,23842039,1361.46,,WAK000013414
Department of Health,NHS Wakefield CCG,9/30/2018,C&M-PMS Contract Value,PRC DELEGATED CO-COMMISSIONING,DR O A IRELEWUYI & PARTNERS,23842039,54407.56,,WAK000013414
Department of Health,NHS Wakefield CCG,9/30/2018,C&M-PMS Funding Differential Review,PRC DELEGATED CO-COMMISSIONING,DR O A IRELEWUYI & PARTNERS,23842039,2220.47,,WAK000013414
Department of Health,NHS Wakefield CCG,9/30/2018,C&M-PMS List Size Adjustment,PRC DELEGATED CO-COMMISSIONING,DR O A IRELEWUYI & PARTNERS,23842039,1057.19,,WAK000013414
Department of Health,NHS Wakefield CCG,9/30/2018,C&M-PMS Out of Hours Opt Outs,PRC DELEGATED CO-COMMISSIONING,DR O A IRELEWUYI & PARTNERS,23842039,31.42,,WAK000013414
Department of Health,NHS Wakefield CCG,9/30/2018,C&M-PMS PCO Seniority,PRC DELEGATED CO-COMMISSIONING,DR O A IRELEWUYI & PARTNERS,23842039,956.57,,WAK000013414
Department of Health,NHS Wakefield CCG,9/30/2018,C&M-PMS Prem Actual Rent,PRC DELEGATED CO-COMMISSIONING,DR O A IRELEWUYI & PARTNERS,23842039,118560,,WAK000013414
Department of Health,NHS Wakefield CCG,9/30/2018,C&M-PMS Prem Cost Rent,PRC DELEGATED CO-COMMISSIONING,DR O A IRELEWUYI & PARTNERS,23842039,19760,,WAK000013414
Department of Health,NHS Wakefield CCG,9/30/2018,C&M-PMS QOF Aspiration,PRC DELEGATED CO-COMMISSIONING,DR O A IRELEWUYI & PARTNERS,23842039,5422.77,,WAK000013414
Department of Health,NHS Wakefield CCG,9/30/2018,C&M-PMS Baseline Adjustment,PRC DELEGATED CO-COMMISSIONING,DR OCONNELL P F & PARTNERS,23815238,1981.73,,WAK000013416
Department of Health,NHS Wakefield CCG,9/30/2018,C&M-PMS Contract Value,PRC DELEGATED CO-COMMISSIONING,DR OCONNELL P F & PARTNERS,23815238,78847.91,,WAK000013416
Department of Health,NHS Wakefield CCG,9/30/2018,C&M-PMS DES Extended Hours Access,PRC DELEGATED CO-COMMISSIONING,DR OCONNELL P F & PARTNERS,23815238,4719.13,,WAK000013416
Department of Health,NHS Wakefield CCG,9/30/2018,C&M-PMS DES Learn Dsblty Hlth Chk,PRC DELEGATED CO-COMMISSIONING,DR OCONNELL P F & PARTNERS,23815238,1260,,WAK000013416
Department of Health,NHS Wakefield CCG,9/30/2018,C&M-PMS Funding Differential Review,PRC DELEGATED CO-COMMISSIONING,DR OCONNELL P F & PARTNERS,23815238,3217.92,,WAK000013416
Department of Health,NHS Wakefield CCG,9/30/2018,C&M-PMS List Size Adjustment,PRC DELEGATED CO-COMMISSIONING,DR OCONNELL P F & PARTNERS,23815238,1196.42,,WAK000013416
Department of Health,NHS Wakefield CCG,9/30/2018,C&M-PMS Out of Hours Opt Outs,PRC DELEGATED CO-COMMISSIONING,DR OCONNELL P F & PARTNERS,23815238,30.51,,WAK000013416
Department of Health,NHS Wakefield CCG,9/30/2018,C&M-PMS PCO Seniority,PRC DELEGATED CO-COMMISSIONING,DR OCONNELL P F & PARTNERS,23815238,3037.48,,WAK000013416
Department of Health,NHS Wakefield CCG,9/30/2018,C&M-PMS Prem Actual Rent,PRC DELEGATED CO-COMMISSIONING,DR OCONNELL P F & PARTNERS,23815238,12783.33,,WAK000013416
Department of Health,NHS Wakefield CCG,9/30/2018,C&M-PMS Prem Clinical Waste,PRC DELEGATED CO-COMMISSIONING,DR OCONNELL P F & PARTNERS,23815238,2840.32,,WAK000013416
Department of Health,NHS Wakefield CCG,9/30/2018,C&M-PMS QOF Aspiration,PRC DELEGATED CO-COMMISSIONING,DR OCONNELL P F & PARTNERS,23815238,7355.35,,WAK000013416
Department of Health,NHS Wakefield CCG,9/30/2018,C&M-PMS Baseline Adjustment,PRC DELEGATED CO-COMMISSIONING,DR S E CARPENTER & PARTNERS,23815255,2818.62,,WAK000013418
Department of Health,NHS Wakefield CCG,9/30/2018,C&M-PMS Contract Value,PRC DELEGATED CO-COMMISSIONING,DR S E CARPENTER & PARTNERS,23815255,111543.24,,WAK000013418
Department of Health,NHS Wakefield CCG,9/30/2018,C&M-PMS DES Extended Hours Access,PRC DELEGATED CO-COMMISSIONING,DR S E CARPENTER & PARTNERS,23815255,6692.28,,WAK000013418
Department of Health,NHS Wakefield CCG,9/30/2018,C&M-PMS DES Learn Dsblty Hlth Chk,PRC DELEGATED CO-COMMISSIONING,DR S E CARPENTER & PARTNERS,23815255,980,,WAK000013418
Department of Health,NHS Wakefield CCG,9/30/2018,C&M-PMS DES Violent Patients,PRC DELEGATED CO-COMMISSIONING,DR S E CARPENTER & PARTNERS,23815255,7283.78,,WAK000013418
Department of Health,NHS Wakefield CCG,9/30/2018,C&M-PMS Funding Differential Review,PRC DELEGATED CO-COMMISSIONING,DR S E CARPENTER & PARTNERS,23815255,4552.27,,WAK000013418
Department of Health,NHS Wakefield CCG,9/30/2018,C&M-PMS List Size Adjustment,PRC DELEGATED CO-COMMISSIONING,DR S E CARPENTER & PARTNERS,23815255,113.34,,WAK000013418
Department of Health,NHS Wakefield CCG,9/30/2018,C&M-PMS Out of Hours Opt Outs,PRC DELEGATED CO-COMMISSIONING,DR S E CARPENTER & PARTNERS,23815255,26.98,,WAK000013418
Department of Health,NHS Wakefield CCG,9/30/2018,C&M-PMS PCO Seniority,PRC DELEGATED CO-COMMISSIONING,DR S E CARPENTER & PARTNERS,23815255,4239.44,,WAK000013418
Department of Health,NHS Wakefield CCG,9/30/2018,C&M-PMS Prem Cost Rent,PRC DELEGATED CO-COMMISSIONING,DR S E CARPENTER & PARTNERS,23815255,19742.11,,WAK000013418
Department of Health,NHS Wakefield CCG,9/30/2018,C&M-PMS QOF Aspiration,PRC DELEGATED CO-COMMISSIONING,DR S E CARPENTER & PARTNERS,23815255,11450.49,,WAK000013418
Department of Health,NHS Wakefield CCG,9/30/2018,ME-PMS GP Pension EEs Adjs - PMS,PRC DELEGATED CO-COMMISSIONING,DR S E CARPENTER & PARTNERS,23815255,2694.86,,WAK000013418
Department of Health,NHS Wakefield CCG,9/30/2018,ME-PMS GP Pension ERs Adjs - PMS,PRC DELEGATED CO-COMMISSIONING,DR S E CARPENTER & PARTNERS,23815255,3100.16,,WAK000013418
Department of Health,NHS Wakefield CCG,9/30/2018,C&M-PMS Baseline Adjustment,PRC DELEGATED CO-COMMISSIONING,DR R G S QUARTLEY & PARTNERS,23815267,4891.57,,WAK000013420
Department of Health,NHS Wakefield CCG,9/30/2018,C&M-PMS Contract Value,PRC DELEGATED CO-COMMISSIONING,DR R G S QUARTLEY & PARTNERS,23815267,193210.85,,WAK000013420
Department of Health,NHS Wakefield CCG,9/30/2018,C&M-PMS DES Extended Hours Access,PRC DELEGATED CO-COMMISSIONING,DR R G S QUARTLEY & PARTNERS,23815267,10621,,WAK000013420
Department of Health,NHS Wakefield CCG,9/30/2018,C&M-PMS DES Learn Dsblty Hlth Chk,PRC DELEGATED CO-COMMISSIONING,DR R G S QUARTLEY & PARTNERS,23815267,9100,,WAK000013420
Department of Health,NHS Wakefield CCG,9/30/2018,C&M-PMS Funding Differential Review,PRC DELEGATED CO-COMMISSIONING,DR R G S QUARTLEY & PARTNERS,23815267,7885.26,,WAK000013420
Department of Health,NHS Wakefield CCG,9/30/2018,C&M-PMS List Size Adjustment,PRC DELEGATED CO-COMMISSIONING,DR R G S QUARTLEY & PARTNERS,23815267,2030.08,,WAK000013420
Department of Health,NHS Wakefield CCG,9/30/2018,C&M-PMS Out of Hours Opt Outs,PRC DELEGATED CO-COMMISSIONING,DR R G S QUARTLEY & PARTNERS,23815267,32.16,,WAK000013420
Department of Health,NHS Wakefield CCG,9/30/2018,C&M-PMS PCO Seniority,PRC DELEGATED CO-COMMISSIONING,DR R G S QUARTLEY & PARTNERS,23815267,5072.8,,WAK000013420
Department of Health,NHS Wakefield CCG,9/30/2018,C&M-PMS Prem Actual Rent,PRC DELEGATED CO-COMMISSIONING,DR R G S QUARTLEY & PARTNERS,23815267,19583.33,,WAK000013420
Department of Health,NHS Wakefield CCG,9/30/2018,C&M-PMS Prem Cost Rent,PRC DELEGATED CO-COMMISSIONING,DR R G S QUARTLEY & PARTNERS,23815267,7150,,WAK000013420
Department of Health,NHS Wakefield CCG,9/30/2018,C&M-PMS Prem Notional Rent,PRC DELEGATED CO-COMMISSIONING,DR R G S QUARTLEY & PARTNERS,23815267,15177.92,,WAK000013420
Department of Health,NHS Wakefield CCG,9/30/2018,C&M-PMS Prem Rates,PRC DELEGATED CO-COMMISSIONING,DR R G S QUARTLEY & PARTNERS,23815267,22689.06,,WAK000013420
Department of Health,NHS Wakefield CCG,9/30/2018,C&M-PMS Prem Water Rates,PRC DELEGATED CO-COMMISSIONING,DR R G S QUARTLEY & PARTNERS,23815267,3245.1,,WAK000013420
Department of Health,NHS Wakefield CCG,9/30/2018,C&M-PMS QOF Aspiration,PRC DELEGATED CO-COMMISSIONING,DR R G S QUARTLEY & PARTNERS,23815267,19407.02,,WAK000013420
Department of Health,NHS Wakefield CCG,9/30/2018,C&M-PMS Baseline Adjustment,PRC DELEGATED CO-COMMISSIONING,DR T GAIR & PARTNERS,23815281,1550.68,,WAK000013422
Department of Health,NHS Wakefield CCG,9/30/2018,C&M-PMS Contract Value,PRC DELEGATED CO-COMMISSIONING,DR T GAIR & PARTNERS,23815281,61408.57,,WAK000013422
Department of Health,NHS Wakefield CCG,9/30/2018,C&M-PMS DES Extended Hours Access,PRC DELEGATED CO-COMMISSIONING,DR T GAIR & PARTNERS,23815281,3916.85,,WAK000013422
Department of Health,NHS Wakefield CCG,9/30/2018,C&M-PMS Funding Differential Review,PRC DELEGATED CO-COMMISSIONING,DR T GAIR & PARTNERS,23815281,2506.19,,WAK000013422
Department of Health,NHS Wakefield CCG,9/30/2018,C&M-PMS List Size Adjustment,PRC DELEGATED CO-COMMISSIONING,DR T GAIR & PARTNERS,23815281,18337.68,,WAK000013422
Department of Health,NHS Wakefield CCG,9/30/2018,C&M-PMS Out of Hours Opt Outs,PRC DELEGATED CO-COMMISSIONING,DR T GAIR & PARTNERS,23815281,14.86,,WAK000013422
Department of Health,NHS Wakefield CCG,9/30/2018,C&M-PMS PCO Seniority,PRC DELEGATED CO-COMMISSIONING,DR T GAIR & PARTNERS,23815281,1609.88,,WAK000013422
Department of Health,NHS Wakefield CCG,9/30/2018,C&M-PMS Prem Actual Rent,PRC DELEGATED CO-COMMISSIONING,DR T GAIR & PARTNERS,23815281,13821.5,,WAK000013422
Department of Health,NHS Wakefield CCG,9/30/2018,C&M-PMS Prem Notional Rent,PRC DELEGATED CO-COMMISSIONING,DR T GAIR & PARTNERS,23815281,1025,,WAK000013422
Department of Health,NHS Wakefield CCG,9/30/2018,C&M-PMS QOF Aspiration,PRC DELEGATED CO-COMMISSIONING,DR T GAIR & PARTNERS,23815281,5917.79,,WAK000013422
Department of Health,NHS Wakefield CCG,9/30/2018,C&M-PMS Baseline Adjustment,PRC DELEGATED CO-COMMISSIONING,DRS ROBERTS & WAKEFIELD,23842041,1427.46,,WAK000013424
Department of Health,NHS Wakefield CCG,9/30/2018,C&M-PMS Contract Value,PRC DELEGATED CO-COMMISSIONING,DRS ROBERTS & WAKEFIELD,23842041,56232.92,,WAK000013424
Department of Health,NHS Wakefield CCG,9/30/2018,C&M-PMS DES Extended Hours Access,PRC DELEGATED CO-COMMISSIONING,DRS ROBERTS & WAKEFIELD,23842041,2998.68,,WAK000013424
Department of Health,NHS Wakefield CCG,9/30/2018,C&M-PMS Funding Differential Review,PRC DELEGATED CO-COMMISSIONING,DRS ROBERTS & WAKEFIELD,23842041,2294.96,,WAK000013424
Department of Health,NHS Wakefield CCG,9/30/2018,C&M-PMS List Size Adjustment,PRC DELEGATED CO-COMMISSIONING,DRS ROBERTS & WAKEFIELD,23842041,115.38,,WAK000013424
Department of Health,NHS Wakefield CCG,9/30/2018,C&M-PMS Medical Fees,LOCAL ENHANCED SERVICES,DRS ROBERTS & WAKEFIELD,23842041,75.71,,WAK000013424
Department of Health,NHS Wakefield CCG,9/30/2018,C&M-PMS PCO Locum Sickness,PRC DELEGATED CO-COMMISSIONING,DRS ROBERTS & WAKEFIELD,23842041,9678.26,,WAK000013424
Department of Health,NHS Wakefield CCG,9/30/2018,C&M-PMS PCO Seniority,PRC DELEGATED CO-COMMISSIONING,DRS ROBERTS & WAKEFIELD,23842041,2660.75,,WAK000013424
Department of Health,NHS Wakefield CCG,9/30/2018,C&M-PMS Prem Notional Rent,PRC DELEGATED CO-COMMISSIONING,DRS ROBERTS & WAKEFIELD,23842041,4491.67,,WAK000013424
Department of Health,NHS Wakefield CCG,9/30/2018,C&M-PMS QOF Aspiration,PRC DELEGATED CO-COMMISSIONING,DRS ROBERTS & WAKEFIELD,23842041,5784.59,,WAK000013424
Department of Health,NHS Wakefield CCG,9/30/2018,ME-PMS GP Pension EEs Adjs - PMS,PRC DELEGATED CO-COMMISSIONING,DRS ROBERTS & WAKEFIELD,23842041,1874.2,,WAK000013424
Department of Health,NHS Wakefield CCG,9/30/2018,ME-PMS GP Pension ERs Adjs - PMS,PRC DELEGATED CO-COMMISSIONING,DRS ROBERTS & WAKEFIELD,23842041,2156.07,,WAK000013424
Department of Health,NHS Wakefield CCG,9/30/2018,C&M-PMS Baseline Adjustment,PRC DELEGATED CO-COMMISSIONING,DR V LABOR & DR A A ZAHIR AHAMED,23815289,533.49,,WAK000013426
Department of Health,NHS Wakefield CCG,9/30/2018,C&M-PMS Contract Value,PRC DELEGATED CO-COMMISSIONING,DR V LABOR & DR A A ZAHIR AHAMED,23815289,20971.05,,WAK000013426
Department of Health,NHS Wakefield CCG,9/30/2018,C&M-PMS Funding Differential Review,PRC DELEGATED CO-COMMISSIONING,DR V LABOR & DR A A ZAHIR AHAMED,23815289,855.86,,WAK000013426
Department of Health,NHS Wakefield CCG,9/30/2018,C&M-PMS List Size Adjustment,PRC DELEGATED CO-COMMISSIONING,DR V LABOR & DR A A ZAHIR AHAMED,23815289,52.69,,WAK000013426
Department of Health,NHS Wakefield CCG,9/30/2018,C&M-PMS Out of Hours Opt Outs,PRC DELEGATED CO-COMMISSIONING,DR V LABOR & DR A A ZAHIR AHAMED,23815289,12.54,,WAK000013426
Department of Health,NHS Wakefield CCG,9/30/2018,C&M-PMS PCO Seniority,PRC DELEGATED CO-COMMISSIONING,DR V LABOR & DR A A ZAHIR AHAMED,23815289,1012.92,,WAK000013426
Department of Health,NHS Wakefield CCG,9/30/2018,C&M-PMS Prem Healthcentre Rates,PRC DELEGATED CO-COMMISSIONING,DR V LABOR & DR A A ZAHIR AHAMED,23815289,372.26,,WAK000013426
Department of Health,NHS Wakefield CCG,9/30/2018,C&M-PMS Prem Healthcentre Rent,PRC DELEGATED CO-COMMISSIONING,DR V LABOR & DR A A ZAHIR AHAMED,23815289,3234.03,,WAK000013426
Department of Health,NHS Wakefield CCG,9/30/2018,C&M-PMS QOF Aspiration,PRC DELEGATED CO-COMMISSIONING,DR V LABOR & DR A A ZAHIR AHAMED,23815289,1673.19,,WAK000013426
Department of Health,NHS Wakefield CCG,9/30/2018,C&M-PMS Baseline Adjustment,PRC DELEGATED CO-COMMISSIONING,NEWLAND SURGERY,23815294,786.05,,WAK000013428
Department of Health,NHS Wakefield CCG,9/30/2018,C&M-PMS Contract Value,PRC DELEGATED CO-COMMISSIONING,NEWLAND SURGERY,23815294,31037.94,,WAK000013428
Department of Health,NHS Wakefield CCG,9/30/2018,C&M-PMS DES Extended Hours Access,PRC DELEGATED CO-COMMISSIONING,NEWLAND SURGERY,23815294,1816.88,,WAK000013428
Department of Health,NHS Wakefield CCG,9/30/2018,C&M-PMS Funding Differential Review,PRC DELEGATED CO-COMMISSIONING,NEWLAND SURGERY,23815294,1266.71,,WAK000013428
Department of Health,NHS Wakefield CCG,9/30/2018,C&M-PMS List Size Adjustment,PRC DELEGATED CO-COMMISSIONING,NEWLAND SURGERY,23815294,35.46,,WAK000013428
Department of Health,NHS Wakefield CCG,9/30/2018,C&M-PMS PCO Seniority,PRC DELEGATED CO-COMMISSIONING,NEWLAND SURGERY,23815294,2769.89,,WAK000013428
Department of Health,NHS Wakefield CCG,9/30/2018,C&M-PMS Prem Notional Rent,PRC DELEGATED CO-COMMISSIONING,NEWLAND SURGERY,23815294,4960.42,,WAK000013428
Department of Health,NHS Wakefield CCG,9/30/2018,C&M-PMS QOF Aspiration,PRC DELEGATED CO-COMMISSIONING,NEWLAND SURGERY,23815294,3063.91,,WAK000013428
Department of Health,NHS Wakefield CCG,9/30/2018,C&M-APMS Contract Value,PRC DELEGATED CO-COMMISSIONING,PARK VIEW SURGERY NORMANTON,23815301,27295.34,,WAK000013430
Department of Health,NHS Wakefield CCG,9/30/2018,C&M-PMS Out of Hours Opt Outs,PRC DELEGATED CO-COMMISSIONING,PARK VIEW SURGERY NORMANTON,23815301,24.36,,WAK000013430
Department of Health,NHS Wakefield CCG,9/30/2018,C&M-PMS PCO Seniority,PRC DELEGATED CO-COMMISSIONING,PARK VIEW SURGERY NORMANTON,23815301,3820.66,,WAK000013430
Department of Health,NHS Wakefield CCG,9/30/2018,C&M-PMS QOF Aspiration,PRC DELEGATED CO-COMMISSIONING,PARK VIEW SURGERY NORMANTON,23815301,2116.8,,WAK000013430
Department of Health,NHS Wakefield CCG,9/30/2018,C&M-PMS Baseline Adjustment,PRC DELEGATED CO-COMMISSIONING,STUART ROAD SURGERY,23815306,1813.5,,WAK000013432
Department of Health,NHS Wakefield CCG,9/30/2018,C&M-PMS Contract Value,PRC DELEGATED CO-COMMISSIONING,STUART ROAD SURGERY,23815306,71631.08,,WAK000013432
Department of Health,NHS Wakefield CCG,9/30/2018,C&M-PMS DES Extended Hours Access,PRC DELEGATED CO-COMMISSIONING,STUART ROAD SURGERY,23815306,4208.98,,WAK000013432
Department of Health,NHS Wakefield CCG,9/30/2018,C&M-PMS Funding Differential Review,PRC DELEGATED CO-COMMISSIONING,STUART ROAD SURGERY,23815306,2923.39,,WAK000013432
Department of Health,NHS Wakefield CCG,9/30/2018,C&M-PMS List Size Adjustment,PRC DELEGATED CO-COMMISSIONING,STUART ROAD SURGERY,23815306,1104.34,,WAK000013432
Department of Health,NHS Wakefield CCG,9/30/2018,C&M-PMS Out of Hours Opt Outs,PRC DELEGATED CO-COMMISSIONING,STUART ROAD SURGERY,23815306,15.02,,WAK000013432
Department of Health,NHS Wakefield CCG,9/30/2018,C&M-PMS PCO Seniority,PRC DELEGATED CO-COMMISSIONING,STUART ROAD SURGERY,23815306,3046.54,,WAK000013432
Department of Health,NHS Wakefield CCG,9/30/2018,C&M-PMS Prem Notional Rent,PRC DELEGATED CO-COMMISSIONING,STUART ROAD SURGERY,23815306,3650,,WAK000013432
Department of Health,NHS Wakefield CCG,9/30/2018,C&M-PMS QOF Aspiration,PRC DELEGATED CO-COMMISSIONING,STUART ROAD SURGERY,23815306,6386.14,,WAK000013432
Department of Health,NHS Wakefield CCG,9/30/2018,C&M-PMS Baseline Adjustment,PRC DELEGATED CO-COMMISSIONING,DR CHANDY J & PARTNERS,23815311,2292.54,,WAK000013434
Department of Health,NHS Wakefield CCG,9/30/2018,C&M-PMS Contract Value,PRC DELEGATED CO-COMMISSIONING,DR CHANDY J & PARTNERS,23815311,90696.57,,WAK000013434
Department of Health,NHS Wakefield CCG,9/30/2018,C&M-PMS DES Extended Hours Access,PRC DELEGATED CO-COMMISSIONING,DR CHANDY J & PARTNERS,23815311,4777.08,,WAK000013434
Department of Health,NHS Wakefield CCG,9/30/2018,C&M-PMS Funding Differential Review,PRC DELEGATED CO-COMMISSIONING,DR CHANDY J & PARTNERS,23815311,3701.48,,WAK000013434
Department of Health,NHS Wakefield CCG,9/30/2018,C&M-PMS List Size Adjustment,PRC DELEGATED CO-COMMISSIONING,DR CHANDY J & PARTNERS,23815311,904.39,,WAK000013434
Department of Health,NHS Wakefield CCG,9/30/2018,C&M-PMS Out of Hours Opt Outs,PRC DELEGATED CO-COMMISSIONING,DR CHANDY J & PARTNERS,23815311,18.82,,WAK000013434
Department of Health,NHS Wakefield CCG,9/30/2018,C&M-PMS PCO Seniority,PRC DELEGATED CO-COMMISSIONING,DR CHANDY J & PARTNERS,23815311,1536.51,,WAK000013434
Department of Health,NHS Wakefield CCG,9/30/2018,C&M-PMS Prem Actual Rent,PRC DELEGATED CO-COMMISSIONING,DR CHANDY J & PARTNERS,23815311,15528.15,,WAK000013434
Department of Health,NHS Wakefield CCG,9/30/2018,C&M-PMS Prem Notional Rent,PRC DELEGATED CO-COMMISSIONING,DR CHANDY J & PARTNERS,23815311,2400,,WAK000013434
Department of Health,NHS Wakefield CCG,9/30/2018,C&M-PMS QOF Aspiration,PRC DELEGATED CO-COMMISSIONING,DR CHANDY J & PARTNERS,23815311,10177.2,,WAK000013434
Department of Health,NHS Wakefield CCG,9/30/2018,C&M-PMS Baseline Adjustment,PRC DELEGATED CO-COMMISSIONING,DR S BARNSLEY,23815316,563.85,,WAK000013436
Department of Health,NHS Wakefield CCG,9/30/2018,C&M-PMS Contract Value,PRC DELEGATED CO-COMMISSIONING,DR S BARNSLEY,23815316,22272.29,,WAK000013436
Department of Health,NHS Wakefield CCG,9/30/2018,C&M-PMS DES Extended Hours Access,PRC DELEGATED CO-COMMISSIONING,DR S BARNSLEY,23815316,1328.58,,WAK000013436
Department of Health,NHS Wakefield CCG,9/30/2018,C&M-PMS Funding Differential Review,PRC DELEGATED CO-COMMISSIONING,DR S BARNSLEY,23815316,908.97,,WAK000013436
Department of Health,NHS Wakefield CCG,9/30/2018,C&M-PMS List Size Adjustment,PRC DELEGATED CO-COMMISSIONING,DR S BARNSLEY,23815316,319.06,,WAK000013436
Department of Health,NHS Wakefield CCG,9/30/2018,C&M-PMS PCO Seniority,PRC DELEGATED CO-COMMISSIONING,DR S BARNSLEY,23815316,986.5,,WAK000013436
Department of Health,NHS Wakefield CCG,9/30/2018,C&M-PMS Prem Cost Rent,PRC DELEGATED CO-COMMISSIONING,DR S BARNSLEY,23815316,235.83,,WAK000013436
Department of Health,NHS Wakefield CCG,9/30/2018,C&M-PMS Prem Notional Rent,PRC DELEGATED CO-COMMISSIONING,DR S BARNSLEY,23815316,1867.25,,WAK000013436
Department of Health,NHS Wakefield CCG,9/30/2018,C&M-PMS QOF Aspiration,PRC DELEGATED CO-COMMISSIONING,DR S BARNSLEY,23815316,2124.73,,WAK000013436
Department of Health,NHS Wakefield CCG,9/30/2018,C&M-PMS Baseline Adjustment,PRC DELEGATED CO-COMMISSIONING,STATION LANE MEDICAL CENTRE,23815323,1496.52,,WAK000013438
Department of Health,NHS Wakefield CCG,9/30/2018,C&M-PMS Contract Value,PRC DELEGATED CO-COMMISSIONING,STATION LANE MEDICAL CENTRE,23815323,59365.04,,WAK000013438
Department of Health,NHS Wakefield CCG,9/30/2018,C&M-PMS DES Extended Hours Access,PRC DELEGATED CO-COMMISSIONING,STATION LANE MEDICAL CENTRE,23815323,3426.65,,WAK000013438
Department of Health,NHS Wakefield CCG,9/30/2018,C&M-PMS Funding Differential Review,PRC DELEGATED CO-COMMISSIONING,STATION LANE MEDICAL CENTRE,23815323,2422.79,,WAK000013438
Department of Health,NHS Wakefield CCG,9/30/2018,C&M-PMS List Size Adjustment,PRC DELEGATED CO-COMMISSIONING,STATION LANE MEDICAL CENTRE,23815323,1484.82,,WAK000013438
Department of Health,NHS Wakefield CCG,9/30/2018,C&M-PMS Out of Hours Opt Outs,PRC DELEGATED CO-COMMISSIONING,STATION LANE MEDICAL CENTRE,23815323,19.76,,WAK000013438
Department of Health,NHS Wakefield CCG,9/30/2018,C&M-PMS PCO Seniority,PRC DELEGATED CO-COMMISSIONING,STATION LANE MEDICAL CENTRE,23815323,3682.75,,WAK000013438
Department of Health,NHS Wakefield CCG,9/30/2018,C&M-PMS Prem Notional Rent,PRC DELEGATED CO-COMMISSIONING,STATION LANE MEDICAL CENTRE,23815323,4475,,WAK000013438
Department of Health,NHS Wakefield CCG,9/30/2018,C&M-PMS QOF Aspiration,PRC DELEGATED CO-COMMISSIONING,STATION LANE MEDICAL CENTRE,23815323,5474.84,,WAK000013438
Department of Health,NHS Wakefield CCG,9/30/2018,C&M-PMS GP Statutory Levy,PRC DELEGATED CO-COMMISSIONING,TRINITY MEDICAL CENTRE,23815326,-852.17,,WAK000013439
Department of Health,NHS Wakefield CCG,9/30/2018,C&M-PMS List Size Adjustment,PRC DELEGATED CO-COMMISSIONING,TRINITY MEDICAL CENTRE,23815326,-2055.23,,WAK000013439
Department of Health,NHS Wakefield CCG,9/30/2018,C&M-PMS Out of Hours Opt Outs,PRC DELEGATED CO-COMMISSIONING,TRINITY MEDICAL CENTRE,23815326,-33.59,,WAK000013439
Department of Health,NHS Wakefield CCG,9/30/2018,C&M-PMS Voluntary Levy,PRC DELEGATED CO-COMMISSIONING,TRINITY MEDICAL CENTRE,23815326,-125.89,,WAK000013439
Department of Health,NHS Wakefield CCG,9/30/2018,ME-PMS GP Pension EEs-PMS,PRC DELEGATED CO-COMMISSIONING,TRINITY MEDICAL CENTRE,23815326,-13832.27,,WAK000013439
Department of Health,NHS Wakefield CCG,9/30/2018,ME-PMS GP Pension ERs Adjs - PMS,PRC DELEGATED CO-COMMISSIONING,TRINITY MEDICAL CENTRE,23815326,-14660.99,,WAK000013439
Department of Health,NHS Wakefield CCG,9/30/2018,C&M-PMS Baseline Adjustment,PRC DELEGATED CO-COMMISSIONING,TRINITY MEDICAL CENTRE,23842042,4641.72,,WAK000013440
Department of Health,NHS Wakefield CCG,9/30/2018,C&M-PMS Contract Value,PRC DELEGATED CO-COMMISSIONING,TRINITY MEDICAL CENTRE,23842042,183829.35,,WAK000013440
Department of Health,NHS Wakefield CCG,9/30/2018,C&M-PMS DES Extended Hours Access,PRC DELEGATED CO-COMMISSIONING,TRINITY MEDICAL CENTRE,23842042,11041.85,,WAK000013440
Department of Health,NHS Wakefield CCG,9/30/2018,C&M-PMS Funding Differential Review,PRC DELEGATED CO-COMMISSIONING,TRINITY MEDICAL CENTRE,23842042,7502.39,,WAK000013440
Department of Health,NHS Wakefield CCG,9/30/2018,C&M-PMS List Size Adjustment,PRC DELEGATED CO-COMMISSIONING,TRINITY MEDICAL CENTRE,23842042,224.51,,WAK000013440
Department of Health,NHS Wakefield CCG,9/30/2018,C&M-PMS Out of Hours Opt Outs,PRC DELEGATED CO-COMMISSIONING,TRINITY MEDICAL CENTRE,23842042,53.45,,WAK000013440
Department of Health,NHS Wakefield CCG,9/30/2018,C&M-PMS PCO Locum Adop/Pat/Mat,PRC DELEGATED CO-COMMISSIONING,TRINITY MEDICAL CENTRE,23842042,7706.69,,WAK000013440
Department of Health,NHS Wakefield CCG,9/30/2018,C&M-PMS PCO Seniority,PRC DELEGATED CO-COMMISSIONING,TRINITY MEDICAL CENTRE,23842042,2337.62,,WAK000013440
Department of Health,NHS Wakefield CCG,9/30/2018,C&M-PMS Prem Actual Rent,PRC DELEGATED CO-COMMISSIONING,TRINITY MEDICAL CENTRE,23842042,44320.22,,WAK000013440
Department of Health,NHS Wakefield CCG,9/30/2018,C&M-PMS Prem Notional Rent,PRC DELEGATED CO-COMMISSIONING,TRINITY MEDICAL CENTRE,23842042,10000,,WAK000013440
Department of Health,NHS Wakefield CCG,9/30/2018,C&M-PMS Prem Water Rates,PRC DELEGATED CO-COMMISSIONING,TRINITY MEDICAL CENTRE,23842042,1929.57,,WAK000013440
Department of Health,NHS Wakefield CCG,9/30/2018,C&M-PMS QOF Aspiration,PRC DELEGATED CO-COMMISSIONING,TRINITY MEDICAL CENTRE,23842042,18009.71,,WAK000013440
Department of Health,NHS Wakefield CCG,9/30/2018,C&M-PMS Subscriptions,PRC DELEGATED CO-COMMISSIONING,TRINITY MEDICAL CENTRE,23842042,13765,,WAK000013440
Department of Health,NHS Wakefield CCG,9/30/2018,ME-PMS GP Pension EEs Adjs - PMS,PRC DELEGATED CO-COMMISSIONING,TRINITY MEDICAL CENTRE,23842042,412.5,,WAK000013440
Department of Health,NHS Wakefield CCG,9/30/2018,ME-PMS GP Pension ERs Adjs - PMS,PRC DELEGATED CO-COMMISSIONING,TRINITY MEDICAL CENTRE,23842042,474.53,,WAK000013440
Department of Health,NHS Wakefield CCG,9/30/2018,C&M-PMS GP Statutory Levy,PRC DELEGATED CO-COMMISSIONING,FERRYBRIDGE MEDICAL CENTRE,23815330,-983.44,,WAK000013441
Department of Health,NHS Wakefield CCG,9/30/2018,C&M-PMS List Size Adjustment,PRC DELEGATED CO-COMMISSIONING,FERRYBRIDGE MEDICAL CENTRE,23815330,-540.97,,WAK000013441
Department of Health,NHS Wakefield CCG,9/30/2018,C&M-PMS Out of Hours Opt Outs,PRC DELEGATED CO-COMMISSIONING,FERRYBRIDGE MEDICAL CENTRE,23815330,-128.78,,WAK000013441
Department of Health,NHS Wakefield CCG,9/30/2018,C&M-PMS Prem Cost Rent,PRC DELEGATED CO-COMMISSIONING,FERRYBRIDGE MEDICAL CENTRE,23815330,-3250,,WAK000013441
Department of Health,NHS Wakefield CCG,9/30/2018,C&M-PMS Voluntary Levy,PRC DELEGATED CO-COMMISSIONING,FERRYBRIDGE MEDICAL CENTRE,23815330,-145.28,,WAK000013441
Department of Health,NHS Wakefield CCG,9/30/2018,ME - PMS GP Prior Year ERs,PRC DELEGATED CO-COMMISSIONING,FERRYBRIDGE MEDICAL CENTRE,23815330,-9882.3,,WAK000013441
Department of Health,NHS Wakefield CCG,9/30/2018,ME - PMS TPS Added Years Adj EEs,PRC DELEGATED CO-COMMISSIONING,FERRYBRIDGE MEDICAL CENTRE,23815330,-166.26,,WAK000013441
Department of Health,NHS Wakefield CCG,9/30/2018,ME-PMS GP Pension EEs Adjs - PMS,PRC DELEGATED CO-COMMISSIONING,FERRYBRIDGE MEDICAL CENTRE,23815330,-5081.77,,WAK000013441
Department of Health,NHS Wakefield CCG,9/30/2018,ME-PMS GP Pension EEs-PMS,PRC DELEGATED CO-COMMISSIONING,FERRYBRIDGE MEDICAL CENTRE,23815330,-9911.76,,WAK000013441
Department of Health,NHS Wakefield CCG,9/30/2018,ME-PMS GP Pension ERs Adjs - PMS,PRC DELEGATED CO-COMMISSIONING,FERRYBRIDGE MEDICAL CENTRE,23815330,-16144.21,,WAK000013441
Department of Health,NHS Wakefield CCG,9/30/2018,ME-PMS GP Prior Year EEs,PRC DELEGATED CO-COMMISSIONING,FERRYBRIDGE MEDICAL CENTRE,23815330,-7903.71,,WAK000013441
Department of Health,NHS Wakefield CCG,9/30/2018,C&M-PMS Baseline Adjustment,PRC DELEGATED CO-COMMISSIONING,FERRYBRIDGE MEDICAL CENTRE,23815335,5437.92,,WAK000013442
Department of Health,NHS Wakefield CCG,9/30/2018,C&M-PMS Contract Value,PRC DELEGATED CO-COMMISSIONING,FERRYBRIDGE MEDICAL CENTRE,23815335,215482.77,,WAK000013442
Department of Health,NHS Wakefield CCG,9/30/2018,C&M-PMS DES Extended Hours Access,PRC DELEGATED CO-COMMISSIONING,FERRYBRIDGE MEDICAL CENTRE,23815335,5392.68,,WAK000013442
Department of Health,NHS Wakefield CCG,9/30/2018,C&M-PMS Funding Differential Review,PRC DELEGATED CO-COMMISSIONING,FERRYBRIDGE MEDICAL CENTRE,23815335,8794.22,,WAK000013442
Department of Health,NHS Wakefield CCG,9/30/2018,C&M-PMS List Size Adjustment,PRC DELEGATED CO-COMMISSIONING,FERRYBRIDGE MEDICAL CENTRE,23815335,5321.54,,WAK000013442
Department of Health,NHS Wakefield CCG,9/30/2018,C&M-PMS Out of Hours Opt Outs,PRC DELEGATED CO-COMMISSIONING,FERRYBRIDGE MEDICAL CENTRE,23815335,98.46,,WAK000013442
Department of Health,NHS Wakefield CCG,9/30/2018,C&M-PMS PCO Seniority,PRC DELEGATED CO-COMMISSIONING,FERRYBRIDGE MEDICAL CENTRE,23815335,4164.97,,WAK000013442
Department of Health,NHS Wakefield CCG,9/30/2018,C&M-PMS Prem Actual Rent,PRC DELEGATED CO-COMMISSIONING,FERRYBRIDGE MEDICAL CENTRE,23815335,3250,,WAK000013442
Department of Health,NHS Wakefield CCG,9/30/2018,C&M-PMS Prem Cost Rent,PRC DELEGATED CO-COMMISSIONING,FERRYBRIDGE MEDICAL CENTRE,23815335,541.67,,WAK000013442
Department of Health,NHS Wakefield CCG,9/30/2018,C&M-PMS Prem Healthcentre Rates,PRC DELEGATED CO-COMMISSIONING,FERRYBRIDGE MEDICAL CENTRE,23815335,233.05,,WAK000013442
Department of Health,NHS Wakefield CCG,9/30/2018,C&M-PMS Prem Healthcentre Rent,PRC DELEGATED CO-COMMISSIONING,FERRYBRIDGE MEDICAL CENTRE,23815335,1748.94,,WAK000013442
Department of Health,NHS Wakefield CCG,9/30/2018,C&M-PMS Prem Notional Rent,PRC DELEGATED CO-COMMISSIONING,FERRYBRIDGE MEDICAL CENTRE,23815335,28419.58,,WAK000013442
Department of Health,NHS Wakefield CCG,9/30/2018,C&M-PMS QOF Achievement,PRC DELEGATED CO-COMMISSIONING,FERRYBRIDGE MEDICAL CENTRE,23815335,40002.34,,WAK000013442
Department of Health,NHS Wakefield CCG,9/30/2018,C&M-PMS QOF Aspiration,PRC DELEGATED CO-COMMISSIONING,FERRYBRIDGE MEDICAL CENTRE,23815335,21262.77,,WAK000013442
Department of Health,NHS Wakefield CCG,9/30/2018,ME - PMS GP Prior Year ERs,PRC DELEGATED CO-COMMISSIONING,FERRYBRIDGE MEDICAL CENTRE,23815335,17041.87,,WAK000013442
Department of Health,NHS Wakefield CCG,9/30/2018,ME-PMS GP Pension EEs Adjs - PMS,PRC DELEGATED CO-COMMISSIONING,FERRYBRIDGE MEDICAL CENTRE,23815335,1161.17,,WAK000013442
Department of Health,NHS Wakefield CCG,9/30/2018,ME-PMS GP Pension ERs Adjs - PMS,PRC DELEGATED CO-COMMISSIONING,FERRYBRIDGE MEDICAL CENTRE,23815335,1151.56,,WAK000013442
Department of Health,NHS Wakefield CCG,9/30/2018,ME-PMS GP Prior Year EEs,PRC DELEGATED CO-COMMISSIONING,FERRYBRIDGE MEDICAL CENTRE,23815335,17234.75,,WAK000013442
Department of Health,NHS Wakefield CCG,9/30/2018,C&M-GMS DES Extended Hours Access,PRC DELEGATED CO-COMMISSIONING,DR DA HUNTER & PARTNERS,24016805,5450.15,,WAK000013483
Department of Health,NHS Wakefield CCG,9/30/2018,C&M-GMS Global Sum,PRC DELEGATED CO-COMMISSIONING,DR DA HUNTER & PARTNERS,24016805,81793.68,,WAK000013483
Department of Health,NHS Wakefield CCG,9/30/2018,C&M-GMS LES Medical Fees,LOCAL ENHANCED SERVICES,DR DA HUNTER & PARTNERS,24016805,75.71,,WAK000013483
Department of Health,NHS Wakefield CCG,9/30/2018,C&M-GMS MPIG Correction Factor,PRC DELEGATED CO-COMMISSIONING,DR DA HUNTER & PARTNERS,24016805,1476.61,,WAK000013483
Department of Health,NHS Wakefield CCG,9/30/2018,C&M-GMS Other FDR Payment,PRC DELEGATED CO-COMMISSIONING,DR DA HUNTER & PARTNERS,24016805,3504.5,,WAK000013483
Department of Health,NHS Wakefield CCG,9/30/2018,C&M-GMS PCO Seniority,PRC DELEGATED CO-COMMISSIONING,DR DA HUNTER & PARTNERS,24016805,4232.16,,WAK000013483
Department of Health,NHS Wakefield CCG,9/30/2018,C&M-GMS Prem Notional Rent,PRC DELEGATED CO-COMMISSIONING,DR DA HUNTER & PARTNERS,24016805,9325,,WAK000013483
Department of Health,NHS Wakefield CCG,9/30/2018,C&M-GMS QOF Aspiration,PRC DELEGATED CO-COMMISSIONING,DR DA HUNTER & PARTNERS,24016805,8908.03,,WAK000013483
Department of Health,NHS Wakefield CCG,9/30/2018,C&M-GMS DES Extended Hours Access,PRC DELEGATED CO-COMMISSIONING,DR DR FYFE & PARTNERS,24016807,6122.75,,WAK000013485
Department of Health,NHS Wakefield CCG,9/30/2018,C&M-GMS Global Sum,PRC DELEGATED CO-COMMISSIONING,DR DR FYFE & PARTNERS,24016807,98987.06,,WAK000013485
Department of Health,NHS Wakefield CCG,9/30/2018,C&M-GMS LES Medical Fees,LOCAL ENHANCED SERVICES,DR DR FYFE & PARTNERS,24016807,75.71,,WAK000013485
Department of Health,NHS Wakefield CCG,9/30/2018,C&M-GMS Other FDR Payment,PRC DELEGATED CO-COMMISSIONING,DR DR FYFE & PARTNERS,24016807,4173.42,,WAK000013485
Department of Health,NHS Wakefield CCG,9/30/2018,C&M-GMS PCO Doctors Ret Scheme,PRC DELEGATED CO-COMMISSIONING,DR DR FYFE & PARTNERS,24016807,358.96,,WAK000013485
Department of Health,NHS Wakefield CCG,9/30/2018,C&M-GMS PCO Seniority,PRC DELEGATED CO-COMMISSIONING,DR DR FYFE & PARTNERS,24016807,6582.42,,WAK000013485
Department of Health,NHS Wakefield CCG,9/30/2018,C&M-GMS Prem Actual Rent,PRC DELEGATED CO-COMMISSIONING,DR DR FYFE & PARTNERS,24016807,18415,,WAK000013485
Department of Health,NHS Wakefield CCG,9/30/2018,C&M-GMS Prem Other,PRC DELEGATED CO-COMMISSIONING,DR DR FYFE & PARTNERS,24016807,745.83,,WAK000013485
Department of Health,NHS Wakefield CCG,9/30/2018,C&M-GMS QOF Aspiration,PRC DELEGATED CO-COMMISSIONING,DR DR FYFE & PARTNERS,24016807,9329.74,,WAK000013485
Department of Health,NHS Wakefield CCG,9/30/2018,C&M-GMS Global Sum,PRC DELEGATED CO-COMMISSIONING,DR MCCLINTOCK J H N & PARTNERS,24037983,81611.42,,WAK000013487
Department of Health,NHS Wakefield CCG,9/30/2018,C&M-GMS Other FDR Payment,PRC DELEGATED CO-COMMISSIONING,DR MCCLINTOCK J H N & PARTNERS,24037983,3482,,WAK000013487
Department of Health,NHS Wakefield CCG,9/30/2018,C&M-GMS PCO Seniority,PRC DELEGATED CO-COMMISSIONING,DR MCCLINTOCK J H N & PARTNERS,24037983,1161.74,,WAK000013487
Department of Health,NHS Wakefield CCG,9/30/2018,C&M-GMS Prem Actual Rent,PRC DELEGATED CO-COMMISSIONING,DR MCCLINTOCK J H N & PARTNERS,24037983,5633.33,,WAK000013487
Department of Health,NHS Wakefield CCG,9/30/2018,C&M-GMS Prem Other,PRC DELEGATED CO-COMMISSIONING,DR MCCLINTOCK J H N & PARTNERS,24037983,3725,,WAK000013487
Department of Health,NHS Wakefield CCG,9/30/2018,C&M-GMS QOF Aspiration,PRC DELEGATED CO-COMMISSIONING,DR MCCLINTOCK J H N & PARTNERS,24037983,7764.06,,WAK000013487
Department of Health,NHS Wakefield CCG,9/30/2018,ME-GMS GP Pension EEs Adjustments,PRC DELEGATED CO-COMMISSIONING,DR MCCLINTOCK J H N & PARTNERS,24037983,1733.96,,WAK000013487
Department of Health,NHS Wakefield CCG,9/30/2018,ME-GMS GP Pension ERs Adjustments,PRC DELEGATED CO-COMMISSIONING,DR MCCLINTOCK J H N & PARTNERS,24037983,1719.61,,WAK000013487
Department of Health,NHS Wakefield CCG,9/30/2018,C&M-GMS DES Minor Surgery,PRC DELEGATED CO-COMMISSIONING,DR N A NAYYAR & PARTNERS,24016810,6661.62,,WAK000013489
Department of Health,NHS Wakefield CCG,9/30/2018,C&M-GMS Global Sum,PRC DELEGATED CO-COMMISSIONING,DR N A NAYYAR & PARTNERS,24016810,89410.93,,WAK000013489
Department of Health,NHS Wakefield CCG,9/30/2018,C&M-GMS Other FDR Payment,PRC DELEGATED CO-COMMISSIONING,DR N A NAYYAR & PARTNERS,24016810,3788.33,,WAK000013489
Department of Health,NHS Wakefield CCG,9/30/2018,C&M-GMS PCO Locum Adop/Pat/Mat,PRC DELEGATED CO-COMMISSIONING,DR N A NAYYAR & PARTNERS,24016810,14410.48,,WAK000013489
Department of Health,NHS Wakefield CCG,9/30/2018,C&M-GMS PCO Locum Sickness,PRC DELEGATED CO-COMMISSIONING,DR N A NAYYAR & PARTNERS,24016810,3861.9,,WAK000013489
Department of Health,NHS Wakefield CCG,9/30/2018,C&M-GMS PCO Seniority,PRC DELEGATED CO-COMMISSIONING,DR N A NAYYAR & PARTNERS,24016810,2082.03,,WAK000013489
Department of Health,NHS Wakefield CCG,9/30/2018,C&M-GMS Prem Notional Rent,PRC DELEGATED CO-COMMISSIONING,DR N A NAYYAR & PARTNERS,24016810,9752.08,,WAK000013489
Department of Health,NHS Wakefield CCG,9/30/2018,C&M-GMS Prem Water Rates,PRC DELEGATED CO-COMMISSIONING,DR N A NAYYAR & PARTNERS,24016810,617.95,,WAK000013489
Department of Health,NHS Wakefield CCG,9/30/2018,C&M-GMS QOF Aspiration,PRC DELEGATED CO-COMMISSIONING,DR N A NAYYAR & PARTNERS,24016810,9681.93,,WAK000013489
Department of Health,NHS Wakefield CCG,9/30/2018,C&M-GMS DES Extended Hours Access,PRC DELEGATED CO-COMMISSIONING,DR SENIOR & PARTNERS,24016812,3791.45,,WAK000013491
Department of Health,NHS Wakefield CCG,9/30/2018,C&M-GMS Global Sum,PRC DELEGATED CO-COMMISSIONING,DR SENIOR & PARTNERS,24016812,53449.77,,WAK000013491
Department of Health,NHS Wakefield CCG,9/30/2018,C&M-GMS MPIG Correction Factor,PRC DELEGATED CO-COMMISSIONING,DR SENIOR & PARTNERS,24016812,1871.23,,WAK000013491
Department of Health,NHS Wakefield CCG,9/30/2018,C&M-GMS Other FDR Payment,PRC DELEGATED CO-COMMISSIONING,DR SENIOR & PARTNERS,24016812,2291,,WAK000013491
Department of Health,NHS Wakefield CCG,9/30/2018,C&M-GMS PCO Seniority,PRC DELEGATED CO-COMMISSIONING,DR SENIOR & PARTNERS,24016812,1352.6,,WAK000013491
Department of Health,NHS Wakefield CCG,9/30/2018,C&M-GMS Prem Actual Rent,PRC DELEGATED CO-COMMISSIONING,DR SENIOR & PARTNERS,24016812,14450,,WAK000013491
Department of Health,NHS Wakefield CCG,9/30/2018,C&M-GMS QOF Aspiration,PRC DELEGATED CO-COMMISSIONING,DR SENIOR & PARTNERS,24016812,6491.05,,WAK000013491
Department of Health,NHS Wakefield CCG,9/30/2018,C&M-GMS DES Extended Hours Access,PRC DELEGATED CO-COMMISSIONING,DR WOODROW J M & PARTNERS,24016814,3599.55,,WAK000013493
Department of Health,NHS Wakefield CCG,9/30/2018,C&M-GMS Global Sum,PRC DELEGATED CO-COMMISSIONING,DR WOODROW J M & PARTNERS,24016814,52578.08,,WAK000013493
Department of Health,NHS Wakefield CCG,9/30/2018,C&M-GMS MPIG Correction Factor,PRC DELEGATED CO-COMMISSIONING,DR WOODROW J M & PARTNERS,24016814,956.2,,WAK000013493
Department of Health,NHS Wakefield CCG,9/30/2018,C&M-GMS Other FDR Payment,PRC DELEGATED CO-COMMISSIONING,DR WOODROW J M & PARTNERS,24016814,2252.08,,WAK000013493
Department of Health,NHS Wakefield CCG,9/30/2018,C&M-GMS Other Subscriptions,PRC DELEGATED CO-COMMISSIONING,DR WOODROW J M & PARTNERS,24016814,4819,,WAK000013493
Department of Health,NHS Wakefield CCG,9/30/2018,C&M-GMS PCO Seniority,PRC DELEGATED CO-COMMISSIONING,DR WOODROW J M & PARTNERS,24016814,3034.83,,WAK000013493
Department of Health,NHS Wakefield CCG,9/30/2018,C&M-GMS Prem Healthcentre Rates,PRC DELEGATED CO-COMMISSIONING,DR WOODROW J M & PARTNERS,24016814,1592.92,,WAK000013493
Department of Health,NHS Wakefield CCG,9/30/2018,C&M-GMS Prem Healthcentre Rent,PRC DELEGATED CO-COMMISSIONING,DR WOODROW J M & PARTNERS,24016814,4504.17,,WAK000013493
Department of Health,NHS Wakefield CCG,9/30/2018,C&M-GMS QOF Aspiration,PRC DELEGATED CO-COMMISSIONING,DR WOODROW J M & PARTNERS,24016814,5314.96,,WAK000013493
Department of Health,NHS Wakefield CCG,9/30/2018,C&M-GMS DES Extended Hours Access,PRC DELEGATED CO-COMMISSIONING,DR GWENAN DAVENPORT & PTNS,24016816,5796.43,,WAK000013495
Department of Health,NHS Wakefield CCG,9/30/2018,C&M-GMS Global Sum,PRC DELEGATED CO-COMMISSIONING,DR GWENAN DAVENPORT & PTNS,24016816,91297.45,,WAK000013495
Department of Health,NHS Wakefield CCG,9/30/2018,C&M-GMS Other FDR Payment,PRC DELEGATED CO-COMMISSIONING,DR GWENAN DAVENPORT & PTNS,24016816,3869.75,,WAK000013495
Department of Health,NHS Wakefield CCG,9/30/2018,C&M-GMS PCO Locum Sickness,PRC DELEGATED CO-COMMISSIONING,DR GWENAN DAVENPORT & PTNS,24016816,6851.45,,WAK000013495
Department of Health,NHS Wakefield CCG,9/30/2018,C&M-GMS PCO Seniority,PRC DELEGATED CO-COMMISSIONING,DR GWENAN DAVENPORT & PTNS,24016816,2473.06,,WAK000013495
Department of Health,NHS Wakefield CCG,9/30/2018,C&M-GMS Prem Actual Rent,PRC DELEGATED CO-COMMISSIONING,DR GWENAN DAVENPORT & PTNS,24016816,17600,,WAK000013495
Department of Health,NHS Wakefield CCG,9/30/2018,C&M-GMS QOF Aspiration,PRC DELEGATED CO-COMMISSIONING,DR GWENAN DAVENPORT & PTNS,24016816,9675.53,,WAK000013495
Department of Health,NHS Wakefield CCG,9/30/2018,C&M-PMS Cost of Drugs -Dispensing,LOCAL ENHANCED SERVICES,DR R G S QUARTLEY & PARTNERS,24038244,31144.15,,WAK000013527
Department of Health,NHS Wakefield CCG,9/30/2018,C&M-PMS Prof fees Dispensing,PRC DELEGATED CO-COMMISSIONING,DR R G S QUARTLEY & PARTNERS,24038244,4892.4,,WAK000013527
Department of Health,NHS Wakefield CCG,9/30/2018,C&M-PMS Prsc Chrgs Cll&Rmttd by GPs,LOCAL ENHANCED SERVICES,DR R G S QUARTLEY & PARTNERS,24038244,378.4,,WAK000013527
Department of Health,NHS Wakefield CCG,9/30/2018,C&M-PMS Cost of Drugs -Dispensing,LOCAL ENHANCED SERVICES,DR T GAIR & PARTNERS,24038246,-40507,,WAK000013529
Department of Health,NHS Wakefield CCG,9/30/2018,C&M-PMS Prsc Chrgs Cll&Rmttd by GPs,PRC DELEGATED CO-COMMISSIONING,DR T GAIR & PARTNERS,24038246,-2402.4,,WAK000013529
Department of Health,NHS Wakefield CCG,9/30/2018,C&M-PMS Cost of Drugs -Dispensing,LOCAL ENHANCED SERVICES,DR T GAIR & PARTNERS,24038247,72641.21,,WAK000013530
Department of Health,NHS Wakefield CCG,9/30/2018,C&M-PMS Prof fees Dispensing,PRC DELEGATED CO-COMMISSIONING,DR T GAIR & PARTNERS,24038247,14248.76,,WAK000013530
Department of Health,NHS Wakefield CCG,9/30/2018,C&M-PMS Prsc Chrgs Cll&Rmttd by GPs,LOCAL ENHANCED SERVICES,DR T GAIR & PARTNERS,24038247,2402.4,,WAK000013530
Department of Health,NHS Wakefield CCG,9/30/2018,C&M-PMS Cost of Drugs -Dispensing,LOCAL ENHANCED SERVICES,FERRYBRIDGE MEDICAL CENTRE,24038254,-32129.12,,WAK000013537
Department of Health,NHS Wakefield CCG,9/30/2018,C&M-PMS Prsc Chrgs Cll&Rmttd by GPs,PRC DELEGATED CO-COMMISSIONING,FERRYBRIDGE MEDICAL CENTRE,24038254,-2164.8,,WAK000013537
Department of Health,NHS Wakefield CCG,9/30/2018,C&M-PMS Cost of Drugs -Dispensing,LOCAL ENHANCED SERVICES,FERRYBRIDGE MEDICAL CENTRE,24038255,57717.09,,WAK000013538
Department of Health,NHS Wakefield CCG,9/30/2018,C&M-PMS Cost of Drugs -Prescribing,LOCAL ENHANCED SERVICES,FERRYBRIDGE MEDICAL CENTRE,24038255,4460.19,,WAK000013538
Department of Health,NHS Wakefield CCG,9/30/2018,C&M-PMS Prof fees Dispensing,PRC DELEGATED CO-COMMISSIONING,FERRYBRIDGE MEDICAL CENTRE,24038255,11691.46,,WAK000013538
Department of Health,NHS Wakefield CCG,9/30/2018,C&M-PMS Prof fees Prescribing,PRC DELEGATED CO-COMMISSIONING,FERRYBRIDGE MEDICAL CENTRE,24038255,639.4,,WAK000013538
Department of Health,NHS Wakefield CCG,9/30/2018,C&M-PMS Prsc Chrgs Cll&Rmttd by GPs,LOCAL ENHANCED SERVICES,FERRYBRIDGE MEDICAL CENTRE,24038255,2164.8,,WAK000013538
