"CCGName","CCGCode","TotalSpend","NHSLASpend","NonNHSLASpend","NonNHSLAVCSESpend","NonNHSLANonVCSESpend","PC_NHSLASpend","PC_NonNHSLASpend","PC_NonNHSLAVCSESpend","PC_NonNHSLAVCSENonSpend","VCSEofNonNHSLASpend","NonVCSEofNonNHSLASpend","ID"
"NHS EAST STAFFORDSHIRE CCG","E38000053",147758294.21,77936601.8,69821692.41,1205943.88,68615748.53,0.527460080780531,0.472539919219469,0.00816159855152405,0.464378320667945,0.0172717652405011,0.982728234759499,1
"NHS NORTH EAST LINCOLNSHIRE CCG","E38000119",236750789.58,135559940.92,101190848.66,69157899.21,32032949.45,0.572584958050132,0.427415041949868,0.29211264440844,0.135302397541427,0.683440253005187,0.316559746994813,2
"NHS STAFFORD AND SURROUNDS CCG","E38000173",249474734.45,168566190.91,80908543.54,3154406.35,77754137.19,0.675684418631115,0.324315581368885,0.0126441916330898,0.311671389735795,0.0389873085336224,0.961012691466377,3
"NHS HULL CCG","E38000085",382198550.15,264930596.61,117267953.54,52875495.12,64392458.42,0.693175305102606,0.306824694897394,0.138345619310299,0.168479075587095,0.450894669206999,0.549105330793001,4
"NHS WILTSHIRE CCG","E38000206",572930154.24,401988286.65,170941867.59,2543606.38,168398261.21,0.701635764281325,0.298364235718675,0.00443964479993924,0.293924590918735,0.0148799496335256,0.985120050366474,5
"NHS EAST RIDING OF YORKSHIRE CCG","E38000052",398558233.79,287010115.65,111548118.14,31031465.06,80516653.08,0.720120904091585,0.279879095908415,0.0778592999193951,0.20201979598902,0.278189050406512,0.721810949593488,6
"NHS BRISTOL N SOMERSET S GLOS CCG","E38000222",1174985618.81,846844834.32,328140784.49,160314295.84,167826488.65,0.720727829143701,0.279272170856299,0.136439368511049,0.14283280234525,0.488553399691423,0.511446600308577,7
"NHS MEDWAY CCG","E38000104",367527308.23,265913422.98,101613885.25,45529073.67,56084811.58,0.723520176665594,0.276479823334406,0.123879430590523,0.152600392743883,0.448059569398268,0.551940430601732,8
"NHS SWALE CCG","E38000180",138889264.19,101855047.49,37034216.7,3755857.38,33278359.32,0.733354360281315,0.266645639718685,0.0270421000637026,0.239603539654982,0.101415871987378,0.898584128012622,9
"NHS RUSHCLIFFE CCG","E38000142",172951100.23,127314722.65,45636377.58,4898019.87,40738357.71,0.736131325448001,0.263868674551999,0.0283202585209712,0.235548416031028,0.107327095833008,0.892672904166992,10
"NHS SOUTH WEST LINCOLNSHIRE CCG","E38000165",162992448.46,120422523.25,42569925.21,2215557.08,40354368.13,0.738822714719528,0.261177285280472,0.0135930044669752,0.247584280813497,0.052045125028304,0.947954874971696,11
"NHS BROMLEY CCG","E38000023",434232478.96,321152795.63,113079683.33,55638532.68,57441150.65,0.739587228479939,0.260412771520061,0.128130748794415,0.132282022725645,0.492029434833402,0.507970565166598,12
"NHS NORTH EAST ESSEX CCG","E38000117",428059948.92,317679088.43,110380860.49,38221086.38,72159774.11,0.742136911503886,0.257863088496114,0.0892890971847103,0.168573991311404,0.346265522938759,0.653734477061242,13
"NHS HIGH WEALD LEWES HAVENS CCG","E38000081",261873306.24,195665736.18,66207570.06,1844623.79,64362946.27,0.747177094868453,0.252822905131547,0.00704395501964393,0.245778950111903,0.0278612217353443,0.972138778264656,14
"NHS WEST NORFOLK CCG","E38000203",254232565.13,190551170.6,63681394.53,3058280.97,60623113.56,0.749515194886867,0.250484805113133,0.0120294619551833,0.23845534315795,0.048024717306705,0.951975282693295,15
"NHS NOTTINGHAM CITY CCG","E38000132",421967879,317722679.8,104245199.2,55292375.39,48952823.81,0.752954657479983,0.247045342520017,0.131034560073706,0.11601078244631,0.530406923429813,0.469593076570187,16
"NHS OLDHAM CCG","E38000135",317166480.8,239514543.65,77651937.15,4684065.23,72967871.92,0.755169786686992,0.244830213313008,0.0147684749604852,0.230061738352523,0.0603212927058317,0.939678707294168,17
"NHS SOUTH LINCOLNSHIRE CCG","E38000157",204048257.44,154107821.88,49940435.56,1274898.93,48665536.63,0.755251839998267,0.244748160001733,0.00624802655016489,0.238500133451568,0.0255283902854291,0.974471609714571,18
"NHS WEST LANCASHIRE CCG","E38000200",137335334.85,104088577.09,33246757.76,2201878.91,31044878.85,0.757915486234386,0.242084513765614,0.0160328651938333,0.226051648571781,0.0662283800993412,0.933771619900659,19
"NHS KINGSTON CCG","E38000090",247632297.69,188154602.37,59477695.32,31019525.14,28458170.18,0.759814467358141,0.240185532641859,0.125264456330458,0.114921076311401,0.521532062954184,0.478467937045816,20
"NHS GREAT YARMOUTH AND WAVENEY CCG","E38000063",298417594.36,230935275.7,67482318.66,31936865.72,35545452.94,0.773866152883091,0.226133847116909,0.107020719701508,0.119113127415401,0.473262720578843,0.526737279421157,21
"NHS WEST CHESHIRE CCG","E38000196",329873303.5,255310672.02,74562631.48,5907716.7,68654914.78,0.77396585086189,0.22603414913811,0.0179090476171255,0.208125101520984,0.0792316014434742,0.920768398556526,22
"NHS ASHFORD CCG","E38000002",160508601.58,124357806.52,36150795.06,5632956.04,30517839.02,0.77477347192523,0.22522652807477,0.0350944185205704,0.1901321095542,0.155818316876597,0.844181683123403,23
"NHS NOTTINGHAM NORTH & EAST CCG","E38000133",199182976.24,154424963.57,44758012.67,3759882.25,40998130.42,0.775291977683524,0.224708022316476,0.0188765240934528,0.205831498223023,0.0840046737043832,0.915995326295617,24
"NHS SOUTH WORCESTERSHIRE CCG","E38000166",363405699.93,283088717.33,80316982.6,1799386.92,78517595.68,0.778988104436802,0.221011895563198,0.00495145486255885,0.216060440700639,0.0224035672375969,0.977596432762403,25
"NHS LINCOLNSHIRE EAST CCG","E38000099",352321772.91,274483728.57,77838044.34,5053229.79,72784814.55,0.77907114937264,0.22092885062736,0.0143426554318879,0.206586195195472,0.0649197938212228,0.935080206178777,26
"NHS NOTTINGHAM WEST CCG","E38000134",123316949.88,96139834.33,27177115.55,3338486.37,23838629.18,0.779615733470167,0.220384266529833,0.0270724046714478,0.193311861858385,0.122841821232202,0.877158178767798,27
"NHS NORTH STAFFORDSHIRE CCG","E38000126",298863422.02,233733854.05,65129567.97,7198543.46,57931024.51,0.782075813996262,0.217924186003738,0.0240863984335904,0.193837787570147,0.11052650408054,0.88947349591946,28
"NHS NORTH NORFOLK CCG","E38000124",239610344.28,187854470.63,51755873.65,2598162.84,49157710.81,0.78399983604414,0.21600016395586,0.0108432832806412,0.205156880675219,0.0502003474537039,0.949799652546296,29
"NHS FYLDE & WYRE CCG","E38000226",230840979.97,182433588.46,48407391.51,8824776.33,39582615.18,0.790299835339934,0.209700164660066,0.0382288115877296,0.171471353072336,0.182302248783163,0.817697751216837,30
"NHS NEW DEVON CCG","E38000129",1064856522.86,841611951.67,223244571.19,118417041.3,104827529.89,0.790352440542499,0.209647559457501,0.111204691672409,0.0984428677850922,0.530436375983437,0.469563624016563,31
"NHS SCARBOROUGH AND RYEDALE CCG","E38000145",162735561.42,128743025.5,33992535.92,2728648.34,31263887.58,0.791117960798565,0.208882039201435,0.0167673759575985,0.192114663243837,0.080271985191742,0.919728014808258,32
"NHS DARTFORD GRAVESHAM SWANLEY CCG","E38000043",320637912.28,254244848.73,66393063.55,7811918.37,58581145.18,0.792934456571618,0.207065543428382,0.0243636765049112,0.182701866923471,0.117661664521881,0.882338335478119,33
"NHS SOUTHAMPTON CCG","E38000167",327506749.64,259883889.2,67622860.44,769335.74,66853524.7,0.793522238810858,0.206477761189142,0.0023490683500284,0.204128692839114,0.0113768588757438,0.988623141124256,34
"NHS SOUTH NORFOLK CCG","E38000219",267331080.48,212153091.42,55177989.06,3260843.57,51917145.49,0.793596805276339,0.206403194723661,0.0121977720067007,0.19420542271696,0.0590968178716008,0.940903182128399,35
"NHS TOWER HAMLETS CCG","E38000186",382403623.54,303809967.26,78593656.28,35522589.26,43071067.02,0.794474603685917,0.205525396314083,0.0928929201328143,0.112632476181269,0.451977817820896,0.548022182179103,36
"NHS SURREY DOWNS CCG","E38000177",349918743.69,278635799.88,71282943.81,2691249.17,68591694.64,0.796287152101943,0.203712847898057,0.00769106890822697,0.19602177898983,0.037754461672814,0.962245538327186,37
"NHS REDBRIDGE CCG","E38000138",392454154.82,312712245.38,79741909.44,9404780.37,70337129.07,0.796812166566121,0.203187833433879,0.0239640229425359,0.179223810491343,0.117940245424853,0.882059754575147,38
"NHS STOKE ON TRENT CCG","E38000175",392603062.59,313015844.76,79587217.83,11895877.54,67691340.29,0.797283247601372,0.202716752398628,0.0303000120822364,0.172416740316391,0.149469699586809,0.850530300413191,39
"NHS SOUTH CHESHIRE CCG","E38000151",234510646.42,187251036.26,47259610.16,1347271.89,45912338.27,0.79847563050353,0.20152436949647,0.00574503507865091,0.195779334417819,0.0285078925839366,0.971492107416064,40
"NHS HEREFORDSHIRE CCG","E38000078",242495695.1,193886312.2,48609382.9,5490658.75,43118724.15,0.799545377991331,0.200454622008669,0.0226422937023099,0.177812328306359,0.112954710025747,0.887045289974253,41
"NHS GREATER PRESTON CCG","E38000227",241210600.41,193483278.6,47727321.81,2099016.97,45628304.84,0.802134227397656,0.197865772602344,0.00870200963984243,0.189163762962502,0.0439793579525807,0.956020642047419,42
"NHS WEST KENT CCG","E38000199",562668923.75,452020271.63,110648652.12,21117718.04,89530934.08,0.803350340760667,0.196649659239333,0.0375313388542191,0.159118320385114,0.190853820949374,0.809146179050626,43
"NHS GREENWICH CCG","E38000066",376416497.07,302687123.44,73729373.63,4624693.78,69104679.85,0.804128208503335,0.195871791496665,0.0122861081169351,0.18358568337973,0.062725255245058,0.937274744754942,44
"NHS BARKING AND DAGENHAM CCG","E38000004",294217925.81,237362961.43,56854964.38,4945910.78,51909053.6,0.80675900619082,0.19324099380918,0.0168103651957426,0.176430628613437,0.0869917136337145,0.913008286366286,45
"NHS CANTERBURY AND COASTAL CCG","E38000029",263705305.92,212927055.24,50778250.68,5612997.78,45165252.9,0.807443196856249,0.192556803143751,0.0212851150659168,0.171271688077834,0.110539408207908,0.889460591792092,46
"NHS HARROGATE & RURAL DISTRICT CCG","E38000073",191409779.31,154559535.17,36850244.14,933721.9,35916522.24,0.807479825362952,0.192520174637048,0.00487813059168612,0.187642044045362,0.0253382826027594,0.974661717397241,47
"NHS WYRE FOREST CCG","E38000211",144488795.35,116846852.77,27641942.58,261273,27380669.58,0.808691445498995,0.191308554501005,0.00180825786087502,0.18950029664013,0.00945204915478846,0.990547950845212,48
"NHS BLACKPOOL CCG","E38000015",251001117.59,203184898.44,47816219.15,8167741.51,39648477.64,0.809497983080275,0.190502016919725,0.0325406579397852,0.15796135897994,0.170815293538322,0.829184706461678,49
"NHS WANDSWORTH CCG","E38000193",442784802.086432,358484675.786432,84300126.3,28436805.8,55863320.5,0.809613776482905,0.190386223517095,0.0642226329042999,0.126163590612795,0.33732815178475,0.66267184821525,50
"NHS WEST LEICESTERSHIRE CCG","E38000201",432866192.26,350661828.09,82204364.17,16910947.4,65293416.77,0.810092897898055,0.189907102101945,0.0390673785626633,0.150839723539282,0.205718365086164,0.794281634913837,51
"NHS LEEDS CCG","E38000225",961575776.11,780005551.48,181570224.63,29700156.6,151870068.03,0.811174294173121,0.188825705826879,0.0308869642288102,0.157938741598069,0.163573937634997,0.836426062365003,52
"NHS NORTH CUMBRIA CCG","E38000215",417368454.57,338575310.42,78793144.15,13435651.9,65357492.25,0.811214423880746,0.188785576119254,0.0321913449684219,0.156594231150832,0.170518032310302,0.829481967689698,53
"NHS DONCASTER CCG","E38000044",411505536.35,334237576.38,77267959.97,7045629.31,70222330.66,0.812231056098645,0.187768943901355,0.0171215905683647,0.17064735333299,0.0911843578209588,0.908815642179041,54
"NHS SOUTH KENT COAST CCG","E38000156",282548801.67,229759379.07,52789422.6,8485051.52,44304371.08,0.81316706251101,0.186832937488989,0.030030392873193,0.156802544615796,0.160733933089088,0.839266066910912,55
"NHS MID ESSEX CCG","E38000106",389212514.23,316786717.56,72425796.67,27778908.3,44646888.37,0.813917091506464,0.186082908493536,0.0713720841041211,0.114710824389414,0.383549916980154,0.616450083019846,56
"NHS SANDWELL & WEST BIRMINGHAM CCG","E38000144",692208565.77,563889785.37,128318780.4,2080410.69,126238369.71,0.814624107898375,0.185375892101625,0.00300546799458598,0.182370424107039,0.016212830916214,0.983787169083786,57
"NHS NORTH KIRKLEES CCG","E38000121",220406080.62,179637590.63,40768489.99,21125210.55,19643279.44,0.815030103183548,0.184969896816452,0.095846768340397,0.089123128476055,0.518174957060753,0.481825042939247,58
"NHS HASTINGS & ROTHER CCG","E38000076",277822711.62,226537097.34,51285614.28,7718030.53,43567583.75,0.815401649559351,0.184598350440649,0.0277804160969984,0.15681793434365,0.150491139442388,0.849508860557612,59
"NHS CAMBRIDGESHIRE&PETERBOROUGH CCG","E38000026",1035984070.23,845080151.78,190903918.45,26327906.96,164576011.49,0.815726975022292,0.184273024977708,0.0254134283687923,0.158859596608915,0.137911820636073,0.862088179363927,60
"NHS HARROW CCG","E38000074",304071677.71,248220584.52,55851093.19,6832278.96,49018814.23,0.816322606529417,0.183677393470583,0.0224693039860033,0.16120808948458,0.122330263738209,0.877669736261791,61
"NHS CORBY CCG","E38000037",95261504.14,77774735.51,17486768.63,814139.19,16672629.44,0.816434048697145,0.183565951302855,0.0085463608553095,0.175019590447546,0.0465574404983707,0.953442559501629,62
"NHS HAVERING CCG","E38000077",382338293.83,312561120.09,69777173.74,7520496.2,62256677.54,0.817498861960646,0.182501138039354,0.0196697435788209,0.162831394460533,0.107778744780098,0.892221255219902,63
"NHS SURREY HEATH CCG","E38000178",114478545.21,93588913.34,20889631.87,846977.37,20042654.5,0.81752360818632,0.18247639181368,0.00739856860031109,0.175077823213369,0.0405453468625438,0.959454653137456,64
"NHS WEST HAMPSHIRE CCG","E38000198",634688589.08,520286689.03,114401900.05,6919946.39,107481953.66,0.819751131470901,0.180248868529099,0.0109029002711876,0.169345968257911,0.0604880372351823,0.939511962764818,65
"NHS EAST & NORTH HERTFORDSHIRE CCG","E38000049",663248992.47,544267694.13,118981298.34,13930284.24,105051014.1,0.820608399423416,0.179391600576584,0.0210030989841724,0.158388501592412,0.117079611958788,0.882920388041212,66
"NHS HOUNSLOW CCG","E38000084",364258574.17,298966296.25,65292277.92,9078579.55,56213698.37,0.820752941591629,0.179247058408371,0.0249234477752142,0.154323610633157,0.139045226161716,0.860954773838284,67
"NHS VALE ROYAL CCG","E38000189",132889186.32,109230205.03,23658981.29,2521943.65,21137037.64,0.821964586094849,0.178035413905152,0.0189777943551186,0.159057619550033,0.106595614540088,0.893404385459912,68
"NHS WEST ESSEX CCG","E38000197",385706214.04,317111107.32,68595106.72,8472301.85,60122804.87,0.822157112789253,0.177842887210747,0.021965686684844,0.155877200525903,0.123511752588757,0.876488247411243,69
"NHS HARINGEY CCG","E38000072",328615830.48,270202800.89,58413029.59,3768064.37,54644965.22,0.822245235402452,0.177754764597548,0.011466472459638,0.16628829213791,0.0645072579944573,0.935492742005543,70
"NHS BRADFORD DISTRICTS CCG","E38000019",461305692.68,379672465.25,81633227.43,13022668.17,68610559.26,0.823038759925671,0.176961240074329,0.0282300183514831,0.148731221722846,0.159526562650813,0.840473437349187,71
"NHS LINCOLNSHIRE WEST CCG","E38000100",276943341.59,228004327.39,48939014.2,3100340.13,45838674.07,0.823288713427703,0.176711286572297,0.0111948534750833,0.165516433097214,0.0633510948408111,0.936648905159189,72
"NHS BRENT CCG","E38000020",456128197.27,376248196.98,79880000.29,1809154.04,78070846.25,0.824873794761879,0.175126205238121,0.00396632799907586,0.171159877239045,0.0226483980149219,0.977351601985078,73
"NHS CENTRAL LONDON CCG","E38000031",328373367.13,270929339.15,57444027.98,9631900.34,47812127.64,0.825064899501248,0.174935100498752,0.0293321605956759,0.145602939903076,0.167674529079916,0.832325470920084,74
"NHS VALE OF YORK CCG","E38000188",425398313.28,351594593.7,73803719.58,7742645.86,66061073.72,0.8265067884004,0.1734932115996,0.0182009322046929,0.155292279394907,0.104908613062616,0.895091386937385,75
"NHS KERNOW CCG","E38000089",699321722.21,578060507.11,121261215.1,15742862,105518353.1,0.826601675239274,0.173398324760726,0.0225116158986873,0.150886708862039,0.129826028767874,0.870173971232126,76
"NHS NORTH WEST SURREY CCG","E38000128",448475941.77,370718164.5,77757777.27,3166028.8,74591748.47,0.82661772900657,0.17338227099343,0.00705952873972377,0.166322742253707,0.040716554808486,0.959283445191514,77
"NHS GLOUCESTERSHIRE CCG","E38000062",751287044.3,622011458.05,129275586.25,6127116.54,123148469.71,0.827927837660969,0.17207216233903,0.0081554934115879,0.163916668927443,0.0473957745443989,0.952604225455601,78
"NHS BLACKBURN WITH DARWEN CCG","E38000014",225699803.59,186952860.15,38746943.44,4062895.7,34684047.74,0.828325311658726,0.171674688341274,0.0180013258114329,0.153673362529841,0.104857192317413,0.895142807682587,79
"NHS BATH & NORTH EAST SOMERSET CCG","E38000009",234613994.62,194677072.33,39936922.29,1989831.32,37947090.97,0.8297760440306,0.1702239559694,0.00848129849723114,0.161742657472169,0.0498243531524772,0.950175646847523,80
"NHS SHROPSHIRE CCG","E38000147",401793234.21,333732828.76,68060405.45,7371897.27,60688508.18,0.830608383479081,0.169391616520919,0.0183474898090171,0.151044126711902,0.108314036939079,0.891685963060921,81
"NHS BASSETLAW CCG","E38000008",139023176.48,115567749.01,23455427.47,432620.61,23022806.86,0.831284048718493,0.168715951281507,0.0031118596262418,0.165604091655265,0.0184443711611452,0.981555628838855,82
"NHS LEICESTER CITY CCG","E38000097",427996205.4,356564335.18,71431870.22,14994687.3,56437182.92,0.833101627260362,0.166898372739638,0.0350346267345668,0.131863746005071,0.209915927635921,0.790084072364079,83
"NHS KNOWSLEY CCG","E38000091",296324680.99,247027275.26,49297405.73,1837071.94,47460333.79,0.833637192942212,0.166362807057788,0.00619952389339447,0.160163283164394,0.0372650834825178,0.962734916517482,84
"NHS WAKEFIELD CCG","E38000190",486646370.47,405750360.91,80896009.56,7536741.48,73359268.08,0.83376839021347,0.16623160978653,0.0154871009779053,0.150744508808624,0.0931658004021824,0.906834199597818,85
"NHS EAST SURREY CCG","E38000054",239482457.67,199845782.69,39636674.98,22473518.2,17163156.78,0.834490278053609,0.165509721946391,0.0938420225792399,0.0716676993671509,0.566987977960809,0.433012022039191,86
"NHS DARLINGTON CCG","E38000042",143881049.39,120093384.97,23787664.42,1239740.64,22547923.78,0.834671316890928,0.165328683109072,0.00861642756468639,0.156712255544385,0.0521169551625951,0.947883044837405,87
"NHS CALDERDALE CCG","E38000025",250703998.72,209360759.38,41343239.34,4241431.75,37101807.59,0.835091424344713,0.164908575655287,0.0169180857571285,0.147990489898158,0.102590697238771,0.897409302761229,88
"NHS CHORLEY AND SOUTH RIBBLE CCG","E38000034",210769351.31,176029836.2,34739515.11,1653568.89,33085946.22,0.835177577318132,0.164822422681868,0.00784539535621537,0.156977027325653,0.0475990780171831,0.952400921982817,89
"NHS DORSET CCG","E38000045",1049626400.51,877372474.94,172253925.57,20790725.81,151463199.76,0.835890250582203,0.164109749417797,0.0198077390201867,0.14430201039761,0.120698124824744,0.879301875175256,90
"NHS SOUTH WARWICKSHIRE CCG","E38000164",329275757.98,275355754.7,53920003.28,3905366.51,50014636.77,0.83624666567991,0.16375333432009,0.0118604738288605,0.15189286049123,0.0724288997112984,0.927571100288702,91
"NHS DUDLEY CCG","E38000046",393130576.69,328796250.92,64334325.77,3174243.51,61160082.26,0.836353797988269,0.163646202011731,0.00807427276892539,0.155571929242805,0.049339811554848,0.950660188445152,92
"NHS HAMBLETON RICHMOND & WHITBY CCG","E38000069",192520558.03,161155499.97,31365058.06,464629.46,30900428.6,0.837082032272561,0.162917967727439,0.00241340179331704,0.160504565934122,0.0148136011452995,0.985186398854701,93
"NHS ENFIELD CCG","E38000057",412933888.34,346185866.3,66748022.04,7824987.35,58923034.69,0.838356637891049,0.161643362108952,0.0189497340154293,0.142693628093522,0.117231748759697,0.882768251240303,94
"NHS BRIGHTON & HOVE CCG","E38000021",373198652.66,312874463.42,60324189.24,13193416.72,47130772.52,0.838359037981421,0.161640962018579,0.0353522624638727,0.126288699554706,0.218708562621703,0.781291437378297,95
"NHS BERKSHIRE WEST CCG","E38000221",553906062.34,464996163.58,88909898.76,5138809.84,83771088.92,0.839485600889804,0.160514399110196,0.00927740313635651,0.15123699597384,0.0577979495159646,0.942202050484035,96
"NHS SOUTH TEES CCG","E38000162",420686134.66,353185189.24,67500945.42,8642533.67,58858411.75,0.839545590266353,0.160454409733647,0.0205438994964379,0.139910510237209,0.128035742554789,0.871964257445211,97
"NHS BOLTON CCG","E38000016",394378509.39,331309861.51,63068647.88,11479285.05,51589362.83,0.840080921301846,0.159919078698154,0.0291072783548866,0.130811800343267,0.182012544043143,0.817987455956857,98
"NHS MILTON KEYNES CCG","E38000107",310031953.15,260892558.93,49139394.22,6875823.24,42263570.98,0.841502162210276,0.158497837789724,0.022177788999295,0.136320048790429,0.139924867799886,0.860075132200114,99
"NHS OXFORDSHIRE CCG","E38000136",830377638.89,699475091.9,130902546.99,6713393.09,124189153.9,0.842357813048792,0.157642186951208,0.00808474695799139,0.149557439993217,0.0512854275517867,0.948714572448213,100
"NHS NE HAMPSHIRE & FARNHAM CCG","E38000118",264874578.15,223215187.51,41659390.64,4392459.82,37266930.82,0.842720313399015,0.157279686600985,0.0165831687233968,0.140696517877588,0.10543744765634,0.89456255234366,101
"NHS NEWARK & SHERWOOD CCG","E38000109",143302679.2,120845842.11,22456837.09,1824286.23,20632550.86,0.843290877634896,0.156709122365104,0.0127303009279676,0.143978821437136,0.081235225721629,0.918764774278371,102
"NHS CASTLE POINT CCG","E38000030",212215095.06,179088400.79,33126694.27,4319285.68,28807408.59,0.843900386724922,0.156099613275078,0.0203533385727288,0.13574627470235,0.130386860964621,0.869613139035379,103
"NHS SWINDON CCG","E38000181",262159375.46,221253594.48,40905780.98,4095485.03,36810295.95,0.843965980967782,0.156034019032218,0.0156221192654805,0.140411899766737,0.100119956932307,0.899880043067693,104
"NHS IPSWICH AND EAST SUFFOLK CCG","E38000086",453189698.31,382678148.4,70511549.91,7408307.25,63103242.66,0.844410519098412,0.155589480901588,0.0163470336541772,0.13924244724741,0.105065159671797,0.894934840328203,105
"NHS TELFORD AND WREKIN CCG","E38000183",202758765.63,171604049.66,31154715.97,7521094.45,23633621.52,0.846345898421713,0.153654101578286,0.0370938066555638,0.116560294922723,0.24141110633916,0.75858889366084,106
"NHS BUCKINGHAMSHIRE CCG","E38000223",628006601.18,531637630.87,96368970.31,11227573.25,85141397.06,0.846547838623151,0.153452161376849,0.0178781134289095,0.13557404794794,0.116506103716612,0.883493896283388,107
"NHS DDES CCG","E38000047",477104804.3,404094318.62,73010485.68,6483216.92,66527268.76,0.846971807825076,0.153028192174924,0.0135886640871539,0.13943952808777,0.0887984357262805,0.91120156427372,108
"NHS GUILDFORD AND WAVERLEY CCG","E38000214",286171454.66,242440213.89,43731240.77,5725863.4,38005377.37,0.847185174978556,0.152814825021444,0.020008506462683,0.132806318558761,0.130933019488621,0.869066980511379,109
"NHS ISLE OF WIGHT CCG","E38000087",211617967.53,179292335.99,32325631.54,3483385.8,28842245.74,0.847245335935771,0.152754664064229,0.0164607279838191,0.13629393608041,0.107759249674353,0.892240750325647,110
"NHS WEST SUFFOLK CCG","E38000204",282583230.28,239549033.08,43034197.2,5455464.63,37578732.57,0.847711425913848,0.152288574086152,0.0193056913695636,0.132982882716589,0.126770451988355,0.873229548011645,111
"NHS WALTHAM FOREST CCG","E38000192",390283488.22,331204422.21,59079066.01,3682639.77,55396426.24,0.848625248586746,0.151374751413254,0.00943580725588914,0.141938944157364,0.0623340891911978,0.937665910808802,112
"NHS THANET CCG","E38000184",220991017.44,187637131.32,33353886.12,5967810.69,27386075.43,0.849071303863942,0.150928696136058,0.0270047658910855,0.123923930244972,0.178923999096511,0.821076000903489,113
"NHS LUTON CCG","E38000102",276909872.75,235399904.35,41509968.4,6878417.6,34631550.8,0.850095744193722,0.149904255806278,0.0248399146324767,0.125064341173802,0.1657051996214,0.8342948003786,114
"NHS LAMBETH CCG","E38000092",508383806.35,432673999.62,75709806.73,11089271.2,64620535.53,0.851077461979823,0.148922538020177,0.0218127939196504,0.127109744100526,0.146470737133792,0.853529262866208,115
"NHS GREATER HUDDERSFIELD CCG","E38000064",266687963.48,227176967.08,39510996.4,27342067.97,12168928.43,0.851845595562609,0.148154404437391,0.102524566962882,0.0456298374745083,0.692011603382394,0.307988396617606,116
"NHS NORTH DERBYSHIRE CCG","E38000115",396435226.46,338701784.37,57733442.09,8562207.21,49171234.88,0.854368536808559,0.145631463191441,0.021597997954059,0.124033465237382,0.148305850128466,0.851694149871534,117
"NHS STOCKPORT CCG","E38000174",380694021.08,325380169.92,55313851.16,9970400.2,45343450.96,0.854702600784013,0.145297399215987,0.0261900624856538,0.119107336730333,0.180251419687987,0.819748580312013,118
"NHS BIRMINGHAM & SOLIHULL CCG","E38000220",1487101907.68,1271982264.18,215119643.5,24796771.76,190322871.74,0.855343038436684,0.144656961563316,0.0166745611931095,0.127982400370207,0.115269676708998,0.884730323291002,119
"NHS NORWICH CCG","E38000218",247246420.91,211541363.27,35705057.64,2587835.33,33117222.31,0.855589183015931,0.144410816984069,0.0104666240282685,0.1339441929558,0.072478116576428,0.927521883423572,120
"NHS CANNOCK CHASE CCG","E38000028",193659426.43,165720856.18,27938570.25,2054870.11,25883700.14,0.855733486538551,0.144266513461449,0.0106107414850924,0.133655771976356,0.0735495800827532,0.926450419917247,121
"NHS EAST LANCASHIRE CCG","E38000050",517379432.45,442839021.36,74540411.09,9772581.34,64767829.75,0.855926992039438,0.144073007960562,0.0188886158340754,0.125184392126487,0.131104473360103,0.868895526639897,122
"NHS HILLINGDON CCG","E38000082",356015416.59,304860009.44,51155407.15,6514525.71,44640881.44,0.856311258540491,0.143688741459509,0.0182984371081389,0.12539030435137,0.127347744313672,0.872652255686328,123
"NHS EREWASH CCG","E38000058",129426178.86,110917247.73,18508931.13,2266968.91,16241962.22,0.856992369758354,0.143007630241646,0.0175155361146231,0.125492094127023,0.122479731221519,0.877520268778481,124
"NHS NEWCASTLE GATESHEAD CCG","E38000212",730440611.79,626547468.85,103893142.94,18457164.16,85435978.78,0.857766475106851,0.142233524893149,0.0252685349939255,0.116964989899224,0.17765526807346,0.82234473192654,125
"NHS LIVERPOOL CCG","E38000101",775654411.37,665465897.09,110188514.28,8602226.57,101586287.71,0.857941226576177,0.142058773423823,0.0110902825329212,0.130968490890902,0.0780682689680422,0.921931731031958,126
"NHS SOUTHWARK CCG","E38000171",413832718.893565,355642862.27,58189856.6235648,8520438.33,49669418.2935648,0.859387974979013,0.140612025020986,0.0205890881532531,0.120022936867733,0.146424803640941,0.853575196359059,127
"NHS REDDITCH AND BROMSGROVE CCG","E38000139",205848717.4,176920896.91,28927820.49,391909.5,28535910.99,0.859470484657972,0.140529515342028,0.00190387146905779,0.13862564387297,0.0135478405687521,0.986452159431248,128
"NHS HERTS VALLEYS CCG","E38000079",736122109.33,633294201.38,102827907.95,12828526.2,89999381.75,0.860311344209466,0.139688655790534,0.0174271714399072,0.122261484350627,0.124757242034311,0.875242757965689,129
"NHS SOUTHEND CCG","E38000168",225628941.04,194119398.99,31509542.05,3863134.7,27646407.35,0.860347959331982,0.139652040668018,0.0171216275810785,0.12253041308694,0.122602057937557,0.877397942062443,130
"NHS TRAFFORD CCG","E38000187",297678749.35,256150675.76,41528073.59,4543904.25,36984169.34,0.860493657405243,0.139506342594757,0.0152644562634111,0.124241886331346,0.109417650692426,0.890582349307574,131
"NHS NORTH HAMPSHIRE CCG","E38000120",263871857.97,227106281.62,36765576.35,3619365.26,33146211.09,0.860668823750883,0.139331176249117,0.0137163746367053,0.125614801612412,0.0984444042314054,0.901555595768595,132
"NHS ROTHERHAM CCG","E38000141",323363690.49,278311551.71,45052138.78,8123197.01,36928941.77,0.860676569123356,0.139323430876644,0.0251209311648155,0.114202499711828,0.180306578776813,0.819693421223187,133
"NHS PORTSMOUTH CCG","E38000137",270509760.22,233374348.67,37135411.55,369074.68,36766336.87,0.862720622280695,0.137279377719305,0.00136436733262356,0.135915010386681,0.0099386182782186,0.990061381721781,134
"NHS BARNSLEY CCG","E38000006",350911442.87,302825888.35,48085554.52,7901676.31,40183878.21,0.862969545459326,0.137030454540674,0.0225175794934886,0.114512875047186,0.164325365255245,0.835674634744755,135
"NHS BARNET CCG","E38000005",470318617.49,405875335.75,64443281.74,12964116.15,51479165.59,0.862979522086705,0.137020477913295,0.0275645395863489,0.109455938326946,0.201170949088292,0.798829050911708,136
"NHS COASTAL WEST SUSSEX CCG","E38000213",694355395.85,599288766.77,95066629.08,10983873.98,84082755.1,0.863086497709687,0.136913502290313,0.0158188069764389,0.121094695313874,0.115538692034162,0.884461307965838,137
"NHS SUNDERLAND CCG","E38000176",485508006.08,419347252.26,66160753.82,3587523.17,62573230.65,0.863728809841504,0.136271190158496,0.00738921526539948,0.128881974893097,0.0542243393985561,0.945775660601444,138
"NHS MERTON CCG","E38000105",248745798.103916,214859470.913916,33886327.19,2910109.28,30976217.91,0.863771257853193,0.136228742146807,0.0116991294011096,0.124529612745697,0.085878568771501,0.914121431228499,139
"NHS HARTLEPOOL&STOCKTON-ON-TEES CCG","E38000075",433668591.94,374594453.02,59074138.92,8946499.92,50127639,0.86378045351236,0.13621954648764,0.0206298083058729,0.115589738181767,0.151445286948924,0.848554713051076,140
"NHS WEST LONDON CCG","E38000202",366990156.13,317083013.06,49907143.07,3842412.76,46064730.31,0.864009586534192,0.135990413465808,0.0104700703706039,0.125520343095204,0.0769912386010679,0.923008761398932,141
"NHS ST HELENS CCG","E38000172",335390067.4,289935818.8,45454248.6,6663167.7,38791080.9,0.864473480230441,0.13552651976956,0.019866920185365,0.115659599584194,0.146590646754196,0.853409353245804,142
"NHS WARRINGTON CCG","E38000194",280326432.62,242421843.31,37904589.31,5656232.83,32248356.48,0.864784105602407,0.135215894397593,0.0201773082086318,0.115038586188962,0.149222902370499,0.850777097629501,143
"NHS SOUTHERN DERBYSHIRE CCG","E38000169",714172558.49,617930433.91,96242124.58,18742150.74,77499973.84,0.865239677111806,0.134760322888194,0.0262431684292479,0.108517154458946,0.194739578139932,0.805260421860068,144
"NHS WIGAN BOROUGH CCG","E38000205",459803255.62,397883425.36,61919830.26,9072645.78,52847184.48,0.865334076035397,0.134665923964603,0.0197315822998391,0.114934341664764,0.146522458829492,0.853477541170508,145
"NHS HEYWOOD MIDDLETON&ROCHDALE CCG","E38000080",302477599.86,262059235.88,40418363.98,9062291.95,31356072.03,0.866375678732219,0.133624321267781,0.0299602084722784,0.103664112795503,0.224212240616276,0.775787759383724,146
"NHS NORTH DURHAM CCG","E38000116",362117204.1,314708548.98,47408655.12,1734030.47,45674624.65,0.869079252288417,0.130920747711583,0.00478858902688628,0.126132158684697,0.0365762425787201,0.96342375742128,147
"NHS CAMDEN CCG","E38000027",388953361.54,338447558.9,50505802.64,6358645.29,44147157.35,0.870149463575709,0.12985053642429,0.0163480918761672,0.113502444548123,0.125899301815353,0.874100698184647,148
"NHS BEDFORDSHIRE CCG","E38000010",502928941.02,438160024.1,64768916.92,10070783.72,54698133.2,0.871216564334833,0.128783435665168,0.0200242676422145,0.108759168022953,0.155487913012951,0.844512086987049,149
"NHS BRADFORD CITY CCG","E38000018",142498111.22,124208659.36,18289451.86,4126725.8,14162726.06,0.871651268192859,0.128348731807141,0.0289598631495461,0.0993888686575954,0.225634197874753,0.774365802125248,150
"NHS BEXLEY CCG","E38000011",310918531.27,271117402.65,39801128.62,5751593.19,34049535.43,0.871988560934514,0.128011439065486,0.0184987146520557,0.10951272441343,0.144508293845462,0.855491706154538,151
"NHS TAMESIDE AND GLOSSOP CCG","E38000182",292413603.63,255353380.79,37060222.84,5118733.19,31941489.65,0.873260948259803,0.126739051740197,0.0175051130537582,0.109233938686439,0.138119331124885,0.861880668875114,152
"NHS HAMMERSMITH AND FULHAM CCG","E38000070",289709639.09,253087156.74,36622482.35,2402278.36,34220203.99,0.873589009792584,0.126410990207416,0.00829202082314465,0.118118969384271,0.0655957271558355,0.934404272844165,153
"NHS NORTHUMBERLAND CCG","E38000130",474394775.08,415199309.51,59195465.57,3897351.77,55298113.8,0.875218976515883,0.124781023484117,0.00821541883411925,0.116565604649998,0.0658386876844695,0.93416131231553,154
"NHS SE STAFFS&SEISDON PENINSULA CCG","E38000153",252512111.27,221019445.24,31492666.03,2447980.8,29044685.23,0.875282552303694,0.124717447696306,0.00969450846412069,0.115022939232185,0.0777317740475845,0.922268225952416,155
"NHS SOUTHPORT AND FORMBY CCG","E38000170",159547913.07,139691164.96,19856748.11,1482343.34,18374404.77,0.875543667554661,0.124456332445339,0.00929089770888847,0.115165434736451,0.0746518680595783,0.925348131940422,156
"NHS SOUTH EASTERN HAMPSHIRE CCG","E38000154",273769226.19,239723082.65,34046143.54,743807,33302336.54,0.875639260066537,0.124360739933463,0.00271691238037027,0.121643827553093,0.0218470264958532,0.978152973504147,157
"NHS EALING CCG","E38000048",491605842.15,430872928.99,60732913.16,1716159.59,59016753.57,0.876460147636999,0.123539852363001,0.00349092594688157,0.12004892641612,0.0282574884145406,0.971742511585459,158
"NHS COVENTRY AND RUGBY CCG","E38000038",648534693.86,568633097.84,79901596.02,3593858.41,76307737.61,0.87679672841489,0.12320327158511,0.00554150524871659,0.117661766336394,0.0449785559865466,0.955021444013453,159
"NHS RICHMOND CCG","E38000140",223911249.43,196352618.99,27558630.44,3425875.05,24132755.39,0.876921635200756,0.123078364799244,0.0153001470838159,0.107778217715428,0.124312238863202,0.875687761136798,160
"NHS WOLVERHAMPTON CCG","E38000210",379923710.59,333280042.69,46643667.9,7279291.78,39364376.12,0.877228857794727,0.122771142205273,0.0191598775677772,0.103611264637496,0.156061735873906,0.843938264126094,161
"NHS CROYDON CCG","E38000040",515859359.59,452806210.27,63053149.32,5879742.51,57173406.81,0.87777065948728,0.12222934051272,0.0113979564404398,0.110831384072281,0.0932505762743081,0.906749423725692,162
"NHS NORTH TYNESIDE CCG","E38000127",319062524.29,280066902.6,38995621.69,1146770.06,37848851.63,0.877780626926413,0.122219373073587,0.00359418600649472,0.118625187067093,0.0294076619451377,0.970592338054862,163
"NHS FAREHAM AND GOSPORT CCG","E38000059",243970423.45,214241731.94,29728691.51,67145,29661546.51,0.878146329831277,0.121853670168723,0.000275217786855057,0.121578452381868,0.00225859251078757,0.997741407489212,164
"NHS HALTON CCG","E38000068",197212263.02,173235929.58,23976333.44,2101739.6,21874593.84,0.878423719332461,0.121576280667539,0.0106572459938095,0.110919034673729,0.0876589243830603,0.91234107561694,165
"NHS ISLINGTON CCG","E38000088",344474441.24,302670815.23,41803626.01,4471663.56,37331962.45,0.878645202646907,0.121354797353093,0.0129811185523762,0.108373678800716,0.106968317985868,0.893031682014132,166
"NHS WARWICKSHIRE NORTH CCG","E38000195",226985077.2,199757112.86,27227964.34,776651.75,26451312.59,0.880045134790914,0.119954865209086,0.00342159828117546,0.116533266927911,0.028524047567487,0.971475952432513,167
"NHS MANSFIELD & ASHFIELD CCG","E38000103",230849872.66,203209460.31,27640412.35,2731990.77,24908421.58,0.880266720394907,0.119733279605093,0.0118344911284561,0.107898788476637,0.0988404491006083,0.901159550899392,168
"NHS EAST BERKSHIRE CCG","E38000224",547776270.52,482202854.52,65573416,4616218.7,60957197.3,0.880291608948756,0.119708391051244,0.0084271972855229,0.111281193765721,0.0703977157450513,0.929602284254949,169
"NHS SALFORD CCG","E38000143",506370683.28,446412209.47,59958473.81,12791288.47,47167185.34,0.881591735481958,0.118408264518042,0.0252607208362554,0.0931475436817868,0.213335791543557,0.786664208456443,170
"NHS WALSALL CCG","E38000191",340677457.36,300389531.1,40287926.26,1928887.05,38359039.21,0.881741731395432,0.118258268604568,0.00566191571625389,0.112596352888314,0.0478775461797621,0.952122453820238,171
"NHS NENE CCG","E38000108",724016714.67,639107504.85,84909209.82,12085170.9,72824038.92,0.882724793365163,0.117275206634837,0.0166918396428297,0.100583366992007,0.142330507204336,0.857669492795664,172
"NHS HARDWICK CCG","E38000071",146283924.55,129210145.33,17073779.22,2448282.43,14625496.79,0.883283284390116,0.116716715609883,0.0167365104370246,0.0999802051728588,0.143394288894875,0.856605711105125,173
"NHS BURY CCG","E38000024",237852012.74,210206085.96,27645926.78,2404984.55,25240942.23,0.883768371511658,0.116231628488342,0.0101112642365105,0.106120364251831,0.0869923648839238,0.913007635116076,174
"NHS EASTBOURNE HAILSHAM&SEAFORD CCG","E38000055",276572458.19,244430899.88,32141558.31,3953554.83,28188003.48,0.883786120569101,0.116213879430899,0.0142948247843391,0.10191905464656,0.123004453980377,0.876995546019623,175
"NHS SHEFFIELD CCG","E38000146",762767510.29,674385979.92,88381530.37,8125034.81,80256495.56,0.884130447118287,0.115869552881713,0.0106520462662482,0.105217506615465,0.0919313659311555,0.908068634068845,176
"NHS SUTTON CCG","E38000179",260283481.35,230257640.17,30025841.18,2045718.39,27980122.79,0.884641772023847,0.115358227976153,0.00785957825440773,0.107498649721745,0.068131926021198,0.931868073978802,177
"NHS LEWISHAM CCG","E38000098",424304802.55,377654680.16,46650122.39,3481669.3,43168453.09,0.890055162916751,0.109944837083249,0.0082055854166056,0.101739251666644,0.0746336584262925,0.925366341573708,178
"NHS NORTH LINCOLNSHIRE CCG","E38000122",194404509.45,173061607.87,21342901.58,2734909.06,18607992.52,0.890213958305894,0.109786041694106,0.0140681359076365,0.0957179057864699,0.128141389292767,0.871858610707233,179
"NHS SOMERSET CCG","E38000150",674390502.36,601803868.17,72586634.19,15491043.26,57095590.93,0.892367057460053,0.107632942539947,0.0229704350903368,0.0846625074496104,0.213414541573194,0.786585458426806,180
"NHS SOUTH TYNESIDE CCG","E38000163",243193894.16,217136965.95,26056928.21,963787.91,25093140.3,0.892855335451568,0.107144664548432,0.00396304320603507,0.103181621342397,0.0369877793050879,0.963012220694912,181
"NHS BASILDON AND BRENTWOOD CCG","E38000007",290118752.26,260855786.55,29262965.71,11137036.66,18125929.05,0.899134525148602,0.100865474851398,0.0383878552256393,0.0624776196257587,0.380584687497828,0.619415312502172,182
"NHS WIRRAL CCG","E38000208",450716696.71,411284028.68,39432668.03,4514143.85,34918524.18,0.912511188696052,0.0874888113039481,0.010015479530603,0.0774733317733451,0.114477261507278,0.885522738492722,183
"NHS SOUTH SEFTON CCG","E38000161",203099218.96,187099555.52,15999663.44,2514758.78,13484904.66,0.921222427531092,0.0787775724689079,0.0123819224558184,0.0663956500130895,0.157175729941479,0.842824270058521,184
"NHS THURROCK CCG","E38000185",171896942.62,158366893.67,13530048.95,6173370.71,7356678.24,0.921289763833032,0.0787102361669683,0.0359132083206798,0.0427970278462885,0.456271129011695,0.543728870988305,185
"NHS MANCHESTER CCG","E38000217",735206584.19,684398503.48,50808080.71,9755867.17,41052213.54,0.930892783331127,0.0691072166688725,0.013269559032511,0.0558376576363615,0.192014085823948,0.807985914176052,186
"NHS SOUTH DEVON AND TORBAY CCG","E38000152",360637862.19,335860519.21,24777342.98,9050378.92,15726964.06,0.931295780122648,0.0687042198773522,0.0250954762903731,0.0436087435869791,0.365268339196231,0.634731660803769,187
"NHS MORECAMBE BAY CCG","E38000228",416401809.83,389362511.87,27039297.96,5429764.2,21609533.76,0.935064408170947,0.0649355918290534,0.0130397228633967,0.0518958689656568,0.200810102689515,0.799189897310485,188
"NHS CRAWLEY CCG","E38000039",171783538.05,169415634.38,2367903.67,1163379,1204524.67,0.986215770749169,0.0137842292508307,0.00677235440139428,0.00701187484943642,0.491311793946415,0.508688206053585,189
