"CCGName","CareHome","Executor","GOV","GPServices","Hospice","LA","LMC_LPC","NHS","Other","PharmOp","PoliceFire","School","Solicitor","University","Total","PC_CareHome","PC_Executor","PC_GPServices","PC_GOV","PC_Hospice","PC_LA","PC_LMC_LPC","PC_NHS","PC_Other","PC_PharmOp","PC_PoliceFire","PC_School","PC_Solicitor","PC_University"
"NHS ASHFORD CCG",898133.58,32090.48,0,22290874.31,408683.55,10374053.47,0,113983753.05,12521013.14,0,0,0,0,0,160508601.58,0.00559554797162915,0.000199929970631547,0.13887650936196,0,0.00254617849745769,0.0646323833606476,0,0.710141088564582,0.0780083622730918,0,0,0,0,0
"NHS BARKING AND DAGENHAM CCG",1414581.22,0,215676.79,32289821.34,696631.88,14224851.36,0,223138110.07,21896608.82,0,0,49000,139428.33,153216,294217925.81,0.00480793689271506,0,0.10974797423068,0.000733051153855526,0.00236774111598445,0.048348010478417,0,0.758410995712403,0.0744230956007092,0,0,0.000166543217464062,0.000473894748649815,0.000520756849121912
"NHS BARNET CCG",4290786.34,0,1712226.65,43047162.31,1094171,24162267.19,240239,381713068.56,14005406.48,0,0,0,53289.96,0,470318617.49,0.00912314796913442,0,0.091527659567751,0.00364056745007847,0.00232644628409434,0.0513742520314194,0.000510800531950254,0.811605270055286,0.0297785500279452,0,0,0,0.000113306082341367,0
"NHS BARNSLEY CCG",984320.28,0,1653615.22,29851589.67,1589086.08,32229831.21,0,270596057.14,13724643.27,0,0,282300,0,0,350911442.87,0.00280503899203041,0,0.0850687268156682,0.00471234339489067,0.00452845329580403,0.0918460536550243,0,0.771123491804301,0.039111415568983,0,0,0.000804476473298085,0,0
"NHS BASILDON AND BRENTWOOD CCG",146544.44,0,1170312.63,2049144.68,3029842,17455939.61,0,243399846.94,22867121.96,0,0,0,0,0,290118752.26,0.000505118813790668,0,0.00706312385544657,0.00403390894550375,0.0104434545385219,0.0601682568741929,0,0.838966268274409,0.0788198686981351,0,0,0,0,0
"NHS BASSETLAW CCG",246000,0,54393.8,15768950.09,0,9423676.93,40000,106144072.08,7346083.58,0,0,0,0,0,139023176.48,0.00176948913288131,0,0.113426771630905,0.000391257065024875,0,0.0677849346317857,0.000287721810224603,0.763499114086708,0.0528407116424707,0,0,0,0,0
"NHS BATH & NORTH EAST SOMERSET CCG",0,0,1236036.52,23627216.04,0,56692888.48,25434,137984183.85,15048235.73,0,0,0,0,0,234613994.62,0,0,0.100706763372187,0.00526838359323784,0,0.241643251383296,0.000108407855384735,0.588132792647303,0.0641404011485903,0,0,0,0,0
"NHS BEDFORDSHIRE CCG",2780684.3,0,2592803.06,17347193.42,343544.49,21572840.56,0,416587183.54,41704691.65,0,0,0,0,0,502928941.02,0.00552898048452022,0,0.0344923348113907,0.00515540635768839,0.000683087533803982,0.0428944107218163,0,0.828322153613016,0.0829236264777642,0,0,0,0,0
"NHS BERKSHIRE WEST CCG",104874.75,0,1713029.59,55310334.47,31500,22551322.2,166749.86,442444841.38,31583410.09,0,0,0,0,0,553906062.34,0.000189336707305481,0,0.0998550805462195,0.00309263556849917,5.68688486039075e-05,0.0407132612066583,0.000301043572795643,0.798772339683145,0.0570194338667725,0,0,0,0,0
"NHS BEXLEY CCG",2159126.28,0,1196700.59,25630512.61,1118146,13787180.32,146715,257330222.33,9522253.93,0,0,0,27674.21,0,310918531.27,0.00694434735421102,0,0.0824348182313475,0.00384892011779379,0.00359626682730277,0.0443433855926306,0.000471876022959189,0.827645175341883,0.0306262025975252,0,0,0,8.90079143464365e-05,0
"NHS BIRMINGHAM & SOLIHULL CCG",5421859.24,0,0,126218709.03,7755128.33,58247578.54,235246.71,1213734685.64,75286417.84,0,0,0,0,202282.35,1487101907.68,0.00364592312873739,0,0.0848756284812461,0,0.00521492729580223,0.0391685184715222,0.000158191384722923,0.816174519965162,0.0506262667347747,0,0,0,0,0.000136024538032889
"NHS BLACKBURN WITH DARWEN CCG",125799.26,0,396773.64,22978981.53,1072956,12839109.21,0,174113750.94,14077707.01,0,60000,0,0,34726,225699803.59,0.000557374255533352,0,0.101812146774142,0.00175797069243697,0.00475390754858211,0.0568857792775184,0,0.771439532381208,0.0623735899902384,0,0.000265839841442637,0,0,0.00015385923889895
"NHS BLACKPOOL CCG",8776100.49,0,906524.11,23447752.01,1434571,19927665.27,0,183257233.17,13251271.54,0,0,0,0,0,251001117.59,0.0349643881041813,0,0.0934169227417582,0.00361163375965827,0.00571539686266781,0.0793927352249922,0,0.730105247855283,0.0527936754514592,0,0,0,0,0
"NHS BOLTON CCG",3487926.38,0,1876013.25,30399326.33,1329046.05,25169629.51,0,306140232,25976335.87,0,0,0,0,0,394378509.39,0.00884410863410105,0,0.0770815995451166,0.00475688508712531,0.00336997584390611,0.0638209966078801,0,0.776259924693966,0.0658665095879047,0,0,0,0,0
"NHS BRADFORD CITY CCG",0,0,0,11752135.78,0,3832494,121572.52,120376165.36,6415743.56,0,0,0,0,0,142498111.22,0,0,0.0824722214167184,0,0,0.0268950512198936,0.000853151799410917,0.844756216972965,0.0450233585910122,0,0,0,0,0
"NHS BRADFORD DISTRICTS CCG",104226.75,0,3187960.08,36136265.82,0,58569775.07,287190.61,321102690.18,41835774.17,0,0,0,0,81810,461305692.68,0.000225938573171479,0,0.0783347493720766,0.00691073214700482,0,0.126965212004502,0.000622560299075302,0.696073547921169,0.0906899152424307,0,0,0,0,0.000177344440569803
"NHS BRENT CCG",1154765.2,0,6435778.72,39411303.71,673316.04,32414695.79,230977,343833501.19,31973859.62,0,0,0,0,0,456128197.27,0.00253166808566419,0,0.0864040064742389,0.0141095831358797,0.0014761552651862,0.0710648804086376,0.000506386146224755,0.753808914353242,0.0700984061309269,0,0,0,0,0
"NHS BRIGHTON & HOVE CCG",1224099.91,0,2067354.42,29962194.7,2279716.5,27074433.08,36478.14,285800030.34,24314829.15,439516.42,0,0,0,0,373198652.66,0.00328002231861005,0,0.0802848415621073,0.00553955488655917,0.00610858716598026,0.0725469743446956,9.77445650995776e-05,0.765812063636725,0.0651525105374693,0.0011777009827536,0,0,0,0
"NHS BRISTOL N SOMERSET S GLOS CCG",4858645.58,0,4672417.86,109388152.29,2611224.12,68502110.49,490779.57,778342723.83,203179249.88,0,0,78463,0,2861852.19,1174985618.81,0.00413506812527691,0,0.0930974392697555,0.00397657450882856,0.00222234559997814,0.058300382058614,0.000417689852661389,0.662427447085087,0.172920626965439,0,0,6.6777838591306e-05,0,0.00243564869576738
"NHS BROMLEY CCG",3827620.27,0,1860881.04,31577000.9,2777478.11,24116571.19,212488,297036224.44,72771587.95,0,0,0,52627.06,0,434232478.96,0.00881467982120376,0,0.0727191134473126,0.00428544876342937,0.00639629287208581,0.0555383863679657,0.00048934156309292,0.684048842111974,0.167586699466355,0,0,0,0.000121195586580818,0
"NHS BUCKINGHAMSHIRE CCG",11408158.81,0,98341,61514465.53,600301.75,39322709.41,139090.72,492314921.46,22608612.5,0,0,0,0,0,628006601.18,0.0181656670305129,0,0.0979519409738954,0.000156592303035065,0.000955884458653868,0.0626151211406284,0.0002214797101474,0.783932717482522,0.0360005969006047,0,0,0,0,0
"NHS BURY CCG",291033.06,0,62782.63,22254471.51,429912,16296982.38,0,193909103.58,4607727.58,0,0,0,0,0,237852012.74,0.00122358880485125,0,0.0935643606864354,0.000263956690030741,0.00180747682160648,0.0685173196235026,0,0.815251051888156,0.0193722454854178,0,0,0,0,0
"NHS CALDERDALE CCG",2288618.83,0,923420.48,22605309.47,1050120,17231140.71,0,192129618.67,14475770.56,0,0,0,0,0,250703998.72,0.00912876875392823,0,0.0901673271484068,0.00368330973863455,0.00418868468537206,0.0687310166490192,0,0.766360407695694,0.057740485328945,0,0,0,0,0
"NHS CAMBRIDGESHIRE&PETERBOROUGH CCG",841829.78,0,4270263.88,136032188.5,3905754.96,56662291.67,485649.23,788417860.11,43233585.57,0,0,0,175544.53,1959102,1035984070.23,0.000812589502281733,0,0.131307220264303,0.00412193971192236,0.0037700917149555,0.0546941727177526,0.000468780596107217,0.76103280230454,0.041731901881852,0,0,0,0.000169447132484409,0.0018910541738012
"NHS CAMDEN CCG",569444.25,0,2634930.14,35598354.11,0,40388628.53,173040,298058930.37,11500353.5,29680.64,0,0,0,0,388953361.54,0.00146404249534025,0,0.0915234514725721,0.00677441153758745,0,0.103839258182749,0.000444886243725662,0.766310205392961,0.029567435680376,7.63089946889369e-05,0,0,0,0
"NHS CANNOCK CHASE CCG",216954.9,0,123521.92,13288892.29,816744,3970481.05,0,161750375.13,13492457.14,0,0,0,0,0,193659426.43,0.00112029093548111,0,0.0686199093685914,0.000637830661161481,0.0042174244500059,0.0205023898045839,0,0.835231096733967,0.0696710580462086,0,0,0,0,0
"NHS CANTERBURY AND COASTAL CCG",106616.61,0,870867.38,31885944.84,834761.6,14574573.41,0,198352481.83,16997294.75,0,0,0,0,82765.5,263705305.92,0.000404302103926358,0,0.120915067403586,0.00330242646033142,0.00316550930626038,0.0552684116808081,0,0.752174785175441,0.0644556418411864,0,0,0,0,0.000313856028460453
"NHS CASTLE POINT CCG",134712.24,0,1018984.1,16338377.3,1124614,15514302.93,148000,163574097.86,14329047.63,0,0,0,0,32959,212215095.06,0.000634791035773928,0,0.0769897037502475,0.00480165701554784,0.00529940624479157,0.0731065003910943,0.000697405620265399,0.770793886333827,0.0675213402041392,0,0,0,0,0.000155309404313022
"NHS CENTRAL LONDON CCG",568986.64,0,5171691.62,24738823.78,266763,26062626.12,139195,244866713.03,26388821.14,0,0,0,0,169746.8,328373367.13,0.00173274295955538,0,0.0753374854855575,0.0157494247027426,0.000812377088713138,0.0793688792358183,0.0004238924770805,0.74569602026543,0.080362245484887,0,0,0,0,0.00051693230021544
"NHS CHORLEY AND SOUTH RIBBLE CCG",406205.33,0,0,15468381.38,607259,15992314.09,0,160037522.11,18257669.4,0,0,0,0,0,210769351.31,0.00192725046348201,0,0.073390088662602,0,0.00288115419165874,0.0758758993686823,0,0.75930167794945,0.0866239293641255,0,0,0,0,0
"NHS COASTAL WEST SUSSEX CCG",255998.49,0,2975170.45,59155806.91,2580005.12,30858174.81,241947.54,568430591.96,29857700.57,0,0,0,0,0,694355395.85,0.000368685102081791,0,0.0851952865399483,0.00428479488714554,0.00371568383484897,0.0444414704550899,0.00034844913922476,0.818645027254597,0.0430006027870634,0,0,0,0,0
"NHS CORBY CCG",546169.72,0,26093.55,8726451.53,0,1766100.62,0,76008634.89,8188053.83,0,0,0,0,0,95261504.14,0.00573337283439623,0,0.0916052250988528,0.000273914948494325,0,0.0185394996220558,0,0.797894549075089,0.085953438421112,0,0,0,0,0
"NHS COVENTRY AND RUGBY CCG",320167.04,0,2233611.17,54291723.72,1723414.75,71055476.61,133927.02,497577621.23,20876027.87,56212.25,40000,0,0,226512.2,648534693.86,0.000493677582758764,0,0.083714447714219,0.00344408894565966,0.0026573979253792,0.109563107853315,0.000206507101729412,0.767233620561574,0.0321895313660838,8.6675779310173e-05,6.1677502188703e-05,0,0,0.000349267667781698
"NHS CRAWLEY CCG",0,0,0,150956.64,1073822,5273936,0,164141698.38,1143125.03,0,0,0,0,0,171783538.05,0,0,0.000878760803937232,0,0.00625101806721113,0.0307010558745446,0,0.955514714874625,0.00665445037968235,0,0,0,0,0
"NHS CROYDON CCG",4568125.66,0,1803044.85,39114023.99,1637726,10532812.62,181280.51,442273397.65,15656227.85,0,0,0,92720.46,0,515859359.59,0.00885537031572075,0,0.0758230383201488,0.00349522562008576,0.00317475290416684,0.0204179926644568,0.000351414599017996,0.857352666822823,0.0303497989499375,0,0,0,0.000179739803642786,0
"NHS DARLINGTON CCG",794591.24,0,0,15216986.91,1006139,5348195.61,0,114745189.36,6728674.27,0,0,0,0,41273,143881049.39,0.00552255660748069,0,0.105760883552866,0,0.00699285280629826,0.0371709522044375,0,0.797500364686491,0.0467655351314643,0,0,0,0,0.000286855010962052
"NHS DARTFORD GRAVESHAM SWANLEY CCG",2669318.33,0,814998.72,28680161.19,27730,17836494.32,0,236408354.41,34200855.31,0,0,0,0,0,320637912.28,0.0083250240466542,0,0.0894471928976221,0.00254180397509667,8.64838465383486e-05,0.0556281513722685,0,0.73730630519935,0.10666503866247,0,0,0,0,0
"NHS DDES CCG",675572.25,0,401113.7,48203176.4,1093333.16,38104843.44,0,365989475.18,22468290.17,0,169000,0,0,0,477104804.3,0.00141598291174449,0,0.101032678701953,0.000840724504102421,0.00229159956082211,0.0798668198194038,0,0.767104988005672,0.0470929866299818,0,0.00035421986632047,0,0,0
"NHS DONCASTER CCG",12489015.85,0,1984672.24,36113875.01,0,18726111.7,201250.93,315511464.68,26479145.94,0,0,0,0,0,411505536.35,0.0303495694390309,0,0.0877603624250729,0.00482295392087256,0,0.045506342067954,0.000489060078717456,0.766724714030691,0.0643469980376608,0,0,0,0,0
"NHS DORSET CCG",10078803.5,0,4381193.5,95692867.55,2171493.33,40912223.09,324696.29,836460251.85,59096641.14,0,0,0,135336.08,372894.18,1049626400.51,0.00960227705315228,0,0.0911685029106586,0.00417405040295407,0.0020688249923448,0.0389778906762647,0.000309344629519831,0.796912359905939,0.0563025483269911,0,0,0,0.000128937381847715,0.000355263720328314
"NHS DUDLEY CCG",8083155.38,0,1791224.9,33790504.99,679540,18510354.63,0,310285896.29,19878433.25,0,50000,32957.25,0,28510,393130576.69,0.0205609938765305,0,0.0859523705189821,0.00455631031063874,0.00172853509824001,0.0470844948918745,0,0.789269303096395,0.0505644547350357,0,0.000127184205362452,8.38328330436332e-05,0,7.25204338976699e-05
"NHS EALING CCG",2605644.02,0,1851039.75,38108688.25,0,19647123.7,330073.75,411225805.29,17746111.46,0,0,0,91355.93,0,491605842.15,0.00530027065708662,0,0.07751878635806,0.00376529241781306,0,0.0399651957228068,0.000671419502576389,0.836494951914192,0.0360982517668805,0,0,0,0.000185831660584955,0
"NHS EAST & NORTH HERTFORDSHIRE CCG",3633874.3,0,0,67869714.72,3420175.49,109539566.3,198231.22,434728127.83,43715482.61,0,0,0,143820,0,663248992.47,0.0054788990880591,0,0.102329163693483,0,0.00515669911123868,0.165156023670786,0.000298879036757777,0.65545237575263,0.0659111180059234,0,0,0,0.000216841641122441,0
"NHS EAST BERKSHIRE CCG",1107590.88,0,2031041.04,47414634.24,2947624.97,23880834.27,161407.49,458322020.25,11861117.38,0,0,50000,0,0,547776270.52,0.0020219767441707,0,0.0865583939862704,0.00370779303395517,0.00538107458945208,0.0435959634529807,0.000294659514635012,0.836695645495776,0.0216532150411341,0,0,9.12781416262069e-05,0,0
"NHS EAST LANCASHIRE CCG",96299.15,0,1638061.24,40917467.12,1681958.97,29902558.08,81108.17,412936463.28,30125516.44,0,0,0,0,0,517379432.45,0.000186128678413026,0,0.0790859948302145,0.00316607336368808,0.00325091966264536,0.0577961863277002,0.000156767287048734,0.798130805711738,0.0582271241385525,0,0,0,0,0
"NHS EAST RIDING OF YORKSHIRE CCG",50403.93,0,0,90328411.5,211445,36165999.45,141883.56,250844116.2,19834332.79,981641.36,0,0,0,0,398558233.79,0.000126465659787518,0,0.226637926009061,0,0.000530524731578899,0.0907420707535949,0.000355992043247458,0.62937883333799,0.0497652064577612,0.00246298100697934,0,0,0,0
"NHS EAST STAFFORDSHIRE CCG",93064.88,0,88956.87,20413870.12,361211,3335892.96,0,74600708.84,48864589.54,0,0,0,0,0,147758294.21,0.000629845387005703,0,0.138157185890269,0.000602043157547359,0.00244460726845312,0.022576688353338,0,0.504883392427192,0.330706237516194,0,0,0,0,0
"NHS EAST SURREY CCG",0,0,760472.56,6245747.81,1555000,7108310.79,0,192737471.9,31075454.61,0,0,0,0,0,239482457.67,0,0,0.0260801892162242,0.00317548336274346,0.0064931687069236,0.0296819686049617,0,0.804808309448648,0.1297608806605,0,0,0,0,0
"NHS EASTBOURNE HAILSHAM&SEAFORD CCG",2586817.12,0,0,22345878.21,1398847,13635554.56,0,230795345.32,5810015.98,0,0,0,0,0,276572458.19,0.00935312625461392,0,0.0807957464609466,0,0.00505779573698195,0.0493019248888211,0,0.83448419568028,0.0210072109783565,0,0,0,0,0
"NHS ENFIELD CCG",2364971.3,0,1815842.49,33940281.12,1185711.5,15747333.83,206182,330438532.47,27235033.63,0,0,0,0,0,412933888.34,0.00572723955766192,0,0.0821930146165537,0.00439741697466321,0.00287143180417228,0.0381352421650461,0.000499309952081808,0.800221395726002,0.0659549492038186,0,0,0,0,0
"NHS EREWASH CCG",0,0,0,9893035.13,0,5704387.8,0,105212859.93,8615896,0,0,0,0,0,129426178.86,0,0,0.0764376667621569,0,0,0.0440744511677999,0,0.812917918590554,0.0665699634794889,0,0,0,0,0
"NHS FAREHAM AND GOSPORT CCG",0,0,0,20253135.24,0,4629999.57,68973.18,209611732.37,9406583.09,0,0,0,0,0,243970423.45,0,0,0.0830147152822839,0,0,0.0189777084637019,0.000282711236159885,0.859168621367575,0.0385562436502792,0,0,0,0,0
"NHS FYLDE & WYRE CCG",649956.36,0,890982.55,28737746.85,2097584.5,14249066.05,78718.25,168184522.41,15952403,0,0,0,0,0,230840979.97,0.00281560215211557,0,0.12449153028953,0.00385972434407353,0.00908670765594827,0.0617267612182716,0.000341006393276576,0.728573074121662,0.0691055938251222,0,0,0,0,0
"NHS GLOUCESTERSHIRE CCG",740108.87,0,4216999.86,78782923.69,401852,53689400.7,318000,568322057.35,44645945.16,0,0,0,0,169756.67,751287044.3,0.000985121300327473,0,0.104863945528842,0.00561303418180081,0.000534884772802677,0.0714632324719831,0.000423273637436796,0.756464605188986,0.0594259484423802,0,0,0,0,0.000225954475440433
"NHS GREAT YARMOUTH AND WAVENEY CCG",382832.54,0,1636251.38,30779061.27,0,11280736.29,0,219654539.41,34431305.13,0,0,0,252868.34,0,298417594.36,0.00128287522999788,0,0.10314090674181,0.00548309285687119,0,0.0378018471537953,0,0.736064305729296,0.115379608242748,0,0,0,0.000847364045482348,0
"NHS GREATER HUDDERSFIELD CCG",361226.11,0,109807.94,216754.93,653068.72,12284988.58,0,214891978.5,38144930.7,25208,0,0,0,0,266687963.48,0.00135448973881826,0,0.000812766077522113,0.000411746891637406,0.00244881213039439,0.0460650282813431,0,0.805780567281266,0.14303206714787,9.45224511487578e-05,0,0,0,0
"NHS GREATER PRESTON CCG",128235.62,0,0,19178190.97,742205,16155404.27,0,177327874.33,27678690.22,0,0,0,0,0,241210600.41,0.000531633434774551,0,0.0795080769145373,0,0.00307699992760861,0.0669763444995357,0,0.73515788289812,0.114749062325424,0,0,0,0,0
"NHS GREENWICH CCG",1486765.13,0,1267068.85,33997504.84,2275000,19906103.31,180314,282781020.13,34522720.81,0,0,0,0,0,376416497.07,0.00394978738066179,0,0.0903188492125989,0.00336613527797739,0.0060438371264502,0.0528831851551346,0.000479027889063183,0.751245023348201,0.0917141546099134,0,0,0,0,0
"NHS GUILDFORD AND WAVERLEY CCG",2312552.47,0,2218969.65,22832659.19,1672227.26,18311868.96,0,224128344.93,14328651.7,0,0,126305,0,239875.5,286171454.66,0.00808100330184064,0,0.0797866412536759,0.00775398668828222,0.00584344536385284,0.0639891528725544,0,0.783196022106002,0.0500701641155085,0,0,0.000441361281648663,0,0.00083822301663524
"NHS HALTON CCG",0,0,783960.93,17984836.57,1496336,23339037.43,0,149896892.15,3685588.04,0,0,0,0,25611.9,197212263.02,0,0,0.0911953257601232,0.00397521390401821,0.00758743892030817,0.118344757433432,0,0.76007896189903,0.0186884323700815,0,0,0,0,0.000129869713007667
"NHS HAMBLETON RICHMOND & WHITBY CCG",0,0,113203.2,27657334.96,125000,4022922.13,123969.88,157132577.84,3345550.02,0,0,0,0,0,192520558.03,0,0,0.143659125253991,0.0005880057753747,0.000649281309378511,0.0208960651847535,0.000643930608079175,0.816185967087808,0.0173776247806152,0,0,0,0,0
"NHS HAMMERSMITH AND FULHAM CCG",1111574.79,0,1246410.94,26360935.28,319552,19105997.17,140855,233981159.57,7443154.34,0,0,0,0,0,289709639.09,0.00383685815042793,0,0.0909908809482546,0.0043022763892671,0.00110300782881694,0.0659487797161786,0.000486193695323484,0.807640230076406,0.0256917731953259,0,0,0,0,0
"NHS HARDWICK CCG",0,0,0,10536484.81,547827,6885663.63,0,122324481.7,5955683.58,0,0,0,33783.83,0,146283924.55,0,0,0.072027632854481,0,0.00374495695056877,0.0470705421062618,0,0.836212742283855,0.0407131788289173,0,0,0,0.000230946975916364,0
"NHS HARINGEY CCG",1283600.99,0,1227718.73,39089438.23,114000,10372917.89,193239,259829883,16505032.64,0,0,0,0,0,328615830.48,0.00390608385519675,0,0.118951780785798,0.00373603039210468,0.000346909641673328,0.0315654844590066,0.000588039230239581,0.790679750943446,0.050225920692535,0,0,0,0,0
"NHS HARROGATE & RURAL DISTRICT CCG",0,0,0,30468942.92,868230,3088096.63,108425.55,151471438.54,5344645.67,0,0,0,0,60000,191409779.31,0,0,0.159181746250559,0,0.00453597513737189,0.0161334318504105,0.000566457734765987,0.791346393512542,0.0279225319065021,0,0,0,0,0.000313463607848512
"NHS HARROW CCG",4481083.98,0,785393.53,29608937.25,935000.2,9575829.58,162147,238644754.94,19853374.3,0,0,0,25156.93,0,304071677.71,0.0147369331262536,0,0.0973748606676835,0.00258292234224145,0.00307493353883399,0.0314920141596768,0.000533252558150593,0.78483059236974,0.065291757685287,0,0,0,8.2733552133036e-05,0
"NHS HARTLEPOOL&STOCKTON-ON-TEES CCG",2506757.9,0,337462.76,38445316.39,1204637.85,30941798.64,0,343652654.38,16546788.32,0,0,0,33175.7,0,433668591.94,0.00578035381530886,0,0.0886513736630461,0.000778158174864297,0.00277778440124312,0.0713489499010824,0,0.792431503611278,0.0381553763116175,0,0,0,7.65001215596217e-05,0
"NHS HASTINGS & ROTHER CCG",2783161.47,0,2288770.37,30391830.64,2355497.8,16127520.6,0,210409576.74,13466354,0,0,0,0,0,277822711.62,0.0100177608006603,0,0.109392894708944,0.00823824069909206,0.00847842059515206,0.0580496839367794,0,0.757351965622572,0.0484710336368,0,0,0,0,0
"NHS HAVERING CCG",1027366.14,0,371995.4,42671613.26,1573998.6,17424288.25,0,295136831.84,23839671.42,0,0,0,192528.92,1e+05,382338293.83,0.00268706053403272,0,0.111606956322751,0.000972948318290611,0.00411676943011063,0.045572961252339,0,0.771925900708307,0.0623522984872655,0,0,0,0.000503556465849598,0.000261548481053962
"NHS HEREFORDSHIRE CCG",5498964.86,0,957464.52,33909640.74,1579849,6845659.31,0,187040652.89,6591463.78,0,0,0,0,72000,242495695.1,0.0226765463103679,0,0.139836052454525,0.0039483773912158,0.00651495689170278,0.0282300240718789,0,0.771315353919452,0.0271817764735239,0,0,0,0,0.000296912487334296
"NHS HERTS VALLEYS CCG",7547240.77,0,0,62906080.7,2662282.26,102674950.23,209193.27,530619251.15,29426887.23,0,0,0,76223.72,0,736122109.33,0.0102527022002767,0,0.0854560403806585,0,0.00361663129833601,0.139480867275474,0.000284182837804454,0.720830476933992,0.0399755514160329,0,0,0,0.000103547657425175,0
"NHS HEYWOOD MIDDLETON&ROCHDALE CCG",261095.2,0,107737.59,21832623.04,2038029.3,27933421.44,0,234125814.44,16178878.85,0,0,0,0,0,302477599.86,0.0008631885472539,0,0.0721793053439498,0.000356183697734529,0.00673778587552695,0.0923487274857008,0,0.774026951246518,0.053487857803316,0,0,0,0,0
"NHS HIGH WEALD LEWES HAVENS CCG",941133.9,0,1093513.09,23496968.44,300800.68,7703932.78,0,187961803.4,40375153.95,0,0,0,0,0,261873306.24,0.00359385197946627,0,0.0897264741388557,0.00417573331814822,0.00114864964405469,0.0294185493382802,0,0.717758545530173,0.154178196051022,0,0,0,0,0
"NHS HILLINGDON CCG",174330.51,0,1307647.88,36376065.23,113028.72,17517981.25,142674.75,287342028.19,13041660.06,0,0,0,0,0,356015416.59,0.000489671238593483,0,0.102175533796875,0.0036730091424831,0.00031748265589905,0.0492056816465741,0.000400754414981723,0.807105576893917,0.0366322902106771,0,0,0,0,0
"NHS HOUNSLOW CCG",2001676.94,0,580617.7,34171599.99,0,21508702.9,191662,277457593.35,28156349.29,0,0,190372,0,0,364258574.17,0.00549520884871694,0,0.0938113812910607,0.00159397126429487,0,0.0590478973597526,0.000526170181269504,0.761705044231876,0.0772976980820756,0,0,0.000522628740953543,0,0
"NHS HULL CCG",991647.32,0,0,91985899.14,385500,19138030.83,132865.69,245792565.78,23676941.39,0,95100,0,0,0,382198550.15,0.00259458681779617,0,0.240675688340258,0,0.00100863804912055,0.0500735306884052,0.000347635253843466,0.643101774414201,0.0619493228865144,0,0.000248823549860868,0,0,0
"NHS IPSWICH AND EAST SUFFOLK CCG",1553537.42,0,60067.02,49408534.87,1493551.38,20583497.95,0,362094650.45,15025507.56,0,35626,0,106298.53,2828427.13,453189698.31,0.00342800691585297,0,0.109023958519469,0.000132542774524658,0.00329564283029741,0.0454191655872991,0,0.798991353511113,0.0331550068680554,0,7.86116721824298e-05,0,0.000234556368770959,0.00624115495243504
"NHS ISLE OF WIGHT CCG",2137457.55,0,818540.48,19006616.89,3118790.8,23915666.09,53450.57,155376669.9,7190775.25,0,0,0,0,0,211617967.53,0.0101005485259515,0,0.0898157047430556,0.00386801030911498,0.0147378355269283,0.113013400370219,0.000252580490323548,0.734231935565552,0.0339799844688547,0,0,0,0,0
"NHS ISLINGTON CCG",142569.14,0,2542105.42,30597494.07,301000,25348379.36,201332.5,277322435.87,8019124.88,0,0,0,0,0,344474441.24,0.000413874363180025,0,0.0888236989654693,0.007379663381844,0.000873794871156462,0.0735856607205858,0.000584462810289397,0.805059541926322,0.0232793029611534,0,0,0,0,0
"NHS KERNOW CCG",20373429.89,0,2811713.05,41850928.56,1363679.2,36429539.01,0,541630968.1,54745886.4,0,90000,0,0,25578,699321722.21,0.0291331289204285,0,0.059845028734046,0.00402062879030042,0.00195000263353824,0.0520926747347061,0,0.774509000504568,0.0782842641109328,0,0.000128696131039061,0,0,3.65754404413011e-05
"NHS KINGSTON CCG",476776.24,0,519834.64,22332681.17,817474,7466510.85,0,180688091.52,35330929.27,0,0,0,0,0,247632297.69,0.00192533948296541,0,0.0901848481733885,0.00209921987095059,0.003301160662909,0.0301516034848855,0,0.729662863873256,0.142674964451645,0,0,0,0,0
"NHS KNOWSLEY CCG",345954.99,0,973746.73,34634713.98,796555.94,29273764.9,0,217753510.36,12546434.09,0,0,0,0,0,296324680.99,0.00116748624800401,0,0.116880962680152,0.00328608041269725,0.00268811878017978,0.0987894926679695,0,0.734847700274242,0.0423401589367556,0,0,0,0,0
"NHS LAMBETH CCG",2013473.43,0,1662989.12,51503462.06,1056288.37,32910563.5,683254,399763436.12,18790339.75,0,0,0,0,0,508383806.35,0.00396053809120311,0,0.101308227006236,0.00327112921227689,0.00207773803336448,0.0647356644506149,0.00134397278486406,0.786341797529208,0.0369609328922324,0,0,0,0,0
"NHS LEEDS CCG",15739118.3,0,3986356.17,95697349.3,2779157.77,54228676.32,155027.84,725776875.16,62699551.25,75000,0,88000,0,350664,961575776.11,0.0163680478346405,0,0.0995213811303964,0.00414564953593837,0.00289021191989978,0.0563956348186921,0.000161222697005904,0.754778659354429,0.0652050028793856,7.79969731594199e-05,0,9.15164485070526e-05,0,0.000364676407946331
"NHS LEICESTER CITY CCG",4984043.96,0,1673615.65,32698254.53,0,28978277.76,0,327586057.42,32027118.08,0,0,0,0,48838,427996205.4,0.0116450657672116,0,0.0763984682981958,0.00391035160799115,0,0.0677068567299966,0,0.765394770530365,0.0748303785779312,0,0,0,0,0.000114108488308574
"NHS LEWISHAM CCG",1458529.31,0,1494461.12,33054680.12,1293701.58,25953841.48,200808,351700838.68,8828942.26,0,0,319000,0,0,424304802.55,0.00343745652001695,0,0.0779031486830858,0.00352214047783231,0.00304899113143446,0.061167918260698,0.000473263556747833,0.828887244656053,0.020808018685953,0,0,0.000751818028178951,0,0
"NHS LINCOLNSHIRE EAST CCG",312558.07,0,0,54382768.7,1263245.36,20006810.52,0,254476918.05,21879472.21,0,0,0,0,0,352321772.91,0.000887138105086234,0,0.154355401458235,0,0.00358548763411989,0.0567856205841434,0,0.722285528788497,0.0621008234299192,0,0,0,0,0
"NHS LINCOLNSHIRE WEST CCG",43133.23,0,467592.38,30593440.09,1862149.56,17645833.53,0,210358493.86,15972698.94,0,0,0,0,0,276943341.59,0.000155747488826998,0,0.110468227596141,0.00168840448488646,0.00672393692265335,0.0637164028883703,0,0.759572310539333,0.0576749700797889,0,0,0,0,0
"NHS LIVERPOOL CCG",2407728.73,0,2481379.97,67443345.25,1001632.2,41743315.15,0,623722581.94,34537428.13,0,0,0,0,2317000,775654411.37,0.00310412561922693,0,0.0869502503452255,0.00319907929823703,0.00129133823687132,0.0538168990443448,0,0.804124327531832,0.0445268248639214,0,0,0,0,0.00298715506034137
"NHS LUTON CCG",1194460.78,0,1502777.35,25189305.66,766853,13972187.76,139500,221427716.59,12717071.61,0,0,0,0,0,276909872.75,0.00431353627134264,0,0.0909657189534063,0.00542695475273552,0.00276932343503812,0.0504575283692192,0.00050377402081992,0.799638215824502,0.0459249483729359,0,0,0,0,0
"NHS MANCHESTER CCG",2748888.68,0,4825611.95,11004110.69,1132622.96,24681506.57,0,659716996.91,30716002.9,305813.53,0,0,75030,0,735206584.19,0.00373893370803872,0,0.0149673723367475,0.00656361362067578,0.00154055062122144,0.033570845393329,0,0.897321937937799,0.0417787375147637,0.000415955918480959,0,0,0.000102052948944497,0
"NHS MANSFIELD & ASHFIELD CCG",487000.8,0,0,16660575.25,53453.75,15219866.66,38000,187989593.65,10401382.55,0,0,0,0,0,230849872.66,0.00210959960422965,0,0.0721706061953866,0,0.000231552001238171,0.0659297165063465,0.000164609144298585,0.81433700388856,0.0450569126599405,0,0,0,0,0
"NHS MEDWAY CCG",730742.83,0,1212949.53,28130159.47,0,18345717.92,0,247567705.06,71012584.68,501448.74,0,0,0,26000,367527308.23,0.00198826811950174,0,0.0765389641533685,0.00330029769989481,0,0.0499166116617358,0,0.673603565003859,0.193217165336623,0.00136438498247916,0,0,0,7.07430425380231e-05
"NHS MERTON CCG",153645.93,0,986412.45,21623485.15,1467451.17,8023392.97,136045.59,206836077.943916,9444413.96,0,0,49000,25872.94,0,248745798.103916,0.000617682514322565,0,0.0869300519438989,0.0039655441720785,0.00589940083887149,0.0322553909700543,0.000546926183425079,0.831515866883139,0.0379681346659552,0,0,0.000196988252157449,0.00010401357609744,0
"NHS MID ESSEX CCG",4638844.98,0,2221019.05,14610590.39,2333477.78,25799951.56,0,290986766,48002603.42,619261.05,0,0,0,0,389212514.23,0.0119185401558253,0,0.0375388505143647,0.00570644305821965,0.00599538220043218,0.0662875694298818,0,0.747629522076583,0.12333263105624,0.00159106150845411,0,0,0,0
"NHS MILTON KEYNES CCG",600803.76,0,186178.11,26652983.24,1130721.04,19262621.14,0,241629937.79,20568708.07,0,0,0,0,0,310031953.15,0.00193787689912503,0,0.0859685041144927,0.000600512650739336,0.00364711130098559,0.0621310834070072,0,0.779371078803269,0.0663438328243813,0,0,0,0,0
"NHS MORECAMBE BAY CCG",887176,0,1213294.21,6387558.16,2152578.46,21080441.04,0,368282070.83,16305091.13,0,0,0,0,93600,416401809.83,0.00213057671474146,0,0.015339890483684,0.00291375825310495,0.00516947431347335,0.0506252387534201,0,0.884439169417526,0.0391571091793686,0,0,0,0,0.000224782884681056
"NHS NE HAMPSHIRE & FARNHAM CCG",0,0,1970874.65,20824074.12,0,5532895.61,46221.51,217682291.9,18711089.47,107130.89,0,0,0,0,264874578.15,0,0,0.0786186211808036,0.00744078447907478,0,0.0208887377891988,0.000174503383159046,0.821831575609817,0.0706413186221435,0.000404458935803689,0,0,0,0
"NHS NENE CCG",6881163.13,0,2126559.91,20255200.66,135365,19449905.26,0,619657599.59,55353357.12,0,115564,0,0,42000,724016714.67,0.0095041495459623,0,0.0279761506186112,0.00293716963560609,0.000186963915690397,0.0268638898327991,0,0.855860903532364,0.0764531481089211,0,0.00015961509956669,0,0,5.80097104790505e-05
"NHS NEW DEVON CCG",710219.41,0,4399515.19,28475042.17,2454820.2,125373206.39,51200,716238745.28,185484450.88,0,0,1567222,0,102101.34,1064856522.86,0.000666962538852171,0,0.0267407313179822,0.00413155678305256,0.00230530606452673,0.117737182144757,4.80815949387122e-05,0.672615258397742,0.174187270207844,0,0,0.00147176823013747,0,9.58827201675728e-05
"NHS NEWARK & SHERWOOD CCG",0,0,0,15053218.22,370299.48,2680524.93,29500,118165317.18,7003819.39,0,0,0,0,0,143302679.2,0,0,0.105044918239044,0,0.00258403738204498,0.0187053371574368,0.000205857979520595,0.82458554047746,0.0488743087644938,0,0,0,0,0
"NHS NEWCASTLE GATESHEAD CCG",6828126.57,0,1877898.72,66053536.31,1755378.1,85617349.47,0,540930119.38,27295801.53,0,0,0,46838.93,35562.78,730440611.79,0.00934795582253725,0,0.0904297149471616,0.00257091225445155,0.00240317702995499,0.117213293028968,0,0.740553182077883,0.0373689538744424,0,0,0,6.41242138566442e-05,4.86867507446645e-05
"NHS NORTH CUMBRIA CCG",187748.12,0,1195632.34,47510769.49,1176287.16,21618810.74,26413.11,316956499.68,28272560.77,0,26667.11,0,397066.05,0,417368454.57,0.00044983783020552,0,0.113834117000885,0.00286469264006025,0.00281834227556054,0.0517979030357555,6.3284873858549e-05,0.759416520844991,0.0677400518904291,0,6.38934488412024e-05,0,0.000951356159413349,0
"NHS NORTH DERBYSHIRE CCG",96150.75,0,118283.86,35234588.13,2582355,33347401.27,0,305354383.1,19602296.15,0,0,0,99768.2,0,396435226.46,0.000242538360827785,0,0.0888785500840328,0.000298368692046429,0.00651393929610985,0.0841181586403869,0,0.770250378168172,0.0494464034516818,0,0,0,0.000251663306742158,0
"NHS NORTH DURHAM CCG",71440.1,0,522529.56,35859467.05,1221246.88,30035174.9,0,284673374.08,9631631.53,102340,0,0,0,0,362117204.1,0.000197284468097991,0,0.0990272393688792,0.0014429846306217,0.00337251825147404,0.0829432420220103,0,0.786136010266406,0.026598105312169,0.00028261568034127,0,0,0,0
"NHS NORTH EAST ESSEX CCG",551695.04,0,1866264.96,46405865.96,4113590,26573222.88,0,291105865.55,57443444.53,0,0,0,0,0,428059948.92,0.00128882657999641,0,0.108409735779025,0.00435982147993198,0.00960984556106833,0.0620782741927726,0,0.680058637311113,0.134194859096093,0,0,0,0,0
"NHS NORTH EAST LINCOLNSHIRE CCG",1355352.05,0,0,21504724.08,574779,5048494.36,0,130511446.56,77755993.53,0,0,0,0,0,236750789.58,0.00572480477215902,0,0.0908327449219905,0,0.00242778070991724,0.0213240866860724,0,0.55126087136406,0.328429711545801,0,0,0,0,0
"NHS NORTH HAMPSHIRE CCG",0,0,747014.94,24339843.85,854274,5150930.36,83590.03,221955351.26,10740853.53,0,0,0,0,0,263871857.97,0,0,0.0922411508269565,0.00283097616300155,0.00323745778186442,0.0195205748715561,0.000316782663536266,0.841148248879327,0.0407048088137582,0,0,0,0,0
"NHS NORTH KIRKLEES CCG",2004546.34,0,262262.46,5634352.17,1366356.28,13951376.04,0,165686214.59,31438988.3,0,0,61984.44,0,0,220406080.62,0.00909478692403237,0,0.0255635060255626,0.00118990573791004,0.00619926762526902,0.0632985079211741,0,0.751731595262374,0.14264120214634,0,0,0.000281228357337685,0,0
"NHS NORTH LINCOLNSHIRE CCG",977277.59,0,0,10457620,497879.75,8316543.14,0,164745064.73,9410124.24,0,0,0,0,0,194404509.45,0.00502703148586865,0,0.0537930937383407,0,0.00256105041703291,0.0427795793602153,0,0.847434378945678,0.0484048660528641,0,0,0,0,0
"NHS NORTH NORFOLK CCG",163042.01,0,431192.24,43982985.42,0,11959491.79,0,175894978.84,7105028.8,0,0,0,73625.18,0,239610344.28,0.000680446457726696,0,0.183560461682752,0.00179955603041964,0,0.049912251601394,0,0.734087584442746,0.0296524293279147,0,0,0,0.000307270457046563,0
"NHS NORTH STAFFORDSHIRE CCG",2071309.44,0,466080.02,25883621.37,855149,7113348.74,0,226620505.31,34730830.69,0,0,0,0,1122577.45,298863422.02,0.00693062210825314,0,0.0866068560516846,0.00155950840972707,0.00286133710917214,0.0238013360481564,0,0.758274477948106,0.116209706946592,0,0,0,0,0.00375615537830815
"NHS NORTH TYNESIDE CCG",50000,81339.04,413867.1,32046839.92,376064.06,36060895.31,0,244006007.29,6027511.57,0,0,0,0,0,319062524.29,0.000156709096786793,0.000254931349838096,0.100440626774683,0.00129713478861538,0.00117865318353148,0.113021406667064,0,0.764759220259349,0.0188913178801329,0,0,0,0,0
"NHS NORTH WEST SURREY CCG",0,0,1872130.23,32830749.82,2000896.75,20591529.93,88717.07,350126634.57,40934563.24,30720.16,0,0,0,0,448475941.77,0,0,0.0732051527456008,0.00417442733407563,0.00446154757399708,0.0459144583067966,0.000197819017113516,0.780703270699773,0.0912748253082285,6.84990144148129e-05,0,0,0,0
"NHS NORTHUMBERLAND CCG",3795386.5,0,469445.42,51179123.87,25114.27,59182563.26,0,356016746.25,3726395.51,0,0,0,0,0,474394775.08,0.00800048124341159,0,0.107882983874284,0.000989567011822242,5.29396007697699e-05,0.12475382607243,0,0.750465150443453,0.00785505175383012,0,0,0,0,0
"NHS NORWICH CCG",31427.81,0,1675814.8,27253431.57,0,13987329.92,0,197554033.35,6744383.46,0,0,0,0,0,247246420.91,0.000127111283893731,0,0.110227810253805,0.00677791328113911,0,0.056572426280304,0,0.799016756735627,0.0272779821652303,0,0,0,0,0
"NHS NOTTINGHAM CITY CCG",5281103.66,0,1609780.12,2644602.73,0,42009925.95,0,275712753.85,94584696.03,0,25892.1,0,0,99124.56,421967879,0.0125154162741378,0,0.00626730815688461,0.00381493521216576,0,0.0995571654637722,0,0.653397492016211,0.224151412316386,0,6.13603577157587e-05,0,0,0.000234910202726592
"NHS NOTTINGHAM NORTH & EAST CCG",0,0,245354.37,21115080.34,285746.6,4218259.69,0,150206703.88,23111831.36,0,0,0,0,0,199182976.24,0,0,0.1060084588482,0.00123180391533244,0.00143459348481518,0.0211778123292893,0,0.754114165354235,0.116033166068128,0,0,0,0,0
"NHS NOTTINGHAM WEST CCG",0,0,96134.53,12867987.8,189777.26,3307354,0,92832480.33,14023215.96,0,0,0,0,0,123316949.88,0,0,0.104348897799709,0.000779572719675184,0.00153893897136341,0.0268199465135847,0,0.752795786956582,0.113716857039085,0,0,0,0,0
"NHS OLDHAM CCG",751140.65,0,0,23485911.17,661120.96,11193284.47,0,228321259.18,52691187.17,25206.2,0,0,0,37371,317166480.8,0.00236828509779902,0,0.0740491590118876,0,0.00208446037025234,0.0352915113910108,0,0.719878275295981,0.166131008034314,7.94730891373563e-05,0,0,0,0.000117827709617163
"NHS OXFORDSHIRE CCG",0,0,1758335.04,86823898.09,1139169.52,91581875.28,215658.2,607893216.62,39271887.72,0,0,0,0,1693598.42,830377638.89,0,0,0.104559532944626,0.00211751251195834,0.00137186921546054,0.110289428557375,0.0002597109916017,0.732068384491418,0.0472940092323492,0,0,0,0,0.00203955205521177
"NHS PORTSMOUTH CCG",712737.76,0,1152050.47,23518030.71,239683.44,29229309.36,85296.84,204145039.31,11352612.33,0,50000,0,0,25000,270509760.22,0.00263479498640029,0,0.0869396752667012,0.00425881295027233,0.00088604359341811,0.108052697751935,0.000315318899882318,0.75466792452876,0.0419674777012377,0,0.000184836214262051,0,0,9.24181071310256e-05
"NHS REDBRIDGE CCG",565688.97,0,3022876.96,45217312.23,437214.36,35530720.39,196594.83,277181524.99,29799198.66,0,0,0,32802.23,470221.2,392454154.82,0.00144141414494504,0,0.115216800929879,0.00770249702512756,0.0011140520609357,0.0905347031076694,0.000500937058725162,0.706277463458451,0.0759303941467188,0,0,0,8.35823231761805e-05,0.00119815574437139
"NHS REDDITCH AND BROMSGROVE CCG",0,0,615721.59,21124265.61,391909.5,15706655.98,0,161214240.93,6795923.79,0,0,0,0,0,205848717.4,0,0,0.102620341174883,0.00299113639267203,0.00190387146905779,0.0763019375509599,0,0.783168547107012,0.0330141663054151,0,0,0,0,0
"NHS RICHMOND CCG",223653.97,29882.71,771930.76,21704382.82,262194.05,11273767.26,25858.48,185078851.73,4540727.65,0,0,0,0,0,223911249.43,0.000998850975863629,0.000133457832404897,0.0969329717700732,0.00344748538523664,0.00117097310058094,0.0503492669023958,0.000115485399084801,0.82657236829836,0.0202791403359997,0,0,0,0,0
"NHS ROTHERHAM CCG",79300,0,1473144.75,28219596.73,3778156.56,15287050.41,0,263024501.3,11450060.67,0,0,0,51880.07,0,323363690.49,0.00024523470733475,0,0.0872689097753623,0.00455569005836033,0.0116839233071434,0.04727509878068,0,0.813401470342676,0.0354092342669935,0,0,0,0.000160438761449639,0
"NHS RUSHCLIFFE CCG",2972548.17,0,130807.42,22693031.1,174494.48,24270442.63,0,103044280.02,19665496.41,0,0,0,0,0,172951100.23,0.017187217462317,0,0.131210677872656,0.000756326035660051,0.00100892379272492,0.140331241592125,0,0.595800083855876,0.113705529388641,0,0,0,0,0
"NHS SALFORD CCG",273539.19,0,326623.43,34063814.36,1406984,16291186.11,0,430121023.36,23887512.83,0,0,0,0,0,506370683.28,0.000540195550477288,0,0.0672705104872042,0.000645028317761816,0.00277856528124082,0.0321724512257984,0,0.849419284256159,0.047173964881358,0,0,0,0,0
"NHS SANDWELL & WEST BIRMINGHAM CCG",4796281.4,0,559641.34,79859330.8,0,48353978.9,0,515535806.47,43103526.86,0,0,0,0,0,692208565.77,0.00692895412911383,0,0.115368885548485,0.000808486585798697,0,0.0698546381699451,0,0.74476946972843,0.0622695658382274,0,0,0,0,0
"NHS SCARBOROUGH AND RYEDALE CCG",1975005.67,0,1154535.18,18867371.64,1870128,16002724.21,79503.4,112740301.29,10045992.03,0,0,0,0,0,162735561.42,0.0121362881767603,0,0.115938836449556,0.00709454755878643,0.0114918213553425,0.0983357544617982,0.00048854349538766,0.692782206336767,0.0617320021656026,0,0,0,0,0
"NHS SE STAFFS&SEISDON PENINSULA CCG",93056.57,0,452295.5,22462048.57,818696,5585534.22,0,215433911.02,7620114.36,0,0,0,0,46455.03,252512111.27,0.000368523194915189,0,0.0889543414651598,0.00179118339205671,0.00324220488230208,0.0221198666151408,0,0.853162685688553,0.0301772232693114,0,0,0,0,0.000183971492560718
"NHS SHEFFIELD CCG",12568281.11,0,0,57145680.56,2318500,38557236.74,60000,635828743.18,16052269.39,0,0,0,0,236799.31,762767510.29,0.0164772108675966,0,0.0749188708080573,0,0.0030395893489466,0.0505491335431169,7.86609277277533e-05,0.83358131357517,0.0210447733725536,0,0,0,0,0.000310447556831531
"NHS SHROPSHIRE CCG",1234605.95,171334.26,1842826.36,49036723.5,2481496.67,16684393.87,0,317048434.89,13100309.19,0,0,0,193109.52,0,401793234.21,0.00307273952093162,0.000426423954940095,0.122044672047341,0.00458650420936863,0.00617605389717197,0.0415248253316276,0,0.789083558147454,0.0326046037478895,0,0,0,0.000480619143275743,0
"NHS SOMERSET CCG",7955533.13,0,2690550.07,17584803.47,2567701.66,44661361.29,123352,557142506.88,41594263.64,0,0,0,70430.22,0,674390502.36,0.0117966268833264,0,0.0260751054596154,0.00398960255309726,0.00380744042363355,0.066224777979093,0.000182908862993081,0.82614227948096,0.061676822989711,0,0,0,0.000104435367570469,0
"NHS SOUTH CHESHIRE CCG",1632644.41,0,1782438.94,30210068.71,305380,4340695.87,0,182910340.39,13329078.1,0,0,0,0,0,234510646.42,0.0069619202152383,0,0.12882173654451,0.00760067385941923,0.00130220100733967,0.0185095898044048,0,0.779966040699126,0.0568378378699622,0,0,0,0,0
"NHS SOUTH DEVON AND TORBAY CCG",0,0,1546495.96,2486170.07,0,10331589.98,0,325528929.23,20744676.95,0,0,0,0,0,360637862.19,0,0,0.00689381324218857,0.00428822406668226,0,0.0286481012206002,0,0.902647678902048,0.0575221825684814,0,0,0,0,0
"NHS SOUTH EASTERN HAMPSHIRE CCG",0,0,1528552.23,22149260.76,28028,5421655.63,164594.4,234301427.02,10175708.15,0,0,0,0,0,273769226.19,0,0,0.0809048594257562,0.00558336030412403,0.000102378197834946,0.0198037438519013,0.000601215857204378,0.855835516214636,0.0371689261485435,0,0,0,0,0
"NHS SOUTH KENT COAST CCG",1331167.75,0,841664.49,28289230.53,648299.88,15785649.31,0,213973729.76,21679059.95,0,0,0,0,0,282548801.67,0.00471128435913426,0,0.100121573203627,0.00297882873693095,0.00229447046375081,0.0558687533505688,0,0.757298309160442,0.0767267807255464,0,0,0,0,0
"NHS SOUTH LINCOLNSHIRE CCG",53514.72,0,29545.09,34428624.6,592187.04,12442407.52,0,141665414.36,14836564.11,0,0,0,0,0,204048257.44,0.000262265018439258,0,0.168727854047583,0.000144794620501416,0.00290219111610954,0.060977769063569,0,0.694274070934698,0.0727110551991,0,0,0,0,0
"NHS SOUTH NORFOLK CCG",26653.16,0,460899.08,42780069.35,0,17313333.31,0,194839758.11,11560859.13,0,0,0,33151.69,316356.65,267331080.48,9.97009399436218e-05,0,0.160026545634676,0.00172407592552442,0,0.0647636379537817,0,0.728833167322558,0.0432454734004074,0,0,0,0.000124009860508831,0.00118338896260013
"NHS SOUTH SEFTON CCG",0,0,1771214.44,976547.47,1199914.42,9901291.76,0,177198263.76,12051987.11,0,0,0,0,0,203099218.96,0,0,0.00480822858404162,0.00872093181386797,0.00590802084884591,0.0487510085499149,0,0.872471418981177,0.0593403912221524,0,0,0,0,0
"NHS SOUTH TEES CCG",532497.8,0,527279.05,45404850.6,1174406.61,61984436.22,0,291200753.02,19828801.85,0,0,0,33109.51,0,420686134.66,0.00126578405164308,0,0.107930466110314,0.0012533787224201,0.00279164563136639,0.147341286325246,0,0.692204303941107,0.047134431625672,0,0,0,7.870359223215e-05,0
"NHS SOUTH TYNESIDE CCG",100931.71,0,26774.77,19782898.18,731956.2,29717887,0,187419078.95,5386647.35,0,0,0,27720,0,243193894.16,0.000415025674672555,0,0.0813461959985912,0.000110096390752247,0.00300976388625299,0.1221983269878,0,0.770657008463769,0.022149599473316,0,0,0,0.000113983124846723,0
"NHS SOUTH WARWICKSHIRE CCG",4517005.04,0,0,38086361.91,723246,22108065.61,0,253247689.09,10463374.54,0,0,0,130015.79,0,329275757.98,0.0137180005831901,0,0.11566706927849,0,0.00219647508956286,0.0671414918171499,0,0.76910517386276,0.0317769355514946,0,0,0,0.000394853817352376,0
"NHS SOUTH WEST LINCOLNSHIRE CCG",316317.15,0,248026.55,27528911.08,1499443.2,8100369.32,0,112322153.93,12929213.33,0,0,0,48013.9,0,162992448.46,0.00194068592127216,0,0.16889684976268,0.00152170577436824,0.00919946423387817,0.0496978197243777,0,0.689124894995151,0.0793240021372706,0,0,0,0.000294577451002481,0
"NHS SOUTH WORCESTERSHIRE CCG",437880.02,0,1854072.84,51955287.96,908060.98,28604133.79,48300,254484583.54,25077521.45,0,0,0,35859.35,0,363405699.93,0.00120493437522952,0,0.142967729922805,0.00510193659691396,0.00249875271679809,0.0787112964807921,0.000132909307722206,0.70027680795601,0.0690069568386805,0,0,0,9.86758050490328e-05,0
"NHS SOUTHAMPTON CCG",1496774.79,0,1433249.48,34316703.58,0,12965570.81,99487.45,246918318.39,30083812.61,0,0,32500,160332.53,0,327506749.64,0.00457021051213533,0,0.104781668218201,0.00437624409748943,0,0.0395887132837779,0.000303772212662359,0.75393352552708,0.0918570766650414,0,0,9.92345960372556e-05,0.000489554887574805,0
"NHS SOUTHEND CCG",2145395.57,0,712756.78,16180439.02,561605,14873271.05,0,179246127.94,11909345.68,0,0,0,0,0,225628941.04,0.00950851233937963,0,0.0717126045329951,0.00315897764140834,0.00248906455621949,0.0659191634789583,0,0.794428795853023,0.0527828815980158,0,0,0,0,0
"NHS SOUTHERN DERBYSHIRE CCG",2181135.05,0,207593.04,63709795.26,513478.89,37062130.58,0,580868303.33,29630122.34,0,0,0,0,0,714172558.49,0.00305407289046733,0,0.0892078455026385,0.000290676304391926,0.000718984346144112,0.0518952039523358,0,0.81334447315947,0.0414887438445521,0,0,0,0,0
"NHS SOUTHPORT AND FORMBY CCG",309991.67,0,29782.02,969413.72,846862,10810318.87,0,128880846.09,17700698.7,0,0,0,0,0,159547913.07,0.00194293779238588,0,0.00607600376179587,0.000186665055198393,0.00530788515941571,0.0677559402814444,0,0.807787727273216,0.110942840676543,0,0,0,0,0
"NHS SOUTHWARK CCG",4579206.47,0,2904027.19,36556512.43,836009.82,19425224.21,200769,336217638.06,13072521.7135648,0,0,0,0,40810,413832718.893565,0.0110653562682117,0,0.088336447943842,0.00701739388264005,0.00202016365993288,0.0469397979500892,0.000485145303485867,0.812448177028924,0.0315889032373174,0,0,0,0,9.86147255565263e-05
"NHS ST HELENS CCG",27713.37,0,1176627.66,35161095.97,832180.68,38983974.64,0,250951844.16,8256630.92,0,0,0,0,0,335390067.4,8.26302645598264e-05,0,0.104836425963878,0.00350823645172743,0.00248123233478917,0.116234732120156,0,0.748238748110285,0.0246179947546055,0,0,0,0,0
"NHS STAFFORD AND SURROUNDS CCG",1363159.37,0,1108625.68,19472688.97,1241569.07,7539229.94,0,161026960.97,57520902.98,0,52440,0,149157.47,0,249474734.45,0.00546411793164252,0,0.0780547537726821,0.00444383950320305,0.00497673270496591,0.0302204147310598,0,0.645464003900055,0.230568049733823,0,0.000210201646734331,0,0.000597886075833841,0
"NHS STOCKPORT CCG",1122399.1,0,1765617.79,27679545.09,930433,26866572.51,0,298513597.41,19267998.97,4547857.21,0,0,0,0,380694021.08,0.00294829715690265,0,0.0727081161177032,0.00463789209242393,0.00244404416271218,0.070572614809609,0,0.784129985974404,0.0506128226425468,0.0119462270436979,0,0,0,0
"NHS STOKE ON TRENT CCG",1294745.32,0,709915.28,30507494.81,1659355,17477634.19,0,295538210.57,45232995.82,0,0,0,0,182711.6,392603062.59,0.00329784824259539,0,0.0777056974765868,0.00180822654646832,0.00422654624508847,0.0445173149559765,0,0.752765932645396,0.11521304882748,0,0,0,0,0.000465385060408476
"NHS SUNDERLAND CCG",29584.29,0,1541180.56,45105870.83,265000,56067344.87,0,363279907.39,18936988.14,46240,0,0,0,235890,485508006.08,6.09347109203493e-05,0,0.0929044840973593,0.00317436693257341,0.000545820041444042,0.115481813209814,0,0.748246996631689,0.0390044817033968,9.52404479863114e-05,0,0,0,0.000485862224815982
"NHS SURREY DOWNS CCG",13062219.9,0,292318,4187978.91,911879.39,11125400.29,0,267510399.59,52828547.61,0,0,0,0,0,349918743.69,0.0373292946878321,0,0.0119684326304915,0.000835388230185721,0.00260597469110672,0.0317942393501967,0,0.764492912751747,0.15097375765844,0,0,0,0,0
"NHS SURREY HEATH CCG",0,0,0,9910605.24,0,5719515.8,0,87869397.54,10979026.63,0,0,0,0,0,114478545.21,0,0,0.0865717259231408,0,0,0.0499614647400357,0,0.767562143446285,0.0959046658905389,0,0,0,0,0
"NHS SUTTON CCG",692186.92,0,1230517.67,20279565.24,662737,13407895.35,118856.56,216849744.82,7015121.99,0,0,0,0,26855.8,260283481.35,0.00265935785248402,0,0.0779133778863604,0.00472760569982287,0.00254621229346793,0.0515126633486609,0.000456642731930326,0.833129108675186,0.0269518524710635,0,0,0,0,0.000103179041023688
"NHS SWALE CCG",435355.31,0,1289492.38,12963942.09,0,8286637.27,0,93568410.22,22345426.92,0,0,0,0,0,138889264.19,0.00313454976191994,0,0.0933401308272854,0.00928432004820746,0,0.059663627122856,0,0.673690733158459,0.160886639081272,0,0,0,0,0
"NHS SWINDON CCG",611650.71,0,1341512,23965453.1,1185000,16972378.06,87831.34,204281216.42,13714333.83,0,0,0,0,0,262159375.46,0.00233312544678886,0,0.0914155866367504,0.0051171620227051,0.00452015114058282,0.064740686958913,0.000335030322092758,0.779225294008869,0.052312963463298,0,0,0,0,0
"NHS TAMESIDE AND GLOSSOP CCG",1285457.23,0,0,25185881.93,519462,36723032.23,0,218630348.56,10069421.68,0,0,0,0,0,292413603.63,0.00439602403596287,0,0.0861310199571579,0,0.00177646317938509,0.125585922727681,0,0.747675025532122,0.034435544567691,0,0,0,0,0
"NHS TELFORD AND WREKIN CCG",76668.17,0,934332.98,19390938.62,2141764.8,9427104.87,0,162176944.79,8611011.4,0,0,0,0,0,202758765.63,0.000378125057931682,0,0.0956355132649857,0.00460810153926957,0.0105631181633269,0.0464941914629864,0,0.799851706958727,0.0424692435527726,0,0,0,0,0
"NHS THANET CCG",680058.63,0,530000.43,18581301.49,549874.4,24953524.06,0,162683607.26,13012651.17,0,0,0,0,0,220991017.44,0.00307731344865471,0,0.084081704791666,0.0023982894695885,0.00248822059090838,0.112916463071966,0,0.736154840791976,0.0588831678352401,0,0,0,0,0
"NHS THURROCK CCG",0,0,717716.45,1982850.27,1509243,16998374.85,0,141368518.82,9254351.11,0,0,0,65888.12,0,171896942.62,0,0,0.0115351107458807,0.00417527175911792,0.00877992928202553,0.0988870109666643,0,0.822402752866367,0.0538366242525786,0,0,0,0.000383300127365581,0
"NHS TOWER HAMLETS CCG",0,0,2124885.16,59935990.3,2362581,4517254.76,196476,299292712.5,13745064.86,0,0,0,0,228658.96,382403623.54,0,0,0.156734891121477,0.00555665540072408,0.00617823905048031,0.0118127927716341,0.000513792202545508,0.782661810914283,0.0359438666735391,0,0,0,0,0.000597951865317725
"NHS TRAFFORD CCG",1029177.36,0,1472197.24,24602968.67,790842,11589838.69,0,244560837.07,13241194.36,391693.96,0,0,0,0,297678749.35,0.00345734239426655,0,0.0826493954429804,0.00494559065171644,0.002656696192546,0.0389340479134205,0,0.821559609491822,0.0444814901598215,0.00131582775342643,0,0,0,0
"NHS VALE OF YORK CCG",1403931.23,0,1349522.16,45961776.93,1541570,21927288.2,304318.17,329667305.5,23242601.09,0,0,0,0,0,425398313.28,0.00330027455721462,0,0.108044097720123,0.00317237308628381,0.00362382725054513,0.0515453106311856,0.000715372300500157,0.774961477769214,0.0546372666849329,0,0,0,0,0
"NHS VALE ROYAL CCG",85880.55,0,0,16160316.7,219480,6050363.41,0,103179841.62,7193304.04,0,0,0,0,0,132889186.32,0.000646256872949751,0,0.121607462183459,0,0.00165160165456569,0.0455293886398747,0,0.776435197454974,0.0541300931941774,0,0,0,0,0
"NHS WAKEFIELD CCG",826535.91,0,2459527.35,41901732.37,1808395.5,25132160.82,126034.23,380618200.09,33773784.2,0,0,0,0,0,486646370.47,0.00169843229119686,0,0.0861030409607937,0.00505403409795208,0.00371603613986366,0.05164358011286,0.000258985246059221,0.78212481010061,0.0694010810506642,0,0,0,0,0
"NHS WALSALL CCG",3235091.62,0,1402174.73,24989858.38,939541,24601538.78,0,275787992.32,9721260.53,0,0,0,0,0,340677457.36,0.00949605425926794,0,0.0733534251830251,0.00411584241841484,0.00275786078503918,0.0722135798788797,0,0.809528151516553,0.0285350859588205,0,0,0,0,0
"NHS WALTHAM FOREST CCG",592007.04,0,1595426.99,34723253.41,0,20520090.34,189350,310684331.87,21500294.38,0,0,0,297292.69,181441.5,390283488.22,0.00151686417147704,0,0.0889693119439036,0.00408786699451827,0,0.0525773981204989,0.000485160161050074,0.796047850466247,0.0550889162082113,0,0,0,0.000761735248795404,0.000464896685297951
"NHS WANDSWORTH CCG",4132605.92,37309.41,2991663.94,36515724.74,1066586.67,14246873.86,244908,344237801.926432,39220525.63,0,0,90801.99,0,0,442784802.086432,0.00933321536901647,8.42608188542054e-05,0.0824683335289184,0.00675647385796233,0.00240881499313927,0.0321756162200414,0.000553108414846167,0.777438160262864,0.0885769462844936,0,0,0.000205070249864347,0,0
"NHS WARRINGTON CCG",3369096.74,0,373812.54,24062157.26,1017448.75,22847907.76,0,219573935.55,9082074.02,0,0,0,0,0,280326432.62,0.0120184768468374,0,0.0858362054377432,0.00133349016183118,0.00362951413639689,0.0815046499413481,0,0.783279455661058,0.0323982078147847,0,0,0,0,0
"NHS WARWICKSHIRE NORTH CCG",345522.98,0,262416,21217837.72,622044.75,15065920.25,0,184691192.61,4780142.89,0,0,0,0,0,226985077.2,0.0015222277352425,0,0.0934767958393346,0.00115609362182335,0.00274046539831298,0.0663740561090947,0,0.813671078681819,0.0210592826143727,0,0,0,0,0
"NHS WEST CHESHIRE CCG",1341198.91,0,435451.73,46855053.19,979000,7766761.33,0,247543910.69,24951927.65,0,0,0,0,0,329873303.5,0.00406580009891586,0,0.14203954273614,0.00132005750504754,0.00296780609286256,0.0235446798743445,0,0.750421170987546,0.0756409427051438,0,0,0,0,0
"NHS WEST ESSEX CCG",1273999.65,0,2557628.24,37581884.95,1732854,25241423.5,0,291869683.82,25448739.88,0,0,0,0,0,385706214.04,0.00330303117664544,0,0.0974365555492516,0.00663102679422935,0.00449267846076313,0.0654420970707574,0,0.756715015718495,0.0659795952298576,0,0,0,0,0
"NHS WEST HAMPSHIRE CCG",9064082.52,0,3718722.55,65253196.19,591276,29439522.2,234963.66,490847166.83,34778719.02,0,0,0,760940.11,0,634688589.08,0.0142811493320506,0,0.102811358692594,0.0058591293651433,0.000931600173964168,0.0463841996004268,0.000370203063427668,0.773366931870475,0.0547965090571627,0,0,0,0.00119891884475662,0
"NHS WEST KENT CCG",2994844.03,0,1740964.33,57013634.42,4041181.65,32889853.48,0,419130418.15,44828027.69,0,0,0,0,30000,562668923.75,0.00532256874973718,0,0.101327142860535,0.003094118506487,0.00718216606502253,0.0584532965865613,0,0.744897044174105,0.0796703457358836,0,0,0,0,5.33173216677048e-05
"NHS WEST LANCASHIRE CCG",180919.49,0,500190.66,11497147.29,1e+05,9028085.61,50628.36,95060491.48,20917871.96,0,0,0,0,0,137335334.85,0.00131735572784385,0,0.0837158718297617,0.0036421119193128,0.000728144727714988,0.0657375293828106,0.000368647734068564,0.692177956851576,0.152312381826912,0,0,0,0,0
"NHS WEST LEICESTERSHIRE CCG",8993415.97,0,990870.29,42322082.24,0,24068028.94,0,326593799.15,29831754.64,0,0,0,66241.03,0,432866192.26,0.0207764342210355,0,0.0977717433164181,0.00228909142759949,0,0.0556015447044744,0,0.754491353193581,0.0689168042536379,0,0,0,0.000153028883254095,0
"NHS WEST LONDON CCG",967223.44,0,1437671.71,35705952.02,404310,32435627.37,105504.88,284647385.69,11099817.02,0,0,0,0,186664,366990156.13,0.00263555690484891,0,0.0972940320703092,0.00391746668401299,0.00110169167550309,0.0883828267004258,0.00028748694818568,0.775626759833767,0.030245544286665,0,0,0,0,0.000508634896282824
"NHS WEST NORFOLK CCG",668000,0,226920.8,51084940.51,377898.31,10961495.56,0,179589675.04,11323634.91,0,0,0,0,0,254232565.13,0.00262751547842985,0,0.200937832192654,0.000892571728110306,0.00148642763293036,0.0431160168422756,0,0.706399178044591,0.0445404580810084,0,0,0,0,0
"NHS WEST SUFFOLK CCG",259075.24,0,0,29449170.61,944972,10283062.15,0,229265970.93,12300925.1,0,0,0,80054.25,0,282583230.28,0.000916810384477851,0,0.104214148096545,0,0.00334404840323917,0.0363894989090858,0,0.811321927004762,0.043530272790114,0,0,0,0.000283294411776232,0
"NHS WIGAN BOROUGH CCG",7675719.48,0,0,33753899.95,2158963.5,40234544.64,0,357648880.72,18237133.33,0,0,94114,0,0,459803255.62,0.0166934865862358,0,0.073409440967281,0,0.00469540716298071,0.0875038272309482,0,0.777830248804449,0.0396629060518699,0,0,0.000204683196235956,0,0
"NHS WILTSHIRE CCG",1821234.05,0,1822527,65919697.76,106844.73,28323986.69,181304.44,373664299.96,101090259.61,0,0,0,0,0,572930154.24,0.00317880641561953,0,0.11505712742148,0.00318106314794621,0.000186488229340505,0.0494370674686728,0.000316451209031759,0.652198696812652,0.176444299295256,0,0,0,0,0
"NHS WIRRAL CCG",578862.99,0,581898.64,1989462.77,1920872,37788351.35,0,373495677.33,34331108.39,0,0,0,30463.24,0,450716696.71,0.00128431672095887,0,0.00441399838195934,0.00129105188302888,0.0042618168220112,0.0838405846196414,0,0.82867060407641,0.0761700390524678,0,0,0,6.75884435219862e-05,0
"NHS WOLVERHAMPTON CCG",1334183.93,0,0,25730132.61,2123543.75,50198069.52,0,283081973.17,17354523.83,0,0,0,72819,28464.78,379923710.59,0.00351171535971811,0,0.0677244717631404,0,0.00558939516226101,0.132126708917549,0,0.745102148877178,0.0456789701360028,0,0,0,0.000191667426828708,7.49223573221998e-05
"NHS WYRE FOREST CCG",0,0,0,16855763.32,261273,11113762.6,0,105733090.17,10524906.26,0,0,0,0,0,144488795.35,0,0,0.116657926859794,0,0.00180825786087502,0.0769178161744567,0,0.731773629324538,0.072842369780336,0,0,0,0,0
