A3131 - Expenditure Over Threshold,,,,,,,,,
,,,,,,,,,
,,,,,,,,,
,,,,,,,,,
Time run: 04/02/2019 10:18:39,,,,,,,,,
,,,,,,,,,
Department family,Entity,Date,Expense Type,Expense area,Supplier,Transaction number,AP Amount (�),VAT registration number,Purchase invoice number
Department of Health,NHS Herts Valleys CCG,1/31/2019,C&M-GMS DES Extended Hours Access,PRC DELEGATED CO-COMMISSIONING,ABBOTS WOOD MEDICAL CENTRE,25726121,"2,133.70 ",,HT000039562
Department of Health,NHS Herts Valleys CCG,1/31/2019,C&M-GMS Global Sum,PRC DELEGATED CO-COMMISSIONING,ABBOTS WOOD MEDICAL CENTRE,25726121,"29,260.88 ",,HT000039562
Department of Health,NHS Herts Valleys CCG,1/31/2019,C&M-GMS MPIG Correction Factor,PRC DELEGATED CO-COMMISSIONING,ABBOTS WOOD MEDICAL CENTRE,25726121,292.32 ,,HT000039562
Department of Health,NHS Herts Valleys CCG,1/31/2019,C&M-GMS PCO Seniority,PRC DELEGATED CO-COMMISSIONING,ABBOTS WOOD MEDICAL CENTRE,25726121,293.10 ,,HT000039562
Department of Health,NHS Herts Valleys CCG,1/31/2019,C&M-GMS Prem Notional Rent,PRC DELEGATED CO-COMMISSIONING,ABBOTS WOOD MEDICAL CENTRE,25726121,"4,398.08 ",,HT000039562
Department of Health,NHS Herts Valleys CCG,1/31/2019,C&M-GMS QOF Aspiration,PRC DELEGATED CO-COMMISSIONING,ABBOTS WOOD MEDICAL CENTRE,25726121,"2,830.03 ",,HT000039562
Department of Health,NHS Herts Valleys CCG,1/31/2019,C&M-GMS DES Minor Surgery,PRC DELEGATED CO-COMMISSIONING,ANNANDALE MEDICAL CENTRE,25728049,"1,051.12 ",,HT000039657
Department of Health,NHS Herts Valleys CCG,1/31/2019,C&M-GMS Global Sum,PRC DELEGATED CO-COMMISSIONING,ANNANDALE MEDICAL CENTRE,25728049,"57,602.62 ",,HT000039657
Department of Health,NHS Herts Valleys CCG,1/31/2019,C&M-GMS MPIG Correction Factor,PRC DELEGATED CO-COMMISSIONING,ANNANDALE MEDICAL CENTRE,25728049,335.75 ,,HT000039657
Department of Health,NHS Herts Valleys CCG,1/31/2019,C&M-GMS PCO Locum Sickness,PRC DELEGATED CO-COMMISSIONING,ANNANDALE MEDICAL CENTRE,25728049,"5,844.75 ",,HT000039657
Department of Health,NHS Herts Valleys CCG,1/31/2019,C&M-GMS Prem Rates,PRC DELEGATED CO-COMMISSIONING,ANNANDALE MEDICAL CENTRE,25728049,"1,667.23 ",,HT000039657
Department of Health,NHS Herts Valleys CCG,1/31/2019,C&M-GMS QOF Aspiration,PRC DELEGATED CO-COMMISSIONING,ANNANDALE MEDICAL CENTRE,25728049,"5,922.59 ",,HT000039657
Department of Health,NHS Herts Valleys CCG,1/31/2019,C&M-GMS DES Extended Hours Access,PRC DELEGATED CO-COMMISSIONING,ARCHWAY SURGERY,25726123,"1,165.18 ",,HT000039564
Department of Health,NHS Herts Valleys CCG,1/31/2019,C&M-GMS DES Minor Surgery,PRC DELEGATED CO-COMMISSIONING,ARCHWAY SURGERY,25726123,788.32 ,,HT000039564
Department of Health,NHS Herts Valleys CCG,1/31/2019,C&M-GMS Global Sum,PRC DELEGATED CO-COMMISSIONING,ARCHWAY SURGERY,25726123,"17,141.86 ",,HT000039564
Department of Health,NHS Herts Valleys CCG,1/31/2019,C&M-GMS Other FDR Payment,PRC DELEGATED CO-COMMISSIONING,ARCHWAY SURGERY,25726123,"2,982.03 ",,HT000039564
Department of Health,NHS Herts Valleys CCG,1/31/2019,C&M-GMS Prem Notional Rent,PRC DELEGATED CO-COMMISSIONING,ARCHWAY SURGERY,25726123,"1,500.00 ",,HT000039564
Department of Health,NHS Herts Valleys CCG,1/31/2019,C&M-GMS QOF Aspiration,PRC DELEGATED CO-COMMISSIONING,ARCHWAY SURGERY,25726123,"1,458.79 ",,HT000039564
Department of Health,NHS Herts Valleys CCG,1/31/2019,C&M-GMS DES Extended Hours Access,PRC DELEGATED CO-COMMISSIONING,ATTENBOROUGH SURGERY,25726119,"10,564.95 ",,HT000039560
Department of Health,NHS Herts Valleys CCG,1/31/2019,C&M-GMS DES Learn Dsblty Hlth Chk,PRC DELEGATED CO-COMMISSIONING,ATTENBOROUGH SURGERY,25726119,140.00 ,,HT000039560
Department of Health,NHS Herts Valleys CCG,1/31/2019,C&M-GMS DES Minor Surgery,PRC DELEGATED CO-COMMISSIONING,ATTENBOROUGH SURGERY,25726119,"7,269.92 ",,HT000039560
Department of Health,NHS Herts Valleys CCG,1/31/2019,C&M-GMS Global Sum,PRC DELEGATED CO-COMMISSIONING,ATTENBOROUGH SURGERY,25726119,"157,197.26 ",,HT000039560
Department of Health,NHS Herts Valleys CCG,1/31/2019,C&M-GMS MPIG Correction Factor,PRC DELEGATED CO-COMMISSIONING,ATTENBOROUGH SURGERY,25726119,963.47 ,,HT000039560
Department of Health,NHS Herts Valleys CCG,1/31/2019,C&M-GMS Prem Actual Rent,PRC DELEGATED CO-COMMISSIONING,ATTENBOROUGH SURGERY,25726119,"9,606.25 ",,HT000039560
Department of Health,NHS Herts Valleys CCG,1/31/2019,C&M-GMS Prem Healthcentre Rates,PRC DELEGATED CO-COMMISSIONING,ATTENBOROUGH SURGERY,25726119,"2,514.30 ",,HT000039560
Department of Health,NHS Herts Valleys CCG,1/31/2019,C&M-GMS Prem Notional Rent,PRC DELEGATED CO-COMMISSIONING,ATTENBOROUGH SURGERY,25726119,"2,966.67 ",,HT000039560
Department of Health,NHS Herts Valleys CCG,1/31/2019,C&M-GMS Prem Rates,PRC DELEGATED CO-COMMISSIONING,ATTENBOROUGH SURGERY,25726119,786.33 ,,HT000039560
Department of Health,NHS Herts Valleys CCG,1/31/2019,C&M-GMS QOF Aspiration,PRC DELEGATED CO-COMMISSIONING,ATTENBOROUGH SURGERY,25726119,"15,395.50 ",,HT000039560
Department of Health,NHS Herts Valleys CCG,1/31/2019,C&M-GMS DES Extended Hours Access,PRC DELEGATED CO-COMMISSIONING,BALDWINS LANE SURGERY,25726125,"1,828.28 ",,HT000039566
Department of Health,NHS Herts Valleys CCG,1/31/2019,C&M-GMS DES Minor Surgery,PRC DELEGATED CO-COMMISSIONING,BALDWINS LANE SURGERY,25726125,262.74 ,,HT000039566
Department of Health,NHS Herts Valleys CCG,1/31/2019,C&M-GMS Global Sum,PRC DELEGATED CO-COMMISSIONING,BALDWINS LANE SURGERY,25726125,"24,960.99 ",,HT000039566
Department of Health,NHS Herts Valleys CCG,1/31/2019,C&M-GMS MPIG Correction Factor,PRC DELEGATED CO-COMMISSIONING,BALDWINS LANE SURGERY,25726125,879.27 ,,HT000039566
Department of Health,NHS Herts Valleys CCG,1/31/2019,C&M-GMS PCO Seniority,PRC DELEGATED CO-COMMISSIONING,BALDWINS LANE SURGERY,25726125,"1,651.24 ",,HT000039566
Department of Health,NHS Herts Valleys CCG,1/31/2019,C&M-GMS Prem Notional Rent,PRC DELEGATED CO-COMMISSIONING,BALDWINS LANE SURGERY,25726125,"2,306.25 ",,HT000039566
Department of Health,NHS Herts Valleys CCG,1/31/2019,C&M-GMS QOF Aspiration,PRC DELEGATED CO-COMMISSIONING,BALDWINS LANE SURGERY,25726125,"3,152.77 ",,HT000039566
Department of Health,NHS Herts Valleys CCG,1/31/2019,Hcare Srv Rec NHS Trust-Contract Baseline,ACUTE COMMISSIONING,BARTS HEALTH NHS TRUST,25565670,"137,527.13 ",654947005,360034
Department of Health,NHS Herts Valleys CCG,1/31/2019,C&M-GMS DES Extended Hours Access,PRC DELEGATED CO-COMMISSIONING,BENNETTS END SURGERY,25726117,"8,045.55 ",,HT000039558
Department of Health,NHS Herts Valleys CCG,1/31/2019,C&M-GMS Global Sum,PRC DELEGATED CO-COMMISSIONING,BENNETTS END SURGERY,25726117,"112,196.17 ",,HT000039558
Department of Health,NHS Herts Valleys CCG,1/31/2019,C&M-GMS Other FDR Payment,PRC DELEGATED CO-COMMISSIONING,BENNETTS END SURGERY,25726117,"4,182.73 ",,HT000039558
Department of Health,NHS Herts Valleys CCG,1/31/2019,C&M-GMS PCO Doctors Ret Scheme,PRC DELEGATED CO-COMMISSIONING,BENNETTS END SURGERY,25726117,"1,384.56 ",,HT000039558
Department of Health,NHS Herts Valleys CCG,1/31/2019,C&M-GMS Prem Notional Rent,PRC DELEGATED CO-COMMISSIONING,BENNETTS END SURGERY,25726117,"8,954.17 ",,HT000039558
Department of Health,NHS Herts Valleys CCG,1/31/2019,C&M-GMS QOF Aspiration,PRC DELEGATED CO-COMMISSIONING,BENNETTS END SURGERY,25726117,"11,152.19 ",,HT000039558
Department of Health,NHS Herts Valleys CCG,1/31/2019,C&M-GMS DES Extended Hours Access,PRC DELEGATED CO-COMMISSIONING,BERKHAMSTED GROUP PRACTICE,25726217,"6,574.96 ",,HT000039667
Department of Health,NHS Herts Valleys CCG,1/31/2019,C&M-GMS DES Learn Dsblty Hlth Chk,PRC DELEGATED CO-COMMISSIONING,BERKHAMSTED GROUP PRACTICE,25726217,420.00 ,,HT000039667
Department of Health,NHS Herts Valleys CCG,1/31/2019,C&M-GMS DES Minor Surgery,PRC DELEGATED CO-COMMISSIONING,BERKHAMSTED GROUP PRACTICE,25726217,"3,372.05 ",,HT000039667
Department of Health,NHS Herts Valleys CCG,1/31/2019,C&M-GMS Global Sum,PRC DELEGATED CO-COMMISSIONING,BERKHAMSTED GROUP PRACTICE,25726217,"89,297.73 ",,HT000039667
Department of Health,NHS Herts Valleys CCG,1/31/2019,C&M-GMS MPIG Correction Factor,PRC DELEGATED CO-COMMISSIONING,BERKHAMSTED GROUP PRACTICE,25726217,"1,086.41 ",,HT000039667
Department of Health,NHS Herts Valleys CCG,1/31/2019,C&M-GMS Prem Notional Rent,PRC DELEGATED CO-COMMISSIONING,BERKHAMSTED GROUP PRACTICE,25726217,"6,354.17 ",,HT000039667
Department of Health,NHS Herts Valleys CCG,1/31/2019,C&M-GMS QOF Aspiration,PRC DELEGATED CO-COMMISSIONING,BERKHAMSTED GROUP PRACTICE,25726217,"8,747.66 ",,HT000039667
Department of Health,NHS Herts Valleys CCG,1/31/2019,Clinical&Medical-Independent Sector,ACUTE COMMISSIONING,BMI HEALTHCARE LTD,25565615,"55,095.61 ",GB235134980,0000101371
Department of Health,NHS Herts Valleys CCG,1/31/2019,Clinical&Medical-Independent Sector,ACUTE COMMISSIONING,BMI HEALTHCARE LTD,25565618,"232,079.16 ",GB235134980,0000101354
Department of Health,NHS Herts Valleys CCG,1/31/2019,Clinical&Medical-Independent Sector,ACUTE COMMISSIONING,BMI HEALTHCARE LTD,25565622,"39,244.82 ",GB235134980,0000101353
Department of Health,NHS Herts Valleys CCG,1/31/2019,Clinical&Medical-Independent Sector,ACUTE COMMISSIONING,BMI HEALTHCARE LTD,25565625,"37,276.70 ",GB235134980,0000101369
Department of Health,NHS Herts Valleys CCG,1/31/2019,Clinical&Medical-Independent Sector,ACUTE COMMISSIONING,BMI HEALTHCARE LTD,25565627,"27,090.96 ",GB235134980,0000101370
Department of Health,NHS Herts Valleys CCG,1/31/2019,C&M-GMS PCO Seniority,PRC DELEGATED CO-COMMISSIONING,BRIDGEWATER SURGERIES,25726212,"(4,096.99)",,HT000039662
Department of Health,NHS Herts Valleys CCG,1/31/2019,ME - GMS TPS Added Years Adj EEs,PRC DELEGATED CO-COMMISSIONING,BRIDGEWATER SURGERIES,25726212,"(1,440.91)",,HT000039662
Department of Health,NHS Herts Valleys CCG,1/31/2019,ME-GMS GP Pension EEs,PRC DELEGATED CO-COMMISSIONING,BRIDGEWATER SURGERIES,25726212,"(15,359.38)",,HT000039662
Department of Health,NHS Herts Valleys CCG,1/31/2019,ME-GMS GP Pension ERs Adjustments,PRC DELEGATED CO-COMMISSIONING,BRIDGEWATER SURGERIES,25726212,"(15,273.94)",,HT000039662
Department of Health,NHS Herts Valleys CCG,1/31/2019,C&M-GMS DES Extended Hours Access,PRC DELEGATED CO-COMMISSIONING,BRIDGEWATER SURGERIES,25726213,"14,023.90 ",,HT000039663
Department of Health,NHS Herts Valleys CCG,1/31/2019,C&M-GMS DES Minor Surgery,PRC DELEGATED CO-COMMISSIONING,BRIDGEWATER SURGERIES,25726213,"25,183.37 ",,HT000039663
Department of Health,NHS Herts Valleys CCG,1/31/2019,C&M-GMS Global Sum,PRC DELEGATED CO-COMMISSIONING,BRIDGEWATER SURGERIES,25726213,"191,763.78 ",,HT000039663
Department of Health,NHS Herts Valleys CCG,1/31/2019,C&M-GMS MPIG Correction Factor,PRC DELEGATED CO-COMMISSIONING,BRIDGEWATER SURGERIES,25726213,"1,017.04 ",,HT000039663
Department of Health,NHS Herts Valleys CCG,1/31/2019,C&M-GMS Prem Rates,PRC DELEGATED CO-COMMISSIONING,BRIDGEWATER SURGERIES,25726213,"6,001.60 ",,HT000039663
Department of Health,NHS Herts Valleys CCG,1/31/2019,C&M-GMS QOF Aspiration,PRC DELEGATED CO-COMMISSIONING,BRIDGEWATER SURGERIES,25726213,"18,118.78 ",,HT000039663
Department of Health,NHS Herts Valleys CCG,1/31/2019,ME - GMS GP Prior Year ERs,PRC DELEGATED CO-COMMISSIONING,BRIDGEWATER SURGERIES,25726213,805.38 ,,HT000039663
Department of Health,NHS Herts Valleys CCG,1/31/2019,ME-GMS GP Prior Year EEs,PRC DELEGATED CO-COMMISSIONING,BRIDGEWATER SURGERIES,25726213,267.00 ,,HT000039663
Department of Health,NHS Herts Valleys CCG,1/31/2019,Hcare Srv Rec NHS Trust-Contract Baseline,ACUTE COMMISSIONING,BUCKINGHAMSHIRE HEALTHCARE NHS TRUST,25565677,"1,220,287.25 ",654 4313 46,B0000653
Department of Health,NHS Herts Valleys CCG,1/31/2019,Cont Care-FNC Client Continence Allow,FUNDED NURSING CARE,BUPA CARE HOMES,25677146,330.15 ,239731641,BRU031493TOBRU031540
Department of Health,NHS Herts Valleys CCG,1/31/2019,Cont Care-Funded Nursing Care Allow,FUNDED NURSING CARE,BUPA CARE HOMES,25677146,"33,529.79 ",239731641,BRU031493TOBRU031540
Department of Health,NHS Herts Valleys CCG,1/31/2019,Cont Care-FNC Client Continence Allow,FUNDED NURSING CARE,BUPA CARE HOMES,25694814,416.77 ,239731641,HLH021901TOHLH021938
Department of Health,NHS Herts Valleys CCG,1/31/2019,Cont Care-Funded Nursing Care Allow,FUNDED NURSING CARE,BUPA CARE HOMES,25694814,"24,853.62 ",239731641,HLH021901TOHLH021938
Department of Health,NHS Herts Valleys CCG,1/31/2019,C&M-GMS DES Extended Hours Access,PRC DELEGATED CO-COMMISSIONING,CALLOWLAND SURGERY,25726127,"5,413.10 ",,HT000039568
Department of Health,NHS Herts Valleys CCG,1/31/2019,C&M-GMS DES Learn Dsblty Hlth Chk,PRC DELEGATED CO-COMMISSIONING,CALLOWLAND SURGERY,25726127,840.00 ,,HT000039568
Department of Health,NHS Herts Valleys CCG,1/31/2019,C&M-GMS DES Minor Surgery,PRC DELEGATED CO-COMMISSIONING,CALLOWLAND SURGERY,25726127,"5,211.63 ",,HT000039568
Department of Health,NHS Herts Valleys CCG,1/31/2019,C&M-GMS Global Sum,PRC DELEGATED CO-COMMISSIONING,CALLOWLAND SURGERY,25726127,"64,638.83 ",,HT000039568
Department of Health,NHS Herts Valleys CCG,1/31/2019,C&M-GMS MPIG Correction Factor,PRC DELEGATED CO-COMMISSIONING,CALLOWLAND SURGERY,25726127,980.61 ,,HT000039568
Department of Health,NHS Herts Valleys CCG,1/31/2019,C&M-GMS PCO Locum Adop/Pat/Mat,PRC DELEGATED CO-COMMISSIONING,CALLOWLAND SURGERY,25726127,"4,737.64 ",,HT000039568
Department of Health,NHS Herts Valleys CCG,1/31/2019,C&M-GMS Prem Notional Rent,PRC DELEGATED CO-COMMISSIONING,CALLOWLAND SURGERY,25726127,"7,075.00 ",,HT000039568
Department of Health,NHS Herts Valleys CCG,1/31/2019,C&M-GMS QOF Aspiration,PRC DELEGATED CO-COMMISSIONING,CALLOWLAND SURGERY,25726127,"6,493.40 ",,HT000039568
Department of Health,NHS Herts Valleys CCG,1/31/2019,Hcare Srv Rec Fdtn Trust-Contract Baseline,ACUTE COMMISSIONING,CAMBRIDGE UNIVERSITY HOSPITALS NHS FOUNDATION TRUST,25738088,"53,650.79 ",654910528,70022180
Department of Health,NHS Herts Valleys CCG,1/31/2019,C&M-GMS DES Extended Hours Access,PRC DELEGATED CO-COMMISSIONING,CASSIO PARTNERSHIP,25742149,"1,112.93 ",,HT000039661
Department of Health,NHS Herts Valleys CCG,1/31/2019,C&M-GMS DES Minor Surgery,PRC DELEGATED CO-COMMISSIONING,CASSIO PARTNERSHIP,25742149,832.05 ,,HT000039661
Department of Health,NHS Herts Valleys CCG,1/31/2019,C&M-GMS Global Sum,PRC DELEGATED CO-COMMISSIONING,CASSIO PARTNERSHIP,25742149,"56,494.83 ",,HT000039661
Department of Health,NHS Herts Valleys CCG,1/31/2019,C&M-GMS QOF Aspiration,PRC DELEGATED CO-COMMISSIONING,CASSIO PARTNERSHIP,25742149,"1,462.00 ",,HT000039661
Department of Health,NHS Herts Valleys CCG,1/31/2019,Hcare Srv Rec NHS Trust-Contract Baseline,COMMUNITY SERVICES,CENTRAL LONDON COMMUNITY HEALTHCARE NHS TRUST,25565747,"290,243.56 ",654440485,1000013286
Department of Health,NHS Herts Valleys CCG,1/31/2019,Hcare Srv Rec NHS Trust-Contract Baseline,COMMUNITY SERVICES,CENTRAL LONDON COMMUNITY HEALTHCARE NHS TRUST,25738137,"265,856.01 ",654440485,1000013401
Department of Health,NHS Herts Valleys CCG,1/31/2019,Hcare Srv Rec Fdtn Trust-Contract Baseline,ACUTE COMMISSIONING,CHELSEA AND WESTMINSTER HOSPITAL NHS FOUNDATION TRUST,25565662,"63,639.53 ",654915415,N0028726
Department of Health,NHS Herts Valleys CCG,1/31/2019,C&M-GMS DES Extended Hours Access,PRC DELEGATED CO-COMMISSIONING,CHORLEYWOOD HEALTH CENTRE,25726129,"3,296.98 ",,HT000039570
Department of Health,NHS Herts Valleys CCG,1/31/2019,C&M-GMS DES Minor Surgery,PRC DELEGATED CO-COMMISSIONING,CHORLEYWOOD HEALTH CENTRE,25726129,"2,934.49 ",,HT000039570
Department of Health,NHS Herts Valleys CCG,1/31/2019,C&M-GMS Global Sum,PRC DELEGATED CO-COMMISSIONING,CHORLEYWOOD HEALTH CENTRE,25726129,"44,663.84 ",,HT000039570
Department of Health,NHS Herts Valleys CCG,1/31/2019,C&M-GMS MPIG Correction Factor,PRC DELEGATED CO-COMMISSIONING,CHORLEYWOOD HEALTH CENTRE,25726129,417.94 ,,HT000039570
Department of Health,NHS Herts Valleys CCG,1/31/2019,C&M-GMS QOF Aspiration,PRC DELEGATED CO-COMMISSIONING,CHORLEYWOOD HEALTH CENTRE,25726129,"4,823.15 ",,HT000039570
Department of Health,NHS Herts Valleys CCG,1/31/2019,C&M-GMS DES Extended Hours Access,PRC DELEGATED CO-COMMISSIONING,COLNE HOUSE,25726133,"4,869.70 ",,HT000039574
Department of Health,NHS Herts Valleys CCG,1/31/2019,C&M-GMS Global Sum,PRC DELEGATED CO-COMMISSIONING,COLNE HOUSE,25726133,"70,254.99 ",,HT000039574
Department of Health,NHS Herts Valleys CCG,1/31/2019,C&M-GMS MPIG Correction Factor,PRC DELEGATED CO-COMMISSIONING,COLNE HOUSE,25726133,635.10 ,,HT000039574
Department of Health,NHS Herts Valleys CCG,1/31/2019,C&M-GMS PCO Seniority,PRC DELEGATED CO-COMMISSIONING,COLNE HOUSE,25726133,"3,355.50 ",,HT000039574
Department of Health,NHS Herts Valleys CCG,1/31/2019,C&M-GMS Prem Notional Rent,PRC DELEGATED CO-COMMISSIONING,COLNE HOUSE,25726133,"9,979.17 ",,HT000039574
Department of Health,NHS Herts Valleys CCG,1/31/2019,C&M-GMS QOF Aspiration,PRC DELEGATED CO-COMMISSIONING,COLNE HOUSE,25726133,"7,468.15 ",,HT000039574
Department of Health,NHS Herts Valleys CCG,1/31/2019,Clinical&Medical-Independent Sector,COMMUNITY SERVICES,DACORUM HEALTHCARE PROVIDERS LTD,25663684,"45,747.44 ",,00012019
Department of Health,NHS Herts Valleys CCG,1/31/2019,C&M-GMS DES Extended Hours Access,PRC DELEGATED CO-COMMISSIONING,DAVENPORT HOUSE SURGERY,25726135,"5,782.65 ",,HT000039576
Department of Health,NHS Herts Valleys CCG,1/31/2019,C&M-GMS DES Learn Dsblty Hlth Chk,PRC DELEGATED CO-COMMISSIONING,DAVENPORT HOUSE SURGERY,25726135,700.00 ,,HT000039576
Department of Health,NHS Herts Valleys CCG,1/31/2019,C&M-GMS DES Minor Surgery,PRC DELEGATED CO-COMMISSIONING,DAVENPORT HOUSE SURGERY,25726135,"2,452.62 ",,HT000039576
Department of Health,NHS Herts Valleys CCG,1/31/2019,C&M-GMS Global Sum,PRC DELEGATED CO-COMMISSIONING,DAVENPORT HOUSE SURGERY,25726135,"70,530.34 ",,HT000039576
Department of Health,NHS Herts Valleys CCG,1/31/2019,C&M-GMS MPIG Correction Factor,PRC DELEGATED CO-COMMISSIONING,DAVENPORT HOUSE SURGERY,25726135,"2,718.88 ",,HT000039576
Department of Health,NHS Herts Valleys CCG,1/31/2019,C&M-GMS PCO Seniority,PRC DELEGATED CO-COMMISSIONING,DAVENPORT HOUSE SURGERY,25726135,"3,574.00 ",,HT000039576
Department of Health,NHS Herts Valleys CCG,1/31/2019,C&M-GMS QOF Aspiration,PRC DELEGATED CO-COMMISSIONING,DAVENPORT HOUSE SURGERY,25726135,"6,262.56 ",,HT000039576
Department of Health,NHS Herts Valleys CCG,1/31/2019,C&M-GMS Practice Transformational Support,LOCAL ENHANCED SERVICES,DIRECT LOCAL HEALTH LTD,25415017,"31,369.00 ",,0652018
Department of Health,NHS Herts Valleys CCG,1/31/2019,Clinical&Medical-Independent Sector,PCTF Revenue,DIRECT LOCAL HEALTH LTD,25415017,"71,579.00 ",,0652018
Department of Health,NHS Herts Valleys CCG,1/31/2019,Hcare Srv Rec NHS Trust-Contract Baseline,ACUTE COMMISSIONING,EAST AND NORTH HERTFORDSHIRE NHS TRUST,25565778,"1,268,610.00 ",654973984,4159463
Department of Health,NHS Herts Valleys CCG,1/31/2019,Hcare Srv Rec NHS Trust-Non Contract,PATIENT TRANSPORT,EAST OF ENGLAND AMBULANCE SERVICE NHS TRUST,25472984,"162,569.00 ",654919501,8112313
Department of Health,NHS Herts Valleys CCG,1/31/2019,Hcare Srv Rec NHS Trust-Contract Baseline,AMBULANCE SERVICES,EAST OF ENGLAND AMBULANCE SERVICE NHS TRUST,25565704,"1,542,107.46 ",654919501,8112294
Department of Health,NHS Herts Valleys CCG,1/31/2019,Hcare Srv Rec NHS Trust-Non Contract,PATIENT TRANSPORT,EAST OF ENGLAND AMBULANCE SERVICE NHS TRUST,25634679,"36,715.00 ",654919501,8112476
Department of Health,NHS Herts Valleys CCG,1/31/2019,Computer Maintenance,PRIMARY CARE IT,EGTON MEDICAL INFORMATION SYSTEMS LTD,25565751,"32,618.80 ",927149214,EMINV016834
Department of Health,NHS Herts Valleys CCG,1/31/2019,Computer Maintenance,PRIMARY CARE IT,EGTON MEDICAL INFORMATION SYSTEMS LTD,25565755,"113,067.10 ",927149214,EMINV016831
Department of Health,NHS Herts Valleys CCG,1/31/2019,Clinical&Medical-Independent Sector,COMMISSIONING SCHEMES,ELMS MEDICAL PRACTICE (THE),25663324,"27,393.75 ",,181201
Department of Health,NHS Herts Valleys CCG,1/31/2019,ME - GMS GP Prior Year ERs,PRC DELEGATED CO-COMMISSIONING,ELMS MEDICAL PRACTICE (THE),25727984,"(1,990.01)",,HT000039577
Department of Health,NHS Herts Valleys CCG,1/31/2019,ME-GMS GP Pension EEs,PRC DELEGATED CO-COMMISSIONING,ELMS MEDICAL PRACTICE (THE),25727984,"(4,049.79)",,HT000039577
Department of Health,NHS Herts Valleys CCG,1/31/2019,ME-GMS GP Pension EEs Adjustments,PRC DELEGATED CO-COMMISSIONING,ELMS MEDICAL PRACTICE (THE),25727984,"(6,187.50)",,HT000039577
Department of Health,NHS Herts Valleys CCG,1/31/2019,ME-GMS GP Pension ERs Adjustments,PRC DELEGATED CO-COMMISSIONING,ELMS MEDICAL PRACTICE (THE),25727984,"(11,761.68)",,HT000039577
Department of Health,NHS Herts Valleys CCG,1/31/2019,ME-GMS GP Prior Year EEs,PRC DELEGATED CO-COMMISSIONING,ELMS MEDICAL PRACTICE (THE),25727984,"(1,729.84)",,HT000039577
Department of Health,NHS Herts Valleys CCG,1/31/2019,C&M-GMS DES Extended Hours Access,PRC DELEGATED CO-COMMISSIONING,ELMS MEDICAL PRACTICE (THE),25727989,"7,420.93 ",,HT000039578
Department of Health,NHS Herts Valleys CCG,1/31/2019,C&M-GMS DES Minor Surgery,PRC DELEGATED CO-COMMISSIONING,ELMS MEDICAL PRACTICE (THE),25727989,"2,408.49 ",,HT000039578
Department of Health,NHS Herts Valleys CCG,1/31/2019,C&M-GMS Global Sum,PRC DELEGATED CO-COMMISSIONING,ELMS MEDICAL PRACTICE (THE),25727989,"92,950.39 ",,HT000039578
Department of Health,NHS Herts Valleys CCG,1/31/2019,C&M-GMS MPIG Correction Factor,PRC DELEGATED CO-COMMISSIONING,ELMS MEDICAL PRACTICE (THE),25727989,"2,748.65 ",,HT000039578
Department of Health,NHS Herts Valleys CCG,1/31/2019,C&M-GMS QOF Aspiration,PRC DELEGATED CO-COMMISSIONING,ELMS MEDICAL PRACTICE (THE),25727989,"9,061.85 ",,HT000039578
Department of Health,NHS Herts Valleys CCG,1/31/2019,C&M-GMS DES Extended Hours Access,PRC DELEGATED CO-COMMISSIONING,ELMS SURGERY,25726137,"2,466.68 ",,HT000039580
Department of Health,NHS Herts Valleys CCG,1/31/2019,C&M-GMS Global Sum,PRC DELEGATED CO-COMMISSIONING,ELMS SURGERY,25726137,"36,357.16 ",,HT000039580
Department of Health,NHS Herts Valleys CCG,1/31/2019,C&M-GMS MPIG Correction Factor,PRC DELEGATED CO-COMMISSIONING,ELMS SURGERY,25726137,74.09 ,,HT000039580
Department of Health,NHS Herts Valleys CCG,1/31/2019,C&M-GMS QOF Aspiration,PRC DELEGATED CO-COMMISSIONING,ELMS SURGERY,25726137,"2,874.74 ",,HT000039580
Department of Health,NHS Herts Valleys CCG,1/31/2019,C&M-GMS DES Extended Hours Access,PRC DELEGATED CO-COMMISSIONING,EVEREST HOUSE SURGERY,25726139,"6,477.10 ",,HT000039582
Department of Health,NHS Herts Valleys CCG,1/31/2019,C&M-GMS Global Sum,PRC DELEGATED CO-COMMISSIONING,EVEREST HOUSE SURGERY,25726139,"92,642.98 ",,HT000039582
Department of Health,NHS Herts Valleys CCG,1/31/2019,C&M-GMS MPIG Correction Factor,PRC DELEGATED CO-COMMISSIONING,EVEREST HOUSE SURGERY,25726139,102.98 ,,HT000039582
Department of Health,NHS Herts Valleys CCG,1/31/2019,C&M-GMS PCO Locum Sickness,PRC DELEGATED CO-COMMISSIONING,EVEREST HOUSE SURGERY,25726139,"22,700.16 ",,HT000039582
Department of Health,NHS Herts Valleys CCG,1/31/2019,C&M-GMS QOF Aspiration,PRC DELEGATED CO-COMMISSIONING,EVEREST HOUSE SURGERY,25726139,"10,075.25 ",,HT000039582
Department of Health,NHS Herts Valleys CCG,1/31/2019,ME - GMS GP Prior Year ERs,PRC DELEGATED CO-COMMISSIONING,EVEREST HOUSE SURGERY,25726139,"1,969.16 ",,HT000039582
Department of Health,NHS Herts Valleys CCG,1/31/2019,ME-GMS GP Prior Year EEs,PRC DELEGATED CO-COMMISSIONING,EVEREST HOUSE SURGERY,25726139,"2,560.69 ",,HT000039582
Department of Health,NHS Herts Valleys CCG,1/31/2019,C&M-GMS DES Extended Hours Access,PRC DELEGATED CO-COMMISSIONING,FAIRBROOK MEDICAL CENTRE,25726141,"6,702.25 ",,HT000039584
Department of Health,NHS Herts Valleys CCG,1/31/2019,C&M-GMS Global Sum,PRC DELEGATED CO-COMMISSIONING,FAIRBROOK MEDICAL CENTRE,25726141,"98,608.01 ",,HT000039584
Department of Health,NHS Herts Valleys CCG,1/31/2019,C&M-GMS Other FDR Payment,PRC DELEGATED CO-COMMISSIONING,FAIRBROOK MEDICAL CENTRE,25726141,"3,050.46 ",,HT000039584
Department of Health,NHS Herts Valleys CCG,1/31/2019,C&M-GMS PCO Seniority,PRC DELEGATED CO-COMMISSIONING,FAIRBROOK MEDICAL CENTRE,25726141,"8,730.34 ",,HT000039584
Department of Health,NHS Herts Valleys CCG,1/31/2019,C&M-GMS Prem Actual Rent,PRC DELEGATED CO-COMMISSIONING,FAIRBROOK MEDICAL CENTRE,25726141,"25,425.00 ",,HT000039584
Department of Health,NHS Herts Valleys CCG,1/31/2019,C&M-GMS Prem Clinical Waste,PRC DELEGATED CO-COMMISSIONING,FAIRBROOK MEDICAL CENTRE,25726141,"3,029.43 ",,HT000039584
Department of Health,NHS Herts Valleys CCG,1/31/2019,C&M-GMS Prem Water Rates,PRC DELEGATED CO-COMMISSIONING,FAIRBROOK MEDICAL CENTRE,25726141,29.97 ,,HT000039584
Department of Health,NHS Herts Valleys CCG,1/31/2019,C&M-GMS QOF Aspiration,PRC DELEGATED CO-COMMISSIONING,FAIRBROOK MEDICAL CENTRE,25726141,"10,372.10 ",,HT000039584
Department of Health,NHS Herts Valleys CCG,1/31/2019,ME - GMS GP Prior Year ERs,PRC DELEGATED CO-COMMISSIONING,FAIRBROOK MEDICAL CENTRE,25726141,0.04 ,,HT000039584
Department of Health,NHS Herts Valleys CCG,1/31/2019,C&M-GMS DES Extended Hours Access,PRC DELEGATED CO-COMMISSIONING,FERNVILLE SURGERY,25726143,"7,897.83 ",,HT000039586
Department of Health,NHS Herts Valleys CCG,1/31/2019,C&M-GMS DES Learn Dsblty Hlth Chk,PRC DELEGATED CO-COMMISSIONING,FERNVILLE SURGERY,25726143,980.00 ,,HT000039586
Department of Health,NHS Herts Valleys CCG,1/31/2019,C&M-GMS Global Sum,PRC DELEGATED CO-COMMISSIONING,FERNVILLE SURGERY,25726143,"111,287.46 ",,HT000039586
Department of Health,NHS Herts Valleys CCG,1/31/2019,C&M-GMS PCO Locum Adop/Pat/Mat,PRC DELEGATED CO-COMMISSIONING,FERNVILLE SURGERY,25726143,"1,751.52 ",,HT000039586
Department of Health,NHS Herts Valleys CCG,1/31/2019,C&M-GMS QOF Aspiration,PRC DELEGATED CO-COMMISSIONING,FERNVILLE SURGERY,25726143,"11,741.92 ",,HT000039586
Department of Health,NHS Herts Valleys CCG,1/31/2019,Hcare Srv Rec Fdtn Trust-Contract Baseline,ACUTE COMMISSIONING,FRIMLEY HEALTH NHS FOUNDATION TRUST,25565682,"38,135.29 ",654922028,N0103947
Department of Health,NHS Herts Valleys CCG,1/31/2019,C&M-GMS Global Sum,PRC DELEGATED CO-COMMISSIONING,GADE SURGERY HINTON,25726148,"77,441.10 ",,HT000039591
Department of Health,NHS Herts Valleys CCG,1/31/2019,C&M-GMS MPIG Correction Factor,PRC DELEGATED CO-COMMISSIONING,GADE SURGERY HINTON,25726148,988.21 ,,HT000039591
Department of Health,NHS Herts Valleys CCG,1/31/2019,C&M-GMS PCO Locum Adop/Pat/Mat,PRC DELEGATED CO-COMMISSIONING,GADE SURGERY HINTON,25726148,"17,921.41 ",,HT000039591
Department of Health,NHS Herts Valleys CCG,1/31/2019,C&M-GMS Prem Notional Rent,PRC DELEGATED CO-COMMISSIONING,GADE SURGERY HINTON,25726148,"20,428.08 ",,HT000039591
Department of Health,NHS Herts Valleys CCG,1/31/2019,C&M-GMS QOF Aspiration,PRC DELEGATED CO-COMMISSIONING,GADE SURGERY HINTON,25726148,"7,433.73 ",,HT000039591
Department of Health,NHS Herts Valleys CCG,1/31/2019,C&M-GMS DES Extended Hours Access,PRC DELEGATED CO-COMMISSIONING,GARSTON MEDICAL CENTRE,25726145,"5,454.90 ",,HT000039588
Department of Health,NHS Herts Valleys CCG,1/31/2019,C&M-GMS DES Minor Surgery,PRC DELEGATED CO-COMMISSIONING,GARSTON MEDICAL CENTRE,25726145,"1,751.82 ",,HT000039588
Department of Health,NHS Herts Valleys CCG,1/31/2019,C&M-GMS Global Sum,PRC DELEGATED CO-COMMISSIONING,GARSTON MEDICAL CENTRE,25726145,"75,033.75 ",,HT000039588
Department of Health,NHS Herts Valleys CCG,1/31/2019,C&M-GMS MPIG Correction Factor,PRC DELEGATED CO-COMMISSIONING,GARSTON MEDICAL CENTRE,25726145,284.58 ,,HT000039588
Department of Health,NHS Herts Valleys CCG,1/31/2019,C&M-GMS QOF Aspiration,PRC DELEGATED CO-COMMISSIONING,GARSTON MEDICAL CENTRE,25726145,"6,319.13 ",,HT000039588
Department of Health,NHS Herts Valleys CCG,1/31/2019,Clinical&Medical-Independent Sector,NON RECURRENT PROGRAMMES,GCH (QUEENSWAY) LTD,25565811,"31,645.74 ",,QUEDEC18
Department of Health,NHS Herts Valleys CCG,1/31/2019,C&M-GMS DES Extended Hours Access,PRC DELEGATED CO-COMMISSIONING,GOSSOMS END SURGERY,25726146,"1,189.40 ",,HT000039589
Department of Health,NHS Herts Valleys CCG,1/31/2019,C&M-GMS DES Minor Surgery,PRC DELEGATED CO-COMMISSIONING,GOSSOMS END SURGERY,25726146,"1,051.18 ",,HT000039589
Department of Health,NHS Herts Valleys CCG,1/31/2019,C&M-GMS Global Sum,PRC DELEGATED CO-COMMISSIONING,GOSSOMS END SURGERY,25726146,"16,798.02 ",,HT000039589
Department of Health,NHS Herts Valleys CCG,1/31/2019,C&M-GMS Other FDR Payment,PRC DELEGATED CO-COMMISSIONING,GOSSOMS END SURGERY,25726146,"2,626.36 ",,HT000039589
Department of Health,NHS Herts Valleys CCG,1/31/2019,C&M-GMS Prem Actual Rent,PRC DELEGATED CO-COMMISSIONING,GOSSOMS END SURGERY,25726146,"3,083.33 ",,HT000039589
Department of Health,NHS Herts Valleys CCG,1/31/2019,C&M-GMS QOF Aspiration,PRC DELEGATED CO-COMMISSIONING,GOSSOMS END SURGERY,25726146,"1,684.14 ",,HT000039589
Department of Health,NHS Herts Valleys CCG,1/31/2019,C&M-GMS DES Extended Hours Access,PRC DELEGATED CO-COMMISSIONING,GRANGE ST SURGERY,25726152,"4,876.35 ",,HT000039595
Department of Health,NHS Herts Valleys CCG,1/31/2019,C&M-GMS DES Minor Surgery,PRC DELEGATED CO-COMMISSIONING,GRANGE ST SURGERY,25726152,"1,664.18 ",,HT000039595
Department of Health,NHS Herts Valleys CCG,1/31/2019,C&M-GMS Global Sum,PRC DELEGATED CO-COMMISSIONING,GRANGE ST SURGERY,25726152,"68,697.62 ",,HT000039595
Department of Health,NHS Herts Valleys CCG,1/31/2019,C&M-GMS MPIG Correction Factor,PRC DELEGATED CO-COMMISSIONING,GRANGE ST SURGERY,25726152,193.88 ,,HT000039595
Department of Health,NHS Herts Valleys CCG,1/31/2019,C&M-GMS QOF Aspiration,PRC DELEGATED CO-COMMISSIONING,GRANGE ST SURGERY,25726152,"6,424.71 ",,HT000039595
Department of Health,NHS Herts Valleys CCG,1/31/2019,Hcare Srv Rec Fdtn Trust-Contract Baseline,ACUTE COMMISSIONING,GREAT ORMOND STREET HOSPITAL FOR CHILDREN NHS FOUNDATION TRUST,25565680,"58,165.86 ",654922910,X0205957
Department of Health,NHS Herts Valleys CCG,1/31/2019,C&M-GMS DES Extended Hours Access,PRC DELEGATED CO-COMMISSIONING,GROVE MEDICAL CENTRE BOREHAMWOOD,25726154,"6,063.38 ",,HT000039597
Department of Health,NHS Herts Valleys CCG,1/31/2019,C&M-GMS Global Sum,PRC DELEGATED CO-COMMISSIONING,GROVE MEDICAL CENTRE BOREHAMWOOD,25726154,"86,081.96 ",,HT000039597
Department of Health,NHS Herts Valleys CCG,1/31/2019,C&M-GMS QOF Aspiration,PRC DELEGATED CO-COMMISSIONING,GROVE MEDICAL CENTRE BOREHAMWOOD,25726154,"7,586.51 ",,HT000039597
Department of Health,NHS Herts Valleys CCG,1/31/2019,C&M-GMS DES Extended Hours Access,PRC DELEGATED CO-COMMISSIONING,GROVEHILL MEDICAL CENTRE,25726156,"2,280.48 ",,HT000039599
Department of Health,NHS Herts Valleys CCG,1/31/2019,C&M-GMS DES Minor Surgery,PRC DELEGATED CO-COMMISSIONING,GROVEHILL MEDICAL CENTRE,25726156,306.59 ,,HT000039599
Department of Health,NHS Herts Valleys CCG,1/31/2019,C&M-GMS Global Sum,PRC DELEGATED CO-COMMISSIONING,GROVEHILL MEDICAL CENTRE,25726156,"30,508.37 ",,HT000039599
Department of Health,NHS Herts Valleys CCG,1/31/2019,C&M-GMS MPIG Correction Factor,PRC DELEGATED CO-COMMISSIONING,GROVEHILL MEDICAL CENTRE,25726156,717.07 ,,HT000039599
Department of Health,NHS Herts Valleys CCG,1/31/2019,C&M-GMS PCO Seniority,PRC DELEGATED CO-COMMISSIONING,GROVEHILL MEDICAL CENTRE,25726156,"4,677.78 ",,HT000039599
Department of Health,NHS Herts Valleys CCG,1/31/2019,C&M-GMS Prem Actual Rent,PRC DELEGATED CO-COMMISSIONING,GROVEHILL MEDICAL CENTRE,25726156,"3,791.67 ",,HT000039599
Department of Health,NHS Herts Valleys CCG,1/31/2019,C&M-GMS QOF Aspiration,PRC DELEGATED CO-COMMISSIONING,GROVEHILL MEDICAL CENTRE,25726156,"3,291.66 ",,HT000039599
Department of Health,NHS Herts Valleys CCG,1/31/2019,Hcare Srv Rec Fdtn Trust-Contract Baseline,ACUTE COMMISSIONING,GUYS & ST THOMAS HOSPITAL NHS FOUNDATION TRUST,25565658,"188,444.00 ",654923417,3254084
Department of Health,NHS Herts Valleys CCG,1/31/2019,C&M-GMS DES Extended Hours Access,PRC DELEGATED CO-COMMISSIONING,HARVEY HOUSE,25726150,"6,325.10 ",,HT000039593
Department of Health,NHS Herts Valleys CCG,1/31/2019,C&M-GMS DES Minor Surgery,PRC DELEGATED CO-COMMISSIONING,HARVEY HOUSE,25726150,"3,941.56 ",,HT000039593
Department of Health,NHS Herts Valleys CCG,1/31/2019,C&M-GMS Global Sum,PRC DELEGATED CO-COMMISSIONING,HARVEY HOUSE,25726150,"86,647.44 ",,HT000039593
Department of Health,NHS Herts Valleys CCG,1/31/2019,C&M-GMS MPIG Correction Factor,PRC DELEGATED CO-COMMISSIONING,HARVEY HOUSE,25726150,905.48 ,,HT000039593
Department of Health,NHS Herts Valleys CCG,1/31/2019,C&M-GMS PCO Locum Adop/Pat/Mat,PRC DELEGATED CO-COMMISSIONING,HARVEY HOUSE,25726150,"1,143.06 ",,HT000039593
Department of Health,NHS Herts Valleys CCG,1/31/2019,C&M-GMS Prem Notional Rent,PRC DELEGATED CO-COMMISSIONING,HARVEY HOUSE,25726150,"5,612.50 ",,HT000039593
Department of Health,NHS Herts Valleys CCG,1/31/2019,C&M-GMS QOF Aspiration,PRC DELEGATED CO-COMMISSIONING,HARVEY HOUSE,25726150,"8,843.55 ",,HT000039593
Department of Health,NHS Herts Valleys CCG,1/31/2019,C&M-GMS DES Extended Hours Access,PRC DELEGATED CO-COMMISSIONING,HAVERFIELD SURGERY,25742147,"1,578.90 ",,HT000039603
Department of Health,NHS Herts Valleys CCG,1/31/2019,C&M-GMS Global Sum,PRC DELEGATED CO-COMMISSIONING,HAVERFIELD SURGERY,25742147,"22,065.02 ",,HT000039603
Department of Health,NHS Herts Valleys CCG,1/31/2019,C&M-GMS MPIG Correction Factor,PRC DELEGATED CO-COMMISSIONING,HAVERFIELD SURGERY,25742147,376.61 ,,HT000039603
Department of Health,NHS Herts Valleys CCG,1/31/2019,C&M-GMS Other Addtl Staff Paymts,PRC DELEGATED CO-COMMISSIONING,HAVERFIELD SURGERY,25742147,"3,500.00 ",,HT000039603
Department of Health,NHS Herts Valleys CCG,1/31/2019,C&M-GMS QOF Aspiration,PRC DELEGATED CO-COMMISSIONING,HAVERFIELD SURGERY,25742147,"1,741.76 ",,HT000039603
Department of Health,NHS Herts Valleys CCG,1/31/2019,Hcare Srv Rec NHS Trust-Contract Baseline,COMMUNITY SERVICES,HERTFORDSHIRE COMMUNITY NHS TRUST,25494134,"3,883,519.00 ",654 4402 89,H0002837
Department of Health,NHS Herts Valleys CCG,1/31/2019,Cont Care-NHS Trust-Children,Children's Continuing Care,HERTFORDSHIRE COMMUNITY NHS TRUST,25565817,"200,000.00 ",654 4402 89,H0002891
Department of Health,NHS Herts Valleys CCG,1/31/2019,Cont Care-NHS Trust-Children,Children's Continuing Care,HERTFORDSHIRE COMMUNITY NHS TRUST,25565818,"48,165.50 ",654 4402 89,H0002892
Department of Health,NHS Herts Valleys CCG,1/31/2019,Hcare Srv Rec NHS Trust-Contract Baseline,COMMUNITY SERVICES,HERTFORDSHIRE COMMUNITY NHS TRUST,25775401,"3,883,519.00 ",654 4402 89,H0003044
Department of Health,NHS Herts Valleys CCG,1/31/2019,Clinical&Medical-Othe Public Sector,CHILD AND ADOLESCENT MENTAL HEALTH,HERTFORDSHIRE COUNTY COUNCIL,25415090,"598,591.00 ",GB214527877,1802648400
Department of Health,NHS Herts Valleys CCG,1/31/2019,Clinical&Medical-Othe Public Sector,IMPROVING ACCESS TO PSYCHOLOGICAL THERAPIES,HERTFORDSHIRE COUNTY COUNCIL,25415090,"385,922.00 ",GB214527877,1802648400
Department of Health,NHS Herts Valleys CCG,1/31/2019,Clinical&Medical-Othe Public Sector,LEARNING DIFFICULTIES,HERTFORDSHIRE COUNTY COUNCIL,25415090,"729,373.00 ",GB214527877,1802648400
Department of Health,NHS Herts Valleys CCG,1/31/2019,Clinical&Medical-Othe Public Sector,MENTAL HEALTH CONTRACTS,HERTFORDSHIRE COUNTY COUNCIL,25415090,"199,565.00 ",GB214527877,1802648400
Department of Health,NHS Herts Valleys CCG,1/31/2019,Clinical&Medical-Othe Public Sector,MENTAL HEALTH SERVICES - ADULTS,HERTFORDSHIRE COUNTY COUNCIL,25415090,"3,111,485.00 ",GB214527877,1802648400
Department of Health,NHS Herts Valleys CCG,1/31/2019,Clinical&Medical-Othe Public Sector,MENTAL HEALTH SERVICES - OLDER PEOPLE,HERTFORDSHIRE COUNTY COUNCIL,25415090,"1,514,116.00 ",GB214527877,1802648400
Department of Health,NHS Herts Valleys CCG,1/31/2019,Clinical&Medical-Othe Public Sector,MENTAL HEALTH SERVICES - OTHER,HERTFORDSHIRE COUNTY COUNCIL,25415090,"36,458.00 ",GB214527877,1802648400
Department of Health,NHS Herts Valleys CCG,1/31/2019,Cont Care-Mental Health (<65),CHC ADULT FULLY FUNDED,HERTFORDSHIRE COUNTY COUNCIL,25415090,"453,000.00 ",GB214527877,1802648400
Department of Health,NHS Herts Valleys CCG,1/31/2019,Clinical&Medical-Independent Sector,OUT OF HOURS,HERTS URGENT CARE,25456625,"(68,455.14)",210815253,0000004608
Department of Health,NHS Herts Valleys CCG,1/31/2019,Clinical&Medical-Independent Sector,OUT OF HOURS,HERTS URGENT CARE,25473022,"136,065.32 ",210815253,0000004634
Department of Health,NHS Herts Valleys CCG,1/31/2019,Clinical&Medical-Independent Sector,OUT OF HOURS,HERTS URGENT CARE,25473025,"499,519.12 ",210815253,0000004633
Department of Health,NHS Herts Valleys CCG,1/31/2019,C&M-GMS DES Extended Hours Access,PRC DELEGATED CO-COMMISSIONING,HIGHFIELD SURGERY HEMEL HEMPSTEAD,25742146,"2,613.45 ",,HT000039601
Department of Health,NHS Herts Valleys CCG,1/31/2019,C&M-GMS DES Minor Surgery,PRC DELEGATED CO-COMMISSIONING,HIGHFIELD SURGERY HEMEL HEMPSTEAD,25742146,"2,014.62 ",,HT000039601
Department of Health,NHS Herts Valleys CCG,1/31/2019,C&M-GMS Global Sum,PRC DELEGATED CO-COMMISSIONING,HIGHFIELD SURGERY HEMEL HEMPSTEAD,25742146,"39,512.30 ",,HT000039601
Department of Health,NHS Herts Valleys CCG,1/31/2019,C&M-GMS MPIG Correction Factor,PRC DELEGATED CO-COMMISSIONING,HIGHFIELD SURGERY HEMEL HEMPSTEAD,25742146,749.53 ,,HT000039601
Department of Health,NHS Herts Valleys CCG,1/31/2019,C&M-GMS PCO Doctors Ret Scheme,PRC DELEGATED CO-COMMISSIONING,HIGHFIELD SURGERY HEMEL HEMPSTEAD,25742146,307.72 ,,HT000039601
Department of Health,NHS Herts Valleys CCG,1/31/2019,C&M-GMS PCO Seniority,PRC DELEGATED CO-COMMISSIONING,HIGHFIELD SURGERY HEMEL HEMPSTEAD,25742146,"2,919.59 ",,HT000039601
Department of Health,NHS Herts Valleys CCG,1/31/2019,C&M-GMS Prem Water Rates,PRC DELEGATED CO-COMMISSIONING,HIGHFIELD SURGERY HEMEL HEMPSTEAD,25742146,"1,023.51 ",,HT000039601
Department of Health,NHS Herts Valleys CCG,1/31/2019,C&M-GMS QOF Aspiration,PRC DELEGATED CO-COMMISSIONING,HIGHFIELD SURGERY HEMEL HEMPSTEAD,25742146,"4,432.62 ",,HT000039601
Department of Health,NHS Herts Valleys CCG,1/31/2019,C&M-GMS DES Extended Hours Access,PRC DELEGATED CO-COMMISSIONING,HIGHVIEW MEDICAL CENTRE,25726208,"4,432.70 ",,HT000039655
Department of Health,NHS Herts Valleys CCG,1/31/2019,C&M-GMS DES Minor Surgery,PRC DELEGATED CO-COMMISSIONING,HIGHVIEW MEDICAL CENTRE,25726208,"2,189.62 ",,HT000039655
Department of Health,NHS Herts Valleys CCG,1/31/2019,C&M-GMS Global Sum,PRC DELEGATED CO-COMMISSIONING,HIGHVIEW MEDICAL CENTRE,25726208,"65,226.34 ",,HT000039655
Department of Health,NHS Herts Valleys CCG,1/31/2019,C&M-GMS MPIG Correction Factor,PRC DELEGATED CO-COMMISSIONING,HIGHVIEW MEDICAL CENTRE,25726208,74.89 ,,HT000039655
Department of Health,NHS Herts Valleys CCG,1/31/2019,C&M-GMS PCO Seniority,PRC DELEGATED CO-COMMISSIONING,HIGHVIEW MEDICAL CENTRE,25726208,"5,645.14 ",,HT000039655
Department of Health,NHS Herts Valleys CCG,1/31/2019,C&M-GMS Prem Actual Rent,PRC DELEGATED CO-COMMISSIONING,HIGHVIEW MEDICAL CENTRE,25726208,"29,641.29 ",,HT000039655
Department of Health,NHS Herts Valleys CCG,1/31/2019,C&M-GMS Prem Rates,PRC DELEGATED CO-COMMISSIONING,HIGHVIEW MEDICAL CENTRE,25726208,"1,980.97 ",,HT000039655
Department of Health,NHS Herts Valleys CCG,1/31/2019,C&M-GMS QOF Aspiration,PRC DELEGATED CO-COMMISSIONING,HIGHVIEW MEDICAL CENTRE,25726208,"6,784.92 ",,HT000039655
Department of Health,NHS Herts Valleys CCG,1/31/2019,Hcare Srv Rec Fdtn Trust-Contract Baseline,ACUTE COMMISSIONING,HILLINGDON HOSPITALS NHS FOUNDATION TRUST,25565674,"484,826.80 ",654925117,N0101264
Department of Health,NHS Herts Valleys CCG,1/31/2019,Clinical&Medical-Voluntary Sector,HOSPICES,HOSPICE OF ST FRANCIS,25634434,"46,977.00 ",GB123335057,10479
Department of Health,NHS Herts Valleys CCG,1/31/2019,Clinical&Medical-Voluntary Sector,HOSPICES,IAIN RENNIE GROVE HOUSE HOSPICE CARE,25456671,"41,556.00 ",,780
Department of Health,NHS Herts Valleys CCG,1/31/2019,Clinical&Medical-Voluntary Sector,HOSPICES,IAIN RENNIE GROVE HOUSE HOSPICE CARE,25663723,"89,824.15 ",,781
Department of Health,NHS Herts Valleys CCG,1/31/2019,Hcare Srv Rec NHS Trust-Contract Baseline,ACUTE COMMISSIONING,IMPERIAL COLLEGE HEALTHCARE NHS TRUST,25565760,"543,513.00 ",654945990,H0168218
Department of Health,NHS Herts Valleys CCG,1/31/2019,C&M-GMS DES Extended Hours Access,PRC DELEGATED CO-COMMISSIONING,KEDIA P & PARTNERS,25726159,"1,969.83 ",,HT000039605
Department of Health,NHS Herts Valleys CCG,1/31/2019,C&M-GMS Global Sum,PRC DELEGATED CO-COMMISSIONING,KEDIA P & PARTNERS,25726159,"28,996.86 ",,HT000039605
Department of Health,NHS Herts Valleys CCG,1/31/2019,C&M-GMS MPIG Correction Factor,PRC DELEGATED CO-COMMISSIONING,KEDIA P & PARTNERS,25726159,"1,155.92 ",,HT000039605
Department of Health,NHS Herts Valleys CCG,1/31/2019,C&M-GMS PCO Other,PRC DELEGATED CO-COMMISSIONING,KEDIA P & PARTNERS,25726159,"8,911.00 ",,HT000039605
Department of Health,NHS Herts Valleys CCG,1/31/2019,C&M-GMS Prem Notional Rent,PRC DELEGATED CO-COMMISSIONING,KEDIA P & PARTNERS,25726159,"6,256.25 ",,HT000039605
Department of Health,NHS Herts Valleys CCG,1/31/2019,C&M-GMS Prem Rates,PRC DELEGATED CO-COMMISSIONING,KEDIA P & PARTNERS,25726159,"1,464.39 ",,HT000039605
Department of Health,NHS Herts Valleys CCG,1/31/2019,C&M-GMS QOF Aspiration,PRC DELEGATED CO-COMMISSIONING,KEDIA P & PARTNERS,25726159,"2,049.69 ",,HT000039605
Department of Health,NHS Herts Valleys CCG,1/31/2019,Cont Care- Palliative Care,CHC ADULT FULLY FUNDED,KESTREL GROVE NURSING HOME,25429022,"3,985.71 ",,021794
Department of Health,NHS Herts Valleys CCG,1/31/2019,Cont Care-Physical Disab (65+),CHC ADULT FULLY FUNDED,KESTREL GROVE NURSING HOME,25429022,"25,672.43 ",,021794
Department of Health,NHS Herts Valleys CCG,1/31/2019,Hcare Srv Rec Fdtn Trust-Contract Baseline,ACUTE COMMISSIONING,KING`S COLLEGE HOSPITAL NHS FOUNDATION TRUST,25565640,"54,089.00 ",654926800,00265996
Department of Health,NHS Herts Valleys CCG,1/31/2019,C&M-GMS DES Extended Hours Access,PRC DELEGATED CO-COMMISSIONING,KINGS LANGLEY SURGERY,25726163,"6,838.58 ",,HT000039609
Department of Health,NHS Herts Valleys CCG,1/31/2019,C&M-GMS DES Minor Surgery,PRC DELEGATED CO-COMMISSIONING,KINGS LANGLEY SURGERY,25726163,"4,817.52 ",,HT000039609
Department of Health,NHS Herts Valleys CCG,1/31/2019,C&M-GMS Global Sum,PRC DELEGATED CO-COMMISSIONING,KINGS LANGLEY SURGERY,25726163,"102,797.05 ",,HT000039609
Department of Health,NHS Herts Valleys CCG,1/31/2019,C&M-GMS MPIG Correction Factor,PRC DELEGATED CO-COMMISSIONING,KINGS LANGLEY SURGERY,25726163,972.26 ,,HT000039609
Department of Health,NHS Herts Valleys CCG,1/31/2019,C&M-GMS PCO Seniority,PRC DELEGATED CO-COMMISSIONING,KINGS LANGLEY SURGERY,25726163,"2,959.23 ",,HT000039609
Department of Health,NHS Herts Valleys CCG,1/31/2019,C&M-GMS Prem Actual Rent,PRC DELEGATED CO-COMMISSIONING,KINGS LANGLEY SURGERY,25726163,"51,049.70 ",,HT000039609
Department of Health,NHS Herts Valleys CCG,1/31/2019,C&M-GMS Prem Notional Rent,PRC DELEGATED CO-COMMISSIONING,KINGS LANGLEY SURGERY,25726163,"14,504.88 ",,HT000039609
Department of Health,NHS Herts Valleys CCG,1/31/2019,C&M-GMS Prem Water Rates,PRC DELEGATED CO-COMMISSIONING,KINGS LANGLEY SURGERY,25726163,33.46 ,,HT000039609
Department of Health,NHS Herts Valleys CCG,1/31/2019,C&M-GMS QOF Aspiration,PRC DELEGATED CO-COMMISSIONING,KINGS LANGLEY SURGERY,25726163,"9,646.37 ",,HT000039609
Department of Health,NHS Herts Valleys CCG,1/31/2019,C&M-GMS Global Sum,PRC DELEGATED CO-COMMISSIONING,LATTIMORE SURGERY,25726161,"58,624.42 ",,HT000039607
Department of Health,NHS Herts Valleys CCG,1/31/2019,C&M-GMS MPIG Correction Factor,PRC DELEGATED CO-COMMISSIONING,LATTIMORE SURGERY,25726161,767.10 ,,HT000039607
Department of Health,NHS Herts Valleys CCG,1/31/2019,C&M-GMS Prem Actual Rent,PRC DELEGATED CO-COMMISSIONING,LATTIMORE SURGERY,25726161,"5,166.66 ",,HT000039607
Department of Health,NHS Herts Valleys CCG,1/31/2019,C&M-GMS Prem Notional Rent,PRC DELEGATED CO-COMMISSIONING,LATTIMORE SURGERY,25726161,"1,026.00 ",,HT000039607
Department of Health,NHS Herts Valleys CCG,1/31/2019,C&M-GMS Prem Rates,PRC DELEGATED CO-COMMISSIONING,LATTIMORE SURGERY,25726161,"1,592.40 ",,HT000039607
Department of Health,NHS Herts Valleys CCG,1/31/2019,C&M-GMS QOF Aspiration,PRC DELEGATED CO-COMMISSIONING,LATTIMORE SURGERY,25726161,"4,121.31 ",,HT000039607
Department of Health,NHS Herts Valleys CCG,1/31/2019,Clinical&Medical-Voluntary Sector,COUNSELLING SERVICES,LEA VALE MEDICAL GROUP,25456644,"29,720.00 ",,HF1118
Department of Health,NHS Herts Valleys CCG,1/31/2019,C&M-GMS DES Extended Hours Access,PRC DELEGATED CO-COMMISSIONING,LINCOLN HOUSE SURGERY,25726167,"6,153.15 ",,HT000039613
Department of Health,NHS Herts Valleys CCG,1/31/2019,C&M-GMS Global Sum,PRC DELEGATED CO-COMMISSIONING,LINCOLN HOUSE SURGERY,25726167,"90,403.95 ",,HT000039613
Department of Health,NHS Herts Valleys CCG,1/31/2019,C&M-GMS Other FDR Payment,PRC DELEGATED CO-COMMISSIONING,LINCOLN HOUSE SURGERY,25726167,"2,781.25 ",,HT000039613
Department of Health,NHS Herts Valleys CCG,1/31/2019,C&M-GMS Prem Actual Rent,PRC DELEGATED CO-COMMISSIONING,LINCOLN HOUSE SURGERY,25726167,"8,038.58 ",,HT000039613
Department of Health,NHS Herts Valleys CCG,1/31/2019,C&M-GMS QOF Aspiration,PRC DELEGATED CO-COMMISSIONING,LINCOLN HOUSE SURGERY,25726167,"8,505.75 ",,HT000039613
Department of Health,NHS Herts Valleys CCG,1/31/2019,C&M-GMS DES Extended Hours Access,PRC DELEGATED CO-COMMISSIONING,LITTLE BUSHEY SURGERY,25726165,"3,026.23 ",,HT000039611
Department of Health,NHS Herts Valleys CCG,1/31/2019,C&M-GMS DES Minor Surgery,PRC DELEGATED CO-COMMISSIONING,LITTLE BUSHEY SURGERY,25726165,"1,488.86 ",,HT000039611
Department of Health,NHS Herts Valleys CCG,1/31/2019,C&M-GMS Global Sum,PRC DELEGATED CO-COMMISSIONING,LITTLE BUSHEY SURGERY,25726165,"42,683.25 ",,HT000039611
Department of Health,NHS Herts Valleys CCG,1/31/2019,C&M-GMS MPIG Correction Factor,PRC DELEGATED CO-COMMISSIONING,LITTLE BUSHEY SURGERY,25726165,414.49 ,,HT000039611
Department of Health,NHS Herts Valleys CCG,1/31/2019,C&M-GMS Prem Notional Rent,PRC DELEGATED CO-COMMISSIONING,LITTLE BUSHEY SURGERY,25726165,"4,000.00 ",,HT000039611
Department of Health,NHS Herts Valleys CCG,1/31/2019,C&M-GMS Prem Water Rates,PRC DELEGATED CO-COMMISSIONING,LITTLE BUSHEY SURGERY,25726165,74.54 ,,HT000039611
Department of Health,NHS Herts Valleys CCG,1/31/2019,C&M-GMS QOF Aspiration,PRC DELEGATED CO-COMMISSIONING,LITTLE BUSHEY SURGERY,25726165,"4,572.38 ",,HT000039611
Department of Health,NHS Herts Valleys CCG,1/31/2019,C&M-GMS DES Extended Hours Access,PRC DELEGATED CO-COMMISSIONING,LODGE GROUP,25726215,"9,837.25 ",,HT000039665
Department of Health,NHS Herts Valleys CCG,1/31/2019,C&M-GMS DES Minor Surgery,PRC DELEGATED CO-COMMISSIONING,LODGE GROUP,25726215,"2,671.47 ",,HT000039665
Department of Health,NHS Herts Valleys CCG,1/31/2019,C&M-GMS Global Sum,PRC DELEGATED CO-COMMISSIONING,LODGE GROUP,25726215,"135,190.19 ",,HT000039665
Department of Health,NHS Herts Valleys CCG,1/31/2019,C&M-GMS MPIG Correction Factor,PRC DELEGATED CO-COMMISSIONING,LODGE GROUP,25726215,919.49 ,,HT000039665
Department of Health,NHS Herts Valleys CCG,1/31/2019,C&M-GMS PCO Other,PRC DELEGATED CO-COMMISSIONING,LODGE GROUP,25726215,"7,892.00 ",,HT000039665
Department of Health,NHS Herts Valleys CCG,1/31/2019,C&M-GMS Prem Notional Rent,PRC DELEGATED CO-COMMISSIONING,LODGE GROUP,25726215,"12,828.76 ",,HT000039665
Department of Health,NHS Herts Valleys CCG,1/31/2019,C&M-GMS Prem Rates,PRC DELEGATED CO-COMMISSIONING,LODGE GROUP,25726215,"4,600.41 ",,HT000039665
Department of Health,NHS Herts Valleys CCG,1/31/2019,C&M-GMS QOF Aspiration,PRC DELEGATED CO-COMMISSIONING,LODGE GROUP,25726215,"12,405.59 ",,HT000039665
Department of Health,NHS Herts Valleys CCG,1/31/2019,Hcare Srv Rec NHS Trust-Contract Baseline,ACUTE COMMISSIONING,LONDON NORTH WEST HEALTHCARE NHS TRUST,25565630,"394,875.00 ",654463720,A0050131
Department of Health,NHS Herts Valleys CCG,1/31/2019,Hcare Srv Rec Fdtn Trust-Contract Baseline,ACUTE COMMISSIONING,LUTON & DUNSTABLE HOSPITAL NHS FOUNDATION TRUST,25565757,"2,074,390.00 ",654929007,52993821
Department of Health,NHS Herts Valleys CCG,1/31/2019,C&M-GMS PCO Seniority,PRC DELEGATED CO-COMMISSIONING,MALTINGS SURGERY ST ALBANS,25726168,"(13,627.78)",,HT000039614
Department of Health,NHS Herts Valleys CCG,1/31/2019,ME - GMS TPS Added Years Adj EEs,PRC DELEGATED CO-COMMISSIONING,MALTINGS SURGERY ST ALBANS,25726168,(213.99),,HT000039614
Department of Health,NHS Herts Valleys CCG,1/31/2019,ME-GMS GP Pension EEs,PRC DELEGATED CO-COMMISSIONING,MALTINGS SURGERY ST ALBANS,25726168,"(6,012.11)",,HT000039614
Department of Health,NHS Herts Valleys CCG,1/31/2019,ME-GMS GP Pension ERs Adjustments,PRC DELEGATED CO-COMMISSIONING,MALTINGS SURGERY ST ALBANS,25726168,"(7,412.69)",,HT000039614
Department of Health,NHS Herts Valleys CCG,1/31/2019,C&M-GMS DES Extended Hours Access,PRC DELEGATED CO-COMMISSIONING,MALTINGS SURGERY ST ALBANS,25726169,"8,913.85 ",,HT000039615
Department of Health,NHS Herts Valleys CCG,1/31/2019,C&M-GMS DES Minor Surgery,PRC DELEGATED CO-COMMISSIONING,MALTINGS SURGERY ST ALBANS,25726169,"2,058.27 ",,HT000039615
Department of Health,NHS Herts Valleys CCG,1/31/2019,C&M-GMS Global Sum,PRC DELEGATED CO-COMMISSIONING,MALTINGS SURGERY ST ALBANS,25726169,"116,484.89 ",,HT000039615
Department of Health,NHS Herts Valleys CCG,1/31/2019,C&M-GMS MPIG Correction Factor,PRC DELEGATED CO-COMMISSIONING,MALTINGS SURGERY ST ALBANS,25726169,"1,085.96 ",,HT000039615
Department of Health,NHS Herts Valleys CCG,1/31/2019,C&M-GMS Prem Notional Rent,PRC DELEGATED CO-COMMISSIONING,MALTINGS SURGERY ST ALBANS,25726169,750.00 ,,HT000039615
Department of Health,NHS Herts Valleys CCG,1/31/2019,C&M-GMS Prem Water Rates,PRC DELEGATED CO-COMMISSIONING,MALTINGS SURGERY ST ALBANS,25726169,263.55 ,,HT000039615
Department of Health,NHS Herts Valleys CCG,1/31/2019,C&M-GMS QOF Aspiration,PRC DELEGATED CO-COMMISSIONING,MALTINGS SURGERY ST ALBANS,25726169,"11,092.79 ",,HT000039615
Department of Health,NHS Herts Valleys CCG,1/31/2019,C&M-GMS DES Extended Hours Access,PRC DELEGATED CO-COMMISSIONING,MANOR STREET SURGERY,25726171,"4,971.35 ",,HT000039617
Department of Health,NHS Herts Valleys CCG,1/31/2019,C&M-GMS DES Minor Surgery,PRC DELEGATED CO-COMMISSIONING,MANOR STREET SURGERY,25726171,481.73 ,,HT000039617
Department of Health,NHS Herts Valleys CCG,1/31/2019,C&M-GMS Global Sum,PRC DELEGATED CO-COMMISSIONING,MANOR STREET SURGERY,25726171,"69,144.11 ",,HT000039617
Department of Health,NHS Herts Valleys CCG,1/31/2019,C&M-GMS MPIG Correction Factor,PRC DELEGATED CO-COMMISSIONING,MANOR STREET SURGERY,25726171,"1,180.52 ",,HT000039617
Department of Health,NHS Herts Valleys CCG,1/31/2019,C&M-GMS Prem Notional Rent,PRC DELEGATED CO-COMMISSIONING,MANOR STREET SURGERY,25726171,"6,012.50 ",,HT000039617
Department of Health,NHS Herts Valleys CCG,1/31/2019,C&M-GMS QOF Aspiration,PRC DELEGATED CO-COMMISSIONING,MANOR STREET SURGERY,25726171,"5,970.31 ",,HT000039617
Department of Health,NHS Herts Valleys CCG,1/31/2019,C&M-GMS DES Extended Hours Access,PRC DELEGATED CO-COMMISSIONING,MANOR VIEW PRACTICE,25726219,"6,530.78 ",,HT000039669
Department of Health,NHS Herts Valleys CCG,1/31/2019,C&M-GMS Global Sum,PRC DELEGATED CO-COMMISSIONING,MANOR VIEW PRACTICE,25726219,"92,521.01 ",,HT000039669
Department of Health,NHS Herts Valleys CCG,1/31/2019,C&M-GMS PCO Seniority,PRC DELEGATED CO-COMMISSIONING,MANOR VIEW PRACTICE,25726219,"2,854.89 ",,HT000039669
Department of Health,NHS Herts Valleys CCG,1/31/2019,C&M-GMS Prem Healthcentre Rates,PRC DELEGATED CO-COMMISSIONING,MANOR VIEW PRACTICE,25726219,"2,400.00 ",,HT000039669
Department of Health,NHS Herts Valleys CCG,1/31/2019,C&M-GMS QOF Aspiration,PRC DELEGATED CO-COMMISSIONING,MANOR VIEW PRACTICE,25726219,"8,932.32 ",,HT000039669
Department of Health,NHS Herts Valleys CCG,1/31/2019,Clinical&Medical-Voluntary Sector,COMMUNITY SERVICES,MARIE STOPES INTERNATIONAL,25775201,"38,974.15 ",882426016,MS182567
Department of Health,NHS Herts Valleys CCG,1/31/2019,C&M-GMS DES Extended Hours Access,PRC DELEGATED CO-COMMISSIONING,MIDWAY SURGERY,25726173,"5,932.75 ",,HT000039619
Department of Health,NHS Herts Valleys CCG,1/31/2019,C&M-GMS DES Learn Dsblty Hlth Chk,PRC DELEGATED CO-COMMISSIONING,MIDWAY SURGERY,25726173,280.00 ,,HT000039619
Department of Health,NHS Herts Valleys CCG,1/31/2019,C&M-GMS DES Minor Surgery,PRC DELEGATED CO-COMMISSIONING,MIDWAY SURGERY,25726173,"1,970.55 ",,HT000039619
Department of Health,NHS Herts Valleys CCG,1/31/2019,C&M-GMS Global Sum,PRC DELEGATED CO-COMMISSIONING,MIDWAY SURGERY,25726173,"90,916.34 ",,HT000039619
Department of Health,NHS Herts Valleys CCG,1/31/2019,C&M-GMS Prem Water Rates,PRC DELEGATED CO-COMMISSIONING,MIDWAY SURGERY,25726173,296.89 ,,HT000039619
Department of Health,NHS Herts Valleys CCG,1/31/2019,C&M-GMS QOF Aspiration,PRC DELEGATED CO-COMMISSIONING,MIDWAY SURGERY,25726173,"8,387.33 ",,HT000039619
Department of Health,NHS Herts Valleys CCG,1/31/2019,Clinical&Medical-Independent Sector,WHEELCHAIR SERVICE,MILLBROOK HEALTHCARE LTD,25565731,"129,836.38 ",GB675991080,20539
Department of Health,NHS Herts Valleys CCG,1/31/2019,Clinical&Medical-Independent Sector,WHEELCHAIR SERVICE,MILLBROOK HEALTHCARE LTD,25565733,"129,836.38 ",GB675991080,20907
Department of Health,NHS Herts Valleys CCG,1/31/2019,Hcare Srv Rec Fdtn Trust-Contract Baseline,ACUTE COMMISSIONING,MOORFIELDS EYE HOSPITAL NHS FOUNDATION TRUST,25565609,"356,220.00 ",654930716,IC0036118
Department of Health,NHS Herts Valleys CCG,1/31/2019,C&M-GMS DES Extended Hours Access,PRC DELEGATED CO-COMMISSIONING,NEW ROAD SURGERY,25726175,"5,039.28 ",,HT000039621
Department of Health,NHS Herts Valleys CCG,1/31/2019,C&M-GMS DES Minor Surgery,PRC DELEGATED CO-COMMISSIONING,NEW ROAD SURGERY,25726175,569.27 ,,HT000039621
Department of Health,NHS Herts Valleys CCG,1/31/2019,C&M-GMS Global Sum,PRC DELEGATED CO-COMMISSIONING,NEW ROAD SURGERY,25726175,"68,665.82 ",,HT000039621
Department of Health,NHS Herts Valleys CCG,1/31/2019,C&M-GMS MPIG Correction Factor,PRC DELEGATED CO-COMMISSIONING,NEW ROAD SURGERY,25726175,542.84 ,,HT000039621
Department of Health,NHS Herts Valleys CCG,1/31/2019,C&M-GMS Prem Actual Rent,PRC DELEGATED CO-COMMISSIONING,NEW ROAD SURGERY,25726175,"1,652.50 ",,HT000039621
Department of Health,NHS Herts Valleys CCG,1/31/2019,C&M-GMS Prem Water Rates,PRC DELEGATED CO-COMMISSIONING,NEW ROAD SURGERY,25726175,134.73 ,,HT000039621
Department of Health,NHS Herts Valleys CCG,1/31/2019,C&M-GMS QOF Aspiration,PRC DELEGATED CO-COMMISSIONING,NEW ROAD SURGERY,25726175,"7,508.80 ",,HT000039621
Department of Health,NHS Herts Valleys CCG,1/31/2019,Recharge : Received,EXCEPTIONS & PRIOR APPROVALS,NHS EAST AND NORTH HERTFORDSHIRE CCG,25391133,"27,500.00 ",,7020902061
Department of Health,NHS Herts Valleys CCG,1/31/2019,Recharge : Received,SAFEGUARDING,NHS EAST AND NORTH HERTFORDSHIRE CCG,25634245,"32,448.97 ",,7020902073
Department of Health,NHS Herts Valleys CCG,1/31/2019,External Data Contracts,PERFORMANCE,NHS NEL CSU,25407942,"177,592.00 ",GB654442045,7312807919
Department of Health,NHS Herts Valleys CCG,1/31/2019,Hcare Srv Rec NHS Trust-Contract Baseline,ACUTE COMMISSIONING,NORTH MIDDLESEX UNIVERSITY HOSPITAL NHS TRUST,25565569,"46,773.00 ",654946204,053112
Department of Health,NHS Herts Valleys CCG,1/31/2019,Cont Care- Retrospective Claims,CHC ADULT FULLY FUNDED,ONE-OFF SUPPLIER,25777323,"41,565.12 ",,105060-24-JAN-2019
Department of Health,NHS Herts Valleys CCG,1/31/2019,Corporation Tax Payable,BALANCE SHEET,ONE-OFF SUPPLIER,25777323,(277.11),,105060-24-JAN-2019
Department of Health,NHS Herts Valleys CCG,1/31/2019,Hcare Srv Rec Fdtn Trust-Contract Baseline,ACUTE COMMISSIONING,OXFORD UNIVERSITY HOSPITALS NHS FOUNDATION TRUST,25565637,"63,329.00 ",654935407,8292369
Department of Health,NHS Herts Valleys CCG,1/31/2019,C&M-GMS DES Extended Hours Access,PRC DELEGATED CO-COMMISSIONING,OXHEY CONSULTING ROOMS,25726177,"3,159.23 ",,HT000039623
Department of Health,NHS Herts Valleys CCG,1/31/2019,C&M-GMS DES Minor Surgery,PRC DELEGATED CO-COMMISSIONING,OXHEY CONSULTING ROOMS,25726177,569.27 ,,HT000039623
Department of Health,NHS Herts Valleys CCG,1/31/2019,C&M-GMS Global Sum,PRC DELEGATED CO-COMMISSIONING,OXHEY CONSULTING ROOMS,25726177,"46,832.19 ",,HT000039623
Department of Health,NHS Herts Valleys CCG,1/31/2019,C&M-GMS PCO Seniority,PRC DELEGATED CO-COMMISSIONING,OXHEY CONSULTING ROOMS,25726177,"2,768.33 ",,HT000039623
Department of Health,NHS Herts Valleys CCG,1/31/2019,C&M-GMS Prem Notional Rent,PRC DELEGATED CO-COMMISSIONING,OXHEY CONSULTING ROOMS,25726177,"3,520.83 ",,HT000039623
Department of Health,NHS Herts Valleys CCG,1/31/2019,C&M-GMS QOF Aspiration,PRC DELEGATED CO-COMMISSIONING,OXHEY CONSULTING ROOMS,25726177,"5,139.39 ",,HT000039623
Department of Health,NHS Herts Valleys CCG,1/31/2019,C&M-GMS DES Extended Hours Access,PRC DELEGATED CO-COMMISSIONING,PARKBURY HOUSE,25726179,"9,961.70 ",,HT000039625
Department of Health,NHS Herts Valleys CCG,1/31/2019,C&M-GMS DES Minor Surgery,PRC DELEGATED CO-COMMISSIONING,PARKBURY HOUSE,25726179,"1,532.77 ",,HT000039625
Department of Health,NHS Herts Valleys CCG,1/31/2019,C&M-GMS Global Sum,PRC DELEGATED CO-COMMISSIONING,PARKBURY HOUSE,25726179,"125,654.44 ",,HT000039625
Department of Health,NHS Herts Valleys CCG,1/31/2019,C&M-GMS MPIG Correction Factor,PRC DELEGATED CO-COMMISSIONING,PARKBURY HOUSE,25726179,"1,137.82 ",,HT000039625
Department of Health,NHS Herts Valleys CCG,1/31/2019,C&M-GMS Prem Notional Rent,PRC DELEGATED CO-COMMISSIONING,PARKBURY HOUSE,25726179,"12,266.67 ",,HT000039625
Department of Health,NHS Herts Valleys CCG,1/31/2019,C&M-GMS QOF Aspiration,PRC DELEGATED CO-COMMISSIONING,PARKBURY HOUSE,25726179,"9,733.25 ",,HT000039625
Department of Health,NHS Herts Valleys CCG,1/31/2019,C&M-GMS DES OOAR in hrs urgentcare,PRC DELEGATED CO-COMMISSIONING,PARKFIELD MEDICAL CENTRE POTTERS BAR,25726181,"1,237.86 ",,HT000039627
Department of Health,NHS Herts Valleys CCG,1/31/2019,C&M-GMS DES Extended Hours Access,PRC DELEGATED CO-COMMISSIONING,PARKFIELD MEDICAL CENTRE POTTERS BAR,25726181,"5,945.58 ",,HT000039627
Department of Health,NHS Herts Valleys CCG,1/31/2019,C&M-GMS DES Learn Dsblty Hlth Chk,PRC DELEGATED CO-COMMISSIONING,PARKFIELD MEDICAL CENTRE POTTERS BAR,25726181,280.00 ,,HT000039627
Department of Health,NHS Herts Valleys CCG,1/31/2019,C&M-GMS DES Minor Surgery,PRC DELEGATED CO-COMMISSIONING,PARKFIELD MEDICAL CENTRE POTTERS BAR,25726181,"1,795.45 ",,HT000039627
Department of Health,NHS Herts Valleys CCG,1/31/2019,C&M-GMS Global Sum,PRC DELEGATED CO-COMMISSIONING,PARKFIELD MEDICAL CENTRE POTTERS BAR,25726181,"89,544.76 ",,HT000039627
Department of Health,NHS Herts Valleys CCG,1/31/2019,C&M-GMS PCO Seniority,PRC DELEGATED CO-COMMISSIONING,PARKFIELD MEDICAL CENTRE POTTERS BAR,25726181,"2,855.12 ",,HT000039627
Department of Health,NHS Herts Valleys CCG,1/31/2019,C&M-GMS Prem Clinical Waste,PRC DELEGATED CO-COMMISSIONING,PARKFIELD MEDICAL CENTRE POTTERS BAR,25726181,"3,654.26 ",,HT000039627
Department of Health,NHS Herts Valleys CCG,1/31/2019,C&M-GMS Prem Notional Rent,PRC DELEGATED CO-COMMISSIONING,PARKFIELD MEDICAL CENTRE POTTERS BAR,25726181,"8,543.75 ",,HT000039627
Department of Health,NHS Herts Valleys CCG,1/31/2019,C&M-GMS QOF Aspiration,PRC DELEGATED CO-COMMISSIONING,PARKFIELD MEDICAL CENTRE POTTERS BAR,25726181,"9,705.25 ",,HT000039627
Department of Health,NHS Herts Valleys CCG,1/31/2019,C&M-GMS DES Extended Hours Access,PRC DELEGATED CO-COMMISSIONING,PARKWOOD SURGERY,25726183,"8,278.30 ",,HT000039629
Department of Health,NHS Herts Valleys CCG,1/31/2019,C&M-GMS DES Learn Dsblty Hlth Chk,PRC DELEGATED CO-COMMISSIONING,PARKWOOD SURGERY,25726183,560.00 ,,HT000039629
Department of Health,NHS Herts Valleys CCG,1/31/2019,C&M-GMS DES Minor Surgery,PRC DELEGATED CO-COMMISSIONING,PARKWOOD SURGERY,25726183,"4,379.46 ",,HT000039629
Department of Health,NHS Herts Valleys CCG,1/31/2019,C&M-GMS Global Sum,PRC DELEGATED CO-COMMISSIONING,PARKWOOD SURGERY,25726183,"112,676.15 ",,HT000039629
Department of Health,NHS Herts Valleys CCG,1/31/2019,C&M-GMS Other FDR Payment,PRC DELEGATED CO-COMMISSIONING,PARKWOOD SURGERY,25726183,"8,308.48 ",,HT000039629
Department of Health,NHS Herts Valleys CCG,1/31/2019,C&M-GMS Prem Actual Rent,PRC DELEGATED CO-COMMISSIONING,PARKWOOD SURGERY,25726183,"7,362.50 ",,HT000039629
Department of Health,NHS Herts Valleys CCG,1/31/2019,C&M-GMS QOF Aspiration,PRC DELEGATED CO-COMMISSIONING,PARKWOOD SURGERY,25726183,"13,274.17 ",,HT000039629
Department of Health,NHS Herts Valleys CCG,1/31/2019,C&M-GMS Cost of Drugs -Prescribing,LOCAL ENHANCED SERVICES,PARKWOOD SURGERY,25751199,"20,664.85 ",,HT000039864
Department of Health,NHS Herts Valleys CCG,1/31/2019,C&M-GMS Prof Fees Prescribing,PRC DELEGATED CO-COMMISSIONING,PARKWOOD SURGERY,25751199,"5,032.60 ",,HT000039864
Department of Health,NHS Herts Valleys CCG,1/31/2019,C&M-APMS Contract Value,PRC DELEGATED CO-COMMISSIONING,PRACTICE SURGERIES LTD,25483405,"46,961.06 ",,HT000039450
Department of Health,NHS Herts Valleys CCG,1/31/2019,C&M-APMS PCO Other,PRC DELEGATED CO-COMMISSIONING,PRACTICE SURGERIES LTD,25483405,"2,708.00 ",,HT000039450
Department of Health,NHS Herts Valleys CCG,1/31/2019,C&M-PMS QOF Aspiration,PRC DELEGATED CO-COMMISSIONING,PRACTICE SURGERIES LTD,25483405,"2,392.38 ",,HT000039450
Department of Health,NHS Herts Valleys CCG,1/31/2019,Cont Care- Prior Year Payments,CHC ADULT FULLY FUNDED,QUANTUM CARE LTD,25634668,"23,035.71 ",640094952,394123
Department of Health,NHS Herts Valleys CCG,1/31/2019,Cont Care-Physical Disab (65+),CHC ADULT FULLY FUNDED,QUANTUM CARE LTD,25634668,"37,471.43 ",640094952,394123
Department of Health,NHS Herts Valleys CCG,1/31/2019,Cont Care- Palliative Care,CHC ADULT FULLY FUNDED,RAMSAY NEUROLOGICAL SERVICES,25565698,"30,931.42 ",,HERTSV10181218
Department of Health,NHS Herts Valleys CCG,1/31/2019,Cont Care-Physical Disab (65+),CHC ADULT FULLY FUNDED,RAMSAY NEUROLOGICAL SERVICES,25565698,"21,449.70 ",,HERTSV10181218
Department of Health,NHS Herts Valleys CCG,1/31/2019,Cont Care-Physical Disab (<65),CHC ADULT FULLY FUNDED,RAMSAY NEUROLOGICAL SERVICES,25565698,"(18,014.10)",,HERTSV10181218
Department of Health,NHS Herts Valleys CCG,1/31/2019,Cont Care-Physical Disab (<65),CHC ADULT FULLY FUNDED,RAMSAY NEUROLOGICAL SERVICES,25775405,"80,000.00 ",,HERTSV0219PF
Department of Health,NHS Herts Valleys CCG,1/31/2019,C&M-GMS DES Extended Hours Access,PRC DELEGATED CO-COMMISSIONING,RED HOUSE,25726184,"9,582.18 ",,HT000039631
Department of Health,NHS Herts Valleys CCG,1/31/2019,C&M-GMS DES Minor Surgery,PRC DELEGATED CO-COMMISSIONING,RED HOUSE,25726184,"2,364.68 ",,HT000039631
Department of Health,NHS Herts Valleys CCG,1/31/2019,C&M-GMS Global Sum,PRC DELEGATED CO-COMMISSIONING,RED HOUSE,25726184,"134,766.90 ",,HT000039631
Department of Health,NHS Herts Valleys CCG,1/31/2019,C&M-GMS Other FDR Payment,PRC DELEGATED CO-COMMISSIONING,RED HOUSE,25726184,"9,619.53 ",,HT000039631
Department of Health,NHS Herts Valleys CCG,1/31/2019,C&M-GMS PCO Locum Sickness,PRC DELEGATED CO-COMMISSIONING,RED HOUSE,25726184,"8,460.60 ",,HT000039631
Department of Health,NHS Herts Valleys CCG,1/31/2019,C&M-GMS Prem Actual Rent,PRC DELEGATED CO-COMMISSIONING,RED HOUSE,25726184,"4,770.83 ",,HT000039631
Department of Health,NHS Herts Valleys CCG,1/31/2019,C&M-GMS Prem Notional Rent,PRC DELEGATED CO-COMMISSIONING,RED HOUSE,25726184,"5,829.17 ",,HT000039631
Department of Health,NHS Herts Valleys CCG,1/31/2019,C&M-GMS Prem Rates,PRC DELEGATED CO-COMMISSIONING,RED HOUSE,25726184,"3,392.97 ",,HT000039631
Department of Health,NHS Herts Valleys CCG,1/31/2019,C&M-GMS Prem Water Rates,PRC DELEGATED CO-COMMISSIONING,RED HOUSE,25726184,"3,813.50 ",,HT000039631
Department of Health,NHS Herts Valleys CCG,1/31/2019,C&M-GMS QOF Aspiration,PRC DELEGATED CO-COMMISSIONING,RED HOUSE,25726184,"12,032.10 ",,HT000039631
Department of Health,NHS Herts Valleys CCG,1/31/2019,C&M-GMS DES Extended Hours Access,PRC DELEGATED CO-COMMISSIONING,ROTHSCHILD HOUSE SURGERY,25726188,"11,397.63 ",,HT000039635
Department of Health,NHS Herts Valleys CCG,1/31/2019,C&M-GMS DES Minor Surgery,PRC DELEGATED CO-COMMISSIONING,ROTHSCHILD HOUSE SURGERY,25726188,"20,932.88 ",,HT000039635
Department of Health,NHS Herts Valleys CCG,1/31/2019,C&M-GMS Global Sum,PRC DELEGATED CO-COMMISSIONING,ROTHSCHILD HOUSE SURGERY,25726188,"166,866.23 ",,HT000039635
Department of Health,NHS Herts Valleys CCG,1/31/2019,C&M-GMS MPIG Correction Factor,PRC DELEGATED CO-COMMISSIONING,ROTHSCHILD HOUSE SURGERY,25726188,"1,001.68 ",,HT000039635
Department of Health,NHS Herts Valleys CCG,1/31/2019,C&M-GMS Prem Cost Rent,PRC DELEGATED CO-COMMISSIONING,ROTHSCHILD HOUSE SURGERY,25726188,"2,548.67 ",,HT000039635
Department of Health,NHS Herts Valleys CCG,1/31/2019,C&M-GMS Prem Notional Rent,PRC DELEGATED CO-COMMISSIONING,ROTHSCHILD HOUSE SURGERY,25726188,"11,864.59 ",,HT000039635
Department of Health,NHS Herts Valleys CCG,1/31/2019,C&M-GMS Prem Water Rates,PRC DELEGATED CO-COMMISSIONING,ROTHSCHILD HOUSE SURGERY,25726188,806.27 ,,HT000039635
Department of Health,NHS Herts Valleys CCG,1/31/2019,C&M-GMS QOF Aspiration,PRC DELEGATED CO-COMMISSIONING,ROTHSCHILD HOUSE SURGERY,25726188,"17,150.88 ",,HT000039635
Department of Health,NHS Herts Valleys CCG,1/31/2019,C&M-GMS Cost of Drugs -Dispensing,LOCAL ENHANCED SERVICES,ROTHSCHILD HOUSE SURGERY,25751202,"(83,381.54)",,HT000039867
Department of Health,NHS Herts Valleys CCG,1/31/2019,C&M-GMS PrscChrgsCll&RmttdbyGPCntra,PRC DELEGATED CO-COMMISSIONING,ROTHSCHILD HOUSE SURGERY,25751202,"(5,271.20)",,HT000039867
Department of Health,NHS Herts Valleys CCG,1/31/2019,C&M-GMS Cost of Drugs -Dispensing,LOCAL ENHANCED SERVICES,ROTHSCHILD HOUSE SURGERY,25751203,"137,650.84 ",,HT000039868
Department of Health,NHS Herts Valleys CCG,1/31/2019,C&M-GMS Prof Fees Dispensing,PRC DELEGATED CO-COMMISSIONING,ROTHSCHILD HOUSE SURGERY,25751203,"30,969.05 ",,HT000039868
Department of Health,NHS Herts Valleys CCG,1/31/2019,C&M-GMS PrscrptnChrgsColl&RmttdbyGP,LOCAL ENHANCED SERVICES,ROTHSCHILD HOUSE SURGERY,25751203,"5,271.20 ",,HT000039868
Department of Health,NHS Herts Valleys CCG,1/31/2019,Hcare Srv Rec Fdtn Trust-Contract Baseline,ACUTE COMMISSIONING,ROYAL BROMPTON & HAREFIELD NHS FOUNDATION TRUST,25565597,"314,987.59 ",654968091,S0000011
Department of Health,NHS Herts Valleys CCG,1/31/2019,Hcare Srv Rec Fdtn Trust-Contract Baseline,ACUTE COMMISSIONING,ROYAL FREE LONDON NHS FOUNDATION TRUST,25734744,"1,666,098.00 ",654946987,I0169209
Department of Health,NHS Herts Valleys CCG,1/31/2019,Hcare Srv Rec Fdtn Trust-Contract Baseline,ACUTE COMMISSIONING,ROYAL MARSDEN NHS FOUNDATION TRUST (THE),25565730,"36,199.95 ",65 4947396,45756838
Department of Health,NHS Herts Valleys CCG,1/31/2019,Hcare Srv Rec NHS Trust-Contract Baseline,ACUTE COMMISSIONING,ROYAL NATIONAL ORTHOPAEDIC HOSPITAL NHS TRUST,25565702,"496,586.00 ",654947494,B0038835
Department of Health,NHS Herts Valleys CCG,1/31/2019,C&M-GMS DES Extended Hours Access,PRC DELEGATED CO-COMMISSIONING,SCHOPWICK SURGERY,25726186,"6,298.98 ",,HT000039633
Department of Health,NHS Herts Valleys CCG,1/31/2019,C&M-GMS DES Minor Surgery,PRC DELEGATED CO-COMMISSIONING,SCHOPWICK SURGERY,25726186,"5,780.64 ",,HT000039633
Department of Health,NHS Herts Valleys CCG,1/31/2019,C&M-GMS Global Sum,PRC DELEGATED CO-COMMISSIONING,SCHOPWICK SURGERY,25726186,"94,236.25 ",,HT000039633
Department of Health,NHS Herts Valleys CCG,1/31/2019,C&M-GMS Prem Actual Rent,PRC DELEGATED CO-COMMISSIONING,SCHOPWICK SURGERY,25726186,300.00 ,,HT000039633
Department of Health,NHS Herts Valleys CCG,1/31/2019,C&M-GMS Prem Notional Rent,PRC DELEGATED CO-COMMISSIONING,SCHOPWICK SURGERY,25726186,"9,402.67 ",,HT000039633
Department of Health,NHS Herts Valleys CCG,1/31/2019,C&M-GMS Prem Rates,PRC DELEGATED CO-COMMISSIONING,SCHOPWICK SURGERY,25726186,"16,019.99 ",,HT000039633
Department of Health,NHS Herts Valleys CCG,1/31/2019,C&M-GMS QOF Aspiration,PRC DELEGATED CO-COMMISSIONING,SCHOPWICK SURGERY,25726186,"11,258.79 ",,HT000039633
Department of Health,NHS Herts Valleys CCG,1/31/2019,C&M-GMS DES Extended Hours Access,PRC DELEGATED CO-COMMISSIONING,SHEEPCOT MEDICAL CENTRE,25726194,"4,978.95 ",,HT000039641
Department of Health,NHS Herts Valleys CCG,1/31/2019,C&M-GMS DES Minor Surgery,PRC DELEGATED CO-COMMISSIONING,SHEEPCOT MEDICAL CENTRE,25726194,"2,846.77 ",,HT000039641
Department of Health,NHS Herts Valleys CCG,1/31/2019,C&M-GMS Global Sum,PRC DELEGATED CO-COMMISSIONING,SHEEPCOT MEDICAL CENTRE,25726194,"70,166.02 ",,HT000039641
Department of Health,NHS Herts Valleys CCG,1/31/2019,C&M-GMS MPIG Correction Factor,PRC DELEGATED CO-COMMISSIONING,SHEEPCOT MEDICAL CENTRE,25726194,100.27 ,,HT000039641
Department of Health,NHS Herts Valleys CCG,1/31/2019,C&M-GMS QOF Aspiration,PRC DELEGATED CO-COMMISSIONING,SHEEPCOT MEDICAL CENTRE,25726194,"7,024.03 ",,HT000039641
Department of Health,NHS Herts Valleys CCG,1/31/2019,C&M-GMS DES Extended Hours Access,PRC DELEGATED CO-COMMISSIONING,SINHA G,25726190,"1,865.33 ",,HT000039637
Department of Health,NHS Herts Valleys CCG,1/31/2019,C&M-GMS Global Sum,PRC DELEGATED CO-COMMISSIONING,SINHA G,25726190,"23,993.58 ",,HT000039637
Department of Health,NHS Herts Valleys CCG,1/31/2019,C&M-GMS MPIG Correction Factor,PRC DELEGATED CO-COMMISSIONING,SINHA G,25726190,854.76 ,,HT000039637
Department of Health,NHS Herts Valleys CCG,1/31/2019,C&M-GMS Prem Rates,PRC DELEGATED CO-COMMISSIONING,SINHA G,25726190,"1,440.00 ",,HT000039637
Department of Health,NHS Herts Valleys CCG,1/31/2019,C&M-GMS QOF Aspiration,PRC DELEGATED CO-COMMISSIONING,SINHA G,25726190,"2,225.69 ",,HT000039637
Department of Health,NHS Herts Valleys CCG,1/31/2019,C&M-GMS DES Extended Hours Access,PRC DELEGATED CO-COMMISSIONING,SOUTH OXHEY SURGERY,25726192,"4,691.10 ",,HT000039639
Department of Health,NHS Herts Valleys CCG,1/31/2019,C&M-GMS DES Minor Surgery,PRC DELEGATED CO-COMMISSIONING,SOUTH OXHEY SURGERY,25726192,481.77 ,,HT000039639
Department of Health,NHS Herts Valleys CCG,1/31/2019,C&M-GMS Global Sum,PRC DELEGATED CO-COMMISSIONING,SOUTH OXHEY SURGERY,25726192,"23,189.60 ",,HT000039639
Department of Health,NHS Herts Valleys CCG,1/31/2019,C&M-GMS MPIG Correction Factor,PRC DELEGATED CO-COMMISSIONING,SOUTH OXHEY SURGERY,25726192,987.29 ,,HT000039639
Department of Health,NHS Herts Valleys CCG,1/31/2019,C&M-GMS Prem Actual Rent,PRC DELEGATED CO-COMMISSIONING,SOUTH OXHEY SURGERY,25726192,"2,201.25 ",,HT000039639
Department of Health,NHS Herts Valleys CCG,1/31/2019,C&M-GMS QOF Aspiration,PRC DELEGATED CO-COMMISSIONING,SOUTH OXHEY SURGERY,25726192,"2,133.43 ",,HT000039639
Department of Health,NHS Herts Valleys CCG,1/31/2019,Clinical&Medical-Independent Sector,ACUTE COMMISSIONING,SPIRE HEALTHCARE LTD,25565692,"167,796.00 ",915970991,06NHPNPF181910
Department of Health,NHS Herts Valleys CCG,1/31/2019,Clinical&Medical-Independent Sector,ACUTE COMMISSIONING,SPIRE HEALTHCARE LTD,25565695,"173,017.00 ",915970991,06NBSHPF181910
Department of Health,NHS Herts Valleys CCG,1/31/2019,Hcare Srv Rec Fdtn Trust-Contract Baseline,ACUTE COMMISSIONING,ST GEORGES UNIVERSITY HOSPITALS NHS FOUNDATION TRUST,25565642,"25,572.34 ",GB654461922,6446594
Department of Health,NHS Herts Valleys CCG,1/31/2019,C&M-GMS Practice Transformational Support,LOCAL ENHANCED SERVICES,STAHFED LTD,25718055,"209,713.50 ",,013
Department of Health,NHS Herts Valleys CCG,1/31/2019,C&M-GMS DES Extended Hours Access,PRC DELEGATED CO-COMMISSIONING,SUTHERGREY HOUSE,25726196,"5,400.28 ",,HT000039643
Department of Health,NHS Herts Valleys CCG,1/31/2019,C&M-GMS DES Minor Surgery,PRC DELEGATED CO-COMMISSIONING,SUTHERGREY HOUSE,25726196,832.09 ,,HT000039643
Department of Health,NHS Herts Valleys CCG,1/31/2019,C&M-GMS Global Sum,PRC DELEGATED CO-COMMISSIONING,SUTHERGREY HOUSE,25726196,"72,369.50 ",,HT000039643
Department of Health,NHS Herts Valleys CCG,1/31/2019,C&M-GMS MPIG Correction Factor,PRC DELEGATED CO-COMMISSIONING,SUTHERGREY HOUSE,25726196,164.90 ,,HT000039643
Department of Health,NHS Herts Valleys CCG,1/31/2019,C&M-GMS PCO Locum Adop/Pat/Mat,PRC DELEGATED CO-COMMISSIONING,SUTHERGREY HOUSE,25726196,"5,800.02 ",,HT000039643
Department of Health,NHS Herts Valleys CCG,1/31/2019,C&M-GMS PCO Seniority,PRC DELEGATED CO-COMMISSIONING,SUTHERGREY HOUSE,25726196,572.84 ,,HT000039643
Department of Health,NHS Herts Valleys CCG,1/31/2019,C&M-GMS QOF Aspiration,PRC DELEGATED CO-COMMISSIONING,SUTHERGREY HOUSE,25726196,"5,145.46 ",,HT000039643
Department of Health,NHS Herts Valleys CCG,1/31/2019,C&M-GMS DES Extended Hours Access,PRC DELEGATED CO-COMMISSIONING,THEOBALD CENTRE,25726198,"4,427.00 ",,HT000039645
Department of Health,NHS Herts Valleys CCG,1/31/2019,C&M-GMS Global Sum,PRC DELEGATED CO-COMMISSIONING,THEOBALD CENTRE,25726198,"67,370.57 ",,HT000039645
Department of Health,NHS Herts Valleys CCG,1/31/2019,C&M-GMS Prem Notional Rent,PRC DELEGATED CO-COMMISSIONING,THEOBALD CENTRE,25726198,"8,654.16 ",,HT000039645
Department of Health,NHS Herts Valleys CCG,1/31/2019,C&M-GMS QOF Aspiration,PRC DELEGATED CO-COMMISSIONING,THEOBALD CENTRE,25726198,"6,323.96 ",,HT000039645
Department of Health,NHS Herts Valleys CCG,1/31/2019,Cont Care- Palliative Care,CHC ADULT FULLY FUNDED,TLC GROUP (COOPERSCROFT CARE HOME),25407979,"4,428.57 ",,9497
Department of Health,NHS Herts Valleys CCG,1/31/2019,Cont Care-Physical Disab (65+),CHC ADULT FULLY FUNDED,TLC GROUP (COOPERSCROFT CARE HOME),25407979,"24,357.15 ",,9497
Department of Health,NHS Herts Valleys CCG,1/31/2019,C&M-GMS DES Extended Hours Access,PRC DELEGATED CO-COMMISSIONING,TUDOR SURGERY WATFORD,25726200,"3,098.90 ",,HT000039647
Department of Health,NHS Herts Valleys CCG,1/31/2019,C&M-GMS DES Minor Surgery,PRC DELEGATED CO-COMMISSIONING,TUDOR SURGERY WATFORD,25726200,"1,620.43 ",,HT000039647
Department of Health,NHS Herts Valleys CCG,1/31/2019,C&M-GMS Global Sum,PRC DELEGATED CO-COMMISSIONING,TUDOR SURGERY WATFORD,25726200,"42,664.84 ",,HT000039647
Department of Health,NHS Herts Valleys CCG,1/31/2019,C&M-GMS MPIG Correction Factor,PRC DELEGATED CO-COMMISSIONING,TUDOR SURGERY WATFORD,25726200,331.46 ,,HT000039647
Department of Health,NHS Herts Valleys CCG,1/31/2019,C&M-GMS Prem Notional Rent,PRC DELEGATED CO-COMMISSIONING,TUDOR SURGERY WATFORD,25726200,"3,428.33 ",,HT000039647
Department of Health,NHS Herts Valleys CCG,1/31/2019,C&M-GMS QOF Aspiration,PRC DELEGATED CO-COMMISSIONING,TUDOR SURGERY WATFORD,25726200,"4,725.64 ",,HT000039647
Department of Health,NHS Herts Valleys CCG,1/31/2019,Hcare Srv Rec Fdtn Trust-Contract Baseline,ACUTE COMMISSIONING,UNIVERSITY COLLEGE LONDON HOSPITALS NHS FOUNDATION TRUST,25565655,"805,322.00 ",654948687,5010187576
Department of Health,NHS Herts Valleys CCG,1/31/2019,C&M-GMS DES Extended Hours Access,PRC DELEGATED CO-COMMISSIONING,UPTON ROAD SURGERY,25726210,"4,418.93 ",,HT000039659
Department of Health,NHS Herts Valleys CCG,1/31/2019,C&M-GMS Global Sum,PRC DELEGATED CO-COMMISSIONING,UPTON ROAD SURGERY,25726210,"56,654.72 ",,HT000039659
Department of Health,NHS Herts Valleys CCG,1/31/2019,C&M-GMS MPIG Correction Factor,PRC DELEGATED CO-COMMISSIONING,UPTON ROAD SURGERY,25726210,54.05 ,,HT000039659
Department of Health,NHS Herts Valleys CCG,1/31/2019,C&M-GMS Other Addtl Staff Paymts,PRC DELEGATED CO-COMMISSIONING,UPTON ROAD SURGERY,25726210,"34,340.00 ",,HT000039659
Department of Health,NHS Herts Valleys CCG,1/31/2019,C&M-GMS QOF Aspiration,PRC DELEGATED CO-COMMISSIONING,UPTON ROAD SURGERY,25726210,"4,847.92 ",,HT000039659
Department of Health,NHS Herts Valleys CCG,1/31/2019,C&M-GMS DES Extended Hours Access,PRC DELEGATED CO-COMMISSIONING,VILLAGE SURGERY HARPENDEN,25726202,"7,515.93 ",,HT000039649
Department of Health,NHS Herts Valleys CCG,1/31/2019,C&M-GMS DES Minor Surgery,PRC DELEGATED CO-COMMISSIONING,VILLAGE SURGERY HARPENDEN,25726202,"5,474.41 ",,HT000039649
Department of Health,NHS Herts Valleys CCG,1/31/2019,C&M-GMS Global Sum,PRC DELEGATED CO-COMMISSIONING,VILLAGE SURGERY HARPENDEN,25726202,"98,732.12 ",,HT000039649
Department of Health,NHS Herts Valleys CCG,1/31/2019,C&M-GMS MPIG Correction Factor,PRC DELEGATED CO-COMMISSIONING,VILLAGE SURGERY HARPENDEN,25726202,"2,262.97 ",,HT000039649
Department of Health,NHS Herts Valleys CCG,1/31/2019,C&M-GMS QOF Aspiration,PRC DELEGATED CO-COMMISSIONING,VILLAGE SURGERY HARPENDEN,25726202,"8,686.48 ",,HT000039649
Department of Health,NHS Herts Valleys CCG,1/31/2019,C&M-GMS DES Extended Hours Access,PRC DELEGATED CO-COMMISSIONING,VINE HOUSE HEALTH CENTRE,25726204,"5,545.63 ",,HT000039651
Department of Health,NHS Herts Valleys CCG,1/31/2019,C&M-GMS DES Learn Dsblty Hlth Chk,PRC DELEGATED CO-COMMISSIONING,VINE HOUSE HEALTH CENTRE,25726204,"3,360.00 ",,HT000039651
Department of Health,NHS Herts Valleys CCG,1/31/2019,C&M-GMS DES Minor Surgery,PRC DELEGATED CO-COMMISSIONING,VINE HOUSE HEALTH CENTRE,25726204,"2,627.76 ",,HT000039651
Department of Health,NHS Herts Valleys CCG,1/31/2019,C&M-GMS Global Sum,PRC DELEGATED CO-COMMISSIONING,VINE HOUSE HEALTH CENTRE,25726204,"79,145.48 ",,HT000039651
Department of Health,NHS Herts Valleys CCG,1/31/2019,C&M-GMS MPIG Correction Factor,PRC DELEGATED CO-COMMISSIONING,VINE HOUSE HEALTH CENTRE,25726204,811.91 ,,HT000039651
Department of Health,NHS Herts Valleys CCG,1/31/2019,C&M-GMS Prem Notional Rent,PRC DELEGATED CO-COMMISSIONING,VINE HOUSE HEALTH CENTRE,25726204,"2,542.92 ",,HT000039651
Department of Health,NHS Herts Valleys CCG,1/31/2019,C&M-GMS QOF Aspiration,PRC DELEGATED CO-COMMISSIONING,VINE HOUSE HEALTH CENTRE,25726204,"9,930.03 ",,HT000039651
Department of Health,NHS Herts Valleys CCG,1/31/2019,Hcare Srv Rec NHS Trust-Non Contract,LONG TERM CONDITIONS,WEST HERTFORDSHIRE HOSPITALS NHS TRUST,25456639,"111,250.00 ",654974002,0000257566
Department of Health,NHS Herts Valleys CCG,1/31/2019,Hcare Srv Rec NHS Trust-Contract Baseline,ACUTE COMMISSIONING,WEST HERTFORDSHIRE HOSPITALS NHS TRUST,25565643,"20,978,080.44 ",654974002,0000257494
Department of Health,NHS Herts Valleys CCG,1/31/2019,Hcare Srv Rec NHS Trust-Contract Baseline,URGENT CARE,WEST HERTFORDSHIRE HOSPITALS NHS TRUST,25565645,"157,998.33 ",654974002,0000257496
Department of Health,NHS Herts Valleys CCG,1/31/2019,Hcare Srv Rec NHS Trust-Contract Baseline,ACUTE COMMISSIONING,WEST HERTFORDSHIRE HOSPITALS NHS TRUST,25565646,"311,256.24 ",654974002,0000257495
Department of Health,NHS Herts Valleys CCG,1/31/2019,Hcare Srv Rec NHS Trust-Non Contract,NON RECURRENT PROGRAMMES,WEST HERTFORDSHIRE HOSPITALS NHS TRUST,25595468,"400,000.00 ",654974002,0000257783
Department of Health,NHS Herts Valleys CCG,1/31/2019,Hcare Srv Rec NHS Trust-Contract Baseline,ACUTE COMMISSIONING,WHITTINGTON HOSPITAL NHS TRUST (THE),25565709,"36,832.13 ",654948100,00085087
,,,,,,,,,
,,,,,,,"58,389,015.56 ",,
