,,,,,,,,,
"Expenditure above �25,000.00",,,,,,,,,
,,,,,,,,,
Department family,Entity,Date,Expense Type,Expense area,Supplier,Transaction number,AP Amount (�),VAT registration number,Purchase invoice number
Department of Health,NHS Bolton CCG,2/28/2019,Clinical&Medical-Voluntary Sector,NON RECURRENT PROGRAMMES,1 POINT,26123556,"58,644.00 ",,INV1819101
Department of Health,NHS Bolton CCG,2/28/2019,Cont Care- Adult 100% Fully Funded,CHC ADULT FULLY FUNDED,ABBEY HEALTH CARE (FARNWORTH) LTD,25855499,"38,231.79 ",,6036
Department of Health,NHS Bolton CCG,2/28/2019,Cont Care-Funded Nursing Care Allow,FUNDED NURSING CARE,ABBEY HEALTH CARE (FARNWORTH) LTD,25855499,"12,313.20 ",,6036
Department of Health,NHS Bolton CCG,2/28/2019,Cont Care- Adult 100% Fully Funded,CHC ADULT FULLY FUNDED,ADVINIA HEALTH CARE LTD,25890050,"77,660.81 ",,MLV058227TOMLV058250
Department of Health,NHS Bolton CCG,2/28/2019,C&M-PMS Contract Value,PRC DELEGATED CO-COMMISSIONING,ALASTAIR ROSS MEDICAL PRACTICE,25930696,"47,816.96 ",,WIG000030166
Department of Health,NHS Bolton CCG,2/28/2019,C&M-PMS Funding Differential Review,PRC DELEGATED CO-COMMISSIONING,ALASTAIR ROSS MEDICAL PRACTICE,25930696,584.01 ,,WIG000030166
Department of Health,NHS Bolton CCG,2/28/2019,C&M-PMS QOF Aspiration,PRC DELEGATED CO-COMMISSIONING,ALASTAIR ROSS MEDICAL PRACTICE,25930696,"4,775.76 ",,WIG000030166
Department of Health,NHS Bolton CCG,2/28/2019,Clinical&Medical-Voluntary Sector,MENTAL HEALTH CONTRACTS,ALTERNATIVE FUTURES GROUP,25909018,"99,871.28 ",,AFSI060833
Department of Health,NHS Bolton CCG,2/28/2019,Cont Care- Adult 100% Fully Funded,CHC ADULT FULLY FUNDED,ASTLEY GRANGE HOMES LTD,25855488,"29,785.89 ",,063
Department of Health,NHS Bolton CCG,2/28/2019,Cont Care-Funded Nursing Care Allow,FUNDED NURSING CARE,ASTLEY GRANGE HOMES LTD,25855488,"4,127.45 ",,063
Department of Health,NHS Bolton CCG,2/28/2019,Clinical&Medical-Independent Sector,OUT OF HOURS,BARDOC,26004233,"33,934.00 ",,7756
Department of Health,NHS Bolton CCG,2/28/2019,Clinical&Medical-Independent Sector,OUT OF HOURS,BARDOC,26046229,"374,958.00 ",,7767
Department of Health,NHS Bolton CCG,2/28/2019,Clinical&Medical-Independent Sector,ACUTE COMMISSIONING,BMI HEALTHCARE LTD,25902810,"626,480.76 ",GB235134980,0000103582
Department of Health,NHS Bolton CCG,2/28/2019,Clinical&Medical-Independent Sector,ACUTE COMMISSIONING,BMI HEALTHCARE LTD,26046901,"(194,583.47)",GB235134980,0000103910
Department of Health,NHS Bolton CCG,2/28/2019,C&M-APMS Contract Value,PRC DELEGATED CO-COMMISSIONING,BOLTON COMMUNITY PRACTICE,25930133,"92,519.60 ",,WIG000030108
Department of Health,NHS Bolton CCG,2/28/2019,C&M-APMS Other FDR Payment,PRC DELEGATED CO-COMMISSIONING,BOLTON COMMUNITY PRACTICE,25930133,"3,581.50 ",,WIG000030108
Department of Health,NHS Bolton CCG,2/28/2019,C&M-APMS Prem Service Charges,PRC DELEGATED CO-COMMISSIONING,BOLTON COMMUNITY PRACTICE,25930133,"10,094.67 ",,WIG000030108
Department of Health,NHS Bolton CCG,2/28/2019,C&M-PMS QOF Aspiration,PRC DELEGATED CO-COMMISSIONING,BOLTON COMMUNITY PRACTICE,25930133,"9,575.71 ",,WIG000030108
Department of Health,NHS Bolton CCG,2/28/2019,Clinical&Medical-Othe Public Sector,CHILD AND ADOLESCENT MENTAL HEALTH,BOLTON COUNCIL,25839049,"50,000.00 ",,003023398600136199
Department of Health,NHS Bolton CCG,2/28/2019,Cont Care-Learning Disab(<65),CHC ADULT FULLY FUNDED,BOLTON COUNCIL,25873322,"43,381.84 ",,003023398600132186
Department of Health,NHS Bolton CCG,2/28/2019,Cont Care-Learning Disab(<65),CHC ADULT FULLY FUNDED,BOLTON COUNCIL,25873355,"43,858.56 ",,003023398600134881
Department of Health,NHS Bolton CCG,2/28/2019,Cont Care-Learning Disab(<65),CHC ADULT FULLY FUNDED,BOLTON COUNCIL,25873369,"43,858.56 ",,003023398600136789
Department of Health,NHS Bolton CCG,2/28/2019,Cont Care-Learning Disab(<65),CHC ADULT FULLY FUNDED,BOLTON COUNCIL,25943679,"169,495.92 ",,003023398600129499
Department of Health,NHS Bolton CCG,2/28/2019,Clinical&Medical-Othe Public Sector,DEMENTIA,BOLTON COUNCIL,25943872,"41,961.43 ",,003023398600136876
Department of Health,NHS Bolton CCG,2/28/2019,Clinical&Medical-Othe Public Sector,LEARNING DIFFICULTIES,BOLTON COUNCIL,26004355,"581,981.40 ",,003023398600136851
Department of Health,NHS Bolton CCG,2/28/2019,Cont Care-Funded Nursing Care Allow,FUNDED NURSING CARE,BOLTON COUNCIL,26023836,"100,000.00 ",,105077-15-FEB-2019
Department of Health,NHS Bolton CCG,2/28/2019,Clinical&Medical-Othe Public Sector,DEMENTIA,BOLTON COUNCIL,26151845,"41,961.43 ",,003023398600137476
Department of Health,NHS Bolton CCG,2/28/2019,Cont Care-Learning Disab(<65),CHC ADULT FULLY FUNDED,BOLTON COUNCIL,26184465,"56,883.86 ",,003023398600137478
Department of Health,NHS Bolton CCG,2/28/2019,C&M-GMS Global Sum,PRC DELEGATED CO-COMMISSIONING,BOLTON GP PARTNERSHIP LTD,25863048,"44,960.00 ",,105064-05-FEB-2019
Department of Health,NHS Bolton CCG,2/28/2019,C&M-GMS MPIG Correction Factor,PRC DELEGATED CO-COMMISSIONING,BOLTON GP PARTNERSHIP LTD,25863048,"1,038.00 ",,105064-05-FEB-2019
Department of Health,NHS Bolton CCG,2/28/2019,C&M-GMS QOF Aspiration,PRC DELEGATED CO-COMMISSIONING,BOLTON GP PARTNERSHIP LTD,25863048,"3,495.00 ",,105064-05-FEB-2019
Department of Health,NHS Bolton CCG,2/28/2019,Hcare Srv Rec Fdtn Trust-Contract Baseline,MENTAL HEALTH CONTRACTS,CHESHIRE AND WIRRAL PARTNERSHIP NHS FOUNDATION TRUST,26004304,"25,647.16 ",654951901,8710023803
Department of Health,NHS Bolton CCG,2/28/2019,Hcare Srv Rec Fdtn Trust-Contract Baseline,ACUTE COMMISSIONING,CHRISTIE HOSPITAL NHS FOUNDATION TRUST,25902795,"140,319.24 ",GB 654916118,31820
Department of Health,NHS Bolton CCG,2/28/2019,Hcare Srv Rec Fdtn Trust-Over/ Under Performance,ACUTE COMMISSIONING,CHRISTIE HOSPITAL NHS FOUNDATION TRUST,26046831,"(42,846.00)",GB 654916118,CRN1031284
Department of Health,NHS Bolton CCG,2/28/2019,Non-PFI Oprtng Lease-Bldgs-Lease Rent,HOSPICES,COMMUNITY HEALTH PARTNERSHIPS LTD,25890236,"2,210.59 ",GB782562113,0060098489
Department of Health,NHS Bolton CCG,2/28/2019,Programme Support Costs,PRC DELEGATED CO-COMMISSIONING,COMMUNITY HEALTH PARTNERSHIPS LTD,25890236,"29,006.29 ",GB782562113,0060098489
Department of Health,NHS Bolton CCG,2/28/2019,Voids and Subsidies,RECHARGES NHS PROPERTY SERVICES LTD,COMMUNITY HEALTH PARTNERSHIPS LTD,25890236,469.16 ,GB782562113,0060098489
Department of Health,NHS Bolton CCG,2/28/2019,C&M-GMS DES Learn Dsblty Hlth Chk,PRC DELEGATED CO-COMMISSIONING,DALEFIELD SURGERY,25930135,420.00 ,,WIG000030110
Department of Health,NHS Bolton CCG,2/28/2019,C&M-GMS DES Minor Surgery,PRC DELEGATED CO-COMMISSIONING,DALEFIELD SURGERY,25930135,130.08 ,,WIG000030110
Department of Health,NHS Bolton CCG,2/28/2019,C&M-GMS Global Sum,PRC DELEGATED CO-COMMISSIONING,DALEFIELD SURGERY,25930135,"50,679.70 ",,WIG000030110
Department of Health,NHS Bolton CCG,2/28/2019,C&M-GMS QOF Aspiration,PRC DELEGATED CO-COMMISSIONING,DALEFIELD SURGERY,25930135,"5,817.81 ",,WIG000030110
Department of Health,NHS Bolton CCG,2/28/2019,C&M-GMS Global Sum,PRC DELEGATED CO-COMMISSIONING,DR A E ZARROUK & PARTNER,25956127,"15,886.65 ",,WIG000030112
Department of Health,NHS Bolton CCG,2/28/2019,C&M-GMS MPIG Correction Factor,PRC DELEGATED CO-COMMISSIONING,DR A E ZARROUK & PARTNER,25956127,116.31 ,,WIG000030112
Department of Health,NHS Bolton CCG,2/28/2019,C&M-GMS PCO Locum Adop/Pat/Mat,PRC DELEGATED CO-COMMISSIONING,DR A E ZARROUK & PARTNER,25956127,"15,733.66 ",,WIG000030112
Department of Health,NHS Bolton CCG,2/28/2019,C&M-GMS PCO Locum Susp Drs,PRC DELEGATED CO-COMMISSIONING,DR A E ZARROUK & PARTNER,25956127,"2,580.00 ",,WIG000030112
Department of Health,NHS Bolton CCG,2/28/2019,C&M-GMS Prem Notional Rent,PRC DELEGATED CO-COMMISSIONING,DR A E ZARROUK & PARTNER,25956127,"1,083.33 ",,WIG000030112
Department of Health,NHS Bolton CCG,2/28/2019,C&M-GMS QOF Aspiration,PRC DELEGATED CO-COMMISSIONING,DR A E ZARROUK & PARTNER,25956127,"1,756.45 ",,WIG000030112
Department of Health,NHS Bolton CCG,2/28/2019,C&M-GMS Global Sum,PRC DELEGATED CO-COMMISSIONING,DR A KUMAR,25930138,"25,340.75 ",,WIG000030114
Department of Health,NHS Bolton CCG,2/28/2019,C&M-GMS MPIG Correction Factor,PRC DELEGATED CO-COMMISSIONING,DR A KUMAR,25930138,175.11 ,,WIG000030114
Department of Health,NHS Bolton CCG,2/28/2019,C&M-GMS Prem Notional Rent,PRC DELEGATED CO-COMMISSIONING,DR A KUMAR,25930138,"4,291.66 ",,WIG000030114
Department of Health,NHS Bolton CCG,2/28/2019,C&M-GMS QOF Aspiration,PRC DELEGATED CO-COMMISSIONING,DR A KUMAR,25930138,"2,217.31 ",,WIG000030114
Department of Health,NHS Bolton CCG,2/28/2019,C&M-PMS Contract Value,PRC DELEGATED CO-COMMISSIONING,DR C HALLIKERI,25930144,"30,356.56 ",,WIG000030120
Department of Health,NHS Bolton CCG,2/28/2019,C&M-PMS Funding Differential Review,PRC DELEGATED CO-COMMISSIONING,DR C HALLIKERI,25930144,410.23 ,,WIG000030120
Department of Health,NHS Bolton CCG,2/28/2019,C&M-PMS QOF Aspiration,PRC DELEGATED CO-COMMISSIONING,DR C HALLIKERI,25930144,"3,139.15 ",,WIG000030120
Department of Health,NHS Bolton CCG,2/28/2019,C&M-GMS Global Sum,PRC DELEGATED CO-COMMISSIONING,DR C HENDY & PARTNER,25930146,"34,468.53 ",,WIG000030122
Department of Health,NHS Bolton CCG,2/28/2019,C&M-GMS MPIG Correction Factor,PRC DELEGATED CO-COMMISSIONING,DR C HENDY & PARTNER,25930146,91.11 ,,WIG000030122
Department of Health,NHS Bolton CCG,2/28/2019,C&M-GMS Prem Notional Rent,PRC DELEGATED CO-COMMISSIONING,DR C HENDY & PARTNER,25930146,"2,513.50 ",,WIG000030122
Department of Health,NHS Bolton CCG,2/28/2019,C&M-GMS QOF Aspiration,PRC DELEGATED CO-COMMISSIONING,DR C HENDY & PARTNER,25930146,"3,466.88 ",,WIG000030122
Department of Health,NHS Bolton CCG,2/28/2019,C&M-GMS Global Sum,PRC DELEGATED CO-COMMISSIONING,DR C R BARUA,25930142,"27,569.78 ",,WIG000030118
Department of Health,NHS Bolton CCG,2/28/2019,C&M-GMS QOF Aspiration,PRC DELEGATED CO-COMMISSIONING,DR C R BARUA,25930142,"2,821.23 ",,WIG000030118
Department of Health,NHS Bolton CCG,2/28/2019,C&M-GMS DES Learn Dsblty Hlth Chk,PRC DELEGATED CO-COMMISSIONING,DR COUNSELL & PARTNERS,25930692,980.00 ,,WIG000030150
Department of Health,NHS Bolton CCG,2/28/2019,C&M-GMS DES Minor Surgery,PRC DELEGATED CO-COMMISSIONING,DR COUNSELL & PARTNERS,25930692,433.60 ,,WIG000030150
Department of Health,NHS Bolton CCG,2/28/2019,C&M-GMS Global Sum,PRC DELEGATED CO-COMMISSIONING,DR COUNSELL & PARTNERS,25930692,"58,000.96 ",,WIG000030150
Department of Health,NHS Bolton CCG,2/28/2019,C&M-GMS MPIG Correction Factor,PRC DELEGATED CO-COMMISSIONING,DR COUNSELL & PARTNERS,25930692,"1,081.09 ",,WIG000030150
Department of Health,NHS Bolton CCG,2/28/2019,C&M-GMS QOF Aspiration,PRC DELEGATED CO-COMMISSIONING,DR COUNSELL & PARTNERS,25930692,"5,899.87 ",,WIG000030150
Department of Health,NHS Bolton CCG,2/28/2019,C&M-GMS GP Statutory Levy,PRC DELEGATED CO-COMMISSIONING,DR D A WALL & PARTNERS,25930147,(245.17),,WIG000030123
Department of Health,NHS Bolton CCG,2/28/2019,C&M-GMS Voluntary Levy,PRC DELEGATED CO-COMMISSIONING,DR D A WALL & PARTNERS,25930147,(66.87),,WIG000030123
Department of Health,NHS Bolton CCG,2/28/2019,ME - GMS TPS Added Years Adj EEs,PRC DELEGATED CO-COMMISSIONING,DR D A WALL & PARTNERS,25930147,"(1,244.75)",,WIG000030123
Department of Health,NHS Bolton CCG,2/28/2019,ME-GMS GP Pension EEs,PRC DELEGATED CO-COMMISSIONING,DR D A WALL & PARTNERS,25930147,"(11,754.78)",,WIG000030123
Department of Health,NHS Bolton CCG,2/28/2019,ME-GMS GP Pension ERs Adjustments,PRC DELEGATED CO-COMMISSIONING,DR D A WALL & PARTNERS,25930147,"(11,935.05)",,WIG000030123
Department of Health,NHS Bolton CCG,2/28/2019,C&M-GMS DES Learn Dsblty Hlth Chk,PRC DELEGATED CO-COMMISSIONING,DR D A WALL & PARTNERS,25930148,"1,820.00 ",,WIG000030124
Department of Health,NHS Bolton CCG,2/28/2019,C&M-GMS DES Minor Surgery,PRC DELEGATED CO-COMMISSIONING,DR D A WALL & PARTNERS,25930148,346.88 ,,WIG000030124
Department of Health,NHS Bolton CCG,2/28/2019,C&M-GMS Global Sum,PRC DELEGATED CO-COMMISSIONING,DR D A WALL & PARTNERS,25930148,"103,278.51 ",,WIG000030124
Department of Health,NHS Bolton CCG,2/28/2019,C&M-GMS Prem Notional Rent,PRC DELEGATED CO-COMMISSIONING,DR D A WALL & PARTNERS,25930148,"4,833.33 ",,WIG000030124
Department of Health,NHS Bolton CCG,2/28/2019,C&M-GMS QOF Aspiration,PRC DELEGATED CO-COMMISSIONING,DR D A WALL & PARTNERS,25930148,"10,965.58 ",,WIG000030124
Department of Health,NHS Bolton CCG,2/28/2019,C&M-PMS Contract Value,PRC DELEGATED CO-COMMISSIONING,DR EM PERRY,25930690,"27,441.67 ",,WIG000030148
Department of Health,NHS Bolton CCG,2/28/2019,C&M-PMS Funding Differential Review,PRC DELEGATED CO-COMMISSIONING,DR EM PERRY,25930690,673.63 ,,WIG000030148
Department of Health,NHS Bolton CCG,2/28/2019,C&M-PMS Prem Notional Rent,PRC DELEGATED CO-COMMISSIONING,DR EM PERRY,25930690,"1,816.67 ",,WIG000030148
Department of Health,NHS Bolton CCG,2/28/2019,C&M-PMS QOF Aspiration,PRC DELEGATED CO-COMMISSIONING,DR EM PERRY,25930690,"2,971.52 ",,WIG000030148
Department of Health,NHS Bolton CCG,2/28/2019,C&M-GMS DES Learn Dsblty Hlth Chk,PRC DELEGATED CO-COMMISSIONING,DR G MCLARDY & PARTNERS,25930151,700.00 ,,WIG000030128
Department of Health,NHS Bolton CCG,2/28/2019,C&M-GMS Global Sum,PRC DELEGATED CO-COMMISSIONING,DR G MCLARDY & PARTNERS,25930151,"26,242.68 ",,WIG000030128
Department of Health,NHS Bolton CCG,2/28/2019,C&M-GMS MPIG Correction Factor,PRC DELEGATED CO-COMMISSIONING,DR G MCLARDY & PARTNERS,25930151,413.01 ,,WIG000030128
Department of Health,NHS Bolton CCG,2/28/2019,C&M-GMS Prem Notional Rent,PRC DELEGATED CO-COMMISSIONING,DR G MCLARDY & PARTNERS,25930151,"2,261.50 ",,WIG000030128
Department of Health,NHS Bolton CCG,2/28/2019,C&M-GMS QOF Aspiration,PRC DELEGATED CO-COMMISSIONING,DR G MCLARDY & PARTNERS,25930151,"3,287.28 ",,WIG000030128
Department of Health,NHS Bolton CCG,2/28/2019,C&M-GMS DES Learn Dsblty Hlth Chk,PRC DELEGATED CO-COMMISSIONING,DR J A L KIRBY & PARTNERS,25930149,"2,800.00 ",,WIG000030126
Department of Health,NHS Bolton CCG,2/28/2019,C&M-GMS DES Minor Surgery,PRC DELEGATED CO-COMMISSIONING,DR J A L KIRBY & PARTNERS,25930149,433.60 ,,WIG000030126
Department of Health,NHS Bolton CCG,2/28/2019,C&M-GMS Global Sum,PRC DELEGATED CO-COMMISSIONING,DR J A L KIRBY & PARTNERS,25930149,"48,736.64 ",,WIG000030126
Department of Health,NHS Bolton CCG,2/28/2019,C&M-GMS MPIG Correction Factor,PRC DELEGATED CO-COMMISSIONING,DR J A L KIRBY & PARTNERS,25930149,739.75 ,,WIG000030126
Department of Health,NHS Bolton CCG,2/28/2019,C&M-GMS QOF Aspiration,PRC DELEGATED CO-COMMISSIONING,DR J A L KIRBY & PARTNERS,25930149,"4,883.06 ",,WIG000030126
Department of Health,NHS Bolton CCG,2/28/2019,C&M-PMS Contract Value,PRC DELEGATED CO-COMMISSIONING,DR J LEACH,25932126,"21,189.45 ",,WIG000030193
Department of Health,NHS Bolton CCG,2/28/2019,C&M-PMS DES Minor Surgery,PRC DELEGATED CO-COMMISSIONING,DR J LEACH,25932126,216.80 ,,WIG000030193
Department of Health,NHS Bolton CCG,2/28/2019,C&M-PMS Funding Differential Review,PRC DELEGATED CO-COMMISSIONING,DR J LEACH,25932126,648.05 ,,WIG000030193
Department of Health,NHS Bolton CCG,2/28/2019,C&M-PMS Prem Notional Rent,PRC DELEGATED CO-COMMISSIONING,DR J LEACH,25932126,"1,538.83 ",,WIG000030193
Department of Health,NHS Bolton CCG,2/28/2019,C&M-PMS QOF Aspiration,PRC DELEGATED CO-COMMISSIONING,DR J LEACH,25932126,"2,175.83 ",,WIG000030193
Department of Health,NHS Bolton CCG,2/28/2019,C&M-PMS Contract Value,PRC DELEGATED CO-COMMISSIONING,DR J LOWE & PARTNERS,25930153,"49,305.55 ",,WIG000030130
Department of Health,NHS Bolton CCG,2/28/2019,C&M-PMS Funding Differential Review,PRC DELEGATED CO-COMMISSIONING,DR J LOWE & PARTNERS,25930153,398.12 ,,WIG000030130
Department of Health,NHS Bolton CCG,2/28/2019,C&M-PMS Prem Notional Rent,PRC DELEGATED CO-COMMISSIONING,DR J LOWE & PARTNERS,25930153,"4,041.67 ",,WIG000030130
Department of Health,NHS Bolton CCG,2/28/2019,C&M-PMS QOF Aspiration,PRC DELEGATED CO-COMMISSIONING,DR J LOWE & PARTNERS,25930153,"5,164.37 ",,WIG000030130
Department of Health,NHS Bolton CCG,2/28/2019,C&M-PMS GP Statutory Levy,PRC DELEGATED CO-COMMISSIONING,DR J P NAGLE & PARTNERS,25930154,(370.52),,WIG000030131
Department of Health,NHS Bolton CCG,2/28/2019,C&M-PMS Voluntary Levy,PRC DELEGATED CO-COMMISSIONING,DR J P NAGLE & PARTNERS,25930154,(101.05),,WIG000030131
Department of Health,NHS Bolton CCG,2/28/2019,ME-PMS GP Pension EEs-PMS,PRC DELEGATED CO-COMMISSIONING,DR J P NAGLE & PARTNERS,25930154,"(13,826.09)",,WIG000030131
Department of Health,NHS Bolton CCG,2/28/2019,ME-PMS GP Pension ERs Adjs - PMS,PRC DELEGATED CO-COMMISSIONING,DR J P NAGLE & PARTNERS,25930154,"(14,368.04)",,WIG000030131
Department of Health,NHS Bolton CCG,2/28/2019,C&M-PMS Contract Value,PRC DELEGATED CO-COMMISSIONING,DR J P NAGLE & PARTNERS,25930155,"144,670.84 ",,WIG000030132
Department of Health,NHS Bolton CCG,2/28/2019,C&M-PMS Funding Differential Review,PRC DELEGATED CO-COMMISSIONING,DR J P NAGLE & PARTNERS,25930155,"1,460.89 ",,WIG000030132
Department of Health,NHS Bolton CCG,2/28/2019,C&M-PMS Prem Notional Rent,PRC DELEGATED CO-COMMISSIONING,DR J P NAGLE & PARTNERS,25930155,"7,349.58 ",,WIG000030132
Department of Health,NHS Bolton CCG,2/28/2019,C&M-PMS QOF Aspiration,PRC DELEGATED CO-COMMISSIONING,DR J P NAGLE & PARTNERS,25930155,"17,221.90 ",,WIG000030132
Department of Health,NHS Bolton CCG,2/28/2019,C&M-PMS Contract Value,PRC DELEGATED CO-COMMISSIONING,DR KJ COLEMAN & PARTNERS,25930163,"92,209.55 ",,WIG000030138
Department of Health,NHS Bolton CCG,2/28/2019,C&M-PMS DES Minor Surgery,PRC DELEGATED CO-COMMISSIONING,DR KJ COLEMAN & PARTNERS,25930163,"2,384.80 ",,WIG000030138
Department of Health,NHS Bolton CCG,2/28/2019,C&M-PMS Funding Differential Review,PRC DELEGATED CO-COMMISSIONING,DR KJ COLEMAN & PARTNERS,25930163,990.15 ,,WIG000030138
Department of Health,NHS Bolton CCG,2/28/2019,C&M-PMS Prem Notional Rent,PRC DELEGATED CO-COMMISSIONING,DR KJ COLEMAN & PARTNERS,25930163,"6,959.16 ",,WIG000030138
Department of Health,NHS Bolton CCG,2/28/2019,C&M-PMS QOF Aspiration,PRC DELEGATED CO-COMMISSIONING,DR KJ COLEMAN & PARTNERS,25930163,"10,342.31 ",,WIG000030138
Department of Health,NHS Bolton CCG,2/28/2019,C&M-GMS Global Sum,PRC DELEGATED CO-COMMISSIONING,DR LYON & PARTNERS,25930166,"48,682.48 ",,WIG000030140
Department of Health,NHS Bolton CCG,2/28/2019,C&M-GMS MPIG Correction Factor,PRC DELEGATED CO-COMMISSIONING,DR LYON & PARTNERS,25930166,141.03 ,,WIG000030140
Department of Health,NHS Bolton CCG,2/28/2019,C&M-GMS QOF Aspiration,PRC DELEGATED CO-COMMISSIONING,DR LYON & PARTNERS,25930166,"6,008.40 ",,WIG000030140
Department of Health,NHS Bolton CCG,2/28/2019,C&M-PMS Contract Value,PRC DELEGATED CO-COMMISSIONING,DR M S FLETCHER & PARTNERS,25930157,"68,512.20 ",,WIG000030134
Department of Health,NHS Bolton CCG,2/28/2019,C&M-PMS Funding Differential Review,PRC DELEGATED CO-COMMISSIONING,DR M S FLETCHER & PARTNERS,25930157,956.16 ,,WIG000030134
Department of Health,NHS Bolton CCG,2/28/2019,C&M-PMS Prem Notional Rent,PRC DELEGATED CO-COMMISSIONING,DR M S FLETCHER & PARTNERS,25930157,"2,700.00 ",,WIG000030134
Department of Health,NHS Bolton CCG,2/28/2019,C&M-PMS QOF Aspiration,PRC DELEGATED CO-COMMISSIONING,DR M S FLETCHER & PARTNERS,25930157,"7,120.61 ",,WIG000030134
Department of Health,NHS Bolton CCG,2/28/2019,C&M-GMS Global Sum,PRC DELEGATED CO-COMMISSIONING,DR M SELVARAJAN,25930160,"21,393.70 ",,WIG000030136
Department of Health,NHS Bolton CCG,2/28/2019,C&M-GMS MPIG Correction Factor,PRC DELEGATED CO-COMMISSIONING,DR M SELVARAJAN,25930160,553.13 ,,WIG000030136
Department of Health,NHS Bolton CCG,2/28/2019,C&M-GMS Prem Notional Rent,PRC DELEGATED CO-COMMISSIONING,DR M SELVARAJAN,25930160,"3,051.67 ",,WIG000030136
Department of Health,NHS Bolton CCG,2/28/2019,C&M-GMS QOF Aspiration,PRC DELEGATED CO-COMMISSIONING,DR M SELVARAJAN,25930160,"2,181.84 ",,WIG000030136
Department of Health,NHS Bolton CCG,2/28/2019,C&M-GMS DES Learn Dsblty Hlth Chk,PRC DELEGATED CO-COMMISSIONING,DR MALHOTRA & PARTNERS,25930213,"1,960.00 ",,WIG000030183
Department of Health,NHS Bolton CCG,2/28/2019,C&M-GMS Global Sum,PRC DELEGATED CO-COMMISSIONING,DR MALHOTRA & PARTNERS,25930213,"57,323.98 ",,WIG000030183
Department of Health,NHS Bolton CCG,2/28/2019,C&M-GMS MPIG Correction Factor,PRC DELEGATED CO-COMMISSIONING,DR MALHOTRA & PARTNERS,25930213,20.60 ,,WIG000030183
Department of Health,NHS Bolton CCG,2/28/2019,C&M-GMS Prem Actual Rent,PRC DELEGATED CO-COMMISSIONING,DR MALHOTRA & PARTNERS,25930213,"3,583.34 ",,WIG000030183
Department of Health,NHS Bolton CCG,2/28/2019,C&M-GMS Prem Notional Rent,PRC DELEGATED CO-COMMISSIONING,DR MALHOTRA & PARTNERS,25930213,525.00 ,,WIG000030183
Department of Health,NHS Bolton CCG,2/28/2019,C&M-GMS QOF Aspiration,PRC DELEGATED CO-COMMISSIONING,DR MALHOTRA & PARTNERS,25930213,"5,189.42 ",,WIG000030183
Department of Health,NHS Bolton CCG,2/28/2019,C&M-PMS Contract Value,PRC DELEGATED CO-COMMISSIONING,DR P A SAUL & PARTNERS,25930174,"51,861.89 ",,WIG000030144
Department of Health,NHS Bolton CCG,2/28/2019,C&M-PMS DES Minor Surgery,PRC DELEGATED CO-COMMISSIONING,DR P A SAUL & PARTNERS,25930174,433.60 ,,WIG000030144
Department of Health,NHS Bolton CCG,2/28/2019,C&M-PMS Funding Differential Review,PRC DELEGATED CO-COMMISSIONING,DR P A SAUL & PARTNERS,25930174,731.37 ,,WIG000030144
Department of Health,NHS Bolton CCG,2/28/2019,C&M-PMS Prem Notional Rent,PRC DELEGATED CO-COMMISSIONING,DR P A SAUL & PARTNERS,25930174,"3,162.50 ",,WIG000030144
Department of Health,NHS Bolton CCG,2/28/2019,C&M-PMS QOF Aspiration,PRC DELEGATED CO-COMMISSIONING,DR P A SAUL & PARTNERS,25930174,"4,882.15 ",,WIG000030144
Department of Health,NHS Bolton CCG,2/28/2019,C&M-GMS Global Sum,PRC DELEGATED CO-COMMISSIONING,DR R A HUNT & PARTNER,25930181,"33,623.14 ",,WIG000030152
Department of Health,NHS Bolton CCG,2/28/2019,C&M-GMS MPIG Correction Factor,PRC DELEGATED CO-COMMISSIONING,DR R A HUNT & PARTNER,25930181,800.20 ,,WIG000030152
Department of Health,NHS Bolton CCG,2/28/2019,C&M-GMS Prem Notional Rent,PRC DELEGATED CO-COMMISSIONING,DR R A HUNT & PARTNER,25930181,"2,490.09 ",,WIG000030152
Department of Health,NHS Bolton CCG,2/28/2019,C&M-GMS QOF Aspiration,PRC DELEGATED CO-COMMISSIONING,DR R A HUNT & PARTNER,25930181,"3,339.82 ",,WIG000030152
Department of Health,NHS Bolton CCG,2/28/2019,C&M-PMS Contract Value,PRC DELEGATED CO-COMMISSIONING,DR R A M FALOUJI & PARTNER,25930185,"26,263.02 ",,WIG000030154
Department of Health,NHS Bolton CCG,2/28/2019,C&M-PMS Funding Differential Review,PRC DELEGATED CO-COMMISSIONING,DR R A M FALOUJI & PARTNER,25930185,"2,042.43 ",,WIG000030154
Department of Health,NHS Bolton CCG,2/28/2019,C&M-PMS QOF Aspiration,PRC DELEGATED CO-COMMISSIONING,DR R A M FALOUJI & PARTNER,25930185,"2,055.91 ",,WIG000030154
Department of Health,NHS Bolton CCG,2/28/2019,ME - PMS GP Prior Year ERs,PRC DELEGATED CO-COMMISSIONING,DR R A M FALOUJI & PARTNER,25930185,"5,512.30 ",,WIG000030154
Department of Health,NHS Bolton CCG,2/28/2019,ME-PMS GP Prior Year EEs,PRC DELEGATED CO-COMMISSIONING,DR R A M FALOUJI & PARTNER,25930185,"3,565.00 ",,WIG000030154
Department of Health,NHS Bolton CCG,2/28/2019,C&M-GMS DES Minor Surgery,PRC DELEGATED CO-COMMISSIONING,DR S KARIM & DR S JAMES-AUTHE,25932128,86.72 ,,WIG000030195
Department of Health,NHS Bolton CCG,2/28/2019,C&M-GMS Global Sum,PRC DELEGATED CO-COMMISSIONING,DR S KARIM & DR S JAMES-AUTHE,25932128,"28,767.22 ",,WIG000030195
Department of Health,NHS Bolton CCG,2/28/2019,C&M-GMS MPIG Correction Factor,PRC DELEGATED CO-COMMISSIONING,DR S KARIM & DR S JAMES-AUTHE,25932128,360.49 ,,WIG000030195
Department of Health,NHS Bolton CCG,2/28/2019,C&M-GMS Prem Notional Rent,PRC DELEGATED CO-COMMISSIONING,DR S KARIM & DR S JAMES-AUTHE,25932128,"2,560.00 ",,WIG000030195
Department of Health,NHS Bolton CCG,2/28/2019,C&M-GMS QOF Aspiration,PRC DELEGATED CO-COMMISSIONING,DR S KARIM & DR S JAMES-AUTHE,25932128,"3,162.98 ",,WIG000030195
Department of Health,NHS Bolton CCG,2/28/2019,C&M-PMS Contract Value,PRC DELEGATED CO-COMMISSIONING,DR S R GREEN & PARTNER,25930191,"35,235.65 ",,WIG000030158
Department of Health,NHS Bolton CCG,2/28/2019,C&M-PMS DES Learn Dsblty Hlth Chk,PRC DELEGATED CO-COMMISSIONING,DR S R GREEN & PARTNER,25930191,140.00 ,,WIG000030158
Department of Health,NHS Bolton CCG,2/28/2019,C&M-PMS Funding Differential Review,PRC DELEGATED CO-COMMISSIONING,DR S R GREEN & PARTNER,25930191,994.38 ,,WIG000030158
Department of Health,NHS Bolton CCG,2/28/2019,C&M-PMS QOF Aspiration,PRC DELEGATED CO-COMMISSIONING,DR S R GREEN & PARTNER,25930191,"3,310.49 ",,WIG000030158
Department of Health,NHS Bolton CCG,2/28/2019,C&M-PMS Contract Value,PRC DELEGATED CO-COMMISSIONING,DR S S H NASEEF,25930195,"21,521.03 ",,WIG000030160
Department of Health,NHS Bolton CCG,2/28/2019,C&M-PMS Funding Differential Review,PRC DELEGATED CO-COMMISSIONING,DR S S H NASEEF,25930195,708.79 ,,WIG000030160
Department of Health,NHS Bolton CCG,2/28/2019,C&M-PMS Prem Actual Rent,PRC DELEGATED CO-COMMISSIONING,DR S S H NASEEF,25930195,"2,450.00 ",,WIG000030160
Department of Health,NHS Bolton CCG,2/28/2019,C&M-PMS QOF Aspiration,PRC DELEGATED CO-COMMISSIONING,DR S S H NASEEF,25930195,"2,379.25 ",,WIG000030160
Department of Health,NHS Bolton CCG,2/28/2019,C&M-GMS Global Sum,PRC DELEGATED CO-COMMISSIONING,DR T A WALMSLEY & PARTNERS,25930188,"38,338.25 ",,WIG000030156
Department of Health,NHS Bolton CCG,2/28/2019,C&M-GMS QOF Aspiration,PRC DELEGATED CO-COMMISSIONING,DR T A WALMSLEY & PARTNERS,25930188,"4,578.85 ",,WIG000030156
Department of Health,NHS Bolton CCG,2/28/2019,C&M-PMS Contract Value,PRC DELEGATED CO-COMMISSIONING,DR TABOR & PARTNERS,25930698,"107,453.98 ",,WIG000030181
Department of Health,NHS Bolton CCG,2/28/2019,C&M-PMS Funding Differential Review,PRC DELEGATED CO-COMMISSIONING,DR TABOR & PARTNERS,25930698,158.19 ,,WIG000030181
Department of Health,NHS Bolton CCG,2/28/2019,C&M-PMS Prem Notional Rent,PRC DELEGATED CO-COMMISSIONING,DR TABOR & PARTNERS,25930698,"4,525.00 ",,WIG000030181
Department of Health,NHS Bolton CCG,2/28/2019,C&M-PMS QOF Aspiration,PRC DELEGATED CO-COMMISSIONING,DR TABOR & PARTNERS,25930698,"11,356.13 ",,WIG000030181
Department of Health,NHS Bolton CCG,2/28/2019,C&M-GMS DES Learn Dsblty Hlth Chk,PRC DELEGATED CO-COMMISSIONING,DR VINEET KUMAR KALHAN AND DR VIBHA GUPTA,25930219,560.00 ,,WIG000030199
Department of Health,NHS Bolton CCG,2/28/2019,C&M-GMS Global Sum,PRC DELEGATED CO-COMMISSIONING,DR VINEET KUMAR KALHAN AND DR VIBHA GUPTA,25930219,"21,167.01 ",,WIG000030199
Department of Health,NHS Bolton CCG,2/28/2019,C&M-GMS Prem Notional Rent,PRC DELEGATED CO-COMMISSIONING,DR VINEET KUMAR KALHAN AND DR VIBHA GUPTA,25930219,"1,412.50 ",,WIG000030199
Department of Health,NHS Bolton CCG,2/28/2019,C&M-GMS QOF Aspiration,PRC DELEGATED CO-COMMISSIONING,DR VINEET KUMAR KALHAN AND DR VIBHA GUPTA,25930219,"1,943.44 ",,WIG000030199
Department of Health,NHS Bolton CCG,2/28/2019,C&M-PMS Contract Value,PRC DELEGATED CO-COMMISSIONING,DR Y LOOMBA & PARTNER BOLTON,25930198,"28,397.42 ",,WIG000030164
Department of Health,NHS Bolton CCG,2/28/2019,C&M-PMS Funding Differential Review,PRC DELEGATED CO-COMMISSIONING,DR Y LOOMBA & PARTNER BOLTON,25930198,"1,128.54 ",,WIG000030164
Department of Health,NHS Bolton CCG,2/28/2019,C&M-PMS QOF Aspiration,PRC DELEGATED CO-COMMISSIONING,DR Y LOOMBA & PARTNER BOLTON,25930198,"2,869.30 ",,WIG000030164
Department of Health,NHS Bolton CCG,2/28/2019,C&M-PMS Contract Value,PRC DELEGATED CO-COMMISSIONING,DRS LIVERSEDGE MCCURDIE WONG & YOXALL,25930694,"41,350.88 ",,WIG000030162
Department of Health,NHS Bolton CCG,2/28/2019,C&M-PMS Funding Differential Review,PRC DELEGATED CO-COMMISSIONING,DRS LIVERSEDGE MCCURDIE WONG & YOXALL,25930694,377.29 ,,WIG000030162
Department of Health,NHS Bolton CCG,2/28/2019,C&M-PMS QOF Aspiration,PRC DELEGATED CO-COMMISSIONING,DRS LIVERSEDGE MCCURDIE WONG & YOXALL,25930694,"3,523.36 ",,WIG000030162
Department of Health,NHS Bolton CCG,2/28/2019,C&M-GMS DES Learn Dsblty Hlth Chk,PRC DELEGATED CO-COMMISSIONING,DUNSTAN PARTNERSHIP,25932122,"1,960.00 ",,WIG000030187
Department of Health,NHS Bolton CCG,2/28/2019,C&M-GMS DES Minor Surgery,PRC DELEGATED CO-COMMISSIONING,DUNSTAN PARTNERSHIP,25932122,"1,127.36 ",,WIG000030187
Department of Health,NHS Bolton CCG,2/28/2019,C&M-GMS Global Sum,PRC DELEGATED CO-COMMISSIONING,DUNSTAN PARTNERSHIP,25932122,"78,163.40 ",,WIG000030187
Department of Health,NHS Bolton CCG,2/28/2019,C&M-GMS MPIG Correction Factor,PRC DELEGATED CO-COMMISSIONING,DUNSTAN PARTNERSHIP,25932122,143.25 ,,WIG000030187
Department of Health,NHS Bolton CCG,2/28/2019,C&M-GMS Prem Healthcentre Rent,PRC DELEGATED CO-COMMISSIONING,DUNSTAN PARTNERSHIP,25932122,"15,835.55 ",,WIG000030187
Department of Health,NHS Bolton CCG,2/28/2019,C&M-GMS QOF Aspiration,PRC DELEGATED CO-COMMISSIONING,DUNSTAN PARTNERSHIP,25932122,"9,394.79 ",,WIG000030187
Department of Health,NHS Bolton CCG,2/28/2019,Hcare Srv Rec NHS Trust-Contract Baseline,ACUTE COMMISSIONING,EAST LANCASHIRE HOSPITALS NHS TRUST,26004231,"68,207.58 ",654913225,E0095323
Department of Health,NHS Bolton CCG,2/28/2019,Hcare Srv Rec NHS Trust-Over/ Under Performance,ACUTE COMMISSIONING,EAST LANCASHIRE HOSPITALS NHS TRUST,26046757,"(41,506.74)",654913225,K0011361
Department of Health,NHS Bolton CCG,2/28/2019,Computer Hardware Purch,PRIMARY CARE IT,EGTON MEDICAL INFORMATION SYSTEMS LTD,26072228,"237,669.52 ",927149214,EMSINV042995
Department of Health,NHS Bolton CCG,2/28/2019,Clinical&Medical-Independent Sector,ACUTE COMMISSIONING,EUXTON HALL HOSPITAL,26004180,"25,566.68 ",,116KFEB19BOL
Department of Health,NHS Bolton CCG,2/28/2019,Clinical&Medical-Independent Sector,ACUTE COMMISSIONING,EUXTON HALL HOSPITAL,26046141,"28,727.96 ",,130KMNOV18BOL
Department of Health,NHS Bolton CCG,2/28/2019,C&M-GMS DES Learn Dsblty Hlth Chk,PRC DELEGATED CO-COMMISSIONING,FIG TREE MEDICAL PRACTICE,25930221,840.00 ,,WIG000030201
Department of Health,NHS Bolton CCG,2/28/2019,C&M-GMS DES Minor Surgery,PRC DELEGATED CO-COMMISSIONING,FIG TREE MEDICAL PRACTICE,25930221,"1,647.68 ",,WIG000030201
Department of Health,NHS Bolton CCG,2/28/2019,C&M-GMS Global Sum,PRC DELEGATED CO-COMMISSIONING,FIG TREE MEDICAL PRACTICE,25930221,"37,014.39 ",,WIG000030201
Department of Health,NHS Bolton CCG,2/28/2019,C&M-GMS QOF Aspiration,PRC DELEGATED CO-COMMISSIONING,FIG TREE MEDICAL PRACTICE,25930221,"3,626.60 ",,WIG000030201
Department of Health,NHS Bolton CCG,2/28/2019,Cont Care- Adult 100% Fully Funded,CHC ADULT FULLY FUNDED,FOUR SEASONS HEALTH CARE LTD,25855393,"45,891.82 ",927365991,CATJAN2019
Department of Health,NHS Bolton CCG,2/28/2019,C&M-GMS DES Learn Dsblty Hlth Chk,PRC DELEGATED CO-COMMISSIONING,GARNET FOLD PRACTICE,25930201,"1,960.00 ",,WIG000030168
Department of Health,NHS Bolton CCG,2/28/2019,C&M-GMS DES Minor Surgery,PRC DELEGATED CO-COMMISSIONING,GARNET FOLD PRACTICE,25930201,910.56 ,,WIG000030168
Department of Health,NHS Bolton CCG,2/28/2019,C&M-GMS Global Sum,PRC DELEGATED CO-COMMISSIONING,GARNET FOLD PRACTICE,25930201,"51,699.79 ",,WIG000030168
Department of Health,NHS Bolton CCG,2/28/2019,C&M-GMS Prem Notional Rent,PRC DELEGATED CO-COMMISSIONING,GARNET FOLD PRACTICE,25930201,"2,728.25 ",,WIG000030168
Department of Health,NHS Bolton CCG,2/28/2019,C&M-GMS Prem Water Rates,PRC DELEGATED CO-COMMISSIONING,GARNET FOLD PRACTICE,25930201,291.23 ,,WIG000030168
Department of Health,NHS Bolton CCG,2/28/2019,C&M-GMS QOF Aspiration,PRC DELEGATED CO-COMMISSIONING,GARNET FOLD PRACTICE,25930201,"5,233.20 ",,WIG000030168
Department of Health,NHS Bolton CCG,2/28/2019,Hcare Srv Rec Fdtn Trust-Non Contract,NON RECURRENT PROGRAMMES,GREATER MANCHESTER MENTAL HEALTH NHS FOUNDATION TRUST,26004401,"144,612.00 ",GB654929594,0000031056
Department of Health,NHS Bolton CCG,2/28/2019,Hlthcre-Foundation Trsts,MENTAL HEALTH SERVICES - ADULTS,GREATER MANCHESTER MENTAL HEALTH NHS FOUNDATION TRUST,26004432,"144,095.82 ",GB654929594,0000031122
Department of Health,NHS Bolton CCG,2/28/2019,Hcare Srv Rec Fdtn Trust-Contract Baseline,MENTAL HEALTH CONTRACTS,GREATER MANCHESTER WEST MENTAL HEALTH NHS FOUNDATION TRUST,26004440,"2,330,352.83 ",654929594,0000031093
Department of Health,NHS Bolton CCG,2/28/2019,Cont Care- Adult 100% Fully Funded,CHC ADULT FULLY FUNDED,HAZELBROOK,25855518,"32,411.79 ",,0085HB
Department of Health,NHS Bolton CCG,2/28/2019,Cont Care-Funded Nursing Care Allow,FUNDED NURSING CARE,HAZELBROOK,25855518,726.99 ,,0085HB
Department of Health,NHS Bolton CCG,2/28/2019,Cont Care- Adult 100% Fully Funded,CHC ADULT FULLY FUNDED,HAZELBROOK,25890233,"32,507.68 ",,0086HB
Department of Health,NHS Bolton CCG,2/28/2019,Cont Care-Funded Nursing Care Allow,FUNDED NURSING CARE,HAZELBROOK,25890233,726.99 ,,0086HB
Department of Health,NHS Bolton CCG,2/28/2019,Cont Care- Adult 100% Fully Funded,CHC ADULT FULLY FUNDED,HC ONE LTD,25943931,"38,903.57 ",218770886,IFOUJAN19
Department of Health,NHS Bolton CCG,2/28/2019,Cont Care-Funded Nursing Care Allow,FUNDED NURSING CARE,HC ONE LTD,25943931,"6,418.05 ",218770886,IFOUJAN19
Department of Health,NHS Bolton CCG,2/28/2019,C&M-PMS Contract Value,PRC DELEGATED CO-COMMISSIONING,HEATON MEDICAL CENTRE,25932130,"75,429.81 ",,WIG000030197
Department of Health,NHS Bolton CCG,2/28/2019,C&M-PMS DES Learn Dsblty Hlth Chk,PRC DELEGATED CO-COMMISSIONING,HEATON MEDICAL CENTRE,25932130,"1,260.00 ",,WIG000030197
Department of Health,NHS Bolton CCG,2/28/2019,C&M-PMS DES Minor Surgery,PRC DELEGATED CO-COMMISSIONING,HEATON MEDICAL CENTRE,25932130,780.48 ,,WIG000030197
Department of Health,NHS Bolton CCG,2/28/2019,C&M-PMS Funding Differential Review,PRC DELEGATED CO-COMMISSIONING,HEATON MEDICAL CENTRE,25932130,221.24 ,,WIG000030197
Department of Health,NHS Bolton CCG,2/28/2019,C&M-PMS Prem Actual Rent,PRC DELEGATED CO-COMMISSIONING,HEATON MEDICAL CENTRE,25932130,"5,237.50 ",,WIG000030197
Department of Health,NHS Bolton CCG,2/28/2019,C&M-PMS Prem Water Rates,PRC DELEGATED CO-COMMISSIONING,HEATON MEDICAL CENTRE,25932130,717.11 ,,WIG000030197
Department of Health,NHS Bolton CCG,2/28/2019,C&M-PMS QOF Aspiration,PRC DELEGATED CO-COMMISSIONING,HEATON MEDICAL CENTRE,25932130,"8,846.89 ",,WIG000030197
Department of Health,NHS Bolton CCG,2/28/2019,Apprenticeship Levy Payable,BALANCE SHEET,HMRC,25961985,"1,167.00 ",,475PW004363741910
Department of Health,NHS Bolton CCG,2/28/2019,Income tax <1Yr,BALANCE SHEET,HMRC,25961985,"73,529.00 ",,475PW004363741910
Department of Health,NHS Bolton CCG,2/28/2019,Income tax <1Yr-Student Loans,BALANCE SHEET,HMRC,25961985,"2,088.00 ",,475PW004363741910
Department of Health,NHS Bolton CCG,2/28/2019,National Insurance < 1 yr-NI- ERS,BALANCE SHEET,HMRC,25961985,"50,203.62 ",,475PW004363741910
Department of Health,NHS Bolton CCG,2/28/2019,National Insurance < 1 yr-NI-EES,BALANCE SHEET,HMRC,25961985,"37,000.77 ",,475PW004363741910
Department of Health,NHS Bolton CCG,2/28/2019,Statutory Mat Pay < 1 yr,BALANCE SHEET,HMRC,25961985,"(1,068.56)",,475PW004363741910
Department of Health,NHS Bolton CCG,2/28/2019,Statutory Paternity Pay < 1 yr,BALANCE SHEET,HMRC,25961985,(267.14),,475PW004363741910
Department of Health,NHS Bolton CCG,2/28/2019,Hcare Srv Rec Fdtn Trust-Contract Baseline,ACUTE COMMISSIONING,LANCASHIRE TEACHING HOSPITALS NHS FOUNDATION TRUST,26004262,"116,054.00 ",654937107,15187931
Department of Health,NHS Bolton CCG,2/28/2019,Hcare Srv Rec Fdtn Trust-Over/ Under Performance,ACUTE COMMISSIONING,LANCASHIRE TEACHING HOSPITALS NHS FOUNDATION TRUST,26046219,"(35,380.22)",654937107,15323623
Department of Health,NHS Bolton CCG,2/28/2019,Hcare Srv Rec Fdtn Trust-Over/ Under Performance,ACUTE COMMISSIONING,MANCHESTER UNIVERSITY NHS FOUNDATION TRUST,26045995,"95,178.00 ",654415538,0000416328
Department of Health,NHS Bolton CCG,2/28/2019,Hcare Srv Rec Fdtn Trust-Over/ Under Performance,ACUTE COMMISSIONING,MANCHESTER UNIVERSITY NHS FOUNDATION TRUST,26045996,"123,851.00 ",654415538,0000407707
Department of Health,NHS Bolton CCG,2/28/2019,Hcare Srv Rec Fdtn Trust-Contract Baseline,ACUTE COMMISSIONING,MANCHESTER UNIVERSITY NHS FOUNDATION TRUST,26046001,"123,812.00 ",654415538,0000404393
Department of Health,NHS Bolton CCG,2/28/2019,Hcare Srv Rec Fdtn Trust-Contract Baseline,ACUTE COMMISSIONING,MANCHESTER UNIVERSITY NHS FOUNDATION TRUST,26046041,"34,667.00 ",654415538,0000422540
Department of Health,NHS Bolton CCG,2/28/2019,Clinical&Medical-Independent Sector,ACUTE COMMISSIONING,NATIONAL UNPLANNED PREGNANCY ADVISORY SERVICE,26092522,"32,345.61 ",,8367
Department of Health,NHS Bolton CCG,2/28/2019,C&M-PMS IT Comm Servs -GP Practices,PRIMARY CARE IT,NHS OLDHAM CCG,25909057,"118,595.00 ",,7011705199
Department of Health,NHS Bolton CCG,2/28/2019,Charges from CSU,CORPORATE COSTS & SERVICES,NHS OLDHAM CCG,25909057,"18,214.00 ",,7011705199
Department of Health,NHS Bolton CCG,2/28/2019,Charges from CSU,CORPORATE COSTS & SERVICES,NHS OLDHAM CCG,25909062,"17,399.00 ",,7011705208
Department of Health,NHS Bolton CCG,2/28/2019,Charges from CSU,EXCEPTIONS & PRIOR APPROVALS,NHS OLDHAM CCG,25909062,"6,856.00 ",,7011705208
Department of Health,NHS Bolton CCG,2/28/2019,Charges from CSU,MEDICINES MANAGEMENT - CLINICAL,NHS OLDHAM CCG,25909062,"8,781.00 ",,7011705208
Department of Health,NHS Bolton CCG,2/28/2019,Hcare Srv Rec NHS CCG-Non Contract,NHS 111,NHS OLDHAM CCG,25909062,"1,845.00 ",,7011705208
Department of Health,NHS Bolton CCG,2/28/2019,Non-PFI Oprtng Lease-Bldgs-Lease Rent,ESTATES AND FACILITIES,NHS PROPERTY SERVICES LTD,25814825,"(53,420.13)",156725100,H138056
Department of Health,NHS Bolton CCG,2/28/2019,Voids and Subsidies,PRC DELEGATED CO-COMMISSIONING,NHS PROPERTY SERVICES LTD,25981922,"27,365.52 ",156725100,H51778
Department of Health,NHS Bolton CCG,2/28/2019,Hcare Srv Rec NHS Trust-Contract Baseline,AMBULANCE SERVICES,NORTH WEST AMBULANCE SERVICE NHS TRUST,25909185,"659,250.00 ",654435138,4110043844
Department of Health,NHS Bolton CCG,2/28/2019,Hcare Srv Rec NHS Trust-Contract Baseline,AMBULANCE SERVICES,NORTH WEST AMBULANCE SERVICE NHS TRUST,26004375,"111,966.00 ",654435138,4110043903
Department of Health,NHS Bolton CCG,2/28/2019,Hcare Srv Rec NHS Trust-Contract Baseline,NHS 111,NORTH WEST AMBULANCE SERVICE NHS TRUST,26004379,"73,263.00 ",654435138,4110043777
Department of Health,NHS Bolton CCG,2/28/2019,Hcare Srv Rec Fdtn Trust-CQUIN,MENTAL HEALTH CONTRACTS,NORTH WEST BOROUGHS HEALTHCARE NHS FOUNDATION TRUST,26004346,643.00 ,,16042595
Department of Health,NHS Bolton CCG,2/28/2019,Hcare Srv Rec Fdtn Trust-Contract Baseline,MENTAL HEALTH CONTRACTS,NORTH WEST BOROUGHS HEALTHCARE NHS FOUNDATION TRUST,26004346,"25,728.00 ",,16042595
Department of Health,NHS Bolton CCG,2/28/2019,Clinical&Medical-Independent Sector,MENTAL HEALTH SERVICES - ADULTS,NORTHERN HEALTHCARE LTD,26123514,"76,749.92 ",,378
Department of Health,NHS Bolton CCG,2/28/2019,Clinical&Medical-Independent Sector,ACUTE COMMISSIONING,OAKLANDS HOSPITAL,26004290,"47,846.04 ",GB 426505170,0950219
Department of Health,NHS Bolton CCG,2/28/2019,C&M-GMS Global Sum,PRC DELEGATED CO-COMMISSIONING,OLIVE FAMILY PRACTICE,25930203,"28,374.28 ",,WIG000030170
Department of Health,NHS Bolton CCG,2/28/2019,C&M-GMS Other FDR Payment,PRC DELEGATED CO-COMMISSIONING,OLIVE FAMILY PRACTICE,25930203,"7,671.25 ",,WIG000030170
Department of Health,NHS Bolton CCG,2/28/2019,C&M-GMS QOF Aspiration,PRC DELEGATED CO-COMMISSIONING,OLIVE FAMILY PRACTICE,25930203,"2,201.78 ",,WIG000030170
Department of Health,NHS Bolton CCG,2/28/2019,Hcare Srv Rec NHS Trust-Contract Baseline,ACUTE COMMISSIONING,PENNINE ACUTE HOSPITALS NHS TRUST,25902789,"144,765.00 ",654418333,A0013585
Department of Health,NHS Bolton CCG,2/28/2019,Cont Care- Adult 100% Fully Funded,CHC ADULT FULLY FUNDED,RIVINGTON VIEW NURSING HOME,25855471,"22,438.93 ",,31012019
Department of Health,NHS Bolton CCG,2/28/2019,Cont Care-Funded Nursing Care Allow,FUNDED NURSING CARE,RIVINGTON VIEW NURSING HOME,25855471,"4,895.11 ",,31012019
Department of Health,NHS Bolton CCG,2/28/2019,Hcare Srv Rec Fdtn Trust-Non Contract,NON RECURRENT PROGRAMMES,ROYAL BOLTON HOSPITAL NHS FOUNDATION TRUST,25943838,"2,000,000.00 ",654913421,0001052489
Department of Health,NHS Bolton CCG,2/28/2019,Hcare Srv Rec Fdtn Trust-CQUIN,ACUTE COMMISSIONING,ROYAL BOLTON HOSPITAL NHS FOUNDATION TRUST,26184450,"288,464.00 ",654913421,0001052532
Department of Health,NHS Bolton CCG,2/28/2019,Hcare Srv Rec Fdtn Trust-CQUIN,COMMUNITY SERVICES,ROYAL BOLTON HOSPITAL NHS FOUNDATION TRUST,26184450,"71,937.58 ",654913421,0001052532
Department of Health,NHS Bolton CCG,2/28/2019,Hcare Srv Rec Fdtn Trust-Contract Baseline,ACUTE COMMISSIONING,ROYAL BOLTON HOSPITAL NHS FOUNDATION TRUST,26184450,"11,467,568.61 ",654913421,0001052532
Department of Health,NHS Bolton CCG,2/28/2019,Hcare Srv Rec Fdtn Trust-Contract Baseline,COMMUNITY SERVICES,ROYAL BOLTON HOSPITAL NHS FOUNDATION TRUST,26184450,"3,440,801.92 ",654913421,0001052532
Department of Health,NHS Bolton CCG,2/28/2019,Hcare Srv Rec Fdtn Trust-Contract Baseline,PROGRAMME PROJECTS,ROYAL BOLTON HOSPITAL NHS FOUNDATION TRUST,26184450,"422,646.00 ",654913421,0001052532
Department of Health,NHS Bolton CCG,2/28/2019,Hcare Srv Rec Fdtn Trust-Contract Baseline,ACUTE COMMISSIONING,SALFORD ROYAL HOSPITALS NHS FOUNDATION TRUST,25902873,"1,117,092.00 ",65 4939786,S0022761
Department of Health,NHS Bolton CCG,2/28/2019,Programme Support Costs,NON RECURRENT PROGRAMMES,SALFORD ROYAL HOSPITALS NHS FOUNDATION TRUST,26004256,"26,000.00 ",65 4939786,S0022738
Department of Health,NHS Bolton CCG,2/28/2019,Cont Care- Adult 100% Fully Funded,CHC ADULT FULLY FUNDED,SHANNON COURT,25855432,"32,408.75 ",,012019
Department of Health,NHS Bolton CCG,2/28/2019,Cont Care-Funded Nursing Care Allow,FUNDED NURSING CARE,SHANNON COURT,25855432,"6,791.49 ",,012019
Department of Health,NHS Bolton CCG,2/28/2019,C&M-PMS Contract Value,PRC DELEGATED CO-COMMISSIONING,SILVERT & PARTNERS,25930207,"106,539.28 ",,WIG000030174
Department of Health,NHS Bolton CCG,2/28/2019,C&M-PMS DES Minor Surgery,PRC DELEGATED CO-COMMISSIONING,SILVERT & PARTNERS,25930207,910.56 ,,WIG000030174
Department of Health,NHS Bolton CCG,2/28/2019,C&M-PMS Funding Differential Review,PRC DELEGATED CO-COMMISSIONING,SILVERT & PARTNERS,25930207,533.66 ,,WIG000030174
Department of Health,NHS Bolton CCG,2/28/2019,C&M-PMS PCO Locum Sickness,PRC DELEGATED CO-COMMISSIONING,SILVERT & PARTNERS,25930207,"5,525.00 ",,WIG000030174
Department of Health,NHS Bolton CCG,2/28/2019,C&M-PMS Prem Clinical Waste,PRC DELEGATED CO-COMMISSIONING,SILVERT & PARTNERS,25930207,72.00 ,,WIG000030174
Department of Health,NHS Bolton CCG,2/28/2019,C&M-PMS Prem Notional Rent,PRC DELEGATED CO-COMMISSIONING,SILVERT & PARTNERS,25930207,"6,408.08 ",,WIG000030174
Department of Health,NHS Bolton CCG,2/28/2019,C&M-PMS QOF Aspiration,PRC DELEGATED CO-COMMISSIONING,SILVERT & PARTNERS,25930207,"11,584.93 ",,WIG000030174
Department of Health,NHS Bolton CCG,2/28/2019,Clinical&Medical-Independent Sector,ACUTE COMMISSIONING,SPECSAVERS HEARCARE LTD,26176106,"35,068.20 ",747671301,20400579
Department of Health,NHS Bolton CCG,2/28/2019,C&M-GMS DES Learn Dsblty Hlth Chk,PRC DELEGATED CO-COMMISSIONING,SPRING VIEW MEDICAL CENTRE,25930217,560.00 ,,WIG000030189
Department of Health,NHS Bolton CCG,2/28/2019,C&M-GMS Global Sum,PRC DELEGATED CO-COMMISSIONING,SPRING VIEW MEDICAL CENTRE,25930217,"35,863.88 ",,WIG000030189
Department of Health,NHS Bolton CCG,2/28/2019,C&M-GMS Prem Cost Rent,PRC DELEGATED CO-COMMISSIONING,SPRING VIEW MEDICAL CENTRE,25930217,"3,157.58 ",,WIG000030189
Department of Health,NHS Bolton CCG,2/28/2019,C&M-GMS Prem Notional Rent,PRC DELEGATED CO-COMMISSIONING,SPRING VIEW MEDICAL CENTRE,25930217,"3,366.66 ",,WIG000030189
Department of Health,NHS Bolton CCG,2/28/2019,C&M-GMS QOF Aspiration,PRC DELEGATED CO-COMMISSIONING,SPRING VIEW MEDICAL CENTRE,25930217,"3,923.87 ",,WIG000030189
Department of Health,NHS Bolton CCG,2/28/2019,C&M-APMS Contract Value,PRC DELEGATED CO-COMMISSIONING,SSP HEALTH BOLTON GP,25930209,"35,077.09 ",,WIG000030176
Department of Health,NHS Bolton CCG,2/28/2019,C&M-APMS Prem Notional Rent,PRC DELEGATED CO-COMMISSIONING,SSP HEALTH BOLTON GP,25930209,"6,316.67 ",,WIG000030176
Department of Health,NHS Bolton CCG,2/28/2019,C&M-PMS DES Learn Dsblty Hlth Chk,PRC DELEGATED CO-COMMISSIONING,SSP HEALTH BOLTON GP,25930209,280.00 ,,WIG000030176
Department of Health,NHS Bolton CCG,2/28/2019,C&M-PMS QOF Aspiration,PRC DELEGATED CO-COMMISSIONING,SSP HEALTH BOLTON GP,25930209,"1,936.09 ",,WIG000030176
Department of Health,NHS Bolton CCG,2/28/2019,C&M-APMS Contract Value,PRC DELEGATED CO-COMMISSIONING,SSP HEALTH BOLTON MC,25956129,"42,955.00 ",,WIG000030177
Department of Health,NHS Bolton CCG,2/28/2019,C&M-APMS DES Minor Surgery,PRC DELEGATED CO-COMMISSIONING,SSP HEALTH BOLTON MC,25956129,43.36 ,,WIG000030177
Department of Health,NHS Bolton CCG,2/28/2019,C&M-APMS Prem Notional Rent,PRC DELEGATED CO-COMMISSIONING,SSP HEALTH BOLTON MC,25956129,531.67 ,,WIG000030177
Department of Health,NHS Bolton CCG,2/28/2019,C&M-PMS DES Learn Dsblty Hlth Chk,PRC DELEGATED CO-COMMISSIONING,SSP HEALTH BOLTON MC,25956129,420.00 ,,WIG000030177
Department of Health,NHS Bolton CCG,2/28/2019,C&M-PMS Prem Actual Rent,PRC DELEGATED CO-COMMISSIONING,SSP HEALTH BOLTON MC,25956129,"5,708.34 ",,WIG000030177
Department of Health,NHS Bolton CCG,2/28/2019,C&M-PMS QOF Aspiration,PRC DELEGATED CO-COMMISSIONING,SSP HEALTH BOLTON MC,25956129,"3,043.52 ",,WIG000030177
Department of Health,NHS Bolton CCG,2/28/2019,C&M-GMS DES Learn Dsblty Hlth Chk,PRC DELEGATED CO-COMMISSIONING,STABLE FOLD SURGERY,25932124,"1,400.00 ",,WIG000030191
Department of Health,NHS Bolton CCG,2/28/2019,C&M-GMS DES Minor Surgery,PRC DELEGATED CO-COMMISSIONING,STABLE FOLD SURGERY,25932124,346.88 ,,WIG000030191
Department of Health,NHS Bolton CCG,2/28/2019,C&M-GMS Global Sum,PRC DELEGATED CO-COMMISSIONING,STABLE FOLD SURGERY,25932124,"51,450.90 ",,WIG000030191
Department of Health,NHS Bolton CCG,2/28/2019,C&M-GMS MPIG Correction Factor,PRC DELEGATED CO-COMMISSIONING,STABLE FOLD SURGERY,25932124,31.03 ,,WIG000030191
Department of Health,NHS Bolton CCG,2/28/2019,C&M-GMS Prem Clinical Waste,PRC DELEGATED CO-COMMISSIONING,STABLE FOLD SURGERY,25932124,199.68 ,,WIG000030191
Department of Health,NHS Bolton CCG,2/28/2019,C&M-GMS Prem Notional Rent,PRC DELEGATED CO-COMMISSIONING,STABLE FOLD SURGERY,25932124,"3,366.67 ",,WIG000030191
Department of Health,NHS Bolton CCG,2/28/2019,C&M-GMS QOF Aspiration,PRC DELEGATED CO-COMMISSIONING,STABLE FOLD SURGERY,25932124,"5,155.78 ",,WIG000030191
Department of Health,NHS Bolton CCG,2/28/2019,Cont Care- Adult 100% Fully Funded,CHC ADULT FULLY FUNDED,STRATHMORE NURSING HOME,25855401,"39,891.43 ",,3838
Department of Health,NHS Bolton CCG,2/28/2019,Cont Care-Funded Nursing Care Allow,FUNDED NURSING CARE,STRATHMORE NURSING HOME,25855401,"2,180.98 ",,3838
Department of Health,NHS Bolton CCG,2/28/2019,C&M-PMS Contract Value,PRC DELEGATED CO-COMMISSIONING,SWAN LANE MEDICAL CENTRE,25930215,"64,510.45 ",,WIG000030185
Department of Health,NHS Bolton CCG,2/28/2019,C&M-PMS DES Learn Dsblty Hlth Chk,PRC DELEGATED CO-COMMISSIONING,SWAN LANE MEDICAL CENTRE,25930215,"1,680.00 ",,WIG000030185
Department of Health,NHS Bolton CCG,2/28/2019,C&M-PMS DES Minor Surgery,PRC DELEGATED CO-COMMISSIONING,SWAN LANE MEDICAL CENTRE,25930215,86.72 ,,WIG000030185
Department of Health,NHS Bolton CCG,2/28/2019,C&M-PMS Funding Differential Review,PRC DELEGATED CO-COMMISSIONING,SWAN LANE MEDICAL CENTRE,25930215,492.76 ,,WIG000030185
Department of Health,NHS Bolton CCG,2/28/2019,C&M-PMS Prem Notional Rent,PRC DELEGATED CO-COMMISSIONING,SWAN LANE MEDICAL CENTRE,25930215,"2,462.50 ",,WIG000030185
Department of Health,NHS Bolton CCG,2/28/2019,C&M-PMS QOF Aspiration,PRC DELEGATED CO-COMMISSIONING,SWAN LANE MEDICAL CENTRE,25930215,"6,675.12 ",,WIG000030185
Department of Health,NHS Bolton CCG,2/28/2019,Hcare Srv Rec Fdtn Trust-Contract Baseline,ACUTE COMMISSIONING,WRIGHTINGTON WIGAN & LEIGH NHS FOUNDATION TRUST,25909192,"475,213.00 ",GB654951509,55585255
,,,,,,,,,
,,,,,,,,,
,,,,,,,,,
,,,,,,,,,
,,,,,,,,,
,,,,,,,,,
,,,,,,,,,
,,,,,,,,,
,,,,,,,,,
,,,,,,,,,
,,,,,,,,,
,,,,,,,,,
,,,,,,,,,
,,,,,,,,,
,,,,,,,,,
,,,,,,,,,
,,,,,,,,,
,,,,,,,,,
,,,,,,,,,
,,,,,,,,,
,,,,,,,,,
,,,,,,,,,
,,,,,,,,,
,,,,,,,,,
,,,,,,,,,
,,,,,,,,,
,,,,,,,,,
,,,,,,,,,
,,,,,,,,,
,,,,,,,,,
,,,,,,,,,
,,,,,,,,,
,,,,,,,,,
,,,,,,,,,
,,,,,,,,,
,,,,,,,,,
,,,,,,,,,
,,,,,,,,,
,,,,,,,,,
,,,,,,,,,
,,,,,,,,,
,,,,,,,,,
,,,,,,,,,
,,,,,,,,,
,,,,,,,,,
,,,,,,,,,
,,,,,,,,,
,,,,,,,,,
,,,,,,,,,
,,,,,,,,,
,,,,,,,,,
,,,,,,,,,
,,,,,,,,,
,,,,,,,,,
,,,,,,,,,
,,,,,,,,,
,,,,,,,,,
,,,,,,,,,
,,,,,,,,,
,,,,,,,,,
,,,,,,,,,
,,,,,,,,,
,,,,,,,,,
,,,,,,,,,
,,,,,,,,,
,,,,,,,,,
,,,,,,,,,
,,,,,,,,,
,,,,,,,,,
,,,,,,,,,
,,,,,,,,,
,,,,,,,,,
,,,,,,,,,
,,,,,,,,,
,,,,,,,,,
,,,,,,,,,
,,,,,,,,,
,,,,,,,,,
,,,,,,,,,
,,,,,,,,,
,,,,,,,,,
,,,,,,,,,
,,,,,,,,,
,,,,,,,,,
,,,,,,,,,
,,,,,,,,,
,,,,,,,,,
,,,,,,,,,
,,,,,,,,,
,,,,,,,,,
,,,,,,,,,
,,,,,,,,,
,,,,,,,,,
,,,,,,,,,
,,,,,,,,,
,,,,,,,,,
,,,,,,,,,
,,,,,,,,,
,,,,,,,,,
,,,,,,,,,
,,,,,,,,,
,,,,,,,,,
,,,,,,,,,
,,,,,,,,,
,,,,,,,,,
,,,,,,,,,
,,,,,,,,,
,,,,,,,,,
,,,,,,,,,
,,,,,,,,,
,,,,,,,,,
,,,,,,,,,
,,,,,,,,,
,,,,,,,,,
,,,,,,,,,
,,,,,,,,,
,,,,,,,,,
,,,,,,,,,
,,,,,,,,,
,,,,,,,,,
,,,,,,,,,
,,,,,,,,,
,,,,,,,,,
,,,,,,,,,
,,,,,,,,,
,,,,,,,,,
,,,,,,,,,
,,,,,,,,,
,,,,,,,,,
,,,,,,,,,
,,,,,,,,,
,,,,,,,,,
,,,,,,,,,
,,,,,,,,,
,,,,,,,,,
,,,,,,,,,
,,,,,,,,,
,,,,,,,,,
,,,,,,,,,
,,,,,,,,,
,,,,,,,,,
,,,,,,,,,
,,,,,,,,,
,,,,,,,,,
,,,,,,,,,
,,,,,,,,,
,,,,,,,,,
,,,,,,,,,
,,,,,,,,,
,,,,,,,,,
,,,,,,,,,
,,,,,,,,,
