,,,,,,,,,
"Expenditure above �25,000.00",,,,,,,,,
,,,,,,,,,
Department family,Entity,Date,Expense Type,Expense area,Supplier,Transaction number,AP Amount (�),VAT registration number,Purchase invoice number
Department of Health,NHS Bolton CCG,1/31/2019,Cont Care- Adult 100% Fully Funded,CHC ADULT FULLY FUNDED,ABBEY HEALTH CARE (FARNWORTH) LTD,25493080,"41,831.61 ",,6031
Department of Health,NHS Bolton CCG,1/31/2019,Cont Care-Funded Nursing Care Allow,FUNDED NURSING CARE,ABBEY HEALTH CARE (FARNWORTH) LTD,25493080,"12,801.36 ",,6031
Department of Health,NHS Bolton CCG,1/31/2019,Cont Care- Adult 100% Fully Funded,CHC ADULT FULLY FUNDED,ADVINIA HEALTH CARE LTD,25584843,"68,532.40 ",,MLV057848TOMLV057868
Department of Health,NHS Bolton CCG,1/31/2019,Cont Care- Adult 100% Fully Funded,CHC ADULT FULLY FUNDED,ADVINIA HEALTH CARE LTD,25679449,"73,830.99 ",,MLV058052TOMLV058075
Department of Health,NHS Bolton CCG,1/31/2019,Clinical&Medical-Voluntary Sector,NON RECURRENT PROGRAMMES,AGE UK BOLTON,25660553,"32,506.94 ",,281
Department of Health,NHS Bolton CCG,1/31/2019,C&M-PMS LES Triple Aim,LOCAL ENHANCED SERVICES,ALASTAIR ROSS MEDICAL PRACTICE,25472282,"28,480.00 ",,104982-07-JAN-2019
Department of Health,NHS Bolton CCG,1/31/2019,C&M-PMS Contract Value,PRC DELEGATED CO-COMMISSIONING,ALASTAIR ROSS MEDICAL PRACTICE,25486679,"47,816.96 ",,WIG000029777
Department of Health,NHS Bolton CCG,1/31/2019,C&M-PMS Funding Differential Review,PRC DELEGATED CO-COMMISSIONING,ALASTAIR ROSS MEDICAL PRACTICE,25486679,584.01 ,,WIG000029777
Department of Health,NHS Bolton CCG,1/31/2019,C&M-PMS QOF Aspiration,PRC DELEGATED CO-COMMISSIONING,ALASTAIR ROSS MEDICAL PRACTICE,25486679,"4,775.76 ",,WIG000029777
Department of Health,NHS Bolton CCG,1/31/2019,Clinical&Medical-Voluntary Sector,MENTAL HEALTH CONTRACTS,ALTERNATIVE FUTURES GROUP,25510392,"99,871.28 ",,AFSI060734
Department of Health,NHS Bolton CCG,1/31/2019,Cont Care- Adult 100% Fully Funded,CHC ADULT FULLY FUNDED,ASTLEY GRANGE HOMES LTD,25490772,"28,731.08 ",,062
Department of Health,NHS Bolton CCG,1/31/2019,Cont Care-Funded Nursing Care Allow,FUNDED NURSING CARE,ASTLEY GRANGE HOMES LTD,25490772,"3,681.86 ",,062
Department of Health,NHS Bolton CCG,1/31/2019,Clinical&Medical-Independent Sector,COMMISSIONING SCHEMES,AT TRAINING SERVICES LTD T/A AT LEARNING,25430651,"55,080.44 ",250397995,EZDOC0323B
Department of Health,NHS Bolton CCG,1/31/2019,Clinical&Medical-Independent Sector,OUT OF HOURS,BARDOC,25554567,"374,958.00 ",,7733
Department of Health,NHS Bolton CCG,1/31/2019,Clinical&Medical-Independent Sector,ACUTE COMMISSIONING,BMI HEALTHCARE LTD,25554443,"626,480.76 ",GB235134980,0000101290
Department of Health,NHS Bolton CCG,1/31/2019,Clinical&Medical-Independent Sector,ACUTE COMMISSIONING,BMI HEALTHCARE LTD,25619816,"37,160.74 ",GB235134980,0000101915
Department of Health,NHS Bolton CCG,1/31/2019,Clinical&Medical-Independent Sector,ACUTE COMMISSIONING,BMI HEALTHCARE LTD,25622249,"68,502.02 ",GB235134980,0000102644
Department of Health,NHS Bolton CCG,1/31/2019,C&M-APMS LES Triple Aim,LOCAL ENHANCED SERVICES,BOLTON COMMUNITY PRACTICE,25472213,"56,772.00 ",,104992-07-JAN-2019
Department of Health,NHS Bolton CCG,1/31/2019,C&M-APMS Contract Value,PRC DELEGATED CO-COMMISSIONING,BOLTON COMMUNITY PRACTICE,25480974,"92,519.60 ",,WIG000029719
Department of Health,NHS Bolton CCG,1/31/2019,C&M-APMS Other FDR Payment,PRC DELEGATED CO-COMMISSIONING,BOLTON COMMUNITY PRACTICE,25480974,"3,581.50 ",,WIG000029719
Department of Health,NHS Bolton CCG,1/31/2019,C&M-APMS Prem Service Charges,PRC DELEGATED CO-COMMISSIONING,BOLTON COMMUNITY PRACTICE,25480974,"10,094.67 ",,WIG000029719
Department of Health,NHS Bolton CCG,1/31/2019,C&M-PMS QOF Aspiration,PRC DELEGATED CO-COMMISSIONING,BOLTON COMMUNITY PRACTICE,25480974,"9,575.71 ",,WIG000029719
Department of Health,NHS Bolton CCG,1/31/2019,ME - PMS GP Prior Year ERs,PRC DELEGATED CO-COMMISSIONING,BOLTON COMMUNITY PRACTICE,25480974,33.42 ,,WIG000029719
Department of Health,NHS Bolton CCG,1/31/2019,ME-PMS GP Prior Year EEs,PRC DELEGATED CO-COMMISSIONING,BOLTON COMMUNITY PRACTICE,25480974,"1,534.20 ",,WIG000029719
Department of Health,NHS Bolton CCG,1/31/2019,Clinical&Medical-Othe Public Sector,PROGRAMME PROJECTS,BOLTON COUNCIL,25410956,"1,462,760.08 ",,003023398600136183
Department of Health,NHS Bolton CCG,1/31/2019,Clinical&Medical-Othe Public Sector,PROGRAMME PROJECTS,BOLTON COUNCIL,25410958,"1,462,760.08 ",,003023398600136182
Department of Health,NHS Bolton CCG,1/31/2019,Clinical&Medical-Othe Public Sector,MENTAL HEALTH SERVICES - ADULTS,BOLTON COUNCIL,25490870,"(50,309.54)",,003023398600136201
Department of Health,NHS Bolton CCG,1/31/2019,Clinical&Medical-Othe Public Sector,NON RECURRENT PROGRAMMES,BOLTON COUNCIL,25510459,"54,232.00 ",,003023398600136200
Department of Health,NHS Bolton CCG,1/31/2019,Clinical&Medical-Othe Public Sector,CHILD AND ADOLESCENT MENTAL HEALTH,BOLTON COUNCIL,25584823,"50,000.00 ",,003023398600134897
Department of Health,NHS Bolton CCG,1/31/2019,Clinical&Medical-Othe Public Sector,CHILD AND ADOLESCENT MENTAL HEALTH,BOLTON COUNCIL,25584889,"(50,000.00)",,003023398600136198
Department of Health,NHS Bolton CCG,1/31/2019,Cont Care-Funded Nursing Care Allow,FUNDED NURSING CARE,BOLTON COUNCIL,25586519,"100,000.00 ",,105008-14-JAN-2019
Department of Health,NHS Bolton CCG,1/31/2019,Cont Care-Funded Nursing Care Allow,FUNDED NURSING CARE,BOLTON COUNCIL,25586520,"100,000.00 ",,105009-14-JAN-2019
Department of Health,NHS Bolton CCG,1/31/2019,Cont Care-Funded Nursing Care Allow,FUNDED NURSING CARE,BOLTON COUNCIL,25586521,"100,000.00 ",,105013-14-JAN-2019
Department of Health,NHS Bolton CCG,1/31/2019,Cont Care-Funded Nursing Care Allow,FUNDED NURSING CARE,BOLTON COUNCIL,25586522,"100,000.00 ",,105011-14-JAN-2019
Department of Health,NHS Bolton CCG,1/31/2019,Cont Care-Funded Nursing Care Allow,FUNDED NURSING CARE,BOLTON COUNCIL,25586523,"100,000.00 ",,105010-14-JAN-2019
Department of Health,NHS Bolton CCG,1/31/2019,Clinical&Medical-Othe Public Sector,LEARNING DIFFICULTIES,BOLTON COUNCIL,25739066,"398,884.49 ",,003023398600136787
Department of Health,NHS Bolton CCG,1/31/2019,Cont Care-Learning Disab(<65),CHC ADULT FULLY FUNDED,BOLTON COUNCIL,25739075,"55,064.85 ",,003023398600136790
Department of Health,NHS Bolton CCG,1/31/2019,Clinical&Medical-Othe Public Sector,NON RECURRENT PROGRAMMES,BOLTON COUNCIL,25739258,"54,232.00 ",,003023398600136810
Department of Health,NHS Bolton CCG,1/31/2019,Clinical&Medical-Othe Public Sector,NON RECURRENT PROGRAMMES,BOLTON COUNCIL,25739263,"62,500.00 ",,003023398600136813
Department of Health,NHS Bolton CCG,1/31/2019,Clinical&Medical-Othe Public Sector,LEARNING DIFFICULTIES,BOLTON COUNCIL,25739268,"637,554.00 ",,003023398600136812
Department of Health,NHS Bolton CCG,1/31/2019,Clinical&Medical-Othe Public Sector,PROGRAMME PROJECTS,BOLTON COUNCIL,25772179,"1,462,760.08 ",,003023398600136808
Department of Health,NHS Bolton CCG,1/31/2019,Clinical&Medical-Voluntary Sector,NON RECURRENT PROGRAMMES,BOLTON CVS,25797510,"57,781.00 ",,INV1719506
Department of Health,NHS Bolton CCG,1/31/2019,C&M-GMS Global Sum,PRC DELEGATED CO-COMMISSIONING,BOLTON GP PARTNERSHIP LTD,25472275,"25,018.00 ",,104995-07-JAN-2019
Department of Health,NHS Bolton CCG,1/31/2019,C&M-GMS Global Sum,PRC DELEGATED CO-COMMISSIONING,BOLTON GP PARTNERSHIP LTD,25472277,"44,960.00 ",,104946-07-JAN-2019
Department of Health,NHS Bolton CCG,1/31/2019,C&M-GMS MPIG Correction Factor,PRC DELEGATED CO-COMMISSIONING,BOLTON GP PARTNERSHIP LTD,25472277,"1,038.00 ",,104946-07-JAN-2019
Department of Health,NHS Bolton CCG,1/31/2019,C&M-GMS QOF Aspiration,PRC DELEGATED CO-COMMISSIONING,BOLTON GP PARTNERSHIP LTD,25472277,"3,495.00 ",,104946-07-JAN-2019
Department of Health,NHS Bolton CCG,1/31/2019,Clinical&Medical-Voluntary Sector,HOSPICES,BOLTON HOSPICE,25467553,"45,732.50 ",,1791
Department of Health,NHS Bolton CCG,1/31/2019,Legal / Prof Fees,RECHARGES NHS PROPERTY SERVICES LTD,BRAHM LIFT LTD,25586679,"278,584.00 ",,SI10530
Department of Health,NHS Bolton CCG,1/31/2019,Hcare Srv Rec Fdtn Trust-Contract Baseline,MENTAL HEALTH CONTRACTS,CHESHIRE AND WIRRAL PARTNERSHIP NHS FOUNDATION TRUST,25510232,"25,647.16 ",654951901,8710023220
Department of Health,NHS Bolton CCG,1/31/2019,Hcare Srv Rec Fdtn Trust-Contract Baseline,MENTAL HEALTH CONTRACTS,CHESHIRE AND WIRRAL PARTNERSHIP NHS FOUNDATION TRUST,25554600,"25,647.16 ",654951901,8710023582
Department of Health,NHS Bolton CCG,1/31/2019,Hcare Srv Rec Fdtn Trust-Contract Baseline,ACUTE COMMISSIONING,CHRISTIE HOSPITAL NHS FOUNDATION TRUST,25554534,"132,882.08 ",GB 654916118,31654
Department of Health,NHS Bolton CCG,1/31/2019,Hcare Srv Rec Fdtn Trust-Over/ Under Performance,ACUTE COMMISSIONING,CHRISTIE HOSPITAL NHS FOUNDATION TRUST,25797552,"29,646.96 ",GB 654916118,28253
Department of Health,NHS Bolton CCG,1/31/2019,Non-PFI Oprtng Lease-Bldgs-Lease Rent,HOSPICES,COMMUNITY HEALTH PARTNERSHIPS LTD,25627281,"2,210.59 ",GB782562113,0060082880
Department of Health,NHS Bolton CCG,1/31/2019,Voids and Subsidies,PRC DELEGATED CO-COMMISSIONING,COMMUNITY HEALTH PARTNERSHIPS LTD,25627281,"29,006.29 ",GB782562113,0060082880
Department of Health,NHS Bolton CCG,1/31/2019,Voids and Subsidies,RECHARGES NHS PROPERTY SERVICES LTD,COMMUNITY HEALTH PARTNERSHIPS LTD,25627281,469.16 ,GB782562113,0060082880
Department of Health,NHS Bolton CCG,1/31/2019,Non-PFI Oprtng Lease-Bldgs-Lease Rent,HOSPICES,COMMUNITY HEALTH PARTNERSHIPS LTD,25627283,"2,210.59 ",GB782562113,0060088083
Department of Health,NHS Bolton CCG,1/31/2019,Voids and Subsidies,PRC DELEGATED CO-COMMISSIONING,COMMUNITY HEALTH PARTNERSHIPS LTD,25627283,"29,006.29 ",GB782562113,0060088083
Department of Health,NHS Bolton CCG,1/31/2019,Voids and Subsidies,RECHARGES NHS PROPERTY SERVICES LTD,COMMUNITY HEALTH PARTNERSHIPS LTD,25627283,469.16 ,GB782562113,0060088083
Department of Health,NHS Bolton CCG,1/31/2019,Non-PFI Oprtng Lease-Bldgs-Lease Rent,HOSPICES,COMMUNITY HEALTH PARTNERSHIPS LTD,25627286,"2,210.59 ",GB782562113,0060090381
Department of Health,NHS Bolton CCG,1/31/2019,Programme Support Costs,PRC DELEGATED CO-COMMISSIONING,COMMUNITY HEALTH PARTNERSHIPS LTD,25627286,"29,006.29 ",GB782562113,0060090381
Department of Health,NHS Bolton CCG,1/31/2019,Voids and Subsidies,RECHARGES NHS PROPERTY SERVICES LTD,COMMUNITY HEALTH PARTNERSHIPS LTD,25627286,469.16 ,GB782562113,0060090381
Department of Health,NHS Bolton CCG,1/31/2019,Non-PFI Oprtng Lease-Bldgs-Lease Rent,HOSPICES,COMMUNITY HEALTH PARTNERSHIPS LTD,25627320,"2,210.59 ",GB782562113,0060094378
Department of Health,NHS Bolton CCG,1/31/2019,Programme Support Costs,PRC DELEGATED CO-COMMISSIONING,COMMUNITY HEALTH PARTNERSHIPS LTD,25627320,"29,006.29 ",GB782562113,0060094378
Department of Health,NHS Bolton CCG,1/31/2019,Voids and Subsidies,RECHARGES NHS PROPERTY SERVICES LTD,COMMUNITY HEALTH PARTNERSHIPS LTD,25627320,469.16 ,GB782562113,0060094378
Department of Health,NHS Bolton CCG,1/31/2019,Cont Care-Physical Disab (<65),CHC ADULT FULLY FUNDED,COMPLETE CARE HOLDINGS LTD,25660439,"25,200.00 ",270 0600 50,CG9703
Department of Health,NHS Bolton CCG,1/31/2019,C&M-GMS LES Triple Aim,LOCAL ENHANCED SERVICES,DALEFIELD SURGERY,25472216,"30,302.00 ",,104953-07-JAN-2019
Department of Health,NHS Bolton CCG,1/31/2019,C&M-GMS DES Minor Surgery,PRC DELEGATED CO-COMMISSIONING,DALEFIELD SURGERY,25480976,346.88 ,,WIG000029721
Department of Health,NHS Bolton CCG,1/31/2019,C&M-GMS Global Sum,PRC DELEGATED CO-COMMISSIONING,DALEFIELD SURGERY,25480976,"50,679.70 ",,WIG000029721
Department of Health,NHS Bolton CCG,1/31/2019,C&M-GMS QOF Aspiration,PRC DELEGATED CO-COMMISSIONING,DALEFIELD SURGERY,25480976,"5,817.81 ",,WIG000029721
Department of Health,NHS Bolton CCG,1/31/2019,C&M-GMS Global Sum,PRC DELEGATED CO-COMMISSIONING,DR A KUMAR,25480980,"25,340.75 ",,WIG000029725
Department of Health,NHS Bolton CCG,1/31/2019,C&M-GMS MPIG Correction Factor,PRC DELEGATED CO-COMMISSIONING,DR A KUMAR,25480980,175.11 ,,WIG000029725
Department of Health,NHS Bolton CCG,1/31/2019,C&M-GMS Prem Notional Rent,PRC DELEGATED CO-COMMISSIONING,DR A KUMAR,25480980,"4,291.66 ",,WIG000029725
Department of Health,NHS Bolton CCG,1/31/2019,C&M-GMS QOF Aspiration,PRC DELEGATED CO-COMMISSIONING,DR A KUMAR,25480980,"2,217.31 ",,WIG000029725
Department of Health,NHS Bolton CCG,1/31/2019,C&M-PMS Contract Value,PRC DELEGATED CO-COMMISSIONING,DR C HALLIKERI,25483986,"30,356.56 ",,WIG000029731
Department of Health,NHS Bolton CCG,1/31/2019,C&M-PMS Funding Differential Review,PRC DELEGATED CO-COMMISSIONING,DR C HALLIKERI,25483986,410.23 ,,WIG000029731
Department of Health,NHS Bolton CCG,1/31/2019,C&M-PMS PCO Other,PRC DELEGATED CO-COMMISSIONING,DR C HALLIKERI,25483986,"2,858.00 ",,WIG000029731
Department of Health,NHS Bolton CCG,1/31/2019,C&M-PMS QOF Aspiration,PRC DELEGATED CO-COMMISSIONING,DR C HALLIKERI,25483986,"3,139.15 ",,WIG000029731
Department of Health,NHS Bolton CCG,1/31/2019,C&M-GMS Global Sum,PRC DELEGATED CO-COMMISSIONING,DR C HENDY & PARTNER,25483988,"34,468.53 ",,WIG000029733
Department of Health,NHS Bolton CCG,1/31/2019,C&M-GMS MPIG Correction Factor,PRC DELEGATED CO-COMMISSIONING,DR C HENDY & PARTNER,25483988,91.11 ,,WIG000029733
Department of Health,NHS Bolton CCG,1/31/2019,C&M-GMS Prem Notional Rent,PRC DELEGATED CO-COMMISSIONING,DR C HENDY & PARTNER,25483988,"2,513.50 ",,WIG000029733
Department of Health,NHS Bolton CCG,1/31/2019,C&M-GMS QOF Aspiration,PRC DELEGATED CO-COMMISSIONING,DR C HENDY & PARTNER,25483988,"3,466.88 ",,WIG000029733
Department of Health,NHS Bolton CCG,1/31/2019,C&M-GMS DES Minor Surgery,PRC DELEGATED CO-COMMISSIONING,DR C R BARUA,25483984,390.24 ,,WIG000029729
Department of Health,NHS Bolton CCG,1/31/2019,C&M-GMS Global Sum,PRC DELEGATED CO-COMMISSIONING,DR C R BARUA,25483984,"27,569.78 ",,WIG000029729
Department of Health,NHS Bolton CCG,1/31/2019,C&M-GMS PCO Other,PRC DELEGATED CO-COMMISSIONING,DR C R BARUA,25483984,"2,389.00 ",,WIG000029729
Department of Health,NHS Bolton CCG,1/31/2019,C&M-GMS QOF Aspiration,PRC DELEGATED CO-COMMISSIONING,DR C R BARUA,25483984,"2,821.23 ",,WIG000029729
Department of Health,NHS Bolton CCG,1/31/2019,C&M-GMS LES Triple Aim,LOCAL ENHANCED SERVICES,DR COUNSELL & PARTNERS,25472286,"32,992.00 ",,104948-07-JAN-2019
Department of Health,NHS Bolton CCG,1/31/2019,C&M-GMS DES Minor Surgery,PRC DELEGATED CO-COMMISSIONING,DR COUNSELL & PARTNERS,25486676,"1,040.64 ",,WIG000029761
Department of Health,NHS Bolton CCG,1/31/2019,C&M-GMS Global Sum,PRC DELEGATED CO-COMMISSIONING,DR COUNSELL & PARTNERS,25486676,"58,000.96 ",,WIG000029761
Department of Health,NHS Bolton CCG,1/31/2019,C&M-GMS MPIG Correction Factor,PRC DELEGATED CO-COMMISSIONING,DR COUNSELL & PARTNERS,25486676,"1,081.09 ",,WIG000029761
Department of Health,NHS Bolton CCG,1/31/2019,C&M-GMS QOF Aspiration,PRC DELEGATED CO-COMMISSIONING,DR COUNSELL & PARTNERS,25486676,"5,899.87 ",,WIG000029761
Department of Health,NHS Bolton CCG,1/31/2019,C&M-GMS GP Statutory Levy,PRC DELEGATED CO-COMMISSIONING,DR D A WALL & PARTNERS,25483989,(245.17),,WIG000029734
Department of Health,NHS Bolton CCG,1/31/2019,C&M-GMS Voluntary Levy,PRC DELEGATED CO-COMMISSIONING,DR D A WALL & PARTNERS,25483989,(66.87),,WIG000029734
Department of Health,NHS Bolton CCG,1/31/2019,ME - GMS TPS Added Years Adj EEs,PRC DELEGATED CO-COMMISSIONING,DR D A WALL & PARTNERS,25483989,"(1,244.75)",,WIG000029734
Department of Health,NHS Bolton CCG,1/31/2019,ME-GMS GP Pension EEs,PRC DELEGATED CO-COMMISSIONING,DR D A WALL & PARTNERS,25483989,"(11,754.78)",,WIG000029734
Department of Health,NHS Bolton CCG,1/31/2019,ME-GMS GP Pension ERs Adjustments,PRC DELEGATED CO-COMMISSIONING,DR D A WALL & PARTNERS,25483989,"(11,935.05)",,WIG000029734
Department of Health,NHS Bolton CCG,1/31/2019,C&M-GMS Global Sum,PRC DELEGATED CO-COMMISSIONING,DR D A WALL & PARTNERS,25483990,"103,278.51 ",,WIG000029735
Department of Health,NHS Bolton CCG,1/31/2019,C&M-GMS Prem Notional Rent,PRC DELEGATED CO-COMMISSIONING,DR D A WALL & PARTNERS,25483990,"4,833.33 ",,WIG000029735
Department of Health,NHS Bolton CCG,1/31/2019,C&M-GMS QOF Aspiration,PRC DELEGATED CO-COMMISSIONING,DR D A WALL & PARTNERS,25483990,"10,965.58 ",,WIG000029735
Department of Health,NHS Bolton CCG,1/31/2019,C&M-PMS Contract Value,PRC DELEGATED CO-COMMISSIONING,DR EM PERRY,25486674,"27,441.67 ",,WIG000029759
Department of Health,NHS Bolton CCG,1/31/2019,C&M-PMS Funding Differential Review,PRC DELEGATED CO-COMMISSIONING,DR EM PERRY,25486674,673.63 ,,WIG000029759
Department of Health,NHS Bolton CCG,1/31/2019,C&M-PMS Prem Notional Rent,PRC DELEGATED CO-COMMISSIONING,DR EM PERRY,25486674,"1,816.67 ",,WIG000029759
Department of Health,NHS Bolton CCG,1/31/2019,C&M-PMS QOF Aspiration,PRC DELEGATED CO-COMMISSIONING,DR EM PERRY,25486674,"2,971.52 ",,WIG000029759
Department of Health,NHS Bolton CCG,1/31/2019,C&M-GMS Global Sum,PRC DELEGATED CO-COMMISSIONING,DR G MCLARDY & PARTNERS,25483994,"26,242.68 ",,WIG000029739
Department of Health,NHS Bolton CCG,1/31/2019,C&M-GMS MPIG Correction Factor,PRC DELEGATED CO-COMMISSIONING,DR G MCLARDY & PARTNERS,25483994,413.01 ,,WIG000029739
Department of Health,NHS Bolton CCG,1/31/2019,C&M-GMS Prem Notional Rent,PRC DELEGATED CO-COMMISSIONING,DR G MCLARDY & PARTNERS,25483994,"2,261.50 ",,WIG000029739
Department of Health,NHS Bolton CCG,1/31/2019,C&M-GMS QOF Aspiration,PRC DELEGATED CO-COMMISSIONING,DR G MCLARDY & PARTNERS,25483994,"3,287.28 ",,WIG000029739
Department of Health,NHS Bolton CCG,1/31/2019,C&M-GMS LES Triple Aim,LOCAL ENHANCED SERVICES,DR J A L KIRBY & PARTNERS,25472223,"27,669.00 ",,104955-07-JAN-2019
Department of Health,NHS Bolton CCG,1/31/2019,C&M-GMS DES Minor Surgery,PRC DELEGATED CO-COMMISSIONING,DR J A L KIRBY & PARTNERS,25483992,563.68 ,,WIG000029737
Department of Health,NHS Bolton CCG,1/31/2019,C&M-GMS Global Sum,PRC DELEGATED CO-COMMISSIONING,DR J A L KIRBY & PARTNERS,25483992,"48,736.64 ",,WIG000029737
Department of Health,NHS Bolton CCG,1/31/2019,C&M-GMS MPIG Correction Factor,PRC DELEGATED CO-COMMISSIONING,DR J A L KIRBY & PARTNERS,25483992,739.75 ,,WIG000029737
Department of Health,NHS Bolton CCG,1/31/2019,C&M-GMS QOF Aspiration,PRC DELEGATED CO-COMMISSIONING,DR J A L KIRBY & PARTNERS,25483992,"4,883.06 ",,WIG000029737
Department of Health,NHS Bolton CCG,1/31/2019,C&M-PMS Contract Value,PRC DELEGATED CO-COMMISSIONING,DR J LEACH,25485762,"21,189.45 ",,WIG000029804
Department of Health,NHS Bolton CCG,1/31/2019,C&M-PMS DES Minor Surgery,PRC DELEGATED CO-COMMISSIONING,DR J LEACH,25485762,433.60 ,,WIG000029804
Department of Health,NHS Bolton CCG,1/31/2019,C&M-PMS Funding Differential Review,PRC DELEGATED CO-COMMISSIONING,DR J LEACH,25485762,648.05 ,,WIG000029804
Department of Health,NHS Bolton CCG,1/31/2019,C&M-PMS Prem Notional Rent,PRC DELEGATED CO-COMMISSIONING,DR J LEACH,25485762,"1,538.83 ",,WIG000029804
Department of Health,NHS Bolton CCG,1/31/2019,C&M-PMS QOF Aspiration,PRC DELEGATED CO-COMMISSIONING,DR J LEACH,25485762,"2,175.83 ",,WIG000029804
Department of Health,NHS Bolton CCG,1/31/2019,C&M-PMS LES Triple Aim,LOCAL ENHANCED SERVICES,DR J LOWE & PARTNERS,25472224,"31,383.00 ",,104987-07-JAN-2019
Department of Health,NHS Bolton CCG,1/31/2019,C&M-PMS Contract Value,PRC DELEGATED CO-COMMISSIONING,DR J LOWE & PARTNERS,25483996,"49,305.55 ",,WIG000029741
Department of Health,NHS Bolton CCG,1/31/2019,C&M-PMS Funding Differential Review,PRC DELEGATED CO-COMMISSIONING,DR J LOWE & PARTNERS,25483996,398.12 ,,WIG000029741
Department of Health,NHS Bolton CCG,1/31/2019,C&M-PMS Prem Notional Rent,PRC DELEGATED CO-COMMISSIONING,DR J LOWE & PARTNERS,25483996,"4,041.67 ",,WIG000029741
Department of Health,NHS Bolton CCG,1/31/2019,C&M-PMS QOF Aspiration,PRC DELEGATED CO-COMMISSIONING,DR J LOWE & PARTNERS,25483996,"5,164.37 ",,WIG000029741
Department of Health,NHS Bolton CCG,1/31/2019,C&M-PMS LES Triple Aim,LOCAL ENHANCED SERVICES,DR J P NAGLE & PARTNERS,25472225,"87,095.00 ",,104985-07-JAN-2019
Department of Health,NHS Bolton CCG,1/31/2019,C&M-PMS GP Statutory Levy,PRC DELEGATED CO-COMMISSIONING,DR J P NAGLE & PARTNERS,25483997,(370.52),,WIG000029742
Department of Health,NHS Bolton CCG,1/31/2019,C&M-PMS Voluntary Levy,PRC DELEGATED CO-COMMISSIONING,DR J P NAGLE & PARTNERS,25483997,(101.05),,WIG000029742
Department of Health,NHS Bolton CCG,1/31/2019,ME-PMS GP Pension EEs-PMS,PRC DELEGATED CO-COMMISSIONING,DR J P NAGLE & PARTNERS,25483997,"(14,587.34)",,WIG000029742
Department of Health,NHS Bolton CCG,1/31/2019,ME-PMS GP Pension ERs Adjs - PMS,PRC DELEGATED CO-COMMISSIONING,DR J P NAGLE & PARTNERS,25483997,"(15,122.99)",,WIG000029742
Department of Health,NHS Bolton CCG,1/31/2019,C&M-PMS Contract Value,PRC DELEGATED CO-COMMISSIONING,DR J P NAGLE & PARTNERS,25483998,"144,670.84 ",,WIG000029743
Department of Health,NHS Bolton CCG,1/31/2019,C&M-PMS Funding Differential Review,PRC DELEGATED CO-COMMISSIONING,DR J P NAGLE & PARTNERS,25483998,"1,460.89 ",,WIG000029743
Department of Health,NHS Bolton CCG,1/31/2019,C&M-PMS Prem Notional Rent,PRC DELEGATED CO-COMMISSIONING,DR J P NAGLE & PARTNERS,25483998,"7,349.58 ",,WIG000029743
Department of Health,NHS Bolton CCG,1/31/2019,C&M-PMS QOF Aspiration,PRC DELEGATED CO-COMMISSIONING,DR J P NAGLE & PARTNERS,25483998,"17,221.90 ",,WIG000029743
Department of Health,NHS Bolton CCG,1/31/2019,ME - PMS GP Prior Year ERs,PRC DELEGATED CO-COMMISSIONING,DR J P NAGLE & PARTNERS,25483998,"1,808.41 ",,WIG000029743
Department of Health,NHS Bolton CCG,1/31/2019,ME-PMS GP Prior Year EEs,PRC DELEGATED CO-COMMISSIONING,DR J P NAGLE & PARTNERS,25483998,"1,833.70 ",,WIG000029743
Department of Health,NHS Bolton CCG,1/31/2019,C&M-PMS LES Triple Aim,LOCAL ENHANCED SERVICES,DR KJ COLEMAN & PARTNERS,25472222,"50,786.00 ",,104983-07-JAN-2019
Department of Health,NHS Bolton CCG,1/31/2019,C&M-PMS Contract Value,PRC DELEGATED CO-COMMISSIONING,DR KJ COLEMAN & PARTNERS,25484004,"92,209.55 ",,WIG000029749
Department of Health,NHS Bolton CCG,1/31/2019,C&M-PMS DES Minor Surgery,PRC DELEGATED CO-COMMISSIONING,DR KJ COLEMAN & PARTNERS,25484004,"2,298.08 ",,WIG000029749
Department of Health,NHS Bolton CCG,1/31/2019,C&M-PMS Funding Differential Review,PRC DELEGATED CO-COMMISSIONING,DR KJ COLEMAN & PARTNERS,25484004,990.15 ,,WIG000029749
Department of Health,NHS Bolton CCG,1/31/2019,C&M-PMS Prem Notional Rent,PRC DELEGATED CO-COMMISSIONING,DR KJ COLEMAN & PARTNERS,25484004,"6,959.16 ",,WIG000029749
Department of Health,NHS Bolton CCG,1/31/2019,C&M-PMS QOF Aspiration,PRC DELEGATED CO-COMMISSIONING,DR KJ COLEMAN & PARTNERS,25484004,"10,342.31 ",,WIG000029749
Department of Health,NHS Bolton CCG,1/31/2019,C&M-GMS LES Triple Aim,LOCAL ENHANCED SERVICES,DR LYON & PARTNERS,25472221,"28,942.00 ",,104954-07-JAN-2019
Department of Health,NHS Bolton CCG,1/31/2019,C&M-GMS Global Sum,PRC DELEGATED CO-COMMISSIONING,DR LYON & PARTNERS,25484006,"48,682.48 ",,WIG000029751
Department of Health,NHS Bolton CCG,1/31/2019,C&M-GMS MPIG Correction Factor,PRC DELEGATED CO-COMMISSIONING,DR LYON & PARTNERS,25484006,141.03 ,,WIG000029751
Department of Health,NHS Bolton CCG,1/31/2019,C&M-GMS QOF Aspiration,PRC DELEGATED CO-COMMISSIONING,DR LYON & PARTNERS,25484006,"6,008.40 ",,WIG000029751
Department of Health,NHS Bolton CCG,1/31/2019,C&M-PMS LES Triple Aim,LOCAL ENHANCED SERVICES,DR M S FLETCHER & PARTNERS,25472229,"41,589.00 ",,104979-07-JAN-2019
Department of Health,NHS Bolton CCG,1/31/2019,C&M-PMS Contract Value,PRC DELEGATED CO-COMMISSIONING,DR M S FLETCHER & PARTNERS,25484000,"68,512.20 ",,WIG000029745
Department of Health,NHS Bolton CCG,1/31/2019,C&M-PMS DES Learn Dsblty Hlth Chk,PRC DELEGATED CO-COMMISSIONING,DR M S FLETCHER & PARTNERS,25484000,"1,120.00 ",,WIG000029745
Department of Health,NHS Bolton CCG,1/31/2019,C&M-PMS Funding Differential Review,PRC DELEGATED CO-COMMISSIONING,DR M S FLETCHER & PARTNERS,25484000,956.16 ,,WIG000029745
Department of Health,NHS Bolton CCG,1/31/2019,C&M-PMS Prem Notional Rent,PRC DELEGATED CO-COMMISSIONING,DR M S FLETCHER & PARTNERS,25484000,"2,700.00 ",,WIG000029745
Department of Health,NHS Bolton CCG,1/31/2019,C&M-PMS QOF Aspiration,PRC DELEGATED CO-COMMISSIONING,DR M S FLETCHER & PARTNERS,25484000,"7,120.61 ",,WIG000029745
Department of Health,NHS Bolton CCG,1/31/2019,C&M-GMS Global Sum,PRC DELEGATED CO-COMMISSIONING,DR M SELVARAJAN,25484002,"21,393.70 ",,WIG000029747
Department of Health,NHS Bolton CCG,1/31/2019,C&M-GMS MPIG Correction Factor,PRC DELEGATED CO-COMMISSIONING,DR M SELVARAJAN,25484002,553.13 ,,WIG000029747
Department of Health,NHS Bolton CCG,1/31/2019,C&M-GMS Prem Notional Rent,PRC DELEGATED CO-COMMISSIONING,DR M SELVARAJAN,25484002,"3,051.67 ",,WIG000029747
Department of Health,NHS Bolton CCG,1/31/2019,C&M-GMS QOF Aspiration,PRC DELEGATED CO-COMMISSIONING,DR M SELVARAJAN,25484002,"2,181.84 ",,WIG000029747
Department of Health,NHS Bolton CCG,1/31/2019,C&M-GMS Global Sum,PRC DELEGATED CO-COMMISSIONING,DR MALHOTRA & PARTNERS,25484050,"57,323.98 ",,WIG000029794
Department of Health,NHS Bolton CCG,1/31/2019,C&M-GMS MPIG Correction Factor,PRC DELEGATED CO-COMMISSIONING,DR MALHOTRA & PARTNERS,25484050,20.60 ,,WIG000029794
Department of Health,NHS Bolton CCG,1/31/2019,C&M-GMS Prem Actual Rent,PRC DELEGATED CO-COMMISSIONING,DR MALHOTRA & PARTNERS,25484050,"3,583.34 ",,WIG000029794
Department of Health,NHS Bolton CCG,1/31/2019,C&M-GMS Prem Notional Rent,PRC DELEGATED CO-COMMISSIONING,DR MALHOTRA & PARTNERS,25484050,525.00 ,,WIG000029794
Department of Health,NHS Bolton CCG,1/31/2019,C&M-GMS QOF Aspiration,PRC DELEGATED CO-COMMISSIONING,DR MALHOTRA & PARTNERS,25484050,"5,189.42 ",,WIG000029794
Department of Health,NHS Bolton CCG,1/31/2019,C&M-PMS LES Triple Aim,LOCAL ENHANCED SERVICES,DR P A SAUL & PARTNERS,25472227,"28,986.00 ",,104980-07-JAN-2019
Department of Health,NHS Bolton CCG,1/31/2019,C&M-PMS Contract Value,PRC DELEGATED CO-COMMISSIONING,DR P A SAUL & PARTNERS,25484010,"51,861.89 ",,WIG000029755
Department of Health,NHS Bolton CCG,1/31/2019,C&M-PMS DES Minor Surgery,PRC DELEGATED CO-COMMISSIONING,DR P A SAUL & PARTNERS,25484010,520.32 ,,WIG000029755
Department of Health,NHS Bolton CCG,1/31/2019,C&M-PMS Funding Differential Review,PRC DELEGATED CO-COMMISSIONING,DR P A SAUL & PARTNERS,25484010,731.37 ,,WIG000029755
Department of Health,NHS Bolton CCG,1/31/2019,C&M-PMS Prem Notional Rent,PRC DELEGATED CO-COMMISSIONING,DR P A SAUL & PARTNERS,25484010,"3,162.50 ",,WIG000029755
Department of Health,NHS Bolton CCG,1/31/2019,C&M-PMS QOF Aspiration,PRC DELEGATED CO-COMMISSIONING,DR P A SAUL & PARTNERS,25484010,"4,882.15 ",,WIG000029755
Department of Health,NHS Bolton CCG,1/31/2019,C&M-GMS Global Sum,PRC DELEGATED CO-COMMISSIONING,DR R A HUNT & PARTNER,25484014,"33,623.14 ",,WIG000029763
Department of Health,NHS Bolton CCG,1/31/2019,C&M-GMS MPIG Correction Factor,PRC DELEGATED CO-COMMISSIONING,DR R A HUNT & PARTNER,25484014,800.20 ,,WIG000029763
Department of Health,NHS Bolton CCG,1/31/2019,C&M-GMS PCO Locum Adop/Pat/Mat,PRC DELEGATED CO-COMMISSIONING,DR R A HUNT & PARTNER,25484014,"27,746.88 ",,WIG000029763
Department of Health,NHS Bolton CCG,1/31/2019,C&M-GMS Prem Notional Rent,PRC DELEGATED CO-COMMISSIONING,DR R A HUNT & PARTNER,25484014,"2,490.09 ",,WIG000029763
Department of Health,NHS Bolton CCG,1/31/2019,C&M-GMS Prem Water Rates,PRC DELEGATED CO-COMMISSIONING,DR R A HUNT & PARTNER,25484014,"3,683.39 ",,WIG000029763
Department of Health,NHS Bolton CCG,1/31/2019,C&M-GMS QOF Aspiration,PRC DELEGATED CO-COMMISSIONING,DR R A HUNT & PARTNER,25484014,"3,339.82 ",,WIG000029763
Department of Health,NHS Bolton CCG,1/31/2019,C&M-PMS Contract Value,PRC DELEGATED CO-COMMISSIONING,DR R A M FALOUJI & PARTNER,25484016,"26,263.02 ",,WIG000029765
Department of Health,NHS Bolton CCG,1/31/2019,C&M-PMS DES Learn Dsblty Hlth Chk,PRC DELEGATED CO-COMMISSIONING,DR R A M FALOUJI & PARTNER,25484016,980.00 ,,WIG000029765
Department of Health,NHS Bolton CCG,1/31/2019,C&M-PMS Funding Differential Review,PRC DELEGATED CO-COMMISSIONING,DR R A M FALOUJI & PARTNER,25484016,"2,042.43 ",,WIG000029765
Department of Health,NHS Bolton CCG,1/31/2019,C&M-PMS QOF Aspiration,PRC DELEGATED CO-COMMISSIONING,DR R A M FALOUJI & PARTNER,25484016,"2,055.91 ",,WIG000029765
Department of Health,NHS Bolton CCG,1/31/2019,C&M-GMS DES Minor Surgery,PRC DELEGATED CO-COMMISSIONING,DR S KARIM & DR S JAMES-AUTHE,25485764,43.36 ,,WIG000029806
Department of Health,NHS Bolton CCG,1/31/2019,C&M-GMS Global Sum,PRC DELEGATED CO-COMMISSIONING,DR S KARIM & DR S JAMES-AUTHE,25485764,"28,767.22 ",,WIG000029806
Department of Health,NHS Bolton CCG,1/31/2019,C&M-GMS MPIG Correction Factor,PRC DELEGATED CO-COMMISSIONING,DR S KARIM & DR S JAMES-AUTHE,25485764,360.49 ,,WIG000029806
Department of Health,NHS Bolton CCG,1/31/2019,C&M-GMS Prem Notional Rent,PRC DELEGATED CO-COMMISSIONING,DR S KARIM & DR S JAMES-AUTHE,25485764,"2,560.00 ",,WIG000029806
Department of Health,NHS Bolton CCG,1/31/2019,C&M-GMS QOF Aspiration,PRC DELEGATED CO-COMMISSIONING,DR S KARIM & DR S JAMES-AUTHE,25485764,"3,162.98 ",,WIG000029806
Department of Health,NHS Bolton CCG,1/31/2019,C&M-PMS Contract Value,PRC DELEGATED CO-COMMISSIONING,DR S R GREEN & PARTNER,25484020,"35,235.65 ",,WIG000029769
Department of Health,NHS Bolton CCG,1/31/2019,C&M-PMS Funding Differential Review,PRC DELEGATED CO-COMMISSIONING,DR S R GREEN & PARTNER,25484020,994.38 ,,WIG000029769
Department of Health,NHS Bolton CCG,1/31/2019,C&M-PMS QOF Aspiration,PRC DELEGATED CO-COMMISSIONING,DR S R GREEN & PARTNER,25484020,"3,310.49 ",,WIG000029769
Department of Health,NHS Bolton CCG,1/31/2019,C&M-PMS Contract Value,PRC DELEGATED CO-COMMISSIONING,DR S S H NASEEF,25484022,"21,521.03 ",,WIG000029771
Department of Health,NHS Bolton CCG,1/31/2019,C&M-PMS Funding Differential Review,PRC DELEGATED CO-COMMISSIONING,DR S S H NASEEF,25484022,708.79 ,,WIG000029771
Department of Health,NHS Bolton CCG,1/31/2019,C&M-PMS Prem Actual Rent,PRC DELEGATED CO-COMMISSIONING,DR S S H NASEEF,25484022,"2,450.00 ",,WIG000029771
Department of Health,NHS Bolton CCG,1/31/2019,C&M-PMS QOF Aspiration,PRC DELEGATED CO-COMMISSIONING,DR S S H NASEEF,25484022,"2,379.25 ",,WIG000029771
Department of Health,NHS Bolton CCG,1/31/2019,C&M-GMS Global Sum,PRC DELEGATED CO-COMMISSIONING,DR T A WALMSLEY & PARTNERS,25484018,"38,338.25 ",,WIG000029767
Department of Health,NHS Bolton CCG,1/31/2019,C&M-GMS QOF Aspiration,PRC DELEGATED CO-COMMISSIONING,DR T A WALMSLEY & PARTNERS,25484018,"4,578.85 ",,WIG000029767
Department of Health,NHS Bolton CCG,1/31/2019,C&M-PMS LES Triple Aim,LOCAL ENHANCED SERVICES,DR TABOR & PARTNERS,25472234,"67,074.00 ",,104990-07-JAN-2019
Department of Health,NHS Bolton CCG,1/31/2019,C&M-PMS Contract Value,PRC DELEGATED CO-COMMISSIONING,DR TABOR & PARTNERS,25486681,"107,453.98 ",,WIG000029792
Department of Health,NHS Bolton CCG,1/31/2019,C&M-PMS Funding Differential Review,PRC DELEGATED CO-COMMISSIONING,DR TABOR & PARTNERS,25486681,158.19 ,,WIG000029792
Department of Health,NHS Bolton CCG,1/31/2019,C&M-PMS PCO Locum Adop/Pat/Mat,PRC DELEGATED CO-COMMISSIONING,DR TABOR & PARTNERS,25486681,"8,377.54 ",,WIG000029792
Department of Health,NHS Bolton CCG,1/31/2019,C&M-PMS Prem Notional Rent,PRC DELEGATED CO-COMMISSIONING,DR TABOR & PARTNERS,25486681,"4,525.00 ",,WIG000029792
Department of Health,NHS Bolton CCG,1/31/2019,C&M-PMS QOF Aspiration,PRC DELEGATED CO-COMMISSIONING,DR TABOR & PARTNERS,25486681,"11,356.13 ",,WIG000029792
Department of Health,NHS Bolton CCG,1/31/2019,C&M-PMS Contract Value,PRC DELEGATED CO-COMMISSIONING,DR Y LOOMBA & PARTNER BOLTON,25484024,"28,397.42 ",,WIG000029775
Department of Health,NHS Bolton CCG,1/31/2019,C&M-PMS Funding Differential Review,PRC DELEGATED CO-COMMISSIONING,DR Y LOOMBA & PARTNER BOLTON,25484024,"1,128.54 ",,WIG000029775
Department of Health,NHS Bolton CCG,1/31/2019,C&M-PMS QOF Aspiration,PRC DELEGATED CO-COMMISSIONING,DR Y LOOMBA & PARTNER BOLTON,25484024,"2,869.30 ",,WIG000029775
Department of Health,NHS Bolton CCG,1/31/2019,C&M-PMS LES Triple Aim,LOCAL ENHANCED SERVICES,DRS LIVERSEDGE MCCURDIE WONG & YOXALL,25472279,"26,381.00 ",,104984-07-JAN-2019
Department of Health,NHS Bolton CCG,1/31/2019,C&M-PMS Contract Value,PRC DELEGATED CO-COMMISSIONING,DRS LIVERSEDGE MCCURDIE WONG & YOXALL,25501998,"41,350.88 ",,WIG000029773
Department of Health,NHS Bolton CCG,1/31/2019,C&M-PMS DES Minor Surgery,PRC DELEGATED CO-COMMISSIONING,DRS LIVERSEDGE MCCURDIE WONG & YOXALL,25501998,"1,040.64 ",,WIG000029773
Department of Health,NHS Bolton CCG,1/31/2019,C&M-PMS Funding Differential Review,PRC DELEGATED CO-COMMISSIONING,DRS LIVERSEDGE MCCURDIE WONG & YOXALL,25501998,377.29 ,,WIG000029773
Department of Health,NHS Bolton CCG,1/31/2019,C&M-PMS QOF Aspiration,PRC DELEGATED CO-COMMISSIONING,DRS LIVERSEDGE MCCURDIE WONG & YOXALL,25501998,"3,523.36 ",,WIG000029773
Department of Health,NHS Bolton CCG,1/31/2019,ME-PMS GP Pension AVCs,PRC DELEGATED CO-COMMISSIONING,DRS LIVERSEDGE MCCURDIE WONG & YOXALL,25501998,"2,825.04 ",,WIG000029773
Department of Health,NHS Bolton CCG,1/31/2019,C&M-GMS LES Triple Aim,LOCAL ENHANCED SERVICES,DUNSTAN PARTNERSHIP,25472265,"47,556.00 ",,104947-07-JAN-2019
Department of Health,NHS Bolton CCG,1/31/2019,C&M-GMS Global Sum,PRC DELEGATED CO-COMMISSIONING,DUNSTAN PARTNERSHIP,25485758,"78,163.40 ",,WIG000029798
Department of Health,NHS Bolton CCG,1/31/2019,C&M-GMS MPIG Correction Factor,PRC DELEGATED CO-COMMISSIONING,DUNSTAN PARTNERSHIP,25485758,143.25 ,,WIG000029798
Department of Health,NHS Bolton CCG,1/31/2019,C&M-GMS Prem Healthcentre Rent,PRC DELEGATED CO-COMMISSIONING,DUNSTAN PARTNERSHIP,25485758,"31,671.10 ",,WIG000029798
Department of Health,NHS Bolton CCG,1/31/2019,C&M-GMS QOF Aspiration,PRC DELEGATED CO-COMMISSIONING,DUNSTAN PARTNERSHIP,25485758,"9,394.79 ",,WIG000029798
Department of Health,NHS Bolton CCG,1/31/2019,Hcare Srv Rec NHS Trust-Contract Baseline,ACUTE COMMISSIONING,EAST LANCASHIRE HOSPITALS NHS TRUST,25554523,"68,207.58 ",654913225,E0094827
Department of Health,NHS Bolton CCG,1/31/2019,Hcare Srv Rec NHS Trust-Over/ Under Performance,ACUTE COMMISSIONING,EAST LANCASHIRE HOSPITALS NHS TRUST,25619458,"(40,988.74)",654913225,K0011166
Department of Health,NHS Bolton CCG,1/31/2019,Clinical&Medical-Independent Sector,MENTAL HEALTH SERVICES - OTHER,ELYSIUM HEALTHCARE LTD,25490847,"42,764.50 ",GB257732580,BRW00127
Department of Health,NHS Bolton CCG,1/31/2019,Clinical&Medical-Independent Sector,ACUTE COMMISSIONING,EUXTON HALL HOSPITAL,25619561,"25,566.68 ",,114KJAN19BOL
Department of Health,NHS Bolton CCG,1/31/2019,C&M-GMS DES Learn Dsblty Hlth Chk,PRC DELEGATED CO-COMMISSIONING,FIG TREE MEDICAL PRACTICE,25484070,840.00 ,,WIG000029812
Department of Health,NHS Bolton CCG,1/31/2019,C&M-GMS Global Sum,PRC DELEGATED CO-COMMISSIONING,FIG TREE MEDICAL PRACTICE,25484070,"37,014.39 ",,WIG000029812
Department of Health,NHS Bolton CCG,1/31/2019,C&M-GMS QOF Aspiration,PRC DELEGATED CO-COMMISSIONING,FIG TREE MEDICAL PRACTICE,25484070,"3,626.60 ",,WIG000029812
Department of Health,NHS Bolton CCG,1/31/2019,Cont Care- Adult 100% Fully Funded,CHC ADULT FULLY FUNDED,FOUR SEASONS HEALTH CARE LTD,25622241,"50,517.48 ",927365991,CATDEC2018
Department of Health,NHS Bolton CCG,1/31/2019,Cont Care-Funded Nursing Care Allow,FUNDED NURSING CARE,FOUR SEASONS HEALTH CARE LTD,25622241,"(6,190.96)",927365991,CATDEC2018
Department of Health,NHS Bolton CCG,1/31/2019,C&M-GMS LES Triple Aim,LOCAL ENHANCED SERVICES,GARNET FOLD PRACTICE,25472237,"31,149.00 ",,104952-07-JAN-2019
Department of Health,NHS Bolton CCG,1/31/2019,C&M-GMS DES Minor Surgery,PRC DELEGATED CO-COMMISSIONING,GARNET FOLD PRACTICE,25484026,910.56 ,,WIG000029779
Department of Health,NHS Bolton CCG,1/31/2019,C&M-GMS Global Sum,PRC DELEGATED CO-COMMISSIONING,GARNET FOLD PRACTICE,25484026,"51,699.79 ",,WIG000029779
Department of Health,NHS Bolton CCG,1/31/2019,C&M-GMS Prem Notional Rent,PRC DELEGATED CO-COMMISSIONING,GARNET FOLD PRACTICE,25484026,"2,728.25 ",,WIG000029779
Department of Health,NHS Bolton CCG,1/31/2019,C&M-GMS QOF Aspiration,PRC DELEGATED CO-COMMISSIONING,GARNET FOLD PRACTICE,25484026,"5,233.20 ",,WIG000029779
Department of Health,NHS Bolton CCG,1/31/2019,Hlthcre-Foundation Trsts,MENTAL HEALTH SERVICES - ADULTS,GREATER MANCHESTER MENTAL HEALTH NHS FOUNDATION TRUST,25554612,"144,095.84 ",GB654929594,0000030692
Department of Health,NHS Bolton CCG,1/31/2019,Hcare Srv Rec Fdtn Trust-Contract Baseline,MENTAL HEALTH CONTRACTS,GREATER MANCHESTER MENTAL HEALTH NHS FOUNDATION TRUST,25554620,"2,330,352.80 ",GB654929594,0000030663
Department of Health,NHS Bolton CCG,1/31/2019,Cont Care- Adult 100% Fully Funded,CHC ADULT FULLY FUNDED,HC ONE LTD,25493064,"42,237.49 ",218770886,IFOUDEC18
Department of Health,NHS Bolton CCG,1/31/2019,Cont Care-Funded Nursing Care Allow,FUNDED NURSING CARE,HC ONE LTD,25493064,"5,762.80 ",218770886,IFOUDEC18
Department of Health,NHS Bolton CCG,1/31/2019,C&M-PMS LES Triple Aim,LOCAL ENHANCED SERVICES,HEATON MEDICAL CENTRE,25472259,"46,710.00 ",,104989-07-JAN-2019
Department of Health,NHS Bolton CCG,1/31/2019,C&M-PMS Contract Value,PRC DELEGATED CO-COMMISSIONING,HEATON MEDICAL CENTRE,25485767,"75,429.81 ",,WIG000029808
Department of Health,NHS Bolton CCG,1/31/2019,C&M-PMS DES Minor Surgery,PRC DELEGATED CO-COMMISSIONING,HEATON MEDICAL CENTRE,25485767,130.08 ,,WIG000029808
Department of Health,NHS Bolton CCG,1/31/2019,C&M-PMS Funding Differential Review,PRC DELEGATED CO-COMMISSIONING,HEATON MEDICAL CENTRE,25485767,221.24 ,,WIG000029808
Department of Health,NHS Bolton CCG,1/31/2019,C&M-PMS Prem Actual Rent,PRC DELEGATED CO-COMMISSIONING,HEATON MEDICAL CENTRE,25485767,"5,237.50 ",,WIG000029808
Department of Health,NHS Bolton CCG,1/31/2019,C&M-PMS Prem Water Rates,PRC DELEGATED CO-COMMISSIONING,HEATON MEDICAL CENTRE,25485767,710.97 ,,WIG000029808
Department of Health,NHS Bolton CCG,1/31/2019,C&M-PMS QOF Aspiration,PRC DELEGATED CO-COMMISSIONING,HEATON MEDICAL CENTRE,25485767,"8,846.89 ",,WIG000029808
Department of Health,NHS Bolton CCG,1/31/2019,Apprenticeship Levy Payable,BALANCE SHEET,HMRC,25523034,"1,124.00 ",,475PW004363741909
Department of Health,NHS Bolton CCG,1/31/2019,Income tax <1Yr,BALANCE SHEET,HMRC,25523034,"74,011.91 ",,475PW004363741909
Department of Health,NHS Bolton CCG,1/31/2019,Income tax <1Yr-Student Loans,BALANCE SHEET,HMRC,25523034,"2,188.00 ",,475PW004363741909
Department of Health,NHS Bolton CCG,1/31/2019,National Insurance < 1 yr-NI- ERS,BALANCE SHEET,HMRC,25523034,"49,566.43 ",,475PW004363741909
Department of Health,NHS Bolton CCG,1/31/2019,National Insurance < 1 yr-NI-EES,BALANCE SHEET,HMRC,25523034,"36,496.66 ",,475PW004363741909
Department of Health,NHS Bolton CCG,1/31/2019,Statutory Mat Pay < 1 yr,BALANCE SHEET,HMRC,25523034,"(1,202.13)",,475PW004363741909
Department of Health,NHS Bolton CCG,1/31/2019,C&M-GMS LES Triple Aim,LOCAL ENHANCED SERVICES,KEARSLEY MEDICAL CENTRE,25472256,"63,687.00 ",,104951-07-JAN-2019
Department of Health,NHS Bolton CCG,1/31/2019,Hcare Srv Rec Fdtn Trust-Contract Baseline,ACUTE COMMISSIONING,LANCASHIRE TEACHING HOSPITALS NHS FOUNDATION TRUST,25554451,"116,054.00 ",654937107,15321926
Department of Health,NHS Bolton CCG,1/31/2019,Hcare Srv Rec NHS Trust-Over/ Under Performance,ACUTE COMMISSIONING,LEEDS TEACHING HOSPITALS NHS TRUST,25619344,"138,469.32 ",654944112,1410107921
Department of Health,NHS Bolton CCG,1/31/2019,Hcare Srv Rec Fdtn Trust-Contract Baseline,ACUTE COMMISSIONING,MANCHESTER UNIVERSITY NHS FOUNDATION TRUST,25554455,"857,891.91 ",654415538,0000412113
Department of Health,NHS Bolton CCG,1/31/2019,Hcare Srv Rec Fdtn Trust-Contract Baseline,ACUTE COMMISSIONING,MANCHESTER UNIVERSITY NHS FOUNDATION TRUST,25772181,"857,891.92 ",654415538,0000424253
Department of Health,NHS Bolton CCG,1/31/2019,C&M-PMS IT Comm Servs -GP Practices,PRIMARY CARE IT,NHS OLDHAM CCG,25554550,"118,595.00 ",,7011705073
Department of Health,NHS Bolton CCG,1/31/2019,Charges from CSU,CORPORATE COSTS & SERVICES,NHS OLDHAM CCG,25554550,"18,214.00 ",,7011705073
Department of Health,NHS Bolton CCG,1/31/2019,Charges from CSU,CORPORATE COSTS & SERVICES,NHS OLDHAM CCG,25554557,"17,399.00 ",,7011705091
Department of Health,NHS Bolton CCG,1/31/2019,Charges from CSU,EXCEPTIONS & PRIOR APPROVALS,NHS OLDHAM CCG,25554557,"6,856.00 ",,7011705091
Department of Health,NHS Bolton CCG,1/31/2019,Charges from CSU,MEDICINES MANAGEMENT - CLINICAL,NHS OLDHAM CCG,25554557,"8,781.00 ",,7011705091
Department of Health,NHS Bolton CCG,1/31/2019,Hcare Srv Rec NHS CCG-Non Contract,NHS 111,NHS OLDHAM CCG,25554557,"1,845.00 ",,7011705091
Department of Health,NHS Bolton CCG,1/31/2019,Non-PFI Oprtng Lease-Bldgs-Lease Rent,ESTATES AND FACILITIES,NHS PROPERTY SERVICES LTD,25739323,"71,287.05 ",156725100,H161008
Department of Health,NHS Bolton CCG,1/31/2019,Voids and Subsidies,RECHARGES NHS PROPERTY SERVICES LTD,NHS PROPERTY SERVICES LTD,25739332,"30,926.49 ",156725100,H160801
Department of Health,NHS Bolton CCG,1/31/2019,Non-PFI Oprtng Lease-Bldgs-Lease Rent,ESTATES AND FACILITIES,NHS PROPERTY SERVICES LTD,25739339,"60,041.74 ",156725100,H160798
Department of Health,NHS Bolton CCG,1/31/2019,Hcare Srv Rec NHS Trust-Contract Baseline,AMBULANCE SERVICES,NORTH WEST AMBULANCE SERVICE NHS TRUST,25554561,"659,250.00 ",654435138,4110043290
Department of Health,NHS Bolton CCG,1/31/2019,Hcare Srv Rec NHS Trust-Contract Baseline,AMBULANCE SERVICES,NORTH WEST AMBULANCE SERVICE NHS TRUST,25554579,"111,966.00 ",654435138,4110043350
Department of Health,NHS Bolton CCG,1/31/2019,Hcare Srv Rec NHS Trust-Contract Baseline,NHS 111,NORTH WEST AMBULANCE SERVICE NHS TRUST,25595898,"72,374.00 ",654435138,4110043228
Department of Health,NHS Bolton CCG,1/31/2019,Hcare Srv Rec NHS Trust-Contract Baseline,NHS 111,NORTH WEST AMBULANCE SERVICE NHS TRUST,25619592,"(28,737.00)",654435138,2249
Department of Health,NHS Bolton CCG,1/31/2019,Hcare Srv Rec NHS Trust-CQUIN,AMBULANCE SERVICES,NORTH WEST AMBULANCE SERVICE NHS TRUST,25619600,"35,495.34 ",654435138,4110042800
Department of Health,NHS Bolton CCG,1/31/2019,Hcare Srv Rec NHS Trust-Contract Baseline,NHS 111,NORTH WEST AMBULANCE SERVICE NHS TRUST,25619843,"(30,831.00)",654435138,2262
Department of Health,NHS Bolton CCG,1/31/2019,Hcare Srv Rec Fdtn Trust-CQUIN,CHILD AND ADOLESCENT MENTAL HEALTH,NORTH WEST BOROUGHS HEALTHCARE NHS FOUNDATION TRUST,25554546,546.00 ,,16042438
Department of Health,NHS Bolton CCG,1/31/2019,Hcare Srv Rec Fdtn Trust-CQUIN,MENTAL HEALTH CONTRACTS,NORTH WEST BOROUGHS HEALTHCARE NHS FOUNDATION TRUST,25554546,97.00 ,,16042438
Department of Health,NHS Bolton CCG,1/31/2019,Hcare Srv Rec Fdtn Trust-Contract Baseline,CHILD AND ADOLESCENT MENTAL HEALTH,NORTH WEST BOROUGHS HEALTHCARE NHS FOUNDATION TRUST,25554546,"21,859.00 ",,16042438
Department of Health,NHS Bolton CCG,1/31/2019,Hcare Srv Rec Fdtn Trust-Contract Baseline,MENTAL HEALTH CONTRACTS,NORTH WEST BOROUGHS HEALTHCARE NHS FOUNDATION TRUST,25554546,"3,869.00 ",,16042438
Department of Health,NHS Bolton CCG,1/31/2019,Clinical&Medical-Independent Sector,LEARNING DIFFICULTIES,NORTHERN HEALTHCARE LTD,25510409,"3,764.33 ",,353
Department of Health,NHS Bolton CCG,1/31/2019,Clinical&Medical-Independent Sector,MENTAL HEALTH SERVICES - ADULTS,NORTHERN HEALTHCARE LTD,25510409,"89,914.14 ",,353
Department of Health,NHS Bolton CCG,1/31/2019,Clinical&Medical-Independent Sector,ACUTE COMMISSIONING,OAKLANDS HOSPITAL,25554421,"62,139.73 ",GB 426505170,L0950918REC
Department of Health,NHS Bolton CCG,1/31/2019,Clinical&Medical-Independent Sector,ACUTE COMMISSIONING,OAKLANDS HOSPITAL,25554480,"47,846.04 ",GB 426505170,L0950119
Department of Health,NHS Bolton CCG,1/31/2019,Clinical&Medical-Independent Sector,ACUTE COMMISSIONING,OAKLANDS HOSPITAL,25554604,"38,024.24 ",GB 426505170,L0951018REC
Department of Health,NHS Bolton CCG,1/31/2019,C&M-GMS Global Sum,PRC DELEGATED CO-COMMISSIONING,OLIVE FAMILY PRACTICE,25484028,"28,374.28 ",,WIG000029781
Department of Health,NHS Bolton CCG,1/31/2019,C&M-GMS Other FDR Payment,PRC DELEGATED CO-COMMISSIONING,OLIVE FAMILY PRACTICE,25484028,"7,671.25 ",,WIG000029781
Department of Health,NHS Bolton CCG,1/31/2019,C&M-GMS QOF Aspiration,PRC DELEGATED CO-COMMISSIONING,OLIVE FAMILY PRACTICE,25484028,"2,201.78 ",,WIG000029781
Department of Health,NHS Bolton CCG,1/31/2019,Hcare Srv Rec NHS Trust-Contract Baseline,ACUTE COMMISSIONING,PENNINE ACUTE HOSPITALS NHS TRUST,25595783,"144,765.00 ",654418333,A0012888
Department of Health,NHS Bolton CCG,1/31/2019,C&M-GMS LES Triple Aim,LOCAL ENHANCED SERVICES,PIKE VIEW MEDICAL CENTRE,25472291,"34,008.00 ",,104950-07-JAN-2019
Department of Health,NHS Bolton CCG,1/31/2019,C&M-PMS Contract Value,PRC DELEGATED CO-COMMISSIONING,PIKES LANE CENTRE,25484030,"14,589.99 ",,WIG000029783
Department of Health,NHS Bolton CCG,1/31/2019,C&M-PMS Funding Differential Review,PRC DELEGATED CO-COMMISSIONING,PIKES LANE CENTRE,25484030,507.38 ,,WIG000029783
Department of Health,NHS Bolton CCG,1/31/2019,C&M-PMS Prem Healthcentre Rent,PRC DELEGATED CO-COMMISSIONING,PIKES LANE CENTRE,25484030,"22,470.96 ",,WIG000029783
Department of Health,NHS Bolton CCG,1/31/2019,C&M-PMS QOF Aspiration,PRC DELEGATED CO-COMMISSIONING,PIKES LANE CENTRE,25484030,"1,566.09 ",,WIG000029783
Department of Health,NHS Bolton CCG,1/31/2019,Cont Care- Adult 100% Fully Funded,CHC ADULT FULLY FUNDED,RIVINGTON VIEW NURSING HOME,25490766,"24,452.68 ",,30122018
Department of Health,NHS Bolton CCG,1/31/2019,Cont Care-Funded Nursing Care Allow,FUNDED NURSING CARE,RIVINGTON VIEW NURSING HOME,25490766,"5,035.84 ",,30122018
Department of Health,NHS Bolton CCG,1/31/2019,Hcare Srv Rec Fdtn Trust-Non Contract,COMMISSIONING - NON ACUTE,ROYAL BOLTON HOSPITAL NHS FOUNDATION TRUST,25510357,"26,000.00 ",654913421,0001051876
Department of Health,NHS Bolton CCG,1/31/2019,Hlthcre-Foundation Trsts,EXCEPTIONS & PRIOR APPROVALS,ROYAL BOLTON HOSPITAL NHS FOUNDATION TRUST,25679328,"44,100.00 ",654913421,0001049514
Department of Health,NHS Bolton CCG,1/31/2019,Hlthcre-Foundation Trsts,CHILD AND ADOLESCENT MENTAL HEALTH,ROYAL BOLTON HOSPITAL NHS FOUNDATION TRUST,25679344,"100,000.00 ",654913421,0001051323
Department of Health,NHS Bolton CCG,1/31/2019,Hcare Srv Rec Fdtn Trust-CQUIN,ACUTE COMMISSIONING,ROYAL BOLTON HOSPITAL NHS FOUNDATION TRUST,25772174,"228,464.00 ",654913421,0001052234
Department of Health,NHS Bolton CCG,1/31/2019,Hcare Srv Rec Fdtn Trust-CQUIN,COMMUNITY SERVICES,ROYAL BOLTON HOSPITAL NHS FOUNDATION TRUST,25772174,"71,937.58 ",654913421,0001052234
Department of Health,NHS Bolton CCG,1/31/2019,Hcare Srv Rec Fdtn Trust-Contract Baseline,ACUTE COMMISSIONING,ROYAL BOLTON HOSPITAL NHS FOUNDATION TRUST,25772174,"11,467,568.61 ",654913421,0001052234
Department of Health,NHS Bolton CCG,1/31/2019,Hcare Srv Rec Fdtn Trust-Contract Baseline,COMMUNITY SERVICES,ROYAL BOLTON HOSPITAL NHS FOUNDATION TRUST,25772174,"3,440,801.92 ",654913421,0001052234
Department of Health,NHS Bolton CCG,1/31/2019,Hcare Srv Rec Fdtn Trust-Contract Baseline,PROGRAMME PROJECTS,ROYAL BOLTON HOSPITAL NHS FOUNDATION TRUST,25772174,"482,646.00 ",654913421,0001052234
Department of Health,NHS Bolton CCG,1/31/2019,Hcare Srv Rec Fdtn Trust-Contract Baseline,ACUTE COMMISSIONING,ROYAL BOLTON HOSPITAL NHS FOUNDATION TRUST,25772175,"663,388.83 ",654913421,0001052235
Department of Health,NHS Bolton CCG,1/31/2019,Hcare Srv Rec Fdtn Trust-Non Contract,NON RECURRENT PROGRAMMES,ROYAL BOLTON HOSPITAL NHS FOUNDATION TRUST,25797555,"272,667.62 ",654913421,0001052386
Department of Health,NHS Bolton CCG,1/31/2019,Hcare Srv Rec Fdtn Trust-Non Contract,NON RECURRENT PROGRAMMES,ROYAL BOLTON HOSPITAL NHS FOUNDATION TRUST,25797556,"254,757.36 ",654913421,0001052387
Department of Health,NHS Bolton CCG,1/31/2019,Hcare Srv Rec Fdtn Trust-Contract Baseline,ACUTE COMMISSIONING,SALFORD ROYAL HOSPITALS NHS FOUNDATION TRUST,25554488,"1,117,092.00 ",65 4939786,S0021530
Department of Health,NHS Bolton CCG,1/31/2019,Hcare Srv Rec Fdtn Trust-Over/ Under Performance,ACUTE COMMISSIONING,SALFORD ROYAL HOSPITALS NHS FOUNDATION TRUST,25554595,"264,848.00 ",65 4939786,S0022264
Department of Health,NHS Bolton CCG,1/31/2019,Clinical&Medical-Independent Sector,WINTER PRESSURES,SELF HELP SERVICES,25391526,"26,700.00 ",,0000000766
Department of Health,NHS Bolton CCG,1/31/2019,Cont Care- Adult 100% Fully Funded,CHC ADULT FULLY FUNDED,SHANNON COURT,25493050,"31,238.93 ",,122018
Department of Health,NHS Bolton CCG,1/31/2019,Cont Care-Funded Nursing Care Allow,FUNDED NURSING CARE,SHANNON COURT,25493050,"7,152.67 ",,122018
Department of Health,NHS Bolton CCG,1/31/2019,C&M-PMS LES Triple Aim,LOCAL ENHANCED SERVICES,SILVERT & PARTNERS,25472245,"65,169.00 ",,104988-07-JAN-2019
Department of Health,NHS Bolton CCG,1/31/2019,C&M-PMS Contract Value,PRC DELEGATED CO-COMMISSIONING,SILVERT & PARTNERS,25484034,"106,539.28 ",,WIG000029785
Department of Health,NHS Bolton CCG,1/31/2019,C&M-PMS DES Minor Surgery,PRC DELEGATED CO-COMMISSIONING,SILVERT & PARTNERS,25484034,390.24 ,,WIG000029785
Department of Health,NHS Bolton CCG,1/31/2019,C&M-PMS Funding Differential Review,PRC DELEGATED CO-COMMISSIONING,SILVERT & PARTNERS,25484034,533.66 ,,WIG000029785
Department of Health,NHS Bolton CCG,1/31/2019,C&M-PMS Prem Clinical Waste,PRC DELEGATED CO-COMMISSIONING,SILVERT & PARTNERS,25484034,587.92 ,,WIG000029785
Department of Health,NHS Bolton CCG,1/31/2019,C&M-PMS Prem Notional Rent,PRC DELEGATED CO-COMMISSIONING,SILVERT & PARTNERS,25484034,"6,408.08 ",,WIG000029785
Department of Health,NHS Bolton CCG,1/31/2019,C&M-PMS QOF Aspiration,PRC DELEGATED CO-COMMISSIONING,SILVERT & PARTNERS,25484034,"11,584.93 ",,WIG000029785
Department of Health,NHS Bolton CCG,1/31/2019,Clinical&Medical-Independent Sector,ACUTE COMMISSIONING,SPAMEDICA LTD,25619682,"99,656.24 ",,NHSBOL086
Department of Health,NHS Bolton CCG,1/31/2019,Clinical&Medical-Independent Sector,ACUTE COMMISSIONING,SPAMEDICA LTD,25622250,"80,114.18 ",,NHSBOL087
Department of Health,NHS Bolton CCG,1/31/2019,Clinical&Medical-Independent Sector,ACUTE COMMISSIONING,SPECSAVERS HEARCARE LTD,25619841,"36,573.64 ",913158342,20400570
Department of Health,NHS Bolton CCG,1/31/2019,Clinical&Medical-Independent Sector,ACUTE COMMISSIONING,SPECSAVERS HEARCARE LTD,25772190,"27,164.89 ",913158342,20400575
Department of Health,NHS Bolton CCG,1/31/2019,C&M-GMS Global Sum,PRC DELEGATED CO-COMMISSIONING,SPRING VIEW MEDICAL CENTRE,25484060,"35,863.88 ",,WIG000029800
Department of Health,NHS Bolton CCG,1/31/2019,C&M-GMS Prem Cost Rent,PRC DELEGATED CO-COMMISSIONING,SPRING VIEW MEDICAL CENTRE,25484060,"3,157.58 ",,WIG000029800
Department of Health,NHS Bolton CCG,1/31/2019,C&M-GMS Prem Notional Rent,PRC DELEGATED CO-COMMISSIONING,SPRING VIEW MEDICAL CENTRE,25484060,"3,366.66 ",,WIG000029800
Department of Health,NHS Bolton CCG,1/31/2019,C&M-GMS QOF Aspiration,PRC DELEGATED CO-COMMISSIONING,SPRING VIEW MEDICAL CENTRE,25484060,"3,923.87 ",,WIG000029800
Department of Health,NHS Bolton CCG,1/31/2019,C&M-APMS Contract Value,PRC DELEGATED CO-COMMISSIONING,SSP HEALTH BOLTON GP,25484038,"35,077.09 ",,WIG000029787
Department of Health,NHS Bolton CCG,1/31/2019,C&M-APMS Prem Notional Rent,PRC DELEGATED CO-COMMISSIONING,SSP HEALTH BOLTON GP,25484038,"6,316.67 ",,WIG000029787
Department of Health,NHS Bolton CCG,1/31/2019,C&M-PMS QOF Aspiration,PRC DELEGATED CO-COMMISSIONING,SSP HEALTH BOLTON GP,25484038,"1,936.09 ",,WIG000029787
Department of Health,NHS Bolton CCG,1/31/2019,C&M-APMS LES Triple Aim,LOCAL ENHANCED SERVICES,SSP HEALTH BOLTON MC,25472252,"26,277.00 ",,104993-07-JAN-2019
Department of Health,NHS Bolton CCG,1/31/2019,C&M-APMS Contract Value,PRC DELEGATED CO-COMMISSIONING,SSP HEALTH BOLTON MC,25484040,"42,955.00 ",,WIG000029788
Department of Health,NHS Bolton CCG,1/31/2019,C&M-APMS DES Minor Surgery,PRC DELEGATED CO-COMMISSIONING,SSP HEALTH BOLTON MC,25484040,173.44 ,,WIG000029788
Department of Health,NHS Bolton CCG,1/31/2019,C&M-PMS Prem Actual Rent,PRC DELEGATED CO-COMMISSIONING,SSP HEALTH BOLTON MC,25484040,"5,708.34 ",,WIG000029788
Department of Health,NHS Bolton CCG,1/31/2019,C&M-PMS QOF Aspiration,PRC DELEGATED CO-COMMISSIONING,SSP HEALTH BOLTON MC,25484040,"3,043.52 ",,WIG000029788
Department of Health,NHS Bolton CCG,1/31/2019,C&M-GMS LES Triple Aim,LOCAL ENHANCED SERVICES,STABLE FOLD SURGERY,25472269,"31,472.00 ",,104949-07-JAN-2019
Department of Health,NHS Bolton CCG,1/31/2019,C&M-GMS DES Minor Surgery,PRC DELEGATED CO-COMMISSIONING,STABLE FOLD SURGERY,25485760,476.96 ,,WIG000029802
Department of Health,NHS Bolton CCG,1/31/2019,C&M-GMS Global Sum,PRC DELEGATED CO-COMMISSIONING,STABLE FOLD SURGERY,25485760,"51,450.90 ",,WIG000029802
Department of Health,NHS Bolton CCG,1/31/2019,C&M-GMS MPIG Correction Factor,PRC DELEGATED CO-COMMISSIONING,STABLE FOLD SURGERY,25485760,31.03 ,,WIG000029802
Department of Health,NHS Bolton CCG,1/31/2019,C&M-GMS Prem Clinical Waste,PRC DELEGATED CO-COMMISSIONING,STABLE FOLD SURGERY,25485760,861.08 ,,WIG000029802
Department of Health,NHS Bolton CCG,1/31/2019,C&M-GMS Prem Notional Rent,PRC DELEGATED CO-COMMISSIONING,STABLE FOLD SURGERY,25485760,"3,366.67 ",,WIG000029802
Department of Health,NHS Bolton CCG,1/31/2019,C&M-GMS QOF Aspiration,PRC DELEGATED CO-COMMISSIONING,STABLE FOLD SURGERY,25485760,"5,155.78 ",,WIG000029802
Department of Health,NHS Bolton CCG,1/31/2019,Cont Care- Adult 100% Fully Funded,CHC ADULT FULLY FUNDED,STRATHMORE NURSING HOME,25622182,"38,261.25 ",,3834
Department of Health,NHS Bolton CCG,1/31/2019,Cont Care-Funded Nursing Care Allow,FUNDED NURSING CARE,STRATHMORE NURSING HOME,25622182,"1,852.66 ",,3834
Department of Health,NHS Bolton CCG,1/31/2019,C&M-PMS LES Triple Aim,LOCAL ENHANCED SERVICES,SWAN LANE MEDICAL CENTRE,25472257,"42,879.00 ",,104986-07-JAN-2019
Department of Health,NHS Bolton CCG,1/31/2019,C&M-PMS Contract Value,PRC DELEGATED CO-COMMISSIONING,SWAN LANE MEDICAL CENTRE,25484055,"64,510.45 ",,WIG000029796
Department of Health,NHS Bolton CCG,1/31/2019,C&M-PMS DES Minor Surgery,PRC DELEGATED CO-COMMISSIONING,SWAN LANE MEDICAL CENTRE,25484055,390.24 ,,WIG000029796
Department of Health,NHS Bolton CCG,1/31/2019,C&M-PMS Funding Differential Review,PRC DELEGATED CO-COMMISSIONING,SWAN LANE MEDICAL CENTRE,25484055,492.76 ,,WIG000029796
Department of Health,NHS Bolton CCG,1/31/2019,C&M-PMS Prem Notional Rent,PRC DELEGATED CO-COMMISSIONING,SWAN LANE MEDICAL CENTRE,25484055,"2,462.50 ",,WIG000029796
Department of Health,NHS Bolton CCG,1/31/2019,C&M-PMS Prem Water Rates,PRC DELEGATED CO-COMMISSIONING,SWAN LANE MEDICAL CENTRE,25484055,94.02 ,,WIG000029796
Department of Health,NHS Bolton CCG,1/31/2019,C&M-PMS QOF Aspiration,PRC DELEGATED CO-COMMISSIONING,SWAN LANE MEDICAL CENTRE,25484055,"6,675.12 ",,WIG000029796
Department of Health,NHS Bolton CCG,1/31/2019,Hcare Srv Rec Fdtn Trust-Non Contract,NCAS/OATS,UNIVERSITY HOSPITALS OF MORECAMBE BAY NHS FOUNDATION TRUST,25595738,"30,016.01 ",654968385,1000006150
Department of Health,NHS Bolton CCG,1/31/2019,Hcare Srv Rec Fdtn Trust-Contract Baseline,ACUTE COMMISSIONING,WRIGHTINGTON WIGAN & LEIGH NHS FOUNDATION TRUST,25554597,"475,213.00 ",GB654951509,55584409
,,,,,,,,,
,,,,,,,,,
,,,,,,,,,
,,,,,,,,,
,,,,,,,,,
,,,,,,,,,
,,,,,,,,,
,,,,,,,,,
,,,,,,,,,
,,,,,,,,,
,,,,,,,,,
,,,,,,,,,
,,,,,,,,,
,,,,,,,,,
,,,,,,,,,
,,,,,,,,,
,,,,,,,,,
,,,,,,,,,
,,,,,,,,,
,,,,,,,,,
,,,,,,,,,
,,,,,,,,,
,,,,,,,,,
,,,,,,,,,
,,,,,,,,,
,,,,,,,,,
,,,,,,,,,
,,,,,,,,,
,,,,,,,,,
,,,,,,,,,
,,,,,,,,,
,,,,,,,,,
,,,,,,,,,
,,,,,,,,,
,,,,,,,,,
,,,,,,,,,
,,,,,,,,,
,,,,,,,,,
,,,,,,,,,
,,,,,,,,,
,,,,,,,,,
,,,,,,,,,
,,,,,,,,,
,,,,,,,,,
,,,,,,,,,
,,,,,,,,,
,,,,,,,,,
,,,,,,,,,
,,,,,,,,,
,,,,,,,,,
,,,,,,,,,
,,,,,,,,,
,,,,,,,,,
,,,,,,,,,
,,,,,,,,,
,,,,,,,,,
,,,,,,,,,
,,,,,,,,,
,,,,,,,,,
,,,,,,,,,
,,,,,,,,,
,,,,,,,,,
,,,,,,,,,
,,,,,,,,,
,,,,,,,,,
,,,,,,,,,
,,,,,,,,,
,,,,,,,,,
,,,,,,,,,
,,,,,,,,,
,,,,,,,,,
,,,,,,,,,
,,,,,,,,,
,,,,,,,,,
,,,,,,,,,
,,,,,,,,,
,,,,,,,,,
,,,,,,,,,
,,,,,,,,,
,,,,,,,,,
,,,,,,,,,
,,,,,,,,,
,,,,,,,,,
,,,,,,,,,
,,,,,,,,,
,,,,,,,,,
,,,,,,,,,
,,,,,,,,,
,,,,,,,,,
,,,,,,,,,
,,,,,,,,,
,,,,,,,,,
,,,,,,,,,
,,,,,,,,,
,,,,,,,,,
,,,,,,,,,
,,,,,,,,,
,,,,,,,,,
,,,,,,,,,
,,,,,,,,,
,,,,,,,,,
,,,,,,,,,
,,,,,,,,,
,,,,,,,,,
,,,,,,,,,
,,,,,,,,,
,,,,,,,,,
,,,,,,,,,
,,,,,,,,,
,,,,,,,,,
