,,,,,,,,,
"Expenditure above �25,000.00",,,,,,,,,
,,,,,,,,,
Department family,Entity,Date,Expense Type,Expense area,Supplier,Transaction number,AP Amount (�),VAT registration number,Purchase invoice number
Department of Health,NHS Bolton CCG,3/31/2019,Cont Care- Adult 100% Fully Funded,CHC ADULT FULLY FUNDED,ABBEY HEALTH CARE (FARNWORTH) LTD,26251447,"21,183.75 ",,6038
Department of Health,NHS Bolton CCG,3/31/2019,Cont Care-Funded Nursing Care Allow,FUNDED NURSING CARE,ABBEY HEALTH CARE (FARNWORTH) LTD,26251447,"22,775.96 ",,6038
Department of Health,NHS Bolton CCG,3/31/2019,Cont Care- Adult 100% Fully Funded,CHC ADULT FULLY FUNDED,ADVINIA HEALTH CARE LTD,26214667,"67,812.00 ",,MIB057735TOMIB057755
Department of Health,NHS Bolton CCG,3/31/2019,C&M-PMS Contract Value,PRC DELEGATED CO-COMMISSIONING,ALASTAIR ROSS MEDICAL PRACTICE,26364801,"47,816.96 ",,WIG000030563
Department of Health,NHS Bolton CCG,3/31/2019,C&M-PMS DES Learn Dsblty Hlth Chk,PRC DELEGATED CO-COMMISSIONING,ALASTAIR ROSS MEDICAL PRACTICE,26364801,560.00 ,,WIG000030563
Department of Health,NHS Bolton CCG,3/31/2019,C&M-PMS Funding Differential Review,PRC DELEGATED CO-COMMISSIONING,ALASTAIR ROSS MEDICAL PRACTICE,26364801,584.01 ,,WIG000030563
Department of Health,NHS Bolton CCG,3/31/2019,C&M-PMS PCO Seniority,PRC DELEGATED CO-COMMISSIONING,ALASTAIR ROSS MEDICAL PRACTICE,26364801,"3,289.20 ",,WIG000030563
Department of Health,NHS Bolton CCG,3/31/2019,C&M-PMS Prem Healthcentre Rent,PRC DELEGATED CO-COMMISSIONING,ALASTAIR ROSS MEDICAL PRACTICE,26364801,"32,483.43 ",,WIG000030563
Department of Health,NHS Bolton CCG,3/31/2019,C&M-PMS QOF Aspiration,PRC DELEGATED CO-COMMISSIONING,ALASTAIR ROSS MEDICAL PRACTICE,26364801,"4,775.76 ",,WIG000030563
Department of Health,NHS Bolton CCG,3/31/2019,Clinical&Medical-Voluntary Sector,MENTAL HEALTH CONTRACTS,ALTERNATIVE FUTURES GROUP,26391468,"99,871.28 ",,AFSI060951
Department of Health,NHS Bolton CCG,3/31/2019,Cont Care- Adult 100% Fully Funded,CHC ADULT FULLY FUNDED,ASTLEY GRANGE HOMES LTD,26251371,"24,784.46 ",,064
Department of Health,NHS Bolton CCG,3/31/2019,Cont Care-Funded Nursing Care Allow,FUNDED NURSING CARE,ASTLEY GRANGE HOMES LTD,26251371,"3,423.91 ",,064
Department of Health,NHS Bolton CCG,3/31/2019,Clinical&Medical-Independent Sector,OUT OF HOURS,BARDOC,26442729,"374,958.00 ",,7829
Department of Health,NHS Bolton CCG,3/31/2019,Clinical&Medical-Independent Sector,ACUTE COMMISSIONING,BMI HEALTHCARE LTD,26391057,"626,480.76 ",GB235134980,0000104805
Department of Health,NHS Bolton CCG,3/31/2019,C&M-APMS Contract Value,PRC DELEGATED CO-COMMISSIONING,BOLTON COMMUNITY PRACTICE,26366519,"92,519.60 ",,WIG000030505
Department of Health,NHS Bolton CCG,3/31/2019,C&M-APMS DES Extended Hours Access,PRC DELEGATED CO-COMMISSIONING,BOLTON COMMUNITY PRACTICE,26366519,"5,802.13 ",,WIG000030505
Department of Health,NHS Bolton CCG,3/31/2019,C&M-APMS Other FDR Payment,PRC DELEGATED CO-COMMISSIONING,BOLTON COMMUNITY PRACTICE,26366519,"3,581.50 ",,WIG000030505
Department of Health,NHS Bolton CCG,3/31/2019,C&M-APMS Prem Service Charges,PRC DELEGATED CO-COMMISSIONING,BOLTON COMMUNITY PRACTICE,26366519,"10,094.67 ",,WIG000030505
Department of Health,NHS Bolton CCG,3/31/2019,C&M-PMS DES Learn Dsblty Hlth Chk,PRC DELEGATED CO-COMMISSIONING,BOLTON COMMUNITY PRACTICE,26366519,"1,400.00 ",,WIG000030505
Department of Health,NHS Bolton CCG,3/31/2019,C&M-PMS PCO Seniority,PRC DELEGATED CO-COMMISSIONING,BOLTON COMMUNITY PRACTICE,26366519,"2,596.20 ",,WIG000030505
Department of Health,NHS Bolton CCG,3/31/2019,C&M-PMS QOF Aspiration,PRC DELEGATED CO-COMMISSIONING,BOLTON COMMUNITY PRACTICE,26366519,"9,575.71 ",,WIG000030505
Department of Health,NHS Bolton CCG,3/31/2019,Clinical&Medical-Othe Public Sector,PROGRAMME PROJECTS,BOLTON COUNCIL,26331863,"1,462,760.08 ",,003023398600137501
Department of Health,NHS Bolton CCG,3/31/2019,Cont Care-Funded Nursing Care Allow,FUNDED NURSING CARE,BOLTON COUNCIL,26413374,"100,000.00 ",,105177-13-MAR-2019
Department of Health,NHS Bolton CCG,3/31/2019,Continuing Care- Equipment,CHC ADULT FULLY FUNDED,BOLTON COUNCIL,26504266,"27,687.50 ",,003023398600136814
Department of Health,NHS Bolton CCG,3/31/2019,Clinical&Medical-Othe Public Sector,NON RECURRENT PROGRAMMES,BOLTON COUNCIL,26504645,"151,247.00 ",,003023398600138146
Department of Health,NHS Bolton CCG,3/31/2019,Clinical&Medical-Othe Public Sector,NON RECURRENT PROGRAMMES,BOLTON COUNCIL,26504651,"25,605.89 ",,003023396100044608
Department of Health,NHS Bolton CCG,3/31/2019,Clinical&Medical-Othe Public Sector,PROGRAMME PROJECTS,BOLTON COUNCIL,26504654,"100,355.28 ",,003023398600138145
Department of Health,NHS Bolton CCG,3/31/2019,Clinical&Medical-Othe Public Sector,PROGRAMME PROJECTS,BOLTON COUNCIL,26602046,"1,462,760.08 ",,003023398600138175
Department of Health,NHS Bolton CCG,3/31/2019,Clinical&Medical-Othe Public Sector,NON RECURRENT PROGRAMMES,BOLTON COUNCIL,26632485,"38,618.27 ",,003023398600138161
Department of Health,NHS Bolton CCG,3/31/2019,Clinical&Medical-Othe Public Sector,NON RECURRENT PROGRAMMES,BOLTON COUNCIL,26632544,"62,500.00 ",,003023398600138160
Department of Health,NHS Bolton CCG,3/31/2019,Cont Care-Learning Disab(<65),CHC ADULT FULLY FUNDED,BOLTON COUNCIL,26664468,"78,278.90 ",,003023398600138173
Department of Health,NHS Bolton CCG,3/31/2019,Cont Care-Learning Disab(<65),CHC ADULT FULLY FUNDED,BOLTON COUNCIL,26664471,"53,866.81 ",,003023398600138172
Department of Health,NHS Bolton CCG,3/31/2019,Clinical&Medical-Othe Public Sector,NON RECURRENT PROGRAMMES,BOLTON COUNCIL,26664539,"183,928.00 ",,003023398600138184
Department of Health,NHS Bolton CCG,3/31/2019,C&M-GMS Global Sum,PRC DELEGATED CO-COMMISSIONING,BOLTON GP PARTNERSHIP LTD,26398393,"44,960.00 ",,105175-12-MAR-2019
Department of Health,NHS Bolton CCG,3/31/2019,C&M-GMS MPIG Correction Factor,PRC DELEGATED CO-COMMISSIONING,BOLTON GP PARTNERSHIP LTD,26398393,"1,038.00 ",,105175-12-MAR-2019
Department of Health,NHS Bolton CCG,3/31/2019,C&M-GMS QOF Aspiration,PRC DELEGATED CO-COMMISSIONING,BOLTON GP PARTNERSHIP LTD,26398393,"3,495.00 ",,105175-12-MAR-2019
Department of Health,NHS Bolton CCG,3/31/2019,Telecoms-Phone Rental and Calls,ESTATES AND FACILITIES,BT PLC,26553146,"5,710.37 ",GB245719348,VP73030770Q01901
Department of Health,NHS Bolton CCG,3/31/2019,Telecoms-Phone Rental and Calls,PRIMARY CARE IT,BT PLC,26553146,"18,009.62 ",GB245719348,VP73030770Q01901
Department of Health,NHS Bolton CCG,3/31/2019,Telecoms-Phone Rental and Calls,RECHARGES NHS PROPERTY SERVICES LTD,BT PLC,26553146,"13,177.78 ",GB245719348,VP73030770Q01901
Department of Health,NHS Bolton CCG,3/31/2019,Hcare Srv Rec Fdtn Trust-Contract Baseline,ACUTE COMMISSIONING,CHRISTIE HOSPITAL NHS FOUNDATION TRUST,26331819,"140,319.23 ",GB 654916118,32115
Department of Health,NHS Bolton CCG,3/31/2019,Non-PFI Oprtng Lease-Bldgs-Lease Rent,HOSPICES,COMMUNITY HEALTH PARTNERSHIPS LTD,26373340,"2,210.59 ",GB782562113,0060100999
Department of Health,NHS Bolton CCG,3/31/2019,Voids and Subsidies,PRC DELEGATED CO-COMMISSIONING,COMMUNITY HEALTH PARTNERSHIPS LTD,26373340,"29,006.29 ",GB782562113,0060100999
Department of Health,NHS Bolton CCG,3/31/2019,Voids and Subsidies,RECHARGES NHS PROPERTY SERVICES LTD,COMMUNITY HEALTH PARTNERSHIPS LTD,26373340,469.16 ,GB782562113,0060100999
Department of Health,NHS Bolton CCG,3/31/2019,C&M-GMS DES Extended Hours Access,PRC DELEGATED CO-COMMISSIONING,DALEFIELD SURGERY,26386991,"3,180.60 ",,WIG000030507
Department of Health,NHS Bolton CCG,3/31/2019,C&M-GMS DES Minor Surgery,PRC DELEGATED CO-COMMISSIONING,DALEFIELD SURGERY,26386991,130.08 ,,WIG000030507
Department of Health,NHS Bolton CCG,3/31/2019,C&M-GMS Global Sum,PRC DELEGATED CO-COMMISSIONING,DALEFIELD SURGERY,26386991,"50,679.70 ",,WIG000030507
Department of Health,NHS Bolton CCG,3/31/2019,C&M-GMS PCO Seniority,PRC DELEGATED CO-COMMISSIONING,DALEFIELD SURGERY,26386991,177.56 ,,WIG000030507
Department of Health,NHS Bolton CCG,3/31/2019,C&M-GMS QOF Aspiration,PRC DELEGATED CO-COMMISSIONING,DALEFIELD SURGERY,26386991,"5,817.81 ",,WIG000030507
Department of Health,NHS Bolton CCG,3/31/2019,ME - GMS GP Prior Year ERs,PRC DELEGATED CO-COMMISSIONING,DALEFIELD SURGERY,26386991,106.92 ,,WIG000030507
Department of Health,NHS Bolton CCG,3/31/2019,ME-GMS GP Prior Year AVCs,PRC DELEGATED CO-COMMISSIONING,DALEFIELD SURGERY,26386991,47.66 ,,WIG000030507
Department of Health,NHS Bolton CCG,3/31/2019,ME-GMS GP Prior Year EEs,PRC DELEGATED CO-COMMISSIONING,DALEFIELD SURGERY,26386991,92.86 ,,WIG000030507
Department of Health,NHS Bolton CCG,3/31/2019,C&M-GMS Global Sum,PRC DELEGATED CO-COMMISSIONING,DR A E ZARROUK & PARTNER,26366522,"15,886.65 ",,WIG000030509
Department of Health,NHS Bolton CCG,3/31/2019,C&M-GMS MPIG Correction Factor,PRC DELEGATED CO-COMMISSIONING,DR A E ZARROUK & PARTNER,26366522,116.31 ,,WIG000030509
Department of Health,NHS Bolton CCG,3/31/2019,C&M-GMS PCO Locum Adop/Pat/Mat,PRC DELEGATED CO-COMMISSIONING,DR A E ZARROUK & PARTNER,26366522,"9,750.00 ",,WIG000030509
Department of Health,NHS Bolton CCG,3/31/2019,C&M-GMS PCO Locum Susp Drs,PRC DELEGATED CO-COMMISSIONING,DR A E ZARROUK & PARTNER,26366522,"2,580.00 ",,WIG000030509
Department of Health,NHS Bolton CCG,3/31/2019,C&M-GMS PCO Seniority,PRC DELEGATED CO-COMMISSIONING,DR A E ZARROUK & PARTNER,26366522,963.87 ,,WIG000030509
Department of Health,NHS Bolton CCG,3/31/2019,C&M-GMS Prem Notional Rent,PRC DELEGATED CO-COMMISSIONING,DR A E ZARROUK & PARTNER,26366522,"1,083.33 ",,WIG000030509
Department of Health,NHS Bolton CCG,3/31/2019,C&M-GMS QOF Aspiration,PRC DELEGATED CO-COMMISSIONING,DR A E ZARROUK & PARTNER,26366522,"1,756.45 ",,WIG000030509
Department of Health,NHS Bolton CCG,3/31/2019,C&M-GMS DES Extended Hours Access,PRC DELEGATED CO-COMMISSIONING,DR A KUMAR,26366524,"1,718.55 ",,WIG000030511
Department of Health,NHS Bolton CCG,3/31/2019,C&M-GMS Global Sum,PRC DELEGATED CO-COMMISSIONING,DR A KUMAR,26366524,"25,340.75 ",,WIG000030511
Department of Health,NHS Bolton CCG,3/31/2019,C&M-GMS MPIG Correction Factor,PRC DELEGATED CO-COMMISSIONING,DR A KUMAR,26366524,175.11 ,,WIG000030511
Department of Health,NHS Bolton CCG,3/31/2019,C&M-GMS Prem Notional Rent,PRC DELEGATED CO-COMMISSIONING,DR A KUMAR,26366524,"4,291.66 ",,WIG000030511
Department of Health,NHS Bolton CCG,3/31/2019,C&M-GMS QOF Aspiration,PRC DELEGATED CO-COMMISSIONING,DR A KUMAR,26366524,"2,217.31 ",,WIG000030511
Department of Health,NHS Bolton CCG,3/31/2019,C&M-PMS Contract Value,PRC DELEGATED CO-COMMISSIONING,DR C HALLIKERI,26366530,"30,356.56 ",,WIG000030517
Department of Health,NHS Bolton CCG,3/31/2019,C&M-PMS DES Extended Hours Access,PRC DELEGATED CO-COMMISSIONING,DR C HALLIKERI,26366530,"1,959.85 ",,WIG000030517
Department of Health,NHS Bolton CCG,3/31/2019,C&M-PMS DES Minor Surgery,PRC DELEGATED CO-COMMISSIONING,DR C HALLIKERI,26366530,693.76 ,,WIG000030517
Department of Health,NHS Bolton CCG,3/31/2019,C&M-PMS Funding Differential Review,PRC DELEGATED CO-COMMISSIONING,DR C HALLIKERI,26366530,410.23 ,,WIG000030517
Department of Health,NHS Bolton CCG,3/31/2019,C&M-PMS PCO Seniority,PRC DELEGATED CO-COMMISSIONING,DR C HALLIKERI,26366530,912.81 ,,WIG000030517
Department of Health,NHS Bolton CCG,3/31/2019,C&M-PMS QOF Aspiration,PRC DELEGATED CO-COMMISSIONING,DR C HALLIKERI,26366530,"3,139.15 ",,WIG000030517
Department of Health,NHS Bolton CCG,3/31/2019,C&M-GMS DES Extended Hours Access,PRC DELEGATED CO-COMMISSIONING,DR C HENDY & PARTNER,26366532,"2,044.40 ",,WIG000030519
Department of Health,NHS Bolton CCG,3/31/2019,C&M-GMS Global Sum,PRC DELEGATED CO-COMMISSIONING,DR C HENDY & PARTNER,26366532,"34,468.53 ",,WIG000030519
Department of Health,NHS Bolton CCG,3/31/2019,C&M-GMS MPIG Correction Factor,PRC DELEGATED CO-COMMISSIONING,DR C HENDY & PARTNER,26366532,91.11 ,,WIG000030519
Department of Health,NHS Bolton CCG,3/31/2019,C&M-GMS PCO Seniority,PRC DELEGATED CO-COMMISSIONING,DR C HENDY & PARTNER,26366532,"1,163.93 ",,WIG000030519
Department of Health,NHS Bolton CCG,3/31/2019,C&M-GMS Prem Notional Rent,PRC DELEGATED CO-COMMISSIONING,DR C HENDY & PARTNER,26366532,"2,513.50 ",,WIG000030519
Department of Health,NHS Bolton CCG,3/31/2019,C&M-GMS QOF Aspiration,PRC DELEGATED CO-COMMISSIONING,DR C HENDY & PARTNER,26366532,"3,466.88 ",,WIG000030519
Department of Health,NHS Bolton CCG,3/31/2019,C&M-GMS DES Extended Hours Access,PRC DELEGATED CO-COMMISSIONING,DR C R BARUA,26366528,"1,571.30 ",,WIG000030515
Department of Health,NHS Bolton CCG,3/31/2019,C&M-GMS DES Learn Dsblty Hlth Chk,PRC DELEGATED CO-COMMISSIONING,DR C R BARUA,26366528,140.00 ,,WIG000030515
Department of Health,NHS Bolton CCG,3/31/2019,C&M-GMS DES Minor Surgery,PRC DELEGATED CO-COMMISSIONING,DR C R BARUA,26366528,303.52 ,,WIG000030515
Department of Health,NHS Bolton CCG,3/31/2019,C&M-GMS Global Sum,PRC DELEGATED CO-COMMISSIONING,DR C R BARUA,26366528,"27,569.78 ",,WIG000030515
Department of Health,NHS Bolton CCG,3/31/2019,C&M-GMS PCO Seniority,PRC DELEGATED CO-COMMISSIONING,DR C R BARUA,26366528,"1,577.03 ",,WIG000030515
Department of Health,NHS Bolton CCG,3/31/2019,C&M-GMS Prem Healthcentre Rent,PRC DELEGATED CO-COMMISSIONING,DR C R BARUA,26366528,258.71 ,,WIG000030515
Department of Health,NHS Bolton CCG,3/31/2019,C&M-GMS QOF Aspiration,PRC DELEGATED CO-COMMISSIONING,DR C R BARUA,26366528,"2,821.23 ",,WIG000030515
Department of Health,NHS Bolton CCG,3/31/2019,C&M-GMS DES Minor Surgery,PRC DELEGATED CO-COMMISSIONING,DR COUNSELL & PARTNERS,26364797,520.32 ,,WIG000030547
Department of Health,NHS Bolton CCG,3/31/2019,C&M-GMS Global Sum,PRC DELEGATED CO-COMMISSIONING,DR COUNSELL & PARTNERS,26364797,"58,000.96 ",,WIG000030547
Department of Health,NHS Bolton CCG,3/31/2019,C&M-GMS MPIG Correction Factor,PRC DELEGATED CO-COMMISSIONING,DR COUNSELL & PARTNERS,26364797,"1,081.09 ",,WIG000030547
Department of Health,NHS Bolton CCG,3/31/2019,C&M-GMS PCO Seniority,PRC DELEGATED CO-COMMISSIONING,DR COUNSELL & PARTNERS,26364797,"2,643.88 ",,WIG000030547
Department of Health,NHS Bolton CCG,3/31/2019,C&M-GMS Prem Healthcentre Rent,PRC DELEGATED CO-COMMISSIONING,DR COUNSELL & PARTNERS,26364797,"26,699.79 ",,WIG000030547
Department of Health,NHS Bolton CCG,3/31/2019,C&M-GMS QOF Aspiration,PRC DELEGATED CO-COMMISSIONING,DR COUNSELL & PARTNERS,26364797,"5,899.87 ",,WIG000030547
Department of Health,NHS Bolton CCG,3/31/2019,C&M-GMS GP Statutory Levy,PRC DELEGATED CO-COMMISSIONING,DR D A WALL & PARTNERS,26366533,(245.17),,WIG000030520
Department of Health,NHS Bolton CCG,3/31/2019,C&M-GMS Voluntary Levy,PRC DELEGATED CO-COMMISSIONING,DR D A WALL & PARTNERS,26366533,(66.87),,WIG000030520
Department of Health,NHS Bolton CCG,3/31/2019,ME - GMS TPS Added Years Adj EEs,PRC DELEGATED CO-COMMISSIONING,DR D A WALL & PARTNERS,26366533,"(1,244.75)",,WIG000030520
Department of Health,NHS Bolton CCG,3/31/2019,ME-GMS GP Pension EEs,PRC DELEGATED CO-COMMISSIONING,DR D A WALL & PARTNERS,26366533,"(11,754.78)",,WIG000030520
Department of Health,NHS Bolton CCG,3/31/2019,ME-GMS GP Pension ERs Adjustments,PRC DELEGATED CO-COMMISSIONING,DR D A WALL & PARTNERS,26366533,"(11,935.05)",,WIG000030520
Department of Health,NHS Bolton CCG,3/31/2019,C&M-GMS DES Extended Hours Access,PRC DELEGATED CO-COMMISSIONING,DR D A WALL & PARTNERS,26366534,"6,381.15 ",,WIG000030521
Department of Health,NHS Bolton CCG,3/31/2019,C&M-GMS Global Sum,PRC DELEGATED CO-COMMISSIONING,DR D A WALL & PARTNERS,26366534,"103,278.51 ",,WIG000030521
Department of Health,NHS Bolton CCG,3/31/2019,C&M-GMS PCO Seniority,PRC DELEGATED CO-COMMISSIONING,DR D A WALL & PARTNERS,26366534,"2,505.81 ",,WIG000030521
Department of Health,NHS Bolton CCG,3/31/2019,C&M-GMS Prem Notional Rent,PRC DELEGATED CO-COMMISSIONING,DR D A WALL & PARTNERS,26366534,"4,833.33 ",,WIG000030521
Department of Health,NHS Bolton CCG,3/31/2019,C&M-GMS Prem Water Rates,PRC DELEGATED CO-COMMISSIONING,DR D A WALL & PARTNERS,26366534,604.53 ,,WIG000030521
Department of Health,NHS Bolton CCG,3/31/2019,C&M-GMS QOF Aspiration,PRC DELEGATED CO-COMMISSIONING,DR D A WALL & PARTNERS,26366534,"10,965.58 ",,WIG000030521
Department of Health,NHS Bolton CCG,3/31/2019,C&M-PMS Contract Value,PRC DELEGATED CO-COMMISSIONING,DR EM PERRY,26386992,"27,441.67 ",,WIG000030545
Department of Health,NHS Bolton CCG,3/31/2019,C&M-PMS DES Extended Hours Access,PRC DELEGATED CO-COMMISSIONING,DR EM PERRY,26386992,"1,905.70 ",,WIG000030545
Department of Health,NHS Bolton CCG,3/31/2019,C&M-PMS Funding Differential Review,PRC DELEGATED CO-COMMISSIONING,DR EM PERRY,26386992,673.63 ,,WIG000030545
Department of Health,NHS Bolton CCG,3/31/2019,C&M-PMS PCO Other,PRC DELEGATED CO-COMMISSIONING,DR EM PERRY,26386992,"2,805.00 ",,WIG000030545
Department of Health,NHS Bolton CCG,3/31/2019,C&M-PMS PCO Seniority,PRC DELEGATED CO-COMMISSIONING,DR EM PERRY,26386992,"1,336.27 ",,WIG000030545
Department of Health,NHS Bolton CCG,3/31/2019,C&M-PMS Prem Notional Rent,PRC DELEGATED CO-COMMISSIONING,DR EM PERRY,26386992,"1,816.67 ",,WIG000030545
Department of Health,NHS Bolton CCG,3/31/2019,C&M-PMS QOF Aspiration,PRC DELEGATED CO-COMMISSIONING,DR EM PERRY,26386992,"2,971.52 ",,WIG000030545
Department of Health,NHS Bolton CCG,3/31/2019,C&M-GMS DES Extended Hours Access,PRC DELEGATED CO-COMMISSIONING,DR G MCLARDY & PARTNERS,26366538,"1,620.23 ",,WIG000030525
Department of Health,NHS Bolton CCG,3/31/2019,C&M-GMS Global Sum,PRC DELEGATED CO-COMMISSIONING,DR G MCLARDY & PARTNERS,26366538,"26,242.68 ",,WIG000030525
Department of Health,NHS Bolton CCG,3/31/2019,C&M-GMS MPIG Correction Factor,PRC DELEGATED CO-COMMISSIONING,DR G MCLARDY & PARTNERS,26366538,413.01 ,,WIG000030525
Department of Health,NHS Bolton CCG,3/31/2019,C&M-GMS PCO Seniority,PRC DELEGATED CO-COMMISSIONING,DR G MCLARDY & PARTNERS,26366538,"1,134.87 ",,WIG000030525
Department of Health,NHS Bolton CCG,3/31/2019,C&M-GMS Prem Notional Rent,PRC DELEGATED CO-COMMISSIONING,DR G MCLARDY & PARTNERS,26366538,"2,261.50 ",,WIG000030525
Department of Health,NHS Bolton CCG,3/31/2019,C&M-GMS QOF Aspiration,PRC DELEGATED CO-COMMISSIONING,DR G MCLARDY & PARTNERS,26366538,"3,287.28 ",,WIG000030525
Department of Health,NHS Bolton CCG,3/31/2019,C&M-GMS DES Extended Hours Access,PRC DELEGATED CO-COMMISSIONING,DR J A L KIRBY & PARTNERS,26366536,"3,241.40 ",,WIG000030523
Department of Health,NHS Bolton CCG,3/31/2019,C&M-GMS Global Sum,PRC DELEGATED CO-COMMISSIONING,DR J A L KIRBY & PARTNERS,26366536,"48,736.64 ",,WIG000030523
Department of Health,NHS Bolton CCG,3/31/2019,C&M-GMS MPIG Correction Factor,PRC DELEGATED CO-COMMISSIONING,DR J A L KIRBY & PARTNERS,26366536,739.75 ,,WIG000030523
Department of Health,NHS Bolton CCG,3/31/2019,C&M-GMS PCO Seniority,PRC DELEGATED CO-COMMISSIONING,DR J A L KIRBY & PARTNERS,26366536,"1,715.79 ",,WIG000030523
Department of Health,NHS Bolton CCG,3/31/2019,C&M-GMS Prem Actual Rent,PRC DELEGATED CO-COMMISSIONING,DR J A L KIRBY & PARTNERS,26366536,"28,320.00 ",,WIG000030523
Department of Health,NHS Bolton CCG,3/31/2019,C&M-GMS QOF Aspiration,PRC DELEGATED CO-COMMISSIONING,DR J A L KIRBY & PARTNERS,26366536,"4,883.06 ",,WIG000030523
Department of Health,NHS Bolton CCG,3/31/2019,C&M-PMS Contract Value,PRC DELEGATED CO-COMMISSIONING,DR J LEACH,26366736,"21,189.45 ",,WIG000030590
Department of Health,NHS Bolton CCG,3/31/2019,C&M-PMS DES Extended Hours Access,PRC DELEGATED CO-COMMISSIONING,DR J LEACH,26366736,"1,360.88 ",,WIG000030590
Department of Health,NHS Bolton CCG,3/31/2019,C&M-PMS DES Minor Surgery,PRC DELEGATED CO-COMMISSIONING,DR J LEACH,26366736,346.88 ,,WIG000030590
Department of Health,NHS Bolton CCG,3/31/2019,C&M-PMS Funding Differential Review,PRC DELEGATED CO-COMMISSIONING,DR J LEACH,26366736,648.05 ,,WIG000030590
Department of Health,NHS Bolton CCG,3/31/2019,C&M-PMS Prem Notional Rent,PRC DELEGATED CO-COMMISSIONING,DR J LEACH,26366736,"1,538.83 ",,WIG000030590
Department of Health,NHS Bolton CCG,3/31/2019,C&M-PMS QOF Aspiration,PRC DELEGATED CO-COMMISSIONING,DR J LEACH,26366736,"2,175.83 ",,WIG000030590
Department of Health,NHS Bolton CCG,3/31/2019,C&M-PMS Contract Value,PRC DELEGATED CO-COMMISSIONING,DR J LOWE & PARTNERS,26366540,"49,305.55 ",,WIG000030527
Department of Health,NHS Bolton CCG,3/31/2019,C&M-PMS DES Extended Hours Access,PRC DELEGATED CO-COMMISSIONING,DR J LOWE & PARTNERS,26366540,"2,912.23 ",,WIG000030527
Department of Health,NHS Bolton CCG,3/31/2019,C&M-PMS Funding Differential Review,PRC DELEGATED CO-COMMISSIONING,DR J LOWE & PARTNERS,26366540,398.12 ,,WIG000030527
Department of Health,NHS Bolton CCG,3/31/2019,C&M-PMS PCO Seniority,PRC DELEGATED CO-COMMISSIONING,DR J LOWE & PARTNERS,26366540,"2,913.30 ",,WIG000030527
Department of Health,NHS Bolton CCG,3/31/2019,C&M-PMS Prem Notional Rent,PRC DELEGATED CO-COMMISSIONING,DR J LOWE & PARTNERS,26366540,"4,041.67 ",,WIG000030527
Department of Health,NHS Bolton CCG,3/31/2019,C&M-PMS QOF Aspiration,PRC DELEGATED CO-COMMISSIONING,DR J LOWE & PARTNERS,26366540,"5,164.37 ",,WIG000030527
Department of Health,NHS Bolton CCG,3/31/2019,C&M-PMS GP Statutory Levy,PRC DELEGATED CO-COMMISSIONING,DR J P NAGLE & PARTNERS,26366541,(370.52),,WIG000030528
Department of Health,NHS Bolton CCG,3/31/2019,C&M-PMS Prem Healthcentre Rent,PRC DELEGATED CO-COMMISSIONING,DR J P NAGLE & PARTNERS,26366541,(842.04),,WIG000030528
Department of Health,NHS Bolton CCG,3/31/2019,C&M-PMS Voluntary Levy,PRC DELEGATED CO-COMMISSIONING,DR J P NAGLE & PARTNERS,26366541,(101.05),,WIG000030528
Department of Health,NHS Bolton CCG,3/31/2019,ME-PMS GP Pension EEs-PMS,PRC DELEGATED CO-COMMISSIONING,DR J P NAGLE & PARTNERS,26366541,"(12,279.42)",,WIG000030528
Department of Health,NHS Bolton CCG,3/31/2019,ME-PMS GP Pension ERs Adjs - PMS,PRC DELEGATED CO-COMMISSIONING,DR J P NAGLE & PARTNERS,26366541,"(12,834.17)",,WIG000030528
Department of Health,NHS Bolton CCG,3/31/2019,C&M-PMS Contract Value,PRC DELEGATED CO-COMMISSIONING,DR J P NAGLE & PARTNERS,26366542,"144,670.84 ",,WIG000030529
Department of Health,NHS Bolton CCG,3/31/2019,C&M-PMS DES Learn Dsblty Hlth Chk,PRC DELEGATED CO-COMMISSIONING,DR J P NAGLE & PARTNERS,26366542,"2,520.00 ",,WIG000030529
Department of Health,NHS Bolton CCG,3/31/2019,C&M-PMS Funding Differential Review,PRC DELEGATED CO-COMMISSIONING,DR J P NAGLE & PARTNERS,26366542,"1,460.89 ",,WIG000030529
Department of Health,NHS Bolton CCG,3/31/2019,C&M-PMS PCO Seniority,PRC DELEGATED CO-COMMISSIONING,DR J P NAGLE & PARTNERS,26366542,"6,469.21 ",,WIG000030529
Department of Health,NHS Bolton CCG,3/31/2019,C&M-PMS Prem Notional Rent,PRC DELEGATED CO-COMMISSIONING,DR J P NAGLE & PARTNERS,26366542,"7,349.58 ",,WIG000030529
Department of Health,NHS Bolton CCG,3/31/2019,C&M-PMS QOF Aspiration,PRC DELEGATED CO-COMMISSIONING,DR J P NAGLE & PARTNERS,26366542,"17,221.90 ",,WIG000030529
Department of Health,NHS Bolton CCG,3/31/2019,C&M-PMS Contract Value,PRC DELEGATED CO-COMMISSIONING,DR KJ COLEMAN & PARTNERS,26366548,"92,209.55 ",,WIG000030535
Department of Health,NHS Bolton CCG,3/31/2019,C&M-PMS DES Extended Hours Access,PRC DELEGATED CO-COMMISSIONING,DR KJ COLEMAN & PARTNERS,26366548,"5,967.43 ",,WIG000030535
Department of Health,NHS Bolton CCG,3/31/2019,C&M-PMS DES Minor Surgery,PRC DELEGATED CO-COMMISSIONING,DR KJ COLEMAN & PARTNERS,26366548,"1,214.08 ",,WIG000030535
Department of Health,NHS Bolton CCG,3/31/2019,C&M-PMS Funding Differential Review,PRC DELEGATED CO-COMMISSIONING,DR KJ COLEMAN & PARTNERS,26366548,990.15 ,,WIG000030535
Department of Health,NHS Bolton CCG,3/31/2019,C&M-PMS PCO Seniority,PRC DELEGATED CO-COMMISSIONING,DR KJ COLEMAN & PARTNERS,26366548,"1,956.66 ",,WIG000030535
Department of Health,NHS Bolton CCG,3/31/2019,C&M-PMS Prem Notional Rent,PRC DELEGATED CO-COMMISSIONING,DR KJ COLEMAN & PARTNERS,26366548,"6,959.16 ",,WIG000030535
Department of Health,NHS Bolton CCG,3/31/2019,C&M-PMS QOF Aspiration,PRC DELEGATED CO-COMMISSIONING,DR KJ COLEMAN & PARTNERS,26366548,"10,342.31 ",,WIG000030535
Department of Health,NHS Bolton CCG,3/31/2019,C&M-GMS Global Sum,PRC DELEGATED CO-COMMISSIONING,DR LYON & PARTNERS,26366550,"48,682.48 ",,WIG000030537
Department of Health,NHS Bolton CCG,3/31/2019,C&M-GMS MPIG Correction Factor,PRC DELEGATED CO-COMMISSIONING,DR LYON & PARTNERS,26366550,141.03 ,,WIG000030537
Department of Health,NHS Bolton CCG,3/31/2019,C&M-GMS PCO Locum Sickness,PRC DELEGATED CO-COMMISSIONING,DR LYON & PARTNERS,26366550,900.00 ,,WIG000030537
Department of Health,NHS Bolton CCG,3/31/2019,C&M-GMS PCO Seniority,PRC DELEGATED CO-COMMISSIONING,DR LYON & PARTNERS,26366550,"4,223.98 ",,WIG000030537
Department of Health,NHS Bolton CCG,3/31/2019,C&M-GMS Prem Healthcentre Rent,PRC DELEGATED CO-COMMISSIONING,DR LYON & PARTNERS,26366550,"2,007.62 ",,WIG000030537
Department of Health,NHS Bolton CCG,3/31/2019,C&M-GMS QOF Aspiration,PRC DELEGATED CO-COMMISSIONING,DR LYON & PARTNERS,26366550,"6,008.40 ",,WIG000030537
Department of Health,NHS Bolton CCG,3/31/2019,C&M-PMS Contract Value,PRC DELEGATED CO-COMMISSIONING,DR M S FLETCHER & PARTNERS,26366544,"68,512.20 ",,WIG000030531
Department of Health,NHS Bolton CCG,3/31/2019,C&M-PMS DES Extended Hours Access,PRC DELEGATED CO-COMMISSIONING,DR M S FLETCHER & PARTNERS,26366544,"4,635.05 ",,WIG000030531
Department of Health,NHS Bolton CCG,3/31/2019,C&M-PMS Funding Differential Review,PRC DELEGATED CO-COMMISSIONING,DR M S FLETCHER & PARTNERS,26366544,956.16 ,,WIG000030531
Department of Health,NHS Bolton CCG,3/31/2019,C&M-PMS PCO Seniority,PRC DELEGATED CO-COMMISSIONING,DR M S FLETCHER & PARTNERS,26366544,"11,515.31 ",,WIG000030531
Department of Health,NHS Bolton CCG,3/31/2019,C&M-PMS Prem Notional Rent,PRC DELEGATED CO-COMMISSIONING,DR M S FLETCHER & PARTNERS,26366544,"2,700.00 ",,WIG000030531
Department of Health,NHS Bolton CCG,3/31/2019,C&M-PMS QOF Aspiration,PRC DELEGATED CO-COMMISSIONING,DR M S FLETCHER & PARTNERS,26366544,"7,120.61 ",,WIG000030531
Department of Health,NHS Bolton CCG,3/31/2019,C&M-GMS DES Extended Hours Access,PRC DELEGATED CO-COMMISSIONING,DR M SELVARAJAN,26366546,"1,700.03 ",,WIG000030533
Department of Health,NHS Bolton CCG,3/31/2019,C&M-GMS Global Sum,PRC DELEGATED CO-COMMISSIONING,DR M SELVARAJAN,26366546,"21,393.70 ",,WIG000030533
Department of Health,NHS Bolton CCG,3/31/2019,C&M-GMS MPIG Correction Factor,PRC DELEGATED CO-COMMISSIONING,DR M SELVARAJAN,26366546,553.13 ,,WIG000030533
Department of Health,NHS Bolton CCG,3/31/2019,C&M-GMS PCO Seniority,PRC DELEGATED CO-COMMISSIONING,DR M SELVARAJAN,26366546,595.68 ,,WIG000030533
Department of Health,NHS Bolton CCG,3/31/2019,C&M-GMS Prem Notional Rent,PRC DELEGATED CO-COMMISSIONING,DR M SELVARAJAN,26366546,"3,051.67 ",,WIG000030533
Department of Health,NHS Bolton CCG,3/31/2019,C&M-GMS QOF Aspiration,PRC DELEGATED CO-COMMISSIONING,DR M SELVARAJAN,26366546,"2,181.84 ",,WIG000030533
Department of Health,NHS Bolton CCG,3/31/2019,C&M-GMS DES Extended Hours Access,PRC DELEGATED CO-COMMISSIONING,DR MALHOTRA & PARTNERS,26366581,"3,760.58 ",,WIG000030580
Department of Health,NHS Bolton CCG,3/31/2019,C&M-GMS Global Sum,PRC DELEGATED CO-COMMISSIONING,DR MALHOTRA & PARTNERS,26366581,"57,323.98 ",,WIG000030580
Department of Health,NHS Bolton CCG,3/31/2019,C&M-GMS MPIG Correction Factor,PRC DELEGATED CO-COMMISSIONING,DR MALHOTRA & PARTNERS,26366581,20.60 ,,WIG000030580
Department of Health,NHS Bolton CCG,3/31/2019,C&M-GMS PCO Seniority,PRC DELEGATED CO-COMMISSIONING,DR MALHOTRA & PARTNERS,26366581,"1,691.26 ",,WIG000030580
Department of Health,NHS Bolton CCG,3/31/2019,C&M-GMS Prem Actual Rent,PRC DELEGATED CO-COMMISSIONING,DR MALHOTRA & PARTNERS,26366581,"3,583.34 ",,WIG000030580
Department of Health,NHS Bolton CCG,3/31/2019,C&M-GMS Prem Clinical Waste,PRC DELEGATED CO-COMMISSIONING,DR MALHOTRA & PARTNERS,26366581,"1,856.46 ",,WIG000030580
Department of Health,NHS Bolton CCG,3/31/2019,C&M-GMS Prem Notional Rent,PRC DELEGATED CO-COMMISSIONING,DR MALHOTRA & PARTNERS,26366581,525.00 ,,WIG000030580
Department of Health,NHS Bolton CCG,3/31/2019,C&M-GMS Prem Water Rates,PRC DELEGATED CO-COMMISSIONING,DR MALHOTRA & PARTNERS,26366581,"2,044.94 ",,WIG000030580
Department of Health,NHS Bolton CCG,3/31/2019,C&M-GMS QOF Aspiration,PRC DELEGATED CO-COMMISSIONING,DR MALHOTRA & PARTNERS,26366581,"5,189.42 ",,WIG000030580
Department of Health,NHS Bolton CCG,3/31/2019,C&M-PMS Contract Value,PRC DELEGATED CO-COMMISSIONING,DR P A SAUL & PARTNERS,26366554,"51,861.89 ",,WIG000030541
Department of Health,NHS Bolton CCG,3/31/2019,C&M-PMS DES Extended Hours Access,PRC DELEGATED CO-COMMISSIONING,DR P A SAUL & PARTNERS,26366554,"3,347.80 ",,WIG000030541
Department of Health,NHS Bolton CCG,3/31/2019,C&M-PMS DES Learn Dsblty Hlth Chk,PRC DELEGATED CO-COMMISSIONING,DR P A SAUL & PARTNERS,26366554,980.00 ,,WIG000030541
Department of Health,NHS Bolton CCG,3/31/2019,C&M-PMS DES Minor Surgery,PRC DELEGATED CO-COMMISSIONING,DR P A SAUL & PARTNERS,26366554,780.48 ,,WIG000030541
Department of Health,NHS Bolton CCG,3/31/2019,C&M-PMS Funding Differential Review,PRC DELEGATED CO-COMMISSIONING,DR P A SAUL & PARTNERS,26366554,731.37 ,,WIG000030541
Department of Health,NHS Bolton CCG,3/31/2019,C&M-PMS PCO Seniority,PRC DELEGATED CO-COMMISSIONING,DR P A SAUL & PARTNERS,26366554,"1,202.89 ",,WIG000030541
Department of Health,NHS Bolton CCG,3/31/2019,C&M-PMS Prem Notional Rent,PRC DELEGATED CO-COMMISSIONING,DR P A SAUL & PARTNERS,26366554,"3,162.50 ",,WIG000030541
Department of Health,NHS Bolton CCG,3/31/2019,C&M-PMS QOF Aspiration,PRC DELEGATED CO-COMMISSIONING,DR P A SAUL & PARTNERS,26366554,"4,882.15 ",,WIG000030541
Department of Health,NHS Bolton CCG,3/31/2019,C&M-GMS DES Extended Hours Access,PRC DELEGATED CO-COMMISSIONING,DR P K JAIN & PARTNER,26366556,"1,386.53 ",,WIG000030543
Department of Health,NHS Bolton CCG,3/31/2019,C&M-GMS Global Sum,PRC DELEGATED CO-COMMISSIONING,DR P K JAIN & PARTNER,26366556,"20,206.42 ",,WIG000030543
Department of Health,NHS Bolton CCG,3/31/2019,C&M-GMS MPIG Correction Factor,PRC DELEGATED CO-COMMISSIONING,DR P K JAIN & PARTNER,26366556,169.19 ,,WIG000030543
Department of Health,NHS Bolton CCG,3/31/2019,C&M-GMS PCO Other,PRC DELEGATED CO-COMMISSIONING,DR P K JAIN & PARTNER,26366556,"2,181.00 ",,WIG000030543
Department of Health,NHS Bolton CCG,3/31/2019,C&M-GMS PCO Seniority,PRC DELEGATED CO-COMMISSIONING,DR P K JAIN & PARTNER,26366556,"2,127.41 ",,WIG000030543
Department of Health,NHS Bolton CCG,3/31/2019,C&M-GMS QOF Aspiration,PRC DELEGATED CO-COMMISSIONING,DR P K JAIN & PARTNER,26366556,"2,357.52 ",,WIG000030543
Department of Health,NHS Bolton CCG,3/31/2019,C&M-GMS DES Extended Hours Access,PRC DELEGATED CO-COMMISSIONING,DR R A HUNT & PARTNER,26366558,"2,036.80 ",,WIG000030549
Department of Health,NHS Bolton CCG,3/31/2019,C&M-GMS DES Learn Dsblty Hlth Chk,PRC DELEGATED CO-COMMISSIONING,DR R A HUNT & PARTNER,26366558,980.00 ,,WIG000030549
Department of Health,NHS Bolton CCG,3/31/2019,C&M-GMS Global Sum,PRC DELEGATED CO-COMMISSIONING,DR R A HUNT & PARTNER,26366558,"33,623.14 ",,WIG000030549
Department of Health,NHS Bolton CCG,3/31/2019,C&M-GMS MPIG Correction Factor,PRC DELEGATED CO-COMMISSIONING,DR R A HUNT & PARTNER,26366558,800.20 ,,WIG000030549
Department of Health,NHS Bolton CCG,3/31/2019,C&M-GMS PCO Seniority,PRC DELEGATED CO-COMMISSIONING,DR R A HUNT & PARTNER,26366558,95.13 ,,WIG000030549
Department of Health,NHS Bolton CCG,3/31/2019,C&M-GMS Prem Notional Rent,PRC DELEGATED CO-COMMISSIONING,DR R A HUNT & PARTNER,26366558,"2,490.09 ",,WIG000030549
Department of Health,NHS Bolton CCG,3/31/2019,C&M-GMS QOF Aspiration,PRC DELEGATED CO-COMMISSIONING,DR R A HUNT & PARTNER,26366558,"3,339.82 ",,WIG000030549
Department of Health,NHS Bolton CCG,3/31/2019,C&M-PMS Contract Value,PRC DELEGATED CO-COMMISSIONING,DR R A M FALOUJI & PARTNER,26366560,"26,263.02 ",,WIG000030551
Department of Health,NHS Bolton CCG,3/31/2019,C&M-PMS DES Extended Hours Access,PRC DELEGATED CO-COMMISSIONING,DR R A M FALOUJI & PARTNER,26366560,"2,029.20 ",,WIG000030551
Department of Health,NHS Bolton CCG,3/31/2019,C&M-PMS DES Learn Dsblty Hlth Chk,PRC DELEGATED CO-COMMISSIONING,DR R A M FALOUJI & PARTNER,26366560,140.00 ,,WIG000030551
Department of Health,NHS Bolton CCG,3/31/2019,C&M-PMS Funding Differential Review,PRC DELEGATED CO-COMMISSIONING,DR R A M FALOUJI & PARTNER,26366560,"2,042.43 ",,WIG000030551
Department of Health,NHS Bolton CCG,3/31/2019,C&M-PMS Prem Healthcentre Rent,PRC DELEGATED CO-COMMISSIONING,DR R A M FALOUJI & PARTNER,26366560,"3,843.99 ",,WIG000030551
Department of Health,NHS Bolton CCG,3/31/2019,C&M-PMS QOF Aspiration,PRC DELEGATED CO-COMMISSIONING,DR R A M FALOUJI & PARTNER,26366560,"2,055.91 ",,WIG000030551
Department of Health,NHS Bolton CCG,3/31/2019,C&M-GMS DES Extended Hours Access,PRC DELEGATED CO-COMMISSIONING,DR S KARIM & DR S JAMES-AUTHE,26366738,"1,935.63 ",,WIG000030592
Department of Health,NHS Bolton CCG,3/31/2019,C&M-GMS DES Minor Surgery,PRC DELEGATED CO-COMMISSIONING,DR S KARIM & DR S JAMES-AUTHE,26366738,43.36 ,,WIG000030592
Department of Health,NHS Bolton CCG,3/31/2019,C&M-GMS Global Sum,PRC DELEGATED CO-COMMISSIONING,DR S KARIM & DR S JAMES-AUTHE,26366738,"28,767.22 ",,WIG000030592
Department of Health,NHS Bolton CCG,3/31/2019,C&M-GMS MPIG Correction Factor,PRC DELEGATED CO-COMMISSIONING,DR S KARIM & DR S JAMES-AUTHE,26366738,360.49 ,,WIG000030592
Department of Health,NHS Bolton CCG,3/31/2019,C&M-GMS PCO Seniority,PRC DELEGATED CO-COMMISSIONING,DR S KARIM & DR S JAMES-AUTHE,26366738,"1,230.08 ",,WIG000030592
Department of Health,NHS Bolton CCG,3/31/2019,C&M-GMS Prem Notional Rent,PRC DELEGATED CO-COMMISSIONING,DR S KARIM & DR S JAMES-AUTHE,26366738,"2,560.00 ",,WIG000030592
Department of Health,NHS Bolton CCG,3/31/2019,C&M-GMS QOF Aspiration,PRC DELEGATED CO-COMMISSIONING,DR S KARIM & DR S JAMES-AUTHE,26366738,"3,162.98 ",,WIG000030592
Department of Health,NHS Bolton CCG,3/31/2019,C&M-PMS Contract Value,PRC DELEGATED CO-COMMISSIONING,DR S R GREEN & PARTNER,26366563,"35,235.65 ",,WIG000030555
Department of Health,NHS Bolton CCG,3/31/2019,C&M-PMS Funding Differential Review,PRC DELEGATED CO-COMMISSIONING,DR S R GREEN & PARTNER,26366563,994.38 ,,WIG000030555
Department of Health,NHS Bolton CCG,3/31/2019,C&M-PMS PCO Seniority,PRC DELEGATED CO-COMMISSIONING,DR S R GREEN & PARTNER,26366563,864.37 ,,WIG000030555
Department of Health,NHS Bolton CCG,3/31/2019,C&M-PMS Prem Water Rates,PRC DELEGATED CO-COMMISSIONING,DR S R GREEN & PARTNER,26366563,816.41 ,,WIG000030555
Department of Health,NHS Bolton CCG,3/31/2019,C&M-PMS QOF Aspiration,PRC DELEGATED CO-COMMISSIONING,DR S R GREEN & PARTNER,26366563,"3,310.49 ",,WIG000030555
Department of Health,NHS Bolton CCG,3/31/2019,ME-PMS GP Pension EEs Adjs - PMS,PRC DELEGATED CO-COMMISSIONING,DR S R GREEN & PARTNER,26366563,"1,752.08 ",,WIG000030555
Department of Health,NHS Bolton CCG,3/31/2019,ME-PMS GP Pension ERs Adjs - PMS,PRC DELEGATED CO-COMMISSIONING,DR S R GREEN & PARTNER,26366563,"1,737.58 ",,WIG000030555
Department of Health,NHS Bolton CCG,3/31/2019,C&M-PMS Contract Value,PRC DELEGATED CO-COMMISSIONING,DR S S H NASEEF,26366565,"21,521.03 ",,WIG000030557
Department of Health,NHS Bolton CCG,3/31/2019,C&M-PMS DES Extended Hours Access,PRC DELEGATED CO-COMMISSIONING,DR S S H NASEEF,26366565,"1,548.50 ",,WIG000030557
Department of Health,NHS Bolton CCG,3/31/2019,C&M-PMS Funding Differential Review,PRC DELEGATED CO-COMMISSIONING,DR S S H NASEEF,26366565,708.79 ,,WIG000030557
Department of Health,NHS Bolton CCG,3/31/2019,C&M-PMS PCO Seniority,PRC DELEGATED CO-COMMISSIONING,DR S S H NASEEF,26366565,222.82 ,,WIG000030557
Department of Health,NHS Bolton CCG,3/31/2019,C&M-PMS Prem Actual Rent,PRC DELEGATED CO-COMMISSIONING,DR S S H NASEEF,26366565,"2,450.00 ",,WIG000030557
Department of Health,NHS Bolton CCG,3/31/2019,C&M-PMS QOF Aspiration,PRC DELEGATED CO-COMMISSIONING,DR S S H NASEEF,26366565,"2,379.25 ",,WIG000030557
Department of Health,NHS Bolton CCG,3/31/2019,C&M-GMS DES Extended Hours Access,PRC DELEGATED CO-COMMISSIONING,DR T A WALMSLEY & PARTNERS,26386993,"2,512.75 ",,WIG000030553
Department of Health,NHS Bolton CCG,3/31/2019,C&M-GMS Global Sum,PRC DELEGATED CO-COMMISSIONING,DR T A WALMSLEY & PARTNERS,26386993,"38,338.25 ",,WIG000030553
Department of Health,NHS Bolton CCG,3/31/2019,C&M-GMS PCO Seniority,PRC DELEGATED CO-COMMISSIONING,DR T A WALMSLEY & PARTNERS,26386993,"1,036.85 ",,WIG000030553
Department of Health,NHS Bolton CCG,3/31/2019,C&M-GMS Prem Actual Rent,PRC DELEGATED CO-COMMISSIONING,DR T A WALMSLEY & PARTNERS,26386993,"26,010.00 ",,WIG000030553
Department of Health,NHS Bolton CCG,3/31/2019,C&M-GMS Prem Other,PRC DELEGATED CO-COMMISSIONING,DR T A WALMSLEY & PARTNERS,26386993,595.45 ,,WIG000030553
Department of Health,NHS Bolton CCG,3/31/2019,C&M-GMS QOF Aspiration,PRC DELEGATED CO-COMMISSIONING,DR T A WALMSLEY & PARTNERS,26386993,"4,578.85 ",,WIG000030553
Department of Health,NHS Bolton CCG,3/31/2019,C&M-PMS Contract Value,PRC DELEGATED CO-COMMISSIONING,DR TABOR & PARTNERS,26364803,"107,453.98 ",,WIG000030578
Department of Health,NHS Bolton CCG,3/31/2019,C&M-PMS DES Extended Hours Access,PRC DELEGATED CO-COMMISSIONING,DR TABOR & PARTNERS,26364803,"7,240.43 ",,WIG000030578
Department of Health,NHS Bolton CCG,3/31/2019,C&M-PMS DES Learn Dsblty Hlth Chk,PRC DELEGATED CO-COMMISSIONING,DR TABOR & PARTNERS,26364803,"2,380.00 ",,WIG000030578
Department of Health,NHS Bolton CCG,3/31/2019,C&M-PMS Funding Differential Review,PRC DELEGATED CO-COMMISSIONING,DR TABOR & PARTNERS,26364803,158.19 ,,WIG000030578
Department of Health,NHS Bolton CCG,3/31/2019,C&M-PMS PCO Seniority,PRC DELEGATED CO-COMMISSIONING,DR TABOR & PARTNERS,26364803,"4,866.29 ",,WIG000030578
Department of Health,NHS Bolton CCG,3/31/2019,C&M-PMS Prem Notional Rent,PRC DELEGATED CO-COMMISSIONING,DR TABOR & PARTNERS,26364803,"4,525.00 ",,WIG000030578
Department of Health,NHS Bolton CCG,3/31/2019,C&M-PMS Prem Water Rates,PRC DELEGATED CO-COMMISSIONING,DR TABOR & PARTNERS,26364803,261.77 ,,WIG000030578
Department of Health,NHS Bolton CCG,3/31/2019,C&M-PMS QOF Aspiration,PRC DELEGATED CO-COMMISSIONING,DR TABOR & PARTNERS,26364803,"11,356.13 ",,WIG000030578
Department of Health,NHS Bolton CCG,3/31/2019,C&M-GMS DES Extended Hours Access,PRC DELEGATED CO-COMMISSIONING,DR VINEET KUMAR KALHAN AND DR VIBHA GUPTA,26366587,"1,457.78 ",,WIG000030596
Department of Health,NHS Bolton CCG,3/31/2019,C&M-GMS Global Sum,PRC DELEGATED CO-COMMISSIONING,DR VINEET KUMAR KALHAN AND DR VIBHA GUPTA,26366587,"21,167.01 ",,WIG000030596
Department of Health,NHS Bolton CCG,3/31/2019,C&M-GMS Prem Notional Rent,PRC DELEGATED CO-COMMISSIONING,DR VINEET KUMAR KALHAN AND DR VIBHA GUPTA,26366587,"1,412.50 ",,WIG000030596
Department of Health,NHS Bolton CCG,3/31/2019,C&M-GMS QOF Aspiration,PRC DELEGATED CO-COMMISSIONING,DR VINEET KUMAR KALHAN AND DR VIBHA GUPTA,26366587,"1,943.44 ",,WIG000030596
Department of Health,NHS Bolton CCG,3/31/2019,C&M-PMS Contract Value,PRC DELEGATED CO-COMMISSIONING,DR Y LOOMBA & PARTNER BOLTON,26366567,"28,397.42 ",,WIG000030561
Department of Health,NHS Bolton CCG,3/31/2019,C&M-PMS DES Extended Hours Access,PRC DELEGATED CO-COMMISSIONING,DR Y LOOMBA & PARTNER BOLTON,26366567,"1,918.05 ",,WIG000030561
Department of Health,NHS Bolton CCG,3/31/2019,C&M-PMS Funding Differential Review,PRC DELEGATED CO-COMMISSIONING,DR Y LOOMBA & PARTNER BOLTON,26366567,"1,128.54 ",,WIG000030561
Department of Health,NHS Bolton CCG,3/31/2019,C&M-PMS PCO Seniority,PRC DELEGATED CO-COMMISSIONING,DR Y LOOMBA & PARTNER BOLTON,26366567,"1,412.19 ",,WIG000030561
Department of Health,NHS Bolton CCG,3/31/2019,C&M-PMS Prem Healthcentre Rent,PRC DELEGATED CO-COMMISSIONING,DR Y LOOMBA & PARTNER BOLTON,26366567,"1,348.75 ",,WIG000030561
Department of Health,NHS Bolton CCG,3/31/2019,C&M-PMS QOF Aspiration,PRC DELEGATED CO-COMMISSIONING,DR Y LOOMBA & PARTNER BOLTON,26366567,"2,869.30 ",,WIG000030561
Department of Health,NHS Bolton CCG,3/31/2019,C&M-PMS Contract Value,PRC DELEGATED CO-COMMISSIONING,DRS LIVERSEDGE MCCURDIE WONG & YOXALL,26364799,"41,350.88 ",,WIG000030559
Department of Health,NHS Bolton CCG,3/31/2019,C&M-PMS DES Extended Hours Access,PRC DELEGATED CO-COMMISSIONING,DRS LIVERSEDGE MCCURDIE WONG & YOXALL,26364799,"3,087.98 ",,WIG000030559
Department of Health,NHS Bolton CCG,3/31/2019,C&M-PMS DES Minor Surgery,PRC DELEGATED CO-COMMISSIONING,DRS LIVERSEDGE MCCURDIE WONG & YOXALL,26364799,867.20 ,,WIG000030559
Department of Health,NHS Bolton CCG,3/31/2019,C&M-PMS Funding Differential Review,PRC DELEGATED CO-COMMISSIONING,DRS LIVERSEDGE MCCURDIE WONG & YOXALL,26364799,377.29 ,,WIG000030559
Department of Health,NHS Bolton CCG,3/31/2019,C&M-PMS PCO Seniority,PRC DELEGATED CO-COMMISSIONING,DRS LIVERSEDGE MCCURDIE WONG & YOXALL,26364799,"1,949.96 ",,WIG000030559
Department of Health,NHS Bolton CCG,3/31/2019,C&M-PMS QOF Aspiration,PRC DELEGATED CO-COMMISSIONING,DRS LIVERSEDGE MCCURDIE WONG & YOXALL,26364799,"3,523.36 ",,WIG000030559
Department of Health,NHS Bolton CCG,3/31/2019,C&M-GMS DES Extended Hours Access,PRC DELEGATED CO-COMMISSIONING,DUNSTAN PARTNERSHIP,26366732,"4,937.15 ",,WIG000030584
Department of Health,NHS Bolton CCG,3/31/2019,C&M-GMS DES Minor Surgery,PRC DELEGATED CO-COMMISSIONING,DUNSTAN PARTNERSHIP,26366732,737.12 ,,WIG000030584
Department of Health,NHS Bolton CCG,3/31/2019,C&M-GMS Global Sum,PRC DELEGATED CO-COMMISSIONING,DUNSTAN PARTNERSHIP,26366732,"78,163.40 ",,WIG000030584
Department of Health,NHS Bolton CCG,3/31/2019,C&M-GMS MPIG Correction Factor,PRC DELEGATED CO-COMMISSIONING,DUNSTAN PARTNERSHIP,26366732,143.25 ,,WIG000030584
Department of Health,NHS Bolton CCG,3/31/2019,C&M-GMS PCO Seniority,PRC DELEGATED CO-COMMISSIONING,DUNSTAN PARTNERSHIP,26366732,469.21 ,,WIG000030584
Department of Health,NHS Bolton CCG,3/31/2019,C&M-GMS Prem Healthcentre Rent,PRC DELEGATED CO-COMMISSIONING,DUNSTAN PARTNERSHIP,26366732,"15,835.55 ",,WIG000030584
Department of Health,NHS Bolton CCG,3/31/2019,C&M-GMS QOF Aspiration,PRC DELEGATED CO-COMMISSIONING,DUNSTAN PARTNERSHIP,26366732,"9,394.79 ",,WIG000030584
Department of Health,NHS Bolton CCG,3/31/2019,ME-GMS GP Pension EEs Adjustments,PRC DELEGATED CO-COMMISSIONING,DUNSTAN PARTNERSHIP,26366732,"3,721.66 ",,WIG000030584
Department of Health,NHS Bolton CCG,3/31/2019,ME-GMS GP Pension ERs Adjustments,PRC DELEGATED CO-COMMISSIONING,DUNSTAN PARTNERSHIP,26366732,"3,690.86 ",,WIG000030584
Department of Health,NHS Bolton CCG,3/31/2019,Hcare Srv Rec NHS Trust-Contract Baseline,ACUTE COMMISSIONING,EAST LANCASHIRE HOSPITALS NHS TRUST,26391126,"68,207.58 ",654913225,E0095874
Department of Health,NHS Bolton CCG,3/31/2019,Clinical&Medical-Independent Sector,LEARNING DIFFICULTIES,ELYSIUM HEALTHCARE LTD,26251335,"42,764.50 ",GB257732580,BRW00142
Department of Health,NHS Bolton CCG,3/31/2019,Clinical&Medical-Independent Sector,LEARNING DIFFICULTIES,ELYSIUM HEALTHCARE LTD,26251365,"38,626.00 ",GB257732580,BRW00156
Department of Health,NHS Bolton CCG,3/31/2019,Clinical&Medical-Independent Sector,ACUTE COMMISSIONING,EUXTON HALL HOSPITAL,26388890,"25,566.68 ",,118KMAR19BOL
Department of Health,NHS Bolton CCG,3/31/2019,Clinical&Medical-Voluntary Sector,MENTAL HEALTH CONTRACTS,FAMILY ACTION,26664490,"51,203.00 ",221 4103 31,INV24745
Department of Health,NHS Bolton CCG,3/31/2019,C&M-GMS DES Extended Hours Access,PRC DELEGATED CO-COMMISSIONING,FIG TREE MEDICAL PRACTICE,26366589,"2,333.68 ",,WIG000030598
Department of Health,NHS Bolton CCG,3/31/2019,C&M-GMS Global Sum,PRC DELEGATED CO-COMMISSIONING,FIG TREE MEDICAL PRACTICE,26366589,"37,014.39 ",,WIG000030598
Department of Health,NHS Bolton CCG,3/31/2019,C&M-GMS PCO Seniority,PRC DELEGATED CO-COMMISSIONING,FIG TREE MEDICAL PRACTICE,26366589,"1,999.51 ",,WIG000030598
Department of Health,NHS Bolton CCG,3/31/2019,C&M-GMS Prem Healthcentre Rent,PRC DELEGATED CO-COMMISSIONING,FIG TREE MEDICAL PRACTICE,26366589,334.56 ,,WIG000030598
Department of Health,NHS Bolton CCG,3/31/2019,C&M-GMS QOF Aspiration,PRC DELEGATED CO-COMMISSIONING,FIG TREE MEDICAL PRACTICE,26366589,"3,626.60 ",,WIG000030598
Department of Health,NHS Bolton CCG,3/31/2019,Cont Care- Adult 100% Fully Funded,CHC ADULT FULLY FUNDED,FOUR SEASONS HEALTH CARE LTD,26264751,"42,944.15 ",927365991,CATFEB2019
Department of Health,NHS Bolton CCG,3/31/2019,Cont Care-Funded Nursing Care Allow,FUNDED NURSING CARE,FOUR SEASONS HEALTH CARE LTD,26264751,"2,791.08 ",927365991,CATFEB2019
Department of Health,NHS Bolton CCG,3/31/2019,C&M-GMS DES Extended Hours Access,PRC DELEGATED CO-COMMISSIONING,GARNET FOLD PRACTICE,26366569,"2,970.18 ",,WIG000030565
Department of Health,NHS Bolton CCG,3/31/2019,C&M-GMS DES Minor Surgery,PRC DELEGATED CO-COMMISSIONING,GARNET FOLD PRACTICE,26366569,607.04 ,,WIG000030565
Department of Health,NHS Bolton CCG,3/31/2019,C&M-GMS Global Sum,PRC DELEGATED CO-COMMISSIONING,GARNET FOLD PRACTICE,26366569,"51,699.79 ",,WIG000030565
Department of Health,NHS Bolton CCG,3/31/2019,C&M-GMS PCO Seniority,PRC DELEGATED CO-COMMISSIONING,GARNET FOLD PRACTICE,26366569,"2,657.59 ",,WIG000030565
Department of Health,NHS Bolton CCG,3/31/2019,C&M-GMS Prem Notional Rent,PRC DELEGATED CO-COMMISSIONING,GARNET FOLD PRACTICE,26366569,"2,728.25 ",,WIG000030565
Department of Health,NHS Bolton CCG,3/31/2019,C&M-GMS QOF Aspiration,PRC DELEGATED CO-COMMISSIONING,GARNET FOLD PRACTICE,26366569,"5,233.20 ",,WIG000030565
Department of Health,NHS Bolton CCG,3/31/2019,Hcare Srv Rec Fdtn Trust-Contract Baseline,MENTAL HEALTH CONTRACTS,GREATER MANCHESTER MENTAL HEALTH NHS FOUNDATION TRUST,26214541,"21,334.00 ",GB654929594,0000031182
Department of Health,NHS Bolton CCG,3/31/2019,Hcare Srv Rec Fdtn Trust-Non Contract,NON RECURRENT PROGRAMMES,GREATER MANCHESTER MENTAL HEALTH NHS FOUNDATION TRUST,26214541,"44,669.00 ",GB654929594,0000031182
Department of Health,NHS Bolton CCG,3/31/2019,Hcare Srv Rec Fdtn Trust-Contract Baseline,MENTAL HEALTH CONTRACTS,GREATER MANCHESTER MENTAL HEALTH NHS FOUNDATION TRUST,26214544,"21,808.00 ",GB654929594,0000031181
Department of Health,NHS Bolton CCG,3/31/2019,Hcare Srv Rec Fdtn Trust-Non Contract,NON RECURRENT PROGRAMMES,GREATER MANCHESTER MENTAL HEALTH NHS FOUNDATION TRUST,26214544,"45,779.00 ",GB654929594,0000031181
Department of Health,NHS Bolton CCG,3/31/2019,Hlthcre-Foundation Trsts,MENTAL HEALTH SERVICES - ADULTS,GREATER MANCHESTER MENTAL HEALTH NHS FOUNDATION TRUST,26443639,"144,095.86 ",GB654929594,0000031435
Department of Health,NHS Bolton CCG,3/31/2019,Hcare Srv Rec Fdtn Trust-CQUIN,MENTAL HEALTH CONTRACTS,GREATER MANCHESTER MENTAL HEALTH NHS FOUNDATION TRUST,26443647,"324,872.39 ",GB654929594,0000031430
Department of Health,NHS Bolton CCG,3/31/2019,Hcare Srv Rec Fdtn Trust-Non Contract,MENTAL HEALTH CONTRACTS,GREATER MANCHESTER MENTAL HEALTH NHS FOUNDATION TRUST,26632553,"22,958.00 ",GB654929594,0000031709
Department of Health,NHS Bolton CCG,3/31/2019,Hcare Srv Rec Fdtn Trust-Non Contract,NON RECURRENT PROGRAMMES,GREATER MANCHESTER MENTAL HEALTH NHS FOUNDATION TRUST,26632553,"44,308.00 ",GB654929594,0000031709
Department of Health,NHS Bolton CCG,3/31/2019,Hcare Srv Rec Fdtn Trust-Non Contract,NON RECURRENT PROGRAMMES,GREATER MANCHESTER MENTAL HEALTH NHS FOUNDATION TRUST,26632625,"124,384.00 ",GB654929594,0000031664
Department of Health,NHS Bolton CCG,3/31/2019,Hcare Srv Rec Fdtn Trust-Contract Baseline,MENTAL HEALTH CONTRACTS,GREATER MANCHESTER WEST MENTAL HEALTH NHS FOUNDATION TRUST,26443659,"2,330,352.77 ",654929594,0000031406
Department of Health,NHS Bolton CCG,3/31/2019,Cont Care- Adult 100% Fully Funded,CHC ADULT FULLY FUNDED,HAZELBROOK,26309451,"26,850.00 ",,0087HB
Department of Health,NHS Bolton CCG,3/31/2019,Cont Care-Funded Nursing Care Allow,FUNDED NURSING CARE,HAZELBROOK,26309451,"5,582.19 ",,0087HB
Department of Health,NHS Bolton CCG,3/31/2019,Cont Care- Adult 100% Fully Funded,CHC ADULT FULLY FUNDED,HC ONE LTD,26251397,"40,591.43 ",218770886,IFOUFEB19
Department of Health,NHS Bolton CCG,3/31/2019,Cont Care-Funded Nursing Care Allow,FUNDED NURSING CARE,HC ONE LTD,26251397,"7,625.35 ",218770886,IFOUFEB19
Department of Health,NHS Bolton CCG,3/31/2019,C&M-PMS Contract Value,PRC DELEGATED CO-COMMISSIONING,HEATON MEDICAL CENTRE,26367827,"75,429.81 ",,WIG000030594
Department of Health,NHS Bolton CCG,3/31/2019,C&M-PMS DES Extended Hours Access,PRC DELEGATED CO-COMMISSIONING,HEATON MEDICAL CENTRE,26367827,"4,964.70 ",,WIG000030594
Department of Health,NHS Bolton CCG,3/31/2019,C&M-PMS DES Minor Surgery,PRC DELEGATED CO-COMMISSIONING,HEATON MEDICAL CENTRE,26367827,346.88 ,,WIG000030594
Department of Health,NHS Bolton CCG,3/31/2019,C&M-PMS Funding Differential Review,PRC DELEGATED CO-COMMISSIONING,HEATON MEDICAL CENTRE,26367827,221.24 ,,WIG000030594
Department of Health,NHS Bolton CCG,3/31/2019,C&M-PMS PCO Seniority,PRC DELEGATED CO-COMMISSIONING,HEATON MEDICAL CENTRE,26367827,"1,442.69 ",,WIG000030594
Department of Health,NHS Bolton CCG,3/31/2019,C&M-PMS Prem Actual Rent,PRC DELEGATED CO-COMMISSIONING,HEATON MEDICAL CENTRE,26367827,"5,237.50 ",,WIG000030594
Department of Health,NHS Bolton CCG,3/31/2019,C&M-PMS Prem Water Rates,PRC DELEGATED CO-COMMISSIONING,HEATON MEDICAL CENTRE,26367827,742.86 ,,WIG000030594
Department of Health,NHS Bolton CCG,3/31/2019,C&M-PMS QOF Aspiration,PRC DELEGATED CO-COMMISSIONING,HEATON MEDICAL CENTRE,26367827,"8,846.89 ",,WIG000030594
Department of Health,NHS Bolton CCG,3/31/2019,ME - PMS GP Prior Year ERs,PRC DELEGATED CO-COMMISSIONING,HEATON MEDICAL CENTRE,26367827,38.36 ,,WIG000030594
Department of Health,NHS Bolton CCG,3/31/2019,ME-PMS GP Prior Year EEs,PRC DELEGATED CO-COMMISSIONING,HEATON MEDICAL CENTRE,26367827,36.18 ,,WIG000030594
Department of Health,NHS Bolton CCG,3/31/2019,C&M-PMS GP Statutory Levy,PRC DELEGATED CO-COMMISSIONING,HEATON MEDICAL CENTRE,26386995,(191.33),,WIG000030593
Department of Health,NHS Bolton CCG,3/31/2019,C&M-PMS Prem Clinical Waste,PRC DELEGATED CO-COMMISSIONING,HEATON MEDICAL CENTRE,26386995,"(1,388.36)",,WIG000030593
Department of Health,NHS Bolton CCG,3/31/2019,C&M-PMS Prem Notional Rent,PRC DELEGATED CO-COMMISSIONING,HEATON MEDICAL CENTRE,26386995,"(1,895.83)",,WIG000030593
Department of Health,NHS Bolton CCG,3/31/2019,C&M-PMS Voluntary Levy,PRC DELEGATED CO-COMMISSIONING,HEATON MEDICAL CENTRE,26386995,(52.18),,WIG000030593
Department of Health,NHS Bolton CCG,3/31/2019,ME - PMS GP Prior Year ERs,PRC DELEGATED CO-COMMISSIONING,HEATON MEDICAL CENTRE,26386995,"(4,011.35)",,WIG000030593
Department of Health,NHS Bolton CCG,3/31/2019,ME - PMS TPS Added Years Adj EEs,PRC DELEGATED CO-COMMISSIONING,HEATON MEDICAL CENTRE,26386995,(184.17),,WIG000030593
Department of Health,NHS Bolton CCG,3/31/2019,ME-PMS GP Pension EEs-PMS,PRC DELEGATED CO-COMMISSIONING,HEATON MEDICAL CENTRE,26386995,"(6,762.92)",,WIG000030593
Department of Health,NHS Bolton CCG,3/31/2019,ME-PMS GP Pension ERs Adjs - PMS,PRC DELEGATED CO-COMMISSIONING,HEATON MEDICAL CENTRE,26386995,"(7,106.11)",,WIG000030593
Department of Health,NHS Bolton CCG,3/31/2019,ME-PMS GP Prior Year AVCs,PRC DELEGATED CO-COMMISSIONING,HEATON MEDICAL CENTRE,26386995,(115.96),,WIG000030593
Department of Health,NHS Bolton CCG,3/31/2019,ME-PMS GP Prior Year EEs,PRC DELEGATED CO-COMMISSIONING,HEATON MEDICAL CENTRE,26386995,"(5,069.58)",,WIG000030593
Department of Health,NHS Bolton CCG,3/31/2019,Apprenticeship Levy Payable,BALANCE SHEET,HMRC,26426626,"1,173.00 ",,475PW004363741911
Department of Health,NHS Bolton CCG,3/31/2019,Income tax <1Yr,BALANCE SHEET,HMRC,26426626,"73,100.20 ",,475PW004363741911
Department of Health,NHS Bolton CCG,3/31/2019,Income tax <1Yr-Student Loans,BALANCE SHEET,HMRC,26426626,"2,131.00 ",,475PW004363741911
Department of Health,NHS Bolton CCG,3/31/2019,National Insurance < 1 yr-NI- ERS,BALANCE SHEET,HMRC,26426626,"50,441.48 ",,475PW004363741911
Department of Health,NHS Bolton CCG,3/31/2019,National Insurance < 1 yr-NI-EES,BALANCE SHEET,HMRC,26426626,"37,150.87 ",,475PW004363741911
Department of Health,NHS Bolton CCG,3/31/2019,Statutory Mat Pay < 1 yr,BALANCE SHEET,HMRC,26426626,"(1,068.56)",,475PW004363741911
Department of Health,NHS Bolton CCG,3/31/2019,Hcare Srv Rec Fdtn Trust-Contract Baseline,ACUTE COMMISSIONING,LANCASHIRE TEACHING HOSPITALS NHS FOUNDATION TRUST,26331824,"116,054.00 ",654937107,15187964
Department of Health,NHS Bolton CCG,3/31/2019,Hcare Srv Rec Fdtn Trust-Contract Baseline,ACUTE COMMISSIONING,MANCHESTER UNIVERSITY NHS FOUNDATION TRUST,26391012,"857,891.92 ",654415538,0000426994
Department of Health,NHS Bolton CCG,3/31/2019,Hcare Srv Rec Fdtn Trust-Contract Baseline,ACUTE COMMISSIONING,MANCHESTER UNIVERSITY NHS FOUNDATION TRUST,26664583,"959,041.83 ",654415538,0000431859
Department of Health,NHS Bolton CCG,3/31/2019,Clinical&Medical-Independent Sector,COMMISSIONING - NON ACUTE,NHS MANCHESTER CCG,26442495,"81,400.00 ",,7031300449
Department of Health,NHS Bolton CCG,3/31/2019,Hcare Srv Rec NHS CCG-Non Contract,LEARNING DIFFICULTIES,NHS NORTH LINCOLNSHIRE CCG,26650822,"1,206,307.93 ",,7015900623
Department of Health,NHS Bolton CCG,3/31/2019,C&M-PMS IT Comm Servs -GP Practices,PRIMARY CARE IT,NHS OLDHAM CCG,26391277,"(40,207.00)",,7011705347
Department of Health,NHS Bolton CCG,3/31/2019,Charges from CSU,CORPORATE COSTS & SERVICES,NHS OLDHAM CCG,26391277,"(39,466.00)",,7011705347
Department of Health,NHS Bolton CCG,3/31/2019,Charges from CSU,EXCEPTIONS & PRIOR APPROVALS,NHS OLDHAM CCG,26391277,"(7,526.00)",,7011705347
Department of Health,NHS Bolton CCG,3/31/2019,Charges from CSU,MEDICINES MANAGEMENT - CLINICAL,NHS OLDHAM CCG,26391277,"(11,305.00)",,7011705347
Department of Health,NHS Bolton CCG,3/31/2019,C&M-PMS IT Comm Servs -GP Practices,PRIMARY CARE IT,NHS OLDHAM CCG,26391365,"118,595.00 ",,7011705384
Department of Health,NHS Bolton CCG,3/31/2019,Charges from CSU,CORPORATE COSTS & SERVICES,NHS OLDHAM CCG,26391365,"18,214.00 ",,7011705384
Department of Health,NHS Bolton CCG,3/31/2019,Charges from CSU,CORPORATE COSTS & SERVICES,NHS OLDHAM CCG,26391368,"17,399.00 ",,7011705393
Department of Health,NHS Bolton CCG,3/31/2019,Charges from CSU,EXCEPTIONS & PRIOR APPROVALS,NHS OLDHAM CCG,26391368,"6,856.00 ",,7011705393
Department of Health,NHS Bolton CCG,3/31/2019,Charges from CSU,MEDICINES MANAGEMENT - CLINICAL,NHS OLDHAM CCG,26391368,"8,781.00 ",,7011705393
Department of Health,NHS Bolton CCG,3/31/2019,Hcare Srv Rec NHS CCG-Non Contract,NHS 111,NHS OLDHAM CCG,26391368,"1,845.00 ",,7011705393
Department of Health,NHS Bolton CCG,3/31/2019,Voids and Subsidies,RECHARGES NHS PROPERTY SERVICES LTD,NHS PROPERTY SERVICES LTD,26650654,"(30,362.16)",156725100,H63660
Department of Health,NHS Bolton CCG,3/31/2019,Voids and Subsidies,RECHARGES NHS PROPERTY SERVICES LTD,NHS PROPERTY SERVICES LTD,26650711,"(28,356.84)",156725100,H64706
Department of Health,NHS Bolton CCG,3/31/2019,Clinical&Medical-Independent Sector,COMMISSIONING - NON ACUTE,NHS TRAFFORD CCG,26442701,"36,993.60 ",,7013501460
Department of Health,NHS Bolton CCG,3/31/2019,Hcare Srv Rec NHS Trust-Contract Baseline,NHS 111,NORTH WEST AMBULANCE SERVICE NHS TRUST,26391494,"77,348.00 ",654435138,4110044316
Department of Health,NHS Bolton CCG,3/31/2019,Hcare Srv Rec NHS Trust-Contract Baseline,AMBULANCE SERVICES,NORTH WEST AMBULANCE SERVICE NHS TRUST,26391498,"111,970.00 ",654435138,4110044425
Department of Health,NHS Bolton CCG,3/31/2019,Hcare Srv Rec NHS Trust-Contract Baseline,AMBULANCE SERVICES,NORTH WEST AMBULANCE SERVICE NHS TRUST,26391744,"659,251.00 ",654435138,4110044471
Department of Health,NHS Bolton CCG,3/31/2019,Hcare Srv Rec NHS Trust-CQUIN,AMBULANCE SERVICES,NORTH WEST AMBULANCE SERVICE NHS TRUST,26451886,"39,347.00 ",654435138,4110044642
Department of Health,NHS Bolton CCG,3/31/2019,Hcare Srv Rec NHS Trust-CQUIN,AMBULANCE SERVICES,NORTH WEST AMBULANCE SERVICE NHS TRUST,26664418,"(39,347.00)",654435138,2326
Department of Health,NHS Bolton CCG,3/31/2019,Hcare Srv Rec NHS Trust-CQUIN,AMBULANCE SERVICES,NORTH WEST AMBULANCE SERVICE NHS TRUST,26664423,"39,347.00 ",654435138,4110044682
Department of Health,NHS Bolton CCG,3/31/2019,Hcare Srv Rec NHS Trust-CQUIN,NHS 111,NORTH WEST AMBULANCE SERVICE NHS TRUST,26664456,"(43,190.00)",654435138,2358
Department of Health,NHS Bolton CCG,3/31/2019,Hcare Srv Rec NHS Trust-Contract Baseline,NHS 111,NORTH WEST AMBULANCE SERVICE NHS TRUST,26664458,"(32,258.00)",654435138,2384
Department of Health,NHS Bolton CCG,3/31/2019,Hcare Srv Rec NHS Trust-Contract Baseline,NHS 111,NORTH WEST AMBULANCE SERVICE NHS TRUST,26664459,"(28,404.00)",654435138,2372
Department of Health,NHS Bolton CCG,3/31/2019,Hcare Srv Rec Fdtn Trust-CQUIN,CHILD AND ADOLESCENT MENTAL HEALTH,NORTH WEST BOROUGHS HEALTHCARE NHS FOUNDATION TRUST,26442719,546.00 ,,16042804
Department of Health,NHS Bolton CCG,3/31/2019,Hcare Srv Rec Fdtn Trust-CQUIN,MENTAL HEALTH CONTRACTS,NORTH WEST BOROUGHS HEALTHCARE NHS FOUNDATION TRUST,26442719,97.00 ,,16042804
Department of Health,NHS Bolton CCG,3/31/2019,Hcare Srv Rec Fdtn Trust-Contract Baseline,CHILD AND ADOLESCENT MENTAL HEALTH,NORTH WEST BOROUGHS HEALTHCARE NHS FOUNDATION TRUST,26442719,"21,859.00 ",,16042804
Department of Health,NHS Bolton CCG,3/31/2019,Hcare Srv Rec Fdtn Trust-Contract Baseline,MENTAL HEALTH CONTRACTS,NORTH WEST BOROUGHS HEALTHCARE NHS FOUNDATION TRUST,26442719,"3,869.00 ",,16042804
Department of Health,NHS Bolton CCG,3/31/2019,Clinical&Medical-Independent Sector,LEARNING DIFFICULTIES,NORTHERN HEALTHCARE LTD,26451613,"91,642.70 ",,410A
Department of Health,NHS Bolton CCG,3/31/2019,Clinical&Medical-Independent Sector,ACUTE COMMISSIONING,OAKLANDS HOSPITAL,26442607,"47,846.04 ",GB 426505170,L0950319
Department of Health,NHS Bolton CCG,3/31/2019,C&M-GMS DES Extended Hours Access,PRC DELEGATED CO-COMMISSIONING,OLIVE FAMILY PRACTICE,26366570,"1,829.23 ",,WIG000030567
Department of Health,NHS Bolton CCG,3/31/2019,C&M-GMS Global Sum,PRC DELEGATED CO-COMMISSIONING,OLIVE FAMILY PRACTICE,26366570,"28,374.28 ",,WIG000030567
Department of Health,NHS Bolton CCG,3/31/2019,C&M-GMS Other FDR Payment,PRC DELEGATED CO-COMMISSIONING,OLIVE FAMILY PRACTICE,26366570,"7,671.25 ",,WIG000030567
Department of Health,NHS Bolton CCG,3/31/2019,C&M-GMS PCO Seniority,PRC DELEGATED CO-COMMISSIONING,OLIVE FAMILY PRACTICE,26366570,624.41 ,,WIG000030567
Department of Health,NHS Bolton CCG,3/31/2019,C&M-GMS Prem Healthcentre Rent,PRC DELEGATED CO-COMMISSIONING,OLIVE FAMILY PRACTICE,26366570,"3,218.74 ",,WIG000030567
Department of Health,NHS Bolton CCG,3/31/2019,C&M-GMS QOF Aspiration,PRC DELEGATED CO-COMMISSIONING,OLIVE FAMILY PRACTICE,26366570,"2,201.78 ",,WIG000030567
Department of Health,NHS Bolton CCG,3/31/2019,ME-GMS GP Prior Year EEs,PRC DELEGATED CO-COMMISSIONING,OLIVE FAMILY PRACTICE,26366570,149.75 ,,WIG000030567
Department of Health,NHS Bolton CCG,3/31/2019,Hcare Srv Rec NHS Trust-Contract Baseline,ACUTE COMMISSIONING,PENNINE ACUTE HOSPITALS NHS TRUST,26391148,"144,762.00 ",654418333,A0014578
Department of Health,NHS Bolton CCG,3/31/2019,C&M-PMS Contract Value,PRC DELEGATED CO-COMMISSIONING,PIKES LANE CENTRE,26366572,"14,589.99 ",,WIG000030569
Department of Health,NHS Bolton CCG,3/31/2019,C&M-PMS DES Extended Hours Access,PRC DELEGATED CO-COMMISSIONING,PIKES LANE CENTRE,26366572,988.95 ,,WIG000030569
Department of Health,NHS Bolton CCG,3/31/2019,C&M-PMS Funding Differential Review,PRC DELEGATED CO-COMMISSIONING,PIKES LANE CENTRE,26366572,507.38 ,,WIG000030569
Department of Health,NHS Bolton CCG,3/31/2019,C&M-PMS PCO Seniority,PRC DELEGATED CO-COMMISSIONING,PIKES LANE CENTRE,26366572,"1,534.18 ",,WIG000030569
Department of Health,NHS Bolton CCG,3/31/2019,C&M-PMS Prem Healthcentre Rent,PRC DELEGATED CO-COMMISSIONING,PIKES LANE CENTRE,26366572,"11,768.02 ",,WIG000030569
Department of Health,NHS Bolton CCG,3/31/2019,C&M-PMS QOF Aspiration,PRC DELEGATED CO-COMMISSIONING,PIKES LANE CENTRE,26366572,"1,566.09 ",,WIG000030569
Department of Health,NHS Bolton CCG,3/31/2019,Hcare Srv Rec Fdtn Trust-Non Contract,ACUTE COMMISSIONING,ROYAL BOLTON HOSPITAL NHS FOUNDATION TRUST,26331756,"252,040.00 ",654913421,0001049744
Department of Health,NHS Bolton CCG,3/31/2019,Hcare Srv Rec Fdtn Trust-Non Contract,ACUTE COMMISSIONING,ROYAL BOLTON HOSPITAL NHS FOUNDATION TRUST,26331789,"103,674.00 ",654913421,0001050597
Department of Health,NHS Bolton CCG,3/31/2019,Hcare Srv Rec Fdtn Trust-Non Contract,ACUTE COMMISSIONING,ROYAL BOLTON HOSPITAL NHS FOUNDATION TRUST,26331792,"179,263.00 ",654913421,0001050598
Department of Health,NHS Bolton CCG,3/31/2019,Hcare Srv Rec Fdtn Trust-Non Contract,ACUTE COMMISSIONING,ROYAL BOLTON HOSPITAL NHS FOUNDATION TRUST,26331806,"174,306.00 ",654913421,0001051149
Department of Health,NHS Bolton CCG,3/31/2019,Hcare Srv Rec Fdtn Trust-Contract Baseline,ACUTE COMMISSIONING,ROYAL BOLTON HOSPITAL NHS FOUNDATION TRUST,26331818,"663,388.83 ",654913421,0001052533
Department of Health,NHS Bolton CCG,3/31/2019,Hcare Srv Rec Fdtn Trust-Non Contract,ACUTE COMMISSIONING,ROYAL BOLTON HOSPITAL NHS FOUNDATION TRUST,26331821,"389,417.00 ",654913421,0001052693
Department of Health,NHS Bolton CCG,3/31/2019,Hcare Srv Rec Fdtn Trust-Non Contract,NON RECURRENT PROGRAMMES,ROYAL BOLTON HOSPITAL NHS FOUNDATION TRUST,26419787,"295,921.29 ",654913421,0001052935
Department of Health,NHS Bolton CCG,3/31/2019,Hcare Srv Rec Fdtn Trust-Non Contract,NON RECURRENT PROGRAMMES,ROYAL BOLTON HOSPITAL NHS FOUNDATION TRUST,26443743,"283,362.29 ",654913421,0001052984
Department of Health,NHS Bolton CCG,3/31/2019,Computer Network Costs,PRIMARY CARE IT,ROYAL BOLTON HOSPITAL NHS FOUNDATION TRUST,26551957,"55,320.53 ",654913421,0001053256
Department of Health,NHS Bolton CCG,3/31/2019,Computer Network Costs,PRIMARY CARE IT,ROYAL BOLTON HOSPITAL NHS FOUNDATION TRUST,26551960,"190,168.38 ",654913421,0001053258
Department of Health,NHS Bolton CCG,3/31/2019,Computer Network Costs,PRIMARY CARE IT,ROYAL BOLTON HOSPITAL NHS FOUNDATION TRUST,26551962,"195,341.09 ",654913421,0001053246
Department of Health,NHS Bolton CCG,3/31/2019,IT(Owned)-Cost-Addns-Purch Assets,Balance Sheet,ROYAL BOLTON HOSPITAL NHS FOUNDATION TRUST,26551966,"56,498.40 ",654913421,0001053248
Department of Health,NHS Bolton CCG,3/31/2019,Hcare Srv Rec Fdtn Trust-Over/ Under Performance,ACUTE COMMISSIONING,ROYAL BOLTON HOSPITAL NHS FOUNDATION TRUST,26553131,"477,115.00 ",654913421,0001053330
Department of Health,NHS Bolton CCG,3/31/2019,Hcare Srv Rec Fdtn Trust-Non Contract,COMMISSIONING - NON ACUTE,ROYAL BOLTON HOSPITAL NHS FOUNDATION TRUST,26553133,"5,000,000.00 ",654913421,0001053333
Department of Health,NHS Bolton CCG,3/31/2019,Hcare Srv Rec Fdtn Trust-Contract Baseline,ACUTE COMMISSIONING,SALFORD ROYAL HOSPITALS NHS FOUNDATION TRUST,26442756,"1,117,086.00 ",65 4939786,S0023592
Department of Health,NHS Bolton CCG,3/31/2019,Cont Care- Adult 100% Fully Funded,CHC ADULT FULLY FUNDED,SHANNON COURT,26251457,"35,696.96 ",,022019
Department of Health,NHS Bolton CCG,3/31/2019,Cont Care-Funded Nursing Care Allow,FUNDED NURSING CARE,SHANNON COURT,26251457,"5,403.26 ",,022019
Department of Health,NHS Bolton CCG,3/31/2019,C&M-PMS Contract Value,PRC DELEGATED CO-COMMISSIONING,SILVERT & PARTNERS,26366574,"106,539.28 ",,WIG000030571
Department of Health,NHS Bolton CCG,3/31/2019,C&M-PMS DES Extended Hours Access,PRC DELEGATED CO-COMMISSIONING,SILVERT & PARTNERS,26366574,"6,583.03 ",,WIG000030571
Department of Health,NHS Bolton CCG,3/31/2019,C&M-PMS DES Learn Dsblty Hlth Chk,PRC DELEGATED CO-COMMISSIONING,SILVERT & PARTNERS,26366574,"6,020.00 ",,WIG000030571
Department of Health,NHS Bolton CCG,3/31/2019,C&M-PMS DES Minor Surgery,PRC DELEGATED CO-COMMISSIONING,SILVERT & PARTNERS,26366574,476.96 ,,WIG000030571
Department of Health,NHS Bolton CCG,3/31/2019,C&M-PMS Funding Differential Review,PRC DELEGATED CO-COMMISSIONING,SILVERT & PARTNERS,26366574,533.66 ,,WIG000030571
Department of Health,NHS Bolton CCG,3/31/2019,C&M-PMS PCO Seniority,PRC DELEGATED CO-COMMISSIONING,SILVERT & PARTNERS,26366574,"6,534.84 ",,WIG000030571
Department of Health,NHS Bolton CCG,3/31/2019,C&M-PMS Prem Notional Rent,PRC DELEGATED CO-COMMISSIONING,SILVERT & PARTNERS,26366574,"6,408.08 ",,WIG000030571
Department of Health,NHS Bolton CCG,3/31/2019,C&M-PMS Prem Water Rates,PRC DELEGATED CO-COMMISSIONING,SILVERT & PARTNERS,26366574,"1,066.22 ",,WIG000030571
Department of Health,NHS Bolton CCG,3/31/2019,C&M-PMS QOF Aspiration,PRC DELEGATED CO-COMMISSIONING,SILVERT & PARTNERS,26366574,"11,584.93 ",,WIG000030571
Department of Health,NHS Bolton CCG,3/31/2019,Clinical&Medical-Independent Sector,ACUTE COMMISSIONING,SPAMEDICA LTD,26451482,"105,847.91 ",,NHSBOL088
Department of Health,NHS Bolton CCG,3/31/2019,Clinical&Medical-Independent Sector,ACUTE COMMISSIONING,SPAMEDICA LTD,26571636,"99,821.97 ",,NHSBOL089
Department of Health,NHS Bolton CCG,3/31/2019,C&M-GMS DES Extended Hours Access,PRC DELEGATED CO-COMMISSIONING,SPRING VIEW MEDICAL CENTRE,26366585,"2,356.00 ",,WIG000030586
Department of Health,NHS Bolton CCG,3/31/2019,C&M-GMS Global Sum,PRC DELEGATED CO-COMMISSIONING,SPRING VIEW MEDICAL CENTRE,26366585,"35,863.88 ",,WIG000030586
Department of Health,NHS Bolton CCG,3/31/2019,C&M-GMS PCO Seniority,PRC DELEGATED CO-COMMISSIONING,SPRING VIEW MEDICAL CENTRE,26366585,"2,870.45 ",,WIG000030586
Department of Health,NHS Bolton CCG,3/31/2019,C&M-GMS Prem Cost Rent,PRC DELEGATED CO-COMMISSIONING,SPRING VIEW MEDICAL CENTRE,26366585,"3,157.58 ",,WIG000030586
Department of Health,NHS Bolton CCG,3/31/2019,C&M-GMS Prem Notional Rent,PRC DELEGATED CO-COMMISSIONING,SPRING VIEW MEDICAL CENTRE,26366585,"3,366.66 ",,WIG000030586
Department of Health,NHS Bolton CCG,3/31/2019,C&M-GMS QOF Aspiration,PRC DELEGATED CO-COMMISSIONING,SPRING VIEW MEDICAL CENTRE,26366585,"3,923.87 ",,WIG000030586
Department of Health,NHS Bolton CCG,3/31/2019,C&M-APMS Contract Value,PRC DELEGATED CO-COMMISSIONING,SSP HEALTH BOLTON GP,26366576,"35,077.09 ",,WIG000030573
Department of Health,NHS Bolton CCG,3/31/2019,C&M-APMS DES Extended Hours Access,PRC DELEGATED CO-COMMISSIONING,SSP HEALTH BOLTON GP,26366576,"2,574.50 ",,WIG000030573
Department of Health,NHS Bolton CCG,3/31/2019,C&M-APMS Prem Notional Rent,PRC DELEGATED CO-COMMISSIONING,SSP HEALTH BOLTON GP,26366576,"6,316.67 ",,WIG000030573
Department of Health,NHS Bolton CCG,3/31/2019,C&M-PMS QOF Aspiration,PRC DELEGATED CO-COMMISSIONING,SSP HEALTH BOLTON GP,26366576,"1,936.09 ",,WIG000030573
Department of Health,NHS Bolton CCG,3/31/2019,C&M-APMS Contract Value,PRC DELEGATED CO-COMMISSIONING,SSP HEALTH BOLTON MC,26366577,"42,955.00 ",,WIG000030574
Department of Health,NHS Bolton CCG,3/31/2019,C&M-APMS DES Extended Hours Access,PRC DELEGATED CO-COMMISSIONING,SSP HEALTH BOLTON MC,26366577,"2,850.95 ",,WIG000030574
Department of Health,NHS Bolton CCG,3/31/2019,C&M-APMS Prem Notional Rent,PRC DELEGATED CO-COMMISSIONING,SSP HEALTH BOLTON MC,26366577,91.67 ,,WIG000030574
Department of Health,NHS Bolton CCG,3/31/2019,C&M-PMS Prem Actual Rent,PRC DELEGATED CO-COMMISSIONING,SSP HEALTH BOLTON MC,26366577,"5,708.34 ",,WIG000030574
Department of Health,NHS Bolton CCG,3/31/2019,C&M-PMS QOF Aspiration,PRC DELEGATED CO-COMMISSIONING,SSP HEALTH BOLTON MC,26366577,"3,043.52 ",,WIG000030574
Department of Health,NHS Bolton CCG,3/31/2019,C&M-GMS DES Extended Hours Access,PRC DELEGATED CO-COMMISSIONING,STABLE FOLD SURGERY,26366734,"3,508.83 ",,WIG000030588
Department of Health,NHS Bolton CCG,3/31/2019,C&M-GMS DES Minor Surgery,PRC DELEGATED CO-COMMISSIONING,STABLE FOLD SURGERY,26366734,390.24 ,,WIG000030588
Department of Health,NHS Bolton CCG,3/31/2019,C&M-GMS Global Sum,PRC DELEGATED CO-COMMISSIONING,STABLE FOLD SURGERY,26366734,"51,450.90 ",,WIG000030588
Department of Health,NHS Bolton CCG,3/31/2019,C&M-GMS MPIG Correction Factor,PRC DELEGATED CO-COMMISSIONING,STABLE FOLD SURGERY,26366734,31.03 ,,WIG000030588
Department of Health,NHS Bolton CCG,3/31/2019,C&M-GMS PCO Seniority,PRC DELEGATED CO-COMMISSIONING,STABLE FOLD SURGERY,26366734,"3,008.23 ",,WIG000030588
Department of Health,NHS Bolton CCG,3/31/2019,C&M-GMS Prem Notional Rent,PRC DELEGATED CO-COMMISSIONING,STABLE FOLD SURGERY,26366734,"3,366.67 ",,WIG000030588
Department of Health,NHS Bolton CCG,3/31/2019,C&M-GMS Prem Water Rates,PRC DELEGATED CO-COMMISSIONING,STABLE FOLD SURGERY,26366734,222.15 ,,WIG000030588
Department of Health,NHS Bolton CCG,3/31/2019,C&M-GMS QOF Aspiration,PRC DELEGATED CO-COMMISSIONING,STABLE FOLD SURGERY,26366734,"5,155.78 ",,WIG000030588
Department of Health,NHS Bolton CCG,3/31/2019,Cont Care- Adult 100% Fully Funded,CHC ADULT FULLY FUNDED,STRATHMORE NURSING HOME,26264753,"37,973.57 ",,3846
Department of Health,NHS Bolton CCG,3/31/2019,Cont Care-Funded Nursing Care Allow,FUNDED NURSING CARE,STRATHMORE NURSING HOME,26264753,"2,157.53 ",,3846
Department of Health,NHS Bolton CCG,3/31/2019,C&M-PMS Contract Value,PRC DELEGATED CO-COMMISSIONING,SWAN LANE MEDICAL CENTRE,26366583,"64,510.45 ",,WIG000030582
Department of Health,NHS Bolton CCG,3/31/2019,C&M-PMS DES Extended Hours Access,PRC DELEGATED CO-COMMISSIONING,SWAN LANE MEDICAL CENTRE,26366583,"3,926.35 ",,WIG000030582
Department of Health,NHS Bolton CCG,3/31/2019,C&M-PMS DES Minor Surgery,PRC DELEGATED CO-COMMISSIONING,SWAN LANE MEDICAL CENTRE,26366583,303.52 ,,WIG000030582
Department of Health,NHS Bolton CCG,3/31/2019,C&M-PMS Funding Differential Review,PRC DELEGATED CO-COMMISSIONING,SWAN LANE MEDICAL CENTRE,26366583,492.76 ,,WIG000030582
Department of Health,NHS Bolton CCG,3/31/2019,C&M-PMS PCO Seniority,PRC DELEGATED CO-COMMISSIONING,SWAN LANE MEDICAL CENTRE,26366583,"2,298.94 ",,WIG000030582
Department of Health,NHS Bolton CCG,3/31/2019,C&M-PMS Prem Notional Rent,PRC DELEGATED CO-COMMISSIONING,SWAN LANE MEDICAL CENTRE,26366583,"2,462.50 ",,WIG000030582
Department of Health,NHS Bolton CCG,3/31/2019,C&M-PMS QOF Aspiration,PRC DELEGATED CO-COMMISSIONING,SWAN LANE MEDICAL CENTRE,26366583,"6,675.12 ",,WIG000030582
Department of Health,NHS Bolton CCG,3/31/2019,Hcare Srv Rec Fdtn Trust-Contract Baseline,ACUTE COMMISSIONING,WRIGHTINGTON WIGAN & LEIGH NHS FOUNDATION TRUST,26391846,"475,216.78 ",GB654951509,55586136
Department of Health,NHS Bolton CCG,3/31/2019,Clinical&Medical-Independent Sector,CHILD AND ADOLESCENT MENTAL HEALTH,XENZONE LTD,26442563,"42,602.40 ",261049718,INV1002472
,,,,,,,,,
,,,,,,,,,
,,,,,,,,,
,,,,,,,,,
,,,,,,,,,
,,,,,,,,,
,,,,,,,,,
,,,,,,,,,
,,,,,,,,,
,,,,,,,,,
,,,,,,,,,
,,,,,,,,,
,,,,,,,,,
,,,,,,,,,
,,,,,,,,,
,,,,,,,,,
,,,,,,,,,
