HTTP/1.1 200 OK
Date: Mon, 01 Jul 2019 08:47:32 GMT
Server: Apache
Set-Cookie: PHPSESSID=hs5m4gnmscvjmoj3e0folgpu44; path=/
Expires: 0
Cache-Control: max-age=300, private, proxy-revalidate
Pragma: public
Content-Description: File Transfer
Content-Disposition: attachment; filename="04G Nene Expenditure Over 25K Report - May 2018 (CSV).csv"
Vary: Accept-Encoding
Content-Encoding: gzip
Content-Length: 5331
Content-Type: application/octet-stream

04G NENE CCG Over 25K Report May 18,,,,,,,,,
,,,,,,,,,
A3131 - Expenditure Over Threshold,,,,,,,,,
Time run: 01/05/2018 14:07:56,,,,,,,,,
Department family,Entity,Date,Expense Type,Expense area,Supplier,Transaction number,AP Amount (�),VAT registration number,Purchase invoice number
Department of Health,NHS Nene CCG,31/05/2018,C&M-GMS LES Referral Management,LOCAL ENHANCED SERVICES,3SIXTY CARE LTD,22381351,"22,400.14 ",,1034
Department of Health,NHS Nene CCG,31/05/2018,C&M-GMS Practice Transformational Support,LOCAL ENHANCED SERVICES,3SIXTY CARE LTD,22381351,"17,506.50 ",,1034
Department of Health,NHS Nene CCG,31/05/2018,C&M-GMS Practice Transformational Support,LOCAL ENHANCED SERVICES,3SIXTY CARE LTD,22381360,"212,251.00 ",,1032
Department of Health,NHS Nene CCG,31/05/2018,C&M-PMS LES Basket of Procedures,LOCAL ENHANCED SERVICES,ABBEY MEDICAL PRACTICE WELLINGBOROUGH,22300883,"27,231.82 ",,M21819K83047
Department of Health,NHS Nene CCG,31/05/2018,Cont Care-Physical Disab (65+),CHC ADULT FULLY FUNDED,AGE NURSING HOMES LTD,22166651,"29,671.64 ",,2CHC1221819
Department of Health,NHS Nene CCG,31/05/2018,Cont Care- Palliative Care,CHC ADULT FULLY FUNDED,AGE NURSING HOMES LTD,22166654,"54,871.46 ",,2CHC1251819
Department of Health,NHS Nene CCG,31/05/2018,C&M-PMS LES Basket of Procedures,LOCAL ENHANCED SERVICES,ALBANY HOUSE MEDICAL CENTRE,22300866,"31,915.23 ",,M21819K83026
Department of Health,NHS Nene CCG,31/05/2018,Clinical&Medical-Independent Sector,Learning Difficulties - S117,ALDERWOOD LLA LTD,22166487,"42,164.52 ",,2CHC051819
Department of Health,NHS Nene CCG,31/05/2018,Cont Care-Learning Disab(<65),CHC ADULT FULLY FUNDED,ALDERWOOD LLA LTD,22166493,"194,579.07 ",,2CHC071819
Department of Health,NHS Nene CCG,31/05/2018,Cont Care-Funded Nursing Care Allow,FUNDED NURSING CARE,ALPHA CARE MANAGEMENT SERVICES NO2 LTD,22166572,"27,858.64 ",,2CHC411819
Department of Health,NHS Nene CCG,31/05/2018,Hcare Srv Rec NHS Trust,ACUTE COMMISSIONING,BEDFORD HOSPITAL NHS TRUST,22041168,"122,001.95 ",,I0163245
Department of Health,NHS Nene CCG,31/05/2018,Hcare Srv Rec NHS Trust,ACUTE COMMISSIONING,BEDFORD HOSPITAL NHS TRUST,22425985,"129,636.50 ",,I0163861
Department of Health,NHS Nene CCG,31/05/2018,Charges from CSU,PRIMARY CARE IT,BLUE PELICAN LTD,21979531,"72,872.00 ",880064038,80
Department of Health,NHS Nene CCG,31/05/2018,Clinical&Medical-Independent Sector,NCAS/OATS,BMI HEALTHCARE COLLECTIONS,22136301,"35,444.77 ",,0000090206
Department of Health,NHS Nene CCG,31/05/2018,Clinical&Medical-Independent Sector,ACUTE COMMISSIONING,BPAS,22041188,"59,372.67 ",855924881,37140
Department of Health,NHS Nene CCG,31/05/2018,Clinical&Medical-Independent Sector,ACUTE COMMISSIONING,BPAS,22381293,"59,372.67 ",855924881,37410
Department of Health,NHS Nene CCG,31/05/2018,C&M-GMS Cost of Drugs -Dispensing,LOCAL ENHANCED SERVICES,BRACKLEY MEDICAL CENTRE,22391581,"(28,047.88)",,NO000025576
Department of Health,NHS Nene CCG,31/05/2018,C&M-GMS Cost of Drugs -Dispensing,LOCAL ENHANCED SERVICES,BRACKLEY MEDICAL CENTRE,22391582,"55,631.16 ",,NO000025577
Department of Health,NHS Nene CCG,31/05/2018,C&M-GMS PrscrptnChrgsColl&RmttdbyGP,LOCAL ENHANCED SERVICES,BRACKLEY MEDICAL CENTRE,22391582,"2,451.00 ",,NO000025577
Department of Health,NHS Nene CCG,31/05/2018,C&M-GMS Cost of Drugs -Dispensing,LOCAL ENHANCED SERVICES,BROOK HEALTH CENTRE,22391515,"49,594.46 ",,NO000025510
Department of Health,NHS Nene CCG,31/05/2018,C&M-GMS PrscrptnChrgsColl&RmttdbyGP,LOCAL ENHANCED SERVICES,BROOK HEALTH CENTRE,22391515,"1,470.60 ",,NO000025510
Department of Health,NHS Nene CCG,31/05/2018,Cont Care- Prior Year Payments,MENTAL HEALTH SERVICES - OTHER,BROOMHILL,22257914,"30,240.00 ",,BHNCHC04B2
Department of Health,NHS Nene CCG,31/05/2018,Cont Care- Prior Year Payments,MENTAL HEALTH SERVICES - OTHER,BROOMHILL,22257916,"43,200.00 ",,BHNCHC04B
Department of Health,NHS Nene CCG,31/05/2018,Computer Network Costs,IM&T,BT GLOBAL SERVICES,22258291,907.08 ,245719348,0790246389
Department of Health,NHS Nene CCG,31/05/2018,Computer Network Costs,PRIMARY CARE IT,BT GLOBAL SERVICES,22258291,"36,124.25 ",245719348,0790246389
Department of Health,NHS Nene CCG,31/05/2018,C&M-GMS Cost of Drugs -Dispensing,LOCAL ENHANCED SERVICES,BUGBROOKE MEDICAL PRACTICE,22391509,"(35,146.56)",,NO000025504
Department of Health,NHS Nene CCG,31/05/2018,C&M-GMS Cost of Drugs -Dispensing,LOCAL ENHANCED SERVICES,BUGBROOKE MEDICAL PRACTICE,22391510,"68,544.95 ",,NO000025505
Department of Health,NHS Nene CCG,31/05/2018,C&M-GMS PrscrptnChrgsColl&RmttdbyGP,LOCAL ENHANCED SERVICES,BUGBROOKE MEDICAL PRACTICE,22391510,"2,468.20 ",,NO000025505
Department of Health,NHS Nene CCG,31/05/2018,C&M-GMS Cost of Drugs -Dispensing,LOCAL ENHANCED SERVICES,BYFIELD MEDICAL CENTRE,22391512,"(40,335.88)",,NO000025507
Department of Health,NHS Nene CCG,31/05/2018,C&M-GMS Cost of Drugs -Dispensing,LOCAL ENHANCED SERVICES,BYFIELD MEDICAL CENTRE,22391513,"66,536.35 ",,NO000025508
Department of Health,NHS Nene CCG,31/05/2018,C&M-GMS PrscrptnChrgsColl&RmttdbyGP,LOCAL ENHANCED SERVICES,BYFIELD MEDICAL CENTRE,22391513,"3,268.00 ",,NO000025508
Department of Health,NHS Nene CCG,31/05/2018,Hlthcre-Foundation Trsts,ACUTE COMMISSIONING,CAMBRIDGE UNIVERSITY HOSPITALS NHS FOUNDATION TRUST,22426095,"105,667.05 ",,70022256
Department of Health,NHS Nene CCG,31/05/2018,Clinical&Medical-Commercial Sector,ACUTE COMMISSIONING,CARE NORTHAMPTON,21994821,"38,528.00 ",,431394
Department of Health,NHS Nene CCG,31/05/2018,Clinical&Medical-Commercial Sector,ACUTE COMMISSIONING,CARE NORTHAMPTON,22381383,"29,504.00 ",,438596
Department of Health,NHS Nene CCG,31/05/2018,Clinical&Medical-Commercial Sector,COMMUNITY SERVICES,CHAS A BLATCHFORD & SONS LTD,22208031,"159,259.41 ",787452287,816409
Department of Health,NHS Nene CCG,31/05/2018,Clinical&Medical-Commercial Sector,COMMUNITY SERVICES,CHAS A BLATCHFORD & SONS LTD,22208143,"159,259.41 ",787452287,818010
Department of Health,NHS Nene CCG,31/05/2018,Clinical&Medical-Clinical Other,PROGRAMME PROJECTS,CHS HEALTHCARE,22208160,"39,600.00 ",669927759,25635
Department of Health,NHS Nene CCG,31/05/2018,Clinical&Medical-Clinical Other,PROGRAMME PROJECTS,CONSULTANT CONNECT LTD,22208122,"35,280.00 ",GB212422658,INV0356
Department of Health,NHS Nene CCG,31/05/2018,Clinical&Medical-Clinical Other,PROGRAMME PROJECTS,CONSULTANT CONNECT LTD,22335624,"27,832.00 ",GB212422658,INV0324
Department of Health,NHS Nene CCG,31/05/2018,C&M-GMS Cost of Drugs -Dispensing,LOCAL ENHANCED SERVICES,CRICK SURGERY,22391518,"(50,062.74)",,NO000025513
Department of Health,NHS Nene CCG,31/05/2018,C&M-GMS Cost of Drugs -Dispensing,LOCAL ENHANCED SERVICES,CRICK SURGERY,22391519,"88,388.02 ",,NO000025514
Department of Health,NHS Nene CCG,31/05/2018,C&M-GMS PrscrptnChrgsColl&RmttdbyGP,LOCAL ENHANCED SERVICES,CRICK SURGERY,22391519,"4,317.20 ",,NO000025514
Department of Health,NHS Nene CCG,31/05/2018,Computer Network Costs,PRIMARY CARE IT,DAISY COMMUNICATIONS LTD,21994736,"46,267.20 ",722471355,548827
Department of Health,NHS Nene CCG,31/05/2018,C&M-GMS Cost of Drugs -Dispensing,LOCAL ENHANCED SERVICES,DENTON SURGERY,22391524,"(57,525.80)",,NO000025519
Department of Health,NHS Nene CCG,31/05/2018,C&M-GMS Cost of Drugs -Dispensing,LOCAL ENHANCED SERVICES,DENTON SURGERY,22391525,"111,398.40 ",,NO000025520
Department of Health,NHS Nene CCG,31/05/2018,C&M-GMS PrscrptnChrgsColl&RmttdbyGP,LOCAL ENHANCED SERVICES,DENTON SURGERY,22391525,"4,772.80 ",,NO000025520
Department of Health,NHS Nene CCG,31/05/2018,Clinical&Medical-Clinical Other,NHS 111,DHU 111 (EAST MIDLANDS) CIC,22053293,"205,111.43 ",GB257028406,SINV00586
Department of Health,NHS Nene CCG,31/05/2018,C&M-GMS Cost of Drugs -Dispensing,LOCAL ENHANCED SERVICES,EARLS BARTON SURGERY,22391533,"27,366.91 ",,NO000025528
Department of Health,NHS Nene CCG,31/05/2018,C&M-GMS PrscrptnChrgsColl&RmttdbyGP,LOCAL ENHANCED SERVICES,EARLS BARTON SURGERY,22391533,842.80 ,,NO000025528
Department of Health,NHS Nene CCG,31/05/2018,Hcare Srv Rec Fdtn Trust-Non Contract,NCAS/OATS,EAST LONDON NHS FOUNDATION TRUST,22208073,"27,766.08 ",,10430730
Department of Health,NHS Nene CCG,31/05/2018,Hcare Srv Rec NHS Trust,AMBULANCE SERVICES,EAST MIDLANDS AMBULANCE SERVICE NHS TRUST,22053520,"1,598,403.00 ",,11311647
Department of Health,NHS Nene CCG,31/05/2018,Hcare Srv Rec NHS Trust-Non Contract,PROGRAMME PROJECTS,EAST MIDLANDS AMBULANCE SERVICE NHS TRUST,22335675,"31,114.00 ",,11311683
Department of Health,NHS Nene CCG,31/05/2018,Computer Software/License,COMMISSIONING SCHEMES,FIRST DATABANK EUROPE LTD,22381284,"243,297.02 ",585826589,7715
Department of Health,NHS Nene CCG,31/05/2018,External Consultancy Fees,PROGRAMME PROJECTS,GE HEALTHCARE FINNAMORE,22256781,"43,558.50 ",600903778,710001083
Department of Health,NHS Nene CCG,31/05/2018,C&M-GMS Cost of Drugs -Dispensing,LOCAL ENHANCED SERVICES,GREENS NORTON & WEEDON MEDICAL PRACTICE,22391535,"(82,089.66)",,NO000025530
Department of Health,NHS Nene CCG,31/05/2018,C&M-GMS Cost of Drugs -Dispensing,LOCAL ENHANCED SERVICES,GREENS NORTON & WEEDON MEDICAL PRACTICE,22391536,"158,777.54 ",,NO000025531
Department of Health,NHS Nene CCG,31/05/2018,C&M-GMS PrscrptnChrgsColl&RmttdbyGP,LOCAL ENHANCED SERVICES,GREENS NORTON & WEEDON MEDICAL PRACTICE,22391536,"6,415.60 ",,NO000025531
Department of Health,NHS Nene CCG,31/05/2018,Hlthcre-Foundation Trsts,ACUTE COMMISSIONING,GUYS & ST THOMAS HOSPITAL NHS FOUNDATION TRUST,22041202,"41,632.00 ",654923417,3238228
Department of Health,NHS Nene CCG,31/05/2018,Hlthcre-Foundation Trsts,ACUTE COMMISSIONING,GUYS & ST THOMAS HOSPITAL NHS FOUNDATION TRUST,22426098,"41,632.00 ",654923417,3240639
Department of Health,NHS Nene CCG,31/05/2018,Apprenticeship Levy Payable,BALANCE SHEET,HMRC,22223797,"1,270.00 ",,120PV005700901901
Department of Health,NHS Nene CCG,31/05/2018,Income tax <1Yr,BALANCE SHEET,HMRC,22223797,"79,757.60 ",,120PV005700901901
Department of Health,NHS Nene CCG,31/05/2018,Income tax <1Yr-Student Loans,BALANCE SHEET,HMRC,22223797,335.00 ,,120PV005700901901
Department of Health,NHS Nene CCG,31/05/2018,National Insurance < 1 yr-NI- ERS,BALANCE SHEET,HMRC,22223797,"55,363.78 ",,120PV005700901901
Department of Health,NHS Nene CCG,31/05/2018,National Insurance < 1 yr-NI-EES,BALANCE SHEET,HMRC,22223797,"39,047.43 ",,120PV005700901901
Department of Health,NHS Nene CCG,31/05/2018,Statutory Mat Pay < 1 yr,BALANCE SHEET,HMRC,22223797,"(1,202.13)",,120PV005700901901
Department of Health,NHS Nene CCG,31/05/2018,Cont Care-Physical Disab (<65),CHC ADULT FULLY FUNDED,HOME INSTEAD SENIOR CARE,22258139,"25,188.50 ",,2835
Department of Health,NHS Nene CCG,31/05/2018,Clinical&Medical-Commercial Sector,ACUTE COMMISSIONING,HORTON HOSPITAL,22041240,"39,094.90 ",,HORNENR201712
Department of Health,NHS Nene CCG,31/05/2018,Clinical&Medical-Commercial Sector,ACUTE COMMISSIONING,HORTON HOSPITAL,22041266,"44,563.33 ",,HORNEN201801A
Department of Health,NHS Nene CCG,31/05/2018,Clinical&Medical-Commercial Sector,ACUTE COMMISSIONING,HORTON HOSPITAL,22041273,"208,585.83 ",,HORNEN201802
Department of Health,NHS Nene CCG,31/05/2018,Clinical&Medical-Clinical Other,OUT OF HOURS,INTEGRATED CARE 24 LTD,22190641,"424,106.67 ",991241024,15202
Department of Health,NHS Nene CCG,31/05/2018,Cont Care-Funded Nursing Care Allow,FUNDED NURSING CARE,KENROYAL NURSING & RESIDENTIAL CARE HOME,22166600,"42,770.82 ",,2CHC701819
Department of Health,NHS Nene CCG,31/05/2018,Hlthcre-Foundation Trsts,ACUTE COMMISSIONING,KETTERING GENERAL HOSPITAL NHS FOUNDATION TRUST,22426041,"11,233,840.00 ",,A0036767
Department of Health,NHS Nene CCG,31/05/2018,Clinical&Medical-Commercial Sector,ACUTE COMMISSIONING,LAKESIDE PLUS CO LTD,22160088,"63,979.65 ",,4607
Department of Health,NHS Nene CCG,31/05/2018,C&M-GMS Cost of Drugs -Dispensing,LOCAL ENHANCED SERVICES,LONG BUCKBY PRACTICE,22391544,"27,571.13 ",,NO000025539
Department of Health,NHS Nene CCG,31/05/2018,C&M-GMS PrscrptnChrgsColl&RmttdbyGP,LOCAL ENHANCED SERVICES,LONG BUCKBY PRACTICE,22391544,"1,436.20 ",,NO000025539
Department of Health,NHS Nene CCG,31/05/2018,Cont Care- Palliative Care,CHC ADULT FULLY FUNDED,METHODIST HOMES,22166631,"29,387.57 ",755243136,2CHC1021819
Department of Health,NHS Nene CCG,31/05/2018,Clinical&Medical-Commercial Sector,WHEELCHAIR SERVICE,MILLBROOK HEALTHCARE LTD,22041170,"125,378.17 ",GB675991080,17374
Department of Health,NHS Nene CCG,31/05/2018,Clinical&Medical-Commercial Sector,WHEELCHAIR SERVICE,MILLBROOK HEALTHCARE LTD,22053550,"(31,360.00)",GB675991080,901548
Department of Health,NHS Nene CCG,31/05/2018,Clinical&Medical-Commercial Sector,WHEELCHAIR SERVICE,MILLBROOK HEALTHCARE LTD,22257997,"31,360.00 ",GB675991080,17596
Department of Health,NHS Nene CCG,31/05/2018,Clinical&Medical-Commercial Sector,WHEELCHAIR SERVICE,MILLBROOK HEALTHCARE LTD,22258094,"33,116.16 ",GB675991080,17640
Department of Health,NHS Nene CCG,31/05/2018,Clinical&Medical-Commercial Sector,WHEELCHAIR SERVICE,MILLBROOK HEALTHCARE LTD,22258180,"125,378.17 ",GB675991080,17384
Department of Health,NHS Nene CCG,31/05/2018,Clinical&Medical-Commercial Sector,WHEELCHAIR SERVICE,MILLBROOK HEALTHCARE LTD,22402435,"(125,378.17)",GB675991080,901550
Department of Health,NHS Nene CCG,31/05/2018,Hlthcre-Foundation Trsts,ACUTE COMMISSIONING,MILTON KEYNES HOSPITAL NHS FOUNDATION TRUST,22091290,"282,536.00 ",,42940191
Department of Health,NHS Nene CCG,31/05/2018,Hlthcre-Foundation Trsts,ACUTE COMMISSIONING,MILTON KEYNES HOSPITAL NHS FOUNDATION TRUST,22190132,"51,081.00 ",,42939482
Department of Health,NHS Nene CCG,31/05/2018,C&M-GMS Cost of Drugs -Dispensing,LOCAL ENHANCED SERVICES,MOULTON SURGERY,22391552,"41,822.19 ",,NO000025547
Department of Health,NHS Nene CCG,31/05/2018,C&M-GMS PrscrptnChrgsColl&RmttdbyGP,LOCAL ENHANCED SERVICES,MOULTON SURGERY,22391552,"1,350.20 ",,NO000025547
Department of Health,NHS Nene CCG,31/05/2018,C&M-GMS Cost of Drugs -Dispensing,LOCAL ENHANCED SERVICES,NENE VALLEY SURGERY,22391554,"49,912.49 ",,NO000025549
Department of Health,NHS Nene CCG,31/05/2018,C&M-GMS PrscrptnChrgsColl&RmttdbyGP,LOCAL ENHANCED SERVICES,NENE VALLEY SURGERY,22391554,"1,625.40 ",,NO000025549
Department of Health,NHS Nene CCG,31/05/2018,Charges from CSU,CONTINUING HEALTHCARE ASSESSMENT & SUPPORT,NHS ARDEN AND GEM CSU,22257792,"78,330.00 ",,7312610500
Department of Health,NHS Nene CCG,31/05/2018,Charges from CSU,CONTINUING HEALTHCARE ASSESSMENT & SUPPORT,NHS ARDEN AND GEM CSU,22335650,"168,519.73 ",,7312610726
Department of Health,NHS Nene CCG,31/05/2018,Hcare Srv Rec NHS CCG-Prior Year,NON RECURRENT PROGRAMMES,NHS HARDWICK CCG,22426107,"168,390.00 ",,7016901805
Department of Health,NHS Nene CCG,31/05/2018,Computer Software/License,PRIMARY CARE IT,NHS NEL CSU,22060111,"66,960.00 ",,7312805755
Department of Health,NHS Nene CCG,31/05/2018,Programme Support Costs,PROGRAMME PROJECTS,NHS NEL CSU,22190589,"160,000.00 ",,7312805757
Department of Health,NHS Nene CCG,31/05/2018,Charges from CSU,COMMISSIONING,NHS NEL CSU,22208139,"45,057.38 ",,7312805779
Department of Health,NHS Nene CCG,31/05/2018,Charges from CSU,COMMUNICATIONS & PR,NHS NEL CSU,22208139,"11,697.06 ",,7312805779
Department of Health,NHS Nene CCG,31/05/2018,Charges from CSU,CORPORATE COSTS & SERVICES,NHS NEL CSU,22208139,"13,873.42 ",,7312805779
Department of Health,NHS Nene CCG,31/05/2018,Charges from CSU,FINANCE,NHS NEL CSU,22208139,"52,431.40 ",,7312805779
Department of Health,NHS Nene CCG,31/05/2018,Charges from CSU,HUMAN RESOURCES,NHS NEL CSU,22208139,"19,347.21 ",,7312805779
Department of Health,NHS Nene CCG,31/05/2018,Charges from CSU,IM&T,NHS NEL CSU,22208139,"6,694.17 ",,7312805779
Department of Health,NHS Nene CCG,31/05/2018,Charges from CSU,PRIMARY CARE IT,NHS NEL CSU,22208139,"129,358.33 ",,7312805779
Department of Health,NHS Nene CCG,31/05/2018,Charges from CSU,PROCUREMENT,NHS NEL CSU,22208139,"98,179.13 ",,7312805779
Department of Health,NHS Nene CCG,31/05/2018,Charges from CSU,GP FORWARD VIEW,NHS NEL CSU,22279752,"130,000.00 ",,7312805885
Department of Health,NHS Nene CCG,31/05/2018,Oth Pybls <1Yr-Other,BALANCE SHEET,NHS SUPPLY CHAIN,21995211,"30,646.66 ",,1019016837
Department of Health,NHS Nene CCG,31/05/2018,Oth Pybls <1Yr-Other,BALANCE SHEET,NHS SUPPLY CHAIN,22091295,"48,764.49 ",,1019023713
Department of Health,NHS Nene CCG,31/05/2018,Oth Pybls <1Yr-Other,BALANCE SHEET,NHS SUPPLY CHAIN,22335821,"32,299.59 ",,1019030232
Department of Health,NHS Nene CCG,31/05/2018,Oth Pybls <1Yr-Other,BALANCE SHEET,NHS SUPPLY CHAIN,22426134,"30,103.21 ",,1019035876
Department of Health,NHS Nene CCG,31/05/2018,Hlthcre-Foundation Trsts,ACUTE COMMISSIONING,NORTH WEST ANGLIA NHS FOUNDATION TRUST,22041246,"65,848.91 ",,17439545
Department of Health,NHS Nene CCG,31/05/2018,Hcare Srv Rec NHS Trust,ACUTE COMMISSIONING,NORTHAMPTON GENERAL HOSPITAL NHS TRUST,22426078,"18,328,327.00 ",,239292
Department of Health,NHS Nene CCG,31/05/2018,Cont Care-Mental Health (<65),CHC AD FULL FUND PERS HLTH BUD,NORTHAMPTONSHIRE CIL,22281067,"104,194.60 ",,9PHB541819
Department of Health,NHS Nene CCG,31/05/2018,Hcare Srv Rec Fdtn Trust-Contract Baseline,COMMUNITY SERVICES,NORTHAMPTONSHIRE HEALTHCARE NHS FOUNDATION TRUST,22041062,"183,005.00 ",654403940,5139937
Department of Health,NHS Nene CCG,31/05/2018,Hcare Srv Rec Fdtn Trust-Contract Baseline,LEARNING DIFFICULTIES,NORTHAMPTONSHIRE HEALTHCARE NHS FOUNDATION TRUST,22041069,"352,763.00 ",654403940,5139936
Department of Health,NHS Nene CCG,31/05/2018,Hcare Srv Rec Fdtn Trust-Contract Baseline,LEARNING DIFFICULTIES,NORTHAMPTONSHIRE HEALTHCARE NHS FOUNDATION TRUST,22041078,"(41,000.00)",654403940,5139953
Department of Health,NHS Nene CCG,31/05/2018,Hcare Srv Rec Fdtn Trust-Contract Baseline,COMMUNITY SERVICES,NORTHAMPTONSHIRE HEALTHCARE NHS FOUNDATION TRUST,22041104,"(1,075,200.00)",654403940,5139925
Department of Health,NHS Nene CCG,31/05/2018,Hcare Srv Rec Fdtn Trust-Contract Baseline,COMMUNITY SERVICES,NORTHAMPTONSHIRE HEALTHCARE NHS FOUNDATION TRUST,22041210,"257,007.00 ",654403940,5140495
Department of Health,NHS Nene CCG,31/05/2018,Clinical&Medical-Serv Recd-F Trsts,MENTAL HEALTH SERVICES - ADULTS,NORTHAMPTONSHIRE HEALTHCARE NHS FOUNDATION TRUST,22041212,"(191,680.00)",654403940,5140497
Department of Health,NHS Nene CCG,31/05/2018,Contr Other External,RECHARGES NHS PROPERTY SERVICES LTD,NORTHAMPTONSHIRE HEALTHCARE NHS FOUNDATION TRUST,22136138,"782,518.00 ",654403940,5139938
Department of Health,NHS Nene CCG,31/05/2018,Contr Other External,RECHARGES NHS PROPERTY SERVICES LTD,NORTHAMPTONSHIRE HEALTHCARE NHS FOUNDATION TRUST,22136160,"27,925.00 ",654403940,5140219
Department of Health,NHS Nene CCG,31/05/2018,Contr Other External,RECHARGES NHS PROPERTY SERVICES LTD,NORTHAMPTONSHIRE HEALTHCARE NHS FOUNDATION TRUST,22136287,"(25,480.50)",654403940,5140496
Department of Health,NHS Nene CCG,31/05/2018,Clinical&Medical-Serv Recd-F Trsts,NON RECURRENT PROGRAMMES,NORTHAMPTONSHIRE HEALTHCARE NHS FOUNDATION TRUST,22156735,"25,828.75 ",654403940,5140679
Department of Health,NHS Nene CCG,31/05/2018,Clinical&Medical-Serv Recd-F Trsts,MENTAL HEALTH SERVICES - ADULTS,NORTHAMPTONSHIRE HEALTHCARE NHS FOUNDATION TRUST,22190041,"159,524.00 ",654403940,5137916
Department of Health,NHS Nene CCG,31/05/2018,Clinical&Medical-Serv Recd-F Trsts,MENTAL HEALTH SERVICES - ADULTS,NORTHAMPTONSHIRE HEALTHCARE NHS FOUNDATION TRUST,22190098,"85,709.00 ",654403940,5139672
Department of Health,NHS Nene CCG,31/05/2018,Clinical&Medical-Serv Recd-F Trsts,MENTAL HEALTH SERVICES - ADULTS,NORTHAMPTONSHIRE HEALTHCARE NHS FOUNDATION TRUST,22190119,"40,684.00 ",654403940,5139892
Department of Health,NHS Nene CCG,31/05/2018,Hcare Srv Rec Fdtn Trust-Contract Baseline,MENTAL HEALTH SERVICES - ADULTS,NORTHAMPTONSHIRE HEALTHCARE NHS FOUNDATION TRUST,22276041,"100,048.33 ",654403940,5140744
Department of Health,NHS Nene CCG,31/05/2018,Hcare Srv Rec Fdtn Trust-Contract Baseline,COMMUNITY SERVICES,NORTHAMPTONSHIRE HEALTHCARE NHS FOUNDATION TRUST,22276042,"9,808,870.00 ",654403940,5140746
Department of Health,NHS Nene CCG,31/05/2018,Training Expenses,PROGRAMME PROJECTS,NORTHAMPTONSHIRE LOCAL MEDICAL COMMITTEE,22258240,"31,000.00 ",,204A
Department of Health,NHS Nene CCG,31/05/2018,Hcare Srv Rec NHS Trust,ACUTE COMMISSIONING,NOTTINGHAM UNIVERSITY HOSPITALS NHS TRUST,22136495,"38,939.00 ",,2000092660
Department of Health,NHS Nene CCG,31/05/2018,Clinical&Medical-Serv Recd-F Trsts,MENTAL HEALTH SERVICES - ADULTS,OXFORD HEALTH NHS FOUNDATION TRUST,22258109,"95,496.46 ",GB654935896,A0109434
Department of Health,NHS Nene CCG,31/05/2018,Hlthcre-Foundation Trsts,ACUTE COMMISSIONING,OXFORD UNIVERSITY HOSPITALS NHS FOUNDATION TRUST,22041084,"(88,262.06)",654935407,CRN5186
Department of Health,NHS Nene CCG,31/05/2018,Hlthcre-Foundation Trsts,ACUTE COMMISSIONING,OXFORD UNIVERSITY HOSPITALS NHS FOUNDATION TRUST,22041216,"1,508,853.00 ",654935407,8277116
Department of Health,NHS Nene CCG,31/05/2018,Hlthcre-Foundation Trsts,ACUTE COMMISSIONING,OXFORD UNIVERSITY HOSPITALS NHS FOUNDATION TRUST,22041218,"(38,875.00)",654935407,CRN5213
Department of Health,NHS Nene CCG,31/05/2018,Hlthcre-Foundation Trsts,ACUTE COMMISSIONING,OXFORD UNIVERSITY HOSPITALS NHS FOUNDATION TRUST,22041281,"88,262.06 ",654935407,8277180
Department of Health,NHS Nene CCG,31/05/2018,Hlthcre-Foundation Trsts,ACUTE COMMISSIONING,OXFORD UNIVERSITY HOSPITALS NHS FOUNDATION TRUST,22117191,"53,939.96 ",654935407,8277397
Department of Health,NHS Nene CCG,31/05/2018,Hlthcre-Foundation Trsts,ACUTE COMMISSIONING,OXFORD UNIVERSITY HOSPITALS NHS FOUNDATION TRUST,22190191,"(186,552.13)",654935407,CRN5207
Department of Health,NHS Nene CCG,31/05/2018,Hlthcre-Foundation Trsts,ACUTE COMMISSIONING,OXFORD UNIVERSITY HOSPITALS NHS FOUNDATION TRUST,22426073,"1,508,853.00 ",654935407,8279243
Department of Health,NHS Nene CCG,31/05/2018,C&M-PMS LES Basket of Procedures,LOCAL ENHANCED SERVICES,PARKS MEDICAL PRACTICE,22300888,"29,453.82 ",,M21819K83052
Department of Health,NHS Nene CCG,31/05/2018,Clinical&Medical-Commercial Sector,COMMUNITY SERVICES,PRIMECARE,22136325,"95,157.35 ",228949560,20160502726
Department of Health,NHS Nene CCG,31/05/2018,Clinical&Medical-Commercial Sector,COMMUNITY SERVICES,PRIMECARE,22426109,"95,157.35 ",228949560,20160502733
Department of Health,NHS Nene CCG,31/05/2018,C&M-GMS Cost of Drugs -Dispensing,LOCAL ENHANCED SERVICES,RDE BLISWORTH HANSLOPE & GRANGE PARK SURGERIES,22391559,"(84,250.56)",,NO000025554
Department of Health,NHS Nene CCG,31/05/2018,C&M-GMS Cost of Drugs -Dispensing,LOCAL ENHANCED SERVICES,RDE BLISWORTH HANSLOPE & GRANGE PARK SURGERIES,22391560,"165,812.54 ",,NO000025555
Department of Health,NHS Nene CCG,31/05/2018,C&M-GMS PrscrptnChrgsColl&RmttdbyGP,LOCAL ENHANCED SERVICES,RDE BLISWORTH HANSLOPE & GRANGE PARK SURGERIES,22391560,"5,332.00 ",,NO000025555
Department of Health,NHS Nene CCG,31/05/2018,Cont Care-Learning Disab(<65),CHC ADULT FULLY FUNDED,RICHARDSON PARTNERSHIP FOR CARE,22166667,"43,811.52 ",,2CHC1381819
Department of Health,NHS Nene CCG,31/05/2018,C&M-PMS LES Basket of Procedures,LOCAL ENHANCED SERVICES,ROTHWELL & DESBOROUGH SURGERIES,22300863,"31,065.96 ",,M21819K83021
Department of Health,NHS Nene CCG,31/05/2018,Clinical&Medical-Serv Recd-F Trsts,NON RECURRENT PROGRAMMES,ROYAL BROMPTON & HAREFIELD NHS FOUNDATION TRUST,22381259,"2,880.71 ",,N002059
Department of Health,NHS Nene CCG,31/05/2018,Hcare Srv Rec Fdtn Trust-Non Contract,NCAS/OATS,ROYAL BROMPTON & HAREFIELD NHS FOUNDATION TRUST,22381259,"77,467.97 ",,N002059
Department of Health,NHS Nene CCG,31/05/2018,Clinical&Medical-Serv Recd-F Trsts,NON RECURRENT PROGRAMMES,ROYAL FREE LONDON NHS FOUNDATION TRUST,22156438,929.00 ,654946987,I0155542
Department of Health,NHS Nene CCG,31/05/2018,Hcare Srv Rec Fdtn Trust-Non Contract,NCAS/OATS,ROYAL FREE LONDON NHS FOUNDATION TRUST,22156438,"33,497.00 ",654946987,I0155542
Department of Health,NHS Nene CCG,31/05/2018,Hcare Srv Rec NHS Trust,ACUTE COMMISSIONING,ROYAL NATIONAL ORTHOPAEDIC HOSPITAL NHS TRUST,22156743,"37,017.00 ",,B0036694
Department of Health,NHS Nene CCG,31/05/2018,C&M-GMS Cost of Drugs -Dispensing,LOCAL ENHANCED SERVICES,SAXON SPIRES PRACTICE,22391562,"(66,919.30)",,NO000025557
Department of Health,NHS Nene CCG,31/05/2018,C&M-GMS Cost of Drugs -Dispensing,LOCAL ENHANCED SERVICES,SAXON SPIRES PRACTICE,22391563,"138,920.18 ",,NO000025558
Department of Health,NHS Nene CCG,31/05/2018,C&M-GMS PrscrptnChrgsColl&RmttdbyGP,LOCAL ENHANCED SERVICES,SAXON SPIRES PRACTICE,22391563,"6,647.80 ",,NO000025558
Department of Health,NHS Nene CCG,31/05/2018,C&M-GMS Cost of Drugs -Dispensing,LOCAL ENHANCED SERVICES,SPINNEY BROOK HEALTH CENTRE,22391569,"35,980.06 ",,NO000025564
Department of Health,NHS Nene CCG,31/05/2018,C&M-GMS PrscrptnChrgsColl&RmttdbyGP,LOCAL ENHANCED SERVICES,SPINNEY BROOK HEALTH CENTRE,22391569,481.60 ,,NO000025564
Department of Health,NHS Nene CCG,31/05/2018,C&M-GMS Cost of Drugs -Dispensing,LOCAL ENHANCED SERVICES,SPRINGFIELD SURGERY BRACKLEY,22391567,"53,078.94 ",,NO000025562
Department of Health,NHS Nene CCG,31/05/2018,C&M-GMS PrscrptnChrgsColl&RmttdbyGP,LOCAL ENHANCED SERVICES,SPRINGFIELD SURGERY BRACKLEY,22391567,"2,012.40 ",,NO000025562
Department of Health,NHS Nene CCG,31/05/2018,Cont Care-Mental Health (65+),CHC ADULT FULLY FUNDED,ST MATTHEWS LTD,22166604,"29,009.38 ",,2CHC741819
Department of Health,NHS Nene CCG,31/05/2018,Cont Care-Learning Disab(<65),NON RECURRENT PROGRAMMES,ST MATTHEWS LTD,22257871,"43,416.00 ",,STMNENECCG01A2
Department of Health,NHS Nene CCG,31/05/2018,Clinical&Medical-Commercial Sector,NON RECURRENT PROGRAMMES,ST MATTHEWS LTD,22277445,"59,407.95 ",,STMNENECCG02A2
Department of Health,NHS Nene CCG,31/05/2018,Clinical&Medical-Commercial Sector,PATIENT TRANSPORT,THAMES AMBULANCE SERVICE LTD,22053502,"164,331.47 ",809846883,20037
Department of Health,NHS Nene CCG,31/05/2018,Clinical&Medical-Voluntary Sector,MENTAL HEALTH SERVICES - ADULTS,TOGETHER FOR MENTAL WELLBEING,22051725,"28,335.00 ",,113114
Department of Health,NHS Nene CCG,31/05/2018,C&M-GMS Cost of Drugs -Dispensing,LOCAL ENHANCED SERVICES,TOWCESTER MEDICAL CENTRE,22391573,"32,208.28 ",,NO000025568
Department of Health,NHS Nene CCG,31/05/2018,C&M-GMS PrscrptnChrgsColl&RmttdbyGP,LOCAL ENHANCED SERVICES,TOWCESTER MEDICAL CENTRE,22391573,"1,143.80 ",,NO000025568
Department of Health,NHS Nene CCG,31/05/2018,Computer Software/License,GP FORWARD VIEW,TRANSFORMING SYSTEMS LTD,22259443,"54,000.00 ",120834249,124
Department of Health,NHS Nene CCG,31/05/2018,Computer Software/License,QUALITY PREMIUM PROGRAMME,TRUSTMARQUE SOLUTIONS LTD,22409873,"27,191.14 ",GB 618 184 140,2272599
Department of Health,NHS Nene CCG,31/05/2018,Hlthcre-Foundation Trsts,ACUTE COMMISSIONING,UNIVERSITY COLLEGE LONDON HOSPITALS NHS FOUNDATION TRUST,22041236,"55,226.00 ",654948687,SLA3540
Department of Health,NHS Nene CCG,31/05/2018,Hcare Srv Rec NHS Trust,ACUTE COMMISSIONING,UNIVERSITY HOSPITALS COVENTRY AND WARWICKSHIRE NHS TRUST,22041232,"609,625.67 ",,1000063058
Department of Health,NHS Nene CCG,31/05/2018,Hcare Srv Rec NHS Trust,ACUTE COMMISSIONING,UNIVERSITY HOSPITALS OF LEICESTER NHS TRUST,22041214,"584,159.00 ",654972400,L0207325
Department of Health,NHS Nene CCG,31/05/2018,Hcare Srv Rec NHS Trust,ACUTE COMMISSIONING,UNIVERSITY HOSPITALS OF LEICESTER NHS TRUST,22041261,"74,235.58 ",654972400,L0208305
Department of Health,NHS Nene CCG,31/05/2018,Hcare Srv Rec NHS Trust,ACUTE COMMISSIONING,UNIVERSITY HOSPITALS OF LEICESTER NHS TRUST,22190175,"(52,441.00)",654972400,C0020615
Department of Health,NHS Nene CCG,31/05/2018,Hcare Srv Rec NHS Trust,ACUTE COMMISSIONING,UNIVERSITY HOSPITALS OF LEICESTER NHS TRUST,22426087,"584,159.00 ",654972400,L0209281
Department of Health,NHS Nene CCG,31/05/2018,C&M-PMS LES Basket of Procedures,LOCAL ENHANCED SERVICES,WEAVERS MEDICAL,22300887,"28,381.02 ",,M21819K83051
Department of Health,NHS Nene CCG,31/05/2018,C&M-GMS Cost of Drugs -Dispensing,LOCAL ENHANCED SERVICES,WOLLASTON SURGERY,22391577,"25,500.10 ",,NO000025572
Department of Health,NHS Nene CCG,31/05/2018,C&M-GMS PrscrptnChrgsColl&RmttdbyGP,LOCAL ENHANCED SERVICES,WOLLASTON SURGERY,22391577,799.60 ,,NO000025572
Department of Health,NHS Nene CCG,31/05/2018,Clinical&Medical-Commercial Sector,ACUTE COMMISSIONING,WOODLAND HOSPITAL,22041268,"1,052,134.00 ",,KETL86504201802
