HTTP/1.1 200 OK
Date: Mon, 01 Jul 2019 08:47:18 GMT
Server: Apache
Set-Cookie: PHPSESSID=r7gujdr354436suf25905orie5; path=/
Expires: 0
Cache-Control: max-age=300, private, proxy-revalidate
Pragma: public
Content-Description: File Transfer
Content-Disposition: attachment; filename="04G Nene Expenditure Over 25K Report - December 2018 (CSV).csv"
Vary: Accept-Encoding
Content-Encoding: gzip
Content-Length: 5162
Content-Type: application/octet-stream

04G NENE CCG Over 25K Report December 18,,,,,,,,,
A3131 - Expenditure Over Threshold,,,,,,,,,
Time run: 02/01/2019 08:29:23,,,,,,,,,
Department family,Entity,Date,Expense Type,Expense area,Supplier,Transaction number,AP Amount (�),VAT registration number,Purchase invoice number
Department of Health,NHS Nene CCG,31/12/2018,C&M-PMS LES Basket of Procedures,LOCAL ENHANCED SERVICES,ABBEY HOUSE MEDICAL PRACTICE,25278057,"26,068.80 ",,M91819K83032
Department of Health,NHS Nene CCG,31/12/2018,Clinical&Medical-Clinical Other,PROGRAMME PROJECTS,AGE CONCERN NORTHAMPTONSHIRE,25350561,"50,000.00 ",,5591
Department of Health,NHS Nene CCG,31/12/2018,Cont Care-Funded Nursing Care Allow,FUNDED NURSING CARE,AGE NURSING HOMES LTD,25202167,"27,357.14 ",,9CHC301819
Department of Health,NHS Nene CCG,31/12/2018,Cont Care-Physical Disab (65+),CHC ADULT FULLY FUNDED,AGE NURSING HOMES LTD,25202296,"36,072.30 ",,9CHC991819
Department of Health,NHS Nene CCG,31/12/2018,Cont Care- Palliative Care,CHC ADULT FULLY FUNDED,AGE NURSING HOMES LTD,25202298,"42,548.56 ",,9CHC1001819
Department of Health,NHS Nene CCG,31/12/2018,Clinical&Medical-Independent Sector,Learning Difficulties - S117,ALDERWOOD LLA LTD,25202115,"43,007.80 ",,9CHC041819
Department of Health,NHS Nene CCG,31/12/2018,Cont Care-Learning Disab(<65),CHC ADULT FULLY FUNDED,ALDERWOOD LLA LTD,25202119,"203,370.00 ",,9CHC061819
Department of Health,NHS Nene CCG,31/12/2018,Cont Care-Funded Nursing Care Allow,FUNDED NURSING CARE,ALPHA CARE MANAGEMENT SERVICES NO2 LTD,25202180,"28,062.03 ",,9CHC361819
Department of Health,NHS Nene CCG,31/12/2018,C&M-GMS Cost of Drugs -Dispensing,LOCAL ENHANCED SERVICES,ASPIRO HEALTHCARE,25346643,"26,538.58 ",183544983,NO000027879
Department of Health,NHS Nene CCG,31/12/2018,C&M-GMS PrscrptnChrgsColl&RmttdbyGP,LOCAL ENHANCED SERVICES,ASPIRO HEALTHCARE,25346643,730.40 ,183544983,NO000027879
Department of Health,NHS Nene CCG,31/12/2018,Hcare Srv Rec NHS Trust,ACUTE COMMISSIONING,BEDFORD HOSPITAL NHS TRUST,25064695,"129,636.50 ",654912424,I0167963
Department of Health,NHS Nene CCG,31/12/2018,Clinical&Medical-Independent Sector,ACUTE COMMISSIONING,BMI HEALTHCARE LTD,25171439,"51,188.96 ",GB235134980,0000100611
Department of Health,NHS Nene CCG,31/12/2018,Clinical&Medical-Independent Sector,ACUTE COMMISSIONING,BMI HEALTHCARE LTD,25171445,"800,689.64 ",GB235134980,0000101034
Department of Health,NHS Nene CCG,31/12/2018,Clinical&Medical-Independent Sector,NCAS/OATS,BMI HEALTHCARE LTD,25195493,"33,793.68 ",GB235134980,0000100609
Department of Health,NHS Nene CCG,31/12/2018,Clinical&Medical-Clinical Other,ACUTE COMMISSIONING,BPAS,25081235,"59,372.67 ",855924881,39180
Department of Health,NHS Nene CCG,31/12/2018,C&M-GMS Cost of Drugs -Dispensing,LOCAL ENHANCED SERVICES,BRACKLEY MEDICAL CENTRE,25347340,"(40,250.35)",,NO000027883
Department of Health,NHS Nene CCG,31/12/2018,C&M-GMS Cost of Drugs -Dispensing,LOCAL ENHANCED SERVICES,BRACKLEY MEDICAL CENTRE,25347341,"79,150.79 ",,NO000027884
Department of Health,NHS Nene CCG,31/12/2018,C&M-GMS PrscrptnChrgsColl&RmttdbyGP,LOCAL ENHANCED SERVICES,BRACKLEY MEDICAL CENTRE,25347341,"2,710.40 ",,NO000027884
Department of Health,NHS Nene CCG,31/12/2018,Cont Care- Palliative Care,CHC ADULT FULLY FUNDED,BRIGHTERKIND,25202153,"31,563.73 ",9273655991,9CHC241819
Department of Health,NHS Nene CCG,31/12/2018,C&M-GMS Cost of Drugs -Dispensing,LOCAL ENHANCED SERVICES,BROOK HEALTH CENTRE,25347272,"(35,944.45)",,NO000027813
Department of Health,NHS Nene CCG,31/12/2018,C&M-GMS Cost of Drugs -Dispensing,LOCAL ENHANCED SERVICES,BROOK HEALTH CENTRE,25347273,"57,476.13 ",,NO000027814
Department of Health,NHS Nene CCG,31/12/2018,C&M-GMS PrscrptnChrgsColl&RmttdbyGP,LOCAL ENHANCED SERVICES,BROOK HEALTH CENTRE,25347273,"1,346.40 ",,NO000027814
Department of Health,NHS Nene CCG,31/12/2018,Computer Network Costs,PRIMARY CARE IT,BT GLOBAL SERVICES,25023385,"37,820.24 ",245719348,0790261636
Department of Health,NHS Nene CCG,31/12/2018,Computer Network Costs,PRIMARY CARE IT,BT GLOBAL SERVICES,25350630,"37,820.24 ",245719348,0790264074
Department of Health,NHS Nene CCG,31/12/2018,C&M-GMS Cost of Drugs -Dispensing,LOCAL ENHANCED SERVICES,BUGBROOKE MEDICAL PRACTICE,25347267,"(49,309.82)",,NO000027808
Department of Health,NHS Nene CCG,31/12/2018,C&M-GMS Cost of Drugs -Dispensing,LOCAL ENHANCED SERVICES,BUGBROOKE MEDICAL PRACTICE,25347268,"97,967.23 ",,NO000027809
Department of Health,NHS Nene CCG,31/12/2018,C&M-GMS PrscrptnChrgsColl&RmttdbyGP,LOCAL ENHANCED SERVICES,BUGBROOKE MEDICAL PRACTICE,25347268,"3,722.40 ",,NO000027809
Department of Health,NHS Nene CCG,31/12/2018,C&M-GMS Cost of Drugs -Dispensing,LOCAL ENHANCED SERVICES,BYFIELD MEDICAL CENTRE,25347270,"(44,471.92)",,NO000027811
Department of Health,NHS Nene CCG,31/12/2018,C&M-GMS Cost of Drugs -Dispensing,LOCAL ENHANCED SERVICES,BYFIELD MEDICAL CENTRE,25347271,"77,567.78 ",,NO000027812
Department of Health,NHS Nene CCG,31/12/2018,C&M-GMS PrscrptnChrgsColl&RmttdbyGP,LOCAL ENHANCED SERVICES,BYFIELD MEDICAL CENTRE,25347271,"3,968.80 ",,NO000027812
Department of Health,NHS Nene CCG,31/12/2018,Hlthcre-Foundation Trsts,ACUTE COMMISSIONING,CAMBRIDGE UNIVERSITY HOSPITALS NHS FOUNDATION TRUST,25291547,"105,667.05 ",654910528,70022263
Department of Health,NHS Nene CCG,31/12/2018,Clinical&Medical-Commercial Sector,ACUTE COMMISSIONING,CARE NORTHAMPTON,25331503,"25,262.00 ",,479708
Department of Health,NHS Nene CCG,31/12/2018,Clinical&Medical-Serv Recd-F Trsts,Children's Continuing Care,CENTRAL & NORTH WEST LONDON NHS FOUNDATION TRUST,25350565,"2,628.00 ",654970895,53478859
Department of Health,NHS Nene CCG,31/12/2018,Clinical&Medical-Serv Recd-F Trsts,MENTAL HEALTH SERVICES - NOT CONTRACTED ACTIVITY,CENTRAL & NORTH WEST LONDON NHS FOUNDATION TRUST,25350565,"24,998.00 ",654970895,53478859
Department of Health,NHS Nene CCG,31/12/2018,Clinical&Medical-Commercial Sector,COMMUNITY SERVICES,CHAS A BLATCHFORD & SONS LTD,25158575,"158,978.41 ",787452287,830574
Department of Health,NHS Nene CCG,31/12/2018,Clinical&Medical-Clinical Other,URGENT CARE,CHS HEALTHCARE,25240803,"44,400.00 ",669927759,28302
Department of Health,NHS Nene CCG,31/12/2018,Cont Care-Funded Nursing Care Allow,FUNDED NURSING CARE,COTTAGE NURSING HOME LTD,25202321,"26,209.34 ",,9CHC1111819
Department of Health,NHS Nene CCG,31/12/2018,C&M-GMS Cost of Drugs -Dispensing,LOCAL ENHANCED SERVICES,CRICK SURGERY,25347276,"(46,035.90)",,NO000027817
Department of Health,NHS Nene CCG,31/12/2018,C&M-GMS Cost of Drugs -Dispensing,LOCAL ENHANCED SERVICES,CRICK SURGERY,25347277,"87,975.00 ",,NO000027818
Department of Health,NHS Nene CCG,31/12/2018,C&M-GMS PrscrptnChrgsColl&RmttdbyGP,LOCAL ENHANCED SERVICES,CRICK SURGERY,25347277,"4,004.00 ",,NO000027818
Department of Health,NHS Nene CCG,31/12/2018,Computer Hardware Purch,PRIMARY CARE IT,DELL CORPORATION LTD,24993821,"26,640.00 ",635823528,7402487024
Department of Health,NHS Nene CCG,31/12/2018,C&M-GMS Cost of Drugs -Dispensing,LOCAL ENHANCED SERVICES,DENTON SURGERY,25347282,"(67,156.54)",,NO000027823
Department of Health,NHS Nene CCG,31/12/2018,C&M-GMS Cost of Drugs -Dispensing,LOCAL ENHANCED SERVICES,DENTON SURGERY,25347283,"123,461.56 ",,NO000027824
Department of Health,NHS Nene CCG,31/12/2018,C&M-GMS PrscrptnChrgsColl&RmttdbyGP,LOCAL ENHANCED SERVICES,DENTON SURGERY,25347283,"5,156.80 ",,NO000027824
Department of Health,NHS Nene CCG,31/12/2018,Clinical&Medical-Clinical Other,NHS 111,DHU 111 (EAST MIDLANDS) CIC,25023506,"220,316.14 ",GB257028406,926
Department of Health,NHS Nene CCG,31/12/2018,C&M-GMS Cost of Drugs -Dispensing,LOCAL ENHANCED SERVICES,EARLS BARTON SURGERY,25347291,"34,672.17 ",,NO000027832
Department of Health,NHS Nene CCG,31/12/2018,C&M-GMS PrscrptnChrgsColl&RmttdbyGP,LOCAL ENHANCED SERVICES,EARLS BARTON SURGERY,25347291,976.80 ,,NO000027832
Department of Health,NHS Nene CCG,31/12/2018,Hcare Srv Rec NHS Trust,AMBULANCE SERVICES,EAST MIDLANDS AMBULANCE SERVICE NHS TRUST,25129475,"1,570,359.00 ",,11313002
Department of Health,NHS Nene CCG,31/12/2018,C&M-GMS NES Minor Injury Services,LOCAL ENHANCED SERVICES,GENERAL PRACTICE ALLIANCE,25158606,"22,668.82 ",,NENEIS2008
Department of Health,NHS Nene CCG,31/12/2018,C&M-GMS PCO Other,LOCAL ENHANCED SERVICES,GENERAL PRACTICE ALLIANCE,25158606,"52,346.83 ",,NENEIS2008
Department of Health,NHS Nene CCG,31/12/2018,Clinical&Medical-Clinical Other,LOCAL ENHANCED SERVICES,GENERAL PRACTICE ALLIANCE,25158606,"39,290.00 ",,NENEIS2008
Department of Health,NHS Nene CCG,31/12/2018,Hcare Srv Rec NHS Trust-Non Contract,NON RECURRENT PROGRAMMES,GEORGE ELIOT HOSPITAL NHS TRUST,25331446,"32,616.70 ",GB 654922420,T0126138
Department of Health,NHS Nene CCG,31/12/2018,C&M-GMS Cost of Drugs -Dispensing,LOCAL ENHANCED SERVICES,GREENS NORTON & WEEDON MEDICAL PRACTICE,25347293,"(93,333.14)",,NO000027834
Department of Health,NHS Nene CCG,31/12/2018,C&M-GMS Cost of Drugs -Dispensing,LOCAL ENHANCED SERVICES,GREENS NORTON & WEEDON MEDICAL PRACTICE,25347294,"189,952.40 ",,NO000027835
Department of Health,NHS Nene CCG,31/12/2018,C&M-GMS PrscrptnChrgsColl&RmttdbyGP,LOCAL ENHANCED SERVICES,GREENS NORTON & WEEDON MEDICAL PRACTICE,25347294,"7,286.40 ",,NO000027835
Department of Health,NHS Nene CCG,31/12/2018,Hlthcre-Foundation Trsts,ACUTE COMMISSIONING,GUYS & ST THOMAS HOSPITAL NHS FOUNDATION TRUST,25064803,"41,632.00 ",654923417,3251868
Department of Health,NHS Nene CCG,31/12/2018,Apprenticeship Levy Payable,BALANCE SHEET,HMRC,25169038,"1,326.00 ",,120PV005700901908
Department of Health,NHS Nene CCG,31/12/2018,Income tax <1Yr,BALANCE SHEET,HMRC,25169038,"82,638.16 ",,120PV005700901908
Department of Health,NHS Nene CCG,31/12/2018,Income tax <1Yr-Student Loans,BALANCE SHEET,HMRC,25169038,643.00 ,,120PV005700901908
Department of Health,NHS Nene CCG,31/12/2018,National Insurance < 1 yr-NI- ERS,BALANCE SHEET,HMRC,25169038,"56,838.72 ",,120PV005700901908
Department of Health,NHS Nene CCG,31/12/2018,National Insurance < 1 yr-NI-EES,BALANCE SHEET,HMRC,25169038,"40,406.53 ",,120PV005700901908
Department of Health,NHS Nene CCG,31/12/2018,Statutory Mat Pay < 1 yr,BALANCE SHEET,HMRC,25169038,(667.85),,120PV005700901908
Department of Health,NHS Nene CCG,31/12/2018,Clinical&Medical-Independent Sector,ACUTE COMMISSIONING,HORTON HOSPITAL,25066593,"208,585.83 ",,HORNEN201809
Department of Health,NHS Nene CCG,31/12/2018,Clinical&Medical-Independent Sector,ACUTE COMMISSIONING,HORTON HOSPITAL,25171389,"(36,332.86)",,HORNENR201806
Department of Health,NHS Nene CCG,31/12/2018,Clinical&Medical-Independent Sector,ACUTE COMMISSIONING,HORTON HOSPITAL,25171458,"29,123.91 ",,HORNENR201807
Department of Health,NHS Nene CCG,31/12/2018,Clinical&Medical-Clinical Other,OUT OF HOURS,INTEGRATED CARE 24 LTD,25158515,"424,106.67 ",991241024,2285
Department of Health,NHS Nene CCG,31/12/2018,Cont Care-Funded Nursing Care Allow,FUNDED NURSING CARE,KENROYAL NURSING & RESIDENTIAL CARE HOME,25202229,"41,663.78 ",,9CHC631819
Department of Health,NHS Nene CCG,31/12/2018,Hlthcre-Foundation Trsts,ACUTE COMMISSIONING,KETTERING GENERAL HOSPITAL NHS FOUNDATION TRUST,25291462,"11,516,338.00 ",654926604,A0038411
Department of Health,NHS Nene CCG,31/12/2018,Hcare Srv Rec Fdtn Trust-Non Contract,ACUTE COMMISSIONING,KETTERING GENERAL HOSPITAL NHS FOUNDATION TRUST,25331566,"464,658.00 ",654926604,A0038429
Department of Health,NHS Nene CCG,31/12/2018,Hcare Srv Rec Fdtn Trust-Non Contract,NCAS/OATS,KING`S COLLEGE HOSPITAL NHS FOUNDATION TRUST,25220316,"32,696.00 ",654926800,00265507
Department of Health,NHS Nene CCG,31/12/2018,Clinical&Medical-Commercial Sector,ACUTE COMMISSIONING,LAKESIDE PLUS CO LTD,25240747,"70,862.40 ",,4217
Department of Health,NHS Nene CCG,31/12/2018,C&M-GMS Cost of Drugs -Dispensing,LOCAL ENHANCED SERVICES,LONG BUCKBY PRACTICE,25347303,"37,327.51 ",,NO000027844
Department of Health,NHS Nene CCG,31/12/2018,C&M-GMS PrscrptnChrgsColl&RmttdbyGP,LOCAL ENHANCED SERVICES,LONG BUCKBY PRACTICE,25347303,"1,038.40 ",,NO000027844
Department of Health,NHS Nene CCG,31/12/2018,Clinical&Medical-Commercial Sector,MENTAL HEALTH SERVICES - ADULTS,MAPLYN CARE SERVICES LTD,25240565,"28,095.26 ",,IN001181
Department of Health,NHS Nene CCG,31/12/2018,Social Care-Domiciliary Care Exp,MENTAL HEALTH SERVICES - ADULTS,MAPLYN CARE SERVICES LTD,25240565,"11,244.26 ",,IN001181
Department of Health,NHS Nene CCG,31/12/2018,Clinical&Medical-Commercial Sector,MENTAL HEALTH SERVICES - ADULTS,MAPLYN CARE SERVICES LTD,25350626,"34,381.08 ",,IN001200
Department of Health,NHS Nene CCG,31/12/2018,Social Care-Domiciliary Care Exp,MENTAL HEALTH SERVICES - ADULTS,MAPLYN CARE SERVICES LTD,25350626,"14,793.32 ",,IN001200
Department of Health,NHS Nene CCG,31/12/2018,Clinical&Medical-Commercial Sector,WHEELCHAIR SERVICE,MILLBROOK HEALTHCARE LTD,25350598,"33,116.16 ",GB675991080,20537
Department of Health,NHS Nene CCG,31/12/2018,Clinical&Medical-Commercial Sector,WHEELCHAIR SERVICE,MILLBROOK HEALTHCARE LTD,25350603,"159,122.75 ",GB675991080,20075
Department of Health,NHS Nene CCG,31/12/2018,Clinical&Medical-Commercial Sector,WHEELCHAIR SERVICE,MILLBROOK HEALTHCARE LTD,25350606,"170,043.58 ",GB675991080,20610
Department of Health,NHS Nene CCG,31/12/2018,Hlthcre-Foundation Trsts,ACUTE COMMISSIONING,MILTON KEYNES HOSPITAL NHS FOUNDATION TRUST,25066211,"282,536.00 ",654930618,42943090
Department of Health,NHS Nene CCG,31/12/2018,Cont Care-Learning Disab(<65),CHC ADULT FULLY FUNDED,NAS SERVICES LTD,25064752,"25,364.60 ",653 370050,ASW2318959
Department of Health,NHS Nene CCG,31/12/2018,Cont Care-Learning Disab(<65),CHC ADULT FULLY FUNDED,NAS SERVICES LTD,25350693,"25,364.60 ",653 370050,ASW2321556
Department of Health,NHS Nene CCG,31/12/2018,Cont Care-Mental Health (<65),CHC AD FULL FUND PERS HLTH BUD,NATHAN TREW,25030652,"32,223.71 ",,35PHB1471819
Department of Health,NHS Nene CCG,31/12/2018,C&M-GMS Cost of Drugs -Dispensing,LOCAL ENHANCED SERVICES,NENE VALLEY SURGERY,25347313,"(35,749.74)",,NO000027854
Department of Health,NHS Nene CCG,31/12/2018,C&M-GMS Cost of Drugs -Dispensing,LOCAL ENHANCED SERVICES,NENE VALLEY SURGERY,25347314,"78,578.04 ",,NO000027855
Department of Health,NHS Nene CCG,31/12/2018,C&M-GMS PrscrptnChrgsColl&RmttdbyGP,LOCAL ENHANCED SERVICES,NENE VALLEY SURGERY,25347314,"2,226.40 ",,NO000027855
Department of Health,NHS Nene CCG,31/12/2018,Charges from CSU,CONTINUING HEALTHCARE ASSESSMENT & SUPPORT,NHS ARDEN AND GEM CSU,25243454,"168,519.73 ",GB526164259,7312612523
Department of Health,NHS Nene CCG,31/12/2018,Hcare Srv Rec NHS CCG-Non Contract,NON RECURRENT PROGRAMMES,NHS EAST LEICESTERSHIRE AND RUTLAND CCG,25081174,"25,246.10 ",,7016702013
Department of Health,NHS Nene CCG,31/12/2018,Charges from CSU,COMMISSIONING,NHS NEL CSU,25158566,"247,180.64 ",GB654442045,7312807876
Department of Health,NHS Nene CCG,31/12/2018,Charges from CSU,PRIMARY CARE IT,NHS NEL CSU,25158566,"129,358.33 ",GB654442045,7312807876
Department of Health,NHS Nene CCG,31/12/2018,Oth Pybls <1Yr-Other,BALANCE SHEET,NHS SUPPLY CHAIN,25047560,"28,384.64 ",,1019173179
Department of Health,NHS Nene CCG,31/12/2018,Oth Pybls <1Yr-Other,BALANCE SHEET,NHS SUPPLY CHAIN,25195768,"26,329.50 ",,1019179603
Department of Health,NHS Nene CCG,31/12/2018,Oth Pybls <1Yr-Other,BALANCE SHEET,NHS SUPPLY CHAIN,25269217,"25,407.40 ",,1019184981
Department of Health,NHS Nene CCG,31/12/2018,Hlthcre-Foundation Trsts,ACUTE COMMISSIONING,NORTH WEST ANGLIA NHS FOUNDATION TRUST,25064941,"65,848.91 ",GB654936110,17443665
Department of Health,NHS Nene CCG,31/12/2018,Hcare Srv Rec NHS Trust,ACUTE COMMISSIONING,NORTHAMPTON GENERAL HOSPITAL NHS TRUST,25291355,"18,683,345.00 ",654933707,N0002426
Department of Health,NHS Nene CCG,31/12/2018,Clinical&Medical-Voluntary Sector,COMMUNITY SERVICES,NORTHAMPTONSHIRE CARERS,25240774,"40,900.24 ",,151SD
Department of Health,NHS Nene CCG,31/12/2018,Clinical&Medical-Clinical Other,URGENT CARE,NORTHAMPTONSHIRE COUNTY COUNCIL,25023365,"47,740.62 ",GB121480409,421000524035
Department of Health,NHS Nene CCG,31/12/2018,Cont Care- Prior Year Payments,Children's Continuing Care Personal Health Budgets,NORTHAMPTONSHIRE COUNTY COUNCIL,25350616,"113,060.55 ",GB121480409,421000602616
Department of Health,NHS Nene CCG,31/12/2018,Cont Care- Prior Year Payments,Children's Continuing Care Personal Health Budgets,NORTHAMPTONSHIRE COUNTY COUNCIL,25350635,"(113,060.55)",GB121480409,421000608935
Department of Health,NHS Nene CCG,31/12/2018,Cont Care- Prior Year Payments,Children's Continuing Care Personal Health Budgets,NORTHAMPTONSHIRE COUNTY COUNCIL,25350680,"113,060.55 ",GB121480409,421000294132
Department of Health,NHS Nene CCG,31/12/2018,Services From Local Authorities,QUALITY ASSURANCE,NORTHAMPTONSHIRE COUNTY COUNCIL,25363143,"48,949.00 ",GB121480409,421000603387
Department of Health,NHS Nene CCG,31/12/2018,Clinical&Medical-Serv Recd-F Trsts,CHILD AND ADOLESCENT MENTAL HEALTH,NORTHAMPTONSHIRE HEALTHCARE NHS FOUNDATION TRUST,25047440,"918,255.65 ",654403940,5142933
Department of Health,NHS Nene CCG,31/12/2018,Clinical&Medical-Serv Recd-F Trsts,COMMISSIONING - NON ACUTE,NORTHAMPTONSHIRE HEALTHCARE NHS FOUNDATION TRUST,25047445,"98,069.33 ",654403940,5142934
Department of Health,NHS Nene CCG,31/12/2018,Hcare Srv Rec Fdtn Trust-Contract Baseline,COMMUNITY SERVICES,NORTHAMPTONSHIRE HEALTHCARE NHS FOUNDATION TRUST,25220287,"9,808,870.00 ",654403940,5142932
Department of Health,NHS Nene CCG,31/12/2018,Clinical&Medical-Serv Recd-F Trsts,COMMISSIONING - NON ACUTE,NORTHAMPTONSHIRE HEALTHCARE NHS FOUNDATION TRUST,25240701,"111,317.80 ",654403940,5143053
Department of Health,NHS Nene CCG,31/12/2018,Hcare Srv Rec NHS Trust,ACUTE COMMISSIONING,NOTTINGHAM UNIVERSITY HOSPITALS NHS TRUST,25129735,"38,939.00 ",654434827,2000098007
Department of Health,NHS Nene CCG,31/12/2018,Clinical&Medical-Serv Recd-F Trsts,MENTAL HEALTH SERVICES - ADULTS,OXFORD HEALTH NHS FOUNDATION TRUST,25195675,"47,748.23 ",GB654935896,A0112308
Department of Health,NHS Nene CCG,31/12/2018,Hlthcre-Foundation Trsts,ACUTE COMMISSIONING,OXFORD UNIVERSITY HOSPITALS NHS FOUNDATION TRUST,25064766,"1,508,853.00 ",654935407,8290518
Department of Health,NHS Nene CCG,31/12/2018,Hlthcre-Foundation Trsts,ACUTE COMMISSIONING,OXFORD UNIVERSITY HOSPITALS NHS FOUNDATION TRUST,25291290,"199,361.85 ",654935407,8291343
Department of Health,NHS Nene CCG,31/12/2018,Services From Local Authorities,QUALITY ASSURANCE,POLICE & CRIME COMMISSIONER FOR NORTHAMPTONSHIRE,25220284,"115,564.00 ",,9342017673
Department of Health,NHS Nene CCG,31/12/2018,Clinical&Medical-Clinical Other,URGENT CARE,PRIME LIFE LTD,25158558,"34,285.71 ",729839774,839545
Department of Health,NHS Nene CCG,31/12/2018,Clinical&Medical-Commercial Sector,COMMUNITY SERVICES,PRIMECARE,25047453,"95,157.35 ",228949560,201160502772
Department of Health,NHS Nene CCG,31/12/2018,C&M-GMS PCO Other,LOCAL ENHANCED SERVICES,PRINCIPAL MEDICAL,25023348,"64,769.24 ",,2002462
Department of Health,NHS Nene CCG,31/12/2018,Clinical&Medical-Independent Sector,NCAS/OATS,RAMSAY HEALTH CARE UK T/A BLAKELANDS HOSPITAL,25081188,"42,727.50 ",,BLANENR201803
Department of Health,NHS Nene CCG,31/12/2018,Clinical&Medical-Independent Sector,NCAS/OATS,RAMSAY HEALTH CARE UK T/A BLAKELANDS HOSPITAL,25081208,"36,612.00 ",,BLANENR201804
Department of Health,NHS Nene CCG,31/12/2018,C&M-GMS Cost of Drugs -Dispensing,LOCAL ENHANCED SERVICES,RDE BLISWORTH HANSLOPE & GRANGE PARK SURGERIES,25347319,"(116,740.81)",,NO000027860
Department of Health,NHS Nene CCG,31/12/2018,C&M-GMS Cost of Drugs -Dispensing,LOCAL ENHANCED SERVICES,RDE BLISWORTH HANSLOPE & GRANGE PARK SURGERIES,25347320,"216,123.22 ",,NO000027861
Department of Health,NHS Nene CCG,31/12/2018,C&M-GMS PrscrptnChrgsColl&RmttdbyGP,LOCAL ENHANCED SERVICES,RDE BLISWORTH HANSLOPE & GRANGE PARK SURGERIES,25347320,"6,168.80 ",,NO000027861
Department of Health,NHS Nene CCG,31/12/2018,Cont Care-Learning Disab(<65),CHC ADULT FULLY FUNDED,RICHARDSON PARTNERSHIP FOR CARE,25202329,"44,687.74 ",,9CHC1151819
Department of Health,NHS Nene CCG,31/12/2018,Clinical&Medical-Drugs,ACUTE COMMISSIONING,ROCHE DIABETES CARE LTD,25223013,"47,904.00 ",GB189655151,5130481813
Department of Health,NHS Nene CCG,31/12/2018,Cont Care- Palliative Care,CHC ADULT FULLY FUNDED,ROYAL BAY CARE HOME,25202326,"26,942.86 ",,9CHC1131819
Department of Health,NHS Nene CCG,31/12/2018,Hcare Srv Rec NHS Trust,ACUTE COMMISSIONING,ROYAL NATIONAL ORTHOPAEDIC HOSPITAL NHS TRUST,25064943,"37,018.00 ",654947494,B0038618
Department of Health,NHS Nene CCG,31/12/2018,Clinical&Medical-Serv Recd-F Trsts,NON RECURRENT PROGRAMMES,ROYAL PAPWORTH HOSPITAL NHS FOUNDATION TRUST,25267935,"224,280.00 ",GB654935994,I0091225
Department of Health,NHS Nene CCG,31/12/2018,Clinical&Medical-Serv Recd-F Trsts,NON RECURRENT PROGRAMMES,ROYAL PAPWORTH HOSPITAL NHS FOUNDATION TRUST,25269200,"(112,140.00)",GB654935994,57793584
Department of Health,NHS Nene CCG,31/12/2018,C&M-GMS Cost of Drugs -Dispensing,LOCAL ENHANCED SERVICES,SAXON SPIRES PRACTICE,25347323,"(76,186.88)",,NO000027864
Department of Health,NHS Nene CCG,31/12/2018,C&M-GMS Cost of Drugs -Dispensing,LOCAL ENHANCED SERVICES,SAXON SPIRES PRACTICE,25347324,"161,241.70 ",,NO000027865
Department of Health,NHS Nene CCG,31/12/2018,C&M-GMS PrscrptnChrgsColl&RmttdbyGP,LOCAL ENHANCED SERVICES,SAXON SPIRES PRACTICE,25347324,"6,987.20 ",,NO000027865
Department of Health,NHS Nene CCG,31/12/2018,Hcare Srv Rec Fdtn Trust-Non Contract,NCAS/OATS,SOUTH WARWICKSHIRE NHS FOUNDATION TRUST,25047401,"48,264.43 ",654942118,W0111224
Department of Health,NHS Nene CCG,31/12/2018,Hcare Srv Rec Fdtn Trust-Non Contract,NCAS/OATS,SOUTH WARWICKSHIRE NHS FOUNDATION TRUST,25220209,"45,066.49 ",654942118,W0109207
Department of Health,NHS Nene CCG,31/12/2018,Hcare Srv Rec Fdtn Trust-Non Contract,NCAS/OATS,SOUTH WARWICKSHIRE NHS FOUNDATION TRUST,25220235,"45,141.49 ",654942118,W0109728
Department of Health,NHS Nene CCG,31/12/2018,C&M-GMS Cost of Drugs -Dispensing,LOCAL ENHANCED SERVICES,SPINNEY BROOK HEALTH CENTRE,25347329,"(33,396.66)",,NO000027870
Department of Health,NHS Nene CCG,31/12/2018,C&M-GMS Cost of Drugs -Dispensing,LOCAL ENHANCED SERVICES,SPINNEY BROOK HEALTH CENTRE,25347330,"62,985.51 ",,NO000027871
Department of Health,NHS Nene CCG,31/12/2018,C&M-GMS PrscrptnChrgsColl&RmttdbyGP,LOCAL ENHANCED SERVICES,SPINNEY BROOK HEALTH CENTRE,25347330,792.00 ,,NO000027871
Department of Health,NHS Nene CCG,31/12/2018,C&M-GMS Cost of Drugs -Dispensing,LOCAL ENHANCED SERVICES,SPRINGFIELD SURGERY BRACKLEY,25347327,"(38,341.66)",,NO000027868
Department of Health,NHS Nene CCG,31/12/2018,C&M-GMS Cost of Drugs -Dispensing,LOCAL ENHANCED SERVICES,SPRINGFIELD SURGERY BRACKLEY,25347328,"72,913.99 ",,NO000027869
Department of Health,NHS Nene CCG,31/12/2018,C&M-GMS PrscrptnChrgsColl&RmttdbyGP,LOCAL ENHANCED SERVICES,SPRINGFIELD SURGERY BRACKLEY,25347328,"1,936.00 ",,NO000027869
Department of Health,NHS Nene CCG,31/12/2018,C&M-PMS LES Basket of Procedures,LOCAL ENHANCED SERVICES,ST LUKES PRIMARY CARE CENTRE,25278064,"27,085.09 ",,M91819K83041
Department of Health,NHS Nene CCG,31/12/2018,Cont Care-Mental Health (65+),CHC ADULT FULLY FUNDED,ST MATTHEWS LTD,25202233,"31,652.06 ",,9CHC651819
Department of Health,NHS Nene CCG,31/12/2018,Clinical&Medical-Commercial Sector,PATIENT TRANSPORT,THAMES AMBULANCE SERVICE LTD,25220271,"164,331.47 ",809846883,20765
Department of Health,NHS Nene CCG,31/12/2018,Clinical&Medical-Commercial Sector,PATIENT TRANSPORT,THAMES AMBULANCE SERVICE LTD,25311786,"102,750.00 ",809846883,20789
Department of Health,NHS Nene CCG,31/12/2018,Clinical&Medical-Commercial Sector,PATIENT TRANSPORT,THAMES AMBULANCE SERVICE LTD,25311898,"92,064.00 ",809846883,20827
Department of Health,NHS Nene CCG,31/12/2018,Clinical&Medical-Commercial Sector,PATIENT TRANSPORT,THAMES AMBULANCE SERVICE LTD,25311903,"(102,750.00)",809846883,1477
Department of Health,NHS Nene CCG,31/12/2018,C&M-GMS Cost of Drugs -Dispensing,LOCAL ENHANCED SERVICES,TOWCESTER MEDICAL CENTRE,25347333,"(25,442.98)",,NO000027874
Department of Health,NHS Nene CCG,31/12/2018,C&M-GMS Cost of Drugs -Dispensing,LOCAL ENHANCED SERVICES,TOWCESTER MEDICAL CENTRE,25347334,"49,253.50 ",,NO000027875
Department of Health,NHS Nene CCG,31/12/2018,C&M-GMS PrscrptnChrgsColl&RmttdbyGP,LOCAL ENHANCED SERVICES,TOWCESTER MEDICAL CENTRE,25347334,"1,012.00 ",,NO000027875
Department of Health,NHS Nene CCG,31/12/2018,Clinical&Medical-Commercial Sector,COMMUNITY SERVICES,UNIFIED HEALTH & CARE LTD,25081297,"27,756.83 ",GB268570567,262
Department of Health,NHS Nene CCG,31/12/2018,Clinical&Medical-Commercial Sector,COMMUNITY SERVICES,UNIFIED HEALTH & CARE LTD,25240908,"27,756.83 ",GB268570567,269
Department of Health,NHS Nene CCG,31/12/2018,Clinical&Medical-Commercial Sector,COMMUNITY SERVICES,UNIFIED HEALTH & CARE LTD,25331554,"27,756.83 ",GB268570567,271
Department of Health,NHS Nene CCG,31/12/2018,Hlthcre-Foundation Trsts,ACUTE COMMISSIONING,UNIVERSITY COLLEGE LONDON HOSPITALS NHS FOUNDATION TRUST,25064796,"55,226.00 ",654948687,5010183096
Department of Health,NHS Nene CCG,31/12/2018,Hcare Srv Rec NHS Trust,ACUTE COMMISSIONING,UNIVERSITY HOSPITALS COVENTRY AND WARWICKSHIRE NHS TRUST,25064839,"637,980.38 ",654949096,1000068871
Department of Health,NHS Nene CCG,31/12/2018,Hcare Srv Rec NHS Trust,ACUTE COMMISSIONING,UNIVERSITY HOSPITALS OF LEICESTER NHS TRUST,25064802,"584,159.00 ",654972400,L0218004
Department of Health,NHS Nene CCG,31/12/2018,Hcare Srv Rec NHS Trust,ACUTE COMMISSIONING,UNIVERSITY HOSPITALS OF LEICESTER NHS TRUST,25291301,"69,921.40 ",654972400,L0218652
Department of Health,NHS Nene CCG,31/12/2018,Cont Care-Mental Health (65+),CHC ADULT FULLY FUNDED,WESTGATE HOUSE NURSING HOME,25202338,"25,547.04 ",,9CHC1191819
Department of Health,NHS Nene CCG,31/12/2018,Clinical&Medical-Independent Sector,ACUTE COMMISSIONING,WOODLAND HOSPITAL,25066153,"1,076,004.00 ",,KETL86504201809
,,,,,,,,,
