HTTP/1.1 200 OK
Date: Mon, 01 Jul 2019 08:47:12 GMT
Server: Apache
Set-Cookie: PHPSESSID=p7jtufs0blehm8ga9tnb4i67u6; path=/
Expires: 0
Cache-Control: max-age=300, private, proxy-revalidate
Pragma: public
Content-Description: File Transfer
Content-Disposition: attachment; filename="04G Nene Expenditure Over 25K Report - March 2019 (CSV).csv"
Vary: Accept-Encoding
Content-Encoding: gzip
Content-Length: 5301
Content-Type: application/octet-stream

04G NENE CCG Over 25K Report March 19,,,,,,,,,
A3131 - Expenditure Over Threshold,,,,,,,,,
Time run: 01/04/2019 08:44:55,,,,,,,,,
Department family,Entity,Date,Expense Type,Expense area,Supplier,Transaction number,AP Amount (�),VAT registration number,Purchase invoice number
Department of Health,NHS Nene CCG,31/03/2019,C&M-GP PRACTICE REVENUE - PCTF,GP FORWARD VIEW,3SIXTY CARE LTD,26237065,"120,288.42 ",,SI1098
Department of Health,NHS Nene CCG,31/03/2019,Clinical&Medical-Clinical Other,PROGRAMME PROJECTS,AGE CONCERN NORTHAMPTONSHIRE,26547583,"50,000.00 ",,9473
Department of Health,NHS Nene CCG,31/03/2019,Cont Care-Learning Disab(<65),CHC ADULT FULLY FUNDED,ALDERWOOD LLA LTD,26388055,"26,339.75 ",,12CHC161819
Department of Health,NHS Nene CCG,31/03/2019,Clinical&Medical-Independent Sector,Learning Difficulties - S117,ALDERWOOD LLA LTD,26388058,"29,595.91 ",,12CHC171819
Department of Health,NHS Nene CCG,31/03/2019,Cont Care-Learning Disab(<65),CHC ADULT FULLY FUNDED,ALDERWOOD LLA LTD,26388061,"33,261.99 ",,12CHC181819
Department of Health,NHS Nene CCG,31/03/2019,Cont Care-Funded Nursing Care Allow,FUNDED NURSING CARE,ALPHA CARE MANAGEMENT SERVICES NO2 LTD,26388209,"25,915.54 ",,12CHC891819
Department of Health,NHS Nene CCG,31/03/2019,Hcare Srv Rec NHS Trust,ACUTE COMMISSIONING,BEDFORD HOSPITAL NHS TRUST,26314008,"129,636.50 ",654912424,I0169603
Department of Health,NHS Nene CCG,31/03/2019,Clinical&Medical-Independent Sector,ACUTE COMMISSIONING,BMI HEALTHCARE LTD,26314038,"800,689.64 ",GB235134980,0000104772
Department of Health,NHS Nene CCG,31/03/2019,Clinical&Medical-Independent Sector,NCAS/OATS,BMI HEALTHCARE LTD,26547715,"32,058.40 ",GB235134980,0000105704
Department of Health,NHS Nene CCG,31/03/2019,Clinical&Medical-Clinical Other,ACUTE COMMISSIONING,BPAS,26313993,"59,372.67 ",855924881,39887
Department of Health,NHS Nene CCG,31/03/2019,C&M-GMS Cost of Drugs -Dispensing,LOCAL ENHANCED SERVICES,BRACKLEY MEDICAL CENTRE,26621506,"(31,458.79)",,NO000028864
Department of Health,NHS Nene CCG,31/03/2019,C&M-GMS Cost of Drugs -Dispensing,LOCAL ENHANCED SERVICES,BRACKLEY MEDICAL CENTRE,26621507,"58,915.32 ",,NO000028865
Department of Health,NHS Nene CCG,31/03/2019,C&M-GMS PrscrptnChrgsColl&RmttdbyGP,LOCAL ENHANCED SERVICES,BRACKLEY MEDICAL CENTRE,26621507,"2,807.20 ",,NO000028865
Department of Health,NHS Nene CCG,31/03/2019,C&M-GMS Cost of Drugs -Dispensing,LOCAL ENHANCED SERVICES,BROOK HEALTH CENTRE,26621442,"46,818.87 ",,NO000028800
Department of Health,NHS Nene CCG,31/03/2019,C&M-GMS PrscrptnChrgsColl&RmttdbyGP,LOCAL ENHANCED SERVICES,BROOK HEALTH CENTRE,26621442,"1,328.80 ",,NO000028800
Department of Health,NHS Nene CCG,31/03/2019,Computer Network Costs,IM&T,BT GLOBAL SERVICES,26547567,"1,479.44 ",245719348,0790271294
Department of Health,NHS Nene CCG,31/03/2019,Computer Network Costs,PRIMARY CARE IT,BT GLOBAL SERVICES,26547567,"36,082.42 ",245719348,0790271294
Department of Health,NHS Nene CCG,31/03/2019,C&M-GMS Cost of Drugs -Dispensing,LOCAL ENHANCED SERVICES,BUGBROOKE MEDICAL PRACTICE,26621436,"(38,647.21)",,NO000028794
Department of Health,NHS Nene CCG,31/03/2019,C&M-GMS Cost of Drugs -Dispensing,LOCAL ENHANCED SERVICES,BUGBROOKE MEDICAL PRACTICE,26621437,"71,332.72 ",,NO000028795
Department of Health,NHS Nene CCG,31/03/2019,C&M-GMS PrscrptnChrgsColl&RmttdbyGP,LOCAL ENHANCED SERVICES,BUGBROOKE MEDICAL PRACTICE,26621437,"2,824.80 ",,NO000028795
Department of Health,NHS Nene CCG,31/03/2019,C&M-GMS Cost of Drugs -Dispensing,LOCAL ENHANCED SERVICES,BYFIELD MEDICAL CENTRE,26621439,"(40,914.50)",,NO000028797
Department of Health,NHS Nene CCG,31/03/2019,C&M-GMS Cost of Drugs -Dispensing,LOCAL ENHANCED SERVICES,BYFIELD MEDICAL CENTRE,26621440,"71,324.11 ",,NO000028798
Department of Health,NHS Nene CCG,31/03/2019,C&M-GMS PrscrptnChrgsColl&RmttdbyGP,LOCAL ENHANCED SERVICES,BYFIELD MEDICAL CENTRE,26621440,"3,713.60 ",,NO000028798
Department of Health,NHS Nene CCG,31/03/2019,Hlthcre-Foundation Trsts,ACUTE COMMISSIONING,CAMBRIDGE UNIVERSITY HOSPITALS NHS FOUNDATION TRUST,26653623,"105,667.05 ",654910528,70024809
Department of Health,NHS Nene CCG,31/03/2019,Clinical&Medical-Commercial Sector,COMMUNITY SERVICES,CHAS A BLATCHFORD & SONS LTD,26336715,"158,978.41 ",787452287,835487
Department of Health,NHS Nene CCG,31/03/2019,Clinical&Medical-Clinical Other,URGENT CARE,CHS HEALTHCARE,26570122,"47,700.00 ",669927759,29389
Department of Health,NHS Nene CCG,31/03/2019,C&M-GMS Cost of Drugs -Dispensing,LOCAL ENHANCED SERVICES,CRICK SURGERY,26621445,"(50,853.76)",,NO000028803
Department of Health,NHS Nene CCG,31/03/2019,C&M-GMS Cost of Drugs -Dispensing,LOCAL ENHANCED SERVICES,CRICK SURGERY,26621446,"81,919.09 ",,NO000028804
Department of Health,NHS Nene CCG,31/03/2019,C&M-GMS PrscrptnChrgsColl&RmttdbyGP,LOCAL ENHANCED SERVICES,CRICK SURGERY,26621446,"5,095.20 ",,NO000028804
Department of Health,NHS Nene CCG,31/03/2019,Computer Hardware Purch,PRIMARY CARE IT,DELL CORPORATION LTD,26623639,"25,000.00 ",635823528,7402515188
Department of Health,NHS Nene CCG,31/03/2019,Computer Hardware Purch,PRIMARY CARE IT,DELL CORPORATION LTD,26623640,"25,000.00 ",635823528,7402515376
Department of Health,NHS Nene CCG,31/03/2019,Computer Hardware Purch,PRIMARY CARE IT,DELL CORPORATION LTD,26623641,"25,000.00 ",635823528,7402515325
Department of Health,NHS Nene CCG,31/03/2019,Computer Hardware Purch,PRIMARY CARE IT,DELL CORPORATION LTD,26623642,"25,000.00 ",635823528,7402515340
Department of Health,NHS Nene CCG,31/03/2019,Computer Hardware Purch,PRIMARY CARE IT,DELL CORPORATION LTD,26623644,"25,000.00 ",635823528,7402515277
Department of Health,NHS Nene CCG,31/03/2019,Computer Hardware Purch,PRIMARY CARE IT,DELL CORPORATION LTD,26623645,"25,000.00 ",635823528,7402515243
Department of Health,NHS Nene CCG,31/03/2019,Computer Hardware Purch,PRIMARY CARE IT,DELL CORPORATION LTD,26623646,"25,000.00 ",635823528,7402515319
Department of Health,NHS Nene CCG,31/03/2019,Computer Hardware Purch,PRIMARY CARE IT,DELL CORPORATION LTD,26623647,"25,000.00 ",635823528,7402515233
Department of Health,NHS Nene CCG,31/03/2019,C&M-GMS Cost of Drugs -Dispensing,LOCAL ENHANCED SERVICES,DENTON SURGERY,26621451,"(64,507.08)",,NO000028809
Department of Health,NHS Nene CCG,31/03/2019,C&M-GMS Cost of Drugs -Dispensing,LOCAL ENHANCED SERVICES,DENTON SURGERY,26621452,"114,758.67 ",,NO000028810
Department of Health,NHS Nene CCG,31/03/2019,C&M-GMS PrscrptnChrgsColl&RmttdbyGP,LOCAL ENHANCED SERVICES,DENTON SURGERY,26621452,"5,253.60 ",,NO000028810
Department of Health,NHS Nene CCG,31/03/2019,Clinical&Medical-Clinical Other,NHS 111,DHU 111 (EAST MIDLANDS) CIC,26418105,"220,385.23 ",GB257028406,SINV1080
Department of Health,NHS Nene CCG,31/03/2019,C&M-GMS Cost of Drugs -Dispensing,LOCAL ENHANCED SERVICES,EARLS BARTON SURGERY,26621459,"27,001.69 ",,NO000028817
Department of Health,NHS Nene CCG,31/03/2019,C&M-GMS PrscrptnChrgsColl&RmttdbyGP,LOCAL ENHANCED SERVICES,EARLS BARTON SURGERY,26621459,"1,064.80 ",,NO000028817
Department of Health,NHS Nene CCG,31/03/2019,Cont Care-NHSFT-Children,Children's Continuing Care,EAST LONDON NHS FOUNDATION TRUST,26570121,"1,592.85 ",654975390,10434019
Department of Health,NHS Nene CCG,31/03/2019,Hcare Srv Rec Fdtn Trust-Non Contract,NCAS/OATS,EAST LONDON NHS FOUNDATION TRUST,26570121,"25,061.40 ",654975390,10434019
Department of Health,NHS Nene CCG,31/03/2019,Hcare Srv Rec NHS Trust,AMBULANCE SERVICES,EAST MIDLANDS AMBULANCE SERVICE NHS TRUST,26314223,"1,570,359.00 ",,11313538
Department of Health,NHS Nene CCG,31/03/2019,C&M-GMS NES Minor Injury Services,LOCAL ENHANCED SERVICES,GENERAL PRACTICE ALLIANCE,26368473,"22,668.82 ",,NENEIS2012
Department of Health,NHS Nene CCG,31/03/2019,C&M-GMS PCO Other,LOCAL ENHANCED SERVICES,GENERAL PRACTICE ALLIANCE,26368473,"52,346.83 ",,NENEIS2012
Department of Health,NHS Nene CCG,31/03/2019,Clinical&Medical-Clinical Other,LOCAL ENHANCED SERVICES,GENERAL PRACTICE ALLIANCE,26368473,"39,290.00 ",,NENEIS2012
Department of Health,NHS Nene CCG,31/03/2019,C&M-GMS Cost of Drugs -Dispensing,LOCAL ENHANCED SERVICES,GREENS NORTON & WEEDON MEDICAL PRACTICE,26621461,"(87,542.12)",,NO000028819
Department of Health,NHS Nene CCG,31/03/2019,C&M-GMS Cost of Drugs -Dispensing,LOCAL ENHANCED SERVICES,GREENS NORTON & WEEDON MEDICAL PRACTICE,26621462,"189,045.60 ",,NO000028820
Department of Health,NHS Nene CCG,31/03/2019,C&M-GMS PrscrptnChrgsColl&RmttdbyGP,LOCAL ENHANCED SERVICES,GREENS NORTON & WEEDON MEDICAL PRACTICE,26621462,"6,406.40 ",,NO000028820
Department of Health,NHS Nene CCG,31/03/2019,Hlthcre-Foundation Trsts,ACUTE COMMISSIONING,GUYS & ST THOMAS HOSPITAL NHS FOUNDATION TRUST,26314052,"41,632.00 ",654923417,3257737
Department of Health,NHS Nene CCG,31/03/2019,Apprenticeship Levy Payable,BALANCE SHEET,HMRC,26474758,"1,414.00 ",,120PV005700901911
Department of Health,NHS Nene CCG,31/03/2019,Income tax <1Yr,BALANCE SHEET,HMRC,26474758,"86,717.97 ",,120PV005700901911
Department of Health,NHS Nene CCG,31/03/2019,Income tax <1Yr-Student Loans,BALANCE SHEET,HMRC,26474758,"1,031.00 ",,120PV005700901911
Department of Health,NHS Nene CCG,31/03/2019,National Insurance < 1 yr-NI- ERS,BALANCE SHEET,HMRC,26474758,"58,814.95 ",,120PV005700901911
Department of Health,NHS Nene CCG,31/03/2019,National Insurance < 1 yr-NI-EES,BALANCE SHEET,HMRC,26474758,"41,531.63 ",,120PV005700901911
Department of Health,NHS Nene CCG,31/03/2019,Statutory Mat Pay < 1 yr,BALANCE SHEET,HMRC,26474758,(534.28),,120PV005700901911
Department of Health,NHS Nene CCG,31/03/2019,Clinical&Medical-Independent Sector,ACUTE COMMISSIONING,HORTON HOSPITAL,26314201,"208,585.83 ",,HORNEN201812
Department of Health,NHS Nene CCG,31/03/2019,Clinical&Medical-Independent Sector,ACUTE COMMISSIONING,HORTON HOSPITAL,26392334,"(39,652.18)",,HORNENR201809
Department of Health,NHS Nene CCG,31/03/2019,Clinical&Medical-Clinical Other,OUT OF HOURS,INTEGRATED CARE 24 LTD,26368505,"424,106.67 ",991241024,2612
Department of Health,NHS Nene CCG,31/03/2019,Cont Care-Funded Nursing Care Allow,FUNDED NURSING CARE,KENROYAL NURSING & RESIDENTIAL CARE HOME,26388292,"37,122.26 ",,12CHC1441819
Department of Health,NHS Nene CCG,31/03/2019,Hcare Srv Rec Fdtn Trust-Non Contract,PROGRAMME PROJECTS,KETTERING GENERAL HOSPITAL NHS FOUNDATION TRUST,26435533,"74,293.00 ",654926604,A0039100
Department of Health,NHS Nene CCG,31/03/2019,Programme Support Costs,PROGRAMME PROJECTS,KETTERING GENERAL HOSPITAL NHS FOUNDATION TRUST,26435537,"80,149.00 ",654926604,A0039101
Department of Health,NHS Nene CCG,31/03/2019,Programme Support Costs,PROGRAMME PROJECTS,KETTERING GENERAL HOSPITAL NHS FOUNDATION TRUST,26435538,"70,000.00 ",654926604,A0039102
Department of Health,NHS Nene CCG,31/03/2019,Programme Support Costs,PROGRAMME PROJECTS,KETTERING GENERAL HOSPITAL NHS FOUNDATION TRUST,26435659,"(70,000.00)",654926604,A0039143
Department of Health,NHS Nene CCG,31/03/2019,Programme Support Costs,PROGRAMME PROJECTS,KETTERING GENERAL HOSPITAL NHS FOUNDATION TRUST,26530297,"80,000.00 ",654926604,A0039158
Department of Health,NHS Nene CCG,31/03/2019,Clinical&Medical-Clinical Other,URGENT CARE,KETTERING GENERAL HOSPITAL NHS FOUNDATION TRUST,26547719,"39,513.76 ",654926604,A0039163
Department of Health,NHS Nene CCG,31/03/2019,Hlthcre-Foundation Trsts,ACUTE COMMISSIONING,KETTERING GENERAL HOSPITAL NHS FOUNDATION TRUST,26653508,"11,516,338.00 ",654926604,A0039292
Department of Health,NHS Nene CCG,31/03/2019,Clinical&Medical-Commercial Sector,ACUTE COMMISSIONING,LAKESIDE PLUS CO LTD,26393112,"86,902.20 ",,4967
Department of Health,NHS Nene CCG,31/03/2019,Hcare Srv Rec NHS Trust-Non Contract,NCAS/OATS,LONDON NORTH WEST HEALTHCARE NHS TRUST,26250032,"33,849.00 ",654463720,A0050423
Department of Health,NHS Nene CCG,31/03/2019,C&M-GMS Cost of Drugs -Dispensing,LOCAL ENHANCED SERVICES,LONG BUCKBY PRACTICE,26621471,"32,212.12 ",,NO000028829
Department of Health,NHS Nene CCG,31/03/2019,C&M-GMS PrscrptnChrgsColl&RmttdbyGP,LOCAL ENHANCED SERVICES,LONG BUCKBY PRACTICE,26621471,"1,408.00 ",,NO000028829
Department of Health,NHS Nene CCG,31/03/2019,Hcare Srv Rec Fdtn Trust-Non Contract,NCAS/OATS,LUTON & DUNSTABLE HOSPITAL NHS FOUNDATION TRUST,26653588,"37,068.53 ",654929007,52995839
Department of Health,NHS Nene CCG,31/03/2019,Clinical&Medical-Commercial Sector,MENTAL HEALTH SERVICES - ADULTS,MAPLYN CARE SERVICES LTD,26528342,"27,537.66 ",,IN001239
Department of Health,NHS Nene CCG,31/03/2019,Social Care-Domiciliary Care Exp,MENTAL HEALTH SERVICES - ADULTS,MAPLYN CARE SERVICES LTD,26528342,"11,801.86 ",,IN001239
Department of Health,NHS Nene CCG,31/03/2019,Clinical&Medical-Commercial Sector,MENTAL HEALTH SERVICES - ADULTS,MAPLYN CARE SERVICES LTD,26530148,"34,422.09 ",,IN001263
Department of Health,NHS Nene CCG,31/03/2019,Social Care-Domiciliary Care Exp,MENTAL HEALTH SERVICES - ADULTS,MAPLYN CARE SERVICES LTD,26530148,"14,752.31 ",,IN001263
Department of Health,NHS Nene CCG,31/03/2019,Clinical&Medical-Commercial Sector,PALLIATIVE CARE,MARIE CURIE,26653597,"105,751.95 ",626722537,508638
Department of Health,NHS Nene CCG,31/03/2019,Clinical&Medical-Commercial Sector,WHEELCHAIR SERVICE,MILLBROOK HEALTHCARE LTD,26435653,"104,975.32 ",GB675991080,21878
Department of Health,NHS Nene CCG,31/03/2019,Clinical&Medical-Commercial Sector,WHEELCHAIR SERVICE,MILLBROOK HEALTHCARE LTD,26435661,"33,116.16 ",GB675991080,21830
Department of Health,NHS Nene CCG,31/03/2019,Hlthcre-Foundation Trsts,ACUTE COMMISSIONING,MILTON KEYNES HOSPITAL NHS FOUNDATION TRUST,26314260,"282,536.00 ",654930618,42944383
Department of Health,NHS Nene CCG,31/03/2019,Hcare Srv Rec Fdtn Trust-Non Contract,NCAS/OATS,MOORFIELDS EYE HOSPITAL NHS FOUNDATION TRUST,26250037,"25,408.00 ",654930716,IC0036168
Department of Health,NHS Nene CCG,31/03/2019,Hcare Srv Rec Fdtn Trust-Non Contract,NCAS/OATS,MOORFIELDS EYE HOSPITAL NHS FOUNDATION TRUST,26334099,"25,551.00 ",654930716,IC0035627
Department of Health,NHS Nene CCG,31/03/2019,C&M-GMS Cost of Drugs -Dispensing,LOCAL ENHANCED SERVICES,MOULTON SURGERY,26621479,"37,942.22 ",,NO000028837
Department of Health,NHS Nene CCG,31/03/2019,C&M-GMS PrscrptnChrgsColl&RmttdbyGP,LOCAL ENHANCED SERVICES,MOULTON SURGERY,26621479,"1,355.20 ",,NO000028837
Department of Health,NHS Nene CCG,31/03/2019,C&M-GMS Cost of Drugs -Dispensing,LOCAL ENHANCED SERVICES,NENE VALLEY SURGERY,26621480,"(31,141.88)",,NO000028838
Department of Health,NHS Nene CCG,31/03/2019,C&M-GMS Cost of Drugs -Dispensing,LOCAL ENHANCED SERVICES,NENE VALLEY SURGERY,26621481,"56,712.16 ",,NO000028839
Department of Health,NHS Nene CCG,31/03/2019,C&M-GMS PrscrptnChrgsColl&RmttdbyGP,LOCAL ENHANCED SERVICES,NENE VALLEY SURGERY,26621481,"2,112.00 ",,NO000028839
Department of Health,NHS Nene CCG,31/03/2019,Charges from CSU,CONTINUING HEALTHCARE ASSESSMENT & SUPPORT,NHS ARDEN AND GEM CSU,26291823,"168,519.73 ",GB526164259,7312613465
Department of Health,NHS Nene CCG,31/03/2019,Clinical&Medical-Clinical Other,URGENT CARE,NHS ARDEN AND GEM CSU,26368508,"26,836.99 ",GB526164259,7312613442
Department of Health,NHS Nene CCG,31/03/2019,Clinical&Medical-Clinical Other,URGENT CARE,NHS ARDEN AND GEM CSU,26570087,"25,998.34 ",GB526164259,7312612731
Department of Health,NHS Nene CCG,31/03/2019,Charges from CSU,BUSINESS INFORMATICS,NHS NEL CSU,26629107,"50,623.77 ",GB654442045,7312809022
Department of Health,NHS Nene CCG,31/03/2019,Charges from CSU,COMMUNICATIONS & PR,NHS NEL CSU,26629107,"12,032.80 ",GB654442045,7312809022
Department of Health,NHS Nene CCG,31/03/2019,Charges from CSU,CORPORATE COSTS & SERVICES,NHS NEL CSU,26629107,"14,183.98 ",GB654442045,7312809022
Department of Health,NHS Nene CCG,31/03/2019,Charges from CSU,FINANCE,NHS NEL CSU,26629107,"32,693.83 ",GB654442045,7312809022
Department of Health,NHS Nene CCG,31/03/2019,Charges from CSU,HUMAN RESOURCES,NHS NEL CSU,26629107,"20,054.00 ",GB654442045,7312809022
Department of Health,NHS Nene CCG,31/03/2019,Charges from CSU,IM&T PROJECTS,NHS NEL CSU,26629107,"6,694.18 ",GB654442045,7312809022
Department of Health,NHS Nene CCG,31/03/2019,Charges from CSU,PRIMARY CARE IT,NHS NEL CSU,26629107,"129,358.33 ",GB654442045,7312809022
Department of Health,NHS Nene CCG,31/03/2019,Charges from CSU,PROCUREMENT,NHS NEL CSU,26629107,"100,970.08 ",GB654442045,7312809022
Department of Health,NHS Nene CCG,31/03/2019,Charges from CSU,QIPP,NHS NEL CSU,26629107,"9,928.00 ",GB654442045,7312809022
Department of Health,NHS Nene CCG,31/03/2019,Oth Pybls <1Yr-Other,BALANCE SHEET,NHS SUPPLY CHAIN,26314270,"28,544.74 ",,1019239490
Department of Health,NHS Nene CCG,31/03/2019,Oth Pybls <1Yr-Other,BALANCE SHEET,NHS SUPPLY CHAIN,26508390,"29,565.46 ",,1019249282
Department of Health,NHS Nene CCG,31/03/2019,Hlthcre-Foundation Trsts,ACUTE COMMISSIONING,NORTH WEST ANGLIA NHS FOUNDATION TRUST,26314147,"65,848.91 ",GB654936110,17445507
Department of Health,NHS Nene CCG,31/03/2019,Programme Support Costs,PROGRAMME PROJECTS,NORTHAMPTON GENERAL HOSPITAL NHS TRUST,26435530,"349,584.00 ",654933707,N0003664
Department of Health,NHS Nene CCG,31/03/2019,Clinical&Medical-Clinical Other,URGENT CARE,NORTHAMPTON GENERAL HOSPITAL NHS TRUST,26570133,"54,916.00 ",654933707,N0004111
Department of Health,NHS Nene CCG,31/03/2019,Hcare Srv Rec NHS Trust,ACUTE COMMISSIONING,NORTHAMPTON GENERAL HOSPITAL NHS TRUST,26653616,"18,683,345.00 ",654933707,N0004128
Department of Health,NHS Nene CCG,31/03/2019,Clinical&Medical-Voluntary Sector,COMMUNITY SERVICES,NORTHAMPTONSHIRE CARERS,26290178,"51,113.10 ",,170SD
Department of Health,NHS Nene CCG,31/03/2019,Clinical&Medical-Clinical Other,URGENT CARE,NORTHAMPTONSHIRE CARERS,26368386,"93,531.65 ",,164SD
Department of Health,NHS Nene CCG,31/03/2019,Cont Care- Prior Year Payments,CHC ADULT FULLY FUNDED,NORTHAMPTONSHIRE COUNTY COUNCIL,26528368,"56,401.00 ",GB121480409,421000763290
Department of Health,NHS Nene CCG,31/03/2019,Clinical&Medical-Othe Public Sector,NON RECURRENT PROGRAMMES,NORTHAMPTONSHIRE COUNTY COUNCIL,26547529,"101,191.00 ",GB121480409,421000764895
Department of Health,NHS Nene CCG,31/03/2019,Clinical&Medical-Othe Public Sector,COMMUNITY SERVICES,NORTHAMPTONSHIRE COUNTY COUNCIL,26547591,"362,522.00 ",GB121480409,421000846698
Department of Health,NHS Nene CCG,31/03/2019,Clinical&Medical-Othe Public Sector,COMMUNITY SERVICES,NORTHAMPTONSHIRE COUNTY COUNCIL,26547593,"357,016.00 ",GB121480409,421000846719
Department of Health,NHS Nene CCG,31/03/2019,Clinical&Medical-Othe Public Sector,COMMUNITY SERVICES,NORTHAMPTONSHIRE COUNTY COUNCIL,26547595,"2,910,486.00 ",GB121480409,421000846670
Department of Health,NHS Nene CCG,31/03/2019,Clinical&Medical-Serv Recd-F Trsts,CHILD AND ADOLESCENT MENTAL HEALTH,NORTHAMPTONSHIRE HEALTHCARE NHS FOUNDATION TRUST,26290816,"918,255.65 ",654403940,5143949
Department of Health,NHS Nene CCG,31/03/2019,Hcare Srv Rec Fdtn Trust-Contract Baseline,MENTAL HEALTH SERVICES - ADULTS,NORTHAMPTONSHIRE HEALTHCARE NHS FOUNDATION TRUST,26290823,"100,048.33 ",654403940,5143947
Department of Health,NHS Nene CCG,31/03/2019,Clinical&Medical-Serv Recd-F Trsts,COMMISSIONING - NON ACUTE,NORTHAMPTONSHIRE HEALTHCARE NHS FOUNDATION TRUST,26290839,"98,069.33 ",654403940,5143950
Department of Health,NHS Nene CCG,31/03/2019,Hcare Srv Rec Fdtn Trust-Contract Baseline,COMMUNITY SERVICES,NORTHAMPTONSHIRE HEALTHCARE NHS FOUNDATION TRUST,26417759,"14,197,073.00 ",654403940,5143948
Department of Health,NHS Nene CCG,31/03/2019,Hcare Srv Rec Fdtn Trust-Contract Baseline,MENTAL HEALTH SERVICES - ADULTS,NORTHAMPTONSHIRE HEALTHCARE NHS FOUNDATION TRUST,26423422,"1,460,792.00 ",654403940,5144161
Department of Health,NHS Nene CCG,31/03/2019,Clinical&Medical-Serv Recd-F Trsts,COMMISSIONING - NON ACUTE,NORTHAMPTONSHIRE HEALTHCARE NHS FOUNDATION TRUST,26435583,"85,653.19 ",654403940,5144139
Department of Health,NHS Nene CCG,31/03/2019,Clinical&Medical-Serv Recd-F Trsts,URGENT CARE,NORTHAMPTONSHIRE HEALTHCARE NHS FOUNDATION TRUST,26570118,"80,000.00 ",654403940,5143917
Department of Health,NHS Nene CCG,31/03/2019,Clinical&Medical-Serv Recd-F Trsts,COMMUNITY SERVICES,NORTHAMPTONSHIRE HEALTHCARE NHS FOUNDATION TRUST,26649940,"110,000.00 ",654403940,5144413
Department of Health,NHS Nene CCG,31/03/2019,Clinical&Medical-Serv Recd-F Trsts,COMMUNITY SERVICES,NORTHAMPTONSHIRE HEALTHCARE NHS FOUNDATION TRUST,26649941,"150,000.00 ",654403940,5144412
Department of Health,NHS Nene CCG,31/03/2019,Programme Support Costs,GP FORWARD VIEW,NORTHAMPTONSHIRE HEALTHCARE NHS FOUNDATION TRUST,26653545,"56,400.00 ",654403940,5144381
Department of Health,NHS Nene CCG,31/03/2019,Hcare Srv Rec NHS Trust,ACUTE COMMISSIONING,NOTTINGHAM UNIVERSITY HOSPITALS NHS TRUST,26314387,"38,939.00 ",654434827,2000100176
Department of Health,NHS Nene CCG,31/03/2019,Cont Care-Physical Disab (<65),CHC ADULT FULLY FUNDED,OAKLEAF CARE (HARTWELL) LTD,26388430,"29,426.32 ",,12CHC2821819
Department of Health,NHS Nene CCG,31/03/2019,Clinical&Medical-Serv Recd-F Trsts,MENTAL HEALTH SERVICES - ADULTS,OXFORD HEALTH NHS FOUNDATION TRUST,26417927,"47,748.23 ",GB654935896,A0113458
Department of Health,NHS Nene CCG,31/03/2019,Hlthcre-Foundation Trsts,ACUTE COMMISSIONING,OXFORD UNIVERSITY HOSPITALS NHS FOUNDATION TRUST,26314028,"1,508,853.00 ",654935407,8295367
Department of Health,NHS Nene CCG,31/03/2019,C&M-PMS LES Basket of Procedures,LOCAL ENHANCED SERVICES,PARKS MEDICAL PRACTICE,26566534,"26,644.24 ",,121819K83052
Department of Health,NHS Nene CCG,31/03/2019,Clinical&Medical-Clinical Other,URGENT CARE,PRIME LIFE LTD,26570123,"32,000.00 ",729839774,850564
Department of Health,NHS Nene CCG,31/03/2019,C&M-GMS PCO Other,LOCAL ENHANCED SERVICES,PRINCIPAL MEDICAL,26334407,"(319,688.66)",,1000239
Department of Health,NHS Nene CCG,31/03/2019,C&M-GMS PCO Other,LOCAL ENHANCED SERVICES,PRINCIPAL MEDICAL,26368418,"319,688.66 ",,2002553
Department of Health,NHS Nene CCG,31/03/2019,C&M-GMS PCO Other,LOCAL ENHANCED SERVICES,PRINCIPAL MEDICAL,26368472,"303,704.22 ",,2002585
Department of Health,NHS Nene CCG,31/03/2019,C&M-GMS PCO Other,LOCAL ENHANCED SERVICES,PRINCIPAL MEDICAL,26368488,"303,704.22 ",,2002567
Department of Health,NHS Nene CCG,31/03/2019,Clinical&Medical-Independent Sector,NCAS/OATS,RAMSAY HEALTH CARE UK T/A BLAKELANDS HOSPITAL,26250028,"62,670.40 ",,BLANENR201808
Department of Health,NHS Nene CCG,31/03/2019,Clinical&Medical-Independent Sector,NCAS/OATS,RAMSAY HEALTH CARE UK T/A BLAKELANDS HOSPITAL,26547539,"85,984.50 ",,BLANENR201810
Department of Health,NHS Nene CCG,31/03/2019,C&M-GMS Cost of Drugs -Dispensing,LOCAL ENHANCED SERVICES,RDE BLISWORTH HANSLOPE & GRANGE PARK SURGERIES,26621486,"(111,680.25)",,NO000028844
Department of Health,NHS Nene CCG,31/03/2019,C&M-GMS Cost of Drugs -Dispensing,LOCAL ENHANCED SERVICES,RDE BLISWORTH HANSLOPE & GRANGE PARK SURGERIES,26621487,"188,862.66 ",,NO000028845
Department of Health,NHS Nene CCG,31/03/2019,C&M-GMS PrscrptnChrgsColl&RmttdbyGP,LOCAL ENHANCED SERVICES,RDE BLISWORTH HANSLOPE & GRANGE PARK SURGERIES,26621487,"7,849.60 ",,NO000028845
Department of Health,NHS Nene CCG,31/03/2019,Cont Care-Learning Disab(<65),CHC ADULT FULLY FUNDED,RICHARDSON PARTNERSHIP FOR CARE,26388456,"25,883.23 ",,12CHC3081819
Department of Health,NHS Nene CCG,31/03/2019,Hcare Srv Rec Fdtn Trust-Non Contract,NCAS/OATS,ROYAL BROMPTON & HAREFIELD NHS FOUNDATION TRUST,26220230,"210,631.77 ",654968091,N003633
Department of Health,NHS Nene CCG,31/03/2019,Hcare Srv Rec NHS Trust,ACUTE COMMISSIONING,ROYAL NATIONAL ORTHOPAEDIC HOSPITAL NHS TRUST,26314215,"37,018.00 ",654947494,B0039324
Department of Health,NHS Nene CCG,31/03/2019,C&M-GMS Cost of Drugs -Dispensing,LOCAL ENHANCED SERVICES,SAXON SPIRES PRACTICE,26621489,"(81,645.37)",,NO000028847
Department of Health,NHS Nene CCG,31/03/2019,C&M-GMS Cost of Drugs -Dispensing,LOCAL ENHANCED SERVICES,SAXON SPIRES PRACTICE,26621490,"135,904.44 ",,NO000028848
Department of Health,NHS Nene CCG,31/03/2019,C&M-GMS PrscrptnChrgsColl&RmttdbyGP,LOCAL ENHANCED SERVICES,SAXON SPIRES PRACTICE,26621490,"6,450.40 ",,NO000028848
Department of Health,NHS Nene CCG,31/03/2019,Clinical&Medical-Commercial Sector,CHILD AND ADOLESCENT MENTAL HEALTH,SERVICE SIX,26313972,"36,275.25 ",,949
Department of Health,NHS Nene CCG,31/03/2019,Hcare Srv Rec Fdtn Trust-Non Contract,NCAS/OATS,SOUTH WARWICKSHIRE NHS FOUNDATION TRUST,26250068,"29,503.69 ",654942118,W0112819
Department of Health,NHS Nene CCG,31/03/2019,C&M-GMS Cost of Drugs -Dispensing,LOCAL ENHANCED SERVICES,SPRINGFIELD SURGERY BRACKLEY,26621493,"(31,449.70)",,NO000028851
Department of Health,NHS Nene CCG,31/03/2019,C&M-GMS Cost of Drugs -Dispensing,LOCAL ENHANCED SERVICES,SPRINGFIELD SURGERY BRACKLEY,26621494,"49,614.46 ",,NO000028852
Department of Health,NHS Nene CCG,31/03/2019,C&M-GMS PrscrptnChrgsColl&RmttdbyGP,LOCAL ENHANCED SERVICES,SPRINGFIELD SURGERY BRACKLEY,26621494,"2,041.60 ",,NO000028852
Department of Health,NHS Nene CCG,31/03/2019,C&M-PMS LES Basket of Procedures,LOCAL ENHANCED SERVICES,ST LUKES PRIMARY CARE CENTRE,26566485,"28,881.18 ",,121819K83041
Department of Health,NHS Nene CCG,31/03/2019,Cont Care-Mental Health (65+),CHC ADULT JOINT FUNDED,ST MATTHEWS LTD,26388375,"33,660.00 ",,12CHC2271819
Department of Health,NHS Nene CCG,31/03/2019,Clinical&Medical-Commercial Sector,PATIENT TRANSPORT,THAMES AMBULANCE SERVICE LTD,26290224,"164,331.47 ",809846883,20980
Department of Health,NHS Nene CCG,31/03/2019,Clinical&Medical-Commercial Sector,PATIENT TRANSPORT,THAMES AMBULANCE SERVICE LTD,26290236,"92,064.00 ",809846883,20983
Department of Health,NHS Nene CCG,31/03/2019,Clinical&Medical-Voluntary Sector,MENTAL HEALTH SERVICES - ADULTS,TOGETHER FOR MENTAL WELLBEING,26393165,"28,335.00 ",,114444
Department of Health,NHS Nene CCG,31/03/2019,C&M-GMS Cost of Drugs -Dispensing,LOCAL ENHANCED SERVICES,TOWCESTER MEDICAL CENTRE,26621500,"32,925.30 ",,NO000028858
Department of Health,NHS Nene CCG,31/03/2019,C&M-GMS PrscrptnChrgsColl&RmttdbyGP,LOCAL ENHANCED SERVICES,TOWCESTER MEDICAL CENTRE,26621500,906.40 ,,NO000028858
Department of Health,NHS Nene CCG,31/03/2019,Clinical&Medical-Commercial Sector,COMMUNITY SERVICES,UNIFIED HEALTH & CARE LTD,26220187,"27,756.83 ",GB268570567,307
Department of Health,NHS Nene CCG,31/03/2019,Clinical&Medical-Commercial Sector,COMMUNITY SERVICES,UNIFIED HEALTH & CARE LTD,26314348,"27,756.83 ",GB268570567,312
Department of Health,NHS Nene CCG,31/03/2019,Clinical&Medical-Commercial Sector,COMMUNITY SERVICES,UNIFIED HEALTH & CARE LTD,26530169,"27,756.83 ",GB268570567,317
Department of Health,NHS Nene CCG,31/03/2019,Hlthcre-Foundation Trsts,ACUTE COMMISSIONING,UNIVERSITY COLLEGE LONDON HOSPITALS NHS FOUNDATION TRUST,26314228,"55,226.00 ",654948687,5010194060
Department of Health,NHS Nene CCG,31/03/2019,Hlthcre-Foundation Trsts,ACUTE COMMISSIONING,UNIVERSITY COLLEGE LONDON HOSPITALS NHS FOUNDATION TRUST,26392389,"44,439.00 ",654948687,1114956
Department of Health,NHS Nene CCG,31/03/2019,Hcare Srv Rec Fdtn Trust-Non Contract,NCAS/OATS,UNIVERSITY HOSPITALS BIRMINGHAM NHS FOUNDATION TRUST,26250107,"28,356.89 ",GB654912816,OPU045426
Department of Health,NHS Nene CCG,31/03/2019,Hcare Srv Rec Fdtn Trust-Non Contract,NCAS/OATS,UNIVERSITY HOSPITALS BIRMINGHAM NHS FOUNDATION TRUST,26547456,"34,721.20 ",GB654912816,OHA004856
Department of Health,NHS Nene CCG,31/03/2019,Hcare Srv Rec NHS Trust,ACUTE COMMISSIONING,UNIVERSITY HOSPITALS COVENTRY AND WARWICKSHIRE NHS TRUST,26314094,"637,980.38 ",654949096,1000071212
Department of Health,NHS Nene CCG,31/03/2019,Hcare Srv Rec NHS Trust,ACUTE COMMISSIONING,UNIVERSITY HOSPITALS OF LEICESTER NHS TRUST,26314093,"584,159.00 ",654972400,L0221885
Department of Health,NHS Nene CCG,31/03/2019,Hcare Srv Rec NHS Trust,ACUTE COMMISSIONING,UNIVERSITY HOSPITALS OF LEICESTER NHS TRUST,26482893,"239,123.83 ",654972400,L0222817
Department of Health,NHS Nene CCG,31/03/2019,Clinical&Medical-Independent Sector,ACUTE COMMISSIONING,WOODLAND HOSPITAL,26314244,"1,076,004.00 ",,KETL86504201812
Department of Health,NHS Nene CCG,31/03/2019,Clinical&Medical-Independent Sector,ACUTE COMMISSIONING,WOODLAND HOSPITAL,26530138,"(58,248.36)",,KETL865122018WH
,,,,,,,,,
