HTTP/1.1 200 OK
Date: Mon, 01 Jul 2019 08:47:16 GMT
Server: Apache
Set-Cookie: PHPSESSID=kg96bq4tna94q3oop2qnrioom3; path=/
Expires: 0
Cache-Control: max-age=300, private, proxy-revalidate
Pragma: public
Content-Description: File Transfer
Content-Disposition: attachment; filename="04G Nene Expenditure Over 25K Report - January 2019 (CSV).csv"
Vary: Accept-Encoding
Content-Encoding: gzip
Content-Length: 5716
Content-Type: application/octet-stream

04G NENE CCG Over 25K Report January 19,,,,,,,,,
A3131 - Expenditure Over Threshold,,,,,,,,,
Time run: 01/02/2019 08:33:11,,,,,,,,,
Department family,Entity,Date,Expense Type,Expense area,Supplier,Transaction number,AP Amount (�),VAT registration number,Purchase invoice number
Department of Health,NHS Nene CCG,31/01/2019,C&M-PMS LES Basket of Procedures,LOCAL ENHANCED SERVICES,ABBEY HOUSE MEDICAL PRACTICE,25701380,"26,674.75 ",,101819K83032
Department of Health,NHS Nene CCG,31/01/2019,C&M-PMS LES Basket of Procedures,LOCAL ENHANCED SERVICES,ABBEY MEDICAL PRACTICE WELLINGBOROUGH,25701405,"42,293.08 ",,101819K83047
Department of Health,NHS Nene CCG,31/01/2019,Clinical&Medical-Independent Sector,COMMUNITY SERVICES,AGE CONCERN NORTHAMPTONSHIRE,25450131,"35,000.00 ",,7106
Department of Health,NHS Nene CCG,31/01/2019,Clinical&Medical-Clinical Other,PROGRAMME PROJECTS,AGE CONCERN NORTHAMPTONSHIRE,25753121,"50,000.00 ",,7318
Department of Health,NHS Nene CCG,31/01/2019,C&M-PMS LES Basket of Procedures,LOCAL ENHANCED SERVICES,ALBANY HOUSE MEDICAL CENTRE,25701374,"41,347.83 ",,101819K83026
Department of Health,NHS Nene CCG,31/01/2019,Cont Care-Learning Disab(<65),CHC ADULT FULLY FUNDED,ALDERWOOD LLA LTD,25494639,"26,339.76 ",,10CHC191819
Department of Health,NHS Nene CCG,31/01/2019,Clinical&Medical-Independent Sector,Learning Difficulties - S117,ALDERWOOD LLA LTD,25494640,"29,595.91 ",,10CHC201819
Department of Health,NHS Nene CCG,31/01/2019,Cont Care-Learning Disab(<65),CHC ADULT FULLY FUNDED,ALDERWOOD LLA LTD,25494641,"33,261.99 ",,10CHC211819
Department of Health,NHS Nene CCG,31/01/2019,Cont Care-Funded Nursing Care Allow,FUNDED NURSING CARE,ALPHA CARE MANAGEMENT SERVICES NO2 LTD,25494716,"26,615.96 ",,10CHC961819
Department of Health,NHS Nene CCG,31/01/2019,C&M-GMS Cost of Drugs -Dispensing,LOCAL ENHANCED SERVICES,ASPIRO HEALTHCARE,25750134,"25,254.24 ",183544983,NO000028213
Department of Health,NHS Nene CCG,31/01/2019,C&M-GMS PrscrptnChrgsColl&RmttdbyGP,LOCAL ENHANCED SERVICES,ASPIRO HEALTHCARE,25750134,818.40 ,183544983,NO000028213
Department of Health,NHS Nene CCG,31/01/2019,Hcare Srv Rec NHS Trust-Non Contract,NON RECURRENT PROGRAMMES,BARTS HEALTH NHS TRUST,25738572,"154,996.03 ",654947005,338657
Department of Health,NHS Nene CCG,31/01/2019,Hcare Srv Rec NHS Trust,ACUTE COMMISSIONING,BEDFORD HOSPITAL NHS TRUST,25450025,"129,636.50 ",654912424,I0168571
Department of Health,NHS Nene CCG,31/01/2019,Clinical&Medical-Independent Sector,ACUTE COMMISSIONING,BMI HEALTHCARE LTD,25462190,"800,689.64 ",GB235134980,0000101261
Department of Health,NHS Nene CCG,31/01/2019,Clinical&Medical-Independent Sector,ACUTE COMMISSIONING,BMI HEALTHCARE LTD,25593380,"200,908.02 ",GB235134980,0000102100
Department of Health,NHS Nene CCG,31/01/2019,Clinical&Medical-Independent Sector,NCAS/OATS,BMI HEALTHCARE LTD,25738639,"28,738.09 ",GB235134980,0000102825
Department of Health,NHS Nene CCG,31/01/2019,Clinical&Medical-Independent Sector,ACUTE COMMISSIONING,BMI HEALTHCARE LTD,25738648,"144,372.64 ",GB235134980,0000102827
Department of Health,NHS Nene CCG,31/01/2019,Clinical&Medical-Clinical Other,ACUTE COMMISSIONING,BPAS,25449995,"59,372.67 ",855924881,39408
Department of Health,NHS Nene CCG,31/01/2019,C&M-GMS Cost of Drugs -Dispensing,LOCAL ENHANCED SERVICES,BRACKLEY MEDICAL CENTRE,25750131,"(38,111.39)",,NO000028210
Department of Health,NHS Nene CCG,31/01/2019,C&M-GMS Cost of Drugs -Dispensing,LOCAL ENHANCED SERVICES,BRACKLEY MEDICAL CENTRE,25750132,"66,189.78 ",,NO000028211
Department of Health,NHS Nene CCG,31/01/2019,C&M-GMS PrscrptnChrgsColl&RmttdbyGP,LOCAL ENHANCED SERVICES,BRACKLEY MEDICAL CENTRE,25750132,"2,261.60 ",,NO000028211
Department of Health,NHS Nene CCG,31/01/2019,C&M-GMS Cost of Drugs -Dispensing,LOCAL ENHANCED SERVICES,BROOK HEALTH CENTRE,25750066,"50,851.62 ",,NO000028145
Department of Health,NHS Nene CCG,31/01/2019,C&M-GMS PrscrptnChrgsColl&RmttdbyGP,LOCAL ENHANCED SERVICES,BROOK HEALTH CENTRE,25750066,"1,100.00 ",,NO000028145
Department of Health,NHS Nene CCG,31/01/2019,Computer Network Costs,IM&T,BT GLOBAL SERVICES,25753124,"1,479.44 ",245719348,0790266420
Department of Health,NHS Nene CCG,31/01/2019,Computer Network Costs,PRIMARY CARE IT,BT GLOBAL SERVICES,25753124,"36,340.80 ",245719348,0790266420
Department of Health,NHS Nene CCG,31/01/2019,C&M-GMS Cost of Drugs -Dispensing,LOCAL ENHANCED SERVICES,BUGBROOKE MEDICAL PRACTICE,25750060,"(48,996.38)",,NO000028139
Department of Health,NHS Nene CCG,31/01/2019,C&M-GMS Cost of Drugs -Dispensing,LOCAL ENHANCED SERVICES,BUGBROOKE MEDICAL PRACTICE,25750061,"76,435.29 ",,NO000028140
Department of Health,NHS Nene CCG,31/01/2019,C&M-GMS PrscrptnChrgsColl&RmttdbyGP,LOCAL ENHANCED SERVICES,BUGBROOKE MEDICAL PRACTICE,25750061,"2,411.20 ",,NO000028140
Department of Health,NHS Nene CCG,31/01/2019,C&M-PMS LES Basket of Procedures,LOCAL ENHANCED SERVICES,BURTON LATIMER HEALTH CENTRE,25701386,"30,707.14 ",,101819K83037
Department of Health,NHS Nene CCG,31/01/2019,C&M-GMS Cost of Drugs -Dispensing,LOCAL ENHANCED SERVICES,BYFIELD MEDICAL CENTRE,25750063,"(38,781.60)",,NO000028142
Department of Health,NHS Nene CCG,31/01/2019,C&M-GMS Cost of Drugs -Dispensing,LOCAL ENHANCED SERVICES,BYFIELD MEDICAL CENTRE,25750064,"75,534.50 ",,NO000028143
Department of Health,NHS Nene CCG,31/01/2019,C&M-GMS PrscrptnChrgsColl&RmttdbyGP,LOCAL ENHANCED SERVICES,BYFIELD MEDICAL CENTRE,25750064,"3,308.80 ",,NO000028143
Department of Health,NHS Nene CCG,31/01/2019,Hlthcre-Foundation Trsts,ACUTE COMMISSIONING,CAMBRIDGE UNIVERSITY HOSPITALS NHS FOUNDATION TRUST,25753179,"105,667.05 ",654910528,70022264
Department of Health,NHS Nene CCG,31/01/2019,Cont Care-Physical Disab (<65),CHC ADULT FULLY FUNDED,CARMEL THERESE BRIDGET GALLAGHER,25601697,"31,501.85 ",,CGPHB241218
Department of Health,NHS Nene CCG,31/01/2019,Clinical&Medical-Commercial Sector,COMMUNITY SERVICES,CHAS A BLATCHFORD & SONS LTD,25462266,"158,978.41 ",787452287,831931
Department of Health,NHS Nene CCG,31/01/2019,Clinical&Medical-Clinical Other,URGENT CARE,CHS HEALTHCARE,25593473,"69,300.00 ",669927759,28773
Department of Health,NHS Nene CCG,31/01/2019,C&M-PMS LES Basket of Procedures,LOCAL ENHANCED SERVICES,COTTONS MEDICAL CENTRE,25701378,"28,289.63 ",,101819K83030
Department of Health,NHS Nene CCG,31/01/2019,C&M-GMS Cost of Drugs -Dispensing,LOCAL ENHANCED SERVICES,CRICK SURGERY,25750069,"(45,948.42)",,NO000028148
Department of Health,NHS Nene CCG,31/01/2019,C&M-GMS Cost of Drugs -Dispensing,LOCAL ENHANCED SERVICES,CRICK SURGERY,25750070,"92,769.73 ",,NO000028149
Department of Health,NHS Nene CCG,31/01/2019,C&M-GMS PrscrptnChrgsColl&RmttdbyGP,LOCAL ENHANCED SERVICES,CRICK SURGERY,25750070,"3,775.20 ",,NO000028149
Department of Health,NHS Nene CCG,31/01/2019,C&M-GMS Cost of Drugs -Dispensing,LOCAL ENHANCED SERVICES,DENTON SURGERY,25750074,"(63,975.04)",,NO000028153
Department of Health,NHS Nene CCG,31/01/2019,C&M-GMS Cost of Drugs -Dispensing,LOCAL ENHANCED SERVICES,DENTON SURGERY,25750075,"125,700.60 ",,NO000028154
Department of Health,NHS Nene CCG,31/01/2019,C&M-GMS PrscrptnChrgsColl&RmttdbyGP,LOCAL ENHANCED SERVICES,DENTON SURGERY,25750075,"5,086.40 ",,NO000028154
Department of Health,NHS Nene CCG,31/01/2019,Clinical&Medical-Clinical Other,NON RECURRENT PROGRAMMES,DHU 111 (EAST MIDLANDS) CIC,25529460,"29,953.63 ",GB257028406,SINV00766
Department of Health,NHS Nene CCG,31/01/2019,Clinical&Medical-Clinical Other,NON RECURRENT PROGRAMMES,DHU 111 (EAST MIDLANDS) CIC,25529469,"(30,406.27)",GB257028406,SCM0142
Department of Health,NHS Nene CCG,31/01/2019,Clinical&Medical-Clinical Other,NON RECURRENT PROGRAMMES,DHU 111 (EAST MIDLANDS) CIC,25585879,"(89,337.60)",GB257028406,240
Department of Health,NHS Nene CCG,31/01/2019,Clinical&Medical-Clinical Other,NHS 111,DHU 111 (EAST MIDLANDS) CIC,25585882,"220,385.23 ",GB257028406,977
Department of Health,NHS Nene CCG,31/01/2019,Clinical&Medical-Clinical Other,NHS 111,DHU 111 (EAST MIDLANDS) CIC,25585885,"118,785.60 ",GB257028406,998
Department of Health,NHS Nene CCG,31/01/2019,C&M-PMS LES Basket of Procedures,LOCAL ENHANCED SERVICES,DRYLAND MEDICAL CENTRE,25701389,"25,331.56 ",,101819K83039
Department of Health,NHS Nene CCG,31/01/2019,C&M-GMS Cost of Drugs -Dispensing,LOCAL ENHANCED SERVICES,EARLS BARTON SURGERY,25750083,"38,241.61 ",,NO000028162
Department of Health,NHS Nene CCG,31/01/2019,C&M-GMS PrscrptnChrgsColl&RmttdbyGP,LOCAL ENHANCED SERVICES,EARLS BARTON SURGERY,25750083,897.60 ,,NO000028162
Department of Health,NHS Nene CCG,31/01/2019,Hcare Srv Rec NHS Trust,AMBULANCE SERVICES,EAST MIDLANDS AMBULANCE SERVICE NHS TRUST,25529769,"1,570,359.00 ",,11313127
Department of Health,NHS Nene CCG,31/01/2019,Hcare Srv Rec NHS Trust,AMBULANCE SERVICES,EAST MIDLANDS AMBULANCE SERVICE NHS TRUST,25738634,"121,075.00 ",,11313225
Department of Health,NHS Nene CCG,31/01/2019,C&M-PMS LES Basket of Procedures,LOCAL ENHANCED SERVICES,ESKDAILL MEDICAL,25701364,"33,299.07 ",,101819K83013
Department of Health,NHS Nene CCG,31/01/2019,Cont Care-Mental Health (<65),CHC ADULT FULLY FUNDED,FOUR SEASONS HEALTH CARE LTD,25593377,"36,000.00 ",927365991,PLGGRF106SH
Department of Health,NHS Nene CCG,31/01/2019,C&M-GMS Cost of Drugs -Dispensing,LOCAL ENHANCED SERVICES,GREENS NORTON & WEEDON MEDICAL PRACTICE,25750085,"(94,014.08)",,NO000028164
Department of Health,NHS Nene CCG,31/01/2019,C&M-GMS Cost of Drugs -Dispensing,LOCAL ENHANCED SERVICES,GREENS NORTON & WEEDON MEDICAL PRACTICE,25750086,"169,957.25 ",,NO000028165
Department of Health,NHS Nene CCG,31/01/2019,C&M-GMS PrscrptnChrgsColl&RmttdbyGP,LOCAL ENHANCED SERVICES,GREENS NORTON & WEEDON MEDICAL PRACTICE,25750086,"7,154.40 ",,NO000028165
Department of Health,NHS Nene CCG,31/01/2019,Hlthcre-Foundation Trsts,ACUTE COMMISSIONING,GUYS & ST THOMAS HOSPITAL NHS FOUNDATION TRUST,25450111,"41,632.00 ",654923417,3254116
Department of Health,NHS Nene CCG,31/01/2019,C&M-PMS LES Basket of Procedures,LOCAL ENHANCED SERVICES,HARBOROUGH FIELD SURGERY,25701358,"29,231.18 ",,101819K83007
Department of Health,NHS Nene CCG,31/01/2019,Programme Support Costs,PROGRAMME PROJECTS,HEALTHCARE GATEWAY LTD,25615644,"62,611.33 ",114948015,JAINV0298
Department of Health,NHS Nene CCG,31/01/2019,Apprenticeship Levy Payable,BALANCE SHEET,HMRC,25487787,"1,307.00 ",,120PV005700901909
Department of Health,NHS Nene CCG,31/01/2019,Income tax <1Yr,BALANCE SHEET,HMRC,25487787,"81,294.37 ",,120PV005700901909
Department of Health,NHS Nene CCG,31/01/2019,Income tax <1Yr-Student Loans,BALANCE SHEET,HMRC,25487787,645.00 ,,120PV005700901909
Department of Health,NHS Nene CCG,31/01/2019,National Insurance < 1 yr-NI- ERS,BALANCE SHEET,HMRC,25487787,"56,271.33 ",,120PV005700901909
Department of Health,NHS Nene CCG,31/01/2019,National Insurance < 1 yr-NI-EES,BALANCE SHEET,HMRC,25487787,"39,995.75 ",,120PV005700901909
Department of Health,NHS Nene CCG,31/01/2019,Statutory Mat Pay < 1 yr,BALANCE SHEET,HMRC,25487787,(534.28),,120PV005700901909
Department of Health,NHS Nene CCG,31/01/2019,Cont Care-Physical Disab (<65),CHC ADULT FULLY FUNDED,HOME INSTEAD SENIOR CARE,25450546,"27,025.00 ",,4048
Department of Health,NHS Nene CCG,31/01/2019,Clinical&Medical-Independent Sector,ACUTE COMMISSIONING,HORTON HOSPITAL,25450099,"208,585.83 ",,HORNEN201810
Department of Health,NHS Nene CCG,31/01/2019,Clinical&Medical-Clinical Other,OUT OF HOURS,INTEGRATED CARE 24 LTD,25450233,"424,106.67 ",991241024,2366
Department of Health,NHS Nene CCG,31/01/2019,Hcare Srv Rec Fdtn Trust-Non Contract,NCAS/OATS,JAMES PAGET UNIVERSITY HOSPITALS NHS FOUNDATION TRUST,25513680,"26,784.00 ",654926212,101476
Department of Health,NHS Nene CCG,31/01/2019,Clinical&Medical-Voluntary Sector,PALLIATIVE CARE,KATHARINE HOUSE HOSPICE,25772193,"33,991.50 ",,12483
Department of Health,NHS Nene CCG,31/01/2019,Cont Care-Funded Nursing Care Allow,FUNDED NURSING CARE,KENROYAL NURSING & RESIDENTIAL CARE HOME,25494767,"37,822.68 ",,10CHC1471819
Department of Health,NHS Nene CCG,31/01/2019,Hlthcre-Foundation Trsts,NON RECURRENT PROGRAMMES,KETTERING GENERAL HOSPITAL NHS FOUNDATION TRUST,25529480,"230,556.60 ",654926604,A0035524
Department of Health,NHS Nene CCG,31/01/2019,Hlthcre-Foundation Trsts,NON RECURRENT PROGRAMMES,KETTERING GENERAL HOSPITAL NHS FOUNDATION TRUST,25529493,"84,105.00 ",654926604,A0035523
Department of Health,NHS Nene CCG,31/01/2019,Hlthcre-Foundation Trsts,NON RECURRENT PROGRAMMES,KETTERING GENERAL HOSPITAL NHS FOUNDATION TRUST,25530151,"(84,105.00)",654926604,A0038584
Department of Health,NHS Nene CCG,31/01/2019,Hlthcre-Foundation Trsts,NON RECURRENT PROGRAMMES,KETTERING GENERAL HOSPITAL NHS FOUNDATION TRUST,25530152,"(230,556.60)",654926604,A0038585
Department of Health,NHS Nene CCG,31/01/2019,Hlthcre-Foundation Trsts,ACUTE COMMISSIONING,KETTERING GENERAL HOSPITAL NHS FOUNDATION TRUST,25753139,"11,516,338.00 ",654926604,A0038650
Department of Health,NHS Nene CCG,31/01/2019,Clinical&Medical-Commercial Sector,ACUTE COMMISSIONING,LAKESIDE PLUS CO LTD,25564505,"75,111.75 ",,4292
Department of Health,NHS Nene CCG,31/01/2019,C&M-PMS LES Basket of Procedures,LOCAL ENHANCED SERVICES,LINDEN MEDICAL CENTRE KETTERING,25701384,"33,319.17 ",,101819K83036
Department of Health,NHS Nene CCG,31/01/2019,C&M-GMS Cost of Drugs -Dispensing,LOCAL ENHANCED SERVICES,LONG BUCKBY PRACTICE,25750094,"38,548.75 ",,NO000028173
Department of Health,NHS Nene CCG,31/01/2019,C&M-GMS PrscrptnChrgsColl&RmttdbyGP,LOCAL ENHANCED SERVICES,LONG BUCKBY PRACTICE,25750094,"1,117.60 ",,NO000028173
Department of Health,NHS Nene CCG,31/01/2019,Clinical&Medical-Commercial Sector,COMMUNITY SERVICES,MARIE CURIE,25634270,"59,926.10 ",626722537,508322
Department of Health,NHS Nene CCG,31/01/2019,Clinical&Medical-Commercial Sector,COMMUNITY SERVICES,MARIE CURIE,25634282,"105,751.95 ",626722537,508323
Department of Health,NHS Nene CCG,31/01/2019,Clinical&Medical-Drugs,ACUTE COMMISSIONING,MEDTRONIC LTD,25701333,"60,804.00 ",GB 467254526,1099281899
Department of Health,NHS Nene CCG,31/01/2019,Clinical&Medical-Voluntary Sector,MENTAL HEALTH SERVICES - ADULTS,MENTAL HEALTH NORTHANTS COLLABORATION,25660341,"58,504.50 ",,MHNCCOR03
Department of Health,NHS Nene CCG,31/01/2019,Clinical&Medical-Commercial Sector,WHEELCHAIR SERVICE,MILLBROOK HEALTHCARE LTD,25681635,"33,116.16 ",GB675991080,20905
Department of Health,NHS Nene CCG,31/01/2019,Clinical&Medical-Commercial Sector,WHEELCHAIR SERVICE,MILLBROOK HEALTHCARE LTD,25681700,"90,180.61 ",GB675991080,20986
Department of Health,NHS Nene CCG,31/01/2019,Hlthcre-Foundation Trsts,ACUTE COMMISSIONING,MILTON KEYNES HOSPITAL NHS FOUNDATION TRUST,25513683,"282,536.00 ",654930618,42943497
Department of Health,NHS Nene CCG,31/01/2019,Cont Care-Learning Disab(<65),CHC ADULT FULLY FUNDED,NATIONAL STAR FOUNDATION,25450339,"50,506.70 ",184 5412 03,0000014697
Department of Health,NHS Nene CCG,31/01/2019,C&M-GMS Cost of Drugs -Dispensing,LOCAL ENHANCED SERVICES,NENE VALLEY SURGERY,25750104,"(38,839.90)",,NO000028183
Department of Health,NHS Nene CCG,31/01/2019,C&M-GMS Cost of Drugs -Dispensing,LOCAL ENHANCED SERVICES,NENE VALLEY SURGERY,25750105,"64,498.72 ",,NO000028184
Department of Health,NHS Nene CCG,31/01/2019,C&M-GMS PrscrptnChrgsColl&RmttdbyGP,LOCAL ENHANCED SERVICES,NENE VALLEY SURGERY,25750105,"2,006.40 ",,NO000028184
Department of Health,NHS Nene CCG,31/01/2019,Charges from CSU,CONTINUING HEALTHCARE ASSESSMENT & SUPPORT,NHS ARDEN AND GEM CSU,25450474,"168,519.73 ",GB526164259,7312612751
Department of Health,NHS Nene CCG,31/01/2019,Charges from CSU,COMMISSIONING,NHS NEL CSU,25450422,"247,180.64 ",GB654442045,7312808235
Department of Health,NHS Nene CCG,31/01/2019,Charges from CSU,PRIMARY CARE IT,NHS NEL CSU,25450422,"129,358.36 ",GB654442045,7312808235
Department of Health,NHS Nene CCG,31/01/2019,Oth Pybls <1Yr-Other,BALANCE SHEET,NHS SUPPLY CHAIN,25450127,"35,213.29 ",,1019190574
Department of Health,NHS Nene CCG,31/01/2019,Oth Pybls <1Yr-Other,BALANCE SHEET,NHS SUPPLY CHAIN,25462289,"25,467.88 ",,1019195511
Department of Health,NHS Nene CCG,31/01/2019,Oth Pybls <1Yr-Other,BALANCE SHEET,NHS SUPPLY CHAIN,25615768,"46,770.46 ",,1019201250
Department of Health,NHS Nene CCG,31/01/2019,Cont Care-CCG-Prior Year Payments,CHC ADULT FULLY FUNDED,NHS WEST ESSEX CCG,25499233,"251,817.35 ",654461726,7022000544
Department of Health,NHS Nene CCG,31/01/2019,Clinical&Medical-Serv Recd-CCGs,NON RECURRENT PROGRAMMES,NHS WEST ESSEX CCG,25499254,"33,972.24 ",654461726,7022000701
Department of Health,NHS Nene CCG,31/01/2019,Clinical&Medical-Serv Recd-CCGs,NON RECURRENT PROGRAMMES,NHS WEST ESSEX CCG,25499560,"(104,007.35)",654461726,7022001052
Department of Health,NHS Nene CCG,31/01/2019,Clinical&Medical-Serv Recd-CCGs,NON RECURRENT PROGRAMMES,NHS WEST ESSEX CCG,25499565,"(33,972.24)",654461726,7022001053
Department of Health,NHS Nene CCG,31/01/2019,Hlthcre-Foundation Trsts,ACUTE COMMISSIONING,NORTH WEST ANGLIA NHS FOUNDATION TRUST,25450123,"65,848.91 ",GB654936110,17444243
Department of Health,NHS Nene CCG,31/01/2019,Computer Software/License,PROGRAMME PROJECTS,NORTHAMPTON GENERAL HOSPITAL NHS TRUST,25681467,"41,956.72 ",654933707,N0001952
Department of Health,NHS Nene CCG,31/01/2019,Hcare Srv Rec NHS Trust,ACUTE COMMISSIONING,NORTHAMPTON GENERAL HOSPITAL NHS TRUST,25753128,"18,683,345.00 ",654933707,N0002969
Department of Health,NHS Nene CCG,31/01/2019,Clinical&Medical-Voluntary Sector,COMMUNITY SERVICES,NORTHAMPTONSHIRE CARERS,25450002,"51,113.10 ",,148SD
Department of Health,NHS Nene CCG,31/01/2019,Clinical&Medical-Voluntary Sector,COMMUNITY SERVICES,NORTHAMPTONSHIRE CARERS,25753116,"40,500.26 ",,159SD
Department of Health,NHS Nene CCG,31/01/2019,Clinical&Medical-Othe Public Sector,NON RECURRENT PROGRAMMES,NORTHAMPTONSHIRE COUNTY COUNCIL,25448966,"91,772.00 ",GB121480409,421000568815
Department of Health,NHS Nene CCG,31/01/2019,Clinical&Medical-Serv Recd-F Trsts,COMMISSIONING - NON ACUTE,NORTHAMPTONSHIRE HEALTHCARE NHS FOUNDATION TRUST,25450210,"98,069.33 ",654403940,5143329
Department of Health,NHS Nene CCG,31/01/2019,Hcare Srv Rec Fdtn Trust-Contract Baseline,MENTAL HEALTH SERVICES - ADULTS,NORTHAMPTONSHIRE HEALTHCARE NHS FOUNDATION TRUST,25462247,"100,048.33 ",654403940,5143262
Department of Health,NHS Nene CCG,31/01/2019,Clinical&Medical-Serv Recd-F Trsts,CHILD AND ADOLESCENT MENTAL HEALTH,NORTHAMPTONSHIRE HEALTHCARE NHS FOUNDATION TRUST,25462249,"918,255.65 ",654403940,5143264
Department of Health,NHS Nene CCG,31/01/2019,Hcare Srv Rec Fdtn Trust-Contract Baseline,COMMUNITY SERVICES,NORTHAMPTONSHIRE HEALTHCARE NHS FOUNDATION TRUST,25462259,"140,849.40 ",654403940,5143227
Department of Health,NHS Nene CCG,31/01/2019,CCG Revenue - Contract,CHILD AND ADOLESCENT MENTAL HEALTH,NORTHAMPTONSHIRE HEALTHCARE NHS FOUNDATION TRUST,25563849,"(52,630.00)",654403940,5143263
Department of Health,NHS Nene CCG,31/01/2019,Hcare Srv Rec Fdtn Trust-Contract Baseline,CHILD AND ADOLESCENT MENTAL HEALTH,NORTHAMPTONSHIRE HEALTHCARE NHS FOUNDATION TRUST,25563849,"710,898.17 ",654403940,5143263
Department of Health,NHS Nene CCG,31/01/2019,Hcare Srv Rec Fdtn Trust-Contract Baseline,COMMUNITY SERVICES,NORTHAMPTONSHIRE HEALTHCARE NHS FOUNDATION TRUST,25563849,"4,307,992.33 ",654403940,5143263
Department of Health,NHS Nene CCG,31/01/2019,Hcare Srv Rec Fdtn Trust-Contract Baseline,LEARNING DIFFICULTIES,NORTHAMPTONSHIRE HEALTHCARE NHS FOUNDATION TRUST,25563849,"1,470,540.50 ",654403940,5143263
Department of Health,NHS Nene CCG,31/01/2019,Hcare Srv Rec Fdtn Trust-Contract Baseline,MENTAL HEALTH SERVICES - ADULTS,NORTHAMPTONSHIRE HEALTHCARE NHS FOUNDATION TRUST,25563849,"3,372,069.00 ",654403940,5143263
Department of Health,NHS Nene CCG,31/01/2019,Clinical&Medical-Serv Recd-F Trsts,COMMISSIONING - NON ACUTE,NORTHAMPTONSHIRE HEALTHCARE NHS FOUNDATION TRUST,25681671,"101,076.94 ",654403940,5143461
Department of Health,NHS Nene CCG,31/01/2019,Clinical&Medical-Serv Recd-F Trsts,COMMISSIONING - NON ACUTE,NORTHAMPTONSHIRE HEALTHCARE NHS FOUNDATION TRUST,25681678,"30,471.39 ",654403940,5143448
Department of Health,NHS Nene CCG,31/01/2019,Clinical&Medical-Serv Recd-F Trsts,COMMISSIONING - NON ACUTE,NORTHAMPTONSHIRE HEALTHCARE NHS FOUNDATION TRUST,25681682,"36,567.14 ",654403940,5143447
Department of Health,NHS Nene CCG,31/01/2019,Hcare Srv Rec NHS Trust,ACUTE COMMISSIONING,NOTTINGHAM UNIVERSITY HOSPITALS NHS TRUST,25564499,"38,939.00 ",654434827,2000098793
Department of Health,NHS Nene CCG,31/01/2019,Clinical&Medical-Serv Recd-F Trsts,MENTAL HEALTH SERVICES - ADULTS,OXFORD HEALTH NHS FOUNDATION TRUST,25500053,"47,748.23 ",GB654935896,A0112787
Department of Health,NHS Nene CCG,31/01/2019,Hlthcre-Foundation Trsts,ACUTE COMMISSIONING,OXFORD UNIVERSITY HOSPITALS NHS FOUNDATION TRUST,25450078,"1,508,853.00 ",654935407,8292364
Department of Health,NHS Nene CCG,31/01/2019,C&M-PMS LES Basket of Procedures,LOCAL ENHANCED SERVICES,PARK AVENUE SURGERY NORTHAMPTON,25701398,"29,240.01 ",,101819K83042
Department of Health,NHS Nene CCG,31/01/2019,C&M-PMS LES Basket of Procedures,LOCAL ENHANCED SERVICES,PARKLANDS SURGERY RUSHDEN,25701403,"28,894.28 ",,101819K83044
Department of Health,NHS Nene CCG,31/01/2019,C&M-PMS LES Basket of Procedures,LOCAL ENHANCED SERVICES,PARKS MEDICAL PRACTICE,25701416,"58,991.40 ",,101819K83052
Department of Health,NHS Nene CCG,31/01/2019,Clinical&Medical-Commercial Sector,COMMUNITY SERVICES,PRIMECARE,25690112,"51,098.19 ",228949560,20160502780
Department of Health,NHS Nene CCG,31/01/2019,C&M-GMS DES Extended Hours Access,GP FORWARD VIEW,PRINCIPAL MEDICAL,25529733,"319,688.86 ",,2002524
Department of Health,NHS Nene CCG,31/01/2019,C&M-GMS DES Extended Hours Access,GP FORWARD VIEW,PRINCIPAL MEDICAL,25530042,"(319,688.66)",,1000238
Department of Health,NHS Nene CCG,31/01/2019,C&M-GMS DES Extended Hours Access,GP FORWARD VIEW,PRINCIPAL MEDICAL,25530051,"303,704.23 ",,2002528
Department of Health,NHS Nene CCG,31/01/2019,C&M-PMS LES Basket of Procedures,LOCAL ENHANCED SERVICES,QUEENSWAY MEDICAL CENTRE WELLINGBOROUGH,25701356,"32,120.04 ",,101819K83005
Department of Health,NHS Nene CCG,31/01/2019,C&M-GMS Cost of Drugs -Dispensing,LOCAL ENHANCED SERVICES,RDE BLISWORTH HANSLOPE & GRANGE PARK SURGERIES,25750110,"(105,841.40)",,NO000028189
Department of Health,NHS Nene CCG,31/01/2019,C&M-GMS Cost of Drugs -Dispensing,LOCAL ENHANCED SERVICES,RDE BLISWORTH HANSLOPE & GRANGE PARK SURGERIES,25750111,"192,843.87 ",,NO000028190
Department of Health,NHS Nene CCG,31/01/2019,C&M-GMS PrscrptnChrgsColl&RmttdbyGP,LOCAL ENHANCED SERVICES,RDE BLISWORTH HANSLOPE & GRANGE PARK SURGERIES,25750111,"11,176.00 ",,NO000028190
Department of Health,NHS Nene CCG,31/01/2019,C&M-PMS LES Basket of Procedures,LOCAL ENHANCED SERVICES,REDWELL MEDICAL CENTRE,25701362,"29,893.03 ",,101819K83011
Department of Health,NHS Nene CCG,31/01/2019,Cont Care-Learning Disab(<65),CHC ADULT FULLY FUNDED,RICHARDSON PARTNERSHIP FOR CARE,25494936,"25,883.22 ",,10CHC3161819
Department of Health,NHS Nene CCG,31/01/2019,C&M-PMS LES Basket of Procedures,LOCAL ENHANCED SERVICES,ROTHWELL & DESBOROUGH SURGERIES,25701370,"45,313.54 ",,101819K83021
Department of Health,NHS Nene CCG,31/01/2019,Clinical&Medical-Serv Recd-F Trsts,PATIENT TRANSPORT,ROYAL BROMPTON & HAREFIELD NHS FOUNDATION TRUST,25690026,"1,258.53 ",654968091,N002846
Department of Health,NHS Nene CCG,31/01/2019,Hcare Srv Rec Fdtn Trust-Non Contract,NCAS/OATS,ROYAL BROMPTON & HAREFIELD NHS FOUNDATION TRUST,25690026,"23,844.74 ",654968091,N002846
Department of Health,NHS Nene CCG,31/01/2019,Clinical&Medical-Serv Recd-F Trsts,PATIENT TRANSPORT,ROYAL BROMPTON & HAREFIELD NHS FOUNDATION TRUST,25690030,"3,451.59 ",654968091,N002961
Department of Health,NHS Nene CCG,31/01/2019,Hcare Srv Rec Fdtn Trust-Non Contract,NCAS/OATS,ROYAL BROMPTON & HAREFIELD NHS FOUNDATION TRUST,25690030,"24,040.02 ",654968091,N002961
Department of Health,NHS Nene CCG,31/01/2019,Clinical&Medical-Serv Recd-F Trsts,PATIENT TRANSPORT,ROYAL BROMPTON & HAREFIELD NHS FOUNDATION TRUST,25690057,"4,038.12 ",654968091,N003070
Department of Health,NHS Nene CCG,31/01/2019,Hcare Srv Rec Fdtn Trust-Non Contract,NCAS/OATS,ROYAL BROMPTON & HAREFIELD NHS FOUNDATION TRUST,25690057,"35,683.30 ",654968091,N003070
Department of Health,NHS Nene CCG,31/01/2019,Clinical&Medical-Serv Recd-F Trsts,PATIENT TRANSPORT,ROYAL BROMPTON & HAREFIELD NHS FOUNDATION TRUST,25690097,"2,842.86 ",654968091,N003392
Department of Health,NHS Nene CCG,31/01/2019,Hcare Srv Rec Fdtn Trust-Non Contract,NCAS/OATS,ROYAL BROMPTON & HAREFIELD NHS FOUNDATION TRUST,25690097,"28,578.06 ",654968091,N003392
Department of Health,NHS Nene CCG,31/01/2019,Hcare Srv Rec Fdtn Trust-Non Contract,NCAS/OATS,ROYAL BROMPTON & HAREFIELD NHS FOUNDATION TRUST,25738644,"29,613.30 ",654968091,N003506
Department of Health,NHS Nene CCG,31/01/2019,Hcare Srv Rec NHS Trust,ACUTE COMMISSIONING,ROYAL NATIONAL ORTHOPAEDIC HOSPITAL NHS TRUST,25450327,"37,018.00 ",654947494,B0038830
Department of Health,NHS Nene CCG,31/01/2019,Clinical&Medical-Serv Recd-F Trsts,NON RECURRENT PROGRAMMES,ROYAL PAPWORTH HOSPITAL NHS FOUNDATION TRUST,25462253,"112,140.00 ",GB654935994,57794123
Department of Health,NHS Nene CCG,31/01/2019,Clinical&Medical-Serv Recd-F Trsts,NON RECURRENT PROGRAMMES,ROYAL PAPWORTH HOSPITAL NHS FOUNDATION TRUST,25462286,"(112,140.00)",GB654935994,57794122
Department of Health,NHS Nene CCG,31/01/2019,Hcare Srv Rec Fdtn Trust-Non Contract,NCAS/OATS,ROYAL PAPWORTH HOSPITAL NHS FOUNDATION TRUST,25513645,"80,354.09 ",GB654935994,57791751
Department of Health,NHS Nene CCG,31/01/2019,C&M-GMS Cost of Drugs -Dispensing,LOCAL ENHANCED SERVICES,SAXON SPIRES PRACTICE,25750114,"(80,089.42)",,NO000028193
Department of Health,NHS Nene CCG,31/01/2019,C&M-GMS Cost of Drugs -Dispensing,LOCAL ENHANCED SERVICES,SAXON SPIRES PRACTICE,25750115,"213,585.86 ",,NO000028194
Department of Health,NHS Nene CCG,31/01/2019,C&M-GMS PrscrptnChrgsColl&RmttdbyGP,LOCAL ENHANCED SERVICES,SAXON SPIRES PRACTICE,25750115,"7,365.60 ",,NO000028194
Department of Health,NHS Nene CCG,31/01/2019,Clinical&Medical-Independent Sector,CHILD AND ADOLESCENT MENTAL HEALTH,SERVICE SIX,25681732,"36,275.25 ",,948
Department of Health,NHS Nene CCG,31/01/2019,C&M-PMS LES Basket of Procedures,LOCAL ENHANCED SERVICES,SPINNEY BROOK HEALTH CENTRE,25701376,"28,092.76 ",,101819K83028
Department of Health,NHS Nene CCG,31/01/2019,C&M-GMS Cost of Drugs -Dispensing,LOCAL ENHANCED SERVICES,SPINNEY BROOK HEALTH CENTRE,25750120,"(30,882.15)",,NO000028199
Department of Health,NHS Nene CCG,31/01/2019,C&M-GMS Cost of Drugs -Dispensing,LOCAL ENHANCED SERVICES,SPINNEY BROOK HEALTH CENTRE,25750121,"51,933.30 ",,NO000028200
Department of Health,NHS Nene CCG,31/01/2019,C&M-GMS PrscrptnChrgsColl&RmttdbyGP,LOCAL ENHANCED SERVICES,SPINNEY BROOK HEALTH CENTRE,25750121,862.40 ,,NO000028200
Department of Health,NHS Nene CCG,31/01/2019,C&M-GMS Cost of Drugs -Dispensing,LOCAL ENHANCED SERVICES,SPRINGFIELD SURGERY BRACKLEY,25750118,"(36,470.49)",,NO000028197
Department of Health,NHS Nene CCG,31/01/2019,C&M-GMS Cost of Drugs -Dispensing,LOCAL ENHANCED SERVICES,SPRINGFIELD SURGERY BRACKLEY,25750119,"63,443.88 ",,NO000028198
Department of Health,NHS Nene CCG,31/01/2019,C&M-GMS PrscrptnChrgsColl&RmttdbyGP,LOCAL ENHANCED SERVICES,SPRINGFIELD SURGERY BRACKLEY,25750119,"1,980.00 ",,NO000028198
Department of Health,NHS Nene CCG,31/01/2019,C&M-PMS LES Basket of Procedures,LOCAL ENHANCED SERVICES,ST LUKES PRIMARY CARE CENTRE,25701396,"57,467.34 ",,101819K83041
Department of Health,NHS Nene CCG,31/01/2019,Clinical&Medical-Commercial Sector,PATIENT TRANSPORT,THAMES AMBULANCE SERVICE LTD,25563736,"164,331.47 ",809846883,20816
Department of Health,NHS Nene CCG,31/01/2019,Clinical&Medical-Commercial Sector,PATIENT TRANSPORT,THAMES AMBULANCE SERVICE LTD,25564029,"92,064.00 ",809846883,20860
Department of Health,NHS Nene CCG,31/01/2019,Clinical&Medical-Voluntary Sector,MENTAL HEALTH SERVICES - ADULTS,TOGETHER FOR MENTAL WELLBEING,25772216,"28,335.00 ",,114322
Department of Health,NHS Nene CCG,31/01/2019,Clinical&Medical-Voluntary Sector,MENTAL HEALTH SERVICES - ADULTS,TOGETHER FOR MENTAL WELLBEING,25772222,"28,335.00 ",,114321
Department of Health,NHS Nene CCG,31/01/2019,C&M-GMS Cost of Drugs -Dispensing,LOCAL ENHANCED SERVICES,TOWCESTER MEDICAL CENTRE,25750125,"43,707.17 ",,NO000028204
Department of Health,NHS Nene CCG,31/01/2019,C&M-GMS PrscrptnChrgsColl&RmttdbyGP,LOCAL ENHANCED SERVICES,TOWCESTER MEDICAL CENTRE,25750125,466.40 ,,NO000028204
Department of Health,NHS Nene CCG,31/01/2019,Clinical&Medical-Commercial Sector,COMMUNITY SERVICES,UNIFIED HEALTH & CARE LTD,25753093,"27,756.83 ",GB268570567,274
Department of Health,NHS Nene CCG,31/01/2019,Hcare Srv Rec NHS Trust-Non Contract,NCAS/OATS,UNITED LINCOLNSHIRE HOSPITALS NHS TRUST,25738622,"44,493.30 ",654973592,0000196123
Department of Health,NHS Nene CCG,31/01/2019,Hlthcre-Foundation Trsts,ACUTE COMMISSIONING,UNIVERSITY COLLEGE LONDON HOSPITALS NHS FOUNDATION TRUST,25450101,"55,226.00 ",654948687,5010187556
Department of Health,NHS Nene CCG,31/01/2019,Hcare Srv Rec Fdtn Trust-Non Contract,NCAS/OATS,UNIVERSITY HOSPITALS BIRMINGHAM NHS FOUNDATION TRUST,25738590,"34,997.50 ",GB654912816,OPU032718
Department of Health,NHS Nene CCG,31/01/2019,Hcare Srv Rec Fdtn Trust-Non Contract,NCAS/OATS,UNIVERSITY HOSPITALS BIRMINGHAM NHS FOUNDATION TRUST,25738673,"32,622.00 ",GB654912816,OPU041164
Department of Health,NHS Nene CCG,31/01/2019,Hcare Srv Rec NHS Trust,ACUTE COMMISSIONING,UNIVERSITY HOSPITALS COVENTRY AND WARWICKSHIRE NHS TRUST,25450122,"637,980.38 ",654949096,1000069755
Department of Health,NHS Nene CCG,31/01/2019,Hcare Srv Rec NHS Trust,NON RECURRENT PROGRAMMES,UNIVERSITY HOSPITALS COVENTRY AND WARWICKSHIRE NHS TRUST,25712022,"414,470.48 ",654949096,1000063107
Department of Health,NHS Nene CCG,31/01/2019,Hcare Srv Rec NHS Trust,NON RECURRENT PROGRAMMES,UNIVERSITY HOSPITALS COVENTRY AND WARWICKSHIRE NHS TRUST,25712189,"(122,720.00)",654949096,2000009988
Department of Health,NHS Nene CCG,31/01/2019,Hcare Srv Rec NHS Trust,ACUTE COMMISSIONING,UNIVERSITY HOSPITALS OF LEICESTER NHS TRUST,25450093,"584,159.00 ",654972400,L0219391
Department of Health,NHS Nene CCG,31/01/2019,C&M-PMS LES Basket of Procedures,LOCAL ENHANCED SERVICES,WEAVERS MEDICAL,25701414,"45,025.30 ",,101819K83051
Department of Health,NHS Nene CCG,31/01/2019,Clinical&Medical-Independent Sector,ACUTE COMMISSIONING,WOODLAND HOSPITAL,25450353,"1,076,004.00 ",,KETL8650420110
Department of Health,NHS Nene CCG,31/01/2019,Clinical&Medical-Independent Sector,ACUTE COMMISSIONING,WOODLAND HOSPITAL,25712211,"93,606.80 ",,KETL865102018WH
,,,,,,,,,
