HTTP/1.1 200 OK
Date: Mon, 01 Jul 2019 08:47:27 GMT
Server: Apache
Set-Cookie: PHPSESSID=4t83vbef7vddnnv268qcaa6gq7; path=/
Expires: 0
Cache-Control: max-age=300, private, proxy-revalidate
Pragma: public
Content-Description: File Transfer
Content-Disposition: attachment; filename="04G Nene Expenditure Over 25K Report- July 2018 (CSV).csv"
Vary: Accept-Encoding
Content-Encoding: gzip
Content-Length: 5633
Content-Type: application/octet-stream

04G NENE CCG Over 25K Report July 18,,,,,,,,,
A3131 - Expenditure Over Threshold,,,,,,,,,
Time run: 01/08/2018 08:32:39,,,,,,,,,
Department family,Entity,Date,Expense Type,Expense area,Supplier,Transaction number,AP Amount (�),VAT registration number,Purchase invoice number
Department of Health,NHS Nene CCG,31/07/2018,C&M-GMS LES Referral Management,LOCAL ENHANCED SERVICES,3SIXTY CARE LTD,23152287,"91,255.54 ",,1052
Department of Health,NHS Nene CCG,31/07/2018,C&M-GMS DES Extended Hours Access,GP FORWARD VIEW,3SIXTY CARE LTD,23152318,"64,979.67 ",,1054
Department of Health,NHS Nene CCG,31/07/2018,C&M-PMS LES Basket of Procedures,LOCAL ENHANCED SERVICES,ABBEY HOUSE MEDICAL PRACTICE,23123878,"33,909.15 ",,M41819K83032
Department of Health,NHS Nene CCG,31/07/2018,C&M-PMS LES Basket of Procedures,LOCAL ENHANCED SERVICES,ABBEY MEDICAL PRACTICE WELLINGBOROUGH,23123981,"37,883.83 ",,M41819K83047
Department of Health,NHS Nene CCG,31/07/2018,C&M-PMS LES Basket of Procedures,LOCAL ENHANCED SERVICES,ABINGTON MEDICAL CENTRE,23123967,"29,118.49 ",,M41819K83043
Department of Health,NHS Nene CCG,31/07/2018,C&M-PMS LES Basket of Procedures,LOCAL ENHANCED SERVICES,ABINGTON PARK SURGERY,23123843,"27,739.63 ",,M41819K83029
Department of Health,NHS Nene CCG,31/07/2018,Clinical&Medical-Voluntary Sector,COMMUNITY SERVICES,AGE CONCERN NORTHAMPTONSHIRE,23231078,"45,136.00 ",,2274
Department of Health,NHS Nene CCG,31/07/2018,Cont Care-Physical Disab (65+),CHC ADULT FULLY FUNDED,AGE NURSING HOMES LTD,23018239,"42,638.17 ",,4CHC1201819
Department of Health,NHS Nene CCG,31/07/2018,C&M-PMS LES Basket of Procedures,LOCAL ENHANCED SERVICES,ALBANY HOUSE MEDICAL CENTRE,23123806,"42,614.23 ",,M41819K83026
Department of Health,NHS Nene CCG,31/07/2018,Clinical&Medical-Independent Sector,Learning Difficulties - S117,ALDERWOOD LLA LTD,23018117,"43,279.81 ",,4CHC041819
Department of Health,NHS Nene CCG,31/07/2018,Cont Care-Learning Disab(<65),CHC ADULT FULLY FUNDED,ALDERWOOD LLA LTD,23018121,"199,726.00 ",,4CHC061819
Department of Health,NHS Nene CCG,31/07/2018,Cont Care-Funded Nursing Care Allow,FUNDED NURSING CARE,ALPHA CARE MANAGEMENT SERVICES NO2 LTD,23018162,"28,265.51 ",,4CHC411819
Department of Health,NHS Nene CCG,31/07/2018,Hcare Srv Rec NHS Trust,ACUTE COMMISSIONING,BEDFORD HOSPITAL NHS TRUST,22988298,"129,636.50 ",,I0164649
Department of Health,NHS Nene CCG,31/07/2018,Clinical&Medical-Independent Sector,ACUTE COMMISSIONING,BMI HEALTHCARE COLLECTIONS,22972407,"800,689.64 ",,0000093179
Department of Health,NHS Nene CCG,31/07/2018,Clinical&Medical-Commercial Sector,NCAS/OATS,BMI HEALTHCARE COLLECTIONS,23230994,"27,426.73 ",,0000094103
Department of Health,NHS Nene CCG,31/07/2018,Clinical&Medical-Independent Sector,ACUTE COMMISSIONING,BPAS,22988279,"59,372.67 ",855924881,37874
Department of Health,NHS Nene CCG,31/07/2018,C&M-GMS Cost of Drugs -Dispensing,LOCAL ENHANCED SERVICES,BRACKLEY MEDICAL CENTRE,23212086,"(26,761.04)",,NO000026244
Department of Health,NHS Nene CCG,31/07/2018,C&M-GMS Cost of Drugs -Dispensing,LOCAL ENHANCED SERVICES,BRACKLEY MEDICAL CENTRE,23212087,"52,336.97 ",,NO000026245
Department of Health,NHS Nene CCG,31/07/2018,C&M-GMS PrscrptnChrgsColl&RmttdbyGP,LOCAL ENHANCED SERVICES,BRACKLEY MEDICAL CENTRE,23212087,"2,490.40 ",,NO000026245
Department of Health,NHS Nene CCG,31/07/2018,C&M-GMS Cost of Drugs -Dispensing,LOCAL ENHANCED SERVICES,BROOK HEALTH CENTRE,23212018,"(26,461.30)",,NO000026176
Department of Health,NHS Nene CCG,31/07/2018,C&M-GMS Cost of Drugs -Dispensing,LOCAL ENHANCED SERVICES,BROOK HEALTH CENTRE,23212019,"47,709.73 ",,NO000026177
Department of Health,NHS Nene CCG,31/07/2018,C&M-GMS PrscrptnChrgsColl&RmttdbyGP,LOCAL ENHANCED SERVICES,BROOK HEALTH CENTRE,23212019,"1,443.20 ",,NO000026177
Department of Health,NHS Nene CCG,31/07/2018,Computer Network Costs,IM&T,BT GLOBAL SERVICES,23023229,"1,126.90 ",245719348,0790249085
Department of Health,NHS Nene CCG,31/07/2018,Computer Network Costs,PRIMARY CARE IT,BT GLOBAL SERVICES,23023229,"35,808.37 ",245719348,0790249085
Department of Health,NHS Nene CCG,31/07/2018,Computer Network Costs,IM&T,BT GLOBAL SERVICES,23152306,"1,376.65 ",245719348,0790251627
Department of Health,NHS Nene CCG,31/07/2018,Computer Network Costs,PRIMARY CARE IT,BT GLOBAL SERVICES,23152306,"35,778.40 ",245719348,0790251627
Department of Health,NHS Nene CCG,31/07/2018,C&M-GMS Cost of Drugs -Dispensing,LOCAL ENHANCED SERVICES,BUGBROOKE MEDICAL PRACTICE,23212014,"(39,523.52)",,NO000026171
Department of Health,NHS Nene CCG,31/07/2018,C&M-GMS Cost of Drugs -Dispensing,LOCAL ENHANCED SERVICES,BUGBROOKE MEDICAL PRACTICE,23212015,"66,885.34 ",,NO000026172
Department of Health,NHS Nene CCG,31/07/2018,C&M-GMS PrscrptnChrgsColl&RmttdbyGP,LOCAL ENHANCED SERVICES,BUGBROOKE MEDICAL PRACTICE,23212015,"3,502.40 ",,NO000026172
Department of Health,NHS Nene CCG,31/07/2018,C&M-PMS LES Basket of Procedures,LOCAL ENHANCED SERVICES,BURTON LATIMER HEALTH CENTRE,23123921,"33,824.14 ",,M41819K83037
Department of Health,NHS Nene CCG,31/07/2018,C&M-GMS Cost of Drugs -Dispensing,LOCAL ENHANCED SERVICES,BYFIELD MEDICAL CENTRE,23212016,"(38,383.64)",,NO000026174
Department of Health,NHS Nene CCG,31/07/2018,C&M-GMS Cost of Drugs -Dispensing,LOCAL ENHANCED SERVICES,BYFIELD MEDICAL CENTRE,23212017,"63,334.31 ",,NO000026175
Department of Health,NHS Nene CCG,31/07/2018,C&M-GMS PrscrptnChrgsColl&RmttdbyGP,LOCAL ENHANCED SERVICES,BYFIELD MEDICAL CENTRE,23212017,"3,581.60 ",,NO000026175
Department of Health,NHS Nene CCG,31/07/2018,Hlthcre-Foundation Trsts,ACUTE COMMISSIONING,CAMBRIDGE UNIVERSITY HOSPITALS NHS FOUNDATION TRUST,23210883,"105,667.05 ",,70022258
Department of Health,NHS Nene CCG,31/07/2018,Clinical&Medical-Commercial Sector,COMMUNITY SERVICES,CHAS A BLATCHFORD & SONS LTD,23023381,"159,259.41 ",787452287,821566
Department of Health,NHS Nene CCG,31/07/2018,Clinical&Medical-Clinical Other,PROGRAMME PROJECTS,CHS HEALTHCARE,23074297,"39,600.00 ",669927759,25963
Department of Health,NHS Nene CCG,31/07/2018,Clinical&Medical-Clinical Other,PROGRAMME PROJECTS,CHS HEALTHCARE,23074473,"40,800.00 ",669927759,26323
Department of Health,NHS Nene CCG,31/07/2018,C&M-PMS LES Basket of Procedures,LOCAL ENHANCED SERVICES,COTTONS MEDICAL CENTRE,23123859,"25,011.18 ",,M41819K83030
Department of Health,NHS Nene CCG,31/07/2018,C&M-GMS Cost of Drugs -Dispensing,LOCAL ENHANCED SERVICES,CRICK SURGERY,23212022,"(45,911.20)",,NO000026180
Department of Health,NHS Nene CCG,31/07/2018,C&M-GMS Cost of Drugs -Dispensing,LOCAL ENHANCED SERVICES,CRICK SURGERY,23212023,"85,556.35 ",,NO000026181
Department of Health,NHS Nene CCG,31/07/2018,C&M-GMS PrscrptnChrgsColl&RmttdbyGP,LOCAL ENHANCED SERVICES,CRICK SURGERY,23212023,"3,968.80 ",,NO000026181
Department of Health,NHS Nene CCG,31/07/2018,Clinical&Medical-Commercial Sector,NON RECURRENT PROGRAMMES,DE MONTFORT UNIVERSITY,22901614,"42,000.00 ",,100183712
Department of Health,NHS Nene CCG,31/07/2018,C&M-PMS LES Basket of Procedures,LOCAL ENHANCED SERVICES,DELAPRE MEDICAL CENTRE,23123683,"35,930.66 ",,M41819K83010
Department of Health,NHS Nene CCG,31/07/2018,Computer Hardware Purch,PRIMARY CARE IT,DELL CORPORATION LTD,22892865,"23,753.00 ",635823528,7402450936
Department of Health,NHS Nene CCG,31/07/2018,C&M-GMS Cost of Drugs -Dispensing,LOCAL ENHANCED SERVICES,DENTON SURGERY,23212028,"(59,029.62)",,NO000026186
Department of Health,NHS Nene CCG,31/07/2018,C&M-GMS Cost of Drugs -Dispensing,LOCAL ENHANCED SERVICES,DENTON SURGERY,23212029,"113,752.91 ",,NO000026187
Department of Health,NHS Nene CCG,31/07/2018,C&M-GMS PrscrptnChrgsColl&RmttdbyGP,LOCAL ENHANCED SERVICES,DENTON SURGERY,23212029,"4,787.00 ",,NO000026187
Department of Health,NHS Nene CCG,31/07/2018,Clinical&Medical-Clinical Other,NHS 111,DHU 111 (EAST MIDLANDS) CIC,22972283,"202,610.08 ",GB257028406,1WE
Department of Health,NHS Nene CCG,31/07/2018,C&M-PMS LES Basket of Procedures,LOCAL ENHANCED SERVICES,DRYLAND MEDICAL CENTRE,23123935,"25,331.56 ",,M41819K83039
Department of Health,NHS Nene CCG,31/07/2018,C&M-GMS Cost of Drugs -Dispensing,LOCAL ENHANCED SERVICES,EARLS BARTON SURGERY,23212037,"25,561.54 ",,NO000026195
Department of Health,NHS Nene CCG,31/07/2018,C&M-GMS PrscrptnChrgsColl&RmttdbyGP,LOCAL ENHANCED SERVICES,EARLS BARTON SURGERY,23212037,844.80 ,,NO000026195
Department of Health,NHS Nene CCG,31/07/2018,Hcare Srv Rec NHS Trust,AMBULANCE SERVICES,EAST MIDLANDS AMBULANCE SERVICE NHS TRUST,22916593,"1,570,359.00 ",,11311996
Department of Health,NHS Nene CCG,31/07/2018,C&M-PMS LES Basket of Procedures,LOCAL ENHANCED SERVICES,ESKDAILL MEDICAL,23123704,"29,671.17 ",,M41819K83013
Department of Health,NHS Nene CCG,31/07/2018,External Consultancy Fees,PROGRAMME PROJECTS,ESSENTIA TRADING LTD,22901618,"30,000.00 ",167765952,52237
Department of Health,NHS Nene CCG,31/07/2018,Cont Care- Palliative Care,CHC ADULT FULLY FUNDED,FOUR SEASONS HEALTH CARE LTD,23018150,"35,039.73 ",927365991,4CHC291819
Department of Health,NHS Nene CCG,31/07/2018,C&M-GMS Cost of Drugs -Dispensing,LOCAL ENHANCED SERVICES,GREENS NORTON & WEEDON MEDICAL PRACTICE,23212039,"(95,882.60)",,NO000026197
Department of Health,NHS Nene CCG,31/07/2018,C&M-GMS Cost of Drugs -Dispensing,LOCAL ENHANCED SERVICES,GREENS NORTON & WEEDON MEDICAL PRACTICE,23212040,"152,466.99 ",,NO000026198
Department of Health,NHS Nene CCG,31/07/2018,C&M-GMS PrscrptnChrgsColl&RmttdbyGP,LOCAL ENHANCED SERVICES,GREENS NORTON & WEEDON MEDICAL PRACTICE,23212040,"7,250.00 ",,NO000026198
Department of Health,NHS Nene CCG,31/07/2018,Hlthcre-Foundation Trsts,ACUTE COMMISSIONING,GUYS & ST THOMAS HOSPITAL NHS FOUNDATION TRUST,22988339,"41,632.00 ",654923417,3242175
Department of Health,NHS Nene CCG,31/07/2018,Cont Care-Funded Nursing Care Allow,FUNDED NURSING CARE,HAMPTON MIDLAND CARE LTD,23018202,"26,613.44 ",,4CHC831819
Department of Health,NHS Nene CCG,31/07/2018,C&M-PMS LES Basket of Procedures,LOCAL ENHANCED SERVICES,HARBOROUGH FIELD SURGERY,23123670,"31,305.68 ",,M41819K83007
Department of Health,NHS Nene CCG,31/07/2018,Apprenticeship Levy Payable,BALANCE SHEET,HMRC,22958661,"1,229.00 ",,120PV005700901903
Department of Health,NHS Nene CCG,31/07/2018,Income tax <1Yr,BALANCE SHEET,HMRC,22958661,"76,959.65 ",,120PV005700901903
Department of Health,NHS Nene CCG,31/07/2018,Income tax <1Yr-Student Loans,BALANCE SHEET,HMRC,22958661,424.00 ,,120PV005700901903
Department of Health,NHS Nene CCG,31/07/2018,National Insurance < 1 yr-NI- ERS,BALANCE SHEET,HMRC,22958661,"54,473.17 ",,120PV005700901903
Department of Health,NHS Nene CCG,31/07/2018,National Insurance < 1 yr-NI-EES,BALANCE SHEET,HMRC,22958661,"38,500.94 ",,120PV005700901903
Department of Health,NHS Nene CCG,31/07/2018,Statutory Mat Pay < 1 yr,BALANCE SHEET,HMRC,22958661,"(4,030.28)",,120PV005700901903
Department of Health,NHS Nene CCG,31/07/2018,Clinical&Medical-Independent Sector,ACUTE COMMISSIONING,HORTON HOSPITAL,22988468,"208,585.83 ",,HORNEN201804
Department of Health,NHS Nene CCG,31/07/2018,Hcare Srv Rec NHS Trust-Non Contract,NON RECURRENT PROGRAMMES,IMPERIAL COLLEGE HEALTHCARE NHS TRUST,23152162,"32,802.06 ",654945990,H0153331
Department of Health,NHS Nene CCG,31/07/2018,Hcare Srv Rec NHS Trust-Non Contract,NON RECURRENT PROGRAMMES,IMPERIAL COLLEGE HEALTHCARE NHS TRUST,23152177,"28,454.66 ",654945990,H0159917
Department of Health,NHS Nene CCG,31/07/2018,Clinical&Medical-Clinical Other,OUT OF HOURS,INTEGRATED CARE 24 LTD,23023304,"424,106.67 ",991241024,16013
Department of Health,NHS Nene CCG,31/07/2018,Cont Care-Funded Nursing Care Allow,FUNDED NURSING CARE,KENROYAL NURSING & RESIDENTIAL CARE HOME,23018192,"36,941.75 ",,4CHC721819
Department of Health,NHS Nene CCG,31/07/2018,Hlthcre-Foundation Trsts,ACUTE COMMISSIONING,KETTERING GENERAL HOSPITAL NHS FOUNDATION TRUST,23190636,"11,233,840.00 ",,A0037219
Department of Health,NHS Nene CCG,31/07/2018,C&M-PMS LES Basket of Procedures,LOCAL ENHANCED SERVICES,KING EDWARD ROAD SURGERY,23123695,"27,592.39 ",,M41819K83012
Department of Health,NHS Nene CCG,31/07/2018,Clinical&Medical-Commercial Sector,ACUTE COMMISSIONING,LAKESIDE PLUS CO LTD,22929994,"68,947.20 ",,4842
Department of Health,NHS Nene CCG,31/07/2018,C&M-PMS LES Basket of Procedures,LOCAL ENHANCED SERVICES,LEICESTER TERRACE HEALTH CARE CENTRE,23123711,"31,688.54 ",,M41819K83014
Department of Health,NHS Nene CCG,31/07/2018,C&M-PMS LES Basket of Procedures,LOCAL ENHANCED SERVICES,LINDEN MEDICAL CENTRE KETTERING,23123909,"33,734.77 ",,M41819K83036
Department of Health,NHS Nene CCG,31/07/2018,C&M-GMS Cost of Drugs -Dispensing,LOCAL ENHANCED SERVICES,LONG BUCKBY PRACTICE,23212048,"33,976.37 ",,NO000026206
Department of Health,NHS Nene CCG,31/07/2018,C&M-GMS PrscrptnChrgsColl&RmttdbyGP,LOCAL ENHANCED SERVICES,LONG BUCKBY PRACTICE,23212048,"1,258.40 ",,NO000026206
Department of Health,NHS Nene CCG,31/07/2018,Clinical&Medical-Commercial Sector,MENTAL HEALTH SERVICES - ADULTS,MAPLYN CARE SERVICES LTD,23168623,"48,687.50 ",,IN000978
Department of Health,NHS Nene CCG,31/07/2018,Clinical&Medical-Commercial Sector,MENTAL HEALTH SERVICES - ADULTS,MAPLYN CARE SERVICES LTD,23168677,"24,805.00 ",,IN001026
Department of Health,NHS Nene CCG,31/07/2018,Social Care-Domiciliary Care Exp,MENTAL HEALTH SERVICES - ADULTS,MAPLYN CARE SERVICES LTD,23168677,"14,145.00 ",,IN001026
Department of Health,NHS Nene CCG,31/07/2018,Cont Care- Palliative Care,CHC ADULT FULLY FUNDED,METHODIST HOMES,23137369,"27,916.17 ",755243136,RCHC651819
Department of Health,NHS Nene CCG,31/07/2018,Clinical&Medical-Commercial Sector,WHEELCHAIR SERVICE,MILLBROOK HEALTHCARE LTD,22988530,"33,116.16 ",GB675991080,18272
Department of Health,NHS Nene CCG,31/07/2018,Clinical&Medical-Commercial Sector,WHEELCHAIR SERVICE,MILLBROOK HEALTHCARE LTD,23190517,"183,156.86 ",GB675991080,18000
Department of Health,NHS Nene CCG,31/07/2018,Clinical&Medical-Commercial Sector,WHEELCHAIR SERVICE,MILLBROOK HEALTHCARE LTD,23190560,"121,428.70 ",GB675991080,18384
Department of Health,NHS Nene CCG,31/07/2018,Hlthcre-Foundation Trsts,ACUTE COMMISSIONING,MILTON KEYNES HOSPITAL NHS FOUNDATION TRUST,22988597,"282,536.00 ",,42941058
Department of Health,NHS Nene CCG,31/07/2018,Hlthcre-Foundation Trsts,ACUTE COMMISSIONING,MILTON KEYNES HOSPITAL NHS FOUNDATION TRUST,23088582,"343,082.40 ",,42941029
Department of Health,NHS Nene CCG,31/07/2018,Hlthcre-Foundation Trsts,ACUTE COMMISSIONING,MILTON KEYNES HOSPITAL NHS FOUNDATION TRUST,23088627,"(343,082.40)",,42941127
Department of Health,NHS Nene CCG,31/07/2018,C&M-GMS Cost of Drugs -Dispensing,LOCAL ENHANCED SERVICES,MOULTON SURGERY,23212057,"38,364.18 ",,NO000026215
Department of Health,NHS Nene CCG,31/07/2018,C&M-GMS PrscrptnChrgsColl&RmttdbyGP,LOCAL ENHANCED SERVICES,MOULTON SURGERY,23212057,"1,214.00 ",,NO000026215
Department of Health,NHS Nene CCG,31/07/2018,C&M-PMS LES Basket of Procedures,LOCAL ENHANCED SERVICES,MOUNTS MEDICAL CENTRE,23123795,"33,809.73 ",,M41819K83025
Department of Health,NHS Nene CCG,31/07/2018,C&M-GMS Cost of Drugs -Dispensing,LOCAL ENHANCED SERVICES,NENE VALLEY SURGERY,23212058,"(27,193.68)",,NO000026216
Department of Health,NHS Nene CCG,31/07/2018,C&M-GMS Cost of Drugs -Dispensing,LOCAL ENHANCED SERVICES,NENE VALLEY SURGERY,23212059,"50,072.96 ",,NO000026217
Department of Health,NHS Nene CCG,31/07/2018,C&M-GMS PrscrptnChrgsColl&RmttdbyGP,LOCAL ENHANCED SERVICES,NENE VALLEY SURGERY,23212059,"1,856.80 ",,NO000026217
Department of Health,NHS Nene CCG,31/07/2018,Charges from CSU,CONTINUING HEALTHCARE ASSESSMENT & SUPPORT,NHS ARDEN AND GEM CSU,22988490,"168,519.73 ",GB526164259,7312611218
Department of Health,NHS Nene CCG,31/07/2018,Charges from CSU,GENERAL RESERVE - ADMIN,NHS ARDEN AND GEM CSU,23152143,"46,141.00 ",GB526164259,7311002709
Department of Health,NHS Nene CCG,31/07/2018,Charges from CSU,GP FORWARD VIEW,NHS NEL CSU,23079675,"68,160.00 ",,7312806292
Department of Health,NHS Nene CCG,31/07/2018,Charges from CSU,PRIMARY CARE IT,NHS NEL CSU,23156832,"35,650.00 ",,7312806424
Department of Health,NHS Nene CCG,31/07/2018,Charges from CSU,COMMISSIONING,NHS NEL CSU,23190558,"287,491.78 ",,7312806218
Department of Health,NHS Nene CCG,31/07/2018,Charges from CSU,PRIMARY CARE IT,NHS NEL CSU,23190558,"129,358.33 ",,7312806218
Department of Health,NHS Nene CCG,31/07/2018,Charges from CSU,GP FORWARD VIEW,NHS NEL CSU,23194574,"96,957.00 ",,7312806279
Department of Health,NHS Nene CCG,31/07/2018,Charges from CSU,GP FORWARD VIEW,NHS NEL CSU,23194576,"71,032.50 ",,7312806280
Department of Health,NHS Nene CCG,31/07/2018,Charges from CSU,GP FORWARD VIEW,NHS NEL CSU,23194577,"55,818.00 ",,7312806282
Department of Health,NHS Nene CCG,31/07/2018,Charges from CSU,GP FORWARD VIEW,NHS NEL CSU,23219489,"141,750.00 ",,7312806278
Department of Health,NHS Nene CCG,31/07/2018,Voids and Subsidies,RECHARGES NHS PROPERTY SERVICES LTD,NHS PROPERTY SERVICES LTD,22901637,"29,821.05 ",156725100,H67539
Department of Health,NHS Nene CCG,31/07/2018,Contr Estate Management,CORPORATE COSTS & SERVICES,NHS PROPERTY SERVICES LTD,23088587,"73,469.94 ",156725100,H70928
Department of Health,NHS Nene CCG,31/07/2018,Rent,CORPORATE COSTS & SERVICES,NHS PROPERTY SERVICES LTD,23088587,"61,589.46 ",156725100,H70928
Department of Health,NHS Nene CCG,31/07/2018,Voids and Subsidies,RECHARGES NHS PROPERTY SERVICES LTD,NHS PROPERTY SERVICES LTD,23088589,"29,821.05 ",156725100,H70920
Department of Health,NHS Nene CCG,31/07/2018,Voids and Subsidies,RECHARGES NHS PROPERTY SERVICES LTD,NHS PROPERTY SERVICES LTD,23088590,"44,729.40 ",156725100,H70919
Department of Health,NHS Nene CCG,31/07/2018,Oth Pybls <1Yr-Other,BALANCE SHEET,NHS SUPPLY CHAIN,22901641,"25,582.75 ",,1019061239
Department of Health,NHS Nene CCG,31/07/2018,Oth Pybls <1Yr-Other,BALANCE SHEET,NHS SUPPLY CHAIN,23006844,"37,069.39 ",,1019066972
Department of Health,NHS Nene CCG,31/07/2018,Oth Pybls <1Yr-Other,BALANCE SHEET,NHS SUPPLY CHAIN,23088650,"26,889.38 ",,1019072455
Department of Health,NHS Nene CCG,31/07/2018,Oth Pybls <1Yr-Other,BALANCE SHEET,NHS SUPPLY CHAIN,23231029,"30,566.53 ",,1019076877
Department of Health,NHS Nene CCG,31/07/2018,Oth Pybls <1Yr-Other,BALANCE SHEET,NHS SUPPLY CHAIN,23272404,"55,061.70 ",,1019081924
Department of Health,NHS Nene CCG,31/07/2018,C&M-GMS Cost of Drugs -Dispensing,NON RECURRENT PROGRAMMES,NHS WEST SUFFOLK CCG,22901629,"99,411.00 ",,7022202295
Department of Health,NHS Nene CCG,31/07/2018,Hlthcre-Foundation Trsts,ACUTE COMMISSIONING,NORTH WEST ANGLIA NHS FOUNDATION TRUST,22988379,"65,848.91 ",,17440576
Department of Health,NHS Nene CCG,31/07/2018,Hcare Srv Rec NHS Trust,ACUTE COMMISSIONING,NORTHAMPTON GENERAL HOSPITAL NHS TRUST,23210833,"18,328,327.00 ",,240651
Department of Health,NHS Nene CCG,31/07/2018,Services From Local Authorities,GP FORWARD VIEW,NORTHAMPTON GENERAL HOSPITAL NHS TRUST,23217330,"58,464.64 ",,240866
Department of Health,NHS Nene CCG,31/07/2018,Clinical&Medical-Voluntary Sector,COMMUNITY SERVICES,NORTHAMPTONSHIRE CARERS,23169006,"153,339.30 ",,113SD
Department of Health,NHS Nene CCG,31/07/2018,Clinical&Medical-Othe Public Sector,LEARNING DIFFICULTIES,NORTHAMPTONSHIRE COUNTY COUNCIL,22886831,"27,077.66 ",GB121480409,421000130753
Department of Health,NHS Nene CCG,31/07/2018,Hcare Srv Rec Fdtn Trust-Contract Baseline,COMMUNITY SERVICES,NORTHAMPTONSHIRE HEALTHCARE NHS FOUNDATION TRUST,22926828,"9,808,870.00 ",654403940,5141233
Department of Health,NHS Nene CCG,31/07/2018,Hcare Srv Rec Fdtn Trust-Contract Baseline,MENTAL HEALTH SERVICES - ADULTS,NORTHAMPTONSHIRE HEALTHCARE NHS FOUNDATION TRUST,22926829,"100,048.33 ",654403940,5141232
Department of Health,NHS Nene CCG,31/07/2018,Clinical&Medical-Serv Recd-F Trsts,CLINICAL LEADS,NORTHAMPTONSHIRE HEALTHCARE NHS FOUNDATION TRUST,23152275,"210,000.00 ",654403940,5141386
Department of Health,NHS Nene CCG,31/07/2018,Clinical&Medical-Serv Recd-F Trsts,COMMISSIONING - NON ACUTE,NORTHAMPTONSHIRE HEALTHCARE NHS FOUNDATION TRUST,23169168,"106,741.44 ",654403940,5141378
Department of Health,NHS Nene CCG,31/07/2018,External Consultancy Fees,PROGRAMME PROJECTS,NORTHMORE ASSOCIATES LTD,22901621,"26,664.00 ",,123124
Department of Health,NHS Nene CCG,31/07/2018,External Consultancy Fees,PROGRAMME PROJECTS,NORTHMORE ASSOCIATES LTD,23023366,"50,396.40 ",,123129
Department of Health,NHS Nene CCG,31/07/2018,External Consultancy Fees,PROGRAMME PROJECTS,NORTHMORE ASSOCIATES LTD,23023380,"27,894.90 ",,123128
Department of Health,NHS Nene CCG,31/07/2018,Hcare Srv Rec NHS Trust,ACUTE COMMISSIONING,NOTTINGHAM UNIVERSITY HOSPITALS NHS TRUST,23023424,"38,939.00 ",,2000094508
Department of Health,NHS Nene CCG,31/07/2018,Hcare Srv Rec Fdtn Trust-Contract Baseline,COMMUNITY SERVICES,OXFORD HEALTH NHS FOUNDATION TRUST,23169153,"47,748.23 ",GB654935896,A0110139
Department of Health,NHS Nene CCG,31/07/2018,Hlthcre-Foundation Trsts,ACUTE COMMISSIONING,OXFORD UNIVERSITY HOSPITALS NHS FOUNDATION TRUST,22988353,"1,508,853.00 ",654935407,8281494
Department of Health,NHS Nene CCG,31/07/2018,C&M-PMS LES Basket of Procedures,LOCAL ENHANCED SERVICES,PARKLANDS SURGERY RUSHDEN,23123974,"29,251.28 ",,M41819K83044
Department of Health,NHS Nene CCG,31/07/2018,C&M-PMS LES Basket of Procedures,LOCAL ENHANCED SERVICES,PARKS MEDICAL PRACTICE,23127027,"40,360.49 ",,M41819K83052
Department of Health,NHS Nene CCG,31/07/2018,C&M-PMS LES Basket of Procedures,LOCAL ENHANCED SERVICES,QUEENSWAY MEDICAL CENTRE WELLINGBOROUGH,23123662,"29,088.54 ",,M41819K83005
Department of Health,NHS Nene CCG,31/07/2018,Clinical&Medical-Independent Sector,NON RECURRENT PROGRAMMES,RAMSAY HEALTH CARE UK T/A BLAKELANDS HOSPITAL,22875480,"46,649.00 ",,BLANENR201711
Department of Health,NHS Nene CCG,31/07/2018,C&M-GMS Cost of Drugs -Dispensing,LOCAL ENHANCED SERVICES,RDE BLISWORTH HANSLOPE & GRANGE PARK SURGERIES,23212064,"(87,617.51)",,NO000026222
Department of Health,NHS Nene CCG,31/07/2018,C&M-GMS Cost of Drugs -Dispensing,LOCAL ENHANCED SERVICES,RDE BLISWORTH HANSLOPE & GRANGE PARK SURGERIES,23212065,"183,183.23 ",,NO000026223
Department of Health,NHS Nene CCG,31/07/2018,C&M-GMS PrscrptnChrgsColl&RmttdbyGP,LOCAL ENHANCED SERVICES,RDE BLISWORTH HANSLOPE & GRANGE PARK SURGERIES,23212065,"8,192.80 ",,NO000026223
Department of Health,NHS Nene CCG,31/07/2018,C&M-PMS LES Basket of Procedures,LOCAL ENHANCED SERVICES,REDWELL MEDICAL CENTRE,23123690,"32,709.03 ",,M41819K83011
Department of Health,NHS Nene CCG,31/07/2018,Cont Care-Learning Disab(<65),CHC ADULT FULLY FUNDED,RICHARDSON PARTNERSHIP FOR CARE,23018258,"44,970.39 ",,4CHC1391819
Department of Health,NHS Nene CCG,31/07/2018,C&M-PMS LES Basket of Procedures,LOCAL ENHANCED SERVICES,ROTHWELL & DESBOROUGH SURGERIES,23123758,"40,395.04 ",,M41819K83021
Department of Health,NHS Nene CCG,31/07/2018,Hcare Srv Rec NHS Trust,ACUTE COMMISSIONING,ROYAL NATIONAL ORTHOPAEDIC HOSPITAL NHS TRUST,22988381,"37,019.00 ",,B0037248
Department of Health,NHS Nene CCG,31/07/2018,Hcare Srv Rec Fdtn Trust-Non Contract,NON RECURRENT PROGRAMMES,ROYAL PAPWORTH HOSPITAL NHS FOUNDATION TRUST,23088420,"47,658.00 ",,57788121
Department of Health,NHS Nene CCG,31/07/2018,C&M-GMS Cost of Drugs -Dispensing,LOCAL ENHANCED SERVICES,SAXON SPIRES PRACTICE,23212067,"(66,253.50)",,NO000026225
Department of Health,NHS Nene CCG,31/07/2018,C&M-GMS Cost of Drugs -Dispensing,LOCAL ENHANCED SERVICES,SAXON SPIRES PRACTICE,23212068,"140,070.30 ",,NO000026226
Department of Health,NHS Nene CCG,31/07/2018,C&M-GMS PrscrptnChrgsColl&RmttdbyGP,LOCAL ENHANCED SERVICES,SAXON SPIRES PRACTICE,23212068,"7,117.20 ",,NO000026226
Department of Health,NHS Nene CCG,31/07/2018,Clinical&Medical-Commercial Sector,CHILD AND ADOLESCENT MENTAL HEALTH,SERVICE SIX,23169160,"36,275.25 ",,867
Department of Health,NHS Nene CCG,31/07/2018,Computer Software/License,GP FORWARD VIEW,SOFTCAT PLC,23029762,"33,240.00 ",GB 491848503,INV01870222
Department of Health,NHS Nene CCG,31/07/2018,Computer Software/License,GP FORWARD VIEW,SOFTCAT PLC,23029763,"173,160.00 ",GB 491848503,INV01870223
Department of Health,NHS Nene CCG,31/07/2018,Computer Software/License,GP FORWARD VIEW,SOFTCAT PLC,23064528,"82,620.00 ",GB 491848503,INV01944334
Department of Health,NHS Nene CCG,31/07/2018,C&M-PMS LES Basket of Procedures,LOCAL ENHANCED SERVICES,SPINNEY BROOK HEALTH CENTRE,23123831,"28,359.53 ",,M41819K83028
Department of Health,NHS Nene CCG,31/07/2018,C&M-GMS Cost of Drugs -Dispensing,LOCAL ENHANCED SERVICES,SPINNEY BROOK HEALTH CENTRE,23212073,"(26,288.80)",,NO000026231
Department of Health,NHS Nene CCG,31/07/2018,C&M-GMS Cost of Drugs -Dispensing,LOCAL ENHANCED SERVICES,SPINNEY BROOK HEALTH CENTRE,23212074,"51,261.53 ",,NO000026232
Department of Health,NHS Nene CCG,31/07/2018,C&M-GMS PrscrptnChrgsColl&RmttdbyGP,LOCAL ENHANCED SERVICES,SPINNEY BROOK HEALTH CENTRE,23212074,"1,408.00 ",,NO000026232
Department of Health,NHS Nene CCG,31/07/2018,C&M-GMS Cost of Drugs -Dispensing,LOCAL ENHANCED SERVICES,SPRINGFIELD SURGERY BRACKLEY,23212071,"(26,545.50)",,NO000026229
Department of Health,NHS Nene CCG,31/07/2018,C&M-GMS Cost of Drugs -Dispensing,LOCAL ENHANCED SERVICES,SPRINGFIELD SURGERY BRACKLEY,23212072,"48,002.49 ",,NO000026230
Department of Health,NHS Nene CCG,31/07/2018,C&M-GMS PrscrptnChrgsColl&RmttdbyGP,LOCAL ENHANCED SERVICES,SPRINGFIELD SURGERY BRACKLEY,23212072,"2,068.00 ",,NO000026230
Department of Health,NHS Nene CCG,31/07/2018,C&M-PMS LES Basket of Procedures,LOCAL ENHANCED SERVICES,ST LUKES PRIMARY CARE CENTRE,23123951,"41,747.28 ",,M41819K83041
Department of Health,NHS Nene CCG,31/07/2018,Cont Care-Mental Health (65+),CHC ADULT FULLY FUNDED,ST MATTHEWS LTD,23018194,"30,191.80 ",,4CHC741819
Department of Health,NHS Nene CCG,31/07/2018,Cont Care-Mental Health (65+),CHC ADULT FULLY FUNDED,ST MATTHEWS LTD,23137377,"49,065.71 ",,RCHC671819
Department of Health,NHS Nene CCG,31/07/2018,Clinical&Medical-Commercial Sector,PATIENT TRANSPORT,THAMES AMBULANCE SERVICE LTD,22926836,"164,331.47 ",809846883,20244
Department of Health,NHS Nene CCG,31/07/2018,C&M-GMS Cost of Drugs -Dispensing,LOCAL ENHANCED SERVICES,TOWCESTER MEDICAL CENTRE,23212078,"36,397.16 ",,NO000026236
Department of Health,NHS Nene CCG,31/07/2018,C&M-GMS PrscrptnChrgsColl&RmttdbyGP,LOCAL ENHANCED SERVICES,TOWCESTER MEDICAL CENTRE,23212078,"1,012.00 ",,NO000026236
Department of Health,NHS Nene CCG,31/07/2018,Computer Software/License,QUALITY PREMIUM PROGRAMME,TRUSTMARQUE SOLUTIONS LTD,23194633,"(27,191.14)",618 1841 40,2010250
Department of Health,NHS Nene CCG,31/07/2018,Cont Care-Physical Disab (<65),CHC ADULT FULLY FUNDED,TURNING POINT (SERVICES) LTD,22901619,"(32,744.00)",447222460,SCTPS00001415
Department of Health,NHS Nene CCG,31/07/2018,Cont Care-Physical Disab (<65),CHC ADULT FULLY FUNDED,TURNING POINT (SERVICES) LTD,22988320,"35,656.49 ",447222460,SITPS00018117
Department of Health,NHS Nene CCG,31/07/2018,Hlthcre-Foundation Trsts,ACUTE COMMISSIONING,UNIVERSITY COLLEGE LONDON HOSPITALS NHS FOUNDATION TRUST,22988384,"55,226.00 ",654948687,SLA3823
Department of Health,NHS Nene CCG,31/07/2018,Hcare Srv Rec NHS Trust,ACUTE COMMISSIONING,UNIVERSITY HOSPITALS COVENTRY AND WARWICKSHIRE NHS TRUST,22988375,"637,980.38 ",,1000064697
Department of Health,NHS Nene CCG,31/07/2018,Hcare Srv Rec NHS Trust,ACUTE COMMISSIONING,UNIVERSITY HOSPITALS OF LEICESTER NHS TRUST,22988313,"584,159.00 ",654972400,L0210905
Department of Health,NHS Nene CCG,31/07/2018,C&M-PMS LES Basket of Procedures,LOCAL ENHANCED SERVICES,WEAVERS MEDICAL,23127017,"44,592.90 ",,M41819K83051
Department of Health,NHS Nene CCG,31/07/2018,Cont Care-Mental Health (65+),CHC ADULT FULLY FUNDED,WESTGATE HOUSE NURSING HOME,23018263,"33,439.24 ",,4CHC1441819
Department of Health,NHS Nene CCG,31/07/2018,Cont Care-Funded Nursing Care Allow,FUNDED NURSING CARE,WESTGATE HOUSE NURSING HOME,23018266,"31,536.42 ",,4CHC1651819
Department of Health,NHS Nene CCG,31/07/2018,Cont Care-Mental Health (65+),CHC ADULT FULLY FUNDED,WESTGATE HOUSE NURSING HOME,23018266,"4,091.14 ",,4CHC1651819
Department of Health,NHS Nene CCG,31/07/2018,C&M-GMS Cost of Drugs -Dispensing,LOCAL ENHANCED SERVICES,WOLLASTON SURGERY,23212082,"26,273.61 ",,NO000026240
Department of Health,NHS Nene CCG,31/07/2018,C&M-GMS PrscrptnChrgsColl&RmttdbyGP,LOCAL ENHANCED SERVICES,WOLLASTON SURGERY,23212082,827.20 ,,NO000026240
Department of Health,NHS Nene CCG,31/07/2018,Clinical&Medical-Independent Sector,ACUTE COMMISSIONING,WOODLAND HOSPITAL,22988559,"1,076,004.00 ",,KETL86504201804
,,,,,,,,,
