Department family,Entity,Date,Expense Type,Expense area,Supplier,Transaction number,AP Amount (�),VAT registration number,Purchase invoice number,Fiscal Year,Fiscal Period
Department of Health,NHS Hammersmith And Fulham CCG,30-Nov-18,Hcare Srv Rec NHS Trust-Contract Baseline,ACUTE COMMISSIONING,BARTS HEALTH NHS TRUST,24525700,"62,338.88 ",654947005,354183,2019,NOV-18
Department of Health,NHS Hammersmith And Fulham CCG,30-Nov-18,Clinical&Medical-Commercial Sector,COMMUNITY SERVICES,CONNECT HEALTH LTD,24550092,"165,886.00 ",,66923,2019,NOV-18
Department of Health,NHS Hammersmith And Fulham CCG,30-Nov-18,Hcare Srv Rec NHS Trust-Contract Cost per Case,URGENT CARE,IMPERIAL COLLEGE HEALTHCARE NHS TRUST,24550133,"276,414.75 ",654945990,H0165951,2019,NOV-18
Department of Health,NHS Hammersmith And Fulham CCG,30-Nov-18,Recharge : Received,COUNSELLING SERVICES,NHS CENTRAL LONDON (WESTMINSTER) CCG,24550136,"123,196.14 ",GB654451338,7025406146,2019,NOV-18
Department of Health,NHS Hammersmith And Fulham CCG,30-Nov-18,Recharge : Received,RECHARGES,NHS CENTRAL LONDON (WESTMINSTER) CCG,24550136,"247,278.61 ",GB654451338,7025406146,2019,NOV-18
Department of Health,NHS Hammersmith And Fulham CCG,30-Nov-18,Recharge : Received,SAFEGUARDING,NHS CENTRAL LONDON (WESTMINSTER) CCG,24550136,"59,155.52 ",GB654451338,7025406146,2019,NOV-18
Department of Health,NHS Hammersmith And Fulham CCG,30-Nov-18,Hcare Srv Rec NHS Trust-Contract Baseline,ACUTE COMMISSIONING,LONDON NORTH WEST HEALTHCARE NHS TRUST,24558552,"171,022.00 ",654463720,A0048610,2019,NOV-18
Department of Health,NHS Hammersmith And Fulham CCG,30-Nov-18,Hcare Srv Rec NHS Trust-Contract Baseline,COMMUNITY SERVICES,CENTRAL LONDON COMMUNITY HEALTHCARE NHS TRUST,24569856,"31,389.00 ",654440485,1000011604,2019,NOV-18
Department of Health,NHS Hammersmith And Fulham CCG,30-Nov-18,Hcare Srv Rec Fdtn Trust-Contract Baseline,ACUTE COMMISSIONING,ROYAL MARSDEN NHS FOUNDATION TRUST (THE),24569879,"40,316.00 ",65 4947396,45753307,2019,NOV-18
Department of Health,NHS Hammersmith And Fulham CCG,30-Nov-18,Hcare Srv Rec Fdtn Trust-Contract Baseline,ACUTE COMMISSIONING,UNIVERSITY COLLEGE LONDON HOSPITALS NHS FOUNDATION TRUST,24575623,"151,654.00 ",654948687,5010182385,2019,NOV-18
Department of Health,NHS Hammersmith And Fulham CCG,30-Nov-18,Hcare Srv Rec Fdtn Trust-Contract Baseline,ACUTE COMMISSIONING,ROYAL MARSDEN NHS FOUNDATION TRUST (THE),24575632,"74,768.16 ",65 4947396,45754844,2019,NOV-18
Department of Health,NHS Hammersmith And Fulham CCG,30-Nov-18,Hcare Srv Rec Fdtn Trust-Contract Baseline,MENTAL HEALTH CONTRACTS,CENTRAL & NORTH WEST LONDON NHS FOUNDATION TRUST,24575633,"76,659.04 ",654970895,53479008,2019,NOV-18
Department of Health,NHS Hammersmith And Fulham CCG,30-Nov-18,Hcare Srv Rec Fdtn Trust-Prior Year,MENTAL HEALTH SERVICES - NOT CONTRACTED ACTIVITY,CENTRAL & NORTH WEST LONDON NHS FOUNDATION TRUST,24629296,"35,276.66 ",654970895,53473708,2019,NOV-18
Department of Health,NHS Hammersmith And Fulham CCG,30-Nov-18,Hcare Srv Rec NHS Trust-Contract Baseline,COMMUNITY SERVICES,CENTRAL LONDON COMMUNITY HEALTHCARE NHS TRUST,24629314,"31,389.00 ",654440485,1000011950,2019,NOV-18
Department of Health,NHS Hammersmith And Fulham CCG,30-Nov-18,Cont Care- Palliative Care,CHC ADULT FULLY FUNDED,GANYMEDE CARE PLC,24629323,"4,315.71 ",,DSHF0918,2019,NOV-18
Department of Health,NHS Hammersmith And Fulham CCG,30-Nov-18,Cont Care-Mental Health (65+),CHC ADULT FULLY FUNDED,GANYMEDE CARE PLC,24629323,"13,892.14 ",,DSHF0918,2019,NOV-18
Department of Health,NHS Hammersmith And Fulham CCG,30-Nov-18,Cont Care-Physical Disab (65+),CHC ADULT FULLY FUNDED,GANYMEDE CARE PLC,24629323,"30,250.14 ",,DSHF0918,2019,NOV-18
Department of Health,NHS Hammersmith And Fulham CCG,30-Nov-18,Cont Care-Physical Disab (<65),CHC ADULT FULLY FUNDED,GANYMEDE CARE PLC,24629323,"23,256.43 ",,DSHF0918,2019,NOV-18
Department of Health,NHS Hammersmith And Fulham CCG,30-Nov-18,Hcare Srv Rec NHS Trust-Contract Baseline,COMMUNITY SERVICES,CENTRAL LONDON COMMUNITY HEALTHCARE NHS TRUST,24629339,"31,389.00 ",654440485,1000012320,2019,NOV-18
Department of Health,NHS Hammersmith And Fulham CCG,30-Nov-18,Clinical&Medical-Serv Recd-CCGs,NHS 111,NHS HOUNSLOW CCG,24629351,"128,801.69 ",654451240,7023301108,2019,NOV-18
Department of Health,NHS Hammersmith And Fulham CCG,30-Nov-18,Clinical&Medical-Serv Recd-CCGs,NHS 111,NHS HOUNSLOW CCG,24629354,"128,801.69 ",654451240,7023301109,2019,NOV-18
Department of Health,NHS Hammersmith And Fulham CCG,30-Nov-18,Clinical&Medical-Commercial Sector,CLINICAL ASSESSMENT AND TREATMENT CENTRES,BMI HEALTHCARE LTD,24629364,"29,863.32 ",GB235134980,08CIAPRECAUG18,2019,NOV-18
Department of Health,NHS Hammersmith And Fulham CCG,30-Nov-18,Cont Care-Physical Disab (65+),CHC ADULT FULLY FUNDED,HFH HEALTHCARE LTD,24629369,"28,728.79 ",,12270,2019,NOV-18
Department of Health,NHS Hammersmith And Fulham CCG,30-Nov-18,C&M-APMS Contract KPIs,PRC DELEGATED CO-COMMISSIONING,CANBERRA OLD OAK SURGERY,24672693,"(1,940.14)",,LNM000032535,2019,NOV-18
Department of Health,NHS Hammersmith And Fulham CCG,30-Nov-18,C&M-APMS Contract Value,PRC DELEGATED CO-COMMISSIONING,CANBERRA OLD OAK SURGERY,24672693,"(93,080.96)",,LNM000032535,2019,NOV-18
Department of Health,NHS Hammersmith And Fulham CCG,30-Nov-18,C&M-APMS List Size Adjustment,PRC DELEGATED CO-COMMISSIONING,CANBERRA OLD OAK SURGERY,24672693,"(1,763.08)",,LNM000032535,2019,NOV-18
Department of Health,NHS Hammersmith And Fulham CCG,30-Nov-18,C&M-APMS OOH Opt Outs,PRC DELEGATED CO-COMMISSIONING,CANBERRA OLD OAK SURGERY,24672693,"(6,268.70)",,LNM000032535,2019,NOV-18
Department of Health,NHS Hammersmith And Fulham CCG,30-Nov-18,C&M-PMS GP Statutory Levy,PRC DELEGATED CO-COMMISSIONING,CANBERRA OLD OAK SURGERY,24672693,(291.94),,LNM000032535,2019,NOV-18
Department of Health,NHS Hammersmith And Fulham CCG,30-Nov-18,C&M-APMS Contract KPIs,PRC DELEGATED CO-COMMISSIONING,CANBERRA OLD OAK SURGERY,24672694,970.07 ,,LNM000032536,2019,NOV-18
Department of Health,NHS Hammersmith And Fulham CCG,30-Nov-18,C&M-APMS Contract Value,PRC DELEGATED CO-COMMISSIONING,CANBERRA OLD OAK SURGERY,24672694,"252,222.45 ",,LNM000032536,2019,NOV-18
Department of Health,NHS Hammersmith And Fulham CCG,30-Nov-18,C&M-APMS List Size Adjustment,PRC DELEGATED CO-COMMISSIONING,CANBERRA OLD OAK SURGERY,24672694,881.54 ,,LNM000032536,2019,NOV-18
Department of Health,NHS Hammersmith And Fulham CCG,30-Nov-18,C&M-APMS OOH Opt Outs,PRC DELEGATED CO-COMMISSIONING,CANBERRA OLD OAK SURGERY,24672694,"4,051.88 ",,LNM000032536,2019,NOV-18
Department of Health,NHS Hammersmith And Fulham CCG,30-Nov-18,C&M-APMS Prem Actual Rent,PRC DELEGATED CO-COMMISSIONING,CANBERRA OLD OAK SURGERY,24672694,"6,847.90 ",,LNM000032536,2019,NOV-18
Department of Health,NHS Hammersmith And Fulham CCG,30-Nov-18,C&M-APMS Prof Fees Prescribing,PRC DELEGATED CO-COMMISSIONING,CANBERRA OLD OAK SURGERY,24672694,853.05 ,,LNM000032536,2019,NOV-18
Department of Health,NHS Hammersmith And Fulham CCG,30-Nov-18,C&M-APMS QOF Aspiration,PRC DELEGATED CO-COMMISSIONING,CANBERRA OLD OAK SURGERY,24672694,"5,520.76 ",,LNM000032536,2019,NOV-18
Department of Health,NHS Hammersmith And Fulham CCG,30-Nov-18,C&M-PMS DES Learn Dsblty Hlth Chk,PRC DELEGATED CO-COMMISSIONING,CANBERRA OLD OAK SURGERY,24672694,"1,680.00 ",,LNM000032536,2019,NOV-18
Department of Health,NHS Hammersmith And Fulham CCG,30-Nov-18,C&M-PMS QOF Aspiration,PRC DELEGATED CO-COMMISSIONING,CANBERRA OLD OAK SURGERY,24672694,"2,564.91 ",,LNM000032536,2019,NOV-18
Department of Health,NHS Hammersmith And Fulham CCG,30-Nov-18,C&M-APMS Contract KPIs,PRC DELEGATED CO-COMMISSIONING,CASSIDY MEDICAL CENTRE,24674040,"(1,826.94)",,LNM000032529,2019,NOV-18
Department of Health,NHS Hammersmith And Fulham CCG,30-Nov-18,C&M-APMS Contract Value,PRC DELEGATED CO-COMMISSIONING,CASSIDY MEDICAL CENTRE,24674040,"(87,650.58)",,LNM000032529,2019,NOV-18
Department of Health,NHS Hammersmith And Fulham CCG,30-Nov-18,C&M-APMS List Size Adjustment,PRC DELEGATED CO-COMMISSIONING,CASSIDY MEDICAL CENTRE,24674040,"(4,089.16)",,LNM000032529,2019,NOV-18
Department of Health,NHS Hammersmith And Fulham CCG,30-Nov-18,C&M-APMS OOH Opt Outs,PRC DELEGATED CO-COMMISSIONING,CASSIDY MEDICAL CENTRE,24674040,"(6,310.67)",,LNM000032529,2019,NOV-18
Department of Health,NHS Hammersmith And Fulham CCG,30-Nov-18,C&M-APMS Other Baseline Adjustment,PRC DELEGATED CO-COMMISSIONING,CASSIDY MEDICAL CENTRE,24674040,"(6,001.60)",,LNM000032529,2019,NOV-18
Department of Health,NHS Hammersmith And Fulham CCG,30-Nov-18,C&M-APMS Prem Healthcentre Rent,PRC DELEGATED CO-COMMISSIONING,CASSIDY MEDICAL CENTRE,24674040,"(34,329.20)",,LNM000032529,2019,NOV-18
Department of Health,NHS Hammersmith And Fulham CCG,30-Nov-18,C&M-APMS Prem Water Rates,PRC DELEGATED CO-COMMISSIONING,CASSIDY MEDICAL CENTRE,24674040,(946.50),,LNM000032529,2019,NOV-18
Department of Health,NHS Hammersmith And Fulham CCG,30-Nov-18,C&M-PMS GP Statutory Levy,PRC DELEGATED CO-COMMISSIONING,CASSIDY MEDICAL CENTRE,24674040,(277.18),,LNM000032529,2019,NOV-18
Department of Health,NHS Hammersmith And Fulham CCG,30-Nov-18,C&M-PMS Prem Rates,PRC DELEGATED CO-COMMISSIONING,CASSIDY MEDICAL CENTRE,24674040,"(2,105.86)",,LNM000032529,2019,NOV-18
Department of Health,NHS Hammersmith And Fulham CCG,30-Nov-18,C&M-APMS Contract KPIs,PRC DELEGATED CO-COMMISSIONING,CASSIDY MEDICAL CENTRE,24674041,913.47 ,,LNM000032530,2019,NOV-18
Department of Health,NHS Hammersmith And Fulham CCG,30-Nov-18,C&M-APMS Contract Value,PRC DELEGATED CO-COMMISSIONING,CASSIDY MEDICAL CENTRE,24674041,"150,205.63 ",,LNM000032530,2019,NOV-18
Department of Health,NHS Hammersmith And Fulham CCG,30-Nov-18,C&M-APMS List Size Adjustment,PRC DELEGATED CO-COMMISSIONING,CASSIDY MEDICAL CENTRE,24674041,"2,044.58 ",,LNM000032530,2019,NOV-18
Department of Health,NHS Hammersmith And Fulham CCG,30-Nov-18,C&M-APMS OOH Opt Outs,PRC DELEGATED CO-COMMISSIONING,CASSIDY MEDICAL CENTRE,24674041,"3,917.18 ",,LNM000032530,2019,NOV-18
Department of Health,NHS Hammersmith And Fulham CCG,30-Nov-18,C&M-APMS Other Baseline Adjustment,PRC DELEGATED CO-COMMISSIONING,CASSIDY MEDICAL CENTRE,24674041,"10,305.31 ",,LNM000032530,2019,NOV-18
Department of Health,NHS Hammersmith And Fulham CCG,30-Nov-18,C&M-APMS Prem Healthcentre Rent,PRC DELEGATED CO-COMMISSIONING,CASSIDY MEDICAL CENTRE,24674041,"91,544.56 ",,LNM000032530,2019,NOV-18
Department of Health,NHS Hammersmith And Fulham CCG,30-Nov-18,C&M-APMS Prem Water Rates,PRC DELEGATED CO-COMMISSIONING,CASSIDY MEDICAL CENTRE,24674041,"2,524.00 ",,LNM000032530,2019,NOV-18
Department of Health,NHS Hammersmith And Fulham CCG,30-Nov-18,C&M-PMS DES Learn Dsblty Hlth Chk,PRC DELEGATED CO-COMMISSIONING,CASSIDY MEDICAL CENTRE,24674041,280.00 ,,LNM000032530,2019,NOV-18
Department of Health,NHS Hammersmith And Fulham CCG,30-Nov-18,C&M-PMS Prem Rates,PRC DELEGATED CO-COMMISSIONING,CASSIDY MEDICAL CENTRE,24674041,"5,615.60 ",,LNM000032530,2019,NOV-18
Department of Health,NHS Hammersmith And Fulham CCG,30-Nov-18,C&M-PMS QOF Aspiration,PRC DELEGATED CO-COMMISSIONING,CASSIDY MEDICAL CENTRE,24674041,"2,755.42 ",,LNM000032530,2019,NOV-18
Department of Health,NHS Hammersmith And Fulham CCG,30-Nov-18,C&M-PMS Contract Value,PRC DELEGATED CO-COMMISSIONING,NORTH END MEDICAL CENTRE,24674045,"182,551.18 ",,LNM000032534,2019,NOV-18
Department of Health,NHS Hammersmith And Fulham CCG,30-Nov-18,C&M-PMS DES Minor Surgery,PRC DELEGATED CO-COMMISSIONING,NORTH END MEDICAL CENTRE,24674045,"3,301.50 ",,LNM000032534,2019,NOV-18
Department of Health,NHS Hammersmith And Fulham CCG,30-Nov-18,C&M-PMS Prem Notional Rent,PRC DELEGATED CO-COMMISSIONING,NORTH END MEDICAL CENTRE,24674045,"28,401.17 ",,LNM000032534,2019,NOV-18
Department of Health,NHS Hammersmith And Fulham CCG,30-Nov-18,C&M-PMS Prem Rates,PRC DELEGATED CO-COMMISSIONING,NORTH END MEDICAL CENTRE,24674045,"4,617.00 ",,LNM000032534,2019,NOV-18
Department of Health,NHS Hammersmith And Fulham CCG,30-Nov-18,C&M-PMS QOF Aspiration,PRC DELEGATED CO-COMMISSIONING,NORTH END MEDICAL CENTRE,24674045,"9,717.44 ",,LNM000032534,2019,NOV-18
Department of Health,NHS Hammersmith And Fulham CCG,30-Nov-18,ME-PMS GP Pension EEs Adjs - PMS,PRC DELEGATED CO-COMMISSIONING,NORTH END MEDICAL CENTRE,24674045,866.76 ,,LNM000032534,2019,NOV-18
Department of Health,NHS Hammersmith And Fulham CCG,30-Nov-18,ME-PMS GP Pension ERs Adjs - PMS,PRC DELEGATED CO-COMMISSIONING,NORTH END MEDICAL CENTRE,24674045,"1,340.21 ",,LNM000032534,2019,NOV-18
Department of Health,NHS Hammersmith And Fulham CCG,30-Nov-18,Cont Care- Palliative Care,CHC ADULT FULLY FUNDED,NAZARETH CARE CHARITABLE TRUST,24679977,"7,829.72 ",,HAM00011745,2019,NOV-18
Department of Health,NHS Hammersmith And Fulham CCG,30-Nov-18,Cont Care-Funded Nursing Care Allow,FUNDED NURSING CARE,NAZARETH CARE CHARITABLE TRUST,24679977,"13,307.98 ",,HAM00011745,2019,NOV-18
Department of Health,NHS Hammersmith And Fulham CCG,30-Nov-18,Cont Care-Mental Health (65+),CHC ADULT FULLY FUNDED,NAZARETH CARE CHARITABLE TRUST,24679977,"11,368.15 ",,HAM00011745,2019,NOV-18
Department of Health,NHS Hammersmith And Fulham CCG,30-Nov-18,Cont Care-Physical Disab (65+),CHC ADULT FULLY FUNDED,NAZARETH CARE CHARITABLE TRUST,24679977,"21,116.06 ",,HAM00011745,2019,NOV-18
Department of Health,NHS Hammersmith And Fulham CCG,30-Nov-18,Clinical&Medical-Commercial Sector,CLINICAL ASSESSMENT AND TREATMENT CENTRES,BMI HEALTHCARE LTD,24679995,"27,812.69 ",GB235134980,08CIAPRECJUL18,2019,NOV-18
Department of Health,NHS Hammersmith And Fulham CCG,30-Nov-18,Clinical&Medical-Commercial Sector,WHEELCHAIR SERVICE,AJ MOBILITY LTD,24680007,"56,894.70 ",,520669,2019,NOV-18
Department of Health,NHS Hammersmith And Fulham CCG,30-Nov-18,Hcare Srv Rec Fdtn Trust-Contract Baseline,ACUTE COMMISSIONING,ROYAL BROMPTON & HAREFIELD NHS FOUNDATION TRUST,24686210,"80,558.11 ",654968091,S004861,2019,NOV-18
Department of Health,NHS Hammersmith And Fulham CCG,30-Nov-18,Cont Care- Palliative Care,CHC ADULT FULLY FUNDED,GANYMEDE CARE PLC,24730480,"4,460.87 ",,DSHF0818,2019,NOV-18
Department of Health,NHS Hammersmith And Fulham CCG,30-Nov-18,Cont Care-Mental Health (65+),CHC ADULT FULLY FUNDED,GANYMEDE CARE PLC,24730480,"17,242.64 ",,DSHF0818,2019,NOV-18
Department of Health,NHS Hammersmith And Fulham CCG,30-Nov-18,Cont Care-Physical Disab (65+),CHC ADULT FULLY FUNDED,GANYMEDE CARE PLC,24730480,"37,014.31 ",,DSHF0818,2019,NOV-18
Department of Health,NHS Hammersmith And Fulham CCG,30-Nov-18,Cont Care-Physical Disab (<65),CHC ADULT FULLY FUNDED,GANYMEDE CARE PLC,24730480,"18,274.50 ",,DSHF0818,2019,NOV-18
Department of Health,NHS Hammersmith And Fulham CCG,30-Nov-18,Hcare Srv Rec Fdtn Trust-Non Contract,MENTAL HEALTH SERVICES - ADULTS,CENTRAL & NORTH WEST LONDON NHS FOUNDATION TRUST,24730489,"80,445.00 ",654970895,53477530,2019,NOV-18
Department of Health,NHS Hammersmith And Fulham CCG,30-Nov-18,Hcare Srv Rec NHS Trust,COMMUNITY SERVICES,IMPERIAL COLLEGE HEALTHCARE NHS TRUST,24730507,"163,105.00 ",654945990,H0165035,2019,NOV-18
Department of Health,NHS Hammersmith And Fulham CCG,30-Nov-18,Hcare Srv Rec Fdtn Trust-Non Contract,MENTAL HEALTH SERVICES - ADULTS,CENTRAL & NORTH WEST LONDON NHS FOUNDATION TRUST,24730546,"70,770.00 ",654970895,53478482,2019,NOV-18
Department of Health,NHS Hammersmith And Fulham CCG,30-Nov-18,Cont Care-Physical Disab (<65),CHC ADULT FULLY FUNDED,HOLY CROSS HOSPITAL,24730571,"26,816.24 ",216707373,SIN040484,2019,NOV-18
Department of Health,NHS Hammersmith And Fulham CCG,30-Nov-18,Cont Care- Palliative Care,CHC ADULT FULLY FUNDED,NAZARETH CARE CHARITABLE TRUST,24730587,126.28 ,,HAM00011878,2019,NOV-18
Department of Health,NHS Hammersmith And Fulham CCG,30-Nov-18,Cont Care-FNC Client Continence Allow,CHC ADULT FULLY FUNDED,NAZARETH CARE CHARITABLE TRUST,24730587,41.40 ,,HAM00011878,2019,NOV-18
Department of Health,NHS Hammersmith And Fulham CCG,30-Nov-18,Cont Care-Funded Nursing Care Allow,FUNDED NURSING CARE,NAZARETH CARE CHARITABLE TRUST,24730587,"15,590.09 ",,HAM00011878,2019,NOV-18
Department of Health,NHS Hammersmith And Fulham CCG,30-Nov-18,Cont Care-Mental Health (65+),CHC ADULT FULLY FUNDED,NAZARETH CARE CHARITABLE TRUST,24730587,"23,897.16 ",,HAM00011878,2019,NOV-18
Department of Health,NHS Hammersmith And Fulham CCG,30-Nov-18,Hcare Srv Rec NHS Trust,COMMUNITY SERVICES,IMPERIAL COLLEGE HEALTHCARE NHS TRUST,24730600,"167,375.00 ",654945990,H0166203,2019,NOV-18
Department of Health,NHS Hammersmith And Fulham CCG,30-Nov-18,Hcare Srv Rec NHS Trust-Over/ Under Performance,ACUTE COMMISSIONING,IMPERIAL COLLEGE HEALTHCARE NHS TRUST,24730631,"(415,394.70)",654945990,H0166660,2019,NOV-18
Department of Health,NHS Hammersmith And Fulham CCG,30-Nov-18,Apprenticeship Levy Payable,BALANCE SHEET,HMRC,24740162,13.00 ,,475PH004450511907,2019,NOV-18
Department of Health,NHS Hammersmith And Fulham CCG,30-Nov-18,Income tax <1Yr,BALANCE SHEET,HMRC,24740162,"46,580.00 ",,475PH004450511907,2019,NOV-18
Department of Health,NHS Hammersmith And Fulham CCG,30-Nov-18,Income tax <1Yr-Student Loans,BALANCE SHEET,HMRC,24740162,"2,305.00 ",,475PH004450511907,2019,NOV-18
Department of Health,NHS Hammersmith And Fulham CCG,30-Nov-18,National Insurance < 1 yr-NI- ERS,BALANCE SHEET,HMRC,24740162,"29,157.74 ",,475PH004450511907,2019,NOV-18
Department of Health,NHS Hammersmith And Fulham CCG,30-Nov-18,National Insurance < 1 yr-NI-EES,BALANCE SHEET,HMRC,24740162,"17,939.73 ",,475PH004450511907,2019,NOV-18
Department of Health,NHS Hammersmith And Fulham CCG,30-Nov-18,Hcare Srv Rec NHS Trust-Contract Baseline,ACUTE COMMISSIONING,LONDON AMBULANCE SERVICE NHS TRUST,24754178,"625,823.00 ",654967192,L0019121,2019,NOV-18
Department of Health,NHS Hammersmith And Fulham CCG,30-Nov-18,External Consultancy Fees,NON RECURRENT PROGRAMMES,ATTAIN HEALTH MANAGEMENT SERVICES LTD,24768336,"27,433.68 ",107 2327 47,3603,2019,NOV-18
Department of Health,NHS Hammersmith And Fulham CCG,30-Nov-18,C&M-GMS Cost of Drugs -Prescribing,LOCAL ENHANCED SERVICES,DR GS UPPAL & PARTNER,24780550,"3,334.03 ",,LNM000032787,2019,NOV-18
Department of Health,NHS Hammersmith And Fulham CCG,30-Nov-18,C&M-GMS DES Learn Dsblty Hlth Chk,PRC DELEGATED CO-COMMISSIONING,DR GS UPPAL & PARTNER,24780550,908.00 ,,LNM000032787,2019,NOV-18
Department of Health,NHS Hammersmith And Fulham CCG,30-Nov-18,C&M-GMS Global Sum,PRC DELEGATED CO-COMMISSIONING,DR GS UPPAL & PARTNER,24780550,"52,290.36 ",,LNM000032787,2019,NOV-18
Department of Health,NHS Hammersmith And Fulham CCG,30-Nov-18,C&M-GMS MPIG Correction Factor,PRC DELEGATED CO-COMMISSIONING,DR GS UPPAL & PARTNER,24780550,246.45 ,,LNM000032787,2019,NOV-18
Department of Health,NHS Hammersmith And Fulham CCG,30-Nov-18,C&M-GMS Prem Notional Rent,PRC DELEGATED CO-COMMISSIONING,DR GS UPPAL & PARTNER,24780550,"3,704.17 ",,LNM000032787,2019,NOV-18
Department of Health,NHS Hammersmith And Fulham CCG,30-Nov-18,C&M-GMS Prof Fees Prescribing,PRC DELEGATED CO-COMMISSIONING,DR GS UPPAL & PARTNER,24780550,478.40 ,,LNM000032787,2019,NOV-18
Department of Health,NHS Hammersmith And Fulham CCG,30-Nov-18,C&M-GMS QOF Aspiration,PRC DELEGATED CO-COMMISSIONING,DR GS UPPAL & PARTNER,24780550,"4,196.29 ",,LNM000032787,2019,NOV-18
Department of Health,NHS Hammersmith And Fulham CCG,30-Nov-18,C&M-GMS Cost of Drugs -Prescribing,LOCAL ENHANCED SERVICES,BROOK GREEN MEDICAL CENTRE,24781193,"1,911.24 ",,LNM000032779,2019,NOV-18
Department of Health,NHS Hammersmith And Fulham CCG,30-Nov-18,C&M-GMS DES Minor Surgery,PRC DELEGATED CO-COMMISSIONING,BROOK GREEN MEDICAL CENTRE,24781193,"1,628.74 ",,LNM000032779,2019,NOV-18
Department of Health,NHS Hammersmith And Fulham CCG,30-Nov-18,C&M-GMS Global Sum,PRC DELEGATED CO-COMMISSIONING,BROOK GREEN MEDICAL CENTRE,24781193,"99,467.68 ",,LNM000032779,2019,NOV-18
Department of Health,NHS Hammersmith And Fulham CCG,30-Nov-18,C&M-GMS MPIG Correction Factor,PRC DELEGATED CO-COMMISSIONING,BROOK GREEN MEDICAL CENTRE,24781193,254.47 ,,LNM000032779,2019,NOV-18
Department of Health,NHS Hammersmith And Fulham CCG,30-Nov-18,C&M-GMS PCO Locum Adop/Pat/Mat,PRC DELEGATED CO-COMMISSIONING,BROOK GREEN MEDICAL CENTRE,24781193,"24,183.22 ",,LNM000032779,2019,NOV-18
Department of Health,NHS Hammersmith And Fulham CCG,30-Nov-18,C&M-GMS Prem Notional Rent,PRC DELEGATED CO-COMMISSIONING,BROOK GREEN MEDICAL CENTRE,24781193,"13,916.67 ",,LNM000032779,2019,NOV-18
Department of Health,NHS Hammersmith And Fulham CCG,30-Nov-18,C&M-GMS Prem Rates,PRC DELEGATED CO-COMMISSIONING,BROOK GREEN MEDICAL CENTRE,24781193,"1,638.39 ",,LNM000032779,2019,NOV-18
Department of Health,NHS Hammersmith And Fulham CCG,30-Nov-18,C&M-GMS Prof Fees Prescribing,PRC DELEGATED CO-COMMISSIONING,BROOK GREEN MEDICAL CENTRE,24781193,188.60 ,,LNM000032779,2019,NOV-18
Department of Health,NHS Hammersmith And Fulham CCG,30-Nov-18,C&M-GMS QOF Aspiration,PRC DELEGATED CO-COMMISSIONING,BROOK GREEN MEDICAL CENTRE,24781193,"7,503.17 ",,LNM000032779,2019,NOV-18
Department of Health,NHS Hammersmith And Fulham CCG,30-Nov-18,C&M-GMS Cost of Drugs -Prescribing,LOCAL ENHANCED SERVICES,DR B MANGWANA & PARTNER,24781195,"2,296.67 ",,LNM000032781,2019,NOV-18
Department of Health,NHS Hammersmith And Fulham CCG,30-Nov-18,C&M-GMS Global Sum,PRC DELEGATED CO-COMMISSIONING,DR B MANGWANA & PARTNER,24781195,"32,580.70 ",,LNM000032781,2019,NOV-18
Department of Health,NHS Hammersmith And Fulham CCG,30-Nov-18,C&M-GMS Prof Fees Prescribing,PRC DELEGATED CO-COMMISSIONING,DR B MANGWANA & PARTNER,24781195,466.90 ,,LNM000032781,2019,NOV-18
Department of Health,NHS Hammersmith And Fulham CCG,30-Nov-18,C&M-GMS QOF Aspiration,PRC DELEGATED CO-COMMISSIONING,DR B MANGWANA & PARTNER,24781195,"2,110.94 ",,LNM000032781,2019,NOV-18
Department of Health,NHS Hammersmith And Fulham CCG,30-Nov-18,C&M-GMS Cost of Drugs -Prescribing,LOCAL ENHANCED SERVICES,DR C ELLIOTT,24781197,"2,581.73 ",,LNM000032783,2019,NOV-18
Department of Health,NHS Hammersmith And Fulham CCG,30-Nov-18,C&M-GMS Global Sum,PRC DELEGATED CO-COMMISSIONING,DR C ELLIOTT,24781197,"30,450.49 ",,LNM000032783,2019,NOV-18
Department of Health,NHS Hammersmith And Fulham CCG,30-Nov-18,C&M-GMS MPIG Correction Factor,PRC DELEGATED CO-COMMISSIONING,DR C ELLIOTT,24781197,896.97 ,,LNM000032783,2019,NOV-18
Department of Health,NHS Hammersmith And Fulham CCG,30-Nov-18,C&M-GMS PCO Locum Adop/Pat/Mat,PRC DELEGATED CO-COMMISSIONING,DR C ELLIOTT,24781197,"15,177.34 ",,LNM000032783,2019,NOV-18
Department of Health,NHS Hammersmith And Fulham CCG,30-Nov-18,C&M-GMS Prem Notional Rent,PRC DELEGATED CO-COMMISSIONING,DR C ELLIOTT,24781197,"2,037.50 ",,LNM000032783,2019,NOV-18
Department of Health,NHS Hammersmith And Fulham CCG,30-Nov-18,C&M-GMS Prof Fees Prescribing,PRC DELEGATED CO-COMMISSIONING,DR C ELLIOTT,24781197,308.20 ,,LNM000032783,2019,NOV-18
Department of Health,NHS Hammersmith And Fulham CCG,30-Nov-18,C&M-GMS QOF Aspiration,PRC DELEGATED CO-COMMISSIONING,DR C ELLIOTT,24781197,"1,862.24 ",,LNM000032783,2019,NOV-18
Department of Health,NHS Hammersmith And Fulham CCG,30-Nov-18,C&M-GMS Cost of Drugs -Prescribing,LOCAL ENHANCED SERVICES,DR D OGALLAGHER,24781198,"2,078.50 ",,LNM000032785,2019,NOV-18
Department of Health,NHS Hammersmith And Fulham CCG,30-Nov-18,C&M-GMS DES Learn Dsblty Hlth Chk,PRC DELEGATED CO-COMMISSIONING,DR D OGALLAGHER,24781198,"4,176.00 ",,LNM000032785,2019,NOV-18
Department of Health,NHS Hammersmith And Fulham CCG,30-Nov-18,C&M-GMS Global Sum,PRC DELEGATED CO-COMMISSIONING,DR D OGALLAGHER,24781198,"69,181.73 ",,LNM000032785,2019,NOV-18
Department of Health,NHS Hammersmith And Fulham CCG,30-Nov-18,C&M-GMS Prem Rates,PRC DELEGATED CO-COMMISSIONING,DR D OGALLAGHER,24781198,"2,153.12 ",,LNM000032785,2019,NOV-18
Department of Health,NHS Hammersmith And Fulham CCG,30-Nov-18,C&M-GMS Prem Water Rates,PRC DELEGATED CO-COMMISSIONING,DR D OGALLAGHER,24781198,363.29 ,,LNM000032785,2019,NOV-18
Department of Health,NHS Hammersmith And Fulham CCG,30-Nov-18,C&M-GMS Prof Fees Prescribing,PRC DELEGATED CO-COMMISSIONING,DR D OGALLAGHER,24781198,278.30 ,,LNM000032785,2019,NOV-18
Department of Health,NHS Hammersmith And Fulham CCG,30-Nov-18,C&M-GMS QOF Aspiration,PRC DELEGATED CO-COMMISSIONING,DR D OGALLAGHER,24781198,"5,353.67 ",,LNM000032785,2019,NOV-18
Department of Health,NHS Hammersmith And Fulham CCG,30-Nov-18,C&M-GMS Cost of Drugs -Prescribing,LOCAL ENHANCED SERVICES,DR GC LAWLEY,24781200,"1,051.76 ",,LNM000032789,2019,NOV-18
Department of Health,NHS Hammersmith And Fulham CCG,30-Nov-18,C&M-GMS DES Learn Dsblty Hlth Chk,PRC DELEGATED CO-COMMISSIONING,DR GC LAWLEY,24781200,700.00 ,,LNM000032789,2019,NOV-18
Department of Health,NHS Hammersmith And Fulham CCG,30-Nov-18,C&M-GMS DES Minor Surgery,PRC DELEGATED CO-COMMISSIONING,DR GC LAWLEY,24781200,"2,289.04 ",,LNM000032789,2019,NOV-18
Department of Health,NHS Hammersmith And Fulham CCG,30-Nov-18,C&M-GMS Global Sum,PRC DELEGATED CO-COMMISSIONING,DR GC LAWLEY,24781200,"82,660.95 ",,LNM000032789,2019,NOV-18
Department of Health,NHS Hammersmith And Fulham CCG,30-Nov-18,C&M-GMS MPIG Correction Factor,PRC DELEGATED CO-COMMISSIONING,DR GC LAWLEY,24781200,"1,710.38 ",,LNM000032789,2019,NOV-18
Department of Health,NHS Hammersmith And Fulham CCG,30-Nov-18,C&M-GMS PCO Doctors Ret Scheme,PRC DELEGATED CO-COMMISSIONING,DR GC LAWLEY,24781200,"1,846.08 ",,LNM000032789,2019,NOV-18
Department of Health,NHS Hammersmith And Fulham CCG,30-Nov-18,C&M-GMS Prem Actual Rent,PRC DELEGATED CO-COMMISSIONING,DR GC LAWLEY,24781200,"2,446.77 ",,LNM000032789,2019,NOV-18
Department of Health,NHS Hammersmith And Fulham CCG,30-Nov-18,C&M-GMS Prem Notional Rent,PRC DELEGATED CO-COMMISSIONING,DR GC LAWLEY,24781200,"6,707.92 ",,LNM000032789,2019,NOV-18
Department of Health,NHS Hammersmith And Fulham CCG,30-Nov-18,C&M-GMS Prem Rates,PRC DELEGATED CO-COMMISSIONING,DR GC LAWLEY,24781200,"3,127.23 ",,LNM000032789,2019,NOV-18
Department of Health,NHS Hammersmith And Fulham CCG,30-Nov-18,C&M-GMS Prof Fees Prescribing,PRC DELEGATED CO-COMMISSIONING,DR GC LAWLEY,24781200,170.20 ,,LNM000032789,2019,NOV-18
Department of Health,NHS Hammersmith And Fulham CCG,30-Nov-18,C&M-GMS QOF Aspiration,PRC DELEGATED CO-COMMISSIONING,DR GC LAWLEY,24781200,"5,961.73 ",,LNM000032789,2019,NOV-18
Department of Health,NHS Hammersmith And Fulham CCG,30-Nov-18,C&M-GMS Global Sum,PRC DELEGATED CO-COMMISSIONING,DR J HARROP-GRIFFITHS & PTRS,24781202,"58,110.54 ",,LNM000032791,2019,NOV-18
Department of Health,NHS Hammersmith And Fulham CCG,30-Nov-18,C&M-GMS MPIG Correction Factor,PRC DELEGATED CO-COMMISSIONING,DR J HARROP-GRIFFITHS & PTRS,24781202,324.03 ,,LNM000032791,2019,NOV-18
Department of Health,NHS Hammersmith And Fulham CCG,30-Nov-18,C&M-GMS Prem Notional Rent,PRC DELEGATED CO-COMMISSIONING,DR J HARROP-GRIFFITHS & PTRS,24781202,"10,458.33 ",,LNM000032791,2019,NOV-18
Department of Health,NHS Hammersmith And Fulham CCG,30-Nov-18,C&M-GMS QOF Aspiration,PRC DELEGATED CO-COMMISSIONING,DR J HARROP-GRIFFITHS & PTRS,24781202,"4,571.80 ",,LNM000032791,2019,NOV-18
Department of Health,NHS Hammersmith And Fulham CCG,30-Nov-18,C&M-GMS Cost of Drugs -Prescribing,LOCAL ENHANCED SERVICES,DR J JOLLY,24781204,930.26 ,,LNM000032793,2019,NOV-18
Department of Health,NHS Hammersmith And Fulham CCG,30-Nov-18,C&M-GMS DES Learn Dsblty Hlth Chk,PRC DELEGATED CO-COMMISSIONING,DR J JOLLY,24781204,280.00 ,,LNM000032793,2019,NOV-18
Department of Health,NHS Hammersmith And Fulham CCG,30-Nov-18,C&M-GMS Global Sum,PRC DELEGATED CO-COMMISSIONING,DR J JOLLY,24781204,"38,601.74 ",,LNM000032793,2019,NOV-18
Department of Health,NHS Hammersmith And Fulham CCG,30-Nov-18,C&M-GMS Prem Rates,PRC DELEGATED CO-COMMISSIONING,DR J JOLLY,24781204,741.36 ,,LNM000032793,2019,NOV-18
Department of Health,NHS Hammersmith And Fulham CCG,30-Nov-18,C&M-GMS Prof Fees Prescribing,PRC DELEGATED CO-COMMISSIONING,DR J JOLLY,24781204,126.50 ,,LNM000032793,2019,NOV-18
Department of Health,NHS Hammersmith And Fulham CCG,30-Nov-18,C&M-GMS QOF Aspiration,PRC DELEGATED CO-COMMISSIONING,DR J JOLLY,24781204,"3,042.88 ",,LNM000032793,2019,NOV-18
Department of Health,NHS Hammersmith And Fulham CCG,30-Nov-18,C&M-GMS Cost of Drugs -Prescribing,LOCAL ENHANCED SERVICES,DR JI KOPPEL,24781206,730.11 ,,LNM000032795,2019,NOV-18
Department of Health,NHS Hammersmith And Fulham CCG,30-Nov-18,C&M-GMS Global Sum,PRC DELEGATED CO-COMMISSIONING,DR JI KOPPEL,24781206,"78,203.60 ",,LNM000032795,2019,NOV-18
Department of Health,NHS Hammersmith And Fulham CCG,30-Nov-18,C&M-GMS MPIG Correction Factor,PRC DELEGATED CO-COMMISSIONING,DR JI KOPPEL,24781206,"1,247.65 ",,LNM000032795,2019,NOV-18
Department of Health,NHS Hammersmith And Fulham CCG,30-Nov-18,C&M-GMS Prem Notional Rent,PRC DELEGATED CO-COMMISSIONING,DR JI KOPPEL,24781206,"2,575.00 ",,LNM000032795,2019,NOV-18
Department of Health,NHS Hammersmith And Fulham CCG,30-Nov-18,C&M-GMS Prem Rates,PRC DELEGATED CO-COMMISSIONING,DR JI KOPPEL,24781206,"4,124.42 ",,LNM000032795,2019,NOV-18
Department of Health,NHS Hammersmith And Fulham CCG,30-Nov-18,C&M-GMS Prof Fees Prescribing,PRC DELEGATED CO-COMMISSIONING,DR JI KOPPEL,24781206,71.30 ,,LNM000032795,2019,NOV-18
Department of Health,NHS Hammersmith And Fulham CCG,30-Nov-18,C&M-GMS QOF Aspiration,PRC DELEGATED CO-COMMISSIONING,DR JI KOPPEL,24781206,"5,731.75 ",,LNM000032795,2019,NOV-18
Department of Health,NHS Hammersmith And Fulham CCG,30-Nov-18,C&M-GMS Cost of Drugs -Prescribing,LOCAL ENHANCED SERVICES,DR K WINAYAK,24781208,"1,476.24 ",,LNM000032797,2019,NOV-18
Department of Health,NHS Hammersmith And Fulham CCG,30-Nov-18,C&M-GMS Global Sum,PRC DELEGATED CO-COMMISSIONING,DR K WINAYAK,24781208,"36,418.77 ",,LNM000032797,2019,NOV-18
Department of Health,NHS Hammersmith And Fulham CCG,30-Nov-18,C&M-GMS Prem Notional Rent,PRC DELEGATED CO-COMMISSIONING,DR K WINAYAK,24781208,"4,033.33 ",,LNM000032797,2019,NOV-18
Department of Health,NHS Hammersmith And Fulham CCG,30-Nov-18,C&M-GMS Prof Fees Prescribing,PRC DELEGATED CO-COMMISSIONING,DR K WINAYAK,24781208,138.00 ,,LNM000032797,2019,NOV-18
Department of Health,NHS Hammersmith And Fulham CCG,30-Nov-18,C&M-GMS QOF Aspiration,PRC DELEGATED CO-COMMISSIONING,DR K WINAYAK,24781208,"1,829.27 ",,LNM000032797,2019,NOV-18
Department of Health,NHS Hammersmith And Fulham CCG,30-Nov-18,C&M-GMS Cost of Drugs -Prescribing,LOCAL ENHANCED SERVICES,DR MAL EVANS,24781210,"2,251.34 ",,LNM000032799,2019,NOV-18
Department of Health,NHS Hammersmith And Fulham CCG,30-Nov-18,C&M-GMS Global Sum,PRC DELEGATED CO-COMMISSIONING,DR MAL EVANS,24781210,"56,509.64 ",,LNM000032799,2019,NOV-18
Department of Health,NHS Hammersmith And Fulham CCG,30-Nov-18,C&M-GMS MPIG Correction Factor,PRC DELEGATED CO-COMMISSIONING,DR MAL EVANS,24781210,73.73 ,,LNM000032799,2019,NOV-18
Department of Health,NHS Hammersmith And Fulham CCG,30-Nov-18,C&M-GMS Prem Notional Rent,PRC DELEGATED CO-COMMISSIONING,DR MAL EVANS,24781210,"5,252.00 ",,LNM000032799,2019,NOV-18
Department of Health,NHS Hammersmith And Fulham CCG,30-Nov-18,C&M-GMS Prof Fees Prescribing,PRC DELEGATED CO-COMMISSIONING,DR MAL EVANS,24781210,425.50 ,,LNM000032799,2019,NOV-18
Department of Health,NHS Hammersmith And Fulham CCG,30-Nov-18,C&M-GMS QOF Aspiration,PRC DELEGATED CO-COMMISSIONING,DR MAL EVANS,24781210,"4,688.37 ",,LNM000032799,2019,NOV-18
Department of Health,NHS Hammersmith And Fulham CCG,30-Nov-18,C&M-GMS Cost of Drugs -Prescribing,LOCAL ENHANCED SERVICES,DR S DASGUPTA,24781212,"1,293.74 ",,LNM000032801,2019,NOV-18
Department of Health,NHS Hammersmith And Fulham CCG,30-Nov-18,C&M-GMS Global Sum,PRC DELEGATED CO-COMMISSIONING,DR S DASGUPTA,24781212,"25,914.36 ",,LNM000032801,2019,NOV-18
Department of Health,NHS Hammersmith And Fulham CCG,30-Nov-18,C&M-GMS MPIG Correction Factor,PRC DELEGATED CO-COMMISSIONING,DR S DASGUPTA,24781212,71.11 ,,LNM000032801,2019,NOV-18
Department of Health,NHS Hammersmith And Fulham CCG,30-Nov-18,C&M-GMS Prem Notional Rent,PRC DELEGATED CO-COMMISSIONING,DR S DASGUPTA,24781212,"5,916.67 ",,LNM000032801,2019,NOV-18
Department of Health,NHS Hammersmith And Fulham CCG,30-Nov-18,C&M-GMS Prem Rates,PRC DELEGATED CO-COMMISSIONING,DR S DASGUPTA,24781212,"2,032.00 ",,LNM000032801,2019,NOV-18
Department of Health,NHS Hammersmith And Fulham CCG,30-Nov-18,C&M-GMS Prof Fees Prescribing,PRC DELEGATED CO-COMMISSIONING,DR S DASGUPTA,24781212,234.60 ,,LNM000032801,2019,NOV-18
Department of Health,NHS Hammersmith And Fulham CCG,30-Nov-18,C&M-GMS QOF Aspiration,PRC DELEGATED CO-COMMISSIONING,DR S DASGUPTA,24781212,"1,819.05 ",,LNM000032801,2019,NOV-18
Department of Health,NHS Hammersmith And Fulham CCG,30-Nov-18,C&M-GMS Cost of Drugs -Prescribing,LOCAL ENHANCED SERVICES,DR PFR FERNANDES,24781217,680.71 ,,LNM000032807,2019,NOV-18
Department of Health,NHS Hammersmith And Fulham CCG,30-Nov-18,C&M-GMS DES Minor Surgery,PRC DELEGATED CO-COMMISSIONING,DR PFR FERNANDES,24781217,"3,477.58 ",,LNM000032807,2019,NOV-18
Department of Health,NHS Hammersmith And Fulham CCG,30-Nov-18,C&M-GMS Global Sum,PRC DELEGATED CO-COMMISSIONING,DR PFR FERNANDES,24781217,"73,795.40 ",,LNM000032807,2019,NOV-18
Department of Health,NHS Hammersmith And Fulham CCG,30-Nov-18,C&M-GMS MPIG Correction Factor,PRC DELEGATED CO-COMMISSIONING,DR PFR FERNANDES,24781217,514.49 ,,LNM000032807,2019,NOV-18
Department of Health,NHS Hammersmith And Fulham CCG,30-Nov-18,C&M-GMS Prem Notional Rent,PRC DELEGATED CO-COMMISSIONING,DR PFR FERNANDES,24781217,"18,400.00 ",,LNM000032807,2019,NOV-18
Department of Health,NHS Hammersmith And Fulham CCG,30-Nov-18,C&M-GMS Prem Rates,PRC DELEGATED CO-COMMISSIONING,DR PFR FERNANDES,24781217,"2,861.13 ",,LNM000032807,2019,NOV-18
Department of Health,NHS Hammersmith And Fulham CCG,30-Nov-18,C&M-GMS Prof Fees Prescribing,PRC DELEGATED CO-COMMISSIONING,DR PFR FERNANDES,24781217,89.70 ,,LNM000032807,2019,NOV-18
Department of Health,NHS Hammersmith And Fulham CCG,30-Nov-18,C&M-GMS QOF Aspiration,PRC DELEGATED CO-COMMISSIONING,DR PFR FERNANDES,24781217,"5,783.20 ",,LNM000032807,2019,NOV-18
Department of Health,NHS Hammersmith And Fulham CCG,30-Nov-18,C&M-GMS Cost of Drugs -Prescribing,LOCAL ENHANCED SERVICES,DR SF ARAS & PARTNERS,24781219,734.55 ,,LNM000032809,2019,NOV-18
Department of Health,NHS Hammersmith And Fulham CCG,30-Nov-18,C&M-GMS DES Minor Surgery,PRC DELEGATED CO-COMMISSIONING,DR SF ARAS & PARTNERS,24781219,44.02 ,,LNM000032809,2019,NOV-18
Department of Health,NHS Hammersmith And Fulham CCG,30-Nov-18,C&M-GMS Global Sum,PRC DELEGATED CO-COMMISSIONING,DR SF ARAS & PARTNERS,24781219,"72,872.62 ",,LNM000032809,2019,NOV-18
Department of Health,NHS Hammersmith And Fulham CCG,30-Nov-18,C&M-GMS MPIG Correction Factor,PRC DELEGATED CO-COMMISSIONING,DR SF ARAS & PARTNERS,24781219,"1,403.28 ",,LNM000032809,2019,NOV-18
Department of Health,NHS Hammersmith And Fulham CCG,30-Nov-18,C&M-GMS Prem Notional Rent,PRC DELEGATED CO-COMMISSIONING,DR SF ARAS & PARTNERS,24781219,"9,942.25 ",,LNM000032809,2019,NOV-18
Department of Health,NHS Hammersmith And Fulham CCG,30-Nov-18,C&M-GMS Prem Rates,PRC DELEGATED CO-COMMISSIONING,DR SF ARAS & PARTNERS,24781219,"5,520.20 ",,LNM000032809,2019,NOV-18
Department of Health,NHS Hammersmith And Fulham CCG,30-Nov-18,C&M-GMS Prem Water Rates,PRC DELEGATED CO-COMMISSIONING,DR SF ARAS & PARTNERS,24781219,"3,332.27 ",,LNM000032809,2019,NOV-18
Department of Health,NHS Hammersmith And Fulham CCG,30-Nov-18,C&M-GMS Prof Fees Prescribing,PRC DELEGATED CO-COMMISSIONING,DR SF ARAS & PARTNERS,24781219,78.20 ,,LNM000032809,2019,NOV-18
Department of Health,NHS Hammersmith And Fulham CCG,30-Nov-18,C&M-GMS QOF Aspiration,PRC DELEGATED CO-COMMISSIONING,DR SF ARAS & PARTNERS,24781219,"3,960.27 ",,LNM000032809,2019,NOV-18
Department of Health,NHS Hammersmith And Fulham CCG,30-Nov-18,C&M-GMS Cost of Drugs -Prescribing,LOCAL ENHANCED SERVICES,DR SAMJI & PARTNERS,24781221,"1,810.46 ",,LNM000032811,2019,NOV-18
Department of Health,NHS Hammersmith And Fulham CCG,30-Nov-18,C&M-GMS DES Minor Surgery,PRC DELEGATED CO-COMMISSIONING,DR SAMJI & PARTNERS,24781221,484.22 ,,LNM000032811,2019,NOV-18
Department of Health,NHS Hammersmith And Fulham CCG,30-Nov-18,C&M-GMS Global Sum,PRC DELEGATED CO-COMMISSIONING,DR SAMJI & PARTNERS,24781221,"84,843.68 ",,LNM000032811,2019,NOV-18
Department of Health,NHS Hammersmith And Fulham CCG,30-Nov-18,C&M-GMS MPIG Correction Factor,PRC DELEGATED CO-COMMISSIONING,DR SAMJI & PARTNERS,24781221,299.19 ,,LNM000032811,2019,NOV-18
Department of Health,NHS Hammersmith And Fulham CCG,30-Nov-18,C&M-GMS Prem Rates,PRC DELEGATED CO-COMMISSIONING,DR SAMJI & PARTNERS,24781221,"2,115.79 ",,LNM000032811,2019,NOV-18
Department of Health,NHS Hammersmith And Fulham CCG,30-Nov-18,C&M-GMS Prof Fees Prescribing,PRC DELEGATED CO-COMMISSIONING,DR SAMJI & PARTNERS,24781221,87.40 ,,LNM000032811,2019,NOV-18
Department of Health,NHS Hammersmith And Fulham CCG,30-Nov-18,C&M-GMS QOF Aspiration,PRC DELEGATED CO-COMMISSIONING,DR SAMJI & PARTNERS,24781221,"6,940.10 ",,LNM000032811,2019,NOV-18
Department of Health,NHS Hammersmith And Fulham CCG,30-Nov-18,C&M-GMS DES Learn Dsblty Hlth Chk,PRC DELEGATED CO-COMMISSIONING,FULHAM MEDICAL CENTRE,24781224,232.00 ,,LNM000032815,2019,NOV-18
Department of Health,NHS Hammersmith And Fulham CCG,30-Nov-18,C&M-GMS DES Minor Surgery,PRC DELEGATED CO-COMMISSIONING,FULHAM MEDICAL CENTRE,24781224,"1,232.56 ",,LNM000032815,2019,NOV-18
Department of Health,NHS Hammersmith And Fulham CCG,30-Nov-18,C&M-GMS Global Sum,PRC DELEGATED CO-COMMISSIONING,FULHAM MEDICAL CENTRE,24781224,"46,140.92 ",,LNM000032815,2019,NOV-18
Department of Health,NHS Hammersmith And Fulham CCG,30-Nov-18,C&M-GMS MPIG Correction Factor,PRC DELEGATED CO-COMMISSIONING,FULHAM MEDICAL CENTRE,24781224,"1,229.20 ",,LNM000032815,2019,NOV-18
Department of Health,NHS Hammersmith And Fulham CCG,30-Nov-18,C&M-GMS Prem Rates,PRC DELEGATED CO-COMMISSIONING,FULHAM MEDICAL CENTRE,24781224,"2,238.77 ",,LNM000032815,2019,NOV-18
Department of Health,NHS Hammersmith And Fulham CCG,30-Nov-18,C&M-GMS QOF Aspiration,PRC DELEGATED CO-COMMISSIONING,FULHAM MEDICAL CENTRE,24781224,"3,669.46 ",,LNM000032815,2019,NOV-18
Department of Health,NHS Hammersmith And Fulham CCG,30-Nov-18,C&M-GMS DES Minor Surgery,PRC DELEGATED CO-COMMISSIONING,LILLIE ROAD PRACTICE,24781226,352.16 ,,LNM000032817,2019,NOV-18
Department of Health,NHS Hammersmith And Fulham CCG,30-Nov-18,C&M-GMS Global Sum,PRC DELEGATED CO-COMMISSIONING,LILLIE ROAD PRACTICE,24781226,"247,588.92 ",,LNM000032817,2019,NOV-18
Department of Health,NHS Hammersmith And Fulham CCG,30-Nov-18,C&M-GMS MPIG Correction Factor,PRC DELEGATED CO-COMMISSIONING,LILLIE ROAD PRACTICE,24781226,110.89 ,,LNM000032817,2019,NOV-18
Department of Health,NHS Hammersmith And Fulham CCG,30-Nov-18,C&M-GMS Prem Notional Rent,PRC DELEGATED CO-COMMISSIONING,LILLIE ROAD PRACTICE,24781226,"3,575.00 ",,LNM000032817,2019,NOV-18
Department of Health,NHS Hammersmith And Fulham CCG,30-Nov-18,C&M-GMS Prem Rates,PRC DELEGATED CO-COMMISSIONING,LILLIE ROAD PRACTICE,24781226,"1,008.24 ",,LNM000032817,2019,NOV-18
Department of Health,NHS Hammersmith And Fulham CCG,30-Nov-18,C&M-GMS QOF Aspiration,PRC DELEGATED CO-COMMISSIONING,LILLIE ROAD PRACTICE,24781226,"4,853.48 ",,LNM000032817,2019,NOV-18
Department of Health,NHS Hammersmith And Fulham CCG,30-Nov-18,C&M-GMS Global Sum,PRC DELEGATED CO-COMMISSIONING,SHEPHERDS BUSH MEDICAL CENTRE,24781229,"24,803.98 ",,LNM000032820,2019,NOV-18
Department of Health,NHS Hammersmith And Fulham CCG,30-Nov-18,C&M-GMS Prem Notional Rent,PRC DELEGATED CO-COMMISSIONING,SHEPHERDS BUSH MEDICAL CENTRE,24781229,"3,321.67 ",,LNM000032820,2019,NOV-18
Department of Health,NHS Hammersmith And Fulham CCG,30-Nov-18,C&M-GMS QOF Aspiration,PRC DELEGATED CO-COMMISSIONING,SHEPHERDS BUSH MEDICAL CENTRE,24781229,"1,828.35 ",,LNM000032820,2019,NOV-18
Department of Health,NHS Hammersmith And Fulham CCG,30-Nov-18,C&M-GMS Cost of Drugs -Prescribing,LOCAL ENHANCED SERVICES,DR JEFFERIES & PARTNERS,24781231,"2,222.68 ",,LNM000032822,2019,NOV-18
Department of Health,NHS Hammersmith And Fulham CCG,30-Nov-18,C&M-GMS DES Minor Surgery,PRC DELEGATED CO-COMMISSIONING,DR JEFFERIES & PARTNERS,24781231,"2,993.36 ",,LNM000032822,2019,NOV-18
Department of Health,NHS Hammersmith And Fulham CCG,30-Nov-18,C&M-GMS Global Sum,PRC DELEGATED CO-COMMISSIONING,DR JEFFERIES & PARTNERS,24781231,"84,804.09 ",,LNM000032822,2019,NOV-18
Department of Health,NHS Hammersmith And Fulham CCG,30-Nov-18,C&M-GMS MPIG Correction Factor,PRC DELEGATED CO-COMMISSIONING,DR JEFFERIES & PARTNERS,24781231,66.28 ,,LNM000032822,2019,NOV-18
Department of Health,NHS Hammersmith And Fulham CCG,30-Nov-18,C&M-GMS Prem Notional Rent,PRC DELEGATED CO-COMMISSIONING,DR JEFFERIES & PARTNERS,24781231,"11,941.67 ",,LNM000032822,2019,NOV-18
Department of Health,NHS Hammersmith And Fulham CCG,30-Nov-18,C&M-GMS Prem Rates,PRC DELEGATED CO-COMMISSIONING,DR JEFFERIES & PARTNERS,24781231,"4,593.38 ",,LNM000032822,2019,NOV-18
Department of Health,NHS Hammersmith And Fulham CCG,30-Nov-18,C&M-GMS Prof Fees Prescribing,PRC DELEGATED CO-COMMISSIONING,DR JEFFERIES & PARTNERS,24781231,324.30 ,,LNM000032822,2019,NOV-18
Department of Health,NHS Hammersmith And Fulham CCG,30-Nov-18,C&M-GMS QOF Aspiration,PRC DELEGATED CO-COMMISSIONING,DR JEFFERIES & PARTNERS,24781231,"8,437.30 ",,LNM000032822,2019,NOV-18
Department of Health,NHS Hammersmith And Fulham CCG,30-Nov-18,C&M-GMS Cost of Drugs -Prescribing,LOCAL ENHANCED SERVICES,DR LAURENCE SLATER,24781233,"1,699.46 ",,LNM000032824,2019,NOV-18
Department of Health,NHS Hammersmith And Fulham CCG,30-Nov-18,C&M-GMS Global Sum,PRC DELEGATED CO-COMMISSIONING,DR LAURENCE SLATER,24781233,"31,709.95 ",,LNM000032824,2019,NOV-18
Department of Health,NHS Hammersmith And Fulham CCG,30-Nov-18,C&M-GMS MPIG Correction Factor,PRC DELEGATED CO-COMMISSIONING,DR LAURENCE SLATER,24781233,996.71 ,,LNM000032824,2019,NOV-18
Department of Health,NHS Hammersmith And Fulham CCG,30-Nov-18,C&M-GMS Prof Fees Prescribing,PRC DELEGATED CO-COMMISSIONING,DR LAURENCE SLATER,24781233,278.30 ,,LNM000032824,2019,NOV-18
Department of Health,NHS Hammersmith And Fulham CCG,30-Nov-18,C&M-GMS QOF Aspiration,PRC DELEGATED CO-COMMISSIONING,DR LAURENCE SLATER,24781233,"2,069.50 ",,LNM000032824,2019,NOV-18
Department of Health,NHS Hammersmith And Fulham CCG,30-Nov-18,Hcare Srv Rec NHS Trust-Prior Year,NCAS/OATS,IMPERIAL COLLEGE HEALTHCARE NHS TRUST,24782005,"91,882.82 ",654945990,H0150509,2019,NOV-18
Department of Health,NHS Hammersmith And Fulham CCG,30-Nov-18,Hcare Srv Rec NHS Trust-Prior Year,NCAS/OATS,IMPERIAL COLLEGE HEALTHCARE NHS TRUST,24782023,"111,187.54 ",654945990,H0151657,2019,NOV-18
Department of Health,NHS Hammersmith And Fulham CCG,30-Nov-18,Hcare Srv Rec NHS Trust-Prior Year,NCAS/OATS,IMPERIAL COLLEGE HEALTHCARE NHS TRUST,24782039,"26,443.15 ",654945990,H0152630,2019,NOV-18
Department of Health,NHS Hammersmith And Fulham CCG,30-Nov-18,Hcare Srv Rec NHS Trust-Prior Year,NCAS/OATS,IMPERIAL COLLEGE HEALTHCARE NHS TRUST,24782093,"64,739.75 ",654945990,H0153500,2019,NOV-18
Department of Health,NHS Hammersmith And Fulham CCG,30-Nov-18,Hcare Srv Rec NHS Trust-Prior Year,NCAS/OATS,IMPERIAL COLLEGE HEALTHCARE NHS TRUST,24782108,"37,552.00 ",654945990,H0154716,2019,NOV-18
Department of Health,NHS Hammersmith And Fulham CCG,30-Nov-18,Hcare Srv Rec Fdtn Trust-Prior Year,ACUTE COMMISSIONING,GUYS & ST THOMAS HOSPITAL NHS FOUNDATION TRUST,24782122,"57,767.00 ",654923417,3236587,2019,NOV-18
Department of Health,NHS Hammersmith And Fulham CCG,30-Nov-18,Hcare Srv Rec NHS Trust-Prior Year,NCAS/OATS,IMPERIAL COLLEGE HEALTHCARE NHS TRUST,24782128,"28,624.45 ",654945990,H0158376,2019,NOV-18
Department of Health,NHS Hammersmith And Fulham CCG,30-Nov-18,Hcare Srv Rec Fdtn Trust-Over/ Under Performance,ACUTE COMMISSIONING,CHELSEA AND WESTMINSTER HOSPITAL NHS FOUNDATION TRUST,24782229,"(63,649.16)",654915415,C0005210,2019,NOV-18
Department of Health,NHS Hammersmith And Fulham CCG,30-Nov-18,Hcare Srv Rec Fdtn Trust-Contract Baseline,ACUTE COMMISSIONING,MOORFIELDS EYE HOSPITAL NHS FOUNDATION TRUST,24785746,"68,149.00 ",654930716,IC0035882,2019,NOV-18
Department of Health,NHS Hammersmith And Fulham CCG,30-Nov-18,Hcare Srv Rec NHS Trust-Contract Baseline,ACUTE COMMISSIONING,LONDON NORTH WEST HEALTHCARE NHS TRUST,24785747,"171,022.00 ",654463720,A0049248,2019,NOV-18
Department of Health,NHS Hammersmith And Fulham CCG,30-Nov-18,C&M-GMS Global Sum,PRC DELEGATED CO-COMMISSIONING,DR RK KUKAR,24793032,"40,253.76 ",,LNM000032803,2019,NOV-18
Department of Health,NHS Hammersmith And Fulham CCG,30-Nov-18,C&M-GMS MPIG Correction Factor,PRC DELEGATED CO-COMMISSIONING,DR RK KUKAR,24793032,"1,098.70 ",,LNM000032803,2019,NOV-18
Department of Health,NHS Hammersmith And Fulham CCG,30-Nov-18,C&M-GMS PCO Locum Adop/Pat/Mat,PRC DELEGATED CO-COMMISSIONING,DR RK KUKAR,24793032,"36,891.48 ",,LNM000032803,2019,NOV-18
Department of Health,NHS Hammersmith And Fulham CCG,30-Nov-18,C&M-GMS PCO Locum Sickness,PRC DELEGATED CO-COMMISSIONING,DR RK KUKAR,24793032,"1,734.18 ",,LNM000032803,2019,NOV-18
Department of Health,NHS Hammersmith And Fulham CCG,30-Nov-18,C&M-GMS QOF Aspiration,PRC DELEGATED CO-COMMISSIONING,DR RK KUKAR,24793032,"1,958.56 ",,LNM000032803,2019,NOV-18
Department of Health,NHS Hammersmith And Fulham CCG,30-Nov-18,C&M-GMS DES Learn Dsblty Hlth Chk,PRC DELEGATED CO-COMMISSIONING,PARKVIEW PRACTICE,24793034,140.00 ,,LNM000032826,2019,NOV-18
Department of Health,NHS Hammersmith And Fulham CCG,30-Nov-18,C&M-GMS Global Sum,PRC DELEGATED CO-COMMISSIONING,PARKVIEW PRACTICE,24793034,"48,361.43 ",,LNM000032826,2019,NOV-18
Department of Health,NHS Hammersmith And Fulham CCG,30-Nov-18,C&M-GMS MPIG Correction Factor,PRC DELEGATED CO-COMMISSIONING,PARKVIEW PRACTICE,24793034,940.27 ,,LNM000032826,2019,NOV-18
Department of Health,NHS Hammersmith And Fulham CCG,30-Nov-18,C&M-GMS QOF Aspiration,PRC DELEGATED CO-COMMISSIONING,PARKVIEW PRACTICE,24793034,"3,590.34 ",,LNM000032826,2019,NOV-18
Department of Health,NHS Hammersmith And Fulham CCG,30-Nov-18,Hcare Srv Rec NHS Trust-Over/ Under Performance,ACUTE COMMISSIONING,BARTS HEALTH NHS TRUST,24811049,"79,721.45 ",654947005,355354,2019,NOV-18
Department of Health,NHS Hammersmith And Fulham CCG,30-Nov-18,Hcare Srv Rec NHS Trust-Over/ Under Performance,ACUTE COMMISSIONING,BARTS HEALTH NHS TRUST,24811053,"89,800.50 ",654947005,355337,2019,NOV-18
Department of Health,NHS Hammersmith And Fulham CCG,30-Nov-18,Hcare Srv Rec Fdtn Trust-Over/ Under Performance,ACUTE COMMISSIONING,ST GEORGES UNIVERSITY HOSPITALS NHS FOUNDATION TRUST,24811071,"38,205.00 ",GB654461922,6441650,2019,NOV-18
Department of Health,NHS Hammersmith And Fulham CCG,30-Nov-18,Hcare Srv Rec Fdtn Trust-Non Contract,MENTAL HEALTH SERVICES - ADULTS,CENTRAL & NORTH WEST LONDON NHS FOUNDATION TRUST,24811142,"81,713.00 ",654970895,53479321,2019,NOV-18
Department of Health,NHS Hammersmith And Fulham CCG,30-Nov-18,Hcare Srv Rec Fdtn Trust-Contract Baseline,ACUTE COMMISSIONING,ROYAL FREE LONDON NHS FOUNDATION TRUST,24815868,"37,626.00 ",654946987,I0167065,2019,NOV-18
Department of Health,NHS Hammersmith And Fulham CCG,30-Nov-18,Hcare Srv Rec NHS Trust-Contract Baseline,MENTAL HEALTH CONTRACTS,WEST LONDON MENTAL HEALTH NHS TRUST,24839130,"2,204,378.00 ",654970993,1100053130,2019,NOV-18
Department of Health,NHS Hammersmith And Fulham CCG,30-Nov-18,Hcare Srv Rec Fdtn Trust-Contract Baseline,ACUTE COMMISSIONING,ST GEORGES UNIVERSITY HOSPITALS NHS FOUNDATION TRUST,24839132,"70,639.18 ",GB654461922,6444563,2019,NOV-18
Department of Health,NHS Hammersmith And Fulham CCG,30-Nov-18,Hcare Srv Rec Fdtn Trust-Contract Baseline,MENTAL HEALTH CONTRACTS,CENTRAL & NORTH WEST LONDON NHS FOUNDATION TRUST,24839133,"158,710.00 ",654970895,53479389,2019,NOV-18
Department of Health,NHS Hammersmith And Fulham CCG,30-Nov-18,Non-PFI Oprtng Lease-Bldgs-Lease Rent,GENERAL RESERVE - PROGRAMME,NHS PROPERTY SERVICES LTD,24868891,"(183,925.97)",156725100,NAVSC03024,2019,NOV-18
Department of Health,NHS Hammersmith And Fulham CCG,30-Nov-18,Non-PFI Oprtng Lease-Bldgs-Lease Rent,GENERAL RESERVE - PROGRAMME,NHS PROPERTY SERVICES LTD,24868893,"(160,408.19)",156725100,NAVSC03020,2019,NOV-18
Department of Health,NHS Hammersmith And Fulham CCG,30-Nov-18,Non-PFI Oprtng Lease-Bldgs-Lease Rent,RECHARGES NHS PROPERTY SERVICES LTD,NHS PROPERTY SERVICES LTD,24868900,"44,984.10 ",156725100,00000001H12379,2019,NOV-18
Department of Health,NHS Hammersmith And Fulham CCG,30-Nov-18,Non-PFI Oprtng Lease-Bldgs-Lease Rent,GENERAL RESERVE - PROGRAMME,NHS PROPERTY SERVICES LTD,24868901,"44,984.10 ",156725100,00000001H12378,2019,NOV-18
Department of Health,NHS Hammersmith And Fulham CCG,30-Nov-18,Non-PFI Oprtng Lease-Bldgs-Lease Rent,GENERAL RESERVE - PROGRAMME,NHS PROPERTY SERVICES LTD,24868908,"63,069.75 ",156725100,48514978,2019,NOV-18
Department of Health,NHS Hammersmith And Fulham CCG,30-Nov-18,Non-PFI Oprtng Lease-Bldgs-Lease Rent,GENERAL RESERVE - PROGRAMME,NHS PROPERTY SERVICES LTD,24868910,"45,168.75 ",156725100,48528997,2019,NOV-18
Department of Health,NHS Hammersmith And Fulham CCG,30-Nov-18,Non-PFI Oprtng Lease-Bldgs-Lease Rent,RECHARGES NHS PROPERTY SERVICES LTD,NHS PROPERTY SERVICES LTD,24868913,"45,232.50 ",156725100,00000001H35158,2019,NOV-18
Department of Health,NHS Hammersmith And Fulham CCG,30-Nov-18,Non-PFI Oprtng Lease-Bldgs-Lease Rent,RECHARGES NHS PROPERTY SERVICES LTD,NHS PROPERTY SERVICES LTD,24868916,"63,069.75 ",156725100,00000001H34200,2019,NOV-18
Department of Health,NHS Hammersmith And Fulham CCG,30-Nov-18,Non-PFI Oprtng Lease-Bldgs-Lease Rent,RECHARGES NHS PROPERTY SERVICES LTD,NHS PROPERTY SERVICES LTD,24868918,"44,984.10 ",156725100,00000001H34199,2019,NOV-18
Department of Health,NHS Hammersmith And Fulham CCG,30-Nov-18,Non-PFI Oprtng Lease-Bldgs-Lease Rent,RECHARGES NHS PROPERTY SERVICES LTD,NHS PROPERTY SERVICES LTD,24868919,"40,721.06 ",156725100,00000001H38074,2019,NOV-18
Department of Health,NHS Hammersmith And Fulham CCG,30-Nov-18,Non-PFI Oprtng Lease-Bldgs-Lease Rent,RECHARGES NHS PROPERTY SERVICES LTD,NHS PROPERTY SERVICES LTD,24868921,"65,676.72 ",156725100,H42500,2019,NOV-18
Department of Health,NHS Hammersmith And Fulham CCG,30-Nov-18,Non-PFI Oprtng Lease-Bldgs-Lease Rent,RECHARGES NHS PROPERTY SERVICES LTD,NHS PROPERTY SERVICES LTD,24868925,"66,075.21 ",156725100,H59368,2019,NOV-18
Department of Health,NHS Hammersmith And Fulham CCG,30-Nov-18,Non-PFI Oprtng Lease-Bldgs-Lease Rent,RECHARGES NHS PROPERTY SERVICES LTD,NHS PROPERTY SERVICES LTD,24868926,"66,075.21 ",156725100,H69027,2019,NOV-18
Department of Health,NHS Hammersmith And Fulham CCG,30-Nov-18,Non-PFI Oprtng Lease-Bldgs-Lease Rent,RECHARGES NHS PROPERTY SERVICES LTD,NHS PROPERTY SERVICES LTD,24868928,"(53,968.33)",156725100,H104168,2019,NOV-18
Department of Health,NHS Hammersmith And Fulham CCG,30-Nov-18,Non-PFI Oprtng Lease-Bldgs-Lease Rent,RECHARGES NHS PROPERTY SERVICES LTD,NHS PROPERTY SERVICES LTD,24868930,"(53,968.33)",156725100,H104148,2019,NOV-18
Department of Health,NHS Hammersmith And Fulham CCG,30-Nov-18,Non-PFI Oprtng Lease-Bldgs-Lease Rent,RECHARGES NHS PROPERTY SERVICES LTD,NHS PROPERTY SERVICES LTD,24868931,"(108,053.85)",156725100,H117970,2019,NOV-18
Department of Health,NHS Hammersmith And Fulham CCG,30-Nov-18,Non-PFI Oprtng Lease-Bldgs-Lease Rent,RECHARGES NHS PROPERTY SERVICES LTD,NHS PROPERTY SERVICES LTD,24868933,"(66,075.21)",156725100,H117966,2019,NOV-18
Department of Health,NHS Hammersmith And Fulham CCG,30-Nov-18,Non-PFI Oprtng Lease-Bldgs-Lease Rent,RECHARGES NHS PROPERTY SERVICES LTD,NHS PROPERTY SERVICES LTD,24868934,"(66,075.21)",156725100,H117967,2019,NOV-18
Department of Health,NHS Hammersmith And Fulham CCG,30-Nov-18,Non-PFI Oprtng Lease-Bldgs-Lease Rent,RECHARGES NHS PROPERTY SERVICES LTD,NHS PROPERTY SERVICES LTD,24868935,"(108,053.85)",156725100,H117971,2019,NOV-18
Department of Health,NHS Hammersmith And Fulham CCG,30-Nov-18,Hcare Srv Rec Fdtn Trust-Contract Baseline,ACUTE COMMISSIONING,HILLINGDON HOSPITALS NHS FOUNDATION TRUST,24872839,"68,846.58 ",654925117,N0100964,2019,NOV-18
Department of Health,NHS Hammersmith And Fulham CCG,30-Nov-18,Cont Care- Palliative Care,CHC ADULT FULLY FUNDED,GANYMEDE CARE PLC,24885398,"4,459.57 ",,DSHF1018,2019,NOV-18
Department of Health,NHS Hammersmith And Fulham CCG,30-Nov-18,Cont Care-Mental Health (65+),CHC ADULT FULLY FUNDED,GANYMEDE CARE PLC,24885398,"4,249.21 ",,DSHF1018,2019,NOV-18
Department of Health,NHS Hammersmith And Fulham CCG,30-Nov-18,Cont Care-Physical Disab (65+),CHC ADULT FULLY FUNDED,GANYMEDE CARE PLC,24885398,"39,920.76 ",,DSHF1018,2019,NOV-18
Department of Health,NHS Hammersmith And Fulham CCG,30-Nov-18,Cont Care-Physical Disab (<65),CHC ADULT FULLY FUNDED,GANYMEDE CARE PLC,24885398,"18,717.35 ",,DSHF1018,2019,NOV-18
Department of Health,NHS Hammersmith And Fulham CCG,30-Nov-18,Hcare Srv Rec Fdtn Trust-Contract Baseline,ACUTE COMMISSIONING,UNIVERSITY COLLEGE LONDON HOSPITALS NHS FOUNDATION TRUST,24893090,"151,654.00 ",654948687,5010185933,2019,NOV-18
Department of Health,NHS Hammersmith And Fulham CCG,30-Nov-18,Hcare Srv Rec Fdtn Trust-Contract Baseline,ACUTE COMMISSIONING,KING`S COLLEGE HOSPITAL NHS FOUNDATION TRUST,24893091,"38,687.00 ",654926800,00265021,2019,NOV-18
Department of Health,NHS Hammersmith And Fulham CCG,30-Nov-18,Hcare Srv Rec Fdtn Trust-Contract Baseline,ACUTE COMMISSIONING,GUYS & ST THOMAS HOSPITAL NHS FOUNDATION TRUST,24893092,"125,894.92 ",654923417,3251792,2019,NOV-18
Department of Health,NHS Hammersmith And Fulham CCG,30-Nov-18,Hcare Srv Rec Fdtn Trust-Contract Baseline,ACUTE COMMISSIONING,CHELSEA AND WESTMINSTER HOSPITAL NHS FOUNDATION TRUST,24922588,"3,187,516.04 ",654915415,N0027470,2019,NOV-18
Department of Health,NHS Hammersmith And Fulham CCG,30-Nov-18,Non-PFI Oprtng Lease-Bldgs-Lease Rent,RECHARGES NHS PROPERTY SERVICES LTD,NHS PROPERTY SERVICES LTD,24935045,"108,053.85 ",156725100,H42501,2019,NOV-18
Department of Health,NHS Hammersmith And Fulham CCG,30-Nov-18,Clinical&Medical-Serv Recd-CCGs,PRIMARY CARE IT,NHS BRENT CCG,24935065,"26,802.00 ",654451142,7022602487,2019,NOV-18
Department of Health,NHS Hammersmith And Fulham CCG,30-Nov-18,Clinical&Medical-Serv Recd-CCGs,PROGRAMME PROJECTS,NHS BRENT CCG,24935065,"26,856.00 ",654451142,7022602487,2019,NOV-18
Department of Health,NHS Hammersmith And Fulham CCG,30-Nov-18,Clinical&Medical-Serv Recd-CCGs,RECHARGES,NHS BRENT CCG,24935065,"17,600.00 ",654451142,7022602487,2019,NOV-18
Department of Health,NHS Hammersmith And Fulham CCG,30-Nov-18,Hcare Srv Rec NHS Trust-Contract Baseline,ACUTE COMMISSIONING,BARTS HEALTH NHS TRUST,24941641,"62,338.88 ",654947005,356985,2019,NOV-18
Department of Health,NHS Hammersmith And Fulham CCG,30-Nov-18,Hcare Srv Rec Fdtn Trust-Contract Baseline,ACUTE COMMISSIONING,KINGSTON HOSPITAL NHS FOUNDATION TRUST,24941650,"27,568.00 ",654927209,1400018800,2019,NOV-18
Department of Health,NHS Hammersmith And Fulham CCG,30-Nov-18,Hcare Srv Rec NHS Trust-Contract Baseline,COMMUNITY SERVICES,CENTRAL LONDON COMMUNITY HEALTHCARE NHS TRUST,24941652,"1,219,022.77 ",654440485,1000012794,2019,NOV-18
Department of Health,NHS Hammersmith And Fulham CCG,30-Nov-18,Hcare Srv Rec NHS Trust-Contract Baseline,ACUTE COMMISSIONING,IMPERIAL COLLEGE HEALTHCARE NHS TRUST,24961335,"7,022,151.00 ",654945990,H0167172,2019,NOV-18
Department of Health,NHS Hammersmith And Fulham CCG,30-Nov-18,Hcare Srv Rec NHS Trust-Prior Year,COMMUNITY SERVICES,LONDON NORTH WEST HEALTHCARE NHS TRUST,24966586,"36,137.50 ",654463720,A0042504,2019,NOV-18
Department of Health,NHS Hammersmith And Fulham CCG,30-Nov-18,Hcare Srv Rec NHS Trust-Prior Year,COMMUNITY SERVICES,LONDON NORTH WEST HEALTHCARE NHS TRUST,24966598,"38,911.38 ",654463720,A0043742,2019,NOV-18
,,,,,,,,,,,
,,,,,,,,,,,
,,,,,,,,,,,
,,,,,,,,,,,
,,,,,,,,,,,
,,,,,,,,,,,
,,,,,,,,,,,
,,,,,,,,,,,
,,,,,,,,,,,
,,,,,,,,,,,
,,,,,,,,,,,
,,,,,,,,,,,
,,,,,,,,,,,
,,,,,,,,,,,
,,,,,,,,,,,
,,,,,,,,,,,
,,,,,,,,,,,
,,,,,,,,,,,
,,,,,,,,,,,
,,,,,,,,,,,
,,,,,,,,,,,
,,,,,,,,,,,
,,,,,,,,,,,
,,,,,,,,,,,
,,,,,,,,,,,
,,,,,,,,,,,
,,,,,,,,,,,
,,,,,,,,,,,
,,,,,,,,,,,
,,,,,,,,,,,
,,,,,,,,,,,
,,,,,,,,,,,
,,,,,,,,,,,
,,,,,,,,,,,
,,,,,,,,,,,
,,,,,,,,,,,
,,,,,,,,,,,
,,,,,,,,,,,
,,,,,,,,,,,
,,,,,,,,,,,
,,,,,,,,,,,
,,,,,,,,,,,
,,,,,,,,,,,
,,,,,,,,,,,
,,,,,,,,,,,
,,,,,,,,,,,
,,,,,,,,,,,
,,,,,,,,,,,
,,,,,,,,,,,
,,,,,,,,,,,
,,,,,,,,,,,
,,,,,,,,,,,
,,,,,,,,,,,
,,,,,,,,,,,
,,,,,,,,,,,
,,,,,,,,,,,
,,,,,,,,,,,
,,,,,,,,,,,
,,,,,,,,,,,
,,,,,,,,,,,
,,,,,,,,,,,
,,,,,,,,,,,
,,,,,,,,,,,
,,,,,,,,,,,
,,,,,,,,,,,
,,,,,,,,,,,
,,,,,,,,,,,
,,,,,,,,,,,
,,,,,,,,,,,
,,,,,,,,,,,
,,,,,,,,,,,
,,,,,,,,,,,
,,,,,,,,,,,
,,,,,,,,,,,
,,,,,,,,,,,
,,,,,,,,,,,
,,,,,,,,,,,
,,,,,,,,,,,
,,,,,,,,,,,
,,,,,,,,,,,
,,,,,,,,,,,
,,,,,,,,,,,
,,,,,,,,,,,
,,,,,,,,,,,
,,,,,,,,,,,
,,,,,,,,,,,
,,,,,,,,,,,
,,,,,,,,,,,
,,,,,,,,,,,
,,,,,,,,,,,
,,,,,,,,,,,
,,,,,,,,,,,
,,,,,,,,,,,
,,,,,,,,,,,
,,,,,,,,,,,
,,,,,,,,,,,
,,,,,,,,,,,
,,,,,,,,,,,
,,,,,,,,,,,
,,,,,,,,,,,
,,,,,,,,,,,
,,,,,,,,,,,
,,,,,,,,,,,
,,,,,,,,,,,
,,,,,,,,,,,
,,,,,,,,,,,
,,,,,,,,,,,
,,,,,,,,,,,
,,,,,,,,,,,
,,,,,,,,,,,
,,,,,,,,,,,
,,,,,,,,,,,
,,,,,,,,,,,
,,,,,,,,,,,
,,,,,,,,,,,
,,,,,,,,,,,
,,,,,,,,,,,
,,,,,,,,,,,
,,,,,,,,,,,
,,,,,,,,,,,
,,,,,,,,,,,
,,,,,,,,,,,
,,,,,,,,,,,
,,,,,,,,,,,
,,,,,,,,,,,
,,,,,,,,,,,
,,,,,,,,,,,
,,,,,,,,,,,
,,,,,,,,,,,
,,,,,,,,,,,
,,,,,,,,,,,
,,,,,,,,,,,
,,,,,,,,,,,
,,,,,,,,,,,
,,,,,,,,,,,
,,,,,,,,,,,
,,,,,,,,,,,
,,,,,,,,,,,
,,,,,,,,,,,
,,,,,,,,,,,
,,,,,,,,,,,
,,,,,,,,,,,
,,,,,,,,,,,
,,,,,,,,,,,
,,,,,,,,,,,
,,,,,,,,,,,
,,,,,,,,,,,
,,,,,,,,,,,
,,,,,,,,,,,
,,,,,,,,,,,
,,,,,,,,,,,
,,,,,,,,,,,
,,,,,,,,,,,
,,,,,,,,,,,
,,,,,,,,,,,
,,,,,,,,,,,
,,,,,,,,,,,
,,,,,,,,,,,
,,,,,,,,,,,
,,,,,,,,,,,
,,,,,,,,,,,
,,,,,,,,,,,
,,,,,,,,,,,
,,,,,,,,,,,
,,,,,,,,,,,
,,,,,,,,,,,
,,,,,,,,,,,
,,,,,,,,,,,
,,,,,,,,,,,
,,,,,,,,,,,
,,,,,,,,,,,
,,,,,,,,,,,
,,,,,,,,,,,
,,,,,,,,,,,
,,,,,,,,,,,
,,,,,,,,,,,
,,,,,,,,,,,
,,,,,,,,,,,
,,,,,,,,,,,
,,,,,,,,,,,
,,,,,,,,,,,
,,,,,,,,,,,
,,,,,,,,,,,
,,,,,,,,,,,
,,,,,,,,,,,
,,,,,,,,,,,
,,,,,,,,,,,
,,,,,,,,,,,
,,,,,,,,,,,
,,,,,,,,,,,
,,,,,,,,,,,
,,,,,,,,,,,
,,,,,,,,,,,
,,,,,,,,,,,
,,,,,,,,,,,
,,,,,,,,,,,
,,,,,,,,,,,
,,,,,,,,,,,
,,,,,,,,,,,
,,,,,,,,,,,
,,,,,,,,,,,
,,,,,,,,,,,
,,,,,,,,,,,
,,,,,,,,,,,
,,,,,,,,,,,
,,,,,,,,,,,
,,,,,,,,,,,
,,,,,,,,,,,
,,,,,,,,,,,
,,,,,,,,,,,
,,,,,,,,,,,
,,,,,,,,,,,
,,,,,,,,,,,
,,,,,,,,,,,
,,,,,,,,,,,
,,,,,,,,,,,
,,,,,,,,,,,
,,,,,,,,,,,
,,,,,,,,,,,
,,,,,,,,,,,
,,,,,,,,,,,
,,,,,,,,,,,
,,,,,,,,,,,
,,,,,,,,,,,
,,,,,,,,,,,
,,,,,,,,,,,
,,,,,,,,,,,
,,,,,,,,,,,
,,,,,,,,,,,
,,,,,,,,,,,
,,,,,,,,,,,
,,,,,,,,,,,
,,,,,,,,,,,
,,,,,,,,,,,
,,,,,,,,,,,
,,,,,,,,,,,
,,,,,,,,,,,
,,,,,,,,,,,
,,,,,,,,,,,
,,,,,,,,,,,
,,,,,,,,,,,
,,,,,,,,,,,
,,,,,,,,,,,
,,,,,,,,,,,
,,,,,,,,,,,
,,,,,,,,,,,
,,,,,,,,,,,
,,,,,,,,,,,
,,,,,,,,,,,
,,,,,,,,,,,
,,,,,,,,,,,
,,,,,,,,,,,
,,,,,,,,,,,
,,,,,,,,,,,
,,,,,,,,,,,
,,,,,,,,,,,
,,,,,,,,,,,
,,,,,,,,,,,
,,,,,,,,,,,
,,,,,,,,,,,
,,,,,,,,,,,
,,,,,,,,,,,
,,,,,,,,,,,
,,,,,,,,,,,
,,,,,,,,,,,
,,,,,,,,,,,
,,,,,,,,,,,
,,,,,,,,,,,
,,,,,,,,,,,
,,,,,,,,,,,
,,,,,,,,,,,
,,,,,,,,,,,
,,,,,,,,,,,
,,,,,,,,,,,
,,,,,,,,,,,
,,,,,,,,,,,
,,,,,,,,,,,
,,,,,,,,,,,
,,,,,,,,,,,
,,,,,,,,,,,
,,,,,,,,,,,
,,,,,,,,,,,
,,,,,,,,,,,
,,,,,,,,,,,
,,,,,,,,,,,
,,,,,,,,,,,
,,,,,,,,,,,
,,,,,,,,,,,
,,,,,,,,,,,
,,,,,,,,,,,
,,,,,,,,,,,
,,,,,,,,,,,
,,,,,,,,,,,
,,,,,,,,,,,
,,,,,,,,,,,
,,,,,,,,,,,
,,,,,,,,,,,
,,,,,,,,,,,
,,,,,,,,,,,
,,,,,,,,,,,
,,,,,,,,,,,
,,,,,,,,,,,
,,,,,,,,,,,
,,,,,,,,,,,
,,,,,,,,,,,
,,,,,,,,,,,
,,,,,,,,,,,
,,,,,,,,,,,
,,,,,,,,,,,
,,,,,,,,,,,
,,,,,,,,,,,
,,,,,,,,,,,
,,,,,,,,,,,
,,,,,,,,,,,
,,,,,,,,,,,
,,,,,,,,,,,
,,,,,,,,,,,
,,,,,,,,,,,
,,,,,,,,,,,
,,,,,,,,,,,
,,,,,,,,,,,
,,,,,,,,,,,
,,,,,,,,,,,
,,,,,,,,,,,
,,,,,,,,,,,
,,,,,,,,,,,
,,,,,,,,,,,
,,,,,,,,,,,
,,,,,,,,,,,
,,,,,,,,,,,
,,,,,,,,,,,
,,,,,,,,,,,
,,,,,,,,,,,
,,,,,,,,,,,
,,,,,,,,,,,
,,,,,,,,,,,
,,,,,,,,,,,
,,,,,,,,,,,
,,,,,,,,,,,
,,,,,,,,,,,
,,,,,,,,,,,
,,,,,,,,,,,
,,,,,,,,,,,
,,,,,,,,,,,
,,,,,,,,,,,
,,,,,,,,,,,
,,,,,,,,,,,
,,,,,,,,,,,
,,,,,,,,,,,
,,,,,,,,,,,
,,,,,,,,,,,
,,,,,,,,,,,
,,,,,,,,,,,
,,,,,,,,,,,
,,,,,,,,,,,
,,,,,,,,,,,
,,,,,,,,,,,
,,,,,,,,,,,
,,,,,,,,,,,
,,,,,,,,,,,
,,,,,,,,,,,
,,,,,,,,,,,
,,,,,,,,,,,
,,,,,,,,,,,
,,,,,,,,,,,
,,,,,,,,,,,
,,,,,,,,,,,
,,,,,,,,,,,
,,,,,,,,,,,
,,,,,,,,,,,
,,,,,,,,,,,
,,,,,,,,,,,
,,,,,,,,,,,
,,,,,,,,,,,
,,,,,,,,,,,
,,,,,,,,,,,
,,,,,,,,,,,
,,,,,,,,,,,
,,,,,,,,,,,
,,,,,,,,,,,
,,,,,,,,,,,
,,,,,,,,,,,
,,,,,,,,,,,
,,,,,,,,,,,
,,,,,,,,,,,
,,,,,,,,,,,
,,,,,,,,,,,
,,,,,,,,,,,
,,,,,,,,,,,
,,,,,,,,,,,
,,,,,,,,,,,
,,,,,,,,,,,
,,,,,,,,,,,
,,,,,,,,,,,
,,,,,,,,,,,
,,,,,,,,,,,
,,,,,,,,,,,
,,,,,,,,,,,
,,,,,,,,,,,
,,,,,,,,,,,
,,,,,,,,,,,
,,,,,,,,,,,
,,,,,,,,,,,
,,,,,,,,,,,
,,,,,,,,,,,
,,,,,,,,,,,
,,,,,,,,,,,
,,,,,,,,,,,
,,,,,,,,,,,
,,,,,,,,,,,
,,,,,,,,,,,
,,,,,,,,,,,
,,,,,,,,,,,
,,,,,,,,,,,
,,,,,,,,,,,
,,,,,,,,,,,
,,,,,,,,,,,
,,,,,,,,,,,
,,,,,,,,,,,
,,,,,,,,,,,
,,,,,,,,,,,
,,,,,,,,,,,
,,,,,,,,,,,
,,,,,,,,,,,
,,,,,,,,,,,
,,,,,,,,,,,
,,,,,,,,,,,
,,,,,,,,,,,
,,,,,,,,,,,
,,,,,,,,,,,
,,,,,,,,,,,
,,,,,,,,,,,
,,,,,,,,,,,
,,,,,,,,,,,
,,,,,,,,,,,
,,,,,,,,,,,
,,,,,,,,,,,
,,,,,,,,,,,
,,,,,,,,,,,
,,,,,,,,,,,
,,,,,,,,,,,
,,,,,,,,,,,
,,,,,,,,,,,
,,,,,,,,,,,
,,,,,,,,,,,
,,,,,,,,,,,
,,,,,,,,,,,
,,,,,,,,,,,
,,,,,,,,,,,
,,,,,,,,,,,
,,,,,,,,,,,
,,,,,,,,,,,
,,,,,,,,,,,
,,,,,,,,,,,
,,,,,,,,,,,
,,,,,,,,,,,
,,,,,,,,,,,
,,,,,,,,,,,
,,,,,,,,,,,
,,,,,,,,,,,
,,,,,,,,,,,
,,,,,,,,,,,
,,,,,,,,,,,
,,,,,,,,,,,
,,,,,,,,,,,
,,,,,,,,,,,
,,,,,,,,,,,
,,,,,,,,,,,
,,,,,,,,,,,
,,,,,,,,,,,
,,,,,,,,,,,
,,,,,,,,,,,
,,,,,,,,,,,
,,,,,,,,,,,
,,,,,,,,,,,
,,,,,,,,,,,
,,,,,,,,,,,
,,,,,,,,,,,
,,,,,,,,,,,
,,,,,,,,,,,
,,,,,,,,,,,
,,,,,,,,,,,
,,,,,,,,,,,
,,,,,,,,,,,
,,,,,,,,,,,
,,,,,,,,,,,
,,,,,,,,,,,
,,,,,,,,,,,
,,,,,,,,,,,
,,,,,,,,,,,
,,,,,,,,,,,
,,,,,,,,,,,
,,,,,,,,,,,
,,,,,,,,,,,
,,,,,,,,,,,
,,,,,,,,,,,
,,,,,,,,,,,
,,,,,,,,,,,
,,,,,,,,,,,
,,,,,,,,,,,
,,,,,,,,,,,
,,,,,,,,,,,
,,,,,,,,,,,
,,,,,,,,,,,
,,,,,,,,,,,
,,,,,,,,,,,
,,,,,,,,,,,
,,,,,,,,,,,
,,,,,,,,,,,
,,,,,,,,,,,
,,,,,,,,,,,
,,,,,,,,,,,
,,,,,,,,,,,
,,,,,,,,,,,
,,,,,,,,,,,
,,,,,,,,,,,
,,,,,,,,,,,
,,,,,,,,,,,
,,,,,,,,,,,
,,,,,,,,,,,
,,,,,,,,,,,
,,,,,,,,,,,
,,,,,,,,,,,
,,,,,,,,,,,
,,,,,,,,,,,
,,,,,,,,,,,
,,,,,,,,,,,
,,,,,,,,,,,
,,,,,,,,,,,
,,,,,,,,,,,
,,,,,,,,,,,
,,,,,,,,,,,
,,,,,,,,,,,
,,,,,,,,,,,
,,,,,,,,,,,
,,,,,,,,,,,
,,,,,,,,,,,
,,,,,,,,,,,
,,,,,,,,,,,
,,,,,,,,,,,
,,,,,,,,,,,
,,,,,,,,,,,
,,,,,,,,,,,
,,,,,,,,,,,
,,,,,,,,,,,
,,,,,,,,,,,
,,,,,,,,,,,
,,,,,,,,,,,
,,,,,,,,,,,
,,,,,,,,,,,
,,,,,,,,,,,
,,,,,,,,,,,
,,,,,,,,,,,
,,,,,,,,,,,
,,,,,,,,,,,
,,,,,,,,,,,
,,,,,,,,,,,
,,,,,,,,,,,
,,,,,,,,,,,
,,,,,,,,,,,
,,,,,,,,,,,
,,,,,,,,,,,
,,,,,,,,,,,
,,,,,,,,,,,
,,,,,,,,,,,
,,,,,,,,,,,
,,,,,,,,,,,
,,,,,,,,,,,
,,,,,,,,,,,
,,,,,,,,,,,
,,,,,,,,,,,
,,,,,,,,,,,
,,,,,,,,,,,
,,,,,,,,,,,
,,,,,,,,,,,
,,,,,,,,,,,
,,,,,,,,,,,
,,,,,,,,,,,
,,,,,,,,,,,
,,,,,,,,,,,
,,,,,,,,,,,
,,,,,,,,,,,
,,,,,,,,,,,
,,,,,,,,,,,
,,,,,,,,,,,
,,,,,,,,,,,
,,,,,,,,,,,
,,,,,,,,,,,
,,,,,,,,,,,
,,,,,,,,,,,
,,,,,,,,,,,
,,,,,,,,,,,
,,,,,,,,,,,
,,,,,,,,,,,
,,,,,,,,,,,
,,,,,,,,,,,
,,,,,,,,,,,
,,,,,,,,,,,
,,,,,,,,,,,
,,,,,,,,,,,
,,,,,,,,,,,
,,,,,,,,,,,
,,,,,,,,,,,
,,,,,,,,,,,
,,,,,,,,,,,
,,,,,,,,,,,
,,,,,,,,,,,
,,,,,,,,,,,
,,,,,,,,,,,
,,,,,,,,,,,
,,,,,,,,,,,
,,,,,,,,,,,
,,,,,,,,,,,
,,,,,,,,,,,
,,,,,,,,,,,
,,,,,,,,,,,
,,,,,,,,,,,
,,,,,,,,,,,
,,,,,,,,,,,
,,,,,,,,,,,
,,,,,,,,,,,
,,,,,,,,,,,
,,,,,,,,,,,
,,,,,,,,,,,
,,,,,,,,,,,
,,,,,,,,,,,
,,,,,,,,,,,
,,,,,,,,,,,
,,,,,,,,,,,
,,,,,,,,,,,
,,,,,,,,,,,
,,,,,,,,,,,
,,,,,,,,,,,
,,,,,,,,,,,
,,,,,,,,,,,
,,,,,,,,,,,
,,,,,,,,,,,
,,,,,,,,,,,
,,,,,,,,,,,
,,,,,,,,,,,
,,,,,,,,,,,
,,,,,,,,,,,
,,,,,,,,,,,
,,,,,,,,,,,
,,,,,,,,,,,
,,,,,,,,,,,
,,,,,,,,,,,
,,,,,,,,,,,
,,,,,,,,,,,
,,,,,,,,,,,
,,,,,,,,,,,
,,,,,,,,,,,
,,,,,,,,,,,
,,,,,,,,,,,
,,,,,,,,,,,
,,,,,,,,,,,
,,,,,,,,,,,
,,,,,,,,,,,
,,,,,,,,,,,
,,,,,,,,,,,
,,,,,,,,,,,
,,,,,,,,,,,
,,,,,,,,,,,
,,,,,,,,,,,
,,,,,,,,,,,
,,,,,,,,,,,
,,,,,,,,,,,
,,,,,,,,,,,
,,,,,,,,,,,
,,,,,,,,,,,
,,,,,,,,,,,
,,,,,,,,,,,
,,,,,,,,,,,
,,,,,,,,,,,
,,,,,,,,,,,
,,,,,,,,,,,
,,,,,,,,,,,
,,,,,,,,,,,
,,,,,,,,,,,
,,,,,,,,,,,
,,,,,,,,,,,
,,,,,,,,,,,
,,,,,,,,,,,
,,,,,,,,,,,
,,,,,,,,,,,
,,,,,,,,,,,
,,,,,,,,,,,
,,,,,,,,,,,
,,,,,,,,,,,
,,,,,,,,,,,
,,,,,,,,,,,
,,,,,,,,,,,
,,,,,,,,,,,
,,,,,,,,,,,
,,,,,,,,,,,
,,,,,,,,,,,
,,,,,,,,,,,
,,,,,,,,,,,
,,,,,,,,,,,
,,,,,,,,,,,
,,,,,,,,,,,
,,,,,,,,,,,
,,,,,,,,,,,
,,,,,,,,,,,
,,,,,,,,,,,
,,,,,,,,,,,
,,,,,,,,,,,
,,,,,,,,,,,
,,,,,,,,,,,
,,,,,,,,,,,
,,,,,,,,,,,
,,,,,,,,,,,
,,,,,,,,,,,
,,,,,,,,,,,
,,,,,,,,,,,
,,,,,,,,,,,
,,,,,,,,,,,
,,,,,,,,,,,
,,,,,,,,,,,
,,,,,,,,,,,
,,,,,,,,,,,
,,,,,,,,,,,
,,,,,,,,,,,
,,,,,,,,,,,
,,,,,,,,,,,
,,,,,,,,,,,
,,,,,,,,,,,
,,,,,,,,,,,
,,,,,,,,,,,
,,,,,,,,,,,
,,,,,,,,,,,
,,,,,,,,,,,
,,,,,,,,,,,
,,,,,,,,,,,
,,,,,,,,,,,
,,,,,,,,,,,
,,,,,,,,,,,
,,,,,,,,,,,
,,,,,,,,,,,
,,,,,,,,,,,
,,,,,,,,,,,
,,,,,,,,,,,
,,,,,,,,,,,
,,,,,,,,,,,
,,,,,,,,,,,
,,,,,,,,,,,
,,,,,,,,,,,
,,,,,,,,,,,
,,,,,,,,,,,
,,,,,,,,,,,
,,,,,,,,,,,
,,,,,,,,,,,
,,,,,,,,,,,
,,,,,,,,,,,
,,,,,,,,,,,
,,,,,,,,,,,
,,,,,,,,,,,
,,,,,,,,,,,
,,,,,,,,,,,
,,,,,,,,,,,
,,,,,,,,,,,
,,,,,,,,,,,
,,,,,,,,,,,
,,,,,,,,,,,
,,,,,,,,,,,
,,,,,,,,,,,
,,,,,,,,,,,
,,,,,,,,,,,
,,,,,,,,,,,
,,,,,,,,,,,
,,,,,,,,,,,
,,,,,,,,,,,
,,,,,,,,,,,
,,,,,,,,,,,
,,,,,,,,,,,
,,,,,,,,,,,
,,,,,,,,,,,
,,,,,,,,,,,
,,,,,,,,,,,
,,,,,,,,,,,
,,,,,,,,,,,
,,,,,,,,,,,
,,,,,,,,,,,
,,,,,,,,,,,
,,,,,,,,,,,
,,,,,,,,,,,
,,,,,,,,,,,
,,,,,,,,,,,
,,,,,,,,,,,
,,,,,,,,,,,
,,,,,,,,,,,
,,,,,,,,,,,
,,,,,,,,,,,
,,,,,,,,,,,
,,,,,,,,,,,
,,,,,,,,,,,
,,,,,,,,,,,
,,,,,,,,,,,
,,,,,,,,,,,
,,,,,,,,,,,
,,,,,,,,,,,
,,,,,,,,,,,
,,,,,,,,,,,
,,,,,,,,,,,
,,,,,,,,,,,
,,,,,,,,,,,
,,,,,,,,,,,
,,,,,,,,,,,
,,,,,,,,,,,
,,,,,,,,,,,
,,,,,,,,,,,
,,,,,,,,,,,
,,,,,,,,,,,
,,,,,,,,,,,
,,,,,,,,,,,
,,,,,,,,,,,
,,,,,,,,,,,
,,,,,,,,,,,
,,,,,,,,,,,
,,,,,,,,,,,
,,,,,,,,,,,
,,,,,,,,,,,
,,,,,,,,,,,
,,,,,,,,,,,
,,,,,,,,,,,
,,,,,,,,,,,
,,,,,,,,,,,
,,,,,,,,,,,
,,,,,,,,,,,
,,,,,,,,,,,
,,,,,,,,,,,
,,,,,,,,,,,
,,,,,,,,,,,
,,,,,,,,,,,
,,,,,,,,,,,
,,,,,,,,,,,
,,,,,,,,,,,
,,,,,,,,,,,
,,,,,,,,,,,
,,,,,,,,,,,
,,,,,,,,,,,
,,,,,,,,,,,
,,,,,,,,,,,
,,,,,,,,,,,
,,,,,,,,,,,
,,,,,,,,,,,
,,,,,,,,,,,
,,,,,,,,,,,
,,,,,,,,,,,
,,,,,,,,,,,
,,,,,,,,,,,
,,,,,,,,,,,
,,,,,,,,,,,
,,,,,,,,,,,
,,,,,,,,,,,
,,,,,,,,,,,
,,,,,,,,,,,
,,,,,,,,,,,
,,,,,,,,,,,
,,,,,,,,,,,
,,,,,,,,,,,
,,,,,,,,,,,
,,,,,,,,,,,
,,,,,,,,,,,
,,,,,,,,,,,
,,,,,,,,,,,
,,,,,,,,,,,
,,,,,,,,,,,
,,,,,,,,,,,
,,,,,,,,,,,
,,,,,,,,,,,
,,,,,,,,,,,
,,,,,,,,,,,
,,,,,,,,,,,
,,,,,,,,,,,
,,,,,,,,,,,
,,,,,,,,,,,
,,,,,,,,,,,
,,,,,,,,,,,
,,,,,,,,,,,
,,,,,,,,,,,
,,,,,,,,,,,
,,,,,,,,,,,
,,,,,,,,,,,
,,,,,,,,,,,
,,,,,,,,,,,
,,,,,,,,,,,
,,,,,,,,,,,
,,,,,,,,,,,
,,,,,,,,,,,
,,,,,,,,,,,
,,,,,,,,,,,
,,,,,,,,,,,
,,,,,,,,,,,
,,,,,,,,,,,
,,,,,,,,,,,
,,,,,,,,,,,
,,,,,,,,,,,
,,,,,,,,,,,
,,,,,,,,,,,
,,,,,,,,,,,
,,,,,,,,,,,
,,,,,,,,,,,
,,,,,,,,,,,
,,,,,,,,,,,
,,,,,,,,,,,
,,,,,,,,,,,
,,,,,,,,,,,
,,,,,,,,,,,
,,,,,,,,,,,
,,,,,,,,,,,
,,,,,,,,,,,
,,,,,,,,,,,
,,,,,,,,,,,
,,,,,,,,,,,
,,,,,,,,,,,
,,,,,,,,,,,
,,,,,,,,,,,
,,,,,,,,,,,
,,,,,,,,,,,
,,,,,,,,,,,
,,,,,,,,,,,
,,,,,,,,,,,
,,,,,,,,,,,
,,,,,,,,,,,
,,,,,,,,,,,
,,,,,,,,,,,
,,,,,,,,,,,
,,,,,,,,,,,
,,,,,,,,,,,
,,,,,,,,,,,
,,,,,,,,,,,
,,,,,,,,,,,
,,,,,,,,,,,
,,,,,,,,,,,
,,,,,,,,,,,
,,,,,,,,,,,
,,,,,,,,,,,
,,,,,,,,,,,
,,,,,,,,,,,
,,,,,,,,,,,
,,,,,,,,,,,
,,,,,,,,,,,
,,,,,,,,,,,
,,,,,,,,,,,
,,,,,,,,,,,
,,,,,,,,,,,
,,,,,,,,,,,
,,,,,,,,,,,
,,,,,,,,,,,
,,,,,,,,,,,
,,,,,,,,,,,
,,,,,,,,,,,
,,,,,,,,,,,
,,,,,,,,,,,
,,,,,,,,,,,
,,,,,,,,,,,
,,,,,,,,,,,
,,,,,,,,,,,
,,,,,,,,,,,
,,,,,,,,,,,
,,,,,,,,,,,
,,,,,,,,,,,
,,,,,,,,,,,
,,,,,,,,,,,
,,,,,,,,,,,
,,,,,,,,,,,
,,,,,,,,,,,
,,,,,,,,,,,
,,,,,,,,,,,
,,,,,,,,,,,
,,,,,,,,,,,
,,,,,,,,,,,
,,,,,,,,,,,
,,,,,,,,,,,
,,,,,,,,,,,
,,,,,,,,,,,
,,,,,,,,,,,
,,,,,,,,,,,
,,,,,,,,,,,
,,,,,,,,,,,
,,,,,,,,,,,
,,,,,,,,,,,
,,,,,,,,,,,
,,,,,,,,,,,
,,,,,,,,,,,
,,,,,,,,,,,
,,,,,,,,,,,
,,,,,,,,,,,
,,,,,,,,,,,
,,,,,,,,,,,
,,,,,,,,,,,
,,,,,,,,,,,
,,,,,,,,,,,
,,,,,,,,,,,
,,,,,,,,,,,
,,,,,,,,,,,
,,,,,,,,,,,
,,,,,,,,,,,
,,,,,,,,,,,
,,,,,,,,,,,
,,,,,,,,,,,
,,,,,,,,,,,
,,,,,,,,,,,
,,,,,,,,,,,
,,,,,,,,,,,
,,,,,,,,,,,
,,,,,,,,,,,
,,,,,,,,,,,
,,,,,,,,,,,
,,,,,,,,,,,
,,,,,,,,,,,
,,,,,,,,,,,
,,,,,,,,,,,
,,,,,,,,,,,
,,,,,,,,,,,
,,,,,,,,,,,
,,,,,,,,,,,
,,,,,,,,,,,
,,,,,,,,,,,
,,,,,,,,,,,
,,,,,,,,,,,
,,,,,,,,,,,
,,,,,,,,,,,
,,,,,,,,,,,
,,,,,,,,,,,
,,,,,,,,,,,
,,,,,,,,,,,
,,,,,,,,,,,
,,,,,,,,,,,
,,,,,,,,,,,
,,,,,,,,,,,
,,,,,,,,,,,
,,,,,,,,,,,
,,,,,,,,,,,
,,,,,,,,,,,
,,,,,,,,,,,
,,,,,,,,,,,
,,,,,,,,,,,
,,,,,,,,,,,
,,,,,,,,,,,
,,,,,,,,,,,
,,,,,,,,,,,
,,,,,,,,,,,
,,,,,,,,,,,
,,,,,,,,,,,
,,,,,,,,,,,
,,,,,,,,,,,
,,,,,,,,,,,
,,,,,,,,,,,
,,,,,,,,,,,
,,,,,,,,,,,
,,,,,,,,,,,
,,,,,,,,,,,
,,,,,,,,,,,
,,,,,,,,,,,
,,,,,,,,,,,
,,,,,,,,,,,
,,,,,,,,,,,
,,,,,,,,,,,
,,,,,,,,,,,
,,,,,,,,,,,
,,,,,,,,,,,
,,,,,,,,,,,
,,,,,,,,,,,
,,,,,,,,,,,
,,,,,,,,,,,
,,,,,,,,,,,
,,,,,,,,,,,
,,,,,,,,,,,
,,,,,,,,,,,
,,,,,,,,,,,
,,,,,,,,,,,
,,,,,,,,,,,
,,,,,,,,,,,
,,,,,,,,,,,
,,,,,,,,,,,
,,,,,,,,,,,
,,,,,,,,,,,
,,,,,,,,,,,
,,,,,,,,,,,
,,,,,,,,,,,
,,,,,,,,,,,
,,,,,,,,,,,
,,,,,,,,,,,
,,,,,,,,,,,
,,,,,,,,,,,
,,,,,,,,,,,
,,,,,,,,,,,
,,,,,,,,,,,
,,,,,,,,,,,
,,,,,,,,,,,
,,,,,,,,,,,
,,,,,,,,,,,
,,,,,,,,,,,
,,,,,,,,,,,
,,,,,,,,,,,
,,,,,,,,,,,
,,,,,,,,,,,
,,,,,,,,,,,
,,,,,,,,,,,
,,,,,,,,,,,
,,,,,,,,,,,
,,,,,,,,,,,
,,,,,,,,,,,
,,,,,,,,,,,
,,,,,,,,,,,
,,,,,,,,,,,
,,,,,,,,,,,
,,,,,,,,,,,
,,,,,,,,,,,
,,,,,,,,,,,
,,,,,,,,,,,
,,,,,,,,,,,
,,,,,,,,,,,
,,,,,,,,,,,
,,,,,,,,,,,
,,,,,,,,,,,
,,,,,,,,,,,
,,,,,,,,,,,
,,,,,,,,,,,
,,,,,,,,,,,
,,,,,,,,,,,
,,,,,,,,,,,
,,,,,,,,,,,
,,,,,,,,,,,
,,,,,,,,,,,
,,,,,,,,,,,
,,,,,,,,,,,
,,,,,,,,,,,
,,,,,,,,,,,
,,,,,,,,,,,
,,,,,,,,,,,
,,,,,,,,,,,
,,,,,,,,,,,
,,,,,,,,,,,
,,,,,,,,,,,
,,,,,,,,,,,
,,,,,,,,,,,
,,,,,,,,,,,
,,,,,,,,,,,
,,,,,,,,,,,
,,,,,,,,,,,
,,,,,,,,,,,
,,,,,,,,,,,
,,,,,,,,,,,
,,,,,,,,,,,
,,,,,,,,,,,
,,,,,,,,,,,
,,,,,,,,,,,
,,,,,,,,,,,
,,,,,,,,,,,
,,,,,,,,,,,
,,,,,,,,,,,
,,,,,,,,,,,
,,,,,,,,,,,
,,,,,,,,,,,
,,,,,,,,,,,
,,,,,,,,,,,
,,,,,,,,,,,
,,,,,,,,,,,
,,,,,,,,,,,
,,,,,,,,,,,
,,,,,,,,,,,
,,,,,,,,,,,
,,,,,,,,,,,
,,,,,,,,,,,
,,,,,,,,,,,
,,,,,,,,,,,
,,,,,,,,,,,
,,,,,,,,,,,
,,,,,,,,,,,
,,,,,,,,,,,
,,,,,,,,,,,
,,,,,,,,,,,
,,,,,,,,,,,
,,,,,,,,,,,
,,,,,,,,,,,
,,,,,,,,,,,
,,,,,,,,,,,
,,,,,,,,,,,
,,,,,,,,,,,
,,,,,,,,,,,
,,,,,,,,,,,
,,,,,,,,,,,
,,,,,,,,,,,
,,,,,,,,,,,
,,,,,,,,,,,
,,,,,,,,,,,
,,,,,,,,,,,
,,,,,,,,,,,
,,,,,,,,,,,
,,,,,,,,,,,
,,,,,,,,,,,
,,,,,,,,,,,
,,,,,,,,,,,
,,,,,,,,,,,
,,,,,,,,,,,
,,,,,,,,,,,
,,,,,,,,,,,
,,,,,,,,,,,
,,,,,,,,,,,
,,,,,,,,,,,
,,,,,,,,,,,
,,,,,,,,,,,
,,,,,,,,,,,
,,,,,,,,,,,
,,,,,,,,,,,
,,,,,,,,,,,
,,,,,,,,,,,
,,,,,,,,,,,
,,,,,,,,,,,
,,,,,,,,,,,
,,,,,,,,,,,
,,,,,,,,,,,
,,,,,,,,,,,
,,,,,,,,,,,
,,,,,,,,,,,
,,,,,,,,,,,
,,,,,,,,,,,
,,,,,,,,,,,
,,,,,,,,,,,
,,,,,,,,,,,
,,,,,,,,,,,
,,,,,,,,,,,
,,,,,,,,,,,
,,,,,,,,,,,
,,,,,,,,,,,
,,,,,,,,,,,
,,,,,,,,,,,
,,,,,,,,,,,
,,,,,,,,,,,
,,,,,,,,,,,
,,,,,,,,,,,
,,,,,,,,,,,
,,,,,,,,,,,
,,,,,,,,,,,
,,,,,,,,,,,
,,,,,,,,,,,
,,,,,,,,,,,
,,,,,,,,,,,
,,,,,,,,,,,
,,,,,,,,,,,
,,,,,,,,,,,
,,,,,,,,,,,
,,,,,,,,,,,
,,,,,,,,,,,
,,,,,,,,,,,
,,,,,,,,,,,
,,,,,,,,,,,
,,,,,,,,,,,
,,,,,,,,,,,
,,,,,,,,,,,
,,,,,,,,,,,
,,,,,,,,,,,
,,,,,,,,,,,
,,,,,,,,,,,
,,,,,,,,,,,
,,,,,,,,,,,
,,,,,,,,,,,
,,,,,,,,,,,
,,,,,,,,,,,
,,,,,,,,,,,
,,,,,,,,,,,
,,,,,,,,,,,
,,,,,,,,,,,
,,,,,,,,,,,
,,,,,,,,,,,
,,,,,,,,,,,
,,,,,,,,,,,
,,,,,,,,,,,
,,,,,,,,,,,
,,,,,,,,,,,
,,,,,,,,,,,
,,,,,,,,,,,
,,,,,,,,,,,
,,,,,,,,,,,
,,,,,,,,,,,
,,,,,,,,,,,
,,,,,,,,,,,
,,,,,,,,,,,
,,,,,,,,,,,
,,,,,,,,,,,
,,,,,,,,,,,
,,,,,,,,,,,
,,,,,,,,,,,
,,,,,,,,,,,
,,,,,,,,,,,
,,,,,,,,,,,
,,,,,,,,,,,
,,,,,,,,,,,
,,,,,,,,,,,
,,,,,,,,,,,
,,,,,,,,,,,
,,,,,,,,,,,
,,,,,,,,,,,
,,,,,,,,,,,
,,,,,,,,,,,
,,,,,,,,,,,
,,,,,,,,,,,
,,,,,,,,,,,
,,,,,,,,,,,
,,,,,,,,,,,
,,,,,,,,,,,
,,,,,,,,,,,
,,,,,,,,,,,
,,,,,,,,,,,
,,,,,,,,,,,
,,,,,,,,,,,
,,,,,,,,,,,
,,,,,,,,,,,
,,,,,,,,,,,
,,,,,,,,,,,
,,,,,,,,,,,
,,,,,,,,,,,
,,,,,,,,,,,
,,,,,,,,,,,
,,,,,,,,,,,
,,,,,,,,,,,
,,,,,,,,,,,
,,,,,,,,,,,
,,,,,,,,,,,
,,,,,,,,,,,
,,,,,,,,,,,
,,,,,,,,,,,
,,,,,,,,,,,
,,,,,,,,,,,
,,,,,,,,,,,
,,,,,,,,,,,
,,,,,,,,,,,
,,,,,,,,,,,
,,,,,,,,,,,
,,,,,,,,,,,
,,,,,,,,,,,
,,,,,,,,,,,
,,,,,,,,,,,
,,,,,,,,,,,
,,,,,,,,,,,
,,,,,,,,,,,
,,,,,,,,,,,
,,,,,,,,,,,
,,,,,,,,,,,
,,,,,,,,,,,
,,,,,,,,,,,
,,,,,,,,,,,
,,,,,,,,,,,
,,,,,,,,,,,
,,,,,,,,,,,
,,,,,,,,,,,
,,,,,,,,,,,
,,,,,,,,,,,
,,,,,,,,,,,
,,,,,,,,,,,
,,,,,,,,,,,
,,,,,,,,,,,
,,,,,,,,,,,
,,,,,,,,,,,
,,,,,,,,,,,
,,,,,,,,,,,
,,,,,,,,,,,
,,,,,,,,,,,
,,,,,,,,,,,
,,,,,,,,,,,
,,,,,,,,,,,
,,,,,,,,,,,
,,,,,,,,,,,
,,,,,,,,,,,
,,,,,,,,,,,
,,,,,,,,,,,
,,,,,,,,,,,
,,,,,,,,,,,
,,,,,,,,,,,
,,,,,,,,,,,
,,,,,,,,,,,
,,,,,,,,,,,
,,,,,,,,,,,
,,,,,,,,,,,
,,,,,,,,,,,
,,,,,,,,,,,
,,,,,,,,,,,
,,,,,,,,,,,
,,,,,,,,,,,
,,,,,,,,,,,
,,,,,,,,,,,
,,,,,,,,,,,
,,,,,,,,,,,
,,,,,,,,,,,
,,,,,,,,,,,
,,,,,,,,,,,
,,,,,,,,,,,
,,,,,,,,,,,
,,,,,,,,,,,
,,,,,,,,,,,
,,,,,,,,,,,
,,,,,,,,,,,
,,,,,,,,,,,
,,,,,,,,,,,
,,,,,,,,,,,
,,,,,,,,,,,
,,,,,,,,,,,
,,,,,,,,,,,
,,,,,,,,,,,
,,,,,,,,,,,
,,,,,,,,,,,
,,,,,,,,,,,
,,,,,,,,,,,
,,,,,,,,,,,
,,,,,,,,,,,
,,,,,,,,,,,
,,,,,,,,,,,
,,,,,,,,,,,
,,,,,,,,,,,
,,,,,,,,,,,
,,,,,,,,,,,
,,,,,,,,,,,
,,,,,,,,,,,
,,,,,,,,,,,
,,,,,,,,,,,
,,,,,,,,,,,
,,,,,,,,,,,
,,,,,,,,,,,
,,,,,,,,,,,
,,,,,,,,,,,
,,,,,,,,,,,
,,,,,,,,,,,
,,,,,,,,,,,
,,,,,,,,,,,
,,,,,,,,,,,
,,,,,,,,,,,
,,,,,,,,,,,
,,,,,,,,,,,
,,,,,,,,,,,
,,,,,,,,,,,
,,,,,,,,,,,
,,,,,,,,,,,
,,,,,,,,,,,
,,,,,,,,,,,
,,,,,,,,,,,
,,,,,,,,,,,
,,,,,,,,,,,
,,,,,,,,,,,
,,,,,,,,,,,
,,,,,,,,,,,
,,,,,,,,,,,
,,,,,,,,,,,
,,,,,,,,,,,
,,,,,,,,,,,
,,,,,,,,,,,
,,,,,,,,,,,
,,,,,,,,,,,
,,,,,,,,,,,
,,,,,,,,,,,
,,,,,,,,,,,
,,,,,,,,,,,
,,,,,,,,,,,
,,,,,,,,,,,
,,,,,,,,,,,
,,,,,,,,,,,
,,,,,,,,,,,
,,,,,,,,,,,
,,,,,,,,,,,
,,,,,,,,,,,
,,,,,,,,,,,
,,,,,,,,,,,
,,,,,,,,,,,
,,,,,,,,,,,
,,,,,,,,,,,
,,,,,,,,,,,
,,,,,,,,,,,
,,,,,,,,,,,
,,,,,,,,,,,
,,,,,,,,,,,
,,,,,,,,,,,
,,,,,,,,,,,
,,,,,,,,,,,
,,,,,,,,,,,
,,,,,,,,,,,
,,,,,,,,,,,
,,,,,,,,,,,
,,,,,,,,,,,
,,,,,,,,,,,
,,,,,,,,,,,
,,,,,,,,,,,
,,,,,,,,,,,
,,,,,,,,,,,
,,,,,,,,,,,
,,,,,,,,,,,
,,,,,,,,,,,
,,,,,,,,,,,
,,,,,,,,,,,
,,,,,,,,,,,
,,,,,,,,,,,
,,,,,,,,,,,
,,,,,,,,,,,
,,,,,,,,,,,
,,,,,,,,,,,
,,,,,,,,,,,
,,,,,,,,,,,
,,,,,,,,,,,
,,,,,,,,,,,
,,,,,,,,,,,
,,,,,,,,,,,
,,,,,,,,,,,
,,,,,,,,,,,
,,,,,,,,,,,
,,,,,,,,,,,
,,,,,,,,,,,
,,,,,,,,,,,
,,,,,,,,,,,
,,,,,,,,,,,
,,,,,,,,,,,
,,,,,,,,,,,
,,,,,,,,,,,
,,,,,,,,,,,
,,,,,,,,,,,
,,,,,,,,,,,
,,,,,,,,,,,
,,,,,,,,,,,
,,,,,,,,,,,
,,,,,,,,,,,
,,,,,,,,,,,
,,,,,,,,,,,
,,,,,,,,,,,
,,,,,,,,,,,
,,,,,,,,,,,
,,,,,,,,,,,
,,,,,,,,,,,
,,,,,,,,,,,
,,,,,,,,,,,
,,,,,,,,,,,
,,,,,,,,,,,
,,,,,,,,,,,
,,,,,,,,,,,
,,,,,,,,,,,
,,,,,,,,,,,
,,,,,,,,,,,
,,,,,,,,,,,
,,,,,,,,,,,
,,,,,,,,,,,
,,,,,,,,,,,
,,,,,,,,,,,
,,,,,,,,,,,
,,,,,,,,,,,
,,,,,,,,,,,
,,,,,,,,,,,
,,,,,,,,,,,
,,,,,,,,,,,
,,,,,,,,,,,
,,,,,,,,,,,
,,,,,,,,,,,
,,,,,,,,,,,
,,,,,,,,,,,
,,,,,,,,,,,
,,,,,,,,,,,
,,,,,,,,,,,
,,,,,,,,,,,
,,,,,,,,,,,
,,,,,,,,,,,
,,,,,,,,,,,
,,,,,,,,,,,
,,,,,,,,,,,
,,,,,,,,,,,
,,,,,,,,,,,
,,,,,,,,,,,
,,,,,,,,,,,
,,,,,,,,,,,
,,,,,,,,,,,
,,,,,,,,,,,
,,,,,,,,,,,
,,,,,,,,,,,
,,,,,,,,,,,
,,,,,,,,,,,
,,,,,,,,,,,
,,,,,,,,,,,
,,,,,,,,,,,
,,,,,,,,,,,
,,,,,,,,,,,
,,,,,,,,,,,
,,,,,,,,,,,
,,,,,,,,,,,
,,,,,,,,,,,
,,,,,,,,,,,
,,,,,,,,,,,
,,,,,,,,,,,
,,,,,,,,,,,
,,,,,,,,,,,
,,,,,,,,,,,
,,,,,,,,,,,
,,,,,,,,,,,
,,,,,,,,,,,
,,,,,,,,,,,
,,,,,,,,,,,
,,,,,,,,,,,
,,,,,,,,,,,
,,,,,,,,,,,
,,,,,,,,,,,
,,,,,,,,,,,
,,,,,,,,,,,
,,,,,,,,,,,
,,,,,,,,,,,
,,,,,,,,,,,
,,,,,,,,,,,
,,,,,,,,,,,
,,,,,,,,,,,
,,,,,,,,,,,
,,,,,,,,,,,
,,,,,,,,,,,
,,,,,,,,,,,
,,,,,,,,,,,
,,,,,,,,,,,
,,,,,,,,,,,
,,,,,,,,,,,
,,,,,,,,,,,
,,,,,,,,,,,
,,,,,,,,,,,
,,,,,,,,,,,
,,,,,,,,,,,
,,,,,,,,,,,
,,,,,,,,,,,
,,,,,,,,,,,
,,,,,,,,,,,
,,,,,,,,,,,
,,,,,,,,,,,
,,,,,,,,,,,
,,,,,,,,,,,
,,,,,,,,,,,
,,,,,,,,,,,
,,,,,,,,,,,
,,,,,,,,,,,
,,,,,,,,,,,
,,,,,,,,,,,
,,,,,,,,,,,
,,,,,,,,,,,
,,,,,,,,,,,
,,,,,,,,,,,
,,,,,,,,,,,
,,,,,,,,,,,
,,,,,,,,,,,
,,,,,,,,,,,
,,,,,,,,,,,
,,,,,,,,,,,
,,,,,,,,,,,
,,,,,,,,,,,
,,,,,,,,,,,
,,,,,,,,,,,
,,,,,,,,,,,
,,,,,,,,,,,
,,,,,,,,,,,
,,,,,,,,,,,
,,,,,,,,,,,
,,,,,,,,,,,
,,,,,,,,,,,
,,,,,,,,,,,
,,,,,,,,,,,
,,,,,,,,,,,
,,,,,,,,,,,
,,,,,,,,,,,
,,,,,,,,,,,
,,,,,,,,,,,
,,,,,,,,,,,
,,,,,,,,,,,
,,,,,,,,,,,
,,,,,,,,,,,
,,,,,,,,,,,
,,,,,,,,,,,
,,,,,,,,,,,
,,,,,,,,,,,
,,,,,,,,,,,
,,,,,,,,,,,
,,,,,,,,,,,
,,,,,,,,,,,
,,,,,,,,,,,
,,,,,,,,,,,
,,,,,,,,,,,
,,,,,,,,,,,
,,,,,,,,,,,
,,,,,,,,,,,
,,,,,,,,,,,
,,,,,,,,,,,
,,,,,,,,,,,
,,,,,,,,,,,
,,,,,,,,,,,
,,,,,,,,,,,
,,,,,,,,,,,
,,,,,,,,,,,
,,,,,,,,,,,
,,,,,,,,,,,
,,,,,,,,,,,
,,,,,,,,,,,
,,,,,,,,,,,
,,,,,,,,,,,
,,,,,,,,,,,
,,,,,,,,,,,
,,,,,,,,,,,
,,,,,,,,,,,
,,,,,,,,,,,
,,,,,,,,,,,
,,,,,,,,,,,
,,,,,,,,,,,
,,,,,,,,,,,
,,,,,,,,,,,
,,,,,,,,,,,
,,,,,,,,,,,
,,,,,,,,,,,
,,,,,,,,,,,
,,,,,,,,,,,
,,,,,,,,,,,
,,,,,,,,,,,
,,,,,,,,,,,
,,,,,,,,,,,
,,,,,,,,,,,
,,,,,,,,,,,
,,,,,,,,,,,
,,,,,,,,,,,
,,,,,,,,,,,
,,,,,,,,,,,
,,,,,,,,,,,
,,,,,,,,,,,
,,,,,,,,,,,
,,,,,,,,,,,
,,,,,,,,,,,
,,,,,,,,,,,
,,,,,,,,,,,
,,,,,,,,,,,
,,,,,,,,,,,
,,,,,,,,,,,
,,,,,,,,,,,
,,,,,,,,,,,
,,,,,,,,,,,
,,,,,,,,,,,
,,,,,,,,,,,
,,,,,,,,,,,
,,,,,,,,,,,
,,,,,,,,,,,
,,,,,,,,,,,
,,,,,,,,,,,
,,,,,,,,,,,
,,,,,,,,,,,
,,,,,,,,,,,
,,,,,,,,,,,
,,,,,,,,,,,
,,,,,,,,,,,
,,,,,,,,,,,
,,,,,,,,,,,
,,,,,,,,,,,
,,,,,,,,,,,
,,,,,,,,,,,
,,,,,,,,,,,
,,,,,,,,,,,
,,,,,,,,,,,
,,,,,,,,,,,
,,,,,,,,,,,
,,,,,,,,,,,
,,,,,,,,,,,
,,,,,,,,,,,
,,,,,,,,,,,
,,,,,,,,,,,
,,,,,,,,,,,
,,,,,,,,,,,
,,,,,,,,,,,
,,,,,,,,,,,
,,,,,,,,,,,
,,,,,,,,,,,
,,,,,,,,,,,
,,,,,,,,,,,
,,,,,,,,,,,
,,,,,,,,,,,
,,,,,,,,,,,
,,,,,,,,,,,
,,,,,,,,,,,
,,,,,,,,,,,
,,,,,,,,,,,
,,,,,,,,,,,
,,,,,,,,,,,
,,,,,,,,,,,
,,,,,,,,,,,
,,,,,,,,,,,
,,,,,,,,,,,
,,,,,,,,,,,
,,,,,,,,,,,
,,,,,,,,,,,
,,,,,,,,,,,
,,,,,,,,,,,
,,,,,,,,,,,
,,,,,,,,,,,
,,,,,,,,,,,
,,,,,,,,,,,
,,,,,,,,,,,
,,,,,,,,,,,
,,,,,,,,,,,
,,,,,,,,,,,
,,,,,,,,,,,
,,,,,,,,,,,
,,,,,,,,,,,
,,,,,,,,,,,
,,,,,,,,,,,
,,,,,,,,,,,
,,,,,,,,,,,
,,,,,,,,,,,
,,,,,,,,,,,
,,,,,,,,,,,
,,,,,,,,,,,
,,,,,,,,,,,
,,,,,,,,,,,
,,,,,,,,,,,
,,,,,,,,,,,
,,,,,,,,,,,
,,,,,,,,,,,
,,,,,,,,,,,
,,,,,,,,,,,
,,,,,,,,,,,
,,,,,,,,,,,
,,,,,,,,,,,
,,,,,,,,,,,
,,,,,,,,,,,
,,,,,,,,,,,
,,,,,,,,,,,
,,,,,,,,,,,
,,,,,,,,,,,
,,,,,,,,,,,
,,,,,,,,,,,
,,,,,,,,,,,
,,,,,,,,,,,
,,,,,,,,,,,
,,,,,,,,,,,
,,,,,,,,,,,
,,,,,,,,,,,
,,,,,,,,,,,
,,,,,,,,,,,
,,,,,,,,,,,
,,,,,,,,,,,
,,,,,,,,,,,
,,,,,,,,,,,
,,,,,,,,,,,
,,,,,,,,,,,
,,,,,,,,,,,
,,,,,,,,,,,
,,,,,,,,,,,
,,,,,,,,,,,
,,,,,,,,,,,
,,,,,,,,,,,
,,,,,,,,,,,
,,,,,,,,,,,
,,,,,,,,,,,
,,,,,,,,,,,
,,,,,,,,,,,
,,,,,,,,,,,
,,,,,,,,,,,
,,,,,,,,,,,
,,,,,,,,,,,
,,,,,,,,,,,
,,,,,,,,,,,
,,,,,,,,,,,
,,,,,,,,,,,
,,,,,,,,,,,
,,,,,,,,,,,
,,,,,,,,,,,
,,,,,,,,,,,
,,,,,,,,,,,
,,,,,,,,,,,
,,,,,,,,,,,
,,,,,,,,,,,
,,,,,,,,,,,
,,,,,,,,,,,
,,,,,,,,,,,
,,,,,,,,,,,
,,,,,,,,,,,
,,,,,,,,,,,
,,,,,,,,,,,
,,,,,,,,,,,
,,,,,,,,,,,
,,,,,,,,,,,
,,,,,,,,,,,
,,,,,,,,,,,
,,,,,,,,,,,
,,,,,,,,,,,
,,,,,,,,,,,
,,,,,,,,,,,
,,,,,,,,,,,
,,,,,,,,,,,
,,,,,,,,,,,
,,,,,,,,,,,
,,,,,,,,,,,
,,,,,,,,,,,
,,,,,,,,,,,
,,,,,,,,,,,
,,,,,,,,,,,
,,,,,,,,,,,
,,,,,,,,,,,
,,,,,,,,,,,
,,,,,,,,,,,
,,,,,,,,,,,
,,,,,,,,,,,
,,,,,,,,,,,
,,,,,,,,,,,
,,,,,,,,,,,
,,,,,,,,,,,
,,,,,,,,,,,
,,,,,,,,,,,
,,,,,,,,,,,
,,,,,,,,,,,
,,,,,,,,,,,
,,,,,,,,,,,
,,,,,,,,,,,
,,,,,,,,,,,
,,,,,,,,,,,
,,,,,,,,,,,
,,,,,,,,,,,
,,,,,,,,,,,
,,,,,,,,,,,
,,,,,,,,,,,
,,,,,,,,,,,
,,,,,,,,,,,
,,,,,,,,,,,
,,,,,,,,,,,
,,,,,,,,,,,
,,,,,,,,,,,
,,,,,,,,,,,
,,,,,,,,,,,
,,,,,,,,,,,
,,,,,,,,,,,
,,,,,,,,,,,
,,,,,,,,,,,
,,,,,,,,,,,
,,,,,,,,,,,
,,,,,,,,,,,
,,,,,,,,,,,
,,,,,,,,,,,
,,,,,,,,,,,
,,,,,,,,,,,
,,,,,,,,,,,
,,,,,,,,,,,
,,,,,,,,,,,
,,,,,,,,,,,
,,,,,,,,,,,
,,,,,,,,,,,
,,,,,,,,,,,
,,,,,,,,,,,
,,,,,,,,,,,
,,,,,,,,,,,
,,,,,,,,,,,
,,,,,,,,,,,
,,,,,,,,,,,
,,,,,,,,,,,
,,,,,,,,,,,
,,,,,,,,,,,
,,,,,,,,,,,
,,,,,,,,,,,
,,,,,,,,,,,
,,,,,,,,,,,
,,,,,,,,,,,
,,,,,,,,,,,
,,,,,,,,,,,
,,,,,,,,,,,
,,,,,,,,,,,
,,,,,,,,,,,
,,,,,,,,,,,
,,,,,,,,,,,
,,,,,,,,,,,
,,,,,,,,,,,
,,,,,,,,,,,
,,,,,,,,,,,
,,,,,,,,,,,
,,,,,,,,,,,
,,,,,,,,,,,
,,,,,,,,,,,
,,,,,,,,,,,
,,,,,,,,,,,
,,,,,,,,,,,
,,,,,,,,,,,
,,,,,,,,,,,
,,,,,,,,,,,
,,,,,,,,,,,
,,,,,,,,,,,
,,,,,,,,,,,
,,,,,,,,,,,
,,,,,,,,,,,
,,,,,,,,,,,
,,,,,,,,,,,
,,,,,,,,,,,
,,,,,,,,,,,
,,,,,,,,,,,
,,,,,,,,,,,
,,,,,,,,,,,
,,,,,,,,,,,
,,,,,,,,,,,
,,,,,,,,,,,
,,,,,,,,,,,
,,,,,,,,,,,
,,,,,,,,,,,
,,,,,,,,,,,
,,,,,,,,,,,
,,,,,,,,,,,
,,,,,,,,,,,
,,,,,,,,,,,
,,,,,,,,,,,
,,,,,,,,,,,
,,,,,,,,,,,
,,,,,,,,,,,
,,,,,,,,,,,
,,,,,,,,,,,
,,,,,,,,,,,
,,,,,,,,,,,
,,,,,,,,,,,
,,,,,,,,,,,
,,,,,,,,,,,
,,,,,,,,,,,
,,,,,,,,,,,
,,,,,,,,,,,
,,,,,,,,,,,
,,,,,,,,,,,
,,,,,,,,,,,
,,,,,,,,,,,
,,,,,,,,,,,
,,,,,,,,,,,
,,,,,,,,,,,
,,,,,,,,,,,
,,,,,,,,,,,
,,,,,,,,,,,
,,,,,,,,,,,
,,,,,,,,,,,
,,,,,,,,,,,
,,,,,,,,,,,
,,,,,,,,,,,
,,,,,,,,,,,
,,,,,,,,,,,
,,,,,,,,,,,
,,,,,,,,,,,
,,,,,,,,,,,
,,,,,,,,,,,
,,,,,,,,,,,
,,,,,,,,,,,
,,,,,,,,,,,
,,,,,,,,,,,
,,,,,,,,,,,
,,,,,,,,,,,
,,,,,,,,,,,
,,,,,,,,,,,
,,,,,,,,,,,
,,,,,,,,,,,
,,,,,,,,,,,
,,,,,,,,,,,
,,,,,,,,,,,
,,,,,,,,,,,
,,,,,,,,,,,
,,,,,,,,,,,
,,,,,,,,,,,
,,,,,,,,,,,
,,,,,,,,,,,
,,,,,,,,,,,
,,,,,,,,,,,
,,,,,,,,,,,
,,,,,,,,,,,
,,,,,,,,,,,
,,,,,,,,,,,
,,,,,,,,,,,
,,,,,,,,,,,
,,,,,,,,,,,
,,,,,,,,,,,
,,,,,,,,,,,
,,,,,,,,,,,
,,,,,,,,,,,
,,,,,,,,,,,
,,,,,,,,,,,
,,,,,,,,,,,
,,,,,,,,,,,
,,,,,,,,,,,
,,,,,,,,,,,
,,,,,,,,,,,
,,,,,,,,,,,
,,,,,,,,,,,
,,,,,,,,,,,
,,,,,,,,,,,
,,,,,,,,,,,
,,,,,,,,,,,
,,,,,,,,,,,
,,,,,,,,,,,
,,,,,,,,,,,
,,,,,,,,,,,
,,,,,,,,,,,
,,,,,,,,,,,
,,,,,,,,,,,
,,,,,,,,,,,
,,,,,,,,,,,
,,,,,,,,,,,
,,,,,,,,,,,
,,,,,,,,,,,
,,,,,,,,,,,
,,,,,,,,,,,
,,,,,,,,,,,
,,,,,,,,,,,
,,,,,,,,,,,
,,,,,,,,,,,
,,,,,,,,,,,
,,,,,,,,,,,
,,,,,,,,,,,
,,,,,,,,,,,
,,,,,,,,,,,
,,,,,,,,,,,
,,,,,,,,,,,
,,,,,,,,,,,
,,,,,,,,,,,
,,,,,,,,,,,
,,,,,,,,,,,
,,,,,,,,,,,
,,,,,,,,,,,
,,,,,,,,,,,
,,,,,,,,,,,
,,,,,,,,,,,
,,,,,,,,,,,
,,,,,,,,,,,
,,,,,,,,,,,
,,,,,,,,,,,
,,,,,,,,,,,
,,,,,,,,,,,
,,,,,,,,,,,
,,,,,,,,,,,
,,,,,,,,,,,
,,,,,,,,,,,
,,,,,,,,,,,
,,,,,,,,,,,
,,,,,,,,,,,
,,,,,,,,,,,
,,,,,,,,,,,
,,,,,,,,,,,
,,,,,,,,,,,
,,,,,,,,,,,
,,,,,,,,,,,
,,,,,,,,,,,
,,,,,,,,,,,
,,,,,,,,,,,
,,,,,,,,,,,
,,,,,,,,,,,
,,,,,,,,,,,
,,,,,,,,,,,
,,,,,,,,,,,
,,,,,,,,,,,
,,,,,,,,,,,
,,,,,,,,,,,
,,,,,,,,,,,
,,,,,,,,,,,
,,,,,,,,,,,
,,,,,,,,,,,
,,,,,,,,,,,
,,,,,,,,,,,
,,,,,,,,,,,
,,,,,,,,,,,
,,,,,,,,,,,
,,,,,,,,,,,
,,,,,,,,,,,
,,,,,,,,,,,
,,,,,,,,,,,
,,,,,,,,,,,
,,,,,,,,,,,
,,,,,,,,,,,
,,,,,,,,,,,
,,,,,,,,,,,
,,,,,,,,,,,
,,,,,,,,,,,
,,,,,,,,,,,
,,,,,,,,,,,
,,,,,,,,,,,
,,,,,,,,,,,
,,,,,,,,,,,
,,,,,,,,,,,
,,,,,,,,,,,
,,,,,,,,,,,
,,,,,,,,,,,
,,,,,,,,,,,
,,,,,,,,,,,
,,,,,,,,,,,
,,,,,,,,,,,
,,,,,,,,,,,
,,,,,,,,,,,
,,,,,,,,,,,
,,,,,,,,,,,
,,,,,,,,,,,
,,,,,,,,,,,
,,,,,,,,,,,
,,,,,,,,,,,
,,,,,,,,,,,
,,,,,,,,,,,
,,,,,,,,,,,
,,,,,,,,,,,
,,,,,,,,,,,
,,,,,,,,,,,
,,,,,,,,,,,
,,,,,,,,,,,
,,,,,,,,,,,
,,,,,,,,,,,
,,,,,,,,,,,
,,,,,,,,,,,
,,,,,,,,,,,
,,,,,,,,,,,
,,,,,,,,,,,
,,,,,,,,,,,
,,,,,,,,,,,
,,,,,,,,,,,
,,,,,,,,,,,
,,,,,,,,,,,
,,,,,,,,,,,
,,,,,,,,,,,
,,,,,,,,,,,
,,,,,,,,,,,
,,,,,,,,,,,
,,,,,,,,,,,
,,,,,,,,,,,
,,,,,,,,,,,
,,,,,,,,,,,
,,,,,,,,,,,
,,,,,,,,,,,
,,,,,,,,,,,
,,,,,,,,,,,
,,,,,,,,,,,
,,,,,,,,,,,
,,,,,,,,,,,
,,,,,,,,,,,
,,,,,,,,,,,
,,,,,,,,,,,
,,,,,,,,,,,
,,,,,,,,,,,
,,,,,,,,,,,
,,,,,,,,,,,
,,,,,,,,,,,
,,,,,,,,,,,
,,,,,,,,,,,
,,,,,,,,,,,
,,,,,,,,,,,
,,,,,,,,,,,
,,,,,,,,,,,
,,,,,,,,,,,
,,,,,,,,,,,
,,,,,,,,,,,
,,,,,,,,,,,
,,,,,,,,,,,
,,,,,,,,,,,
,,,,,,,,,,,
,,,,,,,,,,,
,,,,,,,,,,,
,,,,,,,,,,,
,,,,,,,,,,,
,,,,,,,,,,,
,,,,,,,,,,,
,,,,,,,,,,,
,,,,,,,,,,,
,,,,,,,,,,,
,,,,,,,,,,,
,,,,,,,,,,,
,,,,,,,,,,,
,,,,,,,,,,,
,,,,,,,,,,,
,,,,,,,,,,,
,,,,,,,,,,,
,,,,,,,,,,,
,,,,,,,,,,,
,,,,,,,,,,,
,,,,,,,,,,,
,,,,,,,,,,,
,,,,,,,,,,,
,,,,,,,,,,,
,,,,,,,,,,,
,,,,,,,,,,,
,,,,,,,,,,,
,,,,,,,,,,,
,,,,,,,,,,,
,,,,,,,,,,,
,,,,,,,,,,,
,,,,,,,,,,,
,,,,,,,,,,,
,,,,,,,,,,,
,,,,,,,,,,,
,,,,,,,,,,,
,,,,,,,,,,,
,,,,,,,,,,,
,,,,,,,,,,,
,,,,,,,,,,,
,,,,,,,,,,,
,,,,,,,,,,,
,,,,,,,,,,,
,,,,,,,,,,,
,,,,,,,,,,,
,,,,,,,,,,,
,,,,,,,,,,,
,,,,,,,,,,,
,,,,,,,,,,,
,,,,,,,,,,,
,,,,,,,,,,,
,,,,,,,,,,,
,,,,,,,,,,,
,,,,,,,,,,,
,,,,,,,,,,,
,,,,,,,,,,,
,,,,,,,,,,,
,,,,,,,,,,,
,,,,,,,,,,,
,,,,,,,,,,,
,,,,,,,,,,,
,,,,,,,,,,,
,,,,,,,,,,,
,,,,,,,,,,,
,,,,,,,,,,,
,,,,,,,,,,,
,,,,,,,,,,,
,,,,,,,,,,,
,,,,,,,,,,,
,,,,,,,,,,,
,,,,,,,,,,,
,,,,,,,,,,,
,,,,,,,,,,,
,,,,,,,,,,,
,,,,,,,,,,,
,,,,,,,,,,,
,,,,,,,,,,,
,,,,,,,,,,,
,,,,,,,,,,,
,,,,,,,,,,,
,,,,,,,,,,,
,,,,,,,,,,,
,,,,,,,,,,,
,,,,,,,,,,,
,,,,,,,,,,,
,,,,,,,,,,,
,,,,,,,,,,,
,,,,,,,,,,,
,,,,,,,,,,,
,,,,,,,,,,,
,,,,,,,,,,,
,,,,,,,,,,,
,,,,,,,,,,,
,,,,,,,,,,,
,,,,,,,,,,,
,,,,,,,,,,,
,,,,,,,,,,,
,,,,,,,,,,,
,,,,,,,,,,,
,,,,,,,,,,,
,,,,,,,,,,,
,,,,,,,,,,,
,,,,,,,,,,,
,,,,,,,,,,,
,,,,,,,,,,,
,,,,,,,,,,,
,,,,,,,,,,,
,,,,,,,,,,,
,,,,,,,,,,,
,,,,,,,,,,,
,,,,,,,,,,,
,,,,,,,,,,,
,,,,,,,,,,,
,,,,,,,,,,,
,,,,,,,,,,,
,,,,,,,,,,,
,,,,,,,,,,,
,,,,,,,,,,,
,,,,,,,,,,,
,,,,,,,,,,,
,,,,,,,,,,,
,,,,,,,,,,,
,,,,,,,,,,,
,,,,,,,,,,,
,,,,,,,,,,,
,,,,,,,,,,,
,,,,,,,,,,,
,,,,,,,,,,,
,,,,,,,,,,,
,,,,,,,,,,,
,,,,,,,,,,,
,,,,,,,,,,,
,,,,,,,,,,,
,,,,,,,,,,,
,,,,,,,,,,,
,,,,,,,,,,,
,,,,,,,,,,,
,,,,,,,,,,,
,,,,,,,,,,,
,,,,,,,,,,,
,,,,,,,,,,,
,,,,,,,,,,,
,,,,,,,,,,,
,,,,,,,,,,,
,,,,,,,,,,,
,,,,,,,,,,,
,,,,,,,,,,,
,,,,,,,,,,,
,,,,,,,,,,,
,,,,,,,,,,,
,,,,,,,,,,,
,,,,,,,,,,,
,,,,,,,,,,,
,,,,,,,,,,,
,,,,,,,,,,,
,,,,,,,,,,,
,,,,,,,,,,,
,,,,,,,,,,,
,,,,,,,,,,,
,,,,,,,,,,,
,,,,,,,,,,,
,,,,,,,,,,,
,,,,,,,,,,,
,,,,,,,,,,,
,,,,,,,,,,,
,,,,,,,,,,,
,,,,,,,,,,,
,,,,,,,,,,,
,,,,,,,,,,,
,,,,,,,,,,,
,,,,,,,,,,,
,,,,,,,,,,,
,,,,,,,,,,,
,,,,,,,,,,,
,,,,,,,,,,,
,,,,,,,,,,,
,,,,,,,,,,,
,,,,,,,,,,,
,,,,,,,,,,,
,,,,,,,,,,,
,,,,,,,,,,,
,,,,,,,,,,,
,,,,,,,,,,,
,,,,,,,,,,,
,,,,,,,,,,,
,,,,,,,,,,,
,,,,,,,,,,,
,,,,,,,,,,,
,,,,,,,,,,,
,,,,,,,,,,,
,,,,,,,,,,,
,,,,,,,,,,,
,,,,,,,,,,,
,,,,,,,,,,,
,,,,,,,,,,,
,,,,,,,,,,,
,,,,,,,,,,,
,,,,,,,,,,,
,,,,,,,,,,,
,,,,,,,,,,,
,,,,,,,,,,,
,,,,,,,,,,,
,,,,,,,,,,,
,,,,,,,,,,,
,,,,,,,,,,,
,,,,,,,,,,,
,,,,,,,,,,,
,,,,,,,,,,,
,,,,,,,,,,,
,,,,,,,,,,,
,,,,,,,,,,,
,,,,,,,,,,,
,,,,,,,,,,,
,,,,,,,,,,,
,,,,,,,,,,,
,,,,,,,,,,,
,,,,,,,,,,,
,,,,,,,,,,,
,,,,,,,,,,,
,,,,,,,,,,,
,,,,,,,,,,,
,,,,,,,,,,,
,,,,,,,,,,,
,,,,,,,,,,,
,,,,,,,,,,,
,,,,,,,,,,,
,,,,,,,,,,,
,,,,,,,,,,,
,,,,,,,,,,,
,,,,,,,,,,,
,,,,,,,,,,,
,,,,,,,,,,,
,,,,,,,,,,,
,,,,,,,,,,,
,,,,,,,,,,,
,,,,,,,,,,,
,,,,,,,,,,,
,,,,,,,,,,,
,,,,,,,,,,,
,,,,,,,,,,,
,,,,,,,,,,,
,,,,,,,,,,,
,,,,,,,,,,,
,,,,,,,,,,,
,,,,,,,,,,,
,,,,,,,,,,,
,,,,,,,,,,,
,,,,,,,,,,,
,,,,,,,,,,,
,,,,,,,,,,,
,,,,,,,,,,,
,,,,,,,,,,,
,,,,,,,,,,,
,,,,,,,,,,,
,,,,,,,,,,,
,,,,,,,,,,,
,,,,,,,,,,,
,,,,,,,,,,,
,,,,,,,,,,,
,,,,,,,,,,,
,,,,,,,,,,,
,,,,,,,,,,,
,,,,,,,,,,,
,,,,,,,,,,,
,,,,,,,,,,,
,,,,,,,,,,,
,,,,,,,,,,,
,,,,,,,,,,,
,,,,,,,,,,,
,,,,,,,,,,,
,,,,,,,,,,,
,,,,,,,,,,,
,,,,,,,,,,,
,,,,,,,,,,,
,,,,,,,,,,,
,,,,,,,,,,,
,,,,,,,,,,,
,,,,,,,,,,,
,,,,,,,,,,,
,,,,,,,,,,,
,,,,,,,,,,,
,,,,,,,,,,,
,,,,,,,,,,,
,,,,,,,,,,,
,,,,,,,,,,,
,,,,,,,,,,,
,,,,,,,,,,,
,,,,,,,,,,,
,,,,,,,,,,,
,,,,,,,,,,,
,,,,,,,,,,,
,,,,,,,,,,,
,,,,,,,,,,,
,,,,,,,,,,,
,,,,,,,,,,,
,,,,,,,,,,,
,,,,,,,,,,,
,,,,,,,,,,,
,,,,,,,,,,,
,,,,,,,,,,,
,,,,,,,,,,,
,,,,,,,,,,,
,,,,,,,,,,,
,,,,,,,,,,,
,,,,,,,,,,,
,,,,,,,,,,,
,,,,,,,,,,,
,,,,,,,,,,,
,,,,,,,,,,,
,,,,,,,,,,,
,,,,,,,,,,,
,,,,,,,,,,,
,,,,,,,,,,,
,,,,,,,,,,,
,,,,,,,,,,,
,,,,,,,,,,,
,,,,,,,,,,,
,,,,,,,,,,,
,,,,,,,,,,,
,,,,,,,,,,,
,,,,,,,,,,,
,,,,,,,,,,,
,,,,,,,,,,,
,,,,,,,,,,,
,,,,,,,,,,,
,,,,,,,,,,,
,,,,,,,,,,,
,,,,,,,,,,,
,,,,,,,,,,,
,,,,,,,,,,,
,,,,,,,,,,,
,,,,,,,,,,,
,,,,,,,,,,,
,,,,,,,,,,,
,,,,,,,,,,,
,,,,,,,,,,,
,,,,,,,,,,,
,,,,,,,,,,,
,,,,,,,,,,,
,,,,,,,,,,,
,,,,,,,,,,,
,,,,,,,,,,,
,,,,,,,,,,,
,,,,,,,,,,,
,,,,,,,,,,,
,,,,,,,,,,,
,,,,,,,,,,,
,,,,,,,,,,,
,,,,,,,,,,,
,,,,,,,,,,,
,,,,,,,,,,,
,,,,,,,,,,,
,,,,,,,,,,,
,,,,,,,,,,,
,,,,,,,,,,,
,,,,,,,,,,,
,,,,,,,,,,,
,,,,,,,,,,,
,,,,,,,,,,,
,,,,,,,,,,,
,,,,,,,,,,,
,,,,,,,,,,,
,,,,,,,,,,,
,,,,,,,,,,,
,,,,,,,,,,,
,,,,,,,,,,,
,,,,,,,,,,,
,,,,,,,,,,,
,,,,,,,,,,,
,,,,,,,,,,,
,,,,,,,,,,,
,,,,,,,,,,,
,,,,,,,,,,,
,,,,,,,,,,,
,,,,,,,,,,,
,,,,,,,,,,,
,,,,,,,,,,,
,,,,,,,,,,,
,,,,,,,,,,,
,,,,,,,,,,,
,,,,,,,,,,,
,,,,,,,,,,,
,,,,,,,,,,,
,,,,,,,,,,,
,,,,,,,,,,,
,,,,,,,,,,,
,,,,,,,,,,,
,,,,,,,,,,,
,,,,,,,,,,,
,,,,,,,,,,,
,,,,,,,,,,,
,,,,,,,,,,,
,,,,,,,,,,,
,,,,,,,,,,,
,,,,,,,,,,,
,,,,,,,,,,,
,,,,,,,,,,,
,,,,,,,,,,,
,,,,,,,,,,,
,,,,,,,,,,,
,,,,,,,,,,,
,,,,,,,,,,,
,,,,,,,,,,,
,,,,,,,,,,,
,,,,,,,,,,,
,,,,,,,,,,,
,,,,,,,,,,,
,,,,,,,,,,,
,,,,,,,,,,,
,,,,,,,,,,,
,,,,,,,,,,,
,,,,,,,,,,,
,,,,,,,,,,,
,,,,,,,,,,,
,,,,,,,,,,,
,,,,,,,,,,,
,,,,,,,,,,,
,,,,,,,,,,,
,,,,,,,,,,,
,,,,,,,,,,,
,,,,,,,,,,,
,,,,,,,,,,,
,,,,,,,,,,,
,,,,,,,,,,,
,,,,,,,,,,,
,,,,,,,,,,,
,,,,,,,,,,,
,,,,,,,,,,,
,,,,,,,,,,,
,,,,,,,,,,,
,,,,,,,,,,,
,,,,,,,,,,,
,,,,,,,,,,,
,,,,,,,,,,,
,,,,,,,,,,,
,,,,,,,,,,,
,,,,,,,,,,,
,,,,,,,,,,,
,,,,,,,,,,,
,,,,,,,,,,,
,,,,,,,,,,,
,,,,,,,,,,,
,,,,,,,,,,,
,,,,,,,,,,,
,,,,,,,,,,,
,,,,,,,,,,,
,,,,,,,,,,,
,,,,,,,,,,,
,,,,,,,,,,,
,,,,,,,,,,,
,,,,,,,,,,,
,,,,,,,,,,,
,,,,,,,,,,,
,,,,,,,,,,,
,,,,,,,,,,,
,,,,,,,,,,,
,,,,,,,,,,,
,,,,,,,,,,,
,,,,,,,,,,,
,,,,,,,,,,,
,,,,,,,,,,,
,,,,,,,,,,,
,,,,,,,,,,,
,,,,,,,,,,,
,,,,,,,,,,,
,,,,,,,,,,,
,,,,,,,,,,,
,,,,,,,,,,,
,,,,,,,,,,,
,,,,,,,,,,,
,,,,,,,,,,,
,,,,,,,,,,,
,,,,,,,,,,,
,,,,,,,,,,,
,,,,,,,,,,,
,,,,,,,,,,,
,,,,,,,,,,,
,,,,,,,,,,,
,,,,,,,,,,,
,,,,,,,,,,,
,,,,,,,,,,,
,,,,,,,,,,,
,,,,,,,,,,,
,,,,,,,,,,,
,,,,,,,,,,,
,,,,,,,,,,,
,,,,,,,,,,,
,,,,,,,,,,,
,,,,,,,,,,,
,,,,,,,,,,,
,,,,,,,,,,,
,,,,,,,,,,,
,,,,,,,,,,,
,,,,,,,,,,,
,,,,,,,,,,,
,,,,,,,,,,,
,,,,,,,,,,,
,,,,,,,,,,,
,,,,,,,,,,,
,,,,,,,,,,,
,,,,,,,,,,,
,,,,,,,,,,,
,,,,,,,,,,,
,,,,,,,,,,,
,,,,,,,,,,,
,,,,,,,,,,,
,,,,,,,,,,,
,,,,,,,,,,,
,,,,,,,,,,,
,,,,,,,,,,,
,,,,,,,,,,,
,,,,,,,,,,,
,,,,,,,,,,,
,,,,,,,,,,,
,,,,,,,,,,,
,,,,,,,,,,,
,,,,,,,,,,,
,,,,,,,,,,,
,,,,,,,,,,,
,,,,,,,,,,,
,,,,,,,,,,,
,,,,,,,,,,,
,,,,,,,,,,,
,,,,,,,,,,,
,,,,,,,,,,,
,,,,,,,,,,,
,,,,,,,,,,,
,,,,,,,,,,,
,,,,,,,,,,,
,,,,,,,,,,,
,,,,,,,,,,,
,,,,,,,,,,,
,,,,,,,,,,,
,,,,,,,,,,,
,,,,,,,,,,,
,,,,,,,,,,,
,,,,,,,,,,,
,,,,,,,,,,,
,,,,,,,,,,,
,,,,,,,,,,,
,,,,,,,,,,,
,,,,,,,,,,,
,,,,,,,,,,,
,,,,,,,,,,,
,,,,,,,,,,,
,,,,,,,,,,,
,,,,,,,,,,,
,,,,,,,,,,,
,,,,,,,,,,,
,,,,,,,,,,,
,,,,,,,,,,,
,,,,,,,,,,,
,,,,,,,,,,,
,,,,,,,,,,,
,,,,,,,,,,,
,,,,,,,,,,,
,,,,,,,,,,,
,,,,,,,,,,,
,,,,,,,,,,,
,,,,,,,,,,,
,,,,,,,,,,,
,,,,,,,,,,,
,,,,,,,,,,,
,,,,,,,,,,,
,,,,,,,,,,,
,,,,,,,,,,,
,,,,,,,,,,,
,,,,,,,,,,,
,,,,,,,,,,,
,,,,,,,,,,,
,,,,,,,,,,,
,,,,,,,,,,,
,,,,,,,,,,,
,,,,,,,,,,,
,,,,,,,,,,,
,,,,,,,,,,,
,,,,,,,,,,,
,,,,,,,,,,,
,,,,,,,,,,,
,,,,,,,,,,,
,,,,,,,,,,,
,,,,,,,,,,,
,,,,,,,,,,,
,,,,,,,,,,,
,,,,,,,,,,,
,,,,,,,,,,,
,,,,,,,,,,,
,,,,,,,,,,,
,,,,,,,,,,,
,,,,,,,,,,,
,,,,,,,,,,,
,,,,,,,,,,,
,,,,,,,,,,,
,,,,,,,,,,,
,,,,,,,,,,,
,,,,,,,,,,,
,,,,,,,,,,,
,,,,,,,,,,,
,,,,,,,,,,,
,,,,,,,,,,,
,,,,,,,,,,,
,,,,,,,,,,,
,,,,,,,,,,,
,,,,,,,,,,,
,,,,,,,,,,,
,,,,,,,,,,,
,,,,,,,,,,,
,,,,,,,,,,,
,,,,,,,,,,,
,,,,,,,,,,,
,,,,,,,,,,,
,,,,,,,,,,,
,,,,,,,,,,,
,,,,,,,,,,,
,,,,,,,,,,,
,,,,,,,,,,,
,,,,,,,,,,,
,,,,,,,,,,,
,,,,,,,,,,,
,,,,,,,,,,,
,,,,,,,,,,,
,,,,,,,,,,,
,,,,,,,,,,,
,,,,,,,,,,,
,,,,,,,,,,,
,,,,,,,,,,,
,,,,,,,,,,,
,,,,,,,,,,,
,,,,,,,,,,,
,,,,,,,,,,,
,,,,,,,,,,,
,,,,,,,,,,,
,,,,,,,,,,,
,,,,,,,,,,,
,,,,,,,,,,,
,,,,,,,,,,,
,,,,,,,,,,,
,,,,,,,,,,,
,,,,,,,,,,,
,,,,,,,,,,,
,,,,,,,,,,,
,,,,,,,,,,,
,,,,,,,,,,,
,,,,,,,,,,,
,,,,,,,,,,,
,,,,,,,,,,,
,,,,,,,,,,,
,,,,,,,,,,,
,,,,,,,,,,,
,,,,,,,,,,,
,,,,,,,,,,,
,,,,,,,,,,,
,,,,,,,,,,,
,,,,,,,,,,,
,,,,,,,,,,,
