Department family,Entity,Date,Expense Type,Expense area,Supplier,Transaction number,AP Amount (�),VAT registration number,Purchase invoice number
Department of Health,NHS Hammersmith And Fulham CCG,10/31/2018,Hcare Srv Rec Fdtn Trust-Contract Baseline,ACUTE COMMISSIONING,CHELSEA AND WESTMINSTER HOSPITAL NHS FOUNDATION TRUST,24087489,"3,187,516.04 ",654915415,N0026373
Department of Health,NHS Hammersmith And Fulham CCG,10/31/2018,Hcare Srv Rec NHS Trust-Contract Baseline,ACUTE COMMISSIONING,IMPERIAL COLLEGE HEALTHCARE NHS TRUST,24109384,"7,022,151.00 ",654945990,H0164939
Department of Health,NHS Hammersmith And Fulham CCG,10/31/2018,Hcare Srv Rec Fdtn Trust-Contract Baseline,ACUTE COMMISSIONING,ROYAL MARSDEN NHS FOUNDATION TRUST (THE),24117712,"74,768.16 ",65 4947396,45753689
Department of Health,NHS Hammersmith And Fulham CCG,10/31/2018,Hcare Srv Rec NHS Trust,COMMUNITY SERVICES,IMPERIAL COLLEGE HEALTHCARE NHS TRUST,24154903,"51,575.00 ",654945990,H0163027
Department of Health,NHS Hammersmith And Fulham CCG,10/31/2018,Clinical&Medical-Independent Sector,COMMISSIONING SCHEMES,H&F GP FEDERATION,24154909,"69,818.40 ",,296
Department of Health,NHS Hammersmith And Fulham CCG,10/31/2018,Hcare Srv Rec NHS Trust,COMMUNITY SERVICES,IMPERIAL COLLEGE HEALTHCARE NHS TRUST,24154921,"52,682.00 ",654945990,H0164070
Department of Health,NHS Hammersmith And Fulham CCG,10/31/2018,Hcare Srv Rec Fdtn Trust-Contract Baseline,ACUTE COMMISSIONING,UNIVERSITY COLLEGE LONDON HOSPITALS NHS FOUNDATION TRUST,24167691,"151,654.00 ",654948687,SLA4190
Department of Health,NHS Hammersmith And Fulham CCG,10/31/2018,Hcare Srv Rec Fdtn Trust-Prior Year,ACUTE COMMISSIONING,UNIVERSITY COLLEGE LONDON HOSPITALS NHS FOUNDATION TRUST,24200098,"95,426.00 ",654948687,PERA1464
Department of Health,NHS Hammersmith And Fulham CCG,10/31/2018,Hcare Srv Rec Fdtn Trust-Prior Year,ACUTE COMMISSIONING,UNIVERSITY COLLEGE LONDON HOSPITALS NHS FOUNDATION TRUST,24200154,"175,948.00 ",654948687,PERA1537
Department of Health,NHS Hammersmith And Fulham CCG,10/31/2018,Cont Care-FNC Client Continence Allow,CHC ADULT FULLY FUNDED,NAZARETH CARE CHARITABLE TRUST,24200182,64.17 ,,HAM00011186
Department of Health,NHS Hammersmith And Fulham CCG,10/31/2018,Cont Care-Funded Nursing Care Allow,FUNDED NURSING CARE,NAZARETH CARE CHARITABLE TRUST,24200182,"15,106.27 ",,HAM00011186
Department of Health,NHS Hammersmith And Fulham CCG,10/31/2018,Cont Care-Mental Health (65+),CHC ADULT FULLY FUNDED,NAZARETH CARE CHARITABLE TRUST,24200182,"15,132.44 ",,HAM00011186
Department of Health,NHS Hammersmith And Fulham CCG,10/31/2018,Cont Care-Physical Disab (65+),CHC ADULT FULLY FUNDED,NAZARETH CARE CHARITABLE TRUST,24200182,"11,292.90 ",,HAM00011186
Department of Health,NHS Hammersmith And Fulham CCG,10/31/2018,Cont Care-FNC Client Continence Allow,CHC ADULT FULLY FUNDED,NAZARETH CARE CHARITABLE TRUST,24200187,62.10 ,,HAM00011305
Department of Health,NHS Hammersmith And Fulham CCG,10/31/2018,Cont Care-Funded Nursing Care Allow,FUNDED NURSING CARE,NAZARETH CARE CHARITABLE TRUST,24200187,"16,966.90 ",,HAM00011305
Department of Health,NHS Hammersmith And Fulham CCG,10/31/2018,Cont Care-Physical Disab (65+),CHC ADULT FULLY FUNDED,NAZARETH CARE CHARITABLE TRUST,24200187,"25,572.88 ",,HAM00011305
Department of Health,NHS Hammersmith And Fulham CCG,10/31/2018,Cont Care- Palliative Care,CHC ADULT FULLY FUNDED,GANYMEDE CARE PLC,24200188,"4,459.57 ",,DSHF0718
Department of Health,NHS Hammersmith And Fulham CCG,10/31/2018,Cont Care-Mental Health (65+),CHC ADULT FULLY FUNDED,GANYMEDE CARE PLC,24200188,"8,580.35 ",,DSHF0718
Department of Health,NHS Hammersmith And Fulham CCG,10/31/2018,Cont Care-Physical Disab (65+),CHC ADULT FULLY FUNDED,GANYMEDE CARE PLC,24200188,"45,235.05 ",,DSHF0718
Department of Health,NHS Hammersmith And Fulham CCG,10/31/2018,Cont Care-Physical Disab (<65),CHC ADULT FULLY FUNDED,GANYMEDE CARE PLC,24200188,"18,717.35 ",,DSHF0718
Department of Health,NHS Hammersmith And Fulham CCG,10/31/2018,Clinical&Medical-Commercial Sector,MENTAL HEALTH SERVICES - ADULTS,LONDON BOROUGH OF HAMMERSMITH & FULHAM,24200203,"216,349.39 ",,72067185
Department of Health,NHS Hammersmith And Fulham CCG,10/31/2018,Cont Care- Palliative Care,CHC ADULT FULLY FUNDED,NAZARETH HOUSE CARE HOME,24200214,"3,788.57 ",,HAM00011613
Department of Health,NHS Hammersmith And Fulham CCG,10/31/2018,Cont Care-Funded Nursing Care Allow,FUNDED NURSING CARE,NAZARETH HOUSE CARE HOME,24200214,"21,380.33 ",,HAM00011613
Department of Health,NHS Hammersmith And Fulham CCG,10/31/2018,Cont Care-Mental Health (65+),CHC ADULT FULLY FUNDED,NAZARETH HOUSE CARE HOME,24200214,"3,642.86 ",,HAM00011613
Department of Health,NHS Hammersmith And Fulham CCG,10/31/2018,Cont Care-Physical Disab (65+),CHC ADULT FULLY FUNDED,NAZARETH HOUSE CARE HOME,24200214,"18,360.01 ",,HAM00011613
Department of Health,NHS Hammersmith And Fulham CCG,10/31/2018,Hcare Srv Rec Fdtn Trust-Over/ Under Performance,ACUTE COMMISSIONING,CHELSEA AND WESTMINSTER HOSPITAL NHS FOUNDATION TRUST,24200232,"110,660.26 ",654915415,N0025988
Department of Health,NHS Hammersmith And Fulham CCG,10/31/2018,Cont Care-Physical Disab (<65),CHC ADULT FULLY FUNDED,HOLY CROSS HOSPITAL,24200353,"25,951.20 ",216707373,SIN039995
Department of Health,NHS Hammersmith And Fulham CCG,10/31/2018,C&M-APMS Contract KPIs,PRC DELEGATED CO-COMMISSIONING,CASSIDY MEDICAL CENTRE,24217207,913.47 ,,LNM000032082
Department of Health,NHS Hammersmith And Fulham CCG,10/31/2018,C&M-APMS Contract Value,PRC DELEGATED CO-COMMISSIONING,CASSIDY MEDICAL CENTRE,24217207,"43,825.29 ",,LNM000032082
Department of Health,NHS Hammersmith And Fulham CCG,10/31/2018,C&M-APMS List Size Adjustment,PRC DELEGATED CO-COMMISSIONING,CASSIDY MEDICAL CENTRE,24217207,"2,044.58 ",,LNM000032082
Department of Health,NHS Hammersmith And Fulham CCG,10/31/2018,C&M-APMS Other Baseline Adjustment,PRC DELEGATED CO-COMMISSIONING,CASSIDY MEDICAL CENTRE,24217207,"3,000.80 ",,LNM000032082
Department of Health,NHS Hammersmith And Fulham CCG,10/31/2018,C&M-PMS QOF Aspiration,PRC DELEGATED CO-COMMISSIONING,CASSIDY MEDICAL CENTRE,24217207,"2,755.42 ",,LNM000032082
Department of Health,NHS Hammersmith And Fulham CCG,10/31/2018,Hcare Srv Rec Fdtn Trust-Contract Baseline,ACUTE COMMISSIONING,ROYAL FREE LONDON NHS FOUNDATION TRUST,24218365,"37,626.00 ",654946987,I0163263
Department of Health,NHS Hammersmith And Fulham CCG,10/31/2018,Hcare Srv Rec Fdtn Trust-Contract Baseline,ACUTE COMMISSIONING,ROYAL FREE LONDON NHS FOUNDATION TRUST,24218366,"37,625.00 ",654946987,I0164339
Department of Health,NHS Hammersmith And Fulham CCG,10/31/2018,C&M-APMS Contract KPIs,PRC DELEGATED CO-COMMISSIONING,CANBERRA OLD OAK SURGERY,24220620,970.07 ,,LNM000032088
Department of Health,NHS Hammersmith And Fulham CCG,10/31/2018,C&M-APMS Contract Value,PRC DELEGATED CO-COMMISSIONING,CANBERRA OLD OAK SURGERY,24220620,"46,540.48 ",,LNM000032088
Department of Health,NHS Hammersmith And Fulham CCG,10/31/2018,C&M-APMS List Size Adjustment,PRC DELEGATED CO-COMMISSIONING,CANBERRA OLD OAK SURGERY,24220620,881.54 ,,LNM000032088
Department of Health,NHS Hammersmith And Fulham CCG,10/31/2018,C&M-APMS Prem Actual Rent,PRC DELEGATED CO-COMMISSIONING,CANBERRA OLD OAK SURGERY,24220620,"6,847.90 ",,LNM000032088
Department of Health,NHS Hammersmith And Fulham CCG,10/31/2018,C&M-PMS QOF Aspiration,PRC DELEGATED CO-COMMISSIONING,CANBERRA OLD OAK SURGERY,24220620,"2,564.91 ",,LNM000032088
Department of Health,NHS Hammersmith And Fulham CCG,10/31/2018,Hcare Srv Rec Fdtn Trust-Contract Baseline,ACUTE COMMISSIONING,KING`S COLLEGE HOSPITAL NHS FOUNDATION TRUST,24225671,"38,686.00 ",654926800,00262868
Department of Health,NHS Hammersmith And Fulham CCG,10/31/2018,Clinical&Medical-Othe Public Sector,COMMUNITY SERVICES,LONDON BOROUGH OF HAMMERSMITH & FULHAM,24229571,"1,326,287.00 ",,71985384
Department of Health,NHS Hammersmith And Fulham CCG,10/31/2018,C&M-PMS Contract Value,PRC DELEGATED CO-COMMISSIONING,NORTH END MEDICAL CENTRE,24238045,"170,678.76 ",,LNM000032086
Department of Health,NHS Hammersmith And Fulham CCG,10/31/2018,C&M-PMS PCO Locum Adop/Pat/Mat,PRC DELEGATED CO-COMMISSIONING,NORTH END MEDICAL CENTRE,24238045,"4,572.24 ",,LNM000032086
Department of Health,NHS Hammersmith And Fulham CCG,10/31/2018,C&M-PMS PCO Other,PRC DELEGATED CO-COMMISSIONING,NORTH END MEDICAL CENTRE,24238045,"11,722.00 ",,LNM000032086
Department of Health,NHS Hammersmith And Fulham CCG,10/31/2018,C&M-PMS Prem Notional Rent,PRC DELEGATED CO-COMMISSIONING,NORTH END MEDICAL CENTRE,24238045,"28,401.17 ",,LNM000032086
Department of Health,NHS Hammersmith And Fulham CCG,10/31/2018,C&M-PMS Prem Rates,PRC DELEGATED CO-COMMISSIONING,NORTH END MEDICAL CENTRE,24238045,"4,617.00 ",,LNM000032086
Department of Health,NHS Hammersmith And Fulham CCG,10/31/2018,C&M-PMS QOF Aspiration,PRC DELEGATED CO-COMMISSIONING,NORTH END MEDICAL CENTRE,24238045,"9,717.44 ",,LNM000032086
Department of Health,NHS Hammersmith And Fulham CCG,10/31/2018,Hcare Srv Rec Fdtn Trust-Prior Year,ACUTE COMMISSIONING,GUYS & ST THOMAS HOSPITAL NHS FOUNDATION TRUST,24261032,"32,167.00 ",654923417,3214492
Department of Health,NHS Hammersmith And Fulham CCG,10/31/2018,Hcare Srv Rec Fdtn Trust-Prior Year,ACUTE COMMISSIONING,GUYS & ST THOMAS HOSPITAL NHS FOUNDATION TRUST,24261033,"117,354.00 ",654923417,3239046
Department of Health,NHS Hammersmith And Fulham CCG,10/31/2018,Cont Care-Physical Disab (65+),CHC ADULT FULLY FUNDED,HFH HEALTHCARE LTD,24261044,"28,728.79 ",,12013
Department of Health,NHS Hammersmith And Fulham CCG,10/31/2018,Apprenticeship Levy Payable,BALANCE SHEET,HMRC,24295315,165.00 ,,475PH004450511906
Department of Health,NHS Hammersmith And Fulham CCG,10/31/2018,Income tax <1Yr,BALANCE SHEET,HMRC,24295315,"49,110.92 ",,475PH004450511906
Department of Health,NHS Hammersmith And Fulham CCG,10/31/2018,Income tax <1Yr-Student Loans,BALANCE SHEET,HMRC,24295315,"2,087.00 ",,475PH004450511906
Department of Health,NHS Hammersmith And Fulham CCG,10/31/2018,National Insurance < 1 yr-NI- ERS,BALANCE SHEET,HMRC,24295315,"33,250.15 ",,475PH004450511906
Department of Health,NHS Hammersmith And Fulham CCG,10/31/2018,National Insurance < 1 yr-NI-EES,BALANCE SHEET,HMRC,24295315,"18,391.38 ",,475PH004450511906
Department of Health,NHS Hammersmith And Fulham CCG,10/31/2018,Hcare Srv Rec Fdtn Trust-Contract Baseline,ACUTE COMMISSIONING,ROYAL BROMPTON & HAREFIELD NHS FOUNDATION TRUST,24326080,"80,558.10 ",654968091,S004655
Department of Health,NHS Hammersmith And Fulham CCG,10/31/2018,Hcare Srv Rec NHS Trust-Contract Baseline,ACUTE COMMISSIONING,LONDON AMBULANCE SERVICE NHS TRUST,24326083,"625,823.00 ",654967192,L0018918
Department of Health,NHS Hammersmith And Fulham CCG,10/31/2018,Hcare Srv Rec Fdtn Trust-Contract Baseline,ACUTE COMMISSIONING,MOORFIELDS EYE HOSPITAL NHS FOUNDATION TRUST,24327416,"68,149.00 ",654930716,IC0035591
Department of Health,NHS Hammersmith And Fulham CCG,10/31/2018,Clinical&Medical-Commercial Sector,COMMUNITY SERVICES,CONNECT HEALTH LTD,24337953,"197,592.00 ",,66572
Department of Health,NHS Hammersmith And Fulham CCG,10/31/2018,Clinical&Medical-Commercial Sector,COMMUNITY SERVICES,CONNECT HEALTH LTD,24339006,"197,449.00 ",,66797
Department of Health,NHS Hammersmith And Fulham CCG,10/31/2018,Clinical&Medical-Voluntary Sector,HOSPICES,TRINITY HOSPICE,24339016,"60,920.75 ",685212040,S0701061819
Department of Health,NHS Hammersmith And Fulham CCG,10/31/2018,Clinical&Medical-Serv Recd-CCGs,PRIMARY CARE IT,NHS BRENT CCG,24339051,"29,596.00 ",654451142,7022602382
Department of Health,NHS Hammersmith And Fulham CCG,10/31/2018,Clinical&Medical-Serv Recd-CCGs,PROGRAMME PROJECTS,NHS BRENT CCG,24339051,"91,138.00 ",654451142,7022602382
Department of Health,NHS Hammersmith And Fulham CCG,10/31/2018,Clinical&Medical-Serv Recd-CCGs,RECHARGES,NHS BRENT CCG,24339051,"20,708.00 ",654451142,7022602382
Department of Health,NHS Hammersmith And Fulham CCG,10/31/2018,Hcare Srv Rec NHS Trust-Contract Baseline,MENTAL HEALTH CONTRACTS,WEST LONDON MENTAL HEALTH NHS TRUST,24342066,"2,204,378.00 ",654970993,1100052793A
Department of Health,NHS Hammersmith And Fulham CCG,10/31/2018,Hcare Srv Rec Fdtn Trust-Contract Baseline,ACUTE COMMISSIONING,CHELSEA AND WESTMINSTER HOSPITAL NHS FOUNDATION TRUST,24342073,"3,187,516.04 ",654915415,N0026690
Department of Health,NHS Hammersmith And Fulham CCG,10/31/2018,Hcare Srv Rec NHS Trust-Non Contract,NCAS/OATS,LEWISHAM & GREENWICH NHS TRUST,24346896,"28,487.30 ",654928206,8489521
Department of Health,NHS Hammersmith And Fulham CCG,10/31/2018,Hcare Srv Rec NHS Trust-Non Contract,NCAS/OATS,LEWISHAM & GREENWICH NHS TRUST,24346900,"32,677.96 ",654928206,8491209
Department of Health,NHS Hammersmith And Fulham CCG,10/31/2018,Hcare Srv Rec Fdtn Trust-Contract Baseline,ACUTE COMMISSIONING,ST GEORGES UNIVERSITY HOSPITALS NHS FOUNDATION TRUST,24360361,"70,639.18 ",GB654461922,6442657
Department of Health,NHS Hammersmith And Fulham CCG,10/31/2018,Services From Local Authorities,GENERAL RESERVE - PROGRAMME,LONDON BOROUGH OF HAMMERSMITH & FULHAM,24373424,"171,345.00 ",,71837505
Department of Health,NHS Hammersmith And Fulham CCG,10/31/2018,Cont Care-Physical Disab (65+),CHC ADULT FULLY FUNDED,CENTRAL & NORTH WEST LONDON NHS FOUNDATION TRUST,24373432,"28,122.96 ",654970895,53475251
Department of Health,NHS Hammersmith And Fulham CCG,10/31/2018,Hcare Srv Rec NHS Trust-Contract Baseline,MENTAL HEALTH CONTRACTS,WEST LONDON MENTAL HEALTH NHS TRUST,24382545,"2,204,378.00 ",654970993,1100052951
Department of Health,NHS Hammersmith And Fulham CCG,10/31/2018,Hcare Srv Rec Fdtn Trust-Contract Baseline,ACUTE COMMISSIONING,KINGSTON HOSPITAL NHS FOUNDATION TRUST,24382548,"27,568.00 ",654927209,1400018520
Department of Health,NHS Hammersmith And Fulham CCG,10/31/2018,Hcare Srv Rec Fdtn Trust-Contract Baseline,MENTAL HEALTH CONTRACTS,CENTRAL & NORTH WEST LONDON NHS FOUNDATION TRUST,24382551,"158,710.00 ",654970895,53478396
Department of Health,NHS Hammersmith And Fulham CCG,10/31/2018,Hcare Srv Rec Fdtn Trust-Non Contract,NCAS/OATS,HOMERTON UNIVERSITY HOSPITAL NHS FOUNDATION TRUST,24406124,592.39 ,654965884,61284632
Department of Health,NHS Hammersmith And Fulham CCG,10/31/2018,Hcare Srv Rec Fdtn Trust-Over/ Under Performance,ACUTE COMMISSIONING,HOMERTON UNIVERSITY HOSPITAL NHS FOUNDATION TRUST,24406124,"47,391.36 ",654965884,61284632
Department of Health,NHS Hammersmith And Fulham CCG,10/31/2018,Hcare Srv Rec NHS Trust,COMMUNITY SERVICES,IMPERIAL COLLEGE HEALTHCARE NHS TRUST,24406129,"31,722.00 ",654945990,H0164068
Department of Health,NHS Hammersmith And Fulham CCG,10/31/2018,Clinical&Medical-Voluntary Sector,IMPROVING ACCESS TO PSYCHOLOGICAL THERAPIES,WEST LONDON CENTRE FOR COUNSELLING,24406141,"94,265.25 ",,11181903CCG
Department of Health,NHS Hammersmith And Fulham CCG,10/31/2018,Hcare Srv Rec NHS Trust-Over/ Under Performance,ACUTE COMMISSIONING,BARTS HEALTH NHS TRUST,24406161,"94,736.16 ",654947005,351009
Department of Health,NHS Hammersmith And Fulham CCG,10/31/2018,Hcare Srv Rec Fdtn Trust-CQUIN,ACUTE COMMISSIONING,HOMERTON UNIVERSITY HOSPITAL NHS FOUNDATION TRUST,24406165,"29,150.82 ",654965884,61285579
Department of Health,NHS Hammersmith And Fulham CCG,10/31/2018,Hcare Srv Rec Fdtn Trust-Over/ Under Performance,ACUTE COMMISSIONING,HOMERTON UNIVERSITY HOSPITAL NHS FOUNDATION TRUST,24406165,364.39 ,654965884,61285579
Department of Health,NHS Hammersmith And Fulham CCG,10/31/2018,Hcare Srv Rec NHS Trust,COMMUNITY SERVICES,IMPERIAL COLLEGE HEALTHCARE NHS TRUST,24406210,"38,961.00 ",654945990,H0165037
Department of Health,NHS Hammersmith And Fulham CCG,10/31/2018,Hcare Srv Rec NHS Trust,COMMUNITY SERVICES,IMPERIAL COLLEGE HEALTHCARE NHS TRUST,24406213,"55,171.00 ",654945990,H0165039
Department of Health,NHS Hammersmith And Fulham CCG,10/31/2018,Hcare Srv Rec NHS Trust-Over/ Under Performance,ACUTE COMMISSIONING,BARTS HEALTH NHS TRUST,24426695,"101,451.67 ",654947005,350988
Department of Health,NHS Hammersmith And Fulham CCG,10/31/2018,Hcare Srv Rec Fdtn Trust-Contract Baseline,ACUTE COMMISSIONING,HILLINGDON HOSPITALS NHS FOUNDATION TRUST,24427353,"68,846.58 ",654925117,N0100601
Department of Health,NHS Hammersmith And Fulham CCG,10/31/2018,Hcare Srv Rec Fdtn Trust-Contract Baseline,ACUTE COMMISSIONING,KING`S COLLEGE HOSPITAL NHS FOUNDATION TRUST,24443798,"38,687.00 ",654926800,00264116
Department of Health,NHS Hammersmith And Fulham CCG,10/31/2018,Hcare Srv Rec Fdtn Trust-Contract Baseline,ACUTE COMMISSIONING,GUYS & ST THOMAS HOSPITAL NHS FOUNDATION TRUST,24443800,"125,894.92 ",654923417,3249963
Department of Health,NHS Hammersmith And Fulham CCG,10/31/2018,Hcare Srv Rec Fdtn Trust-Contract Baseline,ACUTE COMMISSIONING,ROYAL FREE LONDON NHS FOUNDATION TRUST,24445129,"37,625.00 ",654946987,I0166074
Department of Health,NHS Hammersmith And Fulham CCG,10/31/2018,C&M-GMS Cost of Drugs -Prescribing,LOCAL ENHANCED SERVICES,DR B MANGWANA & PARTNER,24454367,948.15 ,,LNM000032325
Department of Health,NHS Hammersmith And Fulham CCG,10/31/2018,C&M-GMS Global Sum,PRC DELEGATED CO-COMMISSIONING,DR B MANGWANA & PARTNER,24454367,"34,742.73 ",,LNM000032325
Department of Health,NHS Hammersmith And Fulham CCG,10/31/2018,C&M-GMS Prof Fees Prescribing,PRC DELEGATED CO-COMMISSIONING,DR B MANGWANA & PARTNER,24454367,151.80 ,,LNM000032325
Department of Health,NHS Hammersmith And Fulham CCG,10/31/2018,C&M-GMS QOF Aspiration,PRC DELEGATED CO-COMMISSIONING,DR B MANGWANA & PARTNER,24454367,"2,110.94 ",,LNM000032325
Department of Health,NHS Hammersmith And Fulham CCG,10/31/2018,C&M-GMS Cost of Drugs -Prescribing,LOCAL ENHANCED SERVICES,DR GC LAWLEY,24454371,"1,841.59 ",,LNM000032333
Department of Health,NHS Hammersmith And Fulham CCG,10/31/2018,C&M-GMS Global Sum,PRC DELEGATED CO-COMMISSIONING,DR GC LAWLEY,24454371,"88,253.52 ",,LNM000032333
Department of Health,NHS Hammersmith And Fulham CCG,10/31/2018,C&M-GMS MPIG Correction Factor,PRC DELEGATED CO-COMMISSIONING,DR GC LAWLEY,24454371,"1,710.38 ",,LNM000032333
Department of Health,NHS Hammersmith And Fulham CCG,10/31/2018,C&M-GMS PCO Doctors Ret Scheme,PRC DELEGATED CO-COMMISSIONING,DR GC LAWLEY,24454371,"2,153.76 ",,LNM000032333
Department of Health,NHS Hammersmith And Fulham CCG,10/31/2018,C&M-GMS PCO Locum Adop/Pat/Mat,PRC DELEGATED CO-COMMISSIONING,DR GC LAWLEY,24454371,"8,988.39 ",,LNM000032333
Department of Health,NHS Hammersmith And Fulham CCG,10/31/2018,C&M-GMS Prem Actual Rent,PRC DELEGATED CO-COMMISSIONING,DR GC LAWLEY,24454371,"2,446.77 ",,LNM000032333
Department of Health,NHS Hammersmith And Fulham CCG,10/31/2018,C&M-GMS Prem Notional Rent,PRC DELEGATED CO-COMMISSIONING,DR GC LAWLEY,24454371,"6,707.92 ",,LNM000032333
Department of Health,NHS Hammersmith And Fulham CCG,10/31/2018,C&M-GMS Prem Rates,PRC DELEGATED CO-COMMISSIONING,DR GC LAWLEY,24454371,"3,127.23 ",,LNM000032333
Department of Health,NHS Hammersmith And Fulham CCG,10/31/2018,C&M-GMS Prof Fees Prescribing,PRC DELEGATED CO-COMMISSIONING,DR GC LAWLEY,24454371,207.00 ,,LNM000032333
Department of Health,NHS Hammersmith And Fulham CCG,10/31/2018,C&M-GMS QOF Aspiration,PRC DELEGATED CO-COMMISSIONING,DR GC LAWLEY,24454371,"5,961.73 ",,LNM000032333
Department of Health,NHS Hammersmith And Fulham CCG,10/31/2018,C&M-GMS Global Sum,PRC DELEGATED CO-COMMISSIONING,DR J HARROP-GRIFFITHS & PTRS,24454373,"61,997.75 ",,LNM000032335
Department of Health,NHS Hammersmith And Fulham CCG,10/31/2018,C&M-GMS MPIG Correction Factor,PRC DELEGATED CO-COMMISSIONING,DR J HARROP-GRIFFITHS & PTRS,24454373,324.03 ,,LNM000032335
Department of Health,NHS Hammersmith And Fulham CCG,10/31/2018,C&M-GMS Prem Notional Rent,PRC DELEGATED CO-COMMISSIONING,DR J HARROP-GRIFFITHS & PTRS,24454373,"10,458.33 ",,LNM000032335
Department of Health,NHS Hammersmith And Fulham CCG,10/31/2018,C&M-GMS QOF Aspiration,PRC DELEGATED CO-COMMISSIONING,DR J HARROP-GRIFFITHS & PTRS,24454373,"4,571.80 ",,LNM000032335
Department of Health,NHS Hammersmith And Fulham CCG,10/31/2018,C&M-GMS Cost of Drugs -Prescribing,LOCAL ENHANCED SERVICES,DR J JOLLY,24454375,384.74 ,,LNM000032337
Department of Health,NHS Hammersmith And Fulham CCG,10/31/2018,C&M-GMS Global Sum,PRC DELEGATED CO-COMMISSIONING,DR J JOLLY,24454375,"41,254.28 ",,LNM000032337
Department of Health,NHS Hammersmith And Fulham CCG,10/31/2018,C&M-GMS Prem Rates,PRC DELEGATED CO-COMMISSIONING,DR J JOLLY,24454375,741.36 ,,LNM000032337
Department of Health,NHS Hammersmith And Fulham CCG,10/31/2018,C&M-GMS Prof Fees Prescribing,PRC DELEGATED CO-COMMISSIONING,DR J JOLLY,24454375,55.20 ,,LNM000032337
Department of Health,NHS Hammersmith And Fulham CCG,10/31/2018,C&M-GMS QOF Aspiration,PRC DELEGATED CO-COMMISSIONING,DR J JOLLY,24454375,"3,042.88 ",,LNM000032337
Department of Health,NHS Hammersmith And Fulham CCG,10/31/2018,C&M-GMS Cost of Drugs -Prescribing,LOCAL ENHANCED SERVICES,DR JI KOPPEL,24454377,548.12 ,,LNM000032339
Department of Health,NHS Hammersmith And Fulham CCG,10/31/2018,C&M-GMS Global Sum,PRC DELEGATED CO-COMMISSIONING,DR JI KOPPEL,24454377,"83,487.66 ",,LNM000032339
Department of Health,NHS Hammersmith And Fulham CCG,10/31/2018,C&M-GMS MPIG Correction Factor,PRC DELEGATED CO-COMMISSIONING,DR JI KOPPEL,24454377,"1,247.65 ",,LNM000032339
Department of Health,NHS Hammersmith And Fulham CCG,10/31/2018,C&M-GMS Prem Notional Rent,PRC DELEGATED CO-COMMISSIONING,DR JI KOPPEL,24454377,"2,575.00 ",,LNM000032339
Department of Health,NHS Hammersmith And Fulham CCG,10/31/2018,C&M-GMS Prem Rates,PRC DELEGATED CO-COMMISSIONING,DR JI KOPPEL,24454377,"4,124.42 ",,LNM000032339
Department of Health,NHS Hammersmith And Fulham CCG,10/31/2018,C&M-GMS Prof Fees Prescribing,PRC DELEGATED CO-COMMISSIONING,DR JI KOPPEL,24454377,46.00 ,,LNM000032339
Department of Health,NHS Hammersmith And Fulham CCG,10/31/2018,C&M-GMS QOF Aspiration,PRC DELEGATED CO-COMMISSIONING,DR JI KOPPEL,24454377,"5,731.75 ",,LNM000032339
Department of Health,NHS Hammersmith And Fulham CCG,10/31/2018,C&M-GMS Cost of Drugs -Prescribing,LOCAL ENHANCED SERVICES,DR K WINAYAK,24454379,"2,949.62 ",,LNM000032341
Department of Health,NHS Hammersmith And Fulham CCG,10/31/2018,C&M-GMS Global Sum,PRC DELEGATED CO-COMMISSIONING,DR K WINAYAK,24454379,"38,873.05 ",,LNM000032341
Department of Health,NHS Hammersmith And Fulham CCG,10/31/2018,C&M-GMS PCO Other,PRC DELEGATED CO-COMMISSIONING,DR K WINAYAK,24454379,"3,370.00 ",,LNM000032341
Department of Health,NHS Hammersmith And Fulham CCG,10/31/2018,C&M-GMS Prem Notional Rent,PRC DELEGATED CO-COMMISSIONING,DR K WINAYAK,24454379,"4,033.33 ",,LNM000032341
Department of Health,NHS Hammersmith And Fulham CCG,10/31/2018,C&M-GMS Prof Fees Prescribing,PRC DELEGATED CO-COMMISSIONING,DR K WINAYAK,24454379,246.10 ,,LNM000032341
Department of Health,NHS Hammersmith And Fulham CCG,10/31/2018,C&M-GMS QOF Aspiration,PRC DELEGATED CO-COMMISSIONING,DR K WINAYAK,24454379,"1,829.27 ",,LNM000032341
Department of Health,NHS Hammersmith And Fulham CCG,10/31/2018,C&M-GMS Global Sum,PRC DELEGATED CO-COMMISSIONING,DR MAL EVANS,24454381,"60,331.11 ",,LNM000032343
Department of Health,NHS Hammersmith And Fulham CCG,10/31/2018,C&M-GMS MPIG Correction Factor,PRC DELEGATED CO-COMMISSIONING,DR MAL EVANS,24454381,73.73 ,,LNM000032343
Department of Health,NHS Hammersmith And Fulham CCG,10/31/2018,C&M-GMS Prem Notional Rent,PRC DELEGATED CO-COMMISSIONING,DR MAL EVANS,24454381,"5,252.00 ",,LNM000032343
Department of Health,NHS Hammersmith And Fulham CCG,10/31/2018,C&M-GMS QOF Aspiration,PRC DELEGATED CO-COMMISSIONING,DR MAL EVANS,24454381,"4,688.37 ",,LNM000032343
Department of Health,NHS Hammersmith And Fulham CCG,10/31/2018,C&M-GMS Cost of Drugs -Prescribing,LOCAL ENHANCED SERVICES,DR S DASGUPTA,24454383,871.00 ,,LNM000032345
Department of Health,NHS Hammersmith And Fulham CCG,10/31/2018,C&M-GMS Global Sum,PRC DELEGATED CO-COMMISSIONING,DR S DASGUPTA,24454383,"27,639.93 ",,LNM000032345
Department of Health,NHS Hammersmith And Fulham CCG,10/31/2018,C&M-GMS MPIG Correction Factor,PRC DELEGATED CO-COMMISSIONING,DR S DASGUPTA,24454383,71.11 ,,LNM000032345
Department of Health,NHS Hammersmith And Fulham CCG,10/31/2018,C&M-GMS Prem Notional Rent,PRC DELEGATED CO-COMMISSIONING,DR S DASGUPTA,24454383,"5,916.67 ",,LNM000032345
Department of Health,NHS Hammersmith And Fulham CCG,10/31/2018,C&M-GMS Prem Rates,PRC DELEGATED CO-COMMISSIONING,DR S DASGUPTA,24454383,"2,032.00 ",,LNM000032345
Department of Health,NHS Hammersmith And Fulham CCG,10/31/2018,C&M-GMS Prof Fees Prescribing,PRC DELEGATED CO-COMMISSIONING,DR S DASGUPTA,24454383,98.90 ,,LNM000032345
Department of Health,NHS Hammersmith And Fulham CCG,10/31/2018,C&M-GMS QOF Aspiration,PRC DELEGATED CO-COMMISSIONING,DR S DASGUPTA,24454383,"1,819.05 ",,LNM000032345
Department of Health,NHS Hammersmith And Fulham CCG,10/31/2018,C&M-GMS Global Sum,PRC DELEGATED CO-COMMISSIONING,DR RK KUKAR,24454385,"43,011.11 ",,LNM000032347
Department of Health,NHS Hammersmith And Fulham CCG,10/31/2018,C&M-GMS MPIG Correction Factor,PRC DELEGATED CO-COMMISSIONING,DR RK KUKAR,24454385,"1,098.70 ",,LNM000032347
Department of Health,NHS Hammersmith And Fulham CCG,10/31/2018,C&M-GMS PCO Locum Sickness,PRC DELEGATED CO-COMMISSIONING,DR RK KUKAR,24454385,263.32 ,,LNM000032347
Department of Health,NHS Hammersmith And Fulham CCG,10/31/2018,C&M-GMS Prem Actual Rent,PRC DELEGATED CO-COMMISSIONING,DR RK KUKAR,24454385,"35,023.97 ",,LNM000032347
Department of Health,NHS Hammersmith And Fulham CCG,10/31/2018,C&M-GMS QOF Aspiration,PRC DELEGATED CO-COMMISSIONING,DR RK KUKAR,24454385,"1,958.56 ",,LNM000032347
Department of Health,NHS Hammersmith And Fulham CCG,10/31/2018,C&M-GMS GP Statutory Levy,PRC DELEGATED CO-COMMISSIONING,DR PFR FERNANDES,24454388,(503.39),,LNM000032350
Department of Health,NHS Hammersmith And Fulham CCG,10/31/2018,ME - GMS TPS Added Years Adj EEs,PRC DELEGATED CO-COMMISSIONING,DR PFR FERNANDES,24454388,"(2,398.47)",,LNM000032350
Department of Health,NHS Hammersmith And Fulham CCG,10/31/2018,ME-GMS GP Pension EEs,PRC DELEGATED CO-COMMISSIONING,DR PFR FERNANDES,24454388,"(18,948.36)",,LNM000032350
Department of Health,NHS Hammersmith And Fulham CCG,10/31/2018,ME-GMS GP Pension ERs Adjustments,PRC DELEGATED CO-COMMISSIONING,DR PFR FERNANDES,24454388,"(17,348.32)",,LNM000032350
Department of Health,NHS Hammersmith And Fulham CCG,10/31/2018,C&M-GMS Cost of Drugs -Prescribing,LOCAL ENHANCED SERVICES,DR PFR FERNANDES,24454389,944.77 ,,LNM000032351
Department of Health,NHS Hammersmith And Fulham CCG,10/31/2018,C&M-GMS Global Sum,PRC DELEGATED CO-COMMISSIONING,DR PFR FERNANDES,24454389,"78,713.74 ",,LNM000032351
Department of Health,NHS Hammersmith And Fulham CCG,10/31/2018,C&M-GMS MPIG Correction Factor,PRC DELEGATED CO-COMMISSIONING,DR PFR FERNANDES,24454389,514.49 ,,LNM000032351
Department of Health,NHS Hammersmith And Fulham CCG,10/31/2018,C&M-GMS Prem Notional Rent,PRC DELEGATED CO-COMMISSIONING,DR PFR FERNANDES,24454389,"18,400.00 ",,LNM000032351
Department of Health,NHS Hammersmith And Fulham CCG,10/31/2018,C&M-GMS Prem Rates,PRC DELEGATED CO-COMMISSIONING,DR PFR FERNANDES,24454389,"2,861.13 ",,LNM000032351
Department of Health,NHS Hammersmith And Fulham CCG,10/31/2018,C&M-GMS Prof Fees Prescribing,PRC DELEGATED CO-COMMISSIONING,DR PFR FERNANDES,24454389,112.70 ,,LNM000032351
Department of Health,NHS Hammersmith And Fulham CCG,10/31/2018,C&M-GMS QOF Aspiration,PRC DELEGATED CO-COMMISSIONING,DR PFR FERNANDES,24454389,"5,783.20 ",,LNM000032351
Department of Health,NHS Hammersmith And Fulham CCG,10/31/2018,C&M-GMS Cost of Drugs -Prescribing,LOCAL ENHANCED SERVICES,DR SF ARAS & PARTNERS,24454391,395.86 ,,LNM000032353
Department of Health,NHS Hammersmith And Fulham CCG,10/31/2018,C&M-GMS Global Sum,PRC DELEGATED CO-COMMISSIONING,DR SF ARAS & PARTNERS,24454391,"77,729.66 ",,LNM000032353
Department of Health,NHS Hammersmith And Fulham CCG,10/31/2018,C&M-GMS MPIG Correction Factor,PRC DELEGATED CO-COMMISSIONING,DR SF ARAS & PARTNERS,24454391,"1,403.28 ",,LNM000032353
Department of Health,NHS Hammersmith And Fulham CCG,10/31/2018,C&M-GMS PCO Other,PRC DELEGATED CO-COMMISSIONING,DR SF ARAS & PARTNERS,24454391,"3,832.00 ",,LNM000032353
Department of Health,NHS Hammersmith And Fulham CCG,10/31/2018,C&M-GMS Prem Notional Rent,PRC DELEGATED CO-COMMISSIONING,DR SF ARAS & PARTNERS,24454391,"9,942.25 ",,LNM000032353
Department of Health,NHS Hammersmith And Fulham CCG,10/31/2018,C&M-GMS Prem Rates,PRC DELEGATED CO-COMMISSIONING,DR SF ARAS & PARTNERS,24454391,"5,520.20 ",,LNM000032353
Department of Health,NHS Hammersmith And Fulham CCG,10/31/2018,C&M-GMS Prof Fees Prescribing,PRC DELEGATED CO-COMMISSIONING,DR SF ARAS & PARTNERS,24454391,52.90 ,,LNM000032353
Department of Health,NHS Hammersmith And Fulham CCG,10/31/2018,C&M-GMS QOF Aspiration,PRC DELEGATED CO-COMMISSIONING,DR SF ARAS & PARTNERS,24454391,"3,960.27 ",,LNM000032353
Department of Health,NHS Hammersmith And Fulham CCG,10/31/2018,C&M-GMS Cost of Drugs -Prescribing,LOCAL ENHANCED SERVICES,DR SAMJI & PARTNERS,24454393,"3,691.25 ",,LNM000032355
Department of Health,NHS Hammersmith And Fulham CCG,10/31/2018,C&M-GMS Global Sum,PRC DELEGATED CO-COMMISSIONING,DR SAMJI & PARTNERS,24454393,"90,446.98 ",,LNM000032355
Department of Health,NHS Hammersmith And Fulham CCG,10/31/2018,C&M-GMS MPIG Correction Factor,PRC DELEGATED CO-COMMISSIONING,DR SAMJI & PARTNERS,24454393,299.19 ,,LNM000032355
Department of Health,NHS Hammersmith And Fulham CCG,10/31/2018,C&M-GMS PCO Other,PRC DELEGATED CO-COMMISSIONING,DR SAMJI & PARTNERS,24454393,"7,260.00 ",,LNM000032355
Department of Health,NHS Hammersmith And Fulham CCG,10/31/2018,C&M-GMS Prem Actual Rent,PRC DELEGATED CO-COMMISSIONING,DR SAMJI & PARTNERS,24454393,"22,266.00 ",,LNM000032355
Department of Health,NHS Hammersmith And Fulham CCG,10/31/2018,C&M-GMS Prem Rates,PRC DELEGATED CO-COMMISSIONING,DR SAMJI & PARTNERS,24454393,"2,115.79 ",,LNM000032355
Department of Health,NHS Hammersmith And Fulham CCG,10/31/2018,C&M-GMS Prem Water Rates,PRC DELEGATED CO-COMMISSIONING,DR SAMJI & PARTNERS,24454393,"2,110.90 ",,LNM000032355
Department of Health,NHS Hammersmith And Fulham CCG,10/31/2018,C&M-GMS Prof Fees Prescribing,PRC DELEGATED CO-COMMISSIONING,DR SAMJI & PARTNERS,24454393,358.80 ,,LNM000032355
Department of Health,NHS Hammersmith And Fulham CCG,10/31/2018,C&M-GMS QOF Aspiration,PRC DELEGATED CO-COMMISSIONING,DR SAMJI & PARTNERS,24454393,"6,940.10 ",,LNM000032355
Department of Health,NHS Hammersmith And Fulham CCG,10/31/2018,ME - GMS GP Prior Year ERs,PRC DELEGATED CO-COMMISSIONING,DR SAMJI & PARTNERS,24454393,"3,115.68 ",,LNM000032355
Department of Health,NHS Hammersmith And Fulham CCG,10/31/2018,ME-GMS GP Pension EEs Adjustments,PRC DELEGATED CO-COMMISSIONING,DR SAMJI & PARTNERS,24454393,"1,203.02 ",,LNM000032355
Department of Health,NHS Hammersmith And Fulham CCG,10/31/2018,ME-GMS GP Pension ERs Adjustments,PRC DELEGATED CO-COMMISSIONING,DR SAMJI & PARTNERS,24454393,"1,281.45 ",,LNM000032355
Department of Health,NHS Hammersmith And Fulham CCG,10/31/2018,ME-GMS GP Prior Year EEs,PRC DELEGATED CO-COMMISSIONING,DR SAMJI & PARTNERS,24454393,"2,925.00 ",,LNM000032355
Department of Health,NHS Hammersmith And Fulham CCG,10/31/2018,C&M-GMS Global Sum,PRC DELEGATED CO-COMMISSIONING,DR Z HUSSAIN,24454395,"21,353.62 ",,LNM000032357
Department of Health,NHS Hammersmith And Fulham CCG,10/31/2018,C&M-GMS MPIG Correction Factor,PRC DELEGATED CO-COMMISSIONING,DR Z HUSSAIN,24454395,836.79 ,,LNM000032357
Department of Health,NHS Hammersmith And Fulham CCG,10/31/2018,C&M-GMS Prem Healthcentre Rent,PRC DELEGATED CO-COMMISSIONING,DR Z HUSSAIN,24454395,"90,000.00 ",,LNM000032357
Department of Health,NHS Hammersmith And Fulham CCG,10/31/2018,C&M-GMS QOF Aspiration,PRC DELEGATED CO-COMMISSIONING,DR Z HUSSAIN,24454395,928.00 ,,LNM000032357
Department of Health,NHS Hammersmith And Fulham CCG,10/31/2018,C&M-GMS Global Sum,PRC DELEGATED CO-COMMISSIONING,FULHAM MEDICAL CENTRE,24454397,"49,286.74 ",,LNM000032359
Department of Health,NHS Hammersmith And Fulham CCG,10/31/2018,C&M-GMS MPIG Correction Factor,PRC DELEGATED CO-COMMISSIONING,FULHAM MEDICAL CENTRE,24454397,"1,229.20 ",,LNM000032359
Department of Health,NHS Hammersmith And Fulham CCG,10/31/2018,C&M-GMS Prem Rates,PRC DELEGATED CO-COMMISSIONING,FULHAM MEDICAL CENTRE,24454397,"2,238.77 ",,LNM000032359
Department of Health,NHS Hammersmith And Fulham CCG,10/31/2018,C&M-GMS QOF Aspiration,PRC DELEGATED CO-COMMISSIONING,FULHAM MEDICAL CENTRE,24454397,"3,669.46 ",,LNM000032359
Department of Health,NHS Hammersmith And Fulham CCG,10/31/2018,C&M-GMS Global Sum,PRC DELEGATED CO-COMMISSIONING,LILLIE ROAD PRACTICE,24454399,"261,378.36 ",,LNM000032361
Department of Health,NHS Hammersmith And Fulham CCG,10/31/2018,C&M-GMS MPIG Correction Factor,PRC DELEGATED CO-COMMISSIONING,LILLIE ROAD PRACTICE,24454399,110.89 ,,LNM000032361
Department of Health,NHS Hammersmith And Fulham CCG,10/31/2018,C&M-GMS Prem Notional Rent,PRC DELEGATED CO-COMMISSIONING,LILLIE ROAD PRACTICE,24454399,"3,575.00 ",,LNM000032361
Department of Health,NHS Hammersmith And Fulham CCG,10/31/2018,C&M-GMS Prem Rates,PRC DELEGATED CO-COMMISSIONING,LILLIE ROAD PRACTICE,24454399,"1,008.24 ",,LNM000032361
Department of Health,NHS Hammersmith And Fulham CCG,10/31/2018,C&M-GMS QOF Aspiration,PRC DELEGATED CO-COMMISSIONING,LILLIE ROAD PRACTICE,24454399,"4,853.48 ",,LNM000032361
Department of Health,NHS Hammersmith And Fulham CCG,10/31/2018,C&M-GMS Global Sum,PRC DELEGATED CO-COMMISSIONING,SHEPHERDS BUSH MEDICAL CENTRE,24454402,"26,519.28 ",,LNM000032364
Department of Health,NHS Hammersmith And Fulham CCG,10/31/2018,C&M-GMS Prem Notional Rent,PRC DELEGATED CO-COMMISSIONING,SHEPHERDS BUSH MEDICAL CENTRE,24454402,"3,321.67 ",,LNM000032364
Department of Health,NHS Hammersmith And Fulham CCG,10/31/2018,C&M-GMS QOF Aspiration,PRC DELEGATED CO-COMMISSIONING,SHEPHERDS BUSH MEDICAL CENTRE,24454402,"1,828.35 ",,LNM000032364
Department of Health,NHS Hammersmith And Fulham CCG,10/31/2018,C&M-GMS Cost of Drugs -Prescribing,LOCAL ENHANCED SERVICES,DR JEFFERIES & PARTNERS,24454404,"2,711.78 ",,LNM000032366
Department of Health,NHS Hammersmith And Fulham CCG,10/31/2018,C&M-GMS Global Sum,PRC DELEGATED CO-COMMISSIONING,DR JEFFERIES & PARTNERS,24454404,"90,540.54 ",,LNM000032366
Department of Health,NHS Hammersmith And Fulham CCG,10/31/2018,C&M-GMS MPIG Correction Factor,PRC DELEGATED CO-COMMISSIONING,DR JEFFERIES & PARTNERS,24454404,66.28 ,,LNM000032366
Department of Health,NHS Hammersmith And Fulham CCG,10/31/2018,C&M-GMS Prem Notional Rent,PRC DELEGATED CO-COMMISSIONING,DR JEFFERIES & PARTNERS,24454404,"11,941.67 ",,LNM000032366
Department of Health,NHS Hammersmith And Fulham CCG,10/31/2018,C&M-GMS Prem Rates,PRC DELEGATED CO-COMMISSIONING,DR JEFFERIES & PARTNERS,24454404,"4,593.38 ",,LNM000032366
Department of Health,NHS Hammersmith And Fulham CCG,10/31/2018,C&M-GMS Prof Fees Prescribing,PRC DELEGATED CO-COMMISSIONING,DR JEFFERIES & PARTNERS,24454404,409.40 ,,LNM000032366
Department of Health,NHS Hammersmith And Fulham CCG,10/31/2018,C&M-GMS QOF Aspiration,PRC DELEGATED CO-COMMISSIONING,DR JEFFERIES & PARTNERS,24454404,"8,437.30 ",,LNM000032366
Department of Health,NHS Hammersmith And Fulham CCG,10/31/2018,C&M-GMS Cost of Drugs -Prescribing,LOCAL ENHANCED SERVICES,DR LAURENCE SLATER,24454406,898.83 ,,LNM000032368
Department of Health,NHS Hammersmith And Fulham CCG,10/31/2018,C&M-GMS Global Sum,PRC DELEGATED CO-COMMISSIONING,DR LAURENCE SLATER,24454406,"33,828.20 ",,LNM000032368
Department of Health,NHS Hammersmith And Fulham CCG,10/31/2018,C&M-GMS MPIG Correction Factor,PRC DELEGATED CO-COMMISSIONING,DR LAURENCE SLATER,24454406,996.71 ,,LNM000032368
Department of Health,NHS Hammersmith And Fulham CCG,10/31/2018,C&M-GMS Prof Fees Prescribing,PRC DELEGATED CO-COMMISSIONING,DR LAURENCE SLATER,24454406,98.90 ,,LNM000032368
Department of Health,NHS Hammersmith And Fulham CCG,10/31/2018,C&M-GMS QOF Aspiration,PRC DELEGATED CO-COMMISSIONING,DR LAURENCE SLATER,24454406,"2,069.50 ",,LNM000032368
Department of Health,NHS Hammersmith And Fulham CCG,10/31/2018,C&M-GMS Cost of Drugs -Prescribing,LOCAL ENHANCED SERVICES,PARKVIEW PRACTICE,24454408,238.67 ,,LNM000032370
Department of Health,NHS Hammersmith And Fulham CCG,10/31/2018,C&M-GMS Global Sum,PRC DELEGATED CO-COMMISSIONING,PARKVIEW PRACTICE,24454408,"51,620.73 ",,LNM000032370
Department of Health,NHS Hammersmith And Fulham CCG,10/31/2018,C&M-GMS MPIG Correction Factor,PRC DELEGATED CO-COMMISSIONING,PARKVIEW PRACTICE,24454408,940.27 ,,LNM000032370
Department of Health,NHS Hammersmith And Fulham CCG,10/31/2018,C&M-GMS Prof Fees Prescribing,PRC DELEGATED CO-COMMISSIONING,PARKVIEW PRACTICE,24454408,23.00 ,,LNM000032370
Department of Health,NHS Hammersmith And Fulham CCG,10/31/2018,C&M-GMS QOF Aspiration,PRC DELEGATED CO-COMMISSIONING,PARKVIEW PRACTICE,24454408,"3,590.34 ",,LNM000032370
Department of Health,NHS Hammersmith And Fulham CCG,10/31/2018,C&M-GMS Cost of Drugs -Prescribing,LOCAL ENHANCED SERVICES,DR GS UPPAL & PARTNER,24456953,984.03 ,,LNM000032331
Department of Health,NHS Hammersmith And Fulham CCG,10/31/2018,C&M-GMS Global Sum,PRC DELEGATED CO-COMMISSIONING,DR GS UPPAL & PARTNER,24456953,"55,844.55 ",,LNM000032331
Department of Health,NHS Hammersmith And Fulham CCG,10/31/2018,C&M-GMS MPIG Correction Factor,PRC DELEGATED CO-COMMISSIONING,DR GS UPPAL & PARTNER,24456953,246.45 ,,LNM000032331
Department of Health,NHS Hammersmith And Fulham CCG,10/31/2018,C&M-GMS Prem Notional Rent,PRC DELEGATED CO-COMMISSIONING,DR GS UPPAL & PARTNER,24456953,"3,704.17 ",,LNM000032331
Department of Health,NHS Hammersmith And Fulham CCG,10/31/2018,C&M-GMS Prof Fees Prescribing,PRC DELEGATED CO-COMMISSIONING,DR GS UPPAL & PARTNER,24456953,71.30 ,,LNM000032331
Department of Health,NHS Hammersmith And Fulham CCG,10/31/2018,C&M-GMS QOF Aspiration,PRC DELEGATED CO-COMMISSIONING,DR GS UPPAL & PARTNER,24456953,"4,196.29 ",,LNM000032331
Department of Health,NHS Hammersmith And Fulham CCG,10/31/2018,Hcare Srv Rec Fdtn Trust-Prior Year,ACUTE COMMISSIONING,UNIVERSITY COLLEGE LONDON HOSPITALS NHS FOUNDATION TRUST,24465229,"75,763.00 ",654948687,PERA1418
Department of Health,NHS Hammersmith And Fulham CCG,10/31/2018,Hcare Srv Rec Fdtn Trust-Contract Baseline,ACUTE COMMISSIONING,GUYS & ST THOMAS HOSPITAL NHS FOUNDATION TRUST,24465288,"97,930.00 ",654923417,3243173
Department of Health,NHS Hammersmith And Fulham CCG,10/31/2018,Hcare Srv Rec Fdtn Trust-Contract Baseline,ACUTE COMMISSIONING,GUYS & ST THOMAS HOSPITAL NHS FOUNDATION TRUST,24465290,"61,161.00 ",654923417,3244666
Department of Health,NHS Hammersmith And Fulham CCG,10/31/2018,Hcare Srv Rec Fdtn Trust-Contract Baseline,ACUTE COMMISSIONING,GUYS & ST THOMAS HOSPITAL NHS FOUNDATION TRUST,24465293,"92,279.00 ",654923417,3246489
Department of Health,NHS Hammersmith And Fulham CCG,10/31/2018,Hcare Srv Rec NHS Trust-Contract Baseline,COMMUNITY SERVICES,CENTRAL LONDON COMMUNITY HEALTHCARE NHS TRUST,24469146,"1,219,022.77 ",654440485,1000012319
Department of Health,NHS Hammersmith And Fulham CCG,10/31/2018,Hcare Srv Rec NHS Trust-Contract Baseline,ACUTE COMMISSIONING,IMPERIAL COLLEGE HEALTHCARE NHS TRUST,24469149,"7,022,151.00 ",654945990,H0165905
Department of Health,NHS Hammersmith And Fulham CCG,10/31/2018,C&M-GMS Cost of Drugs -Prescribing,LOCAL ENHANCED SERVICES,BROOK GREEN MEDICAL CENTRE,24474048,"1,357.97 ",,LNM000032323
Department of Health,NHS Hammersmith And Fulham CCG,10/31/2018,C&M-GMS Global Sum,PRC DELEGATED CO-COMMISSIONING,BROOK GREEN MEDICAL CENTRE,24474048,"106,132.43 ",,LNM000032323
Department of Health,NHS Hammersmith And Fulham CCG,10/31/2018,C&M-GMS MPIG Correction Factor,PRC DELEGATED CO-COMMISSIONING,BROOK GREEN MEDICAL CENTRE,24474048,254.47 ,,LNM000032323
Department of Health,NHS Hammersmith And Fulham CCG,10/31/2018,C&M-GMS PCO Other,PRC DELEGATED CO-COMMISSIONING,BROOK GREEN MEDICAL CENTRE,24474048,"8,416.00 ",,LNM000032323
Department of Health,NHS Hammersmith And Fulham CCG,10/31/2018,C&M-GMS Prem Notional Rent,PRC DELEGATED CO-COMMISSIONING,BROOK GREEN MEDICAL CENTRE,24474048,"13,916.67 ",,LNM000032323
Department of Health,NHS Hammersmith And Fulham CCG,10/31/2018,C&M-GMS Prem Rates,PRC DELEGATED CO-COMMISSIONING,BROOK GREEN MEDICAL CENTRE,24474048,"1,638.39 ",,LNM000032323
Department of Health,NHS Hammersmith And Fulham CCG,10/31/2018,C&M-GMS Prem Water Rates,PRC DELEGATED CO-COMMISSIONING,BROOK GREEN MEDICAL CENTRE,24474048,"2,389.99 ",,LNM000032323
Department of Health,NHS Hammersmith And Fulham CCG,10/31/2018,C&M-GMS Prof Fees Prescribing,PRC DELEGATED CO-COMMISSIONING,BROOK GREEN MEDICAL CENTRE,24474048,232.30 ,,LNM000032323
Department of Health,NHS Hammersmith And Fulham CCG,10/31/2018,C&M-GMS QOF Aspiration,PRC DELEGATED CO-COMMISSIONING,BROOK GREEN MEDICAL CENTRE,24474048,"7,503.17 ",,LNM000032323
Department of Health,NHS Hammersmith And Fulham CCG,10/31/2018,ME - GMS GP Prior Year ERs,PRC DELEGATED CO-COMMISSIONING,BROOK GREEN MEDICAL CENTRE,24474048,"11,432.88 ",,LNM000032323
Department of Health,NHS Hammersmith And Fulham CCG,10/31/2018,ME-GMS GP Prior Year EEs,PRC DELEGATED CO-COMMISSIONING,BROOK GREEN MEDICAL CENTRE,24474048,"10,793.28 ",,LNM000032323
Department of Health,NHS Hammersmith And Fulham CCG,10/31/2018,C&M-GMS Global Sum,PRC DELEGATED CO-COMMISSIONING,DR C ELLIOTT,24474049,"32,499.13 ",,LNM000032327
Department of Health,NHS Hammersmith And Fulham CCG,10/31/2018,C&M-GMS MPIG Correction Factor,PRC DELEGATED CO-COMMISSIONING,DR C ELLIOTT,24474049,896.97 ,,LNM000032327
Department of Health,NHS Hammersmith And Fulham CCG,10/31/2018,C&M-GMS Prem Notional Rent,PRC DELEGATED CO-COMMISSIONING,DR C ELLIOTT,24474049,"2,037.50 ",,LNM000032327
Department of Health,NHS Hammersmith And Fulham CCG,10/31/2018,C&M-GMS QOF Aspiration,PRC DELEGATED CO-COMMISSIONING,DR C ELLIOTT,24474049,"1,862.24 ",,LNM000032327
Department of Health,NHS Hammersmith And Fulham CCG,10/31/2018,ME - GMS GP Prior Year ERs,PRC DELEGATED CO-COMMISSIONING,DR C ELLIOTT,24474049,"2,011.40 ",,LNM000032327
Department of Health,NHS Hammersmith And Fulham CCG,10/31/2018,ME-GMS GP Prior Year AVCs,PRC DELEGATED CO-COMMISSIONING,DR C ELLIOTT,24474049,510.01 ,,LNM000032327
Department of Health,NHS Hammersmith And Fulham CCG,10/31/2018,ME-GMS GP Prior Year EEs,PRC DELEGATED CO-COMMISSIONING,DR C ELLIOTT,24474049,"2,595.90 ",,LNM000032327
Department of Health,NHS Hammersmith And Fulham CCG,10/31/2018,C&M-GMS Cost of Drugs -Prescribing,LOCAL ENHANCED SERVICES,DR D OGALLAGHER,24474050,"4,239.29 ",,LNM000032329
Department of Health,NHS Hammersmith And Fulham CCG,10/31/2018,C&M-GMS Global Sum,PRC DELEGATED CO-COMMISSIONING,DR D OGALLAGHER,24474050,"73,810.97 ",,LNM000032329
Department of Health,NHS Hammersmith And Fulham CCG,10/31/2018,C&M-GMS PCO Other,PRC DELEGATED CO-COMMISSIONING,DR D OGALLAGHER,24474050,"10,524.00 ",,LNM000032329
Department of Health,NHS Hammersmith And Fulham CCG,10/31/2018,C&M-GMS Prem Rates,PRC DELEGATED CO-COMMISSIONING,DR D OGALLAGHER,24474050,"2,153.12 ",,LNM000032329
Department of Health,NHS Hammersmith And Fulham CCG,10/31/2018,C&M-GMS Prof Fees Prescribing,PRC DELEGATED CO-COMMISSIONING,DR D OGALLAGHER,24474050,437.00 ,,LNM000032329
Department of Health,NHS Hammersmith And Fulham CCG,10/31/2018,C&M-GMS QOF Aspiration,PRC DELEGATED CO-COMMISSIONING,DR D OGALLAGHER,24474050,"5,353.67 ",,LNM000032329
Department of Health,NHS Hammersmith And Fulham CCG,10/31/2018,ME - GMS GP Prior Year ERs,PRC DELEGATED CO-COMMISSIONING,DR D OGALLAGHER,24474050,"2,017.84 ",,LNM000032329
Department of Health,NHS Hammersmith And Fulham CCG,10/31/2018,ME-GMS GP Pension EEs Adjustments,PRC DELEGATED CO-COMMISSIONING,DR D OGALLAGHER,24474050,518.59 ,,LNM000032329
Department of Health,NHS Hammersmith And Fulham CCG,10/31/2018,ME-GMS GP Pension ERs Adjustments,PRC DELEGATED CO-COMMISSIONING,DR D OGALLAGHER,24474050,504.46 ,,LNM000032329
Department of Health,NHS Hammersmith And Fulham CCG,10/31/2018,ME-GMS GP Prior Year EEs,PRC DELEGATED CO-COMMISSIONING,DR D OGALLAGHER,24474050,"2,074.36 ",,LNM000032329
Department of Health,NHS Hammersmith And Fulham CCG,10/31/2018,Hcare Srv Rec NHS Trust-Contract Baseline,ACUTE COMMISSIONING,ST GEORGES UNIVERSITY HOSPITALS NHS FOUNDATION TRUST,24505986,"29,815.00 ",GB654461922,6425090
Department of Health,NHS Hammersmith And Fulham CCG,10/31/2018,Clinical&Medical-Voluntary Sector,COMMISSIONING - NON ACUTE,MARIE STOPES INTERNATIONAL,24506042,"26,799.00 ",882426016,MS181763
Department of Health,NHS Hammersmith And Fulham CCG,10/31/2018,Clinical&Medical-Commercial Sector,COMMISSIONING - NON ACUTE,INHEALTH LTD,24506081,"54,214.14 ",787424685,IHLIN0010198
Department of Health,NHS Hammersmith And Fulham CCG,10/31/2018,Clinical&Medical-Commercial Sector,WHEELCHAIR SERVICE,AJ MOBILITY LTD,24506094,"56,894.70 ",,520592
Department of Health,NHS Hammersmith And Fulham CCG,10/31/2018,C&M-GMS Voluntary Levy,PRC DELEGATED CO-COMMISSIONING,LONDONWIDE LMCS,24506179,"35,213.75 ",,2125
Department of Health,NHS Hammersmith And Fulham CCG,10/31/2018,Clinical&Medical-Independent Sector,LOCAL ENHANCED SERVICES,H&F GP FEDERATION,24506247,"32,334.88 ",,311
,,,,,,,,,
,,,,,,,,,
,,,,,,,,,
,,,,,,,,,
,,,,,,,,,
,,,,,,,,,
,,,,,,,,,
,,,,,,,,,
,,,,,,,,,
,,,,,,,,,
,,,,,,,,,
,,,,,,,,,
,,,,,,,,,
,,,,,,,,,
,,,,,,,,,
,,,,,,,,,
,,,,,,,,,
,,,,,,,,,
,,,,,,,,,
,,,,,,,,,
,,,,,,,,,
,,,,,,,,,
,,,,,,,,,
,,,,,,,,,
,,,,,,,,,
,,,,,,,,,
,,,,,,,,,
,,,,,,,,,
,,,,,,,,,
,,,,,,,,,
,,,,,,,,,
,,,,,,,,,
,,,,,,,,,
,,,,,,,,,
,,,,,,,,,
,,,,,,,,,
,,,,,,,,,
,,,,,,,,,
,,,,,,,,,
,,,,,,,,,
,,,,,,,,,
,,,,,,,,,
,,,,,,,,,
,,,,,,,,,
,,,,,,,,,
,,,,,,,,,
,,,,,,,,,
,,,,,,,,,
,,,,,,,,,
,,,,,,,,,
,,,,,,,,,
,,,,,,,,,
,,,,,,,,,
,,,,,,,,,
,,,,,,,,,
,,,,,,,,,
,,,,,,,,,
,,,,,,,,,
,,,,,,,,,
,,,,,,,,,
,,,,,,,,,
,,,,,,,,,
,,,,,,,,,
,,,,,,,,,
,,,,,,,,,
,,,,,,,,,
,,,,,,,,,
,,,,,,,,,
,,,,,,,,,
,,,,,,,,,
,,,,,,,,,
,,,,,,,,,
,,,,,,,,,
,,,,,,,,,
,,,,,,,,,
,,,,,,,,,
,,,,,,,,,
,,,,,,,,,
,,,,,,,,,
,,,,,,,,,
,,,,,,,,,
,,,,,,,,,
,,,,,,,,,
,,,,,,,,,
,,,,,,,,,
,,,,,,,,,
,,,,,,,,,
,,,,,,,,,
,,,,,,,,,
,,,,,,,,,
,,,,,,,,,
,,,,,,,,,
,,,,,,,,,
,,,,,,,,,
,,,,,,,,,
,,,,,,,,,
,,,,,,,,,
,,,,,,,,,
,,,,,,,,,
,,,,,,,,,
,,,,,,,,,
,,,,,,,,,
,,,,,,,,,
,,,,,,,,,
,,,,,,,,,
,,,,,,,,,
,,,,,,,,,
,,,,,,,,,
,,,,,,,,,
,,,,,,,,,
,,,,,,,,,
,,,,,,,,,
,,,,,,,,,
,,,,,,,,,
,,,,,,,,,
,,,,,,,,,
,,,,,,,,,
,,,,,,,,,
,,,,,,,,,
,,,,,,,,,
,,,,,,,,,
,,,,,,,,,
,,,,,,,,,
,,,,,,,,,
,,,,,,,,,
,,,,,,,,,
,,,,,,,,,
,,,,,,,,,
,,,,,,,,,
,,,,,,,,,
,,,,,,,,,
,,,,,,,,,
,,,,,,,,,
,,,,,,,,,
,,,,,,,,,
,,,,,,,,,
,,,,,,,,,
,,,,,,,,,
,,,,,,,,,
,,,,,,,,,
,,,,,,,,,
,,,,,,,,,
,,,,,,,,,
,,,,,,,,,
,,,,,,,,,
,,,,,,,,,
,,,,,,,,,
,,,,,,,,,
,,,,,,,,,
,,,,,,,,,
,,,,,,,,,
,,,,,,,,,
,,,,,,,,,
,,,,,,,,,
,,,,,,,,,
,,,,,,,,,
,,,,,,,,,
,,,,,,,,,
,,,,,,,,,
,,,,,,,,,
,,,,,,,,,
,,,,,,,,,
,,,,,,,,,
,,,,,,,,,
,,,,,,,,,
,,,,,,,,,
,,,,,,,,,
,,,,,,,,,
,,,,,,,,,
,,,,,,,,,
,,,,,,,,,
,,,,,,,,,
,,,,,,,,,
,,,,,,,,,
,,,,,,,,,
,,,,,,,,,
,,,,,,,,,
,,,,,,,,,
,,,,,,,,,
,,,,,,,,,
,,,,,,,,,
,,,,,,,,,
,,,,,,,,,
,,,,,,,,,
,,,,,,,,,
,,,,,,,,,
,,,,,,,,,
,,,,,,,,,
,,,,,,,,,
,,,,,,,,,
,,,,,,,,,
,,,,,,,,,
,,,,,,,,,
,,,,,,,,,
,,,,,,,,,
