Department family,Entity,Date,Expense Type,Expense area,Supplier,Transaction number,AP Amount (�),VAT registration number,Purchase invoice number
Department of Health,NHS Hammersmith And Fulham CCG,6/30/2018,Clinical&Medical-Commercial Sector,WHEELCHAIR SERVICE,AJ MOBILITY LTD,22515416,"56,894.70 ",GB423146777,520385
Department of Health,NHS Hammersmith And Fulham CCG,6/30/2018,Programme Support Costs,PRC DELEGATED CO-COMMISSIONING,AT TRAINING SERVICES LTD T/A AT LEARNING,22760388,"53,259.06 ",250397995,EZDOC0318
Department of Health,NHS Hammersmith And Fulham CCG,6/30/2018,Hcare Srv Rec Fdtn Trust-Non Contract,NCAS/OATS,BARTS HEALTH NHS TRUST,22851594,"67,664.56 ",,339994
Department of Health,NHS Hammersmith And Fulham CCG,6/30/2018,C&M-GMS Cost of Drugs -Prescribing,LOCAL ENHANCED SERVICES,BROOK GREEN MEDICAL CENTRE,22777530,"2,061.05 ",,LNM000030442
Department of Health,NHS Hammersmith And Fulham CCG,6/30/2018,C&M-GMS Global Sum,PRC DELEGATED CO-COMMISSIONING,BROOK GREEN MEDICAL CENTRE,22777530,"95,610.82 ",,LNM000030442
Department of Health,NHS Hammersmith And Fulham CCG,6/30/2018,C&M-GMS MPIG Correction Factor,PRC DELEGATED CO-COMMISSIONING,BROOK GREEN MEDICAL CENTRE,22777530,254.47 ,,LNM000030442
Department of Health,NHS Hammersmith And Fulham CCG,6/30/2018,C&M-GMS PCO Locum Adop/Pat/Mat,PRC DELEGATED CO-COMMISSIONING,BROOK GREEN MEDICAL CENTRE,22777530,"27,438.36 ",,LNM000030442
Department of Health,NHS Hammersmith And Fulham CCG,6/30/2018,C&M-GMS PCO Seniority,PRC DELEGATED CO-COMMISSIONING,BROOK GREEN MEDICAL CENTRE,22777530,"3,816.64 ",,LNM000030442
Department of Health,NHS Hammersmith And Fulham CCG,6/30/2018,C&M-GMS Prem Notional Rent,PRC DELEGATED CO-COMMISSIONING,BROOK GREEN MEDICAL CENTRE,22777530,"13,916.67 ",,LNM000030442
Department of Health,NHS Hammersmith And Fulham CCG,6/30/2018,C&M-GMS Prem Rates,PRC DELEGATED CO-COMMISSIONING,BROOK GREEN MEDICAL CENTRE,22777530,"4,915.17 ",,LNM000030442
Department of Health,NHS Hammersmith And Fulham CCG,6/30/2018,C&M-GMS Prof Fees Prescribing,PRC DELEGATED CO-COMMISSIONING,BROOK GREEN MEDICAL CENTRE,22777530,209.30 ,,LNM000030442
Department of Health,NHS Hammersmith And Fulham CCG,6/30/2018,C&M-GMS QOF Aspiration,PRC DELEGATED CO-COMMISSIONING,BROOK GREEN MEDICAL CENTRE,22777530,"7,503.17 ",,LNM000030442
Department of Health,NHS Hammersmith And Fulham CCG,6/30/2018,C&M-APMS Contract Value,PRC DELEGATED CO-COMMISSIONING,CANBERRA OLD OAK SURGERY,22573392,"45,696.91 ",,LNM000030193
Department of Health,NHS Hammersmith And Fulham CCG,6/30/2018,C&M-PMS QOF Aspiration,PRC DELEGATED CO-COMMISSIONING,CANBERRA OLD OAK SURGERY,22573392,"2,564.91 ",,LNM000030193
Department of Health,NHS Hammersmith And Fulham CCG,6/30/2018,C&M-APMS Contract Value,PRC DELEGATED CO-COMMISSIONING,CASSIDY MEDICAL CENTRE,22568585,"44,808.24 ",,LNM000030187
Department of Health,NHS Hammersmith And Fulham CCG,6/30/2018,C&M-PMS QOF Aspiration,PRC DELEGATED CO-COMMISSIONING,CASSIDY MEDICAL CENTRE,22568585,"2,755.42 ",,LNM000030187
Department of Health,NHS Hammersmith And Fulham CCG,6/30/2018,Hcare Srv Rec Fdtn Trust-Contract Baseline,MENTAL HEALTH CONTRACTS,CENTRAL & NORTH WEST LONDON NHS FOUNDATION TRUST,22491617,"82,050.96 ",654970895,53474423
Department of Health,NHS Hammersmith And Fulham CCG,6/30/2018,Hcare Srv Rec NHS Trust-Prior Year,COMMUNITY SERVICES,CENTRAL LONDON COMMUNITY HEALTHCARE NHS TRUST,22640011,"(147,979.00)",654440485,1000003032
Department of Health,NHS Hammersmith And Fulham CCG,6/30/2018,Hcare Srv Rec NHS Trust-Prior Year,COMMUNITY SERVICES,CENTRAL LONDON COMMUNITY HEALTHCARE NHS TRUST,22639975,"184,744.00 ",654440485,1000009829
Department of Health,NHS Hammersmith And Fulham CCG,6/30/2018,Hcare Srv Rec Fdtn Trust-Prior Year,ACUTE COMMISSIONING,CHELSEA AND WESTMINSTER HOSPITAL NHS FOUNDATION TRUST,22730008,"159,658.38 ",654915415,N0022134
Department of Health,NHS Hammersmith And Fulham CCG,6/30/2018,Hcare Srv Rec Fdtn Trust-Prior Year,ACUTE COMMISSIONING,CHELSEA AND WESTMINSTER HOSPITAL NHS FOUNDATION TRUST,22515398,"257,094.94 ",654915415,N0022728
Department of Health,NHS Hammersmith And Fulham CCG,6/30/2018,Hcare Srv Rec Fdtn Trust-Contract Baseline,ACUTE COMMISSIONING,CHELSEA AND WESTMINSTER HOSPITAL NHS FOUNDATION TRUST,22472922,"3,187,516.04 ",654915415,N0023054
Department of Health,NHS Hammersmith And Fulham CCG,6/30/2018,Hcare Srv Rec Fdtn Trust-Prior Year,COMMISSIONING - NON ACUTE,CHELSEA AND WESTMINSTER HOSPITAL NHS FOUNDATION TRUST,22851644,"127,976.67 ",654915415,N0023519
Department of Health,NHS Hammersmith And Fulham CCG,6/30/2018,Clinical&Medical-Commercial Sector,COMMUNITY SERVICES,CONNECT PHYSICAL HEALTH CENTRES LTD,22851584,"172,271.00 ",,65886
Department of Health,NHS Hammersmith And Fulham CCG,6/30/2018,Clinical&Medical-Independent Sector - Prior Year,COMMUNITY SERVICES,DMC HEALTHCARE LTD,22811500,"25,096.50 ",0179 8005 75,105991
Department of Health,NHS Hammersmith And Fulham CCG,6/30/2018,Clinical&Medical-Independent Sector - Prior Year,COMMUNITY SERVICES,DMC HEALTHCARE LTD,22811516,"41,946.30 ",0179 8005 75,106038
Department of Health,NHS Hammersmith And Fulham CCG,6/30/2018,C&M-GMS Cost of Drugs -Prescribing,LOCAL ENHANCED SERVICES,DR B MANGWANA & PARTNER,22777532,753.72 ,,LNM000030444
Department of Health,NHS Hammersmith And Fulham CCG,6/30/2018,C&M-GMS Global Sum,PRC DELEGATED CO-COMMISSIONING,DR B MANGWANA & PARTNER,22777532,"31,736.75 ",,LNM000030444
Department of Health,NHS Hammersmith And Fulham CCG,6/30/2018,C&M-GMS PCO Seniority,PRC DELEGATED CO-COMMISSIONING,DR B MANGWANA & PARTNER,22777532,"3,523.92 ",,LNM000030444
Department of Health,NHS Hammersmith And Fulham CCG,6/30/2018,C&M-GMS Prof Fees Prescribing,PRC DELEGATED CO-COMMISSIONING,DR B MANGWANA & PARTNER,22777532,138.00 ,,LNM000030444
Department of Health,NHS Hammersmith And Fulham CCG,6/30/2018,C&M-GMS QOF Aspiration,PRC DELEGATED CO-COMMISSIONING,DR B MANGWANA & PARTNER,22777532,"2,110.94 ",,LNM000030444
Department of Health,NHS Hammersmith And Fulham CCG,6/30/2018,C&M-GMS DES Extended Hours Access,PRC DELEGATED CO-COMMISSIONING,DR C ELLIOTT,22777534,"2,213.98 ",,LNM000030446
Department of Health,NHS Hammersmith And Fulham CCG,6/30/2018,C&M-GMS Global Sum,PRC DELEGATED CO-COMMISSIONING,DR C ELLIOTT,22777534,"29,872.76 ",,LNM000030446
Department of Health,NHS Hammersmith And Fulham CCG,6/30/2018,C&M-GMS MPIG Correction Factor,PRC DELEGATED CO-COMMISSIONING,DR C ELLIOTT,22777534,896.97 ,,LNM000030446
Department of Health,NHS Hammersmith And Fulham CCG,6/30/2018,C&M-GMS PCO Seniority,PRC DELEGATED CO-COMMISSIONING,DR C ELLIOTT,22777534,"1,191.78 ",,LNM000030446
Department of Health,NHS Hammersmith And Fulham CCG,6/30/2018,C&M-GMS Prem Notional Rent,PRC DELEGATED CO-COMMISSIONING,DR C ELLIOTT,22777534,"2,037.50 ",,LNM000030446
Department of Health,NHS Hammersmith And Fulham CCG,6/30/2018,C&M-GMS QOF Aspiration,PRC DELEGATED CO-COMMISSIONING,DR C ELLIOTT,22777534,"1,862.24 ",,LNM000030446
Department of Health,NHS Hammersmith And Fulham CCG,6/30/2018,ME-GMS GP Pension EEs,PRC DELEGATED CO-COMMISSIONING,DR C ELLIOTT,22777534,"1,630.67 ",,LNM000030446
Department of Health,NHS Hammersmith And Fulham CCG,6/30/2018,ME-GMS GP Pension ERs Adjustments,PRC DELEGATED CO-COMMISSIONING,DR C ELLIOTT,22777534,"1,923.55 ",,LNM000030446
Department of Health,NHS Hammersmith And Fulham CCG,6/30/2018,C&M-GMS Cost of Drugs -Prescribing,LOCAL ENHANCED SERVICES,DR D OGALLAGHER,22777536,"1,762.99 ",,LNM000030448
Department of Health,NHS Hammersmith And Fulham CCG,6/30/2018,C&M-GMS Global Sum,PRC DELEGATED CO-COMMISSIONING,DR D OGALLAGHER,22777536,"66,559.49 ",,LNM000030448
Department of Health,NHS Hammersmith And Fulham CCG,6/30/2018,C&M-GMS PCO Seniority,PRC DELEGATED CO-COMMISSIONING,DR D OGALLAGHER,22777536,"2,424.04 ",,LNM000030448
Department of Health,NHS Hammersmith And Fulham CCG,6/30/2018,C&M-GMS Prem Actual Rent,PRC DELEGATED CO-COMMISSIONING,DR D OGALLAGHER,22777536,"111,067.88 ",,LNM000030448
Department of Health,NHS Hammersmith And Fulham CCG,6/30/2018,C&M-GMS Prem Rates,PRC DELEGATED CO-COMMISSIONING,DR D OGALLAGHER,22777536,"2,153.12 ",,LNM000030448
Department of Health,NHS Hammersmith And Fulham CCG,6/30/2018,C&M-GMS Prof Fees Prescribing,PRC DELEGATED CO-COMMISSIONING,DR D OGALLAGHER,22777536,128.80 ,,LNM000030448
Department of Health,NHS Hammersmith And Fulham CCG,6/30/2018,C&M-GMS QOF Aspiration,PRC DELEGATED CO-COMMISSIONING,DR D OGALLAGHER,22777536,"5,353.67 ",,LNM000030448
Department of Health,NHS Hammersmith And Fulham CCG,6/30/2018,C&M-GMS Cost of Drugs -Prescribing,LOCAL ENHANCED SERVICES,DR GC LAWLEY,22777538,703.25 ,,LNM000030452
Department of Health,NHS Hammersmith And Fulham CCG,6/30/2018,C&M-GMS Global Sum,PRC DELEGATED CO-COMMISSIONING,DR GC LAWLEY,22777538,"80,585.17 ",,LNM000030452
Department of Health,NHS Hammersmith And Fulham CCG,6/30/2018,C&M-GMS MPIG Correction Factor,PRC DELEGATED CO-COMMISSIONING,DR GC LAWLEY,22777538,"1,710.38 ",,LNM000030452
Department of Health,NHS Hammersmith And Fulham CCG,6/30/2018,C&M-GMS PCO Doctors Ret Scheme,PRC DELEGATED CO-COMMISSIONING,DR GC LAWLEY,22777538,"1,846.08 ",,LNM000030452
Department of Health,NHS Hammersmith And Fulham CCG,6/30/2018,C&M-GMS PCO Locum Adop/Pat/Mat,PRC DELEGATED CO-COMMISSIONING,DR GC LAWLEY,22777538,"6,936.72 ",,LNM000030452
Department of Health,NHS Hammersmith And Fulham CCG,6/30/2018,C&M-GMS PCO Seniority,PRC DELEGATED CO-COMMISSIONING,DR GC LAWLEY,22777538,"1,386.83 ",,LNM000030452
Department of Health,NHS Hammersmith And Fulham CCG,6/30/2018,C&M-GMS Prem Actual Rent,PRC DELEGATED CO-COMMISSIONING,DR GC LAWLEY,22777538,"2,446.77 ",,LNM000030452
Department of Health,NHS Hammersmith And Fulham CCG,6/30/2018,C&M-GMS Prem Notional Rent,PRC DELEGATED CO-COMMISSIONING,DR GC LAWLEY,22777538,"4,776.67 ",,LNM000030452
Department of Health,NHS Hammersmith And Fulham CCG,6/30/2018,C&M-GMS Prof Fees Prescribing,PRC DELEGATED CO-COMMISSIONING,DR GC LAWLEY,22777538,115.00 ,,LNM000030452
Department of Health,NHS Hammersmith And Fulham CCG,6/30/2018,C&M-GMS QOF Aspiration,PRC DELEGATED CO-COMMISSIONING,DR GC LAWLEY,22777538,"5,961.73 ",,LNM000030452
Department of Health,NHS Hammersmith And Fulham CCG,6/30/2018,C&M-GMS Cost of Drugs -Prescribing,LOCAL ENHANCED SERVICES,DR GS UPPAL & PARTNER,22780552,406.72 ,,LNM000030450
Department of Health,NHS Hammersmith And Fulham CCG,6/30/2018,C&M-GMS Global Sum,PRC DELEGATED CO-COMMISSIONING,DR GS UPPAL & PARTNER,22780552,"51,416.20 ",,LNM000030450
Department of Health,NHS Hammersmith And Fulham CCG,6/30/2018,C&M-GMS MPIG Correction Factor,PRC DELEGATED CO-COMMISSIONING,DR GS UPPAL & PARTNER,22780552,246.45 ,,LNM000030450
Department of Health,NHS Hammersmith And Fulham CCG,6/30/2018,C&M-GMS PCO Seniority,PRC DELEGATED CO-COMMISSIONING,DR GS UPPAL & PARTNER,22780552,"2,327.86 ",,LNM000030450
Department of Health,NHS Hammersmith And Fulham CCG,6/30/2018,C&M-GMS Prem Notional Rent,PRC DELEGATED CO-COMMISSIONING,DR GS UPPAL & PARTNER,22780552,"3,704.17 ",,LNM000030450
Department of Health,NHS Hammersmith And Fulham CCG,6/30/2018,C&M-GMS Prof Fees Prescribing,PRC DELEGATED CO-COMMISSIONING,DR GS UPPAL & PARTNER,22780552,64.40 ,,LNM000030450
Department of Health,NHS Hammersmith And Fulham CCG,6/30/2018,C&M-GMS QOF Aspiration,PRC DELEGATED CO-COMMISSIONING,DR GS UPPAL & PARTNER,22780552,"4,196.29 ",,LNM000030450
Department of Health,NHS Hammersmith And Fulham CCG,6/30/2018,C&M-GMS Global Sum,PRC DELEGATED CO-COMMISSIONING,DR J HARROP-GRIFFITHS & PTRS,22777540,"56,240.31 ",,LNM000030454
Department of Health,NHS Hammersmith And Fulham CCG,6/30/2018,C&M-GMS MPIG Correction Factor,PRC DELEGATED CO-COMMISSIONING,DR J HARROP-GRIFFITHS & PTRS,22777540,324.03 ,,LNM000030454
Department of Health,NHS Hammersmith And Fulham CCG,6/30/2018,C&M-GMS PCO Seniority,PRC DELEGATED CO-COMMISSIONING,DR J HARROP-GRIFFITHS & PTRS,22777540,"2,680.13 ",,LNM000030454
Department of Health,NHS Hammersmith And Fulham CCG,6/30/2018,C&M-GMS Prem Notional Rent,PRC DELEGATED CO-COMMISSIONING,DR J HARROP-GRIFFITHS & PTRS,22777540,"10,458.33 ",,LNM000030454
Department of Health,NHS Hammersmith And Fulham CCG,6/30/2018,C&M-GMS QOF Aspiration,PRC DELEGATED CO-COMMISSIONING,DR J HARROP-GRIFFITHS & PTRS,22777540,"4,571.80 ",,LNM000030454
Department of Health,NHS Hammersmith And Fulham CCG,6/30/2018,C&M-GMS Cost of Drugs -Prescribing,LOCAL ENHANCED SERVICES,DR J JOLLY,22799135,412.98 ,,LNM000030456
Department of Health,NHS Hammersmith And Fulham CCG,6/30/2018,C&M-GMS Global Sum,PRC DELEGATED CO-COMMISSIONING,DR J JOLLY,22799135,"39,068.08 ",,LNM000030456
Department of Health,NHS Hammersmith And Fulham CCG,6/30/2018,C&M-GMS PCO Other,PRC DELEGATED CO-COMMISSIONING,DR J JOLLY,22799135,"4,526.00 ",,LNM000030456
Department of Health,NHS Hammersmith And Fulham CCG,6/30/2018,C&M-GMS PCO Seniority,PRC DELEGATED CO-COMMISSIONING,DR J JOLLY,22799135,"1,156.02 ",,LNM000030456
Department of Health,NHS Hammersmith And Fulham CCG,6/30/2018,C&M-GMS Prem Actual Rent,PRC DELEGATED CO-COMMISSIONING,DR J JOLLY,22799135,"49,600.00 ",,LNM000030456
Department of Health,NHS Hammersmith And Fulham CCG,6/30/2018,C&M-GMS Prem Rates,PRC DELEGATED CO-COMMISSIONING,DR J JOLLY,22799135,"2,224.09 ",,LNM000030456
Department of Health,NHS Hammersmith And Fulham CCG,6/30/2018,C&M-GMS Prof Fees Prescribing,PRC DELEGATED CO-COMMISSIONING,DR J JOLLY,22799135,69.00 ,,LNM000030456
Department of Health,NHS Hammersmith And Fulham CCG,6/30/2018,C&M-GMS QOF Aspiration,PRC DELEGATED CO-COMMISSIONING,DR J JOLLY,22799135,"3,042.88 ",,LNM000030456
Department of Health,NHS Hammersmith And Fulham CCG,6/30/2018,C&M-GMS Cost of Drugs -Prescribing,LOCAL ENHANCED SERVICES,DR JEFFERIES & PARTNERS,22777570,"2,121.42 ",,LNM000030486
Department of Health,NHS Hammersmith And Fulham CCG,6/30/2018,C&M-GMS Global Sum,PRC DELEGATED CO-COMMISSIONING,DR JEFFERIES & PARTNERS,22777570,"83,475.68 ",,LNM000030486
Department of Health,NHS Hammersmith And Fulham CCG,6/30/2018,C&M-GMS MPIG Correction Factor,PRC DELEGATED CO-COMMISSIONING,DR JEFFERIES & PARTNERS,22777570,66.28 ,,LNM000030486
Department of Health,NHS Hammersmith And Fulham CCG,6/30/2018,C&M-GMS PCO Seniority,PRC DELEGATED CO-COMMISSIONING,DR JEFFERIES & PARTNERS,22777570,"1,299.84 ",,LNM000030486
Department of Health,NHS Hammersmith And Fulham CCG,6/30/2018,C&M-GMS Prem Notional Rent,PRC DELEGATED CO-COMMISSIONING,DR JEFFERIES & PARTNERS,22777570,"11,941.67 ",,LNM000030486
Department of Health,NHS Hammersmith And Fulham CCG,6/30/2018,C&M-GMS Prof Fees Prescribing,PRC DELEGATED CO-COMMISSIONING,DR JEFFERIES & PARTNERS,22777570,324.30 ,,LNM000030486
Department of Health,NHS Hammersmith And Fulham CCG,6/30/2018,C&M-GMS QOF Aspiration,PRC DELEGATED CO-COMMISSIONING,DR JEFFERIES & PARTNERS,22777570,"8,437.30 ",,LNM000030486
Department of Health,NHS Hammersmith And Fulham CCG,6/30/2018,C&M-GMS Cost of Drugs -Prescribing,LOCAL ENHANCED SERVICES,DR JI KOPPEL,22799136,"1,705.49 ",,LNM000030458
Department of Health,NHS Hammersmith And Fulham CCG,6/30/2018,C&M-GMS Global Sum,PRC DELEGATED CO-COMMISSIONING,DR JI KOPPEL,22799136,"76,869.36 ",,LNM000030458
Department of Health,NHS Hammersmith And Fulham CCG,6/30/2018,C&M-GMS MPIG Correction Factor,PRC DELEGATED CO-COMMISSIONING,DR JI KOPPEL,22799136,"1,247.65 ",,LNM000030458
Department of Health,NHS Hammersmith And Fulham CCG,6/30/2018,C&M-GMS PCO Other,PRC DELEGATED CO-COMMISSIONING,DR JI KOPPEL,22799136,"5,237.00 ",,LNM000030458
Department of Health,NHS Hammersmith And Fulham CCG,6/30/2018,C&M-GMS PCO Seniority,PRC DELEGATED CO-COMMISSIONING,DR JI KOPPEL,22799136,"2,925.48 ",,LNM000030458
Department of Health,NHS Hammersmith And Fulham CCG,6/30/2018,C&M-GMS Prem Actual Rent,PRC DELEGATED CO-COMMISSIONING,DR JI KOPPEL,22799136,"23,965.00 ",,LNM000030458
Department of Health,NHS Hammersmith And Fulham CCG,6/30/2018,C&M-GMS Prem Notional Rent,PRC DELEGATED CO-COMMISSIONING,DR JI KOPPEL,22799136,"2,575.00 ",,LNM000030458
Department of Health,NHS Hammersmith And Fulham CCG,6/30/2018,C&M-GMS Prem Rates,PRC DELEGATED CO-COMMISSIONING,DR JI KOPPEL,22799136,"12,373.25 ",,LNM000030458
Department of Health,NHS Hammersmith And Fulham CCG,6/30/2018,C&M-GMS Prof Fees Prescribing,PRC DELEGATED CO-COMMISSIONING,DR JI KOPPEL,22799136,158.70 ,,LNM000030458
Department of Health,NHS Hammersmith And Fulham CCG,6/30/2018,C&M-GMS QOF Aspiration,PRC DELEGATED CO-COMMISSIONING,DR JI KOPPEL,22799136,"5,731.75 ",,LNM000030458
Department of Health,NHS Hammersmith And Fulham CCG,6/30/2018,C&M-GMS Cost of Drugs -Prescribing,LOCAL ENHANCED SERVICES,DR K WINAYAK,22777544,"2,027.95 ",,LNM000030460
Department of Health,NHS Hammersmith And Fulham CCG,6/30/2018,C&M-GMS Global Sum,PRC DELEGATED CO-COMMISSIONING,DR K WINAYAK,22777544,"35,828.72 ",,LNM000030460
Department of Health,NHS Hammersmith And Fulham CCG,6/30/2018,C&M-GMS PCO Seniority,PRC DELEGATED CO-COMMISSIONING,DR K WINAYAK,22777544,"2,127.80 ",,LNM000030460
Department of Health,NHS Hammersmith And Fulham CCG,6/30/2018,C&M-GMS Prem Notional Rent,PRC DELEGATED CO-COMMISSIONING,DR K WINAYAK,22777544,"4,033.33 ",,LNM000030460
Department of Health,NHS Hammersmith And Fulham CCG,6/30/2018,C&M-GMS Prof Fees Prescribing,PRC DELEGATED CO-COMMISSIONING,DR K WINAYAK,22777544,167.90 ,,LNM000030460
Department of Health,NHS Hammersmith And Fulham CCG,6/30/2018,C&M-GMS QOF Aspiration,PRC DELEGATED CO-COMMISSIONING,DR K WINAYAK,22777544,"1,829.27 ",,LNM000030460
Department of Health,NHS Hammersmith And Fulham CCG,6/30/2018,C&M-GMS Cost of Drugs -Prescribing,LOCAL ENHANCED SERVICES,DR LAURENCE SLATER,22777572,553.76 ,,LNM000030488
Department of Health,NHS Hammersmith And Fulham CCG,6/30/2018,C&M-GMS Global Sum,PRC DELEGATED CO-COMMISSIONING,DR LAURENCE SLATER,22777572,"30,828.75 ",,LNM000030488
Department of Health,NHS Hammersmith And Fulham CCG,6/30/2018,C&M-GMS MPIG Correction Factor,PRC DELEGATED CO-COMMISSIONING,DR LAURENCE SLATER,22777572,996.71 ,,LNM000030488
Department of Health,NHS Hammersmith And Fulham CCG,6/30/2018,C&M-GMS PCO Seniority,PRC DELEGATED CO-COMMISSIONING,DR LAURENCE SLATER,22777572,"1,960.68 ",,LNM000030488
Department of Health,NHS Hammersmith And Fulham CCG,6/30/2018,C&M-GMS Prof Fees Prescribing,PRC DELEGATED CO-COMMISSIONING,DR LAURENCE SLATER,22777572,80.50 ,,LNM000030488
Department of Health,NHS Hammersmith And Fulham CCG,6/30/2018,C&M-GMS QOF Aspiration,PRC DELEGATED CO-COMMISSIONING,DR LAURENCE SLATER,22777572,"2,069.50 ",,LNM000030488
Department of Health,NHS Hammersmith And Fulham CCG,6/30/2018,C&M-GMS Cost of Drugs -Prescribing,LOCAL ENHANCED SERVICES,DR MAL EVANS,22777546,702.58 ,,LNM000030462
Department of Health,NHS Hammersmith And Fulham CCG,6/30/2018,C&M-GMS DES Extended Hours Access,PRC DELEGATED CO-COMMISSIONING,DR MAL EVANS,22777546,"4,081.68 ",,LNM000030462
Department of Health,NHS Hammersmith And Fulham CCG,6/30/2018,C&M-GMS Global Sum,PRC DELEGATED CO-COMMISSIONING,DR MAL EVANS,22777546,"55,403.06 ",,LNM000030462
Department of Health,NHS Hammersmith And Fulham CCG,6/30/2018,C&M-GMS MPIG Correction Factor,PRC DELEGATED CO-COMMISSIONING,DR MAL EVANS,22777546,73.73 ,,LNM000030462
Department of Health,NHS Hammersmith And Fulham CCG,6/30/2018,C&M-GMS PCO Locum Adop/Pat/Mat,PRC DELEGATED CO-COMMISSIONING,DR MAL EVANS,22777546,"14,615.00 ",,LNM000030462
Department of Health,NHS Hammersmith And Fulham CCG,6/30/2018,C&M-GMS PCO Seniority,PRC DELEGATED CO-COMMISSIONING,DR MAL EVANS,22777546,"1,534.18 ",,LNM000030462
Department of Health,NHS Hammersmith And Fulham CCG,6/30/2018,C&M-GMS Prem Notional Rent,PRC DELEGATED CO-COMMISSIONING,DR MAL EVANS,22777546,"5,252.00 ",,LNM000030462
Department of Health,NHS Hammersmith And Fulham CCG,6/30/2018,C&M-GMS Prof Fees Prescribing,PRC DELEGATED CO-COMMISSIONING,DR MAL EVANS,22777546,80.50 ,,LNM000030462
Department of Health,NHS Hammersmith And Fulham CCG,6/30/2018,C&M-GMS QOF Aspiration,PRC DELEGATED CO-COMMISSIONING,DR MAL EVANS,22777546,"4,688.37 ",,LNM000030462
Department of Health,NHS Hammersmith And Fulham CCG,6/30/2018,C&M-GMS Cost of Drugs -Prescribing,LOCAL ENHANCED SERVICES,DR PFR FERNANDES,22777554,452.55 ,,LNM000030470
Department of Health,NHS Hammersmith And Fulham CCG,6/30/2018,C&M-GMS Global Sum,PRC DELEGATED CO-COMMISSIONING,DR PFR FERNANDES,22777554,"70,994.26 ",,LNM000030470
Department of Health,NHS Hammersmith And Fulham CCG,6/30/2018,C&M-GMS MPIG Correction Factor,PRC DELEGATED CO-COMMISSIONING,DR PFR FERNANDES,22777554,514.49 ,,LNM000030470
Department of Health,NHS Hammersmith And Fulham CCG,6/30/2018,C&M-GMS PCO Seniority,PRC DELEGATED CO-COMMISSIONING,DR PFR FERNANDES,22777554,"2,444.48 ",,LNM000030470
Department of Health,NHS Hammersmith And Fulham CCG,6/30/2018,C&M-GMS Prem Notional Rent,PRC DELEGATED CO-COMMISSIONING,DR PFR FERNANDES,22777554,"18,400.00 ",,LNM000030470
Department of Health,NHS Hammersmith And Fulham CCG,6/30/2018,C&M-GMS Prem Rates,PRC DELEGATED CO-COMMISSIONING,DR PFR FERNANDES,22777554,"2,861.13 ",,LNM000030470
Department of Health,NHS Hammersmith And Fulham CCG,6/30/2018,C&M-GMS Prof Fees Prescribing,PRC DELEGATED CO-COMMISSIONING,DR PFR FERNANDES,22777554,101.20 ,,LNM000030470
Department of Health,NHS Hammersmith And Fulham CCG,6/30/2018,C&M-GMS QOF Aspiration,PRC DELEGATED CO-COMMISSIONING,DR PFR FERNANDES,22777554,"5,783.20 ",,LNM000030470
Department of Health,NHS Hammersmith And Fulham CCG,6/30/2018,C&M-GMS Cost of Drugs -Prescribing,LOCAL ENHANCED SERVICES,DR RK KUKAR,22777550,76.57 ,,LNM000030466
Department of Health,NHS Hammersmith And Fulham CCG,6/30/2018,C&M-GMS Global Sum,PRC DELEGATED CO-COMMISSIONING,DR RK KUKAR,22777550,"40,214.61 ",,LNM000030466
Department of Health,NHS Hammersmith And Fulham CCG,6/30/2018,C&M-GMS MPIG Correction Factor,PRC DELEGATED CO-COMMISSIONING,DR RK KUKAR,22777550,"1,098.70 ",,LNM000030466
Department of Health,NHS Hammersmith And Fulham CCG,6/30/2018,C&M-GMS PCO Locum Sickness,PRC DELEGATED CO-COMMISSIONING,DR RK KUKAR,22777550,"4,974.18 ",,LNM000030466
Department of Health,NHS Hammersmith And Fulham CCG,6/30/2018,C&M-GMS PCO Seniority,PRC DELEGATED CO-COMMISSIONING,DR RK KUKAR,22777550,999.97 ,,LNM000030466
Department of Health,NHS Hammersmith And Fulham CCG,6/30/2018,C&M-GMS Prof Fees Prescribing,PRC DELEGATED CO-COMMISSIONING,DR RK KUKAR,22777550,23.00 ,,LNM000030466
Department of Health,NHS Hammersmith And Fulham CCG,6/30/2018,C&M-GMS QOF Aspiration,PRC DELEGATED CO-COMMISSIONING,DR RK KUKAR,22777550,"1,958.56 ",,LNM000030466
Department of Health,NHS Hammersmith And Fulham CCG,6/30/2018,C&M-GMS Global Sum,PRC DELEGATED CO-COMMISSIONING,DR RK KUKAR,22799137,"12,451.48 ",,LNM000030490
Department of Health,NHS Hammersmith And Fulham CCG,6/30/2018,C&M-GMS MPIG Correction Factor,PRC DELEGATED CO-COMMISSIONING,DR RK KUKAR,22799137,264.75 ,,LNM000030490
Department of Health,NHS Hammersmith And Fulham CCG,6/30/2018,C&M-GMS PCO Locum Sickness,PRC DELEGATED CO-COMMISSIONING,DR RK KUKAR,22799137,"7,478.05 ",,LNM000030490
Department of Health,NHS Hammersmith And Fulham CCG,6/30/2018,C&M-GMS PCO Seniority,PRC DELEGATED CO-COMMISSIONING,DR RK KUKAR,22799137,999.97 ,,LNM000030490
Department of Health,NHS Hammersmith And Fulham CCG,6/30/2018,C&M-GMS Prem Actual Rent,PRC DELEGATED CO-COMMISSIONING,DR RK KUKAR,22799137,"4,653.50 ",,LNM000030490
Department of Health,NHS Hammersmith And Fulham CCG,6/30/2018,C&M-GMS QOF Aspiration,PRC DELEGATED CO-COMMISSIONING,DR RK KUKAR,22799137,870.43 ,,LNM000030490
Department of Health,NHS Hammersmith And Fulham CCG,6/30/2018,C&M-GMS Global Sum,PRC DELEGATED CO-COMMISSIONING,DR S DASGUPTA,22777548,"24,890.24 ",,LNM000030464
Department of Health,NHS Hammersmith And Fulham CCG,6/30/2018,C&M-GMS MPIG Correction Factor,PRC DELEGATED CO-COMMISSIONING,DR S DASGUPTA,22777548,71.11 ,,LNM000030464
Department of Health,NHS Hammersmith And Fulham CCG,6/30/2018,C&M-GMS PCO Seniority,PRC DELEGATED CO-COMMISSIONING,DR S DASGUPTA,22777548,"1,665.62 ",,LNM000030464
Department of Health,NHS Hammersmith And Fulham CCG,6/30/2018,C&M-GMS Prem Notional Rent,PRC DELEGATED CO-COMMISSIONING,DR S DASGUPTA,22777548,"5,916.67 ",,LNM000030464
Department of Health,NHS Hammersmith And Fulham CCG,6/30/2018,C&M-GMS QOF Aspiration,PRC DELEGATED CO-COMMISSIONING,DR S DASGUPTA,22777548,"1,819.05 ",,LNM000030464
Department of Health,NHS Hammersmith And Fulham CCG,6/30/2018,C&M-GMS Cost of Drugs -Prescribing,LOCAL ENHANCED SERVICES,DR SAMJI & PARTNERS,22777558,823.28 ,,LNM000030474
Department of Health,NHS Hammersmith And Fulham CCG,6/30/2018,C&M-GMS Global Sum,PRC DELEGATED CO-COMMISSIONING,DR SAMJI & PARTNERS,22777558,"81,117.19 ",,LNM000030474
Department of Health,NHS Hammersmith And Fulham CCG,6/30/2018,C&M-GMS MPIG Correction Factor,PRC DELEGATED CO-COMMISSIONING,DR SAMJI & PARTNERS,22777558,299.19 ,,LNM000030474
Department of Health,NHS Hammersmith And Fulham CCG,6/30/2018,C&M-GMS PCO Seniority,PRC DELEGATED CO-COMMISSIONING,DR SAMJI & PARTNERS,22777558,"3,147.63 ",,LNM000030474
Department of Health,NHS Hammersmith And Fulham CCG,6/30/2018,C&M-GMS Prem Rates,PRC DELEGATED CO-COMMISSIONING,DR SAMJI & PARTNERS,22777558,"6,347.37 ",,LNM000030474
Department of Health,NHS Hammersmith And Fulham CCG,6/30/2018,C&M-GMS Prof Fees Prescribing,PRC DELEGATED CO-COMMISSIONING,DR SAMJI & PARTNERS,22777558,101.20 ,,LNM000030474
Department of Health,NHS Hammersmith And Fulham CCG,6/30/2018,C&M-GMS QOF Aspiration,PRC DELEGATED CO-COMMISSIONING,DR SAMJI & PARTNERS,22777558,"6,940.10 ",,LNM000030474
Department of Health,NHS Hammersmith And Fulham CCG,6/30/2018,C&M-GMS Cost of Drugs -Prescribing,LOCAL ENHANCED SERVICES,DR SF ARAS & PARTNERS,22777556,179.80 ,,LNM000030472
Department of Health,NHS Hammersmith And Fulham CCG,6/30/2018,C&M-GMS Global Sum,PRC DELEGATED CO-COMMISSIONING,DR SF ARAS & PARTNERS,22777556,"70,086.55 ",,LNM000030472
Department of Health,NHS Hammersmith And Fulham CCG,6/30/2018,C&M-GMS MPIG Correction Factor,PRC DELEGATED CO-COMMISSIONING,DR SF ARAS & PARTNERS,22777556,"1,403.28 ",,LNM000030472
Department of Health,NHS Hammersmith And Fulham CCG,6/30/2018,C&M-GMS PCO Seniority,PRC DELEGATED CO-COMMISSIONING,DR SF ARAS & PARTNERS,22777556,"1,850.74 ",,LNM000030472
Department of Health,NHS Hammersmith And Fulham CCG,6/30/2018,C&M-GMS Prem Notional Rent,PRC DELEGATED CO-COMMISSIONING,DR SF ARAS & PARTNERS,22777556,"9,942.25 ",,LNM000030472
Department of Health,NHS Hammersmith And Fulham CCG,6/30/2018,C&M-GMS Prem Rates,PRC DELEGATED CO-COMMISSIONING,DR SF ARAS & PARTNERS,22777556,"5,520.20 ",,LNM000030472
Department of Health,NHS Hammersmith And Fulham CCG,6/30/2018,C&M-GMS Prof Fees Prescribing,PRC DELEGATED CO-COMMISSIONING,DR SF ARAS & PARTNERS,22777556,36.80 ,,LNM000030472
Department of Health,NHS Hammersmith And Fulham CCG,6/30/2018,C&M-GMS QOF Aspiration,PRC DELEGATED CO-COMMISSIONING,DR SF ARAS & PARTNERS,22777556,"3,960.27 ",,LNM000030472
Department of Health,NHS Hammersmith And Fulham CCG,6/30/2018,C&M-GMS DES Extended Hours Access,PRC DELEGATED CO-COMMISSIONING,FULHAM MEDICAL CENTRE,22777562,"3,320.73 ",,LNM000030478
Department of Health,NHS Hammersmith And Fulham CCG,6/30/2018,C&M-GMS Global Sum,PRC DELEGATED CO-COMMISSIONING,FULHAM MEDICAL CENTRE,22777562,"45,557.72 ",,LNM000030478
Department of Health,NHS Hammersmith And Fulham CCG,6/30/2018,C&M-GMS MPIG Correction Factor,PRC DELEGATED CO-COMMISSIONING,FULHAM MEDICAL CENTRE,22777562,"1,229.20 ",,LNM000030478
Department of Health,NHS Hammersmith And Fulham CCG,6/30/2018,C&M-GMS PCO Seniority,PRC DELEGATED CO-COMMISSIONING,FULHAM MEDICAL CENTRE,22777562,"1,538.73 ",,LNM000030478
Department of Health,NHS Hammersmith And Fulham CCG,6/30/2018,C&M-GMS QOF Aspiration,PRC DELEGATED CO-COMMISSIONING,FULHAM MEDICAL CENTRE,22777562,"3,669.46 ",,LNM000030478
Department of Health,NHS Hammersmith And Fulham CCG,6/30/2018,Cont Care- Palliative Care,CHC ADULT FULLY FUNDED,GANYMEDE CARE PLC,22811526,"4,315.71 ",,DSHF0418
Department of Health,NHS Hammersmith And Fulham CCG,6/30/2018,Cont Care-Mental Health (65+),CHC ADULT FULLY FUNDED,GANYMEDE CARE PLC,22811526,"8,303.71 ",,DSHF0418
Department of Health,NHS Hammersmith And Fulham CCG,6/30/2018,Cont Care-Physical Disab (65+),CHC ADULT FULLY FUNDED,GANYMEDE CARE PLC,22811526,"38,632.86 ",,DSHF0418
Department of Health,NHS Hammersmith And Fulham CCG,6/30/2018,Cont Care-Physical Disab (<65),CHC ADULT FULLY FUNDED,GANYMEDE CARE PLC,22811526,"23,256.43 ",,DSHF0418
Department of Health,NHS Hammersmith And Fulham CCG,6/30/2018,Cont Care- Palliative Care,CHC ADULT FULLY FUNDED,GANYMEDE CARE PLC,22811525,"4,459.57 ",,DSHF0518
Department of Health,NHS Hammersmith And Fulham CCG,6/30/2018,Cont Care-Mental Health (65+),CHC ADULT FULLY FUNDED,GANYMEDE CARE PLC,22811525,"8,580.36 ",,DSHF0518
Department of Health,NHS Hammersmith And Fulham CCG,6/30/2018,Cont Care-Physical Disab (65+),CHC ADULT FULLY FUNDED,GANYMEDE CARE PLC,22811525,"39,920.75 ",,DSHF0518
Department of Health,NHS Hammersmith And Fulham CCG,6/30/2018,Cont Care-Physical Disab (<65),CHC ADULT FULLY FUNDED,GANYMEDE CARE PLC,22811525,"24,031.64 ",,DSHF0518
Department of Health,NHS Hammersmith And Fulham CCG,6/30/2018,Hcare Srv Rec Fdtn Trust-Prior Year,ACUTE COMMISSIONING,GUYS & ST THOMAS HOSPITAL NHS FOUNDATION TRUST,22470249,"82,246.00 ",654923417,3240187
Department of Health,NHS Hammersmith And Fulham CCG,6/30/2018,Hcare Srv Rec Fdtn Trust-Contract Baseline,ACUTE COMMISSIONING,GUYS & ST THOMAS HOSPITAL NHS FOUNDATION TRUST,22472914,"125,894.92 ",654923417,3240641
Department of Health,NHS Hammersmith And Fulham CCG,6/30/2018,Hcare Srv Rec Fdtn Trust-Contract Baseline,ACUTE COMMISSIONING,GUYS & ST THOMAS HOSPITAL NHS FOUNDATION TRUST,22851609,"125,894.92 ",654923417,3242173
Department of Health,NHS Hammersmith And Fulham CCG,6/30/2018,Hcare Srv Rec Fdtn Trust-Contract Baseline,ACUTE COMMISSIONING,HILLINGDON HOSPITALS NHS FOUNDATION TRUST,22693501,"68,846.58 ",654925117,N0099603
Department of Health,NHS Hammersmith And Fulham CCG,6/30/2018,Apprenticeship Levy Payable,BALANCE SHEET,HMRC,22618837,45.00 ,,475PH004450511902
Department of Health,NHS Hammersmith And Fulham CCG,6/30/2018,Income tax <1Yr,BALANCE SHEET,HMRC,22618837,"46,972.60 ",,475PH004450511902
Department of Health,NHS Hammersmith And Fulham CCG,6/30/2018,Income tax <1Yr-Student Loans,BALANCE SHEET,HMRC,22618837,"2,173.00 ",,475PH004450511902
Department of Health,NHS Hammersmith And Fulham CCG,6/30/2018,National Insurance < 1 yr-NI- ERS,BALANCE SHEET,HMRC,22618837,"29,830.14 ",,475PH004450511902
Department of Health,NHS Hammersmith And Fulham CCG,6/30/2018,National Insurance < 1 yr-NI-EES,BALANCE SHEET,HMRC,22618837,"18,681.42 ",,475PH004450511902
Department of Health,NHS Hammersmith And Fulham CCG,6/30/2018,Cont Care-Physical Disab (<65),CHC ADULT FULLY FUNDED,HOLY CROSS HOSPITAL,22515407,"25,237.41 ",216707373,SIN038579
Department of Health,NHS Hammersmith And Fulham CCG,6/30/2018,Hcare Srv Rec NHS Trust-Prior Year,ACUTE COMMISSIONING,IMPERIAL COLLEGE HEALTHCARE NHS TRUST,22503756,"702,117.00 ",654945990,H0151476
Department of Health,NHS Hammersmith And Fulham CCG,6/30/2018,Hcare Srv Rec NHS Trust,COMMUNITY SERVICES,IMPERIAL COLLEGE HEALTHCARE NHS TRUST,22720372,"(37,481.00)",654945990,H0153129CR
Department of Health,NHS Hammersmith And Fulham CCG,6/30/2018,Hcare Srv Rec NHS Trust-Prior Year,ACUTE COMMISSIONING,IMPERIAL COLLEGE HEALTHCARE NHS TRUST,22515364,"32,175.00 ",654945990,H0157628
Department of Health,NHS Hammersmith And Fulham CCG,6/30/2018,C&M-APMS Contract Value,PRC DELEGATED CO-COMMISSIONING,IMPERIAL COLLEGE HEALTHCARE NHS TRUST,22470267,"271,835.25 ",654945990,H0159599
Department of Health,NHS Hammersmith And Fulham CCG,6/30/2018,Hcare Srv Rec NHS Trust-Contract Cost per Case,OUT OF HOURS,IMPERIAL COLLEGE HEALTHCARE NHS TRUST,22505818,"84,542.60 ",654945990,H0159600
Department of Health,NHS Hammersmith And Fulham CCG,6/30/2018,Hcare Srv Rec NHS Trust-Contract Cost per Case,URGENT CARE,IMPERIAL COLLEGE HEALTHCARE NHS TRUST,22505818,"426,207.40 ",654945990,H0159600
Department of Health,NHS Hammersmith And Fulham CCG,6/30/2018,Hcare Srv Rec NHS Trust,COMMUNITY SERVICES,IMPERIAL COLLEGE HEALTHCARE NHS TRUST,22515396,"29,919.65 ",654945990,H0159824
Department of Health,NHS Hammersmith And Fulham CCG,6/30/2018,Hcare Srv Rec NHS Trust,COMMUNITY SERVICES,IMPERIAL COLLEGE HEALTHCARE NHS TRUST,22760381,"55,283.76 ",654945990,H0159826
Department of Health,NHS Hammersmith And Fulham CCG,6/30/2018,Hcare Srv Rec NHS Trust-Contract Baseline,ACUTE COMMISSIONING,IMPERIAL COLLEGE HEALTHCARE NHS TRUST,22472919,"8,836,395.00 ",654945990,H0160447
Department of Health,NHS Hammersmith And Fulham CCG,6/30/2018,Hcare Srv Rec NHS Trust,COMMUNITY SERVICES,IMPERIAL COLLEGE HEALTHCARE NHS TRUST,22760386,"32,950.00 ",654945990,H0160916
Department of Health,NHS Hammersmith And Fulham CCG,6/30/2018,Hcare Srv Rec NHS Trust-Contract Cost per Case,URGENT CARE,IMPERIAL COLLEGE HEALTHCARE NHS TRUST,22730434,"510,750.00 ",654945990,H0161119
Department of Health,NHS Hammersmith And Fulham CCG,6/30/2018,Hcare Srv Rec NHS Trust-Contract Cost per Case,URGENT CARE,IMPERIAL COLLEGE HEALTHCARE NHS TRUST,22730422,"99,513.51 ",654945990,H0161120
Department of Health,NHS Hammersmith And Fulham CCG,6/30/2018,Hcare Srv Rec Fdtn Trust-Contract Baseline,ACUTE COMMISSIONING,KING`S COLLEGE HOSPITAL NHS FOUNDATION TRUST,22472912,"60,566.00 ",654926800,00259362
Department of Health,NHS Hammersmith And Fulham CCG,6/30/2018,Hcare Srv Rec Fdtn Trust-Contract Baseline,ACUTE COMMISSIONING,KING`S COLLEGE HOSPITAL NHS FOUNDATION TRUST,22851630,"38,687.00 ",654926800,00260198
Department of Health,NHS Hammersmith And Fulham CCG,6/30/2018,Hcare Srv Rec Fdtn Trust-Contract Baseline,ACUTE COMMISSIONING,KINGSTON HOSPITAL NHS FOUNDATION TRUST,22790578,"27,568.00 ",654927209,1400017394
Department of Health,NHS Hammersmith And Fulham CCG,6/30/2018,C&M-GMS Global Sum,PRC DELEGATED CO-COMMISSIONING,LILLIE ROAD PRACTICE,22777565,"176,491.26 ",,LNM000030481
Department of Health,NHS Hammersmith And Fulham CCG,6/30/2018,C&M-GMS MPIG Correction Factor,PRC DELEGATED CO-COMMISSIONING,LILLIE ROAD PRACTICE,22777565,110.89 ,,LNM000030481
Department of Health,NHS Hammersmith And Fulham CCG,6/30/2018,C&M-GMS PCO Seniority,PRC DELEGATED CO-COMMISSIONING,LILLIE ROAD PRACTICE,22777565,"1,299.84 ",,LNM000030481
Department of Health,NHS Hammersmith And Fulham CCG,6/30/2018,C&M-GMS Prem Notional Rent,PRC DELEGATED CO-COMMISSIONING,LILLIE ROAD PRACTICE,22777565,"3,575.00 ",,LNM000030481
Department of Health,NHS Hammersmith And Fulham CCG,6/30/2018,C&M-GMS QOF Aspiration,PRC DELEGATED CO-COMMISSIONING,LILLIE ROAD PRACTICE,22777565,"4,853.48 ",,LNM000030481
Department of Health,NHS Hammersmith And Fulham CCG,6/30/2018,Hcare Srv Rec NHS Trust-Non Contract,AMBULANCE SERVICES,LONDON AMBULANCE SERVICE NHS TRUST,22515390,"27,830.00 ",654967192,L0017759
Department of Health,NHS Hammersmith And Fulham CCG,6/30/2018,Hcare Srv Rec NHS Trust-Contract Baseline,ACUTE COMMISSIONING,LONDON AMBULANCE SERVICE NHS TRUST,22215210,"736,407.84 ",654967192,L0017857
Department of Health,NHS Hammersmith And Fulham CCG,6/30/2018,Hcare Srv Rec NHS Trust-Contract Baseline,ACUTE COMMISSIONING,LONDON AMBULANCE SERVICE NHS TRUST,22749057,"625,823.00 ",654967192,L0018112
Department of Health,NHS Hammersmith And Fulham CCG,6/30/2018,Hcare Srv Rec NHS Trust-Contract Baseline,ACUTE COMMISSIONING,LONDON NORTH WEST HEALTHCARE NHS TRUST,22790576,"171,022.00 ",654463720,A0045362
Department of Health,NHS Hammersmith And Fulham CCG,6/30/2018,Clinical&Medical-Voluntary Sector,MENTAL HEALTH SERVICES - ADULTS,MIND,22851647,"131,514.25 ",GB672172046,2444
Department of Health,NHS Hammersmith And Fulham CCG,6/30/2018,Hcare Srv Rec Fdtn Trust-Contract Baseline,ACUTE COMMISSIONING,MOORFIELDS EYE HOSPITAL NHS FOUNDATION TRUST,22728877,"68,149.00 ",,IC0034524
Department of Health,NHS Hammersmith And Fulham CCG,6/30/2018,Cont Care-Funded Nursing Care Allow,FUNDED NURSING CARE,NAZARETH CARE CHARITABLE TRUST,22829147,"40,246.47 ",,HAM00011004
Department of Health,NHS Hammersmith And Fulham CCG,6/30/2018,Cont Care-Funded Nursing Care Allow,FUNDED NURSING CARE,NAZARETH HOUSE CARE HOME,22829231,"(40,246.47)",,HAM00011004CRD
Department of Health,NHS Hammersmith And Fulham CCG,6/30/2018,Clinical&Medical-Serv Recd-CCGs,PRIMARY CARE IT,NHS BRENT CCG,22656107,"24,637.00 ",654451142,7022601962
Department of Health,NHS Hammersmith And Fulham CCG,6/30/2018,Clinical&Medical-Serv Recd-CCGs,PROGRAMME PROJECTS,NHS BRENT CCG,22656107,"10,220.00 ",654451142,7022601962
Department of Health,NHS Hammersmith And Fulham CCG,6/30/2018,Clinical&Medical-Serv Recd-CCGs,RECHARGES,NHS BRENT CCG,22656107,"1,775.00 ",654451142,7022601962
Department of Health,NHS Hammersmith And Fulham CCG,6/30/2018,Rent,GENERAL RESERVE - ADMIN,NHS CENTRAL LONDON (WESTMINSTER) CCG,22811518,"40,419.11 ",GB654451338,7025405393
Department of Health,NHS Hammersmith And Fulham CCG,6/30/2018,Clinical&Medical-Serv Recd-CCGs,CORPORATE COSTS & SERVICES,NHS LAMBETH CCG,22670972,"38,017.00 ",GB654453332,7024201875
Department of Health,NHS Hammersmith And Fulham CCG,6/30/2018,C&M-PMS Contract Value,PRC DELEGATED CO-COMMISSIONING,NORTH END MEDICAL CENTRE,22597817,"166,420.08 ",,LNM000030191
Department of Health,NHS Hammersmith And Fulham CCG,6/30/2018,C&M-PMS PCO Seniority,PRC DELEGATED CO-COMMISSIONING,NORTH END MEDICAL CENTRE,22597817,"4,615.14 ",,LNM000030191
Department of Health,NHS Hammersmith And Fulham CCG,6/30/2018,C&M-PMS Prem Notional Rent,PRC DELEGATED CO-COMMISSIONING,NORTH END MEDICAL CENTRE,22597817,"28,401.17 ",,LNM000030191
Department of Health,NHS Hammersmith And Fulham CCG,6/30/2018,C&M-PMS Prem Rates,PRC DELEGATED CO-COMMISSIONING,NORTH END MEDICAL CENTRE,22597817,"13,851.00 ",,LNM000030191
Department of Health,NHS Hammersmith And Fulham CCG,6/30/2018,C&M-PMS QOF Aspiration,PRC DELEGATED CO-COMMISSIONING,NORTH END MEDICAL CENTRE,22597817,"9,717.44 ",,LNM000030191
Department of Health,NHS Hammersmith And Fulham CCG,6/30/2018,ME - PMS GP Prior Year ERs,PRC DELEGATED CO-COMMISSIONING,NORTH END MEDICAL CENTRE,22597817,"6,950.32 ",,LNM000030191
Department of Health,NHS Hammersmith And Fulham CCG,6/30/2018,ME-PMS GP Pension EEs Adjs - PMS,PRC DELEGATED CO-COMMISSIONING,NORTH END MEDICAL CENTRE,22597817,"1,012.50 ",,LNM000030191
Department of Health,NHS Hammersmith And Fulham CCG,6/30/2018,ME-PMS GP Pension ERs Adjs - PMS,PRC DELEGATED CO-COMMISSIONING,NORTH END MEDICAL CENTRE,22597817,"1,078.50 ",,LNM000030191
Department of Health,NHS Hammersmith And Fulham CCG,6/30/2018,ME-PMS GP Prior Year AVCs,PRC DELEGATED CO-COMMISSIONING,NORTH END MEDICAL CENTRE,22597817,285.00 ,,LNM000030191
Department of Health,NHS Hammersmith And Fulham CCG,6/30/2018,ME-PMS GP Prior Year EEs,PRC DELEGATED CO-COMMISSIONING,NORTH END MEDICAL CENTRE,22597817,"6,241.68 ",,LNM000030191
Department of Health,NHS Hammersmith And Fulham CCG,6/30/2018,C&M-GMS Global Sum,PRC DELEGATED CO-COMMISSIONING,PARKVIEW PRACTICE,22777575,"47,095.83 ",,LNM000030492
Department of Health,NHS Hammersmith And Fulham CCG,6/30/2018,C&M-GMS MPIG Correction Factor,PRC DELEGATED CO-COMMISSIONING,PARKVIEW PRACTICE,22777575,940.27 ,,LNM000030492
Department of Health,NHS Hammersmith And Fulham CCG,6/30/2018,C&M-GMS PCO Seniority,PRC DELEGATED CO-COMMISSIONING,PARKVIEW PRACTICE,22777575,935.88 ,,LNM000030492
Department of Health,NHS Hammersmith And Fulham CCG,6/30/2018,C&M-GMS QOF Aspiration,PRC DELEGATED CO-COMMISSIONING,PARKVIEW PRACTICE,22777575,"3,590.34 ",,LNM000030492
Department of Health,NHS Hammersmith And Fulham CCG,6/30/2018,Hcare Srv Rec Fdtn Trust-Contract Baseline,ACUTE COMMISSIONING,ROYAL BROMPTON & HAREFIELD NHS FOUNDATION TRUST,22830001,"80,558.11 ",,S003882
Department of Health,NHS Hammersmith And Fulham CCG,6/30/2018,Hcare Srv Rec Fdtn Trust-Prior Year,ACUTE COMMISSIONING,ROYAL MARSDEN NHS FOUNDATION TRUST (THE),22760382,"28,141.00 ",,45749313
Department of Health,NHS Hammersmith And Fulham CCG,6/30/2018,Hcare Srv Rec Fdtn Trust-Contract Baseline,ACUTE COMMISSIONING,ROYAL MARSDEN NHS FOUNDATION TRUST (THE),22475874,"74,768.16 ",,45749726
Department of Health,NHS Hammersmith And Fulham CCG,6/30/2018,C&M-GMS Global Sum,PRC DELEGATED CO-COMMISSIONING,SHEPHERDS BUSH MEDICAL CENTRE,22777568,"24,869.58 ",,LNM000030484
Department of Health,NHS Hammersmith And Fulham CCG,6/30/2018,C&M-GMS PCO Seniority,PRC DELEGATED CO-COMMISSIONING,SHEPHERDS BUSH MEDICAL CENTRE,22777568,603.20 ,,LNM000030484
Department of Health,NHS Hammersmith And Fulham CCG,6/30/2018,C&M-GMS Prem Notional Rent,PRC DELEGATED CO-COMMISSIONING,SHEPHERDS BUSH MEDICAL CENTRE,22777568,"3,321.67 ",,LNM000030484
Department of Health,NHS Hammersmith And Fulham CCG,6/30/2018,C&M-GMS QOF Aspiration,PRC DELEGATED CO-COMMISSIONING,SHEPHERDS BUSH MEDICAL CENTRE,22777568,"1,828.35 ",,LNM000030484
Department of Health,NHS Hammersmith And Fulham CCG,6/30/2018,Hcare Srv Rec Fdtn Trust-Contract Baseline,ACUTE COMMISSIONING,ST GEORGES UNIVERSITY HOSPITALS NHS FOUNDATION TRUST,22851600,"77,582.63 ",GB654461922,6433468
Department of Health,NHS Hammersmith And Fulham CCG,6/30/2018,Hcare Srv Rec Fdtn Trust-Contract Baseline,ACUTE COMMISSIONING,UNIVERSITY COLLEGE LONDON HOSPITALS NHS FOUNDATION TRUST,22502384,"151,654.00 ",654948687,SLA3748
Department of Health,NHS Hammersmith And Fulham CCG,6/30/2018,Hcare Srv Rec Fdtn Trust-Contract Baseline,ACUTE COMMISSIONING,UNIVERSITY COLLEGE LONDON HOSPITALS NHS FOUNDATION TRUST,22847552,"151,654.00 ",654948687,SLA3862
Department of Health,NHS Hammersmith And Fulham CCG,6/30/2018,Clinical&Medical-Voluntary Sector,IMPROVING ACCESS TO PSYCHOLOGICAL THERAPIES,WEST LONDON CENTRE FOR COUNSELLING,22760383,"94,265.25 ",,11181902CCG
Department of Health,NHS Hammersmith And Fulham CCG,6/30/2018,Hcare Srv Rec NHS Trust-Contract Baseline,MENTAL HEALTH CONTRACTS,WEST LONDON MENTAL HEALTH NHS TRUST,22502385,"2,204,378.00 ",654970993,1100052350
Department of Health,NHS Hammersmith And Fulham CCG,6/30/2018,Hcare Srv Rec NHS Trust-Prior Year,MENTAL HEALTH CONTRACTS,WEST LONDON MENTAL HEALTH NHS TRUST,22851614,"146,029.00 ",654970993,1100052390
Department of Health,NHS Hammersmith And Fulham CCG,6/30/2018,Hcare Srv Rec NHS Trust-Prior Year,MENTAL HEALTH CONTRACTS,WEST LONDON MENTAL HEALTH NHS TRUST,22851619,"(146,029.00)",654970993,1200005429
