"Spend over �25,000 - Publication 01/05/2018 to 31/05/2018",,,,,,,
,,,,,,,
Department family,Entity,Date,Expense Type,Expense area,Supplier,Transaction number,AP Amount (�)
Department of Health,NHS Ashford CCG,5/31/2018,C&M-GMS Other FDR Payment,PRC DELEGATED CO-COMMISSIONING,DR KELLY J C & PARTNERS,22008787,"$24,482.90 "
Department of Health,NHS Ashford CCG,5/31/2018,C&M-GMS QOF Aspiration,PRC DELEGATED CO-COMMISSIONING,DR KELLY J C & PARTNERS,22008787,"$7,019.48 "
Department of Health,NHS Ashford CCG,5/31/2018,Clinical&Medical-Commercial Sector,WHEELCHAIR SERVICE,MILLBROOK HEALTHCARE LTD,22056581,"$27,501.17 "
Department of Health,NHS Ashford CCG,5/31/2018,Clinical&Medical-Commercial Sector,NHS 111,INTEGRATED CARE 24 LTD,22056604,"$36,433.67 "
Department of Health,NHS Ashford CCG,5/31/2018,Hcare Srv Rec NHS Trust-Non Contract,NCAS/OATS,EAST SUSSEX HEALTHCARE NHS TRUST,22141014,"$25,625.43 "
Department of Health,NHS Ashford CCG,5/31/2018,Hcare Srv Rec Fdtn Trust-Contract Baseline,PLANNED CARE,EAST KENT HOSPITALS UNIVERSITY NHS FOUNDATION TRUST,22141023,"$4,944,778.50 "
Department of Health,NHS Ashford CCG,5/31/2018,Clinical&Medical-Othe Public Sector,CARERS,KENT COUNTY COUNCIL (EXCH SEC MAIDSTONE),22145443,"$41,887.71 "
Department of Health,NHS Ashford CCG,5/31/2018,Hcare Srv Rec Fdtn Trust-Contract Baseline,PLANNED CARE,EAST KENT HOSPITALS UNIVERSITY NHS FOUNDATION TRUST,22145479,"$549,419.83 "
Department of Health,NHS Ashford CCG,5/31/2018,Hcare Srv Rec Fdtn Trust-Contract Baseline,CHILD AND ADOLESCENT MENTAL HEALTH,NORTH EAST LONDON NHS FOUNDATION TRUST,22145481,"$104,825.00 "
Department of Health,NHS Ashford CCG,5/31/2018,Hcare Srv Rec Fdtn Trust-Contract Baseline,COMMUNITY SERVICES,KENT COMMUNITY HEALTH NHS FOUNDATION TRUST,22145599,"$827,550.00 "
Department of Health,NHS Ashford CCG,5/31/2018,Hcare Srv Rec Fdtn Trust-Contract Baseline,ACUTE COMMISSIONING,UNIVERSITY COLLEGE LONDON HOSPITALS NHS FOUNDATION TRUST,22145611,"$38,520.00 "
Department of Health,NHS Ashford CCG,5/31/2018,Charges from CSU,CORPORATE COSTS & SERVICES,NHS NEL CSU,22145623,"$38,150.00 "
Department of Health,NHS Ashford CCG,5/31/2018,C&M-GMS Practice Transformational Support,LOCAL ENHANCED SERVICES,ASHFORD CLINICAL PROVIDERS LTD,22145653,"$31,609.50 "
Department of Health,NHS Ashford CCG,5/31/2018,C&M-GMS Practice Transformational Support,LOCAL ENHANCED SERVICES,ASHFORD CLINICAL PROVIDERS LTD,22145658,"$31,609.50 "
Department of Health,NHS Ashford CCG,5/31/2018,Clinical&Medical-Commercial Sector,OUT OF HOURS,INTEGRATED CARE 24 LTD,22145711,"$86,227.25 "
Department of Health,NHS Ashford CCG,5/31/2018,Clinical&Medical-Voluntary Sector,HOSPICES,PILGRIMS HOSPICES IN EAST KENT,22145765,"$37,153.05 "
Department of Health,NHS Ashford CCG,5/31/2018,Hcare Srv Rec NHS Trust-Contract Baseline,MENTAL HEALTH CONTRACTS,KENT AND MEDWAY NHS AND SOCIALCARE PARTNERSHIP TRUST,22145791,"$803,467.00 "
Department of Health,NHS Ashford CCG,5/31/2018,Hcare Srv Rec Fdtn Trust-Contract Baseline,AMBULANCE SERVICES,SOUTH EAST COAST AMBULANCE SERVICE NHS FOUNDATION TRUST,22145792,"$375,326.15 "
Department of Health,NHS Ashford CCG,5/31/2018,Clinical&Medical-Commercial Sector,LONG TERM CONDITIONS,ASHFORD CLINICAL PROVIDERS LTD,22145821,"$38,180.00 "
Department of Health,NHS Ashford CCG,5/31/2018,Clinical&Medical-Commercial Sector,URGENT CARE,INVICTA HEALTH CIC,22145837,"$51,900.00 "
Department of Health,NHS Ashford CCG,5/31/2018,Hcare Srv Rec NHS Trust-Contract Baseline,ACUTE COMMISSIONING,ROYAL NATIONAL ORTHOPAEDIC HOSPITAL NHS TRUST,22145842,"$25,405.00 "
Department of Health,NHS Ashford CCG,5/31/2018,Hcare Srv Rec Fdtn Trust-Contract Baseline,ACUTE COMMISSIONING,QUEEN VICTORIA HOSPITAL NHS FOUNDATION TRUST,22145883,"$40,973.99 "
Department of Health,NHS Ashford CCG,5/31/2018,Hcare Srv Rec Fdtn Trust-Contract Baseline,CHILD AND ADOLESCENT MENTAL HEALTH,NORTH EAST LONDON NHS FOUNDATION TRUST,22145919,"$104,825.00 "
Department of Health,NHS Ashford CCG,5/31/2018,C&M-GMS GP Statutory Levy,PRC DELEGATED CO-COMMISSIONING,CHARING SURGERY,22176925,($327.63)
Department of Health,NHS Ashford CCG,5/31/2018,C&M-GMS Voluntary Levy,PRC DELEGATED CO-COMMISSIONING,CHARING SURGERY,22176925,($314.56)
Department of Health,NHS Ashford CCG,5/31/2018,ME - GMS GP Prior Year ERs,PRC DELEGATED CO-COMMISSIONING,CHARING SURGERY,22176925,"($4,854.20)"
Department of Health,NHS Ashford CCG,5/31/2018,ME - GMS TPS Added Years Adj EEs,PRC DELEGATED CO-COMMISSIONING,CHARING SURGERY,22176925,($475.15)
Department of Health,NHS Ashford CCG,5/31/2018,ME-GMS GP Pension EEs,PRC DELEGATED CO-COMMISSIONING,CHARING SURGERY,22176925,"($10,656.95)"
Department of Health,NHS Ashford CCG,5/31/2018,ME-GMS GP Pension ERs Adjustments,PRC DELEGATED CO-COMMISSIONING,CHARING SURGERY,22176925,"($11,453.49)"
Department of Health,NHS Ashford CCG,5/31/2018,ME-GMS GP Prior Year EEs,PRC DELEGATED CO-COMMISSIONING,CHARING SURGERY,22176925,"($3,143.40)"
Department of Health,NHS Ashford CCG,5/31/2018,C&M-GMS Global Sum,PRC DELEGATED CO-COMMISSIONING,CHARING SURGERY,22176926,"$71,008.30 "
Department of Health,NHS Ashford CCG,5/31/2018,C&M-GMS MPIG Correction Factor,PRC DELEGATED CO-COMMISSIONING,CHARING SURGERY,22176926,$883.00 
Department of Health,NHS Ashford CCG,5/31/2018,C&M-GMS Prem Water Rates,PRC DELEGATED CO-COMMISSIONING,CHARING SURGERY,22176926,$903.88 
Department of Health,NHS Ashford CCG,5/31/2018,C&M-GMS DES Minor Surgery,PRC DELEGATED CO-COMMISSIONING,DR DEL BIANCO G & PARTNER,22176928,$89.07 
Department of Health,NHS Ashford CCG,5/31/2018,C&M-GMS Global Sum,PRC DELEGATED CO-COMMISSIONING,DR DEL BIANCO G & PARTNER,22176928,"$35,271.58 "
Department of Health,NHS Ashford CCG,5/31/2018,C&M-GMS MPIG Correction Factor,PRC DELEGATED CO-COMMISSIONING,DR DEL BIANCO G & PARTNER,22176928,$277.87 
Department of Health,NHS Ashford CCG,5/31/2018,C&M-GMS Prem Rates,PRC DELEGATED CO-COMMISSIONING,DR DEL BIANCO G & PARTNER,22176928,"$1,278.82 "
Department of Health,NHS Ashford CCG,5/31/2018,C&M-GMS DES Minor Surgery,PRC DELEGATED CO-COMMISSIONING,DR KELLY J C & PARTNERS,22176931,"$3,695.14 "
Department of Health,NHS Ashford CCG,5/31/2018,C&M-GMS Global Sum,PRC DELEGATED CO-COMMISSIONING,DR KELLY J C & PARTNERS,22176931,"$71,029.59 "
Department of Health,NHS Ashford CCG,5/31/2018,C&M-GMS Prem Rates,PRC DELEGATED CO-COMMISSIONING,DR KELLY J C & PARTNERS,22176931,"$2,139.55 "
Department of Health,NHS Ashford CCG,5/31/2018,C&M-GMS Global Sum,PRC DELEGATED CO-COMMISSIONING,DR SETTY M V S,22176935,"$48,148.40 "
Department of Health,NHS Ashford CCG,5/31/2018,C&M-GMS MPIG Correction Factor,PRC DELEGATED CO-COMMISSIONING,DR SETTY M V S,22176935,"$1,323.64 "
Department of Health,NHS Ashford CCG,5/31/2018,C&M-GMS DES Minor Surgery,PRC DELEGATED CO-COMMISSIONING,FRONT ROAD SURGERY,22176936,"$1,024.24 "
Department of Health,NHS Ashford CCG,5/31/2018,C&M-GMS Global Sum,PRC DELEGATED CO-COMMISSIONING,FRONT ROAD SURGERY,22176936,"$34,423.98 "
Department of Health,NHS Ashford CCG,5/31/2018,C&M-GMS MPIG Correction Factor,PRC DELEGATED CO-COMMISSIONING,FRONT ROAD SURGERY,22176936,$721.05 
Department of Health,NHS Ashford CCG,5/31/2018,C&M-GMS Prem Rates,PRC DELEGATED CO-COMMISSIONING,FRONT ROAD SURGERY,22176936,$540.00 
Department of Health,NHS Ashford CCG,5/31/2018,C&M-GMS QOF Achievement,PRC DELEGATED CO-COMMISSIONING,FRONT ROAD SURGERY,22176936,"$20,579.73 "
Department of Health,NHS Ashford CCG,5/31/2018,C&M-GMS Global Sum,PRC DELEGATED CO-COMMISSIONING,HAMSTREET SURGERY,22176938,"$55,041.11 "
Department of Health,NHS Ashford CCG,5/31/2018,C&M-GMS MPIG Correction Factor,PRC DELEGATED CO-COMMISSIONING,HAMSTREET SURGERY,22176938,$290.90 
Department of Health,NHS Ashford CCG,5/31/2018,C&M-GMS Prem Rates,PRC DELEGATED CO-COMMISSIONING,HAMSTREET SURGERY,22176938,"$2,012.73 "
Department of Health,NHS Ashford CCG,5/31/2018,C&M-GMS QOF Achievement,PRC DELEGATED CO-COMMISSIONING,HAMSTREET SURGERY,22176938,"$27,228.90 "
Department of Health,NHS Ashford CCG,5/31/2018,C&M-GMS DES Minor Surgery,PRC DELEGATED CO-COMMISSIONING,IVY COURT SURGERY,22176940,"$1,692.26 "
Department of Health,NHS Ashford CCG,5/31/2018,C&M-GMS Global Sum,PRC DELEGATED CO-COMMISSIONING,IVY COURT SURGERY,22176940,"$112,632.39 "
Department of Health,NHS Ashford CCG,5/31/2018,C&M-GMS Global Sum,PRC DELEGATED CO-COMMISSIONING,NEW HAYESBANK SURGERY,22176942,"$109,508.09 "
Department of Health,NHS Ashford CCG,5/31/2018,C&M-GMS MPIG Correction Factor,PRC DELEGATED CO-COMMISSIONING,NEW HAYESBANK SURGERY,22176942,"$2,212.89 "
Department of Health,NHS Ashford CCG,5/31/2018,C&M-GMS Prem Rates,PRC DELEGATED CO-COMMISSIONING,NEW HAYESBANK SURGERY,22176942,"$6,926.04 "
Department of Health,NHS Ashford CCG,5/31/2018,C&M-GMS Global Sum,PRC DELEGATED CO-COMMISSIONING,ST STEPHENS HEALTH CENTRE ASHFORD,22176944,"$52,766.75 "
Department of Health,NHS Ashford CCG,5/31/2018,C&M-GMS QOF Achievement,PRC DELEGATED CO-COMMISSIONING,ST STEPHENS HEALTH CENTRE ASHFORD,22176944,"$22,610.32 "
Department of Health,NHS Ashford CCG,5/31/2018,C&M-GMS GP Statutory Levy,PRC DELEGATED CO-COMMISSIONING,SYDENHAM HOUSE MEDICAL CENTRE,22176945,($689.30)
Department of Health,NHS Ashford CCG,5/31/2018,C&M-GMS Voluntary Levy,PRC DELEGATED CO-COMMISSIONING,SYDENHAM HOUSE MEDICAL CENTRE,22176945,($661.79)
Department of Health,NHS Ashford CCG,5/31/2018,ME-GMS GP Pension EEs,PRC DELEGATED CO-COMMISSIONING,SYDENHAM HOUSE MEDICAL CENTRE,22176945,"($12,444.91)"
Department of Health,NHS Ashford CCG,5/31/2018,ME-GMS GP Pension ERs Adjustments,PRC DELEGATED CO-COMMISSIONING,SYDENHAM HOUSE MEDICAL CENTRE,22176945,"($12,755.57)"
Department of Health,NHS Ashford CCG,5/31/2018,C&M-GMS DES Minor Surgery,PRC DELEGATED CO-COMMISSIONING,SYDENHAM HOUSE MEDICAL CENTRE,22176946,"$2,538.35 "
Department of Health,NHS Ashford CCG,5/31/2018,C&M-GMS Global Sum,PRC DELEGATED CO-COMMISSIONING,SYDENHAM HOUSE MEDICAL CENTRE,22176946,"$132,000.37 "
Department of Health,NHS Ashford CCG,5/31/2018,C&M-GMS QOF Achievement,PRC DELEGATED CO-COMMISSIONING,SYDENHAM HOUSE MEDICAL CENTRE,22176946,"$52,485.95 "
Department of Health,NHS Ashford CCG,5/31/2018,C&M-GMS Global Sum,PRC DELEGATED CO-COMMISSIONING,WYE SURGERY,22177181,"$59,968.68 "
Department of Health,NHS Ashford CCG,5/31/2018,C&M-GMS Other FDR Payment,PRC DELEGATED CO-COMMISSIONING,WYE SURGERY,22177181,"$2,441.60 "
Department of Health,NHS Ashford CCG,5/31/2018,C&M-GMS DES Minor Surgery,PRC DELEGATED CO-COMMISSIONING,DR COONEY J A F & PARTNERS,22196155,"$1,825.85 "
Department of Health,NHS Ashford CCG,5/31/2018,C&M-GMS Global Sum,PRC DELEGATED CO-COMMISSIONING,DR COONEY J A F & PARTNERS,22196155,"$90,712.63 "
Department of Health,NHS Ashford CCG,5/31/2018,C&M-GMS MPIG Correction Factor,PRC DELEGATED CO-COMMISSIONING,DR COONEY J A F & PARTNERS,22196155,"$1,731.83 "
Department of Health,NHS Ashford CCG,5/31/2018,ME - GMS GP Prior Year ERs,PRC DELEGATED CO-COMMISSIONING,DR COONEY J A F & PARTNERS,22196155,"$12,223.02 "
Department of Health,NHS Ashford CCG,5/31/2018,ME-GMS GP Pension EEs Adjustments,PRC DELEGATED CO-COMMISSIONING,DR COONEY J A F & PARTNERS,22196155,"$2,054.17 "
Department of Health,NHS Ashford CCG,5/31/2018,ME-GMS GP Pension ERs Adjustments,PRC DELEGATED CO-COMMISSIONING,DR COONEY J A F & PARTNERS,22196155,"$2,037.17 "
Department of Health,NHS Ashford CCG,5/31/2018,ME-GMS GP Prior Year EEs,PRC DELEGATED CO-COMMISSIONING,DR COONEY J A F & PARTNERS,22196155,"$12,325.00 "
Department of Health,NHS Ashford CCG,5/31/2018,C&M-GMS Cost of Drugs -Dispensing,LOCAL ENHANCED SERVICES,CHARING SURGERY,22264793,"($79,695.68)"
Department of Health,NHS Ashford CCG,5/31/2018,C&M-GMS PrscChrgsCll&RmttdbyGPCntra,PRC DELEGATED CO-COMMISSIONING,CHARING SURGERY,22264793,"($5,160.00)"
Department of Health,NHS Ashford CCG,5/31/2018,C&M-GMS Cost of Drugs -Dispensing,LOCAL ENHANCED SERVICES,CHARING SURGERY,22264794,"$139,163.06 "
Department of Health,NHS Ashford CCG,5/31/2018,C&M-GMS Prof Fees Dispensing,PRC DELEGATED CO-COMMISSIONING,CHARING SURGERY,22264794,"$24,414.22 "
Department of Health,NHS Ashford CCG,5/31/2018,C&M-GMS PrscrptnChrgsColl&RmttdbyGP,LOCAL ENHANCED SERVICES,CHARING SURGERY,22264794,"$5,160.00 "
Department of Health,NHS Ashford CCG,5/31/2018,C&M-GMS Cost of Drugs -Dispensing,LOCAL ENHANCED SERVICES,DR DEL BIANCO G & PARTNER,22264795,"($48,448.30)"
Department of Health,NHS Ashford CCG,5/31/2018,C&M-GMS PrscChrgsCll&RmttdbyGPCntra,PRC DELEGATED CO-COMMISSIONING,DR DEL BIANCO G & PARTNER,22264795,"($2,709.00)"
Department of Health,NHS Ashford CCG,5/31/2018,C&M-GMS Cost of Drugs -Dispensing,LOCAL ENHANCED SERVICES,DR DEL BIANCO G & PARTNER,22264796,"$100,888.16 "
Department of Health,NHS Ashford CCG,5/31/2018,C&M-GMS Prof Fees Dispensing,PRC DELEGATED CO-COMMISSIONING,DR DEL BIANCO G & PARTNER,22264796,"$14,139.20 "
Department of Health,NHS Ashford CCG,5/31/2018,C&M-GMS PrscrptnChrgsColl&RmttdbyGP,LOCAL ENHANCED SERVICES,DR DEL BIANCO G & PARTNER,22264796,"$2,709.00 "
Department of Health,NHS Ashford CCG,5/31/2018,C&M-GMS Cost of Drugs -Dispensing,LOCAL ENHANCED SERVICES,FRONT ROAD SURGERY,22264797,"($49,598.84)"
Department of Health,NHS Ashford CCG,5/31/2018,C&M-GMS PrscChrgsCll&RmttdbyGPCntra,PRC DELEGATED CO-COMMISSIONING,FRONT ROAD SURGERY,22264797,"($3,517.20)"
Department of Health,NHS Ashford CCG,5/31/2018,C&M-GMS Cost of Drugs -Dispensing,LOCAL ENHANCED SERVICES,FRONT ROAD SURGERY,22264798,"$86,431.25 "
Department of Health,NHS Ashford CCG,5/31/2018,C&M-GMS Prof Fees Dispensing,PRC DELEGATED CO-COMMISSIONING,FRONT ROAD SURGERY,22264798,"$17,296.56 "
Department of Health,NHS Ashford CCG,5/31/2018,C&M-GMS PrscrptnChrgsColl&RmttdbyGP,LOCAL ENHANCED SERVICES,FRONT ROAD SURGERY,22264798,"$3,517.20 "
Department of Health,NHS Ashford CCG,5/31/2018,C&M-GMS Cost of Drugs -Dispensing,LOCAL ENHANCED SERVICES,HAMSTREET SURGERY,22264799,"($77,326.46)"
Department of Health,NHS Ashford CCG,5/31/2018,C&M-GMS PrscChrgsCll&RmttdbyGPCntra,PRC DELEGATED CO-COMMISSIONING,HAMSTREET SURGERY,22264799,"($4,979.40)"
Department of Health,NHS Ashford CCG,5/31/2018,C&M-GMS Cost of Drugs -Dispensing,LOCAL ENHANCED SERVICES,HAMSTREET SURGERY,22264800,"$139,283.67 "
Department of Health,NHS Ashford CCG,5/31/2018,C&M-GMS Prof Fees Dispensing,PRC DELEGATED CO-COMMISSIONING,HAMSTREET SURGERY,22264800,"$25,063.77 "
Department of Health,NHS Ashford CCG,5/31/2018,C&M-GMS PrscrptnChrgsColl&RmttdbyGP,LOCAL ENHANCED SERVICES,HAMSTREET SURGERY,22264800,"$4,979.40 "
Department of Health,NHS Ashford CCG,5/31/2018,C&M-GMS Cost of Drugs -Dispensing,LOCAL ENHANCED SERVICES,IVY COURT SURGERY,22264801,"($69,371.76)"
Department of Health,NHS Ashford CCG,5/31/2018,C&M-GMS PrscChrgsCll&RmttdbyGPCntra,PRC DELEGATED CO-COMMISSIONING,IVY COURT SURGERY,22264801,"($4,876.20)"
Department of Health,NHS Ashford CCG,5/31/2018,C&M-GMS Cost of Drugs -Dispensing,LOCAL ENHANCED SERVICES,IVY COURT SURGERY,22264802,"$139,834.78 "
Department of Health,NHS Ashford CCG,5/31/2018,C&M-GMS Prof Fees Dispensing,PRC DELEGATED CO-COMMISSIONING,IVY COURT SURGERY,22264802,"$22,197.78 "
Department of Health,NHS Ashford CCG,5/31/2018,C&M-GMS PrscrptnChrgsColl&RmttdbyGP,LOCAL ENHANCED SERVICES,IVY COURT SURGERY,22264802,"$4,876.20 "
Department of Health,NHS Ashford CCG,5/31/2018,C&M-GMS Cost of Drugs -Dispensing,LOCAL ENHANCED SERVICES,WYE SURGERY,22264965,"($31,550.08)"
Department of Health,NHS Ashford CCG,5/31/2018,C&M-GMS PrscChrgsCll&RmttdbyGPCntra,PRC DELEGATED CO-COMMISSIONING,WYE SURGERY,22264965,"($2,253.20)"
Department of Health,NHS Ashford CCG,5/31/2018,C&M-GMS Cost of Drugs -Dispensing,LOCAL ENHANCED SERVICES,WYE SURGERY,22264967,"$59,253.06 "
Department of Health,NHS Ashford CCG,5/31/2018,C&M-GMS Prof Fees Dispensing,PRC DELEGATED CO-COMMISSIONING,WYE SURGERY,22264967,"$9,207.61 "
Department of Health,NHS Ashford CCG,5/31/2018,C&M-GMS PrscrptnChrgsColl&RmttdbyGP,LOCAL ENHANCED SERVICES,WYE SURGERY,22264967,"$2,253.20 "
Department of Health,NHS Ashford CCG,5/31/2018,Clinical&Medical-Commercial Sector,PROGRAMME PROJECTS,TRANSFORMING SYSTEMS LTD,22284837,"$43,680.00 "
Department of Health,NHS Ashford CCG,5/31/2018,Hcare Srv Rec Fdtn Trust-Non Contract,NCAS/OATS,ROYAL BROMPTON & HAREFIELD NHS FOUNDATION TRUST,22306155,"$57,681.01 "
Department of Health,NHS Ashford CCG,5/31/2018,Clinical&Medical-Commercial Sector,NHS 111,INTEGRATED CARE 24 LTD,22306284,"$36,433.67 "
Department of Health,NHS Ashford CCG,5/31/2018,Hcare Srv Rec Fdtn Trust-Contract Baseline,ACUTE COMMISSIONING,KING`S COLLEGE HOSPITAL NHS FOUNDATION TRUST,22306336,"$110,904.00 "
Department of Health,NHS Ashford CCG,5/31/2018,Clinical&Medical-Independent Sector,PLANNED CARE,BENENDEN HOSPITAL TRUST,22306452,"$191,864.00 "
Department of Health,NHS Ashford CCG,5/31/2018,Basic Sal-Rechgs to-from Other NHS,CORPORATE COSTS & SERVICES,NHS CANTERBURY AND COASTAL CCG,22306508,"$78,412.57 "
Department of Health,NHS Ashford CCG,5/31/2018,Clinical&Medical-Independent Sector,PLANNED CARE,BMI HEALTHCARE COLLECTIONS,22306552,"$50,324.22 "
Department of Health,NHS Ashford CCG,5/31/2018,Clinical&Medical-Commercial Sector,PATIENT TRANSPORT,G4S HEALTH SERVICES UK LTD,22306561,"$72,574.24 "
Department of Health,NHS Ashford CCG,5/31/2018,Clinical&Medical-Commercial Sector,COMMUNITY SERVICES,NOTTINGHAM REHAB LTD,22306650,"$36,986.56 "
Department of Health,NHS Ashford CCG,5/31/2018,Clinical&Medical-Commercial Sector,PLANNED CARE,NEW HAYESBANK SURGERY,22306777,"$78,209.75 "
Department of Health,NHS Ashford CCG,5/31/2018,Cont Care-Funded Nursing Care Allow,FUNDED NURSING CARE,WOODCHURCH HOUSE LTD,22306785,"$26,435.37 "
Department of Health,NHS Ashford CCG,5/31/2018,Clinical&Medical-Commercial Sector,PLANNED CARE,NEW HAYESBANK SURGERY,22306791,"$37,299.00 "
Department of Health,NHS Ashford CCG,5/31/2018,Clinical&Medical-Commercial Sector,PATIENT TRANSPORT,G4S HEALTH SERVICES UK LTD,22401273,"($29,218.56)"
Department of Health,NHS Ashford CCG,5/31/2018,Clinical&Medical-Independent Sector,PLANNED CARE,BMI HEALTHCARE COLLECTIONS,22401275,"($28,469.08)"
Department of Health,NHS Ashford CCG,5/31/2018,Clinical&Medical-Independent Sector,PLANNED CARE,BMI HEALTHCARE COLLECTIONS,22401279,"($32,673.31)"
Department of Health,NHS Ashford CCG,5/31/2018,Clinical&Medical-Independent Sector,PLANNED CARE,BMI HEALTHCARE COLLECTIONS,22401280,"($25,803.35)"
Department of Health,NHS Ashford CCG,5/31/2018,Cont Care-Mental Health (65+),CHC ADULT FULLY FUNDED,EXECUTORS OF REGINA DOROTHY CHURCHER,22406688,"$32,090.48 "
Department of Health,NHS Ashford CCG,5/31/2018,Charges from CSU,CORPORATE COSTS & SERVICES,NHS NEL CSU,22425689,"$51,697.75 "
Department of Health,NHS Ashford CCG,5/31/2018,Other Gen Supplies & Srv,CORPORATE COSTS & SERVICES,OPTUM HEALTH SOLUTIONS (UK) LTD,22425729,"$36,375.58 "
Department of Health,NHS Ashford CCG,5/31/2018,Hcare Srv Rec Fdtn Trust-Contract Baseline,PLANNED CARE,EAST KENT HOSPITALS UNIVERSITY NHS FOUNDATION TRUST,22428849,"$6,091,068.00 "
Department of Health,NHS Ashford CCG,5/31/2018,Hcare Srv Rec Fdtn Trust-Contract Baseline,ACUTE COMMISSIONING,KING`S COLLEGE HOSPITAL NHS FOUNDATION TRUST,22428882,"$110,904.00 "
Department of Health,NHS Ashford CCG,5/31/2018,Hcare Srv Rec NHS Trust-Contract Baseline,ACUTE COMMISSIONING,MAIDSTONE AND TUNBRIDGE WELLS NHS TRUST,22428920,"$94,976.00 "
Department of Health,NHS Ashford CCG,5/31/2018,Cont Care- Palliative Care,CHC ADULT FULLY FUNDED,OPUS CARE LTD,22429040,"$17,858.10 "
Department of Health,NHS Ashford CCG,5/31/2018,Cont Care-Physical Disab (65+),CHC ADULT FULLY FUNDED,OPUS CARE LTD,22429040,"$8,801.99 "
Department of Health,NHS Ashford CCG,5/31/2018,Hcare Srv Rec Fdtn Trust-Contract Baseline,COMMUNITY SERVICES,KENT COMMUNITY HEALTH NHS FOUNDATION TRUST,22429197,"$827,550.00 "
Department of Health,NHS Ashford CCG,5/31/2018,Other Gen Supplies & Srv,CORPORATE COSTS & SERVICES,OPTUM HEALTH SOLUTIONS (UK) LTD,22429230,"$36,375.58 "
Department of Health,NHS Ashford CCG,5/31/2018,Clinical&Medical-Commercial Sector,NHS 111,NESTOR PRIMECARE SERVICES LTD,22431786,"$30,027.20 "
Department of Health,NHS Ashford CCG,5/31/2018,Clinical&Medical-Commercial Sector,OUT OF HOURS,NESTOR PRIMECARE SERVICES LTD,22431786,"$64,783.97 "
Department of Health,NHS Ashford CCG,5/31/2018,Clinical&Medical-Commercial Sector,OUT OF HOURS,NESTOR PRIMECARE SERVICES LTD,22431787,"($94,811.17)"
,,,,,,,
