"Spend over �25,000 - Publication 01/06/2018 to 31/06/2018",,,,,,,
,,,,,,,
Department family,Entity,Date,Expense Type,Expense area,Supplier,Transaction number,AP Amount (�)
Department of Health,NHS Ashford CCG,6/30/2018,Audit Fees: Internal,CORPORATE COSTS & SERVICES,IMPOWER CONSULTING LTD,22476797,"$36,000.00 "
Department of Health,NHS Ashford CCG,6/30/2018,Clinical&Medical-Commercial Sector,IMPROVING ACCESS TO PSYCHOLOGICAL THERAPIES,ADDACTION,22520367,"$45,490.00 "
Department of Health,NHS Ashford CCG,6/30/2018,Clinical&Medical-Commercial Sector,IMPROVING ACCESS TO PSYCHOLOGICAL THERAPIES,ADDACTION,22520371,"$34,140.00 "
Department of Health,NHS Ashford CCG,6/30/2018,Clinical&Medical-Independent Sector,NCAS/OATS,KENT INSTITUTE OF MEDICINE & SURGERY,22520377,"$79,373.69 "
Department of Health,NHS Ashford CCG,6/30/2018,Hcare Srv Rec Fdtn Trust-Non Contract,NCAS/OATS,MEDWAY NHS FOUNDATION TRUST,22521832,"$25,355.78 "
Department of Health,NHS Ashford CCG,6/30/2018,Clinical&Medical-Commercial Sector,NCAS/OATS,ONE ASHFORD HEALTHCARE LTD,22521841,"$138,636.89 "
Department of Health,NHS Ashford CCG,6/30/2018,Clinical&Medical-Othe Public Sector,INTERMEDIATE CARE,KENT COUNTY COUNCIL (EXCH SEC MAIDSTONE),22521847,"$621,999.00 "
Department of Health,NHS Ashford CCG,6/30/2018,Hcare Srv Rec Fdtn Trust-Contract Baseline,COMMUNITY SERVICES,KENT COMMUNITY HEALTH NHS FOUNDATION TRUST,22584521,"$42,709.36 "
Department of Health,NHS Ashford CCG,6/30/2018,Charges from CSU,CONTINUING HEALTHCARE ASSESSMENT & SUPPORT,NHS NEL CSU,22584641,"$30,121.18 "
Department of Health,NHS Ashford CCG,6/30/2018,Charges from CSU,CORPORATE COSTS & SERVICES,NHS NEL CSU,22584641,"$21,384.68 "
Department of Health,NHS Ashford CCG,6/30/2018,Office Equipment,PRIMARY CARE IT,NHS NEL CSU,22584641,"$18,940.78 "
Department of Health,NHS Ashford CCG,6/30/2018,Clinical&Medical-Independent Sector,PLANNED CARE,BMI HEALTHCARE COLLECTIONS,22584659,"$50,324.22 "
Department of Health,NHS Ashford CCG,6/30/2018,Hcare Srv Rec Fdtn Trust-Non Contract,NCAS/OATS,ROYAL MARSDEN NHS FOUNDATION TRUST (THE),22584664,"$38,456.00 "
Department of Health,NHS Ashford CCG,6/30/2018,Clinical&Medical-Voluntary Sector,HOSPICES,PILGRIMS HOSPICES IN EAST KENT,22584691,"$37,153.05 "
Department of Health,NHS Ashford CCG,6/30/2018,Hcare Srv Rec Fdtn Trust-Contract Baseline,ACUTE COMMISSIONING,UNIVERSITY COLLEGE LONDON HOSPITALS NHS FOUNDATION TRUST,22586894,"$38,520.00 "
Department of Health,NHS Ashford CCG,6/30/2018,Hcare Srv Rec NHS Trust-Contract Baseline,MENTAL HEALTH CONTRACTS,KENT AND MEDWAY NHS AND SOCIALCARE PARTNERSHIP TRUST,22586913,"$803,467.00 "
Department of Health,NHS Ashford CCG,6/30/2018,Hcare Srv Rec Fdtn Trust-Contract Baseline,AMBULANCE SERVICES,SOUTH EAST COAST AMBULANCE SERVICE NHS FOUNDATION TRUST,22586914,"$375,326.15 "
Department of Health,NHS Ashford CCG,6/30/2018,Cont Care-Learning Disab(<65),CHC ADULT FULLY FUNDED,LDC (DOVER) LTD,22586941,"$27,621.30 "
Department of Health,NHS Ashford CCG,6/30/2018,Hcare Srv Rec Fdtn Trust-Contract Baseline,CHILD AND ADOLESCENT MENTAL HEALTH,NORTH EAST LONDON NHS FOUNDATION TRUST,22586992,"$105,031.00 "
Department of Health,NHS Ashford CCG,6/30/2018,Hcare Srv Rec Fdtn Trust-Non Contract,NCAS/OATS,ST GEORGES UNIVERSITY HOSPITALS NHS FOUNDATION TRUST,22586995,"$40,483.26 "
Department of Health,NHS Ashford CCG,6/30/2018,Hcare Srv Rec Fdtn Trust-Contract Baseline,ACUTE COMMISSIONING,QUEEN VICTORIA HOSPITAL NHS FOUNDATION TRUST,22586997,"$40,973.99 "
Department of Health,NHS Ashford CCG,6/30/2018,Clinical&Medical-Commercial Sector,LONG TERM CONDITIONS,ASHFORD CLINICAL PROVIDERS LTD,22587006,"$42,730.00 "
Department of Health,NHS Ashford CCG,6/30/2018,Charges from CSU,CONTINUING HEALTHCARE ASSESSMENT & SUPPORT,NHS NEL CSU,22587029,"$30,640.75 "
Department of Health,NHS Ashford CCG,6/30/2018,Charges from CSU,CORPORATE COSTS & SERVICES,NHS NEL CSU,22587029,"$21,384.68 "
Department of Health,NHS Ashford CCG,6/30/2018,Office Equipment,PRIMARY CARE IT,NHS NEL CSU,22587029,"$18,940.78 "
Department of Health,NHS Ashford CCG,6/30/2018,Clinical&Medical-Commercial Sector,URGENT CARE,INVICTA HEALTH CIC,22587056,"$55,800.00 "
Department of Health,NHS Ashford CCG,6/30/2018,Clinical&Medical-Commercial Sector,PATIENT TRANSPORT,G4S HEALTH SERVICES UK LTD,22587069,"$72,574.24 "
Department of Health,NHS Ashford CCG,6/30/2018,Basic Sal-Rechgs to-from Other NHS,CORPORATE COSTS & SERVICES,NHS CANTERBURY AND COASTAL CCG,22587084,"$88,393.98 "
Department of Health,NHS Ashford CCG,6/30/2018,Cont Care-Mental Health (65+),CHC ADULT FULLY FUNDED,,22587666,"$32,090.48 "
Department of Health,NHS Ashford CCG,6/30/2018,C&M-GMS DES Extended Hours Access,PRC DELEGATED CO-COMMISSIONING,CHARING SURGERY,22637445,"$4,669.25 "
Department of Health,NHS Ashford CCG,6/30/2018,C&M-GMS Global Sum,PRC DELEGATED CO-COMMISSIONING,CHARING SURGERY,22637445,"$71,008.30 "
Department of Health,NHS Ashford CCG,6/30/2018,C&M-GMS MPIG Correction Factor,PRC DELEGATED CO-COMMISSIONING,CHARING SURGERY,22637445,$883.00 
Department of Health,NHS Ashford CCG,6/30/2018,C&M-GMS PCO Seniority,PRC DELEGATED CO-COMMISSIONING,CHARING SURGERY,22637445,$158.55 
Department of Health,NHS Ashford CCG,6/30/2018,C&M-GMS Prem Notional Rent,PRC DELEGATED CO-COMMISSIONING,CHARING SURGERY,22637445,"$8,683.58 "
Department of Health,NHS Ashford CCG,6/30/2018,C&M-GMS Prem Rates,PRC DELEGATED CO-COMMISSIONING,CHARING SURGERY,22637445,"$9,250.83 "
Department of Health,NHS Ashford CCG,6/30/2018,C&M-GMS Cost of Drugs -Prescribing,LOCAL ENHANCED SERVICES,DR SETTY M V S,22637450,$125.92 
Department of Health,NHS Ashford CCG,6/30/2018,C&M-GMS DES Extended Hours Access,PRC DELEGATED CO-COMMISSIONING,DR SETTY M V S,22637450,"$3,757.73 "
Department of Health,NHS Ashford CCG,6/30/2018,C&M-GMS Global Sum,PRC DELEGATED CO-COMMISSIONING,DR SETTY M V S,22637450,"$48,148.40 "
Department of Health,NHS Ashford CCG,6/30/2018,C&M-GMS MPIG Correction Factor,PRC DELEGATED CO-COMMISSIONING,DR SETTY M V S,22637450,"$1,323.64 "
Department of Health,NHS Ashford CCG,6/30/2018,C&M-GMS Prem Notional Rent,PRC DELEGATED CO-COMMISSIONING,DR SETTY M V S,22637450,"$1,072.92 "
Department of Health,NHS Ashford CCG,6/30/2018,C&M-GMS Prof Fees Prescribing,PRC DELEGATED CO-COMMISSIONING,DR SETTY M V S,22637450,$34.50 
Department of Health,NHS Ashford CCG,6/30/2018,C&M-GMS DES Minor Surgery,PRC DELEGATED CO-COMMISSIONING,FRONT ROAD SURGERY,22637452,$979.71 
Department of Health,NHS Ashford CCG,6/30/2018,C&M-GMS Global Sum,PRC DELEGATED CO-COMMISSIONING,FRONT ROAD SURGERY,22637452,"$34,423.98 "
Department of Health,NHS Ashford CCG,6/30/2018,C&M-GMS MPIG Correction Factor,PRC DELEGATED CO-COMMISSIONING,FRONT ROAD SURGERY,22637452,$721.05 
Department of Health,NHS Ashford CCG,6/30/2018,C&M-GMS PCO Seniority,PRC DELEGATED CO-COMMISSIONING,FRONT ROAD SURGERY,22637452,"$1,881.40 "
Department of Health,NHS Ashford CCG,6/30/2018,C&M-GMS Prem Notional Rent,PRC DELEGATED CO-COMMISSIONING,FRONT ROAD SURGERY,22637452,"$4,254.17 "
Department of Health,NHS Ashford CCG,6/30/2018,C&M-GMS Prem Rates,PRC DELEGATED CO-COMMISSIONING,FRONT ROAD SURGERY,22637452,$540.00 
Department of Health,NHS Ashford CCG,6/30/2018,C&M-GMS Cost of Drugs -Prescribing,LOCAL ENHANCED SERVICES,SYDENHAM HOUSE MEDICAL CENTRE,22637458,"$1,033.75 "
Department of Health,NHS Ashford CCG,6/30/2018,C&M-GMS DES Minor Surgery,PRC DELEGATED CO-COMMISSIONING,SYDENHAM HOUSE MEDICAL CENTRE,22637458,"$3,295.40 "
Department of Health,NHS Ashford CCG,6/30/2018,C&M-GMS Global Sum,PRC DELEGATED CO-COMMISSIONING,SYDENHAM HOUSE MEDICAL CENTRE,22637458,"$132,000.37 "
Department of Health,NHS Ashford CCG,6/30/2018,C&M-GMS PCO Seniority,PRC DELEGATED CO-COMMISSIONING,SYDENHAM HOUSE MEDICAL CENTRE,22637458,"$1,511.41 "
Department of Health,NHS Ashford CCG,6/30/2018,C&M-GMS Prof Fees Prescribing,PRC DELEGATED CO-COMMISSIONING,SYDENHAM HOUSE MEDICAL CENTRE,22637458,$296.70 
Department of Health,NHS Ashford CCG,6/30/2018,C&M-GMS Global Sum,PRC DELEGATED CO-COMMISSIONING,WYE SURGERY,22637555,"$59,968.68 "
Department of Health,NHS Ashford CCG,6/30/2018,C&M-GMS Other FDR Payment,PRC DELEGATED CO-COMMISSIONING,WYE SURGERY,22637555,"$2,441.60 "
Department of Health,NHS Ashford CCG,6/30/2018,C&M-GMS PCO Seniority,PRC DELEGATED CO-COMMISSIONING,WYE SURGERY,22637555,"$3,477.29 "
Department of Health,NHS Ashford CCG,6/30/2018,C&M-GMS Prem Rates,PRC DELEGATED CO-COMMISSIONING,WYE SURGERY,22637555,"$1,458.40 "
Department of Health,NHS Ashford CCG,6/30/2018,C&M-GMS Cost of Drugs -Prescribing,LOCAL ENHANCED SERVICES,DR COONEY J A F & PARTNERS,22651820,"$3,050.30 "
Department of Health,NHS Ashford CCG,6/30/2018,C&M-GMS DES Minor Surgery,PRC DELEGATED CO-COMMISSIONING,DR COONEY J A F & PARTNERS,22651820,"$2,538.40 "
Department of Health,NHS Ashford CCG,6/30/2018,C&M-GMS Global Sum,PRC DELEGATED CO-COMMISSIONING,DR COONEY J A F & PARTNERS,22651820,"$90,712.63 "
Department of Health,NHS Ashford CCG,6/30/2018,C&M-GMS LES Referral Management,LOCAL ENHANCED SERVICES,DR COONEY J A F & PARTNERS,22651820,"$2,174.49 "
Department of Health,NHS Ashford CCG,6/30/2018,C&M-GMS MPIG Correction Factor,PRC DELEGATED CO-COMMISSIONING,DR COONEY J A F & PARTNERS,22651820,"$1,731.83 "
Department of Health,NHS Ashford CCG,6/30/2018,C&M-GMS PCO Seniority,PRC DELEGATED CO-COMMISSIONING,DR COONEY J A F & PARTNERS,22651820,"$1,836.48 "
Department of Health,NHS Ashford CCG,6/30/2018,C&M-GMS Prem Notional Rent,PRC DELEGATED CO-COMMISSIONING,DR COONEY J A F & PARTNERS,22651820,"$9,700.00 "
Department of Health,NHS Ashford CCG,6/30/2018,C&M-GMS Prof Fees Prescribing,PRC DELEGATED CO-COMMISSIONING,DR COONEY J A F & PARTNERS,22651820,$232.30 
Department of Health,NHS Ashford CCG,6/30/2018,C&M-GMS DES Minor Surgery,PRC DELEGATED CO-COMMISSIONING,DR KELLY J C & PARTNERS,22651821,"$4,319.59 "
Department of Health,NHS Ashford CCG,6/30/2018,C&M-GMS Global Sum,PRC DELEGATED CO-COMMISSIONING,DR KELLY J C & PARTNERS,22651821,"$71,029.59 "
Department of Health,NHS Ashford CCG,6/30/2018,C&M-GMS Other FDR Payment,PRC DELEGATED CO-COMMISSIONING,DR KELLY J C & PARTNERS,22651821,"$48,965.80 "
Department of Health,NHS Ashford CCG,6/30/2018,C&M-GMS PCO Other,PRC DELEGATED CO-COMMISSIONING,DR KELLY J C & PARTNERS,22651821,"$8,995.00 "
Department of Health,NHS Ashford CCG,6/30/2018,C&M-GMS PCO Seniority,PRC DELEGATED CO-COMMISSIONING,DR KELLY J C & PARTNERS,22651821,"$2,710.82 "
Department of Health,NHS Ashford CCG,6/30/2018,C&M-GMS Prem Rates,PRC DELEGATED CO-COMMISSIONING,DR KELLY J C & PARTNERS,22651821,"$2,139.55 "
Department of Health,NHS Ashford CCG,6/30/2018,C&M-GMS Cost of Drugs -Prescribing,LOCAL ENHANCED SERVICES,DR MOHAMMED Y I,22651822,$66.61 
Department of Health,NHS Ashford CCG,6/30/2018,C&M-GMS DES Minor Surgery,PRC DELEGATED CO-COMMISSIONING,DR MOHAMMED Y I,22651822,$44.53 
Department of Health,NHS Ashford CCG,6/30/2018,C&M-GMS Global Sum,PRC DELEGATED CO-COMMISSIONING,DR MOHAMMED Y I,22651822,"$22,676.98 "
Department of Health,NHS Ashford CCG,6/30/2018,C&M-GMS LES Referral Management,LOCAL ENHANCED SERVICES,DR MOHAMMED Y I,22651822,$548.11 
Department of Health,NHS Ashford CCG,6/30/2018,C&M-GMS MPIG Correction Factor,PRC DELEGATED CO-COMMISSIONING,DR MOHAMMED Y I,22651822,$866.42 
Department of Health,NHS Ashford CCG,6/30/2018,C&M-GMS PCO Other,PRC DELEGATED CO-COMMISSIONING,DR MOHAMMED Y I,22651822,$251.58 
Department of Health,NHS Ashford CCG,6/30/2018,C&M-GMS PCO Seniority,PRC DELEGATED CO-COMMISSIONING,DR MOHAMMED Y I,22651822,"$1,002.64 "
Department of Health,NHS Ashford CCG,6/30/2018,C&M-GMS Prem Rates,PRC DELEGATED CO-COMMISSIONING,DR MOHAMMED Y I,22651822,"$1,050.00 "
Department of Health,NHS Ashford CCG,6/30/2018,C&M-GMS Prof Fees Prescribing,PRC DELEGATED CO-COMMISSIONING,DR MOHAMMED Y I,22651822,$27.60 
Department of Health,NHS Ashford CCG,6/30/2018,C&M-GMS DES Extended Hours Access,PRC DELEGATED CO-COMMISSIONING,HAMSTREET SURGERY,22651823,"$3,413.83 "
Department of Health,NHS Ashford CCG,6/30/2018,C&M-GMS DES Minor Surgery,PRC DELEGATED CO-COMMISSIONING,HAMSTREET SURGERY,22651823,"$1,914.90 "
Department of Health,NHS Ashford CCG,6/30/2018,C&M-GMS Global Sum,PRC DELEGATED CO-COMMISSIONING,HAMSTREET SURGERY,22651823,"$55,041.11 "
Department of Health,NHS Ashford CCG,6/30/2018,C&M-GMS LES Referral Management,LOCAL ENHANCED SERVICES,HAMSTREET SURGERY,22651823,"$1,334.71 "
Department of Health,NHS Ashford CCG,6/30/2018,C&M-GMS MPIG Correction Factor,PRC DELEGATED CO-COMMISSIONING,HAMSTREET SURGERY,22651823,$290.90 
Department of Health,NHS Ashford CCG,6/30/2018,C&M-GMS PCO Seniority,PRC DELEGATED CO-COMMISSIONING,HAMSTREET SURGERY,22651823,"$2,235.59 "
Department of Health,NHS Ashford CCG,6/30/2018,C&M-GMS Prem Notional Rent,PRC DELEGATED CO-COMMISSIONING,HAMSTREET SURGERY,22651823,"$6,065.00 "
Department of Health,NHS Ashford CCG,6/30/2018,C&M-GMS Prem Rates,PRC DELEGATED CO-COMMISSIONING,HAMSTREET SURGERY,22651823,"$2,012.73 "
Department of Health,NHS Ashford CCG,6/30/2018,C&M-GMS DES Extended Hours Access,PRC DELEGATED CO-COMMISSIONING,IVY COURT SURGERY,22651824,"$6,741.68 "
Department of Health,NHS Ashford CCG,6/30/2018,C&M-GMS DES Minor Surgery,PRC DELEGATED CO-COMMISSIONING,IVY COURT SURGERY,22651824,"$2,627.44 "
Department of Health,NHS Ashford CCG,6/30/2018,C&M-GMS Global Sum,PRC DELEGATED CO-COMMISSIONING,IVY COURT SURGERY,22651824,"$112,632.39 "
Department of Health,NHS Ashford CCG,6/30/2018,C&M-GMS LES Referral Management,LOCAL ENHANCED SERVICES,IVY COURT SURGERY,22651824,"$2,731.45 "
Department of Health,NHS Ashford CCG,6/30/2018,C&M-GMS PCO Seniority,PRC DELEGATED CO-COMMISSIONING,IVY COURT SURGERY,22651824,"$3,465.80 "
Department of Health,NHS Ashford CCG,6/30/2018,C&M-GMS Prem Notional Rent,PRC DELEGATED CO-COMMISSIONING,IVY COURT SURGERY,22651824,"$6,775.92 "
Department of Health,NHS Ashford CCG,6/30/2018,C&M-GMS Cost of Drugs -Prescribing,LOCAL ENHANCED SERVICES,NEW HAYESBANK SURGERY,22651825,"$1,303.41 "
Department of Health,NHS Ashford CCG,6/30/2018,C&M-GMS DES Extended Hours Access,PRC DELEGATED CO-COMMISSIONING,NEW HAYESBANK SURGERY,22651825,"$8,308.70 "
Department of Health,NHS Ashford CCG,6/30/2018,C&M-GMS Global Sum,PRC DELEGATED CO-COMMISSIONING,NEW HAYESBANK SURGERY,22651825,"$109,508.09 "
Department of Health,NHS Ashford CCG,6/30/2018,C&M-GMS LES Referral Management,LOCAL ENHANCED SERVICES,NEW HAYESBANK SURGERY,22651825,"$2,655.79 "
Department of Health,NHS Ashford CCG,6/30/2018,C&M-GMS MPIG Correction Factor,PRC DELEGATED CO-COMMISSIONING,NEW HAYESBANK SURGERY,22651825,"$2,212.89 "
Department of Health,NHS Ashford CCG,6/30/2018,C&M-GMS PCO Other,PRC DELEGATED CO-COMMISSIONING,NEW HAYESBANK SURGERY,22651825,"$10,464.00 "
Department of Health,NHS Ashford CCG,6/30/2018,C&M-GMS PCO Seniority,PRC DELEGATED CO-COMMISSIONING,NEW HAYESBANK SURGERY,22651825,"$3,370.32 "
Department of Health,NHS Ashford CCG,6/30/2018,C&M-GMS Prem Notional Rent,PRC DELEGATED CO-COMMISSIONING,NEW HAYESBANK SURGERY,22651825,"$12,755.75 "
Department of Health,NHS Ashford CCG,6/30/2018,C&M-GMS Prem Rates,PRC DELEGATED CO-COMMISSIONING,NEW HAYESBANK SURGERY,22651825,"$2,769.60 "
Department of Health,NHS Ashford CCG,6/30/2018,C&M-GMS Prem Water Rates,PRC DELEGATED CO-COMMISSIONING,NEW HAYESBANK SURGERY,22651825,"$1,111.66 "
Department of Health,NHS Ashford CCG,6/30/2018,C&M-GMS Prof Fees Prescribing,PRC DELEGATED CO-COMMISSIONING,NEW HAYESBANK SURGERY,22651825,$239.20 
Department of Health,NHS Ashford CCG,6/30/2018,C&M-GMS Cost of Drugs -Prescribing,LOCAL ENHANCED SERVICES,ST STEPHENS HEALTH CENTRE ASHFORD,22651826,$427.49 
Department of Health,NHS Ashford CCG,6/30/2018,C&M-GMS DES Violent Patients,PRC DELEGATED CO-COMMISSIONING,ST STEPHENS HEALTH CENTRE ASHFORD,22651826,$800.00 
Department of Health,NHS Ashford CCG,6/30/2018,C&M-GMS Global Sum,PRC DELEGATED CO-COMMISSIONING,ST STEPHENS HEALTH CENTRE ASHFORD,22651826,"$52,766.75 "
Department of Health,NHS Ashford CCG,6/30/2018,C&M-GMS LES Referral Management,LOCAL ENHANCED SERVICES,ST STEPHENS HEALTH CENTRE ASHFORD,22651826,"$1,268.22 "
Department of Health,NHS Ashford CCG,6/30/2018,C&M-GMS PCO Seniority,PRC DELEGATED CO-COMMISSIONING,ST STEPHENS HEALTH CENTRE ASHFORD,22651826,"$2,100.35 "
Department of Health,NHS Ashford CCG,6/30/2018,C&M-GMS Prof Fees Prescribing,PRC DELEGATED CO-COMMISSIONING,ST STEPHENS HEALTH CENTRE ASHFORD,22651826,$151.80 
Department of Health,NHS Ashford CCG,6/30/2018,Clinical&Medical-Othe Public Sector,INTERMEDIATE CARE,KENT COUNTY COUNCIL (EXCH SEC MAIDSTONE),22678897,"$81,125.04 "
Department of Health,NHS Ashford CCG,6/30/2018,Clinical&Medical-Commercial Sector,NHS 111,NESTOR PRIMECARE SERVICES LTD,22678937,"$120,124.50 "
Department of Health,NHS Ashford CCG,6/30/2018,Clinical&Medical-Commercial Sector,OUT OF HOURS,INTEGRATED CARE 24 LTD,22678956,"$86,227.25 "
Department of Health,NHS Ashford CCG,6/30/2018,Clinical&Medical-Commercial Sector,NHS 111,INTEGRATED CARE 24 LTD,22689964,"$36,433.67 "
Department of Health,NHS Ashford CCG,6/30/2018,C&M-GMS Practice Transformational Support,LOCAL ENHANCED SERVICES,ASHFORD CLINICAL PROVIDERS LTD,22689966,"$31,609.50 "
Department of Health,NHS Ashford CCG,6/30/2018,Clinical&Medical-Commercial Sector,WHEELCHAIR SERVICE,MILLBROOK HEALTHCARE LTD,22689971,"$27,501.17 "
Department of Health,NHS Ashford CCG,6/30/2018,Clinical&Medical-Commercial Sector,COMMUNITY SERVICES,NOTTINGHAM REHAB LTD,22690098,"$58,202.83 "
Department of Health,NHS Ashford CCG,6/30/2018,Clinical&Medical-Independent Sector,PLANNED CARE,BENENDEN HOSPITAL TRUST,22690104,"$191,864.00 "
Department of Health,NHS Ashford CCG,6/30/2018,Hcare Srv Rec Fdtn Trust-Contract Baseline,PLANNED CARE,EAST KENT HOSPITALS UNIVERSITY NHS FOUNDATION TRUST,22690109,"$4,790,122.20 "
Department of Health,NHS Ashford CCG,6/30/2018,Clinical&Medical-Commercial Sector,PLANNED CARE,NEW HAYESBANK SURGERY,22690113,"$72,316.25 "
Department of Health,NHS Ashford CCG,6/30/2018,Clinical&Medical-Commercial Sector,PLANNED CARE,NEW HAYESBANK SURGERY,22690114,"$36,448.00 "
Department of Health,NHS Ashford CCG,6/30/2018,C&M-GMS Global Sum,PRC DELEGATED CO-COMMISSIONING,SELLINDGE SURGERY,22696125,"$35,271.58 "
Department of Health,NHS Ashford CCG,6/30/2018,C&M-GMS MPIG Correction Factor,PRC DELEGATED CO-COMMISSIONING,SELLINDGE SURGERY,22696125,$277.87 
Department of Health,NHS Ashford CCG,6/30/2018,C&M-GMS PCO Other,PRC DELEGATED CO-COMMISSIONING,SELLINDGE SURGERY,22696125,"$3,283.00 "
Department of Health,NHS Ashford CCG,6/30/2018,C&M-GMS Prem Rates,PRC DELEGATED CO-COMMISSIONING,SELLINDGE SURGERY,22696125,"$1,278.82 "
Department of Health,NHS Ashford CCG,6/30/2018,C&M-GMS Cost of Drugs -Dispensing,LOCAL ENHANCED SERVICES,WYE SURGERY,22752054,"($30,014.56)"
Department of Health,NHS Ashford CCG,6/30/2018,C&M-GMS PrscChrgsCll&RmttdbyGPCntra,PRC DELEGATED CO-COMMISSIONING,WYE SURGERY,22752054,"($2,267.80)"
Department of Health,NHS Ashford CCG,6/30/2018,C&M-GMS Cost of Drugs -Dispensing,LOCAL ENHANCED SERVICES,WYE SURGERY,22752055,"$62,246.97 "
Department of Health,NHS Ashford CCG,6/30/2018,C&M-GMS Prof Fees Dispensing,PRC DELEGATED CO-COMMISSIONING,WYE SURGERY,22752055,"$9,468.78 "
Department of Health,NHS Ashford CCG,6/30/2018,C&M-GMS PrscrptnChrgsColl&RmttdbyGP,LOCAL ENHANCED SERVICES,WYE SURGERY,22752055,"$2,267.80 "
Department of Health,NHS Ashford CCG,6/30/2018,C&M-GMS Cost of Drugs -Dispensing,LOCAL ENHANCED SERVICES,CHARING SURGERY,22753962,"($61,873.80)"
Department of Health,NHS Ashford CCG,6/30/2018,C&M-GMS PrscChrgsCll&RmttdbyGPCntra,PRC DELEGATED CO-COMMISSIONING,CHARING SURGERY,22753962,"($4,023.80)"
Department of Health,NHS Ashford CCG,6/30/2018,C&M-GMS Cost of Drugs -Dispensing,LOCAL ENHANCED SERVICES,CHARING SURGERY,22753963,"$118,213.73 "
Department of Health,NHS Ashford CCG,6/30/2018,C&M-GMS Prof Fees Dispensing,PRC DELEGATED CO-COMMISSIONING,CHARING SURGERY,22753963,"$19,783.34 "
Department of Health,NHS Ashford CCG,6/30/2018,C&M-GMS PrscrptnChrgsColl&RmttdbyGP,LOCAL ENHANCED SERVICES,CHARING SURGERY,22753963,"$4,023.80 "
Department of Health,NHS Ashford CCG,6/30/2018,C&M-GMS Cost of Drugs -Dispensing,LOCAL ENHANCED SERVICES,FRONT ROAD SURGERY,22753964,"($42,324.72)"
Department of Health,NHS Ashford CCG,6/30/2018,C&M-GMS PrscChrgsCll&RmttdbyGPCntra,PRC DELEGATED CO-COMMISSIONING,FRONT ROAD SURGERY,22753964,"($3,440.80)"
Department of Health,NHS Ashford CCG,6/30/2018,C&M-GMS Cost of Drugs -Dispensing,LOCAL ENHANCED SERVICES,FRONT ROAD SURGERY,22753965,"$97,345.68 "
Department of Health,NHS Ashford CCG,6/30/2018,C&M-GMS Prof Fees Dispensing,PRC DELEGATED CO-COMMISSIONING,FRONT ROAD SURGERY,22753965,"$15,862.87 "
Department of Health,NHS Ashford CCG,6/30/2018,C&M-GMS PrscrptnChrgsColl&RmttdbyGP,LOCAL ENHANCED SERVICES,FRONT ROAD SURGERY,22753965,"$3,440.80 "
Department of Health,NHS Ashford CCG,6/30/2018,C&M-GMS Cost of Drugs -Dispensing,LOCAL ENHANCED SERVICES,HAMSTREET SURGERY,22753966,"($68,207.56)"
Department of Health,NHS Ashford CCG,6/30/2018,C&M-GMS PrscChrgsCll&RmttdbyGPCntra,PRC DELEGATED CO-COMMISSIONING,HAMSTREET SURGERY,22753966,"($5,204.20)"
Department of Health,NHS Ashford CCG,6/30/2018,C&M-GMS Cost of Drugs -Dispensing,LOCAL ENHANCED SERVICES,HAMSTREET SURGERY,22753967,"$143,302.06 "
Department of Health,NHS Ashford CCG,6/30/2018,C&M-GMS Prof Fees Dispensing,PRC DELEGATED CO-COMMISSIONING,HAMSTREET SURGERY,22753967,"$23,962.18 "
Department of Health,NHS Ashford CCG,6/30/2018,C&M-GMS PrscrptnChrgsColl&RmttdbyGP,LOCAL ENHANCED SERVICES,HAMSTREET SURGERY,22753967,"$5,204.20 "
Department of Health,NHS Ashford CCG,6/30/2018,C&M-GMS Cost of Drugs -Dispensing,LOCAL ENHANCED SERVICES,IVY COURT SURGERY,22753968,"($70,762.31)"
Department of Health,NHS Ashford CCG,6/30/2018,C&M-GMS PrscChrgsCll&RmttdbyGPCntra,PRC DELEGATED CO-COMMISSIONING,IVY COURT SURGERY,22753968,"($4,760.80)"
Department of Health,NHS Ashford CCG,6/30/2018,C&M-GMS Cost of Drugs -Dispensing,LOCAL ENHANCED SERVICES,IVY COURT SURGERY,22753969,"$131,320.33 "
Department of Health,NHS Ashford CCG,6/30/2018,C&M-GMS Prof Fees Dispensing,PRC DELEGATED CO-COMMISSIONING,IVY COURT SURGERY,22753969,"$22,966.98 "
Department of Health,NHS Ashford CCG,6/30/2018,C&M-GMS PrscrptnChrgsColl&RmttdbyGP,LOCAL ENHANCED SERVICES,IVY COURT SURGERY,22753969,"$4,760.80 "
Department of Health,NHS Ashford CCG,6/30/2018,C&M-GMS Cost of Drugs -Dispensing,LOCAL ENHANCED SERVICES,SELLINDGE SURGERY,22754015,"($56,634.23)"
Department of Health,NHS Ashford CCG,6/30/2018,C&M-GMS PrscChrgsCll&RmttdbyGPCntra,PRC DELEGATED CO-COMMISSIONING,SELLINDGE SURGERY,22754015,"($3,423.00)"
Department of Health,NHS Ashford CCG,6/30/2018,C&M-GMS Cost of Drugs -Dispensing,LOCAL ENHANCED SERVICES,SELLINDGE SURGERY,22754016,"$104,263.78 "
Department of Health,NHS Ashford CCG,6/30/2018,C&M-GMS Prof Fees Dispensing,PRC DELEGATED CO-COMMISSIONING,SELLINDGE SURGERY,22754016,"$17,938.45 "
Department of Health,NHS Ashford CCG,6/30/2018,C&M-GMS PrscrptnChrgsColl&RmttdbyGP,LOCAL ENHANCED SERVICES,SELLINDGE SURGERY,22754016,"$3,423.00 "
Department of Health,NHS Ashford CCG,6/30/2018,Clinical&Medical-Othe Public Sector,COMMUNITY SERVICES,KENT COUNTY COUNCIL (EXCH SEC MAIDSTONE),22787469,"$70,064.00 "
Department of Health,NHS Ashford CCG,6/30/2018,Hcare Srv Rec Fdtn Trust-Contract Baseline,ACUTE COMMISSIONING,GUYS & ST THOMAS HOSPITAL NHS FOUNDATION TRUST,22787486,"$187,309.00 "
Department of Health,NHS Ashford CCG,6/30/2018,Hcare Srv Rec Fdtn Trust-Contract Baseline,ACUTE COMMISSIONING,GUYS & ST THOMAS HOSPITAL NHS FOUNDATION TRUST,22787508,"$157,863.00 "
Department of Health,NHS Ashford CCG,6/30/2018,Hcare Srv Rec Fdtn Trust-Contract Baseline,ACUTE COMMISSIONING,GUYS & ST THOMAS HOSPITAL NHS FOUNDATION TRUST,22787685,"$157,863.00 "
Department of Health,NHS Ashford CCG,6/30/2018,Hcare Srv Rec NHS Trust-Contract Baseline,ACUTE COMMISSIONING,MAIDSTONE AND TUNBRIDGE WELLS NHS TRUST,22787747,"$94,976.00 "
Department of Health,NHS Ashford CCG,6/30/2018,Hcare Srv Rec Fdtn Trust-Contract Baseline,ACUTE COMMISSIONING,KING`S COLLEGE HOSPITAL NHS FOUNDATION TRUST,22787752,"$110,904.00 "
Department of Health,NHS Ashford CCG,6/30/2018,Clinical&Medical-Commercial Sector,NCAS/OATS,ONE ASHFORD HEALTHCARE LTD,22793708,"$123,833.10 "
Department of Health,NHS Ashford CCG,6/30/2018,C&M-GMS Prem Actual Rent,PRC DELEGATED CO-COMMISSIONING,DR KELLY J C & PARTNERS,22852112,"$45,000.00 "
Department of Health,NHS Ashford CCG,6/30/2018,C&M-GMS QOF Aspiration,PRC DELEGATED CO-COMMISSIONING,DR KELLY J C & PARTNERS,22852112,"$7,019.48 "
Department of Health,NHS Ashford CCG,6/30/2018,C&M-GMS Prem Actual Rent,PRC DELEGATED CO-COMMISSIONING,SYDENHAM HOUSE MEDICAL CENTRE,22852117,"$54,426.25 "
Department of Health,NHS Ashford CCG,6/30/2018,C&M-GMS Prem Water Rates,PRC DELEGATED CO-COMMISSIONING,SYDENHAM HOUSE MEDICAL CENTRE,22852117,$135.77 
Department of Health,NHS Ashford CCG,6/30/2018,C&M-GMS QOF Aspiration,PRC DELEGATED CO-COMMISSIONING,SYDENHAM HOUSE MEDICAL CENTRE,22852117,"$12,640.14 "
Department of Health,NHS Ashford CCG,6/30/2018,C&M-GMS Prem Notional Rent,PRC DELEGATED CO-COMMISSIONING,SELLINDGE SURGERY,22853028,"$22,250.00 "
Department of Health,NHS Ashford CCG,6/30/2018,C&M-GMS QOF Aspiration,PRC DELEGATED CO-COMMISSIONING,SELLINDGE SURGERY,22853028,"$3,565.53 "
,,,,,,,
