"Spend over �25,000 - Publication 01/11/2018 to 30/11/2018",,,,,,
,,,,,,
Department family,Entity,Date,Expense area,Supplier,Transaction number,AP Amount (�)
Department of Health,NHS Ashford CCG,11/30/2018,PLANNED CARE,BMI HEALTHCARE LTD,24536374,"$50,324.22 "
Department of Health,NHS Ashford CCG,11/30/2018,COMMUNITY SERVICES,KENT COMMUNITY HEALTH NHS FOUNDATION TRUST,24571570,"$801,909.00 "
Department of Health,NHS Ashford CCG,11/30/2018,NCAS/OATS,EAST SUSSEX HEALTHCARE NHS TRUST,24572836,"$55,438.43 "
Department of Health,NHS Ashford CCG,11/30/2018,NCAS/OATS,KENT INSTITUTE OF MEDICINE & SURGERY,24572837,"$111,643.00 "
Department of Health,NHS Ashford CCG,11/30/2018,NCAS/OATS,KENT INSTITUTE OF MEDICINE & SURGERY,24572838,"$112,245.16 "
Department of Health,NHS Ashford CCG,11/30/2018,NHS 111,INTEGRATED CARE 24 LTD,24677417,"($129,947.65)"
Department of Health,NHS Ashford CCG,11/30/2018,LOCAL ENHANCED SERVICES,ASHFORD CLINICAL PROVIDERS LTD,24713455,"$31,609.50 "
Department of Health,NHS Ashford CCG,11/30/2018,URGENT CARE,INVICTA HEALTH CIC,24713458,"$54,000.00 "
Department of Health,NHS Ashford CCG,11/30/2018,LOCAL ENHANCED SERVICES,ASHFORD CLINICAL PROVIDERS LTD,24713463,"$31,609.50 "
Department of Health,NHS Ashford CCG,11/30/2018,ACUTE COMMISSIONING,UNIVERSITY COLLEGE LONDON HOSPITALS NHS FOUNDATION TRUST,24713670,"$38,520.00 "
Department of Health,NHS Ashford CCG,11/30/2018,MENTAL HEALTH CONTRACTS,KENT AND MEDWAY NHS AND SOCIALCARE PARTNERSHIP TRUST,24713696,"$803,467.00 "
Department of Health,NHS Ashford CCG,11/30/2018,CONTINUING HEALTHCARE ASSESSMENT & SUPPORT,NHS NEL CSU,24713697,"$33,697.30 "
Department of Health,NHS Ashford CCG,11/30/2018,CORPORATE COSTS & SERVICES,NHS NEL CSU,24713697,"$17,803.71 "
Department of Health,NHS Ashford CCG,11/30/2018,PRIMARY CARE IT,NHS NEL CSU,24713697,"$18,940.78 "
Department of Health,NHS Ashford CCG,11/30/2018,URGENT CARE,INVICTA HEALTH CIC,24713709,"$47,975.70 "
Department of Health,NHS Ashford CCG,11/30/2018,ACUTE COMMISSIONING,QUEEN VICTORIA HOSPITAL NHS FOUNDATION TRUST,24713719,"$41,377.00 "
Department of Health,NHS Ashford CCG,11/30/2018,CHILD AND ADOLESCENT MENTAL HEALTH,NORTH EAST LONDON NHS FOUNDATION TRUST,24713742,"$104,895.00 "
Department of Health,NHS Ashford CCG,11/30/2018,PATIENT TRANSPORT,G4S HEALTH SERVICES UK LTD,24713757,"$94,850.87 "
Department of Health,NHS Ashford CCG,11/30/2018,AMBULANCE SERVICES,SOUTH EAST COAST AMBULANCE SERVICE NHS FOUNDATION TRUST,24713770,"$396,190.08 "
Department of Health,NHS Ashford CCG,11/30/2018,PLANNED CARE,BENENDEN HOSPITAL TRUST,24713798,"$191,864.00 "
Department of Health,NHS Ashford CCG,11/30/2018,CHC ADULT FULLY FUNDED,OPUS CARE LTD,24713820,"$14,423.85 "
Department of Health,NHS Ashford CCG,11/30/2018,CHC ADULT FULLY FUNDED,OPUS CARE LTD,24713820,"$17,868.41 "
Department of Health,NHS Ashford CCG,11/30/2018,PRC DELEGATED CO-COMMISSIONING,CHARING SURGERY,24742231,"$4,675.84 "
Department of Health,NHS Ashford CCG,11/30/2018,PRC DELEGATED CO-COMMISSIONING,CHARING SURGERY,24742231,"$72,980.38 "
Department of Health,NHS Ashford CCG,11/30/2018,PRC DELEGATED CO-COMMISSIONING,CHARING SURGERY,24742231,$883.00 
Department of Health,NHS Ashford CCG,11/30/2018,PRC DELEGATED CO-COMMISSIONING,CHARING SURGERY,24742231,"$8,683.58 "
Department of Health,NHS Ashford CCG,11/30/2018,PRC DELEGATED CO-COMMISSIONING,CHARING SURGERY,24742231,"$3,087.00 "
Department of Health,NHS Ashford CCG,11/30/2018,PRC DELEGATED CO-COMMISSIONING,CHARING SURGERY,24742231,"$1,878.60 "
Department of Health,NHS Ashford CCG,11/30/2018,PRC DELEGATED CO-COMMISSIONING,CHARING SURGERY,24742231,"$2,904.78 "
Department of Health,NHS Ashford CCG,11/30/2018,PRC DELEGATED CO-COMMISSIONING,CHARING SURGERY,24742231,$0.04 
Department of Health,NHS Ashford CCG,11/30/2018,PRC DELEGATED CO-COMMISSIONING,CHARING SURGERY,24742231,$754.13 
Department of Health,NHS Ashford CCG,11/30/2018,PRC DELEGATED CO-COMMISSIONING,DR COONEY J A F & PARTNERS,24742232,($744.66)
Department of Health,NHS Ashford CCG,11/30/2018,PRC DELEGATED CO-COMMISSIONING,DR COONEY J A F & PARTNERS,24742232,($714.94)
Department of Health,NHS Ashford CCG,11/30/2018,PRC DELEGATED CO-COMMISSIONING,DR COONEY J A F & PARTNERS,24742232,"($8,182.32)"
Department of Health,NHS Ashford CCG,11/30/2018,PRC DELEGATED CO-COMMISSIONING,DR COONEY J A F & PARTNERS,24742232,"($5,618.73)"
Department of Health,NHS Ashford CCG,11/30/2018,PRC DELEGATED CO-COMMISSIONING,DR COONEY J A F & PARTNERS,24742232,"($14,161.24)"
Department of Health,NHS Ashford CCG,11/30/2018,PRC DELEGATED CO-COMMISSIONING,DR COONEY J A F & PARTNERS,24742233,"$5,922.86 "
Department of Health,NHS Ashford CCG,11/30/2018,PRC DELEGATED CO-COMMISSIONING,DR COONEY J A F & PARTNERS,24742233,"$142,868.43 "
Department of Health,NHS Ashford CCG,11/30/2018,PRC DELEGATED CO-COMMISSIONING,DR COONEY J A F & PARTNERS,24742233,"$1,731.83 "
Department of Health,NHS Ashford CCG,11/30/2018,PRC DELEGATED CO-COMMISSIONING,DR COONEY J A F & PARTNERS,24742233,"$10,772.92 "
Department of Health,NHS Ashford CCG,11/30/2018,PRC DELEGATED CO-COMMISSIONING,DR COONEY J A F & PARTNERS,24742233,"$17,231.21 "
Department of Health,NHS Ashford CCG,11/30/2018,PRC DELEGATED CO-COMMISSIONING,DR COONEY J A F & PARTNERS,24742233,"$6,947.90 "
Department of Health,NHS Ashford CCG,11/30/2018,PRC DELEGATED CO-COMMISSIONING,DR COONEY J A F & PARTNERS,24742233,"$6,890.40 "
Department of Health,NHS Ashford CCG,11/30/2018,PRC DELEGATED CO-COMMISSIONING,DR COONEY J A F & PARTNERS,24742233,"$17,472.21 "
Department of Health,NHS Ashford CCG,11/30/2018,PRC DELEGATED CO-COMMISSIONING,DR KELLY J C & PARTNERS,24742234,($401.66)
Department of Health,NHS Ashford CCG,11/30/2018,PRC DELEGATED CO-COMMISSIONING,DR KELLY J C & PARTNERS,24742234,"($7,507.00)"
Department of Health,NHS Ashford CCG,11/30/2018,PRC DELEGATED CO-COMMISSIONING,DR KELLY J C & PARTNERS,24742234,($385.63)
Department of Health,NHS Ashford CCG,11/30/2018,PRC DELEGATED CO-COMMISSIONING,DR KELLY J C & PARTNERS,24742234,($228.61)
Department of Health,NHS Ashford CCG,11/30/2018,PRC DELEGATED CO-COMMISSIONING,DR KELLY J C & PARTNERS,24742234,"($8,712.13)"
Department of Health,NHS Ashford CCG,11/30/2018,PRC DELEGATED CO-COMMISSIONING,DR KELLY J C & PARTNERS,24742234,"($9,348.81)"
Department of Health,NHS Ashford CCG,11/30/2018,LOCAL ENHANCED SERVICES,DR KELLY J C & PARTNERS,24742235,"$16,371.54 "
Department of Health,NHS Ashford CCG,11/30/2018,PRC DELEGATED CO-COMMISSIONING,DR KELLY J C & PARTNERS,24742235,"$72,527.57 "
Department of Health,NHS Ashford CCG,11/30/2018,PRC DELEGATED CO-COMMISSIONING,DR KELLY J C & PARTNERS,24742235,"$24,482.90 "
Department of Health,NHS Ashford CCG,11/30/2018,PRC DELEGATED CO-COMMISSIONING,DR KELLY J C & PARTNERS,24742235,"$2,615.00 "
Department of Health,NHS Ashford CCG,11/30/2018,PRC DELEGATED CO-COMMISSIONING,DR KELLY J C & PARTNERS,24742235,"$3,593.63 "
Department of Health,NHS Ashford CCG,11/30/2018,LOCAL ENHANCED SERVICES,DR MOHAMMED Y I,24742237,$158.88 
Department of Health,NHS Ashford CCG,11/30/2018,PRC DELEGATED CO-COMMISSIONING,DR MOHAMMED Y I,24742237,$534.41 
Department of Health,NHS Ashford CCG,11/30/2018,PRC DELEGATED CO-COMMISSIONING,DR MOHAMMED Y I,24742237,"$23,219.41 "
Department of Health,NHS Ashford CCG,11/30/2018,PRC DELEGATED CO-COMMISSIONING,DR MOHAMMED Y I,24742237,$866.42 
Department of Health,NHS Ashford CCG,11/30/2018,PRC DELEGATED CO-COMMISSIONING,DR MOHAMMED Y I,24742237,$251.58 
Department of Health,NHS Ashford CCG,11/30/2018,PRC DELEGATED CO-COMMISSIONING,DR MOHAMMED Y I,24742237,"$1,260.00 "
Department of Health,NHS Ashford CCG,11/30/2018,PRC DELEGATED CO-COMMISSIONING,DR MOHAMMED Y I,24742237,$34.50 
Department of Health,NHS Ashford CCG,11/30/2018,PRC DELEGATED CO-COMMISSIONING,FRONT ROAD SURGERY,24742239,"$1,068.77 "
Department of Health,NHS Ashford CCG,11/30/2018,PRC DELEGATED CO-COMMISSIONING,FRONT ROAD SURGERY,24742239,"$35,144.94 "
Department of Health,NHS Ashford CCG,11/30/2018,PRC DELEGATED CO-COMMISSIONING,FRONT ROAD SURGERY,24742239,$721.05 
Department of Health,NHS Ashford CCG,11/30/2018,PRC DELEGATED CO-COMMISSIONING,FRONT ROAD SURGERY,24742239,"$4,254.17 "
Department of Health,NHS Ashford CCG,11/30/2018,PRC DELEGATED CO-COMMISSIONING,FRONT ROAD SURGERY,24742239,$660.00 
Department of Health,NHS Ashford CCG,11/30/2018,PRC DELEGATED CO-COMMISSIONING,HAMSTREET SURGERY,24742241,"$2,360.22 "
Department of Health,NHS Ashford CCG,11/30/2018,PRC DELEGATED CO-COMMISSIONING,HAMSTREET SURGERY,24742241,"$56,562.28 "
Department of Health,NHS Ashford CCG,11/30/2018,PRC DELEGATED CO-COMMISSIONING,HAMSTREET SURGERY,24742241,$290.90 
Department of Health,NHS Ashford CCG,11/30/2018,PRC DELEGATED CO-COMMISSIONING,HAMSTREET SURGERY,24742241,"$6,065.00 "
Department of Health,NHS Ashford CCG,11/30/2018,PRC DELEGATED CO-COMMISSIONING,HAMSTREET SURGERY,24742241,"$2,460.00 "
Department of Health,NHS Ashford CCG,11/30/2018,PRC DELEGATED CO-COMMISSIONING,HAMSTREET SURGERY,24742241,$728.32 
Department of Health,NHS Ashford CCG,11/30/2018,PRC DELEGATED CO-COMMISSIONING,IVY COURT SURGERY,24742243,"$2,449.31 "
Department of Health,NHS Ashford CCG,11/30/2018,PRC DELEGATED CO-COMMISSIONING,IVY COURT SURGERY,24742243,"$114,965.30 "
Department of Health,NHS Ashford CCG,11/30/2018,PRC DELEGATED CO-COMMISSIONING,IVY COURT SURGERY,24742243,"$6,775.92 "
Department of Health,NHS Ashford CCG,11/30/2018,PRC DELEGATED CO-COMMISSIONING,IVY COURT SURGERY,24742243,"$1,847.37 "
Department of Health,NHS Ashford CCG,11/30/2018,PRC DELEGATED CO-COMMISSIONING,IVY COURT SURGERY,24742243,"$1,757.56 "
Department of Health,NHS Ashford CCG,11/30/2018,LOCAL ENHANCED SERVICES,NEW HAYESBANK SURGERY,24742245,"$14,151.88 "
Department of Health,NHS Ashford CCG,11/30/2018,PRC DELEGATED CO-COMMISSIONING,NEW HAYESBANK SURGERY,24742245,"$111,250.54 "
Department of Health,NHS Ashford CCG,11/30/2018,PRC DELEGATED CO-COMMISSIONING,NEW HAYESBANK SURGERY,24742245,"$2,212.89 "
Department of Health,NHS Ashford CCG,11/30/2018,PRC DELEGATED CO-COMMISSIONING,NEW HAYESBANK SURGERY,24742245,"$12,755.75 "
Department of Health,NHS Ashford CCG,11/30/2018,PRC DELEGATED CO-COMMISSIONING,NEW HAYESBANK SURGERY,24742245,"$3,462.00 "
Department of Health,NHS Ashford CCG,11/30/2018,PRC DELEGATED CO-COMMISSIONING,NEW HAYESBANK SURGERY,24742245,"$2,780.70 "
Department of Health,NHS Ashford CCG,11/30/2018,PRC DELEGATED CO-COMMISSIONING,NEW HAYESBANK SURGERY,24742245,"$6,051.60 "
Department of Health,NHS Ashford CCG,11/30/2018,PRC DELEGATED CO-COMMISSIONING,NEW HAYESBANK SURGERY,24742245,"$7,357.50 "
Department of Health,NHS Ashford CCG,11/30/2018,PRC DELEGATED CO-COMMISSIONING,NEW HAYESBANK SURGERY,24742245,"$7,837.08 "
Department of Health,NHS Ashford CCG,11/30/2018,PRC DELEGATED CO-COMMISSIONING,NEW HAYESBANK SURGERY,24742245,"$5,681.25 "
Department of Health,NHS Ashford CCG,11/30/2018,LOCAL ENHANCED SERVICES,SYDENHAM HOUSE MEDICAL CENTRE,24742248,"$10,027.57 "
Department of Health,NHS Ashford CCG,11/30/2018,PRC DELEGATED CO-COMMISSIONING,SYDENHAM HOUSE MEDICAL CENTRE,24742248,"$3,473.50 "
Department of Health,NHS Ashford CCG,11/30/2018,PRC DELEGATED CO-COMMISSIONING,SYDENHAM HOUSE MEDICAL CENTRE,24742248,"$133,405.95 "
Department of Health,NHS Ashford CCG,11/30/2018,PRC DELEGATED CO-COMMISSIONING,SYDENHAM HOUSE MEDICAL CENTRE,24742248,"$3,217.57 "
Department of Health,NHS Ashford CCG,11/30/2018,PRC DELEGATED CO-COMMISSIONING,SYDENHAM HOUSE MEDICAL CENTRE,24742248,"$3,262.75 "
Department of Health,NHS Ashford CCG,11/30/2018,PRC DELEGATED CO-COMMISSIONING,SYDENHAM HOUSE MEDICAL CENTRE,24742248,"$2,813.36 "
Department of Health,NHS Ashford CCG,11/30/2018,PRC DELEGATED CO-COMMISSIONING,SYDENHAM HOUSE MEDICAL CENTRE,24742248,$464.45 
Department of Health,NHS Ashford CCG,11/30/2018,PRC DELEGATED CO-COMMISSIONING,SYDENHAM HOUSE MEDICAL CENTRE,24742248,"$3,137.44 "
Department of Health,NHS Ashford CCG,11/30/2018,PRC DELEGATED CO-COMMISSIONING,SYDENHAM HOUSE MEDICAL CENTRE,24742248,"$3,982.72 "
Department of Health,NHS Ashford CCG,11/30/2018,PRC DELEGATED CO-COMMISSIONING,SELLINDGE SURGERY,24742348,"$35,502.61 "
Department of Health,NHS Ashford CCG,11/30/2018,PRC DELEGATED CO-COMMISSIONING,SELLINDGE SURGERY,24742348,$277.87 
Department of Health,NHS Ashford CCG,11/30/2018,PRC DELEGATED CO-COMMISSIONING,SELLINDGE SURGERY,24742348,"$1,563.00 "
Department of Health,NHS Ashford CCG,11/30/2018,PRC DELEGATED CO-COMMISSIONING,SELLINDGE SURGERY,24742348,$397.09 
Department of Health,NHS Ashford CCG,11/30/2018,PRC DELEGATED CO-COMMISSIONING,WYE SURGERY,24742353,"$8,302.06 "
Department of Health,NHS Ashford CCG,11/30/2018,PRC DELEGATED CO-COMMISSIONING,WYE SURGERY,24742353,"$2,137.56 "
Department of Health,NHS Ashford CCG,11/30/2018,PRC DELEGATED CO-COMMISSIONING,WYE SURGERY,24742353,"$60,358.60 "
Department of Health,NHS Ashford CCG,11/30/2018,PRC DELEGATED CO-COMMISSIONING,WYE SURGERY,24742353,"$2,441.60 "
Department of Health,NHS Ashford CCG,11/30/2018,PRC DELEGATED CO-COMMISSIONING,WYE SURGERY,24742353,"$8,395.83 "
Department of Health,NHS Ashford CCG,11/30/2018,PRC DELEGATED CO-COMMISSIONING,WYE SURGERY,24742353,"$1,823.00 "
Department of Health,NHS Ashford CCG,11/30/2018,PLANNED CARE,NEW HAYESBANK SURGERY,24748134,"$29,016.00 "
Department of Health,NHS Ashford CCG,11/30/2018,PLANNED CARE,NEW HAYESBANK SURGERY,24748135,"$75,344.75 "
Department of Health,NHS Ashford CCG,11/30/2018,ACUTE COMMISSIONING,EAST KENT HOSPITALS UNIVERSITY NHS FOUNDATION TRUST,24748142,"$576,965.20 "
Department of Health,NHS Ashford CCG,11/30/2018,LOCAL ENHANCED SERVICES,ST STEPHENS HEALTH CENTRE ASHFORD,24755010,$446.11 
Department of Health,NHS Ashford CCG,11/30/2018,PRC DELEGATED CO-COMMISSIONING,ST STEPHENS HEALTH CENTRE ASHFORD,24755010,$800.00 
Department of Health,NHS Ashford CCG,11/30/2018,PRC DELEGATED CO-COMMISSIONING,ST STEPHENS HEALTH CENTRE ASHFORD,24755010,"$54,354.98 "
Department of Health,NHS Ashford CCG,11/30/2018,PRC DELEGATED CO-COMMISSIONING,ST STEPHENS HEALTH CENTRE ASHFORD,24755010,"$20,000.00 "
Department of Health,NHS Ashford CCG,11/30/2018,PRC DELEGATED CO-COMMISSIONING,ST STEPHENS HEALTH CENTRE ASHFORD,24755010,$133.40 
Department of Health,NHS Ashford CCG,11/30/2018,PRC DELEGATED CO-COMMISSIONING,ST STEPHENS HEALTH CENTRE ASHFORD,24755010,"$1,059.33 "
Department of Health,NHS Ashford CCG,11/30/2018,PRC DELEGATED CO-COMMISSIONING,ST STEPHENS HEALTH CENTRE ASHFORD,24755010,$994.50 
Department of Health,NHS Ashford CCG,11/30/2018,HOSPICES,PILGRIMS HOSPICES IN EAST KENT,24763607,"$37,153.05 "
Department of Health,NHS Ashford CCG,11/30/2018,AMBULANCE SERVICES,SOUTH EAST COAST AMBULANCE SERVICE NHS FOUNDATION TRUST,24763610,"$102,880.82 "
Department of Health,NHS Ashford CCG,11/30/2018,FUNDED NURSING CARE,WOODCHURCH HOUSE LTD,24763663,"$29,733.96 "
Department of Health,NHS Ashford CCG,11/30/2018,ACUTE COMMISSIONING,EAST KENT HOSPITALS UNIVERSITY NHS FOUNDATION TRUST,24763711,"$5,192,686.80 "
Department of Health,NHS Ashford CCG,11/30/2018,MENTAL HEALTH SERVICES - OTHER,NHS CANTERBURY AND COASTAL CCG,24763754,"$36,331.00 "
Department of Health,NHS Ashford CCG,11/30/2018,CORPORATE COSTS & SERVICES,NHS CANTERBURY AND COASTAL CCG,24763761,"$30,795.92 "
Department of Health,NHS Ashford CCG,11/30/2018,LOCAL ENHANCED SERVICES,CHARING SURGERY,24780325,"($63,380.79)"
Department of Health,NHS Ashford CCG,11/30/2018,PRC DELEGATED CO-COMMISSIONING,CHARING SURGERY,24780325,"($4,576.00)"
Department of Health,NHS Ashford CCG,11/30/2018,LOCAL ENHANCED SERVICES,CHARING SURGERY,24780326,"$132,335.38 "
Department of Health,NHS Ashford CCG,11/30/2018,PRC DELEGATED CO-COMMISSIONING,CHARING SURGERY,24780326,"$20,447.51 "
Department of Health,NHS Ashford CCG,11/30/2018,LOCAL ENHANCED SERVICES,CHARING SURGERY,24780326,"$4,576.00 "
Department of Health,NHS Ashford CCG,11/30/2018,LOCAL ENHANCED SERVICES,FRONT ROAD SURGERY,24780327,"($41,358.80)"
Department of Health,NHS Ashford CCG,11/30/2018,PRC DELEGATED CO-COMMISSIONING,FRONT ROAD SURGERY,24780327,"($3,819.20)"
Department of Health,NHS Ashford CCG,11/30/2018,LOCAL ENHANCED SERVICES,FRONT ROAD SURGERY,24780328,"$95,906.91 "
Department of Health,NHS Ashford CCG,11/30/2018,PRC DELEGATED CO-COMMISSIONING,FRONT ROAD SURGERY,24780328,"$16,480.65 "
Department of Health,NHS Ashford CCG,11/30/2018,LOCAL ENHANCED SERVICES,FRONT ROAD SURGERY,24780328,"$3,819.20 "
Department of Health,NHS Ashford CCG,11/30/2018,LOCAL ENHANCED SERVICES,HAMSTREET SURGERY,24780329,"($68,676.62)"
Department of Health,NHS Ashford CCG,11/30/2018,PRC DELEGATED CO-COMMISSIONING,HAMSTREET SURGERY,24780329,"($4,021.60)"
Department of Health,NHS Ashford CCG,11/30/2018,LOCAL ENHANCED SERVICES,HAMSTREET SURGERY,24780330,"$147,656.66 "
Department of Health,NHS Ashford CCG,11/30/2018,PRC DELEGATED CO-COMMISSIONING,HAMSTREET SURGERY,24780330,"$23,336.94 "
Department of Health,NHS Ashford CCG,11/30/2018,LOCAL ENHANCED SERVICES,HAMSTREET SURGERY,24780330,"$4,021.60 "
Department of Health,NHS Ashford CCG,11/30/2018,LOCAL ENHANCED SERVICES,IVY COURT SURGERY,24780331,"($75,012.41)"
Department of Health,NHS Ashford CCG,11/30/2018,PRC DELEGATED CO-COMMISSIONING,IVY COURT SURGERY,24780331,"($4,488.00)"
Department of Health,NHS Ashford CCG,11/30/2018,LOCAL ENHANCED SERVICES,IVY COURT SURGERY,24780332,"$172,737.20 "
Department of Health,NHS Ashford CCG,11/30/2018,PRC DELEGATED CO-COMMISSIONING,IVY COURT SURGERY,24780332,"$23,524.61 "
Department of Health,NHS Ashford CCG,11/30/2018,LOCAL ENHANCED SERVICES,IVY COURT SURGERY,24780332,"$4,488.00 "
Department of Health,NHS Ashford CCG,11/30/2018,LOCAL ENHANCED SERVICES,SELLINDGE SURGERY,24780524,"($52,002.00)"
Department of Health,NHS Ashford CCG,11/30/2018,PRC DELEGATED CO-COMMISSIONING,SELLINDGE SURGERY,24780524,"($2,921.60)"
Department of Health,NHS Ashford CCG,11/30/2018,LOCAL ENHANCED SERVICES,SELLINDGE SURGERY,24780526,"$107,411.00 "
Department of Health,NHS Ashford CCG,11/30/2018,PRC DELEGATED CO-COMMISSIONING,SELLINDGE SURGERY,24780526,"$16,157.82 "
Department of Health,NHS Ashford CCG,11/30/2018,LOCAL ENHANCED SERVICES,SELLINDGE SURGERY,24780526,"$2,921.60 "
Department of Health,NHS Ashford CCG,11/30/2018,LOCAL ENHANCED SERVICES,WYE SURGERY,24780528,"($29,475.30)"
Department of Health,NHS Ashford CCG,11/30/2018,PRC DELEGATED CO-COMMISSIONING,WYE SURGERY,24780528,"($2,015.20)"
Department of Health,NHS Ashford CCG,11/30/2018,LOCAL ENHANCED SERVICES,WYE SURGERY,24780531,"$69,735.05 "
Department of Health,NHS Ashford CCG,11/30/2018,PRC DELEGATED CO-COMMISSIONING,WYE SURGERY,24780531,"$9,332.16 "
Department of Health,NHS Ashford CCG,11/30/2018,LOCAL ENHANCED SERVICES,WYE SURGERY,24780531,"$2,015.20 "
Department of Health,NHS Ashford CCG,11/30/2018,CORPORATE COSTS & SERVICES,NHS CANTERBURY AND COASTAL CCG,24795995,"$93,007.97 "
Department of Health,NHS Ashford CCG,11/30/2018,COMMUNITY SERVICES,NOTTINGHAM REHAB LTD,24795997,"$76,960.60 "
Department of Health,NHS Ashford CCG,11/30/2018,FUNDED NURSING CARE,HALDEN HEIGHTS LTD,24796015,"$35,947.35 "
Department of Health,NHS Ashford CCG,11/30/2018,COMMUNITY SERVICES,KENT COMMUNITY HEALTH NHS FOUNDATION TRUST,24914740,"($53,002.74)"
Department of Health,NHS Ashford CCG,11/30/2018,PLANNED CARE,BENENDEN HOSPITAL TRUST,24914741,"($104,750.00)"
Department of Health,NHS Ashford CCG,11/30/2018,CORPORATE COSTS & SERVICES,MAIDSTONE AND TUNBRIDGE WELLS NHS TRUST,24914743,"$16,057.38 "
Department of Health,NHS Ashford CCG,11/30/2018,PROGRAMME PROJECTS,MAIDSTONE AND TUNBRIDGE WELLS NHS TRUST,24914743,"$35,740.62 "
Department of Health,NHS Ashford CCG,11/30/2018,NHS 111,INTEGRATED CARE 24 LTD,24914757,"$43,720.40 "
Department of Health,NHS Ashford CCG,11/30/2018,OUT OF HOURS,INTEGRATED CARE 24 LTD,24914757,"$86,227.25 "
Department of Health,NHS Ashford CCG,11/30/2018,NHS 111,INTEGRATED CARE 24 LTD,24914759,"$43,720.40 "
Department of Health,NHS Ashford CCG,11/30/2018,OUT OF HOURS,INTEGRATED CARE 24 LTD,24914759,"$86,227.25 "
Department of Health,NHS Ashford CCG,11/30/2018,LOCAL ENHANCED SERVICES,ASHFORD CLINICAL PROVIDERS LTD,24914764,"$31,937.83 "
Department of Health,NHS Ashford CCG,11/30/2018,LOCAL ENHANCED SERVICES,ASHFORD CLINICAL PROVIDERS LTD,24914766,"$44,695.00 "
Department of Health,NHS Ashford CCG,11/30/2018,PLANNED CARE,BENENDEN HOSPITAL TRUST,24914769,"($89,195.00)"
Department of Health,NHS Ashford CCG,11/30/2018,COMMISSIONING - NON ACUTE,NHS SOUTH KENT COAST CCG,24914801,"$50,000.00 "
Department of Health,NHS Ashford CCG,11/30/2018,ACUTE COMMISSIONING,MAIDSTONE AND TUNBRIDGE WELLS NHS TRUST,24918017,"$108,437.00 "
Department of Health,NHS Ashford CCG,11/30/2018,ACUTE COMMISSIONING,UNIVERSITY COLLEGE LONDON HOSPITALS NHS FOUNDATION TRUST,24918021,"$38,520.00 "
Department of Health,NHS Ashford CCG,11/30/2018,COMMUNITY SERVICES,KENT COMMUNITY HEALTH NHS FOUNDATION TRUST,24918029,"$801,909.00 "
Department of Health,NHS Ashford CCG,11/30/2018,PLANNED CARE,BMI HEALTHCARE LTD,24918038,"$50,324.22 "
Department of Health,NHS Ashford CCG,11/30/2018,ACUTE COMMISSIONING,KING`S COLLEGE HOSPITAL NHS FOUNDATION TRUST,24918041,"$110,904.00 "
Department of Health,NHS Ashford CCG,11/30/2018,ACUTE COMMISSIONING,GUYS & ST THOMAS HOSPITAL NHS FOUNDATION TRUST,24918046,"$157,863.00 "
Department of Health,NHS Ashford CCG,11/30/2018,FUNDED NURSING CARE,HALDEN HEIGHTS LTD,24923392,"$32,874.76 "
Department of Health,NHS Ashford CCG,11/30/2018,PATIENT TRANSPORT,BUCKINGHAMSHIRE HEALTHCARE NHS TRUST,24938383,"$29,594.32 "
Department of Health,NHS Ashford CCG,11/30/2018,REABLEMENT,KENT COUNTY COUNCIL (EXCH SEC MAIDSTONE),24942809,"$621,999.00 "
Department of Health,NHS Ashford CCG,11/30/2018,PRC DELEGATED CO-COMMISSIONING,ST STEPHENS HEALTH CENTRE ASHFORD,24963095,"$4,210.40 "
Department of Health,NHS Ashford CCG,11/30/2018,PRC DELEGATED CO-COMMISSIONING,ST STEPHENS HEALTH CENTRE ASHFORD,24963095,"$181,189.30 "
Department of Health,NHS Ashford CCG,11/30/2018,PRC DELEGATED CO-COMMISSIONING,ST STEPHENS HEALTH CENTRE ASHFORD,24963095,"$4,427.47 "
,,,,,,
