Department family,Entity,Date,Expense Type,Expense area,Supplier,Transaction number,AP Amount (�)
Department of Health,NHS South Lincolnshire CCG,11/30/2018,Chrgs from SLA,COMMUNICATIONS & PR,OPTUM HEALTH SOLUTIONS (UK) LTD,24555025," 8,402.52 "
Department of Health,NHS South Lincolnshire CCG,11/30/2018,Chrgs from SLA,CONTRACT MANAGEMENT,OPTUM HEALTH SOLUTIONS (UK) LTD,24555025,"21,286.90 "
Department of Health,NHS South Lincolnshire CCG,11/30/2018,Chrgs from SLA,CORPORATE GOVERNANCE,OPTUM HEALTH SOLUTIONS (UK) LTD,24555025,"3,560.00 "
Department of Health,NHS South Lincolnshire CCG,11/30/2018,Chrgs from SLA,FINANCE,OPTUM HEALTH SOLUTIONS (UK) LTD,24555025,"6,833.35 "
Department of Health,NHS South Lincolnshire CCG,11/30/2018,Chrgs from SLA,HUMAN RESOURCES,OPTUM HEALTH SOLUTIONS (UK) LTD,24555025,"5,879.15 "
Department of Health,NHS South Lincolnshire CCG,11/30/2018,Chrgs from SLA,IM&T,OPTUM HEALTH SOLUTIONS (UK) LTD,24555025,"47,758.33 "
Department of Health,NHS South Lincolnshire CCG,11/30/2018,Chrgs from SLA,PRIMARY CARE IT,OPTUM HEALTH SOLUTIONS (UK) LTD,24555025,"34,499.97 "
Department of Health,NHS South Lincolnshire CCG,11/30/2018,Hcare Srv Rec Fdtn Trust-CQUIN,ACUTE COMMISSIONING,CAMBRIDGE UNIVERSITY HOSPITALS NHS FOUNDATION TRUST,24572097,"2,442.75 "
Department of Health,NHS South Lincolnshire CCG,11/30/2018,Hcare Srv Rec Fdtn Trust-Contract Baseline,ACUTE COMMISSIONING,CAMBRIDGE UNIVERSITY HOSPITALS NHS FOUNDATION TRUST,24572097,"196,324.92 "
Department of Health,NHS South Lincolnshire CCG,11/30/2018,Charges from CSU,IM&T,NHS ARDEN AND GEM CSU,24572098,"30,384.00 "
Department of Health,NHS South Lincolnshire CCG,11/30/2018,C&M-PMS Baseline Adjustment,PRC DELEGATED CO-COMMISSIONING,DR LENNON & PARTNERS,24585424,"139,563.62 "
Department of Health,NHS South Lincolnshire CCG,11/30/2018,C&M-PMS Prem Notional Rent,PRC DELEGATED CO-COMMISSIONING,DR LENNON & PARTNERS,24585424,"16,227.37 "
Department of Health,NHS South Lincolnshire CCG,11/30/2018,C&M-PMS QOF Aspiration,PRC DELEGATED CO-COMMISSIONING,DR LENNON & PARTNERS,24585424,"18,397.48 "
Department of Health,NHS South Lincolnshire CCG,11/30/2018,C&M-PMS GP Statutory Levy,PRC DELEGATED CO-COMMISSIONING,DR RIGG & PARTNERS,24585425,-836.33 
Department of Health,NHS South Lincolnshire CCG,11/30/2018,C&M-PMS Voluntary Levy,PRC DELEGATED CO-COMMISSIONING,DR RIGG & PARTNERS,24585425,-99.56 
Department of Health,NHS South Lincolnshire CCG,11/30/2018,ME-PMS GP Pension EEs-PMS,PRC DELEGATED CO-COMMISSIONING,DR RIGG & PARTNERS,24585425,"-12,843.04 "
Department of Health,NHS South Lincolnshire CCG,11/30/2018,ME-PMS GP Pension ERs Adjs - PMS,PRC DELEGATED CO-COMMISSIONING,DR RIGG & PARTNERS,24585425,"-13,051.30 "
Department of Health,NHS South Lincolnshire CCG,11/30/2018,C&M-PMS Baseline Adjustment,PRC DELEGATED CO-COMMISSIONING,DR RIGG & PARTNERS,24585426,"167,723.36 "
Department of Health,NHS South Lincolnshire CCG,11/30/2018,C&M-PMS Prem Notional Rent,PRC DELEGATED CO-COMMISSIONING,DR RIGG & PARTNERS,24585426,"27,149.80 "
Department of Health,NHS South Lincolnshire CCG,11/30/2018,C&M-PMS QOF Aspiration,PRC DELEGATED CO-COMMISSIONING,DR RIGG & PARTNERS,24585426,"21,003.02 "
Department of Health,NHS South Lincolnshire CCG,11/30/2018,Clinical&Medical-Independent Sector,WHEELCHAIR SERVICE,MILLBROOK HEALTHCARE LTD,24590387,"22,718.11 "
Department of Health,NHS South Lincolnshire CCG,11/30/2018,Clinical&Medical-Independent Sector,WHEELCHAIR SERVICE,MILLBROOK HEALTHCARE LTD,24590398,"26,508.32 "
Department of Health,NHS South Lincolnshire CCG,11/30/2018,Hcare Srv Rec NHS Trust-CQUIN,AMBULANCE SERVICES,EAST MIDLANDS AMBULANCE SERVICE NHS TRUST,24590405,"4,514.00 "
Department of Health,NHS South Lincolnshire CCG,11/30/2018,Hcare Srv Rec NHS Trust-Contract Baseline,AMBULANCE SERVICES,EAST MIDLANDS AMBULANCE SERVICE NHS TRUST,24590405,"361,104.00 "
Department of Health,NHS South Lincolnshire CCG,11/30/2018,C&M-GMS PCO Locum Adop/Pat/Mat,PRC DELEGATED CO-COMMISSIONING,LAKESIDE HEALTHCARE,24603997,"26,218.82 "
Department of Health,NHS South Lincolnshire CCG,11/30/2018,Clinical&Medical-Independent Sector,HOSPICES,ST BARNABAS HOSPICE TRUST,24618710,"49,348.92 "
Department of Health,NHS South Lincolnshire CCG,11/30/2018,Charges from CSU,CONTINUING HEALTHCARE ASSESSMENT & SUPPORT,NHS ARDEN AND GEM CSU,24629442,"32,643.83 "
Department of Health,NHS South Lincolnshire CCG,11/30/2018,Hcare Srv Rec NHS Trust-Contract Baseline,COMMUNITY SERVICES,LINCS COMMUNITY HEALTH SERVICES NHS TRUST,24629465,"1,163,930.88 "
Department of Health,NHS South Lincolnshire CCG,11/30/2018,Clinical&Medical-Independent Sector,ACUTE COMMISSIONING,BOSTON WEST HOSPITAL,24654650,"38,668.71 "
Department of Health,NHS South Lincolnshire CCG,11/30/2018,Hcare Srv Rec NHS Trust-Over/ Under Performance,ACUTE COMMISSIONING,UNIVERSITY HOSPITALS OF LEICESTER NHS TRUST,24685039,"56,940.70 "
Department of Health,NHS South Lincolnshire CCG,11/30/2018,Fees&Charges-CCG Revenue,NON RECURRENT PROGRAMMES,NHS LINCOLNSHIRE EAST CCG,24706739,"320,172.00 "
Department of Health,NHS South Lincolnshire CCG,11/30/2018,Fees&Charges-CCG Revenue,NON RECURRENT PROGRAMMES,NHS LINCOLNSHIRE EAST CCG,24706749,"165,139.00 "
Department of Health,NHS South Lincolnshire CCG,11/30/2018,Hcare Srv Rec Fdtn Trust-Contract Baseline,MENTAL HEALTH CONTRACTS,LINCOLNSHIRE PARTNERSHIP NHS FOUNDATION TRUST,24706751,"854,470.68 "
Department of Health,NHS South Lincolnshire CCG,11/30/2018,C&M-GMS Global Sum,PRC DELEGATED CO-COMMISSIONING,DR ABHIJIT BANERJEE,24738984,"56,222.52 "
Department of Health,NHS South Lincolnshire CCG,11/30/2018,C&M-GMS MPIG Correction Factor,PRC DELEGATED CO-COMMISSIONING,DR ABHIJIT BANERJEE,24738984,"1,737.33 "
Department of Health,NHS South Lincolnshire CCG,11/30/2018,C&M-GMS QOF Aspiration,PRC DELEGATED CO-COMMISSIONING,DR ABHIJIT BANERJEE,24738984,"5,902.10 "
Department of Health,NHS South Lincolnshire CCG,11/30/2018,C&M-GMS GP Statutory Levy,PRC DELEGATED CO-COMMISSIONING,DR BEVERIDGE & PARTNERS,24738985,-437.69 
Department of Health,NHS South Lincolnshire CCG,11/30/2018,C&M-GMS Voluntary Levy,PRC DELEGATED CO-COMMISSIONING,DR BEVERIDGE & PARTNERS,24738985,-61.99 
Department of Health,NHS South Lincolnshire CCG,11/30/2018,ME-GMS GP Pension EEs,PRC DELEGATED CO-COMMISSIONING,DR BEVERIDGE & PARTNERS,24738985,"-5,789.95 "
Department of Health,NHS South Lincolnshire CCG,11/30/2018,ME-GMS GP Pension EEs Adjustments,PRC DELEGATED CO-COMMISSIONING,DR BEVERIDGE & PARTNERS,24738985,"-18,797.64 "
Department of Health,NHS South Lincolnshire CCG,11/30/2018,ME-GMS GP Pension ERs Adjustments,PRC DELEGATED CO-COMMISSIONING,DR BEVERIDGE & PARTNERS,24738985,"-26,453.30 "
Department of Health,NHS South Lincolnshire CCG,11/30/2018,C&M-GMS Global Sum,PRC DELEGATED CO-COMMISSIONING,DR BEVERIDGE & PARTNERS,24738986,"92,616.85 "
Department of Health,NHS South Lincolnshire CCG,11/30/2018,C&M-GMS Prem Actual Rent,PRC DELEGATED CO-COMMISSIONING,DR BEVERIDGE & PARTNERS,24738986,"50,181.17 "
Department of Health,NHS South Lincolnshire CCG,11/30/2018,C&M-GMS QOF Aspiration,PRC DELEGATED CO-COMMISSIONING,DR BEVERIDGE & PARTNERS,24738986,"11,797.47 "
Department of Health,NHS South Lincolnshire CCG,11/30/2018,C&M-GMS Global Sum,PRC DELEGATED CO-COMMISSIONING,DR BOOTH & PARTNERS,24738988,"140,748.41 "
Department of Health,NHS South Lincolnshire CCG,11/30/2018,C&M-GMS Prem Actual Rent,PRC DELEGATED CO-COMMISSIONING,DR BOOTH & PARTNERS,24738988,"70,188.60 "
Department of Health,NHS South Lincolnshire CCG,11/30/2018,C&M-GMS QOF Aspiration,PRC DELEGATED CO-COMMISSIONING,DR BOOTH & PARTNERS,24738988,"15,558.96 "
Department of Health,NHS South Lincolnshire CCG,11/30/2018,C&M-GMS Global Sum,PRC DELEGATED CO-COMMISSIONING,DR BURR & PARTNERS,24738990,"86,074.15 "
Department of Health,NHS South Lincolnshire CCG,11/30/2018,C&M-GMS Prem Notional Rent,PRC DELEGATED CO-COMMISSIONING,DR BURR & PARTNERS,24738990,"7,786.88 "
Department of Health,NHS South Lincolnshire CCG,11/30/2018,C&M-GMS QOF Aspiration,PRC DELEGATED CO-COMMISSIONING,DR BURR & PARTNERS,24738990,"10,681.12 "
Department of Health,NHS South Lincolnshire CCG,11/30/2018,C&M-GMS Global Sum,PRC DELEGATED CO-COMMISSIONING,DR CORLETT & PARTNERS SPALDING,24738992,"124,080.83 "
Department of Health,NHS South Lincolnshire CCG,11/30/2018,C&M-GMS Prem Actual Rent,PRC DELEGATED CO-COMMISSIONING,DR CORLETT & PARTNERS SPALDING,24738992,479.17 
Department of Health,NHS South Lincolnshire CCG,11/30/2018,C&M-GMS QOF Aspiration,PRC DELEGATED CO-COMMISSIONING,DR CORLETT & PARTNERS SPALDING,24738992,"14,464.49 "
Department of Health,NHS South Lincolnshire CCG,11/30/2018,C&M-GMS Global Sum,PRC DELEGATED CO-COMMISSIONING,DR HUGHES & PARTNERS SUTTERTON,24738994,"29,963.62 "
Department of Health,NHS South Lincolnshire CCG,11/30/2018,C&M-GMS Prem Actual Rent,PRC DELEGATED CO-COMMISSIONING,DR HUGHES & PARTNERS SUTTERTON,24738994,"2,833.34 "
Department of Health,NHS South Lincolnshire CCG,11/30/2018,C&M-GMS QOF Aspiration,PRC DELEGATED CO-COMMISSIONING,DR HUGHES & PARTNERS SUTTERTON,24738994,"3,367.01 "
Department of Health,NHS South Lincolnshire CCG,11/30/2018,C&M-GMS DES Learn Dsblty Hlth Chk,PRC DELEGATED CO-COMMISSIONING,DR SYKES & PARTNERS,24738998,140.00 
Department of Health,NHS South Lincolnshire CCG,11/30/2018,C&M-GMS Global Sum,PRC DELEGATED CO-COMMISSIONING,DR SYKES & PARTNERS,24738998,"54,263.40 "
Department of Health,NHS South Lincolnshire CCG,11/30/2018,C&M-GMS Prem Notional Rent,PRC DELEGATED CO-COMMISSIONING,DR SYKES & PARTNERS,24738998,"3,316.67 "
Department of Health,NHS South Lincolnshire CCG,11/30/2018,C&M-GMS QOF Aspiration,PRC DELEGATED CO-COMMISSIONING,DR SYKES & PARTNERS,24738998,"5,410.04 "
Department of Health,NHS South Lincolnshire CCG,11/30/2018,C&M-GMS Global Sum,PRC DELEGATED CO-COMMISSIONING,DR THORPE & PARTNERS,24739000,"46,857.92 "
Department of Health,NHS South Lincolnshire CCG,11/30/2018,C&M-GMS Prem Notional Rent,PRC DELEGATED CO-COMMISSIONING,DR THORPE & PARTNERS,24739000,"3,416.67 "
Department of Health,NHS South Lincolnshire CCG,11/30/2018,C&M-GMS QOF Aspiration,PRC DELEGATED CO-COMMISSIONING,DR THORPE & PARTNERS,24739000,"5,376.41 "
Department of Health,NHS South Lincolnshire CCG,11/30/2018,C&M-GMS Global Sum,PRC DELEGATED CO-COMMISSIONING,GOSBERTON MEDICAL CENTRE,24744121,"58,538.98 "
Department of Health,NHS South Lincolnshire CCG,11/30/2018,C&M-GMS QOF Aspiration,PRC DELEGATED CO-COMMISSIONING,GOSBERTON MEDICAL CENTRE,24744121,"6,680.58 "
Department of Health,NHS South Lincolnshire CCG,11/30/2018,C&M-GMS GP Statutory Levy,PRC DELEGATED CO-COMMISSIONING,LAKESIDE HEALTHCARE,24744123,"-1,097.55 "
Department of Health,NHS South Lincolnshire CCG,11/30/2018,C&M-GMS Voluntary Levy,PRC DELEGATED CO-COMMISSIONING,LAKESIDE HEALTHCARE,24744123,-155.43 
Department of Health,NHS South Lincolnshire CCG,11/30/2018,ME - GMS TPS Added Years Adj EEs,PRC DELEGATED CO-COMMISSIONING,LAKESIDE HEALTHCARE,24744123,-770.67 
Department of Health,NHS South Lincolnshire CCG,11/30/2018,ME-GMS GP Pension EEs,PRC DELEGATED CO-COMMISSIONING,LAKESIDE HEALTHCARE,24744123,"-18,972.47 "
Department of Health,NHS South Lincolnshire CCG,11/30/2018,ME-GMS GP Pension ERs Adjustments,PRC DELEGATED CO-COMMISSIONING,LAKESIDE HEALTHCARE,24744123,"-20,064.93 "
Department of Health,NHS South Lincolnshire CCG,11/30/2018,C&M-GMS Global Sum,PRC DELEGATED CO-COMMISSIONING,LAKESIDE HEALTHCARE,24744125,"203,522.04 "
Department of Health,NHS South Lincolnshire CCG,11/30/2018,C&M-GMS MPIG Correction Factor,PRC DELEGATED CO-COMMISSIONING,LAKESIDE HEALTHCARE,24744125,"6,360.96 "
Department of Health,NHS South Lincolnshire CCG,11/30/2018,C&M-GMS Prem Actual Rent,PRC DELEGATED CO-COMMISSIONING,LAKESIDE HEALTHCARE,24744125,"6,166.66 "
Department of Health,NHS South Lincolnshire CCG,11/30/2018,C&M-GMS Prem Notional Rent,PRC DELEGATED CO-COMMISSIONING,LAKESIDE HEALTHCARE,24744125,"12,383.67 "
Department of Health,NHS South Lincolnshire CCG,11/30/2018,C&M-GMS QOF Aspiration,PRC DELEGATED CO-COMMISSIONING,LAKESIDE HEALTHCARE,24744125,"24,664.59 "
Department of Health,NHS South Lincolnshire CCG,11/30/2018,Hcare Srv Rec NHS Trust-Non Contract,ACUTE COMMISSIONING,UNITED LINCOLNSHIRE HOSPITALS NHS TRUST,24750299,"31,863.35 "
Department of Health,NHS South Lincolnshire CCG,11/30/2018,Hcare Srv Rec NHS Trust-Non Contract,ACUTE COMMISSIONING,UNITED LINCOLNSHIRE HOSPITALS NHS TRUST,24750318,"51,367.13 "
Department of Health,NHS South Lincolnshire CCG,11/30/2018,Hcare Srv Rec Fdtn Trust-Non Contract,NCAS/OATS,SHEFFIELD TEACHING HOSPITALS NHS FOUNDATION TRUST,24750381,"27,144.82 "
Department of Health,NHS South Lincolnshire CCG,11/30/2018,Hcare Srv Rec Fdtn Trust-Contract Baseline,ACUTE COMMISSIONING,ROYAL PAPWORTH HOSPITAL NHS FOUNDATION TRUST,24750599,"86,883.00 "
Department of Health,NHS South Lincolnshire CCG,11/30/2018,Hcare Srv Rec NHS Trust-CQUIN,ACUTE COMMISSIONING,NOTTINGHAM UNIVERSITY HOSPITALS NHS TRUST,24750614,"3,457.00 "
Department of Health,NHS South Lincolnshire CCG,11/30/2018,Hcare Srv Rec NHS Trust-Contract Baseline,ACUTE COMMISSIONING,NOTTINGHAM UNIVERSITY HOSPITALS NHS TRUST,24750614,"141,933.00 "
Department of Health,NHS South Lincolnshire CCG,11/30/2018,Clinical&Medical-Independent Sector,ACUTE COMMISSIONING,ORTHOPAEDICS & SPINE SPECIALIST HOSPITAL,24750646,"30,345.81 "
Department of Health,NHS South Lincolnshire CCG,11/30/2018,Clinical&Medical-Independent Sector,ACUTE COMMISSIONING,FITZWILLIAM HOSPITAL,24750664,"491,385.11 "
Department of Health,NHS South Lincolnshire CCG,11/30/2018,Income tax <1Yr,BALANCE SHEET,HMRC,24762032,"21,663.97 "
Department of Health,NHS South Lincolnshire CCG,11/30/2018,Income tax <1Yr-Student Loans,BALANCE SHEET,HMRC,24762032,364.00 
Department of Health,NHS South Lincolnshire CCG,11/30/2018,National Insurance < 1 yr-NI- ERS,BALANCE SHEET,HMRC,24762032,"13,322.34 "
Department of Health,NHS South Lincolnshire CCG,11/30/2018,National Insurance < 1 yr-NI-EES,BALANCE SHEET,HMRC,24762032,"9,365.37 "
Department of Health,NHS South Lincolnshire CCG,11/30/2018,Hcare Srv Rec Fdtn Trust-Contract Baseline,ACUTE COMMISSIONING,NORTHERN LINCOLNSHIRE AND GOOLE HOSPITALS NHS FOUNDATION TRUST,24787203,"107,661.00 "
Department of Health,NHS South Lincolnshire CCG,11/30/2018,Hcare Srv Rec NHS Trust-Non Contract,ACUTE COMMISSIONING,UNITED LINCOLNSHIRE HOSPITALS NHS TRUST,24788369,"30,695.99 "
Department of Health,NHS South Lincolnshire CCG,11/30/2018,External Consultancy Fees,CORPORATE COSTS & SERVICES,GE HEALTHCARE FINNAMORE,24788638,"45,000.00 "
Department of Health,NHS South Lincolnshire CCG,11/30/2018,Clinical&Medical-Othe Public Sector,CARERS,LINCOLNSHIRE COUNTY COUNCIL,24816158,"180,435.00 "
Department of Health,NHS South Lincolnshire CCG,11/30/2018,Clinical&Medical-Othe Public Sector,CHILD AND ADOLESCENT MENTAL HEALTH,LINCOLNSHIRE COUNTY COUNCIL,24816158,"115,041.00 "
Department of Health,NHS South Lincolnshire CCG,11/30/2018,Clinical&Medical-Othe Public Sector,COMMUNITY SERVICES,LINCOLNSHIRE COUNTY COUNCIL,24816158,"52,943.00 "
Department of Health,NHS South Lincolnshire CCG,11/30/2018,Clinical&Medical-Othe Public Sector,LEARNING DIFFICULTIES,LINCOLNSHIRE COUNTY COUNCIL,24816158,"326,727.00 "
Department of Health,NHS South Lincolnshire CCG,11/30/2018,Clinical&Medical-Independent Sector,PATIENT TRANSPORT,THAMES AMBULANCE SERVICE LTD,24816167,"85,515.00 "
Department of Health,NHS South Lincolnshire CCG,11/30/2018,Hcare Srv Rec Fdtn Trust-Contract Baseline,ACUTE COMMISSIONING,QUEEN ELIZABETH HOSPITAL KINGS LYNN NHS FOUNDATION TRUST,24816170,"878,089.00 "
Department of Health,NHS South Lincolnshire CCG,11/30/2018,Hcare Srv Rec Fdtn Trust-Non Contract,NCAS/OATS,NORFOLK & NORWICH UNIVERSITY HOSPITALS NHS FOUNDATION TRUST,24816175,"27,375.00 "
Department of Health,NHS South Lincolnshire CCG,11/30/2018,C&M-GMS Cost of Drugs -Dispensing,LOCAL ENHANCED SERVICES,DR ABHIJIT BANERJEE,24825668,"23,037.69 "
Department of Health,NHS South Lincolnshire CCG,11/30/2018,C&M-GMS Prof Fees Dispensing,PRC DELEGATED CO-COMMISSIONING,DR ABHIJIT BANERJEE,24825668,"8,712.95 "
Department of Health,NHS South Lincolnshire CCG,11/30/2018,C&M-GMS PrscrptnChrgsColl&RmttdbyGP,LOCAL ENHANCED SERVICES,DR ABHIJIT BANERJEE,24825668,"1,267.20 "
Department of Health,NHS South Lincolnshire CCG,11/30/2018,C&M-GMS Cost of Drugs -Dispensing,LOCAL ENHANCED SERVICES,DR BEVERIDGE & PARTNERS,24825669,"-52,197.30 "
Department of Health,NHS South Lincolnshire CCG,11/30/2018,C&M-GMS PrscChrgsCll&RmttdbyGPCntra,PRC DELEGATED CO-COMMISSIONING,DR BEVERIDGE & PARTNERS,24825669,"-2,226.40 "
Department of Health,NHS South Lincolnshire CCG,11/30/2018,C&M-GMS Cost of Drugs -Dispensing,LOCAL ENHANCED SERVICES,DR BEVERIDGE & PARTNERS,24825670,"96,235.95 "
Department of Health,NHS South Lincolnshire CCG,11/30/2018,C&M-GMS Prof Fees Dispensing,PRC DELEGATED CO-COMMISSIONING,DR BEVERIDGE & PARTNERS,24825670,"18,887.66 "
Department of Health,NHS South Lincolnshire CCG,11/30/2018,C&M-GMS PrscrptnChrgsColl&RmttdbyGP,LOCAL ENHANCED SERVICES,DR BEVERIDGE & PARTNERS,24825670,"2,226.40 "
Department of Health,NHS South Lincolnshire CCG,11/30/2018,C&M-GMS Cost of Drugs -Dispensing,LOCAL ENHANCED SERVICES,DR BOOTH & PARTNERS,24825671,"-74,041.88 "
Department of Health,NHS South Lincolnshire CCG,11/30/2018,C&M-GMS PrscChrgsCll&RmttdbyGPCntra,PRC DELEGATED CO-COMMISSIONING,DR BOOTH & PARTNERS,24825671,"-4,118.40 "
Department of Health,NHS South Lincolnshire CCG,11/30/2018,C&M-GMS Cost of Drugs -Dispensing,LOCAL ENHANCED SERVICES,DR BOOTH & PARTNERS,24825672,"182,944.12 "
Department of Health,NHS South Lincolnshire CCG,11/30/2018,C&M-GMS Prof Fees Dispensing,PRC DELEGATED CO-COMMISSIONING,DR BOOTH & PARTNERS,24825672,"30,280.42 "
Department of Health,NHS South Lincolnshire CCG,11/30/2018,C&M-GMS PrscrptnChrgsColl&RmttdbyGP,LOCAL ENHANCED SERVICES,DR BOOTH & PARTNERS,24825672,"4,118.40 "
Department of Health,NHS South Lincolnshire CCG,11/30/2018,C&M-GMS Cost of Drugs -Dispensing,LOCAL ENHANCED SERVICES,DR BURR & PARTNERS,24825673,"-47,274.75 "
Department of Health,NHS South Lincolnshire CCG,11/30/2018,C&M-GMS PrscChrgsCll&RmttdbyGPCntra,PRC DELEGATED CO-COMMISSIONING,DR BURR & PARTNERS,24825673,"-3,080.00 "
Department of Health,NHS South Lincolnshire CCG,11/30/2018,C&M-GMS Cost of Drugs -Dispensing,LOCAL ENHANCED SERVICES,DR BURR & PARTNERS,24825674,"96,025.17 "
Department of Health,NHS South Lincolnshire CCG,11/30/2018,C&M-GMS Prof Fees Dispensing,PRC DELEGATED CO-COMMISSIONING,DR BURR & PARTNERS,24825674,"19,450.72 "
Department of Health,NHS South Lincolnshire CCG,11/30/2018,C&M-GMS PrscrptnChrgsColl&RmttdbyGP,LOCAL ENHANCED SERVICES,DR BURR & PARTNERS,24825674,"3,080.00 "
Department of Health,NHS South Lincolnshire CCG,11/30/2018,C&M-GMS Cost of Drugs -Dispensing,LOCAL ENHANCED SERVICES,DR CORLETT & PARTNERS SPALDING,24825675,"-39,512.55 "
Department of Health,NHS South Lincolnshire CCG,11/30/2018,C&M-GMS PrscChrgsCll&RmttdbyGPCntra,PRC DELEGATED CO-COMMISSIONING,DR CORLETT & PARTNERS SPALDING,24825675,"-1,311.20 "
Department of Health,NHS South Lincolnshire CCG,11/30/2018,C&M-GMS Cost of Drugs -Dispensing,LOCAL ENHANCED SERVICES,DR CORLETT & PARTNERS SPALDING,24825676,"98,072.11 "
Department of Health,NHS South Lincolnshire CCG,11/30/2018,C&M-GMS Prof Fees Dispensing,PRC DELEGATED CO-COMMISSIONING,DR CORLETT & PARTNERS SPALDING,24825676,"14,662.43 "
Department of Health,NHS South Lincolnshire CCG,11/30/2018,C&M-GMS PrscrptnChrgsColl&RmttdbyGP,LOCAL ENHANCED SERVICES,DR CORLETT & PARTNERS SPALDING,24825676,"1,311.20 "
Department of Health,NHS South Lincolnshire CCG,11/30/2018,C&M-GMS Cost of Drugs -Dispensing,LOCAL ENHANCED SERVICES,DR HUGHES & PARTNERS SUTTERTON,24825677,"-39,812.24 "
Department of Health,NHS South Lincolnshire CCG,11/30/2018,C&M-GMS PrscChrgsCll&RmttdbyGPCntra,PRC DELEGATED CO-COMMISSIONING,DR HUGHES & PARTNERS SUTTERTON,24825677,"-1,478.40 "
Department of Health,NHS South Lincolnshire CCG,11/30/2018,C&M-GMS Cost of Drugs -Dispensing,LOCAL ENHANCED SERVICES,DR HUGHES & PARTNERS SUTTERTON,24825678,"80,706.42 "
Department of Health,NHS South Lincolnshire CCG,11/30/2018,C&M-GMS Prof Fees Dispensing,PRC DELEGATED CO-COMMISSIONING,DR HUGHES & PARTNERS SUTTERTON,24825678,"14,685.96 "
Department of Health,NHS South Lincolnshire CCG,11/30/2018,C&M-GMS PrscrptnChrgsColl&RmttdbyGP,LOCAL ENHANCED SERVICES,DR HUGHES & PARTNERS SUTTERTON,24825678,"1,478.40 "
Department of Health,NHS South Lincolnshire CCG,11/30/2018,C&M-PMS Cost of Drugs -Dispensing,LOCAL ENHANCED SERVICES,DR LENNON & PARTNERS,24825679,"-37,663.34 "
Department of Health,NHS South Lincolnshire CCG,11/30/2018,C&M-PMS Prsc Chrgs Cll&Rmttd by GPs,PRC DELEGATED CO-COMMISSIONING,DR LENNON & PARTNERS,24825679,"-1,425.60 "
Department of Health,NHS South Lincolnshire CCG,11/30/2018,C&M-PMS Cost of Drugs -Dispensing,LOCAL ENHANCED SERVICES,DR LENNON & PARTNERS,24825680,"91,563.90 "
Department of Health,NHS South Lincolnshire CCG,11/30/2018,C&M-PMS Prof fees Dispensing,PRC DELEGATED CO-COMMISSIONING,DR LENNON & PARTNERS,24825680,"11,426.16 "
Department of Health,NHS South Lincolnshire CCG,11/30/2018,C&M-PMS Prsc Chrgs Cll&Rmttd by GPs,LOCAL ENHANCED SERVICES,DR LENNON & PARTNERS,24825680,"1,425.60 "
Department of Health,NHS South Lincolnshire CCG,11/30/2018,C&M-PMS Cost of Drugs -Dispensing,LOCAL ENHANCED SERVICES,DR RIGG & PARTNERS,24825681,"-88,636.21 "
Department of Health,NHS South Lincolnshire CCG,11/30/2018,C&M-PMS Prsc Chrgs Cll&Rmttd by GPs,PRC DELEGATED CO-COMMISSIONING,DR RIGG & PARTNERS,24825681,"-3,960.00 "
Department of Health,NHS South Lincolnshire CCG,11/30/2018,C&M-PMS Cost of Drugs -Dispensing,LOCAL ENHANCED SERVICES,DR RIGG & PARTNERS,24825682,"176,273.65 "
Department of Health,NHS South Lincolnshire CCG,11/30/2018,C&M-PMS Prof fees Dispensing,PRC DELEGATED CO-COMMISSIONING,DR RIGG & PARTNERS,24825682,"30,652.07 "
Department of Health,NHS South Lincolnshire CCG,11/30/2018,C&M-PMS Prsc Chrgs Cll&Rmttd by GPs,LOCAL ENHANCED SERVICES,DR RIGG & PARTNERS,24825682,"3,960.00 "
Department of Health,NHS South Lincolnshire CCG,11/30/2018,C&M-GMS Cost of Drugs -Dispensing,LOCAL ENHANCED SERVICES,DR SYKES & PARTNERS,24825683,"-30,665.80 "
Department of Health,NHS South Lincolnshire CCG,11/30/2018,C&M-GMS PrscChrgsCll&RmttdbyGPCntra,PRC DELEGATED CO-COMMISSIONING,DR SYKES & PARTNERS,24825683,"-1,240.80 "
Department of Health,NHS South Lincolnshire CCG,11/30/2018,C&M-GMS Cost of Drugs -Dispensing,LOCAL ENHANCED SERVICES,DR SYKES & PARTNERS,24825684,"72,048.75 "
Department of Health,NHS South Lincolnshire CCG,11/30/2018,C&M-GMS Prof Fees Dispensing,PRC DELEGATED CO-COMMISSIONING,DR SYKES & PARTNERS,24825684,"10,497.03 "
Department of Health,NHS South Lincolnshire CCG,11/30/2018,C&M-GMS PrscrptnChrgsColl&RmttdbyGP,LOCAL ENHANCED SERVICES,DR SYKES & PARTNERS,24825684,"1,240.80 "
Department of Health,NHS South Lincolnshire CCG,11/30/2018,C&M-GMS Cost of Drugs -Dispensing,LOCAL ENHANCED SERVICES,DR THORPE & PARTNERS,24825685,"-72,900.16 "
Department of Health,NHS South Lincolnshire CCG,11/30/2018,C&M-GMS PrscChrgsCll&RmttdbyGPCntra,PRC DELEGATED CO-COMMISSIONING,DR THORPE & PARTNERS,24825685,"-3,766.40 "
Department of Health,NHS South Lincolnshire CCG,11/30/2018,C&M-GMS Cost of Drugs -Dispensing,LOCAL ENHANCED SERVICES,DR THORPE & PARTNERS,24825686,"159,137.00 "
Department of Health,NHS South Lincolnshire CCG,11/30/2018,C&M-GMS Prof Fees Dispensing,PRC DELEGATED CO-COMMISSIONING,DR THORPE & PARTNERS,24825686,"29,028.76 "
Department of Health,NHS South Lincolnshire CCG,11/30/2018,C&M-GMS PrscrptnChrgsColl&RmttdbyGP,LOCAL ENHANCED SERVICES,DR THORPE & PARTNERS,24825686,"3,766.40 "
Department of Health,NHS South Lincolnshire CCG,11/30/2018,C&M-GMS Cost of Drugs -Dispensing,LOCAL ENHANCED SERVICES,GOSBERTON MEDICAL CENTRE,24829105,"-83,718.44 "
Department of Health,NHS South Lincolnshire CCG,11/30/2018,C&M-GMS PrscChrgsCll&RmttdbyGPCntra,PRC DELEGATED CO-COMMISSIONING,GOSBERTON MEDICAL CENTRE,24829105,"-3,449.60 "
Department of Health,NHS South Lincolnshire CCG,11/30/2018,C&M-GMS Cost of Drugs -Dispensing,LOCAL ENHANCED SERVICES,GOSBERTON MEDICAL CENTRE,24829107,"155,103.07 "
Department of Health,NHS South Lincolnshire CCG,11/30/2018,C&M-GMS Prof Fees Dispensing,PRC DELEGATED CO-COMMISSIONING,GOSBERTON MEDICAL CENTRE,24829107,"43,937.85 "
Department of Health,NHS South Lincolnshire CCG,11/30/2018,C&M-GMS PrscrptnChrgsColl&RmttdbyGP,LOCAL ENHANCED SERVICES,GOSBERTON MEDICAL CENTRE,24829107,"3,449.60 "
Department of Health,NHS South Lincolnshire CCG,11/30/2018,C&M-GMS Cost of Drugs -Dispensing,LOCAL ENHANCED SERVICES,LAKESIDE HEALTHCARE,24829109,"-88,314.60 "
Department of Health,NHS South Lincolnshire CCG,11/30/2018,C&M-GMS PrscChrgsCll&RmttdbyGPCntra,PRC DELEGATED CO-COMMISSIONING,LAKESIDE HEALTHCARE,24829109,"-6,063.20 "
Department of Health,NHS South Lincolnshire CCG,11/30/2018,C&M-GMS Cost of Drugs -Dispensing,LOCAL ENHANCED SERVICES,LAKESIDE HEALTHCARE,24829111,"195,457.10 "
Department of Health,NHS South Lincolnshire CCG,11/30/2018,C&M-GMS Prof Fees Dispensing,PRC DELEGATED CO-COMMISSIONING,LAKESIDE HEALTHCARE,24829111,"31,917.54 "
Department of Health,NHS South Lincolnshire CCG,11/30/2018,C&M-GMS PrscrptnChrgsColl&RmttdbyGP,LOCAL ENHANCED SERVICES,LAKESIDE HEALTHCARE,24829111,"6,063.20 "
Department of Health,NHS South Lincolnshire CCG,11/30/2018,Hcare Srv Rec NHS Trust-Over/ Under Performance,ACUTE COMMISSIONING,UNITED LINCOLNSHIRE HOSPITALS NHS TRUST,24832577,"-217,282.08 "
Department of Health,NHS South Lincolnshire CCG,11/30/2018,Service Charge,RECHARGES NHS PROPERTY SERVICES LTD,NHS PROPERTY SERVICES LTD,24832585,"212,418.47 "
Department of Health,NHS South Lincolnshire CCG,11/30/2018,Hcare Srv Rec NHS Trust-Over/ Under Performance,ACUTE COMMISSIONING,UNITED LINCOLNSHIRE HOSPITALS NHS TRUST,24832587,"-28,066.91 "
Department of Health,NHS South Lincolnshire CCG,11/30/2018,Hcare Srv Rec NHS Trust-Over/ Under Performance,ACUTE COMMISSIONING,UNITED LINCOLNSHIRE HOSPITALS NHS TRUST,24832590,"-46,124.02 "
Department of Health,NHS South Lincolnshire CCG,11/30/2018,Hcare Srv Rec NHS Trust-Over/ Under Performance,ACUTE COMMISSIONING,UNITED LINCOLNSHIRE HOSPITALS NHS TRUST,24832593,"-260,213.74 "
Department of Health,NHS South Lincolnshire CCG,11/30/2018,Hcare Srv Rec Fdtn Trust-Non Contract,LOCAL ENHANCED SERVICES,NORTH WEST ANGLIA NHS FOUNDATION TRUST,24832595,"35,046.80 "
Department of Health,NHS South Lincolnshire CCG,11/30/2018,Hcare Srv Rec Fdtn Trust-Contract Baseline,MENTAL HEALTH CONTRACTS,CAMBRIDGESHIRE & PETERBOROUGH NHS FOUNDATION TRUST,24832607,"45,133.46 "
Department of Health,NHS South Lincolnshire CCG,11/30/2018,Clinical&Medical-Serv Recd-CCGs,SAFEGUARDING,NHS SOUTH WEST LINCOLNSHIRE CCG,24832616,"27,091.15 "
Department of Health,NHS South Lincolnshire CCG,11/30/2018,Hcare Srv Rec Fdtn Trust-Contract Baseline,COMMUNITY SERVICES,CAMBRIDGESHIRE & PETERBOROUGH NHS FOUNDATION TRUST,24832618,"26,803.08 "
Department of Health,NHS South Lincolnshire CCG,11/30/2018,Cont Care-Physical Disab (65+),CHC ADULT FULLY FUNDED,ALLIED HEALTHCARE GROUP LTD,24832621,"25,389.00 "
Department of Health,NHS South Lincolnshire CCG,11/30/2018,Hcare Srv Rec NHS Trust-Contract Baseline,ACUTE COMMISSIONING,UNITED LINCOLNSHIRE HOSPITALS NHS TRUST,24835938,"1,996,373.78 "
Department of Health,NHS South Lincolnshire CCG,11/30/2018,Cont Care-Physical Disab (65+),CHC AD FULL FUND PERS HLTH BUD,ADDACTION,24848077,"25,737.13 "
Department of Health,NHS South Lincolnshire CCG,11/30/2018,Hcare Srv Rec Fdtn Trust-CQUIN,ACUTE COMMISSIONING,CAMBRIDGE UNIVERSITY HOSPITALS NHS FOUNDATION TRUST,24855227,"2,442.75 "
Department of Health,NHS South Lincolnshire CCG,11/30/2018,Hcare Srv Rec Fdtn Trust-Contract Baseline,ACUTE COMMISSIONING,CAMBRIDGE UNIVERSITY HOSPITALS NHS FOUNDATION TRUST,24855227,"196,324.92 "
Department of Health,NHS South Lincolnshire CCG,11/30/2018,Clinical&Medical-Serv Recd-CCGs,COMMISSIONING,NHS SOUTH WEST LINCOLNSHIRE CCG,24863726,"5,591.46 "
Department of Health,NHS South Lincolnshire CCG,11/30/2018,Clinical&Medical-Serv Recd-CCGs,LEARNING DIFFICULTIES,NHS SOUTH WEST LINCOLNSHIRE CCG,24863726,"38,132.15 "
Department of Health,NHS South Lincolnshire CCG,11/30/2018,Clinical&Medical-Independent Sector,COMMUNITY SERVICES,ANGLIA COMMUNITY EYE SERVICE LTD,24863728,"52,206.15 "
Department of Health,NHS South Lincolnshire CCG,11/30/2018,Hcare Srv Rec Fdtn Trust-Over/ Under Performance,ACUTE COMMISSIONING,QUEEN ELIZABETH HOSPITAL KINGS LYNN NHS FOUNDATION TRUST,24887094,"-88,582.07 "
Department of Health,NHS South Lincolnshire CCG,11/30/2018,Hcare Srv Rec Fdtn Trust-Over/ Under Performance,ACUTE COMMISSIONING,QUEEN ELIZABETH HOSPITAL KINGS LYNN NHS FOUNDATION TRUST,24887105,"-90,970.34 "
Department of Health,NHS South Lincolnshire CCG,11/30/2018,C&M-PMS LES Basket of Procedures,LOCAL ENHANCED SERVICES,DEEPINGS PRACTICE,24887109,"36,209.00 "
Department of Health,NHS South Lincolnshire CCG,11/30/2018,C&M-PMS LES Basket of Procedures,LOCAL ENHANCED SERVICES,DEEPINGS PRACTICE,24887143,"40,627.00 "
Department of Health,NHS South Lincolnshire CCG,11/30/2018,Clinical&Medical-Independent Sector,OUT OF HOURS,DHU 111 (EAST MIDLANDS) CIC,24887190,"40,090.61 "
Department of Health,NHS South Lincolnshire CCG,11/30/2018,Clinical&Medical-Independent Sector,OUT OF HOURS,DHU 111 (EAST MIDLANDS) CIC,24887213,"40,090.61 "
Department of Health,NHS South Lincolnshire CCG,11/30/2018,Hcare Srv Rec Fdtn Trust-Over/ Under Performance,ACUTE COMMISSIONING,QUEEN ELIZABETH HOSPITAL KINGS LYNN NHS FOUNDATION TRUST,24887398,"55,080.48 "
Department of Health,NHS South Lincolnshire CCG,11/30/2018,C&M-PMS LES Basket of Procedures,LOCAL ENHANCED SERVICES,DEEPINGS PRACTICE,24887545,"41,694.00 "
Department of Health,NHS South Lincolnshire CCG,11/30/2018,Prescribing,PRESCRIBING,LAKESIDE HEALTHCARE,24887812,"31,623.00 "
Department of Health,NHS South Lincolnshire CCG,11/30/2018,Hcare Srv Rec NHS Trust-Contract Baseline,ACUTE COMMISSIONING,UNIVERSITY HOSPITALS OF LEICESTER NHS TRUST,24887843,"98,593.00 "
Department of Health,NHS South Lincolnshire CCG,11/30/2018,Clinical&Medical-Independent Sector,OUT OF HOURS,DHU 111 (EAST MIDLANDS) CIC,24887996,"43,160.35 "
Department of Health,NHS South Lincolnshire CCG,11/30/2018,Clinical&Medical-Independent Sector,LOCAL ENHANCED SERVICES,ALLIED HEALTH SOUTH LINCOLNSHIRE LTD,24902015,"40,000.00 "
Department of Health,NHS South Lincolnshire CCG,11/30/2018,Miscellaneous Expenditure (L9),PROGRAMME PROJECTS,CHANNEL 3 CONSULTING,24923545,"142,645.00 "
Department of Health,NHS South Lincolnshire CCG,11/30/2018,Miscellaneous Expenditure (L9),PROGRAMME PROJECTS,CHANNEL 3 CONSULTING,24923546,"320,952.00 "
Department of Health,NHS South Lincolnshire CCG,11/30/2018,Miscellaneous Expenditure (L9),PROGRAMME PROJECTS,CHANNEL 3 CONSULTING,24923547,"-606,242.00 "
Department of Health,NHS South Lincolnshire CCG,11/30/2018,Clinical&Medical-Independent Sector,ACUTE COMMISSIONING,ORTHOPAEDICS & SPINE SPECIALIST HOSPITAL,24970230,"41,365.00 "
Department of Health,NHS South Lincolnshire CCG,11/30/2018,Clinical&Medical-Independent Sector,ACUTE COMMISSIONING,FITZWILLIAM HOSPITAL,24985990,"-37,814.83 "
,,,,,,,
,,,,,,,
,,,,,,,
,,,,,,,"10,993,540.93 "
