Department family,Entity,Date,Expense Type,Expense area,Supplier,Transaction number,AP Amount (�)
Department of Health,NHS South Lincolnshire CCG,7/31/2018,C&M-PMS Baseline Adjustment,PRC DELEGATED CO-COMMISSIONING,DR LENNON & PARTNERS,22896982," 137,897.45 "
Department of Health,NHS South Lincolnshire CCG,7/31/2018,C&M-PMS Prem Notional Rent,PRC DELEGATED CO-COMMISSIONING,DR LENNON & PARTNERS,22896982,"16,227.37 "
Department of Health,NHS South Lincolnshire CCG,7/31/2018,C&M-PMS QOF Aspiration,PRC DELEGATED CO-COMMISSIONING,DR LENNON & PARTNERS,22896982,"18,397.48 "
Department of Health,NHS South Lincolnshire CCG,7/31/2018,ME - PMS GP Prior Year ERs,PRC DELEGATED CO-COMMISSIONING,DR LENNON & PARTNERS,22896982,"1,815.48 "
Department of Health,NHS South Lincolnshire CCG,7/31/2018,ME-PMS GP Prior Year EEs,PRC DELEGATED CO-COMMISSIONING,DR LENNON & PARTNERS,22896982,"1,578.12 "
Department of Health,NHS South Lincolnshire CCG,7/31/2018,C&M-PMS Baseline Adjustment,PRC DELEGATED CO-COMMISSIONING,DR RIGG & PARTNERS,22896984,"165,632.33 "
Department of Health,NHS South Lincolnshire CCG,7/31/2018,C&M-PMS Prem Notional Rent,PRC DELEGATED CO-COMMISSIONING,DR RIGG & PARTNERS,22896984,"27,149.80 "
Department of Health,NHS South Lincolnshire CCG,7/31/2018,C&M-PMS QOF Aspiration,PRC DELEGATED CO-COMMISSIONING,DR RIGG & PARTNERS,22896984,"21,003.02 "
Department of Health,NHS South Lincolnshire CCG,7/31/2018,External Consultancy Fees,PROGRAMME PROJECTS,CHANNEL 3 CONSULTING,22906109,"108,000.00 "
Department of Health,NHS South Lincolnshire CCG,7/31/2018,Clinical&Medical-Independent Sector,ACUTE COMMISSIONING,ORTHOPAEDICS & SPINE SPECIALIST HOSPITAL,22906135,"41,365.00 "
Department of Health,NHS South Lincolnshire CCG,7/31/2018,Hcare Srv Rec NHS Trust-CQUIN,AMBULANCE SERVICES,EAST MIDLANDS AMBULANCE SERVICE NHS TRUST,22906164,"4,514.00 "
Department of Health,NHS South Lincolnshire CCG,7/31/2018,Hcare Srv Rec NHS Trust-Contract Baseline,AMBULANCE SERVICES,EAST MIDLANDS AMBULANCE SERVICE NHS TRUST,22906164,"361,104.00 "
Department of Health,NHS South Lincolnshire CCG,7/31/2018,Hcare Srv Rec Fdtn Trust-Contract Baseline,ACUTE COMMISSIONING,ROYAL PAPWORTH HOSPITAL NHS FOUNDATION TRUST,22906166,"86,344.00 "
Department of Health,NHS South Lincolnshire CCG,7/31/2018,Chrgs from SLA,PROGRAMME PROJECTS,OPTUM HEALTH SOLUTIONS (UK) LTD,22931340,"267,600.00 "
Department of Health,NHS South Lincolnshire CCG,7/31/2018,Chrgs from SLA,PROGRAMME PROJECTS,OPTUM HEALTH SOLUTIONS (UK) LTD,22931343,"-60,000.00 "
Department of Health,NHS South Lincolnshire CCG,7/31/2018,Clinical&Medical-Independent Sector,WHEELCHAIR SERVICE,MILLBROOK HEALTHCARE LTD,22931344,"31,809.98 "
Department of Health,NHS South Lincolnshire CCG,7/31/2018,Hcare Srv Rec NHS Trust-Contract Baseline,COMMUNITY SERVICES,LINCS COMMUNITY HEALTH SERVICES NHS TRUST,22931345,"1,163,930.88 "
Department of Health,NHS South Lincolnshire CCG,7/31/2018,Clinical&Medical-Independent Sector,WHEELCHAIR SERVICE,MILLBROOK HEALTHCARE LTD,22931346,"27,261.73 "
Department of Health,NHS South Lincolnshire CCG,7/31/2018,Hcare Srv Rec Fdtn Trust-Contract Baseline,MENTAL HEALTH CONTRACTS,LINCOLNSHIRE PARTNERSHIP NHS FOUNDATION TRUST,22931347,"827,900.32 "
Department of Health,NHS South Lincolnshire CCG,7/31/2018,Clinical&Medical-Independent Sector,ACUTE COMMISSIONING,FITZWILLIAM HOSPITAL,22967051,"491,385.11 "
Department of Health,NHS South Lincolnshire CCG,7/31/2018,Clinical&Medical-Independent Sector,ACUTE COMMISSIONING,BOSTON WEST HOSPITAL,22967056,"38,668.71 "
Department of Health,NHS South Lincolnshire CCG,7/31/2018,Hcare Srv Rec Fdtn Trust-Contract Baseline,MENTAL HEALTH CONTRACTS,CAMBRIDGESHIRE & PETERBOROUGH NHS FOUNDATION TRUST,23012103,"46,082.67 "
Department of Health,NHS South Lincolnshire CCG,7/31/2018,Hcare Srv Rec Fdtn Trust-Contract Baseline,COMMUNITY SERVICES,CAMBRIDGESHIRE & PETERBOROUGH NHS FOUNDATION TRUST,23012107,"30,044.00 "
Department of Health,NHS South Lincolnshire CCG,7/31/2018,Hcare Srv Rec NHS Trust-Non Contract,NCAS/OATS,ROYAL NATIONAL ORTHOPAEDIC HOSPITAL NHS TRUST,23012132,"30,527.00 "
Department of Health,NHS South Lincolnshire CCG,7/31/2018,Income tax <1Yr,BALANCE SHEET,HMRC,23019971,"20,532.31 "
Department of Health,NHS South Lincolnshire CCG,7/31/2018,Income tax <1Yr-Student Loans,BALANCE SHEET,HMRC,23019971,330.00 
Department of Health,NHS South Lincolnshire CCG,7/31/2018,National Insurance < 1 yr-NI- ERS,BALANCE SHEET,HMRC,23019971,"12,576.28 "
Department of Health,NHS South Lincolnshire CCG,7/31/2018,National Insurance < 1 yr-NI-EES,BALANCE SHEET,HMRC,23019971,"8,827.15 "
Department of Health,NHS South Lincolnshire CCG,7/31/2018,Hcare Srv Rec NHS Trust-CQUIN,ACUTE COMMISSIONING,NOTTINGHAM UNIVERSITY HOSPITALS NHS TRUST,23040217,"3,457.00 "
Department of Health,NHS South Lincolnshire CCG,7/31/2018,Hcare Srv Rec NHS Trust-Contract Baseline,ACUTE COMMISSIONING,NOTTINGHAM UNIVERSITY HOSPITALS NHS TRUST,23040217,"141,933.00 "
Department of Health,NHS South Lincolnshire CCG,7/31/2018,Clinical&Medical-Independent Sector,HOSPICES,ST BARNABAS HOSPICE TRUST,23040233,"49,348.92 "
Department of Health,NHS South Lincolnshire CCG,7/31/2018,C&M-GMS DES Extended Hours Access,PRC DELEGATED CO-COMMISSIONING,GOSBERTON MEDICAL CENTRE,23051517,"3,303.15 "
Department of Health,NHS South Lincolnshire CCG,7/31/2018,C&M-GMS Global Sum,PRC DELEGATED CO-COMMISSIONING,GOSBERTON MEDICAL CENTRE,23051517,"57,171.36 "
Department of Health,NHS South Lincolnshire CCG,7/31/2018,C&M-GMS PCO Other,PRC DELEGATED CO-COMMISSIONING,GOSBERTON MEDICAL CENTRE,23051517,"4,462.00 "
Department of Health,NHS South Lincolnshire CCG,7/31/2018,C&M-GMS QOF Aspiration,PRC DELEGATED CO-COMMISSIONING,GOSBERTON MEDICAL CENTRE,23051517,"6,680.58 "
Department of Health,NHS South Lincolnshire CCG,7/31/2018,C&M-GMS GP Statutory Levy,PRC DELEGATED CO-COMMISSIONING,LAKESIDE HEALTHCARE,23051518,"-1,096.23 "
Department of Health,NHS South Lincolnshire CCG,7/31/2018,C&M-GMS Voluntary Levy,PRC DELEGATED CO-COMMISSIONING,LAKESIDE HEALTHCARE,23051518,-155.25 
Department of Health,NHS South Lincolnshire CCG,7/31/2018,ME - GMS GP Prior Year ERs,PRC DELEGATED CO-COMMISSIONING,LAKESIDE HEALTHCARE,23051518,"-10,179.43 "
Department of Health,NHS South Lincolnshire CCG,7/31/2018,ME - GMS TPS Added Years Adj EEs,PRC DELEGATED CO-COMMISSIONING,LAKESIDE HEALTHCARE,23051518,-770.67 
Department of Health,NHS South Lincolnshire CCG,7/31/2018,ME-GMS GP Pension EEs,PRC DELEGATED CO-COMMISSIONING,LAKESIDE HEALTHCARE,23051518,"-18,972.47 "
Department of Health,NHS South Lincolnshire CCG,7/31/2018,ME-GMS GP Pension ERs Adjustments,PRC DELEGATED CO-COMMISSIONING,LAKESIDE HEALTHCARE,23051518,"-20,064.93 "
Department of Health,NHS South Lincolnshire CCG,7/31/2018,ME-GMS GP Prior Year EEs,PRC DELEGATED CO-COMMISSIONING,LAKESIDE HEALTHCARE,23051518,"-8,454.49 "
Department of Health,NHS South Lincolnshire CCG,7/31/2018,C&M-GMS DES Extended Hours Access,PRC DELEGATED CO-COMMISSIONING,LAKESIDE HEALTHCARE,23051521,"15,017.60 "
Department of Health,NHS South Lincolnshire CCG,7/31/2018,C&M-GMS Global Sum,PRC DELEGATED CO-COMMISSIONING,LAKESIDE HEALTHCARE,23051521,"200,388.94 "
Department of Health,NHS South Lincolnshire CCG,7/31/2018,C&M-GMS MPIG Correction Factor,PRC DELEGATED CO-COMMISSIONING,LAKESIDE HEALTHCARE,23051521,"6,360.96 "
Department of Health,NHS South Lincolnshire CCG,7/31/2018,C&M-GMS PCO Other,PRC DELEGATED CO-COMMISSIONING,LAKESIDE HEALTHCARE,23051521,"18,504.00 "
Department of Health,NHS South Lincolnshire CCG,7/31/2018,C&M-GMS Prem Actual Rent,PRC DELEGATED CO-COMMISSIONING,LAKESIDE HEALTHCARE,23051521,"6,166.66 "
Department of Health,NHS South Lincolnshire CCG,7/31/2018,C&M-GMS Prem Notional Rent,PRC DELEGATED CO-COMMISSIONING,LAKESIDE HEALTHCARE,23051521,"12,383.67 "
Department of Health,NHS South Lincolnshire CCG,7/31/2018,C&M-GMS QOF Aspiration,PRC DELEGATED CO-COMMISSIONING,LAKESIDE HEALTHCARE,23051521,"24,664.59 "
Department of Health,NHS South Lincolnshire CCG,7/31/2018,ME - GMS GP Prior Year ERs,PRC DELEGATED CO-COMMISSIONING,LAKESIDE HEALTHCARE,23051521,"10,152.89 "
Department of Health,NHS South Lincolnshire CCG,7/31/2018,ME-GMS GP Pension EEs Adjustments,PRC DELEGATED CO-COMMISSIONING,LAKESIDE HEALTHCARE,23051521,"3,396.73 "
Department of Health,NHS South Lincolnshire CCG,7/31/2018,ME-GMS GP Pension ERs Adjustments,PRC DELEGATED CO-COMMISSIONING,LAKESIDE HEALTHCARE,23051521,"3,052.80 "
Department of Health,NHS South Lincolnshire CCG,7/31/2018,ME-GMS GP Prior Year EEs,PRC DELEGATED CO-COMMISSIONING,LAKESIDE HEALTHCARE,23051521,"11,232.78 "
Department of Health,NHS South Lincolnshire CCG,7/31/2018,C&M-GMS DES Extended Hours Access,PRC DELEGATED CO-COMMISSIONING,DR ABHIJIT BANERJEE,23053174,"3,523.08 "
Department of Health,NHS South Lincolnshire CCG,7/31/2018,C&M-GMS DES Learn Dsblty Hlth Chk,PRC DELEGATED CO-COMMISSIONING,DR ABHIJIT BANERJEE,23053174,"1,400.00 "
Department of Health,NHS South Lincolnshire CCG,7/31/2018,C&M-GMS Global Sum,PRC DELEGATED CO-COMMISSIONING,DR ABHIJIT BANERJEE,23053174,"55,085.53 "
Department of Health,NHS South Lincolnshire CCG,7/31/2018,C&M-GMS MPIG Correction Factor,PRC DELEGATED CO-COMMISSIONING,DR ABHIJIT BANERJEE,23053174,"1,737.33 "
Department of Health,NHS South Lincolnshire CCG,7/31/2018,C&M-GMS QOF Aspiration,PRC DELEGATED CO-COMMISSIONING,DR ABHIJIT BANERJEE,23053174,"5,902.10 "
Department of Health,NHS South Lincolnshire CCG,7/31/2018,C&M-GMS Global Sum,PRC DELEGATED CO-COMMISSIONING,DR A NATHU,23053177,"19,799.98 "
Department of Health,NHS South Lincolnshire CCG,7/31/2018,C&M-GMS MPIG Correction Factor,PRC DELEGATED CO-COMMISSIONING,DR A NATHU,23053177,"1,934.51 "
Department of Health,NHS South Lincolnshire CCG,7/31/2018,C&M-GMS Prem Notional Rent,PRC DELEGATED CO-COMMISSIONING,DR A NATHU,23053177,"4,416.67 "
Department of Health,NHS South Lincolnshire CCG,7/31/2018,C&M-GMS QOF Aspiration,PRC DELEGATED CO-COMMISSIONING,DR A NATHU,23053177,"3,005.70 "
Department of Health,NHS South Lincolnshire CCG,7/31/2018,C&M-GMS DES Extended Hours Access,PRC DELEGATED CO-COMMISSIONING,DR BEVERIDGE & PARTNERS,23053180,"5,989.75 "
Department of Health,NHS South Lincolnshire CCG,7/31/2018,C&M-GMS Global Sum,PRC DELEGATED CO-COMMISSIONING,DR BEVERIDGE & PARTNERS,23053180,"91,106.35 "
Department of Health,NHS South Lincolnshire CCG,7/31/2018,C&M-GMS Prem Actual Rent,PRC DELEGATED CO-COMMISSIONING,DR BEVERIDGE & PARTNERS,23053180,"1,003.16 "
Department of Health,NHS South Lincolnshire CCG,7/31/2018,C&M-GMS QOF Aspiration,PRC DELEGATED CO-COMMISSIONING,DR BEVERIDGE & PARTNERS,23053180,"11,797.47 "
Department of Health,NHS South Lincolnshire CCG,7/31/2018,ME - GMS GP Prior Year ERs,PRC DELEGATED CO-COMMISSIONING,DR BEVERIDGE & PARTNERS,23053180,"1,385.52 "
Department of Health,NHS South Lincolnshire CCG,7/31/2018,ME-GMS GP Prior Year EEs,PRC DELEGATED CO-COMMISSIONING,DR BEVERIDGE & PARTNERS,23053180,"1,231.73 "
Department of Health,NHS South Lincolnshire CCG,7/31/2018,C&M-GMS Global Sum,PRC DELEGATED CO-COMMISSIONING,DR BOOTH & PARTNERS,23053185,"139,044.11 "
Department of Health,NHS South Lincolnshire CCG,7/31/2018,C&M-GMS Prem Actual Rent,PRC DELEGATED CO-COMMISSIONING,DR BOOTH & PARTNERS,23053185,"70,188.60 "
Department of Health,NHS South Lincolnshire CCG,7/31/2018,C&M-GMS QOF Aspiration,PRC DELEGATED CO-COMMISSIONING,DR BOOTH & PARTNERS,23053185,"15,558.96 "
Department of Health,NHS South Lincolnshire CCG,7/31/2018,C&M-GMS DES Extended Hours Access,PRC DELEGATED CO-COMMISSIONING,DR BURR & PARTNERS,23053189,"5,453.95 "
Department of Health,NHS South Lincolnshire CCG,7/31/2018,C&M-GMS Global Sum,PRC DELEGATED CO-COMMISSIONING,DR BURR & PARTNERS,23053189,"84,617.51 "
Department of Health,NHS South Lincolnshire CCG,7/31/2018,C&M-GMS Prem Notional Rent,PRC DELEGATED CO-COMMISSIONING,DR BURR & PARTNERS,23053189,"7,786.88 "
Department of Health,NHS South Lincolnshire CCG,7/31/2018,C&M-GMS Prem Rates,PRC DELEGATED CO-COMMISSIONING,DR BURR & PARTNERS,23053189,"19,320.00 "
Department of Health,NHS South Lincolnshire CCG,7/31/2018,C&M-GMS QOF Aspiration,PRC DELEGATED CO-COMMISSIONING,DR BURR & PARTNERS,23053189,"10,681.12 "
Department of Health,NHS South Lincolnshire CCG,7/31/2018,C&M-GMS Global Sum,PRC DELEGATED CO-COMMISSIONING,DR CORLETT & PARTNERS SPALDING,23053192,"119,798.03 "
Department of Health,NHS South Lincolnshire CCG,7/31/2018,C&M-GMS QOF Aspiration,PRC DELEGATED CO-COMMISSIONING,DR CORLETT & PARTNERS SPALDING,23053192,"14,464.49 "
Department of Health,NHS South Lincolnshire CCG,7/31/2018,C&M-GMS Global Sum,PRC DELEGATED CO-COMMISSIONING,DR HUGHES & PARTNERS SUTTERTON,23053196,"29,731.37 "
Department of Health,NHS South Lincolnshire CCG,7/31/2018,C&M-GMS Prem Actual Rent,PRC DELEGATED CO-COMMISSIONING,DR HUGHES & PARTNERS SUTTERTON,23053196,"2,833.34 "
Department of Health,NHS South Lincolnshire CCG,7/31/2018,C&M-GMS QOF Aspiration,PRC DELEGATED CO-COMMISSIONING,DR HUGHES & PARTNERS SUTTERTON,23053196,"3,367.01 "
Department of Health,NHS South Lincolnshire CCG,7/31/2018,C&M-GMS DES Extended Hours Access,PRC DELEGATED CO-COMMISSIONING,DR SYKES & PARTNERS,23053202,"3,205.78 "
Department of Health,NHS South Lincolnshire CCG,7/31/2018,C&M-GMS Global Sum,PRC DELEGATED CO-COMMISSIONING,DR SYKES & PARTNERS,23053202,"53,623.38 "
Department of Health,NHS South Lincolnshire CCG,7/31/2018,C&M-GMS Prem Notional Rent,PRC DELEGATED CO-COMMISSIONING,DR SYKES & PARTNERS,23053202,"3,316.67 "
Department of Health,NHS South Lincolnshire CCG,7/31/2018,C&M-GMS QOF Aspiration,PRC DELEGATED CO-COMMISSIONING,DR SYKES & PARTNERS,23053202,"5,410.04 "
Department of Health,NHS South Lincolnshire CCG,7/31/2018,ME-GMS GP Pension EEs,PRC DELEGATED CO-COMMISSIONING,DR SYKES & PARTNERS,23053202,"6,161.30 "
Department of Health,NHS South Lincolnshire CCG,7/31/2018,ME-GMS GP Pension ERs Adjustments,PRC DELEGATED CO-COMMISSIONING,DR SYKES & PARTNERS,23053202,"6,050.11 "
Department of Health,NHS South Lincolnshire CCG,7/31/2018,C&M-GMS Global Sum,PRC DELEGATED CO-COMMISSIONING,DR THORPE & PARTNERS,23053206,"45,475.53 "
Department of Health,NHS South Lincolnshire CCG,7/31/2018,C&M-GMS Prem Notional Rent,PRC DELEGATED CO-COMMISSIONING,DR THORPE & PARTNERS,23053206,"3,416.67 "
Department of Health,NHS South Lincolnshire CCG,7/31/2018,C&M-GMS QOF Aspiration,PRC DELEGATED CO-COMMISSIONING,DR THORPE & PARTNERS,23053206,"5,376.41 "
Department of Health,NHS South Lincolnshire CCG,7/31/2018,Clinical&Medical-Independent Sector,COMMUNITY SERVICES,ANGLIA COMMUNITY EYE SERVICE LTD,23062844,"54,333.70 "
Department of Health,NHS South Lincolnshire CCG,7/31/2018,Hcare Srv Rec NHS Trust-Over/ Under Performance,ACUTE COMMISSIONING,UNITED LINCOLNSHIRE HOSPITALS NHS TRUST,23076294,"-248,194.23 "
Department of Health,NHS South Lincolnshire CCG,7/31/2018,Hcare Srv Rec NHS Trust-Over/ Under Performance,ACUTE COMMISSIONING,UNITED LINCOLNSHIRE HOSPITALS NHS TRUST,23076302,"-223,493.57 "
Department of Health,NHS South Lincolnshire CCG,7/31/2018,Hcare Srv Rec NHS Trust-Over/ Under Performance,ACUTE COMMISSIONING,UNITED LINCOLNSHIRE HOSPITALS NHS TRUST,23076306,"37,100.60 "
Department of Health,NHS South Lincolnshire CCG,7/31/2018,Hcare Srv Rec NHS Trust-Over/ Under Performance,ACUTE COMMISSIONING,UNITED LINCOLNSHIRE HOSPITALS NHS TRUST,23076310,"-220,189.19 "
Department of Health,NHS South Lincolnshire CCG,7/31/2018,Cont Care-Mental Health (<65),CHC ADULT FULLY FUNDED,LINCOLNSHIRE COUNTY COUNCIL,23089663,"500,000.00 "
Department of Health,NHS South Lincolnshire CCG,7/31/2018,Local AuthorityRevenue-Non-Contract,COMMUNITY SERVICES,LINCOLNSHIRE COUNTY COUNCIL,23089681,"500,000.00 "
Department of Health,NHS South Lincolnshire CCG,7/31/2018,Hcare Srv Rec Fdtn Trust-CQUIN,ACUTE COMMISSIONING,NORTHERN LINCOLNSHIRE AND GOOLE HOSPITALS NHS FOUNDATION TRUST,23089726,"1,391.00 "
Department of Health,NHS South Lincolnshire CCG,7/31/2018,Hcare Srv Rec Fdtn Trust-Contract Baseline,ACUTE COMMISSIONING,NORTHERN LINCOLNSHIRE AND GOOLE HOSPITALS NHS FOUNDATION TRUST,23089726,"111,608.00 "
Department of Health,NHS South Lincolnshire CCG,7/31/2018,Hcare Srv Rec NHS Trust-CQUIN,ACUTE COMMISSIONING,UNITED LINCOLNSHIRE HOSPITALS NHS TRUST,23089729,"23,384.83 "
Department of Health,NHS South Lincolnshire CCG,7/31/2018,Hcare Srv Rec NHS Trust-Contract Baseline,ACUTE COMMISSIONING,UNITED LINCOLNSHIRE HOSPITALS NHS TRUST,23089729,"1,972,988.95 "
Department of Health,NHS South Lincolnshire CCG,7/31/2018,C&M-GMS Cost of Drugs -Dispensing,LOCAL ENHANCED SERVICES,DR ABHIJIT BANERJEE,23123009,"41,058.35 "
Department of Health,NHS South Lincolnshire CCG,7/31/2018,C&M-GMS Prof Fees Dispensing,PRC DELEGATED CO-COMMISSIONING,DR ABHIJIT BANERJEE,23123009,"8,161.61 "
Department of Health,NHS South Lincolnshire CCG,7/31/2018,C&M-GMS PrscrptnChrgsColl&RmttdbyGP,LOCAL ENHANCED SERVICES,DR ABHIJIT BANERJEE,23123009,"1,337.60 "
Department of Health,NHS South Lincolnshire CCG,7/31/2018,C&M-GMS Cost of Drugs -Dispensing,LOCAL ENHANCED SERVICES,DR BEVERIDGE & PARTNERS,23123012,"-42,534.10 "
Department of Health,NHS South Lincolnshire CCG,7/31/2018,C&M-GMS PrscChrgsCll&RmttdbyGPCntra,PRC DELEGATED CO-COMMISSIONING,DR BEVERIDGE & PARTNERS,23123012,"-2,446.40 "
Department of Health,NHS South Lincolnshire CCG,7/31/2018,C&M-GMS Cost of Drugs -Dispensing,LOCAL ENHANCED SERVICES,DR BEVERIDGE & PARTNERS,23123013,"90,775.58 "
Department of Health,NHS South Lincolnshire CCG,7/31/2018,C&M-GMS Prof Fees Dispensing,PRC DELEGATED CO-COMMISSIONING,DR BEVERIDGE & PARTNERS,23123013,"15,826.73 "
Department of Health,NHS South Lincolnshire CCG,7/31/2018,C&M-GMS PrscrptnChrgsColl&RmttdbyGP,LOCAL ENHANCED SERVICES,DR BEVERIDGE & PARTNERS,23123013,"2,446.40 "
Department of Health,NHS South Lincolnshire CCG,7/31/2018,C&M-GMS Cost of Drugs -Dispensing,LOCAL ENHANCED SERVICES,DR BOOTH & PARTNERS,23123014,"-84,968.77 "
Department of Health,NHS South Lincolnshire CCG,7/31/2018,C&M-GMS PrscChrgsCll&RmttdbyGPCntra,PRC DELEGATED CO-COMMISSIONING,DR BOOTH & PARTNERS,23123014,"-4,030.40 "
Department of Health,NHS South Lincolnshire CCG,7/31/2018,C&M-GMS Cost of Drugs -Dispensing,LOCAL ENHANCED SERVICES,DR BOOTH & PARTNERS,23123015,"154,402.79 "
Department of Health,NHS South Lincolnshire CCG,7/31/2018,C&M-GMS Prof Fees Dispensing,PRC DELEGATED CO-COMMISSIONING,DR BOOTH & PARTNERS,23123015,"30,323.60 "
Department of Health,NHS South Lincolnshire CCG,7/31/2018,C&M-GMS PrscrptnChrgsColl&RmttdbyGP,LOCAL ENHANCED SERVICES,DR BOOTH & PARTNERS,23123015,"4,030.40 "
Department of Health,NHS South Lincolnshire CCG,7/31/2018,C&M-GMS Cost of Drugs -Dispensing,LOCAL ENHANCED SERVICES,DR BURR & PARTNERS,23123016,"-43,612.84 "
Department of Health,NHS South Lincolnshire CCG,7/31/2018,C&M-GMS PrscChrgsCll&RmttdbyGPCntra,PRC DELEGATED CO-COMMISSIONING,DR BURR & PARTNERS,23123016,"-3,071.20 "
Department of Health,NHS South Lincolnshire CCG,7/31/2018,C&M-GMS Cost of Drugs -Dispensing,LOCAL ENHANCED SERVICES,DR BURR & PARTNERS,23123017,"81,001.20 "
Department of Health,NHS South Lincolnshire CCG,7/31/2018,C&M-GMS Prof Fees Dispensing,PRC DELEGATED CO-COMMISSIONING,DR BURR & PARTNERS,23123017,"18,711.48 "
Department of Health,NHS South Lincolnshire CCG,7/31/2018,C&M-GMS PrscrptnChrgsColl&RmttdbyGP,LOCAL ENHANCED SERVICES,DR BURR & PARTNERS,23123017,"3,071.20 "
Department of Health,NHS South Lincolnshire CCG,7/31/2018,C&M-GMS Cost of Drugs -Dispensing,LOCAL ENHANCED SERVICES,DR CORLETT & PARTNERS SPALDING,23123018,"-35,617.16 "
Department of Health,NHS South Lincolnshire CCG,7/31/2018,C&M-GMS PrscChrgsCll&RmttdbyGPCntra,PRC DELEGATED CO-COMMISSIONING,DR CORLETT & PARTNERS SPALDING,23123018,"-1,135.20 "
Department of Health,NHS South Lincolnshire CCG,7/31/2018,C&M-GMS Cost of Drugs -Dispensing,LOCAL ENHANCED SERVICES,DR CORLETT & PARTNERS SPALDING,23123019,"70,344.83 "
Department of Health,NHS South Lincolnshire CCG,7/31/2018,C&M-GMS Prof Fees Dispensing,PRC DELEGATED CO-COMMISSIONING,DR CORLETT & PARTNERS SPALDING,23123019,"14,300.52 "
Department of Health,NHS South Lincolnshire CCG,7/31/2018,C&M-GMS PrscrptnChrgsColl&RmttdbyGP,LOCAL ENHANCED SERVICES,DR CORLETT & PARTNERS SPALDING,23123019,"1,135.20 "
Department of Health,NHS South Lincolnshire CCG,7/31/2018,C&M-GMS Cost of Drugs -Dispensing,LOCAL ENHANCED SERVICES,DR HUGHES & PARTNERS SUTTERTON,23123020,"-51,184.24 "
Department of Health,NHS South Lincolnshire CCG,7/31/2018,C&M-GMS PrscChrgsCll&RmttdbyGPCntra,PRC DELEGATED CO-COMMISSIONING,DR HUGHES & PARTNERS SUTTERTON,23123020,"-1,566.40 "
Department of Health,NHS South Lincolnshire CCG,7/31/2018,C&M-GMS Cost of Drugs -Dispensing,LOCAL ENHANCED SERVICES,DR HUGHES & PARTNERS SUTTERTON,23123021,"84,606.18 "
Department of Health,NHS South Lincolnshire CCG,7/31/2018,C&M-GMS Prof Fees Dispensing,PRC DELEGATED CO-COMMISSIONING,DR HUGHES & PARTNERS SUTTERTON,23123021,"18,234.29 "
Department of Health,NHS South Lincolnshire CCG,7/31/2018,C&M-GMS PrscrptnChrgsColl&RmttdbyGP,LOCAL ENHANCED SERVICES,DR HUGHES & PARTNERS SUTTERTON,23123021,"1,566.40 "
Department of Health,NHS South Lincolnshire CCG,7/31/2018,C&M-PMS Cost of Drugs -Dispensing,LOCAL ENHANCED SERVICES,DR LENNON & PARTNERS,23123022,"-37,220.42 "
Department of Health,NHS South Lincolnshire CCG,7/31/2018,C&M-PMS Prsc Chrgs Cll&Rmttd by GPs,PRC DELEGATED CO-COMMISSIONING,DR LENNON & PARTNERS,23123022,"-1,821.60 "
Department of Health,NHS South Lincolnshire CCG,7/31/2018,C&M-PMS Cost of Drugs -Dispensing,LOCAL ENHANCED SERVICES,DR LENNON & PARTNERS,23123023,"63,626.53 "
Department of Health,NHS South Lincolnshire CCG,7/31/2018,C&M-PMS Prof fees Dispensing,PRC DELEGATED CO-COMMISSIONING,DR LENNON & PARTNERS,23123023,"10,753.16 "
Department of Health,NHS South Lincolnshire CCG,7/31/2018,C&M-PMS Prsc Chrgs Cll&Rmttd by GPs,LOCAL ENHANCED SERVICES,DR LENNON & PARTNERS,23123023,"1,821.60 "
Department of Health,NHS South Lincolnshire CCG,7/31/2018,C&M-PMS Cost of Drugs -Dispensing,LOCAL ENHANCED SERVICES,DR RIGG & PARTNERS,23123024,"-83,641.34 "
Department of Health,NHS South Lincolnshire CCG,7/31/2018,C&M-PMS Prsc Chrgs Cll&Rmttd by GPs,PRC DELEGATED CO-COMMISSIONING,DR RIGG & PARTNERS,23123024,"-4,655.20 "
Department of Health,NHS South Lincolnshire CCG,7/31/2018,C&M-PMS Cost of Drugs -Dispensing,LOCAL ENHANCED SERVICES,DR RIGG & PARTNERS,23123025,"160,829.94 "
Department of Health,NHS South Lincolnshire CCG,7/31/2018,C&M-PMS Prof fees Dispensing,PRC DELEGATED CO-COMMISSIONING,DR RIGG & PARTNERS,23123025,"28,862.52 "
Department of Health,NHS South Lincolnshire CCG,7/31/2018,C&M-PMS Prsc Chrgs Cll&Rmttd by GPs,LOCAL ENHANCED SERVICES,DR RIGG & PARTNERS,23123025,"4,655.20 "
Department of Health,NHS South Lincolnshire CCG,7/31/2018,C&M-GMS Cost of Drugs -Dispensing,LOCAL ENHANCED SERVICES,DR SYKES & PARTNERS,23123026,"-32,148.68 "
Department of Health,NHS South Lincolnshire CCG,7/31/2018,C&M-GMS PrscChrgsCll&RmttdbyGPCntra,PRC DELEGATED CO-COMMISSIONING,DR SYKES & PARTNERS,23123026,"-1,328.60 "
Department of Health,NHS South Lincolnshire CCG,7/31/2018,C&M-GMS Cost of Drugs -Dispensing,LOCAL ENHANCED SERVICES,DR SYKES & PARTNERS,23123027,"62,516.93 "
Department of Health,NHS South Lincolnshire CCG,7/31/2018,C&M-GMS Prof Fees Dispensing,PRC DELEGATED CO-COMMISSIONING,DR SYKES & PARTNERS,23123027,"11,303.30 "
Department of Health,NHS South Lincolnshire CCG,7/31/2018,C&M-GMS PrscrptnChrgsColl&RmttdbyGP,LOCAL ENHANCED SERVICES,DR SYKES & PARTNERS,23123027,"1,328.60 "
Department of Health,NHS South Lincolnshire CCG,7/31/2018,C&M-GMS Cost of Drugs -Dispensing,LOCAL ENHANCED SERVICES,DR THORPE & PARTNERS,23123028,"-72,633.80 "
Department of Health,NHS South Lincolnshire CCG,7/31/2018,C&M-GMS PrscChrgsCll&RmttdbyGPCntra,PRC DELEGATED CO-COMMISSIONING,DR THORPE & PARTNERS,23123028,"-4,012.80 "
Department of Health,NHS South Lincolnshire CCG,7/31/2018,C&M-GMS Cost of Drugs -Dispensing,LOCAL ENHANCED SERVICES,DR THORPE & PARTNERS,23123029,"144,074.94 "
Department of Health,NHS South Lincolnshire CCG,7/31/2018,C&M-GMS Prof Fees Dispensing,PRC DELEGATED CO-COMMISSIONING,DR THORPE & PARTNERS,23123029,"25,868.53 "
Department of Health,NHS South Lincolnshire CCG,7/31/2018,C&M-GMS PrscrptnChrgsColl&RmttdbyGP,LOCAL ENHANCED SERVICES,DR THORPE & PARTNERS,23123029,"4,012.80 "
Department of Health,NHS South Lincolnshire CCG,7/31/2018,C&M-GMS Cost of Drugs -Dispensing,LOCAL ENHANCED SERVICES,GOSBERTON MEDICAL CENTRE,23126578,"-81,453.90 "
Department of Health,NHS South Lincolnshire CCG,7/31/2018,C&M-GMS PrscChrgsCll&RmttdbyGPCntra,PRC DELEGATED CO-COMMISSIONING,GOSBERTON MEDICAL CENTRE,23126578,"-4,039.20 "
Department of Health,NHS South Lincolnshire CCG,7/31/2018,C&M-GMS Cost of Drugs -Dispensing,LOCAL ENHANCED SERVICES,GOSBERTON MEDICAL CENTRE,23126579,"143,932.58 "
Department of Health,NHS South Lincolnshire CCG,7/31/2018,C&M-GMS Prof Fees Dispensing,PRC DELEGATED CO-COMMISSIONING,GOSBERTON MEDICAL CENTRE,23126579,"41,746.85 "
Department of Health,NHS South Lincolnshire CCG,7/31/2018,C&M-GMS PrscrptnChrgsColl&RmttdbyGP,LOCAL ENHANCED SERVICES,GOSBERTON MEDICAL CENTRE,23126579,"4,039.20 "
Department of Health,NHS South Lincolnshire CCG,7/31/2018,C&M-GMS Cost of Drugs -Dispensing,LOCAL ENHANCED SERVICES,LAKESIDE HEALTHCARE,23126580,"-97,643.25 "
Department of Health,NHS South Lincolnshire CCG,7/31/2018,C&M-GMS PrscChrgsCll&RmttdbyGPCntra,PRC DELEGATED CO-COMMISSIONING,LAKESIDE HEALTHCARE,23126580,"-6,996.00 "
Department of Health,NHS South Lincolnshire CCG,7/31/2018,C&M-GMS Cost of Drugs -Dispensing,LOCAL ENHANCED SERVICES,LAKESIDE HEALTHCARE,23126581,"183,228.76 "
Department of Health,NHS South Lincolnshire CCG,7/31/2018,C&M-GMS Prof Fees Dispensing,PRC DELEGATED CO-COMMISSIONING,LAKESIDE HEALTHCARE,23126581,"35,482.26 "
Department of Health,NHS South Lincolnshire CCG,7/31/2018,C&M-GMS PrscrptnChrgsColl&RmttdbyGP,LOCAL ENHANCED SERVICES,LAKESIDE HEALTHCARE,23126581,"6,996.00 "
Department of Health,NHS South Lincolnshire CCG,7/31/2018,Hcare Srv Rec NHS Trust-Over/ Under Performance,ACUTE COMMISSIONING,NOTTINGHAM UNIVERSITY HOSPITALS NHS TRUST,23134199,"-104,003.00 "
Department of Health,NHS South Lincolnshire CCG,7/31/2018,Cont Care-Physical Disab (65+),CHC AD FULL FUND PERS HLTH BUD,PERS HLTH BUD,23148889,"25,737.13 "
Department of Health,NHS South Lincolnshire CCG,7/31/2018,Clinical&Medical-Othe Public Sector,CARERS,LINCOLNSHIRE COUNTY COUNCIL,23153814,"180,435.00 "
Department of Health,NHS South Lincolnshire CCG,7/31/2018,Clinical&Medical-Othe Public Sector,CHILD AND ADOLESCENT MENTAL HEALTH,LINCOLNSHIRE COUNTY COUNCIL,23153814,"115,041.00 "
Department of Health,NHS South Lincolnshire CCG,7/31/2018,Clinical&Medical-Othe Public Sector,COMMUNITY SERVICES,LINCOLNSHIRE COUNTY COUNCIL,23153814,"52,943.00 "
Department of Health,NHS South Lincolnshire CCG,7/31/2018,Clinical&Medical-Othe Public Sector,LEARNING DIFFICULTIES,LINCOLNSHIRE COUNTY COUNCIL,23153814,"326,727.00 "
Department of Health,NHS South Lincolnshire CCG,7/31/2018,Prescribing,PRESCRIBING,ALLIED HEALTH SOUTH LINCOLNSHIRE LTD,23153819,"103,664.50 "
Department of Health,NHS South Lincolnshire CCG,7/31/2018,Clinical&Medical-Independent Sector,OUT OF HOURS,DHU 111 (EAST MIDLANDS) CIC,23170322,"32,206.90 "
Department of Health,NHS South Lincolnshire CCG,7/31/2018,Hcare Srv Rec NHS Trust-Contract Baseline,ACUTE COMMISSIONING,UNIVERSITY HOSPITALS OF LEICESTER NHS TRUST,23170353,"98,593.00 "
Department of Health,NHS South Lincolnshire CCG,7/31/2018,Hcare Srv Rec Fdtn Trust-Contract Baseline,ACUTE COMMISSIONING,QUEEN ELIZABETH HOSPITAL KINGS LYNN NHS FOUNDATION TRUST,23173775,"907,964.00 "
Department of Health,NHS South Lincolnshire CCG,7/31/2018,Clinical&Medical-Independent Sector,ACUTE COMMISSIONING,FITZWILLIAM HOSPITAL,23195089,"42,625.90 "
Department of Health,NHS South Lincolnshire CCG,7/31/2018,Clinical&Medical-Independent Sector,PATIENT TRANSPORT,THAMES AMBULANCE SERVICE LTD,23195393,"85,515.00 "
Department of Health,NHS South Lincolnshire CCG,7/31/2018,Hcare Srv Rec NHS Trust-Non Contract,ACUTE COMMISSIONING,UNITED LINCOLNSHIRE HOSPITALS NHS TRUST,23211873,"47,655.58 "
Department of Health,NHS South Lincolnshire CCG,7/31/2018,Charges from CSU,CONTINUING HEALTHCARE ASSESSMENT & SUPPORT,NHS ARDEN AND GEM CSU,23211878,"30,384.00 "
Department of Health,NHS South Lincolnshire CCG,7/31/2018,Charges from CSU,CONTRACT MANAGEMENT,NHS ARDEN AND GEM CSU,23211878,"2,259.83 "
Department of Health,NHS South Lincolnshire CCG,7/31/2018,Charges from CSU,IM&T,NHS ARDEN AND GEM CSU,23211878,"3,256.50 "
Department of Health,NHS South Lincolnshire CCG,7/31/2018,Hcare Srv Rec Fdtn Trust-Non Contract,NCAS/OATS,ROYAL FREE LONDON NHS FOUNDATION TRUST,23211888,"26,286.00 "
Department of Health,NHS South Lincolnshire CCG,7/31/2018,Hcare Srv Rec Fdtn Trust-CQUIN,ACUTE COMMISSIONING,CAMBRIDGE UNIVERSITY HOSPITALS NHS FOUNDATION TRUST,23211893,"2,442.75 "
Department of Health,NHS South Lincolnshire CCG,7/31/2018,Hcare Srv Rec Fdtn Trust-Contract Baseline,ACUTE COMMISSIONING,CAMBRIDGE UNIVERSITY HOSPITALS NHS FOUNDATION TRUST,23211893,"196,324.92 "
Department of Health,NHS South Lincolnshire CCG,7/31/2018,Hcare Srv Rec Fdtn Trust-Non Contract,NCAS/OATS,NORFOLK & NORWICH UNIVERSITY HOSPITALS NHS FOUNDATION TRUST,23211898,"27,028.00 "
Department of Health,NHS South Lincolnshire CCG,7/31/2018,Hcare Srv Rec Fdtn Trust-Contract Baseline,COMMUNITY SERVICES,CAMBRIDGESHIRE & PETERBOROUGH NHS FOUNDATION TRUST,23233093,"47,440.39 "
Department of Health,NHS South Lincolnshire CCG,7/31/2018,Clinical&Medical-Independent Sector,LOCAL ENHANCED SERVICES,LAKESIDE HEALTHCARE,23270045,"46,000.00 "
,,,,,,,
,,,,,,,
,,,,,,,"10,994,798.54 "
