Department family,Entity,Date,Expense Type,Expense area,Supplier,Transaction number,AP Amount (�),,
Department of Health,NHS South Lincolnshire CCG,6/30/2018,Clinical&Medical-Othe Public Sector,CARERS,LINCOLNSHIRE COUNTY COUNCIL,22474810," 360,870.00 ",,
Department of Health,NHS South Lincolnshire CCG,6/30/2018,Clinical&Medical-Othe Public Sector,CHILD AND ADOLESCENT MENTAL HEALTH,LINCOLNSHIRE COUNTY COUNCIL,22474810,"230,082.00 ",,
Department of Health,NHS South Lincolnshire CCG,6/30/2018,Clinical&Medical-Othe Public Sector,COMMUNITY SERVICES,LINCOLNSHIRE COUNTY COUNCIL,22474810,"105,886.00 ",,
Department of Health,NHS South Lincolnshire CCG,6/30/2018,Clinical&Medical-Othe Public Sector,LEARNING DIFFICULTIES,LINCOLNSHIRE COUNTY COUNCIL,22474810,"636,550.00 ",,
Department of Health,NHS South Lincolnshire CCG,6/30/2018,C&M-PMS Baseline Adjustment,PRC DELEGATED CO-COMMISSIONING,DR LENNON & PARTNERS,22482855,"137,897.45 ",,
Department of Health,NHS South Lincolnshire CCG,6/30/2018,C&M-PMS PCO Seniority,PRC DELEGATED CO-COMMISSIONING,DR LENNON & PARTNERS,22482855,"1,196.47 ",,
Department of Health,NHS South Lincolnshire CCG,6/30/2018,C&M-PMS Prem Notional Rent,PRC DELEGATED CO-COMMISSIONING,DR LENNON & PARTNERS,22482855,"16,227.37 ",,
Department of Health,NHS South Lincolnshire CCG,6/30/2018,C&M-PMS Prem Rates,PRC DELEGATED CO-COMMISSIONING,DR LENNON & PARTNERS,22482855,"10,638.20 ",,
Department of Health,NHS South Lincolnshire CCG,6/30/2018,C&M-PMS QOF Aspiration,PRC DELEGATED CO-COMMISSIONING,DR LENNON & PARTNERS,22482855,"18,397.48 ",,
Department of Health,NHS South Lincolnshire CCG,6/30/2018,C&M-PMS Baseline Adjustment,PRC DELEGATED CO-COMMISSIONING,DR RIGG & PARTNERS,22482857,"165,632.33 ",,
Department of Health,NHS South Lincolnshire CCG,6/30/2018,C&M-PMS PCO Seniority,PRC DELEGATED CO-COMMISSIONING,DR RIGG & PARTNERS,22482857,"6,309.58 ",,
Department of Health,NHS South Lincolnshire CCG,6/30/2018,C&M-PMS Prem Notional Rent,PRC DELEGATED CO-COMMISSIONING,DR RIGG & PARTNERS,22482857,"27,149.80 ",,
Department of Health,NHS South Lincolnshire CCG,6/30/2018,C&M-PMS Prem Rates,PRC DELEGATED CO-COMMISSIONING,DR RIGG & PARTNERS,22482857,"23,985.19 ",,
Department of Health,NHS South Lincolnshire CCG,6/30/2018,C&M-PMS QOF Aspiration,PRC DELEGATED CO-COMMISSIONING,DR RIGG & PARTNERS,22482857,"21,003.02 ",,
Department of Health,NHS South Lincolnshire CCG,6/30/2018,Charges from CSU,CONTINUING HEALTHCARE ASSESSMENT & SUPPORT,NHS ARDEN AND GEM CSU,22502271,"30,384.00 ",,
Department of Health,NHS South Lincolnshire CCG,6/30/2018,Charges from CSU,CONTRACT MANAGEMENT,NHS ARDEN AND GEM CSU,22502271,"2,259.83 ",,
Department of Health,NHS South Lincolnshire CCG,6/30/2018,Charges from CSU,IM&T,NHS ARDEN AND GEM CSU,22502271,"3,256.50 ",,
Department of Health,NHS South Lincolnshire CCG,6/30/2018,Hcare Srv Rec Fdtn Trust-CQUIN,ACUTE COMMISSIONING,NORTH WEST ANGLIA NHS FOUNDATION TRUST,22504921,"56,186.21 ",,
Department of Health,NHS South Lincolnshire CCG,6/30/2018,Hcare Srv Rec Fdtn Trust-Contract Baseline,ACUTE COMMISSIONING,NORTH WEST ANGLIA NHS FOUNDATION TRUST,22504921,"4,735,351.83 ",,
Department of Health,NHS South Lincolnshire CCG,6/30/2018,Hcare Srv Rec NHS Trust-CQUIN,ACUTE COMMISSIONING,NOTTINGHAM UNIVERSITY HOSPITALS NHS TRUST,22520639,"3,457.00 ",,
Department of Health,NHS South Lincolnshire CCG,6/30/2018,Hcare Srv Rec NHS Trust-Contract Baseline,ACUTE COMMISSIONING,NOTTINGHAM UNIVERSITY HOSPITALS NHS TRUST,22520639,"141,933.00 ",,
Department of Health,NHS South Lincolnshire CCG,6/30/2018,Cont Care-Physical Disab (65+),CHC AD FULL FUND PERS HLTH BUD,PERS HLTH BUD 99D,22520944,"28,431.13 ",,
Department of Health,NHS South Lincolnshire CCG,6/30/2018,Hcare Srv Rec NHS Trust-Non Contract,ACUTE COMMISSIONING,UNITED LINCOLNSHIRE HOSPITALS NHS TRUST,22535848,"44,607.21 ",,
Department of Health,NHS South Lincolnshire CCG,6/30/2018,Clinical&Medical-Independent Sector,ACUTE COMMISSIONING,FITZWILLIAM HOSPITAL,22535856,"491,385.11 ",,
Department of Health,NHS South Lincolnshire CCG,6/30/2018,Hcare Srv Rec Fdtn Trust-Contract Baseline,MENTAL HEALTH CONTRACTS,LINCOLNSHIRE PARTNERSHIP NHS FOUNDATION TRUST,22535859,"827,900.32 ",,
Department of Health,NHS South Lincolnshire CCG,6/30/2018,Hcare Srv Rec Fdtn Trust-Contract Baseline,ACUTE COMMISSIONING,ROYAL PAPWORTH HOSPITAL NHS FOUNDATION TRUST,22535861,"89,813.00 ",,
Department of Health,NHS South Lincolnshire CCG,6/30/2018,Clinical&Medical-Independent Sector,ACUTE COMMISSIONING,BOSTON WEST HOSPITAL,22553894,"38,668.71 ",,
Department of Health,NHS South Lincolnshire CCG,6/30/2018,Hcare Srv Rec NHS Trust-Contract Baseline,COMMUNITY SERVICES,LINCS COMMUNITY HEALTH SERVICES NHS TRUST,22553899,"1,163,930.88 ",,
Department of Health,NHS South Lincolnshire CCG,6/30/2018,Hcare Srv Rec NHS Trust-CQUIN,AMBULANCE SERVICES,EAST MIDLANDS AMBULANCE SERVICE NHS TRUST,22589207,"4,514.00 ",,
Department of Health,NHS South Lincolnshire CCG,6/30/2018,Hcare Srv Rec NHS Trust-Contract Baseline,AMBULANCE SERVICES,EAST MIDLANDS AMBULANCE SERVICE NHS TRUST,22589207,"361,104.00 ",,
Department of Health,NHS South Lincolnshire CCG,6/30/2018,Hcare Srv Rec NHS Trust-CQUIN,AMBULANCE SERVICES,EAST MIDLANDS AMBULANCE SERVICE NHS TRUST,22589208,"4,514.00 ",,
Department of Health,NHS South Lincolnshire CCG,6/30/2018,Hcare Srv Rec NHS Trust-Contract Baseline,AMBULANCE SERVICES,EAST MIDLANDS AMBULANCE SERVICE NHS TRUST,22589208,"361,104.00 ",,
Department of Health,NHS South Lincolnshire CCG,6/30/2018,Hcare Srv Rec NHS Trust-CQUIN,AMBULANCE SERVICES,EAST MIDLANDS AMBULANCE SERVICE NHS TRUST,22589210,"4,514.00 ",,
Department of Health,NHS South Lincolnshire CCG,6/30/2018,Hcare Srv Rec NHS Trust-Contract Baseline,AMBULANCE SERVICES,EAST MIDLANDS AMBULANCE SERVICE NHS TRUST,22589210,"361,104.00 ",,
Department of Health,NHS South Lincolnshire CCG,6/30/2018,Hcare Srv Rec Fdtn Trust-Contract Baseline,COMMUNITY SERVICES,CAMBRIDGESHIRE & PETERBOROUGH NHS FOUNDATION TRUST,22589284,"30,044.00 ",,
Department of Health,NHS South Lincolnshire CCG,6/30/2018,Hcare Srv Rec Fdtn Trust-Contract Baseline,MENTAL HEALTH CONTRACTS,CAMBRIDGESHIRE & PETERBOROUGH NHS FOUNDATION TRUST,22589285,"46,082.67 ",,
Department of Health,NHS South Lincolnshire CCG,6/30/2018,Hcare Srv Rec NHS Trust-Contract Baseline,AMBULANCE SERVICES,EAST MIDLANDS AMBULANCE SERVICE NHS TRUST,22589289,"-369,627.00 ",,
Department of Health,NHS South Lincolnshire CCG,6/30/2018,Hcare Srv Rec NHS Trust-Contract Baseline,AMBULANCE SERVICES,EAST MIDLANDS AMBULANCE SERVICE NHS TRUST,22589290,"-369,627.00 ",,
Department of Health,NHS South Lincolnshire CCG,6/30/2018,Hcare Srv Rec Fdtn Trust-Contract Baseline,MENTAL HEALTH CONTRACTS,CAMBRIDGESHIRE & PETERBOROUGH NHS FOUNDATION TRUST,22606741,"46,082.67 ",,
Department of Health,NHS South Lincolnshire CCG,6/30/2018,Hcare Srv Rec Fdtn Trust-Contract Baseline,COMMUNITY SERVICES,CAMBRIDGESHIRE & PETERBOROUGH NHS FOUNDATION TRUST,22606747,"30,044.00 ",,
Department of Health,NHS South Lincolnshire CCG,6/30/2018,Clinical&Medical-Independent Sector,HOSPICES,ST BARNABAS HOSPICE TRUST,22606748,"49,348.92 ",,
Department of Health,NHS South Lincolnshire CCG,6/30/2018,Clinical&Medical-Independent Sector,HOSPICES,ST BARNABAS HOSPICE TRUST,22606769,"49,348.92 ",,
Department of Health,NHS South Lincolnshire CCG,6/30/2018,Clinical&Medical-Independent Sector,WHEELCHAIR SERVICE,MILLBROOK HEALTHCARE LTD,22606776,"27,261.73 ",,
Department of Health,NHS South Lincolnshire CCG,6/30/2018,Clinical&Medical-Independent Sector,WHEELCHAIR SERVICE,MILLBROOK HEALTHCARE LTD,22606779,"31,809.98 ",,
Department of Health,NHS South Lincolnshire CCG,6/30/2018,C&M-GMS Global Sum,PRC DELEGATED CO-COMMISSIONING,DR ABHIJIT BANERJEE,22636211,"55,273.64 ",,
Department of Health,NHS South Lincolnshire CCG,6/30/2018,C&M-GMS MPIG Correction Factor,PRC DELEGATED CO-COMMISSIONING,DR ABHIJIT BANERJEE,22636211,"1,737.33 ",,
Department of Health,NHS South Lincolnshire CCG,6/30/2018,C&M-GMS PCO Seniority,PRC DELEGATED CO-COMMISSIONING,DR ABHIJIT BANERJEE,22636211,421.81 ,,
Department of Health,NHS South Lincolnshire CCG,6/30/2018,C&M-GMS QOF Achievement,PRC DELEGATED CO-COMMISSIONING,DR ABHIJIT BANERJEE,22636211,"22,762.34 ",,
Department of Health,NHS South Lincolnshire CCG,6/30/2018,C&M-GMS QOF Aspiration,PRC DELEGATED CO-COMMISSIONING,DR ABHIJIT BANERJEE,22636211,"5,902.10 ",,
Department of Health,NHS South Lincolnshire CCG,6/30/2018,C&M-GMS Global Sum,PRC DELEGATED CO-COMMISSIONING,DR A NATHU,22636213,"20,323.12 ",,
Department of Health,NHS South Lincolnshire CCG,6/30/2018,C&M-GMS MPIG Correction Factor,PRC DELEGATED CO-COMMISSIONING,DR A NATHU,22636213,"1,934.51 ",,
Department of Health,NHS South Lincolnshire CCG,6/30/2018,C&M-GMS PCO Seniority,PRC DELEGATED CO-COMMISSIONING,DR A NATHU,22636213,"1,299.84 ",,
Department of Health,NHS South Lincolnshire CCG,6/30/2018,C&M-GMS Prem Notional Rent,PRC DELEGATED CO-COMMISSIONING,DR A NATHU,22636213,"4,416.67 ",,
Department of Health,NHS South Lincolnshire CCG,6/30/2018,C&M-GMS QOF Achievement,PRC DELEGATED CO-COMMISSIONING,DR A NATHU,22636213,"2,091.13 ",,
Department of Health,NHS South Lincolnshire CCG,6/30/2018,C&M-GMS QOF Aspiration,PRC DELEGATED CO-COMMISSIONING,DR A NATHU,22636213,"3,005.70 ",,
Department of Health,NHS South Lincolnshire CCG,6/30/2018,C&M-GMS Global Sum,PRC DELEGATED CO-COMMISSIONING,DR BEVERIDGE & PARTNERS,22636215,"91,159.97 ",,
Department of Health,NHS South Lincolnshire CCG,6/30/2018,C&M-GMS PCO Other,PRC DELEGATED CO-COMMISSIONING,DR BEVERIDGE & PARTNERS,22636215,"7,704.00 ",,
Department of Health,NHS South Lincolnshire CCG,6/30/2018,C&M-GMS PCO Seniority,PRC DELEGATED CO-COMMISSIONING,DR BEVERIDGE & PARTNERS,22636215,"3,070.51 ",,
Department of Health,NHS South Lincolnshire CCG,6/30/2018,C&M-GMS Prem Actual Rent,PRC DELEGATED CO-COMMISSIONING,DR BEVERIDGE & PARTNERS,22636215,"9,075.78 ",,
Department of Health,NHS South Lincolnshire CCG,6/30/2018,C&M-GMS Prem Water Rates,PRC DELEGATED CO-COMMISSIONING,DR BEVERIDGE & PARTNERS,22636215,301.84 ,,
Department of Health,NHS South Lincolnshire CCG,6/30/2018,C&M-GMS QOF Achievement,PRC DELEGATED CO-COMMISSIONING,DR BEVERIDGE & PARTNERS,22636215,"61,835.04 ",,
Department of Health,NHS South Lincolnshire CCG,6/30/2018,C&M-GMS QOF Aspiration,PRC DELEGATED CO-COMMISSIONING,DR BEVERIDGE & PARTNERS,22636215,"11,797.47 ",,
Department of Health,NHS South Lincolnshire CCG,6/30/2018,ME-GMS GP Pension EEs,PRC DELEGATED CO-COMMISSIONING,DR BEVERIDGE & PARTNERS,22636215,"9,647.47 ",,
Department of Health,NHS South Lincolnshire CCG,6/30/2018,ME-GMS GP Pension ERs Adjustments,PRC DELEGATED CO-COMMISSIONING,DR BEVERIDGE & PARTNERS,22636215,"6,613.16 ",,
Department of Health,NHS South Lincolnshire CCG,6/30/2018,C&M-GMS Global Sum,PRC DELEGATED CO-COMMISSIONING,DR BOOTH & PARTNERS,22636217,"139,613.03 ",,
Department of Health,NHS South Lincolnshire CCG,6/30/2018,C&M-GMS PCO Other,PRC DELEGATED CO-COMMISSIONING,DR BOOTH & PARTNERS,22636217,"9,607.00 ",,
Department of Health,NHS South Lincolnshire CCG,6/30/2018,C&M-GMS PCO Seniority,PRC DELEGATED CO-COMMISSIONING,DR BOOTH & PARTNERS,22636217,"2,099.81 ",,
Department of Health,NHS South Lincolnshire CCG,6/30/2018,C&M-GMS Prem Rates,PRC DELEGATED CO-COMMISSIONING,DR BOOTH & PARTNERS,22636217,"12,016.87 ",,
Department of Health,NHS South Lincolnshire CCG,6/30/2018,C&M-GMS QOF Achievement,PRC DELEGATED CO-COMMISSIONING,DR BOOTH & PARTNERS,22636217,"61,513.13 ",,
Department of Health,NHS South Lincolnshire CCG,6/30/2018,C&M-GMS QOF Aspiration,PRC DELEGATED CO-COMMISSIONING,DR BOOTH & PARTNERS,22636217,"15,558.96 ",,
Department of Health,NHS South Lincolnshire CCG,6/30/2018,C&M-GMS GP Statutory Levy,PRC DELEGATED CO-COMMISSIONING,DR BURR & PARTNERS,22636218,-397.28 ,,
Department of Health,NHS South Lincolnshire CCG,6/30/2018,C&M-GMS Voluntary Levy,PRC DELEGATED CO-COMMISSIONING,DR BURR & PARTNERS,22636218,-56.26 ,,
Department of Health,NHS South Lincolnshire CCG,6/30/2018,ME - GMS GP Prior Year ERs,PRC DELEGATED CO-COMMISSIONING,DR BURR & PARTNERS,22636218,"-3,454.68 ",,
Department of Health,NHS South Lincolnshire CCG,6/30/2018,ME-GMS GP Pension EEs,PRC DELEGATED CO-COMMISSIONING,DR BURR & PARTNERS,22636218,"-8,014.05 ",,
Department of Health,NHS South Lincolnshire CCG,6/30/2018,ME-GMS GP Pension EEs Adjustments,PRC DELEGATED CO-COMMISSIONING,DR BURR & PARTNERS,22636218,"-1,081.09 ",,
Department of Health,NHS South Lincolnshire CCG,6/30/2018,ME-GMS GP Pension ERs Adjustments,PRC DELEGATED CO-COMMISSIONING,DR BURR & PARTNERS,22636218,"-9,548.69 ",,
Department of Health,NHS South Lincolnshire CCG,6/30/2018,ME-GMS GP Prior Year EEs,PRC DELEGATED CO-COMMISSIONING,DR BURR & PARTNERS,22636218,"-3,243.27 ",,
Department of Health,NHS South Lincolnshire CCG,6/30/2018,C&M-GMS Global Sum,PRC DELEGATED CO-COMMISSIONING,DR BURR & PARTNERS,22636219,"84,405.30 ",,
Department of Health,NHS South Lincolnshire CCG,6/30/2018,C&M-GMS PCO Seniority,PRC DELEGATED CO-COMMISSIONING,DR BURR & PARTNERS,22636219,"2,445.69 ",,
Department of Health,NHS South Lincolnshire CCG,6/30/2018,C&M-GMS Prem Notional Rent,PRC DELEGATED CO-COMMISSIONING,DR BURR & PARTNERS,22636219,"7,786.88 ",,
Department of Health,NHS South Lincolnshire CCG,6/30/2018,C&M-GMS QOF Achievement,PRC DELEGATED CO-COMMISSIONING,DR BURR & PARTNERS,22636219,"47,575.55 ",,
Department of Health,NHS South Lincolnshire CCG,6/30/2018,C&M-GMS QOF Aspiration,PRC DELEGATED CO-COMMISSIONING,DR BURR & PARTNERS,22636219,"10,681.12 ",,
Department of Health,NHS South Lincolnshire CCG,6/30/2018,C&M-GMS Global Sum,PRC DELEGATED CO-COMMISSIONING,DR CORLETT & PARTNERS SPALDING,22636221,"118,894.86 ",,
Department of Health,NHS South Lincolnshire CCG,6/30/2018,C&M-GMS PCO Seniority,PRC DELEGATED CO-COMMISSIONING,DR CORLETT & PARTNERS SPALDING,22636221,"3,223.33 ",,
Department of Health,NHS South Lincolnshire CCG,6/30/2018,C&M-GMS Prem Rates,PRC DELEGATED CO-COMMISSIONING,DR CORLETT & PARTNERS SPALDING,22636221,"13,090.04 ",,
Department of Health,NHS South Lincolnshire CCG,6/30/2018,C&M-GMS QOF Achievement,PRC DELEGATED CO-COMMISSIONING,DR CORLETT & PARTNERS SPALDING,22636221,"79,878.76 ",,
Department of Health,NHS South Lincolnshire CCG,6/30/2018,C&M-GMS QOF Aspiration,PRC DELEGATED CO-COMMISSIONING,DR CORLETT & PARTNERS SPALDING,22636221,"14,464.49 ",,
Department of Health,NHS South Lincolnshire CCG,6/30/2018,C&M-GMS Global Sum,PRC DELEGATED CO-COMMISSIONING,DR HUGHES & PARTNERS SUTTERTON,22636223,"29,812.32 ",,
Department of Health,NHS South Lincolnshire CCG,6/30/2018,C&M-GMS PCO Seniority,PRC DELEGATED CO-COMMISSIONING,DR HUGHES & PARTNERS SUTTERTON,22636223,"1,230.08 ",,
Department of Health,NHS South Lincolnshire CCG,6/30/2018,C&M-GMS Prem Actual Rent,PRC DELEGATED CO-COMMISSIONING,DR HUGHES & PARTNERS SUTTERTON,22636223,"2,833.34 ",,
Department of Health,NHS South Lincolnshire CCG,6/30/2018,C&M-GMS QOF Achievement,PRC DELEGATED CO-COMMISSIONING,DR HUGHES & PARTNERS SUTTERTON,22636223,"13,825.47 ",,
Department of Health,NHS South Lincolnshire CCG,6/30/2018,C&M-GMS QOF Aspiration,PRC DELEGATED CO-COMMISSIONING,DR HUGHES & PARTNERS SUTTERTON,22636223,"3,367.01 ",,
Department of Health,NHS South Lincolnshire CCG,6/30/2018,C&M-PMS DES Learn Dsblty Hlth Chk,PRC DELEGATED CO-COMMISSIONING,DR LENNON & PARTNERS,22636224,840.00 ,,
Department of Health,NHS South Lincolnshire CCG,6/30/2018,C&M-PMS PCO Other,PRC DELEGATED CO-COMMISSIONING,DR LENNON & PARTNERS,22636224,"12,014.00 ",,
Department of Health,NHS South Lincolnshire CCG,6/30/2018,C&M-PMS Prem Water Rates,PRC DELEGATED CO-COMMISSIONING,DR LENNON & PARTNERS,22636224,462.36 ,,
Department of Health,NHS South Lincolnshire CCG,6/30/2018,C&M-PMS QOF Achievement,PRC DELEGATED CO-COMMISSIONING,DR LENNON & PARTNERS,22636224,"77,837.01 ",,
Department of Health,NHS South Lincolnshire CCG,6/30/2018,C&M-GMS Global Sum,PRC DELEGATED CO-COMMISSIONING,DR SYKES & PARTNERS,22636226,"53,369.49 ",,
Department of Health,NHS South Lincolnshire CCG,6/30/2018,C&M-GMS PCO Other,PRC DELEGATED CO-COMMISSIONING,DR SYKES & PARTNERS,22636226,"4,335.00 ",,
Department of Health,NHS South Lincolnshire CCG,6/30/2018,C&M-GMS PCO Seniority,PRC DELEGATED CO-COMMISSIONING,DR SYKES & PARTNERS,22636226,847.23 ,,
Department of Health,NHS South Lincolnshire CCG,6/30/2018,C&M-GMS Prem Notional Rent,PRC DELEGATED CO-COMMISSIONING,DR SYKES & PARTNERS,22636226,"3,316.67 ",,
Department of Health,NHS South Lincolnshire CCG,6/30/2018,C&M-GMS Prem Water Rates,PRC DELEGATED CO-COMMISSIONING,DR SYKES & PARTNERS,22636226,155.73 ,,
Department of Health,NHS South Lincolnshire CCG,6/30/2018,C&M-GMS QOF Achievement,PRC DELEGATED CO-COMMISSIONING,DR SYKES & PARTNERS,22636226,"15,961.30 ",,
Department of Health,NHS South Lincolnshire CCG,6/30/2018,C&M-GMS QOF Aspiration,PRC DELEGATED CO-COMMISSIONING,DR SYKES & PARTNERS,22636226,"5,410.04 ",,
Department of Health,NHS South Lincolnshire CCG,6/30/2018,C&M-GMS Global Sum,PRC DELEGATED CO-COMMISSIONING,DR THORPE & PARTNERS,22636227,"45,315.65 ",,
Department of Health,NHS South Lincolnshire CCG,6/30/2018,C&M-GMS PCO Seniority,PRC DELEGATED CO-COMMISSIONING,DR THORPE & PARTNERS,22636227,"3,362.96 ",,
Department of Health,NHS South Lincolnshire CCG,6/30/2018,C&M-GMS Prem Notional Rent,PRC DELEGATED CO-COMMISSIONING,DR THORPE & PARTNERS,22636227,"3,416.67 ",,
Department of Health,NHS South Lincolnshire CCG,6/30/2018,C&M-GMS QOF Achievement,PRC DELEGATED CO-COMMISSIONING,DR THORPE & PARTNERS,22636227,"20,250.21 ",,
Department of Health,NHS South Lincolnshire CCG,6/30/2018,C&M-GMS QOF Aspiration,PRC DELEGATED CO-COMMISSIONING,DR THORPE & PARTNERS,22636227,"5,376.41 ",,
Department of Health,NHS South Lincolnshire CCG,6/30/2018,C&M-GMS Global Sum,PRC DELEGATED CO-COMMISSIONING,GOSBERTON MEDICAL CENTRE,22636234,"57,390.57 ",,
Department of Health,NHS South Lincolnshire CCG,6/30/2018,C&M-GMS PCO Seniority,PRC DELEGATED CO-COMMISSIONING,GOSBERTON MEDICAL CENTRE,22636234,"1,656.58 ",,
Department of Health,NHS South Lincolnshire CCG,6/30/2018,C&M-GMS Prem Actual Rent,PRC DELEGATED CO-COMMISSIONING,GOSBERTON MEDICAL CENTRE,22636234,"30,795.00 ",,
Department of Health,NHS South Lincolnshire CCG,6/30/2018,C&M-GMS Prem Rates,PRC DELEGATED CO-COMMISSIONING,GOSBERTON MEDICAL CENTRE,22636234,"9,074.17 ",,
Department of Health,NHS South Lincolnshire CCG,6/30/2018,C&M-GMS QOF Achievement,PRC DELEGATED CO-COMMISSIONING,GOSBERTON MEDICAL CENTRE,22636234,"23,302.44 ",,
Department of Health,NHS South Lincolnshire CCG,6/30/2018,C&M-GMS QOF Aspiration,PRC DELEGATED CO-COMMISSIONING,GOSBERTON MEDICAL CENTRE,22636234,"6,680.58 ",,
Department of Health,NHS South Lincolnshire CCG,6/30/2018,C&M-GMS GP Statutory Levy,PRC DELEGATED CO-COMMISSIONING,LAKESIDE HEALTHCARE,22636236,"-1,093.91 ",,
Department of Health,NHS South Lincolnshire CCG,6/30/2018,C&M-GMS Voluntary Levy,PRC DELEGATED CO-COMMISSIONING,LAKESIDE HEALTHCARE,22636236,-154.92 ,,
Department of Health,NHS South Lincolnshire CCG,6/30/2018,ME - GMS TPS Added Years Adj EEs,PRC DELEGATED CO-COMMISSIONING,LAKESIDE HEALTHCARE,22636236,-770.81 ,,
Department of Health,NHS South Lincolnshire CCG,6/30/2018,ME-GMS GP Pension EEs,PRC DELEGATED CO-COMMISSIONING,LAKESIDE HEALTHCARE,22636236,"-19,326.99 ",,
Department of Health,NHS South Lincolnshire CCG,6/30/2018,ME-GMS GP Pension ERs Adjustments,PRC DELEGATED CO-COMMISSIONING,LAKESIDE HEALTHCARE,22636236,"-20,353.38 ",,
Department of Health,NHS South Lincolnshire CCG,6/30/2018,C&M-GMS DES Learn Dsblty Hlth Chk,PRC DELEGATED CO-COMMISSIONING,LAKESIDE HEALTHCARE,22636237,"2,240.00 ",,
Department of Health,NHS South Lincolnshire CCG,6/30/2018,C&M-GMS Global Sum,PRC DELEGATED CO-COMMISSIONING,LAKESIDE HEALTHCARE,22636237,"200,663.05 ",,
Department of Health,NHS South Lincolnshire CCG,6/30/2018,C&M-GMS MPIG Correction Factor,PRC DELEGATED CO-COMMISSIONING,LAKESIDE HEALTHCARE,22636237,"6,360.96 ",,
Department of Health,NHS South Lincolnshire CCG,6/30/2018,C&M-GMS PCO Seniority,PRC DELEGATED CO-COMMISSIONING,LAKESIDE HEALTHCARE,22636237,"10,144.94 ",,
Department of Health,NHS South Lincolnshire CCG,6/30/2018,C&M-GMS Prem Actual Rent,PRC DELEGATED CO-COMMISSIONING,LAKESIDE HEALTHCARE,22636237,"6,166.66 ",,
Department of Health,NHS South Lincolnshire CCG,6/30/2018,C&M-GMS Prem Notional Rent,PRC DELEGATED CO-COMMISSIONING,LAKESIDE HEALTHCARE,22636237,"12,383.67 ",,
Department of Health,NHS South Lincolnshire CCG,6/30/2018,C&M-GMS QOF Achievement,PRC DELEGATED CO-COMMISSIONING,LAKESIDE HEALTHCARE,22636237,"173,975.38 ",,
Department of Health,NHS South Lincolnshire CCG,6/30/2018,C&M-GMS QOF Aspiration,PRC DELEGATED CO-COMMISSIONING,LAKESIDE HEALTHCARE,22636237,"24,664.59 ",,
Department of Health,NHS South Lincolnshire CCG,6/30/2018,ME - GMS GP Prior Year ERs,PRC DELEGATED CO-COMMISSIONING,LAKESIDE HEALTHCARE,22636237,"2,724.07 ",,
Department of Health,NHS South Lincolnshire CCG,6/30/2018,ME-GMS GP Prior Year EEs,PRC DELEGATED CO-COMMISSIONING,LAKESIDE HEALTHCARE,22636237,"3,270.21 ",,
Department of Health,NHS South Lincolnshire CCG,6/30/2018,Income tax <1Yr,BALANCE SHEET,HMRC,22637144,"20,139.51 ",,
Department of Health,NHS South Lincolnshire CCG,6/30/2018,Income tax <1Yr-Student Loans,BALANCE SHEET,HMRC,22637144,329.00 ,,
Department of Health,NHS South Lincolnshire CCG,6/30/2018,National Insurance < 1 yr-NI- ERS,BALANCE SHEET,HMRC,22637144,"12,348.65 ",,
Department of Health,NHS South Lincolnshire CCG,6/30/2018,National Insurance < 1 yr-NI-EES,BALANCE SHEET,HMRC,22637144,"8,675.60 ",,
Department of Health,NHS South Lincolnshire CCG,6/30/2018,Hcare Srv Rec Fdtn Trust-Contract Baseline,ACUTE COMMISSIONING,QUEEN ELIZABETH HOSPITAL KINGS LYNN NHS FOUNDATION TRUST,22644129,"947,033.00 ",,
Department of Health,NHS South Lincolnshire CCG,6/30/2018,Clinical&Medical-Independent Sector,COMMUNITY SERVICES,ANGLIA COMMUNITY EYE SERVICE LTD,22644132,"49,692.70 ",,
Department of Health,NHS South Lincolnshire CCG,6/30/2018,C&M-PMS PCO Other,PRC DELEGATED CO-COMMISSIONING,DR RIGG & PARTNERS,22652941,"14,115.00 ",,
Department of Health,NHS South Lincolnshire CCG,6/30/2018,C&M-PMS QOF Achievement,PRC DELEGATED CO-COMMISSIONING,DR RIGG & PARTNERS,22652941,"81,102.49 ",,
Department of Health,NHS South Lincolnshire CCG,6/30/2018,Clinical&Medical-Othe Public Sector,CARERS,LINCOLNSHIRE COUNTY COUNCIL,22656754,"180,435.00 ",,
Department of Health,NHS South Lincolnshire CCG,6/30/2018,Clinical&Medical-Othe Public Sector,CHILD AND ADOLESCENT MENTAL HEALTH,LINCOLNSHIRE COUNTY COUNCIL,22656754,"115,041.00 ",,
Department of Health,NHS South Lincolnshire CCG,6/30/2018,Clinical&Medical-Othe Public Sector,COMMUNITY SERVICES,LINCOLNSHIRE COUNTY COUNCIL,22656754,"52,943.00 ",,
Department of Health,NHS South Lincolnshire CCG,6/30/2018,Clinical&Medical-Othe Public Sector,LEARNING DIFFICULTIES,LINCOLNSHIRE COUNTY COUNCIL,22656754,"326,727.00 ",,
Department of Health,NHS South Lincolnshire CCG,6/30/2018,Clinical&Medical-Independent Sector,HOSPICES,ST BARNABAS HOSPICE TRUST,22691650,"49,348.92 ",,
Department of Health,NHS South Lincolnshire CCG,6/30/2018,Cont Care-Physical Disab (<65),CHC ADULT FULLY FUNDED,ALLIED HEALTHCARE GROUP LTD,22691655,"25,054.74 ",,
Department of Health,NHS South Lincolnshire CCG,6/30/2018,Hcare Srv Rec NHS Trust-CQUIN,ACUTE COMMISSIONING,UNITED LINCOLNSHIRE HOSPITALS NHS TRUST,22691735,"23,384.83 ",,
Department of Health,NHS South Lincolnshire CCG,6/30/2018,Hcare Srv Rec NHS Trust-Contract Baseline,ACUTE COMMISSIONING,UNITED LINCOLNSHIRE HOSPITALS NHS TRUST,22691735,"1,972,988.95 ",,
Department of Health,NHS South Lincolnshire CCG,6/30/2018,Hcare Srv Rec NHS Trust-CQUIN,COMMUNITY SERVICES,LINCS COMMUNITY HEALTH SERVICES NHS TRUST,22708814,"94,939.15 ",,
Department of Health,NHS South Lincolnshire CCG,6/30/2018,Hcare Srv Rec Fdtn Trust-Prior Year,ACUTE COMMISSIONING,ROYAL PAPWORTH HOSPITAL NHS FOUNDATION TRUST,22708815,"83,075.84 ",,
Department of Health,NHS South Lincolnshire CCG,6/30/2018,Clinical&Medical-Independent Sector,OUT OF HOURS,DHU 111 (EAST MIDLANDS) CIC,22708828,"32,206.90 ",,
Department of Health,NHS South Lincolnshire CCG,6/30/2018,Clinical&Medical-Independent Sector,PATIENT TRANSPORT,THAMES AMBULANCE SERVICE LTD,22712966,"85,515.00 ",,
Department of Health,NHS South Lincolnshire CCG,6/30/2018,C&M-GMS Cost of Drugs -Dispensing,LOCAL ENHANCED SERVICES,GOSBERTON MEDICAL CENTRE,22719500,"-73,691.10 ",,
Department of Health,NHS South Lincolnshire CCG,6/30/2018,C&M-GMS PrscChrgsCll&RmttdbyGPCntra,PRC DELEGATED CO-COMMISSIONING,GOSBERTON MEDICAL CENTRE,22719500,"-3,312.40 ",,
Department of Health,NHS South Lincolnshire CCG,6/30/2018,C&M-GMS Cost of Drugs -Dispensing,LOCAL ENHANCED SERVICES,GOSBERTON MEDICAL CENTRE,22719501,"136,897.06 ",,
Department of Health,NHS South Lincolnshire CCG,6/30/2018,C&M-GMS Prof Fees Dispensing,PRC DELEGATED CO-COMMISSIONING,GOSBERTON MEDICAL CENTRE,22719501,"37,456.75 ",,
Department of Health,NHS South Lincolnshire CCG,6/30/2018,C&M-GMS PrscrptnChrgsColl&RmttdbyGP,LOCAL ENHANCED SERVICES,GOSBERTON MEDICAL CENTRE,22719501,"3,312.40 ",,
Department of Health,NHS South Lincolnshire CCG,6/30/2018,C&M-GMS Cost of Drugs -Dispensing,LOCAL ENHANCED SERVICES,LAKESIDE HEALTHCARE,22719502,"-89,334.00 ",,
Department of Health,NHS South Lincolnshire CCG,6/30/2018,C&M-GMS PrscChrgsCll&RmttdbyGPCntra,PRC DELEGATED CO-COMMISSIONING,LAKESIDE HEALTHCARE,22719502,"-6,026.40 ",,
Department of Health,NHS South Lincolnshire CCG,6/30/2018,C&M-GMS Cost of Drugs -Dispensing,LOCAL ENHANCED SERVICES,LAKESIDE HEALTHCARE,22719503,"176,705.25 ",,
Department of Health,NHS South Lincolnshire CCG,6/30/2018,C&M-GMS Prof Fees Dispensing,PRC DELEGATED CO-COMMISSIONING,LAKESIDE HEALTHCARE,22719503,"31,556.71 ",,
Department of Health,NHS South Lincolnshire CCG,6/30/2018,C&M-GMS PrscrptnChrgsColl&RmttdbyGP,LOCAL ENHANCED SERVICES,LAKESIDE HEALTHCARE,22719503,"6,026.40 ",,
Department of Health,NHS South Lincolnshire CCG,6/30/2018,Cont Care-Physical Disab (65+),CHC AD FULL FUND PERS HLTH BUD,PERS HLTH BUD99D,22719820,"25,737.13 ",,
Department of Health,NHS South Lincolnshire CCG,6/30/2018,C&M-GMS Cost of Drugs -Dispensing,LOCAL ENHANCED SERVICES,DR ABHIJIT BANERJEE,22723395,"41,533.39 ",,
Department of Health,NHS South Lincolnshire CCG,6/30/2018,C&M-GMS Prof Fees Dispensing,PRC DELEGATED CO-COMMISSIONING,DR ABHIJIT BANERJEE,22723395,"8,782.19 ",,
Department of Health,NHS South Lincolnshire CCG,6/30/2018,C&M-GMS PrscrptnChrgsColl&RmttdbyGP,LOCAL ENHANCED SERVICES,DR ABHIJIT BANERJEE,22723395,"1,490.20 ",,
Department of Health,NHS South Lincolnshire CCG,6/30/2018,C&M-GMS Cost of Drugs -Dispensing,LOCAL ENHANCED SERVICES,DR BEVERIDGE & PARTNERS,22723398,"-44,630.60 ",,
Department of Health,NHS South Lincolnshire CCG,6/30/2018,C&M-GMS PrscChrgsCll&RmttdbyGPCntra,PRC DELEGATED CO-COMMISSIONING,DR BEVERIDGE & PARTNERS,22723398,"-2,178.20 ",,
Department of Health,NHS South Lincolnshire CCG,6/30/2018,C&M-GMS Cost of Drugs -Dispensing,LOCAL ENHANCED SERVICES,DR BEVERIDGE & PARTNERS,22723399,"81,841.58 ",,
Department of Health,NHS South Lincolnshire CCG,6/30/2018,C&M-GMS Prof Fees Dispensing,PRC DELEGATED CO-COMMISSIONING,DR BEVERIDGE & PARTNERS,22723399,"16,280.50 ",,
Department of Health,NHS South Lincolnshire CCG,6/30/2018,C&M-GMS PrscrptnChrgsColl&RmttdbyGP,LOCAL ENHANCED SERVICES,DR BEVERIDGE & PARTNERS,22723399,"2,178.20 ",,
Department of Health,NHS South Lincolnshire CCG,6/30/2018,C&M-GMS Cost of Drugs -Dispensing,LOCAL ENHANCED SERVICES,DR BOOTH & PARTNERS,22723400,"-86,287.68 ",,
Department of Health,NHS South Lincolnshire CCG,6/30/2018,C&M-GMS PrscChrgsCll&RmttdbyGPCntra,PRC DELEGATED CO-COMMISSIONING,DR BOOTH & PARTNERS,22723400,"-4,171.00 ",,
Department of Health,NHS South Lincolnshire CCG,6/30/2018,C&M-GMS Cost of Drugs -Dispensing,LOCAL ENHANCED SERVICES,DR BOOTH & PARTNERS,22723401,"164,163.87 ",,
Department of Health,NHS South Lincolnshire CCG,6/30/2018,C&M-GMS Prof Fees Dispensing,PRC DELEGATED CO-COMMISSIONING,DR BOOTH & PARTNERS,22723401,"30,151.32 ",,
Department of Health,NHS South Lincolnshire CCG,6/30/2018,C&M-GMS PrscrptnChrgsColl&RmttdbyGP,LOCAL ENHANCED SERVICES,DR BOOTH & PARTNERS,22723401,"4,171.00 ",,
Department of Health,NHS South Lincolnshire CCG,6/30/2018,C&M-GMS Cost of Drugs -Dispensing,LOCAL ENHANCED SERVICES,DR BURR & PARTNERS,22723402,"-51,039.70 ",,
Department of Health,NHS South Lincolnshire CCG,6/30/2018,C&M-GMS PrscChrgsCll&RmttdbyGPCntra,PRC DELEGATED CO-COMMISSIONING,DR BURR & PARTNERS,22723402,"-3,329.80 ",,
Department of Health,NHS South Lincolnshire CCG,6/30/2018,C&M-GMS Cost of Drugs -Dispensing,LOCAL ENHANCED SERVICES,DR BURR & PARTNERS,22723403,"81,037.38 ",,
Department of Health,NHS South Lincolnshire CCG,6/30/2018,C&M-GMS Prof Fees Dispensing,PRC DELEGATED CO-COMMISSIONING,DR BURR & PARTNERS,22723403,"19,175.37 ",,
Department of Health,NHS South Lincolnshire CCG,6/30/2018,C&M-GMS PrscrptnChrgsColl&RmttdbyGP,LOCAL ENHANCED SERVICES,DR BURR & PARTNERS,22723403,"3,329.80 ",,
Department of Health,NHS South Lincolnshire CCG,6/30/2018,C&M-GMS Cost of Drugs -Dispensing,LOCAL ENHANCED SERVICES,DR CORLETT & PARTNERS SPALDING,22723404,"-45,002.72 ",,
Department of Health,NHS South Lincolnshire CCG,6/30/2018,C&M-GMS PrscChrgsCll&RmttdbyGPCntra,PRC DELEGATED CO-COMMISSIONING,DR CORLETT & PARTNERS SPALDING,22723404,"-1,273.60 ",,
Department of Health,NHS South Lincolnshire CCG,43281,C&M-GMS Cost of Drugs -Dispensing,LOCAL ENHANCED SERVICES,DR CORLETT & PARTNERS SPALDING,22723405,"73,191.19 ",,
Department of Health,NHS South Lincolnshire CCG,43281,C&M-GMS Prof Fees Dispensing,PRC DELEGATED CO-COMMISSIONING,DR CORLETT & PARTNERS SPALDING,22723405,"16,275.16 ",,
Department of Health,NHS South Lincolnshire CCG,43281,C&M-GMS PrscrptnChrgsColl&RmttdbyGP,LOCAL ENHANCED SERVICES,DR CORLETT & PARTNERS SPALDING,22723405,"1,273.60 ",,
Department of Health,NHS South Lincolnshire CCG,43281,C&M-GMS Cost of Drugs -Dispensing,LOCAL ENHANCED SERVICES,DR HUGHES & PARTNERS SUTTERTON,22723406,"-43,389.66 ",,
Department of Health,NHS South Lincolnshire CCG,43281,C&M-GMS PrscChrgsCll&RmttdbyGPCntra,PRC DELEGATED CO-COMMISSIONING,DR HUGHES & PARTNERS SUTTERTON,22723406,"-1,610.40 ",,
Department of Health,NHS South Lincolnshire CCG,43281,C&M-GMS Cost of Drugs -Dispensing,LOCAL ENHANCED SERVICES,DR HUGHES & PARTNERS SUTTERTON,22723407,"89,024.53 ",,
Department of Health,NHS South Lincolnshire CCG,43281,C&M-GMS Prof Fees Dispensing,PRC DELEGATED CO-COMMISSIONING,DR HUGHES & PARTNERS SUTTERTON,22723407,"15,162.98 ",,
Department of Health,NHS South Lincolnshire CCG,43281,C&M-GMS PrscrptnChrgsColl&RmttdbyGP,LOCAL ENHANCED SERVICES,DR HUGHES & PARTNERS SUTTERTON,22723407,"1,610.40 ",,
Department of Health,NHS South Lincolnshire CCG,43281,C&M-PMS Cost of Drugs -Dispensing,LOCAL ENHANCED SERVICES,DR LENNON & PARTNERS,22723408,"-33,037.74 ",,
Department of Health,NHS South Lincolnshire CCG,43281,C&M-PMS Prsc Chrgs Cll&Rmttd by GPs,PRC DELEGATED CO-COMMISSIONING,DR LENNON & PARTNERS,22723408,"-1,616.80 ",,
Department of Health,NHS South Lincolnshire CCG,43281,C&M-PMS Cost of Drugs -Dispensing,LOCAL ENHANCED SERVICES,DR LENNON & PARTNERS,22723409,"68,570.42 ",,
Department of Health,NHS South Lincolnshire CCG,43281,C&M-PMS Prof fees Dispensing,PRC DELEGATED CO-COMMISSIONING,DR LENNON & PARTNERS,22723409,"9,438.08 ",,
Department of Health,NHS South Lincolnshire CCG,43281,C&M-PMS Prsc Chrgs Cll&Rmttd by GPs,LOCAL ENHANCED SERVICES,DR LENNON & PARTNERS,22723409,"1,616.80 ",,
Department of Health,NHS South Lincolnshire CCG,43281,C&M-PMS Cost of Drugs -Dispensing,LOCAL ENHANCED SERVICES,DR RIGG & PARTNERS,22723410,"-76,548.80 ",,
Department of Health,NHS South Lincolnshire CCG,43281,C&M-PMS Prsc Chrgs Cll&Rmttd by GPs,PRC DELEGATED CO-COMMISSIONING,DR RIGG & PARTNERS,22723410,"-3,995.20 ",,
Department of Health,NHS South Lincolnshire CCG,43281,C&M-PMS Cost of Drugs -Dispensing,LOCAL ENHANCED SERVICES,DR RIGG & PARTNERS,22723411,"156,174.88 ",,
Department of Health,NHS South Lincolnshire CCG,43281,C&M-PMS Prof fees Dispensing,PRC DELEGATED CO-COMMISSIONING,DR RIGG & PARTNERS,22723411,"27,532.44 ",,
Department of Health,NHS South Lincolnshire CCG,43281,C&M-PMS Prsc Chrgs Cll&Rmttd by GPs,LOCAL ENHANCED SERVICES,DR RIGG & PARTNERS,22723411,"3,995.20 ",,
Department of Health,NHS South Lincolnshire CCG,43281,C&M-GMS Cost of Drugs -Dispensing,LOCAL ENHANCED SERVICES,DR SYKES & PARTNERS,22723412,"-27,828.74 ",,
Department of Health,NHS South Lincolnshire CCG,43281,C&M-GMS PrscChrgsCll&RmttdbyGPCntra,PRC DELEGATED CO-COMMISSIONING,DR SYKES & PARTNERS,22723412,"-1,194.00 ",,
Department of Health,NHS South Lincolnshire CCG,43281,C&M-GMS Cost of Drugs -Dispensing,LOCAL ENHANCED SERVICES,DR SYKES & PARTNERS,22723413,"57,939.33 ",,
Department of Health,NHS South Lincolnshire CCG,43281,C&M-GMS Prof Fees Dispensing,PRC DELEGATED CO-COMMISSIONING,DR SYKES & PARTNERS,22723413,"9,190.73 ",,
Department of Health,NHS South Lincolnshire CCG,43281,C&M-GMS PrscrptnChrgsColl&RmttdbyGP,LOCAL ENHANCED SERVICES,DR SYKES & PARTNERS,22723413,"1,194.00 ",,
Department of Health,NHS South Lincolnshire CCG,43281,C&M-GMS Cost of Drugs -Dispensing,LOCAL ENHANCED SERVICES,DR THORPE & PARTNERS,22723414,"-76,628.52 ",,
Department of Health,NHS South Lincolnshire CCG,43281,C&M-GMS PrscChrgsCll&RmttdbyGPCntra,PRC DELEGATED CO-COMMISSIONING,DR THORPE & PARTNERS,22723414,"-4,136.20 ",,
Department of Health,NHS South Lincolnshire CCG,43281,C&M-GMS Cost of Drugs -Dispensing,LOCAL ENHANCED SERVICES,DR THORPE & PARTNERS,22723415,"146,928.39 ",,
Department of Health,NHS South Lincolnshire CCG,43281,C&M-GMS Prof Fees Dispensing,PRC DELEGATED CO-COMMISSIONING,DR THORPE & PARTNERS,22723415,"28,653.88 ",,
Department of Health,NHS South Lincolnshire CCG,43281,C&M-GMS PrscrptnChrgsColl&RmttdbyGP,LOCAL ENHANCED SERVICES,DR THORPE & PARTNERS,22723415,"4,136.20 ",,
Department of Health,NHS South Lincolnshire CCG,43281,Clinical&Medical-Othe Public Sector,LEARNING DIFFICULTIES,LINCOLNSHIRE COUNTY COUNCIL,22761943,"101,424.00 ",,
Department of Health,NHS South Lincolnshire CCG,43281,Clinical&Medical-Independent Sector,MENTAL HEALTH SERVICES - ADULTS,PARTNERSHIPS IN CARE LTD,22789435,"25,338.47 ",,
Department of Health,NHS South Lincolnshire CCG,43281,Clinical&Medical-Independent Sector,MENTAL HEALTH SERVICES - ADULTS,PRIORY CLINIC NOTTINGHAM,22789488,"31,255.00 ",,
Department of Health,NHS South Lincolnshire CCG,43281,Hcare Srv Rec NHS Trust-Contract Baseline,ACUTE COMMISSIONING,UNIVERSITY HOSPITALS OF LEICESTER NHS TRUST,22789838,"98,593.00 ",,
Department of Health,NHS South Lincolnshire CCG,43281,Clinical&Medical-Independent Sector,ACUTE COMMISSIONING,FITZWILLIAM HOSPITAL,22789861,"-71,458.30 ",,
Department of Health,NHS South Lincolnshire CCG,43281,Hcare Srv Rec Fdtn Trust-CQUIN,ACUTE COMMISSIONING,NORTHERN LINCOLNSHIRE AND GOOLE HOSPITALS NHS FOUNDATION TRUST,22789907,"1,391.00 ",,
Department of Health,NHS South Lincolnshire CCG,43281,Hcare Srv Rec Fdtn Trust-Contract Baseline,ACUTE COMMISSIONING,NORTHERN LINCOLNSHIRE AND GOOLE HOSPITALS NHS FOUNDATION TRUST,22789907,"111,608.00 ",,
Department of Health,NHS South Lincolnshire CCG,43281,Clinical&Medical-Independent Sector - Prior Year,LEARNING DIFFICULTIES,BLACK SWAN INTERNATIONAL LTD,22823171,"27,340.69 ",,
Department of Health,NHS South Lincolnshire CCG,43281,Hcare Srv Rec Fdtn Trust-Non Contract,NCAS/OATS,NORFOLK & NORWICH UNIVERSITY HOSPITALS NHS FOUNDATION TRUST,22823349,"26,290.00 ",,
Department of Health,NHS South Lincolnshire CCG,43281,Hcare Srv Rec Fdtn Trust-CQUIN,ACUTE COMMISSIONING,CAMBRIDGE UNIVERSITY HOSPITALS NHS FOUNDATION TRUST,22846017,"2,442.75 ",,
Department of Health,NHS South Lincolnshire CCG,43281,Hcare Srv Rec Fdtn Trust-Contract Baseline,ACUTE COMMISSIONING,CAMBRIDGE UNIVERSITY HOSPITALS NHS FOUNDATION TRUST,22846017,"196,324.92 ",,
Department of Health,NHS South Lincolnshire CCG,43281,Chrgs from SLA,COMMUNICATIONS & PR,OPTUM HEALTH SOLUTIONS (UK) LTD,22846038,"10,083.60 ",,
Department of Health,NHS South Lincolnshire CCG,43281,Chrgs from SLA,CONTRACT MANAGEMENT,OPTUM HEALTH SOLUTIONS (UK) LTD,22846038,"25,544.40 ",,
Department of Health,NHS South Lincolnshire CCG,43281,Chrgs from SLA,CORPORATE GOVERNANCE,OPTUM HEALTH SOLUTIONS (UK) LTD,22846038,"4,272.00 ",,
Department of Health,NHS South Lincolnshire CCG,43281,Chrgs from SLA,FINANCE,OPTUM HEALTH SOLUTIONS (UK) LTD,22846038,"8,199.60 ",,
Department of Health,NHS South Lincolnshire CCG,43281,Chrgs from SLA,HUMAN RESOURCES,OPTUM HEALTH SOLUTIONS (UK) LTD,22846038,"7,054.80 ",,
Department of Health,NHS South Lincolnshire CCG,43281,Chrgs from SLA,IM&T,OPTUM HEALTH SOLUTIONS (UK) LTD,22846038,"57,309.60 ",,
Department of Health,NHS South Lincolnshire CCG,43281,Chrgs from SLA,PRIMARY CARE IT,OPTUM HEALTH SOLUTIONS (UK) LTD,22846038,"41,400.26 ",,
Department of Health,NHS South Lincolnshire CCG,43281,Clinical&Medical-Independent Sector,PATIENT TRANSPORT,THAMES AMBULANCE SERVICE LTD,22847453,"85,515.00 ",,
Department of Health,NHS South Lincolnshire CCG,43281,Hcare Srv Rec Fdtn Trust-CQUIN,ACUTE COMMISSIONING,NORTH WEST ANGLIA NHS FOUNDATION TRUST,22853202,"56,186.21 ",,
Department of Health,NHS South Lincolnshire CCG,43281,Hcare Srv Rec Fdtn Trust-Contract Baseline,ACUTE COMMISSIONING,NORTH WEST ANGLIA NHS FOUNDATION TRUST,22853202,"4,735,351.83 ",,
