Department family,Entity,Date,Expense Type,Expense area,Supplier,Transaction number,AP Amount (�),
Department of Health,NHS South Lincolnshire CCG,8/31/2018,C&M-PMS Baseline Adjustment,PRC DELEGATED CO-COMMISSIONING,DR LENNON & PARTNERS,23339203," 137,897.45 ",
Department of Health,NHS South Lincolnshire CCG,8/31/2018,C&M-PMS DES Minor Surgery,PRC DELEGATED CO-COMMISSIONING,DR LENNON & PARTNERS,23339203,"12,650.12 ",
Department of Health,NHS South Lincolnshire CCG,8/31/2018,C&M-PMS Prem Notional Rent,PRC DELEGATED CO-COMMISSIONING,DR LENNON & PARTNERS,23339203,"16,227.37 ",
Department of Health,NHS South Lincolnshire CCG,8/31/2018,C&M-PMS QOF Aspiration,PRC DELEGATED CO-COMMISSIONING,DR LENNON & PARTNERS,23339203,"18,397.48 ",
Department of Health,NHS South Lincolnshire CCG,8/31/2018,C&M-PMS GP Statutory Levy,PRC DELEGATED CO-COMMISSIONING,DR RIGG & PARTNERS,23339204,-836.33 ,
Department of Health,NHS South Lincolnshire CCG,8/31/2018,C&M-PMS Voluntary Levy,PRC DELEGATED CO-COMMISSIONING,DR RIGG & PARTNERS,23339204,-99.56 ,
Department of Health,NHS South Lincolnshire CCG,8/31/2018,ME-PMS GP Pension EEs-PMS,PRC DELEGATED CO-COMMISSIONING,DR RIGG & PARTNERS,23339204,"-15,206.37 ",
Department of Health,NHS South Lincolnshire CCG,8/31/2018,ME-PMS GP Pension ERs Adjs - PMS,PRC DELEGATED CO-COMMISSIONING,DR RIGG & PARTNERS,23339204,"-15,464.83 ",
Department of Health,NHS South Lincolnshire CCG,8/31/2018,C&M-PMS Baseline Adjustment,PRC DELEGATED CO-COMMISSIONING,DR RIGG & PARTNERS,23339205,"165,632.33 ",
Department of Health,NHS South Lincolnshire CCG,8/31/2018,C&M-PMS DES Minor Surgery,PRC DELEGATED CO-COMMISSIONING,DR RIGG & PARTNERS,23339205,"13,121.22 ",
Department of Health,NHS South Lincolnshire CCG,8/31/2018,C&M-PMS Prem Notional Rent,PRC DELEGATED CO-COMMISSIONING,DR RIGG & PARTNERS,23339205,"27,149.80 ",
Department of Health,NHS South Lincolnshire CCG,8/31/2018,C&M-PMS QOF Aspiration,PRC DELEGATED CO-COMMISSIONING,DR RIGG & PARTNERS,23339205,"21,003.02 ",
Department of Health,NHS South Lincolnshire CCG,8/31/2018,Clinical&Medical-Independent Sector,ACUTE COMMISSIONING,FITZWILLIAM HOSPITAL,23345872,"491,385.11 ",
Department of Health,NHS South Lincolnshire CCG,8/31/2018,Clinical&Medical-Independent Sector,ACUTE COMMISSIONING,BOSTON WEST HOSPITAL,23345896,"38,668.71 ",
Department of Health,NHS South Lincolnshire CCG,8/31/2018,Clinical&Medical-Independent Sector,WHEELCHAIR SERVICE,MILLBROOK HEALTHCARE LTD,23345905,"27,261.73 ",
Department of Health,NHS South Lincolnshire CCG,8/31/2018,Clinical&Medical-Independent Sector,WHEELCHAIR SERVICE,MILLBROOK HEALTHCARE LTD,23345907,"31,809.98 ",
Department of Health,NHS South Lincolnshire CCG,8/31/2018,Clinical&Medical-Independent Sector,HOSPICES,ST BARNABAS HOSPICE TRUST,23345932,"49,348.92 ",
Department of Health,NHS South Lincolnshire CCG,8/31/2018,Hcare Srv Rec NHS Trust-CQUIN,AMBULANCE SERVICES,EAST MIDLANDS AMBULANCE SERVICE NHS TRUST,23345946,"4,514.00 ",
Department of Health,NHS South Lincolnshire CCG,8/31/2018,Hcare Srv Rec NHS Trust-Contract Baseline,AMBULANCE SERVICES,EAST MIDLANDS AMBULANCE SERVICE NHS TRUST,23345946,"361,104.00 ",
Department of Health,NHS South Lincolnshire CCG,8/31/2018,Hcare Srv Rec Fdtn Trust-Contract Baseline,ACUTE COMMISSIONING,ROYAL PAPWORTH HOSPITAL NHS FOUNDATION TRUST,23345951,"86,344.00 ",
Department of Health,NHS South Lincolnshire CCG,8/31/2018,Charges from CSU,CONTINUING HEALTHCARE ASSESSMENT & SUPPORT,NHS ARDEN AND GEM CSU,23345956,"30,384.00 ",
Department of Health,NHS South Lincolnshire CCG,8/31/2018,Charges from CSU,CONTRACT MANAGEMENT,NHS ARDEN AND GEM CSU,23345956,"2,259.83 ",
Department of Health,NHS South Lincolnshire CCG,8/31/2018,Clinical&Medical-Independent Sector,ACUTE COMMISSIONING,ORTHOPAEDICS & SPINE SPECIALIST HOSPITAL,23364039,"41,365.00 ",
Department of Health,NHS South Lincolnshire CCG,8/31/2018,Clinical&Medical-Clinical Other,LOCAL ENHANCED SERVICES,ALLIED HEALTH SOUTH LINCOLNSHIRE LTD,23386777,"200,184.00 ",
Department of Health,NHS South Lincolnshire CCG,8/31/2018,Clinical&Medical-Clinical Other,LOCAL ENHANCED SERVICES,ALLIED HEALTH SOUTH LINCOLNSHIRE LTD,23386788,"67,184.00 ",
Department of Health,NHS South Lincolnshire CCG,8/31/2018,Hcare Srv Rec Fdtn Trust-CQUIN,ACUTE COMMISSIONING,NORTH WEST ANGLIA NHS FOUNDATION TRUST,23386979,"56,186.21 ",
Department of Health,NHS South Lincolnshire CCG,8/31/2018,Hcare Srv Rec Fdtn Trust-Contract Baseline,ACUTE COMMISSIONING,NORTH WEST ANGLIA NHS FOUNDATION TRUST,23386979,"4,735,351.83 ",
Department of Health,NHS South Lincolnshire CCG,8/31/2018,Clinical&Medical-Independent Sector,LOCAL ENHANCED SERVICES,ALLIED HEALTH SOUTH LINCOLNSHIRE LTD,23388027,"125,000.00 ",
Department of Health,NHS South Lincolnshire CCG,8/31/2018,Hcare Srv Rec NHS Trust-Contract Baseline,COMMUNITY SERVICES,LINCS COMMUNITY HEALTH SERVICES NHS TRUST,23388256,"1,163,930.88 ",
Department of Health,NHS South Lincolnshire CCG,8/31/2018,Hcare Srv Rec Fdtn Trust-Contract Baseline,MENTAL HEALTH CONTRACTS,LINCOLNSHIRE PARTNERSHIP NHS FOUNDATION TRUST,23388286,"827,900.32 ",
Department of Health,NHS South Lincolnshire CCG,8/31/2018,Chrgs from SLA,COMMUNICATIONS & PR,OPTUM HEALTH SOLUTIONS (UK) LTD,23411638,"10,083.60 ",
Department of Health,NHS South Lincolnshire CCG,8/31/2018,Chrgs from SLA,CONTRACT MANAGEMENT,OPTUM HEALTH SOLUTIONS (UK) LTD,23411638,"25,544.40 ",
Department of Health,NHS South Lincolnshire CCG,8/31/2018,Chrgs from SLA,CORPORATE GOVERNANCE,OPTUM HEALTH SOLUTIONS (UK) LTD,23411638,"4,272.00 ",
Department of Health,NHS South Lincolnshire CCG,8/31/2018,Chrgs from SLA,FINANCE,OPTUM HEALTH SOLUTIONS (UK) LTD,23411638,"8,199.60 ",
Department of Health,NHS South Lincolnshire CCG,8/31/2018,Chrgs from SLA,HUMAN RESOURCES,OPTUM HEALTH SOLUTIONS (UK) LTD,23411638,"7,054.80 ",
Department of Health,NHS South Lincolnshire CCG,8/31/2018,Chrgs from SLA,IM&T,OPTUM HEALTH SOLUTIONS (UK) LTD,23411638,"57,309.60 ",
Department of Health,NHS South Lincolnshire CCG,8/31/2018,Chrgs from SLA,PRIMARY CARE IT,OPTUM HEALTH SOLUTIONS (UK) LTD,23411638,"41,400.26 ",
Department of Health,NHS South Lincolnshire CCG,8/31/2018,Hcare Srv Rec NHS Trust-Non Contract,ACUTE COMMISSIONING,UNITED LINCOLNSHIRE HOSPITALS NHS TRUST,23436032,"45,837.03 ",
Department of Health,NHS South Lincolnshire CCG,8/31/2018,Clinical&Medical-Independent Sector,OUT OF HOURS,DHU 111 (EAST MIDLANDS) CIC,23436064,"47,432.63 ",
Department of Health,NHS South Lincolnshire CCG,8/31/2018,Hcare Srv Rec Fdtn Trust-Contract Baseline,COMMUNITY SERVICES,CAMBRIDGESHIRE & PETERBOROUGH NHS FOUNDATION TRUST,23436164,"30,044.00 ",
Department of Health,NHS South Lincolnshire CCG,8/31/2018,Hcare Srv Rec Fdtn Trust-Contract Baseline,MENTAL HEALTH CONTRACTS,CAMBRIDGESHIRE & PETERBOROUGH NHS FOUNDATION TRUST,23436166,"46,082.67 ",
Department of Health,NHS South Lincolnshire CCG,8/31/2018,Clinical&Medical-Independent Sector,OUT OF HOURS,DHU 111 (EAST MIDLANDS) CIC,23436195,"-47,432.63 ",
Department of Health,NHS South Lincolnshire CCG,8/31/2018,Hcare Srv Rec NHS Trust-Contract Baseline,ACUTE COMMISSIONING,NOTTINGHAM UNIVERSITY HOSPITALS NHS TRUST,23436413,"145,390.00 ",
Department of Health,NHS South Lincolnshire CCG,8/31/2018,C&M-GMS Global Sum,PRC DELEGATED CO-COMMISSIONING,DR ABHIJIT BANERJEE,23474776,"55,085.53 ",
Department of Health,NHS South Lincolnshire CCG,8/31/2018,C&M-GMS MPIG Correction Factor,PRC DELEGATED CO-COMMISSIONING,DR ABHIJIT BANERJEE,23474776,"1,737.33 ",
Department of Health,NHS South Lincolnshire CCG,8/31/2018,C&M-GMS PCO Other,PRC DELEGATED CO-COMMISSIONING,DR ABHIJIT BANERJEE,23474776,"4,742.00 ",
Department of Health,NHS South Lincolnshire CCG,8/31/2018,C&M-GMS Prem Healthcentre Rent,PRC DELEGATED CO-COMMISSIONING,DR ABHIJIT BANERJEE,23474776,"6,125.00 ",
Department of Health,NHS South Lincolnshire CCG,8/31/2018,C&M-GMS QOF Aspiration,PRC DELEGATED CO-COMMISSIONING,DR ABHIJIT BANERJEE,23474776,"5,902.10 ",
Department of Health,NHS South Lincolnshire CCG,8/31/2018,C&M-GMS Global Sum,PRC DELEGATED CO-COMMISSIONING,DR A NATHU,23474778,"19,799.98 ",
Department of Health,NHS South Lincolnshire CCG,8/31/2018,C&M-GMS MPIG Correction Factor,PRC DELEGATED CO-COMMISSIONING,DR A NATHU,23474778,"1,934.51 ",
Department of Health,NHS South Lincolnshire CCG,8/31/2018,C&M-GMS Prem Notional Rent,PRC DELEGATED CO-COMMISSIONING,DR A NATHU,23474778,"4,416.67 ",
Department of Health,NHS South Lincolnshire CCG,8/31/2018,C&M-GMS QOF Aspiration,PRC DELEGATED CO-COMMISSIONING,DR A NATHU,23474778,"3,005.70 ",
Department of Health,NHS South Lincolnshire CCG,8/31/2018,C&M-GMS DES Learn Dsblty Hlth Chk,PRC DELEGATED CO-COMMISSIONING,DR BEVERIDGE & PARTNERS,23474780,116.00 ,
Department of Health,NHS South Lincolnshire CCG,8/31/2018,C&M-GMS Global Sum,PRC DELEGATED CO-COMMISSIONING,DR BEVERIDGE & PARTNERS,23474780,"91,106.35 ",
Department of Health,NHS South Lincolnshire CCG,8/31/2018,C&M-GMS Prem Actual Rent,PRC DELEGATED CO-COMMISSIONING,DR BEVERIDGE & PARTNERS,23474780,"50,181.17 ",
Department of Health,NHS South Lincolnshire CCG,8/31/2018,C&M-GMS QOF Aspiration,PRC DELEGATED CO-COMMISSIONING,DR BEVERIDGE & PARTNERS,23474780,"11,797.47 ",
Department of Health,NHS South Lincolnshire CCG,8/31/2018,C&M-GMS Global Sum,PRC DELEGATED CO-COMMISSIONING,DR BOOTH & PARTNERS,23474782,"139,044.11 ",
Department of Health,NHS South Lincolnshire CCG,8/31/2018,C&M-GMS QOF Aspiration,PRC DELEGATED CO-COMMISSIONING,DR BOOTH & PARTNERS,23474782,"15,558.96 ",
Department of Health,NHS South Lincolnshire CCG,8/31/2018,C&M-GMS Global Sum,PRC DELEGATED CO-COMMISSIONING,DR BURR & PARTNERS,23474784,"84,617.51 ",
Department of Health,NHS South Lincolnshire CCG,8/31/2018,C&M-GMS Prem Notional Rent,PRC DELEGATED CO-COMMISSIONING,DR BURR & PARTNERS,23474784,"7,786.88 ",
Department of Health,NHS South Lincolnshire CCG,8/31/2018,C&M-GMS QOF Aspiration,PRC DELEGATED CO-COMMISSIONING,DR BURR & PARTNERS,23474784,"10,681.12 ",
Department of Health,NHS South Lincolnshire CCG,8/31/2018,C&M-GMS Global Sum,PRC DELEGATED CO-COMMISSIONING,DR HUGHES & PARTNERS SUTTERTON,23474787,"29,731.37 ",
Department of Health,NHS South Lincolnshire CCG,8/31/2018,C&M-GMS Prem Actual Rent,PRC DELEGATED CO-COMMISSIONING,DR HUGHES & PARTNERS SUTTERTON,23474787,"2,833.34 ",
Department of Health,NHS South Lincolnshire CCG,8/31/2018,C&M-GMS QOF Aspiration,PRC DELEGATED CO-COMMISSIONING,DR HUGHES & PARTNERS SUTTERTON,23474787,"3,367.01 ",
Department of Health,NHS South Lincolnshire CCG,8/31/2018,C&M-GMS Global Sum,PRC DELEGATED CO-COMMISSIONING,DR SYKES & PARTNERS,23474790,"53,623.38 ",
Department of Health,NHS South Lincolnshire CCG,8/31/2018,C&M-GMS Prem Notional Rent,PRC DELEGATED CO-COMMISSIONING,DR SYKES & PARTNERS,23474790,"3,316.67 ",
Department of Health,NHS South Lincolnshire CCG,8/31/2018,C&M-GMS QOF Aspiration,PRC DELEGATED CO-COMMISSIONING,DR SYKES & PARTNERS,23474790,"5,410.04 ",
Department of Health,NHS South Lincolnshire CCG,8/31/2018,C&M-GMS Global Sum,PRC DELEGATED CO-COMMISSIONING,DR THORPE & PARTNERS,23474792,"45,475.53 ",
Department of Health,NHS South Lincolnshire CCG,8/31/2018,C&M-GMS Prem Notional Rent,PRC DELEGATED CO-COMMISSIONING,DR THORPE & PARTNERS,23474792,"3,416.67 ",
Department of Health,NHS South Lincolnshire CCG,8/31/2018,C&M-GMS QOF Aspiration,PRC DELEGATED CO-COMMISSIONING,DR THORPE & PARTNERS,23474792,"5,376.41 ",
Department of Health,NHS South Lincolnshire CCG,8/31/2018,C&M-GMS DES Learn Dsblty Hlth Chk,PRC DELEGATED CO-COMMISSIONING,GOSBERTON MEDICAL CENTRE,23474797,280.00 ,
Department of Health,NHS South Lincolnshire CCG,8/31/2018,C&M-GMS Global Sum,PRC DELEGATED CO-COMMISSIONING,GOSBERTON MEDICAL CENTRE,23474797,"57,171.36 ",
Department of Health,NHS South Lincolnshire CCG,8/31/2018,C&M-GMS QOF Aspiration,PRC DELEGATED CO-COMMISSIONING,GOSBERTON MEDICAL CENTRE,23474797,"6,680.58 ",
Department of Health,NHS South Lincolnshire CCG,8/31/2018,C&M-GMS GP Statutory Levy,PRC DELEGATED CO-COMMISSIONING,LAKESIDE HEALTHCARE,23474800,"-1,096.23 ",
Department of Health,NHS South Lincolnshire CCG,8/31/2018,C&M-GMS QOF Achievement,PRC DELEGATED CO-COMMISSIONING,LAKESIDE HEALTHCARE,23474800,"-89,271.12 ",
Department of Health,NHS South Lincolnshire CCG,8/31/2018,C&M-GMS Voluntary Levy,PRC DELEGATED CO-COMMISSIONING,LAKESIDE HEALTHCARE,23474800,-155.25 ,
Department of Health,NHS South Lincolnshire CCG,8/31/2018,ME - GMS TPS Added Years Adj EEs,PRC DELEGATED CO-COMMISSIONING,LAKESIDE HEALTHCARE,23474800,-770.67 ,
Department of Health,NHS South Lincolnshire CCG,8/31/2018,ME-GMS GP Pension EEs,PRC DELEGATED CO-COMMISSIONING,LAKESIDE HEALTHCARE,23474800,"-18,972.47 ",
Department of Health,NHS South Lincolnshire CCG,8/31/2018,ME-GMS GP Pension ERs Adjustments,PRC DELEGATED CO-COMMISSIONING,LAKESIDE HEALTHCARE,23474800,"-20,064.93 ",
Department of Health,NHS South Lincolnshire CCG,8/31/2018,C&M-GMS Global Sum,PRC DELEGATED CO-COMMISSIONING,LAKESIDE HEALTHCARE,23474802,"200,388.94 ",
Department of Health,NHS South Lincolnshire CCG,8/31/2018,C&M-GMS MPIG Correction Factor,PRC DELEGATED CO-COMMISSIONING,LAKESIDE HEALTHCARE,23474802,"6,360.96 ",
Department of Health,NHS South Lincolnshire CCG,8/31/2018,C&M-GMS Prem Actual Rent,PRC DELEGATED CO-COMMISSIONING,LAKESIDE HEALTHCARE,23474802,"6,166.66 ",
Department of Health,NHS South Lincolnshire CCG,8/31/2018,C&M-GMS Prem Notional Rent,PRC DELEGATED CO-COMMISSIONING,LAKESIDE HEALTHCARE,23474802,"12,383.67 ",
Department of Health,NHS South Lincolnshire CCG,8/31/2018,C&M-GMS QOF Aspiration,PRC DELEGATED CO-COMMISSIONING,LAKESIDE HEALTHCARE,23474802,"24,664.59 ",
Department of Health,NHS South Lincolnshire CCG,8/31/2018,Clinical&Medical-Independent Sector,COMMUNITY SERVICES,ANGLIA COMMUNITY EYE SERVICE LTD,23487612,"50,593.70 ",
Department of Health,NHS South Lincolnshire CCG,8/31/2018,C&M-GMS Global Sum,PRC DELEGATED CO-COMMISSIONING,DR CORLETT & PARTNERS SPALDING,23496005,"119,798.03 ",
Department of Health,NHS South Lincolnshire CCG,8/31/2018,C&M-GMS PCO Other,PRC DELEGATED CO-COMMISSIONING,DR CORLETT & PARTNERS SPALDING,23496005,"10,605.00 ",
Department of Health,NHS South Lincolnshire CCG,8/31/2018,C&M-GMS Prem Actual Rent,PRC DELEGATED CO-COMMISSIONING,DR CORLETT & PARTNERS SPALDING,23496005,"6,708.35 ",
Department of Health,NHS South Lincolnshire CCG,8/31/2018,C&M-GMS Prem Healthcentre Rent,PRC DELEGATED CO-COMMISSIONING,DR CORLETT & PARTNERS SPALDING,23496005,"27,312.50 ",
Department of Health,NHS South Lincolnshire CCG,8/31/2018,C&M-GMS QOF Aspiration,PRC DELEGATED CO-COMMISSIONING,DR CORLETT & PARTNERS SPALDING,23496005,"14,464.49 ",
Department of Health,NHS South Lincolnshire CCG,8/31/2018,ME - GMS GP Prior Year ERs,PRC DELEGATED CO-COMMISSIONING,DR CORLETT & PARTNERS SPALDING,23496005,"6,830.52 ",
Department of Health,NHS South Lincolnshire CCG,8/31/2018,ME-GMS GP Pension EEs Adjustments,PRC DELEGATED CO-COMMISSIONING,DR CORLETT & PARTNERS SPALDING,23496005,"2,317.50 ",
Department of Health,NHS South Lincolnshire CCG,8/31/2018,ME-GMS GP Pension ERs Adjustments,PRC DELEGATED CO-COMMISSIONING,DR CORLETT & PARTNERS SPALDING,23496005,"2,276.84 ",
Department of Health,NHS South Lincolnshire CCG,8/31/2018,ME-GMS GP Prior Year EEs,PRC DELEGATED CO-COMMISSIONING,DR CORLETT & PARTNERS SPALDING,23496005,"6,412.50 ",
Department of Health,NHS South Lincolnshire CCG,8/31/2018,Income tax <1Yr,BALANCE SHEET,HMRC,23499997,"20,791.71 ",
Department of Health,NHS South Lincolnshire CCG,8/31/2018,Income tax <1Yr-Student Loans,BALANCE SHEET,HMRC,23499997,350.00 ,
Department of Health,NHS South Lincolnshire CCG,8/31/2018,National Insurance < 1 yr-NI- ERS,BALANCE SHEET,HMRC,23499997,"12,687.24 ",
Department of Health,NHS South Lincolnshire CCG,8/31/2018,National Insurance < 1 yr-NI-EES,BALANCE SHEET,HMRC,23499997,"8,847.97 ",
Department of Health,NHS South Lincolnshire CCG,8/31/2018,Hcare Srv Rec Fdtn Trust-Contract Baseline,ACUTE COMMISSIONING,QUEEN ELIZABETH HOSPITAL KINGS LYNN NHS FOUNDATION TRUST,23503614,"907,964.00 ",
Department of Health,NHS South Lincolnshire CCG,8/31/2018,Clinical&Medical-Othe Public Sector,CARERS,LINCOLNSHIRE COUNTY COUNCIL,23505942,"180,435.00 ",
Department of Health,NHS South Lincolnshire CCG,8/31/2018,Clinical&Medical-Othe Public Sector,CHILD AND ADOLESCENT MENTAL HEALTH,LINCOLNSHIRE COUNTY COUNCIL,23505942,"115,041.00 ",
Department of Health,NHS South Lincolnshire CCG,8/31/2018,Clinical&Medical-Othe Public Sector,COMMUNITY SERVICES,LINCOLNSHIRE COUNTY COUNCIL,23505942,"52,943.00 ",
Department of Health,NHS South Lincolnshire CCG,8/31/2018,Clinical&Medical-Othe Public Sector,LEARNING DIFFICULTIES,LINCOLNSHIRE COUNTY COUNCIL,23505942,"326,727.00 ",
Department of Health,NHS South Lincolnshire CCG,8/31/2018,Clinical&Medical-Independent Sector,OUT OF HOURS,DHU 111 (EAST MIDLANDS) CIC,23521984,"49,904.65 ",
Department of Health,NHS South Lincolnshire CCG,8/31/2018,Hcare Srv Rec NHS Trust-Over/ Under Performance,ACUTE COMMISSIONING,NOTTINGHAM UNIVERSITY HOSPITALS NHS TRUST,23521990,"-75,058.00 ",
Department of Health,NHS South Lincolnshire CCG,8/31/2018,Hcare Srv Rec NHS Trust-CQUIN,ACUTE COMMISSIONING,UNITED LINCOLNSHIRE HOSPITALS NHS TRUST,23521993,"23,384.83 ",
Department of Health,NHS South Lincolnshire CCG,8/31/2018,Hcare Srv Rec NHS Trust-Contract Baseline,ACUTE COMMISSIONING,UNITED LINCOLNSHIRE HOSPITALS NHS TRUST,23521993,"1,972,988.95 ",
Department of Health,NHS South Lincolnshire CCG,8/31/2018,Hcare Srv Rec NHS Trust-Non Contract,ACUTE COMMISSIONING,UNITED LINCOLNSHIRE HOSPITALS NHS TRUST,23535659,"45,517.31 ",
Department of Health,NHS South Lincolnshire CCG,8/31/2018,C&M-PMS LES Basket of Procedures,LOCAL ENHANCED SERVICES,DEEPINGS PRACTICE,23535676,"32,621.00 ",
Department of Health,NHS South Lincolnshire CCG,8/31/2018,C&M-GMS Cost of Drugs -Dispensing,LOCAL ENHANCED SERVICES,DR ABHIJIT BANERJEE,23555028,"44,880.57 ",
Department of Health,NHS South Lincolnshire CCG,8/31/2018,C&M-GMS Prof Fees Dispensing,PRC DELEGATED CO-COMMISSIONING,DR ABHIJIT BANERJEE,23555028,"7,291.05 ",
Department of Health,NHS South Lincolnshire CCG,8/31/2018,C&M-GMS PrscrptnChrgsColl&RmttdbyGP,LOCAL ENHANCED SERVICES,DR ABHIJIT BANERJEE,23555028,"1,460.80 ",
Department of Health,NHS South Lincolnshire CCG,8/31/2018,C&M-GMS Cost of Drugs -Dispensing,LOCAL ENHANCED SERVICES,DR BEVERIDGE & PARTNERS,23555031,"-52,740.20 ",
Department of Health,NHS South Lincolnshire CCG,8/31/2018,C&M-GMS PrscChrgsCll&RmttdbyGPCntra,PRC DELEGATED CO-COMMISSIONING,DR BEVERIDGE & PARTNERS,23555031,"-2,446.40 ",
Department of Health,NHS South Lincolnshire CCG,8/31/2018,C&M-GMS Cost of Drugs -Dispensing,LOCAL ENHANCED SERVICES,DR BEVERIDGE & PARTNERS,23555032,"92,600.41 ",
Department of Health,NHS South Lincolnshire CCG,8/31/2018,C&M-GMS Prof Fees Dispensing,PRC DELEGATED CO-COMMISSIONING,DR BEVERIDGE & PARTNERS,23555032,"19,197.28 ",
Department of Health,NHS South Lincolnshire CCG,8/31/2018,C&M-GMS PrscrptnChrgsColl&RmttdbyGP,LOCAL ENHANCED SERVICES,DR BEVERIDGE & PARTNERS,23555032,"2,446.40 ",
Department of Health,NHS South Lincolnshire CCG,8/31/2018,C&M-GMS Cost of Drugs -Dispensing,LOCAL ENHANCED SERVICES,DR BOOTH & PARTNERS,23555033,"-78,875.40 ",
Department of Health,NHS South Lincolnshire CCG,8/31/2018,C&M-GMS PrscChrgsCll&RmttdbyGPCntra,PRC DELEGATED CO-COMMISSIONING,DR BOOTH & PARTNERS,23555033,"-3,819.20 ",
Department of Health,NHS South Lincolnshire CCG,8/31/2018,C&M-GMS Cost of Drugs -Dispensing,LOCAL ENHANCED SERVICES,DR BOOTH & PARTNERS,23555034,"162,756.98 ",
Department of Health,NHS South Lincolnshire CCG,8/31/2018,C&M-GMS Prof Fees Dispensing,PRC DELEGATED CO-COMMISSIONING,DR BOOTH & PARTNERS,23555034,"29,088.57 ",
Department of Health,NHS South Lincolnshire CCG,8/31/2018,C&M-GMS PrscrptnChrgsColl&RmttdbyGP,LOCAL ENHANCED SERVICES,DR BOOTH & PARTNERS,23555034,"3,819.20 ",
Department of Health,NHS South Lincolnshire CCG,8/31/2018,C&M-GMS Cost of Drugs -Dispensing,LOCAL ENHANCED SERVICES,DR BURR & PARTNERS,23555035,"-41,720.64 ",
Department of Health,NHS South Lincolnshire CCG,8/31/2018,C&M-GMS PrscChrgsCll&RmttdbyGPCntra,PRC DELEGATED CO-COMMISSIONING,DR BURR & PARTNERS,23555035,"-2,543.20 ",
Department of Health,NHS South Lincolnshire CCG,8/31/2018,C&M-GMS Cost of Drugs -Dispensing,LOCAL ENHANCED SERVICES,DR BURR & PARTNERS,23555036,"74,949.43 ",
Department of Health,NHS South Lincolnshire CCG,8/31/2018,C&M-GMS Prof Fees Dispensing,PRC DELEGATED CO-COMMISSIONING,DR BURR & PARTNERS,23555036,"17,735.84 ",
Department of Health,NHS South Lincolnshire CCG,8/31/2018,C&M-GMS PrscrptnChrgsColl&RmttdbyGP,LOCAL ENHANCED SERVICES,DR BURR & PARTNERS,23555036,"2,543.20 ",
Department of Health,NHS South Lincolnshire CCG,8/31/2018,C&M-GMS Cost of Drugs -Dispensing,LOCAL ENHANCED SERVICES,DR CORLETT & PARTNERS SPALDING,23555037,"-35,062.40 ",
Department of Health,NHS South Lincolnshire CCG,8/31/2018,C&M-GMS PrscChrgsCll&RmttdbyGPCntra,PRC DELEGATED CO-COMMISSIONING,DR CORLETT & PARTNERS SPALDING,23555037,"-1,345.80 ",
Department of Health,NHS South Lincolnshire CCG,8/31/2018,C&M-GMS Cost of Drugs -Dispensing,LOCAL ENHANCED SERVICES,DR CORLETT & PARTNERS SPALDING,23555038,"76,398.90 ",
Department of Health,NHS South Lincolnshire CCG,8/31/2018,C&M-GMS Prof Fees Dispensing,PRC DELEGATED CO-COMMISSIONING,DR CORLETT & PARTNERS SPALDING,23555038,"12,921.02 ",
Department of Health,NHS South Lincolnshire CCG,8/31/2018,C&M-GMS PrscrptnChrgsColl&RmttdbyGP,LOCAL ENHANCED SERVICES,DR CORLETT & PARTNERS SPALDING,23555038,"1,345.80 ",
Department of Health,NHS South Lincolnshire CCG,8/31/2018,C&M-GMS Cost of Drugs -Dispensing,LOCAL ENHANCED SERVICES,DR HUGHES & PARTNERS SUTTERTON,23555039,"-41,049.75 ",
Department of Health,NHS South Lincolnshire CCG,8/31/2018,C&M-GMS PrscChrgsCll&RmttdbyGPCntra,PRC DELEGATED CO-COMMISSIONING,DR HUGHES & PARTNERS SUTTERTON,23555039,"-1,892.00 ",
Department of Health,NHS South Lincolnshire CCG,8/31/2018,C&M-GMS Cost of Drugs -Dispensing,LOCAL ENHANCED SERVICES,DR HUGHES & PARTNERS SUTTERTON,23555040,"81,858.05 ",
Department of Health,NHS South Lincolnshire CCG,8/31/2018,C&M-GMS Prof Fees Dispensing,PRC DELEGATED CO-COMMISSIONING,DR HUGHES & PARTNERS SUTTERTON,23555040,"15,467.96 ",
Department of Health,NHS South Lincolnshire CCG,8/31/2018,C&M-GMS PrscrptnChrgsColl&RmttdbyGP,LOCAL ENHANCED SERVICES,DR HUGHES & PARTNERS SUTTERTON,23555040,"1,892.00 ",
Department of Health,NHS South Lincolnshire CCG,8/31/2018,C&M-PMS Cost of Drugs -Dispensing,LOCAL ENHANCED SERVICES,DR LENNON & PARTNERS,23555041,"-28,726.51 ",
Department of Health,NHS South Lincolnshire CCG,8/31/2018,C&M-PMS Prsc Chrgs Cll&Rmttd by GPs,PRC DELEGATED CO-COMMISSIONING,DR LENNON & PARTNERS,23555041,"-1,751.20 ",
Department of Health,NHS South Lincolnshire CCG,8/31/2018,C&M-PMS Cost of Drugs -Dispensing,LOCAL ENHANCED SERVICES,DR LENNON & PARTNERS,23555042,"67,386.40 ",
Department of Health,NHS South Lincolnshire CCG,8/31/2018,C&M-PMS Prof fees Dispensing,PRC DELEGATED CO-COMMISSIONING,DR LENNON & PARTNERS,23555042,"9,434.94 ",
Department of Health,NHS South Lincolnshire CCG,8/31/2018,C&M-PMS Prsc Chrgs Cll&Rmttd by GPs,LOCAL ENHANCED SERVICES,DR LENNON & PARTNERS,23555042,"1,751.20 ",
Department of Health,NHS South Lincolnshire CCG,8/31/2018,C&M-PMS Cost of Drugs -Dispensing,LOCAL ENHANCED SERVICES,DR RIGG & PARTNERS,23555043,"-87,506.60 ",
Department of Health,NHS South Lincolnshire CCG,8/31/2018,C&M-PMS Prsc Chrgs Cll&Rmttd by GPs,PRC DELEGATED CO-COMMISSIONING,DR RIGG & PARTNERS,23555043,"-7,040.00 ",
Department of Health,NHS South Lincolnshire CCG,8/31/2018,C&M-PMS Cost of Drugs -Dispensing,LOCAL ENHANCED SERVICES,DR RIGG & PARTNERS,23555044,"160,461.48 ",
Department of Health,NHS South Lincolnshire CCG,8/31/2018,C&M-PMS Prof fees Dispensing,PRC DELEGATED CO-COMMISSIONING,DR RIGG & PARTNERS,23555044,"31,866.93 ",
Department of Health,NHS South Lincolnshire CCG,8/31/2018,C&M-PMS Prsc Chrgs Cll&Rmttd by GPs,LOCAL ENHANCED SERVICES,DR RIGG & PARTNERS,23555044,"7,040.00 ",
Department of Health,NHS South Lincolnshire CCG,8/31/2018,C&M-GMS Cost of Drugs -Dispensing,LOCAL ENHANCED SERVICES,DR SYKES & PARTNERS,23555045,"-28,469.54 ",
Department of Health,NHS South Lincolnshire CCG,8/31/2018,C&M-GMS PrscChrgsCll&RmttdbyGPCntra,PRC DELEGATED CO-COMMISSIONING,DR SYKES & PARTNERS,23555045,"-1,425.60 ",
Department of Health,NHS South Lincolnshire CCG,8/31/2018,C&M-GMS Cost of Drugs -Dispensing,LOCAL ENHANCED SERVICES,DR SYKES & PARTNERS,23555046,"60,416.38 ",
Department of Health,NHS South Lincolnshire CCG,8/31/2018,C&M-GMS Prof Fees Dispensing,PRC DELEGATED CO-COMMISSIONING,DR SYKES & PARTNERS,23555046,"9,346.36 ",
Department of Health,NHS South Lincolnshire CCG,8/31/2018,C&M-GMS PrscrptnChrgsColl&RmttdbyGP,LOCAL ENHANCED SERVICES,DR SYKES & PARTNERS,23555046,"1,425.60 ",
Department of Health,NHS South Lincolnshire CCG,8/31/2018,C&M-GMS Cost of Drugs -Dispensing,LOCAL ENHANCED SERVICES,DR THORPE & PARTNERS,23555047,"-80,780.48 ",
Department of Health,NHS South Lincolnshire CCG,8/31/2018,C&M-GMS PrscChrgsCll&RmttdbyGPCntra,PRC DELEGATED CO-COMMISSIONING,DR THORPE & PARTNERS,23555047,"-3,784.00 ",
Department of Health,NHS South Lincolnshire CCG,8/31/2018,C&M-GMS Cost of Drugs -Dispensing,LOCAL ENHANCED SERVICES,DR THORPE & PARTNERS,23555048,"147,695.95 ",
Department of Health,NHS South Lincolnshire CCG,8/31/2018,C&M-GMS Prof Fees Dispensing,PRC DELEGATED CO-COMMISSIONING,DR THORPE & PARTNERS,23555048,"29,231.97 ",
Department of Health,NHS South Lincolnshire CCG,8/31/2018,C&M-GMS PrscrptnChrgsColl&RmttdbyGP,LOCAL ENHANCED SERVICES,DR THORPE & PARTNERS,23555048,"3,784.00 ",
Department of Health,NHS South Lincolnshire CCG,8/31/2018,C&M-GMS Cost of Drugs -Dispensing,LOCAL ENHANCED SERVICES,GOSBERTON MEDICAL CENTRE,23555731,"-82,617.48 ",
Department of Health,NHS South Lincolnshire CCG,8/31/2018,C&M-GMS PrscChrgsCll&RmttdbyGPCntra,PRC DELEGATED CO-COMMISSIONING,GOSBERTON MEDICAL CENTRE,23555731,"-3,960.00 ",
Department of Health,NHS South Lincolnshire CCG,8/31/2018,C&M-GMS Cost of Drugs -Dispensing,LOCAL ENHANCED SERVICES,GOSBERTON MEDICAL CENTRE,23555733,"145,861.73 ",
Department of Health,NHS South Lincolnshire CCG,8/31/2018,C&M-GMS Prof Fees Dispensing,PRC DELEGATED CO-COMMISSIONING,GOSBERTON MEDICAL CENTRE,23555733,"42,418.17 ",
Department of Health,NHS South Lincolnshire CCG,8/31/2018,C&M-GMS PrscrptnChrgsColl&RmttdbyGP,LOCAL ENHANCED SERVICES,GOSBERTON MEDICAL CENTRE,23555733,"3,960.00 ",
Department of Health,NHS South Lincolnshire CCG,8/31/2018,C&M-GMS Cost of Drugs -Dispensing,LOCAL ENHANCED SERVICES,LAKESIDE HEALTHCARE,23555735,"-92,823.84 ",
Department of Health,NHS South Lincolnshire CCG,8/31/2018,C&M-GMS PrscChrgsCll&RmttdbyGPCntra,PRC DELEGATED CO-COMMISSIONING,LAKESIDE HEALTHCARE,23555735,"-6,204.00 ",
Department of Health,NHS South Lincolnshire CCG,8/31/2018,C&M-GMS Cost of Drugs -Dispensing,LOCAL ENHANCED SERVICES,LAKESIDE HEALTHCARE,23555736,"174,650.99 ",
Department of Health,NHS South Lincolnshire CCG,8/31/2018,C&M-GMS Prof Fees Dispensing,PRC DELEGATED CO-COMMISSIONING,LAKESIDE HEALTHCARE,23555736,"34,178.45 ",
Department of Health,NHS South Lincolnshire CCG,8/31/2018,C&M-GMS PrscrptnChrgsColl&RmttdbyGP,LOCAL ENHANCED SERVICES,LAKESIDE HEALTHCARE,23555736,"6,204.00 ",
Department of Health,NHS South Lincolnshire CCG,8/31/2018,Hcare Srv Rec Fdtn Trust-Prior Year,ACUTE COMMISSIONING,NORTH WEST ANGLIA NHS FOUNDATION TRUST,23566594,"1,912,730.34 ",
Department of Health,NHS South Lincolnshire CCG,8/31/2018,Hcare Srv Rec Fdtn Trust-Contract Baseline,ACUTE COMMISSIONING,NORTHERN LINCOLNSHIRE AND GOOLE HOSPITALS NHS FOUNDATION TRUST,23585434,"108,989.00 ",
Department of Health,NHS South Lincolnshire CCG,8/31/2018,Cont Care-Physical Disab (65+),CHC AD FULL FUND PERS HLTH BUD,CHC AD FULL FUND PERS HLTH BUD,23592488,"25,737.13 ",
Department of Health,NHS South Lincolnshire CCG,8/31/2018,Clinical&Medical-Independent Sector,PATIENT TRANSPORT,THAMES AMBULANCE SERVICE LTD,23600322,"85,515.00 ",
Department of Health,NHS South Lincolnshire CCG,8/31/2018,Hcare Srv Rec NHS Trust-Contract Baseline,ACUTE COMMISSIONING,UNIVERSITY HOSPITALS OF LEICESTER NHS TRUST,23616676,"98,593.00 ",
Department of Health,NHS South Lincolnshire CCG,8/31/2018,Clinical&Medical-Independent Sector,OUT OF HOURS,DHU HEALTH CARE CIC,23616679,"-49,904.65 ",
Department of Health,NHS South Lincolnshire CCG,8/31/2018,Hcare Srv Rec NHS Trust-Contract Baseline,COMMUNITY SERVICES,LINCS COMMUNITY HEALTH SERVICES NHS TRUST,23639850,"72,137.00 ",
Department of Health,NHS South Lincolnshire CCG,8/31/2018,Clinical&Medical-Independent Sector,NCAS/OATS,BMI HEALTHCARE COLLECTIONS,23639911,"28,118.95 ",
Department of Health,NHS South Lincolnshire CCG,8/31/2018,Hcare Srv Rec Fdtn Trust-CQUIN,ACUTE COMMISSIONING,CAMBRIDGE UNIVERSITY HOSPITALS NHS FOUNDATION TRUST,23663063,"2,442.75 ",
Department of Health,NHS South Lincolnshire CCG,8/31/2018,Hcare Srv Rec Fdtn Trust-Contract Baseline,ACUTE COMMISSIONING,CAMBRIDGE UNIVERSITY HOSPITALS NHS FOUNDATION TRUST,23663063,"196,324.92 ",
Department of Health,NHS South Lincolnshire CCG,8/31/2018,Hcare Srv Rec Fdtn Trust-Contract Baseline,ACUTE COMMISSIONING,NORTHERN LINCOLNSHIRE AND GOOLE HOSPITALS NHS FOUNDATION TRUST,23679479,"-108,989.00 ",
Department of Health,NHS South Lincolnshire CCG,8/31/2018,Hcare Srv Rec Fdtn Trust-Contract Baseline,ACUTE COMMISSIONING,NORTHERN LINCOLNSHIRE AND GOOLE HOSPITALS NHS FOUNDATION TRUST,23679487,"108,989.00 ",
Department of Health,NHS South Lincolnshire CCG,8/31/2018,Clinical&Medical-Independent Sector,OUT OF HOURS,DHU 111 (EAST MIDLANDS) CIC,23679489,"33,560.77 ",
Department of Health,NHS South Lincolnshire CCG,8/31/2018,Hcare Srv Rec Fdtn Trust-Contract Baseline,ACUTE COMMISSIONING,NORTH WEST ANGLIA NHS FOUNDATION TRUST,23694258,"4,791,538.04 ",
Department of Health,NHS South Lincolnshire CCG,8/31/2018,Clinical&Medical-Independent Sector,ACUTE COMMISSIONING,ORTHOPAEDICS & SPINE SPECIALIST HOSPITAL,23702409,"41,365.00 ",
,,,,,,,,
,,,,,,,,
,,,,,,,"22,160,623.19 ",
