Department family,Entity,Date,Expense Type,Expense area,Supplier,Transaction number,AP Amount (�)
Department of Health,NHS Rotherham CCG,31/05/2018,Hcare Srv Rec Fdtn Trust-Contract Baseline,ACUTE COMMISSIONING,BARNSLEY HOSPITAL NHS FOUNDATION TRUST,22040755,"143,180.00 "
Department of Health,NHS Rotherham CCG,30/04/2018,Hcare Srv Rec Fdtn Trust-Contract Baseline,ACUTE COMMISSIONING,BARNSLEY HOSPITAL NHS FOUNDATION TRUST,21935959,"143,180.00 "
Department of Health,NHS Rotherham CCG,30/04/2018,Hcare Srv Rec Fdtn Trust-Contract Baseline,ACUTE COMMISSIONING,BARNSLEY HOSPITAL NHS FOUNDATION TRUST,21935965,"289,821.34 "
Department of Health,NHS Rotherham CCG,31/05/2018,Clinical&Medical-Commercial Sector,ACUTE COMMISSIONING,BMI HEALTHCARE COLLECTIONS,22157008,"(26,541.87)"
Department of Health,NHS Rotherham CCG,31/05/2018,Clinical&Medical-Commercial Sector,ACUTE COMMISSIONING,BMI HEALTHCARE COLLECTIONS,22157009,"34,405.77 "
Department of Health,NHS Rotherham CCG,31/05/2018,Clinical&Medical-Commercial Sector,ACUTE COMMISSIONING,BMI HEALTHCARE COLLECTIONS,22208361,"34,405.77 "
Department of Health,NHS Rotherham CCG,30/04/2018,Clinical&Medical-Commercial Sector,ACUTE COMMISSIONING,BMI HEALTHCARE COLLECTIONS,21769496,"26,541.87 "
Department of Health,NHS Rotherham CCG,31/05/2018,Clinical&Medical-Commercial Sector,ACUTE COMMISSIONING,CARE UK CLINICAL SERVICES LTD,22040681,"57,555.47 "
Department of Health,NHS Rotherham CCG,31/05/2018,Clinical&Medical-Commercial Sector,ACUTE COMMISSIONING,CARE UK CLINICAL SERVICES LTD,22040743,"(57,555.47)"
Department of Health,NHS Rotherham CCG,31/05/2018,Clinical&Medical-Commercial Sector,ACUTE COMMISSIONING,CARE UK CLINICAL SERVICES LTD,22156947,"56,509.05 "
Department of Health,NHS Rotherham CCG,31/05/2018,Clinical&Medical-Commercial Sector,ACUTE COMMISSIONING,CARE UK CLINICAL SERVICES LTD,22396598,"57,555.47 "
Department of Health,NHS Rotherham CCG,30/04/2018,Hcare Srv Rec Fdtn Trust-Contract Baseline,ACUTE COMMISSIONING,CHESTERFIELD ROYAL HOSPITAL NHS FOUNDATION TRUST,21935913,"30,948.00 "
Department of Health,NHS Rotherham CCG,31/05/2018,Clinical&Medical-Commercial Sector,ACUTE COMMISSIONING,CLAREMONT HOSPITAL,22156981,"52,570.00 "
Department of Health,NHS Rotherham CCG,31/05/2018,Clinical&Medical-Voluntary Sector,COMMISSIONING - NON ACUTE,CROSSROADS CARE ROTHERHAM,22040713,"40,865.00 "
Department of Health,NHS Rotherham CCG,31/05/2018,Clinical&Medical-Voluntary Sector,PROGRAMME PROJECTS,CROSSROADS CARE ROTHERHAM,22040720,"55,989.00 "
Department of Health,NHS Rotherham CCG,30/04/2018,Hcare Srv Rec Fdtn Trust-Contract Baseline,ACUTE COMMISSIONING,DONCASTER AND BASSETLAW HOSPITALS NHS FOUNDATION TRUST,21935966,"853,272.00 "
Department of Health,NHS Rotherham CCG,31/05/2018,C&M-PMS Contract Value,PRC DELEGATED CO-COMMISSIONING,NHS ROTHERHAM NHS GP PRACTICE,22109218,"37,183.94 "
Department of Health,NHS Rotherham CCG,31/05/2018,C&M-PMS Prem Healthcentre Rent,PRC DELEGATED CO-COMMISSIONING,NHS ROTHERHAM NHS GP PRACTICE,22109218,"1,051.90 "
Department of Health,NHS Rotherham CCG,31/05/2018,C&M-PMS Prem Notional Rent,PRC DELEGATED CO-COMMISSIONING,NHS ROTHERHAM NHS GP PRACTICE,22109218,"2,833.33 "
Department of Health,NHS Rotherham CCG,31/05/2018,C&M-PMS Prem Rates,PRC DELEGATED CO-COMMISSIONING,NHS ROTHERHAM NHS GP PRACTICE,22109218,"1,179.08 "
Department of Health,NHS Rotherham CCG,31/05/2018,C&M-PMS Prem Water Rates,PRC DELEGATED CO-COMMISSIONING,NHS ROTHERHAM NHS GP PRACTICE,22109218,179.14 
Department of Health,NHS Rotherham CCG,31/05/2018,C&M-PMS QOF Aspiration,PRC DELEGATED CO-COMMISSIONING,NHS ROTHERHAM NHS GP PRACTICE,22109218,"3,091.85 "
Department of Health,NHS Rotherham CCG,31/05/2018,C&M-PMS Contract Value,PRC DELEGATED CO-COMMISSIONING,NHS ROTHERHAM NHS GP PRACTICE,22109206,"97,331.45 "
Department of Health,NHS Rotherham CCG,31/05/2018,C&M-PMS Prem Notional Rent,PRC DELEGATED CO-COMMISSIONING,NHS ROTHERHAM NHS GP PRACTICE,22109206,"7,331.33 "
Department of Health,NHS Rotherham CCG,31/05/2018,C&M-PMS Prem Rates,PRC DELEGATED CO-COMMISSIONING,NHS ROTHERHAM NHS GP PRACTICE,22109206,"4,872.00 "
Department of Health,NHS Rotherham CCG,31/05/2018,C&M-PMS QOF Aspiration,PRC DELEGATED CO-COMMISSIONING,NHS ROTHERHAM NHS GP PRACTICE,22109206,"9,960.27 "
Department of Health,NHS Rotherham CCG,31/05/2018,C&M-PMS Contract Value,PRC DELEGATED CO-COMMISSIONING,NHS ROTHERHAM NHS GP PRACTICE,22109223,"93,927.58 "
Department of Health,NHS Rotherham CCG,31/05/2018,C&M-PMS Out of Hours Opt Outs,PRC DELEGATED CO-COMMISSIONING,NHS ROTHERHAM NHS GP PRACTICE,22109223,73.64 
Department of Health,NHS Rotherham CCG,31/05/2018,C&M-PMS QOF Aspiration,PRC DELEGATED CO-COMMISSIONING,NHS ROTHERHAM NHS GP PRACTICE,22109223,"8,208.00 "
Department of Health,NHS Rotherham CCG,31/05/2018,C&M-GMS Global Sum,PRC DELEGATED CO-COMMISSIONING,NHS ROTHERHAM NHS GP PRACTICE,22363799,"45,457.96 "
Department of Health,NHS Rotherham CCG,31/05/2018,C&M-GMS MPIG Correction Factor,PRC DELEGATED CO-COMMISSIONING,NHS ROTHERHAM NHS GP PRACTICE,22363799,123.39 
Department of Health,NHS Rotherham CCG,31/05/2018,C&M-GMS Prem Notional Rent,PRC DELEGATED CO-COMMISSIONING,NHS ROTHERHAM NHS GP PRACTICE,22363799,"2,991.67 "
Department of Health,NHS Rotherham CCG,31/05/2018,C&M-GMS Prem Rates,PRC DELEGATED CO-COMMISSIONING,NHS ROTHERHAM NHS GP PRACTICE,22363799,316.00 
Department of Health,NHS Rotherham CCG,31/05/2018,C&M-GMS QOF Aspiration,PRC DELEGATED CO-COMMISSIONING,NHS ROTHERHAM NHS GP PRACTICE,22363799,"5,377.31 "
Department of Health,NHS Rotherham CCG,31/05/2018,C&M-PMS Contract Value,PRC DELEGATED CO-COMMISSIONING,NHS ROTHERHAM NHS GP PRACTICE,22109230,"110,797.25 "
Department of Health,NHS Rotherham CCG,31/05/2018,C&M-PMS Out of Hours Opt Outs,PRC DELEGATED CO-COMMISSIONING,NHS ROTHERHAM NHS GP PRACTICE,22109230,28.76 
Department of Health,NHS Rotherham CCG,31/05/2018,C&M-PMS Prem Healthcentre Rent,PRC DELEGATED CO-COMMISSIONING,NHS ROTHERHAM NHS GP PRACTICE,22109230,"1,726.73 "
Department of Health,NHS Rotherham CCG,31/05/2018,C&M-PMS Prem Water Rates,PRC DELEGATED CO-COMMISSIONING,NHS ROTHERHAM NHS GP PRACTICE,22109230,"1,335.91 "
Department of Health,NHS Rotherham CCG,31/05/2018,C&M-PMS QOF Aspiration,PRC DELEGATED CO-COMMISSIONING,NHS ROTHERHAM NHS GP PRACTICE,22109230,"10,389.28 "
Department of Health,NHS Rotherham CCG,31/05/2018,C&M-GMS Global Sum,PRC DELEGATED CO-COMMISSIONING,NHS ROTHERHAM NHS GP PRACTICE,22363801,"86,631.74 "
Department of Health,NHS Rotherham CCG,31/05/2018,C&M-GMS MPIG Correction Factor,PRC DELEGATED CO-COMMISSIONING,NHS ROTHERHAM NHS GP PRACTICE,22363801,"2,572.20 "
Department of Health,NHS Rotherham CCG,31/05/2018,C&M-GMS Prem Notional Rent,PRC DELEGATED CO-COMMISSIONING,NHS ROTHERHAM NHS GP PRACTICE,22363801,"6,994.79 "
Department of Health,NHS Rotherham CCG,31/05/2018,C&M-GMS Prem Rates,PRC DELEGATED CO-COMMISSIONING,NHS ROTHERHAM NHS GP PRACTICE,22363801,"2,319.00 "
Department of Health,NHS Rotherham CCG,31/05/2018,C&M-GMS Prem Water Rates,PRC DELEGATED CO-COMMISSIONING,NHS ROTHERHAM NHS GP PRACTICE,22363801,262.93 
Department of Health,NHS Rotherham CCG,31/05/2018,C&M-GMS QOF Aspiration,PRC DELEGATED CO-COMMISSIONING,NHS ROTHERHAM NHS GP PRACTICE,22363801,"9,727.86 "
Department of Health,NHS Rotherham CCG,31/05/2018,C&M-PMS GP Statutory Levy,PRC DELEGATED CO-COMMISSIONING,NHS ROTHERHAM NHS GP PRACTICE,22109227,(589.62)
Department of Health,NHS Rotherham CCG,31/05/2018,C&M-PMS Out of Hours Opt Outs,PRC DELEGATED CO-COMMISSIONING,NHS ROTHERHAM NHS GP PRACTICE,22109227,"(7,962.92)"
Department of Health,NHS Rotherham CCG,31/05/2018,C&M-PMS Voluntary Levy,PRC DELEGATED CO-COMMISSIONING,NHS ROTHERHAM NHS GP PRACTICE,22109227,(86.71)
Department of Health,NHS Rotherham CCG,31/05/2018,ME - PMS GP Prior Year ERs,PRC DELEGATED CO-COMMISSIONING,NHS ROTHERHAM NHS GP PRACTICE,22109227,"(2,487.57)"
Department of Health,NHS Rotherham CCG,31/05/2018,ME - PMS TPS Added Years Adj EEs,PRC DELEGATED CO-COMMISSIONING,NHS ROTHERHAM NHS GP PRACTICE,22109227,(720.00)
Department of Health,NHS Rotherham CCG,31/05/2018,ME-PMS GP Pension EEs-PMS,PRC DELEGATED CO-COMMISSIONING,NHS ROTHERHAM NHS GP PRACTICE,22109227,"(14,971.68)"
Department of Health,NHS Rotherham CCG,31/05/2018,ME-PMS GP Pension ERs Adjs - PMS,PRC DELEGATED CO-COMMISSIONING,NHS ROTHERHAM NHS GP PRACTICE,22109227,"(15,650.23)"
Department of Health,NHS Rotherham CCG,31/05/2018,ME-PMS GP Prior Year EEs,PRC DELEGATED CO-COMMISSIONING,NHS ROTHERHAM NHS GP PRACTICE,22109227,"(2,187.08)"
Department of Health,NHS Rotherham CCG,31/05/2018,C&M-PMS Contract Value,PRC DELEGATED CO-COMMISSIONING,NHS ROTHERHAM NHS GP PRACTICE,22109228,"169,400.30 "
Department of Health,NHS Rotherham CCG,31/05/2018,C&M-PMS Prem Actual Rent,PRC DELEGATED CO-COMMISSIONING,NHS ROTHERHAM NHS GP PRACTICE,22109228,"12,510.33 "
Department of Health,NHS Rotherham CCG,31/05/2018,C&M-PMS Prem Notional Rent,PRC DELEGATED CO-COMMISSIONING,NHS ROTHERHAM NHS GP PRACTICE,22109228,"15,961.67 "
Department of Health,NHS Rotherham CCG,31/05/2018,C&M-PMS Prem Rates,PRC DELEGATED CO-COMMISSIONING,NHS ROTHERHAM NHS GP PRACTICE,22109228,"4,593.00 "
Department of Health,NHS Rotherham CCG,31/05/2018,C&M-PMS QOF Aspiration,PRC DELEGATED CO-COMMISSIONING,NHS ROTHERHAM NHS GP PRACTICE,22109228,"19,109.79 "
Department of Health,NHS Rotherham CCG,31/05/2018,C&M-PMS Cost of Drugs -Dispensing,LOCAL ENHANCED SERVICES,NHS ROTHERHAM NHS GP PRACTICE,22394880,"39,318.88 "
Department of Health,NHS Rotherham CCG,31/05/2018,C&M-PMS Prof fees Dispensing,PRC DELEGATED CO-COMMISSIONING,NHS ROTHERHAM NHS GP PRACTICE,22394880,"7,008.10 "
Department of Health,NHS Rotherham CCG,31/05/2018,C&M-PMS Prsc Chrgs Cll&Rmttd by GPs,LOCAL ENHANCED SERVICES,NHS ROTHERHAM NHS GP PRACTICE,22394880,825.60 
Department of Health,NHS Rotherham CCG,31/05/2018,C&M-PMS Contract Value,PRC DELEGATED CO-COMMISSIONING,NHS ROTHERHAM NHS GP PRACTICE,22109226,"93,772.87 "
Department of Health,NHS Rotherham CCG,31/05/2018,C&M-PMS Prem Notional Rent,PRC DELEGATED CO-COMMISSIONING,NHS ROTHERHAM NHS GP PRACTICE,22109226,"14,424.42 "
Department of Health,NHS Rotherham CCG,31/05/2018,C&M-PMS Prem Rates,PRC DELEGATED CO-COMMISSIONING,NHS ROTHERHAM NHS GP PRACTICE,22109226,"3,011.00 "
Department of Health,NHS Rotherham CCG,31/05/2018,C&M-PMS QOF Aspiration,PRC DELEGATED CO-COMMISSIONING,NHS ROTHERHAM NHS GP PRACTICE,22109226,"9,923.51 "
Department of Health,NHS Rotherham CCG,31/05/2018,C&M-PMS Cost of Drugs -Dispensing,LOCAL ENHANCED SERVICES,NHS ROTHERHAM NHS GP PRACTICE,22394877,"(26,934.42)"
Department of Health,NHS Rotherham CCG,31/05/2018,C&M-PMS Prsc Chrgs Cll&Rmttd by GPs,PRC DELEGATED CO-COMMISSIONING,NHS ROTHERHAM NHS GP PRACTICE,22394877,"(1,504.80)"
Department of Health,NHS Rotherham CCG,31/05/2018,C&M-PMS Cost of Drugs -Dispensing,LOCAL ENHANCED SERVICES,NHS ROTHERHAM NHS GP PRACTICE,22394878,"54,667.41 "
Department of Health,NHS Rotherham CCG,31/05/2018,C&M-PMS Prof fees Dispensing,PRC DELEGATED CO-COMMISSIONING,NHS ROTHERHAM NHS GP PRACTICE,22394878,"11,168.05 "
Department of Health,NHS Rotherham CCG,31/05/2018,C&M-PMS Prsc Chrgs Cll&Rmttd by GPs,LOCAL ENHANCED SERVICES,NHS ROTHERHAM NHS GP PRACTICE,22394878,"1,504.80 "
Department of Health,NHS Rotherham CCG,31/05/2018,C&M-GMS Global Sum,PRC DELEGATED CO-COMMISSIONING,NHS ROTHERHAM NHS GP PRACTICE,22363803,"85,615.47 "
Department of Health,NHS Rotherham CCG,31/05/2018,C&M-GMS MPIG Correction Factor,PRC DELEGATED CO-COMMISSIONING,NHS ROTHERHAM NHS GP PRACTICE,22363803,"2,172.88 "
Department of Health,NHS Rotherham CCG,31/05/2018,C&M-GMS Prem Cost Rent,PRC DELEGATED CO-COMMISSIONING,NHS ROTHERHAM NHS GP PRACTICE,22363803,762.92 
Department of Health,NHS Rotherham CCG,31/05/2018,C&M-GMS Prem Notional Rent,PRC DELEGATED CO-COMMISSIONING,NHS ROTHERHAM NHS GP PRACTICE,22363803,"8,933.34 "
Department of Health,NHS Rotherham CCG,31/05/2018,C&M-GMS Prem Rates,PRC DELEGATED CO-COMMISSIONING,NHS ROTHERHAM NHS GP PRACTICE,22363803,"1,601.00 "
Department of Health,NHS Rotherham CCG,31/05/2018,C&M-GMS Prem Water Rates,PRC DELEGATED CO-COMMISSIONING,NHS ROTHERHAM NHS GP PRACTICE,22363803,212.98 
Department of Health,NHS Rotherham CCG,31/05/2018,C&M-GMS QOF Aspiration,PRC DELEGATED CO-COMMISSIONING,NHS ROTHERHAM NHS GP PRACTICE,22363803,"8,714.50 "
Department of Health,NHS Rotherham CCG,31/05/2018,C&M-GMS Cost of Drugs -Dispensing,LOCAL ENHANCED SERVICES,NHS ROTHERHAM NHS GP PRACTICE,22394884,"22,249.95 "
Department of Health,NHS Rotherham CCG,31/05/2018,C&M-GMS Prof Fees Dispensing,PRC DELEGATED CO-COMMISSIONING,NHS ROTHERHAM NHS GP PRACTICE,22394884,"3,196.96 "
Department of Health,NHS Rotherham CCG,31/05/2018,C&M-GMS PrscrptnChrgsColl&RmttdbyGP,LOCAL ENHANCED SERVICES,NHS ROTHERHAM NHS GP PRACTICE,22394884,593.40 
Department of Health,NHS Rotherham CCG,31/05/2018,C&M-PMS Contract Value,PRC DELEGATED CO-COMMISSIONING,NHS ROTHERHAM NHS GP PRACTICE,22109234,"105,275.31 "
Department of Health,NHS Rotherham CCG,31/05/2018,C&M-PMS Prem Notional Rent,PRC DELEGATED CO-COMMISSIONING,NHS ROTHERHAM NHS GP PRACTICE,22109234,"9,300.00 "
Department of Health,NHS Rotherham CCG,31/05/2018,C&M-PMS QOF Aspiration,PRC DELEGATED CO-COMMISSIONING,NHS ROTHERHAM NHS GP PRACTICE,22109234,"10,888.94 "
Department of Health,NHS Rotherham CCG,31/05/2018,C&M-PMS Contract Value,PRC DELEGATED CO-COMMISSIONING,NHS ROTHERHAM NHS GP PRACTICE,22109231,(96.60)
Department of Health,NHS Rotherham CCG,31/05/2018,C&M-PMS GP Statutory Levy,PRC DELEGATED CO-COMMISSIONING,NHS ROTHERHAM NHS GP PRACTICE,22109231,(496.03)
Department of Health,NHS Rotherham CCG,31/05/2018,C&M-PMS Out of Hours Opt Outs,PRC DELEGATED CO-COMMISSIONING,NHS ROTHERHAM NHS GP PRACTICE,22109231,"(7,014.50)"
Department of Health,NHS Rotherham CCG,31/05/2018,C&M-PMS Voluntary Levy,PRC DELEGATED CO-COMMISSIONING,NHS ROTHERHAM NHS GP PRACTICE,22109231,(72.95)
Department of Health,NHS Rotherham CCG,31/05/2018,ME - PMS GP Prior Year ERs,PRC DELEGATED CO-COMMISSIONING,NHS ROTHERHAM NHS GP PRACTICE,22109231,"(8,060.92)"
Department of Health,NHS Rotherham CCG,31/05/2018,ME - PMS TPS Added Years Adj EEs,PRC DELEGATED CO-COMMISSIONING,NHS ROTHERHAM NHS GP PRACTICE,22109231,(176.27)
Department of Health,NHS Rotherham CCG,31/05/2018,ME-PMS GP Pension EEs-PMS,PRC DELEGATED CO-COMMISSIONING,NHS ROTHERHAM NHS GP PRACTICE,22109231,"(10,346.62)"
Department of Health,NHS Rotherham CCG,31/05/2018,ME-PMS GP Pension ERs Adjs - PMS,PRC DELEGATED CO-COMMISSIONING,NHS ROTHERHAM NHS GP PRACTICE,22109231,"(11,010.02)"
Department of Health,NHS Rotherham CCG,31/05/2018,ME-PMS GP Prior Year EEs,PRC DELEGATED CO-COMMISSIONING,NHS ROTHERHAM NHS GP PRACTICE,22109231,"(7,567.63)"
Department of Health,NHS Rotherham CCG,31/05/2018,C&M-PMS Contract Value,PRC DELEGATED CO-COMMISSIONING,NHS ROTHERHAM NHS GP PRACTICE,22109232,"149,559.66 "
Department of Health,NHS Rotherham CCG,31/05/2018,C&M-PMS Out of Hours Opt Outs,PRC DELEGATED CO-COMMISSIONING,NHS ROTHERHAM NHS GP PRACTICE,22109232,4.78 
Department of Health,NHS Rotherham CCG,31/05/2018,C&M-PMS Prem Actual Rent,PRC DELEGATED CO-COMMISSIONING,NHS ROTHERHAM NHS GP PRACTICE,22109232,550.00 
Department of Health,NHS Rotherham CCG,31/05/2018,C&M-PMS Prem Healthcentre Rent,PRC DELEGATED CO-COMMISSIONING,NHS ROTHERHAM NHS GP PRACTICE,22109232,429.85 
Department of Health,NHS Rotherham CCG,31/05/2018,C&M-PMS Prem Notional Rent,PRC DELEGATED CO-COMMISSIONING,NHS ROTHERHAM NHS GP PRACTICE,22109232,"21,023.33 "
Department of Health,NHS Rotherham CCG,31/05/2018,C&M-PMS Prem Rates,PRC DELEGATED CO-COMMISSIONING,NHS ROTHERHAM NHS GP PRACTICE,22109232,"6,212.00 "
Department of Health,NHS Rotherham CCG,31/05/2018,C&M-PMS QOF Aspiration,PRC DELEGATED CO-COMMISSIONING,NHS ROTHERHAM NHS GP PRACTICE,22109232,"14,915.54 "
Department of Health,NHS Rotherham CCG,31/05/2018,C&M-PMS Contract Value,PRC DELEGATED CO-COMMISSIONING,NHS ROTHERHAM NHS GP PRACTICE,22109258,"56,735.21 "
Department of Health,NHS Rotherham CCG,31/05/2018,C&M-PMS Prem Healthcentre Rent,PRC DELEGATED CO-COMMISSIONING,NHS ROTHERHAM NHS GP PRACTICE,22109258,"3,910.21 "
Department of Health,NHS Rotherham CCG,31/05/2018,C&M-PMS QOF Aspiration,PRC DELEGATED CO-COMMISSIONING,NHS ROTHERHAM NHS GP PRACTICE,22109258,"5,691.16 "
Department of Health,NHS Rotherham CCG,31/05/2018,C&M-GMS Global Sum,PRC DELEGATED CO-COMMISSIONING,NHS ROTHERHAM NHS GP PRACTICE,22367050,"25,754.86 "
Department of Health,NHS Rotherham CCG,31/05/2018,C&M-GMS MPIG Correction Factor,PRC DELEGATED CO-COMMISSIONING,NHS ROTHERHAM NHS GP PRACTICE,22367050,89.99 
Department of Health,NHS Rotherham CCG,31/05/2018,C&M-GMS Prem Healthcentre Rent,PRC DELEGATED CO-COMMISSIONING,NHS ROTHERHAM NHS GP PRACTICE,22367050,"2,548.14 "
Department of Health,NHS Rotherham CCG,31/05/2018,C&M-GMS QOF Aspiration,PRC DELEGATED CO-COMMISSIONING,NHS ROTHERHAM NHS GP PRACTICE,22367050,"2,977.73 "
Department of Health,NHS Rotherham CCG,31/05/2018,C&M-PMS Contract Value,PRC DELEGATED CO-COMMISSIONING,NHS ROTHERHAM NHS GP PRACTICE,22109238,"27,393.17 "
Department of Health,NHS Rotherham CCG,31/05/2018,C&M-PMS Out of Hours Opt Outs,PRC DELEGATED CO-COMMISSIONING,NHS ROTHERHAM NHS GP PRACTICE,22109238,7.54 
Department of Health,NHS Rotherham CCG,31/05/2018,C&M-PMS Prem Notional Rent,PRC DELEGATED CO-COMMISSIONING,NHS ROTHERHAM NHS GP PRACTICE,22109238,"3,100.00 "
Department of Health,NHS Rotherham CCG,31/05/2018,C&M-PMS QOF Aspiration,PRC DELEGATED CO-COMMISSIONING,NHS ROTHERHAM NHS GP PRACTICE,22109238,"2,989.97 "
Department of Health,NHS Rotherham CCG,31/05/2018,C&M-PMS Contract Value,PRC DELEGATED CO-COMMISSIONING,NHS ROTHERHAM NHS GP PRACTICE,22109246,"53,222.77 "
Department of Health,NHS Rotherham CCG,31/05/2018,C&M-PMS Prem Notional Rent,PRC DELEGATED CO-COMMISSIONING,NHS ROTHERHAM NHS GP PRACTICE,22109246,"6,541.67 "
Department of Health,NHS Rotherham CCG,31/05/2018,C&M-PMS QOF Aspiration,PRC DELEGATED CO-COMMISSIONING,NHS ROTHERHAM NHS GP PRACTICE,22109246,"5,133.91 "
Department of Health,NHS Rotherham CCG,31/05/2018,C&M-GMS Global Sum,PRC DELEGATED CO-COMMISSIONING,NHS ROTHERHAM NHS GP PRACTICE,22363805,"71,452.40 "
Department of Health,NHS Rotherham CCG,31/05/2018,C&M-GMS PCO Locum Adop/Pat/Mat,PRC DELEGATED CO-COMMISSIONING,NHS ROTHERHAM NHS GP PRACTICE,22363805,"10,439.76 "
Department of Health,NHS Rotherham CCG,31/05/2018,C&M-GMS Prem Notional Rent,PRC DELEGATED CO-COMMISSIONING,NHS ROTHERHAM NHS GP PRACTICE,22363805,"6,225.00 "
Department of Health,NHS Rotherham CCG,31/05/2018,C&M-GMS Prem Rates,PRC DELEGATED CO-COMMISSIONING,NHS ROTHERHAM NHS GP PRACTICE,22363805,"1,022.00 "
Department of Health,NHS Rotherham CCG,31/05/2018,C&M-GMS QOF Aspiration,PRC DELEGATED CO-COMMISSIONING,NHS ROTHERHAM NHS GP PRACTICE,22363805,"8,012.31 "
Department of Health,NHS Rotherham CCG,31/05/2018,ME-GMS GP Prior Year EEs,PRC DELEGATED CO-COMMISSIONING,NHS ROTHERHAM NHS GP PRACTICE,22363805,696.04 
Department of Health,NHS Rotherham CCG,31/05/2018,C&M-GMS Global Sum,PRC DELEGATED CO-COMMISSIONING,NHS ROTHERHAM NHS GP PRACTICE,22363807,"29,849.59 "
Department of Health,NHS Rotherham CCG,31/05/2018,C&M-GMS Prem Healthcentre Rent,PRC DELEGATED CO-COMMISSIONING,NHS ROTHERHAM NHS GP PRACTICE,22363807,"3,742.43 "
Department of Health,NHS Rotherham CCG,31/05/2018,C&M-GMS QOF Aspiration,PRC DELEGATED CO-COMMISSIONING,NHS ROTHERHAM NHS GP PRACTICE,22363807,"2,641.32 "
Department of Health,NHS Rotherham CCG,31/05/2018,C&M-PMS Contract Value,PRC DELEGATED CO-COMMISSIONING,NHS ROTHERHAM NHS GP PRACTICE,22109242,"62,941.96 "
Department of Health,NHS Rotherham CCG,31/05/2018,C&M-PMS Prem Notional Rent,PRC DELEGATED CO-COMMISSIONING,NHS ROTHERHAM NHS GP PRACTICE,22109242,"3,966.67 "
Department of Health,NHS Rotherham CCG,31/05/2018,C&M-PMS Prem Rates,PRC DELEGATED CO-COMMISSIONING,NHS ROTHERHAM NHS GP PRACTICE,22109242,"2,354.81 "
Department of Health,NHS Rotherham CCG,31/05/2018,C&M-PMS QOF Aspiration,PRC DELEGATED CO-COMMISSIONING,NHS ROTHERHAM NHS GP PRACTICE,22109242,"5,917.39 "
Department of Health,NHS Rotherham CCG,31/05/2018,C&M-PMS Contract Value,PRC DELEGATED CO-COMMISSIONING,NHS ROTHERHAM NHS GP PRACTICE,22112251,"53,141.77 "
Department of Health,NHS Rotherham CCG,31/05/2018,C&M-PMS Prem Notional Rent,PRC DELEGATED CO-COMMISSIONING,NHS ROTHERHAM NHS GP PRACTICE,22112251,"3,645.83 "
Department of Health,NHS Rotherham CCG,31/05/2018,C&M-PMS Prem Rates,PRC DELEGATED CO-COMMISSIONING,NHS ROTHERHAM NHS GP PRACTICE,22112251,"1,100.52 "
Department of Health,NHS Rotherham CCG,31/05/2018,C&M-PMS QOF Aspiration,PRC DELEGATED CO-COMMISSIONING,NHS ROTHERHAM NHS GP PRACTICE,22112251,"5,443.41 "
Department of Health,NHS Rotherham CCG,31/05/2018,C&M-PMS Contract Value,PRC DELEGATED CO-COMMISSIONING,NHS ROTHERHAM NHS GP PRACTICE,22112253,"68,194.58 "
Department of Health,NHS Rotherham CCG,31/05/2018,C&M-PMS Prem Healthcentre Rent,PRC DELEGATED CO-COMMISSIONING,NHS ROTHERHAM NHS GP PRACTICE,22112253,545.18 
Department of Health,NHS Rotherham CCG,31/05/2018,C&M-PMS Prem Notional Rent,PRC DELEGATED CO-COMMISSIONING,NHS ROTHERHAM NHS GP PRACTICE,22112253,"3,402.08 "
Department of Health,NHS Rotherham CCG,31/05/2018,C&M-PMS Prem Water Rates,PRC DELEGATED CO-COMMISSIONING,NHS ROTHERHAM NHS GP PRACTICE,22112253,138.28 
Department of Health,NHS Rotherham CCG,31/05/2018,C&M-PMS QOF Aspiration,PRC DELEGATED CO-COMMISSIONING,NHS ROTHERHAM NHS GP PRACTICE,22112253,"5,847.48 "
Department of Health,NHS Rotherham CCG,31/05/2018,C&M-PMS GP Statutory Levy,PRC DELEGATED CO-COMMISSIONING,NHS ROTHERHAM NHS GP PRACTICE,22112248,(187.45)
Department of Health,NHS Rotherham CCG,31/05/2018,C&M-PMS Out of Hours Opt Outs,PRC DELEGATED CO-COMMISSIONING,NHS ROTHERHAM NHS GP PRACTICE,22112248,"(2,289.28)"
Department of Health,NHS Rotherham CCG,31/05/2018,C&M-PMS Voluntary Levy,PRC DELEGATED CO-COMMISSIONING,NHS ROTHERHAM NHS GP PRACTICE,22112248,(27.57)
Department of Health,NHS Rotherham CCG,31/05/2018,ME - PMS GP Prior Year ERs,PRC DELEGATED CO-COMMISSIONING,NHS ROTHERHAM NHS GP PRACTICE,22112248,"(12,470.03)"
Department of Health,NHS Rotherham CCG,31/05/2018,ME-PMS GP Pension EEs-PMS,PRC DELEGATED CO-COMMISSIONING,NHS ROTHERHAM NHS GP PRACTICE,22112248,"(2,595.58)"
Department of Health,NHS Rotherham CCG,31/05/2018,ME-PMS GP Pension ERs Adjs - PMS,PRC DELEGATED CO-COMMISSIONING,NHS ROTHERHAM NHS GP PRACTICE,22112248,"(2,720.21)"
Department of Health,NHS Rotherham CCG,31/05/2018,ME-PMS GP Prior Year EEs,PRC DELEGATED CO-COMMISSIONING,NHS ROTHERHAM NHS GP PRACTICE,22112248,"(11,772.41)"
Department of Health,NHS Rotherham CCG,31/05/2018,C&M-PMS Contract Value,PRC DELEGATED CO-COMMISSIONING,NHS ROTHERHAM NHS GP PRACTICE,22112249,"48,552.77 "
Department of Health,NHS Rotherham CCG,31/05/2018,C&M-PMS Prem Healthcentre Rent,PRC DELEGATED CO-COMMISSIONING,NHS ROTHERHAM NHS GP PRACTICE,22112249,"1,979.17 "
Department of Health,NHS Rotherham CCG,31/05/2018,C&M-PMS QOF Aspiration,PRC DELEGATED CO-COMMISSIONING,NHS ROTHERHAM NHS GP PRACTICE,22112249,"3,964.89 "
Department of Health,NHS Rotherham CCG,31/05/2018,C&M-PMS Contract Value,PRC DELEGATED CO-COMMISSIONING,NHS ROTHERHAM NHS GP PRACTICE,22109240,"47,374.33 "
Department of Health,NHS Rotherham CCG,31/05/2018,C&M-PMS Out of Hours Opt Outs,PRC DELEGATED CO-COMMISSIONING,NHS ROTHERHAM NHS GP PRACTICE,22109240,5.30 
Department of Health,NHS Rotherham CCG,31/05/2018,C&M-PMS Prem Notional Rent,PRC DELEGATED CO-COMMISSIONING,NHS ROTHERHAM NHS GP PRACTICE,22109240,"7,075.50 "
Department of Health,NHS Rotherham CCG,31/05/2018,C&M-PMS QOF Aspiration,PRC DELEGATED CO-COMMISSIONING,NHS ROTHERHAM NHS GP PRACTICE,22109240,"3,804.56 "
Department of Health,NHS Rotherham CCG,31/05/2018,C&M-PMS Contract Value,PRC DELEGATED CO-COMMISSIONING,NHS ROTHERHAM NHS GP PRACTICE,22109249,"38,547.58 "
Department of Health,NHS Rotherham CCG,31/05/2018,C&M-PMS Out of Hours Opt Outs,PRC DELEGATED CO-COMMISSIONING,NHS ROTHERHAM NHS GP PRACTICE,22109249,25.08 
Department of Health,NHS Rotherham CCG,31/05/2018,C&M-PMS Prem Notional Rent,PRC DELEGATED CO-COMMISSIONING,NHS ROTHERHAM NHS GP PRACTICE,22109249,"3,204.17 "
Department of Health,NHS Rotherham CCG,31/05/2018,C&M-PMS QOF Aspiration,PRC DELEGATED CO-COMMISSIONING,NHS ROTHERHAM NHS GP PRACTICE,22109249,"2,564.09 "
Department of Health,NHS Rotherham CCG,31/05/2018,C&M-PMS Contract Value,PRC DELEGATED CO-COMMISSIONING,NHS ROTHERHAM NHS GP PRACTICE,22109251,"76,119.08 "
Department of Health,NHS Rotherham CCG,31/05/2018,C&M-PMS Out of Hours Opt Outs,PRC DELEGATED CO-COMMISSIONING,NHS ROTHERHAM NHS GP PRACTICE,22109251,26.74 
Department of Health,NHS Rotherham CCG,31/05/2018,C&M-PMS Prem Notional Rent,PRC DELEGATED CO-COMMISSIONING,NHS ROTHERHAM NHS GP PRACTICE,22109251,"6,512.50 "
Department of Health,NHS Rotherham CCG,31/05/2018,C&M-PMS Prem Rates,PRC DELEGATED CO-COMMISSIONING,NHS ROTHERHAM NHS GP PRACTICE,22109251,"1,835.00 "
Department of Health,NHS Rotherham CCG,31/05/2018,C&M-PMS QOF Aspiration,PRC DELEGATED CO-COMMISSIONING,NHS ROTHERHAM NHS GP PRACTICE,22109251,"6,796.18 "
Department of Health,NHS Rotherham CCG,31/05/2018,Prescribing,MEDICINES MANAGEMENT - CLINICAL,FRESENIUS KABI LTD,22208433,"28,615.72 "
Department of Health,NHS Rotherham CCG,31/05/2018,C&M-APMS Contract Value,PRC DELEGATED CO-COMMISSIONING,NHS ROTHERHAM NHS GP PRACTICE,22109253,"56,978.52 "
Department of Health,NHS Rotherham CCG,31/05/2018,C&M-APMS Prem Actual Rent,PRC DELEGATED CO-COMMISSIONING,NHS ROTHERHAM NHS GP PRACTICE,22109253,"20,833.33 "
Department of Health,NHS Rotherham CCG,31/05/2018,C&M-APMS Prem Healthcentre Rent,PRC DELEGATED CO-COMMISSIONING,NHS ROTHERHAM NHS GP PRACTICE,22109253,"9,366.49 "
Department of Health,NHS Rotherham CCG,31/05/2018,C&M-PMS DES Learn Dsblty Hlth Chk,PRC DELEGATED CO-COMMISSIONING,NHS ROTHERHAM NHS GP PRACTICE,22109253,"1,960.00 "
Department of Health,NHS Rotherham CCG,31/05/2018,C&M-PMS Funding Differential Review,PRC DELEGATED CO-COMMISSIONING,NHS ROTHERHAM NHS GP PRACTICE,22109253,"12,840.67 "
Department of Health,NHS Rotherham CCG,31/05/2018,C&M-PMS QOF Aspiration,PRC DELEGATED CO-COMMISSIONING,NHS ROTHERHAM NHS GP PRACTICE,22109253,"4,791.33 "
Department of Health,NHS Rotherham CCG,31/05/2018,VAT Reclaim <1Yr,BALANCE SHEET,HM REVENUE AND CUSTOMS,22108439,"39,776.95 "
Department of Health,NHS Rotherham CCG,31/05/2018,Apprenticeship Levy Payable,BALANCE SHEET,HMRC,22180858,508.00 
Department of Health,NHS Rotherham CCG,31/05/2018,Income tax <1Yr,BALANCE SHEET,HMRC,22180858,"50,091.60 "
Department of Health,NHS Rotherham CCG,31/05/2018,Income tax <1Yr-Student Loans,BALANCE SHEET,HMRC,22180858,346.00 
Department of Health,NHS Rotherham CCG,31/05/2018,National Insurance < 1 yr-NI- ERS,BALANCE SHEET,HMRC,22180858,"36,733.17 "
Department of Health,NHS Rotherham CCG,31/05/2018,National Insurance < 1 yr-NI-EES,BALANCE SHEET,HMRC,22180858,"28,264.19 "
Department of Health,NHS Rotherham CCG,31/05/2018,Chrgs from SLA,BUSINESS INFORMATICS,KIER BUSINESS SERVICES LTD,22256944,"26,598.00 "
Department of Health,NHS Rotherham CCG,31/05/2018,Hcare Srv Rec NHS Trust-Contract Baseline,ACUTE COMMISSIONING,LEEDS TEACHING HOSPITALS NHS TRUST,22040685,"30,671.00 "
Department of Health,NHS Rotherham CCG,31/05/2018,C&M-PMS Contract Value,PRC DELEGATED CO-COMMISSIONING,NHS ROTHERHAM NHS GP PRACTICE,22112254,"116,737.87 "
Department of Health,NHS Rotherham CCG,31/05/2018,C&M-PMS Out of Hours Opt Outs,PRC DELEGATED CO-COMMISSIONING,NHS ROTHERHAM NHS GP PRACTICE,22112254,12.32 
Department of Health,NHS Rotherham CCG,31/05/2018,C&M-PMS PCO Other,PRC DELEGATED CO-COMMISSIONING,NHS ROTHERHAM NHS GP PRACTICE,22112254,"4,910.50 "
Department of Health,NHS Rotherham CCG,31/05/2018,C&M-PMS Prem Actual Rent,PRC DELEGATED CO-COMMISSIONING,NHS ROTHERHAM NHS GP PRACTICE,22112254,"76,215.63 "
Department of Health,NHS Rotherham CCG,31/05/2018,C&M-PMS Prem Healthcentre Rent,PRC DELEGATED CO-COMMISSIONING,NHS ROTHERHAM NHS GP PRACTICE,22112254,"1,088.07 "
Department of Health,NHS Rotherham CCG,31/05/2018,C&M-PMS Prem Notional Rent,PRC DELEGATED CO-COMMISSIONING,NHS ROTHERHAM NHS GP PRACTICE,22112254,"7,079.17 "
Department of Health,NHS Rotherham CCG,31/05/2018,C&M-PMS Prem Rates,PRC DELEGATED CO-COMMISSIONING,NHS ROTHERHAM NHS GP PRACTICE,22112254,"6,540.18 "
Department of Health,NHS Rotherham CCG,31/05/2018,C&M-PMS Prem Water Rates,PRC DELEGATED CO-COMMISSIONING,NHS ROTHERHAM NHS GP PRACTICE,22112254,169.95 
Department of Health,NHS Rotherham CCG,31/05/2018,C&M-PMS QOF Aspiration,PRC DELEGATED CO-COMMISSIONING,NHS ROTHERHAM NHS GP PRACTICE,22112254,"11,807.90 "
Department of Health,NHS Rotherham CCG,31/05/2018,C&M-PMS Contract Value,PRC DELEGATED CO-COMMISSIONING,NHS ROTHERHAM NHS GP PRACTICE,22110333,"52,316.75 "
Department of Health,NHS Rotherham CCG,31/05/2018,C&M-PMS Out of Hours Opt Outs,PRC DELEGATED CO-COMMISSIONING,NHS ROTHERHAM NHS GP PRACTICE,22110333,0.84 
Department of Health,NHS Rotherham CCG,31/05/2018,C&M-PMS Prem Healthcentre Rent,PRC DELEGATED CO-COMMISSIONING,NHS ROTHERHAM NHS GP PRACTICE,22110333,"3,818.36 "
Department of Health,NHS Rotherham CCG,31/05/2018,C&M-PMS QOF Aspiration,PRC DELEGATED CO-COMMISSIONING,NHS ROTHERHAM NHS GP PRACTICE,22110333,"5,834.10 "
Department of Health,NHS Rotherham CCG,31/05/2018,NHS Recbles <1Yr- CHC Risk Pool Con,BALANCE SHEET,MARK NADIN,22376982,"55,342.93 "
Department of Health,NHS Rotherham CCG,31/05/2018,NHS Recbles <1Yr- CHC Risk Pool Con,BALANCE SHEET,NORTON PESKETT SOLICITORS,22274288,"51,880.07 "
Department of Health,NHS Rotherham CCG,31/05/2018,Clinical&Medical-Commercial Sector,ACUTE COMMISSIONING,ONEHEALTH GROUP,22309489,"41,478.61 "
Department of Health,NHS Rotherham CCG,31/05/2018,Clinical&Medical-Commercial Sector,ACUTE COMMISSIONING,ONEHEALTH GROUP,22309730,"34,415.55 "
Department of Health,NHS Rotherham CCG,31/05/2018,Hcare Srv Rec Fdtn Trust-Contract Baseline,LEARNING DIFFICULTIES,ROTHERHAM DONCASTER & SOUTH HUMBER MENTAL HEALTH NHS FOUNDATION TRUST,22181516,"186,118.00 "
Department of Health,NHS Rotherham CCG,31/05/2018,Hcare Srv Rec Fdtn Trust-Contract Baseline,MENTAL HEALTH CONTRACTS,ROTHERHAM DONCASTER & SOUTH HUMBER MENTAL HEALTH NHS FOUNDATION TRUST,22181520,"2,352,119.83 "
Department of Health,NHS Rotherham CCG,31/05/2018,Clinical&Medical-Voluntary Sector,HOSPICES,ROTHERHAM HOSPICE TRUST (THE),22450141,"1,727,365.00 "
Department of Health,NHS Rotherham CCG,30/04/2018,Voids and Subsidies,RECHARGES NHS PROPERTY SERVICES LTD,ROTHERHAM NHS FOUNDATION TRUST,21869711,"30,546.00 "
Department of Health,NHS Rotherham CCG,30/04/2018,Hcare Srv Rec Fdtn Trust-Contract Baseline,COMMUNITY SERVICES,ROTHERHAM NHS FOUNDATION TRUST,21935960,"102,070.00 "
Department of Health,NHS Rotherham CCG,30/04/2018,Hcare Srv Rec Fdtn Trust-Contract Baseline,ACUTE COMMISSIONING,ROTHERHAM NHS FOUNDATION TRUST,21935969,"14,370,771.00 "
Department of Health,NHS Rotherham CCG,30/04/2018,Computer Network Costs,IM&T,ROTHERHAM NHS FOUNDATION TRUST,21858797,"57,332.00 "
Department of Health,NHS Rotherham CCG,30/04/2018,Computer Hardware Purch,PRIMARY CARE IT,ROTHERHAM NHS FOUNDATION TRUST,21858798,"115,141.00 "
Department of Health,NHS Rotherham CCG,31/05/2018,Hcare Srv Rec Fdtn Trust-Contract Baseline,ACUTE COMMISSIONING,SHEFFIELD CHILDRENS NHS FOUNDATION TRUST,22040757,"182,802.28 "
Department of Health,NHS Rotherham CCG,31/05/2018,Hcare Srv Rec Fdtn Trust-Contract Baseline,ACUTE COMMISSIONING,SHEFFIELD TEACHING HOSPITALS NHS FOUNDATION TRUST,21991155,"(474,131.00)"
Department of Health,NHS Rotherham CCG,31/05/2018,Hcare Srv Rec Fdtn Trust-Contract Cost per Case,ACUTE COMMISSIONING,SHEFFIELD TEACHING HOSPITALS NHS FOUNDATION TRUST,22040735,"191,719.00 "
Department of Health,NHS Rotherham CCG,31/05/2018,Hcare Srv Rec Fdtn Trust-Contract Baseline,ACUTE COMMISSIONING,SHEFFIELD TEACHING HOSPITALS NHS FOUNDATION TRUST,22040737,"42,213.00 "
Department of Health,NHS Rotherham CCG,31/05/2018,Hcare Srv Rec Fdtn Trust-Contract Cost per Case,ACUTE COMMISSIONING,SHEFFIELD TEACHING HOSPITALS NHS FOUNDATION TRUST,22040737,"1,182.00 "
Department of Health,NHS Rotherham CCG,31/05/2018,Hcare Srv Rec Fdtn Trust-Contract Baseline,ACUTE COMMISSIONING,SHEFFIELD TEACHING HOSPITALS NHS FOUNDATION TRUST,22040739,"1,751,508.00 "
Department of Health,NHS Rotherham CCG,30/04/2018,Computer Software/License,PRC DELEGATED CO-COMMISSIONING,SOFTCAT LTD,21852658,"96,869.20 "
Department of Health,NHS Rotherham CCG,31/05/2018,Clinical&Medical-Commercial Sector,NCAS/OATS,SPAMEDICA LTD,22377021,"31,330.77 "
Department of Health,NHS Rotherham CCG,31/05/2018,C&M-PMS GP Statutory Levy,PRC DELEGATED CO-COMMISSIONING,NHS ROTHERHAM NHS GP PRACTICE,22109254,(469.29)
Department of Health,NHS Rotherham CCG,31/05/2018,C&M-PMS Out of Hours Opt Outs,PRC DELEGATED CO-COMMISSIONING,NHS ROTHERHAM NHS GP PRACTICE,22109254,"(5,876.51)"
Department of Health,NHS Rotherham CCG,31/05/2018,C&M-PMS Voluntary Levy,PRC DELEGATED CO-COMMISSIONING,NHS ROTHERHAM NHS GP PRACTICE,22109254,(69.01)
Department of Health,NHS Rotherham CCG,31/05/2018,ME - PMS GP Prior Year ERs,PRC DELEGATED CO-COMMISSIONING,NHS ROTHERHAM NHS GP PRACTICE,22109254,"(7,945.77)"
Department of Health,NHS Rotherham CCG,31/05/2018,ME-PMS GP Pension EEs-PMS,PRC DELEGATED CO-COMMISSIONING,NHS ROTHERHAM NHS GP PRACTICE,22109254,"(11,855.56)"
Department of Health,NHS Rotherham CCG,31/05/2018,ME-PMS GP Pension ERs Adjs - PMS,PRC DELEGATED CO-COMMISSIONING,NHS ROTHERHAM NHS GP PRACTICE,22109254,"(11,918.60)"
Department of Health,NHS Rotherham CCG,31/05/2018,ME-PMS GP Prior Year EEs,PRC DELEGATED CO-COMMISSIONING,NHS ROTHERHAM NHS GP PRACTICE,22109254,"(8,012.07)"
Department of Health,NHS Rotherham CCG,31/05/2018,C&M-PMS Contract Value,PRC DELEGATED CO-COMMISSIONING,NHS ROTHERHAM NHS GP PRACTICE,22109256,"124,953.74 "
Department of Health,NHS Rotherham CCG,31/05/2018,C&M-PMS Prem Healthcentre Rent,PRC DELEGATED CO-COMMISSIONING,NHS ROTHERHAM NHS GP PRACTICE,22109256,671.08 
Department of Health,NHS Rotherham CCG,31/05/2018,C&M-PMS QOF Aspiration,PRC DELEGATED CO-COMMISSIONING,NHS ROTHERHAM NHS GP PRACTICE,22109256,"12,581.52 "
Department of Health,NHS Rotherham CCG,31/05/2018,ME - PMS GP Prior Year ERs,PRC DELEGATED CO-COMMISSIONING,NHS ROTHERHAM NHS GP PRACTICE,22109256,192.72 
Department of Health,NHS Rotherham CCG,31/05/2018,ME-PMS GP Prior Year EEs,PRC DELEGATED CO-COMMISSIONING,NHS ROTHERHAM NHS GP PRACTICE,22109256,181.98 
Department of Health,NHS Rotherham CCG,31/05/2018,Cont Care- Prior Year Payments,ADULT JOINT FUNDED CONTINUING CARE,WAKEFIELD COUNCIL,22229123,"26,562.80 "
Department of Health,NHS Rotherham CCG,31/05/2018,Hcare Srv Rec NHS Trust-Contract Baseline,AMBULANCE SERVICES,YORKSHIRE AMBULANCE SERVICE NHS TRUST,22040751,"619,282.00 "
Department of Health,NHS Rotherham CCG,31/05/2018,Hcare Srv Rec NHS Trust-Contract Baseline,NHS 111,YORKSHIRE AMBULANCE SERVICE NHS TRUST,22040752,"55,000.00 "
Department of Health,NHS Rotherham CCG,31/05/2018,Hcare Srv Rec NHS Trust-Contract Baseline,PATIENT TRANSPORT,YORKSHIRE AMBULANCE SERVICE NHS TRUST,22040753,"119,257.60 "
,,,,,,,"26,397,111.69 "
,,,,,,,
