NHS Kernow CCG,,,,,,,,
,,,,,,,,
Expenditure Over Threshold - November 2018,,,,,,,,
,,,,,,,,
,,,,,,,,
,,,,,,,,
Department family,Entity,Date,Expense Type,Expense area,Supplier,Transaction number,�,Purchase invoice number
Department of Health,NHS Kernow CCG,11/30/2018,Computer Network Costs,IM&T,ROYAL CORNWALL HOSPITALS NHS TRUST,24554484,"25,591.00 ",4018244
Department of Health,NHS Kernow CCG,11/30/2018,Computer Network Costs,PRIMARY CARE IT,ROYAL CORNWALL HOSPITALS NHS TRUST,24554485,"27,649.00 ",4018245
Department of Health,NHS Kernow CCG,11/30/2018,Clinical&Medical-Commercial Sector,COMMUNITY SERVICES,LIVEWELL SOUTHWEST,24573079,"63,500.00 ",41132665
Department of Health,NHS Kernow CCG,11/30/2018,Clinical&Medical-Commercial Sector,ACUTE COMMISSIONING,NUFFIELD HEALTH,24573146,"136,778.00 ",SACKER1811112TH
Department of Health,NHS Kernow CCG,11/30/2018,Hcare Srv Rec NHS Trust-Contract Baseline,ACUTE COMMISSIONING,NORTHERN DEVON HEALTHCARE NHS TRUST,24573165,"574,417.00 ",0000727179
Department of Health,NHS Kernow CCG,11/30/2018,Clinical&Medical-Commercial Sector,ACUTE COMMISSIONING,PROBUS SURGERY LTD,24573177,"196,285.00 ",NOVEMBER2018
Department of Health,NHS Kernow CCG,11/30/2018,Healthcare Srv Rec CCG,ACUTE COMMISSIONING,"NHS NORTH, EAST, WEST DEVON CCG",24573234,"56,355.00 ",7031004121
Department of Health,NHS Kernow CCG,11/30/2018,Clinical&Medical-Not For Profit,WHEELCHAIR SERVICE,MILLBROOK HEALTHCARE LTD,24573320,"46,639.80 ",19962
Department of Health,NHS Kernow CCG,11/30/2018,Hcare Srv Rec NHS Trust-Contract Baseline,ACUTE COMMISSIONING,ROYAL CORNWALL HOSPITALS NHS TRUST,24586475,"22,878,429.00 ",4018248
Department of Health,NHS Kernow CCG,11/30/2018,Non-PFI Oprtng Lease-Bldgs-Lease Rent,RECHARGES NHS PROPERTY SERVICES LTD,NHS PROPERTY SERVICES LTD,24586609,"90,430.20 ",00000001H110321
Department of Health,NHS Kernow CCG,11/30/2018,Non-PFI Oprtng Lease-Bldgs-Lease Rent,RECHARGES NHS PROPERTY SERVICES LTD,NHS PROPERTY SERVICES LTD,24586618,"37,453.50 ",00000001H110313
Department of Health,NHS Kernow CCG,11/30/2018,Hcare Srv Rec Fdtn Trust-Contract Baseline,CHILDREN SERVICES,CORNWALL PARTNERSHIP NHS FOUNDATION TRUST,24586641,"288,166.00 ",1010037267
Department of Health,NHS Kernow CCG,11/30/2018,Hcare Srv Rec Fdtn Trust-Contract Baseline,COMMUNITY SERVICES,CORNWALL PARTNERSHIP NHS FOUNDATION TRUST,24586641,"6,111,762.00 ",1010037267
Department of Health,NHS Kernow CCG,11/30/2018,Hcare Srv Rec Fdtn Trust-Contract Baseline,LEARNING DIFFICULTIES,CORNWALL PARTNERSHIP NHS FOUNDATION TRUST,24586641,"772,583.00 ",1010037267
Department of Health,NHS Kernow CCG,11/30/2018,Hcare Srv Rec Fdtn Trust-Contract Baseline,MENTAL HEALTH SERVICES - ADULTS,CORNWALL PARTNERSHIP NHS FOUNDATION TRUST,24586641,"1,641,416.00 ",1010037267
Department of Health,NHS Kernow CCG,11/30/2018,Hcare Srv Rec Fdtn Trust-Non Contract,MENTAL HEALTH SERVICES - COLLABORATIVE COMMISSIONING,CORNWALL PARTNERSHIP NHS FOUNDATION TRUST,24586641,"3,177,666.00 ",1010037267
Department of Health,NHS Kernow CCG,11/30/2018,Hcare Srv Rec NHS Trust,PATIENT TRANSPORT,BARTS HEALTH NHS TRUST,24618652,"13,465.00 ",347754
Department of Health,NHS Kernow CCG,11/30/2018,Hcare Srv Rec NHS Trust-Non Contract,NCAS/OATS,BARTS HEALTH NHS TRUST,24618652,"12,138.55 ",347754
Department of Health,NHS Kernow CCG,11/30/2018,Clinical&Medical-Commercial Sector,LEARNING DIFFICULTIES,ASC HEALTHCARE LTD,24634159,"45,423.30 ",10649
Department of Health,NHS Kernow CCG,11/30/2018,Clinical&Medical-Commercial Sector,LEARNING DIFFICULTIES,ASC HEALTHCARE LTD,24634612,"52,257.14 ",10665
Department of Health,NHS Kernow CCG,11/30/2018,Hcare Srv Rec NHS Trust,PATIENT TRANSPORT,ROYAL CORNWALL HOSPITALS NHS TRUST,24682718,"44,695.06 ",4011952
Department of Health,NHS Kernow CCG,11/30/2018,Clinical&Medical-Commercial Sector,Mental Health Services - S117 Mental Health,NEWCROSS HEALTHCARE SOLUTIONS LTD,24682736,"26,390.80 ",342381
Department of Health,NHS Kernow CCG,11/30/2018,Expenditure on Drugs Action Team,MENTAL HEALTH SERVICES - COLLABORATIVE COMMISSIONING,CORNWALL COUNCIL,24682776,"128,000.00 ",98258446
Department of Health,NHS Kernow CCG,11/30/2018,Cont Care-Learning Disab(<65),CHC ADULT FULLY FUNDED,DEVON & CORNWALL AUTISTIC COMMUNITY TRUST,24682905,"26,275.38 ",00000013963
Department of Health,NHS Kernow CCG,11/30/2018,Clinical&Medical-Othe Public Sector,LEARNING DIFFICULTIES,CORNWALL COUNCIL,24686017,"35,280.00 ",98260575
Department of Health,NHS Kernow CCG,11/30/2018,Clinical&Medical-Voluntary Sector,MENTAL HEALTH SERVICES - COLLABORATIVE COMMISSIONING,PENTREATH LTD,24686034,"51,689.22 ",18593
Department of Health,NHS Kernow CCG,11/30/2018,Clinical&Medical-Commercial Sector,IMPROVING ACCESS TO PSYCHOLOGICAL THERAPIES,OUTLOOK SW LTD,24686064,"358,333.33 ",3643
Department of Health,NHS Kernow CCG,11/30/2018,Clinical&Medical-Independent Sector,ACUTE COMMISSIONING,CARE UK CLINICAL SERVICES LTD,24697117,"292,126.83 ",100080424
Department of Health,NHS Kernow CCG,11/30/2018,Clinical&Medical-Independent Sector,PLANNED CARE,PENINSULA ULTRASOUND LTD,24697118,"73,552.00 ",393
Department of Health,NHS Kernow CCG,11/30/2018,Clinical&Medical-Commercial Sector,PALLIATIVE CARE,HUGH STEEPER LTD,24697119,"97,712.46 ",SIN1810OT086351
Department of Health,NHS Kernow CCG,11/30/2018,Clinical&Medical-Commercial Sector,ACUTE COMMISSIONING,DUCHY HOSPITAL,24697120,"1,341,859.00 ",NVC04NOV18
Department of Health,NHS Kernow CCG,11/30/2018,Computer Software/License,PRESCRIBING,FIRST DATABANK EUROPE LTD,24706038,"43,661.71 ",8008
Department of Health,NHS Kernow CCG,11/30/2018,Oth Travel Costs-Training Trav&Subs,MATERNITY SERVICES,ROYAL CORNWALL HOSPITALS NHS TRUST,24706053,"50,000.00 ",4018188
Department of Health,NHS Kernow CCG,11/30/2018,Clinical&Medical-Commercial Sector,COMMUNITY SERVICES,SPECSAVERS HEARCARE LTD,24706072,"32,683.30 ",20380099
Department of Health,NHS Kernow CCG,11/30/2018,Clinical&Medical-Clinical Other,COMMISSIONING SCHEMES,KERNOW HEALTH COMMUNITY INTEREST CO,24706081,"34,851.70 ",800190
Department of Health,NHS Kernow CCG,11/30/2018,Clinical&Medical-Independent Sector,PLANNED CARE,ECHOGENICITY LTD,24706177,"43,650.00 ",INV201807
Department of Health,NHS Kernow CCG,11/30/2018,Hlthcre-Foundation Trsts,AMBULANCE SERVICES,SOUTH WESTERN AMBULANCE SERVICE NHS FOUNDATION TRUST,24706677,"26,736.04 ",6297834
Department of Health,NHS Kernow CCG,11/30/2018,Clinical&Medical-Commercial Sector,GP FORWARD VIEW,KERNOW HEALTH COMMUNITY INTEREST CO,24724701,"27,135.07 ",800198
Department of Health,NHS Kernow CCG,11/30/2018,C&M-PMS LES 24 Hour ABPM,LOCAL ENHANCED SERVICES,STENNACK SURGERY,24724721,"1,300.00 ",1897
Department of Health,NHS Kernow CCG,11/30/2018,C&M-PMS LES 24hr ECG,LOCAL ENHANCED SERVICES,STENNACK SURGERY,24724721,"1,134.00 ",1897
Department of Health,NHS Kernow CCG,11/30/2018,C&M-PMS LES Anti-coagulation,LOCAL ENHANCED SERVICES,STENNACK SURGERY,24724721,"1,964.69 ",1897
Department of Health,NHS Kernow CCG,11/30/2018,C&M-PMS LES MRSA,LOCAL ENHANCED SERVICES,STENNACK SURGERY,24724721,180.00 ,1897
Department of Health,NHS Kernow CCG,11/30/2018,C&M-PMS LES Near Patient Testing,LOCAL ENHANCED SERVICES,STENNACK SURGERY,24724721,103.81 ,1897
Department of Health,NHS Kernow CCG,11/30/2018,C&M-PMS LES Post Operative Care,LOCAL ENHANCED SERVICES,STENNACK SURGERY,24724721,"3,676.23 ",1897
Department of Health,NHS Kernow CCG,11/30/2018,C&M-PMS LES Pre Operative Care,LOCAL ENHANCED SERVICES,STENNACK SURGERY,24724721,"1,418.62 ",1897
Department of Health,NHS Kernow CCG,11/30/2018,C&M-PMS NES Minor Injury Services,LOCAL ENHANCED SERVICES,STENNACK SURGERY,24724721,"15,594.44 ",1897
Department of Health,NHS Kernow CCG,11/30/2018,C&M-PMS NES Near Patient Testing,LOCAL ENHANCED SERVICES,STENNACK SURGERY,24724721,"1,109.83 ",1897
Department of Health,NHS Kernow CCG,11/30/2018,Hcare Srv Rec Fdtn Trust-Contract Baseline,AMBULANCE SERVICES,SOUTH WESTERN AMBULANCE SERVICE NHS FOUNDATION TRUST,24752098,"46,750.00 ",6297799
Department of Health,NHS Kernow CCG,11/30/2018,Clinical&Medical-Voluntary Sector,HOSPICES,CORNWALL HOSPICE CARE LTD,24752106,"84,777.00 ",CHC1531
Department of Health,NHS Kernow CCG,11/30/2018,Hlthcre-Foundation Trsts,PATIENT TRANSPORT,SOUTH WESTERN AMBULANCE SERVICE NHS FOUNDATION TRUST,24752136,"1,995,375.00 ",6297826
Department of Health,NHS Kernow CCG,11/30/2018,Hcare Srv Rec NHS Trust-Contract Baseline,ACUTE COMMISSIONING,NORTH BRISTOL NHS TRUST,24752228,"53,936.00 ",354903
Department of Health,NHS Kernow CCG,11/30/2018,Cont Care- Retrospective Claims,CHC ADULT FULLY FUNDED,BEECHLAWN NURSING HOME,24754875,"31,389.71 ",10006186
Department of Health,NHS Kernow CCG,11/30/2018,Cont Care- Retrospective Claims,CHC ADULT FULLY FUNDED,ALMONDSBURY CARE LTD,24754877,"56,153.90 ",10006187
Department of Health,NHS Kernow CCG,11/30/2018,Cont Care- Retrospective Claims,CHC ADULT FULLY FUNDED,BENONI NURSING HOME LTD,24754879,"31,646.71 ",10006188
Department of Health,NHS Kernow CCG,11/30/2018,Cont Care- Retrospective Claims,CHC ADULT FULLY FUNDED,CARITATE LTD,24754885,"26,667.29 ",10006191
Department of Health,NHS Kernow CCG,11/30/2018,Cont Care- Retrospective Claims,CHC ADULT FULLY FUNDED,CATHEDRAL VIEW LTD,24754890,"54,107.69 ",10006193
Department of Health,NHS Kernow CCG,11/30/2018,Cont Care- Retrospective Claims,CHC ADULT FULLY FUNDED,CORNWALL CARE LTD,24754894,"59,784.88 ",10006195
Department of Health,NHS Kernow CCG,11/30/2018,Cont Care- Retrospective Claims,CHC ADULT FULLY FUNDED,CORNWALL CARE LTD,24754895,"33,394.19 ",10006196
Department of Health,NHS Kernow CCG,11/30/2018,Cont Care- Retrospective Claims,CHC ADULT FULLY FUNDED,FAIRHOLME NURSING HOME,24754898,"77,690.89 ",10006199
Department of Health,NHS Kernow CCG,11/30/2018,Cont Care- Retrospective Claims,CHC ADULT FULLY FUNDED,GLENCOE CARE LTD,24754899,"43,202.87 ",10006200
Department of Health,NHS Kernow CCG,11/30/2018,Cont Care- Retrospective Claims,CHC ADULT FULLY FUNDED,HILLCREST HOUSE NURSING HOME,24754901,"48,679.05 ",10006202
Department of Health,NHS Kernow CCG,11/30/2018,Cont Care- Retrospective Claims,CHC ADULT FULLY FUNDED,BARCHESTER HEALTHCARE LTD,24754902,"153,209.22 ",10006203
Department of Health,NHS Kernow CCG,11/30/2018,Cont Care- Retrospective Claims,CHC ADULT FULLY FUNDED,BARCHESTER HEALTHCARE LTD,24754903,"180,419.43 ",10006204
Department of Health,NHS Kernow CCG,11/30/2018,Cont Care- Retrospective Claims,CHC ADULT FULLY FUNDED,KING CHARLES COURT LTD,24754904,"30,892.49 ",10006205
Department of Health,NHS Kernow CCG,11/30/2018,Cont Care- Retrospective Claims,CHC ADULT FULLY FUNDED,CORNWALLIS CARE SERVICES LTD,24754907,"30,664.42 ",10006208
Department of Health,NHS Kernow CCG,11/30/2018,Cont Care- Retrospective Claims,CHC ADULT FULLY FUNDED,CORNWALL CARE LTD,24754909,"47,865.02 ",10006210
Department of Health,NHS Kernow CCG,11/30/2018,Cont Care- Retrospective Claims,CHC ADULT FULLY FUNDED,NEWQUAY NURSING HOME,24754910,"27,334.28 ",10006211
Department of Health,NHS Kernow CCG,11/30/2018,Cont Care- Retrospective Claims,CHC ADULT FULLY FUNDED,NORTH HILL HOUSE,24754911,"33,952.84 ",10006212
Department of Health,NHS Kernow CCG,11/30/2018,Cont Care- Retrospective Claims,CHC ADULT FULLY FUNDED,CORNWALL CARE LTD,24754914,"43,477.09 ",10006215
Department of Health,NHS Kernow CCG,11/30/2018,Cont Care- Retrospective Claims,CHC ADULT FULLY FUNDED,PENHELLIS NURSING HOME,24754915,"42,835.78 ",10006216
Department of Health,NHS Kernow CCG,11/30/2018,Cont Care- Retrospective Claims,CHC ADULT FULLY FUNDED,SWALLOWCOURT LTD,24754916,"51,403.27 ",10006217
Department of Health,NHS Kernow CCG,11/30/2018,Cont Care- Retrospective Claims,CHC ADULT FULLY FUNDED,SWALLOWCOURT LTD,24754917,"34,664.45 ",10006218
Department of Health,NHS Kernow CCG,11/30/2018,Cont Care- Retrospective Claims,CHC ADULT FULLY FUNDED,ROSELAND CARE LTD,24754922,"37,362.81 ",10006223
Department of Health,NHS Kernow CCG,11/30/2018,Cont Care- Retrospective Claims,CHC ADULT FULLY FUNDED,CORNWALL CARE LTD,24754926,"62,441.39 ",10006227
Department of Health,NHS Kernow CCG,11/30/2018,Cont Care- Retrospective Claims,CHC ADULT FULLY FUNDED,LEONARD CHESHIRE DISABILITY,24754927,"88,450.87 ",10006228
Department of Health,NHS Kernow CCG,11/30/2018,Cont Care- Retrospective Claims,CHC ADULT FULLY FUNDED,ORANGE CARE LTD,24754929,"49,905.32 ",10006230
Department of Health,NHS Kernow CCG,11/30/2018,Cont Care- Retrospective Claims,CHC ADULT FULLY FUNDED,TORCARE LTD,24754932,"38,243.74 ",10006233
Department of Health,NHS Kernow CCG,11/30/2018,Cont Care- Retrospective Claims,CHC ADULT FULLY FUNDED,TRECARE GROUP LTD,24754934,"108,038.92 ",10006235
Department of Health,NHS Kernow CCG,11/30/2018,Cont Care- Retrospective Claims,CHC ADULT FULLY FUNDED,TRECARE GROUP LTD,24754935,"70,519.60 ",10006236
Department of Health,NHS Kernow CCG,11/30/2018,Cont Care- Retrospective Claims,CHC ADULT FULLY FUNDED,SHAROB CARE (BUDE) LTD,24754936,"28,645.48 ",10006237
Department of Health,NHS Kernow CCG,11/30/2018,Cont Care- Retrospective Claims,CHC ADULT FULLY FUNDED,CORNWALL CARE LTD,24754937,"38,311.52 ",10006238
Department of Health,NHS Kernow CCG,11/30/2018,Cont Care- Retrospective Claims,CHC ADULT FULLY FUNDED,CORNWALL CARE LTD,24754938,"58,529.98 ",10006239
Department of Health,NHS Kernow CCG,11/30/2018,Cont Care- Retrospective Claims,CHC ADULT FULLY FUNDED,SWALLOWCOURT LTD,24754939,"93,519.60 ",10006240
Department of Health,NHS Kernow CCG,11/30/2018,Cont Care- Retrospective Claims,CHC ADULT FULLY FUNDED,CORNWALL CARE LTD,24754940,"40,134.97 ",10006241
Department of Health,NHS Kernow CCG,11/30/2018,Cont Care- Retrospective Claims,CHC ADULT FULLY FUNDED,CORNWALL CARE LTD,24754941,"51,861.76 ",10006242
Department of Health,NHS Kernow CCG,11/30/2018,Apprenticeship Levy Payable,BALANCE SHEET,HMRC,24776989,"2,429.00 ",120PS005784571907
Department of Health,NHS Kernow CCG,11/30/2018,Income tax <1Yr,BALANCE SHEET,HMRC,24776989,"100,764.22 ",120PS005784571907
Department of Health,NHS Kernow CCG,11/30/2018,Income tax <1Yr-Student Loans,BALANCE SHEET,HMRC,24776989,"1,088.00 ",120PS005784571907
Department of Health,NHS Kernow CCG,11/30/2018,National Insurance < 1 yr-NI- ERS,BALANCE SHEET,HMRC,24776989,"74,146.63 ",120PS005784571907
Department of Health,NHS Kernow CCG,11/30/2018,National Insurance < 1 yr-NI-EES,BALANCE SHEET,HMRC,24776989,"55,253.67 ",120PS005784571907
Department of Health,NHS Kernow CCG,11/30/2018,Statutory Mat Pay < 1 yr,BALANCE SHEET,HMRC,24776989,"(2,619.10)",120PS005784571907
Department of Health,NHS Kernow CCG,11/30/2018,Clinical&Medical-Independent Sector,COMMUNITY SERVICES,SANDY HILL PHYSIO LTD,24786630,"26,757.83 ",35919
Department of Health,NHS Kernow CCG,11/30/2018,Prescribing,PRESCRIBING,AMCARE LTD,24786678,"184,079.98 ",OPI248508
Department of Health,NHS Kernow CCG,11/30/2018,Hcare Srv Rec NHS Trust-Contract Baseline,ACUTE COMMISSIONING,UNIVERSITY HOSPITALS PLYMOUTH NHS TRUST,24792082,"5,234,508.00 ",920032
Department of Health,NHS Kernow CCG,11/30/2018,Clinical&Medical-Commercial Sector,LEARNING DIFFICULTIES,CYGNET HEALTHCARE LTD,24832475,"28,421.53 ",TAU0059305
Department of Health,NHS Kernow CCG,11/30/2018,Cont Care- Prior Year Payments,CHC ADULT FULLY FUNDED,MENCAP,24832491,"50,278.77 ",X3318808B
Department of Health,NHS Kernow CCG,11/30/2018,Cont Care-Learning Disab(65+),CHC ADULT FULLY FUNDED,MENCAP,24832491,"69,286.59 ",X3318808B
Department of Health,NHS Kernow CCG,11/30/2018,Clinical&Medical-Not For Profit,WHEELCHAIR SERVICE,MILLBROOK HEALTHCARE LTD,24868182,"115,438.16 ",19123
Department of Health,NHS Kernow CCG,11/30/2018,Clinical&Medical-Not For Profit,WHEELCHAIR SERVICE,MILLBROOK HEALTHCARE LTD,24868197,"128,649.59 ",19678
Department of Health,NHS Kernow CCG,11/30/2018,Hcare Srv Rec NHS Trust,PATIENT TRANSPORT,ROYAL CORNWALL HOSPITALS NHS TRUST,24868533,"34,694.72 ",4018999
Department of Health,NHS Kernow CCG,11/30/2018,Cont Care-Learning Disab(<65),CHC AD FULL FUND PERS HLTH BUD,redacted,24883037,"25,671.28 ",20001351
Department of Health,NHS Kernow CCG,11/30/2018,Clinical&Medical-Commercial Sector,Mental Health Services - S117 Mental Health,NEWCROSS HEALTHCARE SOLUTIONS LTD,24886702,"27,061.12 ",354874
Department of Health,NHS Kernow CCG,11/30/2018,Clinical&Medical-Commercial Sector,LEARNING DIFFICULTIES,ELYSIUM HEALTHCARE LTD,24886710,"32,533.88 ",HLH00264
Department of Health,NHS Kernow CCG,11/30/2018,Clinical&Medical-Voluntary Sector,MENTAL HEALTH SERVICES - COLLABORATIVE COMMISSIONING,PENTREATH LTD,24886723,"51,689.22 ",18538
Department of Health,NHS Kernow CCG,11/30/2018,Clinical&Medical-Commercial Sector,Mental Health Services - S117 Mental Health,NEWCROSS HEALTHCARE SOLUTIONS LTD,24886741,"26,423.33 ",367017
Department of Health,NHS Kernow CCG,11/30/2018,Cont Care-Learning Disab(<65),CHC ADULT FULLY FUNDED,GREEN LIGHT PBS LTD,24886785,"28,836.00 ",9460
Department of Health,NHS Kernow CCG,11/30/2018,Cont Care- Prior Year Payments,CHC ADULT FULLY FUNDED,BOWDEN DERRA PARK LTD,24886796,"59,281.94 ",9737
Department of Health,NHS Kernow CCG,11/30/2018,Hcare Srv Rec Fdtn Trust-Non Contract,MENTAL HEALTH SERVICES - NOT CONTRACTED ACTIVITY,CORNWALL PARTNERSHIP NHS FOUNDATION TRUST,24886805,"65,333.33 ",1010037287
Department of Health,NHS Kernow CCG,11/30/2018,Cont Care-Physical Disab (<65),CHC ADULT FULLY FUNDED,QURA BRAIN INJURY SERVICES,24886818,"26,465.04 ",10905
Department of Health,NHS Kernow CCG,11/30/2018,Clinical&Medical-Commercial Sector,MENTAL HEALTH SERVICES - NOT CONTRACTED ACTIVITY,PCC DEVON & CORNWALL,24886858,"(50,000.00)",6031622
Department of Health,NHS Kernow CCG,11/30/2018,Clinical&Medical-Commercial Sector,Mental Health Services - S117 Mental Health,BARCHESTER HEALTHCARE LTD,24886866,"39,669.00 ",031032520
Department of Health,NHS Kernow CCG,11/30/2018,Clinical&Medical-Commercial Sector,MENTAL HEALTH SERVICES - NOT CONTRACTED ACTIVITY,PCC DEVON & CORNWALL,24886868,"40,000.00 ",6031623
Department of Health,NHS Kernow CCG,11/30/2018,Clinical&Medical-Commercial Sector,Mental Health Services - S117 Mental Health,NEWCROSS HEALTHCARE SOLUTIONS LTD,24886881,"25,446.08 ",376484
Department of Health,NHS Kernow CCG,11/30/2018,Clinical&Medical-Commercial Sector,LEARNING DIFFICULTIES,CYGNET HEALTHCARE LTD,24917866,"51,290.53 ",TAU0063487
Department of Health,NHS Kernow CCG,11/30/2018,Cont Care-Learning Disab(<65),CHC ADULT FULLY FUNDED,GREEN LIGHT PBS LTD,24917934,"28,836.00 ",9427
Department of Health,NHS Kernow CCG,11/30/2018,Clinical&Medical-Commercial Sector,LEARNING DIFFICULTIES,CYGNET HEALTHCARE LTD,24918986,"42,444.25 ",TAU0066775
Department of Health,NHS Kernow CCG,11/30/2018,Cont Care- Children,Children's Continuing Care,ROYAL NATIONAL INSTITUTE OF THE BLIND (RNIB),24919040,"26,145.42 ",SINCH000917
Department of Health,NHS Kernow CCG,11/30/2018,Clinical&Medical-Othe Public Sector,Mental Health Services - S117 Mental Health,CORNWALL COUNCIL,24919113,"27,078.56 ",98261054
Department of Health,NHS Kernow CCG,11/30/2018,Cont Care-Learning Disab(<65),ADULT JOINT FUNDED CONTINUING CARE,CORNWALL COUNCIL,24919124,"45,657.69 ",98261133
Department of Health,NHS Kernow CCG,11/30/2018,Cont Care-Physical Disab (<65),CHC AD FULL FUND PERS HLTH BUD,TOTAL COMMUNITY CARE LTD,24919146,"25,428.64 ",24027
Department of Health,NHS Kernow CCG,11/30/2018,Cont Care-Physical Disab (<65),CHC ADULT FULLY FUNDED,TOTAL COMMUNITY CARE LTD,24919152,"28,119.05 ",24005
Department of Health,NHS Kernow CCG,11/30/2018,Cont Care-FNC Client Continence Allow,FUNDED NURSING CARE,ESSITY UK LTD,24919563,"42,184.76 ",6401437614
Department of Health,NHS Kernow CCG,11/30/2018,C&M-GMS Cost of Drugs -Dispensing,LOCAL ENHANCED SERVICES,DR AB HAMILTON & PARTNERS,24930786,"(66,721.68)",CR000023803
Department of Health,NHS Kernow CCG,11/30/2018,C&M-GMS Cost of Drugs -Dispensing,LOCAL ENHANCED SERVICES,DR AB HAMILTON & PARTNERS,24930787,"126,356.43 ",CR000023804
Department of Health,NHS Kernow CCG,11/30/2018,C&M-GMS PrscrptnChrgsColl&RmttdbyGP,LOCAL ENHANCED SERVICES,DR AB HAMILTON & PARTNERS,24930787,"2,824.80 ",CR000023804
Department of Health,NHS Kernow CCG,11/30/2018,C&M-GMS Cost of Drugs -Dispensing,LOCAL ENHANCED SERVICES,DR BLACK & PARTNERS PORTSCATHO,24930790,"(38,294.92)",CR000023807
Department of Health,NHS Kernow CCG,11/30/2018,C&M-GMS Cost of Drugs -Dispensing,LOCAL ENHANCED SERVICES,DR BLACK & PARTNERS PORTSCATHO,24930791,"76,451.23 ",CR000023808
Department of Health,NHS Kernow CCG,11/30/2018,C&M-GMS PrscrptnChrgsColl&RmttdbyGP,LOCAL ENHANCED SERVICES,DR BLACK & PARTNERS PORTSCATHO,24930791,"1,416.80 ",CR000023808
Department of Health,NHS Kernow CCG,11/30/2018,C&M-GMS Cost of Drugs -Dispensing,LOCAL ENHANCED SERVICES,DR BOLTON & PARTNERS,24930792,"(52,919.00)",CR000023809
Department of Health,NHS Kernow CCG,11/30/2018,C&M-GMS Cost of Drugs -Dispensing,LOCAL ENHANCED SERVICES,DR BOLTON & PARTNERS,24930793,"118,069.44 ",CR000023810
Department of Health,NHS Kernow CCG,11/30/2018,C&M-GMS PrscrptnChrgsColl&RmttdbyGP,LOCAL ENHANCED SERVICES,DR BOLTON & PARTNERS,24930793,"3,467.20 ",CR000023810
Department of Health,NHS Kernow CCG,11/30/2018,C&M-GMS Cost of Drugs -Dispensing,LOCAL ENHANCED SERVICES,DR BURNETT & PARTNERS,24930795,"35,024.78 ",CR000023812
Department of Health,NHS Kernow CCG,11/30/2018,C&M-GMS PrscrptnChrgsColl&RmttdbyGP,LOCAL ENHANCED SERVICES,DR BURNETT & PARTNERS,24930795,140.80 ,CR000023812
Department of Health,NHS Kernow CCG,11/30/2018,C&M-GMS Cost of Drugs -Dispensing,LOCAL ENHANCED SERVICES,DR AUCKLAND & PARTNERS,24930797,"(116,950.02)",CR000023814
Department of Health,NHS Kernow CCG,11/30/2018,C&M-GMS Cost of Drugs -Dispensing,LOCAL ENHANCED SERVICES,DR AUCKLAND & PARTNERS,24930798,"244,297.45 ",CR000023815
Department of Health,NHS Kernow CCG,11/30/2018,C&M-GMS PrscrptnChrgsColl&RmttdbyGP,LOCAL ENHANCED SERVICES,DR AUCKLAND & PARTNERS,24930798,"2,622.40 ",CR000023815
Department of Health,NHS Kernow CCG,11/30/2018,C&M-GMS Cost of Drugs -Dispensing,LOCAL ENHANCED SERVICES,DR FAIRLIE & PARTNERS,24930799,"(45,885.05)",CR000023816
Department of Health,NHS Kernow CCG,11/30/2018,C&M-GMS Cost of Drugs -Dispensing,LOCAL ENHANCED SERVICES,DR FAIRLIE & PARTNERS,24930800,"96,636.95 ",CR000023817
Department of Health,NHS Kernow CCG,11/30/2018,C&M-GMS PrscrptnChrgsColl&RmttdbyGP,LOCAL ENHANCED SERVICES,DR FAIRLIE & PARTNERS,24930800,"3,291.20 ",CR000023817
Department of Health,NHS Kernow CCG,11/30/2018,C&M-GMS Cost of Drugs -Dispensing,LOCAL ENHANCED SERVICES,DR DAVIES & PARTNERS HELSTON,24930802,"(25,262.12)",CR000023819
Department of Health,NHS Kernow CCG,11/30/2018,C&M-GMS Cost of Drugs -Dispensing,LOCAL ENHANCED SERVICES,DR DAVIES & PARTNERS HELSTON,24930803,"56,610.11 ",CR000023820
Department of Health,NHS Kernow CCG,11/30/2018,C&M-GMS PrscrptnChrgsColl&RmttdbyGP,LOCAL ENHANCED SERVICES,DR DAVIES & PARTNERS HELSTON,24930803,748.00 ,CR000023820
Department of Health,NHS Kernow CCG,11/30/2018,C&M-GMS Cost of Drugs -Dispensing,LOCAL ENHANCED SERVICES,DR EDGERLEY & PARTNERS,24930806,"(52,440.38)",CR000023823
Department of Health,NHS Kernow CCG,11/30/2018,C&M-GMS Cost of Drugs -Dispensing,LOCAL ENHANCED SERVICES,DR EDGERLEY & PARTNERS,24930807,"108,050.26 ",CR000023824
Department of Health,NHS Kernow CCG,11/30/2018,C&M-GMS PrscrptnChrgsColl&RmttdbyGP,LOCAL ENHANCED SERVICES,DR EDGERLEY & PARTNERS,24930807,"1,742.40 ",CR000023824
Department of Health,NHS Kernow CCG,11/30/2018,C&M-GMS Cost of Drugs -Dispensing,LOCAL ENHANCED SERVICES,DR CECIL & PARTNERS,24930808,"(46,106.08)",CR000023825
Department of Health,NHS Kernow CCG,11/30/2018,C&M-GMS Cost of Drugs -Dispensing,LOCAL ENHANCED SERVICES,DR CECIL & PARTNERS,24930809,"98,564.15 ",CR000023826
Department of Health,NHS Kernow CCG,11/30/2018,C&M-GMS PrscrptnChrgsColl&RmttdbyGP,LOCAL ENHANCED SERVICES,DR CECIL & PARTNERS,24930809,"2,376.00 ",CR000023826
Department of Health,NHS Kernow CCG,11/30/2018,C&M-GMS Cost of Drugs -Dispensing,LOCAL ENHANCED SERVICES,DR CLEGG & PARTNERS,24930810,"(30,644.64)",CR000023827
Department of Health,NHS Kernow CCG,11/30/2018,C&M-GMS Cost of Drugs -Dispensing,LOCAL ENHANCED SERVICES,DR CLEGG & PARTNERS,24930811,"57,825.93 ",CR000023828
Department of Health,NHS Kernow CCG,11/30/2018,C&M-GMS PrscrptnChrgsColl&RmttdbyGP,LOCAL ENHANCED SERVICES,DR CLEGG & PARTNERS,24930811,"1,276.00 ",CR000023828
Department of Health,NHS Kernow CCG,11/30/2018,C&M-GMS Cost of Drugs -Dispensing,LOCAL ENHANCED SERVICES,DR HARGADON & PARTNERS,24930814,"(56,761.82)",CR000023831
Department of Health,NHS Kernow CCG,11/30/2018,C&M-GMS Cost of Drugs -Dispensing,LOCAL ENHANCED SERVICES,DR HARGADON & PARTNERS,24930815,"123,454.33 ",CR000023832
Department of Health,NHS Kernow CCG,11/30/2018,C&M-GMS PrscrptnChrgsColl&RmttdbyGP,LOCAL ENHANCED SERVICES,DR HARGADON & PARTNERS,24930815,"2,481.60 ",CR000023832
Department of Health,NHS Kernow CCG,11/30/2018,C&M-GMS Cost of Drugs -Dispensing,LOCAL ENHANCED SERVICES,DR HENDERSON & PARTNERS ST AGNES,24930816,"(37,610.04)",CR000023833
Department of Health,NHS Kernow CCG,11/30/2018,C&M-GMS Cost of Drugs -Dispensing,LOCAL ENHANCED SERVICES,DR HENDERSON & PARTNERS ST AGNES,24930817,"80,956.46 ",CR000023834
Department of Health,NHS Kernow CCG,11/30/2018,C&M-GMS PrscrptnChrgsColl&RmttdbyGP,LOCAL ENHANCED SERVICES,DR HENDERSON & PARTNERS ST AGNES,24930817,"2,208.80 ",CR000023834
Department of Health,NHS Kernow CCG,11/30/2018,C&M-PMS Cost of Drugs -Dispensing,LOCAL ENHANCED SERVICES,DR HOWE,24930819,"47,045.19 ",CR000023836
Department of Health,NHS Kernow CCG,11/30/2018,C&M-PMS Prsc Chrgs Cll&Rmttd by GPs,LOCAL ENHANCED SERVICES,DR HOWE,24930819,994.40 ,CR000023836
Department of Health,NHS Kernow CCG,11/30/2018,C&M-PMS Cost of Drugs -Dispensing,LOCAL ENHANCED SERVICES,DR GARROD & PARTNERS BOSCASTLE,24930822,"(37,318.48)",CR000023839
Department of Health,NHS Kernow CCG,11/30/2018,C&M-PMS Cost of Drugs -Dispensing,LOCAL ENHANCED SERVICES,DR GARROD & PARTNERS BOSCASTLE,24930823,"78,944.11 ",CR000023840
Department of Health,NHS Kernow CCG,11/30/2018,C&M-PMS Prsc Chrgs Cll&Rmttd by GPs,LOCAL ENHANCED SERVICES,DR GARROD & PARTNERS BOSCASTLE,24930823,"2,112.00 ",CR000023840
Department of Health,NHS Kernow CCG,11/30/2018,C&M-GMS Cost of Drugs -Dispensing,LOCAL ENHANCED SERVICES,DR GETHIN & PARTNERS,24930826,"(29,759.52)",CR000023843
Department of Health,NHS Kernow CCG,11/30/2018,C&M-GMS Cost of Drugs -Dispensing,LOCAL ENHANCED SERVICES,DR GETHIN & PARTNERS,24930827,"64,390.89 ",CR000023844
Department of Health,NHS Kernow CCG,11/30/2018,C&M-GMS PrscrptnChrgsColl&RmttdbyGP,LOCAL ENHANCED SERVICES,DR GETHIN & PARTNERS,24930827,"1,284.80 ",CR000023844
Department of Health,NHS Kernow CCG,11/30/2018,C&M-GMS Cost of Drugs -Dispensing,LOCAL ENHANCED SERVICES,DR JONES & PARTNERS POOL,24930828,"(31,857.08)",CR000023845
Department of Health,NHS Kernow CCG,11/30/2018,C&M-GMS Cost of Drugs -Dispensing,LOCAL ENHANCED SERVICES,DR JONES & PARTNERS POOL,24930829,"71,691.39 ",CR000023846
Department of Health,NHS Kernow CCG,11/30/2018,C&M-GMS PrscrptnChrgsColl&RmttdbyGP,LOCAL ENHANCED SERVICES,DR JONES & PARTNERS POOL,24930829,"1,232.00 ",CR000023846
Department of Health,NHS Kernow CCG,11/30/2018,C&M-GMS Cost of Drugs -Dispensing,LOCAL ENHANCED SERVICES,DR MCKELVEY & PARTNERS,24930831,"(105,801.85)",CR000023848
Department of Health,NHS Kernow CCG,11/30/2018,C&M-GMS Cost of Drugs -Dispensing,LOCAL ENHANCED SERVICES,DR MCKELVEY & PARTNERS,24930832,"208,617.46 ",CR000023849
Department of Health,NHS Kernow CCG,11/30/2018,C&M-GMS PrscrptnChrgsColl&RmttdbyGP,LOCAL ENHANCED SERVICES,DR MCKELVEY & PARTNERS,24930832,"6,943.20 ",CR000023849
Department of Health,NHS Kernow CCG,11/30/2018,C&M-GMS Cost of Drugs -Dispensing,LOCAL ENHANCED SERVICES,DR MERRIN & PARTNERS,24930834,"45,954.06 ",CR000023851
Department of Health,NHS Kernow CCG,11/30/2018,C&M-GMS PrscrptnChrgsColl&RmttdbyGP,LOCAL ENHANCED SERVICES,DR MERRIN & PARTNERS,24930834,"1,117.60 ",CR000023851
Department of Health,NHS Kernow CCG,11/30/2018,C&M-GMS Cost of Drugs -Dispensing,LOCAL ENHANCED SERVICES,DR MAGUIRE & PARTNERS,24930838,"50,151.45 ",CR000023855
Department of Health,NHS Kernow CCG,11/30/2018,C&M-GMS PrscrptnChrgsColl&RmttdbyGP,LOCAL ENHANCED SERVICES,DR MAGUIRE & PARTNERS,24930838,"1,135.20 ",CR000023855
Department of Health,NHS Kernow CCG,11/30/2018,C&M-GMS Cost of Drugs -Dispensing,LOCAL ENHANCED SERVICES,DR MALING & PARTNERS,24930839,"(56,824.80)",CR000023856
Department of Health,NHS Kernow CCG,11/30/2018,C&M-GMS Cost of Drugs -Dispensing,LOCAL ENHANCED SERVICES,DR MALING & PARTNERS,24930840,"115,158.56 ",CR000023857
Department of Health,NHS Kernow CCG,11/30/2018,C&M-GMS PrscrptnChrgsColl&RmttdbyGP,LOCAL ENHANCED SERVICES,DR MALING & PARTNERS,24930840,"3,291.20 ",CR000023857
Department of Health,NHS Kernow CCG,11/30/2018,C&M-GMS Cost of Drugs -Dispensing,LOCAL ENHANCED SERVICES,DR MOLSEN & PARTNERS,24930841,"(40,420.40)",CR000023858
Department of Health,NHS Kernow CCG,11/30/2018,C&M-GMS Cost of Drugs -Dispensing,LOCAL ENHANCED SERVICES,DR MOLSEN & PARTNERS,24930842,"105,156.35 ",CR000023859
Department of Health,NHS Kernow CCG,11/30/2018,C&M-GMS PrscrptnChrgsColl&RmttdbyGP,LOCAL ENHANCED SERVICES,DR MOLSEN & PARTNERS,24930842,"1,628.00 ",CR000023859
Department of Health,NHS Kernow CCG,11/30/2018,C&M-GMS Cost of Drugs -Dispensing,LOCAL ENHANCED SERVICES,DR MOORE & PARTNERS ST GERMANS,24930844,"(52,182.88)",CR000023861
Department of Health,NHS Kernow CCG,11/30/2018,C&M-GMS Cost of Drugs -Dispensing,LOCAL ENHANCED SERVICES,DR MOORE & PARTNERS ST GERMANS,24930845,"112,446.86 ",CR000023862
Department of Health,NHS Kernow CCG,11/30/2018,C&M-GMS PrscrptnChrgsColl&RmttdbyGP,LOCAL ENHANCED SERVICES,DR MOORE & PARTNERS ST GERMANS,24930845,"2,094.40 ",CR000023862
Department of Health,NHS Kernow CCG,11/30/2018,C&M-GMS Cost of Drugs -Dispensing,LOCAL ENHANCED SERVICES,DR MORICE & PARTNERS,24930846,"(73,916.16)",CR000023863
Department of Health,NHS Kernow CCG,11/30/2018,C&M-GMS Cost of Drugs -Dispensing,LOCAL ENHANCED SERVICES,DR MORICE & PARTNERS,24930847,"164,131.52 ",CR000023864
Department of Health,NHS Kernow CCG,11/30/2018,C&M-GMS PrscrptnChrgsColl&RmttdbyGP,LOCAL ENHANCED SERVICES,DR MORICE & PARTNERS,24930847,"4,303.20 ",CR000023864
Department of Health,NHS Kernow CCG,11/30/2018,C&M-GMS Cost of Drugs -Dispensing,LOCAL ENHANCED SERVICES,DR ROY & PARTNERS,24930849,"(28,317.33)",CR000023866
Department of Health,NHS Kernow CCG,11/30/2018,C&M-GMS Cost of Drugs -Dispensing,LOCAL ENHANCED SERVICES,DR ROY & PARTNERS,24930850,"67,157.60 ",CR000023867
Department of Health,NHS Kernow CCG,11/30/2018,C&M-GMS PrscrptnChrgsColl&RmttdbyGP,LOCAL ENHANCED SERVICES,DR ROY & PARTNERS,24930850,422.40 ,CR000023867
Department of Health,NHS Kernow CCG,11/30/2018,C&M-PMS Cost of Drugs -Dispensing,LOCAL ENHANCED SERVICES,DR PAXTON & PARTNERS,24930851,"(67,498.48)",CR000023868
Department of Health,NHS Kernow CCG,11/30/2018,C&M-PMS Cost of Drugs -Dispensing,LOCAL ENHANCED SERVICES,DR PAXTON & PARTNERS,24930852,"142,371.69 ",CR000023869
Department of Health,NHS Kernow CCG,11/30/2018,C&M-PMS Prsc Chrgs Cll&Rmttd by GPs,LOCAL ENHANCED SERVICES,DR PAXTON & PARTNERS,24930852,"4,039.20 ",CR000023869
Department of Health,NHS Kernow CCG,11/30/2018,C&M-GMS Cost of Drugs -Dispensing,LOCAL ENHANCED SERVICES,DR SCHENK & PARTNERS,24930855,"(56,264.54)",CR000023872
Department of Health,NHS Kernow CCG,11/30/2018,C&M-GMS Cost of Drugs -Dispensing,LOCAL ENHANCED SERVICES,DR SCHENK & PARTNERS,24930856,"120,046.68 ",CR000023873
Department of Health,NHS Kernow CCG,11/30/2018,C&M-GMS PrscrptnChrgsColl&RmttdbyGP,LOCAL ENHANCED SERVICES,DR SCHENK & PARTNERS,24930856,"3,273.60 ",CR000023873
Department of Health,NHS Kernow CCG,11/30/2018,C&M-GMS Cost of Drugs -Dispensing,LOCAL ENHANCED SERVICES,DR STEAD & PARTNERS,24930859,"(41,894.06)",CR000023876
Department of Health,NHS Kernow CCG,11/30/2018,C&M-GMS Cost of Drugs -Dispensing,LOCAL ENHANCED SERVICES,DR STEAD & PARTNERS,24930860,"89,665.06 ",CR000023877
Department of Health,NHS Kernow CCG,11/30/2018,C&M-GMS PrscrptnChrgsColl&RmttdbyGP,LOCAL ENHANCED SERVICES,DR STEAD & PARTNERS,24930860,"1,073.60 ",CR000023877
Department of Health,NHS Kernow CCG,11/30/2018,C&M-PMS Cost of Drugs -Dispensing,LOCAL ENHANCED SERVICES,DR SAINSBURY & PARTNERS,24930861,"(60,838.27)",CR000023878
Department of Health,NHS Kernow CCG,11/30/2018,C&M-PMS Cost of Drugs -Dispensing,LOCAL ENHANCED SERVICES,DR SAINSBURY & PARTNERS,24930862,"124,067.54 ",CR000023879
Department of Health,NHS Kernow CCG,11/30/2018,C&M-PMS Prsc Chrgs Cll&Rmttd by GPs,LOCAL ENHANCED SERVICES,DR SAINSBURY & PARTNERS,24930862,"3,000.80 ",CR000023879
Department of Health,NHS Kernow CCG,11/30/2018,C&M-GMS Cost of Drugs -Dispensing,LOCAL ENHANCED SERVICES,DR SAITCH & PARTNERS,24930863,"(27,898.36)",CR000023880
Department of Health,NHS Kernow CCG,11/30/2018,C&M-GMS Cost of Drugs -Dispensing,LOCAL ENHANCED SERVICES,DR SAITCH & PARTNERS,24930864,"59,448.39 ",CR000023881
Department of Health,NHS Kernow CCG,11/30/2018,C&M-GMS PrscrptnChrgsColl&RmttdbyGP,LOCAL ENHANCED SERVICES,DR SAITCH & PARTNERS,24930864,"1,425.60 ",CR000023881
Department of Health,NHS Kernow CCG,11/30/2018,C&M-GMS Cost of Drugs -Dispensing,LOCAL ENHANCED SERVICES,DR WARREN & PARTNERS,24930865,"(115,738.18)",CR000023882
Department of Health,NHS Kernow CCG,11/30/2018,C&M-GMS Cost of Drugs -Dispensing,LOCAL ENHANCED SERVICES,DR WARREN & PARTNERS,24930866,"255,276.73 ",CR000023883
Department of Health,NHS Kernow CCG,11/30/2018,C&M-GMS PrscrptnChrgsColl&RmttdbyGP,LOCAL ENHANCED SERVICES,DR WARREN & PARTNERS,24930866,"6,168.80 ",CR000023883
Department of Health,NHS Kernow CCG,11/30/2018,C&M-GMS Cost of Drugs -Dispensing,LOCAL ENHANCED SERVICES,MEVAGISSEY SURGERY,24930870,"(27,341.51)",CR000023887
Department of Health,NHS Kernow CCG,11/30/2018,C&M-GMS Cost of Drugs -Dispensing,LOCAL ENHANCED SERVICES,MEVAGISSEY SURGERY,24930871,"68,511.82 ",CR000023888
Department of Health,NHS Kernow CCG,11/30/2018,C&M-GMS PrscrptnChrgsColl&RmttdbyGP,LOCAL ENHANCED SERVICES,MEVAGISSEY SURGERY,24930871,906.40 ,CR000023888
Department of Health,NHS Kernow CCG,11/30/2018,C&M-PMS Cost of Drugs -Prescribing,LOCAL ENHANCED SERVICES,ST AUSTELL HEALTHCARE GROUP,24930874,"27,033.84 ",CR000023892
Department of Health,NHS Kernow CCG,11/30/2018,C&M-PMS Cost of Drugs -Dispensing,LOCAL ENHANCED SERVICES,DR V BRIDGER AND PARTNERS,24930875,"(84,301.28)",CR000023893
Department of Health,NHS Kernow CCG,11/30/2018,C&M-PMS Cost of Drugs -Dispensing,LOCAL ENHANCED SERVICES,DR V BRIDGER AND PARTNERS,24930876,"175,550.43 ",CR000023894
Department of Health,NHS Kernow CCG,11/30/2018,C&M-PMS Prsc Chrgs Cll&Rmttd by GPs,LOCAL ENHANCED SERVICES,DR V BRIDGER AND PARTNERS,24930876,"5,491.20 ",CR000023894
Department of Health,NHS Kernow CCG,11/30/2018,Clinical&Medical-Commercial Sector,GP FORWARD VIEW,DR GETHIN & PARTNERS,24938900,"37,581.76 ",HAR1152
Department of Health,NHS Kernow CCG,11/30/2018,Clinical&Medical-Clinical Other,COMMISSIONING SCHEMES,KERNOW HEALTH COMMUNITY INTEREST CO,24938921,"35,605.02 ",800204
Department of Health,NHS Kernow CCG,11/30/2018,Clinical&Medical-Commercial Sector,COMMUNITY SERVICES,SPECSAVERS HEARCARE LTD,24938967,"32,780.70 ",20440347
Department of Health,NHS Kernow CCG,11/30/2018,Computer Hardware Purch,PRIMARY CARE IT,CROWBYTES,24959405,"67,320.00 ",1892
Department of Health,NHS Kernow CCG,11/30/2018,Clinical&Medical-Commercial Sector,PATIENT TRANSPORT,E-ZEC MEDICAL TRANSPORT SERVICES LTD,24959471,"271,543.60 ",114923
Department of Health,NHS Kernow CCG,11/30/2018,Hcare Srv Rec NHS Trust-Contract Baseline,NHS 111,ROYAL CORNWALL HOSPITALS NHS TRUST,24959594,"814,329.25 ",4018250
,,,,,,,,
