NHS Kernow CCG,,,,,,,,
,,,,,,,,
Expenditure Over Threshold - June 2018,,,,,,,,
,,,,,,,,
,,,,,,,,
Department family,Entity,Date,Expense Type,Expense area,Supplier,Transaction number,�,Purchase invoice number
Department of Health,NHS Kernow CCG,6/30/2018,Clinical&Medical-Commercial Sector,COMMUNITY SERVICES,SPECSAVERS HEARCARE LTD,22467638,"30,765.90 ",20440318
Department of Health,NHS Kernow CCG,6/30/2018,Clinical&Medical-Commercial Sector,COMMUNITY SERVICES,SPECSAVERS HEARCARE LTD,22467648,"28,298.60 ",20380093
Department of Health,NHS Kernow CCG,6/30/2018,Hcare Srv Rec NHS Trust-Contract Baseline,NHS 111,ROYAL CORNWALL HOSPITALS NHS TRUST,22467790,"814,329.25 ",4013359
Department of Health,NHS Kernow CCG,6/30/2018,Hcare Srv Rec NHS Trust-Contract Baseline,ACUTE COMMISSIONING,ROYAL CORNWALL HOSPITALS NHS TRUST,22468798,"22,681,095.00 ",4013358
Department of Health,NHS Kernow CCG,6/30/2018,Computer Network Costs,PRIMARY CARE IT,ROYAL CORNWALL HOSPITALS NHS TRUST,22468882,"26,568.00 ",4013388
Department of Health,NHS Kernow CCG,6/30/2018,Cont Care- Prior Year Payments,FUNDED NURSING CARE,ESSITY UK LTD,22489429,"40,670.02 ",6401372198
Department of Health,NHS Kernow CCG,6/30/2018,Legal / Prof Fees,BUSINESS INFORMATICS,GRANT THORNTON UK LLP,22489532,"42,420.60 ",8821852
Department of Health,NHS Kernow CCG,6/30/2018,Clinical&Medical-Commercial Sector,MENTAL HEALTH SERVICES - NOT CONTRACTED ACTIVITY,ASC HEALTHCARE LTD,22489642,"38,691.30 ",10567
Department of Health,NHS Kernow CCG,6/30/2018,Cont Care-Interim Funding(Pre Panel),CHC ADULT FULLY FUNDED,NEWQUAY NURSING HOME,22503586,"33,214.28 ",201805
Department of Health,NHS Kernow CCG,6/30/2018,Non-PFI Oprtng Lease-Bldgs-Lease Rent,RECHARGES NHS PROPERTY SERVICES LTD,COMMUNITY HEALTH PARTNERSHIPS LTD,22503616,"48,403.14 ",0060066083
Department of Health,NHS Kernow CCG,6/30/2018,Non-PFI Oprtng Lease-Bldgs-Lease Rent,RECHARGES NHS PROPERTY SERVICES LTD,COMMUNITY HEALTH PARTNERSHIPS LTD,22503617,"48,403.14 ",0060066286
Department of Health,NHS Kernow CCG,6/30/2018,Computer Maintenance,PRIMARY CARE IT,CROWBYTES,22503620,"126,708.60 ",1822
Department of Health,NHS Kernow CCG,6/30/2018,Clinical&Medical-Commercial Sector,PATIENT TRANSPORT,E-ZEC MEDICAL TRANSPORT SERVICES LTD,22503623,"271,498.30 ",14625
Department of Health,NHS Kernow CCG,6/30/2018,Clinical&Medical-Commercial Sector,COMMUNITY SERVICES,LIVEWELL SOUTHWEST,22503625,"63,500.00 ",41131993
Department of Health,NHS Kernow CCG,6/30/2018,Non-PFI Oprtng Lease-Bldgs-Lease Rent,RECHARGES NHS PROPERTY SERVICES LTD,COMMUNITY HEALTH PARTNERSHIPS LTD,22503639,"(48,403.14)",0060068233
Department of Health,NHS Kernow CCG,6/30/2018,Non-PFI Oprtng Lease-Bldgs-Lease Rent,RECHARGES NHS PROPERTY SERVICES LTD,COMMUNITY HEALTH PARTNERSHIPS LTD,22503642,"(48,403.14)",0060068234
Department of Health,NHS Kernow CCG,6/30/2018,Hcare Srv Rec Fdtn Trust-Contract Baseline,ACUTE COMMISSIONING,ROYAL DEVON AND EXETER NHS FOUNDATION TRUST,22503664,"221,250.00 ",26367609
Department of Health,NHS Kernow CCG,6/30/2018,Hcare Srv Rec NHS Trust-Contract Baseline,ACUTE COMMISSIONING,NORTH BRISTOL NHS TRUST,22503711,"94,079.00 ",349823
Department of Health,NHS Kernow CCG,6/30/2018,Clinical&Medical-Commercial Sector,ACUTE COMMISSIONING,PROBUS SURGERY LTD,22503719,"196,285.00 ",JUNE2018
Department of Health,NHS Kernow CCG,6/30/2018,Clinical&Medical-Commercial Sector,ACUTE COMMISSIONING,PROBUS SURGERY LTD,22503720,"196,285.00 ",MAY2018
Department of Health,NHS Kernow CCG,6/30/2018,Clinical&Medical-Commercial Sector,IMPROVING ACCESS TO PSYCHOLOGICAL THERAPIES,OUTLOOK SW LTD,22503735,"358,333.33 ",3562
Department of Health,NHS Kernow CCG,6/30/2018,Clinical&Medical-Independent Sector,ACUTE COMMISSIONING,CARE UK CLINICAL SERVICES LTD,22503745,"292,126.83 ",100070584
Department of Health,NHS Kernow CCG,6/30/2018,Clinical&Medical-Commercial Sector,WHEELCHAIR SERVICE,MILLBROOK HEALTHCARE LTD,22520207,"46,639.80 ",17925
Department of Health,NHS Kernow CCG,6/30/2018,Clinical&Medical-Commercial Sector,PALLIATIVE CARE,HUGH STEEPER LTD,22536056,"46,682.74 ",SIN1805OT030158
Department of Health,NHS Kernow CCG,6/30/2018,Cont Care-Learning Disab(<65),CHC ADULT FULLY FUNDED,GREEN LIGHT PBS LTD,22589117,"28,836.00 ",9214
Department of Health,NHS Kernow CCG,6/30/2018,Cont Care-FNC Client Continence Allow,FUNDED NURSING CARE,ESSITY UK LTD,22589164,"38,330.57 ",6401382768
Department of Health,NHS Kernow CCG,6/30/2018,Hcare Srv Rec Fdtn Trust-Contract Baseline,AMBULANCE SERVICES,SOUTH WESTERN AMBULANCE SERVICE NHS FOUNDATION TRUST,22589175,"37,550.00 ",6296591
Department of Health,NHS Kernow CCG,6/30/2018,Hcare Srv Rec Fdtn Trust-Contract Baseline,AMBULANCE SERVICES,SOUTH WESTERN AMBULANCE SERVICE NHS FOUNDATION TRUST,22589176,"29,666.00 ",6296601
Department of Health,NHS Kernow CCG,6/30/2018,Clinical&Medical-Commercial Sector,ACUTE COMMISSIONING,DUCHY HOSPITAL,22589206,"270,786.00 ",14020892
Department of Health,NHS Kernow CCG,6/30/2018,Cont Care-Physical Disab (<65),CHC ADULT FULLY FUNDED,TOTAL COMMUNITY CARE LTD,22589242,"28,119.05 ",23640
Department of Health,NHS Kernow CCG,6/30/2018,Cont Care-Physical Disab (<65),CHC AD FULL FUND PERS HLTH BUD,TOTAL COMMUNITY CARE LTD,22589254,"25,428.64 ",23665
Department of Health,NHS Kernow CCG,6/30/2018,Clinical&Medical-Independent Sector,PLANNED CARE,PENINSULA ULTRASOUND LTD,22589268,"61,240.00 ",366
Department of Health,NHS Kernow CCG,6/30/2018,Hcare Srv Rec Fdtn Trust-Contract Baseline,AMBULANCE SERVICES,SOUTH WESTERN AMBULANCE SERVICE NHS FOUNDATION TRUST,22589273,"46,750.00 ",6296694
Department of Health,NHS Kernow CCG,6/30/2018,Hcare Srv Rec NHS Trust-Contract Baseline,ACUTE COMMISSIONING,NORTHERN DEVON HEALTHCARE NHS TRUST,22589283,"574,417.00 ",0000726129
Department of Health,NHS Kernow CCG,6/30/2018,Clinical&Medical-Independent Sector,PLANNED CARE,ECHOGENICITY LTD,22589296,"42,210.00 ",INV201802
Department of Health,NHS Kernow CCG,6/30/2018,Cont Care-Physical Disab (<65),CHC ADULT FULLY FUNDED,QURA BRAIN INJURY SERVICES,22589316,"26,708.41 ",10763
Department of Health,NHS Kernow CCG,6/30/2018,C&M-PMS LES 24 Hour ABPM,LOCAL ENHANCED SERVICES,STENNACK SURGERY,22589327,"1,365.00 ",1835
Department of Health,NHS Kernow CCG,6/30/2018,C&M-PMS LES 24hr ECG,LOCAL ENHANCED SERVICES,STENNACK SURGERY,22589327,810.00 ,1835
Department of Health,NHS Kernow CCG,6/30/2018,C&M-PMS LES Anti-coagulation,LOCAL ENHANCED SERVICES,STENNACK SURGERY,22589327,"2,072.65 ",1835
Department of Health,NHS Kernow CCG,6/30/2018,C&M-PMS LES MRSA,LOCAL ENHANCED SERVICES,STENNACK SURGERY,22589327,80.00 ,1835
Department of Health,NHS Kernow CCG,6/30/2018,C&M-PMS LES Near Patient Testing,LOCAL ENHANCED SERVICES,STENNACK SURGERY,22589327,103.81 ,1835
Department of Health,NHS Kernow CCG,6/30/2018,C&M-PMS LES Post Operative Care,LOCAL ENHANCED SERVICES,STENNACK SURGERY,22589327,"2,593.18 ",1835
Department of Health,NHS Kernow CCG,6/30/2018,C&M-PMS LES Pre Operative Care,LOCAL ENHANCED SERVICES,STENNACK SURGERY,22589327,"1,749.18 ",1835
Department of Health,NHS Kernow CCG,6/30/2018,C&M-PMS NES Minor Injury Services,LOCAL ENHANCED SERVICES,STENNACK SURGERY,22589327,"25,752.79 ",1835
Department of Health,NHS Kernow CCG,6/30/2018,C&M-PMS NES Near Patient Testing,LOCAL ENHANCED SERVICES,STENNACK SURGERY,22589327,"1,144.24 ",1835
Department of Health,NHS Kernow CCG,6/30/2018,Cont Care- Retrospective Claims,CHC ADULT FULLY FUNDED,CORNWALLIS CARE SERVICES LTD,22601875,"34,649.29 ",10005875
Department of Health,NHS Kernow CCG,6/30/2018,Cont Care- Retrospective Claims,CHC ADULT FULLY FUNDED,DOVE CARE HOMES LTD,22601919,"28,707.32 ",10005876
Department of Health,NHS Kernow CCG,6/30/2018,Cont Care- Retrospective Claims,CHC ADULT FULLY FUNDED,ASHEBOROUGH HOUSE (SHEVAL LTD),22601989,"34,778.34 ",10005877
Department of Health,NHS Kernow CCG,6/30/2018,Cont Care- Retrospective Claims,CHC ADULT FULLY FUNDED,BEECHLAWN NURSING HOME,22601996,"26,711.02 ",10005878
Department of Health,NHS Kernow CCG,6/30/2018,Cont Care- Retrospective Claims,CHC ADULT FULLY FUNDED,ALMONDSBURY CARE LTD,22602000,"50,260.29 ",10005879
Department of Health,NHS Kernow CCG,6/30/2018,Cont Care- Retrospective Claims,CHC ADULT FULLY FUNDED,BENONI NURSING HOME LTD,22602005,"61,703.42 ",10005880
Department of Health,NHS Kernow CCG,6/30/2018,Cont Care- Retrospective Claims,CHC ADULT FULLY FUNDED,BONAER CARE HOME,22602016,"25,031.68 ",10005882
Department of Health,NHS Kernow CCG,6/30/2018,Cont Care- Retrospective Claims,CHC ADULT FULLY FUNDED,CARITATE LTD,22602024,"29,659.89 ",10005884
Department of Health,NHS Kernow CCG,6/30/2018,Cont Care- Retrospective Claims,CHC ADULT FULLY FUNDED,CASTLE HILL HOUSE LTD,22602027,"29,273.23 ",10005885
Department of Health,NHS Kernow CCG,6/30/2018,Cont Care- Retrospective Claims,CHC ADULT FULLY FUNDED,CATHEDRAL VIEW LTD,22602029,"45,272.20 ",10005886
Department of Health,NHS Kernow CCG,6/30/2018,Cont Care- Retrospective Claims,CHC ADULT FULLY FUNDED,CORNWALL CARE LTD,22602031,"67,732.21 ",10005887
Department of Health,NHS Kernow CCG,6/30/2018,Cont Care- Retrospective Claims,CHC ADULT FULLY FUNDED,CORNWALL CARE LTD,22602033,"41,670.37 ",10005888
Department of Health,NHS Kernow CCG,6/30/2018,Cont Care- Retrospective Claims,CHC ADULT FULLY FUNDED,FAIRHOLME NURSING HOME,22602039,"85,410.97 ",10005891
Department of Health,NHS Kernow CCG,6/30/2018,Cont Care- Retrospective Claims,CHC ADULT FULLY FUNDED,GLENCOE CARE LTD,22602040,"29,570.34 ",10005892
Department of Health,NHS Kernow CCG,6/30/2018,Cont Care- Retrospective Claims,CHC ADULT FULLY FUNDED,CORNWALLIS CARE SERVICES LTD,22602042,"28,267.50 ",10005893
Department of Health,NHS Kernow CCG,6/30/2018,Cont Care- Retrospective Claims,CHC ADULT FULLY FUNDED,HILLCREST HOUSE NURSING HOME,22602044,"57,385.96 ",10005894
Department of Health,NHS Kernow CCG,6/30/2018,Cont Care- Retrospective Claims,CHC ADULT FULLY FUNDED,BARCHESTER HEALTHCARE LTD,22602045,"201,732.40 ",10005895
Department of Health,NHS Kernow CCG,6/30/2018,Cont Care- Retrospective Claims,CHC ADULT FULLY FUNDED,BARCHESTER HEALTHCARE LTD,22602047,"158,667.27 ",10005896
Department of Health,NHS Kernow CCG,6/30/2018,Cont Care- Retrospective Claims,CHC ADULT FULLY FUNDED,KING CHARLES COURT LTD,22602051,"32,669.25 ",10005897
Department of Health,NHS Kernow CCG,6/30/2018,Cont Care- Retrospective Claims,CHC ADULT FULLY FUNDED,M & PJ LTD TA MALVERN HOUSE,22602055,"29,340.01 ",10005899
Department of Health,NHS Kernow CCG,6/30/2018,Cont Care- Retrospective Claims,CHC ADULT FULLY FUNDED,CORNWALL CARE LTD,22602061,"62,491.42 ",10005902
Department of Health,NHS Kernow CCG,6/30/2018,Cont Care- Retrospective Claims,CHC ADULT FULLY FUNDED,NORTH HILL HOUSE,22602065,"27,462.16 ",10005904
Department of Health,NHS Kernow CCG,6/30/2018,Cont Care- Retrospective Claims,CHC ADULT FULLY FUNDED,CORNWALL CARE LTD,22602071,"55,620.93 ",10005907
Department of Health,NHS Kernow CCG,6/30/2018,Cont Care- Retrospective Claims,CHC ADULT FULLY FUNDED,PENHELLIS NURSING HOME,22602073,"39,488.80 ",10005908
Department of Health,NHS Kernow CCG,6/30/2018,Cont Care- Retrospective Claims,CHC ADULT FULLY FUNDED,SWALLOWCOURT LTD,22602074,"66,612.46 ",10005909
Department of Health,NHS Kernow CCG,6/30/2018,Cont Care- Retrospective Claims,CHC ADULT FULLY FUNDED,SWALLOWCOURT LTD,22602076,"27,586.96 ",10005910
Department of Health,NHS Kernow CCG,6/30/2018,Cont Care- Retrospective Claims,CHC ADULT FULLY FUNDED,PORTHGWARA NURSING HOME,22602081,"36,125.19 ",10005912
Department of Health,NHS Kernow CCG,6/30/2018,Cont Care- Retrospective Claims,CHC ADULT FULLY FUNDED,ROSELAND CARE LTD,22602084,"33,403.15 ",10005914
Department of Health,NHS Kernow CCG,6/30/2018,Cont Care- Retrospective Claims,CHC ADULT FULLY FUNDED,CORNWALL CARE LTD,22602092,"48,922.73 ",10005918
Department of Health,NHS Kernow CCG,6/30/2018,Cont Care- Retrospective Claims,CHC ADULT FULLY FUNDED,LEONARD CHESHIRE DISABILITY,22602094,"70,464.83 ",10005919
Department of Health,NHS Kernow CCG,6/30/2018,Cont Care- Retrospective Claims,CHC ADULT FULLY FUNDED,ORANGE CARE LTD,22602098,"31,379.93 ",10005921
Department of Health,NHS Kernow CCG,6/30/2018,Cont Care- Retrospective Claims,CHC ADULT FULLY FUNDED,TORCARE LTD,22602104,"29,075.84 ",10005924
Department of Health,NHS Kernow CCG,6/30/2018,Cont Care- Retrospective Claims,CHC ADULT FULLY FUNDED,TRECARE GROUP LTD,22602105,"87,673.00 ",10005925
Department of Health,NHS Kernow CCG,6/30/2018,Cont Care- Retrospective Claims,CHC ADULT FULLY FUNDED,TRECARE GROUP LTD,22602106,"126,775.55 ",10005926
Department of Health,NHS Kernow CCG,6/30/2018,Cont Care- Retrospective Claims,CHC ADULT FULLY FUNDED,SHAROB CARE (BUDE) LTD,22602107,"54,221.60 ",10005927
Department of Health,NHS Kernow CCG,6/30/2018,Cont Care- Retrospective Claims,CHC ADULT FULLY FUNDED,CORNWALL CARE LTD,22602108,"105,630.26 ",10005928
Department of Health,NHS Kernow CCG,6/30/2018,Cont Care- Retrospective Claims,CHC ADULT FULLY FUNDED,CORNWALL CARE LTD,22602109,"72,332.61 ",10005929
Department of Health,NHS Kernow CCG,6/30/2018,Cont Care- Retrospective Claims,CHC ADULT FULLY FUNDED,SWALLOWCOURT LTD,22602110,"87,151.20 ",10005930
Department of Health,NHS Kernow CCG,6/30/2018,Cont Care- Retrospective Claims,CHC ADULT FULLY FUNDED,CORNWALL CARE LTD,22602111,"45,886.54 ",10005931
Department of Health,NHS Kernow CCG,6/30/2018,Cont Care- Retrospective Claims,CHC ADULT FULLY FUNDED,CORNWALL CARE LTD,22602112,"37,279.48 ",10005932
Department of Health,NHS Kernow CCG,6/30/2018,Hcare Srv Rec NHS CCG-Non Contract,MENTAL HEALTH SERVICES - NOT CONTRACTED ACTIVITY,"NHS NORTH, EAST, WEST DEVON CCG",22608947,"51,354.85 ",7031003211
Department of Health,NHS Kernow CCG,6/30/2018,Clinical&Medical-Commercial Sector,MENTAL HEALTH SERVICES - COLLABORATIVE COMMISSIONING,PENTREATH LTD,22609023,"8,315.98 ",18391
Department of Health,NHS Kernow CCG,6/30/2018,Clinical&Medical-Voluntary Sector,MENTAL HEALTH SERVICES - COLLABORATIVE COMMISSIONING,PENTREATH LTD,22609023,"43,373.24 ",18391
Department of Health,NHS Kernow CCG,6/30/2018,Hcare Srv Rec Fdtn Trust-Contract Baseline,CHILDREN SERVICES,CORNWALL PARTNERSHIP NHS FOUNDATION TRUST,22609029,"288,166.00 ",1010035121
Department of Health,NHS Kernow CCG,6/30/2018,Hcare Srv Rec Fdtn Trust-Contract Baseline,COMMUNITY SERVICES,CORNWALL PARTNERSHIP NHS FOUNDATION TRUST,22609029,"6,111,762.00 ",1010035121
Department of Health,NHS Kernow CCG,6/30/2018,Hcare Srv Rec Fdtn Trust-Contract Baseline,LEARNING DIFFICULTIES,CORNWALL PARTNERSHIP NHS FOUNDATION TRUST,22609029,"772,583.00 ",1010035121
Department of Health,NHS Kernow CCG,6/30/2018,Hcare Srv Rec Fdtn Trust-Contract Baseline,MENTAL HEALTH SERVICES - ADULTS,CORNWALL PARTNERSHIP NHS FOUNDATION TRUST,22609029,"1,641,416.00 ",1010035121
Department of Health,NHS Kernow CCG,6/30/2018,Hcare Srv Rec Fdtn Trust-Non Contract,MENTAL HEALTH SERVICES - COLLABORATIVE COMMISSIONING,CORNWALL PARTNERSHIP NHS FOUNDATION TRUST,22609029,"3,177,666.00 ",1010035121
Department of Health,NHS Kernow CCG,6/30/2018,Apprenticeship Levy Payable,BALANCE SHEET,HMRC,22622016,"4,645.00 ",120PS005784571902
Department of Health,NHS Kernow CCG,6/30/2018,Income tax <1Yr,BALANCE SHEET,HMRC,22622016,"99,876.27 ",120PS005784571902
Department of Health,NHS Kernow CCG,6/30/2018,Income tax <1Yr-Student Loans,BALANCE SHEET,HMRC,22622016,"1,143.00 ",120PS005784571902
Department of Health,NHS Kernow CCG,6/30/2018,National Insurance < 1 yr-NI- ERS,BALANCE SHEET,HMRC,22622016,"71,584.58 ",120PS005784571902
Department of Health,NHS Kernow CCG,6/30/2018,National Insurance < 1 yr-NI-EES,BALANCE SHEET,HMRC,22622016,"53,850.74 ",120PS005784571902
Department of Health,NHS Kernow CCG,6/30/2018,Statutory Mat Pay < 1 yr,BALANCE SHEET,HMRC,22622016,"(1,869.98)",120PS005784571902
Department of Health,NHS Kernow CCG,6/30/2018,Hcare Srv Rec Fdtn Trust-Contract Baseline,AMBULANCE SERVICES,SOUTH WESTERN AMBULANCE SERVICE NHS FOUNDATION TRUST,22624411,"71,680.00 ",6296070
Department of Health,NHS Kernow CCG,6/30/2018,Hcare Srv Rec Fdtn Trust-Contract Baseline,AMBULANCE SERVICES,SOUTH WESTERN AMBULANCE SERVICE NHS FOUNDATION TRUST,22624480,"2,013,488.00 ",6296684
Department of Health,NHS Kernow CCG,6/30/2018,Misc Income-Other Operating Rev NHS,GENERAL RESERVE - PROGRAMME,"NHS NORTH, EAST, WEST DEVON CCG",22624783,"118,513.00 ",7031003442
Department of Health,NHS Kernow CCG,6/30/2018,Hcare Srv Rec NHS Trust,MENTAL HEALTH SERVICES - OTHER,DEVON PARTNERSHIP NHS TRUST,22643779,"36,742.25 ",67042819
Department of Health,NHS Kernow CCG,6/30/2018,Hcare Srv Rec NHS Trust,MENTAL HEALTH SERVICES - SPECIALIST SERVICES,DEVON PARTNERSHIP NHS TRUST,22643779,"12,530.01 ",67042819
Department of Health,NHS Kernow CCG,6/30/2018,Hcare Srv Rec NHS Trust,MENTAL HEALTH SERVICES - OTHER,DEVON PARTNERSHIP NHS TRUST,22643793,"35,557.02 ",67042818
Department of Health,NHS Kernow CCG,6/30/2018,Hcare Srv Rec NHS Trust,MENTAL HEALTH SERVICES - SPECIALIST SERVICES,DEVON PARTNERSHIP NHS TRUST,22643793,"12,125.82 ",67042818
Department of Health,NHS Kernow CCG,6/30/2018,Clinical&Medical-Voluntary Sector,MENTAL HEALTH SERVICES - COLLABORATIVE COMMISSIONING,RE GAIN (CORNWALL) CIC LTD,22643971,"35,174.50 ",RE1801
Department of Health,NHS Kernow CCG,6/30/2018,Non-PFI Oprtng Lease-Bldgs-Lease Rent,RECHARGES NHS PROPERTY SERVICES LTD,NHS PROPERTY SERVICES LTD,22643998,"(37,453.50)",H28301C
Department of Health,NHS Kernow CCG,6/30/2018,Non-PFI Oprtng Lease-Bldgs-Lease Rent,RECHARGES NHS PROPERTY SERVICES LTD,NHS PROPERTY SERVICES LTD,22656707,"74,907.00 ",H58066
Department of Health,NHS Kernow CCG,6/30/2018,Computer Software/License,PRIMARY CARE IT,MICROTEST HEALTH SOLUTIONS,22658248,"34,136.25 ",0000093648
Department of Health,NHS Kernow CCG,6/30/2018,Clinical&Medical-Commercial Sector,ACUTE COMMISSIONING,NEW HALL HOSPITAL,22686641,"56,349.00 ",KN418
Department of Health,NHS Kernow CCG,6/30/2018,Clinical&Medical-Voluntary Sector,HOSPICES,CORNWALL HOSPICE CARE LTD,22691109,"84,777.00 ",CHC1499
Department of Health,NHS Kernow CCG,6/30/2018,Clinical&Medical-Clinical Other,COMMISSIONING SCHEMES,KERNOW HEALTH COMMUNITY INTEREST CO,22707759,"29,661.96 ",800117
Department of Health,NHS Kernow CCG,6/30/2018,Clinical&Medical-Commercial Sector,MENTAL HEALTH SERVICES - OTHER,NEWCROSS HEALTHCARE SOLUTIONS LTD,22732742,"27,238.35 ",307924
Department of Health,NHS Kernow CCG,6/30/2018,Clinical&Medical-Othe Public Sector,COMMUNITY SERVICES,CORNWALL COUNCIL,22732834,"76,081.75 ",98253264
Department of Health,NHS Kernow CCG,6/30/2018,Hcare Srv Rec Fdtn Trust-Contract Baseline,ACUTE COMMISSIONING,UNIVERSITY HOSPITALS BRISTOL NHS FOUNDATION TRUST,22732865,"39,122.21 ",Q0000688
Department of Health,NHS Kernow CCG,6/30/2018,Clinical&Medical-Voluntary Sector,HOSPICES,CHILDRENS HOSPICE SOUTH WEST,22748073,"27,306.00 ",SINVD00000344
Department of Health,NHS Kernow CCG,6/30/2018,Cont Care-Learning Disab(<65),CHC AD FULL FUND PERS HLTH BUD,redacted,22753265,"28,811.80 ",20001141
Department of Health,NHS Kernow CCG,6/30/2018,Hcare Srv Rec Fdtn Trust-Non Contract,NCAS/OATS,TORBAY AND SOUTH DEVON NHS FOUNDATION TRUST,22788195,"29,475.66 ",4067498
Department of Health,NHS Kernow CCG,6/30/2018,Prescribing,PRESCRIBING,AMCARE LTD,22788225,"184,705.49 ",OPI168495
Department of Health,NHS Kernow CCG,6/30/2018,C&M-GMS Cost of Drugs -Dispensing,LOCAL ENHANCED SERVICES,DR AB HAMILTON & PARTNERS,22799561,"(63,100.58)",CR000022143
Department of Health,NHS Kernow CCG,6/30/2018,C&M-GMS Cost of Drugs -Dispensing,LOCAL ENHANCED SERVICES,DR AB HAMILTON & PARTNERS,22799562,"126,448.86 ",CR000022144
Department of Health,NHS Kernow CCG,6/30/2018,C&M-GMS PrscrptnChrgsColl&RmttdbyGP,LOCAL ENHANCED SERVICES,DR AB HAMILTON & PARTNERS,22799562,"2,806.80 ",CR000022144
Department of Health,NHS Kernow CCG,6/30/2018,C&M-GMS Cost of Drugs -Dispensing,LOCAL ENHANCED SERVICES,DR BLACK & PARTNERS PORTSCATHO,22799565,"(36,992.34)",CR000022147
Department of Health,NHS Kernow CCG,6/30/2018,C&M-GMS Cost of Drugs -Dispensing,LOCAL ENHANCED SERVICES,DR BLACK & PARTNERS PORTSCATHO,22799566,"76,469.49 ",CR000022148
Department of Health,NHS Kernow CCG,6/30/2018,C&M-GMS PrscrptnChrgsColl&RmttdbyGP,LOCAL ENHANCED SERVICES,DR BLACK & PARTNERS PORTSCATHO,22799566,713.60 ,CR000022148
Department of Health,NHS Kernow CCG,6/30/2018,C&M-GMS Cost of Drugs -Dispensing,LOCAL ENHANCED SERVICES,DR BOLTON & PARTNERS,22799567,"(52,616.37)",CR000022149
Department of Health,NHS Kernow CCG,6/30/2018,C&M-GMS Cost of Drugs -Dispensing,LOCAL ENHANCED SERVICES,DR BOLTON & PARTNERS,22799568,"115,873.54 ",CR000022150
Department of Health,NHS Kernow CCG,6/30/2018,C&M-GMS PrscrptnChrgsColl&RmttdbyGP,LOCAL ENHANCED SERVICES,DR BOLTON & PARTNERS,22799568,"3,027.20 ",CR000022150
Department of Health,NHS Kernow CCG,6/30/2018,C&M-GMS Cost of Drugs -Dispensing,LOCAL ENHANCED SERVICES,DR AUCKLAND & PARTNERS,22799572,"(67,062.20)",CR000022154
Department of Health,NHS Kernow CCG,6/30/2018,C&M-GMS Cost of Drugs -Dispensing,LOCAL ENHANCED SERVICES,DR AUCKLAND & PARTNERS,22799573,"131,286.24 ",CR000022155
Department of Health,NHS Kernow CCG,6/30/2018,C&M-GMS PrscrptnChrgsColl&RmttdbyGP,LOCAL ENHANCED SERVICES,DR AUCKLAND & PARTNERS,22799573,"3,393.20 ",CR000022155
Department of Health,NHS Kernow CCG,6/30/2018,C&M-GMS Cost of Drugs -Dispensing,LOCAL ENHANCED SERVICES,DR FAIRLIE & PARTNERS,22799574,"(46,364.76)",CR000022156
Department of Health,NHS Kernow CCG,6/30/2018,C&M-GMS Cost of Drugs -Dispensing,LOCAL ENHANCED SERVICES,DR FAIRLIE & PARTNERS,22799575,"89,074.73 ",CR000022157
Department of Health,NHS Kernow CCG,6/30/2018,C&M-GMS PrscrptnChrgsColl&RmttdbyGP,LOCAL ENHANCED SERVICES,DR FAIRLIE & PARTNERS,22799575,"2,910.00 ",CR000022157
Department of Health,NHS Kernow CCG,6/30/2018,C&M-GMS Cost of Drugs -Dispensing,LOCAL ENHANCED SERVICES,DR EDGERLEY & PARTNERS,22799581,"(48,166.95)",CR000022163
Department of Health,NHS Kernow CCG,6/30/2018,C&M-GMS Cost of Drugs -Dispensing,LOCAL ENHANCED SERVICES,DR EDGERLEY & PARTNERS,22799582,"94,684.34 ",CR000022164
Department of Health,NHS Kernow CCG,6/30/2018,C&M-GMS PrscrptnChrgsColl&RmttdbyGP,LOCAL ENHANCED SERVICES,DR EDGERLEY & PARTNERS,22799582,"1,698.40 ",CR000022164
Department of Health,NHS Kernow CCG,6/30/2018,C&M-GMS Cost of Drugs -Dispensing,LOCAL ENHANCED SERVICES,DR CECIL & PARTNERS,22799583,"(46,987.64)",CR000022165
Department of Health,NHS Kernow CCG,6/30/2018,C&M-GMS Cost of Drugs -Dispensing,LOCAL ENHANCED SERVICES,DR CECIL & PARTNERS,22799584,"97,159.63 ",CR000022166
Department of Health,NHS Kernow CCG,6/30/2018,C&M-GMS PrscrptnChrgsColl&RmttdbyGP,LOCAL ENHANCED SERVICES,DR CECIL & PARTNERS,22799584,"2,287.80 ",CR000022166
Department of Health,NHS Kernow CCG,6/30/2018,C&M-GMS Cost of Drugs -Dispensing,LOCAL ENHANCED SERVICES,DR CLEGG & PARTNERS,22799585,"(30,753.50)",CR000022167
Department of Health,NHS Kernow CCG,6/30/2018,C&M-GMS Cost of Drugs -Dispensing,LOCAL ENHANCED SERVICES,DR CLEGG & PARTNERS,22799586,"55,663.57 ",CR000022168
Department of Health,NHS Kernow CCG,6/30/2018,C&M-GMS PrscrptnChrgsColl&RmttdbyGP,LOCAL ENHANCED SERVICES,DR CLEGG & PARTNERS,22799586,"1,275.20 ",CR000022168
Department of Health,NHS Kernow CCG,6/30/2018,C&M-GMS Cost of Drugs -Dispensing,LOCAL ENHANCED SERVICES,DR HARGADON & PARTNERS,22799589,"(57,014.18)",CR000022171
Department of Health,NHS Kernow CCG,6/30/2018,C&M-GMS Cost of Drugs -Dispensing,LOCAL ENHANCED SERVICES,DR HARGADON & PARTNERS,22799590,"51,466.90 ",CR000022172
Department of Health,NHS Kernow CCG,6/30/2018,C&M-GMS PrscrptnChrgsColl&RmttdbyGP,LOCAL ENHANCED SERVICES,DR HARGADON & PARTNERS,22799590,"2,508.00 ",CR000022172
Department of Health,NHS Kernow CCG,6/30/2018,C&M-GMS Cost of Drugs -Dispensing,LOCAL ENHANCED SERVICES,DR HENDERSON & PARTNERS ST AGNES,22799591,"(44,740.89)",CR000022173
Department of Health,NHS Kernow CCG,6/30/2018,C&M-GMS Cost of Drugs -Dispensing,LOCAL ENHANCED SERVICES,DR HENDERSON & PARTNERS ST AGNES,22799592,"73,211.33 ",CR000022174
Department of Health,NHS Kernow CCG,6/30/2018,C&M-GMS PrscrptnChrgsColl&RmttdbyGP,LOCAL ENHANCED SERVICES,DR HENDERSON & PARTNERS ST AGNES,22799592,"2,793.40 ",CR000022174
Department of Health,NHS Kernow CCG,6/30/2018,C&M-PMS Cost of Drugs -Dispensing,LOCAL ENHANCED SERVICES,DR HOWE,22799594,"36,921.89 ",CR000022176
Department of Health,NHS Kernow CCG,6/30/2018,C&M-PMS Prsc Chrgs Cll&Rmttd by GPs,LOCAL ENHANCED SERVICES,DR HOWE,22799594,"1,442.20 ",CR000022176
Department of Health,NHS Kernow CCG,6/30/2018,C&M-PMS Cost of Drugs -Dispensing,LOCAL ENHANCED SERVICES,DR GARROD & PARTNERS BOSCASTLE,22799596,"(36,681.95)",CR000022178
Department of Health,NHS Kernow CCG,6/30/2018,C&M-PMS Cost of Drugs -Dispensing,LOCAL ENHANCED SERVICES,DR GARROD & PARTNERS BOSCASTLE,22799597,"73,170.69 ",CR000022179
Department of Health,NHS Kernow CCG,6/30/2018,C&M-PMS Prsc Chrgs Cll&Rmttd by GPs,LOCAL ENHANCED SERVICES,DR GARROD & PARTNERS BOSCASTLE,22799597,"2,020.00 ",CR000022179
Department of Health,NHS Kernow CCG,6/30/2018,C&M-GMS Cost of Drugs -Dispensing,LOCAL ENHANCED SERVICES,DR GETHIN & PARTNERS,22799600,"(29,310.32)",CR000022182
Department of Health,NHS Kernow CCG,6/30/2018,C&M-GMS Cost of Drugs -Dispensing,LOCAL ENHANCED SERVICES,DR GETHIN & PARTNERS,22799601,"55,123.13 ",CR000022183
Department of Health,NHS Kernow CCG,6/30/2018,C&M-GMS PrscrptnChrgsColl&RmttdbyGP,LOCAL ENHANCED SERVICES,DR GETHIN & PARTNERS,22799601,"1,056.00 ",CR000022183
Department of Health,NHS Kernow CCG,6/30/2018,C&M-GMS Cost of Drugs -Dispensing,LOCAL ENHANCED SERVICES,DR JONES & PARTNERS POOL,22799603,"(25,828.16)",CR000022185
Department of Health,NHS Kernow CCG,6/30/2018,C&M-GMS Cost of Drugs -Dispensing,LOCAL ENHANCED SERVICES,DR JONES & PARTNERS POOL,22799604,"52,818.10 ",CR000022186
Department of Health,NHS Kernow CCG,6/30/2018,C&M-GMS PrscrptnChrgsColl&RmttdbyGP,LOCAL ENHANCED SERVICES,DR JONES & PARTNERS POOL,22799604,"1,210.40 ",CR000022186
Department of Health,NHS Kernow CCG,6/30/2018,C&M-GMS Cost of Drugs -Dispensing,LOCAL ENHANCED SERVICES,DR MCKELVEY & PARTNERS,22799606,"(116,533.36)",CR000022188
Department of Health,NHS Kernow CCG,6/30/2018,C&M-GMS Cost of Drugs -Dispensing,LOCAL ENHANCED SERVICES,DR MCKELVEY & PARTNERS,22799607,"203,180.93 ",CR000022189
Department of Health,NHS Kernow CCG,6/30/2018,C&M-GMS PrscrptnChrgsColl&RmttdbyGP,LOCAL ENHANCED SERVICES,DR MCKELVEY & PARTNERS,22799607,"6,750.60 ",CR000022189
Department of Health,NHS Kernow CCG,6/30/2018,C&M-GMS Cost of Drugs -Dispensing,LOCAL ENHANCED SERVICES,DR MERRIN & PARTNERS,22799609,"34,545.03 ",CR000022191
Department of Health,NHS Kernow CCG,6/30/2018,C&M-GMS PrscrptnChrgsColl&RmttdbyGP,LOCAL ENHANCED SERVICES,DR MERRIN & PARTNERS,22799609,"1,298.40 ",CR000022191
Department of Health,NHS Kernow CCG,6/30/2018,C&M-GMS Cost of Drugs -Dispensing,LOCAL ENHANCED SERVICES,DR MACFARLANE & PARTNERS,22799612,"(47,956.20)",CR000022194
Department of Health,NHS Kernow CCG,6/30/2018,C&M-GMS Cost of Drugs -Dispensing,LOCAL ENHANCED SERVICES,DR MACFARLANE & PARTNERS,22799613,"98,624.29 ",CR000022195
Department of Health,NHS Kernow CCG,6/30/2018,C&M-GMS PrscrptnChrgsColl&RmttdbyGP,LOCAL ENHANCED SERVICES,DR MACFARLANE & PARTNERS,22799613,"2,842.40 ",CR000022195
Department of Health,NHS Kernow CCG,6/30/2018,C&M-GMS Cost of Drugs -Dispensing,LOCAL ENHANCED SERVICES,DR MAGUIRE & PARTNERS,22799615,"51,899.82 ",CR000022197
Department of Health,NHS Kernow CCG,6/30/2018,C&M-GMS PrscrptnChrgsColl&RmttdbyGP,LOCAL ENHANCED SERVICES,DR MAGUIRE & PARTNERS,22799615,"1,513.60 ",CR000022197
Department of Health,NHS Kernow CCG,6/30/2018,C&M-GMS Cost of Drugs -Dispensing,LOCAL ENHANCED SERVICES,DR MALING & PARTNERS,22799616,"(52,900.08)",CR000022198
Department of Health,NHS Kernow CCG,6/30/2018,C&M-GMS Cost of Drugs -Dispensing,LOCAL ENHANCED SERVICES,DR MALING & PARTNERS,22799617,"112,545.27 ",CR000022199
Department of Health,NHS Kernow CCG,6/30/2018,C&M-GMS PrscrptnChrgsColl&RmttdbyGP,LOCAL ENHANCED SERVICES,DR MALING & PARTNERS,22799617,"3,445.40 ",CR000022199
Department of Health,NHS Kernow CCG,6/30/2018,C&M-GMS Cost of Drugs -Dispensing,LOCAL ENHANCED SERVICES,DR MOORE & PARTNERS ST GERMANS,22799621,"(51,623.75)",CR000022203
Department of Health,NHS Kernow CCG,6/30/2018,C&M-GMS Cost of Drugs -Dispensing,LOCAL ENHANCED SERVICES,DR MOORE & PARTNERS ST GERMANS,22799622,"103,598.73 ",CR000022204
Department of Health,NHS Kernow CCG,6/30/2018,C&M-GMS PrscrptnChrgsColl&RmttdbyGP,LOCAL ENHANCED SERVICES,DR MOORE & PARTNERS ST GERMANS,22799622,"2,252.80 ",CR000022204
Department of Health,NHS Kernow CCG,6/30/2018,C&M-GMS Cost of Drugs -Dispensing,LOCAL ENHANCED SERVICES,DR MORICE & PARTNERS,22799623,"(73,734.30)",CR000022205
Department of Health,NHS Kernow CCG,6/30/2018,C&M-GMS Cost of Drugs -Dispensing,LOCAL ENHANCED SERVICES,DR MORICE & PARTNERS,22799624,"148,812.29 ",CR000022206
Department of Health,NHS Kernow CCG,6/30/2018,C&M-GMS PrscrptnChrgsColl&RmttdbyGP,LOCAL ENHANCED SERVICES,DR MORICE & PARTNERS,22799624,"4,523.20 ",CR000022206
Department of Health,NHS Kernow CCG,6/30/2018,C&M-GMS Cost of Drugs -Dispensing,LOCAL ENHANCED SERVICES,DR ROY & PARTNERS,22799628,"44,830.15 ",CR000022210
Department of Health,NHS Kernow CCG,6/30/2018,C&M-GMS PrscrptnChrgsColl&RmttdbyGP,LOCAL ENHANCED SERVICES,DR ROY & PARTNERS,22799628,623.20 ,CR000022210
Department of Health,NHS Kernow CCG,6/30/2018,C&M-PMS Cost of Drugs -Dispensing,LOCAL ENHANCED SERVICES,DR PAXTON & PARTNERS,22799629,"(63,972.86)",CR000022211
Department of Health,NHS Kernow CCG,6/30/2018,C&M-PMS Cost of Drugs -Dispensing,LOCAL ENHANCED SERVICES,DR PAXTON & PARTNERS,22799630,"137,997.81 ",CR000022212
Department of Health,NHS Kernow CCG,6/30/2018,C&M-PMS Prsc Chrgs Cll&Rmttd by GPs,LOCAL ENHANCED SERVICES,DR PAXTON & PARTNERS,22799630,"4,006.60 ",CR000022212
Department of Health,NHS Kernow CCG,6/30/2018,C&M-GMS Cost of Drugs -Dispensing,LOCAL ENHANCED SERVICES,DR SCHENK & PARTNERS,22799633,"(60,884.80)",CR000022215
Department of Health,NHS Kernow CCG,6/30/2018,C&M-GMS Cost of Drugs -Dispensing,LOCAL ENHANCED SERVICES,DR SCHENK & PARTNERS,22799634,"119,913.55 ",CR000022216
Department of Health,NHS Kernow CCG,6/30/2018,C&M-GMS PrscrptnChrgsColl&RmttdbyGP,LOCAL ENHANCED SERVICES,DR SCHENK & PARTNERS,22799634,"3,931.40 ",CR000022216
Department of Health,NHS Kernow CCG,6/30/2018,C&M-GMS Cost of Drugs -Dispensing,LOCAL ENHANCED SERVICES,DR STEAD & PARTNERS,22799637,"(33,342.80)",CR000022219
Department of Health,NHS Kernow CCG,6/30/2018,C&M-GMS Cost of Drugs -Dispensing,LOCAL ENHANCED SERVICES,DR STEAD & PARTNERS,22799638,"68,301.00 ",CR000022220
Department of Health,NHS Kernow CCG,6/30/2018,C&M-GMS PrscrptnChrgsColl&RmttdbyGP,LOCAL ENHANCED SERVICES,DR STEAD & PARTNERS,22799638,"1,855.20 ",CR000022220
Department of Health,NHS Kernow CCG,6/30/2018,C&M-PMS Cost of Drugs -Dispensing,LOCAL ENHANCED SERVICES,DR SAINSBURY & PARTNERS,22799639,"(60,435.37)",CR000022221
Department of Health,NHS Kernow CCG,6/30/2018,C&M-PMS Cost of Drugs -Dispensing,LOCAL ENHANCED SERVICES,DR SAINSBURY & PARTNERS,22799640,"115,044.00 ",CR000022222
Department of Health,NHS Kernow CCG,6/30/2018,C&M-PMS Prsc Chrgs Cll&Rmttd by GPs,LOCAL ENHANCED SERVICES,DR SAINSBURY & PARTNERS,22799640,"3,116.40 ",CR000022222
Department of Health,NHS Kernow CCG,6/30/2018,C&M-GMS Cost of Drugs -Dispensing,LOCAL ENHANCED SERVICES,DR SAITCH & PARTNERS,22799641,"(28,665.20)",CR000022223
Department of Health,NHS Kernow CCG,6/30/2018,C&M-GMS Cost of Drugs -Dispensing,LOCAL ENHANCED SERVICES,DR SAITCH & PARTNERS,22799642,"73,565.62 ",CR000022224
Department of Health,NHS Kernow CCG,6/30/2018,C&M-GMS PrscrptnChrgsColl&RmttdbyGP,LOCAL ENHANCED SERVICES,DR SAITCH & PARTNERS,22799642,"1,381.60 ",CR000022224
Department of Health,NHS Kernow CCG,6/30/2018,C&M-GMS Cost of Drugs -Dispensing,LOCAL ENHANCED SERVICES,DR WARREN & PARTNERS,22799643,"(114,182.97)",CR000022225
Department of Health,NHS Kernow CCG,6/30/2018,C&M-GMS Cost of Drugs -Dispensing,LOCAL ENHANCED SERVICES,DR WARREN & PARTNERS,22799644,"221,734.66 ",CR000022226
Department of Health,NHS Kernow CCG,6/30/2018,C&M-GMS PrscrptnChrgsColl&RmttdbyGP,LOCAL ENHANCED SERVICES,DR WARREN & PARTNERS,22799644,"6,274.40 ",CR000022226
Department of Health,NHS Kernow CCG,6/30/2018,C&M-GMS Cost of Drugs -Dispensing,LOCAL ENHANCED SERVICES,MEVAGISSEY SURGERY,22799649,"(26,540.10)",CR000022231
Department of Health,NHS Kernow CCG,6/30/2018,C&M-GMS Cost of Drugs -Dispensing,LOCAL ENHANCED SERVICES,MEVAGISSEY SURGERY,22799650,"40,430.00 ",CR000022232
Department of Health,NHS Kernow CCG,6/30/2018,C&M-GMS PrscrptnChrgsColl&RmttdbyGP,LOCAL ENHANCED SERVICES,MEVAGISSEY SURGERY,22799650,"1,103.60 ",CR000022232
Department of Health,NHS Kernow CCG,6/30/2018,C&M-PMS Cost of Drugs -Dispensing,LOCAL ENHANCED SERVICES,DR V BRIDGER AND PARTNERS,22799654,"(91,756.12)",CR000022236
Department of Health,NHS Kernow CCG,6/30/2018,C&M-PMS Cost of Drugs -Dispensing,LOCAL ENHANCED SERVICES,DR V BRIDGER AND PARTNERS,22799655,"177,273.82 ",CR000022237
Department of Health,NHS Kernow CCG,6/30/2018,C&M-PMS Prsc Chrgs Cll&Rmttd by GPs,LOCAL ENHANCED SERVICES,DR V BRIDGER AND PARTNERS,22799655,"6,474.00 ",CR000022237
Department of Health,NHS Kernow CCG,6/30/2018,Non-PFI Oprtng Lease-Bldgs-Lease Rent,ESTATES AND FACILITIES,NHS PROPERTY SERVICES LTD,22810720,"125,698.88 ",H61640
Department of Health,NHS Kernow CCG,6/30/2018,Non-PFI Oprtng Lease-Bldgs-Lease Rent,RECHARGES NHS PROPERTY SERVICES LTD,NHS PROPERTY SERVICES LTD,22810720,"53,870.95 ",H61640
Department of Health,NHS Kernow CCG,6/30/2018,Clinical&Medical-Commercial Sector,Mental Health Services - S117 Mental Health,NEWCROSS HEALTHCARE SOLUTIONS LTD,22826150,"26,583.47 ",295362
Department of Health,NHS Kernow CCG,6/30/2018,Clinical&Medical-Othe Public Sector,Mental Health Services - S117 Mental Health,CORNWALL COUNCIL,22826201,"42,255.40 ",98252076
Department of Health,NHS Kernow CCG,6/30/2018,Cont Care-FNC Client Continence Allow,FUNDED NURSING CARE,ESSITY UK LTD,22826287,"37,476.18 ",6401394305
Department of Health,NHS Kernow CCG,6/30/2018,Clinical&Medical-Othe Public Sector,LEARNING DIFFICULTIES,CORNWALL COUNCIL,22826299,"892,583.33 ",98253022
Department of Health,NHS Kernow CCG,6/30/2018,Clinical&Medical-Othe Public Sector,NON RECURRENT PROGRAMMES,CORNWALL COUNCIL,22826299,"1,827,967.17 ",98253022
Department of Health,NHS Kernow CCG,6/30/2018,Clinical&Medical-Clinical Other,COMMISSIONING SCHEMES,KERNOW HEALTH COMMUNITY INTEREST CO,22826306,"25,394.64 ",800129
Department of Health,NHS Kernow CCG,6/30/2018,Hcare Srv Rec NHS Trust-Contract Baseline,ACUTE COMMISSIONING,UNIVERSITY HOSPITALS PLYMOUTH NHS TRUST,22826328,"5,225,000.00 ",915746
Department of Health,NHS Kernow CCG,6/30/2018,Clinical&Medical-Commercial Sector,COMMUNITY SERVICES,LIVEWELL SOUTHWEST,22855219,"63,500.00 ",41132232
Department of Health,NHS Kernow CCG,6/30/2018,Computer Network Costs,PRIMARY CARE IT,ROYAL CORNWALL HOSPITALS NHS TRUST,22855417,"26,568.00 ",4014247
,,,,,,,,
