NHS Kernow CCG,,,,,,,,
,,,,,,,,
Expenditure Over Threshold - December 2018,,,,,,,,
,,,,,,,,
,,,,,,,,
,,,,,,,,
Department family,Entity,Date,Expense Type,Expense area,Supplier,Transaction number,�,Purchase invoice number
Department of Health,NHS Kernow CCG,12/31/2018,Clinical&Medical-Othe Public Sector,LEARNING DIFFICULTIES,CORNWALL COUNCIL,24991198,"395,920.52 ",98263072
Department of Health,NHS Kernow CCG,12/31/2018,Clinical&Medical-Othe Public Sector,LEARNING DIFFICULTIES,CORNWALL COUNCIL,24991215,"734,250.00 ",98262138
Department of Health,NHS Kernow CCG,12/31/2018,Clinical&Medical-Othe Public Sector,NON RECURRENT PROGRAMMES,CORNWALL COUNCIL,24991215,"1,827,967.17 ",98262138
Department of Health,NHS Kernow CCG,12/31/2018,Contr Estate Management,RECHARGES NHS PROPERTY SERVICES LTD,NHS PROPERTY SERVICES LTD,25009222,"69,766.10 ",00000001H116184
Department of Health,NHS Kernow CCG,12/31/2018,Service Charge,RECHARGES NHS PROPERTY SERVICES LTD,NHS PROPERTY SERVICES LTD,25009222,"72,350.23 ",00000001H116184
Department of Health,NHS Kernow CCG,12/31/2018,Clinical&Medical-Commercial Sector,ACUTE COMMISSIONING,DUCHY HOSPITAL,25009284,"(144,286.00)",14657517
Department of Health,NHS Kernow CCG,12/31/2018,Computer Network Costs,PRIMARY CARE IT,ROYAL CORNWALL HOSPITALS NHS TRUST,25009286,"27,649.00 ",4019139
Department of Health,NHS Kernow CCG,12/31/2018,Computer Network Costs,IM&T,ROYAL CORNWALL HOSPITALS NHS TRUST,25009288,"25,591.00 ",4019141
Department of Health,NHS Kernow CCG,12/31/2018,Hlthcre-Foundation Trsts,MENTAL HEALTH SERVICES - OTHER,DEVON PARTNERSHIP NHS TRUST,25028456,"41,358.49 ",67043471
Department of Health,NHS Kernow CCG,12/31/2018,Clinical&Medical-Commercial Sector,LEARNING DIFFICULTIES,ELYSIUM HEALTHCARE LTD,25028459,"31,484.40 ",HLH00290
Department of Health,NHS Kernow CCG,12/31/2018,Cont Care-Learning Disab(<65),CHC ADULT FULLY FUNDED,DEVON & CORNWALL AUTISTIC COMMUNITY TRUST,25028475,"25,427.79 ",00000014118
Department of Health,NHS Kernow CCG,12/31/2018,Clinical&Medical-Commercial Sector,MENTAL HEALTH SERVICES - NOT CONTRACTED ACTIVITY,CYGNET HEALTHCARE LTD,25028507,"48,313.91 ",TAU0069543
Department of Health,NHS Kernow CCG,12/31/2018,Clinical&Medical-Commercial Sector,COMMUNITY SERVICES,LIVEWELL SOUTHWEST,25028578,"63,500.00 ",41132819
Department of Health,NHS Kernow CCG,12/31/2018,Hcare Srv Rec Fdtn Trust-Contract Baseline,ACUTE COMMISSIONING,UNIVERSITY HOSPITALS BRISTOL NHS FOUNDATION TRUST,25028599,"109,154.91 ",R0001844
Department of Health,NHS Kernow CCG,12/31/2018,Hcare Srv Rec Fdtn Trust-Contract Baseline,ACUTE COMMISSIONING,ROYAL DEVON AND EXETER NHS FOUNDATION TRUST,25028614,"220,704.00 ",26376154
Department of Health,NHS Kernow CCG,12/31/2018,Clinical&Medical-Commercial Sector,COMMUNITY SERVICES,SPECSAVERS HEARCARE LTD,25028653,"39,510.10 ",20380100
Department of Health,NHS Kernow CCG,12/31/2018,Clinical&Medical-Commercial Sector,ACUTE COMMISSIONING,DUCHY HOSPITAL,25028655,"1,341,859.00 ",NVC04DEC18
Department of Health,NHS Kernow CCG,12/31/2018,Hcare Srv Rec NHS Trust-Contract Baseline,ACUTE COMMISSIONING,ROYAL CORNWALL HOSPITALS NHS TRUST,25028666,"22,878,429.00 ",4019148
Department of Health,NHS Kernow CCG,12/31/2018,Hcare Srv Rec NHS Trust-Contract Baseline,ACUTE COMMISSIONING,NORTHERN DEVON HEALTHCARE NHS TRUST,25028748,"574,417.00 ",0000727498
Department of Health,NHS Kernow CCG,12/31/2018,Clinical&Medical-Commercial Sector,ACUTE COMMISSIONING,PROBUS SURGERY LTD,25028829,"196,285.00 ",DECEMBER2018
Department of Health,NHS Kernow CCG,12/31/2018,Cont Care-Physical Disab (<65),CHC ADULT FULLY FUNDED,TOTAL COMMUNITY CARE LTD,25028876,"29,579.60 ",24073
Department of Health,NHS Kernow CCG,12/31/2018,Cont Care-Physical Disab (<65),CHC AD FULL FUND PERS HLTH BUD,TOTAL COMMUNITY CARE LTD,25028889,"25,428.64 ",24094
Department of Health,NHS Kernow CCG,12/31/2018,Clinical&Medical-Not For Profit,WHEELCHAIR SERVICE,MILLBROOK HEALTHCARE LTD,25045316,"46,639.80 ",20536
Department of Health,NHS Kernow CCG,12/31/2018,Clinical&Medical-Commercial Sector,GP FORWARD VIEW,MARAZION SURGERY,25059769,"60,203.88 ",35
Department of Health,NHS Kernow CCG,12/31/2018,Clinical&Medical-Commercial Sector,GP FORWARD VIEW,MARAZION SURGERY,25059803,"40,135.92 ",37
Department of Health,NHS Kernow CCG,12/31/2018,Clinical&Medical-Commercial Sector,GP FORWARD VIEW,MARAZION SURGERY,25059805,"(60,203.88)",973B
Department of Health,NHS Kernow CCG,12/31/2018,Clinical&Medical-Othe Public Sector,LEARNING DIFFICULTIES,CORNWALL COUNCIL,25081749,"26,213.07 ",98260533
Department of Health,NHS Kernow CCG,12/31/2018,Clinical&Medical-Commercial Sector,ACUTE COMMISSIONING,NUFFIELD HEALTH,25081806,"136,778.00 ",SACKER1812112TH
Department of Health,NHS Kernow CCG,12/31/2018,Computer Hardware Purch,PRIMARY CARE IT,CROWBYTES,25081840,"76,058.40 ",1895
Department of Health,NHS Kernow CCG,12/31/2018,Clinical&Medical-Independent Sector,ACUTE COMMISSIONING,CARE UK CLINICAL SERVICES LTD,25081844,"292,126.83 ",100082354
Department of Health,NHS Kernow CCG,12/31/2018,Clinical&Medical-Commercial Sector,Mental Health Services - S117 Mental Health,BARCHESTER HEALTHCARE LTD,25081850,"39,129.29 ",031032947
Department of Health,NHS Kernow CCG,12/31/2018,Hcare Srv Rec Fdtn Trust-Non Contract,NCAS/OATS,FRIMLEY HEALTH NHS FOUNDATION TRUST,25125333,"25,612.00 ",N0102878
Department of Health,NHS Kernow CCG,12/31/2018,Hcare Srv Rec Fdtn Trust-Contract Baseline,CHILDREN SERVICES,CORNWALL PARTNERSHIP NHS FOUNDATION TRUST,25125374,"288,166.00 ",1010037735
Department of Health,NHS Kernow CCG,12/31/2018,Hcare Srv Rec Fdtn Trust-Contract Baseline,COMMUNITY SERVICES,CORNWALL PARTNERSHIP NHS FOUNDATION TRUST,25125374,"6,111,762.00 ",1010037735
Department of Health,NHS Kernow CCG,12/31/2018,Hcare Srv Rec Fdtn Trust-Contract Baseline,LEARNING DIFFICULTIES,CORNWALL PARTNERSHIP NHS FOUNDATION TRUST,25125374,"772,583.00 ",1010037735
Department of Health,NHS Kernow CCG,12/31/2018,Hcare Srv Rec Fdtn Trust-Contract Baseline,MENTAL HEALTH SERVICES - ADULTS,CORNWALL PARTNERSHIP NHS FOUNDATION TRUST,25125374,"1,641,416.00 ",1010037735
Department of Health,NHS Kernow CCG,12/31/2018,Hcare Srv Rec Fdtn Trust-Non Contract,MENTAL HEALTH SERVICES - COLLABORATIVE COMMISSIONING,CORNWALL PARTNERSHIP NHS FOUNDATION TRUST,25125374,"3,177,666.00 ",1010037735
Department of Health,NHS Kernow CCG,12/31/2018,Prescribing,PRESCRIBING,FRESENIUS KABI LTD,25125396,"28,805.60 ",900039398
Department of Health,NHS Kernow CCG,12/31/2018,Prescribing,PRESCRIBING,FRESENIUS KABI LTD,25125397,"26,330.67 ",900039399
Department of Health,NHS Kernow CCG,12/31/2018,Hcare Srv Rec Fdtn Trust-Contract Baseline,AMBULANCE SERVICES,SOUTH WESTERN AMBULANCE SERVICE NHS FOUNDATION TRUST,25152608,"46,750.00 ",6297967
Department of Health,NHS Kernow CCG,12/31/2018,Clinical&Medical-Commercial Sector,IMPROVING ACCESS TO PSYCHOLOGICAL THERAPIES,OUTLOOK SW LTD,25152889,"358,333.33 ",3664
Department of Health,NHS Kernow CCG,12/31/2018,Hcare Srv Rec NHS Trust-Contract Baseline,NHS 111,ROYAL CORNWALL HOSPITALS NHS TRUST,25167948,"814,329.25 ",4019147
Department of Health,NHS Kernow CCG,12/31/2018,Clinical&Medical-Voluntary Sector,HOSPICES,CORNWALL HOSPICE CARE LTD,25175996,"84,777.00 ",CHC1535
Department of Health,NHS Kernow CCG,12/31/2018,Hcare Srv Rec Fdtn Trust-Contract Baseline,AMBULANCE SERVICES,SOUTH WESTERN AMBULANCE SERVICE NHS FOUNDATION TRUST,25176009,"1,995,375.00 ",6297957
Department of Health,NHS Kernow CCG,12/31/2018,Computer Software/License,PRIMARY CARE IT,SOFTWARE BOX LTD,25176032,"29,193.00 ",INV99947
Department of Health,NHS Kernow CCG,12/31/2018,Clinical&Medical-Commercial Sector,LEARNING DIFFICULTIES,ASC HEALTHCARE LTD,25176144,"44,631.43 ",10680
Department of Health,NHS Kernow CCG,12/31/2018,Cont Care- Retrospective Claims,CHC ADULT FULLY FUNDED,CORNWALL CARE LTD,25180460,"34,574.39 ",10006209
Department of Health,NHS Kernow CCG,12/31/2018,Cont Care- Retrospective Claims,CHC ADULT FULLY FUNDED,OLD ROSELYON MANOR NURSING HOME,25180463,"32,322.07 ",10006212
Department of Health,NHS Kernow CCG,12/31/2018,Cont Care- Retrospective Claims,CHC ADULT FULLY FUNDED,CORNWALL CARE LTD,25180465,"32,573.47 ",10006214
Department of Health,NHS Kernow CCG,12/31/2018,Cont Care- Retrospective Claims,CHC ADULT FULLY FUNDED,SWALLOWCOURT LTD,25180467,"47,823.87 ",10006216
Department of Health,NHS Kernow CCG,12/31/2018,Cont Care- Retrospective Claims,CHC ADULT FULLY FUNDED,PORTHGWARA NURSING HOME,25180469,"31,914.21 ",10006219
Department of Health,NHS Kernow CCG,12/31/2018,Cont Care- Retrospective Claims,CHC ADULT FULLY FUNDED,ROSELAND CARE LTD,25180473,"36,963.31 ",10006222
Department of Health,NHS Kernow CCG,12/31/2018,Cont Care- Retrospective Claims,CHC ADULT FULLY FUNDED,CORNWALL CARE LTD,25180480,"66,169.13 ",10006226
Department of Health,NHS Kernow CCG,12/31/2018,Cont Care- Retrospective Claims,CHC ADULT FULLY FUNDED,LEONARD CHESHIRE DISABILITY,25180482,"73,059.83 ",10006227
Department of Health,NHS Kernow CCG,12/31/2018,Cont Care- Retrospective Claims,CHC ADULT FULLY FUNDED,ORANGE CARE LTD,25180485,"39,213.43 ",10006229
Department of Health,NHS Kernow CCG,12/31/2018,Cont Care- Retrospective Claims,CHC ADULT FULLY FUNDED,ELMS CARE CENTRE,25180488,"38,795.36 ",10006230
Department of Health,NHS Kernow CCG,12/31/2018,Cont Care- Retrospective Claims,CHC ADULT FULLY FUNDED,CORNWALL CARE LTD,25180489,"29,431.52 ",10006231
Department of Health,NHS Kernow CCG,12/31/2018,Cont Care- Retrospective Claims,CHC ADULT FULLY FUNDED,TORCARE LTD,25180491,"36,348.83 ",10006232
Department of Health,NHS Kernow CCG,12/31/2018,Cont Care- Retrospective Claims,CHC ADULT FULLY FUNDED,TRECARE GROUP LTD,25180493,"118,430.12 ",10006233
Department of Health,NHS Kernow CCG,12/31/2018,Cont Care- Retrospective Claims,CHC ADULT FULLY FUNDED,TRECARE GROUP LTD,25180494,"102,728.78 ",10006234
Department of Health,NHS Kernow CCG,12/31/2018,Cont Care- Retrospective Claims,CHC ADULT FULLY FUNDED,SHAROB CARE (BUDE) LTD,25180496,"27,948.26 ",10006235
Department of Health,NHS Kernow CCG,12/31/2018,Cont Care- Retrospective Claims,CHC ADULT FULLY FUNDED,CORNWALL CARE LTD,25180499,"39,525.33 ",10006236
Department of Health,NHS Kernow CCG,12/31/2018,Cont Care- Retrospective Claims,CHC ADULT FULLY FUNDED,CORNWALL CARE LTD,25180500,"60,060.64 ",10006237
Department of Health,NHS Kernow CCG,12/31/2018,Cont Care- Retrospective Claims,CHC ADULT FULLY FUNDED,SWALLOWCOURT LTD,25180502,"94,256.99 ",10006238
Department of Health,NHS Kernow CCG,12/31/2018,Cont Care- Retrospective Claims,CHC ADULT FULLY FUNDED,CORNWALL CARE LTD,25180504,"44,989.14 ",10006240
Department of Health,NHS Kernow CCG,12/31/2018,Cont Care- Retrospective Claims,CHC ADULT FULLY FUNDED,MARIA MALLABAND CARE GROUP,25180508,"33,494.84 ",10006243
Department of Health,NHS Kernow CCG,12/31/2018,Apprenticeship Levy Payable,BALANCE SHEET,HMRC,25185007,"2,548.00 ",120PS005784571908
Department of Health,NHS Kernow CCG,12/31/2018,Income tax <1Yr,BALANCE SHEET,HMRC,25185007,"106,047.41 ",120PS005784571908
Department of Health,NHS Kernow CCG,12/31/2018,Income tax <1Yr-Student Loans,BALANCE SHEET,HMRC,25185007,"1,113.00 ",120PS005784571908
Department of Health,NHS Kernow CCG,12/31/2018,National Insurance < 1 yr-NI- ERS,BALANCE SHEET,HMRC,25185007,"76,800.69 ",120PS005784571908
Department of Health,NHS Kernow CCG,12/31/2018,National Insurance < 1 yr-NI-EES,BALANCE SHEET,HMRC,25185007,"57,280.27 ",120PS005784571908
Department of Health,NHS Kernow CCG,12/31/2018,Statutory Mat Pay < 1 yr,BALANCE SHEET,HMRC,25185007,"(2,979.97)",120PS005784571908
Department of Health,NHS Kernow CCG,12/31/2018,Clinical&Medical-Independent Sector,PLANNED CARE,ECHOGENICITY LTD,25198323,"34,560.00 ",INV201808
Department of Health,NHS Kernow CCG,12/31/2018,Clinical&Medical-Independent Sector,ACUTE COMMISSIONING,NUFFIELD HEALTH,25198589,"28,527.00 ",EXENCAKER1118
Department of Health,NHS Kernow CCG,12/31/2018,Cont Care- Retrospective Claims,CHC ADULT FULLY FUNDED,BEECHLAWN NURSING HOME,25209748,"40,203.06 ",10006186DEC
Department of Health,NHS Kernow CCG,12/31/2018,Cont Care- Retrospective Claims,CHC ADULT FULLY FUNDED,ALMONDSBURY CARE LTD,25209762,"55,794.17 ",10006187DEC
Department of Health,NHS Kernow CCG,12/31/2018,Cont Care- Retrospective Claims,CHC ADULT FULLY FUNDED,BENONI NURSING HOME LTD,25209772,"37,262.36 ",10006188DEC
Department of Health,NHS Kernow CCG,12/31/2018,Cont Care- Retrospective Claims,CHC ADULT FULLY FUNDED,BONAER CARE HOME,25209780,"34,103.04 ",10006189DEC
Department of Health,NHS Kernow CCG,12/31/2018,Cont Care- Retrospective Claims,CHC ADULT FULLY FUNDED,CARITATE LTD,25209796,"28,166.27 ",10006191DEC
Department of Health,NHS Kernow CCG,12/31/2018,Cont Care- Retrospective Claims,CHC ADULT FULLY FUNDED,CATHEDRAL VIEW LTD,25209811,"46,229.20 ",10006193DEC
Department of Health,NHS Kernow CCG,12/31/2018,Cont Care- Retrospective Claims,CHC ADULT FULLY FUNDED,CORNWALL CARE LTD,25209825,"54,587.77 ",10006195DEC
Department of Health,NHS Kernow CCG,12/31/2018,Cont Care- Retrospective Claims,CHC ADULT FULLY FUNDED,CORNWALL CARE LTD,25209835,"39,867.10 ",10006196DEC
Department of Health,NHS Kernow CCG,12/31/2018,Cont Care- Retrospective Claims,CHC ADULT FULLY FUNDED,FAIRHOLME NURSING HOME,25209851,"83,023.77 ",10006199DEC
Department of Health,NHS Kernow CCG,12/31/2018,Cont Care- Retrospective Claims,CHC ADULT FULLY FUNDED,GLENCOE CARE LTD,25209859,"28,550.27 ",10006200DEC
Department of Health,NHS Kernow CCG,12/31/2018,Cont Care- Retrospective Claims,CHC ADULT FULLY FUNDED,CORNWALLIS CARE SERVICES LTD,25209871,"26,585.92 ",10006201DEC
Department of Health,NHS Kernow CCG,12/31/2018,Cont Care- Retrospective Claims,CHC ADULT FULLY FUNDED,HILLCREST HOUSE NURSING HOME,25209876,"58,567.83 ",10006202DEC
Department of Health,NHS Kernow CCG,12/31/2018,Cont Care- Retrospective Claims,CHC ADULT FULLY FUNDED,BARCHESTER HEALTHCARE LTD,25209884,"129,693.88 ",10006203DEC
Department of Health,NHS Kernow CCG,12/31/2018,Cont Care- Retrospective Claims,CHC ADULT FULLY FUNDED,BARCHESTER HEALTHCARE LTD,25209892,"185,375.67 ",10006204DEC
Department of Health,NHS Kernow CCG,12/31/2018,Cont Care- Retrospective Claims,CHC ADULT FULLY FUNDED,KING CHARLES COURT LTD,25209904,"36,832.24 ",10006205DEC
Department of Health,NHS Kernow CCG,12/31/2018,Cont Care- Retrospective Claims,CHC ADULT FULLY FUNDED,SWALLOWCOURT LTD,25209943,"29,797.32 ",10006217DEC
Department of Health,NHS Kernow CCG,12/31/2018,Cont Care- Retrospective Claims,CHC ADULT FULLY FUNDED,CORNWALL CARE LTD,25209948,"34,781.46 ",10006239DEC
Department of Health,NHS Kernow CCG,12/31/2018,Hcare Srv Rec Fdtn Trust-Non Contract,NCAS/OATS,UNIVERSITY COLLEGE LONDON HOSPITALS NHS FOUNDATION TRUST,25213752,"38,596.00 ",5010182588
Department of Health,NHS Kernow CCG,12/31/2018,Cont Care-Physical Disab (<65),CHC ADULT FULLY FUNDED,ONE-OFF SUPPLIER,25221659,"55,550.89 ",102415-06-DEC-2018
Department of Health,NHS Kernow CCG,12/31/2018,Cont Care-Learning Disab(<65),CHC AD FULL FUND PERS HLTH BUD,redacted,25234658,"25,671.28 ",20001392
Department of Health,NHS Kernow CCG,12/31/2018,Cont Care-FNC Client Continence Allow,FUNDED NURSING CARE,ESSITY UK LTD,25245330,"40,813.26 ",6401449523
Department of Health,NHS Kernow CCG,12/31/2018,Cont Care-Learning Disab(<65),CHC ADULT FULLY FUNDED,GREEN LIGHT PBS LTD,25245404,"28,836.00 ",9494
Department of Health,NHS Kernow CCG,12/31/2018,Clinical&Medical-Voluntary Sector,MENTAL HEALTH SERVICES - WINTER RESILIENCE,ADDACTION,25245416,"53,000.00 ",SIN008006
Department of Health,NHS Kernow CCG,12/31/2018,Clinical&Medical-Commercial Sector,PALLIATIVE CARE,HUGH STEEPER LTD,25245422,"84,865.65 ",SIN1811OT098000
Department of Health,NHS Kernow CCG,12/31/2018,Cont Care-FNC Client Continence Allow,FUNDED NURSING CARE,ESSITY UK LTD,25245426,"41,102.62 ",6401461164
Department of Health,NHS Kernow CCG,12/31/2018,Clinical&Medical-Voluntary Sector,MENTAL HEALTH SERVICES - COLLABORATIVE COMMISSIONING,PENTREATH LTD,25245452,"51,689.22 ",18716
Department of Health,NHS Kernow CCG,12/31/2018,Clinical&Medical-Independent Sector,PLANNED CARE,PENINSULA ULTRASOUND LTD,25245454,"73,952.00 ",400
Department of Health,NHS Kernow CCG,12/31/2018,Clinical&Medical-Othe Public Sector,MENTAL HEALTH SERVICES - NOT CONTRACTED ACTIVITY,CORNWALL COUNCIL,25245582,"37,000.00 ",98263139
Department of Health,NHS Kernow CCG,12/31/2018,Clinical&Medical-Voluntary Sector,MENTAL HEALTH SERVICES - COLLABORATIVE COMMISSIONING,RE GAIN (CORNWALL) CIC LTD,25245584,"35,174.50 ",RE1803
Department of Health,NHS Kernow CCG,12/31/2018,Clinical&Medical-Voluntary Sector,MENTAL HEALTH SERVICES - COLLABORATIVE COMMISSIONING,RE GAIN (CORNWALL) CIC LTD,25245588,"35,174.50 ",RE1804
Department of Health,NHS Kernow CCG,12/31/2018,C&M-PMS LES 24 Hour ABPM,LOCAL ENHANCED SERVICES,STENNACK SURGERY,25245597,"6,370.00 ",1904
Department of Health,NHS Kernow CCG,12/31/2018,C&M-PMS LES 24hr ECG,LOCAL ENHANCED SERVICES,STENNACK SURGERY,25245597,"1,215.00 ",1904
Department of Health,NHS Kernow CCG,12/31/2018,C&M-PMS LES Anti-coagulation,LOCAL ENHANCED SERVICES,STENNACK SURGERY,25245597,"1,651.64 ",1904
Department of Health,NHS Kernow CCG,12/31/2018,C&M-PMS LES MRSA,LOCAL ENHANCED SERVICES,STENNACK SURGERY,25245597,80.00 ,1904
Department of Health,NHS Kernow CCG,12/31/2018,C&M-PMS LES Near Patient Testing,LOCAL ENHANCED SERVICES,STENNACK SURGERY,25245597,87.20 ,1904
Department of Health,NHS Kernow CCG,12/31/2018,C&M-PMS LES Post Operative Care,LOCAL ENHANCED SERVICES,STENNACK SURGERY,25245597,"2,354.20 ",1904
Department of Health,NHS Kernow CCG,12/31/2018,C&M-PMS LES Pre Operative Care,LOCAL ENHANCED SERVICES,STENNACK SURGERY,25245597,"1,159.31 ",1904
Department of Health,NHS Kernow CCG,12/31/2018,C&M-PMS NES Minor Injury Services,LOCAL ENHANCED SERVICES,STENNACK SURGERY,25245597,"11,860.56 ",1904
Department of Health,NHS Kernow CCG,12/31/2018,C&M-PMS NES Near Patient Testing,LOCAL ENHANCED SERVICES,STENNACK SURGERY,25245597,"1,075.42 ",1904
Department of Health,NHS Kernow CCG,12/31/2018,Hcare Srv Rec NHS Trust-Contract Baseline,ACUTE COMMISSIONING,UNIVERSITY HOSPITALS PLYMOUTH NHS TRUST,25245600,"225,000.00 ",920694
Department of Health,NHS Kernow CCG,12/31/2018,Prescribing,PRESCRIBING,AMCARE LTD,25245709,"162,266.50 ",OPI265485
Department of Health,NHS Kernow CCG,12/31/2018,Hcare Srv Rec Fdtn Trust-Contract Baseline,AMBULANCE SERVICES,SOUTH WESTERN AMBULANCE SERVICE NHS FOUNDATION TRUST,25271729,"71,702.00 ",6297851
Department of Health,NHS Kernow CCG,12/31/2018,Clinical&Medical-Commercial Sector,Mental Health Services - S117 Mental Health,NEWCROSS HEALTHCARE SOLUTIONS LTD,25271841,"25,395.28 ",390451
Department of Health,NHS Kernow CCG,12/31/2018,Clinical&Medical-Othe Public Sector,LEARNING DIFFICULTIES,CORNWALL COUNCIL,25271880,"734,250.00 ",98264069
Department of Health,NHS Kernow CCG,12/31/2018,Clinical&Medical-Othe Public Sector,NON RECURRENT PROGRAMMES,CORNWALL COUNCIL,25271880,"1,827,967.17 ",98264069
Department of Health,NHS Kernow CCG,12/31/2018,Hcare Srv Rec Fdtn Trust-Non Contract,NCAS/OATS,KING`S COLLEGE HOSPITAL NHS FOUNDATION TRUST,25293218,"(33,814.00)",CR00025761
Department of Health,NHS Kernow CCG,12/31/2018,Clinical&Medical-Commercial Sector,MENTAL HEALTH SERVICES - NOT CONTRACTED ACTIVITY,PCC DEVON & CORNWALL,25306616,"50,000.00 ",6031312
Department of Health,NHS Kernow CCG,12/31/2018,Hcare Srv Rec Fdtn Trust-Non Contract,NCAS/OATS,ROYAL BROMPTON & HAREFIELD NHS FOUNDATION TRUST,25306694,"17,274.60 ",N003329
Department of Health,NHS Kernow CCG,12/31/2018,Hlthcre-Foundation Trsts,PATIENT TRANSPORT,ROYAL BROMPTON & HAREFIELD NHS FOUNDATION TRUST,25306694,"7,830.34 ",N003329
Department of Health,NHS Kernow CCG,12/31/2018,Hlthcre-Foundation Trsts,MENTAL HEALTH SERVICES - OTHER,DEVON PARTNERSHIP NHS TRUST,25306719,"36,377.44 ",67043571
Department of Health,NHS Kernow CCG,12/31/2018,Computer Hardware Purch,PRIMARY CARE IT,CROWBYTES,25333552,"40,284.00 ",1896
Department of Health,NHS Kernow CCG,12/31/2018,Computer Hardware Purch,PRIMARY CARE IT,CROWBYTES,25333569,"45,408.00 ",1899
Department of Health,NHS Kernow CCG,12/31/2018,C&M-GMS Cost of Drugs -Dispensing,LOCAL ENHANCED SERVICES,DR AB HAMILTON & PARTNERS,25347135,"(66,458.54)",CR000024130
Department of Health,NHS Kernow CCG,12/31/2018,C&M-GMS Cost of Drugs -Dispensing,LOCAL ENHANCED SERVICES,DR AB HAMILTON & PARTNERS,25347136,"129,296.86 ",CR000024131
Department of Health,NHS Kernow CCG,12/31/2018,C&M-GMS PrscrptnChrgsColl&RmttdbyGP,LOCAL ENHANCED SERVICES,DR AB HAMILTON & PARTNERS,25347136,"3,080.00 ",CR000024131
Department of Health,NHS Kernow CCG,12/31/2018,C&M-GMS Cost of Drugs -Dispensing,LOCAL ENHANCED SERVICES,DR BLACK & PARTNERS PORTSCATHO,25347139,"(41,422.80)",CR000024134
Department of Health,NHS Kernow CCG,12/31/2018,C&M-GMS Cost of Drugs -Dispensing,LOCAL ENHANCED SERVICES,DR BLACK & PARTNERS PORTSCATHO,25347140,"79,501.46 ",CR000024135
Department of Health,NHS Kernow CCG,12/31/2018,C&M-GMS PrscrptnChrgsColl&RmttdbyGP,LOCAL ENHANCED SERVICES,DR BLACK & PARTNERS PORTSCATHO,25347140,"1,909.60 ",CR000024135
Department of Health,NHS Kernow CCG,12/31/2018,C&M-GMS Cost of Drugs -Dispensing,LOCAL ENHANCED SERVICES,DR BOLTON & PARTNERS,25347141,"(66,300.51)",CR000024136
Department of Health,NHS Kernow CCG,12/31/2018,C&M-GMS Cost of Drugs -Dispensing,LOCAL ENHANCED SERVICES,DR BOLTON & PARTNERS,25347142,"110,156.77 ",CR000024137
Department of Health,NHS Kernow CCG,12/31/2018,C&M-GMS PrscrptnChrgsColl&RmttdbyGP,LOCAL ENHANCED SERVICES,DR BOLTON & PARTNERS,25347142,"3,264.80 ",CR000024137
Department of Health,NHS Kernow CCG,12/31/2018,C&M-GMS Cost of Drugs -Dispensing,LOCAL ENHANCED SERVICES,DR BURNETT & PARTNERS,25347144,"40,453.22 ",CR000024139
Department of Health,NHS Kernow CCG,12/31/2018,C&M-GMS PrscrptnChrgsColl&RmttdbyGP,LOCAL ENHANCED SERVICES,DR BURNETT & PARTNERS,25347144,202.40 ,CR000024139
Department of Health,NHS Kernow CCG,12/31/2018,C&M-GMS Cost of Drugs -Dispensing,LOCAL ENHANCED SERVICES,DR AUCKLAND & PARTNERS,25347146,"(132,395.00)",CR000024141
Department of Health,NHS Kernow CCG,12/31/2018,C&M-GMS Cost of Drugs -Dispensing,LOCAL ENHANCED SERVICES,DR AUCKLAND & PARTNERS,25347147,"272,752.96 ",CR000024142
Department of Health,NHS Kernow CCG,12/31/2018,C&M-GMS PrscrptnChrgsColl&RmttdbyGP,LOCAL ENHANCED SERVICES,DR AUCKLAND & PARTNERS,25347147,"4,162.40 ",CR000024142
Department of Health,NHS Kernow CCG,12/31/2018,C&M-GMS Cost of Drugs -Dispensing,LOCAL ENHANCED SERVICES,DR FAIRLIE & PARTNERS,25347148,"(55,187.64)",CR000024143
Department of Health,NHS Kernow CCG,12/31/2018,C&M-GMS Cost of Drugs -Dispensing,LOCAL ENHANCED SERVICES,DR FAIRLIE & PARTNERS,25347149,"107,777.99 ",CR000024144
Department of Health,NHS Kernow CCG,12/31/2018,C&M-GMS PrscrptnChrgsColl&RmttdbyGP,LOCAL ENHANCED SERVICES,DR FAIRLIE & PARTNERS,25347149,"2,956.80 ",CR000024144
Department of Health,NHS Kernow CCG,12/31/2018,C&M-GMS Cost of Drugs -Prescribing,LOCAL ENHANCED SERVICES,DR DALAL & PARTNERS,25347150,"25,012.24 ",CR000024145
Department of Health,NHS Kernow CCG,12/31/2018,C&M-GMS Cost of Drugs -Dispensing,LOCAL ENHANCED SERVICES,DR DAVIES & PARTNERS HELSTON,25347151,"(31,647.41)",CR000024146
Department of Health,NHS Kernow CCG,12/31/2018,C&M-GMS Cost of Drugs -Dispensing,LOCAL ENHANCED SERVICES,DR DAVIES & PARTNERS HELSTON,25347152,"67,523.93 ",CR000024147
Department of Health,NHS Kernow CCG,12/31/2018,C&M-GMS PrscrptnChrgsColl&RmttdbyGP,LOCAL ENHANCED SERVICES,DR DAVIES & PARTNERS HELSTON,25347152,721.60 ,CR000024147
Department of Health,NHS Kernow CCG,12/31/2018,C&M-GMS Cost of Drugs -Dispensing,LOCAL ENHANCED SERVICES,DR EDGERLEY & PARTNERS,25347155,"(58,067.04)",CR000024150
Department of Health,NHS Kernow CCG,12/31/2018,C&M-GMS Cost of Drugs -Dispensing,LOCAL ENHANCED SERVICES,DR EDGERLEY & PARTNERS,25347156,"116,278.27 ",CR000024151
Department of Health,NHS Kernow CCG,12/31/2018,C&M-GMS PrscrptnChrgsColl&RmttdbyGP,LOCAL ENHANCED SERVICES,DR EDGERLEY & PARTNERS,25347156,"1,760.00 ",CR000024151
Department of Health,NHS Kernow CCG,12/31/2018,C&M-GMS Cost of Drugs -Dispensing,LOCAL ENHANCED SERVICES,DR CECIL & PARTNERS,25347157,"(56,626.01)",CR000024152
Department of Health,NHS Kernow CCG,12/31/2018,C&M-GMS Cost of Drugs -Dispensing,LOCAL ENHANCED SERVICES,DR CECIL & PARTNERS,25347158,"117,150.96 ",CR000024153
Department of Health,NHS Kernow CCG,12/31/2018,C&M-GMS PrscrptnChrgsColl&RmttdbyGP,LOCAL ENHANCED SERVICES,DR CECIL & PARTNERS,25347158,"2,472.80 ",CR000024153
Department of Health,NHS Kernow CCG,12/31/2018,C&M-GMS Cost of Drugs -Dispensing,LOCAL ENHANCED SERVICES,DR CLEGG & PARTNERS,25347159,"(29,240.71)",CR000024154
Department of Health,NHS Kernow CCG,12/31/2018,C&M-GMS Cost of Drugs -Dispensing,LOCAL ENHANCED SERVICES,DR CLEGG & PARTNERS,25347160,"73,227.86 ",CR000024155
Department of Health,NHS Kernow CCG,12/31/2018,C&M-GMS PrscrptnChrgsColl&RmttdbyGP,LOCAL ENHANCED SERVICES,DR CLEGG & PARTNERS,25347160,"1,645.60 ",CR000024155
Department of Health,NHS Kernow CCG,12/31/2018,C&M-GMS Cost of Drugs -Dispensing,LOCAL ENHANCED SERVICES,DR HARGADON & PARTNERS,25347163,"(71,774.50)",CR000024158
Department of Health,NHS Kernow CCG,12/31/2018,C&M-GMS Cost of Drugs -Dispensing,LOCAL ENHANCED SERVICES,DR HARGADON & PARTNERS,25347164,"138,498.87 ",CR000024159
Department of Health,NHS Kernow CCG,12/31/2018,C&M-GMS PrscrptnChrgsColl&RmttdbyGP,LOCAL ENHANCED SERVICES,DR HARGADON & PARTNERS,25347164,"2,824.80 ",CR000024159
Department of Health,NHS Kernow CCG,12/31/2018,C&M-GMS Cost of Drugs -Dispensing,LOCAL ENHANCED SERVICES,DR HENDERSON & PARTNERS ST AGNES,25347165,"(44,183.26)",CR000024160
Department of Health,NHS Kernow CCG,12/31/2018,C&M-GMS Cost of Drugs -Dispensing,LOCAL ENHANCED SERVICES,DR HENDERSON & PARTNERS ST AGNES,25347166,"77,025.88 ",CR000024161
Department of Health,NHS Kernow CCG,12/31/2018,C&M-GMS PrscrptnChrgsColl&RmttdbyGP,LOCAL ENHANCED SERVICES,DR HENDERSON & PARTNERS ST AGNES,25347166,"2,560.80 ",CR000024161
Department of Health,NHS Kernow CCG,12/31/2018,C&M-PMS Cost of Drugs -Dispensing,LOCAL ENHANCED SERVICES,DR HOWE,25347168,"50,034.14 ",CR000024163
Department of Health,NHS Kernow CCG,12/31/2018,C&M-PMS Prsc Chrgs Cll&Rmttd by GPs,LOCAL ENHANCED SERVICES,DR HOWE,25347168,976.80 ,CR000024163
Department of Health,NHS Kernow CCG,12/31/2018,C&M-PMS Cost of Drugs -Dispensing,LOCAL ENHANCED SERVICES,DR GARROD & PARTNERS BOSCASTLE,25347170,"(43,739.63)",CR000024165
Department of Health,NHS Kernow CCG,12/31/2018,C&M-PMS Cost of Drugs -Dispensing,LOCAL ENHANCED SERVICES,DR GARROD & PARTNERS BOSCASTLE,25347171,"82,204.55 ",CR000024166
Department of Health,NHS Kernow CCG,12/31/2018,C&M-PMS Prsc Chrgs Cll&Rmttd by GPs,LOCAL ENHANCED SERVICES,DR GARROD & PARTNERS BOSCASTLE,25347171,"2,428.80 ",CR000024166
Department of Health,NHS Kernow CCG,12/31/2018,C&M-GMS Cost of Drugs -Dispensing,LOCAL ENHANCED SERVICES,DR GETHIN & PARTNERS,25347174,"(34,162.27)",CR000024169
Department of Health,NHS Kernow CCG,12/31/2018,C&M-GMS Cost of Drugs -Dispensing,LOCAL ENHANCED SERVICES,DR GETHIN & PARTNERS,25347175,"30,049.50 ",CR000024170
Department of Health,NHS Kernow CCG,12/31/2018,C&M-GMS PrscrptnChrgsColl&RmttdbyGP,LOCAL ENHANCED SERVICES,DR GETHIN & PARTNERS,25347175,"1,232.00 ",CR000024170
Department of Health,NHS Kernow CCG,12/31/2018,C&M-GMS Cost of Drugs -Dispensing,LOCAL ENHANCED SERVICES,DR JONES & PARTNERS POOL,25347176,"(38,116.82)",CR000024171
Department of Health,NHS Kernow CCG,12/31/2018,C&M-GMS Cost of Drugs -Dispensing,LOCAL ENHANCED SERVICES,DR JONES & PARTNERS POOL,25347177,"77,057.92 ",CR000024172
Department of Health,NHS Kernow CCG,12/31/2018,C&M-GMS PrscrptnChrgsColl&RmttdbyGP,LOCAL ENHANCED SERVICES,DR JONES & PARTNERS POOL,25347177,"1,170.40 ",CR000024172
Department of Health,NHS Kernow CCG,12/31/2018,C&M-GMS Cost of Drugs -Dispensing,LOCAL ENHANCED SERVICES,DR MCKELVEY & PARTNERS,25347179,"(117,233.62)",CR000024174
Department of Health,NHS Kernow CCG,12/31/2018,C&M-GMS Cost of Drugs -Dispensing,LOCAL ENHANCED SERVICES,DR MCKELVEY & PARTNERS,25347180,"220,670.47 ",CR000024175
Department of Health,NHS Kernow CCG,12/31/2018,C&M-GMS PrscrptnChrgsColl&RmttdbyGP,LOCAL ENHANCED SERVICES,DR MCKELVEY & PARTNERS,25347180,"6,723.20 ",CR000024175
Department of Health,NHS Kernow CCG,12/31/2018,C&M-GMS Cost of Drugs -Dispensing,LOCAL ENHANCED SERVICES,DR MERRIN & PARTNERS,25347182,"46,296.03 ",CR000024177
Department of Health,NHS Kernow CCG,12/31/2018,C&M-GMS PrscrptnChrgsColl&RmttdbyGP,LOCAL ENHANCED SERVICES,DR MERRIN & PARTNERS,25347182,906.40 ,CR000024177
Department of Health,NHS Kernow CCG,12/31/2018,C&M-GMS Cost of Drugs -Dispensing,LOCAL ENHANCED SERVICES,DR MIDDLETON & PARTNERS,25347184,"35,335.86 ",CR000024179
Department of Health,NHS Kernow CCG,12/31/2018,C&M-GMS PrscrptnChrgsColl&RmttdbyGP,LOCAL ENHANCED SERVICES,DR MIDDLETON & PARTNERS,25347184,114.40 ,CR000024179
Department of Health,NHS Kernow CCG,12/31/2018,C&M-GMS Cost of Drugs -Dispensing,LOCAL ENHANCED SERVICES,DR MAGUIRE & PARTNERS,25347185,"(26,714.10)",CR000024180
Department of Health,NHS Kernow CCG,12/31/2018,C&M-GMS Cost of Drugs -Dispensing,LOCAL ENHANCED SERVICES,DR MAGUIRE & PARTNERS,25347186,"56,652.28 ",CR000024181
Department of Health,NHS Kernow CCG,12/31/2018,C&M-GMS PrscrptnChrgsColl&RmttdbyGP,LOCAL ENHANCED SERVICES,DR MAGUIRE & PARTNERS,25347186,"1,364.00 ",CR000024181
Department of Health,NHS Kernow CCG,12/31/2018,C&M-GMS Cost of Drugs -Dispensing,LOCAL ENHANCED SERVICES,DR MALING & PARTNERS,25347187,"(62,614.86)",CR000024182
Department of Health,NHS Kernow CCG,12/31/2018,C&M-GMS Cost of Drugs -Dispensing,LOCAL ENHANCED SERVICES,DR MALING & PARTNERS,25347188,"131,543.39 ",CR000024183
Department of Health,NHS Kernow CCG,12/31/2018,C&M-GMS PrscrptnChrgsColl&RmttdbyGP,LOCAL ENHANCED SERVICES,DR MALING & PARTNERS,25347188,"3,731.20 ",CR000024183
Department of Health,NHS Kernow CCG,12/31/2018,C&M-GMS Cost of Drugs -Dispensing,LOCAL ENHANCED SERVICES,DR MOLSEN & PARTNERS,25347189,"(67,128.91)",CR000024184
Department of Health,NHS Kernow CCG,12/31/2018,C&M-GMS Cost of Drugs -Dispensing,LOCAL ENHANCED SERVICES,DR MOLSEN & PARTNERS,25347190,"70,656.73 ",CR000024185
Department of Health,NHS Kernow CCG,12/31/2018,C&M-GMS PrscrptnChrgsColl&RmttdbyGP,LOCAL ENHANCED SERVICES,DR MOLSEN & PARTNERS,25347190,"1,504.80 ",CR000024185
Department of Health,NHS Kernow CCG,12/31/2018,C&M-GMS Cost of Drugs -Dispensing,LOCAL ENHANCED SERVICES,DR MOORE & PARTNERS ST GERMANS,25347192,"(63,151.20)",CR000024187
Department of Health,NHS Kernow CCG,12/31/2018,C&M-GMS Cost of Drugs -Dispensing,LOCAL ENHANCED SERVICES,DR MOORE & PARTNERS ST GERMANS,25347193,"132,688.26 ",CR000024188
Department of Health,NHS Kernow CCG,12/31/2018,C&M-GMS PrscrptnChrgsColl&RmttdbyGP,LOCAL ENHANCED SERVICES,DR MOORE & PARTNERS ST GERMANS,25347193,"2,050.40 ",CR000024188
Department of Health,NHS Kernow CCG,12/31/2018,C&M-GMS Cost of Drugs -Dispensing,LOCAL ENHANCED SERVICES,DR MORICE & PARTNERS,25347194,"(91,870.68)",CR000024189
Department of Health,NHS Kernow CCG,12/31/2018,C&M-GMS Cost of Drugs -Dispensing,LOCAL ENHANCED SERVICES,DR MORICE & PARTNERS,25347195,"187,180.10 ",CR000024190
Department of Health,NHS Kernow CCG,12/31/2018,C&M-GMS PrscrptnChrgsColl&RmttdbyGP,LOCAL ENHANCED SERVICES,DR MORICE & PARTNERS,25347195,"4,989.60 ",CR000024190
Department of Health,NHS Kernow CCG,12/31/2018,C&M-GMS Cost of Drugs -Dispensing,LOCAL ENHANCED SERVICES,DR ROY & PARTNERS,25347197,"(38,271.38)",CR000024192
Department of Health,NHS Kernow CCG,12/31/2018,C&M-GMS Cost of Drugs -Dispensing,LOCAL ENHANCED SERVICES,DR ROY & PARTNERS,25347198,"70,961.79 ",CR000024193
Department of Health,NHS Kernow CCG,12/31/2018,C&M-GMS PrscrptnChrgsColl&RmttdbyGP,LOCAL ENHANCED SERVICES,DR ROY & PARTNERS,25347198,431.20 ,CR000024193
Department of Health,NHS Kernow CCG,12/31/2018,C&M-PMS Cost of Drugs -Dispensing,LOCAL ENHANCED SERVICES,DR PAXTON & PARTNERS,25347199,"(80,299.95)",CR000024194
Department of Health,NHS Kernow CCG,12/31/2018,C&M-PMS Cost of Drugs -Dispensing,LOCAL ENHANCED SERVICES,DR PAXTON & PARTNERS,25347200,"178,062.37 ",CR000024195
Department of Health,NHS Kernow CCG,12/31/2018,C&M-PMS Prsc Chrgs Cll&Rmttd by GPs,LOCAL ENHANCED SERVICES,DR PAXTON & PARTNERS,25347200,"4,285.60 ",CR000024195
Department of Health,NHS Kernow CCG,12/31/2018,C&M-GMS Cost of Drugs -Dispensing,LOCAL ENHANCED SERVICES,DR SCHENK & PARTNERS,25347203,"(65,445.52)",CR000024198
Department of Health,NHS Kernow CCG,12/31/2018,C&M-GMS Cost of Drugs -Dispensing,LOCAL ENHANCED SERVICES,DR SCHENK & PARTNERS,25347204,"141,086.37 ",CR000024199
Department of Health,NHS Kernow CCG,12/31/2018,C&M-GMS PrscrptnChrgsColl&RmttdbyGP,LOCAL ENHANCED SERVICES,DR SCHENK & PARTNERS,25347204,"4,232.80 ",CR000024199
Department of Health,NHS Kernow CCG,12/31/2018,C&M-GMS Cost of Drugs -Dispensing,LOCAL ENHANCED SERVICES,DR STEAD & PARTNERS,25347207,"(50,800.90)",CR000024202
Department of Health,NHS Kernow CCG,12/31/2018,C&M-GMS Cost of Drugs -Dispensing,LOCAL ENHANCED SERVICES,DR STEAD & PARTNERS,25347208,"114,365.74 ",CR000024203
Department of Health,NHS Kernow CCG,12/31/2018,C&M-GMS PrscrptnChrgsColl&RmttdbyGP,LOCAL ENHANCED SERVICES,DR STEAD & PARTNERS,25347208,"1,988.80 ",CR000024203
Department of Health,NHS Kernow CCG,12/31/2018,C&M-PMS Cost of Drugs -Dispensing,LOCAL ENHANCED SERVICES,DR SAINSBURY & PARTNERS,25347209,"(69,252.90)",CR000024204
Department of Health,NHS Kernow CCG,12/31/2018,C&M-PMS Cost of Drugs -Dispensing,LOCAL ENHANCED SERVICES,DR SAINSBURY & PARTNERS,25347210,"133,459.87 ",CR000024205
Department of Health,NHS Kernow CCG,12/31/2018,C&M-PMS Prsc Chrgs Cll&Rmttd by GPs,LOCAL ENHANCED SERVICES,DR SAINSBURY & PARTNERS,25347210,"3,352.80 ",CR000024205
Department of Health,NHS Kernow CCG,12/31/2018,C&M-GMS Cost of Drugs -Dispensing,LOCAL ENHANCED SERVICES,DR SAITCH & PARTNERS,25347211,"(31,549.44)",CR000024206
Department of Health,NHS Kernow CCG,12/31/2018,C&M-GMS Cost of Drugs -Dispensing,LOCAL ENHANCED SERVICES,DR SAITCH & PARTNERS,25347212,"63,833.15 ",CR000024207
Department of Health,NHS Kernow CCG,12/31/2018,C&M-GMS PrscrptnChrgsColl&RmttdbyGP,LOCAL ENHANCED SERVICES,DR SAITCH & PARTNERS,25347212,"1,284.80 ",CR000024207
Department of Health,NHS Kernow CCG,12/31/2018,C&M-GMS Cost of Drugs -Dispensing,LOCAL ENHANCED SERVICES,DR WARREN & PARTNERS,25347213,"(136,416.50)",CR000024208
Department of Health,NHS Kernow CCG,12/31/2018,C&M-GMS Cost of Drugs -Dispensing,LOCAL ENHANCED SERVICES,DR WARREN & PARTNERS,25347214,"267,751.72 ",CR000024209
Department of Health,NHS Kernow CCG,12/31/2018,C&M-GMS PrscrptnChrgsColl&RmttdbyGP,LOCAL ENHANCED SERVICES,DR WARREN & PARTNERS,25347214,"6,723.20 ",CR000024209
Department of Health,NHS Kernow CCG,12/31/2018,C&M-GMS Cost of Drugs -Dispensing,LOCAL ENHANCED SERVICES,MEVAGISSEY SURGERY,25347218,"(41,144.12)",CR000024213
Department of Health,NHS Kernow CCG,12/31/2018,C&M-GMS Cost of Drugs -Dispensing,LOCAL ENHANCED SERVICES,MEVAGISSEY SURGERY,25347219,"53,082.99 ",CR000024214
Department of Health,NHS Kernow CCG,12/31/2018,C&M-GMS PrscrptnChrgsColl&RmttdbyGP,LOCAL ENHANCED SERVICES,MEVAGISSEY SURGERY,25347219,"1,302.40 ",CR000024214
Department of Health,NHS Kernow CCG,12/31/2018,C&M-PMS Cost of Drugs -Prescribing,LOCAL ENHANCED SERVICES,WOODBROOK MEDICAL CENTRE,25347221,"25,218.69 ",CR000024216
Department of Health,NHS Kernow CCG,12/31/2018,C&M-PMS Cost of Drugs -Dispensing,LOCAL ENHANCED SERVICES,DR V BRIDGER AND PARTNERS,25347223,"(92,463.50)",CR000024219
Department of Health,NHS Kernow CCG,12/31/2018,C&M-PMS Cost of Drugs -Dispensing,LOCAL ENHANCED SERVICES,DR V BRIDGER AND PARTNERS,25347224,"190,955.44 ",CR000024220
Department of Health,NHS Kernow CCG,12/31/2018,C&M-PMS Prsc Chrgs Cll&Rmttd by GPs,LOCAL ENHANCED SERVICES,DR V BRIDGER AND PARTNERS,25347224,"6,793.60 ",CR000024220
Department of Health,NHS Kernow CCG,12/31/2018,Computer Software/License,PRESCRIBING,FIRST DATABANK EUROPE LTD,25352632,"194,325.89 ",8125
Department of Health,NHS Kernow CCG,12/31/2018,Hcare Srv Rec Fdtn Trust-Non Contract,NCAS/OATS,KING`S COLLEGE HOSPITAL NHS FOUNDATION TRUST,25364384,"51,191.00 ",00244062
Department of Health,NHS Kernow CCG,12/31/2018,Clinical&Medical-Not For Profit,WHEELCHAIR SERVICE,MILLBROOK HEALTHCARE LTD,25364385,"157,770.68 ",20082
Department of Health,NHS Kernow CCG,12/31/2018,Hcare Srv Rec NHS Trust-Non Contract,ACUTE COMMISSIONING,ROYAL CORNWALL HOSPITALS NHS TRUST,25364390,"83,300.00 ",4019168
,,,,,,,,
