Supplier,Total (�)
COVENTRY CITY COUNCIL,"15,520,138 "
UNIVERSITY HOSPITALS COVENTRY AND WARWICKSHIRE NHS TRUST,"15,084,848 "
COVENTRY AND WARWICKSHIRE PARTNERSHIP NHS TRUST,"7,699,500 "
SOUTH WARWICKSHIRE NHS FOUNDATION TRUST,"1,602,850 "
WEST MIDLANDS AMBULANCE SERVICE NHS FOUNDATION TRUST,"1,488,406 "
GEORGE ELIOT HOSPITAL NHS TRUST,"824,500 "
COVENTRY & RUGBY GP ALLIANCE,"746,572 "
BMI HEALTHCARE LTD,"532,370 "
NHS ARDEN AND GEM CSU,"364,504 "
CARE UK (URGENT CARE) LTD,"264,163 "
P HORN & PARTNERS,"256,199 "
DR DE SOUZA & PARTNERS,"224,095 "
CENTRAL SURGERY RUGBY,"197,752 "
UNIVERSITY HOSPITALS BIRMINGHAM NHS FOUNDATION TRUST,"192,351 "
DR K THOMSON & PARTNERS,"159,234 "
DR J V C MOHAN & PARTNERS,"157,275 "
WHITEHALL MEDICAL PRACTICE,"153,891 "
DR E W COWAN & PARTNERS,"149,421 "
DR DURR & PARTNERS,"149,397 "
BIRMINGHAM WOMENS AND CHILDRENS NHS FOUNDATION TRUST,"139,118 "
NHS SANDWELL AND WEST BIRMINGHAM CCG,"136,225 "
CLIFTON ROAD SURGERY,"134,974 "
NUTRICIA LTD,"132,097 "
DR HOLTON & PARTNERS,"130,536 "
DR PS KENYON & PARTNERS,"130,344 "
BARR LANE SURGERY,"125,021 "
DR J MAC PHERSON & PARTNERS,"122,138 "
WESTSIDE MEDICAL CENTRE,"119,336 "
DR S LYALL & PARTNERS,"118,916 "
DR COOPER & PARTNERS COVENTRY,"116,999 "
DR C RHODES & PARTNERS,"116,659 "
DRS BEAUMONT & PAI,"110,527 "
DR KEATING & PARTNERS,"106,461 "
BROOKSIDE SURGERY,"105,500 "
DR B KHARA & PARTNERS,"100,276 "
DR SIHOTA & PARTNERS,"99,907 "
DR B BODALIA & PARTNERS,"98,203 "
MARKET QUARTER MEDICAL PRACTICE,"97,650 "
DR MOTTRAM & PARTNERS,"96,392 "
BENNFIELD SURGERY,"95,113 "
DR K EL-KASHOTY,"94,516 "
DUNCHURCH SURGERY,"93,336 "
DR A FELTBOWER & PARTNERS,"89,109 "
DR S KATTI & PARTNERS,"88,714 "
SCHOOL STREET SURGERY,"84,660 "
DR HARKNESS & PARTNERS,"82,301 "
CARE THROUGH THE MILLENNIUM,"81,323 "
WOOD END HEALTH CENTRE,"81,072 "
MERIDIAN CENTRE,"80,471 "
ARJO UK LTD,"79,152 "
VIRGIN CARE SERVICES LTD (NONSURREY),"79,051 "
RUGBY TOWN MEDICAL PRACTICE,"75,326 "
DR D MISTRY & PARTNERS,"74,043 "
WORCESTERSHIRE COUNTY COUNCIL,"69,900 "
DR G SANI GUSAU,"65,257 "
DR A EZZAT & PARTNERS,"64,847 "
DR COCKERILL & PARTNER,"62,265 "
DR RA HOGG & PARTNER,"59,899 "
STONEY STANTON MEDICAL CENTRE,"58,744 "
DR PM WEAVER & PARTNERS,"56,701 "
SPECSAVERS HEARCARE LTD,"56,301 "
WARWICKSHIRE COUNTY COUNCIL,"56,103 "
DR K RAI & PARTNER,"55,911 "
DR P AGGARWAL,"55,897 "
UNIVERSITY HOSPITALS OF LEICESTER NHS TRUST,"55,856 "
DR P PATEL,"55,571 "
DR A KUKREJA & PARTNERS,"52,141 "
BROWNSOVER MEDICAL PRACTICE,"51,764 "
DR T KAZMI & DR TEWARY,"50,201 "
DR MISHRA & MISRA,"49,618 "
WHITEHALL ROAD SURGERY,"47,065 "
DR R BANO,"46,421 "
SANDWELL AND WEST BIRMINGHAM HOSPITALS NHS TRUST,"45,661 "
ALLESLEY VILLAGE SURGERY,"44,854 "
DR SK DHILLON,"44,341 "
DR MEH WALLACE & PARTNER,"43,671 "
DR DOSANJ,"42,247 "
PINACL SOLUTIONS UK LTD,"41,418 "
AHW PRIMARY EYECARE LTD,"41,005 "
DR JM PATEL & PARTNERS,"40,018 "
GOSFORD GREEN SURGERY,"40,007 "
SOUTHAMPTON UNIVERSITY HOSPITALS NHS FOUNDATION TRUST,"38,648 "
MARIE STOPES INTERNATIONAL,"37,668 "
DR R DOSANJ,"37,004 "
DR MCALPINE & PARTNERS,"36,155 "
OXFORD UNIVERSITY HOSPITALS NHS FOUNDATION TRUST,"34,094 "
MALLING HEALTH AT FOLESHILL,"34,059 "
DR A KHAN COVENTRY,"33,738 "
BROAD LANE SURGERY,"32,900 "
MALLING AT STOKE ALDERMOOR,"31,624 "
BT GLOBAL SERVICES,"30,962 "
HOLBROOKS HEALTH TEAM,"30,000 "
ROYAL ORTHOPAEDIC HOSPITAL NHS FOUNDATION TRUST,"29,420 "
ST MATTHEWS LTD,"29,393 "
DR M GARALA,"29,321 "
EGTON MEDICAL INFORMATION SYSTEMS LTD,"27,850 "
RELATE COVENTRY & WARWICKSHIRE,"27,477 "
ATRIUM HEALTH LTD,"26,062 "
