Supplier,Total Expenditure
UNIVERSITY HOSPITALS COVENTRY AND WARWICKSHIRE NHS TRUST,"40,514,828 "
COVENTRY AND WARWICKSHIRE PARTNERSHIP NHS TRUST,"8,117,853 "
WARWICKSHIRE COUNTY COUNCIL,"1,718,481 "
SOUTH WARWICKSHIRE NHS FOUNDATION TRUST,"1,657,390 "
WEST MIDLANDS AMBULANCE SERVICE NHS FOUNDATION TRUST,"1,459,121 "
GEORGE ELIOT HOSPITAL NHS TRUST,"824,500 "
NHS SOUTH WARWICKSHIRE CCG,"545,000 "
BMI HEALTHCARE LTD,"490,065 "
CARE UK (URGENT CARE) LTD,"468,610 "
MYTON HAMLET HOSPICE,"407,175 "
NHS NEW DEVON CCG,"343,035 "
WESTSIDE MEDICAL CENTRE,"232,667 "
NHS ARDEN AND GEM CSU,"215,730 "
DR HOLTON & PARTNERS,"191,021 "
DR DE SOUZA & PARTNERS,"179,362 "
ARJO UK LTD,"171,506 "
P HORN & PARTNERS,"160,410 "
CENTRAL SURGERY RUGBY,"155,860 "
SEASHELL TRUST,"152,232 "
DR K THOMSON & PARTNERS,"151,638 "
NHS SANDWELL AND WEST BIRMINGHAM CCG,"136,225 "
CLIFTON ROAD SURGERY GP CLUSTER ACCOUNT,"134,153 "
DR J V C MOHAN & PARTNERS,"130,766 "
WHITEHALL MEDICAL PRACTICE,"118,744 "
BARR LANE SURGERY,"114,097 "
DR PS KENYON & PARTNERS,"113,940 "
ACCOMPLISH,"109,828 "
CLIFTON ROAD SURGERY,"106,355 "
DR E W COWAN & PARTNERS,"97,975 "
DR KEATING & PARTNERS,"94,352 "
DR DURR & PARTNERS,"92,220 "
DR B BODALIA & PARTNERS,"81,856 "
BROOKSIDE SURGERY,"78,284 "
DR C RHODES & PARTNERS,"77,708 "
DR A FELTBOWER & PARTNERS,"75,310 "
SCHOOL STREET SURGERY,"75,176 "
DR SIHOTA & PARTNERS,"75,146 "
DR MOTTRAM & PARTNERS,"74,041 "
DR HARKNESS & PARTNERS,"72,705 "
WOOD END HEALTH CENTRE,"70,887 "
AHW PRIMARY EYECARE LTD,"69,175 "
DR S LYALL & PARTNERS,"69,151 "
DUNCHURCH SURGERY,"64,928 "
BROWNSOVER MEDICAL PRACTICE,"64,480 "
MERIDIAN CENTRE,"63,395 "
BIRMINGHAM WOMENS AND CHILDRENS NHS FOUNDATION TRUST,"62,939 "
DR D MISTRY & PARTNERS,"62,363 "
DR J MAC PHERSON & PARTNERS,"62,159 "
DR K EL-KASHOTY,"61,487 "
BENNFIELD SURGERY,"61,395 "
MARKET QUARTER MEDICAL PRACTICE,"59,403 "
DR S KATTI & PARTNERS,"59,040 "
DRS BEAUMONT & PAI,"58,395 "
UNIVERSITY HOSPITALS OF LEICESTER NHS TRUST,"55,856 "
DR COCKERILL & PARTNER,"55,157 "
COVENTRY CITY COUNCIL,"53,691 "
DR B KHARA & PARTNERS,"51,208 "
NORTHAMPTON GENERAL HOSPITAL NHS TRUST,"50,948 "
DR A EZZAT & PARTNERS,"50,221 "
DR P PATEL,"49,585 "
DR RA HOGG & PARTNER,"47,886 "
STONEY STANTON MEDICAL CENTRE,"47,025 "
SANDWELL AND WEST BIRMINGHAM HOSPITALS NHS TRUST,"45,661 "
DR PM WEAVER & PARTNERS,"44,125 "
DR K RAI & PARTNER,"43,892 "
MARIE STOPES INTERNATIONAL,"43,138 "
DR T KAZMI & DR TEWARY,"43,090 "
DR P AGGARWAL,"42,040 "
WHITEHALL ROAD SURGERY,"41,183 "
DR MISHRA & MISRA,"40,388 "
DR A KUKREJA & PARTNERS,"40,384 "
DR A KHAN COVENTRY,"37,927 "
SPECSAVERS HEARCARE LTD,"37,912 "
ALLESLEY VILLAGE SURGERY,"37,200 "
VIRGIN CARE SERVICES LTD (NONSURREY),"35,903 "
DR JM PATEL & PARTNERS,"35,625 "
DR MEH WALLACE & PARTNER,"34,812 "
COVENTRY & RUGBY GP ALLIANCE,"33,650 "
DR G SANI GUSAU,"32,229 "
BARCHESTER HEALTHCARE LTD,"32,221 "
DR MCALPINE & PARTNERS,"31,105 "
DR R DOSANJ,"31,055 "
DR DOSANJ,"30,625 "
UNIVERSITY COLLEGE LONDON HOSPITALS NHS FOUNDATION TRUST,"30,092 "
BARTS HEALTH NHS TRUST,"30,010 "
ROYAL ORTHOPAEDIC HOSPITAL NHS FOUNDATION TRUST,"29,420 "
BROAD LANE SURGERY,"28,069 "
HOLBROOKS HEALTH TEAM,"27,645 "
GOSFORD GREEN SURGERY,"27,596 "
WORCESTERSHIRE COUNTY COUNCIL,"26,332 "
MALLING HEALTH AT FOLESHILL,"26,149 "
DR R BANO,"25,834 "
