Department family,Entity,Date,Expense Type,Expense area,Supplier,Transaction number,AP Amount (�),VAT registration number,Purchase invoice number
Department of Health,NHS Bradford City CCG,28/02/2019,Hcare Srv Rec Fdtn Trust-Emergency Readmissions,ACUTE COMMISSIONING,AIREDALE NHS FOUNDATION TRUST,25835987,27159,654910724,3310038374
Department of Health,NHS Bradford City CCG,28/02/2019,Clinical&Medical-Othe Public Sector,CARERS,BRADFORD METROPOLITAN DISTRICT COUNCIL,25856461,17403,180808262,74991996813
Department of Health,NHS Bradford City CCG,28/02/2019,Clinical&Medical-Othe Public Sector,REABLEMENT,BRADFORD METROPOLITAN DISTRICT COUNCIL,25856461,301512,180808262,74991996813
Department of Health,NHS Bradford City CCG,28/02/2019,Clinical&Medical-Othe Public Sector,WHEELCHAIR SERVICE,BRADFORD METROPOLITAN DISTRICT COUNCIL,25856461,28093,180808262,74991996813
Department of Health,NHS Bradford City CCG,28/02/2019,Hcare Srv Rec NHS Trust-Contract Baseline,AMBULANCE SERVICES,YORKSHIRE AMBULANCE SERVICE NHS TRUST,25905794,335207,654971305,2810025796
Department of Health,NHS Bradford City CCG,28/02/2019,Hcare Srv Rec NHS Trust-Contract Baseline,URGENT CARE,YORKSHIRE AMBULANCE SERVICE NHS TRUST,25905814,113414.76,654971305,2810025854
Department of Health,NHS Bradford City CCG,28/02/2019,Hcare Srv Rec NHS Trust-Contract Baseline,NHS 111,YORKSHIRE AMBULANCE SERVICE NHS TRUST,25905826,40441,654971305,2810025828
Department of Health,NHS Bradford City CCG,28/02/2019,C&M-PMS Baseline Adjustment,PRC DELEGATED CO-COMMISSIONING,DR AKHTAR & PARTNERS,25934602,25.67,,BRA000025281
Department of Health,NHS Bradford City CCG,28/02/2019,C&M-PMS Contract Value,PRC DELEGATED CO-COMMISSIONING,DR AKHTAR & PARTNERS,25934602,24770.14,,BRA000025281
Department of Health,NHS Bradford City CCG,28/02/2019,C&M-PMS Funding Differential Review,PRC DELEGATED CO-COMMISSIONING,DR AKHTAR & PARTNERS,25934602,6040.81,,BRA000025281
Department of Health,NHS Bradford City CCG,28/02/2019,C&M-PMS LES Amber List Drugs,LOCAL ENHANCED SERVICES,DR AKHTAR & PARTNERS,25934602,3726.96,,BRA000025281
Department of Health,NHS Bradford City CCG,28/02/2019,C&M-PMS List Size Adjustment,PRC DELEGATED CO-COMMISSIONING,DR AKHTAR & PARTNERS,25934602,778.59,,BRA000025281
Department of Health,NHS Bradford City CCG,28/02/2019,C&M-PMS Prem Clinical Waste,PRC DELEGATED CO-COMMISSIONING,DR AKHTAR & PARTNERS,25934602,506.73,,BRA000025281
Department of Health,NHS Bradford City CCG,28/02/2019,C&M-PMS Prem Notional Rent,PRC DELEGATED CO-COMMISSIONING,DR AKHTAR & PARTNERS,25934602,2366.67,,BRA000025281
Department of Health,NHS Bradford City CCG,28/02/2019,C&M-PMS Prem Rates,PRC DELEGATED CO-COMMISSIONING,DR AKHTAR & PARTNERS,25934602,486.09,,BRA000025281
Department of Health,NHS Bradford City CCG,28/02/2019,C&M-PMS Prem Water Rates,PRC DELEGATED CO-COMMISSIONING,DR AKHTAR & PARTNERS,25934602,27.93,,BRA000025281
Department of Health,NHS Bradford City CCG,28/02/2019,C&M-PMS QOF Aspiration,PRC DELEGATED CO-COMMISSIONING,DR AKHTAR & PARTNERS,25934602,2056.77,,BRA000025281
Department of Health,NHS Bradford City CCG,28/02/2019,C&M-PMS Baseline Adjustment,PRC DELEGATED CO-COMMISSIONING,DR WAHEED HUSSAIN,25934604,31.67,,BRA000025293
Department of Health,NHS Bradford City CCG,28/02/2019,C&M-PMS Contract Value,PRC DELEGATED CO-COMMISSIONING,DR WAHEED HUSSAIN,25934604,58194.96,,BRA000025293
Department of Health,NHS Bradford City CCG,28/02/2019,C&M-PMS DES Minor Surgery,PRC DELEGATED CO-COMMISSIONING,DR WAHEED HUSSAIN,25934604,1393.28,,BRA000025293
Department of Health,NHS Bradford City CCG,28/02/2019,C&M-PMS Funding Differential Review,PRC DELEGATED CO-COMMISSIONING,DR WAHEED HUSSAIN,25934604,13719.3,,BRA000025293
Department of Health,NHS Bradford City CCG,28/02/2019,C&M-PMS LES Amber List Drugs,LOCAL ENHANCED SERVICES,DR WAHEED HUSSAIN,25934604,35.16,,BRA000025293
Department of Health,NHS Bradford City CCG,28/02/2019,C&M-PMS List Size Adjustment,PRC DELEGATED CO-COMMISSIONING,DR WAHEED HUSSAIN,25934604,3415.75,,BRA000025293
Department of Health,NHS Bradford City CCG,28/02/2019,C&M-PMS PCO Other,PRC DELEGATED CO-COMMISSIONING,DR WAHEED HUSSAIN,25934604,3318,,BRA000025293
Department of Health,NHS Bradford City CCG,28/02/2019,C&M-PMS Prem Actual Rent,PRC DELEGATED CO-COMMISSIONING,DR WAHEED HUSSAIN,25934604,3179.17,,BRA000025293
Department of Health,NHS Bradford City CCG,28/02/2019,C&M-PMS Prem Clinical Waste,PRC DELEGATED CO-COMMISSIONING,DR WAHEED HUSSAIN,25934604,291.33,,BRA000025293
Department of Health,NHS Bradford City CCG,28/02/2019,C&M-PMS Prem Cost Rent,PRC DELEGATED CO-COMMISSIONING,DR WAHEED HUSSAIN,25934604,2008.44,,BRA000025293
Department of Health,NHS Bradford City CCG,28/02/2019,C&M-PMS Prem Healthcentre Rates,PRC DELEGATED CO-COMMISSIONING,DR WAHEED HUSSAIN,25934604,459.9,,BRA000025293
Department of Health,NHS Bradford City CCG,28/02/2019,C&M-PMS Prem Rates,PRC DELEGATED CO-COMMISSIONING,DR WAHEED HUSSAIN,25934604,714.17,,BRA000025293
Department of Health,NHS Bradford City CCG,28/02/2019,C&M-PMS Prem Water Rates,PRC DELEGATED CO-COMMISSIONING,DR WAHEED HUSSAIN,25934604,56.75,,BRA000025293
Department of Health,NHS Bradford City CCG,28/02/2019,C&M-PMS QOF Aspiration,PRC DELEGATED CO-COMMISSIONING,DR WAHEED HUSSAIN,25934604,4499.82,,BRA000025293
Department of Health,NHS Bradford City CCG,28/02/2019,C&M-PMS Baseline Adjustment,PRC DELEGATED CO-COMMISSIONING,DR A KHAN BRADFORD,25935503,19.42,,BRA000025267
Department of Health,NHS Bradford City CCG,28/02/2019,C&M-PMS Contract Value,PRC DELEGATED CO-COMMISSIONING,DR A KHAN BRADFORD,25935503,21915.04,,BRA000025267
Department of Health,NHS Bradford City CCG,28/02/2019,C&M-PMS DES Minor Surgery,PRC DELEGATED CO-COMMISSIONING,DR A KHAN BRADFORD,25935503,609.56,,BRA000025267
Department of Health,NHS Bradford City CCG,28/02/2019,C&M-PMS Funding Differential Review,PRC DELEGATED CO-COMMISSIONING,DR A KHAN BRADFORD,25935503,5392.59,,BRA000025267
Department of Health,NHS Bradford City CCG,28/02/2019,C&M-PMS LES Amber List Drugs,LOCAL ENHANCED SERVICES,DR A KHAN BRADFORD,25935503,1160.28,,BRA000025267
Department of Health,NHS Bradford City CCG,28/02/2019,C&M-PMS List Size Adjustment,PRC DELEGATED CO-COMMISSIONING,DR A KHAN BRADFORD,25935503,507.73,,BRA000025267
Department of Health,NHS Bradford City CCG,28/02/2019,C&M-PMS Prem Clinical Waste,PRC DELEGATED CO-COMMISSIONING,DR A KHAN BRADFORD,25935503,247.88,,BRA000025267
Department of Health,NHS Bradford City CCG,28/02/2019,C&M-PMS Prem Cost Rent,PRC DELEGATED CO-COMMISSIONING,DR A KHAN BRADFORD,25935503,4661.45,,BRA000025267
Department of Health,NHS Bradford City CCG,28/02/2019,C&M-PMS Prem Healthcentre Rates,PRC DELEGATED CO-COMMISSIONING,DR A KHAN BRADFORD,25935503,647.47,,BRA000025267
Department of Health,NHS Bradford City CCG,28/02/2019,C&M-PMS Prem Water Rates,PRC DELEGATED CO-COMMISSIONING,DR A KHAN BRADFORD,25935503,50.23,,BRA000025267
Department of Health,NHS Bradford City CCG,28/02/2019,C&M-PMS QOF Aspiration,PRC DELEGATED CO-COMMISSIONING,DR A KHAN BRADFORD,25935503,2369.21,,BRA000025267
Department of Health,NHS Bradford City CCG,28/02/2019,C&M-PMS Baseline Adjustment,PRC DELEGATED CO-COMMISSIONING,DR BARGH & PARTNERS,25935505,49.83,,BRA000025269
Department of Health,NHS Bradford City CCG,28/02/2019,C&M-PMS Contract Value,PRC DELEGATED CO-COMMISSIONING,DR BARGH & PARTNERS,25935505,53923.91,,BRA000025269
Department of Health,NHS Bradford City CCG,28/02/2019,C&M-PMS DES Minor Surgery,PRC DELEGATED CO-COMMISSIONING,DR BARGH & PARTNERS,25935505,2655.73,,BRA000025269
Department of Health,NHS Bradford City CCG,28/02/2019,C&M-PMS Funding Differential Review,PRC DELEGATED CO-COMMISSIONING,DR BARGH & PARTNERS,25935505,12659.99,,BRA000025269
Department of Health,NHS Bradford City CCG,28/02/2019,C&M-PMS LES Amber List Drugs,LOCAL ENHANCED SERVICES,DR BARGH & PARTNERS,25935505,3656.64,,BRA000025269
Department of Health,NHS Bradford City CCG,28/02/2019,C&M-PMS List Size Adjustment,PRC DELEGATED CO-COMMISSIONING,DR BARGH & PARTNERS,25935505,4693.79,,BRA000025269
Department of Health,NHS Bradford City CCG,28/02/2019,C&M-PMS Prem Actual Rent,PRC DELEGATED CO-COMMISSIONING,DR BARGH & PARTNERS,25935505,11500,,BRA000025269
Department of Health,NHS Bradford City CCG,28/02/2019,C&M-PMS Prem Clinical Waste,PRC DELEGATED CO-COMMISSIONING,DR BARGH & PARTNERS,25935505,312.08,,BRA000025269
Department of Health,NHS Bradford City CCG,28/02/2019,C&M-PMS Prem Rates,PRC DELEGATED CO-COMMISSIONING,DR BARGH & PARTNERS,25935505,1650,,BRA000025269
Department of Health,NHS Bradford City CCG,28/02/2019,C&M-PMS Prem Water Rates,PRC DELEGATED CO-COMMISSIONING,DR BARGH & PARTNERS,25935505,89.53,,BRA000025269
Department of Health,NHS Bradford City CCG,28/02/2019,C&M-PMS QOF Aspiration,PRC DELEGATED CO-COMMISSIONING,DR BARGH & PARTNERS,25935505,5064.67,,BRA000025269
Department of Health,NHS Bradford City CCG,28/02/2019,C&M-PMS Baseline Adjustment,PRC DELEGATED CO-COMMISSIONING,DR AZAM A,25935507,27.75,,BRA000025271
Department of Health,NHS Bradford City CCG,28/02/2019,C&M-PMS Contract Value,PRC DELEGATED CO-COMMISSIONING,DR AZAM A,25935507,28678.36,,BRA000025271
Department of Health,NHS Bradford City CCG,28/02/2019,C&M-PMS DES Minor Surgery,PRC DELEGATED CO-COMMISSIONING,DR AZAM A,25935507,304.78,,BRA000025271
Department of Health,NHS Bradford City CCG,28/02/2019,C&M-PMS Funding Differential Review,PRC DELEGATED CO-COMMISSIONING,DR AZAM A,25935507,6766.82,,BRA000025271
Department of Health,NHS Bradford City CCG,28/02/2019,C&M-PMS LES Amber List Drugs,LOCAL ENHANCED SERVICES,DR AZAM A,25935507,2461.2,,BRA000025271
Department of Health,NHS Bradford City CCG,28/02/2019,C&M-PMS List Size Adjustment,PRC DELEGATED CO-COMMISSIONING,DR AZAM A,25935507,1006.16,,BRA000025271
Department of Health,NHS Bradford City CCG,28/02/2019,C&M-PMS Prem Actual Rent,PRC DELEGATED CO-COMMISSIONING,DR AZAM A,25935507,5311.26,,BRA000025271
Department of Health,NHS Bradford City CCG,28/02/2019,C&M-PMS Prem Clinical Waste,PRC DELEGATED CO-COMMISSIONING,DR AZAM A,25935507,458.7,,BRA000025271
Department of Health,NHS Bradford City CCG,28/02/2019,C&M-PMS Prem Healthcentre Rates,PRC DELEGATED CO-COMMISSIONING,DR AZAM A,25935507,443.08,,BRA000025271
Department of Health,NHS Bradford City CCG,28/02/2019,C&M-PMS Prem Water Rates,PRC DELEGATED CO-COMMISSIONING,DR AZAM A,25935507,52.9,,BRA000025271
Department of Health,NHS Bradford City CCG,28/02/2019,C&M-PMS QOF Aspiration,PRC DELEGATED CO-COMMISSIONING,DR AZAM A,25935507,2664.77,,BRA000025271
Department of Health,NHS Bradford City CCG,28/02/2019,C&M-PMS Baseline Adjustment,PRC DELEGATED CO-COMMISSIONING,DR AZAM M,25935509,17.67,,BRA000025273
Department of Health,NHS Bradford City CCG,28/02/2019,C&M-PMS Contract Value,PRC DELEGATED CO-COMMISSIONING,DR AZAM M,25935509,20776.17,,BRA000025273
Department of Health,NHS Bradford City CCG,28/02/2019,C&M-PMS DES Minor Surgery,PRC DELEGATED CO-COMMISSIONING,DR AZAM M,25935509,174.16,,BRA000025273
Department of Health,NHS Bradford City CCG,28/02/2019,C&M-PMS Funding Differential Review,PRC DELEGATED CO-COMMISSIONING,DR AZAM M,25935509,5017.02,,BRA000025273
Department of Health,NHS Bradford City CCG,28/02/2019,C&M-PMS LES Amber List Drugs,LOCAL ENHANCED SERVICES,DR AZAM M,25935509,1054.8,,BRA000025273
Department of Health,NHS Bradford City CCG,28/02/2019,C&M-PMS List Size Adjustment,PRC DELEGATED CO-COMMISSIONING,DR AZAM M,25935509,376.2,,BRA000025273
Department of Health,NHS Bradford City CCG,28/02/2019,C&M-PMS Prem Clinical Waste,PRC DELEGATED CO-COMMISSIONING,DR AZAM M,25935509,400.74,,BRA000025273
Department of Health,NHS Bradford City CCG,28/02/2019,C&M-PMS Prem Notional Rent,PRC DELEGATED CO-COMMISSIONING,DR AZAM M,25935509,4166.66,,BRA000025273
Department of Health,NHS Bradford City CCG,28/02/2019,C&M-PMS Prem Rates,PRC DELEGATED CO-COMMISSIONING,DR AZAM M,25935509,1124.25,,BRA000025273
Department of Health,NHS Bradford City CCG,28/02/2019,C&M-PMS Prem Water Rates,PRC DELEGATED CO-COMMISSIONING,DR AZAM M,25935509,30.74,,BRA000025273
Department of Health,NHS Bradford City CCG,28/02/2019,C&M-PMS QOF Aspiration,PRC DELEGATED CO-COMMISSIONING,DR AZAM M,25935509,2414.2,,BRA000025273
Department of Health,NHS Bradford City CCG,28/02/2019,C&M-PMS Baseline Adjustment,PRC DELEGATED CO-COMMISSIONING,DR G D SANDERSON & PARTNERS,25935511,86.42,,BRA000025275
Department of Health,NHS Bradford City CCG,28/02/2019,C&M-PMS Contract Value,PRC DELEGATED CO-COMMISSIONING,DR G D SANDERSON & PARTNERS,25935511,52050.82,,BRA000025275
Department of Health,NHS Bradford City CCG,28/02/2019,C&M-PMS Funding Differential Review,PRC DELEGATED CO-COMMISSIONING,DR G D SANDERSON & PARTNERS,25935511,11353.11,,BRA000025275
Department of Health,NHS Bradford City CCG,28/02/2019,C&M-PMS LES Amber List Drugs,LOCAL ENHANCED SERVICES,DR G D SANDERSON & PARTNERS,25935511,281.28,,BRA000025275
Department of Health,NHS Bradford City CCG,28/02/2019,C&M-PMS List Size Adjustment,PRC DELEGATED CO-COMMISSIONING,DR G D SANDERSON & PARTNERS,25935511,1784.22,,BRA000025275
Department of Health,NHS Bradford City CCG,28/02/2019,C&M-PMS Prem Actual Rent,PRC DELEGATED CO-COMMISSIONING,DR G D SANDERSON & PARTNERS,25935511,2375,,BRA000025275
Department of Health,NHS Bradford City CCG,28/02/2019,C&M-PMS Prem Clinical Waste,PRC DELEGATED CO-COMMISSIONING,DR G D SANDERSON & PARTNERS,25935511,454.7,,BRA000025275
Department of Health,NHS Bradford City CCG,28/02/2019,C&M-PMS Prem Healthcentre Rates,PRC DELEGATED CO-COMMISSIONING,DR G D SANDERSON & PARTNERS,25935511,786.92,,BRA000025275
Department of Health,NHS Bradford City CCG,28/02/2019,C&M-PMS Prem Water Rates,PRC DELEGATED CO-COMMISSIONING,DR G D SANDERSON & PARTNERS,25935511,110.65,,BRA000025275
Department of Health,NHS Bradford City CCG,28/02/2019,C&M-PMS QOF Aspiration,PRC DELEGATED CO-COMMISSIONING,DR G D SANDERSON & PARTNERS,25935511,1306.19,,BRA000025275
Department of Health,NHS Bradford City CCG,28/02/2019,C&M-PMS Baseline Adjustment,PRC DELEGATED CO-COMMISSIONING,DR KHAN M H & PARTNER,25935513,37.92,,BRA000025279
Department of Health,NHS Bradford City CCG,28/02/2019,C&M-PMS Contract Value,PRC DELEGATED CO-COMMISSIONING,DR KHAN M H & PARTNER,25935513,37252.92,,BRA000025279
Department of Health,NHS Bradford City CCG,28/02/2019,C&M-PMS Funding Differential Review,PRC DELEGATED CO-COMMISSIONING,DR KHAN M H & PARTNER,25935513,9087.16,,BRA000025279
Department of Health,NHS Bradford City CCG,28/02/2019,C&M-PMS LES Amber List Drugs,LOCAL ENHANCED SERVICES,DR KHAN M H & PARTNER,25935513,492.24,,BRA000025279
Department of Health,NHS Bradford City CCG,28/02/2019,C&M-PMS List Size Adjustment,PRC DELEGATED CO-COMMISSIONING,DR KHAN M H & PARTNER,25935513,2233.87,,BRA000025279
Department of Health,NHS Bradford City CCG,28/02/2019,C&M-PMS PCO Other,PRC DELEGATED CO-COMMISSIONING,DR KHAN M H & PARTNER,25935513,3598,,BRA000025279
Department of Health,NHS Bradford City CCG,28/02/2019,C&M-PMS Prem Actual Rent,PRC DELEGATED CO-COMMISSIONING,DR KHAN M H & PARTNER,25935513,5725,,BRA000025279
Department of Health,NHS Bradford City CCG,28/02/2019,C&M-PMS Prem Clinical Waste,PRC DELEGATED CO-COMMISSIONING,DR KHAN M H & PARTNER,25935513,1419.72,,BRA000025279
Department of Health,NHS Bradford City CCG,28/02/2019,C&M-PMS Prem Notional Rent,PRC DELEGATED CO-COMMISSIONING,DR KHAN M H & PARTNER,25935513,4130,,BRA000025279
Department of Health,NHS Bradford City CCG,28/02/2019,C&M-PMS Prem Rates,PRC DELEGATED CO-COMMISSIONING,DR KHAN M H & PARTNER,25935513,1652.39,,BRA000025279
Department of Health,NHS Bradford City CCG,28/02/2019,C&M-PMS Prem Water Rates,PRC DELEGATED CO-COMMISSIONING,DR KHAN M H & PARTNER,25935513,84.07,,BRA000025279
Department of Health,NHS Bradford City CCG,28/02/2019,C&M-PMS QOF Aspiration,PRC DELEGATED CO-COMMISSIONING,DR KHAN M H & PARTNER,25935513,3320.62,,BRA000025279
Department of Health,NHS Bradford City CCG,28/02/2019,C&M-PMS Baseline Adjustment,PRC DELEGATED CO-COMMISSIONING,DR M A IQBAL,25935515,37.83,,BRA000025283
Department of Health,NHS Bradford City CCG,28/02/2019,C&M-PMS Contract Value,PRC DELEGATED CO-COMMISSIONING,DR M A IQBAL,25935515,33732.68,,BRA000025283
Department of Health,NHS Bradford City CCG,28/02/2019,C&M-PMS Funding Differential Review,PRC DELEGATED CO-COMMISSIONING,DR M A IQBAL,25935515,8075.5,,BRA000025283
Department of Health,NHS Bradford City CCG,28/02/2019,C&M-PMS LES Amber List Drugs,LOCAL ENHANCED SERVICES,DR M A IQBAL,25935515,316.44,,BRA000025283
Department of Health,NHS Bradford City CCG,28/02/2019,C&M-PMS List Size Adjustment,PRC DELEGATED CO-COMMISSIONING,DR M A IQBAL,25935515,49.98,,BRA000025283
Department of Health,NHS Bradford City CCG,28/02/2019,C&M-PMS Prem Clinical Waste,PRC DELEGATED CO-COMMISSIONING,DR M A IQBAL,25935515,42.31,,BRA000025283
Department of Health,NHS Bradford City CCG,28/02/2019,C&M-PMS Prem Cost Rent,PRC DELEGATED CO-COMMISSIONING,DR M A IQBAL,25935515,2872.25,,BRA000025283
Department of Health,NHS Bradford City CCG,28/02/2019,C&M-PMS Prem Healthcentre Rates,PRC DELEGATED CO-COMMISSIONING,DR M A IQBAL,25935515,693.94,,BRA000025283
Department of Health,NHS Bradford City CCG,28/02/2019,C&M-PMS Prem Water Rates,PRC DELEGATED CO-COMMISSIONING,DR M A IQBAL,25935515,28.48,,BRA000025283
Department of Health,NHS Bradford City CCG,28/02/2019,C&M-PMS QOF Aspiration,PRC DELEGATED CO-COMMISSIONING,DR M A IQBAL,25935515,2578.18,,BRA000025283
Department of Health,NHS Bradford City CCG,28/02/2019,C&M-PMS Baseline Adjustment,PRC DELEGATED CO-COMMISSIONING,DR M A KHAN & PARTNERS BRADFORD,25935517,38.33,,BRA000025285
Department of Health,NHS Bradford City CCG,28/02/2019,C&M-PMS Contract Value,PRC DELEGATED CO-COMMISSIONING,DR M A KHAN & PARTNERS BRADFORD,25935517,65789.98,,BRA000025285
Department of Health,NHS Bradford City CCG,28/02/2019,C&M-PMS DES Minor Surgery,PRC DELEGATED CO-COMMISSIONING,DR M A KHAN & PARTNERS BRADFORD,25935517,2177,,BRA000025285
Department of Health,NHS Bradford City CCG,28/02/2019,C&M-PMS Funding Differential Review,PRC DELEGATED CO-COMMISSIONING,DR M A KHAN & PARTNERS BRADFORD,25935517,15770.94,,BRA000025285
Department of Health,NHS Bradford City CCG,28/02/2019,C&M-PMS LES Amber List Drugs,LOCAL ENHANCED SERVICES,DR M A KHAN & PARTNERS BRADFORD,25935517,3586.32,,BRA000025285
Department of Health,NHS Bradford City CCG,28/02/2019,C&M-PMS List Size Adjustment,PRC DELEGATED CO-COMMISSIONING,DR M A KHAN & PARTNERS BRADFORD,25935517,622.32,,BRA000025285
Department of Health,NHS Bradford City CCG,28/02/2019,C&M-PMS Prem Clinical Waste,PRC DELEGATED CO-COMMISSIONING,DR M A KHAN & PARTNERS BRADFORD,25935517,353.63,,BRA000025285
Department of Health,NHS Bradford City CCG,28/02/2019,C&M-PMS Prem Cost Rent,PRC DELEGATED CO-COMMISSIONING,DR M A KHAN & PARTNERS BRADFORD,25935517,16742.17,,BRA000025285
Department of Health,NHS Bradford City CCG,28/02/2019,C&M-PMS Prem Healthcentre Rates,PRC DELEGATED CO-COMMISSIONING,DR M A KHAN & PARTNERS BRADFORD,25935517,1851.58,,BRA000025285
Department of Health,NHS Bradford City CCG,28/02/2019,C&M-PMS Prem Water Rates,PRC DELEGATED CO-COMMISSIONING,DR M A KHAN & PARTNERS BRADFORD,25935517,196.98,,BRA000025285
Department of Health,NHS Bradford City CCG,28/02/2019,C&M-PMS QOF Aspiration,PRC DELEGATED CO-COMMISSIONING,DR M A KHAN & PARTNERS BRADFORD,25935517,6440.75,,BRA000025285
Department of Health,NHS Bradford City CCG,28/02/2019,C&M-PMS Baseline Adjustment,PRC DELEGATED CO-COMMISSIONING,DR RAFAQUAT S S & PARTNERS,25935519,48.92,,BRA000025287
Department of Health,NHS Bradford City CCG,28/02/2019,C&M-PMS Contract Value,PRC DELEGATED CO-COMMISSIONING,DR RAFAQUAT S S & PARTNERS,25935519,46204.84,,BRA000025287
Department of Health,NHS Bradford City CCG,28/02/2019,C&M-PMS DES Minor Surgery,PRC DELEGATED CO-COMMISSIONING,DR RAFAQUAT S S & PARTNERS,25935519,609.56,,BRA000025287
Department of Health,NHS Bradford City CCG,28/02/2019,C&M-PMS Funding Differential Review,PRC DELEGATED CO-COMMISSIONING,DR RAFAQUAT S S & PARTNERS,25935519,10907.5,,BRA000025287
Department of Health,NHS Bradford City CCG,28/02/2019,C&M-PMS LES Amber List Drugs,LOCAL ENHANCED SERVICES,DR RAFAQUAT S S & PARTNERS,25935519,562.56,,BRA000025287
Department of Health,NHS Bradford City CCG,28/02/2019,C&M-PMS List Size Adjustment,PRC DELEGATED CO-COMMISSIONING,DR RAFAQUAT S S & PARTNERS,25935519,357.97,,BRA000025287
Department of Health,NHS Bradford City CCG,28/02/2019,C&M-PMS Prem Clinical Waste,PRC DELEGATED CO-COMMISSIONING,DR RAFAQUAT S S & PARTNERS,25935519,805.1,,BRA000025287
Department of Health,NHS Bradford City CCG,28/02/2019,C&M-PMS Prem Cost Rent,PRC DELEGATED CO-COMMISSIONING,DR RAFAQUAT S S & PARTNERS,25935519,18927.51,,BRA000025287
Department of Health,NHS Bradford City CCG,28/02/2019,C&M-PMS Prem Healthcentre Rates,PRC DELEGATED CO-COMMISSIONING,DR RAFAQUAT S S & PARTNERS,25935519,1751.37,,BRA000025287
Department of Health,NHS Bradford City CCG,28/02/2019,C&M-PMS Prem Water Rates,PRC DELEGATED CO-COMMISSIONING,DR RAFAQUAT S S & PARTNERS,25935519,108.86,,BRA000025287
Department of Health,NHS Bradford City CCG,28/02/2019,C&M-PMS QOF Aspiration,PRC DELEGATED CO-COMMISSIONING,DR RAFAQUAT S S & PARTNERS,25935519,3451.03,,BRA000025287
Department of Health,NHS Bradford City CCG,28/02/2019,C&M-PMS Baseline Adjustment,PRC DELEGATED CO-COMMISSIONING,DR POONAM JHA,25935521,22.17,,BRA000025289
Department of Health,NHS Bradford City CCG,28/02/2019,C&M-PMS Contract Value,PRC DELEGATED CO-COMMISSIONING,DR POONAM JHA,25935521,23168.78,,BRA000025289
Department of Health,NHS Bradford City CCG,28/02/2019,C&M-PMS DES Minor Surgery,PRC DELEGATED CO-COMMISSIONING,DR POONAM JHA,25935521,304.75,,BRA000025289
Department of Health,NHS Bradford City CCG,28/02/2019,C&M-PMS Funding Differential Review,PRC DELEGATED CO-COMMISSIONING,DR POONAM JHA,25935521,5546.88,,BRA000025289
Department of Health,NHS Bradford City CCG,28/02/2019,C&M-PMS LES Amber List Drugs,LOCAL ENHANCED SERVICES,DR POONAM JHA,25935521,3164.4,,BRA000025289
Department of Health,NHS Bradford City CCG,28/02/2019,C&M-PMS List Size Adjustment,PRC DELEGATED CO-COMMISSIONING,DR POONAM JHA,25935521,92.44,,BRA000025289
Department of Health,NHS Bradford City CCG,28/02/2019,C&M-PMS Prem Clinical Waste,PRC DELEGATED CO-COMMISSIONING,DR POONAM JHA,25935521,534.63,,BRA000025289
Department of Health,NHS Bradford City CCG,28/02/2019,C&M-PMS Prem Cost Rent,PRC DELEGATED CO-COMMISSIONING,DR POONAM JHA,25935521,11471.22,,BRA000025289
Department of Health,NHS Bradford City CCG,28/02/2019,C&M-PMS Prem Healthcentre Rates,PRC DELEGATED CO-COMMISSIONING,DR POONAM JHA,25935521,1061.44,,BRA000025289
Department of Health,NHS Bradford City CCG,28/02/2019,C&M-PMS Prem Water Rates,PRC DELEGATED CO-COMMISSIONING,DR POONAM JHA,25935521,65.98,,BRA000025289
Department of Health,NHS Bradford City CCG,28/02/2019,C&M-PMS QOF Aspiration,PRC DELEGATED CO-COMMISSIONING,DR POONAM JHA,25935521,1951.5,,BRA000025289
Department of Health,NHS Bradford City CCG,28/02/2019,C&M-PMS Baseline Adjustment,PRC DELEGATED CO-COMMISSIONING,FAMILY PRACTICE BRADFORD,25935523,13.92,,BRA000025291
Department of Health,NHS Bradford City CCG,28/02/2019,C&M-PMS Contract Value,PRC DELEGATED CO-COMMISSIONING,FAMILY PRACTICE BRADFORD,25935523,15844.06,,BRA000025291
Department of Health,NHS Bradford City CCG,28/02/2019,C&M-PMS DES Minor Surgery,PRC DELEGATED CO-COMMISSIONING,FAMILY PRACTICE BRADFORD,25935523,1523.9,,BRA000025291
Department of Health,NHS Bradford City CCG,28/02/2019,C&M-PMS Funding Differential Review,PRC DELEGATED CO-COMMISSIONING,FAMILY PRACTICE BRADFORD,25935523,4014.01,,BRA000025291
Department of Health,NHS Bradford City CCG,28/02/2019,C&M-PMS LES Amber List Drugs,LOCAL ENHANCED SERVICES,FAMILY PRACTICE BRADFORD,25935523,1230.6,,BRA000025291
Department of Health,NHS Bradford City CCG,28/02/2019,C&M-PMS List Size Adjustment,PRC DELEGATED CO-COMMISSIONING,FAMILY PRACTICE BRADFORD,25935523,667.77,,BRA000025291
Department of Health,NHS Bradford City CCG,28/02/2019,C&M-PMS Prem Actual Rent,PRC DELEGATED CO-COMMISSIONING,FAMILY PRACTICE BRADFORD,25935523,5678.69,,BRA000025291
Department of Health,NHS Bradford City CCG,28/02/2019,C&M-PMS Prem Clinical Waste,PRC DELEGATED CO-COMMISSIONING,FAMILY PRACTICE BRADFORD,25935523,290.74,,BRA000025291
Department of Health,NHS Bradford City CCG,28/02/2019,C&M-PMS Prem Healthcentre Rates,PRC DELEGATED CO-COMMISSIONING,FAMILY PRACTICE BRADFORD,25935523,729.84,,BRA000025291
Department of Health,NHS Bradford City CCG,28/02/2019,C&M-PMS Prem Water Rates,PRC DELEGATED CO-COMMISSIONING,FAMILY PRACTICE BRADFORD,25935523,84.94,,BRA000025291
Department of Health,NHS Bradford City CCG,28/02/2019,C&M-PMS QOF Aspiration,PRC DELEGATED CO-COMMISSIONING,FAMILY PRACTICE BRADFORD,25935523,1584.21,,BRA000025291
Department of Health,NHS Bradford City CCG,28/02/2019,C&M-PMS Baseline Adjustment,PRC DELEGATED CO-COMMISSIONING,DR SYED ZAIDI & ASSOCIATES,25935526,47.58,,BRA000025297
Department of Health,NHS Bradford City CCG,28/02/2019,C&M-PMS Contract Value,PRC DELEGATED CO-COMMISSIONING,DR SYED ZAIDI & ASSOCIATES,25935526,46691.64,,BRA000025297
Department of Health,NHS Bradford City CCG,28/02/2019,C&M-PMS Funding Differential Review,PRC DELEGATED CO-COMMISSIONING,DR SYED ZAIDI & ASSOCIATES,25935526,10755.5,,BRA000025297
Department of Health,NHS Bradford City CCG,28/02/2019,C&M-PMS LES Amber List Drugs,LOCAL ENHANCED SERVICES,DR SYED ZAIDI & ASSOCIATES,25935526,2355.72,,BRA000025297
Department of Health,NHS Bradford City CCG,28/02/2019,C&M-PMS List Size Adjustment,PRC DELEGATED CO-COMMISSIONING,DR SYED ZAIDI & ASSOCIATES,25935526,1572.87,,BRA000025297
Department of Health,NHS Bradford City CCG,28/02/2019,C&M-PMS Prem Clinical Waste,PRC DELEGATED CO-COMMISSIONING,DR SYED ZAIDI & ASSOCIATES,25935526,869.43,,BRA000025297
Department of Health,NHS Bradford City CCG,28/02/2019,C&M-PMS Prem Cost Rent,PRC DELEGATED CO-COMMISSIONING,DR SYED ZAIDI & ASSOCIATES,25935526,8970.86,,BRA000025297
Department of Health,NHS Bradford City CCG,28/02/2019,C&M-PMS Prem Healthcentre Rates,PRC DELEGATED CO-COMMISSIONING,DR SYED ZAIDI & ASSOCIATES,25935526,1246.04,,BRA000025297
Department of Health,NHS Bradford City CCG,28/02/2019,C&M-PMS Prem Notional Rent,PRC DELEGATED CO-COMMISSIONING,DR SYED ZAIDI & ASSOCIATES,25935526,1741.67,,BRA000025297
Department of Health,NHS Bradford City CCG,28/02/2019,C&M-PMS Prem Rates,PRC DELEGATED CO-COMMISSIONING,DR SYED ZAIDI & ASSOCIATES,25935526,334.81,,BRA000025297
Department of Health,NHS Bradford City CCG,28/02/2019,C&M-PMS Prem Water Rates,PRC DELEGATED CO-COMMISSIONING,DR SYED ZAIDI & ASSOCIATES,25935526,142.87,,BRA000025297
Department of Health,NHS Bradford City CCG,28/02/2019,C&M-PMS QOF Aspiration,PRC DELEGATED CO-COMMISSIONING,DR SYED ZAIDI & ASSOCIATES,25935526,4416.18,,BRA000025297
Department of Health,NHS Bradford City CCG,28/02/2019,C&M-PMS Baseline Adjustment,PRC DELEGATED CO-COMMISSIONING,DR IM RAJA & PARTNER,25935528,34,,BRA000025299
Department of Health,NHS Bradford City CCG,28/02/2019,C&M-PMS Contract Value,PRC DELEGATED CO-COMMISSIONING,DR IM RAJA & PARTNER,25935528,32654.91,,BRA000025299
Department of Health,NHS Bradford City CCG,28/02/2019,C&M-PMS Funding Differential Review,PRC DELEGATED CO-COMMISSIONING,DR IM RAJA & PARTNER,25935528,7830.9,,BRA000025299
Department of Health,NHS Bradford City CCG,28/02/2019,C&M-PMS LES Amber List Drugs,LOCAL ENHANCED SERVICES,DR IM RAJA & PARTNER,25935528,1582.2,,BRA000025299
Department of Health,NHS Bradford City CCG,28/02/2019,C&M-PMS List Size Adjustment,PRC DELEGATED CO-COMMISSIONING,DR IM RAJA & PARTNER,25935528,306.93,,BRA000025299
Department of Health,NHS Bradford City CCG,28/02/2019,C&M-PMS Prem Actual Rent,PRC DELEGATED CO-COMMISSIONING,DR IM RAJA & PARTNER,25935528,4083.42,,BRA000025299
Department of Health,NHS Bradford City CCG,28/02/2019,C&M-PMS Prem Clinical Waste,PRC DELEGATED CO-COMMISSIONING,DR IM RAJA & PARTNER,25935528,39.78,,BRA000025299
Department of Health,NHS Bradford City CCG,28/02/2019,C&M-PMS Prem Healthcentre Rates,PRC DELEGATED CO-COMMISSIONING,DR IM RAJA & PARTNER,25935528,555.64,,BRA000025299
Department of Health,NHS Bradford City CCG,28/02/2019,C&M-PMS QOF Aspiration,PRC DELEGATED CO-COMMISSIONING,DR IM RAJA & PARTNER,25935528,2631.85,,BRA000025299
Department of Health,NHS Bradford City CCG,28/02/2019,C&M-PMS Baseline Adjustment,PRC DELEGATED CO-COMMISSIONING,KENSINGTON PARTNERSHIP,25935530,144.17,,BRA000025301
Department of Health,NHS Bradford City CCG,28/02/2019,C&M-PMS Contract Value,PRC DELEGATED CO-COMMISSIONING,KENSINGTON PARTNERSHIP,25935530,95863.31,,BRA000025301
Department of Health,NHS Bradford City CCG,28/02/2019,C&M-PMS DES Minor Surgery,PRC DELEGATED CO-COMMISSIONING,KENSINGTON PARTNERSHIP,25935530,6748.64,,BRA000025301
Department of Health,NHS Bradford City CCG,28/02/2019,C&M-PMS Funding Differential Review,PRC DELEGATED CO-COMMISSIONING,KENSINGTON PARTNERSHIP,25935530,22599.01,,BRA000025301
Department of Health,NHS Bradford City CCG,28/02/2019,C&M-PMS LES Amber List Drugs,LOCAL ENHANCED SERVICES,KENSINGTON PARTNERSHIP,25935530,4184.04,,BRA000025301
Department of Health,NHS Bradford City CCG,28/02/2019,C&M-PMS List Size Adjustment,PRC DELEGATED CO-COMMISSIONING,KENSINGTON PARTNERSHIP,25935530,955.8,,BRA000025301
Department of Health,NHS Bradford City CCG,28/02/2019,C&M-PMS PCO Other,PRC DELEGATED CO-COMMISSIONING,KENSINGTON PARTNERSHIP,25935530,8344,,BRA000025301
Department of Health,NHS Bradford City CCG,28/02/2019,C&M-PMS Prem Clinical Waste,PRC DELEGATED CO-COMMISSIONING,KENSINGTON PARTNERSHIP,25935530,1031.75,,BRA000025301
Department of Health,NHS Bradford City CCG,28/02/2019,C&M-PMS Prem Cost Rent,PRC DELEGATED CO-COMMISSIONING,KENSINGTON PARTNERSHIP,25935530,6453.58,,BRA000025301
Department of Health,NHS Bradford City CCG,28/02/2019,C&M-PMS Prem Healthcentre Rates,PRC DELEGATED CO-COMMISSIONING,KENSINGTON PARTNERSHIP,25935530,1559.21,,BRA000025301
Department of Health,NHS Bradford City CCG,28/02/2019,C&M-PMS Prem Notional Rent,PRC DELEGATED CO-COMMISSIONING,KENSINGTON PARTNERSHIP,25935530,6508.33,,BRA000025301
Department of Health,NHS Bradford City CCG,28/02/2019,C&M-PMS Prem Rates,PRC DELEGATED CO-COMMISSIONING,KENSINGTON PARTNERSHIP,25935530,1122.53,,BRA000025301
Department of Health,NHS Bradford City CCG,28/02/2019,C&M-PMS Prem Water Rates,PRC DELEGATED CO-COMMISSIONING,KENSINGTON PARTNERSHIP,25935530,348.11,,BRA000025301
Department of Health,NHS Bradford City CCG,28/02/2019,C&M-PMS QOF Aspiration,PRC DELEGATED CO-COMMISSIONING,KENSINGTON PARTNERSHIP,25935530,8799.9,,BRA000025301
Department of Health,NHS Bradford City CCG,28/02/2019,ME-PMS GP Pension EEs Adjs - PMS,PRC DELEGATED CO-COMMISSIONING,KENSINGTON PARTNERSHIP,25935530,4593.75,,BRA000025301
Department of Health,NHS Bradford City CCG,28/02/2019,ME-PMS GP Pension ERs Adjs - PMS,PRC DELEGATED CO-COMMISSIONING,KENSINGTON PARTNERSHIP,25935530,5284.65,,BRA000025301
Department of Health,NHS Bradford City CCG,28/02/2019,C&M-APMS Contract Value,PRC DELEGATED CO-COMMISSIONING,BEVAN HEALTHCARE CIC,25956165,107277.42,,BRA000025265
Department of Health,NHS Bradford City CCG,28/02/2019,C&M-APMS Prem Clinical Waste,PRC DELEGATED CO-COMMISSIONING,BEVAN HEALTHCARE CIC,25956165,54.17,,BRA000025265
Department of Health,NHS Bradford City CCG,28/02/2019,C&M-APMS Prem Healthcentre Rates,PRC DELEGATED CO-COMMISSIONING,BEVAN HEALTHCARE CIC,25956165,1570,,BRA000025265
Department of Health,NHS Bradford City CCG,28/02/2019,C&M-APMS Prem Notional Rent,PRC DELEGATED CO-COMMISSIONING,BEVAN HEALTHCARE CIC,25956165,3473.33,,BRA000025265
Department of Health,NHS Bradford City CCG,28/02/2019,C&M-APMS Prem Water Rates,PRC DELEGATED CO-COMMISSIONING,BEVAN HEALTHCARE CIC,25956165,83.33,,BRA000025265
Department of Health,NHS Bradford City CCG,28/02/2019,C&M-PMS Contract Value,PRC DELEGATED CO-COMMISSIONING,BEVAN HEALTHCARE CIC,25956165,656.69,,BRA000025265
Department of Health,NHS Bradford City CCG,28/02/2019,C&M-PMS LES Amber List Drugs,LOCAL ENHANCED SERVICES,BEVAN HEALTHCARE CIC,25956165,1195.44,,BRA000025265
Department of Health,NHS Bradford City CCG,28/02/2019,C&M-PMS QOF Aspiration,PRC DELEGATED CO-COMMISSIONING,BEVAN HEALTHCARE CIC,25956165,1398.36,,BRA000025265
Department of Health,NHS Bradford City CCG,28/02/2019,ME-PMS GP Pension EEs Adjs - PMS,PRC DELEGATED CO-COMMISSIONING,BEVAN HEALTHCARE CIC,25956165,2151.8,,BRA000025265
Department of Health,NHS Bradford City CCG,28/02/2019,ME-PMS GP Pension ERs Adjs - PMS,PRC DELEGATED CO-COMMISSIONING,BEVAN HEALTHCARE CIC,25956165,2433.85,,BRA000025265
Department of Health,NHS Bradford City CCG,28/02/2019,C&M-PMS Baseline Adjustment,PRC DELEGATED CO-COMMISSIONING,DR KHAN & PARTNERS,25956167,52.5,,BRA000025277
Department of Health,NHS Bradford City CCG,28/02/2019,C&M-PMS Contract Value,PRC DELEGATED CO-COMMISSIONING,DR KHAN & PARTNERS,25956167,47324.33,,BRA000025277
Department of Health,NHS Bradford City CCG,28/02/2019,C&M-PMS DES Minor Surgery,PRC DELEGATED CO-COMMISSIONING,DR KHAN & PARTNERS,25956167,261.24,,BRA000025277
Department of Health,NHS Bradford City CCG,28/02/2019,C&M-PMS Funding Differential Review,PRC DELEGATED CO-COMMISSIONING,DR KHAN & PARTNERS,25956167,11431.18,,BRA000025277
Department of Health,NHS Bradford City CCG,28/02/2019,C&M-PMS LES Amber List Drugs,LOCAL ENHANCED SERVICES,DR KHAN & PARTNERS,25956167,4465.32,,BRA000025277
Department of Health,NHS Bradford City CCG,28/02/2019,C&M-PMS List Size Adjustment,PRC DELEGATED CO-COMMISSIONING,DR KHAN & PARTNERS,25956167,2923.87,,BRA000025277
Department of Health,NHS Bradford City CCG,28/02/2019,C&M-PMS Prem Clinical Waste,PRC DELEGATED CO-COMMISSIONING,DR KHAN & PARTNERS,25956167,68.99,,BRA000025277
Department of Health,NHS Bradford City CCG,28/02/2019,C&M-PMS Prem Cost Rent,PRC DELEGATED CO-COMMISSIONING,DR KHAN & PARTNERS,25956167,3380.7,,BRA000025277
Department of Health,NHS Bradford City CCG,28/02/2019,C&M-PMS Prem Healthcentre Rates,PRC DELEGATED CO-COMMISSIONING,DR KHAN & PARTNERS,25956167,545.97,,BRA000025277
Department of Health,NHS Bradford City CCG,28/02/2019,C&M-PMS Prem Water Rates,PRC DELEGATED CO-COMMISSIONING,DR KHAN & PARTNERS,25956167,132.26,,BRA000025277
Department of Health,NHS Bradford City CCG,28/02/2019,C&M-PMS QOF Aspiration,PRC DELEGATED CO-COMMISSIONING,DR KHAN & PARTNERS,25956167,3388.49,,BRA000025277
Department of Health,NHS Bradford City CCG,28/02/2019,ME-PMS GP Pension EEs Adjs - PMS,PRC DELEGATED CO-COMMISSIONING,DR KHAN & PARTNERS,25956167,46041.7,,BRA000025277
Department of Health,NHS Bradford City CCG,28/02/2019,ME-PMS GP Pension ERs Adjs - PMS,PRC DELEGATED CO-COMMISSIONING,DR KHAN & PARTNERS,25956167,50569.74,,BRA000025277
Department of Health,NHS Bradford City CCG,28/02/2019,C&M-PMS Baseline Adjustment,PRC DELEGATED CO-COMMISSIONING,PRIMROSE SURGERY,25956168,39.42,,BRA000025295
Department of Health,NHS Bradford City CCG,28/02/2019,C&M-PMS Contract Value,PRC DELEGATED CO-COMMISSIONING,PRIMROSE SURGERY,25956168,37722.64,,BRA000025295
Department of Health,NHS Bradford City CCG,28/02/2019,C&M-PMS DES Minor Surgery,PRC DELEGATED CO-COMMISSIONING,PRIMROSE SURGERY,25956168,870.8,,BRA000025295
Department of Health,NHS Bradford City CCG,28/02/2019,C&M-PMS Funding Differential Review,PRC DELEGATED CO-COMMISSIONING,PRIMROSE SURGERY,25956168,9196.51,,BRA000025295
Department of Health,NHS Bradford City CCG,28/02/2019,C&M-PMS LES Amber List Drugs,LOCAL ENHANCED SERVICES,PRIMROSE SURGERY,25956168,4430.16,,BRA000025295
Department of Health,NHS Bradford City CCG,28/02/2019,C&M-PMS List Size Adjustment,PRC DELEGATED CO-COMMISSIONING,PRIMROSE SURGERY,25956168,381.11,,BRA000025295
Department of Health,NHS Bradford City CCG,28/02/2019,C&M-PMS PCO Locum Adop/Pat/Mat,PRC DELEGATED CO-COMMISSIONING,PRIMROSE SURGERY,25956168,2286,,BRA000025295
Department of Health,NHS Bradford City CCG,28/02/2019,C&M-PMS Prem Clinical Waste,PRC DELEGATED CO-COMMISSIONING,PRIMROSE SURGERY,25956168,39.35,,BRA000025295
Department of Health,NHS Bradford City CCG,28/02/2019,C&M-PMS Prem Cost Rent,PRC DELEGATED CO-COMMISSIONING,PRIMROSE SURGERY,25956168,11185.25,,BRA000025295
Department of Health,NHS Bradford City CCG,28/02/2019,C&M-PMS Prem Healthcentre Rates,PRC DELEGATED CO-COMMISSIONING,PRIMROSE SURGERY,25956168,1090.21,,BRA000025295
Department of Health,NHS Bradford City CCG,28/02/2019,C&M-PMS Prem Water Rates,PRC DELEGATED CO-COMMISSIONING,PRIMROSE SURGERY,25956168,94.49,,BRA000025295
Department of Health,NHS Bradford City CCG,28/02/2019,C&M-PMS QOF Aspiration,PRC DELEGATED CO-COMMISSIONING,PRIMROSE SURGERY,25956168,3147.68,,BRA000025295
Department of Health,NHS Bradford City CCG,28/02/2019,Clinical&Medical-Independent Sector,THIRD PARTY HOSTED SERVICE 2,"NHS AIREDALE, WHARFEDALE AND CRAVEN CCG",25962117,32433.51,,7014200498
Department of Health,NHS Bradford City CCG,28/02/2019,Clinical&Medical-Independent Sector,THIRD PARTY HOSTED SERVICE 2,NHS BRADFORD DISTRICTS CCG,25962135,123788.92,,7014500932
Department of Health,NHS Bradford City CCG,28/02/2019,NHS Payables <1Yr-Other,BALANCE SHEET,NHS BRADFORD DISTRICTS CCG,25962190,173127.28,,7014500934
Department of Health,NHS Bradford City CCG,28/02/2019,NHS Payables <1Yr-Recharges In,BALANCE SHEET,NHS BRADFORD DISTRICTS CCG,25988897,3556377.05,,7014500946
Department of Health,NHS Bradford City CCG,28/02/2019,Hcare Srv Rec Fdtn Trust-Contract Baseline,ACUTE COMMISSIONING,CALDERDALE & HUDDERSFIELD NHS FOUNDATION TRUST,26003848,48726.38,654405836,4710131178
Department of Health,NHS Bradford City CCG,28/02/2019,Clinical&Medical-Independent Sector,ACUTE COMMISSIONING,YORKSHIRE CLINIC,26003853,200253.61,426505170,BC11201819
Department of Health,NHS Bradford City CCG,28/02/2019,Hcare Srv Rec NHS Trust-Contract Baseline,PATIENT TRANSPORT,YORKSHIRE AMBULANCE SERVICE NHS TRUST,26003857,28135.69,654971305,2810025869
Department of Health,NHS Bradford City CCG,28/02/2019,Hcare Srv Rec Fdtn Trust-Emergency Readmissions,ACUTE COMMISSIONING,AIREDALE NHS FOUNDATION TRUST,26087195,27159,654910724,3310038846
Department of Health,NHS Bradford City CCG,28/02/2019,C&M-GMS DES Minor Surgery,PRC DELEGATED CO-COMMISSIONING,DR GILKAR I A & PARTNER,26116910,1698,,BRA000025383
Department of Health,NHS Bradford City CCG,28/02/2019,C&M-GMS Global Sum,PRC DELEGATED CO-COMMISSIONING,DR GILKAR I A & PARTNER,26116910,57425.58,,BRA000025383
Department of Health,NHS Bradford City CCG,28/02/2019,C&M-GMS LES Amber List Drugs,LOCAL ENHANCED SERVICES,DR GILKAR I A & PARTNER,26116910,1668.45,,BRA000025383
Department of Health,NHS Bradford City CCG,28/02/2019,C&M-GMS MPIG Correction Factor,PRC DELEGATED CO-COMMISSIONING,DR GILKAR I A & PARTNER,26116910,3452.68,,BRA000025383
Department of Health,NHS Bradford City CCG,28/02/2019,C&M-GMS Other FDR Payment,PRC DELEGATED CO-COMMISSIONING,DR GILKAR I A & PARTNER,26116910,15354.66,,BRA000025383
Department of Health,NHS Bradford City CCG,28/02/2019,C&M-GMS Prem Clinical Waste,PRC DELEGATED CO-COMMISSIONING,DR GILKAR I A & PARTNER,26116910,86.66,,BRA000025383
Department of Health,NHS Bradford City CCG,28/02/2019,C&M-GMS Prem Cost Rent,PRC DELEGATED CO-COMMISSIONING,DR GILKAR I A & PARTNER,26116910,631.8,,BRA000025383
Department of Health,NHS Bradford City CCG,28/02/2019,C&M-GMS Prem Healthcentre Rates,PRC DELEGATED CO-COMMISSIONING,DR GILKAR I A & PARTNER,26116910,1559.75,,BRA000025383
Department of Health,NHS Bradford City CCG,28/02/2019,C&M-GMS Prem Healthcentre Rent,PRC DELEGATED CO-COMMISSIONING,DR GILKAR I A & PARTNER,26116910,10399.63,,BRA000025383
Department of Health,NHS Bradford City CCG,28/02/2019,C&M-GMS QOF Aspiration,PRC DELEGATED CO-COMMISSIONING,DR GILKAR I A & PARTNER,26116910,4546.86,,BRA000025383
Department of Health,NHS Bradford City CCG,28/02/2019,C&M-GMS Global Sum,PRC DELEGATED CO-COMMISSIONING,DR M I MALIK,26116912,19055.82,,BRA000025385
Department of Health,NHS Bradford City CCG,28/02/2019,C&M-GMS LES Amber List Drugs,LOCAL ENHANCED SERVICES,DR M I MALIK,26116912,1464.15,,BRA000025385
Department of Health,NHS Bradford City CCG,28/02/2019,C&M-GMS MPIG Correction Factor,PRC DELEGATED CO-COMMISSIONING,DR M I MALIK,26116912,1341.66,,BRA000025385
Department of Health,NHS Bradford City CCG,28/02/2019,C&M-GMS Other FDR Payment,PRC DELEGATED CO-COMMISSIONING,DR M I MALIK,26116912,5181.28,,BRA000025385
Department of Health,NHS Bradford City CCG,28/02/2019,C&M-GMS Prem Clinical Waste,PRC DELEGATED CO-COMMISSIONING,DR M I MALIK,26116912,23.93,,BRA000025385
Department of Health,NHS Bradford City CCG,28/02/2019,C&M-GMS Prem Cost Rent,PRC DELEGATED CO-COMMISSIONING,DR M I MALIK,26116912,1102.21,,BRA000025385
Department of Health,NHS Bradford City CCG,28/02/2019,C&M-GMS Prem Healthcentre Rates,PRC DELEGATED CO-COMMISSIONING,DR M I MALIK,26116912,152.86,,BRA000025385
Department of Health,NHS Bradford City CCG,28/02/2019,C&M-GMS Prem Water Rates,PRC DELEGATED CO-COMMISSIONING,DR M I MALIK,26116912,19.32,,BRA000025385
Department of Health,NHS Bradford City CCG,28/02/2019,C&M-GMS QOF Aspiration,PRC DELEGATED CO-COMMISSIONING,DR M I MALIK,26116912,2145.88,,BRA000025385
Department of Health,NHS Bradford City CCG,28/02/2019,C&M-GMS DES Minor Surgery,PRC DELEGATED CO-COMMISSIONING,DR A KHAN,26116914,566.01,,BRA000025387
Department of Health,NHS Bradford City CCG,28/02/2019,C&M-GMS Global Sum,PRC DELEGATED CO-COMMISSIONING,DR A KHAN,26116914,18020.4,,BRA000025387
Department of Health,NHS Bradford City CCG,28/02/2019,C&M-GMS LES Amber List Drugs,LOCAL ENHANCED SERVICES,DR A KHAN,26116914,510.75,,BRA000025387
Department of Health,NHS Bradford City CCG,28/02/2019,C&M-GMS MPIG Correction Factor,PRC DELEGATED CO-COMMISSIONING,DR A KHAN,26116914,1142.78,,BRA000025387
Department of Health,NHS Bradford City CCG,28/02/2019,C&M-GMS Other FDR Payment,PRC DELEGATED CO-COMMISSIONING,DR A KHAN,26116914,4875.84,,BRA000025387
Department of Health,NHS Bradford City CCG,28/02/2019,C&M-GMS Prem Clinical Waste,PRC DELEGATED CO-COMMISSIONING,DR A KHAN,26116914,447.57,,BRA000025387
Department of Health,NHS Bradford City CCG,28/02/2019,C&M-GMS Prem Healthcentre Rates,PRC DELEGATED CO-COMMISSIONING,DR A KHAN,26116914,458.2,,BRA000025387
Department of Health,NHS Bradford City CCG,28/02/2019,C&M-GMS Prem Healthcentre Rent,PRC DELEGATED CO-COMMISSIONING,DR A KHAN,26116914,4562.6,,BRA000025387
Department of Health,NHS Bradford City CCG,28/02/2019,C&M-GMS Prem Water Rates,PRC DELEGATED CO-COMMISSIONING,DR A KHAN,26116914,117.13,,BRA000025387
Department of Health,NHS Bradford City CCG,28/02/2019,C&M-GMS QOF Aspiration,PRC DELEGATED CO-COMMISSIONING,DR A KHAN,26116914,2045.4,,BRA000025387
Department of Health,NHS Bradford City CCG,28/02/2019,C&M-GMS DES Minor Surgery,PRC DELEGATED CO-COMMISSIONING,THORNBURY MEDICAL CENTRE,26117360,870.8,,BRA000025381
Department of Health,NHS Bradford City CCG,28/02/2019,C&M-GMS Global Sum,PRC DELEGATED CO-COMMISSIONING,THORNBURY MEDICAL CENTRE,26117360,46996.67,,BRA000025381
Department of Health,NHS Bradford City CCG,28/02/2019,C&M-GMS LES Amber List Drugs,LOCAL ENHANCED SERVICES,THORNBURY MEDICAL CENTRE,26117360,2485.65,,BRA000025381
Department of Health,NHS Bradford City CCG,28/02/2019,C&M-GMS MPIG Correction Factor,PRC DELEGATED CO-COMMISSIONING,THORNBURY MEDICAL CENTRE,26117360,133.55,,BRA000025381
Department of Health,NHS Bradford City CCG,28/02/2019,C&M-GMS Other FDR Payment,PRC DELEGATED CO-COMMISSIONING,THORNBURY MEDICAL CENTRE,26117360,10888.46,,BRA000025381
Department of Health,NHS Bradford City CCG,28/02/2019,C&M-GMS Prem Clinical Waste,PRC DELEGATED CO-COMMISSIONING,THORNBURY MEDICAL CENTRE,26117360,1142.77,,BRA000025381
Department of Health,NHS Bradford City CCG,28/02/2019,C&M-GMS Prem Cost Rent,PRC DELEGATED CO-COMMISSIONING,THORNBURY MEDICAL CENTRE,26117360,34714.88,,BRA000025381
Department of Health,NHS Bradford City CCG,28/02/2019,C&M-GMS Prem Healthcentre Rates,PRC DELEGATED CO-COMMISSIONING,THORNBURY MEDICAL CENTRE,26117360,2449.47,,BRA000025381
Department of Health,NHS Bradford City CCG,28/02/2019,C&M-GMS Prem Water Rates,PRC DELEGATED CO-COMMISSIONING,THORNBURY MEDICAL CENTRE,26117360,139.03,,BRA000025381
Department of Health,NHS Bradford City CCG,28/02/2019,C&M-GMS QOF Aspiration,PRC DELEGATED CO-COMMISSIONING,THORNBURY MEDICAL CENTRE,26117360,4454.88,,BRA000025381
Department of Health,NHS Bradford City CCG,28/02/2019,C&M-GMS Global Sum,PRC DELEGATED CO-COMMISSIONING,DR U AKBAR,26132984,49570.35,,BRA000025389
Department of Health,NHS Bradford City CCG,28/02/2019,C&M-GMS LES Amber List Drugs,LOCAL ENHANCED SERVICES,DR U AKBAR,26132984,1293.9,,BRA000025389
Department of Health,NHS Bradford City CCG,28/02/2019,C&M-GMS MPIG Correction Factor,PRC DELEGATED CO-COMMISSIONING,DR U AKBAR,26132984,785.28,,BRA000025389
Department of Health,NHS Bradford City CCG,28/02/2019,C&M-GMS Other FDR Payment,PRC DELEGATED CO-COMMISSIONING,DR U AKBAR,26132984,12850.12,,BRA000025389
Department of Health,NHS Bradford City CCG,28/02/2019,C&M-GMS PCO Other,PRC DELEGATED CO-COMMISSIONING,DR U AKBAR,26132984,3558,,BRA000025389
Department of Health,NHS Bradford City CCG,28/02/2019,C&M-GMS Prem Clinical Waste,PRC DELEGATED CO-COMMISSIONING,DR U AKBAR,26132984,459.72,,BRA000025389
Department of Health,NHS Bradford City CCG,28/02/2019,C&M-GMS Prem Cost Rent,PRC DELEGATED CO-COMMISSIONING,DR U AKBAR,26132984,11506.21,,BRA000025389
Department of Health,NHS Bradford City CCG,28/02/2019,C&M-GMS Prem Healthcentre Rates,PRC DELEGATED CO-COMMISSIONING,DR U AKBAR,26132984,1136.28,,BRA000025389
Department of Health,NHS Bradford City CCG,28/02/2019,C&M-GMS Prem Water Rates,PRC DELEGATED CO-COMMISSIONING,DR U AKBAR,26132984,106.21,,BRA000025389
Department of Health,NHS Bradford City CCG,28/02/2019,C&M-GMS QOF Aspiration,PRC DELEGATED CO-COMMISSIONING,DR U AKBAR,26132984,1711.41,,BRA000025389
Department of Health,NHS Bradford City CCG,28/02/2019,Hcare Srv Rec NHS Trust-Non Contract,AMBULANCE SERVICES,YORKSHIRE AMBULANCE SERVICE NHS TRUST,26150873,33000,654971305,2810025709
Department of Health,NHS Bradford City CCG,28/02/2019,Clinical&Medical-Independent Sector,ACUTE COMMISSIONING,YORKSHIRE CLINIC,26150911,36221.08,426505170,BC08FY1819
Department of Health,NHS Bradford City CCG,28/02/2019,Hcare Srv Rec Fdtn Trust-Contract Baseline,MENTAL HEALTH CONTRACTS,BRADFORD DISTRICT CARE NHS FOUNDATION TRUST,26166419,1413872,,197665
Department of Health,NHS Bradford City CCG,28/02/2019,Hcare Srv Rec NHS Trust-Over/ Under Performance,ACUTE COMMISSIONING,LEEDS TEACHING HOSPITALS NHS TRUST,26185128,-29660.28,654944112,1490014199
Department of Health,NHS Bradford City CCG,28/02/2019,Chrgs from SLA,CORPORATE - ESTATES - (P),KIER BUSINESS SERVICES LTD,26185143,2580,GB900540375,10138129
Department of Health,NHS Bradford City CCG,28/02/2019,Chrgs from SLA,FINANCE,KIER BUSINESS SERVICES LTD,26185143,19816.8,GB900540375,10138129
Department of Health,NHS Bradford City CCG,28/02/2019,Chrgs from SLA,PRIMARY CARE IT,KIER BUSINESS SERVICES LTD,26185143,18506.4,GB900540375,10138129
Department of Health,NHS Bradford City CCG,28/02/2019,Hcare Srv Rec Fdtn Trust-Contract Baseline,COMMUNITY SERVICES,BRADFORD DISTRICT CARE NHS FOUNDATION TRUST,26185188,29751,,197667
Department of Health,NHS Bradford City CCG,28/02/2019,Hcare Srv Rec Fdtn Trust-Contract Baseline,ACUTE COMMISSIONING,BRADFORD TEACHING HOSPITALS NHS FOUNDATION TRUST,26185190,5004056,654913617,309421
Department of Health,NHS Bradford City CCG,28/02/2019,Hcare Srv Rec Fdtn Trust-Contract Baseline,COMMUNITY SERVICES,BRADFORD TEACHING HOSPITALS NHS FOUNDATION TRUST,26185190,411689,654913617,309421
Department of Health,NHS Bradford City CCG,28/02/2019,Hcare Srv Rec Fdtn Trust-CQUIN,ACUTE COMMISSIONING,BRADFORD TEACHING HOSPITALS NHS FOUNDATION TRUST,26185193,56920,654913617,309422
Department of Health,NHS Bradford City CCG,28/02/2019,Clinical&Medical-Othe Public Sector,CARERS,BRADFORD METROPOLITAN DISTRICT COUNCIL,26185220,17403,180808262,74992013948
Department of Health,NHS Bradford City CCG,28/02/2019,Clinical&Medical-Othe Public Sector,REABLEMENT,BRADFORD METROPOLITAN DISTRICT COUNCIL,26185220,301512,180808262,74992013948
Department of Health,NHS Bradford City CCG,28/02/2019,Clinical&Medical-Othe Public Sector,WHEELCHAIR SERVICE,BRADFORD METROPOLITAN DISTRICT COUNCIL,26185220,28093,180808262,74992013948
Department of Health,NHS Bradford City CCG,28/02/2019,Hcare Srv Rec Fdtn Trust-CQUIN,ACUTE COMMISSIONING,AIREDALE NHS FOUNDATION TRUST,26200906,1801,654910724,3310038831
Department of Health,NHS Bradford City CCG,28/02/2019,Hcare Srv Rec Fdtn Trust-Contract Baseline,ACUTE COMMISSIONING,AIREDALE NHS FOUNDATION TRUST,26200906,96493,654910724,3310038831
Department of Health,NHS Bradford City CCG,28/02/2019,Hcare Srv Rec NHS Trust-Contract Baseline,ACUTE COMMISSIONING,LEEDS TEACHING HOSPITALS NHS TRUST,26200918,296422.57,654944112,1410121583
