Department family,Entity,Date,Expense Type,Expense area,Supplier,Transaction number,AP Amount (�),VAT registration number,Purchase invoice number
Department of Health,NHS Bradford City CCG,30/09/2018,C&M-GP PRACTICE REVENUE - PCTF,GP FORWARD VIEW,BRADFORD CARE ALLIANCE CIC,23725926,153389.25,,109
Department of Health,NHS Bradford City CCG,30/09/2018,Hcare Srv Rec Fdtn Trust-Contract Baseline,ACUTE COMMISSIONING,CALDERDALE & HUDDERSFIELD NHS FOUNDATION TRUST,23795056,48726.38,654405836,4710123061
Department of Health,NHS Bradford City CCG,30/09/2018,Hcare Srv Rec NHS Trust-Contract Baseline,NHS 111,YORKSHIRE AMBULANCE SERVICE NHS TRUST,23795058,40441,,2810023812
Department of Health,NHS Bradford City CCG,30/09/2018,Hcare Srv Rec NHS Trust-Contract Baseline,URGENT CARE,YORKSHIRE AMBULANCE SERVICE NHS TRUST,23795063,113414.76,,2810023836
Department of Health,NHS Bradford City CCG,30/09/2018,Hcare Srv Rec NHS Trust-Contract Baseline,PATIENT TRANSPORT,YORKSHIRE AMBULANCE SERVICE NHS TRUST,23795066,28135.69,,2810023851
Department of Health,NHS Bradford City CCG,30/09/2018,Hcare Srv Rec NHS Trust-Contract Baseline,AMBULANCE SERVICES,YORKSHIRE AMBULANCE SERVICE NHS TRUST,23795069,335207,,2810023780
Department of Health,NHS Bradford City CCG,30/09/2018,Clinical&Medical-Independent Sector,ACUTE COMMISSIONING,YORKSHIRE CLINIC,23795080,200253.61,426505170,BC6201819
Department of Health,NHS Bradford City CCG,30/09/2018,C&M-PMS Baseline Adjustment,PRC DELEGATED CO-COMMISSIONING,DR A KHAN BRADFORD,23813463,19.42,,BRA000023791
Department of Health,NHS Bradford City CCG,30/09/2018,C&M-PMS Contract Value,PRC DELEGATED CO-COMMISSIONING,DR A KHAN BRADFORD,23813463,21915.04,,BRA000023791
Department of Health,NHS Bradford City CCG,30/09/2018,C&M-PMS DES Extended Hours Access,PRC DELEGATED CO-COMMISSIONING,DR A KHAN BRADFORD,23813463,1485.8,,BRA000023791
Department of Health,NHS Bradford City CCG,30/09/2018,C&M-PMS DES Learn Dsblty Hlth Chk,PRC DELEGATED CO-COMMISSIONING,DR A KHAN BRADFORD,23813463,1260,,BRA000023791
Department of Health,NHS Bradford City CCG,30/09/2018,C&M-PMS Funding Differential Review,PRC DELEGATED CO-COMMISSIONING,DR A KHAN BRADFORD,23813463,5392.59,,BRA000023791
Department of Health,NHS Bradford City CCG,30/09/2018,C&M-PMS LES Amber List Drugs,LOCAL ENHANCED SERVICES,DR A KHAN BRADFORD,23813463,1273.89,,BRA000023791
Department of Health,NHS Bradford City CCG,30/09/2018,C&M-PMS List Size Adjustment,PRC DELEGATED CO-COMMISSIONING,DR A KHAN BRADFORD,23813463,169.99,,BRA000023791
Department of Health,NHS Bradford City CCG,30/09/2018,C&M-PMS PCO Seniority,PRC DELEGATED CO-COMMISSIONING,DR A KHAN BRADFORD,23813463,766.35,,BRA000023791
Department of Health,NHS Bradford City CCG,30/09/2018,C&M-PMS Prem Clinical Waste,PRC DELEGATED CO-COMMISSIONING,DR A KHAN BRADFORD,23813463,247.88,,BRA000023791
Department of Health,NHS Bradford City CCG,30/09/2018,C&M-PMS Prem Cost Rent,PRC DELEGATED CO-COMMISSIONING,DR A KHAN BRADFORD,23813463,4661.45,,BRA000023791
Department of Health,NHS Bradford City CCG,30/09/2018,C&M-PMS Prem Healthcentre Rates,PRC DELEGATED CO-COMMISSIONING,DR A KHAN BRADFORD,23813463,647.47,,BRA000023791
Department of Health,NHS Bradford City CCG,30/09/2018,C&M-PMS Prem Water Rates,PRC DELEGATED CO-COMMISSIONING,DR A KHAN BRADFORD,23813463,50.23,,BRA000023791
Department of Health,NHS Bradford City CCG,30/09/2018,C&M-PMS QOF Aspiration,PRC DELEGATED CO-COMMISSIONING,DR A KHAN BRADFORD,23813463,2369.21,,BRA000023791
Department of Health,NHS Bradford City CCG,30/09/2018,ME - PMS GP Prior Year ERs,PRC DELEGATED CO-COMMISSIONING,DR A KHAN BRADFORD,23813463,5555.91,,BRA000023791
Department of Health,NHS Bradford City CCG,30/09/2018,ME-PMS GP Prior Year EEs,PRC DELEGATED CO-COMMISSIONING,DR A KHAN BRADFORD,23813463,4325.67,,BRA000023791
Department of Health,NHS Bradford City CCG,30/09/2018,C&M-PMS Baseline Adjustment,PRC DELEGATED CO-COMMISSIONING,DR BARGH & PARTNERS,23813465,49.83,,BRA000023793
Department of Health,NHS Bradford City CCG,30/09/2018,C&M-PMS Contract Value,PRC DELEGATED CO-COMMISSIONING,DR BARGH & PARTNERS,23813465,53923.91,,BRA000023793
Department of Health,NHS Bradford City CCG,30/09/2018,C&M-PMS DES Extended Hours Access,PRC DELEGATED CO-COMMISSIONING,DR BARGH & PARTNERS,23813465,3218.6,,BRA000023793
Department of Health,NHS Bradford City CCG,30/09/2018,C&M-PMS Funding Differential Review,PRC DELEGATED CO-COMMISSIONING,DR BARGH & PARTNERS,23813465,12659.99,,BRA000023793
Department of Health,NHS Bradford City CCG,30/09/2018,C&M-PMS LES Amber List Drugs,LOCAL ENHANCED SERVICES,DR BARGH & PARTNERS,23813465,3681.54,,BRA000023793
Department of Health,NHS Bradford City CCG,30/09/2018,C&M-PMS List Size Adjustment,PRC DELEGATED CO-COMMISSIONING,DR BARGH & PARTNERS,23813465,2040.74,,BRA000023793
Department of Health,NHS Bradford City CCG,30/09/2018,C&M-PMS PCO Seniority,PRC DELEGATED CO-COMMISSIONING,DR BARGH & PARTNERS,23813465,3110.86,,BRA000023793
Department of Health,NHS Bradford City CCG,30/09/2018,C&M-PMS Prem Actual Rent,PRC DELEGATED CO-COMMISSIONING,DR BARGH & PARTNERS,23813465,11500,,BRA000023793
Department of Health,NHS Bradford City CCG,30/09/2018,C&M-PMS Prem Clinical Waste,PRC DELEGATED CO-COMMISSIONING,DR BARGH & PARTNERS,23813465,312.08,,BRA000023793
Department of Health,NHS Bradford City CCG,30/09/2018,C&M-PMS Prem Rates,PRC DELEGATED CO-COMMISSIONING,DR BARGH & PARTNERS,23813465,1650,,BRA000023793
Department of Health,NHS Bradford City CCG,30/09/2018,C&M-PMS Prem Water Rates,PRC DELEGATED CO-COMMISSIONING,DR BARGH & PARTNERS,23813465,89.53,,BRA000023793
Department of Health,NHS Bradford City CCG,30/09/2018,C&M-PMS QOF Aspiration,PRC DELEGATED CO-COMMISSIONING,DR BARGH & PARTNERS,23813465,5064.67,,BRA000023793
Department of Health,NHS Bradford City CCG,30/09/2018,C&M-PMS Baseline Adjustment,PRC DELEGATED CO-COMMISSIONING,DR AZAM A,23813467,27.75,,BRA000023795
Department of Health,NHS Bradford City CCG,30/09/2018,C&M-PMS Contract Value,PRC DELEGATED CO-COMMISSIONING,DR AZAM A,23813467,28678.36,,BRA000023795
Department of Health,NHS Bradford City CCG,30/09/2018,C&M-PMS DES Extended Hours Access,PRC DELEGATED CO-COMMISSIONING,DR AZAM A,23813467,1893.83,,BRA000023795
Department of Health,NHS Bradford City CCG,30/09/2018,C&M-PMS DES Learn Dsblty Hlth Chk,PRC DELEGATED CO-COMMISSIONING,DR AZAM A,23813467,700,,BRA000023795
Department of Health,NHS Bradford City CCG,30/09/2018,C&M-PMS Funding Differential Review,PRC DELEGATED CO-COMMISSIONING,DR AZAM A,23813467,6766.82,,BRA000023795
Department of Health,NHS Bradford City CCG,30/09/2018,C&M-PMS LES Amber List Drugs,LOCAL ENHANCED SERVICES,DR AZAM A,23813467,2512.85,,BRA000023795
Department of Health,NHS Bradford City CCG,30/09/2018,C&M-PMS List Size Adjustment,PRC DELEGATED CO-COMMISSIONING,DR AZAM A,23813467,770.46,,BRA000023795
Department of Health,NHS Bradford City CCG,30/09/2018,C&M-PMS PCO Seniority,PRC DELEGATED CO-COMMISSIONING,DR AZAM A,23813467,2639.35,,BRA000023795
Department of Health,NHS Bradford City CCG,30/09/2018,C&M-PMS Prem Actual Rent,PRC DELEGATED CO-COMMISSIONING,DR AZAM A,23813467,5311.26,,BRA000023795
Department of Health,NHS Bradford City CCG,30/09/2018,C&M-PMS Prem Clinical Waste,PRC DELEGATED CO-COMMISSIONING,DR AZAM A,23813467,458.7,,BRA000023795
Department of Health,NHS Bradford City CCG,30/09/2018,C&M-PMS Prem Healthcentre Rates,PRC DELEGATED CO-COMMISSIONING,DR AZAM A,23813467,443.08,,BRA000023795
Department of Health,NHS Bradford City CCG,30/09/2018,C&M-PMS Prem Water Rates,PRC DELEGATED CO-COMMISSIONING,DR AZAM A,23813467,52.9,,BRA000023795
Department of Health,NHS Bradford City CCG,30/09/2018,C&M-PMS QOF Aspiration,PRC DELEGATED CO-COMMISSIONING,DR AZAM A,23813467,2664.77,,BRA000023795
Department of Health,NHS Bradford City CCG,30/09/2018,C&M-PMS Baseline Adjustment,PRC DELEGATED CO-COMMISSIONING,DR AZAM M,23813469,17.67,,BRA000023797
Department of Health,NHS Bradford City CCG,30/09/2018,C&M-PMS Contract Value,PRC DELEGATED CO-COMMISSIONING,DR AZAM M,23813469,20776.17,,BRA000023797
Department of Health,NHS Bradford City CCG,30/09/2018,C&M-PMS DES Extended Hours Access,PRC DELEGATED CO-COMMISSIONING,DR AZAM M,23813469,1483.9,,BRA000023797
Department of Health,NHS Bradford City CCG,30/09/2018,C&M-PMS Funding Differential Review,PRC DELEGATED CO-COMMISSIONING,DR AZAM M,23813469,5017.02,,BRA000023797
Department of Health,NHS Bradford City CCG,30/09/2018,C&M-PMS LES Amber List Drugs,LOCAL ENHANCED SERVICES,DR AZAM M,23813469,1244.7,,BRA000023797
Department of Health,NHS Bradford City CCG,30/09/2018,C&M-PMS List Size Adjustment,PRC DELEGATED CO-COMMISSIONING,DR AZAM M,23813469,318.35,,BRA000023797
Department of Health,NHS Bradford City CCG,30/09/2018,C&M-PMS PCO Seniority,PRC DELEGATED CO-COMMISSIONING,DR AZAM M,23813469,1257.4,,BRA000023797
Department of Health,NHS Bradford City CCG,30/09/2018,C&M-PMS Prem Clinical Waste,PRC DELEGATED CO-COMMISSIONING,DR AZAM M,23813469,400.74,,BRA000023797
Department of Health,NHS Bradford City CCG,30/09/2018,C&M-PMS Prem Notional Rent,PRC DELEGATED CO-COMMISSIONING,DR AZAM M,23813469,4166.66,,BRA000023797
Department of Health,NHS Bradford City CCG,30/09/2018,C&M-PMS Prem Rates,PRC DELEGATED CO-COMMISSIONING,DR AZAM M,23813469,1124.25,,BRA000023797
Department of Health,NHS Bradford City CCG,30/09/2018,C&M-PMS Prem Water Rates,PRC DELEGATED CO-COMMISSIONING,DR AZAM M,23813469,30.74,,BRA000023797
Department of Health,NHS Bradford City CCG,30/09/2018,C&M-PMS QOF Aspiration,PRC DELEGATED CO-COMMISSIONING,DR AZAM M,23813469,2414.2,,BRA000023797
Department of Health,NHS Bradford City CCG,30/09/2018,C&M-PMS Baseline Adjustment,PRC DELEGATED CO-COMMISSIONING,DR G D SANDERSON & PARTNERS,23813471,86.42,,BRA000023799
Department of Health,NHS Bradford City CCG,30/09/2018,C&M-PMS Contract Value,PRC DELEGATED CO-COMMISSIONING,DR G D SANDERSON & PARTNERS,23813471,52050.82,,BRA000023799
Department of Health,NHS Bradford City CCG,30/09/2018,C&M-PMS Funding Differential Review,PRC DELEGATED CO-COMMISSIONING,DR G D SANDERSON & PARTNERS,23813471,11353.11,,BRA000023799
Department of Health,NHS Bradford City CCG,30/09/2018,C&M-PMS LES Amber List Drugs,LOCAL ENHANCED SERVICES,DR G D SANDERSON & PARTNERS,23813471,328.6,,BRA000023799
Department of Health,NHS Bradford City CCG,30/09/2018,C&M-PMS PCO Seniority,PRC DELEGATED CO-COMMISSIONING,DR G D SANDERSON & PARTNERS,23813471,3006.95,,BRA000023799
Department of Health,NHS Bradford City CCG,30/09/2018,C&M-PMS Prem Actual Rent,PRC DELEGATED CO-COMMISSIONING,DR G D SANDERSON & PARTNERS,23813471,2375,,BRA000023799
Department of Health,NHS Bradford City CCG,30/09/2018,C&M-PMS Prem Clinical Waste,PRC DELEGATED CO-COMMISSIONING,DR G D SANDERSON & PARTNERS,23813471,454.7,,BRA000023799
Department of Health,NHS Bradford City CCG,30/09/2018,C&M-PMS Prem Healthcentre Rates,PRC DELEGATED CO-COMMISSIONING,DR G D SANDERSON & PARTNERS,23813471,786.92,,BRA000023799
Department of Health,NHS Bradford City CCG,30/09/2018,C&M-PMS Prem Water Rates,PRC DELEGATED CO-COMMISSIONING,DR G D SANDERSON & PARTNERS,23813471,110.65,,BRA000023799
Department of Health,NHS Bradford City CCG,30/09/2018,C&M-PMS QOF Aspiration,PRC DELEGATED CO-COMMISSIONING,DR G D SANDERSON & PARTNERS,23813471,1306.19,,BRA000023799
Department of Health,NHS Bradford City CCG,30/09/2018,C&M-PMS Baseline Adjustment,PRC DELEGATED CO-COMMISSIONING,DR KHAN & PARTNERS,23813473,52.5,,BRA000023801
Department of Health,NHS Bradford City CCG,30/09/2018,C&M-PMS Contract Value,PRC DELEGATED CO-COMMISSIONING,DR KHAN & PARTNERS,23813473,47324.33,,BRA000023801
Department of Health,NHS Bradford City CCG,30/09/2018,C&M-PMS DES Extended Hours Access,PRC DELEGATED CO-COMMISSIONING,DR KHAN & PARTNERS,23813473,3271.8,,BRA000023801
Department of Health,NHS Bradford City CCG,30/09/2018,C&M-PMS Funding Differential Review,PRC DELEGATED CO-COMMISSIONING,DR KHAN & PARTNERS,23813473,11431.18,,BRA000023801
Department of Health,NHS Bradford City CCG,30/09/2018,C&M-PMS LES Amber List Drugs,LOCAL ENHANCED SERVICES,DR KHAN & PARTNERS,23813473,4822.85,,BRA000023801
Department of Health,NHS Bradford City CCG,30/09/2018,C&M-PMS List Size Adjustment,PRC DELEGATED CO-COMMISSIONING,DR KHAN & PARTNERS,23813473,1001.24,,BRA000023801
Department of Health,NHS Bradford City CCG,30/09/2018,C&M-PMS PCO Seniority,PRC DELEGATED CO-COMMISSIONING,DR KHAN & PARTNERS,23813473,2037.27,,BRA000023801
Department of Health,NHS Bradford City CCG,30/09/2018,C&M-PMS Prem Clinical Waste,PRC DELEGATED CO-COMMISSIONING,DR KHAN & PARTNERS,23813473,68.99,,BRA000023801
Department of Health,NHS Bradford City CCG,30/09/2018,C&M-PMS Prem Cost Rent,PRC DELEGATED CO-COMMISSIONING,DR KHAN & PARTNERS,23813473,3380.7,,BRA000023801
Department of Health,NHS Bradford City CCG,30/09/2018,C&M-PMS Prem Healthcentre Rates,PRC DELEGATED CO-COMMISSIONING,DR KHAN & PARTNERS,23813473,545.97,,BRA000023801
Department of Health,NHS Bradford City CCG,30/09/2018,C&M-PMS Prem Water Rates,PRC DELEGATED CO-COMMISSIONING,DR KHAN & PARTNERS,23813473,132.26,,BRA000023801
Department of Health,NHS Bradford City CCG,30/09/2018,C&M-PMS QOF Aspiration,PRC DELEGATED CO-COMMISSIONING,DR KHAN & PARTNERS,23813473,3388.49,,BRA000023801
Department of Health,NHS Bradford City CCG,30/09/2018,C&M-PMS Baseline Adjustment,PRC DELEGATED CO-COMMISSIONING,DR KHAN M H & PARTNER,23813475,37.92,,BRA000023803
Department of Health,NHS Bradford City CCG,30/09/2018,C&M-PMS Contract Value,PRC DELEGATED CO-COMMISSIONING,DR KHAN M H & PARTNER,23813475,37252.92,,BRA000023803
Department of Health,NHS Bradford City CCG,30/09/2018,C&M-PMS DES Extended Hours Access,PRC DELEGATED CO-COMMISSIONING,DR KHAN M H & PARTNER,23813475,2602.53,,BRA000023803
Department of Health,NHS Bradford City CCG,30/09/2018,C&M-PMS Funding Differential Review,PRC DELEGATED CO-COMMISSIONING,DR KHAN M H & PARTNER,23813475,9087.16,,BRA000023803
Department of Health,NHS Bradford City CCG,30/09/2018,C&M-PMS LES Amber List Drugs,LOCAL ENHANCED SERVICES,DR KHAN M H & PARTNER,23813475,794.26,,BRA000023803
Department of Health,NHS Bradford City CCG,30/09/2018,C&M-PMS List Size Adjustment,PRC DELEGATED CO-COMMISSIONING,DR KHAN M H & PARTNER,23813475,1484.66,,BRA000023803
Department of Health,NHS Bradford City CCG,30/09/2018,C&M-PMS Prem Actual Rent,PRC DELEGATED CO-COMMISSIONING,DR KHAN M H & PARTNER,23813475,5725,,BRA000023803
Department of Health,NHS Bradford City CCG,30/09/2018,C&M-PMS Prem Clinical Waste,PRC DELEGATED CO-COMMISSIONING,DR KHAN M H & PARTNER,23813475,1419.72,,BRA000023803
Department of Health,NHS Bradford City CCG,30/09/2018,C&M-PMS Prem Notional Rent,PRC DELEGATED CO-COMMISSIONING,DR KHAN M H & PARTNER,23813475,4130,,BRA000023803
Department of Health,NHS Bradford City CCG,30/09/2018,C&M-PMS Prem Rates,PRC DELEGATED CO-COMMISSIONING,DR KHAN M H & PARTNER,23813475,1652.39,,BRA000023803
Department of Health,NHS Bradford City CCG,30/09/2018,C&M-PMS Prem Water Rates,PRC DELEGATED CO-COMMISSIONING,DR KHAN M H & PARTNER,23813475,84.07,,BRA000023803
Department of Health,NHS Bradford City CCG,30/09/2018,C&M-PMS QOF Aspiration,PRC DELEGATED CO-COMMISSIONING,DR KHAN M H & PARTNER,23813475,3320.62,,BRA000023803
Department of Health,NHS Bradford City CCG,30/09/2018,C&M-PMS Baseline Adjustment,PRC DELEGATED CO-COMMISSIONING,DR M A IQBAL,23813477,37.83,,BRA000023807
Department of Health,NHS Bradford City CCG,30/09/2018,C&M-PMS Contract Value,PRC DELEGATED CO-COMMISSIONING,DR M A IQBAL,23813477,33732.68,,BRA000023807
Department of Health,NHS Bradford City CCG,30/09/2018,C&M-PMS Funding Differential Review,PRC DELEGATED CO-COMMISSIONING,DR M A IQBAL,23813477,8075.5,,BRA000023807
Department of Health,NHS Bradford City CCG,30/09/2018,C&M-PMS LES Amber List Drugs,LOCAL ENHANCED SERVICES,DR M A IQBAL,23813477,472.32,,BRA000023807
Department of Health,NHS Bradford City CCG,30/09/2018,C&M-PMS List Size Adjustment,PRC DELEGATED CO-COMMISSIONING,DR M A IQBAL,23813477,49.98,,BRA000023807
Department of Health,NHS Bradford City CCG,30/09/2018,C&M-PMS Prem Clinical Waste,PRC DELEGATED CO-COMMISSIONING,DR M A IQBAL,23813477,42.31,,BRA000023807
Department of Health,NHS Bradford City CCG,30/09/2018,C&M-PMS Prem Cost Rent,PRC DELEGATED CO-COMMISSIONING,DR M A IQBAL,23813477,2872.25,,BRA000023807
Department of Health,NHS Bradford City CCG,30/09/2018,C&M-PMS Prem Healthcentre Rates,PRC DELEGATED CO-COMMISSIONING,DR M A IQBAL,23813477,693.94,,BRA000023807
Department of Health,NHS Bradford City CCG,30/09/2018,C&M-PMS Prem Water Rates,PRC DELEGATED CO-COMMISSIONING,DR M A IQBAL,23813477,28.48,,BRA000023807
Department of Health,NHS Bradford City CCG,30/09/2018,C&M-PMS QOF Aspiration,PRC DELEGATED CO-COMMISSIONING,DR M A IQBAL,23813477,2578.18,,BRA000023807
Department of Health,NHS Bradford City CCG,30/09/2018,C&M-PMS Baseline Adjustment,PRC DELEGATED CO-COMMISSIONING,DR M A KHAN & PARTNERS BRADFORD,23813479,38.33,,BRA000023809
Department of Health,NHS Bradford City CCG,30/09/2018,C&M-PMS Contract Value,PRC DELEGATED CO-COMMISSIONING,DR M A KHAN & PARTNERS BRADFORD,23813479,65789.98,,BRA000023809
Department of Health,NHS Bradford City CCG,30/09/2018,C&M-PMS DES Extended Hours Access,PRC DELEGATED CO-COMMISSIONING,DR M A KHAN & PARTNERS BRADFORD,23813479,4249.83,,BRA000023809
Department of Health,NHS Bradford City CCG,30/09/2018,C&M-PMS Funding Differential Review,PRC DELEGATED CO-COMMISSIONING,DR M A KHAN & PARTNERS BRADFORD,23813479,15770.94,,BRA000023809
Department of Health,NHS Bradford City CCG,30/09/2018,C&M-PMS LES Amber List Drugs,LOCAL ENHANCED SERVICES,DR M A KHAN & PARTNERS BRADFORD,23813479,6234.42,,BRA000023809
Department of Health,NHS Bradford City CCG,30/09/2018,C&M-PMS List Size Adjustment,PRC DELEGATED CO-COMMISSIONING,DR M A KHAN & PARTNERS BRADFORD,23813479,204.24,,BRA000023809
Department of Health,NHS Bradford City CCG,30/09/2018,C&M-PMS PCO Seniority,PRC DELEGATED CO-COMMISSIONING,DR M A KHAN & PARTNERS BRADFORD,23813479,1532.98,,BRA000023809
Department of Health,NHS Bradford City CCG,30/09/2018,C&M-PMS Prem Clinical Waste,PRC DELEGATED CO-COMMISSIONING,DR M A KHAN & PARTNERS BRADFORD,23813479,353.63,,BRA000023809
Department of Health,NHS Bradford City CCG,30/09/2018,C&M-PMS Prem Cost Rent,PRC DELEGATED CO-COMMISSIONING,DR M A KHAN & PARTNERS BRADFORD,23813479,16742.17,,BRA000023809
Department of Health,NHS Bradford City CCG,30/09/2018,C&M-PMS Prem Healthcentre Rates,PRC DELEGATED CO-COMMISSIONING,DR M A KHAN & PARTNERS BRADFORD,23813479,1851.58,,BRA000023809
Department of Health,NHS Bradford City CCG,30/09/2018,C&M-PMS Prem Water Rates,PRC DELEGATED CO-COMMISSIONING,DR M A KHAN & PARTNERS BRADFORD,23813479,196.98,,BRA000023809
Department of Health,NHS Bradford City CCG,30/09/2018,C&M-PMS QOF Aspiration,PRC DELEGATED CO-COMMISSIONING,DR M A KHAN & PARTNERS BRADFORD,23813479,6440.75,,BRA000023809
Department of Health,NHS Bradford City CCG,30/09/2018,C&M-PMS Baseline Adjustment,PRC DELEGATED CO-COMMISSIONING,DR RAFAQUAT S S & PARTNERS,23813481,48.92,,BRA000023811
Department of Health,NHS Bradford City CCG,30/09/2018,C&M-PMS Contract Value,PRC DELEGATED CO-COMMISSIONING,DR RAFAQUAT S S & PARTNERS,23813481,46204.84,,BRA000023811
Department of Health,NHS Bradford City CCG,30/09/2018,C&M-PMS DES Extended Hours Access,PRC DELEGATED CO-COMMISSIONING,DR RAFAQUAT S S & PARTNERS,23813481,3109.35,,BRA000023811
Department of Health,NHS Bradford City CCG,30/09/2018,C&M-PMS DES Learn Dsblty Hlth Chk,PRC DELEGATED CO-COMMISSIONING,DR RAFAQUAT S S & PARTNERS,23813481,140,,BRA000023811
Department of Health,NHS Bradford City CCG,30/09/2018,C&M-PMS Funding Differential Review,PRC DELEGATED CO-COMMISSIONING,DR RAFAQUAT S S & PARTNERS,23813481,10907.5,,BRA000023811
Department of Health,NHS Bradford City CCG,30/09/2018,C&M-PMS LES Amber List Drugs,LOCAL ENHANCED SERVICES,DR RAFAQUAT S S & PARTNERS,23813481,758.5,,BRA000023811
Department of Health,NHS Bradford City CCG,30/09/2018,C&M-PMS List Size Adjustment,PRC DELEGATED CO-COMMISSIONING,DR RAFAQUAT S S & PARTNERS,23813481,285.38,,BRA000023811
Department of Health,NHS Bradford City CCG,30/09/2018,C&M-PMS PCO Seniority,PRC DELEGATED CO-COMMISSIONING,DR RAFAQUAT S S & PARTNERS,23813481,908.56,,BRA000023811
Department of Health,NHS Bradford City CCG,30/09/2018,C&M-PMS Prem Clinical Waste,PRC DELEGATED CO-COMMISSIONING,DR RAFAQUAT S S & PARTNERS,23813481,805.1,,BRA000023811
Department of Health,NHS Bradford City CCG,30/09/2018,C&M-PMS Prem Cost Rent,PRC DELEGATED CO-COMMISSIONING,DR RAFAQUAT S S & PARTNERS,23813481,18927.51,,BRA000023811
Department of Health,NHS Bradford City CCG,30/09/2018,C&M-PMS Prem Healthcentre Rates,PRC DELEGATED CO-COMMISSIONING,DR RAFAQUAT S S & PARTNERS,23813481,1751.37,,BRA000023811
Department of Health,NHS Bradford City CCG,30/09/2018,C&M-PMS Prem Water Rates,PRC DELEGATED CO-COMMISSIONING,DR RAFAQUAT S S & PARTNERS,23813481,108.86,,BRA000023811
Department of Health,NHS Bradford City CCG,30/09/2018,C&M-PMS QOF Aspiration,PRC DELEGATED CO-COMMISSIONING,DR RAFAQUAT S S & PARTNERS,23813481,3451.03,,BRA000023811
Department of Health,NHS Bradford City CCG,30/09/2018,C&M-PMS Baseline Adjustment,PRC DELEGATED CO-COMMISSIONING,DR POONAM JHA,23813483,22.17,,BRA000023813
Department of Health,NHS Bradford City CCG,30/09/2018,C&M-PMS Contract Value,PRC DELEGATED CO-COMMISSIONING,DR POONAM JHA,23813483,23168.78,,BRA000023813
Department of Health,NHS Bradford City CCG,30/09/2018,C&M-PMS DES Extended Hours Access,PRC DELEGATED CO-COMMISSIONING,DR POONAM JHA,23813483,1429.28,,BRA000023813
Department of Health,NHS Bradford City CCG,30/09/2018,C&M-PMS Funding Differential Review,PRC DELEGATED CO-COMMISSIONING,DR POONAM JHA,23813483,5546.88,,BRA000023813
Department of Health,NHS Bradford City CCG,30/09/2018,C&M-PMS LES Amber List Drugs,LOCAL ENHANCED SERVICES,DR POONAM JHA,23813483,3402.81,,BRA000023813
Department of Health,NHS Bradford City CCG,30/09/2018,C&M-PMS PCO Seniority,PRC DELEGATED CO-COMMISSIONING,DR POONAM JHA,23813483,957.48,,BRA000023813
Department of Health,NHS Bradford City CCG,30/09/2018,C&M-PMS Prem Clinical Waste,PRC DELEGATED CO-COMMISSIONING,DR POONAM JHA,23813483,534.63,,BRA000023813
Department of Health,NHS Bradford City CCG,30/09/2018,C&M-PMS Prem Cost Rent,PRC DELEGATED CO-COMMISSIONING,DR POONAM JHA,23813483,11471.22,,BRA000023813
Department of Health,NHS Bradford City CCG,30/09/2018,C&M-PMS Prem Healthcentre Rates,PRC DELEGATED CO-COMMISSIONING,DR POONAM JHA,23813483,1061.44,,BRA000023813
Department of Health,NHS Bradford City CCG,30/09/2018,C&M-PMS Prem Water Rates,PRC DELEGATED CO-COMMISSIONING,DR POONAM JHA,23813483,65.98,,BRA000023813
Department of Health,NHS Bradford City CCG,30/09/2018,C&M-PMS QOF Aspiration,PRC DELEGATED CO-COMMISSIONING,DR POONAM JHA,23813483,1951.5,,BRA000023813
Department of Health,NHS Bradford City CCG,30/09/2018,C&M-PMS Baseline Adjustment,PRC DELEGATED CO-COMMISSIONING,FAMILY PRACTICE BRADFORD,23813485,13.92,,BRA000023817
Department of Health,NHS Bradford City CCG,30/09/2018,C&M-PMS Contract Value,PRC DELEGATED CO-COMMISSIONING,FAMILY PRACTICE BRADFORD,23813485,15844.06,,BRA000023817
Department of Health,NHS Bradford City CCG,30/09/2018,C&M-PMS DES Extended Hours Access,PRC DELEGATED CO-COMMISSIONING,FAMILY PRACTICE BRADFORD,23813485,1085.85,,BRA000023817
Department of Health,NHS Bradford City CCG,30/09/2018,C&M-PMS DES Learn Dsblty Hlth Chk,PRC DELEGATED CO-COMMISSIONING,FAMILY PRACTICE BRADFORD,23813485,140,,BRA000023817
Department of Health,NHS Bradford City CCG,30/09/2018,C&M-PMS Funding Differential Review,PRC DELEGATED CO-COMMISSIONING,FAMILY PRACTICE BRADFORD,23813485,4014.01,,BRA000023817
Department of Health,NHS Bradford City CCG,30/09/2018,C&M-PMS LES Amber List Drugs,LOCAL ENHANCED SERVICES,FAMILY PRACTICE BRADFORD,23813485,1273.59,,BRA000023817
Department of Health,NHS Bradford City CCG,30/09/2018,C&M-PMS List Size Adjustment,PRC DELEGATED CO-COMMISSIONING,FAMILY PRACTICE BRADFORD,23813485,545.95,,BRA000023817
Department of Health,NHS Bradford City CCG,30/09/2018,C&M-PMS Prem Actual Rent,PRC DELEGATED CO-COMMISSIONING,FAMILY PRACTICE BRADFORD,23813485,5678.69,,BRA000023817
Department of Health,NHS Bradford City CCG,30/09/2018,C&M-PMS Prem Clinical Waste,PRC DELEGATED CO-COMMISSIONING,FAMILY PRACTICE BRADFORD,23813485,290.74,,BRA000023817
Department of Health,NHS Bradford City CCG,30/09/2018,C&M-PMS Prem Healthcentre Rates,PRC DELEGATED CO-COMMISSIONING,FAMILY PRACTICE BRADFORD,23813485,729.84,,BRA000023817
Department of Health,NHS Bradford City CCG,30/09/2018,C&M-PMS Prem Water Rates,PRC DELEGATED CO-COMMISSIONING,FAMILY PRACTICE BRADFORD,23813485,84.94,,BRA000023817
Department of Health,NHS Bradford City CCG,30/09/2018,C&M-PMS QOF Aspiration,PRC DELEGATED CO-COMMISSIONING,FAMILY PRACTICE BRADFORD,23813485,1584.21,,BRA000023817
Department of Health,NHS Bradford City CCG,30/09/2018,C&M-PMS Baseline Adjustment,PRC DELEGATED CO-COMMISSIONING,PRIMROSE SURGERY,23813487,39.42,,BRA000023823
Department of Health,NHS Bradford City CCG,30/09/2018,C&M-PMS Contract Value,PRC DELEGATED CO-COMMISSIONING,PRIMROSE SURGERY,23813487,37722.64,,BRA000023823
Department of Health,NHS Bradford City CCG,30/09/2018,C&M-PMS Funding Differential Review,PRC DELEGATED CO-COMMISSIONING,PRIMROSE SURGERY,23813487,9196.51,,BRA000023823
Department of Health,NHS Bradford City CCG,30/09/2018,C&M-PMS LES Amber List Drugs,LOCAL ENHANCED SERVICES,PRIMROSE SURGERY,23813487,4768.31,,BRA000023823
Department of Health,NHS Bradford City CCG,30/09/2018,C&M-PMS List Size Adjustment,PRC DELEGATED CO-COMMISSIONING,PRIMROSE SURGERY,23813487,222.16,,BRA000023823
Department of Health,NHS Bradford City CCG,30/09/2018,C&M-PMS Prem Clinical Waste,PRC DELEGATED CO-COMMISSIONING,PRIMROSE SURGERY,23813487,39.35,,BRA000023823
Department of Health,NHS Bradford City CCG,30/09/2018,C&M-PMS Prem Cost Rent,PRC DELEGATED CO-COMMISSIONING,PRIMROSE SURGERY,23813487,11185.25,,BRA000023823
Department of Health,NHS Bradford City CCG,30/09/2018,C&M-PMS Prem Healthcentre Rates,PRC DELEGATED CO-COMMISSIONING,PRIMROSE SURGERY,23813487,1090.21,,BRA000023823
Department of Health,NHS Bradford City CCG,30/09/2018,C&M-PMS Prem Water Rates,PRC DELEGATED CO-COMMISSIONING,PRIMROSE SURGERY,23813487,94.49,,BRA000023823
Department of Health,NHS Bradford City CCG,30/09/2018,C&M-PMS QOF Aspiration,PRC DELEGATED CO-COMMISSIONING,PRIMROSE SURGERY,23813487,3147.68,,BRA000023823
Department of Health,NHS Bradford City CCG,30/09/2018,C&M-PMS Baseline Adjustment,PRC DELEGATED CO-COMMISSIONING,DR SYED ZAIDI & ASSOCIATES,23813491,47.58,,BRA000023825
Department of Health,NHS Bradford City CCG,30/09/2018,C&M-PMS Contract Value,PRC DELEGATED CO-COMMISSIONING,DR SYED ZAIDI & ASSOCIATES,23813491,46691.64,,BRA000023825
Department of Health,NHS Bradford City CCG,30/09/2018,C&M-PMS DES Extended Hours Access,PRC DELEGATED CO-COMMISSIONING,DR SYED ZAIDI & ASSOCIATES,23813491,3087.98,,BRA000023825
Department of Health,NHS Bradford City CCG,30/09/2018,C&M-PMS DES Learn Dsblty Hlth Chk,PRC DELEGATED CO-COMMISSIONING,DR SYED ZAIDI & ASSOCIATES,23813491,280,,BRA000023825
Department of Health,NHS Bradford City CCG,30/09/2018,C&M-PMS Funding Differential Review,PRC DELEGATED CO-COMMISSIONING,DR SYED ZAIDI & ASSOCIATES,23813491,10755.5,,BRA000023825
Department of Health,NHS Bradford City CCG,30/09/2018,C&M-PMS LES Amber List Drugs,LOCAL ENHANCED SERVICES,DR SYED ZAIDI & ASSOCIATES,23813491,2598.2,,BRA000023825
Department of Health,NHS Bradford City CCG,30/09/2018,C&M-PMS List Size Adjustment,PRC DELEGATED CO-COMMISSIONING,DR SYED ZAIDI & ASSOCIATES,23813491,218.15,,BRA000023825
Department of Health,NHS Bradford City CCG,30/09/2018,C&M-PMS PCO Seniority,PRC DELEGATED CO-COMMISSIONING,DR SYED ZAIDI & ASSOCIATES,23813491,212.2,,BRA000023825
Department of Health,NHS Bradford City CCG,30/09/2018,C&M-PMS Prem Clinical Waste,PRC DELEGATED CO-COMMISSIONING,DR SYED ZAIDI & ASSOCIATES,23813491,869.43,,BRA000023825
Department of Health,NHS Bradford City CCG,30/09/2018,C&M-PMS Prem Cost Rent,PRC DELEGATED CO-COMMISSIONING,DR SYED ZAIDI & ASSOCIATES,23813491,8970.86,,BRA000023825
Department of Health,NHS Bradford City CCG,30/09/2018,C&M-PMS Prem Healthcentre Rates,PRC DELEGATED CO-COMMISSIONING,DR SYED ZAIDI & ASSOCIATES,23813491,1246.04,,BRA000023825
Department of Health,NHS Bradford City CCG,30/09/2018,C&M-PMS Prem Notional Rent,PRC DELEGATED CO-COMMISSIONING,DR SYED ZAIDI & ASSOCIATES,23813491,1741.67,,BRA000023825
Department of Health,NHS Bradford City CCG,30/09/2018,C&M-PMS Prem Rates,PRC DELEGATED CO-COMMISSIONING,DR SYED ZAIDI & ASSOCIATES,23813491,334.81,,BRA000023825
Department of Health,NHS Bradford City CCG,30/09/2018,C&M-PMS Prem Service Charges,PRC DELEGATED CO-COMMISSIONING,DR SYED ZAIDI & ASSOCIATES,23813491,2136.33,,BRA000023825
Department of Health,NHS Bradford City CCG,30/09/2018,C&M-PMS Prem Water Rates,PRC DELEGATED CO-COMMISSIONING,DR SYED ZAIDI & ASSOCIATES,23813491,142.87,,BRA000023825
Department of Health,NHS Bradford City CCG,30/09/2018,C&M-PMS QOF Aspiration,PRC DELEGATED CO-COMMISSIONING,DR SYED ZAIDI & ASSOCIATES,23813491,4416.18,,BRA000023825
Department of Health,NHS Bradford City CCG,30/09/2018,C&M-PMS Baseline Adjustment,PRC DELEGATED CO-COMMISSIONING,DR IM RAJA & PARTNER,23813499,34,,BRA000023827
Department of Health,NHS Bradford City CCG,30/09/2018,C&M-PMS Contract Value,PRC DELEGATED CO-COMMISSIONING,DR IM RAJA & PARTNER,23813499,32654.91,,BRA000023827
Department of Health,NHS Bradford City CCG,30/09/2018,C&M-PMS DES Extended Hours Access,PRC DELEGATED CO-COMMISSIONING,DR IM RAJA & PARTNER,23813499,2045.35,,BRA000023827
Department of Health,NHS Bradford City CCG,30/09/2018,C&M-PMS Funding Differential Review,PRC DELEGATED CO-COMMISSIONING,DR IM RAJA & PARTNER,23813499,7830.9,,BRA000023827
Department of Health,NHS Bradford City CCG,30/09/2018,C&M-PMS LES Amber List Drugs,LOCAL ENHANCED SERVICES,DR IM RAJA & PARTNER,23813499,1745.81,,BRA000023827
Department of Health,NHS Bradford City CCG,30/09/2018,C&M-PMS PCO Seniority,PRC DELEGATED CO-COMMISSIONING,DR IM RAJA & PARTNER,23813499,625.49,,BRA000023827
Department of Health,NHS Bradford City CCG,30/09/2018,C&M-PMS Prem Actual Rent,PRC DELEGATED CO-COMMISSIONING,DR IM RAJA & PARTNER,23813499,7068.81,,BRA000023827
Department of Health,NHS Bradford City CCG,30/09/2018,C&M-PMS Prem Clinical Waste,PRC DELEGATED CO-COMMISSIONING,DR IM RAJA & PARTNER,23813499,39.78,,BRA000023827
Department of Health,NHS Bradford City CCG,30/09/2018,C&M-PMS Prem Healthcentre Rates,PRC DELEGATED CO-COMMISSIONING,DR IM RAJA & PARTNER,23813499,555.64,,BRA000023827
Department of Health,NHS Bradford City CCG,30/09/2018,C&M-PMS QOF Aspiration,PRC DELEGATED CO-COMMISSIONING,DR IM RAJA & PARTNER,23813499,2631.85,,BRA000023827
Department of Health,NHS Bradford City CCG,30/09/2018,C&M-PMS Baseline Adjustment,PRC DELEGATED CO-COMMISSIONING,DR AKHTAR & PARTNERS,23821210,25.67,,BRA000023805
Department of Health,NHS Bradford City CCG,30/09/2018,C&M-PMS Contract Value,PRC DELEGATED CO-COMMISSIONING,DR AKHTAR & PARTNERS,23821210,24770.14,,BRA000023805
Department of Health,NHS Bradford City CCG,30/09/2018,C&M-PMS DES Extended Hours Access,PRC DELEGATED CO-COMMISSIONING,DR AKHTAR & PARTNERS,23821210,1785.05,,BRA000023805
Department of Health,NHS Bradford City CCG,30/09/2018,C&M-PMS Funding Differential Review,PRC DELEGATED CO-COMMISSIONING,DR AKHTAR & PARTNERS,23821210,6040.81,,BRA000023805
Department of Health,NHS Bradford City CCG,30/09/2018,C&M-PMS LES Amber List Drugs,LOCAL ENHANCED SERVICES,DR AKHTAR & PARTNERS,23821210,3760.52,,BRA000023805
Department of Health,NHS Bradford City CCG,30/09/2018,C&M-PMS List Size Adjustment,PRC DELEGATED CO-COMMISSIONING,DR AKHTAR & PARTNERS,23821210,315.25,,BRA000023805
Department of Health,NHS Bradford City CCG,30/09/2018,C&M-PMS PCO Seniority,PRC DELEGATED CO-COMMISSIONING,DR AKHTAR & PARTNERS,23821210,539.06,,BRA000023805
Department of Health,NHS Bradford City CCG,30/09/2018,C&M-PMS Prem Clinical Waste,PRC DELEGATED CO-COMMISSIONING,DR AKHTAR & PARTNERS,23821210,506.73,,BRA000023805
Department of Health,NHS Bradford City CCG,30/09/2018,C&M-PMS Prem Notional Rent,PRC DELEGATED CO-COMMISSIONING,DR AKHTAR & PARTNERS,23821210,5345.48,,BRA000023805
Department of Health,NHS Bradford City CCG,30/09/2018,C&M-PMS Prem Rates,PRC DELEGATED CO-COMMISSIONING,DR AKHTAR & PARTNERS,23821210,486.09,,BRA000023805
Department of Health,NHS Bradford City CCG,30/09/2018,C&M-PMS Prem Water Rates,PRC DELEGATED CO-COMMISSIONING,DR AKHTAR & PARTNERS,23821210,27.93,,BRA000023805
Department of Health,NHS Bradford City CCG,30/09/2018,C&M-PMS QOF Aspiration,PRC DELEGATED CO-COMMISSIONING,DR AKHTAR & PARTNERS,23821210,2056.77,,BRA000023805
Department of Health,NHS Bradford City CCG,30/09/2018,C&M-APMS Contract Value,PRC DELEGATED CO-COMMISSIONING,HILLSIDE BRIDGE SURGERY,23821212,-33131.07,,BRA000023818
Department of Health,NHS Bradford City CCG,30/09/2018,C&M-APMS Prem Service Charges,PRC DELEGATED CO-COMMISSIONING,HILLSIDE BRIDGE SURGERY,23821212,-4128.4,,BRA000023818
Department of Health,NHS Bradford City CCG,30/09/2018,C&M-PMS GP Statutory Levy,PRC DELEGATED CO-COMMISSIONING,HILLSIDE BRIDGE SURGERY,23821212,-385.78,,BRA000023818
Department of Health,NHS Bradford City CCG,30/09/2018,C&M-PMS Voluntary Levy,PRC DELEGATED CO-COMMISSIONING,HILLSIDE BRIDGE SURGERY,23821212,-26.92,,BRA000023818
Department of Health,NHS Bradford City CCG,30/09/2018,C&M-PMS Baseline Adjustment,PRC DELEGATED CO-COMMISSIONING,DR WAHEED HUSSAIN,23821214,31.67,,BRA000023821
Department of Health,NHS Bradford City CCG,30/09/2018,C&M-PMS Contract Value,PRC DELEGATED CO-COMMISSIONING,DR WAHEED HUSSAIN,23821214,58194.96,,BRA000023821
Department of Health,NHS Bradford City CCG,30/09/2018,C&M-PMS DES Extended Hours Access,PRC DELEGATED CO-COMMISSIONING,DR WAHEED HUSSAIN,23821214,3990,,BRA000023821
Department of Health,NHS Bradford City CCG,30/09/2018,C&M-PMS Funding Differential Review,PRC DELEGATED CO-COMMISSIONING,DR WAHEED HUSSAIN,23821214,13719.3,,BRA000023821
Department of Health,NHS Bradford City CCG,30/09/2018,C&M-PMS LES Amber List Drugs,LOCAL ENHANCED SERVICES,DR WAHEED HUSSAIN,23821214,440.42,,BRA000023821
Department of Health,NHS Bradford City CCG,30/09/2018,C&M-PMS List Size Adjustment,PRC DELEGATED CO-COMMISSIONING,DR WAHEED HUSSAIN,23821214,668.22,,BRA000023821
Department of Health,NHS Bradford City CCG,30/09/2018,C&M-PMS PCO Seniority,PRC DELEGATED CO-COMMISSIONING,DR WAHEED HUSSAIN,23821214,500.29,,BRA000023821
Department of Health,NHS Bradford City CCG,30/09/2018,C&M-PMS Prem Actual Rent,PRC DELEGATED CO-COMMISSIONING,DR WAHEED HUSSAIN,23821214,3179.17,,BRA000023821
Department of Health,NHS Bradford City CCG,30/09/2018,C&M-PMS Prem Clinical Waste,PRC DELEGATED CO-COMMISSIONING,DR WAHEED HUSSAIN,23821214,291.33,,BRA000023821
Department of Health,NHS Bradford City CCG,30/09/2018,C&M-PMS Prem Cost Rent,PRC DELEGATED CO-COMMISSIONING,DR WAHEED HUSSAIN,23821214,2008.44,,BRA000023821
Department of Health,NHS Bradford City CCG,30/09/2018,C&M-PMS Prem Healthcentre Rates,PRC DELEGATED CO-COMMISSIONING,DR WAHEED HUSSAIN,23821214,459.9,,BRA000023821
Department of Health,NHS Bradford City CCG,30/09/2018,C&M-PMS Prem Rates,PRC DELEGATED CO-COMMISSIONING,DR WAHEED HUSSAIN,23821214,714.17,,BRA000023821
Department of Health,NHS Bradford City CCG,30/09/2018,C&M-PMS Prem Water Rates,PRC DELEGATED CO-COMMISSIONING,DR WAHEED HUSSAIN,23821214,56.75,,BRA000023821
Department of Health,NHS Bradford City CCG,30/09/2018,C&M-PMS QOF Aspiration,PRC DELEGATED CO-COMMISSIONING,DR WAHEED HUSSAIN,23821214,4499.82,,BRA000023821
Department of Health,NHS Bradford City CCG,30/09/2018,C&M-APMS Contract Value,PRC DELEGATED CO-COMMISSIONING,BEVAN HEALTHCARE CIC,23842005,72237.33,,BRA000023789
Department of Health,NHS Bradford City CCG,30/09/2018,C&M-APMS PCO Other,PRC DELEGATED CO-COMMISSIONING,BEVAN HEALTHCARE CIC,23842005,3050,,BRA000023789
Department of Health,NHS Bradford City CCG,30/09/2018,C&M-APMS Prem Clinical Waste,PRC DELEGATED CO-COMMISSIONING,BEVAN HEALTHCARE CIC,23842005,54.17,,BRA000023789
Department of Health,NHS Bradford City CCG,30/09/2018,C&M-APMS Prem Healthcentre Rates,PRC DELEGATED CO-COMMISSIONING,BEVAN HEALTHCARE CIC,23842005,1570,,BRA000023789
Department of Health,NHS Bradford City CCG,30/09/2018,C&M-APMS Prem Notional Rent,PRC DELEGATED CO-COMMISSIONING,BEVAN HEALTHCARE CIC,23842005,3473.33,,BRA000023789
Department of Health,NHS Bradford City CCG,30/09/2018,C&M-APMS Prem Water Rates,PRC DELEGATED CO-COMMISSIONING,BEVAN HEALTHCARE CIC,23842005,83.33,,BRA000023789
Department of Health,NHS Bradford City CCG,30/09/2018,C&M-PMS Contract Value,PRC DELEGATED CO-COMMISSIONING,BEVAN HEALTHCARE CIC,23842005,656.69,,BRA000023789
Department of Health,NHS Bradford City CCG,30/09/2018,C&M-PMS DES Learn Dsblty Hlth Chk,PRC DELEGATED CO-COMMISSIONING,BEVAN HEALTHCARE CIC,23842005,420,,BRA000023789
Department of Health,NHS Bradford City CCG,30/09/2018,C&M-PMS LES Amber List Drugs,LOCAL ENHANCED SERVICES,BEVAN HEALTHCARE CIC,23842005,1212.76,,BRA000023789
Department of Health,NHS Bradford City CCG,30/09/2018,C&M-PMS QOF Aspiration,PRC DELEGATED CO-COMMISSIONING,BEVAN HEALTHCARE CIC,23842005,1398.36,,BRA000023789
Department of Health,NHS Bradford City CCG,30/09/2018,C&M-PMS Baseline Adjustment,PRC DELEGATED CO-COMMISSIONING,KENSINGTON PARTNERSHIP,23842006,144.17,,BRA000023815
Department of Health,NHS Bradford City CCG,30/09/2018,C&M-PMS Contract Value,PRC DELEGATED CO-COMMISSIONING,KENSINGTON PARTNERSHIP,23842006,95863.31,,BRA000023815
Department of Health,NHS Bradford City CCG,30/09/2018,C&M-PMS DES Extended Hours Access,PRC DELEGATED CO-COMMISSIONING,KENSINGTON PARTNERSHIP,23842006,6544.08,,BRA000023815
Department of Health,NHS Bradford City CCG,30/09/2018,C&M-PMS DES Learn Dsblty Hlth Chk,PRC DELEGATED CO-COMMISSIONING,KENSINGTON PARTNERSHIP,23842006,700,,BRA000023815
Department of Health,NHS Bradford City CCG,30/09/2018,C&M-PMS Funding Differential Review,PRC DELEGATED CO-COMMISSIONING,KENSINGTON PARTNERSHIP,23842006,22599.01,,BRA000023815
Department of Health,NHS Bradford City CCG,30/09/2018,C&M-PMS LES Amber List Drugs,LOCAL ENHANCED SERVICES,KENSINGTON PARTNERSHIP,23842006,5649.59,,BRA000023815
Department of Health,NHS Bradford City CCG,30/09/2018,C&M-PMS List Size Adjustment,PRC DELEGATED CO-COMMISSIONING,KENSINGTON PARTNERSHIP,23842006,786.04,,BRA000023815
Department of Health,NHS Bradford City CCG,30/09/2018,C&M-PMS PCO Locum Susp Drs,PRC DELEGATED CO-COMMISSIONING,KENSINGTON PARTNERSHIP,23842006,19239.58,,BRA000023815
Department of Health,NHS Bradford City CCG,30/09/2018,C&M-PMS PCO Seniority,PRC DELEGATED CO-COMMISSIONING,KENSINGTON PARTNERSHIP,23842006,3596.56,,BRA000023815
Department of Health,NHS Bradford City CCG,30/09/2018,C&M-PMS Prem Clinical Waste,PRC DELEGATED CO-COMMISSIONING,KENSINGTON PARTNERSHIP,23842006,1031.75,,BRA000023815
Department of Health,NHS Bradford City CCG,30/09/2018,C&M-PMS Prem Cost Rent,PRC DELEGATED CO-COMMISSIONING,KENSINGTON PARTNERSHIP,23842006,6453.58,,BRA000023815
Department of Health,NHS Bradford City CCG,30/09/2018,C&M-PMS Prem Healthcentre Rates,PRC DELEGATED CO-COMMISSIONING,KENSINGTON PARTNERSHIP,23842006,1559.21,,BRA000023815
Department of Health,NHS Bradford City CCG,30/09/2018,C&M-PMS Prem Notional Rent,PRC DELEGATED CO-COMMISSIONING,KENSINGTON PARTNERSHIP,23842006,6508.33,,BRA000023815
Department of Health,NHS Bradford City CCG,30/09/2018,C&M-PMS Prem Rates,PRC DELEGATED CO-COMMISSIONING,KENSINGTON PARTNERSHIP,23842006,1122.53,,BRA000023815
Department of Health,NHS Bradford City CCG,30/09/2018,C&M-PMS Prem Water Rates,PRC DELEGATED CO-COMMISSIONING,KENSINGTON PARTNERSHIP,23842006,348.11,,BRA000023815
Department of Health,NHS Bradford City CCG,30/09/2018,C&M-PMS QOF Aspiration,PRC DELEGATED CO-COMMISSIONING,KENSINGTON PARTNERSHIP,23842006,8799.9,,BRA000023815
Department of Health,NHS Bradford City CCG,30/09/2018,C&M-APMS Contract Value,PRC DELEGATED CO-COMMISSIONING,HILLSIDE BRIDGE SURGERY,23842007,58129.71,,BRA000023819
Department of Health,NHS Bradford City CCG,30/09/2018,C&M-APMS DES Extended Hours Access,PRC DELEGATED CO-COMMISSIONING,HILLSIDE BRIDGE SURGERY,23842007,2536.98,,BRA000023819
Department of Health,NHS Bradford City CCG,30/09/2018,C&M-APMS List Size Adjustment,PRC DELEGATED CO-COMMISSIONING,HILLSIDE BRIDGE SURGERY,23842007,244.24,,BRA000023819
Department of Health,NHS Bradford City CCG,30/09/2018,C&M-APMS Prem Clinical Waste,PRC DELEGATED CO-COMMISSIONING,HILLSIDE BRIDGE SURGERY,23842007,453.32,,BRA000023819
Department of Health,NHS Bradford City CCG,30/09/2018,C&M-APMS Prem Healthcentre Rates,PRC DELEGATED CO-COMMISSIONING,HILLSIDE BRIDGE SURGERY,23842007,802.49,,BRA000023819
Department of Health,NHS Bradford City CCG,30/09/2018,C&M-APMS Prem Healthcentre Rent,PRC DELEGATED CO-COMMISSIONING,HILLSIDE BRIDGE SURGERY,23842007,10156.07,,BRA000023819
Department of Health,NHS Bradford City CCG,30/09/2018,C&M-APMS Prem Water Rates,PRC DELEGATED CO-COMMISSIONING,HILLSIDE BRIDGE SURGERY,23842007,76.02,,BRA000023819
Department of Health,NHS Bradford City CCG,30/09/2018,C&M-PMS Contract Value,PRC DELEGATED CO-COMMISSIONING,HILLSIDE BRIDGE SURGERY,23842007,737.65,,BRA000023819
Department of Health,NHS Bradford City CCG,30/09/2018,C&M-PMS LES Amber List Drugs,LOCAL ENHANCED SERVICES,HILLSIDE BRIDGE SURGERY,23842007,407.89,,BRA000023819
Department of Health,NHS Bradford City CCG,30/09/2018,C&M-PMS Prem Cost Rent,PRC DELEGATED CO-COMMISSIONING,HILLSIDE BRIDGE SURGERY,23842007,367.03,,BRA000023819
Department of Health,NHS Bradford City CCG,30/09/2018,C&M-PMS Prem Healthcentre Rates,PRC DELEGATED CO-COMMISSIONING,HILLSIDE BRIDGE SURGERY,23842007,223.18,,BRA000023819
Department of Health,NHS Bradford City CCG,30/09/2018,C&M-PMS Prem Water Rates,PRC DELEGATED CO-COMMISSIONING,HILLSIDE BRIDGE SURGERY,23842007,12.88,,BRA000023819
Department of Health,NHS Bradford City CCG,30/09/2018,C&M-PMS QOF Aspiration,PRC DELEGATED CO-COMMISSIONING,HILLSIDE BRIDGE SURGERY,23842007,2316.53,,BRA000023819
Department of Health,NHS Bradford City CCG,30/09/2018,Hcare Srv Rec NHS CCG-Non Contract,COMMISSIONING SCHEMES,NHS WAKEFIELD CCG,23941257,31724.04,,7016400964
Department of Health,NHS Bradford City CCG,30/09/2018,Hcare Srv Rec Fdtn Trust-CQUIN,THIRD PARTY HOSTED SERVICE 2,BRADFORD DISTRICT CARE NHS FOUNDATION TRUST,23941279,163130,,196604
Department of Health,NHS Bradford City CCG,30/09/2018,Clinical&Medical-Clinical Other,THIRD PARTY HOSTED SERVICE 3,BEVAN HEALTHCARE CIC,23941286,66000,,1802
Department of Health,NHS Bradford City CCG,30/09/2018,Hcare Srv Rec NHS Trust-Contract Baseline,ACUTE COMMISSIONING,LEEDS TEACHING HOSPITALS NHS TRUST,23941320,296423,654944112,1410104384
Department of Health,NHS Bradford City CCG,30/09/2018,Chrgs from SLA,CORPORATE - ESTATES - (P),KIER BUSINESS SERVICES LTD,23996986,2580,GB900540375,10103074
Department of Health,NHS Bradford City CCG,30/09/2018,Chrgs from SLA,FINANCE,KIER BUSINESS SERVICES LTD,23996986,19816.8,GB900540375,10103074
Department of Health,NHS Bradford City CCG,30/09/2018,Chrgs from SLA,PRIMARY CARE IT,KIER BUSINESS SERVICES LTD,23996986,18506.4,GB900540375,10103074
Department of Health,NHS Bradford City CCG,30/09/2018,Hcare Srv Rec Fdtn Trust-Contract Baseline,ACUTE COMMISSIONING,BRADFORD TEACHING HOSPITALS NHS FOUNDATION TRUST,23997020,5004056,654913617,306918
Department of Health,NHS Bradford City CCG,30/09/2018,Hcare Srv Rec Fdtn Trust-Contract Baseline,COMMUNITY SERVICES,BRADFORD TEACHING HOSPITALS NHS FOUNDATION TRUST,23997020,239355,654913617,306918
Department of Health,NHS Bradford City CCG,30/09/2018,C&M-GMS Global Sum,PRC DELEGATED CO-COMMISSIONING,DR GILKAR I A & PARTNER,24012238,56916.14,,BRA000023921
Department of Health,NHS Bradford City CCG,30/09/2018,C&M-GMS LES Amber List Drugs,LOCAL ENHANCED SERVICES,DR GILKAR I A & PARTNER,24012238,1938.61,,BRA000023921
Department of Health,NHS Bradford City CCG,30/09/2018,C&M-GMS MPIG Correction Factor,PRC DELEGATED CO-COMMISSIONING,DR GILKAR I A & PARTNER,24012238,3452.68,,BRA000023921
Department of Health,NHS Bradford City CCG,30/09/2018,C&M-GMS Other FDR Payment,PRC DELEGATED CO-COMMISSIONING,DR GILKAR I A & PARTNER,24012238,15354.66,,BRA000023921
Department of Health,NHS Bradford City CCG,30/09/2018,C&M-GMS PCO Seniority,PRC DELEGATED CO-COMMISSIONING,DR GILKAR I A & PARTNER,24012238,374.65,,BRA000023921
Department of Health,NHS Bradford City CCG,30/09/2018,C&M-GMS Prem Clinical Waste,PRC DELEGATED CO-COMMISSIONING,DR GILKAR I A & PARTNER,24012238,86.66,,BRA000023921
Department of Health,NHS Bradford City CCG,30/09/2018,C&M-GMS Prem Cost Rent,PRC DELEGATED CO-COMMISSIONING,DR GILKAR I A & PARTNER,24012238,631.8,,BRA000023921
Department of Health,NHS Bradford City CCG,30/09/2018,C&M-GMS Prem Healthcentre Rates,PRC DELEGATED CO-COMMISSIONING,DR GILKAR I A & PARTNER,24012238,1559.75,,BRA000023921
Department of Health,NHS Bradford City CCG,30/09/2018,C&M-GMS Prem Healthcentre Rent,PRC DELEGATED CO-COMMISSIONING,DR GILKAR I A & PARTNER,24012238,16707.36,,BRA000023921
Department of Health,NHS Bradford City CCG,30/09/2018,C&M-GMS QOF Aspiration,PRC DELEGATED CO-COMMISSIONING,DR GILKAR I A & PARTNER,24012238,4546.86,,BRA000023921
Department of Health,NHS Bradford City CCG,30/09/2018,C&M-GMS Global Sum,PRC DELEGATED CO-COMMISSIONING,DR M I MALIK,24012240,18683.07,,BRA000023923
Department of Health,NHS Bradford City CCG,30/09/2018,C&M-GMS LES Amber List Drugs,LOCAL ENHANCED SERVICES,DR M I MALIK,24012240,2528.51,,BRA000023923
Department of Health,NHS Bradford City CCG,30/09/2018,C&M-GMS MPIG Correction Factor,PRC DELEGATED CO-COMMISSIONING,DR M I MALIK,24012240,1341.66,,BRA000023923
Department of Health,NHS Bradford City CCG,30/09/2018,C&M-GMS Other FDR Payment,PRC DELEGATED CO-COMMISSIONING,DR M I MALIK,24012240,5181.28,,BRA000023923
Department of Health,NHS Bradford City CCG,30/09/2018,C&M-GMS PCO Seniority,PRC DELEGATED CO-COMMISSIONING,DR M I MALIK,24012240,906.15,,BRA000023923
Department of Health,NHS Bradford City CCG,30/09/2018,C&M-GMS Prem Clinical Waste,PRC DELEGATED CO-COMMISSIONING,DR M I MALIK,24012240,23.93,,BRA000023923
Department of Health,NHS Bradford City CCG,30/09/2018,C&M-GMS Prem Cost Rent,PRC DELEGATED CO-COMMISSIONING,DR M I MALIK,24012240,1102.21,,BRA000023923
Department of Health,NHS Bradford City CCG,30/09/2018,C&M-GMS Prem Healthcentre Rates,PRC DELEGATED CO-COMMISSIONING,DR M I MALIK,24012240,152.86,,BRA000023923
Department of Health,NHS Bradford City CCG,30/09/2018,C&M-GMS Prem Water Rates,PRC DELEGATED CO-COMMISSIONING,DR M I MALIK,24012240,19.32,,BRA000023923
Department of Health,NHS Bradford City CCG,30/09/2018,C&M-GMS QOF Aspiration,PRC DELEGATED CO-COMMISSIONING,DR M I MALIK,24012240,2145.88,,BRA000023923
Department of Health,NHS Bradford City CCG,30/09/2018,C&M-GMS DES Extended Hours Access,PRC DELEGATED CO-COMMISSIONING,DR A KHAN,24012242,1295.8,,BRA000023925
Department of Health,NHS Bradford City CCG,30/09/2018,C&M-GMS DES Learn Dsblty Hlth Chk,PRC DELEGATED CO-COMMISSIONING,DR A KHAN,24012242,280,,BRA000023925
Department of Health,NHS Bradford City CCG,30/09/2018,C&M-GMS Global Sum,PRC DELEGATED CO-COMMISSIONING,DR A KHAN,24012242,17733.66,,BRA000023925
Department of Health,NHS Bradford City CCG,30/09/2018,C&M-GMS LES Amber List Drugs,LOCAL ENHANCED SERVICES,DR A KHAN,24012242,531.34,,BRA000023925
Department of Health,NHS Bradford City CCG,30/09/2018,C&M-GMS MPIG Correction Factor,PRC DELEGATED CO-COMMISSIONING,DR A KHAN,24012242,1142.78,,BRA000023925
Department of Health,NHS Bradford City CCG,30/09/2018,C&M-GMS Other FDR Payment,PRC DELEGATED CO-COMMISSIONING,DR A KHAN,24012242,4875.84,,BRA000023925
Department of Health,NHS Bradford City CCG,30/09/2018,C&M-GMS Prem Clinical Waste,PRC DELEGATED CO-COMMISSIONING,DR A KHAN,24012242,447.57,,BRA000023925
Department of Health,NHS Bradford City CCG,30/09/2018,C&M-GMS Prem Healthcentre Rates,PRC DELEGATED CO-COMMISSIONING,DR A KHAN,24012242,458.2,,BRA000023925
Department of Health,NHS Bradford City CCG,30/09/2018,C&M-GMS Prem Healthcentre Rent,PRC DELEGATED CO-COMMISSIONING,DR A KHAN,24012242,4562.6,,BRA000023925
Department of Health,NHS Bradford City CCG,30/09/2018,C&M-GMS Prem Water Rates,PRC DELEGATED CO-COMMISSIONING,DR A KHAN,24012242,117.13,,BRA000023925
Department of Health,NHS Bradford City CCG,30/09/2018,C&M-GMS QOF Aspiration,PRC DELEGATED CO-COMMISSIONING,DR A KHAN,24012242,2045.4,,BRA000023925
Department of Health,NHS Bradford City CCG,30/09/2018,C&M-GMS DES Extended Hours Access,PRC DELEGATED CO-COMMISSIONING,DR U AKBAR,24012244,1058.3,,BRA000023927
Department of Health,NHS Bradford City CCG,30/09/2018,C&M-GMS DES Learn Dsblty Hlth Chk,PRC DELEGATED CO-COMMISSIONING,DR U AKBAR,24012244,700,,BRA000023927
Department of Health,NHS Bradford City CCG,30/09/2018,C&M-GMS Global Sum,PRC DELEGATED CO-COMMISSIONING,DR U AKBAR,24012244,15128.9,,BRA000023927
Department of Health,NHS Bradford City CCG,30/09/2018,C&M-GMS LES Amber List Drugs,LOCAL ENHANCED SERVICES,DR U AKBAR,24012244,1279.22,,BRA000023927
Department of Health,NHS Bradford City CCG,30/09/2018,C&M-GMS MPIG Correction Factor,PRC DELEGATED CO-COMMISSIONING,DR U AKBAR,24012244,785.28,,BRA000023927
Department of Health,NHS Bradford City CCG,30/09/2018,C&M-GMS Other FDR Payment,PRC DELEGATED CO-COMMISSIONING,DR U AKBAR,24012244,4588.61,,BRA000023927
Department of Health,NHS Bradford City CCG,30/09/2018,C&M-GMS PCO Seniority,PRC DELEGATED CO-COMMISSIONING,DR U AKBAR,24012244,158.55,,BRA000023927
Department of Health,NHS Bradford City CCG,30/09/2018,C&M-GMS Prem Clinical Waste,PRC DELEGATED CO-COMMISSIONING,DR U AKBAR,24012244,6.4,,BRA000023927
Department of Health,NHS Bradford City CCG,30/09/2018,C&M-GMS Prem Cost Rent,PRC DELEGATED CO-COMMISSIONING,DR U AKBAR,24012244,983.11,,BRA000023927
Department of Health,NHS Bradford City CCG,30/09/2018,C&M-GMS Prem Healthcentre Rates,PRC DELEGATED CO-COMMISSIONING,DR U AKBAR,24012244,110.61,,BRA000023927
Department of Health,NHS Bradford City CCG,30/09/2018,C&M-GMS Prem Water Rates,PRC DELEGATED CO-COMMISSIONING,DR U AKBAR,24012244,17.31,,BRA000023927
Department of Health,NHS Bradford City CCG,30/09/2018,C&M-GMS QOF Aspiration,PRC DELEGATED CO-COMMISSIONING,DR U AKBAR,24012244,1711.41,,BRA000023927
Department of Health,NHS Bradford City CCG,30/09/2018,C&M-GMS Global Sum,PRC DELEGATED CO-COMMISSIONING,THORNBURY MEDICAL CENTRE,24015710,46838.88,,BRA000023919
Department of Health,NHS Bradford City CCG,30/09/2018,C&M-GMS LES Amber List Drugs,LOCAL ENHANCED SERVICES,THORNBURY MEDICAL CENTRE,24015710,2667.51,,BRA000023919
Department of Health,NHS Bradford City CCG,30/09/2018,C&M-GMS MPIG Correction Factor,PRC DELEGATED CO-COMMISSIONING,THORNBURY MEDICAL CENTRE,24015710,133.55,,BRA000023919
Department of Health,NHS Bradford City CCG,30/09/2018,C&M-GMS Other FDR Payment,PRC DELEGATED CO-COMMISSIONING,THORNBURY MEDICAL CENTRE,24015710,10888.46,,BRA000023919
Department of Health,NHS Bradford City CCG,30/09/2018,C&M-GMS PCO Seniority,PRC DELEGATED CO-COMMISSIONING,THORNBURY MEDICAL CENTRE,24015710,605.28,,BRA000023919
Department of Health,NHS Bradford City CCG,30/09/2018,C&M-GMS Prem Clinical Waste,PRC DELEGATED CO-COMMISSIONING,THORNBURY MEDICAL CENTRE,24015710,1142.77,,BRA000023919
Department of Health,NHS Bradford City CCG,30/09/2018,C&M-GMS Prem Cost Rent,PRC DELEGATED CO-COMMISSIONING,THORNBURY MEDICAL CENTRE,24015710,34714.88,,BRA000023919
Department of Health,NHS Bradford City CCG,30/09/2018,C&M-GMS Prem Healthcentre Rates,PRC DELEGATED CO-COMMISSIONING,THORNBURY MEDICAL CENTRE,24015710,2449.47,,BRA000023919
Department of Health,NHS Bradford City CCG,30/09/2018,C&M-GMS Prem Water Rates,PRC DELEGATED CO-COMMISSIONING,THORNBURY MEDICAL CENTRE,24015710,139.03,,BRA000023919
Department of Health,NHS Bradford City CCG,30/09/2018,C&M-GMS QOF Aspiration,PRC DELEGATED CO-COMMISSIONING,THORNBURY MEDICAL CENTRE,24015710,4454.88,,BRA000023919
Department of Health,NHS Bradford City CCG,30/09/2018,C&M-APMS Voluntary Levy,PRC DELEGATED CO-COMMISSIONING,BRADFORD LOCAL MEDICAL COMMITTEE,24029044,30311.56,,101382-21-SEP-2018
Department of Health,NHS Bradford City CCG,30/09/2018,Hcare Srv Rec Fdtn Trust-Emergency Readmissions,ACUTE COMMISSIONING,AIREDALE NHS FOUNDATION TRUST,24056151,27159,654910724,3310036351
Department of Health,NHS Bradford City CCG,30/09/2018,Hcare Srv Rec Fdtn Trust-CQUIN,ACUTE COMMISSIONING,AIREDALE NHS FOUNDATION TRUST,24070700,1801,654910724,3310036275
Department of Health,NHS Bradford City CCG,30/09/2018,Hcare Srv Rec Fdtn Trust-Contract Baseline,ACUTE COMMISSIONING,AIREDALE NHS FOUNDATION TRUST,24070700,96493,654910724,3310036275
Department of Health,NHS Bradford City CCG,30/09/2018,NHS Local Payables Adj,BALANCE SHEET,BRADFORD DISTRICT CARE NHS FOUNDATION TRUST,24070729,1413872,,196971
Department of Health,NHS Bradford City CCG,30/09/2018,NHS Local Payables Adj,BALANCE SHEET,BRADFORD DISTRICT CARE NHS FOUNDATION TRUST,24070734,29751,,196972
Department of Health,NHS Bradford City CCG,30/09/2018,Hcare Srv Rec Fdtn Trust-CQUIN,ACUTE COMMISSIONING,BRADFORD TEACHING HOSPITALS NHS FOUNDATION TRUST,24080087,56920,654913617,306919
