Department family,Entity,Date,Expense Type,Expense area,Supplier,Transaction number,AP Amount (�),VAT registration number,Purchase invoice number
Department of Health,NHS Bradford City CCG,30/06/2018,Clinical&Medical-Clinical Other,MENTAL HEALTH SERVICES - OTHER,BEVAN HEALTHCARE CIC,22460914,50000,,1795
Department of Health,NHS Bradford City CCG,30/06/2018,NHS Payables <1Yr-Recharges In,BALANCE SHEET,NHS BRADFORD DISTRICTS CCG,22518840,52797,,7014500808
Department of Health,NHS Bradford City CCG,30/06/2018,NHS Payables <1Yr-Recharges In,BALANCE SHEET,NHS BRADFORD DISTRICTS CCG,22518842,39811,,7014500809
Department of Health,NHS Bradford City CCG,30/06/2018,Prescribing,CENTRAL DRUGS,NHS BRADFORD DISTRICTS CCG,22518849,430916.33,,7014500814
Department of Health,NHS Bradford City CCG,30/06/2018,C&M-PMS Practice Transformational Support,LOCAL ENHANCED SERVICES,NHS BRADFORD DISTRICTS CCG,22518856,153389.25,,7014500817
Department of Health,NHS Bradford City CCG,30/06/2018,Hcare Srv Rec NHS Trust-Over/ Under Performance,ACUTE COMMISSIONING,LEEDS TEACHING HOSPITALS NHS TRUST,22533673,54148.94,,1410097513
Department of Health,NHS Bradford City CCG,30/06/2018,Hcare Srv Rec NHS Trust-Over/ Under Performance,ACUTE COMMISSIONING,LEEDS TEACHING HOSPITALS NHS TRUST,22546763,-54148.94,,1490011275
Department of Health,NHS Bradford City CCG,30/06/2018,C&M-PMS Baseline Adjustment,PRC DELEGATED CO-COMMISSIONING,DR A KHAN BRADFORD,22569025,19.42,,BRA000022819
Department of Health,NHS Bradford City CCG,30/06/2018,C&M-PMS Contract Value,PRC DELEGATED CO-COMMISSIONING,DR A KHAN BRADFORD,22569025,21492.75,,BRA000022819
Department of Health,NHS Bradford City CCG,30/06/2018,C&M-PMS DES Extended Hours Access,PRC DELEGATED CO-COMMISSIONING,DR A KHAN BRADFORD,22569025,1485.8,,BRA000022819
Department of Health,NHS Bradford City CCG,30/06/2018,C&M-PMS Funding Differential Review,PRC DELEGATED CO-COMMISSIONING,DR A KHAN BRADFORD,22569025,5303.26,,BRA000022819
Department of Health,NHS Bradford City CCG,30/06/2018,C&M-PMS List Size Adjustment,PRC DELEGATED CO-COMMISSIONING,DR A KHAN BRADFORD,22569025,509.96,,BRA000022819
Department of Health,NHS Bradford City CCG,30/06/2018,C&M-PMS PCO Seniority,PRC DELEGATED CO-COMMISSIONING,DR A KHAN BRADFORD,22569025,686.81,,BRA000022819
Department of Health,NHS Bradford City CCG,30/06/2018,C&M-PMS Prem Clinical Waste,PRC DELEGATED CO-COMMISSIONING,DR A KHAN BRADFORD,22569025,247.88,,BRA000022819
Department of Health,NHS Bradford City CCG,30/06/2018,C&M-PMS Prem Cost Rent,PRC DELEGATED CO-COMMISSIONING,DR A KHAN BRADFORD,22569025,4498.86,,BRA000022819
Department of Health,NHS Bradford City CCG,30/06/2018,C&M-PMS Prem Healthcentre Rates,PRC DELEGATED CO-COMMISSIONING,DR A KHAN BRADFORD,22569025,478.29,,BRA000022819
Department of Health,NHS Bradford City CCG,30/06/2018,C&M-PMS Prem Water Rates,PRC DELEGATED CO-COMMISSIONING,DR A KHAN BRADFORD,22569025,41.69,,BRA000022819
Department of Health,NHS Bradford City CCG,30/06/2018,C&M-PMS QOF Achievement,PRC DELEGATED CO-COMMISSIONING,DR A KHAN BRADFORD,22569025,10787.1,,BRA000022819
Department of Health,NHS Bradford City CCG,30/06/2018,C&M-PMS QOF Aspiration,PRC DELEGATED CO-COMMISSIONING,DR A KHAN BRADFORD,22569025,2369.21,,BRA000022819
Department of Health,NHS Bradford City CCG,30/06/2018,C&M-PMS Baseline Adjustment,PRC DELEGATED CO-COMMISSIONING,DR BARGH & PARTNERS,22569060,49.83,,BRA000022821
Department of Health,NHS Bradford City CCG,30/06/2018,C&M-PMS Contract Value,PRC DELEGATED CO-COMMISSIONING,DR BARGH & PARTNERS,22569060,52884.83,,BRA000022821
Department of Health,NHS Bradford City CCG,30/06/2018,C&M-PMS DES Extended Hours Access,PRC DELEGATED CO-COMMISSIONING,DR BARGH & PARTNERS,22569060,3218.6,,BRA000022821
Department of Health,NHS Bradford City CCG,30/06/2018,C&M-PMS DES Learn Dsblty Hlth Chk,PRC DELEGATED CO-COMMISSIONING,DR BARGH & PARTNERS,22569060,2380,,BRA000022821
Department of Health,NHS Bradford City CCG,30/06/2018,C&M-PMS Funding Differential Review,PRC DELEGATED CO-COMMISSIONING,DR BARGH & PARTNERS,22569060,12440.18,,BRA000022821
Department of Health,NHS Bradford City CCG,30/06/2018,C&M-PMS List Size Adjustment,PRC DELEGATED CO-COMMISSIONING,DR BARGH & PARTNERS,22569060,1296,,BRA000022821
Department of Health,NHS Bradford City CCG,30/06/2018,C&M-PMS PCO Seniority,PRC DELEGATED CO-COMMISSIONING,DR BARGH & PARTNERS,22569060,3066.84,,BRA000022821
Department of Health,NHS Bradford City CCG,30/06/2018,C&M-PMS Prem Actual Rent,PRC DELEGATED CO-COMMISSIONING,DR BARGH & PARTNERS,22569060,11500,,BRA000022821
Department of Health,NHS Bradford City CCG,30/06/2018,C&M-PMS Prem Clinical Waste,PRC DELEGATED CO-COMMISSIONING,DR BARGH & PARTNERS,22569060,312.08,,BRA000022821
Department of Health,NHS Bradford City CCG,30/06/2018,C&M-PMS Prem Rates,PRC DELEGATED CO-COMMISSIONING,DR BARGH & PARTNERS,22569060,1650,,BRA000022821
Department of Health,NHS Bradford City CCG,30/06/2018,C&M-PMS Prem Water Rates,PRC DELEGATED CO-COMMISSIONING,DR BARGH & PARTNERS,22569060,89.53,,BRA000022821
Department of Health,NHS Bradford City CCG,30/06/2018,C&M-PMS QOF Aspiration,PRC DELEGATED CO-COMMISSIONING,DR BARGH & PARTNERS,22569060,5064.67,,BRA000022821
Department of Health,NHS Bradford City CCG,30/06/2018,C&M-PMS Baseline Adjustment,PRC DELEGATED CO-COMMISSIONING,DR AZAM A,22569062,27.75,,BRA000022823
Department of Health,NHS Bradford City CCG,30/06/2018,C&M-PMS Contract Value,PRC DELEGATED CO-COMMISSIONING,DR AZAM A,22569062,28125.75,,BRA000022823
Department of Health,NHS Bradford City CCG,30/06/2018,C&M-PMS DES Extended Hours Access,PRC DELEGATED CO-COMMISSIONING,DR AZAM A,22569062,1893.83,,BRA000022823
Department of Health,NHS Bradford City CCG,30/06/2018,C&M-PMS Funding Differential Review,PRC DELEGATED CO-COMMISSIONING,DR AZAM A,22569062,6649.92,,BRA000022823
Department of Health,NHS Bradford City CCG,30/06/2018,C&M-PMS List Size Adjustment,PRC DELEGATED CO-COMMISSIONING,DR AZAM A,22569062,2120.82,,BRA000022823
Department of Health,NHS Bradford City CCG,30/06/2018,C&M-PMS PCO Seniority,PRC DELEGATED CO-COMMISSIONING,DR AZAM A,22569062,2629.15,,BRA000022823
Department of Health,NHS Bradford City CCG,30/06/2018,C&M-PMS Prem Actual Rent,PRC DELEGATED CO-COMMISSIONING,DR AZAM A,22569062,5126.7,,BRA000022823
Department of Health,NHS Bradford City CCG,30/06/2018,C&M-PMS Prem Clinical Waste,PRC DELEGATED CO-COMMISSIONING,DR AZAM A,22569062,458.7,,BRA000022823
Department of Health,NHS Bradford City CCG,30/06/2018,C&M-PMS Prem Healthcentre Rates,PRC DELEGATED CO-COMMISSIONING,DR AZAM A,22569062,443.08,,BRA000022823
Department of Health,NHS Bradford City CCG,30/06/2018,C&M-PMS Prem Water Rates,PRC DELEGATED CO-COMMISSIONING,DR AZAM A,22569062,52.9,,BRA000022823
Department of Health,NHS Bradford City CCG,30/06/2018,C&M-PMS QOF Achievement,PRC DELEGATED CO-COMMISSIONING,DR AZAM A,22569062,14059.5,,BRA000022823
Department of Health,NHS Bradford City CCG,30/06/2018,C&M-PMS QOF Aspiration,PRC DELEGATED CO-COMMISSIONING,DR AZAM A,22569062,2664.77,,BRA000022823
Department of Health,NHS Bradford City CCG,30/06/2018,C&M-PMS Baseline Adjustment,PRC DELEGATED CO-COMMISSIONING,DR AZAM M,22569064,17.67,,BRA000022825
Department of Health,NHS Bradford City CCG,30/06/2018,C&M-PMS Contract Value,PRC DELEGATED CO-COMMISSIONING,DR AZAM M,22569064,20375.83,,BRA000022825
Department of Health,NHS Bradford City CCG,30/06/2018,C&M-PMS DES Extended Hours Access,PRC DELEGATED CO-COMMISSIONING,DR AZAM M,22569064,1483.9,,BRA000022825
Department of Health,NHS Bradford City CCG,30/06/2018,C&M-PMS Funding Differential Review,PRC DELEGATED CO-COMMISSIONING,DR AZAM M,22569064,4932.33,,BRA000022825
Department of Health,NHS Bradford City CCG,30/06/2018,C&M-PMS List Size Adjustment,PRC DELEGATED CO-COMMISSIONING,DR AZAM M,22569064,955.04,,BRA000022825
Department of Health,NHS Bradford City CCG,30/06/2018,C&M-PMS PCO Seniority,PRC DELEGATED CO-COMMISSIONING,DR AZAM M,22569064,1230.08,,BRA000022825
Department of Health,NHS Bradford City CCG,30/06/2018,C&M-PMS Prem Clinical Waste,PRC DELEGATED CO-COMMISSIONING,DR AZAM M,22569064,400.74,,BRA000022825
Department of Health,NHS Bradford City CCG,30/06/2018,C&M-PMS Prem Notional Rent,PRC DELEGATED CO-COMMISSIONING,DR AZAM M,22569064,4166.66,,BRA000022825
Department of Health,NHS Bradford City CCG,30/06/2018,C&M-PMS Prem Rates,PRC DELEGATED CO-COMMISSIONING,DR AZAM M,22569064,1124.25,,BRA000022825
Department of Health,NHS Bradford City CCG,30/06/2018,C&M-PMS Prem Water Rates,PRC DELEGATED CO-COMMISSIONING,DR AZAM M,22569064,30.74,,BRA000022825
Department of Health,NHS Bradford City CCG,30/06/2018,C&M-PMS QOF Achievement,PRC DELEGATED CO-COMMISSIONING,DR AZAM M,22569064,10976.01,,BRA000022825
Department of Health,NHS Bradford City CCG,30/06/2018,C&M-PMS QOF Aspiration,PRC DELEGATED CO-COMMISSIONING,DR AZAM M,22569064,2414.2,,BRA000022825
Department of Health,NHS Bradford City CCG,30/06/2018,C&M-PMS Baseline Adjustment,PRC DELEGATED CO-COMMISSIONING,DR G D SANDERSON & PARTNERS,22569066,86.42,,BRA000022827
Department of Health,NHS Bradford City CCG,30/06/2018,C&M-PMS Contract Value,PRC DELEGATED CO-COMMISSIONING,DR G D SANDERSON & PARTNERS,22569066,51047.83,,BRA000022827
Department of Health,NHS Bradford City CCG,30/06/2018,C&M-PMS Funding Differential Review,PRC DELEGATED CO-COMMISSIONING,DR G D SANDERSON & PARTNERS,22569066,11150.58,,BRA000022827
Department of Health,NHS Bradford City CCG,30/06/2018,C&M-PMS PCO Seniority,PRC DELEGATED CO-COMMISSIONING,DR G D SANDERSON & PARTNERS,22569066,2936.6,,BRA000022827
Department of Health,NHS Bradford City CCG,30/06/2018,C&M-PMS Prem Actual Rent,PRC DELEGATED CO-COMMISSIONING,DR G D SANDERSON & PARTNERS,22569066,2375,,BRA000022827
Department of Health,NHS Bradford City CCG,30/06/2018,C&M-PMS Prem Clinical Waste,PRC DELEGATED CO-COMMISSIONING,DR G D SANDERSON & PARTNERS,22569066,454.7,,BRA000022827
Department of Health,NHS Bradford City CCG,30/06/2018,C&M-PMS Prem Healthcentre Rates,PRC DELEGATED CO-COMMISSIONING,DR G D SANDERSON & PARTNERS,22569066,786.92,,BRA000022827
Department of Health,NHS Bradford City CCG,30/06/2018,C&M-PMS Prem Water Rates,PRC DELEGATED CO-COMMISSIONING,DR G D SANDERSON & PARTNERS,22569066,110.65,,BRA000022827
Department of Health,NHS Bradford City CCG,30/06/2018,C&M-PMS QOF Achievement,PRC DELEGATED CO-COMMISSIONING,DR G D SANDERSON & PARTNERS,22569066,6777.84,,BRA000022827
Department of Health,NHS Bradford City CCG,30/06/2018,C&M-PMS QOF Aspiration,PRC DELEGATED CO-COMMISSIONING,DR G D SANDERSON & PARTNERS,22569066,1306.19,,BRA000022827
Department of Health,NHS Bradford City CCG,30/06/2018,C&M-PMS Baseline Adjustment,PRC DELEGATED CO-COMMISSIONING,DR KHAN & PARTNERS,22569068,52.5,,BRA000022829
Department of Health,NHS Bradford City CCG,30/06/2018,C&M-PMS Contract Value,PRC DELEGATED CO-COMMISSIONING,DR KHAN & PARTNERS,22569068,46412.42,,BRA000022829
Department of Health,NHS Bradford City CCG,30/06/2018,C&M-PMS DES Extended Hours Access,PRC DELEGATED CO-COMMISSIONING,DR KHAN & PARTNERS,22569068,3271.8,,BRA000022829
Department of Health,NHS Bradford City CCG,30/06/2018,C&M-PMS Funding Differential Review,PRC DELEGATED CO-COMMISSIONING,DR KHAN & PARTNERS,22569068,11229.51,,BRA000022829
Department of Health,NHS Bradford City CCG,30/06/2018,C&M-PMS List Size Adjustment,PRC DELEGATED CO-COMMISSIONING,DR KHAN & PARTNERS,22569068,975.69,,BRA000022829
Department of Health,NHS Bradford City CCG,30/06/2018,C&M-PMS PCO Seniority,PRC DELEGATED CO-COMMISSIONING,DR KHAN & PARTNERS,22569068,2036.67,,BRA000022829
Department of Health,NHS Bradford City CCG,30/06/2018,C&M-PMS Prem Clinical Waste,PRC DELEGATED CO-COMMISSIONING,DR KHAN & PARTNERS,22569068,68.99,,BRA000022829
Department of Health,NHS Bradford City CCG,30/06/2018,C&M-PMS Prem Cost Rent,PRC DELEGATED CO-COMMISSIONING,DR KHAN & PARTNERS,22569068,3222.56,,BRA000022829
Department of Health,NHS Bradford City CCG,30/06/2018,C&M-PMS Prem Healthcentre Rates,PRC DELEGATED CO-COMMISSIONING,DR KHAN & PARTNERS,22569068,545.97,,BRA000022829
Department of Health,NHS Bradford City CCG,30/06/2018,C&M-PMS Prem Water Rates,PRC DELEGATED CO-COMMISSIONING,DR KHAN & PARTNERS,22569068,85.46,,BRA000022829
Department of Health,NHS Bradford City CCG,30/06/2018,C&M-PMS QOF Achievement,PRC DELEGATED CO-COMMISSIONING,DR KHAN & PARTNERS,22569068,10402.98,,BRA000022829
Department of Health,NHS Bradford City CCG,30/06/2018,C&M-PMS QOF Aspiration,PRC DELEGATED CO-COMMISSIONING,DR KHAN & PARTNERS,22569068,3388.49,,BRA000022829
Department of Health,NHS Bradford City CCG,30/06/2018,C&M-PMS Baseline Adjustment,PRC DELEGATED CO-COMMISSIONING,DR KHAN M H & PARTNER,22569070,37.92,,BRA000022831
Department of Health,NHS Bradford City CCG,30/06/2018,C&M-PMS Contract Value,PRC DELEGATED CO-COMMISSIONING,DR KHAN M H & PARTNER,22569070,36535.08,,BRA000022831
Department of Health,NHS Bradford City CCG,30/06/2018,C&M-PMS DES Extended Hours Access,PRC DELEGATED CO-COMMISSIONING,DR KHAN M H & PARTNER,22569070,2602.53,,BRA000022831
Department of Health,NHS Bradford City CCG,30/06/2018,C&M-PMS DES Learn Dsblty Hlth Chk,PRC DELEGATED CO-COMMISSIONING,DR KHAN M H & PARTNER,22569070,2100,,BRA000022831
Department of Health,NHS Bradford City CCG,30/06/2018,C&M-PMS Funding Differential Review,PRC DELEGATED CO-COMMISSIONING,DR KHAN M H & PARTNER,22569070,8928.42,,BRA000022831
Department of Health,NHS Bradford City CCG,30/06/2018,C&M-PMS List Size Adjustment,PRC DELEGATED CO-COMMISSIONING,DR KHAN M H & PARTNER,22569070,1592.72,,BRA000022831
Department of Health,NHS Bradford City CCG,30/06/2018,C&M-PMS Prem Actual Rent,PRC DELEGATED CO-COMMISSIONING,DR KHAN M H & PARTNER,22569070,5725,,BRA000022831
Department of Health,NHS Bradford City CCG,30/06/2018,C&M-PMS Prem Clinical Waste,PRC DELEGATED CO-COMMISSIONING,DR KHAN M H & PARTNER,22569070,1419.72,,BRA000022831
Department of Health,NHS Bradford City CCG,30/06/2018,C&M-PMS Prem Notional Rent,PRC DELEGATED CO-COMMISSIONING,DR KHAN M H & PARTNER,22569070,4130,,BRA000022831
Department of Health,NHS Bradford City CCG,30/06/2018,C&M-PMS Prem Rates,PRC DELEGATED CO-COMMISSIONING,DR KHAN M H & PARTNER,22569070,1652.39,,BRA000022831
Department of Health,NHS Bradford City CCG,30/06/2018,C&M-PMS Prem Water Rates,PRC DELEGATED CO-COMMISSIONING,DR KHAN M H & PARTNER,22569070,84.07,,BRA000022831
Department of Health,NHS Bradford City CCG,30/06/2018,C&M-PMS QOF Achievement,PRC DELEGATED CO-COMMISSIONING,DR KHAN M H & PARTNER,22569070,14618.95,,BRA000022831
Department of Health,NHS Bradford City CCG,30/06/2018,C&M-PMS QOF Aspiration,PRC DELEGATED CO-COMMISSIONING,DR KHAN M H & PARTNER,22569070,3320.62,,BRA000022831
Department of Health,NHS Bradford City CCG,30/06/2018,C&M-PMS Baseline Adjustment,PRC DELEGATED CO-COMMISSIONING,DR KP MALL,22569072,34,,BRA000022835
Department of Health,NHS Bradford City CCG,30/06/2018,C&M-PMS Contract Value,PRC DELEGATED CO-COMMISSIONING,DR KP MALL,22569072,32025.67,,BRA000022835
Department of Health,NHS Bradford City CCG,30/06/2018,C&M-PMS DES Extended Hours Access,PRC DELEGATED CO-COMMISSIONING,DR KP MALL,22569072,2045.35,,BRA000022835
Department of Health,NHS Bradford City CCG,30/06/2018,C&M-PMS Funding Differential Review,PRC DELEGATED CO-COMMISSIONING,DR KP MALL,22569072,7697.79,,BRA000022835
Department of Health,NHS Bradford City CCG,30/06/2018,C&M-PMS PCO Seniority,PRC DELEGATED CO-COMMISSIONING,DR KP MALL,22569072,1520.85,,BRA000022835
Department of Health,NHS Bradford City CCG,30/06/2018,C&M-PMS Prem Actual Rent,PRC DELEGATED CO-COMMISSIONING,DR KP MALL,22569072,3999.58,,BRA000022835
Department of Health,NHS Bradford City CCG,30/06/2018,C&M-PMS Prem Clinical Waste,PRC DELEGATED CO-COMMISSIONING,DR KP MALL,22569072,39.78,,BRA000022835
Department of Health,NHS Bradford City CCG,30/06/2018,C&M-PMS Prem Healthcentre Rates,PRC DELEGATED CO-COMMISSIONING,DR KP MALL,22569072,434.53,,BRA000022835
Department of Health,NHS Bradford City CCG,30/06/2018,C&M-PMS QOF Achievement,PRC DELEGATED CO-COMMISSIONING,DR KP MALL,22569072,11172.65,,BRA000022835
Department of Health,NHS Bradford City CCG,30/06/2018,C&M-PMS QOF Aspiration,PRC DELEGATED CO-COMMISSIONING,DR KP MALL,22569072,2631.85,,BRA000022835
Department of Health,NHS Bradford City CCG,30/06/2018,C&M-PMS Baseline Adjustment,PRC DELEGATED CO-COMMISSIONING,DR M A IQBAL,22569074,37.83,,BRA000022837
Department of Health,NHS Bradford City CCG,30/06/2018,C&M-PMS Contract Value,PRC DELEGATED CO-COMMISSIONING,DR M A IQBAL,22569074,33082.67,,BRA000022837
Department of Health,NHS Bradford City CCG,30/06/2018,C&M-PMS Funding Differential Review,PRC DELEGATED CO-COMMISSIONING,DR M A IQBAL,22569074,7938,,BRA000022837
Department of Health,NHS Bradford City CCG,30/06/2018,C&M-PMS List Size Adjustment,PRC DELEGATED CO-COMMISSIONING,DR M A IQBAL,22569074,149.95,,BRA000022837
Department of Health,NHS Bradford City CCG,30/06/2018,C&M-PMS Prem Clinical Waste,PRC DELEGATED CO-COMMISSIONING,DR M A IQBAL,22569074,42.31,,BRA000022837
Department of Health,NHS Bradford City CCG,30/06/2018,C&M-PMS Prem Cost Rent,PRC DELEGATED CO-COMMISSIONING,DR M A IQBAL,22569074,2872.25,,BRA000022837
Department of Health,NHS Bradford City CCG,30/06/2018,C&M-PMS Prem Healthcentre Rates,PRC DELEGATED CO-COMMISSIONING,DR M A IQBAL,22569074,518.48,,BRA000022837
Department of Health,NHS Bradford City CCG,30/06/2018,C&M-PMS Prem Water Rates,PRC DELEGATED CO-COMMISSIONING,DR M A IQBAL,22569074,25.92,,BRA000022837
Department of Health,NHS Bradford City CCG,30/06/2018,C&M-PMS QOF Achievement,PRC DELEGATED CO-COMMISSIONING,DR M A IQBAL,22569074,10078.95,,BRA000022837
Department of Health,NHS Bradford City CCG,30/06/2018,C&M-PMS QOF Aspiration,PRC DELEGATED CO-COMMISSIONING,DR M A IQBAL,22569074,2578.18,,BRA000022837
Department of Health,NHS Bradford City CCG,30/06/2018,C&M-PMS Baseline Adjustment,PRC DELEGATED CO-COMMISSIONING,DR M A KHAN & PARTNERS BRADFORD,22569076,38.33,,BRA000022839
Department of Health,NHS Bradford City CCG,30/06/2018,C&M-PMS Contract Value,PRC DELEGATED CO-COMMISSIONING,DR M A KHAN & PARTNERS BRADFORD,22569076,64522.67,,BRA000022839
Department of Health,NHS Bradford City CCG,30/06/2018,C&M-PMS DES Extended Hours Access,PRC DELEGATED CO-COMMISSIONING,DR M A KHAN & PARTNERS BRADFORD,22569076,4249.83,,BRA000022839
Department of Health,NHS Bradford City CCG,30/06/2018,C&M-PMS Funding Differential Review,PRC DELEGATED CO-COMMISSIONING,DR M A KHAN & PARTNERS BRADFORD,22569076,15502.76,,BRA000022839
Department of Health,NHS Bradford City CCG,30/06/2018,C&M-PMS PCO Seniority,PRC DELEGATED CO-COMMISSIONING,DR M A KHAN & PARTNERS BRADFORD,22569076,1532.98,,BRA000022839
Department of Health,NHS Bradford City CCG,30/06/2018,C&M-PMS Prem Clinical Waste,PRC DELEGATED CO-COMMISSIONING,DR M A KHAN & PARTNERS BRADFORD,22569076,353.63,,BRA000022839
Department of Health,NHS Bradford City CCG,30/06/2018,C&M-PMS Prem Cost Rent,PRC DELEGATED CO-COMMISSIONING,DR M A KHAN & PARTNERS BRADFORD,22569076,12465.88,,BRA000022839
Department of Health,NHS Bradford City CCG,30/06/2018,C&M-PMS Prem Healthcentre Rates,PRC DELEGATED CO-COMMISSIONING,DR M A KHAN & PARTNERS BRADFORD,22569076,1374.27,,BRA000022839
Department of Health,NHS Bradford City CCG,30/06/2018,C&M-PMS Prem Water Rates,PRC DELEGATED CO-COMMISSIONING,DR M A KHAN & PARTNERS BRADFORD,22569076,101.26,,BRA000022839
Department of Health,NHS Bradford City CCG,30/06/2018,C&M-PMS QOF Aspiration,PRC DELEGATED CO-COMMISSIONING,DR M A KHAN & PARTNERS BRADFORD,22569076,6440.75,,BRA000022839
Department of Health,NHS Bradford City CCG,30/06/2018,C&M-PMS Baseline Adjustment,PRC DELEGATED CO-COMMISSIONING,DR RAFAQUAT S S & PARTNERS,22569078,48.92,,BRA000022841
Department of Health,NHS Bradford City CCG,30/06/2018,C&M-PMS Contract Value,PRC DELEGATED CO-COMMISSIONING,DR RAFAQUAT S S & PARTNERS,22569078,45314.5,,BRA000022841
Department of Health,NHS Bradford City CCG,30/06/2018,C&M-PMS DES Extended Hours Access,PRC DELEGATED CO-COMMISSIONING,DR RAFAQUAT S S & PARTNERS,22569078,3109.35,,BRA000022841
Department of Health,NHS Bradford City CCG,30/06/2018,C&M-PMS Funding Differential Review,PRC DELEGATED CO-COMMISSIONING,DR RAFAQUAT S S & PARTNERS,22569078,10719.16,,BRA000022841
Department of Health,NHS Bradford City CCG,30/06/2018,C&M-PMS List Size Adjustment,PRC DELEGATED CO-COMMISSIONING,DR RAFAQUAT S S & PARTNERS,22569078,856.14,,BRA000022841
Department of Health,NHS Bradford City CCG,30/06/2018,C&M-PMS PCO Seniority,PRC DELEGATED CO-COMMISSIONING,DR RAFAQUAT S S & PARTNERS,22569078,818.4,,BRA000022841
Department of Health,NHS Bradford City CCG,30/06/2018,C&M-PMS Prem Clinical Waste,PRC DELEGATED CO-COMMISSIONING,DR RAFAQUAT S S & PARTNERS,22569078,805.1,,BRA000022841
Department of Health,NHS Bradford City CCG,30/06/2018,C&M-PMS Prem Cost Rent,PRC DELEGATED CO-COMMISSIONING,DR RAFAQUAT S S & PARTNERS,22569078,18267.33,,BRA000022841
Department of Health,NHS Bradford City CCG,30/06/2018,C&M-PMS Prem Healthcentre Rates,PRC DELEGATED CO-COMMISSIONING,DR RAFAQUAT S S & PARTNERS,22569078,1691.35,,BRA000022841
Department of Health,NHS Bradford City CCG,30/06/2018,C&M-PMS Prem Water Rates,PRC DELEGATED CO-COMMISSIONING,DR RAFAQUAT S S & PARTNERS,22569078,78.67,,BRA000022841
Department of Health,NHS Bradford City CCG,30/06/2018,C&M-PMS QOF Achievement,PRC DELEGATED CO-COMMISSIONING,DR RAFAQUAT S S & PARTNERS,22569078,13818.14,,BRA000022841
Department of Health,NHS Bradford City CCG,30/06/2018,C&M-PMS QOF Aspiration,PRC DELEGATED CO-COMMISSIONING,DR RAFAQUAT S S & PARTNERS,22569078,3451.03,,BRA000022841
Department of Health,NHS Bradford City CCG,30/06/2018,C&M-PMS Baseline Adjustment,PRC DELEGATED CO-COMMISSIONING,DR POONAM JHA,22569080,22.17,,BRA000022843
Department of Health,NHS Bradford City CCG,30/06/2018,C&M-PMS Contract Value,PRC DELEGATED CO-COMMISSIONING,DR POONAM JHA,22569080,22722.33,,BRA000022843
Department of Health,NHS Bradford City CCG,30/06/2018,C&M-PMS DES Extended Hours Access,PRC DELEGATED CO-COMMISSIONING,DR POONAM JHA,22569080,1429.28,,BRA000022843
Department of Health,NHS Bradford City CCG,30/06/2018,C&M-PMS Funding Differential Review,PRC DELEGATED CO-COMMISSIONING,DR POONAM JHA,22569080,5452.44,,BRA000022843
Department of Health,NHS Bradford City CCG,30/06/2018,C&M-PMS PCO Seniority,PRC DELEGATED CO-COMMISSIONING,DR POONAM JHA,22569080,935.88,,BRA000022843
Department of Health,NHS Bradford City CCG,30/06/2018,C&M-PMS Prem Clinical Waste,PRC DELEGATED CO-COMMISSIONING,DR POONAM JHA,22569080,534.63,,BRA000022843
Department of Health,NHS Bradford City CCG,30/06/2018,C&M-PMS Prem Cost Rent,PRC DELEGATED CO-COMMISSIONING,DR POONAM JHA,22569080,11071.11,,BRA000022843
Department of Health,NHS Bradford City CCG,30/06/2018,C&M-PMS Prem Healthcentre Rates,PRC DELEGATED CO-COMMISSIONING,DR POONAM JHA,22569080,1025.06,,BRA000022843
Department of Health,NHS Bradford City CCG,30/06/2018,C&M-PMS Prem Water Rates,PRC DELEGATED CO-COMMISSIONING,DR POONAM JHA,22569080,47.68,,BRA000022843
Department of Health,NHS Bradford City CCG,30/06/2018,C&M-PMS QOF Achievement,PRC DELEGATED CO-COMMISSIONING,DR POONAM JHA,22569080,7116.78,,BRA000022843
Department of Health,NHS Bradford City CCG,30/06/2018,C&M-PMS QOF Aspiration,PRC DELEGATED CO-COMMISSIONING,DR POONAM JHA,22569080,1951.5,,BRA000022843
Department of Health,NHS Bradford City CCG,30/06/2018,C&M-PMS Baseline Adjustment,PRC DELEGATED CO-COMMISSIONING,FAMILY PRACTICE BRADFORD,22569083,13.92,,BRA000022847
Department of Health,NHS Bradford City CCG,30/06/2018,C&M-PMS Contract Value,PRC DELEGATED CO-COMMISSIONING,FAMILY PRACTICE BRADFORD,22569083,15538.75,,BRA000022847
Department of Health,NHS Bradford City CCG,30/06/2018,C&M-PMS DES Extended Hours Access,PRC DELEGATED CO-COMMISSIONING,FAMILY PRACTICE BRADFORD,22569083,1085.85,,BRA000022847
Department of Health,NHS Bradford City CCG,30/06/2018,C&M-PMS Funding Differential Review,PRC DELEGATED CO-COMMISSIONING,FAMILY PRACTICE BRADFORD,22569083,3949.43,,BRA000022847
Department of Health,NHS Bradford City CCG,30/06/2018,C&M-PMS List Size Adjustment,PRC DELEGATED CO-COMMISSIONING,FAMILY PRACTICE BRADFORD,22569083,1203.9,,BRA000022847
Department of Health,NHS Bradford City CCG,30/06/2018,C&M-PMS Prem Actual Rent,PRC DELEGATED CO-COMMISSIONING,FAMILY PRACTICE BRADFORD,22569083,5678.69,,BRA000022847
Department of Health,NHS Bradford City CCG,30/06/2018,C&M-PMS Prem Clinical Waste,PRC DELEGATED CO-COMMISSIONING,FAMILY PRACTICE BRADFORD,22569083,290.74,,BRA000022847
Department of Health,NHS Bradford City CCG,30/06/2018,C&M-PMS Prem Healthcentre Rates,PRC DELEGATED CO-COMMISSIONING,FAMILY PRACTICE BRADFORD,22569083,729.84,,BRA000022847
Department of Health,NHS Bradford City CCG,30/06/2018,C&M-PMS Prem Water Rates,PRC DELEGATED CO-COMMISSIONING,FAMILY PRACTICE BRADFORD,22569083,28.99,,BRA000022847
Department of Health,NHS Bradford City CCG,30/06/2018,C&M-PMS QOF Achievement,PRC DELEGATED CO-COMMISSIONING,FAMILY PRACTICE BRADFORD,22569083,7122.82,,BRA000022847
Department of Health,NHS Bradford City CCG,30/06/2018,C&M-PMS QOF Aspiration,PRC DELEGATED CO-COMMISSIONING,FAMILY PRACTICE BRADFORD,22569083,1584.21,,BRA000022847
Department of Health,NHS Bradford City CCG,30/06/2018,C&M-PMS Baseline Adjustment,PRC DELEGATED CO-COMMISSIONING,PRIMROSE SURGERY,22569085,39.42,,BRA000022853
Department of Health,NHS Bradford City CCG,30/06/2018,C&M-PMS Contract Value,PRC DELEGATED CO-COMMISSIONING,PRIMROSE SURGERY,22569085,36995.75,,BRA000022853
Department of Health,NHS Bradford City CCG,30/06/2018,C&M-PMS Funding Differential Review,PRC DELEGATED CO-COMMISSIONING,PRIMROSE SURGERY,22569085,9035.76,,BRA000022853
Department of Health,NHS Bradford City CCG,30/06/2018,C&M-PMS List Size Adjustment,PRC DELEGATED CO-COMMISSIONING,PRIMROSE SURGERY,22569085,666.48,,BRA000022853
Department of Health,NHS Bradford City CCG,30/06/2018,C&M-PMS Prem Clinical Waste,PRC DELEGATED CO-COMMISSIONING,PRIMROSE SURGERY,22569085,39.35,,BRA000022853
Department of Health,NHS Bradford City CCG,30/06/2018,C&M-PMS Prem Cost Rent,PRC DELEGATED CO-COMMISSIONING,PRIMROSE SURGERY,22569085,10795.12,,BRA000022853
Department of Health,NHS Bradford City CCG,30/06/2018,C&M-PMS Prem Healthcentre Rates,PRC DELEGATED CO-COMMISSIONING,PRIMROSE SURGERY,22569085,852.98,,BRA000022853
Department of Health,NHS Bradford City CCG,30/06/2018,C&M-PMS Prem Water Rates,PRC DELEGATED CO-COMMISSIONING,PRIMROSE SURGERY,22569085,80.81,,BRA000022853
Department of Health,NHS Bradford City CCG,30/06/2018,C&M-PMS QOF Achievement,PRC DELEGATED CO-COMMISSIONING,PRIMROSE SURGERY,22569085,13511.55,,BRA000022853
Department of Health,NHS Bradford City CCG,30/06/2018,C&M-PMS QOF Aspiration,PRC DELEGATED CO-COMMISSIONING,PRIMROSE SURGERY,22569085,3147.68,,BRA000022853
Department of Health,NHS Bradford City CCG,30/06/2018,C&M-PMS Baseline Adjustment,PRC DELEGATED CO-COMMISSIONING,DR SYED ZAIDI & ASSOCIATES,22569089,47.58,,BRA000022855
Department of Health,NHS Bradford City CCG,30/06/2018,C&M-PMS Contract Value,PRC DELEGATED CO-COMMISSIONING,DR SYED ZAIDI & ASSOCIATES,22569089,45791.92,,BRA000022855
Department of Health,NHS Bradford City CCG,30/06/2018,C&M-PMS DES Extended Hours Access,PRC DELEGATED CO-COMMISSIONING,DR SYED ZAIDI & ASSOCIATES,22569089,3087.98,,BRA000022855
Department of Health,NHS Bradford City CCG,30/06/2018,C&M-PMS Funding Differential Review,PRC DELEGATED CO-COMMISSIONING,DR SYED ZAIDI & ASSOCIATES,22569089,10565.17,,BRA000022855
Department of Health,NHS Bradford City CCG,30/06/2018,C&M-PMS PCO Seniority,PRC DELEGATED CO-COMMISSIONING,DR SYED ZAIDI & ASSOCIATES,22569089,198.99,,BRA000022855
Department of Health,NHS Bradford City CCG,30/06/2018,C&M-PMS Prem Clinical Waste,PRC DELEGATED CO-COMMISSIONING,DR SYED ZAIDI & ASSOCIATES,22569089,869.43,,BRA000022855
Department of Health,NHS Bradford City CCG,30/06/2018,C&M-PMS Prem Cost Rent,PRC DELEGATED CO-COMMISSIONING,DR SYED ZAIDI & ASSOCIATES,22569089,8657.97,,BRA000022855
Department of Health,NHS Bradford City CCG,30/06/2018,C&M-PMS Prem Healthcentre Rates,PRC DELEGATED CO-COMMISSIONING,DR SYED ZAIDI & ASSOCIATES,22569089,920.46,,BRA000022855
Department of Health,NHS Bradford City CCG,30/06/2018,C&M-PMS Prem Notional Rent,PRC DELEGATED CO-COMMISSIONING,DR SYED ZAIDI & ASSOCIATES,22569089,1741.67,,BRA000022855
Department of Health,NHS Bradford City CCG,30/06/2018,C&M-PMS Prem Rates,PRC DELEGATED CO-COMMISSIONING,DR SYED ZAIDI & ASSOCIATES,22569089,334.81,,BRA000022855
Department of Health,NHS Bradford City CCG,30/06/2018,C&M-PMS Prem Water Rates,PRC DELEGATED CO-COMMISSIONING,DR SYED ZAIDI & ASSOCIATES,22569089,126.42,,BRA000022855
Department of Health,NHS Bradford City CCG,30/06/2018,C&M-PMS QOF Achievement,PRC DELEGATED CO-COMMISSIONING,DR SYED ZAIDI & ASSOCIATES,22569089,19960.31,,BRA000022855
Department of Health,NHS Bradford City CCG,30/06/2018,C&M-PMS QOF Aspiration,PRC DELEGATED CO-COMMISSIONING,DR SYED ZAIDI & ASSOCIATES,22569089,4416.18,,BRA000022855
Department of Health,NHS Bradford City CCG,30/06/2018,C&M-APMS Contract Value,PRC DELEGATED CO-COMMISSIONING,BEVAN HEALTHCARE CIC,22572710,72237.33,,BRA000022817
Department of Health,NHS Bradford City CCG,30/06/2018,C&M-APMS Prem Clinical Waste,PRC DELEGATED CO-COMMISSIONING,BEVAN HEALTHCARE CIC,22572710,54.17,,BRA000022817
Department of Health,NHS Bradford City CCG,30/06/2018,C&M-APMS Prem Healthcentre Rates,PRC DELEGATED CO-COMMISSIONING,BEVAN HEALTHCARE CIC,22572710,1570,,BRA000022817
Department of Health,NHS Bradford City CCG,30/06/2018,C&M-APMS Prem Notional Rent,PRC DELEGATED CO-COMMISSIONING,BEVAN HEALTHCARE CIC,22572710,3473.33,,BRA000022817
Department of Health,NHS Bradford City CCG,30/06/2018,C&M-APMS Prem Water Rates,PRC DELEGATED CO-COMMISSIONING,BEVAN HEALTHCARE CIC,22572710,83.33,,BRA000022817
Department of Health,NHS Bradford City CCG,30/06/2018,C&M-PMS QOF Achievement,PRC DELEGATED CO-COMMISSIONING,BEVAN HEALTHCARE CIC,22572710,6754.88,,BRA000022817
Department of Health,NHS Bradford City CCG,30/06/2018,C&M-PMS QOF Aspiration,PRC DELEGATED CO-COMMISSIONING,BEVAN HEALTHCARE CIC,22572710,1398.36,,BRA000022817
Department of Health,NHS Bradford City CCG,30/06/2018,C&M-PMS Baseline Adjustment,PRC DELEGATED CO-COMMISSIONING,DR AKHTAR & PARTNERS,22572716,25.67,,BRA000022833
Department of Health,NHS Bradford City CCG,30/06/2018,C&M-PMS Contract Value,PRC DELEGATED CO-COMMISSIONING,DR AKHTAR & PARTNERS,22572716,24292.83,,BRA000022833
Department of Health,NHS Bradford City CCG,30/06/2018,C&M-PMS DES Extended Hours Access,PRC DELEGATED CO-COMMISSIONING,DR AKHTAR & PARTNERS,22572716,1785.05,,BRA000022833
Department of Health,NHS Bradford City CCG,30/06/2018,C&M-PMS Funding Differential Review,PRC DELEGATED CO-COMMISSIONING,DR AKHTAR & PARTNERS,22572716,5939.84,,BRA000022833
Department of Health,NHS Bradford City CCG,30/06/2018,C&M-PMS List Size Adjustment,PRC DELEGATED CO-COMMISSIONING,DR AKHTAR & PARTNERS,22572716,928.05,,BRA000022833
Department of Health,NHS Bradford City CCG,30/06/2018,C&M-PMS PCO Seniority,PRC DELEGATED CO-COMMISSIONING,DR AKHTAR & PARTNERS,22572716,516.08,,BRA000022833
Department of Health,NHS Bradford City CCG,30/06/2018,C&M-PMS Prem Clinical Waste,PRC DELEGATED CO-COMMISSIONING,DR AKHTAR & PARTNERS,22572716,506.73,,BRA000022833
Department of Health,NHS Bradford City CCG,30/06/2018,C&M-PMS Prem Notional Rent,PRC DELEGATED CO-COMMISSIONING,DR AKHTAR & PARTNERS,22572716,2300,,BRA000022833
Department of Health,NHS Bradford City CCG,30/06/2018,C&M-PMS Prem Rates,PRC DELEGATED CO-COMMISSIONING,DR AKHTAR & PARTNERS,22572716,486.09,,BRA000022833
Department of Health,NHS Bradford City CCG,30/06/2018,C&M-PMS Prem Water Rates,PRC DELEGATED CO-COMMISSIONING,DR AKHTAR & PARTNERS,22572716,27.93,,BRA000022833
Department of Health,NHS Bradford City CCG,30/06/2018,C&M-PMS QOF Achievement,PRC DELEGATED CO-COMMISSIONING,DR AKHTAR & PARTNERS,22572716,3998.26,,BRA000022833
Department of Health,NHS Bradford City CCG,30/06/2018,C&M-PMS QOF Aspiration,PRC DELEGATED CO-COMMISSIONING,DR AKHTAR & PARTNERS,22572716,2056.77,,BRA000022833
Department of Health,NHS Bradford City CCG,30/06/2018,C&M-PMS Baseline Adjustment,PRC DELEGATED CO-COMMISSIONING,KENSINGTON PARTNERSHIP,22572718,144.17,,BRA000022845
Department of Health,NHS Bradford City CCG,30/06/2018,C&M-PMS Contract Value,PRC DELEGATED CO-COMMISSIONING,KENSINGTON PARTNERSHIP,22572718,94016.08,,BRA000022845
Department of Health,NHS Bradford City CCG,30/06/2018,C&M-PMS DES Extended Hours Access,PRC DELEGATED CO-COMMISSIONING,KENSINGTON PARTNERSHIP,22572718,6544.08,,BRA000022845
Department of Health,NHS Bradford City CCG,30/06/2018,C&M-PMS Funding Differential Review,PRC DELEGATED CO-COMMISSIONING,KENSINGTON PARTNERSHIP,22572718,22208.25,,BRA000022845
Department of Health,NHS Bradford City CCG,30/06/2018,C&M-PMS List Size Adjustment,PRC DELEGATED CO-COMMISSIONING,KENSINGTON PARTNERSHIP,22572718,2358.11,,BRA000022845
Department of Health,NHS Bradford City CCG,30/06/2018,C&M-PMS PCO Seniority,PRC DELEGATED CO-COMMISSIONING,KENSINGTON PARTNERSHIP,22572718,3935.96,,BRA000022845
Department of Health,NHS Bradford City CCG,30/06/2018,C&M-PMS Prem Clinical Waste,PRC DELEGATED CO-COMMISSIONING,KENSINGTON PARTNERSHIP,22572718,1031.75,,BRA000022845
Department of Health,NHS Bradford City CCG,30/06/2018,C&M-PMS Prem Cost Rent,PRC DELEGATED CO-COMMISSIONING,KENSINGTON PARTNERSHIP,22572718,6453.58,,BRA000022845
Department of Health,NHS Bradford City CCG,30/06/2018,C&M-PMS Prem Healthcentre Rates,PRC DELEGATED CO-COMMISSIONING,KENSINGTON PARTNERSHIP,22572718,1165.15,,BRA000022845
Department of Health,NHS Bradford City CCG,30/06/2018,C&M-PMS Prem Notional Rent,PRC DELEGATED CO-COMMISSIONING,KENSINGTON PARTNERSHIP,22572718,6508.33,,BRA000022845
Department of Health,NHS Bradford City CCG,30/06/2018,C&M-PMS Prem Rates,PRC DELEGATED CO-COMMISSIONING,KENSINGTON PARTNERSHIP,22572718,1122.53,,BRA000022845
Department of Health,NHS Bradford City CCG,30/06/2018,C&M-PMS Prem Water Rates,PRC DELEGATED CO-COMMISSIONING,KENSINGTON PARTNERSHIP,22572718,262.33,,BRA000022845
Department of Health,NHS Bradford City CCG,30/06/2018,C&M-PMS QOF Achievement,PRC DELEGATED CO-COMMISSIONING,KENSINGTON PARTNERSHIP,22572718,54489.21,,BRA000022845
Department of Health,NHS Bradford City CCG,30/06/2018,C&M-PMS QOF Aspiration,PRC DELEGATED CO-COMMISSIONING,KENSINGTON PARTNERSHIP,22572718,8799.9,,BRA000022845
Department of Health,NHS Bradford City CCG,30/06/2018,C&M-APMS Contract Value,PRC DELEGATED CO-COMMISSIONING,HILLSIDE BRIDGE SURGERY,22572720,53584.79,,BRA000022849
Department of Health,NHS Bradford City CCG,30/06/2018,C&M-APMS DES Extended Hours Access,PRC DELEGATED CO-COMMISSIONING,HILLSIDE BRIDGE SURGERY,22572720,2536.98,,BRA000022849
Department of Health,NHS Bradford City CCG,30/06/2018,C&M-APMS Prem Clinical Waste,PRC DELEGATED CO-COMMISSIONING,HILLSIDE BRIDGE SURGERY,22572720,453.32,,BRA000022849
Department of Health,NHS Bradford City CCG,30/06/2018,C&M-APMS Prem Healthcentre Rates,PRC DELEGATED CO-COMMISSIONING,HILLSIDE BRIDGE SURGERY,22572720,802.49,,BRA000022849
Department of Health,NHS Bradford City CCG,30/06/2018,C&M-APMS Prem Healthcentre Rent,PRC DELEGATED CO-COMMISSIONING,HILLSIDE BRIDGE SURGERY,22572720,10156.07,,BRA000022849
Department of Health,NHS Bradford City CCG,30/06/2018,C&M-APMS Prem Water Rates,PRC DELEGATED CO-COMMISSIONING,HILLSIDE BRIDGE SURGERY,22572720,76.02,,BRA000022849
Department of Health,NHS Bradford City CCG,30/06/2018,C&M-PMS QOF Achievement,PRC DELEGATED CO-COMMISSIONING,HILLSIDE BRIDGE SURGERY,22572720,6150.86,,BRA000022849
Department of Health,NHS Bradford City CCG,30/06/2018,C&M-PMS QOF Aspiration,PRC DELEGATED CO-COMMISSIONING,HILLSIDE BRIDGE SURGERY,22572720,2316.53,,BRA000022849
Department of Health,NHS Bradford City CCG,30/06/2018,C&M-PMS Baseline Adjustment,PRC DELEGATED CO-COMMISSIONING,DR WAHEED HUSSAIN,22572722,31.67,,BRA000022851
Department of Health,NHS Bradford City CCG,30/06/2018,C&M-PMS Contract Value,PRC DELEGATED CO-COMMISSIONING,DR WAHEED HUSSAIN,22572722,57073.58,,BRA000022851
Department of Health,NHS Bradford City CCG,30/06/2018,C&M-PMS DES Extended Hours Access,PRC DELEGATED CO-COMMISSIONING,DR WAHEED HUSSAIN,22572722,3990,,BRA000022851
Department of Health,NHS Bradford City CCG,30/06/2018,C&M-PMS Funding Differential Review,PRC DELEGATED CO-COMMISSIONING,DR WAHEED HUSSAIN,22572722,13482.08,,BRA000022851
Department of Health,NHS Bradford City CCG,30/06/2018,C&M-PMS PCO Seniority,PRC DELEGATED CO-COMMISSIONING,DR WAHEED HUSSAIN,22572722,469.21,,BRA000022851
Department of Health,NHS Bradford City CCG,30/06/2018,C&M-PMS Prem Actual Rent,PRC DELEGATED CO-COMMISSIONING,DR WAHEED HUSSAIN,22572722,3179.17,,BRA000022851
Department of Health,NHS Bradford City CCG,30/06/2018,C&M-PMS Prem Clinical Waste,PRC DELEGATED CO-COMMISSIONING,DR WAHEED HUSSAIN,22572722,291.33,,BRA000022851
Department of Health,NHS Bradford City CCG,30/06/2018,C&M-PMS Prem Cost Rent,PRC DELEGATED CO-COMMISSIONING,DR WAHEED HUSSAIN,22572722,2008.44,,BRA000022851
Department of Health,NHS Bradford City CCG,30/06/2018,C&M-PMS Prem Healthcentre Rates,PRC DELEGATED CO-COMMISSIONING,DR WAHEED HUSSAIN,22572722,356.98,,BRA000022851
Department of Health,NHS Bradford City CCG,30/06/2018,C&M-PMS Prem Rates,PRC DELEGATED CO-COMMISSIONING,DR WAHEED HUSSAIN,22572722,714.17,,BRA000022851
Department of Health,NHS Bradford City CCG,30/06/2018,C&M-PMS Prem Water Rates,PRC DELEGATED CO-COMMISSIONING,DR WAHEED HUSSAIN,22572722,56.75,,BRA000022851
Department of Health,NHS Bradford City CCG,30/06/2018,C&M-PMS QOF Achievement,PRC DELEGATED CO-COMMISSIONING,DR WAHEED HUSSAIN,22572722,10842.67,,BRA000022851
Department of Health,NHS Bradford City CCG,30/06/2018,C&M-PMS QOF Aspiration,PRC DELEGATED CO-COMMISSIONING,DR WAHEED HUSSAIN,22572722,4499.82,,BRA000022851
Department of Health,NHS Bradford City CCG,30/06/2018,Clinical&Medical-Independent Sector,ACUTE COMMISSIONING,YORKSHIRE CLINIC,22580656,200253.61,426505170,BC3201819
Department of Health,NHS Bradford City CCG,30/06/2018,Hcare Srv Rec Fdtn Trust-CQUIN,THIRD PARTY HOSTED SERVICE 1,BRADFORD TEACHING HOSPITALS NHS FOUNDATION TRUST,22596098,44554.31,654913617,304418
Department of Health,NHS Bradford City CCG,30/06/2018,NHS Payables <1Yr-Recharges In,BALANCE SHEET,NHS BRADFORD DISTRICTS CCG,22596099,611771.68,,7014500815
Department of Health,NHS Bradford City CCG,30/06/2018,Chrgs from SLA,CORPORATE - ESTATES - (P),KIER BUSINESS SERVICES LTD,22596106,2580,GB900540375,10078348
Department of Health,NHS Bradford City CCG,30/06/2018,Chrgs from SLA,FINANCE,KIER BUSINESS SERVICES LTD,22596106,19816.8,GB900540375,10078348
Department of Health,NHS Bradford City CCG,30/06/2018,Chrgs from SLA,PRIMARY CARE IT,KIER BUSINESS SERVICES LTD,22596106,18506.4,GB900540375,10078348
Department of Health,NHS Bradford City CCG,30/06/2018,Chrgs from SLA,CORPORATE - ESTATES - (P),KIER BUSINESS SERVICES LTD,22596107,2580,GB900540375,10071743
Department of Health,NHS Bradford City CCG,30/06/2018,Chrgs from SLA,FINANCE,KIER BUSINESS SERVICES LTD,22596107,19816.8,GB900540375,10071743
Department of Health,NHS Bradford City CCG,30/06/2018,Chrgs from SLA,PRIMARY CARE IT,KIER BUSINESS SERVICES LTD,22596107,18506.4,GB900540375,10071743
Department of Health,NHS Bradford City CCG,30/06/2018,Hcare Srv Rec NHS Trust-Contract Baseline,AMBULANCE SERVICES,YORKSHIRE AMBULANCE SERVICE NHS TRUST,22619680,335209,,2810022897
Department of Health,NHS Bradford City CCG,30/06/2018,Hcare Srv Rec NHS Trust-Contract Baseline,PATIENT TRANSPORT,YORKSHIRE AMBULANCE SERVICE NHS TRUST,22619687,28135.69,,2810022967
Department of Health,NHS Bradford City CCG,30/06/2018,Hcare Srv Rec NHS Trust-Contract Baseline,NHS 111,YORKSHIRE AMBULANCE SERVICE NHS TRUST,22619689,40441,,2810022928
Department of Health,NHS Bradford City CCG,30/06/2018,Hcare Srv Rec NHS Trust-Contract Baseline,URGENT CARE,YORKSHIRE AMBULANCE SERVICE NHS TRUST,22619693,114114.12,,2810022952
Department of Health,NHS Bradford City CCG,30/06/2018,Hcare Srv Rec Fdtn Trust-Contract Baseline,ACUTE COMMISSIONING,CALDERDALE & HUDDERSFIELD NHS FOUNDATION TRUST,22642408,48726.38,654405836,4710112999
Department of Health,NHS Bradford City CCG,30/06/2018,Hcare Srv Rec Fdtn Trust-Contract Baseline,MENTAL HEALTH CONTRACTS,BRADFORD DISTRICT CARE NHS FOUNDATION TRUST,22731723,1415267,,196456
Department of Health,NHS Bradford City CCG,30/06/2018,Hcare Srv Rec Fdtn Trust-CQUIN,MENTAL HEALTH CONTRACTS,BRADFORD DISTRICT CARE NHS FOUNDATION TRUST,22731734,29751,,196458
Department of Health,NHS Bradford City CCG,30/06/2018,NHS Payables <1Yr-Recharges In,BALANCE SHEET,"NHS AIREDALE, WHARFEDALE AND CRAVEN CCG",22744392,1266769.34,,7014200444
Department of Health,NHS Bradford City CCG,30/06/2018,Clinical&Medical-Independent Sector,PLANNED CARE,YORKSHIRE CLINIC,22754472,25363,426505170,BCCONCEP01FY1819
Department of Health,NHS Bradford City CCG,30/06/2018,C&M-GMS Global Sum,PRC DELEGATED CO-COMMISSIONING,DR GILKAR I A & PARTNER,22774983,56296.78,,BRA000022954
Department of Health,NHS Bradford City CCG,30/06/2018,C&M-GMS MPIG Correction Factor,PRC DELEGATED CO-COMMISSIONING,DR GILKAR I A & PARTNER,22774983,3452.68,,BRA000022954
Department of Health,NHS Bradford City CCG,30/06/2018,C&M-GMS Other FDR Payment,PRC DELEGATED CO-COMMISSIONING,DR GILKAR I A & PARTNER,22774983,15354.66,,BRA000022954
Department of Health,NHS Bradford City CCG,30/06/2018,C&M-GMS PCO Seniority,PRC DELEGATED CO-COMMISSIONING,DR GILKAR I A & PARTNER,22774983,374.65,,BRA000022954
Department of Health,NHS Bradford City CCG,30/06/2018,C&M-GMS Prem Clinical Waste,PRC DELEGATED CO-COMMISSIONING,DR GILKAR I A & PARTNER,22774983,86.66,,BRA000022954
Department of Health,NHS Bradford City CCG,30/06/2018,C&M-GMS Prem Healthcentre Rates,PRC DELEGATED CO-COMMISSIONING,DR GILKAR I A & PARTNER,22774983,1000.93,,BRA000022954
Department of Health,NHS Bradford City CCG,30/06/2018,C&M-GMS Prem Healthcentre Rent,PRC DELEGATED CO-COMMISSIONING,DR GILKAR I A & PARTNER,22774983,10222.49,,BRA000022954
Department of Health,NHS Bradford City CCG,30/06/2018,C&M-GMS QOF Achievement,PRC DELEGATED CO-COMMISSIONING,DR GILKAR I A & PARTNER,22774983,21213.96,,BRA000022954
Department of Health,NHS Bradford City CCG,30/06/2018,C&M-GMS QOF Aspiration,PRC DELEGATED CO-COMMISSIONING,DR GILKAR I A & PARTNER,22774983,4546.86,,BRA000022954
Department of Health,NHS Bradford City CCG,30/06/2018,C&M-GMS Global Sum,PRC DELEGATED CO-COMMISSIONING,DR M I MALIK,22774985,18706.49,,BRA000022956
Department of Health,NHS Bradford City CCG,30/06/2018,C&M-GMS MPIG Correction Factor,PRC DELEGATED CO-COMMISSIONING,DR M I MALIK,22774985,1341.66,,BRA000022956
Department of Health,NHS Bradford City CCG,30/06/2018,C&M-GMS Other FDR Payment,PRC DELEGATED CO-COMMISSIONING,DR M I MALIK,22774985,5181.28,,BRA000022956
Department of Health,NHS Bradford City CCG,30/06/2018,C&M-GMS PCO Seniority,PRC DELEGATED CO-COMMISSIONING,DR M I MALIK,22774985,686.81,,BRA000022956
Department of Health,NHS Bradford City CCG,30/06/2018,C&M-GMS Prem Clinical Waste,PRC DELEGATED CO-COMMISSIONING,DR M I MALIK,22774985,23.93,,BRA000022956
Department of Health,NHS Bradford City CCG,30/06/2018,C&M-GMS Prem Cost Rent,PRC DELEGATED CO-COMMISSIONING,DR M I MALIK,22774985,1050.36,,BRA000022956
Department of Health,NHS Bradford City CCG,30/06/2018,C&M-GMS Prem Healthcentre Rates,PRC DELEGATED CO-COMMISSIONING,DR M I MALIK,22774985,152.86,,BRA000022956
Department of Health,NHS Bradford City CCG,30/06/2018,C&M-GMS Prem Water Rates,PRC DELEGATED CO-COMMISSIONING,DR M I MALIK,22774985,19.32,,BRA000022956
Department of Health,NHS Bradford City CCG,30/06/2018,C&M-GMS QOF Achievement,PRC DELEGATED CO-COMMISSIONING,DR M I MALIK,22774985,9490.39,,BRA000022956
Department of Health,NHS Bradford City CCG,30/06/2018,C&M-GMS QOF Aspiration,PRC DELEGATED CO-COMMISSIONING,DR M I MALIK,22774985,2145.88,,BRA000022956
Department of Health,NHS Bradford City CCG,30/06/2018,C&M-GMS DES Extended Hours Access,PRC DELEGATED CO-COMMISSIONING,DR A KHAN,22774987,1295.8,,BRA000022958
Department of Health,NHS Bradford City CCG,30/06/2018,C&M-GMS Global Sum,PRC DELEGATED CO-COMMISSIONING,DR A KHAN,22774987,17028.13,,BRA000022958
Department of Health,NHS Bradford City CCG,30/06/2018,C&M-GMS MPIG Correction Factor,PRC DELEGATED CO-COMMISSIONING,DR A KHAN,22774987,1142.78,,BRA000022958
Department of Health,NHS Bradford City CCG,30/06/2018,C&M-GMS Other FDR Payment,PRC DELEGATED CO-COMMISSIONING,DR A KHAN,22774987,4875.84,,BRA000022958
Department of Health,NHS Bradford City CCG,30/06/2018,C&M-GMS Prem Clinical Waste,PRC DELEGATED CO-COMMISSIONING,DR A KHAN,22774987,447.57,,BRA000022958
Department of Health,NHS Bradford City CCG,30/06/2018,C&M-GMS Prem Healthcentre Rates,PRC DELEGATED CO-COMMISSIONING,DR A KHAN,22774987,458.2,,BRA000022958
Department of Health,NHS Bradford City CCG,30/06/2018,C&M-GMS Prem Healthcentre Rent,PRC DELEGATED CO-COMMISSIONING,DR A KHAN,22774987,4562.6,,BRA000022958
Department of Health,NHS Bradford City CCG,30/06/2018,C&M-GMS Prem Water Rates,PRC DELEGATED CO-COMMISSIONING,DR A KHAN,22774987,117.13,,BRA000022958
Department of Health,NHS Bradford City CCG,30/06/2018,C&M-GMS QOF Achievement,PRC DELEGATED CO-COMMISSIONING,DR A KHAN,22774987,11233.63,,BRA000022958
Department of Health,NHS Bradford City CCG,30/06/2018,C&M-GMS QOF Aspiration,PRC DELEGATED CO-COMMISSIONING,DR A KHAN,22774987,2045.4,,BRA000022958
Department of Health,NHS Bradford City CCG,30/06/2018,C&M-GMS DES Extended Hours Access,PRC DELEGATED CO-COMMISSIONING,DR U AKBAR,22774989,1058.3,,BRA000022960
Department of Health,NHS Bradford City CCG,30/06/2018,C&M-GMS Global Sum,PRC DELEGATED CO-COMMISSIONING,DR U AKBAR,22774989,14993.85,,BRA000022960
Department of Health,NHS Bradford City CCG,30/06/2018,C&M-GMS MPIG Correction Factor,PRC DELEGATED CO-COMMISSIONING,DR U AKBAR,22774989,785.28,,BRA000022960
Department of Health,NHS Bradford City CCG,30/06/2018,C&M-GMS Other FDR Payment,PRC DELEGATED CO-COMMISSIONING,DR U AKBAR,22774989,4588.61,,BRA000022960
Department of Health,NHS Bradford City CCG,30/06/2018,C&M-GMS PCO Seniority,PRC DELEGATED CO-COMMISSIONING,DR U AKBAR,22774989,158.55,,BRA000022960
Department of Health,NHS Bradford City CCG,30/06/2018,C&M-GMS Prem Clinical Waste,PRC DELEGATED CO-COMMISSIONING,DR U AKBAR,22774989,6.4,,BRA000022960
Department of Health,NHS Bradford City CCG,30/06/2018,C&M-GMS Prem Cost Rent,PRC DELEGATED CO-COMMISSIONING,DR U AKBAR,22774989,760.83,,BRA000022960
Department of Health,NHS Bradford City CCG,30/06/2018,C&M-GMS Prem Healthcentre Rates,PRC DELEGATED CO-COMMISSIONING,DR U AKBAR,22774989,110.61,,BRA000022960
Department of Health,NHS Bradford City CCG,30/06/2018,C&M-GMS Prem Water Rates,PRC DELEGATED CO-COMMISSIONING,DR U AKBAR,22774989,17.31,,BRA000022960
Department of Health,NHS Bradford City CCG,30/06/2018,C&M-GMS QOF Achievement,PRC DELEGATED CO-COMMISSIONING,DR U AKBAR,22774989,8987.21,,BRA000022960
Department of Health,NHS Bradford City CCG,30/06/2018,C&M-GMS QOF Aspiration,PRC DELEGATED CO-COMMISSIONING,DR U AKBAR,22774989,1711.41,,BRA000022960
Department of Health,NHS Bradford City CCG,30/06/2018,C&M-GMS Global Sum,PRC DELEGATED CO-COMMISSIONING,THORNBURY MEDICAL CENTRE,22779086,46419.94,,BRA000022952
Department of Health,NHS Bradford City CCG,30/06/2018,C&M-GMS MPIG Correction Factor,PRC DELEGATED CO-COMMISSIONING,THORNBURY MEDICAL CENTRE,22779086,133.55,,BRA000022952
Department of Health,NHS Bradford City CCG,30/06/2018,C&M-GMS Other FDR Payment,PRC DELEGATED CO-COMMISSIONING,THORNBURY MEDICAL CENTRE,22779086,10888.46,,BRA000022952
Department of Health,NHS Bradford City CCG,30/06/2018,C&M-GMS PCO Seniority,PRC DELEGATED CO-COMMISSIONING,THORNBURY MEDICAL CENTRE,22779086,567.64,,BRA000022952
Department of Health,NHS Bradford City CCG,30/06/2018,C&M-GMS Prem Clinical Waste,PRC DELEGATED CO-COMMISSIONING,THORNBURY MEDICAL CENTRE,22779086,1142.77,,BRA000022952
Department of Health,NHS Bradford City CCG,30/06/2018,C&M-GMS Prem Cost Rent,PRC DELEGATED CO-COMMISSIONING,THORNBURY MEDICAL CENTRE,22779086,33504.06,,BRA000022952
Department of Health,NHS Bradford City CCG,30/06/2018,C&M-GMS Prem Healthcentre Rates,PRC DELEGATED CO-COMMISSIONING,THORNBURY MEDICAL CENTRE,22779086,2024.05,,BRA000022952
Department of Health,NHS Bradford City CCG,30/06/2018,C&M-GMS Prem Water Rates,PRC DELEGATED CO-COMMISSIONING,THORNBURY MEDICAL CENTRE,22779086,134.18,,BRA000022952
Department of Health,NHS Bradford City CCG,30/06/2018,C&M-GMS QOF Achievement,PRC DELEGATED CO-COMMISSIONING,THORNBURY MEDICAL CENTRE,22779086,22450.78,,BRA000022952
Department of Health,NHS Bradford City CCG,30/06/2018,C&M-GMS QOF Aspiration,PRC DELEGATED CO-COMMISSIONING,THORNBURY MEDICAL CENTRE,22779086,4454.88,,BRA000022952
Department of Health,NHS Bradford City CCG,30/06/2018,Hcare Srv Rec NHS Trust-Contract Baseline,AMBULANCE SERVICES,YORKSHIRE AMBULANCE SERVICE NHS TRUST,22842035,30634,,2810023041
Department of Health,NHS Bradford City CCG,30/06/2018,Hcare Srv Rec NHS Trust-Contract Baseline,ACUTE COMMISSIONING,LEEDS TEACHING HOSPITALS NHS TRUST,22842037,296423,,1410098478
Department of Health,NHS Bradford City CCG,30/06/2018,Hcare Srv Rec Fdtn Trust-Contract Baseline,ACUTE COMMISSIONING,BRADFORD TEACHING HOSPITALS NHS FOUNDATION TRUST,22842038,5243411,654913617,305577
Department of Health,NHS Bradford City CCG,30/06/2018,Hcare Srv Rec Fdtn Trust-CQUIN,ACUTE COMMISSIONING,BRADFORD TEACHING HOSPITALS NHS FOUNDATION TRUST,22842040,56920,654913617,305578
Department of Health,NHS Bradford City CCG,30/06/2018,Hcare Srv Rec Fdtn Trust-CQUIN,ACUTE COMMISSIONING,AIREDALE NHS FOUNDATION TRUST,22847444,1801,,3310034672
Department of Health,NHS Bradford City CCG,30/06/2018,Hcare Srv Rec Fdtn Trust-Contract Baseline,ACUTE COMMISSIONING,AIREDALE NHS FOUNDATION TRUST,22847444,96493,,3310034672
Department of Health,NHS Bradford City CCG,30/06/2018,Hcare Srv Rec Fdtn Trust-Contract Baseline,PLANNED CARE,BRADFORD TEACHING HOSPITALS NHS FOUNDATION TRUST,22852330,-26481,654913617,304957
