Department family,Entity,Date,Expense Type,Expense area,Supplier,Transaction number,AP Amount (�),VAT registration number,Purchase invoice number
Department of Health,NHS Bradford City CCG,31/10/2018,Non-PFI Oprtng Lease-Bldgs-Lease Rent,RECHARGES NHS PROPERTY SERVICES LTD,NHS PROPERTY SERVICES LTD,24139321,93927,156725100,NAVS04027
Department of Health,NHS Bradford City CCG,31/10/2018,Miscellaneous Expenditure (L9),EMERGENCY PLANNING,NHS BRADFORD DISTRICTS CCG,24154280,51519,,7014500856
Department of Health,NHS Bradford City CCG,31/10/2018,Hcare Srv Rec Fdtn Trust-Contract Baseline,ACUTE COMMISSIONING,CALDERDALE & HUDDERSFIELD NHS FOUNDATION TRUST,24154294,48726.38,654405836,4710124627
Department of Health,NHS Bradford City CCG,31/10/2018,Hcare Srv Rec NHS Trust-Contract Baseline,PATIENT TRANSPORT,YORKSHIRE AMBULANCE SERVICE NHS TRUST,24154296,28135.69,654971305,2810024130
Department of Health,NHS Bradford City CCG,31/10/2018,Hcare Srv Rec NHS Trust-Contract Baseline,URGENT CARE,YORKSHIRE AMBULANCE SERVICE NHS TRUST,24154301,113414.76,654971305,2810024115
Department of Health,NHS Bradford City CCG,31/10/2018,Hcare Srv Rec NHS Trust-Contract Baseline,NHS 111,YORKSHIRE AMBULANCE SERVICE NHS TRUST,24154307,40441,654971305,2810024091
Department of Health,NHS Bradford City CCG,31/10/2018,Hcare Srv Rec NHS Trust-Contract Baseline,AMBULANCE SERVICES,YORKSHIRE AMBULANCE SERVICE NHS TRUST,24154311,335207,654971305,2810024058
Department of Health,NHS Bradford City CCG,31/10/2018,C&M-PMS Baseline Adjustment,PRC DELEGATED CO-COMMISSIONING,DR A KHAN BRADFORD,24211134,19.42,,BRA000024092
Department of Health,NHS Bradford City CCG,31/10/2018,C&M-PMS Contract Value,PRC DELEGATED CO-COMMISSIONING,DR A KHAN BRADFORD,24211134,21915.04,,BRA000024092
Department of Health,NHS Bradford City CCG,31/10/2018,C&M-PMS Funding Differential Review,PRC DELEGATED CO-COMMISSIONING,DR A KHAN BRADFORD,24211134,5392.59,,BRA000024092
Department of Health,NHS Bradford City CCG,31/10/2018,C&M-PMS List Size Adjustment,PRC DELEGATED CO-COMMISSIONING,DR A KHAN BRADFORD,24211134,169.99,,BRA000024092
Department of Health,NHS Bradford City CCG,31/10/2018,C&M-PMS Prem Clinical Waste,PRC DELEGATED CO-COMMISSIONING,DR A KHAN BRADFORD,24211134,247.88,,BRA000024092
Department of Health,NHS Bradford City CCG,31/10/2018,C&M-PMS Prem Cost Rent,PRC DELEGATED CO-COMMISSIONING,DR A KHAN BRADFORD,24211134,4661.45,,BRA000024092
Department of Health,NHS Bradford City CCG,31/10/2018,C&M-PMS Prem Healthcentre Rates,PRC DELEGATED CO-COMMISSIONING,DR A KHAN BRADFORD,24211134,647.47,,BRA000024092
Department of Health,NHS Bradford City CCG,31/10/2018,C&M-PMS Prem Water Rates,PRC DELEGATED CO-COMMISSIONING,DR A KHAN BRADFORD,24211134,50.23,,BRA000024092
Department of Health,NHS Bradford City CCG,31/10/2018,C&M-PMS QOF Aspiration,PRC DELEGATED CO-COMMISSIONING,DR A KHAN BRADFORD,24211134,2369.21,,BRA000024092
Department of Health,NHS Bradford City CCG,31/10/2018,C&M-PMS Baseline Adjustment,PRC DELEGATED CO-COMMISSIONING,DR BARGH & PARTNERS,24211136,49.83,,BRA000024094
Department of Health,NHS Bradford City CCG,31/10/2018,C&M-PMS Contract Value,PRC DELEGATED CO-COMMISSIONING,DR BARGH & PARTNERS,24211136,53923.91,,BRA000024094
Department of Health,NHS Bradford City CCG,31/10/2018,C&M-PMS Funding Differential Review,PRC DELEGATED CO-COMMISSIONING,DR BARGH & PARTNERS,24211136,12659.99,,BRA000024094
Department of Health,NHS Bradford City CCG,31/10/2018,C&M-PMS List Size Adjustment,PRC DELEGATED CO-COMMISSIONING,DR BARGH & PARTNERS,24211136,2040.74,,BRA000024094
Department of Health,NHS Bradford City CCG,31/10/2018,C&M-PMS Prem Actual Rent,PRC DELEGATED CO-COMMISSIONING,DR BARGH & PARTNERS,24211136,11500,,BRA000024094
Department of Health,NHS Bradford City CCG,31/10/2018,C&M-PMS Prem Clinical Waste,PRC DELEGATED CO-COMMISSIONING,DR BARGH & PARTNERS,24211136,312.08,,BRA000024094
Department of Health,NHS Bradford City CCG,31/10/2018,C&M-PMS Prem Rates,PRC DELEGATED CO-COMMISSIONING,DR BARGH & PARTNERS,24211136,1650,,BRA000024094
Department of Health,NHS Bradford City CCG,31/10/2018,C&M-PMS Prem Water Rates,PRC DELEGATED CO-COMMISSIONING,DR BARGH & PARTNERS,24211136,89.53,,BRA000024094
Department of Health,NHS Bradford City CCG,31/10/2018,C&M-PMS QOF Aspiration,PRC DELEGATED CO-COMMISSIONING,DR BARGH & PARTNERS,24211136,5064.67,,BRA000024094
Department of Health,NHS Bradford City CCG,31/10/2018,C&M-PMS Baseline Adjustment,PRC DELEGATED CO-COMMISSIONING,DR AZAM A,24211138,27.75,,BRA000024096
Department of Health,NHS Bradford City CCG,31/10/2018,C&M-PMS Contract Value,PRC DELEGATED CO-COMMISSIONING,DR AZAM A,24211138,28678.36,,BRA000024096
Department of Health,NHS Bradford City CCG,31/10/2018,C&M-PMS Funding Differential Review,PRC DELEGATED CO-COMMISSIONING,DR AZAM A,24211138,6766.82,,BRA000024096
Department of Health,NHS Bradford City CCG,31/10/2018,C&M-PMS List Size Adjustment,PRC DELEGATED CO-COMMISSIONING,DR AZAM A,24211138,770.46,,BRA000024096
Department of Health,NHS Bradford City CCG,31/10/2018,C&M-PMS Prem Actual Rent,PRC DELEGATED CO-COMMISSIONING,DR AZAM A,24211138,5311.26,,BRA000024096
Department of Health,NHS Bradford City CCG,31/10/2018,C&M-PMS Prem Clinical Waste,PRC DELEGATED CO-COMMISSIONING,DR AZAM A,24211138,458.7,,BRA000024096
Department of Health,NHS Bradford City CCG,31/10/2018,C&M-PMS Prem Healthcentre Rates,PRC DELEGATED CO-COMMISSIONING,DR AZAM A,24211138,443.08,,BRA000024096
Department of Health,NHS Bradford City CCG,31/10/2018,C&M-PMS Prem Water Rates,PRC DELEGATED CO-COMMISSIONING,DR AZAM A,24211138,52.9,,BRA000024096
Department of Health,NHS Bradford City CCG,31/10/2018,C&M-PMS QOF Aspiration,PRC DELEGATED CO-COMMISSIONING,DR AZAM A,24211138,2664.77,,BRA000024096
Department of Health,NHS Bradford City CCG,31/10/2018,C&M-PMS Baseline Adjustment,PRC DELEGATED CO-COMMISSIONING,DR KHAN & PARTNERS,24211142,52.5,,BRA000024102
Department of Health,NHS Bradford City CCG,31/10/2018,C&M-PMS Contract Value,PRC DELEGATED CO-COMMISSIONING,DR KHAN & PARTNERS,24211142,47324.33,,BRA000024102
Department of Health,NHS Bradford City CCG,31/10/2018,C&M-PMS Funding Differential Review,PRC DELEGATED CO-COMMISSIONING,DR KHAN & PARTNERS,24211142,11431.18,,BRA000024102
Department of Health,NHS Bradford City CCG,31/10/2018,C&M-PMS List Size Adjustment,PRC DELEGATED CO-COMMISSIONING,DR KHAN & PARTNERS,24211142,1001.24,,BRA000024102
Department of Health,NHS Bradford City CCG,31/10/2018,C&M-PMS Prem Clinical Waste,PRC DELEGATED CO-COMMISSIONING,DR KHAN & PARTNERS,24211142,68.99,,BRA000024102
Department of Health,NHS Bradford City CCG,31/10/2018,C&M-PMS Prem Cost Rent,PRC DELEGATED CO-COMMISSIONING,DR KHAN & PARTNERS,24211142,3380.7,,BRA000024102
Department of Health,NHS Bradford City CCG,31/10/2018,C&M-PMS Prem Healthcentre Rates,PRC DELEGATED CO-COMMISSIONING,DR KHAN & PARTNERS,24211142,545.97,,BRA000024102
Department of Health,NHS Bradford City CCG,31/10/2018,C&M-PMS Prem Water Rates,PRC DELEGATED CO-COMMISSIONING,DR KHAN & PARTNERS,24211142,132.26,,BRA000024102
Department of Health,NHS Bradford City CCG,31/10/2018,C&M-PMS QOF Aspiration,PRC DELEGATED CO-COMMISSIONING,DR KHAN & PARTNERS,24211142,3388.49,,BRA000024102
Department of Health,NHS Bradford City CCG,31/10/2018,C&M-PMS Baseline Adjustment,PRC DELEGATED CO-COMMISSIONING,DR KHAN M H & PARTNER,24211144,37.92,,BRA000024104
Department of Health,NHS Bradford City CCG,31/10/2018,C&M-PMS Contract Value,PRC DELEGATED CO-COMMISSIONING,DR KHAN M H & PARTNER,24211144,37252.92,,BRA000024104
Department of Health,NHS Bradford City CCG,31/10/2018,C&M-PMS Funding Differential Review,PRC DELEGATED CO-COMMISSIONING,DR KHAN M H & PARTNER,24211144,9087.16,,BRA000024104
Department of Health,NHS Bradford City CCG,31/10/2018,C&M-PMS List Size Adjustment,PRC DELEGATED CO-COMMISSIONING,DR KHAN M H & PARTNER,24211144,1484.66,,BRA000024104
Department of Health,NHS Bradford City CCG,31/10/2018,C&M-PMS Prem Actual Rent,PRC DELEGATED CO-COMMISSIONING,DR KHAN M H & PARTNER,24211144,5725,,BRA000024104
Department of Health,NHS Bradford City CCG,31/10/2018,C&M-PMS Prem Clinical Waste,PRC DELEGATED CO-COMMISSIONING,DR KHAN M H & PARTNER,24211144,1419.72,,BRA000024104
Department of Health,NHS Bradford City CCG,31/10/2018,C&M-PMS Prem Notional Rent,PRC DELEGATED CO-COMMISSIONING,DR KHAN M H & PARTNER,24211144,4130,,BRA000024104
Department of Health,NHS Bradford City CCG,31/10/2018,C&M-PMS Prem Rates,PRC DELEGATED CO-COMMISSIONING,DR KHAN M H & PARTNER,24211144,1652.39,,BRA000024104
Department of Health,NHS Bradford City CCG,31/10/2018,C&M-PMS Prem Water Rates,PRC DELEGATED CO-COMMISSIONING,DR KHAN M H & PARTNER,24211144,84.07,,BRA000024104
Department of Health,NHS Bradford City CCG,31/10/2018,C&M-PMS QOF Aspiration,PRC DELEGATED CO-COMMISSIONING,DR KHAN M H & PARTNER,24211144,3320.62,,BRA000024104
Department of Health,NHS Bradford City CCG,31/10/2018,C&M-PMS Baseline Adjustment,PRC DELEGATED CO-COMMISSIONING,DR M A IQBAL,24211146,37.83,,BRA000024108
Department of Health,NHS Bradford City CCG,31/10/2018,C&M-PMS Contract Value,PRC DELEGATED CO-COMMISSIONING,DR M A IQBAL,24211146,33732.68,,BRA000024108
Department of Health,NHS Bradford City CCG,31/10/2018,C&M-PMS Funding Differential Review,PRC DELEGATED CO-COMMISSIONING,DR M A IQBAL,24211146,8075.5,,BRA000024108
Department of Health,NHS Bradford City CCG,31/10/2018,C&M-PMS List Size Adjustment,PRC DELEGATED CO-COMMISSIONING,DR M A IQBAL,24211146,49.98,,BRA000024108
Department of Health,NHS Bradford City CCG,31/10/2018,C&M-PMS Prem Clinical Waste,PRC DELEGATED CO-COMMISSIONING,DR M A IQBAL,24211146,42.31,,BRA000024108
Department of Health,NHS Bradford City CCG,31/10/2018,C&M-PMS Prem Cost Rent,PRC DELEGATED CO-COMMISSIONING,DR M A IQBAL,24211146,2872.25,,BRA000024108
Department of Health,NHS Bradford City CCG,31/10/2018,C&M-PMS Prem Healthcentre Rates,PRC DELEGATED CO-COMMISSIONING,DR M A IQBAL,24211146,693.94,,BRA000024108
Department of Health,NHS Bradford City CCG,31/10/2018,C&M-PMS Prem Water Rates,PRC DELEGATED CO-COMMISSIONING,DR M A IQBAL,24211146,28.48,,BRA000024108
Department of Health,NHS Bradford City CCG,31/10/2018,C&M-PMS QOF Aspiration,PRC DELEGATED CO-COMMISSIONING,DR M A IQBAL,24211146,2578.18,,BRA000024108
Department of Health,NHS Bradford City CCG,31/10/2018,C&M-PMS Baseline Adjustment,PRC DELEGATED CO-COMMISSIONING,DR RAFAQUAT S S & PARTNERS,24211149,48.92,,BRA000024112
Department of Health,NHS Bradford City CCG,31/10/2018,C&M-PMS Contract Value,PRC DELEGATED CO-COMMISSIONING,DR RAFAQUAT S S & PARTNERS,24211149,46204.84,,BRA000024112
Department of Health,NHS Bradford City CCG,31/10/2018,C&M-PMS Funding Differential Review,PRC DELEGATED CO-COMMISSIONING,DR RAFAQUAT S S & PARTNERS,24211149,10907.5,,BRA000024112
Department of Health,NHS Bradford City CCG,31/10/2018,C&M-PMS List Size Adjustment,PRC DELEGATED CO-COMMISSIONING,DR RAFAQUAT S S & PARTNERS,24211149,285.38,,BRA000024112
Department of Health,NHS Bradford City CCG,31/10/2018,C&M-PMS Prem Clinical Waste,PRC DELEGATED CO-COMMISSIONING,DR RAFAQUAT S S & PARTNERS,24211149,805.1,,BRA000024112
Department of Health,NHS Bradford City CCG,31/10/2018,C&M-PMS Prem Cost Rent,PRC DELEGATED CO-COMMISSIONING,DR RAFAQUAT S S & PARTNERS,24211149,18927.51,,BRA000024112
Department of Health,NHS Bradford City CCG,31/10/2018,C&M-PMS Prem Healthcentre Rates,PRC DELEGATED CO-COMMISSIONING,DR RAFAQUAT S S & PARTNERS,24211149,1751.37,,BRA000024112
Department of Health,NHS Bradford City CCG,31/10/2018,C&M-PMS Prem Water Rates,PRC DELEGATED CO-COMMISSIONING,DR RAFAQUAT S S & PARTNERS,24211149,108.86,,BRA000024112
Department of Health,NHS Bradford City CCG,31/10/2018,C&M-PMS QOF Aspiration,PRC DELEGATED CO-COMMISSIONING,DR RAFAQUAT S S & PARTNERS,24211149,3451.03,,BRA000024112
Department of Health,NHS Bradford City CCG,31/10/2018,C&M-PMS Baseline Adjustment,PRC DELEGATED CO-COMMISSIONING,DR POONAM JHA,24211151,22.17,,BRA000024114
Department of Health,NHS Bradford City CCG,31/10/2018,C&M-PMS Contract Value,PRC DELEGATED CO-COMMISSIONING,DR POONAM JHA,24211151,23168.78,,BRA000024114
Department of Health,NHS Bradford City CCG,31/10/2018,C&M-PMS Funding Differential Review,PRC DELEGATED CO-COMMISSIONING,DR POONAM JHA,24211151,5546.88,,BRA000024114
Department of Health,NHS Bradford City CCG,31/10/2018,C&M-PMS Prem Clinical Waste,PRC DELEGATED CO-COMMISSIONING,DR POONAM JHA,24211151,534.63,,BRA000024114
Department of Health,NHS Bradford City CCG,31/10/2018,C&M-PMS Prem Cost Rent,PRC DELEGATED CO-COMMISSIONING,DR POONAM JHA,24211151,11471.22,,BRA000024114
Department of Health,NHS Bradford City CCG,31/10/2018,C&M-PMS Prem Healthcentre Rates,PRC DELEGATED CO-COMMISSIONING,DR POONAM JHA,24211151,1061.44,,BRA000024114
Department of Health,NHS Bradford City CCG,31/10/2018,C&M-PMS Prem Water Rates,PRC DELEGATED CO-COMMISSIONING,DR POONAM JHA,24211151,65.98,,BRA000024114
Department of Health,NHS Bradford City CCG,31/10/2018,C&M-PMS QOF Aspiration,PRC DELEGATED CO-COMMISSIONING,DR POONAM JHA,24211151,1951.5,,BRA000024114
Department of Health,NHS Bradford City CCG,31/10/2018,C&M-PMS Baseline Adjustment,PRC DELEGATED CO-COMMISSIONING,FAMILY PRACTICE BRADFORD,24211153,13.92,,BRA000024118
Department of Health,NHS Bradford City CCG,31/10/2018,C&M-PMS Contract Value,PRC DELEGATED CO-COMMISSIONING,FAMILY PRACTICE BRADFORD,24211153,15844.06,,BRA000024118
Department of Health,NHS Bradford City CCG,31/10/2018,C&M-PMS Funding Differential Review,PRC DELEGATED CO-COMMISSIONING,FAMILY PRACTICE BRADFORD,24211153,4014.01,,BRA000024118
Department of Health,NHS Bradford City CCG,31/10/2018,C&M-PMS List Size Adjustment,PRC DELEGATED CO-COMMISSIONING,FAMILY PRACTICE BRADFORD,24211153,545.95,,BRA000024118
Department of Health,NHS Bradford City CCG,31/10/2018,C&M-PMS Prem Actual Rent,PRC DELEGATED CO-COMMISSIONING,FAMILY PRACTICE BRADFORD,24211153,5678.69,,BRA000024118
Department of Health,NHS Bradford City CCG,31/10/2018,C&M-PMS Prem Clinical Waste,PRC DELEGATED CO-COMMISSIONING,FAMILY PRACTICE BRADFORD,24211153,290.74,,BRA000024118
Department of Health,NHS Bradford City CCG,31/10/2018,C&M-PMS Prem Healthcentre Rates,PRC DELEGATED CO-COMMISSIONING,FAMILY PRACTICE BRADFORD,24211153,729.84,,BRA000024118
Department of Health,NHS Bradford City CCG,31/10/2018,C&M-PMS Prem Water Rates,PRC DELEGATED CO-COMMISSIONING,FAMILY PRACTICE BRADFORD,24211153,84.94,,BRA000024118
Department of Health,NHS Bradford City CCG,31/10/2018,C&M-PMS QOF Aspiration,PRC DELEGATED CO-COMMISSIONING,FAMILY PRACTICE BRADFORD,24211153,1584.21,,BRA000024118
Department of Health,NHS Bradford City CCG,31/10/2018,C&M-PMS Baseline Adjustment,PRC DELEGATED CO-COMMISSIONING,PRIMROSE SURGERY,24211155,39.42,,BRA000024124
Department of Health,NHS Bradford City CCG,31/10/2018,C&M-PMS Contract Value,PRC DELEGATED CO-COMMISSIONING,PRIMROSE SURGERY,24211155,37722.64,,BRA000024124
Department of Health,NHS Bradford City CCG,31/10/2018,C&M-PMS Funding Differential Review,PRC DELEGATED CO-COMMISSIONING,PRIMROSE SURGERY,24211155,9196.51,,BRA000024124
Department of Health,NHS Bradford City CCG,31/10/2018,C&M-PMS List Size Adjustment,PRC DELEGATED CO-COMMISSIONING,PRIMROSE SURGERY,24211155,222.16,,BRA000024124
Department of Health,NHS Bradford City CCG,31/10/2018,C&M-PMS Prem Clinical Waste,PRC DELEGATED CO-COMMISSIONING,PRIMROSE SURGERY,24211155,39.35,,BRA000024124
Department of Health,NHS Bradford City CCG,31/10/2018,C&M-PMS Prem Cost Rent,PRC DELEGATED CO-COMMISSIONING,PRIMROSE SURGERY,24211155,11185.25,,BRA000024124
Department of Health,NHS Bradford City CCG,31/10/2018,C&M-PMS Prem Healthcentre Rates,PRC DELEGATED CO-COMMISSIONING,PRIMROSE SURGERY,24211155,1090.21,,BRA000024124
Department of Health,NHS Bradford City CCG,31/10/2018,C&M-PMS Prem Water Rates,PRC DELEGATED CO-COMMISSIONING,PRIMROSE SURGERY,24211155,94.49,,BRA000024124
Department of Health,NHS Bradford City CCG,31/10/2018,C&M-PMS QOF Aspiration,PRC DELEGATED CO-COMMISSIONING,PRIMROSE SURGERY,24211155,3147.68,,BRA000024124
Department of Health,NHS Bradford City CCG,31/10/2018,C&M-PMS Baseline Adjustment,PRC DELEGATED CO-COMMISSIONING,DR SYED ZAIDI & ASSOCIATES,24211157,47.58,,BRA000024126
Department of Health,NHS Bradford City CCG,31/10/2018,C&M-PMS Contract Value,PRC DELEGATED CO-COMMISSIONING,DR SYED ZAIDI & ASSOCIATES,24211157,46691.64,,BRA000024126
Department of Health,NHS Bradford City CCG,31/10/2018,C&M-PMS Funding Differential Review,PRC DELEGATED CO-COMMISSIONING,DR SYED ZAIDI & ASSOCIATES,24211157,10755.5,,BRA000024126
Department of Health,NHS Bradford City CCG,31/10/2018,C&M-PMS List Size Adjustment,PRC DELEGATED CO-COMMISSIONING,DR SYED ZAIDI & ASSOCIATES,24211157,218.15,,BRA000024126
Department of Health,NHS Bradford City CCG,31/10/2018,C&M-PMS Prem Clinical Waste,PRC DELEGATED CO-COMMISSIONING,DR SYED ZAIDI & ASSOCIATES,24211157,869.43,,BRA000024126
Department of Health,NHS Bradford City CCG,31/10/2018,C&M-PMS Prem Cost Rent,PRC DELEGATED CO-COMMISSIONING,DR SYED ZAIDI & ASSOCIATES,24211157,8970.86,,BRA000024126
Department of Health,NHS Bradford City CCG,31/10/2018,C&M-PMS Prem Healthcentre Rates,PRC DELEGATED CO-COMMISSIONING,DR SYED ZAIDI & ASSOCIATES,24211157,1246.04,,BRA000024126
Department of Health,NHS Bradford City CCG,31/10/2018,C&M-PMS Prem Notional Rent,PRC DELEGATED CO-COMMISSIONING,DR SYED ZAIDI & ASSOCIATES,24211157,1741.67,,BRA000024126
Department of Health,NHS Bradford City CCG,31/10/2018,C&M-PMS Prem Rates,PRC DELEGATED CO-COMMISSIONING,DR SYED ZAIDI & ASSOCIATES,24211157,334.81,,BRA000024126
Department of Health,NHS Bradford City CCG,31/10/2018,C&M-PMS Prem Water Rates,PRC DELEGATED CO-COMMISSIONING,DR SYED ZAIDI & ASSOCIATES,24211157,142.87,,BRA000024126
Department of Health,NHS Bradford City CCG,31/10/2018,C&M-PMS QOF Aspiration,PRC DELEGATED CO-COMMISSIONING,DR SYED ZAIDI & ASSOCIATES,24211157,4416.18,,BRA000024126
Department of Health,NHS Bradford City CCG,31/10/2018,C&M-PMS Baseline Adjustment,PRC DELEGATED CO-COMMISSIONING,DR IM RAJA & PARTNER,24211159,34,,BRA000024128
Department of Health,NHS Bradford City CCG,31/10/2018,C&M-PMS Contract Value,PRC DELEGATED CO-COMMISSIONING,DR IM RAJA & PARTNER,24211159,32654.91,,BRA000024128
Department of Health,NHS Bradford City CCG,31/10/2018,C&M-PMS Funding Differential Review,PRC DELEGATED CO-COMMISSIONING,DR IM RAJA & PARTNER,24211159,7830.9,,BRA000024128
Department of Health,NHS Bradford City CCG,31/10/2018,C&M-PMS Prem Actual Rent,PRC DELEGATED CO-COMMISSIONING,DR IM RAJA & PARTNER,24211159,4083.42,,BRA000024128
Department of Health,NHS Bradford City CCG,31/10/2018,C&M-PMS Prem Clinical Waste,PRC DELEGATED CO-COMMISSIONING,DR IM RAJA & PARTNER,24211159,39.78,,BRA000024128
Department of Health,NHS Bradford City CCG,31/10/2018,C&M-PMS Prem Healthcentre Rates,PRC DELEGATED CO-COMMISSIONING,DR IM RAJA & PARTNER,24211159,555.64,,BRA000024128
Department of Health,NHS Bradford City CCG,31/10/2018,C&M-PMS QOF Aspiration,PRC DELEGATED CO-COMMISSIONING,DR IM RAJA & PARTNER,24211159,2631.85,,BRA000024128
Department of Health,NHS Bradford City CCG,31/10/2018,C&M-PMS Baseline Adjustment,PRC DELEGATED CO-COMMISSIONING,BEVAN HEALTHCARE CIC,24217301,25.67,,BRA000024106
Department of Health,NHS Bradford City CCG,31/10/2018,C&M-PMS Contract Value,PRC DELEGATED CO-COMMISSIONING,BEVAN HEALTHCARE CIC,24217301,24770.14,,BRA000024106
Department of Health,NHS Bradford City CCG,31/10/2018,C&M-PMS Funding Differential Review,PRC DELEGATED CO-COMMISSIONING,BEVAN HEALTHCARE CIC,24217301,6040.81,,BRA000024106
Department of Health,NHS Bradford City CCG,31/10/2018,C&M-PMS List Size Adjustment,PRC DELEGATED CO-COMMISSIONING,BEVAN HEALTHCARE CIC,24217301,315.25,,BRA000024106
Department of Health,NHS Bradford City CCG,31/10/2018,C&M-PMS Prem Clinical Waste,PRC DELEGATED CO-COMMISSIONING,BEVAN HEALTHCARE CIC,24217301,506.73,,BRA000024106
Department of Health,NHS Bradford City CCG,31/10/2018,C&M-PMS Prem Notional Rent,PRC DELEGATED CO-COMMISSIONING,BEVAN HEALTHCARE CIC,24217301,2366.67,,BRA000024106
Department of Health,NHS Bradford City CCG,31/10/2018,C&M-PMS Prem Rates,PRC DELEGATED CO-COMMISSIONING,BEVAN HEALTHCARE CIC,24217301,486.09,,BRA000024106
Department of Health,NHS Bradford City CCG,31/10/2018,C&M-PMS Prem Water Rates,PRC DELEGATED CO-COMMISSIONING,BEVAN HEALTHCARE CIC,24217301,27.93,,BRA000024106
Department of Health,NHS Bradford City CCG,31/10/2018,C&M-PMS QOF Aspiration,PRC DELEGATED CO-COMMISSIONING,BEVAN HEALTHCARE CIC,24217301,2056.77,,BRA000024106
Department of Health,NHS Bradford City CCG,31/10/2018,C&M-PMS Baseline Adjustment,PRC DELEGATED CO-COMMISSIONING,KENSINGTON PARTNERSHIP,24217303,144.17,,BRA000024116
Department of Health,NHS Bradford City CCG,31/10/2018,C&M-PMS Contract Value,PRC DELEGATED CO-COMMISSIONING,KENSINGTON PARTNERSHIP,24217303,95863.31,,BRA000024116
Department of Health,NHS Bradford City CCG,31/10/2018,C&M-PMS Funding Differential Review,PRC DELEGATED CO-COMMISSIONING,KENSINGTON PARTNERSHIP,24217303,22599.01,,BRA000024116
Department of Health,NHS Bradford City CCG,31/10/2018,C&M-PMS List Size Adjustment,PRC DELEGATED CO-COMMISSIONING,KENSINGTON PARTNERSHIP,24217303,786.04,,BRA000024116
Department of Health,NHS Bradford City CCG,31/10/2018,C&M-PMS Prem Clinical Waste,PRC DELEGATED CO-COMMISSIONING,KENSINGTON PARTNERSHIP,24217303,1031.75,,BRA000024116
Department of Health,NHS Bradford City CCG,31/10/2018,C&M-PMS Prem Cost Rent,PRC DELEGATED CO-COMMISSIONING,KENSINGTON PARTNERSHIP,24217303,6453.58,,BRA000024116
Department of Health,NHS Bradford City CCG,31/10/2018,C&M-PMS Prem Healthcentre Rates,PRC DELEGATED CO-COMMISSIONING,KENSINGTON PARTNERSHIP,24217303,1559.21,,BRA000024116
Department of Health,NHS Bradford City CCG,31/10/2018,C&M-PMS Prem Notional Rent,PRC DELEGATED CO-COMMISSIONING,KENSINGTON PARTNERSHIP,24217303,6508.33,,BRA000024116
Department of Health,NHS Bradford City CCG,31/10/2018,C&M-PMS Prem Rates,PRC DELEGATED CO-COMMISSIONING,KENSINGTON PARTNERSHIP,24217303,1122.53,,BRA000024116
Department of Health,NHS Bradford City CCG,31/10/2018,C&M-PMS Prem Water Rates,PRC DELEGATED CO-COMMISSIONING,KENSINGTON PARTNERSHIP,24217303,348.11,,BRA000024116
Department of Health,NHS Bradford City CCG,31/10/2018,C&M-PMS QOF Aspiration,PRC DELEGATED CO-COMMISSIONING,KENSINGTON PARTNERSHIP,24217303,8799.9,,BRA000024116
Department of Health,NHS Bradford City CCG,31/10/2018,C&M-APMS Contract Value,PRC DELEGATED CO-COMMISSIONING,HILLSIDE BRIDGE SURGERY,24217305,58129.71,,BRA000024120
Department of Health,NHS Bradford City CCG,31/10/2018,C&M-APMS List Size Adjustment,PRC DELEGATED CO-COMMISSIONING,HILLSIDE BRIDGE SURGERY,24217305,244.24,,BRA000024120
Department of Health,NHS Bradford City CCG,31/10/2018,C&M-APMS Prem Clinical Waste,PRC DELEGATED CO-COMMISSIONING,HILLSIDE BRIDGE SURGERY,24217305,453.32,,BRA000024120
Department of Health,NHS Bradford City CCG,31/10/2018,C&M-APMS Prem Healthcentre Rates,PRC DELEGATED CO-COMMISSIONING,HILLSIDE BRIDGE SURGERY,24217305,802.49,,BRA000024120
Department of Health,NHS Bradford City CCG,31/10/2018,C&M-APMS Prem Healthcentre Rent,PRC DELEGATED CO-COMMISSIONING,HILLSIDE BRIDGE SURGERY,24217305,10156.07,,BRA000024120
Department of Health,NHS Bradford City CCG,31/10/2018,C&M-APMS Prem Water Rates,PRC DELEGATED CO-COMMISSIONING,HILLSIDE BRIDGE SURGERY,24217305,76.02,,BRA000024120
Department of Health,NHS Bradford City CCG,31/10/2018,C&M-PMS Contract Value,PRC DELEGATED CO-COMMISSIONING,HILLSIDE BRIDGE SURGERY,24217305,737.65,,BRA000024120
Department of Health,NHS Bradford City CCG,31/10/2018,C&M-PMS Prem Cost Rent,PRC DELEGATED CO-COMMISSIONING,HILLSIDE BRIDGE SURGERY,24217305,367.03,,BRA000024120
Department of Health,NHS Bradford City CCG,31/10/2018,C&M-PMS Prem Healthcentre Rates,PRC DELEGATED CO-COMMISSIONING,HILLSIDE BRIDGE SURGERY,24217305,223.18,,BRA000024120
Department of Health,NHS Bradford City CCG,31/10/2018,C&M-PMS Prem Water Rates,PRC DELEGATED CO-COMMISSIONING,HILLSIDE BRIDGE SURGERY,24217305,12.88,,BRA000024120
Department of Health,NHS Bradford City CCG,31/10/2018,C&M-PMS QOF Aspiration,PRC DELEGATED CO-COMMISSIONING,HILLSIDE BRIDGE SURGERY,24217305,2316.53,,BRA000024120
Department of Health,NHS Bradford City CCG,31/10/2018,C&M-PMS Baseline Adjustment,PRC DELEGATED CO-COMMISSIONING,DR AKHTAR & PARTNERS,24217862,25.67,,BRA000024151
Department of Health,NHS Bradford City CCG,31/10/2018,C&M-PMS Contract Value,PRC DELEGATED CO-COMMISSIONING,DR AKHTAR & PARTNERS,24217862,24770.14,,BRA000024151
Department of Health,NHS Bradford City CCG,31/10/2018,C&M-PMS Funding Differential Review,PRC DELEGATED CO-COMMISSIONING,DR AKHTAR & PARTNERS,24217862,6040.81,,BRA000024151
Department of Health,NHS Bradford City CCG,31/10/2018,C&M-PMS List Size Adjustment,PRC DELEGATED CO-COMMISSIONING,DR AKHTAR & PARTNERS,24217862,315.25,,BRA000024151
Department of Health,NHS Bradford City CCG,31/10/2018,C&M-PMS Prem Clinical Waste,PRC DELEGATED CO-COMMISSIONING,DR AKHTAR & PARTNERS,24217862,506.73,,BRA000024151
Department of Health,NHS Bradford City CCG,31/10/2018,C&M-PMS Prem Notional Rent,PRC DELEGATED CO-COMMISSIONING,DR AKHTAR & PARTNERS,24217862,2366.67,,BRA000024151
Department of Health,NHS Bradford City CCG,31/10/2018,C&M-PMS Prem Rates,PRC DELEGATED CO-COMMISSIONING,DR AKHTAR & PARTNERS,24217862,486.09,,BRA000024151
Department of Health,NHS Bradford City CCG,31/10/2018,C&M-PMS Prem Water Rates,PRC DELEGATED CO-COMMISSIONING,DR AKHTAR & PARTNERS,24217862,27.93,,BRA000024151
Department of Health,NHS Bradford City CCG,31/10/2018,C&M-PMS QOF Aspiration,PRC DELEGATED CO-COMMISSIONING,DR AKHTAR & PARTNERS,24217862,2056.77,,BRA000024151
Department of Health,NHS Bradford City CCG,31/10/2018,C&M-APMS Contract Value,PRC DELEGATED CO-COMMISSIONING,BEVAN HEALTHCARE CIC,24236122,72237.33,,BRA000024090
Department of Health,NHS Bradford City CCG,31/10/2018,C&M-APMS PCO Locum Sickness,PRC DELEGATED CO-COMMISSIONING,BEVAN HEALTHCARE CIC,24236122,5860,,BRA000024090
Department of Health,NHS Bradford City CCG,31/10/2018,C&M-APMS Prem Clinical Waste,PRC DELEGATED CO-COMMISSIONING,BEVAN HEALTHCARE CIC,24236122,54.17,,BRA000024090
Department of Health,NHS Bradford City CCG,31/10/2018,C&M-APMS Prem Healthcentre Rates,PRC DELEGATED CO-COMMISSIONING,BEVAN HEALTHCARE CIC,24236122,1570,,BRA000024090
Department of Health,NHS Bradford City CCG,31/10/2018,C&M-APMS Prem Notional Rent,PRC DELEGATED CO-COMMISSIONING,BEVAN HEALTHCARE CIC,24236122,3473.33,,BRA000024090
Department of Health,NHS Bradford City CCG,31/10/2018,C&M-APMS Prem Water Rates,PRC DELEGATED CO-COMMISSIONING,BEVAN HEALTHCARE CIC,24236122,83.33,,BRA000024090
Department of Health,NHS Bradford City CCG,31/10/2018,C&M-APMS QOF Achievement,PRC DELEGATED CO-COMMISSIONING,BEVAN HEALTHCARE CIC,24236122,15698.13,,BRA000024090
Department of Health,NHS Bradford City CCG,31/10/2018,C&M-PMS Contract Value,PRC DELEGATED CO-COMMISSIONING,BEVAN HEALTHCARE CIC,24236122,656.69,,BRA000024090
Department of Health,NHS Bradford City CCG,31/10/2018,C&M-PMS QOF Aspiration,PRC DELEGATED CO-COMMISSIONING,BEVAN HEALTHCARE CIC,24236122,1398.36,,BRA000024090
Department of Health,NHS Bradford City CCG,31/10/2018,C&M-PMS Baseline Adjustment,PRC DELEGATED CO-COMMISSIONING,DR AZAM M,24236123,17.67,,BRA000024098
Department of Health,NHS Bradford City CCG,31/10/2018,C&M-PMS Contract Value,PRC DELEGATED CO-COMMISSIONING,DR AZAM M,24236123,20776.17,,BRA000024098
Department of Health,NHS Bradford City CCG,31/10/2018,C&M-PMS Funding Differential Review,PRC DELEGATED CO-COMMISSIONING,DR AZAM M,24236123,5017.02,,BRA000024098
Department of Health,NHS Bradford City CCG,31/10/2018,C&M-PMS List Size Adjustment,PRC DELEGATED CO-COMMISSIONING,DR AZAM M,24236123,318.35,,BRA000024098
Department of Health,NHS Bradford City CCG,31/10/2018,C&M-PMS PCO Locum Adop/Pat/Mat,PRC DELEGATED CO-COMMISSIONING,DR AZAM M,24236123,2286.12,,BRA000024098
Department of Health,NHS Bradford City CCG,31/10/2018,C&M-PMS Prem Clinical Waste,PRC DELEGATED CO-COMMISSIONING,DR AZAM M,24236123,400.74,,BRA000024098
Department of Health,NHS Bradford City CCG,31/10/2018,C&M-PMS Prem Notional Rent,PRC DELEGATED CO-COMMISSIONING,DR AZAM M,24236123,4166.66,,BRA000024098
Department of Health,NHS Bradford City CCG,31/10/2018,C&M-PMS Prem Rates,PRC DELEGATED CO-COMMISSIONING,DR AZAM M,24236123,1124.25,,BRA000024098
Department of Health,NHS Bradford City CCG,31/10/2018,C&M-PMS Prem Water Rates,PRC DELEGATED CO-COMMISSIONING,DR AZAM M,24236123,30.74,,BRA000024098
Department of Health,NHS Bradford City CCG,31/10/2018,C&M-PMS QOF Aspiration,PRC DELEGATED CO-COMMISSIONING,DR AZAM M,24236123,2414.2,,BRA000024098
Department of Health,NHS Bradford City CCG,31/10/2018,C&M-PMS Baseline Adjustment,PRC DELEGATED CO-COMMISSIONING,DR G D SANDERSON & PARTNERS,24236124,86.42,,BRA000024100
Department of Health,NHS Bradford City CCG,31/10/2018,C&M-PMS Contract Value,PRC DELEGATED CO-COMMISSIONING,DR G D SANDERSON & PARTNERS,24236124,52050.82,,BRA000024100
Department of Health,NHS Bradford City CCG,31/10/2018,C&M-PMS Funding Differential Review,PRC DELEGATED CO-COMMISSIONING,DR G D SANDERSON & PARTNERS,24236124,11353.11,,BRA000024100
Department of Health,NHS Bradford City CCG,31/10/2018,C&M-PMS Medical Fees,LOCAL ENHANCED SERVICES,DR G D SANDERSON & PARTNERS,24236124,75.71,,BRA000024100
Department of Health,NHS Bradford City CCG,31/10/2018,C&M-PMS Prem Actual Rent,PRC DELEGATED CO-COMMISSIONING,DR G D SANDERSON & PARTNERS,24236124,2375,,BRA000024100
Department of Health,NHS Bradford City CCG,31/10/2018,C&M-PMS Prem Clinical Waste,PRC DELEGATED CO-COMMISSIONING,DR G D SANDERSON & PARTNERS,24236124,454.7,,BRA000024100
Department of Health,NHS Bradford City CCG,31/10/2018,C&M-PMS Prem Healthcentre Rates,PRC DELEGATED CO-COMMISSIONING,DR G D SANDERSON & PARTNERS,24236124,786.92,,BRA000024100
Department of Health,NHS Bradford City CCG,31/10/2018,C&M-PMS Prem Water Rates,PRC DELEGATED CO-COMMISSIONING,DR G D SANDERSON & PARTNERS,24236124,110.65,,BRA000024100
Department of Health,NHS Bradford City CCG,31/10/2018,C&M-PMS QOF Aspiration,PRC DELEGATED CO-COMMISSIONING,DR G D SANDERSON & PARTNERS,24236124,1306.19,,BRA000024100
Department of Health,NHS Bradford City CCG,31/10/2018,C&M-PMS Baseline Adjustment,PRC DELEGATED CO-COMMISSIONING,DR M A KHAN & PARTNERS BRADFORD,24236125,38.33,,BRA000024110
Department of Health,NHS Bradford City CCG,31/10/2018,C&M-PMS Contract Value,PRC DELEGATED CO-COMMISSIONING,DR M A KHAN & PARTNERS BRADFORD,24236125,65789.98,,BRA000024110
Department of Health,NHS Bradford City CCG,31/10/2018,C&M-PMS Funding Differential Review,PRC DELEGATED CO-COMMISSIONING,DR M A KHAN & PARTNERS BRADFORD,24236125,15770.94,,BRA000024110
Department of Health,NHS Bradford City CCG,31/10/2018,C&M-PMS List Size Adjustment,PRC DELEGATED CO-COMMISSIONING,DR M A KHAN & PARTNERS BRADFORD,24236125,204.24,,BRA000024110
Department of Health,NHS Bradford City CCG,31/10/2018,C&M-PMS Medical Fees,LOCAL ENHANCED SERVICES,DR M A KHAN & PARTNERS BRADFORD,24236125,24.36,,BRA000024110
Department of Health,NHS Bradford City CCG,31/10/2018,C&M-PMS Prem Clinical Waste,PRC DELEGATED CO-COMMISSIONING,DR M A KHAN & PARTNERS BRADFORD,24236125,353.63,,BRA000024110
Department of Health,NHS Bradford City CCG,31/10/2018,C&M-PMS Prem Cost Rent,PRC DELEGATED CO-COMMISSIONING,DR M A KHAN & PARTNERS BRADFORD,24236125,16742.17,,BRA000024110
Department of Health,NHS Bradford City CCG,31/10/2018,C&M-PMS Prem Healthcentre Rates,PRC DELEGATED CO-COMMISSIONING,DR M A KHAN & PARTNERS BRADFORD,24236125,1851.58,,BRA000024110
Department of Health,NHS Bradford City CCG,31/10/2018,C&M-PMS Prem Water Rates,PRC DELEGATED CO-COMMISSIONING,DR M A KHAN & PARTNERS BRADFORD,24236125,196.98,,BRA000024110
Department of Health,NHS Bradford City CCG,31/10/2018,C&M-PMS QOF Aspiration,PRC DELEGATED CO-COMMISSIONING,DR M A KHAN & PARTNERS BRADFORD,24236125,6440.75,,BRA000024110
Department of Health,NHS Bradford City CCG,31/10/2018,C&M-PMS Baseline Adjustment,PRC DELEGATED CO-COMMISSIONING,DR WAHEED HUSSAIN,24236126,31.67,,BRA000024122
Department of Health,NHS Bradford City CCG,31/10/2018,C&M-PMS Contract Value,PRC DELEGATED CO-COMMISSIONING,DR WAHEED HUSSAIN,24236126,58194.96,,BRA000024122
Department of Health,NHS Bradford City CCG,31/10/2018,C&M-PMS Funding Differential Review,PRC DELEGATED CO-COMMISSIONING,DR WAHEED HUSSAIN,24236126,13719.3,,BRA000024122
Department of Health,NHS Bradford City CCG,31/10/2018,C&M-PMS List Size Adjustment,PRC DELEGATED CO-COMMISSIONING,DR WAHEED HUSSAIN,24236126,668.22,,BRA000024122
Department of Health,NHS Bradford City CCG,31/10/2018,C&M-PMS PCO Locum Sickness,PRC DELEGATED CO-COMMISSIONING,DR WAHEED HUSSAIN,24236126,18180,,BRA000024122
Department of Health,NHS Bradford City CCG,31/10/2018,C&M-PMS Prem Actual Rent,PRC DELEGATED CO-COMMISSIONING,DR WAHEED HUSSAIN,24236126,3179.17,,BRA000024122
Department of Health,NHS Bradford City CCG,31/10/2018,C&M-PMS Prem Clinical Waste,PRC DELEGATED CO-COMMISSIONING,DR WAHEED HUSSAIN,24236126,291.33,,BRA000024122
Department of Health,NHS Bradford City CCG,31/10/2018,C&M-PMS Prem Cost Rent,PRC DELEGATED CO-COMMISSIONING,DR WAHEED HUSSAIN,24236126,2008.44,,BRA000024122
Department of Health,NHS Bradford City CCG,31/10/2018,C&M-PMS Prem Healthcentre Rates,PRC DELEGATED CO-COMMISSIONING,DR WAHEED HUSSAIN,24236126,459.9,,BRA000024122
Department of Health,NHS Bradford City CCG,31/10/2018,C&M-PMS Prem Notional Rent,PRC DELEGATED CO-COMMISSIONING,DR WAHEED HUSSAIN,24236126,19075,,BRA000024122
Department of Health,NHS Bradford City CCG,31/10/2018,C&M-PMS Prem Rates,PRC DELEGATED CO-COMMISSIONING,DR WAHEED HUSSAIN,24236126,714.17,,BRA000024122
Department of Health,NHS Bradford City CCG,31/10/2018,C&M-PMS Prem Water Rates,PRC DELEGATED CO-COMMISSIONING,DR WAHEED HUSSAIN,24236126,56.75,,BRA000024122
Department of Health,NHS Bradford City CCG,31/10/2018,C&M-PMS QOF Aspiration,PRC DELEGATED CO-COMMISSIONING,DR WAHEED HUSSAIN,24236126,4499.82,,BRA000024122
Department of Health,NHS Bradford City CCG,31/10/2018,Clinical&Medical-Independent Sector,ACUTE COMMISSIONING,YORKSHIRE CLINIC,24423543,200253.61,426505170,BC7201819
Department of Health,NHS Bradford City CCG,31/10/2018,Clinical&Medical-Independent Sector,CHILDREN SERVICES,BETTER START BRADFORD,24423585,68740,,128
Department of Health,NHS Bradford City CCG,31/10/2018,C&M-GMS Global Sum,PRC DELEGATED CO-COMMISSIONING,DR GILKAR I A & PARTNER,24457277,61371.31,,BRA000024159
Department of Health,NHS Bradford City CCG,31/10/2018,C&M-GMS MPIG Correction Factor,PRC DELEGATED CO-COMMISSIONING,DR GILKAR I A & PARTNER,24457277,3452.68,,BRA000024159
Department of Health,NHS Bradford City CCG,31/10/2018,C&M-GMS Other FDR Payment,PRC DELEGATED CO-COMMISSIONING,DR GILKAR I A & PARTNER,24457277,15354.66,,BRA000024159
Department of Health,NHS Bradford City CCG,31/10/2018,C&M-GMS Prem Clinical Waste,PRC DELEGATED CO-COMMISSIONING,DR GILKAR I A & PARTNER,24457277,86.66,,BRA000024159
Department of Health,NHS Bradford City CCG,31/10/2018,C&M-GMS Prem Cost Rent,PRC DELEGATED CO-COMMISSIONING,DR GILKAR I A & PARTNER,24457277,631.8,,BRA000024159
Department of Health,NHS Bradford City CCG,31/10/2018,C&M-GMS Prem Healthcentre Rates,PRC DELEGATED CO-COMMISSIONING,DR GILKAR I A & PARTNER,24457277,1559.75,,BRA000024159
Department of Health,NHS Bradford City CCG,31/10/2018,C&M-GMS Prem Healthcentre Rent,PRC DELEGATED CO-COMMISSIONING,DR GILKAR I A & PARTNER,24457277,10399.63,,BRA000024159
Department of Health,NHS Bradford City CCG,31/10/2018,C&M-GMS QOF Aspiration,PRC DELEGATED CO-COMMISSIONING,DR GILKAR I A & PARTNER,24457277,4546.86,,BRA000024159
Department of Health,NHS Bradford City CCG,31/10/2018,C&M-GMS Global Sum,PRC DELEGATED CO-COMMISSIONING,DR M I MALIK,24457279,20278.19,,BRA000024161
Department of Health,NHS Bradford City CCG,31/10/2018,C&M-GMS MPIG Correction Factor,PRC DELEGATED CO-COMMISSIONING,DR M I MALIK,24457279,1341.66,,BRA000024161
Department of Health,NHS Bradford City CCG,31/10/2018,C&M-GMS Other FDR Payment,PRC DELEGATED CO-COMMISSIONING,DR M I MALIK,24457279,5181.28,,BRA000024161
Department of Health,NHS Bradford City CCG,31/10/2018,C&M-GMS Prem Clinical Waste,PRC DELEGATED CO-COMMISSIONING,DR M I MALIK,24457279,23.93,,BRA000024161
Department of Health,NHS Bradford City CCG,31/10/2018,C&M-GMS Prem Cost Rent,PRC DELEGATED CO-COMMISSIONING,DR M I MALIK,24457279,1102.21,,BRA000024161
Department of Health,NHS Bradford City CCG,31/10/2018,C&M-GMS Prem Healthcentre Rates,PRC DELEGATED CO-COMMISSIONING,DR M I MALIK,24457279,152.86,,BRA000024161
Department of Health,NHS Bradford City CCG,31/10/2018,C&M-GMS Prem Water Rates,PRC DELEGATED CO-COMMISSIONING,DR M I MALIK,24457279,19.32,,BRA000024161
Department of Health,NHS Bradford City CCG,31/10/2018,C&M-GMS QOF Aspiration,PRC DELEGATED CO-COMMISSIONING,DR M I MALIK,24457279,2145.88,,BRA000024161
Department of Health,NHS Bradford City CCG,31/10/2018,C&M-GMS Global Sum,PRC DELEGATED CO-COMMISSIONING,DR A KHAN,24457281,19402.67,,BRA000024163
Department of Health,NHS Bradford City CCG,31/10/2018,C&M-GMS MPIG Correction Factor,PRC DELEGATED CO-COMMISSIONING,DR A KHAN,24457281,1142.78,,BRA000024163
Department of Health,NHS Bradford City CCG,31/10/2018,C&M-GMS Other FDR Payment,PRC DELEGATED CO-COMMISSIONING,DR A KHAN,24457281,4875.84,,BRA000024163
Department of Health,NHS Bradford City CCG,31/10/2018,C&M-GMS Prem Clinical Waste,PRC DELEGATED CO-COMMISSIONING,DR A KHAN,24457281,447.57,,BRA000024163
Department of Health,NHS Bradford City CCG,31/10/2018,C&M-GMS Prem Healthcentre Rates,PRC DELEGATED CO-COMMISSIONING,DR A KHAN,24457281,458.2,,BRA000024163
Department of Health,NHS Bradford City CCG,31/10/2018,C&M-GMS Prem Healthcentre Rent,PRC DELEGATED CO-COMMISSIONING,DR A KHAN,24457281,4562.6,,BRA000024163
Department of Health,NHS Bradford City CCG,31/10/2018,C&M-GMS Prem Water Rates,PRC DELEGATED CO-COMMISSIONING,DR A KHAN,24457281,117.13,,BRA000024163
Department of Health,NHS Bradford City CCG,31/10/2018,C&M-GMS QOF Aspiration,PRC DELEGATED CO-COMMISSIONING,DR A KHAN,24457281,2045.4,,BRA000024163
Department of Health,NHS Bradford City CCG,31/10/2018,C&M-GMS Global Sum,PRC DELEGATED CO-COMMISSIONING,THORNBURY MEDICAL CENTRE,24457287,50231.88,,BRA000024157
Department of Health,NHS Bradford City CCG,31/10/2018,C&M-GMS MPIG Correction Factor,PRC DELEGATED CO-COMMISSIONING,THORNBURY MEDICAL CENTRE,24457287,133.55,,BRA000024157
Department of Health,NHS Bradford City CCG,31/10/2018,C&M-GMS Other FDR Payment,PRC DELEGATED CO-COMMISSIONING,THORNBURY MEDICAL CENTRE,24457287,10888.46,,BRA000024157
Department of Health,NHS Bradford City CCG,31/10/2018,C&M-GMS Prem Clinical Waste,PRC DELEGATED CO-COMMISSIONING,THORNBURY MEDICAL CENTRE,24457287,1142.77,,BRA000024157
Department of Health,NHS Bradford City CCG,31/10/2018,C&M-GMS Prem Cost Rent,PRC DELEGATED CO-COMMISSIONING,THORNBURY MEDICAL CENTRE,24457287,34714.88,,BRA000024157
Department of Health,NHS Bradford City CCG,31/10/2018,C&M-GMS Prem Healthcentre Rates,PRC DELEGATED CO-COMMISSIONING,THORNBURY MEDICAL CENTRE,24457287,2449.47,,BRA000024157
Department of Health,NHS Bradford City CCG,31/10/2018,C&M-GMS Prem Water Rates,PRC DELEGATED CO-COMMISSIONING,THORNBURY MEDICAL CENTRE,24457287,139.03,,BRA000024157
Department of Health,NHS Bradford City CCG,31/10/2018,C&M-GMS QOF Aspiration,PRC DELEGATED CO-COMMISSIONING,THORNBURY MEDICAL CENTRE,24457287,4454.88,,BRA000024157
Department of Health,NHS Bradford City CCG,31/10/2018,Hcare Srv Rec Fdtn Trust-Contract Baseline,ACUTE COMMISSIONING,CALDERDALE & HUDDERSFIELD NHS FOUNDATION TRUST,24460862,48726.38,654405836,4710126384
Department of Health,NHS Bradford City CCG,31/10/2018,Hcare Srv Rec Fdtn Trust-CQUIN,MENTAL HEALTH CONTRACTS,BRADFORD DISTRICT CARE NHS FOUNDATION TRUST,24460865,29751,,197090
Department of Health,NHS Bradford City CCG,31/10/2018,Hcare Srv Rec Fdtn Trust-CQUIN,ACUTE COMMISSIONING,AIREDALE NHS FOUNDATION TRUST,24460869,98294,654910724,3310036746
Department of Health,NHS Bradford City CCG,31/10/2018,Hcare Srv Rec Fdtn Trust-CQUIN,ACUTE COMMISSIONING,BRADFORD TEACHING HOSPITALS NHS FOUNDATION TRUST,24460870,56920,654913617,307449
Department of Health,NHS Bradford City CCG,31/10/2018,Hcare Srv Rec NHS Trust-Contract Baseline,ACUTE COMMISSIONING,LEEDS TEACHING HOSPITALS NHS TRUST,24523975,296423,654944112,1410106480
Department of Health,NHS Bradford City CCG,31/10/2018,Hcare Srv Rec Fdtn Trust-Contract Baseline,MENTAL HEALTH CONTRACTS,BRADFORD DISTRICT CARE NHS FOUNDATION TRUST,24523979,1413872,,197088
Department of Health,NHS Bradford City CCG,31/10/2018,Hcare Srv Rec Fdtn Trust-Contract Baseline,ACUTE COMMISSIONING,BRADFORD TEACHING HOSPITALS NHS FOUNDATION TRUST,24523982,5243411,654913617,307448
