Department family,Entity,Date,Expense Type,Expense area,Supplier,Transaction number, AP Amount (�) ,Description
Department of Health,03K,30/04/2018,C&M-GMS Cost of Drugs -Dispensing,LOCAL ENHANCED SERVICES,BRIDGE STREET SURGERY,KHU000029315,"-27,666.66",LOCAL ENHANCED SERVICES
Department of Health,03K,30/04/2018,C&M-GMS Cost of Drugs -Dispensing,LOCAL ENHANCED SERVICES,BRIDGE STREET SURGERY,KHU000029316,"59,844.70",LOCAL ENHANCED SERVICES
Department of Health,03K,30/04/2018,C&M-GMS Cost of Drugs -Dispensing,LOCAL ENHANCED SERVICES,DR P A WEBSTER & PARTNERS,KHU000029322,"-59,632.34",LOCAL ENHANCED SERVICES
Department of Health,03K,30/04/2018,C&M-GMS Cost of Drugs -Dispensing,LOCAL ENHANCED SERVICES,DR P A WEBSTER & PARTNERS,KHU000029323,"116,905.90",LOCAL ENHANCED SERVICES
Department of Health,03K,30/04/2018,C&M-GMS Cost of Drugs -Dispensing,LOCAL ENHANCED SERVICES,TRENT VIEW MEDICAL PRACTICE,KHU000029329,"-39,259.52",LOCAL ENHANCED SERVICES
Department of Health,03K,30/04/2018,C&M-GMS Cost of Drugs -Dispensing,LOCAL ENHANCED SERVICES,TRENT VIEW MEDICAL PRACTICE,KHU000029330,"84,516.81",LOCAL ENHANCED SERVICES
Department of Health,03K,30/04/2018,Basic Sal-Rechgs to-from Other NHS,COMMISSIONING,NHS NORTH EAST LINCOLNSHIRE CCG,7015701108,"30,449.14",SALARY RECHARGE JAN/FEB 18
Department of Health,03K,30/04/2018,Hcare Srv Rec Fdtn Trust-Non Contract,Winter Resilience,ROTHERHAM DONCASTER & SOUTH HUMBER MENTAL HEALTH NHS FOUNDATION TRUST,80456,"29,543.42",MH WINTER PRESSURES JAN & FEB 18
Department of Health,03K,30/04/2018,Hcare Srv Rec NHS Trust-CQUIN,ACUTE COMMISSIONING,UNITED LINCOLNSHIRE HOSPITALS NHS TRUST,191266,"87,105.59",SLA APR 18
Department of Health,03K,30/04/2018,Hcare Srv Rec NHS Trust-CQUIN,AMBULANCE SERVICES,EAST MIDLANDS AMBULANCE SERVICE NHS TRUST,11311560,"480,273.00",SLA APR 18
Department of Health,03K,30/04/2018,Hcare Srv Rec NHS Trust-CQUIN,ACUTE COMMISSIONING,LEEDS TEACHING HOSPITALS NHS TRUST,1410093551,"63,327.00",SLA APR 18
Department of Health,03K,30/04/2018,Hcare Srv Rec Fdtn Trust-CQUIN,ACUTE CHILDRENS SERVICES,SHEFFIELD CHILDRENS NHS FOUNDATION TRUST,210000011,"35,797.00",SLA APR 18
Department of Health,03K,30/04/2018,Hcare Srv Rec Fdtn Trust-CQUIN,ACUTE COMMISSIONING,NORTHERN LINCOLNSHIRE AND GOOLE HOSPITALS NHS FOUNDATION TRUST,2400019444,"200,000.00",CQUIN RISK RESERVE
Department of Health,03K,30/04/2018,Hcare Srv Rec Fdtn Trust-Contract Baseline,ACUTE COMMISSIONING,NORTHERN LINCOLNSHIRE AND GOOLE HOSPITALS NHS FOUNDATION TRUST,2400019454,"9,101,713.00",SLA APR 18
Department of Health,03K,30/04/2018,Hcare Srv Rec NHS Trust-Contract Baseline,NHS 111,YORKSHIRE AMBULANCE SERVICE NHS TRUST,2810022464,"32,358.00",SLA PATIENT TRANSPORT APR 18
Department of Health,03K,30/04/2018,Hcare Srv Rec Fdtn Trust-CQUIN,ACUTE COMMISSIONING,DONCASTER AND BASSETLAW HOSPITALS NHS FOUNDATION TRUST,56390085,"277,536.00",SLA APR 18
Department of Health,03K,30/04/2018,Hcare Srv Rec NHS Trust-CQUIN,ACUTE COMMISSIONING,HULL AND EAST YORKSHIRE HOSPITALS NHS TRUST,H0014397,"976,866.00",SLA APR 18
Department of Health,03K,30/04/2018,Hcare Srv Rec Fdtn Trust-Non Contract,NCAS/OATS,ROYAL BROMPTON & HAREFIELD NHS FOUNDATION TRUST,N002487,"39,503.01",NCA M12
Department of Health,03K,30/04/2018,Hcare Srv Rec Fdtn Trust-CQUIN,MENTAL HEALTH CONTRACTS,ROTHERHAM DONCASTER & SOUTH HUMBER MENTAL HEALTH NHS FOUNDATION TRUST,PP0000080730/0000080776/0000080731,"1,142,130.72",APR BLOCK 2018
Department of Health,03K,30/04/2018,Hcare Srv Rec Fdtn Trust-Contract Baseline,ACUTE COMMISSIONING,SHEFFIELD TEACHING HOSPITALS NHS FOUNDATION TRUST,STH04718,"103,562.00",SLA APR 18
Department of Health,03K,30/04/2018,C&M-GMS Cost of Drugs -Dispensing,LOCAL ENHANCED SERVICES,RIVERSIDE SURGERY,KHU000029310,"-46,799.60",LOCAL ENHANCED SERVICES
Department of Health,03K,30/04/2018,C&M-GMS Cost of Drugs -Dispensing,LOCAL ENHANCED SERVICES,RIVERSIDE SURGERY,KHU000029311,"110,371.20",LOCAL ENHANCED SERVICES
Department of Health,03K,30/04/2018,C&M-GMS Cost of Drugs -Dispensing,LOCAL ENHANCED SERVICES,CENTRAL SURGERY BARTON HUMBER,KHU000029319,"-39,569.85",LOCAL ENHANCED SERVICES
Department of Health,03K,30/04/2018,C&M-GMS Cost of Drugs -Dispensing,LOCAL ENHANCED SERVICES,CENTRAL SURGERY BARTON HUMBER,KHU000029320,"76,174.78",LOCAL ENHANCED SERVICES
Department of Health,03K,30/04/2018,C&M-GMS Cost of Drugs -Dispensing,LOCAL ENHANCED SERVICES,KIRTON LINDSEY SURGERY,KHU000029324,"-26,957.48",LOCAL ENHANCED SERVICES
Department of Health,03K,30/04/2018,C&M-GMS Cost of Drugs -Dispensing,LOCAL ENHANCED SERVICES,KIRTON LINDSEY SURGERY,KHU000029325,"75,565.69",LOCAL ENHANCED SERVICES
Department of Health,03K,30/04/2018,C&M-GMS Cost of Drugs -Dispensing,LOCAL ENHANCED SERVICES,SOUTH AXHOLME PRACTICE,KHU000029327,"-83,027.76",LOCAL ENHANCED SERVICES
Department of Health,03K,30/04/2018,C&M-GMS Cost of Drugs -Dispensing,LOCAL ENHANCED SERVICES,SOUTH AXHOLME PRACTICE,KHU000029328,"152,655.31",LOCAL ENHANCED SERVICES
Department of Health,03K,30/04/2018,C&M-GMS Cost of Drugs -Dispensing,LOCAL ENHANCED SERVICES,SK NAEEM,KHU000029337,"32,796.29",LOCAL ENHANCED SERVICES
Department of Health,03K,30/04/2018,Clinical&Medical-Independent Sector,ACUTE COMMISSIONING,SPIRE HEALTHCARE LTD,03KHULPF181901,"69,589.00",SLA APR 18
Department of Health,03K,30/04/2018,Clinical&Medical-Independent Sector,NCAS/OATS,CARE UK CLINICAL SERVICES LTD,100065937,"32,777.24",INDICATIVE ACTIVITY APR 18
Department of Health,03K,30/04/2018,LPF Management Fees,PRIMARY CARE IT,KIER BUSINESS SERVICES LTD,10064630,"66,993.60",SLA SERVICES APR 18
Department of Health,03K,30/04/2018,Cont Care- Prior Year Payments,LEARNING DIFFICULTIES,ASC HEALTHCARE LTD,10530,"36,112.00",REF: NL149 FEB 2018 CARE
Department of Health,03K,30/04/2018,Clinical&Medical-Independent Sector,PATIENT TRANSPORT,THAMES AMBULANCE SERVICE LTD,1314,"-28,302.56",SLA PATIENT TRANSPORT APR 18
Department of Health,03K,30/04/2018,Cont Care- Prior Year Payments,ADULT JOINT FUNDED CONTINUING CARE,OPTIONS AUTISM (2) LTD,1320201309,"51,330.68",REF: 165 01/10/16-31/01/18 CARE
Department of Health,03K,30/04/2018,Clinical&Medical-Independent Sector,PATIENT TRANSPORT,THAMES AMBULANCE SERVICE LTD,19964,"28,302.56",SLA PATIENT TRANSPORT RENAL APR 18
Department of Health,03K,30/04/2018,Clinical&Medical-Independent Sector,CLINICAL ASSESSMENT AND TREATMENT CENTRES,VIRGIN CARE EAST RIDING LLP,301093281,"97,372.97",SLA APR 18
Department of Health,03K,30/04/2018,Cont Care- Children,Children's Continuing Care,NORTH LINCOLNSHIRE COUNCIL,A0038126,"33,205.74",REF:3399 01/11/17 - 31/03/18 RESIDENTIAL ACCOMODATION
Department of Health,03K,30/04/2018,Clinical&Medical-Independent Sector,ACUTE COMMISSIONING,ST HUGHS HOSPITAL,Apr-18,"45,833.00",PROCEDURES APR 18
Department of Health,03K,30/04/2018,C&M-GMS Cost of Drugs -Dispensing,LOCAL ENHANCED SERVICES,BARNETBY MEDICAL CENTRE,KHU000029334,"-28,883.36",LOCAL ENHANCED SERVICES
Department of Health,03K,30/04/2018,C&M-GMS Cost of Drugs -Dispensing,LOCAL ENHANCED SERVICES,BARNETBY MEDICAL CENTRE,KHU000029335,"70,740.61",LOCAL ENHANCED SERVICES
Department of Health,03K,30/04/2018,Oth Trav Csts Commission and Discou,PATIENT TRANSPORT,THAMES AMBULANCE SERVICE LTD,PP19964/19960/19958/19961/19959/1314/1312/1311,"127,984.46",APRI BLOCK SLA 
Department of Health,03K,30/04/2018,Training Expenses,CEO/BOARD OFFICE,BEECH CENTRE (THE),PP3493,"78,000.00",STRATEGIC OD MEMBERSHIP
