Department family,Entity,Date,Expense Type,Expense area,Supplier,Transaction number, AP Amount (�) ,Description
Department of Health,03K,30/09/2018,C&M-GMS Cost of Drugs -Dispensing,LOCAL ENHANCED SERVICES,BRIDGE STREET SURGERY,KHU000031522,"-29,834.59 ",LOCAL ENHANCED SERVICES
Department of Health,03K,30/09/2018,C&M-GMS Cost of Drugs -Dispensing,LOCAL ENHANCED SERVICES,BRIDGE STREET SURGERY,KHU000031523," 62,069.45 ",LOCAL ENHANCED SERVICES
Department of Health,03K,30/09/2018,C&M-GMS Cost of Drugs -Dispensing,LOCAL ENHANCED SERVICES,DR P A WEBSTER & PARTNERS,KHU000031529,"-63,184.94 ",LOCAL ENHANCED SERVICES
Department of Health,03K,30/09/2018,C&M-GMS Cost of Drugs -Dispensing,LOCAL ENHANCED SERVICES,DR P A WEBSTER & PARTNERS,KHU000031530," 122,140.07 ",LOCAL ENHANCED SERVICES
Department of Health,03K,30/09/2018,C&M-GMS Cost of Drugs -Dispensing,LOCAL ENHANCED SERVICES,TRENT VIEW MEDICAL PRACTICE,KHU000031536,"-42,323.42 ",LOCAL ENHANCED SERVICES
Department of Health,03K,30/09/2018,C&M-GMS Cost of Drugs -Dispensing,LOCAL ENHANCED SERVICES,TRENT VIEW MEDICAL PRACTICE,KHU000031537," 95,005.97 ",LOCAL ENHANCED SERVICES
Department of Health,03K,30/09/2018,LPF Management Fees,NCAS/OATS,NHS NORTH OF ENGLAND CSU,7310012893," 37,381.25 ",SLA SEP 18
Department of Health,03K,30/09/2018,Basic Sal-Rechgs to-from Other NHS,CEO/ BOARD OFFICE,NHS NORTH EAST LINCOLNSHIRE CCG,7015701163," 27,751.18 ",SALARY RECHARGES JULY-AUG 2018
Department of Health,03K,30/09/2018,Hcare Srv Rec Fdtn Trust-CQUIN,MENTAL HEALTH CONTRACTS,ROTHERHAM DONCASTER & SOUTH HUMBER MENTAL HEALTH NHS FOUNDATION TRUST,0000083240," 1,125,676.42 ",SLA SEP 18
Department of Health,03K,30/09/2018,Hcare Srv Rec NHS Trust-CQUIN,ACUTE COMMISSIONING,UNITED LINCOLNSHIRE HOSPITALS NHS TRUST,0000193746," 87,105.59 ",SLA SEP 18
Department of Health,03K,30/09/2018,Hcare Srv Rec NHS Trust-CQUIN,AMBULANCE SERVICES,EAST MIDLANDS AMBULANCE SERVICE NHS TRUST,11312496," 475,897.00 ",SLA SEP 18
Department of Health,03K,30/09/2018,Hcare Srv Rec NHS Trust-CQUIN,ACUTE COMMISSIONING,LEEDS TEACHING HOSPITALS NHS TRUST,1410102558," 63,327.00 ",SLA SEP 18
Department of Health,03K,30/09/2018,Hcare Srv Rec Fdtn Trust-Over/ Under Performance,ACUTE CHILDRENS SERVICES,SHEFFIELD CHILDRENS NHS FOUNDATION TRUST,2100194533," 51,698.03 ",M3 & M1 FLEX BILLING
Department of Health,03K,30/09/2018,Hcare Srv Rec Fdtn Trust-CQUIN,ACUTE CHILDRENS SERVICES,SHEFFIELD CHILDRENS NHS FOUNDATION TRUST,2100194680," 38,021.17 ",SLA SEP 18
Department of Health,03K,30/09/2018,Hcare Srv Rec Fdtn Trust-CQUIN,ACUTE COMMISSIONING,NORTHERN LINCOLNSHIRE AND GOOLE HOSPITALS NHS FOUNDATION TRUST,2400020649," 9,072,703.00 ",BLOCK SEPTEMBER 2018
Department of Health,03K,30/09/2018,Hcare Srv Rec NHS Trust-Contract Baseline,NHS 111,YORKSHIRE AMBULANCE SERVICE NHS TRUST,2810023822," 32,358.00 ",SLA SEP 18
Department of Health,03K,30/09/2018,Hcare Srv Rec Fdtn Trust-Contract Baseline,ACUTE COMMISSIONING,SHEFFIELD TEACHING HOSPITALS NHS FOUNDATION TRUST,4000541279," 100,317.00 ",SLA SEP 18
Department of Health,03K,30/09/2018,Hcare Srv Rec Fdtn Trust-Over/ Under Performance,ACUTE COMMISSIONING,SHEFFIELD TEACHING HOSPITALS NHS FOUNDATION TRUST,4000541417," 50,262.00 ",Q1 PAYMENT OVER PERFORMANCE
Department of Health,03K,30/09/2018,Hcare Srv Rec Fdtn Trust-Over/ Under Performance,ACUTE COMMISSIONING,DONCASTER AND BASSETLAW HOSPITALS NHS FOUNDATION TRUST,56393772," 53,423.00 ",SLA Q1 FREEZE
Department of Health,03K,30/09/2018,Hcare Srv Rec Fdtn Trust-CQUIN,ACUTE COMMISSIONING,DONCASTER AND BASSETLAW HOSPITALS NHS FOUNDATION TRUST,56393837," 277,536.00 ",SLA SEP 18
Department of Health,03K,30/09/2018,Hcare Srv Rec Fdtn Trust-Non Contract,LEARNING DIFFICULTIES,NORTHUMBERLAND TYNE AND WEAR NHS FOUNDATION TRUST,9810017248," 68,640.82 ",NAMED PATIENT CARE FEES AUG 18
Department of Health,03K,30/09/2018,Hcare Srv Rec NHS Trust-CQUIN,ACUTE COMMISSIONING,HULL AND EAST YORKSHIRE HOSPITALS NHS TRUST,H0014803," 99,559.00 ",CQUIN BALANCE 17/18
Department of Health,03K,30/09/2018,Hcare Srv Rec NHS Trust-CQUIN,ACUTE COMMISSIONING,HULL AND EAST YORKSHIRE HOSPITALS NHS TRUST,H0017999," 1,013,503.75 ",SLA SEP 18
Department of Health,03K,30/09/2018,Clinical&Medical-Independent Sector,MENTAL HEALTH SERVICES - ADULTS,MOBARO,1748," 40,000.00 ",MOBARO PLATFORM TRIAL
Department of Health,03K,30/09/2018,C&M-GMS Cost of Drugs -Dispensing,LOCAL ENHANCED SERVICES,CENTRAL SURGERY BARTON HUMBER,KHU000031526,"-36,140.96 ",LOCAL ENHANCED SERVICES
Department of Health,03K,30/09/2018,C&M-GMS Cost of Drugs -Dispensing,LOCAL ENHANCED SERVICES,CENTRAL SURGERY BARTON HUMBER,KHU000031527," 76,330.47 ",LOCAL ENHANCED SERVICES
Department of Health,03K,30/09/2018,C&M-GMS Cost of Drugs -Dispensing,LOCAL ENHANCED SERVICES,KIRTON LINDSEY SURGERY,KHU000031531,"-45,494.54 ",LOCAL ENHANCED SERVICES
Department of Health,03K,30/09/2018,C&M-GMS Cost of Drugs -Dispensing,LOCAL ENHANCED SERVICES,KIRTON LINDSEY SURGERY,KHU000031532," 91,165.47 ",LOCAL ENHANCED SERVICES
Department of Health,03K,30/09/2018,C&M-GMS Cost of Drugs -Dispensing,LOCAL ENHANCED SERVICES,SOUTH AXHOLME PRACTICE,KHU000031534,"-84,216.03 ",LOCAL ENHANCED SERVICES
Department of Health,03K,30/09/2018,C&M-GMS Cost of Drugs -Dispensing,LOCAL ENHANCED SERVICES,SOUTH AXHOLME PRACTICE,KHU000031535," 176,981.62 ",LOCAL ENHANCED SERVICES
Department of Health,03K,30/09/2018,C&M-GMS Cost of Drugs -Dispensing,LOCAL ENHANCED SERVICES,SK NAEEM,KHU000031544," 33,011.26 ",LOCAL ENHANCED SERVICES
Department of Health,03K,30/09/2018,C&M-GMS Cost of Drugs -Dispensing,LOCAL ENHANCED SERVICES,RIVERSIDE SURGERY,KHU000031545,"-53,272.48 ",LOCAL ENHANCED SERVICES
Department of Health,03K,30/09/2018,C&M-GMS Cost of Drugs -Dispensing,LOCAL ENHANCED SERVICES,RIVERSIDE SURGERY,KHU000031546," 96,948.46 ",LOCAL ENHANCED SERVICES
Department of Health,03K,30/09/2018,Clinical&Medical-Independent Sector,ACUTE COMMISSIONING,SPIRE HEALTHCARE LTD,03KHULPF181906," 118,647.00 ",SLA SEP 18
Department of Health,03K,30/09/2018,Clinical&Medical-Independent Sector,ACUTE COMMISSIONING,CARE UK CLINICAL SERVICES LTD,100076788," 32,777.24 ",NCA SEP 18
Department of Health,03K,30/09/2018,LPF Management Fees,PRIMARY CARE IT,KIER BUSINESS SERVICES LTD,10103082," 66,993.60 ",SLA SEP 18
Department of Health,03K,30/09/2018,Soc Care-Re-ablement services,REABLEMENT,NORTH LINCOLNSHIRE COUNCIL,105401-18-SEP-2018," 350,000.00 ",BCF SEP 18
Department of Health,03K,30/09/2018,Cont Care-Physical Disab (<65),CHC ADULT FULLY FUNDED,HAVENMERE HEALTH CARE LTD,1288B169658," 46,527.33 ",CHC AUG 18
Department of Health,03K,30/09/2018,Clinical&Medical-Independent Sector,MENTAL HEALTH SERVICES - ADULTS,HAVENMERE HEALTH CARE LTD,1301169658," 44,563.27 ",CHC AUG 18
Department of Health,03K,30/09/2018,Clinical&Medical-Independent Sector,PATIENT TRANSPORT,THAMES AMBULANCE SERVICE LTD,20407," 87,555.67 ",SLA SEP 18
Department of Health,03K,30/09/2018,Clinical&Medical-Independent Sector,PATIENT TRANSPORT,THAMES AMBULANCE SERVICE LTD,20409," 28,302.56 ",SLA SEP 18
Department of Health,03K,30/09/2018,Clinical&Medical-Independent Sector,COMMUNITY SERVICES,VIRGIN CARE EAST RIDING LLP,301103281," 69,270.77 ",RECONCILIATION SLA INVOICE APR- MAY 18
Department of Health,03K,30/09/2018,Clinical&Medical-Independent Sector,COMMUNITY SERVICES,VIRGIN CARE EAST RIDING LLP,301104282," 48,962.62 ",SLA JUN 18
Department of Health,03K,30/09/2018,Clinical&Medical-Independent Sector,COMMUNITY SERVICES,VIRGIN CARE EAST RIDING LLP,301108284," 26,167.15 ",SLA JUL 18
Department of Health,03K,30/09/2018,Clinical&Medical-Independent Sector,COMMUNITY SERVICES,VIRGIN CARE EAST RIDING LLP,301602001," 97,372.97 ",SLA SEP 18
Department of Health,03K,30/09/2018,Cont Care- Palliative Care,CHC ADULT FULLY FUNDED,HOLLY TREE LODGE NURSING HOME,591," 25,696.30 ",NAMED PATIENTS CARE FEES 28/06/18 - 31/08/18
Department of Health,03K,30/09/2018,Cont Care- Children,Children's Continuing Care,NORTH LINCOLNSHIRE COUNCIL,A0038932," 25,069.12 ",NAMED PATIENT APR-JUL 18 CARE FEES
Department of Health,03K,30/09/2018,C&M-GMS Cost of Drugs -Dispensing,LOCAL ENHANCED SERVICES,BARNETBY MEDICAL CENTRE,KHU000031541,"-34,697.92 ",LOCAL ENHANCED SERVICES
Department of Health,03K,30/09/2018,C&M-GMS Cost of Drugs -Dispensing,LOCAL ENHANCED SERVICES,BARNETBY MEDICAL CENTRE,KHU000031542," 65,092.36 ",LOCAL ENHANCED SERVICES
Department of Health,03K,30/09/2018,Clinical&Medical-Independent Sector,ACUTE COMMISSIONING,ST HUGHS HOSPITAL,MAYXS2018," 31,000.99 ",ACTIVITY OVER CONTRACT MAY 18
Department of Health,03K,30/09/2018,Clinical&Medical-Independent Sector,ACUTE COMMISSIONING,ST HUGHS HOSPITAL,SEP2018," 75,461.00 ",SLA SEP 18
Department of Health,03K,30/09/2018,Clinical&Medical-Independent Sector,LEARNING DIFFICULTIES,ST MARYS HOSPITALS LTD,SM0000001581," 38,350.00 ",NAMED PATIENT 28/06 - 31/08 CARE FEES
,,,,,,,,
,,,,,,,,
,,,,,,,,
,,,,,,,,
,,,,,,,,
,,,,,,,,
,,,,,,,,
,,,,,,,,
,,,,,,,,
,,,,,,,,
,,,,,,,,
,,,,,,,,
,,,,,,,,
,,,,,,,,
,,,,,,,,
,,,,,,,,
,,,,,,,,
,,,,,,,,
