Department family,Entity,Date,Expense Type,Expense area,Supplier,Transaction number, AP Amount (�) ,Description
Department of Health,03K,30/11/2018,C&M-GMS Cost of Drugs -Dispensing,LOCAL ENHANCED SERVICES,BARNETBY MEDICAL CENTRE,KHU000032351,"-34,695.70 ",LOCAL ENHANCED SERVICES
Department of Health,03K,30/11/2018,C&M-GMS Cost of Drugs -Dispensing,LOCAL ENHANCED SERVICES,BARNETBY MEDICAL CENTRE,KHU000032352," 68,134.74 ",LOCAL ENHANCED SERVICES
Department of Health,03K,30/11/2018,C&M-GMS Cost of Drugs -Dispensing,LOCAL ENHANCED SERVICES,BRIDGE STREET SURGERY,KHU000032332,"-29,329.75 ",LOCAL ENHANCED SERVICES
Department of Health,03K,30/11/2018,C&M-GMS Cost of Drugs -Dispensing,LOCAL ENHANCED SERVICES,BRIDGE STREET SURGERY,KHU000032333," 66,904.55 ",LOCAL ENHANCED SERVICES
Department of Health,03K,30/11/2018,Clinical&Medical-Independent Sector,ACUTE COMMISSIONING,CARE UK CLINICAL SERVICES LTD,100080460," 32,777.24 ",SLA NOV 18
Department of Health,03K,30/11/2018,C&M-GMS Cost of Drugs -Dispensing,LOCAL ENHANCED SERVICES,CENTRAL SURGERY BARTON HUMBER,KHU000032336,"-42,012.90 ",LOCAL ENHANCED SERVICES
Department of Health,03K,30/11/2018,C&M-GMS Cost of Drugs -Dispensing,LOCAL ENHANCED SERVICES,CENTRAL SURGERY BARTON HUMBER,KHU000032337," 95,915.49 ",LOCAL ENHANCED SERVICES
Department of Health,03K,30/11/2018,Hcare Srv Rec Fdtn Trust-CQUIN,ACUTE COMMISSIONING,DONCASTER AND BASSETLAW HOSPITALS NHS FOUNDATION TRUST,56395319," 277,536.00 ",SLA NOV 18
Department of Health,03K,30/11/2018,C&M-GMS Cost of Drugs -Dispensing,LOCAL ENHANCED SERVICES,DR P A WEBSTER & PARTNERS,KHU000032339,"-65,375.08 ",LOCAL ENHANCED SERVICES
Department of Health,03K,30/11/2018,C&M-GMS Cost of Drugs -Dispensing,LOCAL ENHANCED SERVICES,DR P A WEBSTER & PARTNERS,KHU000032340," 118,151.74 ",LOCAL ENHANCED SERVICES
Department of Health,03K,30/11/2018,Hcare Srv Rec NHS Trust-CQUIN,AMBULANCE SERVICES,EAST MIDLANDS AMBULANCE SERVICE NHS TRUST,11312793," 475,897.00 ",SLA NOV 18
Department of Health,03K,30/11/2018,Cont Care-Physical Disab (<65),CHC ADULT FULLY FUNDED,HAVENMERE HEALTH CARE LTD,1328B169658," 46,527.33 ",CHC OCT 18
Department of Health,03K,30/11/2018,Clinical&Medical-Independent Sector,MENTAL HEALTH SERVICES - ADULTS,HAVENMERE HEALTH CARE LTD,1340169658," 51,575.49 ",SPECIALIST SERVICES OCT 18
Department of Health,03K,30/11/2018,Hcare Srv Rec NHS Trust-CQUIN,ACUTE COMMISSIONING,HULL AND EAST YORKSHIRE HOSPITALS NHS TRUST,H0019190," 1,013,504.00 ",BLOCK CONTRACT NOVEMBER
Department of Health,03K,30/11/2018,Cont Care-Physical Disab (<65),CHC AD FULL FUND PERS HLTH BUD,JOHN KEVIN CLAYTON (SCUNTHORPE),105455-19-NOV-2018," 25,796.82 ",PHB NAMED PATIENT DEC 18
Department of Health,03K,30/11/2018,LPF Management Fees,PRIMARY CARE IT,KIER BUSINESS SERVICES LTD,10117547," 66,993.60 ",SLA BLOCK INVOICE NOV 18
Department of Health,03K,30/11/2018,C&M-GMS Cost of Drugs -Dispensing,LOCAL ENHANCED SERVICES,KIRTON LINDSEY SURGERY,KHU000032341,"-53,892.24 ",LOCAL ENHANCED SERVICES
Department of Health,03K,30/11/2018,C&M-GMS Cost of Drugs -Dispensing,LOCAL ENHANCED SERVICES,KIRTON LINDSEY SURGERY,KHU000032342," 99,022.06 ",LOCAL ENHANCED SERVICES
Department of Health,03K,30/11/2018,Hcare Srv Rec NHS Trust-CQUIN,ACUTE COMMISSIONING,LEEDS TEACHING HOSPITALS NHS TRUST,1410106485," 63,327.00 ",SLA NOV 2018
Department of Health,03K,30/11/2018,Clinical&Medical-Independent Sector,NCAS/OATS,NEW MEDICAL SYSTEMS LTD,00000549," 27,681.64 ",EYE PROCEDURES OCT 18
Department of Health,03K,30/11/2018,Hcare Srv Rec Fdtn Trust-Contract Baseline,ACUTE COMMISSIONING,NORTHERN LINCOLNSHIRE AND GOOLE HOSPITALS NHS FOUNDATION TRUST,2400021239," 70,638.00 ",CQUIN RECONCILIATION
Department of Health,03K,30/11/2018,Hcare Srv Rec Fdtn Trust-Contract Baseline,ACUTE COMMISSIONING,NORTHERN LINCOLNSHIRE AND GOOLE HOSPITALS NHS FOUNDATION TRUST,2400021254," 1,558,450.00 ",CQUIN TRADING VARIANCE
Department of Health,03K,30/11/2018,Hcare Srv Rec Fdtn Trust-CQUIN,ACUTE COMMISSIONING,NORTHERN LINCOLNSHIRE AND GOOLE HOSPITALS NHS FOUNDATION TRUST,2400021311," 8,964,912.00 ",SLA NOV 18
Department of Health,03K,30/11/2018,Hcare Srv Rec Fdtn Trust-Contract Baseline,ACUTE COMMISSIONING,NORTHERN LINCOLNSHIRE AND GOOLE HOSPITALS NHS FOUNDATION TRUST,2500002689,"-70,638.00 ",CREDIT RE 2400021239
Department of Health,03K,30/11/2018,Hcare Srv Rec Fdtn Trust-Contract Baseline,ACUTE COMMISSIONING,NORTHERN LINCOLNSHIRE AND GOOLE HOSPITALS NHS FOUNDATION TRUST,2500002771,"-1,558,450.00 ",CQUIN TRADING VARIANCE
Department of Health,03K,30/11/2018,Hcare Srv Rec Fdtn Trust-Non Contract,LEARNING DIFFICULTIES,NORTHUMBERLAND TYNE AND WEAR NHS FOUNDATION TRUST,9810017855," 68,640.82 ",OCTOBER PACKAGE NAMED PATIENT
Department of Health,03K,30/11/2018,C&M-GMS Cost of Drugs -Dispensing,LOCAL ENHANCED SERVICES,RIVERSIDE SURGERY,KHU000032355,"-54,017.50 ",LOCAL ENHANCED SERVICES
Department of Health,03K,30/11/2018,C&M-GMS Cost of Drugs -Dispensing,LOCAL ENHANCED SERVICES,RIVERSIDE SURGERY,KHU000032356," 112,099.77 ",LOCAL ENHANCED SERVICES
Department of Health,03K,30/11/2018,Hcare Srv Rec Fdtn Trust-CQUIN,MENTAL HEALTH CONTRACTS,ROTHERHAM DONCASTER & SOUTH HUMBER MENTAL HEALTH NHS FOUNDATION TRUST,0000083940," 1,125,676.42 ",SLA NOV 18
Department of Health,03K,30/11/2018,Miscellaneous Expenditure (L9),GP FORWARD VIEW,SAFECARE NETWORK LTD,002A," 69,999.00 ",NOVEMBER BLOCK
Department of Health,03K,30/11/2018,Hcare Srv Rec Fdtn Trust-CQUIN,ACUTE CHILDRENS SERVICES,SHEFFIELD CHILDRENS NHS FOUNDATION TRUST,2100196117," 38,021.17 ",BLOCK INVOICE NOVEMBER
Department of Health,03K,30/11/2018,Hcare Srv Rec Fdtn Trust-Contract Baseline,ACUTE COMMISSIONING,SHEFFIELD TEACHING HOSPITALS NHS FOUNDATION TRUST,4000546845," 100,317.00 ",SLA NOV 2018
Department of Health,03K,30/11/2018,C&M-GMS Cost of Drugs -Dispensing,LOCAL ENHANCED SERVICES,SK NAEEM,KHU000032354," 41,617.88 ",LOCAL ENHANCED SERVICES
Department of Health,03K,30/11/2018,C&M-GMS Cost of Drugs -Dispensing,LOCAL ENHANCED SERVICES,SOUTH AXHOLME PRACTICE,KHU000032344,"-90,156.64 ",LOCAL ENHANCED SERVICES
Department of Health,03K,30/11/2018,C&M-GMS Cost of Drugs -Dispensing,LOCAL ENHANCED SERVICES,SOUTH AXHOLME PRACTICE,KHU000032345," 175,608.57 ",LOCAL ENHANCED SERVICES
Department of Health,03K,30/11/2018,Clinical&Medical-Independent Sector,ACUTE COMMISSIONING,SPIRE HEALTHCARE LTD,03KHULPF181908," 118,647.00 ",SLA NOV 18
Department of Health,03K,30/11/2018,Clinical&Medical-Independent Sector,ACUTE COMMISSIONING,ST HUGHS HOSPITAL,LINCNNOV2018," 75,461.00 ",SLA NOV 18
Department of Health,03K,30/11/2018,Oth Trav Csts Commission and Discou,PATIENT TRANSPORT,THAMES AMBULANCE SERVICE LTD,20671," 87,555.67 ",SLA NOV 18
Department of Health,03K,30/11/2018,Oth Trav Csts Commission and Discou,PATIENT TRANSPORT,THAMES AMBULANCE SERVICE LTD,20673," 28,302.56 ",SLA NOV 18
Department of Health,03K,30/11/2018,C&M-GMS Cost of Drugs -Dispensing,LOCAL ENHANCED SERVICES,TRENT VIEW MEDICAL PRACTICE,KHU000032346,"-45,431.68 ",LOCAL ENHANCED SERVICES
Department of Health,03K,30/11/2018,C&M-GMS Cost of Drugs -Dispensing,LOCAL ENHANCED SERVICES,TRENT VIEW MEDICAL PRACTICE,KHU000032347," 100,876.64 ",LOCAL ENHANCED SERVICES
Department of Health,03K,30/11/2018,Hcare Srv Rec NHS Trust-CQUIN,ACUTE COMMISSIONING,UNITED LINCOLNSHIRE HOSPITALS NHS TRUST,0000194794," 87,105.59 ",SLA NOV 2018
Department of Health,03K,30/11/2018,Clinical&Medical-Independent Sector,COMMUNITY SERVICES,VIRGIN CARE EAST RIDING LLP,301118284," 32,615.08 ",SLA NOV 18
Department of Health,03K,30/11/2018,Clinical&Medical-Independent Sector,COMMUNITY SERVICES,VIRGIN CARE EAST RIDING LLP,301604001," 97,372.97 ",BLOCK CONTRACT NOVEMBER
Department of Health,03K,30/11/2018,Hcare Srv Rec NHS Trust-Contract Baseline,NHS 111,YORKSHIRE AMBULANCE SERVICE NHS TRUST,2810024340," 32,358.00 ",SLA NOV 18
