Department family,Entity,Date,Expense Type,Expense area,Supplier,Transaction number,AP Amount (�),VAT registration number,Purchase invoice number
Department of Health,NHS Bradford Districts CCG,30/11/2018,Computer Software/License,PRESCRIBING,FIRST DATABANK EUROPE LTD,24547757,187598.27,585826589,8004
Department of Health,NHS Bradford Districts CCG,30/11/2018,Chrgs from SLA,CORPORATE - ESTATES - (P),KIER BUSINESS SERVICES LTD,24595617,7226.4,GB900540375,10110583
Department of Health,NHS Bradford Districts CCG,30/11/2018,Chrgs from SLA,FINANCE,KIER BUSINESS SERVICES LTD,24595617,55797.6,GB900540375,10110583
Department of Health,NHS Bradford Districts CCG,30/11/2018,Chrgs from SLA,PRIMARY CARE IT,KIER BUSINESS SERVICES LTD,24595617,51307.2,GB900540375,10110583
Department of Health,NHS Bradford Districts CCG,30/11/2018,Hcare Srv Rec Fdtn Trust-Non Contract,COMMUNITY SERVICES,BRADFORD TEACHING HOSPITALS NHS FOUNDATION TRUST,24595909,-66711.86,654913617,307546
Department of Health,NHS Bradford Districts CCG,30/11/2018,Chrgs from SLA,CORPORATE - ESTATES - (P),KIER BUSINESS SERVICES LTD,24597991,7226.4,GB900540375,10117535
Department of Health,NHS Bradford Districts CCG,30/11/2018,Chrgs from SLA,FINANCE,KIER BUSINESS SERVICES LTD,24597991,55797.6,GB900540375,10117535
Department of Health,NHS Bradford Districts CCG,30/11/2018,Chrgs from SLA,PRIMARY CARE IT,KIER BUSINESS SERVICES LTD,24597991,51307.2,GB900540375,10117535
Department of Health,NHS Bradford Districts CCG,30/11/2018,Hcare Srv Rec Fdtn Trust-Non Contract,MENTAL HEALTH SERVICES - OTHER,BRADFORD TEACHING HOSPITALS NHS FOUNDATION TRUST,24638679,29546.12,654913617,307232
Department of Health,NHS Bradford Districts CCG,30/11/2018,Hcare Srv Rec Fdtn Trust-Non Contract,CLINICAL ASSESSMENT AND TREATMENT CENTRES,BRADFORD TEACHING HOSPITALS NHS FOUNDATION TRUST,24650379,39850,654913617,307152
Department of Health,NHS Bradford Districts CCG,30/11/2018,Hcare Srv Rec Fdtn Trust-Non Contract,CHILDREN SERVICES,BRADFORD TEACHING HOSPITALS NHS FOUNDATION TRUST,24650382,66058.65,654913617,307236
Department of Health,NHS Bradford Districts CCG,30/11/2018,Clinical&Medical-Voluntary Sector,COMMISSIONING SCHEMES,HALE,24650391,34550,,576
Department of Health,NHS Bradford Districts CCG,30/11/2018,Clinical&Medical-Independent Sector,CHILDREN SERVICES,BETTER START BRADFORD,24650408,68740,,129
Department of Health,NHS Bradford Districts CCG,30/11/2018,Clinical&Medical-Independent Sector,PLANNED CARE,PRESCRIBING SUPPORT SERVICES,24650411,26574,GB243314242,INV03748
Department of Health,NHS Bradford Districts CCG,30/11/2018,Clinical&Medical-Independent Sector,QUALITY PREMIUM PROGRAMME,BRADFORD VCS ALLIANCE LTD,24650420,100000,,17
Department of Health,NHS Bradford Districts CCG,30/11/2018,Clinical&Medical-Independent Sector,PLANNED CARE,TRUST PRIMARY CARE LTD,24650444,26254,,TPCDERM681819
Department of Health,NHS Bradford Districts CCG,30/11/2018,Clinical&Medical-Independent Sector,PLANNED CARE,PRESCRIBING SUPPORT SERVICES,24650460,28416,GB243314242,INV03834
Department of Health,NHS Bradford Districts CCG,30/11/2018,C&M-PMS GP Statutory Levy,PRC DELEGATED CO-COMMISSIONING,BINGLEY MEDICAL PRACTICE,24664107,-1859.46,,BRA000024321
Department of Health,NHS Bradford Districts CCG,30/11/2018,C&M-PMS Voluntary Levy,PRC DELEGATED CO-COMMISSIONING,BINGLEY MEDICAL PRACTICE,24664107,-129.74,,BRA000024321
Department of Health,NHS Bradford Districts CCG,30/11/2018,ME - PMS TPS Added Years Adj EEs,PRC DELEGATED CO-COMMISSIONING,BINGLEY MEDICAL PRACTICE,24664107,-480.5,,BRA000024321
Department of Health,NHS Bradford Districts CCG,30/11/2018,ME-PMS GP Pension EEs-PMS,PRC DELEGATED CO-COMMISSIONING,BINGLEY MEDICAL PRACTICE,24664107,-12760.52,,BRA000024321
Department of Health,NHS Bradford Districts CCG,30/11/2018,ME-PMS GP Pension ERs Adjs - PMS,PRC DELEGATED CO-COMMISSIONING,BINGLEY MEDICAL PRACTICE,24664107,-13514.86,,BRA000024321
Department of Health,NHS Bradford Districts CCG,30/11/2018,C&M-PMS Baseline Adjustment,PRC DELEGATED CO-COMMISSIONING,BINGLEY MEDICAL PRACTICE,24664108,106.92,,BRA000024322
Department of Health,NHS Bradford Districts CCG,30/11/2018,C&M-PMS Contract Value,PRC DELEGATED CO-COMMISSIONING,BINGLEY MEDICAL PRACTICE,24664108,101524.23,,BRA000024322
Department of Health,NHS Bradford Districts CCG,30/11/2018,C&M-PMS Funding Differential Review,PRC DELEGATED CO-COMMISSIONING,BINGLEY MEDICAL PRACTICE,24664108,12687.79,,BRA000024322
Department of Health,NHS Bradford Districts CCG,30/11/2018,C&M-PMS List Size Adjustment,PRC DELEGATED CO-COMMISSIONING,BINGLEY MEDICAL PRACTICE,24664108,1129.41,,BRA000024322
Department of Health,NHS Bradford Districts CCG,30/11/2018,C&M-PMS Prem Clinical Waste,PRC DELEGATED CO-COMMISSIONING,BINGLEY MEDICAL PRACTICE,24664108,53.29,,BRA000024322
Department of Health,NHS Bradford Districts CCG,30/11/2018,C&M-PMS Prem Cost Rent,PRC DELEGATED CO-COMMISSIONING,BINGLEY MEDICAL PRACTICE,24664108,30737.81,,BRA000024322
Department of Health,NHS Bradford Districts CCG,30/11/2018,C&M-PMS Prem Healthcentre Rates,PRC DELEGATED CO-COMMISSIONING,BINGLEY MEDICAL PRACTICE,24664108,2974.98,,BRA000024322
Department of Health,NHS Bradford Districts CCG,30/11/2018,C&M-PMS Prem Water Rates,PRC DELEGATED CO-COMMISSIONING,BINGLEY MEDICAL PRACTICE,24664108,253.86,,BRA000024322
Department of Health,NHS Bradford Districts CCG,30/11/2018,C&M-PMS QOF Aspiration,PRC DELEGATED CO-COMMISSIONING,BINGLEY MEDICAL PRACTICE,24664108,10162.42,,BRA000024322
Department of Health,NHS Bradford Districts CCG,30/11/2018,C&M-PMS Baseline Adjustment,PRC DELEGATED CO-COMMISSIONING,BOWLING HALL MEDICAL PRACTICE,24664110,134.5,,BRA000024324
Department of Health,NHS Bradford Districts CCG,30/11/2018,C&M-PMS Contract Value,PRC DELEGATED CO-COMMISSIONING,BOWLING HALL MEDICAL PRACTICE,24664110,125426.9,,BRA000024324
Department of Health,NHS Bradford Districts CCG,30/11/2018,C&M-PMS DES Learn Dsblty Hlth Chk,PRC DELEGATED CO-COMMISSIONING,BOWLING HALL MEDICAL PRACTICE,24664110,1540,,BRA000024324
Department of Health,NHS Bradford Districts CCG,30/11/2018,C&M-PMS Funding Differential Review,PRC DELEGATED CO-COMMISSIONING,BOWLING HALL MEDICAL PRACTICE,24664110,17799.52,,BRA000024324
Department of Health,NHS Bradford Districts CCG,30/11/2018,C&M-PMS List Size Adjustment,PRC DELEGATED CO-COMMISSIONING,BOWLING HALL MEDICAL PRACTICE,24664110,5470.87,,BRA000024324
Department of Health,NHS Bradford Districts CCG,30/11/2018,C&M-PMS Prem Actual Rent,PRC DELEGATED CO-COMMISSIONING,BOWLING HALL MEDICAL PRACTICE,24664110,21475.44,,BRA000024324
Department of Health,NHS Bradford Districts CCG,30/11/2018,C&M-PMS Prem Clinical Waste,PRC DELEGATED CO-COMMISSIONING,BOWLING HALL MEDICAL PRACTICE,24664110,1298.97,,BRA000024324
Department of Health,NHS Bradford Districts CCG,30/11/2018,C&M-PMS Prem Other,PRC DELEGATED CO-COMMISSIONING,BOWLING HALL MEDICAL PRACTICE,24664110,894.81,,BRA000024324
Department of Health,NHS Bradford Districts CCG,30/11/2018,C&M-PMS Prem Rates,PRC DELEGATED CO-COMMISSIONING,BOWLING HALL MEDICAL PRACTICE,24664110,2697.53,,BRA000024324
Department of Health,NHS Bradford Districts CCG,30/11/2018,C&M-PMS Prem Water Rates,PRC DELEGATED CO-COMMISSIONING,BOWLING HALL MEDICAL PRACTICE,24664110,78.37,,BRA000024324
Department of Health,NHS Bradford Districts CCG,30/11/2018,C&M-PMS QOF Aspiration,PRC DELEGATED CO-COMMISSIONING,BOWLING HALL MEDICAL PRACTICE,24664110,11740.69,,BRA000024324
Department of Health,NHS Bradford Districts CCG,30/11/2018,C&M-PMS Baseline Adjustment,PRC DELEGATED CO-COMMISSIONING,DR A M KHAN & PARTNERS,24664112,70.25,,BRA000024328
Department of Health,NHS Bradford Districts CCG,30/11/2018,C&M-PMS Contract Value,PRC DELEGATED CO-COMMISSIONING,DR A M KHAN & PARTNERS,24664112,65774.18,,BRA000024328
Department of Health,NHS Bradford Districts CCG,30/11/2018,C&M-PMS DES Learn Dsblty Hlth Chk,PRC DELEGATED CO-COMMISSIONING,DR A M KHAN & PARTNERS,24664112,1680,,BRA000024328
Department of Health,NHS Bradford Districts CCG,30/11/2018,C&M-PMS Funding Differential Review,PRC DELEGATED CO-COMMISSIONING,DR A M KHAN & PARTNERS,24664112,8964.38,,BRA000024328
Department of Health,NHS Bradford Districts CCG,30/11/2018,C&M-PMS Prem Actual Rent,PRC DELEGATED CO-COMMISSIONING,DR A M KHAN & PARTNERS,24664112,14593,,BRA000024328
Department of Health,NHS Bradford Districts CCG,30/11/2018,C&M-PMS Prem Clinical Waste,PRC DELEGATED CO-COMMISSIONING,DR A M KHAN & PARTNERS,24664112,531.85,,BRA000024328
Department of Health,NHS Bradford Districts CCG,30/11/2018,C&M-PMS Prem Other,PRC DELEGATED CO-COMMISSIONING,DR A M KHAN & PARTNERS,24664112,608.04,,BRA000024328
Department of Health,NHS Bradford Districts CCG,30/11/2018,C&M-PMS Prem Rates,PRC DELEGATED CO-COMMISSIONING,DR A M KHAN & PARTNERS,24664112,1859.18,,BRA000024328
Department of Health,NHS Bradford Districts CCG,30/11/2018,C&M-PMS Prem Water Rates,PRC DELEGATED CO-COMMISSIONING,DR A M KHAN & PARTNERS,24664112,118.5,,BRA000024328
Department of Health,NHS Bradford Districts CCG,30/11/2018,C&M-PMS QOF Aspiration,PRC DELEGATED CO-COMMISSIONING,DR A M KHAN & PARTNERS,24664112,6866.96,,BRA000024328
Department of Health,NHS Bradford Districts CCG,30/11/2018,C&M-PMS Baseline Adjustment,PRC DELEGATED CO-COMMISSIONING,DR C A JOHNSTON & PARTNERS,24664114,93,,BRA000024330
Department of Health,NHS Bradford Districts CCG,30/11/2018,C&M-PMS Contract Value,PRC DELEGATED CO-COMMISSIONING,DR C A JOHNSTON & PARTNERS,24664114,85095.41,,BRA000024330
Department of Health,NHS Bradford Districts CCG,30/11/2018,C&M-PMS DES Learn Dsblty Hlth Chk,PRC DELEGATED CO-COMMISSIONING,DR C A JOHNSTON & PARTNERS,24664114,700,,BRA000024330
Department of Health,NHS Bradford Districts CCG,30/11/2018,C&M-PMS Funding Differential Review,PRC DELEGATED CO-COMMISSIONING,DR C A JOHNSTON & PARTNERS,24664114,11597.72,,BRA000024330
Department of Health,NHS Bradford Districts CCG,30/11/2018,C&M-PMS List Size Adjustment,PRC DELEGATED CO-COMMISSIONING,DR C A JOHNSTON & PARTNERS,24664114,105.11,,BRA000024330
Department of Health,NHS Bradford Districts CCG,30/11/2018,C&M-PMS Prem Actual Rent,PRC DELEGATED CO-COMMISSIONING,DR C A JOHNSTON & PARTNERS,24664114,6286.07,,BRA000024330
Department of Health,NHS Bradford Districts CCG,30/11/2018,C&M-PMS Prem Clinical Waste,PRC DELEGATED CO-COMMISSIONING,DR C A JOHNSTON & PARTNERS,24664114,438.04,,BRA000024330
Department of Health,NHS Bradford Districts CCG,30/11/2018,C&M-PMS Prem Healthcentre Rates,PRC DELEGATED CO-COMMISSIONING,DR C A JOHNSTON & PARTNERS,24664114,674.39,,BRA000024330
Department of Health,NHS Bradford Districts CCG,30/11/2018,C&M-PMS Prem Notional Rent,PRC DELEGATED CO-COMMISSIONING,DR C A JOHNSTON & PARTNERS,24664114,2741.67,,BRA000024330
Department of Health,NHS Bradford Districts CCG,30/11/2018,C&M-PMS Prem Rates,PRC DELEGATED CO-COMMISSIONING,DR C A JOHNSTON & PARTNERS,24664114,538.09,,BRA000024330
Department of Health,NHS Bradford Districts CCG,30/11/2018,C&M-PMS Prem Water Rates,PRC DELEGATED CO-COMMISSIONING,DR C A JOHNSTON & PARTNERS,24664114,111.07,,BRA000024330
Department of Health,NHS Bradford Districts CCG,30/11/2018,C&M-PMS QOF Aspiration,PRC DELEGATED CO-COMMISSIONING,DR C A JOHNSTON & PARTNERS,24664114,8625.29,,BRA000024330
Department of Health,NHS Bradford Districts CCG,30/11/2018,C&M-PMS Baseline Adjustment,PRC DELEGATED CO-COMMISSIONING,DR D J R YOUNG & PARTNERS,24664115,69.08,,BRA000024332
Department of Health,NHS Bradford Districts CCG,30/11/2018,C&M-PMS Contract Value,PRC DELEGATED CO-COMMISSIONING,DR D J R YOUNG & PARTNERS,24664115,65714.86,,BRA000024332
Department of Health,NHS Bradford Districts CCG,30/11/2018,C&M-PMS DES Learn Dsblty Hlth Chk,PRC DELEGATED CO-COMMISSIONING,DR D J R YOUNG & PARTNERS,24664115,420,,BRA000024332
Department of Health,NHS Bradford Districts CCG,30/11/2018,C&M-PMS Funding Differential Review,PRC DELEGATED CO-COMMISSIONING,DR D J R YOUNG & PARTNERS,24664115,8956.38,,BRA000024332
Department of Health,NHS Bradford Districts CCG,30/11/2018,C&M-PMS List Size Adjustment,PRC DELEGATED CO-COMMISSIONING,DR D J R YOUNG & PARTNERS,24664115,724.33,,BRA000024332
Department of Health,NHS Bradford Districts CCG,30/11/2018,C&M-PMS PCO Seniority,PRC DELEGATED CO-COMMISSIONING,DR D J R YOUNG & PARTNERS,24664115,395.58,,BRA000024332
Department of Health,NHS Bradford Districts CCG,30/11/2018,C&M-PMS Prem Clinical Waste,PRC DELEGATED CO-COMMISSIONING,DR D J R YOUNG & PARTNERS,24664115,985.74,,BRA000024332
Department of Health,NHS Bradford Districts CCG,30/11/2018,C&M-PMS Prem Notional Rent,PRC DELEGATED CO-COMMISSIONING,DR D J R YOUNG & PARTNERS,24664115,6083.33,,BRA000024332
Department of Health,NHS Bradford Districts CCG,30/11/2018,C&M-PMS Prem Rates,PRC DELEGATED CO-COMMISSIONING,DR D J R YOUNG & PARTNERS,24664115,1302.31,,BRA000024332
Department of Health,NHS Bradford Districts CCG,30/11/2018,C&M-PMS Prem Water Rates,PRC DELEGATED CO-COMMISSIONING,DR D J R YOUNG & PARTNERS,24664115,48.49,,BRA000024332
Department of Health,NHS Bradford Districts CCG,30/11/2018,C&M-PMS QOF Aspiration,PRC DELEGATED CO-COMMISSIONING,DR D J R YOUNG & PARTNERS,24664115,5611.81,,BRA000024332
Department of Health,NHS Bradford Districts CCG,30/11/2018,C&M-PMS Baseline Adjustment,PRC DELEGATED CO-COMMISSIONING,DR FALLS R D & DR HUSSAIN T M,24664117,32.33,,BRA000024334
Department of Health,NHS Bradford Districts CCG,30/11/2018,C&M-PMS Contract Value,PRC DELEGATED CO-COMMISSIONING,DR FALLS R D & DR HUSSAIN T M,24664117,28190.46,,BRA000024334
Department of Health,NHS Bradford Districts CCG,30/11/2018,C&M-PMS Funding Differential Review,PRC DELEGATED CO-COMMISSIONING,DR FALLS R D & DR HUSSAIN T M,24664117,4000.45,,BRA000024334
Department of Health,NHS Bradford Districts CCG,30/11/2018,C&M-PMS List Size Adjustment,PRC DELEGATED CO-COMMISSIONING,DR FALLS R D & DR HUSSAIN T M,24664117,71.83,,BRA000024334
Department of Health,NHS Bradford Districts CCG,30/11/2018,C&M-PMS Prem Clinical Waste,PRC DELEGATED CO-COMMISSIONING,DR FALLS R D & DR HUSSAIN T M,24664117,19.97,,BRA000024334
Department of Health,NHS Bradford Districts CCG,30/11/2018,C&M-PMS Prem Cost Rent,PRC DELEGATED CO-COMMISSIONING,DR FALLS R D & DR HUSSAIN T M,24664117,1249.17,,BRA000024334
Department of Health,NHS Bradford Districts CCG,30/11/2018,C&M-PMS Prem Healthcentre Rates,PRC DELEGATED CO-COMMISSIONING,DR FALLS R D & DR HUSSAIN T M,24664117,142.18,,BRA000024334
Department of Health,NHS Bradford Districts CCG,30/11/2018,C&M-PMS Prem Water Rates,PRC DELEGATED CO-COMMISSIONING,DR FALLS R D & DR HUSSAIN T M,24664117,55.56,,BRA000024334
Department of Health,NHS Bradford Districts CCG,30/11/2018,C&M-PMS QOF Aspiration,PRC DELEGATED CO-COMMISSIONING,DR FALLS R D & DR HUSSAIN T M,24664117,2043.71,,BRA000024334
Department of Health,NHS Bradford Districts CCG,30/11/2018,C&M-PMS Baseline Adjustment,PRC DELEGATED CO-COMMISSIONING,DR DANBY J & PARTNERS,24664119,58.92,,BRA000024336
Department of Health,NHS Bradford Districts CCG,30/11/2018,C&M-PMS Contract Value,PRC DELEGATED CO-COMMISSIONING,DR DANBY J & PARTNERS,24664119,51699.89,,BRA000024336
Department of Health,NHS Bradford Districts CCG,30/11/2018,C&M-PMS Funding Differential Review,PRC DELEGATED CO-COMMISSIONING,DR DANBY J & PARTNERS,24664119,7631.36,,BRA000024336
Department of Health,NHS Bradford Districts CCG,30/11/2018,C&M-PMS List Size Adjustment,PRC DELEGATED CO-COMMISSIONING,DR DANBY J & PARTNERS,24664119,204.84,,BRA000024336
Department of Health,NHS Bradford Districts CCG,30/11/2018,C&M-PMS Prem Clinical Waste,PRC DELEGATED CO-COMMISSIONING,DR DANBY J & PARTNERS,24664119,1063.08,,BRA000024336
Department of Health,NHS Bradford Districts CCG,30/11/2018,C&M-PMS Prem Notional Rent,PRC DELEGATED CO-COMMISSIONING,DR DANBY J & PARTNERS,24664119,3525,,BRA000024336
Department of Health,NHS Bradford Districts CCG,30/11/2018,C&M-PMS Prem Rates,PRC DELEGATED CO-COMMISSIONING,DR DANBY J & PARTNERS,24664119,798.19,,BRA000024336
Department of Health,NHS Bradford Districts CCG,30/11/2018,C&M-PMS Prem Water Rates,PRC DELEGATED CO-COMMISSIONING,DR DANBY J & PARTNERS,24664119,78.35,,BRA000024336
Department of Health,NHS Bradford Districts CCG,30/11/2018,C&M-PMS QOF Aspiration,PRC DELEGATED CO-COMMISSIONING,DR DANBY J & PARTNERS,24664119,5130.6,,BRA000024336
Department of Health,NHS Bradford Districts CCG,30/11/2018,C&M-PMS Baseline Adjustment,PRC DELEGATED CO-COMMISSIONING,DR GOMERSALL & PARTNERS,24664121,75.5,,BRA000024338
Department of Health,NHS Bradford Districts CCG,30/11/2018,C&M-PMS Contract Value,PRC DELEGATED CO-COMMISSIONING,DR GOMERSALL & PARTNERS,24664121,71649.56,,BRA000024338
Department of Health,NHS Bradford Districts CCG,30/11/2018,C&M-PMS Funding Differential Review,PRC DELEGATED CO-COMMISSIONING,DR GOMERSALL & PARTNERS,24664121,8954.32,,BRA000024338
Department of Health,NHS Bradford Districts CCG,30/11/2018,C&M-PMS List Size Adjustment,PRC DELEGATED CO-COMMISSIONING,DR GOMERSALL & PARTNERS,24664121,491.36,,BRA000024338
Department of Health,NHS Bradford Districts CCG,30/11/2018,C&M-PMS Prem Actual Rent,PRC DELEGATED CO-COMMISSIONING,DR GOMERSALL & PARTNERS,24664121,10907,,BRA000024338
Department of Health,NHS Bradford Districts CCG,30/11/2018,C&M-PMS Prem Clinical Waste,PRC DELEGATED CO-COMMISSIONING,DR GOMERSALL & PARTNERS,24664121,1549.62,,BRA000024338
Department of Health,NHS Bradford Districts CCG,30/11/2018,C&M-PMS Prem Rates,PRC DELEGATED CO-COMMISSIONING,DR GOMERSALL & PARTNERS,24664121,1770,,BRA000024338
Department of Health,NHS Bradford Districts CCG,30/11/2018,C&M-PMS Prem Water Rates,PRC DELEGATED CO-COMMISSIONING,DR GOMERSALL & PARTNERS,24664121,76.93,,BRA000024338
Department of Health,NHS Bradford Districts CCG,30/11/2018,C&M-PMS QOF Aspiration,PRC DELEGATED CO-COMMISSIONING,DR GOMERSALL & PARTNERS,24664121,7849.8,,BRA000024338
Department of Health,NHS Bradford Districts CCG,30/11/2018,C&M-PMS Baseline Adjustment,PRC DELEGATED CO-COMMISSIONING,DR FM GAVIN & PARTNERS,24664123,80.42,,BRA000024340
Department of Health,NHS Bradford Districts CCG,30/11/2018,C&M-PMS Contract Value,PRC DELEGATED CO-COMMISSIONING,DR FM GAVIN & PARTNERS,24664123,82481.28,,BRA000024340
Department of Health,NHS Bradford Districts CCG,30/11/2018,C&M-PMS Funding Differential Review,PRC DELEGATED CO-COMMISSIONING,DR FM GAVIN & PARTNERS,24664123,10307.92,,BRA000024340
Department of Health,NHS Bradford Districts CCG,30/11/2018,C&M-PMS List Size Adjustment,PRC DELEGATED CO-COMMISSIONING,DR FM GAVIN & PARTNERS,24664123,780.22,,BRA000024340
Department of Health,NHS Bradford Districts CCG,30/11/2018,C&M-PMS Prem Clinical Waste,PRC DELEGATED CO-COMMISSIONING,DR FM GAVIN & PARTNERS,24664123,412.12,,BRA000024340
Department of Health,NHS Bradford Districts CCG,30/11/2018,C&M-PMS Prem Cost Rent,PRC DELEGATED CO-COMMISSIONING,DR FM GAVIN & PARTNERS,24664123,30528.16,,BRA000024340
Department of Health,NHS Bradford Districts CCG,30/11/2018,C&M-PMS Prem Healthcentre Rates,PRC DELEGATED CO-COMMISSIONING,DR FM GAVIN & PARTNERS,24664123,1859.2,,BRA000024340
Department of Health,NHS Bradford Districts CCG,30/11/2018,C&M-PMS Prem Water Rates,PRC DELEGATED CO-COMMISSIONING,DR FM GAVIN & PARTNERS,24664123,348.07,,BRA000024340
Department of Health,NHS Bradford Districts CCG,30/11/2018,C&M-PMS QOF Aspiration,PRC DELEGATED CO-COMMISSIONING,DR FM GAVIN & PARTNERS,24664123,8720.41,,BRA000024340
Department of Health,NHS Bradford Districts CCG,30/11/2018,C&M-PMS GP Statutory Levy,PRC DELEGATED CO-COMMISSIONING,DR J M CONNOLLY & PARTNERS,24664124,-3322.32,,BRA000024343
Department of Health,NHS Bradford Districts CCG,30/11/2018,C&M-PMS List Size Adjustment,PRC DELEGATED CO-COMMISSIONING,DR J M CONNOLLY & PARTNERS,24664124,-86.43,,BRA000024343
Department of Health,NHS Bradford Districts CCG,30/11/2018,C&M-PMS Voluntary Levy,PRC DELEGATED CO-COMMISSIONING,DR J M CONNOLLY & PARTNERS,24664124,-231.8,,BRA000024343
Department of Health,NHS Bradford Districts CCG,30/11/2018,ME - PMS TPS Added Years Adj EEs,PRC DELEGATED CO-COMMISSIONING,DR J M CONNOLLY & PARTNERS,24664124,-232.5,,BRA000024343
Department of Health,NHS Bradford Districts CCG,30/11/2018,ME-PMS GP Pension EEs-PMS,PRC DELEGATED CO-COMMISSIONING,DR J M CONNOLLY & PARTNERS,24664124,-11218.7,,BRA000024343
Department of Health,NHS Bradford Districts CCG,30/11/2018,ME-PMS GP Pension ERs Adjs - PMS,PRC DELEGATED CO-COMMISSIONING,DR J M CONNOLLY & PARTNERS,24664124,-13067.85,,BRA000024343
Department of Health,NHS Bradford Districts CCG,30/11/2018,C&M-PMS Baseline Adjustment,PRC DELEGATED CO-COMMISSIONING,DR J M CONNOLLY & PARTNERS,24664125,161.33,,BRA000024344
Department of Health,NHS Bradford Districts CCG,30/11/2018,C&M-PMS Contract Value,PRC DELEGATED CO-COMMISSIONING,DR J M CONNOLLY & PARTNERS,24664125,167373.69,,BRA000024344
Department of Health,NHS Bradford Districts CCG,30/11/2018,C&M-PMS Funding Differential Review,PRC DELEGATED CO-COMMISSIONING,DR J M CONNOLLY & PARTNERS,24664125,22811.5,,BRA000024344
Department of Health,NHS Bradford Districts CCG,30/11/2018,C&M-PMS List Size Adjustment,PRC DELEGATED CO-COMMISSIONING,DR J M CONNOLLY & PARTNERS,24664125,156.07,,BRA000024344
Department of Health,NHS Bradford Districts CCG,30/11/2018,C&M-PMS Prem Actual Rent,PRC DELEGATED CO-COMMISSIONING,DR J M CONNOLLY & PARTNERS,24664125,47674.03,,BRA000024344
Department of Health,NHS Bradford Districts CCG,30/11/2018,C&M-PMS Prem Clinical Waste,PRC DELEGATED CO-COMMISSIONING,DR J M CONNOLLY & PARTNERS,24664125,1529.87,,BRA000024344
Department of Health,NHS Bradford Districts CCG,30/11/2018,C&M-PMS Prem Healthcentre Rates,PRC DELEGATED CO-COMMISSIONING,DR J M CONNOLLY & PARTNERS,24664125,114.8,,BRA000024344
Department of Health,NHS Bradford Districts CCG,30/11/2018,C&M-PMS Prem Other,PRC DELEGATED CO-COMMISSIONING,DR J M CONNOLLY & PARTNERS,24664125,1925.54,,BRA000024344
Department of Health,NHS Bradford Districts CCG,30/11/2018,C&M-PMS Prem Rates,PRC DELEGATED CO-COMMISSIONING,DR J M CONNOLLY & PARTNERS,24664125,5714.59,,BRA000024344
Department of Health,NHS Bradford Districts CCG,30/11/2018,C&M-PMS Prem Water Rates,PRC DELEGATED CO-COMMISSIONING,DR J M CONNOLLY & PARTNERS,24664125,502.19,,BRA000024344
Department of Health,NHS Bradford Districts CCG,30/11/2018,C&M-PMS QOF Aspiration,PRC DELEGATED CO-COMMISSIONING,DR J M CONNOLLY & PARTNERS,24664125,17628.19,,BRA000024344
Department of Health,NHS Bradford Districts CCG,30/11/2018,C&M-PMS Baseline Adjustment,PRC DELEGATED CO-COMMISSIONING,DR J M SULLIVAN & PARTNERS,24664127,65.08,,BRA000024346
Department of Health,NHS Bradford Districts CCG,30/11/2018,C&M-PMS Contract Value,PRC DELEGATED CO-COMMISSIONING,DR J M SULLIVAN & PARTNERS,24664127,63273.66,,BRA000024346
Department of Health,NHS Bradford Districts CCG,30/11/2018,C&M-PMS DES Learn Dsblty Hlth Chk,PRC DELEGATED CO-COMMISSIONING,DR J M SULLIVAN & PARTNERS,24664127,1120,,BRA000024346
Department of Health,NHS Bradford Districts CCG,30/11/2018,C&M-PMS Funding Differential Review,PRC DELEGATED CO-COMMISSIONING,DR J M SULLIVAN & PARTNERS,24664127,7907.49,,BRA000024346
Department of Health,NHS Bradford Districts CCG,30/11/2018,C&M-PMS Prem Actual Rent,PRC DELEGATED CO-COMMISSIONING,DR J M SULLIVAN & PARTNERS,24664127,11620,,BRA000024346
Department of Health,NHS Bradford Districts CCG,30/11/2018,C&M-PMS Prem Clinical Waste,PRC DELEGATED CO-COMMISSIONING,DR J M SULLIVAN & PARTNERS,24664127,378.24,,BRA000024346
Department of Health,NHS Bradford Districts CCG,30/11/2018,C&M-PMS Prem Rates,PRC DELEGATED CO-COMMISSIONING,DR J M SULLIVAN & PARTNERS,24664127,1680,,BRA000024346
Department of Health,NHS Bradford Districts CCG,30/11/2018,C&M-PMS Prem Water Rates,PRC DELEGATED CO-COMMISSIONING,DR J M SULLIVAN & PARTNERS,24664127,121.34,,BRA000024346
Department of Health,NHS Bradford Districts CCG,30/11/2018,C&M-PMS QOF Aspiration,PRC DELEGATED CO-COMMISSIONING,DR J M SULLIVAN & PARTNERS,24664127,7510.73,,BRA000024346
Department of Health,NHS Bradford Districts CCG,30/11/2018,C&M-PMS Baseline Adjustment,PRC DELEGATED CO-COMMISSIONING,DR J S CORBRIDGE & PARTNERS,24664129,93.67,,BRA000024348
Department of Health,NHS Bradford Districts CCG,30/11/2018,C&M-PMS Contract Value,PRC DELEGATED CO-COMMISSIONING,DR J S CORBRIDGE & PARTNERS,24664129,89601.39,,BRA000024348
Department of Health,NHS Bradford Districts CCG,30/11/2018,C&M-PMS Funding Differential Review,PRC DELEGATED CO-COMMISSIONING,DR J S CORBRIDGE & PARTNERS,24664129,11197.73,,BRA000024348
Department of Health,NHS Bradford Districts CCG,30/11/2018,C&M-PMS Prem Actual Rent,PRC DELEGATED CO-COMMISSIONING,DR J S CORBRIDGE & PARTNERS,24664129,1033.58,,BRA000024348
Department of Health,NHS Bradford Districts CCG,30/11/2018,C&M-PMS Prem Clinical Waste,PRC DELEGATED CO-COMMISSIONING,DR J S CORBRIDGE & PARTNERS,24664129,535.12,,BRA000024348
Department of Health,NHS Bradford Districts CCG,30/11/2018,C&M-PMS Prem Cost Rent,PRC DELEGATED CO-COMMISSIONING,DR J S CORBRIDGE & PARTNERS,24664129,47.5,,BRA000024348
Department of Health,NHS Bradford Districts CCG,30/11/2018,C&M-PMS Prem Healthcentre Rates,PRC DELEGATED CO-COMMISSIONING,DR J S CORBRIDGE & PARTNERS,24664129,238.43,,BRA000024348
Department of Health,NHS Bradford Districts CCG,30/11/2018,C&M-PMS Prem Notional Rent,PRC DELEGATED CO-COMMISSIONING,DR J S CORBRIDGE & PARTNERS,24664129,4266.67,,BRA000024348
Department of Health,NHS Bradford Districts CCG,30/11/2018,C&M-PMS Prem Rates,PRC DELEGATED CO-COMMISSIONING,DR J S CORBRIDGE & PARTNERS,24664129,812.2,,BRA000024348
Department of Health,NHS Bradford Districts CCG,30/11/2018,C&M-PMS Prem Water Rates,PRC DELEGATED CO-COMMISSIONING,DR J S CORBRIDGE & PARTNERS,24664129,89.15,,BRA000024348
Department of Health,NHS Bradford Districts CCG,30/11/2018,C&M-PMS QOF Aspiration,PRC DELEGATED CO-COMMISSIONING,DR J S CORBRIDGE & PARTNERS,24664129,7302.43,,BRA000024348
Department of Health,NHS Bradford Districts CCG,30/11/2018,C&M-PMS Baseline Adjustment,PRC DELEGATED CO-COMMISSIONING,DR M D BROOKE & PARTNERS,24664131,100,,BRA000024350
Department of Health,NHS Bradford Districts CCG,30/11/2018,C&M-PMS Contract Value,PRC DELEGATED CO-COMMISSIONING,DR M D BROOKE & PARTNERS,24664131,97316.56,,BRA000024350
Department of Health,NHS Bradford Districts CCG,30/11/2018,C&M-PMS Funding Differential Review,PRC DELEGATED CO-COMMISSIONING,DR M D BROOKE & PARTNERS,24664131,12161.9,,BRA000024350
Department of Health,NHS Bradford Districts CCG,30/11/2018,C&M-PMS List Size Adjustment,PRC DELEGATED CO-COMMISSIONING,DR M D BROOKE & PARTNERS,24664131,1773.06,,BRA000024350
Department of Health,NHS Bradford Districts CCG,30/11/2018,C&M-PMS Prem Actual Rent,PRC DELEGATED CO-COMMISSIONING,DR M D BROOKE & PARTNERS,24664131,1663.33,,BRA000024350
Department of Health,NHS Bradford Districts CCG,30/11/2018,C&M-PMS Prem Clinical Waste,PRC DELEGATED CO-COMMISSIONING,DR M D BROOKE & PARTNERS,24664131,1317.79,,BRA000024350
Department of Health,NHS Bradford Districts CCG,30/11/2018,C&M-PMS Prem Cost Rent,PRC DELEGATED CO-COMMISSIONING,DR M D BROOKE & PARTNERS,24664131,2804.56,,BRA000024350
Department of Health,NHS Bradford Districts CCG,30/11/2018,C&M-PMS Prem Healthcentre Rates,PRC DELEGATED CO-COMMISSIONING,DR M D BROOKE & PARTNERS,24664131,531.81,,BRA000024350
Department of Health,NHS Bradford Districts CCG,30/11/2018,C&M-PMS Prem Notional Rent,PRC DELEGATED CO-COMMISSIONING,DR M D BROOKE & PARTNERS,24664131,12856.67,,BRA000024350
Department of Health,NHS Bradford Districts CCG,30/11/2018,C&M-PMS Prem Other,PRC DELEGATED CO-COMMISSIONING,DR M D BROOKE & PARTNERS,24664131,605,,BRA000024350
Department of Health,NHS Bradford Districts CCG,30/11/2018,C&M-PMS Prem Rates,PRC DELEGATED CO-COMMISSIONING,DR M D BROOKE & PARTNERS,24664131,1764.42,,BRA000024350
Department of Health,NHS Bradford Districts CCG,30/11/2018,C&M-PMS Prem Water Rates,PRC DELEGATED CO-COMMISSIONING,DR M D BROOKE & PARTNERS,24664131,143.94,,BRA000024350
Department of Health,NHS Bradford Districts CCG,30/11/2018,C&M-PMS QOF Aspiration,PRC DELEGATED CO-COMMISSIONING,DR M D BROOKE & PARTNERS,24664131,9339.78,,BRA000024350
Department of Health,NHS Bradford Districts CCG,30/11/2018,C&M-PMS Baseline Adjustment,PRC DELEGATED CO-COMMISSIONING,DR M M CUTHBERT & PARTNERS,24664133,70.33,,BRA000024352
Department of Health,NHS Bradford Districts CCG,30/11/2018,C&M-PMS Contract Value,PRC DELEGATED CO-COMMISSIONING,DR M M CUTHBERT & PARTNERS,24664133,85133.9,,BRA000024352
Department of Health,NHS Bradford Districts CCG,30/11/2018,C&M-PMS DES Learn Dsblty Hlth Chk,PRC DELEGATED CO-COMMISSIONING,DR M M CUTHBERT & PARTNERS,24664133,1820,,BRA000024352
Department of Health,NHS Bradford Districts CCG,30/11/2018,C&M-PMS Funding Differential Review,PRC DELEGATED CO-COMMISSIONING,DR M M CUTHBERT & PARTNERS,24664133,10639.48,,BRA000024352
Department of Health,NHS Bradford Districts CCG,30/11/2018,C&M-PMS List Size Adjustment,PRC DELEGATED CO-COMMISSIONING,DR M M CUTHBERT & PARTNERS,24664133,307.84,,BRA000024352
Department of Health,NHS Bradford Districts CCG,30/11/2018,C&M-PMS Prem Clinical Waste,PRC DELEGATED CO-COMMISSIONING,DR M M CUTHBERT & PARTNERS,24664133,2795,,BRA000024352
Department of Health,NHS Bradford Districts CCG,30/11/2018,C&M-PMS Prem Notional Rent,PRC DELEGATED CO-COMMISSIONING,DR M M CUTHBERT & PARTNERS,24664133,9166.67,,BRA000024352
Department of Health,NHS Bradford Districts CCG,30/11/2018,C&M-PMS Prem Rates,PRC DELEGATED CO-COMMISSIONING,DR M M CUTHBERT & PARTNERS,24664133,1834.44,,BRA000024352
Department of Health,NHS Bradford Districts CCG,30/11/2018,C&M-PMS Prem Water Rates,PRC DELEGATED CO-COMMISSIONING,DR M M CUTHBERT & PARTNERS,24664133,125.74,,BRA000024352
Department of Health,NHS Bradford Districts CCG,30/11/2018,C&M-PMS QOF Aspiration,PRC DELEGATED CO-COMMISSIONING,DR M M CUTHBERT & PARTNERS,24664133,9520.34,,BRA000024352
Department of Health,NHS Bradford Districts CCG,30/11/2018,C&M-PMS Baseline Adjustment,PRC DELEGATED CO-COMMISSIONING,DR PASSANT W & PARTNERS,24664135,40.83,,BRA000024354
Department of Health,NHS Bradford Districts CCG,30/11/2018,C&M-PMS Contract Value,PRC DELEGATED CO-COMMISSIONING,DR PASSANT W & PARTNERS,24664135,38994.22,,BRA000024354
Department of Health,NHS Bradford Districts CCG,30/11/2018,C&M-PMS Funding Differential Review,PRC DELEGATED CO-COMMISSIONING,DR PASSANT W & PARTNERS,24664135,4873.17,,BRA000024354
Department of Health,NHS Bradford Districts CCG,30/11/2018,C&M-PMS List Size Adjustment,PRC DELEGATED CO-COMMISSIONING,DR PASSANT W & PARTNERS,24664135,328.78,,BRA000024354
Department of Health,NHS Bradford Districts CCG,30/11/2018,C&M-PMS Prem Clinical Waste,PRC DELEGATED CO-COMMISSIONING,DR PASSANT W & PARTNERS,24664135,372.97,,BRA000024354
Department of Health,NHS Bradford Districts CCG,30/11/2018,C&M-PMS Prem Notional Rent,PRC DELEGATED CO-COMMISSIONING,DR PASSANT W & PARTNERS,24664135,4102.08,,BRA000024354
Department of Health,NHS Bradford Districts CCG,30/11/2018,C&M-PMS Prem Rates,PRC DELEGATED CO-COMMISSIONING,DR PASSANT W & PARTNERS,24664135,784.19,,BRA000024354
Department of Health,NHS Bradford Districts CCG,30/11/2018,C&M-PMS Prem Water Rates,PRC DELEGATED CO-COMMISSIONING,DR PASSANT W & PARTNERS,24664135,51.88,,BRA000024354
Department of Health,NHS Bradford Districts CCG,30/11/2018,C&M-PMS QOF Aspiration,PRC DELEGATED CO-COMMISSIONING,DR PASSANT W & PARTNERS,24664135,4440.88,,BRA000024354
Department of Health,NHS Bradford Districts CCG,30/11/2018,C&M-PMS Baseline Adjustment,PRC DELEGATED CO-COMMISSIONING,DR N G WALKER & PARTNER,24664137,35.58,,BRA000024356
Department of Health,NHS Bradford Districts CCG,30/11/2018,C&M-PMS Contract Value,PRC DELEGATED CO-COMMISSIONING,DR N G WALKER & PARTNER,24664137,35801.62,,BRA000024356
Department of Health,NHS Bradford Districts CCG,30/11/2018,C&M-PMS Funding Differential Review,PRC DELEGATED CO-COMMISSIONING,DR N G WALKER & PARTNER,24664137,4474.15,,BRA000024356
Department of Health,NHS Bradford Districts CCG,30/11/2018,C&M-PMS List Size Adjustment,PRC DELEGATED CO-COMMISSIONING,DR N G WALKER & PARTNER,24664137,186.17,,BRA000024356
Department of Health,NHS Bradford Districts CCG,30/11/2018,C&M-PMS Prem Clinical Waste,PRC DELEGATED CO-COMMISSIONING,DR N G WALKER & PARTNER,24664137,527.23,,BRA000024356
Department of Health,NHS Bradford Districts CCG,30/11/2018,C&M-PMS Prem Notional Rent,PRC DELEGATED CO-COMMISSIONING,DR N G WALKER & PARTNER,24664137,2166.67,,BRA000024356
Department of Health,NHS Bradford Districts CCG,30/11/2018,C&M-PMS Prem Rates,PRC DELEGATED CO-COMMISSIONING,DR N G WALKER & PARTNER,24664137,330.03,,BRA000024356
Department of Health,NHS Bradford Districts CCG,30/11/2018,C&M-PMS Prem Water Rates,PRC DELEGATED CO-COMMISSIONING,DR N G WALKER & PARTNER,24664137,32.29,,BRA000024356
Department of Health,NHS Bradford Districts CCG,30/11/2018,C&M-PMS QOF Aspiration,PRC DELEGATED CO-COMMISSIONING,DR N G WALKER & PARTNER,24664137,3757.06,,BRA000024356
Department of Health,NHS Bradford Districts CCG,30/11/2018,C&M-PMS Baseline Adjustment,PRC DELEGATED CO-COMMISSIONING,DR N S E HAYWARD & PARTNERS,24664139,65.17,,BRA000024358
Department of Health,NHS Bradford Districts CCG,30/11/2018,C&M-PMS Contract Value,PRC DELEGATED CO-COMMISSIONING,DR N S E HAYWARD & PARTNERS,24664139,62462.53,,BRA000024358
Department of Health,NHS Bradford Districts CCG,30/11/2018,C&M-PMS DES Learn Dsblty Hlth Chk,PRC DELEGATED CO-COMMISSIONING,DR N S E HAYWARD & PARTNERS,24664139,4620,,BRA000024358
Department of Health,NHS Bradford Districts CCG,30/11/2018,C&M-PMS Funding Differential Review,PRC DELEGATED CO-COMMISSIONING,DR N S E HAYWARD & PARTNERS,24664139,7806.12,,BRA000024358
Department of Health,NHS Bradford Districts CCG,30/11/2018,C&M-PMS Prem Actual Rent,PRC DELEGATED CO-COMMISSIONING,DR N S E HAYWARD & PARTNERS,24664139,27272.69,,BRA000024358
Department of Health,NHS Bradford Districts CCG,30/11/2018,C&M-PMS Prem Clinical Waste,PRC DELEGATED CO-COMMISSIONING,DR N S E HAYWARD & PARTNERS,24664139,156.86,,BRA000024358
Department of Health,NHS Bradford Districts CCG,30/11/2018,C&M-PMS Prem Rates,PRC DELEGATED CO-COMMISSIONING,DR N S E HAYWARD & PARTNERS,24664139,3693.8,,BRA000024358
Department of Health,NHS Bradford Districts CCG,30/11/2018,C&M-PMS Prem Water Rates,PRC DELEGATED CO-COMMISSIONING,DR N S E HAYWARD & PARTNERS,24664139,120.72,,BRA000024358
Department of Health,NHS Bradford Districts CCG,30/11/2018,C&M-PMS QOF Aspiration,PRC DELEGATED CO-COMMISSIONING,DR N S E HAYWARD & PARTNERS,24664139,7805.55,,BRA000024358
Department of Health,NHS Bradford Districts CCG,30/11/2018,C&M-PMS Baseline Adjustment,PRC DELEGATED CO-COMMISSIONING,DR S D GAZELEY & PARTNERS,24664141,59.92,,BRA000024360
Department of Health,NHS Bradford Districts CCG,30/11/2018,C&M-PMS Contract Value,PRC DELEGATED CO-COMMISSIONING,DR S D GAZELEY & PARTNERS,24664141,58082.64,,BRA000024360
Department of Health,NHS Bradford Districts CCG,30/11/2018,C&M-PMS Funding Differential Review,PRC DELEGATED CO-COMMISSIONING,DR S D GAZELEY & PARTNERS,24664141,7258.73,,BRA000024360
Department of Health,NHS Bradford Districts CCG,30/11/2018,C&M-PMS List Size Adjustment,PRC DELEGATED CO-COMMISSIONING,DR S D GAZELEY & PARTNERS,24664141,243.25,,BRA000024360
Department of Health,NHS Bradford Districts CCG,30/11/2018,C&M-PMS Medical Fees,LOCAL ENHANCED SERVICES,DR S D GAZELEY & PARTNERS,24664141,442.26,,BRA000024360
Department of Health,NHS Bradford Districts CCG,30/11/2018,C&M-PMS PCO Locum Adop/Pat/Mat,PRC DELEGATED CO-COMMISSIONING,DR S D GAZELEY & PARTNERS,24664141,771.53,,BRA000024360
Department of Health,NHS Bradford Districts CCG,30/11/2018,C&M-PMS Prem Clinical Waste,PRC DELEGATED CO-COMMISSIONING,DR S D GAZELEY & PARTNERS,24664141,21.7,,BRA000024360
Department of Health,NHS Bradford Districts CCG,30/11/2018,C&M-PMS Prem Cost Rent,PRC DELEGATED CO-COMMISSIONING,DR S D GAZELEY & PARTNERS,24664141,21348.73,,BRA000024360
Department of Health,NHS Bradford Districts CCG,30/11/2018,C&M-PMS Prem Healthcentre Rates,PRC DELEGATED CO-COMMISSIONING,DR S D GAZELEY & PARTNERS,24664141,1823.96,,BRA000024360
Department of Health,NHS Bradford Districts CCG,30/11/2018,C&M-PMS Prem Water Rates,PRC DELEGATED CO-COMMISSIONING,DR S D GAZELEY & PARTNERS,24664141,132.18,,BRA000024360
Department of Health,NHS Bradford Districts CCG,30/11/2018,C&M-PMS QOF Aspiration,PRC DELEGATED CO-COMMISSIONING,DR S D GAZELEY & PARTNERS,24664141,6092.4,,BRA000024360
Department of Health,NHS Bradford Districts CCG,30/11/2018,C&M-PMS Baseline Adjustment,PRC DELEGATED CO-COMMISSIONING,DR S H M HAMDANI,24664143,26.5,,BRA000024362
Department of Health,NHS Bradford Districts CCG,30/11/2018,C&M-PMS Contract Value,PRC DELEGATED CO-COMMISSIONING,DR S H M HAMDANI,24664143,24817.21,,BRA000024362
Department of Health,NHS Bradford Districts CCG,30/11/2018,C&M-PMS Funding Differential Review,PRC DELEGATED CO-COMMISSIONING,DR S H M HAMDANI,24664143,3101.45,,BRA000024362
Department of Health,NHS Bradford Districts CCG,30/11/2018,C&M-PMS Prem Clinical Waste,PRC DELEGATED CO-COMMISSIONING,DR S H M HAMDANI,24664143,309.98,,BRA000024362
Department of Health,NHS Bradford Districts CCG,30/11/2018,C&M-PMS Prem Notional Rent,PRC DELEGATED CO-COMMISSIONING,DR S H M HAMDANI,24664143,2075,,BRA000024362
Department of Health,NHS Bradford Districts CCG,30/11/2018,C&M-PMS Prem Rates,PRC DELEGATED CO-COMMISSIONING,DR S H M HAMDANI,24664143,401.77,,BRA000024362
Department of Health,NHS Bradford Districts CCG,30/11/2018,C&M-PMS Prem Water Rates,PRC DELEGATED CO-COMMISSIONING,DR S H M HAMDANI,24664143,27,,BRA000024362
Department of Health,NHS Bradford Districts CCG,30/11/2018,C&M-PMS QOF Aspiration,PRC DELEGATED CO-COMMISSIONING,DR S H M HAMDANI,24664143,2765.16,,BRA000024362
Department of Health,NHS Bradford Districts CCG,30/11/2018,C&M-PMS Baseline Adjustment,PRC DELEGATED CO-COMMISSIONING,DR PK DALTON & PARTNER,24664145,58,,BRA000024364
Department of Health,NHS Bradford Districts CCG,30/11/2018,C&M-PMS Contract Value,PRC DELEGATED CO-COMMISSIONING,DR PK DALTON & PARTNER,24664145,57853.22,,BRA000024364
Department of Health,NHS Bradford Districts CCG,30/11/2018,C&M-PMS Funding Differential Review,PRC DELEGATED CO-COMMISSIONING,DR PK DALTON & PARTNER,24664145,7230.1,,BRA000024364
Department of Health,NHS Bradford Districts CCG,30/11/2018,C&M-PMS List Size Adjustment,PRC DELEGATED CO-COMMISSIONING,DR PK DALTON & PARTNER,24664145,1515.97,,BRA000024364
Department of Health,NHS Bradford Districts CCG,30/11/2018,C&M-PMS Prem Actual Rent,PRC DELEGATED CO-COMMISSIONING,DR PK DALTON & PARTNER,24664145,14095.17,,BRA000024364
Department of Health,NHS Bradford Districts CCG,30/11/2018,C&M-PMS Prem Clinical Waste,PRC DELEGATED CO-COMMISSIONING,DR PK DALTON & PARTNER,24664145,139.78,,BRA000024364
Department of Health,NHS Bradford Districts CCG,30/11/2018,C&M-PMS Prem Other,PRC DELEGATED CO-COMMISSIONING,DR PK DALTON & PARTNER,24664145,587.3,,BRA000024364
Department of Health,NHS Bradford Districts CCG,30/11/2018,C&M-PMS Prem Rates,PRC DELEGATED CO-COMMISSIONING,DR PK DALTON & PARTNER,24664145,2001.72,,BRA000024364
Department of Health,NHS Bradford Districts CCG,30/11/2018,C&M-PMS Prem Water Rates,PRC DELEGATED CO-COMMISSIONING,DR PK DALTON & PARTNER,24664145,84.09,,BRA000024364
Department of Health,NHS Bradford Districts CCG,30/11/2018,C&M-PMS QOF Aspiration,PRC DELEGATED CO-COMMISSIONING,DR PK DALTON & PARTNER,24664145,6278.64,,BRA000024364
Department of Health,NHS Bradford Districts CCG,30/11/2018,C&M-PMS Baseline Adjustment,PRC DELEGATED CO-COMMISSIONING,DR S Z KHAN & PARTNER,24664147,45.92,,BRA000024366
Department of Health,NHS Bradford Districts CCG,30/11/2018,C&M-PMS Contract Value,PRC DELEGATED CO-COMMISSIONING,DR S Z KHAN & PARTNER,24664147,40172.09,,BRA000024366
Department of Health,NHS Bradford Districts CCG,30/11/2018,C&M-PMS Funding Differential Review,PRC DELEGATED CO-COMMISSIONING,DR S Z KHAN & PARTNER,24664147,5246.18,,BRA000024366
Department of Health,NHS Bradford Districts CCG,30/11/2018,C&M-PMS Prem Clinical Waste,PRC DELEGATED CO-COMMISSIONING,DR S Z KHAN & PARTNER,24664147,48.34,,BRA000024366
Department of Health,NHS Bradford Districts CCG,30/11/2018,C&M-PMS Prem Cost Rent,PRC DELEGATED CO-COMMISSIONING,DR S Z KHAN & PARTNER,24664147,2938.6,,BRA000024366
Department of Health,NHS Bradford Districts CCG,30/11/2018,C&M-PMS Prem Healthcentre Rates,PRC DELEGATED CO-COMMISSIONING,DR S Z KHAN & PARTNER,24664147,471.37,,BRA000024366
Department of Health,NHS Bradford Districts CCG,30/11/2018,C&M-PMS Prem Water Rates,PRC DELEGATED CO-COMMISSIONING,DR S Z KHAN & PARTNER,24664147,37.68,,BRA000024366
Department of Health,NHS Bradford Districts CCG,30/11/2018,C&M-PMS QOF Aspiration,PRC DELEGATED CO-COMMISSIONING,DR S Z KHAN & PARTNER,24664147,3383.77,,BRA000024366
Department of Health,NHS Bradford Districts CCG,30/11/2018,C&M-PMS Baseline Adjustment,PRC DELEGATED CO-COMMISSIONING,DR WS TONKS & PARTNERS,24664149,90.92,,BRA000024368
Department of Health,NHS Bradford Districts CCG,30/11/2018,C&M-PMS Contract Value,PRC DELEGATED CO-COMMISSIONING,DR WS TONKS & PARTNERS,24664149,88329.38,,BRA000024368
Department of Health,NHS Bradford Districts CCG,30/11/2018,C&M-PMS DES Learn Dsblty Hlth Chk,PRC DELEGATED CO-COMMISSIONING,DR WS TONKS & PARTNERS,24664149,420,,BRA000024368
Department of Health,NHS Bradford Districts CCG,30/11/2018,C&M-PMS Funding Differential Review,PRC DELEGATED CO-COMMISSIONING,DR WS TONKS & PARTNERS,24664149,11038.76,,BRA000024368
Department of Health,NHS Bradford Districts CCG,30/11/2018,C&M-PMS List Size Adjustment,PRC DELEGATED CO-COMMISSIONING,DR WS TONKS & PARTNERS,24664149,1093.94,,BRA000024368
Department of Health,NHS Bradford Districts CCG,30/11/2018,C&M-PMS Prem Actual Rent,PRC DELEGATED CO-COMMISSIONING,DR WS TONKS & PARTNERS,24664149,7217.5,,BRA000024368
Department of Health,NHS Bradford Districts CCG,30/11/2018,C&M-PMS Prem Clinical Waste,PRC DELEGATED CO-COMMISSIONING,DR WS TONKS & PARTNERS,24664149,2186.34,,BRA000024368
Department of Health,NHS Bradford Districts CCG,30/11/2018,C&M-PMS Prem Notional Rent,PRC DELEGATED CO-COMMISSIONING,DR WS TONKS & PARTNERS,24664149,7575,,BRA000024368
Department of Health,NHS Bradford Districts CCG,30/11/2018,C&M-PMS Prem Rates,PRC DELEGATED CO-COMMISSIONING,DR WS TONKS & PARTNERS,24664149,2016.48,,BRA000024368
Department of Health,NHS Bradford Districts CCG,30/11/2018,C&M-PMS Prem Water Rates,PRC DELEGATED CO-COMMISSIONING,DR WS TONKS & PARTNERS,24664149,95.52,,BRA000024368
Department of Health,NHS Bradford Districts CCG,30/11/2018,C&M-PMS QOF Aspiration,PRC DELEGATED CO-COMMISSIONING,DR WS TONKS & PARTNERS,24664149,8314.55,,BRA000024368
Department of Health,NHS Bradford Districts CCG,30/11/2018,C&M-PMS Baseline Adjustment,PRC DELEGATED CO-COMMISSIONING,IDLE MEDICAL CENTRE,24664151,92.33,,BRA000024370
Department of Health,NHS Bradford Districts CCG,30/11/2018,C&M-PMS Contract Value,PRC DELEGATED CO-COMMISSIONING,IDLE MEDICAL CENTRE,24664151,87613.08,,BRA000024370
Department of Health,NHS Bradford Districts CCG,30/11/2018,C&M-PMS Funding Differential Review,PRC DELEGATED CO-COMMISSIONING,IDLE MEDICAL CENTRE,24664151,10949.28,,BRA000024370
Department of Health,NHS Bradford Districts CCG,30/11/2018,C&M-PMS List Size Adjustment,PRC DELEGATED CO-COMMISSIONING,IDLE MEDICAL CENTRE,24664151,682.44,,BRA000024370
Department of Health,NHS Bradford Districts CCG,30/11/2018,C&M-PMS Prem Clinical Waste,PRC DELEGATED CO-COMMISSIONING,IDLE MEDICAL CENTRE,24664151,856.84,,BRA000024370
Department of Health,NHS Bradford Districts CCG,30/11/2018,C&M-PMS Prem Notional Rent,PRC DELEGATED CO-COMMISSIONING,IDLE MEDICAL CENTRE,24664151,9141.67,,BRA000024370
Department of Health,NHS Bradford Districts CCG,30/11/2018,C&M-PMS Prem Rates,PRC DELEGATED CO-COMMISSIONING,IDLE MEDICAL CENTRE,24664151,1652.4,,BRA000024370
Department of Health,NHS Bradford Districts CCG,30/11/2018,C&M-PMS Prem Water Rates,PRC DELEGATED CO-COMMISSIONING,IDLE MEDICAL CENTRE,24664151,111.55,,BRA000024370
Department of Health,NHS Bradford Districts CCG,30/11/2018,C&M-PMS QOF Aspiration,PRC DELEGATED CO-COMMISSIONING,IDLE MEDICAL CENTRE,24664151,8644.63,,BRA000024370
Department of Health,NHS Bradford Districts CCG,30/11/2018,C&M-PMS Baseline Adjustment,PRC DELEGATED CO-COMMISSIONING,HORTON BANK PRACTICE,24664153,62.33,,BRA000024372
Department of Health,NHS Bradford Districts CCG,30/11/2018,C&M-PMS Contract Value,PRC DELEGATED CO-COMMISSIONING,HORTON BANK PRACTICE,24664153,59154.11,,BRA000024372
Department of Health,NHS Bradford Districts CCG,30/11/2018,C&M-PMS Funding Differential Review,PRC DELEGATED CO-COMMISSIONING,HORTON BANK PRACTICE,24664153,7392.73,,BRA000024372
Department of Health,NHS Bradford Districts CCG,30/11/2018,C&M-PMS Prem Clinical Waste,PRC DELEGATED CO-COMMISSIONING,HORTON BANK PRACTICE,24664153,1036.52,,BRA000024372
Department of Health,NHS Bradford Districts CCG,30/11/2018,C&M-PMS Prem Notional Rent,PRC DELEGATED CO-COMMISSIONING,HORTON BANK PRACTICE,24664153,3750,,BRA000024372
Department of Health,NHS Bradford Districts CCG,30/11/2018,C&M-PMS Prem Rates,PRC DELEGATED CO-COMMISSIONING,HORTON BANK PRACTICE,24664153,812.2,,BRA000024372
Department of Health,NHS Bradford Districts CCG,30/11/2018,C&M-PMS Prem Water Rates,PRC DELEGATED CO-COMMISSIONING,HORTON BANK PRACTICE,24664153,72.75,,BRA000024372
Department of Health,NHS Bradford Districts CCG,30/11/2018,C&M-PMS QOF Aspiration,PRC DELEGATED CO-COMMISSIONING,HORTON BANK PRACTICE,24664153,6171.68,,BRA000024372
Department of Health,NHS Bradford Districts CCG,30/11/2018,C&M-PMS Baseline Adjustment,PRC DELEGATED CO-COMMISSIONING,OAK GLEN SURGERY,24664155,27.5,,BRA000024374
Department of Health,NHS Bradford Districts CCG,30/11/2018,C&M-PMS Contract Value,PRC DELEGATED CO-COMMISSIONING,OAK GLEN SURGERY,24664155,28300.92,,BRA000024374
Department of Health,NHS Bradford Districts CCG,30/11/2018,C&M-PMS Funding Differential Review,PRC DELEGATED CO-COMMISSIONING,OAK GLEN SURGERY,24664155,3536.85,,BRA000024374
Department of Health,NHS Bradford Districts CCG,30/11/2018,C&M-PMS List Size Adjustment,PRC DELEGATED CO-COMMISSIONING,OAK GLEN SURGERY,24664155,544.36,,BRA000024374
Department of Health,NHS Bradford Districts CCG,30/11/2018,C&M-PMS Prem Actual Rent,PRC DELEGATED CO-COMMISSIONING,OAK GLEN SURGERY,24664155,9240,,BRA000024374
Department of Health,NHS Bradford Districts CCG,30/11/2018,C&M-PMS Prem Clinical Waste,PRC DELEGATED CO-COMMISSIONING,OAK GLEN SURGERY,24664155,231.71,,BRA000024374
Department of Health,NHS Bradford Districts CCG,30/11/2018,C&M-PMS Prem Notional Rent,PRC DELEGATED CO-COMMISSIONING,OAK GLEN SURGERY,24664155,250,,BRA000024374
Department of Health,NHS Bradford Districts CCG,30/11/2018,C&M-PMS Prem Rates,PRC DELEGATED CO-COMMISSIONING,OAK GLEN SURGERY,24664155,1191.77,,BRA000024374
Department of Health,NHS Bradford Districts CCG,30/11/2018,C&M-PMS Prem Water Rates,PRC DELEGATED CO-COMMISSIONING,OAK GLEN SURGERY,24664155,15,,BRA000024374
Department of Health,NHS Bradford Districts CCG,30/11/2018,C&M-PMS QOF Aspiration,PRC DELEGATED CO-COMMISSIONING,OAK GLEN SURGERY,24664155,2536.16,,BRA000024374
Department of Health,NHS Bradford Districts CCG,30/11/2018,C&M-PMS Baseline Adjustment,PRC DELEGATED CO-COMMISSIONING,ROCKWELL & WROSE PRACTICE,24664157,76.33,,BRA000024376
Department of Health,NHS Bradford Districts CCG,30/11/2018,C&M-PMS Contract Value,PRC DELEGATED CO-COMMISSIONING,ROCKWELL & WROSE PRACTICE,24664157,74144.04,,BRA000024376
Department of Health,NHS Bradford Districts CCG,30/11/2018,C&M-PMS Funding Differential Review,PRC DELEGATED CO-COMMISSIONING,ROCKWELL & WROSE PRACTICE,24664157,9266.02,,BRA000024376
Department of Health,NHS Bradford Districts CCG,30/11/2018,C&M-PMS List Size Adjustment,PRC DELEGATED CO-COMMISSIONING,ROCKWELL & WROSE PRACTICE,24664157,454.31,,BRA000024376
Department of Health,NHS Bradford Districts CCG,30/11/2018,C&M-PMS Prem Actual Rent,PRC DELEGATED CO-COMMISSIONING,ROCKWELL & WROSE PRACTICE,24664157,9657.5,,BRA000024376
Department of Health,NHS Bradford Districts CCG,30/11/2018,C&M-PMS Prem Clinical Waste,PRC DELEGATED CO-COMMISSIONING,ROCKWELL & WROSE PRACTICE,24664157,1100.75,,BRA000024376
Department of Health,NHS Bradford Districts CCG,30/11/2018,C&M-PMS Prem Cost Rent,PRC DELEGATED CO-COMMISSIONING,ROCKWELL & WROSE PRACTICE,24664157,3505.85,,BRA000024376
Department of Health,NHS Bradford Districts CCG,30/11/2018,C&M-PMS Prem Healthcentre Rates,PRC DELEGATED CO-COMMISSIONING,ROCKWELL & WROSE PRACTICE,24664157,656.69,,BRA000024376
Department of Health,NHS Bradford Districts CCG,30/11/2018,C&M-PMS Prem Other,PRC DELEGATED CO-COMMISSIONING,ROCKWELL & WROSE PRACTICE,24664157,402.4,,BRA000024376
Department of Health,NHS Bradford Districts CCG,30/11/2018,C&M-PMS Prem Rates,PRC DELEGATED CO-COMMISSIONING,ROCKWELL & WROSE PRACTICE,24664157,1372.33,,BRA000024376
Department of Health,NHS Bradford Districts CCG,30/11/2018,C&M-PMS Prem Water Rates,PRC DELEGATED CO-COMMISSIONING,ROCKWELL & WROSE PRACTICE,24664157,101.92,,BRA000024376
Department of Health,NHS Bradford Districts CCG,30/11/2018,C&M-PMS QOF Aspiration,PRC DELEGATED CO-COMMISSIONING,ROCKWELL & WROSE PRACTICE,24664157,7697.92,,BRA000024376
Department of Health,NHS Bradford Districts CCG,30/11/2018,C&M-PMS Baseline Adjustment,PRC DELEGATED CO-COMMISSIONING,SUNNY BANK MEDICAL CENTRE,24664159,94.92,,BRA000024378
Department of Health,NHS Bradford Districts CCG,30/11/2018,C&M-PMS Contract Value,PRC DELEGATED CO-COMMISSIONING,SUNNY BANK MEDICAL CENTRE,24664159,84697.57,,BRA000024378
Department of Health,NHS Bradford Districts CCG,30/11/2018,C&M-PMS DES Learn Dsblty Hlth Chk,PRC DELEGATED CO-COMMISSIONING,SUNNY BANK MEDICAL CENTRE,24664159,700,,BRA000024378
Department of Health,NHS Bradford Districts CCG,30/11/2018,C&M-PMS Funding Differential Review,PRC DELEGATED CO-COMMISSIONING,SUNNY BANK MEDICAL CENTRE,24664159,10584.93,,BRA000024378
Department of Health,NHS Bradford Districts CCG,30/11/2018,C&M-PMS List Size Adjustment,PRC DELEGATED CO-COMMISSIONING,SUNNY BANK MEDICAL CENTRE,24664159,119.78,,BRA000024378
Department of Health,NHS Bradford Districts CCG,30/11/2018,C&M-PMS Prem Actual Rent,PRC DELEGATED CO-COMMISSIONING,SUNNY BANK MEDICAL CENTRE,24664159,24000,,BRA000024378
Department of Health,NHS Bradford Districts CCG,30/11/2018,C&M-PMS Prem Clinical Waste,PRC DELEGATED CO-COMMISSIONING,SUNNY BANK MEDICAL CENTRE,24664159,1704.56,,BRA000024378
Department of Health,NHS Bradford Districts CCG,30/11/2018,C&M-PMS Prem Other,PRC DELEGATED CO-COMMISSIONING,SUNNY BANK MEDICAL CENTRE,24664159,1000,,BRA000024378
Department of Health,NHS Bradford Districts CCG,30/11/2018,C&M-PMS Prem Rates,PRC DELEGATED CO-COMMISSIONING,SUNNY BANK MEDICAL CENTRE,24664159,1764.42,,BRA000024378
Department of Health,NHS Bradford Districts CCG,30/11/2018,C&M-PMS Prem Water Rates,PRC DELEGATED CO-COMMISSIONING,SUNNY BANK MEDICAL CENTRE,24664159,162.37,,BRA000024378
Department of Health,NHS Bradford Districts CCG,30/11/2018,C&M-PMS QOF Aspiration,PRC DELEGATED CO-COMMISSIONING,SUNNY BANK MEDICAL CENTRE,24664159,8172.23,,BRA000024378
Department of Health,NHS Bradford Districts CCG,30/11/2018,C&M-APMS Contract Value,PRC DELEGATED CO-COMMISSIONING,THORNTON & DENHOLME MEDICAL PRACTIC,24664161,79445.22,,BRA000024380
Department of Health,NHS Bradford Districts CCG,30/11/2018,C&M-APMS List Size Adjustment,PRC DELEGATED CO-COMMISSIONING,THORNTON & DENHOLME MEDICAL PRACTIC,24664161,270.63,,BRA000024380
Department of Health,NHS Bradford Districts CCG,30/11/2018,C&M-APMS Other FDR Payment,PRC DELEGATED CO-COMMISSIONING,THORNTON & DENHOLME MEDICAL PRACTIC,24664161,170.46,,BRA000024380
Department of Health,NHS Bradford Districts CCG,30/11/2018,C&M-APMS Prem Clinical Waste,PRC DELEGATED CO-COMMISSIONING,THORNTON & DENHOLME MEDICAL PRACTIC,24664161,2627.18,,BRA000024380
Department of Health,NHS Bradford Districts CCG,30/11/2018,C&M-APMS Prem Healthcentre Rates,PRC DELEGATED CO-COMMISSIONING,THORNTON & DENHOLME MEDICAL PRACTIC,24664161,1009.68,,BRA000024380
Department of Health,NHS Bradford Districts CCG,30/11/2018,C&M-APMS Prem Healthcentre Rent,PRC DELEGATED CO-COMMISSIONING,THORNTON & DENHOLME MEDICAL PRACTIC,24664161,5208.33,,BRA000024380
Department of Health,NHS Bradford Districts CCG,30/11/2018,C&M-APMS Prem Water Rates,PRC DELEGATED CO-COMMISSIONING,THORNTON & DENHOLME MEDICAL PRACTIC,24664161,111.48,,BRA000024380
Department of Health,NHS Bradford Districts CCG,30/11/2018,C&M-PMS QOF Aspiration,PRC DELEGATED CO-COMMISSIONING,THORNTON & DENHOLME MEDICAL PRACTIC,24664161,6719.09,,BRA000024380
Department of Health,NHS Bradford Districts CCG,30/11/2018,C&M-PMS Baseline Adjustment,PRC DELEGATED CO-COMMISSIONING,TONG MEDICAL PRACTICE,24664163,78.58,,BRA000024382
Department of Health,NHS Bradford Districts CCG,30/11/2018,C&M-PMS Contract Value,PRC DELEGATED CO-COMMISSIONING,TONG MEDICAL PRACTICE,24664163,73052.68,,BRA000024382
Department of Health,NHS Bradford Districts CCG,30/11/2018,C&M-PMS DES Learn Dsblty Hlth Chk,PRC DELEGATED CO-COMMISSIONING,TONG MEDICAL PRACTICE,24664163,3220,,BRA000024382
Department of Health,NHS Bradford Districts CCG,30/11/2018,C&M-PMS Funding Differential Review,PRC DELEGATED CO-COMMISSIONING,TONG MEDICAL PRACTICE,24664163,10366.99,,BRA000024382
Department of Health,NHS Bradford Districts CCG,30/11/2018,C&M-PMS List Size Adjustment,PRC DELEGATED CO-COMMISSIONING,TONG MEDICAL PRACTICE,24664163,562.29,,BRA000024382
Department of Health,NHS Bradford Districts CCG,30/11/2018,C&M-PMS Prem Actual Rent,PRC DELEGATED CO-COMMISSIONING,TONG MEDICAL PRACTICE,24664163,11118,,BRA000024382
Department of Health,NHS Bradford Districts CCG,30/11/2018,C&M-PMS Prem Clinical Waste,PRC DELEGATED CO-COMMISSIONING,TONG MEDICAL PRACTICE,24664163,98.75,,BRA000024382
Department of Health,NHS Bradford Districts CCG,30/11/2018,C&M-PMS Prem Cost Rent,PRC DELEGATED CO-COMMISSIONING,TONG MEDICAL PRACTICE,24664163,221.75,,BRA000024382
Department of Health,NHS Bradford Districts CCG,30/11/2018,C&M-PMS Prem Healthcentre Rates,PRC DELEGATED CO-COMMISSIONING,TONG MEDICAL PRACTICE,24664163,40.01,,BRA000024382
Department of Health,NHS Bradford Districts CCG,30/11/2018,C&M-PMS Prem Other,PRC DELEGATED CO-COMMISSIONING,TONG MEDICAL PRACTICE,24664163,463.25,,BRA000024382
Department of Health,NHS Bradford Districts CCG,30/11/2018,C&M-PMS Prem Rates,PRC DELEGATED CO-COMMISSIONING,TONG MEDICAL PRACTICE,24664163,1129.8,,BRA000024382
Department of Health,NHS Bradford Districts CCG,30/11/2018,C&M-PMS Prem Water Rates,PRC DELEGATED CO-COMMISSIONING,TONG MEDICAL PRACTICE,24664163,95.14,,BRA000024382
Department of Health,NHS Bradford Districts CCG,30/11/2018,C&M-PMS QOF Aspiration,PRC DELEGATED CO-COMMISSIONING,TONG MEDICAL PRACTICE,24664163,6858.74,,BRA000024382
Department of Health,NHS Bradford Districts CCG,30/11/2018,ME - PMS GP Prior Year ERs,PRC DELEGATED CO-COMMISSIONING,TONG MEDICAL PRACTICE,24664163,1540.1,,BRA000024382
Department of Health,NHS Bradford Districts CCG,30/11/2018,ME-PMS GP Prior Year EEs,PRC DELEGATED CO-COMMISSIONING,TONG MEDICAL PRACTICE,24664163,1338.75,,BRA000024382
Department of Health,NHS Bradford Districts CCG,30/11/2018,C&M-PMS Baseline Adjustment,PRC DELEGATED CO-COMMISSIONING,WILSDEN MEDICAL PRACTICE,24664165,90.5,,BRA000024384
Department of Health,NHS Bradford Districts CCG,30/11/2018,C&M-PMS Contract Value,PRC DELEGATED CO-COMMISSIONING,WILSDEN MEDICAL PRACTICE,24664165,85665.47,,BRA000024384
Department of Health,NHS Bradford Districts CCG,30/11/2018,C&M-PMS Funding Differential Review,PRC DELEGATED CO-COMMISSIONING,WILSDEN MEDICAL PRACTICE,24664165,10705.85,,BRA000024384
Department of Health,NHS Bradford Districts CCG,30/11/2018,C&M-PMS List Size Adjustment,PRC DELEGATED CO-COMMISSIONING,WILSDEN MEDICAL PRACTICE,24664165,291.5,,BRA000024384
Department of Health,NHS Bradford Districts CCG,30/11/2018,C&M-PMS Prem Actual Rent,PRC DELEGATED CO-COMMISSIONING,WILSDEN MEDICAL PRACTICE,24664165,13215.28,,BRA000024384
Department of Health,NHS Bradford Districts CCG,30/11/2018,C&M-PMS Prem Clinical Waste,PRC DELEGATED CO-COMMISSIONING,WILSDEN MEDICAL PRACTICE,24664165,384.02,,BRA000024384
Department of Health,NHS Bradford Districts CCG,30/11/2018,C&M-PMS Prem Notional Rent,PRC DELEGATED CO-COMMISSIONING,WILSDEN MEDICAL PRACTICE,24664165,3070.83,,BRA000024384
Department of Health,NHS Bradford Districts CCG,30/11/2018,C&M-PMS Prem Other,PRC DELEGATED CO-COMMISSIONING,WILSDEN MEDICAL PRACTICE,24664165,528.61,,BRA000024384
Department of Health,NHS Bradford Districts CCG,30/11/2018,C&M-PMS Prem Rates,PRC DELEGATED CO-COMMISSIONING,WILSDEN MEDICAL PRACTICE,24664165,2428.54,,BRA000024384
Department of Health,NHS Bradford Districts CCG,30/11/2018,C&M-PMS Prem Water Rates,PRC DELEGATED CO-COMMISSIONING,WILSDEN MEDICAL PRACTICE,24664165,315.83,,BRA000024384
Department of Health,NHS Bradford Districts CCG,30/11/2018,C&M-PMS QOF Aspiration,PRC DELEGATED CO-COMMISSIONING,WILSDEN MEDICAL PRACTICE,24664165,8472.21,,BRA000024384
Department of Health,NHS Bradford Districts CCG,30/11/2018,C&M-PMS Baseline Adjustment,PRC DELEGATED CO-COMMISSIONING,WINDHILL GREEN MEDICAL PRACTICE,24664167,105.58,,BRA000024386
Department of Health,NHS Bradford Districts CCG,30/11/2018,C&M-PMS Contract Value,PRC DELEGATED CO-COMMISSIONING,WINDHILL GREEN MEDICAL PRACTICE,24664167,99211.75,,BRA000024386
Department of Health,NHS Bradford Districts CCG,30/11/2018,C&M-PMS Funding Differential Review,PRC DELEGATED CO-COMMISSIONING,WINDHILL GREEN MEDICAL PRACTICE,24664167,12398.72,,BRA000024386
Department of Health,NHS Bradford Districts CCG,30/11/2018,C&M-PMS List Size Adjustment,PRC DELEGATED CO-COMMISSIONING,WINDHILL GREEN MEDICAL PRACTICE,24664167,40.98,,BRA000024386
Department of Health,NHS Bradford Districts CCG,30/11/2018,C&M-PMS Prem Clinical Waste,PRC DELEGATED CO-COMMISSIONING,WINDHILL GREEN MEDICAL PRACTICE,24664167,1577.15,,BRA000024386
Department of Health,NHS Bradford Districts CCG,30/11/2018,C&M-PMS Prem Notional Rent,PRC DELEGATED CO-COMMISSIONING,WINDHILL GREEN MEDICAL PRACTICE,24664167,12916.67,,BRA000024386
Department of Health,NHS Bradford Districts CCG,30/11/2018,C&M-PMS Prem Rates,PRC DELEGATED CO-COMMISSIONING,WINDHILL GREEN MEDICAL PRACTICE,24664167,2962.27,,BRA000024386
Department of Health,NHS Bradford Districts CCG,30/11/2018,C&M-PMS Prem Water Rates,PRC DELEGATED CO-COMMISSIONING,WINDHILL GREEN MEDICAL PRACTICE,24664167,160.37,,BRA000024386
Department of Health,NHS Bradford Districts CCG,30/11/2018,C&M-PMS QOF Aspiration,PRC DELEGATED CO-COMMISSIONING,WINDHILL GREEN MEDICAL PRACTICE,24664167,12342.6,,BRA000024386
Department of Health,NHS Bradford Districts CCG,30/11/2018,C&M-PMS Baseline Adjustment,PRC DELEGATED CO-COMMISSIONING,HOLLYNS HEALTH & WELLBEING,24664169,122,,BRA000024388
Department of Health,NHS Bradford Districts CCG,30/11/2018,C&M-PMS Contract Value,PRC DELEGATED CO-COMMISSIONING,HOLLYNS HEALTH & WELLBEING,24664169,112118.37,,BRA000024388
Department of Health,NHS Bradford Districts CCG,30/11/2018,C&M-PMS Funding Differential Review,PRC DELEGATED CO-COMMISSIONING,HOLLYNS HEALTH & WELLBEING,24664169,14011.81,,BRA000024388
Department of Health,NHS Bradford Districts CCG,30/11/2018,C&M-PMS List Size Adjustment,PRC DELEGATED CO-COMMISSIONING,HOLLYNS HEALTH & WELLBEING,24664169,1469.91,,BRA000024388
Department of Health,NHS Bradford Districts CCG,30/11/2018,C&M-PMS Prem Actual Rent,PRC DELEGATED CO-COMMISSIONING,HOLLYNS HEALTH & WELLBEING,24664169,22979.95,,BRA000024388
Department of Health,NHS Bradford Districts CCG,30/11/2018,C&M-PMS Prem Clinical Waste,PRC DELEGATED CO-COMMISSIONING,HOLLYNS HEALTH & WELLBEING,24664169,577.2,,BRA000024388
Department of Health,NHS Bradford Districts CCG,30/11/2018,C&M-PMS Prem Other,PRC DELEGATED CO-COMMISSIONING,HOLLYNS HEALTH & WELLBEING,24664169,957.39,,BRA000024388
Department of Health,NHS Bradford Districts CCG,30/11/2018,C&M-PMS Prem Rates,PRC DELEGATED CO-COMMISSIONING,HOLLYNS HEALTH & WELLBEING,24664169,2974.53,,BRA000024388
Department of Health,NHS Bradford Districts CCG,30/11/2018,C&M-PMS Prem Water Rates,PRC DELEGATED CO-COMMISSIONING,HOLLYNS HEALTH & WELLBEING,24664169,141.96,,BRA000024388
Department of Health,NHS Bradford Districts CCG,30/11/2018,C&M-PMS QOF Aspiration,PRC DELEGATED CO-COMMISSIONING,HOLLYNS HEALTH & WELLBEING,24664169,11513.56,,BRA000024388
Department of Health,NHS Bradford Districts CCG,30/11/2018,C&M-PMS Baseline Adjustment,PRC DELEGATED CO-COMMISSIONING,DR WELFORD & PARTNERS,24664927,82.67,,BRA000024326
Department of Health,NHS Bradford Districts CCG,30/11/2018,C&M-PMS Contract Value,PRC DELEGATED CO-COMMISSIONING,DR WELFORD & PARTNERS,24664927,75718.72,,BRA000024326
Department of Health,NHS Bradford Districts CCG,30/11/2018,C&M-PMS Funding Differential Review,PRC DELEGATED CO-COMMISSIONING,DR WELFORD & PARTNERS,24664927,9888.38,,BRA000024326
Department of Health,NHS Bradford Districts CCG,30/11/2018,C&M-PMS List Size Adjustment,PRC DELEGATED CO-COMMISSIONING,DR WELFORD & PARTNERS,24664927,248.7,,BRA000024326
Department of Health,NHS Bradford Districts CCG,30/11/2018,C&M-PMS Prem Actual Rent,PRC DELEGATED CO-COMMISSIONING,DR WELFORD & PARTNERS,24664927,24551.66,,BRA000024326
Department of Health,NHS Bradford Districts CCG,30/11/2018,C&M-PMS Prem Clinical Waste,PRC DELEGATED CO-COMMISSIONING,DR WELFORD & PARTNERS,24664927,1222.44,,BRA000024326
Department of Health,NHS Bradford Districts CCG,30/11/2018,C&M-PMS Prem Other,PRC DELEGATED CO-COMMISSIONING,DR WELFORD & PARTNERS,24664927,585.49,,BRA000024326
Department of Health,NHS Bradford Districts CCG,30/11/2018,C&M-PMS Prem Rates,PRC DELEGATED CO-COMMISSIONING,DR WELFORD & PARTNERS,24664927,4917.09,,BRA000024326
Department of Health,NHS Bradford Districts CCG,30/11/2018,C&M-PMS Prem Water Rates,PRC DELEGATED CO-COMMISSIONING,DR WELFORD & PARTNERS,24664927,123.62,,BRA000024326
Department of Health,NHS Bradford Districts CCG,30/11/2018,C&M-PMS QOF Aspiration,PRC DELEGATED CO-COMMISSIONING,DR WELFORD & PARTNERS,24664927,7924.05,,BRA000024326
Department of Health,NHS Bradford Districts CCG,30/11/2018,C&M-PMS Baseline Adjustment,PRC DELEGATED CO-COMMISSIONING,HORTON PARK MEDICAL PRACTICE,24664929,75.33,,BRA000024342
Department of Health,NHS Bradford Districts CCG,30/11/2018,C&M-PMS Contract Value,PRC DELEGATED CO-COMMISSIONING,HORTON PARK MEDICAL PRACTICE,24664929,76816.88,,BRA000024342
Department of Health,NHS Bradford Districts CCG,30/11/2018,C&M-PMS Funding Differential Review,PRC DELEGATED CO-COMMISSIONING,HORTON PARK MEDICAL PRACTICE,24664929,10901.27,,BRA000024342
Department of Health,NHS Bradford Districts CCG,30/11/2018,C&M-PMS List Size Adjustment,PRC DELEGATED CO-COMMISSIONING,HORTON PARK MEDICAL PRACTICE,24664929,1019.69,,BRA000024342
Department of Health,NHS Bradford Districts CCG,30/11/2018,C&M-PMS Prem Actual Rent,PRC DELEGATED CO-COMMISSIONING,HORTON PARK MEDICAL PRACTICE,24664929,12500,,BRA000024342
Department of Health,NHS Bradford Districts CCG,30/11/2018,C&M-PMS Prem Clinical Waste,PRC DELEGATED CO-COMMISSIONING,HORTON PARK MEDICAL PRACTICE,24664929,1459.9,,BRA000024342
Department of Health,NHS Bradford Districts CCG,30/11/2018,C&M-PMS Prem Notional Rent,PRC DELEGATED CO-COMMISSIONING,HORTON PARK MEDICAL PRACTICE,24664929,810,,BRA000024342
Department of Health,NHS Bradford Districts CCG,30/11/2018,C&M-PMS Prem Other,PRC DELEGATED CO-COMMISSIONING,HORTON PARK MEDICAL PRACTICE,24664929,520.83,,BRA000024342
Department of Health,NHS Bradford Districts CCG,30/11/2018,C&M-PMS Prem Rates,PRC DELEGATED CO-COMMISSIONING,HORTON PARK MEDICAL PRACTICE,24664929,1717.34,,BRA000024342
Department of Health,NHS Bradford Districts CCG,30/11/2018,C&M-PMS Prem Water Rates,PRC DELEGATED CO-COMMISSIONING,HORTON PARK MEDICAL PRACTICE,24664929,145.36,,BRA000024342
Department of Health,NHS Bradford Districts CCG,30/11/2018,C&M-PMS QOF Aspiration,PRC DELEGATED CO-COMMISSIONING,HORTON PARK MEDICAL PRACTICE,24664929,6339.9,,BRA000024342
Department of Health,NHS Bradford Districts CCG,30/11/2018,Clinical&Medical-Independent Sector,ACUTE COMMISSIONING,YORKSHIRE CLINIC,24683251,69560.4,426505170,BD04FY1819
Department of Health,NHS Bradford Districts CCG,30/11/2018,Clinical&Medical-Independent Sector,PLANNED CARE,WESTCLIFFE MEDICAL SERVICES,24683285,31520,,WMS01902
Department of Health,NHS Bradford Districts CCG,30/11/2018,Clinical&Medical-Independent Sector,PLANNED CARE,PRESCRIBING SUPPORT SERVICES,24683294,34770,GB243314242,INV03745
Department of Health,NHS Bradford Districts CCG,30/11/2018,Clinical&Medical-Independent Sector,PLANNED CARE,PRESCRIBING SUPPORT SERVICES,24683311,34694,GB243314242,INV03749
Department of Health,NHS Bradford Districts CCG,30/11/2018,Hcare Srv Rec Fdtn Trust-Non Contract,NCAS/OATS,MANCHESTER UNIVERSITY NHS FOUNDATION TRUST,24683414,116834.44,654415538,407200
Department of Health,NHS Bradford Districts CCG,30/11/2018,Hcare Srv Rec NHS Trust-Non Contract,NCAS/OATS,PORTSMOUTH HOSPITALS NHS TRUST,24683427,32287.43,654936991,9365752
Department of Health,NHS Bradford Districts CCG,30/11/2018,Clinical&Medical-Independent Sector,ACUTE COMMISSIONING,YORKSHIRE CLINIC,24683504,1336370.49,426505170,BD8201819
Department of Health,NHS Bradford Districts CCG,30/11/2018,Hcare Srv Rec NHS Trust-Contract Baseline,ACUTE COMMISSIONING,MID YORKSHIRE HOSPITALS NHS TRUST,24683609,112607,654967780,1600004254
Department of Health,NHS Bradford Districts CCG,30/11/2018,Cont Care-Funded Nursing Care Allow,FUNDED NURSING CARE,BRADFORD METROPOLITAN DISTRICT COUNCIL,24721965,455002.93,180808262,74991960294
Department of Health,NHS Bradford Districts CCG,30/11/2018,Cont Care- Adult 100% Fully Funded,CHC AD FULL FUND PERS HLTH BUD,BRADFORD METROPOLITAN DISTRICT COUNCIL,24721977,204484.77,180808262,74991960356
Department of Health,NHS Bradford Districts CCG,30/11/2018,Clinical&Medical-Othe Public Sector,CARERS,BRADFORD METROPOLITAN DISTRICT COUNCIL,24722988,161492,180808262,74991961255
Department of Health,NHS Bradford Districts CCG,30/11/2018,Clinical&Medical-Othe Public Sector,REABLEMENT,BRADFORD METROPOLITAN DISTRICT COUNCIL,24722988,3062227,180808262,74991961255
Department of Health,NHS Bradford Districts CCG,30/11/2018,Clinical&Medical-Othe Public Sector,WHEELCHAIR SERVICE,BRADFORD METROPOLITAN DISTRICT COUNCIL,24722988,245781,180808262,74991961255
Department of Health,NHS Bradford Districts CCG,30/11/2018,Clinical&Medical-Voluntary Sector,PROGRAMME PROJECTS,MAKING SPACE,24723000,34742.25,,GFI001206021
Department of Health,NHS Bradford Districts CCG,30/11/2018,Clinical&Medical-Voluntary Sector,PROGRAMME PROJECTS,MIND IN BRADFORD,24723014,92500,,435
Department of Health,NHS Bradford Districts CCG,30/11/2018,Clinical&Medical-Voluntary Sector,MENTAL HEALTH SERVICES - OTHER,CREATIVE SUPPORT LTD,24723046,215876,,343129
Department of Health,NHS Bradford Districts CCG,30/11/2018,Clinical&Medical-Othe Public Sector,CARERS,BRADFORD METROPOLITAN DISTRICT COUNCIL,24723059,132344,180808262,74991969128
Department of Health,NHS Bradford Districts CCG,30/11/2018,Clinical&Medical-Othe Public Sector,REABLEMENT,BRADFORD METROPOLITAN DISTRICT COUNCIL,24723059,2808346,180808262,74991969128
Department of Health,NHS Bradford Districts CCG,30/11/2018,Clinical&Medical-Othe Public Sector,WHEELCHAIR SERVICE,BRADFORD METROPOLITAN DISTRICT COUNCIL,24723059,214332,180808262,74991969128
Department of Health,NHS Bradford Districts CCG,30/11/2018,Cont Care- Adult 100% Fully Funded,CHC AD FULL FUND PERS HLTH BUD,BRADFORD METROPOLITAN DISTRICT COUNCIL,24723101,229635.71,180808262,74991970129
Department of Health,NHS Bradford Districts CCG,30/11/2018,Cont Care-Funded Nursing Care Allow,FUNDED NURSING CARE,BRADFORD METROPOLITAN DISTRICT COUNCIL,24723115,461120.65,180808262,74991970058
Department of Health,NHS Bradford Districts CCG,30/11/2018,Clinical&Medical-Clinical Other,MENTAL HEALTH SERVICES - OTHER,NHS BRADFORD CITY CCG,24723248,55000,,7014800255
Department of Health,NHS Bradford Districts CCG,30/11/2018,Clinical&Medical-Voluntary Sector,THIRD PARTY HOSTED SERVICE 2,NHS BRADFORD CITY CCG,24723248,50000,,7014800255
Department of Health,NHS Bradford Districts CCG,30/11/2018,Clinical&Medical-Clinical Other,MATERNITY SERVICES,DR M M CUTHBERT & PARTNERS,24731573,49208.6,,103888-09-NOV-2018
Department of Health,NHS Bradford Districts CCG,30/11/2018,Clinical&Medical-Clinical Other,MATERNITY SERVICES,RIDGE MEDICAL PRACTICE,24731575,61126.33,,103892-09-NOV-2018
Department of Health,NHS Bradford Districts CCG,30/11/2018,Apprenticeship Levy Payable,BALANCE SHEET,HMRC,24740984,2714,,120PS005707651907
Department of Health,NHS Bradford Districts CCG,30/11/2018,Income tax <1Yr,BALANCE SHEET,HMRC,24740984,113820.39,,120PS005707651907
Department of Health,NHS Bradford Districts CCG,30/11/2018,Income tax <1Yr-Student Loans,BALANCE SHEET,HMRC,24740984,1831,,120PS005707651907
Department of Health,NHS Bradford Districts CCG,30/11/2018,National Insurance < 1 yr-NI- ERS,BALANCE SHEET,HMRC,24740984,85102.11,,120PS005707651907
Department of Health,NHS Bradford Districts CCG,30/11/2018,National Insurance < 1 yr-NI-EES,BALANCE SHEET,HMRC,24740984,61108.95,,120PS005707651907
Department of Health,NHS Bradford Districts CCG,30/11/2018,Statutory Mat Pay < 1 yr,BALANCE SHEET,HMRC,24740984,-2137.12,,120PS005707651907
Department of Health,NHS Bradford Districts CCG,30/11/2018,Hcare Srv Rec Fdtn Trust-Non Contract,COMMUNITY SERVICES,BRADFORD TEACHING HOSPITALS NHS FOUNDATION TRUST,24744143,66711.86,654913617,304840
Department of Health,NHS Bradford Districts CCG,30/11/2018,Cont Care- Adult 100% Fully Funded,CHC ADULT FULLY FUNDED,BRADFORD METROPOLITAN DISTRICT COUNCIL,24744171,751848.85,180808262,74991960329
Department of Health,NHS Bradford Districts CCG,30/11/2018,Cont Care- Children,CHC CHILDREN,BRADFORD METROPOLITAN DISTRICT COUNCIL,24744171,68692.7,180808262,74991960329
Department of Health,NHS Bradford Districts CCG,30/11/2018,Cont Care- Adult 100% Fully Funded,CHC ADULT FULLY FUNDED,BRADFORD METROPOLITAN DISTRICT COUNCIL,24744179,1336046.77,180808262,74991960285
Department of Health,NHS Bradford Districts CCG,30/11/2018,Hlthcre-Foundation Trsts,ACUTE CHILDRENS SERVICES,BRADFORD TEACHING HOSPITALS NHS FOUNDATION TRUST,24744183,49986.66,654913617,307235
Department of Health,NHS Bradford Districts CCG,30/11/2018,Clinical&Medical-Independent Sector,INTERPRETING SERVICES,ENABLE 2,24744185,54969.39,GB125562620,Sep-17
Department of Health,NHS Bradford Districts CCG,30/11/2018,Clinical&Medical-Clinical Other,CLINICAL ASSESSMENT AND TREATMENT CENTRES,BRADFORD CARE ALLIANCE CIC,24744212,130038,,124
Department of Health,NHS Bradford Districts CCG,30/11/2018,Cont Care- Adult 100% Fully Funded,CHC ADULT FULLY FUNDED,BRADFORD METROPOLITAN DISTRICT COUNCIL,24744218,729576.15,180808262,74991970085
Department of Health,NHS Bradford Districts CCG,30/11/2018,Cont Care- Children,CHC CHILDREN,BRADFORD METROPOLITAN DISTRICT COUNCIL,24744218,20064.44,180808262,74991970085
Department of Health,NHS Bradford Districts CCG,30/11/2018,Cont Care- Adult 100% Fully Funded,CHC ADULT FULLY FUNDED,BRADFORD METROPOLITAN DISTRICT COUNCIL,24744222,1465473.68,180808262,74991970049
Department of Health,NHS Bradford Districts CCG,30/11/2018,Hcare Srv Rec NHS Trust-Contract Baseline,AMBULANCE SERVICES,YORKSHIRE AMBULANCE SERVICE NHS TRUST,24744227,1055664,654971305,2810024299
Department of Health,NHS Bradford Districts CCG,30/11/2018,Hcare Srv Rec NHS Trust-Contract Baseline,PATIENT TRANSPORT,YORKSHIRE AMBULANCE SERVICE NHS TRUST,24744230,83283.87,654971305,2810024370
Department of Health,NHS Bradford Districts CCG,30/11/2018,Hcare Srv Rec NHS Trust-Contract Baseline,URGENT CARE,YORKSHIRE AMBULANCE SERVICE NHS TRUST,24744232,240781.98,654971305,2810024355
Department of Health,NHS Bradford Districts CCG,30/11/2018,Hcare Srv Rec NHS Trust-Contract Baseline,NHS 111,YORKSHIRE AMBULANCE SERVICE NHS TRUST,24744234,91261,654971305,2810024331
Department of Health,NHS Bradford Districts CCG,30/11/2018,Hcare Srv Rec Fdtn Trust-Non Contract,COMMUNITY SERVICES,BRADFORD TEACHING HOSPITALS NHS FOUNDATION TRUST,24744238,412954.08,654913617,307579
Department of Health,NHS Bradford Districts CCG,30/11/2018,Clinical&Medical-Independent Sector,HOSPICES,MARIE CURIE,24744239,341045,626722537,508011
Department of Health,NHS Bradford Districts CCG,30/11/2018,Legal / Prof Fees,MEDICINES MANAGEMENT - CLINICAL,PRESCRIBING SUPPORT SERVICES,24785065,32685,GB243314242,INV03723
Department of Health,NHS Bradford Districts CCG,30/11/2018,Clinical&Medical-Independent Sector,ACUTE COMMISSIONING,OPTEGRA UK LTD,24785107,106650.59,GB938297867,1030009653
Department of Health,NHS Bradford Districts CCG,30/11/2018,Miscellaneous Expenditure (L9),THIRD PARTY HOSTED SERVICE 4,BRADFORD DISTRICT CARE NHS FOUNDATION TRUST,24808432,29000,,196707
Department of Health,NHS Bradford Districts CCG,30/11/2018,Hcare Srv Rec Fdtn Trust-Over/ Under Performance,THIRD PARTY HOSTED SERVICE 1,AIREDALE NHS FOUNDATION TRUST,24808491,-41613,654910724,3681
Department of Health,NHS Bradford Districts CCG,30/11/2018,Clinical&Medical-Clinical Other,CLINICAL ASSESSMENT AND TREATMENT CENTRES,BRADFORD CARE ALLIANCE CIC,24808515,70000,,123
Department of Health,NHS Bradford Districts CCG,30/11/2018,Clinical&Medical-Independent Sector,CLINICAL ASSESSMENT AND TREATMENT CENTRES,BRADFORD VCS ALLIANCE LTD,24808676,50000,,15
Department of Health,NHS Bradford Districts CCG,30/11/2018,Cont Care-NHSFT-FNC Continence,FUNDED NURSING CARE,BRADFORD DISTRICT CARE NHS FOUNDATION TRUST,24808697,25388,,197198
Department of Health,NHS Bradford Districts CCG,30/11/2018,Hcare Srv Rec Fdtn Trust-Contract Baseline,MENTAL HEALTH CONTRACTS,BRADFORD DISTRICT CARE NHS FOUNDATION TRUST,24808713,4642947,,197230
Department of Health,NHS Bradford Districts CCG,30/11/2018,Hcare Srv Rec Fdtn Trust-CQUIN,MENTAL HEALTH CONTRACTS,BRADFORD DISTRICT CARE NHS FOUNDATION TRUST,24808715,82370,,197231
Department of Health,NHS Bradford Districts CCG,30/11/2018,Clinical&Medical-Independent Sector,COMMUNITY SERVICES,CARERS RESOURCE,24808725,55000,,808
Department of Health,NHS Bradford Districts CCG,30/11/2018,Hcare Srv Rec Fdtn Trust-Over/ Under Performance,THIRD PARTY HOSTED SERVICE 1,AIREDALE NHS FOUNDATION TRUST,24829236,41613,654910724,3310033226
Department of Health,NHS Bradford Districts CCG,30/11/2018,Hcare Srv Rec Fdtn Trust-Over/ Under Performance,THIRD PARTY HOSTED SERVICE 2,BRADFORD DISTRICT CARE NHS FOUNDATION TRUST,24829239,-27081,,196154
Department of Health,NHS Bradford Districts CCG,30/11/2018,Hcare Srv Rec Fdtn Trust-Over/ Under Performance,THIRD PARTY HOSTED SERVICE 2,BRADFORD DISTRICT CARE NHS FOUNDATION TRUST,24829242,-130812,,196156
Department of Health,NHS Bradford Districts CCG,30/11/2018,Clinical&Medical-Independent Sector,THIRD PARTY HOSTED SERVICE 1,YORKSHIRE CLINIC,24829249,105879.72,426505170,BDCQUINTOPUP201718
Department of Health,NHS Bradford Districts CCG,30/11/2018,Other Research Exp,COMMISSIONING - NON ACUTE,UNIVERSITY OF LEEDS,24829255,26010,613451470,90254805
Department of Health,NHS Bradford Districts CCG,30/11/2018,Other Research Exp,COMMISSIONING SCHEMES,BRADFORD DISTRICT CARE NHS FOUNDATION TRUST,24829258,35938,,196818
Department of Health,NHS Bradford Districts CCG,30/11/2018,Other Research Exp,COMMISSIONING SCHEMES,BRADFORD DISTRICT CARE NHS FOUNDATION TRUST,24829281,-35938,,196964
Department of Health,NHS Bradford Districts CCG,30/11/2018,Clinical&Medical-Independent Sector,INTERPRETING SERVICES,ENABLE 2,24829454,62750.25,GB125562620,Oct-17
Department of Health,NHS Bradford Districts CCG,30/11/2018,Hcare Srv Rec Fdtn Trust-CQUIN,ACUTE COMMISSIONING,AIREDALE NHS FOUNDATION TRUST,24829498,26857,654910724,3310037303
Department of Health,NHS Bradford Districts CCG,30/11/2018,Hcare Srv Rec Fdtn Trust-Contract Baseline,ACUTE COMMISSIONING,AIREDALE NHS FOUNDATION TRUST,24829498,1532214,654910724,3310037303
Department of Health,NHS Bradford Districts CCG,30/11/2018,Hcare Srv Rec Fdtn Trust-Contract Baseline,PLANNED CARE,AIREDALE NHS FOUNDATION TRUST,24829498,1208,654910724,3310037303
Department of Health,NHS Bradford Districts CCG,30/11/2018,Hcare Srv Rec Fdtn Trust-Emergency Readmissions,ACUTE COMMISSIONING,AIREDALE NHS FOUNDATION TRUST,24829498,5917,654910724,3310037303
Department of Health,NHS Bradford Districts CCG,30/11/2018,Hcare Srv Rec NHS Trust-Contract Baseline,ACUTE COMMISSIONING,LEEDS TEACHING HOSPITALS NHS TRUST,24829504,849485,654944112,1410108559
Department of Health,NHS Bradford Districts CCG,30/11/2018,Hcare Srv Rec Fdtn Trust-Non Contract,THIRD PARTY HOSTED SERVICE 2,BRADFORD DISTRICT CARE NHS FOUNDATION TRUST,24850995,31382,,195768
Department of Health,NHS Bradford Districts CCG,30/11/2018,Hcare Srv Rec NHS Trust-Over/ Under Performance,ACUTE COMMISSIONING,LEEDS TEACHING HOSPITALS NHS TRUST,24851029,75005.9,654944112,1410101847
Department of Health,NHS Bradford Districts CCG,30/11/2018,Hcare Srv Rec Fdtn Trust-Non Contract,THIRD PARTY HOSTED SERVICE 2,BRADFORD DISTRICT CARE NHS FOUNDATION TRUST,24851062,-31382,,196960
Department of Health,NHS Bradford Districts CCG,30/11/2018,Clinical&Medical-Voluntary Sector,PROGRAMME PROJECTS,MAKING SPACE,24851114,34742.25,,GFI001206023
Department of Health,NHS Bradford Districts CCG,30/11/2018,Clinical&Medical-Voluntary Sector,PROGRAMME PROJECTS,CELLAR TRUST (THE),24851256,40502,,18190036
Department of Health,NHS Bradford Districts CCG,30/11/2018,Clinical&Medical-Independent Sector,MENTAL HEALTH SERVICES - SPECIALIST SERVICES,ELYSIUM HEALTHCARE LTD,24867443,34300.5,GB257732580,HLA00165
Department of Health,NHS Bradford Districts CCG,30/11/2018,Cont Care- Adult 100% Fully Funded,CHC ADULT FULLY FUNDED,MEDEVENT,24867457,37704.21,817210165,INV1915
Department of Health,NHS Bradford Districts CCG,30/11/2018,Cont Care- Adult 100% Fully Funded,CHC ADULT FULLY FUNDED,BRADFORD METROPOLITAN DISTRICT COUNCIL,24885771,1522240.36,180808262,74991981721
Department of Health,NHS Bradford Districts CCG,30/11/2018,Cont Care- Adult 100% Fully Funded,CHC ADULT FULLY FUNDED,BRADFORD METROPOLITAN DISTRICT COUNCIL,24885773,770503.52,180808262,74991981768
Department of Health,NHS Bradford Districts CCG,30/11/2018,Cont Care- Children,CHC CHILDREN,BRADFORD METROPOLITAN DISTRICT COUNCIL,24885773,135073.57,180808262,74991981768
Department of Health,NHS Bradford Districts CCG,30/11/2018,C&M-GMS Global Sum,PRC DELEGATED CO-COMMISSIONING,WOODROYD MEDICAL PRACTICE,24906990,69337.16,,BRA000024503
Department of Health,NHS Bradford Districts CCG,30/11/2018,C&M-GMS MPIG Correction Factor,PRC DELEGATED CO-COMMISSIONING,WOODROYD MEDICAL PRACTICE,24906990,460.29,,BRA000024503
Department of Health,NHS Bradford Districts CCG,30/11/2018,C&M-GMS Other FDR Payment,PRC DELEGATED CO-COMMISSIONING,WOODROYD MEDICAL PRACTICE,24906990,14777.96,,BRA000024503
Department of Health,NHS Bradford Districts CCG,30/11/2018,C&M-GMS Prem Clinical Waste,PRC DELEGATED CO-COMMISSIONING,WOODROYD MEDICAL PRACTICE,24906990,409.82,,BRA000024503
Department of Health,NHS Bradford Districts CCG,30/11/2018,C&M-GMS Prem Cost Rent,PRC DELEGATED CO-COMMISSIONING,WOODROYD MEDICAL PRACTICE,24906990,1656.47,,BRA000024503
Department of Health,NHS Bradford Districts CCG,30/11/2018,C&M-GMS Prem Healthcentre Rates,PRC DELEGATED CO-COMMISSIONING,WOODROYD MEDICAL PRACTICE,24906990,1212.58,,BRA000024503
Department of Health,NHS Bradford Districts CCG,30/11/2018,C&M-GMS Prem Healthcentre Rent,PRC DELEGATED CO-COMMISSIONING,WOODROYD MEDICAL PRACTICE,24906990,7221.55,,BRA000024503
Department of Health,NHS Bradford Districts CCG,30/11/2018,C&M-GMS Prem Rates,PRC DELEGATED CO-COMMISSIONING,WOODROYD MEDICAL PRACTICE,24906990,358.59,,BRA000024503
Department of Health,NHS Bradford Districts CCG,30/11/2018,C&M-GMS QOF Aspiration,PRC DELEGATED CO-COMMISSIONING,WOODROYD MEDICAL PRACTICE,24906990,10885.57,,BRA000024503
Department of Health,NHS Bradford Districts CCG,30/11/2018,Clinical&Medical-Voluntary Sector,PROGRAMME PROJECTS,BRADFORD METROPOLITAN DISTRICT COUNCIL,24915821,276621.6,180808262,74991980653
Department of Health,NHS Bradford Districts CCG,30/11/2018,Cont Care-Funded Nursing Care Allow,FUNDED NURSING CARE,BRADFORD METROPOLITAN DISTRICT COUNCIL,24915872,456580,180808262,74991981730
Department of Health,NHS Bradford Districts CCG,30/11/2018,Cont Care- Adult 100% Fully Funded,CHC AD FULL FUND PERS HLTH BUD,BRADFORD METROPOLITAN DISTRICT COUNCIL,24915878,221133.29,180808262,74991981801
Department of Health,NHS Bradford Districts CCG,30/11/2018,Clinical&Medical-Independent Sector,Winter Resilience,LOCAL CARE DIRECT,24936903,67010,,31386
Department of Health,NHS Bradford Districts CCG,30/11/2018,Clinical&Medical-Independent Sector,PLANNED CARE,BRADFORD PHYSIOTHERAPY CLINIC LTD,24936925,39150,,BPC011018
Department of Health,NHS Bradford Districts CCG,30/11/2018,Clinical&Medical-Independent Sector,PLANNED CARE,BRADFORD PHYSIOTHERAPY CLINIC LTD,24936935,43200,,BPC011118
Department of Health,NHS Bradford Districts CCG,30/11/2018,Clinical&Medical-Independent Sector,PLANNED CARE,WESTCLIFFE HEALTH INNOVATIONS,24937992,117381.86,,GAS1927
Department of Health,NHS Bradford Districts CCG,30/11/2018,Clinical&Medical-Independent Sector,PLANNED CARE,WESTCLIFFE HEALTH INNOVATIONS,24938001,42644.02,,ENT1922
Department of Health,NHS Bradford Districts CCG,30/11/2018,Clinical&Medical-Independent Sector,PLANNED CARE,WESTCLIFFE HEALTH INNOVATIONS,24938011,35035,,DERM1913
Department of Health,NHS Bradford Districts CCG,30/11/2018,Clinical&Medical-Clinical Other,MATERNITY SERVICES,DR M M CUTHBERT & PARTNERS,24942859,51620.69,,103948-26-NOV-2018
Department of Health,NHS Bradford Districts CCG,30/11/2018,Clinical&Medical-Othe Public Sector,CARERS,BRADFORD METROPOLITAN DISTRICT COUNCIL,24954859,44115,180808262,74991969217
Department of Health,NHS Bradford Districts CCG,30/11/2018,Clinical&Medical-Othe Public Sector,REABLEMENT,BRADFORD METROPOLITAN DISTRICT COUNCIL,24954859,936115,180808262,74991969217
Department of Health,NHS Bradford Districts CCG,30/11/2018,Clinical&Medical-Othe Public Sector,WHEELCHAIR SERVICE,BRADFORD METROPOLITAN DISTRICT COUNCIL,24954859,71444,180808262,74991969217
Department of Health,NHS Bradford Districts CCG,30/11/2018,Removal Expenses,FINANCE,GEORGE PICKERSGILL REMOVALS & STORAGE LTD,24954880,44760,,315772
Department of Health,NHS Bradford Districts CCG,30/11/2018,Clinical&Medical-Othe Public Sector,CARERS,BRADFORD METROPOLITAN DISTRICT COUNCIL,24954885,44115,180808262,74991979993
Department of Health,NHS Bradford Districts CCG,30/11/2018,Clinical&Medical-Othe Public Sector,REABLEMENT,BRADFORD METROPOLITAN DISTRICT COUNCIL,24954885,936115,180808262,74991979993
Department of Health,NHS Bradford Districts CCG,30/11/2018,Clinical&Medical-Othe Public Sector,WHEELCHAIR SERVICE,BRADFORD METROPOLITAN DISTRICT COUNCIL,24954885,71444,180808262,74991979993
Department of Health,NHS Bradford Districts CCG,30/11/2018,Clinical&Medical-Voluntary Sector,PROGRAMME PROJECTS,CELLAR TRUST (THE),24969240,62537.75,,18190034
Department of Health,NHS Bradford Districts CCG,30/11/2018,Hcare Srv Rec Fdtn Trust-Contract Baseline,COMMUNITY SERVICES,BRADFORD DISTRICT CARE NHS FOUNDATION TRUST,24980675,178398,,197232
Department of Health,NHS Bradford Districts CCG,30/11/2018,Clinical&Medical-Independent Sector,MENTAL HEALTH SERVICES - SPECIALIST SERVICES,CYGNET HEALTHCARE LTD,24980680,306716.96,248280396,WDH0070742
Department of Health,NHS Bradford Districts CCG,30/11/2018,Clinical&Medical-Independent Sector,THIRD PARTY HOSTED SERVICE 2,CYGNET HEALTHCARE LTD,24980680,193273.04,248280396,WDH0070742
Department of Health,NHS Bradford Districts CCG,30/11/2018,Hcare Srv Rec Fdtn Trust-Contract Baseline,ACUTE COMMISSIONING,BRADFORD TEACHING HOSPITALS NHS FOUNDATION TRUST,24980691,13692316.25,654913617,307878
Department of Health,NHS Bradford Districts CCG,30/11/2018,Hcare Srv Rec Fdtn Trust-Contract Baseline,COMMUNITY SERVICES,BRADFORD TEACHING HOSPITALS NHS FOUNDATION TRUST,24980691,759085,654913617,307878
Department of Health,NHS Bradford Districts CCG,30/11/2018,Hcare Srv Rec Fdtn Trust-CQUIN,ACUTE COMMISSIONING,BRADFORD TEACHING HOSPITALS NHS FOUNDATION TRUST,24980694,163299.39,654913617,307879
Department of Health,NHS Bradford Districts CCG,30/11/2018,Clinical&Medical-Independent Sector,THIRD PARTY HOSTED SERVICE 4,PRIMARY CARE COMMISSIONING CIC,24980696,60000,979372753,6985
