Department family,Entity,Date,Expense Type,Expense area,Supplier,Transaction number,AP Amount (�),VAT registration number,Purchase invoice number
Department of Health,NHS Bradford Districts CCG,30/04/2018,Clinical&Medical-Independent Sector,PLANNED CARE,WESTCLIFFE HEALTH INNOVATIONS,21566743,27500,,DERM1824
Department of Health,NHS Bradford Districts CCG,30/04/2018,Clinical&Medical-Independent Sector,PLANNED CARE,BRADFORD PHYSIOTHERAPY CLINIC LTD,21591491,35100,,BPC02022018
Department of Health,NHS Bradford Districts CCG,30/04/2018,Clinical&Medical-Independent Sector,PLANNED CARE,WESTCLIFFE HEALTH INNOVATIONS,21591498,136357.53,,GAS1852
Department of Health,NHS Bradford Districts CCG,30/04/2018,Cont Care- Adult 100% Fully Funded,CHC ADULT FULLY FUNDED,BRADFORD METROPOLITAN DISTRICT COUNCIL,21610021,33456.08,180808262,74991836838
Department of Health,NHS Bradford Districts CCG,30/04/2018,Cont Care- Adult 100% Fully Funded,CHC ADULT FULLY FUNDED,BRADFORD METROPOLITAN DISTRICT COUNCIL,21624467,53453.49,180808262,74991842183
Department of Health,NHS Bradford Districts CCG,30/04/2018,Cont Care- Adult 100% Fully Funded,CHC ADULT FULLY FUNDED,BRADFORD METROPOLITAN DISTRICT COUNCIL,21626297,116300.42,180808262,74991821316
Department of Health,NHS Bradford Districts CCG,30/04/2018,Cont Care- Adult 100% Fully Funded,CHC ADULT FULLY FUNDED,BRADFORD METROPOLITAN DISTRICT COUNCIL,21640622,1186690.49,180808262,74991842129
Department of Health,NHS Bradford Districts CCG,30/04/2018,Cont Care- Adult 100% Fully Funded,CHC ADULT FULLY FUNDED,BRADFORD METROPOLITAN DISTRICT COUNCIL,21640624,722892.98,180808262,74991842165
Department of Health,NHS Bradford Districts CCG,30/04/2018,C&M-PMS GP Statutory Levy,PRC DELEGATED CO-COMMISSIONING,BINGLEY MEDICAL PRACTICE,21655146,-849.38,,BRA000022074
Department of Health,NHS Bradford Districts CCG,30/04/2018,C&M-PMS Voluntary Levy,PRC DELEGATED CO-COMMISSIONING,BINGLEY MEDICAL PRACTICE,21655146,-96.77,,BRA000022074
Department of Health,NHS Bradford Districts CCG,30/04/2018,ME - PMS TPS Added Years Adj EEs,PRC DELEGATED CO-COMMISSIONING,BINGLEY MEDICAL PRACTICE,21655146,-7577.44,,BRA000022074
Department of Health,NHS Bradford Districts CCG,30/04/2018,ME-PMS GP Pension EEs-PMS,PRC DELEGATED CO-COMMISSIONING,BINGLEY MEDICAL PRACTICE,21655146,-20007.93,,BRA000022074
Department of Health,NHS Bradford Districts CCG,30/04/2018,ME-PMS GP Pension ERs Adjs - PMS,PRC DELEGATED CO-COMMISSIONING,BINGLEY MEDICAL PRACTICE,21655146,-19830.86,,BRA000022074
Department of Health,NHS Bradford Districts CCG,30/04/2018,C&M-PMS Baseline Adjustment,PRC DELEGATED CO-COMMISSIONING,BINGLEY MEDICAL PRACTICE,21655147,106.92,,BRA000022075
Department of Health,NHS Bradford Districts CCG,30/04/2018,C&M-PMS Contract Value,PRC DELEGATED CO-COMMISSIONING,BINGLEY MEDICAL PRACTICE,21655147,99567.92,,BRA000022075
Department of Health,NHS Bradford Districts CCG,30/04/2018,C&M-PMS Funding Differential Review,PRC DELEGATED CO-COMMISSIONING,BINGLEY MEDICAL PRACTICE,21655147,12443.25,,BRA000022075
Department of Health,NHS Bradford Districts CCG,30/04/2018,C&M-PMS Prem Clinical Waste,PRC DELEGATED CO-COMMISSIONING,BINGLEY MEDICAL PRACTICE,21655147,53.29,,BRA000022075
Department of Health,NHS Bradford Districts CCG,30/04/2018,C&M-PMS Prem Cost Rent,PRC DELEGATED CO-COMMISSIONING,BINGLEY MEDICAL PRACTICE,21655147,29665.73,,BRA000022075
Department of Health,NHS Bradford Districts CCG,30/04/2018,C&M-PMS Prem Healthcentre Rates,PRC DELEGATED CO-COMMISSIONING,BINGLEY MEDICAL PRACTICE,21655147,2632.9,,BRA000022075
Department of Health,NHS Bradford Districts CCG,30/04/2018,C&M-PMS Prem Water Rates,PRC DELEGATED CO-COMMISSIONING,BINGLEY MEDICAL PRACTICE,21655147,178,,BRA000022075
Department of Health,NHS Bradford Districts CCG,30/04/2018,C&M-PMS QOF Aspiration,PRC DELEGATED CO-COMMISSIONING,BINGLEY MEDICAL PRACTICE,21655147,10162.45,,BRA000022075
Department of Health,NHS Bradford Districts CCG,30/04/2018,C&M-PMS Baseline Adjustment,PRC DELEGATED CO-COMMISSIONING,BOWLING HALL MEDICAL PRACTICE,21655149,134.5,,BRA000022077
Department of Health,NHS Bradford Districts CCG,30/04/2018,C&M-PMS Contract Value,PRC DELEGATED CO-COMMISSIONING,BOWLING HALL MEDICAL PRACTICE,21655149,123010,,BRA000022077
Department of Health,NHS Bradford Districts CCG,30/04/2018,C&M-PMS Funding Differential Review,PRC DELEGATED CO-COMMISSIONING,BOWLING HALL MEDICAL PRACTICE,21655149,17474.17,,BRA000022077
Department of Health,NHS Bradford Districts CCG,30/04/2018,C&M-PMS Prem Actual Rent,PRC DELEGATED CO-COMMISSIONING,BOWLING HALL MEDICAL PRACTICE,21655149,21475.44,,BRA000022077
Department of Health,NHS Bradford Districts CCG,30/04/2018,C&M-PMS Prem Clinical Waste,PRC DELEGATED CO-COMMISSIONING,BOWLING HALL MEDICAL PRACTICE,21655149,1298.97,,BRA000022077
Department of Health,NHS Bradford Districts CCG,30/04/2018,C&M-PMS Prem Other,PRC DELEGATED CO-COMMISSIONING,BOWLING HALL MEDICAL PRACTICE,21655149,894.81,,BRA000022077
Department of Health,NHS Bradford Districts CCG,30/04/2018,C&M-PMS Prem Rates,PRC DELEGATED CO-COMMISSIONING,BOWLING HALL MEDICAL PRACTICE,21655149,2697.53,,BRA000022077
Department of Health,NHS Bradford Districts CCG,30/04/2018,C&M-PMS Prem Water Rates,PRC DELEGATED CO-COMMISSIONING,BOWLING HALL MEDICAL PRACTICE,21655149,78.37,,BRA000022077
Department of Health,NHS Bradford Districts CCG,30/04/2018,C&M-PMS QOF Aspiration,PRC DELEGATED CO-COMMISSIONING,BOWLING HALL MEDICAL PRACTICE,21655149,11740.71,,BRA000022077
Department of Health,NHS Bradford Districts CCG,30/04/2018,ME - PMS TPS Added Years Adj EEs,PRC DELEGATED CO-COMMISSIONING,BOWLING HALL MEDICAL PRACTICE,21655149,1809.23,,BRA000022077
Department of Health,NHS Bradford Districts CCG,30/04/2018,ME-PMS GP Pension EEs-PMS,PRC DELEGATED CO-COMMISSIONING,BOWLING HALL MEDICAL PRACTICE,21655149,6694.21,,BRA000022077
Department of Health,NHS Bradford Districts CCG,30/04/2018,ME-PMS GP Pension ERs Adjs - PMS,PRC DELEGATED CO-COMMISSIONING,BOWLING HALL MEDICAL PRACTICE,21655149,4710.54,,BRA000022077
Department of Health,NHS Bradford Districts CCG,30/04/2018,C&M-PMS Baseline Adjustment,PRC DELEGATED CO-COMMISSIONING,DR A M KHAN & PARTNERS,21655151,70.25,,BRA000022081
Department of Health,NHS Bradford Districts CCG,30/04/2018,C&M-PMS Contract Value,PRC DELEGATED CO-COMMISSIONING,DR A M KHAN & PARTNERS,21655151,64506.75,,BRA000022081
Department of Health,NHS Bradford Districts CCG,30/04/2018,C&M-PMS Funding Differential Review,PRC DELEGATED CO-COMMISSIONING,DR A M KHAN & PARTNERS,21655151,8793.76,,BRA000022081
Department of Health,NHS Bradford Districts CCG,30/04/2018,C&M-PMS Prem Actual Rent,PRC DELEGATED CO-COMMISSIONING,DR A M KHAN & PARTNERS,21655151,14593,,BRA000022081
Department of Health,NHS Bradford Districts CCG,30/04/2018,C&M-PMS Prem Clinical Waste,PRC DELEGATED CO-COMMISSIONING,DR A M KHAN & PARTNERS,21655151,531.85,,BRA000022081
Department of Health,NHS Bradford Districts CCG,30/04/2018,C&M-PMS Prem Other,PRC DELEGATED CO-COMMISSIONING,DR A M KHAN & PARTNERS,21655151,608.04,,BRA000022081
Department of Health,NHS Bradford Districts CCG,30/04/2018,C&M-PMS Prem Rates,PRC DELEGATED CO-COMMISSIONING,DR A M KHAN & PARTNERS,21655151,1859.18,,BRA000022081
Department of Health,NHS Bradford Districts CCG,30/04/2018,C&M-PMS Prem Water Rates,PRC DELEGATED CO-COMMISSIONING,DR A M KHAN & PARTNERS,21655151,118.5,,BRA000022081
Department of Health,NHS Bradford Districts CCG,30/04/2018,C&M-PMS QOF Aspiration,PRC DELEGATED CO-COMMISSIONING,DR A M KHAN & PARTNERS,21655151,6867.01,,BRA000022081
Department of Health,NHS Bradford Districts CCG,30/04/2018,C&M-PMS Baseline Adjustment,PRC DELEGATED CO-COMMISSIONING,DR C A JOHNSTON & PARTNERS,21655153,93,,BRA000022083
Department of Health,NHS Bradford Districts CCG,30/04/2018,C&M-PMS Contract Value,PRC DELEGATED CO-COMMISSIONING,DR C A JOHNSTON & PARTNERS,21655153,83455.67,,BRA000022083
Department of Health,NHS Bradford Districts CCG,30/04/2018,C&M-PMS Funding Differential Review,PRC DELEGATED CO-COMMISSIONING,DR C A JOHNSTON & PARTNERS,21655153,11376.99,,BRA000022083
Department of Health,NHS Bradford Districts CCG,30/04/2018,C&M-PMS Prem Actual Rent,PRC DELEGATED CO-COMMISSIONING,DR C A JOHNSTON & PARTNERS,21655153,6286.07,,BRA000022083
Department of Health,NHS Bradford Districts CCG,30/04/2018,C&M-PMS Prem Clinical Waste,PRC DELEGATED CO-COMMISSIONING,DR C A JOHNSTON & PARTNERS,21655153,438.04,,BRA000022083
Department of Health,NHS Bradford Districts CCG,30/04/2018,C&M-PMS Prem Healthcentre Rates,PRC DELEGATED CO-COMMISSIONING,DR C A JOHNSTON & PARTNERS,21655153,526.1,,BRA000022083
Department of Health,NHS Bradford Districts CCG,30/04/2018,C&M-PMS Prem Notional Rent,PRC DELEGATED CO-COMMISSIONING,DR C A JOHNSTON & PARTNERS,21655153,2741.67,,BRA000022083
Department of Health,NHS Bradford Districts CCG,30/04/2018,C&M-PMS Prem Rates,PRC DELEGATED CO-COMMISSIONING,DR C A JOHNSTON & PARTNERS,21655153,538.09,,BRA000022083
Department of Health,NHS Bradford Districts CCG,30/04/2018,C&M-PMS Prem Water Rates,PRC DELEGATED CO-COMMISSIONING,DR C A JOHNSTON & PARTNERS,21655153,111.07,,BRA000022083
Department of Health,NHS Bradford Districts CCG,30/04/2018,C&M-PMS QOF Aspiration,PRC DELEGATED CO-COMMISSIONING,DR C A JOHNSTON & PARTNERS,21655153,8625.23,,BRA000022083
Department of Health,NHS Bradford Districts CCG,30/04/2018,C&M-PMS Baseline Adjustment,PRC DELEGATED CO-COMMISSIONING,DR D J R YOUNG & PARTNERS,21655155,69.08,,BRA000022085
Department of Health,NHS Bradford Districts CCG,30/04/2018,C&M-PMS Contract Value,PRC DELEGATED CO-COMMISSIONING,DR D J R YOUNG & PARTNERS,21655155,64448.58,,BRA000022085
Department of Health,NHS Bradford Districts CCG,30/04/2018,C&M-PMS Funding Differential Review,PRC DELEGATED CO-COMMISSIONING,DR D J R YOUNG & PARTNERS,21655155,8785.92,,BRA000022085
Department of Health,NHS Bradford Districts CCG,30/04/2018,C&M-PMS Prem Clinical Waste,PRC DELEGATED CO-COMMISSIONING,DR D J R YOUNG & PARTNERS,21655155,985.74,,BRA000022085
Department of Health,NHS Bradford Districts CCG,30/04/2018,C&M-PMS Prem Notional Rent,PRC DELEGATED CO-COMMISSIONING,DR D J R YOUNG & PARTNERS,21655155,6083.33,,BRA000022085
Department of Health,NHS Bradford Districts CCG,30/04/2018,C&M-PMS Prem Rates,PRC DELEGATED CO-COMMISSIONING,DR D J R YOUNG & PARTNERS,21655155,1302.31,,BRA000022085
Department of Health,NHS Bradford Districts CCG,30/04/2018,C&M-PMS Prem Water Rates,PRC DELEGATED CO-COMMISSIONING,DR D J R YOUNG & PARTNERS,21655155,48.49,,BRA000022085
Department of Health,NHS Bradford Districts CCG,30/04/2018,C&M-PMS QOF Aspiration,PRC DELEGATED CO-COMMISSIONING,DR D J R YOUNG & PARTNERS,21655155,5611.83,,BRA000022085
Department of Health,NHS Bradford Districts CCG,30/04/2018,C&M-PMS Baseline Adjustment,PRC DELEGATED CO-COMMISSIONING,DR DANBY J & PARTNERS,21655158,58.92,,BRA000022089
Department of Health,NHS Bradford Districts CCG,30/04/2018,C&M-PMS Contract Value,PRC DELEGATED CO-COMMISSIONING,DR DANBY J & PARTNERS,21655158,50703.67,,BRA000022089
Department of Health,NHS Bradford Districts CCG,30/04/2018,C&M-PMS Funding Differential Review,PRC DELEGATED CO-COMMISSIONING,DR DANBY J & PARTNERS,21655158,7487.67,,BRA000022089
Department of Health,NHS Bradford Districts CCG,30/04/2018,C&M-PMS Prem Clinical Waste,PRC DELEGATED CO-COMMISSIONING,DR DANBY J & PARTNERS,21655158,1063.08,,BRA000022089
Department of Health,NHS Bradford Districts CCG,30/04/2018,C&M-PMS Prem Notional Rent,PRC DELEGATED CO-COMMISSIONING,DR DANBY J & PARTNERS,21655158,3525,,BRA000022089
Department of Health,NHS Bradford Districts CCG,30/04/2018,C&M-PMS Prem Rates,PRC DELEGATED CO-COMMISSIONING,DR DANBY J & PARTNERS,21655158,798.19,,BRA000022089
Department of Health,NHS Bradford Districts CCG,30/04/2018,C&M-PMS Prem Water Rates,PRC DELEGATED CO-COMMISSIONING,DR DANBY J & PARTNERS,21655158,78.35,,BRA000022089
Department of Health,NHS Bradford Districts CCG,30/04/2018,C&M-PMS QOF Aspiration,PRC DELEGATED CO-COMMISSIONING,DR DANBY J & PARTNERS,21655158,5130.6,,BRA000022089
Department of Health,NHS Bradford Districts CCG,30/04/2018,C&M-PMS Baseline Adjustment,PRC DELEGATED CO-COMMISSIONING,DR GOMERSALL & PARTNERS,21655160,75.5,,BRA000022091
Department of Health,NHS Bradford Districts CCG,30/04/2018,C&M-PMS Contract Value,PRC DELEGATED CO-COMMISSIONING,DR GOMERSALL & PARTNERS,21655160,70268.92,,BRA000022091
Department of Health,NHS Bradford Districts CCG,30/04/2018,C&M-PMS Funding Differential Review,PRC DELEGATED CO-COMMISSIONING,DR GOMERSALL & PARTNERS,21655160,8781.74,,BRA000022091
Department of Health,NHS Bradford Districts CCG,30/04/2018,C&M-PMS Prem Actual Rent,PRC DELEGATED CO-COMMISSIONING,DR GOMERSALL & PARTNERS,21655160,10369,,BRA000022091
Department of Health,NHS Bradford Districts CCG,30/04/2018,C&M-PMS Prem Clinical Waste,PRC DELEGATED CO-COMMISSIONING,DR GOMERSALL & PARTNERS,21655160,1549.62,,BRA000022091
Department of Health,NHS Bradford Districts CCG,30/04/2018,C&M-PMS Prem Rates,PRC DELEGATED CO-COMMISSIONING,DR GOMERSALL & PARTNERS,21655160,1770,,BRA000022091
Department of Health,NHS Bradford Districts CCG,30/04/2018,C&M-PMS Prem Water Rates,PRC DELEGATED CO-COMMISSIONING,DR GOMERSALL & PARTNERS,21655160,76.93,,BRA000022091
Department of Health,NHS Bradford Districts CCG,30/04/2018,C&M-PMS QOF Aspiration,PRC DELEGATED CO-COMMISSIONING,DR GOMERSALL & PARTNERS,21655160,7849.79,,BRA000022091
Department of Health,NHS Bradford Districts CCG,30/04/2018,C&M-PMS Baseline Adjustment,PRC DELEGATED CO-COMMISSIONING,DR FM GAVIN & PARTNERS,21655162,80.42,,BRA000022093
Department of Health,NHS Bradford Districts CCG,30/04/2018,C&M-PMS Contract Value,PRC DELEGATED CO-COMMISSIONING,DR FM GAVIN & PARTNERS,21655162,80891.92,,BRA000022093
Department of Health,NHS Bradford Districts CCG,30/04/2018,C&M-PMS Funding Differential Review,PRC DELEGATED CO-COMMISSIONING,DR FM GAVIN & PARTNERS,21655162,10109.25,,BRA000022093
Department of Health,NHS Bradford Districts CCG,30/04/2018,C&M-PMS Prem Clinical Waste,PRC DELEGATED CO-COMMISSIONING,DR FM GAVIN & PARTNERS,21655162,412.12,,BRA000022093
Department of Health,NHS Bradford Districts CCG,30/04/2018,C&M-PMS Prem Cost Rent,PRC DELEGATED CO-COMMISSIONING,DR FM GAVIN & PARTNERS,21655162,29463.36,,BRA000022093
Department of Health,NHS Bradford Districts CCG,30/04/2018,C&M-PMS Prem Healthcentre Rates,PRC DELEGATED CO-COMMISSIONING,DR FM GAVIN & PARTNERS,21655162,1527.32,,BRA000022093
Department of Health,NHS Bradford Districts CCG,30/04/2018,C&M-PMS Prem Water Rates,PRC DELEGATED CO-COMMISSIONING,DR FM GAVIN & PARTNERS,21655162,212.93,,BRA000022093
Department of Health,NHS Bradford Districts CCG,30/04/2018,C&M-PMS QOF Aspiration,PRC DELEGATED CO-COMMISSIONING,DR FM GAVIN & PARTNERS,21655162,8720.42,,BRA000022093
Department of Health,NHS Bradford Districts CCG,30/04/2018,C&M-PMS GP Statutory Levy,PRC DELEGATED CO-COMMISSIONING,DR J M CONNOLLY & PARTNERS,21655163,-1514.96,,BRA000022096
Department of Health,NHS Bradford Districts CCG,30/04/2018,C&M-PMS Voluntary Levy,PRC DELEGATED CO-COMMISSIONING,DR J M CONNOLLY & PARTNERS,21655163,-172.59,,BRA000022096
Department of Health,NHS Bradford Districts CCG,30/04/2018,ME - PMS TPS Added Years Adj EEs,PRC DELEGATED CO-COMMISSIONING,DR J M CONNOLLY & PARTNERS,21655163,-1269.69,,BRA000022096
Department of Health,NHS Bradford Districts CCG,30/04/2018,ME-PMS GP Pension EEs-PMS,PRC DELEGATED CO-COMMISSIONING,DR J M CONNOLLY & PARTNERS,21655163,-10810.75,,BRA000022096
Department of Health,NHS Bradford Districts CCG,30/04/2018,ME-PMS GP Pension ERs Adjs - PMS,PRC DELEGATED CO-COMMISSIONING,DR J M CONNOLLY & PARTNERS,21655163,-12690.43,,BRA000022096
Department of Health,NHS Bradford Districts CCG,30/04/2018,C&M-PMS Baseline Adjustment,PRC DELEGATED CO-COMMISSIONING,DR J M SULLIVAN & PARTNERS,21655165,65.08,,BRA000022099
Department of Health,NHS Bradford Districts CCG,30/04/2018,C&M-PMS Contract Value,PRC DELEGATED CO-COMMISSIONING,DR J M SULLIVAN & PARTNERS,21655165,62054.42,,BRA000022099
Department of Health,NHS Bradford Districts CCG,30/04/2018,C&M-PMS Funding Differential Review,PRC DELEGATED CO-COMMISSIONING,DR J M SULLIVAN & PARTNERS,21655165,7755.08,,BRA000022099
Department of Health,NHS Bradford Districts CCG,30/04/2018,C&M-PMS Prem Actual Rent,PRC DELEGATED CO-COMMISSIONING,DR J M SULLIVAN & PARTNERS,21655165,11620,,BRA000022099
Department of Health,NHS Bradford Districts CCG,30/04/2018,C&M-PMS Prem Clinical Waste,PRC DELEGATED CO-COMMISSIONING,DR J M SULLIVAN & PARTNERS,21655165,378.24,,BRA000022099
Department of Health,NHS Bradford Districts CCG,30/04/2018,C&M-PMS Prem Rates,PRC DELEGATED CO-COMMISSIONING,DR J M SULLIVAN & PARTNERS,21655165,1680,,BRA000022099
Department of Health,NHS Bradford Districts CCG,30/04/2018,C&M-PMS Prem Water Rates,PRC DELEGATED CO-COMMISSIONING,DR J M SULLIVAN & PARTNERS,21655165,121.34,,BRA000022099
Department of Health,NHS Bradford Districts CCG,30/04/2018,C&M-PMS QOF Aspiration,PRC DELEGATED CO-COMMISSIONING,DR J M SULLIVAN & PARTNERS,21655165,7510.74,,BRA000022099
Department of Health,NHS Bradford Districts CCG,30/04/2018,C&M-PMS Baseline Adjustment,PRC DELEGATED CO-COMMISSIONING,DR J S CORBRIDGE & PARTNERS,21655167,93.67,,BRA000022101
Department of Health,NHS Bradford Districts CCG,30/04/2018,C&M-PMS Contract Value,PRC DELEGATED CO-COMMISSIONING,DR J S CORBRIDGE & PARTNERS,21655167,87874.83,,BRA000022101
Department of Health,NHS Bradford Districts CCG,30/04/2018,C&M-PMS Funding Differential Review,PRC DELEGATED CO-COMMISSIONING,DR J S CORBRIDGE & PARTNERS,21655167,10981.91,,BRA000022101
Department of Health,NHS Bradford Districts CCG,30/04/2018,C&M-PMS Prem Actual Rent,PRC DELEGATED CO-COMMISSIONING,DR J S CORBRIDGE & PARTNERS,21655167,1033.58,,BRA000022101
Department of Health,NHS Bradford Districts CCG,30/04/2018,C&M-PMS Prem Clinical Waste,PRC DELEGATED CO-COMMISSIONING,DR J S CORBRIDGE & PARTNERS,21655167,535.12,,BRA000022101
Department of Health,NHS Bradford Districts CCG,30/04/2018,C&M-PMS Prem Healthcentre Rates,PRC DELEGATED CO-COMMISSIONING,DR J S CORBRIDGE & PARTNERS,21655167,189.7,,BRA000022101
Department of Health,NHS Bradford Districts CCG,30/04/2018,C&M-PMS Prem Notional Rent,PRC DELEGATED CO-COMMISSIONING,DR J S CORBRIDGE & PARTNERS,21655167,4266.67,,BRA000022101
Department of Health,NHS Bradford Districts CCG,30/04/2018,C&M-PMS Prem Rates,PRC DELEGATED CO-COMMISSIONING,DR J S CORBRIDGE & PARTNERS,21655167,812.2,,BRA000022101
Department of Health,NHS Bradford Districts CCG,30/04/2018,C&M-PMS Prem Water Rates,PRC DELEGATED CO-COMMISSIONING,DR J S CORBRIDGE & PARTNERS,21655167,89.15,,BRA000022101
Department of Health,NHS Bradford Districts CCG,30/04/2018,C&M-PMS QOF Aspiration,PRC DELEGATED CO-COMMISSIONING,DR J S CORBRIDGE & PARTNERS,21655167,7302.37,,BRA000022101
Department of Health,NHS Bradford Districts CCG,30/04/2018,C&M-PMS GP Statutory Levy,PRC DELEGATED CO-COMMISSIONING,DR M M CUTHBERT & PARTNERS,21655169,-750.7,,BRA000022104
Department of Health,NHS Bradford Districts CCG,30/04/2018,C&M-PMS Voluntary Levy,PRC DELEGATED CO-COMMISSIONING,DR M M CUTHBERT & PARTNERS,21655169,-85.52,,BRA000022104
Department of Health,NHS Bradford Districts CCG,30/04/2018,ME-PMS GP Pension EEs-PMS,PRC DELEGATED CO-COMMISSIONING,DR M M CUTHBERT & PARTNERS,21655169,-15754.51,,BRA000022104
Department of Health,NHS Bradford Districts CCG,30/04/2018,ME-PMS GP Pension ERs Adjs - PMS,PRC DELEGATED CO-COMMISSIONING,DR M M CUTHBERT & PARTNERS,21655169,-14699.17,,BRA000022104
Department of Health,NHS Bradford Districts CCG,30/04/2018,C&M-PMS Baseline Adjustment,PRC DELEGATED CO-COMMISSIONING,DR M M CUTHBERT & PARTNERS,21655170,70.33,,BRA000022105
Department of Health,NHS Bradford Districts CCG,30/04/2018,C&M-PMS Contract Value,PRC DELEGATED CO-COMMISSIONING,DR M M CUTHBERT & PARTNERS,21655170,83493.42,,BRA000022105
Department of Health,NHS Bradford Districts CCG,30/04/2018,C&M-PMS Funding Differential Review,PRC DELEGATED CO-COMMISSIONING,DR M M CUTHBERT & PARTNERS,21655170,10434.42,,BRA000022105
Department of Health,NHS Bradford Districts CCG,30/04/2018,C&M-PMS Prem Clinical Waste,PRC DELEGATED CO-COMMISSIONING,DR M M CUTHBERT & PARTNERS,21655170,2795,,BRA000022105
Department of Health,NHS Bradford Districts CCG,30/04/2018,C&M-PMS Prem Notional Rent,PRC DELEGATED CO-COMMISSIONING,DR M M CUTHBERT & PARTNERS,21655170,9166.67,,BRA000022105
Department of Health,NHS Bradford Districts CCG,30/04/2018,C&M-PMS Prem Rates,PRC DELEGATED CO-COMMISSIONING,DR M M CUTHBERT & PARTNERS,21655170,1834.44,,BRA000022105
Department of Health,NHS Bradford Districts CCG,30/04/2018,C&M-PMS Prem Water Rates,PRC DELEGATED CO-COMMISSIONING,DR M M CUTHBERT & PARTNERS,21655170,125.74,,BRA000022105
Department of Health,NHS Bradford Districts CCG,30/04/2018,C&M-PMS QOF Aspiration,PRC DELEGATED CO-COMMISSIONING,DR M M CUTHBERT & PARTNERS,21655170,9520.37,,BRA000022105
Department of Health,NHS Bradford Districts CCG,30/04/2018,C&M-PMS Baseline Adjustment,PRC DELEGATED CO-COMMISSIONING,DR PASSANT W & PARTNERS,21655172,40.83,,BRA000022107
Department of Health,NHS Bradford Districts CCG,30/04/2018,C&M-PMS Contract Value,PRC DELEGATED CO-COMMISSIONING,DR PASSANT W & PARTNERS,21655172,38242.83,,BRA000022107
Department of Health,NHS Bradford Districts CCG,30/04/2018,C&M-PMS Funding Differential Review,PRC DELEGATED CO-COMMISSIONING,DR PASSANT W & PARTNERS,21655172,4779.25,,BRA000022107
Department of Health,NHS Bradford Districts CCG,30/04/2018,C&M-PMS Prem Clinical Waste,PRC DELEGATED CO-COMMISSIONING,DR PASSANT W & PARTNERS,21655172,372.97,,BRA000022107
Department of Health,NHS Bradford Districts CCG,30/04/2018,C&M-PMS Prem Notional Rent,PRC DELEGATED CO-COMMISSIONING,DR PASSANT W & PARTNERS,21655172,4102.08,,BRA000022107
Department of Health,NHS Bradford Districts CCG,30/04/2018,C&M-PMS Prem Rates,PRC DELEGATED CO-COMMISSIONING,DR PASSANT W & PARTNERS,21655172,784.19,,BRA000022107
Department of Health,NHS Bradford Districts CCG,30/04/2018,C&M-PMS Prem Water Rates,PRC DELEGATED CO-COMMISSIONING,DR PASSANT W & PARTNERS,21655172,51.88,,BRA000022107
Department of Health,NHS Bradford Districts CCG,30/04/2018,C&M-PMS QOF Aspiration,PRC DELEGATED CO-COMMISSIONING,DR PASSANT W & PARTNERS,21655172,4440.87,,BRA000022107
Department of Health,NHS Bradford Districts CCG,30/04/2018,C&M-PMS Baseline Adjustment,PRC DELEGATED CO-COMMISSIONING,DR N G WALKER & PARTNER,21655174,35.58,,BRA000022111
Department of Health,NHS Bradford Districts CCG,30/04/2018,C&M-PMS Contract Value,PRC DELEGATED CO-COMMISSIONING,DR N G WALKER & PARTNER,21655174,35111.75,,BRA000022111
Department of Health,NHS Bradford Districts CCG,30/04/2018,C&M-PMS Funding Differential Review,PRC DELEGATED CO-COMMISSIONING,DR N G WALKER & PARTNER,21655174,4387.92,,BRA000022111
Department of Health,NHS Bradford Districts CCG,30/04/2018,C&M-PMS Prem Clinical Waste,PRC DELEGATED CO-COMMISSIONING,DR N G WALKER & PARTNER,21655174,527.23,,BRA000022111
Department of Health,NHS Bradford Districts CCG,30/04/2018,C&M-PMS Prem Notional Rent,PRC DELEGATED CO-COMMISSIONING,DR N G WALKER & PARTNER,21655174,2166.67,,BRA000022111
Department of Health,NHS Bradford Districts CCG,30/04/2018,C&M-PMS Prem Rates,PRC DELEGATED CO-COMMISSIONING,DR N G WALKER & PARTNER,21655174,330.03,,BRA000022111
Department of Health,NHS Bradford Districts CCG,30/04/2018,C&M-PMS Prem Water Rates,PRC DELEGATED CO-COMMISSIONING,DR N G WALKER & PARTNER,21655174,32.29,,BRA000022111
Department of Health,NHS Bradford Districts CCG,30/04/2018,C&M-PMS QOF Aspiration,PRC DELEGATED CO-COMMISSIONING,DR N G WALKER & PARTNER,21655174,3757.02,,BRA000022111
Department of Health,NHS Bradford Districts CCG,30/04/2018,C&M-PMS Baseline Adjustment,PRC DELEGATED CO-COMMISSIONING,DR N S E HAYWARD & PARTNERS,21655176,65.17,,BRA000022113
Department of Health,NHS Bradford Districts CCG,30/04/2018,C&M-PMS Contract Value,PRC DELEGATED CO-COMMISSIONING,DR N S E HAYWARD & PARTNERS,21655176,61258.92,,BRA000022113
Department of Health,NHS Bradford Districts CCG,30/04/2018,C&M-PMS Funding Differential Review,PRC DELEGATED CO-COMMISSIONING,DR N S E HAYWARD & PARTNERS,21655176,7655.67,,BRA000022113
Department of Health,NHS Bradford Districts CCG,30/04/2018,C&M-PMS Prem Actual Rent,PRC DELEGATED CO-COMMISSIONING,DR N S E HAYWARD & PARTNERS,21655176,27272.69,,BRA000022113
Department of Health,NHS Bradford Districts CCG,30/04/2018,C&M-PMS Prem Clinical Waste,PRC DELEGATED CO-COMMISSIONING,DR N S E HAYWARD & PARTNERS,21655176,156.86,,BRA000022113
Department of Health,NHS Bradford Districts CCG,30/04/2018,C&M-PMS Prem Rates,PRC DELEGATED CO-COMMISSIONING,DR N S E HAYWARD & PARTNERS,21655176,3693.8,,BRA000022113
Department of Health,NHS Bradford Districts CCG,30/04/2018,C&M-PMS Prem Water Rates,PRC DELEGATED CO-COMMISSIONING,DR N S E HAYWARD & PARTNERS,21655176,120.72,,BRA000022113
Department of Health,NHS Bradford Districts CCG,30/04/2018,C&M-PMS QOF Aspiration,PRC DELEGATED CO-COMMISSIONING,DR N S E HAYWARD & PARTNERS,21655176,7805.55,,BRA000022113
Department of Health,NHS Bradford Districts CCG,30/04/2018,C&M-PMS GP Statutory Levy,PRC DELEGATED CO-COMMISSIONING,DR S D GAZELEY & PARTNERS,21655177,-487.17,,BRA000022114
Department of Health,NHS Bradford Districts CCG,30/04/2018,C&M-PMS Voluntary Levy,PRC DELEGATED CO-COMMISSIONING,DR S D GAZELEY & PARTNERS,21655177,-55.5,,BRA000022114
Department of Health,NHS Bradford Districts CCG,30/04/2018,ME-PMS GP Pension EEs-PMS,PRC DELEGATED CO-COMMISSIONING,DR S D GAZELEY & PARTNERS,21655177,-21727.9,,BRA000022114
Department of Health,NHS Bradford Districts CCG,30/04/2018,ME-PMS GP Pension ERs Adjs - PMS,PRC DELEGATED CO-COMMISSIONING,DR S D GAZELEY & PARTNERS,21655177,-21044.19,,BRA000022114
Department of Health,NHS Bradford Districts CCG,30/04/2018,C&M-PMS Baseline Adjustment,PRC DELEGATED CO-COMMISSIONING,DR S H M HAMDANI,21655179,26.5,,BRA000022117
Department of Health,NHS Bradford Districts CCG,30/04/2018,C&M-PMS Contract Value,PRC DELEGATED CO-COMMISSIONING,DR S H M HAMDANI,21655179,24339,,BRA000022117
Department of Health,NHS Bradford Districts CCG,30/04/2018,C&M-PMS Funding Differential Review,PRC DELEGATED CO-COMMISSIONING,DR S H M HAMDANI,21655179,3041.67,,BRA000022117
Department of Health,NHS Bradford Districts CCG,30/04/2018,C&M-PMS Prem Clinical Waste,PRC DELEGATED CO-COMMISSIONING,DR S H M HAMDANI,21655179,309.98,,BRA000022117
Department of Health,NHS Bradford Districts CCG,30/04/2018,C&M-PMS Prem Notional Rent,PRC DELEGATED CO-COMMISSIONING,DR S H M HAMDANI,21655179,2075,,BRA000022117
Department of Health,NHS Bradford Districts CCG,30/04/2018,C&M-PMS Prem Rates,PRC DELEGATED CO-COMMISSIONING,DR S H M HAMDANI,21655179,401.77,,BRA000022117
Department of Health,NHS Bradford Districts CCG,30/04/2018,C&M-PMS Prem Water Rates,PRC DELEGATED CO-COMMISSIONING,DR S H M HAMDANI,21655179,27,,BRA000022117
Department of Health,NHS Bradford Districts CCG,30/04/2018,C&M-PMS QOF Aspiration,PRC DELEGATED CO-COMMISSIONING,DR S H M HAMDANI,21655179,2765.12,,BRA000022117
Department of Health,NHS Bradford Districts CCG,30/04/2018,ME-PMS GP Pension EEs-PMS,PRC DELEGATED CO-COMMISSIONING,DR S H M HAMDANI,21655179,2307.84,,BRA000022117
Department of Health,NHS Bradford Districts CCG,30/04/2018,ME-PMS GP Pension ERs Adjs - PMS,PRC DELEGATED CO-COMMISSIONING,DR S H M HAMDANI,21655179,2262.61,,BRA000022117
Department of Health,NHS Bradford Districts CCG,30/04/2018,C&M-PMS Baseline Adjustment,PRC DELEGATED CO-COMMISSIONING,DR PK DALTON & PARTNER,21655181,58,,BRA000022119
Department of Health,NHS Bradford Districts CCG,30/04/2018,C&M-PMS Contract Value,PRC DELEGATED CO-COMMISSIONING,DR PK DALTON & PARTNER,21655181,56738.42,,BRA000022119
Department of Health,NHS Bradford Districts CCG,30/04/2018,C&M-PMS Funding Differential Review,PRC DELEGATED CO-COMMISSIONING,DR PK DALTON & PARTNER,21655181,7090.75,,BRA000022119
Department of Health,NHS Bradford Districts CCG,30/04/2018,C&M-PMS Prem Actual Rent,PRC DELEGATED CO-COMMISSIONING,DR PK DALTON & PARTNER,21655181,14095.17,,BRA000022119
Department of Health,NHS Bradford Districts CCG,30/04/2018,C&M-PMS Prem Clinical Waste,PRC DELEGATED CO-COMMISSIONING,DR PK DALTON & PARTNER,21655181,139.78,,BRA000022119
Department of Health,NHS Bradford Districts CCG,30/04/2018,C&M-PMS Prem Other,PRC DELEGATED CO-COMMISSIONING,DR PK DALTON & PARTNER,21655181,587.3,,BRA000022119
Department of Health,NHS Bradford Districts CCG,30/04/2018,C&M-PMS Prem Rates,PRC DELEGATED CO-COMMISSIONING,DR PK DALTON & PARTNER,21655181,2001.72,,BRA000022119
Department of Health,NHS Bradford Districts CCG,30/04/2018,C&M-PMS Prem Water Rates,PRC DELEGATED CO-COMMISSIONING,DR PK DALTON & PARTNER,21655181,84.09,,BRA000022119
Department of Health,NHS Bradford Districts CCG,30/04/2018,C&M-PMS QOF Aspiration,PRC DELEGATED CO-COMMISSIONING,DR PK DALTON & PARTNER,21655181,6278.58,,BRA000022119
Department of Health,NHS Bradford Districts CCG,30/04/2018,C&M-PMS GP Statutory Levy,PRC DELEGATED CO-COMMISSIONING,DR WS TONKS & PARTNERS,21655183,-736.74,,BRA000022122
Department of Health,NHS Bradford Districts CCG,30/04/2018,C&M-PMS Voluntary Levy,PRC DELEGATED CO-COMMISSIONING,DR WS TONKS & PARTNERS,21655183,-83.93,,BRA000022122
Department of Health,NHS Bradford Districts CCG,30/04/2018,ME-PMS GP Pension EEs-PMS,PRC DELEGATED CO-COMMISSIONING,DR WS TONKS & PARTNERS,21655183,-31368.36,,BRA000022122
Department of Health,NHS Bradford Districts CCG,30/04/2018,ME-PMS GP Pension ERs Adjs - PMS,PRC DELEGATED CO-COMMISSIONING,DR WS TONKS & PARTNERS,21655183,-30079.18,,BRA000022122
Department of Health,NHS Bradford Districts CCG,30/04/2018,ME-PMS GP Prior Year EEs,PRC DELEGATED CO-COMMISSIONING,DR WS TONKS & PARTNERS,21655183,-598.96,,BRA000022122
Department of Health,NHS Bradford Districts CCG,30/04/2018,C&M-PMS Baseline Adjustment,PRC DELEGATED CO-COMMISSIONING,DR WS TONKS & PARTNERS,21655184,90.92,,BRA000022123
Department of Health,NHS Bradford Districts CCG,30/04/2018,C&M-PMS Contract Value,PRC DELEGATED CO-COMMISSIONING,DR WS TONKS & PARTNERS,21655184,86627.33,,BRA000022123
Department of Health,NHS Bradford Districts CCG,30/04/2018,C&M-PMS Funding Differential Review,PRC DELEGATED CO-COMMISSIONING,DR WS TONKS & PARTNERS,21655184,10826,,BRA000022123
Department of Health,NHS Bradford Districts CCG,30/04/2018,C&M-PMS Medical Fees,LOCAL ENHANCED SERVICES,DR WS TONKS & PARTNERS,21655184,75.71,,BRA000022123
Department of Health,NHS Bradford Districts CCG,30/04/2018,C&M-PMS Prem Actual Rent,PRC DELEGATED CO-COMMISSIONING,DR WS TONKS & PARTNERS,21655184,7217.5,,BRA000022123
Department of Health,NHS Bradford Districts CCG,30/04/2018,C&M-PMS Prem Clinical Waste,PRC DELEGATED CO-COMMISSIONING,DR WS TONKS & PARTNERS,21655184,2186.34,,BRA000022123
Department of Health,NHS Bradford Districts CCG,30/04/2018,C&M-PMS Prem Notional Rent,PRC DELEGATED CO-COMMISSIONING,DR WS TONKS & PARTNERS,21655184,7575,,BRA000022123
Department of Health,NHS Bradford Districts CCG,30/04/2018,C&M-PMS Prem Rates,PRC DELEGATED CO-COMMISSIONING,DR WS TONKS & PARTNERS,21655184,2016.48,,BRA000022123
Department of Health,NHS Bradford Districts CCG,30/04/2018,C&M-PMS Prem Water Rates,PRC DELEGATED CO-COMMISSIONING,DR WS TONKS & PARTNERS,21655184,95.52,,BRA000022123
Department of Health,NHS Bradford Districts CCG,30/04/2018,C&M-PMS QOF Aspiration,PRC DELEGATED CO-COMMISSIONING,DR WS TONKS & PARTNERS,21655184,8314.55,,BRA000022123
Department of Health,NHS Bradford Districts CCG,30/04/2018,ME - PMS GP Prior Year ERs,PRC DELEGATED CO-COMMISSIONING,DR WS TONKS & PARTNERS,21655184,183.3,,BRA000022123
Department of Health,NHS Bradford Districts CCG,30/04/2018,ME - PMS TPS Added Years Adj EEs,PRC DELEGATED CO-COMMISSIONING,DR WS TONKS & PARTNERS,21655184,7731.9,,BRA000022123
Department of Health,NHS Bradford Districts CCG,30/04/2018,C&M-PMS Baseline Adjustment,PRC DELEGATED CO-COMMISSIONING,IDLE MEDICAL CENTRE,21655186,92.33,,BRA000022125
Department of Health,NHS Bradford Districts CCG,30/04/2018,C&M-PMS Contract Value,PRC DELEGATED CO-COMMISSIONING,IDLE MEDICAL CENTRE,21655186,85924.83,,BRA000022125
Department of Health,NHS Bradford Districts CCG,30/04/2018,C&M-PMS Funding Differential Review,PRC DELEGATED CO-COMMISSIONING,IDLE MEDICAL CENTRE,21655186,10738.25,,BRA000022125
Department of Health,NHS Bradford Districts CCG,30/04/2018,C&M-PMS Prem Clinical Waste,PRC DELEGATED CO-COMMISSIONING,IDLE MEDICAL CENTRE,21655186,856.84,,BRA000022125
Department of Health,NHS Bradford Districts CCG,30/04/2018,C&M-PMS Prem Notional Rent,PRC DELEGATED CO-COMMISSIONING,IDLE MEDICAL CENTRE,21655186,9141.67,,BRA000022125
Department of Health,NHS Bradford Districts CCG,30/04/2018,C&M-PMS Prem Rates,PRC DELEGATED CO-COMMISSIONING,IDLE MEDICAL CENTRE,21655186,1652.4,,BRA000022125
Department of Health,NHS Bradford Districts CCG,30/04/2018,C&M-PMS Prem Water Rates,PRC DELEGATED CO-COMMISSIONING,IDLE MEDICAL CENTRE,21655186,111.55,,BRA000022125
Department of Health,NHS Bradford Districts CCG,30/04/2018,C&M-PMS QOF Aspiration,PRC DELEGATED CO-COMMISSIONING,IDLE MEDICAL CENTRE,21655186,8644.57,,BRA000022125
Department of Health,NHS Bradford Districts CCG,30/04/2018,C&M-PMS Baseline Adjustment,PRC DELEGATED CO-COMMISSIONING,HORTON BANK PRACTICE,21655188,62.33,,BRA000022127
Department of Health,NHS Bradford Districts CCG,30/04/2018,C&M-PMS Contract Value,PRC DELEGATED CO-COMMISSIONING,HORTON BANK PRACTICE,21655188,58014.25,,BRA000022127
Department of Health,NHS Bradford Districts CCG,30/04/2018,C&M-PMS Funding Differential Review,PRC DELEGATED CO-COMMISSIONING,HORTON BANK PRACTICE,21655188,7250.25,,BRA000022127
Department of Health,NHS Bradford Districts CCG,30/04/2018,C&M-PMS PCO Locum Adop/Pat/Mat,PRC DELEGATED CO-COMMISSIONING,HORTON BANK PRACTICE,21655188,10405.08,,BRA000022127
Department of Health,NHS Bradford Districts CCG,30/04/2018,C&M-PMS Prem Clinical Waste,PRC DELEGATED CO-COMMISSIONING,HORTON BANK PRACTICE,21655188,1036.52,,BRA000022127
Department of Health,NHS Bradford Districts CCG,30/04/2018,C&M-PMS Prem Notional Rent,PRC DELEGATED CO-COMMISSIONING,HORTON BANK PRACTICE,21655188,3750,,BRA000022127
Department of Health,NHS Bradford Districts CCG,30/04/2018,C&M-PMS Prem Rates,PRC DELEGATED CO-COMMISSIONING,HORTON BANK PRACTICE,21655188,812.2,,BRA000022127
Department of Health,NHS Bradford Districts CCG,30/04/2018,C&M-PMS Prem Water Rates,PRC DELEGATED CO-COMMISSIONING,HORTON BANK PRACTICE,21655188,72.75,,BRA000022127
Department of Health,NHS Bradford Districts CCG,30/04/2018,C&M-PMS QOF Aspiration,PRC DELEGATED CO-COMMISSIONING,HORTON BANK PRACTICE,21655188,6171.7,,BRA000022127
Department of Health,NHS Bradford Districts CCG,30/04/2018,C&M-PMS Baseline Adjustment,PRC DELEGATED CO-COMMISSIONING,ROCKWELL & WROSE PRACTICE,21655191,76.33,,BRA000022131
Department of Health,NHS Bradford Districts CCG,30/04/2018,C&M-PMS Contract Value,PRC DELEGATED CO-COMMISSIONING,ROCKWELL & WROSE PRACTICE,21655191,72715.33,,BRA000022131
Department of Health,NHS Bradford Districts CCG,30/04/2018,C&M-PMS Funding Differential Review,PRC DELEGATED CO-COMMISSIONING,ROCKWELL & WROSE PRACTICE,21655191,9087.43,,BRA000022131
Department of Health,NHS Bradford Districts CCG,30/04/2018,C&M-PMS Prem Actual Rent,PRC DELEGATED CO-COMMISSIONING,ROCKWELL & WROSE PRACTICE,21655191,9657.5,,BRA000022131
Department of Health,NHS Bradford Districts CCG,30/04/2018,C&M-PMS Prem Clinical Waste,PRC DELEGATED CO-COMMISSIONING,ROCKWELL & WROSE PRACTICE,21655191,1013.67,,BRA000022131
Department of Health,NHS Bradford Districts CCG,30/04/2018,C&M-PMS Prem Cost Rent,PRC DELEGATED CO-COMMISSIONING,ROCKWELL & WROSE PRACTICE,21655191,3505.85,,BRA000022131
Department of Health,NHS Bradford Districts CCG,30/04/2018,C&M-PMS Prem Healthcentre Rates,PRC DELEGATED CO-COMMISSIONING,ROCKWELL & WROSE PRACTICE,21655191,453.29,,BRA000022131
Department of Health,NHS Bradford Districts CCG,30/04/2018,C&M-PMS Prem Other,PRC DELEGATED CO-COMMISSIONING,ROCKWELL & WROSE PRACTICE,21655191,402.4,,BRA000022131
Department of Health,NHS Bradford Districts CCG,30/04/2018,C&M-PMS Prem Rates,PRC DELEGATED CO-COMMISSIONING,ROCKWELL & WROSE PRACTICE,21655191,1372.33,,BRA000022131
Department of Health,NHS Bradford Districts CCG,30/04/2018,C&M-PMS Prem Water Rates,PRC DELEGATED CO-COMMISSIONING,ROCKWELL & WROSE PRACTICE,21655191,88.68,,BRA000022131
Department of Health,NHS Bradford Districts CCG,30/04/2018,C&M-PMS QOF Aspiration,PRC DELEGATED CO-COMMISSIONING,ROCKWELL & WROSE PRACTICE,21655191,7697.88,,BRA000022131
Department of Health,NHS Bradford Districts CCG,30/04/2018,ME - PMS GP Prior Year ERs,PRC DELEGATED CO-COMMISSIONING,ROCKWELL & WROSE PRACTICE,21655191,1180.82,,BRA000022131
Department of Health,NHS Bradford Districts CCG,30/04/2018,ME-PMS GP Prior Year EEs,PRC DELEGATED CO-COMMISSIONING,ROCKWELL & WROSE PRACTICE,21655191,2492.79,,BRA000022131
Department of Health,NHS Bradford Districts CCG,30/04/2018,C&M-PMS Baseline Adjustment,PRC DELEGATED CO-COMMISSIONING,SUNNY BANK MEDICAL CENTRE,21655193,94.92,,BRA000022133
Department of Health,NHS Bradford Districts CCG,30/04/2018,C&M-PMS Contract Value,PRC DELEGATED CO-COMMISSIONING,SUNNY BANK MEDICAL CENTRE,21655193,83065.5,,BRA000022133
Department of Health,NHS Bradford Districts CCG,30/04/2018,C&M-PMS Funding Differential Review,PRC DELEGATED CO-COMMISSIONING,SUNNY BANK MEDICAL CENTRE,21655193,10380.92,,BRA000022133
Department of Health,NHS Bradford Districts CCG,30/04/2018,C&M-PMS Prem Actual Rent,PRC DELEGATED CO-COMMISSIONING,SUNNY BANK MEDICAL CENTRE,21655193,24000,,BRA000022133
Department of Health,NHS Bradford Districts CCG,30/04/2018,C&M-PMS Prem Clinical Waste,PRC DELEGATED CO-COMMISSIONING,SUNNY BANK MEDICAL CENTRE,21655193,1704.56,,BRA000022133
Department of Health,NHS Bradford Districts CCG,30/04/2018,C&M-PMS Prem Other,PRC DELEGATED CO-COMMISSIONING,SUNNY BANK MEDICAL CENTRE,21655193,1000,,BRA000022133
Department of Health,NHS Bradford Districts CCG,30/04/2018,C&M-PMS Prem Rates,PRC DELEGATED CO-COMMISSIONING,SUNNY BANK MEDICAL CENTRE,21655193,1764.42,,BRA000022133
Department of Health,NHS Bradford Districts CCG,30/04/2018,C&M-PMS Prem Water Rates,PRC DELEGATED CO-COMMISSIONING,SUNNY BANK MEDICAL CENTRE,21655193,162.37,,BRA000022133
Department of Health,NHS Bradford Districts CCG,30/04/2018,C&M-PMS QOF Aspiration,PRC DELEGATED CO-COMMISSIONING,SUNNY BANK MEDICAL CENTRE,21655193,8172.25,,BRA000022133
Department of Health,NHS Bradford Districts CCG,30/04/2018,C&M-PMS Baseline Adjustment,PRC DELEGATED CO-COMMISSIONING,TONG MEDICAL PRACTICE,21655196,78.58,,BRA000022137
Department of Health,NHS Bradford Districts CCG,30/04/2018,C&M-PMS Contract Value,PRC DELEGATED CO-COMMISSIONING,TONG MEDICAL PRACTICE,21655196,71645,,BRA000022137
Department of Health,NHS Bradford Districts CCG,30/04/2018,C&M-PMS Funding Differential Review,PRC DELEGATED CO-COMMISSIONING,TONG MEDICAL PRACTICE,21655196,10177.49,,BRA000022137
Department of Health,NHS Bradford Districts CCG,30/04/2018,C&M-PMS Prem Actual Rent,PRC DELEGATED CO-COMMISSIONING,TONG MEDICAL PRACTICE,21655196,11118,,BRA000022137
Department of Health,NHS Bradford Districts CCG,30/04/2018,C&M-PMS Prem Clinical Waste,PRC DELEGATED CO-COMMISSIONING,TONG MEDICAL PRACTICE,21655196,98.75,,BRA000022137
Department of Health,NHS Bradford Districts CCG,30/04/2018,C&M-PMS Prem Cost Rent,PRC DELEGATED CO-COMMISSIONING,TONG MEDICAL PRACTICE,21655196,221.75,,BRA000022137
Department of Health,NHS Bradford Districts CCG,30/04/2018,C&M-PMS Prem Healthcentre Rates,PRC DELEGATED CO-COMMISSIONING,TONG MEDICAL PRACTICE,21655196,40.01,,BRA000022137
Department of Health,NHS Bradford Districts CCG,30/04/2018,C&M-PMS Prem Other,PRC DELEGATED CO-COMMISSIONING,TONG MEDICAL PRACTICE,21655196,463.25,,BRA000022137
Department of Health,NHS Bradford Districts CCG,30/04/2018,C&M-PMS Prem Rates,PRC DELEGATED CO-COMMISSIONING,TONG MEDICAL PRACTICE,21655196,1129.8,,BRA000022137
Department of Health,NHS Bradford Districts CCG,30/04/2018,C&M-PMS Prem Water Rates,PRC DELEGATED CO-COMMISSIONING,TONG MEDICAL PRACTICE,21655196,95.14,,BRA000022137
Department of Health,NHS Bradford Districts CCG,30/04/2018,C&M-PMS QOF Aspiration,PRC DELEGATED CO-COMMISSIONING,TONG MEDICAL PRACTICE,21655196,6858.78,,BRA000022137
Department of Health,NHS Bradford Districts CCG,30/04/2018,ME - PMS GP Prior Year ERs,PRC DELEGATED CO-COMMISSIONING,TONG MEDICAL PRACTICE,21655196,3283.58,,BRA000022137
Department of Health,NHS Bradford Districts CCG,30/04/2018,ME-PMS GP Prior Year EEs,PRC DELEGATED CO-COMMISSIONING,TONG MEDICAL PRACTICE,21655196,3329.57,,BRA000022137
Department of Health,NHS Bradford Districts CCG,30/04/2018,C&M-PMS Baseline Adjustment,PRC DELEGATED CO-COMMISSIONING,WILSDEN MEDICAL PRACTICE,21655198,90.5,,BRA000022139
Department of Health,NHS Bradford Districts CCG,30/04/2018,C&M-PMS Contract Value,PRC DELEGATED CO-COMMISSIONING,WILSDEN MEDICAL PRACTICE,21655198,84014.75,,BRA000022139
Department of Health,NHS Bradford Districts CCG,30/04/2018,C&M-PMS Funding Differential Review,PRC DELEGATED CO-COMMISSIONING,WILSDEN MEDICAL PRACTICE,21655198,10499.51,,BRA000022139
Department of Health,NHS Bradford Districts CCG,30/04/2018,C&M-PMS Prem Actual Rent,PRC DELEGATED CO-COMMISSIONING,WILSDEN MEDICAL PRACTICE,21655198,12686.67,,BRA000022139
Department of Health,NHS Bradford Districts CCG,30/04/2018,C&M-PMS Prem Clinical Waste,PRC DELEGATED CO-COMMISSIONING,WILSDEN MEDICAL PRACTICE,21655198,384.02,,BRA000022139
Department of Health,NHS Bradford Districts CCG,30/04/2018,C&M-PMS Prem Notional Rent,PRC DELEGATED CO-COMMISSIONING,WILSDEN MEDICAL PRACTICE,21655198,3014.58,,BRA000022139
Department of Health,NHS Bradford Districts CCG,30/04/2018,C&M-PMS Prem Other,PRC DELEGATED CO-COMMISSIONING,WILSDEN MEDICAL PRACTICE,21655198,528.61,,BRA000022139
Department of Health,NHS Bradford Districts CCG,30/04/2018,C&M-PMS Prem Rates,PRC DELEGATED CO-COMMISSIONING,WILSDEN MEDICAL PRACTICE,21655198,2428.54,,BRA000022139
Department of Health,NHS Bradford Districts CCG,30/04/2018,C&M-PMS Prem Water Rates,PRC DELEGATED CO-COMMISSIONING,WILSDEN MEDICAL PRACTICE,21655198,315.83,,BRA000022139
Department of Health,NHS Bradford Districts CCG,30/04/2018,C&M-PMS QOF Aspiration,PRC DELEGATED CO-COMMISSIONING,WILSDEN MEDICAL PRACTICE,21655198,8472.2,,BRA000022139
Department of Health,NHS Bradford Districts CCG,30/04/2018,C&M-PMS Baseline Adjustment,PRC DELEGATED CO-COMMISSIONING,WINDHILL GREEN MEDICAL PRACTICE,21655200,105.58,,BRA000022141
Department of Health,NHS Bradford Districts CCG,30/04/2018,C&M-PMS Contract Value,PRC DELEGATED CO-COMMISSIONING,WINDHILL GREEN MEDICAL PRACTICE,21655200,97300,,BRA000022141
Department of Health,NHS Bradford Districts CCG,30/04/2018,C&M-PMS Funding Differential Review,PRC DELEGATED CO-COMMISSIONING,WINDHILL GREEN MEDICAL PRACTICE,21655200,12159.75,,BRA000022141
Department of Health,NHS Bradford Districts CCG,30/04/2018,C&M-PMS Prem Clinical Waste,PRC DELEGATED CO-COMMISSIONING,WINDHILL GREEN MEDICAL PRACTICE,21655200,1577.15,,BRA000022141
Department of Health,NHS Bradford Districts CCG,30/04/2018,C&M-PMS Prem Notional Rent,PRC DELEGATED CO-COMMISSIONING,WINDHILL GREEN MEDICAL PRACTICE,21655200,12893.75,,BRA000022141
Department of Health,NHS Bradford Districts CCG,30/04/2018,C&M-PMS Prem Rates,PRC DELEGATED CO-COMMISSIONING,WINDHILL GREEN MEDICAL PRACTICE,21655200,2962.27,,BRA000022141
Department of Health,NHS Bradford Districts CCG,30/04/2018,C&M-PMS Prem Water Rates,PRC DELEGATED CO-COMMISSIONING,WINDHILL GREEN MEDICAL PRACTICE,21655200,160.37,,BRA000022141
Department of Health,NHS Bradford Districts CCG,30/04/2018,C&M-PMS QOF Aspiration,PRC DELEGATED CO-COMMISSIONING,WINDHILL GREEN MEDICAL PRACTICE,21655200,12342.57,,BRA000022141
Department of Health,NHS Bradford Districts CCG,30/04/2018,C&M-PMS Baseline Adjustment,PRC DELEGATED CO-COMMISSIONING,DR WELFORD & PARTNERS,21661849,82.67,,BRA000022079
Department of Health,NHS Bradford Districts CCG,30/04/2018,C&M-PMS Contract Value,PRC DELEGATED CO-COMMISSIONING,DR WELFORD & PARTNERS,21661849,74259.67,,BRA000022079
Department of Health,NHS Bradford Districts CCG,30/04/2018,C&M-PMS Funding Differential Review,PRC DELEGATED CO-COMMISSIONING,DR WELFORD & PARTNERS,21661849,9706,,BRA000022079
Department of Health,NHS Bradford Districts CCG,30/04/2018,C&M-PMS Prem Actual Rent,PRC DELEGATED CO-COMMISSIONING,DR WELFORD & PARTNERS,21661849,24551.66,,BRA000022079
Department of Health,NHS Bradford Districts CCG,30/04/2018,C&M-PMS Prem Clinical Waste,PRC DELEGATED CO-COMMISSIONING,DR WELFORD & PARTNERS,21661849,1222.44,,BRA000022079
Department of Health,NHS Bradford Districts CCG,30/04/2018,C&M-PMS Prem Other,PRC DELEGATED CO-COMMISSIONING,DR WELFORD & PARTNERS,21661849,585.49,,BRA000022079
Department of Health,NHS Bradford Districts CCG,30/04/2018,C&M-PMS Prem Rates,PRC DELEGATED CO-COMMISSIONING,DR WELFORD & PARTNERS,21661849,4917.09,,BRA000022079
Department of Health,NHS Bradford Districts CCG,30/04/2018,C&M-PMS Prem Water Rates,PRC DELEGATED CO-COMMISSIONING,DR WELFORD & PARTNERS,21661849,123.62,,BRA000022079
Department of Health,NHS Bradford Districts CCG,30/04/2018,C&M-PMS QOF Aspiration,PRC DELEGATED CO-COMMISSIONING,DR WELFORD & PARTNERS,21661849,7924.05,,BRA000022079
Department of Health,NHS Bradford Districts CCG,30/04/2018,C&M-PMS Baseline Adjustment,PRC DELEGATED CO-COMMISSIONING,HORTON PARK MEDICAL PRACTICE,21661853,75.33,,BRA000022095
Department of Health,NHS Bradford Districts CCG,30/04/2018,C&M-PMS Contract Value,PRC DELEGATED CO-COMMISSIONING,HORTON PARK MEDICAL PRACTICE,21661853,75336.67,,BRA000022095
Department of Health,NHS Bradford Districts CCG,30/04/2018,C&M-PMS Funding Differential Review,PRC DELEGATED CO-COMMISSIONING,HORTON PARK MEDICAL PRACTICE,21661853,10702.01,,BRA000022095
Department of Health,NHS Bradford Districts CCG,30/04/2018,C&M-PMS Prem Actual Rent,PRC DELEGATED CO-COMMISSIONING,HORTON PARK MEDICAL PRACTICE,21661853,12500,,BRA000022095
Department of Health,NHS Bradford Districts CCG,30/04/2018,C&M-PMS Prem Clinical Waste,PRC DELEGATED CO-COMMISSIONING,HORTON PARK MEDICAL PRACTICE,21661853,1459.9,,BRA000022095
Department of Health,NHS Bradford Districts CCG,30/04/2018,C&M-PMS Prem Notional Rent,PRC DELEGATED CO-COMMISSIONING,HORTON PARK MEDICAL PRACTICE,21661853,810,,BRA000022095
Department of Health,NHS Bradford Districts CCG,30/04/2018,C&M-PMS Prem Other,PRC DELEGATED CO-COMMISSIONING,HORTON PARK MEDICAL PRACTICE,21661853,520.83,,BRA000022095
Department of Health,NHS Bradford Districts CCG,30/04/2018,C&M-PMS Prem Rates,PRC DELEGATED CO-COMMISSIONING,HORTON PARK MEDICAL PRACTICE,21661853,1717.34,,BRA000022095
Department of Health,NHS Bradford Districts CCG,30/04/2018,C&M-PMS Prem Water Rates,PRC DELEGATED CO-COMMISSIONING,HORTON PARK MEDICAL PRACTICE,21661853,145.36,,BRA000022095
Department of Health,NHS Bradford Districts CCG,30/04/2018,C&M-PMS QOF Aspiration,PRC DELEGATED CO-COMMISSIONING,HORTON PARK MEDICAL PRACTICE,21661853,6339.87,,BRA000022095
Department of Health,NHS Bradford Districts CCG,30/04/2018,ME - PMS GP Prior Year ERs,PRC DELEGATED CO-COMMISSIONING,HORTON PARK MEDICAL PRACTICE,21661853,616.29,,BRA000022095
Department of Health,NHS Bradford Districts CCG,30/04/2018,ME-PMS GP Prior Year EEs,PRC DELEGATED CO-COMMISSIONING,HORTON PARK MEDICAL PRACTICE,21661853,398.57,,BRA000022095
Department of Health,NHS Bradford Districts CCG,30/04/2018,C&M-PMS Baseline Adjustment,PRC DELEGATED CO-COMMISSIONING,MAYFIELD MEDICAL CENTRE,21661855,122,,BRA000022109
Department of Health,NHS Bradford Districts CCG,30/04/2018,C&M-PMS Contract Value,PRC DELEGATED CO-COMMISSIONING,MAYFIELD MEDICAL CENTRE,21661855,109957.92,,BRA000022109
Department of Health,NHS Bradford Districts CCG,30/04/2018,C&M-PMS Funding Differential Review,PRC DELEGATED CO-COMMISSIONING,MAYFIELD MEDICAL CENTRE,21661855,13741.75,,BRA000022109
Department of Health,NHS Bradford Districts CCG,30/04/2018,C&M-PMS Prem Actual Rent,PRC DELEGATED CO-COMMISSIONING,MAYFIELD MEDICAL CENTRE,21661855,22979.95,,BRA000022109
Department of Health,NHS Bradford Districts CCG,30/04/2018,C&M-PMS Prem Clinical Waste,PRC DELEGATED CO-COMMISSIONING,MAYFIELD MEDICAL CENTRE,21661855,577.2,,BRA000022109
Department of Health,NHS Bradford Districts CCG,30/04/2018,C&M-PMS Prem Other,PRC DELEGATED CO-COMMISSIONING,MAYFIELD MEDICAL CENTRE,21661855,957.39,,BRA000022109
Department of Health,NHS Bradford Districts CCG,30/04/2018,C&M-PMS Prem Rates,PRC DELEGATED CO-COMMISSIONING,MAYFIELD MEDICAL CENTRE,21661855,2974.53,,BRA000022109
Department of Health,NHS Bradford Districts CCG,30/04/2018,C&M-PMS Prem Water Rates,PRC DELEGATED CO-COMMISSIONING,MAYFIELD MEDICAL CENTRE,21661855,141.96,,BRA000022109
Department of Health,NHS Bradford Districts CCG,30/04/2018,C&M-PMS QOF Aspiration,PRC DELEGATED CO-COMMISSIONING,MAYFIELD MEDICAL CENTRE,21661855,11513.59,,BRA000022109
Department of Health,NHS Bradford Districts CCG,30/04/2018,Clinical&Medical-Voluntary Sector,PROGRAMME PROJECTS,MOSAIC,21669124,30305,,17
Department of Health,NHS Bradford Districts CCG,30/04/2018,Clinical&Medical-Clinical Other,CLINICAL ASSESSMENT AND TREATMENT CENTRES,BRADFORD CARE ALLIANCE CIC,21669178,65019,,98
Department of Health,NHS Bradford Districts CCG,30/04/2018,Hcare Srv Rec NHS Trust-Contract Baseline,AMBULANCE SERVICES,YORKSHIRE AMBULANCE SERVICE NHS TRUST,21669185,1007591,,2810022426
Department of Health,NHS Bradford Districts CCG,30/04/2018,Hcare Srv Rec NHS Trust-Contract Baseline,NHS 111,YORKSHIRE AMBULANCE SERVICE NHS TRUST,21669186,91261,,2810022456
Department of Health,NHS Bradford Districts CCG,30/04/2018,Hcare Srv Rec Fdtn Trust-Contract Baseline,PLANNED CARE,BRADFORD TEACHING HOSPITALS NHS FOUNDATION TRUST,21669237,25412.67,654913617,304446
Department of Health,NHS Bradford Districts CCG,30/04/2018,C&M-PMS Baseline Adjustment,PRC DELEGATED CO-COMMISSIONING,DR FALLS R D & DR HUSSAIN T M,21675796,32.33,,BRA000022087
Department of Health,NHS Bradford Districts CCG,30/04/2018,C&M-PMS Contract Value,PRC DELEGATED CO-COMMISSIONING,DR FALLS R D & DR HUSSAIN T M,21675796,27647.25,,BRA000022087
Department of Health,NHS Bradford Districts CCG,30/04/2018,C&M-PMS Funding Differential Review,PRC DELEGATED CO-COMMISSIONING,DR FALLS R D & DR HUSSAIN T M,21675796,3927.33,,BRA000022087
Department of Health,NHS Bradford Districts CCG,30/04/2018,C&M-PMS Prem Clinical Waste,PRC DELEGATED CO-COMMISSIONING,DR FALLS R D & DR HUSSAIN T M,21675796,19.97,,BRA000022087
Department of Health,NHS Bradford Districts CCG,30/04/2018,C&M-PMS Prem Cost Rent,PRC DELEGATED CO-COMMISSIONING,DR FALLS R D & DR HUSSAIN T M,21675796,1249.17,,BRA000022087
Department of Health,NHS Bradford Districts CCG,30/04/2018,C&M-PMS Prem Healthcentre Rates,PRC DELEGATED CO-COMMISSIONING,DR FALLS R D & DR HUSSAIN T M,21675796,142.18,,BRA000022087
Department of Health,NHS Bradford Districts CCG,30/04/2018,C&M-PMS Prem Water Rates,PRC DELEGATED CO-COMMISSIONING,DR FALLS R D & DR HUSSAIN T M,21675796,55.56,,BRA000022087
Department of Health,NHS Bradford Districts CCG,30/04/2018,C&M-PMS QOF Aspiration,PRC DELEGATED CO-COMMISSIONING,DR FALLS R D & DR HUSSAIN T M,21675796,2043.7,,BRA000022087
Department of Health,NHS Bradford Districts CCG,30/04/2018,C&M-PMS Baseline Adjustment,PRC DELEGATED CO-COMMISSIONING,DR J M CONNOLLY & PARTNERS,21675797,161.33,,BRA000022097
Department of Health,NHS Bradford Districts CCG,30/04/2018,C&M-PMS Contract Value,PRC DELEGATED CO-COMMISSIONING,DR J M CONNOLLY & PARTNERS,21675797,164148.5,,BRA000022097
Department of Health,NHS Bradford Districts CCG,30/04/2018,C&M-PMS Funding Differential Review,PRC DELEGATED CO-COMMISSIONING,DR J M CONNOLLY & PARTNERS,21675797,22377.34,,BRA000022097
Department of Health,NHS Bradford Districts CCG,30/04/2018,C&M-PMS Prem Actual Rent,PRC DELEGATED CO-COMMISSIONING,DR J M CONNOLLY & PARTNERS,21675797,47674.03,,BRA000022097
Department of Health,NHS Bradford Districts CCG,30/04/2018,C&M-PMS Prem Clinical Waste,PRC DELEGATED CO-COMMISSIONING,DR J M CONNOLLY & PARTNERS,21675797,1529.87,,BRA000022097
Department of Health,NHS Bradford Districts CCG,30/04/2018,C&M-PMS Prem Healthcentre Rates,PRC DELEGATED CO-COMMISSIONING,DR J M CONNOLLY & PARTNERS,21675797,114.8,,BRA000022097
Department of Health,NHS Bradford Districts CCG,30/04/2018,C&M-PMS Prem Other,PRC DELEGATED CO-COMMISSIONING,DR J M CONNOLLY & PARTNERS,21675797,1925.54,,BRA000022097
Department of Health,NHS Bradford Districts CCG,30/04/2018,C&M-PMS Prem Rates,PRC DELEGATED CO-COMMISSIONING,DR J M CONNOLLY & PARTNERS,21675797,5714.59,,BRA000022097
Department of Health,NHS Bradford Districts CCG,30/04/2018,C&M-PMS Prem Water Rates,PRC DELEGATED CO-COMMISSIONING,DR J M CONNOLLY & PARTNERS,21675797,502.19,,BRA000022097
Department of Health,NHS Bradford Districts CCG,30/04/2018,C&M-PMS QOF Aspiration,PRC DELEGATED CO-COMMISSIONING,DR J M CONNOLLY & PARTNERS,21675797,17628.2,,BRA000022097
Department of Health,NHS Bradford Districts CCG,30/04/2018,C&M-PMS Baseline Adjustment,PRC DELEGATED CO-COMMISSIONING,DR M D BROOKE & PARTNERS,21675798,100,,BRA000022103
Department of Health,NHS Bradford Districts CCG,30/04/2018,C&M-PMS Contract Value,PRC DELEGATED CO-COMMISSIONING,DR M D BROOKE & PARTNERS,21675798,95441.33,,BRA000022103
Department of Health,NHS Bradford Districts CCG,30/04/2018,C&M-PMS Cost of Drugs -Prescribing,LOCAL ENHANCED SERVICES,DR M D BROOKE & PARTNERS,21675798,331.98,,BRA000022103
Department of Health,NHS Bradford Districts CCG,30/04/2018,C&M-PMS Funding Differential Review,PRC DELEGATED CO-COMMISSIONING,DR M D BROOKE & PARTNERS,21675798,11927.5,,BRA000022103
Department of Health,NHS Bradford Districts CCG,30/04/2018,C&M-PMS Prem Clinical Waste,PRC DELEGATED CO-COMMISSIONING,DR M D BROOKE & PARTNERS,21675798,1251.39,,BRA000022103
Department of Health,NHS Bradford Districts CCG,30/04/2018,C&M-PMS Prem Cost Rent,PRC DELEGATED CO-COMMISSIONING,DR M D BROOKE & PARTNERS,21675798,1659.23,,BRA000022103
Department of Health,NHS Bradford Districts CCG,30/04/2018,C&M-PMS Prem Healthcentre Rates,PRC DELEGATED CO-COMMISSIONING,DR M D BROOKE & PARTNERS,21675798,385.68,,BRA000022103
Department of Health,NHS Bradford Districts CCG,30/04/2018,C&M-PMS Prem Notional Rent,PRC DELEGATED CO-COMMISSIONING,DR M D BROOKE & PARTNERS,21675798,12856.67,,BRA000022103
Department of Health,NHS Bradford Districts CCG,30/04/2018,C&M-PMS Prem Other,PRC DELEGATED CO-COMMISSIONING,DR M D BROOKE & PARTNERS,21675798,541.8,,BRA000022103
Department of Health,NHS Bradford Districts CCG,30/04/2018,C&M-PMS Prem Rates,PRC DELEGATED CO-COMMISSIONING,DR M D BROOKE & PARTNERS,21675798,1764.42,,BRA000022103
Department of Health,NHS Bradford Districts CCG,30/04/2018,C&M-PMS Prem Water Rates,PRC DELEGATED CO-COMMISSIONING,DR M D BROOKE & PARTNERS,21675798,143.94,,BRA000022103
Department of Health,NHS Bradford Districts CCG,30/04/2018,C&M-PMS Prof fees Prescribing,PRC DELEGATED CO-COMMISSIONING,DR M D BROOKE & PARTNERS,21675798,22.09,,BRA000022103
Department of Health,NHS Bradford Districts CCG,30/04/2018,C&M-PMS QOF Aspiration,PRC DELEGATED CO-COMMISSIONING,DR M D BROOKE & PARTNERS,21675798,9339.74,,BRA000022103
Department of Health,NHS Bradford Districts CCG,30/04/2018,ME - PMS GP Prior Year ERs,PRC DELEGATED CO-COMMISSIONING,DR M D BROOKE & PARTNERS,21675798,1944.51,,BRA000022103
Department of Health,NHS Bradford Districts CCG,30/04/2018,ME-PMS GP Prior Year AVCs,PRC DELEGATED CO-COMMISSIONING,DR M D BROOKE & PARTNERS,21675798,1223.82,,BRA000022103
Department of Health,NHS Bradford Districts CCG,30/04/2018,ME-PMS GP Prior Year EEs,PRC DELEGATED CO-COMMISSIONING,DR M D BROOKE & PARTNERS,21675798,3035.73,,BRA000022103
Department of Health,NHS Bradford Districts CCG,30/04/2018,C&M-PMS Baseline Adjustment,PRC DELEGATED CO-COMMISSIONING,DR S D GAZELEY & PARTNERS,21675799,59.92,,BRA000022115
Department of Health,NHS Bradford Districts CCG,30/04/2018,C&M-PMS Contract Value,PRC DELEGATED CO-COMMISSIONING,DR S D GAZELEY & PARTNERS,21675799,56963.42,,BRA000022115
Department of Health,NHS Bradford Districts CCG,30/04/2018,C&M-PMS Funding Differential Review,PRC DELEGATED CO-COMMISSIONING,DR S D GAZELEY & PARTNERS,21675799,7118.83,,BRA000022115
Department of Health,NHS Bradford Districts CCG,30/04/2018,C&M-PMS Medical Fees,LOCAL ENHANCED SERVICES,DR S D GAZELEY & PARTNERS,21675799,151.42,,BRA000022115
Department of Health,NHS Bradford Districts CCG,30/04/2018,C&M-PMS Prem Clinical Waste,PRC DELEGATED CO-COMMISSIONING,DR S D GAZELEY & PARTNERS,21675799,21.7,,BRA000022115
Department of Health,NHS Bradford Districts CCG,30/04/2018,C&M-PMS Prem Cost Rent,PRC DELEGATED CO-COMMISSIONING,DR S D GAZELEY & PARTNERS,21675799,21348.73,,BRA000022115
Department of Health,NHS Bradford Districts CCG,30/04/2018,C&M-PMS Prem Healthcentre Rates,PRC DELEGATED CO-COMMISSIONING,DR S D GAZELEY & PARTNERS,21675799,1823.96,,BRA000022115
Department of Health,NHS Bradford Districts CCG,30/04/2018,C&M-PMS Prem Water Rates,PRC DELEGATED CO-COMMISSIONING,DR S D GAZELEY & PARTNERS,21675799,132.18,,BRA000022115
Department of Health,NHS Bradford Districts CCG,30/04/2018,C&M-PMS QOF Aspiration,PRC DELEGATED CO-COMMISSIONING,DR S D GAZELEY & PARTNERS,21675799,6092.44,,BRA000022115
Department of Health,NHS Bradford Districts CCG,30/04/2018,C&M-PMS Baseline Adjustment,PRC DELEGATED CO-COMMISSIONING,DR S Z KHAN & PARTNER,21675800,45.92,,BRA000022121
Department of Health,NHS Bradford Districts CCG,30/04/2018,C&M-PMS Contract Value,PRC DELEGATED CO-COMMISSIONING,DR S Z KHAN & PARTNER,21675800,39398,,BRA000022121
Department of Health,NHS Bradford Districts CCG,30/04/2018,C&M-PMS Funding Differential Review,PRC DELEGATED CO-COMMISSIONING,DR S Z KHAN & PARTNER,21675800,5149.42,,BRA000022121
Department of Health,NHS Bradford Districts CCG,30/04/2018,C&M-PMS Prem Clinical Waste,PRC DELEGATED CO-COMMISSIONING,DR S Z KHAN & PARTNER,21675800,48.34,,BRA000022121
Department of Health,NHS Bradford Districts CCG,30/04/2018,C&M-PMS Prem Cost Rent,PRC DELEGATED CO-COMMISSIONING,DR S Z KHAN & PARTNER,21675800,2938.6,,BRA000022121
Department of Health,NHS Bradford Districts CCG,30/04/2018,C&M-PMS Prem Healthcentre Rates,PRC DELEGATED CO-COMMISSIONING,DR S Z KHAN & PARTNER,21675800,397.15,,BRA000022121
Department of Health,NHS Bradford Districts CCG,30/04/2018,C&M-PMS Prem Water Rates,PRC DELEGATED CO-COMMISSIONING,DR S Z KHAN & PARTNER,21675800,37.68,,BRA000022121
Department of Health,NHS Bradford Districts CCG,30/04/2018,C&M-PMS QOF Aspiration,PRC DELEGATED CO-COMMISSIONING,DR S Z KHAN & PARTNER,21675800,3383.82,,BRA000022121
Department of Health,NHS Bradford Districts CCG,30/04/2018,C&M-PMS Baseline Adjustment,PRC DELEGATED CO-COMMISSIONING,OAK GLEN SURGERY,21675801,27.5,,BRA000022129
Department of Health,NHS Bradford Districts CCG,30/04/2018,C&M-PMS Contract Value,PRC DELEGATED CO-COMMISSIONING,OAK GLEN SURGERY,21675801,27755.58,,BRA000022129
Department of Health,NHS Bradford Districts CCG,30/04/2018,C&M-PMS DES Learn Dsblty Hlth Chk,PRC DELEGATED CO-COMMISSIONING,OAK GLEN SURGERY,21675801,140,,BRA000022129
Department of Health,NHS Bradford Districts CCG,30/04/2018,C&M-PMS Funding Differential Review,PRC DELEGATED CO-COMMISSIONING,OAK GLEN SURGERY,21675801,3468.68,,BRA000022129
Department of Health,NHS Bradford Districts CCG,30/04/2018,C&M-PMS Prem Actual Rent,PRC DELEGATED CO-COMMISSIONING,OAK GLEN SURGERY,21675801,9240,,BRA000022129
Department of Health,NHS Bradford Districts CCG,30/04/2018,C&M-PMS Prem Clinical Waste,PRC DELEGATED CO-COMMISSIONING,OAK GLEN SURGERY,21675801,231.71,,BRA000022129
Department of Health,NHS Bradford Districts CCG,30/04/2018,C&M-PMS Prem Notional Rent,PRC DELEGATED CO-COMMISSIONING,OAK GLEN SURGERY,21675801,4125,,BRA000022129
Department of Health,NHS Bradford Districts CCG,30/04/2018,C&M-PMS Prem Rates,PRC DELEGATED CO-COMMISSIONING,OAK GLEN SURGERY,21675801,1191.77,,BRA000022129
Department of Health,NHS Bradford Districts CCG,30/04/2018,C&M-PMS Prem Water Rates,PRC DELEGATED CO-COMMISSIONING,OAK GLEN SURGERY,21675801,15,,BRA000022129
Department of Health,NHS Bradford Districts CCG,30/04/2018,C&M-PMS QOF Aspiration,PRC DELEGATED CO-COMMISSIONING,OAK GLEN SURGERY,21675801,2536.13,,BRA000022129
Department of Health,NHS Bradford Districts CCG,30/04/2018,C&M-APMS Contract Value,PRC DELEGATED CO-COMMISSIONING,THORNTON & DENHOLME MEDICAL PRACTIC,21675802,78081.5,,BRA000022135
Department of Health,NHS Bradford Districts CCG,30/04/2018,C&M-APMS Prem Clinical Waste,PRC DELEGATED CO-COMMISSIONING,THORNTON & DENHOLME MEDICAL PRACTIC,21675802,2627.18,,BRA000022135
Department of Health,NHS Bradford Districts CCG,30/04/2018,C&M-APMS Prem Healthcentre Rates,PRC DELEGATED CO-COMMISSIONING,THORNTON & DENHOLME MEDICAL PRACTIC,21675802,1009.68,,BRA000022135
Department of Health,NHS Bradford Districts CCG,30/04/2018,C&M-APMS Prem Healthcentre Rent,PRC DELEGATED CO-COMMISSIONING,THORNTON & DENHOLME MEDICAL PRACTIC,21675802,5208.33,,BRA000022135
Department of Health,NHS Bradford Districts CCG,30/04/2018,C&M-APMS Prem Water Rates,PRC DELEGATED CO-COMMISSIONING,THORNTON & DENHOLME MEDICAL PRACTIC,21675802,111.48,,BRA000022135
Department of Health,NHS Bradford Districts CCG,30/04/2018,C&M-PMS QOF Aspiration,PRC DELEGATED CO-COMMISSIONING,THORNTON & DENHOLME MEDICAL PRACTIC,21675802,6719.06,,BRA000022135
Department of Health,NHS Bradford Districts CCG,30/04/2018,Clinical&Medical-Independent Sector,ACUTE COMMISSIONING,SPIRE HEALTHCARE LTD,21692170,29957,915970991,02RELDPF181901
Department of Health,NHS Bradford Districts CCG,30/04/2018,Clinical&Medical-Clinical Other,MATERNITY SERVICES,RIDGE MEDICAL PRACTICE,21695301,55091.67,,GPwSIM1-05
Department of Health,NHS Bradford Districts CCG,30/04/2018,Clinical&Medical-Clinical Other,MATERNITY SERVICES,DR M M CUTHBERT & PARTNERS,21695303,47599,,GPwSIM1-07
Department of Health,NHS Bradford Districts CCG,30/04/2018,Hcare Srv Rec Fdtn Trust-Contract Baseline,ACUTE COMMISSIONING,HARROGATE & DISTRICT NHS FOUNDATION NHS TRUST,21703754,39055.33,654923907,2510017135
Department of Health,NHS Bradford Districts CCG,30/04/2018,Hcare Srv Rec NHS Trust-Contract Baseline,ACUTE COMMISSIONING,LEEDS TEACHING HOSPITALS NHS TRUST,21714909,856623,,1410093564
Department of Health,NHS Bradford Districts CCG,30/04/2018,Hcare Srv Rec Fdtn Trust-CQUIN,ACUTE COMMISSIONING,BRADFORD TEACHING HOSPITALS NHS FOUNDATION TRUST,21726577,-84334,654913617,304106
Department of Health,NHS Bradford Districts CCG,30/04/2018,Hcare Srv Rec NHS Trust-Contract Baseline,PATIENT TRANSPORT,YORKSHIRE AMBULANCE SERVICE NHS TRUST,21740328,83200.66,,2810022484
Department of Health,NHS Bradford Districts CCG,30/04/2018,Hcare Srv Rec NHS Trust-Contract Baseline,ACUTE COMMISSIONING,MID YORKSHIRE HOSPITALS NHS TRUST,21740337,112607,654967780,10094746
Department of Health,NHS Bradford Districts CCG,30/04/2018,Clinical&Medical-Independent Sector,ACUTE COMMISSIONING,YORKSHIRE CLINIC,21740345,1336370.49,426505170,BD1201819
Department of Health,NHS Bradford Districts CCG,30/04/2018,Hcare Srv Rec Fdtn Trust-CQUIN,ACUTE COMMISSIONING,BRADFORD TEACHING HOSPITALS NHS FOUNDATION TRUST,21747564,84333.92,654913617,304070
Department of Health,NHS Bradford Districts CCG,30/04/2018,Hcare Srv Rec Fdtn Trust-Contract Baseline,ACUTE COMMISSIONING,BRADFORD TEACHING HOSPITALS NHS FOUNDATION TRUST,21747565,14205168.67,654913617,304442
Department of Health,NHS Bradford Districts CCG,30/04/2018,Hcare Srv Rec Fdtn Trust-CQUIN,ACUTE COMMISSIONING,BRADFORD TEACHING HOSPITALS NHS FOUNDATION TRUST,21747566,157402,654913617,304443
Department of Health,NHS Bradford Districts CCG,30/04/2018,Apprenticeship Levy Payable,BALANCE SHEET,HMRC,21764770,1784,,120PS005707651812
Department of Health,NHS Bradford Districts CCG,30/04/2018,Income tax <1Yr,BALANCE SHEET,HMRC,21764770,95836.41,,120PS005707651812
Department of Health,NHS Bradford Districts CCG,30/04/2018,Income tax <1Yr-Student Loans,BALANCE SHEET,HMRC,21764770,958,,120PS005707651812
Department of Health,NHS Bradford Districts CCG,30/04/2018,National Insurance < 1 yr-NI- ERS,BALANCE SHEET,HMRC,21764770,65239.84,,120PS005707651812
Department of Health,NHS Bradford Districts CCG,30/04/2018,National Insurance < 1 yr-NI-EES,BALANCE SHEET,HMRC,21764770,46865.88,,120PS005707651812
Department of Health,NHS Bradford Districts CCG,30/04/2018,Statutory Mat Pay < 1 yr,BALANCE SHEET,HMRC,21764770,-6645.68,,120PS005707651812
Department of Health,NHS Bradford Districts CCG,30/04/2018,Hcare Srv Rec Fdtn Trust-CQUIN,ACUTE COMMISSIONING,BRADFORD TEACHING HOSPITALS NHS FOUNDATION TRUST,21794113,84333.92,654913617,304444
Department of Health,NHS Bradford Districts CCG,30/04/2018,Clinical&Medical-Independent Sector,HOSPICES,SUE RYDER CARE,21823806,193958.25,GB 927 5079 02,10444
Department of Health,NHS Bradford Districts CCG,30/04/2018,Cont Care- Adult 100% Fully Funded,CHC ADULT FULLY FUNDED,MEDEVENT,21823815,37704.21,817210165,INV1870
Department of Health,NHS Bradford Districts CCG,30/04/2018,Hcare Srv Rec Fdtn Trust-Emergency Readmissions,ACUTE COMMISSIONING,AIREDALE NHS FOUNDATION TRUST,21823817,1443438,,3310033331
Department of Health,NHS Bradford Districts CCG,30/04/2018,Hcare Srv Rec NHS Trust-Contract Baseline,ACUTE COMMISSIONING,LEEDS TEACHING HOSPITALS NHS TRUST,21823853,856623,,1410094325
Department of Health,NHS Bradford Districts CCG,30/04/2018,Hcare Srv Rec Fdtn Trust-Contract Baseline,ACUTE COMMISSIONING,BRADFORD TEACHING HOSPITALS NHS FOUNDATION TRUST,21823866,14205168.67,654913617,304520
Department of Health,NHS Bradford Districts CCG,30/04/2018,Hcare Srv Rec Fdtn Trust-CQUIN,ACUTE COMMISSIONING,BRADFORD TEACHING HOSPITALS NHS FOUNDATION TRUST,21823868,157402,654913617,304521
Department of Health,NHS Bradford Districts CCG,30/04/2018,Hcare Srv Rec Fdtn Trust-CQUIN,ACUTE COMMISSIONING,BRADFORD TEACHING HOSPITALS NHS FOUNDATION TRUST,21823870,84333.92,654913617,304522
Department of Health,NHS Bradford Districts CCG,30/04/2018,Hcare Srv Rec Fdtn Trust-Contract Baseline,PLANNED CARE,BRADFORD TEACHING HOSPITALS NHS FOUNDATION TRUST,21823874,25412.67,654913617,304524
Department of Health,NHS Bradford Districts CCG,30/04/2018,Cont Care- Adult 100% Fully Funded,CHC ADULT FULLY FUNDED,BRADFORD METROPOLITAN DISTRICT COUNCIL,21828917,1072844,180808262,74991843019
Department of Health,NHS Bradford Districts CCG,30/04/2018,Cont Care- Adult 100% Fully Funded,CHC ADULT FULLY FUNDED,BRADFORD METROPOLITAN DISTRICT COUNCIL,21828919,1312497,180808262,74991843064
Department of Health,NHS Bradford Districts CCG,30/04/2018,Clinical&Medical-Voluntary Sector,PROGRAMME PROJECTS,BRADFORD CANCER SUPPORT,21867993,51789,,16
Department of Health,NHS Bradford Districts CCG,30/04/2018,Legal / Prof Fees,MEDICINES MANAGEMENT - CLINICAL,PRESCRIBING SUPPORT SERVICES,21868037,32685,GB243314242,INV03046
Department of Health,NHS Bradford Districts CCG,30/04/2018,C&M-GMS Global Sum,PRC DELEGATED CO-COMMISSIONING,DR I FENWICK & PARTNERS,21909496,68666.86,,BRA000022310
Department of Health,NHS Bradford Districts CCG,30/04/2018,C&M-GMS MPIG Correction Factor,PRC DELEGATED CO-COMMISSIONING,DR I FENWICK & PARTNERS,21909496,1417.95,,BRA000022310
Department of Health,NHS Bradford Districts CCG,30/04/2018,C&M-GMS Other FDR Payment,PRC DELEGATED CO-COMMISSIONING,DR I FENWICK & PARTNERS,21909496,14777.96,,BRA000022310
Department of Health,NHS Bradford Districts CCG,30/04/2018,C&M-GMS Prem Clinical Waste,PRC DELEGATED CO-COMMISSIONING,DR I FENWICK & PARTNERS,21909496,409.82,,BRA000022310
Department of Health,NHS Bradford Districts CCG,30/04/2018,C&M-GMS Prem Healthcentre Rent,PRC DELEGATED CO-COMMISSIONING,DR I FENWICK & PARTNERS,21909496,7221.55,,BRA000022310
Department of Health,NHS Bradford Districts CCG,30/04/2018,C&M-GMS Prem Rates,PRC DELEGATED CO-COMMISSIONING,DR I FENWICK & PARTNERS,21909496,358.59,,BRA000022310
Department of Health,NHS Bradford Districts CCG,30/04/2018,C&M-GMS QOF Aspiration,PRC DELEGATED CO-COMMISSIONING,DR I FENWICK & PARTNERS,21909496,6070.67,,BRA000022310
Department of Health,NHS Bradford Districts CCG,30/04/2018,Clinical&Medical-Independent Sector,PLANNED CARE,PRESCRIBING SUPPORT SERVICES,21915281,25056,GB243314242,INV03061
Department of Health,NHS Bradford Districts CCG,30/04/2018,Clinical&Medical-Othe Public Sector,MENTAL HEALTH SERVICES - OTHER,BRADFORD METROPOLITAN DISTRICT COUNCIL,21915430,749925,180808262,73901339805
Department of Health,NHS Bradford Districts CCG,30/04/2018,Clinical&Medical-Independent Sector,PLANNED CARE,WESTCLIFFE MEDICAL SERVICES,21937979,63218,,WMS01804
Department of Health,NHS Bradford Districts CCG,30/04/2018,Hcare Srv Rec Fdtn Trust-Contract Baseline,MENTAL HEALTH CONTRACTS,BRADFORD DISTRICT CARE NHS FOUNDATION TRUST,21937984,4647461,,196099
Department of Health,NHS Bradford Districts CCG,30/04/2018,Clinical&Medical-Independent Sector,PLANNED CARE,YORKSHIRE CLINIC,21937985,35770.08,426505170,BDCONCEP11FY1718
Department of Health,NHS Bradford Districts CCG,30/04/2018,Hcare Srv Rec Fdtn Trust-Contract Baseline,ACUTE COMMISSIONING,HARROGATE & DISTRICT NHS FOUNDATION NHS TRUST,21937987,39055.33,654923907,2510014990
Department of Health,NHS Bradford Districts CCG,30/04/2018,Hcare Srv Rec Fdtn Trust-Contract Baseline,MENTAL HEALTH CONTRACTS,BRADFORD DISTRICT CARE NHS FOUNDATION TRUST,21937989,-4647461,,196124
Department of Health,NHS Bradford Districts CCG,30/04/2018,Clinical&Medical-Independent Sector,PLANNED CARE,BRADFORD PHYSIOTHERAPY CLINIC LTD,21937990,34835,,BPC010318
Department of Health,NHS Bradford Districts CCG,30/04/2018,Clinical&Medical-Independent Sector,PLANNED CARE,PRESCRIBING SUPPORT SERVICES,21937993,30230,GB243314242,INV03060
Department of Health,NHS Bradford Districts CCG,30/04/2018,Clinical&Medical-Independent Sector,CHILDREN SERVICES,BETTER START BRADFORD,21937998,68740,,103
Department of Health,NHS Bradford Districts CCG,30/04/2018,Clinical&Medical-Independent Sector,PLANNED CARE,WESTCLIFFE HEALTH INNOVATIONS,21938004,70370.12,,GAS1862
Department of Health,NHS Bradford Districts CCG,30/04/2018,Hcare Srv Rec Fdtn Trust-CQUIN,MENTAL HEALTH CONTRACTS,BRADFORD DISTRICT CARE NHS FOUNDATION TRUST,21944757,178398,,196100
Department of Health,NHS Bradford Districts CCG,30/04/2018,Hcare Srv Rec Fdtn Trust-CQUIN,MENTAL HEALTH CONTRACTS,BRADFORD DISTRICT CARE NHS FOUNDATION TRUST,21944758,65896,,196117
Department of Health,NHS Bradford Districts CCG,30/04/2018,Hcare Srv Rec Fdtn Trust-Contract Baseline,MENTAL HEALTH CONTRACTS,BRADFORD DISTRICT CARE NHS FOUNDATION TRUST,21944759,4388410,,196135
Department of Health,NHS Bradford Districts CCG,30/04/2018,Hcare Srv Rec Fdtn Trust-Non Contract,ACUTE CHILDRENS SERVICES,BRADFORD TEACHING HOSPITALS NHS FOUNDATION TRUST,21958840,27239.87,654913617,303993
