Department family,Entity,Date,Expense Type,Expense area,Supplier,Transaction number,AP Amount (�)
Department of Health,NHS Isle Of Wight CCG,31/01/2019,Sterile Products,PRESCRIBING,AMCARE LTD,25509728,"57,792.64"
Department of Health,NHS Isle Of Wight CCG,31/01/2019,C&M-GMS DES Extended Hours Access,PRC DELEGATED CO-COMMISSIONING,ARGYLL HOUSE SURGERY,25654506,"2,592.55"
Department of Health,NHS Isle Of Wight CCG,31/01/2019,C&M-GMS DES Minor Surgery,PRC DELEGATED CO-COMMISSIONING,ARGYLL HOUSE SURGERY,25654506,583.33
Department of Health,NHS Isle Of Wight CCG,31/01/2019,C&M-GMS Global Sum,PRC DELEGATED CO-COMMISSIONING,ARGYLL HOUSE SURGERY,25654506,"42,637.50"
Department of Health,NHS Isle Of Wight CCG,31/01/2019,C&M-GMS MPIG Correction Factor,PRC DELEGATED CO-COMMISSIONING,ARGYLL HOUSE SURGERY,25654506,181.34
Department of Health,NHS Isle Of Wight CCG,31/01/2019,C&M-GMS Prem Notional Rent,PRC DELEGATED CO-COMMISSIONING,ARGYLL HOUSE SURGERY,25654506,"1,916.67"
Department of Health,NHS Isle Of Wight CCG,31/01/2019,C&M-GMS Prem Rates,PRC DELEGATED CO-COMMISSIONING,ARGYLL HOUSE SURGERY,25654506,830
Department of Health,NHS Isle Of Wight CCG,31/01/2019,C&M-GMS Prem Water Rates,PRC DELEGATED CO-COMMISSIONING,ARGYLL HOUSE SURGERY,25654506,53.79
Department of Health,NHS Isle Of Wight CCG,31/01/2019,C&M-GMS QOF Aspiration,PRC DELEGATED CO-COMMISSIONING,ARGYLL HOUSE SURGERY,25654506,"4,519.05"
Department of Health,NHS Isle Of Wight CCG,31/01/2019,C&M-GMS DES Extended Hours Access,PRC DELEGATED CO-COMMISSIONING,BEECH GROVE SURGERY,25654504,"2,216.83"
Department of Health,NHS Isle Of Wight CCG,31/01/2019,C&M-GMS DES Minor Surgery,PRC DELEGATED CO-COMMISSIONING,BEECH GROVE SURGERY,25654504,583.33
Department of Health,NHS Isle Of Wight CCG,31/01/2019,C&M-GMS Global Sum,PRC DELEGATED CO-COMMISSIONING,BEECH GROVE SURGERY,25654504,"39,306.14"
Department of Health,NHS Isle Of Wight CCG,31/01/2019,C&M-GMS PCO Doctors Ret Scheme,PRC DELEGATED CO-COMMISSIONING,BEECH GROVE SURGERY,25654504,"1,275.68"
Department of Health,NHS Isle Of Wight CCG,31/01/2019,C&M-GMS Prem Notional Rent,PRC DELEGATED CO-COMMISSIONING,BEECH GROVE SURGERY,25654504,"3,066.67"
Department of Health,NHS Isle Of Wight CCG,31/01/2019,C&M-GMS QOF Aspiration,PRC DELEGATED CO-COMMISSIONING,BEECH GROVE SURGERY,25654504,"3,661.35"
Department of Health,NHS Isle Of Wight CCG,31/01/2019,FHSPayables,BALANCE SHEET,BROOKSIDE HEALTH CENTRE,25586459,"28,286.06"
Department of Health,NHS Isle Of Wight CCG,31/01/2019,C&M-GMS DES Minor Surgery,PRC DELEGATED CO-COMMISSIONING,BROOKSIDE HEALTH CENTRE,25654510,"1,000.00"
Department of Health,NHS Isle Of Wight CCG,31/01/2019,C&M-GMS Global Sum,PRC DELEGATED CO-COMMISSIONING,BROOKSIDE HEALTH CENTRE,25654510,"96,166.92"
Department of Health,NHS Isle Of Wight CCG,31/01/2019,C&M-GMS Prem Notional Rent,PRC DELEGATED CO-COMMISSIONING,BROOKSIDE HEALTH CENTRE,25654510,"6,944.50"
Department of Health,NHS Isle Of Wight CCG,31/01/2019,C&M-GMS Prem Rates,PRC DELEGATED CO-COMMISSIONING,BROOKSIDE HEALTH CENTRE,25654510,"1,150.46"
Department of Health,NHS Isle Of Wight CCG,31/01/2019,C&M-GMS QOF Aspiration,PRC DELEGATED CO-COMMISSIONING,BROOKSIDE HEALTH CENTRE,25654510,"10,817.76"
Department of Health,NHS Isle Of Wight CCG,31/01/2019,Clinical&Medical-Commercial Sector,CLINICAL ASSESSMENT AND TREATMENT CENTRES,CARE UK CLINICAL SERVICES LTD,25450665,"108,729.52"
Department of Health,NHS Isle Of Wight CCG,31/01/2019,C&M-GMS DES Extended Hours Access,PRC DELEGATED CO-COMMISSIONING,CARISBROOKE HEALTH CENTRE,25654508,"5,443.03"
Department of Health,NHS Isle Of Wight CCG,31/01/2019,C&M-GMS DES Minor Surgery,PRC DELEGATED CO-COMMISSIONING,CARISBROOKE HEALTH CENTRE,25654508,"2,166.67"
Department of Health,NHS Isle Of Wight CCG,31/01/2019,C&M-GMS Global Sum,PRC DELEGATED CO-COMMISSIONING,CARISBROOKE HEALTH CENTRE,25654508,"81,066.83"
Department of Health,NHS Isle Of Wight CCG,31/01/2019,C&M-GMS MPIG Correction Factor,PRC DELEGATED CO-COMMISSIONING,CARISBROOKE HEALTH CENTRE,25654508,506.71
Department of Health,NHS Isle Of Wight CCG,31/01/2019,C&M-GMS PCO Doctors Ret Scheme,PRC DELEGATED CO-COMMISSIONING,CARISBROOKE HEALTH CENTRE,25654508,615.36
Department of Health,NHS Isle Of Wight CCG,31/01/2019,C&M-GMS Prem Notional Rent,PRC DELEGATED CO-COMMISSIONING,CARISBROOKE HEALTH CENTRE,25654508,"3,891.67"
Department of Health,NHS Isle Of Wight CCG,31/01/2019,C&M-GMS Prem Rates,PRC DELEGATED CO-COMMISSIONING,CARISBROOKE HEALTH CENTRE,25654508,"1,640.00"
Department of Health,NHS Isle Of Wight CCG,31/01/2019,C&M-GMS QOF Aspiration,PRC DELEGATED CO-COMMISSIONING,CARISBROOKE HEALTH CENTRE,25654508,"8,026.70"
Department of Health,NHS Isle Of Wight CCG,31/01/2019,C&M-GMS DES Extended Hours Access,PRC DELEGATED CO-COMMISSIONING,COWES MEDICAL CENTRE,25654512,"7,213.35"
Department of Health,NHS Isle Of Wight CCG,31/01/2019,C&M-GMS DES Minor Surgery,PRC DELEGATED CO-COMMISSIONING,COWES MEDICAL CENTRE,25654512,"1,250.00"
Department of Health,NHS Isle Of Wight CCG,31/01/2019,C&M-GMS Global Sum,PRC DELEGATED CO-COMMISSIONING,COWES MEDICAL CENTRE,25654512,"104,576.92"
Department of Health,NHS Isle Of Wight CCG,31/01/2019,C&M-GMS MPIG Correction Factor,PRC DELEGATED CO-COMMISSIONING,COWES MEDICAL CENTRE,25654512,"1,273.62"
Department of Health,NHS Isle Of Wight CCG,31/01/2019,C&M-GMS Prem Rates,PRC DELEGATED CO-COMMISSIONING,COWES MEDICAL CENTRE,25654512,"2,462.36"
Department of Health,NHS Isle Of Wight CCG,31/01/2019,C&M-GMS QOF Aspiration,PRC DELEGATED CO-COMMISSIONING,COWES MEDICAL CENTRE,25654512,"12,373.43"
Department of Health,NHS Isle Of Wight CCG,31/01/2019,Clinical&Medical-Independent Sector,MENTAL HEALTH SERVICES - ADULTS,CYGNET HEALTH CARE LTD,25775483,"37,778.46"
Department of Health,NHS Isle Of Wight CCG,31/01/2019,Clinical&Medical-Independent Sector,MENTAL HEALTH SERVICES - ADULTS,CYGNET HEALTH CARE LTD,25775487,"36,559.80"
Department of Health,NHS Isle Of Wight CCG,31/01/2019,Clinical&Medical-Independent Sector,MENTAL HEALTH SERVICES - ADULTS,CYGNET HEALTH CARE LTD,25775489,"37,778.46"
Department of Health,NHS Isle Of Wight CCG,31/01/2019,Clinical&Medical-Independent Sector,MENTAL HEALTH SERVICES - ADULTS,CYGNET HEALTH CARE LTD,25775516,"-37,778.46"
Department of Health,NHS Isle Of Wight CCG,31/01/2019,Clinical&Medical-Independent Sector,MENTAL HEALTH SERVICES - ADULTS,CYGNET HEALTH CARE LTD,25775518,"-37,778.46"
Department of Health,NHS Isle Of Wight CCG,31/01/2019,Clinical&Medical-Independent Sector,MENTAL HEALTH SERVICES - ADULTS,CYGNET HEALTH CARE LTD,25775520,"-36,559.80"
Department of Health,NHS Isle Of Wight CCG,31/01/2019,FHSPayables,BALANCE SHEET,DOWER HOUSE SURGERY,25586460,"31,305.50"
Department of Health,NHS Isle Of Wight CCG,31/01/2019,C&M-GMS DES Minor Surgery,PRC DELEGATED CO-COMMISSIONING,DOWER HOUSE SURGERY,25654514,"1,166.67"
Department of Health,NHS Isle Of Wight CCG,31/01/2019,C&M-GMS Global Sum,PRC DELEGATED CO-COMMISSIONING,DOWER HOUSE SURGERY,25654514,"85,637.23"
Department of Health,NHS Isle Of Wight CCG,31/01/2019,C&M-GMS MPIG Correction Factor,PRC DELEGATED CO-COMMISSIONING,DOWER HOUSE SURGERY,25654514,143.63
Department of Health,NHS Isle Of Wight CCG,31/01/2019,C&M-GMS Prem Notional Rent,PRC DELEGATED CO-COMMISSIONING,DOWER HOUSE SURGERY,25654514,"6,333.33"
Department of Health,NHS Isle Of Wight CCG,31/01/2019,C&M-GMS Prem Rates,PRC DELEGATED CO-COMMISSIONING,DOWER HOUSE SURGERY,25654514,"2,834.75"
Department of Health,NHS Isle Of Wight CCG,31/01/2019,C&M-GMS QOF Aspiration,PRC DELEGATED CO-COMMISSIONING,DOWER HOUSE SURGERY,25654514,"10,839.07"
Department of Health,NHS Isle Of Wight CCG,31/01/2019,C&M-GMS DES Minor Surgery,PRC DELEGATED CO-COMMISSIONING,DR ROBERT HEWETSON & PARTNERS,25654516,583.33
Department of Health,NHS Isle Of Wight CCG,31/01/2019,C&M-GMS Global Sum,PRC DELEGATED CO-COMMISSIONING,DR ROBERT HEWETSON & PARTNERS,25654516,"30,927.08"
Department of Health,NHS Isle Of Wight CCG,31/01/2019,C&M-GMS Prem Cost Rent,PRC DELEGATED CO-COMMISSIONING,DR ROBERT HEWETSON & PARTNERS,25654516,"2,186.83"
Department of Health,NHS Isle Of Wight CCG,31/01/2019,C&M-GMS Prem Rates,PRC DELEGATED CO-COMMISSIONING,DR ROBERT HEWETSON & PARTNERS,25654516,644.15
Department of Health,NHS Isle Of Wight CCG,31/01/2019,C&M-GMS QOF Aspiration,PRC DELEGATED CO-COMMISSIONING,DR ROBERT HEWETSON & PARTNERS,25654516,"3,403.95"
Department of Health,NHS Isle Of Wight CCG,31/01/2019,Clinical&Medical-Independent Sector,HOSPICES,EARL MOUNTBATTEN HOSPICE,25450766,"737,653.00"
Department of Health,NHS Isle Of Wight CCG,31/01/2019,Cont Care- Palliative Care,CHC ADULT FULLY FUNDED,EARL MOUNTBATTEN HOSPICE,25680728,"23,628.00"
Department of Health,NHS Isle Of Wight CCG,31/01/2019,Cont Care-Physical Disab (65+),CHC ADULT FULLY FUNDED,EARL MOUNTBATTEN HOSPICE,25680728,"4,433.00"
Department of Health,NHS Isle Of Wight CCG,31/01/2019,C&M-GMS DES Minor Surgery,PRC DELEGATED CO-COMMISSIONING,EAST COWES MEDICAL CENTRE,25654520,"1,000.00"
Department of Health,NHS Isle Of Wight CCG,31/01/2019,C&M-GMS Global Sum,PRC DELEGATED CO-COMMISSIONING,EAST COWES MEDICAL CENTRE,25654520,"63,328.17"
Department of Health,NHS Isle Of Wight CCG,31/01/2019,C&M-GMS MPIG Correction Factor,PRC DELEGATED CO-COMMISSIONING,EAST COWES MEDICAL CENTRE,25654520,184.85
Department of Health,NHS Isle Of Wight CCG,31/01/2019,C&M-GMS PCO Doctors Ret Scheme,PRC DELEGATED CO-COMMISSIONING,EAST COWES MEDICAL CENTRE,25654520,"4,845.96"
Department of Health,NHS Isle Of Wight CCG,31/01/2019,C&M-GMS QOF Aspiration,PRC DELEGATED CO-COMMISSIONING,EAST COWES MEDICAL CENTRE,25654520,"6,924.11"
Department of Health,NHS Isle Of Wight CCG,31/01/2019,C&M-GMS DES Minor Surgery,PRC DELEGATED CO-COMMISSIONING,ESPLANADE SURGERY,25654518,"1,000.00"
Department of Health,NHS Isle Of Wight CCG,31/01/2019,C&M-GMS Global Sum,PRC DELEGATED CO-COMMISSIONING,ESPLANADE SURGERY,25654518,"78,199.99"
Department of Health,NHS Isle Of Wight CCG,31/01/2019,C&M-GMS MPIG Correction Factor,PRC DELEGATED CO-COMMISSIONING,ESPLANADE SURGERY,25654518,510.73
Department of Health,NHS Isle Of Wight CCG,31/01/2019,C&M-GMS Prem Notional Rent,PRC DELEGATED CO-COMMISSIONING,ESPLANADE SURGERY,25654518,"2,575.00"
Department of Health,NHS Isle Of Wight CCG,31/01/2019,C&M-GMS QOF Aspiration,PRC DELEGATED CO-COMMISSIONING,ESPLANADE SURGERY,25654518,"8,514.39"
Department of Health,NHS Isle Of Wight CCG,31/01/2019,Apprenticeship Levy Payable,BALANCE SHEET,HMRC,25552311,34
Department of Health,NHS Isle Of Wight CCG,31/01/2019,Income tax <1Yr,BALANCE SHEET,HMRC,25552311,"37,252.15"
Department of Health,NHS Isle Of Wight CCG,31/01/2019,Income tax <1Yr-Student Loans,BALANCE SHEET,HMRC,25552311,212
Department of Health,NHS Isle Of Wight CCG,31/01/2019,National Insurance < 1 yr-NI- ERS,BALANCE SHEET,HMRC,25552311,"27,199.59"
Department of Health,NHS Isle Of Wight CCG,31/01/2019,National Insurance < 1 yr-NI-EES,BALANCE SHEET,HMRC,25552311,"20,347.46"
Department of Health,NHS Isle Of Wight CCG,31/01/2019,Prepymnts <1Yr-Non-NHS PeriodEndAccrual,Balance Sheet,ISLE OF WIGHT COUNCIL,25397043,"1,776,293.00"
Department of Health,NHS Isle Of Wight CCG,31/01/2019,Clinical&Medical-Othe Public Sector,LEARNING DIFFICULTIES,ISLE OF WIGHT COUNCIL,25558068,"36,728.21"
Department of Health,NHS Isle Of Wight CCG,31/01/2019,Clinical&Medical-Othe Public Sector,CHILD AND ADOLESCENT MENTAL HEALTH,ISLE OF WIGHT COUNCIL,25601481,429
Department of Health,NHS Isle Of Wight CCG,31/01/2019,Clinical&Medical-Othe Public Sector,MENTAL HEALTH SERVICES - ADULTS,ISLE OF WIGHT COUNCIL,25601481,"24,875.05"
Department of Health,NHS Isle Of Wight CCG,31/01/2019,Clinical&Medical-Othe Public Sector,MENTAL HEALTH SERVICES - OLDER PEOPLE,ISLE OF WIGHT COUNCIL,25601481,"18,991.30"
Department of Health,NHS Isle Of Wight CCG,31/01/2019,Cont Care-Learning Disab(<65),CHC ADULT FULLY FUNDED,ISLE OF WIGHT COUNCIL,25601481,"9,431.10"
Department of Health,NHS Isle Of Wight CCG,31/01/2019,Cont Care-Physical Disab (65+),CHC ADULT FULLY FUNDED,ISLE OF WIGHT COUNCIL,25601481,"14,226.14"
Department of Health,NHS Isle Of Wight CCG,31/01/2019,Hcare Srv Rec NHS Trust-Contract Baseline,PLANNED CARE,ISLE OF WIGHT NHS TRUST,25466076,"95,694.00"
Department of Health,NHS Isle Of Wight CCG,31/01/2019,NHS Payables <1Yr-Recharges In,BALANCE SHEET,ISLE OF WIGHT NHS TRUST,25493247,"11,409,655.00"
Department of Health,NHS Isle Of Wight CCG,31/01/2019,NHS Payables <1Yr-Recharges In,BALANCE SHEET,ISLE OF WIGHT NHS TRUST,25493251,"245,938.00"
Department of Health,NHS Isle Of Wight CCG,31/01/2019,NHS Payables <1Yr-Recharges In,BALANCE SHEET,ISLE OF WIGHT NHS TRUST,25493254,"44,000.00"
Department of Health,NHS Isle Of Wight CCG,31/01/2019,NHS Payables <1Yr-Recharges In,BALANCE SHEET,ISLE OF WIGHT NHS TRUST,25509669,"183,333.00"
Department of Health,NHS Isle Of Wight CCG,31/01/2019,Cont Care-Learning Disab(<65),CHC AD FULL FUND PERS HLTH BUD,LJ ACCOUNTS,25397113,"25,600.90"
Department of Health,NHS Isle Of Wight CCG,31/01/2019,Cont Care-Physical Disab (<65),CHC AD FULL FUND PERS HLTH BUD,LJ ACCOUNTS,25397164,"43,702.23"
Department of Health,NHS Isle Of Wight CCG,31/01/2019,C&M-PMS Contract Value,PRC DELEGATED CO-COMMISSIONING,MEDINA HEALTHCARE,25445088,"71,366.13"
Department of Health,NHS Isle Of Wight CCG,31/01/2019,C&M-PMS DES Extended Hours Access,PRC DELEGATED CO-COMMISSIONING,MEDINA HEALTHCARE,25445088,"4,193.30"
Department of Health,NHS Isle Of Wight CCG,31/01/2019,C&M-PMS DES Minor Surgery,PRC DELEGATED CO-COMMISSIONING,MEDINA HEALTHCARE,25445088,650
Department of Health,NHS Isle Of Wight CCG,31/01/2019,C&M-PMS Funding Differential Review,PRC DELEGATED CO-COMMISSIONING,MEDINA HEALTHCARE,25445088,"3,795.33"
Department of Health,NHS Isle Of Wight CCG,31/01/2019,C&M-PMS PCO Locum Adop/Pat/Mat,PRC DELEGATED CO-COMMISSIONING,MEDINA HEALTHCARE,25445088,"2,287.20"
Department of Health,NHS Isle Of Wight CCG,31/01/2019,C&M-PMS Prem Notional Rent,PRC DELEGATED CO-COMMISSIONING,MEDINA HEALTHCARE,25445088,"2,551.67"
Department of Health,NHS Isle Of Wight CCG,31/01/2019,C&M-PMS Prem Rates,PRC DELEGATED CO-COMMISSIONING,MEDINA HEALTHCARE,25445088,"1,942.17"
Department of Health,NHS Isle Of Wight CCG,31/01/2019,C&M-PMS QOF Aspiration,PRC DELEGATED CO-COMMISSIONING,MEDINA HEALTHCARE,25445088,"8,234.07"
Department of Health,NHS Isle Of Wight CCG,31/01/2019,Clinical&Medical-Independent Sector,COMMISSIONING - NON ACUTE,MILLBROOK HEALTHCARE LTD,25450774,"60,000.00"
Department of Health,NHS Isle Of Wight CCG,31/01/2019,Prepymnts <1Yr-Other Payments,BALANCE SHEET,NHS PROPERTY SERVICES LTD,25755840,"18,611.88"
Department of Health,NHS Isle Of Wight CCG,31/01/2019,Rent,ADMINISTRATION & BUSINESS SUPPORT,NHS PROPERTY SERVICES LTD,25755840,"4,916.39"
Department of Health,NHS Isle Of Wight CCG,31/01/2019,Rent,MEDICINES MANAGEMENT - CLINICAL,NHS PROPERTY SERVICES LTD,25755840,"1,315.47"
Department of Health,NHS Isle Of Wight CCG,31/01/2019,Rent,Nursing and Quality Programme,NHS PROPERTY SERVICES LTD,25755840,"1,315.47"
Department of Health,NHS Isle Of Wight CCG,31/01/2019,Rent,SAFEGUARDING,NHS PROPERTY SERVICES LTD,25755840,"1,315.47"
Department of Health,NHS Isle Of Wight CCG,31/01/2019,Service Charge,ADMINISTRATION & BUSINESS SUPPORT,NHS PROPERTY SERVICES LTD,25755840,245.8
Department of Health,NHS Isle Of Wight CCG,31/01/2019,Service Charge,MEDICINES MANAGEMENT - CLINICAL,NHS PROPERTY SERVICES LTD,25755840,65.78
Department of Health,NHS Isle Of Wight CCG,31/01/2019,Service Charge,Nursing and Quality Programme,NHS PROPERTY SERVICES LTD,25755840,65.78
Department of Health,NHS Isle Of Wight CCG,31/01/2019,Service Charge,SAFEGUARDING,NHS PROPERTY SERVICES LTD,25755840,65.78
Department of Health,NHS Isle Of Wight CCG,31/01/2019,Charges from CSU,ADMINISTRATION & BUSINESS SUPPORT,NHS SOUTH CENTRAL AND WEST COMMISSIONING SUPPORT UNIT,25693167,"13,170.66"
Department of Health,NHS Isle Of Wight CCG,31/01/2019,Charges from CSU,COMMISSIONING SCHEMES,NHS SOUTH CENTRAL AND WEST COMMISSIONING SUPPORT UNIT,25693167,"27,343.48"
Department of Health,NHS Isle Of Wight CCG,31/01/2019,Charges from CSU,MEDICINES MANAGEMENT - CLINICAL,NHS SOUTH CENTRAL AND WEST COMMISSIONING SUPPORT UNIT,25693167,"25,052.18"
Department of Health,NHS Isle Of Wight CCG,31/01/2019,Clinical&Medical-Independent Sector,MENTAL HEALTH SERVICES - ADULTS,NHS WEST HAMPSHIRE CCG,25775502,"1,322,250.00"
Department of Health,NHS Isle Of Wight CCG,31/01/2019,Clinical&Medical-Independent Sector,MENTAL HEALTH SERVICES - ADULTS,NHS WEST HAMPSHIRE CCG,25775530,"-1,322,250.00"
Department of Health,NHS Isle Of Wight CCG,31/01/2019,External Consultancy Fees,PRIMARY CARE DEVELOPMENT,ONE WIGHT HEALTH LTD,25744006,"36,056.00"
Department of Health,NHS Isle Of Wight CCG,31/01/2019,NHS Recbles <1Yr- CHC Risk Pool Con,BALANCE SHEET,ONE-OFF SUPPLIER,25622418,"61,895.06"
Department of Health,NHS Isle Of Wight CCG,31/01/2019,Hcare Srv Rec NHS Trust-Contract Baseline,ACUTE COMMISSIONING,PORTSMOUTH HOSPITALS NHS TRUST,25465705,"295,278.00"
Department of Health,NHS Isle Of Wight CCG,31/01/2019,Hcare Srv Rec Fdtn Trust-Contract Baseline,ACUTE COMMISSIONING,SALISBURY NHS FOUNDATION TRUST,25450274,"36,827.00"
Department of Health,NHS Isle Of Wight CCG,31/01/2019,FHSPayables,BALANCE SHEET,SANDOWN HEALTH CENTRE,25586463,"29,859.78"
Department of Health,NHS Isle Of Wight CCG,31/01/2019,C&M-GMS DES Minor Surgery,PRC DELEGATED CO-COMMISSIONING,SANDOWN HEALTH CENTRE,25654523,"4,000.00"
Department of Health,NHS Isle Of Wight CCG,31/01/2019,C&M-GMS DES Violent Patients,PRC DELEGATED CO-COMMISSIONING,SANDOWN HEALTH CENTRE,25654523,998.33
Department of Health,NHS Isle Of Wight CCG,31/01/2019,C&M-GMS Global Sum,PRC DELEGATED CO-COMMISSIONING,SANDOWN HEALTH CENTRE,25654523,"99,318.47"
Department of Health,NHS Isle Of Wight CCG,31/01/2019,C&M-GMS Prem Rates,PRC DELEGATED CO-COMMISSIONING,SANDOWN HEALTH CENTRE,25654523,"2,412.22"
Department of Health,NHS Isle Of Wight CCG,31/01/2019,C&M-GMS QOF Aspiration,PRC DELEGATED CO-COMMISSIONING,SANDOWN HEALTH CENTRE,25654523,"13,871.14"
Department of Health,NHS Isle Of Wight CCG,31/01/2019,Clinical&Medical-Independent Sector,INTERMEDIATE CARE,SCIO HEALTHCARE LTD,25413129,"-41,200.00"
Department of Health,NHS Isle Of Wight CCG,31/01/2019,Clinical&Medical-Independent Sector,INTERMEDIATE CARE,SCIO HEALTHCARE LTD,25413131,"72,628.57"
Department of Health,NHS Isle Of Wight CCG,31/01/2019,Clinical&Medical-Independent Sector,INTERMEDIATE CARE,SCIO HEALTHCARE LTD,25413139,"28,466.22"
Department of Health,NHS Isle Of Wight CCG,31/01/2019,Clinical&Medical-Independent Sector,INTERMEDIATE CARE,SCIO HEALTHCARE LTD,25413151,"54,471.42"
Department of Health,NHS Isle Of Wight CCG,31/01/2019,Clinical&Medical-Independent Sector,INTERMEDIATE CARE,SCIO HEALTHCARE LTD,25450492,"54,471.43"
Department of Health,NHS Isle Of Wight CCG,31/01/2019,FHSPayables,BALANCE SHEET,SHANKLIN MEDICAL CENTRE,25586468,"37,998.75"
Department of Health,NHS Isle Of Wight CCG,31/01/2019,C&M-GMS DES Minor Surgery,PRC DELEGATED CO-COMMISSIONING,SHANKLIN MEDICAL CENTRE,25654525,"2,416.67"
Department of Health,NHS Isle Of Wight CCG,31/01/2019,C&M-GMS Global Sum,PRC DELEGATED CO-COMMISSIONING,SHANKLIN MEDICAL CENTRE,25654525,"102,585.05"
Department of Health,NHS Isle Of Wight CCG,31/01/2019,C&M-GMS PCO Locum Adop/Pat/Mat,PRC DELEGATED CO-COMMISSIONING,SHANKLIN MEDICAL CENTRE,25654525,"7,006.08"
Department of Health,NHS Isle Of Wight CCG,31/01/2019,C&M-GMS Prem Notional Rent,PRC DELEGATED CO-COMMISSIONING,SHANKLIN MEDICAL CENTRE,25654525,"2,931.67"
Department of Health,NHS Isle Of Wight CCG,31/01/2019,C&M-GMS Prem Rates,PRC DELEGATED CO-COMMISSIONING,SHANKLIN MEDICAL CENTRE,25654525,686.16
Department of Health,NHS Isle Of Wight CCG,31/01/2019,C&M-GMS QOF Aspiration,PRC DELEGATED CO-COMMISSIONING,SHANKLIN MEDICAL CENTRE,25654525,"12,370.35"
Department of Health,NHS Isle Of Wight CCG,31/01/2019,C&M-GMS Cost of Drugs -Prescribing,LOCAL ENHANCED SERVICES,SHANKLIN MEDICAL CENTRE,25725577,"24,032.65"
Department of Health,NHS Isle Of Wight CCG,31/01/2019,C&M-GMS Prof Fees Prescribing,PRC DELEGATED CO-COMMISSIONING,SHANKLIN MEDICAL CENTRE,25725577,"4,631.14"
Department of Health,NHS Isle Of Wight CCG,31/01/2019,C&M-GMS DES Minor Surgery,PRC DELEGATED CO-COMMISSIONING,SOUTH WIGHT MEDICAL PRACTICE,25654527,833.33
Department of Health,NHS Isle Of Wight CCG,31/01/2019,C&M-GMS Global Sum,PRC DELEGATED CO-COMMISSIONING,SOUTH WIGHT MEDICAL PRACTICE,25654527,"57,000.72"
Department of Health,NHS Isle Of Wight CCG,31/01/2019,C&M-GMS MPIG Correction Factor,PRC DELEGATED CO-COMMISSIONING,SOUTH WIGHT MEDICAL PRACTICE,25654527,"1,442.67"
Department of Health,NHS Isle Of Wight CCG,31/01/2019,C&M-GMS PCO Locum Sickness,PRC DELEGATED CO-COMMISSIONING,SOUTH WIGHT MEDICAL PRACTICE,25654527,"3,503.04"
Department of Health,NHS Isle Of Wight CCG,31/01/2019,C&M-GMS Prem Notional Rent,PRC DELEGATED CO-COMMISSIONING,SOUTH WIGHT MEDICAL PRACTICE,25654527,"2,865.83"
Department of Health,NHS Isle Of Wight CCG,31/01/2019,C&M-GMS Prem Rates,PRC DELEGATED CO-COMMISSIONING,SOUTH WIGHT MEDICAL PRACTICE,25654527,"1,408.08"
Department of Health,NHS Isle Of Wight CCG,31/01/2019,C&M-GMS QOF Aspiration,PRC DELEGATED CO-COMMISSIONING,SOUTH WIGHT MEDICAL PRACTICE,25654527,"5,411.51"
Department of Health,NHS Isle Of Wight CCG,31/01/2019,C&M-GMS Cost of Drugs -Dispensing,LOCAL ENHANCED SERVICES,SOUTH WIGHT MEDICAL PRACTICE,25725578,"-80,120.56"
Department of Health,NHS Isle Of Wight CCG,31/01/2019,C&M-GMS PrscChrgsCll&RmttdbyGPCntra,PRC DELEGATED CO-COMMISSIONING,SOUTH WIGHT MEDICAL PRACTICE,25725578,"-2,200.00"
Department of Health,NHS Isle Of Wight CCG,31/01/2019,C&M-GMS Cost of Drugs -Dispensing,LOCAL ENHANCED SERVICES,SOUTH WIGHT MEDICAL PRACTICE,25725579,"141,354.60"
Department of Health,NHS Isle Of Wight CCG,31/01/2019,C&M-GMS Prof Fees Dispensing,PRC DELEGATED CO-COMMISSIONING,SOUTH WIGHT MEDICAL PRACTICE,25725579,"30,562.28"
Department of Health,NHS Isle Of Wight CCG,31/01/2019,C&M-GMS PrscrptnChrgsColl&RmttdbyGP,LOCAL ENHANCED SERVICES,SOUTH WIGHT MEDICAL PRACTICE,25725579,"2,200.00"
Department of Health,NHS Isle Of Wight CCG,31/01/2019,Hcare Srv Rec Fdtn Trust-Contract Baseline,ACUTE COMMISSIONING,SOUTHAMPTON UNIVERSITY HOSPITALS NHS FOUNDATION TRUST,25450247,"485,212.00"
Department of Health,NHS Isle Of Wight CCG,31/01/2019,Clinical&Medical-Independent Sector,PLANNED CARE,SPIRE HEALTHCARE LTD,25450472,"45,325.00"
Department of Health,NHS Isle Of Wight CCG,31/01/2019,C&M-GMS DES Extended Hours Access,PRC DELEGATED CO-COMMISSIONING,ST HELENS MEDICAL CENTRE,25654529,"2,980.15"
Department of Health,NHS Isle Of Wight CCG,31/01/2019,C&M-GMS DES Minor Surgery,PRC DELEGATED CO-COMMISSIONING,ST HELENS MEDICAL CENTRE,25654529,"1,000.00"
Department of Health,NHS Isle Of Wight CCG,31/01/2019,C&M-GMS Global Sum,PRC DELEGATED CO-COMMISSIONING,ST HELENS MEDICAL CENTRE,25654529,"57,354.61"
Department of Health,NHS Isle Of Wight CCG,31/01/2019,C&M-GMS Prem Notional Rent,PRC DELEGATED CO-COMMISSIONING,ST HELENS MEDICAL CENTRE,25654529,"3,638.33"
Department of Health,NHS Isle Of Wight CCG,31/01/2019,C&M-GMS QOF Aspiration,PRC DELEGATED CO-COMMISSIONING,ST HELENS MEDICAL CENTRE,25654529,"6,513.96"
Department of Health,NHS Isle Of Wight CCG,31/01/2019,Clinical&Medical-Independent Sector,COMMISSIONING - NON ACUTE,TICCS,25450805,"51,535.00"
Department of Health,NHS Isle Of Wight CCG,31/01/2019,C&M-PMS Contract Value,PRC DELEGATED CO-COMMISSIONING,TOWER HOUSE SURGERY RYDE,25445090,"90,824.83"
Department of Health,NHS Isle Of Wight CCG,31/01/2019,C&M-PMS DES Extended Hours Access,PRC DELEGATED CO-COMMISSIONING,TOWER HOUSE SURGERY RYDE,25445090,"5,629.23"
Department of Health,NHS Isle Of Wight CCG,31/01/2019,C&M-PMS DES Minor Surgery,PRC DELEGATED CO-COMMISSIONING,TOWER HOUSE SURGERY RYDE,25445090,900
Department of Health,NHS Isle Of Wight CCG,31/01/2019,C&M-PMS Funding Differential Review,PRC DELEGATED CO-COMMISSIONING,TOWER HOUSE SURGERY RYDE,25445090,"2,520.42"
Department of Health,NHS Isle Of Wight CCG,31/01/2019,C&M-PMS Out of Hours Opt Outs,PRC DELEGATED CO-COMMISSIONING,TOWER HOUSE SURGERY RYDE,25445090,9.6
Department of Health,NHS Isle Of Wight CCG,31/01/2019,C&M-PMS Prem Rates,PRC DELEGATED CO-COMMISSIONING,TOWER HOUSE SURGERY RYDE,25445090,"2,223.68"
Department of Health,NHS Isle Of Wight CCG,31/01/2019,C&M-PMS QOF Aspiration,PRC DELEGATED CO-COMMISSIONING,TOWER HOUSE SURGERY RYDE,25445090,"9,348.30"
Department of Health,NHS Isle Of Wight CCG,31/01/2019,C&M-GP PRACTICE REVENUE - PCTF,GP FORWARD VIEW,TOWER HOUSE SURGERY RYDE,25509674,"43,925.40"
Department of Health,NHS Isle Of Wight CCG,31/01/2019,C&M-GMS DES Minor Surgery,PRC DELEGATED CO-COMMISSIONING,VENTNOR MEDICAL CENTRE,25654531,"1,250.00"
Department of Health,NHS Isle Of Wight CCG,31/01/2019,C&M-GMS Global Sum,PRC DELEGATED CO-COMMISSIONING,VENTNOR MEDICAL CENTRE,25654531,"41,770.45"
Department of Health,NHS Isle Of Wight CCG,31/01/2019,C&M-GMS Prem Cost Rent,PRC DELEGATED CO-COMMISSIONING,VENTNOR MEDICAL CENTRE,25654531,"2,402.75"
Department of Health,NHS Isle Of Wight CCG,31/01/2019,C&M-GMS Prem Notional Rent,PRC DELEGATED CO-COMMISSIONING,VENTNOR MEDICAL CENTRE,25654531,820.83
Department of Health,NHS Isle Of Wight CCG,31/01/2019,C&M-GMS QOF Aspiration,PRC DELEGATED CO-COMMISSIONING,VENTNOR MEDICAL CENTRE,25654531,"4,176.46"
Department of Health,NHS Isle Of Wight CCG,31/01/2019,Cont Care- Palliative Care,CHC ADULT FULLY FUNDED,WARD HOUSE LTD,25397471,"3,602.82"
Department of Health,NHS Isle Of Wight CCG,31/01/2019,Cont Care-Mental Health (<65),CHC ADULT FULLY FUNDED,WARD HOUSE LTD,25397471,"3,602.82"
Department of Health,NHS Isle Of Wight CCG,31/01/2019,Cont Care-Physical Disab (65+),CHC ADULT FULLY FUNDED,WARD HOUSE LTD,25397471,"18,014.10"
Department of Health,NHS Isle Of Wight CCG,31/01/2019,Cont Care-Physical Disab (<65),CHC ADULT FULLY FUNDED,WARD HOUSE LTD,25397471,"7,205.64"
