Date,Supplier,AP Amount (�),Purchase invoice number
31/05/2018,ACTIVE ASSISTANCE,"26,077.39",131106
31/05/2018,ACTIVE ASSISTANCE,"-26,077.39",131587
31/05/2018,ACTIVE ASSISTANCE,"43,927.50",131434
31/05/2018,ADAM HTT LTD T/A ADAM,"7,459.37",SI9415
31/05/2018,ADAM HTT LTD T/A ADAM,"90,867.39",SI9415
31/05/2018,ADAM HTT LTD T/A ADAM,"20,938.08",SI9415
31/05/2018,ADAM HTT LTD T/A ADAM,"187,182.09",SI9415
31/05/2018,ADAM HTT LTD T/A ADAM,756,SI9415
31/05/2018,ADAM HTT LTD T/A ADAM,373.74,SI9415
31/05/2018,ADAM HTT LTD T/A ADAM,"216,919.12",SI9415
31/05/2018,ADAM HTT LTD T/A ADAM,"235,268.42",SI9415
31/05/2018,ADAM HTT LTD T/A ADAM,"84,916.41",SI9415
31/05/2018,ADAM HTT LTD T/A ADAM,"15,822.03",SI9415
31/05/2018,ADAM HTT LTD T/A ADAM,"7,649.84",SI9452
31/05/2018,ADAM HTT LTD T/A ADAM,"73,587.65",SI9452
31/05/2018,ADAM HTT LTD T/A ADAM,"28,784.84",SI9452
31/05/2018,ADAM HTT LTD T/A ADAM,"149,363.67",SI9452
31/05/2018,ADAM HTT LTD T/A ADAM,756,SI9452
31/05/2018,ADAM HTT LTD T/A ADAM,"159,388.13",SI9452
31/05/2018,ADAM HTT LTD T/A ADAM,"167,021.09",SI9452
31/05/2018,ADAM HTT LTD T/A ADAM,"124,271.90",SI9452
31/05/2018,ADAM HTT LTD T/A ADAM,"13,595.17",SI9452
31/05/2018,ADAM HTT LTD T/A ADAM,"5,308.40",SI9483
31/05/2018,ADAM HTT LTD T/A ADAM,"98,483.51",SI9483
31/05/2018,ADAM HTT LTD T/A ADAM,"61,736.19",SI9483
31/05/2018,ADAM HTT LTD T/A ADAM,"186,965.46",SI9483
31/05/2018,ADAM HTT LTD T/A ADAM,756,SI9483
31/05/2018,ADAM HTT LTD T/A ADAM,"147,633.06",SI9483
31/05/2018,ADAM HTT LTD T/A ADAM,"164,582.38",SI9483
31/05/2018,ADAM HTT LTD T/A ADAM,"69,209.15",SI9483
31/05/2018,ADAM HTT LTD T/A ADAM,"13,346.37",SI9483
31/05/2018,ADAM HTT LTD T/A ADAM,"4,674.46",SI9542
31/05/2018,ADAM HTT LTD T/A ADAM,"135,467.24",SI9542
31/05/2018,ADAM HTT LTD T/A ADAM,"37,040.02",SI9542
31/05/2018,ADAM HTT LTD T/A ADAM,"147,309.15",SI9542
31/05/2018,ADAM HTT LTD T/A ADAM,756,SI9542
31/05/2018,ADAM HTT LTD T/A ADAM,"133,001.52",SI9542
31/05/2018,ADAM HTT LTD T/A ADAM,"121,806.30",SI9542
31/05/2018,ADAM HTT LTD T/A ADAM,"70,239.31",SI9542
31/05/2018,ADAM HTT LTD T/A ADAM,"16,595.32",SI9542
31/05/2018,ADAM HTT LTD T/A ADAM,"6,350.65",SI9557
31/05/2018,ADAM HTT LTD T/A ADAM,"123,912.19",SI9557
31/05/2018,ADAM HTT LTD T/A ADAM,"65,024.20",SI9557
31/05/2018,ADAM HTT LTD T/A ADAM,"173,398.12",SI9557
31/05/2018,ADAM HTT LTD T/A ADAM,756,SI9557
31/05/2018,ADAM HTT LTD T/A ADAM,"234,887.05",SI9557
31/05/2018,ADAM HTT LTD T/A ADAM,"247,966.85",SI9557
31/05/2018,ADAM HTT LTD T/A ADAM,"82,526.85",SI9557
31/05/2018,ADAM HTT LTD T/A ADAM,"15,259.72",SI9557
31/05/2018,ALPHA HEALTH CARE LTD,"27,634.32",81426
31/05/2018,ASTLEY CARE HOMES LTD,"39,857.14",322
31/05/2018,BARTS HEALTH NHS TRUST,"37,129.13",331607
31/05/2018,BURTON HOSPITALS NHS FOUNDATION TRUST,"30,839.00",IN122085
31/05/2018,COMPLETE CARE HOLDINGS LTD,"26,040.72",CG8870
31/05/2018,COMPLETE CARE HOLDINGS LTD,"25,172.13",CG8138A
31/05/2018,DANSHELL HEALTHCARE LTD,"27,864.00",15194
31/05/2018,DERBYSHIRE COUNTY COUNCIL,"51,924.90",1.0002E+17
31/05/2018,DERBYSHIRE COUNTY COUNCIL,"25,457.14",1.0002E+17
31/05/2018,DR A J HUSSELBEE & PARTNERS,"1,685.46",ST000049962
31/05/2018,DR A J HUSSELBEE & PARTNERS,840,ST000049962
31/05/2018,DR A J HUSSELBEE & PARTNERS,"9,070.79",ST000049962
31/05/2018,DR A J HUSSELBEE & PARTNERS,"82,315.88",ST000049962
31/05/2018,DR A J HUSSELBEE & PARTNERS,"2,034.28",ST000049962
31/05/2018,DR A J HUSSELBEE & PARTNERS,"16,546.70",ST000049962
31/05/2018,DR A J HUSSELBEE & PARTNERS,"38,417.14",ST000049962
31/05/2018,DR A J HUSSELBEE & PARTNERS,"8,489.18",ST000049962
31/05/2018,DR A J HUSSELBEE & PARTNERS,"-32,679.44",ST000050220
31/05/2018,DR A J HUSSELBEE & PARTNERS,-989,ST000050220
31/05/2018,DR A J HUSSELBEE & PARTNERS,"57,469.56",ST000050221
31/05/2018,DR A J HUSSELBEE & PARTNERS,"11,360.70",ST000050221
31/05/2018,DR A J HUSSELBEE & PARTNERS,989,ST000050221
31/05/2018,DR AE GROCOTT & PARTNERS,"1,559.43",ST000049960
31/05/2018,DR AE GROCOTT & PARTNERS,355.61,ST000049960
31/05/2018,DR AE GROCOTT & PARTNERS,"71,999.33",ST000049960
31/05/2018,DR AE GROCOTT & PARTNERS,587.72,ST000049960
31/05/2018,DR AE GROCOTT & PARTNERS,"2,190.39",ST000049960
31/05/2018,DR AE GROCOTT & PARTNERS,"58,470.00",ST000049960
31/05/2018,DR AE GROCOTT & PARTNERS,"35,715.27",ST000049960
31/05/2018,DR AE GROCOTT & PARTNERS,"7,522.70",ST000049960
31/05/2018,DR CN BARNES & PARTNERS,-5.38,ST000049969
31/05/2018,DR CN BARNES & PARTNERS,"-3,962.20",ST000049969
31/05/2018,DR CN BARNES & PARTNERS,-373.6,ST000049969
31/05/2018,DR CN BARNES & PARTNERS,-710.5,ST000049969
31/05/2018,DR CN BARNES & PARTNERS,"-14,119.42",ST000049969
31/05/2018,DR CN BARNES & PARTNERS,-54.02,ST000049969
31/05/2018,DR CN BARNES & PARTNERS,-375.67,ST000049969
31/05/2018,DR CN BARNES & PARTNERS,"-4,143.75",ST000049969
31/05/2018,DR CN BARNES & PARTNERS,"-4,469.79",ST000049969
31/05/2018,DR CN BARNES & PARTNERS,"1,712.06",ST000049970
31/05/2018,DR CN BARNES & PARTNERS,"7,700.00",ST000049970
31/05/2018,DR CN BARNES & PARTNERS,"1,121.16",ST000049970
31/05/2018,DR CN BARNES & PARTNERS,"76,103.54",ST000049970
31/05/2018,DR CN BARNES & PARTNERS,"2,097.58",ST000049970
31/05/2018,DR CN BARNES & PARTNERS,"2,131.58",ST000049970
31/05/2018,DR CN BARNES & PARTNERS,"5,516.67",ST000049970
31/05/2018,DR CN BARNES & PARTNERS,"9,855.90",ST000049970
31/05/2018,DR D J MUNSLOW & PARTNERS,"1,114.98",ST000049964
31/05/2018,DR D J MUNSLOW & PARTNERS,560,ST000049964
31/05/2018,DR D J MUNSLOW & PARTNERS,"46,362.07",ST000049964
31/05/2018,DR D J MUNSLOW & PARTNERS,"1,313.54",ST000049964
31/05/2018,DR D J MUNSLOW & PARTNERS,"4,047.58",ST000049964
31/05/2018,DR D J MUNSLOW & PARTNERS,"4,022.17",ST000049964
31/05/2018,DR D J MUNSLOW & PARTNERS,"22,219.61",ST000049964
31/05/2018,DR D J MUNSLOW & PARTNERS,"5,100.15",ST000049964
31/05/2018,DR DE MERRIOTT & PARTNERS,"1,322.08",ST000049966
31/05/2018,DR DE MERRIOTT & PARTNERS,"65,137.53",ST000049966
31/05/2018,DR DE MERRIOTT & PARTNERS,"1,612.56",ST000049966
31/05/2018,DR DE MERRIOTT & PARTNERS,298.08,ST000049966
31/05/2018,DR DE MERRIOTT & PARTNERS,"3,119.31",ST000049966
31/05/2018,DR DE MERRIOTT & PARTNERS,653.75,ST000049966
31/05/2018,DR DE MERRIOTT & PARTNERS,"7,261.96",ST000049966
31/05/2018,DR DE MERRIOTT & PARTNERS,"-53,477.74",ST000050222
31/05/2018,DR DE MERRIOTT & PARTNERS,"-2,416.60",ST000050222
31/05/2018,DR DE MERRIOTT & PARTNERS,"94,028.36",ST000050223
31/05/2018,DR DE MERRIOTT & PARTNERS,"17,658.86",ST000050223
31/05/2018,DR DE MERRIOTT & PARTNERS,"2,416.60",ST000050223
31/05/2018,DR DR HAIG-FERGUSON & PARTNERS,"69,309.16",ST000049749
31/05/2018,DR DR HAIG-FERGUSON & PARTNERS,"1,459.99",ST000049749
31/05/2018,DR DR HAIG-FERGUSON & PARTNERS,792.38,ST000049749
31/05/2018,DR DR HAIG-FERGUSON & PARTNERS,"1,809.63",ST000049749
31/05/2018,DR DR HAIG-FERGUSON & PARTNERS,"15,603.65",ST000049749
31/05/2018,DR DR HAIG-FERGUSON & PARTNERS,"7,263.41",ST000049749
31/05/2018,DR E J ALBRIGHT & PARTNERS,"1,671.37",ST000049968
31/05/2018,DR E J ALBRIGHT & PARTNERS,"1,327.97",ST000049968
31/05/2018,DR E J ALBRIGHT & PARTNERS,"70,354.21",ST000049968
31/05/2018,DR E J ALBRIGHT & PARTNERS,"2,057.20",ST000049968
31/05/2018,DR E J ALBRIGHT & PARTNERS,"5,880.67",ST000049968
31/05/2018,DR E J ALBRIGHT & PARTNERS,"43,114.33",ST000049968
31/05/2018,DR E J ALBRIGHT & PARTNERS,240.84,ST000049968
31/05/2018,DR E J ALBRIGHT & PARTNERS,"34,904.89",ST000049968
31/05/2018,DR E J ALBRIGHT & PARTNERS,"8,134.71",ST000049968
31/05/2018,DR IC GREAVES & PARTNERS,"95,492.51",ST000049751
31/05/2018,DR IC GREAVES & PARTNERS,"1,278.23",ST000049751
31/05/2018,DR IC GREAVES & PARTNERS,280,ST000049751
31/05/2018,DR IC GREAVES & PARTNERS,939.74,ST000049751
31/05/2018,DR IC GREAVES & PARTNERS,"1,565.76",ST000049751
31/05/2018,DR IC GREAVES & PARTNERS,"82,576.07",ST000049751
31/05/2018,DR IC GREAVES & PARTNERS,"2,761.73",ST000049751
31/05/2018,DR IC GREAVES & PARTNERS,"22,472.61",ST000049751
31/05/2018,DR IC GREAVES & PARTNERS,"6,100.85",ST000049751
31/05/2018,DR IC GREAVES & PARTNERS,"-40,141.84",ST000050224
31/05/2018,DR IC GREAVES & PARTNERS,"-1,978.00",ST000050224
31/05/2018,DR IC GREAVES & PARTNERS,"72,224.93",ST000050225
31/05/2018,DR IC GREAVES & PARTNERS,"12,053.28",ST000050225
31/05/2018,DR IC GREAVES & PARTNERS,"1,978.00",ST000050225
31/05/2018,DR JK EAMES & PARTNERS,"2,254.66",ST000049972
31/05/2018,DR JK EAMES & PARTNERS,420,ST000049972
31/05/2018,DR JK EAMES & PARTNERS,888.94,ST000049972
31/05/2018,DR JK EAMES & PARTNERS,"102,793.12",ST000049972
31/05/2018,DR JK EAMES & PARTNERS,"2,692.13",ST000049972
31/05/2018,DR JK EAMES & PARTNERS,266.67,ST000049972
31/05/2018,DR JK EAMES & PARTNERS,"5,906.83",ST000049972
31/05/2018,DR JK EAMES & PARTNERS,"50,826.40",ST000049972
31/05/2018,DR JK EAMES & PARTNERS,"11,679.30",ST000049972
31/05/2018,DR JK EAMES & PARTNERS,691.9,ST000049972
31/05/2018,DR JK EAMES & PARTNERS,247.24,ST000049972
31/05/2018,DR JM BLAND & PARTNERS,"65,153.69",ST000049753
31/05/2018,DR JM BLAND & PARTNERS,"1,248.62",ST000049753
31/05/2018,DR JM BLAND & PARTNERS,500.72,ST000049753
31/05/2018,DR JM BLAND & PARTNERS,"1,463.63",ST000049753
31/05/2018,DR JM BLAND & PARTNERS,"2,730.42",ST000049753
31/05/2018,DR JM BLAND & PARTNERS,"1,292.65",ST000049753
31/05/2018,DR JM BLAND & PARTNERS,323.99,ST000049753
31/05/2018,DR JM BLAND & PARTNERS,"15,625.79",ST000049753
31/05/2018,DR JM BLAND & PARTNERS,"5,669.76",ST000049753
31/05/2018,DR JM BLAND & PARTNERS,"-41,063.76",ST000050226
31/05/2018,DR JM BLAND & PARTNERS,"-3,835.40",ST000050226
31/05/2018,DR JM BLAND & PARTNERS,"81,252.61",ST000050227
31/05/2018,DR JM BLAND & PARTNERS,"13,464.45",ST000050227
31/05/2018,DR JM BLAND & PARTNERS,"3,835.40",ST000050227
31/05/2018,DR MDMACKINNON & PARTNERS,"91,941.34",ST000049974
31/05/2018,DR MDMACKINNON & PARTNERS,"2,413.30",ST000049974
31/05/2018,DR MDMACKINNON & PARTNERS,729,ST000049974
31/05/2018,DR MDMACKINNON & PARTNERS,"3,645.67",ST000049974
31/05/2018,DR MDMACKINNON & PARTNERS,101,ST000049974
31/05/2018,DR MDMACKINNON & PARTNERS,"41,567.52",ST000049974
31/05/2018,DR MDMACKINNON & PARTNERS,"8,293.35",ST000049974
31/05/2018,DR P GLENNON & PARTNERS,"1,902.21",ST000049980
31/05/2018,DR P GLENNON & PARTNERS,"1,088.50",ST000049980
31/05/2018,DR P GLENNON & PARTNERS,"78,652.38",ST000049980
31/05/2018,DR P GLENNON & PARTNERS,710.62,ST000049980
31/05/2018,DR P GLENNON & PARTNERS,"2,190.39",ST000049980
31/05/2018,DR P GLENNON & PARTNERS,"16,829.00",ST000049980
31/05/2018,DR P GLENNON & PARTNERS,"55,628.42",ST000049980
31/05/2018,DR P GLENNON & PARTNERS,"9,900.30",ST000049980
31/05/2018,DR RS LLOYD & PARTNERS,"3,053.46",ST000049976
31/05/2018,DR RS LLOYD & PARTNERS,"1,669.03",ST000049976
31/05/2018,DR RS LLOYD & PARTNERS,"118,535.18",ST000049976
31/05/2018,DR RS LLOYD & PARTNERS,"3,703.53",ST000049976
31/05/2018,DR RS LLOYD & PARTNERS,"12,194.08",ST000049976
31/05/2018,DR RS LLOYD & PARTNERS,"5,054.17",ST000049976
31/05/2018,DR RS LLOYD & PARTNERS,952.87,ST000049976
31/05/2018,DR RS LLOYD & PARTNERS,"54,406.67",ST000049976
31/05/2018,DR RS LLOYD & PARTNERS,"12,073.56",ST000049976
31/05/2018,DRBRHODGKINSON & PARTNERS,-361.78,ST000049977
31/05/2018,DRBRHODGKINSON & PARTNERS,"-5,528.00",ST000049977
31/05/2018,DRBRHODGKINSON & PARTNERS,-180,ST000049977
31/05/2018,DRBRHODGKINSON & PARTNERS,"-12,665.07",ST000049977
31/05/2018,DRBRHODGKINSON & PARTNERS,-52.31,ST000049977
31/05/2018,DRBRHODGKINSON & PARTNERS,"-4,157.31",ST000049977
31/05/2018,DRBRHODGKINSON & PARTNERS,"-4,896.63",ST000049977
31/05/2018,DRBRHODGKINSON & PARTNERS,"1,671.06",ST000049978
31/05/2018,DRBRHODGKINSON & PARTNERS,"1,680.00",ST000049978
31/05/2018,DRBRHODGKINSON & PARTNERS,"1,763.41",ST000049978
31/05/2018,DRBRHODGKINSON & PARTNERS,"71,114.92",ST000049978
31/05/2018,DRBRHODGKINSON & PARTNERS,761.44,ST000049978
31/05/2018,DRBRHODGKINSON & PARTNERS,"2,031.18",ST000049978
31/05/2018,DRBRHODGKINSON & PARTNERS,"8,619.16",ST000049978
31/05/2018,DRBRHODGKINSON & PARTNERS,"40,085.03",ST000049978
31/05/2018,DRBRHODGKINSON & PARTNERS,"7,477.40",ST000049978
31/05/2018,ELYSIUM HEALTHCARE LTD,"26,685.90",WDH00168
31/05/2018,ELYSIUM HEALTHCARE LTD,"39,286.80",WDH00167
31/05/2018,E-ZEC MEDICAL TRANSPORT SERVICES LTD,"61,916.58",114582
31/05/2018,GP FIRST LTD,"49,545.00",GPF318
31/05/2018,HEALTH HARMONIE LTD,"48,516.83",2329
31/05/2018,HMRC,61,475PY004446041901
31/05/2018,HMRC,"95,410.80",475PY004446041901
31/05/2018,HMRC,"1,010.00",475PY004446041901
31/05/2018,HMRC,"28,111.12",475PY004446041901
31/05/2018,HMRC,"20,771.82",475PY004446041901
31/05/2018,HMRC,-534.28,475PY004446041901
31/05/2018,HYDE LEA NURSING HOMES LTD,"27,457.01",6488
31/05/2018,NHS MIDLANDS AND LANCASHIRE CSU,"-9,789.61",7312310328
31/05/2018,NHS MIDLANDS AND LANCASHIRE CSU,"-6,267.30",7312310328
31/05/2018,NHS MIDLANDS AND LANCASHIRE CSU,"-55,395.75",7312310328
31/05/2018,NHS MIDLANDS AND LANCASHIRE CSU,"-8,987.18",7312310328
31/05/2018,NHS MIDLANDS AND LANCASHIRE CSU,"9,789.61",7312310357
31/05/2018,NHS MIDLANDS AND LANCASHIRE CSU,"6,267.30",7312310357
31/05/2018,NHS MIDLANDS AND LANCASHIRE CSU,"55,395.75",7312310357
31/05/2018,NHS MIDLANDS AND LANCASHIRE CSU,"8,987.18",7312310357
31/05/2018,NHS MIDLANDS AND LANCASHIRE CSU,"9,789.61",7312310143
31/05/2018,NHS MIDLANDS AND LANCASHIRE CSU,"6,267.30",7312310143
31/05/2018,NHS MIDLANDS AND LANCASHIRE CSU,"55,395.75",7312310143
31/05/2018,NHS MIDLANDS AND LANCASHIRE CSU,"8,987.18",7312310143
31/05/2018,NHS MIDLANDS AND LANCASHIRE CSU,"9,789.61",7312310286
31/05/2018,NHS MIDLANDS AND LANCASHIRE CSU,"6,267.30",7312310286
31/05/2018,NHS MIDLANDS AND LANCASHIRE CSU,"55,395.75",7312310286
31/05/2018,NHS MIDLANDS AND LANCASHIRE CSU,"8,987.18",7312310286
31/05/2018,NHS MIDLANDS AND LANCASHIRE CSU,"59,457.80",7312310311
31/05/2018,NORTH STAFFORDSHIRE COMBINED HEALTHCARE NHS TRUST,"26,917.00",49345
31/05/2018,NORTH STAFFORDSHIRE COMBINED HEALTHCARE NHS TRUST,"32,265.08",49247
31/05/2018,NUFFIELD HEALTH,"27,362.00",NL003001
31/05/2018,NUFFIELD HEALTH,"27,362.00",NL003004
31/05/2018,ROBERT JONES & AGNES HUNT ORTHOPAEDIC HOSPITAL NHS TRUST,"64,244.75",20098550
31/05/2018,ROWLEY HALL HOSPITAL,"467,126.67",ROWLEYSS0518
31/05/2018,ROYAL WOLVERHAMPTON HOSPITALS NHS TRUST (THE),"1,417,321.00",217322
31/05/2018,SAASOFT LTD,"42,000.00",394
31/05/2018,SHREWSBURY&TELFORD HOSPITAL NHS TRUST,"133,774.00",10125803
31/05/2018,SOUTH STAFFORDSHIRE AND SHROPSHIRE HEALTHCARE NHS TRUST,"1,042,721.00",I0072925
31/05/2018,SOUTH STAFFORDSHIRE AND SHROPSHIRE HEALTHCARE NHS TRUST,"35,403.00",I0072927
31/05/2018,SOUTH STAFFORDSHIRE AND SHROPSHIRE HEALTHCARE NHS TRUST,"-35,403.00",C0008450
31/05/2018,STAFFORDSHIRE AND STOKE ON TRENT PARTNERSHIP NHS TRUST,"126,420.00",51368081
31/05/2018,STAFFORDSHIRE AND STOKE ON TRENT PARTNERSHIP NHS TRUST,"100,000.00",51368086
31/05/2018,STAFFORDSHIRE AND STOKE ON TRENT PARTNERSHIP NHS TRUST,"832,259.08",S0000219
31/05/2018,STAFFORDSHIRE AND STOKE ON TRENT PARTNERSHIP NHS TRUST,"33,602.14",51361972
31/05/2018,STAFFORDSHIRE COUNTY COUNCIL,"28,135.03",1000010410
31/05/2018,STARFISH HEALTH & WELLBEING,"66,781.83",97
31/05/2018,UNIVERSITY HOSPITALS BIRMINGHAM NHS FOUNDATION TRUST,"49,605.00",OPU001585
31/05/2018,UNIVERSITY HOSPITALS OF NORTH MIDLANDS NHS TRUST,"14,870,000.00",I0003378
31/05/2018,UNIVERSITY HOSPITALS OF NORTH MIDLANDS NHS TRUST,"5,271,057.33",I0004065
31/05/2018,UNIVERSITY HOSPITALS OF NORTH MIDLANDS NHS TRUST,"128,029.67",I0004098
31/05/2018,UNIVERSITY HOSPITALS OF NORTH MIDLANDS NHS TRUST,"99,539.00",I0003326
31/05/2018,UNIVERSITY HOSPITALS OF NORTH MIDLANDS NHS TRUST,"-99,539.00",C0000231
31/05/2018,UNIVERSITY HOSPITALS OF NORTH MIDLANDS NHS TRUST,"5,615,482.00",I0004943
31/05/2018,UNIVERSITY HOSPITALS OF NORTH MIDLANDS NHS TRUST,"134,313.00",I0004975
31/05/2018,WALSALL HEALTHCARE NHS TRUST,"11,839.57",C044318
31/05/2018,WALSALL HEALTHCARE NHS TRUST,"58,261.43",C044318
31/05/2018,WEST MIDLANDS AMBULANCE SERVICE NHS FOUNDATION TRUST,"26,576.00",B0001400
31/05/2018,WEST MIDLANDS AMBULANCE SERVICE NHS FOUNDATION TRUST,"487,117.58",A0003329
