Department family,Entity,Date,Expense Type,Expense area,Supplier,Transaction number,AP Amount (�),Purchase invoice number
Department of Health,NHS North East Lincolnshire CCG,30/11/2018,Hcare Srv Rec Fdtn Trust-Contract Baseline,ACUTE COMMISSIONING,NORTHERN LINCOLNSHIRE AND GOOLE HOSPITALS NHS FOUNDATION TRUST,24548658,"8,450,000.00 ",2400021310
Department of Health,NHS North East Lincolnshire CCG,30/11/2018,Clinical&Medical-Independent Sector,OUT OF HOURS,CORE CARE LINKS,24548800,"30,430.00 ",1016
Department of Health,NHS North East Lincolnshire CCG,30/11/2018,Hcare Srv Rec Fdtn Trust-Contract Baseline,ACUTE COMMISSIONING,SHEFFIELD CHILDRENS NHS FOUNDATION TRUST,24571214,"37,663.11 ",2100196116
Department of Health,NHS North East Lincolnshire CCG,30/11/2018,Hcare Srv Rec NHS Trust-Contract Baseline,ACUTE COMMISSIONING,UNITED LINCOLNSHIRE HOSPITALS NHS TRUST,24571250,"30,243.11 ",0000194793
Department of Health,NHS North East Lincolnshire CCG,30/11/2018,Hcare Srv Rec NHS Trust-Contract Baseline,ACUTE COMMISSIONING,LEEDS TEACHING HOSPITALS NHS TRUST,24571251,"37,435.00 ",1410106484
Department of Health,NHS North East Lincolnshire CCG,30/11/2018,Clinical&Medical-Independent Sector,COMMUNITY SERVICES,YARBOROUGH CLEE CARE LTD,24571254,"104,388.00 ",1908
Department of Health,NHS North East Lincolnshire CCG,30/11/2018,Recharge : Received,PRIMARY CARE IT,YORKSHIRE AMBULANCE SERVICE NHS TRUST,24571267,"84,496.00 ",2810024287
Department of Health,NHS North East Lincolnshire CCG,30/11/2018,Hcare Srv Rec NHS Trust-Contract Baseline,ACUTE COMMISSIONING,HULL AND EAST YORKSHIRE HOSPITALS NHS TRUST,24571279,"671,211.00 ",H0019191
Department of Health,NHS North East Lincolnshire CCG,30/11/2018,Clinical&Medical-Independent Sector,OUT OF HOURS,CORE CARE LINKS,24571317,"118,961.33 ",1014
Department of Health,NHS North East Lincolnshire CCG,30/11/2018,Hcare Srv Rec Fdtn Trust-Contract Baseline,ACUTE COMMISSIONING,SHEFFIELD TEACHING HOSPITALS NHS FOUNDATION TRUST,24571323,"75,995.00 ",4000546843
Department of Health,NHS North East Lincolnshire CCG,30/11/2018,Clinical&Medical-Independent Sector,MENTAL HEALTH CONTRACTS,NAVIGO,24571343,"2,101,917.25 ",SALINV4819
Department of Health,NHS North East Lincolnshire CCG,30/11/2018,Clinical&Medical-Not For Profit,COMMUNITY SERVICES,CARE PLUS GROUP LTD,24595762,"1,281,291.00 ",12637
Department of Health,NHS North East Lincolnshire CCG,30/11/2018,Soc Care-Other Soc Care,ASC SLA/CONTRACTS,CARE PLUS GROUP LTD,24595762,"302,958.00 ",12637
Department of Health,NHS North East Lincolnshire CCG,30/11/2018,LPF Management Fees,CONTRACT MANAGEMENT,KIER BUSINESS SERVICES LTD,24595778,"28,669.20 ",10117532
Department of Health,NHS North East Lincolnshire CCG,30/11/2018,LPF Management Fees,PRIMARY CARE IT,KIER BUSINESS SERVICES LTD,24595778,"38,583.60 ",10117532
Department of Health,NHS North East Lincolnshire CCG,30/11/2018,Hcare Srv Rec NHS Trust-Contract Baseline,AMBULANCE SERVICES,EAST MIDLANDS AMBULANCE SERVICE NHS TRUST,24615235,"457,124.00 ",11312792
Department of Health,NHS North East Lincolnshire CCG,30/11/2018,Clinical&Medical-Clinical Other,PATIENT TRANSPORT,THAMES AMBULANCE SERVICE LTD,24637228,"87,553.72 ",20674
Department of Health,NHS North East Lincolnshire CCG,30/11/2018,Clinical&Medical-Clinical Other,PATIENT TRANSPORT,THAMES AMBULANCE SERVICE LTD,24637232,"28,302.56 ",20676
Department of Health,NHS North East Lincolnshire CCG,30/11/2018,Clinical&Medical-Commercial Sector,ASC CARERS SERVICES,CARERS SUPPORT CENTRE,24637238,"25,170.25 ",NELY5MTH81819
Department of Health,NHS North East Lincolnshire CCG,30/11/2018,Clinical&Medical-Commercial Sector,ASC CARERS SERVICES,CARERS SUPPORT CENTRE,24637243,"25,170.25 ",NELY5MTH71819
Department of Health,NHS North East Lincolnshire CCG,30/11/2018,Clinical&Medical-Commercial Sector,ASC CARERS SERVICES,CARERS SUPPORT CENTRE,24637247,"25,170.25 ",NELY5MTH61819
Department of Health,NHS North East Lincolnshire CCG,30/11/2018,C&M-PMS Contract Value,PRC DELEGATED CO-COMMISSIONING,BEACON MEDICAL,24670040,"103,058.32 ",KHU000032089
Department of Health,NHS North East Lincolnshire CCG,30/11/2018,C&M-PMS QOF Aspiration,PRC DELEGATED CO-COMMISSIONING,BEACON MEDICAL,24670040,"10,924.03 ",KHU000032089
Department of Health,NHS North East Lincolnshire CCG,30/11/2018,ME - PMS GP Prior Year ERs,PRC DELEGATED CO-COMMISSIONING,BEACON MEDICAL,24670040,"1,938.30 ",KHU000032089
Department of Health,NHS North East Lincolnshire CCG,30/11/2018,ME-PMS GP Prior Year EEs,PRC DELEGATED CO-COMMISSIONING,BEACON MEDICAL,24670040,"1,186.78 ",KHU000032089
Department of Health,NHS North East Lincolnshire CCG,30/11/2018,C&M-PMS Contract Value,PRC DELEGATED CO-COMMISSIONING,DR B BISWAS,24670042,"22,128.24 ",KHU000032091
Department of Health,NHS North East Lincolnshire CCG,30/11/2018,C&M-PMS Prem Notional Rent,PRC DELEGATED CO-COMMISSIONING,DR B BISWAS,24670042,"1,729.17 ",KHU000032091
Department of Health,NHS North East Lincolnshire CCG,30/11/2018,C&M-PMS Prem Rates,PRC DELEGATED CO-COMMISSIONING,DR B BISWAS,24670042,446.00 ,KHU000032091
Department of Health,NHS North East Lincolnshire CCG,30/11/2018,C&M-PMS QOF Aspiration,PRC DELEGATED CO-COMMISSIONING,DR B BISWAS,24670042,"2,202.59 ",KHU000032091
Department of Health,NHS North East Lincolnshire CCG,30/11/2018,ME - PMS GP Prior Year ERs,PRC DELEGATED CO-COMMISSIONING,DR B BISWAS,24670042,"2,125.52 ",KHU000032091
Department of Health,NHS North East Lincolnshire CCG,30/11/2018,ME-PMS GP Prior Year EEs,PRC DELEGATED CO-COMMISSIONING,DR B BISWAS,24670042,"2,642.44 ",KHU000032091
Department of Health,NHS North East Lincolnshire CCG,30/11/2018,C&M-PMS Contract Value,PRC DELEGATED CO-COMMISSIONING,DR IDS CHALMERS & MEIER,24670044,"36,530.39 ",KHU000032097
Department of Health,NHS North East Lincolnshire CCG,30/11/2018,C&M-PMS QOF Aspiration,PRC DELEGATED CO-COMMISSIONING,DR IDS CHALMERS & MEIER,24670044,"3,127.43 ",KHU000032097
Department of Health,NHS North East Lincolnshire CCG,30/11/2018,C&M-PMS Contract Value,PRC DELEGATED CO-COMMISSIONING,DR GG DE & PARTNERS,24670046,"32,939.90 ",KHU000032099
Department of Health,NHS North East Lincolnshire CCG,30/11/2018,C&M-PMS List Size Adjustment,PRC DELEGATED CO-COMMISSIONING,DR GG DE & PARTNERS,24670046,952.78 ,KHU000032099
Department of Health,NHS North East Lincolnshire CCG,30/11/2018,C&M-PMS Prem Notional Rent,PRC DELEGATED CO-COMMISSIONING,DR GG DE & PARTNERS,24670046,"1,711.33 ",KHU000032099
Department of Health,NHS North East Lincolnshire CCG,30/11/2018,C&M-PMS Prem Rates,PRC DELEGATED CO-COMMISSIONING,DR GG DE & PARTNERS,24670046,"1,709.00 ",KHU000032099
Department of Health,NHS North East Lincolnshire CCG,30/11/2018,C&M-PMS QOF Aspiration,PRC DELEGATED CO-COMMISSIONING,DR GG DE & PARTNERS,24670046,"3,673.07 ",KHU000032099
Department of Health,NHS North East Lincolnshire CCG,30/11/2018,C&M-PMS Contract Value,PRC DELEGATED CO-COMMISSIONING,LITTLEFIELD,24670052,"43,199.21 ",KHU000032111
Department of Health,NHS North East Lincolnshire CCG,30/11/2018,C&M-PMS PCO Other,PRC DELEGATED CO-COMMISSIONING,LITTLEFIELD,24670052,406.63 ,KHU000032111
Department of Health,NHS North East Lincolnshire CCG,30/11/2018,C&M-PMS QOF Aspiration,PRC DELEGATED CO-COMMISSIONING,LITTLEFIELD,24670052,"3,893.28 ",KHU000032111
Department of Health,NHS North East Lincolnshire CCG,30/11/2018,C&M-PMS Contract Value,PRC DELEGATED CO-COMMISSIONING,RAJ MEDICAL CENTRE,24670054,"46,402.63 ",KHU000032113
Department of Health,NHS North East Lincolnshire CCG,30/11/2018,C&M-PMS PCO Other,PRC DELEGATED CO-COMMISSIONING,RAJ MEDICAL CENTRE,24670054,"4,108.00 ",KHU000032113
Department of Health,NHS North East Lincolnshire CCG,30/11/2018,C&M-PMS QOF Aspiration,PRC DELEGATED CO-COMMISSIONING,RAJ MEDICAL CENTRE,24670054,"4,948.40 ",KHU000032113
Department of Health,NHS North East Lincolnshire CCG,30/11/2018,C&M-PMS Out of Hours Opt Outs,PRC DELEGATED CO-COMMISSIONING,ROXTON PRACTICE,24670057,"(9,750.74)",KHU000032116
Department of Health,NHS North East Lincolnshire CCG,30/11/2018,ME - PMS TPS Added Years Adj EEs,PRC DELEGATED CO-COMMISSIONING,ROXTON PRACTICE,24670057,(380.52),KHU000032116
Department of Health,NHS North East Lincolnshire CCG,30/11/2018,ME-PMS GP Pension EEs-PMS,PRC DELEGATED CO-COMMISSIONING,ROXTON PRACTICE,24670057,"(8,898.67)",KHU000032116
Department of Health,NHS North East Lincolnshire CCG,30/11/2018,ME-PMS GP Pension ERs Adjs - PMS,PRC DELEGATED CO-COMMISSIONING,ROXTON PRACTICE,24670057,"(9,504.94)",KHU000032116
Department of Health,NHS North East Lincolnshire CCG,30/11/2018,C&M-PMS Contract Value,PRC DELEGATED CO-COMMISSIONING,ROXTON PRACTICE,24670058,"203,111.85 ",KHU000032117
Department of Health,NHS North East Lincolnshire CCG,30/11/2018,C&M-PMS List Size Adjustment,PRC DELEGATED CO-COMMISSIONING,ROXTON PRACTICE,24670058,"5,414.32 ",KHU000032117
Department of Health,NHS North East Lincolnshire CCG,30/11/2018,C&M-PMS PCO Locum Adop/Pat/Mat,PRC DELEGATED CO-COMMISSIONING,ROXTON PRACTICE,24670058,"23,897.81 ",KHU000032117
Department of Health,NHS North East Lincolnshire CCG,30/11/2018,C&M-PMS Prem Actual Rent,PRC DELEGATED CO-COMMISSIONING,ROXTON PRACTICE,24670058,"1,616.84 ",KHU000032117
Department of Health,NHS North East Lincolnshire CCG,30/11/2018,C&M-PMS Prem Clinical Waste,PRC DELEGATED CO-COMMISSIONING,ROXTON PRACTICE,24670058,91.63 ,KHU000032117
Department of Health,NHS North East Lincolnshire CCG,30/11/2018,C&M-PMS Prem Rates,PRC DELEGATED CO-COMMISSIONING,ROXTON PRACTICE,24670058,"4,740.00 ",KHU000032117
Department of Health,NHS North East Lincolnshire CCG,30/11/2018,C&M-PMS Prem Water Rates,PRC DELEGATED CO-COMMISSIONING,ROXTON PRACTICE,24670058,151.81 ,KHU000032117
Department of Health,NHS North East Lincolnshire CCG,30/11/2018,C&M-PMS QOF Aspiration,PRC DELEGATED CO-COMMISSIONING,ROXTON PRACTICE,24670058,"18,267.32 ",KHU000032117
Department of Health,NHS North East Lincolnshire CCG,30/11/2018,C&M-APMS Contract Value,PRC DELEGATED CO-COMMISSIONING,OPEN DOOR,24670060,"30,452.19 ",KHU000032119
Department of Health,NHS North East Lincolnshire CCG,30/11/2018,C&M-APMS DES Violent Patients,PRC DELEGATED CO-COMMISSIONING,OPEN DOOR,24670060,"3,000.00 ",KHU000032119
Department of Health,NHS North East Lincolnshire CCG,30/11/2018,C&M-APMS List Size Adjustment,PRC DELEGATED CO-COMMISSIONING,OPEN DOOR,24670060,308.26 ,KHU000032119
Department of Health,NHS North East Lincolnshire CCG,30/11/2018,C&M-PMS QOF Aspiration,PRC DELEGATED CO-COMMISSIONING,OPEN DOOR,24670060,"1,082.69 ",KHU000032119
Department of Health,NHS North East Lincolnshire CCG,30/11/2018,C&M-PMS Contract Value,PRC DELEGATED CO-COMMISSIONING,DR AP KUMAR,24670061,"31,071.93 ",KHU000032121
Department of Health,NHS North East Lincolnshire CCG,30/11/2018,C&M-PMS List Size Adjustment,PRC DELEGATED CO-COMMISSIONING,DR AP KUMAR,24670061,95.61 ,KHU000032121
Department of Health,NHS North East Lincolnshire CCG,30/11/2018,C&M-PMS PCO Other,PRC DELEGATED CO-COMMISSIONING,DR AP KUMAR,24670061,292.97 ,KHU000032121
Department of Health,NHS North East Lincolnshire CCG,30/11/2018,C&M-PMS QOF Aspiration,PRC DELEGATED CO-COMMISSIONING,DR AP KUMAR,24670061,"2,977.20 ",KHU000032121
Department of Health,NHS North East Lincolnshire CCG,30/11/2018,C&M-PMS Contract Value,PRC DELEGATED CO-COMMISSIONING,CLEE MEDICAL CENTRE,24670063,"114,892.06 ",KHU000032123
Department of Health,NHS North East Lincolnshire CCG,30/11/2018,C&M-PMS PCO Other,PRC DELEGATED CO-COMMISSIONING,CLEE MEDICAL CENTRE,24670063,962.46 ,KHU000032123
Department of Health,NHS North East Lincolnshire CCG,30/11/2018,C&M-PMS Prem Actual Rent,PRC DELEGATED CO-COMMISSIONING,CLEE MEDICAL CENTRE,24670063,"14,687.50 ",KHU000032123
Department of Health,NHS North East Lincolnshire CCG,30/11/2018,C&M-PMS Prem Rates,PRC DELEGATED CO-COMMISSIONING,CLEE MEDICAL CENTRE,24670063,"2,948.00 ",KHU000032123
Department of Health,NHS North East Lincolnshire CCG,30/11/2018,C&M-PMS Prem Service Charges,PRC DELEGATED CO-COMMISSIONING,CLEE MEDICAL CENTRE,24670063,"8,812.50 ",KHU000032123
Department of Health,NHS North East Lincolnshire CCG,30/11/2018,C&M-PMS Prem Water Rates,PRC DELEGATED CO-COMMISSIONING,CLEE MEDICAL CENTRE,24670063,542.18 ,KHU000032123
Department of Health,NHS North East Lincolnshire CCG,30/11/2018,C&M-PMS QOF Aspiration,PRC DELEGATED CO-COMMISSIONING,CLEE MEDICAL CENTRE,24670063,"13,893.29 ",KHU000032123
Department of Health,NHS North East Lincolnshire CCG,30/11/2018,C&M-PMS Contract Value,PRC DELEGATED CO-COMMISSIONING,CHANTRY HEALTH GROUP,24670065,"52,337.83 ",KHU000032125
Department of Health,NHS North East Lincolnshire CCG,30/11/2018,C&M-PMS PCO Other,PRC DELEGATED CO-COMMISSIONING,CHANTRY HEALTH GROUP,24670065,449.40 ,KHU000032125
Department of Health,NHS North East Lincolnshire CCG,30/11/2018,C&M-PMS Prem Rates,PRC DELEGATED CO-COMMISSIONING,CHANTRY HEALTH GROUP,24670065,"1,798.00 ",KHU000032125
Department of Health,NHS North East Lincolnshire CCG,30/11/2018,C&M-PMS Prem Service Charges,PRC DELEGATED CO-COMMISSIONING,CHANTRY HEALTH GROUP,24670065,"5,171.00 ",KHU000032125
Department of Health,NHS North East Lincolnshire CCG,30/11/2018,C&M-PMS QOF Aspiration,PRC DELEGATED CO-COMMISSIONING,CHANTRY HEALTH GROUP,24670065,"5,291.19 ",KHU000032125
Department of Health,NHS North East Lincolnshire CCG,30/11/2018,C&M-PMS Contract Value,PRC DELEGATED CO-COMMISSIONING,DR OZ QURESHI,24670067,"28,240.07 ",KHU000032127
Department of Health,NHS North East Lincolnshire CCG,30/11/2018,C&M-PMS List Size Adjustment,PRC DELEGATED CO-COMMISSIONING,DR OZ QURESHI,24670067,"3,521.12 ",KHU000032127
Department of Health,NHS North East Lincolnshire CCG,30/11/2018,C&M-PMS PCO Other,PRC DELEGATED CO-COMMISSIONING,DR OZ QURESHI,24670067,242.00 ,KHU000032127
Department of Health,NHS North East Lincolnshire CCG,30/11/2018,C&M-PMS QOF Aspiration,PRC DELEGATED CO-COMMISSIONING,DR OZ QURESHI,24670067,"3,286.42 ",KHU000032127
Department of Health,NHS North East Lincolnshire CCG,30/11/2018,C&M-PMS Contract Value,PRC DELEGATED CO-COMMISSIONING,LYNTON PRACTICE LTD,24670073,"32,602.53 ",KHU000032133
Department of Health,NHS North East Lincolnshire CCG,30/11/2018,C&M-PMS DES Extended Hours Access,PRC DELEGATED CO-COMMISSIONING,LYNTON PRACTICE LTD,24670073,"1,831.11 ",KHU000032133
Department of Health,NHS North East Lincolnshire CCG,30/11/2018,C&M-PMS List Size Adjustment,PRC DELEGATED CO-COMMISSIONING,LYNTON PRACTICE LTD,24670073,"1,456.14 ",KHU000032133
Department of Health,NHS North East Lincolnshire CCG,30/11/2018,C&M-PMS PCO Other,PRC DELEGATED CO-COMMISSIONING,LYNTON PRACTICE LTD,24670073,301.53 ,KHU000032133
Department of Health,NHS North East Lincolnshire CCG,30/11/2018,C&M-PMS QOF Aspiration,PRC DELEGATED CO-COMMISSIONING,LYNTON PRACTICE LTD,24670073,"3,579.06 ",KHU000032133
Department of Health,NHS North East Lincolnshire CCG,30/11/2018,C&M-PMS Contract Value,PRC DELEGATED CO-COMMISSIONING,SCARTHO MEDICAL CENTRE,24670075,"104,717.10 ",KHU000032135
Department of Health,NHS North East Lincolnshire CCG,30/11/2018,C&M-PMS QOF Aspiration,PRC DELEGATED CO-COMMISSIONING,SCARTHO MEDICAL CENTRE,24670075,"12,108.22 ",KHU000032135
Department of Health,NHS North East Lincolnshire CCG,30/11/2018,C&M-PMS Contract Value,PRC DELEGATED CO-COMMISSIONING,ROXTON AT WEELSBY VIEW,24670079,"24,994.06 ",KHU000032139
Department of Health,NHS North East Lincolnshire CCG,30/11/2018,C&M-PMS Prem Rates,PRC DELEGATED CO-COMMISSIONING,ROXTON AT WEELSBY VIEW,24670079,941.00 ,KHU000032139
Department of Health,NHS North East Lincolnshire CCG,30/11/2018,C&M-PMS QOF Aspiration,PRC DELEGATED CO-COMMISSIONING,ROXTON AT WEELSBY VIEW,24670079,"2,220.62 ",KHU000032139
Department of Health,NHS North East Lincolnshire CCG,30/11/2018,C&M-PMS Contract Value,PRC DELEGATED CO-COMMISSIONING,PELHAM MEDICAL CENTRE,24671443,"75,685.00 ",KHU000032093
Department of Health,NHS North East Lincolnshire CCG,30/11/2018,C&M-PMS List Size Adjustment,PRC DELEGATED CO-COMMISSIONING,PELHAM MEDICAL CENTRE,24671443,954.24 ,KHU000032093
Department of Health,NHS North East Lincolnshire CCG,30/11/2018,C&M-PMS PCO Doctors Ret Scheme,PRC DELEGATED CO-COMMISSIONING,PELHAM MEDICAL CENTRE,24671443,"1,333.28 ",KHU000032093
Department of Health,NHS North East Lincolnshire CCG,30/11/2018,C&M-PMS PCO Other,PRC DELEGATED CO-COMMISSIONING,PELHAM MEDICAL CENTRE,24671443,656.44 ,KHU000032093
Department of Health,NHS North East Lincolnshire CCG,30/11/2018,C&M-PMS Prem Service Charges,PRC DELEGATED CO-COMMISSIONING,PELHAM MEDICAL CENTRE,24671443,"5,171.00 ",KHU000032093
Department of Health,NHS North East Lincolnshire CCG,30/11/2018,C&M-PMS QOF Aspiration,PRC DELEGATED CO-COMMISSIONING,PELHAM MEDICAL CENTRE,24671443,"6,961.52 ",KHU000032093
Department of Health,NHS North East Lincolnshire CCG,30/11/2018,C&M-PMS Contract Value,PRC DELEGATED CO-COMMISSIONING,FIELDHOUSE MEDICAL GROUP,24671445,"101,750.89 ",KHU000032095
Department of Health,NHS North East Lincolnshire CCG,30/11/2018,C&M-PMS QOF Aspiration,PRC DELEGATED CO-COMMISSIONING,FIELDHOUSE MEDICAL GROUP,24671445,"10,068.26 ",KHU000032095
Department of Health,NHS North East Lincolnshire CCG,30/11/2018,C&M-PMS Contract Value,PRC DELEGATED CO-COMMISSIONING,WOODFORD MEDICAL CENTRE,24671447,"75,064.87 ",KHU000032101
Department of Health,NHS North East Lincolnshire CCG,30/11/2018,C&M-PMS List Size Adjustment,PRC DELEGATED CO-COMMISSIONING,WOODFORD MEDICAL CENTRE,24671447,874.61 ,KHU000032101
Department of Health,NHS North East Lincolnshire CCG,30/11/2018,C&M-PMS QOF Aspiration,PRC DELEGATED CO-COMMISSIONING,WOODFORD MEDICAL CENTRE,24671447,"7,310.49 ",KHU000032101
Department of Health,NHS North East Lincolnshire CCG,30/11/2018,C&M-PMS Contract Value,PRC DELEGATED CO-COMMISSIONING,BIRKWOOD MEDICAL CENTRE,24671449,"67,409.79 ",KHU000032103
Department of Health,NHS North East Lincolnshire CCG,30/11/2018,C&M-PMS List Size Adjustment,PRC DELEGATED CO-COMMISSIONING,BIRKWOOD MEDICAL CENTRE,24671449,590.17 ,KHU000032103
Department of Health,NHS North East Lincolnshire CCG,30/11/2018,C&M-PMS Prem Rates,PRC DELEGATED CO-COMMISSIONING,BIRKWOOD MEDICAL CENTRE,24671449,"5,374.00 ",KHU000032103
Department of Health,NHS North East Lincolnshire CCG,30/11/2018,C&M-PMS QOF Aspiration,PRC DELEGATED CO-COMMISSIONING,BIRKWOOD MEDICAL CENTRE,24671449,"6,642.73 ",KHU000032103
Department of Health,NHS North East Lincolnshire CCG,30/11/2018,Clinical&Medical-Commercial Sector,ACUTE COMMISSIONING,SPIRE HEALTHCARE LTD,24681618,"26,652.00 ",03HHULPF181908
Department of Health,NHS North East Lincolnshire CCG,30/11/2018,Clinical&Medical-Commercial Sector,PLANNED CARE,ST HUGHS HOSPITAL,24681627,"545,408.25 ",NELCGNOV2018
Department of Health,NHS North East Lincolnshire CCG,30/11/2018,Clinical&Medical-Othe Public Sector,CHILD AND ADOLESCENT MENTAL HEALTH,NORTH EAST LINCOLNSHIRE COUNCIL,24681629,"283,185.33 ",S1309784
Department of Health,NHS North East Lincolnshire CCG,30/11/2018,Clinical&Medical-Commercial Sector,PLANNED CARE,VIRGIN CARE EAST RIDING LLP,24681636,"52,096.56 ",301604002
Department of Health,NHS North East Lincolnshire CCG,30/11/2018,C&M-PMS Contract Value,PRC DELEGATED CO-COMMISSIONING,DR R MATHEWS,24693010,"34,275.97 ",KHU000032107
Department of Health,NHS North East Lincolnshire CCG,30/11/2018,C&M-PMS PCO Other,PRC DELEGATED CO-COMMISSIONING,DR R MATHEWS,24693010,333.19 ,KHU000032107
Department of Health,NHS North East Lincolnshire CCG,30/11/2018,C&M-PMS Prem Rates,PRC DELEGATED CO-COMMISSIONING,DR R MATHEWS,24693010,689.00 ,KHU000032107
Department of Health,NHS North East Lincolnshire CCG,30/11/2018,C&M-PMS QOF Aspiration,PRC DELEGATED CO-COMMISSIONING,DR R MATHEWS,24693010,"3,440.16 ",KHU000032107
Department of Health,NHS North East Lincolnshire CCG,30/11/2018,ME - PMS GP Prior Year ERs,PRC DELEGATED CO-COMMISSIONING,DR R MATHEWS,24693010,"13,819.80 ",KHU000032107
Department of Health,NHS North East Lincolnshire CCG,30/11/2018,ME-PMS GP Prior Year EEs,PRC DELEGATED CO-COMMISSIONING,DR R MATHEWS,24693010,"14,013.03 ",KHU000032107
Department of Health,NHS North East Lincolnshire CCG,30/11/2018,Hcare Srv Rec Fdtn Trust-Contract Baseline,ACUTE COMMISSIONING,NORTHERN LINCOLNSHIRE AND GOOLE HOSPITALS NHS FOUNDATION TRUST,24723119,"289,315.00 ",2400021238
Department of Health,NHS North East Lincolnshire CCG,30/11/2018,Hcare Srv Rec Fdtn Trust-Contract Baseline,ACUTE COMMISSIONING,NORTHERN LINCOLNSHIRE AND GOOLE HOSPITALS NHS FOUNDATION TRUST,24723127,"(289,315.00)",2500002688
Department of Health,NHS North East Lincolnshire CCG,30/11/2018,Clinical&Medical-Commercial Sector,ASC PRIORITY 3 AND 4 SERVICES,KEYRING LIVING SUPPORT NETWORK,24808950,"30,540.00 ",0000000455
Department of Health,NHS North East Lincolnshire CCG,30/11/2018,Clinical&Medical-Commercial Sector,ASC TRANSFORMATION,FOCUS INDEPENDENT ADULT SOCIAL WORK CIC,24809998,"90,000.00 ",2376
Department of Health,NHS North East Lincolnshire CCG,30/11/2018,Clinical&Medical-Commercial Sector,PLANNED CARE,VIRGIN CARE EAST RIDING LLP,24829264,"42,454.88 ",301118283
Department of Health,NHS North East Lincolnshire CCG,30/11/2018,C&M-PMS LES LTC Case Management,LOCAL ENHANCED SERVICES,MERIDIAN HEALTH GROUP LTD,24848015,"45,144.99 ",NOV18EPC6
Department of Health,NHS North East Lincolnshire CCG,30/11/2018,C&M-PMS LES LTC Case Management,LOCAL ENHANCED SERVICES,PANACEA COLLABORATIVE LTD,24848019,"62,589.17 ",NOV18EPC7
Department of Health,NHS North East Lincolnshire CCG,30/11/2018,C&M-GP PRACTICE REVENUE - PCTF,GP FORWARD VIEW,MERIDIAN HEALTH GROUP LTD,24848028,"27,374.00 ",MEREXTM81819
Department of Health,NHS North East Lincolnshire CCG,30/11/2018,C&M-GP PRACTICE REVENUE - PCTF,GP FORWARD VIEW,PANACEA COLLABORATIVE LTD,24848030,"37,689.00 ",PANEXTM81819
Department of Health,NHS North East Lincolnshire CCG,30/11/2018,External Data Contracts,PRIMARY CARE IT,CARE PLUS GROUP LTD,24852023,"72,000.00 ",12420
Department of Health,NHS North East Lincolnshire CCG,30/11/2018,Hcare Srv Rec Fdtn Trust-Contract Baseline,ACUTE COMMISSIONING,NORTHERN LINCOLNSHIRE AND GOOLE HOSPITALS NHS FOUNDATION TRUST,24852048,"(289,315.00)",2500002672
Department of Health,NHS North East Lincolnshire CCG,30/11/2018,Hcare Srv Rec Fdtn Trust-Contract Baseline,ACUTE COMMISSIONING,NORTHERN LINCOLNSHIRE AND GOOLE HOSPITALS NHS FOUNDATION TRUST,24852261,"289,315.00 ",2400021683
Department of Health,NHS North East Lincolnshire CCG,30/11/2018,Clinical&Medical-Commercial Sector,PLANNED CARE,360 CARE LTD,24852282,"36,828.00 ",36123
Department of Health,NHS North East Lincolnshire CCG,30/11/2018,Clinical&Medical-Independent Sector,OUT OF HOURS,CORE CARE LINKS,24888147,"26,080.00 ",1022
Department of Health,NHS North East Lincolnshire CCG,30/11/2018,Clinical&Medical-Independent Sector,ACUTE COMMISSIONING,NEW MEDICAL SYSTEMS LTD,24888150,"76,436.18 ",00000548
Department of Health,NHS North East Lincolnshire CCG,30/11/2018,C&M-PMS Cost of Drugs -Dispensing,LOCAL ENHANCED SERVICES,ROXTON PRACTICE,24905772,"(71,018.72)",KHU000032317
Department of Health,NHS North East Lincolnshire CCG,30/11/2018,C&M-PMS Prsc Chrgs Cll&Rmttd by GPs,PRC DELEGATED CO-COMMISSIONING,ROXTON PRACTICE,24905772,"(3,484.80)",KHU000032317
Department of Health,NHS North East Lincolnshire CCG,30/11/2018,C&M-PMS Cost of Drugs -Dispensing,LOCAL ENHANCED SERVICES,ROXTON PRACTICE,24905773,"138,649.45 ",KHU000032318
Department of Health,NHS North East Lincolnshire CCG,30/11/2018,C&M-PMS Prof fees Dispensing,PRC DELEGATED CO-COMMISSIONING,ROXTON PRACTICE,24905773,"25,419.17 ",KHU000032318
Department of Health,NHS North East Lincolnshire CCG,30/11/2018,C&M-PMS Prsc Chrgs Cll&Rmttd by GPs,LOCAL ENHANCED SERVICES,ROXTON PRACTICE,24905773,"3,484.80 ",KHU000032318
Department of Health,NHS North East Lincolnshire CCG,30/11/2018,Clinical&Medical-Commercial Sector,PLANNED CARE,ST HUGHS HOSPITAL,24920030,"86,580.03 ",OCTXS2018
Department of Health,NHS North East Lincolnshire CCG,30/11/2018,Hcare Srv Rec Fdtn Trust-Contract Baseline,ACUTE COMMISSIONING,NORTHERN LINCOLNSHIRE AND GOOLE HOSPITALS NHS FOUNDATION TRUST,24971215,"2,072,387.00 ",2400021253
Department of Health,NHS North East Lincolnshire CCG,30/11/2018,Hcare Srv Rec Fdtn Trust-Contract Baseline,ACUTE COMMISSIONING,NORTHERN LINCOLNSHIRE AND GOOLE HOSPITALS NHS FOUNDATION TRUST,24971242,"(2,072,387.00)",2500002770
Department of Health,NHS North East Lincolnshire CCG,30/11/2018,Clinical&Medical-Commercial Sector,ASC PRIORITY 3 AND 4 SERVICES,KEYRING LIVING SUPPORT NETWORK,24971251,"30,540.00 ",0000000712
Department of Health,NHS North East Lincolnshire CCG,30/11/2018,Clinical&Medical-Commercial Sector,ASC PRIORITY 3 AND 4 SERVICES,KEYRING LIVING SUPPORT NETWORK,24971336,"(30,540.00)",0000000029
Department of Health,NHS North East Lincolnshire CCG,30/11/2018,Clinical&Medical-Othe Public Sector,ASC TRANSFORMATION,NORTH EAST LINCOLNSHIRE COUNCIL,24983419,"35,305.00 ",S1326380
,,,,,,,,
