Department family,Entity,Date,Expense Type,Expense area,Supplier,Transaction number,AP Amount (�),Purchase invoice number
Department of Health,NHS North East Lincolnshire CCG,28/02/2019,Hcare Srv Rec Fdtn Trust-Contract Baseline,ACUTE COMMISSIONING,NORTHERN LINCOLNSHIRE AND GOOLE HOSPITALS NHS FOUNDATION TRUST,25808900,"8,450,000.00 ",2400022517
Department of Health,NHS North East Lincolnshire CCG,28/02/2019,Clinical&Medical-Othe Public Sector,CHILD AND ADOLESCENT MENTAL HEALTH,NORTH EAST LINCOLNSHIRE COUNCIL,25808920,"34,000.00 ",S1362920
Department of Health,NHS North East Lincolnshire CCG,28/02/2019,Hcare Srv Rec NHS Trust-Over/ Under Performance,ACUTE COMMISSIONING,LEEDS TEACHING HOSPITALS NHS TRUST,25808928,"70,579.84 ",1410114143
Department of Health,NHS North East Lincolnshire CCG,28/02/2019,Charges from CCG,NON RECURRENT PROGRAMMES,NHS SCARBOROUGH AND RYEDALE CCG,25834144,"123,866.00 ",7016102056
Department of Health,NHS North East Lincolnshire CCG,28/02/2019,Hcare Srv Rec Fdtn Trust-Contract Baseline,ACUTE COMMISSIONING,SHEFFIELD CHILDRENS NHS FOUNDATION TRUST,25869146,"37,663.11 ",2100198241
Department of Health,NHS North East Lincolnshire CCG,28/02/2019,Hcare Srv Rec Fdtn Trust-Contract Baseline,ACUTE COMMISSIONING,SHEFFIELD TEACHING HOSPITALS NHS FOUNDATION TRUST,25869226,"75,995.00 ",4000552833
Department of Health,NHS North East Lincolnshire CCG,28/02/2019,Hcare Srv Rec NHS Trust-Contract Baseline,ACUTE COMMISSIONING,UNITED LINCOLNSHIRE HOSPITALS NHS TRUST,25869243,"30,243.11 ",0000196488
Department of Health,NHS North East Lincolnshire CCG,28/02/2019,Hcare Srv Rec NHS Trust-Contract Baseline,ACUTE COMMISSIONING,LEEDS TEACHING HOSPITALS NHS TRUST,25869264,"37,435.00 ",1410112400
Department of Health,NHS North East Lincolnshire CCG,28/02/2019,Hcare Srv Rec NHS Trust-Contract Baseline,ACUTE COMMISSIONING,HULL AND EAST YORKSHIRE HOSPITALS NHS TRUST,25869516,"671,210.58 ",H0021226
Department of Health,NHS North East Lincolnshire CCG,28/02/2019,Hcare Srv Rec NHS Trust-Contract Baseline,AMBULANCE SERVICES,EAST MIDLANDS AMBULANCE SERVICE NHS TRUST,25871152,"457,124.00 ",11313370
Department of Health,NHS North East Lincolnshire CCG,28/02/2019,Clinical&Medical-Independent Sector,OUT OF HOURS,CORE CARE LINKS,25882695,"118,961.33 ",1039
Department of Health,NHS North East Lincolnshire CCG,28/02/2019,Clinical&Medical-Clinical Other,PATIENT TRANSPORT,THAMES AMBULANCE SERVICE LTD,25907005,"87,553.72 ",20903
Department of Health,NHS North East Lincolnshire CCG,28/02/2019,Clinical&Medical-Clinical Other,PATIENT TRANSPORT,THAMES AMBULANCE SERVICE LTD,25907012,"28,302.56 ",20905
Department of Health,NHS North East Lincolnshire CCG,28/02/2019,Clinical&Medical-Independent Sector,COMMUNITY SERVICES,YARBOROUGH CLEE CARE LTD,25907022,"105,595.00 ",1911
Department of Health,NHS North East Lincolnshire CCG,28/02/2019,LPF Management Fees,CONTRACT MANAGEMENT,KIER BUSINESS SERVICES LTD,25907069,"28,669.20 ",10138149
Department of Health,NHS North East Lincolnshire CCG,28/02/2019,LPF Management Fees,PRIMARY CARE IT,KIER BUSINESS SERVICES LTD,25907069,"38,583.60 ",10138149
Department of Health,NHS North East Lincolnshire CCG,28/02/2019,Clinical&Medical-Othe Public Sector,CHILD AND ADOLESCENT MENTAL HEALTH,NORTH EAST LINCOLNSHIRE COUNCIL,25907102,"283,185.33 ",S1368635
Department of Health,NHS North East Lincolnshire CCG,28/02/2019,C&M-PMS Contract Value,PRC DELEGATED CO-COMMISSIONING,PELHAM MEDICAL CENTRE,25932423,"75,685.00 ",KHU000033302
Department of Health,NHS North East Lincolnshire CCG,28/02/2019,C&M-PMS DES Learn Dsblty Hlth Chk,PRC DELEGATED CO-COMMISSIONING,PELHAM MEDICAL CENTRE,25932423,420.00 ,KHU000033302
Department of Health,NHS North East Lincolnshire CCG,28/02/2019,C&M-PMS List Size Adjustment,PRC DELEGATED CO-COMMISSIONING,PELHAM MEDICAL CENTRE,25932423,535.46 ,KHU000033302
Department of Health,NHS North East Lincolnshire CCG,28/02/2019,C&M-PMS PCO Other,PRC DELEGATED CO-COMMISSIONING,PELHAM MEDICAL CENTRE,25932423,656.44 ,KHU000033302
Department of Health,NHS North East Lincolnshire CCG,28/02/2019,C&M-PMS Prem Actual Rent,PRC DELEGATED CO-COMMISSIONING,PELHAM MEDICAL CENTRE,25932423,"7,297.32 ",KHU000033302
Department of Health,NHS North East Lincolnshire CCG,28/02/2019,C&M-PMS Prem Service Charges,PRC DELEGATED CO-COMMISSIONING,PELHAM MEDICAL CENTRE,25932423,304.05 ,KHU000033302
Department of Health,NHS North East Lincolnshire CCG,28/02/2019,C&M-PMS QOF Aspiration,PRC DELEGATED CO-COMMISSIONING,PELHAM MEDICAL CENTRE,25932423,"6,961.52 ",KHU000033302
Department of Health,NHS North East Lincolnshire CCG,28/02/2019,C&M-PMS Contract Value,PRC DELEGATED CO-COMMISSIONING,FIELDHOUSE MEDICAL GROUP,25932425,"101,750.89 ",KHU000033304
Department of Health,NHS North East Lincolnshire CCG,28/02/2019,C&M-PMS QOF Aspiration,PRC DELEGATED CO-COMMISSIONING,FIELDHOUSE MEDICAL GROUP,25932425,"10,068.26 ",KHU000033304
Department of Health,NHS North East Lincolnshire CCG,28/02/2019,C&M-PMS Contract Value,PRC DELEGATED CO-COMMISSIONING,WOODFORD MEDICAL CENTRE,25932427,"75,064.87 ",KHU000033310
Department of Health,NHS North East Lincolnshire CCG,28/02/2019,C&M-PMS DES Learn Dsblty Hlth Chk,PRC DELEGATED CO-COMMISSIONING,WOODFORD MEDICAL CENTRE,25932427,420.00 ,KHU000033310
Department of Health,NHS North East Lincolnshire CCG,28/02/2019,C&M-PMS List Size Adjustment,PRC DELEGATED CO-COMMISSIONING,WOODFORD MEDICAL CENTRE,25932427,248.25 ,KHU000033310
Department of Health,NHS North East Lincolnshire CCG,28/02/2019,C&M-PMS QOF Aspiration,PRC DELEGATED CO-COMMISSIONING,WOODFORD MEDICAL CENTRE,25932427,"7,310.49 ",KHU000033310
Department of Health,NHS North East Lincolnshire CCG,28/02/2019,C&M-PMS Contract Value,PRC DELEGATED CO-COMMISSIONING,BIRKWOOD MEDICAL CENTRE,25932429,"67,409.79 ",KHU000033312
Department of Health,NHS North East Lincolnshire CCG,28/02/2019,C&M-PMS List Size Adjustment,PRC DELEGATED CO-COMMISSIONING,BIRKWOOD MEDICAL CENTRE,25932429,404.58 ,KHU000033312
Department of Health,NHS North East Lincolnshire CCG,28/02/2019,C&M-PMS QOF Aspiration,PRC DELEGATED CO-COMMISSIONING,BIRKWOOD MEDICAL CENTRE,25932429,"6,642.73 ",KHU000033312
Department of Health,NHS North East Lincolnshire CCG,28/02/2019,C&M-PMS Contract Value,PRC DELEGATED CO-COMMISSIONING,BEACON MEDICAL,25933305,"103,058.32 ",KHU000033298
Department of Health,NHS North East Lincolnshire CCG,28/02/2019,C&M-PMS PCO Other,PRC DELEGATED CO-COMMISSIONING,BEACON MEDICAL,25933305,839.25 ,KHU000033298
Department of Health,NHS North East Lincolnshire CCG,28/02/2019,C&M-PMS Prem Actual Rent,PRC DELEGATED CO-COMMISSIONING,BEACON MEDICAL,25933305,"4,044.05 ",KHU000033298
Department of Health,NHS North East Lincolnshire CCG,28/02/2019,C&M-PMS QOF Aspiration,PRC DELEGATED CO-COMMISSIONING,BEACON MEDICAL,25933305,"10,924.03 ",KHU000033298
Department of Health,NHS North East Lincolnshire CCG,28/02/2019,C&M-PMS Contract Value,PRC DELEGATED CO-COMMISSIONING,DR B BISWAS,25933307,"22,128.24 ",KHU000033300
Department of Health,NHS North East Lincolnshire CCG,28/02/2019,C&M-PMS Prem Notional Rent,PRC DELEGATED CO-COMMISSIONING,DR B BISWAS,25933307,"1,729.17 ",KHU000033300
Department of Health,NHS North East Lincolnshire CCG,28/02/2019,C&M-PMS Prem Water Rates,PRC DELEGATED CO-COMMISSIONING,DR B BISWAS,25933307,98.03 ,KHU000033300
Department of Health,NHS North East Lincolnshire CCG,28/02/2019,C&M-PMS QOF Aspiration,PRC DELEGATED CO-COMMISSIONING,DR B BISWAS,25933307,"2,202.59 ",KHU000033300
Department of Health,NHS North East Lincolnshire CCG,28/02/2019,C&M-PMS Contract Value,PRC DELEGATED CO-COMMISSIONING,DR IDS CHALMERS & MEIER,25933309,"36,530.39 ",KHU000033306
Department of Health,NHS North East Lincolnshire CCG,28/02/2019,C&M-PMS QOF Aspiration,PRC DELEGATED CO-COMMISSIONING,DR IDS CHALMERS & MEIER,25933309,"3,127.43 ",KHU000033306
Department of Health,NHS North East Lincolnshire CCG,28/02/2019,C&M-PMS Contract Value,PRC DELEGATED CO-COMMISSIONING,DR GG DE & PARTNERS,25933311,"32,939.90 ",KHU000033308
Department of Health,NHS North East Lincolnshire CCG,28/02/2019,C&M-PMS List Size Adjustment,PRC DELEGATED CO-COMMISSIONING,DR GG DE & PARTNERS,25933311,700.44 ,KHU000033308
Department of Health,NHS North East Lincolnshire CCG,28/02/2019,C&M-PMS Prem Notional Rent,PRC DELEGATED CO-COMMISSIONING,DR GG DE & PARTNERS,25933311,"1,711.33 ",KHU000033308
Department of Health,NHS North East Lincolnshire CCG,28/02/2019,C&M-PMS QOF Aspiration,PRC DELEGATED CO-COMMISSIONING,DR GG DE & PARTNERS,25933311,"3,673.07 ",KHU000033308
Department of Health,NHS North East Lincolnshire CCG,28/02/2019,C&M-PMS Contract Value,PRC DELEGATED CO-COMMISSIONING,DR R MATHEWS,25933315,"34,275.97 ",KHU000033316
Department of Health,NHS North East Lincolnshire CCG,28/02/2019,C&M-PMS PCO Other,PRC DELEGATED CO-COMMISSIONING,DR R MATHEWS,25933315,333.48 ,KHU000033316
Department of Health,NHS North East Lincolnshire CCG,28/02/2019,C&M-PMS QOF Aspiration,PRC DELEGATED CO-COMMISSIONING,DR R MATHEWS,25933315,"3,440.16 ",KHU000033316
Department of Health,NHS North East Lincolnshire CCG,28/02/2019,C&M-PMS Contract Value,PRC DELEGATED CO-COMMISSIONING,LITTLEFIELD,25933319,"43,199.21 ",KHU000033320
Department of Health,NHS North East Lincolnshire CCG,28/02/2019,C&M-PMS DES Learn Dsblty Hlth Chk,PRC DELEGATED CO-COMMISSIONING,LITTLEFIELD,25933319,420.00 ,KHU000033320
Department of Health,NHS North East Lincolnshire CCG,28/02/2019,C&M-PMS PCO Other,PRC DELEGATED CO-COMMISSIONING,LITTLEFIELD,25933319,406.96 ,KHU000033320
Department of Health,NHS North East Lincolnshire CCG,28/02/2019,C&M-PMS QOF Aspiration,PRC DELEGATED CO-COMMISSIONING,LITTLEFIELD,25933319,"3,893.28 ",KHU000033320
Department of Health,NHS North East Lincolnshire CCG,28/02/2019,C&M-PMS Contract Value,PRC DELEGATED CO-COMMISSIONING,RAJ MEDICAL CENTRE,25933321,"46,402.63 ",KHU000033322
Department of Health,NHS North East Lincolnshire CCG,28/02/2019,C&M-PMS List Size Adjustment,PRC DELEGATED CO-COMMISSIONING,RAJ MEDICAL CENTRE,25933321,434.99 ,KHU000033322
Department of Health,NHS North East Lincolnshire CCG,28/02/2019,C&M-PMS QOF Aspiration,PRC DELEGATED CO-COMMISSIONING,RAJ MEDICAL CENTRE,25933321,"4,948.40 ",KHU000033322
Department of Health,NHS North East Lincolnshire CCG,28/02/2019,C&M-PMS Out of Hours Opt Outs,PRC DELEGATED CO-COMMISSIONING,ROXTON PRACTICE,25933323,"(9,861.16)",KHU000033324
Department of Health,NHS North East Lincolnshire CCG,28/02/2019,C&M-PMS Prem Actual Rent,PRC DELEGATED CO-COMMISSIONING,ROXTON PRACTICE,25933323,"(1,510.62)",KHU000033324
Department of Health,NHS North East Lincolnshire CCG,28/02/2019,ME - PMS GP Prior Year ERs,PRC DELEGATED CO-COMMISSIONING,ROXTON PRACTICE,25933323,(907.43),KHU000033324
Department of Health,NHS North East Lincolnshire CCG,28/02/2019,ME - PMS TPS Added Years Adj EEs,PRC DELEGATED CO-COMMISSIONING,ROXTON PRACTICE,25933323,(380.52),KHU000033324
Department of Health,NHS North East Lincolnshire CCG,28/02/2019,ME-PMS GP Pension EEs-PMS,PRC DELEGATED CO-COMMISSIONING,ROXTON PRACTICE,25933323,"(9,476.90)",KHU000033324
Department of Health,NHS North East Lincolnshire CCG,28/02/2019,ME-PMS GP Pension ERs Adjs - PMS,PRC DELEGATED CO-COMMISSIONING,ROXTON PRACTICE,25933323,"(9,933.90)",KHU000033324
Department of Health,NHS North East Lincolnshire CCG,28/02/2019,ME-PMS GP Prior Year EEs,PRC DELEGATED CO-COMMISSIONING,ROXTON PRACTICE,25933323,(603.96),KHU000033324
Department of Health,NHS North East Lincolnshire CCG,28/02/2019,C&M-PMS Contract Value,PRC DELEGATED CO-COMMISSIONING,ROXTON PRACTICE,25933324,"203,111.85 ",KHU000033325
Department of Health,NHS North East Lincolnshire CCG,28/02/2019,C&M-PMS List Size Adjustment,PRC DELEGATED CO-COMMISSIONING,ROXTON PRACTICE,25933324,"7,775.85 ",KHU000033325
Department of Health,NHS North East Lincolnshire CCG,28/02/2019,C&M-PMS PCO Locum Adop/Pat/Mat,PRC DELEGATED CO-COMMISSIONING,ROXTON PRACTICE,25933324,"12,565.78 ",KHU000033325
Department of Health,NHS North East Lincolnshire CCG,28/02/2019,C&M-PMS Prem Actual Rent,PRC DELEGATED CO-COMMISSIONING,ROXTON PRACTICE,25933324,"1,616.84 ",KHU000033325
Department of Health,NHS North East Lincolnshire CCG,28/02/2019,C&M-PMS Prem Clinical Waste,PRC DELEGATED CO-COMMISSIONING,ROXTON PRACTICE,25933324,91.63 ,KHU000033325
Department of Health,NHS North East Lincolnshire CCG,28/02/2019,C&M-PMS Prem Water Rates,PRC DELEGATED CO-COMMISSIONING,ROXTON PRACTICE,25933324,151.81 ,KHU000033325
Department of Health,NHS North East Lincolnshire CCG,28/02/2019,C&M-PMS QOF Aspiration,PRC DELEGATED CO-COMMISSIONING,ROXTON PRACTICE,25933324,"19,698.11 ",KHU000033325
Department of Health,NHS North East Lincolnshire CCG,28/02/2019,C&M-APMS Contract Value,PRC DELEGATED CO-COMMISSIONING,OPEN DOOR,25933325,"30,452.19 ",KHU000033326
Department of Health,NHS North East Lincolnshire CCG,28/02/2019,C&M-APMS DES Violent Patients,PRC DELEGATED CO-COMMISSIONING,OPEN DOOR,25933325,"3,000.00 ",KHU000033326
Department of Health,NHS North East Lincolnshire CCG,28/02/2019,C&M-APMS List Size Adjustment,PRC DELEGATED CO-COMMISSIONING,OPEN DOOR,25933325,"1,721.15 ",KHU000033326
Department of Health,NHS North East Lincolnshire CCG,28/02/2019,C&M-APMS PCO Other,PRC DELEGATED CO-COMMISSIONING,OPEN DOOR,25933325,"1,658.00 ",KHU000033326
Department of Health,NHS North East Lincolnshire CCG,28/02/2019,C&M-APMS Prem Actual Rent,PRC DELEGATED CO-COMMISSIONING,OPEN DOOR,25933325,"2,100.00 ",KHU000033326
Department of Health,NHS North East Lincolnshire CCG,28/02/2019,C&M-APMS Prem Water Rates,PRC DELEGATED CO-COMMISSIONING,OPEN DOOR,25933325,195.19 ,KHU000033326
Department of Health,NHS North East Lincolnshire CCG,28/02/2019,C&M-PMS QOF Aspiration,PRC DELEGATED CO-COMMISSIONING,OPEN DOOR,25933325,"1,082.69 ",KHU000033326
Department of Health,NHS North East Lincolnshire CCG,28/02/2019,C&M-PMS Contract Value,PRC DELEGATED CO-COMMISSIONING,DR AP KUMAR,25933327,"31,071.93 ",KHU000033328
Department of Health,NHS North East Lincolnshire CCG,28/02/2019,C&M-PMS PCO Other,PRC DELEGATED CO-COMMISSIONING,DR AP KUMAR,25933327,293.24 ,KHU000033328
Department of Health,NHS North East Lincolnshire CCG,28/02/2019,C&M-PMS QOF Aspiration,PRC DELEGATED CO-COMMISSIONING,DR AP KUMAR,25933327,"2,977.20 ",KHU000033328
Department of Health,NHS North East Lincolnshire CCG,28/02/2019,C&M-PMS Contract Value,PRC DELEGATED CO-COMMISSIONING,CLEE MEDICAL CENTRE,25933329,"114,892.06 ",KHU000033330
Department of Health,NHS North East Lincolnshire CCG,28/02/2019,C&M-PMS PCO Other,PRC DELEGATED CO-COMMISSIONING,CLEE MEDICAL CENTRE,25933329,963.32 ,KHU000033330
Department of Health,NHS North East Lincolnshire CCG,28/02/2019,C&M-PMS Prem Actual Rent,PRC DELEGATED CO-COMMISSIONING,CLEE MEDICAL CENTRE,25933329,"14,687.50 ",KHU000033330
Department of Health,NHS North East Lincolnshire CCG,28/02/2019,C&M-PMS QOF Aspiration,PRC DELEGATED CO-COMMISSIONING,CLEE MEDICAL CENTRE,25933329,"13,893.29 ",KHU000033330
Department of Health,NHS North East Lincolnshire CCG,28/02/2019,C&M-PMS Contract Value,PRC DELEGATED CO-COMMISSIONING,CHANTRY HEALTH GROUP,25933331,"52,337.83 ",KHU000033332
Department of Health,NHS North East Lincolnshire CCG,28/02/2019,C&M-PMS PCO Other,PRC DELEGATED CO-COMMISSIONING,CHANTRY HEALTH GROUP,25933331,449.80 ,KHU000033332
Department of Health,NHS North East Lincolnshire CCG,28/02/2019,C&M-PMS Prem Actual Rent,PRC DELEGATED CO-COMMISSIONING,CHANTRY HEALTH GROUP,25933331,"7,297.32 ",KHU000033332
Department of Health,NHS North East Lincolnshire CCG,28/02/2019,C&M-PMS Prem Service Charges,PRC DELEGATED CO-COMMISSIONING,CHANTRY HEALTH GROUP,25933331,304.05 ,KHU000033332
Department of Health,NHS North East Lincolnshire CCG,28/02/2019,C&M-PMS QOF Aspiration,PRC DELEGATED CO-COMMISSIONING,CHANTRY HEALTH GROUP,25933331,"5,291.19 ",KHU000033332
Department of Health,NHS North East Lincolnshire CCG,28/02/2019,C&M-PMS Contract Value,PRC DELEGATED CO-COMMISSIONING,DR OZ QURESHI,25933333,"28,240.07 ",KHU000033334
Department of Health,NHS North East Lincolnshire CCG,28/02/2019,C&M-PMS List Size Adjustment,PRC DELEGATED CO-COMMISSIONING,DR OZ QURESHI,25933333,"3,485.70 ",KHU000033334
Department of Health,NHS North East Lincolnshire CCG,28/02/2019,C&M-PMS PCO Other,PRC DELEGATED CO-COMMISSIONING,DR OZ QURESHI,25933333,242.00 ,KHU000033334
Department of Health,NHS North East Lincolnshire CCG,28/02/2019,C&M-PMS QOF Aspiration,PRC DELEGATED CO-COMMISSIONING,DR OZ QURESHI,25933333,"3,286.42 ",KHU000033334
Department of Health,NHS North East Lincolnshire CCG,28/02/2019,C&M-PMS Contract Value,PRC DELEGATED CO-COMMISSIONING,LYNTON PRACTICE LTD,25933339,"32,602.53 ",KHU000033340
Department of Health,NHS North East Lincolnshire CCG,28/02/2019,C&M-PMS List Size Adjustment,PRC DELEGATED CO-COMMISSIONING,LYNTON PRACTICE LTD,25933339,"1,893.82 ",KHU000033340
Department of Health,NHS North East Lincolnshire CCG,28/02/2019,C&M-PMS PCO Other,PRC DELEGATED CO-COMMISSIONING,LYNTON PRACTICE LTD,25933339,301.76 ,KHU000033340
Department of Health,NHS North East Lincolnshire CCG,28/02/2019,C&M-PMS QOF Aspiration,PRC DELEGATED CO-COMMISSIONING,LYNTON PRACTICE LTD,25933339,"3,579.06 ",KHU000033340
Department of Health,NHS North East Lincolnshire CCG,28/02/2019,C&M-PMS Contract Value,PRC DELEGATED CO-COMMISSIONING,SCARTHO MEDICAL CENTRE,25933341,"104,717.10 ",KHU000033342
Department of Health,NHS North East Lincolnshire CCG,28/02/2019,C&M-PMS List Size Adjustment,PRC DELEGATED CO-COMMISSIONING,SCARTHO MEDICAL CENTRE,25933341,921.06 ,KHU000033342
Department of Health,NHS North East Lincolnshire CCG,28/02/2019,C&M-PMS Prem Water Rates,PRC DELEGATED CO-COMMISSIONING,SCARTHO MEDICAL CENTRE,25933341,"1,179.52 ",KHU000033342
Department of Health,NHS North East Lincolnshire CCG,28/02/2019,C&M-PMS QOF Aspiration,PRC DELEGATED CO-COMMISSIONING,SCARTHO MEDICAL CENTRE,25933341,"12,108.22 ",KHU000033342
Department of Health,NHS North East Lincolnshire CCG,28/02/2019,C&M-PMS Contract Value,PRC DELEGATED CO-COMMISSIONING,ROXTON AT WEELSBY VIEW,25933345,"24,994.06 ",KHU000033346
Department of Health,NHS North East Lincolnshire CCG,28/02/2019,C&M-PMS QOF Aspiration,PRC DELEGATED CO-COMMISSIONING,ROXTON AT WEELSBY VIEW,25933345,"2,220.62 ",KHU000033346
Department of Health,NHS North East Lincolnshire CCG,28/02/2019,C&M-GP PRACTICE REVENUE - PCTF,GP FORWARD VIEW,PA CONSULTING SERVICES LTD,25946130,"341,400.00 ",10127078
Department of Health,NHS North East Lincolnshire CCG,28/02/2019,Clinical&Medical-Independent Sector,MENTAL HEALTH CONTRACTS,NAVIGO,25946149,"2,101,917.25 ",SALINV4951
Department of Health,NHS North East Lincolnshire CCG,28/02/2019,Clinical&Medical-Commercial Sector,ACUTE COMMISSIONING,SPIRE HEALTHCARE LTD,25946171,"26,652.00 ",03HHULPF181911
Department of Health,NHS North East Lincolnshire CCG,28/02/2019,Clinical&Medical-Commercial Sector,PLANNED CARE,VIRGIN CARE EAST RIDING LLP,25946197,"52,096.56 ",301607002
Department of Health,NHS North East Lincolnshire CCG,28/02/2019,Clinical&Medical-Commercial Sector,PLANNED CARE,ST HUGHS HOSPITAL,25946214,"545,408.25 ",NELCGFEB2019
Department of Health,NHS North East Lincolnshire CCG,28/02/2019,Clinical&Medical-Commercial Sector,ASC CARERS SERVICES,CARERS SUPPORT CENTRE,25989348,"25,170.25 ",NELY5MTH91819
Department of Health,NHS North East Lincolnshire CCG,28/02/2019,Clinical&Medical-Commercial Sector,ASC CARERS SERVICES,CARERS SUPPORT CENTRE,25989353,"25,170.25 ",NELY5MTH101819
Department of Health,NHS North East Lincolnshire CCG,28/02/2019,Clinical&Medical-Commercial Sector,ASC CARERS SERVICES,CARERS SUPPORT CENTRE,25989355,"25,170.25 ",NELY5MTH111819
Department of Health,NHS North East Lincolnshire CCG,28/02/2019,Clinical&Medical-Not For Profit,COMMUNITY SERVICES,CARE PLUS GROUP LTD,25989481,"1,286,460.00 ",13329
Department of Health,NHS North East Lincolnshire CCG,28/02/2019,Soc Care-Other Soc Care,ASC SLA/CONTRACTS,CARE PLUS GROUP LTD,25989481,"302,957.25 ",13329
Department of Health,NHS North East Lincolnshire CCG,28/02/2019,C&M-GP PRACTICE REVENUE - PCTF,GP FORWARD VIEW,MERIDIAN HEALTH GROUP LTD,26012231,"27,374.00 ",MEREXTM1119
Department of Health,NHS North East Lincolnshire CCG,28/02/2019,C&M-GP PRACTICE REVENUE - PCTF,GP FORWARD VIEW,PANACEA COLLABORATIVE LTD,26012232,"37,689.00 ",PANEXTM1119
Department of Health,NHS North East Lincolnshire CCG,28/02/2019,C&M-PMS LES LTC Case Management,LOCAL ENHANCED SERVICES,MERIDIAN HEALTH GROUP LTD,26012238,"45,144.99 ",FEB19EPC6
Department of Health,NHS North East Lincolnshire CCG,28/02/2019,C&M-PMS LES LTC Case Management,LOCAL ENHANCED SERVICES,PANACEA COLLABORATIVE LTD,26012239,"62,589.17 ",FEB19EPC7
Department of Health,NHS North East Lincolnshire CCG,28/02/2019,Computer Software/License,ASC COMMUNITY CONTRACTS,IDOX SOFTWARE LTD,26041726,"33,624.00 ",7024135
Department of Health,NHS North East Lincolnshire CCG,28/02/2019,Clinical&Medical-Commercial Sector,PLANNED CARE,360 CARE LTD,26041766,"35,960.00 ",36131
Department of Health,NHS North East Lincolnshire CCG,28/02/2019,Clinical&Medical-Independent Sector,ACUTE COMMISSIONING,NEW MEDICAL SYSTEMS LTD,26041776,"79,147.35 ",00000736
Department of Health,NHS North East Lincolnshire CCG,28/02/2019,Hcare Srv Rec Fdtn Trust-Contract Baseline,ACUTE COMMISSIONING,NORTHERN LINCOLNSHIRE AND GOOLE HOSPITALS NHS FOUNDATION TRUST,26086481,"943,338.00 ",2400022317
Department of Health,NHS North East Lincolnshire CCG,28/02/2019,Clinical&Medical-Independent Sector,MENTAL HEALTH CONTRACTS,NAVIGO,26086482,"69,445.00 ",SALINV4946
Department of Health,NHS North East Lincolnshire CCG,28/02/2019,C&M-PMS Cost of Drugs -Dispensing,LOCAL ENHANCED SERVICES,ROXTON PRACTICE,26115457,"(65,204.98)",KHU000033526
Department of Health,NHS North East Lincolnshire CCG,28/02/2019,C&M-PMS Prsc Chrgs Cll&Rmttd by GPs,PRC DELEGATED CO-COMMISSIONING,ROXTON PRACTICE,26115457,"(1,548.80)",KHU000033526
Department of Health,NHS North East Lincolnshire CCG,28/02/2019,C&M-PMS Cost of Drugs -Dispensing,LOCAL ENHANCED SERVICES,ROXTON PRACTICE,26115458,"117,741.90 ",KHU000033527
Department of Health,NHS North East Lincolnshire CCG,28/02/2019,C&M-PMS Prof fees Dispensing,PRC DELEGATED CO-COMMISSIONING,ROXTON PRACTICE,26115458,"23,361.71 ",KHU000033527
Department of Health,NHS North East Lincolnshire CCG,28/02/2019,C&M-PMS Prsc Chrgs Cll&Rmttd by GPs,LOCAL ENHANCED SERVICES,ROXTON PRACTICE,26115458,"1,548.80 ",KHU000033527
Department of Health,NHS North East Lincolnshire CCG,28/02/2019,Clinical&Medical-Independent Sector,ACUTE COMMISSIONING,NEW MEDICAL SYSTEMS LTD,26150948,"111,143.67 ",00000837
,,,,,,,,
