A3131 - Expenditure Over Threshold,,,,,,,,,
,,,,,,,,,
Department family,Entity,Date,Expense Type,Expense area,Supplier,Transaction number,AP Amount (�),VAT registration number,Purchase invoice number
Department of Health,NHS Manchester CCG,6/30/2018,Clinical&Medical-Independent Sector,MENTAL HEALTH SERVICES - NOT CONTRACTED ACTIVITY,K BOND HEALTHCARE LTD,22467736,"36,902.96 ",,ALLRES52018
Department of Health,NHS Manchester CCG,6/30/2018,Clinical&Medical-Commercial Sector,PLANNED CARE,PDS MEDICAL,22490023,"37,995.30 ",,1094
Department of Health,NHS Manchester CCG,6/30/2018,Clinical&Medical-Commercial Sector,ACUTE COMMISSIONING,NATIONAL UNPLANNED PREGNANCY ADVISORY SERVICE,22490127,"59,142.37 ",,7525
Department of Health,NHS Manchester CCG,6/30/2018,Clinical&Medical-Commercial Sector,PLANNED CARE,MEDISCAN DIAGNOSTIC SERVICES LTD,22490172,"60,440.00 ",,INV002950
Department of Health,NHS Manchester CCG,6/30/2018,Hcare Srv Rec NHS Trust-Non Contract,NCAS/OATS,SURREY AND SUSSEX HEALTHCARE NHS TRUST,22490190,"40,140.34 ",,11964980
Department of Health,NHS Manchester CCG,6/30/2018,Hcare Srv Rec Fdtn Trust-Contract Baseline,ACUTE COMMISSIONING,TAMESIDE HOSPITAL NHS FOUNDATION TRUST,22490192,"429,713.54 ",654945109,T0000305
Department of Health,NHS Manchester CCG,6/30/2018,Hcare Srv Rec Fdtn Trust-Contract Baseline,COMMUNITY SERVICES,TAMESIDE HOSPITAL NHS FOUNDATION TRUST,22490192,"28,152.55 ",654945109,T0000305
Department of Health,NHS Manchester CCG,6/30/2018,Clinical&Medical-Independent Sector,MENTAL HEALTH SERVICES - SPECIALIST SERVICES,RAMSAY NEUROLOGICAL SERVICES,22520281,"43,234.50 ",,829008654
Department of Health,NHS Manchester CCG,6/30/2018,Hcare Srv Rec Fdtn Trust-Contract Baseline,ACUTE COMMISSIONING,MANCHESTER UNIVERSITY NHS FOUNDATION TRUST,22520307,"15,822,311.75 ",654415538,0000400013
Department of Health,NHS Manchester CCG,6/30/2018,Cont Care-NHSFT-Adult PD (65+),CHC ADULT FULLY FUNDED,MANCHESTER UNIVERSITY NHS FOUNDATION TRUST,22520308,"145,593.21 ",654415538,0000400012
Department of Health,NHS Manchester CCG,6/30/2018,Cont Care-NHSFT-Adult PD (<65),CHC ADULT FULLY FUNDED,MANCHESTER UNIVERSITY NHS FOUNDATION TRUST,22520308,"89,595.81 ",654415538,0000400012
Department of Health,NHS Manchester CCG,6/30/2018,Cont Care-NHSFT-Children,CHC CHILDREN,MANCHESTER UNIVERSITY NHS FOUNDATION TRUST,22520308,"78,527.50 ",654415538,0000400012
Department of Health,NHS Manchester CCG,6/30/2018,Hcare Srv Rec Fdtn Trust-CQUIN,ACUTE COMMISSIONING,MANCHESTER UNIVERSITY NHS FOUNDATION TRUST,22520308,"564,030.38 ",654415538,0000400012
Department of Health,NHS Manchester CCG,6/30/2018,Hcare Srv Rec Fdtn Trust-CQUIN,COMMUNITY SERVICES,MANCHESTER UNIVERSITY NHS FOUNDATION TRUST,22520308,"72,158.22 ",654415538,0000400012
Department of Health,NHS Manchester CCG,6/30/2018,Hcare Srv Rec Fdtn Trust-Contract Baseline,ACUTE COMMISSIONING,MANCHESTER UNIVERSITY NHS FOUNDATION TRUST,22520308,"7,227,918.35 ",654415538,0000400012
Department of Health,NHS Manchester CCG,6/30/2018,Hcare Srv Rec Fdtn Trust-Contract Baseline,COMMUNITY SERVICES,MANCHESTER UNIVERSITY NHS FOUNDATION TRUST,22520308,"5,201,530.48 ",654415538,0000400012
Department of Health,NHS Manchester CCG,6/30/2018,Hcare Srv Rec Fdtn Trust-Contract Baseline,MENTAL HEALTH CONTRACTS,MANCHESTER UNIVERSITY NHS FOUNDATION TRUST,22520308,"647,354.18 ",654415538,0000400012
Department of Health,NHS Manchester CCG,6/30/2018,Hlthcre-Foundation Trsts,LEARNING DIFFICULTIES,MANCHESTER UNIVERSITY NHS FOUNDATION TRUST,22520308,"335,988.88 ",654415538,0000400012
Department of Health,NHS Manchester CCG,6/30/2018,Clinical&Medical-Commercial Sector,ACUTE COMMISSIONING,BMI HEALTHCARE COLLECTIONS,22520309,"97,591.87 ",,0000091722
Department of Health,NHS Manchester CCG,6/30/2018,Hcare Srv Rec Fdtn Trust-Contract Baseline,ACUTE COMMISSIONING,ROYAL BOLTON HOSPITAL NHS FOUNDATION TRUST,22520327,"36,477.25 ",,0001049001
Department of Health,NHS Manchester CCG,6/30/2018,Hcare Srv Rec Fdtn Trust-Contract Baseline,ACUTE COMMISSIONING,WRIGHTINGTON WIGAN & LEIGH NHS FOUNDATION TRUST,22520328,"57,841.00 ",GB654951509,55578038
Department of Health,NHS Manchester CCG,6/30/2018,Clinical&Medical-Independent Sector,REABLEMENT,URBAN VILLAGE MEDICAL CENTRE,22520714,"93,872.75 ",,MPATHMCRCCGQ118
Department of Health,NHS Manchester CCG,6/30/2018,Hcare Srv Rec NHS Trust-Non Contract,ACUTE COMMISSIONING,PENNINE ACUTE HOSPITALS NHS TRUST,22534692,"78,702.00 ",654418333,A0002770
Department of Health,NHS Manchester CCG,6/30/2018,Hcare Srv Rec NHS Trust-Non Contract,ACUTE COMMISSIONING,PENNINE ACUTE HOSPITALS NHS TRUST,22534698,"78,978.00 ",654418333,A0004228
Department of Health,NHS Manchester CCG,6/30/2018,Hcare Srv Rec NHS Trust-Non Contract,ACUTE COMMISSIONING,PENNINE ACUTE HOSPITALS NHS TRUST,22534700,"78,978.00 ",654418333,A0004235
Department of Health,NHS Manchester CCG,6/30/2018,Hcare Srv Rec NHS Trust-Non Contract,ACUTE COMMISSIONING,PENNINE ACUTE HOSPITALS NHS TRUST,22534703,"43,142.00 ",654418333,A0004649
Department of Health,NHS Manchester CCG,6/30/2018,Hcare Srv Rec NHS Trust-Non Contract,ACUTE COMMISSIONING,PENNINE ACUTE HOSPITALS NHS TRUST,22534706,"102,000.00 ",654418333,A0005590
Department of Health,NHS Manchester CCG,6/30/2018,Clinical&Medical-Commercial Sector,ACUTE COMMISSIONING,SPAMEDICA LTD,22534707,"85,005.84 ",,NHSMAN030
Department of Health,NHS Manchester CCG,6/30/2018,Hcare Srv Rec NHS Trust-Non Contract,ACUTE COMMISSIONING,PENNINE ACUTE HOSPITALS NHS TRUST,22534714,"(250,000.00)",654418333,Y0000666
Department of Health,NHS Manchester CCG,6/30/2018,Clinical&Medical-Independent Sector,MENTAL HEALTH CONTRACTS,CREATIVE SUPPORT LTD,22534722,"28,187.75 ",,0000319529
Department of Health,NHS Manchester CCG,6/30/2018,Clinical&Medical-Independent Sector,MENTAL HEALTH CONTRACTS,CREATIVE SUPPORT LTD,22534729,"28,187.75 ",,0000319530
Department of Health,NHS Manchester CCG,6/30/2018,Clinical&Medical-Independent Sector,MENTAL HEALTH CONTRACTS,PANKHURST TRUST,22534748,"27,500.00 ",,AL050
Department of Health,NHS Manchester CCG,6/30/2018,Clinical&Medical-Independent Sector,MENTAL HEALTH CONTRACTS,PANKHURST TRUST,22534757,"27,500.00 ",,AL037
Department of Health,NHS Manchester CCG,6/30/2018,Other professional fees,CEO/ BOARD OFFICE,ADVISORY BOARD CO (THE),22534784,"27,175.00 ",,CINV162208
Department of Health,NHS Manchester CCG,6/30/2018,Clinical&Medical-Voluntary Sector,MENTAL HEALTH SERVICES - WINTER RESILIENCE,42ND STREET LTD,22534788,"26,155.50 ",,GRN1302
Department of Health,NHS Manchester CCG,6/30/2018,Clinical&Medical-Voluntary Sector,MENTAL HEALTH CONTRACTS,42ND STREET LTD,22536794,"25,709.58 ",,GRN1301
Department of Health,NHS Manchester CCG,6/30/2018,Clinical&Medical-Independent Sector,MENTAL HEALTH CONTRACTS,MAKING SPACE,22545355,"92,595.90 ",,GFI001192063
Department of Health,NHS Manchester CCG,6/30/2018,Hcare Srv Rec Fdtn Trust-Contract Baseline,ACUTE COMMISSIONING,CHRISTIE HOSPITAL NHS FOUNDATION TRUST,22545549,"299,599.25 ",,30143
Department of Health,NHS Manchester CCG,6/30/2018,Hcare Srv Rec Fdtn Trust-Contract Baseline,ACUTE COMMISSIONING,CHRISTIE HOSPITAL NHS FOUNDATION TRUST,22545556,"293,203.80 ",,30188
Department of Health,NHS Manchester CCG,6/30/2018,Hcare Srv Rec Fdtn Trust-Contract Baseline,ACUTE COMMISSIONING,CHRISTIE HOSPITAL NHS FOUNDATION TRUST,22545590,"(299,599.25)",,CRN1030143
Department of Health,NHS Manchester CCG,6/30/2018,Clinical&Medical-Voluntary Sector,MENTAL HEALTH CONTRACTS,ALTERNATIVE FUTURES GROUP,22545593,"80,607.53 ",,AFSI059855
Department of Health,NHS Manchester CCG,6/30/2018,Hcare Srv Rec Fdtn Trust-CQUIN,ACUTE COMMISSIONING,SALFORD ROYAL HOSPITALS NHS FOUNDATION TRUST,22545618,"32,873.00 ",,S0016905
Department of Health,NHS Manchester CCG,6/30/2018,Hcare Srv Rec Fdtn Trust-Contract Baseline,ACUTE COMMISSIONING,SALFORD ROYAL HOSPITALS NHS FOUNDATION TRUST,22545618,"1,314,931.00 ",,S0016905
Department of Health,NHS Manchester CCG,6/30/2018,Hcare Srv Rec NHS Trust-Contract Baseline,ACUTE COMMISSIONING,LEEDS TEACHING HOSPITALS NHS TRUST,22561853,"28,586.90 ",,1410096223
Department of Health,NHS Manchester CCG,6/30/2018,Hcare Srv Rec Fdtn Trust-Contract Baseline,ACUTE COMMISSIONING,STOCKPORT NHS FOUNDATION TRUST,22561856,"299,489.34 ",,40075447
Department of Health,NHS Manchester CCG,6/30/2018,Hcare Srv Rec Fdtn Trust-Contract Baseline,COMMUNITY SERVICES,STOCKPORT NHS FOUNDATION TRUST,22561858,"25,196.32 ",,40075456
Department of Health,NHS Manchester CCG,6/30/2018,Hcare Srv Rec NHS Trust-Contract Baseline,AMBULANCE SERVICES,NORTH WEST AMBULANCE SERVICE NHS TRUST,22561861,"1,573,552.00 ",654435138,4110038645
Department of Health,NHS Manchester CCG,6/30/2018,Clinical&Medical-Commercial Sector,COMMUNITY SERVICES,CONCORDIA SPECIALIST CARE SERVICES,22588968,"30,728.64 ",143786783,CENTRALMANAPR18
Department of Health,NHS Manchester CCG,6/30/2018,Clinical&Medical-Commercial Sector,ACUTE COMMISSIONING,INHEALTH CATS LTD,22611013,"89,381.65 ",,CATIN000321
Department of Health,NHS Manchester CCG,6/30/2018,Clinical&Medical-Independent Sector,MENTAL HEALTH CONTRACTS,TURNING POINT (SERVICES) LTD,22617449,"64,857.42 ",447222460,SITPS00017991
Department of Health,NHS Manchester CCG,6/30/2018,Clinical&Medical-Independent Sector,MENTAL HEALTH CONTRACTS,TURNING POINT (SERVICES) LTD,22617450,"52,446.10 ",447222460,SITPS00017992
Department of Health,NHS Manchester CCG,6/30/2018,Hcare Srv Rec Fdtn Trust-Contract Baseline,MENTAL HEALTH CONTRACTS,GREATER MANCHESTER WEST MENTAL HEALTH NHS FOUNDATION TRUST,22624699,"61,760.56 ",654929594,0000027758
Department of Health,NHS Manchester CCG,6/30/2018,Hcare Srv Rec Fdtn Trust-Contract Baseline,MENTAL HEALTH CONTRACTS,GREATER MANCHESTER WEST MENTAL HEALTH NHS FOUNDATION TRUST,22627867,"61,760.55 ",654929594,0000028027
Department of Health,NHS Manchester CCG,6/30/2018,Hcare Srv Rec Fdtn Trust-Contract Baseline,MENTAL HEALTH CONTRACTS,PENNINE CARE NHS FOUNDATION TRUST,22627878,"134,052.00 ",,1010028781
Department of Health,NHS Manchester CCG,6/30/2018,Seconded-Basic Sal-Staff fm oth org,NON RECURRENT PROGRAMMES,SALFORD ROYAL HOSPITALS NHS FOUNDATION TRUST,22628214,"201,750.00 ",,S0013711
Department of Health,NHS Manchester CCG,6/30/2018,C&M-Commercial Sector - CQUIN,COMMUNITY SERVICES,BEING THERE,22628257,"27,104.62 ",654447618,MAN022018
Department of Health,NHS Manchester CCG,6/30/2018,Clinical&Medical-Serv Recd-NHS Trst,NHS 111,NORTH WEST AMBULANCE SERVICE NHS TRUST,22628268,"49,471.00 ",654435138,4110038583
Department of Health,NHS Manchester CCG,6/30/2018,Clinical&Medical-Serv Recd-NHS Trst,PATIENT TRANSPORT,NORTH WEST AMBULANCE SERVICE NHS TRUST,22628272,"228,754.00 ",654435138,4110038703
Department of Health,NHS Manchester CCG,6/30/2018,Clinical&Medical-Commercial Sector,ACUTE COMMISSIONING,BEACON MEDICAL SERVICES GROUP,22628290,"45,526.00 ",,2018BMSGMENT48
Department of Health,NHS Manchester CCG,6/30/2018,Clinical&Medical-Commercial Sector,PLANNED CARE,ALLIANCE MEDICAL LTD,22628292,"45,595.94 ",GB 523318667,AML097422
Department of Health,NHS Manchester CCG,6/30/2018,Hcare Srv Rec Fdtn Trust-Contract Baseline,MENTAL HEALTH CONTRACTS,GREATER MANCHESTER WEST MENTAL HEALTH NHS FOUNDATION TRUST,22628463,"6,593,127.36 ",654929594,0000028404
Department of Health,NHS Manchester CCG,6/30/2018,Hcare Srv Rec Fdtn Trust-Contract Baseline,IMPROVING ACCESS TO PSYCHOLOGICAL THERAPIES,GREATER MANCHESTER WEST MENTAL HEALTH NHS FOUNDATION TRUST,22628466,"231,103.98 ",654929594,0000028455
Department of Health,NHS Manchester CCG,6/30/2018,Hcare Srv Rec Fdtn Trust-CQUIN,MENTAL HEALTH CONTRACTS,GREATER MANCHESTER WEST MENTAL HEALTH NHS FOUNDATION TRUST,22628471,"475,232.36 ",654929594,0000028441
Department of Health,NHS Manchester CCG,6/30/2018,Income tax <1Yr,BALANCE SHEET,HMRC,22633846,"174,295.73 ",,120PQ005592201902
Department of Health,NHS Manchester CCG,6/30/2018,National Insurance < 1 yr-NI- ERS,BALANCE SHEET,HMRC,22633846,"123,347.00 ",,120PQ005592201902
Department of Health,NHS Manchester CCG,6/30/2018,National Insurance < 1 yr-NI-EES,BALANCE SHEET,HMRC,22633846,"101,370.28 ",,120PQ005592201902
Department of Health,NHS Manchester CCG,6/30/2018,Rent,RECHARGES NHS PROPERTY SERVICES LTD,NHS PROPERTY SERVICES LTD,22643150,"84,967.00 ",156725100,NAVS03506
Department of Health,NHS Manchester CCG,6/30/2018,Clinical&Medical-Commercial Sector,PLANNED CARE,PDS MEDICAL,22643239,"35,325.36 ",,00032
Department of Health,NHS Manchester CCG,6/30/2018,Clinical&Medical-Commercial Sector,ACUTE COMMISSIONING,INHEALTH CATS LTD,22643246,"83,280.94 ",,CATIN000312
Department of Health,NHS Manchester CCG,6/30/2018,Clinical&Medical-Commercial Sector,ACUTE COMMISSIONING,SPIRE HEALTHCARE LTD,22643305,"69,268.21 ",915970991,14LMANREC171812
Department of Health,NHS Manchester CCG,6/30/2018,Hcare Srv Rec NHS Trust-Contract Baseline,AMBULANCE SERVICES,NORTH WEST AMBULANCE SERVICE NHS TRUST,22657905,"28,256.00 ",654435138,4110038551
Department of Health,NHS Manchester CCG,6/30/2018,Hcare Srv Rec NHS Trust-Contract Baseline,AMBULANCE SERVICES,NORTH WEST AMBULANCE SERVICE NHS TRUST,22657922,"28,256.00 ",654435138,4110038520
Department of Health,NHS Manchester CCG,6/30/2018,Clinical&Medical-Othe Public Sector,WINTER RESILIENCE,MANCHESTER CITY COUNCIL,22689628,"750,000.00 ",,8500536732
Department of Health,NHS Manchester CCG,6/30/2018,Programme Support Costs,PROGRAMME PROJECTS,GREATER MANCHESTER COMBINED AUTHORITY (GMCA),22711182,"50,000.00 ",287158171,610724
Department of Health,NHS Manchester CCG,6/30/2018,Hcare Srv Rec NHS Trust-Contract Baseline,COMMUNITY SERVICES,PENNINE ACUTE HOSPITALS NHS TRUST,22732305,"1,390,822.00 ",654418333,A0006341
Department of Health,NHS Manchester CCG,6/30/2018,Hcare Srv Rec NHS Trust-Contract Baseline,COMMUNITY SERVICES,PENNINE ACUTE HOSPITALS NHS TRUST,22732358,"(1,390,822.00)",654418333,Y0000715
Department of Health,NHS Manchester CCG,6/30/2018,Cont Care- Adult 100% Fully Funded,CHC AD FULL FUND PERS HLTH BUD,M IQBAL,22741167,"25,561.92 ",,JUL2018PHB15
Department of Health,NHS Manchester CCG,6/30/2018,Clinical&Medical-Serv Recd-CCGs,PRIMARY CARE IT,NHS OLDHAM CCG,22748175,"146,691.00 ",,7011703769
Department of Health,NHS Manchester CCG,6/30/2018,Clinical&Medical-Serv Recd-CCGs,PROGRAMME PROJECTS,NHS OLDHAM CCG,22748181,"128,819.00 ",,7011703923
Department of Health,NHS Manchester CCG,6/30/2018,Cont Care-Physical Disab (65+),CHC ADULT FULLY FUNDED,SURECARE (UK) LTD,22748222,"27,455.45 ",,310518
Department of Health,NHS Manchester CCG,6/30/2018,Clinical&Medical-Serv Recd-CCGs,PRIMARY CARE IT,NHS OLDHAM CCG,22748231,"146,691.00 ",,7011704062
Department of Health,NHS Manchester CCG,6/30/2018,Clinical&Medical-Serv Recd-NHS Trst,NHS 111,NORTH WEST AMBULANCE SERVICE NHS TRUST,22748280,"105,472.00 ",654435138,4110038794
Department of Health,NHS Manchester CCG,6/30/2018,Clinical&Medical-Serv Recd-NHS Trst,NHS 111,NORTH WEST AMBULANCE SERVICE NHS TRUST,22748282,"(49,471.00)",654435138,2064
Department of Health,NHS Manchester CCG,6/30/2018,Programme Support Costs,PRIMARY CARE DEVELOPMENT,INTERMEDICAL (UK) LTD,22787893,"97,200.00 ",GB707272150,64123
Department of Health,NHS Manchester CCG,6/30/2018,Clinical&Medical-Voluntary Sector,COMMUNITY SERVICES,BIG LIFE SERVICES,22787895,"27,661.25 ",,0000041657
Department of Health,NHS Manchester CCG,6/30/2018,Clinical&Medical-Commercial Sector,COMMUNITY SERVICES,PAIN MANAGEMENT SOLUTIONS LTD,22787896,"59,362.80 ",,INV2642
Department of Health,NHS Manchester CCG,6/30/2018,Clinical&Medical-Commercial Sector,ACUTE COMMISSIONING,OAKLANDS HOSPITAL,22787899,"63,530.26 ",GB 426505170,M4450218REC
Department of Health,NHS Manchester CCG,6/30/2018,Cont Care-Learning Disab(<65),CHC ADULT FULLY FUNDED,ZENO LTD,22787943,"34,155.81 ",,9149
Department of Health,NHS Manchester CCG,6/30/2018,Seconded-Basic Sal-Staff fm oth org,NON RECURRENT PROGRAMMES,CHRISTIE HOSPITAL NHS FOUNDATION TRUST,22789969,"56,000.00 ",,30216
Department of Health,NHS Manchester CCG,6/30/2018,Clinical&Medical-Independent Sector,MENTAL HEALTH SERVICES - NOT CONTRACTED ACTIVITY,K BOND HEALTHCARE LTD,22789976,"30,246.60 ",,ALLRES62018
Department of Health,NHS Manchester CCG,6/30/2018,Clinical&Medical-Othe Public Sector,COMMUNITY SERVICES,MANCHESTER CITY COUNCIL,22789978,"198,939.00 ",,8500538348
Department of Health,NHS Manchester CCG,6/30/2018,Clinical&Medical-Commercial Sector,ACUTE COMMISSIONING,OAKLANDS HOSPITAL,22789981,"44,011.08 ",GB 426505170,M4450318REC
Department of Health,NHS Manchester CCG,6/30/2018,Clinical&Medical-Commercial Sector,ACUTE COMMISSIONING,SPIRE HEALTHCARE LTD,22789989,"174,975.00 ",915970991,14LMANPF181903
Department of Health,NHS Manchester CCG,6/30/2018,Clinical&Medical-Voluntary Sector,CARERS,MANCHESTER CARERS CENTRE,22790040,"80,904.00 ",,170444
Department of Health,NHS Manchester CCG,6/30/2018,Clinical&Medical-Commercial Sector,PLANNED CARE,MEDISCAN DIAGNOSTIC SERVICES LTD,22790178,"56,328.00 ",,INV002993
Department of Health,NHS Manchester CCG,6/30/2018,Hlthcre-Foundation Trsts,WINTER RESILIENCE,GREATER MANCHESTER WEST MENTAL HEALTH NHS FOUNDATION TRUST,22810910,"45,393.07 ",654929594,0000026905
Department of Health,NHS Manchester CCG,6/30/2018,Hcare Srv Rec Fdtn Trust-Contract Baseline,MENTAL HEALTH CONTRACTS,GREATER MANCHESTER WEST MENTAL HEALTH NHS FOUNDATION TRUST,22810918,"(136,888.00)",654929594,0000010524
Department of Health,NHS Manchester CCG,6/30/2018,Hlthcre-Foundation Trsts,WINTER RESILIENCE,GREATER MANCHESTER WEST MENTAL HEALTH NHS FOUNDATION TRUST,22810920,"(45,393.07)",654929594,0000010523
Department of Health,NHS Manchester CCG,6/30/2018,Hcare Srv Rec Fdtn Trust-Contract Cost per Case,MENTAL HEALTH SERVICES - ADULTS,GREATER MANCHESTER WEST MENTAL HEALTH NHS FOUNDATION TRUST,22810988,"(183,333.33)",654929594,0000010561
Department of Health,NHS Manchester CCG,6/30/2018,Hcare Srv Rec NHS Trust-Contract Baseline,COMMUNITY SERVICES,PENNINE ACUTE HOSPITALS NHS TRUST,22811047,"133,011.29 ",654418333,A0007886
Department of Health,NHS Manchester CCG,6/30/2018,Hcare Srv Rec NHS Trust-CQUIN,ACUTE COMMISSIONING,PENNINE ACUTE HOSPITALS NHS TRUST,22811051,"6,324,515.42 ",654418333,A0007885
Department of Health,NHS Manchester CCG,6/30/2018,Hcare Srv Rec NHS Trust-Contract Baseline,ACUTE COMMISSIONING,PENNINE ACUTE HOSPITALS NHS TRUST,22811051,"142,484.58 ",654418333,A0007885
Department of Health,NHS Manchester CCG,6/30/2018,Clinical&Medical-Voluntary Sector,MENTAL HEALTH CONTRACTS,LGBT FOUNDATION LTD,22825332,"63,794.40 ",GB792663881,3609
Department of Health,NHS Manchester CCG,6/30/2018,Clinical&Medical-Independent Sector,MENTAL HEALTH CONTRACTS,MAKING SPACE,22825338,"92,595.90 ",,GFI001192064
Department of Health,NHS Manchester CCG,6/30/2018,Non-PFI Oprtng Lease-Bldgs-Lease Rent,RECHARGES NHS PROPERTY SERVICES LTD,NHS PROPERTY SERVICES LTD,22825352,"39,830.09 ",156725100,H64597
Department of Health,NHS Manchester CCG,6/30/2018,Cont Care-Funded Nursing Care Allow,FUNDED NURSING CARE,ADVINIA HEALTH CARE LTD,22837383,"37,977.10 ",,FNCSCH318AI
Department of Health,NHS Manchester CCG,6/30/2018,Cont Care-Funded Nursing Care Allow,FUNDED NURSING CARE,HC ONE LTD,22837463,"32,402.89 ",218770886,FNCSCH318BA
Department of Health,NHS Manchester CCG,6/30/2018,Programme Support Costs,PRIMARY CARE DEVELOPMENT,NORTHERN HEALTH GPPO LTD,22845106,"95,545.00 ",,115
Department of Health,NHS Manchester CCG,6/30/2018,Clinical&Medical-Commercial Sector,COMMISSIONING SCHEMES,NORTHERN HEALTH GPPO LTD,22845111,"45,037.00 ",,117
Department of Health,NHS Manchester CCG,6/30/2018,Hcare Srv Rec NHS CCG-Non Contract,END OF LIFE,NHS ENGLAND,22845144,"38,967.00 ",654 442 045,7000028069
Department of Health,NHS Manchester CCG,6/30/2018,Clinical&Medical-Voluntary Sector,ACUTE COMMISSIONING,MARIE STOPES INTERNATIONAL,22853141,"45,809.56 ",882426016,MS181060
Department of Health,NHS Manchester CCG,6/30/2018,Hcare Srv Rec Fdtn Trust-Contract Baseline,COMMUNITY SERVICES,PENNINE CARE NHS FOUNDATION TRUST,22853157,"42,807.00 ",,1010029473
,,,,,,,,,
