Department family,Entity,Date,Expense Type,Expense area,Supplier,Transaction number,AP Amount (�),VAT registration number,Purchase invoice number
Department of Health,NHS South Devon And Torbay CCG,30/04/2018,Hcare Srv Rec NHS Trust-Contract Baseline,COMMUNITY SERVICES,NORTHERN DEVON HEALTHCARE NHS TRUST,21568560,"-68,169.00",654933903,C725553
Department of Health,NHS South Devon And Torbay CCG,30/04/2018,Hcare Srv Rec Fdtn Trust-Contract Baseline,ACUTE COMMISSIONING,ROYAL DEVON AND EXETER NHS FOUNDATION TRUST,21568561,"-583,066.00",,26364797
Department of Health,NHS South Devon And Torbay CCG,30/04/2018,Hcare Srv Rec NHS Trust-Contract Baseline,ACUTE COMMISSIONING,NORTH BRISTOL NHS TRUST,21568562,"45,477.00",,347992
Department of Health,NHS South Devon And Torbay CCG,30/04/2018,Hcare Srv Rec Fdtn Trust-Contract Baseline,ACUTE COMMISSIONING,UNIVERSITY HOSPITALS BRISTOL NHS FOUNDATION TRUST,21568564,"57,717.62",654948491,R0001712
Department of Health,NHS South Devon And Torbay CCG,30/04/2018,Hcare Srv Rec Fdtn Trust-Contract Baseline,ACUTE COMMISSIONING,ROYAL DEVON AND EXETER NHS FOUNDATION TRUST,21568568,"1,432,415.00",,26365263
Department of Health,NHS South Devon And Torbay CCG,30/04/2018,Hcare Srv Rec Fdtn Trust-Contract Baseline,ACUTE COMMISSIONING,ROYAL DEVON AND EXETER NHS FOUNDATION TRUST,21569136,"2,097,351.00",,26363964
Department of Health,NHS South Devon And Torbay CCG,30/04/2018,Clinical&Medical-Othe Public Sector,Mental Health Services - S117 Mental Health,DEVON COUNTY COUNCIL,21638578,"262,061.14",,54043969
Department of Health,NHS South Devon And Torbay CCG,30/04/2018,Clinical&Medical-Othe Public Sector,LONG TERM CONDITIONS,DEVON COUNTY COUNCIL,21638600,"27,206.86",,54038980
Department of Health,NHS South Devon And Torbay CCG,30/04/2018,Hcare Srv Rec NHS Trust-Contract Baseline,MENTAL HEALTH CONTRACTS,DEVON PARTNERSHIP NHS TRUST,21649338,"2,452,905.59",654400557,67042594
Department of Health,NHS South Devon And Torbay CCG,30/04/2018,Clinical&Medical-Independent Sector,ACUTE COMMISSIONING,MOUNT STUART HOSPITAL,21649339,"595,429.00",,TQ31032018
Department of Health,NHS South Devon And Torbay CCG,30/04/2018,Income tax <1Yr,BALANCE SHEET,HMRC,21661672,"59,638.94",,120PR005744411812
Department of Health,NHS South Devon And Torbay CCG,30/04/2018,National Insurance < 1 yr-NI- ERS,BALANCE SHEET,HMRC,21661672,"41,045.26",,120PR005744411812
Department of Health,NHS South Devon And Torbay CCG,30/04/2018,National Insurance < 1 yr-NI-EES,BALANCE SHEET,HMRC,21661672,"28,443.85",,120PR005744411812
Department of Health,NHS South Devon And Torbay CCG,30/04/2018,Clinical&Medical-Independent Sector,COMMUNITY SERVICES,LIVEWELL SOUTHWEST,21694399,"52,917.00",120536356,41131740
Department of Health,NHS South Devon And Torbay CCG,30/04/2018,Computer Hardware Purch,PRIMARY CARE IT,DELL CORPORATION LTD,21733660,"37,750.00",635823528,7402428933
Department of Health,NHS South Devon And Torbay CCG,30/04/2018,Clinical&Medical-Independent Sector,LOCAL ENHANCED SERVICES,ROCHE DIAGNOSTICS LTD,21755825,"50,628.19",189655151,6570872087
Department of Health,NHS South Devon And Torbay CCG,30/04/2018,Clinical&Medical-Independent Sector,NHS 111,DEVON DOCTORS LTD,21755827,"86,136.14",879740563,DOCI02770
Department of Health,NHS South Devon And Torbay CCG,30/04/2018,Clinical&Medical-Independent Sector,OUT OF HOURS,DEVON DOCTORS LTD,21755827,"228,858.55",879740563,DOCI02770
Department of Health,NHS South Devon And Torbay CCG,30/04/2018,Hcare Srv Rec NHS Trust-Contract Baseline,COMMUNITY SERVICES,NORTHERN DEVON HEALTHCARE NHS TRUST,21755829,"113,167.00",654933903,725845
Department of Health,NHS South Devon And Torbay CCG,30/04/2018,Hcare Srv Rec Fdtn Trust-Contract Baseline,AMBULANCE SERVICES,SOUTH WESTERN AMBULANCE SERVICE NHS FOUNDATION TRUST,21755832,"938,652.00",,6296252
Department of Health,NHS South Devon And Torbay CCG,30/04/2018,Clinical&Medical-Independent Sector,HOSPICES,ROWCROFT HOUSE FOUNDATION LTD,21755838,"190,080.36",,SIN027482
Department of Health,NHS South Devon And Torbay CCG,30/04/2018,Clinical&Medical-Independent Sector,NHS 111,DEVON DOCTORS LTD,21755840,"86,136.14",879740563,DOCI02780
Department of Health,NHS South Devon And Torbay CCG,30/04/2018,Clinical&Medical-Independent Sector,OUT OF HOURS,DEVON DOCTORS LTD,21755840,"228,858.55",879740563,DOCI02780
Department of Health,NHS South Devon And Torbay CCG,30/04/2018,Clinical&Medical-Othe Public Sector,REABLEMENT,DEVON COUNTY COUNCIL,21755841,"461,000.00",,54245701
Department of Health,NHS South Devon And Torbay CCG,30/04/2018,Clinical&Medical-Othe Public Sector,COMMUNITY SERVICES,TORBAY COUNCIL,21755900,"96,000.00",,102407-11-APR-2018
Department of Health,NHS South Devon And Torbay CCG,30/04/2018,Clinical&Medical-Othe Public Sector,Mental Health Services - S117 Mental Health,DEVON COUNTY COUNCIL,21755901,"162,038.87",,102408-11-APR-2018
Department of Health,NHS South Devon And Torbay CCG,30/04/2018,Clinical&Medical-Independent Sector,LOCAL ENHANCED SERVICES,XYTAL HEALTH MANAGEMENT LTD,21794087,"60,480.00",,12361
Department of Health,NHS South Devon And Torbay CCG,30/04/2018,Clinical&Medical-Independent Sector,COMMUNITY SERVICES,LIVEWELL SOUTHWEST,21828400,"52,917.00",120536356,41131925
Department of Health,NHS South Devon And Torbay CCG,30/04/2018,Clinical&Medical-Independent Sector,MENTAL HEALTH CONTRACTS,COMMUNITY CARE TRUST (SD) LTD,21845545,"285,168.90",,2253
Department of Health,NHS South Devon And Torbay CCG,30/04/2018,Clinical&Medical-Independent Sector,MENTAL HEALTH CONTRACTS,PLUSS ORGANISATION,21845548,"35,360.57",864292208,123344
Department of Health,NHS South Devon And Torbay CCG,30/04/2018,C&M-GMS Cost of Drugs -Dispensing,LOCAL ENHANCED SERVICES,HEALTH CENTRE CHILLINGTON KINGSBRIDGE,21912859,"-31,631.08",,DN000050020
Department of Health,NHS South Devon And Torbay CCG,30/04/2018,C&M-GMS Cost of Drugs -Dispensing,LOCAL ENHANCED SERVICES,HEALTH CENTRE CHILLINGTON KINGSBRIDGE,21912860,"67,872.17",,DN000050021
Department of Health,NHS South Devon And Torbay CCG,30/04/2018,C&M-PMS Cost of Drugs -Dispensing,LOCAL ENHANCED SERVICES,KINGSKERSWELL&IPPLEPEN MEDICAL PRACTICE,21912862,"-40,155.80",,DN000050023
Department of Health,NHS South Devon And Torbay CCG,30/04/2018,C&M-PMS Cost of Drugs -Dispensing,LOCAL ENHANCED SERVICES,KINGSKERSWELL&IPPLEPEN MEDICAL PRACTICE,21912863,"79,091.74",,DN000050024
Department of Health,NHS South Devon And Torbay CCG,30/04/2018,C&M-PMS Cost of Drugs -Dispensing,LOCAL ENHANCED SERVICES,SURGERY ASHBURTON,21912870,"34,134.71",879121305,DN000050031
Department of Health,NHS South Devon And Torbay CCG,30/04/2018,Hcare Srv Rec NHS Trust-Contract Baseline,ACUTE COMMISSIONING,PLYMOUTH HOSPITALS NHS TRUST,21940986,"387,511.00",,913049
Department of Health,NHS South Devon And Torbay CCG,30/04/2018,Prescribing Incentives,MEDICINES MANAGEMENT - CLINICAL,OPTUM HEALTH SOLUTIONS (UK) LTD,21942377,"52,695.48",GB108297604,1068176
Department of Health,NHS South Devon And Torbay CCG,30/04/2018,Prescribing Incentives,MEDICINES MANAGEMENT - CLINICAL,OPTUM HEALTH SOLUTIONS (UK) LTD,21942451,"-52,695.48",GB108297604,1082091
Department of Health,NHS South Devon And Torbay CCG,30/04/2018,Hcare Srv Rec Fdtn Trust-Contract Baseline,ACUTE COMMISSIONING,TORBAY AND SOUTH DEVON NHS FOUNDATION TRUST,21942501,"20,729,417.00",GB654941219,SDTBLOCKMAY2018
Department of Health,NHS South Devon And Torbay CCG,30/04/2018,Hcare Srv Rec NHS Trust-Contract Baseline,ACUTE COMMISSIONING,PLYMOUTH HOSPITALS NHS TRUST,21942523,"387,511.00",,913767
Department of Health,NHS South Devon And Torbay CCG,30/04/2018,Clinical&Medical-Othe Public Sector,COMMUNITY SERVICES,TORBAY COUNCIL,21942535,"56,594.36",,624893
Department of Health,NHS South Devon And Torbay CCG,30/04/2018,Hcare Srv Rec Fdtn Trust-Contract Baseline,ACUTE COMMISSIONING,UNIVERSITY HOSPITALS BRISTOL NHS FOUNDATION TRUST,21942577,"56,987.33",654948491,R0001727
Department of Health,NHS South Devon And Torbay CCG,30/04/2018,Hcare Srv Rec NHS Trust-Contract Baseline,COMMUNITY SERVICES,NORTHERN DEVON HEALTHCARE NHS TRUST,21942608,"113,167.00",654933903,725868
Department of Health,NHS South Devon And Torbay CCG,30/04/2018,Clinical&Medical-Serv Recd-CCGs,CHILDREN SERVICES,"NHS NORTH, EAST, WEST DEVON CCG",21942623,"329,770.00",654443336,7031003262
