Department family,Entity,Date,Expense Type,Expense area,Supplier,Transaction number,AP Amount (�),VAT registration number,Purchase invoice number
Department of Health,NHS South Devon And Torbay CCG,31/07/2018,Hcare Srv Rec NHS Trust-Contract Baseline,ACUTE COMMISSIONING,NORTH BRISTOL NHS TRUST,22861247,"-31,029.00",,350925
Department of Health,NHS South Devon And Torbay CCG,31/07/2018,Clinical&Medical-Independent Sector,MENTAL HEALTH CONTRACTS,PLUSS ORGANISATION,22929868,"37,060.57",864292208,123753
Department of Health,NHS South Devon And Torbay CCG,31/07/2018,Hlthcre-Foundation Trsts,NCAS/OATS,ROYAL BROMPTON & HAREFIELD NHS FOUNDATION TRUST,23013035,"189,567.24",,N002409
Department of Health,NHS South Devon And Torbay CCG,31/07/2018,Hlthcre-Foundation Trsts,NCAS/OATS,ROYAL BROMPTON & HAREFIELD NHS FOUNDATION TRUST,23013038,"-151,672.44",,C0014575
Department of Health,NHS South Devon And Torbay CCG,31/07/2018,Clinical&Medical-Independent Sector,ACUTE COMMISSIONING,MOUNT STUART HOSPITAL,23013063,"595,429.00",,TQ30062018
Department of Health,NHS South Devon And Torbay CCG,31/07/2018,Hcare Srv Rec NHS Trust-Contract Baseline,MENTAL HEALTH CONTRACTS,DEVON PARTNERSHIP NHS TRUST,23013073,"2,483,047.58",654400557,67042933
Department of Health,NHS South Devon And Torbay CCG,31/07/2018,Clinical&Medical-Serv Recd-CCGs,CHILDREN SERVICES,"NHS NORTH, EAST, WEST DEVON CCG",23013120,"329,770.00",654443336,7031003543
Department of Health,NHS South Devon And Torbay CCG,31/07/2018,Income tax <1Yr,BALANCE SHEET,HMRC,23017974,"55,799.80",,120PR005744411903
Department of Health,NHS South Devon And Torbay CCG,31/07/2018,National Insurance < 1 yr-NI- ERS,BALANCE SHEET,HMRC,23017974,"39,994.93",,120PR005744411903
Department of Health,NHS South Devon And Torbay CCG,31/07/2018,National Insurance < 1 yr-NI-EES,BALANCE SHEET,HMRC,23017974,"28,129.97",,120PR005744411903
Department of Health,NHS South Devon And Torbay CCG,31/07/2018,Hcare Srv Rec Fdtn Trust-Contract Baseline,ACUTE COMMISSIONING,ROYAL DEVON AND EXETER NHS FOUNDATION TRUST,23026230,"1,448,464.00",,26369153
Department of Health,NHS South Devon And Torbay CCG,31/07/2018,Hcare Srv Rec Fdtn Trust-Contract Baseline,AMBULANCE SERVICES,SOUTH WESTERN AMBULANCE SERVICE NHS FOUNDATION TRUST,23026284,"948,330.00",,6296882
Department of Health,NHS South Devon And Torbay CCG,31/07/2018,Hlthcre-Foundation Trsts,NON RECURRENT PROGRAMMES,TORBAY AND SOUTH DEVON NHS FOUNDATION TRUST,23026288,"43,361.57",GB654941219,4069516
Department of Health,NHS South Devon And Torbay CCG,31/07/2018,Hcare Srv Rec Fdtn Trust-Contract Baseline,AMBULANCE SERVICES,SOUTH WESTERN AMBULANCE SERVICE NHS FOUNDATION TRUST,23133261,"-34,162.62",,6296929
Department of Health,NHS South Devon And Torbay CCG,31/07/2018,Clinical&Medical-Independent Sector,NHS 111,DEVON DOCTORS LTD,23153943,"86,136.14",879740563,DOCI02852
Department of Health,NHS South Devon And Torbay CCG,31/07/2018,Clinical&Medical-Independent Sector,OUT OF HOURS,DEVON DOCTORS LTD,23153943,"228,858.55",879740563,DOCI02852
Department of Health,NHS South Devon And Torbay CCG,31/07/2018,Clinical&Medical-Othe Public Sector,COMMUNITY SERVICES,TORBAY COUNCIL,23153944,"122,225.00",,690349
Department of Health,NHS South Devon And Torbay CCG,31/07/2018,Soc Care-Re-ablement services,REABLEMENT,DEVON COUNTY COUNCIL,23153946,"506,000.00",GB142 2081 13,54245731
Department of Health,NHS South Devon And Torbay CCG,31/07/2018,Chrgs from Internal SLA - Baseline,CONTINUING HEALTHCARE ASSESSMENT & SUPPORT,TORBAY AND SOUTH DEVON NHS FOUNDATION TRUST,23153948,"87,666.64",GB654941219,SDTBLOCKAUGUST2018
Department of Health,NHS South Devon And Torbay CCG,31/07/2018,Cont Care-NHSFT- FNC Allowance,FUNDED NURSING CARE,TORBAY AND SOUTH DEVON NHS FOUNDATION TRUST,23153948,"161,143.17",GB654941219,SDTBLOCKAUGUST2018
Department of Health,NHS South Devon And Torbay CCG,31/07/2018,Cont Care-NHSFT-Adult LD (<65),ADULT JOINT FUNDED CONTINUING CARE,TORBAY AND SOUTH DEVON NHS FOUNDATION TRUST,23153948,"55,225.01",GB654941219,SDTBLOCKAUGUST2018
Department of Health,NHS South Devon And Torbay CCG,31/07/2018,Cont Care-NHSFT-Adult LD (<65),Adult Joint Funded Continuing Care Personal Health Budgets,TORBAY AND SOUTH DEVON NHS FOUNDATION TRUST,23153948,"28,008.63",GB654941219,SDTBLOCKAUGUST2018
Department of Health,NHS South Devon And Torbay CCG,31/07/2018,Cont Care-NHSFT-Adult LD (<65),CHC AD FULL FUND PERS HLTH BUD,TORBAY AND SOUTH DEVON NHS FOUNDATION TRUST,23153948,"261,078.53",GB654941219,SDTBLOCKAUGUST2018
Department of Health,NHS South Devon And Torbay CCG,31/07/2018,Cont Care-NHSFT-Adult LD (<65),CHC ADULT FULLY FUNDED,TORBAY AND SOUTH DEVON NHS FOUNDATION TRUST,23153948,"1,811,761.36",GB654941219,SDTBLOCKAUGUST2018
Department of Health,NHS South Devon And Torbay CCG,31/07/2018,Hcare Srv Rec Fdtn Trust-Contract Baseline,ACUTE COMMISSIONING,TORBAY AND SOUTH DEVON NHS FOUNDATION TRUST,23153948,"14,659,067.66",GB654941219,SDTBLOCKAUGUST2018
Department of Health,NHS South Devon And Torbay CCG,31/07/2018,Hcare Srv Rec Fdtn Trust-Contract Baseline,COMMUNITY SERVICES,TORBAY AND SOUTH DEVON NHS FOUNDATION TRUST,23153948,"4,051,750.00",GB654941219,SDTBLOCKAUGUST2018
Department of Health,NHS South Devon And Torbay CCG,31/07/2018,Hcare Srv Rec Fdtn Trust-Contract Baseline,INTERMEDIATE CARE,TORBAY AND SOUTH DEVON NHS FOUNDATION TRUST,23153948,"157,166.39",GB654941219,SDTBLOCKAUGUST2018
Department of Health,NHS South Devon And Torbay CCG,31/07/2018,Hcare Srv Rec Fdtn Trust-Contract Baseline,LONG TERM CONDITIONS,TORBAY AND SOUTH DEVON NHS FOUNDATION TRUST,23153948,"240,750.28",GB654941219,SDTBLOCKAUGUST2018
Department of Health,NHS South Devon And Torbay CCG,31/07/2018,Clinical&Medical-Independent Sector,HOSPICES,ROWCROFT HOUSE FOUNDATION LTD,23153956,"190,080.36",,SIN028891
Department of Health,NHS South Devon And Torbay CCG,31/07/2018,Hcare Srv Rec NHS Trust-Contract Baseline,ACUTE COMMISSIONING,UNIVERSITY HOSPITALS PLYMOUTH NHS TRUST,23153957,"354,306.00",,916521
Department of Health,NHS South Devon And Torbay CCG,31/07/2018,Hcare Srv Rec NHS Trust-Contract Baseline,COMMUNITY SERVICES,NORTHERN DEVON HEALTHCARE NHS TRUST,23157250,"107,939.00",654933903,726323
Department of Health,NHS South Devon And Torbay CCG,31/07/2018,C&M-GMS Practice Transformational Support,LOCAL ENHANCED SERVICES,HAYTOR HEALTH LTD,23170408,"142,162.00",,SPCCB03
Department of Health,NHS South Devon And Torbay CCG,31/07/2018,C&M-PMS Practice Transformational Support,LOCAL ENHANCED SERVICES,HAYTOR HEALTH LTD,23170408,"444,680.00",,SPCCB03
Department of Health,NHS South Devon And Torbay CCG,31/07/2018,Clinical&Medical-Othe Public Sector,DEMENTIA,DEVON COUNTY COUNCIL,23197053,"101,000.00",GB142 2081 13,54245735
Department of Health,NHS South Devon And Torbay CCG,31/07/2018,C&M-GMS Cost of Drugs -Dispensing,LOCAL ENHANCED SERVICES,HEALTH CENTRE CHILLINGTON KINGSBRIDGE,23211993,"-35,916.32",,DN000052113
Department of Health,NHS South Devon And Torbay CCG,31/07/2018,C&M-GMS Cost of Drugs -Dispensing,LOCAL ENHANCED SERVICES,HEALTH CENTRE CHILLINGTON KINGSBRIDGE,23211994,"69,429.88",,DN000052114
Department of Health,NHS South Devon And Torbay CCG,31/07/2018,C&M-PMS Cost of Drugs -Dispensing,LOCAL ENHANCED SERVICES,KINGSKERSWELL&IPPLEPEN MEDICAL PRACTICE,23211996,"-41,176.47",,DN000052116
Department of Health,NHS South Devon And Torbay CCG,31/07/2018,C&M-PMS Cost of Drugs -Dispensing,LOCAL ENHANCED SERVICES,KINGSKERSWELL&IPPLEPEN MEDICAL PRACTICE,23211997,"83,793.26",,DN000052117
Department of Health,NHS South Devon And Torbay CCG,31/07/2018,C&M-PMS Cost of Drugs -Dispensing,LOCAL ENHANCED SERVICES,SURGERY ASHBURTON,23212002,"38,551.91",879121305,DN000052122
Department of Health,NHS South Devon And Torbay CCG,31/07/2018,Clinical&Medical-Independent Sector,COMMISSIONING SCHEMES,HAYTOR HEALTH LTD,23219155,"50,000.00",,BPMA004
Department of Health,NHS South Devon And Torbay CCG,31/07/2018,Clinical&Medical-Serv Recd-CCGs,COMMISSIONING - NON ACUTE,"NHS NORTH, EAST, WEST DEVON CCG",23219228,"136,629.75",654443336,7031003513
Department of Health,NHS South Devon And Torbay CCG,31/07/2018,Hcare Srv Rec Fdtn Trust-Contract Baseline,ACUTE COMMISSIONING,UNIVERSITY HOSPITALS BRISTOL NHS FOUNDATION TRUST,23219294,"57,347.25",654948491,R0001772
Department of Health,NHS South Devon And Torbay CCG,31/07/2018,Clinical&Medical-Independent Sector,COMMUNITY SERVICES,LIVEWELL SOUTHWEST,23219313,"52,917.00",120536356,41132314
