Department family,Entity,Date,Expense Type,Expense area,Supplier,Transaction number,AP Amount (�),VAT registration number,Purchase invoice number
Department of Health,NHS South Devon And Torbay CCG,30/11/2018,Hcare Srv Rec Fdtn Trust-Contract Baseline,ACUTE COMMISSIONING,TORBAY AND SOUTH DEVON NHS FOUNDATION TRUST,24556040,"30,000.00",GB654941219,4066644
Department of Health,NHS South Devon And Torbay CCG,30/11/2018,Hcare Srv Rec Fdtn Trust-Contract Baseline,ACUTE COMMISSIONING,TORBAY AND SOUTH DEVON NHS FOUNDATION TRUST,24556052,"-30,000.00",GB654941219,4071520
Department of Health,NHS South Devon And Torbay CCG,30/11/2018,Hcare Srv Rec Fdtn Trust-Contract Baseline,ACUTE COMMISSIONING,UNIVERSITY HOSPITALS BRISTOL NHS FOUNDATION TRUST,24556053,"57,347.24",654948491,R0001817
Department of Health,NHS South Devon And Torbay CCG,30/11/2018,Hcare Srv Rec NHS Trust-Contract Baseline,COMMUNITY SERVICES,NORTHERN DEVON HEALTHCARE NHS TRUST,24556060,"107,922.00",654933903,727176
Department of Health,NHS South Devon And Torbay CCG,30/11/2018,Clinical&Medical-Independent Sector,HOSPICES,ROWCROFT HOUSE FOUNDATION LTD,24556062,"190,080.36",,SIN030651
Department of Health,NHS South Devon And Torbay CCG,30/11/2018,Non-PFI Oprtng Lease-Bldgs-Lease Rent,ESTATES AND FACILITIES,NHS PROPERTY SERVICES LTD,24570947,"100,450.00",156725100,NAVS04106
Department of Health,NHS South Devon And Torbay CCG,30/11/2018,C&M-GP PRACTICE REVENUE - PCTF,GP FORWARD VIEW,SENTINEL HEALTHCARE SOUTHWEST CIC,24570952,"47,000.00",,INV1246
Department of Health,NHS South Devon And Torbay CCG,30/11/2018,Hcare Srv Rec Fdtn Trust-Contract Baseline,AMBULANCE SERVICES,SOUTH WESTERN AMBULANCE SERVICE NHS FOUNDATION TRUST,24573989,"939,789.00",654951019,6297793
Department of Health,NHS South Devon And Torbay CCG,30/11/2018,Clinical&Medical-Independent Sector,NHS 111,DEVON DOCTORS LTD,24618812,"86,136.14",879740563,DOCI02903
Department of Health,NHS South Devon And Torbay CCG,30/11/2018,Clinical&Medical-Independent Sector,OUT OF HOURS,DEVON DOCTORS LTD,24618812,"228,858.55",879740563,DOCI02903
Department of Health,NHS South Devon And Torbay CCG,30/11/2018,Hcare Srv Rec NHS Trust-Contract Baseline,MENTAL HEALTH CONTRACTS,DEVON PARTNERSHIP NHS TRUST,24618888,"2,482,945.75",654400557,67043478
Department of Health,NHS South Devon And Torbay CCG,30/11/2018,Clinical&Medical-Independent Sector,LOCAL ENHANCED SERVICES,ROCHE DIAGNOSTICS LTD,24638016,"28,528.49",189655151,6570794849
Department of Health,NHS South Devon And Torbay CCG,30/11/2018,Clinical&Medical-Independent Sector,LOCAL ENHANCED SERVICES,ROCHE DIAGNOSTICS LTD,24638019,"28,099.10",189655151,6570934892
Department of Health,NHS South Devon And Torbay CCG,30/11/2018,Clinical&Medical-Serv Recd-CCGs,COMMISSIONING - NON ACUTE,"NHS NORTH, EAST, WEST DEVON CCG",24638048,"136,629.75",654443336,7031004122
Department of Health,NHS South Devon And Torbay CCG,30/11/2018,C&M-GP PRACTICE REVENUE - PCTF,GP FORWARD VIEW,HAYTOR HEALTH LTD,24638051,"123,290.84",,BPMA010
Department of Health,NHS South Devon And Torbay CCG,30/11/2018,C&M-GP PRACTICE REVENUE - PCTF,GP FORWARD VIEW,HAYTOR HEALTH LTD,24638059,"320,000.00",,BPMA005
Department of Health,NHS South Devon And Torbay CCG,30/11/2018,Clinical&Medical-Serv Recd-CCGs,CHILDREN SERVICES,"NHS NORTH, EAST, WEST DEVON CCG",24638098,"329,770.00",654443336,7031004159
Department of Health,NHS South Devon And Torbay CCG,30/11/2018,Clinical&Medical-Independent Sector,NON RECURRENT PROGRAMMES,HEALTH NAVIGATOR LTD,24722631,"31,200.00",221770432,INVDEVON001
Department of Health,NHS South Devon And Torbay CCG,30/11/2018,Hcare Srv Rec Fdtn Trust-Contract Baseline,ACUTE COMMISSIONING,ROYAL DEVON AND EXETER NHS FOUNDATION TRUST,24722635,"1,448,464.00",654938887,26374821
Department of Health,NHS South Devon And Torbay CCG,30/11/2018,Clinical&Medical-Independent Sector,ACUTE COMMISSIONING,MOUNT STUART HOSPITAL,24722637,"595,429.00",,TQ30102018
Department of Health,NHS South Devon And Torbay CCG,30/11/2018,Hcare Srv Rec NHS Trust-Contract Baseline,ACUTE COMMISSIONING,NORTH BRISTOL NHS TRUST,24722645,"43,995.00",654970112,354909
Department of Health,NHS South Devon And Torbay CCG,30/11/2018,Income tax <1Yr,BALANCE SHEET,HMRC,24762037,"82,122.15",,120PR005744411907
Department of Health,NHS South Devon And Torbay CCG,30/11/2018,National Insurance < 1 yr-NI- ERS,BALANCE SHEET,HMRC,24762037,"39,950.88",,120PR005744411907
Department of Health,NHS South Devon And Torbay CCG,30/11/2018,National Insurance < 1 yr-NI-EES,BALANCE SHEET,HMRC,24762037,"27,326.44",,120PR005744411907
Department of Health,NHS South Devon And Torbay CCG,30/11/2018,Clinical&Medical-Independent Sector,ACUTE COMMISSIONING,MOUNT STUART HOSPITAL,24787448,"-61,486.00",,CNSDT15112018
Department of Health,NHS South Devon And Torbay CCG,30/11/2018,Clinical&Medical-Independent Sector,NON RECURRENT PROGRAMMES,SPECIALIST COMPUTER CENTRES PLC,24792354,"64,960.00",313651680,OPM507745
Department of Health,NHS South Devon And Torbay CCG,30/11/2018,Clinical&Medical-Othe Public Sector,REABLEMENT,DEVON COUNTY COUNCIL,24815179,"259,000.00",GB142 2081 13,54245775
Department of Health,NHS South Devon And Torbay CCG,30/11/2018,Soc Care-Re-ablement services,REABLEMENT,DEVON COUNTY COUNCIL,24815179,"179,000.00",GB142 2081 13,54245775
Department of Health,NHS South Devon And Torbay CCG,30/11/2018,Clinical&Medical-Independent Sector,NHS 111,DEVON DOCTORS LTD,24815196,"86,136.14",879740563,DOCI02951
Department of Health,NHS South Devon And Torbay CCG,30/11/2018,Clinical&Medical-Independent Sector,OUT OF HOURS,DEVON DOCTORS LTD,24815196,"253,515.83",879740563,DOCI02951
Department of Health,NHS South Devon And Torbay CCG,30/11/2018,Healthcare Srv Rec CCG,OUT OF HOURS,"NHS NORTH, EAST, WEST DEVON CCG",24815212,"49,176.11",654443336,7031004175
Department of Health,NHS South Devon And Torbay CCG,30/11/2018,Hcare Srv Rec NHS Trust-Contract Baseline,ACUTE COMMISSIONING,UNIVERSITY HOSPITALS PLYMOUTH NHS TRUST,24815246,"354,956.00",GB654936600,920034
Department of Health,NHS South Devon And Torbay CCG,30/11/2018,Hcare Srv Rec Fdtn Trust-Contract Baseline,ACUTE COMMISSIONING,TORBAY AND SOUTH DEVON NHS FOUNDATION TRUST,24832789,"116,617.61",GB654941219,4071467
Department of Health,NHS South Devon And Torbay CCG,30/11/2018,Clinical&Medical-Independent Sector,COMMUNITY SERVICES,LIVEWELL SOUTHWEST,24832867,"52,917.00",120536356,41132820
Department of Health,NHS South Devon And Torbay CCG,30/11/2018,Hcare Srv Rec Fdtn Trust-Contract Baseline,ACUTE COMMISSIONING,UNIVERSITY HOSPITALS BRISTOL NHS FOUNDATION TRUST,24868271,"57,347.22",654948491,R0001832
Department of Health,NHS South Devon And Torbay CCG,30/11/2018,Chrgs from Internal SLA - Baseline,CONTINUING HEALTHCARE ASSESSMENT & SUPPORT,TORBAY AND SOUTH DEVON NHS FOUNDATION TRUST,24887243,"87,666.64",GB654941219,SDTBLOCKDECEMBER2018
Department of Health,NHS South Devon And Torbay CCG,30/11/2018,Cont Care-NHSFT- FNC Allowance,FUNDED NURSING CARE,TORBAY AND SOUTH DEVON NHS FOUNDATION TRUST,24887243,"161,143.17",GB654941219,SDTBLOCKDECEMBER2018
Department of Health,NHS South Devon And Torbay CCG,30/11/2018,Cont Care-NHSFT-Adult LD (<65),ADULT JOINT FUNDED CONTINUING CARE,TORBAY AND SOUTH DEVON NHS FOUNDATION TRUST,24887243,"55,225.01",GB654941219,SDTBLOCKDECEMBER2018
Department of Health,NHS South Devon And Torbay CCG,30/11/2018,Cont Care-NHSFT-Adult LD (<65),Adult Joint Funded Continuing Care Personal Health Budgets,TORBAY AND SOUTH DEVON NHS FOUNDATION TRUST,24887243,"28,008.63",GB654941219,SDTBLOCKDECEMBER2018
Department of Health,NHS South Devon And Torbay CCG,30/11/2018,Cont Care-NHSFT-Adult LD (<65),CHC AD FULL FUND PERS HLTH BUD,TORBAY AND SOUTH DEVON NHS FOUNDATION TRUST,24887243,"261,078.53",GB654941219,SDTBLOCKDECEMBER2018
Department of Health,NHS South Devon And Torbay CCG,30/11/2018,Cont Care-NHSFT-Adult LD (<65),CHC ADULT FULLY FUNDED,TORBAY AND SOUTH DEVON NHS FOUNDATION TRUST,24887243,"1,811,761.36",GB654941219,SDTBLOCKDECEMBER2018
Department of Health,NHS South Devon And Torbay CCG,30/11/2018,Hcare Srv Rec Fdtn Trust-Contract Baseline,ACUTE COMMISSIONING,TORBAY AND SOUTH DEVON NHS FOUNDATION TRUST,24887243,"14,659,067.66",GB654941219,SDTBLOCKDECEMBER2018
Department of Health,NHS South Devon And Torbay CCG,30/11/2018,Hcare Srv Rec Fdtn Trust-Contract Baseline,COMMUNITY SERVICES,TORBAY AND SOUTH DEVON NHS FOUNDATION TRUST,24887243,"4,051,750.00",GB654941219,SDTBLOCKDECEMBER2018
Department of Health,NHS South Devon And Torbay CCG,30/11/2018,Hcare Srv Rec Fdtn Trust-Contract Baseline,INTERMEDIATE CARE,TORBAY AND SOUTH DEVON NHS FOUNDATION TRUST,24887243,"157,166.39",GB654941219,SDTBLOCKDECEMBER2018
Department of Health,NHS South Devon And Torbay CCG,30/11/2018,Hcare Srv Rec Fdtn Trust-Contract Baseline,LONG TERM CONDITIONS,TORBAY AND SOUTH DEVON NHS FOUNDATION TRUST,24887243,"240,750.28",GB654941219,SDTBLOCKDECEMBER2018
Department of Health,NHS South Devon And Torbay CCG,30/11/2018,Hcare Srv Rec Fdtn Trust-Contract Baseline,ACUTE COMMISSIONING,ROYAL DEVON AND EXETER NHS FOUNDATION TRUST,24887363,"1,448,464.00",654938887,26376157
Department of Health,NHS South Devon And Torbay CCG,30/11/2018,C&M-GMS Cost of Drugs -Dispensing,LOCAL ENHANCED SERVICES,HEALTH CENTRE CHILLINGTON KINGSBRIDGE,24930770,"-36,994.12",,DN000054830
Department of Health,NHS South Devon And Torbay CCG,30/11/2018,C&M-GMS Cost of Drugs -Dispensing,LOCAL ENHANCED SERVICES,HEALTH CENTRE CHILLINGTON KINGSBRIDGE,24930771,"78,872.42",,DN000054831
Department of Health,NHS South Devon And Torbay CCG,30/11/2018,C&M-PMS Cost of Drugs -Dispensing,LOCAL ENHANCED SERVICES,KINGSKERSWELL&IPPLEPEN MEDICAL PRACTICE,24930773,"-39,429.90",,DN000054833
Department of Health,NHS South Devon And Torbay CCG,30/11/2018,C&M-PMS Cost of Drugs -Dispensing,LOCAL ENHANCED SERVICES,KINGSKERSWELL&IPPLEPEN MEDICAL PRACTICE,24930774,"82,337.94",,DN000054834
Department of Health,NHS South Devon And Torbay CCG,30/11/2018,C&M-PMS Cost of Drugs -Dispensing,LOCAL ENHANCED SERVICES,SURGERY ASHBURTON,24930781,"35,574.99",879121305,DN000054841
Department of Health,NHS South Devon And Torbay CCG,30/11/2018,Hcare Srv Rec Fdtn Trust-Contract Baseline,AMBULANCE SERVICES,SOUTH WESTERN AMBULANCE SERVICE NHS FOUNDATION TRUST,24942247,"33,808.00",654951019,6297848
Department of Health,NHS South Devon And Torbay CCG,30/11/2018,Clinical&Medical-Serv Recd-CCGs,CHILD AND ADOLESCENT MENTAL HEALTH,"NHS NORTH, EAST, WEST DEVON CCG",24960000,"33,333.00",654443336,7031004200
Department of Health,NHS South Devon And Torbay CCG,30/11/2018,Clinical&Medical-Independent Sector,HOSPICES,ROWCROFT HOUSE FOUNDATION LTD,24960001,"190,080.36",,SIN031099
Department of Health,NHS South Devon And Torbay CCG,30/11/2018,Clinical&Medical-Othe Public Sector,CHILD AND ADOLESCENT MENTAL HEALTH,DEVON COUNTY COUNCIL,24960021,"27,570.72",GB142 2081 13,54103222
Department of Health,NHS South Devon And Torbay CCG,30/11/2018,Hcare Srv Rec NHS Trust-Contract Baseline,COMMUNITY SERVICES,NORTHERN DEVON HEALTHCARE NHS TRUST,24960023,"107,922.00",654933903,727493
