A3131 - Expenditure Over Threshold,,,,,,,
,,,,,,,
,,,,,,,
,,,,,,,
,,,,,,,
Department family,Entity,Date,Expense Type,Expense area,Supplier,Transaction number,AP Amount (�)
Department of Health,NHS South Worcestershire CCG,31/08/2018,Netwrkd assets(Owned)-Cost-Addns,BALANCE SHEET,PCTI SOLUTIONS LTD,23232793,"31,936.00 "
Department of Health,NHS South Worcestershire CCG,31/08/2018,C&M-PMS LES In House Services,LOCAL ENHANCED SERVICES,RIVERSIDE SURGERY,23326035,"59,474.01 "
Department of Health,NHS South Worcestershire CCG,31/08/2018,Cont Care-Learning Disab(<65),CHC AD FULL FUND PERS HLTH BUD,WORCESTERSHIRE COUNTY COUNCIL,23326064,"51,276.59 "
Department of Health,NHS South Worcestershire CCG,31/08/2018,Hcare Srv Rec NHS Trust-Contract Baseline,ACUTE COMMISSIONING,WYE VALLEY NHS TRUST,23326119,"32,234.58 "
Department of Health,NHS South Worcestershire CCG,31/08/2018,Hcare Srv Rec NHS Trust-Contract Baseline,ACUTE COMMISSIONING,WYE VALLEY NHS TRUST,23326126,"158,404.92 "
Department of Health,NHS South Worcestershire CCG,31/08/2018,Hcare Srv Rec NHS Trust-Contract Baseline,ACUTE COMMISSIONING,UNIVERSITY HOSPITALS COVENTRY AND WARWICKSHIRE NHS TRUST,23326295,"43,257.00 "
Department of Health,NHS South Worcestershire CCG,31/08/2018,Hcare Srv Rec Fdtn Trust-Contract Baseline,ACUTE COMMISSIONING,UNIVERSITY HOSPITALS BIRMINGHAM NHS FOUNDATION TRUST,23326402,"321,967.00 "
Department of Health,NHS South Worcestershire CCG,31/08/2018,Hcare Srv Rec Fdtn Trust-Contract Baseline,ACUTE COMMISSIONING,ROBERT JONES & AGNES HUNT ORTHOPAEDIC HOSPITAL NHS FOUNDATION TRUST,23326465,"27,535.42 "
Department of Health,NHS South Worcestershire CCG,31/08/2018,Hcare Srv Rec Fdtn Trust-Contract Baseline,ACUTE COMMISSIONING,UNIVERSITY HOSPITALS BIRMINGHAM NHS FOUNDATION TRUST,23326466,"40,563.00 "
Department of Health,NHS South Worcestershire CCG,31/08/2018,Hcare Srv Rec Fdtn Trust-Contract Baseline,ACUTE COMMISSIONING,GLOUCESTERSHIRE HOSPITALS NHS FOUNDATION TRUST,23326469,"814,050.50 "
Department of Health,NHS South Worcestershire CCG,31/08/2018,Hcare Srv Rec Fdtn Trust-Contract Baseline,ACUTE COMMISSIONING,BIRMINGHAM WOMENS AND CHILDRENS NHS FOUNDATION TRUST,23326473,"64,718.08 "
Department of Health,NHS South Worcestershire CCG,31/08/2018,Hcare Srv Rec NHS Trust,COMMUNITY SERVICES,WORCESTERSHIRE HEALTH & CARE NHS TRUST,23326481,"314,578.00 "
Department of Health,NHS South Worcestershire CCG,31/08/2018,Clinical&Medical-Clinical Other,MENTAL HEALTH SERVICES - ADULTS,WORCESTERSHIRE COUNTY COUNCIL,23330005,"19,611.00 "
Department of Health,NHS South Worcestershire CCG,31/08/2018,Clinical&Medical-Independent Sector,COMMISSIONING - NON ACUTE,WORCESTERSHIRE COUNTY COUNCIL,23330005,"30,857.00 "
Department of Health,NHS South Worcestershire CCG,31/08/2018,Clinical&Medical-Independent Sector,COMMUNITY SERVICES,WORCESTERSHIRE COUNTY COUNCIL,23330005,"227,765.00 "
Department of Health,NHS South Worcestershire CCG,31/08/2018,Clinical&Medical-Independent Sector,LEARNING DIFFICULTIES,WORCESTERSHIRE COUNTY COUNCIL,23330005,"33,025.00 "
Department of Health,NHS South Worcestershire CCG,31/08/2018,Clinical&Medical-Othe Public Sector,CHILD AND ADOLESCENT MENTAL HEALTH,WORCESTERSHIRE COUNTY COUNCIL,23330005,"4,070.00 "
Department of Health,NHS South Worcestershire CCG,31/08/2018,Clinical&Medical-Othe Public Sector,COMMISSIONING - NON ACUTE,WORCESTERSHIRE COUNTY COUNCIL,23330005,"7,583.00 "
Department of Health,NHS South Worcestershire CCG,31/08/2018,Clinical&Medical-Othe Public Sector,COMMUNITY SERVICES,WORCESTERSHIRE COUNTY COUNCIL,23330005,"194,220.00 "
Department of Health,NHS South Worcestershire CCG,31/08/2018,Clinical&Medical-Othe Public Sector,LEARNING DIFFICULTIES,WORCESTERSHIRE COUNTY COUNCIL,23330005,"52,555.00 "
Department of Health,NHS South Worcestershire CCG,31/08/2018,Clinical&Medical-Othe Public Sector,Mental Health Services - S117 Mental Health,WORCESTERSHIRE COUNTY COUNCIL,23330005,"168,533.00 "
Department of Health,NHS South Worcestershire CCG,31/08/2018,Clinical&Medical-Serv Recd-NHS Trst,COMMUNITY SERVICES,WORCESTERSHIRE COUNTY COUNCIL,23330005,"30,892.00 "
Department of Health,NHS South Worcestershire CCG,31/08/2018,Clinical&Medical-Voluntary Sector,COMMISSIONING - NON ACUTE,WORCESTERSHIRE COUNTY COUNCIL,23330005,"3,103.00 "
Department of Health,NHS South Worcestershire CCG,31/08/2018,Cont Care-Funded Nursing Care Allow,FUNDED NURSING CARE,WORCESTERSHIRE COUNTY COUNCIL,23330005,"460,296.00 "
Department of Health,NHS South Worcestershire CCG,31/08/2018,Cont Care-NHS Trust-Children,Children's Continuing Care,WORCESTERSHIRE COUNTY COUNCIL,23330005,"19,096.00 "
Department of Health,NHS South Worcestershire CCG,31/08/2018,Hcare Srv Rec NHS Trust,CHILD AND ADOLESCENT MENTAL HEALTH,WORCESTERSHIRE COUNTY COUNCIL,23330005,"225,136.00 "
Department of Health,NHS South Worcestershire CCG,31/08/2018,Hcare Srv Rec NHS Trust,CHILDREN SERVICES,WORCESTERSHIRE COUNTY COUNCIL,23330005,"359,004.00 "
Department of Health,NHS South Worcestershire CCG,31/08/2018,Hcare Srv Rec NHS Trust,COMMUNITY SERVICES,WORCESTERSHIRE COUNTY COUNCIL,23330005,"35,878.00 "
Department of Health,NHS South Worcestershire CCG,31/08/2018,Hcare Srv Rec NHS Trust,LEARNING DIFFICULTIES,WORCESTERSHIRE COUNTY COUNCIL,23330005,"144,816.00 "
Department of Health,NHS South Worcestershire CCG,31/08/2018,Hcare Srv Rec NHS Trust,MENTAL HEALTH SERVICES - ADULTS,WORCESTERSHIRE COUNTY COUNCIL,23330005,"12,797.00 "
Department of Health,NHS South Worcestershire CCG,31/08/2018,Hcare Srv Rec NHS Trust,WHEELCHAIR SERVICE,WORCESTERSHIRE COUNTY COUNCIL,23330005,"63,541.00 "
Department of Health,NHS South Worcestershire CCG,31/08/2018,Hcare Srv Rec NHS Trust-Non Contract,COMMISSIONING - NON ACUTE,WORCESTERSHIRE COUNTY COUNCIL,23330005,"1,160.00 "
Department of Health,NHS South Worcestershire CCG,31/08/2018,Clinical&Medical-Clinical Other,NCAS/OATS,ELYSIUM HEALTHCARE LTD,23339944,"(90,600.00)"
Department of Health,NHS South Worcestershire CCG,31/08/2018,Clinical&Medical-Clinical Other,NCAS/OATS,ELYSIUM HEALTHCARE LTD,23339950,"(120,044.76)"
Department of Health,NHS South Worcestershire CCG,31/08/2018,Cont Care-Mental Health (65+),CHC ADULT FULLY FUNDED,ONE-OFF SUPPLIER,23350868,"72,726.84 "
Department of Health,NHS South Worcestershire CCG,31/08/2018,Computer Maintenance,PRIMARY CARE IT,COMPUTACENTER (UK) LTD,23353986,"57,315.98 "
Department of Health,NHS South Worcestershire CCG,31/08/2018,Clinical&Medical-Serv Recd-NHS Trst,PROGRAMME PROJECTS,WORCESTERSHIRE HEALTH & CARE NHS TRUST,23431039,"26,747.00 "
Department of Health,NHS South Worcestershire CCG,31/08/2018,Clinical&Medical-Independent Sector,MENTAL HEALTH SERVICES - ADULTS,NHS REDDITCH AND BROMSGROVE CCG,23431054,"34,579.00 "
Department of Health,NHS South Worcestershire CCG,31/08/2018,Hlthcre-Foundation Trsts,PATIENT TRANSPORT,WEST MIDLANDS AMBULANCE SERVICE NHS FOUNDATION TRUST,23431101,"45,905.85 "
Department of Health,NHS South Worcestershire CCG,31/08/2018,Clinical&Medical-Independent Sector,ACUTE COMMISSIONING,SPIRE HEALTHCARE LTD,23431131,"378,183.00 "
Department of Health,NHS South Worcestershire CCG,31/08/2018,Clinical&Medical-Othe Public Sector,PROGRAMME PROJECTS,WORCESTERSHIRE COUNTY COUNCIL,23431165,"66,000.00 "
Department of Health,NHS South Worcestershire CCG,31/08/2018,Charges from CSU,CORPORATE COSTS & SERVICES,NHS MIDLANDS AND LANCASHIRE CSU,23431477,"79,131.06 "
Department of Health,NHS South Worcestershire CCG,31/08/2018,Hcare Srv Rec Fdtn Trust-Contract Baseline,ACUTE COMMISSIONING,ROYAL ORTHOPAEDIC HOSPITAL NHS FOUNDATION TRUST,23431572,"149,330.48 "
Department of Health,NHS South Worcestershire CCG,31/08/2018,Clinical&Medical-Independent Sector,MENTAL HEALTH SERVICES - ADULTS,NHS REDDITCH AND BROMSGROVE CCG,23431573,"(34,579.00)"
Department of Health,NHS South Worcestershire CCG,31/08/2018,Hcare Srv Rec Fdtn Trust-Contract Baseline,ACUTE COMMISSIONING,SOUTH WARWICKSHIRE NHS FOUNDATION TRUST,23431574,"56,037.00 "
Department of Health,NHS South Worcestershire CCG,31/08/2018,Hcare Srv Rec NHS Trust-Contract Baseline,ACUTE COMMISSIONING,SANDWELL AND WEST BIRMINGHAM HOSPITALS NHS TRUST,23431575,"59,501.00 "
Department of Health,NHS South Worcestershire CCG,31/08/2018,Cont Care-Physical Disab (65+),CHC ADULT FULLY FUNDED,FARLEY DWEK SOLICITORS,23437575,"35,859.35 "
Department of Health,NHS South Worcestershire CCG,31/08/2018,C&M-GMS DES Minor Surgery,PRC DELEGATED CO-COMMISSIONING,ABBEY MEDICAL PRACTICE EVESHAM,23479079,"8,882.16 "
Department of Health,NHS South Worcestershire CCG,31/08/2018,C&M-GMS Global Sum,PRC DELEGATED CO-COMMISSIONING,ABBEY MEDICAL PRACTICE EVESHAM,23479079,"62,552.86 "
Department of Health,NHS South Worcestershire CCG,31/08/2018,C&M-GMS MPIG Correction Factor,PRC DELEGATED CO-COMMISSIONING,ABBEY MEDICAL PRACTICE EVESHAM,23479079,"2,047.75 "
Department of Health,NHS South Worcestershire CCG,31/08/2018,C&M-GMS QOF Aspiration,PRC DELEGATED CO-COMMISSIONING,ABBEY MEDICAL PRACTICE EVESHAM,23479079,"6,377.98 "
Department of Health,NHS South Worcestershire CCG,31/08/2018,C&M-GMS DES Extended Hours Access,PRC DELEGATED CO-COMMISSIONING,ABBOTTSWOOD MEDICAL CENTRE,23479081,"5,053.05 "
Department of Health,NHS South Worcestershire CCG,31/08/2018,C&M-GMS DES Minor Surgery,PRC DELEGATED CO-COMMISSIONING,ABBOTTSWOOD MEDICAL CENTRE,23479081,"1,262.66 "
Department of Health,NHS South Worcestershire CCG,31/08/2018,C&M-GMS Global Sum,PRC DELEGATED CO-COMMISSIONING,ABBOTTSWOOD MEDICAL CENTRE,23479081,"82,685.08 "
Department of Health,NHS South Worcestershire CCG,31/08/2018,C&M-GMS MPIG Correction Factor,PRC DELEGATED CO-COMMISSIONING,ABBOTTSWOOD MEDICAL CENTRE,23479081,"2,469.01 "
Department of Health,NHS South Worcestershire CCG,31/08/2018,C&M-GMS QOF Aspiration,PRC DELEGATED CO-COMMISSIONING,ABBOTTSWOOD MEDICAL CENTRE,23479081,"9,408.46 "
Department of Health,NHS South Worcestershire CCG,31/08/2018,C&M-GMS DES Extended Hours Access,PRC DELEGATED CO-COMMISSIONING,DR A P BROTHERWOOD & PARTNERS,23479083,"3,264.68 "
Department of Health,NHS South Worcestershire CCG,31/08/2018,C&M-GMS DES Minor Surgery,PRC DELEGATED CO-COMMISSIONING,DR A P BROTHERWOOD & PARTNERS,23479083,"5,921.44 "
Department of Health,NHS South Worcestershire CCG,31/08/2018,C&M-GMS Global Sum,PRC DELEGATED CO-COMMISSIONING,DR A P BROTHERWOOD & PARTNERS,23479083,"47,623.14 "
Department of Health,NHS South Worcestershire CCG,31/08/2018,C&M-GMS Other FDR Payment,PRC DELEGATED CO-COMMISSIONING,DR A P BROTHERWOOD & PARTNERS,23479083,"3,113.00 "
Department of Health,NHS South Worcestershire CCG,31/08/2018,C&M-GMS PCO Locum Adop/Pat/Mat,PRC DELEGATED CO-COMMISSIONING,DR A P BROTHERWOOD & PARTNERS,23479083,"4,012.56 "
Department of Health,NHS South Worcestershire CCG,31/08/2018,C&M-GMS QOF Aspiration,PRC DELEGATED CO-COMMISSIONING,DR A P BROTHERWOOD & PARTNERS,23479083,"5,048.64 "
Department of Health,NHS South Worcestershire CCG,31/08/2018,C&M-GMS DES Extended Hours Access,PRC DELEGATED CO-COMMISSIONING,DR BA WARD & PARTNERS,23479085,"1,534.62 "
Department of Health,NHS South Worcestershire CCG,31/08/2018,C&M-GMS DES Minor Surgery,PRC DELEGATED CO-COMMISSIONING,DR BA WARD & PARTNERS,23479085,"5,703.74 "
Department of Health,NHS South Worcestershire CCG,31/08/2018,C&M-GMS Global Sum,PRC DELEGATED CO-COMMISSIONING,DR BA WARD & PARTNERS,23479085,"33,441.66 "
Department of Health,NHS South Worcestershire CCG,31/08/2018,C&M-GMS MPIG Correction Factor,PRC DELEGATED CO-COMMISSIONING,DR BA WARD & PARTNERS,23479085,532.87 
Department of Health,NHS South Worcestershire CCG,31/08/2018,C&M-GMS Prem Rates,PRC DELEGATED CO-COMMISSIONING,DR BA WARD & PARTNERS,23479085,"8,738.09 "
Department of Health,NHS South Worcestershire CCG,31/08/2018,C&M-GMS Prem Water Rates,PRC DELEGATED CO-COMMISSIONING,DR BA WARD & PARTNERS,23479085,294.31 
Department of Health,NHS South Worcestershire CCG,31/08/2018,C&M-GMS QOF Aspiration,PRC DELEGATED CO-COMMISSIONING,DR BA WARD & PARTNERS,23479085,"4,931.76 "
Department of Health,NHS South Worcestershire CCG,31/08/2018,C&M-GMS DES Minor Surgery,PRC DELEGATED CO-COMMISSIONING,DR C M YOUNG & PARTNERS,23479087,"8,446.76 "
Department of Health,NHS South Worcestershire CCG,31/08/2018,C&M-GMS Global Sum,PRC DELEGATED CO-COMMISSIONING,DR C M YOUNG & PARTNERS,23479087,"79,117.50 "
Department of Health,NHS South Worcestershire CCG,31/08/2018,C&M-GMS Other FDR Payment,PRC DELEGATED CO-COMMISSIONING,DR C M YOUNG & PARTNERS,23479087,"4,541.00 "
Department of Health,NHS South Worcestershire CCG,31/08/2018,C&M-GMS QOF Aspiration,PRC DELEGATED CO-COMMISSIONING,DR C M YOUNG & PARTNERS,23479087,"9,864.69 "
Department of Health,NHS South Worcestershire CCG,31/08/2018,C&M-GMS DES Extended Hours Access,PRC DELEGATED CO-COMMISSIONING,DR BYWATER SALTER & HINTON,23479089,"1,900.00 "
Department of Health,NHS South Worcestershire CCG,31/08/2018,C&M-GMS DES Minor Surgery,PRC DELEGATED CO-COMMISSIONING,DR BYWATER SALTER & HINTON,23479089,"4,441.08 "
Department of Health,NHS South Worcestershire CCG,31/08/2018,C&M-GMS Global Sum,PRC DELEGATED CO-COMMISSIONING,DR BYWATER SALTER & HINTON,23479089,"34,823.52 "
Department of Health,NHS South Worcestershire CCG,31/08/2018,C&M-GMS MPIG Correction Factor,PRC DELEGATED CO-COMMISSIONING,DR BYWATER SALTER & HINTON,23479089,"1,402.69 "
Department of Health,NHS South Worcestershire CCG,31/08/2018,C&M-GMS QOF Aspiration,PRC DELEGATED CO-COMMISSIONING,DR BYWATER SALTER & HINTON,23479089,"3,808.69 "
Department of Health,NHS South Worcestershire CCG,31/08/2018,C&M-GMS DES Minor Surgery,PRC DELEGATED CO-COMMISSIONING,DR B A TUCK & PARTNERS,23479091,"1,436.82 "
Department of Health,NHS South Worcestershire CCG,31/08/2018,C&M-GMS Global Sum,PRC DELEGATED CO-COMMISSIONING,DR B A TUCK & PARTNERS,23479091,"71,952.15 "
Department of Health,NHS South Worcestershire CCG,31/08/2018,C&M-GMS Other FDR Payment,PRC DELEGATED CO-COMMISSIONING,DR B A TUCK & PARTNERS,23479091,"1,172.00 "
Department of Health,NHS South Worcestershire CCG,31/08/2018,C&M-GMS Prem Water Rates,PRC DELEGATED CO-COMMISSIONING,DR B A TUCK & PARTNERS,23479091,533.35 
Department of Health,NHS South Worcestershire CCG,31/08/2018,C&M-GMS QOF Aspiration,PRC DELEGATED CO-COMMISSIONING,DR B A TUCK & PARTNERS,23479091,"9,462.13 "
Department of Health,NHS South Worcestershire CCG,31/08/2018,C&M-GMS DES Extended Hours Access,PRC DELEGATED CO-COMMISSIONING,DR D J RADLEY & PARTNERS,23479093,"4,586.60 "
Department of Health,NHS South Worcestershire CCG,31/08/2018,C&M-GMS DES Minor Surgery,PRC DELEGATED CO-COMMISSIONING,DR D J RADLEY & PARTNERS,23479093,"4,702.32 "
Department of Health,NHS South Worcestershire CCG,31/08/2018,C&M-GMS Global Sum,PRC DELEGATED CO-COMMISSIONING,DR D J RADLEY & PARTNERS,23479093,"109,288.15 "
Department of Health,NHS South Worcestershire CCG,31/08/2018,C&M-GMS Other FDR Payment,PRC DELEGATED CO-COMMISSIONING,DR D J RADLEY & PARTNERS,23479093,"1,665.00 "
Department of Health,NHS South Worcestershire CCG,31/08/2018,C&M-GMS PCO Other,PRC DELEGATED CO-COMMISSIONING,DR D J RADLEY & PARTNERS,23479093,"5,974.00 "
Department of Health,NHS South Worcestershire CCG,31/08/2018,C&M-GMS Prem Water Rates,PRC DELEGATED CO-COMMISSIONING,DR D J RADLEY & PARTNERS,23479093,644.06 
Department of Health,NHS South Worcestershire CCG,31/08/2018,C&M-GMS QOF Aspiration,PRC DELEGATED CO-COMMISSIONING,DR D J RADLEY & PARTNERS,23479093,"13,826.90 "
Department of Health,NHS South Worcestershire CCG,31/08/2018,C&M-GMS DES Extended Hours Access,PRC DELEGATED CO-COMMISSIONING,DR D A JONES & PARTNERS,23479095,"2,557.69 "
Department of Health,NHS South Worcestershire CCG,31/08/2018,C&M-GMS Global Sum,PRC DELEGATED CO-COMMISSIONING,DR D A JONES & PARTNERS,23479095,"45,702.52 "
Department of Health,NHS South Worcestershire CCG,31/08/2018,C&M-GMS Other FDR Payment,PRC DELEGATED CO-COMMISSIONING,DR D A JONES & PARTNERS,23479095,"3,325.00 "
Department of Health,NHS South Worcestershire CCG,31/08/2018,C&M-GMS QOF Aspiration,PRC DELEGATED CO-COMMISSIONING,DR D A JONES & PARTNERS,23479095,"4,291.73 "
Department of Health,NHS South Worcestershire CCG,31/08/2018,C&M-GMS DES Extended Hours Access,PRC DELEGATED CO-COMMISSIONING,DR KATHRYN SOLESBURY & PARTNERS,23479097,"5,867.68 "
Department of Health,NHS South Worcestershire CCG,31/08/2018,C&M-GMS DES Minor Surgery,PRC DELEGATED CO-COMMISSIONING,DR KATHRYN SOLESBURY & PARTNERS,23479097,"3,352.58 "
Department of Health,NHS South Worcestershire CCG,31/08/2018,C&M-GMS Global Sum,PRC DELEGATED CO-COMMISSIONING,DR KATHRYN SOLESBURY & PARTNERS,23479097,"77,948.52 "
Department of Health,NHS South Worcestershire CCG,31/08/2018,C&M-GMS Other FDR Payment,PRC DELEGATED CO-COMMISSIONING,DR KATHRYN SOLESBURY & PARTNERS,23479097,"3,282.00 "
Department of Health,NHS South Worcestershire CCG,31/08/2018,C&M-GMS PCO Doctors Ret Scheme,PRC DELEGATED CO-COMMISSIONING,DR KATHRYN SOLESBURY & PARTNERS,23479097,"1,307.64 "
Department of Health,NHS South Worcestershire CCG,31/08/2018,C&M-GMS QOF Aspiration,PRC DELEGATED CO-COMMISSIONING,DR KATHRYN SOLESBURY & PARTNERS,23479097,"9,508.02 "
Department of Health,NHS South Worcestershire CCG,31/08/2018,C&M-GMS DES Extended Hours Access,PRC DELEGATED CO-COMMISSIONING,DR J P ODRISCOLL & PARTNERS,23479099,"7,797.13 "
Department of Health,NHS South Worcestershire CCG,31/08/2018,C&M-GMS DES Minor Surgery,PRC DELEGATED CO-COMMISSIONING,DR J P ODRISCOLL & PARTNERS,23479099,"5,964.98 "
Department of Health,NHS South Worcestershire CCG,31/08/2018,C&M-GMS Global Sum,PRC DELEGATED CO-COMMISSIONING,DR J P ODRISCOLL & PARTNERS,23479099,"110,574.63 "
Department of Health,NHS South Worcestershire CCG,31/08/2018,C&M-GMS Other FDR Payment,PRC DELEGATED CO-COMMISSIONING,DR J P ODRISCOLL & PARTNERS,23479099,"4,421.00 "
Department of Health,NHS South Worcestershire CCG,31/08/2018,C&M-GMS QOF Aspiration,PRC DELEGATED CO-COMMISSIONING,DR J P ODRISCOLL & PARTNERS,23479099,"13,780.42 "
Department of Health,NHS South Worcestershire CCG,31/08/2018,C&M-GMS DES Extended Hours Access,PRC DELEGATED CO-COMMISSIONING,DR JE SMITH&PARTNERS,23479101,"9,881.90 "
Department of Health,NHS South Worcestershire CCG,31/08/2018,C&M-GMS DES Minor Surgery,PRC DELEGATED CO-COMMISSIONING,DR JE SMITH&PARTNERS,23479101,"7,445.34 "
Department of Health,NHS South Worcestershire CCG,31/08/2018,C&M-GMS Global Sum,PRC DELEGATED CO-COMMISSIONING,DR JE SMITH&PARTNERS,23479101,"125,471.21 "
Department of Health,NHS South Worcestershire CCG,31/08/2018,C&M-GMS Other FDR Payment,PRC DELEGATED CO-COMMISSIONING,DR JE SMITH&PARTNERS,23479101,"11,242.00 "
Department of Health,NHS South Worcestershire CCG,31/08/2018,C&M-GMS PCO Other,PRC DELEGATED CO-COMMISSIONING,DR JE SMITH&PARTNERS,23479101,"12,413.00 "
Department of Health,NHS South Worcestershire CCG,31/08/2018,C&M-GMS QOF Aspiration,PRC DELEGATED CO-COMMISSIONING,DR JE SMITH&PARTNERS,23479101,"13,941.03 "
Department of Health,NHS South Worcestershire CCG,31/08/2018,C&M-GMS DES Extended Hours Access,PRC DELEGATED CO-COMMISSIONING,DR K A M LAIDLAW & PARTNERS,23479103,"5,193.65 "
Department of Health,NHS South Worcestershire CCG,31/08/2018,C&M-GMS DES Minor Surgery,PRC DELEGATED CO-COMMISSIONING,DR K A M LAIDLAW & PARTNERS,23479103,"5,050.64 "
Department of Health,NHS South Worcestershire CCG,31/08/2018,C&M-GMS Global Sum,PRC DELEGATED CO-COMMISSIONING,DR K A M LAIDLAW & PARTNERS,23479103,"74,838.93 "
Department of Health,NHS South Worcestershire CCG,31/08/2018,C&M-GMS Other FDR Payment,PRC DELEGATED CO-COMMISSIONING,DR K A M LAIDLAW & PARTNERS,23479103,"3,097.00 "
Department of Health,NHS South Worcestershire CCG,31/08/2018,C&M-GMS QOF Aspiration,PRC DELEGATED CO-COMMISSIONING,DR K A M LAIDLAW & PARTNERS,23479103,"8,344.10 "
Department of Health,NHS South Worcestershire CCG,31/08/2018,C&M-GMS DES Minor Surgery,PRC DELEGATED CO-COMMISSIONING,DR S D ROBERTS & PARTNERS,23479104,"3,570.28 "
Department of Health,NHS South Worcestershire CCG,31/08/2018,C&M-GMS Global Sum,PRC DELEGATED CO-COMMISSIONING,DR S D ROBERTS & PARTNERS,23479104,"67,150.15 "
Department of Health,NHS South Worcestershire CCG,31/08/2018,C&M-GMS Other FDR Payment,PRC DELEGATED CO-COMMISSIONING,DR S D ROBERTS & PARTNERS,23479104,458.00 
Department of Health,NHS South Worcestershire CCG,31/08/2018,C&M-GMS Other Small Practice All,PRC DELEGATED CO-COMMISSIONING,DR S D ROBERTS & PARTNERS,23479104,481.25 
Department of Health,NHS South Worcestershire CCG,31/08/2018,C&M-GMS Prem Water Rates,PRC DELEGATED CO-COMMISSIONING,DR S D ROBERTS & PARTNERS,23479104,557.86 
Department of Health,NHS South Worcestershire CCG,31/08/2018,C&M-GMS QOF Aspiration,PRC DELEGATED CO-COMMISSIONING,DR S D ROBERTS & PARTNERS,23479104,"7,799.77 "
Department of Health,NHS South Worcestershire CCG,31/08/2018,C&M-GMS DES Minor Surgery,PRC DELEGATED CO-COMMISSIONING,DR S P A WATSON & PARTNERS,23479106,"6,661.62 "
Department of Health,NHS South Worcestershire CCG,31/08/2018,C&M-GMS Global Sum,PRC DELEGATED CO-COMMISSIONING,DR S P A WATSON & PARTNERS,23479106,"51,944.95 "
Department of Health,NHS South Worcestershire CCG,31/08/2018,C&M-GMS Other FDR Payment,PRC DELEGATED CO-COMMISSIONING,DR S P A WATSON & PARTNERS,23479106,"3,618.00 "
Department of Health,NHS South Worcestershire CCG,31/08/2018,C&M-GMS PCO Other,PRC DELEGATED CO-COMMISSIONING,DR S P A WATSON & PARTNERS,23479106,"4,332.00 "
Department of Health,NHS South Worcestershire CCG,31/08/2018,C&M-GMS QOF Aspiration,PRC DELEGATED CO-COMMISSIONING,DR S P A WATSON & PARTNERS,23479106,"4,893.66 "
Department of Health,NHS South Worcestershire CCG,31/08/2018,C&M-GMS DES Extended Hours Access,PRC DELEGATED CO-COMMISSIONING,DR VERONICA M WILKIE & PARTNERS,23479107,"5,939.40 "
Department of Health,NHS South Worcestershire CCG,31/08/2018,C&M-GMS DES Minor Surgery,PRC DELEGATED CO-COMMISSIONING,DR VERONICA M WILKIE & PARTNERS,23479107,"6,400.38 "
Department of Health,NHS South Worcestershire CCG,31/08/2018,C&M-GMS Global Sum,PRC DELEGATED CO-COMMISSIONING,DR VERONICA M WILKIE & PARTNERS,23479107,"81,745.59 "
Department of Health,NHS South Worcestershire CCG,31/08/2018,C&M-GMS Other FDR Payment,PRC DELEGATED CO-COMMISSIONING,DR VERONICA M WILKIE & PARTNERS,23479107,"7,680.00 "
Department of Health,NHS South Worcestershire CCG,31/08/2018,C&M-GMS PCO Doctors Ret Scheme,PRC DELEGATED CO-COMMISSIONING,DR VERONICA M WILKIE & PARTNERS,23479107,"1,230.72 "
Department of Health,NHS South Worcestershire CCG,31/08/2018,C&M-GMS QOF Achievement,PRC DELEGATED CO-COMMISSIONING,DR VERONICA M WILKIE & PARTNERS,23479107,"48,178.30 "
Department of Health,NHS South Worcestershire CCG,31/08/2018,C&M-GMS QOF Aspiration,PRC DELEGATED CO-COMMISSIONING,DR VERONICA M WILKIE & PARTNERS,23479107,"12,167.51 "
Department of Health,NHS South Worcestershire CCG,31/08/2018,C&M-GMS DES Extended Hours Access,PRC DELEGATED CO-COMMISSIONING,SPA MEDICAL PRACTICE,23479109,"4,458.83 "
Department of Health,NHS South Worcestershire CCG,31/08/2018,C&M-GMS DES Minor Surgery,PRC DELEGATED CO-COMMISSIONING,SPA MEDICAL PRACTICE,23479109,"1,610.98 "
Department of Health,NHS South Worcestershire CCG,31/08/2018,C&M-GMS Global Sum,PRC DELEGATED CO-COMMISSIONING,SPA MEDICAL PRACTICE,23479109,"63,810.81 "
Department of Health,NHS South Worcestershire CCG,31/08/2018,C&M-GMS Other FDR Payment,PRC DELEGATED CO-COMMISSIONING,SPA MEDICAL PRACTICE,23479109,"3,423.00 "
Department of Health,NHS South Worcestershire CCG,31/08/2018,C&M-GMS QOF Aspiration,PRC DELEGATED CO-COMMISSIONING,SPA MEDICAL PRACTICE,23479109,"8,461.96 "
Department of Health,NHS South Worcestershire CCG,31/08/2018,C&M-GMS DES Extended Hours Access,PRC DELEGATED CO-COMMISSIONING,ST JOHNS HOUSE SURGERY,23479111,"5,985.95 "
Department of Health,NHS South Worcestershire CCG,31/08/2018,C&M-GMS DES Minor Surgery,PRC DELEGATED CO-COMMISSIONING,ST JOHNS HOUSE SURGERY,23479111,"1,741.60 "
Department of Health,NHS South Worcestershire CCG,31/08/2018,C&M-GMS Global Sum,PRC DELEGATED CO-COMMISSIONING,ST JOHNS HOUSE SURGERY,23479111,"86,827.02 "
Department of Health,NHS South Worcestershire CCG,31/08/2018,C&M-GMS Other FDR Payment,PRC DELEGATED CO-COMMISSIONING,ST JOHNS HOUSE SURGERY,23479111,"7,656.00 "
Department of Health,NHS South Worcestershire CCG,31/08/2018,C&M-GMS QOF Aspiration,PRC DELEGATED CO-COMMISSIONING,ST JOHNS HOUSE SURGERY,23479111,"12,956.48 "
Department of Health,NHS South Worcestershire CCG,31/08/2018,C&M-GMS GP Statutory Levy,PRC DELEGATED CO-COMMISSIONING,TENBURY SURGERY,23479112,(311.30)
Department of Health,NHS South Worcestershire CCG,31/08/2018,C&M-GMS Voluntary Levy,PRC DELEGATED CO-COMMISSIONING,TENBURY SURGERY,23479112,(63.79)
Department of Health,NHS South Worcestershire CCG,31/08/2018,ME - GMS GP Prior Year ERs,PRC DELEGATED CO-COMMISSIONING,TENBURY SURGERY,23479112,"(2,358.78)"
Department of Health,NHS South Worcestershire CCG,31/08/2018,ME-GMS GP Pension EEs,PRC DELEGATED CO-COMMISSIONING,TENBURY SURGERY,23479112,"(9,016.31)"
Department of Health,NHS South Worcestershire CCG,31/08/2018,ME-GMS GP Pension EEs Adjustments,PRC DELEGATED CO-COMMISSIONING,TENBURY SURGERY,23479112,"(2,250.00)"
Department of Health,NHS South Worcestershire CCG,31/08/2018,ME-GMS GP Pension ERs Adjustments,PRC DELEGATED CO-COMMISSIONING,TENBURY SURGERY,23479112,"(11,766.42)"
Department of Health,NHS South Worcestershire CCG,31/08/2018,ME-GMS GP Prior Year EEs,PRC DELEGATED CO-COMMISSIONING,TENBURY SURGERY,23479112,"(2,050.40)"
Department of Health,NHS South Worcestershire CCG,31/08/2018,C&M-GMS DES Extended Hours Access,PRC DELEGATED CO-COMMISSIONING,TENBURY SURGERY,23479113,"4,465.00 "
Department of Health,NHS South Worcestershire CCG,31/08/2018,C&M-GMS DES Minor Surgery,PRC DELEGATED CO-COMMISSIONING,TENBURY SURGERY,23479113,"3,962.14 "
Department of Health,NHS South Worcestershire CCG,31/08/2018,C&M-GMS Global Sum,PRC DELEGATED CO-COMMISSIONING,TENBURY SURGERY,23479113,"75,759.97 "
Department of Health,NHS South Worcestershire CCG,31/08/2018,C&M-GMS MPIG Correction Factor,PRC DELEGATED CO-COMMISSIONING,TENBURY SURGERY,23479113,157.90 
Department of Health,NHS South Worcestershire CCG,31/08/2018,C&M-GMS QOF Aspiration,PRC DELEGATED CO-COMMISSIONING,TENBURY SURGERY,23479113,"9,172.68 "
Department of Health,NHS South Worcestershire CCG,31/08/2018,C&M-GMS DES Extended Hours Access,PRC DELEGATED CO-COMMISSIONING,DR ILT SMITH & PARTNERS,23479114,"5,065.88 "
Department of Health,NHS South Worcestershire CCG,31/08/2018,C&M-GMS DES Minor Surgery,PRC DELEGATED CO-COMMISSIONING,DR ILT SMITH & PARTNERS,23479114,"4,354.00 "
Department of Health,NHS South Worcestershire CCG,31/08/2018,C&M-GMS Global Sum,PRC DELEGATED CO-COMMISSIONING,DR ILT SMITH & PARTNERS,23479114,"74,292.26 "
Department of Health,NHS South Worcestershire CCG,31/08/2018,C&M-GMS Other FDR Payment,PRC DELEGATED CO-COMMISSIONING,DR ILT SMITH & PARTNERS,23479114,"4,787.00 "
Department of Health,NHS South Worcestershire CCG,31/08/2018,C&M-GMS QOF Aspiration,PRC DELEGATED CO-COMMISSIONING,DR ILT SMITH & PARTNERS,23479114,"10,092.92 "
Department of Health,NHS South Worcestershire CCG,31/08/2018,C&M-GMS DES Extended Hours Access,PRC DELEGATED CO-COMMISSIONING,BARBOURNE HEALTH CENTRE,23479116,"5,225.00 "
Department of Health,NHS South Worcestershire CCG,31/08/2018,C&M-GMS DES Minor Surgery,PRC DELEGATED CO-COMMISSIONING,BARBOURNE HEALTH CENTRE,23479116,"4,005.68 "
Department of Health,NHS South Worcestershire CCG,31/08/2018,C&M-GMS Global Sum,PRC DELEGATED CO-COMMISSIONING,BARBOURNE HEALTH CENTRE,23479116,"75,547.39 "
Department of Health,NHS South Worcestershire CCG,31/08/2018,C&M-GMS MPIG Correction Factor,PRC DELEGATED CO-COMMISSIONING,BARBOURNE HEALTH CENTRE,23479116,696.40 
Department of Health,NHS South Worcestershire CCG,31/08/2018,C&M-GMS QOF Aspiration,PRC DELEGATED CO-COMMISSIONING,BARBOURNE HEALTH CENTRE,23479116,"10,194.07 "
Department of Health,NHS South Worcestershire CCG,31/08/2018,C&M-GMS DES Extended Hours Access,PRC DELEGATED CO-COMMISSIONING,DR MACKICHAN WOOF & PARTNERS,23479118,"7,519.73 "
Department of Health,NHS South Worcestershire CCG,31/08/2018,C&M-GMS DES Minor Surgery,PRC DELEGATED CO-COMMISSIONING,DR MACKICHAN WOOF & PARTNERS,23479118,"3,265.50 "
Department of Health,NHS South Worcestershire CCG,31/08/2018,C&M-GMS Global Sum,PRC DELEGATED CO-COMMISSIONING,DR MACKICHAN WOOF & PARTNERS,23479118,"107,722.68 "
Department of Health,NHS South Worcestershire CCG,31/08/2018,C&M-GMS Other FDR Payment,PRC DELEGATED CO-COMMISSIONING,DR MACKICHAN WOOF & PARTNERS,23479118,"6,034.00 "
Department of Health,NHS South Worcestershire CCG,31/08/2018,C&M-GMS PCO Locum Adop/Pat/Mat,PRC DELEGATED CO-COMMISSIONING,DR MACKICHAN WOOF & PARTNERS,23479118,"6,029.55 "
Department of Health,NHS South Worcestershire CCG,31/08/2018,C&M-GMS QOF Aspiration,PRC DELEGATED CO-COMMISSIONING,DR MACKICHAN WOOF & PARTNERS,23479118,"11,888.37 "
Department of Health,NHS South Worcestershire CCG,31/08/2018,C&M-GMS DES Minor Surgery,PRC DELEGATED CO-COMMISSIONING,BREDON HILL SURGERY,23479120,"1,349.74 "
Department of Health,NHS South Worcestershire CCG,31/08/2018,C&M-GMS Global Sum,PRC DELEGATED CO-COMMISSIONING,BREDON HILL SURGERY,23479120,"40,246.77 "
Department of Health,NHS South Worcestershire CCG,31/08/2018,C&M-GMS Other FDR Payment,PRC DELEGATED CO-COMMISSIONING,BREDON HILL SURGERY,23479120,"2,309.00 "
Department of Health,NHS South Worcestershire CCG,31/08/2018,C&M-GMS PCO Other,PRC DELEGATED CO-COMMISSIONING,BREDON HILL SURGERY,23479120,"3,677.00 "
Department of Health,NHS South Worcestershire CCG,31/08/2018,C&M-GMS Prem Water Rates,PRC DELEGATED CO-COMMISSIONING,BREDON HILL SURGERY,23479120,630.17 
Department of Health,NHS South Worcestershire CCG,31/08/2018,C&M-GMS QOF Aspiration,PRC DELEGATED CO-COMMISSIONING,BREDON HILL SURGERY,23479120,"4,736.60 "
Department of Health,NHS South Worcestershire CCG,31/08/2018,C&M-GMS Global Sum,PRC DELEGATED CO-COMMISSIONING,STAYWELL T/A FARRIER HOUSE SURGERY,23479122,"29,761.93 "
Department of Health,NHS South Worcestershire CCG,31/08/2018,C&M-GMS QOF Aspiration,PRC DELEGATED CO-COMMISSIONING,STAYWELL T/A FARRIER HOUSE SURGERY,23479122,"1,894.09 "
Department of Health,NHS South Worcestershire CCG,31/08/2018,C&M-GMS DES Extended Hours Access,PRC DELEGATED CO-COMMISSIONING,DR F KAMEEN & PARTNERS,23479156,"4,342.93 "
Department of Health,NHS South Worcestershire CCG,31/08/2018,C&M-GMS DES Minor Surgery,PRC DELEGATED CO-COMMISSIONING,DR F KAMEEN & PARTNERS,23479156,"2,220.54 "
Department of Health,NHS South Worcestershire CCG,31/08/2018,C&M-GMS Global Sum,PRC DELEGATED CO-COMMISSIONING,DR F KAMEEN & PARTNERS,23479156,"62,355.48 "
Department of Health,NHS South Worcestershire CCG,31/08/2018,C&M-GMS MPIG Correction Factor,PRC DELEGATED CO-COMMISSIONING,DR F KAMEEN & PARTNERS,23479156,"1,560.73 "
Department of Health,NHS South Worcestershire CCG,31/08/2018,C&M-GMS QOF Aspiration,PRC DELEGATED CO-COMMISSIONING,DR F KAMEEN & PARTNERS,23479156,"8,835.55 "
Department of Health,NHS South Worcestershire CCG,31/08/2018,C&M-GMS DES Minor Surgery,PRC DELEGATED CO-COMMISSIONING,ELBURY MOOR MEDICAL CENTRE,23479171,"3,875.06 "
Department of Health,NHS South Worcestershire CCG,31/08/2018,C&M-GMS Global Sum,PRC DELEGATED CO-COMMISSIONING,ELBURY MOOR MEDICAL CENTRE,23479171,"75,969.62 "
Department of Health,NHS South Worcestershire CCG,31/08/2018,C&M-GMS Other FDR Payment,PRC DELEGATED CO-COMMISSIONING,ELBURY MOOR MEDICAL CENTRE,23479171,"6,327.00 "
Department of Health,NHS South Worcestershire CCG,31/08/2018,C&M-GMS Prem Rates,PRC DELEGATED CO-COMMISSIONING,ELBURY MOOR MEDICAL CENTRE,23479171,"72,898.17 "
Department of Health,NHS South Worcestershire CCG,31/08/2018,C&M-GMS Prem Water Rates,PRC DELEGATED CO-COMMISSIONING,ELBURY MOOR MEDICAL CENTRE,23479171,"5,208.95 "
Department of Health,NHS South Worcestershire CCG,31/08/2018,C&M-GMS QOF Aspiration,PRC DELEGATED CO-COMMISSIONING,ELBURY MOOR MEDICAL CENTRE,23479171,"7,566.42 "
Department of Health,NHS South Worcestershire CCG,31/08/2018,ME-GMS GP Pension EEs,PRC DELEGATED CO-COMMISSIONING,ELBURY MOOR MEDICAL CENTRE,23479171,"12,139.81 "
Department of Health,NHS South Worcestershire CCG,31/08/2018,ME-GMS GP Pension ERs Adjustments,PRC DELEGATED CO-COMMISSIONING,ELBURY MOOR MEDICAL CENTRE,23479171,"6,009.30 "
Department of Health,NHS South Worcestershire CCG,31/08/2018,C&M-GMS DES Extended Hours Access,PRC DELEGATED CO-COMMISSIONING,DR JP BARRELL AND PARTNERS,23479185,"5,277.73 "
Department of Health,NHS South Worcestershire CCG,31/08/2018,C&M-GMS Global Sum,PRC DELEGATED CO-COMMISSIONING,DR JP BARRELL AND PARTNERS,23479185,"94,213.39 "
Department of Health,NHS South Worcestershire CCG,31/08/2018,C&M-GMS Other FDR Payment,PRC DELEGATED CO-COMMISSIONING,DR JP BARRELL AND PARTNERS,23479185,"3,531.00 "
Department of Health,NHS South Worcestershire CCG,31/08/2018,C&M-GMS QOF Aspiration,PRC DELEGATED CO-COMMISSIONING,DR JP BARRELL AND PARTNERS,23479185,"11,237.55 "
Department of Health,NHS South Worcestershire CCG,31/08/2018,C&M-GMS DES Minor Surgery,PRC DELEGATED CO-COMMISSIONING,BARN CLOSE SURGERY,23479195,"4,876.48 "
Department of Health,NHS South Worcestershire CCG,31/08/2018,C&M-GMS Global Sum,PRC DELEGATED CO-COMMISSIONING,BARN CLOSE SURGERY,23479195,"64,209.81 "
Department of Health,NHS South Worcestershire CCG,31/08/2018,C&M-GMS MPIG Correction Factor,PRC DELEGATED CO-COMMISSIONING,BARN CLOSE SURGERY,23479195,370.17 
Department of Health,NHS South Worcestershire CCG,31/08/2018,C&M-GMS Prem Water Rates,PRC DELEGATED CO-COMMISSIONING,BARN CLOSE SURGERY,23479195,912.84 
Department of Health,NHS South Worcestershire CCG,31/08/2018,C&M-GMS QOF Aspiration,PRC DELEGATED CO-COMMISSIONING,BARN CLOSE SURGERY,23479195,"6,503.62 "
Department of Health,NHS South Worcestershire CCG,31/08/2018,ME - GMS GP Prior Year ERs,PRC DELEGATED CO-COMMISSIONING,BARN CLOSE SURGERY,23479195,"1,797.50 "
Department of Health,NHS South Worcestershire CCG,31/08/2018,ME-GMS GP Pension EEs Adjustments,PRC DELEGATED CO-COMMISSIONING,BARN CLOSE SURGERY,23479195,"5,437.50 "
Department of Health,NHS South Worcestershire CCG,31/08/2018,ME-GMS GP Pension ERs Adjustments,PRC DELEGATED CO-COMMISSIONING,BARN CLOSE SURGERY,23479195,"5,392.50 "
Department of Health,NHS South Worcestershire CCG,31/08/2018,ME-GMS GP Prior Year EEs,PRC DELEGATED CO-COMMISSIONING,BARN CLOSE SURGERY,23479195,"1,812.50 "
Department of Health,NHS South Worcestershire CCG,31/08/2018,C&M-GMS DES Minor Surgery,PRC DELEGATED CO-COMMISSIONING,ELGAR HEALTHCARE LTD,23479205,"2,786.56 "
Department of Health,NHS South Worcestershire CCG,31/08/2018,C&M-GMS Global Sum,PRC DELEGATED CO-COMMISSIONING,ELGAR HEALTHCARE LTD,23479205,"32,904.87 "
Department of Health,NHS South Worcestershire CCG,31/08/2018,C&M-GMS Other FDR Payment,PRC DELEGATED CO-COMMISSIONING,ELGAR HEALTHCARE LTD,23479205,277.00 
Department of Health,NHS South Worcestershire CCG,31/08/2018,C&M-GMS QOF Aspiration,PRC DELEGATED CO-COMMISSIONING,ELGAR HEALTHCARE LTD,23479205,"3,375.70 "
Department of Health,NHS South Worcestershire CCG,31/08/2018,C&M-GMS DES Extended Hours Access,PRC DELEGATED CO-COMMISSIONING,RIVERSIDE SURGERY,23479212,"5,590.38 "
Department of Health,NHS South Worcestershire CCG,31/08/2018,C&M-GMS DES Minor Surgery,PRC DELEGATED CO-COMMISSIONING,RIVERSIDE SURGERY,23479212,"7,445.34 "
Department of Health,NHS South Worcestershire CCG,31/08/2018,C&M-GMS Global Sum,PRC DELEGATED CO-COMMISSIONING,RIVERSIDE SURGERY,23479212,"103,080.85 "
Department of Health,NHS South Worcestershire CCG,31/08/2018,C&M-GMS MPIG Correction Factor,PRC DELEGATED CO-COMMISSIONING,RIVERSIDE SURGERY,23479212,"1,995.27 "
Department of Health,NHS South Worcestershire CCG,31/08/2018,C&M-GMS QOF Aspiration,PRC DELEGATED CO-COMMISSIONING,RIVERSIDE SURGERY,23479212,"11,327.75 "
Department of Health,NHS South Worcestershire CCG,31/08/2018,C&M-GMS DES Extended Hours Access,PRC DELEGATED CO-COMMISSIONING,DR AC HORN & MH TUCKER,23479216,"1,900.00 "
Department of Health,NHS South Worcestershire CCG,31/08/2018,C&M-GMS DES Minor Surgery,PRC DELEGATED CO-COMMISSIONING,DR AC HORN & MH TUCKER,23479216,"4,049.22 "
Department of Health,NHS South Worcestershire CCG,31/08/2018,C&M-GMS Global Sum,PRC DELEGATED CO-COMMISSIONING,DR AC HORN & MH TUCKER,23479216,"34,066.25 "
Department of Health,NHS South Worcestershire CCG,31/08/2018,C&M-GMS MPIG Correction Factor,PRC DELEGATED CO-COMMISSIONING,DR AC HORN & MH TUCKER,23479216,841.98 
Department of Health,NHS South Worcestershire CCG,31/08/2018,C&M-GMS QOF Aspiration,PRC DELEGATED CO-COMMISSIONING,DR AC HORN & MH TUCKER,23479216,"3,950.05 "
Department of Health,NHS South Worcestershire CCG,31/08/2018,Clinical&Medical-Independent Sector,ACUTE COMMISSIONING,SPIRE HEALTHCARE LTD,23481969,"28,379.29 "
Department of Health,NHS South Worcestershire CCG,31/08/2018,Clinical&Medical-Independent Sector,COMMUNITY SERVICES,DMC HEALTHCARE LTD,23482987,"25,770.00 "
Department of Health,NHS South Worcestershire CCG,31/08/2018,NHS Recbles <1Yr-Recharges Out,BALANCE SHEET,NHS REDDITCH AND BROMSGROVE CCG,23483056,"130,757.48 "
Department of Health,NHS South Worcestershire CCG,31/08/2018,Hcare Srv Rec Fdtn Trust-Contract Baseline,AMBULANCE SERVICES,WEST MIDLANDS AMBULANCE SERVICE NHS FOUNDATION TRUST,23483377,"68,625.00 "
Department of Health,NHS South Worcestershire CCG,31/08/2018,Computer Software/License,PRIMARY CARE IT,EGTON MEDICAL INFORMATION SYSTEMS LTD,23490166,"63,217.82 "
Department of Health,NHS South Worcestershire CCG,31/08/2018,Apprenticeship Levy Payable,BALANCE SHEET,HMRC,23495031,852.00 
Department of Health,NHS South Worcestershire CCG,31/08/2018,Income tax <1Yr,BALANCE SHEET,HMRC,23495031,"69,877.50 "
Department of Health,NHS South Worcestershire CCG,31/08/2018,Income tax <1Yr-Student Loans,BALANCE SHEET,HMRC,23495031,"1,602.00 "
Department of Health,NHS South Worcestershire CCG,31/08/2018,National Insurance < 1 yr-NI- ERS,BALANCE SHEET,HMRC,23495031,"44,974.36 "
Department of Health,NHS South Worcestershire CCG,31/08/2018,National Insurance < 1 yr-NI-EES,BALANCE SHEET,HMRC,23495031,"31,786.16 "
Department of Health,NHS South Worcestershire CCG,31/08/2018,Statutory Mat Pay < 1 yr,BALANCE SHEET,HMRC,23495031,133.57 
Department of Health,NHS South Worcestershire CCG,31/08/2018,Clinical&Medical-Clinical Other,COMMISSIONING SCHEMES,SW HEALTHCARE,23517804,"37,500.00 "
Department of Health,NHS South Worcestershire CCG,31/08/2018,Prescribing,CENTRAL DRUGS,FIRST DATABANK EUROPE LTD,23517826,"119,649.79 "
Department of Health,NHS South Worcestershire CCG,31/08/2018,Cont Care-Learning Disab(<65),CHC ADULT FULLY FUNDED,HESLEY GROUP,23517886,"25,180.86 "
Department of Health,NHS South Worcestershire CCG,31/08/2018,Hlthcre-Foundation Trsts,PATIENT TRANSPORT,WEST MIDLANDS AMBULANCE SERVICE NHS FOUNDATION TRUST,23517960,"45,905.85 "
Department of Health,NHS South Worcestershire CCG,31/08/2018,C&M-PMS LES In House Services,LOCAL ENHANCED SERVICES,RIVERSIDE SURGERY,23517970,"31,072.09 "
Department of Health,NHS South Worcestershire CCG,31/08/2018,Clinical&Medical-Independent Sector,PROGRAMME PROJECTS,CONSULTANT CONNECT LTD,23556683,"39,600.00 "
Department of Health,NHS South Worcestershire CCG,31/08/2018,Hcare Srv Rec NHS Trust-Non Contract,NCAS/OATS,NORTH BRISTOL NHS TRUST,23582756,"28,868.00 "
Department of Health,NHS South Worcestershire CCG,31/08/2018,Hcare Srv Rec Fdtn Trust-Contract Baseline,AMBULANCE SERVICES,WEST MIDLANDS AMBULANCE SERVICE NHS FOUNDATION TRUST,23582877,"39,703.00 "
Department of Health,NHS South Worcestershire CCG,31/08/2018,Hcare Srv Rec NHS Trust-Contract Baseline,ACUTE COMMISSIONING,UNIVERSITY HOSPITALS COVENTRY AND WARWICKSHIRE NHS TRUST,23610335,"124,861.00 "
Department of Health,NHS South Worcestershire CCG,31/08/2018,Cont Care-Physical Disab (65+),CHC ADULT FULLY FUNDED,BARCHESTER HEALTHCARE LTD,23610413,"7,200.00 "
Department of Health,NHS South Worcestershire CCG,31/08/2018,Trade Local Creds Adj Non-NHS <1Yr,BALANCE SHEET,BARCHESTER HEALTHCARE LTD,23610413,"24,240.00 "
Department of Health,NHS South Worcestershire CCG,31/08/2018,Hcare Srv Rec NHS Trust-Contract Baseline,ACUTE COMMISSIONING,UNIVERSITY HOSPITALS COVENTRY AND WARWICKSHIRE NHS TRUST,23610563,"43,257.00 "
Department of Health,NHS South Worcestershire CCG,31/08/2018,Clinical&Medical-Independent Sector,MENTAL HEALTH SERVICES - ADULTS,NHS REDDITCH AND BROMSGROVE CCG,23610571,"264,560.00 "
Department of Health,NHS South Worcestershire CCG,31/08/2018,Clinical&Medical-Independent Sector,OUT OF HOURS,NHS WYRE FOREST CCG,23610573,"212,482.00 "
Department of Health,NHS South Worcestershire CCG,31/08/2018,Hcare Srv Rec NHS Trust-Contract Baseline,ACUTE COMMISSIONING,WYE VALLEY NHS TRUST,23610575,"158,404.92 "
Department of Health,NHS South Worcestershire CCG,31/08/2018,Hcare Srv Rec NHS Trust-Contract Baseline,ACUTE COMMISSIONING,WYE VALLEY NHS TRUST,23610579,"32,234.58 "
Department of Health,NHS South Worcestershire CCG,31/08/2018,C&M-GMS Cost of Drugs -Dispensing,LOCAL ENHANCED SERVICES,ABBEY MEDICAL PRACTICE EVESHAM,23630471,"(23,900.32)"
Department of Health,NHS South Worcestershire CCG,31/08/2018,C&M-GMS PrscChrgsCll&RmttdbyGPCntra,PRC DELEGATED CO-COMMISSIONING,ABBEY MEDICAL PRACTICE EVESHAM,23630471,"(2,692.80)"
Department of Health,NHS South Worcestershire CCG,31/08/2018,C&M-GMS Cost of Drugs -Dispensing,LOCAL ENHANCED SERVICES,ABBEY MEDICAL PRACTICE EVESHAM,23630472,"70,450.36 "
Department of Health,NHS South Worcestershire CCG,31/08/2018,C&M-GMS Prof Fees Dispensing,PRC DELEGATED CO-COMMISSIONING,ABBEY MEDICAL PRACTICE EVESHAM,23630472,"13,627.45 "
Department of Health,NHS South Worcestershire CCG,31/08/2018,C&M-GMS PrscrptnChrgsColl&RmttdbyGP,LOCAL ENHANCED SERVICES,ABBEY MEDICAL PRACTICE EVESHAM,23630472,"2,692.80 "
Department of Health,NHS South Worcestershire CCG,31/08/2018,C&M-GMS Cost of Drugs -Dispensing,LOCAL ENHANCED SERVICES,ABBOTTSWOOD MEDICAL CENTRE,23630473,"(79,571.10)"
Department of Health,NHS South Worcestershire CCG,31/08/2018,C&M-GMS PrscChrgsCll&RmttdbyGPCntra,PRC DELEGATED CO-COMMISSIONING,ABBOTTSWOOD MEDICAL CENTRE,23630473,"(5,042.40)"
Department of Health,NHS South Worcestershire CCG,31/08/2018,C&M-GMS Cost of Drugs -Dispensing,LOCAL ENHANCED SERVICES,ABBOTTSWOOD MEDICAL CENTRE,23630474,"154,822.18 "
Department of Health,NHS South Worcestershire CCG,31/08/2018,C&M-GMS Prof Fees Dispensing,PRC DELEGATED CO-COMMISSIONING,ABBOTTSWOOD MEDICAL CENTRE,23630474,"27,544.26 "
Department of Health,NHS South Worcestershire CCG,31/08/2018,C&M-GMS PrscrptnChrgsColl&RmttdbyGP,LOCAL ENHANCED SERVICES,ABBOTTSWOOD MEDICAL CENTRE,23630474,"5,042.40 "
Department of Health,NHS South Worcestershire CCG,31/08/2018,C&M-GMS Cost of Drugs -Dispensing,LOCAL ENHANCED SERVICES,DR C M YOUNG & PARTNERS,23630477,"(64,382.56)"
Department of Health,NHS South Worcestershire CCG,31/08/2018,C&M-GMS PrscChrgsCll&RmttdbyGPCntra,PRC DELEGATED CO-COMMISSIONING,DR C M YOUNG & PARTNERS,23630477,"(4,364.80)"
Department of Health,NHS South Worcestershire CCG,31/08/2018,C&M-GMS Cost of Drugs -Dispensing,LOCAL ENHANCED SERVICES,DR C M YOUNG & PARTNERS,23630478,"118,360.98 "
Department of Health,NHS South Worcestershire CCG,31/08/2018,C&M-GMS Prof Fees Dispensing,PRC DELEGATED CO-COMMISSIONING,DR C M YOUNG & PARTNERS,23630478,"21,608.00 "
Department of Health,NHS South Worcestershire CCG,31/08/2018,C&M-GMS PrscrptnChrgsColl&RmttdbyGP,LOCAL ENHANCED SERVICES,DR C M YOUNG & PARTNERS,23630478,"4,364.80 "
Department of Health,NHS South Worcestershire CCG,31/08/2018,C&M-GMS Cost of Drugs -Dispensing,LOCAL ENHANCED SERVICES,DR BYWATER SALTER & HINTON,23630479,"(38,304.16)"
Department of Health,NHS South Worcestershire CCG,31/08/2018,C&M-GMS PrscChrgsCll&RmttdbyGPCntra,PRC DELEGATED CO-COMMISSIONING,DR BYWATER SALTER & HINTON,23630479,"(3,176.40)"
Department of Health,NHS South Worcestershire CCG,31/08/2018,C&M-GMS Cost of Drugs -Dispensing,LOCAL ENHANCED SERVICES,DR BYWATER SALTER & HINTON,23630480,"81,653.50 "
Department of Health,NHS South Worcestershire CCG,31/08/2018,C&M-GMS Prof Fees Dispensing,PRC DELEGATED CO-COMMISSIONING,DR BYWATER SALTER & HINTON,23630480,"14,530.62 "
Department of Health,NHS South Worcestershire CCG,31/08/2018,C&M-GMS PrscrptnChrgsColl&RmttdbyGP,LOCAL ENHANCED SERVICES,DR BYWATER SALTER & HINTON,23630480,"3,176.40 "
Department of Health,NHS South Worcestershire CCG,31/08/2018,C&M-GMS Cost of Drugs -Dispensing,LOCAL ENHANCED SERVICES,DR S P A WATSON & PARTNERS,23630489,"(59,056.91)"
Department of Health,NHS South Worcestershire CCG,31/08/2018,C&M-GMS PrscChrgsCll&RmttdbyGPCntra,PRC DELEGATED CO-COMMISSIONING,DR S P A WATSON & PARTNERS,23630489,"(4,778.40)"
Department of Health,NHS South Worcestershire CCG,31/08/2018,C&M-GMS Cost of Drugs -Dispensing,LOCAL ENHANCED SERVICES,DR S P A WATSON & PARTNERS,23630490,"114,108.81 "
Department of Health,NHS South Worcestershire CCG,31/08/2018,C&M-GMS Prof Fees Dispensing,PRC DELEGATED CO-COMMISSIONING,DR S P A WATSON & PARTNERS,23630490,"21,622.47 "
Department of Health,NHS South Worcestershire CCG,31/08/2018,C&M-GMS PrscrptnChrgsColl&RmttdbyGP,LOCAL ENHANCED SERVICES,DR S P A WATSON & PARTNERS,23630490,"4,778.40 "
Department of Health,NHS South Worcestershire CCG,31/08/2018,C&M-GMS Cost of Drugs -Dispensing,LOCAL ENHANCED SERVICES,TENBURY SURGERY,23630495,"26,979.64 "
Department of Health,NHS South Worcestershire CCG,31/08/2018,C&M-GMS Prof Fees Dispensing,PRC DELEGATED CO-COMMISSIONING,TENBURY SURGERY,23630495,"5,299.52 "
Department of Health,NHS South Worcestershire CCG,31/08/2018,C&M-GMS PrscrptnChrgsColl&RmttdbyGP,LOCAL ENHANCED SERVICES,TENBURY SURGERY,23630495,448.80 
Department of Health,NHS South Worcestershire CCG,31/08/2018,C&M-GMS Cost of Drugs -Dispensing,LOCAL ENHANCED SERVICES,DR ILT SMITH & PARTNERS,23630496,"(45,126.40)"
Department of Health,NHS South Worcestershire CCG,31/08/2018,C&M-GMS PrscChrgsCll&RmttdbyGPCntra,PRC DELEGATED CO-COMMISSIONING,DR ILT SMITH & PARTNERS,23630496,"(1,909.60)"
Department of Health,NHS South Worcestershire CCG,31/08/2018,C&M-GMS Cost of Drugs -Dispensing,LOCAL ENHANCED SERVICES,DR ILT SMITH & PARTNERS,23630497,"89,695.19 "
Department of Health,NHS South Worcestershire CCG,31/08/2018,C&M-GMS Prof Fees Dispensing,PRC DELEGATED CO-COMMISSIONING,DR ILT SMITH & PARTNERS,23630497,"15,788.57 "
Department of Health,NHS South Worcestershire CCG,31/08/2018,C&M-GMS PrscrptnChrgsColl&RmttdbyGP,LOCAL ENHANCED SERVICES,DR ILT SMITH & PARTNERS,23630497,"1,909.60 "
Department of Health,NHS South Worcestershire CCG,31/08/2018,C&M-GMS Cost of Drugs -Dispensing,LOCAL ENHANCED SERVICES,DR MACKICHAN WOOF & PARTNERS,23630499,"(35,696.54)"
Department of Health,NHS South Worcestershire CCG,31/08/2018,C&M-GMS PrscChrgsCll&RmttdbyGPCntra,PRC DELEGATED CO-COMMISSIONING,DR MACKICHAN WOOF & PARTNERS,23630499,"(1,452.00)"
Department of Health,NHS South Worcestershire CCG,31/08/2018,C&M-GMS Cost of Drugs -Dispensing,LOCAL ENHANCED SERVICES,DR MACKICHAN WOOF & PARTNERS,23630500,"70,343.18 "
Department of Health,NHS South Worcestershire CCG,31/08/2018,C&M-GMS Prof Fees Dispensing,PRC DELEGATED CO-COMMISSIONING,DR MACKICHAN WOOF & PARTNERS,23630500,"12,805.46 "
Department of Health,NHS South Worcestershire CCG,31/08/2018,C&M-GMS PrscrptnChrgsColl&RmttdbyGP,LOCAL ENHANCED SERVICES,DR MACKICHAN WOOF & PARTNERS,23630500,"1,452.00 "
Department of Health,NHS South Worcestershire CCG,31/08/2018,C&M-GMS Cost of Drugs -Dispensing,LOCAL ENHANCED SERVICES,BREDON HILL SURGERY,23630501,"(38,084.16)"
Department of Health,NHS South Worcestershire CCG,31/08/2018,C&M-GMS PrscChrgsCll&RmttdbyGPCntra,PRC DELEGATED CO-COMMISSIONING,BREDON HILL SURGERY,23630501,"(3,907.20)"
Department of Health,NHS South Worcestershire CCG,31/08/2018,C&M-GMS Cost of Drugs -Dispensing,LOCAL ENHANCED SERVICES,BREDON HILL SURGERY,23630502,"69,176.30 "
Department of Health,NHS South Worcestershire CCG,31/08/2018,C&M-GMS Prof Fees Dispensing,PRC DELEGATED CO-COMMISSIONING,BREDON HILL SURGERY,23630502,"15,876.11 "
Department of Health,NHS South Worcestershire CCG,31/08/2018,C&M-GMS PrscrptnChrgsColl&RmttdbyGP,LOCAL ENHANCED SERVICES,BREDON HILL SURGERY,23630502,"3,907.20 "
Department of Health,NHS South Worcestershire CCG,31/08/2018,C&M-GMS Cost of Drugs -Dispensing,LOCAL ENHANCED SERVICES,DR JP BARRELL AND PARTNERS,23631395,"(82,742.32)"
Department of Health,NHS South Worcestershire CCG,31/08/2018,C&M-GMS PrscChrgsCll&RmttdbyGPCntra,PRC DELEGATED CO-COMMISSIONING,DR JP BARRELL AND PARTNERS,23631395,"(4,891.40)"
Department of Health,NHS South Worcestershire CCG,31/08/2018,C&M-GMS Cost of Drugs -Dispensing,LOCAL ENHANCED SERVICES,DR JP BARRELL AND PARTNERS,23631397,"156,956.48 "
Department of Health,NHS South Worcestershire CCG,31/08/2018,C&M-GMS Prof Fees Dispensing,PRC DELEGATED CO-COMMISSIONING,DR JP BARRELL AND PARTNERS,23631397,"33,765.40 "
Department of Health,NHS South Worcestershire CCG,31/08/2018,C&M-GMS PrscrptnChrgsColl&RmttdbyGP,LOCAL ENHANCED SERVICES,DR JP BARRELL AND PARTNERS,23631397,"4,891.40 "
Department of Health,NHS South Worcestershire CCG,31/08/2018,C&M-GMS Cost of Drugs -Dispensing,LOCAL ENHANCED SERVICES,BARN CLOSE SURGERY,23631398,"(54,916.08)"
Department of Health,NHS South Worcestershire CCG,31/08/2018,C&M-GMS PrscChrgsCll&RmttdbyGPCntra,PRC DELEGATED CO-COMMISSIONING,BARN CLOSE SURGERY,23631398,"(3,361.60)"
Department of Health,NHS South Worcestershire CCG,31/08/2018,C&M-GMS Cost of Drugs -Dispensing,LOCAL ENHANCED SERVICES,BARN CLOSE SURGERY,23631399,"109,970.15 "
Department of Health,NHS South Worcestershire CCG,31/08/2018,C&M-GMS Prof Fees Dispensing,PRC DELEGATED CO-COMMISSIONING,BARN CLOSE SURGERY,23631399,"21,090.02 "
Department of Health,NHS South Worcestershire CCG,31/08/2018,C&M-GMS PrscrptnChrgsColl&RmttdbyGP,LOCAL ENHANCED SERVICES,BARN CLOSE SURGERY,23631399,"3,361.60 "
Department of Health,NHS South Worcestershire CCG,31/08/2018,C&M-GMS Cost of Drugs -Dispensing,LOCAL ENHANCED SERVICES,ELGAR HEALTHCARE LTD,23631400,"(47,467.53)"
Department of Health,NHS South Worcestershire CCG,31/08/2018,C&M-GMS PrscChrgsCll&RmttdbyGPCntra,PRC DELEGATED CO-COMMISSIONING,ELGAR HEALTHCARE LTD,23631400,"(3,766.40)"
Department of Health,NHS South Worcestershire CCG,31/08/2018,C&M-GMS Cost of Drugs -Dispensing,LOCAL ENHANCED SERVICES,ELGAR HEALTHCARE LTD,23631401,"83,755.20 "
Department of Health,NHS South Worcestershire CCG,31/08/2018,C&M-GMS Prof Fees Dispensing,PRC DELEGATED CO-COMMISSIONING,ELGAR HEALTHCARE LTD,23631401,"15,486.50 "
Department of Health,NHS South Worcestershire CCG,31/08/2018,C&M-GMS PrscrptnChrgsColl&RmttdbyGP,LOCAL ENHANCED SERVICES,ELGAR HEALTHCARE LTD,23631401,"3,766.40 "
Department of Health,NHS South Worcestershire CCG,31/08/2018,C&M-GMS Cost of Drugs -Dispensing,LOCAL ENHANCED SERVICES,RIVERSIDE SURGERY,23631402,"(52,340.36)"
Department of Health,NHS South Worcestershire CCG,31/08/2018,C&M-GMS PrscChrgsCll&RmttdbyGPCntra,PRC DELEGATED CO-COMMISSIONING,RIVERSIDE SURGERY,23631402,"(3,159.20)"
Department of Health,NHS South Worcestershire CCG,31/08/2018,C&M-GMS Cost of Drugs -Dispensing,LOCAL ENHANCED SERVICES,RIVERSIDE SURGERY,23631403,"91,760.59 "
Department of Health,NHS South Worcestershire CCG,31/08/2018,C&M-GMS Prof Fees Dispensing,PRC DELEGATED CO-COMMISSIONING,RIVERSIDE SURGERY,23631403,"20,682.76 "
Department of Health,NHS South Worcestershire CCG,31/08/2018,C&M-GMS PrscrptnChrgsColl&RmttdbyGP,LOCAL ENHANCED SERVICES,RIVERSIDE SURGERY,23631403,"3,159.20 "
Department of Health,NHS South Worcestershire CCG,31/08/2018,C&M-GMS Cost of Drugs -Dispensing,LOCAL ENHANCED SERVICES,DR AC HORN & MH TUCKER,23631404,"(54,013.23)"
Department of Health,NHS South Worcestershire CCG,31/08/2018,C&M-GMS PrscChrgsCll&RmttdbyGPCntra,PRC DELEGATED CO-COMMISSIONING,DR AC HORN & MH TUCKER,23631404,"(3,678.40)"
Department of Health,NHS South Worcestershire CCG,31/08/2018,C&M-GMS Cost of Drugs -Dispensing,LOCAL ENHANCED SERVICES,DR AC HORN & MH TUCKER,23631405,"104,735.71 "
Department of Health,NHS South Worcestershire CCG,31/08/2018,C&M-GMS Prof Fees Dispensing,PRC DELEGATED CO-COMMISSIONING,DR AC HORN & MH TUCKER,23631405,"19,158.53 "
Department of Health,NHS South Worcestershire CCG,31/08/2018,C&M-GMS PrscrptnChrgsColl&RmttdbyGP,LOCAL ENHANCED SERVICES,DR AC HORN & MH TUCKER,23631405,"3,678.40 "
Department of Health,NHS South Worcestershire CCG,31/08/2018,Hcare Srv Rec Fdtn Trust-Contract Baseline,ACUTE COMMISSIONING,UNIVERSITY HOSPITALS BIRMINGHAM NHS FOUNDATION TRUST,23680595,"(137,251.00)"
Department of Health,NHS South Worcestershire CCG,31/08/2018,Hcare Srv Rec NHS Trust-Contract Baseline,ACUTE COMMISSIONING,WYE VALLEY NHS TRUST,23690794,"133,265.00 "
Department of Health,NHS South Worcestershire CCG,31/08/2018,Hcare Srv Rec NHS Trust-Contract Baseline,ACUTE COMMISSIONING,WYE VALLEY NHS TRUST,23690803,"36,006.00 "
Department of Health,NHS South Worcestershire CCG,31/08/2018,Hcare Srv Rec NHS Trust-Contract Baseline,ACUTE COMMISSIONING,UNIVERSITY HOSPITALS COVENTRY AND WARWICKSHIRE NHS TRUST,23690811,"33,129.03 "
Department of Health,NHS South Worcestershire CCG,31/08/2018,Hcare Srv Rec NHS Trust-Contract Baseline,ACUTE COMMISSIONING,WYE VALLEY NHS TRUST,23690816,"32,997.00 "
Department of Health,NHS South Worcestershire CCG,31/08/2018,Clinical&Medical-Independent Sector,ACUTE COMMISSIONING,BMI HEALTHCARE COLLECTIONS,23690980,"162,767.97 "
Department of Health,NHS South Worcestershire CCG,31/08/2018,Hcare Srv Rec Fdtn Trust-Contract Baseline,ACUTE COMMISSIONING,UNIVERSITY HOSPITALS BIRMINGHAM NHS FOUNDATION TRUST,23691994,"40,563.00 "
Department of Health,NHS South Worcestershire CCG,31/08/2018,Hcare Srv Rec NHS CCG-Contract Baseline,CORPORATE COSTS & SERVICES,NHS SANDWELL AND WEST BIRMINGHAM CCG,23698719,"4,792.00 "
Department of Health,NHS South Worcestershire CCG,31/08/2018,Hcare Srv Rec NHS CCG-Contract Baseline,NHS 111,NHS SANDWELL AND WEST BIRMINGHAM CCG,23698719,"82,618.00 "
Department of Health,NHS South Worcestershire CCG,31/08/2018,Hcare Srv Rec NHS Trust-Contract Baseline,ACUTE COMMISSIONING,WORCESTERSHIRE ACUTE HOSPITALS NHS TRUST,23698720,"11,388,852.00 "
Department of Health,NHS South Worcestershire CCG,31/08/2018,Hcare Srv Rec NHS Trust,MENTAL HEALTH CONTRACTS,WORCESTERSHIRE HEALTH & CARE NHS TRUST,23698721,"1,898,296.00 "
Department of Health,NHS South Worcestershire CCG,31/08/2018,Hcare Srv Rec NHS Trust-Contract Baseline,COMMUNITY SERVICES,WORCESTERSHIRE HEALTH & CARE NHS TRUST,23698721,"2,789,924.00 "
Department of Health,NHS South Worcestershire CCG,31/08/2018,Hcare Srv Rec Fdtn Trust-Contract Baseline,PATIENT TRANSPORT,WEST MIDLANDS AMBULANCE SERVICE NHS FOUNDATION TRUST,23698722,"112,281.00 "
Department of Health,NHS South Worcestershire CCG,31/08/2018,Hcare Srv Rec Fdtn Trust-Contract Baseline,AMBULANCE SERVICES,WEST MIDLANDS AMBULANCE SERVICE NHS FOUNDATION TRUST,23698724,"1,019,802.00 "
,,,,,,,
