A3131 - Expenditure Over Threshold,,,,,,,
,,,,,,,
,,,,,,,
,,,,,,,
Time run: 19/03/2019 10:19:00,,,,,,,
,,,,,,,
Department family,Entity,Date,Expense Type,Expense area,Supplier,Transaction number,AP Amount (�)
Department of Health,NHS South Worcestershire CCG,30/11/2018,Cont Care-Physical Disab (65+),CHC ADULT FULLY FUNDED,HESLEY GROUP,24546263,"(109,584.95)"
Department of Health,NHS South Worcestershire CCG,30/11/2018,Cont Care-Learning Disab(<65),CHC ADULT FULLY FUNDED,HESLEY GROUP,24546264,"(109,722.14)"
Department of Health,NHS South Worcestershire CCG,30/11/2018,Clinical&Medical-Independent Sector,GP FORWARD VIEW,SW HEALTHCARE,24594208,"121,872.00 "
Department of Health,NHS South Worcestershire CCG,30/11/2018,Clinical&Medical-Clinical Other,MENTAL HEALTH SERVICES - ADULTS,WORCESTERSHIRE COUNTY COUNCIL,24596434,"19,611.00 "
Department of Health,NHS South Worcestershire CCG,30/11/2018,Clinical&Medical-Independent Sector,COMMISSIONING - NON ACUTE,WORCESTERSHIRE COUNTY COUNCIL,24596434,"30,857.00 "
Department of Health,NHS South Worcestershire CCG,30/11/2018,Clinical&Medical-Independent Sector,COMMUNITY SERVICES,WORCESTERSHIRE COUNTY COUNCIL,24596434,"227,765.00 "
Department of Health,NHS South Worcestershire CCG,30/11/2018,Clinical&Medical-Independent Sector,LEARNING DIFFICULTIES,WORCESTERSHIRE COUNTY COUNCIL,24596434,"33,025.00 "
Department of Health,NHS South Worcestershire CCG,30/11/2018,Clinical&Medical-Othe Public Sector,CHILD AND ADOLESCENT MENTAL HEALTH,WORCESTERSHIRE COUNTY COUNCIL,24596434,"4,070.00 "
Department of Health,NHS South Worcestershire CCG,30/11/2018,Clinical&Medical-Othe Public Sector,COMMISSIONING - NON ACUTE,WORCESTERSHIRE COUNTY COUNCIL,24596434,"12,583.00 "
Department of Health,NHS South Worcestershire CCG,30/11/2018,Clinical&Medical-Othe Public Sector,COMMUNITY SERVICES,WORCESTERSHIRE COUNTY COUNCIL,24596434,"194,220.00 "
Department of Health,NHS South Worcestershire CCG,30/11/2018,Clinical&Medical-Othe Public Sector,LEARNING DIFFICULTIES,WORCESTERSHIRE COUNTY COUNCIL,24596434,"52,555.00 "
Department of Health,NHS South Worcestershire CCG,30/11/2018,Clinical&Medical-Othe Public Sector,Mental Health Services - S117 Mental Health,WORCESTERSHIRE COUNTY COUNCIL,24596434,"168,534.00 "
Department of Health,NHS South Worcestershire CCG,30/11/2018,Clinical&Medical-Serv Recd-NHS Trst,COMMUNITY SERVICES,WORCESTERSHIRE COUNTY COUNCIL,24596434,"30,892.00 "
Department of Health,NHS South Worcestershire CCG,30/11/2018,Clinical&Medical-Voluntary Sector,COMMISSIONING - NON ACUTE,WORCESTERSHIRE COUNTY COUNCIL,24596434,"3,103.00 "
Department of Health,NHS South Worcestershire CCG,30/11/2018,Cont Care-Funded Nursing Care Allow,FUNDED NURSING CARE,WORCESTERSHIRE COUNTY COUNCIL,24596434,"460,940.00 "
Department of Health,NHS South Worcestershire CCG,30/11/2018,Cont Care-NHS Trust-Children,Children's Continuing Care,WORCESTERSHIRE COUNTY COUNCIL,24596434,"19,096.00 "
Department of Health,NHS South Worcestershire CCG,30/11/2018,Hcare Srv Rec NHS Trust,CHILD AND ADOLESCENT MENTAL HEALTH,WORCESTERSHIRE COUNTY COUNCIL,24596434,"225,136.00 "
Department of Health,NHS South Worcestershire CCG,30/11/2018,Hcare Srv Rec NHS Trust,CHILDREN SERVICES,WORCESTERSHIRE COUNTY COUNCIL,24596434,"512,268.00 "
Department of Health,NHS South Worcestershire CCG,30/11/2018,Hcare Srv Rec NHS Trust,COMMUNITY SERVICES,WORCESTERSHIRE COUNTY COUNCIL,24596434,"35,878.00 "
Department of Health,NHS South Worcestershire CCG,30/11/2018,Hcare Srv Rec NHS Trust,LEARNING DIFFICULTIES,WORCESTERSHIRE COUNTY COUNCIL,24596434,"144,816.00 "
Department of Health,NHS South Worcestershire CCG,30/11/2018,Hcare Srv Rec NHS Trust,MENTAL HEALTH SERVICES - ADULTS,WORCESTERSHIRE COUNTY COUNCIL,24596434,"12,797.00 "
Department of Health,NHS South Worcestershire CCG,30/11/2018,Hcare Srv Rec NHS Trust,WHEELCHAIR SERVICE,WORCESTERSHIRE COUNTY COUNCIL,24596434,"63,542.00 "
Department of Health,NHS South Worcestershire CCG,30/11/2018,Hcare Srv Rec NHS Trust-Non Contract,COMMISSIONING - NON ACUTE,WORCESTERSHIRE COUNTY COUNCIL,24596434,"1,160.00 "
Department of Health,NHS South Worcestershire CCG,30/11/2018,Computer Maintenance,PRIMARY CARE IT,COMPUTACENTER (UK) LTD,24622218,"57,187.86 "
Department of Health,NHS South Worcestershire CCG,30/11/2018,Hcare Srv Rec NHS Trust-Contract Baseline,ACUTE COMMISSIONING,WYE VALLEY NHS TRUST,24631572,"32,234.58 "
Department of Health,NHS South Worcestershire CCG,30/11/2018,Hcare Srv Rec NHS Trust-Contract Baseline,ACUTE COMMISSIONING,WYE VALLEY NHS TRUST,24631575,"158,404.92 "
Department of Health,NHS South Worcestershire CCG,30/11/2018,Hcare Srv Rec Fdtn Trust-Contract Baseline,ACUTE COMMISSIONING,ROBERT JONES & AGNES HUNT ORTHOPAEDIC HOSPITAL NHS FOUNDATION TRUST,24631753,"27,535.42 "
Department of Health,NHS South Worcestershire CCG,30/11/2018,Clinical&Medical-Independent Sector,ACUTE COMMISSIONING,SPIRE HEALTHCARE LTD,24631761,"378,183.00 "
Department of Health,NHS South Worcestershire CCG,30/11/2018,Hcare Srv Rec Fdtn Trust-Contract Baseline,ACUTE COMMISSIONING,UNIVERSITY HOSPITALS BIRMINGHAM NHS FOUNDATION TRUST,24631803,"40,563.00 "
Department of Health,NHS South Worcestershire CCG,30/11/2018,Cont Care-Learning Disab(<65),CHC AD JNT FUND PERS HLTH BUD,CAUSEWAY CARE CIC,24631825,"48,490.50 "
Department of Health,NHS South Worcestershire CCG,30/11/2018,Hcare Srv Rec Fdtn Trust-Contract Baseline,MATERNITY SERVICES,BIRMINGHAM WOMENS AND CHILDRENS NHS FOUNDATION TRUST,24631846,"64,718.08 "
Department of Health,NHS South Worcestershire CCG,30/11/2018,Cont Care-Physical Disab (65+),CHC AD FULL FUND PERS HLTH BUD,SOLO SUPPORT SERVICES LTD,24651877,"100,318.47 "
Department of Health,NHS South Worcestershire CCG,30/11/2018,Hcare Srv Rec Fdtn Trust-Contract Baseline,ACUTE COMMISSIONING,SOUTH WARWICKSHIRE NHS FOUNDATION TRUST,24651964,"56,037.00 "
Department of Health,NHS South Worcestershire CCG,30/11/2018,Rent,CORPORATE COSTS & SERVICES,NHS PROPERTY SERVICES LTD,24704086,"25,200.00 "
Department of Health,NHS South Worcestershire CCG,30/11/2018,Service Charge,CORPORATE COSTS & SERVICES,NHS PROPERTY SERVICES LTD,24704086,"30,560.78 "
Department of Health,NHS South Worcestershire CCG,30/11/2018,Clinical&Medical-Independent Sector,COMMUNITY SERVICES,WORCESTERSHIRE HEALTH & CARE NHS TRUST,24704177,"50,280.00 "
Department of Health,NHS South Worcestershire CCG,30/11/2018,Hcare Srv Rec NHS Trust,COMMUNITY SERVICES,WORCESTERSHIRE HEALTH & CARE NHS TRUST,24704177,"264,298.00 "
Department of Health,NHS South Worcestershire CCG,30/11/2018,Charges from CSU,CORPORATE COSTS & SERVICES,NHS MIDLANDS AND LANCASHIRE CSU,24704192,"79,131.06 "
Department of Health,NHS South Worcestershire CCG,30/11/2018,Clinical&Medical-Independent Sector,PROGRAMME PROJECTS,CARNALL FARRAR LTD,24733002,"170,000.00 "
Department of Health,NHS South Worcestershire CCG,30/11/2018,C&M-GMS DES Minor Surgery,PRC DELEGATED CO-COMMISSIONING,ABBEY MEDICAL PRACTICE EVESHAM,24736782,"9,927.12 "
Department of Health,NHS South Worcestershire CCG,30/11/2018,C&M-GMS Global Sum,PRC DELEGATED CO-COMMISSIONING,ABBEY MEDICAL PRACTICE EVESHAM,24736782,"64,170.34 "
Department of Health,NHS South Worcestershire CCG,30/11/2018,C&M-GMS MPIG Correction Factor,PRC DELEGATED CO-COMMISSIONING,ABBEY MEDICAL PRACTICE EVESHAM,24736782,"2,047.75 "
Department of Health,NHS South Worcestershire CCG,30/11/2018,C&M-GMS QOF Aspiration,PRC DELEGATED CO-COMMISSIONING,ABBEY MEDICAL PRACTICE EVESHAM,24736782,"6,377.98 "
Department of Health,NHS South Worcestershire CCG,30/11/2018,ME - GMS GP Prior Year ERs,PRC DELEGATED CO-COMMISSIONING,ABBEY MEDICAL PRACTICE EVESHAM,24736782,"7,158.36 "
Department of Health,NHS South Worcestershire CCG,30/11/2018,ME-GMS GP Pension EEs Adjustments,PRC DELEGATED CO-COMMISSIONING,ABBEY MEDICAL PRACTICE EVESHAM,24736782,"2,074.17 "
Department of Health,NHS South Worcestershire CCG,30/11/2018,ME-GMS GP Pension ERs Adjustments,PRC DELEGATED CO-COMMISSIONING,ABBEY MEDICAL PRACTICE EVESHAM,24736782,"2,386.12 "
Department of Health,NHS South Worcestershire CCG,30/11/2018,ME-GMS GP Prior Year EEs,PRC DELEGATED CO-COMMISSIONING,ABBEY MEDICAL PRACTICE EVESHAM,24736782,"6,222.50 "
Department of Health,NHS South Worcestershire CCG,30/11/2018,C&M-GMS GP Statutory Levy,PRC DELEGATED CO-COMMISSIONING,ABBOTTSWOOD MEDICAL CENTRE,24736783,(351.73)
Department of Health,NHS South Worcestershire CCG,30/11/2018,C&M-GMS Voluntary Levy,PRC DELEGATED CO-COMMISSIONING,ABBOTTSWOOD MEDICAL CENTRE,24736783,(72.08)
Department of Health,NHS South Worcestershire CCG,30/11/2018,ME - GMS GP Prior Year ERs,PRC DELEGATED CO-COMMISSIONING,ABBOTTSWOOD MEDICAL CENTRE,24736783,"(54,555.00)"
Department of Health,NHS South Worcestershire CCG,30/11/2018,ME - GMS TPS Added Years Adj EEs,PRC DELEGATED CO-COMMISSIONING,ABBOTTSWOOD MEDICAL CENTRE,24736783,(400.91)
Department of Health,NHS South Worcestershire CCG,30/11/2018,ME-GMS GP Pension EEs,PRC DELEGATED CO-COMMISSIONING,ABBOTTSWOOD MEDICAL CENTRE,24736783,"(8,141.55)"
Department of Health,NHS South Worcestershire CCG,30/11/2018,ME-GMS GP Pension ERs Adjustments,PRC DELEGATED CO-COMMISSIONING,ABBOTTSWOOD MEDICAL CENTRE,24736783,"(8,495.58)"
Department of Health,NHS South Worcestershire CCG,30/11/2018,ME-GMS GP Prior Year EEs,PRC DELEGATED CO-COMMISSIONING,ABBOTTSWOOD MEDICAL CENTRE,24736783,(434.20)
Department of Health,NHS South Worcestershire CCG,30/11/2018,C&M-GMS DES Extended Hours Access,PRC DELEGATED CO-COMMISSIONING,DR A P BROTHERWOOD & PARTNERS,24736785,"3,264.68 "
Department of Health,NHS South Worcestershire CCG,30/11/2018,C&M-GMS DES Learn Dsblty Hlth Chk,PRC DELEGATED CO-COMMISSIONING,DR A P BROTHERWOOD & PARTNERS,24736785,140.00 
Department of Health,NHS South Worcestershire CCG,30/11/2018,C&M-GMS DES Minor Surgery,PRC DELEGATED CO-COMMISSIONING,DR A P BROTHERWOOD & PARTNERS,24736785,"3,482.41 "
Department of Health,NHS South Worcestershire CCG,30/11/2018,C&M-GMS Global Sum,PRC DELEGATED CO-COMMISSIONING,DR A P BROTHERWOOD & PARTNERS,24736785,"48,441.79 "
Department of Health,NHS South Worcestershire CCG,30/11/2018,C&M-GMS Other FDR Payment,PRC DELEGATED CO-COMMISSIONING,DR A P BROTHERWOOD & PARTNERS,24736785,"3,113.00 "
Department of Health,NHS South Worcestershire CCG,30/11/2018,C&M-GMS QOF Aspiration,PRC DELEGATED CO-COMMISSIONING,DR A P BROTHERWOOD & PARTNERS,24736785,"5,048.64 "
Department of Health,NHS South Worcestershire CCG,30/11/2018,C&M-GMS DES Extended Hours Access,PRC DELEGATED CO-COMMISSIONING,DR BYWATER SALTER & HINTON,24736787,"2,102.35 "
Department of Health,NHS South Worcestershire CCG,30/11/2018,C&M-GMS Global Sum,PRC DELEGATED CO-COMMISSIONING,DR BYWATER SALTER & HINTON,24736787,"35,830.68 "
Department of Health,NHS South Worcestershire CCG,30/11/2018,C&M-GMS MPIG Correction Factor,PRC DELEGATED CO-COMMISSIONING,DR BYWATER SALTER & HINTON,24736787,"1,402.69 "
Department of Health,NHS South Worcestershire CCG,30/11/2018,C&M-GMS QOF Aspiration,PRC DELEGATED CO-COMMISSIONING,DR BYWATER SALTER & HINTON,24736787,"3,808.69 "
Department of Health,NHS South Worcestershire CCG,30/11/2018,C&M-GMS DES Learn Dsblty Hlth Chk,PRC DELEGATED CO-COMMISSIONING,DR B A TUCK & PARTNERS,24736789,"2,520.00 "
Department of Health,NHS South Worcestershire CCG,30/11/2018,C&M-GMS DES Minor Surgery,PRC DELEGATED CO-COMMISSIONING,DR B A TUCK & PARTNERS,24736789,"1,044.96 "
Department of Health,NHS South Worcestershire CCG,30/11/2018,C&M-GMS Global Sum,PRC DELEGATED CO-COMMISSIONING,DR B A TUCK & PARTNERS,24736789,"73,764.59 "
Department of Health,NHS South Worcestershire CCG,30/11/2018,C&M-GMS Other FDR Payment,PRC DELEGATED CO-COMMISSIONING,DR B A TUCK & PARTNERS,24736789,"1,172.00 "
Department of Health,NHS South Worcestershire CCG,30/11/2018,C&M-GMS Prem Water Rates,PRC DELEGATED CO-COMMISSIONING,DR B A TUCK & PARTNERS,24736789,430.44 
Department of Health,NHS South Worcestershire CCG,30/11/2018,C&M-GMS QOF Aspiration,PRC DELEGATED CO-COMMISSIONING,DR B A TUCK & PARTNERS,24736789,"9,462.13 "
Department of Health,NHS South Worcestershire CCG,30/11/2018,C&M-GMS DES Extended Hours Access,PRC DELEGATED CO-COMMISSIONING,DR D J RADLEY & PARTNERS,24736791,"4,586.60 "
Department of Health,NHS South Worcestershire CCG,30/11/2018,C&M-GMS DES Minor Surgery,PRC DELEGATED CO-COMMISSIONING,DR D J RADLEY & PARTNERS,24736791,"4,397.54 "
Department of Health,NHS South Worcestershire CCG,30/11/2018,C&M-GMS Global Sum,PRC DELEGATED CO-COMMISSIONING,DR D J RADLEY & PARTNERS,24736791,"109,979.50 "
Department of Health,NHS South Worcestershire CCG,30/11/2018,C&M-GMS Other FDR Payment,PRC DELEGATED CO-COMMISSIONING,DR D J RADLEY & PARTNERS,24736791,"1,665.00 "
Department of Health,NHS South Worcestershire CCG,30/11/2018,C&M-GMS Prem Water Rates,PRC DELEGATED CO-COMMISSIONING,DR D J RADLEY & PARTNERS,24736791,644.06 
Department of Health,NHS South Worcestershire CCG,30/11/2018,C&M-GMS QOF Aspiration,PRC DELEGATED CO-COMMISSIONING,DR D J RADLEY & PARTNERS,24736791,"13,826.90 "
Department of Health,NHS South Worcestershire CCG,30/11/2018,C&M-GMS DES Extended Hours Access,PRC DELEGATED CO-COMMISSIONING,DR D A JONES & PARTNERS,24736793,"2,904.81 "
Department of Health,NHS South Worcestershire CCG,30/11/2018,C&M-GMS DES Minor Surgery,PRC DELEGATED CO-COMMISSIONING,DR D A JONES & PARTNERS,24736793,"2,960.72 "
Department of Health,NHS South Worcestershire CCG,30/11/2018,C&M-GMS Global Sum,PRC DELEGATED CO-COMMISSIONING,DR D A JONES & PARTNERS,24736793,"46,909.28 "
Department of Health,NHS South Worcestershire CCG,30/11/2018,C&M-GMS Other FDR Payment,PRC DELEGATED CO-COMMISSIONING,DR D A JONES & PARTNERS,24736793,"3,325.00 "
Department of Health,NHS South Worcestershire CCG,30/11/2018,C&M-GMS QOF Aspiration,PRC DELEGATED CO-COMMISSIONING,DR D A JONES & PARTNERS,24736793,"4,291.73 "
Department of Health,NHS South Worcestershire CCG,30/11/2018,C&M-GMS DES Extended Hours Access,PRC DELEGATED CO-COMMISSIONING,DR KATHRYN SOLESBURY & PARTNERS,24736795,"5,867.68 "
Department of Health,NHS South Worcestershire CCG,30/11/2018,C&M-GMS DES Minor Surgery,PRC DELEGATED CO-COMMISSIONING,DR KATHRYN SOLESBURY & PARTNERS,24736795,"1,741.60 "
Department of Health,NHS South Worcestershire CCG,30/11/2018,C&M-GMS Global Sum,PRC DELEGATED CO-COMMISSIONING,DR KATHRYN SOLESBURY & PARTNERS,24736795,"79,220.74 "
Department of Health,NHS South Worcestershire CCG,30/11/2018,C&M-GMS Other FDR Payment,PRC DELEGATED CO-COMMISSIONING,DR KATHRYN SOLESBURY & PARTNERS,24736795,"3,282.00 "
Department of Health,NHS South Worcestershire CCG,30/11/2018,C&M-GMS PCO Doctors Ret Scheme,PRC DELEGATED CO-COMMISSIONING,DR KATHRYN SOLESBURY & PARTNERS,24736795,"2,615.40 "
Department of Health,NHS South Worcestershire CCG,30/11/2018,C&M-GMS Prem Water Rates,PRC DELEGATED CO-COMMISSIONING,DR KATHRYN SOLESBURY & PARTNERS,24736795,"2,934.17 "
Department of Health,NHS South Worcestershire CCG,30/11/2018,C&M-GMS QOF Aspiration,PRC DELEGATED CO-COMMISSIONING,DR KATHRYN SOLESBURY & PARTNERS,24736795,"9,508.02 "
Department of Health,NHS South Worcestershire CCG,30/11/2018,C&M-GMS DES Extended Hours Access,PRC DELEGATED CO-COMMISSIONING,DR JE SMITH&PARTNERS,24736798,"9,881.90 "
Department of Health,NHS South Worcestershire CCG,30/11/2018,C&M-GMS DES Learn Dsblty Hlth Chk,PRC DELEGATED CO-COMMISSIONING,DR JE SMITH&PARTNERS,24736798,"1,680.00 "
Department of Health,NHS South Worcestershire CCG,30/11/2018,C&M-GMS DES Minor Surgery,PRC DELEGATED CO-COMMISSIONING,DR JE SMITH&PARTNERS,24736798,"6,269.76 "
Department of Health,NHS South Worcestershire CCG,30/11/2018,C&M-GMS Global Sum,PRC DELEGATED CO-COMMISSIONING,DR JE SMITH&PARTNERS,24736798,"125,820.66 "
Department of Health,NHS South Worcestershire CCG,30/11/2018,C&M-GMS Other FDR Payment,PRC DELEGATED CO-COMMISSIONING,DR JE SMITH&PARTNERS,24736798,"11,242.00 "
Department of Health,NHS South Worcestershire CCG,30/11/2018,C&M-GMS PCO Doctors Ret Scheme,PRC DELEGATED CO-COMMISSIONING,DR JE SMITH&PARTNERS,24736798,"9,461.16 "
Department of Health,NHS South Worcestershire CCG,30/11/2018,C&M-GMS QOF Aspiration,PRC DELEGATED CO-COMMISSIONING,DR JE SMITH&PARTNERS,24736798,"13,941.03 "
Department of Health,NHS South Worcestershire CCG,30/11/2018,C&M-GMS DES Minor Surgery,PRC DELEGATED CO-COMMISSIONING,DR K A M LAIDLAW & PARTNERS,24736799,"2,830.10 "
Department of Health,NHS South Worcestershire CCG,30/11/2018,C&M-GMS Global Sum,PRC DELEGATED CO-COMMISSIONING,DR K A M LAIDLAW & PARTNERS,24736799,"76,505.85 "
Department of Health,NHS South Worcestershire CCG,30/11/2018,C&M-GMS Other FDR Payment,PRC DELEGATED CO-COMMISSIONING,DR K A M LAIDLAW & PARTNERS,24736799,"3,097.00 "
Department of Health,NHS South Worcestershire CCG,30/11/2018,C&M-GMS QOF Aspiration,PRC DELEGATED CO-COMMISSIONING,DR K A M LAIDLAW & PARTNERS,24736799,"8,344.10 "
Department of Health,NHS South Worcestershire CCG,30/11/2018,C&M-GMS DES Learn Dsblty Hlth Chk,PRC DELEGATED CO-COMMISSIONING,DR S D ROBERTS & PARTNERS,24736801,280.00 
Department of Health,NHS South Worcestershire CCG,30/11/2018,C&M-GMS DES Minor Surgery,PRC DELEGATED CO-COMMISSIONING,DR S D ROBERTS & PARTNERS,24736801,"4,005.68 "
Department of Health,NHS South Worcestershire CCG,30/11/2018,C&M-GMS Global Sum,PRC DELEGATED CO-COMMISSIONING,DR S D ROBERTS & PARTNERS,24736801,"68,602.58 "
Department of Health,NHS South Worcestershire CCG,30/11/2018,C&M-GMS Other FDR Payment,PRC DELEGATED CO-COMMISSIONING,DR S D ROBERTS & PARTNERS,24736801,458.00 
Department of Health,NHS South Worcestershire CCG,30/11/2018,C&M-GMS Other Small Practice All,PRC DELEGATED CO-COMMISSIONING,DR S D ROBERTS & PARTNERS,24736801,481.25 
Department of Health,NHS South Worcestershire CCG,30/11/2018,C&M-GMS Prem Clinical Waste,PRC DELEGATED CO-COMMISSIONING,DR S D ROBERTS & PARTNERS,24736801,448.39 
Department of Health,NHS South Worcestershire CCG,30/11/2018,C&M-GMS Prem Water Rates,PRC DELEGATED CO-COMMISSIONING,DR S D ROBERTS & PARTNERS,24736801,557.89 
Department of Health,NHS South Worcestershire CCG,30/11/2018,C&M-GMS QOF Aspiration,PRC DELEGATED CO-COMMISSIONING,DR S D ROBERTS & PARTNERS,24736801,"7,799.77 "
Department of Health,NHS South Worcestershire CCG,30/11/2018,ME - GMS GP Prior Year ERs,PRC DELEGATED CO-COMMISSIONING,DR S D ROBERTS & PARTNERS,24736801,"11,020.12 "
Department of Health,NHS South Worcestershire CCG,30/11/2018,ME-GMS GP Prior Year EEs,PRC DELEGATED CO-COMMISSIONING,DR S D ROBERTS & PARTNERS,24736801,"9,916.42 "
Department of Health,NHS South Worcestershire CCG,30/11/2018,C&M-GMS DES Minor Surgery,PRC DELEGATED CO-COMMISSIONING,DR S P A WATSON & PARTNERS,24736803,"4,310.46 "
Department of Health,NHS South Worcestershire CCG,30/11/2018,C&M-GMS Global Sum,PRC DELEGATED CO-COMMISSIONING,DR S P A WATSON & PARTNERS,24736803,"52,592.34 "
Department of Health,NHS South Worcestershire CCG,30/11/2018,C&M-GMS Other FDR Payment,PRC DELEGATED CO-COMMISSIONING,DR S P A WATSON & PARTNERS,24736803,"3,618.00 "
Department of Health,NHS South Worcestershire CCG,30/11/2018,C&M-GMS Prem Water Rates,PRC DELEGATED CO-COMMISSIONING,DR S P A WATSON & PARTNERS,24736803,"1,033.56 "
Department of Health,NHS South Worcestershire CCG,30/11/2018,C&M-GMS QOF Aspiration,PRC DELEGATED CO-COMMISSIONING,DR S P A WATSON & PARTNERS,24736803,"4,893.66 "
Department of Health,NHS South Worcestershire CCG,30/11/2018,C&M-GMS DES Extended Hours Access,PRC DELEGATED CO-COMMISSIONING,DR VERONICA M WILKIE & PARTNERS,24736805,"5,939.40 "
Department of Health,NHS South Worcestershire CCG,30/11/2018,C&M-GMS DES Minor Surgery,PRC DELEGATED CO-COMMISSIONING,DR VERONICA M WILKIE & PARTNERS,24736805,"5,181.26 "
Department of Health,NHS South Worcestershire CCG,30/11/2018,C&M-GMS Global Sum,PRC DELEGATED CO-COMMISSIONING,DR VERONICA M WILKIE & PARTNERS,24736805,"83,119.10 "
Department of Health,NHS South Worcestershire CCG,30/11/2018,C&M-GMS Other FDR Payment,PRC DELEGATED CO-COMMISSIONING,DR VERONICA M WILKIE & PARTNERS,24736805,"7,680.00 "
Department of Health,NHS South Worcestershire CCG,30/11/2018,C&M-GMS PCO Doctors Ret Scheme,PRC DELEGATED CO-COMMISSIONING,DR VERONICA M WILKIE & PARTNERS,24736805,"2,615.28 "
Department of Health,NHS South Worcestershire CCG,30/11/2018,C&M-GMS QOF Aspiration,PRC DELEGATED CO-COMMISSIONING,DR VERONICA M WILKIE & PARTNERS,24736805,"10,687.68 "
Department of Health,NHS South Worcestershire CCG,30/11/2018,C&M-GMS DES Extended Hours Access,PRC DELEGATED CO-COMMISSIONING,SPA MEDICAL PRACTICE,24736807,"4,458.83 "
Department of Health,NHS South Worcestershire CCG,30/11/2018,C&M-GMS DES Learn Dsblty Hlth Chk,PRC DELEGATED CO-COMMISSIONING,SPA MEDICAL PRACTICE,24736807,420.00 
Department of Health,NHS South Worcestershire CCG,30/11/2018,C&M-GMS DES Minor Surgery,PRC DELEGATED CO-COMMISSIONING,SPA MEDICAL PRACTICE,24736807,"1,001.42 "
Department of Health,NHS South Worcestershire CCG,30/11/2018,C&M-GMS Global Sum,PRC DELEGATED CO-COMMISSIONING,SPA MEDICAL PRACTICE,24736807,"65,180.49 "
Department of Health,NHS South Worcestershire CCG,30/11/2018,C&M-GMS Other FDR Payment,PRC DELEGATED CO-COMMISSIONING,SPA MEDICAL PRACTICE,24736807,"3,423.00 "
Department of Health,NHS South Worcestershire CCG,30/11/2018,C&M-GMS QOF Aspiration,PRC DELEGATED CO-COMMISSIONING,SPA MEDICAL PRACTICE,24736807,"8,461.96 "
Department of Health,NHS South Worcestershire CCG,30/11/2018,C&M-GMS DES Extended Hours Access,PRC DELEGATED CO-COMMISSIONING,ST JOHNS HOUSE SURGERY,24736809,"5,985.95 "
Department of Health,NHS South Worcestershire CCG,30/11/2018,C&M-GMS DES Learn Dsblty Hlth Chk,PRC DELEGATED CO-COMMISSIONING,ST JOHNS HOUSE SURGERY,24736809,"2,800.00 "
Department of Health,NHS South Worcestershire CCG,30/11/2018,C&M-GMS DES Minor Surgery,PRC DELEGATED CO-COMMISSIONING,ST JOHNS HOUSE SURGERY,24736809,"1,915.76 "
Department of Health,NHS South Worcestershire CCG,30/11/2018,C&M-GMS Global Sum,PRC DELEGATED CO-COMMISSIONING,ST JOHNS HOUSE SURGERY,24736809,"87,294.45 "
Department of Health,NHS South Worcestershire CCG,30/11/2018,C&M-GMS Other FDR Payment,PRC DELEGATED CO-COMMISSIONING,ST JOHNS HOUSE SURGERY,24736809,"7,656.00 "
Department of Health,NHS South Worcestershire CCG,30/11/2018,C&M-GMS QOF Aspiration,PRC DELEGATED CO-COMMISSIONING,ST JOHNS HOUSE SURGERY,24736809,"12,956.48 "
Department of Health,NHS South Worcestershire CCG,30/11/2018,C&M-GMS DES Extended Hours Access,PRC DELEGATED CO-COMMISSIONING,TENBURY SURGERY,24736811,"4,465.00 "
Department of Health,NHS South Worcestershire CCG,30/11/2018,C&M-GMS DES Minor Surgery,PRC DELEGATED CO-COMMISSIONING,TENBURY SURGERY,24736811,"3,962.14 "
Department of Health,NHS South Worcestershire CCG,30/11/2018,C&M-GMS Global Sum,PRC DELEGATED CO-COMMISSIONING,TENBURY SURGERY,24736811,"76,718.06 "
Department of Health,NHS South Worcestershire CCG,30/11/2018,C&M-GMS MPIG Correction Factor,PRC DELEGATED CO-COMMISSIONING,TENBURY SURGERY,24736811,157.90 
Department of Health,NHS South Worcestershire CCG,30/11/2018,C&M-GMS Prem Water Rates,PRC DELEGATED CO-COMMISSIONING,TENBURY SURGERY,24736811,"1,710.52 "
Department of Health,NHS South Worcestershire CCG,30/11/2018,C&M-GMS QOF Aspiration,PRC DELEGATED CO-COMMISSIONING,TENBURY SURGERY,24736811,"9,172.68 "
Department of Health,NHS South Worcestershire CCG,30/11/2018,ME-GMS GP Prior Year EEs,PRC DELEGATED CO-COMMISSIONING,TENBURY SURGERY,24736811,336.12 
Department of Health,NHS South Worcestershire CCG,30/11/2018,C&M-GMS DES Extended Hours Access,PRC DELEGATED CO-COMMISSIONING,DR ILT SMITH & PARTNERS,24736813,"5,065.88 "
Department of Health,NHS South Worcestershire CCG,30/11/2018,C&M-GMS DES Learn Dsblty Hlth Chk,PRC DELEGATED CO-COMMISSIONING,DR ILT SMITH & PARTNERS,24736813,420.00 
Department of Health,NHS South Worcestershire CCG,30/11/2018,C&M-GMS DES Minor Surgery,PRC DELEGATED CO-COMMISSIONING,DR ILT SMITH & PARTNERS,24736813,"3,875.06 "
Department of Health,NHS South Worcestershire CCG,30/11/2018,C&M-GMS Global Sum,PRC DELEGATED CO-COMMISSIONING,DR ILT SMITH & PARTNERS,24736813,"74,496.01 "
Department of Health,NHS South Worcestershire CCG,30/11/2018,C&M-GMS Other FDR Payment,PRC DELEGATED CO-COMMISSIONING,DR ILT SMITH & PARTNERS,24736813,"4,787.00 "
Department of Health,NHS South Worcestershire CCG,30/11/2018,C&M-GMS QOF Aspiration,PRC DELEGATED CO-COMMISSIONING,DR ILT SMITH & PARTNERS,24736813,"10,092.92 "
Department of Health,NHS South Worcestershire CCG,30/11/2018,ME-GMS GP Pension EEs Adjustments,PRC DELEGATED CO-COMMISSIONING,DR ILT SMITH & PARTNERS,24736813,"2,112.52 "
Department of Health,NHS South Worcestershire CCG,30/11/2018,ME-GMS GP Pension ERs Adjustments,PRC DELEGATED CO-COMMISSIONING,DR ILT SMITH & PARTNERS,24736813,"2,430.24 "
Department of Health,NHS South Worcestershire CCG,30/11/2018,C&M-GMS DES Extended Hours Access,PRC DELEGATED CO-COMMISSIONING,BARBOURNE HEALTH CENTRE,24736815,"5,225.00 "
Department of Health,NHS South Worcestershire CCG,30/11/2018,C&M-GMS DES Minor Surgery,PRC DELEGATED CO-COMMISSIONING,BARBOURNE HEALTH CENTRE,24736815,"3,004.20 "
Department of Health,NHS South Worcestershire CCG,30/11/2018,C&M-GMS Global Sum,PRC DELEGATED CO-COMMISSIONING,BARBOURNE HEALTH CENTRE,24736815,"76,632.81 "
Department of Health,NHS South Worcestershire CCG,30/11/2018,C&M-GMS MPIG Correction Factor,PRC DELEGATED CO-COMMISSIONING,BARBOURNE HEALTH CENTRE,24736815,696.40 
Department of Health,NHS South Worcestershire CCG,30/11/2018,C&M-GMS QOF Aspiration,PRC DELEGATED CO-COMMISSIONING,BARBOURNE HEALTH CENTRE,24736815,"10,194.07 "
Department of Health,NHS South Worcestershire CCG,30/11/2018,ME-GMS GP Pension EEs Adjustments,PRC DELEGATED CO-COMMISSIONING,BARBOURNE HEALTH CENTRE,24736815,"2,430.00 "
Department of Health,NHS South Worcestershire CCG,30/11/2018,ME-GMS GP Pension ERs Adjustments,PRC DELEGATED CO-COMMISSIONING,BARBOURNE HEALTH CENTRE,24736815,"2,588.40 "
Department of Health,NHS South Worcestershire CCG,30/11/2018,C&M-GMS DES Extended Hours Access,PRC DELEGATED CO-COMMISSIONING,DR MACKICHAN WOOF & PARTNERS,24736817,"7,519.73 "
Department of Health,NHS South Worcestershire CCG,30/11/2018,C&M-GMS DES Learn Dsblty Hlth Chk,PRC DELEGATED CO-COMMISSIONING,DR MACKICHAN WOOF & PARTNERS,24736817,"1,120.00 "
Department of Health,NHS South Worcestershire CCG,30/11/2018,C&M-GMS DES Minor Surgery,PRC DELEGATED CO-COMMISSIONING,DR MACKICHAN WOOF & PARTNERS,24736817,"3,265.50 "
Department of Health,NHS South Worcestershire CCG,30/11/2018,C&M-GMS Global Sum,PRC DELEGATED CO-COMMISSIONING,DR MACKICHAN WOOF & PARTNERS,24736817,"110,484.69 "
Department of Health,NHS South Worcestershire CCG,30/11/2018,C&M-GMS Other FDR Payment,PRC DELEGATED CO-COMMISSIONING,DR MACKICHAN WOOF & PARTNERS,24736817,"6,034.00 "
Department of Health,NHS South Worcestershire CCG,30/11/2018,C&M-GMS QOF Aspiration,PRC DELEGATED CO-COMMISSIONING,DR MACKICHAN WOOF & PARTNERS,24736817,"11,888.37 "
Department of Health,NHS South Worcestershire CCG,30/11/2018,C&M-GMS DES Minor Surgery,PRC DELEGATED CO-COMMISSIONING,BREDON HILL SURGERY,24736819,"1,262.66 "
Department of Health,NHS South Worcestershire CCG,30/11/2018,C&M-GMS Global Sum,PRC DELEGATED CO-COMMISSIONING,BREDON HILL SURGERY,24736819,"40,652.59 "
Department of Health,NHS South Worcestershire CCG,30/11/2018,C&M-GMS Other FDR Payment,PRC DELEGATED CO-COMMISSIONING,BREDON HILL SURGERY,24736819,"2,309.00 "
Department of Health,NHS South Worcestershire CCG,30/11/2018,C&M-GMS QOF Aspiration,PRC DELEGATED CO-COMMISSIONING,BREDON HILL SURGERY,24736819,"4,736.60 "
Department of Health,NHS South Worcestershire CCG,30/11/2018,C&M-GMS DES Minor Surgery,PRC DELEGATED CO-COMMISSIONING,STAYWELL T/A FARRIER HOUSE SURGERY,24736821,130.62 
Department of Health,NHS South Worcestershire CCG,30/11/2018,C&M-GMS Global Sum,PRC DELEGATED CO-COMMISSIONING,STAYWELL T/A FARRIER HOUSE SURGERY,24736821,"29,920.20 "
Department of Health,NHS South Worcestershire CCG,30/11/2018,C&M-GMS QOF Aspiration,PRC DELEGATED CO-COMMISSIONING,STAYWELL T/A FARRIER HOUSE SURGERY,24736821,"1,894.09 "
Department of Health,NHS South Worcestershire CCG,30/11/2018,C&M-GMS DES Extended Hours Access,PRC DELEGATED CO-COMMISSIONING,ST SAVIOURS SURGERY,24736823,"2,165.05 "
Department of Health,NHS South Worcestershire CCG,30/11/2018,C&M-GMS DES Minor Surgery,PRC DELEGATED CO-COMMISSIONING,ST SAVIOURS SURGERY,24736823,"5,703.74 "
Department of Health,NHS South Worcestershire CCG,30/11/2018,C&M-GMS Global Sum,PRC DELEGATED CO-COMMISSIONING,ST SAVIOURS SURGERY,24736823,"34,216.67 "
Department of Health,NHS South Worcestershire CCG,30/11/2018,C&M-GMS MPIG Correction Factor,PRC DELEGATED CO-COMMISSIONING,ST SAVIOURS SURGERY,24736823,532.87 
Department of Health,NHS South Worcestershire CCG,30/11/2018,C&M-GMS QOF Aspiration,PRC DELEGATED CO-COMMISSIONING,ST SAVIOURS SURGERY,24736823,"4,931.76 "
Department of Health,NHS South Worcestershire CCG,30/11/2018,C&M-GMS DES Extended Hours Access,PRC DELEGATED CO-COMMISSIONING,DR F KAMEEN & PARTNERS,24744097,"4,342.93 "
Department of Health,NHS South Worcestershire CCG,30/11/2018,C&M-GMS DES Learn Dsblty Hlth Chk,PRC DELEGATED CO-COMMISSIONING,DR F KAMEEN & PARTNERS,24744097,"1,400.00 "
Department of Health,NHS South Worcestershire CCG,30/11/2018,C&M-GMS DES Minor Surgery,PRC DELEGATED CO-COMMISSIONING,DR F KAMEEN & PARTNERS,24744097,"2,133.46 "
Department of Health,NHS South Worcestershire CCG,30/11/2018,C&M-GMS Global Sum,PRC DELEGATED CO-COMMISSIONING,DR F KAMEEN & PARTNERS,24744097,"62,774.27 "
Department of Health,NHS South Worcestershire CCG,30/11/2018,C&M-GMS MPIG Correction Factor,PRC DELEGATED CO-COMMISSIONING,DR F KAMEEN & PARTNERS,24744097,"1,560.73 "
Department of Health,NHS South Worcestershire CCG,30/11/2018,C&M-GMS QOF Aspiration,PRC DELEGATED CO-COMMISSIONING,DR F KAMEEN & PARTNERS,24744097,"8,835.55 "
Department of Health,NHS South Worcestershire CCG,30/11/2018,C&M-GMS DES Minor Surgery,PRC DELEGATED CO-COMMISSIONING,ELBURY MOOR MEDICAL CENTRE,24744100,"3,918.60 "
Department of Health,NHS South Worcestershire CCG,30/11/2018,C&M-GMS Global Sum,PRC DELEGATED CO-COMMISSIONING,ELBURY MOOR MEDICAL CENTRE,24744100,"76,766.92 "
Department of Health,NHS South Worcestershire CCG,30/11/2018,C&M-GMS Other FDR Payment,PRC DELEGATED CO-COMMISSIONING,ELBURY MOOR MEDICAL CENTRE,24744100,"6,327.00 "
Department of Health,NHS South Worcestershire CCG,30/11/2018,C&M-GMS PCO Locum Sickness,PRC DELEGATED CO-COMMISSIONING,ELBURY MOOR MEDICAL CENTRE,24744100,"2,400.00 "
Department of Health,NHS South Worcestershire CCG,30/11/2018,C&M-GMS QOF Aspiration,PRC DELEGATED CO-COMMISSIONING,ELBURY MOOR MEDICAL CENTRE,24744100,"7,566.42 "
Department of Health,NHS South Worcestershire CCG,30/11/2018,C&M-GMS DES Extended Hours Access,PRC DELEGATED CO-COMMISSIONING,DR JP BARRELL AND PARTNERS,24744104,"5,277.73 "
Department of Health,NHS South Worcestershire CCG,30/11/2018,C&M-GMS DES Minor Surgery,PRC DELEGATED CO-COMMISSIONING,DR JP BARRELL AND PARTNERS,24744104,"11,102.70 "
Department of Health,NHS South Worcestershire CCG,30/11/2018,C&M-GMS Global Sum,PRC DELEGATED CO-COMMISSIONING,DR JP BARRELL AND PARTNERS,24744104,"94,094.19 "
Department of Health,NHS South Worcestershire CCG,30/11/2018,C&M-GMS Other FDR Payment,PRC DELEGATED CO-COMMISSIONING,DR JP BARRELL AND PARTNERS,24744104,"3,531.00 "
Department of Health,NHS South Worcestershire CCG,30/11/2018,C&M-GMS QOF Aspiration,PRC DELEGATED CO-COMMISSIONING,DR JP BARRELL AND PARTNERS,24744104,"11,237.55 "
Department of Health,NHS South Worcestershire CCG,30/11/2018,C&M-GMS DES Minor Surgery,PRC DELEGATED CO-COMMISSIONING,BARN CLOSE SURGERY,24744108,"4,354.00 "
Department of Health,NHS South Worcestershire CCG,30/11/2018,C&M-GMS Global Sum,PRC DELEGATED CO-COMMISSIONING,BARN CLOSE SURGERY,24744108,"65,360.89 "
Department of Health,NHS South Worcestershire CCG,30/11/2018,C&M-GMS MPIG Correction Factor,PRC DELEGATED CO-COMMISSIONING,BARN CLOSE SURGERY,24744108,370.17 
Department of Health,NHS South Worcestershire CCG,30/11/2018,C&M-GMS Prem Water Rates,PRC DELEGATED CO-COMMISSIONING,BARN CLOSE SURGERY,24744108,485.93 
Department of Health,NHS South Worcestershire CCG,30/11/2018,C&M-GMS QOF Aspiration,PRC DELEGATED CO-COMMISSIONING,BARN CLOSE SURGERY,24744108,"6,503.62 "
Department of Health,NHS South Worcestershire CCG,30/11/2018,C&M-GMS DES Extended Hours Access,PRC DELEGATED CO-COMMISSIONING,RIVERSIDE SURGERY,24744113,"7,125.00 "
Department of Health,NHS South Worcestershire CCG,30/11/2018,C&M-GMS DES Learn Dsblty Hlth Chk,PRC DELEGATED CO-COMMISSIONING,RIVERSIDE SURGERY,24744113,"3,360.00 "
Department of Health,NHS South Worcestershire CCG,30/11/2018,C&M-GMS DES Minor Surgery,PRC DELEGATED CO-COMMISSIONING,RIVERSIDE SURGERY,24744113,"5,486.04 "
Department of Health,NHS South Worcestershire CCG,30/11/2018,C&M-GMS Global Sum,PRC DELEGATED CO-COMMISSIONING,RIVERSIDE SURGERY,24744113,"104,783.86 "
Department of Health,NHS South Worcestershire CCG,30/11/2018,C&M-GMS MPIG Correction Factor,PRC DELEGATED CO-COMMISSIONING,RIVERSIDE SURGERY,24744113,"1,995.27 "
Department of Health,NHS South Worcestershire CCG,30/11/2018,C&M-GMS QOF Aspiration,PRC DELEGATED CO-COMMISSIONING,RIVERSIDE SURGERY,24744113,"11,327.75 "
Department of Health,NHS South Worcestershire CCG,30/11/2018,C&M-GMS DES Minor Surgery,PRC DELEGATED CO-COMMISSIONING,DR AC HORN & MH TUCKER,24744115,914.34 
Department of Health,NHS South Worcestershire CCG,30/11/2018,C&M-GMS Global Sum,PRC DELEGATED CO-COMMISSIONING,DR AC HORN & MH TUCKER,24744115,"34,687.48 "
Department of Health,NHS South Worcestershire CCG,30/11/2018,C&M-GMS MPIG Correction Factor,PRC DELEGATED CO-COMMISSIONING,DR AC HORN & MH TUCKER,24744115,841.98 
Department of Health,NHS South Worcestershire CCG,30/11/2018,C&M-GMS QOF Aspiration,PRC DELEGATED CO-COMMISSIONING,DR AC HORN & MH TUCKER,24744115,"3,950.05 "
Department of Health,NHS South Worcestershire CCG,30/11/2018,Clinical&Medical-Othe Public Sector,PROGRAMME PROJECTS,WEST MIDLANDS AMBULANCE SERVICE NHS FOUNDATION TRUST,24749100,"36,000.00 "
Department of Health,NHS South Worcestershire CCG,30/11/2018,Clinical&Medical-Independent Sector,GP FORWARD VIEW,SW HEALTHCARE,24749560,"121,872.00 "
Department of Health,NHS South Worcestershire CCG,30/11/2018,Hcare Srv Rec Fdtn Trust-Contract Baseline,ACUTE COMMISSIONING,ROYAL ORTHOPAEDIC HOSPITAL NHS FOUNDATION TRUST,24749654,"149,330.48 "
Department of Health,NHS South Worcestershire CCG,30/11/2018,Hcare Srv Rec NHS Trust-Contract Baseline,ACUTE COMMISSIONING,SANDWELL AND WEST BIRMINGHAM HOSPITALS NHS TRUST,24749659,"59,501.00 "
Department of Health,NHS South Worcestershire CCG,30/11/2018,C&M-GMS DES Extended Hours Access,PRC DELEGATED CO-COMMISSIONING,ABBOTTSWOOD MEDICAL CENTRE,24756025,"5,053.05 "
Department of Health,NHS South Worcestershire CCG,30/11/2018,C&M-GMS DES Minor Surgery,PRC DELEGATED CO-COMMISSIONING,ABBOTTSWOOD MEDICAL CENTRE,24756025,"1,872.22 "
Department of Health,NHS South Worcestershire CCG,30/11/2018,C&M-GMS Global Sum,PRC DELEGATED CO-COMMISSIONING,ABBOTTSWOOD MEDICAL CENTRE,24756025,"83,483.41 "
Department of Health,NHS South Worcestershire CCG,30/11/2018,C&M-GMS MPIG Correction Factor,PRC DELEGATED CO-COMMISSIONING,ABBOTTSWOOD MEDICAL CENTRE,24756025,"2,469.01 "
Department of Health,NHS South Worcestershire CCG,30/11/2018,C&M-GMS QOF Aspiration,PRC DELEGATED CO-COMMISSIONING,ABBOTTSWOOD MEDICAL CENTRE,24756025,"9,408.46 "
Department of Health,NHS South Worcestershire CCG,30/11/2018,ME - GMS GP Prior Year ERs,PRC DELEGATED CO-COMMISSIONING,ABBOTTSWOOD MEDICAL CENTRE,24756025,"2,104.37 "
Department of Health,NHS South Worcestershire CCG,30/11/2018,ME-GMS GP Prior Year AVCs,PRC DELEGATED CO-COMMISSIONING,ABBOTTSWOOD MEDICAL CENTRE,24756025,65.96 
Department of Health,NHS South Worcestershire CCG,30/11/2018,ME-GMS GP Prior Year EEs,PRC DELEGATED CO-COMMISSIONING,ABBOTTSWOOD MEDICAL CENTRE,24756025,"3,855.14 "
Department of Health,NHS South Worcestershire CCG,30/11/2018,C&M-GMS DES Minor Surgery,PRC DELEGATED CO-COMMISSIONING,DR C M YOUNG & PARTNERS,24756027,"13,932.80 "
Department of Health,NHS South Worcestershire CCG,30/11/2018,C&M-GMS Global Sum,PRC DELEGATED CO-COMMISSIONING,DR C M YOUNG & PARTNERS,24756027,"81,002.28 "
Department of Health,NHS South Worcestershire CCG,30/11/2018,C&M-GMS Other FDR Payment,PRC DELEGATED CO-COMMISSIONING,DR C M YOUNG & PARTNERS,24756027,"4,541.00 "
Department of Health,NHS South Worcestershire CCG,30/11/2018,C&M-GMS PCO Locum Adop/Pat/Mat,PRC DELEGATED CO-COMMISSIONING,DR C M YOUNG & PARTNERS,24756027,"2,793.06 "
Department of Health,NHS South Worcestershire CCG,30/11/2018,C&M-GMS QOF Aspiration,PRC DELEGATED CO-COMMISSIONING,DR C M YOUNG & PARTNERS,24756027,"9,864.69 "
Department of Health,NHS South Worcestershire CCG,30/11/2018,ME-GMS GP Pension EEs Adjustments,PRC DELEGATED CO-COMMISSIONING,DR C M YOUNG & PARTNERS,24756027,838.00 
Department of Health,NHS South Worcestershire CCG,30/11/2018,ME-GMS GP Pension ERs Adjustments,PRC DELEGATED CO-COMMISSIONING,DR C M YOUNG & PARTNERS,24756027,964.04 
Department of Health,NHS South Worcestershire CCG,30/11/2018,C&M-GMS DES Minor Surgery,PRC DELEGATED CO-COMMISSIONING,DR J P ODRISCOLL & PARTNERS,24756028,"4,876.48 "
Department of Health,NHS South Worcestershire CCG,30/11/2018,C&M-GMS Global Sum,PRC DELEGATED CO-COMMISSIONING,DR J P ODRISCOLL & PARTNERS,24756028,"112,043.14 "
Department of Health,NHS South Worcestershire CCG,30/11/2018,C&M-GMS Other FDR Payment,PRC DELEGATED CO-COMMISSIONING,DR J P ODRISCOLL & PARTNERS,24756028,"4,421.00 "
Department of Health,NHS South Worcestershire CCG,30/11/2018,C&M-GMS QOF Aspiration,PRC DELEGATED CO-COMMISSIONING,DR J P ODRISCOLL & PARTNERS,24756028,"13,780.42 "
Department of Health,NHS South Worcestershire CCG,30/11/2018,ME - GMS GP Prior Year ERs,PRC DELEGATED CO-COMMISSIONING,DR J P ODRISCOLL & PARTNERS,24756028,"1,671.71 "
Department of Health,NHS South Worcestershire CCG,30/11/2018,ME-GMS GP Pension AVCs,PRC DELEGATED CO-COMMISSIONING,DR J P ODRISCOLL & PARTNERS,24756028,342.33 
Department of Health,NHS South Worcestershire CCG,30/11/2018,ME-GMS GP Pension EEs Adjustments,PRC DELEGATED CO-COMMISSIONING,DR J P ODRISCOLL & PARTNERS,24756028,"1,462.50 "
Department of Health,NHS South Worcestershire CCG,30/11/2018,ME-GMS GP Pension ERs Adjustments,PRC DELEGATED CO-COMMISSIONING,DR J P ODRISCOLL & PARTNERS,24756028,"1,557.83 "
Department of Health,NHS South Worcestershire CCG,30/11/2018,ME-GMS GP Prior Year EEs,PRC DELEGATED CO-COMMISSIONING,DR J P ODRISCOLL & PARTNERS,24756028,"2,715.09 "
Department of Health,NHS South Worcestershire CCG,30/11/2018,C&M-GMS DES Minor Surgery,PRC DELEGATED CO-COMMISSIONING,ELGAR HEALTHCARE LTD,24756030,"3,178.42 "
Department of Health,NHS South Worcestershire CCG,30/11/2018,C&M-GMS Global Sum,PRC DELEGATED CO-COMMISSIONING,ELGAR HEALTHCARE LTD,24756030,"34,134.56 "
Department of Health,NHS South Worcestershire CCG,30/11/2018,C&M-GMS Other FDR Payment,PRC DELEGATED CO-COMMISSIONING,ELGAR HEALTHCARE LTD,24756030,277.00 
Department of Health,NHS South Worcestershire CCG,30/11/2018,C&M-GMS PCO Locum Adop/Pat/Mat,PRC DELEGATED CO-COMMISSIONING,ELGAR HEALTHCARE LTD,24756030,978.12 
Department of Health,NHS South Worcestershire CCG,30/11/2018,C&M-GMS QOF Aspiration,PRC DELEGATED CO-COMMISSIONING,ELGAR HEALTHCARE LTD,24756030,"3,375.70 "
Department of Health,NHS South Worcestershire CCG,30/11/2018,Apprenticeship Levy Payable,BALANCE SHEET,HMRC,24760001,970.00 
Department of Health,NHS South Worcestershire CCG,30/11/2018,Income tax <1Yr,BALANCE SHEET,HMRC,24760001,"69,330.30 "
Department of Health,NHS South Worcestershire CCG,30/11/2018,Income tax <1Yr-Student Loans,BALANCE SHEET,HMRC,24760001,"1,354.00 "
Department of Health,NHS South Worcestershire CCG,30/11/2018,National Insurance < 1 yr-NI- ERS,BALANCE SHEET,HMRC,24760001,"47,148.51 "
Department of Health,NHS South Worcestershire CCG,30/11/2018,National Insurance < 1 yr-NI-EES,BALANCE SHEET,HMRC,24760001,"33,852.36 "
Department of Health,NHS South Worcestershire CCG,30/11/2018,Clinical&Medical-Independent Sector,ACUTE COMMISSIONING,BMI HEALTHCARE LTD,24783168,"162,767.97 "
Department of Health,NHS South Worcestershire CCG,30/11/2018,Clinical&Medical-Independent Sector,ACUTE COMMISSIONING,BMI HEALTHCARE LTD,24871755,"162,767.97 "
Department of Health,NHS South Worcestershire CCG,30/11/2018,Hcare Srv Rec NHS Trust-Non Contract,NCAS/OATS,WORCESTERSHIRE ACUTE HOSPITALS NHS TRUST,24871757,"35,083.00 "
Department of Health,NHS South Worcestershire CCG,30/11/2018,Hcare Srv Rec Fdtn Trust-Contract Baseline,ACUTE COMMISSIONING,GLOUCESTERSHIRE HOSPITALS NHS FOUNDATION TRUST,24871769,"495,792.98 "
Department of Health,NHS South Worcestershire CCG,30/11/2018,Hlthcre-Foundation Trsts,PATIENT TRANSPORT,WEST MIDLANDS AMBULANCE SERVICE NHS FOUNDATION TRUST,24871794,"45,905.85 "
Department of Health,NHS South Worcestershire CCG,30/11/2018,Hcare Srv Rec NHS Trust-Contract Baseline,ACUTE COMMISSIONING,WORCESTERSHIRE ACUTE HOSPITALS NHS TRUST,24888853,"31,701.00 "
Department of Health,NHS South Worcestershire CCG,30/11/2018,Clinical&Medical-Clinical Other,COMMISSIONING SCHEMES,SW HEALTHCARE,24888888,"37,500.00 "
Department of Health,NHS South Worcestershire CCG,30/11/2018,C&M-GMS Cost of Drugs -Dispensing,LOCAL ENHANCED SERVICES,ABBEY MEDICAL PRACTICE EVESHAM,24909877,"(42,098.64)"
Department of Health,NHS South Worcestershire CCG,30/11/2018,C&M-GMS PrscChrgsCll&RmttdbyGPCntra,PRC DELEGATED CO-COMMISSIONING,ABBEY MEDICAL PRACTICE EVESHAM,24909877,"(2,235.20)"
Department of Health,NHS South Worcestershire CCG,30/11/2018,C&M-GMS Cost of Drugs -Dispensing,LOCAL ENHANCED SERVICES,ABBEY MEDICAL PRACTICE EVESHAM,24909878,"87,820.07 "
Department of Health,NHS South Worcestershire CCG,30/11/2018,C&M-GMS Prof Fees Dispensing,PRC DELEGATED CO-COMMISSIONING,ABBEY MEDICAL PRACTICE EVESHAM,24909878,"14,569.86 "
Department of Health,NHS South Worcestershire CCG,30/11/2018,C&M-GMS PrscrptnChrgsColl&RmttdbyGP,LOCAL ENHANCED SERVICES,ABBEY MEDICAL PRACTICE EVESHAM,24909878,"2,235.20 "
Department of Health,NHS South Worcestershire CCG,30/11/2018,C&M-GMS Cost of Drugs -Dispensing,LOCAL ENHANCED SERVICES,ABBOTTSWOOD MEDICAL CENTRE,24909879,"(75,775.00)"
Department of Health,NHS South Worcestershire CCG,30/11/2018,C&M-GMS PrscChrgsCll&RmttdbyGPCntra,PRC DELEGATED CO-COMMISSIONING,ABBOTTSWOOD MEDICAL CENTRE,24909879,"(4,936.80)"
Department of Health,NHS South Worcestershire CCG,30/11/2018,C&M-GMS Cost of Drugs -Dispensing,LOCAL ENHANCED SERVICES,ABBOTTSWOOD MEDICAL CENTRE,24909880,"154,478.61 "
Department of Health,NHS South Worcestershire CCG,30/11/2018,C&M-GMS Prof Fees Dispensing,PRC DELEGATED CO-COMMISSIONING,ABBOTTSWOOD MEDICAL CENTRE,24909880,"26,235.15 "
Department of Health,NHS South Worcestershire CCG,30/11/2018,C&M-GMS PrscrptnChrgsColl&RmttdbyGP,LOCAL ENHANCED SERVICES,ABBOTTSWOOD MEDICAL CENTRE,24909880,"4,936.80 "
Department of Health,NHS South Worcestershire CCG,30/11/2018,C&M-GMS Cost of Drugs -Dispensing,LOCAL ENHANCED SERVICES,DR C M YOUNG & PARTNERS,24909882,"(71,671.74)"
Department of Health,NHS South Worcestershire CCG,30/11/2018,C&M-GMS PrscChrgsCll&RmttdbyGPCntra,PRC DELEGATED CO-COMMISSIONING,DR C M YOUNG & PARTNERS,24909882,"(3,942.40)"
Department of Health,NHS South Worcestershire CCG,30/11/2018,C&M-GMS Cost of Drugs -Dispensing,LOCAL ENHANCED SERVICES,DR C M YOUNG & PARTNERS,24909883,"138,299.42 "
Department of Health,NHS South Worcestershire CCG,30/11/2018,C&M-GMS Prof Fees Dispensing,PRC DELEGATED CO-COMMISSIONING,DR C M YOUNG & PARTNERS,24909883,"23,968.51 "
Department of Health,NHS South Worcestershire CCG,30/11/2018,C&M-GMS PrscrptnChrgsColl&RmttdbyGP,LOCAL ENHANCED SERVICES,DR C M YOUNG & PARTNERS,24909883,"3,942.40 "
Department of Health,NHS South Worcestershire CCG,30/11/2018,C&M-GMS Cost of Drugs -Dispensing,LOCAL ENHANCED SERVICES,DR BYWATER SALTER & HINTON,24909884,"(43,924.00)"
Department of Health,NHS South Worcestershire CCG,30/11/2018,C&M-GMS PrscChrgsCll&RmttdbyGPCntra,PRC DELEGATED CO-COMMISSIONING,DR BYWATER SALTER & HINTON,24909884,"(3,722.40)"
Department of Health,NHS South Worcestershire CCG,30/11/2018,C&M-GMS Cost of Drugs -Dispensing,LOCAL ENHANCED SERVICES,DR BYWATER SALTER & HINTON,24909885,"91,453.54 "
Department of Health,NHS South Worcestershire CCG,30/11/2018,C&M-GMS Prof Fees Dispensing,PRC DELEGATED CO-COMMISSIONING,DR BYWATER SALTER & HINTON,24909885,"16,372.60 "
Department of Health,NHS South Worcestershire CCG,30/11/2018,C&M-GMS PrscrptnChrgsColl&RmttdbyGP,LOCAL ENHANCED SERVICES,DR BYWATER SALTER & HINTON,24909885,"3,722.40 "
Department of Health,NHS South Worcestershire CCG,30/11/2018,C&M-GMS Cost of Drugs -Dispensing,LOCAL ENHANCED SERVICES,DR S P A WATSON & PARTNERS,24909894,"(55,290.64)"
Department of Health,NHS South Worcestershire CCG,30/11/2018,C&M-GMS PrscChrgsCll&RmttdbyGPCntra,PRC DELEGATED CO-COMMISSIONING,DR S P A WATSON & PARTNERS,24909894,"(4,769.60)"
Department of Health,NHS South Worcestershire CCG,30/11/2018,C&M-GMS Cost of Drugs -Dispensing,LOCAL ENHANCED SERVICES,DR S P A WATSON & PARTNERS,24909895,"120,020.54 "
Department of Health,NHS South Worcestershire CCG,30/11/2018,C&M-GMS Prof Fees Dispensing,PRC DELEGATED CO-COMMISSIONING,DR S P A WATSON & PARTNERS,24909895,"20,396.51 "
Department of Health,NHS South Worcestershire CCG,30/11/2018,C&M-GMS PrscrptnChrgsColl&RmttdbyGP,LOCAL ENHANCED SERVICES,DR S P A WATSON & PARTNERS,24909895,"4,769.60 "
Department of Health,NHS South Worcestershire CCG,30/11/2018,C&M-GMS Cost of Drugs -Dispensing,LOCAL ENHANCED SERVICES,TENBURY SURGERY,24909900,"25,875.69 "
Department of Health,NHS South Worcestershire CCG,30/11/2018,C&M-GMS Prof Fees Dispensing,PRC DELEGATED CO-COMMISSIONING,TENBURY SURGERY,24909900,"4,621.92 "
Department of Health,NHS South Worcestershire CCG,30/11/2018,C&M-GMS PrscrptnChrgsColl&RmttdbyGP,LOCAL ENHANCED SERVICES,TENBURY SURGERY,24909900,528.00 
Department of Health,NHS South Worcestershire CCG,30/11/2018,C&M-GMS Cost of Drugs -Dispensing,LOCAL ENHANCED SERVICES,DR ILT SMITH & PARTNERS,24909901,"(48,166.40)"
Department of Health,NHS South Worcestershire CCG,30/11/2018,C&M-GMS PrscChrgsCll&RmttdbyGPCntra,PRC DELEGATED CO-COMMISSIONING,DR ILT SMITH & PARTNERS,24909901,"(1,804.00)"
Department of Health,NHS South Worcestershire CCG,30/11/2018,C&M-GMS Cost of Drugs -Dispensing,LOCAL ENHANCED SERVICES,DR ILT SMITH & PARTNERS,24909902,"103,061.17 "
Department of Health,NHS South Worcestershire CCG,30/11/2018,C&M-GMS Prof Fees Dispensing,PRC DELEGATED CO-COMMISSIONING,DR ILT SMITH & PARTNERS,24909902,"16,086.74 "
Department of Health,NHS South Worcestershire CCG,30/11/2018,C&M-GMS PrscrptnChrgsColl&RmttdbyGP,LOCAL ENHANCED SERVICES,DR ILT SMITH & PARTNERS,24909902,"1,804.00 "
Department of Health,NHS South Worcestershire CCG,30/11/2018,C&M-GMS Cost of Drugs -Dispensing,LOCAL ENHANCED SERVICES,DR MACKICHAN WOOF & PARTNERS,24909904,"(41,679.55)"
Department of Health,NHS South Worcestershire CCG,30/11/2018,C&M-GMS PrscChrgsCll&RmttdbyGPCntra,PRC DELEGATED CO-COMMISSIONING,DR MACKICHAN WOOF & PARTNERS,24909904,"(1,390.40)"
Department of Health,NHS South Worcestershire CCG,30/11/2018,C&M-GMS Cost of Drugs -Dispensing,LOCAL ENHANCED SERVICES,DR MACKICHAN WOOF & PARTNERS,24909905,"85,944.76 "
Department of Health,NHS South Worcestershire CCG,30/11/2018,C&M-GMS Prof Fees Dispensing,PRC DELEGATED CO-COMMISSIONING,DR MACKICHAN WOOF & PARTNERS,24909905,"14,033.85 "
Department of Health,NHS South Worcestershire CCG,30/11/2018,C&M-GMS PrscrptnChrgsColl&RmttdbyGP,LOCAL ENHANCED SERVICES,DR MACKICHAN WOOF & PARTNERS,24909905,"1,390.40 "
Department of Health,NHS South Worcestershire CCG,30/11/2018,C&M-GMS Cost of Drugs -Dispensing,LOCAL ENHANCED SERVICES,BREDON HILL SURGERY,24909906,"(33,132.18)"
Department of Health,NHS South Worcestershire CCG,30/11/2018,C&M-GMS PrscChrgsCll&RmttdbyGPCntra,PRC DELEGATED CO-COMMISSIONING,BREDON HILL SURGERY,24909906,"(3,053.60)"
Department of Health,NHS South Worcestershire CCG,30/11/2018,C&M-GMS Cost of Drugs -Dispensing,LOCAL ENHANCED SERVICES,BREDON HILL SURGERY,24909907,"80,843.25 "
Department of Health,NHS South Worcestershire CCG,30/11/2018,C&M-GMS Prof Fees Dispensing,PRC DELEGATED CO-COMMISSIONING,BREDON HILL SURGERY,24909907,"13,488.41 "
Department of Health,NHS South Worcestershire CCG,30/11/2018,C&M-GMS PrscrptnChrgsColl&RmttdbyGP,LOCAL ENHANCED SERVICES,BREDON HILL SURGERY,24909907,"3,053.60 "
Department of Health,NHS South Worcestershire CCG,30/11/2018,C&M-GMS Cost of Drugs -Dispensing,LOCAL ENHANCED SERVICES,DR AC HORN & MH TUCKER,24910506,"(50,193.48)"
Department of Health,NHS South Worcestershire CCG,30/11/2018,C&M-GMS PrscChrgsCll&RmttdbyGPCntra,PRC DELEGATED CO-COMMISSIONING,DR AC HORN & MH TUCKER,24910506,"(3,572.80)"
Department of Health,NHS South Worcestershire CCG,30/11/2018,C&M-GMS Cost of Drugs -Dispensing,LOCAL ENHANCED SERVICES,DR AC HORN & MH TUCKER,24910508,"101,921.84 "
Department of Health,NHS South Worcestershire CCG,30/11/2018,C&M-GMS Prof Fees Dispensing,PRC DELEGATED CO-COMMISSIONING,DR AC HORN & MH TUCKER,24910508,"17,939.02 "
Department of Health,NHS South Worcestershire CCG,30/11/2018,C&M-GMS PrscrptnChrgsColl&RmttdbyGP,LOCAL ENHANCED SERVICES,DR AC HORN & MH TUCKER,24910508,"3,572.80 "
Department of Health,NHS South Worcestershire CCG,30/11/2018,C&M-GMS Cost of Drugs -Dispensing,LOCAL ENHANCED SERVICES,DR JP BARRELL AND PARTNERS,24912439,"(87,284.12)"
Department of Health,NHS South Worcestershire CCG,30/11/2018,C&M-GMS PrscChrgsCll&RmttdbyGPCntra,PRC DELEGATED CO-COMMISSIONING,DR JP BARRELL AND PARTNERS,24912439,"(4,127.20)"
Department of Health,NHS South Worcestershire CCG,30/11/2018,C&M-GMS Cost of Drugs -Dispensing,LOCAL ENHANCED SERVICES,DR JP BARRELL AND PARTNERS,24912440,"180,149.03 "
Department of Health,NHS South Worcestershire CCG,30/11/2018,C&M-GMS Prof Fees Dispensing,PRC DELEGATED CO-COMMISSIONING,DR JP BARRELL AND PARTNERS,24912440,"34,700.12 "
Department of Health,NHS South Worcestershire CCG,30/11/2018,C&M-GMS PrscrptnChrgsColl&RmttdbyGP,LOCAL ENHANCED SERVICES,DR JP BARRELL AND PARTNERS,24912440,"4,127.20 "
Department of Health,NHS South Worcestershire CCG,30/11/2018,C&M-GMS Cost of Drugs -Dispensing,LOCAL ENHANCED SERVICES,BARN CLOSE SURGERY,24912441,"(53,458.11)"
Department of Health,NHS South Worcestershire CCG,30/11/2018,C&M-GMS PrscChrgsCll&RmttdbyGPCntra,PRC DELEGATED CO-COMMISSIONING,BARN CLOSE SURGERY,24912441,"(3,344.00)"
Department of Health,NHS South Worcestershire CCG,30/11/2018,C&M-GMS Cost of Drugs -Dispensing,LOCAL ENHANCED SERVICES,BARN CLOSE SURGERY,24912442,"109,792.42 "
Department of Health,NHS South Worcestershire CCG,30/11/2018,C&M-GMS Prof Fees Dispensing,PRC DELEGATED CO-COMMISSIONING,BARN CLOSE SURGERY,24912442,"20,164.14 "
Department of Health,NHS South Worcestershire CCG,30/11/2018,C&M-GMS PrscrptnChrgsColl&RmttdbyGP,LOCAL ENHANCED SERVICES,BARN CLOSE SURGERY,24912442,"3,344.00 "
Department of Health,NHS South Worcestershire CCG,30/11/2018,C&M-GMS Cost of Drugs -Dispensing,LOCAL ENHANCED SERVICES,ELGAR HEALTHCARE LTD,24912443,"(41,737.95)"
Department of Health,NHS South Worcestershire CCG,30/11/2018,C&M-GMS PrscChrgsCll&RmttdbyGPCntra,PRC DELEGATED CO-COMMISSIONING,ELGAR HEALTHCARE LTD,24912443,"(3,405.60)"
Department of Health,NHS South Worcestershire CCG,30/11/2018,C&M-GMS Cost of Drugs -Dispensing,LOCAL ENHANCED SERVICES,ELGAR HEALTHCARE LTD,24912444,"83,745.97 "
Department of Health,NHS South Worcestershire CCG,30/11/2018,C&M-GMS Prof Fees Dispensing,PRC DELEGATED CO-COMMISSIONING,ELGAR HEALTHCARE LTD,24912444,"14,281.07 "
Department of Health,NHS South Worcestershire CCG,30/11/2018,C&M-GMS PrscrptnChrgsColl&RmttdbyGP,LOCAL ENHANCED SERVICES,ELGAR HEALTHCARE LTD,24912444,"3,405.60 "
Department of Health,NHS South Worcestershire CCG,30/11/2018,C&M-GMS Cost of Drugs -Dispensing,LOCAL ENHANCED SERVICES,RIVERSIDE SURGERY,24912445,"(58,730.60)"
Department of Health,NHS South Worcestershire CCG,30/11/2018,C&M-GMS PrscChrgsCll&RmttdbyGPCntra,PRC DELEGATED CO-COMMISSIONING,RIVERSIDE SURGERY,24912445,"(3,256.00)"
Department of Health,NHS South Worcestershire CCG,30/11/2018,C&M-GMS Cost of Drugs -Dispensing,LOCAL ENHANCED SERVICES,RIVERSIDE SURGERY,24912446,"118,259.06 "
Department of Health,NHS South Worcestershire CCG,30/11/2018,C&M-GMS Prof Fees Dispensing,PRC DELEGATED CO-COMMISSIONING,RIVERSIDE SURGERY,24912446,"22,239.23 "
Department of Health,NHS South Worcestershire CCG,30/11/2018,C&M-GMS PrscrptnChrgsColl&RmttdbyGP,LOCAL ENHANCED SERVICES,RIVERSIDE SURGERY,24912446,"3,256.00 "
Department of Health,NHS South Worcestershire CCG,30/11/2018,Clinical&Medical-Independent Sector,COMMUNITY SERVICES,DMC HEALTHCARE LTD,24958269,"27,000.00 "
Department of Health,NHS South Worcestershire CCG,30/11/2018,Audit Fees: Statutory,CORPORATE COSTS & SERVICES,GRANT THORNTON UK LLP,24969651,"51,300.00 "
Department of Health,NHS South Worcestershire CCG,30/11/2018,Miscellaneous Expenditure (L9),CORPORATE COSTS & SERVICES,HM REVENUE AND CUSTOMS,24974248,"53,993.43 "
Department of Health,NHS South Worcestershire CCG,30/11/2018,Hcare Srv Rec NHS Trust-Contract Baseline,ACUTE COMMISSIONING,WYE VALLEY NHS TRUST,24980991,"(40,158.00)"
,,,,,,,
