A3131 - Expenditure Over Threshold,,,,,,,
,,,,,,,
,,,,,,,
,,,,,,,
,,,,,,,
Department family,Entity,Date,Expense Type,Expense area,Supplier,Transaction number,AP Amount (�)
Department of Health,NHS South Worcestershire CCG,30/04/2018,Hcare Srv Rec NHS Trust-Non Contract,PROGRAMME PROJECTS,WORCESTERSHIRE HEALTH & CARE NHS TRUST,21566982,"28,000.00 "
Department of Health,NHS South Worcestershire CCG,30/04/2018,Hcare Srv Rec NHS CCG-Contract Baseline,CORPORATE COSTS & SERVICES,NHS SANDWELL AND WEST BIRMINGHAM CCG,21569154,"3,749.00 "
Department of Health,NHS South Worcestershire CCG,30/04/2018,Hcare Srv Rec NHS CCG-Contract Baseline,NHS 111,NHS SANDWELL AND WEST BIRMINGHAM CCG,21569154,"80,170.00 "
Department of Health,NHS South Worcestershire CCG,30/04/2018,Hcare Srv Rec NHS Trust-Contract Baseline,ACUTE COMMISSIONING,WORCESTERSHIRE ACUTE HOSPITALS NHS TRUST,21569155,"10,955,764.00 "
Department of Health,NHS South Worcestershire CCG,30/04/2018,Hcare Srv Rec NHS Trust,MENTAL HEALTH CONTRACTS,WORCESTERSHIRE HEALTH & CARE NHS TRUST,21569156,"1,898,295.00 "
Department of Health,NHS South Worcestershire CCG,30/04/2018,Hcare Srv Rec NHS Trust-Contract Baseline,COMMUNITY SERVICES,WORCESTERSHIRE HEALTH & CARE NHS TRUST,21569156,"2,789,924.00 "
Department of Health,NHS South Worcestershire CCG,30/04/2018,Hcare Srv Rec Fdtn Trust-Contract Baseline,AMBULANCE SERVICES,WEST MIDLANDS AMBULANCE SERVICE NHS FOUNDATION TRUST,21569157,"870,809.00 "
Department of Health,NHS South Worcestershire CCG,30/04/2018,Hcare Srv Rec Fdtn Trust-Contract Baseline,PATIENT TRANSPORT,WEST MIDLANDS AMBULANCE SERVICE NHS FOUNDATION TRUST,21569158,"99,828.00 "
Department of Health,NHS South Worcestershire CCG,30/04/2018,Hcare Srv Rec Fdtn Trust-Contract Baseline,ACUTE COMMISSIONING,SOUTH WARWICKSHIRE NHS FOUNDATION TRUST,21593336,"28,460.00 "
Department of Health,NHS South Worcestershire CCG,30/04/2018,Clinical&Medical-Othe Public Sector,COMMUNITY SERVICES,WORCESTERSHIRE COUNTY COUNCIL,21593353,"45,000.00 "
Department of Health,NHS South Worcestershire CCG,30/04/2018,Netwrkd assets(Owned)-Cost-Addns,BALANCE SHEET,MAINTEL EUROPE LTD,21593636,"645,288.00 "
Department of Health,NHS South Worcestershire CCG,30/04/2018,Clinical&Medical-Independent Sector,GP FORWARD VIEW,SW HEALTHCARE,21625512,"119,687.33 "
Department of Health,NHS South Worcestershire CCG,30/04/2018,Hcare Srv Rec NHS Trust-Contract Baseline,ACUTE COMMISSIONING,WYE VALLEY NHS TRUST,21634409,"158,404.92 "
Department of Health,NHS South Worcestershire CCG,30/04/2018,Hcare Srv Rec NHS Trust-Contract Baseline,ACUTE COMMISSIONING,WYE VALLEY NHS TRUST,21634412,"32,234.58 "
Department of Health,NHS South Worcestershire CCG,30/04/2018,NHS Recbles <1Yr-Recharges Out,BALANCE SHEET,NHS REDDITCH AND BROMSGROVE CCG,21634491,"45,118.57 "
Department of Health,NHS South Worcestershire CCG,30/04/2018,Hcare Srv Rec Fdtn Trust-Contract Baseline,ACUTE COMMISSIONING,UNIVERSITY HOSPITAL BIRMINGHAM NHS FOUNDATION TRUST,21634526,"321,967.00 "
Department of Health,NHS South Worcestershire CCG,30/04/2018,Hcare Srv Rec Fdtn Trust-Contract Baseline,ACUTE COMMISSIONING,ROBERT JONES & AGNES HUNT ORTHOPAEDIC HOSPITAL NHS FOUNDATION TRUST,21634541,"27,535.42 "
Department of Health,NHS South Worcestershire CCG,30/04/2018,Hcare Srv Rec Fdtn Trust-Contract Baseline,ACUTE COMMISSIONING,GLOUCESTERSHIRE HOSPITALS NHS FOUNDATION TRUST,21634555,"867,094.00 "
Department of Health,NHS South Worcestershire CCG,30/04/2018,C&M-GMS Practice Transformational Support,LOCAL ENHANCED SERVICES,DR D J RADLEY & PARTNERS,21639620,"29,271.00 "
Department of Health,NHS South Worcestershire CCG,30/04/2018,Clinical&Medical-Othe Public Sector,CHILD AND ADOLESCENT MENTAL HEALTH,WORCESTERSHIRE COUNTY COUNCIL,21639621,"43,153.00 "
Department of Health,NHS South Worcestershire CCG,30/04/2018,Clinical&Medical-Othe Public Sector,COMMISSIONING - NON ACUTE,WORCESTERSHIRE COUNTY COUNCIL,21639621,"56,426.00 "
Department of Health,NHS South Worcestershire CCG,30/04/2018,Clinical&Medical-Othe Public Sector,COMMUNITY SERVICES,WORCESTERSHIRE COUNTY COUNCIL,21639621,"502,820.00 "
Department of Health,NHS South Worcestershire CCG,30/04/2018,Clinical&Medical-Othe Public Sector,LEARNING DIFFICULTIES,WORCESTERSHIRE COUNTY COUNCIL,21639621,"29,262.00 "
Department of Health,NHS South Worcestershire CCG,30/04/2018,Clinical&Medical-Othe Public Sector,MENTAL HEALTH SERVICES - ADULTS,WORCESTERSHIRE COUNTY COUNCIL,21639621,"21,829.00 "
Department of Health,NHS South Worcestershire CCG,30/04/2018,Clinical&Medical-Othe Public Sector,Mental Health Services - S117 Mental Health,WORCESTERSHIRE COUNTY COUNCIL,21639621,"141,595.00 "
Department of Health,NHS South Worcestershire CCG,30/04/2018,Cont Care-Funded Nursing Care Allow,FUNDED NURSING CARE,WORCESTERSHIRE COUNTY COUNCIL,21639621,"450,050.00 "
Department of Health,NHS South Worcestershire CCG,30/04/2018,Hcare Srv Rec NHS Trust,CHILD AND ADOLESCENT MENTAL HEALTH,WORCESTERSHIRE COUNTY COUNCIL,21639621,"179,477.00 "
Department of Health,NHS South Worcestershire CCG,30/04/2018,Hcare Srv Rec NHS Trust,CHILDREN SERVICES,WORCESTERSHIRE COUNTY COUNCIL,21639621,"342,474.00 "
Department of Health,NHS South Worcestershire CCG,30/04/2018,Hcare Srv Rec NHS Trust,COMMUNITY SERVICES,WORCESTERSHIRE COUNTY COUNCIL,21639621,"27,827.00 "
Department of Health,NHS South Worcestershire CCG,30/04/2018,Hcare Srv Rec NHS Trust,LEARNING DIFFICULTIES,WORCESTERSHIRE COUNTY COUNCIL,21639621,"146,190.00 "
Department of Health,NHS South Worcestershire CCG,30/04/2018,Hcare Srv Rec NHS Trust,WHEELCHAIR SERVICE,WORCESTERSHIRE COUNTY COUNCIL,21639621,"62,084.00 "
Department of Health,NHS South Worcestershire CCG,30/04/2018,Apprenticeship Levy Payable,BALANCE SHEET,HMRC,21682927,753.00 
Department of Health,NHS South Worcestershire CCG,30/04/2018,Income tax <1Yr,BALANCE SHEET,HMRC,21682927,"66,990.29 "
Department of Health,NHS South Worcestershire CCG,30/04/2018,Income tax <1Yr-Student Loans,BALANCE SHEET,HMRC,21682927,946.00 
Department of Health,NHS South Worcestershire CCG,30/04/2018,National Insurance < 1 yr-NI- ERS,BALANCE SHEET,HMRC,21682927,"42,862.85 "
Department of Health,NHS South Worcestershire CCG,30/04/2018,National Insurance < 1 yr-NI-EES,BALANCE SHEET,HMRC,21682927,"29,693.13 "
Department of Health,NHS South Worcestershire CCG,30/04/2018,Statutory Mat Pay < 1 yr,BALANCE SHEET,HMRC,21682927,(518.80)
Department of Health,NHS South Worcestershire CCG,30/04/2018,Computer Maintenance,PRIMARY CARE IT,COMPUTACENTER (UK) LTD,21696926,"59,700.52 "
Department of Health,NHS South Worcestershire CCG,30/04/2018,Computer Maintenance,PRIMARY CARE IT,COMPUTACENTER (UK) LTD,21696927,"55,687.68 "
Department of Health,NHS South Worcestershire CCG,30/04/2018,Contract & Agency-Agency Spec Contr,CORPORATE COSTS & SERVICES,COMPUTER FUTURES,21715058,"36,381.60 "
Department of Health,NHS South Worcestershire CCG,30/04/2018,Computer Maintenance,PRIMARY CARE IT,COMPUTACENTER (UK) LTD,21717317,"57,699.22 "
Department of Health,NHS South Worcestershire CCG,30/04/2018,Netwrkd assets(Owned)-Cost-Addns,BALANCE SHEET,COMPUTACENTER (UK) LTD,21717552,"25,090.45 "
Department of Health,NHS South Worcestershire CCG,30/04/2018,Netwrkd assets(Owned)-Cost-Addns,BALANCE SHEET,COMPUTACENTER (UK) LTD,21748481,"28,323.00 "
Department of Health,NHS South Worcestershire CCG,30/04/2018,Netwrkd assets(Owned)-Cost-Addns,BALANCE SHEET,COMPUTACENTER (UK) LTD,21748483,"43,084.16 "
Department of Health,NHS South Worcestershire CCG,30/04/2018,Netwrkd assets(Owned)-Cost-Addns,BALANCE SHEET,COMPUTACENTER (UK) LTD,21748485,"123,374.25 "
Department of Health,NHS South Worcestershire CCG,30/04/2018,Netwrkd assets(Owned)-Cost-Addns,BALANCE SHEET,COMPUTACENTER (UK) LTD,21748487,"37,244.94 "
Department of Health,NHS South Worcestershire CCG,30/04/2018,C&M-GMS QOF Aspiration,PRC DELEGATED CO-COMMISSIONING,ELBURY MOOR MEDICAL CENTRE,21766356,"7,566.43 "
Department of Health,NHS South Worcestershire CCG,30/04/2018,C&M-GMS QOF Aspiration,PRC DELEGATED CO-COMMISSIONING,DR JP BARRELL AND PARTNERS,21766358,"11,237.50 "
Department of Health,NHS South Worcestershire CCG,30/04/2018,C&M-GMS MPIG Correction Factor,PRC DELEGATED CO-COMMISSIONING,BARN CLOSE SURGERY,21766360,370.17 
Department of Health,NHS South Worcestershire CCG,30/04/2018,C&M-GMS QOF Aspiration,PRC DELEGATED CO-COMMISSIONING,ELGAR HEALTHCARE LTD,21766362,"3,375.69 "
Department of Health,NHS South Worcestershire CCG,30/04/2018,C&M-GMS MPIG Correction Factor,PRC DELEGATED CO-COMMISSIONING,RIVERSIDE SURGERY,21766364,"1,995.27 "
Department of Health,NHS South Worcestershire CCG,30/04/2018,C&M-GMS MPIG Correction Factor,PRC DELEGATED CO-COMMISSIONING,ABBEY MEDICAL PRACTICE EVESHAM,21767313,"2,047.75 "
Department of Health,NHS South Worcestershire CCG,30/04/2018,C&M-GMS MPIG Correction Factor,PRC DELEGATED CO-COMMISSIONING,ABBOTTSWOOD MEDICAL CENTRE,21767315,"2,469.01 "
Department of Health,NHS South Worcestershire CCG,30/04/2018,C&M-GMS Other FDR Payment,PRC DELEGATED CO-COMMISSIONING,DR A P BROTHERWOOD & PARTNERS,21767318,"3,113.00 "
Department of Health,NHS South Worcestershire CCG,30/04/2018,C&M-GMS PCO Locum Adop/Pat/Mat,PRC DELEGATED CO-COMMISSIONING,DR A P BROTHERWOOD & PARTNERS,21767318,"6,318.40 "
Department of Health,NHS South Worcestershire CCG,30/04/2018,C&M-GMS QOF Aspiration,PRC DELEGATED CO-COMMISSIONING,DR A P BROTHERWOOD & PARTNERS,21767318,"5,048.68 "
Department of Health,NHS South Worcestershire CCG,30/04/2018,C&M-GMS Global Sum,PRC DELEGATED CO-COMMISSIONING,DR BA WARD & PARTNERS,21767320,"33,932.33 "
Department of Health,NHS South Worcestershire CCG,30/04/2018,C&M-GMS MPIG Correction Factor,PRC DELEGATED CO-COMMISSIONING,DR BA WARD & PARTNERS,21767320,532.87 
Department of Health,NHS South Worcestershire CCG,30/04/2018,C&M-GMS QOF Aspiration,PRC DELEGATED CO-COMMISSIONING,DR BA WARD & PARTNERS,21767320,"4,931.75 "
Department of Health,NHS South Worcestershire CCG,30/04/2018,C&M-GMS QOF Aspiration,PRC DELEGATED CO-COMMISSIONING,DR C M YOUNG & PARTNERS,21767322,"9,864.63 "
Department of Health,NHS South Worcestershire CCG,30/04/2018,C&M-GMS MPIG Correction Factor,PRC DELEGATED CO-COMMISSIONING,DR BYWATER SALTER & HINTON,21767324,"1,402.69 "
Department of Health,NHS South Worcestershire CCG,30/04/2018,C&M-GMS QOF Aspiration,PRC DELEGATED CO-COMMISSIONING,DR B A TUCK & PARTNERS,21767326,"9,462.07 "
Department of Health,NHS South Worcestershire CCG,30/04/2018,C&M-GMS Global Sum,PRC DELEGATED CO-COMMISSIONING,DR D A JONES & PARTNERS,21767329,"45,324.24 "
Department of Health,NHS South Worcestershire CCG,30/04/2018,C&M-GMS Other FDR Payment,PRC DELEGATED CO-COMMISSIONING,DR D A JONES & PARTNERS,21767329,"3,325.00 "
Department of Health,NHS South Worcestershire CCG,30/04/2018,C&M-GMS QOF Aspiration,PRC DELEGATED CO-COMMISSIONING,DR D A JONES & PARTNERS,21767329,"4,291.67 "
Department of Health,NHS South Worcestershire CCG,30/04/2018,C&M-GMS PCO Doctors Ret Scheme,PRC DELEGATED CO-COMMISSIONING,DR KATHRYN SOLESBURY & PARTNERS,21767331,"1,307.64 "
Department of Health,NHS South Worcestershire CCG,30/04/2018,C&M-GMS Prem Rates,PRC DELEGATED CO-COMMISSIONING,DR KATHRYN SOLESBURY & PARTNERS,21767331,"53,550.00 "
Department of Health,NHS South Worcestershire CCG,30/04/2018,C&M-GMS QOF Aspiration,PRC DELEGATED CO-COMMISSIONING,DR KATHRYN SOLESBURY & PARTNERS,21767331,"9,508.00 "
Department of Health,NHS South Worcestershire CCG,30/04/2018,C&M-GMS Other FDR Payment,PRC DELEGATED CO-COMMISSIONING,DR J P ODRISCOLL & PARTNERS,21767333,"4,421.00 "
Department of Health,NHS South Worcestershire CCG,30/04/2018,C&M-GMS Prem Rates,PRC DELEGATED CO-COMMISSIONING,DR J P ODRISCOLL & PARTNERS,21767333,"18,484.43 "
Department of Health,NHS South Worcestershire CCG,30/04/2018,C&M-GMS QOF Aspiration,PRC DELEGATED CO-COMMISSIONING,DR J P ODRISCOLL & PARTNERS,21767333,"13,780.41 "
Department of Health,NHS South Worcestershire CCG,30/04/2018,C&M-GMS DES Learn Dsblty Hlth Chk,PRC DELEGATED CO-COMMISSIONING,DR JE SMITH&PARTNERS,21767335,280.00 
Department of Health,NHS South Worcestershire CCG,30/04/2018,C&M-GMS Other FDR Payment,PRC DELEGATED CO-COMMISSIONING,DR JE SMITH&PARTNERS,21767335,"11,242.00 "
Department of Health,NHS South Worcestershire CCG,30/04/2018,C&M-GMS QOF Aspiration,PRC DELEGATED CO-COMMISSIONING,DR JE SMITH&PARTNERS,21767335,"13,941.05 "
Department of Health,NHS South Worcestershire CCG,30/04/2018,C&M-GMS Global Sum,PRC DELEGATED CO-COMMISSIONING,DR K A M LAIDLAW & PARTNERS,21767337,"73,884.74 "
Department of Health,NHS South Worcestershire CCG,30/04/2018,C&M-GMS Other FDR Payment,PRC DELEGATED CO-COMMISSIONING,DR K A M LAIDLAW & PARTNERS,21767337,"3,097.00 "
Department of Health,NHS South Worcestershire CCG,30/04/2018,C&M-GMS QOF Aspiration,PRC DELEGATED CO-COMMISSIONING,DR K A M LAIDLAW & PARTNERS,21767337,"8,344.06 "
Department of Health,NHS South Worcestershire CCG,30/04/2018,C&M-GMS Global Sum,PRC DELEGATED CO-COMMISSIONING,DR S D ROBERTS & PARTNERS,21767339,"66,833.54 "
Department of Health,NHS South Worcestershire CCG,30/04/2018,C&M-GMS Other FDR Payment,PRC DELEGATED CO-COMMISSIONING,DR S D ROBERTS & PARTNERS,21767339,458.00 
Department of Health,NHS South Worcestershire CCG,30/04/2018,C&M-GMS QOF Aspiration,PRC DELEGATED CO-COMMISSIONING,DR S D ROBERTS & PARTNERS,21767339,"7,799.81 "
Department of Health,NHS South Worcestershire CCG,30/04/2018,C&M-GMS Other FDR Payment,PRC DELEGATED CO-COMMISSIONING,DR S P A WATSON & PARTNERS,21767341,"3,618.00 "
Department of Health,NHS South Worcestershire CCG,30/04/2018,C&M-GMS Prem Rates,PRC DELEGATED CO-COMMISSIONING,DR S P A WATSON & PARTNERS,21767341,"11,402.37 "
Department of Health,NHS South Worcestershire CCG,30/04/2018,C&M-GMS QOF Aspiration,PRC DELEGATED CO-COMMISSIONING,DR S P A WATSON & PARTNERS,21767341,"4,893.61 "
Department of Health,NHS South Worcestershire CCG,30/04/2018,C&M-GMS PCO Doctors Ret Scheme,PRC DELEGATED CO-COMMISSIONING,DR VERONICA M WILKIE & PARTNERS,21767343,"3,999.84 "
Department of Health,NHS South Worcestershire CCG,30/04/2018,C&M-GMS PCO Seniority,PRC DELEGATED CO-COMMISSIONING,DR VERONICA M WILKIE & PARTNERS,21767343,"13,528.59 "
Department of Health,NHS South Worcestershire CCG,30/04/2018,C&M-GMS QOF Aspiration,PRC DELEGATED CO-COMMISSIONING,DR VERONICA M WILKIE & PARTNERS,21767343,"10,317.73 "
Department of Health,NHS South Worcestershire CCG,30/04/2018,C&M-GMS Global Sum,PRC DELEGATED CO-COMMISSIONING,SPA MEDICAL PRACTICE,21767345,"63,265.67 "
Department of Health,NHS South Worcestershire CCG,30/04/2018,C&M-GMS Other FDR Payment,PRC DELEGATED CO-COMMISSIONING,SPA MEDICAL PRACTICE,21767345,"3,423.00 "
Department of Health,NHS South Worcestershire CCG,30/04/2018,C&M-GMS Prem Rates,PRC DELEGATED CO-COMMISSIONING,SPA MEDICAL PRACTICE,21767345,"39,721.48 "
Department of Health,NHS South Worcestershire CCG,30/04/2018,C&M-GMS QOF Aspiration,PRC DELEGATED CO-COMMISSIONING,SPA MEDICAL PRACTICE,21767345,"8,461.96 "
Department of Health,NHS South Worcestershire CCG,30/04/2018,C&M-GMS Other FDR Payment,PRC DELEGATED CO-COMMISSIONING,ST JOHNS HOUSE SURGERY,21767347,"7,656.00 "
Department of Health,NHS South Worcestershire CCG,30/04/2018,C&M-GMS Prem Rates,PRC DELEGATED CO-COMMISSIONING,ST JOHNS HOUSE SURGERY,21767347,"37,961.00 "
Department of Health,NHS South Worcestershire CCG,30/04/2018,C&M-GMS Prem Water Rates,PRC DELEGATED CO-COMMISSIONING,ST JOHNS HOUSE SURGERY,21767347,288.80 
Department of Health,NHS South Worcestershire CCG,30/04/2018,C&M-GMS QOF Aspiration,PRC DELEGATED CO-COMMISSIONING,ST JOHNS HOUSE SURGERY,21767347,"12,956.46 "
Department of Health,NHS South Worcestershire CCG,30/04/2018,C&M-GMS Global Sum,PRC DELEGATED CO-COMMISSIONING,TENBURY SURGERY,21767349,"75,974.77 "
Department of Health,NHS South Worcestershire CCG,30/04/2018,C&M-GMS MPIG Correction Factor,PRC DELEGATED CO-COMMISSIONING,TENBURY SURGERY,21767349,157.90 
Department of Health,NHS South Worcestershire CCG,30/04/2018,C&M-GMS QOF Aspiration,PRC DELEGATED CO-COMMISSIONING,TENBURY SURGERY,21767349,"9,172.73 "
Department of Health,NHS South Worcestershire CCG,30/04/2018,ME-GMS GP Prior Year EEs,PRC DELEGATED CO-COMMISSIONING,TENBURY SURGERY,21767349,"2,887.49 "
Department of Health,NHS South Worcestershire CCG,30/04/2018,C&M-GMS Prem Rates,PRC DELEGATED CO-COMMISSIONING,DR ILT SMITH & PARTNERS,21767351,"38,454.00 "
Department of Health,NHS South Worcestershire CCG,30/04/2018,C&M-GMS Prem Water Rates,PRC DELEGATED CO-COMMISSIONING,DR ILT SMITH & PARTNERS,21767351,505.00 
Department of Health,NHS South Worcestershire CCG,30/04/2018,C&M-GMS QOF Aspiration,PRC DELEGATED CO-COMMISSIONING,DR ILT SMITH & PARTNERS,21767351,"10,092.95 "
Department of Health,NHS South Worcestershire CCG,30/04/2018,C&M-GMS Global Sum,PRC DELEGATED CO-COMMISSIONING,BARBOURNE HEALTH CENTRE,21767353,"75,551.86 "
Department of Health,NHS South Worcestershire CCG,30/04/2018,C&M-GMS MPIG Correction Factor,PRC DELEGATED CO-COMMISSIONING,BARBOURNE HEALTH CENTRE,21767353,696.40 
Department of Health,NHS South Worcestershire CCG,30/04/2018,C&M-GMS QOF Aspiration,PRC DELEGATED CO-COMMISSIONING,BARBOURNE HEALTH CENTRE,21767353,"10,194.10 "
Department of Health,NHS South Worcestershire CCG,30/04/2018,C&M-GMS QOF Aspiration,PRC DELEGATED CO-COMMISSIONING,BREDON HILL SURGERY,21767356,"4,736.54 "
Department of Health,NHS South Worcestershire CCG,30/04/2018,C&M-GMS QOF Aspiration,PRC DELEGATED CO-COMMISSIONING,STAYWELL T/A FARRIER HOUSE SURGERY,21767358,"1,894.12 "
Department of Health,NHS South Worcestershire CCG,30/04/2018,C&M-GMS Global Sum,PRC DELEGATED CO-COMMISSIONING,DR F KAMEEN & PARTNERS,21767954,"62,132.09 "
Department of Health,NHS South Worcestershire CCG,30/04/2018,C&M-GMS MPIG Correction Factor,PRC DELEGATED CO-COMMISSIONING,DR F KAMEEN & PARTNERS,21767954,"1,560.73 "
Department of Health,NHS South Worcestershire CCG,30/04/2018,C&M-GMS PCO Seniority,PRC DELEGATED CO-COMMISSIONING,DR F KAMEEN & PARTNERS,21767954,22.56 
Department of Health,NHS South Worcestershire CCG,30/04/2018,C&M-GMS Prem Rates,PRC DELEGATED CO-COMMISSIONING,DR F KAMEEN & PARTNERS,21767954,"37,567.80 "
Department of Health,NHS South Worcestershire CCG,30/04/2018,C&M-GMS QOF Aspiration,PRC DELEGATED CO-COMMISSIONING,DR F KAMEEN & PARTNERS,21767954,"8,835.56 "
Department of Health,NHS South Worcestershire CCG,30/04/2018,ME - GMS GP Prior Year ERs,PRC DELEGATED CO-COMMISSIONING,DR F KAMEEN & PARTNERS,21767954,"2,732.22 "
Department of Health,NHS South Worcestershire CCG,30/04/2018,ME-GMS GP Prior Year EEs,PRC DELEGATED CO-COMMISSIONING,DR F KAMEEN & PARTNERS,21767954,"2,388.32 "
Department of Health,NHS South Worcestershire CCG,30/04/2018,C&M-GMS DES Minor Surgery,PRC DELEGATED CO-COMMISSIONING,DR D J RADLEY & PARTNERS,21778100,"3,744.44 "
Department of Health,NHS South Worcestershire CCG,30/04/2018,C&M-GMS Global Sum,PRC DELEGATED CO-COMMISSIONING,DR D J RADLEY & PARTNERS,21778100,"109,473.36 "
Department of Health,NHS South Worcestershire CCG,30/04/2018,C&M-GMS MPIG Correction Factor,PRC DELEGATED CO-COMMISSIONING,DR D J RADLEY & PARTNERS,21778100,742.18 
Department of Health,NHS South Worcestershire CCG,30/04/2018,C&M-GMS Other FDR Payment,PRC DELEGATED CO-COMMISSIONING,DR D J RADLEY & PARTNERS,21778100,"1,665.00 "
Department of Health,NHS South Worcestershire CCG,30/04/2018,C&M-GMS Prem Rates,PRC DELEGATED CO-COMMISSIONING,DR D J RADLEY & PARTNERS,21778100,"26,457.65 "
Department of Health,NHS South Worcestershire CCG,30/04/2018,C&M-GMS QOF Aspiration,PRC DELEGATED CO-COMMISSIONING,DR D J RADLEY & PARTNERS,21778100,"79,964.80 "
Department of Health,NHS South Worcestershire CCG,30/04/2018,C&M-GMS Global Sum,PRC DELEGATED CO-COMMISSIONING,DR MACKICHAN WOOF & PARTNERS,21778101,"105,705.49 "
Department of Health,NHS South Worcestershire CCG,30/04/2018,C&M-GMS Other FDR Payment,PRC DELEGATED CO-COMMISSIONING,DR MACKICHAN WOOF & PARTNERS,21778101,"6,034.00 "
Department of Health,NHS South Worcestershire CCG,30/04/2018,C&M-GMS PCO Locum Adop/Pat/Mat,PRC DELEGATED CO-COMMISSIONING,DR MACKICHAN WOOF & PARTNERS,21778101,"25,175.77 "
Department of Health,NHS South Worcestershire CCG,30/04/2018,C&M-GMS Prem Rates,PRC DELEGATED CO-COMMISSIONING,DR MACKICHAN WOOF & PARTNERS,21778101,"60,055.00 "
Department of Health,NHS South Worcestershire CCG,30/04/2018,C&M-GMS Prem Water Rates,PRC DELEGATED CO-COMMISSIONING,DR MACKICHAN WOOF & PARTNERS,21778101,"1,682.52 "
Department of Health,NHS South Worcestershire CCG,30/04/2018,C&M-GMS QOF Aspiration,PRC DELEGATED CO-COMMISSIONING,DR MACKICHAN WOOF & PARTNERS,21778101,"11,888.33 "
Department of Health,NHS South Worcestershire CCG,30/04/2018,C&M-GMS Global Sum,PRC DELEGATED CO-COMMISSIONING,DR AC HORN & MH TUCKER,21778103,"33,630.96 "
Department of Health,NHS South Worcestershire CCG,30/04/2018,C&M-GMS MPIG Correction Factor,PRC DELEGATED CO-COMMISSIONING,DR AC HORN & MH TUCKER,21778103,841.98 
Department of Health,NHS South Worcestershire CCG,30/04/2018,C&M-GMS QOF Aspiration,PRC DELEGATED CO-COMMISSIONING,DR AC HORN & MH TUCKER,21778103,"3,950.00 "
Department of Health,NHS South Worcestershire CCG,30/04/2018,ME - GMS GP Prior Year ERs,PRC DELEGATED CO-COMMISSIONING,DR AC HORN & MH TUCKER,21778103,54.55 
Department of Health,NHS South Worcestershire CCG,30/04/2018,ME-GMS GP Prior Year EEs,PRC DELEGATED CO-COMMISSIONING,DR AC HORN & MH TUCKER,21778103,36.30 
Department of Health,NHS South Worcestershire CCG,30/04/2018,Cont Care-Physical Disab (<65),CHC ADULT FULLY FUNDED,CAUSEWAY CARE CIC,21826447,"48,490.50 "
Department of Health,NHS South Worcestershire CCG,30/04/2018,Clinical&Medical-Independent Sector,GP FORWARD VIEW,SW HEALTHCARE,21826505,"119,687.33 "
Department of Health,NHS South Worcestershire CCG,30/04/2018,Hcare Srv Rec Fdtn Trust-Contract Baseline,ACUTE COMMISSIONING,ROYAL ORTHOPAEDIC HOSPITAL NHS FOUNDATION TRUST,21826568,"149,330.48 "
Department of Health,NHS South Worcestershire CCG,30/04/2018,Hcare Srv Rec Fdtn Trust-Contract Baseline,ACUTE COMMISSIONING,SOUTH WARWICKSHIRE NHS FOUNDATION TRUST,21826806,"56,036.00 "
Department of Health,NHS South Worcestershire CCG,30/04/2018,Hcare Srv Rec NHS Trust-Non Contract,COMMISSIONING RESERVE,WORCESTERSHIRE HEALTH & CARE NHS TRUST,21828928,"46,200.00 "
Department of Health,NHS South Worcestershire CCG,30/04/2018,Hcare Srv Rec NHS Trust-Non Contract,COMMISSIONING RESERVE,WORCESTERSHIRE HEALTH & CARE NHS TRUST,21828931,"(112,530.00)"
Department of Health,NHS South Worcestershire CCG,30/04/2018,Netwrkd assets(Owned)-Cost-Addns,BALANCE SHEET,INSIGHT DIRECT (UK) LTD,21832361,"35,820.00 "
Department of Health,NHS South Worcestershire CCG,30/04/2018,Continence Products,COMMUNITY SERVICES,NHS REDDITCH AND BROMSGROVE CCG,21849640,"67,946.11 "
Department of Health,NHS South Worcestershire CCG,30/04/2018,Hcare Srv Rec NHS Trust,COMMUNITY SERVICES,WORCESTERSHIRE HEALTH & CARE NHS TRUST,21849678,"314,578.00 "
Department of Health,NHS South Worcestershire CCG,30/04/2018,Charges from CSU,CORPORATE COSTS & SERVICES,NHS MIDLANDS AND LANCASHIRE CSU,21849687,"79,131.06 "
Department of Health,NHS South Worcestershire CCG,30/04/2018,Services From Local Authorities,COMMISSIONING SCHEMES,WORCESTERSHIRE COUNTY COUNCIL,21852260,"282,700.00 "
Department of Health,NHS South Worcestershire CCG,30/04/2018,Clinical&Medical-Serv Recd-NHS Trst,PROGRAMME PROJECTS,WORCESTERSHIRE ACUTE HOSPITALS NHS TRUST,21852262,"88,292.00 "
Department of Health,NHS South Worcestershire CCG,30/04/2018,Clinical&Medical-Serv Recd-NHS Trst,PROGRAMME PROJECTS,WORCESTERSHIRE ACUTE HOSPITALS NHS TRUST,21852265,"(88,292.00)"
Department of Health,NHS South Worcestershire CCG,30/04/2018,Clinical&Medical-Independent Sector,ACUTE COMMISSIONING,BMI HEALTHCARE COLLECTIONS,21868533,"(64,034.71)"
Department of Health,NHS South Worcestershire CCG,30/04/2018,Hlthcre-Foundation Trsts,ACUTE COMMISSIONING,ROYAL ORTHOPAEDIC HOSPITAL NHS FOUNDATION TRUST,21868661,"(173,355.00)"
Department of Health,NHS South Worcestershire CCG,30/04/2018,Clinical&Medical-Independent Sector,ACUTE COMMISSIONING,BMI HEALTHCARE COLLECTIONS,21870906,"(96,466.72)"
Department of Health,NHS South Worcestershire CCG,30/04/2018,C&M-GMS Other Small Practice All,PRC DELEGATED CO-COMMISSIONING,DR JE SMITH&PARTNERS,21876806,"50,178.78 "
Department of Health,NHS South Worcestershire CCG,30/04/2018,C&M-GMS Other Small Practice All,PRC DELEGATED CO-COMMISSIONING,RIVERSIDE SURGERY,21876808,"40,478.68 "
Department of Health,NHS South Worcestershire CCG,30/04/2018,C&M-GMS Other Small Practice All,PRC DELEGATED CO-COMMISSIONING,ABBOTTSWOOD MEDICAL CENTRE,21876810,"32,291.96 "
Department of Health,NHS South Worcestershire CCG,30/04/2018,C&M-GMS Other Small Practice All,PRC DELEGATED CO-COMMISSIONING,DR C M YOUNG & PARTNERS,21876815,"30,935.77 "
Department of Health,NHS South Worcestershire CCG,30/04/2018,C&M-GMS Other Small Practice All,PRC DELEGATED CO-COMMISSIONING,DR B A TUCK & PARTNERS,21876816,"26,888.40 "
Department of Health,NHS South Worcestershire CCG,30/04/2018,C&M-GMS Other Small Practice All,PRC DELEGATED CO-COMMISSIONING,DR D J RADLEY & PARTNERS,21876817,"27,728.86 "
Department of Health,NHS South Worcestershire CCG,30/04/2018,C&M-GMS Other Small Practice All,PRC DELEGATED CO-COMMISSIONING,DR KATHRYN SOLESBURY & PARTNERS,21876818,"30,609.62 "
Department of Health,NHS South Worcestershire CCG,30/04/2018,C&M-GMS Other Small Practice All,PRC DELEGATED CO-COMMISSIONING,DR S D ROBERTS & PARTNERS,21876819,"26,304.16 "
Department of Health,NHS South Worcestershire CCG,30/04/2018,C&M-GMS Other Small Practice All,PRC DELEGATED CO-COMMISSIONING,TENBURY SURGERY,21876830,"29,777.94 "
Department of Health,NHS South Worcestershire CCG,30/04/2018,C&M-GMS Other Small Practice All,PRC DELEGATED CO-COMMISSIONING,ST JOHNS HOUSE SURGERY,21876832,"34,623.90 "
Department of Health,NHS South Worcestershire CCG,30/04/2018,C&M-GMS Other Small Practice All,PRC DELEGATED CO-COMMISSIONING,BARBOURNE HEALTH CENTRE,21876834,"29,575.51 "
Department of Health,NHS South Worcestershire CCG,30/04/2018,C&M-GMS Other Small Practice All,PRC DELEGATED CO-COMMISSIONING,CORBETT MEDICAL PRACTICE,21876836,"31,866.81 "
Department of Health,NHS South Worcestershire CCG,30/04/2018,C&M-GMS Other Small Practice All,PRC DELEGATED CO-COMMISSIONING,HARESFIELD SURGERY,21876838,"41,269.36 "
Department of Health,NHS South Worcestershire CCG,30/04/2018,C&M-GMS Other Small Practice All,PRC DELEGATED CO-COMMISSIONING,DR JP BARRELL AND PARTNERS,21876843,"35,673.85 "
Department of Health,NHS South Worcestershire CCG,30/04/2018,C&M-GMS Cost of Drugs -Dispensing,LOCAL ENHANCED SERVICES,ABBEY MEDICAL PRACTICE EVESHAM,21884664,"(35,441.45)"
Department of Health,NHS South Worcestershire CCG,30/04/2018,C&M-GMS PrscChrgsCll&RmttdbyGPCntra,PRC DELEGATED CO-COMMISSIONING,ABBEY MEDICAL PRACTICE EVESHAM,21884664,"(2,494.00)"
Department of Health,NHS South Worcestershire CCG,30/04/2018,C&M-GMS Cost of Drugs -Dispensing,LOCAL ENHANCED SERVICES,ABBEY MEDICAL PRACTICE EVESHAM,21884665,"68,418.57 "
Department of Health,NHS South Worcestershire CCG,30/04/2018,C&M-GMS Prof Fees Dispensing,PRC DELEGATED CO-COMMISSIONING,ABBEY MEDICAL PRACTICE EVESHAM,21884665,"12,254.71 "
Department of Health,NHS South Worcestershire CCG,30/04/2018,C&M-GMS PrscrptnChrgsColl&RmttdbyGP,LOCAL ENHANCED SERVICES,ABBEY MEDICAL PRACTICE EVESHAM,21884665,"2,494.00 "
Department of Health,NHS South Worcestershire CCG,30/04/2018,C&M-GMS Cost of Drugs -Dispensing,LOCAL ENHANCED SERVICES,ABBOTTSWOOD MEDICAL CENTRE,21884666,"(75,262.20)"
Department of Health,NHS South Worcestershire CCG,30/04/2018,C&M-GMS PrscChrgsCll&RmttdbyGPCntra,PRC DELEGATED CO-COMMISSIONING,ABBOTTSWOOD MEDICAL CENTRE,21884666,"(4,816.00)"
Department of Health,NHS South Worcestershire CCG,30/04/2018,C&M-GMS Cost of Drugs -Dispensing,LOCAL ENHANCED SERVICES,ABBOTTSWOOD MEDICAL CENTRE,21884667,"149,083.02 "
Department of Health,NHS South Worcestershire CCG,30/04/2018,C&M-GMS Prof Fees Dispensing,PRC DELEGATED CO-COMMISSIONING,ABBOTTSWOOD MEDICAL CENTRE,21884667,"25,436.38 "
Department of Health,NHS South Worcestershire CCG,30/04/2018,C&M-GMS PrscrptnChrgsColl&RmttdbyGP,LOCAL ENHANCED SERVICES,ABBOTTSWOOD MEDICAL CENTRE,21884667,"4,816.00 "
Department of Health,NHS South Worcestershire CCG,30/04/2018,C&M-GMS Cost of Drugs -Dispensing,LOCAL ENHANCED SERVICES,DR C M YOUNG & PARTNERS,21884670,"(57,911.63)"
Department of Health,NHS South Worcestershire CCG,30/04/2018,C&M-GMS PrscChrgsCll&RmttdbyGPCntra,PRC DELEGATED CO-COMMISSIONING,DR C M YOUNG & PARTNERS,21884670,"(3,379.80)"
Department of Health,NHS South Worcestershire CCG,30/04/2018,C&M-GMS Cost of Drugs -Dispensing,LOCAL ENHANCED SERVICES,DR C M YOUNG & PARTNERS,21884671,"119,787.07 "
Department of Health,NHS South Worcestershire CCG,30/04/2018,C&M-GMS Prof Fees Dispensing,PRC DELEGATED CO-COMMISSIONING,DR C M YOUNG & PARTNERS,21884671,"19,036.21 "
Department of Health,NHS South Worcestershire CCG,30/04/2018,C&M-GMS PrscrptnChrgsColl&RmttdbyGP,LOCAL ENHANCED SERVICES,DR C M YOUNG & PARTNERS,21884671,"3,379.80 "
Department of Health,NHS South Worcestershire CCG,30/04/2018,C&M-GMS Cost of Drugs -Dispensing,LOCAL ENHANCED SERVICES,DR BYWATER SALTER & HINTON,21884672,"(37,551.53)"
Department of Health,NHS South Worcestershire CCG,30/04/2018,C&M-GMS PrscChrgsCll&RmttdbyGPCntra,PRC DELEGATED CO-COMMISSIONING,DR BYWATER SALTER & HINTON,21884672,"(3,448.60)"
Department of Health,NHS South Worcestershire CCG,30/04/2018,C&M-GMS Cost of Drugs -Dispensing,LOCAL ENHANCED SERVICES,DR BYWATER SALTER & HINTON,21884673,"72,682.11 "
Department of Health,NHS South Worcestershire CCG,30/04/2018,C&M-GMS Prof Fees Dispensing,PRC DELEGATED CO-COMMISSIONING,DR BYWATER SALTER & HINTON,21884673,"14,162.22 "
Department of Health,NHS South Worcestershire CCG,30/04/2018,C&M-GMS PrscrptnChrgsColl&RmttdbyGP,LOCAL ENHANCED SERVICES,DR BYWATER SALTER & HINTON,21884673,"3,448.60 "
Department of Health,NHS South Worcestershire CCG,30/04/2018,C&M-GMS Cost of Drugs -Dispensing,LOCAL ENHANCED SERVICES,DR S P A WATSON & PARTNERS,21884681,"(55,394.30)"
Department of Health,NHS South Worcestershire CCG,30/04/2018,C&M-GMS PrscChrgsCll&RmttdbyGPCntra,PRC DELEGATED CO-COMMISSIONING,DR S P A WATSON & PARTNERS,21884681,"(4,773.00)"
Department of Health,NHS South Worcestershire CCG,30/04/2018,C&M-GMS Cost of Drugs -Dispensing,LOCAL ENHANCED SERVICES,DR S P A WATSON & PARTNERS,21884682,"111,785.88 "
Department of Health,NHS South Worcestershire CCG,30/04/2018,C&M-GMS Prof Fees Dispensing,PRC DELEGATED CO-COMMISSIONING,DR S P A WATSON & PARTNERS,21884682,"18,878.77 "
Department of Health,NHS South Worcestershire CCG,30/04/2018,C&M-GMS PrscrptnChrgsColl&RmttdbyGP,LOCAL ENHANCED SERVICES,DR S P A WATSON & PARTNERS,21884682,"4,773.00 "
Department of Health,NHS South Worcestershire CCG,30/04/2018,C&M-GMS Cost of Drugs -Dispensing,LOCAL ENHANCED SERVICES,TENBURY SURGERY,21884687,"127,672.04 "
Department of Health,NHS South Worcestershire CCG,30/04/2018,C&M-GMS Prof Fees Dispensing,PRC DELEGATED CO-COMMISSIONING,TENBURY SURGERY,21884687,"30,837.64 "
Department of Health,NHS South Worcestershire CCG,30/04/2018,C&M-GMS PrscrptnChrgsColl&RmttdbyGP,LOCAL ENHANCED SERVICES,TENBURY SURGERY,21884687,412.80 
Department of Health,NHS South Worcestershire CCG,30/04/2018,C&M-GMS Cost of Drugs -Dispensing,LOCAL ENHANCED SERVICES,DR ILT SMITH & PARTNERS,21884688,"(43,614.16)"
Department of Health,NHS South Worcestershire CCG,30/04/2018,C&M-GMS PrscChrgsCll&RmttdbyGPCntra,PRC DELEGATED CO-COMMISSIONING,DR ILT SMITH & PARTNERS,21884688,"(1,737.20)"
Department of Health,NHS South Worcestershire CCG,30/04/2018,C&M-GMS Cost of Drugs -Dispensing,LOCAL ENHANCED SERVICES,DR ILT SMITH & PARTNERS,21884689,"86,247.19 "
Department of Health,NHS South Worcestershire CCG,30/04/2018,C&M-GMS Prof Fees Dispensing,PRC DELEGATED CO-COMMISSIONING,DR ILT SMITH & PARTNERS,21884689,"14,279.40 "
Department of Health,NHS South Worcestershire CCG,30/04/2018,C&M-GMS PrscrptnChrgsColl&RmttdbyGP,LOCAL ENHANCED SERVICES,DR ILT SMITH & PARTNERS,21884689,"1,737.20 "
Department of Health,NHS South Worcestershire CCG,30/04/2018,C&M-GMS Cost of Drugs -Dispensing,LOCAL ENHANCED SERVICES,DR MACKICHAN WOOF & PARTNERS,21884691,"(36,780.00)"
Department of Health,NHS South Worcestershire CCG,30/04/2018,C&M-GMS PrscChrgsCll&RmttdbyGPCntra,PRC DELEGATED CO-COMMISSIONING,DR MACKICHAN WOOF & PARTNERS,21884691,"(1,487.80)"
Department of Health,NHS South Worcestershire CCG,30/04/2018,C&M-GMS Cost of Drugs -Dispensing,LOCAL ENHANCED SERVICES,DR MACKICHAN WOOF & PARTNERS,21884692,"68,289.86 "
Department of Health,NHS South Worcestershire CCG,30/04/2018,C&M-GMS Prof Fees Dispensing,PRC DELEGATED CO-COMMISSIONING,DR MACKICHAN WOOF & PARTNERS,21884692,"12,357.37 "
Department of Health,NHS South Worcestershire CCG,30/04/2018,C&M-GMS PrscrptnChrgsColl&RmttdbyGP,LOCAL ENHANCED SERVICES,DR MACKICHAN WOOF & PARTNERS,21884692,"1,487.80 "
Department of Health,NHS South Worcestershire CCG,30/04/2018,C&M-GMS Cost of Drugs -Dispensing,LOCAL ENHANCED SERVICES,BREDON HILL SURGERY,21884693,"(40,343.68)"
Department of Health,NHS South Worcestershire CCG,30/04/2018,C&M-GMS PrscChrgsCll&RmttdbyGPCntra,PRC DELEGATED CO-COMMISSIONING,BREDON HILL SURGERY,21884693,"(3,225.00)"
Department of Health,NHS South Worcestershire CCG,30/04/2018,C&M-GMS Cost of Drugs -Dispensing,LOCAL ENHANCED SERVICES,BREDON HILL SURGERY,21884694,"68,772.14 "
Department of Health,NHS South Worcestershire CCG,30/04/2018,C&M-GMS Prof Fees Dispensing,PRC DELEGATED CO-COMMISSIONING,BREDON HILL SURGERY,21884694,"14,957.35 "
Department of Health,NHS South Worcestershire CCG,30/04/2018,C&M-GMS PrscrptnChrgsColl&RmttdbyGP,LOCAL ENHANCED SERVICES,BREDON HILL SURGERY,21884694,"3,225.00 "
Department of Health,NHS South Worcestershire CCG,30/04/2018,C&M-GMS Cost of Drugs -Dispensing,LOCAL ENHANCED SERVICES,DR JP BARRELL AND PARTNERS,21891788,"(81,976.36)"
Department of Health,NHS South Worcestershire CCG,30/04/2018,C&M-GMS PrscChrgsCll&RmttdbyGPCntra,PRC DELEGATED CO-COMMISSIONING,DR JP BARRELL AND PARTNERS,21891788,"(4,403.20)"
Department of Health,NHS South Worcestershire CCG,30/04/2018,C&M-GMS Cost of Drugs -Dispensing,LOCAL ENHANCED SERVICES,DR JP BARRELL AND PARTNERS,21891789,"144,099.01 "
Department of Health,NHS South Worcestershire CCG,30/04/2018,C&M-GMS Prof Fees Dispensing,PRC DELEGATED CO-COMMISSIONING,DR JP BARRELL AND PARTNERS,21891789,"29,982.76 "
Department of Health,NHS South Worcestershire CCG,30/04/2018,C&M-GMS PrscrptnChrgsColl&RmttdbyGP,LOCAL ENHANCED SERVICES,DR JP BARRELL AND PARTNERS,21891789,"4,403.20 "
Department of Health,NHS South Worcestershire CCG,30/04/2018,C&M-GMS Cost of Drugs -Dispensing,LOCAL ENHANCED SERVICES,BARN CLOSE SURGERY,21891791,"52,249.60 "
Department of Health,NHS South Worcestershire CCG,30/04/2018,C&M-GMS Prof Fees Dispensing,PRC DELEGATED CO-COMMISSIONING,BARN CLOSE SURGERY,21891791,"19,247.29 "
Department of Health,NHS South Worcestershire CCG,30/04/2018,C&M-GMS PrscrptnChrgsColl&RmttdbyGP,LOCAL ENHANCED SERVICES,BARN CLOSE SURGERY,21891791,"2,949.80 "
Department of Health,NHS South Worcestershire CCG,30/04/2018,C&M-GMS Cost of Drugs -Dispensing,LOCAL ENHANCED SERVICES,ELGAR HEALTHCARE LTD,21891792,"(40,983.95)"
Department of Health,NHS South Worcestershire CCG,30/04/2018,C&M-GMS PrscChrgsCll&RmttdbyGPCntra,PRC DELEGATED CO-COMMISSIONING,ELGAR HEALTHCARE LTD,21891792,"(3,190.60)"
Department of Health,NHS South Worcestershire CCG,30/04/2018,C&M-GMS Cost of Drugs -Dispensing,LOCAL ENHANCED SERVICES,ELGAR HEALTHCARE LTD,21891793,"82,690.62 "
Department of Health,NHS South Worcestershire CCG,30/04/2018,C&M-GMS Prof Fees Dispensing,PRC DELEGATED CO-COMMISSIONING,ELGAR HEALTHCARE LTD,21891793,"13,255.44 "
Department of Health,NHS South Worcestershire CCG,30/04/2018,C&M-GMS PrscrptnChrgsColl&RmttdbyGP,LOCAL ENHANCED SERVICES,ELGAR HEALTHCARE LTD,21891793,"3,190.60 "
Department of Health,NHS South Worcestershire CCG,30/04/2018,C&M-GMS Cost of Drugs -Dispensing,LOCAL ENHANCED SERVICES,RIVERSIDE SURGERY,21891794,"(55,761.00)"
Department of Health,NHS South Worcestershire CCG,30/04/2018,C&M-GMS PrscChrgsCll&RmttdbyGPCntra,PRC DELEGATED CO-COMMISSIONING,RIVERSIDE SURGERY,21891794,"(3,216.40)"
Department of Health,NHS South Worcestershire CCG,30/04/2018,C&M-GMS Cost of Drugs -Dispensing,LOCAL ENHANCED SERVICES,RIVERSIDE SURGERY,21891795,"98,315.20 "
Department of Health,NHS South Worcestershire CCG,30/04/2018,C&M-GMS Prof Fees Dispensing,PRC DELEGATED CO-COMMISSIONING,RIVERSIDE SURGERY,21891795,"20,272.67 "
Department of Health,NHS South Worcestershire CCG,30/04/2018,C&M-GMS PrscrptnChrgsColl&RmttdbyGP,LOCAL ENHANCED SERVICES,RIVERSIDE SURGERY,21891795,"3,216.40 "
Department of Health,NHS South Worcestershire CCG,30/04/2018,C&M-GMS Cost of Drugs -Dispensing,LOCAL ENHANCED SERVICES,DR AC HORN & MH TUCKER,21891796,"(46,726.24)"
Department of Health,NHS South Worcestershire CCG,30/04/2018,C&M-GMS PrscChrgsCll&RmttdbyGPCntra,PRC DELEGATED CO-COMMISSIONING,DR AC HORN & MH TUCKER,21891796,"(2,984.20)"
Department of Health,NHS South Worcestershire CCG,30/04/2018,C&M-GMS Cost of Drugs -Dispensing,LOCAL ENHANCED SERVICES,DR AC HORN & MH TUCKER,21891797,"94,851.95 "
Department of Health,NHS South Worcestershire CCG,30/04/2018,C&M-GMS Prof Fees Dispensing,PRC DELEGATED CO-COMMISSIONING,DR AC HORN & MH TUCKER,21891797,"16,365.72 "
Department of Health,NHS South Worcestershire CCG,30/04/2018,C&M-GMS PrscrptnChrgsColl&RmttdbyGP,LOCAL ENHANCED SERVICES,DR AC HORN & MH TUCKER,21891797,"2,984.20 "
Department of Health,NHS South Worcestershire CCG,30/04/2018,Cont Care-Physical Disab (<65),CHC ADULT FULLY FUNDED,SOLO SUPPORT SERVICES LTD,21896426,"100,318.47 "
Department of Health,NHS South Worcestershire CCG,30/04/2018,Clinical&Medical-Independent Sector,PALLIATIVE CARE,PRIMROSE HOSPICE LTD,21896571,"28,419.50 "
Department of Health,NHS South Worcestershire CCG,30/04/2018,Clinical&Medical-Independent Sector,ACUTE COMMISSIONING,SPIRE HEALTHCARE LTD,21918897,"(4,538,198.00)"
Department of Health,NHS South Worcestershire CCG,30/04/2018,Hcare Srv Rec NHS Trust-Contract Baseline,ACUTE COMMISSIONING,SHREWSBURY&TELFORD HOSPITAL NHS TRUST,21935293,"25,062.00 "
Department of Health,NHS South Worcestershire CCG,30/04/2018,Clinical&Medical-Independent Sector,ACUTE COMMISSIONING,SPIRE HEALTHCARE LTD,21935392,"4,538,198.00 "
Department of Health,NHS South Worcestershire CCG,30/04/2018,Clinical&Medical-Independent Sector,ACUTE COMMISSIONING,SPIRE HEALTHCARE LTD,21935401,"378,183.00 "
Department of Health,NHS South Worcestershire CCG,30/04/2018,Hcare Srv Rec Fdtn Trust-Contract Baseline,MATERNITY SERVICES,BIRMINGHAM WOMENS AND CHILDRENS NHS FOUNDATION TRUST,21935518,"64,718.08 "
Department of Health,NHS South Worcestershire CCG,30/04/2018,Hcare Srv Rec NHS Trust-Contract Baseline,ACUTE COMMISSIONING,WYE VALLEY NHS TRUST,21936816,"32,234.58 "
Department of Health,NHS South Worcestershire CCG,30/04/2018,Hcare Srv Rec NHS Trust-Contract Baseline,ACUTE COMMISSIONING,WYE VALLEY NHS TRUST,21936818,"158,404.92 "
Department of Health,NHS South Worcestershire CCG,30/04/2018,Hcare Srv Rec NHS Trust-Contract Baseline,ACUTE COMMISSIONING,UNIVERSITY HOSPITALS COVENTRY AND WARWICKSHIRE NHS TRUST,21936820,"43,787.67 "
,,,,,,,
