NHS Bedfordshire CCG - Expenditure Over Threshold �25k,,,,,,,,Reporting Month 6,2018/19
,,,,,,,,,
Department family,Entity,Date,Expense Type,Expense area,Supplier,Transaction number,AP Amount (�),VAT registration number,Purchase invoice number
Department of Health,NHS Bedfordshire CCG,9/30/2018,Hcare Srv Rec Fdtn Trust-Contract Baseline,COMMUNITY SERVICES,ESSEX PARTNERSHIP UNIVERSITY NHS FT,23723998,"102,156.00 ",GB654974100,I0060091
Department of Health,NHS Bedfordshire CCG,9/30/2018,Hcare Srv Rec Fdtn Trust-Over/ Under Performance,ACUTE COMMISSIONING,LUTON & DUNSTABLE HOSPITAL NHS FOUNDATION TRUST,23724068,"583,333.33 ",654929007,52991427
Department of Health,NHS Bedfordshire CCG,9/30/2018,Hcare Srv Rec Fdtn Trust-Contract Baseline,ACUTE COMMISSIONING,GUYS & ST THOMAS HOSPITAL NHS FOUNDATION TRUST,23724071,"82,968.00 ",654923417,3245860
Department of Health,NHS Bedfordshire CCG,9/30/2018,Hcare Srv Rec Fdtn Trust-Contract Baseline,ACUTE COMMISSIONING,OXFORD UNIVERSITY HOSPITALS NHS FOUNDATION TRUST,23724084,"149,224.00 ",654935407,8285431
Department of Health,NHS Bedfordshire CCG,9/30/2018,Non-NHS trade Payables <1Yr,BALANCE SHEET,NHS SUPPLY CHAIN,23724138,"28,393.27 ",,1019101448
Department of Health,NHS Bedfordshire CCG,9/30/2018,Hcare Srv Rec Fdtn Trust-Contract Baseline,COMMUNITY SERVICES,ESSEX PARTNERSHIP UNIVERSITY NHS FT,23724149,"57,489.00 ",GB654974100,I0062110
Department of Health,NHS Bedfordshire CCG,9/30/2018,Clinical&Medical-Commercial Sector,HOSPICES,SUE RYDER CARE,23724154,"43,868.16 ",GB 927 5079 02,21089
Department of Health,NHS Bedfordshire CCG,9/30/2018,Hcare Srv Rec Fdtn Trust-Contract Baseline,COMMUNITY SERVICES,ESSEX PARTNERSHIP UNIVERSITY NHS FT,23724263,"(102,156.00)",GB654974100,C0005996
Department of Health,NHS Bedfordshire CCG,9/30/2018,Hcare Srv Rec NHS Trust-Contract Baseline,ACUTE COMMISSIONING,NORTHAMPTON GENERAL HOSPITAL NHS TRUST,23758404,"59,749.00 ",,241474
Department of Health,NHS Bedfordshire CCG,9/30/2018,Hcare Srv Rec Fdtn Trust-Contract Baseline,ACUTE COMMISSIONING,MOORFIELDS EYE HOSPITAL NHS FOUNDATION TRUST,23758428,"72,929.00 ",,IC0035047
Department of Health,NHS Bedfordshire CCG,9/30/2018,Hcare Srv Rec Fdtn Trust-Contract Baseline,ACUTE COMMISSIONING,CAMBRIDGE UNIVERSITY HOSPITALS NHS FOUNDATION TRUST,23758439,"940,148.88 ",,70022115
Department of Health,NHS Bedfordshire CCG,9/30/2018,Hcare Srv Rec Fdtn Trust-Contract Baseline,ACUTE COMMISSIONING,NORTH WEST ANGLIA NHS FOUNDATION TRUST,23758443,"78,551.63 ",,17441754
Department of Health,NHS Bedfordshire CCG,9/30/2018,Clinical&Medical-Commercial Sector,HOSPICES,SUE RYDER CARE,23758455,"219,340.80 ",GB 927 5079 02,21090
Department of Health,NHS Bedfordshire CCG,9/30/2018,Hlthcre-Foundation Trsts,MENTAL HEALTH CONTRACTS,EAST LONDON NHS FOUNDATION TRUST,23758685,"4,172,659.32 ",,10432028
Department of Health,NHS Bedfordshire CCG,9/30/2018,Hcare Srv Rec NHS Trust-Contract Baseline,ACUTE COMMISSIONING,ROYAL NATIONAL ORTHOPAEDIC HOSPITAL NHS TRUST,23758689,"126,717.00 ",,B0037825
Department of Health,NHS Bedfordshire CCG,9/30/2018,Hcare Srv Rec NHS Trust,AMBULANCE SERVICES,EAST OF ENGLAND AMBULANCE SERVICE NHS TRUST,23758716,"1,139,297.72 ",,8110640
Department of Health,NHS Bedfordshire CCG,9/30/2018,External Consultancy Fees,FINANCE,ITS DIGITAL,23766148,"92,342.00 ",GB801445955,12968
Department of Health,NHS Bedfordshire CCG,9/30/2018,Clinical&Medical-Commercial Sector,OUT OF HOURS,HERTS URGENT CARE,23778872,"26,847.18 ",210815253,0000004427
Department of Health,NHS Bedfordshire CCG,9/30/2018,Clinical&Medical-Commercial Sector,OUT OF HOURS,HERTS URGENT CARE,23778893,"25,679.92 ",210815253,0000004429
Department of Health,NHS Bedfordshire CCG,9/30/2018,Clinical&Medical-Commercial Sector,OUT OF HOURS,HERTS URGENT CARE,23778901,"99,459.51 ",210815253,0000004432
Department of Health,NHS Bedfordshire CCG,9/30/2018,Clinical&Medical-Commercial Sector,OUT OF HOURS,HERTS URGENT CARE,23778909,"31,516.26 ",210815253,0000004428
Department of Health,NHS Bedfordshire CCG,9/30/2018,Hcare Srv Rec Fdtn Trust-Non Contract,NCAS/OATS,KETTERING GENERAL HOSPITAL NHS FOUNDATION TRUST,23791539,"27,121.00 ",,A0037530
Department of Health,NHS Bedfordshire CCG,9/30/2018,Clinical&Medical-Commercial Sector,MENTAL HEALTH SERVICES - ADULTS,CONSENSUS COMMUNITY SUPPORT LTD,23791595,"41,004.49 ",,58409066TO58409072
Department of Health,NHS Bedfordshire CCG,9/30/2018,Clinical&Medical-Commercial Sector,OUT OF HOURS,HERTS URGENT CARE,23791601,"369,168.66 ",210815253,0000004430
Department of Health,NHS Bedfordshire CCG,9/30/2018,Clinical&Medical-Clinical Other,COMMUNITY SERVICES,OLIVER STREET SURGERY,23791611,"47,366.24 ",,PCH01
Department of Health,NHS Bedfordshire CCG,9/30/2018,Hcare Srv Rec Fdtn Trust-Contract Baseline,COMMUNITY SERVICES,EAST LONDON NHS FOUNDATION TRUST,23791618,"2,538,979.01 ",,10432034
Department of Health,NHS Bedfordshire CCG,9/30/2018,Hcare Srv Rec NHS Trust-Non Contract,PATIENT TRANSPORT,EAST OF ENGLAND AMBULANCE SERVICE NHS TRUST,23791624,"232,269.00 ",,8110661
Department of Health,NHS Bedfordshire CCG,9/30/2018,Hcare Srv Rec Fdtn Trust-Contract Baseline,COMMUNITY SERVICES,CAMBRIDGESHIRE COMMUNITY SERVICES,23791672,"104,708.33 ",654439952,8500034487
Department of Health,NHS Bedfordshire CCG,9/30/2018,Clinical&Medical-Commercial Sector,MENTAL HEALTH SERVICES - ADULTS,ST ANDREWS HEALTHCARE,23791798,"43,500.00 ",120948773,90055690
Department of Health,NHS Bedfordshire CCG,9/30/2018,Charges from CSU,CONTINUING HEALTHCARE ASSESSMENT & SUPPORT,NHS ARDEN AND GEM CSU,23832150,"161,086.00 ",GB526164259,7312607572
Department of Health,NHS Bedfordshire CCG,9/30/2018,Other professional fees,HUMAN RESOURCES,NHS HERTS VALLEYS CCG,23832158,"75,282.00 ",,7021201001
Department of Health,NHS Bedfordshire CCG,9/30/2018,Hcare Srv Rec NHS Trust-Contract Baseline,ACUTE COMMISSIONING,BUCKINGHAMSHIRE HEALTHCARE NHS TRUST,23832177,"559,404.15 ",654 4313 46,B0000543
Department of Health,NHS Bedfordshire CCG,9/30/2018,Clinical&Medical-Commercial Sector,ACUTE COMMISSIONING,BMI HEALTHCARE COLLECTIONS,23832178,"47,204.03 ",,0000096657
Department of Health,NHS Bedfordshire CCG,9/30/2018,Hcare Srv Rec NHS Trust-Contract Baseline,ACUTE COMMISSIONING,WEST HERTFORDSHIRE HOSPITALS NHS TRUST,23832179,"44,828.00 ",,0000255580
Department of Health,NHS Bedfordshire CCG,9/30/2018,Clinical&Medical-Commercial Sector,ACUTE COMMISSIONING,BMI HEALTHCARE COLLECTIONS,23832185,"47,204.03 ",,0000095714
Department of Health,NHS Bedfordshire CCG,9/30/2018,Clinical&Medical-Commercial Sector,ACUTE COMMISSIONING,BMI HEALTHCARE COLLECTIONS,23832186,"47,204.03 ",,0000095712
Department of Health,NHS Bedfordshire CCG,9/30/2018,Clinical&Medical-Commercial Sector,ACUTE COMMISSIONING,BMI HEALTHCARE COLLECTIONS,23832195,"47,204.03 ",,0000095716
Department of Health,NHS Bedfordshire CCG,9/30/2018,Hcare Srv Rec Fdtn Trust-Over/ Under Performance,ACUTE COMMISSIONING,OXFORD UNIVERSITY HOSPITALS NHS FOUNDATION TRUST,23832239,"(49,947.19)",654935407,CRN5345
Department of Health,NHS Bedfordshire CCG,9/30/2018,Hcare Srv Rec Fdtn Trust-Contract Baseline,ACUTE COMMISSIONING,MILTON KEYNES HOSPITAL NHS FOUNDATION TRUST,23832246,"984,704.00 ",,42941808
Department of Health,NHS Bedfordshire CCG,9/30/2018,Hcare Srv Rec Fdtn Trust-Contract Baseline,ACUTE COMMISSIONING,ROYAL PAPWORTH HOSPITAL NHS FOUNDATION TRUST,23832248,"208,781.00 ",,57791344
Department of Health,NHS Bedfordshire CCG,9/30/2018,Hcare Srv Rec NHS Trust-CQUIN,AMBULANCE SERVICES,EAST OF ENGLAND AMBULANCE SERVICE NHS TRUST,23848843,"26,553.00 ",,8110218
Department of Health,NHS Bedfordshire CCG,9/30/2018,Hcare Srv Rec NHS Trust-Contract Baseline,ACUTE COMMISSIONING,EAST AND NORTH HERTFORDSHIRE NHS TRUST,23848857,"2,017,792.74 ",,4156203
Department of Health,NHS Bedfordshire CCG,9/30/2018,Charges from CSU,NON RECURRENT RESERVE,NHS SOUTH CENTRAL AND WEST COMMISSIONING SUPPORT UNIT,23848859,"83,333.00 ",,7312706889
Department of Health,NHS Bedfordshire CCG,9/30/2018,Hcare Srv Rec NHS Trust-Over/ Under Performance,ACUTE COMMISSIONING,BEDFORD HOSPITAL NHS TRUST,23848882,"50,105.00 ",,CR0014197INV
Department of Health,NHS Bedfordshire CCG,9/30/2018,Charges from CSU,NON RECURRENT RESERVE,NHS SOUTH CENTRAL AND WEST COMMISSIONING SUPPORT UNIT,23865060,"93,568.00 ",,7312705327
Department of Health,NHS Bedfordshire CCG,9/30/2018,Hcare Srv Rec Fdtn Trust-Contract Baseline,ACUTE COMMISSIONING,LUTON & DUNSTABLE HOSPITAL NHS FOUNDATION TRUST,23865374,"6,019,731.75 ",654929007,52991485
Department of Health,NHS Bedfordshire CCG,9/30/2018,Clinical&Medical-Commercial Sector,MENTAL HEALTH SERVICES - ADULTS,JEESAL AKMAN CARE CORP LTD,23865664,"25,333.20 ",,4086
Department of Health,NHS Bedfordshire CCG,9/30/2018,Hcare Srv Rec NHS Trust-Contract Baseline,ACUTE COMMISSIONING,BEDFORD HOSPITAL NHS TRUST,23865677,"10,589,398.08 ",,I0166524
Department of Health,NHS Bedfordshire CCG,9/30/2018,Hcare Srv Rec NHS Trust-Non Contract,ACUTE COMMISSIONING,BEDFORD HOSPITAL NHS TRUST,23865684,"565,000.00 ",,I0166546
Department of Health,NHS Bedfordshire CCG,9/30/2018,Hcare Srv Rec NHS Trust-CQUIN,AMBULANCE SERVICES,EAST OF ENGLAND AMBULANCE SERVICE NHS TRUST,23885692,"33,191.00 ",,8110181
Department of Health,NHS Bedfordshire CCG,9/30/2018,Clinical&Medical-Commercial Sector,MENTAL HEALTH SERVICES - ADULTS,CONSENSUS COMMUNITY SUPPORT LTD,23885707,"42,422.97 ",,58408958TO58408964
Department of Health,NHS Bedfordshire CCG,9/30/2018,Hcare Srv Rec NHS Trust-Non Contract,ACUTE COMMISSIONING,BEDFORD HOSPITAL NHS TRUST,23885733,"200,000.00 ",,I0165884
Department of Health,NHS Bedfordshire CCG,9/30/2018,Clinical&Medical-Commercial Sector,ACUTE COMMISSIONING,BMI HEALTHCARE COLLECTIONS,23885754,"53,662.47 ",,0000095788
Department of Health,NHS Bedfordshire CCG,9/30/2018,Clinical&Medical-Commercial Sector,ACUTE COMMISSIONING,PINEHILL HOSPITAL,23885763,"55,174.00 ",GB426505170 1,BEDCCGPINSEPT18
Department of Health,NHS Bedfordshire CCG,9/30/2018,Hcare Srv Rec Fdtn Trust-Over/ Under Performance,ACUTE COMMISSIONING,MILTON KEYNES HOSPITAL NHS FOUNDATION TRUST,23885804,"85,000.00 ",,42941822
Department of Health,NHS Bedfordshire CCG,9/30/2018,Clinical&Medical-Commercial Sector,MENTAL HEALTH SERVICES - ADULTS,CONSENSUS COMMUNITY SUPPORT LTD,23885955,"41,004.50 ",,58408958A
Department of Health,NHS Bedfordshire CCG,9/30/2018,Clinical&Medical-Commercial Sector,MENTAL HEALTH SERVICES - ADULTS,CONSENSUS COMMUNITY SUPPORT LTD,23885961,"(42,422.97)",,58408958D
Department of Health,NHS Bedfordshire CCG,9/30/2018,Clinical&Medical-Othe Public Sector,REABLEMENT,BEDFORD BOROUGH COUNCIL,23905703,"841,984.00 ",,16712960
Department of Health,NHS Bedfordshire CCG,9/30/2018,External Consultancy Fees,NON RECURRENT RESERVE,CLARITY CONSULTING ASSOCIATES LTD,23909792,"38,304.00 ",GB223983788,495
Department of Health,NHS Bedfordshire CCG,9/30/2018,Hcare Srv Rec Fdtn Trust-Contract Baseline,ACUTE COMMISSIONING,GUYS & ST THOMAS HOSPITAL NHS FOUNDATION TRUST,23923974,"82,968.00 ",654923417,3247590
Department of Health,NHS Bedfordshire CCG,9/30/2018,Clinical&Medical-Clinical Other,GP FORWARD VIEW,PRIORY GARDENS MEDICAL PRACTICE,23946152,"59,057.85 ",,PGS961
Department of Health,NHS Bedfordshire CCG,9/30/2018,Rent,CORPORATE COSTS & SERVICES,WREST PARK LTD,23946172,"71,500.80 ",944405721,2406
Department of Health,NHS Bedfordshire CCG,9/30/2018,Cont Care-Physical Disab (65+),CHC ADULT FULLY FUNDED,AIREDALE NURSING HOME LTD,23949926,"43,492.87 ",,SEPT18-004
Department of Health,NHS Bedfordshire CCG,9/30/2018,Cont Care-Learning Disab(<65),CHC ADULT JOINT FUNDED,BEDFORD BOROUGH COUNCIL,23949951,"40,925.18 ",,SEPT18-019
Department of Health,NHS Bedfordshire CCG,9/30/2018,Cont Care-Physical Disab (<65),CHC ADULT FULLY FUNDED,CHRISTCHURCH COURT LTD,23949971,"25,452.00 ",927 5342 13,SEPT18-039
Department of Health,NHS Bedfordshire CCG,9/30/2018,Cont Care-Physical Disab (<65),CHC ADULT FULLY FUNDED,OAKLEAF CARE (HARTWELL) LTD,23949995,"68,631.30 ",,SEPT18-063
Department of Health,NHS Bedfordshire CCG,9/30/2018,Cont Care-Mental Health (65+),CHC ADULT FULLY FUNDED,PJ CARE LTD,23950008,"26,841.46 ",,SEPT18-076
Department of Health,NHS Bedfordshire CCG,9/30/2018,Cont Care-Mental Health (65+),CHC ADULT FULLY FUNDED,CRAEGMOOR POTTON PRIORY,23950014,"37,714.38 ",,SEPT18-082
Department of Health,NHS Bedfordshire CCG,9/30/2018,Clinical&Medical-Commercial Sector,COMMUNITY SERVICES,KNOLLS CARE CENTRE (THE),23968346,"44,321.43 ",927497968,KN009077
Department of Health,NHS Bedfordshire CCG,9/30/2018,Cont Care-Learning Disab(<65),CHC ADULT FULLY FUNDED,ALDERWOOD LLA LTD,24024398,"25,467.04 ",,346000224
Department of Health,NHS Bedfordshire CCG,9/30/2018,C&M-GMS Cost of Drugs -Dispensing,LOCAL ENHANCED SERVICES,ASPLANDS MEDICAL CENTRE,24038081,"(38,859.70)",,BD000024605
Department of Health,NHS Bedfordshire CCG,9/30/2018,C&M-GMS Cost of Drugs -Dispensing,LOCAL ENHANCED SERVICES,ASPLANDS MEDICAL CENTRE,24038083,"71,190.67 ",,BD000024606
Department of Health,NHS Bedfordshire CCG,9/30/2018,C&M-GMS PrscrptnChrgsColl&RmttdbyGP,LOCAL ENHANCED SERVICES,ASPLANDS MEDICAL CENTRE,24038083,"3,071.20 ",,BD000024606
Department of Health,NHS Bedfordshire CCG,9/30/2018,C&M-GMS Cost of Drugs -Dispensing,LOCAL ENHANCED SERVICES,BASSETT ROAD MEDICAL PRACTICE,24038089,"45,101.71 ",,BD000024609
Department of Health,NHS Bedfordshire CCG,9/30/2018,C&M-GMS PrscrptnChrgsColl&RmttdbyGP,LOCAL ENHANCED SERVICES,BASSETT ROAD MEDICAL PRACTICE,24038089,"1,584.00 ",,BD000024609
Department of Health,NHS Bedfordshire CCG,9/30/2018,C&M-GMS Cost of Drugs -Dispensing,LOCAL ENHANCED SERVICES,DE PARYS MEDICAL CENTRE,24038095,"40,447.24 ",879121011,BD000024612
Department of Health,NHS Bedfordshire CCG,9/30/2018,C&M-GMS PrscrptnChrgsColl&RmttdbyGP,LOCAL ENHANCED SERVICES,DE PARYS MEDICAL CENTRE,24038095,"1,874.40 ",879121011,BD000024612
Department of Health,NHS Bedfordshire CCG,9/30/2018,C&M-GMS Cost of Drugs -Dispensing,LOCAL ENHANCED SERVICES,DR COLLINS & CARRAGHER,24038100,"46,420.04 ",,BD000024615
Department of Health,NHS Bedfordshire CCG,9/30/2018,C&M-GMS PrscrptnChrgsColl&RmttdbyGP,LOCAL ENHANCED SERVICES,DR COLLINS & CARRAGHER,24038100,"1,909.60 ",,BD000024615
Department of Health,NHS Bedfordshire CCG,9/30/2018,C&M-GMS Cost of Drugs -Dispensing,LOCAL ENHANCED SERVICES,DR ME GLAZE & PARTNERS,24038102,"(35,988.38)",,BD000024616
Department of Health,NHS Bedfordshire CCG,9/30/2018,C&M-GMS Cost of Drugs -Dispensing,LOCAL ENHANCED SERVICES,DR ME GLAZE & PARTNERS,24038103,"72,434.28 ",,BD000024617
Department of Health,NHS Bedfordshire CCG,9/30/2018,C&M-GMS PrscrptnChrgsColl&RmttdbyGP,LOCAL ENHANCED SERVICES,DR ME GLAZE & PARTNERS,24038103,"2,420.00 ",,BD000024617
Department of Health,NHS Bedfordshire CCG,9/30/2018,C&M-GMS Cost of Drugs -Dispensing,LOCAL ENHANCED SERVICES,DR KM HEDGES & PARTNERS,24038105,"(33,582.83)",,BD000024618
Department of Health,NHS Bedfordshire CCG,9/30/2018,C&M-GMS Cost of Drugs -Dispensing,LOCAL ENHANCED SERVICES,DR KM HEDGES & PARTNERS,24038107,"71,467.66 ",,BD000024619
Department of Health,NHS Bedfordshire CCG,9/30/2018,C&M-GMS PrscrptnChrgsColl&RmttdbyGP,LOCAL ENHANCED SERVICES,DR KM HEDGES & PARTNERS,24038107,"1,997.60 ",,BD000024619
Department of Health,NHS Bedfordshire CCG,9/30/2018,C&M-GMS Cost of Drugs -Dispensing,LOCAL ENHANCED SERVICES,FLITWICK SURGERY,24038118,"34,219.97 ",,BD000024624
Department of Health,NHS Bedfordshire CCG,9/30/2018,C&M-GMS PrscrptnChrgsColl&RmttdbyGP,LOCAL ENHANCED SERVICES,FLITWICK SURGERY,24038118,862.40 ,,BD000024624
Department of Health,NHS Bedfordshire CCG,9/30/2018,C&M-GMS Cost of Drugs -Dispensing,LOCAL ENHANCED SERVICES,GT BARFORD SURGERY,24038119,"(37,562.08)",,BD000024625
Department of Health,NHS Bedfordshire CCG,9/30/2018,C&M-GMS Cost of Drugs -Dispensing,LOCAL ENHANCED SERVICES,GT BARFORD SURGERY,24038121,"49,539.85 ",,BD000024626
Department of Health,NHS Bedfordshire CCG,9/30/2018,C&M-GMS PrscrptnChrgsColl&RmttdbyGP,LOCAL ENHANCED SERVICES,GT BARFORD SURGERY,24038121,"3,476.00 ",,BD000024626
Department of Health,NHS Bedfordshire CCG,9/30/2018,C&M-GMS Cost of Drugs -Dispensing,LOCAL ENHANCED SERVICES,HARROLD MEDICAL PRACTICE,24038123,"(49,812.58)",,BD000024627
Department of Health,NHS Bedfordshire CCG,9/30/2018,C&M-GMS Cost of Drugs -Dispensing,LOCAL ENHANCED SERVICES,HARROLD MEDICAL PRACTICE,24038124,"99,272.62 ",,BD000024628
Department of Health,NHS Bedfordshire CCG,9/30/2018,C&M-GMS PrscrptnChrgsColl&RmttdbyGP,LOCAL ENHANCED SERVICES,HARROLD MEDICAL PRACTICE,24038124,"4,584.80 ",,BD000024628
Department of Health,NHS Bedfordshire CCG,9/30/2018,C&M-GMS Cost of Drugs -Dispensing,LOCAL ENHANCED SERVICES,GREENSANDS MEDICAL PRACTICE,24038126,"(25,488.00)",,BD000024629
Department of Health,NHS Bedfordshire CCG,9/30/2018,C&M-GMS Cost of Drugs -Dispensing,LOCAL ENHANCED SERVICES,GREENSANDS MEDICAL PRACTICE,24038128,"50,968.20 ",,BD000024630
Department of Health,NHS Bedfordshire CCG,9/30/2018,C&M-GMS PrscrptnChrgsColl&RmttdbyGP,LOCAL ENHANCED SERVICES,GREENSANDS MEDICAL PRACTICE,24038128,"1,812.80 ",,BD000024630
Department of Health,NHS Bedfordshire CCG,9/30/2018,C&M-GMS Cost of Drugs -Dispensing,LOCAL ENHANCED SERVICES,HOUGHTON CLOSE SURGERY,24038140,"(26,368.52)",,BD000024637
Department of Health,NHS Bedfordshire CCG,9/30/2018,C&M-GMS Cost of Drugs -Dispensing,LOCAL ENHANCED SERVICES,HOUGHTON CLOSE SURGERY,24038141,"55,249.13 ",,BD000024638
Department of Health,NHS Bedfordshire CCG,9/30/2018,C&M-GMS PrscrptnChrgsColl&RmttdbyGP,LOCAL ENHANCED SERVICES,HOUGHTON CLOSE SURGERY,24038141,"2,464.00 ",,BD000024638
Department of Health,NHS Bedfordshire CCG,9/30/2018,C&M-GMS Cost of Drugs -Dispensing,LOCAL ENHANCED SERVICES,LARKSFIELD SURGERY,24038145,"24,989.73 ",,BD000024641
Department of Health,NHS Bedfordshire CCG,9/30/2018,C&M-GMS PrscrptnChrgsColl&RmttdbyGP,LOCAL ENHANCED SERVICES,LARKSFIELD SURGERY,24038145,"1,223.20 ",,BD000024641
Department of Health,NHS Bedfordshire CCG,9/30/2018,C&M-GMS Cost of Drugs -Dispensing,LOCAL ENHANCED SERVICES,LEIGHTON ROAD MEDICAL PRACTICE,24038153,"40,007.39 ",876658852,BD000024647
Department of Health,NHS Bedfordshire CCG,9/30/2018,C&M-GMS PrscrptnChrgsColl&RmttdbyGP,LOCAL ENHANCED SERVICES,LEIGHTON ROAD MEDICAL PRACTICE,24038153,"2,120.80 ",876658852,BD000024647
Department of Health,NHS Bedfordshire CCG,9/30/2018,Hcare Srv Rec NHS Trust-Over/ Under Performance,ACUTE COMMISSIONING,WEST HERTFORDSHIRE HOSPITALS NHS TRUST,24040803,"28,588.00 ",,0000255273
Department of Health,NHS Bedfordshire CCG,9/30/2018,Clinical&Medical-Commercial Sector,HOSPICES,SUE RYDER FOUNDATION,24066840,"(47,695.00)",GB927507902,2213
Department of Health,NHS Bedfordshire CCG,9/30/2018,Hcare Srv Rec NHS Trust-Non Contract,ACUTE COMMISSIONING,BEDFORD HOSPITAL NHS TRUST,24066872,"200,000.00 ",,I0166547
Department of Health,NHS Bedfordshire CCG,9/30/2018,Hcare Srv Rec NHS Trust-Non Contract,ACUTE COMMISSIONING,BEDFORD HOSPITAL NHS TRUST,24066908,"565,000.00 ",,I0166546A
Department of Health,NHS Bedfordshire CCG,9/30/2018,Hcare Srv Rec NHS Trust-Non Contract,ACUTE COMMISSIONING,BEDFORD HOSPITAL NHS TRUST,24066909,"(565,000.00)",,CR0014198
Department of Health,NHS Bedfordshire CCG,9/30/2018,Clinical&Medical-Commercial Sector,HOSPICES,GARDEN HOUSE HOSPICE,24066913,"26,539.85 ",,919
Department of Health,NHS Bedfordshire CCG,9/30/2018,Clinical&Medical-Commercial Sector,OUT OF HOURS,HERTS URGENT CARE,24066943,"99,459.51 ",210815253,0000004449
Department of Health,NHS Bedfordshire CCG,9/30/2018,Clinical&Medical-Commercial Sector,ACUTE COMMISSIONING,CIRCLE CLINICAL SERVICES LTD,24084738,"2,835,159.00 ",,371
Department of Health,NHS Bedfordshire CCG,9/30/2018,Hcare Srv Rec Fdtn Trust-Contract Baseline,ACUTE COMMISSIONING,ROYAL FREE LONDON NHS FOUNDATION TRUST,24084784,"175,044.00 ",654946987,I0164367
Department of Health,NHS Bedfordshire CCG,9/30/2018,Hcare Srv Rec Fdtn Trust-Contract Baseline,ACUTE COMMISSIONING,OXFORD UNIVERSITY HOSPITALS NHS FOUNDATION TRUST,24084791,"149,224.00 ",654935407,8287215
Department of Health,NHS Bedfordshire CCG,9/30/2018,Hcare Srv Rec Fdtn Trust-Contract Baseline,ACUTE COMMISSIONING,MOORFIELDS EYE HOSPITAL NHS FOUNDATION TRUST,24084818,"72,929.00 ",,IC0035324
Department of Health,NHS Bedfordshire CCG,9/30/2018,Hcare Srv Rec NHS Trust-Contract Baseline,ACUTE COMMISSIONING,LONDON NORTH WEST HEALTHCARE NHS TRUST,24084823,"71,906.00 ",654463720,A0047854
Department of Health,NHS Bedfordshire CCG,9/30/2018,Hcare Srv Rec Fdtn Trust-Contract Baseline,ACUTE COMMISSIONING,UNIVERSITY COLLEGE LONDON HOSPITALS NHS FOUNDATION TRUST,24084841,"200,875.00 ",654948687,SLA4175
Department of Health,NHS Bedfordshire CCG,9/30/2018,Hcare Srv Rec Fdtn Trust-Contract Baseline,ACUTE COMMISSIONING,ROYAL BROMPTON & HAREFIELD NHS FOUNDATION TRUST,24084884,"74,897.32 ",,S004561
Department of Health,NHS Bedfordshire CCG,9/30/2018,Hcare Srv Rec NHS Trust-Contract Baseline,ACUTE COMMISSIONING,NORTHAMPTON GENERAL HOSPITAL NHS TRUST,24084963,"59,749.00 ",,N0000706
