NHS Bedfordshire CCG - Expenditure Over Threshold �25k,,,,,,,,Reporting Month 9,2018/19
,,,,,,,,,
Department family,Entity,Date,Expense Type,Expense area,Supplier,Transaction number,AP Amount (�),VAT registration number,Purchase invoice number
Department of Health,NHS Bedfordshire CCG,12/31/2018,Hcare Srv Rec NHS Trust-Contract Baseline,ACUTE COMMISSIONING,IMPERIAL COLLEGE HEALTHCARE NHS TRUST,24992255,"45,751.12 ",654945990,H0164126
Department of Health,NHS Bedfordshire CCG,12/31/2018,Cont Care-Physical Disab (<65),CHC ADULT FULLY FUNDED,TOTAL COMMUNITY CARE LTD,24992267,"27,521.00 ",,24025
Department of Health,NHS Bedfordshire CCG,12/31/2018,Hcare Srv Rec NHS Trust-Non Contract,ACUTE COMMISSIONING,BEDFORD HOSPITAL NHS TRUST,24992280,"34,896.00 ",654912424,I0165808
Department of Health,NHS Bedfordshire CCG,12/31/2018,Clinical&Medical-Othe Public Sector,COMMUNITY SERVICES,CENTRAL BEDFORDSHIRE COUNCIL,24992315,"441,088.80 ",,7010328600
Department of Health,NHS Bedfordshire CCG,12/31/2018,Hcare Srv Rec NHS Trust-Contract Baseline,ACUTE COMMISSIONING,IMPERIAL COLLEGE HEALTHCARE NHS TRUST,24992359,"31,708.00 ",654945990,H0167151
Department of Health,NHS Bedfordshire CCG,12/31/2018,Hcare Srv Rec Fdtn Trust-Contract Baseline,ACUTE COMMISSIONING,NORTH WEST ANGLIA NHS FOUNDATION TRUST,24992366,"78,551.63 ",GB654936110,17443660
Department of Health,NHS Bedfordshire CCG,12/31/2018,Hcare Srv Rec NHS Trust-Contract Baseline,ACUTE COMMISSIONING,ROYAL NATIONAL ORTHOPAEDIC HOSPITAL NHS TRUST,24992367,"126,718.00 ",654947494,B0038619
Department of Health,NHS Bedfordshire CCG,12/31/2018,Hcare Srv Rec Fdtn Trust-Over/ Under Performance,ACUTE COMMISSIONING,OXFORD UNIVERSITY HOSPITALS NHS FOUNDATION TRUST,24992381,"(33,609.82)",654935407,CRN5413
Department of Health,NHS Bedfordshire CCG,12/31/2018,Clinical&Medical-Clinical Other,COMMUNITY SERVICES,DR KEDWARD & PARTNERS,25003983,"(45,113.36)",,PCHESBK201801CR
Department of Health,NHS Bedfordshire CCG,12/31/2018,Non-NHS trade Payables <1Yr,BALANCE SHEET,NHS SUPPLY CHAIN,25006293,"27,171.86 ",,1019160896
Department of Health,NHS Bedfordshire CCG,12/31/2018,Hcare Srv Rec NHS Trust-Contract Baseline,ACUTE COMMISSIONING,BUCKINGHAMSHIRE HEALTHCARE NHS TRUST,25006306,"559,404.15 ",654 4313 46,B0000624
Department of Health,NHS Bedfordshire CCG,12/31/2018,Hcare Srv Rec Fdtn Trust-Contract Baseline,ACUTE COMMISSIONING,LUTON & DUNSTABLE HOSPITAL NHS FOUNDATION TRUST,25006527,"6,019,731.75 ",654929007,52993208
Department of Health,NHS Bedfordshire CCG,12/31/2018,Hcare Srv Rec Fdtn Trust-Over/ Under Performance,ACUTE COMMISSIONING,ROYAL BROMPTON & HAREFIELD NHS FOUNDATION TRUST,25044262,"118,403.71 ",654968091,S005001
Department of Health,NHS Bedfordshire CCG,12/31/2018,Hcare Srv Rec Fdtn Trust-Over/ Under Performance,ACUTE COMMISSIONING,ROYAL PAPWORTH HOSPITAL NHS FOUNDATION TRUST,25067093,"(71,304.64)",GB654935994,57793408
Department of Health,NHS Bedfordshire CCG,12/31/2018,Clinical&Medical-Commercial Sector,MENTAL HEALTH SERVICES - ADULTS,JEESAL AKMAN CARE CORP LTD,25079738,"25,333.20 ",,4214
Department of Health,NHS Bedfordshire CCG,12/31/2018,Clinical&Medical-Commercial Sector,HOSPICES,SUE RYDER CARE,25079763,"43,668.16 ",GB 927 5079 02,22078
Department of Health,NHS Bedfordshire CCG,12/31/2018,Clinical&Medical-Commercial Sector,MENTAL HEALTH SERVICES - ADULTS,ST ANDREWS HEALTHCARE,25079970,"44,950.00 ",120948773,90059933
Department of Health,NHS Bedfordshire CCG,12/31/2018,Hcare Srv Rec NHS Trust-Over/ Under Performance,ACUTE COMMISSIONING,ROYAL NATIONAL ORTHOPAEDIC HOSPITAL NHS TRUST,25080166,"(36,486.00)",654947494,B0038775
Department of Health,NHS Bedfordshire CCG,12/31/2018,Hcare Srv Rec Fdtn Trust-Contract Baseline,ACUTE COMMISSIONING,MILTON KEYNES HOSPITAL NHS FOUNDATION TRUST,25130611,"984,704.00 ",654930618,42943084
Department of Health,NHS Bedfordshire CCG,12/31/2018,Cont Care-Learning Disab(<65),CHC ADULT JOINT FUNDED,BEDFORD BOROUGH COUNCIL,25138208,"34,258.63 ",,DEC18-019
Department of Health,NHS Bedfordshire CCG,12/31/2018,Cont Care-Physical Disab (<65),CHC ADULT FULLY FUNDED,OAKLEAF CARE (HARTWELL) LTD,25138256,"70,919.01 ",,DEC18-062
Department of Health,NHS Bedfordshire CCG,12/31/2018,Cont Care-Mental Health (65+),CHC ADULT FULLY FUNDED,PJ CARE LTD,25138273,"27,736.19 ",927379387,DEC18-073
Department of Health,NHS Bedfordshire CCG,12/31/2018,Cont Care-Funded Nursing Care Allow,FUNDED NURSING CARE,ROSEBERRY CARE CENTRES,25138302,"26,819.36 ",,DEC18-087
Department of Health,NHS Bedfordshire CCG,12/31/2018,Clinical&Medical-Commercial Sector,MENTAL HEALTH SERVICES - ADULTS,CONSENSUS COMMUNITY SUPPORT LTD,25161202,"35,861.62 ",,58409323TO58409329
Department of Health,NHS Bedfordshire CCG,12/31/2018,Clinical&Medical-Commercial Sector,OUT OF HOURS,HERTS URGENT CARE,25161349,"354,746.89 ",210815253,0000004563
Department of Health,NHS Bedfordshire CCG,12/31/2018,Clinical&Medical-Commercial Sector,OUT OF HOURS,HERTS URGENT CARE,25161359,"94,901.07 ",210815253,0000004562
Department of Health,NHS Bedfordshire CCG,12/31/2018,Clinical&Medical-Commercial Sector,MENTAL HEALTH SERVICES - ADULTS,CONSENSUS COMMUNITY SUPPORT LTD,25161364,"31,110.30 ",,58409432TO58409436
Department of Health,NHS Bedfordshire CCG,12/31/2018,Hcare Srv Rec Fdtn Trust-Non Contract,ACUTE COMMISSIONING,MILTON KEYNES HOSPITAL NHS FOUNDATION TRUST,25161467,"85,000.00 ",654930618,42943098
Department of Health,NHS Bedfordshire CCG,12/31/2018,Clinical&Medical-Independent Sector,COMMUNITY SERVICES,BPAS,25161571,"108,000.00 ",855924881,39418
Department of Health,NHS Bedfordshire CCG,12/31/2018,Hcare Srv Rec Fdtn Trust-Contract Baseline,COMMUNITY SERVICES,EAST LONDON NHS FOUNDATION TRUST,25161591,"89,581.54 ",654975390,10433059
Department of Health,NHS Bedfordshire CCG,12/31/2018,Hcare Srv Rec Fdtn Trust-Contract Baseline,COMMUNITY SERVICES,CAMBRIDGESHIRE COMMUNITY SERVICES,25161609,"104,708.33 ",654439952,8500035261
Department of Health,NHS Bedfordshire CCG,12/31/2018,Hcare Srv Rec NHS Trust-Contract Baseline,ACUTE COMMISSIONING,WEST HERTFORDSHIRE HOSPITALS NHS TRUST,25161627,"(160,224.00)",654974002,0000025525
Department of Health,NHS Bedfordshire CCG,12/31/2018,Clinical&Medical-Commercial Sector,MENTAL HEALTH SERVICES - ADULTS,JEESAL AKMAN CARE CORP LTD,25161709,"26,177.64 ",,4283
Department of Health,NHS Bedfordshire CCG,12/31/2018,Hcare Srv Rec NHS Trust-Non Contract,NCAS/OATS,BARTS HEALTH NHS TRUST,25172753,"46,400.66 ",654947005,314226
Department of Health,NHS Bedfordshire CCG,12/31/2018,Hcare Srv Rec Fdtn Trust-Over/ Under Performance,ACUTE COMMISSIONING,UNIVERSITY COLLEGE LONDON HOSPITALS NHS FOUNDATION TRUST,25172799,"250,916.00 ",654948687,PERA1526
Department of Health,NHS Bedfordshire CCG,12/31/2018,Hlthcre-Foundation Trsts,MENTAL HEALTH CONTRACTS,EAST LONDON NHS FOUNDATION TRUST,25172889,"4,172,659.32 ",654975390,10433009
Department of Health,NHS Bedfordshire CCG,12/31/2018,Hcare Srv Rec Fdtn Trust-Contract Baseline,COMMUNITY SERVICES,EAST LONDON NHS FOUNDATION TRUST,25172894,"2,538,979.01 ",654975390,10433015
Department of Health,NHS Bedfordshire CCG,12/31/2018,Hcare Srv Rec NHS Trust-Contract Baseline,ACUTE COMMISSIONING,EAST AND NORTH HERTFORDSHIRE NHS TRUST,25172899,"2,017,792.74 ",654973984,4158806
Department of Health,NHS Bedfordshire CCG,12/31/2018,Contract & Agency-Agency Int Mgr,NON RECURRENT RESERVE,AH ANALYSIS LTD,25172931,"50,490.00 ",,AHA1
Department of Health,NHS Bedfordshire CCG,12/31/2018,Hcare Srv Rec NHS Trust-Non Contract,NCAS/OATS,BARTS HEALTH NHS TRUST,25173136,"(39,409.18)",654947005,331800
Department of Health,NHS Bedfordshire CCG,12/31/2018,Computer Hardware Purch,FINANCE,ITS DIGITAL,25179968,"28,310.33 ",GB801445955,13202
Department of Health,NHS Bedfordshire CCG,12/31/2018,Computer Maintenance,PRIMARY CARE IT,ITS DIGITAL,25179973,"87,721.32 ",GB801445955,13654
Department of Health,NHS Bedfordshire CCG,12/31/2018,Computer Maintenance,PRIMARY CARE IT,ITS DIGITAL,25179974,"31,912.51 ",GB801445955,13656
Department of Health,NHS Bedfordshire CCG,12/31/2018,Computer Hardware Purch,FINANCE,ITS DIGITAL,25179975,"23,785.24 ",GB801445955,13655
Department of Health,NHS Bedfordshire CCG,12/31/2018,Computer Software/License,FINANCE,ITS DIGITAL,25179975,"3,053.75 ",GB801445955,13655
Department of Health,NHS Bedfordshire CCG,12/31/2018,Hcare Srv Rec NHS Trust-Non Contract,NCAS/OATS,BARTS HEALTH NHS TRUST,25193773,"39,409.18 ",654947005,329818
Department of Health,NHS Bedfordshire CCG,12/31/2018,Hcare Srv Rec Fdtn Trust-Over/ Under Performance,ACUTE COMMISSIONING,ROYAL FREE LONDON NHS FOUNDATION TRUST,25193795,"58,055.00 ",654946987,I0160775
Department of Health,NHS Bedfordshire CCG,12/31/2018,Hcare Srv Rec Fdtn Trust-Over/ Under Performance,ACUTE COMMISSIONING,ROYAL PAPWORTH HOSPITAL NHS FOUNDATION TRUST,25193806,"(128,885.05)",GB654935994,57789628
Department of Health,NHS Bedfordshire CCG,12/31/2018,Hcare Srv Rec Fdtn Trust-Contract Baseline,ACUTE COMMISSIONING,MILTON KEYNES HOSPITAL NHS FOUNDATION TRUST,25193810,"217,507.00 ",654930618,42941087
Department of Health,NHS Bedfordshire CCG,12/31/2018,Hcare Srv Rec NHS Trust-Over/ Under Performance,ACUTE COMMISSIONING,WEST HERTFORDSHIRE HOSPITALS NHS TRUST,25193867,"56,395.00 ",654974002,0000256834
Department of Health,NHS Bedfordshire CCG,12/31/2018,Hcare Srv Rec NHS Trust,AMBULANCE SERVICES,EAST OF ENGLAND AMBULANCE SERVICE NHS TRUST,25193957,"1,139,287.72 ",654919501,8111940
Department of Health,NHS Bedfordshire CCG,12/31/2018,Hcare Srv Rec NHS Trust-Contract Baseline,PATIENT TRANSPORT,EAST OF ENGLAND AMBULANCE SERVICE NHS TRUST,25193960,"232,269.00 ",654919501,8111961
Department of Health,NHS Bedfordshire CCG,12/31/2018,Hcare Srv Rec Fdtn Trust-Contract Baseline,ACUTE COMMISSIONING,ROYAL PAPWORTH HOSPITAL NHS FOUNDATION TRUST,25194108,"208,808.00 ",GB654935994,57793553
Department of Health,NHS Bedfordshire CCG,12/31/2018,Hcare Srv Rec NHS Trust-Over/ Under Performance,ACUTE COMMISSIONING,BEDFORD HOSPITAL NHS TRUST,25194123,"715,760.00 ",654912424,I0168539
Department of Health,NHS Bedfordshire CCG,12/31/2018,Hcare Srv Rec NHS Trust-Over/ Under Performance,ACUTE COMMISSIONING,BEDFORD HOSPITAL NHS TRUST,25194125,"399,859.00 ",654912424,I0168540
Department of Health,NHS Bedfordshire CCG,12/31/2018,Clinical&Medical-Commercial Sector,COMMUNITY SERVICES,KNOLLS CARE CENTRE (THE),25194127,"44,321.43 ",927497968,KN009198
Department of Health,NHS Bedfordshire CCG,12/31/2018,Apprenticeship Levy Payable,BALANCE SHEET,HMRC,25206141,"2,102.00 ",,120PA005685011908
Department of Health,NHS Bedfordshire CCG,12/31/2018,Income tax <1Yr,BALANCE SHEET,HMRC,25206141,"107,858.96 ",,120PA005685011908
Department of Health,NHS Bedfordshire CCG,12/31/2018,Income tax <1Yr-Student Loans,BALANCE SHEET,HMRC,25206141,874.00 ,,120PA005685011908
Department of Health,NHS Bedfordshire CCG,12/31/2018,National Insurance < 1 yr-NI- ERS,BALANCE SHEET,HMRC,25206141,"73,097.86 ",,120PA005685011908
Department of Health,NHS Bedfordshire CCG,12/31/2018,National Insurance < 1 yr-NI-EES,BALANCE SHEET,HMRC,25206141,"50,725.93 ",,120PA005685011908
Department of Health,NHS Bedfordshire CCG,12/31/2018,Statutory Mat Pay < 1 yr,BALANCE SHEET,HMRC,25206141,"(4,302.76)",,120PA005685011908
Department of Health,NHS Bedfordshire CCG,12/31/2018,Hcare Srv Rec Fdtn Trust-Contract Baseline,ACUTE COMMISSIONING,ROYAL BROMPTON & HAREFIELD NHS FOUNDATION TRUST,25242396,"74,897.32 ",654968091,S0000007
Department of Health,NHS Bedfordshire CCG,12/31/2018,Training Expenses,COMMISSIONING SCHEMES,BEDFORD HOSPITAL NHS TRUST,25272311,"136,700.00 ",654912424,I0167197
Department of Health,NHS Bedfordshire CCG,12/31/2018,Training Expenses,COMMISSIONING SCHEMES,NHS ARDEN AND GEM CSU,25272313,"79,476.93 ",GB526164259,7312612445
Department of Health,NHS Bedfordshire CCG,12/31/2018,Cont Care-Learning Disab(<65),CHC ADULT FULLY FUNDED,ALDERWOOD LLA LTD,25272320,"26,315.94 ",,346000253
Department of Health,NHS Bedfordshire CCG,12/31/2018,Hcare Srv Rec NHS Trust-Non Contract,ACUTE COMMISSIONING,BEDFORD HOSPITAL NHS TRUST,25272327,"200,000.00 ",654912424,I0168581
Department of Health,NHS Bedfordshire CCG,12/31/2018,Clinical&Medical-Othe Public Sector,CARERS,CENTRAL BEDFORDSHIRE COUNCIL,25291996,"30,332.82 ",,7010329084
Department of Health,NHS Bedfordshire CCG,12/31/2018,Continuing Care- Equipment,CHC ADULT FULLY FUNDED,CENTRAL BEDFORDSHIRE COUNCIL,25292000,"33,269.70 ",,7010329237
Department of Health,NHS Bedfordshire CCG,12/31/2018,Clinical&Medical-Clinical Other,GP FORWARD VIEW,BEDFORD ON CALL,25328046,"139,432.87 ",,BED398
Department of Health,NHS Bedfordshire CCG,12/31/2018,Clinical&Medical-Commercial Sector,MENTAL HEALTH SERVICES - ADULTS,PRECIOUS HOMES LTD,25328284,"(26,037.17)",,CNDYE0000199
Department of Health,NHS Bedfordshire CCG,12/31/2018,C&M-GMS Cost of Drugs -Dispensing,LOCAL ENHANCED SERVICES,ASPLANDS MEDICAL CENTRE,25346984,"(41,999.16)",,BD000025562
Department of Health,NHS Bedfordshire CCG,12/31/2018,C&M-GMS Cost of Drugs -Dispensing,LOCAL ENHANCED SERVICES,ASPLANDS MEDICAL CENTRE,25346985,"97,740.57 ",,BD000025563
Department of Health,NHS Bedfordshire CCG,12/31/2018,C&M-GMS PrscrptnChrgsColl&RmttdbyGP,LOCAL ENHANCED SERVICES,ASPLANDS MEDICAL CENTRE,25346985,"2,939.20 ",,BD000025563
Department of Health,NHS Bedfordshire CCG,12/31/2018,C&M-GMS Cost of Drugs -Dispensing,LOCAL ENHANCED SERVICES,BASSETT ROAD MEDICAL PRACTICE,25346987,"(25,413.30)",,BD000025565
Department of Health,NHS Bedfordshire CCG,12/31/2018,C&M-GMS Cost of Drugs -Dispensing,LOCAL ENHANCED SERVICES,BASSETT ROAD MEDICAL PRACTICE,25346988,"47,839.10 ",,BD000025566
Department of Health,NHS Bedfordshire CCG,12/31/2018,C&M-GMS PrscrptnChrgsColl&RmttdbyGP,LOCAL ENHANCED SERVICES,BASSETT ROAD MEDICAL PRACTICE,25346988,"1,830.40 ",,BD000025566
Department of Health,NHS Bedfordshire CCG,12/31/2018,C&M-GMS Cost of Drugs -Dispensing,LOCAL ENHANCED SERVICES,DR COLLINS & CARRAGHER,25346990,"(25,875.96)",,BD000025569
Department of Health,NHS Bedfordshire CCG,12/31/2018,C&M-GMS Cost of Drugs -Dispensing,LOCAL ENHANCED SERVICES,DR COLLINS & CARRAGHER,25346991,"45,204.72 ",,BD000025570
Department of Health,NHS Bedfordshire CCG,12/31/2018,C&M-GMS PrscrptnChrgsColl&RmttdbyGP,LOCAL ENHANCED SERVICES,DR COLLINS & CARRAGHER,25346991,"1,443.20 ",,BD000025570
Department of Health,NHS Bedfordshire CCG,12/31/2018,C&M-GMS Cost of Drugs -Dispensing,LOCAL ENHANCED SERVICES,DR ME GLAZE & PARTNERS,25346992,"(48,969.36)",,BD000025571
Department of Health,NHS Bedfordshire CCG,12/31/2018,C&M-GMS Cost of Drugs -Dispensing,LOCAL ENHANCED SERVICES,DR ME GLAZE & PARTNERS,25346993,"90,367.72 ",,BD000025572
Department of Health,NHS Bedfordshire CCG,12/31/2018,C&M-GMS PrscrptnChrgsColl&RmttdbyGP,LOCAL ENHANCED SERVICES,DR ME GLAZE & PARTNERS,25346993,"2,235.20 ",,BD000025572
Department of Health,NHS Bedfordshire CCG,12/31/2018,C&M-GMS Cost of Drugs -Dispensing,LOCAL ENHANCED SERVICES,DR KM HEDGES & PARTNERS,25346994,"(38,214.45)",,BD000025573
Department of Health,NHS Bedfordshire CCG,12/31/2018,C&M-GMS Cost of Drugs -Dispensing,LOCAL ENHANCED SERVICES,DR KM HEDGES & PARTNERS,25346995,"79,038.99 ",,BD000025574
Department of Health,NHS Bedfordshire CCG,12/31/2018,C&M-GMS PrscrptnChrgsColl&RmttdbyGP,LOCAL ENHANCED SERVICES,DR KM HEDGES & PARTNERS,25346995,"1,707.20 ",,BD000025574
Department of Health,NHS Bedfordshire CCG,12/31/2018,C&M-GMS Cost of Drugs -Dispensing,LOCAL ENHANCED SERVICES,FLITWICK SURGERY,25347001,"49,441.46 ",,BD000025580
Department of Health,NHS Bedfordshire CCG,12/31/2018,C&M-GMS PrscrptnChrgsColl&RmttdbyGP,LOCAL ENHANCED SERVICES,FLITWICK SURGERY,25347001,968.00 ,,BD000025580
Department of Health,NHS Bedfordshire CCG,12/31/2018,C&M-GMS Cost of Drugs -Dispensing,LOCAL ENHANCED SERVICES,GT BARFORD SURGERY,25347002,"(28,901.98)",,BD000025581
Department of Health,NHS Bedfordshire CCG,12/31/2018,C&M-GMS Cost of Drugs -Dispensing,LOCAL ENHANCED SERVICES,GT BARFORD SURGERY,25347003,"75,709.22 ",,BD000025582
Department of Health,NHS Bedfordshire CCG,12/31/2018,C&M-GMS PrscrptnChrgsColl&RmttdbyGP,LOCAL ENHANCED SERVICES,GT BARFORD SURGERY,25347003,"2,578.40 ",,BD000025582
Department of Health,NHS Bedfordshire CCG,12/31/2018,C&M-GMS Cost of Drugs -Dispensing,LOCAL ENHANCED SERVICES,HARROLD MEDICAL PRACTICE,25347004,"(58,611.84)",,BD000025583
Department of Health,NHS Bedfordshire CCG,12/31/2018,C&M-GMS Cost of Drugs -Dispensing,LOCAL ENHANCED SERVICES,HARROLD MEDICAL PRACTICE,25347005,"111,640.40 ",,BD000025584
Department of Health,NHS Bedfordshire CCG,12/31/2018,C&M-GMS PrscrptnChrgsColl&RmttdbyGP,LOCAL ENHANCED SERVICES,HARROLD MEDICAL PRACTICE,25347005,"4,188.80 ",,BD000025584
Department of Health,NHS Bedfordshire CCG,12/31/2018,C&M-GMS Cost of Drugs -Dispensing,LOCAL ENHANCED SERVICES,GREENSANDS MEDICAL PRACTICE,25347006,"(32,084.60)",,BD000025585
Department of Health,NHS Bedfordshire CCG,12/31/2018,C&M-GMS Cost of Drugs -Dispensing,LOCAL ENHANCED SERVICES,GREENSANDS MEDICAL PRACTICE,25347007,"66,780.23 ",,BD000025586
Department of Health,NHS Bedfordshire CCG,12/31/2018,C&M-GMS PrscrptnChrgsColl&RmttdbyGP,LOCAL ENHANCED SERVICES,GREENSANDS MEDICAL PRACTICE,25347007,"2,085.60 ",,BD000025586
Department of Health,NHS Bedfordshire CCG,12/31/2018,C&M-GMS Cost of Drugs -Dispensing,LOCAL ENHANCED SERVICES,HEALTH CENTRE BIGGLESWADE,25347010,"42,002.07 ",,BD000025589
Department of Health,NHS Bedfordshire CCG,12/31/2018,C&M-GMS PrscrptnChrgsColl&RmttdbyGP,LOCAL ENHANCED SERVICES,HEALTH CENTRE BIGGLESWADE,25347010,668.80 ,,BD000025589
Department of Health,NHS Bedfordshire CCG,12/31/2018,C&M-GMS Cost of Drugs -Dispensing,LOCAL ENHANCED SERVICES,IVEL MEDICAL CENTRE,25347013,"35,979.52 ",879099943,BD000025592
Department of Health,NHS Bedfordshire CCG,12/31/2018,C&M-GMS PrscrptnChrgsColl&RmttdbyGP,LOCAL ENHANCED SERVICES,IVEL MEDICAL CENTRE,25347013,325.60 ,879099943,BD000025592
Department of Health,NHS Bedfordshire CCG,12/31/2018,C&M-GMS Cost of Drugs -Dispensing,LOCAL ENHANCED SERVICES,HOUGHTON CLOSE SURGERY,25347014,"(33,404.60)",,BD000025593
Department of Health,NHS Bedfordshire CCG,12/31/2018,C&M-GMS Cost of Drugs -Dispensing,LOCAL ENHANCED SERVICES,HOUGHTON CLOSE SURGERY,25347015,"71,908.42 ",,BD000025594
Department of Health,NHS Bedfordshire CCG,12/31/2018,C&M-GMS PrscrptnChrgsColl&RmttdbyGP,LOCAL ENHANCED SERVICES,HOUGHTON CLOSE SURGERY,25347015,"2,332.00 ",,BD000025594
Department of Health,NHS Bedfordshire CCG,12/31/2018,C&M-GMS Cost of Drugs -Dispensing,LOCAL ENHANCED SERVICES,LARKSFIELD SURGERY,25347018,"34,942.12 ",,BD000025597
Department of Health,NHS Bedfordshire CCG,12/31/2018,C&M-GMS PrscrptnChrgsColl&RmttdbyGP,LOCAL ENHANCED SERVICES,LARKSFIELD SURGERY,25347018,"1,012.00 ",,BD000025597
Department of Health,NHS Bedfordshire CCG,12/31/2018,C&M-GMS Cost of Drugs -Dispensing,LOCAL ENHANCED SERVICES,LEIGHTON ROAD MEDICAL PRACTICE,25347022,"51,122.86 ",876658852,BD000025603
Department of Health,NHS Bedfordshire CCG,12/31/2018,C&M-GMS PrscrptnChrgsColl&RmttdbyGP,LOCAL ENHANCED SERVICES,LEIGHTON ROAD MEDICAL PRACTICE,25347022,"1,971.20 ",876658852,BD000025603
Department of Health,NHS Bedfordshire CCG,12/31/2018,C&M-GMS Cost of Drugs -Dispensing,LOCAL ENHANCED SERVICES,PRIORY MEDICAL PRACTICE,25347027,"28,702.22 ",,BD000025608
Department of Health,NHS Bedfordshire CCG,12/31/2018,C&M-GMS PrscrptnChrgsColl&RmttdbyGP,LOCAL ENHANCED SERVICES,PRIORY MEDICAL PRACTICE,25347027,633.60 ,,BD000025608
Department of Health,NHS Bedfordshire CCG,12/31/2018,C&M-GMS Cost of Drugs -Dispensing,LOCAL ENHANCED SERVICES,DE PARYS GROUP,25347044,"(44,668.80)",,BD000025625
Department of Health,NHS Bedfordshire CCG,12/31/2018,C&M-GMS Cost of Drugs -Dispensing,LOCAL ENHANCED SERVICES,DE PARYS GROUP,25347045,"90,987.80 ",,BD000025626
Department of Health,NHS Bedfordshire CCG,12/31/2018,C&M-GMS PrscrptnChrgsColl&RmttdbyGP,LOCAL ENHANCED SERVICES,DE PARYS GROUP,25347045,"1,408.00 ",,BD000025626
,,,,,,,,,
