NHS Bedfordshire CCG - Expenditure Over Threshold �25k,,,,,,,,Reporting Month 11,2018/19
,,,,,,,,,
Department family,Entity,Date,Expense Type,Expense area,Supplier,Transaction number,AP Amount (�),VAT registration number,Purchase invoice number
Department of Health,NHS Bedfordshire CCG,2/28/2019,Hcare Srv Rec NHS Trust-Over/ Under Performance,ACUTE COMMISSIONING,BEDFORD HOSPITAL NHS TRUST,25808419,"300,000.00 ",654912424,I0162858
Department of Health,NHS Bedfordshire CCG,2/28/2019,Hcare Srv Rec NHS Trust-Over/ Under Performance,ACUTE COMMISSIONING,BEDFORD HOSPITAL NHS TRUST,25808421,"917,775.00 ",654912424,I0162921
Department of Health,NHS Bedfordshire CCG,2/28/2019,Hcare Srv Rec NHS Trust-Contract Baseline,ACUTE COMMISSIONING,BEDFORD HOSPITAL NHS TRUST,25808423,"417,863.00 ",654912424,I016920
Department of Health,NHS Bedfordshire CCG,2/28/2019,PERMUKSTAFF-SEVRNC PENS CONT RETIRE,ADMINISTRATION & BUSINESS SUPPORT,NHS BUSINESS SERVICES AUTHORITY,25808439,"52,067.09 ",GB 654434729,2000000385
Department of Health,NHS Bedfordshire CCG,2/28/2019,Hcare Srv Rec NHS Trust-Non Contract,ACUTE COMMISSIONING,BEDFORD HOSPITAL NHS TRUST,25808442,"(54,363.20)",654912424,C0014455
Department of Health,NHS Bedfordshire CCG,2/28/2019,Hcare Srv Rec NHS Trust-Non Contract,ACUTE COMMISSIONING,BEDFORD HOSPITAL NHS TRUST,25808448,"(42,574.11)",654912424,C0014531
Department of Health,NHS Bedfordshire CCG,2/28/2019,Hcare Srv Rec NHS Trust-Non Contract,ACUTE COMMISSIONING,BEDFORD HOSPITAL NHS TRUST,25808450,"(65,358.80)",654912424,C0014530
Department of Health,NHS Bedfordshire CCG,2/28/2019,Hcare Srv Rec NHS Trust-Over/ Under Performance,ACUTE COMMISSIONING,BEDFORD HOSPITAL NHS TRUST,25808477,"1,148,244.00 ",654912424,I0168991
Department of Health,NHS Bedfordshire CCG,2/28/2019,Hcare Srv Rec NHS Trust-Non Contract,ACUTE COMMISSIONING,BEDFORD HOSPITAL NHS TRUST,25808480,"200,000.00 ",654912424,I0169059
Department of Health,NHS Bedfordshire CCG,2/28/2019,Hcare Srv Rec NHS Trust-Contract Baseline,ACUTE COMMISSIONING,LONDON NORTH WEST HEALTHCARE NHS TRUST,25808487,"61,659.00 ",654463720,A0050911
Department of Health,NHS Bedfordshire CCG,2/28/2019,Clinical&Medical-Commercial Sector,ACUTE COMMISSIONING,BMI HEALTHCARE LTD,25808510,"47,204.03 ",GB235134980,0000103530
Department of Health,NHS Bedfordshire CCG,2/28/2019,Hcare Srv Rec Fdtn Trust-Contract Baseline,ACUTE COMMISSIONING,GUYS & ST THOMAS HOSPITAL NHS FOUNDATION TRUST,25808512,"82,968.00 ",654923417,3255641
Department of Health,NHS Bedfordshire CCG,2/28/2019,Hcare Srv Rec NHS Trust-Contract Baseline,ACUTE COMMISSIONING,NORTHAMPTON GENERAL HOSPITAL NHS TRUST,25808517,"59,749.00 ",654933707,N0003352
Department of Health,NHS Bedfordshire CCG,2/28/2019,Clinical&Medical-Commercial Sector,ACUTE COMMISSIONING,CIRCLE CLINICAL SERVICES LTD,25808532,"2,642,875.00 ",,392
Department of Health,NHS Bedfordshire CCG,2/28/2019,Payments received on account <1Yr,BALANCE SHEET,NHS KNOWSLEY CCG,25832220,"55,605.00 ",,ARREFUNDDMISFE03316
Department of Health,NHS Bedfordshire CCG,2/28/2019,Hcare Srv Rec Fdtn Trust-Contract Baseline,ACUTE COMMISSIONING,UNIVERSITY COLLEGE LONDON HOSPITALS NHS FOUNDATION TRUST,25835556,"200,875.00 ",654948687,5010189694
Department of Health,NHS Bedfordshire CCG,2/28/2019,Cont Care-Physical Disab (<65),CHC ADULT FULLY FUNDED,FAIRLIE HOUSE,25835559,"27,350.68 ",,0000017556
Department of Health,NHS Bedfordshire CCG,2/28/2019,Hcare Srv Rec NHS Trust-Non Contract,ACUTE COMMISSIONING,BUCKINGHAMSHIRE HEALTHCARE NHS TRUST,25854493,"54,302.69 ",654 4313 46,N0003928
Department of Health,NHS Bedfordshire CCG,2/28/2019,Hcare Srv Rec NHS Trust-Non Contract,ACUTE COMMISSIONING,BUCKINGHAMSHIRE HEALTHCARE NHS TRUST,25854494,"38,267.01 ",654 4313 46,M0002299
Department of Health,NHS Bedfordshire CCG,2/28/2019,Hcare Srv Rec Fdtn Trust-Over/ Under Performance,ACUTE COMMISSIONING,ROYAL FREE LONDON NHS FOUNDATION TRUST,25854497,"99,839.00 ",654946987,I0169235
Department of Health,NHS Bedfordshire CCG,2/28/2019,Hcare Srv Rec Fdtn Trust-Contract Baseline,ACUTE COMMISSIONING,OXFORD UNIVERSITY HOSPITALS NHS FOUNDATION TRUST,25854498,"149,224.00 ",654935407,8293469
Department of Health,NHS Bedfordshire CCG,2/28/2019,Hcare Srv Rec NHS Trust-Contract Baseline,ACUTE COMMISSIONING,IMPERIAL COLLEGE HEALTHCARE NHS TRUST,25854524,"31,708.00 ",654945990,H0169189
Department of Health,NHS Bedfordshire CCG,2/28/2019,Hcare Srv Rec NHS Trust-Contract Baseline,ACUTE COMMISSIONING,ROYAL NATIONAL ORTHOPAEDIC HOSPITAL NHS TRUST,25854529,"126,718.00 ",654947494,B0039113
Department of Health,NHS Bedfordshire CCG,2/28/2019,Hcare Srv Rec NHS Trust-Non Contract,ACUTE COMMISSIONING,BEDFORD HOSPITAL NHS TRUST,25868478,"565,000.00 ",654912424,I0169058
Department of Health,NHS Bedfordshire CCG,2/28/2019,Hcare Srv Rec NHS Trust-Contract Baseline,ACUTE COMMISSIONING,BUCKINGHAMSHIRE HEALTHCARE NHS TRUST,25868489,"559,404.15 ",654 4313 46,B0000678
Department of Health,NHS Bedfordshire CCG,2/28/2019,Hcare Srv Rec Fdtn Trust-Over/ Under Performance,ACUTE COMMISSIONING,LUTON & DUNSTABLE HOSPITAL NHS FOUNDATION TRUST,25868491,"6,019,731.75 ",654929007,52994339
Department of Health,NHS Bedfordshire CCG,2/28/2019,Clinical&Medical-Commercial Sector,MENTAL HEALTH SERVICES - ADULTS,ST MATTHEWS LTD,25868503,"46,656.00 ",,BHBEDCCG12101B
Department of Health,NHS Bedfordshire CCG,2/28/2019,Cont Care-Learning Disab(<65),CHC AD FULL FUND PERS HLTH BUD,CENTRAL BEDFORDSHIRE COUNCIL,25868506,"37,402.71 ",,7010335413
Department of Health,NHS Bedfordshire CCG,2/28/2019,Clinical&Medical-Commercial Sector,MENTAL HEALTH SERVICES - ADULTS,ST MATTHEWS LTD,25868510,"59,125.00 ",,BHBEDCCG29B2
Department of Health,NHS Bedfordshire CCG,2/28/2019,Clinical&Medical-Commercial Sector,ACUTE COMMISSIONING,PINEHILL HOSPITAL,25868596,"(55,174.00)",GB426505170 1,BEDCCGCRPINJAN19R
Department of Health,NHS Bedfordshire CCG,2/28/2019,Hcare Srv Rec Fdtn Trust-Contract Baseline,ACUTE COMMISSIONING,NORTH WEST ANGLIA NHS FOUNDATION TRUST,25905283,"78,551.63 ",GB654936110,17444924
Department of Health,NHS Bedfordshire CCG,2/28/2019,Hcare Srv Rec NHS Trust-Over/ Under Performance,ACUTE COMMISSIONING,BEDFORD HOSPITAL NHS TRUST,25905285,"(176,748.00)",654912424,C0014576
Department of Health,NHS Bedfordshire CCG,2/28/2019,Clinical&Medical-Commercial Sector,ACUTE COMMISSIONING,PINEHILL HOSPITAL,25905330,"55,174.00 ",GB426505170 1,BEDCCGPINFEB19
Department of Health,NHS Bedfordshire CCG,2/28/2019,Clinical&Medical-Commercial Sector,ACUTE COMMISSIONING,PINEHILL HOSPITAL,25905349,"55,174.00 ",GB426505170 1,BEDCCGPINJAN19R
Department of Health,NHS Bedfordshire CCG,2/28/2019,Hcare Srv Rec Fdtn Trust-Contract Baseline,ACUTE COMMISSIONING,GREAT ORMOND STREET HOSPITAL FOR CHILDREN NHS FOUNDATION TRUST,25905366,"37,694.80 ",654922910,X0207562
Department of Health,NHS Bedfordshire CCG,2/28/2019,Hcare Srv Rec Fdtn Trust-Contract Baseline,COMMUNITY SERVICES,CAMBRIDGESHIRE COMMUNITY SERVICES,25905551,"106,271.34 ",654439952,8500035864
Department of Health,NHS Bedfordshire CCG,2/28/2019,Hcare Srv Rec Fdtn Trust-Over/ Under Performance,ACUTE COMMISSIONING,UNIVERSITY COLLEGE LONDON HOSPITALS NHS FOUNDATION TRUST,25941512,"67,337.00 ",654948687,1114924
Department of Health,NHS Bedfordshire CCG,2/28/2019,Hcare Srv Rec Fdtn Trust-Contract Baseline,ACUTE COMMISSIONING,ROYAL BROMPTON & HAREFIELD NHS FOUNDATION TRUST,25941540,"74,897.32 ",654968091,S005457
Department of Health,NHS Bedfordshire CCG,2/28/2019,Training Expenses,PCTF Revenue,NHS EAST AND NORTH HERTFORDSHIRE CCG,25964174,"39,477.62 ",,7020902089
Department of Health,NHS Bedfordshire CCG,2/28/2019,Hcare Srv Rec Fdtn Trust-Contract Baseline,ACUTE COMMISSIONING,MILTON KEYNES HOSPITAL NHS FOUNDATION TRUST,25964380,"984,704.00 ",654930618,42943949
Department of Health,NHS Bedfordshire CCG,2/28/2019,Hlthcre-Foundation Trsts,MENTAL HEALTH CONTRACTS,EAST LONDON NHS FOUNDATION TRUST,25964527,"4,172,659.32 ",654975390,10433754
Department of Health,NHS Bedfordshire CCG,2/28/2019,Hcare Srv Rec Fdtn Trust-Contract Baseline,COMMUNITY SERVICES,EAST LONDON NHS FOUNDATION TRUST,25964541,"2,538,979.01 ",654975390,10433760
Department of Health,NHS Bedfordshire CCG,2/28/2019,Hcare Srv Rec NHS Trust-Contract Baseline,ACUTE COMMISSIONING,EAST AND NORTH HERTFORDSHIRE NHS TRUST,25964776,"2,017,792.74 ",654973984,4160088
Department of Health,NHS Bedfordshire CCG,2/28/2019,Hcare Srv Rec Fdtn Trust-Contract Baseline,ACUTE COMMISSIONING,ROYAL PAPWORTH HOSPITAL NHS FOUNDATION TRUST,25964785,"202,027.00 ",GB654935994,57794918
Department of Health,NHS Bedfordshire CCG,2/28/2019,Clinical&Medical-Othe Public Sector,REABLEMENT,BEDFORD BOROUGH COUNCIL,25964947,"841,984.00 ",,16941446
Department of Health,NHS Bedfordshire CCG,2/28/2019,Clinical&Medical-Serv Recd-CCGs,PRIMARY CARE IT,NHS EAST AND NORTH HERTFORDSHIRE CCG,25965543,"127,107.75 ",,7020902110
Department of Health,NHS Bedfordshire CCG,2/28/2019,Clinical&Medical-Serv Recd-CCGs,IM&T,NHS EAST AND NORTH HERTFORDSHIRE CCG,25965551,"103,770.50 ",,7020902112
Department of Health,NHS Bedfordshire CCG,2/28/2019,Apprenticeship Levy Payable,BALANCE SHEET,HMRC,25979168,"2,133.00 ",,120PA005685011910
Department of Health,NHS Bedfordshire CCG,2/28/2019,Income tax <1Yr,BALANCE SHEET,HMRC,25979168,"107,567.43 ",,120PA005685011910
Department of Health,NHS Bedfordshire CCG,2/28/2019,Income tax <1Yr-Student Loans,BALANCE SHEET,HMRC,25979168,846.00 ,,120PA005685011910
Department of Health,NHS Bedfordshire CCG,2/28/2019,National Insurance < 1 yr-NI- ERS,BALANCE SHEET,HMRC,25979168,"73,334.37 ",,120PA005685011910
Department of Health,NHS Bedfordshire CCG,2/28/2019,National Insurance < 1 yr-NI-EES,BALANCE SHEET,HMRC,25979168,"51,535.54 ",,120PA005685011910
Department of Health,NHS Bedfordshire CCG,2/28/2019,Statutory Mat Pay < 1 yr,BALANCE SHEET,HMRC,25979168,"(2,369.88)",,120PA005685011910
Department of Health,NHS Bedfordshire CCG,2/28/2019,Hcare Srv Rec NHS Trust,AMBULANCE SERVICES,EAST OF ENGLAND AMBULANCE SERVICE NHS TRUST,25982536,"1,139,287.72 ",654919501,8112640
Department of Health,NHS Bedfordshire CCG,2/28/2019,Clinical&Medical-Clinical Other,PRIMARY CARE INVESTMENTS,DE PARYS GROUP,25982658,"34,140.81 ",,INV0675
Department of Health,NHS Bedfordshire CCG,2/28/2019,Hlthcre-Foundation Trsts,MENTAL HEALTH CONTRACTS,CENTRAL & NORTH WEST LONDON NHS FOUNDATION TRUST,26002730,"27,207.50 ",654970895,53478262
Department of Health,NHS Bedfordshire CCG,2/28/2019,Hcare Srv Rec NHS Trust-Non Contract,PATIENT TRANSPORT,EAST OF ENGLAND AMBULANCE SERVICE NHS TRUST,26002832,"232,269.00 ",654919501,8112666
Department of Health,NHS Bedfordshire CCG,2/28/2019,Clinical&Medical-Commercial Sector,OUT OF HOURS,HERTS URGENT CARE,26002836,"354,746.89 ",210815253,0000004666
Department of Health,NHS Bedfordshire CCG,2/28/2019,Clinical&Medical-Commercial Sector,OUT OF HOURS,HERTS URGENT CARE,26002846,"94,901.07 ",210815253,0000004668
Department of Health,NHS Bedfordshire CCG,2/28/2019,Computer Hardware Purch,IM&T,CDW,26013182,"26,875.20 ",GB902194939,PSINV02358996
Department of Health,NHS Bedfordshire CCG,2/28/2019,Hcare Srv Rec Fdtn Trust-Contract Baseline,ACUTE COMMISSIONING,MILTON KEYNES HOSPITAL NHS FOUNDATION TRUST,26025469,"85,000.00 ",654930618,42943963
Department of Health,NHS Bedfordshire CCG,2/28/2019,Computer Software/License,IM&T,ITS DIGITAL,26030063,"35,100.00 ",GB801445955,14003
Department of Health,NHS Bedfordshire CCG,2/28/2019,Computer Software/License,IM&T,ITS DIGITAL,26030064,"70,161.00 ",GB801445955,14002
Department of Health,NHS Bedfordshire CCG,2/28/2019,Clinical&Medical-Commercial Sector,MENTAL HEALTH SERVICES - ADULTS,ST MATTHEWS NORTH LTD T/A THE BROOMHILL,26068412,"51,840.00 ",,BHBEDCCG12101A2
Department of Health,NHS Bedfordshire CCG,2/28/2019,Clinical&Medical-Commercial Sector,MENTAL HEALTH SERVICES - ADULTS,ST MATTHEWS NORTH LTD T/A THE BROOMHILL,26068425,"25,344.00 ",,BHBEDCCG12102A2
Department of Health,NHS Bedfordshire CCG,2/28/2019,Cont Care-Physical Disab (<65),CHC ADULT FULLY FUNDED,OAKLEAF CARE (HARTWELL) LTD,26072581,"64,055.88 ",,FEB19-064
Department of Health,NHS Bedfordshire CCG,2/28/2019,Cont Care-Mental Health (65+),CHC ADULT FULLY FUNDED,PJ CARE LTD,26072604,"25,052.04 ",927379387,FEB19-075
Department of Health,NHS Bedfordshire CCG,2/28/2019,Clinical&Medical-Commercial Sector,NCAS/OATS,CARDIFF AND VALE ULHB,26085473,"52,487.00 ",GB 654439756,456804
Department of Health,NHS Bedfordshire CCG,2/28/2019,Hcare Srv Rec NHS Trust-Non Contract,ACUTE COMMISSIONING,BEDFORD HOSPITAL NHS TRUST,26085609,"212,500.00 ",654912424,I0165803
Department of Health,NHS Bedfordshire CCG,2/28/2019,Clinical&Medical-Commercial Sector,ACUTE COMMISSIONING,BOURN HALL LTD,26085621,"32,270.00 ",876329778,16298
Department of Health,NHS Bedfordshire CCG,2/28/2019,Clinical&Medical-Commercial Sector,ACUTE COMMISSIONING,BOURN HALL LTD,26085638,"42,400.00 ",876329778,16343
Department of Health,NHS Bedfordshire CCG,2/28/2019,Hcare Srv Rec NHS Trust-Over/ Under Performance,ACUTE COMMISSIONING,BEDFORD HOSPITAL NHS TRUST,26085736,"212,500.00 ",654912424,I0169408
Department of Health,NHS Bedfordshire CCG,2/28/2019,Clinical&Medical-Commercial Sector,MENTAL HEALTH SERVICES - ADULTS,ST ANDREWS HEALTHCARE,26085802,"40,600.00 ",120948773,90062822
Department of Health,NHS Bedfordshire CCG,2/28/2019,Hcare Srv Rec NHS Trust-Non Contract,ACUTE COMMISSIONING,BEDFORD HOSPITAL NHS TRUST,26102587,"212,500.00 ",654912424,I0166975
Department of Health,NHS Bedfordshire CCG,2/28/2019,Clinical&Medical-Clinical Other,CLINICAL ASSESSMENT AND TREATMENT CENTRES,PUTNOE MEDICAL CENTRE PARTNERSHIP,26102820,"115,722.16 ",,WICJAN19
Department of Health,NHS Bedfordshire CCG,2/28/2019,Clinical&Medical-Clinical Other,GP FORWARD VIEW,BEDFORD ON CALL,26102829,"143,363.29 ",,BED404
Department of Health,NHS Bedfordshire CCG,2/28/2019,Hcare Srv Rec Fdtn Trust-Over/ Under Performance,ACUTE COMMISSIONING,UNIVERSITY COLLEGE LONDON HOSPITALS NHS FOUNDATION TRUST,26127381,"149,666.00 ",654948687,5010188151
Department of Health,NHS Bedfordshire CCG,2/28/2019,Computer Hardware Purch,IM&T,ITS DIGITAL,26130127,"49,894.72 ",GB801445955,13759
Department of Health,NHS Bedfordshire CCG,2/28/2019,C&M-GMS Cost of Drugs -Dispensing,LOCAL ENHANCED SERVICES,ASPLANDS MEDICAL CENTRE,26141983,"(39,102.40)",,BD000026175
Department of Health,NHS Bedfordshire CCG,2/28/2019,C&M-GMS Cost of Drugs -Dispensing,LOCAL ENHANCED SERVICES,ASPLANDS MEDICAL CENTRE,26141984,"69,721.28 ",,BD000026176
Department of Health,NHS Bedfordshire CCG,2/28/2019,C&M-GMS PrscrptnChrgsColl&RmttdbyGP,LOCAL ENHANCED SERVICES,ASPLANDS MEDICAL CENTRE,26141984,"2,842.40 ",,BD000026176
Department of Health,NHS Bedfordshire CCG,2/28/2019,C&M-GMS Cost of Drugs -Dispensing,LOCAL ENHANCED SERVICES,BASSETT ROAD MEDICAL PRACTICE,26141987,"41,904.85 ",,BD000026179
Department of Health,NHS Bedfordshire CCG,2/28/2019,C&M-GMS PrscrptnChrgsColl&RmttdbyGP,LOCAL ENHANCED SERVICES,BASSETT ROAD MEDICAL PRACTICE,26141987,"1,742.40 ",,BD000026179
Department of Health,NHS Bedfordshire CCG,2/28/2019,C&M-GMS Cost of Drugs -Dispensing,LOCAL ENHANCED SERVICES,DR COLLINS & CARRAGHER,26141990,"43,033.74 ",,BD000026183
Department of Health,NHS Bedfordshire CCG,2/28/2019,C&M-GMS PrscrptnChrgsColl&RmttdbyGP,LOCAL ENHANCED SERVICES,DR COLLINS & CARRAGHER,26141990,"1,619.20 ",,BD000026183
Department of Health,NHS Bedfordshire CCG,2/28/2019,C&M-GMS Cost of Drugs -Dispensing,LOCAL ENHANCED SERVICES,DR ME GLAZE & PARTNERS,26141991,"(40,488.67)",,BD000026184
Department of Health,NHS Bedfordshire CCG,2/28/2019,C&M-GMS Cost of Drugs -Dispensing,LOCAL ENHANCED SERVICES,DR ME GLAZE & PARTNERS,26141992,"70,679.24 ",,BD000026185
Department of Health,NHS Bedfordshire CCG,2/28/2019,C&M-GMS PrscrptnChrgsColl&RmttdbyGP,LOCAL ENHANCED SERVICES,DR ME GLAZE & PARTNERS,26141992,"2,164.80 ",,BD000026185
Department of Health,NHS Bedfordshire CCG,2/28/2019,C&M-GMS Cost of Drugs -Dispensing,LOCAL ENHANCED SERVICES,DR KM HEDGES & PARTNERS,26141993,"(42,156.00)",,BD000026186
Department of Health,NHS Bedfordshire CCG,2/28/2019,C&M-GMS Cost of Drugs -Dispensing,LOCAL ENHANCED SERVICES,DR KM HEDGES & PARTNERS,26141994,"74,288.96 ",,BD000026187
Department of Health,NHS Bedfordshire CCG,2/28/2019,C&M-GMS PrscrptnChrgsColl&RmttdbyGP,LOCAL ENHANCED SERVICES,DR KM HEDGES & PARTNERS,26141994,"2,024.00 ",,BD000026187
Department of Health,NHS Bedfordshire CCG,2/28/2019,C&M-GMS Cost of Drugs -Dispensing,LOCAL ENHANCED SERVICES,FLITWICK SURGERY,26141998,"41,396.49 ",,BD000026191
Department of Health,NHS Bedfordshire CCG,2/28/2019,C&M-GMS PrscrptnChrgsColl&RmttdbyGP,LOCAL ENHANCED SERVICES,FLITWICK SURGERY,26141998,880.00 ,,BD000026191
Department of Health,NHS Bedfordshire CCG,2/28/2019,C&M-GMS Cost of Drugs -Dispensing,LOCAL ENHANCED SERVICES,GT BARFORD SURGERY,26141999,"(38,088.82)",,BD000026192
Department of Health,NHS Bedfordshire CCG,2/28/2019,C&M-GMS Cost of Drugs -Dispensing,LOCAL ENHANCED SERVICES,GT BARFORD SURGERY,26142000,"68,501.98 ",,BD000026193
Department of Health,NHS Bedfordshire CCG,2/28/2019,C&M-GMS PrscrptnChrgsColl&RmttdbyGP,LOCAL ENHANCED SERVICES,GT BARFORD SURGERY,26142000,"3,740.00 ",,BD000026193
Department of Health,NHS Bedfordshire CCG,2/28/2019,C&M-GMS Cost of Drugs -Dispensing,LOCAL ENHANCED SERVICES,HARROLD MEDICAL PRACTICE,26142001,"(61,003.80)",,BD000026194
Department of Health,NHS Bedfordshire CCG,2/28/2019,C&M-GMS Cost of Drugs -Dispensing,LOCAL ENHANCED SERVICES,HARROLD MEDICAL PRACTICE,26142002,"105,427.79 ",,BD000026195
Department of Health,NHS Bedfordshire CCG,2/28/2019,C&M-GMS PrscrptnChrgsColl&RmttdbyGP,LOCAL ENHANCED SERVICES,HARROLD MEDICAL PRACTICE,26142002,"4,496.80 ",,BD000026195
Department of Health,NHS Bedfordshire CCG,2/28/2019,C&M-GMS Cost of Drugs -Dispensing,LOCAL ENHANCED SERVICES,GREENSANDS MEDICAL PRACTICE,26142003,"(38,477.29)",,BD000026196
Department of Health,NHS Bedfordshire CCG,2/28/2019,C&M-GMS Cost of Drugs -Dispensing,LOCAL ENHANCED SERVICES,GREENSANDS MEDICAL PRACTICE,26142004,"71,113.54 ",,BD000026197
Department of Health,NHS Bedfordshire CCG,2/28/2019,C&M-GMS PrscrptnChrgsColl&RmttdbyGP,LOCAL ENHANCED SERVICES,GREENSANDS MEDICAL PRACTICE,26142004,"1,804.00 ",,BD000026197
Department of Health,NHS Bedfordshire CCG,2/28/2019,C&M-GMS Cost of Drugs -Dispensing,LOCAL ENHANCED SERVICES,IVEL MEDICAL CENTRE,26142010,"28,703.15 ",879099943,BD000026203
Department of Health,NHS Bedfordshire CCG,2/28/2019,C&M-GMS PrscrptnChrgsColl&RmttdbyGP,LOCAL ENHANCED SERVICES,IVEL MEDICAL CENTRE,26142010,378.40 ,879099943,BD000026203
Department of Health,NHS Bedfordshire CCG,2/28/2019,C&M-GMS Cost of Drugs -Dispensing,LOCAL ENHANCED SERVICES,HOUGHTON CLOSE SURGERY,26142011,"(33,422.10)",,BD000026204
Department of Health,NHS Bedfordshire CCG,2/28/2019,C&M-GMS Cost of Drugs -Dispensing,LOCAL ENHANCED SERVICES,HOUGHTON CLOSE SURGERY,26142012,"63,311.05 ",,BD000026205
Department of Health,NHS Bedfordshire CCG,2/28/2019,C&M-GMS PrscrptnChrgsColl&RmttdbyGP,LOCAL ENHANCED SERVICES,HOUGHTON CLOSE SURGERY,26142012,"2,076.80 ",,BD000026205
Department of Health,NHS Bedfordshire CCG,2/28/2019,C&M-GMS Cost of Drugs -Dispensing,LOCAL ENHANCED SERVICES,LARKSFIELD SURGERY,26142015,"33,105.51 ",,BD000026208
Department of Health,NHS Bedfordshire CCG,2/28/2019,C&M-GMS PrscrptnChrgsColl&RmttdbyGP,LOCAL ENHANCED SERVICES,LARKSFIELD SURGERY,26142015,"1,276.00 ",,BD000026208
Department of Health,NHS Bedfordshire CCG,2/28/2019,C&M-GMS Cost of Drugs -Dispensing,LOCAL ENHANCED SERVICES,LEIGHTON ROAD MEDICAL PRACTICE,26142021,"23,489.51 ",876658852,BD000026214
Department of Health,NHS Bedfordshire CCG,2/28/2019,C&M-GMS PrscrptnChrgsColl&RmttdbyGP,LOCAL ENHANCED SERVICES,LEIGHTON ROAD MEDICAL PRACTICE,26142021,"1,751.20 ",876658852,BD000026214
Department of Health,NHS Bedfordshire CCG,2/28/2019,C&M-GMS Cost of Drugs -Dispensing,LOCAL ENHANCED SERVICES,DE PARYS GROUP,26142042,"(35,794.90)",,BD000026235
Department of Health,NHS Bedfordshire CCG,2/28/2019,C&M-GMS Cost of Drugs -Dispensing,LOCAL ENHANCED SERVICES,DE PARYS GROUP,26142043,"58,151.78 ",,BD000026236
Department of Health,NHS Bedfordshire CCG,2/28/2019,C&M-GMS PrscrptnChrgsColl&RmttdbyGP,LOCAL ENHANCED SERVICES,DE PARYS GROUP,26142043,"1,540.00 ",,BD000026236
Department of Health,NHS Bedfordshire CCG,2/28/2019,Clinical&Medical-Commercial Sector,NCAS/OATS,SPIRE HEALTHCARE LTD,26153395,"31,529.27 ",915970991,06FNCA181909
Department of Health,NHS Bedfordshire CCG,2/28/2019,Hcare Srv Rec NHS Trust-Contract Baseline,ACUTE COMMISSIONING,LONDON NORTH WEST HEALTHCARE NHS TRUST,26153398,"61,659.00 ",654463720,A0051536
Department of Health,NHS Bedfordshire CCG,2/28/2019,Hcare Srv Rec Fdtn Trust-Contract Baseline,ACUTE COMMISSIONING,OXFORD UNIVERSITY HOSPITALS NHS FOUNDATION TRUST,26153399,"149,224.00 ",654935407,8295371
Department of Health,NHS Bedfordshire CCG,2/28/2019,External Consultancy Fees,NON RECURRENT RESERVE,AH ANALYSIS LTD,26153407,"55,866.00 ",,AHA5
Department of Health,NHS Bedfordshire CCG,2/28/2019,Clinical&Medical-Othe Public Sector,REABLEMENT,CENTRAL BEDFORDSHIRE COUNCIL,26153422,"436,937.50 ",,7010338536
Department of Health,NHS Bedfordshire CCG,2/28/2019,Hcare Srv Rec NHS Trust-Contract Baseline,ACUTE COMMISSIONING,WEST HERTFORDSHIRE HOSPITALS NHS TRUST,26174452,"(65,317.00)",654974002,0000025643
Department of Health,NHS Bedfordshire CCG,2/28/2019,Hcare Srv Rec Fdtn Trust-Over/ Under Performance,ACUTE COMMISSIONING,LUTON & DUNSTABLE HOSPITAL NHS FOUNDATION TRUST,26186402,"116,666.67 ",654929007,52993734
Department of Health,NHS Bedfordshire CCG,2/28/2019,Non-NHS trade Payables <1Yr,BALANCE SHEET,NHS SUPPLY CHAIN,26186411,"35,305.17 ",,1019190607
Department of Health,NHS Bedfordshire CCG,2/28/2019,Non-NHS trade Payables <1Yr,BALANCE SHEET,NHS SUPPLY CHAIN,26186438,"25,173.08 ",,1019201282
Department of Health,NHS Bedfordshire CCG,2/28/2019,Hcare Srv Rec Fdtn Trust-Contract Baseline,ACUTE COMMISSIONING,LUTON & DUNSTABLE HOSPITAL NHS FOUNDATION TRUST,26186493,"116,666.67 ",654929007,52994812
Department of Health,NHS Bedfordshire CCG,2/28/2019,Hcare Srv Rec NHS Trust-Contract Baseline,ACUTE COMMISSIONING,WEST HERTFORDSHIRE HOSPITALS NHS TRUST,26186511,"94,460.00 ",654974002,0000258448
Department of Health,NHS Bedfordshire CCG,2/28/2019,Clinical&Medical-Commercial Sector,ACUTE COMMISSIONING,BMI HEALTHCARE LTD,26186522,"47,204.03 ",GB235134980,0000104746
Department of Health,NHS Bedfordshire CCG,2/28/2019,Hcare Srv Rec NHS Trust-Contract Baseline,ACUTE COMMISSIONING,BUCKINGHAMSHIRE HEALTHCARE NHS TRUST,26186531,"559,404.15 ",654 4313 46,B0000708
Department of Health,NHS Bedfordshire CCG,2/28/2019,Hcare Srv Rec Fdtn Trust-Contract Baseline,ACUTE COMMISSIONING,GUYS & ST THOMAS HOSPITAL NHS FOUNDATION TRUST,26204550,"82,968.00 ",654923417,3257741
Department of Health,NHS Bedfordshire CCG,2/28/2019,Hcare Srv Rec Fdtn Trust-Contract Baseline,ACUTE COMMISSIONING,MOORFIELDS EYE HOSPITAL NHS FOUNDATION TRUST,26204562,"72,929.00 ",654930716,IC0036708
Department of Health,NHS Bedfordshire CCG,2/28/2019,Hcare Srv Rec NHS Trust-Contract Baseline,ACUTE COMMISSIONING,NORTHAMPTON GENERAL HOSPITAL NHS TRUST,26204563,"59,749.00 ",654933707,N0003883
,,,,,,,,,
,,,,,,,,,
,,,,,,,,,
,,,,,,,,,
,,,,,,,,,
,,,,,,,,,
,,,,,,,,,
,,,,,,,,,
