NHS Bedfordshire CCG - Expenditure Over Threshold �25k,,,,,,,,Reporting Month 12,2018/19
,,,,,,,,,
Department family,Entity,Date,Expense Type,Expense area,Supplier,Transaction number,AP Amount (�),VAT registration number,Purchase invoice number
Department of Health,NHS Bedfordshire CCG,3/31/2019,Computer Hardware Purch,IM&T,CAMBRIDGE COGNITION LTD,26205526,"21,600.00 ",GB176522203,121946
Department of Health,NHS Bedfordshire CCG,3/31/2019,Computer Software/License,IM&T,CAMBRIDGE COGNITION LTD,26205526,"42,750.00 ",GB176522203,121946
Department of Health,NHS Bedfordshire CCG,3/31/2019,Healthcare Srv Rec CCG,ACUTE COMMISSIONING,NHS IPSWICH AND EAST SUFFOLK CCG,26227640,"91,341.00 ",654459118,7021000853
Department of Health,NHS Bedfordshire CCG,3/31/2019,Hcare Srv Rec NHS Trust-Non Contract,ACUTE COMMISSIONING,BEDFORD HOSPITAL NHS TRUST,26227704,"200,000.00 ",654912424,I0169613
Department of Health,NHS Bedfordshire CCG,3/31/2019,Hcare Srv Rec NHS Trust-Contract Baseline,ACUTE COMMISSIONING,BEDFORD HOSPITAL NHS TRUST,26227706,"10,589,398.08 ",654912424,I0169588
Department of Health,NHS Bedfordshire CCG,3/31/2019,Clinical&Medical-Commercial Sector,ACUTE COMMISSIONING,BOURN HALL LTD,26227758,"30,780.00 ",876329778,16520
Department of Health,NHS Bedfordshire CCG,3/31/2019,Healthcare Srv Rec CCG,ACUTE COMMISSIONING,NHS IPSWICH AND EAST SUFFOLK CCG,26227938,"90,971.44 ",654459118,7021000872
Department of Health,NHS Bedfordshire CCG,3/31/2019,External Consultancy Fees,NON RECURRENT RESERVE,AH ANALYSIS LTD,26231615,"61,869.00 ",,AHA4
Department of Health,NHS Bedfordshire CCG,3/31/2019,Hcare Srv Rec NHS Trust-CQUIN,AMBULANCE SERVICES,EAST OF ENGLAND AMBULANCE SERVICE NHS TRUST,26245611,"33,190.00 ",654919501,8112956
Department of Health,NHS Bedfordshire CCG,3/31/2019,Hcare Srv Rec Fdtn Trust-Contract Baseline,ACUTE COMMISSIONING,LUTON & DUNSTABLE HOSPITAL NHS FOUNDATION TRUST,26245624,"6,019,731.75 ",654929007,52994966
Department of Health,NHS Bedfordshire CCG,3/31/2019,Clinical&Medical-Clinical Other,COMMUNITY SERVICES,PRIMARY EYECARE (NORTH YORKSHIRE & HUMBER) LTD,26245626,"25,088.00 ",,BED1901
Department of Health,NHS Bedfordshire CCG,3/31/2019,Hcare Srv Rec NHS Trust-Contract Baseline,ACUTE COMMISSIONING,IMPERIAL COLLEGE HEALTHCARE NHS TRUST,26245633,"31,708.00 ",654945990,H0170029
Department of Health,NHS Bedfordshire CCG,3/31/2019,Hcare Srv Rec Fdtn Trust-Contract Baseline,ACUTE COMMISSIONING,GREAT ORMOND STREET HOSPITAL FOR CHILDREN NHS FOUNDATION TRUST,26245634,"37,694.80 ",654922910,X0209519
Department of Health,NHS Bedfordshire CCG,3/31/2019,Hcare Srv Rec NHS Trust-Contract Baseline,ACUTE COMMISSIONING,ROYAL NATIONAL ORTHOPAEDIC HOSPITAL NHS TRUST,26245643,"126,718.00 ",654947494,B0039325
Department of Health,NHS Bedfordshire CCG,3/31/2019,Hcare Srv Rec Fdtn Trust-Contract Baseline,COMMUNITY SERVICES,EAST LONDON NHS FOUNDATION TRUST,26245644,"2,538,979.01 ",654975390,10434063
Department of Health,NHS Bedfordshire CCG,3/31/2019,Hcare Srv Rec Fdtn Trust-Over/ Under Performance,ACUTE COMMISSIONING,LUTON & DUNSTABLE HOSPITAL NHS FOUNDATION TRUST,26271298,"116,666.67 ",654929007,52994280
Department of Health,NHS Bedfordshire CCG,3/31/2019,Clinical&Medical-Commercial Sector,HOSPICES,SUE RYDER CARE,26271306,"43,868.16 ",GB 927 5079 02,22956
Department of Health,NHS Bedfordshire CCG,3/31/2019,Hcare Srv Rec NHS Trust,AMBULANCE SERVICES,EAST OF ENGLAND AMBULANCE SERVICE NHS TRUST,26271400,"1,139,287.72 ",654919501,8113118
Department of Health,NHS Bedfordshire CCG,3/31/2019,Hcare Srv Rec NHS Trust-Non Contract,PATIENT TRANSPORT,EAST OF ENGLAND AMBULANCE SERVICE NHS TRUST,26271404,"232,263.00 ",654919501,8113108
Department of Health,NHS Bedfordshire CCG,3/31/2019,Clinical&Medical-Commercial Sector,OUT OF HOURS,HERTS URGENT CARE,26271432,"94,901.07 ",210815253,0000004709
Department of Health,NHS Bedfordshire CCG,3/31/2019,Hlthcre-Foundation Trsts,MENTAL HEALTH CONTRACTS,EAST LONDON NHS FOUNDATION TRUST,26271439,"4,172,659.32 ",654975390,10434057
Department of Health,NHS Bedfordshire CCG,3/31/2019,Hcare Srv Rec Fdtn Trust-Contract Baseline,ACUTE COMMISSIONING,MILTON KEYNES HOSPITAL NHS FOUNDATION TRUST,26271443,"984,704.00 ",654930618,42944377
Department of Health,NHS Bedfordshire CCG,3/31/2019,Contract & Agency-Agency Int Mgr,NON RECURRENT PROGRAMMES,HMRC CUMBERNAULD,26279112,"135,472.44 ",654462331,XD007067100678 - VAT PAYMENT
Department of Health,NHS Bedfordshire CCG,3/31/2019,Hcare Srv Rec NHS CCG-Non Contract,NCAS/OATS,NHS MILTON KEYNES CCG,26315281,"25,932.48 ",654460435,7017310236
Department of Health,NHS Bedfordshire CCG,3/31/2019,Clinical&Medical-Othe Public Sector,COMMUNITY SERVICES,CENTRAL BEDFORDSHIRE COUNCIL,26315295,"420,874.80 ",,7010337701
Department of Health,NHS Bedfordshire CCG,3/31/2019,Hcare Srv Rec NHS Trust-Non Contract,ACUTE COMMISSIONING,BUCKINGHAMSHIRE HEALTHCARE NHS TRUST,26315314,"134,535.84 ",654 4313 46,M0002817
Department of Health,NHS Bedfordshire CCG,3/31/2019,Clinical&Medical-Commercial Sector,MENTAL HEALTH SERVICES - ADULTS,CONSENSUS COMMUNITY SUPPORT LTD,26315332,"29,036.28 ",,58409791TO58409795
Department of Health,NHS Bedfordshire CCG,3/31/2019,Hcare Srv Rec Fdtn Trust-Contract Baseline,COMMUNITY SERVICES,CAMBRIDGESHIRE COMMUNITY SERVICES,26315735,"106,271.34 ",654439952,8500036112
Department of Health,NHS Bedfordshire CCG,3/31/2019,Clinical&Medical-Commercial Sector,ACUTE COMMISSIONING,CIRCLE CLINICAL SERVICES LTD,26334151,"(75,002.00)",,30
Department of Health,NHS Bedfordshire CCG,3/31/2019,Hcare Srv Rec NHS Trust-Contract Baseline,ACUTE COMMISSIONING,EAST AND NORTH HERTFORDSHIRE NHS TRUST,26334237,"(807,383.00)",654973984,4160617
Department of Health,NHS Bedfordshire CCG,3/31/2019,Hcare Srv Rec Fdtn Trust-Contract Baseline,ACUTE COMMISSIONING,ROYAL FREE LONDON NHS FOUNDATION TRUST,26334259,"99,839.00 ",654946987,I0170714
Department of Health,NHS Bedfordshire CCG,3/31/2019,Hcare Srv Rec Fdtn Trust-Contract Baseline,ACUTE COMMISSIONING,MILTON KEYNES HOSPITAL NHS FOUNDATION TRUST,26334440,"85,000.00 ",654930618,42944391
Department of Health,NHS Bedfordshire CCG,3/31/2019,Computer Hardware Purch,IM&T,CDW,26341123,"118,236.00 ",GB902194939,PSINV02370820
Department of Health,NHS Bedfordshire CCG,3/31/2019,Hcare Srv Rec NHS Trust,AMBULANCE SERVICES,EAST OF ENGLAND AMBULANCE SERVICE NHS TRUST,26344180,"37,089.00 ",654919501,8111264
Department of Health,NHS Bedfordshire CCG,3/31/2019,Hcare Srv Rec NHS Trust-Over/ Under Performance,ACUTE COMMISSIONING,LONDON NORTH WEST HEALTHCARE NHS TRUST,26370755,"52,510.00 ",654463720,A0052212
Department of Health,NHS Bedfordshire CCG,3/31/2019,Hcare Srv Rec NHS Trust-Over/ Under Performance,ACUTE COMMISSIONING,ROYAL NATIONAL ORTHOPAEDIC HOSPITAL NHS TRUST,26370768,"29,511.00 ",654947494,B0039476
Department of Health,NHS Bedfordshire CCG,3/31/2019,Hcare Srv Rec Fdtn Trust-Non Contract,NCAS/OATS,KING`S COLLEGE HOSPITAL NHS FOUNDATION TRUST,26390802,"79,816.00 ",654926800,00255174
Department of Health,NHS Bedfordshire CCG,3/31/2019,Hcare Srv Rec Fdtn Trust-Non Contract,MENTAL HEALTH SERVICES - NOT CONTRACTED ACTIVITY,NORTHAMPTONSHIRE HEALTHCARE NHS FOUNDATION TRUST,26390810,"35,000.00 ",654403940,5140678
Department of Health,NHS Bedfordshire CCG,3/31/2019,Hcare Srv Rec Fdtn Trust-Over/ Under Performance,ACUTE COMMISSIONING,LUTON & DUNSTABLE HOSPITAL NHS FOUNDATION TRUST,26390814,"718,638.18 ",654929007,52991923
Department of Health,NHS Bedfordshire CCG,3/31/2019,Clinical&Medical-Commercial Sector,ACUTE COMMISSIONING,CIRCLE CLINICAL SERVICES LTD,26390816,"234,043.00 ",,373
Department of Health,NHS Bedfordshire CCG,3/31/2019,Hcare Srv Rec Fdtn Trust-Non Contract,NCAS/OATS,KING`S COLLEGE HOSPITAL NHS FOUNDATION TRUST,26390817,"25,673.00 ",654926800,00264530
Department of Health,NHS Bedfordshire CCG,3/31/2019,Hcare Srv Rec Fdtn Trust-Over/ Under Performance,ACUTE COMMISSIONING,LUTON & DUNSTABLE HOSPITAL NHS FOUNDATION TRUST,26390819,"163,484.05 ",654929007,52993670
Department of Health,NHS Bedfordshire CCG,3/31/2019,Hcare Srv Rec NHS Trust-Non Contract,ACUTE COMMISSIONING,BEDFORD HOSPITAL NHS TRUST,26390834,"300,000.00 ",654912424,I0169407
Department of Health,NHS Bedfordshire CCG,3/31/2019,Hcare Srv Rec NHS Trust-Over/ Under Performance,ACUTE COMMISSIONING,BEDFORD HOSPITAL NHS TRUST,26390841,"1,417,411.00 ",654912424,I0169614
Department of Health,NHS Bedfordshire CCG,3/31/2019,Hcare Srv Rec Fdtn Trust-Contract Baseline,ACUTE COMMISSIONING,UNIVERSITY COLLEGE LONDON HOSPITALS NHS FOUNDATION TRUST,26390858,"200,875.00 ",654948687,5010194084
Department of Health,NHS Bedfordshire CCG,3/31/2019,Hcare Srv Rec NHS Trust-Contract Baseline,ACUTE COMMISSIONING,EAST AND NORTH HERTFORDSHIRE NHS TRUST,26390859,"2,017,792.74 ",654973984,4160957
Department of Health,NHS Bedfordshire CCG,3/31/2019,Clinical&Medical-Commercial Sector,ACUTE COMMISSIONING,CIRCLE CLINICAL SERVICES LTD,26390873,"2,395,652.00 ",,395
Department of Health,NHS Bedfordshire CCG,3/31/2019,Hcare Srv Rec NHS Trust-Over/ Under Performance,ACUTE COMMISSIONING,IMPERIAL COLLEGE HEALTHCARE NHS TRUST,26390879,"126,359.06 ",654945990,H0170359
Department of Health,NHS Bedfordshire CCG,3/31/2019,Clinical&Medical-Othe Public Sector,REABLEMENT,BEDFORD BOROUGH COUNCIL,26390884,"841,984.00 ",,16994442
Department of Health,NHS Bedfordshire CCG,3/31/2019,Hcare Srv Rec NHS Trust-Over/ Under Performance,ACUTE COMMISSIONING,BUCKINGHAMSHIRE HEALTHCARE NHS TRUST,26416416,"179,478.95 ",654 4313 46,M0001446
Department of Health,NHS Bedfordshire CCG,3/31/2019,Clinical&Medical-Commercial Sector,COMMUNITY SERVICES,KNOLLS CARE CENTRE (THE),26416741,"44,321.43 ",927497968,KN009288
Department of Health,NHS Bedfordshire CCG,3/31/2019,Hcare Srv Rec Fdtn Trust-Over/ Under Performance,ACUTE COMMISSIONING,ROYAL PAPWORTH HOSPITAL NHS FOUNDATION TRUST,26416909,"(39,929.55)",GB654935994,57795209
Department of Health,NHS Bedfordshire CCG,3/31/2019,Rent,ESTATES AND FACILITIES,WREST PARK LTD,26417086,"71,500.80 ",944405721,2701
Department of Health,NHS Bedfordshire CCG,3/31/2019,Cont Care-Learning Disab(<65),CHC ADULT FULLY FUNDED,CENTRAL BEDFORDSHIRE COUNCIL,26417210,"31,114.29 ",,7010340265
Department of Health,NHS Bedfordshire CCG,3/31/2019,Cont Care-Learning Disab(<65),CHC ADULT FULLY FUNDED,CENTRAL BEDFORDSHIRE COUNCIL,26417211,"31,114.29 ",,7010340264
Department of Health,NHS Bedfordshire CCG,3/31/2019,Clinical&Medical-Commercial Sector,MENTAL HEALTH SERVICES - ADULTS,JEESAL AKMAN CARE CORP LTD,26417261,"26,177.64 ",,4480
Department of Health,NHS Bedfordshire CCG,3/31/2019,Clinical&Medical-Commercial Sector,COMMUNITY SERVICES,KNOLLS CARE CENTRE (THE),26417287,"44,321.43 ",927497968,KN009353
Department of Health,NHS Bedfordshire CCG,3/31/2019,C&M-GMS Practice Transformational Support,COMMISSIONING SCHEMES,LEIGHTON ROAD MEDICAL PRACTICE,26417599,"34,425.00 ",876658852,004024
Department of Health,NHS Bedfordshire CCG,3/31/2019,C&M-GMS Practice Transformational Support,COMMISSIONING SCHEMES,LEIGHTON ROAD MEDICAL PRACTICE,26417649,"25,000.00 ",876658852,004025
Department of Health,NHS Bedfordshire CCG,3/31/2019,Apprenticeship Levy Payable,BALANCE SHEET,HMRC,26431414,"2,128.00 ",,120PA005685011911
Department of Health,NHS Bedfordshire CCG,3/31/2019,Income tax <1Yr,BALANCE SHEET,HMRC,26431414,"102,809.03 ",,120PA005685011911
Department of Health,NHS Bedfordshire CCG,3/31/2019,Income tax <1Yr-Student Loans,BALANCE SHEET,HMRC,26431414,825.00 ,,120PA005685011911
Department of Health,NHS Bedfordshire CCG,3/31/2019,National Insurance < 1 yr-NI- ERS,BALANCE SHEET,HMRC,26431414,"73,019.63 ",,120PA005685011911
Department of Health,NHS Bedfordshire CCG,3/31/2019,National Insurance < 1 yr-NI-EES,BALANCE SHEET,HMRC,26431414,"52,428.52 ",,120PA005685011911
Department of Health,NHS Bedfordshire CCG,3/31/2019,Statutory Mat Pay < 1 yr,BALANCE SHEET,HMRC,26431414,"(1,602.84)",,120PA005685011911
Department of Health,NHS Bedfordshire CCG,3/31/2019,Hcare Srv Rec NHS Trust-Over/ Under Performance,ACUTE COMMISSIONING,EAST AND NORTH HERTFORDSHIRE NHS TRUST,26442416,"493,378.00 ",654973984,4156999
Department of Health,NHS Bedfordshire CCG,3/31/2019,Hcare Srv Rec NHS Trust-Over/ Under Performance,ACUTE COMMISSIONING,EAST AND NORTH HERTFORDSHIRE NHS TRUST,26442432,"640,521.00 ",654973984,4157010
Department of Health,NHS Bedfordshire CCG,3/31/2019,Hcare Srv Rec NHS Trust-Non Contract,ACUTE COMMISSIONING,BEDFORD HOSPITAL NHS TRUST,26442440,"34,392.71 ",654912424,I0163440
Department of Health,NHS Bedfordshire CCG,3/31/2019,Hcare Srv Rec NHS CCG-Non Contract,NCAS/OATS,NHS MILTON KEYNES CCG,26442504,"26,675.04 ",654460435,7017310080
Department of Health,NHS Bedfordshire CCG,3/31/2019,Hcare Srv Rec NHS Trust-Non Contract,ACUTE COMMISSIONING,BEDFORD HOSPITAL NHS TRUST,26442603,"565,000.00 ",654912424,I0169612
Department of Health,NHS Bedfordshire CCG,3/31/2019,Hcare Srv Rec Fdtn Trust-Contract Baseline,ACUTE COMMISSIONING,CAMBRIDGE UNIVERSITY HOSPITALS NHS FOUNDATION TRUST,26442738,"940,148.88 ",654910528,70022121
Department of Health,NHS Bedfordshire CCG,3/31/2019,Hcare Srv Rec Fdtn Trust-Contract Baseline,ACUTE COMMISSIONING,NORTH WEST ANGLIA NHS FOUNDATION TRUST,26442814,"78,551.63 ",GB654936110,17445502
Department of Health,NHS Bedfordshire CCG,3/31/2019,Clinical&Medical-Commercial Sector,OUT OF HOURS,HERTS URGENT CARE,26442848,"354,746.89 ",210815253,0000004711
Department of Health,NHS Bedfordshire CCG,3/31/2019,Cont Care-Learning Disab(<65),CHC ADULT JOINT FUNDED,HESLEY GROUP,26442999,"37,292.56 ",873252027,HV11768
Department of Health,NHS Bedfordshire CCG,3/31/2019,Hcare Srv Rec NHS Trust-Over/ Under Performance,ACUTE COMMISSIONING,BEDFORD HOSPITAL NHS TRUST,26443130,"584,708.00 ",654912424,I0170148
Department of Health,NHS Bedfordshire CCG,3/31/2019,Hcare Srv Rec NHS Trust-Contract Baseline,ACUTE COMMISSIONING,BEDFORD HOSPITAL NHS TRUST,26443157,"10,589,398.08 ",654912424,I0170150
Department of Health,NHS Bedfordshire CCG,3/31/2019,Hcare Srv Rec NHS Trust-Non Contract,ACUTE COMMISSIONING,BEDFORD HOSPITAL NHS TRUST,26443211,"504,855.57 ",654912424,I0170120
Department of Health,NHS Bedfordshire CCG,3/31/2019,Clinical&Medical-Commercial Sector,ACUTE COMMISSIONING,PINEHILL HOSPITAL,26443304,"55,174.00 ",GB426505170 1,BEDCCGPINMAR19
Department of Health,NHS Bedfordshire CCG,3/31/2019,Hcare Srv Rec Fdtn Trust-Over/ Under Performance,ACUTE COMMISSIONING,LUTON & DUNSTABLE HOSPITAL NHS FOUNDATION TRUST,26443511,"116,666.67 ",654929007,52995483
Department of Health,NHS Bedfordshire CCG,3/31/2019,Cont Care-Physical Disab (65+),CHC AD FULL FUND PERS HLTH BUD,BEDFORD BOROUGH COUNCIL,26452083,"25,792.45 ",,MAR19-021
Department of Health,NHS Bedfordshire CCG,3/31/2019,Cont Care-Physical Disab (<65),CHC ADULT FULLY FUNDED,OAKLEAF CARE (HARTWELL) LTD,26452166,"70,919.01 ",,MAR19-059
Department of Health,NHS Bedfordshire CCG,3/31/2019,Cont Care-Mental Health (65+),CHC ADULT FULLY FUNDED,PJ CARE LTD,26452183,"27,736.19 ",927379387,MAR19-068
Department of Health,NHS Bedfordshire CCG,3/31/2019,Cont Care-Physical Disab (<65),CHC ADULT FULLY FUNDED,TOTAL COMMUNITY CARE LTD,26453714,"31,901.00 ",,24255
Department of Health,NHS Bedfordshire CCG,3/31/2019,Cont Care-Physical Disab (<65),CHC ADULT FULLY FUNDED,TOTAL COMMUNITY CARE LTD,26453719,"(25,795.12)",,24252
Department of Health,NHS Bedfordshire CCG,3/31/2019,Cont Care-Physical Disab (<65),CHC ADULT FULLY FUNDED,TOTAL COMMUNITY CARE LTD,26453725,"31,901.00 ",,24256
Department of Health,NHS Bedfordshire CCG,3/31/2019,Cont Care-Physical Disab (<65),CHC ADULT FULLY FUNDED,TOTAL COMMUNITY CARE LTD,26453881,"31,901.00 ",,24325
Department of Health,NHS Bedfordshire CCG,3/31/2019,Hcare Srv Rec Fdtn Trust-Over/ Under Performance,ACUTE COMMISSIONING,ROYAL FREE LONDON NHS FOUNDATION TRUST,26481478,"56,136.00 ",654946987,I0166443
Department of Health,NHS Bedfordshire CCG,3/31/2019,Hcare Srv Rec Fdtn Trust-Contract Baseline,ACUTE COMMISSIONING,ROYAL PAPWORTH HOSPITAL NHS FOUNDATION TRUST,26506239,"208,808.00 ",GB654935994,57795566
Department of Health,NHS Bedfordshire CCG,3/31/2019,Training Expenses,COMMISSIONING SCHEMES,CENTRAL BEDFORDSHIRE COUNCIL,26506275,"323,264.00 ",,7010339990
Department of Health,NHS Bedfordshire CCG,3/31/2019,Clinical&Medical-Commercial Sector,MENTAL HEALTH SERVICES - ADULTS,ST ANDREWS HEALTHCARE,26506367,"44,950.00 ",120948773,90064190
Department of Health,NHS Bedfordshire CCG,3/31/2019,Computer Hardware Purch,IM&T,ITS DIGITAL,26511416,"40,758.48 ",GB801445955,13745
Department of Health,NHS Bedfordshire CCG,3/31/2019,Cont Care-Learning Disab(<65),CHC ADULT FULLY FUNDED,CENTRAL BEDFORDSHIRE COUNCIL,26535918,"29,025.94 ",,7010338491
Department of Health,NHS Bedfordshire CCG,3/31/2019,Cont Care-Learning Disab(<65),CHC ADULT FULLY FUNDED,ALDERWOOD LLA LTD,26537087,"26,315.94 ",,346000276
Department of Health,NHS Bedfordshire CCG,3/31/2019,Clinical&Medical-Commercial Sector,MENTAL HEALTH SERVICES - ADULTS,GLENHOLME HEALTHCARE LTD,26537385,"25,513.00 ",,0221000199
Department of Health,NHS Bedfordshire CCG,3/31/2019,Clinical&Medical-Commercial Sector,NCAS/OATS,SPIRE HEALTHCARE LTD,26551132,"33,017.84 ",915970991,06FNCA181910
Department of Health,NHS Bedfordshire CCG,3/31/2019,Clinical&Medical-Clinical Other,COMMUNITY SERVICES,CHILTERN VALE COMMUNITY INTEREST COMPANY,26551206,"44,315.60 ",,00100
Department of Health,NHS Bedfordshire CCG,3/31/2019,Hcare Srv Rec Fdtn Trust-Over/ Under Performance,ACUTE COMMISSIONING,OXFORD UNIVERSITY HOSPITALS NHS FOUNDATION TRUST,26551290,"(49,780.19)",654935407,CRN5477
Department of Health,NHS Bedfordshire CCG,3/31/2019,Hcare Srv Rec NHS Trust-Contract Baseline,ACUTE COMMISSIONING,BUCKINGHAMSHIRE HEALTHCARE NHS TRUST,26551448,"(37,150.30)",654 4313 46,M0002971
Department of Health,NHS Bedfordshire CCG,3/31/2019,Clinical&Medical-Othe Public Sector,REABLEMENT,CENTRAL BEDFORDSHIRE COUNCIL,26551532,"436,937.50 ",,7010341594
Department of Health,NHS Bedfordshire CCG,3/31/2019,Clinical&Medical-Clinical Other,GP FORWARD VIEW,BEDFORD ON CALL,26575595,"145,790.92 ",,BED408
Department of Health,NHS Bedfordshire CCG,3/31/2019,Hcare Srv Rec Fdtn Trust-Contract Baseline,COMMUNITY SERVICES,CAMBRIDGESHIRE COMMUNITY SERVICES,26575604,"37,160.00 ",654439952,8500036258
Department of Health,NHS Bedfordshire CCG,3/31/2019,C&M-GMS Practice Transformational Support,LOCAL ENHANCED SERVICES,DR TH KHOKHER & PARTNERS,26575608,"28,126.50 ",,140320191
Department of Health,NHS Bedfordshire CCG,3/31/2019,External Consultancy Fees,CORPORATE GOVERNANCE,HUNTER HEALTHCARE RESOURCING LTD,26579508,"49,970.00 ",112111296,HH3567
Department of Health,NHS Bedfordshire CCG,3/31/2019,Computer Hardware Purch,FINANCE,ITS DIGITAL,26580222,"55,781.16 ",GB801445955,12969
Department of Health,NHS Bedfordshire CCG,3/31/2019,Clinical&Medical-Commercial Sector,COMMUNITY SERVICES,HEADWAY BEDFORD,26603101,"30,359.50 ",,GBHJ1163
Department of Health,NHS Bedfordshire CCG,3/31/2019,External Consultancy Fees,NON RECURRENT RESERVE,AH ANALYSIS LTD,26603201,"57,033.00 ",,AHA6
Department of Health,NHS Bedfordshire CCG,3/31/2019,Clinical&Medical-Othe Public Sector,MENTAL HEALTH SERVICES - ADULTS,BEDFORD BOROUGH COUNCIL,26626936,"28,300.00 ",,16859419
Department of Health,NHS Bedfordshire CCG,3/31/2019,Hcare Srv Rec NHS Trust-Non Contract,PATIENT TRANSPORT,BEDFORD HOSPITAL NHS TRUST,26627983,"42,435.00 ",654912424,I0169632
Department of Health,NHS Bedfordshire CCG,3/31/2019,Hlthcre-Foundation Trsts,MENTAL HEALTH CONTRACTS,EAST LONDON NHS FOUNDATION TRUST,26628426,"90,632.00 ",654975390,10434484
Department of Health,NHS Bedfordshire CCG,3/31/2019,Charges from CCG,CEO/ BOARD OFFICE,NHS MILTON KEYNES CCG,26628485,"233,799.44 ",654460435,7017310528
Department of Health,NHS Bedfordshire CCG,3/31/2019,Charges from CCG,CEO/ BOARD OFFICE,NHS MILTON KEYNES CCG,26628493,"77,800.70 ",654460435,7017310530
Department of Health,NHS Bedfordshire CCG,3/31/2019,Clinical&Medical-Othe Public Sector,MENTAL HEALTH SERVICES - ADULTS,BEDFORD BOROUGH COUNCIL,26628513,"28,300.00 ",,17027904
Department of Health,NHS Bedfordshire CCG,3/31/2019,Clinical&Medical-Othe Public Sector,MENTAL HEALTH SERVICES - ADULTS,BEDFORD BOROUGH COUNCIL,26628517,"(28,300.00)",,17027897
Department of Health,NHS Bedfordshire CCG,3/31/2019,Cont Care-Physical Disab (<65),CHC ADULT FULLY FUNDED,FAIRLIE HOUSE,26628564,"27,350.68 ",,0000017661
Department of Health,NHS Bedfordshire CCG,3/31/2019,Cont Care- Children,CHC CHILDREN,CENTRAL BEDFORDSHIRE COUNCIL,26628592,"45,000.00 ",,7010341695
Department of Health,NHS Bedfordshire CCG,3/31/2019,Training Expenses,COMMISSIONING SCHEMES,BEDFORD BOROUGH COUNCIL,26628677,"37,655.00 ",,17033265
Department of Health,NHS Bedfordshire CCG,3/31/2019,Training Expenses,COMMISSIONING SCHEMES,CENTRAL BEDFORDSHIRE COUNCIL,26628696,"(323,264.00)",,7040022571
Department of Health,NHS Bedfordshire CCG,3/31/2019,Training Expenses,COMMISSIONING SCHEMES,CENTRAL BEDFORDSHIRE COUNCIL,26628702,"387,916.80 ",,7010341906
Department of Health,NHS Bedfordshire CCG,3/31/2019,C&M-GMS Cost of Drugs -Dispensing,LOCAL ENHANCED SERVICES,DE PARYS GROUP,26633163,"43,144.60 ",,BD000026559
Department of Health,NHS Bedfordshire CCG,3/31/2019,C&M-GMS Prof Fees Dispensing,PRC DELEGATED CO-COMMISSIONING,DE PARYS GROUP,26633163,"6,931.99 ",,BD000026559
Department of Health,NHS Bedfordshire CCG,3/31/2019,C&M-GMS PrscrptnChrgsColl&RmttdbyGP,LOCAL ENHANCED SERVICES,DE PARYS GROUP,26633163,"1,205.60 ",,BD000026559
Department of Health,NHS Bedfordshire CCG,3/31/2019,C&M-GMS Cost of Drugs -Dispensing,LOCAL ENHANCED SERVICES,DE PARYS GROUP,26633164,"(23,858.82)",,BD000026558
Department of Health,NHS Bedfordshire CCG,3/31/2019,C&M-GMS PrscChrgsCll&RmttdbyGPCntra,PRC DELEGATED CO-COMMISSIONING,DE PARYS GROUP,26633164,"(1,205.60)",,BD000026558
Department of Health,NHS Bedfordshire CCG,3/31/2019,C&M-GMS Cost of Drugs -Dispensing,LOCAL ENHANCED SERVICES,LARKSFIELD SURGERY,26633192,"26,223.92 ",,BD000026529
Department of Health,NHS Bedfordshire CCG,3/31/2019,C&M-GMS Prof Fees Dispensing,PRC DELEGATED CO-COMMISSIONING,LARKSFIELD SURGERY,26633192,"5,670.03 ",,BD000026529
Department of Health,NHS Bedfordshire CCG,3/31/2019,C&M-GMS PrscrptnChrgsColl&RmttdbyGP,LOCAL ENHANCED SERVICES,LARKSFIELD SURGERY,26633192,959.20 ,,BD000026529
Department of Health,NHS Bedfordshire CCG,3/31/2019,C&M-GMS Cost of Drugs -Dispensing,LOCAL ENHANCED SERVICES,HOUGHTON CLOSE SURGERY,26633195,"57,930.59 ",,BD000026526
Department of Health,NHS Bedfordshire CCG,3/31/2019,C&M-GMS Prof Fees Dispensing,PRC DELEGATED CO-COMMISSIONING,HOUGHTON CLOSE SURGERY,26633195,"13,972.29 ",,BD000026526
Department of Health,NHS Bedfordshire CCG,3/31/2019,C&M-GMS PrscrptnChrgsColl&RmttdbyGP,LOCAL ENHANCED SERVICES,HOUGHTON CLOSE SURGERY,26633195,"2,173.60 ",,BD000026526
Department of Health,NHS Bedfordshire CCG,3/31/2019,C&M-GMS Cost of Drugs -Dispensing,LOCAL ENHANCED SERVICES,HOUGHTON CLOSE SURGERY,26633196,"(35,150.78)",,BD000026525
Department of Health,NHS Bedfordshire CCG,3/31/2019,C&M-GMS PrscChrgsCll&RmttdbyGPCntra,PRC DELEGATED CO-COMMISSIONING,HOUGHTON CLOSE SURGERY,26633196,"(2,173.60)",,BD000026525
Department of Health,NHS Bedfordshire CCG,3/31/2019,C&M-GMS Cost of Drugs -Dispensing,LOCAL ENHANCED SERVICES,GREENSANDS MEDICAL PRACTICE,26633203,"53,813.21 ",,BD000026518
Department of Health,NHS Bedfordshire CCG,3/31/2019,C&M-GMS Prof Fees Dispensing,PRC DELEGATED CO-COMMISSIONING,GREENSANDS MEDICAL PRACTICE,26633203,"10,470.70 ",,BD000026518
Department of Health,NHS Bedfordshire CCG,3/31/2019,C&M-GMS PrscrptnChrgsColl&RmttdbyGP,LOCAL ENHANCED SERVICES,GREENSANDS MEDICAL PRACTICE,26633203,"2,314.40 ",,BD000026518
Department of Health,NHS Bedfordshire CCG,3/31/2019,C&M-GMS Cost of Drugs -Dispensing,LOCAL ENHANCED SERVICES,GREENSANDS MEDICAL PRACTICE,26633204,"(32,222.22)",,BD000026517
Department of Health,NHS Bedfordshire CCG,3/31/2019,C&M-GMS PrscChrgsCll&RmttdbyGPCntra,PRC DELEGATED CO-COMMISSIONING,GREENSANDS MEDICAL PRACTICE,26633204,"(2,314.40)",,BD000026517
Department of Health,NHS Bedfordshire CCG,3/31/2019,C&M-GMS Cost of Drugs -Dispensing,LOCAL ENHANCED SERVICES,HARROLD MEDICAL PRACTICE,26633205,"101,630.40 ",,BD000026516
Department of Health,NHS Bedfordshire CCG,3/31/2019,C&M-GMS Prof Fees Dispensing,PRC DELEGATED CO-COMMISSIONING,HARROLD MEDICAL PRACTICE,26633205,"21,091.94 ",,BD000026516
Department of Health,NHS Bedfordshire CCG,3/31/2019,C&M-GMS PrscrptnChrgsColl&RmttdbyGP,LOCAL ENHANCED SERVICES,HARROLD MEDICAL PRACTICE,26633205,"4,628.80 ",,BD000026516
Department of Health,NHS Bedfordshire CCG,3/31/2019,C&M-GMS Cost of Drugs -Dispensing,LOCAL ENHANCED SERVICES,HARROLD MEDICAL PRACTICE,26633206,"(52,752.37)",,BD000026515
Department of Health,NHS Bedfordshire CCG,3/31/2019,C&M-GMS PrscChrgsCll&RmttdbyGPCntra,PRC DELEGATED CO-COMMISSIONING,HARROLD MEDICAL PRACTICE,26633206,"(4,628.80)",,BD000026515
Department of Health,NHS Bedfordshire CCG,3/31/2019,C&M-GMS Cost of Drugs -Dispensing,LOCAL ENHANCED SERVICES,GT BARFORD SURGERY,26633207,"64,240.45 ",,BD000026514
Department of Health,NHS Bedfordshire CCG,3/31/2019,C&M-GMS Prof Fees Dispensing,PRC DELEGATED CO-COMMISSIONING,GT BARFORD SURGERY,26633207,"14,797.72 ",,BD000026514
Department of Health,NHS Bedfordshire CCG,3/31/2019,C&M-GMS PrscrptnChrgsColl&RmttdbyGP,LOCAL ENHANCED SERVICES,GT BARFORD SURGERY,26633207,"2,516.80 ",,BD000026514
Department of Health,NHS Bedfordshire CCG,3/31/2019,C&M-GMS Cost of Drugs -Dispensing,LOCAL ENHANCED SERVICES,GT BARFORD SURGERY,26633208,"(36,437.10)",,BD000026513
Department of Health,NHS Bedfordshire CCG,3/31/2019,C&M-GMS PrscChrgsCll&RmttdbyGPCntra,PRC DELEGATED CO-COMMISSIONING,GT BARFORD SURGERY,26633208,"(2,516.80)",,BD000026513
Department of Health,NHS Bedfordshire CCG,3/31/2019,C&M-GMS Cost of Drugs -Dispensing,LOCAL ENHANCED SERVICES,FLITWICK SURGERY,26633209,"29,748.95 ",,BD000026512
Department of Health,NHS Bedfordshire CCG,3/31/2019,C&M-GMS Prof Fees Dispensing,PRC DELEGATED CO-COMMISSIONING,FLITWICK SURGERY,26633209,"6,761.67 ",,BD000026512
Department of Health,NHS Bedfordshire CCG,3/31/2019,C&M-GMS PrscrptnChrgsColl&RmttdbyGP,LOCAL ENHANCED SERVICES,FLITWICK SURGERY,26633209,"1,144.00 ",,BD000026512
Department of Health,NHS Bedfordshire CCG,3/31/2019,C&M-GMS Cost of Drugs -Dispensing,LOCAL ENHANCED SERVICES,DR KM HEDGES & PARTNERS,26633213,"72,687.28 ",,BD000026508
Department of Health,NHS Bedfordshire CCG,3/31/2019,C&M-GMS Prof Fees Dispensing,PRC DELEGATED CO-COMMISSIONING,DR KM HEDGES & PARTNERS,26633213,"14,965.45 ",,BD000026508
Department of Health,NHS Bedfordshire CCG,3/31/2019,C&M-GMS PrscrptnChrgsColl&RmttdbyGP,LOCAL ENHANCED SERVICES,DR KM HEDGES & PARTNERS,26633213,"2,226.40 ",,BD000026508
Department of Health,NHS Bedfordshire CCG,3/31/2019,C&M-GMS Cost of Drugs -Dispensing,LOCAL ENHANCED SERVICES,DR KM HEDGES & PARTNERS,26633214,"(37,298.46)",,BD000026507
Department of Health,NHS Bedfordshire CCG,3/31/2019,C&M-GMS PrscChrgsCll&RmttdbyGPCntra,PRC DELEGATED CO-COMMISSIONING,DR KM HEDGES & PARTNERS,26633214,"(2,226.40)",,BD000026507
Department of Health,NHS Bedfordshire CCG,3/31/2019,C&M-GMS Cost of Drugs -Dispensing,LOCAL ENHANCED SERVICES,DR ME GLAZE & PARTNERS,26633215,"68,736.32 ",,BD000026506
Department of Health,NHS Bedfordshire CCG,3/31/2019,C&M-GMS Prof Fees Dispensing,PRC DELEGATED CO-COMMISSIONING,DR ME GLAZE & PARTNERS,26633215,"11,578.72 ",,BD000026506
Department of Health,NHS Bedfordshire CCG,3/31/2019,C&M-GMS PrscrptnChrgsColl&RmttdbyGP,LOCAL ENHANCED SERVICES,DR ME GLAZE & PARTNERS,26633215,"2,455.20 ",,BD000026506
Department of Health,NHS Bedfordshire CCG,3/31/2019,C&M-GMS Cost of Drugs -Dispensing,LOCAL ENHANCED SERVICES,DR ME GLAZE & PARTNERS,26633216,"(34,712.44)",,BD000026505
Department of Health,NHS Bedfordshire CCG,3/31/2019,C&M-GMS PrscChrgsCll&RmttdbyGPCntra,PRC DELEGATED CO-COMMISSIONING,DR ME GLAZE & PARTNERS,26633216,"(2,455.20)",,BD000026505
Department of Health,NHS Bedfordshire CCG,3/31/2019,C&M-GMS Cost of Drugs -Dispensing,LOCAL ENHANCED SERVICES,DR COLLINS & CARRAGHER,26633217,"33,604.25 ",,BD000026504
Department of Health,NHS Bedfordshire CCG,3/31/2019,C&M-GMS Prof Fees Dispensing,PRC DELEGATED CO-COMMISSIONING,DR COLLINS & CARRAGHER,26633217,"8,999.52 ",,BD000026504
Department of Health,NHS Bedfordshire CCG,3/31/2019,C&M-GMS PrscrptnChrgsColl&RmttdbyGP,LOCAL ENHANCED SERVICES,DR COLLINS & CARRAGHER,26633217,"1,504.80 ",,BD000026504
Department of Health,NHS Bedfordshire CCG,3/31/2019,C&M-GMS Cost of Drugs -Dispensing,LOCAL ENHANCED SERVICES,BASSETT ROAD MEDICAL PRACTICE,26633220,"40,801.23 ",,BD000026501
Department of Health,NHS Bedfordshire CCG,3/31/2019,C&M-GMS Prof Fees Dispensing,PRC DELEGATED CO-COMMISSIONING,BASSETT ROAD MEDICAL PRACTICE,26633220,"8,108.08 ",,BD000026501
Department of Health,NHS Bedfordshire CCG,3/31/2019,C&M-GMS PrscrptnChrgsColl&RmttdbyGP,LOCAL ENHANCED SERVICES,BASSETT ROAD MEDICAL PRACTICE,26633220,"1,557.60 ",,BD000026501
Department of Health,NHS Bedfordshire CCG,3/31/2019,C&M-GMS Cost of Drugs -Dispensing,LOCAL ENHANCED SERVICES,ASPLANDS MEDICAL CENTRE,26633223,"67,971.59 ",,BD000026498
Department of Health,NHS Bedfordshire CCG,3/31/2019,C&M-GMS Prof Fees Dispensing,PRC DELEGATED CO-COMMISSIONING,ASPLANDS MEDICAL CENTRE,26633223,"14,081.73 ",,BD000026498
Department of Health,NHS Bedfordshire CCG,3/31/2019,C&M-GMS PrscrptnChrgsColl&RmttdbyGP,LOCAL ENHANCED SERVICES,ASPLANDS MEDICAL CENTRE,26633223,"2,965.60 ",,BD000026498
Department of Health,NHS Bedfordshire CCG,3/31/2019,C&M-GMS Cost of Drugs -Dispensing,LOCAL ENHANCED SERVICES,ASPLANDS MEDICAL CENTRE,26633224,"(36,353.18)",,BD000026497
Department of Health,NHS Bedfordshire CCG,3/31/2019,C&M-GMS PrscChrgsCll&RmttdbyGPCntra,PRC DELEGATED CO-COMMISSIONING,ASPLANDS MEDICAL CENTRE,26633224,"(2,965.60)",,BD000026497
Department of Health,NHS Bedfordshire CCG,3/31/2019,Hlthcre-Foundation Trsts,MENTAL HEALTH CONTRACTS,EAST LONDON NHS FOUNDATION TRUST,26639074,"659,553.50 ",654975390,10434268
Department of Health,NHS Bedfordshire CCG,3/31/2019,Hcare Srv Rec Fdtn Trust-Non Contract,COMMUNITY SERVICES,ESSEX PARTNERSHIP UNIVERSITY NHS FT,26639086,"44,669.12 ",GB654974100,I0065229
Department of Health,NHS Bedfordshire CCG,3/31/2019,Hlthcre-Foundation Trsts,MENTAL HEALTH CONTRACTS,EAST LONDON NHS FOUNDATION TRUST,26639089,"245,036.00 ",654975390,10434481
Department of Health,NHS Bedfordshire CCG,3/31/2019,Training Expenses,COMMISSIONING SCHEMES,NHS ARDEN AND GEM CSU,26639091,"39,470.76 ",GB526164259,7312613794
Department of Health,NHS Bedfordshire CCG,3/31/2019,Hcare Srv Rec NHS Trust-Non Contract,NCAS/OATS,BARTS HEALTH NHS TRUST,26648566,"(63,029.48)",654947005,369706
Department of Health,NHS Bedfordshire CCG,3/31/2019,Hcare Srv Rec NHS Trust-Non Contract,NCAS/OATS,BARTS HEALTH NHS TRUST,26665492,"63,029.48 ",654947005,368747
Department of Health,NHS Bedfordshire CCG,3/31/2019,Hcare Srv Rec Fdtn Trust-Contract Baseline,ACUTE COMMISSIONING,GUYS & ST THOMAS HOSPITAL NHS FOUNDATION TRUST,26665495,"82,968.00 ",654923417,3260261
Department of Health,NHS Bedfordshire CCG,3/31/2019,Hcare Srv Rec Fdtn Trust-Contract Baseline,ACUTE COMMISSIONING,OXFORD UNIVERSITY HOSPITALS NHS FOUNDATION TRUST,26665497,"149,224.00 ",654935407,8298230
Department of Health,NHS Bedfordshire CCG,3/31/2019,Clinical&Medical-Commercial Sector,HOSPICES,SUE RYDER CARE,26665531,"43,868.18 ",GB 927 5079 02,23753
