Department family,Entity,Date,Expense Type,Expense area,Supplier,Transaction number,AP Amount (�),VAT registration number,Purchase invoice number
Department of Health,NHS Hastings & Rother CCG,30/11/2018,Clinical&Medical-Independent Sector,ACUTE CHILDRENS SERVICES,EAST SUSSEX COUNTY COUNCIL,24552843,35000,191803754,8003057616
Department of Health,NHS Hastings & Rother CCG,30/11/2018,Clinical&Medical-Voluntary Sector,HOSPICES,ST MICHAEL'S HOSPICE,24571662,1076107.5,,2803
Department of Health,NHS Hastings & Rother CCG,30/11/2018,Hcare Srv Rec Fdtn Trust-Contract Baseline,ACUTE CHILDRENS SERVICES,KENT COMMUNITY HEALTH NHS FOUNDATION TRUST,24598145,165612,654440093,24063450
Department of Health,NHS Hastings & Rother CCG,30/11/2018,Hlthcre-Foundation Trsts,MENTAL HEALTH CONTRACTS,SUSSEX PARTNERSHIP NHS FOUNDATION TRUST,24598149,-196237,654422543,6471788
Department of Health,NHS Hastings & Rother CCG,30/11/2018,Hlthcre-Foundation Trsts,MENTAL HEALTH CONTRACTS,SUSSEX PARTNERSHIP NHS FOUNDATION TRUST,24617821,213987,654422543,6471852
Department of Health,NHS Hastings & Rother CCG,30/11/2018,Hlthcre-Foundation Trsts,MENTAL HEALTH CONTRACTS,SUSSEX PARTNERSHIP NHS FOUNDATION TRUST,24617822,213987,654422543,6471853
Department of Health,NHS Hastings & Rother CCG,30/11/2018,External Contractors,CONTINUING HEALTHCARE ASSESSMENT & SUPPORT,CHS HEALTHCARE,24628624,63750,669927759,27487
Department of Health,NHS Hastings & Rother CCG,30/11/2018,Hcare Srv Rec Fdtn Trust-Contract Baseline,ACUTE COMMISSIONING,GUYS & ST THOMAS HOSPITAL NHS FOUNDATION TRUST,24628626,144549,654923417,3249944
Department of Health,NHS Hastings & Rother CCG,30/11/2018,Hcare Srv Rec NHS Trust-Over/ Under Performance,ACUTE COMMISSIONING,EAST SUSSEX HEALTHCARE NHS TRUST,24628627,60869,654418039,128876
Department of Health,NHS Hastings & Rother CCG,30/11/2018,Clinical&Medical-Independent Sector,ACUTE COMMISSIONING,SPIRE HEALTHCARE LTD,24628684,234178,915970991,09PSSXPF181908
Department of Health,NHS Hastings & Rother CCG,30/11/2018,Clinical&Medical-Commercial Sector,OUT OF HOURS,INTEGRATED CARE 24 LTD,24628692,128591.33,991241024,2067
Department of Health,NHS Hastings & Rother CCG,30/11/2018,Hcare Srv Rec NHS Trust-Contract Baseline,ACUTE COMMISSIONING,MAIDSTONE AND TUNBRIDGE WELLS NHS TRUST,24628698,104647,654972595,4000113403
Department of Health,NHS Hastings & Rother CCG,30/11/2018,Hcare Srv Rec NHS Trust-Contract Baseline,ACUTE COMMISSIONING,BRIGHTON AND SUSSEX UNIVERSITY HOSPITALS NHS TRUST,24628707,400184,654913715,160987
Department of Health,NHS Hastings & Rother CCG,30/11/2018,Hcare Srv Rec Fdtn Trust-Contract Baseline,ACUTE COMMISSIONING,QUEEN VICTORIA HOSPITAL NHS FOUNDATION TRUST,24628709,128615,654946595,2010016385
Department of Health,NHS Hastings & Rother CCG,30/11/2018,Cont Care-Foundation Trust,CHC ADULT FULLY FUNDED,SUSSEX COMMUNITY NHS FOUNDATION TRUST,24628743,27620.67,654941317,11137874
Department of Health,NHS Hastings & Rother CCG,30/11/2018,Cont Care- Children,CHC CHILDREN,INTERSERVE HEALTHCARE LTD,24628869,34708.78,853731615,1909918
Department of Health,NHS Hastings & Rother CCG,30/11/2018,External Contractors,CONTINUING HEALTHCARE ASSESSMENT & SUPPORT,CHS HEALTHCARE,24634113,63750,669927759,27934
Department of Health,NHS Hastings & Rother CCG,30/11/2018,Cont Care-Funded Nursing Care Allow,FUNDED NURSING CARE,ASHRIDGE COURT CARE CENTRE,24639114,31631.87,,09PIPF002633
Department of Health,NHS Hastings & Rother CCG,30/11/2018,Cont Care-Funded Nursing Care Allow,FUNDED NURSING CARE,BARCHESTER HEALTHCARE HOMES LTD,24639122,33270.99,796642084,09PIPF002636
Department of Health,NHS Hastings & Rother CCG,30/11/2018,Cont Care-Funded Nursing Care Allow,FUNDED NURSING CARE,GALLEON CARE HOMES LTD,24639149,34162.43,,09PIPF002650
Department of Health,NHS Hastings & Rother CCG,30/11/2018,Cont Care-Funded Nursing Care Allow,FUNDED NURSING CARE,PAYDENS (NURSING HOMES) LTD,24639151,31021.84,,09PIPF002651
Department of Health,NHS Hastings & Rother CCG,30/11/2018,Cont Care-Funded Nursing Care Allow,FUNDED NURSING CARE,ST DOMINICS NURSING & RESIDENTIAL HOME,24639153,33213.47,,09PIPF002652
Department of Health,NHS Hastings & Rother CCG,30/11/2018,Cont Care-Funded Nursing Care Allow,FUNDED NURSING CARE,MORETON CENTRE,24639154,30050.29,,09PIPF002653
Department of Health,NHS Hastings & Rother CCG,30/11/2018,Hcare Srv Rec Fdtn Trust-Contract Baseline,ACUTE COMMISSIONING,KING`S COLLEGE HOSPITAL NHS FOUNDATION TRUST,24653321,71630,654926800,264147
Department of Health,NHS Hastings & Rother CCG,30/11/2018,Hcare Srv Rec Fdtn Trust-Contract Baseline,ACUTE COMMISSIONING,UNIVERSITY COLLEGE LONDON HOSPITALS NHS FOUNDATION TRUST,24653365,50268,654948687,5010182378
Department of Health,NHS Hastings & Rother CCG,30/11/2018,Hcare Srv Rec Fdtn Trust-Contract Baseline,NHS 111,SOUTH EAST COAST AMBULANCE SERVICE NHS FOUNDATION TRUST,24653383,61168.33,654434925,7881324
Department of Health,NHS Hastings & Rother CCG,30/11/2018,Charges from CSU,FINANCE,NHS SOUTH CENTRAL AND WEST COMMISSIONING SUPPORT UNIT,24653395,62048.2,,7312707365
Department of Health,NHS Hastings & Rother CCG,30/11/2018,Hcare Srv Rec Fdtn Trust-Contract Baseline,ACUTE COMMISSIONING,ROYAL MARSDEN NHS FOUNDATION TRUST (THE),24679242,-32421.49,65 4947396,45754925
Department of Health,NHS Hastings & Rother CCG,30/11/2018,Hcare Srv Rec Fdtn Trust-Contract Baseline,ACUTE COMMISSIONING,QUEEN VICTORIA HOSPITAL NHS FOUNDATION TRUST,24679287,-29669.08,654946595,2269
Department of Health,NHS Hastings & Rother CCG,30/11/2018,Voids and Subsidies,RECHARGES NHS PROPERTY SERVICES LTD,EAST SUSSEX HEALTHCARE NHS TRUST,24727977,291989.36,654418039,127384
Department of Health,NHS Hastings & Rother CCG,30/11/2018,Services From Local Authorities,REABLEMENT,EAST SUSSEX COUNTY COUNCIL,24730001,2388141.65,191803754,8004113917
Department of Health,NHS Hastings & Rother CCG,30/11/2018,Hcare Srv Rec NHS Trust-Contract Baseline,ACUTE COMMISSIONING,EAST SUSSEX HEALTHCARE NHS TRUST,24730106,11999257.17,654418039,129148
Department of Health,NHS Hastings & Rother CCG,30/11/2018,Hcare Srv Rec Fdtn Trust-Contract Baseline,MENTAL HEALTH CONTRACTS,SUSSEX PARTNERSHIP NHS FOUNDATION TRUST,24730149,1776679,654422543,6471885
Department of Health,NHS Hastings & Rother CCG,30/11/2018,Apprenticeship Levy Payable,BALANCE SHEET,HMRC,24740191,1641,,475PR004691391907
Department of Health,NHS Hastings & Rother CCG,30/11/2018,Income tax <1Yr,BALANCE SHEET,HMRC,24740191,85926.2,,475PR004691391907
Department of Health,NHS Hastings & Rother CCG,30/11/2018,Income tax <1Yr-Student Loans,BALANCE SHEET,HMRC,24740191,1227,,475PR004691391907
Department of Health,NHS Hastings & Rother CCG,30/11/2018,National Insurance < 1 yr-NI- ERS,BALANCE SHEET,HMRC,24740191,60677.22,,475PR004691391907
Department of Health,NHS Hastings & Rother CCG,30/11/2018,National Insurance < 1 yr-NI-EES,BALANCE SHEET,HMRC,24740191,44360.76,,475PR004691391907
Department of Health,NHS Hastings & Rother CCG,30/11/2018,Statutory Mat Pay < 1 yr,BALANCE SHEET,HMRC,24740191,-1202.13,,475PR004691391907
Department of Health,NHS Hastings & Rother CCG,30/11/2018,Statutory Paternity Pay < 1 yr,BALANCE SHEET,HMRC,24740191,-534.28,,475PR004691391907
Department of Health,NHS Hastings & Rother CCG,30/11/2018,Other Transport Costs,PATIENT TRANSPORT,NHS HIGH WEALD LEWES HAVENS CCG,24746890,728300,654458611,7030701621
Department of Health,NHS Hastings & Rother CCG,30/11/2018,Hcare Srv Rec Fdtn Trust-Contract Baseline,AMBULANCE SERVICES,SOUTH EAST COAST AMBULANCE SERVICE NHS FOUNDATION TRUST,24746914,767304.31,654434925,7881369
Department of Health,NHS Hastings & Rother CCG,30/11/2018,Cont Care-Physical Disab (65+),CHC ADULT FULLY FUNDED,GLENSIDE MANOR HEALTHCARE SERVICES LTD,24746920,30814.97,,20559
Department of Health,NHS Hastings & Rother CCG,30/11/2018,Hcare Srv Rec Fdtn Trust-Contract Baseline,AMBULANCE SERVICES,SOUTH EAST COAST AMBULANCE SERVICE NHS FOUNDATION TRUST,24746933,199728.76,654434925,7881391
Department of Health,NHS Hastings & Rother CCG,30/11/2018,Cont Care-Learning Disab(<65),CHC ADULT FULLY FUNDED,SUSSEX COMMUNITY NHS FOUNDATION TRUST,24746963,27620.67,654941317,11137488
Department of Health,NHS Hastings & Rother CCG,30/11/2018,C&M-GMS Cost of Drugs -Dispensing,LOCAL ENHANCED SERVICES,DR JAMES & PARTNERS RYE,24780194,-85696.5,,TE000035314
Department of Health,NHS Hastings & Rother CCG,30/11/2018,C&M-GMS PrscChrgsCll&RmttdbyGPCntra,PRC DELEGATED CO-COMMISSIONING,DR JAMES & PARTNERS RYE,24780194,-4690.4,,TE000035314
Department of Health,NHS Hastings & Rother CCG,30/11/2018,C&M-GMS Cost of Drugs -Dispensing,LOCAL ENHANCED SERVICES,DR JAMES & PARTNERS RYE,24780197,171246.87,,TE000035315
Department of Health,NHS Hastings & Rother CCG,30/11/2018,C&M-GMS Prof Fees Dispensing,PRC DELEGATED CO-COMMISSIONING,DR JAMES & PARTNERS RYE,24780197,26830.4,,TE000035315
Department of Health,NHS Hastings & Rother CCG,30/11/2018,C&M-GMS PrscrptnChrgsColl&RmttdbyGP,LOCAL ENHANCED SERVICES,DR JAMES & PARTNERS RYE,24780197,4690.4,,TE000035315
Department of Health,NHS Hastings & Rother CCG,30/11/2018,C&M-GMS Cost of Drugs -Dispensing,LOCAL ENHANCED SERVICES,DR PACKHAM & PARTNERS,24780199,-36431.48,,TE000035316
Department of Health,NHS Hastings & Rother CCG,30/11/2018,C&M-GMS PrscChrgsCll&RmttdbyGPCntra,PRC DELEGATED CO-COMMISSIONING,DR PACKHAM & PARTNERS,24780199,-3229.6,,TE000035316
Department of Health,NHS Hastings & Rother CCG,30/11/2018,C&M-GMS Cost of Drugs -Dispensing,LOCAL ENHANCED SERVICES,DR PACKHAM & PARTNERS,24780201,79804.86,,TE000035317
Department of Health,NHS Hastings & Rother CCG,30/11/2018,C&M-GMS Prof Fees Dispensing,PRC DELEGATED CO-COMMISSIONING,DR PACKHAM & PARTNERS,24780201,12002.64,,TE000035317
Department of Health,NHS Hastings & Rother CCG,30/11/2018,C&M-GMS PrscrptnChrgsColl&RmttdbyGP,LOCAL ENHANCED SERVICES,DR PACKHAM & PARTNERS,24780201,3229.6,,TE000035317
Department of Health,NHS Hastings & Rother CCG,30/11/2018,C&M-GMS Cost of Drugs -Dispensing,LOCAL ENHANCED SERVICES,DR RODGERS & PARTNER,24780206,40865.57,,TE000035319
Department of Health,NHS Hastings & Rother CCG,30/11/2018,C&M-GMS Prof Fees Dispensing,PRC DELEGATED CO-COMMISSIONING,DR RODGERS & PARTNER,24780206,6874.03,,TE000035319
Department of Health,NHS Hastings & Rother CCG,30/11/2018,C&M-GMS PrscrptnChrgsColl&RmttdbyGP,LOCAL ENHANCED SERVICES,DR RODGERS & PARTNER,24780206,792,,TE000035319
Department of Health,NHS Hastings & Rother CCG,30/11/2018,C&M-GMS Cost of Drugs -Dispensing,LOCAL ENHANCED SERVICES,DR STERN & PARTNERS,24780208,-72889,,TE000035320
Department of Health,NHS Hastings & Rother CCG,30/11/2018,C&M-GMS PrscChrgsCll&RmttdbyGPCntra,PRC DELEGATED CO-COMMISSIONING,DR STERN & PARTNERS,24780208,-3185.6,,TE000035320
Department of Health,NHS Hastings & Rother CCG,30/11/2018,C&M-GMS Cost of Drugs -Dispensing,LOCAL ENHANCED SERVICES,DR STERN & PARTNERS,24780210,152021.96,,TE000035321
Department of Health,NHS Hastings & Rother CCG,30/11/2018,C&M-GMS Prof Fees Dispensing,PRC DELEGATED CO-COMMISSIONING,DR STERN & PARTNERS,24780210,22877.24,,TE000035321
Department of Health,NHS Hastings & Rother CCG,30/11/2018,C&M-GMS PrscrptnChrgsColl&RmttdbyGP,LOCAL ENHANCED SERVICES,DR STERN & PARTNERS,24780210,3185.6,,TE000035321
Department of Health,NHS Hastings & Rother CCG,30/11/2018,C&M-GMS Cost of Drugs -Dispensing,LOCAL ENHANCED SERVICES,DR WARDEN & PARTNERS,24780217,40769.02,,TE000035323
Department of Health,NHS Hastings & Rother CCG,30/11/2018,C&M-GMS Prof Fees Dispensing,PRC DELEGATED CO-COMMISSIONING,DR WARDEN & PARTNERS,24780217,7570.1,,TE000035323
Department of Health,NHS Hastings & Rother CCG,30/11/2018,C&M-GMS PrscrptnChrgsColl&RmttdbyGP,LOCAL ENHANCED SERVICES,DR WARDEN & PARTNERS,24780217,1038.4,,TE000035323
Department of Health,NHS Hastings & Rother CCG,30/11/2018,C&M-GMS Cost of Drugs -Dispensing,LOCAL ENHANCED SERVICES,HAROLD ROAD SURGERY,24780223,53854.7,,TE000035325
Department of Health,NHS Hastings & Rother CCG,30/11/2018,C&M-GMS Prof Fees Dispensing,PRC DELEGATED CO-COMMISSIONING,HAROLD ROAD SURGERY,24780223,7545.95,,TE000035325
Department of Health,NHS Hastings & Rother CCG,30/11/2018,C&M-GMS PrscrptnChrgsColl&RmttdbyGP,LOCAL ENHANCED SERVICES,HAROLD ROAD SURGERY,24780223,396,,TE000035325
Department of Health,NHS Hastings & Rother CCG,30/11/2018,C&M-GMS Cost of Drugs -Dispensing,LOCAL ENHANCED SERVICES,FERRY ROAD HEALTH CENTRE,24780230,30825.65,,TE000035327
Department of Health,NHS Hastings & Rother CCG,30/11/2018,C&M-GMS Prof Fees Dispensing,PRC DELEGATED CO-COMMISSIONING,FERRY ROAD HEALTH CENTRE,24780230,5700.92,,TE000035327
Department of Health,NHS Hastings & Rother CCG,30/11/2018,C&M-GMS PrscrptnChrgsColl&RmttdbyGP,LOCAL ENHANCED SERVICES,FERRY ROAD HEALTH CENTRE,24780230,589.6,,TE000035327
Department of Health,NHS Hastings & Rother CCG,30/11/2018,C&M-GMS Cost of Drugs -Dispensing,LOCAL ENHANCED SERVICES,HASTINGS OLD TOWN SURGERY,24780234,-29087.2,,TE000035328
Department of Health,NHS Hastings & Rother CCG,30/11/2018,C&M-GMS PrscChrgsCll&RmttdbyGPCntra,PRC DELEGATED CO-COMMISSIONING,HASTINGS OLD TOWN SURGERY,24780234,-677.6,,TE000035328
Department of Health,NHS Hastings & Rother CCG,30/11/2018,C&M-GMS Cost of Drugs -Dispensing,LOCAL ENHANCED SERVICES,HASTINGS OLD TOWN SURGERY,24780238,63290.37,,TE000035329
Department of Health,NHS Hastings & Rother CCG,30/11/2018,C&M-GMS Prof Fees Dispensing,PRC DELEGATED CO-COMMISSIONING,HASTINGS OLD TOWN SURGERY,24780238,9505.7,,TE000035329
Department of Health,NHS Hastings & Rother CCG,30/11/2018,C&M-GMS PrscrptnChrgsColl&RmttdbyGP,LOCAL ENHANCED SERVICES,HASTINGS OLD TOWN SURGERY,24780238,677.6,,TE000035329
Department of Health,NHS Hastings & Rother CCG,30/11/2018,C&M-GMS Cost of Drugs -Dispensing,LOCAL ENHANCED SERVICES,RYE MEDICAL CENTRE,24781190,-68541.33,,TE000035312
Department of Health,NHS Hastings & Rother CCG,30/11/2018,C&M-GMS PrscChrgsCll&RmttdbyGPCntra,PRC DELEGATED CO-COMMISSIONING,RYE MEDICAL CENTRE,24781190,-2059.2,,TE000035312
Department of Health,NHS Hastings & Rother CCG,30/11/2018,C&M-GMS Cost of Drugs -Dispensing,LOCAL ENHANCED SERVICES,RYE MEDICAL CENTRE,24781191,139274.39,,TE000035313
Department of Health,NHS Hastings & Rother CCG,30/11/2018,C&M-GMS Prof Fees Dispensing,PRC DELEGATED CO-COMMISSIONING,RYE MEDICAL CENTRE,24781191,20836.42,,TE000035313
Department of Health,NHS Hastings & Rother CCG,30/11/2018,C&M-GMS PrscrptnChrgsColl&RmttdbyGP,LOCAL ENHANCED SERVICES,RYE MEDICAL CENTRE,24781191,2059.2,,TE000035313
Department of Health,NHS Hastings & Rother CCG,30/11/2018,Clinical&Medical-Commercial Sector,NCAS/OATS,BENENDEN HOSPITAL TRUST,24785390,46472.85,583883292,28263
Department of Health,NHS Hastings & Rother CCG,30/11/2018,Professional Fees,ADMINISTRATION & BUSINESS SUPPORT,NHS HIGH WEALD LEWES HAVENS CCG,24785402,39369,654458611,7030701633
Department of Health,NHS Hastings & Rother CCG,30/11/2018,C&M-GMS Global Sum,PRC DELEGATED CO-COMMISSIONING,CARISBROOKE SURGERY,24802779,60489.5,,TE000035450
Department of Health,NHS Hastings & Rother CCG,30/11/2018,C&M-GMS MPIG Correction Factor,PRC DELEGATED CO-COMMISSIONING,CARISBROOKE SURGERY,24802779,339.64,,TE000035450
Department of Health,NHS Hastings & Rother CCG,30/11/2018,C&M-GMS PCO Other,PRC DELEGATED CO-COMMISSIONING,CARISBROOKE SURGERY,24802779,559.72,,TE000035450
Department of Health,NHS Hastings & Rother CCG,30/11/2018,C&M-GMS Prem Actual Rent,PRC DELEGATED CO-COMMISSIONING,CARISBROOKE SURGERY,24802779,15243.83,,TE000035450
Department of Health,NHS Hastings & Rother CCG,30/11/2018,C&M-GMS Prem Rates,PRC DELEGATED CO-COMMISSIONING,CARISBROOKE SURGERY,24802779,936,,TE000035450
Department of Health,NHS Hastings & Rother CCG,30/11/2018,C&M-GMS Prem Water Rates,PRC DELEGATED CO-COMMISSIONING,CARISBROOKE SURGERY,24802779,401.75,,TE000035450
Department of Health,NHS Hastings & Rother CCG,30/11/2018,C&M-GMS QOF Aspiration,PRC DELEGATED CO-COMMISSIONING,CARISBROOKE SURGERY,24802779,6678.96,,TE000035450
Department of Health,NHS Hastings & Rother CCG,30/11/2018,C&M-GMS Global Sum,PRC DELEGATED CO-COMMISSIONING,CHURCHWOOD MEDICAL PRACTICE,24802781,45172.35,,TE000035452
Department of Health,NHS Hastings & Rother CCG,30/11/2018,C&M-GMS MPIG Correction Factor,PRC DELEGATED CO-COMMISSIONING,CHURCHWOOD MEDICAL PRACTICE,24802781,361.84,,TE000035452
Department of Health,NHS Hastings & Rother CCG,30/11/2018,C&M-GMS Prem Actual Rent,PRC DELEGATED CO-COMMISSIONING,CHURCHWOOD MEDICAL PRACTICE,24802781,2922.92,,TE000035452
Department of Health,NHS Hastings & Rother CCG,30/11/2018,C&M-GMS Prem Rates,PRC DELEGATED CO-COMMISSIONING,CHURCHWOOD MEDICAL PRACTICE,24802781,807,,TE000035452
Department of Health,NHS Hastings & Rother CCG,30/11/2018,C&M-GMS QOF Aspiration,PRC DELEGATED CO-COMMISSIONING,CHURCHWOOD MEDICAL PRACTICE,24802781,5076.52,,TE000035452
Department of Health,NHS Hastings & Rother CCG,30/11/2018,C&M-GMS Global Sum,PRC DELEGATED CO-COMMISSIONING,DR ELIAS AND PARTNERS,24802785,71056.24,,TE000035456
Department of Health,NHS Hastings & Rother CCG,30/11/2018,C&M-GMS Prem Actual Rent,PRC DELEGATED CO-COMMISSIONING,DR ELIAS AND PARTNERS,24802785,2887.5,,TE000035456
Department of Health,NHS Hastings & Rother CCG,30/11/2018,C&M-GMS Prem Rates,PRC DELEGATED CO-COMMISSIONING,DR ELIAS AND PARTNERS,24802785,2837,,TE000035456
Department of Health,NHS Hastings & Rother CCG,30/11/2018,C&M-GMS QOF Aspiration,PRC DELEGATED CO-COMMISSIONING,DR ELIAS AND PARTNERS,24802785,11047.22,,TE000035456
Department of Health,NHS Hastings & Rother CCG,30/11/2018,C&M-GMS Global Sum,PRC DELEGATED CO-COMMISSIONING,DR HUGHES & PARTNERS HASTINGS,24802787,123090.87,,TE000035460
Department of Health,NHS Hastings & Rother CCG,30/11/2018,C&M-GMS QOF Aspiration,PRC DELEGATED CO-COMMISSIONING,DR HUGHES & PARTNERS HASTINGS,24802787,6586.52,,TE000035460
Department of Health,NHS Hastings & Rother CCG,30/11/2018,C&M-GMS Global Sum,PRC DELEGATED CO-COMMISSIONING,DR JAMES & PARTNERS RYE,24802789,52493.31,,TE000035462
Department of Health,NHS Hastings & Rother CCG,30/11/2018,C&M-GMS MPIG Correction Factor,PRC DELEGATED CO-COMMISSIONING,DR JAMES & PARTNERS RYE,24802789,347.02,,TE000035462
Department of Health,NHS Hastings & Rother CCG,30/11/2018,C&M-GMS Prem Actual Rent,PRC DELEGATED CO-COMMISSIONING,DR JAMES & PARTNERS RYE,24802789,4375,,TE000035462
Department of Health,NHS Hastings & Rother CCG,30/11/2018,C&M-GMS Prem Rates,PRC DELEGATED CO-COMMISSIONING,DR JAMES & PARTNERS RYE,24802789,1026,,TE000035462
Department of Health,NHS Hastings & Rother CCG,30/11/2018,C&M-GMS QOF Aspiration,PRC DELEGATED CO-COMMISSIONING,DR JAMES & PARTNERS RYE,24802789,4874.2,,TE000035462
Department of Health,NHS Hastings & Rother CCG,30/11/2018,C&M-GMS Global Sum,PRC DELEGATED CO-COMMISSIONING,DR LAWTON & PARTNERS,24802790,116704.92,,TE000035464
Department of Health,NHS Hastings & Rother CCG,30/11/2018,C&M-GMS PCO Other,PRC DELEGATED CO-COMMISSIONING,DR LAWTON & PARTNERS,24802790,1031.9,,TE000035464
Department of Health,NHS Hastings & Rother CCG,30/11/2018,C&M-GMS Prem Actual Rent,PRC DELEGATED CO-COMMISSIONING,DR LAWTON & PARTNERS,24802790,3583.33,,TE000035464
Department of Health,NHS Hastings & Rother CCG,30/11/2018,C&M-GMS Prem Rates,PRC DELEGATED CO-COMMISSIONING,DR LAWTON & PARTNERS,24802790,4279,,TE000035464
Department of Health,NHS Hastings & Rother CCG,30/11/2018,C&M-GMS QOF Aspiration,PRC DELEGATED CO-COMMISSIONING,DR LAWTON & PARTNERS,24802790,14581.85,,TE000035464
Department of Health,NHS Hastings & Rother CCG,30/11/2018,C&M-GMS Global Sum,PRC DELEGATED CO-COMMISSIONING,DR PACKHAM & PARTNERS,24802792,31593.47,,TE000035466
Department of Health,NHS Hastings & Rother CCG,30/11/2018,C&M-GMS MPIG Correction Factor,PRC DELEGATED CO-COMMISSIONING,DR PACKHAM & PARTNERS,24802792,546.29,,TE000035466
Department of Health,NHS Hastings & Rother CCG,30/11/2018,C&M-GMS PCO Other,PRC DELEGATED CO-COMMISSIONING,DR PACKHAM & PARTNERS,24802792,384.5,,TE000035466
Department of Health,NHS Hastings & Rother CCG,30/11/2018,C&M-GMS Prem Actual Rent,PRC DELEGATED CO-COMMISSIONING,DR PACKHAM & PARTNERS,24802792,3200,,TE000035466
Department of Health,NHS Hastings & Rother CCG,30/11/2018,C&M-GMS Prem Rates,PRC DELEGATED CO-COMMISSIONING,DR PACKHAM & PARTNERS,24802792,622,,TE000035466
Department of Health,NHS Hastings & Rother CCG,30/11/2018,C&M-GMS QOF Aspiration,PRC DELEGATED CO-COMMISSIONING,DR PACKHAM & PARTNERS,24802792,3211.37,,TE000035466
Department of Health,NHS Hastings & Rother CCG,30/11/2018,C&M-GMS Global Sum,PRC DELEGATED CO-COMMISSIONING,DR RIVETT & PARTNERS,24802794,61202.06,,TE000035468
Department of Health,NHS Hastings & Rother CCG,30/11/2018,C&M-GMS Prem Actual Rent,PRC DELEGATED CO-COMMISSIONING,DR RIVETT & PARTNERS,24802794,3500,,TE000035468
Department of Health,NHS Hastings & Rother CCG,30/11/2018,C&M-GMS Prem Rates,PRC DELEGATED CO-COMMISSIONING,DR RIVETT & PARTNERS,24802794,1205,,TE000035468
Department of Health,NHS Hastings & Rother CCG,30/11/2018,C&M-GMS QOF Aspiration,PRC DELEGATED CO-COMMISSIONING,DR RIVETT & PARTNERS,24802794,6773.49,,TE000035468
Department of Health,NHS Hastings & Rother CCG,30/11/2018,C&M-GMS Global Sum,PRC DELEGATED CO-COMMISSIONING,DR RODGERS & PARTNER,24802796,40279.02,,TE000035470
Department of Health,NHS Hastings & Rother CCG,30/11/2018,C&M-GMS Other FDR Payment,PRC DELEGATED CO-COMMISSIONING,DR RODGERS & PARTNER,24802796,1180.68,,TE000035470
Department of Health,NHS Hastings & Rother CCG,30/11/2018,C&M-GMS Prem Rates,PRC DELEGATED CO-COMMISSIONING,DR RODGERS & PARTNER,24802796,904,,TE000035470
Department of Health,NHS Hastings & Rother CCG,30/11/2018,C&M-GMS QOF Aspiration,PRC DELEGATED CO-COMMISSIONING,DR RODGERS & PARTNER,24802796,4226.44,,TE000035470
Department of Health,NHS Hastings & Rother CCG,30/11/2018,ME - GMS GP Prior Year ERs,PRC DELEGATED CO-COMMISSIONING,DR RODGERS & PARTNER,24802796,5663.31,,TE000035470
Department of Health,NHS Hastings & Rother CCG,30/11/2018,ME-GMS GP Prior Year EEs,PRC DELEGATED CO-COMMISSIONING,DR RODGERS & PARTNER,24802796,6373.85,,TE000035470
Department of Health,NHS Hastings & Rother CCG,30/11/2018,C&M-GMS Global Sum,PRC DELEGATED CO-COMMISSIONING,DR STERN & PARTNERS,24802798,50994.63,,TE000035472
Department of Health,NHS Hastings & Rother CCG,30/11/2018,C&M-GMS MPIG Correction Factor,PRC DELEGATED CO-COMMISSIONING,DR STERN & PARTNERS,24802798,291.55,,TE000035472
Department of Health,NHS Hastings & Rother CCG,30/11/2018,C&M-GMS Prem Actual Rent,PRC DELEGATED CO-COMMISSIONING,DR STERN & PARTNERS,24802798,4633.33,,TE000035472
Department of Health,NHS Hastings & Rother CCG,30/11/2018,C&M-GMS Prem Rates,PRC DELEGATED CO-COMMISSIONING,DR STERN & PARTNERS,24802798,1353,,TE000035472
Department of Health,NHS Hastings & Rother CCG,30/11/2018,C&M-GMS Prem Water Rates,PRC DELEGATED CO-COMMISSIONING,DR STERN & PARTNERS,24802798,111.8,,TE000035472
Department of Health,NHS Hastings & Rother CCG,30/11/2018,C&M-GMS QOF Aspiration,PRC DELEGATED CO-COMMISSIONING,DR STERN & PARTNERS,24802798,6152.05,,TE000035472
Department of Health,NHS Hastings & Rother CCG,30/11/2018,C&M-GMS Global Sum,PRC DELEGATED CO-COMMISSIONING,DR WARDEN & PARTNERS,24802800,60134.2,,TE000035474
Department of Health,NHS Hastings & Rother CCG,30/11/2018,C&M-GMS PCO Doctors Ret Scheme,PRC DELEGATED CO-COMMISSIONING,DR WARDEN & PARTNERS,24802800,2076.84,,TE000035474
Department of Health,NHS Hastings & Rother CCG,30/11/2018,C&M-GMS PCO Other,PRC DELEGATED CO-COMMISSIONING,DR WARDEN & PARTNERS,24802800,540.28,,TE000035474
Department of Health,NHS Hastings & Rother CCG,30/11/2018,C&M-GMS Prem Actual Rent,PRC DELEGATED CO-COMMISSIONING,DR WARDEN & PARTNERS,24802800,5890.67,,TE000035474
Department of Health,NHS Hastings & Rother CCG,30/11/2018,C&M-GMS Prem Rates,PRC DELEGATED CO-COMMISSIONING,DR WARDEN & PARTNERS,24802800,1850,,TE000035474
Department of Health,NHS Hastings & Rother CCG,30/11/2018,C&M-GMS QOF Aspiration,PRC DELEGATED CO-COMMISSIONING,DR WARDEN & PARTNERS,24802800,7646.84,,TE000035474
Department of Health,NHS Hastings & Rother CCG,30/11/2018,ME-GMS GP Pension EEs Adjustments,PRC DELEGATED CO-COMMISSIONING,DR WARDEN & PARTNERS,24802800,10150.02,,TE000035474
Department of Health,NHS Hastings & Rother CCG,30/11/2018,ME-GMS GP Pension ERs Adjustments,PRC DELEGATED CO-COMMISSIONING,DR WARDEN & PARTNERS,24802800,10066.02,,TE000035474
Department of Health,NHS Hastings & Rother CCG,30/11/2018,C&M-GMS Global Sum,PRC DELEGATED CO-COMMISSIONING,SEDLESCOMBE HOUSE,24802806,25176.69,,TE000035482
Department of Health,NHS Hastings & Rother CCG,30/11/2018,C&M-GMS PCO Other,PRC DELEGATED CO-COMMISSIONING,SEDLESCOMBE HOUSE,24802806,289.53,,TE000035482
Department of Health,NHS Hastings & Rother CCG,30/11/2018,C&M-GMS Prem Actual Rent,PRC DELEGATED CO-COMMISSIONING,SEDLESCOMBE HOUSE,24802806,2843.75,,TE000035482
Department of Health,NHS Hastings & Rother CCG,30/11/2018,C&M-GMS Prem Rates,PRC DELEGATED CO-COMMISSIONING,SEDLESCOMBE HOUSE,24802806,482,,TE000035482
Department of Health,NHS Hastings & Rother CCG,30/11/2018,C&M-GMS QOF Aspiration,PRC DELEGATED CO-COMMISSIONING,SEDLESCOMBE HOUSE,24802806,2645.27,,TE000035482
Department of Health,NHS Hastings & Rother CCG,30/11/2018,C&M-GMS DES Learn Dsblty Hlth Chk,PRC DELEGATED CO-COMMISSIONING,SOUTH SAXON HOUSE SURGERY,24802808,2100,,TE000035484
Department of Health,NHS Hastings & Rother CCG,30/11/2018,C&M-GMS Global Sum,PRC DELEGATED CO-COMMISSIONING,SOUTH SAXON HOUSE SURGERY,24802808,23049.59,,TE000035484
Department of Health,NHS Hastings & Rother CCG,30/11/2018,C&M-GMS MPIG Correction Factor,PRC DELEGATED CO-COMMISSIONING,SOUTH SAXON HOUSE SURGERY,24802808,459.2,,TE000035484
Department of Health,NHS Hastings & Rother CCG,30/11/2018,C&M-GMS PCO Other,PRC DELEGATED CO-COMMISSIONING,SOUTH SAXON HOUSE SURGERY,24802808,267.53,,TE000035484
Department of Health,NHS Hastings & Rother CCG,30/11/2018,C&M-GMS Prem Actual Rent,PRC DELEGATED CO-COMMISSIONING,SOUTH SAXON HOUSE SURGERY,24802808,2829.17,,TE000035484
Department of Health,NHS Hastings & Rother CCG,30/11/2018,C&M-GMS Prem Rates,PRC DELEGATED CO-COMMISSIONING,SOUTH SAXON HOUSE SURGERY,24802808,354,,TE000035484
Department of Health,NHS Hastings & Rother CCG,30/11/2018,C&M-GMS Prem Water Rates,PRC DELEGATED CO-COMMISSIONING,SOUTH SAXON HOUSE SURGERY,24802808,112.39,,TE000035484
Department of Health,NHS Hastings & Rother CCG,30/11/2018,C&M-GMS QOF Aspiration,PRC DELEGATED CO-COMMISSIONING,SOUTH SAXON HOUSE SURGERY,24802808,2616.67,,TE000035484
Department of Health,NHS Hastings & Rother CCG,30/11/2018,C&M-GMS Global Sum,PRC DELEGATED CO-COMMISSIONING,WARRIOR SQUARE SURGERY,24802810,62398.82,,TE000035486
Department of Health,NHS Hastings & Rother CCG,30/11/2018,C&M-GMS Prem Actual Rent,PRC DELEGATED CO-COMMISSIONING,WARRIOR SQUARE SURGERY,24802810,15375,,TE000035486
Department of Health,NHS Hastings & Rother CCG,30/11/2018,C&M-GMS QOF Aspiration,PRC DELEGATED CO-COMMISSIONING,WARRIOR SQUARE SURGERY,24802810,6205.66,,TE000035486
Department of Health,NHS Hastings & Rother CCG,30/11/2018,C&M-GMS Global Sum,PRC DELEGATED CO-COMMISSIONING,FERRY ROAD HEALTH CENTRE,24802812,29991.49,,TE000035488
Department of Health,NHS Hastings & Rother CCG,30/11/2018,C&M-GMS PCO Other,PRC DELEGATED CO-COMMISSIONING,FERRY ROAD HEALTH CENTRE,24802812,231.13,,TE000035488
Department of Health,NHS Hastings & Rother CCG,30/11/2018,C&M-GMS Prem Rates,PRC DELEGATED CO-COMMISSIONING,FERRY ROAD HEALTH CENTRE,24802812,2102,,TE000035488
Department of Health,NHS Hastings & Rother CCG,30/11/2018,C&M-GMS QOF Aspiration,PRC DELEGATED CO-COMMISSIONING,FERRY ROAD HEALTH CENTRE,24802812,3093.84,,TE000035488
Department of Health,NHS Hastings & Rother CCG,30/11/2018,C&M-GMS GP Statutory Levy,PRC DELEGATED CO-COMMISSIONING,LITTLE COMMON SURGERY,24802813,-539.66,,TE000035489
Department of Health,NHS Hastings & Rother CCG,30/11/2018,C&M-GMS Voluntary Levy,PRC DELEGATED CO-COMMISSIONING,LITTLE COMMON SURGERY,24802813,-111.25,,TE000035489
Department of Health,NHS Hastings & Rother CCG,30/11/2018,ME - GMS TPS Added Years Adj EEs,PRC DELEGATED CO-COMMISSIONING,LITTLE COMMON SURGERY,24802813,-227.12,,TE000035489
Department of Health,NHS Hastings & Rother CCG,30/11/2018,ME-GMS GP Pension EEs,PRC DELEGATED CO-COMMISSIONING,LITTLE COMMON SURGERY,24802813,-13029.08,,TE000035489
Department of Health,NHS Hastings & Rother CCG,30/11/2018,ME-GMS GP Pension ERs Adjustments,PRC DELEGATED CO-COMMISSIONING,LITTLE COMMON SURGERY,24802813,-13231.91,,TE000035489
Department of Health,NHS Hastings & Rother CCG,30/11/2018,C&M-GMS Global Sum,PRC DELEGATED CO-COMMISSIONING,LITTLE COMMON SURGERY,24802814,148434.67,,TE000035490
Department of Health,NHS Hastings & Rother CCG,30/11/2018,C&M-GMS Other FDR Payment,PRC DELEGATED CO-COMMISSIONING,LITTLE COMMON SURGERY,24802814,2421.64,,TE000035490
Department of Health,NHS Hastings & Rother CCG,30/11/2018,C&M-GMS PCO Doctors Ret Scheme,PRC DELEGATED CO-COMMISSIONING,LITTLE COMMON SURGERY,24802814,2538.36,,TE000035490
Department of Health,NHS Hastings & Rother CCG,30/11/2018,C&M-GMS PCO Other,PRC DELEGATED CO-COMMISSIONING,LITTLE COMMON SURGERY,24802814,1079.23,,TE000035490
Department of Health,NHS Hastings & Rother CCG,30/11/2018,C&M-GMS Prem Actual Rent,PRC DELEGATED CO-COMMISSIONING,LITTLE COMMON SURGERY,24802814,9850.67,,TE000035490
Department of Health,NHS Hastings & Rother CCG,30/11/2018,C&M-GMS Prem Rates,PRC DELEGATED CO-COMMISSIONING,LITTLE COMMON SURGERY,24802814,1845,,TE000035490
Department of Health,NHS Hastings & Rother CCG,30/11/2018,C&M-GMS Prem Water Rates,PRC DELEGATED CO-COMMISSIONING,LITTLE COMMON SURGERY,24802814,701.88,,TE000035490
Department of Health,NHS Hastings & Rother CCG,30/11/2018,C&M-GMS QOF Aspiration,PRC DELEGATED CO-COMMISSIONING,LITTLE COMMON SURGERY,24802814,18876.86,,TE000035490
Department of Health,NHS Hastings & Rother CCG,30/11/2018,C&M-GMS DES Learn Dsblty Hlth Chk,PRC DELEGATED CO-COMMISSIONING,HASTINGS OLD TOWN SURGERY,24802816,980,,TE000035492
Department of Health,NHS Hastings & Rother CCG,30/11/2018,C&M-GMS Global Sum,PRC DELEGATED CO-COMMISSIONING,HASTINGS OLD TOWN SURGERY,24802816,83521.03,,TE000035492
Department of Health,NHS Hastings & Rother CCG,30/11/2018,C&M-GMS Prem Actual Rent,PRC DELEGATED CO-COMMISSIONING,HASTINGS OLD TOWN SURGERY,24802816,5216.66,,TE000035492
Department of Health,NHS Hastings & Rother CCG,30/11/2018,C&M-GMS Prem Rates,PRC DELEGATED CO-COMMISSIONING,HASTINGS OLD TOWN SURGERY,24802816,2627,,TE000035492
Department of Health,NHS Hastings & Rother CCG,30/11/2018,C&M-GMS QOF Aspiration,PRC DELEGATED CO-COMMISSIONING,HASTINGS OLD TOWN SURGERY,24802816,11905.7,,TE000035492
Department of Health,NHS Hastings & Rother CCG,30/11/2018,C&M-GMS Global Sum,PRC DELEGATED CO-COMMISSIONING,BEACONSFIELD ROAD SURGERY HASTINGS,24802818,96087.64,,TE000035494
Department of Health,NHS Hastings & Rother CCG,30/11/2018,C&M-GMS Other FDR Payment,PRC DELEGATED CO-COMMISSIONING,BEACONSFIELD ROAD SURGERY HASTINGS,24802818,956.44,,TE000035494
Department of Health,NHS Hastings & Rother CCG,30/11/2018,C&M-GMS PCO Other,PRC DELEGATED CO-COMMISSIONING,BEACONSFIELD ROAD SURGERY HASTINGS,24802818,798.36,,TE000035494
Department of Health,NHS Hastings & Rother CCG,30/11/2018,C&M-GMS Prem Actual Rent,PRC DELEGATED CO-COMMISSIONING,BEACONSFIELD ROAD SURGERY HASTINGS,24802818,2091.67,,TE000035494
Department of Health,NHS Hastings & Rother CCG,30/11/2018,C&M-GMS Prem Rates,PRC DELEGATED CO-COMMISSIONING,BEACONSFIELD ROAD SURGERY HASTINGS,24802818,7074.05,,TE000035494
Department of Health,NHS Hastings & Rother CCG,30/11/2018,C&M-GMS QOF Aspiration,PRC DELEGATED CO-COMMISSIONING,BEACONSFIELD ROAD SURGERY HASTINGS,24802818,9776.17,,TE000035494
Department of Health,NHS Hastings & Rother CCG,30/11/2018,C&M-GMS Global Sum,PRC DELEGATED CO-COMMISSIONING,RYE MEDICAL CENTRE,24806281,59826.57,,TE000035458
Department of Health,NHS Hastings & Rother CCG,30/11/2018,C&M-GMS PCO Locum Adop/Pat/Mat,PRC DELEGATED CO-COMMISSIONING,RYE MEDICAL CENTRE,24806281,8670.9,,TE000035458
Department of Health,NHS Hastings & Rother CCG,30/11/2018,C&M-GMS PCO Other,PRC DELEGATED CO-COMMISSIONING,RYE MEDICAL CENTRE,24806281,498.39,,TE000035458
Department of Health,NHS Hastings & Rother CCG,30/11/2018,C&M-GMS Prem Rates,PRC DELEGATED CO-COMMISSIONING,RYE MEDICAL CENTRE,24806281,2620,,TE000035458
Department of Health,NHS Hastings & Rother CCG,30/11/2018,C&M-GMS QOF Aspiration,PRC DELEGATED CO-COMMISSIONING,RYE MEDICAL CENTRE,24806281,6626.96,,TE000035458
Department of Health,NHS Hastings & Rother CCG,30/11/2018,ME-GMS GP Pension EEs Adjustments,PRC DELEGATED CO-COMMISSIONING,RYE MEDICAL CENTRE,24806281,1097.76,,TE000035458
Department of Health,NHS Hastings & Rother CCG,30/11/2018,Other Gen Supplies & Srv,PRIMARY CARE INVESTMENTS,INTEGRATED FAMILY HEALTHCARE LTD,24809459,33137.65,,82
Department of Health,NHS Hastings & Rother CCG,30/11/2018,Clinical&Medical-Independent Sector,ACUTE COMMISSIONING,HORDER HEALTHCARE,24809465,151543.5,204025664,17270
Department of Health,NHS Hastings & Rother CCG,30/11/2018,C&M-GMS GP Statutory Levy,PRC DELEGATED CO-COMMISSIONING,DR LAWTON & PARTNERS,24826004,-487.21,,TE000035463
Department of Health,NHS Hastings & Rother CCG,30/11/2018,C&M-GMS Voluntary Levy,PRC DELEGATED CO-COMMISSIONING,DR LAWTON & PARTNERS,24826004,-100.44,,TE000035463
Department of Health,NHS Hastings & Rother CCG,30/11/2018,ME - GMS GP Prior Year ERs,PRC DELEGATED CO-COMMISSIONING,DR LAWTON & PARTNERS,24826004,-1020.91,,TE000035463
Department of Health,NHS Hastings & Rother CCG,30/11/2018,ME - GMS TPS Added Years Adj EEs,PRC DELEGATED CO-COMMISSIONING,DR LAWTON & PARTNERS,24826004,-301.17,,TE000035463
Department of Health,NHS Hastings & Rother CCG,30/11/2018,ME-GMS GP Pension AVCs,PRC DELEGATED CO-COMMISSIONING,DR LAWTON & PARTNERS,24826004,-1080.09,,TE000035463
Department of Health,NHS Hastings & Rother CCG,30/11/2018,ME-GMS GP Pension EEs,PRC DELEGATED CO-COMMISSIONING,DR LAWTON & PARTNERS,24826004,-5722.38,,TE000035463
Department of Health,NHS Hastings & Rother CCG,30/11/2018,ME-GMS GP Pension EEs Adjustments,PRC DELEGATED CO-COMMISSIONING,DR LAWTON & PARTNERS,24826004,-4999.99,,TE000035463
Department of Health,NHS Hastings & Rother CCG,30/11/2018,ME-GMS GP Pension ERs Adjustments,PRC DELEGATED CO-COMMISSIONING,DR LAWTON & PARTNERS,24826004,-10643.72,,TE000035463
Department of Health,NHS Hastings & Rother CCG,30/11/2018,ME-GMS GP Prior Year AVCs,PRC DELEGATED CO-COMMISSIONING,DR LAWTON & PARTNERS,24826004,-388.65,,TE000035463
Department of Health,NHS Hastings & Rother CCG,30/11/2018,ME-GMS GP Prior Year EEs,PRC DELEGATED CO-COMMISSIONING,DR LAWTON & PARTNERS,24826004,-392.35,,TE000035463
Department of Health,NHS Hastings & Rother CCG,30/11/2018,C&M-GMS Global Sum,PRC DELEGATED CO-COMMISSIONING,HAROLD ROAD SURGERY,24826005,83887.22,,TE000035476
Department of Health,NHS Hastings & Rother CCG,30/11/2018,C&M-GMS MPIG Correction Factor,PRC DELEGATED CO-COMMISSIONING,HAROLD ROAD SURGERY,24826005,27.67,,TE000035476
Department of Health,NHS Hastings & Rother CCG,30/11/2018,C&M-GMS PCO Locum Sickness,PRC DELEGATED CO-COMMISSIONING,HAROLD ROAD SURGERY,24826005,2800,,TE000035476
Department of Health,NHS Hastings & Rother CCG,30/11/2018,C&M-GMS PCO Other,PRC DELEGATED CO-COMMISSIONING,HAROLD ROAD SURGERY,24826005,710.93,,TE000035476
Department of Health,NHS Hastings & Rother CCG,30/11/2018,C&M-GMS Prem Actual Rent,PRC DELEGATED CO-COMMISSIONING,HAROLD ROAD SURGERY,24826005,4806.83,,TE000035476
Department of Health,NHS Hastings & Rother CCG,30/11/2018,C&M-GMS Prem Rates,PRC DELEGATED CO-COMMISSIONING,HAROLD ROAD SURGERY,24826005,1776,,TE000035476
Department of Health,NHS Hastings & Rother CCG,30/11/2018,C&M-GMS QOF Aspiration,PRC DELEGATED CO-COMMISSIONING,HAROLD ROAD SURGERY,24826005,7959.42,,TE000035476
Department of Health,NHS Hastings & Rother CCG,30/11/2018,ME - GMS GP Prior Year ERs,PRC DELEGATED CO-COMMISSIONING,HAROLD ROAD SURGERY,24826005,134.71,,TE000035476
Department of Health,NHS Hastings & Rother CCG,30/11/2018,ME-GMS GP Prior Year EEs,PRC DELEGATED CO-COMMISSIONING,HAROLD ROAD SURGERY,24826005,136.59,,TE000035476
Department of Health,NHS Hastings & Rother CCG,30/11/2018,C&M-GMS Global Sum,PRC DELEGATED CO-COMMISSIONING,HIGH GLADES MEDICAL CENTRE,24826006,130145.04,,TE000035478
Department of Health,NHS Hastings & Rother CCG,30/11/2018,C&M-GMS MPIG Correction Factor,PRC DELEGATED CO-COMMISSIONING,HIGH GLADES MEDICAL CENTRE,24826006,216.62,,TE000035478
Department of Health,NHS Hastings & Rother CCG,30/11/2018,C&M-GMS PCO Other,PRC DELEGATED CO-COMMISSIONING,HIGH GLADES MEDICAL CENTRE,24826006,4190,,TE000035478
Department of Health,NHS Hastings & Rother CCG,30/11/2018,C&M-GMS Prem Actual Rent,PRC DELEGATED CO-COMMISSIONING,HIGH GLADES MEDICAL CENTRE,24826006,3041.67,,TE000035478
Department of Health,NHS Hastings & Rother CCG,30/11/2018,C&M-GMS QOF Aspiration,PRC DELEGATED CO-COMMISSIONING,HIGH GLADES MEDICAL CENTRE,24826006,7279.46,,TE000035478
Department of Health,NHS Hastings & Rother CCG,30/11/2018,ME-GMS GP Pension EEs,PRC DELEGATED CO-COMMISSIONING,HIGH GLADES MEDICAL CENTRE,24826006,225.89,,TE000035478
Department of Health,NHS Hastings & Rother CCG,30/11/2018,External Consultancy Fees,FINANCE,PRICEWATERHOUSE COOPERS,24870772,63824.6,243823957,1355025905
Department of Health,NHS Hastings & Rother CCG,30/11/2018,Clinical&Medical-Clinical Other,CLINICAL ASSESSMENT AND TREATMENT CENTRES,EAST SUSSEX HEALTHCARE NHS TRUST,24870814,59573,654418039,129363
Department of Health,NHS Hastings & Rother CCG,30/11/2018,Cont Care- Adult 100% Fully Funded,CHC AD FULL FUND PERS HLTH BUD,AD & GV BENNETT,24895364,27953.48,,09PIPF002656
Department of Health,NHS Hastings & Rother CCG,30/11/2018,Hcare Srv Rec Fdtn Trust-Contract Baseline,ACUTE COMMISSIONING,ROYAL MARSDEN NHS FOUNDATION TRUST (THE),24914770,31855,65 4947396,45752148
Department of Health,NHS Hastings & Rother CCG,30/11/2018,Clinical&Medical-Voluntary Sector,LEARNING DIFFICULTIES,ELYSIUM HEALTHCARE LTD,24914786,39792.9,GB257732580,WDH00418
Department of Health,NHS Hastings & Rother CCG,30/11/2018,Cont Care- Children,CHC CHILDREN,DIVERSITY CARE SOLUTIONS LTD,24914822,29288,,6013
Department of Health,NHS Hastings & Rother CCG,30/11/2018,Hcare Srv Rec Fdtn Trust-Contract Baseline,AMBULANCE SERVICES,SOUTH EAST COAST AMBULANCE SERVICE NHS FOUNDATION TRUST,24938461,40182,654434925,7880738
Department of Health,NHS Hastings & Rother CCG,30/11/2018,Hcare Srv Rec Fdtn Trust-Contract Baseline,MENTAL HEALTH CONTRACTS,SUSSEX PARTNERSHIP NHS FOUNDATION TRUST,24938463,269071,654422543,6470143
Department of Health,NHS Hastings & Rother CCG,30/11/2018,Hcare Srv Rec NHS Trust-Contract Baseline,ACUTE COMMISSIONING,EAST SUSSEX HEALTHCARE NHS TRUST,24938466,60869,654418039,129499
Department of Health,NHS Hastings & Rother CCG,30/11/2018,Clinical&Medical-Independent Sector,ACUTE COMMISSIONING,HORDER HEALTHCARE,24956204,-304379.43,204025664,17313
Department of Health,NHS Hastings & Rother CCG,30/11/2018,Hcare Srv Rec Fdtn Trust-Contract Baseline,AMBULANCE SERVICES,SOUTH EAST COAST AMBULANCE SERVICE NHS FOUNDATION TRUST,24967986,56679,654434925,7880230
Department of Health,NHS Hastings & Rother CCG,30/11/2018,Hcare Srv Rec Fdtn Trust-Contract Baseline,AMBULANCE SERVICES,SOUTH EAST COAST AMBULANCE SERVICE NHS FOUNDATION TRUST,24967994,67487.25,654434925,7880361
Department of Health,NHS Hastings & Rother CCG,30/11/2018,Clinical&Medical-Independent Sector,ACUTE COMMISSIONING,HORDER HEALTHCARE,24967996,28013.96,204025664,16878
Department of Health,NHS Hastings & Rother CCG,30/11/2018,External Consultancy Fees,FINANCE,DELOITTE LLP,24983914,68310,809707706,1111656313A
