Department family,Entity,Date,Expense Type,Expense area,Supplier,Transaction number,AP Amount (�),VAT registration number,Purchase invoice number
Department of Health,NHS Hastings & Rother CCG,31/01/2019,Hcare Srv Rec Fdtn Trust-Contract Baseline,ACUTE COMMISSIONING,ROYAL MARSDEN NHS FOUNDATION TRUST (THE),25400908,28232,65 4947396,45755384
Department of Health,NHS Hastings & Rother CCG,31/01/2019,Hcare Srv Rec Fdtn Trust-Non Contract,NCAS/OATS,OXFORD UNIVERSITY HOSPITALS NHS FOUNDATION TRUST,25400910,25153.01,654935407,8290995
Department of Health,NHS Hastings & Rother CCG,31/01/2019,Professional Fees,ADMINISTRATION & BUSINESS SUPPORT,NHS HIGH WEALD LEWES HAVENS CCG,25411465,65984,654458611,7030701333
Department of Health,NHS Hastings & Rother CCG,31/01/2019,Professional Fees,ADMINISTRATION & BUSINESS SUPPORT,NHS HIGH WEALD LEWES HAVENS CCG,25411491,31486,654458611,7030701433
Department of Health,NHS Hastings & Rother CCG,31/01/2019,Professional Fees,ADMINISTRATION & BUSINESS SUPPORT,NHS HIGH WEALD LEWES HAVENS CCG,25411517,36068,654458611,7030701491
Department of Health,NHS Hastings & Rother CCG,31/01/2019,External Consultancy Fees,FINANCE,UPR LTD,25411619,41760,,6
Department of Health,NHS Hastings & Rother CCG,31/01/2019,Clinical&Medical-Independent Sector,COMMUNITY SERVICES,NHS HIGH WEALD LEWES HAVENS CCG,25454102,209064,654458611,7030701661
Department of Health,NHS Hastings & Rother CCG,31/01/2019,Charges from CSU,FINANCE,NHS SOUTH CENTRAL AND WEST COMMISSIONING SUPPORT UNIT,25454112,62048.23,,7312707836
Department of Health,NHS Hastings & Rother CCG,31/01/2019,Hcare Srv Rec NHS Trust-Contract Baseline,ACUTE COMMISSIONING,ROYAL NATIONAL ORTHOPAEDIC HOSPITAL NHS TRUST,25467294,-27156,654947494,B0038819
Department of Health,NHS Hastings & Rother CCG,31/01/2019,Clinical&Medical-Independent Sector,ACUTE COMMISSIONING,HORDER HEALTHCARE,25467473,-135687.84,204025664,17357C
Department of Health,NHS Hastings & Rother CCG,31/01/2019,Hcare Srv Rec Fdtn Trust-Contract Baseline,ACUTE COMMISSIONING,GUYS & ST THOMAS HOSPITAL NHS FOUNDATION TRUST,25497551,144549,654923417,3254066
Department of Health,NHS Hastings & Rother CCG,31/01/2019,Clinical&Medical-Independent Sector,ACUTE COMMISSIONING,SPIRE HEALTHCARE LTD,25497601,234178,915970991,09PSSXPF181910
Department of Health,NHS Hastings & Rother CCG,31/01/2019,Hcare Srv Rec NHS Trust-Contract Baseline,ACUTE COMMISSIONING,BRIGHTON AND SUSSEX UNIVERSITY HOSPITALS NHS TRUST,25497630,400184,654913715,161641
Department of Health,NHS Hastings & Rother CCG,31/01/2019,Hcare Srv Rec Fdtn Trust-Contract Baseline,AMBULANCE SERVICES,SOUTH EAST COAST AMBULANCE SERVICE NHS FOUNDATION TRUST,25497653,767304.31,654434925,7881584
Department of Health,NHS Hastings & Rother CCG,31/01/2019,Clinical&Medical-Commercial Sector,OUT OF HOURS,INTEGRATED CARE 24 LTD,25497787,281025,991241024,2364
Department of Health,NHS Hastings & Rother CCG,31/01/2019,Clinical&Medical-Commercial Sector,OUT OF HOURS,INTEGRATED CARE 24 LTD,25497804,128591.33,991241024,2353
Department of Health,NHS Hastings & Rother CCG,31/01/2019,Clinical&Medical-Independent Sector,ACUTE COMMISSIONING,SPIRE HEALTHCARE LTD,25508399,34342.03,915970991,09PSSXCQ1718M01M06
Department of Health,NHS Hastings & Rother CCG,31/01/2019,Clinical&Medical-Clinical Other,CLINICAL ASSESSMENT AND TREATMENT CENTRES,HASTINGS BOROUGH COUNCIL,25508404,184202,,5052190
Department of Health,NHS Hastings & Rother CCG,31/01/2019,Hcare Srv Rec Fdtn Trust-Contract Baseline,ACUTE COMMISSIONING,KING`S COLLEGE HOSPITAL NHS FOUNDATION TRUST,25508406,71629,654926800,265975
Department of Health,NHS Hastings & Rother CCG,31/01/2019,Hcare Srv Rec Fdtn Trust-Contract Baseline,ACUTE COMMISSIONING,UNIVERSITY COLLEGE LONDON HOSPITALS NHS FOUNDATION TRUST,25508409,50268,654948687,5010187566
Department of Health,NHS Hastings & Rother CCG,31/01/2019,Hcare Srv Rec Fdtn Trust-Contract Baseline,NHS 111,SOUTH EAST COAST AMBULANCE SERVICE NHS FOUNDATION TRUST,25508449,61168.33,654434925,7881540
Department of Health,NHS Hastings & Rother CCG,31/01/2019,Apprenticeship Levy Payable,BALANCE SHEET,HMRC,25552240,1611,,475PR004691391909
Department of Health,NHS Hastings & Rother CCG,31/01/2019,Income tax <1Yr,BALANCE SHEET,HMRC,25552240,83086.8,,475PR004691391909
Department of Health,NHS Hastings & Rother CCG,31/01/2019,Income tax <1Yr-Student Loans,BALANCE SHEET,HMRC,25552240,1311,,475PR004691391909
Department of Health,NHS Hastings & Rother CCG,31/01/2019,National Insurance < 1 yr-NI- ERS,BALANCE SHEET,HMRC,25552240,60678.08,,475PR004691391909
Department of Health,NHS Hastings & Rother CCG,31/01/2019,National Insurance < 1 yr-NI-EES,BALANCE SHEET,HMRC,25552240,44380.42,,475PR004691391909
Department of Health,NHS Hastings & Rother CCG,31/01/2019,Statutory Mat Pay < 1 yr,BALANCE SHEET,HMRC,25552240,-133.57,,475PR004691391909
Department of Health,NHS Hastings & Rother CCG,31/01/2019,Corporation Tax Payable,BALANCE SHEET,ONE-OFF SUPPLIER,25554794,-2531.01,,102601-11-JAN-2019
Department of Health,NHS Hastings & Rother CCG,31/01/2019,NHS Recbles <1Yr- CHC Risk Pool Con,BALANCE SHEET,ONE-OFF SUPPLIER,25554794,65397.89,,102601-11-JAN-2019
Department of Health,NHS Hastings & Rother CCG,31/01/2019,Hcare Srv Rec NHS Trust-Contract Baseline,ACUTE COMMISSIONING,MAIDSTONE AND TUNBRIDGE WELLS NHS TRUST,25555898,104647,654972595,4000114499
Department of Health,NHS Hastings & Rother CCG,31/01/2019,Hcare Srv Rec Fdtn Trust-Contract Baseline,MENTAL HEALTH CONTRACTS,SUSSEX PARTNERSHIP NHS FOUNDATION TRUST,25555932,1776679,654422543,6472439
Department of Health,NHS Hastings & Rother CCG,31/01/2019,Hcare Srv Rec Fdtn Trust-Contract Baseline,ACUTE COMMISSIONING,QUEEN VICTORIA HOSPITAL NHS FOUNDATION TRUST,25555945,128615,654946595,2010017989
Department of Health,NHS Hastings & Rother CCG,31/01/2019,Clinical&Medical-Independent Sector,ACUTE COMMISSIONING,HORDER HEALTHCARE,25555952,151543.5,204025664,17362
Department of Health,NHS Hastings & Rother CCG,31/01/2019,Hcare Srv Rec NHS Trust-Contract Baseline,ACUTE COMMISSIONING,EAST SUSSEX HEALTHCARE NHS TRUST,25555956,12250031.33,654418039,130782
Department of Health,NHS Hastings & Rother CCG,31/01/2019,C&M-GMS Cost of Drugs -Prescribing,LOCAL ENHANCED SERVICES,DR LAWTON & PARTNERS,25608164,28106.52,,TE000036190
Department of Health,NHS Hastings & Rother CCG,31/01/2019,C&M-GMS Prof Fees Prescribing,PRC DELEGATED CO-COMMISSIONING,DR LAWTON & PARTNERS,25608164,5540.9,,TE000036190
Department of Health,NHS Hastings & Rother CCG,31/01/2019,C&M-GMS Cost of Drugs -Prescribing,LOCAL ENHANCED SERVICES,LITTLE COMMON SURGERY,25608169,26816.63,,TE000036195
Department of Health,NHS Hastings & Rother CCG,31/01/2019,C&M-GMS Prof Fees Prescribing,PRC DELEGATED CO-COMMISSIONING,LITTLE COMMON SURGERY,25608169,5322.47,,TE000036195
Department of Health,NHS Hastings & Rother CCG,31/01/2019,Cont Care-Funded Nursing Care Allow,FUNDED NURSING CARE,ASHRIDGE COURT CARE CENTRE,25611200,27994.2,,09PIPF002739
Department of Health,NHS Hastings & Rother CCG,31/01/2019,Cont Care-Funded Nursing Care Allow,FUNDED NURSING CARE,BARCHESTER HEALTHCARE HOMES LTD,25611203,28739.82,796642084,09PIPF002742
Department of Health,NHS Hastings & Rother CCG,31/01/2019,Cont Care-Funded Nursing Care Allow,FUNDED NURSING CARE,LAURELS NURSING HOME,25611218,25260.32,,09PIPF002751
Department of Health,NHS Hastings & Rother CCG,31/01/2019,Cont Care-Funded Nursing Care Allow,FUNDED NURSING CARE,GALLEON CARE HOMES LTD,25611224,30208.44,,09PIPF002756
Department of Health,NHS Hastings & Rother CCG,31/01/2019,Cont Care-Funded Nursing Care Allow,FUNDED NURSING CARE,PAYDENS (NURSING HOMES) LTD,25611225,39401.14,,09PIPF002757
Department of Health,NHS Hastings & Rother CCG,31/01/2019,Cont Care-Funded Nursing Care Allow,FUNDED NURSING CARE,ST DOMINICS NURSING & RESIDENTIAL HOME,25611226,27994.21,,09PIPF002758
Department of Health,NHS Hastings & Rother CCG,31/01/2019,Cont Care-Funded Nursing Care Allow,FUNDED NURSING CARE,MORETON CENTRE,25611228,31067.03,,09PIPF002759
Department of Health,NHS Hastings & Rother CCG,31/01/2019,Hcare Srv Rec Fdtn Trust-Contract Baseline,ACUTE CHILDRENS SERVICES,KENT COMMUNITY HEALTH NHS FOUNDATION TRUST,25614668,165612,654440093,24065076
Department of Health,NHS Hastings & Rother CCG,31/01/2019,Hcare Srv Rec Fdtn Trust-Contract Baseline,COMMUNITY SERVICES,SUSSEX COMMUNITY NHS FOUNDATION TRUST,25614676,75000,654941317,11138795
Department of Health,NHS Hastings & Rother CCG,31/01/2019,Hcare Srv Rec NHS Trust-Non Contract,NCAS/OATS,MAIDSTONE AND TUNBRIDGE WELLS NHS TRUST,25614684,26604.07,654972595,4000114404
Department of Health,NHS Hastings & Rother CCG,31/01/2019,External Contractors,CONTINUING HEALTHCARE ASSESSMENT & SUPPORT,CHS HEALTHCARE,25614742,63750,669927759,28792
Department of Health,NHS Hastings & Rother CCG,31/01/2019,Clinical&Medical-Commercial Sector,Winter Resilience,TRANSFORMING SYSTEMS LTD,25614755,76584,120834249,139
Department of Health,NHS Hastings & Rother CCG,31/01/2019,C&M-GMS Cost of Drugs -Dispensing,LOCAL ENHANCED SERVICES,RYE MEDICAL CENTRE,25628429,-72472.08,,TE000036323
Department of Health,NHS Hastings & Rother CCG,31/01/2019,C&M-GMS GP Statutory Levy,PRC DELEGATED CO-COMMISSIONING,RYE MEDICAL CENTRE,25628429,-227.76,,TE000036323
Department of Health,NHS Hastings & Rother CCG,31/01/2019,C&M-GMS PrscChrgsCll&RmttdbyGPCntra,PRC DELEGATED CO-COMMISSIONING,RYE MEDICAL CENTRE,25628429,-2446.4,,TE000036323
Department of Health,NHS Hastings & Rother CCG,31/01/2019,C&M-GMS Voluntary Levy,PRC DELEGATED CO-COMMISSIONING,RYE MEDICAL CENTRE,25628429,-46.72,,TE000036323
Department of Health,NHS Hastings & Rother CCG,31/01/2019,ME-GMS GP Pension EEs,PRC DELEGATED CO-COMMISSIONING,RYE MEDICAL CENTRE,25628429,-3129.75,,TE000036323
Department of Health,NHS Hastings & Rother CCG,31/01/2019,ME-GMS GP Pension ERs Adjustments,PRC DELEGATED CO-COMMISSIONING,RYE MEDICAL CENTRE,25628429,-3333.76,,TE000036323
Department of Health,NHS Hastings & Rother CCG,31/01/2019,C&M-GMS Cost of Drugs -Dispensing,LOCAL ENHANCED SERVICES,RYE MEDICAL CENTRE,25628430,132441.93,,TE000036324
Department of Health,NHS Hastings & Rother CCG,31/01/2019,C&M-GMS Global Sum,PRC DELEGATED CO-COMMISSIONING,RYE MEDICAL CENTRE,25628430,61769.9,,TE000036324
Department of Health,NHS Hastings & Rother CCG,31/01/2019,C&M-GMS PCO Other,PRC DELEGATED CO-COMMISSIONING,RYE MEDICAL CENTRE,25628430,498.39,,TE000036324
Department of Health,NHS Hastings & Rother CCG,31/01/2019,C&M-GMS Prem Rates,PRC DELEGATED CO-COMMISSIONING,RYE MEDICAL CENTRE,25628430,2620,,TE000036324
Department of Health,NHS Hastings & Rother CCG,31/01/2019,C&M-GMS Prof Fees Dispensing,PRC DELEGATED CO-COMMISSIONING,RYE MEDICAL CENTRE,25628430,25107.9,,TE000036324
Department of Health,NHS Hastings & Rother CCG,31/01/2019,C&M-GMS PrscrptnChrgsColl&RmttdbyGP,LOCAL ENHANCED SERVICES,RYE MEDICAL CENTRE,25628430,2446.4,,TE000036324
Department of Health,NHS Hastings & Rother CCG,31/01/2019,C&M-GMS QOF Aspiration,PRC DELEGATED CO-COMMISSIONING,RYE MEDICAL CENTRE,25628430,6626.96,,TE000036324
Department of Health,NHS Hastings & Rother CCG,31/01/2019,C&M-GMS Global Sum,PRC DELEGATED CO-COMMISSIONING,CARISBROOKE SURGERY,25629271,61983.31,,TE000036316
Department of Health,NHS Hastings & Rother CCG,31/01/2019,C&M-GMS MPIG Correction Factor,PRC DELEGATED CO-COMMISSIONING,CARISBROOKE SURGERY,25629271,339.64,,TE000036316
Department of Health,NHS Hastings & Rother CCG,31/01/2019,C&M-GMS PCO Other,PRC DELEGATED CO-COMMISSIONING,CARISBROOKE SURGERY,25629271,559.72,,TE000036316
Department of Health,NHS Hastings & Rother CCG,31/01/2019,C&M-GMS Prem Actual Rent,PRC DELEGATED CO-COMMISSIONING,CARISBROOKE SURGERY,25629271,15243.83,,TE000036316
Department of Health,NHS Hastings & Rother CCG,31/01/2019,C&M-GMS Prem Rates,PRC DELEGATED CO-COMMISSIONING,CARISBROOKE SURGERY,25629271,936,,TE000036316
Department of Health,NHS Hastings & Rother CCG,31/01/2019,C&M-GMS QOF Aspiration,PRC DELEGATED CO-COMMISSIONING,CARISBROOKE SURGERY,25629271,6678.96,,TE000036316
Department of Health,NHS Hastings & Rother CCG,31/01/2019,C&M-GMS DES Extended Hours Access,PRC DELEGATED CO-COMMISSIONING,CHURCHWOOD MEDICAL PRACTICE,25629273,2949.28,,TE000036318
Department of Health,NHS Hastings & Rother CCG,31/01/2019,C&M-GMS Global Sum,PRC DELEGATED CO-COMMISSIONING,CHURCHWOOD MEDICAL PRACTICE,25629273,46513.57,,TE000036318
Department of Health,NHS Hastings & Rother CCG,31/01/2019,C&M-GMS MPIG Correction Factor,PRC DELEGATED CO-COMMISSIONING,CHURCHWOOD MEDICAL PRACTICE,25629273,361.84,,TE000036318
Department of Health,NHS Hastings & Rother CCG,31/01/2019,C&M-GMS Prem Actual Rent,PRC DELEGATED CO-COMMISSIONING,CHURCHWOOD MEDICAL PRACTICE,25629273,2922.92,,TE000036318
Department of Health,NHS Hastings & Rother CCG,31/01/2019,C&M-GMS Prem Rates,PRC DELEGATED CO-COMMISSIONING,CHURCHWOOD MEDICAL PRACTICE,25629273,807,,TE000036318
Department of Health,NHS Hastings & Rother CCG,31/01/2019,C&M-GMS QOF Aspiration,PRC DELEGATED CO-COMMISSIONING,CHURCHWOOD MEDICAL PRACTICE,25629273,5076.52,,TE000036318
Department of Health,NHS Hastings & Rother CCG,31/01/2019,C&M-GMS Global Sum,PRC DELEGATED CO-COMMISSIONING,DR ELIAS AND PARTNERS,25629277,74074.62,,TE000036322
Department of Health,NHS Hastings & Rother CCG,31/01/2019,C&M-GMS Prem Actual Rent,PRC DELEGATED CO-COMMISSIONING,DR ELIAS AND PARTNERS,25629277,2887.5,,TE000036322
Department of Health,NHS Hastings & Rother CCG,31/01/2019,C&M-GMS Prem Rates,PRC DELEGATED CO-COMMISSIONING,DR ELIAS AND PARTNERS,25629277,2837,,TE000036322
Department of Health,NHS Hastings & Rother CCG,31/01/2019,C&M-GMS QOF Aspiration,PRC DELEGATED CO-COMMISSIONING,DR ELIAS AND PARTNERS,25629277,11047.22,,TE000036322
Department of Health,NHS Hastings & Rother CCG,31/01/2019,C&M-GMS DES Extended Hours Access,PRC DELEGATED CO-COMMISSIONING,DR HUGHES & PARTNERS HASTINGS,25629279,6748.8,,TE000036326
Department of Health,NHS Hastings & Rother CCG,31/01/2019,C&M-GMS Global Sum,PRC DELEGATED CO-COMMISSIONING,DR HUGHES & PARTNERS HASTINGS,25629279,108099.76,,TE000036326
Department of Health,NHS Hastings & Rother CCG,31/01/2019,C&M-GMS QOF Aspiration,PRC DELEGATED CO-COMMISSIONING,DR HUGHES & PARTNERS HASTINGS,25629279,6586.52,,TE000036326
Department of Health,NHS Hastings & Rother CCG,31/01/2019,C&M-GMS Cost of Drugs -Dispensing,LOCAL ENHANCED SERVICES,DR JAMES & PARTNERS RYE,25629280,-97325.47,,TE000036327
Department of Health,NHS Hastings & Rother CCG,31/01/2019,C&M-GMS GP Statutory Levy,PRC DELEGATED CO-COMMISSIONING,DR JAMES & PARTNERS RYE,25629280,-208.88,,TE000036327
Department of Health,NHS Hastings & Rother CCG,31/01/2019,C&M-GMS PrscChrgsCll&RmttdbyGPCntra,PRC DELEGATED CO-COMMISSIONING,DR JAMES & PARTNERS RYE,25629280,-4875.2,,TE000036327
Department of Health,NHS Hastings & Rother CCG,31/01/2019,C&M-GMS Voluntary Levy,PRC DELEGATED CO-COMMISSIONING,DR JAMES & PARTNERS RYE,25629280,-42.85,,TE000036327
Department of Health,NHS Hastings & Rother CCG,31/01/2019,ME-GMS GP Pension EEs,PRC DELEGATED CO-COMMISSIONING,DR JAMES & PARTNERS RYE,25629280,-2552.21,,TE000036327
Department of Health,NHS Hastings & Rother CCG,31/01/2019,ME-GMS GP Pension ERs Adjustments,PRC DELEGATED CO-COMMISSIONING,DR JAMES & PARTNERS RYE,25629280,-2778.08,,TE000036327
Department of Health,NHS Hastings & Rother CCG,31/01/2019,C&M-GMS Cost of Drugs -Dispensing,LOCAL ENHANCED SERVICES,DR JAMES & PARTNERS RYE,25629281,177653.5,,TE000036328
Department of Health,NHS Hastings & Rother CCG,31/01/2019,C&M-GMS DES Extended Hours Access,PRC DELEGATED CO-COMMISSIONING,DR JAMES & PARTNERS RYE,25629281,3021.48,,TE000036328
Department of Health,NHS Hastings & Rother CCG,31/01/2019,C&M-GMS DES Learn Dsblty Hlth Chk,PRC DELEGATED CO-COMMISSIONING,DR JAMES & PARTNERS RYE,25629281,980,,TE000036328
Department of Health,NHS Hastings & Rother CCG,31/01/2019,C&M-GMS Global Sum,PRC DELEGATED CO-COMMISSIONING,DR JAMES & PARTNERS RYE,25629281,54258.16,,TE000036328
Department of Health,NHS Hastings & Rother CCG,31/01/2019,C&M-GMS MPIG Correction Factor,PRC DELEGATED CO-COMMISSIONING,DR JAMES & PARTNERS RYE,25629281,347.02,,TE000036328
Department of Health,NHS Hastings & Rother CCG,31/01/2019,C&M-GMS Prem Actual Rent,PRC DELEGATED CO-COMMISSIONING,DR JAMES & PARTNERS RYE,25629281,4375,,TE000036328
Department of Health,NHS Hastings & Rother CCG,31/01/2019,C&M-GMS Prem Rates,PRC DELEGATED CO-COMMISSIONING,DR JAMES & PARTNERS RYE,25629281,1026,,TE000036328
Department of Health,NHS Hastings & Rother CCG,31/01/2019,C&M-GMS Prem Water Rates,PRC DELEGATED CO-COMMISSIONING,DR JAMES & PARTNERS RYE,25629281,432.99,,TE000036328
Department of Health,NHS Hastings & Rother CCG,31/01/2019,C&M-GMS Prof Fees Dispensing,PRC DELEGATED CO-COMMISSIONING,DR JAMES & PARTNERS RYE,25629281,32600.87,,TE000036328
Department of Health,NHS Hastings & Rother CCG,31/01/2019,C&M-GMS PrscrptnChrgsColl&RmttdbyGP,LOCAL ENHANCED SERVICES,DR JAMES & PARTNERS RYE,25629281,4875.2,,TE000036328
Department of Health,NHS Hastings & Rother CCG,31/01/2019,C&M-GMS QOF Aspiration,PRC DELEGATED CO-COMMISSIONING,DR JAMES & PARTNERS RYE,25629281,4874.2,,TE000036328
Department of Health,NHS Hastings & Rother CCG,31/01/2019,C&M-GMS DES Extended Hours Access,PRC DELEGATED CO-COMMISSIONING,DR LAWTON & PARTNERS,25629283,7249.45,,TE000036330
Department of Health,NHS Hastings & Rother CCG,31/01/2019,C&M-GMS DES Learn Dsblty Hlth Chk,PRC DELEGATED CO-COMMISSIONING,DR LAWTON & PARTNERS,25629283,840,,TE000036330
Department of Health,NHS Hastings & Rother CCG,31/01/2019,C&M-GMS Global Sum,PRC DELEGATED CO-COMMISSIONING,DR LAWTON & PARTNERS,25629283,119147.92,,TE000036330
Department of Health,NHS Hastings & Rother CCG,31/01/2019,C&M-GMS PCO Locum Adop/Pat/Mat,PRC DELEGATED CO-COMMISSIONING,DR LAWTON & PARTNERS,25629283,10616.68,,TE000036330
Department of Health,NHS Hastings & Rother CCG,31/01/2019,C&M-GMS PCO Other,PRC DELEGATED CO-COMMISSIONING,DR LAWTON & PARTNERS,25629283,1031.9,,TE000036330
Department of Health,NHS Hastings & Rother CCG,31/01/2019,C&M-GMS Prem Actual Rent,PRC DELEGATED CO-COMMISSIONING,DR LAWTON & PARTNERS,25629283,3583.33,,TE000036330
Department of Health,NHS Hastings & Rother CCG,31/01/2019,C&M-GMS Prem Rates,PRC DELEGATED CO-COMMISSIONING,DR LAWTON & PARTNERS,25629283,4279,,TE000036330
Department of Health,NHS Hastings & Rother CCG,31/01/2019,C&M-GMS Prem Water Rates,PRC DELEGATED CO-COMMISSIONING,DR LAWTON & PARTNERS,25629283,310.11,,TE000036330
Department of Health,NHS Hastings & Rother CCG,31/01/2019,C&M-GMS QOF Aspiration,PRC DELEGATED CO-COMMISSIONING,DR LAWTON & PARTNERS,25629283,14581.85,,TE000036330
Department of Health,NHS Hastings & Rother CCG,31/01/2019,C&M-GMS Cost of Drugs -Dispensing,LOCAL ENHANCED SERVICES,DR PACKHAM & PARTNERS,25629284,-38527.49,,TE000036331
Department of Health,NHS Hastings & Rother CCG,31/01/2019,C&M-GMS GP Statutory Levy,PRC DELEGATED CO-COMMISSIONING,DR PACKHAM & PARTNERS,25629284,-132.7,,TE000036331
Department of Health,NHS Hastings & Rother CCG,31/01/2019,C&M-GMS PrscChrgsCll&RmttdbyGPCntra,PRC DELEGATED CO-COMMISSIONING,DR PACKHAM & PARTNERS,25629284,-2895.2,,TE000036331
Department of Health,NHS Hastings & Rother CCG,31/01/2019,C&M-GMS Voluntary Levy,PRC DELEGATED CO-COMMISSIONING,DR PACKHAM & PARTNERS,25629284,-27.22,,TE000036331
Department of Health,NHS Hastings & Rother CCG,31/01/2019,ME-GMS GP Pension EEs,PRC DELEGATED CO-COMMISSIONING,DR PACKHAM & PARTNERS,25629284,-2108.3,,TE000036331
Department of Health,NHS Hastings & Rother CCG,31/01/2019,ME-GMS GP Pension ERs Adjustments,PRC DELEGATED CO-COMMISSIONING,DR PACKHAM & PARTNERS,25629284,-2318.78,,TE000036331
Department of Health,NHS Hastings & Rother CCG,31/01/2019,C&M-GMS Cost of Drugs -Dispensing,LOCAL ENHANCED SERVICES,DR PACKHAM & PARTNERS,25629285,77922.18,,TE000036332
Department of Health,NHS Hastings & Rother CCG,31/01/2019,C&M-GMS Global Sum,PRC DELEGATED CO-COMMISSIONING,DR PACKHAM & PARTNERS,25629285,32911.48,,TE000036332
Department of Health,NHS Hastings & Rother CCG,31/01/2019,C&M-GMS MPIG Correction Factor,PRC DELEGATED CO-COMMISSIONING,DR PACKHAM & PARTNERS,25629285,546.29,,TE000036332
Department of Health,NHS Hastings & Rother CCG,31/01/2019,C&M-GMS PCO Other,PRC DELEGATED CO-COMMISSIONING,DR PACKHAM & PARTNERS,25629285,384.5,,TE000036332
Department of Health,NHS Hastings & Rother CCG,31/01/2019,C&M-GMS Prem Actual Rent,PRC DELEGATED CO-COMMISSIONING,DR PACKHAM & PARTNERS,25629285,3200,,TE000036332
Department of Health,NHS Hastings & Rother CCG,31/01/2019,C&M-GMS Prem Rates,PRC DELEGATED CO-COMMISSIONING,DR PACKHAM & PARTNERS,25629285,622,,TE000036332
Department of Health,NHS Hastings & Rother CCG,31/01/2019,C&M-GMS Prof Fees Dispensing,PRC DELEGATED CO-COMMISSIONING,DR PACKHAM & PARTNERS,25629285,15084.03,,TE000036332
Department of Health,NHS Hastings & Rother CCG,31/01/2019,C&M-GMS PrscrptnChrgsColl&RmttdbyGP,LOCAL ENHANCED SERVICES,DR PACKHAM & PARTNERS,25629285,2895.2,,TE000036332
Department of Health,NHS Hastings & Rother CCG,31/01/2019,C&M-GMS QOF Aspiration,PRC DELEGATED CO-COMMISSIONING,DR PACKHAM & PARTNERS,25629285,3211.37,,TE000036332
Department of Health,NHS Hastings & Rother CCG,31/01/2019,C&M-GMS DES Learn Dsblty Hlth Chk,PRC DELEGATED CO-COMMISSIONING,DR RIVETT & PARTNERS,25629287,140,,TE000036334
Department of Health,NHS Hastings & Rother CCG,31/01/2019,C&M-GMS Global Sum,PRC DELEGATED CO-COMMISSIONING,DR RIVETT & PARTNERS,25629287,63108.72,,TE000036334
Department of Health,NHS Hastings & Rother CCG,31/01/2019,C&M-GMS Prem Actual Rent,PRC DELEGATED CO-COMMISSIONING,DR RIVETT & PARTNERS,25629287,3500,,TE000036334
Department of Health,NHS Hastings & Rother CCG,31/01/2019,C&M-GMS Prem Rates,PRC DELEGATED CO-COMMISSIONING,DR RIVETT & PARTNERS,25629287,1205,,TE000036334
Department of Health,NHS Hastings & Rother CCG,31/01/2019,C&M-GMS QOF Aspiration,PRC DELEGATED CO-COMMISSIONING,DR RIVETT & PARTNERS,25629287,6773.49,,TE000036334
Department of Health,NHS Hastings & Rother CCG,31/01/2019,C&M-GMS Cost of Drugs -Dispensing,LOCAL ENHANCED SERVICES,DR RODGERS & PARTNER,25629288,-21307.38,,TE000036335
Department of Health,NHS Hastings & Rother CCG,31/01/2019,C&M-GMS GP Statutory Levy,PRC DELEGATED CO-COMMISSIONING,DR RODGERS & PARTNER,25629288,-191.82,,TE000036335
Department of Health,NHS Hastings & Rother CCG,31/01/2019,C&M-GMS PrscChrgsCll&RmttdbyGPCntra,PRC DELEGATED CO-COMMISSIONING,DR RODGERS & PARTNER,25629288,-765.6,,TE000036335
Department of Health,NHS Hastings & Rother CCG,31/01/2019,C&M-GMS Voluntary Levy,PRC DELEGATED CO-COMMISSIONING,DR RODGERS & PARTNER,25629288,-39.35,,TE000036335
Department of Health,NHS Hastings & Rother CCG,31/01/2019,ME-GMS GP Pension EEs,PRC DELEGATED CO-COMMISSIONING,DR RODGERS & PARTNER,25629288,-3394.22,,TE000036335
Department of Health,NHS Hastings & Rother CCG,31/01/2019,ME-GMS GP Pension ERs Adjustments,PRC DELEGATED CO-COMMISSIONING,DR RODGERS & PARTNER,25629288,-3480.79,,TE000036335
Department of Health,NHS Hastings & Rother CCG,31/01/2019,C&M-GMS Cost of Drugs -Dispensing,LOCAL ENHANCED SERVICES,DR RODGERS & PARTNER,25629289,34601.05,,TE000036336
Department of Health,NHS Hastings & Rother CCG,31/01/2019,C&M-GMS DES Extended Hours Access,PRC DELEGATED CO-COMMISSIONING,DR RODGERS & PARTNER,25629289,2731.25,,TE000036336
Department of Health,NHS Hastings & Rother CCG,31/01/2019,C&M-GMS Global Sum,PRC DELEGATED CO-COMMISSIONING,DR RODGERS & PARTNER,25629289,41927.53,,TE000036336
Department of Health,NHS Hastings & Rother CCG,31/01/2019,C&M-GMS Other FDR Payment,PRC DELEGATED CO-COMMISSIONING,DR RODGERS & PARTNER,25629289,1180.68,,TE000036336
Department of Health,NHS Hastings & Rother CCG,31/01/2019,C&M-GMS Prem Rates,PRC DELEGATED CO-COMMISSIONING,DR RODGERS & PARTNER,25629289,904,,TE000036336
Department of Health,NHS Hastings & Rother CCG,31/01/2019,C&M-GMS Prof Fees Dispensing,PRC DELEGATED CO-COMMISSIONING,DR RODGERS & PARTNER,25629289,6658.8,,TE000036336
Department of Health,NHS Hastings & Rother CCG,31/01/2019,C&M-GMS PrscrptnChrgsColl&RmttdbyGP,LOCAL ENHANCED SERVICES,DR RODGERS & PARTNER,25629289,765.6,,TE000036336
Department of Health,NHS Hastings & Rother CCG,31/01/2019,C&M-GMS QOF Aspiration,PRC DELEGATED CO-COMMISSIONING,DR RODGERS & PARTNER,25629289,4226.44,,TE000036336
Department of Health,NHS Hastings & Rother CCG,31/01/2019,C&M-GMS Cost of Drugs -Dispensing,LOCAL ENHANCED SERVICES,DR STERN & PARTNERS,25629290,-83804.95,,TE000036337
Department of Health,NHS Hastings & Rother CCG,31/01/2019,C&M-GMS GP Statutory Levy,PRC DELEGATED CO-COMMISSIONING,DR STERN & PARTNERS,25629290,-201.73,,TE000036337
Department of Health,NHS Hastings & Rother CCG,31/01/2019,C&M-GMS PrscChrgsCll&RmttdbyGPCntra,PRC DELEGATED CO-COMMISSIONING,DR STERN & PARTNERS,25629290,-2780.8,,TE000036337
Department of Health,NHS Hastings & Rother CCG,31/01/2019,C&M-GMS Voluntary Levy,PRC DELEGATED CO-COMMISSIONING,DR STERN & PARTNERS,25629290,-41.38,,TE000036337
Department of Health,NHS Hastings & Rother CCG,31/01/2019,ME - GMS GP Prior Year ERs,PRC DELEGATED CO-COMMISSIONING,DR STERN & PARTNERS,25629290,-6158.57,,TE000036337
Department of Health,NHS Hastings & Rother CCG,31/01/2019,ME-GMS GP Pension EEs,PRC DELEGATED CO-COMMISSIONING,DR STERN & PARTNERS,25629290,-6621.66,,TE000036337
Department of Health,NHS Hastings & Rother CCG,31/01/2019,ME-GMS GP Pension ERs Adjustments,PRC DELEGATED CO-COMMISSIONING,DR STERN & PARTNERS,25629290,-6566.86,,TE000036337
Department of Health,NHS Hastings & Rother CCG,31/01/2019,ME-GMS GP Prior Year EEs,PRC DELEGATED CO-COMMISSIONING,DR STERN & PARTNERS,25629290,-6244.71,,TE000036337
Department of Health,NHS Hastings & Rother CCG,31/01/2019,C&M-GMS Cost of Drugs -Dispensing,LOCAL ENHANCED SERVICES,DR STERN & PARTNERS,25629291,146980.54,,TE000036338
Department of Health,NHS Hastings & Rother CCG,31/01/2019,C&M-GMS DES Extended Hours Access,PRC DELEGATED CO-COMMISSIONING,DR STERN & PARTNERS,25629291,1955.1,,TE000036338
Department of Health,NHS Hastings & Rother CCG,31/01/2019,C&M-GMS Global Sum,PRC DELEGATED CO-COMMISSIONING,DR STERN & PARTNERS,25629291,52174.28,,TE000036338
Department of Health,NHS Hastings & Rother CCG,31/01/2019,C&M-GMS MPIG Correction Factor,PRC DELEGATED CO-COMMISSIONING,DR STERN & PARTNERS,25629291,291.55,,TE000036338
Department of Health,NHS Hastings & Rother CCG,31/01/2019,C&M-GMS Prem Actual Rent,PRC DELEGATED CO-COMMISSIONING,DR STERN & PARTNERS,25629291,4633.33,,TE000036338
Department of Health,NHS Hastings & Rother CCG,31/01/2019,C&M-GMS Prem Rates,PRC DELEGATED CO-COMMISSIONING,DR STERN & PARTNERS,25629291,1353,,TE000036338
Department of Health,NHS Hastings & Rother CCG,31/01/2019,C&M-GMS Prem Water Rates,PRC DELEGATED CO-COMMISSIONING,DR STERN & PARTNERS,25629291,153.04,,TE000036338
Department of Health,NHS Hastings & Rother CCG,31/01/2019,C&M-GMS Prof Fees Dispensing,PRC DELEGATED CO-COMMISSIONING,DR STERN & PARTNERS,25629291,26764.08,,TE000036338
Department of Health,NHS Hastings & Rother CCG,31/01/2019,C&M-GMS PrscrptnChrgsColl&RmttdbyGP,LOCAL ENHANCED SERVICES,DR STERN & PARTNERS,25629291,2780.8,,TE000036338
Department of Health,NHS Hastings & Rother CCG,31/01/2019,C&M-GMS QOF Aspiration,PRC DELEGATED CO-COMMISSIONING,DR STERN & PARTNERS,25629291,6152.05,,TE000036338
Department of Health,NHS Hastings & Rother CCG,31/01/2019,C&M-GMS Cost of Drugs -Dispensing,LOCAL ENHANCED SERVICES,DR WARDEN & PARTNERS,25629292,-20737.21,,TE000036339
Department of Health,NHS Hastings & Rother CCG,31/01/2019,C&M-GMS GP Statutory Levy,PRC DELEGATED CO-COMMISSIONING,DR WARDEN & PARTNERS,25629292,-251.16,,TE000036339
Department of Health,NHS Hastings & Rother CCG,31/01/2019,C&M-GMS PrscChrgsCll&RmttdbyGPCntra,PRC DELEGATED CO-COMMISSIONING,DR WARDEN & PARTNERS,25629292,-1126.4,,TE000036339
Department of Health,NHS Hastings & Rother CCG,31/01/2019,C&M-GMS Voluntary Levy,PRC DELEGATED CO-COMMISSIONING,DR WARDEN & PARTNERS,25629292,-51.52,,TE000036339
Department of Health,NHS Hastings & Rother CCG,31/01/2019,ME-GMS GP Pension EEs,PRC DELEGATED CO-COMMISSIONING,DR WARDEN & PARTNERS,25629292,-2796.75,,TE000036339
Department of Health,NHS Hastings & Rother CCG,31/01/2019,ME-GMS GP Pension ERs Adjustments,PRC DELEGATED CO-COMMISSIONING,DR WARDEN & PARTNERS,25629292,-3127.65,,TE000036339
Department of Health,NHS Hastings & Rother CCG,31/01/2019,C&M-GMS Cost of Drugs -Dispensing,LOCAL ENHANCED SERVICES,DR WARDEN & PARTNERS,25629293,45995.67,,TE000036340
Department of Health,NHS Hastings & Rother CCG,31/01/2019,C&M-GMS DES Extended Hours Access,PRC DELEGATED CO-COMMISSIONING,DR WARDEN & PARTNERS,25629293,3685.05,,TE000036340
Department of Health,NHS Hastings & Rother CCG,31/01/2019,C&M-GMS Global Sum,PRC DELEGATED CO-COMMISSIONING,DR WARDEN & PARTNERS,25629293,61403.93,,TE000036340
Department of Health,NHS Hastings & Rother CCG,31/01/2019,C&M-GMS PCO Doctors Ret Scheme,PRC DELEGATED CO-COMMISSIONING,DR WARDEN & PARTNERS,25629293,846.12,,TE000036340
Department of Health,NHS Hastings & Rother CCG,31/01/2019,C&M-GMS PCO Other,PRC DELEGATED CO-COMMISSIONING,DR WARDEN & PARTNERS,25629293,540.28,,TE000036340
Department of Health,NHS Hastings & Rother CCG,31/01/2019,C&M-GMS Prem Actual Rent,PRC DELEGATED CO-COMMISSIONING,DR WARDEN & PARTNERS,25629293,5890.67,,TE000036340
Department of Health,NHS Hastings & Rother CCG,31/01/2019,C&M-GMS Prem Rates,PRC DELEGATED CO-COMMISSIONING,DR WARDEN & PARTNERS,25629293,1850,,TE000036340
Department of Health,NHS Hastings & Rother CCG,31/01/2019,C&M-GMS Prof Fees Dispensing,PRC DELEGATED CO-COMMISSIONING,DR WARDEN & PARTNERS,25629293,9438.54,,TE000036340
Department of Health,NHS Hastings & Rother CCG,31/01/2019,C&M-GMS PrscrptnChrgsColl&RmttdbyGP,LOCAL ENHANCED SERVICES,DR WARDEN & PARTNERS,25629293,1126.4,,TE000036340
Department of Health,NHS Hastings & Rother CCG,31/01/2019,C&M-GMS QOF Aspiration,PRC DELEGATED CO-COMMISSIONING,DR WARDEN & PARTNERS,25629293,7646.84,,TE000036340
Department of Health,NHS Hastings & Rother CCG,31/01/2019,ME - GMS GP Prior Year ERs,PRC DELEGATED CO-COMMISSIONING,DR WARDEN & PARTNERS,25629293,4242.05,,TE000036340
Department of Health,NHS Hastings & Rother CCG,31/01/2019,ME-GMS GP Prior Year EEs,PRC DELEGATED CO-COMMISSIONING,DR WARDEN & PARTNERS,25629293,5908.82,,TE000036340
Department of Health,NHS Hastings & Rother CCG,31/01/2019,C&M-GMS Cost of Drugs -Dispensing,LOCAL ENHANCED SERVICES,HAROLD ROAD SURGERY,25629294,-22459.64,,TE000036341
Department of Health,NHS Hastings & Rother CCG,31/01/2019,C&M-GMS GP Statutory Levy,PRC DELEGATED CO-COMMISSIONING,HAROLD ROAD SURGERY,25629294,-355.45,,TE000036341
Department of Health,NHS Hastings & Rother CCG,31/01/2019,C&M-GMS PrscChrgsCll&RmttdbyGPCntra,PRC DELEGATED CO-COMMISSIONING,HAROLD ROAD SURGERY,25629294,-704,,TE000036341
Department of Health,NHS Hastings & Rother CCG,31/01/2019,C&M-GMS Voluntary Levy,PRC DELEGATED CO-COMMISSIONING,HAROLD ROAD SURGERY,25629294,-72.91,,TE000036341
Department of Health,NHS Hastings & Rother CCG,31/01/2019,ME - GMS TPS Added Years Adj EEs,PRC DELEGATED CO-COMMISSIONING,HAROLD ROAD SURGERY,25629294,-222.62,,TE000036341
Department of Health,NHS Hastings & Rother CCG,31/01/2019,ME-GMS GP Pension EEs,PRC DELEGATED CO-COMMISSIONING,HAROLD ROAD SURGERY,25629294,-4237.6,,TE000036341
Department of Health,NHS Hastings & Rother CCG,31/01/2019,ME-GMS GP Pension ERs Adjustments,PRC DELEGATED CO-COMMISSIONING,HAROLD ROAD SURGERY,25629294,-4341.45,,TE000036341
Department of Health,NHS Hastings & Rother CCG,31/01/2019,C&M-GMS Cost of Drugs -Dispensing,LOCAL ENHANCED SERVICES,HAROLD ROAD SURGERY,25629295,45855.59,,TE000036342
Department of Health,NHS Hastings & Rother CCG,31/01/2019,C&M-GMS DES Extended Hours Access,PRC DELEGATED CO-COMMISSIONING,HAROLD ROAD SURGERY,25629295,4987.03,,TE000036342
Department of Health,NHS Hastings & Rother CCG,31/01/2019,C&M-GMS Global Sum,PRC DELEGATED CO-COMMISSIONING,HAROLD ROAD SURGERY,25629295,85820.56,,TE000036342
Department of Health,NHS Hastings & Rother CCG,31/01/2019,C&M-GMS MPIG Correction Factor,PRC DELEGATED CO-COMMISSIONING,HAROLD ROAD SURGERY,25629295,27.67,,TE000036342
Department of Health,NHS Hastings & Rother CCG,31/01/2019,C&M-GMS PCO Locum Sickness,PRC DELEGATED CO-COMMISSIONING,HAROLD ROAD SURGERY,25629295,8336.72,,TE000036342
Department of Health,NHS Hastings & Rother CCG,31/01/2019,C&M-GMS PCO Other,PRC DELEGATED CO-COMMISSIONING,HAROLD ROAD SURGERY,25629295,710.93,,TE000036342
Department of Health,NHS Hastings & Rother CCG,31/01/2019,C&M-GMS Prem Actual Rent,PRC DELEGATED CO-COMMISSIONING,HAROLD ROAD SURGERY,25629295,4806.83,,TE000036342
Department of Health,NHS Hastings & Rother CCG,31/01/2019,C&M-GMS Prem Rates,PRC DELEGATED CO-COMMISSIONING,HAROLD ROAD SURGERY,25629295,1776,,TE000036342
Department of Health,NHS Hastings & Rother CCG,31/01/2019,C&M-GMS Prof Fees Dispensing,PRC DELEGATED CO-COMMISSIONING,HAROLD ROAD SURGERY,25629295,8554.37,,TE000036342
Department of Health,NHS Hastings & Rother CCG,31/01/2019,C&M-GMS PrscrptnChrgsColl&RmttdbyGP,LOCAL ENHANCED SERVICES,HAROLD ROAD SURGERY,25629295,704,,TE000036342
Department of Health,NHS Hastings & Rother CCG,31/01/2019,C&M-GMS QOF Aspiration,PRC DELEGATED CO-COMMISSIONING,HAROLD ROAD SURGERY,25629295,7959.42,,TE000036342
Department of Health,NHS Hastings & Rother CCG,31/01/2019,C&M-GMS Global Sum,PRC DELEGATED CO-COMMISSIONING,HIGH GLADES MEDICAL CENTRE,25629297,123153.02,,TE000036344
Department of Health,NHS Hastings & Rother CCG,31/01/2019,C&M-GMS MPIG Correction Factor,PRC DELEGATED CO-COMMISSIONING,HIGH GLADES MEDICAL CENTRE,25629297,216.62,,TE000036344
Department of Health,NHS Hastings & Rother CCG,31/01/2019,C&M-GMS Prem Actual Rent,PRC DELEGATED CO-COMMISSIONING,HIGH GLADES MEDICAL CENTRE,25629297,3041.67,,TE000036344
Department of Health,NHS Hastings & Rother CCG,31/01/2019,C&M-GMS QOF Aspiration,PRC DELEGATED CO-COMMISSIONING,HIGH GLADES MEDICAL CENTRE,25629297,7279.46,,TE000036344
Department of Health,NHS Hastings & Rother CCG,31/01/2019,ME-GMS GP Pension EEs Adjustments,PRC DELEGATED CO-COMMISSIONING,HIGH GLADES MEDICAL CENTRE,25629297,2322.34,,TE000036344
Department of Health,NHS Hastings & Rother CCG,31/01/2019,ME-GMS GP Pension ERs Adjustments,PRC DELEGATED CO-COMMISSIONING,HIGH GLADES MEDICAL CENTRE,25629297,2303.12,,TE000036344
Department of Health,NHS Hastings & Rother CCG,31/01/2019,C&M-GMS Global Sum,PRC DELEGATED CO-COMMISSIONING,SEDLESCOMBE HOUSE,25629301,25348.75,,TE000036348
Department of Health,NHS Hastings & Rother CCG,31/01/2019,C&M-GMS PCO Other,PRC DELEGATED CO-COMMISSIONING,SEDLESCOMBE HOUSE,25629301,289.53,,TE000036348
Department of Health,NHS Hastings & Rother CCG,31/01/2019,C&M-GMS Prem Actual Rent,PRC DELEGATED CO-COMMISSIONING,SEDLESCOMBE HOUSE,25629301,2843.75,,TE000036348
Department of Health,NHS Hastings & Rother CCG,31/01/2019,C&M-GMS Prem Rates,PRC DELEGATED CO-COMMISSIONING,SEDLESCOMBE HOUSE,25629301,482,,TE000036348
Department of Health,NHS Hastings & Rother CCG,31/01/2019,C&M-GMS QOF Aspiration,PRC DELEGATED CO-COMMISSIONING,SEDLESCOMBE HOUSE,25629301,2645.27,,TE000036348
Department of Health,NHS Hastings & Rother CCG,31/01/2019,C&M-GMS DES Extended Hours Access,PRC DELEGATED CO-COMMISSIONING,SOUTH SAXON HOUSE SURGERY,25629303,1587.93,,TE000036350
Department of Health,NHS Hastings & Rother CCG,31/01/2019,C&M-GMS Global Sum,PRC DELEGATED CO-COMMISSIONING,SOUTH SAXON HOUSE SURGERY,25629303,23345.94,,TE000036350
Department of Health,NHS Hastings & Rother CCG,31/01/2019,C&M-GMS MPIG Correction Factor,PRC DELEGATED CO-COMMISSIONING,SOUTH SAXON HOUSE SURGERY,25629303,459.2,,TE000036350
Department of Health,NHS Hastings & Rother CCG,31/01/2019,C&M-GMS PCO Other,PRC DELEGATED CO-COMMISSIONING,SOUTH SAXON HOUSE SURGERY,25629303,267.53,,TE000036350
Department of Health,NHS Hastings & Rother CCG,31/01/2019,C&M-GMS Prem Actual Rent,PRC DELEGATED CO-COMMISSIONING,SOUTH SAXON HOUSE SURGERY,25629303,2829.17,,TE000036350
Department of Health,NHS Hastings & Rother CCG,31/01/2019,C&M-GMS Prem Rates,PRC DELEGATED CO-COMMISSIONING,SOUTH SAXON HOUSE SURGERY,25629303,354,,TE000036350
Department of Health,NHS Hastings & Rother CCG,31/01/2019,C&M-GMS QOF Aspiration,PRC DELEGATED CO-COMMISSIONING,SOUTH SAXON HOUSE SURGERY,25629303,2616.67,,TE000036350
Department of Health,NHS Hastings & Rother CCG,31/01/2019,C&M-GMS DES Extended Hours Access,PRC DELEGATED CO-COMMISSIONING,WARRIOR SQUARE SURGERY,25629305,3624.25,,TE000036352
Department of Health,NHS Hastings & Rother CCG,31/01/2019,C&M-GMS Global Sum,PRC DELEGATED CO-COMMISSIONING,WARRIOR SQUARE SURGERY,25629305,65216.68,,TE000036352
Department of Health,NHS Hastings & Rother CCG,31/01/2019,C&M-GMS Prem Actual Rent,PRC DELEGATED CO-COMMISSIONING,WARRIOR SQUARE SURGERY,25629305,15375,,TE000036352
Department of Health,NHS Hastings & Rother CCG,31/01/2019,C&M-GMS QOF Aspiration,PRC DELEGATED CO-COMMISSIONING,WARRIOR SQUARE SURGERY,25629305,6205.66,,TE000036352
Department of Health,NHS Hastings & Rother CCG,31/01/2019,C&M-GMS Cost of Drugs -Dispensing,LOCAL ENHANCED SERVICES,FERRY ROAD HEALTH CENTRE,25629307,30224.27,,TE000036354
Department of Health,NHS Hastings & Rother CCG,31/01/2019,C&M-GMS DES Extended Hours Access,PRC DELEGATED CO-COMMISSIONING,FERRY ROAD HEALTH CENTRE,25629307,1766.53,,TE000036354
Department of Health,NHS Hastings & Rother CCG,31/01/2019,C&M-GMS Global Sum,PRC DELEGATED CO-COMMISSIONING,FERRY ROAD HEALTH CENTRE,25629307,30986.46,,TE000036354
Department of Health,NHS Hastings & Rother CCG,31/01/2019,C&M-GMS PCO Other,PRC DELEGATED CO-COMMISSIONING,FERRY ROAD HEALTH CENTRE,25629307,231.13,,TE000036354
Department of Health,NHS Hastings & Rother CCG,31/01/2019,C&M-GMS Prem Rates,PRC DELEGATED CO-COMMISSIONING,FERRY ROAD HEALTH CENTRE,25629307,2102,,TE000036354
Department of Health,NHS Hastings & Rother CCG,31/01/2019,C&M-GMS Prof Fees Dispensing,PRC DELEGATED CO-COMMISSIONING,FERRY ROAD HEALTH CENTRE,25629307,7045.63,,TE000036354
Department of Health,NHS Hastings & Rother CCG,31/01/2019,C&M-GMS PrscrptnChrgsColl&RmttdbyGP,LOCAL ENHANCED SERVICES,FERRY ROAD HEALTH CENTRE,25629307,792,,TE000036354
Department of Health,NHS Hastings & Rother CCG,31/01/2019,C&M-GMS QOF Aspiration,PRC DELEGATED CO-COMMISSIONING,FERRY ROAD HEALTH CENTRE,25629307,3093.84,,TE000036354
Department of Health,NHS Hastings & Rother CCG,31/01/2019,C&M-GMS GP Statutory Levy,PRC DELEGATED CO-COMMISSIONING,LITTLE COMMON SURGERY,25629308,-542.13,,TE000036355
Department of Health,NHS Hastings & Rother CCG,31/01/2019,C&M-GMS Voluntary Levy,PRC DELEGATED CO-COMMISSIONING,LITTLE COMMON SURGERY,25629308,-111.21,,TE000036355
Department of Health,NHS Hastings & Rother CCG,31/01/2019,ME - GMS TPS Added Years Adj EEs,PRC DELEGATED CO-COMMISSIONING,LITTLE COMMON SURGERY,25629308,-227.12,,TE000036355
Department of Health,NHS Hastings & Rother CCG,31/01/2019,ME-GMS GP Pension EEs,PRC DELEGATED CO-COMMISSIONING,LITTLE COMMON SURGERY,25629308,-13029.08,,TE000036355
Department of Health,NHS Hastings & Rother CCG,31/01/2019,ME-GMS GP Pension ERs Adjustments,PRC DELEGATED CO-COMMISSIONING,LITTLE COMMON SURGERY,25629308,-13231.91,,TE000036355
Department of Health,NHS Hastings & Rother CCG,31/01/2019,C&M-GMS DES Extended Hours Access,PRC DELEGATED CO-COMMISSIONING,LITTLE COMMON SURGERY,25629309,7706.4,,TE000036356
Department of Health,NHS Hastings & Rother CCG,31/01/2019,C&M-GMS Global Sum,PRC DELEGATED CO-COMMISSIONING,LITTLE COMMON SURGERY,25629309,153452.57,,TE000036356
Department of Health,NHS Hastings & Rother CCG,31/01/2019,C&M-GMS Other FDR Payment,PRC DELEGATED CO-COMMISSIONING,LITTLE COMMON SURGERY,25629309,2421.64,,TE000036356
Department of Health,NHS Hastings & Rother CCG,31/01/2019,C&M-GMS PCO Doctors Ret Scheme,PRC DELEGATED CO-COMMISSIONING,LITTLE COMMON SURGERY,25629309,1307.64,,TE000036356
Department of Health,NHS Hastings & Rother CCG,31/01/2019,C&M-GMS PCO Other,PRC DELEGATED CO-COMMISSIONING,LITTLE COMMON SURGERY,25629309,1079.23,,TE000036356
Department of Health,NHS Hastings & Rother CCG,31/01/2019,C&M-GMS Prem Actual Rent,PRC DELEGATED CO-COMMISSIONING,LITTLE COMMON SURGERY,25629309,9850.67,,TE000036356
Department of Health,NHS Hastings & Rother CCG,31/01/2019,C&M-GMS Prem Rates,PRC DELEGATED CO-COMMISSIONING,LITTLE COMMON SURGERY,25629309,1845,,TE000036356
Department of Health,NHS Hastings & Rother CCG,31/01/2019,C&M-GMS Prem Water Rates,PRC DELEGATED CO-COMMISSIONING,LITTLE COMMON SURGERY,25629309,699.96,,TE000036356
Department of Health,NHS Hastings & Rother CCG,31/01/2019,C&M-GMS QOF Aspiration,PRC DELEGATED CO-COMMISSIONING,LITTLE COMMON SURGERY,25629309,18876.86,,TE000036356
Department of Health,NHS Hastings & Rother CCG,31/01/2019,C&M-GMS Cost of Drugs -Dispensing,LOCAL ENHANCED SERVICES,HASTINGS OLD TOWN SURGERY,25629310,-40978.45,,TE000036357
Department of Health,NHS Hastings & Rother CCG,31/01/2019,C&M-GMS GP Statutory Levy,PRC DELEGATED CO-COMMISSIONING,HASTINGS OLD TOWN SURGERY,25629310,-351.2,,TE000036357
Department of Health,NHS Hastings & Rother CCG,31/01/2019,C&M-GMS PrscChrgsCll&RmttdbyGPCntra,PRC DELEGATED CO-COMMISSIONING,HASTINGS OLD TOWN SURGERY,25629310,-994.4,,TE000036357
Department of Health,NHS Hastings & Rother CCG,31/01/2019,C&M-GMS Voluntary Levy,PRC DELEGATED CO-COMMISSIONING,HASTINGS OLD TOWN SURGERY,25629310,-72.04,,TE000036357
Department of Health,NHS Hastings & Rother CCG,31/01/2019,ME-GMS GP Pension EEs,PRC DELEGATED CO-COMMISSIONING,HASTINGS OLD TOWN SURGERY,25629310,-5039.17,,TE000036357
Department of Health,NHS Hastings & Rother CCG,31/01/2019,ME-GMS GP Pension ERs Adjustments,PRC DELEGATED CO-COMMISSIONING,HASTINGS OLD TOWN SURGERY,25629310,-5056.97,,TE000036357
Department of Health,NHS Hastings & Rother CCG,31/01/2019,C&M-GMS Cost of Drugs -Dispensing,LOCAL ENHANCED SERVICES,HASTINGS OLD TOWN SURGERY,25629311,76587.3,,TE000036358
Department of Health,NHS Hastings & Rother CCG,31/01/2019,C&M-GMS DES Extended Hours Access,PRC DELEGATED CO-COMMISSIONING,HASTINGS OLD TOWN SURGERY,25629311,5183.2,,TE000036358
Department of Health,NHS Hastings & Rother CCG,31/01/2019,C&M-GMS Global Sum,PRC DELEGATED CO-COMMISSIONING,HASTINGS OLD TOWN SURGERY,25629311,85007.98,,TE000036358
Department of Health,NHS Hastings & Rother CCG,31/01/2019,C&M-GMS Prem Actual Rent,PRC DELEGATED CO-COMMISSIONING,HASTINGS OLD TOWN SURGERY,25629311,5216.66,,TE000036358
Department of Health,NHS Hastings & Rother CCG,31/01/2019,C&M-GMS Prem Rates,PRC DELEGATED CO-COMMISSIONING,HASTINGS OLD TOWN SURGERY,25629311,2627,,TE000036358
Department of Health,NHS Hastings & Rother CCG,31/01/2019,C&M-GMS Prof Fees Dispensing,PRC DELEGATED CO-COMMISSIONING,HASTINGS OLD TOWN SURGERY,25629311,13910.09,,TE000036358
Department of Health,NHS Hastings & Rother CCG,31/01/2019,C&M-GMS PrscrptnChrgsColl&RmttdbyGP,LOCAL ENHANCED SERVICES,HASTINGS OLD TOWN SURGERY,25629311,994.4,,TE000036358
Department of Health,NHS Hastings & Rother CCG,31/01/2019,C&M-GMS QOF Aspiration,PRC DELEGATED CO-COMMISSIONING,HASTINGS OLD TOWN SURGERY,25629311,11905.7,,TE000036358
Department of Health,NHS Hastings & Rother CCG,31/01/2019,ME - GMS GP Prior Year ERs,PRC DELEGATED CO-COMMISSIONING,HASTINGS OLD TOWN SURGERY,25629311,16167.13,,TE000036358
Department of Health,NHS Hastings & Rother CCG,31/01/2019,ME-GMS GP Prior Year EEs,PRC DELEGATED CO-COMMISSIONING,HASTINGS OLD TOWN SURGERY,25629311,17212.67,,TE000036358
Department of Health,NHS Hastings & Rother CCG,31/01/2019,C&M-GMS DES Extended Hours Access,PRC DELEGATED CO-COMMISSIONING,BEACONSFIELD ROAD SURGERY HASTINGS,25629313,5528.05,,TE000036360
Department of Health,NHS Hastings & Rother CCG,31/01/2019,C&M-GMS Global Sum,PRC DELEGATED CO-COMMISSIONING,BEACONSFIELD ROAD SURGERY HASTINGS,25629313,83936.95,,TE000036360
Department of Health,NHS Hastings & Rother CCG,31/01/2019,C&M-GMS Other FDR Payment,PRC DELEGATED CO-COMMISSIONING,BEACONSFIELD ROAD SURGERY HASTINGS,25629313,956.44,,TE000036360
Department of Health,NHS Hastings & Rother CCG,31/01/2019,C&M-GMS PCO Other,PRC DELEGATED CO-COMMISSIONING,BEACONSFIELD ROAD SURGERY HASTINGS,25629313,798.36,,TE000036360
Department of Health,NHS Hastings & Rother CCG,31/01/2019,C&M-GMS Prem Actual Rent,PRC DELEGATED CO-COMMISSIONING,BEACONSFIELD ROAD SURGERY HASTINGS,25629313,2091.67,,TE000036360
Department of Health,NHS Hastings & Rother CCG,31/01/2019,C&M-GMS Prem Rates,PRC DELEGATED CO-COMMISSIONING,BEACONSFIELD ROAD SURGERY HASTINGS,25629313,904,,TE000036360
Department of Health,NHS Hastings & Rother CCG,31/01/2019,C&M-GMS QOF Aspiration,PRC DELEGATED CO-COMMISSIONING,BEACONSFIELD ROAD SURGERY HASTINGS,25629313,9776.17,,TE000036360
Department of Health,NHS Hastings & Rother CCG,31/01/2019,Hcare Srv Rec Fdtn Trust-Contract Baseline,ACUTE COMMISSIONING,GUYS & ST THOMAS HOSPITAL NHS FOUNDATION TRUST,25636134,30493,654923417,3248295
Department of Health,NHS Hastings & Rother CCG,31/01/2019,Cont Care-Foundation Trust,CHC ADULT FULLY FUNDED,SUSSEX COMMUNITY NHS FOUNDATION TRUST,25636198,27620.67,654941317,11138650
Department of Health,NHS Hastings & Rother CCG,31/01/2019,Cont Care- Adult 100% Fully Funded,CHC ADULT FULLY FUNDED,GLENSIDE MANOR HEALTHCARE SERVICES LTD,25636213,30814.97,,21145
Department of Health,NHS Hastings & Rother CCG,31/01/2019,Cont Care- Children,CHC CHILDREN,DIVERSITY CARE SOLUTIONS LTD,25636263,29415,,6068
Department of Health,NHS Hastings & Rother CCG,31/01/2019,Cont Care-Foundation Trust,CHC ADULT FULLY FUNDED,SUSSEX COMMUNITY NHS FOUNDATION TRUST,25636273,27620.67,654941317,11138159
Department of Health,NHS Hastings & Rother CCG,31/01/2019,Professional Fees,ADMINISTRATION & BUSINESS SUPPORT,NHS HIGH WEALD LEWES HAVENS CCG,25636274,33928,654458611,7030701665
Department of Health,NHS Hastings & Rother CCG,31/01/2019,IT(Owned)-Cost-Addns-IT,BALANCE SHEET,DELL CORPORATION LTD,25638344,48300,635823528,7402495980
Department of Health,NHS Hastings & Rother CCG,31/01/2019,Hlthcre-Foundation Trsts,MENTAL HEALTH CONTRACTS,SUSSEX PARTNERSHIP NHS FOUNDATION TRUST,25661312,213987,654422543,6472365
Department of Health,NHS Hastings & Rother CCG,31/01/2019,Hcare Srv Rec Fdtn Trust-Contract Cost per Case,MENTAL HEALTH CONTRACTS,SUSSEX PARTNERSHIP NHS FOUNDATION TRUST,25661313,26292.91,654422543,6472386
Department of Health,NHS Hastings & Rother CCG,31/01/2019,Clinical&Medical-Independent Sector,MENTAL HEALTH SERVICES - ADULTS,TURNING POINT (SERVICES) LTD,25661319,116994,447222460,SITPS00020987
Department of Health,NHS Hastings & Rother CCG,31/01/2019,Hlthcre-Foundation Trsts,MENTAL HEALTH CONTRACTS,SUSSEX PARTNERSHIP NHS FOUNDATION TRUST,25661351,33723,654422543,6472524
Department of Health,NHS Hastings & Rother CCG,31/01/2019,Hlthcre-Foundation Trsts,MENTAL HEALTH CONTRACTS,SUSSEX PARTNERSHIP NHS FOUNDATION TRUST,25661352,213987,654422543,6472529
Department of Health,NHS Hastings & Rother CCG,31/01/2019,C&M-GMS LES Dermatology/Cryotherapy,LOCAL ENHANCED SERVICES,CARISBROOKE SURGERY,25668562,120442.16,,LCSQ0418570
Department of Health,NHS Hastings & Rother CCG,31/01/2019,Clinical&Medical-Clinical Other,LONG TERM CONDITIONS,LITTLE COMMON SURGERY,25668804,37471.95,,LCSQ0418812
Department of Health,NHS Hastings & Rother CCG,31/01/2019,C&M-GMS LES Dermatology/Cryotherapy,LOCAL ENHANCED SERVICES,DR ELIAS AND PARTNERS,25668942,52673.87,,LCSQ0418950
Department of Health,NHS Hastings & Rother CCG,31/01/2019,Clinical&Medical-Clinical Other,LONG TERM CONDITIONS,DR LAWTON & PARTNERS,25670038,25184.4,,LCSQ0419078
Department of Health,NHS Hastings & Rother CCG,31/01/2019,Cont Care- Adult 100% Fully Funded,CHC AD FULL FUND PERS HLTH BUD,GRAEME JOHNSON 09P,25683711,27326,,09PIPF002771
Department of Health,NHS Hastings & Rother CCG,31/01/2019,C&M-APMS PCOLocumSngl-hnddGPoncrss,PRIMARY CARE INVESTMENTS,INTEGRATED FAMILY HEALTHCARE LTD,25695856,70302,,96
Department of Health,NHS Hastings & Rother CCG,31/01/2019,Other Gen Supplies & Srv,PRIMARY CARE INVESTMENTS,INTEGRATED FAMILY HEALTHCARE LTD,25695866,70302,,106
Department of Health,NHS Hastings & Rother CCG,31/01/2019,Other Gen Supplies & Srv,PRIMARY CARE INVESTMENTS,INTEGRATED FAMILY HEALTHCARE LTD,25695870,56036.53,,103
Department of Health,NHS Hastings & Rother CCG,31/01/2019,Other Gen Supplies & Srv,PRIMARY CARE INVESTMENTS,INTEGRATED FAMILY HEALTHCARE LTD,25695873,70302,,105
Department of Health,NHS Hastings & Rother CCG,31/01/2019,Other Gen Supplies & Srv,PRIMARY CARE INVESTMENTS,INTEGRATED FAMILY HEALTHCARE LTD,25695880,57473.37,,102
Department of Health,NHS Hastings & Rother CCG,31/01/2019,Other Gen Supplies & Srv,PRIMARY CARE INVESTMENTS,INTEGRATED FAMILY HEALTHCARE LTD,25695883,-70302,,107
Department of Health,NHS Hastings & Rother CCG,31/01/2019,Clinical&Medical-Voluntary Sector,LEARNING DIFFICULTIES,ELYSIUM HEALTHCARE LTD,25695896,41119.33,GB257732580,WDH00503
Department of Health,NHS Hastings & Rother CCG,31/01/2019,Hcare Srv Rec NHS Trust-Contract Baseline,ACUTE COMMISSIONING,EAST SUSSEX HEALTHCARE NHS TRUST,25738330,44680,654418039,130166
Department of Health,NHS Hastings & Rother CCG,31/01/2019,Clinical&Medical-Independent Sector,ACUTE COMMISSIONING,SPIRE HEALTHCARE LTD,25738331,59531.54,915970991,09PSSXREC181907
Department of Health,NHS Hastings & Rother CCG,31/01/2019,Hcare Srv Rec NHS Trust-Over/ Under Performance,ACUTE COMMISSIONING,EAST SUSSEX HEALTHCARE NHS TRUST,25738343,64202,654418039,130845
Department of Health,NHS Hastings & Rother CCG,31/01/2019,Hcare Srv Rec NHS Trust,PRIMARY CARE INVESTMENTS,EAST SUSSEX HEALTHCARE NHS TRUST,25773450,62348.05,654418039,130445
Department of Health,NHS Hastings & Rother CCG,31/01/2019,Cont Care- Children,CHC CHILDREN,INTERSERVE HEALTHCARE LTD,25773549,-35343.02,853731615,00083345CRD
