A3131,,,,,,,,,,,,,,,,,,,,,,,,,,,,,,,
Expenditure Over Threshold,,,,,,,,,,,,,,,,,,,,,,,,,,,,,,,
RUN AT 04/09/2018 13:44:17,,,,,,,,,,,,,,,,,,,,,,,,,,,,,,,
Department family,,Entity,,,Date,,,Expense Type,,,,,Expense area,,,,Supplier,,,,,,Transaction number,,AP Amount (�),,,,,,
Department of Health,NHS Mansfield & Ashfield CCG,,31/08/2018,,,C&M-GMS Global Sum,,,,,,PRC DELEGATED CO-COMMISSIONING,,,,ACORN MEDICAL PRACTICE,,,,,23529168,,,,,"20,188.29",,,,,
Department of Health,NHS Mansfield & Ashfield CCG,,31/08/2018,,,C&M-GMS MPIG Correction Factor,,,,,,PRC DELEGATED CO-COMMISSIONING,,,,ACORN MEDICAL PRACTICE,,,,,23529168,,,,,454.54,,,,,
Department of Health,NHS Mansfield & Ashfield CCG,,31/08/2018,,,C&M-GMS Prem Clinical Waste,,,,,,PRC DELEGATED CO-COMMISSIONING,,,,ACORN MEDICAL PRACTICE,,,,,23529168,,,,,195.55,,,,,
Department of Health,NHS Mansfield & Ashfield CCG,,31/08/2018,,,C&M-GMS Prem Notional Rent,,,,,,PRC DELEGATED CO-COMMISSIONING,,,,ACORN MEDICAL PRACTICE,,,,,23529168,,,,,"4,333.33",,,,,
Department of Health,NHS Mansfield & Ashfield CCG,,31/08/2018,,,C&M-GMS QOF Aspiration,,,,,,PRC DELEGATED CO-COMMISSIONING,,,,ACORN MEDICAL PRACTICE,,,,,23529168,,,,,"2,319.10",,,,,
Department of Health,NHS Mansfield & Ashfield CCG,,31/08/2018,,,Travel Booking Services,,,,,,PATIENT TRANSPORT,,,,ARRIVA TRANSPORT SOLUTIONS,,,,,23307987,,,,,"27,174.74",,,,,
Department of Health,NHS Mansfield & Ashfield CCG,,31/08/2018,,,Travel Booking Services,,,,,,PATIENT TRANSPORT,,,,ARRIVA TRANSPORT SOLUTIONS,,,,,23406160,,,,,"91,633.04",,,,,
Department of Health,NHS Mansfield & Ashfield CCG,,31/08/2018,,,Travel Booking Services,,,,,,PATIENT TRANSPORT,,,,ARRIVA TRANSPORT SOLUTIONS,,,,,23481062,,,,,"90,793.07",,,,,
Department of Health,NHS Mansfield & Ashfield CCG,,31/08/2018,,,Travel Booking Services,,,,,,PATIENT TRANSPORT,,,,ARRIVA TRANSPORT SOLUTIONS,,,,,23481070,,,,,"26,925.65",,,,,
Department of Health,NHS Mansfield & Ashfield CCG,,31/08/2018,,,C&M-GMS DES Minor Surgery,,,,,,PRC DELEGATED CO-COMMISSIONING,,,,ASHFIELD HOUSE SURGERY,,,,,23529153,,,,,"1,008.40",,,,,
Department of Health,NHS Mansfield & Ashfield CCG,,31/08/2018,,,C&M-GMS Global Sum,,,,,,PRC DELEGATED CO-COMMISSIONING,,,,ASHFIELD HOUSE SURGERY,,,,,23529153,,,,,"49,396.77",,,,,
Department of Health,NHS Mansfield & Ashfield CCG,,31/08/2018,,,C&M-GMS Prem Notional Rent,,,,,,PRC DELEGATED CO-COMMISSIONING,,,,ASHFIELD HOUSE SURGERY,,,,,23529153,,,,,"2,833.33",,,,,
Department of Health,NHS Mansfield & Ashfield CCG,,31/08/2018,,,C&M-GMS QOF Aspiration,,,,,,PRC DELEGATED CO-COMMISSIONING,,,,ASHFIELD HOUSE SURGERY,,,,,23529153,,,,,"5,513.85",,,,,
Department of Health,NHS Mansfield & Ashfield CCG,,31/08/2018,,,Clinical&Medical-Independent Sector,,,,,,ACUTE COMMISSIONING,,,,BMI HEALTHCARE COLLECTIONS,,,,,23457001,,,,,"133,635.38",,,,,
Department of Health,NHS Mansfield & Ashfield CCG,,31/08/2018,,,Clinical&Medical-Independent Sector - Prior Year,,,,,,ACUTE COMMISSIONING,,,,BMI HEALTHCARE COLLECTIONS,,,,,23516363,,,,,"38,779.05",,,,,
Department of Health,NHS Mansfield & Ashfield CCG,,31/08/2018,,,C&M-APMS Contract Value,,,,,,PRC DELEGATED CO-COMMISSIONING,,,,BULL FARM PRIMARY CARE CENTRE,,,,,23397282,,,,,"26,276.94",,,,,
Department of Health,NHS Mansfield & Ashfield CCG,,31/08/2018,,,C&M-APMS DES Minor Surgery,,,,,,PRC DELEGATED CO-COMMISSIONING,,,,BULL FARM PRIMARY CARE CENTRE,,,,,23397282,,,,,131.80,,,,,
Department of Health,NHS Mansfield & Ashfield CCG,,31/08/2018,,,C&M-APMS OOH Opt Outs,,,,,,PRC DELEGATED CO-COMMISSIONING,,,,BULL FARM PRIMARY CARE CENTRE,,,,,23397282,,,,,959.43,,,,,
Department of Health,NHS Mansfield & Ashfield CCG,,31/08/2018,,,C&M-APMS Prem Actual Rent,,,,,,PRC DELEGATED CO-COMMISSIONING,,,,BULL FARM PRIMARY CARE CENTRE,,,,,23397282,,,,,"9,605.02",,,,,
Department of Health,NHS Mansfield & Ashfield CCG,,31/08/2018,,,C&M-APMS Prem Rates,,,,,,PRC DELEGATED CO-COMMISSIONING,,,,BULL FARM PRIMARY CARE CENTRE,,,,,23397282,,,,,749.32,,,,,
Department of Health,NHS Mansfield & Ashfield CCG,,31/08/2018,,,C&M-APMS Prem Water Rates,,,,,,PRC DELEGATED CO-COMMISSIONING,,,,BULL FARM PRIMARY CARE CENTRE,,,,,23397282,,,,,98.91,,,,,
Department of Health,NHS Mansfield & Ashfield CCG,,31/08/2018,,,C&M-PMS QOF Aspiration,,,,,,PRC DELEGATED CO-COMMISSIONING,,,,BULL FARM PRIMARY CARE CENTRE,,,,,23397282,,,,,"2,313.23",,,,,
Department of Health,NHS Mansfield & Ashfield CCG,,31/08/2018,,,Clinical&Medical-Independent Sector,,,,,,ACUTE COMMISSIONING,,,,CARE UK CLINICAL SERVICES LTD,,,,,23457020,,,,,"56,611.13",,,,,
Department of Health,NHS Mansfield & Ashfield CCG,,31/08/2018,,,Hcare Srv Rec Fdtn Trust-CQUIN,,,,,,ACUTE COMMISSIONING,,,,CHESTERFIELD ROYAL HOSPITAL NHS FOUNDATION TRUST,,,,,23457055,,,,,880.00,,,,,
Department of Health,NHS Mansfield & Ashfield CCG,,31/08/2018,,,Hcare Srv Rec Fdtn Trust-Contract Baseline,,,,,,ACUTE COMMISSIONING,,,,CHESTERFIELD ROYAL HOSPITAL NHS FOUNDATION TRUST,,,,,23457055,,,,,"76,389.00",,,,,
Department of Health,NHS Mansfield & Ashfield CCG,,31/08/2018,,,C&M-GMS DES Minor Surgery,,,,,,PRC DELEGATED CO-COMMISSIONING,,,,CHURCHSIDE MEDICAL PRACTICE,,,,,23529161,,,,,"1,398.50",,,,,
Department of Health,NHS Mansfield & Ashfield CCG,,31/08/2018,,,C&M-GMS Global Sum,,,,,,PRC DELEGATED CO-COMMISSIONING,,,,CHURCHSIDE MEDICAL PRACTICE,,,,,23529161,,,,,"46,047.16",,,,,
Department of Health,NHS Mansfield & Ashfield CCG,,31/08/2018,,,C&M-GMS Prem Clinical Waste,,,,,,PRC DELEGATED CO-COMMISSIONING,,,,CHURCHSIDE MEDICAL PRACTICE,,,,,23529161,,,,,401.91,,,,,
Department of Health,NHS Mansfield & Ashfield CCG,,31/08/2018,,,C&M-GMS Prem Other,,,,,,PRC DELEGATED CO-COMMISSIONING,,,,CHURCHSIDE MEDICAL PRACTICE,,,,,23529161,,,,,480.50,,,,,
Department of Health,NHS Mansfield & Ashfield CCG,,31/08/2018,,,C&M-GMS QOF Aspiration,,,,,,PRC DELEGATED CO-COMMISSIONING,,,,CHURCHSIDE MEDICAL PRACTICE,,,,,23529161,,,,,"4,054.04",,,,,
Department of Health,NHS Mansfield & Ashfield CCG,,31/08/2018,,,C&M-Independent Sector - CQUIN,,,,,,CLINICAL ASSESSMENT AND TREATMENT CENTRES,,,,CIRCLE NOTTINGHAM LTD,,,,,23456996,,,,,"2,096.64",,,,,
Department of Health,NHS Mansfield & Ashfield CCG,,31/08/2018,,,Clinical&Medical-Commercial Sector,,,,,,CLINICAL ASSESSMENT AND TREATMENT CENTRES,,,,CIRCLE NOTTINGHAM LTD,,,,,23456996,,,,,"85,884.75",,,,,
Department of Health,NHS Mansfield & Ashfield CCG,,31/08/2018,,,Rent,,,,,,RECHARGES NHS PROPERTY SERVICES LTD,,,,COMMUNITY HEALTH PARTNERSHIPS LTD,,,,,23466339,,,,,"103,136.00",,,,,
Department of Health,NHS Mansfield & Ashfield CCG,,31/08/2018,,,Hcare Srv Rec Fdtn Trust-CQUIN,,,,,,COMMUNITY SERVICES,,,,DERBYSHIRE COMMUNITY HEALTH SERVICES NHS FOUNDATION TRUST,,,,,23457026,,,,,172.00,,,,,
Department of Health,NHS Mansfield & Ashfield CCG,,31/08/2018,,,Hcare Srv Rec Fdtn Trust-Contract Baseline,,,,,,COMMUNITY SERVICES,,,,DERBYSHIRE COMMUNITY HEALTH SERVICES NHS FOUNDATION TRUST,,,,,23457026,,,,,"13,737.00",,,,,
Department of Health,NHS Mansfield & Ashfield CCG,,31/08/2018,,,Hcare Srv Rec Fdtn Trust-Contract Baseline,,,,,,LEARNING DIFFICULTIES,,,,DERBYSHIRE COMMUNITY HEALTH SERVICES NHS FOUNDATION TRUST,,,,,23457026,,,,,"12,662.00",,,,,
Department of Health,NHS Mansfield & Ashfield CCG,,31/08/2018,,,Clinical&Medical-Not For Profit,,,,,,NHS 111,,,,DHU 111 (EAST MIDLANDS) CIC,,,,,23456997,,,,,"43,112.71",,,,,
Department of Health,NHS Mansfield & Ashfield CCG,,31/08/2018,,,Clinical&Medical-Not For Profit,,,,,,NHS 111,,,,DHU 111 (EAST MIDLANDS) CIC,,,,,23457050,,,,,"66,781.94",,,,,
Department of Health,NHS Mansfield & Ashfield CCG,,31/08/2018,,,Hcare Srv Rec NHS Trust-CQUIN,,,,,,AMBULANCE SERVICES,,,,EAST MIDLANDS AMBULANCE SERVICE NHS TRUST,,,,,23457024,,,,,"7,107.00",,,,,
Department of Health,NHS Mansfield & Ashfield CCG,,31/08/2018,,,Hcare Srv Rec NHS Trust-Contract Baseline,,,,,,AMBULANCE SERVICES,,,,EAST MIDLANDS AMBULANCE SERVICE NHS TRUST,,,,,23457024,,,,,"568,507.00",,,,,
Department of Health,NHS Mansfield & Ashfield CCG,,31/08/2018,,,Clinical&Medical-Clinical Other,,,,,,CHC ADULT FULLY FUNDED,,,,EDEN SUPPORTED LIVING LTD,,,,,23431129,,,,,"27,337.90",,,,,
Department of Health,NHS Mansfield & Ashfield CCG,,31/08/2018,,,C&M-GMS DES Minor Surgery,,,,,,PRC DELEGATED CO-COMMISSIONING,,,,FAMILY MEDICAL CENTRE,,,,,23529159,,,,,438.23,,,,,
Department of Health,NHS Mansfield & Ashfield CCG,,31/08/2018,,,C&M-GMS Global Sum,,,,,,PRC DELEGATED CO-COMMISSIONING,,,,FAMILY MEDICAL CENTRE,,,,,23529159,,,,,"32,774.60",,,,,
Department of Health,NHS Mansfield & Ashfield CCG,,31/08/2018,,,C&M-GMS Prem Notional Rent,,,,,,PRC DELEGATED CO-COMMISSIONING,,,,FAMILY MEDICAL CENTRE,,,,,23529159,,,,,"4,958.00",,,,,
Department of Health,NHS Mansfield & Ashfield CCG,,31/08/2018,,,C&M-GMS QOF Aspiration,,,,,,PRC DELEGATED CO-COMMISSIONING,,,,FAMILY MEDICAL CENTRE,,,,,23529159,,,,,"3,428.15",,,,,
Department of Health,NHS Mansfield & Ashfield CCG,,31/08/2018,,,C&M-PMS Contract Value,,,,,,PRC DELEGATED CO-COMMISSIONING,,,,HARWOOD CLOSE SURGERY,,,,,23397284,,,,,"67,533.73",,,,,
Department of Health,NHS Mansfield & Ashfield CCG,,31/08/2018,,,C&M-PMS DES Minor Surgery,,,,,,PRC DELEGATED CO-COMMISSIONING,,,,HARWOOD CLOSE SURGERY,,,,,23397284,,,,,"2,143.50",,,,,
Department of Health,NHS Mansfield & Ashfield CCG,,31/08/2018,,,C&M-PMS GP Statutory Levy,,,,,,PRC DELEGATED CO-COMMISSIONING,,,,HARWOOD CLOSE SURGERY,,,,,23397284,,,,,290.50,,,,,
Department of Health,,NHS Mansfield & Ashfield CCG,,31/08/2018,,,C&M-PMS List Size Adjustment,,,,PRC DELEGATED CO-COMMISSIONING,,,,HARWOOD CLOSE SURGERY,,,,,23397284,,,,,,,,261.24,,,
Department of Health,,NHS Mansfield & Ashfield CCG,,31/08/2018,,,C&M-PMS Out of Hours Opt Outs,,,,PRC DELEGATED CO-COMMISSIONING,,,,HARWOOD CLOSE SURGERY,,,,,23397284,,,,,,,,"3,211.07",,,
Department of Health,,NHS Mansfield & Ashfield CCG,,31/08/2018,,,C&M-PMS QOF Aspiration,,,,PRC DELEGATED CO-COMMISSIONING,,,,HARWOOD CLOSE SURGERY,,,,,23397284,,,,,,,,"4,503.78",,,
Department of Health,,NHS Mansfield & Ashfield CCG,,31/08/2018,,,C&M-PMS Voluntary Levy,,,,PRC DELEGATED CO-COMMISSIONING,,,,HARWOOD CLOSE SURGERY,,,,,23397284,,,,,,,,43.70,,,
Department of Health,,NHS Mansfield & Ashfield CCG,,31/08/2018,,,C&M-PMS Contract Value,,,,PRC DELEGATED CO-COMMISSIONING,,,,HEALTH CARE COMPLEX,,,,,23397300,,,,,,,,"31,760.78",,,
Department of Health,,NHS Mansfield & Ashfield CCG,,31/08/2018,,,C&M-PMS DES Minor Surgery,,,,PRC DELEGATED CO-COMMISSIONING,,,,HEALTH CARE COMPLEX,,,,,23397300,,,,,,,,"1,092.10",,,
Department of Health,,NHS Mansfield & Ashfield CCG,,31/08/2018,,,C&M-PMS GP Statutory Levy,,,,PRC DELEGATED CO-COMMISSIONING,,,,HEALTH CARE COMPLEX,,,,,23397300,,,,,,,,130.55,,,
Department of Health,,NHS Mansfield & Ashfield CCG,,31/08/2018,,,C&M-PMS Out of Hours Opt Outs,,,,PRC DELEGATED CO-COMMISSIONING,,,,HEALTH CARE COMPLEX,,,,,23397300,,,,,,,,"1,443.07",,,
Department of Health,,NHS Mansfield & Ashfield CCG,,31/08/2018,,,C&M-PMS PCO Other,,,,PRC DELEGATED CO-COMMISSIONING,,,,HEALTH CARE COMPLEX,,,,,23397300,,,,,,,,"2,820.00",,,
Department of Health,,NHS Mansfield & Ashfield CCG,,31/08/2018,,,C&M-PMS Prem Clinical Waste,,,,PRC DELEGATED CO-COMMISSIONING,,,,HEALTH CARE COMPLEX,,,,,23397300,,,,,,,,245.00,,,
Department of Health,,NHS Mansfield & Ashfield CCG,,31/08/2018,,,C&M-PMS Prem Notional Rent,,,,PRC DELEGATED CO-COMMISSIONING,,,,HEALTH CARE COMPLEX,,,,,23397300,,,,,,,,"3,133.33",,,
Department of Health,,NHS Mansfield & Ashfield CCG,,31/08/2018,,,C&M-PMS Prem Water Rates,,,,PRC DELEGATED CO-COMMISSIONING,,,,HEALTH CARE COMPLEX,,,,,23397300,,,,,,,,"1,067.06",,,
Department of Health,,NHS Mansfield & Ashfield CCG,,31/08/2018,,,C&M-PMS QOF Aspiration,,,,PRC DELEGATED CO-COMMISSIONING,,,,HEALTH CARE COMPLEX,,,,,23397300,,,,,,,,"3,312.34",,,
Department of Health,,NHS Mansfield & Ashfield CCG,,31/08/2018,,,C&M-PMS Voluntary Levy,,,,PRC DELEGATED CO-COMMISSIONING,,,,HEALTH CARE COMPLEX,,,,,23397300,,,,,,,,19.64,,,
Department of Health,,NHS Mansfield & Ashfield CCG,,31/08/2018,,,C&M-GMS DES Minor Surgery,,,,PRC DELEGATED CO-COMMISSIONING,,,,HUTHWAITE MEDICAL PRACTICE,,,,,23529163,,,,,,,,"4,065.83",,,
Department of Health,,NHS Mansfield & Ashfield CCG,,31/08/2018,,,C&M-GMS Global Sum,,,,PRC DELEGATED CO-COMMISSIONING,,,,HUTHWAITE MEDICAL PRACTICE,,,,,23529163,,,,,,,,"68,662.78",,,
Department of Health,,NHS Mansfield & Ashfield CCG,,31/08/2018,,,C&M-GMS Prem Actual Rent,,,,PRC DELEGATED CO-COMMISSIONING,,,,HUTHWAITE MEDICAL PRACTICE,,,,,23529163,,,,,,,,"46,288.80",,,
Department of Health,,NHS Mansfield & Ashfield CCG,,31/08/2018,,,C&M-GMS Prem Clinical Waste,,,,PRC DELEGATED CO-COMMISSIONING,,,,HUTHWAITE MEDICAL PRACTICE,,,,,23529163,,,,,,,,594.43,,,
Department of Health,,NHS Mansfield & Ashfield CCG,,31/08/2018,,,C&M-GMS QOF Aspiration,,,,PRC DELEGATED CO-COMMISSIONING,,,,HUTHWAITE MEDICAL PRACTICE,,,,,23529163,,,,,,,,"7,217.48",,,
Department of Health,,NHS Mansfield & Ashfield CCG,,31/08/2018,,,ME - GMS GP Prior Year ERs,,,,PRC DELEGATED CO-COMMISSIONING,,,,HUTHWAITE MEDICAL PRACTICE,,,,,23529163,,,,,,,,606.75,,,
Department of Health,,NHS Mansfield & Ashfield CCG,,31/08/2018,,,ME-GMS GP Prior Year EEs,,,,PRC DELEGATED CO-COMMISSIONING,,,,HUTHWAITE MEDICAL PRACTICE,,,,,23529163,,,,,,,,"2,039.65",,,
Department of Health,,NHS Mansfield & Ashfield CCG,,31/08/2018,,,C&M-PMS Contract Value,,,,PRC DELEGATED CO-COMMISSIONING,,,,JACKSDALE MEDICAL CENTRE,,,,,23397302,,,,,,,,"29,936.90",,,
Department of Health,,NHS Mansfield & Ashfield CCG,,31/08/2018,,,C&M-PMS DES Learn Dsblty Hlth Chk,,,,PRC DELEGATED CO-COMMISSIONING,,,,JACKSDALE MEDICAL CENTRE,,,,,23397302,,,,,,,,280.00,,,
Department of Health,,NHS Mansfield & Ashfield CCG,,31/08/2018,,,C&M-PMS DES Minor Surgery,,,,PRC DELEGATED CO-COMMISSIONING,,,,JACKSDALE MEDICAL CENTRE,,,,,23397302,,,,,,,,"1,657.00",,,
Department of Health,,NHS Mansfield & Ashfield CCG,,31/08/2018,,,C&M-PMS GP Statutory Levy,,,,PRC DELEGATED CO-COMMISSIONING,,,,JACKSDALE MEDICAL CENTRE,,,,,23397302,,,,,,,,127.42,,,
Department of Health,,NHS Mansfield & Ashfield CCG,,31/08/2018,,,C&M-PMS List Size Adjustment,,,,PRC DELEGATED CO-COMMISSIONING,,,,JACKSDALE MEDICAL CENTRE,,,,,23397302,,,,,,,,808.96,,,
Department of Health,,NHS Mansfield & Ashfield CCG,,31/08/2018,,,C&M-PMS Out of Hours Opt Outs,,,,PRC DELEGATED CO-COMMISSIONING,,,,JACKSDALE MEDICAL CENTRE,,,,,23397302,,,,,,,,"1,408.48",,,
Department of Health,,NHS Mansfield & Ashfield CCG,,31/08/2018,,,C&M-PMS Prem Clinical Waste,,,,PRC DELEGATED CO-COMMISSIONING,,,,JACKSDALE MEDICAL CENTRE,,,,,23397302,,,,,,,,900.67,,,
Department of Health,,NHS Mansfield & Ashfield CCG,,31/08/2018,,,C&M-PMS Prem Notional Rent,,,,PRC DELEGATED CO-COMMISSIONING,,,,JACKSDALE MEDICAL CENTRE,,,,,23397302,,,,,,,,"1,883.33",,,
Department of Health,,NHS Mansfield & Ashfield CCG,,31/08/2018,,,C&M-PMS Prem Water Rates,,,,PRC DELEGATED CO-COMMISSIONING,,,,JACKSDALE MEDICAL CENTRE,,,,,23397302,,,,,,,,109.92,,,
Department of Health,,NHS Mansfield & Ashfield CCG,,31/08/2018,,,C&M-PMS Prof fees Dispensing,,,,PRC DELEGATED CO-COMMISSIONING,,,,JACKSDALE MEDICAL CENTRE,,,,,23397302,,,,,,,,121.44,,,
Department of Health,,NHS Mansfield & Ashfield CCG,,31/08/2018,,,C&M-PMS QOF Aspiration,,,,PRC DELEGATED CO-COMMISSIONING,,,,JACKSDALE MEDICAL CENTRE,,,,,23397302,,,,,,,,"2,716.34",,,
Department of Health,,NHS Mansfield & Ashfield CCG,,31/08/2018,,,C&M-PMS Voluntary Levy,,,,PRC DELEGATED CO-COMMISSIONING,,,,JACKSDALE MEDICAL CENTRE,,,,,23397302,,,,,,,,19.17,,,
Department of Health,,NHS Mansfield & Ashfield CCG,,31/08/2018,,,C&M-APMS Contract Value,,,,PRC DELEGATED CO-COMMISSIONING,,,,KIRKBY COMMUNITY PRIMARY CARE CENTRE (PICS),,,,,23402979,,,,,,,,"40,891.90",,,
Department of Health,,NHS Mansfield & Ashfield CCG,,31/08/2018,,,C&M-APMS DES Minor Surgery,,,,PRC DELEGATED CO-COMMISSIONING,,,,KIRKBY COMMUNITY PRIMARY CARE CENTRE (PICS),,,,,23402979,,,,,,,,"2,358.00",,,
Department of Health,,NHS Mansfield & Ashfield CCG,,31/08/2018,,,C&M-APMS OOH Opt Outs,,,,PRC DELEGATED CO-COMMISSIONING,,,,KIRKBY COMMUNITY PRIMARY CARE CENTRE (PICS),,,,,23402979,,,,,,,,"2,115.39",,,
Department of Health,,NHS Mansfield & Ashfield CCG,,31/08/2018,,,C&M-APMS Other Baseline Adjustment,,,,PRC DELEGATED CO-COMMISSIONING,,,,KIRKBY COMMUNITY PRIMARY CARE CENTRE (PICS),,,,,23402979,,,,,,,,"20,333.33",,,
Department of Health,,NHS Mansfield & Ashfield CCG,,31/08/2018,,,C&M-PMS QOF Aspiration,,,,PRC DELEGATED CO-COMMISSIONING,,,,KIRKBY COMMUNITY PRIMARY CARE CENTRE (PICS),,,,,23402979,,,,,,,,"4,668.95",,,
Department of Health,,NHS Mansfield & Ashfield CCG,,31/08/2018,,,C&M-GMS DES Learn Dsblty Hlth Chk,,,,PRC DELEGATED CO-COMMISSIONING,,,,KIRKBY HEALTH CENTRE,,,,,23529151,,,,,,,,560.00,,,
Department of Health,,NHS Mansfield & Ashfield CCG,,31/08/2018,,,C&M-GMS DES Minor Surgery,,,,PRC DELEGATED CO-COMMISSIONING,,,,KIRKBY HEALTH CENTRE,,,,,23529151,,,,,,,,609.90,,,
Department of Health,,NHS Mansfield & Ashfield CCG,,31/08/2018,,,C&M-GMS Global Sum,,,,PRC DELEGATED CO-COMMISSIONING,,,,KIRKBY HEALTH CENTRE,,,,,23529151,,,,,,,,"32,373.66",,,
Department of Health,,NHS Mansfield & Ashfield CCG,,31/08/2018,,,C&M-GMS Prem Clinical Waste,,,,PRC DELEGATED CO-COMMISSIONING,,,,KIRKBY HEALTH CENTRE,,,,,23529151,,,,,,,,224.73,,,
Department of Health,,NHS Mansfield & Ashfield CCG,,31/08/2018,,,C&M-GMS Prem Notional Rent,,,,PRC DELEGATED CO-COMMISSIONING,,,,KIRKBY HEALTH CENTRE,,,,,23529151,,,,,,,,"6,100.00",,,
Department of Health,,NHS Mansfield & Ashfield CCG,,31/08/2018,,,C&M-GMS QOF Aspiration,,,,PRC DELEGATED CO-COMMISSIONING,,,,KIRKBY HEALTH CENTRE,,,,,23529151,,,,,,,,"3,109.44",,,
Department of Health,,NHS Mansfield & Ashfield CCG,,31/08/2018,,,C&M-GMS DES Minor Surgery,,,,PRC DELEGATED CO-COMMISSIONING,,,,MEDEN MEDICAL SERVICES,,,,,23529145,,,,,,,,"1,098.30",,,
Department of Health,,NHS Mansfield & Ashfield CCG,,31/08/2018,,,C&M-GMS Global Sum,,,,PRC DELEGATED CO-COMMISSIONING,,,,MEDEN MEDICAL SERVICES,,,,,23529145,,,,,,,,"50,682.39",,,
Department of Health,,NHS Mansfield & Ashfield CCG,,31/08/2018,,,C&M-GMS Prem Actual Rent,,,,PRC DELEGATED CO-COMMISSIONING,,,,MEDEN MEDICAL SERVICES,,,,,23529145,,,,,,,,"10,074.06",,,
Department of Health,,NHS Mansfield & Ashfield CCG,,31/08/2018,,,C&M-GMS Prem Notional Rent,,,,PRC DELEGATED CO-COMMISSIONING,,,,MEDEN MEDICAL SERVICES,,,,,23529145,,,,,,,,"4,707.75",,,
Department of Health,,NHS Mansfield & Ashfield CCG,,31/08/2018,,,C&M-GMS Prem Rates,,,,PRC DELEGATED CO-COMMISSIONING,,,,MEDEN MEDICAL SERVICES,,,,,23529145,,,,,,,,821.34,,,
Department of Health,,NHS Mansfield & Ashfield CCG,,31/08/2018,,,C&M-GMS Prem Water Rates,,,,PRC DELEGATED CO-COMMISSIONING,,,,MEDEN MEDICAL SERVICES,,,,,23529145,,,,,,,,70.00,,,
Department of Health,,NHS Mansfield & Ashfield CCG,,31/08/2018,,,C&M-GMS QOF Aspiration,,,,PRC DELEGATED CO-COMMISSIONING,,,,MEDEN MEDICAL SERVICES,,,,,23529145,,,,,,,,"4,625.01",,,
Department of Health,,NHS Mansfield & Ashfield CCG,,31/08/2018,,,C&M-PMS Contract Value,,,,PRC DELEGATED CO-COMMISSIONING,,,,MILL VIEW SURGERY,,,,,23397298,,,,,,,,"65,095.45",,,
Department of Health,,NHS Mansfield & Ashfield CCG,,31/08/2018,,,C&M-PMS DES Learn Dsblty Hlth Chk,,,,PRC DELEGATED CO-COMMISSIONING,,,,MILL VIEW SURGERY,,,,,23397298,,,,,,,,840.00,,,
Department of Health,,NHS Mansfield & Ashfield CCG,,31/08/2018,,,C&M-PMS GP Statutory Levy,,,,PRC DELEGATED CO-COMMISSIONING,,,,MILL VIEW SURGERY,,,,,23397298,,,,,,,,272.52,,,
Department of Health,,NHS Mansfield & Ashfield CCG,,31/08/2018,,,C&M-PMS List Size Adjustment,,,,PRC DELEGATED CO-COMMISSIONING,,,,MILL VIEW SURGERY,,,,,23397298,,,,,,,,468.04,,,
Department of Health,,NHS Mansfield & Ashfield CCG,,31/08/2018,,,C&M-PMS Out of Hours Opt Outs,,,,,PRC DELEGATED CO-COMMISSIONING,,,,MILL VIEW SURGERY,,,,,23397298,,,,,,"3,012.41",,,,
Department of Health,,NHS Mansfield & Ashfield CCG,,31/08/2018,,,C&M-PMS Prem Clinical Waste,,,,,PRC DELEGATED CO-COMMISSIONING,,,,MILL VIEW SURGERY,,,,,23397298,,,,,,191.82,,,,
Department of Health,,NHS Mansfield & Ashfield CCG,,31/08/2018,,,C&M-PMS Prem Notional Rent,,,,,PRC DELEGATED CO-COMMISSIONING,,,,MILL VIEW SURGERY,,,,,23397298,,,,,,"5,479.17",,,,
Department of Health,,NHS Mansfield & Ashfield CCG,,31/08/2018,,,C&M-PMS QOF Aspiration,,,,,PRC DELEGATED CO-COMMISSIONING,,,,MILL VIEW SURGERY,,,,,23397298,,,,,,"6,534.90",,,,
Department of Health,,NHS Mansfield & Ashfield CCG,,31/08/2018,,,C&M-PMS Voluntary Levy,,,,,PRC DELEGATED CO-COMMISSIONING,,,,MILL VIEW SURGERY,,,,,23397298,,,,,,41.00,,,,
Department of Health,,NHS Mansfield & Ashfield CCG,,31/08/2018,,,Clinical&Medical-Not For Profit,,,,,OUT OF HOURS,,,,NEMS COMMUNITY BENEFIT SERVICE,,,,,23308012,,,,,,"210,119.50",,,,
Department of Health,,NHS Mansfield & Ashfield CCG,,31/08/2018,,,Clinical&Medical-Clinical Other,,,,,PRIMARY CARE DEVELOPMENT,,,,NEMS COMMUNITY BENEFIT SERVICE,,,,,23481025,,,,,,"46,858.90",,,,
Department of Health,,NHS Mansfield & Ashfield CCG,,31/08/2018,,,Recharge : Provided,,,,,PROGRAMME PROJECTS,,,,NHS NEWARK & SHERWOOD CCG,,,,,23642677,,,,,,"64,000.00",,,,
Department of Health,,NHS Mansfield & Ashfield CCG,,31/08/2018,,,Rent,,,,,ESTATES AND FACILITIES,,,,NHS PROPERTY SERVICES LTD,,,,,23466340,,,,,,"25,584.00",,,,
Department of Health,,NHS Mansfield & Ashfield CCG,,31/08/2018,,,Rent,,,,,RECHARGES NHS PROPERTY SERVICES LTD,,,,NHS PROPERTY SERVICES LTD,,,,,23466340,,,,,,"114,667.00",,,,
Department of Health,,NHS Mansfield & Ashfield CCG,,31/08/2018,,,Clinical&Medical-Serv Recd-CCGs,,,,,CARERS,,,,NHS RUSHCLIFFE CCG,,,,,23287482,,,,,,"25,255.67",,,,
Department of Health,,NHS Mansfield & Ashfield CCG,,31/08/2018,,,Hcare Srv Rec Fdtn Trust-Non Contract,,,,,NCAS/OATS,,,,NORTHUMBERLAND TYNE AND WEAR NHS FOUNDATION TRUST,,,,,23642625,,,,,,"655,471.44",,,,
Department of Health,,NHS Mansfield & Ashfield CCG,,31/08/2018,,,Hcare Srv Rec Fdtn Trust-Non Contract,,,,,NCAS/OATS,,,,NORTHUMBERLAND TYNE AND WEAR NHS FOUNDATION TRUST,,,,,23642626,,,,,,"50,421.00",,,,
Department of Health,,NHS Mansfield & Ashfield CCG,,31/08/2018,,,Hcare Srv Rec Fdtn Trust-Non Contract,,,,,NCAS/OATS,,,,NORTHUMBERLAND TYNE AND WEAR NHS FOUNDATION TRUST,,,,,23642627,,,,,,"97,589.00",,,,
Department of Health,,NHS Mansfield & Ashfield CCG,,31/08/2018,,,Hcare Srv Rec Fdtn Trust-Non Contract,,,,,NCAS/OATS,,,,NORTHUMBERLAND TYNE AND WEAR NHS FOUNDATION TRUST,,,,,23642628,,,,,,"47,213.00",,,,
Department of Health,,NHS Mansfield & Ashfield CCG,,31/08/2018,,,Hcare Srv Rec Fdtn Trust-Non Contract,,,,,NCAS/OATS,,,,NORTHUMBERLAND TYNE AND WEAR NHS FOUNDATION TRUST,,,,,23642629,,,,,,"47,213.00",,,,
Department of Health,,NHS Mansfield & Ashfield CCG,,31/08/2018,,,Hcare Srv Rec Fdtn Trust-Non Contract,,,,,NCAS/OATS,,,,NORTHUMBERLAND TYNE AND WEAR NHS FOUNDATION TRUST,,,,,23642631,,,,,,"42,644.00",,,,
Department of Health,,NHS Mansfield & Ashfield CCG,,31/08/2018,,,Hcare Srv Rec Fdtn Trust-Non Contract,,,,,NCAS/OATS,,,,NORTHUMBERLAND TYNE AND WEAR NHS FOUNDATION TRUST,,,,,23642632,,,,,,"45,690.00",,,,
Department of Health,,NHS Mansfield & Ashfield CCG,,31/08/2018,,,Hcare Srv Rec Fdtn Trust-Non Contract,,,,,NCAS/OATS,,,,NORTHUMBERLAND TYNE AND WEAR NHS FOUNDATION TRUST,,,,,23642634,,,,,,"47,213.00",,,,
Department of Health,,NHS Mansfield & Ashfield CCG,,31/08/2018,,,Hcare Srv Rec Fdtn Trust-Non Contract,,,,,NCAS/OATS,,,,NORTHUMBERLAND TYNE AND WEAR NHS FOUNDATION TRUST,,,,,23642637,,,,,,"45,690.00",,,,
Department of Health,,NHS Mansfield & Ashfield CCG,,31/08/2018,,,Hcare Srv Rec Fdtn Trust-Non Contract,,,,,NCAS/OATS,,,,NORTHUMBERLAND TYNE AND WEAR NHS FOUNDATION TRUST,,,,,23642639,,,,,,"47,213.00",,,,
Department of Health,,NHS Mansfield & Ashfield CCG,,31/08/2018,,,Hcare Srv Rec Fdtn Trust-Non Contract,,,,,NCAS/OATS,,,,NORTHUMBERLAND TYNE AND WEAR NHS FOUNDATION TRUST,,,,,23642641,,,,,,"45,690.00",,,,
Department of Health,,NHS Mansfield & Ashfield CCG,,31/08/2018,,,Hcare Srv Rec Fdtn Trust-Non Contract,,,,,NCAS/OATS,,,,NORTHUMBERLAND TYNE AND WEAR NHS FOUNDATION TRUST,,,,,23642643,,,,,,"47,213.00",,,,
Department of Health,,NHS Mansfield & Ashfield CCG,,31/08/2018,,,Hcare Srv Rec Fdtn Trust-Non Contract,,,,,NCAS/OATS,,,,NORTHUMBERLAND TYNE AND WEAR NHS FOUNDATION TRUST,,,,,23642647,,,,,,"47,213.00",,,,
Department of Health,,NHS Mansfield & Ashfield CCG,,31/08/2018,,,Hcare Srv Rec Fdtn Trust-Non Contract,,,,,NCAS/OATS,,,,NORTHUMBERLAND TYNE AND WEAR NHS FOUNDATION TRUST,,,,,23642649,,,,,,"47,213.00",,,,
Department of Health,,NHS Mansfield & Ashfield CCG,,31/08/2018,,,Hcare Srv Rec Fdtn Trust-Non Contract,,,,,NCAS/OATS,,,,NORTHUMBERLAND TYNE AND WEAR NHS FOUNDATION TRUST,,,,,23642652,,,,,,"42,644.00",,,,
Department of Health,,NHS Mansfield & Ashfield CCG,,31/08/2018,,,Hcare Srv Rec Fdtn Trust-Non Contract,,,,,NCAS/OATS,,,,NORTHUMBERLAND TYNE AND WEAR NHS FOUNDATION TRUST,,,,,23642654,,,,,,"47,213.00",,,,
Department of Health,,NHS Mansfield & Ashfield CCG,,31/08/2018,,,Hcare Srv Rec Fdtn Trust-Non Contract,,,,,NCAS/OATS,,,,NORTHUMBERLAND TYNE AND WEAR NHS FOUNDATION TRUST,,,,,23642655,,,,,,"47,213.00",,,,
Department of Health,,NHS Mansfield & Ashfield CCG,,31/08/2018,,,Hcare Srv Rec Fdtn Trust-Non Contract,,,,,NCAS/OATS,,,,NORTHUMBERLAND TYNE AND WEAR NHS FOUNDATION TRUST,,,,,23642657,,,,,,"45,735.90",,,,
Department of Health,,NHS Mansfield & Ashfield CCG,,31/08/2018,,,Hcare Srv Rec Fdtn Trust-Non Contract,,,,,NCAS/OATS,,,,NORTHUMBERLAND TYNE AND WEAR NHS FOUNDATION TRUST,,,,,23642660,,,,,,"47,260.43",,,,
Department of Health,,NHS Mansfield & Ashfield CCG,,31/08/2018,,,Hcare Srv Rec Fdtn Trust-Non Contract,,,,,NCAS/OATS,,,,NORTHUMBERLAND TYNE AND WEAR NHS FOUNDATION TRUST,,,,,23642662,,,,,,"45,735.90",,,,
Department of Health,,NHS Mansfield & Ashfield CCG,,31/08/2018,,,Hcare Srv Rec Fdtn Trust-Non Contract,,,,,NCAS/OATS,,,,NORTHUMBERLAND TYNE AND WEAR NHS FOUNDATION TRUST,,,,,23642663,,,,,,"44,349.53",,,,
Department of Health,,NHS Mansfield & Ashfield CCG,,31/08/2018,,,Hcare Srv Rec Fdtn Trust-Non Contract,,,,,NCAS/OATS,,,,NORTHUMBERLAND TYNE AND WEAR NHS FOUNDATION TRUST,,,,,23642667,,,,,,"543,403.10",,,,
Department of Health,,NHS Mansfield & Ashfield CCG,,31/08/2018,,,Hcare Srv Rec Fdtn Trust-Non Contract,,,,,NCAS/OATS,,,,NORTHUMBERLAND TYNE AND WEAR NHS FOUNDATION TRUST,,,,,23642668,,,,,,"(2,111,886.60)",,,,
Department of Health,,NHS Mansfield & Ashfield CCG,,31/08/2018,,,Hcare Srv Rec Fdtn Trust-Non Contract,,,,,NCAS/OATS,,,,NORTHUMBERLAND TYNE AND WEAR NHS FOUNDATION TRUST,,,,,23642681,,,,,,"48,794.00",,,,
Department of Health,,NHS Mansfield & Ashfield CCG,,31/08/2018,,,Hcare Srv Rec Fdtn Trust-Non Contract,,,,,NCAS/OATS,,,,NORTHUMBERLAND TYNE AND WEAR NHS FOUNDATION TRUST,,,,,23642683,,,,,,"48,794.00",,,,
Department of Health,,NHS Mansfield & Ashfield CCG,,31/08/2018,,,Hcare Srv Rec Fdtn Trust-Non Contract,,,,,NCAS/OATS,,,,NORTHUMBERLAND TYNE AND WEAR NHS FOUNDATION TRUST,,,,,23642684,,,,,,"50,421.00",,,,
Department of Health,,NHS Mansfield & Ashfield CCG,,31/08/2018,,,Hcare Srv Rec Fdtn Trust-Non Contract,,,,,NCAS/OATS,,,,NORTHUMBERLAND TYNE AND WEAR NHS FOUNDATION TRUST,,,,,23642685,,,,,,"50,421.00",,,,
Department of Health,,NHS Mansfield & Ashfield CCG,,31/08/2018,,,Hcare Srv Rec Fdtn Trust-Non Contract,,,,,NCAS/OATS,,,,NORTHUMBERLAND TYNE AND WEAR NHS FOUNDATION TRUST,,,,,23642687,,,,,,"48,794.00",,,,
Department of Health,,NHS Mansfield & Ashfield CCG,,31/08/2018,,,Hcare Srv Rec Fdtn Trust-Non Contract,,,,,NCAS/OATS,,,,NORTHUMBERLAND TYNE AND WEAR NHS FOUNDATION TRUST,,,,,23642688,,,,,,"50,421.00",,,,
Department of Health,,NHS Mansfield & Ashfield CCG,,31/08/2018,,,Hcare Srv Rec Fdtn Trust-Non Contract,,,,,NCAS/OATS,,,,NORTHUMBERLAND TYNE AND WEAR NHS FOUNDATION TRUST,,,,,23642689,,,,,,"50,421.00",,,,
Department of Health,,NHS Mansfield & Ashfield CCG,,31/08/2018,,,Hcare Srv Rec Fdtn Trust-Non Contract,,,,,NCAS/OATS,,,,NORTHUMBERLAND TYNE AND WEAR NHS FOUNDATION TRUST,,,,,23642690,,,,,,"48,483.96",,,,
Department of Health,,NHS Mansfield & Ashfield CCG,,31/08/2018,,,Hcare Srv Rec Fdtn Trust-Non Contract,,,,,NCAS/OATS,,,,NORTHUMBERLAND TYNE AND WEAR NHS FOUNDATION TRUST,,,,,23642692,,,,,,"45,690.00",,,,
Department of Health,,NHS Mansfield & Ashfield CCG,,31/08/2018,,,Hcare Srv Rec Fdtn Trust-Non Contract,,,,,NCAS/OATS,,,,NORTHUMBERLAND TYNE AND WEAR NHS FOUNDATION TRUST,,,,,23642707,,,,,,"47,213.00",,,,
Department of Health,,NHS Mansfield & Ashfield CCG,,31/08/2018,,,Hcare Srv Rec NHS Trust-CQUIN,,,,,ACUTE COMMISSIONING,,,,NOTTINGHAM UNIVERSITY HOSPITALS NHS TRUST,,,,,23457049,,,,,,"25,403.00",,,,
Department of Health,,NHS Mansfield & Ashfield CCG,,31/08/2018,,,Hcare Srv Rec NHS Trust-Contract Baseline,,,,,ACUTE COMMISSIONING,,,,NOTTINGHAM UNIVERSITY HOSPITALS NHS TRUST,,,,,23457049,,,,,,"1,051,336.00",,,,
Department of Health,,NHS Mansfield & Ashfield CCG,,31/08/2018,,,C&M-Independent Sector - CQUIN,,,,,ACUTE COMMISSIONING,,,,NOTTINGHAM WOODTHORPE HOSPITAL,,,,,23457008,,,,,,396.84,,,,
Department of Health,,NHS Mansfield & Ashfield CCG,,31/08/2018,,,Clinical&Medical-Independent Sector,,,,,ACUTE COMMISSIONING,,,,NOTTINGHAM WOODTHORPE HOSPITAL,,,,,23457008,,,,,,"31,747.04",,,,
Department of Health,,NHS Mansfield & Ashfield CCG,,31/08/2018,,,Clinical&Medical-Othe Public Sector,,,,,PROGRAMME PROJECTS,,,,NOTTINGHAMSHIRE COUNTY COUNCIL,,,,,23313767,,,,,,"414,453.00",,,,
Department of Health,,NHS Mansfield & Ashfield CCG,,31/08/2018,,,Clinical&Medical-Clinical Other,,,,,CHC ADULT FULLY FUNDED,,,,NOTTINGHAMSHIRE COUNTY COUNCIL,,,,,23437608,,,,,,"1,000,000.00",,,,
Department of Health,,NHS Mansfield & Ashfield CCG,,31/08/2018,,,Hcare Srv Rec Fdtn Trust-Contract Baseline,,,,,COMMUNITY SERVICES,,,,NOTTINGHAMSHIRE HEALTHCARE NHS TRUST,,,,,23456994,,,,,,"1,443,581.00",,,,
Department of Health,,NHS Mansfield & Ashfield CCG,,31/08/2018,,,Hcare Srv Rec Fdtn Trust-CQUIN,,,,,MENTAL HEALTH CONTRACTS,,,,NOTTINGHAMSHIRE HEALTHCARE NHS TRUST,,,,,23457002,,,,,,"40,465.73",,,,
Department of Health,,NHS Mansfield & Ashfield CCG,,31/08/2018,,,Hcare Srv Rec Fdtn Trust-Contract Baseline,,,,,MENTAL HEALTH CONTRACTS,,,,NOTTINGHAMSHIRE HEALTHCARE NHS TRUST,,,,,23457002,,,,,,"1,624,795.84",,,,
Department of Health,,NHS Mansfield & Ashfield CCG,,31/08/2018,,,C&M-PMS Contract Value,,,,,PRC DELEGATED CO-COMMISSIONING,,,,OAKWOOD SURGERY,,,,,23397286,,,,,,"103,328.19",,,,
Department of Health,,NHS Mansfield & Ashfield CCG,,31/08/2018,,,C&M-PMS DES Learn Dsblty Hlth Chk,,,,,PRC DELEGATED CO-COMMISSIONING,,,,OAKWOOD SURGERY,,,,,23397286,,,,,,"4,480.00",,,,
Department of Health,,NHS Mansfield & Ashfield CCG,,31/08/2018,,,C&M-PMS DES Minor Surgery,,,PRC DELEGATED CO-COMMISSIONING,,,,,OAKWOOD SURGERY,,,,23397286,,,,,,,,,"4,467.00",,,
Department of Health,,NHS Mansfield & Ashfield CCG,,31/08/2018,,,C&M-PMS GP Statutory Levy,,,PRC DELEGATED CO-COMMISSIONING,,,,,OAKWOOD SURGERY,,,,23397286,,,,,,,,,425.86,,,
Department of Health,,NHS Mansfield & Ashfield CCG,,31/08/2018,,,C&M-PMS Out of Hours Opt Outs,,,PRC DELEGATED CO-COMMISSIONING,,,,,OAKWOOD SURGERY,,,,23397286,,,,,,,,,"4,707.29",,,
Department of Health,,NHS Mansfield & Ashfield CCG,,31/08/2018,,,C&M-PMS Prem Actual Rent,,,PRC DELEGATED CO-COMMISSIONING,,,,,OAKWOOD SURGERY,,,,23397286,,,,,,,,,"2,812.33",,,
Department of Health,,NHS Mansfield & Ashfield CCG,,31/08/2018,,,C&M-PMS Prem Clinical Waste,,,PRC DELEGATED CO-COMMISSIONING,,,,,OAKWOOD SURGERY,,,,23397286,,,,,,,,,118.80,,,
Department of Health,,NHS Mansfield & Ashfield CCG,,31/08/2018,,,C&M-PMS Prem Rates,,,PRC DELEGATED CO-COMMISSIONING,,,,,OAKWOOD SURGERY,,,,23397286,,,,,,,,,461.66,,,
Department of Health,,NHS Mansfield & Ashfield CCG,,31/08/2018,,,C&M-PMS Prem Water Rates,,,PRC DELEGATED CO-COMMISSIONING,,,,,OAKWOOD SURGERY,,,,23397286,,,,,,,,,126.96,,,
Department of Health,,NHS Mansfield & Ashfield CCG,,31/08/2018,,,C&M-PMS QOF Aspiration,,,PRC DELEGATED CO-COMMISSIONING,,,,,OAKWOOD SURGERY,,,,23397286,,,,,,,,,"11,915.28",,,
Department of Health,,NHS Mansfield & Ashfield CCG,,31/08/2018,,,C&M-PMS Voluntary Levy,,,PRC DELEGATED CO-COMMISSIONING,,,,,OAKWOOD SURGERY,,,,23397286,,,,,,,,,64.07,,,
Department of Health,,NHS Mansfield & Ashfield CCG,,31/08/2018,,,C&M-PMS GP Statutory Levy,,,PRC DELEGATED CO-COMMISSIONING,,,,,ORCHARD MEDICAL PRACTICE,,,,23397291,,,,,,,,,"(1,254.34)",,,
Department of Health,,NHS Mansfield & Ashfield CCG,,31/08/2018,,,C&M-PMS Out of Hours Opt Outs,,,PRC DELEGATED CO-COMMISSIONING,,,,,ORCHARD MEDICAL PRACTICE,,,,23397291,,,,,,,,,"(13,865.06)",,,
Department of Health,,NHS Mansfield & Ashfield CCG,,31/08/2018,,,C&M-PMS Voluntary Levy,,,PRC DELEGATED CO-COMMISSIONING,,,,,ORCHARD MEDICAL PRACTICE,,,,23397291,,,,,,,,,(188.70),,,
Department of Health,,NHS Mansfield & Ashfield CCG,,31/08/2018,,,ME - PMS GP Prior Year ERs,,,PRC DELEGATED CO-COMMISSIONING,,,,,ORCHARD MEDICAL PRACTICE,,,,23397291,,,,,,,,,"(12,667.16)",,,
Department of Health,,NHS Mansfield & Ashfield CCG,,31/08/2018,,,ME-PMS GP Pension EEs-PMS,,,PRC DELEGATED CO-COMMISSIONING,,,,,ORCHARD MEDICAL PRACTICE,,,,23397291,,,,,,,,,"(12,196.68)",,,
Department of Health,,NHS Mansfield & Ashfield CCG,,31/08/2018,,,ME-PMS GP Pension ERs Adjs - PMS,,,PRC DELEGATED CO-COMMISSIONING,,,,,ORCHARD MEDICAL PRACTICE,,,,23397291,,,,,,,,,"(12,764.56)",,,
Department of Health,,NHS Mansfield & Ashfield CCG,,31/08/2018,,,ME-PMS GP Prior Year EEs,,,PRC DELEGATED CO-COMMISSIONING,,,,,ORCHARD MEDICAL PRACTICE,,,,23397291,,,,,,,,,"(11,891.99)",,,
Department of Health,,NHS Mansfield & Ashfield CCG,,31/08/2018,,,C&M-PMS Contract Value,,,PRC DELEGATED CO-COMMISSIONING,,,,,ORCHARD MEDICAL PRACTICE,,,,23397292,,,,,,,,,"142,597.00",,,
Department of Health,,NHS Mansfield & Ashfield CCG,,31/08/2018,,,C&M-PMS DES Learn Dsblty Hlth Chk,,,PRC DELEGATED CO-COMMISSIONING,,,,,ORCHARD MEDICAL PRACTICE,,,,23397292,,,,,,,,,"1,820.00",,,
Department of Health,,NHS Mansfield & Ashfield CCG,,31/08/2018,,,C&M-PMS DES Minor Surgery,,,PRC DELEGATED CO-COMMISSIONING,,,,,ORCHARD MEDICAL PRACTICE,,,,23397292,,,,,,,,,"2,323.20",,,
Department of Health,,NHS Mansfield & Ashfield CCG,,31/08/2018,,,C&M-PMS GP Statutory Levy,,,PRC DELEGATED CO-COMMISSIONING,,,,,ORCHARD MEDICAL PRACTICE,,,,23397292,,,,,,,,,623.00,,,
Department of Health,,NHS Mansfield & Ashfield CCG,,31/08/2018,,,C&M-PMS List Size Adjustment,,,PRC DELEGATED CO-COMMISSIONING,,,,,ORCHARD MEDICAL PRACTICE,,,,23397292,,,,,,,,,"2,761.09",,,
Department of Health,,NHS Mansfield & Ashfield CCG,,31/08/2018,,,C&M-PMS Out of Hours Opt Outs,,,PRC DELEGATED CO-COMMISSIONING,,,,,ORCHARD MEDICAL PRACTICE,,,,23397292,,,,,,,,,"6,886.52",,,
Department of Health,,NHS Mansfield & Ashfield CCG,,31/08/2018,,,C&M-PMS Prem Actual Rent,,,PRC DELEGATED CO-COMMISSIONING,,,,,ORCHARD MEDICAL PRACTICE,,,,23397292,,,,,,,,,"22,907.42",,,
Department of Health,,NHS Mansfield & Ashfield CCG,,31/08/2018,,,C&M-PMS Prem Rates,,,PRC DELEGATED CO-COMMISSIONING,,,,,ORCHARD MEDICAL PRACTICE,,,,23397292,,,,,,,,,960.85,,,
Department of Health,,NHS Mansfield & Ashfield CCG,,31/08/2018,,,C&M-PMS QOF Aspiration,,,PRC DELEGATED CO-COMMISSIONING,,,,,ORCHARD MEDICAL PRACTICE,,,,23397292,,,,,,,,,"14,585.69",,,
Department of Health,,NHS Mansfield & Ashfield CCG,,31/08/2018,,,C&M-PMS Voluntary Levy,,,PRC DELEGATED CO-COMMISSIONING,,,,,ORCHARD MEDICAL PRACTICE,,,,23397292,,,,,,,,,93.72,,,
Department of Health,,NHS Mansfield & Ashfield CCG,,31/08/2018,,,ME - PMS GP Prior Year ERs,,,PRC DELEGATED CO-COMMISSIONING,,,,,ORCHARD MEDICAL PRACTICE,,,,23397292,,,,,,,,,"5,380.90",,,
Department of Health,,NHS Mansfield & Ashfield CCG,,31/08/2018,,,ME-PMS GP Prior Year EEs,,,PRC DELEGATED CO-COMMISSIONING,,,,,ORCHARD MEDICAL PRACTICE,,,,23397292,,,,,,,,,"5,051.60",,,
Department of Health,,NHS Mansfield & Ashfield CCG,,31/08/2018,,,C&M-GMS Cost of Drugs -Prescribing,,,LOCAL ENHANCED SERVICES,,,,,PLEASLEY SURGERY,,,,23542997,,,,,,,,,9.67,,,
Department of Health,,NHS Mansfield & Ashfield CCG,,31/08/2018,,,C&M-GMS DES Minor Surgery,,,PRC DELEGATED CO-COMMISSIONING,,,,,PLEASLEY SURGERY,,,,23542997,,,,,,,,,527.20,,,
Department of Health,,NHS Mansfield & Ashfield CCG,,31/08/2018,,,C&M-GMS Global Sum,,,PRC DELEGATED CO-COMMISSIONING,,,,,PLEASLEY SURGERY,,,,23542997,,,,,,,,,"28,275.94",,,
Department of Health,,NHS Mansfield & Ashfield CCG,,31/08/2018,,,C&M-GMS Prem Clinical Waste,,,PRC DELEGATED CO-COMMISSIONING,,,,,PLEASLEY SURGERY,,,,23542997,,,,,,,,,164.10,,,
Department of Health,,NHS Mansfield & Ashfield CCG,,31/08/2018,,,C&M-GMS Prem Notional Rent,,,PRC DELEGATED CO-COMMISSIONING,,,,,PLEASLEY SURGERY,,,,23542997,,,,,,,,,"2,750.00",,,
Department of Health,,NHS Mansfield & Ashfield CCG,,31/08/2018,,,C&M-GMS Prof Fees Prescribing,,,PRC DELEGATED CO-COMMISSIONING,,,,,PLEASLEY SURGERY,,,,23542997,,,,,,,,,2.30,,,
Department of Health,,NHS Mansfield & Ashfield CCG,,31/08/2018,,,C&M-GMS QOF Aspiration,,,PRC DELEGATED CO-COMMISSIONING,,,,,PLEASLEY SURGERY,,,,23542997,,,,,,,,,"2,479.40",,,
Department of Health,,NHS Mansfield & Ashfield CCG,,31/08/2018,,,C&M-PMS Contract Value,,,PRC DELEGATED CO-COMMISSIONING,,,,,RIVERBANK MEDICAL SERVICES,,,,23397288,,,,,,,,,"35,569.26",,,
Department of Health,,NHS Mansfield & Ashfield CCG,,31/08/2018,,,C&M-PMS DES Learn Dsblty Hlth Chk,,,PRC DELEGATED CO-COMMISSIONING,,,,,RIVERBANK MEDICAL SERVICES,,,,23397288,,,,,,,,,"4,060.00",,,
Department of Health,,NHS Mansfield & Ashfield CCG,,31/08/2018,,,C&M-PMS DES Minor Surgery,,,PRC DELEGATED CO-COMMISSIONING,,,,,RIVERBANK MEDICAL SERVICES,,,,23397288,,,,,,,,,567.00,,,
Department of Health,,NHS Mansfield & Ashfield CCG,,31/08/2018,,,C&M-PMS GP Statutory Levy,,,PRC DELEGATED CO-COMMISSIONING,,,,,RIVERBANK MEDICAL SERVICES,,,,23397288,,,,,,,,,145.26,,,
Department of Health,,NHS Mansfield & Ashfield CCG,,31/08/2018,,,C&M-PMS Out of Hours Opt Outs,,,PRC DELEGATED CO-COMMISSIONING,,,,,RIVERBANK MEDICAL SERVICES,,,,23397288,,,,,,,,,"1,605.71",,,
Department of Health,,NHS Mansfield & Ashfield CCG,,31/08/2018,,,C&M-PMS Prem Actual Rent,,,PRC DELEGATED CO-COMMISSIONING,,,,,RIVERBANK MEDICAL SERVICES,,,,23397288,,,,,,,,,"12,024.11",,,
Department of Health,,NHS Mansfield & Ashfield CCG,,31/08/2018,,,C&M-PMS Prem Clinical Waste,,,PRC DELEGATED CO-COMMISSIONING,,,,,RIVERBANK MEDICAL SERVICES,,,,23397288,,,,,,,,,91.66,,,
Department of Health,,NHS Mansfield & Ashfield CCG,,31/08/2018,,,C&M-PMS Prem Rates,,,PRC DELEGATED CO-COMMISSIONING,,,,,RIVERBANK MEDICAL SERVICES,,,,23397288,,,,,,,,,980.32,,,
Department of Health,,NHS Mansfield & Ashfield CCG,,31/08/2018,,,C&M-PMS Prem Water Rates,,,PRC DELEGATED CO-COMMISSIONING,,,,,RIVERBANK MEDICAL SERVICES,,,,23397288,,,,,,,,,83.55,,,
Department of Health,,NHS Mansfield & Ashfield CCG,,31/08/2018,,,C&M-PMS QOF Aspiration,,,PRC DELEGATED CO-COMMISSIONING,,,,,RIVERBANK MEDICAL SERVICES,,,,23397288,,,,,,,,,"3,816.26",,,
Department of Health,,NHS Mansfield & Ashfield CCG,,31/08/2018,,,C&M-PMS Voluntary Levy,,,PRC DELEGATED CO-COMMISSIONING,,,,,RIVERBANK MEDICAL SERVICES,,,,23397288,,,,,,,,,21.85,,,
Department of Health,,NHS Mansfield & Ashfield CCG,,31/08/2018,,,C&M-GMS DES Minor Surgery,,,PRC DELEGATED CO-COMMISSIONING,,,,,ROSEMARY STREET HEALTH CENTRE,,,,23529147,,,,,,,,,"10,065.00",,,
Department of Health,,NHS Mansfield & Ashfield CCG,,31/08/2018,,,C&M-GMS Global Sum,,,PRC DELEGATED CO-COMMISSIONING,,,,,ROSEMARY STREET HEALTH CENTRE,,,,23529147,,,,,,,,,"108,450.58",,,
Department of Health,,NHS Mansfield & Ashfield CCG,,31/08/2018,,,C&M-GMS Prem Clinical Waste,,,PRC DELEGATED CO-COMMISSIONING,,,,,ROSEMARY STREET HEALTH CENTRE,,,,23529147,,,,,,,,,263.41,,,
Department of Health,,NHS Mansfield & Ashfield CCG,,31/08/2018,,,C&M-GMS Prem Notional Rent,,,PRC DELEGATED CO-COMMISSIONING,,,,,ROSEMARY STREET HEALTH CENTRE,,,,23529147,,,,,,,,,"9,895.83",,,
Department of Health,,NHS Mansfield & Ashfield CCG,,31/08/2018,,,C&M-GMS Prem Water Rates,,,PRC DELEGATED CO-COMMISSIONING,,,,,ROSEMARY STREET HEALTH CENTRE,,,,23529147,,,,,,,,,42.97,,,
Department of Health,,NHS Mansfield & Ashfield CCG,,31/08/2018,,,C&M-GMS QOF Aspiration,,,PRC DELEGATED CO-COMMISSIONING,,,,,ROSEMARY STREET HEALTH CENTRE,,,,23529147,,,,,,,,,"10,995.60",,,
Department of Health,,NHS Mansfield & Ashfield CCG,,31/08/2018,,,C&M-GMS DES Minor Surgery,,,PRC DELEGATED CO-COMMISSIONING,,,,,ROUNDWOOD SURGERY,,,,23529155,,,,,,,,,"3,516.93",,,
Department of Health,,NHS Mansfield & Ashfield CCG,,31/08/2018,,,C&M-GMS Global Sum,,,PRC DELEGATED CO-COMMISSIONING,,,,,ROUNDWOOD SURGERY,,,,23529155,,,,,,,,,"95,725.46",,,
Department of Health,,NHS Mansfield & Ashfield CCG,,31/08/2018,,,C&M-GMS Prem Actual Rent,,,PRC DELEGATED CO-COMMISSIONING,,,,,ROUNDWOOD SURGERY,,,,23529155,,,,,,,,,586.67,,,
Department of Health,,NHS Mansfield & Ashfield CCG,,31/08/2018,,,C&M-GMS Prem Notional Rent,,,,,,,PRC DELEGATED CO-COMMISSIONING,,,,ROUNDWOOD SURGERY,,,,23529155,,,,,"10,741.67",,,,
Department of Health,,NHS Mansfield & Ashfield CCG,,31/08/2018,,,C&M-GMS QOF Aspiration,,,,,,,PRC DELEGATED CO-COMMISSIONING,,,,ROUNDWOOD SURGERY,,,,23529155,,,,,"8,861.19",,,,
Department of Health,,NHS Mansfield & Ashfield CCG,,31/08/2018,,,C&M-PMS Contract Value,,,,,,,PRC DELEGATED CO-COMMISSIONING,,,,SANDY LANE SURGERY,,,,23397290,,,,,"46,183.60",,,,
Department of Health,,NHS Mansfield & Ashfield CCG,,31/08/2018,,,C&M-PMS DES Minor Surgery,,,,,,,PRC DELEGATED CO-COMMISSIONING,,,,SANDY LANE SURGERY,,,,23397290,,,,,957.20,,,,
Department of Health,,NHS Mansfield & Ashfield CCG,,31/08/2018,,,C&M-PMS GP Statutory Levy,,,,,,,PRC DELEGATED CO-COMMISSIONING,,,,SANDY LANE SURGERY,,,,23397290,,,,,192.12,,,,
Department of Health,,NHS Mansfield & Ashfield CCG,,31/08/2018,,,C&M-PMS List Size Adjustment,,,,,,,PRC DELEGATED CO-COMMISSIONING,,,,SANDY LANE SURGERY,,,,23397290,,,,,0.74,,,,
Department of Health,,NHS Mansfield & Ashfield CCG,,31/08/2018,,,C&M-PMS Out of Hours Opt Outs,,,,,,,PRC DELEGATED CO-COMMISSIONING,,,,SANDY LANE SURGERY,,,,23397290,,,,,"2,123.59",,,,
Department of Health,,NHS Mansfield & Ashfield CCG,,31/08/2018,,,C&M-PMS Prem Clinical Waste,,,,,,,PRC DELEGATED CO-COMMISSIONING,,,,SANDY LANE SURGERY,,,,23397290,,,,,715.50,,,,
Department of Health,,NHS Mansfield & Ashfield CCG,,31/08/2018,,,C&M-PMS Prem Notional Rent,,,,,,,PRC DELEGATED CO-COMMISSIONING,,,,SANDY LANE SURGERY,,,,23397290,,,,,"2,386.92",,,,
Department of Health,,NHS Mansfield & Ashfield CCG,,31/08/2018,,,C&M-PMS Prem Water Rates,,,,,,,PRC DELEGATED CO-COMMISSIONING,,,,SANDY LANE SURGERY,,,,23397290,,,,,233.53,,,,
Department of Health,,NHS Mansfield & Ashfield CCG,,31/08/2018,,,C&M-PMS QOF Aspiration,,,,,,,PRC DELEGATED CO-COMMISSIONING,,,,SANDY LANE SURGERY,,,,23397290,,,,,"4,158.89",,,,
Department of Health,,NHS Mansfield & Ashfield CCG,,31/08/2018,,,C&M-PMS Voluntary Levy,,,,,,,PRC DELEGATED CO-COMMISSIONING,,,,SANDY LANE SURGERY,,,,23397290,,,,,28.90,,,,
Department of Health,,NHS Mansfield & Ashfield CCG,,31/08/2018,,,C&M-PMS Contract Value,,,,,,,PRC DELEGATED CO-COMMISSIONING,,,,SELSTON SURGERY,,,,23397296,,,,,"37,490.35",,,,
Department of Health,,NHS Mansfield & Ashfield CCG,,31/08/2018,,,C&M-PMS DES Learn Dsblty Hlth Chk,,,,,,,PRC DELEGATED CO-COMMISSIONING,,,,SELSTON SURGERY,,,,23397296,,,,,280.00,,,,
Department of Health,,NHS Mansfield & Ashfield CCG,,31/08/2018,,,C&M-PMS GP Statutory Levy,,,,,,,PRC DELEGATED CO-COMMISSIONING,,,,SELSTON SURGERY,,,,23397296,,,,,161.72,,,,
Department of Health,,NHS Mansfield & Ashfield CCG,,31/08/2018,,,C&M-PMS List Size Adjustment,,,,,,,PRC DELEGATED CO-COMMISSIONING,,,,SELSTON SURGERY,,,,23397296,,,,,50.43,,,,
Department of Health,,NHS Mansfield & Ashfield CCG,,31/08/2018,,,C&M-PMS Out of Hours Opt Outs,,,,,,,PRC DELEGATED CO-COMMISSIONING,,,,SELSTON SURGERY,,,,23397296,,,,,"1,787.61",,,,
Department of Health,,NHS Mansfield & Ashfield CCG,,31/08/2018,,,C&M-PMS PCO Other,,,,,,,PRC DELEGATED CO-COMMISSIONING,,,,SELSTON SURGERY,,,,23397296,,,,,"3,370.00",,,,
Department of Health,,NHS Mansfield & Ashfield CCG,,31/08/2018,,,C&M-PMS Prem Notional Rent,,,,,,,PRC DELEGATED CO-COMMISSIONING,,,,SELSTON SURGERY,,,,23397296,,,,,"2,425.00",,,,
Department of Health,,NHS Mansfield & Ashfield CCG,,31/08/2018,,,C&M-PMS Prem Water Rates,,,,,,,PRC DELEGATED CO-COMMISSIONING,,,,SELSTON SURGERY,,,,23397296,,,,,"1,626.37",,,,
Department of Health,,NHS Mansfield & Ashfield CCG,,31/08/2018,,,C&M-PMS QOF Aspiration,,,,,,,PRC DELEGATED CO-COMMISSIONING,,,,SELSTON SURGERY,,,,23397296,,,,,"3,693.87",,,,
Department of Health,,NHS Mansfield & Ashfield CCG,,31/08/2018,,,C&M-PMS Voluntary Levy,,,,,,,PRC DELEGATED CO-COMMISSIONING,,,,SELSTON SURGERY,,,,23397296,,,,,24.33,,,,
Department of Health,,NHS Mansfield & Ashfield CCG,,31/08/2018,,,Hcare Srv Rec Fdtn Trust-Contract Baseline,,,,,,,ACUTE COMMISSIONING,,,,SHEFFIELD TEACHING HOSPITALS NHS FOUNDATION TRUST,,,,23457014,,,,,"28,096.00",,,,
Department of Health,,NHS Mansfield & Ashfield CCG,,31/08/2018,,,Hcare Srv Rec Fdtn Trust-CQUIN,,,,,,,ACUTE COMMISSIONING,,,,SHERWOOD FOREST HOSPITALS NHS FOUNDATION TRUST,,,,23308001,,,,,"227,789.94",,,,
Department of Health,,NHS Mansfield & Ashfield CCG,,31/08/2018,,,Hcare Srv Rec Fdtn Trust-Contract Baseline,,,,,,,ACUTE COMMISSIONING,,,,SHERWOOD FOREST HOSPITALS NHS FOUNDATION TRUST,,,,23308001,,,,,"8,901,033.59",,,,
Department of Health,,NHS Mansfield & Ashfield CCG,,31/08/2018,,,Hcare Srv Rec Fdtn Trust-Contract Baseline,,,,,,,COMMUNITY SERVICES,,,,SHERWOOD FOREST HOSPITALS NHS FOUNDATION TRUST,,,,23308001,,,,,"640,438.55",,,,
Department of Health,,NHS Mansfield & Ashfield CCG,,31/08/2018,,,Hcare Srv Rec Fdtn Trust-Over/ Under Performance,,,,,,,ACUTE COMMISSIONING,,,,SHERWOOD FOREST HOSPITALS NHS FOUNDATION TRUST,,,,23308002,,,,,"(27,183.00)",,,,
Department of Health,,NHS Mansfield & Ashfield CCG,,31/08/2018,,,Hcare Srv Rec Fdtn Trust-Over/ Under Performance,,,,,,,ACUTE COMMISSIONING,,,,SHERWOOD FOREST HOSPITALS NHS FOUNDATION TRUST,,,,23457035,,,,,"35,131.24",,,,
Department of Health,,NHS Mansfield & Ashfield CCG,,31/08/2018,,,Hcare Srv Rec Fdtn Trust-Over/ Under Performance,,,,,,,ACUTE COMMISSIONING,,,,SHERWOOD FOREST HOSPITALS NHS FOUNDATION TRUST,,,,23457042,,,,,"824,356.96",,,,
Department of Health,,NHS Mansfield & Ashfield CCG,,31/08/2018,,,C&M-GMS DES Minor Surgery,,,,,,,PRC DELEGATED CO-COMMISSIONING,,,,SKEGBY FAMILY MEDICAL CENTRE,,,,23529170,,,,,"6,674.00",,,,
Department of Health,,NHS Mansfield & Ashfield CCG,,31/08/2018,,,C&M-GMS Global Sum,,,,,,,PRC DELEGATED CO-COMMISSIONING,,,,SKEGBY FAMILY MEDICAL CENTRE,,,,23529170,,,,,"67,476.32",,,,
Department of Health,,NHS Mansfield & Ashfield CCG,,31/08/2018,,,C&M-GMS Prem Clinical Waste,,,,,,,PRC DELEGATED CO-COMMISSIONING,,,,SKEGBY FAMILY MEDICAL CENTRE,,,,23529170,,,,,448.04,,,,
Department of Health,,NHS Mansfield & Ashfield CCG,,31/08/2018,,,C&M-GMS Prem Notional Rent,,,,,,,PRC DELEGATED CO-COMMISSIONING,,,,SKEGBY FAMILY MEDICAL CENTRE,,,,23529170,,,,,"4,531.67",,,,
Department of Health,,NHS Mansfield & Ashfield CCG,,31/08/2018,,,C&M-GMS QOF Aspiration,,,,,,,PRC DELEGATED CO-COMMISSIONING,,,,SKEGBY FAMILY MEDICAL CENTRE,,,,23529170,,,,,"6,412.52",,,,
Department of Health,,NHS Mansfield & Ashfield CCG,,31/08/2018,,,C&M-PMS Contract Value,,,,,,,PRC DELEGATED CO-COMMISSIONING,,,,ST PETERS MEDICAL PRACTICE,,,,23397294,,,,,"21,437.02",,,,
Department of Health,,NHS Mansfield & Ashfield CCG,,31/08/2018,,,C&M-PMS GP Statutory Levy,,,,,,,PRC DELEGATED CO-COMMISSIONING,,,,ST PETERS MEDICAL PRACTICE,,,,23397294,,,,,89.41,,,,
Department of Health,,NHS Mansfield & Ashfield CCG,,31/08/2018,,,C&M-PMS Out of Hours Opt Outs,,,,,,,PRC DELEGATED CO-COMMISSIONING,,,,ST PETERS MEDICAL PRACTICE,,,,23397294,,,,,988.32,,,,
Department of Health,,NHS Mansfield & Ashfield CCG,,31/08/2018,,,C&M-PMS Prem Actual Rent,,,,,,,PRC DELEGATED CO-COMMISSIONING,,,,ST PETERS MEDICAL PRACTICE,,,,23397294,,,,,"1,434.29",,,,
Department of Health,,NHS Mansfield & Ashfield CCG,,31/08/2018,,,C&M-PMS Prem Clinical Waste,,,,,,,PRC DELEGATED CO-COMMISSIONING,,,,ST PETERS MEDICAL PRACTICE,,,,23397294,,,,,183.28,,,,
Department of Health,,NHS Mansfield & Ashfield CCG,,31/08/2018,,,C&M-PMS Prem Rates,,,,,,,PRC DELEGATED CO-COMMISSIONING,,,,ST PETERS MEDICAL PRACTICE,,,,23397294,,,,,641.78,,,,
Department of Health,,NHS Mansfield & Ashfield CCG,,31/08/2018,,,C&M-PMS QOF Aspiration,,,,,,,PRC DELEGATED CO-COMMISSIONING,,,,ST PETERS MEDICAL PRACTICE,,,,23397294,,,,,"1,709.99",,,,
Department of Health,,NHS Mansfield & Ashfield CCG,,31/08/2018,,,C&M-PMS Voluntary Levy,,,,,,,PRC DELEGATED CO-COMMISSIONING,,,,ST PETERS MEDICAL PRACTICE,,,,23397294,,,,,13.45,,,,
Department of Health,,NHS Mansfield & Ashfield CCG,,31/08/2018,,,C&M-GMS DES Minor Surgery,,,,,,,PRC DELEGATED CO-COMMISSIONING,,,,THE SURGERY LOWMOOR ROAD,,,,23529157,,,,,"1,703.00",,,,
Department of Health,,NHS Mansfield & Ashfield CCG,,31/08/2018,,,C&M-GMS Global Sum,,,,,,,PRC DELEGATED CO-COMMISSIONING,,,,THE SURGERY LOWMOOR ROAD,,,,23529157,,,,,"40,868.48",,,,
Department of Health,,NHS Mansfield & Ashfield CCG,,31/08/2018,,,C&M-GMS Prem Clinical Waste,,,,,,,PRC DELEGATED CO-COMMISSIONING,,,,THE SURGERY LOWMOOR ROAD,,,,23529157,,,,,567.07,,,,
Department of Health,,NHS Mansfield & Ashfield CCG,,31/08/2018,,,C&M-GMS Prem Notional Rent,,,,,,,PRC DELEGATED CO-COMMISSIONING,,,,THE SURGERY LOWMOOR ROAD,,,,23529157,,,,,"4,583.56",,,,
Department of Health,,NHS Mansfield & Ashfield CCG,,31/08/2018,,,C&M-GMS QOF Aspiration,,,,,,,PRC DELEGATED CO-COMMISSIONING,,,,THE SURGERY LOWMOOR ROAD,,,,23529157,,,,,"3,783.41",,,,
Department of Health,,NHS Mansfield & Ashfield CCG,,31/08/2018,,,Clinical&Medical-Independent Sector,,,,,,,IMPROVING ACCESS TO PSYCHOLOGICAL THERAPIES,,,,TRENT PTS,,,,23481094,,,,,"36,989.50",,,,
Department of Health,,NHS Mansfield & Ashfield CCG,,31/08/2018,,,Hcare Srv Rec Fdtn Trust-CQUIN,,,,,,,ACUTE COMMISSIONING,,,,UNIVERSITY HOSPITALS OF DERBY & BURTON NHS FOUNDATION TRUST,,,,23457005,,,,,"2,652.32",,,,
Department of Health,,NHS Mansfield & Ashfield CCG,,31/08/2018,,,Hcare Srv Rec Fdtn Trust-Contract Baseline,,,,,,,ACUTE COMMISSIONING,,,,UNIVERSITY HOSPITALS OF DERBY & BURTON NHS FOUNDATION TRUST,,,,23457005,,,,,"113,998.86",,,,
Department of Health,,NHS Mansfield & Ashfield CCG,,31/08/2018,,,C&M-GMS Global Sum,,,,,,,PRC DELEGATED CO-COMMISSIONING,,,,WILLOWBROOK MEDICAL PRACTICE,,,,23529149,,,,,"109,695.60",,,,
Department of Health,,NHS Mansfield & Ashfield CCG,,31/08/2018,,,C&M-GMS Prem Clinical Waste,,,,,,,PRC DELEGATED CO-COMMISSIONING,,,,WILLOWBROOK MEDICAL PRACTICE,,,,23529149,,,,,872.01,,,,
Department of Health,,NHS Mansfield & Ashfield CCG,,31/08/2018,,,C&M-GMS Prem Notional Rent,,,,,,,PRC DELEGATED CO-COMMISSIONING,,,,WILLOWBROOK MEDICAL PRACTICE,,,,23529149,,,,,"7,711.56",,,,
Department of Health,,NHS Mansfield & Ashfield CCG,,31/08/2018,,,C&M-GMS Prem Water Rates,,,,,,,PRC DELEGATED CO-COMMISSIONING,,,,WILLOWBROOK MEDICAL PRACTICE,,,,23529149,,,,,475.78,,,,
Department of Health,,NHS Mansfield & Ashfield CCG,,31/08/2018,,,C&M-GMS QOF Aspiration,,,,,,,PRC DELEGATED CO-COMMISSIONING,,,,WILLOWBROOK MEDICAL PRACTICE,,,,23529149,,,,,"15,207.77",,,,
Department of Health,,NHS Mansfield & Ashfield CCG,,31/08/2018,,,C&M-GMS DES Minor Surgery,,PRC DELEGATED CO-COMMISSIONING,,,,,,WOODLANDS MEDICAL PRACTICE,,,,,,,,,23529165,"3,191.00",,,,,,
Department of Health,,NHS Mansfield & Ashfield CCG,,31/08/2018,,,C&M-GMS Global Sum,,PRC DELEGATED CO-COMMISSIONING,,,,,,WOODLANDS MEDICAL PRACTICE,,,,,,,,,23529165,"77,486.70",,,,,,
Department of Health,,NHS Mansfield & Ashfield CCG,,31/08/2018,,,C&M-GMS Prem Notional Rent,,PRC DELEGATED CO-COMMISSIONING,,,,,,WOODLANDS MEDICAL PRACTICE,,,,,,,,,23529165,"11,350.00",,,,,,
Department of Health,,NHS Mansfield & Ashfield CCG,,31/08/2018,,,C&M-GMS QOF Aspiration,,PRC DELEGATED CO-COMMISSIONING,,,,,,WOODLANDS MEDICAL PRACTICE,,,,,,,,,23529165,"9,289.90",,,,,,
,,,,,,,,,,,,,,,,,,,,,,,,TOTAL,"20,843,411.68",,,,,,
