Department family,Entity,Date,Expense Type,Expense area,Supplier,Transaction number,AP Amount (�),VAT registration number,Purchase invoice number
Department of Health,NHS Shropshire CCG,11/30/2018,Cont Care- Palliative Care,CHC ADULT FULLY FUNDED,SEVERN HOSPICE LTD,24546146,47675.98 ,,408
Department of Health,NHS Shropshire CCG,11/30/2018,Clinical&Medical-Commercial Sector,MENTAL HEALTH SERVICES - ADULTS,BROMFORD,24568182,48276.45 ,,SIBHA000969
Department of Health,NHS Shropshire CCG,11/30/2018,Clinical&Medical-Serv Recd-CCGs,MEDICINES MANAGEMENT - CLINICAL,NHS TELFORD & WREKIN CCG,24614091,28740.00 ,,7020301200
Department of Health,NHS Shropshire CCG,11/30/2018,Clinical&Medical-Commercial Sector,INTERMEDIATE CARE,ENGLISH CARE LTD,24677606,64800.00 ,,EC85
Department of Health,NHS Shropshire CCG,11/30/2018,Cont Care-Physical Disab (65+),CHC ADULT FULLY FUNDED,COVERAGE CARE LTD,24720239,56625.43 ,,111815835
Department of Health,NHS Shropshire CCG,11/30/2018,Cont Care- Palliative Care,CHC ADULT FULLY FUNDED,GP HOMECARE LTD TA RADIS COMMUNITY CARE,24720244,47294.00 ,,111815952
Department of Health,NHS Shropshire CCG,11/30/2018,Cont Care-Physical Disab (65+),CHC ADULT FULLY FUNDED,OLDFIELD RESIDENTIAL CARE LTD,24720246,30214.29 ,,111815660
Department of Health,NHS Shropshire CCG,11/30/2018,Cont Care-Learning Disab(<65),CHC ADULT FULLY FUNDED,FAIRMONT RESIDENTIAL LTD,24720249,29528.57 ,,111810419
Department of Health,NHS Shropshire CCG,11/30/2018,Clinical&Medical-Independent Sector,REABLEMENT,HEADWAY SHROPSHIRE,24720253,28917.90 ,,111810584
Department of Health,NHS Shropshire CCG,11/30/2018,Hcare Srv Rec Fdtn Trust-Non Contract,NCAS/OATS,SALFORD ROYAL HOSPITALS NHS FOUNDATION TRUST,24726525,29244.09 ,65 4939786,S0011621
Department of Health,NHS Shropshire CCG,11/30/2018,C&M-GMS DES Extended Hours Access,PRC DELEGATED CO-COMMISSIONING,SOUTH HERMITAGE SURGERY,24726685,81330.00 ,,001455
Department of Health,NHS Shropshire CCG,11/30/2018,Clinical&Medical-Voluntary Sector,MENTAL HEALTH SERVICES - ADULTS,SHROPSHIRE MIND,24726781,35000.00 ,,SANCTUARY0122018
Department of Health,NHS Shropshire CCG,11/30/2018,Charges from CSU,CORPORATE COSTS & SERVICES,NHS MIDLANDS AND LANCASHIRE CSU,24726786,86191.71 ,GB 654442045,7312311697
Department of Health,NHS Shropshire CCG,11/30/2018,Charges from CSU,PRIMARY CARE IT,NHS MIDLANDS AND LANCASHIRE CSU,24726786,53688.10 ,GB 654442045,7312311697
Department of Health,NHS Shropshire CCG,11/30/2018,External Consultancy Fees,FINANCE,STERLING ACCOUNTANCY (BIRMINGHAM) LTD,24732117,31429.00 ,857 4975 63,SCCG0015
Department of Health,NHS Shropshire CCG,11/30/2018,Contract & Agency-Agency Spec Contr,CEO/ BOARD OFFICE,GREENWOOD & ROBERTS CONSULTING LTD,24746819,28607.00 ,GB197286945,GR153
Department of Health,NHS Shropshire CCG,11/30/2018,Clinical&Medical-Commercial Sector,PATIENT TRANSPORT,FALCK UK AMBULANCE SERVICE LTD,24746821,341172.00 ,123 355 441,23935
Department of Health,NHS Shropshire CCG,11/30/2018,External Consultancy Fees,COLLABORATIVE COMMISSIONING,PARTICIPATE LTD,24746827,92163.60 ,933882788,9666
Department of Health,NHS Shropshire CCG,11/30/2018,Hcare Srv Rec Fdtn Trust-Contract Baseline,ACUTE COMMISSIONING,ROBERT JONES & AGNES HUNT ORTHOPAEDIC HOSPITAL NHS FOUNDATION TRUST,24753289,2730621.50 ,654938006,SLA1118-RJAH
Department of Health,NHS Shropshire CCG,11/30/2018,Hcare Srv Rec NHS Trust-Contract Baseline,ACUTE COMMISSIONING,SHREWSBURY&TELFORD HOSPITAL NHS TRUST,24753291,11496012.00 ,654939296,SLA1118-SATH
Department of Health,NHS Shropshire CCG,11/30/2018,Hcare Srv Rec NHS Trust-Contract Baseline,COMMUNITY SERVICES,SHROPSHIRE COMMUNITY HEALTH NHS TRUST,24753292,3255746.67 ,654441384,SLA1118-SHCT
Department of Health,NHS Shropshire CCG,11/30/2018,Cont Care- Retrospective Claims,CHC ADULT FULLY FUNDED,LATE MAURICE JONES,24753293,41744.74 ,,BC1870NOV18
Department of Health,NHS Shropshire CCG,11/30/2018,Apprenticeship Levy Payable,BALANCE SHEET,HMRC,24759999,1062.00 ,,475PJ004445971907
Department of Health,NHS Shropshire CCG,11/30/2018,Income tax <1Yr,BALANCE SHEET,HMRC,24759999,72103.60 ,,475PJ004445971907
Department of Health,NHS Shropshire CCG,11/30/2018,Income tax <1Yr-Student Loans,BALANCE SHEET,HMRC,24759999,1539.00 ,,475PJ004445971907
Department of Health,NHS Shropshire CCG,11/30/2018,National Insurance < 1 yr-NI- ERS,BALANCE SHEET,HMRC,24759999,47995.74 ,,475PJ004445971907
Department of Health,NHS Shropshire CCG,11/30/2018,National Insurance < 1 yr-NI-EES,BALANCE SHEET,HMRC,24759999,34370.17 ,,475PJ004445971907
Department of Health,NHS Shropshire CCG,11/30/2018,Statutory Mat Pay < 1 yr,BALANCE SHEET,HMRC,24759999,-1335.70 ,,475PJ004445971907
Department of Health,NHS Shropshire CCG,11/30/2018,Hcare Srv Rec NHS Trust,ACUTE COMMISSIONING,SHREWSBURY&TELFORD HOSPITAL NHS TRUST,24768698,50572.00 ,654939296,10127034
Department of Health,NHS Shropshire CCG,11/30/2018,Hcare Srv Rec NHS Trust,ACUTE COMMISSIONING,SHREWSBURY&TELFORD HOSPITAL NHS TRUST,24768711,39562.00 ,654939296,10127463
Department of Health,NHS Shropshire CCG,11/30/2018,Hcare Srv Rec NHS Trust,ACUTE COMMISSIONING,SHREWSBURY&TELFORD HOSPITAL NHS TRUST,24768731,40636.00 ,654939296,10128707
Department of Health,NHS Shropshire CCG,11/30/2018,C&M-GMS Cost of Drugs -Dispensing,LOCAL ENHANCED SERVICES,ALBRIGHTON MEDICAL PRACTICE,24780018,63758.89 ,,SA000021017
Department of Health,NHS Shropshire CCG,11/30/2018,C&M-GMS Prof Fees Dispensing,PRC DELEGATED CO-COMMISSIONING,ALBRIGHTON MEDICAL PRACTICE,24780018,9049.96 ,,SA000021017
Department of Health,NHS Shropshire CCG,11/30/2018,C&M-GMS PrscrptnChrgsColl&RmttdbyGP,LOCAL ENHANCED SERVICES,ALBRIGHTON MEDICAL PRACTICE,24780018,1460.80 ,,SA000021017
Department of Health,NHS Shropshire CCG,11/30/2018,C&M-GMS Cost of Drugs -Dispensing,LOCAL ENHANCED SERVICES,BEECHES MEDICAL PRACTICE,24780020,33018.64 ,,SA000021019
Department of Health,NHS Shropshire CCG,11/30/2018,C&M-GMS Prof Fees Dispensing,PRC DELEGATED CO-COMMISSIONING,BEECHES MEDICAL PRACTICE,24780020,5169.48 ,,SA000021019
Department of Health,NHS Shropshire CCG,11/30/2018,C&M-GMS PrscrptnChrgsColl&RmttdbyGP,LOCAL ENHANCED SERVICES,BEECHES MEDICAL PRACTICE,24780020,545.60 ,,SA000021019
Department of Health,NHS Shropshire CCG,11/30/2018,C&M-GMS Cost of Drugs -Dispensing,LOCAL ENHANCED SERVICES,ALVELEY MEDICAL PRACTICE,24780024,56797.23 ,,SA000021021
Department of Health,NHS Shropshire CCG,11/30/2018,C&M-GMS Prof Fees Dispensing,PRC DELEGATED CO-COMMISSIONING,ALVELEY MEDICAL PRACTICE,24780024,12846.85 ,,SA000021021
Department of Health,NHS Shropshire CCG,11/30/2018,C&M-GMS PrscrptnChrgsColl&RmttdbyGP,LOCAL ENHANCED SERVICES,ALVELEY MEDICAL PRACTICE,24780024,1258.40 ,,SA000021021
Department of Health,NHS Shropshire CCG,11/30/2018,C&M-GMS Cost of Drugs -Dispensing,LOCAL ENHANCED SERVICES,BROWN CLEE MEDICAL PRACTICE,24780030,57904.99 ,,SA000021023
Department of Health,NHS Shropshire CCG,11/30/2018,C&M-GMS Prof Fees Dispensing,PRC DELEGATED CO-COMMISSIONING,BROWN CLEE MEDICAL PRACTICE,24780030,9770.22 ,,SA000021023
Department of Health,NHS Shropshire CCG,11/30/2018,C&M-GMS PrscrptnChrgsColl&RmttdbyGP,LOCAL ENHANCED SERVICES,BROWN CLEE MEDICAL PRACTICE,24780030,1927.20 ,,SA000021023
Department of Health,NHS Shropshire CCG,11/30/2018,C&M-GMS Cost of Drugs -Dispensing,LOCAL ENHANCED SERVICES,CRAVEN ARMS MEDICAL PRACTICE,24780033,36333.86 ,,SA000021025
Department of Health,NHS Shropshire CCG,11/30/2018,C&M-GMS Prof Fees Dispensing,PRC DELEGATED CO-COMMISSIONING,CRAVEN ARMS MEDICAL PRACTICE,24780033,5485.59 ,,SA000021025
Department of Health,NHS Shropshire CCG,11/30/2018,C&M-GMS PrscrptnChrgsColl&RmttdbyGP,LOCAL ENHANCED SERVICES,CRAVEN ARMS MEDICAL PRACTICE,24780033,959.20 ,,SA000021025
Department of Health,NHS Shropshire CCG,11/30/2018,C&M-GMS Cost of Drugs -Dispensing,LOCAL ENHANCED SERVICES,CLIVE SURGERY,24780037,82698.44 ,,SA000021027
Department of Health,NHS Shropshire CCG,11/30/2018,C&M-GMS Prof Fees Dispensing,PRC DELEGATED CO-COMMISSIONING,CLIVE SURGERY,24780037,10529.83 ,,SA000021027
Department of Health,NHS Shropshire CCG,11/30/2018,C&M-GMS PrscrptnChrgsColl&RmttdbyGP,LOCAL ENHANCED SERVICES,CLIVE SURGERY,24780037,1839.20 ,,SA000021027
Department of Health,NHS Shropshire CCG,11/30/2018,C&M-PMS Cost of Drugs -Dispensing,LOCAL ENHANCED SERVICES,HODNET MEDICAL CENTRE,24780042,81038.47 ,,SA000021029
Department of Health,NHS Shropshire CCG,11/30/2018,C&M-PMS Prof fees Dispensing,PRC DELEGATED CO-COMMISSIONING,HODNET MEDICAL CENTRE,24780042,11315.27 ,,SA000021029
Department of Health,NHS Shropshire CCG,11/30/2018,C&M-PMS Prsc Chrgs Cll&Rmttd by GPs,LOCAL ENHANCED SERVICES,HODNET MEDICAL CENTRE,24780042,1628.00 ,,SA000021029
Department of Health,NHS Shropshire CCG,11/30/2018,C&M-GMS Cost of Drugs -Dispensing,LOCAL ENHANCED SERVICES,KNOCKIN MEDICAL CENTRE,24780047,75600.75 ,,SA000021031
Department of Health,NHS Shropshire CCG,11/30/2018,C&M-GMS Prof Fees Dispensing,PRC DELEGATED CO-COMMISSIONING,KNOCKIN MEDICAL CENTRE,24780047,14349.51 ,,SA000021031
Department of Health,NHS Shropshire CCG,11/30/2018,C&M-GMS PrscrptnChrgsColl&RmttdbyGP,LOCAL ENHANCED SERVICES,KNOCKIN MEDICAL CENTRE,24780047,2085.60 ,,SA000021031
Department of Health,NHS Shropshire CCG,11/30/2018,C&M-GMS Cost of Drugs -Dispensing,LOCAL ENHANCED SERVICES,MEADOWS MEDICAL PRACTICE,24780051,54376.20 ,,SA000021033
Department of Health,NHS Shropshire CCG,11/30/2018,C&M-GMS Prof Fees Dispensing,PRC DELEGATED CO-COMMISSIONING,MEADOWS MEDICAL PRACTICE,24780051,8265.20 ,,SA000021033
Department of Health,NHS Shropshire CCG,11/30/2018,C&M-GMS PrscrptnChrgsColl&RmttdbyGP,LOCAL ENHANCED SERVICES,MEADOWS MEDICAL PRACTICE,24780051,827.20 ,,SA000021033
Department of Health,NHS Shropshire CCG,11/30/2018,C&M-GMS Cost of Drugs -Dispensing,LOCAL ENHANCED SERVICES,MUCH WENLOCK & CRESSAGE MEDICAL PRACTICE,24780056,78728.36 ,,SA000021035
Department of Health,NHS Shropshire CCG,11/30/2018,C&M-GMS Prof Fees Dispensing,PRC DELEGATED CO-COMMISSIONING,MUCH WENLOCK & CRESSAGE MEDICAL PRACTICE,24780056,9601.87 ,,SA000021035
Department of Health,NHS Shropshire CCG,11/30/2018,C&M-GMS PrscrptnChrgsColl&RmttdbyGP,LOCAL ENHANCED SERVICES,MUCH WENLOCK & CRESSAGE MEDICAL PRACTICE,24780056,1672.00 ,,SA000021035
Department of Health,NHS Shropshire CCG,11/30/2018,C&M-GMS Cost of Drugs -Dispensing,LOCAL ENHANCED SERVICES,PRESCOTT SURGERY,24780061,124337.51 ,,SA000021037
Department of Health,NHS Shropshire CCG,11/30/2018,C&M-GMS Prof Fees Dispensing,PRC DELEGATED CO-COMMISSIONING,PRESCOTT SURGERY,24780061,18996.80 ,,SA000021037
Department of Health,NHS Shropshire CCG,11/30/2018,C&M-GMS PrscrptnChrgsColl&RmttdbyGP,LOCAL ENHANCED SERVICES,PRESCOTT SURGERY,24780061,3625.60 ,,SA000021037
Department of Health,NHS Shropshire CCG,11/30/2018,C&M-GMS Cost of Drugs -Dispensing,LOCAL ENHANCED SERVICES,PLAS FFYNNON MEDICAL CENTRE,24780065,71651.14 ,,SA000021039
Department of Health,NHS Shropshire CCG,11/30/2018,C&M-GMS Prof Fees Dispensing,PRC DELEGATED CO-COMMISSIONING,PLAS FFYNNON MEDICAL CENTRE,24780065,9804.55 ,,SA000021039
Department of Health,NHS Shropshire CCG,11/30/2018,C&M-GMS PrscrptnChrgsColl&RmttdbyGP,LOCAL ENHANCED SERVICES,PLAS FFYNNON MEDICAL CENTRE,24780065,1883.20 ,,SA000021039
Department of Health,NHS Shropshire CCG,11/30/2018,C&M-GMS Cost of Drugs -Dispensing,LOCAL ENHANCED SERVICES,PONTESBURY MEDICAL PRACTICE,24780070,130448.29 ,,SA000021041
Department of Health,NHS Shropshire CCG,11/30/2018,C&M-GMS Prof Fees Dispensing,PRC DELEGATED CO-COMMISSIONING,PONTESBURY MEDICAL PRACTICE,24780070,21643.67 ,,SA000021041
Department of Health,NHS Shropshire CCG,11/30/2018,C&M-GMS PrscrptnChrgsColl&RmttdbyGP,LOCAL ENHANCED SERVICES,PONTESBURY MEDICAL PRACTICE,24780070,3590.40 ,,SA000021041
Department of Health,NHS Shropshire CCG,11/30/2018,C&M-GMS Cost of Drugs -Dispensing,LOCAL ENHANCED SERVICES,SHAWBURY MEDICAL PRACTICE,24780076,92255.68 ,,SA000021043
Department of Health,NHS Shropshire CCG,11/30/2018,C&M-GMS Prof Fees Dispensing,PRC DELEGATED CO-COMMISSIONING,SHAWBURY MEDICAL PRACTICE,24780076,14491.63 ,,SA000021043
Department of Health,NHS Shropshire CCG,11/30/2018,C&M-GMS PrscrptnChrgsColl&RmttdbyGP,LOCAL ENHANCED SERVICES,SHAWBURY MEDICAL PRACTICE,24780076,3062.40 ,,SA000021043
Department of Health,NHS Shropshire CCG,11/30/2018,C&M-GMS Cost of Drugs -Dispensing,LOCAL ENHANCED SERVICES,WEM & PREES MEDICAL PRACTICE,24780080,85253.40 ,,SA000021045
Department of Health,NHS Shropshire CCG,11/30/2018,C&M-GMS Prof Fees Dispensing,PRC DELEGATED CO-COMMISSIONING,WEM & PREES MEDICAL PRACTICE,24780080,12916.31 ,,SA000021045
Department of Health,NHS Shropshire CCG,11/30/2018,C&M-GMS PrscrptnChrgsColl&RmttdbyGP,LOCAL ENHANCED SERVICES,WEM & PREES MEDICAL PRACTICE,24780080,1812.80 ,,SA000021045
Department of Health,NHS Shropshire CCG,11/30/2018,C&M-GMS Cost of Drugs -Dispensing,LOCAL ENHANCED SERVICES,WESTBURY MEDICAL CENTRE,24780085,55270.12 ,,SA000021047
Department of Health,NHS Shropshire CCG,11/30/2018,C&M-GMS Prof Fees Dispensing,PRC DELEGATED CO-COMMISSIONING,WESTBURY MEDICAL CENTRE,24780085,7615.78 ,,SA000021047
Department of Health,NHS Shropshire CCG,11/30/2018,C&M-GMS PrscrptnChrgsColl&RmttdbyGP,LOCAL ENHANCED SERVICES,WESTBURY MEDICAL CENTRE,24780085,1364.00 ,,SA000021047
Department of Health,NHS Shropshire CCG,11/30/2018,C&M-GMS Cost of Drugs -Dispensing,LOCAL ENHANCED SERVICES,WORTHEN MEDICAL PRACTICE,24780089,34998.65 ,,SA000021049
Department of Health,NHS Shropshire CCG,11/30/2018,C&M-GMS Prof Fees Dispensing,PRC DELEGATED CO-COMMISSIONING,WORTHEN MEDICAL PRACTICE,24780089,6843.78 ,,SA000021049
Department of Health,NHS Shropshire CCG,11/30/2018,C&M-GMS PrscrptnChrgsColl&RmttdbyGP,LOCAL ENHANCED SERVICES,WORTHEN MEDICAL PRACTICE,24780089,924.00 ,,SA000021049
Department of Health,NHS Shropshire CCG,11/30/2018,C&M-GMS Cost of Drugs -Dispensing,LOCAL ENHANCED SERVICES,CHURCHMERE MEDICAL GROUP,24780093,82334.68 ,,SA000021051
Department of Health,NHS Shropshire CCG,11/30/2018,C&M-GMS Prof Fees Dispensing,PRC DELEGATED CO-COMMISSIONING,CHURCHMERE MEDICAL GROUP,24780093,10605.84 ,,SA000021051
Department of Health,NHS Shropshire CCG,11/30/2018,C&M-GMS PrscrptnChrgsColl&RmttdbyGP,LOCAL ENHANCED SERVICES,CHURCHMERE MEDICAL GROUP,24780093,1496.00 ,,SA000021051
Department of Health,NHS Shropshire CCG,11/30/2018,Hcare Srv Rec Fdtn Trust-Contract Baseline,MENTAL HEALTH CONTRACTS,MIDLANDS PARTNERSHIP NHS FOUNDATION TRUST,24781673,237194.00 ,654407046,I0076501
Department of Health,NHS Shropshire CCG,11/30/2018,Hcare Srv Rec Fdtn Trust-Contract Baseline,AMBULANCE SERVICES,WEST MIDLANDS AMBULANCE SERVICE NHS FOUNDATION TRUST,24781681,95475.00 ,GB654950708,B0001711
Department of Health,NHS Shropshire CCG,11/30/2018,Hcare Srv Rec Fdtn Trust-Contract Baseline,CHILD AND ADOLESCENT MENTAL HEALTH,MIDLANDS PARTNERSHIP NHS FOUNDATION TRUST,24781683,237194.00 ,654407046,I0077176
Department of Health,NHS Shropshire CCG,11/30/2018,C&M-GMS DES Minor Surgery,PRC DELEGATED CO-COMMISSIONING,ALBRIGHTON MEDICAL PRACTICE,24799717,1335.23 ,,SA000021055
Department of Health,NHS Shropshire CCG,11/30/2018,C&M-GMS Global Sum,PRC DELEGATED CO-COMMISSIONING,ALBRIGHTON MEDICAL PRACTICE,24799717,66524.84 ,,SA000021055
Department of Health,NHS Shropshire CCG,11/30/2018,C&M-GMS Other FDR Payment,PRC DELEGATED CO-COMMISSIONING,ALBRIGHTON MEDICAL PRACTICE,24799717,2758.58 ,,SA000021055
Department of Health,NHS Shropshire CCG,11/30/2018,C&M-GMS Prem Notional Rent,PRC DELEGATED CO-COMMISSIONING,ALBRIGHTON MEDICAL PRACTICE,24799717,5500.00 ,,SA000021055
Department of Health,NHS Shropshire CCG,11/30/2018,C&M-GMS QOF Aspiration,PRC DELEGATED CO-COMMISSIONING,ALBRIGHTON MEDICAL PRACTICE,24799717,9032.30 ,,SA000021055
Department of Health,NHS Shropshire CCG,11/30/2018,C&M-GMS DES Minor Surgery,PRC DELEGATED CO-COMMISSIONING,BEECHES MEDICAL PRACTICE,24799719,789.53 ,,SA000021057
Department of Health,NHS Shropshire CCG,11/30/2018,C&M-GMS Global Sum,PRC DELEGATED CO-COMMISSIONING,BEECHES MEDICAL PRACTICE,24799719,46648.88 ,,SA000021057
Department of Health,NHS Shropshire CCG,11/30/2018,C&M-GMS MPIG Correction Factor,PRC DELEGATED CO-COMMISSIONING,BEECHES MEDICAL PRACTICE,24799719,413.14 ,,SA000021057
Department of Health,NHS Shropshire CCG,11/30/2018,C&M-GMS Prem Notional Rent,PRC DELEGATED CO-COMMISSIONING,BEECHES MEDICAL PRACTICE,24799719,4891.67 ,,SA000021057
Department of Health,NHS Shropshire CCG,11/30/2018,C&M-GMS QOF Aspiration,PRC DELEGATED CO-COMMISSIONING,BEECHES MEDICAL PRACTICE,24799719,5455.72 ,,SA000021057
Department of Health,NHS Shropshire CCG,11/30/2018,C&M-GMS DES Extended Hours Access,PRC DELEGATED CO-COMMISSIONING,BELVIDERE MEDICAL PRACTICE,24799721,832.68 ,,SA000021059
Department of Health,NHS Shropshire CCG,11/30/2018,C&M-GMS DES Learn Dsblty Hlth Chk,PRC DELEGATED CO-COMMISSIONING,BELVIDERE MEDICAL PRACTICE,24799721,3360.00 ,,SA000021059
Department of Health,NHS Shropshire CCG,11/30/2018,C&M-GMS DES Minor Surgery,PRC DELEGATED CO-COMMISSIONING,BELVIDERE MEDICAL PRACTICE,24799721,540.62 ,,SA000021059
Department of Health,NHS Shropshire CCG,11/30/2018,C&M-GMS Global Sum,PRC DELEGATED CO-COMMISSIONING,BELVIDERE MEDICAL PRACTICE,24799721,37021.99 ,,SA000021059
Department of Health,NHS Shropshire CCG,11/30/2018,C&M-GMS PCO Locum Adop/Pat/Mat,PRC DELEGATED CO-COMMISSIONING,BELVIDERE MEDICAL PRACTICE,24799721,5840.01 ,,SA000021059
Department of Health,NHS Shropshire CCG,11/30/2018,C&M-GMS Prem Cost Rent,PRC DELEGATED CO-COMMISSIONING,BELVIDERE MEDICAL PRACTICE,24799721,3236.58 ,,SA000021059
Department of Health,NHS Shropshire CCG,11/30/2018,C&M-GMS QOF Aspiration,PRC DELEGATED CO-COMMISSIONING,BELVIDERE MEDICAL PRACTICE,24799721,4380.66 ,,SA000021059
Department of Health,NHS Shropshire CCG,11/30/2018,ME - GMS GP Prior Year ERs,PRC DELEGATED CO-COMMISSIONING,BELVIDERE MEDICAL PRACTICE,24799721,730.98 ,,SA000021059
Department of Health,NHS Shropshire CCG,11/30/2018,ME-GMS GP Prior Year EEs,PRC DELEGATED CO-COMMISSIONING,BELVIDERE MEDICAL PRACTICE,24799721,635.42 ,,SA000021059
Department of Health,NHS Shropshire CCG,11/30/2018,C&M-GMS DES Minor Surgery,PRC DELEGATED CO-COMMISSIONING,ALVELEY MEDICAL PRACTICE,24799723,724.22 ,,SA000021061
Department of Health,NHS Shropshire CCG,11/30/2018,C&M-GMS Global Sum,PRC DELEGATED CO-COMMISSIONING,ALVELEY MEDICAL PRACTICE,24799723,19558.16 ,,SA000021061
Department of Health,NHS Shropshire CCG,11/30/2018,C&M-GMS Other FDR Payment,PRC DELEGATED CO-COMMISSIONING,ALVELEY MEDICAL PRACTICE,24799723,970.08 ,,SA000021061
Department of Health,NHS Shropshire CCG,11/30/2018,C&M-GMS Prem Notional Rent,PRC DELEGATED CO-COMMISSIONING,ALVELEY MEDICAL PRACTICE,24799723,1791.67 ,,SA000021061
Department of Health,NHS Shropshire CCG,11/30/2018,C&M-GMS QOF Aspiration,PRC DELEGATED CO-COMMISSIONING,ALVELEY MEDICAL PRACTICE,24799723,2902.26 ,,SA000021061
Department of Health,NHS Shropshire CCG,11/30/2018,C&M-GMS DES Extended Hours Access,PRC DELEGATED CO-COMMISSIONING,BISHOPS CASTLE MEDICAL PRACTICE,24799725,844.08 ,,SA000021063
Department of Health,NHS Shropshire CCG,11/30/2018,C&M-GMS DES Learn Dsblty Hlth Chk,PRC DELEGATED CO-COMMISSIONING,BISHOPS CASTLE MEDICAL PRACTICE,24799725,140.00 ,,SA000021063
Department of Health,NHS Shropshire CCG,11/30/2018,C&M-GMS DES Minor Surgery,PRC DELEGATED CO-COMMISSIONING,BISHOPS CASTLE MEDICAL PRACTICE,24799725,576.91 ,,SA000021063
Department of Health,NHS Shropshire CCG,11/30/2018,C&M-GMS Global Sum,PRC DELEGATED CO-COMMISSIONING,BISHOPS CASTLE MEDICAL PRACTICE,24799725,47550.03 ,,SA000021063
Department of Health,NHS Shropshire CCG,11/30/2018,C&M-GMS MPIG Correction Factor,PRC DELEGATED CO-COMMISSIONING,BISHOPS CASTLE MEDICAL PRACTICE,24799725,534.17 ,,SA000021063
Department of Health,NHS Shropshire CCG,11/30/2018,C&M-GMS Prem Notional Rent,PRC DELEGATED CO-COMMISSIONING,BISHOPS CASTLE MEDICAL PRACTICE,24799725,2264.59 ,,SA000021063
Department of Health,NHS Shropshire CCG,11/30/2018,C&M-GMS QOF Aspiration,PRC DELEGATED CO-COMMISSIONING,BISHOPS CASTLE MEDICAL PRACTICE,24799725,4934.30 ,,SA000021063
Department of Health,NHS Shropshire CCG,11/30/2018,C&M-GMS DES Minor Surgery,PRC DELEGATED CO-COMMISSIONING,BRIDGNORTH MEDICAL PRACTICE,24799727,776.46 ,,SA000021065
Department of Health,NHS Shropshire CCG,11/30/2018,C&M-GMS Global Sum,PRC DELEGATED CO-COMMISSIONING,BRIDGNORTH MEDICAL PRACTICE,24799727,116319.17 ,,SA000021065
Department of Health,NHS Shropshire CCG,11/30/2018,C&M-GMS MPIG Correction Factor,PRC DELEGATED CO-COMMISSIONING,BRIDGNORTH MEDICAL PRACTICE,24799727,1607.37 ,,SA000021065
Department of Health,NHS Shropshire CCG,11/30/2018,C&M-GMS Prem Actual Rent,PRC DELEGATED CO-COMMISSIONING,BRIDGNORTH MEDICAL PRACTICE,24799727,146460.00 ,,SA000021065
Department of Health,NHS Shropshire CCG,11/30/2018,C&M-GMS QOF Aspiration,PRC DELEGATED CO-COMMISSIONING,BRIDGNORTH MEDICAL PRACTICE,24799727,15137.04 ,,SA000021065
Department of Health,NHS Shropshire CCG,11/30/2018,ME-GMS GP Pension EEs Adjustments,PRC DELEGATED CO-COMMISSIONING,BRIDGNORTH MEDICAL PRACTICE,24799727,2916.68 ,,SA000021065
Department of Health,NHS Shropshire CCG,11/30/2018,ME-GMS GP Pension ERs Adjustments,PRC DELEGATED CO-COMMISSIONING,BRIDGNORTH MEDICAL PRACTICE,24799727,3355.32 ,,SA000021065
Department of Health,NHS Shropshire CCG,11/30/2018,C&M-GMS DES Minor Surgery,PRC DELEGATED CO-COMMISSIONING,BROSELEY MEDICAL PRACTICE,24799729,947.00 ,,SA000021067
Department of Health,NHS Shropshire CCG,11/30/2018,C&M-GMS Global Sum,PRC DELEGATED CO-COMMISSIONING,BROSELEY MEDICAL PRACTICE,24799729,38664.40 ,,SA000021067
Department of Health,NHS Shropshire CCG,11/30/2018,C&M-GMS Prem Cost Rent,PRC DELEGATED CO-COMMISSIONING,BROSELEY MEDICAL PRACTICE,24799729,1822.25 ,,SA000021067
Department of Health,NHS Shropshire CCG,11/30/2018,C&M-GMS QOF Aspiration,PRC DELEGATED CO-COMMISSIONING,BROSELEY MEDICAL PRACTICE,24799729,3656.74 ,,SA000021067
Department of Health,NHS Shropshire CCG,11/30/2018,C&M-GMS DES Extended Hours Access,PRC DELEGATED CO-COMMISSIONING,BROWN CLEE MEDICAL PRACTICE,24799731,532.16 ,,SA000021069
Department of Health,NHS Shropshire CCG,11/30/2018,C&M-GMS DES Learn Dsblty Hlth Chk,PRC DELEGATED CO-COMMISSIONING,BROWN CLEE MEDICAL PRACTICE,24799731,280.00 ,,SA000021069
Department of Health,NHS Shropshire CCG,11/30/2018,C&M-GMS DES Minor Surgery,PRC DELEGATED CO-COMMISSIONING,BROWN CLEE MEDICAL PRACTICE,24799731,569.65 ,,SA000021069
Department of Health,NHS Shropshire CCG,11/30/2018,C&M-GMS Global Sum,PRC DELEGATED CO-COMMISSIONING,BROWN CLEE MEDICAL PRACTICE,24799731,26836.76 ,,SA000021069
Department of Health,NHS Shropshire CCG,11/30/2018,C&M-GMS MPIG Correction Factor,PRC DELEGATED CO-COMMISSIONING,BROWN CLEE MEDICAL PRACTICE,24799731,979.09 ,,SA000021069
Department of Health,NHS Shropshire CCG,11/30/2018,C&M-GMS Prem Cost Rent,PRC DELEGATED CO-COMMISSIONING,BROWN CLEE MEDICAL PRACTICE,24799731,1962.50 ,,SA000021069
Department of Health,NHS Shropshire CCG,11/30/2018,C&M-GMS Prem Notional Rent,PRC DELEGATED CO-COMMISSIONING,BROWN CLEE MEDICAL PRACTICE,24799731,693.75 ,,SA000021069
Department of Health,NHS Shropshire CCG,11/30/2018,C&M-GMS QOF Aspiration,PRC DELEGATED CO-COMMISSIONING,BROWN CLEE MEDICAL PRACTICE,24799731,2466.87 ,,SA000021069
Department of Health,NHS Shropshire CCG,11/30/2018,C&M-GMS DES Extended Hours Access,PRC DELEGATED CO-COMMISSIONING,CLAREMONT BANK SURGERY,24799733,1213.31 ,,SA000021071
Department of Health,NHS Shropshire CCG,11/30/2018,C&M-GMS DES Minor Surgery,PRC DELEGATED CO-COMMISSIONING,CLAREMONT BANK SURGERY,24799733,83.45 ,,SA000021071
Department of Health,NHS Shropshire CCG,11/30/2018,C&M-GMS Global Sum,PRC DELEGATED CO-COMMISSIONING,CLAREMONT BANK SURGERY,24799733,55090.01 ,,SA000021071
Department of Health,NHS Shropshire CCG,11/30/2018,C&M-GMS MPIG Correction Factor,PRC DELEGATED CO-COMMISSIONING,CLAREMONT BANK SURGERY,24799733,206.84 ,,SA000021071
Department of Health,NHS Shropshire CCG,11/30/2018,C&M-GMS Prem Notional Rent,PRC DELEGATED CO-COMMISSIONING,CLAREMONT BANK SURGERY,24799733,3010.42 ,,SA000021071
Department of Health,NHS Shropshire CCG,11/30/2018,C&M-GMS QOF Aspiration,PRC DELEGATED CO-COMMISSIONING,CLAREMONT BANK SURGERY,24799733,6042.88 ,,SA000021071
Department of Health,NHS Shropshire CCG,11/30/2018,C&M-GMS DES Learn Dsblty Hlth Chk,PRC DELEGATED CO-COMMISSIONING,CHURCH STRETTON MEDICAL PRACTICE,24799735,140.00 ,,SA000021073
Department of Health,NHS Shropshire CCG,11/30/2018,C&M-GMS DES Minor Surgery,PRC DELEGATED CO-COMMISSIONING,CHURCH STRETTON MEDICAL PRACTICE,24799735,1796.03 ,,SA000021073
Department of Health,NHS Shropshire CCG,11/30/2018,C&M-GMS Global Sum,PRC DELEGATED CO-COMMISSIONING,CHURCH STRETTON MEDICAL PRACTICE,24799735,62636.58 ,,SA000021073
Department of Health,NHS Shropshire CCG,11/30/2018,C&M-GMS MPIG Correction Factor,PRC DELEGATED CO-COMMISSIONING,CHURCH STRETTON MEDICAL PRACTICE,24799735,141.21 ,,SA000021073
Department of Health,NHS Shropshire CCG,11/30/2018,C&M-GMS PCO Doctors Ret Scheme,PRC DELEGATED CO-COMMISSIONING,CHURCH STRETTON MEDICAL PRACTICE,24799735,668.46 ,,SA000021073
Department of Health,NHS Shropshire CCG,11/30/2018,C&M-GMS Prem Notional Rent,PRC DELEGATED CO-COMMISSIONING,CHURCH STRETTON MEDICAL PRACTICE,24799735,2844.58 ,,SA000021073
Department of Health,NHS Shropshire CCG,11/30/2018,C&M-GMS QOF Aspiration,PRC DELEGATED CO-COMMISSIONING,CHURCH STRETTON MEDICAL PRACTICE,24799735,7636.61 ,,SA000021073
Department of Health,NHS Shropshire CCG,11/30/2018,C&M-GMS DES Extended Hours Access,PRC DELEGATED CO-COMMISSIONING,CAXTON SURGERY,24799737,2096.65 ,,SA000021075
Department of Health,NHS Shropshire CCG,11/30/2018,C&M-GMS DES Minor Surgery,PRC DELEGATED CO-COMMISSIONING,CAXTON SURGERY,24799737,674.87 ,,SA000021075
Department of Health,NHS Shropshire CCG,11/30/2018,C&M-GMS Global Sum,PRC DELEGATED CO-COMMISSIONING,CAXTON SURGERY,24799737,93769.82 ,,SA000021075
Department of Health,NHS Shropshire CCG,11/30/2018,C&M-GMS Other FDR Payment,PRC DELEGATED CO-COMMISSIONING,CAXTON SURGERY,24799737,6776.33 ,,SA000021075
Department of Health,NHS Shropshire CCG,11/30/2018,C&M-GMS Prem Notional Rent,PRC DELEGATED CO-COMMISSIONING,CAXTON SURGERY,24799737,5058.33 ,,SA000021075
Department of Health,NHS Shropshire CCG,11/30/2018,C&M-GMS QOF Aspiration,PRC DELEGATED CO-COMMISSIONING,CAXTON SURGERY,24799737,10939.30 ,,SA000021075
Department of Health,NHS Shropshire CCG,11/30/2018,C&M-GMS DES Minor Surgery,PRC DELEGATED CO-COMMISSIONING,CRAVEN ARMS MEDICAL PRACTICE,24799739,460.80 ,,SA000021077
Department of Health,NHS Shropshire CCG,11/30/2018,C&M-GMS Global Sum,PRC DELEGATED CO-COMMISSIONING,CRAVEN ARMS MEDICAL PRACTICE,24799739,34944.77 ,,SA000021077
Department of Health,NHS Shropshire CCG,11/30/2018,C&M-GMS Prem Notional Rent,PRC DELEGATED CO-COMMISSIONING,CRAVEN ARMS MEDICAL PRACTICE,24799739,2166.67 ,,SA000021077
Department of Health,NHS Shropshire CCG,11/30/2018,C&M-GMS QOF Aspiration,PRC DELEGATED CO-COMMISSIONING,CRAVEN ARMS MEDICAL PRACTICE,24799739,3733.12 ,,SA000021077
Department of Health,NHS Shropshire CCG,11/30/2018,C&M-GMS DES Extended Hours Access,PRC DELEGATED CO-COMMISSIONING,CLEOBURY MORTIMER MEDICAL CENTRE,24799741,1117.83 ,,SA000021079
Department of Health,NHS Shropshire CCG,11/30/2018,C&M-GMS DES Minor Surgery,PRC DELEGATED CO-COMMISSIONING,CLEOBURY MORTIMER MEDICAL CENTRE,24799741,1886.73 ,,SA000021079
Department of Health,NHS Shropshire CCG,11/30/2018,C&M-GMS Global Sum,PRC DELEGATED CO-COMMISSIONING,CLEOBURY MORTIMER MEDICAL CENTRE,24799741,55679.91 ,,SA000021079
Department of Health,NHS Shropshire CCG,11/30/2018,C&M-GMS Prem Actual Rent,PRC DELEGATED CO-COMMISSIONING,CLEOBURY MORTIMER MEDICAL CENTRE,24799741,51731.10 ,,SA000021079
Department of Health,NHS Shropshire CCG,11/30/2018,C&M-GMS QOF Aspiration,PRC DELEGATED CO-COMMISSIONING,CLEOBURY MORTIMER MEDICAL CENTRE,24799741,6146.60 ,,SA000021079
Department of Health,NHS Shropshire CCG,11/30/2018,C&M-GMS DES Minor Surgery,PRC DELEGATED CO-COMMISSIONING,CLIVE SURGERY,24799743,297.52 ,,SA000021081
Department of Health,NHS Shropshire CCG,11/30/2018,C&M-GMS Global Sum,PRC DELEGATED CO-COMMISSIONING,CLIVE SURGERY,24799743,37052.86 ,,SA000021081
Department of Health,NHS Shropshire CCG,11/30/2018,C&M-GMS MPIG Correction Factor,PRC DELEGATED CO-COMMISSIONING,CLIVE SURGERY,24799743,485.03 ,,SA000021081
Department of Health,NHS Shropshire CCG,11/30/2018,C&M-GMS Prem Notional Rent,PRC DELEGATED CO-COMMISSIONING,CLIVE SURGERY,24799743,2516.66 ,,SA000021081
Department of Health,NHS Shropshire CCG,11/30/2018,C&M-GMS QOF Aspiration,PRC DELEGATED CO-COMMISSIONING,CLIVE SURGERY,24799743,3507.02 ,,SA000021081
Department of Health,NHS Shropshire CCG,11/30/2018,C&M-GMS DES Minor Surgery,PRC DELEGATED CO-COMMISSIONING,DODINGTON SURGERY,24799745,464.43 ,,SA000021083
Department of Health,NHS Shropshire CCG,11/30/2018,C&M-GMS Global Sum,PRC DELEGATED CO-COMMISSIONING,DODINGTON SURGERY,24799745,40497.86 ,,SA000021083
Department of Health,NHS Shropshire CCG,11/30/2018,C&M-GMS Prem Notional Rent,PRC DELEGATED CO-COMMISSIONING,DODINGTON SURGERY,24799745,2497.75 ,,SA000021083
Department of Health,NHS Shropshire CCG,11/30/2018,C&M-GMS QOF Aspiration,PRC DELEGATED CO-COMMISSIONING,DODINGTON SURGERY,24799745,4346.45 ,,SA000021083
Department of Health,NHS Shropshire CCG,11/30/2018,C&M-GMS DES Minor Surgery,PRC DELEGATED CO-COMMISSIONING,DRAYTON MEDICAL PRACTICE,24799747,1473.10 ,,SA000021085
Department of Health,NHS Shropshire CCG,11/30/2018,C&M-GMS Global Sum,PRC DELEGATED CO-COMMISSIONING,DRAYTON MEDICAL PRACTICE,24799747,131295.35 ,,SA000021085
Department of Health,NHS Shropshire CCG,11/30/2018,C&M-GMS LES Medical Fees,LOCAL ENHANCED SERVICES,DRAYTON MEDICAL PRACTICE,24799747,202.24 ,,SA000021085
Department of Health,NHS Shropshire CCG,11/30/2018,C&M-GMS MPIG Correction Factor,PRC DELEGATED CO-COMMISSIONING,DRAYTON MEDICAL PRACTICE,24799747,385.16 ,,SA000021085
Department of Health,NHS Shropshire CCG,11/30/2018,C&M-GMS Prem Actual Rent,PRC DELEGATED CO-COMMISSIONING,DRAYTON MEDICAL PRACTICE,24799747,81019.05 ,,SA000021085
Department of Health,NHS Shropshire CCG,11/30/2018,C&M-GMS QOF Aspiration,PRC DELEGATED CO-COMMISSIONING,DRAYTON MEDICAL PRACTICE,24799747,13738.39 ,,SA000021085
Department of Health,NHS Shropshire CCG,11/30/2018,C&M-GMS DES Minor Surgery,PRC DELEGATED CO-COMMISSIONING,HIGHLEY MEDICAL CENTRE,24799749,343.24 ,,SA000021087
Department of Health,NHS Shropshire CCG,11/30/2018,C&M-GMS Global Sum,PRC DELEGATED CO-COMMISSIONING,HIGHLEY MEDICAL CENTRE,24799749,26117.02 ,,SA000021087
Department of Health,NHS Shropshire CCG,11/30/2018,C&M-GMS Prem Notional Rent,PRC DELEGATED CO-COMMISSIONING,HIGHLEY MEDICAL CENTRE,24799749,1122.92 ,,SA000021087
Department of Health,NHS Shropshire CCG,11/30/2018,C&M-GMS QOF Aspiration,PRC DELEGATED CO-COMMISSIONING,HIGHLEY MEDICAL CENTRE,24799749,2765.71 ,,SA000021087
Department of Health,NHS Shropshire CCG,11/30/2018,C&M-PMS Contract Value,PRC DELEGATED CO-COMMISSIONING,HODNET MEDICAL CENTRE,24799751,29119.75 ,,SA000021089
Department of Health,NHS Shropshire CCG,11/30/2018,C&M-PMS DES Minor Surgery,PRC DELEGATED CO-COMMISSIONING,HODNET MEDICAL CENTRE,24799751,58.05 ,,SA000021089
Department of Health,NHS Shropshire CCG,11/30/2018,C&M-PMS GP Statutory Levy,PRC DELEGATED CO-COMMISSIONING,HODNET MEDICAL CENTRE,24799751,28.29 ,,SA000021089
Department of Health,NHS Shropshire CCG,11/30/2018,C&M-PMS Prem Notional Rent,PRC DELEGATED CO-COMMISSIONING,HODNET MEDICAL CENTRE,24799751,2650.00 ,,SA000021089
Department of Health,NHS Shropshire CCG,11/30/2018,C&M-PMS QOF Aspiration,PRC DELEGATED CO-COMMISSIONING,HODNET MEDICAL CENTRE,24799751,2974.93 ,,SA000021089
Department of Health,NHS Shropshire CCG,11/30/2018,C&M-GMS DES Minor Surgery,PRC DELEGATED CO-COMMISSIONING,KNOCKIN MEDICAL CENTRE,24799753,108.85 ,,SA000021093
Department of Health,NHS Shropshire CCG,11/30/2018,C&M-GMS Global Sum,PRC DELEGATED CO-COMMISSIONING,KNOCKIN MEDICAL CENTRE,24799753,28621.60 ,,SA000021093
Department of Health,NHS Shropshire CCG,11/30/2018,C&M-GMS MPIG Correction Factor,PRC DELEGATED CO-COMMISSIONING,KNOCKIN MEDICAL CENTRE,24799753,648.42 ,,SA000021093
Department of Health,NHS Shropshire CCG,11/30/2018,C&M-GMS PCO Seniority,PRC DELEGATED CO-COMMISSIONING,KNOCKIN MEDICAL CENTRE,24799753,567.64 ,,SA000021093
Department of Health,NHS Shropshire CCG,11/30/2018,C&M-GMS Prem Notional Rent,PRC DELEGATED CO-COMMISSIONING,KNOCKIN MEDICAL CENTRE,24799753,2595.83 ,,SA000021093
Department of Health,NHS Shropshire CCG,11/30/2018,C&M-GMS QOF Aspiration,PRC DELEGATED CO-COMMISSIONING,KNOCKIN MEDICAL CENTRE,24799753,2603.55 ,,SA000021093
Department of Health,NHS Shropshire CCG,11/30/2018,C&M-GMS DES Minor Surgery,PRC DELEGATED CO-COMMISSIONING,MEADOWS MEDICAL PRACTICE,24799755,780.09 ,,SA000021095
Department of Health,NHS Shropshire CCG,11/30/2018,C&M-GMS Global Sum,PRC DELEGATED CO-COMMISSIONING,MEADOWS MEDICAL PRACTICE,24799755,27822.94 ,,SA000021095
Department of Health,NHS Shropshire CCG,11/30/2018,C&M-GMS MPIG Correction Factor,PRC DELEGATED CO-COMMISSIONING,MEADOWS MEDICAL PRACTICE,24799755,780.61 ,,SA000021095
Department of Health,NHS Shropshire CCG,11/30/2018,C&M-GMS PCO Doctors Ret Scheme,PRC DELEGATED CO-COMMISSIONING,MEADOWS MEDICAL PRACTICE,24799755,668.46 ,,SA000021095
Department of Health,NHS Shropshire CCG,11/30/2018,C&M-GMS PCO Seniority,PRC DELEGATED CO-COMMISSIONING,MEADOWS MEDICAL PRACTICE,24799755,440.53 ,,SA000021095
Department of Health,NHS Shropshire CCG,11/30/2018,C&M-GMS Prem Notional Rent,PRC DELEGATED CO-COMMISSIONING,MEADOWS MEDICAL PRACTICE,24799755,1637.50 ,,SA000021095
Department of Health,NHS Shropshire CCG,11/30/2018,C&M-GMS QOF Aspiration,PRC DELEGATED CO-COMMISSIONING,MEADOWS MEDICAL PRACTICE,24799755,2603.96 ,,SA000021095
Department of Health,NHS Shropshire CCG,11/30/2018,C&M-GMS DES Learn Dsblty Hlth Chk,PRC DELEGATED CO-COMMISSIONING,MARYSVILLE MEDICAL PRACTICE,24799757,840.00 ,,SA000021097
Department of Health,NHS Shropshire CCG,11/30/2018,C&M-GMS DES Minor Surgery,PRC DELEGATED CO-COMMISSIONING,MARYSVILLE MEDICAL PRACTICE,24799757,337.43 ,,SA000021097
Department of Health,NHS Shropshire CCG,11/30/2018,C&M-GMS Global Sum,PRC DELEGATED CO-COMMISSIONING,MARYSVILLE MEDICAL PRACTICE,24799757,35813.75 ,,SA000021097
Department of Health,NHS Shropshire CCG,11/30/2018,C&M-GMS MPIG Correction Factor,PRC DELEGATED CO-COMMISSIONING,MARYSVILLE MEDICAL PRACTICE,24799757,1286.97 ,,SA000021097
Department of Health,NHS Shropshire CCG,11/30/2018,C&M-GMS Prem Actual Rent,PRC DELEGATED CO-COMMISSIONING,MARYSVILLE MEDICAL PRACTICE,24799757,34380.00 ,,SA000021097
Department of Health,NHS Shropshire CCG,11/30/2018,C&M-GMS QOF Aspiration,PRC DELEGATED CO-COMMISSIONING,MARYSVILLE MEDICAL PRACTICE,24799757,3442.48 ,,SA000021097
Department of Health,NHS Shropshire CCG,11/30/2018,C&M-GMS DES Extended Hours Access,PRC DELEGATED CO-COMMISSIONING,MARDEN MEDICAL PRACTICE,24799759,1201.12 ,,SA000021099
Department of Health,NHS Shropshire CCG,11/30/2018,C&M-GMS DES Learn Dsblty Hlth Chk,PRC DELEGATED CO-COMMISSIONING,MARDEN MEDICAL PRACTICE,24799759,1400.00 ,,SA000021099
Department of Health,NHS Shropshire CCG,11/30/2018,C&M-GMS DES Minor Surgery,PRC DELEGATED CO-COMMISSIONING,MARDEN MEDICAL PRACTICE,24799759,1523.90 ,,SA000021099
Department of Health,NHS Shropshire CCG,11/30/2018,C&M-GMS Global Sum,PRC DELEGATED CO-COMMISSIONING,MARDEN MEDICAL PRACTICE,24799759,54861.52 ,,SA000021099
Department of Health,NHS Shropshire CCG,11/30/2018,C&M-GMS MPIG Correction Factor,PRC DELEGATED CO-COMMISSIONING,MARDEN MEDICAL PRACTICE,24799759,284.79 ,,SA000021099
Department of Health,NHS Shropshire CCG,11/30/2018,C&M-GMS Prem Notional Rent,PRC DELEGATED CO-COMMISSIONING,MARDEN MEDICAL PRACTICE,24799759,4032.50 ,,SA000021099
Department of Health,NHS Shropshire CCG,11/30/2018,C&M-GMS QOF Aspiration,PRC DELEGATED CO-COMMISSIONING,MARDEN MEDICAL PRACTICE,24799759,6054.45 ,,SA000021099
Department of Health,NHS Shropshire CCG,11/30/2018,C&M-GMS DES Extended Hours Access,PRC DELEGATED CO-COMMISSIONING,MYTTON OAK SURGERY,24799761,1676.59 ,,SA000021101
Department of Health,NHS Shropshire CCG,11/30/2018,C&M-GMS DES Learn Dsblty Hlth Chk,PRC DELEGATED CO-COMMISSIONING,MYTTON OAK SURGERY,24799761,980.00 ,,SA000021101
Department of Health,NHS Shropshire CCG,11/30/2018,C&M-GMS DES Minor Surgery,PRC DELEGATED CO-COMMISSIONING,MYTTON OAK SURGERY,24799761,279.38 ,,SA000021101
Department of Health,NHS Shropshire CCG,11/30/2018,C&M-GMS Global Sum,PRC DELEGATED CO-COMMISSIONING,MYTTON OAK SURGERY,24799761,71077.22 ,,SA000021101
Department of Health,NHS Shropshire CCG,11/30/2018,C&M-GMS MPIG Correction Factor,PRC DELEGATED CO-COMMISSIONING,MYTTON OAK SURGERY,24799761,1583.30 ,,SA000021101
Department of Health,NHS Shropshire CCG,11/30/2018,C&M-GMS Prem Notional Rent,PRC DELEGATED CO-COMMISSIONING,MYTTON OAK SURGERY,24799761,4608.33 ,,SA000021101
Department of Health,NHS Shropshire CCG,11/30/2018,C&M-GMS QOF Aspiration,PRC DELEGATED CO-COMMISSIONING,MYTTON OAK SURGERY,24799761,6998.01 ,,SA000021101
Department of Health,NHS Shropshire CCG,11/30/2018,C&M-GMS DES Minor Surgery,PRC DELEGATED CO-COMMISSIONING,MUCH WENLOCK & CRESSAGE MEDICAL PRACTICE,24799762,566.02 ,,SA000021103
Department of Health,NHS Shropshire CCG,11/30/2018,C&M-GMS Global Sum,PRC DELEGATED CO-COMMISSIONING,MUCH WENLOCK & CRESSAGE MEDICAL PRACTICE,24799762,65602.95 ,,SA000021103
Department of Health,NHS Shropshire CCG,11/30/2018,C&M-GMS MPIG Correction Factor,PRC DELEGATED CO-COMMISSIONING,MUCH WENLOCK & CRESSAGE MEDICAL PRACTICE,24799762,649.81 ,,SA000021103
Department of Health,NHS Shropshire CCG,11/30/2018,C&M-GMS Prem Notional Rent,PRC DELEGATED CO-COMMISSIONING,MUCH WENLOCK & CRESSAGE MEDICAL PRACTICE,24799762,4468.33 ,,SA000021103
Department of Health,NHS Shropshire CCG,11/30/2018,C&M-GMS QOF Aspiration,PRC DELEGATED CO-COMMISSIONING,MUCH WENLOCK & CRESSAGE MEDICAL PRACTICE,24799762,6697.17 ,,SA000021103
Department of Health,NHS Shropshire CCG,11/30/2018,C&M-GMS DES Learn Dsblty Hlth Chk,PRC DELEGATED CO-COMMISSIONING,PRESCOTT SURGERY,24799764,2100.00 ,,SA000021105
Department of Health,NHS Shropshire CCG,11/30/2018,C&M-GMS DES Minor Surgery,PRC DELEGATED CO-COMMISSIONING,PRESCOTT SURGERY,24799764,319.29 ,,SA000021105
Department of Health,NHS Shropshire CCG,11/30/2018,C&M-GMS Global Sum,PRC DELEGATED CO-COMMISSIONING,PRESCOTT SURGERY,24799764,49289.47 ,,SA000021105
Department of Health,NHS Shropshire CCG,11/30/2018,C&M-GMS MPIG Correction Factor,PRC DELEGATED CO-COMMISSIONING,PRESCOTT SURGERY,24799764,761.91 ,,SA000021105
Department of Health,NHS Shropshire CCG,11/30/2018,C&M-GMS Prem Notional Rent,PRC DELEGATED CO-COMMISSIONING,PRESCOTT SURGERY,24799764,2783.33 ,,SA000021105
Department of Health,NHS Shropshire CCG,11/30/2018,C&M-GMS QOF Aspiration,PRC DELEGATED CO-COMMISSIONING,PRESCOTT SURGERY,24799764,4857.78 ,,SA000021105
Department of Health,NHS Shropshire CCG,11/30/2018,C&M-GMS DES Minor Surgery,PRC DELEGATED CO-COMMISSIONING,PLAS FFYNNON MEDICAL CENTRE,24799766,911.44 ,,SA000021107
Department of Health,NHS Shropshire CCG,11/30/2018,C&M-GMS Global Sum,PRC DELEGATED CO-COMMISSIONING,PLAS FFYNNON MEDICAL CENTRE,24799766,65435.97 ,,SA000021107
Department of Health,NHS Shropshire CCG,11/30/2018,C&M-GMS MPIG Correction Factor,PRC DELEGATED CO-COMMISSIONING,PLAS FFYNNON MEDICAL CENTRE,24799766,1422.73 ,,SA000021107
Department of Health,NHS Shropshire CCG,11/30/2018,C&M-GMS Prem Notional Rent,PRC DELEGATED CO-COMMISSIONING,PLAS FFYNNON MEDICAL CENTRE,24799766,11416.67 ,,SA000021107
Department of Health,NHS Shropshire CCG,11/30/2018,C&M-GMS QOF Aspiration,PRC DELEGATED CO-COMMISSIONING,PLAS FFYNNON MEDICAL CENTRE,24799766,7425.73 ,,SA000021107
Department of Health,NHS Shropshire CCG,11/30/2018,C&M-GMS DES Minor Surgery,PRC DELEGATED CO-COMMISSIONING,PONTESBURY MEDICAL PRACTICE,24799768,92.89 ,,SA000021109
Department of Health,NHS Shropshire CCG,11/30/2018,C&M-GMS Global Sum,PRC DELEGATED CO-COMMISSIONING,PONTESBURY MEDICAL PRACTICE,24799768,60203.44 ,,SA000021109
Department of Health,NHS Shropshire CCG,11/30/2018,C&M-GMS MPIG Correction Factor,PRC DELEGATED CO-COMMISSIONING,PONTESBURY MEDICAL PRACTICE,24799768,1017.08 ,,SA000021109
Department of Health,NHS Shropshire CCG,11/30/2018,C&M-GMS Prem Actual Rent,PRC DELEGATED CO-COMMISSIONING,PONTESBURY MEDICAL PRACTICE,24799768,50860.80 ,,SA000021109
Department of Health,NHS Shropshire CCG,11/30/2018,C&M-GMS QOF Aspiration,PRC DELEGATED CO-COMMISSIONING,PONTESBURY MEDICAL PRACTICE,24799768,7330.89 ,,SA000021109
Department of Health,NHS Shropshire CCG,11/30/2018,C&M-GMS DES Extended Hours Access,PRC DELEGATED CO-COMMISSIONING,RADBROOK GREEN SURGERY,24799771,1500.68 ,,SA000021113
Department of Health,NHS Shropshire CCG,11/30/2018,C&M-GMS DES Learn Dsblty Hlth Chk,PRC DELEGATED CO-COMMISSIONING,RADBROOK GREEN SURGERY,24799771,140.00 ,,SA000021113
Department of Health,NHS Shropshire CCG,11/30/2018,C&M-GMS DES Minor Surgery,PRC DELEGATED CO-COMMISSIONING,RADBROOK GREEN SURGERY,24799771,1164.70 ,,SA000021113
Department of Health,NHS Shropshire CCG,11/30/2018,C&M-GMS Global Sum,PRC DELEGATED CO-COMMISSIONING,RADBROOK GREEN SURGERY,24799771,68629.42 ,,SA000021113
Department of Health,NHS Shropshire CCG,11/30/2018,C&M-GMS Other FDR Payment,PRC DELEGATED CO-COMMISSIONING,RADBROOK GREEN SURGERY,24799771,1409.17 ,,SA000021113
Department of Health,NHS Shropshire CCG,11/30/2018,C&M-GMS Prem Notional Rent,PRC DELEGATED CO-COMMISSIONING,RADBROOK GREEN SURGERY,24799771,4966.67 ,,SA000021113
Department of Health,NHS Shropshire CCG,11/30/2018,C&M-GMS QOF Aspiration,PRC DELEGATED CO-COMMISSIONING,RADBROOK GREEN SURGERY,24799771,8857.70 ,,SA000021113
Department of Health,NHS Shropshire CCG,11/30/2018,C&M-GMS DES Learn Dsblty Hlth Chk,PRC DELEGATED CO-COMMISSIONING,RIVERSIDE MEDICAL CENTRE SHREWSBURY,24799773,1120.00 ,,SA000021115
Department of Health,NHS Shropshire CCG,11/30/2018,C&M-GMS DES Minor Surgery,PRC DELEGATED CO-COMMISSIONING,RIVERSIDE MEDICAL CENTRE SHREWSBURY,24799773,351.95 ,,SA000021115
Department of Health,NHS Shropshire CCG,11/30/2018,C&M-GMS Global Sum,PRC DELEGATED CO-COMMISSIONING,RIVERSIDE MEDICAL CENTRE SHREWSBURY,24799773,76011.50 ,,SA000021115
Department of Health,NHS Shropshire CCG,11/30/2018,C&M-GMS PCO Locum Adop/Pat/Mat,PRC DELEGATED CO-COMMISSIONING,RIVERSIDE MEDICAL CENTRE SHREWSBURY,24799773,4790.79 ,,SA000021115
Department of Health,NHS Shropshire CCG,11/30/2018,C&M-GMS QOF Aspiration,PRC DELEGATED CO-COMMISSIONING,RIVERSIDE MEDICAL CENTRE SHREWSBURY,24799773,10152.33 ,,SA000021115
Department of Health,NHS Shropshire CCG,11/30/2018,C&M-GMS DES Extended Hours Access,PRC DELEGATED CO-COMMISSIONING,SOUTH HERMITAGE SURGERY,24799775,1256.53 ,,SA000021117
Department of Health,NHS Shropshire CCG,11/30/2018,C&M-GMS DES Learn Dsblty Hlth Chk,PRC DELEGATED CO-COMMISSIONING,SOUTH HERMITAGE SURGERY,24799775,280.00 ,,SA000021117
Department of Health,NHS Shropshire CCG,11/30/2018,C&M-GMS DES Minor Surgery,PRC DELEGATED CO-COMMISSIONING,SOUTH HERMITAGE SURGERY,24799775,962.96 ,,SA000021117
Department of Health,NHS Shropshire CCG,11/30/2018,C&M-GMS Global Sum,PRC DELEGATED CO-COMMISSIONING,SOUTH HERMITAGE SURGERY,24799775,56093.66 ,,SA000021117
Department of Health,NHS Shropshire CCG,11/30/2018,C&M-GMS Other FDR Payment,PRC DELEGATED CO-COMMISSIONING,SOUTH HERMITAGE SURGERY,24799775,2606.00 ,,SA000021117
Department of Health,NHS Shropshire CCG,11/30/2018,C&M-GMS Prem Notional Rent,PRC DELEGATED CO-COMMISSIONING,SOUTH HERMITAGE SURGERY,24799775,4016.67 ,,SA000021117
Department of Health,NHS Shropshire CCG,11/30/2018,C&M-GMS QOF Aspiration,PRC DELEGATED CO-COMMISSIONING,SOUTH HERMITAGE SURGERY,24799775,6807.72 ,,SA000021117
Department of Health,NHS Shropshire CCG,11/30/2018,C&M-GMS DES Minor Surgery,PRC DELEGATED CO-COMMISSIONING,SHAWBURY MEDICAL PRACTICE,24799777,239.47 ,,SA000021119
Department of Health,NHS Shropshire CCG,11/30/2018,C&M-GMS Global Sum,PRC DELEGATED CO-COMMISSIONING,SHAWBURY MEDICAL PRACTICE,24799777,33583.39 ,,SA000021119
Department of Health,NHS Shropshire CCG,11/30/2018,C&M-GMS MPIG Correction Factor,PRC DELEGATED CO-COMMISSIONING,SHAWBURY MEDICAL PRACTICE,24799777,198.79 ,,SA000021119
Department of Health,NHS Shropshire CCG,11/30/2018,C&M-GMS Prem Cost Rent,PRC DELEGATED CO-COMMISSIONING,SHAWBURY MEDICAL PRACTICE,24799777,3048.33 ,,SA000021119
Department of Health,NHS Shropshire CCG,11/30/2018,C&M-GMS Prem Notional Rent,PRC DELEGATED CO-COMMISSIONING,SHAWBURY MEDICAL PRACTICE,24799777,625.00 ,,SA000021119
Department of Health,NHS Shropshire CCG,11/30/2018,C&M-GMS QOF Aspiration,PRC DELEGATED CO-COMMISSIONING,SHAWBURY MEDICAL PRACTICE,24799777,3415.18 ,,SA000021119
Department of Health,NHS Shropshire CCG,11/30/2018,C&M-GMS DES Extended Hours Access,PRC DELEGATED CO-COMMISSIONING,SHIFNAL & PRIORSLEE MEDICAL PRACTICE,24799779,1653.48 ,,SA000021121
Department of Health,NHS Shropshire CCG,11/30/2018,C&M-GMS DES Minor Surgery,PRC DELEGATED CO-COMMISSIONING,SHIFNAL & PRIORSLEE MEDICAL PRACTICE,24799779,1106.64 ,,SA000021121
Department of Health,NHS Shropshire CCG,11/30/2018,C&M-GMS Global Sum,PRC DELEGATED CO-COMMISSIONING,SHIFNAL & PRIORSLEE MEDICAL PRACTICE,24799779,74498.80 ,,SA000021121
Department of Health,NHS Shropshire CCG,11/30/2018,C&M-GMS MPIG Correction Factor,PRC DELEGATED CO-COMMISSIONING,SHIFNAL & PRIORSLEE MEDICAL PRACTICE,24799779,1026.88 ,,SA000021121
Department of Health,NHS Shropshire CCG,11/30/2018,C&M-GMS Prem Actual Rent,PRC DELEGATED CO-COMMISSIONING,SHIFNAL & PRIORSLEE MEDICAL PRACTICE,24799779,22680.00 ,,SA000021121
Department of Health,NHS Shropshire CCG,11/30/2018,C&M-GMS Prem Notional Rent,PRC DELEGATED CO-COMMISSIONING,SHIFNAL & PRIORSLEE MEDICAL PRACTICE,24799779,2075.00 ,,SA000021121
Department of Health,NHS Shropshire CCG,11/30/2018,C&M-GMS QOF Aspiration,PRC DELEGATED CO-COMMISSIONING,SHIFNAL & PRIORSLEE MEDICAL PRACTICE,24799779,6698.19 ,,SA000021121
Department of Health,NHS Shropshire CCG,11/30/2018,C&M-GMS Global Sum,PRC DELEGATED CO-COMMISSIONING,SHROPSHIRE WALK IN HEALTH CENTRE,24799781,22716.75 ,,SA000021123
Department of Health,NHS Shropshire CCG,11/30/2018,C&M-GMS Other Baseline Adjustment,PRC DELEGATED CO-COMMISSIONING,SHROPSHIRE WALK IN HEALTH CENTRE,24799781,98682.67 ,,SA000021123
Department of Health,NHS Shropshire CCG,11/30/2018,C&M-GMS Prem Actual Rent,PRC DELEGATED CO-COMMISSIONING,SHROPSHIRE WALK IN HEALTH CENTRE,24799781,14415.98 ,,SA000021123
Department of Health,NHS Shropshire CCG,11/30/2018,C&M-GMS QOF Aspiration,PRC DELEGATED CO-COMMISSIONING,SHROPSHIRE WALK IN HEALTH CENTRE,24799781,1658.71 ,,SA000021123
Department of Health,NHS Shropshire CCG,11/30/2018,C&M-GMS DES Extended Hours Access,PRC DELEGATED CO-COMMISSIONING,STATION DRIVE SURGERY,24799783,1300.23 ,,SA000021125
Department of Health,NHS Shropshire CCG,11/30/2018,C&M-GMS DES Minor Surgery,PRC DELEGATED CO-COMMISSIONING,STATION DRIVE SURGERY,24799783,446.29 ,,SA000021125
Department of Health,NHS Shropshire CCG,11/30/2018,C&M-GMS Global Sum,PRC DELEGATED CO-COMMISSIONING,STATION DRIVE SURGERY,24799783,65828.37 ,,SA000021125
Department of Health,NHS Shropshire CCG,11/30/2018,C&M-GMS MPIG Correction Factor,PRC DELEGATED CO-COMMISSIONING,STATION DRIVE SURGERY,24799783,421.60 ,,SA000021125
Department of Health,NHS Shropshire CCG,11/30/2018,C&M-GMS Prem Notional Rent,PRC DELEGATED CO-COMMISSIONING,STATION DRIVE SURGERY,24799783,3875.00 ,,SA000021125
Department of Health,NHS Shropshire CCG,11/30/2018,C&M-GMS QOF Aspiration,PRC DELEGATED CO-COMMISSIONING,STATION DRIVE SURGERY,24799783,9339.86 ,,SA000021125
Department of Health,NHS Shropshire CCG,11/30/2018,C&M-GMS DES Minor Surgery,PRC DELEGATED CO-COMMISSIONING,WEM & PREES MEDICAL PRACTICE,24799785,921.60 ,,SA000021127
Department of Health,NHS Shropshire CCG,11/30/2018,C&M-GMS Global Sum,PRC DELEGATED CO-COMMISSIONING,WEM & PREES MEDICAL PRACTICE,24799785,86793.87 ,,SA000021127
Department of Health,NHS Shropshire CCG,11/30/2018,C&M-GMS MPIG Correction Factor,PRC DELEGATED CO-COMMISSIONING,WEM & PREES MEDICAL PRACTICE,24799785,533.40 ,,SA000021127
Department of Health,NHS Shropshire CCG,11/30/2018,C&M-GMS Prem Notional Rent,PRC DELEGATED CO-COMMISSIONING,WEM & PREES MEDICAL PRACTICE,24799785,4981.25 ,,SA000021127
Department of Health,NHS Shropshire CCG,11/30/2018,C&M-GMS QOF Aspiration,PRC DELEGATED CO-COMMISSIONING,WEM & PREES MEDICAL PRACTICE,24799785,8230.34 ,,SA000021127
Department of Health,NHS Shropshire CCG,11/30/2018,C&M-GMS DES Learn Dsblty Hlth Chk,PRC DELEGATED CO-COMMISSIONING,WESTBURY MEDICAL CENTRE,24799787,140.00 ,,SA000021129
Department of Health,NHS Shropshire CCG,11/30/2018,C&M-GMS DES Minor Surgery,PRC DELEGATED CO-COMMISSIONING,WESTBURY MEDICAL CENTRE,24799787,910.71 ,,SA000021129
Department of Health,NHS Shropshire CCG,11/30/2018,C&M-GMS Global Sum,PRC DELEGATED CO-COMMISSIONING,WESTBURY MEDICAL CENTRE,24799787,23335.63 ,,SA000021129
Department of Health,NHS Shropshire CCG,11/30/2018,C&M-GMS Other FDR Payment,PRC DELEGATED CO-COMMISSIONING,WESTBURY MEDICAL CENTRE,24799787,2116.33 ,,SA000021129
Department of Health,NHS Shropshire CCG,11/30/2018,C&M-GMS Prem Notional Rent,PRC DELEGATED CO-COMMISSIONING,WESTBURY MEDICAL CENTRE,24799787,1790.00 ,,SA000021129
Department of Health,NHS Shropshire CCG,11/30/2018,C&M-GMS QOF Aspiration,PRC DELEGATED CO-COMMISSIONING,WESTBURY MEDICAL CENTRE,24799787,2094.88 ,,SA000021129
Department of Health,NHS Shropshire CCG,11/30/2018,C&M-GMS DES Learn Dsblty Hlth Chk,PRC DELEGATED CO-COMMISSIONING,CAMBRIAN MEDICAL CENTRE,24799789,3500.00 ,,SA000021131
Department of Health,NHS Shropshire CCG,11/30/2018,C&M-GMS DES Minor Surgery,PRC DELEGATED CO-COMMISSIONING,CAMBRIAN MEDICAL CENTRE,24799789,1005.05 ,,SA000021131
Department of Health,NHS Shropshire CCG,11/30/2018,C&M-GMS Global Sum,PRC DELEGATED CO-COMMISSIONING,CAMBRIAN MEDICAL CENTRE,24799789,93446.51 ,,SA000021131
Department of Health,NHS Shropshire CCG,11/30/2018,C&M-GMS MPIG Correction Factor,PRC DELEGATED CO-COMMISSIONING,CAMBRIAN MEDICAL CENTRE,24799789,852.59 ,,SA000021131
Department of Health,NHS Shropshire CCG,11/30/2018,C&M-GMS PCO Seniority,PRC DELEGATED CO-COMMISSIONING,CAMBRIAN MEDICAL CENTRE,24799789,771.00 ,,SA000021131
Department of Health,NHS Shropshire CCG,11/30/2018,C&M-GMS Prem Actual Rent,PRC DELEGATED CO-COMMISSIONING,CAMBRIAN MEDICAL CENTRE,24799789,21999.58 ,,SA000021131
Department of Health,NHS Shropshire CCG,11/30/2018,C&M-GMS Prem Rates,PRC DELEGATED CO-COMMISSIONING,CAMBRIAN MEDICAL CENTRE,24799789,2960.84 ,,SA000021131
Department of Health,NHS Shropshire CCG,11/30/2018,C&M-GMS Prem Water Rates,PRC DELEGATED CO-COMMISSIONING,CAMBRIAN MEDICAL CENTRE,24799789,247.18 ,,SA000021131
Department of Health,NHS Shropshire CCG,11/30/2018,C&M-GMS QOF Aspiration,PRC DELEGATED CO-COMMISSIONING,CAMBRIAN MEDICAL CENTRE,24799789,11850.35 ,,SA000021131
Department of Health,NHS Shropshire CCG,11/30/2018,C&M-GMS DES Minor Surgery,PRC DELEGATED CO-COMMISSIONING,CHURCHMERE MEDICAL GROUP,24799792,2430.99 ,,SA000021135
Department of Health,NHS Shropshire CCG,11/30/2018,C&M-GMS Global Sum,PRC DELEGATED CO-COMMISSIONING,CHURCHMERE MEDICAL GROUP,24799792,132930.07 ,,SA000021135
Department of Health,NHS Shropshire CCG,11/30/2018,C&M-GMS Other Baseline Adjustment,PRC DELEGATED CO-COMMISSIONING,CHURCHMERE MEDICAL GROUP,24799792,10000.00 ,,SA000021135
Department of Health,NHS Shropshire CCG,11/30/2018,C&M-GMS PCO Seniority,PRC DELEGATED CO-COMMISSIONING,CHURCHMERE MEDICAL GROUP,24799792,869.58 ,,SA000021135
Department of Health,NHS Shropshire CCG,11/30/2018,C&M-GMS Prem Notional Rent,PRC DELEGATED CO-COMMISSIONING,CHURCHMERE MEDICAL GROUP,24799792,5825.00 ,,SA000021135
Department of Health,NHS Shropshire CCG,11/30/2018,C&M-GMS QOF Aspiration,PRC DELEGATED CO-COMMISSIONING,CHURCHMERE MEDICAL GROUP,24799792,17676.92 ,,SA000021135
Department of Health,NHS Shropshire CCG,11/30/2018,C&M-GMS DES Extended Hours Access,PRC DELEGATED CO-COMMISSIONING,SEVERN FIELDS HEALTH LTD,24802696,2730.30 ,,SA000021091
Department of Health,NHS Shropshire CCG,11/30/2018,C&M-GMS DES Minor Surgery,PRC DELEGATED CO-COMMISSIONING,SEVERN FIELDS HEALTH LTD,24802696,1389.65 ,,SA000021091
Department of Health,NHS Shropshire CCG,11/30/2018,C&M-GMS Global Sum,PRC DELEGATED CO-COMMISSIONING,SEVERN FIELDS HEALTH LTD,24802696,115006.44 ,,SA000021091
Department of Health,NHS Shropshire CCG,11/30/2018,C&M-GMS MPIG Correction Factor,PRC DELEGATED CO-COMMISSIONING,SEVERN FIELDS HEALTH LTD,24802696,910.70 ,,SA000021091
Department of Health,NHS Shropshire CCG,11/30/2018,C&M-GMS PCO Seniority,PRC DELEGATED CO-COMMISSIONING,SEVERN FIELDS HEALTH LTD,24802696,414.31 ,,SA000021091
Department of Health,NHS Shropshire CCG,11/30/2018,C&M-GMS Prem Actual Rent,PRC DELEGATED CO-COMMISSIONING,SEVERN FIELDS HEALTH LTD,24802696,176591.70 ,,SA000021091
Department of Health,NHS Shropshire CCG,11/30/2018,C&M-GMS QOF Aspiration,PRC DELEGATED CO-COMMISSIONING,SEVERN FIELDS HEALTH LTD,24802696,12514.23 ,,SA000021091
Department of Health,NHS Shropshire CCG,11/30/2018,Hcare Srv Rec Fdtn Trust-Contract Baseline,ACUTE COMMISSIONING,DUDLEY GROUP HOSPITALS NHS FOUNDATION TRUST,24806477,45913.00 ,654919109,1000030893
Department of Health,NHS Shropshire CCG,11/30/2018,Hcare Srv Rec Fdtn Trust-Contract Baseline,ACUTE COMMISSIONING,COUNTESS OF CHESTER HOSPITAL NHS FOUNDATION TRUST,24806482,50472.00 ,654917507,I0092618
Department of Health,NHS Shropshire CCG,11/30/2018,Hcare Srv Rec Fdtn Trust-Contract Baseline,ACUTE COMMISSIONING,UNIVERSITY HOSPITALS BIRMINGHAM NHS FOUNDATION TRUST,24806488,123482.00 ,GB654912816,OPU025771
Department of Health,NHS Shropshire CCG,11/30/2018,Hcare Srv Rec Fdtn Trust-Contract Baseline,ACUTE COMMISSIONING,BIRMINGHAM WOMENS AND CHILDRENS NHS FOUNDATION TRUST,24806493,29183.08 ,654964300,15706942
Department of Health,NHS Shropshire CCG,11/30/2018,Hcare Srv Rec Fdtn Trust-Contract Baseline,ACUTE COMMISSIONING,MID CHESHIRE HOSPITALS NHS FOUNDATION TRUST,24806505,74368.00 ,654929986,0000162132
Department of Health,NHS Shropshire CCG,11/30/2018,Clinical&Medical-Commercial Sector,ACUTE COMMISSIONING,NUFFIELD HEALTH,24806668,58609.00 ,564291137,SHIAP1118
Department of Health,NHS Shropshire CCG,11/30/2018,C&M-GMS DES Extended Hours Access,PRC DELEGATED CO-COMMISSIONING,PORTCULLIS SURGERY,24824994,1256.53 ,,SA000021111
Department of Health,NHS Shropshire CCG,11/30/2018,C&M-GMS DES Minor Surgery,PRC DELEGATED CO-COMMISSIONING,PORTCULLIS SURGERY,24824994,486.92 ,,SA000021111
Department of Health,NHS Shropshire CCG,11/30/2018,C&M-GMS Global Sum,PRC DELEGATED CO-COMMISSIONING,PORTCULLIS SURGERY,24824994,60936.77 ,,SA000021111
Department of Health,NHS Shropshire CCG,11/30/2018,C&M-GMS PCO Locum Sickness,PRC DELEGATED CO-COMMISSIONING,PORTCULLIS SURGERY,24824994,3711.15 ,,SA000021111
Department of Health,NHS Shropshire CCG,11/30/2018,C&M-GMS PCO Seniority,PRC DELEGATED CO-COMMISSIONING,PORTCULLIS SURGERY,24824994,475.85 ,,SA000021111
Department of Health,NHS Shropshire CCG,11/30/2018,C&M-GMS Prem Notional Rent,PRC DELEGATED CO-COMMISSIONING,PORTCULLIS SURGERY,24824994,3502.08 ,,SA000021111
Department of Health,NHS Shropshire CCG,11/30/2018,C&M-GMS QOF Aspiration,PRC DELEGATED CO-COMMISSIONING,PORTCULLIS SURGERY,24824994,7802.33 ,,SA000021111
Department of Health,NHS Shropshire CCG,11/30/2018,Clinical&Medical-Commercial Sector,ACUTE COMMISSIONING,NUFFIELD HEALTH,24837771,58609.00 ,564291137,SHIAP1018
Department of Health,NHS Shropshire CCG,11/30/2018,Hcare Srv Rec Fdtn Trust-Contract Baseline,ACUTE COMMISSIONING,UNIVERSITY HOSPITALS BIRMINGHAM NHS FOUNDATION TRUST,24842648,29032.00 ,GB654912816,OHA004469
Department of Health,NHS Shropshire CCG,11/30/2018,Hcare Srv Rec NHS Trust-Contract Baseline,ACUTE COMMISSIONING,UNIVERSITY HOSPITALS OF NORTH MIDLANDS NHS TRUST,24873234,345284.00 ,654932808,I0008656
Department of Health,NHS Shropshire CCG,11/30/2018,Hcare Srv Rec NHS Trust-Contract Baseline,ACUTE COMMISSIONING,WYE VALLEY NHS TRUST,24873235,365318.33 ,654924904,0000361725
Department of Health,NHS Shropshire CCG,11/30/2018,Clinical&Medical-Devolved Admin'n,NCAS/OATS,HYWEL DDA UNIVERSITY HEALTH BOARD,24873254,47845.00 ,654439658,4053883
Department of Health,NHS Shropshire CCG,11/30/2018,Hcare Srv Rec Fdtn Trust-Contract Baseline,MENTAL HEALTH CONTRACTS,MIDLANDS PARTNERSHIP NHS FOUNDATION TRUST,24873262,2281702.00 ,654407046,I0077119
Department of Health,NHS Shropshire CCG,11/30/2018,Hcare Srv Rec Fdtn Trust-Contract Baseline,Winter Resilience,WEST MIDLANDS AMBULANCE SERVICE NHS FOUNDATION TRUST,24873286,80000.00 ,GB654950708,Y0005232
Department of Health,NHS Shropshire CCG,11/30/2018,Hcare Srv Rec NHS Trust-Contract Baseline,ACUTE COMMISSIONING,WORCESTERSHIRE ACUTE HOSPITALS NHS TRUST,24873289,363890.00 ,654973788,4454431
Department of Health,NHS Shropshire CCG,11/30/2018,Hcare Srv Rec NHS Trust-Contract Baseline,ACUTE COMMISSIONING,ROYAL WOLVERHAMPTON HOSPITALS NHS TRUST (THE),24873293,346768.00 ,654947886,0000222720
Department of Health,NHS Shropshire CCG,11/30/2018,Clinical&Medical-Devolved Admin'n,ACUTE COMMISSIONING,BETSI CADWALADR UNIVERSITY LHB,24873303,432752.00 ,654439560,397125
Department of Health,NHS Shropshire CCG,11/30/2018,Clinical&Medical-Commercial Sector,COMMUNITY SERVICES,INHEALTH PAIN MANAGEMENT SERVICES LTD,24920606,54913.60 ,,PMSIN000088
Department of Health,NHS Shropshire CCG,11/30/2018,Clinical&Medical-Commercial Sector,COMMUNITY SERVICES,INHEALTH PAIN MANAGEMENT SERVICES LTD,24920614,38790.40 ,,PMSIN000133
Department of Health,NHS Shropshire CCG,11/30/2018,Hcare Srv Rec NHS Trust,ACUTE COMMISSIONING,SHREWSBURY&TELFORD HOSPITAL NHS TRUST,24920624,42790.00 ,654939296,10129114
Department of Health,NHS Shropshire CCG,11/30/2018,Clinical&Medical-Commercial Sector,COMMISSIONING SCHEMES,DR STEPHEN MURDOCH,24920638,94060.34 ,,CCG66A
Department of Health,NHS Shropshire CCG,11/30/2018,Clinical&Medical-Commercial Sector,INTERMEDIATE CARE,ENGLISH CARE LTD,24920654,28800.00 ,,EC86
Department of Health,NHS Shropshire CCG,11/30/2018,Clinical&Medical-Commercial Sector,OUT OF HOURS,SHROPSHIRE DOCTORS CO-OP LTD,24957719,25900.68 ,,5276
Department of Health,NHS Shropshire CCG,11/30/2018,Clinical&Medical-Commercial Sector,OUT OF HOURS,SHROPSHIRE DOCTORS CO-OP LTD,24957720,25900.68 ,,5474
Department of Health,NHS Shropshire CCG,11/30/2018,Clinical&Medical-Commercial Sector,COMMUNITY SERVICES,SHROPSHIRE DOCTORS CO-OP LTD,24969833,33002.25 ,,5551
,,,,,,,,,
