Department family,Entity,Date,Expense Type,Expense area,Supplier,Transaction number,AP Amount (�)
Department of Health,NHS Bassetlaw CCG,7/31/2018,Clinical&Medical-Commercial Sector,PATIENT TRANSPORT,ARRIVA TRANSPORT SOLUTIONS,22986345,"$78,035.44 "
Department of Health,NHS Bassetlaw CCG,7/31/2018,Cont Care-Funded Nursing Care Allow,FUNDED NURSING CARE,ASHFIELD CARE LTD,23063897,"$26,288.94 "
Department of Health,NHS Bassetlaw CCG,7/31/2018,Clinical&Medical-Voluntary Sector,COMMUNITY SERVICES,BASSETLAW COMMUNITY & VOLUNTARY SERVICE,23093501,"$50,000.00 "
Department of Health,NHS Bassetlaw CCG,7/31/2018,C&M-GMS DES Extended Hours Access,PRC DELEGATED CO-COMMISSIONING,BRIDGEGATE SURGERY,23082993,"$8,510.73 "
Department of Health,NHS Bassetlaw CCG,7/31/2018,C&M-GMS Global Sum,PRC DELEGATED CO-COMMISSIONING,BRIDGEGATE SURGERY,23082993,"$103,631.99 "
Department of Health,NHS Bassetlaw CCG,7/31/2018,C&M-GMS MPIG Correction Factor,PRC DELEGATED CO-COMMISSIONING,BRIDGEGATE SURGERY,23082993,"$1,205.58 "
Department of Health,NHS Bassetlaw CCG,7/31/2018,C&M-GMS PCO Locum Adop/Pat/Mat,PRC DELEGATED CO-COMMISSIONING,BRIDGEGATE SURGERY,23082993,"$2,100.00 "
Department of Health,NHS Bassetlaw CCG,7/31/2018,C&M-GMS Prem Healthcentre Rent,PRC DELEGATED CO-COMMISSIONING,BRIDGEGATE SURGERY,23082993,"$56,197.26 "
Department of Health,NHS Bassetlaw CCG,7/31/2018,C&M-GMS QOF Aspiration,PRC DELEGATED CO-COMMISSIONING,BRIDGEGATE SURGERY,23082993,"$11,385.83 "
Department of Health,NHS Bassetlaw CCG,7/31/2018,Clinical&Medical-Commercial Sector,ACUTE COMMISSIONING,CARE UK CLINICAL SERVICES LTD,22986597,"$195,149.71 "
Department of Health,NHS Bassetlaw CCG,7/31/2018,Clinical&Medical-Commercial Sector,ACUTE COMMISSIONING,CARE UK CLINICAL SERVICES LTD,23192073,"($92,262.54)"
Department of Health,NHS Bassetlaw CCG,7/31/2018,Clinical&Medical-Commercial Sector,ACUTE COMMISSIONING,CLAREMONT HOSPITAL,22986619,"$78,476.00 "
Department of Health,NHS Bassetlaw CCG,7/31/2018,C&M-PMS Contract Value,PRC DELEGATED CO-COMMISSIONING,CROWN HOUSE SURGERY,22953407,"$95,957.86 "
Department of Health,NHS Bassetlaw CCG,7/31/2018,C&M-PMS DES Extended Hours Access,PRC DELEGATED CO-COMMISSIONING,CROWN HOUSE SURGERY,22953407,"$1,916.63 "
Department of Health,NHS Bassetlaw CCG,7/31/2018,C&M-PMS PCO Locum Adop/Pat/Mat,PRC DELEGATED CO-COMMISSIONING,CROWN HOUSE SURGERY,22953407,"$3,000.00 "
Department of Health,NHS Bassetlaw CCG,7/31/2018,C&M-PMS Prem Healthcentre Rent,PRC DELEGATED CO-COMMISSIONING,CROWN HOUSE SURGERY,22953407,"$45,142.22 "
Department of Health,NHS Bassetlaw CCG,7/31/2018,C&M-PMS QOF Aspiration,PRC DELEGATED CO-COMMISSIONING,CROWN HOUSE SURGERY,22953407,"$10,372.69 "
Department of Health,NHS Bassetlaw CCG,7/31/2018,Hcare Srv Rec Fdtn Trust-CQUIN,ACUTE COMMISSIONING,DONCASTER AND BASSETLAW HOSPITALS NHS FOUNDATION TRUST,22858124,"$61,987.00 "
Department of Health,NHS Bassetlaw CCG,7/31/2018,Hcare Srv Rec Fdtn Trust-Contract Baseline,ACUTE COMMISSIONING,DONCASTER AND BASSETLAW HOSPITALS NHS FOUNDATION TRUST,22858124,"$5,140,642.00 "
Department of Health,NHS Bassetlaw CCG,7/31/2018,Hcare Srv Rec Fdtn Trust-CQUIN,ACUTE COMMISSIONING,DONCASTER AND BASSETLAW HOSPITALS NHS FOUNDATION TRUST,22986371,"$437,569.95 "
Department of Health,NHS Bassetlaw CCG,7/31/2018,Hcare Srv Rec Fdtn Trust-Contract Baseline,ACUTE COMMISSIONING,DONCASTER AND BASSETLAW HOSPITALS NHS FOUNDATION TRUST,22986371,"$450,334.05 "
Department of Health,NHS Bassetlaw CCG,7/31/2018,Hcare Srv Rec Fdtn Trust-CQUIN,ACUTE COMMISSIONING,DONCASTER AND BASSETLAW HOSPITALS NHS FOUNDATION TRUST,23192121,"$61,987.00 "
Department of Health,NHS Bassetlaw CCG,7/31/2018,Hcare Srv Rec Fdtn Trust-Contract Baseline,ACUTE COMMISSIONING,DONCASTER AND BASSETLAW HOSPITALS NHS FOUNDATION TRUST,23192121,"$5,140,642.00 "
Department of Health,NHS Bassetlaw CCG,7/31/2018,C&M-GMS DES Extended Hours Access,PRC DELEGATED CO-COMMISSIONING,DR STEWART & PERKINS,23067273,"$1,919.63 "
Department of Health,NHS Bassetlaw CCG,7/31/2018,C&M-GMS Global Sum,PRC DELEGATED CO-COMMISSIONING,DR STEWART & PERKINS,23067273,"$24,586.99 "
Department of Health,NHS Bassetlaw CCG,7/31/2018,C&M-GMS MPIG Correction Factor,PRC DELEGATED CO-COMMISSIONING,DR STEWART & PERKINS,23067273,$419.03 
Department of Health,NHS Bassetlaw CCG,7/31/2018,C&M-GMS Prem Healthcentre Rent,PRC DELEGATED CO-COMMISSIONING,DR STEWART & PERKINS,23067273,"$1,541.04 "
Department of Health,NHS Bassetlaw CCG,7/31/2018,C&M-GMS Prem Notional Rent,PRC DELEGATED CO-COMMISSIONING,DR STEWART & PERKINS,23067273,$625.00 
Department of Health,NHS Bassetlaw CCG,7/31/2018,C&M-GMS QOF Aspiration,PRC DELEGATED CO-COMMISSIONING,DR STEWART & PERKINS,23067273,"$2,578.50 "
Department of Health,NHS Bassetlaw CCG,7/31/2018,C&M-GMS Cost of Drugs -Dispensing,LOCAL ENHANCED SERVICES,DR STEWART & PERKINS,23184678,"$28,473.44 "
Department of Health,NHS Bassetlaw CCG,7/31/2018,C&M-GMS Prof Fees Dispensing,PRC DELEGATED CO-COMMISSIONING,DR STEWART & PERKINS,23184678,"$6,331.54 "
Department of Health,NHS Bassetlaw CCG,7/31/2018,C&M-GMS PrscrptnChrgsColl&RmttdbyGP,LOCAL ENHANCED SERVICES,DR STEWART & PERKINS,23184678,"$1,117.60 "
Department of Health,NHS Bassetlaw CCG,7/31/2018,Hcare Srv Rec NHS Trust-CQUIN,AMBULANCE SERVICES,EAST MIDLANDS AMBULANCE SERVICE NHS TRUST,22986606,"$4,048.00 "
Department of Health,NHS Bassetlaw CCG,7/31/2018,Hcare Srv Rec NHS Trust-Contract Baseline,AMBULANCE SERVICES,EAST MIDLANDS AMBULANCE SERVICE NHS TRUST,22986606,"$323,823.00 "
Department of Health,NHS Bassetlaw CCG,7/31/2018,Income tax <1Yr,BALANCE SHEET,HMRC,23051984,"$21,680.00 "
Department of Health,NHS Bassetlaw CCG,7/31/2018,Income tax <1Yr-Student Loans,BALANCE SHEET,HMRC,23051984,$201.00 
Department of Health,NHS Bassetlaw CCG,7/31/2018,National Insurance < 1 yr-NI- ERS,BALANCE SHEET,HMRC,23051984,"$16,142.47 "
Department of Health,NHS Bassetlaw CCG,7/31/2018,National Insurance < 1 yr-NI-EES,BALANCE SHEET,HMRC,23051984,"$11,696.31 "
Department of Health,NHS Bassetlaw CCG,7/31/2018,Clinical&Medical-Commercial Sector,IMPROVING ACCESS TO PSYCHOLOGICAL THERAPIES,INSIGHT HEALTHCARE LTD,22986581,"$94,501.90 "
Department of Health,NHS Bassetlaw CCG,7/31/2018,FM Computer Contracts,CONTINUING HEALTHCARE ASSESSMENT & SUPPORT,KIER BUSINESS SERVICES LTD,22933918,$565.20 
Department of Health,NHS Bassetlaw CCG,7/31/2018,FM Computer Contracts,CORPORATE COSTS & SERVICES,KIER BUSINESS SERVICES LTD,22933918,"$9,978.00 "
Department of Health,NHS Bassetlaw CCG,7/31/2018,FM Computer Contracts,PRIMARY CARE IT,KIER BUSINESS SERVICES LTD,22933918,"$26,581.20 "
Department of Health,NHS Bassetlaw CCG,7/31/2018,C&M-PMS Out of Hours Opt Outs,PRC DELEGATED CO-COMMISSIONING,LARWOOD HEALTH PARTNERSHIP,22958466,"($11,227.92)"
Department of Health,NHS Bassetlaw CCG,7/31/2018,ME - PMS TPS Added Years Adj EEs,PRC DELEGATED CO-COMMISSIONING,LARWOOD HEALTH PARTNERSHIP,22958466,($416.83)
Department of Health,NHS Bassetlaw CCG,7/31/2018,ME-PMS GP Pension EEs-PMS,PRC DELEGATED CO-COMMISSIONING,LARWOOD HEALTH PARTNERSHIP,22958466,"($13,542.32)"
Department of Health,NHS Bassetlaw CCG,7/31/2018,ME-PMS GP Pension ERs Adjs - PMS,PRC DELEGATED CO-COMMISSIONING,LARWOOD HEALTH PARTNERSHIP,22958466,"($13,617.22)"
Department of Health,NHS Bassetlaw CCG,7/31/2018,C&M-PMS Contract Value,PRC DELEGATED CO-COMMISSIONING,LARWOOD HEALTH PARTNERSHIP,22958467,"$236,983.83 "
Department of Health,NHS Bassetlaw CCG,7/31/2018,C&M-PMS DES Extended Hours Access,PRC DELEGATED CO-COMMISSIONING,LARWOOD HEALTH PARTNERSHIP,22958467,"$4,607.82 "
Department of Health,NHS Bassetlaw CCG,7/31/2018,C&M-PMS DES Minor Surgery,PRC DELEGATED CO-COMMISSIONING,LARWOOD HEALTH PARTNERSHIP,22958467,"$3,707.94 "
Department of Health,NHS Bassetlaw CCG,7/31/2018,C&M-PMS Prem Healthcentre Rent,PRC DELEGATED CO-COMMISSIONING,LARWOOD HEALTH PARTNERSHIP,22958467,"$8,595.55 "
Department of Health,NHS Bassetlaw CCG,7/31/2018,C&M-PMS Prem Notional Rent,PRC DELEGATED CO-COMMISSIONING,LARWOOD HEALTH PARTNERSHIP,22958467,"$20,937.01 "
Department of Health,NHS Bassetlaw CCG,7/31/2018,C&M-PMS Prem Rates,PRC DELEGATED CO-COMMISSIONING,LARWOOD HEALTH PARTNERSHIP,22958467,"$3,332.00 "
Department of Health,NHS Bassetlaw CCG,7/31/2018,C&M-PMS QOF Aspiration,PRC DELEGATED CO-COMMISSIONING,LARWOOD HEALTH PARTNERSHIP,22958467,"$27,910.33 "
Department of Health,NHS Bassetlaw CCG,7/31/2018,C&M-APMS Contract Value,PRC DELEGATED CO-COMMISSIONING,LARWOOD HEALTH PARTNERSHIP,22958469,"$25,200.42 "
Department of Health,NHS Bassetlaw CCG,7/31/2018,C&M-APMS DES Extended Hours Access,PRC DELEGATED CO-COMMISSIONING,LARWOOD HEALTH PARTNERSHIP,22958469,$563.83 
Department of Health,NHS Bassetlaw CCG,7/31/2018,C&M-APMS DES Minor Surgery,PRC DELEGATED CO-COMMISSIONING,LARWOOD HEALTH PARTNERSHIP,22958469,$298.34 
Department of Health,NHS Bassetlaw CCG,7/31/2018,C&M-APMS Prem Rates,PRC DELEGATED CO-COMMISSIONING,LARWOOD HEALTH PARTNERSHIP,22958469,"$1,308.00 "
Department of Health,NHS Bassetlaw CCG,7/31/2018,C&M-PMS Prem Healthcentre Rent,PRC DELEGATED CO-COMMISSIONING,LARWOOD HEALTH PARTNERSHIP,22958469,"$3,083.33 "
Department of Health,NHS Bassetlaw CCG,7/31/2018,C&M-PMS QOF Aspiration,PRC DELEGATED CO-COMMISSIONING,LARWOOD HEALTH PARTNERSHIP,22958469,"$2,148.72 "
Department of Health,NHS Bassetlaw CCG,7/31/2018,Clinical&Medical-Independent Sector,MENTAL HEALTH SERVICES - SPECIALIST SERVICES,MIDDLETON ST GEORGE PRIORY,22933894,"$26,370.00 "
Department of Health,NHS Bassetlaw CCG,7/31/2018,Clinical&Medical-Commercial Sector,COMMUNITY SERVICES,NEW MEDICAL SYSTEMS LTD,22904288,"$26,392.08 "
Department of Health,NHS Bassetlaw CCG,7/31/2018,C&M-PMS Contract Value,PRC DELEGATED CO-COMMISSIONING,NEWGATE MEDICAL GROUP,22953409,"$242,794.54 "
Department of Health,NHS Bassetlaw CCG,7/31/2018,C&M-PMS Prem Notional Rent,PRC DELEGATED CO-COMMISSIONING,NEWGATE MEDICAL GROUP,22953409,"$13,250.00 "
Department of Health,NHS Bassetlaw CCG,7/31/2018,C&M-PMS Prem Rates,PRC DELEGATED CO-COMMISSIONING,NEWGATE MEDICAL GROUP,22953409,"$6,315.78 "
Department of Health,NHS Bassetlaw CCG,7/31/2018,C&M-PMS QOF Aspiration,PRC DELEGATED CO-COMMISSIONING,NEWGATE MEDICAL GROUP,22953409,"$23,351.30 "
Department of Health,NHS Bassetlaw CCG,7/31/2018,C&M-GMS Global Sum,PRC DELEGATED CO-COMMISSIONING,NORTH LEVERTON SURGERY,23067275,"$23,313.85 "
Department of Health,NHS Bassetlaw CCG,7/31/2018,C&M-GMS MPIG Correction Factor,PRC DELEGATED CO-COMMISSIONING,NORTH LEVERTON SURGERY,23067275,$641.80 
Department of Health,NHS Bassetlaw CCG,7/31/2018,C&M-GMS Prem Notional Rent,PRC DELEGATED CO-COMMISSIONING,NORTH LEVERTON SURGERY,23067275,"$2,470.83 "
Department of Health,NHS Bassetlaw CCG,7/31/2018,C&M-GMS Prem Rates,PRC DELEGATED CO-COMMISSIONING,NORTH LEVERTON SURGERY,23067275,$169.00 
Department of Health,NHS Bassetlaw CCG,7/31/2018,C&M-GMS QOF Aspiration,PRC DELEGATED CO-COMMISSIONING,NORTH LEVERTON SURGERY,23067275,"$2,344.40 "
Department of Health,NHS Bassetlaw CCG,7/31/2018,C&M-GMS Cost of Drugs -Dispensing,LOCAL ENHANCED SERVICES,NORTH LEVERTON SURGERY,23184680,"($47,408.15)"
Department of Health,NHS Bassetlaw CCG,7/31/2018,C&M-GMS PrscChrgsCll&RmttdbyGPCntra,PRC DELEGATED CO-COMMISSIONING,NORTH LEVERTON SURGERY,23184680,"($1,487.20)"
Department of Health,NHS Bassetlaw CCG,7/31/2018,C&M-GMS Cost of Drugs -Dispensing,LOCAL ENHANCED SERVICES,NORTH LEVERTON SURGERY,23184681,"$71,970.52 "
Department of Health,NHS Bassetlaw CCG,7/31/2018,C&M-GMS Prof Fees Dispensing,PRC DELEGATED CO-COMMISSIONING,NORTH LEVERTON SURGERY,23184681,"$15,746.06 "
Department of Health,NHS Bassetlaw CCG,7/31/2018,C&M-GMS PrscrptnChrgsColl&RmttdbyGP,LOCAL ENHANCED SERVICES,NORTH LEVERTON SURGERY,23184681,"$1,487.20 "
Department of Health,NHS Bassetlaw CCG,7/31/2018,Hlthcre-Foundation Trsts,MENTAL HEALTH CONTRACTS,NORTHUMBERLAND TYNE AND WEAR NHS FOUNDATION TRUST,22986383,"$65,436.66 "
Department of Health,NHS Bassetlaw CCG,7/31/2018,Hcare Srv Rec NHS Trust-CQUIN,ACUTE COMMISSIONING,NOTTINGHAM UNIVERSITY HOSPITALS NHS TRUST,23008818,"$1,089.00 "
Department of Health,NHS Bassetlaw CCG,7/31/2018,Hcare Srv Rec NHS Trust-Contract Baseline,ACUTE COMMISSIONING,NOTTINGHAM UNIVERSITY HOSPITALS NHS TRUST,23008818,"$44,951.00 "
Department of Health,NHS Bassetlaw CCG,7/31/2018,Clinical&Medical-Othe Public Sector,PROGRAMME PROJECTS,NOTTINGHAMSHIRE COUNTY COUNCIL,22858140,"$248,505.00 "
Department of Health,NHS Bassetlaw CCG,7/31/2018,Clinical&Medical-Othe Public Sector,PROGRAMME PROJECTS,NOTTINGHAMSHIRE COUNTY COUNCIL,23255743,"$248,505.00 "
Department of Health,NHS Bassetlaw CCG,7/31/2018,Hcare Srv Rec Fdtn Trust-CQUIN,COMMUNITY SERVICES,NOTTINGHAMSHIRE HEALTHCARE NHS TRUST,22986364,"($23,700.33)"
Department of Health,NHS Bassetlaw CCG,7/31/2018,Hcare Srv Rec Fdtn Trust-Contract Baseline,COMMUNITY SERVICES,NOTTINGHAMSHIRE HEALTHCARE NHS TRUST,22986364,"$926,025.41 "
Department of Health,NHS Bassetlaw CCG,7/31/2018,Hcare Srv Rec Fdtn Trust-Contract Baseline,OUT OF HOURS,NOTTINGHAMSHIRE HEALTHCARE NHS TRUST,22986364,"$76,112.92 "
Department of Health,NHS Bassetlaw CCG,7/31/2018,Hcare Srv Rec Fdtn Trust-CQUIN,MENTAL HEALTH CONTRACTS,NOTTINGHAMSHIRE HEALTHCARE NHS TRUST,22986390,"$21,500.00 "
Department of Health,NHS Bassetlaw CCG,7/31/2018,Hcare Srv Rec Fdtn Trust-Contract Baseline,MENTAL HEALTH CONTRACTS,NOTTINGHAMSHIRE HEALTHCARE NHS TRUST,22986390,"$962,278.67 "
Department of Health,NHS Bassetlaw CCG,7/31/2018,Hlthcre-Foundation Trsts,MENTAL HEALTH CONTRACTS,NOTTINGHAMSHIRE HEALTHCARE NHS TRUST,23255036,"$195,906.00 "
Department of Health,NHS Bassetlaw CCG,7/31/2018,Hlthcre-Foundation Trsts,MENTAL HEALTH CONTRACTS,NOTTINGHAMSHIRE HEALTHCARE NHS TRUST,23255043,"$51,734.40 "
Department of Health,NHS Bassetlaw CCG,7/31/2018,Clinical&Medical-Commercial Sector,ACUTE COMMISSIONING,PARK HILL HOSPITAL,22971761,"$29,938.25 "
Department of Health,NHS Bassetlaw CCG,7/31/2018,C&M-GMS Cost of Drugs -Dispensing,LOCAL ENHANCED SERVICES,RIVERSIDE HEALTH CENTRE TONGE J & PARTNERS,23067277,"$12,603.09 "
Department of Health,NHS Bassetlaw CCG,7/31/2018,C&M-GMS DES Extended Hours Access,PRC DELEGATED CO-COMMISSIONING,RIVERSIDE HEALTH CENTRE TONGE J & PARTNERS,23067277,"$11,629.27 "
Department of Health,NHS Bassetlaw CCG,7/31/2018,C&M-GMS Global Sum,PRC DELEGATED CO-COMMISSIONING,RIVERSIDE HEALTH CENTRE TONGE J & PARTNERS,23067277,"$140,910.75 "
Department of Health,NHS Bassetlaw CCG,7/31/2018,C&M-GMS Prem Actual Rent,PRC DELEGATED CO-COMMISSIONING,RIVERSIDE HEALTH CENTRE TONGE J & PARTNERS,23067277,"$11,760.00 "
Department of Health,NHS Bassetlaw CCG,7/31/2018,C&M-GMS Prem Clinical Waste,PRC DELEGATED CO-COMMISSIONING,RIVERSIDE HEALTH CENTRE TONGE J & PARTNERS,23067277,$476.41 
Department of Health,NHS Bassetlaw CCG,7/31/2018,C&M-GMS Prem Healthcentre Rent,PRC DELEGATED CO-COMMISSIONING,RIVERSIDE HEALTH CENTRE TONGE J & PARTNERS,23067277,"$8,764.09 "
Department of Health,NHS Bassetlaw CCG,7/31/2018,C&M-GMS Prem Notional Rent,PRC DELEGATED CO-COMMISSIONING,RIVERSIDE HEALTH CENTRE TONGE J & PARTNERS,23067277,"$6,033.34 "
Department of Health,NHS Bassetlaw CCG,7/31/2018,C&M-GMS Prem Rates,PRC DELEGATED CO-COMMISSIONING,RIVERSIDE HEALTH CENTRE TONGE J & PARTNERS,23067277,"$3,567.00 "
Department of Health,NHS Bassetlaw CCG,7/31/2018,C&M-GMS Prem Water Rates,PRC DELEGATED CO-COMMISSIONING,RIVERSIDE HEALTH CENTRE TONGE J & PARTNERS,23067277,$180.18 
Department of Health,NHS Bassetlaw CCG,7/31/2018,C&M-GMS Prof Fees Dispensing,PRC DELEGATED CO-COMMISSIONING,RIVERSIDE HEALTH CENTRE TONGE J & PARTNERS,23067277,"$4,568.18 "
Department of Health,NHS Bassetlaw CCG,7/31/2018,C&M-GMS QOF Aspiration,PRC DELEGATED CO-COMMISSIONING,RIVERSIDE HEALTH CENTRE TONGE J & PARTNERS,23067277,"$14,131.87 "
Department of Health,NHS Bassetlaw CCG,7/31/2018,ME-GMS GP Pension EEs Adjustments,PRC DELEGATED CO-COMMISSIONING,RIVERSIDE HEALTH CENTRE TONGE J & PARTNERS,23067277,$592.34 
Department of Health,NHS Bassetlaw CCG,7/31/2018,ME-GMS GP Pension ERs Adjustments,PRC DELEGATED CO-COMMISSIONING,RIVERSIDE HEALTH CENTRE TONGE J & PARTNERS,23067277,$299.50 
Department of Health,NHS Bassetlaw CCG,7/31/2018,C&M-GMS Cost of Drugs -Dispensing,LOCAL ENHANCED SERVICES,RIVERSIDE HEALTH CENTRE TONGE J & PARTNERS,23184682,"($38,333.80)"
Department of Health,NHS Bassetlaw CCG,7/31/2018,C&M-GMS PrscChrgsCll&RmttdbyGPCntra,PRC DELEGATED CO-COMMISSIONING,RIVERSIDE HEALTH CENTRE TONGE J & PARTNERS,23184682,"($1,504.80)"
Department of Health,NHS Bassetlaw CCG,7/31/2018,C&M-GMS Cost of Drugs -Dispensing,LOCAL ENHANCED SERVICES,RIVERSIDE HEALTH CENTRE TONGE J & PARTNERS,23203404,"$42,038.27 "
Department of Health,NHS Bassetlaw CCG,7/31/2018,C&M-GMS Prof Fees Dispensing,PRC DELEGATED CO-COMMISSIONING,RIVERSIDE HEALTH CENTRE TONGE J & PARTNERS,23203404,"$10,121.02 "
Department of Health,NHS Bassetlaw CCG,7/31/2018,C&M-GMS PrscrptnChrgsColl&RmttdbyGP,LOCAL ENHANCED SERVICES,RIVERSIDE HEALTH CENTRE TONGE J & PARTNERS,23203404,"$1,504.80 "
Department of Health,NHS Bassetlaw CCG,7/31/2018,Hlthcre-Foundation Trsts,LONG TERM CONDITIONS,ROTHERHAM DONCASTER & SOUTH HUMBER MENTAL HEALTH NHS FOUNDATION TRUST,23008834,"$30,224.30 "
Department of Health,NHS Bassetlaw CCG,7/31/2018,Hcare Srv Rec Fdtn Trust-CQUIN,ACUTE COMMISSIONING,ROTHERHAM NHS FOUNDATION TRUST,22986378,$630.00 
Department of Health,NHS Bassetlaw CCG,7/31/2018,Hcare Srv Rec Fdtn Trust-Contract Baseline,ACUTE COMMISSIONING,ROTHERHAM NHS FOUNDATION TRUST,22986378,"$49,733.00 "
Department of Health,NHS Bassetlaw CCG,7/31/2018,Hcare Srv Rec Fdtn Trust-CQUIN,ACUTE COMMISSIONING,SHEFFIELD CHILDRENS NHS FOUNDATION TRUST,22986165,$645.44 
Department of Health,NHS Bassetlaw CCG,7/31/2018,Hcare Srv Rec Fdtn Trust-Contract Baseline,ACUTE COMMISSIONING,SHEFFIELD CHILDRENS NHS FOUNDATION TRUST,22986165,"$51,635.38 "
Department of Health,NHS Bassetlaw CCG,7/31/2018,Hcare Srv Rec Fdtn Trust-Contract Baseline,ACUTE COMMISSIONING,SHEFFIELD TEACHING HOSPITALS NHS FOUNDATION TRUST,22986496,"$434,996.00 "
Department of Health,NHS Bassetlaw CCG,7/31/2018,Hcare Srv Rec Fdtn Trust-Contract Baseline,ACUTE COMMISSIONING,SHEFFIELD TEACHING HOSPITALS NHS FOUNDATION TRUST,22986518,"$62,150.00 "
Department of Health,NHS Bassetlaw CCG,7/31/2018,Hcare Srv Rec Fdtn Trust-CQUIN,ACUTE COMMISSIONING,SHERWOOD FOREST HOSPITALS NHS FOUNDATION TRUST,22904337,"$1,683.83 "
Department of Health,NHS Bassetlaw CCG,7/31/2018,Hcare Srv Rec Fdtn Trust-Contract Baseline,ACUTE COMMISSIONING,SHERWOOD FOREST HOSPITALS NHS FOUNDATION TRUST,22904337,"$67,336.00 "
Department of Health,NHS Bassetlaw CCG,7/31/2018,C&M-GMS Global Sum,PRC DELEGATED CO-COMMISSIONING,TUXFORD MEDICAL CENTRE,23067279,"$41,288.24 "
Department of Health,NHS Bassetlaw CCG,7/31/2018,C&M-GMS PCO Other,PRC DELEGATED CO-COMMISSIONING,TUXFORD MEDICAL CENTRE,23067279,$361.33 
Department of Health,NHS Bassetlaw CCG,7/31/2018,C&M-GMS Prem Notional Rent,PRC DELEGATED CO-COMMISSIONING,TUXFORD MEDICAL CENTRE,23067279,"$3,437.50 "
Department of Health,NHS Bassetlaw CCG,7/31/2018,C&M-GMS Prem Rates,PRC DELEGATED CO-COMMISSIONING,TUXFORD MEDICAL CENTRE,23067279,$568.00 
Department of Health,NHS Bassetlaw CCG,7/31/2018,C&M-GMS QOF Aspiration,PRC DELEGATED CO-COMMISSIONING,TUXFORD MEDICAL CENTRE,23067279,"$3,856.00 "
Department of Health,NHS Bassetlaw CCG,7/31/2018,C&M-GMS Cost of Drugs -Dispensing,LOCAL ENHANCED SERVICES,TUXFORD MEDICAL CENTRE,23184683,"($29,955.15)"
Department of Health,NHS Bassetlaw CCG,7/31/2018,C&M-GMS PrscChrgsCll&RmttdbyGPCntra,PRC DELEGATED CO-COMMISSIONING,TUXFORD MEDICAL CENTRE,23184683,"($1,865.60)"
Department of Health,NHS Bassetlaw CCG,7/31/2018,C&M-GMS Cost of Drugs -Dispensing,LOCAL ENHANCED SERVICES,TUXFORD MEDICAL CENTRE,23184684,"$52,310.25 "
Department of Health,NHS Bassetlaw CCG,7/31/2018,C&M-GMS Prof Fees Dispensing,PRC DELEGATED CO-COMMISSIONING,TUXFORD MEDICAL CENTRE,23184684,"$10,422.13 "
Department of Health,NHS Bassetlaw CCG,7/31/2018,C&M-GMS PrscrptnChrgsColl&RmttdbyGP,LOCAL ENHANCED SERVICES,TUXFORD MEDICAL CENTRE,23184684,"$1,865.60 "
Department of Health,NHS Bassetlaw CCG,7/31/2018,Hcare Srv Rec NHS Trust-CQUIN,ACUTE COMMISSIONING,UNITED LINCOLNSHIRE HOSPITALS NHS TRUST,22971724,$433.54 
Department of Health,NHS Bassetlaw CCG,7/31/2018,Hcare Srv Rec NHS Trust-Contract Baseline,ACUTE COMMISSIONING,UNITED LINCOLNSHIRE HOSPITALS NHS TRUST,22971724,"$36,780.42 "
