Department family,Entity,Date,Expense Type,Expense area,Supplier,Transaction number,AP Amount (�)
Department of Health,NHS Bassetlaw CCG,10/31/2018,Clinical&Medical-Commercial Sector,PATIENT TRANSPORT,ARRIVA TRANSPORT SOLUTIONS,24137642,"$77,798.65 "
Department of Health,NHS Bassetlaw CCG,10/31/2018,Cont Care-Funded Nursing Care Allow,FUNDED NURSING CARE,ASHFIELD CARE LTD,24218013,"$25,633.69 "
Department of Health,NHS Bassetlaw CCG,10/31/2018,Clinical&Medical-Voluntary Sector,COMMUNITY SERVICES,BASSETLAW COMMUNITY & VOLUNTARY SERVICE,24102278,"$54,800.00 "
Department of Health,NHS Bassetlaw CCG,10/31/2018,C&M-GMS GP Statutory Levy,PRC DELEGATED CO-COMMISSIONING,BRIDGEGATE SURGERY,24332129,($435.57)
Department of Health,NHS Bassetlaw CCG,10/31/2018,C&M-GMS MPIG Correction Factor,PRC DELEGATED CO-COMMISSIONING,BRIDGEGATE SURGERY,24332129,($64.44)
Department of Health,NHS Bassetlaw CCG,10/31/2018,C&M-GMS Voluntary Levy,PRC DELEGATED CO-COMMISSIONING,BRIDGEGATE SURGERY,24332129,($66.08)
Department of Health,NHS Bassetlaw CCG,10/31/2018,ME - GMS GP Prior Year ERs,PRC DELEGATED CO-COMMISSIONING,BRIDGEGATE SURGERY,24332129,"($9,695.39)"
Department of Health,NHS Bassetlaw CCG,10/31/2018,ME - GMS TPS Added Years Adj EEs,PRC DELEGATED CO-COMMISSIONING,BRIDGEGATE SURGERY,24332129,($404.94)
Department of Health,NHS Bassetlaw CCG,10/31/2018,ME-GMS GP Pension EEs,PRC DELEGATED CO-COMMISSIONING,BRIDGEGATE SURGERY,24332129,"($7,041.18)"
Department of Health,NHS Bassetlaw CCG,10/31/2018,ME-GMS GP Pension ERs Adjustments,PRC DELEGATED CO-COMMISSIONING,BRIDGEGATE SURGERY,24332129,"($7,227.12)"
Department of Health,NHS Bassetlaw CCG,10/31/2018,ME-GMS GP Prior Year EEs,PRC DELEGATED CO-COMMISSIONING,BRIDGEGATE SURGERY,24332129,"($9,055.58)"
Department of Health,NHS Bassetlaw CCG,10/31/2018,C&M-GMS DES Extended Hours Access,PRC DELEGATED CO-COMMISSIONING,BRIDGEGATE SURGERY,24332130,"$2,127.68 "
Department of Health,NHS Bassetlaw CCG,10/31/2018,C&M-GMS DES Minor Surgery,PRC DELEGATED CO-COMMISSIONING,BRIDGEGATE SURGERY,24332130,"$3,153.88 "
Department of Health,NHS Bassetlaw CCG,10/31/2018,C&M-GMS Global Sum,PRC DELEGATED CO-COMMISSIONING,BRIDGEGATE SURGERY,24332130,"$111,973.10 "
Department of Health,NHS Bassetlaw CCG,10/31/2018,C&M-GMS MPIG Correction Factor,PRC DELEGATED CO-COMMISSIONING,BRIDGEGATE SURGERY,24332130,"$1,205.58 "
Department of Health,NHS Bassetlaw CCG,10/31/2018,C&M-GMS Prem Healthcentre Rent,PRC DELEGATED CO-COMMISSIONING,BRIDGEGATE SURGERY,24332130,"$56,197.26 "
Department of Health,NHS Bassetlaw CCG,10/31/2018,C&M-GMS QOF Aspiration,PRC DELEGATED CO-COMMISSIONING,BRIDGEGATE SURGERY,24332130,"$11,385.83 "
Department of Health,NHS Bassetlaw CCG,10/31/2018,ME - GMS GP Prior Year ERs,PRC DELEGATED CO-COMMISSIONING,BRIDGEGATE SURGERY,24332130,"$4,552.43 "
Department of Health,NHS Bassetlaw CCG,10/31/2018,ME-GMS GP Prior Year EEs,PRC DELEGATED CO-COMMISSIONING,BRIDGEGATE SURGERY,24332130,"$3,288.39 "
Department of Health,NHS Bassetlaw CCG,10/31/2018,Clinical&Medical-Commercial Sector,ACUTE COMMISSIONING,CARE UK CLINICAL SERVICES LTD,24228590,"$195,149.71 "
Department of Health,NHS Bassetlaw CCG,10/31/2018,Clinical&Medical-Commercial Sector,ACUTE COMMISSIONING,CARE UK CLINICAL SERVICES LTD,24248621,"($78,293.67)"
Department of Health,NHS Bassetlaw CCG,10/31/2018,Clinical&Medical-Commercial Sector,ACUTE COMMISSIONING,CARE UK CLINICAL SERVICES LTD,24437508,"($61,822.02)"
Department of Health,NHS Bassetlaw CCG,10/31/2018,Clinical&Medical-Commercial Sector,ACUTE COMMISSIONING,CLAREMONT HOSPITAL,24228745,"$78,476.00 "
Department of Health,NHS Bassetlaw CCG,10/31/2018,C&M-PMS Contract Value,PRC DELEGATED CO-COMMISSIONING,CROWN HOUSE SURGERY,24212853,"$106,935.75 "
Department of Health,NHS Bassetlaw CCG,10/31/2018,C&M-PMS DES Extended Hours Access,PRC DELEGATED CO-COMMISSIONING,CROWN HOUSE SURGERY,24212853,"$1,916.63 "
Department of Health,NHS Bassetlaw CCG,10/31/2018,C&M-PMS DES Minor Surgery,PRC DELEGATED CO-COMMISSIONING,CROWN HOUSE SURGERY,24212853,$895.02 
Department of Health,NHS Bassetlaw CCG,10/31/2018,C&M-PMS PCO Locum Adop/Pat/Mat,PRC DELEGATED CO-COMMISSIONING,CROWN HOUSE SURGERY,24212853,"$6,258.30 "
Department of Health,NHS Bassetlaw CCG,10/31/2018,C&M-PMS Prem Healthcentre Rent,PRC DELEGATED CO-COMMISSIONING,CROWN HOUSE SURGERY,24212853,"$45,142.22 "
Department of Health,NHS Bassetlaw CCG,10/31/2018,C&M-PMS QOF Aspiration,PRC DELEGATED CO-COMMISSIONING,CROWN HOUSE SURGERY,24212853,"$10,372.69 "
Department of Health,NHS Bassetlaw CCG,10/31/2018,Hcare Srv Rec Fdtn Trust-CQUIN,ACUTE COMMISSIONING,DONCASTER AND BASSETLAW HOSPITALS NHS FOUNDATION TRUST,24352715,"$61,987.00 "
Department of Health,NHS Bassetlaw CCG,10/31/2018,Hcare Srv Rec Fdtn Trust-Contract Baseline,ACUTE COMMISSIONING,DONCASTER AND BASSETLAW HOSPITALS NHS FOUNDATION TRUST,24352715,"$5,140,642.00 "
Department of Health,NHS Bassetlaw CCG,10/31/2018,C&M-GMS DES Extended Hours Access,PRC DELEGATED CO-COMMISSIONING,DR STEWART & PERKINS,24332132,$479.91 
Department of Health,NHS Bassetlaw CCG,10/31/2018,C&M-GMS Global Sum,PRC DELEGATED CO-COMMISSIONING,DR STEWART & PERKINS,24332132,"$26,803.90 "
Department of Health,NHS Bassetlaw CCG,10/31/2018,C&M-GMS MPIG Correction Factor,PRC DELEGATED CO-COMMISSIONING,DR STEWART & PERKINS,24332132,$419.03 
Department of Health,NHS Bassetlaw CCG,10/31/2018,C&M-GMS Prem Healthcentre Rent,PRC DELEGATED CO-COMMISSIONING,DR STEWART & PERKINS,24332132,"$1,541.04 "
Department of Health,NHS Bassetlaw CCG,10/31/2018,C&M-GMS Prem Notional Rent,PRC DELEGATED CO-COMMISSIONING,DR STEWART & PERKINS,24332132,$625.00 
Department of Health,NHS Bassetlaw CCG,10/31/2018,C&M-GMS QOF Aspiration,PRC DELEGATED CO-COMMISSIONING,DR STEWART & PERKINS,24332132,"$2,578.50 "
Department of Health,NHS Bassetlaw CCG,10/31/2018,C&M-GMS Cost of Drugs -Dispensing,LOCAL ENHANCED SERVICES,DR STEWART & PERKINS,24455289,"$24,741.04 "
Department of Health,NHS Bassetlaw CCG,10/31/2018,C&M-GMS Prof Fees Dispensing,PRC DELEGATED CO-COMMISSIONING,DR STEWART & PERKINS,24455289,"$5,051.27 "
Department of Health,NHS Bassetlaw CCG,10/31/2018,C&M-GMS PrscrptnChrgsColl&RmttdbyGP,LOCAL ENHANCED SERVICES,DR STEWART & PERKINS,24455289,$783.20 
Department of Health,NHS Bassetlaw CCG,10/31/2018,Hcare Srv Rec NHS Trust-CQUIN,AMBULANCE SERVICES,EAST MIDLANDS AMBULANCE SERVICE NHS TRUST,24137691,"$4,048.00 "
Department of Health,NHS Bassetlaw CCG,10/31/2018,Hcare Srv Rec NHS Trust-Contract Baseline,AMBULANCE SERVICES,EAST MIDLANDS AMBULANCE SERVICE NHS TRUST,24137691,"$323,823.00 "
Department of Health,NHS Bassetlaw CCG,10/31/2018,Hcare Srv Rec NHS Trust-Contract Baseline,AMBULANCE SERVICES,EAST MIDLANDS AMBULANCE SERVICE NHS TRUST,24228777,"$37,918.00 "
Department of Health,NHS Bassetlaw CCG,10/31/2018,Income tax <1Yr,BALANCE SHEET,HMRC,24276011,"$23,509.60 "
Department of Health,NHS Bassetlaw CCG,10/31/2018,National Insurance < 1 yr-NI- ERS,BALANCE SHEET,HMRC,24276011,"$17,121.35 "
Department of Health,NHS Bassetlaw CCG,10/31/2018,National Insurance < 1 yr-NI-EES,BALANCE SHEET,HMRC,24276011,"$12,174.43 "
Department of Health,NHS Bassetlaw CCG,10/31/2018,Hcare Srv Rec NHS Trust-Non Contract,NCAS/OATS,IMPERIAL COLLEGE HEALTHCARE NHS TRUST,24460693,"$27,955.81 "
Department of Health,NHS Bassetlaw CCG,10/31/2018,Clinical&Medical-Commercial Sector,IMPROVING ACCESS TO PSYCHOLOGICAL THERAPIES,INSIGHT HEALTHCARE LTD,24137671,"$94,501.90 "
Department of Health,NHS Bassetlaw CCG,10/31/2018,FM Computer Contracts,CONTINUING HEALTHCARE ASSESSMENT & SUPPORT,KIER BUSINESS SERVICES LTD,24248563,$188.40 
Department of Health,NHS Bassetlaw CCG,10/31/2018,FM Computer Contracts,CORPORATE COSTS & SERVICES,KIER BUSINESS SERVICES LTD,24248563,"$12,567.60 "
Department of Health,NHS Bassetlaw CCG,10/31/2018,FM Computer Contracts,PRIMARY CARE IT,KIER BUSINESS SERVICES LTD,24248563,"$24,368.40 "
Department of Health,NHS Bassetlaw CCG,10/31/2018,C&M-PMS Out of Hours Opt Outs,PRC DELEGATED CO-COMMISSIONING,LARWOOD HEALTH PARTNERSHIP,24217848,"($12,428.14)"
Department of Health,NHS Bassetlaw CCG,10/31/2018,ME - PMS GP Prior Year ERs,PRC DELEGATED CO-COMMISSIONING,LARWOOD HEALTH PARTNERSHIP,24217848,($50.06)
Department of Health,NHS Bassetlaw CCG,10/31/2018,ME - PMS TPS Added Years Adj EEs,PRC DELEGATED CO-COMMISSIONING,LARWOOD HEALTH PARTNERSHIP,24217848,($416.83)
Department of Health,NHS Bassetlaw CCG,10/31/2018,ME-PMS GP Pension EEs-PMS,PRC DELEGATED CO-COMMISSIONING,LARWOOD HEALTH PARTNERSHIP,24217848,"($14,703.49)"
Department of Health,NHS Bassetlaw CCG,10/31/2018,ME-PMS GP Pension ERs Adjs - PMS,PRC DELEGATED CO-COMMISSIONING,LARWOOD HEALTH PARTNERSHIP,24217848,"($14,768.78)"
Department of Health,NHS Bassetlaw CCG,10/31/2018,ME-PMS GP Prior Year EEs,PRC DELEGATED CO-COMMISSIONING,LARWOOD HEALTH PARTNERSHIP,24217848,($47.24)
Department of Health,NHS Bassetlaw CCG,10/31/2018,C&M-PMS Contract Value,PRC DELEGATED CO-COMMISSIONING,LARWOOD HEALTH PARTNERSHIP,24217849,"$263,251.39 "
Department of Health,NHS Bassetlaw CCG,10/31/2018,C&M-PMS DES Extended Hours Access,PRC DELEGATED CO-COMMISSIONING,LARWOOD HEALTH PARTNERSHIP,24217849,"$4,607.82 "
Department of Health,NHS Bassetlaw CCG,10/31/2018,C&M-PMS DES Minor Surgery,PRC DELEGATED CO-COMMISSIONING,LARWOOD HEALTH PARTNERSHIP,24217849,"$4,816.06 "
Department of Health,NHS Bassetlaw CCG,10/31/2018,C&M-PMS Prem Healthcentre Rent,PRC DELEGATED CO-COMMISSIONING,LARWOOD HEALTH PARTNERSHIP,24217849,"$8,595.55 "
Department of Health,NHS Bassetlaw CCG,10/31/2018,C&M-PMS Prem Notional Rent,PRC DELEGATED CO-COMMISSIONING,LARWOOD HEALTH PARTNERSHIP,24217849,"$20,937.01 "
Department of Health,NHS Bassetlaw CCG,10/31/2018,C&M-PMS Prem Rates,PRC DELEGATED CO-COMMISSIONING,LARWOOD HEALTH PARTNERSHIP,24217849,"$3,332.00 "
Department of Health,NHS Bassetlaw CCG,10/31/2018,C&M-PMS Prem Water Rates,PRC DELEGATED CO-COMMISSIONING,LARWOOD HEALTH PARTNERSHIP,24217849,$307.91 
Department of Health,NHS Bassetlaw CCG,10/31/2018,C&M-PMS QOF Aspiration,PRC DELEGATED CO-COMMISSIONING,LARWOOD HEALTH PARTNERSHIP,24217849,"$27,910.33 "
Department of Health,NHS Bassetlaw CCG,10/31/2018,C&M-APMS Contract Value,PRC DELEGATED CO-COMMISSIONING,LARWOOD HEALTH PARTNERSHIP,24217852,"$27,946.41 "
Department of Health,NHS Bassetlaw CCG,10/31/2018,C&M-APMS DES Extended Hours Access,PRC DELEGATED CO-COMMISSIONING,LARWOOD HEALTH PARTNERSHIP,24217852,$563.83 
Department of Health,NHS Bassetlaw CCG,10/31/2018,C&M-APMS DES Minor Surgery,PRC DELEGATED CO-COMMISSIONING,LARWOOD HEALTH PARTNERSHIP,24217852,$298.34 
Department of Health,NHS Bassetlaw CCG,10/31/2018,C&M-APMS DES Violent Patients,PRC DELEGATED CO-COMMISSIONING,LARWOOD HEALTH PARTNERSHIP,24217852,$604.17 
Department of Health,NHS Bassetlaw CCG,10/31/2018,C&M-APMS Prem Rates,PRC DELEGATED CO-COMMISSIONING,LARWOOD HEALTH PARTNERSHIP,24217852,"$1,308.00 "
Department of Health,NHS Bassetlaw CCG,10/31/2018,C&M-PMS Prem Healthcentre Rent,PRC DELEGATED CO-COMMISSIONING,LARWOOD HEALTH PARTNERSHIP,24217852,"$3,083.33 "
Department of Health,NHS Bassetlaw CCG,10/31/2018,C&M-PMS QOF Aspiration,PRC DELEGATED CO-COMMISSIONING,LARWOOD HEALTH PARTNERSHIP,24217852,"$2,148.72 "
Department of Health,NHS Bassetlaw CCG,10/31/2018,ME - PMS GP Prior Year ERs,PRC DELEGATED CO-COMMISSIONING,LARWOOD HEALTH PARTNERSHIP,24217852,"$6,017.83 "
Department of Health,NHS Bassetlaw CCG,10/31/2018,ME-PMS GP Prior Year EEs,PRC DELEGATED CO-COMMISSIONING,LARWOOD HEALTH PARTNERSHIP,24217852,"$5,649.57 "
Department of Health,NHS Bassetlaw CCG,10/31/2018,Clinical&Medical-Commercial Sector,ACUTE COMMISSIONING,NEW MEDICAL SYSTEMS LTD,24437480,"$26,804.66 "
Department of Health,NHS Bassetlaw CCG,10/31/2018,C&M-PMS Contract Value,PRC DELEGATED CO-COMMISSIONING,NEWGATE MEDICAL GROUP,24212855,"$269,733.34 "
Department of Health,NHS Bassetlaw CCG,10/31/2018,C&M-PMS DES Learn Dsblty Hlth Chk,PRC DELEGATED CO-COMMISSIONING,NEWGATE MEDICAL GROUP,24212855,"$3,920.00 "
Department of Health,NHS Bassetlaw CCG,10/31/2018,C&M-PMS DES Minor Surgery,PRC DELEGATED CO-COMMISSIONING,NEWGATE MEDICAL GROUP,24212855,"$2,727.68 "
Department of Health,NHS Bassetlaw CCG,10/31/2018,C&M-PMS PCO Other,PRC DELEGATED CO-COMMISSIONING,NEWGATE MEDICAL GROUP,24212855,"$1,974.33 "
Department of Health,NHS Bassetlaw CCG,10/31/2018,C&M-PMS Prem Notional Rent,PRC DELEGATED CO-COMMISSIONING,NEWGATE MEDICAL GROUP,24212855,"$13,250.00 "
Department of Health,NHS Bassetlaw CCG,10/31/2018,C&M-PMS Prem Rates,PRC DELEGATED CO-COMMISSIONING,NEWGATE MEDICAL GROUP,24212855,"$1,580.00 "
Department of Health,NHS Bassetlaw CCG,10/31/2018,C&M-PMS Prem Water Rates,PRC DELEGATED CO-COMMISSIONING,NEWGATE MEDICAL GROUP,24212855,$540.39 
Department of Health,NHS Bassetlaw CCG,10/31/2018,C&M-PMS QOF Aspiration,PRC DELEGATED CO-COMMISSIONING,NEWGATE MEDICAL GROUP,24212855,"$23,351.30 "
Department of Health,NHS Bassetlaw CCG,10/31/2018,Clinical&Medical-Serv Recd-CCGs,CORPORATE COSTS & SERVICES,NHS SHEFFIELD CCG,24228525,"$41,039.00 "
Department of Health,NHS Bassetlaw CCG,10/31/2018,Clinical&Medical-Serv Recd-CCGs,CORPORATE COSTS & SERVICES,NHS SHEFFIELD CCG,24423550,"$38,417.00 "
Department of Health,NHS Bassetlaw CCG,10/31/2018,C&M-GMS DES Minor Surgery,PRC DELEGATED CO-COMMISSIONING,NORTH LEVERTON SURGERY,24332134,$852.40 
Department of Health,NHS Bassetlaw CCG,10/31/2018,C&M-GMS Global Sum,PRC DELEGATED CO-COMMISSIONING,NORTH LEVERTON SURGERY,24332134,"$25,517.17 "
Department of Health,NHS Bassetlaw CCG,10/31/2018,C&M-GMS MPIG Correction Factor,PRC DELEGATED CO-COMMISSIONING,NORTH LEVERTON SURGERY,24332134,$641.80 
Department of Health,NHS Bassetlaw CCG,10/31/2018,C&M-GMS Prem Notional Rent,PRC DELEGATED CO-COMMISSIONING,NORTH LEVERTON SURGERY,24332134,"$2,470.83 "
Department of Health,NHS Bassetlaw CCG,10/31/2018,C&M-GMS Prem Rates,PRC DELEGATED CO-COMMISSIONING,NORTH LEVERTON SURGERY,24332134,$169.00 
Department of Health,NHS Bassetlaw CCG,10/31/2018,C&M-GMS QOF Aspiration,PRC DELEGATED CO-COMMISSIONING,NORTH LEVERTON SURGERY,24332134,"$2,344.40 "
Department of Health,NHS Bassetlaw CCG,10/31/2018,C&M-GMS Cost of Drugs -Dispensing,LOCAL ENHANCED SERVICES,NORTH LEVERTON SURGERY,24455291,"($44,844.56)"
Department of Health,NHS Bassetlaw CCG,10/31/2018,C&M-GMS PrscChrgsCll&RmttdbyGPCntra,PRC DELEGATED CO-COMMISSIONING,NORTH LEVERTON SURGERY,24455291,"($1,548.80)"
Department of Health,NHS Bassetlaw CCG,10/31/2018,C&M-GMS Cost of Drugs -Dispensing,LOCAL ENHANCED SERVICES,NORTH LEVERTON SURGERY,24455292,"$77,052.92 "
Department of Health,NHS Bassetlaw CCG,10/31/2018,C&M-GMS Prof Fees Dispensing,PRC DELEGATED CO-COMMISSIONING,NORTH LEVERTON SURGERY,24455292,"$14,894.27 "
Department of Health,NHS Bassetlaw CCG,10/31/2018,C&M-GMS PrscrptnChrgsColl&RmttdbyGP,LOCAL ENHANCED SERVICES,NORTH LEVERTON SURGERY,24455292,"$1,548.80 "
Department of Health,NHS Bassetlaw CCG,10/31/2018,Hlthcre-Foundation Trsts,MENTAL HEALTH CONTRACTS,NORTHUMBERLAND TYNE AND WEAR NHS FOUNDATION TRUST,24228903,"$65,436.66 "
Department of Health,NHS Bassetlaw CCG,10/31/2018,Hcare Srv Rec NHS Trust-CQUIN,ACUTE COMMISSIONING,NOTTINGHAM UNIVERSITY HOSPITALS NHS TRUST,24195032,"$1,089.00 "
Department of Health,NHS Bassetlaw CCG,10/31/2018,Hcare Srv Rec NHS Trust-Contract Baseline,ACUTE COMMISSIONING,NOTTINGHAM UNIVERSITY HOSPITALS NHS TRUST,24195032,"$44,951.00 "
Department of Health,NHS Bassetlaw CCG,10/31/2018,Cont Care-Learning Disab(<65),CHC ADULT JOINT FUNDED,NOTTINGHAMSHIRE COUNTY COUNCIL,24137695,"$400,000.00 "
Department of Health,NHS Bassetlaw CCG,10/31/2018,Cont Care-Learning Disab(<65),CHC ADULT JOINT FUNDED,NOTTINGHAMSHIRE COUNTY COUNCIL,24318907,"$400,000.00 "
Department of Health,NHS Bassetlaw CCG,10/31/2018,Clinical&Medical-Othe Public Sector,PROGRAMME PROJECTS,NOTTINGHAMSHIRE COUNTY COUNCIL,24474956,"$248,505.00 "
Department of Health,NHS Bassetlaw CCG,10/31/2018,Hcare Srv Rec Fdtn Trust-CQUIN,COMMUNITY SERVICES,NOTTINGHAMSHIRE HEALTHCARE NHS TRUST,24137660,"$12,012.67 "
Department of Health,NHS Bassetlaw CCG,10/31/2018,Hcare Srv Rec Fdtn Trust-Contract Baseline,COMMUNITY SERVICES,NOTTINGHAMSHIRE HEALTHCARE NHS TRUST,24137660,"$926,025.41 "
Department of Health,NHS Bassetlaw CCG,10/31/2018,Hcare Srv Rec Fdtn Trust-Contract Baseline,OUT OF HOURS,NOTTINGHAMSHIRE HEALTHCARE NHS TRUST,24137660,"$76,112.92 "
Department of Health,NHS Bassetlaw CCG,10/31/2018,Hcare Srv Rec Fdtn Trust-CQUIN,MENTAL HEALTH CONTRACTS,NOTTINGHAMSHIRE HEALTHCARE NHS TRUST,24137662,"$13,203.38 "
Department of Health,NHS Bassetlaw CCG,10/31/2018,Hcare Srv Rec Fdtn Trust-Contract Baseline,MENTAL HEALTH CONTRACTS,NOTTINGHAMSHIRE HEALTHCARE NHS TRUST,24137662,"$962,212.17 "
Department of Health,NHS Bassetlaw CCG,10/31/2018,Clinical&Medical-Commercial Sector,ACUTE COMMISSIONING,PARK HILL HOSPITAL,24195026,"$29,938.25 "
Department of Health,NHS Bassetlaw CCG,10/31/2018,C&M-GMS GP Statutory Levy,PRC DELEGATED CO-COMMISSIONING,RIVERSIDE HEALTH CENTRE TONGE J & PARTNERS,24332135,($601.88)
Department of Health,NHS Bassetlaw CCG,10/31/2018,C&M-GMS QOF Achievement,PRC DELEGATED CO-COMMISSIONING,RIVERSIDE HEALTH CENTRE TONGE J & PARTNERS,24332135,"($18,803.40)"
Department of Health,NHS Bassetlaw CCG,10/31/2018,C&M-GMS Voluntary Levy,PRC DELEGATED CO-COMMISSIONING,RIVERSIDE HEALTH CENTRE TONGE J & PARTNERS,24332135,($91.31)
Department of Health,NHS Bassetlaw CCG,10/31/2018,ME-GMS GP Pension EEs,PRC DELEGATED CO-COMMISSIONING,RIVERSIDE HEALTH CENTRE TONGE J & PARTNERS,24332135,"($7,819.34)"
Department of Health,NHS Bassetlaw CCG,10/31/2018,ME-GMS GP Pension ERs Adjustments,PRC DELEGATED CO-COMMISSIONING,RIVERSIDE HEALTH CENTRE TONGE J & PARTNERS,24332135,"($7,870.66)"
Department of Health,NHS Bassetlaw CCG,10/31/2018,C&M-GMS DES Extended Hours Access,PRC DELEGATED CO-COMMISSIONING,RIVERSIDE HEALTH CENTRE TONGE J & PARTNERS,24332136,"$2,907.32 "
Department of Health,NHS Bassetlaw CCG,10/31/2018,C&M-GMS DES Minor Surgery,PRC DELEGATED CO-COMMISSIONING,RIVERSIDE HEALTH CENTRE TONGE J & PARTNERS,24332136,"$3,999.66 "
Department of Health,NHS Bassetlaw CCG,10/31/2018,C&M-GMS Global Sum,PRC DELEGATED CO-COMMISSIONING,RIVERSIDE HEALTH CENTRE TONGE J & PARTNERS,24332136,"$153,250.80 "
Department of Health,NHS Bassetlaw CCG,10/31/2018,C&M-GMS MPIG Correction Factor,PRC DELEGATED CO-COMMISSIONING,RIVERSIDE HEALTH CENTRE TONGE J & PARTNERS,24332136,"$1,205.58 "
Department of Health,NHS Bassetlaw CCG,10/31/2018,C&M-GMS Prem Actual Rent,PRC DELEGATED CO-COMMISSIONING,RIVERSIDE HEALTH CENTRE TONGE J & PARTNERS,24332136,"$11,760.00 "
Department of Health,NHS Bassetlaw CCG,10/31/2018,C&M-GMS Prem Clinical Waste,PRC DELEGATED CO-COMMISSIONING,RIVERSIDE HEALTH CENTRE TONGE J & PARTNERS,24332136,"$1,385.80 "
Department of Health,NHS Bassetlaw CCG,10/31/2018,C&M-GMS Prem Healthcentre Rent,PRC DELEGATED CO-COMMISSIONING,RIVERSIDE HEALTH CENTRE TONGE J & PARTNERS,24332136,"$8,764.09 "
Department of Health,NHS Bassetlaw CCG,10/31/2018,C&M-GMS Prem Notional Rent,PRC DELEGATED CO-COMMISSIONING,RIVERSIDE HEALTH CENTRE TONGE J & PARTNERS,24332136,"$6,033.34 "
Department of Health,NHS Bassetlaw CCG,10/31/2018,C&M-GMS Prem Rates,PRC DELEGATED CO-COMMISSIONING,RIVERSIDE HEALTH CENTRE TONGE J & PARTNERS,24332136,"$3,567.00 "
Department of Health,NHS Bassetlaw CCG,10/31/2018,C&M-GMS QOF Aspiration,PRC DELEGATED CO-COMMISSIONING,RIVERSIDE HEALTH CENTRE TONGE J & PARTNERS,24332136,"$14,131.87 "
Department of Health,NHS Bassetlaw CCG,10/31/2018,ME-GMS GP Pension EEs Adjustments,PRC DELEGATED CO-COMMISSIONING,RIVERSIDE HEALTH CENTRE TONGE J & PARTNERS,24332136,"$3,680.67 "
Department of Health,NHS Bassetlaw CCG,10/31/2018,ME-GMS GP Pension ERs Adjustments,PRC DELEGATED CO-COMMISSIONING,RIVERSIDE HEALTH CENTRE TONGE J & PARTNERS,24332136,"$4,007.24 "
Department of Health,NHS Bassetlaw CCG,10/31/2018,C&M-GMS Cost of Drugs -Dispensing,LOCAL ENHANCED SERVICES,RIVERSIDE HEALTH CENTRE TONGE J & PARTNERS,24455294,"$32,679.12 "
Department of Health,NHS Bassetlaw CCG,10/31/2018,C&M-GMS Prof Fees Dispensing,PRC DELEGATED CO-COMMISSIONING,RIVERSIDE HEALTH CENTRE TONGE J & PARTNERS,24455294,"$6,025.28 "
Department of Health,NHS Bassetlaw CCG,10/31/2018,C&M-GMS PrscrptnChrgsColl&RmttdbyGP,LOCAL ENHANCED SERVICES,RIVERSIDE HEALTH CENTRE TONGE J & PARTNERS,24455294,$836.00 
Department of Health,NHS Bassetlaw CCG,10/31/2018,Hlthcre-Foundation Trsts,LONG TERM CONDITIONS,ROTHERHAM DONCASTER & SOUTH HUMBER MENTAL HEALTH NHS FOUNDATION TRUST,24423376,"$46,248.18 "
Department of Health,NHS Bassetlaw CCG,10/31/2018,Hcare Srv Rec Fdtn Trust-CQUIN,ACUTE COMMISSIONING,ROTHERHAM NHS FOUNDATION TRUST,24228559,$630.00 
Department of Health,NHS Bassetlaw CCG,10/31/2018,Hcare Srv Rec Fdtn Trust-Contract Baseline,ACUTE COMMISSIONING,ROTHERHAM NHS FOUNDATION TRUST,24228559,"$49,733.00 "
Department of Health,NHS Bassetlaw CCG,10/31/2018,Hcare Srv Rec Fdtn Trust-CQUIN,ACUTE COMMISSIONING,SHEFFIELD CHILDRENS NHS FOUNDATION TRUST,24228484,$645.44 
Department of Health,NHS Bassetlaw CCG,10/31/2018,Hcare Srv Rec Fdtn Trust-Contract Baseline,ACUTE COMMISSIONING,SHEFFIELD CHILDRENS NHS FOUNDATION TRUST,24228484,"$51,635.38 "
Department of Health,NHS Bassetlaw CCG,10/31/2018,Hcare Srv Rec Fdtn Trust-CQUIN,ACUTE COMMISSIONING,SHEFFIELD CHILDRENS NHS FOUNDATION TRUST,24502320,$645.44 
Department of Health,NHS Bassetlaw CCG,10/31/2018,Hcare Srv Rec Fdtn Trust-Contract Baseline,ACUTE COMMISSIONING,SHEFFIELD CHILDRENS NHS FOUNDATION TRUST,24502320,"$51,635.38 "
Department of Health,NHS Bassetlaw CCG,10/31/2018,Hcare Srv Rec Fdtn Trust-Contract Baseline,ACUTE COMMISSIONING,SHEFFIELD TEACHING HOSPITALS NHS FOUNDATION TRUST,24228686,"$434,996.00 "
Department of Health,NHS Bassetlaw CCG,10/31/2018,Hcare Srv Rec Fdtn Trust-Contract Baseline,ACUTE COMMISSIONING,SHEFFIELD TEACHING HOSPITALS NHS FOUNDATION TRUST,24228787,"$62,150.00 "
Department of Health,NHS Bassetlaw CCG,10/31/2018,Hcare Srv Rec Fdtn Trust-CQUIN,ACUTE COMMISSIONING,SHERWOOD FOREST HOSPITALS NHS FOUNDATION TRUST,24228556,"$1,683.83 "
Department of Health,NHS Bassetlaw CCG,10/31/2018,Hcare Srv Rec Fdtn Trust-Contract Baseline,ACUTE COMMISSIONING,SHERWOOD FOREST HOSPITALS NHS FOUNDATION TRUST,24228556,"$67,336.00 "
Department of Health,NHS Bassetlaw CCG,10/31/2018,C&M-GMS DES Minor Surgery,PRC DELEGATED CO-COMMISSIONING,TUXFORD MEDICAL CENTRE,24332138,$681.92 
Department of Health,NHS Bassetlaw CCG,10/31/2018,C&M-GMS Global Sum,PRC DELEGATED CO-COMMISSIONING,TUXFORD MEDICAL CENTRE,24332138,"$44,560.97 "
Department of Health,NHS Bassetlaw CCG,10/31/2018,C&M-GMS PCO Other,PRC DELEGATED CO-COMMISSIONING,TUXFORD MEDICAL CENTRE,24332138,$361.33 
Department of Health,NHS Bassetlaw CCG,10/31/2018,C&M-GMS Prem Notional Rent,PRC DELEGATED CO-COMMISSIONING,TUXFORD MEDICAL CENTRE,24332138,"$3,437.50 "
Department of Health,NHS Bassetlaw CCG,10/31/2018,C&M-GMS Prem Other,PRC DELEGATED CO-COMMISSIONING,TUXFORD MEDICAL CENTRE,24332138,$180.00 
Department of Health,NHS Bassetlaw CCG,10/31/2018,C&M-GMS Prem Rates,PRC DELEGATED CO-COMMISSIONING,TUXFORD MEDICAL CENTRE,24332138,$568.00 
Department of Health,NHS Bassetlaw CCG,10/31/2018,C&M-GMS QOF Aspiration,PRC DELEGATED CO-COMMISSIONING,TUXFORD MEDICAL CENTRE,24332138,"$3,856.00 "
Department of Health,NHS Bassetlaw CCG,10/31/2018,C&M-GMS Cost of Drugs -Dispensing,LOCAL ENHANCED SERVICES,TUXFORD MEDICAL CENTRE,24455295,"($29,487.85)"
Department of Health,NHS Bassetlaw CCG,10/31/2018,C&M-GMS PrscChrgsCll&RmttdbyGPCntra,PRC DELEGATED CO-COMMISSIONING,TUXFORD MEDICAL CENTRE,24455295,"($1,953.60)"
Department of Health,NHS Bassetlaw CCG,10/31/2018,C&M-GMS Cost of Drugs -Dispensing,LOCAL ENHANCED SERVICES,TUXFORD MEDICAL CENTRE,24455296,"$51,708.37 "
Department of Health,NHS Bassetlaw CCG,10/31/2018,C&M-GMS Prof Fees Dispensing,PRC DELEGATED CO-COMMISSIONING,TUXFORD MEDICAL CENTRE,24455296,"$10,227.05 "
Department of Health,NHS Bassetlaw CCG,10/31/2018,C&M-GMS PrscrptnChrgsColl&RmttdbyGP,LOCAL ENHANCED SERVICES,TUXFORD MEDICAL CENTRE,24455296,"$1,953.60 "
Department of Health,NHS Bassetlaw CCG,10/31/2018,Hcare Srv Rec NHS Trust-CQUIN,ACUTE COMMISSIONING,UNITED LINCOLNSHIRE HOSPITALS NHS TRUST,24194998,$433.54 
Department of Health,NHS Bassetlaw CCG,10/31/2018,Hcare Srv Rec NHS Trust-Contract Baseline,ACUTE COMMISSIONING,UNITED LINCOLNSHIRE HOSPITALS NHS TRUST,24194998,"$36,780.42 "
