Department family,Entity,Date,Expense Type,Expense area,Supplier,Transaction number,AP Amount (�),VAT registration number,Purchase invoice number
Department of Health,NHS Fareham and Gosport CCG,31/10/2018,C&M-PMS Contract Value,PRC DELEGATED CO-COMMISSIONING,BRIDGEMARY MEDICAL CENTRE,24189035,"69,021.43",,SO000064783
Department of Health,NHS Fareham and Gosport CCG,31/10/2018,C&M-GMS Global Sum,PRC DELEGATED CO-COMMISSIONING,BROCKHURST MEDICAL CENTRE,24375017,"45,471.48",,SO000064930
Department of Health,NHS Fareham and Gosport CCG,31/10/2018,C&M-GMS Global Sum,PRC DELEGATED CO-COMMISSIONING,BROOK LANE SURGERY,24375019,"85,437.70",,SO000064932
Department of Health,NHS Fareham and Gosport CCG,31/10/2018,C&M-GMS Global Sum,PRC DELEGATED CO-COMMISSIONING,BURY ROAD SURGERY,24375015,"32,779.75",,SO000064928
Department of Health,NHS Fareham and Gosport CCG,31/10/2018,Clinical&Medical-Independent Sector,CLINICAL ASSESSMENT AND TREATMENT CENTRES,CARE UK CLINICAL SERVICES LTD,24380685,"210,891.66",,100079214
Department of Health,NHS Fareham and Gosport CCG,31/10/2018,C&M-GMS Global Sum,PRC DELEGATED CO-COMMISSIONING,CENTRE PRACTICE (THE),24375021,"117,660.87",,SO000064934
Department of Health,NHS Fareham and Gosport CCG,31/10/2018,C&M-PMS Contract Value,PRC DELEGATED CO-COMMISSIONING,GOSPORT MEDICAL CENTRE,24189037,"77,337.96",,SO000064785
Department of Health,NHS Fareham and Gosport CCG,31/10/2018,C&M-PMS Prem Actual Rent,PRC DELEGATED CO-COMMISSIONING,GOSPORT MEDICAL CENTRE,24189037,"32,151.21",,SO000064785
Department of Health,NHS Fareham and Gosport CCG,31/10/2018,C&M-GMS Global Sum,PRC DELEGATED CO-COMMISSIONING,GUDGE HEATH LANE SURGERY,24375023,"62,878.23",,SO000064936
Department of Health,NHS Fareham and Gosport CCG,31/10/2018,Hlthcre-Foundation Trsts,ACUTE COMMISSIONING,HAMPSHIRE HOSPITALS NHS FOUNDATION TRUST,24246672,"55,297.00",654932122,40085093
Department of Health,NHS Fareham and Gosport CCG,31/10/2018,C&M-GMS Global Sum,PRC DELEGATED CO-COMMISSIONING,HIGHLANDS PRACTICE,24375025,"117,317.12",773865873,SO000064938
Department of Health,NHS Fareham and Gosport CCG,31/10/2018,C&M-GMS Global Sum,PRC DELEGATED CO-COMMISSIONING,JUBILEE SURGERY,24375027,"66,516.36",,SO000064940
Department of Health,NHS Fareham and Gosport CCG,31/10/2018,C&M-GMS Global Sum,PRC DELEGATED CO-COMMISSIONING,LEE-ON-THE-SOLENT MEDICAL PRACTICE,24375029,"58,065.87",,SO000064942
Department of Health,NHS Fareham and Gosport CCG,31/10/2018,C&M-GMS Global Sum,PRC DELEGATED CO-COMMISSIONING,LOCKSWOOD SURGERY,24375031,"85,688.81",,SO000064944
Department of Health,NHS Fareham and Gosport CCG,31/10/2018,C&M-GMS Global Sum,PRC DELEGATED CO-COMMISSIONING,MANOR WAY SURGERY SUITE B,24375033,"33,363.41",,SO000064946
Department of Health,NHS Fareham and Gosport CCG,31/10/2018,Clinical&Medical-Independent Sector,WHEELCHAIR SERVICE,MILLBROOK HEALTHCARE LTD,24246716,"42,501.35",GB675991080,19524
Department of Health,NHS Fareham and Gosport CCG,31/10/2018,Clinical&Medical-Independent Sector,NCAS/OATS,NEW HALL HOSPITAL,24134804,"26,402.00",,FAR0818
Department of Health,NHS Fareham and Gosport CCG,31/10/2018,Healthcare Srv Rec CCG,ACUTE COMMISSIONING,NHS EAST BERKSHIRE CCG,24532691,"78,273.00",654464815,7031600449
Department of Health,NHS Fareham and Gosport CCG,31/10/2018,Basic Sal-Rechgs to-from Other NHS,FINANCE,NHS PORTSMOUTH CCG,24380682,"96,971.37",,7028000524
Department of Health,NHS Fareham and Gosport CCG,31/10/2018,Charges from CSU,CORPORATE COSTS & SERVICES,NHS SOUTH CENTRAL AND WEST COMMISSIONING SUPPORT UNIT,24246641,"68,168.89",,7312707116
Department of Health,NHS Fareham and Gosport CCG,31/10/2018,Charges from CSU,PRIMARY CARE IT,NHS SOUTH CENTRAL AND WEST COMMISSIONING SUPPORT UNIT,24246641,"32,937.11",,7312707116
Department of Health,NHS Fareham and Gosport CCG,31/10/2018,Basic Sal-Rechgs to-from Other NHS,FINANCE,NHS SOUTH EASTERN HAMPSHIRE CCG,24424784,"113,784.12",,7028200612
Department of Health,NHS Fareham and Gosport CCG,31/10/2018,Basic Sal-Rechgs to-from Other NHS,FINANCE,NHS SOUTH EASTERN HAMPSHIRE CCG,24424801,"274,690.29",,7028200613
Department of Health,NHS Fareham and Gosport CCG,31/10/2018,Cont Care-Funded Nursing Care Allow,FUNDED NURSING CARE,NHS WEST HAMPSHIRE CCG,24246843,"367,450.00",,7028603208
Department of Health,NHS Fareham and Gosport CCG,31/10/2018,Cont Care- Adult 100% Fully Funded,CHC ADULT FULLY FUNDED,NHS WEST HAMPSHIRE CCG,24246870,"2,173,720.00",,7028603212
Department of Health,NHS Fareham and Gosport CCG,31/10/2018,Basic Sal-Rechgs to-from Other NHS,CONTINUING HEALTHCARE ASSESSMENT & SUPPORT,NHS WEST HAMPSHIRE CCG,24532711,"100,437.00",,7028603223
Department of Health,NHS Fareham and Gosport CCG,31/10/2018,Clinical&Medical-Independent Sector,OUT OF HOURS,PARTNERING HEALTH LTD,24134744,"107,589.00",,IN01147
Department of Health,NHS Fareham and Gosport CCG,31/10/2018,C&M-GMS Global Sum,PRC DELEGATED CO-COMMISSIONING,PORTCHESTER PRACTICE,24375035,"71,864.45",,SO000064948
Department of Health,NHS Fareham and Gosport CCG,31/10/2018,Hcare Srv Rec NHS Trust,COLLABORATIVE COMMISSIONING,PORTSMOUTH HOSPITALS NHS TRUST,24380679,"717,000.00",654936991,9365221
Department of Health,NHS Fareham and Gosport CCG,31/10/2018,Hcare Srv Rec NHS Trust,ACUTE COMMISSIONING,PORTSMOUTH HOSPITALS NHS TRUST,24532685,"9,089,361.00",654936991,9365187
Department of Health,NHS Fareham and Gosport CCG,31/10/2018,C&M-GMS Global Sum,PRC DELEGATED CO-COMMISSIONING,ROWNER HEALTH CENTRE,24375037,"48,481.05",,SO000064950
Department of Health,NHS Fareham and Gosport CCG,31/10/2018,Hcare Srv Rec NHS Trust,COMMUNITY SERVICES,SOLENT NHS TRUST,24246815,"371,111.00",,54156015
Department of Health,NHS Fareham and Gosport CCG,31/10/2018,Hcare Srv Rec NHS Trust,MENTAL HEALTH CONTRACTS,SOLENT NHS TRUST,24246821,"58,793.00",,54156016
Department of Health,NHS Fareham and Gosport CCG,31/10/2018,Hcare Srv Rec NHS Trust-Contract Cost per Case,COMMUNITY SERVICES,SOLENT NHS TRUST,24246824,"30,030.00",,54156017
Department of Health,NHS Fareham and Gosport CCG,31/10/2018,Hlthcre-Foundation Trsts,AMBULANCE SERVICES,SOUTH CENTRAL AMBULANCE SERVICE NHS FOUNDATION TRUST,24134815,"44,066.34",654923613,INV0049434
Department of Health,NHS Fareham and Gosport CCG,31/10/2018,Hlthcre-Foundation Trsts,AMBULANCE SERVICES,SOUTH CENTRAL AMBULANCE SERVICE NHS FOUNDATION TRUST,24246616,"28,279.04",654923613,INV0049476
Department of Health,NHS Fareham and Gosport CCG,31/10/2018,Hlthcre-Foundation Trsts,AMBULANCE SERVICES,SOUTH CENTRAL AMBULANCE SERVICE NHS FOUNDATION TRUST,24246726,"583,999.46",654923613,INV0049385
Department of Health,NHS Fareham and Gosport CCG,31/10/2018,Hlthcre-Foundation Trsts,PATIENT TRANSPORT,SOUTH CENTRAL AMBULANCE SERVICE NHS FOUNDATION TRUST,24246728,"148,577.69",654923613,INV0049455
Department of Health,NHS Fareham and Gosport CCG,31/10/2018,Hlthcre-Foundation Trsts,NHS 111,SOUTH CENTRAL AMBULANCE SERVICE NHS FOUNDATION TRUST,24332583,"59,746.50",654923613,INV0049505
Department of Health,NHS Fareham and Gosport CCG,31/10/2018,Hlthcre-Foundation Trsts,ACUTE COMMISSIONING,SOUTHAMPTON UNIVERSITY HOSPITALS NHS FOUNDATION TRUST,24134769,"792,404.00",654942706,7323784
Department of Health,NHS Fareham and Gosport CCG,31/10/2018,Basic Sal-Rechgs to-from Other NHS,LOCAL ENHANCED SERVICES,SOUTHERN HAMPSHIRE PRIMARY CARE ALLIANCE,24228846,"28,125.00",,FG008
Department of Health,NHS Fareham and Gosport CCG,31/10/2018,Hlthcre-Foundation Trsts,NCAS/OATS,SOUTHERN HEALTH NHS FOUNDATION TRUST,24134730,"64,324.50",654412253,43646315
Department of Health,NHS Fareham and Gosport CCG,31/10/2018,Hlthcre-Foundation Trsts,MENTAL HEALTH CONTRACTS,SOUTHERN HEALTH NHS FOUNDATION TRUST,24246731,"991,630.00",654412253,43650354
Department of Health,NHS Fareham and Gosport CCG,31/10/2018,Hlthcre-Foundation Trsts,IMPROVING ACCESS TO PSYCHOLOGICAL THERAPIES,SOUTHERN HEALTH NHS FOUNDATION TRUST,24246733,"98,903.00",654412253,43650355
Department of Health,NHS Fareham and Gosport CCG,31/10/2018,Hlthcre-Foundation Trsts,COMMUNITY SERVICES,SOUTHERN HEALTH NHS FOUNDATION TRUST,24246735,"1,353,318.00",654412253,43650364
Department of Health,NHS Fareham and Gosport CCG,31/10/2018,Clinical&Medical-Independent Sector,ACUTE COMMISSIONING,SPIRE HEALTHCARE LTD,24246694,"123,030.00",915970991,10KPTMPF181907
Department of Health,NHS Fareham and Gosport CCG,31/10/2018,Clinical&Medical-Independent Sector,ACUTE COMMISSIONING,SPIRE HEALTHCARE LTD,24424715,"51,346.99",915970991,10KPTMREC181905
Department of Health,NHS Fareham and Gosport CCG,31/10/2018,C&M-GMS Global Sum,PRC DELEGATED CO-COMMISSIONING,STUBBINGTON MEDICAL PRACTICE,24375039,"100,321.97",,SO000064953
Department of Health,NHS Fareham and Gosport CCG,31/10/2018,Hlthcre-Foundation Trsts,CHILD AND ADOLESCENT MENTAL HEALTH,SUSSEX PARTNERSHIP NHS FOUNDATION TRUST,24246825,"154,474.00",654422543,6471524
Department of Health,NHS Fareham and Gosport CCG,31/10/2018,C&M-GMS Global Sum,PRC DELEGATED CO-COMMISSIONING,WESTLANDS MEDICAL CENTRE,24375041,"77,436.91",,SO000064955
Department of Health,NHS Fareham and Gosport CCG,31/10/2018,C&M-GMS Global Sum,PRC DELEGATED CO-COMMISSIONING,WHITELEY & LOCKS ROAD SURGERIES,24375043,"76,482.36",,SO000064957
Department of Health,NHS Fareham and Gosport CCG,31/10/2018,Clinical&Medical-Independent Sector,GP FORWARD VIEW,WILLOW GROUP (THE),24360962,"52,810.56",,0HVSOCT1803
Department of Health,NHS Fareham and Gosport CCG,31/10/2018,C&M-GMS Global Sum,PRC DELEGATED CO-COMMISSIONING,WILLOW GROUP (THE),24373266,"274,608.32",,SO000064951
Department of Health,NHS Fareham and Gosport CCG,31/10/2018,C&M-GMS Prem Actual Rent,PRC DELEGATED CO-COMMISSIONING,WILLOW GROUP (THE),24373266,"28,098.57",,SO000064951
Department of Health,NHS Fareham and Gosport CCG,31/10/2018,C&M-GMS QOF Aspiration,PRC DELEGATED CO-COMMISSIONING,WILLOW GROUP (THE),24373266,"30,096.78",,SO000064951
