Department family,Entity,Date,Expense Type,Expense area,Supplier,Transaction number,AP Amount (�),VAT registration number,Purchase invoice number
Department of Health,NHS Fareham and Gosport CCG,31/07/2018,C&M-PMS Contract Value,PRC DELEGATED CO-COMMISSIONING,BRIDGEMARY MEDICAL CENTRE,22950393,"64,436.26",,SO000062513
Department of Health,NHS Fareham and Gosport CCG,31/07/2018,C&M-GMS Global Sum,PRC DELEGATED CO-COMMISSIONING,BROCKHURST MEDICAL CENTRE,23108127,"40,673.89",,SO000062667
Department of Health,NHS Fareham and Gosport CCG,31/07/2018,C&M-GMS Global Sum,PRC DELEGATED CO-COMMISSIONING,BROOK LANE SURGERY,23108129,"79,582.35",,SO000062669
Department of Health,NHS Fareham and Gosport CCG,31/07/2018,C&M-GMS Global Sum,PRC DELEGATED CO-COMMISSIONING,BURY ROAD SURGERY,23108125,"29,536.62",,SO000062665
Department of Health,NHS Fareham and Gosport CCG,31/07/2018,Clinical&Medical-Independent Sector,CLINICAL ASSESSMENT AND TREATMENT CENTRES,CARE UK CLINICAL SERVICES LTD,23155130,"210,891.66",,100073521
Department of Health,NHS Fareham and Gosport CCG,31/07/2018,C&M-GMS Global Sum,PRC DELEGATED CO-COMMISSIONING,CENTRE PRACTICE (THE),23108131,"108,911.15",,SO000062671
Department of Health,NHS Fareham and Gosport CCG,31/07/2018,C&M-PMS Prem Actual Rent,PRC DELEGATED CO-COMMISSIONING,GOSPORT MEDICAL CENTRE,22950395,"32,151.21",,SO000062515
Department of Health,NHS Fareham and Gosport CCG,31/07/2018,C&M-PMS Contract Value,PRC DELEGATED CO-COMMISSIONING,GOSPORT MEDICAL CENTRE,22950395,"70,725.81",,SO000062515
Department of Health,NHS Fareham and Gosport CCG,31/07/2018,C&M-GMS Global Sum,PRC DELEGATED CO-COMMISSIONING,GUDGE HEATH LANE SURGERY,23108133,"57,436.91",,SO000062673
Department of Health,NHS Fareham and Gosport CCG,31/07/2018,Hlthcre-Foundation Trsts,ACUTE COMMISSIONING,HAMPSHIRE HOSPITALS NHS FOUNDATION TRUST,23011180,"55,409.00",,40082425
Department of Health,NHS Fareham and Gosport CCG,31/07/2018,C&M-GMS Global Sum,PRC DELEGATED CO-COMMISSIONING,HIGHLANDS PRACTICE,23108135,"109,055.37",773865873,SO000062675
Department of Health,NHS Fareham and Gosport CCG,31/07/2018,C&M-GMS Global Sum,PRC DELEGATED CO-COMMISSIONING,JUBILEE SURGERY,23122100,"61,343.80",,SO000062677
Department of Health,NHS Fareham and Gosport CCG,31/07/2018,C&M-GMS Global Sum,PRC DELEGATED CO-COMMISSIONING,LEE-ON-THE-SOLENT MEDICAL PRACTICE,23108138,"53,587.41",,SO000062679
Department of Health,NHS Fareham and Gosport CCG,31/07/2018,C&M-GMS Global Sum,PRC DELEGATED CO-COMMISSIONING,LOCKSWOOD SURGERY,23108140,"79,045.75",,SO000062681
Department of Health,NHS Fareham and Gosport CCG,31/07/2018,C&M-GMS Global Sum,PRC DELEGATED CO-COMMISSIONING,MANOR WAY SURGERY SUITE B,23108142,"30,823.34",,SO000062683
Department of Health,NHS Fareham and Gosport CCG,31/07/2018,Clinical&Medical-Independent Sector,WHEELCHAIR SERVICE,MILLBROOK HEALTHCARE LTD,23060186,"42,501.35",GB675991080,18289
Department of Health,NHS Fareham and Gosport CCG,31/07/2018,Healthcare Srv Rec CCG,ACUTE COMMISSIONING,NHS EAST BERKSHIRE CCG,22886023,"80,461.00",,7031600148
Department of Health,NHS Fareham and Gosport CCG,31/07/2018,Basic Sal-Rechgs to-from Other NHS,NURSING DIRECTORATE,NHS NORTH EAST HAMPSHIRE AND FARNHAM CCG,23198433,"31,727.08",,7030800791
Department of Health,NHS Fareham and Gosport CCG,31/07/2018,Charges from CSU,PRIMARY CARE IT,NHS SOUTH CENTRAL AND WEST COMMISSIONING SUPPORT UNIT,23273908,"33,721.00",,7312706347
Department of Health,NHS Fareham and Gosport CCG,31/07/2018,Charges from CSU,CORPORATE COSTS & SERVICES,NHS SOUTH CENTRAL AND WEST COMMISSIONING SUPPORT UNIT,23273908,"69,455.00",,7312706347
Department of Health,NHS Fareham and Gosport CCG,31/07/2018,NHS Recbles <1Yr- CHC Risk Pool Con,BALANCE SHEET,NHS WEST HAMPSHIRE CCG,23011253,"27,425.10",,7028603110
Department of Health,NHS Fareham and Gosport CCG,31/07/2018,Basic Sal-Rechgs to-from Other NHS,CONTINUING HEALTHCARE ASSESSMENT & SUPPORT,NHS WEST HAMPSHIRE CCG,23011204,"100,437.00",,7028603087
Department of Health,NHS Fareham and Gosport CCG,31/07/2018,Cont Care-Funded Nursing Care Allow,FUNDED NURSING CARE,NHS WEST HAMPSHIRE CCG,23011225,"320,431.00",,7028603102
Department of Health,NHS Fareham and Gosport CCG,31/07/2018,Cont Care- Adult 100% Fully Funded,CHC ADULT FULLY FUNDED,NHS WEST HAMPSHIRE CCG,23011246,"1,973,937.00",,7028603106
Department of Health,NHS Fareham and Gosport CCG,31/07/2018,Clinical&Medical-Independent Sector,OUT OF HOURS,PARTNERING HEALTH LTD,22903077,"102,815.00",,IN01094
Department of Health,NHS Fareham and Gosport CCG,31/07/2018,C&M-GMS Global Sum,PRC DELEGATED CO-COMMISSIONING,PORTCHESTER PRACTICE,23108144,"66,184.33",,SO000062685
Department of Health,NHS Fareham and Gosport CCG,31/07/2018,Hcare Srv Rec NHS Trust,ACUTE COMMISSIONING,PORTSMOUTH HOSPITALS NHS TRUST,23273920,"9,492,139.00",,9358931
Department of Health,NHS Fareham and Gosport CCG,31/07/2018,C&M-GMS Global Sum,PRC DELEGATED CO-COMMISSIONING,ROWNER HEALTH CENTRE,23108146,"44,251.20",,SO000062687
Department of Health,NHS Fareham and Gosport CCG,31/07/2018,Hcare Srv Rec NHS Trust-Contract Cost per Case,COMMUNITY SERVICES,SOLENT NHS TRUST,23011217,"30,030.00",,54154974
Department of Health,NHS Fareham and Gosport CCG,31/07/2018,Hcare Srv Rec NHS Trust,MENTAL HEALTH CONTRACTS,SOLENT NHS TRUST,23011215,"58,793.00",,54154973
Department of Health,NHS Fareham and Gosport CCG,31/07/2018,Hcare Srv Rec NHS Trust,COMMUNITY SERVICES,SOLENT NHS TRUST,23011213,"371,111.00",,54154972
Department of Health,NHS Fareham and Gosport CCG,31/07/2018,Hlthcre-Foundation Trsts,AMBULANCE SERVICES,SOUTH CENTRAL AMBULANCE SERVICE NHS FOUNDATION TRUST,23060211,"45,929.98",654923613,INV0048959
Department of Health,NHS Fareham and Gosport CCG,31/07/2018,Hlthcre-Foundation Trsts,NHS 111,SOUTH CENTRAL AMBULANCE SERVICE NHS FOUNDATION TRUST,23011222,"52,099.80",654923613,INV0048987
Department of Health,NHS Fareham and Gosport CCG,31/07/2018,Hlthcre-Foundation Trsts,PATIENT TRANSPORT,SOUTH CENTRAL AMBULANCE SERVICE NHS FOUNDATION TRUST,23011163,"149,933.60",654923613,INV0048933
Department of Health,NHS Fareham and Gosport CCG,31/07/2018,Hlthcre-Foundation Trsts,AMBULANCE SERVICES,SOUTH CENTRAL AMBULANCE SERVICE NHS FOUNDATION TRUST,22903124,"572,516.96",654923613,INV0048873
Department of Health,NHS Fareham and Gosport CCG,31/07/2018,Hlthcre-Foundation Trsts,ACUTE COMMISSIONING,SOUTHAMPTON UNIVERSITY HOSPITALS NHS FOUNDATION TRUST,22969899,"792,404.00",,7319831
Department of Health,NHS Fareham and Gosport CCG,31/07/2018,Clinical&Medical-Independent Sector,GP FORWARD VIEW,SOUTHERN HAMPSHIRE PRIMARY CARE ALLIANCE,22903087,"26,058.69",,FG004
Department of Health,NHS Fareham and Gosport CCG,31/07/2018,Hcare Srv Rec Fdtn Trust-Non Contract,PRC DELEGATED CO-COMMISSIONING,SOUTHERN HEALTH NHS FOUNDATION TRUST,23273875,"50,000.00",,43647072
Department of Health,NHS Fareham and Gosport CCG,31/07/2018,Hlthcre-Foundation Trsts,IMPROVING ACCESS TO PSYCHOLOGICAL THERAPIES,SOUTHERN HEALTH NHS FOUNDATION TRUST,23011209,"98,903.00",,43648981
Department of Health,NHS Fareham and Gosport CCG,31/07/2018,Hlthcre-Foundation Trsts,MENTAL HEALTH CONTRACTS,SOUTHERN HEALTH NHS FOUNDATION TRUST,23011207,"991,630.00",,43648980
Department of Health,NHS Fareham and Gosport CCG,31/07/2018,Hlthcre-Foundation Trsts,COMMUNITY SERVICES,SOUTHERN HEALTH NHS FOUNDATION TRUST,23011211,"1,353,318.00",,43648990
Department of Health,NHS Fareham and Gosport CCG,31/07/2018,Clinical&Medical-Independent Sector,ACUTE COMMISSIONING,SPIRE HEALTHCARE LTD,22903119,"123,030.00",915970991,10KPTMPF181904
Department of Health,NHS Fareham and Gosport CCG,31/07/2018,C&M-GMS Global Sum,PRC DELEGATED CO-COMMISSIONING,STUBBINGTON MEDICAL PRACTICE,23108148,"92,486.12",,SO000062691
Department of Health,NHS Fareham and Gosport CCG,31/07/2018,Hlthcre-Foundation Trsts,CHILD AND ADOLESCENT MENTAL HEALTH,SUSSEX PARTNERSHIP NHS FOUNDATION TRUST,23011224,"151,067.00",654422543,6470991
Department of Health,NHS Fareham and Gosport CCG,31/07/2018,C&M-GMS Global Sum,PRC DELEGATED CO-COMMISSIONING,WESTLANDS MEDICAL CENTRE,23122103,"71,023.38",,SO000062693
Department of Health,NHS Fareham and Gosport CCG,31/07/2018,C&M-GMS Global Sum,PRC DELEGATED CO-COMMISSIONING,WHITELEY & LOCKS ROAD SURGERIES,23108151,"70,392.34",,SO000062695
Department of Health,NHS Fareham and Gosport CCG,31/07/2018,C&M-GMS Prem Actual Rent,PRC DELEGATED CO-COMMISSIONING,WILLOW GROUP (THE),23122102,"28,098.57",,SO000062689
Department of Health,NHS Fareham and Gosport CCG,31/07/2018,C&M-GMS QOF Aspiration,PRC DELEGATED CO-COMMISSIONING,WILLOW GROUP (THE),23122102,"30,096.78",,SO000062689
Department of Health,NHS Fareham and Gosport CCG,31/07/2018,C&M-GMS PCO Seniority,PRC DELEGATED CO-COMMISSIONING,WILLOW GROUP (THE),23122102,"35,328.58",,SO000062689
Department of Health,NHS Fareham and Gosport CCG,31/07/2018,C&M-GMS Global Sum,PRC DELEGATED CO-COMMISSIONING,WILLOW GROUP (THE),23122102,"257,668.41",,SO000062689
,,,,,,,"18,921,014.80",,
