Department family,Entity,Date,Expense Type,Expense area,Supplier,Transaction number,AP Amount (�),VAT registration number,Purchase invoice number
Department of Health,NHS Fareham and Gosport CCG,30/04/2018,C&M-PMS Contract Value,PRC DELEGATED CO-COMMISSIONING,BRIDGEMARY MEDICAL CENTRE,21655957,"64,394.94",,SO000060057
Department of Health,NHS Fareham and Gosport CCG,30/04/2018,C&M-GMS Global Sum,PRC DELEGATED CO-COMMISSIONING,BROCKHURST MEDICAL CENTRE,21818528,"38,675.67",,SO000060211
Department of Health,NHS Fareham and Gosport CCG,30/04/2018,C&M-GMS Global Sum,PRC DELEGATED CO-COMMISSIONING,BROOK LANE SURGERY,21818530,"79,333.07",,SO000060213
Department of Health,NHS Fareham and Gosport CCG,30/04/2018,C&M-GMS Global Sum,PRC DELEGATED CO-COMMISSIONING,BURY ROAD SURGERY,21818526,"28,277.34",,SO000060209
Department of Health,NHS Fareham and Gosport CCG,30/04/2018,Clinical&Medical-Independent Sector,CLINICAL ASSESSMENT AND TREATMENT CENTRES,CARE UK CLINICAL SERVICES LTD,21712273,"25,155.12",,100065775
Department of Health,NHS Fareham and Gosport CCG,30/04/2018,Clinical&Medical-Independent Sector,CLINICAL ASSESSMENT AND TREATMENT CENTRES,CARE UK CLINICAL SERVICES LTD,21972198,"34,849.98",,100066921
Department of Health,NHS Fareham and Gosport CCG,30/04/2018,Clinical&Medical-Independent Sector,CLINICAL ASSESSMENT AND TREATMENT CENTRES,CARE UK CLINICAL SERVICES LTD,21807255,"191,407.00",,100066792
Department of Health,NHS Fareham and Gosport CCG,30/04/2018,C&M-GMS Global Sum,PRC DELEGATED CO-COMMISSIONING,CENTRE PRACTICE (THE),21818532,"108,844.19",,SO000060215
Department of Health,NHS Fareham and Gosport CCG,30/04/2018,C&M-PMS Prem Actual Rent,PRC DELEGATED CO-COMMISSIONING,GOSPORT MEDICAL CENTRE,21673800,"32,151.21",,SO000060059
Department of Health,NHS Fareham and Gosport CCG,30/04/2018,C&M-PMS Contract Value,PRC DELEGATED CO-COMMISSIONING,GOSPORT MEDICAL CENTRE,21673800,"69,683.81",,SO000060059
Department of Health,NHS Fareham and Gosport CCG,30/04/2018,C&M-GMS Global Sum,PRC DELEGATED CO-COMMISSIONING,GUDGE HEATH LANE SURGERY,21818534,"57,233.26",,SO000060217
Department of Health,NHS Fareham and Gosport CCG,30/04/2018,Services From Local Authorities,COMMUNITY SERVICES,HAMPSHIRE COUNTY COUNCIL,21807222,"26,253.50",GB189406822,3610983916
Department of Health,NHS Fareham and Gosport CCG,30/04/2018,Hlthcre-Foundation Trsts,ACUTE COMMISSIONING,HAMPSHIRE HOSPITALS NHS FOUNDATION TRUST,21712260,"55,409.00",,40079814
Department of Health,NHS Fareham and Gosport CCG,30/04/2018,C&M-GMS Global Sum,PRC DELEGATED CO-COMMISSIONING,HIGHLANDS PRACTICE,21818536,"109,426.53",773865873,SO000060219
Department of Health,NHS Fareham and Gosport CCG,30/04/2018,C&M-GMS Global Sum,PRC DELEGATED CO-COMMISSIONING,JUBILEE SURGERY,21818538,"61,270.31",,SO000060221
Department of Health,NHS Fareham and Gosport CCG,30/04/2018,C&M-GMS Global Sum,PRC DELEGATED CO-COMMISSIONING,LEE-ON-THE-SOLENT MEDICAL PRACTICE,21818540,"53,125.98",,SO000060223
Department of Health,NHS Fareham and Gosport CCG,30/04/2018,C&M-GMS Global Sum,PRC DELEGATED CO-COMMISSIONING,LOCKSWOOD SURGERY,21818542,"78,895.65",,SO000060225
Department of Health,NHS Fareham and Gosport CCG,30/04/2018,C&M-GMS Global Sum,PRC DELEGATED CO-COMMISSIONING,MANOR WAY SURGERY SUITE B,21818544,"31,140.19",,SO000060227
Department of Health,NHS Fareham and Gosport CCG,30/04/2018,Basic Sal-Rechgs to-from Other NHS,PERFORMANCE,NHS PORTSMOUTH CCG,21570737,"37,421.47",,7028000477
Department of Health,NHS Fareham and Gosport CCG,30/04/2018,Basic Sal-Rechgs to-from Other NHS,FINANCE,NHS PORTSMOUTH CCG,21570737,"42,068.86",,7028000477
Department of Health,NHS Fareham and Gosport CCG,30/04/2018,Basic Sal-Rechgs to-from Other NHS,COMMUNICATIONS & PR,NHS SOUTH EASTERN HAMPSHIRE CCG,21609811,"25,087.25",,7028200547
Department of Health,NHS Fareham and Gosport CCG,30/04/2018,Basic Sal-Rechgs to-from Other NHS,BUSINESS DEVELOPMENT,NHS SOUTH EASTERN HAMPSHIRE CCG,21609811,"32,130.23",,7028200547
Department of Health,NHS Fareham and Gosport CCG,30/04/2018,Basic Sal-Rechgs to-from Other NHS,PRIMARY CARE SUPPORT,NHS SOUTH EASTERN HAMPSHIRE CCG,21609811,"36,397.17",,7028200547
Department of Health,NHS Fareham and Gosport CCG,30/04/2018,Chrgs from SLA,CORPORATE COSTS & SERVICES,NHS SOUTH EASTERN HAMPSHIRE CCG,21570745,"37,662.22",,7028200539
Department of Health,NHS Fareham and Gosport CCG,30/04/2018,Basic Sal-Rechgs to-from Other NHS,CEO/ BOARD OFFICE,NHS SOUTH EASTERN HAMPSHIRE CCG,21609811,"48,931.38",,7028200547
Department of Health,NHS Fareham and Gosport CCG,30/04/2018,Basic Sal-Rechgs to-from Other NHS,FINANCE,NHS SOUTH EASTERN HAMPSHIRE CCG,21609811,"54,289.42",,7028200547
Department of Health,NHS Fareham and Gosport CCG,30/04/2018,Basic Sal-Rechgs to-from Other NHS,COMMISSIONING,NHS SOUTH EASTERN HAMPSHIRE CCG,21609811,"73,361.06",,7028200547
Department of Health,NHS Fareham and Gosport CCG,30/04/2018,Basic Sal-Rechgs to-from Other NHS,MEDICINES MANAGEMENT - CLINICAL,NHS SOUTH EASTERN HAMPSHIRE CCG,21609811,"73,536.51",,7028200547
Department of Health,NHS Fareham and Gosport CCG,30/04/2018,Basic Sal-Rechgs to-from Other NHS,Nursing and Quality Programme,NHS SOUTH EASTERN HAMPSHIRE CCG,21609811,"96,895.88",,7028200547
Department of Health,NHS Fareham and Gosport CCG,30/04/2018,NHS Recbles <1Yr- CHC Risk Pool Con,BALANCE SHEET,NHS WEST HAMPSHIRE CCG,21972189,"51,103.00",,7028602992
Department of Health,NHS Fareham and Gosport CCG,30/04/2018,NHS Recbles <1Yr- CHC Risk Pool Con,BALANCE SHEET,NHS WEST HAMPSHIRE CCG,21972188,"51,103.09",,7028602976
Department of Health,NHS Fareham and Gosport CCG,30/04/2018,Cont Care-Funded Nursing Care Allow,FUNDED NURSING CARE,NHS WEST HAMPSHIRE CCG,21712278,"333,808.00",,7028602980
Department of Health,NHS Fareham and Gosport CCG,30/04/2018,Cont Care- Adult 100% Fully Funded,CHC ADULT FULLY FUNDED,NHS WEST HAMPSHIRE CCG,21712280,"1,913,898.00",,7028602984
Department of Health,NHS Fareham and Gosport CCG,30/04/2018,Clinical&Medical-Independent Sector,OUT OF HOURS,PARTNERING HEALTH LTD,21712199,"124,934.39",,IN01036
Department of Health,NHS Fareham and Gosport CCG,30/04/2018,C&M-GMS Global Sum,PRC DELEGATED CO-COMMISSIONING,PORTCHESTER PRACTICE,21818546,"65,718.93",,SO000060229
Department of Health,NHS Fareham and Gosport CCG,30/04/2018,Hcare Srv Rec NHS Trust,ACUTE COMMISSIONING,PORTSMOUTH HOSPITALS NHS TRUST,21609812,"-644,177.00",,9352311
Department of Health,NHS Fareham and Gosport CCG,30/04/2018,Hcare Srv Rec NHS Trust-Non Contract,NCAS/OATS,PORTSMOUTH HOSPITALS NHS TRUST,21570559,"52,524.51",,9323940
Department of Health,NHS Fareham and Gosport CCG,30/04/2018,Hcare Srv Rec NHS Trust,ACUTE COMMISSIONING,PORTSMOUTH HOSPITALS NHS TRUST,21609813,"9,492,139.00",,9352332
Department of Health,NHS Fareham and Gosport CCG,30/04/2018,Hcare Srv Rec NHS Trust,ACUTE COMMISSIONING,PORTSMOUTH HOSPITALS NHS TRUST,21972194,"9,492,139.00",,9353097
Department of Health,NHS Fareham and Gosport CCG,30/04/2018,C&M-GMS Global Sum,PRC DELEGATED CO-COMMISSIONING,ROWNER HEALTH CENTRE,21837271,"43,943.96",,SO000060231
Department of Health,NHS Fareham and Gosport CCG,30/04/2018,Hcare Srv Rec NHS Trust,RECHARGES NHS PROPERTY SERVICES LTD,SOLENT NHS TRUST,21609794,"-163,538.34",,54153867
Department of Health,NHS Fareham and Gosport CCG,30/04/2018,Hcare Srv Rec NHS Trust,COMMUNITY SERVICES,SOLENT NHS TRUST,21922890,"-107,214.00",,54154344
Department of Health,NHS Fareham and Gosport CCG,30/04/2018,Hcare Srv Rec NHS Trust,MENTAL HEALTH CONTRACTS,SOLENT NHS TRUST,21570583,"26,561.00",,54153701
Department of Health,NHS Fareham and Gosport CCG,30/04/2018,Hcare Srv Rec NHS Trust-Contract Cost per Case,COMMUNITY SERVICES,SOLENT NHS TRUST,21712263,"26,912.00",,54154222
Department of Health,NHS Fareham and Gosport CCG,30/04/2018,Hcare Srv Rec NHS Trust,MENTAL HEALTH CONTRACTS,SOLENT NHS TRUST,21712262,"59,909.00",,54154221
Department of Health,NHS Fareham and Gosport CCG,30/04/2018,Hcare Srv Rec NHS Trust,COMMUNITY SERVICES,SOLENT NHS TRUST,21712261,"347,608.00",,54154220
Department of Health,NHS Fareham and Gosport CCG,30/04/2018,Hlthcre-Foundation Trsts,AMBULANCE SERVICES,SOUTH CENTRAL AMBULANCE SERVICE NHS FOUNDATION TRUST,21570585,"33,670.76",654923613,INV0048244
Department of Health,NHS Fareham and Gosport CCG,30/04/2018,Hlthcre-Foundation Trsts,PATIENT TRANSPORT,SOUTH CENTRAL AMBULANCE SERVICE NHS FOUNDATION TRUST,21712265,"145,560.48",654923613,INV0048442
Department of Health,NHS Fareham and Gosport CCG,30/04/2018,Hlthcre-Foundation Trsts,AMBULANCE SERVICES,SOUTH CENTRAL AMBULANCE SERVICE NHS FOUNDATION TRUST,21712251,"572,516.96",654923613,INV0048366
Department of Health,NHS Fareham and Gosport CCG,30/04/2018,Hlthcre-Foundation Trsts,ACUTE COMMISSIONING,SOUTHAMPTON UNIVERSITY HOSPITALS NHS FOUNDATION TRUST,21712202,"718,104.00",,7315024
Department of Health,NHS Fareham and Gosport CCG,30/04/2018,Clinical&Medical-Independent Sector,PRIMARY CARE INVESTMENTS,SOUTHERN HAMPSHIRE PRIMARY CARE ALLIANCE,21820154,"50,000.00",,0GPEA1718006
Department of Health,NHS Fareham and Gosport CCG,30/04/2018,Hlthcre-Foundation Trsts,MENTAL HEALTH CONTRACTS,SOUTHERN HEALTH NHS FOUNDATION TRUST,21807241,"64,349.00",,43647833
Department of Health,NHS Fareham and Gosport CCG,30/04/2018,Hlthcre-Foundation Trsts,MENTAL HEALTH CONTRACTS,SOUTHERN HEALTH NHS FOUNDATION TRUST,21570587,"72,705.00",,43647453
Department of Health,NHS Fareham and Gosport CCG,30/04/2018,Clinical&Medical-Serv Recd-F Trsts,GP FORWARD VIEW,SOUTHERN HEALTH NHS FOUNDATION TRUST,21609790,"81,996.21",,43647447
Department of Health,NHS Fareham and Gosport CCG,30/04/2018,Hlthcre-Foundation Trsts,IMPROVING ACCESS TO PSYCHOLOGICAL THERAPIES,SOUTHERN HEALTH NHS FOUNDATION TRUST,21712275,"99,000.00",,43647792
Department of Health,NHS Fareham and Gosport CCG,30/04/2018,Hlthcre-Foundation Trsts,MENTAL HEALTH CONTRACTS,SOUTHERN HEALTH NHS FOUNDATION TRUST,21712274,"975,038.00",,43647791
Department of Health,NHS Fareham and Gosport CCG,30/04/2018,Hlthcre-Foundation Trsts,COMMUNITY SERVICES,SOUTHERN HEALTH NHS FOUNDATION TRUST,21712276,"1,314,225.00",,43647801
Department of Health,NHS Fareham and Gosport CCG,30/04/2018,Clinical&Medical-Independent Sector,ACUTE COMMISSIONING,SPIRE HEALTHCARE LTD,21712253,"62,718.00",915970991,10KPTMPF181901
Department of Health,NHS Fareham and Gosport CCG,30/04/2018,Clinical&Medical-Independent Sector,ACUTE COMMISSIONING,SPIRE HEALTHCARE LTD,21922984,"81,110.90",915970991,10KPTMREC171811
Department of Health,NHS Fareham and Gosport CCG,30/04/2018,Clinical&Medical-Independent Sector,ACUTE COMMISSIONING,SPIRE HEALTHCARE LTD,21570594,"99,375.30",915970991,10KPTMREC171810
Department of Health,NHS Fareham and Gosport CCG,30/04/2018,C&M-GMS Global Sum,PRC DELEGATED CO-COMMISSIONING,STUBBINGTON MEDICAL PRACTICE,21818549,"92,290.95",,SO000060235
Department of Health,NHS Fareham and Gosport CCG,30/04/2018,Hlthcre-Foundation Trsts,CHILD AND ADOLESCENT MENTAL HEALTH,SUSSEX PARTNERSHIP NHS FOUNDATION TRUST,21712277,"151,067.00",654422543,6470307
Department of Health,NHS Fareham and Gosport CCG,30/04/2018,C&M-GMS Global Sum,PRC DELEGATED CO-COMMISSIONING,WESTLANDS MEDICAL CENTRE,21818551,"70,522.62",,SO000060237
Department of Health,NHS Fareham and Gosport CCG,30/04/2018,C&M-GMS Global Sum,PRC DELEGATED CO-COMMISSIONING,WHITELEY & LOCKS ROAD SURGERIES,21818553,"70,340.95",,SO000060239
Department of Health,NHS Fareham and Gosport CCG,30/04/2018,C&M-GMS Prem Actual Rent,PRC DELEGATED CO-COMMISSIONING,WILLOW GROUP (THE),21820115,"28,098.57",,SO000060233
Department of Health,NHS Fareham and Gosport CCG,30/04/2018,C&M-GMS QOF Aspiration,PRC DELEGATED CO-COMMISSIONING,WILLOW GROUP (THE),21820115,"30,096.78",,SO000060233
Department of Health,NHS Fareham and Gosport CCG,30/04/2018,C&M-GMS LES Diabetes-Insulin (GTT),COMMISSIONING SCHEMES,WILLOW GROUP (THE),21850736,"35,831.04",,0ACHV1718018
Department of Health,NHS Fareham and Gosport CCG,30/04/2018,C&M-GMS LES Shared Care,COMMISSIONING SCHEMES,WILLOW GROUP (THE),21850769,"46,424.96",,0ACHV1718036
Department of Health,NHS Fareham and Gosport CCG,30/04/2018,C&M-GMS Global Sum,PRC DELEGATED CO-COMMISSIONING,WILLOW GROUP (THE),21820115,"261,862.91",,SO000060233
