Department family,Entity,Date,Expense Type,Expense area,Supplier,Transaction number,AP Amount (�),VAT registration number,Purchase invoice number
Department of Health,NHS Fareham and Gosport CCG,31/12/2018,C&M-PMS Contract Value,PRC DELEGATED CO-COMMISSIONING,BRIDGEMARY MEDICAL CENTRE,25070018,"64,823.56",,SO000066249
Department of Health,NHS Fareham and Gosport CCG,31/12/2018,C&M-GMS Global Sum,PRC DELEGATED CO-COMMISSIONING,BROCKHURST MEDICAL CENTRE,25257822,"42,663.56",,SO000066397
Department of Health,NHS Fareham and Gosport CCG,31/12/2018,C&M-GMS Global Sum,PRC DELEGATED CO-COMMISSIONING,BROOK LANE SURGERY,25257824,"79,818.99",,SO000066399
Department of Health,NHS Fareham and Gosport CCG,31/12/2018,C&M-GMS Global Sum,PRC DELEGATED CO-COMMISSIONING,BURY ROAD SURGERY,25257820,"30,738.30",,SO000066395
Department of Health,NHS Fareham and Gosport CCG,31/12/2018,Clinical&Medical-Independent Sector,CLINICAL ASSESSMENT AND TREATMENT CENTRES,CARE UK CLINICAL SERVICES LTD,25352836,"210,891.66",,100083124
Department of Health,NHS Fareham and Gosport CCG,31/12/2018,C&M-GMS Global Sum,PRC DELEGATED CO-COMMISSIONING,CENTRE PRACTICE (THE),25257826,"109,969.21",,SO000066401
Department of Health,NHS Fareham and Gosport CCG,31/12/2018,C&M-PMS Prem Actual Rent,PRC DELEGATED CO-COMMISSIONING,GOSPORT MEDICAL CENTRE,25070020,"32,151.21",,SO000066251
Department of Health,NHS Fareham and Gosport CCG,31/12/2018,C&M-PMS Contract Value,PRC DELEGATED CO-COMMISSIONING,GOSPORT MEDICAL CENTRE,25070020,"73,819.06",,SO000066251
Department of Health,NHS Fareham and Gosport CCG,31/12/2018,C&M-GMS Global Sum,PRC DELEGATED CO-COMMISSIONING,GUDGE HEATH LANE SURGERY,25257828,"58,826.16",,SO000066403
Department of Health,NHS Fareham and Gosport CCG,31/12/2018,Clinical&Medical-Othe Public Sector,COMMUNITY SERVICES,HAMPSHIRE COUNTY COUNCIL,25177724,"1,000,955.55",GB189406822,3611059379
Department of Health,NHS Fareham and Gosport CCG,31/12/2018,Hlthcre-Foundation Trsts,ACUTE COMMISSIONING,HAMPSHIRE HOSPITALS NHS FOUNDATION TRUST,25177667,"55,297.00",654932122,40086944
Department of Health,NHS Fareham and Gosport CCG,31/12/2018,C&M-GMS Global Sum,PRC DELEGATED CO-COMMISSIONING,HIGHLANDS PRACTICE,25282985,"109,601.61",773865873,SO000066405
Department of Health,NHS Fareham and Gosport CCG,31/12/2018,C&M-GMS Global Sum,PRC DELEGATED CO-COMMISSIONING,JUBILEE SURGERY,25257831,"62,200.59",,SO000066407
Department of Health,NHS Fareham and Gosport CCG,31/12/2018,C&M-GMS Global Sum,PRC DELEGATED CO-COMMISSIONING,LEE-ON-THE-SOLENT MEDICAL PRACTICE,25257833,"54,295.38",,SO000066409
Department of Health,NHS Fareham and Gosport CCG,31/12/2018,C&M-GMS Global Sum,PRC DELEGATED CO-COMMISSIONING,LOCKSWOOD SURGERY,25257835,"80,117.18",,SO000066411
Department of Health,NHS Fareham and Gosport CCG,31/12/2018,C&M-GMS Global Sum,PRC DELEGATED CO-COMMISSIONING,MANOR WAY SURGERY SUITE B,25257837,"31,172.87",,SO000066413
Department of Health,NHS Fareham and Gosport CCG,31/12/2018,Clinical&Medical-Independent Sector,WHEELCHAIR SERVICE,MILLBROOK HEALTHCARE LTD,25177691,"42,501.35",GB675991080,20563
Department of Health,NHS Fareham and Gosport CCG,31/12/2018,Healthcare Srv Rec CCG,ACUTE COMMISSIONING,NHS EAST BERKSHIRE CCG,25025645,"78,273.00",654464815,7031600627
Department of Health,NHS Fareham and Gosport CCG,31/12/2018,Charges from CSU,PRIMARY CARE IT,NHS SOUTH CENTRAL AND WEST COMMISSIONING SUPPORT UNIT,25177631,"33,437.35",,7312707571
Department of Health,NHS Fareham and Gosport CCG,31/12/2018,Charges from CSU,CORPORATE COSTS & SERVICES,NHS SOUTH CENTRAL AND WEST COMMISSIONING SUPPORT UNIT,25177631,"67,665.37",,7312707571
Department of Health,NHS Fareham and Gosport CCG,31/12/2018,Basic Sal-Rechgs to-from Other NHS,CONTINUING HEALTHCARE ASSESSMENT & SUPPORT,NHS WEST HAMPSHIRE CCG,25352843,"100,437.00",,7028603299
Department of Health,NHS Fareham and Gosport CCG,31/12/2018,Cont Care-Funded Nursing Care Allow,FUNDED NURSING CARE,NHS WEST HAMPSHIRE CCG,25177790,"291,220.00",,7028603280
Department of Health,NHS Fareham and Gosport CCG,31/12/2018,Cont Care- Adult 100% Fully Funded,CHC ADULT FULLY FUNDED,NHS WEST HAMPSHIRE CCG,25177818,"2,385,020.00",,7028603284
Department of Health,NHS Fareham and Gosport CCG,31/12/2018,Clinical&Medical-Independent Sector,OUT OF HOURS,PARTNERING HEALTH LTD,25177500,"132,151.00",,IN01178
Department of Health,NHS Fareham and Gosport CCG,31/12/2018,C&M-GMS Global Sum,PRC DELEGATED CO-COMMISSIONING,PORTCHESTER PRACTICE,25257839,"67,201.65",,SO000066415
Department of Health,NHS Fareham and Gosport CCG,31/12/2018,Services From Local Authorities,COMMUNITY SERVICES,PORTSMOUTH CITY COUNCIL,25276210,"31,804.00",108365672,30223031
Department of Health,NHS Fareham and Gosport CCG,31/12/2018,Hcare Srv Rec NHS Trust,ACUTE COMMISSIONING,PORTSMOUTH HOSPITALS NHS TRUST,25276253,"2,000,000.00",654936991,9369043
Department of Health,NHS Fareham and Gosport CCG,31/12/2018,Hcare Srv Rec NHS Trust,ACUTE COMMISSIONING,PORTSMOUTH HOSPITALS NHS TRUST,25372328,"7,089,361.00",654936991,9369108
Department of Health,NHS Fareham and Gosport CCG,31/12/2018,Computer Software/License,PRIMARY CARE IT,QMASTERS MEDICAL INFORMATICS LTD,25203039,"62,282.78",222744132,INV2560
Department of Health,NHS Fareham and Gosport CCG,31/12/2018,C&M-GMS Global Sum,PRC DELEGATED CO-COMMISSIONING,ROWNER HEALTH CENTRE,25257841,"45,356.84",,SO000066417
Department of Health,NHS Fareham and Gosport CCG,31/12/2018,Hcare Srv Rec NHS Trust-Contract Cost per Case,COMMUNITY SERVICES,SOLENT NHS TRUST,25177723,"30,030.00",654441188,54156691
Department of Health,NHS Fareham and Gosport CCG,31/12/2018,Hcare Srv Rec NHS Trust,MENTAL HEALTH CONTRACTS,SOLENT NHS TRUST,25177722,"58,793.00",654441188,54156690
Department of Health,NHS Fareham and Gosport CCG,31/12/2018,Hcare Srv Rec NHS Trust,COMMUNITY SERVICES,SOLENT NHS TRUST,25177720,"371,111.00",654441188,54156689
Department of Health,NHS Fareham and Gosport CCG,31/12/2018,Hlthcre-Foundation Trsts,AMBULANCE SERVICES,SOUTH CENTRAL AMBULANCE SERVICE NHS FOUNDATION TRUST,25177614,"42,658.18",654923613,INV0049827
Department of Health,NHS Fareham and Gosport CCG,31/12/2018,Hlthcre-Foundation Trsts,PATIENT TRANSPORT,SOUTH CENTRAL AMBULANCE SERVICE NHS FOUNDATION TRUST,25177621,"129,923.02",654923613,INV0049747
Department of Health,NHS Fareham and Gosport CCG,31/12/2018,Hlthcre-Foundation Trsts,AMBULANCE SERVICES,SOUTH CENTRAL AMBULANCE SERVICE NHS FOUNDATION TRUST,25177618,"583,999.46",654923613,INV0049718
Department of Health,NHS Fareham and Gosport CCG,31/12/2018,Hlthcre-Foundation Trsts,ACUTE COMMISSIONING,SOUTHAMPTON UNIVERSITY HOSPITALS NHS FOUNDATION TRUST,25025640,"792,404.00",654942706,7326617
Department of Health,NHS Fareham and Gosport CCG,31/12/2018,Clinical&Medical-Independent Sector,GP FORWARD VIEW,SOUTHERN HAMPSHIRE PRIMARY CARE ALLIANCE,25275648,"94,905.02",,FG009
Department of Health,NHS Fareham and Gosport CCG,31/12/2018,Hlthcre-Foundation Trsts,IMPROVING ACCESS TO PSYCHOLOGICAL THERAPIES,SOUTHERN HEALTH NHS FOUNDATION TRUST,25177713,"98,903.00",654412253,43651355
Department of Health,NHS Fareham and Gosport CCG,31/12/2018,Hlthcre-Foundation Trsts,MENTAL HEALTH CONTRACTS,SOUTHERN HEALTH NHS FOUNDATION TRUST,25177712,"991,630.00",654412253,43651354
Department of Health,NHS Fareham and Gosport CCG,31/12/2018,Hlthcre-Foundation Trsts,COMMUNITY SERVICES,SOUTHERN HEALTH NHS FOUNDATION TRUST,25177719,"1,320,869.00",654412253,43651364
Department of Health,NHS Fareham and Gosport CCG,31/12/2018,Clinical&Medical-Independent Sector,ACUTE COMMISSIONING,SPIRE HEALTHCARE LTD,25352850,"53,691.57",915970991,10KPTMREC181907
Department of Health,NHS Fareham and Gosport CCG,31/12/2018,Clinical&Medical-Independent Sector,ACUTE COMMISSIONING,SPIRE HEALTHCARE LTD,25025721,"123,030.00",915970991,10KPTMPF181909
Department of Health,NHS Fareham and Gosport CCG,31/12/2018,C&M-GMS Global Sum,PRC DELEGATED CO-COMMISSIONING,STUBBINGTON MEDICAL PRACTICE,25257843,"93,788.38",,SO000066420
Department of Health,NHS Fareham and Gosport CCG,31/12/2018,Hlthcre-Foundation Trsts,CHILD AND ADOLESCENT MENTAL HEALTH,SUSSEX PARTNERSHIP NHS FOUNDATION TRUST,25177757,"154,474.00",654422543,6472162
Department of Health,NHS Fareham and Gosport CCG,31/12/2018,C&M-GMS Global Sum,PRC DELEGATED CO-COMMISSIONING,WESTLANDS MEDICAL CENTRE,25257845,"72,431.06",,SO000066422
Department of Health,NHS Fareham and Gosport CCG,31/12/2018,C&M-GMS Prem Actual Rent,PRC DELEGATED CO-COMMISSIONING,WHITELEY & LOCKS ROAD SURGERIES,25282986,"33,333.30",,SO000066424
Department of Health,NHS Fareham and Gosport CCG,31/12/2018,C&M-GMS Global Sum,PRC DELEGATED CO-COMMISSIONING,WHITELEY & LOCKS ROAD SURGERIES,25282986,"71,513.48",,SO000066424
Department of Health,NHS Fareham and Gosport CCG,31/12/2018,C&M-GMS QOF Aspiration,PRC DELEGATED CO-COMMISSIONING,WILLOW GROUP (THE),25267074,"30,096.78",,SO000066418
Department of Health,NHS Fareham and Gosport CCG,31/12/2018,C&M-GMS Cost of Drugs -Prescribing,LOCAL ENHANCED SERVICES,WILLOW GROUP (THE),25323039,"46,703.02",,SO000066816
Department of Health,NHS Fareham and Gosport CCG,31/12/2018,C&M-GMS Prem Actual Rent,PRC DELEGATED CO-COMMISSIONING,WILLOW GROUP (THE),25267074,"108,149.35",,SO000066418
Department of Health,NHS Fareham and Gosport CCG,31/12/2018,C&M-GMS Global Sum,PRC DELEGATED CO-COMMISSIONING,WILLOW GROUP (THE),25267074,"256,190.53",,SO000066418
