Department family,Entity,Date,Expense Type,Expense area,Supplier,Transaction number,AP Amount (�),VAT registration number,Purchase invoice number
Department of Health,NHS West Lancashire CCG,4/30/2018,Clinical&Medical-Independent Sector,COMMUNITY SERVICES,MEDEQUIP ASSISTIVE TECHNOLOGY LTD,21568343,"38,539.56 ",218788662,41649
Department of Health,NHS West Lancashire CCG,4/30/2018,Hlthcre-Foundation Trsts,CHILD AND ADOLESCENT MENTAL HEALTH,LANCASHIRE CARE NHS FOUNDATION TRUST,21589678,"44,382.00 ",654923319,I0057741
Department of Health,NHS West Lancashire CCG,4/30/2018,Cont Care-Physical Disab (<65),CHC AD FULL FUND PERS HLTH BUD,YOUR LIFE YOUR WAY,21611031,"39,517.66 ",,171116
Department of Health,NHS West Lancashire CCG,4/30/2018,Income tax <1Yr,BALANCE SHEET,HMRC,21688064,"55,987.68 ",,475PX004406621812
Department of Health,NHS West Lancashire CCG,4/30/2018,Clinical&Medical-Independent Sector,ACUTE COMMISSIONING,GUY PILKINGTON MEMORIAL HOME LTD,21729859,"72,435.00 ",,102531
Department of Health,NHS West Lancashire CCG,4/30/2018,Hlthcre-Foundation Trsts,ACUTE COMMISSIONING,LIVERPOOL HEART AND CHEST HOSPITAL NHS TRUST,21729870,"73,350.83 ",654914712,12771981
Department of Health,NHS West Lancashire CCG,4/30/2018,Hcare Srv Rec NHS Trust,ACUTE COMMISSIONING,ROYAL LIVERPOOL AND BROADGREEN UNIVERSITY HOSPITALS NHS TRUST,21729899,"201,885.00 ",654966000,8610080312
Department of Health,NHS West Lancashire CCG,4/30/2018,Hcare Srv Rec NHS Trust,ACUTE COMMISSIONING,ST HELENS AND KNOWSLEY HOSPITALS NHS TRUST,21729904,"136,296.00 ",,16773972
Department of Health,NHS West Lancashire CCG,4/30/2018,Hlthcre-Foundation Trsts,ACUTE COMMISSIONING,ALDER HEY CHILDRENS NHS FOUNDATION TRUST,21729918,"72,663.92 ",,9110025629
Department of Health,NHS West Lancashire CCG,4/30/2018,Hlthcre-Foundation Trsts,ACUTE COMMISSIONING,AINTREE UNIVERSITY HOSPITALS NHS FOUNDATION TRUST,21729925,"445,563.83 ",,8410037257
Department of Health,NHS West Lancashire CCG,4/30/2018,Hlthcre-Foundation Trsts,ACUTE COMMISSIONING,LANCASHIRE TEACHING HOSPITALS NHS FOUNDATION TRUST,21729971,"167,691.00 ",,15311630
Department of Health,NHS West Lancashire CCG,4/30/2018,Cont Care-Physical Disab (<65),CHC AD FULL FUND PERS HLTH BUD,YOUR LIFE YOUR WAY,21729981,"61,914.58 ",,650615
Department of Health,NHS West Lancashire CCG,4/30/2018,Hlthcre-Foundation Trsts,LEARNING DIFFICULTIES,MERSEY CARE NHS TRUST,21729986,"143,415.00 ",654 412 841,I0037413
Department of Health,NHS West Lancashire CCG,4/30/2018,Clinical&Medical-Commercial Sector,COMMUNITY SERVICES,VIRGIN CARE SERVICES LTD,21729997,"325,416.00 ",GB918510332,10300812997
Department of Health,NHS West Lancashire CCG,4/30/2018,Other Transport Costs,PATIENT TRANSPORT,NORTH WEST AMBULANCE SERVICE NHS TRUST,21730007,"54,620.00 ",654435138,4110037821
Department of Health,NHS West Lancashire CCG,4/30/2018,Hlthcre-Foundation Trsts,ACUTE COMMISSIONING,LIVERPOOL WOMENS HOSPITAL NHS FOUNDATION TRUST,21730016,"55,567.41 ",654928891,9410018583
Department of Health,NHS West Lancashire CCG,4/30/2018,Hcare Srv Rec NHS Trust,AMBULANCE SERVICES,NORTH WEST AMBULANCE SERVICE NHS TRUST,21730022,"261,433.00 ",654435138,4110037914
Department of Health,NHS West Lancashire CCG,4/30/2018,Hlthcre-Foundation Trsts,ACUTE COMMISSIONING,SALFORD ROYAL NHS FOUNDATION TRUST,21730037,"25,210.08 ",654939786,S0015441
Department of Health,NHS West Lancashire CCG,4/30/2018,C&M-GP PRACTICE REVENUE - PCTF,GP FORWARD VIEW,NHS GREATER PRESTON CCG,21778652,"28,000.00 ",,7012100260
Department of Health,NHS West Lancashire CCG,4/30/2018,NHS Recbles <1Yr- CHC Risk Pool Con,BALANCE SHEET,ELIZABETH MCCORMICK,21778654,"35,061.86 ",,LB01
Department of Health,NHS West Lancashire CCG,4/30/2018,Clinical&Medical-Commercial Sector,COMMUNITY SERVICES,VIRGIN CARE SERVICES LTD,21822052,"749,373.15 ",GB918510332,10300812996
Department of Health,NHS West Lancashire CCG,4/30/2018,Clinical&Medical-Voluntary Sector,HOSPICES,QUEENSCOURT HOSPICE,21822083,"100,000.00 ",,2595
Department of Health,NHS West Lancashire CCG,4/30/2018,Clinical&Medical-Commercial Sector,PLANNED CARE,PDS MEDICAL,21822120,"28,924.53 ",,1145
Department of Health,NHS West Lancashire CCG,4/30/2018,Hcare Srv Rec Fdtn Trust-Non Contract,NCAS/OATS,LANCASHIRE CARE NHS FOUNDATION TRUST,21822132,"55,537.00 ",654923319,I0058374
Department of Health,NHS West Lancashire CCG,4/30/2018,Hlthcre-Foundation Trsts,ACUTE COMMISSIONING,WRIGHTINGTON WIGAN & LEIGH NHS FOUNDATION TRUST,21830293,"745,762.00 ",GB654951509,55576297
Department of Health,NHS West Lancashire CCG,4/30/2018,C&M-GMS Global Sum,PRC DELEGATED CO-COMMISSIONING,AUGHTON SURGERY,21890751,"52,228.45 ",,LA000041464
Department of Health,NHS West Lancashire CCG,4/30/2018,C&M-GMS Global Sum,PRC DELEGATED CO-COMMISSIONING,BURSCOUGH FAMILY PRACTICE,21890753,"25,820.42 ",,LA000041466
Department of Health,NHS West Lancashire CCG,4/30/2018,C&M-GMS Global Sum,PRC DELEGATED CO-COMMISSIONING,ELMS,21890757,"48,540.15 ",,LA000041472
Department of Health,NHS West Lancashire CCG,4/30/2018,C&M-GMS Global Sum,PRC DELEGATED CO-COMMISSIONING,HALL GREEN SURGERY,21890759,"72,611.09 ",,LA000041474
Department of Health,NHS West Lancashire CCG,4/30/2018,C&M-GMS Global Sum,PRC DELEGATED CO-COMMISSIONING,LATHOM HOUSE SURGERY,21890761,"47,002.05 ",,LA000041476
Department of Health,NHS West Lancashire CCG,4/30/2018,C&M-GMS Global Sum,PRC DELEGATED CO-COMMISSIONING,MATTHEW RYDER CLINIC,21890763,"27,525.04 ",,LA000041478
Department of Health,NHS West Lancashire CCG,4/30/2018,C&M-GMS Global Sum,PRC DELEGATED CO-COMMISSIONING,MANOR PRIMARY CARE,21890765,"53,129.56 ",,LA000041480
Department of Health,NHS West Lancashire CCG,4/30/2018,C&M-GMS Global Sum,PRC DELEGATED CO-COMMISSIONING,PARBOLD SURGERY,21890767,"65,830.79 ",,LA000041482
Department of Health,NHS West Lancashire CCG,4/30/2018,C&M-GMS Global Sum,PRC DELEGATED CO-COMMISSIONING,PARKGATE SURGERY ORMSKIRK,21890769,"63,593.25 ",,LA000041484
Department of Health,NHS West Lancashire CCG,4/30/2018,C&M-GMS Global Sum,PRC DELEGATED CO-COMMISSIONING,ORMSKIRK MEDICAL PRACTICE,21890771,"77,287.13 ",,LA000041486
Department of Health,NHS West Lancashire CCG,4/30/2018,C&M-GMS Global Sum,PRC DELEGATED CO-COMMISSIONING,STANLEY COURT SURGERY,21890773,"48,386.42 ",,LA000041488
Department of Health,NHS West Lancashire CCG,4/30/2018,C&M-GMS Global Sum,PRC DELEGATED CO-COMMISSIONING,TARLETON GROUP PRACTICE,21890775,"73,585.00 ",,LA000041490
Department of Health,NHS West Lancashire CCG,4/30/2018,ME-GMS GP Pension EEs,PRC DELEGATED CO-COMMISSIONING,SKELMERSDALE FAMILY PRACTICE,21890781,"(26,481.09)",,LA000041493
Department of Health,NHS West Lancashire CCG,4/30/2018,C&M-GMS Global Sum,PRC DELEGATED CO-COMMISSIONING,SKELMERSDALE FAMILY PRACTICE,21890782,"143,432.07 ",,LA000041494
Department of Health,NHS West Lancashire CCG,4/30/2018,C&M-GMS Global Sum,PRC DELEGATED CO-COMMISSIONING,ASHURST PRIMARY CARE,21909664,"44,908.31 ",,LA000041462
Department of Health,NHS West Lancashire CCG,4/30/2018,C&M-GMS Global Sum,PRC DELEGATED CO-COMMISSIONING,DR S BISWAS & PARTNERS,21909666,"195,266.06 ",,LA000041470
Department of Health,NHS West Lancashire CCG,4/30/2018,Hlthcre-Foundation Trsts,ACUTE COMMISSIONING,LANCASHIRE TEACHING HOSPITALS NHS FOUNDATION TRUST,21954883,"100,458.00 ",,15309242
Department of Health,NHS West Lancashire CCG,4/30/2018,Hlthcre-Foundation Trsts,ACUTE COMMISSIONING,LIVERPOOL WOMENS HOSPITAL NHS FOUNDATION TRUST,21954890,"55,567.41 ",654928891,9410018601
Department of Health,NHS West Lancashire CCG,4/30/2018,Clinical&Medical-Independent Sector,COMMUNITY SERVICES,MEDEQUIP ASSISTIVE TECHNOLOGY LTD,21954898,"61,778.33 ",218788662,41777
Department of Health,NHS West Lancashire CCG,4/30/2018,Hlthcre-Foundation Trsts,ACUTE COMMISSIONING,LIVERPOOL HEART AND CHEST HOSPITAL NHS TRUST,21954905,"95,168.82 ",654914712,12772294
Department of Health,NHS West Lancashire CCG,4/30/2018,Charges from CSU,CORPORATE COSTS & SERVICES,NHS MIDLANDS AND LANCASHIRE CSU,21954907,"105,397.69 ",GB 654442045,7312310155
Department of Health,NHS West Lancashire CCG,4/30/2018,Hcare Srv Rec NHS Trust,ACUTE COMMISSIONING,ROYAL LIVERPOOL AND BROADGREEN UNIVERSITY HOSPITALS NHS TRUST,21954910,"201,885.00 ",654966000,8610081753
Department of Health,NHS West Lancashire CCG,4/30/2018,Hlthcre-Foundation Trsts,ACUTE COMMISSIONING,ALDER HEY CHILDRENS NHS FOUNDATION TRUST,21954913,"72,663.92 ",,9110026000
Department of Health,NHS West Lancashire CCG,4/30/2018,Hcare Srv Rec NHS Trust,ACUTE COMMISSIONING,SOUTHPORT AND ORMSKIRK HOSPITAL NHS TRUST,21954917,"3,752,135.00 ",,7526118
Department of Health,NHS West Lancashire CCG,4/30/2018,Hlthcre-Foundation Trsts,COMMUNITY SERVICES,LANCASHIRE CARE NHS FOUNDATION TRUST,21954919,"133,134.00 ",654923319,I0058405
Department of Health,NHS West Lancashire CCG,4/30/2018,Hlthcre-Foundation Trsts,MENTAL HEALTH CONTRACTS,LANCASHIRE CARE NHS FOUNDATION TRUST,21954922,"864,012.00 ",654923319,I0058400
Department of Health,NHS West Lancashire CCG,4/30/2018,Hlthcre-Foundation Trsts,ACUTE COMMISSIONING,AINTREE UNIVERSITY HOSPITALS NHS FOUNDATION TRUST,21954923,"445,563.83 ",,8410037772
Department of Health,NHS West Lancashire CCG,4/30/2018,Hlthcre-Foundation Trsts,ACUTE COMMISSIONING,MANCHESTER UNIVERSITY NHS FOUNDATION TRUST,21954925,"46,889.42 ",654415538,0000353853
Department of Health,NHS West Lancashire CCG,4/30/2018,Hlthcre-Foundation Trsts,ACUTE COMMISSIONING,LANCASHIRE TEACHING HOSPITALS NHS FOUNDATION TRUST,21954936,"167,691.00 ",,15312744
Department of Health,NHS West Lancashire CCG,4/30/2018,Clinical&Medical-Drugs,COMMUNITY SERVICES,SOUTHPORT AND ORMSKIRK HOSPITAL NHS TRUST,21954940,"56,433.69 ",,7526279
Department of Health,NHS West Lancashire CCG,4/30/2018,Hcare Srv Rec NHS Trust,ACUTE COMMISSIONING,EAST LANCASHIRE HOSPITALS NHS TRUST,21960955,"81,734.02 ",,E0089694
Department of Health,NHS West Lancashire CCG,4/30/2018,Clinical&Medical-Othe Public Sector,COMMUNITY SERVICES,LANCASHIRE COUNTY COUNCIL,21960956,"632,464.99 ",,5200160592
Department of Health,NHS West Lancashire CCG,4/30/2018,Clinical&Medical-Independent Sector,ACUTE COMMISSIONING,RENACRES HOSPITAL,21960957,"287,327.42 ",,WL0418
Department of Health,NHS West Lancashire CCG,4/30/2018,Clinical&Medical-Independent Sector,ACUTE COMMISSIONING,FAIRFIELD GUY PILKINGTON MEMORIAL HOME LTD,16604002,"71,420.00 ",,102264R
Department of Health,NHS West Lancashire CCG,4/30/2018,Hcare Srv Rec NHS Trust,ACUTE COMMISSIONING,ST HELENS AND KNOWSLEY HOSPITALS NHS TRUST,16855701,"136,299.00 ",,16766072R
,,,,,,,,,
,,,,,,,,,
