Department family,Entity,Date,Expense Type,Expense area,Supplier,Transaction number,AP Amount (�),VAT registration number,Purchase invoice number
Department of Health,NHS West Lancashire CCG,12/31/2018,Training Expenses,OUT OF HOURS,OUT OF HOURS WEST LANCASHIRE CIC,25062286,"34,825.66 ",,INV0084
Department of Health,NHS West Lancashire CCG,12/31/2018,Hlthcre-Foundation Trsts,ACUTE COMMISSIONING,MANCHESTER UNIVERSITY NHS FOUNDATION TRUST,25062301,"35,634.58 ",654415538,0000418553
Department of Health,NHS West Lancashire CCG,12/31/2018,Hlthcre-Foundation Trsts,ACUTE COMMISSIONING,SALFORD ROYAL NHS FOUNDATION TRUST,25062313,"25,210.00 ",654939786,S0020862
Department of Health,NHS West Lancashire CCG,12/31/2018,Hlthcre-Foundation Trsts,LEARNING DIFFICULTIES,MERSEY CARE NHS TRUST,25062402,"49,327.26 ",654 412 841,I0038881
Department of Health,NHS West Lancashire CCG,12/31/2018,Hlthcre-Foundation Trsts,ACUTE COMMISSIONING,WALTON CENTRE NHS FOUNDATION TRUST,25153076,"58,137.49 ",654948002,N0020412
Department of Health,NHS West Lancashire CCG,12/31/2018,Hlthcre-Foundation Trsts,ACUTE COMMISSIONING,LIVERPOOL WOMENS HOSPITAL NHS FOUNDATION TRUST,25153082,"55,567.41 ",654928891,9410020690
Department of Health,NHS West Lancashire CCG,12/31/2018,Clinical&Medical-Independent Sector,ACUTE COMMISSIONING,GUY PILKINGTON MEMORIAL HOME LTD,25153090,"72,435.00 ",,102713
Department of Health,NHS West Lancashire CCG,12/31/2018,Hcare Srv Rec NHS Trust,ACUTE COMMISSIONING,ST HELENS AND KNOWSLEY HOSPITALS NHS TRUST,25153094,"177,173.00 ",654943996,16779776
Department of Health,NHS West Lancashire CCG,12/31/2018,Hcare Srv Rec NHS Trust,ACUTE COMMISSIONING,ROYAL LIVERPOOL AND BROADGREEN UNIVERSITY HOSPITALS NHS TRUST,25153098,"202,144.00 ",654966000,8610089580
Department of Health,NHS West Lancashire CCG,12/31/2018,Hlthcre-Foundation Trsts,ACUTE COMMISSIONING,ALDER HEY CHILDRENS NHS FOUNDATION TRUST,25153101,"73,231.00 ",654938985,9110028394
Department of Health,NHS West Lancashire CCG,12/31/2018,Hlthcre-Foundation Trsts,ACUTE COMMISSIONING,LIVERPOOL HEART AND CHEST HOSPITAL NHS TRUST,25153106,"84,259.83 ",654914712,12774584
Department of Health,NHS West Lancashire CCG,12/31/2018,Hlthcre-Foundation Trsts,ACUTE COMMISSIONING,LANCASHIRE TEACHING HOSPITALS NHS FOUNDATION TRUST,25153109,"190,661.00 ",654937107,15321161
Department of Health,NHS West Lancashire CCG,12/31/2018,Clinical&Medical-Commercial Sector,URGENT CARE,VIRGIN CARE SERVICES LTD,25153114,"301,568.22 ",GB918510332,10380007019
Department of Health,NHS West Lancashire CCG,12/31/2018,Clinical&Medical-Commercial Sector,COMMUNITY SERVICES,VIRGIN CARE SERVICES LTD,25153134,"698,790.97 ",GB918510332,10380007018
Department of Health,NHS West Lancashire CCG,12/31/2018,Other Transport Costs,PATIENT TRANSPORT,NORTH WEST AMBULANCE SERVICE NHS TRUST,25153143,"54,620.00 ",654435138,4110042741
Department of Health,NHS West Lancashire CCG,12/31/2018,Hcare Srv Rec NHS Trust,AMBULANCE SERVICES,NORTH WEST AMBULANCE SERVICE NHS TRUST,25153158,"262,380.00 ",654435138,4110042681
Department of Health,NHS West Lancashire CCG,12/31/2018,Hlthcre-Foundation Trsts,ACUTE COMMISSIONING,WRIGHTINGTON WIGAN & LEIGH NHS FOUNDATION TRUST,25153175,"796,603.00 ",GB654951509,55583654
Department of Health,NHS West Lancashire CCG,12/31/2018,Income tax <1Yr,BALANCE SHEET,HMRC,25169027,"28,010.60 ",,475PX004406621908
Department of Health,NHS West Lancashire CCG,12/31/2018,Income tax <1Yr-Student Loans,BALANCE SHEET,HMRC,25169027,365.00 ,,475PX004406621908
Department of Health,NHS West Lancashire CCG,12/31/2018,National Insurance < 1 yr-NI- ERS,BALANCE SHEET,HMRC,25169027,"18,505.93 ",,475PX004406621908
Department of Health,NHS West Lancashire CCG,12/31/2018,National Insurance < 1 yr-NI-EES,BALANCE SHEET,HMRC,25169027,"13,269.32 ",,475PX004406621908
Department of Health,NHS West Lancashire CCG,12/31/2018,Clinical&Medical-Independent Sector,ACUTE COMMISSIONING,EUXTON HALL HOSPITAL,25185864,"53,289.86 ",,WLDEC18
Department of Health,NHS West Lancashire CCG,12/31/2018,Clinical&Medical-Independent Sector,COMMUNITY SERVICES,MEDEQUIP ASSISTIVE TECHNOLOGY LTD,25185872,"46,551.75 ",218788662,43056
Department of Health,NHS West Lancashire CCG,12/31/2018,Clinical&Medical-Independent Sector,ACUTE COMMISSIONING,RENACRES HOSPITAL,25185903,"287,327.42 ",,L0651218
Department of Health,NHS West Lancashire CCG,12/31/2018,Clinical&Medical-Drugs,COMMUNITY SERVICES,SOUTHPORT AND ORMSKIRK HOSPITAL NHS TRUST,25185907,"70,251.31 ",654970308,7529060
Department of Health,NHS West Lancashire CCG,12/31/2018,Hlthcre-Foundation Trsts,COMMUNITY SERVICES,LANCASHIRE CARE NHS FOUNDATION TRUST,25185933,"134,459.00 ",654923319,I0062075
Department of Health,NHS West Lancashire CCG,12/31/2018,Hlthcre-Foundation Trsts,MENTAL HEALTH CONTRACTS,LANCASHIRE CARE NHS FOUNDATION TRUST,25185934,"875,942.00 ",654923319,I0062095
Department of Health,NHS West Lancashire CCG,12/31/2018,Hlthcre-Foundation Trsts,ACUTE COMMISSIONING,LIVERPOOL HEART AND CHEST HOSPITAL NHS TRUST,25185947,"(61,679.03)",654914712,12774755
Department of Health,NHS West Lancashire CCG,12/31/2018,Charges from CSU,CONTINUING HEALTHCARE ASSESSMENT & SUPPORT,NHS MIDLANDS AND LANCASHIRE CSU,25185948,"25,588.00 ",GB 654442045,7312311970
Department of Health,NHS West Lancashire CCG,12/31/2018,Charges from CSU,CORPORATE COSTS & SERVICES,NHS MIDLANDS AND LANCASHIRE CSU,25185948,"47,826.44 ",GB 654442045,7312311970
Department of Health,NHS West Lancashire CCG,12/31/2018,Charges from CSU,MEDICINES MANAGEMENT - CLINICAL,NHS MIDLANDS AND LANCASHIRE CSU,25185948,"4,046.50 ",GB 654442045,7312311970
Department of Health,NHS West Lancashire CCG,12/31/2018,Charges from CSU,PRIMARY CARE IT,NHS MIDLANDS AND LANCASHIRE CSU,25185948,"24,070.83 ",GB 654442045,7312311970
Department of Health,NHS West Lancashire CCG,12/31/2018,Charges from CSU,PROGRAMME PROJECTS,NHS MIDLANDS AND LANCASHIRE CSU,25185948,"3,865.92 ",GB 654442045,7312311970
Department of Health,NHS West Lancashire CCG,12/31/2018,Hlthcre-Foundation Trsts,ACUTE COMMISSIONING,AINTREE UNIVERSITY HOSPITALS NHS FOUNDATION TRUST,25185963,"533,878.33 ",654910626,8410042186
Department of Health,NHS West Lancashire CCG,12/31/2018,Cont Care-Mental Health (65+),CHC ADULT FULLY FUNDED,LANCASHIRE COUNTY COUNCIL,25283609,"33,778.25 ",,5100569987
Department of Health,NHS West Lancashire CCG,12/31/2018,Hlthcre-Foundation Trsts,MENTAL HEALTH CONTRACTS,LANCASHIRE CARE NHS FOUNDATION TRUST,25283652,"61,001.00 ",654923319,I0061312
Department of Health,NHS West Lancashire CCG,12/31/2018,Hlthcre-Foundation Trsts,LEARNING DIFFICULTIES,MERSEY CARE NHS TRUST,25283792,"49,327.26 ",654 412 841,I0038849
Department of Health,NHS West Lancashire CCG,12/31/2018,Hcare Srv Rec NHS Trust,ACUTE COMMISSIONING,SOUTHPORT AND ORMSKIRK HOSPITAL NHS TRUST,25283839,"3,776,942.00 ",654970308,7529242
Department of Health,NHS West Lancashire CCG,12/31/2018,Clinical&Medical-Commercial Sector,PLANNED CARE,PDS MEDICAL,25309021,"35,567.20 ",,00292
Department of Health,NHS West Lancashire CCG,12/31/2018,Clinical&Medical-Commercial Sector,PLANNED CARE,PDS MEDICAL,25309046,"29,198.02 ",,00314
Department of Health,NHS West Lancashire CCG,12/31/2018,Clinical&Medical-Othe Public Sector,COMMUNITY SERVICES,LANCASHIRE COUNTY COUNCIL,25309050,"640,927.95 ",,5200178521
Department of Health,NHS West Lancashire CCG,12/31/2018,C&M-GMS Cost of Drugs -Prescribing,LOCAL ENHANCED SERVICES,ASHURST PRIMARY CARE,25324798,"3,223.99 ",,LA000046080
Department of Health,NHS West Lancashire CCG,12/31/2018,C&M-GMS DES Extended Hours Access,PRC DELEGATED CO-COMMISSIONING,ASHURST PRIMARY CARE,25324798,809.00 ,,LA000046080
Department of Health,NHS West Lancashire CCG,12/31/2018,C&M-GMS Global Sum,PRC DELEGATED CO-COMMISSIONING,ASHURST PRIMARY CARE,25324798,"36,889.85 ",,LA000046080
Department of Health,NHS West Lancashire CCG,12/31/2018,C&M-GMS PCO Seniority,PRC DELEGATED CO-COMMISSIONING,ASHURST PRIMARY CARE,25324798,"1,101.39 ",,LA000046080
Department of Health,NHS West Lancashire CCG,12/31/2018,C&M-GMS Prof Fees Prescribing,PRC DELEGATED CO-COMMISSIONING,ASHURST PRIMARY CARE,25324798,714.46 ,,LA000046080
Department of Health,NHS West Lancashire CCG,12/31/2018,C&M-GMS QOF Aspiration,PRC DELEGATED CO-COMMISSIONING,ASHURST PRIMARY CARE,25324798,"3,633.07 ",,LA000046080
Department of Health,NHS West Lancashire CCG,12/31/2018,C&M-GMS Cost of Drugs -Prescribing,LOCAL ENHANCED SERVICES,AUGHTON SURGERY,25324800,"3,462.66 ",,LA000046082
Department of Health,NHS West Lancashire CCG,12/31/2018,C&M-GMS DES Extended Hours Access,PRC DELEGATED CO-COMMISSIONING,AUGHTON SURGERY,25324800,943.00 ,,LA000046082
Department of Health,NHS West Lancashire CCG,12/31/2018,C&M-GMS Global Sum,PRC DELEGATED CO-COMMISSIONING,AUGHTON SURGERY,25324800,"43,273.09 ",,LA000046082
Department of Health,NHS West Lancashire CCG,12/31/2018,C&M-GMS PCO Other,PRC DELEGATED CO-COMMISSIONING,AUGHTON SURGERY,25324800,433.85 ,,LA000046082
Department of Health,NHS West Lancashire CCG,12/31/2018,C&M-GMS PCO Seniority,PRC DELEGATED CO-COMMISSIONING,AUGHTON SURGERY,25324800,"2,165.96 ",,LA000046082
Department of Health,NHS West Lancashire CCG,12/31/2018,C&M-GMS Prem Notional Rent,PRC DELEGATED CO-COMMISSIONING,AUGHTON SURGERY,25324800,"2,625.00 ",,LA000046082
Department of Health,NHS West Lancashire CCG,12/31/2018,C&M-GMS Prem Water Rates,PRC DELEGATED CO-COMMISSIONING,AUGHTON SURGERY,25324800,11.68 ,,LA000046082
Department of Health,NHS West Lancashire CCG,12/31/2018,C&M-GMS Prof Fees Prescribing,PRC DELEGATED CO-COMMISSIONING,AUGHTON SURGERY,25324800,894.36 ,,LA000046082
Department of Health,NHS West Lancashire CCG,12/31/2018,C&M-GMS QOF Aspiration,PRC DELEGATED CO-COMMISSIONING,AUGHTON SURGERY,25324800,"4,474.01 ",,LA000046082
Department of Health,NHS West Lancashire CCG,12/31/2018,C&M-GMS Cost of Drugs -Prescribing,LOCAL ENHANCED SERVICES,BURSCOUGH FAMILY PRACTICE,25324802,617.84 ,,LA000046084
Department of Health,NHS West Lancashire CCG,12/31/2018,C&M-GMS Global Sum,PRC DELEGATED CO-COMMISSIONING,BURSCOUGH FAMILY PRACTICE,25324802,"22,106.37 ",,LA000046084
Department of Health,NHS West Lancashire CCG,12/31/2018,C&M-GMS PCO Other,PRC DELEGATED CO-COMMISSIONING,BURSCOUGH FAMILY PRACTICE,25324802,"2,086.00 ",,LA000046084
Department of Health,NHS West Lancashire CCG,12/31/2018,C&M-GMS PCO Seniority,PRC DELEGATED CO-COMMISSIONING,BURSCOUGH FAMILY PRACTICE,25324802,426.50 ,,LA000046084
Department of Health,NHS West Lancashire CCG,12/31/2018,C&M-GMS Prof Fees Prescribing,PRC DELEGATED CO-COMMISSIONING,BURSCOUGH FAMILY PRACTICE,25324802,71.96 ,,LA000046084
Department of Health,NHS West Lancashire CCG,12/31/2018,C&M-GMS QOF Aspiration,PRC DELEGATED CO-COMMISSIONING,BURSCOUGH FAMILY PRACTICE,25324802,"2,421.27 ",,LA000046084
Department of Health,NHS West Lancashire CCG,12/31/2018,C&M-GMS Cost of Drugs -Prescribing,LOCAL ENHANCED SERVICES,COUNTY ROAD SURGERY,25324804,"3,599.48 ",,LA000046086
Department of Health,NHS West Lancashire CCG,12/31/2018,C&M-GMS DES Learn Dsblty Hlth Chk,PRC DELEGATED CO-COMMISSIONING,COUNTY ROAD SURGERY,25324804,840.00 ,,LA000046086
Department of Health,NHS West Lancashire CCG,12/31/2018,C&M-GMS Global Sum,PRC DELEGATED CO-COMMISSIONING,COUNTY ROAD SURGERY,25324804,"14,450.82 ",,LA000046086
Department of Health,NHS West Lancashire CCG,12/31/2018,C&M-GMS MPIG Correction Factor,PRC DELEGATED CO-COMMISSIONING,COUNTY ROAD SURGERY,25324804,15.95 ,,LA000046086
Department of Health,NHS West Lancashire CCG,12/31/2018,C&M-GMS PCO Locum Sickness,PRC DELEGATED CO-COMMISSIONING,COUNTY ROAD SURGERY,25324804,"7,642.08 ",,LA000046086
Department of Health,NHS West Lancashire CCG,12/31/2018,C&M-GMS PCO Seniority,PRC DELEGATED CO-COMMISSIONING,COUNTY ROAD SURGERY,25324804,972.73 ,,LA000046086
Department of Health,NHS West Lancashire CCG,12/31/2018,C&M-GMS Prem Notional Rent,PRC DELEGATED CO-COMMISSIONING,COUNTY ROAD SURGERY,25324804,"1,216.67 ",,LA000046086
Department of Health,NHS West Lancashire CCG,12/31/2018,C&M-GMS Prof Fees Prescribing,PRC DELEGATED CO-COMMISSIONING,COUNTY ROAD SURGERY,25324804,956.04 ,,LA000046086
Department of Health,NHS West Lancashire CCG,12/31/2018,C&M-GMS QOF Aspiration,PRC DELEGATED CO-COMMISSIONING,COUNTY ROAD SURGERY,25324804,"2,073.20 ",,LA000046086
Department of Health,NHS West Lancashire CCG,12/31/2018,C&M-GMS Cost of Drugs -Prescribing,LOCAL ENHANCED SERVICES,DR S BISWAS & PARTNERS,25324806,"17,373.47 ",,LA000046088
Department of Health,NHS West Lancashire CCG,12/31/2018,C&M-GMS DES Extended Hours Access,PRC DELEGATED CO-COMMISSIONING,DR S BISWAS & PARTNERS,25324806,"2,582.00 ",,LA000046088
Department of Health,NHS West Lancashire CCG,12/31/2018,C&M-GMS DES Learn Dsblty Hlth Chk,PRC DELEGATED CO-COMMISSIONING,DR S BISWAS & PARTNERS,25324806,"1,260.00 ",,LA000046088
Department of Health,NHS West Lancashire CCG,12/31/2018,C&M-GMS Global Sum,PRC DELEGATED CO-COMMISSIONING,DR S BISWAS & PARTNERS,25324806,"124,131.80 ",,LA000046088
Department of Health,NHS West Lancashire CCG,12/31/2018,C&M-GMS PCO Seniority,PRC DELEGATED CO-COMMISSIONING,DR S BISWAS & PARTNERS,25324806,"2,233.58 ",,LA000046088
Department of Health,NHS West Lancashire CCG,12/31/2018,C&M-GMS Prem Actual Rent,PRC DELEGATED CO-COMMISSIONING,DR S BISWAS & PARTNERS,25324806,"13,425.00 ",,LA000046088
Department of Health,NHS West Lancashire CCG,12/31/2018,C&M-GMS Prem Notional Rent,PRC DELEGATED CO-COMMISSIONING,DR S BISWAS & PARTNERS,25324806,"3,331.25 ",,LA000046088
Department of Health,NHS West Lancashire CCG,12/31/2018,C&M-GMS Prem Rates,PRC DELEGATED CO-COMMISSIONING,DR S BISWAS & PARTNERS,25324806,"1,433.00 ",,LA000046088
Department of Health,NHS West Lancashire CCG,12/31/2018,C&M-GMS Prof Fees Prescribing,PRC DELEGATED CO-COMMISSIONING,DR S BISWAS & PARTNERS,25324806,"3,935.85 ",,LA000046088
Department of Health,NHS West Lancashire CCG,12/31/2018,C&M-GMS QOF Aspiration,PRC DELEGATED CO-COMMISSIONING,DR S BISWAS & PARTNERS,25324806,"14,237.45 ",,LA000046088
Department of Health,NHS West Lancashire CCG,12/31/2018,C&M-GMS Cost of Drugs -Prescribing,LOCAL ENHANCED SERVICES,ELMS,25324808,"7,385.82 ",,LA000046090
Department of Health,NHS West Lancashire CCG,12/31/2018,C&M-GMS Global Sum,PRC DELEGATED CO-COMMISSIONING,ELMS,25324808,"38,993.51 ",,LA000046090
Department of Health,NHS West Lancashire CCG,12/31/2018,C&M-GMS PCO Other,PRC DELEGATED CO-COMMISSIONING,ELMS,25324808,417.51 ,,LA000046090
Department of Health,NHS West Lancashire CCG,12/31/2018,C&M-GMS PCO Seniority,PRC DELEGATED CO-COMMISSIONING,ELMS,25324808,686.81 ,,LA000046090
Department of Health,NHS West Lancashire CCG,12/31/2018,C&M-GMS Prem Notional Rent,PRC DELEGATED CO-COMMISSIONING,ELMS,25324808,"1,916.67 ",,LA000046090
Department of Health,NHS West Lancashire CCG,12/31/2018,C&M-GMS Prem Rates,PRC DELEGATED CO-COMMISSIONING,ELMS,25324808,610.00 ,,LA000046090
Department of Health,NHS West Lancashire CCG,12/31/2018,C&M-GMS Prem Water Rates,PRC DELEGATED CO-COMMISSIONING,ELMS,25324808,198.06 ,,LA000046090
Department of Health,NHS West Lancashire CCG,12/31/2018,C&M-GMS Prof Fees Prescribing,PRC DELEGATED CO-COMMISSIONING,ELMS,25324808,"1,775.61 ",,LA000046090
Department of Health,NHS West Lancashire CCG,12/31/2018,C&M-GMS QOF Aspiration,PRC DELEGATED CO-COMMISSIONING,ELMS,25324808,"4,681.51 ",,LA000046090
Department of Health,NHS West Lancashire CCG,12/31/2018,C&M-GMS Cost of Drugs -Prescribing,LOCAL ENHANCED SERVICES,HALL GREEN SURGERY,25324810,"21,434.28 ",,LA000046092
Department of Health,NHS West Lancashire CCG,12/31/2018,C&M-GMS Global Sum,PRC DELEGATED CO-COMMISSIONING,HALL GREEN SURGERY,25324810,"59,447.51 ",,LA000046092
Department of Health,NHS West Lancashire CCG,12/31/2018,C&M-GMS PCO Seniority,PRC DELEGATED CO-COMMISSIONING,HALL GREEN SURGERY,25324810,"2,076.10 ",,LA000046092
Department of Health,NHS West Lancashire CCG,12/31/2018,C&M-GMS Prem Notional Rent,PRC DELEGATED CO-COMMISSIONING,HALL GREEN SURGERY,25324810,"2,856.25 ",,LA000046092
Department of Health,NHS West Lancashire CCG,12/31/2018,C&M-GMS Prem Rates,PRC DELEGATED CO-COMMISSIONING,HALL GREEN SURGERY,25324810,552.00 ,,LA000046092
Department of Health,NHS West Lancashire CCG,12/31/2018,C&M-GMS Prof Fees Prescribing,PRC DELEGATED CO-COMMISSIONING,HALL GREEN SURGERY,25324810,"4,208.49 ",,LA000046092
Department of Health,NHS West Lancashire CCG,12/31/2018,C&M-GMS QOF Aspiration,PRC DELEGATED CO-COMMISSIONING,HALL GREEN SURGERY,25324810,"6,329.11 ",,LA000046092
Department of Health,NHS West Lancashire CCG,12/31/2018,C&M-GMS Cost of Drugs -Prescribing,LOCAL ENHANCED SERVICES,LATHOM HOUSE SURGERY,25324812,"5,895.97 ",,LA000046094
Department of Health,NHS West Lancashire CCG,12/31/2018,C&M-GMS Global Sum,PRC DELEGATED CO-COMMISSIONING,LATHOM HOUSE SURGERY,25324812,"32,947.86 ",,LA000046094
Department of Health,NHS West Lancashire CCG,12/31/2018,C&M-GMS PCO Seniority,PRC DELEGATED CO-COMMISSIONING,LATHOM HOUSE SURGERY,25324812,"1,196.47 ",,LA000046094
Department of Health,NHS West Lancashire CCG,12/31/2018,C&M-GMS Prem Cost Rent,PRC DELEGATED CO-COMMISSIONING,LATHOM HOUSE SURGERY,25324812,"2,082.25 ",,LA000046094
Department of Health,NHS West Lancashire CCG,12/31/2018,C&M-GMS Prem Rates,PRC DELEGATED CO-COMMISSIONING,LATHOM HOUSE SURGERY,25324812,392.00 ,,LA000046094
Department of Health,NHS West Lancashire CCG,12/31/2018,C&M-GMS Prof Fees Prescribing,PRC DELEGATED CO-COMMISSIONING,LATHOM HOUSE SURGERY,25324812,"1,058.84 ",,LA000046094
Department of Health,NHS West Lancashire CCG,12/31/2018,C&M-GMS QOF Aspiration,PRC DELEGATED CO-COMMISSIONING,LATHOM HOUSE SURGERY,25324812,"3,799.19 ",,LA000046094
Department of Health,NHS West Lancashire CCG,12/31/2018,C&M-GMS Cost of Drugs -Prescribing,LOCAL ENHANCED SERVICES,MANOR PRIMARY CARE,25324814,"2,589.97 ",,LA000046096
Department of Health,NHS West Lancashire CCG,12/31/2018,C&M-GMS Global Sum,PRC DELEGATED CO-COMMISSIONING,MANOR PRIMARY CARE,25324814,"40,335.72 ",,LA000046096
Department of Health,NHS West Lancashire CCG,12/31/2018,C&M-GMS MPIG Correction Factor,PRC DELEGATED CO-COMMISSIONING,MANOR PRIMARY CARE,25324814,270.40 ,,LA000046096
Department of Health,NHS West Lancashire CCG,12/31/2018,C&M-GMS PCO Seniority,PRC DELEGATED CO-COMMISSIONING,MANOR PRIMARY CARE,25324814,"1,048.58 ",,LA000046096
Department of Health,NHS West Lancashire CCG,12/31/2018,C&M-GMS Prof Fees Prescribing,PRC DELEGATED CO-COMMISSIONING,MANOR PRIMARY CARE,25324814,747.87 ,,LA000046096
Department of Health,NHS West Lancashire CCG,12/31/2018,C&M-GMS QOF Aspiration,PRC DELEGATED CO-COMMISSIONING,MANOR PRIMARY CARE,25324814,"3,863.87 ",,LA000046096
Department of Health,NHS West Lancashire CCG,12/31/2018,C&M-GMS Cost of Drugs -Prescribing,LOCAL ENHANCED SERVICES,PARBOLD SURGERY,25324816,"4,135.69 ",,LA000046098
Department of Health,NHS West Lancashire CCG,12/31/2018,C&M-GMS Global Sum,PRC DELEGATED CO-COMMISSIONING,PARBOLD SURGERY,25324816,"52,074.78 ",,LA000046098
Department of Health,NHS West Lancashire CCG,12/31/2018,C&M-GMS MPIG Correction Factor,PRC DELEGATED CO-COMMISSIONING,PARBOLD SURGERY,25324816,58.78 ,,LA000046098
Department of Health,NHS West Lancashire CCG,12/31/2018,C&M-GMS Other Addtl Staff Paymts,PRC DELEGATED CO-COMMISSIONING,PARBOLD SURGERY,25324816,62.00 ,,LA000046098
Department of Health,NHS West Lancashire CCG,12/31/2018,C&M-GMS PCO Seniority,PRC DELEGATED CO-COMMISSIONING,PARBOLD SURGERY,25324816,"2,278.79 ",,LA000046098
Department of Health,NHS West Lancashire CCG,12/31/2018,C&M-GMS Prem Notional Rent,PRC DELEGATED CO-COMMISSIONING,PARBOLD SURGERY,25324816,"4,162.50 ",,LA000046098
Department of Health,NHS West Lancashire CCG,12/31/2018,C&M-GMS Prof Fees Prescribing,PRC DELEGATED CO-COMMISSIONING,PARBOLD SURGERY,25324816,732.45 ,,LA000046098
Department of Health,NHS West Lancashire CCG,12/31/2018,C&M-GMS QOF Aspiration,PRC DELEGATED CO-COMMISSIONING,PARBOLD SURGERY,25324816,"5,640.90 ",,LA000046098
Department of Health,NHS West Lancashire CCG,12/31/2018,C&M-GMS Cost of Drugs -Prescribing,LOCAL ENHANCED SERVICES,PARKGATE SURGERY ORMSKIRK,25324818,"7,811.27 ",,LA000046100
Department of Health,NHS West Lancashire CCG,12/31/2018,C&M-GMS Global Sum,PRC DELEGATED CO-COMMISSIONING,PARKGATE SURGERY ORMSKIRK,25324818,"52,982.71 ",,LA000046100
Department of Health,NHS West Lancashire CCG,12/31/2018,C&M-GMS PCO Seniority,PRC DELEGATED CO-COMMISSIONING,PARKGATE SURGERY ORMSKIRK,25324818,963.87 ,,LA000046100
Department of Health,NHS West Lancashire CCG,12/31/2018,C&M-GMS Prem Notional Rent,PRC DELEGATED CO-COMMISSIONING,PARKGATE SURGERY ORMSKIRK,25324818,"2,062.50 ",,LA000046100
Department of Health,NHS West Lancashire CCG,12/31/2018,C&M-GMS Prof Fees Prescribing,PRC DELEGATED CO-COMMISSIONING,PARKGATE SURGERY ORMSKIRK,25324818,"1,417.98 ",,LA000046100
Department of Health,NHS West Lancashire CCG,12/31/2018,C&M-GMS QOF Aspiration,PRC DELEGATED CO-COMMISSIONING,PARKGATE SURGERY ORMSKIRK,25324818,"6,206.24 ",,LA000046100
Department of Health,NHS West Lancashire CCG,12/31/2018,C&M-GMS Cost of Drugs -Prescribing,LOCAL ENHANCED SERVICES,ORMSKIRK MEDICAL PRACTICE,25324820,"6,696.10 ",,LA000046102
Department of Health,NHS West Lancashire CCG,12/31/2018,C&M-GMS Global Sum,PRC DELEGATED CO-COMMISSIONING,ORMSKIRK MEDICAL PRACTICE,25324820,"67,374.37 ",,LA000046102
Department of Health,NHS West Lancashire CCG,12/31/2018,C&M-GMS PCO Other,PRC DELEGATED CO-COMMISSIONING,ORMSKIRK MEDICAL PRACTICE,25324820,"5,497.00 ",,LA000046102
Department of Health,NHS West Lancashire CCG,12/31/2018,C&M-GMS PCO Seniority,PRC DELEGATED CO-COMMISSIONING,ORMSKIRK MEDICAL PRACTICE,25324820,"2,884.37 ",,LA000046102
Department of Health,NHS West Lancashire CCG,12/31/2018,C&M-GMS Prem Notional Rent,PRC DELEGATED CO-COMMISSIONING,ORMSKIRK MEDICAL PRACTICE,25324820,"2,785.00 ",,LA000046102
Department of Health,NHS West Lancashire CCG,12/31/2018,C&M-GMS Prof Fees Prescribing,PRC DELEGATED CO-COMMISSIONING,ORMSKIRK MEDICAL PRACTICE,25324820,"1,781.01 ",,LA000046102
Department of Health,NHS West Lancashire CCG,12/31/2018,C&M-GMS QOF Aspiration,PRC DELEGATED CO-COMMISSIONING,ORMSKIRK MEDICAL PRACTICE,25324820,"7,132.93 ",,LA000046102
Department of Health,NHS West Lancashire CCG,12/31/2018,C&M-GMS Cost of Drugs -Prescribing,LOCAL ENHANCED SERVICES,STANLEY COURT SURGERY,25324822,"6,064.08 ",,LA000046104
Department of Health,NHS West Lancashire CCG,12/31/2018,C&M-GMS Global Sum,PRC DELEGATED CO-COMMISSIONING,STANLEY COURT SURGERY,25324822,"41,725.53 ",,LA000046104
Department of Health,NHS West Lancashire CCG,12/31/2018,C&M-GMS PCO Seniority,PRC DELEGATED CO-COMMISSIONING,STANLEY COURT SURGERY,25324822,"3,117.82 ",,LA000046104
Department of Health,NHS West Lancashire CCG,12/31/2018,C&M-GMS Prof Fees Prescribing,PRC DELEGATED CO-COMMISSIONING,STANLEY COURT SURGERY,25324822,"1,228.46 ",,LA000046104
Department of Health,NHS West Lancashire CCG,12/31/2018,C&M-GMS QOF Aspiration,PRC DELEGATED CO-COMMISSIONING,STANLEY COURT SURGERY,25324822,"4,104.58 ",,LA000046104
Department of Health,NHS West Lancashire CCG,12/31/2018,C&M-GMS Cost of Drugs -Prescribing,LOCAL ENHANCED SERVICES,TARLETON GROUP PRACTICE,25324824,"12,951.50 ",,LA000046106
Department of Health,NHS West Lancashire CCG,12/31/2018,C&M-GMS Global Sum,PRC DELEGATED CO-COMMISSIONING,TARLETON GROUP PRACTICE,25324824,"62,860.27 ",,LA000046106
Department of Health,NHS West Lancashire CCG,12/31/2018,C&M-GMS MPIG Correction Factor,PRC DELEGATED CO-COMMISSIONING,TARLETON GROUP PRACTICE,25324824,124.03 ,,LA000046106
Department of Health,NHS West Lancashire CCG,12/31/2018,C&M-GMS PCO Other,PRC DELEGATED CO-COMMISSIONING,TARLETON GROUP PRACTICE,25324824,"5,241.00 ",,LA000046106
Department of Health,NHS West Lancashire CCG,12/31/2018,C&M-GMS PCO Seniority,PRC DELEGATED CO-COMMISSIONING,TARLETON GROUP PRACTICE,25324824,"2,564.39 ",,LA000046106
Department of Health,NHS West Lancashire CCG,12/31/2018,C&M-GMS Prof Fees Prescribing,PRC DELEGATED CO-COMMISSIONING,TARLETON GROUP PRACTICE,25324824,"2,906.67 ",,LA000046106
Department of Health,NHS West Lancashire CCG,12/31/2018,C&M-GMS QOF Aspiration,PRC DELEGATED CO-COMMISSIONING,TARLETON GROUP PRACTICE,25324824,"6,751.53 ",,LA000046106
Department of Health,NHS West Lancashire CCG,12/31/2018,C&M-GMS DES Extended Hours Access,PRC DELEGATED CO-COMMISSIONING,DR A K BISARYA & PARTNERS,25325390,392.00 ,,LA000046108
Department of Health,NHS West Lancashire CCG,12/31/2018,C&M-GMS Global Sum,PRC DELEGATED CO-COMMISSIONING,DR A K BISARYA & PARTNERS,25325390,"20,276.15 ",,LA000046108
Department of Health,NHS West Lancashire CCG,12/31/2018,C&M-GMS PCO Other,PRC DELEGATED CO-COMMISSIONING,DR A K BISARYA & PARTNERS,25325390,"1,919.00 ",,LA000046108
Department of Health,NHS West Lancashire CCG,12/31/2018,C&M-GMS PCO Seniority,PRC DELEGATED CO-COMMISSIONING,DR A K BISARYA & PARTNERS,25325390,"3,609.58 ",,LA000046108
Department of Health,NHS West Lancashire CCG,12/31/2018,C&M-GMS QOF Aspiration,PRC DELEGATED CO-COMMISSIONING,DR A K BISARYA & PARTNERS,25325390,"2,310.31 ",,LA000046108
Department of Health,NHS West Lancashire CCG,12/31/2018,C&M-GMS Cost of Drugs -Prescribing,LOCAL ENHANCED SERVICES,SKELMERSDALE FAMILY PRACTICE,25326010,"10,088.36 ",,LA000046110
Department of Health,NHS West Lancashire CCG,12/31/2018,C&M-GMS DES Extended Hours Access,PRC DELEGATED CO-COMMISSIONING,SKELMERSDALE FAMILY PRACTICE,25326010,"2,881.00 ",,LA000046110
Department of Health,NHS West Lancashire CCG,12/31/2018,C&M-GMS Global Sum,PRC DELEGATED CO-COMMISSIONING,SKELMERSDALE FAMILY PRACTICE,25326010,"140,347.27 ",,LA000046110
Department of Health,NHS West Lancashire CCG,12/31/2018,C&M-GMS PCO Seniority,PRC DELEGATED CO-COMMISSIONING,SKELMERSDALE FAMILY PRACTICE,25326010,"1,967.72 ",,LA000046110
Department of Health,NHS West Lancashire CCG,12/31/2018,C&M-GMS Prem Notional Rent,PRC DELEGATED CO-COMMISSIONING,SKELMERSDALE FAMILY PRACTICE,25326010,"1,509.17 ",,LA000046110
Department of Health,NHS West Lancashire CCG,12/31/2018,C&M-GMS Prem Rates,PRC DELEGATED CO-COMMISSIONING,SKELMERSDALE FAMILY PRACTICE,25326010,413.00 ,,LA000046110
Department of Health,NHS West Lancashire CCG,12/31/2018,C&M-GMS Prof Fees Prescribing,PRC DELEGATED CO-COMMISSIONING,SKELMERSDALE FAMILY PRACTICE,25326010,"2,112.57 ",,LA000046110
Department of Health,NHS West Lancashire CCG,12/31/2018,C&M-GMS QOF Aspiration,PRC DELEGATED CO-COMMISSIONING,SKELMERSDALE FAMILY PRACTICE,25326010,"13,778.18 ",,LA000046110
Department of Health,NHS West Lancashire CCG,12/31/2018,Prescribing,PRESCRIBING,NHS CHORLEY AND SOUTH RIBBLE CCG,25330352,"44,751.00 ",,7011601645
Department of Health,NHS West Lancashire CCG,12/31/2018,Clinical&Medical-Independent Sector,PRIMARY CARE INVESTMENTS,OUT OF HOURS WEST LANCASHIRE CIC,25330411,"34,825.66 ",,INV0088
Department of Health,NHS West Lancashire CCG,12/31/2018,Miscellaneous Expenditure (L9),COMMISSIONING SCHEMES,ORMSKIRK MEDICAL PRACTICE,25330525,"48,500.00 ",,5PERHEADP81014CCG1
Department of Health,NHS West Lancashire CCG,12/31/2018,Miscellaneous Expenditure (L9),COMMISSIONING SCHEMES,AUGHTON SURGERY,25330557,"46,122.00 ",,5PERHEADP81695CCG1
Department of Health,NHS West Lancashire CCG,12/31/2018,Prescribing,PRESCRIBING,NHS CHORLEY AND SOUTH RIBBLE CCG,25330692,"(44,751.00)",,7011601656
Department of Health,NHS West Lancashire CCG,12/31/2018,Prescribing,PRESCRIBING,NHS CHORLEY AND SOUTH RIBBLE CCG,25330702,"26,233.29 ",,7011601657
Department of Health,NHS West Lancashire CCG,12/31/2018,Cont Care-Learning Disab(<65),CHC AD FULL FUND PERS HLTH BUD,SALVERE SOCIAL ENTERPRISE CIC,25353109,"26,116.20 ",,PHB189
,,,,,,,,,
