Department family,Entity,Date,Expense Type,Expense area,Supplier,Transaction number,AP Amount (�),VAT registration number,Purchase invoice number
Department of Health,NHS West Lancashire CCG,2/28/2019,Hlthcre-Foundation Trsts,COMMUNITY SERVICES,LANCASHIRE CARE NHS FOUNDATION TRUST,25813685,"134,459.00 ",654923319,I0062485
Department of Health,NHS West Lancashire CCG,2/28/2019,Hlthcre-Foundation Trsts,MENTAL HEALTH CONTRACTS,LANCASHIRE CARE NHS FOUNDATION TRUST,25813692,"870,871.00 ",654923319,I0062500
Department of Health,NHS West Lancashire CCG,2/28/2019,Cont Care- Adult 100% Fully Funded,CHC ADULT FULLY FUNDED,SALVERE SOCIAL ENTERPRISE CIC,25813769,"(34,070.40)",,PHBCN305
Department of Health,NHS West Lancashire CCG,2/28/2019,Hlthcre-Foundation Trsts,ACUTE COMMISSIONING,MANCHESTER UNIVERSITY NHS FOUNDATION TRUST,25856551,"35,634.58 ",654415538,0000424275
Department of Health,NHS West Lancashire CCG,2/28/2019,Hlthcre-Foundation Trsts,ACUTE COMMISSIONING,SALFORD ROYAL NHS FOUNDATION TRUST,25856693,"25,210.00 ",654939786,S0022784
Department of Health,NHS West Lancashire CCG,2/28/2019,Hcare Srv Rec NHS Trust,ACUTE COMMISSIONING,SOUTHPORT AND ORMSKIRK HOSPITAL NHS TRUST,25869251,"(89,634.00)",654970308,7509517
Department of Health,NHS West Lancashire CCG,2/28/2019,Hcare Srv Rec NHS Trust,ACUTE COMMISSIONING,SOUTHPORT AND ORMSKIRK HOSPITAL NHS TRUST,25869251,"3,776,942.00 ",654970308,7529907
Department of Health,NHS West Lancashire CCG,2/28/2019,Hcare Srv Rec NHS Trust,ACUTE COMMISSIONING,SOUTHPORT AND ORMSKIRK HOSPITAL NHS TRUST,25869251,"219,049.00 ",654970308,7530068
Department of Health,NHS West Lancashire CCG,2/28/2019,Cont Care- Adult 100% Fully Funded,CHC ADULT FULLY FUNDED,SALVERE SOCIAL ENTERPRISE CIC,25869333,"34,070.40 ",,PHB204
Department of Health,NHS West Lancashire CCG,2/28/2019,Clinical&Medical-Independent Sector,ACUTE COMMISSIONING,EUXTON HALL HOSPITAL,25869458,"53,289.86 ",,WLFEB19
Department of Health,NHS West Lancashire CCG,2/28/2019,Cont Care- Prior Year Payments,Adult Joint Funded Continuing Care,LANCASHIRE COUNTY COUNCIL,25869489,"55,879.20 ",,5100609304
Department of Health,NHS West Lancashire CCG,2/28/2019,Clinical&Medical-Independent Sector,MENTAL HEALTH SERVICES - NOT CONTRACTED ACTIVITY,ELYSIUM HEALTHCARE LTD,25869526,"40,007.67 ",GB257732580,HLH00332
Department of Health,NHS West Lancashire CCG,2/28/2019,Hlthcre-Foundation Trsts,ACUTE COMMISSIONING,LIVERPOOL WOMENS HOSPITAL NHS FOUNDATION TRUST,25869551,"55,567.41 ",654928891,9410021209
Department of Health,NHS West Lancashire CCG,2/28/2019,Hlthcre-Foundation Trsts,ACUTE COMMISSIONING,WALTON CENTRE NHS FOUNDATION TRUST,25869558,"58,137.49 ",654948002,N0020679
Department of Health,NHS West Lancashire CCG,2/28/2019,Clinical&Medical-Independent Sector,ACUTE COMMISSIONING,GUY PILKINGTON MEMORIAL HOME LTD,25869592,"72,435.00 ",,102749
Department of Health,NHS West Lancashire CCG,2/28/2019,Clinical&Medical-Othe Public Sector,COMMUNITY SERVICES,LANCASHIRE COUNTY COUNCIL,25869604,"640,927.95 ",,5200179740
Department of Health,NHS West Lancashire CCG,2/28/2019,Hcare Srv Rec NHS Trust,ACUTE COMMISSIONING,ST HELENS AND KNOWSLEY HOSPITALS NHS TRUST,25869624,"177,173.00 ",654943996,16781347
Department of Health,NHS West Lancashire CCG,2/28/2019,Hlthcre-Foundation Trsts,ACUTE COMMISSIONING,ALDER HEY CHILDRENS NHS FOUNDATION TRUST,25869633,"73,231.00 ",654938985,9110029160
Department of Health,NHS West Lancashire CCG,2/28/2019,Hcare Srv Rec NHS Trust,ACUTE COMMISSIONING,ROYAL LIVERPOOL AND BROADGREEN UNIVERSITY HOSPITALS NHS TRUST,25869640,"202,144.00 ",654966000,8610096962
Department of Health,NHS West Lancashire CCG,2/28/2019,Hlthcre-Foundation Trsts,ACUTE COMMISSIONING,LANCASHIRE TEACHING HOSPITALS NHS FOUNDATION TRUST,25869655,"190,661.00 ",654937107,15187942
Department of Health,NHS West Lancashire CCG,2/28/2019,Clinical&Medical-Independent Sector,ACUTE COMMISSIONING,RENACRES HOSPITAL,25869660,"287,327.42 ",,WL0219
Department of Health,NHS West Lancashire CCG,2/28/2019,Income tax <1Yr,BALANCE SHEET,HMRC,25937060,"33,720.80 ",,475PX004406621910
Department of Health,NHS West Lancashire CCG,2/28/2019,Income tax <1Yr-Student Loans,BALANCE SHEET,HMRC,25937060,659.00 ,,475PX004406621910
Department of Health,NHS West Lancashire CCG,2/28/2019,National Insurance < 1 yr-NI- ERS,BALANCE SHEET,HMRC,25937060,"21,210.82 ",,475PX004406621910
Department of Health,NHS West Lancashire CCG,2/28/2019,National Insurance < 1 yr-NI-EES,BALANCE SHEET,HMRC,25937060,"15,212.18 ",,475PX004406621910
Department of Health,NHS West Lancashire CCG,2/28/2019,Hlthcre-Foundation Trsts,MENTAL HEALTH CONTRACTS,LANCASHIRE CARE NHS FOUNDATION TRUST,25946017,"44,861.88 ",654923319,I0062788
Department of Health,NHS West Lancashire CCG,2/28/2019,Hcare Srv Rec NHS Trust,ACUTE COMMISSIONING,ST HELENS AND KNOWSLEY HOSPITALS NHS TRUST,26003658,"58,813.00 ",654943996,16777100
Department of Health,NHS West Lancashire CCG,2/28/2019,Hcare Srv Rec NHS Trust,ACUTE COMMISSIONING,ROYAL LIVERPOOL AND BROADGREEN UNIVERSITY HOSPITALS NHS TRUST,26003694,"26,030.00 ",654966000,8610090028
Department of Health,NHS West Lancashire CCG,2/28/2019,Hcare Srv Rec NHS Trust,ACUTE COMMISSIONING,ROYAL LIVERPOOL AND BROADGREEN UNIVERSITY HOSPITALS NHS TRUST,26003724,"71,690.00 ",654966000,8610096784
Department of Health,NHS West Lancashire CCG,2/28/2019,Hlthcre-Foundation Trsts,ACUTE COMMISSIONING,WRIGHTINGTON WIGAN & LEIGH NHS FOUNDATION TRUST,26003742,"143,619.00 ",GB654951509,55584560
Department of Health,NHS West Lancashire CCG,2/28/2019,Hlthcre-Foundation Trsts,ACUTE COMMISSIONING,LIVERPOOL HEART AND CHEST HOSPITAL NHS TRUST,26003746,"84,259.83 ",654914712,12775238
Department of Health,NHS West Lancashire CCG,2/28/2019,Clinical&Medical-Commercial Sector,COMMUNITY SERVICES,VIRGIN CARE SERVICES LTD,26003778,"301,568.22 ",GB918510332,10380010028
Department of Health,NHS West Lancashire CCG,2/28/2019,Clinical&Medical-Commercial Sector,COMMUNITY SERVICES,VIRGIN CARE SERVICES LTD,26003783,"698,190.97 ",GB918510332,10380010027ADJ
Department of Health,NHS West Lancashire CCG,2/28/2019,Hcare Srv Rec NHS Trust,AMBULANCE SERVICES,NORTH WEST AMBULANCE SERVICE NHS TRUST,26003790,"262,380.00 ",654435138,4110043843
Department of Health,NHS West Lancashire CCG,2/28/2019,Other Transport Costs,PATIENT TRANSPORT,NORTH WEST AMBULANCE SERVICE NHS TRUST,26003799,"54,620.00 ",654435138,4110043902
Department of Health,NHS West Lancashire CCG,2/28/2019,Hlthcre-Foundation Trsts,ACUTE COMMISSIONING,WRIGHTINGTON WIGAN & LEIGH NHS FOUNDATION TRUST,26003809,"796,603.00 ",GB654951509,55585278
Department of Health,NHS West Lancashire CCG,2/28/2019,Charges from CSU,CONTINUING HEALTHCARE ASSESSMENT & SUPPORT,NHS MIDLANDS AND LANCASHIRE CSU,26003814,"25,588.00 ",GB 654442045,7312312622
Department of Health,NHS West Lancashire CCG,2/28/2019,Charges from CSU,CORPORATE COSTS & SERVICES,NHS MIDLANDS AND LANCASHIRE CSU,26003814,"47,826.44 ",GB 654442045,7312312622
Department of Health,NHS West Lancashire CCG,2/28/2019,Charges from CSU,MEDICINES MANAGEMENT - CLINICAL,NHS MIDLANDS AND LANCASHIRE CSU,26003814,"4,046.50 ",GB 654442045,7312312622
Department of Health,NHS West Lancashire CCG,2/28/2019,Charges from CSU,PRIMARY CARE IT,NHS MIDLANDS AND LANCASHIRE CSU,26003814,"24,070.83 ",GB 654442045,7312312622
Department of Health,NHS West Lancashire CCG,2/28/2019,Charges from CSU,PROGRAMME PROJECTS,NHS MIDLANDS AND LANCASHIRE CSU,26003814,"3,865.92 ",GB 654442045,7312312622
Department of Health,NHS West Lancashire CCG,2/28/2019,C&M-GMS Cost of Drugs -Prescribing,LOCAL ENHANCED SERVICES,ASHURST PRIMARY CARE,26118991,"1,734.38 ",,LA000047225
Department of Health,NHS West Lancashire CCG,2/28/2019,C&M-GMS DES Extended Hours Access,PRC DELEGATED CO-COMMISSIONING,ASHURST PRIMARY CARE,26118991,809.00 ,,LA000047225
Department of Health,NHS West Lancashire CCG,2/28/2019,C&M-GMS Global Sum,PRC DELEGATED CO-COMMISSIONING,ASHURST PRIMARY CARE,26118991,"36,682.85 ",,LA000047225
Department of Health,NHS West Lancashire CCG,2/28/2019,C&M-GMS Prof Fees Prescribing,PRC DELEGATED CO-COMMISSIONING,ASHURST PRIMARY CARE,26118991,205.60 ,,LA000047225
Department of Health,NHS West Lancashire CCG,2/28/2019,C&M-GMS QOF Aspiration,PRC DELEGATED CO-COMMISSIONING,ASHURST PRIMARY CARE,26118991,"3,633.07 ",,LA000047225
Department of Health,NHS West Lancashire CCG,2/28/2019,C&M-GMS Cost of Drugs -Prescribing,LOCAL ENHANCED SERVICES,AUGHTON SURGERY,26118993,"1,183.00 ",,LA000047227
Department of Health,NHS West Lancashire CCG,2/28/2019,C&M-GMS DES Extended Hours Access,PRC DELEGATED CO-COMMISSIONING,AUGHTON SURGERY,26118993,943.00 ,,LA000047227
Department of Health,NHS West Lancashire CCG,2/28/2019,C&M-GMS DES Learn Dsblty Hlth Chk,PRC DELEGATED CO-COMMISSIONING,AUGHTON SURGERY,26118993,280.00 ,,LA000047227
Department of Health,NHS West Lancashire CCG,2/28/2019,C&M-GMS Global Sum,PRC DELEGATED CO-COMMISSIONING,AUGHTON SURGERY,26118993,"43,338.45 ",,LA000047227
Department of Health,NHS West Lancashire CCG,2/28/2019,C&M-GMS Prem Notional Rent,PRC DELEGATED CO-COMMISSIONING,AUGHTON SURGERY,26118993,"2,625.00 ",,LA000047227
Department of Health,NHS West Lancashire CCG,2/28/2019,C&M-GMS Prem Water Rates,PRC DELEGATED CO-COMMISSIONING,AUGHTON SURGERY,26118993,8.25 ,,LA000047227
Department of Health,NHS West Lancashire CCG,2/28/2019,C&M-GMS Prof Fees Prescribing,PRC DELEGATED CO-COMMISSIONING,AUGHTON SURGERY,26118993,298.12 ,,LA000047227
Department of Health,NHS West Lancashire CCG,2/28/2019,C&M-GMS QOF Aspiration,PRC DELEGATED CO-COMMISSIONING,AUGHTON SURGERY,26118993,"4,474.01 ",,LA000047227
Department of Health,NHS West Lancashire CCG,2/28/2019,C&M-GMS Cost of Drugs -Prescribing,LOCAL ENHANCED SERVICES,BURSCOUGH FAMILY PRACTICE,26118995,"1,208.09 ",,LA000047229
Department of Health,NHS West Lancashire CCG,2/28/2019,C&M-GMS Global Sum,PRC DELEGATED CO-COMMISSIONING,BURSCOUGH FAMILY PRACTICE,26118995,"21,883.56 ",,LA000047229
Department of Health,NHS West Lancashire CCG,2/28/2019,C&M-GMS Prof Fees Prescribing,PRC DELEGATED CO-COMMISSIONING,BURSCOUGH FAMILY PRACTICE,26118995,120.79 ,,LA000047229
Department of Health,NHS West Lancashire CCG,2/28/2019,C&M-GMS QOF Aspiration,PRC DELEGATED CO-COMMISSIONING,BURSCOUGH FAMILY PRACTICE,26118995,"2,421.27 ",,LA000047229
Department of Health,NHS West Lancashire CCG,2/28/2019,ME-GMS GP Pension EEs,PRC DELEGATED CO-COMMISSIONING,BURSCOUGH FAMILY PRACTICE,26118995,"5,929.80 ",,LA000047229
Department of Health,NHS West Lancashire CCG,2/28/2019,ME-GMS GP Pension ERs Adjustments,PRC DELEGATED CO-COMMISSIONING,BURSCOUGH FAMILY PRACTICE,26118995,"4,895.59 ",,LA000047229
Department of Health,NHS West Lancashire CCG,2/28/2019,C&M-GMS Cost of Drugs -Prescribing,LOCAL ENHANCED SERVICES,DR S BISWAS & PARTNERS,26118999,"5,429.70 ",,LA000047233
Department of Health,NHS West Lancashire CCG,2/28/2019,C&M-GMS DES Extended Hours Access,PRC DELEGATED CO-COMMISSIONING,DR S BISWAS & PARTNERS,26118999,"2,582.00 ",,LA000047233
Department of Health,NHS West Lancashire CCG,2/28/2019,C&M-GMS Global Sum,PRC DELEGATED CO-COMMISSIONING,DR S BISWAS & PARTNERS,26118999,"127,090.52 ",,LA000047233
Department of Health,NHS West Lancashire CCG,2/28/2019,C&M-GMS Prem Notional Rent,PRC DELEGATED CO-COMMISSIONING,DR S BISWAS & PARTNERS,26118999,"3,331.25 ",,LA000047233
Department of Health,NHS West Lancashire CCG,2/28/2019,C&M-GMS Prof Fees Prescribing,PRC DELEGATED CO-COMMISSIONING,DR S BISWAS & PARTNERS,26118999,"1,051.13 ",,LA000047233
Department of Health,NHS West Lancashire CCG,2/28/2019,C&M-GMS QOF Aspiration,PRC DELEGATED CO-COMMISSIONING,DR S BISWAS & PARTNERS,26118999,"14,237.45 ",,LA000047233
Department of Health,NHS West Lancashire CCG,2/28/2019,C&M-GMS Cost of Drugs -Prescribing,LOCAL ENHANCED SERVICES,ELMS,26119001,"2,435.41 ",,LA000047235
Department of Health,NHS West Lancashire CCG,2/28/2019,C&M-GMS Global Sum,PRC DELEGATED CO-COMMISSIONING,ELMS,26119001,"38,798.89 ",,LA000047235
Department of Health,NHS West Lancashire CCG,2/28/2019,C&M-GMS Prem Notional Rent,PRC DELEGATED CO-COMMISSIONING,ELMS,26119001,"1,916.67 ",,LA000047235
Department of Health,NHS West Lancashire CCG,2/28/2019,C&M-GMS Prem Rates,PRC DELEGATED CO-COMMISSIONING,ELMS,26119001,610.00 ,,LA000047235
Department of Health,NHS West Lancashire CCG,2/28/2019,C&M-GMS Prof Fees Prescribing,PRC DELEGATED CO-COMMISSIONING,ELMS,26119001,406.06 ,,LA000047235
Department of Health,NHS West Lancashire CCG,2/28/2019,C&M-GMS QOF Aspiration,PRC DELEGATED CO-COMMISSIONING,ELMS,26119001,"4,681.51 ",,LA000047235
Department of Health,NHS West Lancashire CCG,2/28/2019,C&M-GMS Cost of Drugs -Prescribing,LOCAL ENHANCED SERVICES,LATHOM HOUSE SURGERY,26119004,"2,163.91 ",,LA000047239
Department of Health,NHS West Lancashire CCG,2/28/2019,C&M-GMS Global Sum,PRC DELEGATED CO-COMMISSIONING,LATHOM HOUSE SURGERY,26119004,"33,473.21 ",,LA000047239
Department of Health,NHS West Lancashire CCG,2/28/2019,C&M-GMS Prem Cost Rent,PRC DELEGATED CO-COMMISSIONING,LATHOM HOUSE SURGERY,26119004,"2,082.25 ",,LA000047239
Department of Health,NHS West Lancashire CCG,2/28/2019,C&M-GMS Prem Water Rates,PRC DELEGATED CO-COMMISSIONING,LATHOM HOUSE SURGERY,26119004,229.49 ,,LA000047239
Department of Health,NHS West Lancashire CCG,2/28/2019,C&M-GMS Prof Fees Prescribing,PRC DELEGATED CO-COMMISSIONING,LATHOM HOUSE SURGERY,26119004,285.27 ,,LA000047239
Department of Health,NHS West Lancashire CCG,2/28/2019,C&M-GMS QOF Aspiration,PRC DELEGATED CO-COMMISSIONING,LATHOM HOUSE SURGERY,26119004,"3,799.19 ",,LA000047239
Department of Health,NHS West Lancashire CCG,2/28/2019,C&M-GMS Cost of Drugs -Prescribing,LOCAL ENHANCED SERVICES,MANOR PRIMARY CARE,26119006,863.50 ,,LA000047241
Department of Health,NHS West Lancashire CCG,2/28/2019,C&M-GMS DES Learn Dsblty Hlth Chk,PRC DELEGATED CO-COMMISSIONING,MANOR PRIMARY CARE,26119006,420.00 ,,LA000047241
Department of Health,NHS West Lancashire CCG,2/28/2019,C&M-GMS Global Sum,PRC DELEGATED CO-COMMISSIONING,MANOR PRIMARY CARE,26119006,"40,350.97 ",,LA000047241
Department of Health,NHS West Lancashire CCG,2/28/2019,C&M-GMS MPIG Correction Factor,PRC DELEGATED CO-COMMISSIONING,MANOR PRIMARY CARE,26119006,270.40 ,,LA000047241
Department of Health,NHS West Lancashire CCG,2/28/2019,C&M-GMS Prof Fees Prescribing,PRC DELEGATED CO-COMMISSIONING,MANOR PRIMARY CARE,26119006,236.44 ,,LA000047241
Department of Health,NHS West Lancashire CCG,2/28/2019,C&M-GMS QOF Aspiration,PRC DELEGATED CO-COMMISSIONING,MANOR PRIMARY CARE,26119006,"3,863.87 ",,LA000047241
Department of Health,NHS West Lancashire CCG,2/28/2019,C&M-GMS Cost of Drugs -Prescribing,LOCAL ENHANCED SERVICES,PARBOLD SURGERY,26119008,"2,065.54 ",,LA000047243
Department of Health,NHS West Lancashire CCG,2/28/2019,C&M-GMS Global Sum,PRC DELEGATED CO-COMMISSIONING,PARBOLD SURGERY,26119008,"52,088.19 ",,LA000047243
Department of Health,NHS West Lancashire CCG,2/28/2019,C&M-GMS MPIG Correction Factor,PRC DELEGATED CO-COMMISSIONING,PARBOLD SURGERY,26119008,58.78 ,,LA000047243
Department of Health,NHS West Lancashire CCG,2/28/2019,C&M-GMS Other Addtl Staff Paymts,PRC DELEGATED CO-COMMISSIONING,PARBOLD SURGERY,26119008,62.00 ,,LA000047243
Department of Health,NHS West Lancashire CCG,2/28/2019,C&M-GMS Prem Notional Rent,PRC DELEGATED CO-COMMISSIONING,PARBOLD SURGERY,26119008,"4,162.50 ",,LA000047243
Department of Health,NHS West Lancashire CCG,2/28/2019,C&M-GMS Prof Fees Prescribing,PRC DELEGATED CO-COMMISSIONING,PARBOLD SURGERY,26119008,290.41 ,,LA000047243
Department of Health,NHS West Lancashire CCG,2/28/2019,C&M-GMS QOF Aspiration,PRC DELEGATED CO-COMMISSIONING,PARBOLD SURGERY,26119008,"5,640.90 ",,LA000047243
Department of Health,NHS West Lancashire CCG,2/28/2019,C&M-GMS Cost of Drugs -Prescribing,LOCAL ENHANCED SERVICES,PARKGATE SURGERY ORMSKIRK,26119010,"2,616.01 ",,LA000047245
Department of Health,NHS West Lancashire CCG,2/28/2019,C&M-GMS DES Learn Dsblty Hlth Chk,PRC DELEGATED CO-COMMISSIONING,PARKGATE SURGERY ORMSKIRK,26119010,140.00 ,,LA000047245
Department of Health,NHS West Lancashire CCG,2/28/2019,C&M-GMS Global Sum,PRC DELEGATED CO-COMMISSIONING,PARKGATE SURGERY ORMSKIRK,26119010,"52,734.19 ",,LA000047245
Department of Health,NHS West Lancashire CCG,2/28/2019,C&M-GMS PCO Locum Adop/Pat/Mat,PRC DELEGATED CO-COMMISSIONING,PARKGATE SURGERY ORMSKIRK,26119010,"5,720.82 ",,LA000047245
Department of Health,NHS West Lancashire CCG,2/28/2019,C&M-GMS Prem Notional Rent,PRC DELEGATED CO-COMMISSIONING,PARKGATE SURGERY ORMSKIRK,26119010,"2,062.50 ",,LA000047245
Department of Health,NHS West Lancashire CCG,2/28/2019,C&M-GMS Prem Water Rates,PRC DELEGATED CO-COMMISSIONING,PARKGATE SURGERY ORMSKIRK,26119010,142.84 ,,LA000047245
Department of Health,NHS West Lancashire CCG,2/28/2019,C&M-GMS Prof Fees Prescribing,PRC DELEGATED CO-COMMISSIONING,PARKGATE SURGERY ORMSKIRK,26119010,205.60 ,,LA000047245
Department of Health,NHS West Lancashire CCG,2/28/2019,C&M-GMS QOF Aspiration,PRC DELEGATED CO-COMMISSIONING,PARKGATE SURGERY ORMSKIRK,26119010,"6,206.24 ",,LA000047245
Department of Health,NHS West Lancashire CCG,2/28/2019,C&M-GMS Cost of Drugs -Prescribing,LOCAL ENHANCED SERVICES,ORMSKIRK MEDICAL PRACTICE,26119012,"1,707.47 ",,LA000047247
Department of Health,NHS West Lancashire CCG,2/28/2019,C&M-GMS Global Sum,PRC DELEGATED CO-COMMISSIONING,ORMSKIRK MEDICAL PRACTICE,26119012,"67,231.78 ",,LA000047247
Department of Health,NHS West Lancashire CCG,2/28/2019,C&M-GMS Prem Notional Rent,PRC DELEGATED CO-COMMISSIONING,ORMSKIRK MEDICAL PRACTICE,26119012,"2,785.00 ",,LA000047247
Department of Health,NHS West Lancashire CCG,2/28/2019,C&M-GMS Prof Fees Prescribing,PRC DELEGATED CO-COMMISSIONING,ORMSKIRK MEDICAL PRACTICE,26119012,372.65 ,,LA000047247
Department of Health,NHS West Lancashire CCG,2/28/2019,C&M-GMS QOF Aspiration,PRC DELEGATED CO-COMMISSIONING,ORMSKIRK MEDICAL PRACTICE,26119012,"7,132.93 ",,LA000047247
Department of Health,NHS West Lancashire CCG,2/28/2019,C&M-GMS Cost of Drugs -Prescribing,LOCAL ENHANCED SERVICES,STANLEY COURT SURGERY,26119014,823.24 ,,LA000047249
Department of Health,NHS West Lancashire CCG,2/28/2019,C&M-GMS DES Learn Dsblty Hlth Chk,PRC DELEGATED CO-COMMISSIONING,STANLEY COURT SURGERY,26119014,140.00 ,,LA000047249
Department of Health,NHS West Lancashire CCG,2/28/2019,C&M-GMS Global Sum,PRC DELEGATED CO-COMMISSIONING,STANLEY COURT SURGERY,26119014,"42,119.84 ",,LA000047249
Department of Health,NHS West Lancashire CCG,2/28/2019,C&M-GMS Prof Fees Prescribing,PRC DELEGATED CO-COMMISSIONING,STANLEY COURT SURGERY,26119014,115.65 ,,LA000047249
Department of Health,NHS West Lancashire CCG,2/28/2019,C&M-GMS QOF Aspiration,PRC DELEGATED CO-COMMISSIONING,STANLEY COURT SURGERY,26119014,"4,104.58 ",,LA000047249
Department of Health,NHS West Lancashire CCG,2/28/2019,C&M-GMS Cost of Drugs -Prescribing,LOCAL ENHANCED SERVICES,TARLETON GROUP PRACTICE,26119016,"1,974.16 ",,LA000047251
Department of Health,NHS West Lancashire CCG,2/28/2019,C&M-GMS DES Learn Dsblty Hlth Chk,PRC DELEGATED CO-COMMISSIONING,TARLETON GROUP PRACTICE,26119016,560.00 ,,LA000047251
Department of Health,NHS West Lancashire CCG,2/28/2019,C&M-GMS Global Sum,PRC DELEGATED CO-COMMISSIONING,TARLETON GROUP PRACTICE,26119016,"72,366.55 ",,LA000047251
Department of Health,NHS West Lancashire CCG,2/28/2019,C&M-GMS MPIG Correction Factor,PRC DELEGATED CO-COMMISSIONING,TARLETON GROUP PRACTICE,26119016,124.03 ,,LA000047251
Department of Health,NHS West Lancashire CCG,2/28/2019,C&M-GMS Prof Fees Prescribing,PRC DELEGATED CO-COMMISSIONING,TARLETON GROUP PRACTICE,26119016,318.68 ,,LA000047251
Department of Health,NHS West Lancashire CCG,2/28/2019,C&M-GMS QOF Aspiration,PRC DELEGATED CO-COMMISSIONING,TARLETON GROUP PRACTICE,26119016,"6,751.53 ",,LA000047251
Department of Health,NHS West Lancashire CCG,2/28/2019,C&M-GMS Cost of Drugs -Prescribing,LOCAL ENHANCED SERVICES,SKELMERSDALE FAMILY PRACTICE,26121095,"13,332.19 ",,LA000047255
Department of Health,NHS West Lancashire CCG,2/28/2019,C&M-GMS DES Extended Hours Access,PRC DELEGATED CO-COMMISSIONING,SKELMERSDALE FAMILY PRACTICE,26121095,"2,881.00 ",,LA000047255
Department of Health,NHS West Lancashire CCG,2/28/2019,C&M-GMS Global Sum,PRC DELEGATED CO-COMMISSIONING,SKELMERSDALE FAMILY PRACTICE,26121095,"139,987.62 ",,LA000047255
Department of Health,NHS West Lancashire CCG,2/28/2019,C&M-GMS Prem Notional Rent,PRC DELEGATED CO-COMMISSIONING,SKELMERSDALE FAMILY PRACTICE,26121095,"1,509.17 ",,LA000047255
Department of Health,NHS West Lancashire CCG,2/28/2019,C&M-GMS Prof Fees Prescribing,PRC DELEGATED CO-COMMISSIONING,SKELMERSDALE FAMILY PRACTICE,26121095,"2,235.90 ",,LA000047255
Department of Health,NHS West Lancashire CCG,2/28/2019,C&M-GMS QOF Aspiration,PRC DELEGATED CO-COMMISSIONING,SKELMERSDALE FAMILY PRACTICE,26121095,"13,778.18 ",,LA000047255
Department of Health,NHS West Lancashire CCG,2/28/2019,C&M-GMS Cost of Drugs -Prescribing,LOCAL ENHANCED SERVICES,HALL GREEN SURGERY,26132092,"2,681.33 ",,LA000047237
Department of Health,NHS West Lancashire CCG,2/28/2019,C&M-GMS Global Sum,PRC DELEGATED CO-COMMISSIONING,HALL GREEN SURGERY,26132092,"59,304.55 ",,LA000047237
Department of Health,NHS West Lancashire CCG,2/28/2019,C&M-GMS Prem Notional Rent,PRC DELEGATED CO-COMMISSIONING,HALL GREEN SURGERY,26132092,"2,856.25 ",,LA000047237
Department of Health,NHS West Lancashire CCG,2/28/2019,C&M-GMS Prof Fees Prescribing,PRC DELEGATED CO-COMMISSIONING,HALL GREEN SURGERY,26132092,208.17 ,,LA000047237
Department of Health,NHS West Lancashire CCG,2/28/2019,C&M-GMS QOF Aspiration,PRC DELEGATED CO-COMMISSIONING,HALL GREEN SURGERY,26132092,"6,329.11 ",,LA000047237
Department of Health,NHS West Lancashire CCG,2/28/2019,ME - GMS GP Prior Year ERs,PRC DELEGATED CO-COMMISSIONING,HALL GREEN SURGERY,26132092,"8,485.39 ",,LA000047237
Department of Health,NHS West Lancashire CCG,2/28/2019,ME-GMS GP Pension EEs Adjustments,PRC DELEGATED CO-COMMISSIONING,HALL GREEN SURGERY,26132092,"6,374.97 ",,LA000047237
Department of Health,NHS West Lancashire CCG,2/28/2019,ME-GMS GP Pension ERs Adjustments,PRC DELEGATED CO-COMMISSIONING,HALL GREEN SURGERY,26132092,"7,333.83 ",,LA000047237
Department of Health,NHS West Lancashire CCG,2/28/2019,ME-GMS GP Prior Year EEs,PRC DELEGATED CO-COMMISSIONING,HALL GREEN SURGERY,26132092,"7,536.14 ",,LA000047237
Department of Health,NHS West Lancashire CCG,2/28/2019,Clinical&Medical-Drugs,COMMUNITY SERVICES,SOUTHPORT AND ORMSKIRK HOSPITAL NHS TRUST,26166246,"41,493.28 ",654970308,7529269
Department of Health,NHS West Lancashire CCG,2/28/2019,Clinical&Medical-Independent Sector,COMMUNITY SERVICES,MEDEQUIP ASSISTIVE TECHNOLOGY LTD,26166277,"36,613.70 ",218788662,43477
Department of Health,NHS West Lancashire CCG,2/28/2019,Clinical&Medical-Independent Sector,PRIMARY CARE INVESTMENTS,OUT OF HOURS WEST LANCASHIRE CIC,26184985,"34,825.66 ",,INV0095
,,,,,,,,,
