Department family,Entity,Date,Expense Type,Expense area,Supplier,Transaction number,AP Amount (�),VAT registration number,Purchase invoice number
Department of Health,NHS West Lancashire CCG,1/31/2019,Clinical&Medical-Independent Sector,MENTAL HEALTH SERVICES - OTHER,ARENA HOUSING GROUP LTD,25414497,"26,549.90 ",638743996,ARINV00003161
Department of Health,NHS West Lancashire CCG,1/31/2019,Clinical&Medical-Independent Sector,MENTAL HEALTH SERVICES - OTHER,YOUR HOUSING GROUP,25414510,"27,080.89 ",,ARINV00004055
Department of Health,NHS West Lancashire CCG,1/31/2019,Clinical&Medical-Othe Public Sector,MENTAL HEALTH SERVICES - ADULTS,LANCASHIRE COUNTY COUNCIL,25414532,"25,731.49 ",,5100601699
Department of Health,NHS West Lancashire CCG,1/31/2019,Clinical&Medical-Independent Sector,COMMUNITY SERVICES,MEDEQUIP ASSISTIVE TECHNOLOGY LTD,25414537,"43,992.36 ",218788662,43211
Department of Health,NHS West Lancashire CCG,1/31/2019,Miscellaneous Expenditure (L9),MEDICINES MANAGEMENT - CLINICAL,FIRST DATABANK EUROPE LTD,25429047,"43,791.05 ",585826589,8130
Department of Health,NHS West Lancashire CCG,1/31/2019,Income tax <1Yr,BALANCE SHEET,HMRC,25487779,"31,440.20 ",,475PX004406621909
Department of Health,NHS West Lancashire CCG,1/31/2019,Income tax <1Yr-Student Loans,BALANCE SHEET,HMRC,25487779,760.00 ,,475PX004406621909
Department of Health,NHS West Lancashire CCG,1/31/2019,National Insurance < 1 yr-NI- ERS,BALANCE SHEET,HMRC,25487779,"20,703.86 ",,475PX004406621909
Department of Health,NHS West Lancashire CCG,1/31/2019,National Insurance < 1 yr-NI-EES,BALANCE SHEET,HMRC,25487779,"14,607.28 ",,475PX004406621909
Department of Health,NHS West Lancashire CCG,1/31/2019,Hlthcre-Foundation Trsts,ACUTE COMMISSIONING,MANCHESTER UNIVERSITY NHS FOUNDATION TRUST,25496180,"35,634.59 ",654415538,0000421243
Department of Health,NHS West Lancashire CCG,1/31/2019,Hlthcre-Foundation Trsts,ACUTE COMMISSIONING,SALFORD ROYAL NHS FOUNDATION TRUST,25496351,"25,210.00 ",654939786,S0021558
Department of Health,NHS West Lancashire CCG,1/31/2019,C&M-GMS Cost of Drugs -Prescribing,PRC DELEGATED CO-COMMISSIONING,PARKGATE SURGERY ORMSKIRK,25520011,"3,599.48 ",,NHSE
Department of Health,NHS West Lancashire CCG,1/31/2019,C&M-GMS DES Learn Dsblty Hlth Chk,PRC DELEGATED CO-COMMISSIONING,PARKGATE SURGERY ORMSKIRK,25520011,840.00 ,,NHSE
Department of Health,NHS West Lancashire CCG,1/31/2019,C&M-GMS GP Statutory Levy,PRC DELEGATED CO-COMMISSIONING,PARKGATE SURGERY ORMSKIRK,25520011,(63.48),,NHSE
Department of Health,NHS West Lancashire CCG,1/31/2019,C&M-GMS Global Sum,PRC DELEGATED CO-COMMISSIONING,PARKGATE SURGERY ORMSKIRK,25520011,"14,450.82 ",,NHSE
Department of Health,NHS West Lancashire CCG,1/31/2019,C&M-GMS MPIG Correction Factor,PRC DELEGATED CO-COMMISSIONING,PARKGATE SURGERY ORMSKIRK,25520011,15.95 ,,NHSE
Department of Health,NHS West Lancashire CCG,1/31/2019,C&M-GMS PCO Locum Sickness,PRC DELEGATED CO-COMMISSIONING,PARKGATE SURGERY ORMSKIRK,25520011,"7,642.08 ",,NHSE
Department of Health,NHS West Lancashire CCG,1/31/2019,C&M-GMS PCO Seniority,PRC DELEGATED CO-COMMISSIONING,PARKGATE SURGERY ORMSKIRK,25520011,972.73 ,,NHSE
Department of Health,NHS West Lancashire CCG,1/31/2019,C&M-GMS Prem Notional Rent,PRC DELEGATED CO-COMMISSIONING,PARKGATE SURGERY ORMSKIRK,25520011,"1,216.67 ",,NHSE
Department of Health,NHS West Lancashire CCG,1/31/2019,C&M-GMS Prof Fees Prescribing,PRC DELEGATED CO-COMMISSIONING,PARKGATE SURGERY ORMSKIRK,25520011,956.04 ,,NHSE
Department of Health,NHS West Lancashire CCG,1/31/2019,C&M-GMS QOF Aspiration,PRC DELEGATED CO-COMMISSIONING,PARKGATE SURGERY ORMSKIRK,25520011,"2,073.20 ",,NHSE
Department of Health,NHS West Lancashire CCG,1/31/2019,C&M-GMS Voluntary Levy,PRC DELEGATED CO-COMMISSIONING,PARKGATE SURGERY ORMSKIRK,25520011,(9.90),,NHSE
Department of Health,NHS West Lancashire CCG,1/31/2019,Basic Sal-Rechgs to-from Other NHS,SAFEGUARDING,NHS CHORLEY AND SOUTH RIBBLE CCG,25560868,"57,711.06 ",,7011601625
Department of Health,NHS West Lancashire CCG,1/31/2019,Clinical&Medical-Independent Sector,ACUTE COMMISSIONING,EUXTON HALL HOSPITAL,25560936,"53,289.86 ",,WLJAN19
Department of Health,NHS West Lancashire CCG,1/31/2019,Hlthcre-Foundation Trsts,ACUTE COMMISSIONING,LIVERPOOL WOMENS HOSPITAL NHS FOUNDATION TRUST,25560962,"55,567.41 ",654928891,9410020999
Department of Health,NHS West Lancashire CCG,1/31/2019,Clinical&Medical-Independent Sector,ACUTE COMMISSIONING,GUY PILKINGTON MEMORIAL HOME LTD,25560978,"72,435.00 ",,102732
Department of Health,NHS West Lancashire CCG,1/31/2019,Hlthcre-Foundation Trsts,ACUTE COMMISSIONING,WALTON CENTRE NHS FOUNDATION TRUST,25561025,"58,137.49 ",654948002,N0020566
Department of Health,NHS West Lancashire CCG,1/31/2019,Hlthcre-Foundation Trsts,ACUTE COMMISSIONING,LIVERPOOL HEART AND CHEST HOSPITAL NHS TRUST,25561052,"84,259.83 ",654914712,12774858
Department of Health,NHS West Lancashire CCG,1/31/2019,Cont Care-Physical Disab (<65),CHC AD FULL FUND PERS HLTH BUD,YOUR LIFE YOUR WAY,25561073,"66,698.10 ",,650622
Department of Health,NHS West Lancashire CCG,1/31/2019,Cont Care-Physical Disab (<65),CHC AD FULL FUND PERS HLTH BUD,YOUR LIFE YOUR WAY,25561094,"39,083.40 ",,171119
Department of Health,NHS West Lancashire CCG,1/31/2019,Hcare Srv Rec NHS Trust,ACUTE COMMISSIONING,ROYAL LIVERPOOL AND BROADGREEN UNIVERSITY HOSPITALS NHS TRUST,25561132,"202,144.00 ",654966000,8610095945
Department of Health,NHS West Lancashire CCG,1/31/2019,Hlthcre-Foundation Trsts,ACUTE COMMISSIONING,ALDER HEY CHILDRENS NHS FOUNDATION TRUST,25561144,"73,231.00 ",654938985,9110028874
Department of Health,NHS West Lancashire CCG,1/31/2019,Hcare Srv Rec NHS Trust,ACUTE COMMISSIONING,ST HELENS AND KNOWSLEY HOSPITALS NHS TRUST,25561159,"177,173.00 ",654943996,16780611
Department of Health,NHS West Lancashire CCG,1/31/2019,Hlthcre-Foundation Trsts,ACUTE COMMISSIONING,LANCASHIRE TEACHING HOSPITALS NHS FOUNDATION TRUST,25561177,"190,661.00 ",654937107,15321937
Department of Health,NHS West Lancashire CCG,1/31/2019,Clinical&Medical-Independent Sector,ACUTE COMMISSIONING,RENACRES HOSPITAL,25561183,"287,327.42 ",,L0650119
Department of Health,NHS West Lancashire CCG,1/31/2019,Clinical&Medical-Commercial Sector,URGENT CARE,VIRGIN CARE SERVICES LTD,25561280,"301,568.22 ",GB918510332,10380008034
Department of Health,NHS West Lancashire CCG,1/31/2019,Clinical&Medical-Commercial Sector,COMMUNITY SERVICES,VIRGIN CARE SERVICES LTD,25561304,"698,790.97 ",GB918510332,10380008033
Department of Health,NHS West Lancashire CCG,1/31/2019,Hcare Srv Rec NHS Trust,AMBULANCE SERVICES,NORTH WEST AMBULANCE SERVICE NHS TRUST,25561354,"262,380.00 ",654435138,4110043289
Department of Health,NHS West Lancashire CCG,1/31/2019,Other Transport Costs,PATIENT TRANSPORT,NORTH WEST AMBULANCE SERVICE NHS TRUST,25561389,"54,620.00 ",654435138,4110043349
Department of Health,NHS West Lancashire CCG,1/31/2019,Clinical&Medical-Independent Sector,PRIMARY CARE INVESTMENTS,OUT OF HOURS WEST LANCASHIRE CIC,25561520,"34,825.66 ",,INV0092
Department of Health,NHS West Lancashire CCG,1/31/2019,Hlthcre-Foundation Trsts,ACUTE COMMISSIONING,WRIGHTINGTON WIGAN & LEIGH NHS FOUNDATION TRUST,25561627,"796,603.00 ",GB654951509,55584432
Department of Health,NHS West Lancashire CCG,1/31/2019,Charges from CSU,CONTINUING HEALTHCARE ASSESSMENT & SUPPORT,NHS MIDLANDS AND LANCASHIRE CSU,25561644,"25,588.00 ",GB 654442045,7312312363
Department of Health,NHS West Lancashire CCG,1/31/2019,Charges from CSU,CORPORATE COSTS & SERVICES,NHS MIDLANDS AND LANCASHIRE CSU,25561644,"47,826.44 ",GB 654442045,7312312363
Department of Health,NHS West Lancashire CCG,1/31/2019,Charges from CSU,MEDICINES MANAGEMENT - CLINICAL,NHS MIDLANDS AND LANCASHIRE CSU,25561644,"4,046.50 ",GB 654442045,7312312363
Department of Health,NHS West Lancashire CCG,1/31/2019,Charges from CSU,PRIMARY CARE IT,NHS MIDLANDS AND LANCASHIRE CSU,25561644,"24,070.83 ",GB 654442045,7312312363
Department of Health,NHS West Lancashire CCG,1/31/2019,Charges from CSU,PROGRAMME PROJECTS,NHS MIDLANDS AND LANCASHIRE CSU,25561644,"3,865.92 ",GB 654442045,7312312363
Department of Health,NHS West Lancashire CCG,1/31/2019,Clinical&Medical-Independent Sector,COMMUNITY SERVICES,MEDEQUIP ASSISTIVE TECHNOLOGY LTD,25561761,"38,699.29 ",218788662,43289
Department of Health,NHS West Lancashire CCG,1/31/2019,Clinical&Medical-Commercial Sector,PLANNED CARE,PDS MEDICAL,25689878,"25,042.37 ",,00347
Department of Health,NHS West Lancashire CCG,1/31/2019,Clinical&Medical-Independent Sector,MENTAL HEALTH SERVICES - ADULTS,ALZHEIMERS SOCIETY,25689941,"26,908.50 ",GB974843571,PSI167981
Department of Health,NHS West Lancashire CCG,1/31/2019,Hlthcre-Foundation Trsts,LEARNING DIFFICULTIES,MERSEY CARE NHS TRUST,25691053,"49,327.26 ",654 412 841,I0039220
Department of Health,NHS West Lancashire CCG,1/31/2019,C&M-GMS Cost of Drugs -Prescribing,LOCAL ENHANCED SERVICES,ASHURST PRIMARY CARE,25723273,"3,553.00 ",,LA000046669
Department of Health,NHS West Lancashire CCG,1/31/2019,C&M-GMS DES Extended Hours Access,PRC DELEGATED CO-COMMISSIONING,ASHURST PRIMARY CARE,25723273,809.00 ,,LA000046669
Department of Health,NHS West Lancashire CCG,1/31/2019,C&M-GMS DES Learn Dsblty Hlth Chk,PRC DELEGATED CO-COMMISSIONING,ASHURST PRIMARY CARE,25723273,420.00 ,,LA000046669
Department of Health,NHS West Lancashire CCG,1/31/2019,C&M-GMS DES Minor Surgery,PRC DELEGATED CO-COMMISSIONING,ASHURST PRIMARY CARE,25723273,975.92 ,,LA000046669
Department of Health,NHS West Lancashire CCG,1/31/2019,C&M-GMS Global Sum,PRC DELEGATED CO-COMMISSIONING,ASHURST PRIMARY CARE,25723273,"36,682.85 ",,LA000046669
Department of Health,NHS West Lancashire CCG,1/31/2019,C&M-GMS Prem Healthcentre Rates,PRC DELEGATED CO-COMMISSIONING,ASHURST PRIMARY CARE,25723273,"1,546.77 ",,LA000046669
Department of Health,NHS West Lancashire CCG,1/31/2019,C&M-GMS Prem Healthcentre Rent,PRC DELEGATED CO-COMMISSIONING,ASHURST PRIMARY CARE,25723273,"6,468.00 ",,LA000046669
Department of Health,NHS West Lancashire CCG,1/31/2019,C&M-GMS Prof Fees Prescribing,PRC DELEGATED CO-COMMISSIONING,ASHURST PRIMARY CARE,25723273,855.81 ,,LA000046669
Department of Health,NHS West Lancashire CCG,1/31/2019,C&M-GMS QOF Aspiration,PRC DELEGATED CO-COMMISSIONING,ASHURST PRIMARY CARE,25723273,"3,633.07 ",,LA000046669
Department of Health,NHS West Lancashire CCG,1/31/2019,C&M-GMS Cost of Drugs -Prescribing,LOCAL ENHANCED SERVICES,AUGHTON SURGERY,25723275,"4,941.48 ",,LA000046671
Department of Health,NHS West Lancashire CCG,1/31/2019,C&M-GMS DES Extended Hours Access,PRC DELEGATED CO-COMMISSIONING,AUGHTON SURGERY,25723275,943.00 ,,LA000046671
Department of Health,NHS West Lancashire CCG,1/31/2019,C&M-GMS DES Minor Surgery,PRC DELEGATED CO-COMMISSIONING,AUGHTON SURGERY,25723275,"4,125.48 ",,LA000046671
Department of Health,NHS West Lancashire CCG,1/31/2019,C&M-GMS Global Sum,PRC DELEGATED CO-COMMISSIONING,AUGHTON SURGERY,25723275,"43,338.45 ",,LA000046671
Department of Health,NHS West Lancashire CCG,1/31/2019,C&M-GMS Prem Notional Rent,PRC DELEGATED CO-COMMISSIONING,AUGHTON SURGERY,25723275,"2,625.00 ",,LA000046671
Department of Health,NHS West Lancashire CCG,1/31/2019,C&M-GMS Prof Fees Prescribing,PRC DELEGATED CO-COMMISSIONING,AUGHTON SURGERY,25723275,"1,238.74 ",,LA000046671
Department of Health,NHS West Lancashire CCG,1/31/2019,C&M-GMS QOF Aspiration,PRC DELEGATED CO-COMMISSIONING,AUGHTON SURGERY,25723275,"4,474.01 ",,LA000046671
Department of Health,NHS West Lancashire CCG,1/31/2019,C&M-GMS Global Sum,PRC DELEGATED CO-COMMISSIONING,BURSCOUGH FAMILY PRACTICE,25723277,"21,883.56 ",,LA000046673
Department of Health,NHS West Lancashire CCG,1/31/2019,C&M-GMS Prem Healthcentre Rates,PRC DELEGATED CO-COMMISSIONING,BURSCOUGH FAMILY PRACTICE,25723277,687.89 ,,LA000046673
Department of Health,NHS West Lancashire CCG,1/31/2019,C&M-GMS Prem Healthcentre Rent,PRC DELEGATED CO-COMMISSIONING,BURSCOUGH FAMILY PRACTICE,25723277,"3,226.14 ",,LA000046673
Department of Health,NHS West Lancashire CCG,1/31/2019,C&M-GMS QOF Aspiration,PRC DELEGATED CO-COMMISSIONING,BURSCOUGH FAMILY PRACTICE,25723277,"2,421.27 ",,LA000046673
Department of Health,NHS West Lancashire CCG,1/31/2019,C&M-GMS Cost of Drugs -Prescribing,LOCAL ENHANCED SERVICES,DR S BISWAS & PARTNERS,25723281,"10,107.75 ",,LA000046677
Department of Health,NHS West Lancashire CCG,1/31/2019,C&M-GMS DES Extended Hours Access,PRC DELEGATED CO-COMMISSIONING,DR S BISWAS & PARTNERS,25723281,"2,582.00 ",,LA000046677
Department of Health,NHS West Lancashire CCG,1/31/2019,C&M-GMS DES Minor Surgery,PRC DELEGATED CO-COMMISSIONING,DR S BISWAS & PARTNERS,25723281,"22,490.52 ",,LA000046677
Department of Health,NHS West Lancashire CCG,1/31/2019,C&M-GMS Global Sum,PRC DELEGATED CO-COMMISSIONING,DR S BISWAS & PARTNERS,25723281,"127,090.52 ",,LA000046677
Department of Health,NHS West Lancashire CCG,1/31/2019,C&M-GMS PCO Other,PRC DELEGATED CO-COMMISSIONING,DR S BISWAS & PARTNERS,25723281,"11,520.00 ",,LA000046677
Department of Health,NHS West Lancashire CCG,1/31/2019,C&M-GMS Prem Healthcentre Rates,PRC DELEGATED CO-COMMISSIONING,DR S BISWAS & PARTNERS,25723281,"1,469.52 ",,LA000046677
Department of Health,NHS West Lancashire CCG,1/31/2019,C&M-GMS Prem Healthcentre Rent,PRC DELEGATED CO-COMMISSIONING,DR S BISWAS & PARTNERS,25723281,"10,808.70 ",,LA000046677
Department of Health,NHS West Lancashire CCG,1/31/2019,C&M-GMS Prem Notional Rent,PRC DELEGATED CO-COMMISSIONING,DR S BISWAS & PARTNERS,25723281,"3,331.25 ",,LA000046677
Department of Health,NHS West Lancashire CCG,1/31/2019,C&M-GMS Prem Rates,PRC DELEGATED CO-COMMISSIONING,DR S BISWAS & PARTNERS,25723281,"1,433.00 ",,LA000046677
Department of Health,NHS West Lancashire CCG,1/31/2019,C&M-GMS Prof Fees Prescribing,PRC DELEGATED CO-COMMISSIONING,DR S BISWAS & PARTNERS,25723281,"2,118.30 ",,LA000046677
Department of Health,NHS West Lancashire CCG,1/31/2019,C&M-GMS QOF Aspiration,PRC DELEGATED CO-COMMISSIONING,DR S BISWAS & PARTNERS,25723281,"14,237.45 ",,LA000046677
Department of Health,NHS West Lancashire CCG,1/31/2019,C&M-GMS Cost of Drugs -Prescribing,LOCAL ENHANCED SERVICES,ELMS,25723283,"7,651.87 ",,LA000046679
Department of Health,NHS West Lancashire CCG,1/31/2019,C&M-GMS DES Learn Dsblty Hlth Chk,PRC DELEGATED CO-COMMISSIONING,ELMS,25723283,280.00 ,,LA000046679
Department of Health,NHS West Lancashire CCG,1/31/2019,C&M-GMS DES Minor Surgery,PRC DELEGATED CO-COMMISSIONING,ELMS,25723283,"2,040.56 ",,LA000046679
Department of Health,NHS West Lancashire CCG,1/31/2019,C&M-GMS Global Sum,PRC DELEGATED CO-COMMISSIONING,ELMS,25723283,"38,798.89 ",,LA000046679
Department of Health,NHS West Lancashire CCG,1/31/2019,C&M-GMS PCO Other,PRC DELEGATED CO-COMMISSIONING,ELMS,25723283,417.51 ,,LA000046679
Department of Health,NHS West Lancashire CCG,1/31/2019,C&M-GMS Prem Notional Rent,PRC DELEGATED CO-COMMISSIONING,ELMS,25723283,"1,916.67 ",,LA000046679
Department of Health,NHS West Lancashire CCG,1/31/2019,C&M-GMS Prem Rates,PRC DELEGATED CO-COMMISSIONING,ELMS,25723283,610.00 ,,LA000046679
Department of Health,NHS West Lancashire CCG,1/31/2019,C&M-GMS Prem Water Rates,PRC DELEGATED CO-COMMISSIONING,ELMS,25723283,140.85 ,,LA000046679
Department of Health,NHS West Lancashire CCG,1/31/2019,C&M-GMS Prof Fees Prescribing,PRC DELEGATED CO-COMMISSIONING,ELMS,25723283,"1,624.45 ",,LA000046679
Department of Health,NHS West Lancashire CCG,1/31/2019,C&M-GMS QOF Aspiration,PRC DELEGATED CO-COMMISSIONING,ELMS,25723283,"4,681.51 ",,LA000046679
Department of Health,NHS West Lancashire CCG,1/31/2019,C&M-GMS Cost of Drugs -Prescribing,LOCAL ENHANCED SERVICES,HALL GREEN SURGERY,25723285,"5,012.61 ",,LA000046681
Department of Health,NHS West Lancashire CCG,1/31/2019,C&M-GMS DES Minor Surgery,PRC DELEGATED CO-COMMISSIONING,HALL GREEN SURGERY,25723285,"1,375.16 ",,LA000046681
Department of Health,NHS West Lancashire CCG,1/31/2019,C&M-GMS Global Sum,PRC DELEGATED CO-COMMISSIONING,HALL GREEN SURGERY,25723285,"59,304.55 ",,LA000046681
Department of Health,NHS West Lancashire CCG,1/31/2019,C&M-GMS Prem Notional Rent,PRC DELEGATED CO-COMMISSIONING,HALL GREEN SURGERY,25723285,"2,856.25 ",,LA000046681
Department of Health,NHS West Lancashire CCG,1/31/2019,C&M-GMS Prem Rates,PRC DELEGATED CO-COMMISSIONING,HALL GREEN SURGERY,25723285,552.00 ,,LA000046681
Department of Health,NHS West Lancashire CCG,1/31/2019,C&M-GMS Prof Fees Prescribing,PRC DELEGATED CO-COMMISSIONING,HALL GREEN SURGERY,25723285,678.48 ,,LA000046681
Department of Health,NHS West Lancashire CCG,1/31/2019,C&M-GMS QOF Aspiration,PRC DELEGATED CO-COMMISSIONING,HALL GREEN SURGERY,25723285,"6,329.11 ",,LA000046681
Department of Health,NHS West Lancashire CCG,1/31/2019,C&M-GMS Cost of Drugs -Prescribing,LOCAL ENHANCED SERVICES,LATHOM HOUSE SURGERY,25723287,"4,607.44 ",,LA000046683
Department of Health,NHS West Lancashire CCG,1/31/2019,C&M-GMS DES Learn Dsblty Hlth Chk,PRC DELEGATED CO-COMMISSIONING,LATHOM HOUSE SURGERY,25723287,280.00 ,,LA000046683
Department of Health,NHS West Lancashire CCG,1/31/2019,C&M-GMS DES Minor Surgery,PRC DELEGATED CO-COMMISSIONING,LATHOM HOUSE SURGERY,25723287,"1,375.16 ",,LA000046683
Department of Health,NHS West Lancashire CCG,1/31/2019,C&M-GMS Global Sum,PRC DELEGATED CO-COMMISSIONING,LATHOM HOUSE SURGERY,25723287,"33,473.21 ",,LA000046683
Department of Health,NHS West Lancashire CCG,1/31/2019,C&M-GMS Prem Cost Rent,PRC DELEGATED CO-COMMISSIONING,LATHOM HOUSE SURGERY,25723287,"2,082.25 ",,LA000046683
Department of Health,NHS West Lancashire CCG,1/31/2019,C&M-GMS Prem Rates,PRC DELEGATED CO-COMMISSIONING,LATHOM HOUSE SURGERY,25723287,392.00 ,,LA000046683
Department of Health,NHS West Lancashire CCG,1/31/2019,C&M-GMS Prof Fees Prescribing,PRC DELEGATED CO-COMMISSIONING,LATHOM HOUSE SURGERY,25723287,"1,115.38 ",,LA000046683
Department of Health,NHS West Lancashire CCG,1/31/2019,C&M-GMS QOF Aspiration,PRC DELEGATED CO-COMMISSIONING,LATHOM HOUSE SURGERY,25723287,"3,799.19 ",,LA000046683
Department of Health,NHS West Lancashire CCG,1/31/2019,C&M-GMS Cost of Drugs -Prescribing,LOCAL ENHANCED SERVICES,MANOR PRIMARY CARE,25723289,"3,520.18 ",,LA000046685
Department of Health,NHS West Lancashire CCG,1/31/2019,C&M-GMS Global Sum,PRC DELEGATED CO-COMMISSIONING,MANOR PRIMARY CARE,25723289,"40,350.97 ",,LA000046685
Department of Health,NHS West Lancashire CCG,1/31/2019,C&M-GMS MPIG Correction Factor,PRC DELEGATED CO-COMMISSIONING,MANOR PRIMARY CARE,25723289,270.40 ,,LA000046685
Department of Health,NHS West Lancashire CCG,1/31/2019,C&M-GMS Prem Healthcentre Rates,PRC DELEGATED CO-COMMISSIONING,MANOR PRIMARY CARE,25723289,903.21 ,,LA000046685
Department of Health,NHS West Lancashire CCG,1/31/2019,C&M-GMS Prem Healthcentre Rent,PRC DELEGATED CO-COMMISSIONING,MANOR PRIMARY CARE,25723289,"6,228.00 ",,LA000046685
Department of Health,NHS West Lancashire CCG,1/31/2019,C&M-GMS Prof Fees Prescribing,PRC DELEGATED CO-COMMISSIONING,MANOR PRIMARY CARE,25723289,"1,002.30 ",,LA000046685
Department of Health,NHS West Lancashire CCG,1/31/2019,C&M-GMS QOF Aspiration,PRC DELEGATED CO-COMMISSIONING,MANOR PRIMARY CARE,25723289,"3,863.87 ",,LA000046685
Department of Health,NHS West Lancashire CCG,1/31/2019,C&M-GMS Cost of Drugs -Prescribing,LOCAL ENHANCED SERVICES,PARBOLD SURGERY,25723291,"18,846.06 ",,LA000046687
Department of Health,NHS West Lancashire CCG,1/31/2019,C&M-GMS DES Minor Surgery,PRC DELEGATED CO-COMMISSIONING,PARBOLD SURGERY,25723291,"3,637.52 ",,LA000046687
Department of Health,NHS West Lancashire CCG,1/31/2019,C&M-GMS Global Sum,PRC DELEGATED CO-COMMISSIONING,PARBOLD SURGERY,25723291,"52,088.19 ",,LA000046687
Department of Health,NHS West Lancashire CCG,1/31/2019,C&M-GMS MPIG Correction Factor,PRC DELEGATED CO-COMMISSIONING,PARBOLD SURGERY,25723291,58.78 ,,LA000046687
Department of Health,NHS West Lancashire CCG,1/31/2019,C&M-GMS Other Addtl Staff Paymts,PRC DELEGATED CO-COMMISSIONING,PARBOLD SURGERY,25723291,62.00 ,,LA000046687
Department of Health,NHS West Lancashire CCG,1/31/2019,C&M-GMS Prem Notional Rent,PRC DELEGATED CO-COMMISSIONING,PARBOLD SURGERY,25723291,"4,162.50 ",,LA000046687
Department of Health,NHS West Lancashire CCG,1/31/2019,C&M-GMS Prem Water Rates,PRC DELEGATED CO-COMMISSIONING,PARBOLD SURGERY,25723291,292.29 ,,LA000046687
Department of Health,NHS West Lancashire CCG,1/31/2019,C&M-GMS Prof Fees Prescribing,PRC DELEGATED CO-COMMISSIONING,PARBOLD SURGERY,25723291,"4,071.15 ",,LA000046687
Department of Health,NHS West Lancashire CCG,1/31/2019,C&M-GMS QOF Aspiration,PRC DELEGATED CO-COMMISSIONING,PARBOLD SURGERY,25723291,"5,640.90 ",,LA000046687
Department of Health,NHS West Lancashire CCG,1/31/2019,C&M-GMS Cost of Drugs -Prescribing,LOCAL ENHANCED SERVICES,PARKGATE SURGERY ORMSKIRK,25723293,"7,895.85 ",,LA000046689
Department of Health,NHS West Lancashire CCG,1/31/2019,C&M-GMS DES Minor Surgery,PRC DELEGATED CO-COMMISSIONING,PARKGATE SURGERY ORMSKIRK,25723293,"2,617.24 ",,LA000046689
Department of Health,NHS West Lancashire CCG,1/31/2019,C&M-GMS Global Sum,PRC DELEGATED CO-COMMISSIONING,PARKGATE SURGERY ORMSKIRK,25723293,"52,734.19 ",,LA000046689
Department of Health,NHS West Lancashire CCG,1/31/2019,C&M-GMS Prem Notional Rent,PRC DELEGATED CO-COMMISSIONING,PARKGATE SURGERY ORMSKIRK,25723293,"2,062.50 ",,LA000046689
Department of Health,NHS West Lancashire CCG,1/31/2019,C&M-GMS Prem Water Rates,PRC DELEGATED CO-COMMISSIONING,PARKGATE SURGERY ORMSKIRK,25723293,533.50 ,,LA000046689
Department of Health,NHS West Lancashire CCG,1/31/2019,C&M-GMS Prof Fees Prescribing,PRC DELEGATED CO-COMMISSIONING,PARKGATE SURGERY ORMSKIRK,25723293,"1,612.71 ",,LA000046689
Department of Health,NHS West Lancashire CCG,1/31/2019,C&M-GMS QOF Aspiration,PRC DELEGATED CO-COMMISSIONING,PARKGATE SURGERY ORMSKIRK,25723293,"6,206.24 ",,LA000046689
Department of Health,NHS West Lancashire CCG,1/31/2019,C&M-GMS Cost of Drugs -Prescribing,LOCAL ENHANCED SERVICES,ORMSKIRK MEDICAL PRACTICE,25723295,"8,851.30 ",,LA000046691
Department of Health,NHS West Lancashire CCG,1/31/2019,C&M-GMS Global Sum,PRC DELEGATED CO-COMMISSIONING,ORMSKIRK MEDICAL PRACTICE,25723295,"67,231.78 ",,LA000046691
Department of Health,NHS West Lancashire CCG,1/31/2019,C&M-GMS Prem Notional Rent,PRC DELEGATED CO-COMMISSIONING,ORMSKIRK MEDICAL PRACTICE,25723295,"2,785.00 ",,LA000046691
Department of Health,NHS West Lancashire CCG,1/31/2019,C&M-GMS Prof Fees Prescribing,PRC DELEGATED CO-COMMISSIONING,ORMSKIRK MEDICAL PRACTICE,25723295,"2,053.43 ",,LA000046691
Department of Health,NHS West Lancashire CCG,1/31/2019,C&M-GMS QOF Aspiration,PRC DELEGATED CO-COMMISSIONING,ORMSKIRK MEDICAL PRACTICE,25723295,"7,132.93 ",,LA000046691
Department of Health,NHS West Lancashire CCG,1/31/2019,C&M-GMS Cost of Drugs -Prescribing,LOCAL ENHANCED SERVICES,STANLEY COURT SURGERY,25723297,"7,683.68 ",,LA000046693
Department of Health,NHS West Lancashire CCG,1/31/2019,C&M-GMS DES Minor Surgery,PRC DELEGATED CO-COMMISSIONING,STANLEY COURT SURGERY,25723297,"1,330.80 ",,LA000046693
Department of Health,NHS West Lancashire CCG,1/31/2019,C&M-GMS Global Sum,PRC DELEGATED CO-COMMISSIONING,STANLEY COURT SURGERY,25723297,"42,119.84 ",,LA000046693
Department of Health,NHS West Lancashire CCG,1/31/2019,C&M-GMS Prem Healthcentre Rates,PRC DELEGATED CO-COMMISSIONING,STANLEY COURT SURGERY,25723297,"1,210.68 ",,LA000046693
Department of Health,NHS West Lancashire CCG,1/31/2019,C&M-GMS Prem Healthcentre Rent,PRC DELEGATED CO-COMMISSIONING,STANLEY COURT SURGERY,25723297,"5,677.54 ",,LA000046693
Department of Health,NHS West Lancashire CCG,1/31/2019,C&M-GMS Prof Fees Prescribing,PRC DELEGATED CO-COMMISSIONING,STANLEY COURT SURGERY,25723297,"1,668.87 ",,LA000046693
Department of Health,NHS West Lancashire CCG,1/31/2019,C&M-GMS QOF Aspiration,PRC DELEGATED CO-COMMISSIONING,STANLEY COURT SURGERY,25723297,"4,104.58 ",,LA000046693
Department of Health,NHS West Lancashire CCG,1/31/2019,C&M-GMS GP Statutory Levy,PRC DELEGATED CO-COMMISSIONING,TARLETON GROUP PRACTICE,25723298,(266.25),,LA000046694
Department of Health,NHS West Lancashire CCG,1/31/2019,C&M-GMS Voluntary Levy,PRC DELEGATED CO-COMMISSIONING,TARLETON GROUP PRACTICE,25723298,(41.51),,LA000046694
Department of Health,NHS West Lancashire CCG,1/31/2019,ME-GMS GP Pension EEs,PRC DELEGATED CO-COMMISSIONING,TARLETON GROUP PRACTICE,25723298,"(5,649.58)",,LA000046694
Department of Health,NHS West Lancashire CCG,1/31/2019,ME-GMS GP Pension EEs Adjustments,PRC DELEGATED CO-COMMISSIONING,TARLETON GROUP PRACTICE,25723298,"(9,231.30)",,LA000046694
Department of Health,NHS West Lancashire CCG,1/31/2019,ME-GMS GP Pension ERs Adjustments,PRC DELEGATED CO-COMMISSIONING,TARLETON GROUP PRACTICE,25723298,"(15,692.93)",,LA000046694
Department of Health,NHS West Lancashire CCG,1/31/2019,C&M-GMS Cost of Drugs -Prescribing,LOCAL ENHANCED SERVICES,TARLETON GROUP PRACTICE,25723299,"9,035.79 ",,LA000046695
Department of Health,NHS West Lancashire CCG,1/31/2019,C&M-GMS DES Learn Dsblty Hlth Chk,PRC DELEGATED CO-COMMISSIONING,TARLETON GROUP PRACTICE,25723299,980.00 ,,LA000046695
Department of Health,NHS West Lancashire CCG,1/31/2019,C&M-GMS DES Minor Surgery,PRC DELEGATED CO-COMMISSIONING,TARLETON GROUP PRACTICE,25723299,"1,463.88 ",,LA000046695
Department of Health,NHS West Lancashire CCG,1/31/2019,C&M-GMS Global Sum,PRC DELEGATED CO-COMMISSIONING,TARLETON GROUP PRACTICE,25723299,"72,366.55 ",,LA000046695
Department of Health,NHS West Lancashire CCG,1/31/2019,C&M-GMS MPIG Correction Factor,PRC DELEGATED CO-COMMISSIONING,TARLETON GROUP PRACTICE,25723299,124.03 ,,LA000046695
Department of Health,NHS West Lancashire CCG,1/31/2019,C&M-GMS Prem Healthcentre Rates,PRC DELEGATED CO-COMMISSIONING,TARLETON GROUP PRACTICE,25723299,"2,016.57 ",,LA000046695
Department of Health,NHS West Lancashire CCG,1/31/2019,C&M-GMS Prem Healthcentre Rent,PRC DELEGATED CO-COMMISSIONING,TARLETON GROUP PRACTICE,25723299,"8,796.70 ",,LA000046695
Department of Health,NHS West Lancashire CCG,1/31/2019,C&M-GMS Prof Fees Prescribing,PRC DELEGATED CO-COMMISSIONING,TARLETON GROUP PRACTICE,25723299,"1,788.72 ",,LA000046695
Department of Health,NHS West Lancashire CCG,1/31/2019,C&M-GMS QOF Aspiration,PRC DELEGATED CO-COMMISSIONING,TARLETON GROUP PRACTICE,25723299,"6,751.53 ",,LA000046695
Department of Health,NHS West Lancashire CCG,1/31/2019,C&M-GMS Cost of Drugs -Prescribing,LOCAL ENHANCED SERVICES,SKELMERSDALE FAMILY PRACTICE,25730101,"6,093.44 ",,LA000046699
Department of Health,NHS West Lancashire CCG,1/31/2019,C&M-GMS DES Extended Hours Access,PRC DELEGATED CO-COMMISSIONING,SKELMERSDALE FAMILY PRACTICE,25730101,"2,881.00 ",,LA000046699
Department of Health,NHS West Lancashire CCG,1/31/2019,C&M-GMS DES Minor Surgery,PRC DELEGATED CO-COMMISSIONING,SKELMERSDALE FAMILY PRACTICE,25730101,"8,250.96 ",,LA000046699
Department of Health,NHS West Lancashire CCG,1/31/2019,C&M-GMS Global Sum,PRC DELEGATED CO-COMMISSIONING,SKELMERSDALE FAMILY PRACTICE,25730101,"139,987.62 ",,LA000046699
Department of Health,NHS West Lancashire CCG,1/31/2019,C&M-GMS Prem Healthcentre Rates,PRC DELEGATED CO-COMMISSIONING,SKELMERSDALE FAMILY PRACTICE,25730101,"3,116.04 ",,LA000046699
Department of Health,NHS West Lancashire CCG,1/31/2019,C&M-GMS Prem Healthcentre Rent,PRC DELEGATED CO-COMMISSIONING,SKELMERSDALE FAMILY PRACTICE,25730101,"17,696.94 ",,LA000046699
Department of Health,NHS West Lancashire CCG,1/31/2019,C&M-GMS Prem Notional Rent,PRC DELEGATED CO-COMMISSIONING,SKELMERSDALE FAMILY PRACTICE,25730101,"1,509.17 ",,LA000046699
Department of Health,NHS West Lancashire CCG,1/31/2019,C&M-GMS Prem Rates,PRC DELEGATED CO-COMMISSIONING,SKELMERSDALE FAMILY PRACTICE,25730101,413.00 ,,LA000046699
Department of Health,NHS West Lancashire CCG,1/31/2019,C&M-GMS Prem Water Rates,PRC DELEGATED CO-COMMISSIONING,SKELMERSDALE FAMILY PRACTICE,25730101,222.55 ,,LA000046699
Department of Health,NHS West Lancashire CCG,1/31/2019,C&M-GMS Prof Fees Prescribing,PRC DELEGATED CO-COMMISSIONING,SKELMERSDALE FAMILY PRACTICE,25730101,"1,267.01 ",,LA000046699
Department of Health,NHS West Lancashire CCG,1/31/2019,C&M-GMS QOF Aspiration,PRC DELEGATED CO-COMMISSIONING,SKELMERSDALE FAMILY PRACTICE,25730101,"13,778.18 ",,LA000046699
Department of Health,NHS West Lancashire CCG,1/31/2019,C&M-GMS Cost of Drugs -Prescribing,LOCAL ENHANCED SERVICES,DR A K BISARYA & PARTNERS,25732023,"6,682.39 ",,LA000046697
Department of Health,NHS West Lancashire CCG,1/31/2019,C&M-GMS DES Extended Hours Access,PRC DELEGATED CO-COMMISSIONING,DR A K BISARYA & PARTNERS,25732023,392.00 ,,LA000046697
Department of Health,NHS West Lancashire CCG,1/31/2019,C&M-GMS DES Learn Dsblty Hlth Chk,PRC DELEGATED CO-COMMISSIONING,DR A K BISARYA & PARTNERS,25732023,"2,380.00 ",,LA000046697
Department of Health,NHS West Lancashire CCG,1/31/2019,C&M-GMS Global Sum,PRC DELEGATED CO-COMMISSIONING,DR A K BISARYA & PARTNERS,25732023,"20,334.40 ",,LA000046697
Department of Health,NHS West Lancashire CCG,1/31/2019,C&M-GMS Prem Healthcentre Rates,PRC DELEGATED CO-COMMISSIONING,DR A K BISARYA & PARTNERS,25732023,503.35 ,,LA000046697
Department of Health,NHS West Lancashire CCG,1/31/2019,C&M-GMS Prem Healthcentre Rent,PRC DELEGATED CO-COMMISSIONING,DR A K BISARYA & PARTNERS,25732023,"3,892.65 ",,LA000046697
Department of Health,NHS West Lancashire CCG,1/31/2019,C&M-GMS Prof Fees Prescribing,PRC DELEGATED CO-COMMISSIONING,DR A K BISARYA & PARTNERS,25732023,"1,551.86 ",,LA000046697
Department of Health,NHS West Lancashire CCG,1/31/2019,C&M-GMS QOF Aspiration,PRC DELEGATED CO-COMMISSIONING,DR A K BISARYA & PARTNERS,25732023,"2,310.31 ",,LA000046697
Department of Health,NHS West Lancashire CCG,1/31/2019,Hlthcre-Foundation Trsts,ACUTE COMMISSIONING,AINTREE UNIVERSITY HOSPITALS NHS FOUNDATION TRUST,25785988,"533,878.33 ",654910626,8410042999
Department of Health,NHS West Lancashire CCG,1/31/2019,Hcare Srv Rec NHS Trust,ACUTE COMMISSIONING,SOUTHPORT AND ORMSKIRK HOSPITAL NHS TRUST,25785993,"3,776,942.00 ",654970308,7529539
Department of Health,NHS West Lancashire CCG,1/31/2019,Clinical&Medical-Independent Sector,ACUTE COMMISSIONING,RENACRES HOSPITAL,25796012,"38,382.23 ",,CQ183808REN
Department of Health,NHS West Lancashire CCG,1/31/2019,Clinical&Medical-Drugs,COMMUNITY SERVICES,SOUTHPORT AND ORMSKIRK HOSPITAL NHS TRUST,25796132,"30,518.42 ",654970308,7529521
Department of Health,NHS West Lancashire CCG,1/31/2019,Hlthcre-Foundation Trsts,ACUTE COMMISSIONING,WIRRAL UNIVERSITY TEACHING HOSPITAL NHS FOUNDATION TRUST,25796151,"(35,607.00)",GB 654952016,8570023308
,,,,,,,,,
