Department family,Entity,Date,Expense Type,Expense area,Supplier,Transaction number,AP Amount (�),VAT registration number,Purchase invoice number
Department of Health,NHS West Lancashire CCG,3/31/2019,Hlthcre-Foundation Trsts,LEARNING DIFFICULTIES,MERSEY CARE NHS TRUST,26249134,"49,327.26 ",654 412 841,I0039662
Department of Health,NHS West Lancashire CCG,3/31/2019,Clinical&Medical-Independent Sector,MENTAL HEALTH SERVICES - NOT CONTRACTED ACTIVITY,ELYSIUM HEALTHCARE LTD,26311019,"40,007.67 ",GB257732580,HLH00307
Department of Health,NHS West Lancashire CCG,3/31/2019,Clinical&Medical-Independent Sector,MENTAL HEALTH SERVICES - NOT CONTRACTED ACTIVITY,ELYSIUM HEALTHCARE LTD,26311153,"36,135.96 ",GB257732580,HLH00357
Department of Health,NHS West Lancashire CCG,3/31/2019,Cont Care-Physical Disab (65+),CHC ADULT FULLY FUNDED,AARON CREST CARE HOME,26311192,"32,713.37 ",,1458
Department of Health,NHS West Lancashire CCG,3/31/2019,Hcare Srv Rec NHS Trust,ACUTE COMMISSIONING,SOUTHPORT AND ORMSKIRK HOSPITAL NHS TRUST,26321149,"(40,212.00)",654970308,7513716
Department of Health,NHS West Lancashire CCG,3/31/2019,Hcare Srv Rec NHS Trust,ACUTE COMMISSIONING,SOUTHPORT AND ORMSKIRK HOSPITAL NHS TRUST,26321150,"(246,193.00)",654970308,7513814
Department of Health,NHS West Lancashire CCG,3/31/2019,Clinical&Medical-Othe Public Sector,LEARNING DIFFICULTIES,LANCASHIRE COUNTY COUNCIL,26321151,"267,171.00 ",,5200180768
Department of Health,NHS West Lancashire CCG,3/31/2019,Hlthcre-Foundation Trsts,COMMUNITY SERVICES,LANCASHIRE CARE NHS FOUNDATION TRUST,26321152,"134,459.00 ",654923319,I0062892
Department of Health,NHS West Lancashire CCG,3/31/2019,Hlthcre-Foundation Trsts,MENTAL HEALTH CONTRACTS,LANCASHIRE CARE NHS FOUNDATION TRUST,26321153,"870,871.00 ",654923319,I0062907
Department of Health,NHS West Lancashire CCG,3/31/2019,Clinical&Medical-Serv Recd-F Trsts,IMPROVING ACCESS TO PSYCHOLOGICAL THERAPIES,GUY PILKINGTON MEMORIAL HOME LTD,26321154,"72,435.00 ",,102778
Department of Health,NHS West Lancashire CCG,3/31/2019,Hcare Srv Rec NHS Trust,ACUTE COMMISSIONING,SOUTHPORT AND ORMSKIRK HOSPITAL NHS TRUST,26321155,"3,776,942.00 ",654970308,7529907
Department of Health,NHS West Lancashire CCG,3/31/2019,Hlthcre-Foundation Trsts,ACUTE COMMISSIONING,AINTREE UNIVERSITY HOSPITALS NHS FOUNDATION TRUST,26321156,"533,878.33 ",654910626,8410043594
Department of Health,NHS West Lancashire CCG,3/31/2019,Hlthcre-Foundation Trsts,ACUTE COMMISSIONING,MANCHESTER UNIVERSITY NHS FOUNDATION TRUST,26369520,"35,634.58 ",654415538,0000427016
Department of Health,NHS West Lancashire CCG,3/31/2019,Hlthcre-Foundation Trsts,ACUTE COMMISSIONING,SALFORD ROYAL NHS FOUNDATION TRUST,26369536,"25,211.00 ",654939786,S0023620
Department of Health,NHS West Lancashire CCG,3/31/2019,Clinical&Medical-Commercial Sector,PLANNED CARE,PDS MEDICAL,26369553,"25,998.95 ",,00415
Department of Health,NHS West Lancashire CCG,3/31/2019,Income tax <1Yr,BALANCE SHEET,HMRC,26406448,"33,197.36 ",,475PX004406621911
Department of Health,NHS West Lancashire CCG,3/31/2019,Income tax <1Yr-Student Loans,BALANCE SHEET,HMRC,26406448,693.00 ,,475PX004406621911
Department of Health,NHS West Lancashire CCG,3/31/2019,National Insurance < 1 yr-NI- ERS,BALANCE SHEET,HMRC,26406448,"21,489.45 ",,475PX004406621911
Department of Health,NHS West Lancashire CCG,3/31/2019,National Insurance < 1 yr-NI-EES,BALANCE SHEET,HMRC,26406448,"15,477.34 ",,475PX004406621911
Department of Health,NHS West Lancashire CCG,3/31/2019,Hcare Srv Rec NHS Trust,ACUTE COMMISSIONING,ST HELENS AND KNOWSLEY HOSPITALS NHS TRUST,26411905,"62,973.00 ",654943996,16781108
Department of Health,NHS West Lancashire CCG,3/31/2019,Clinical&Medical-Independent Sector,ACUTE COMMISSIONING,SOUTHPORT AND ORMSKIRK HOSPITAL NHS TRUST,26412880,"219,049.00 ",654970308,7530068
Department of Health,NHS West Lancashire CCG,3/31/2019,Clinical&Medical-Independent Sector,ACUTE COMMISSIONING,EUXTON HALL HOSPITAL,26414002,"53,289.86 ",,WLMAR19
Department of Health,NHS West Lancashire CCG,3/31/2019,Hlthcre-Foundation Trsts,ACUTE COMMISSIONING,LIVERPOOL WOMENS HOSPITAL NHS FOUNDATION TRUST,26414251,"55,567.41 ",654928891,9410021599
Department of Health,NHS West Lancashire CCG,3/31/2019,Hlthcre-Foundation Trsts,ACUTE COMMISSIONING,ALDER HEY CHILDRENS NHS FOUNDATION TRUST,26414302,"73,231.00 ",654938985,9110030749
Department of Health,NHS West Lancashire CCG,3/31/2019,Hcare Srv Rec NHS Trust,ACUTE COMMISSIONING,ROYAL LIVERPOOL AND BROADGREEN UNIVERSITY HOSPITALS NHS TRUST,26414350,"202,144.00 ",654966000,8610098304
Department of Health,NHS West Lancashire CCG,3/31/2019,Hcare Srv Rec NHS Trust,ACUTE COMMISSIONING,ST HELENS AND KNOWSLEY HOSPITALS NHS TRUST,26414359,"177,173.00 ",654943996,16782353
Department of Health,NHS West Lancashire CCG,3/31/2019,Hlthcre-Foundation Trsts,ACUTE COMMISSIONING,WALTON CENTRE NHS FOUNDATION TRUST,26414369,"58,137.49 ",654948002,N0020766
Department of Health,NHS West Lancashire CCG,3/31/2019,Hlthcre-Foundation Trsts,ACUTE COMMISSIONING,LIVERPOOL HEART AND CHEST HOSPITAL NHS TRUST,26414386,"84,259.83 ",654914712,12775631
Department of Health,NHS West Lancashire CCG,3/31/2019,Hcare Srv Rec NHS Trust,ACUTE COMMISSIONING,ST HELENS AND KNOWSLEY HOSPITALS NHS TRUST,26414400,"59,367.00 ",654943996,16782416
Department of Health,NHS West Lancashire CCG,3/31/2019,Hcare Srv Rec NHS Trust,ACUTE COMMISSIONING,ST HELENS AND KNOWSLEY HOSPITALS NHS TRUST,26414410,"52,408.00 ",654943996,16782430
Department of Health,NHS West Lancashire CCG,3/31/2019,Hcare Srv Rec NHS Trust,ACUTE COMMISSIONING,ST HELENS AND KNOWSLEY HOSPITALS NHS TRUST,26414419,"(59,367.00)",654943996,16782440
Department of Health,NHS West Lancashire CCG,3/31/2019,Hlthcre-Foundation Trsts,ACUTE COMMISSIONING,LANCASHIRE TEACHING HOSPITALS NHS FOUNDATION TRUST,26414449,"190,661.00 ",654937107,15187975
Department of Health,NHS West Lancashire CCG,3/31/2019,Hlthcre-Foundation Trsts,ACUTE COMMISSIONING,ALDER HEY CHILDRENS NHS FOUNDATION TRUST,26414517,"63,889.00 ",654938985,9110030919
Department of Health,NHS West Lancashire CCG,3/31/2019,Clinical&Medical-Independent Sector,ACUTE COMMISSIONING,RENACRES HOSPITAL,26414553,"(51,703.17)",,L0651218REC
Department of Health,NHS West Lancashire CCG,3/31/2019,Clinical&Medical-Independent Sector,ACUTE COMMISSIONING,RENACRES HOSPITAL,26414603,"287,327.42 ",,L0650319
Department of Health,NHS West Lancashire CCG,3/31/2019,Clinical&Medical-Commercial Sector,URGENT CARE,VIRGIN CARE SERVICES LTD,26414636,"301,568.22 ",GB918510332,10380013020
Department of Health,NHS West Lancashire CCG,3/31/2019,Clinical&Medical-Commercial Sector,COMMUNITY SERVICES,VIRGIN CARE SERVICES LTD,26414671,"698,190.97 ",GB918510332,10380013019
Department of Health,NHS West Lancashire CCG,3/31/2019,Other Transport Costs,PATIENT TRANSPORT,NORTH WEST AMBULANCE SERVICE NHS TRUST,26414695,"54,619.00 ",654435138,4110044424
Department of Health,NHS West Lancashire CCG,3/31/2019,Hlthcre-Foundation Trsts,MENTAL HEALTH CONTRACTS,LANCASHIRE CARE NHS FOUNDATION TRUST,26414729,"111,299.00 ",654923319,I0063465
Department of Health,NHS West Lancashire CCG,3/31/2019,Charges from CSU,CONTINUING HEALTHCARE ASSESSMENT & SUPPORT,NHS MIDLANDS AND LANCASHIRE CSU,26414743,"25,588.00 ",GB 654442045,7312312945
Department of Health,NHS West Lancashire CCG,3/31/2019,Charges from CSU,CORPORATE COSTS & SERVICES,NHS MIDLANDS AND LANCASHIRE CSU,26414743,"47,826.44 ",GB 654442045,7312312945
Department of Health,NHS West Lancashire CCG,3/31/2019,Charges from CSU,MEDICINES MANAGEMENT - CLINICAL,NHS MIDLANDS AND LANCASHIRE CSU,26414743,"4,046.50 ",GB 654442045,7312312945
Department of Health,NHS West Lancashire CCG,3/31/2019,Charges from CSU,PRIMARY CARE IT,NHS MIDLANDS AND LANCASHIRE CSU,26414743,"24,070.83 ",GB 654442045,7312312945
Department of Health,NHS West Lancashire CCG,3/31/2019,Charges from CSU,PROGRAMME PROJECTS,NHS MIDLANDS AND LANCASHIRE CSU,26414743,"3,865.92 ",GB 654442045,7312312945
Department of Health,NHS West Lancashire CCG,3/31/2019,Hcare Srv Rec NHS Trust,AMBULANCE SERVICES,NORTH WEST AMBULANCE SERVICE NHS TRUST,26414770,"262,380.00 ",654435138,4110044470
Department of Health,NHS West Lancashire CCG,3/31/2019,Hlthcre-Foundation Trsts,ACUTE COMMISSIONING,WRIGHTINGTON WIGAN & LEIGH NHS FOUNDATION TRUST,26414801,"796,605.00 ",GB654951509,55586159
Department of Health,NHS West Lancashire CCG,3/31/2019,Clinical&Medical-Independent Sector,PRIMARY CARE INVESTMENTS,OUT OF HOURS WEST LANCASHIRE CIC,26435030,"34,825.66 ",,INV0102
Department of Health,NHS West Lancashire CCG,3/31/2019,Clinical&Medical-Othe Public Sector,MENTAL HEALTH SERVICES - ADULTS,LANCASHIRE COUNTY COUNCIL,26435042,"28,344.26 ",,5100625152
Department of Health,NHS West Lancashire CCG,3/31/2019,Hlthcre-Foundation Trsts,LEARNING DIFFICULTIES,MERSEY CARE NHS TRUST,26435185,"49,327.26 ",654 412 841,I0039886
Department of Health,NHS West Lancashire CCG,3/31/2019,Hlthcre-Foundation Trsts,MENTAL HEALTH CONTRACTS,LANCASHIRE CARE NHS FOUNDATION TRUST,26451427,"870,871.00 ",654923319,I0062907
Department of Health,NHS West Lancashire CCG,3/31/2019,Clinical&Medical-Othe Public Sector,MENTAL HEALTH SERVICES - ADULTS,LANCASHIRE COUNTY COUNCIL,26454471,"39,100.57 ",,5100624125
Department of Health,NHS West Lancashire CCG,3/31/2019,Hlthcre-Foundation Trsts,ACUTE COMMISSIONING,LANCASHIRE TEACHING HOSPITALS NHS FOUNDATION TRUST,26510485,"(42,926.83)",654937107,15324730
Department of Health,NHS West Lancashire CCG,3/31/2019,Hlthcre-Foundation Trsts,ACUTE COMMISSIONING,MANCHESTER UNIVERSITY NHS FOUNDATION TRUST,26510525,"28,071.00 ",654415538,0000428897
Department of Health,NHS West Lancashire CCG,3/31/2019,Hlthcre-Foundation Trsts,ACUTE COMMISSIONING,UNIVERSITY HOSPITALS OF MORECAMBE BAY NHS FOUNDATION TRUST,26549314,"41,757.00 ",654968385,1000005620
Department of Health,NHS West Lancashire CCG,3/31/2019,Hlthcre-Foundation Trsts,ACUTE COMMISSIONING,UNIVERSITY HOSPITALS OF MORECAMBE BAY NHS FOUNDATION TRUST,26549320,"(36,916.00)",654968385,1000005637
Department of Health,NHS West Lancashire CCG,3/31/2019,Cont Care- Prior Year Payments,Adult Joint Funded Continuing Care,,26549534,"72,569.35 ",,
Department of Health,NHS West Lancashire CCG,3/31/2019,Hlthcre-Foundation Trsts,MENTAL HEALTH CONTRACTS,LANCASHIRE CARE NHS FOUNDATION TRUST,26549620,"119,100.00 ",654923319,I0063595
Department of Health,NHS West Lancashire CCG,3/31/2019,Cont Care-Physical Disab (<65),CHC AD FULL FUND PERS HLTH BUD,YOUR LIFE YOUR WAY,26549813,"67,439.19 ",,650623
Department of Health,NHS West Lancashire CCG,3/31/2019,Clinical&Medical-Othe Public Sector,COMMUNITY SERVICES,LANCASHIRE COUNTY COUNCIL,26549949,"640,927.95 ",,5200183923
Department of Health,NHS West Lancashire CCG,3/31/2019,C&M-GMS Cost of Drugs -Prescribing,LOCAL ENHANCED SERVICES,ASHURST PRIMARY CARE,26598254,900.29 ,,LA000047780
Department of Health,NHS West Lancashire CCG,3/31/2019,C&M-GMS DES Extended Hours Access,PRC DELEGATED CO-COMMISSIONING,ASHURST PRIMARY CARE,26598254,950.60 ,,LA000047780
Department of Health,NHS West Lancashire CCG,3/31/2019,C&M-GMS Global Sum,PRC DELEGATED CO-COMMISSIONING,ASHURST PRIMARY CARE,26598254,"36,682.85 ",,LA000047780
Department of Health,NHS West Lancashire CCG,3/31/2019,C&M-GMS PCO Seniority,PRC DELEGATED CO-COMMISSIONING,ASHURST PRIMARY CARE,26598254,"1,103.44 ",,LA000047780
Department of Health,NHS West Lancashire CCG,3/31/2019,C&M-GMS Prof Fees Prescribing,PRC DELEGATED CO-COMMISSIONING,ASHURST PRIMARY CARE,26598254,79.67 ,,LA000047780
Department of Health,NHS West Lancashire CCG,3/31/2019,C&M-GMS QOF Aspiration,PRC DELEGATED CO-COMMISSIONING,ASHURST PRIMARY CARE,26598254,"3,633.07 ",,LA000047780
Department of Health,NHS West Lancashire CCG,3/31/2019,C&M-GMS Cost of Drugs -Prescribing,LOCAL ENHANCED SERVICES,AUGHTON SURGERY,26598256,530.75 ,,LA000047782
Department of Health,NHS West Lancashire CCG,3/31/2019,C&M-GMS DES Extended Hours Access,PRC DELEGATED CO-COMMISSIONING,AUGHTON SURGERY,26598256,990.90 ,,LA000047782
Department of Health,NHS West Lancashire CCG,3/31/2019,C&M-GMS Global Sum,PRC DELEGATED CO-COMMISSIONING,AUGHTON SURGERY,26598256,"43,338.45 ",,LA000047782
Department of Health,NHS West Lancashire CCG,3/31/2019,C&M-GMS PCO Seniority,PRC DELEGATED CO-COMMISSIONING,AUGHTON SURGERY,26598256,"2,165.96 ",,LA000047782
Department of Health,NHS West Lancashire CCG,3/31/2019,C&M-GMS Prem Notional Rent,PRC DELEGATED CO-COMMISSIONING,AUGHTON SURGERY,26598256,"2,625.00 ",,LA000047782
Department of Health,NHS West Lancashire CCG,3/31/2019,C&M-GMS Prof Fees Prescribing,PRC DELEGATED CO-COMMISSIONING,AUGHTON SURGERY,26598256,164.48 ,,LA000047782
Department of Health,NHS West Lancashire CCG,3/31/2019,C&M-GMS QOF Aspiration,PRC DELEGATED CO-COMMISSIONING,AUGHTON SURGERY,26598256,"4,474.01 ",,LA000047782
Department of Health,NHS West Lancashire CCG,3/31/2019,C&M-GMS Cost of Drugs -Prescribing,LOCAL ENHANCED SERVICES,DR S BISWAS & PARTNERS,26598261,"3,064.10 ",,LA000047788
Department of Health,NHS West Lancashire CCG,3/31/2019,C&M-GMS DES Extended Hours Access,PRC DELEGATED CO-COMMISSIONING,DR S BISWAS & PARTNERS,26598261,"2,582.00 ",,LA000047788
Department of Health,NHS West Lancashire CCG,3/31/2019,C&M-GMS GP Statutory Levy,PRC DELEGATED CO-COMMISSIONING,DR S BISWAS & PARTNERS,26598261,37.47 ,,LA000047788
Department of Health,NHS West Lancashire CCG,3/31/2019,C&M-GMS Global Sum,PRC DELEGATED CO-COMMISSIONING,DR S BISWAS & PARTNERS,26598261,"127,090.52 ",,LA000047788
Department of Health,NHS West Lancashire CCG,3/31/2019,C&M-GMS PCO Seniority,PRC DELEGATED CO-COMMISSIONING,DR S BISWAS & PARTNERS,26598261,"2,260.03 ",,LA000047788
Department of Health,NHS West Lancashire CCG,3/31/2019,C&M-GMS Prem Actual Rent,PRC DELEGATED CO-COMMISSIONING,DR S BISWAS & PARTNERS,26598261,"13,425.00 ",,LA000047788
Department of Health,NHS West Lancashire CCG,3/31/2019,C&M-GMS Prem Healthcentre Rates,PRC DELEGATED CO-COMMISSIONING,DR S BISWAS & PARTNERS,26598261,164.31 ,,LA000047788
Department of Health,NHS West Lancashire CCG,3/31/2019,C&M-GMS Prem Notional Rent,PRC DELEGATED CO-COMMISSIONING,DR S BISWAS & PARTNERS,26598261,"3,331.25 ",,LA000047788
Department of Health,NHS West Lancashire CCG,3/31/2019,C&M-GMS Prof Fees Prescribing,PRC DELEGATED CO-COMMISSIONING,DR S BISWAS & PARTNERS,26598261,331.53 ,,LA000047788
Department of Health,NHS West Lancashire CCG,3/31/2019,C&M-GMS QOF Aspiration,PRC DELEGATED CO-COMMISSIONING,DR S BISWAS & PARTNERS,26598261,"14,237.45 ",,LA000047788
Department of Health,NHS West Lancashire CCG,3/31/2019,C&M-GMS Voluntary Levy,PRC DELEGATED CO-COMMISSIONING,DR S BISWAS & PARTNERS,26598261,5.89 ,,LA000047788
Department of Health,NHS West Lancashire CCG,3/31/2019,C&M-GMS Cost of Drugs -Prescribing,LOCAL ENHANCED SERVICES,ELMS,26598263,"2,285.57 ",,LA000047790
Department of Health,NHS West Lancashire CCG,3/31/2019,C&M-GMS GP Statutory Levy,PRC DELEGATED CO-COMMISSIONING,ELMS,26598263,84.32 ,,LA000047790
Department of Health,NHS West Lancashire CCG,3/31/2019,C&M-GMS Global Sum,PRC DELEGATED CO-COMMISSIONING,ELMS,26598263,"38,798.89 ",,LA000047790
Department of Health,NHS West Lancashire CCG,3/31/2019,C&M-GMS PCO Seniority,PRC DELEGATED CO-COMMISSIONING,ELMS,26598263,686.81 ,,LA000047790
Department of Health,NHS West Lancashire CCG,3/31/2019,C&M-GMS Prem Notional Rent,PRC DELEGATED CO-COMMISSIONING,ELMS,26598263,"1,916.67 ",,LA000047790
Department of Health,NHS West Lancashire CCG,3/31/2019,C&M-GMS Prem Rates,PRC DELEGATED CO-COMMISSIONING,ELMS,26598263,610.00 ,,LA000047790
Department of Health,NHS West Lancashire CCG,3/31/2019,C&M-GMS Prof Fees Prescribing,PRC DELEGATED CO-COMMISSIONING,ELMS,26598263,344.38 ,,LA000047790
Department of Health,NHS West Lancashire CCG,3/31/2019,C&M-GMS QOF Aspiration,PRC DELEGATED CO-COMMISSIONING,ELMS,26598263,"4,681.51 ",,LA000047790
Department of Health,NHS West Lancashire CCG,3/31/2019,C&M-GMS Voluntary Levy,PRC DELEGATED CO-COMMISSIONING,ELMS,26598263,13.14 ,,LA000047790
Department of Health,NHS West Lancashire CCG,3/31/2019,C&M-GMS Cost of Drugs -Prescribing,LOCAL ENHANCED SERVICES,HALL GREEN SURGERY,26598265,"2,568.85 ",,LA000047792
Department of Health,NHS West Lancashire CCG,3/31/2019,C&M-GMS Global Sum,PRC DELEGATED CO-COMMISSIONING,HALL GREEN SURGERY,26598265,"59,304.55 ",,LA000047792
Department of Health,NHS West Lancashire CCG,3/31/2019,C&M-GMS PCO Seniority,PRC DELEGATED CO-COMMISSIONING,HALL GREEN SURGERY,26598265,"2,076.10 ",,LA000047792
Department of Health,NHS West Lancashire CCG,3/31/2019,C&M-GMS Prem Notional Rent,PRC DELEGATED CO-COMMISSIONING,HALL GREEN SURGERY,26598265,"2,856.25 ",,LA000047792
Department of Health,NHS West Lancashire CCG,3/31/2019,C&M-GMS Prof Fees Prescribing,PRC DELEGATED CO-COMMISSIONING,HALL GREEN SURGERY,26598265,208.17 ,,LA000047792
Department of Health,NHS West Lancashire CCG,3/31/2019,C&M-GMS QOF Aspiration,PRC DELEGATED CO-COMMISSIONING,HALL GREEN SURGERY,26598265,"6,329.11 ",,LA000047792
Department of Health,NHS West Lancashire CCG,3/31/2019,C&M-GMS Cost of Drugs -Prescribing,LOCAL ENHANCED SERVICES,LATHOM HOUSE SURGERY,26598267,"2,144.62 ",,LA000047794
Department of Health,NHS West Lancashire CCG,3/31/2019,C&M-GMS GP Statutory Levy,PRC DELEGATED CO-COMMISSIONING,LATHOM HOUSE SURGERY,26598267,11.50 ,,LA000047794
Department of Health,NHS West Lancashire CCG,3/31/2019,C&M-GMS Global Sum,PRC DELEGATED CO-COMMISSIONING,LATHOM HOUSE SURGERY,26598267,"33,473.21 ",,LA000047794
Department of Health,NHS West Lancashire CCG,3/31/2019,C&M-GMS PCO Seniority,PRC DELEGATED CO-COMMISSIONING,LATHOM HOUSE SURGERY,26598267,"1,196.47 ",,LA000047794
Department of Health,NHS West Lancashire CCG,3/31/2019,C&M-GMS Prem Cost Rent,PRC DELEGATED CO-COMMISSIONING,LATHOM HOUSE SURGERY,26598267,"2,082.25 ",,LA000047794
Department of Health,NHS West Lancashire CCG,3/31/2019,C&M-GMS Prof Fees Prescribing,PRC DELEGATED CO-COMMISSIONING,LATHOM HOUSE SURGERY,26598267,241.58 ,,LA000047794
Department of Health,NHS West Lancashire CCG,3/31/2019,C&M-GMS QOF Aspiration,PRC DELEGATED CO-COMMISSIONING,LATHOM HOUSE SURGERY,26598267,"3,799.19 ",,LA000047794
Department of Health,NHS West Lancashire CCG,3/31/2019,C&M-GMS Voluntary Levy,PRC DELEGATED CO-COMMISSIONING,LATHOM HOUSE SURGERY,26598267,1.86 ,,LA000047794
Department of Health,NHS West Lancashire CCG,3/31/2019,C&M-GMS Cost of Drugs -Prescribing,LOCAL ENHANCED SERVICES,MANOR PRIMARY CARE,26598269,671.33 ,,LA000047796
Department of Health,NHS West Lancashire CCG,3/31/2019,C&M-GMS Global Sum,PRC DELEGATED CO-COMMISSIONING,MANOR PRIMARY CARE,26598269,"40,350.97 ",,LA000047796
Department of Health,NHS West Lancashire CCG,3/31/2019,C&M-GMS MPIG Correction Factor,PRC DELEGATED CO-COMMISSIONING,MANOR PRIMARY CARE,26598269,270.40 ,,LA000047796
Department of Health,NHS West Lancashire CCG,3/31/2019,C&M-GMS PCO Seniority,PRC DELEGATED CO-COMMISSIONING,MANOR PRIMARY CARE,26598269,"1,048.58 ",,LA000047796
Department of Health,NHS West Lancashire CCG,3/31/2019,C&M-GMS Prem Healthcentre Rates,PRC DELEGATED CO-COMMISSIONING,MANOR PRIMARY CARE,26598269,221.50 ,,LA000047796
Department of Health,NHS West Lancashire CCG,3/31/2019,C&M-GMS Prof Fees Prescribing,PRC DELEGATED CO-COMMISSIONING,MANOR PRIMARY CARE,26598269,221.02 ,,LA000047796
Department of Health,NHS West Lancashire CCG,3/31/2019,C&M-GMS QOF Aspiration,PRC DELEGATED CO-COMMISSIONING,MANOR PRIMARY CARE,26598269,"3,863.87 ",,LA000047796
Department of Health,NHS West Lancashire CCG,3/31/2019,C&M-GMS Cost of Drugs -Prescribing,LOCAL ENHANCED SERVICES,PARBOLD SURGERY,26598271,"2,661.91 ",,LA000047798
Department of Health,NHS West Lancashire CCG,3/31/2019,C&M-GMS Global Sum,PRC DELEGATED CO-COMMISSIONING,PARBOLD SURGERY,26598271,"52,088.19 ",,LA000047798
Department of Health,NHS West Lancashire CCG,3/31/2019,C&M-GMS MPIG Correction Factor,PRC DELEGATED CO-COMMISSIONING,PARBOLD SURGERY,26598271,58.78 ,,LA000047798
Department of Health,NHS West Lancashire CCG,3/31/2019,C&M-GMS Other Addtl Staff Paymts,PRC DELEGATED CO-COMMISSIONING,PARBOLD SURGERY,26598271,62.00 ,,LA000047798
Department of Health,NHS West Lancashire CCG,3/31/2019,C&M-GMS PCO Seniority,PRC DELEGATED CO-COMMISSIONING,PARBOLD SURGERY,26598271,"2,355.88 ",,LA000047798
Department of Health,NHS West Lancashire CCG,3/31/2019,C&M-GMS Prem Notional Rent,PRC DELEGATED CO-COMMISSIONING,PARBOLD SURGERY,26598271,"4,162.50 ",,LA000047798
Department of Health,NHS West Lancashire CCG,3/31/2019,C&M-GMS Prof Fees Prescribing,PRC DELEGATED CO-COMMISSIONING,PARBOLD SURGERY,26598271,272.42 ,,LA000047798
Department of Health,NHS West Lancashire CCG,3/31/2019,C&M-GMS QOF Aspiration,PRC DELEGATED CO-COMMISSIONING,PARBOLD SURGERY,26598271,"5,640.90 ",,LA000047798
Department of Health,NHS West Lancashire CCG,3/31/2019,C&M-GMS Cost of Drugs -Prescribing,LOCAL ENHANCED SERVICES,PARKGATE SURGERY ORMSKIRK,26598273,"3,094.72 ",,LA000047800
Department of Health,NHS West Lancashire CCG,3/31/2019,C&M-GMS Global Sum,PRC DELEGATED CO-COMMISSIONING,PARKGATE SURGERY ORMSKIRK,26598273,"52,734.19 ",,LA000047800
Department of Health,NHS West Lancashire CCG,3/31/2019,C&M-GMS PCO Locum Adop/Pat/Mat,PRC DELEGATED CO-COMMISSIONING,PARKGATE SURGERY ORMSKIRK,26598273,"7,006.08 ",,LA000047800
Department of Health,NHS West Lancashire CCG,3/31/2019,C&M-GMS PCO Seniority,PRC DELEGATED CO-COMMISSIONING,PARKGATE SURGERY ORMSKIRK,26598273,963.87 ,,LA000047800
Department of Health,NHS West Lancashire CCG,3/31/2019,C&M-GMS Prem Notional Rent,PRC DELEGATED CO-COMMISSIONING,PARKGATE SURGERY ORMSKIRK,26598273,"2,062.50 ",,LA000047800
Department of Health,NHS West Lancashire CCG,3/31/2019,C&M-GMS Prof Fees Prescribing,PRC DELEGATED CO-COMMISSIONING,PARKGATE SURGERY ORMSKIRK,26598273,228.73 ,,LA000047800
Department of Health,NHS West Lancashire CCG,3/31/2019,C&M-GMS QOF Aspiration,PRC DELEGATED CO-COMMISSIONING,PARKGATE SURGERY ORMSKIRK,26598273,"6,206.24 ",,LA000047800
Department of Health,NHS West Lancashire CCG,3/31/2019,C&M-GMS Cost of Drugs -Prescribing,LOCAL ENHANCED SERVICES,ORMSKIRK MEDICAL PRACTICE,26598275,"1,979.10 ",,LA000047802
Department of Health,NHS West Lancashire CCG,3/31/2019,C&M-GMS GP Statutory Levy,PRC DELEGATED CO-COMMISSIONING,ORMSKIRK MEDICAL PRACTICE,26598275,21.33 ,,LA000047802
Department of Health,NHS West Lancashire CCG,3/31/2019,C&M-GMS Global Sum,PRC DELEGATED CO-COMMISSIONING,ORMSKIRK MEDICAL PRACTICE,26598275,"67,231.78 ",,LA000047802
Department of Health,NHS West Lancashire CCG,3/31/2019,C&M-GMS PCO Seniority,PRC DELEGATED CO-COMMISSIONING,ORMSKIRK MEDICAL PRACTICE,26598275,"2,884.37 ",,LA000047802
Department of Health,NHS West Lancashire CCG,3/31/2019,C&M-GMS Prem Notional Rent,PRC DELEGATED CO-COMMISSIONING,ORMSKIRK MEDICAL PRACTICE,26598275,"2,785.00 ",,LA000047802
Department of Health,NHS West Lancashire CCG,3/31/2019,C&M-GMS Prof Fees Prescribing,PRC DELEGATED CO-COMMISSIONING,ORMSKIRK MEDICAL PRACTICE,26598275,395.78 ,,LA000047802
Department of Health,NHS West Lancashire CCG,3/31/2019,C&M-GMS QOF Aspiration,PRC DELEGATED CO-COMMISSIONING,ORMSKIRK MEDICAL PRACTICE,26598275,"7,132.93 ",,LA000047802
Department of Health,NHS West Lancashire CCG,3/31/2019,C&M-GMS Voluntary Levy,PRC DELEGATED CO-COMMISSIONING,ORMSKIRK MEDICAL PRACTICE,26598275,3.33 ,,LA000047802
Department of Health,NHS West Lancashire CCG,3/31/2019,C&M-GMS Global Sum,PRC DELEGATED CO-COMMISSIONING,STANLEY COURT SURGERY,26598277,"42,119.84 ",,LA000047804
Department of Health,NHS West Lancashire CCG,3/31/2019,C&M-GMS PCO Seniority,PRC DELEGATED CO-COMMISSIONING,STANLEY COURT SURGERY,26598277,"3,117.82 ",,LA000047804
Department of Health,NHS West Lancashire CCG,3/31/2019,C&M-GMS QOF Aspiration,PRC DELEGATED CO-COMMISSIONING,STANLEY COURT SURGERY,26598277,"4,104.58 ",,LA000047804
Department of Health,NHS West Lancashire CCG,3/31/2019,C&M-GMS Cost of Drugs -Prescribing,LOCAL ENHANCED SERVICES,TARLETON GROUP PRACTICE,26598279,"4,115.33 ",,LA000047806
Department of Health,NHS West Lancashire CCG,3/31/2019,C&M-GMS Global Sum,PRC DELEGATED CO-COMMISSIONING,TARLETON GROUP PRACTICE,26598279,"72,366.55 ",,LA000047806
Department of Health,NHS West Lancashire CCG,3/31/2019,C&M-GMS MPIG Correction Factor,PRC DELEGATED CO-COMMISSIONING,TARLETON GROUP PRACTICE,26598279,124.03 ,,LA000047806
Department of Health,NHS West Lancashire CCG,3/31/2019,C&M-GMS PCO Seniority,PRC DELEGATED CO-COMMISSIONING,TARLETON GROUP PRACTICE,26598279,"2,600.34 ",,LA000047806
Department of Health,NHS West Lancashire CCG,3/31/2019,C&M-GMS Prof Fees Prescribing,PRC DELEGATED CO-COMMISSIONING,TARLETON GROUP PRACTICE,26598279,346.95 ,,LA000047806
Department of Health,NHS West Lancashire CCG,3/31/2019,C&M-GMS QOF Aspiration,PRC DELEGATED CO-COMMISSIONING,TARLETON GROUP PRACTICE,26598279,"6,751.53 ",,LA000047806
Department of Health,NHS West Lancashire CCG,3/31/2019,C&M-GMS DES Extended Hours Access,PRC DELEGATED CO-COMMISSIONING,DR A K BISARYA & PARTNERS,26600776,392.00 ,,LA000047808
Department of Health,NHS West Lancashire CCG,3/31/2019,C&M-GMS GP Statutory Levy,PRC DELEGATED CO-COMMISSIONING,DR A K BISARYA & PARTNERS,26600776,3.47 ,,LA000047808
Department of Health,NHS West Lancashire CCG,3/31/2019,C&M-GMS Global Sum,PRC DELEGATED CO-COMMISSIONING,DR A K BISARYA & PARTNERS,26600776,"20,334.40 ",,LA000047808
Department of Health,NHS West Lancashire CCG,3/31/2019,C&M-GMS PCO Seniority,PRC DELEGATED CO-COMMISSIONING,DR A K BISARYA & PARTNERS,26600776,"3,622.61 ",,LA000047808
Department of Health,NHS West Lancashire CCG,3/31/2019,C&M-GMS QOF Aspiration,PRC DELEGATED CO-COMMISSIONING,DR A K BISARYA & PARTNERS,26600776,"2,310.31 ",,LA000047808
Department of Health,NHS West Lancashire CCG,3/31/2019,C&M-GMS Voluntary Levy,PRC DELEGATED CO-COMMISSIONING,DR A K BISARYA & PARTNERS,26600776,0.60 ,,LA000047808
Department of Health,NHS West Lancashire CCG,3/31/2019,C&M-GMS Cost of Drugs -Prescribing,LOCAL ENHANCED SERVICES,SKELMERSDALE FAMILY PRACTICE,26600778,"5,856.78 ",,LA000047810
Department of Health,NHS West Lancashire CCG,3/31/2019,C&M-GMS DES Extended Hours Access,PRC DELEGATED CO-COMMISSIONING,SKELMERSDALE FAMILY PRACTICE,26600778,"2,944.90 ",,LA000047810
Department of Health,NHS West Lancashire CCG,3/31/2019,C&M-GMS DES Learn Dsblty Hlth Chk,PRC DELEGATED CO-COMMISSIONING,SKELMERSDALE FAMILY PRACTICE,26600778,700.00 ,,LA000047810
Department of Health,NHS West Lancashire CCG,3/31/2019,C&M-GMS GP Statutory Levy,PRC DELEGATED CO-COMMISSIONING,SKELMERSDALE FAMILY PRACTICE,26600778,11.66 ,,LA000047810
Department of Health,NHS West Lancashire CCG,3/31/2019,C&M-GMS Global Sum,PRC DELEGATED CO-COMMISSIONING,SKELMERSDALE FAMILY PRACTICE,26600778,"139,987.62 ",,LA000047810
Department of Health,NHS West Lancashire CCG,3/31/2019,C&M-GMS PCO Other,PRC DELEGATED CO-COMMISSIONING,SKELMERSDALE FAMILY PRACTICE,26600778,"13,945.00 ",,LA000047810
Department of Health,NHS West Lancashire CCG,3/31/2019,C&M-GMS PCO Seniority,PRC DELEGATED CO-COMMISSIONING,SKELMERSDALE FAMILY PRACTICE,26600778,"1,999.12 ",,LA000047810
Department of Health,NHS West Lancashire CCG,3/31/2019,C&M-GMS Prem Notional Rent,PRC DELEGATED CO-COMMISSIONING,SKELMERSDALE FAMILY PRACTICE,26600778,"1,509.17 ",,LA000047810
Department of Health,NHS West Lancashire CCG,3/31/2019,C&M-GMS Prem Water Rates,PRC DELEGATED CO-COMMISSIONING,SKELMERSDALE FAMILY PRACTICE,26600778,102.30 ,,LA000047810
Department of Health,NHS West Lancashire CCG,3/31/2019,C&M-GMS Prof Fees Prescribing,PRC DELEGATED CO-COMMISSIONING,SKELMERSDALE FAMILY PRACTICE,26600778,"1,004.87 ",,LA000047810
Department of Health,NHS West Lancashire CCG,3/31/2019,C&M-GMS QOF Aspiration,PRC DELEGATED CO-COMMISSIONING,SKELMERSDALE FAMILY PRACTICE,26600778,"13,778.18 ",,LA000047810
Department of Health,NHS West Lancashire CCG,3/31/2019,C&M-GMS Voluntary Levy,PRC DELEGATED CO-COMMISSIONING,SKELMERSDALE FAMILY PRACTICE,26600778,1.84 ,,LA000047810
Department of Health,NHS West Lancashire CCG,3/31/2019,Hlthcre-Foundation Trsts,CHILD AND ADOLESCENT MENTAL HEALTH,LANCASHIRE CARE NHS FOUNDATION TRUST,26605129,"25,507.00 ",654923319,I0063632
Department of Health,NHS West Lancashire CCG,3/31/2019,Hlthcre-Foundation Trsts,CHILD AND ADOLESCENT MENTAL HEALTH,LANCASHIRE CARE NHS FOUNDATION TRUST,26605133,"44,330.00 ",654923319,I0063500
Department of Health,NHS West Lancashire CCG,3/31/2019,C&M-GMS Cost of Drugs -Prescribing,LOCAL ENHANCED SERVICES,BURSCOUGH FAMILY PRACTICE,26617013,634.03 ,,LA000047784
Department of Health,NHS West Lancashire CCG,3/31/2019,C&M-GMS Global Sum,PRC DELEGATED CO-COMMISSIONING,BURSCOUGH FAMILY PRACTICE,26617013,"21,883.56 ",,LA000047784
Department of Health,NHS West Lancashire CCG,3/31/2019,C&M-GMS PCO Seniority,PRC DELEGATED CO-COMMISSIONING,BURSCOUGH FAMILY PRACTICE,26617013,426.50 ,,LA000047784
Department of Health,NHS West Lancashire CCG,3/31/2019,C&M-GMS Prof Fees Prescribing,PRC DELEGATED CO-COMMISSIONING,BURSCOUGH FAMILY PRACTICE,26617013,105.37 ,,LA000047784
Department of Health,NHS West Lancashire CCG,3/31/2019,C&M-GMS QOF Aspiration,PRC DELEGATED CO-COMMISSIONING,BURSCOUGH FAMILY PRACTICE,26617013,"2,421.27 ",,LA000047784
Department of Health,NHS West Lancashire CCG,3/31/2019,ME - GMS GP Prior Year ERs,PRC DELEGATED CO-COMMISSIONING,BURSCOUGH FAMILY PRACTICE,26617013,"2,844.22 ",,LA000047784
Department of Health,NHS West Lancashire CCG,3/31/2019,ME-GMS GP Prior Year EEs,PRC DELEGATED CO-COMMISSIONING,BURSCOUGH FAMILY PRACTICE,26617013,"2,945.80 ",,LA000047784
Department of Health,NHS West Lancashire CCG,3/31/2019,Cont Care-Physical Disab (<65),CHC AD FULL FUND PERS HLTH BUD,WEST LANCS PEER SUPPORT,26623427,"31,073.25 ",,TN0014
Department of Health,NHS West Lancashire CCG,3/31/2019,Clinical&Medical-Independent Sector,COMMUNITY SERVICES,MEDEQUIP ASSISTIVE TECHNOLOGY LTD,26623428,"48,571.57 ",218788662,43677
Department of Health,NHS West Lancashire CCG,3/31/2019,Cont Care-Physical Disab (<65),CHC AD FULL FUND PERS HLTH BUD,YOUR LIFE YOUR WAY,26623429,"39,517.66 ",,171120
Department of Health,NHS West Lancashire CCG,3/31/2019,Clinical&Medical-Commercial Sector,PLANNED CARE,PDS MEDICAL,26626132,"32,132.06 ",,00378
Department of Health,NHS West Lancashire CCG,3/31/2019,Non-PFI Oprtng Lease-Bldgs-Lease Rent,RECHARGES NHS PROPERTY SERVICES LTD,COMMUNITY HEALTH PARTNERSHIPS LTD,26647365,"(167,720.66)",GB782562113,0060100738
Department of Health,NHS West Lancashire CCG,3/31/2019,Clinical&Medical-Othe Public Sector,MENTAL HEALTH SERVICES - ADULTS,LANCASHIRE COUNTY COUNCIL,26647426,"25,728.72 ",,5100632726
Department of Health,NHS West Lancashire CCG,3/31/2019,Hlthcre-Foundation Trsts,ACUTE COMMISSIONING,MANCHESTER UNIVERSITY NHS FOUNDATION TRUST,26664007,"84,922.00 ",654415538,0000422028
Department of Health,NHS West Lancashire CCG,3/31/2019,Hlthcre-Foundation Trsts,MENTAL HEALTH CONTRACTS,LANCASHIRE CARE NHS FOUNDATION TRUST,26664095,"30,500.00 ",654923319,I0062443
Department of Health,NHS West Lancashire CCG,3/31/2019,Computer Network Costs,PRIMARY CARE IT,LANCASHIRE CARE NHS FOUNDATION TRUST,26664103,"29,860.09 ",654923319,I0063271
Department of Health,NHS West Lancashire CCG,3/31/2019,Computer Network Costs,PRIMARY CARE IT,LANCASHIRE CARE NHS FOUNDATION TRUST,26664120,"29,860.09 ",654923319,I0063753
Department of Health,NHS West Lancashire CCG,3/31/2019,Training Expenses,CORPORATE COSTS & SERVICES,CONEXUS HEALTHCARE LTD,26669366,"25,450.00 ",284044407,9
Department of Health,NHS West Lancashire CCG,3/31/2019,Miscellaneous Expenditure (L9),COMMISSIONING SCHEMES,BEACON PRIMARY CARE,26670435,"32,439.67 ",,NOINV8787
,,,,,,,,,
