Department family,Entity,Date,Expense Type,Expense area,Supplier,Transaction number,AP Amount (�),VAT registration number,Purchase invoice number
Department of Health,NHS West Lancashire CCG,5/31/2018,Hlthcre-Foundation Trsts,ACUTE COMMISSIONING,SALFORD ROYAL NHS FOUNDATION TRUST,22139397,"25,210.00 ",654939786,S0015982
Department of Health,NHS West Lancashire CCG,5/31/2018,Miscellaneous Expenditure (L9),COMMISSIONING SCHEMES,TARLETON GROUP PRACTICE,22139438,"41,537.00 ",,5PHEADQ912P81710CCG1
Department of Health,NHS West Lancashire CCG,5/31/2018,Clinical&Medical-Commercial Sector,COMMUNITY SERVICES,VIRGIN CARE SERVICES LTD,22139459,"(51,182.18)",GB918510332,10300977986
Department of Health,NHS West Lancashire CCG,5/31/2018,Income tax <1Yr,BALANCE SHEET,HMRC,22180854,"61,048.97 ",,475PX004406621901
Department of Health,NHS West Lancashire CCG,5/31/2018,Hcare Srv Rec NHS Trust,COMMUNITY SERVICES,SOUTHPORT AND ORMSKIRK HOSPITAL NHS TRUST,22183158,"30,276.00 ",,7518769
Department of Health,NHS West Lancashire CCG,5/31/2018,Basic Sal-Rechgs to-from Other NHS,SAFEGUARDING,NHS CHORLEY AND SOUTH RIBBLE CCG,22183177,"53,294.00 ",,7011601573
Department of Health,NHS West Lancashire CCG,5/31/2018,Clinical&Medical-Independent Sector,ACUTE COMMISSIONING,GUY PILKINGTON MEMORIAL HOME LTD,22183183,"72,435.00 ",,102550
Department of Health,NHS West Lancashire CCG,5/31/2018,Other Transport Costs,PATIENT TRANSPORT,NORTH WEST AMBULANCE SERVICE NHS TRUST,22183202,"54,620.00 ",654435138,4110038193
Department of Health,NHS West Lancashire CCG,5/31/2018,Hcare Srv Rec NHS Trust,AMBULANCE SERVICES,NORTH WEST AMBULANCE SERVICE NHS TRUST,22183208,"261,433.00 ",654435138,4110038166
Department of Health,NHS West Lancashire CCG,5/31/2018,Hlthcre-Foundation Trsts,MENTAL HEALTH CONTRACTS,ST HELENS AND KNOWSLEY HOSPITALS NHS TRUST,22183212,"209,448.00 ",,16774884
Department of Health,NHS West Lancashire CCG,5/31/2018,Hlthcre-Foundation Trsts,ACUTE COMMISSIONING,WRIGHTINGTON WIGAN & LEIGH NHS FOUNDATION TRUST,22183213,"847,445.00 ",GB654951509,55577081
Department of Health,NHS West Lancashire CCG,5/31/2018,Charges from CSU,CORPORATE COSTS & SERVICES,NHS MIDLANDS AND LANCASHIRE CSU,22183216,"105,397.69 ",GB 654442045,7312310300
Department of Health,NHS West Lancashire CCG,5/31/2018,Clinical&Medical-Commercial Sector,COMMUNITY SERVICES,VIRGIN CARE SERVICES LTD,22183218,"698,790.97 ",GB918510332,10300977988
Department of Health,NHS West Lancashire CCG,5/31/2018,Clinical&Medical-Commercial Sector,URGENT CARE,VIRGIN CARE SERVICES LTD,22183221,"301,568.22 ",GB918510332,10300977990
Department of Health,NHS West Lancashire CCG,5/31/2018,Hlthcre-Foundation Trsts,ACUTE COMMISSIONING,WALTON CENTRE NHS FOUNDATION TRUST,22183227,"58,137.49 ",,N0019592
Department of Health,NHS West Lancashire CCG,5/31/2018,Clinical&Medical-Independent Sector,ACUTE COMMISSIONING,EUXTON HALL HOSPITAL,22258085,"53,289.86 ",,WLAPR18
Department of Health,NHS West Lancashire CCG,5/31/2018,Clinical&Medical-Independent Sector,ACUTE COMMISSIONING,EUXTON HALL HOSPITAL,22258114,"53,289.86 ",,WLMAY18
Department of Health,NHS West Lancashire CCG,5/31/2018,Hlthcre-Foundation Trsts,COMMUNITY SERVICES,LANCASHIRE CARE NHS FOUNDATION TRUST,22258142,"136,085.00 ",654923319,I0058670
Department of Health,NHS West Lancashire CCG,5/31/2018,Hlthcre-Foundation Trsts,ACUTE COMMISSIONING,LIVERPOOL WOMENS HOSPITAL NHS FOUNDATION TRUST,22258162,"55,567.41 ",654928891,9410018905
Department of Health,NHS West Lancashire CCG,5/31/2018,Hlthcre-Foundation Trsts,MENTAL HEALTH CONTRACTS,LANCASHIRE CARE NHS FOUNDATION TRUST,22258187,"864,012.00 ",654923319,I0058683
Department of Health,NHS West Lancashire CCG,5/31/2018,Clinical&Medical-Independent Sector,ACUTE COMMISSIONING,RENACRES HOSPITAL,22258194,"287,327.42 ",,WL0518
Department of Health,NHS West Lancashire CCG,5/31/2018,Hcare Srv Rec NHS Trust,ACUTE COMMISSIONING,ROYAL LIVERPOOL AND BROADGREEN UNIVERSITY HOSPITALS NHS TRUST,22258201,"202,662.00 ",654966000,8610082458
Department of Health,NHS West Lancashire CCG,5/31/2018,Hlthcre-Foundation Trsts,ACUTE COMMISSIONING,AINTREE UNIVERSITY HOSPITALS NHS FOUNDATION TRUST,22258203,"445,563.83 ",,8410038305
Department of Health,NHS West Lancashire CCG,5/31/2018,Hlthcre-Foundation Trsts,ACUTE COMMISSIONING,ALDER HEY CHILDRENS NHS FOUNDATION TRUST,22258204,"74,365.16 ",,9110026296
Department of Health,NHS West Lancashire CCG,5/31/2018,Hlthcre-Foundation Trsts,ACUTE COMMISSIONING,LIVERPOOL HEART AND CHEST HOSPITAL NHS TRUST,22258210,"84,259.83 ",654914712,12772589
Department of Health,NHS West Lancashire CCG,5/31/2018,C&M-GMS GP Statutory Levy,PRC DELEGATED CO-COMMISSIONING,CONSORTIA OF LOCAL MEDICAL COMMITTEE,22259239,"50,628.36 ",,201819
Department of Health,NHS West Lancashire CCG,5/31/2018,Clinical&Medical-Independent Sector,MENTAL HEALTH SERVICES - NOT CONTRACTED ACTIVITY,ELYSIUM HEALTHCARE LTD,22349373,"54,203.94 ",GB257732580,HLH00068
Department of Health,NHS West Lancashire CCG,5/31/2018,Clinical&Medical-Independent Sector,MENTAL HEALTH SERVICES - NOT CONTRACTED ACTIVITY,ELYSIUM HEALTHCARE LTD,22349391,"38,717.10 ",GB257732580,HLH00115
Department of Health,NHS West Lancashire CCG,5/31/2018,Clinical&Medical-Independent Sector,MENTAL HEALTH SERVICES - NOT CONTRACTED ACTIVITY,ELYSIUM HEALTHCARE LTD,22349395,"40,007.67 ",GB257732580,HLH00093
Department of Health,NHS West Lancashire CCG,5/31/2018,Miscellaneous Expenditure (L9),PROGRAMME PROJECTS,BLACKPOOL TEACHING HOSPITALS NHS FOUNDATION TRUST,22349417,"49,300.00 ",GB654430839,1110038193
Department of Health,NHS West Lancashire CCG,5/31/2018,Hlthcre-Foundation Trsts,ACUTE COMMISSIONING,MANCHESTER UNIVERSITY NHS FOUNDATION TRUST,22349445,"35,634.58 ",654415538,0000400032
Department of Health,NHS West Lancashire CCG,5/31/2018,C&M-GMS Global Sum,PRC DELEGATED CO-COMMISSIONING,SKELMERSDALE FAMILY PRACTICE,22375989,"181,066.70 ",,LA000042099
Department of Health,NHS West Lancashire CCG,5/31/2018,C&M-GMS Global Sum,PRC DELEGATED CO-COMMISSIONING,DR A K BISARYA & PARTNERS,22376804,"33,892.52 ",,LA000042097
Department of Health,NHS West Lancashire CCG,5/31/2018,C&M-GMS Global Sum,PRC DELEGATED CO-COMMISSIONING,ASHURST PRIMARY CARE,22376863,"63,176.16 ",,LA000042067
Department of Health,NHS West Lancashire CCG,5/31/2018,C&M-GMS Global Sum,PRC DELEGATED CO-COMMISSIONING,AUGHTON SURGERY,22376865,"71,132.79 ",,LA000042069
Department of Health,NHS West Lancashire CCG,5/31/2018,C&M-GMS Global Sum,PRC DELEGATED CO-COMMISSIONING,BURSCOUGH FAMILY PRACTICE,22376867,"36,458.19 ",,LA000042071
Department of Health,NHS West Lancashire CCG,5/31/2018,C&M-GMS Global Sum,PRC DELEGATED CO-COMMISSIONING,COUNTY ROAD SURGERY,22376869,"25,391.75 ",,LA000042073
Department of Health,NHS West Lancashire CCG,5/31/2018,C&M-GMS Global Sum,PRC DELEGATED CO-COMMISSIONING,DR S BISWAS & PARTNERS,22376870,"247,860.93 ",,LA000042075
Department of Health,NHS West Lancashire CCG,5/31/2018,C&M-GMS Global Sum,PRC DELEGATED CO-COMMISSIONING,ELMS,22376872,"69,018.86 ",,LA000042077
Department of Health,NHS West Lancashire CCG,5/31/2018,ME-GMS GP Prior Year EEs,PRC DELEGATED CO-COMMISSIONING,HALL GREEN SURGERY,22376873,"(31,259.21)",,LA000042078
Department of Health,NHS West Lancashire CCG,5/31/2018,C&M-GMS Global Sum,PRC DELEGATED CO-COMMISSIONING,HALL GREEN SURGERY,22376874,"98,706.99 ",,LA000042079
Department of Health,NHS West Lancashire CCG,5/31/2018,C&M-GMS Global Sum,PRC DELEGATED CO-COMMISSIONING,LATHOM HOUSE SURGERY,22376876,"56,787.88 ",,LA000042081
Department of Health,NHS West Lancashire CCG,5/31/2018,C&M-GMS Global Sum,PRC DELEGATED CO-COMMISSIONING,MATTHEW RYDER CLINIC,22376878,"37,162.75 ",,LA000042083
Department of Health,NHS West Lancashire CCG,5/31/2018,C&M-GMS Global Sum,PRC DELEGATED CO-COMMISSIONING,MANOR PRIMARY CARE,22376880,"61,694.03 ",,LA000042085
Department of Health,NHS West Lancashire CCG,5/31/2018,C&M-GMS Global Sum,PRC DELEGATED CO-COMMISSIONING,PARBOLD SURGERY,22376882,"90,283.39 ",,LA000042087
Department of Health,NHS West Lancashire CCG,5/31/2018,C&M-GMS Global Sum,PRC DELEGATED CO-COMMISSIONING,PARKGATE SURGERY ORMSKIRK,22376884,"97,777.15 ",,LA000042089
Department of Health,NHS West Lancashire CCG,5/31/2018,C&M-GMS Global Sum,PRC DELEGATED CO-COMMISSIONING,ORMSKIRK MEDICAL PRACTICE,22376886,"117,951.33 ",,LA000042091
Department of Health,NHS West Lancashire CCG,5/31/2018,C&M-GMS Global Sum,PRC DELEGATED CO-COMMISSIONING,STANLEY COURT SURGERY,22376888,"63,023.34 ",,LA000042093
Department of Health,NHS West Lancashire CCG,5/31/2018,C&M-GMS Global Sum,PRC DELEGATED CO-COMMISSIONING,TARLETON GROUP PRACTICE,22376890,"101,553.39 ",,LA000042095
Department of Health,NHS West Lancashire CCG,5/31/2018,Clinical&Medical-Independent Sector,PRIMARY CARE INVESTMENTS,OUT OF HOURS WEST LANCASHIRE CIC,22385190,"40,632.00 ",,INV0061
Department of Health,NHS West Lancashire CCG,5/31/2018,C&M-GMS QOF Achievement,PRC DELEGATED CO-COMMISSIONING,DR S BISWAS & PARTNERS,22393786,"(41,585.56)",,LA000042074
Department of Health,NHS West Lancashire CCG,5/31/2018,ME-GMS GP Pension ERs Adjustments,PRC DELEGATED CO-COMMISSIONING,SKELMERSDALE FAMILY PRACTICE,22393787,"(27,833.58)",,LA000042098
Department of Health,NHS West Lancashire CCG,5/31/2018,C&M-PMS Contract Value,PRC DELEGATED CO-COMMISSIONING,VIRAN MEDICAL CENTRE,22393788,"33,116.94 ",,LA000042101
Department of Health,NHS West Lancashire CCG,5/31/2018,NHS Recbles <1Yr- CHC Risk Pool Con,BALANCE SHEET,HUGH JAMES INVOLEGAL LLP,22402421,"38,509.53 ",,RK01B
Department of Health,NHS West Lancashire CCG,5/31/2018,Clinical&Medical-Drugs,COMMUNITY SERVICES,SOUTHPORT AND ORMSKIRK HOSPITAL NHS TRUST,22425526,"58,677.40 ",,7526499
Department of Health,NHS West Lancashire CCG,5/31/2018,Clinical&Medical-Commercial Sector,COMMUNITY SERVICES,VIRGIN CARE SERVICES LTD,22425532,"100,000.00 ",GB918510332,10300965990
Department of Health,NHS West Lancashire CCG,5/31/2018,Cont Care-Physical Disab (<65),CHC AD FULL FUND PERS HLTH BUD,SALVERE SOCIAL ENTERPRISE CIC,22425543,"26,406.38 ",,PHB2449
Department of Health,NHS West Lancashire CCG,5/31/2018,Hcare Srv Rec NHS Trust,ACUTE COMMISSIONING,SOUTHPORT AND ORMSKIRK HOSPITAL NHS TRUST,22425569,"3,776,942.00 ",,7526542
Department of Health,NHS West Lancashire CCG,5/31/2018,Cont Care-Learning Disab(<65),CHC AD FULL FUND PERS HLTH BUD,SALVERE SOCIAL ENTERPRISE CIC,22425571,"26,696.56 ",,PHB2466
Department of Health,NHS West Lancashire CCG,5/31/2018,Hlthcre-Foundation Trsts,ACUTE COMMISSIONING,LANCASHIRE TEACHING HOSPITALS NHS FOUNDATION TRUST,22425699,"167,691.00 ",,15313980
Department of Health,NHS West Lancashire CCG,5/31/2018,Hlthcre-Foundation Trsts,ACUTE COMMISSIONING,WALTON CENTRE NHS FOUNDATION TRUST,22425705,"58,137.49 ",,N0019650
Department of Health,NHS West Lancashire CCG,5/31/2018,Clinical&Medical-Othe Public Sector,COMMUNITY SERVICES,LANCASHIRE COUNTY COUNCIL,22431959,"640,927.95 ",,5200163572
Department of Health,NHS West Lancashire CCG,5/31/2018,Clinical&Medical-Independent Sector,ACUTE COMMISSIONING,FAIRFIELD GUY PILKINGTON MEMORIAL HOME LTD,16604002,"71,420.00 ",,102264R
Department of Health,NHS West Lancashire CCG,5/31/2018,Hcare Srv Rec NHS Trust,ACUTE COMMISSIONING,ST HELENS AND KNOWSLEY HOSPITALS NHS TRUST,16855701,"136,299.00 ",,16766072R
,,,,,,,,,
,,,,,,,,,
,,,,,,,,,
,,,,,,,,,
