Department family,Entity,Date,Expense Type,Expense area,Supplier,Transaction number,AP Amount (�),VAT registration number,Purchase invoice number
Department of Health,NHS West Lancashire CCG,11/30/2018,Clinical&Medical-Drugs,COMMUNITY SERVICES,SOUTHPORT AND ORMSKIRK HOSPITAL NHS TRUST,24547753,"42,783.62 ",654970308,7528428
Department of Health,NHS West Lancashire CCG,11/30/2018,Hlthcre-Foundation Trsts,LEARNING DIFFICULTIES,MERSEY CARE NHS TRUST,24547766,"49,327.26 ",654 412 841,I0038644
Department of Health,NHS West Lancashire CCG,11/30/2018,Cont Care-Mental Health (65+),CHC ADULT FULLY FUNDED,STOCKS HALL CARE HOMES LTD,24548095,"41,938.00 ",,NH14918
Department of Health,NHS West Lancashire CCG,11/30/2018,Hlthcre-Foundation Trsts,ACUTE COMMISSIONING,AINTREE UNIVERSITY HOSPITALS NHS FOUNDATION TRUST,24571000,"43,609.00 ",654910626,8410040294
Department of Health,NHS West Lancashire CCG,11/30/2018,Clinical&Medical-Independent Sector,MENTAL HEALTH SERVICES - ADULTS,ALZHEIMERS SOCIETY,24571024,"26,908.50 ",GB974843571,PSI162869
Department of Health,NHS West Lancashire CCG,11/30/2018,Clinical&Medical-Independent Sector,MENTAL HEALTH SERVICES - ADULTS,ALZHEIMERS SOCIETY,24571033,"26,908.50 ",GB974843571,PSI165469
Department of Health,NHS West Lancashire CCG,11/30/2018,Clinical&Medical-Commercial Sector,PLANNED CARE,PDS MEDICAL,24647550,"26,519.66 ",,00195
Department of Health,NHS West Lancashire CCG,11/30/2018,Cont Care-Mental Health (65+),CHC ADULT FULLY FUNDED,STOCKS HALL CARE HOMES LTD,24647664,"25,561.80 ",,NH15118
Department of Health,NHS West Lancashire CCG,11/30/2018,Hlthcre-Foundation Trsts,ACUTE COMMISSIONING,SALFORD ROYAL NHS FOUNDATION TRUST,24647692,"25,210.00 ",654939786,S0020122
Department of Health,NHS West Lancashire CCG,11/30/2018,Hlthcre-Foundation Trsts,ACUTE COMMISSIONING,MANCHESTER UNIVERSITY NHS FOUNDATION TRUST,24647733,"35,634.58 ",654415538,0000415886
Department of Health,NHS West Lancashire CCG,11/30/2018,Clinical&Medical-Independent Sector,ACUTE COMMISSIONING,EUXTON HALL HOSPITAL,24683218,"53,289.86 ",,WLNOV18
Department of Health,NHS West Lancashire CCG,11/30/2018,Hlthcre-Foundation Trsts,ACUTE COMMISSIONING,LIVERPOOL WOMENS HOSPITAL NHS FOUNDATION TRUST,24683223,"55,567.41 ",654928891,9410020346
Department of Health,NHS West Lancashire CCG,11/30/2018,Clinical&Medical-Independent Sector,ACUTE COMMISSIONING,GUY PILKINGTON MEMORIAL HOME LTD,24683269,"72,435.00 ",,102687
Department of Health,NHS West Lancashire CCG,11/30/2018,Hlthcre-Foundation Trsts,ACUTE COMMISSIONING,WALTON CENTRE NHS FOUNDATION TRUST,24683274,"58,137.49 ",654948002,N0020304
Department of Health,NHS West Lancashire CCG,11/30/2018,Hlthcre-Foundation Trsts,ACUTE COMMISSIONING,ALDER HEY CHILDRENS NHS FOUNDATION TRUST,24683283,"73,231.00 ",654938985,9110027929
Department of Health,NHS West Lancashire CCG,11/30/2018,Hcare Srv Rec NHS Trust,ACUTE COMMISSIONING,ROYAL LIVERPOOL AND BROADGREEN UNIVERSITY HOSPITALS NHS TRUST,24683289,"202,144.00 ",654966000,8610088676
Department of Health,NHS West Lancashire CCG,11/30/2018,Hlthcre-Foundation Trsts,ACUTE COMMISSIONING,LIVERPOOL HEART AND CHEST HOSPITAL NHS TRUST,24683293,"84,259.83 ",654914712,12774145
Department of Health,NHS West Lancashire CCG,11/30/2018,Hcare Srv Rec NHS Trust,ACUTE COMMISSIONING,ST HELENS AND KNOWSLEY HOSPITALS NHS TRUST,24683317,"177,173.00 ",654943996,16778868
Department of Health,NHS West Lancashire CCG,11/30/2018,Hlthcre-Foundation Trsts,ACUTE COMMISSIONING,LANCASHIRE TEACHING HOSPITALS NHS FOUNDATION TRUST,24683322,"190,661.00 ",,15320048
Department of Health,NHS West Lancashire CCG,11/30/2018,Clinical&Medical-Independent Sector,ACUTE COMMISSIONING,RENACRES HOSPITAL,24683397,"287,327.42 ",,WL1118
Department of Health,NHS West Lancashire CCG,11/30/2018,Clinical&Medical-Commercial Sector,COMMUNITY SERVICES,VIRGIN CARE SERVICES LTD,24683425,"698,790.97 ",GB918510332,10380005033
Department of Health,NHS West Lancashire CCG,11/30/2018,Clinical&Medical-Commercial Sector,URGENT CARE,VIRGIN CARE SERVICES LTD,24683436,"301,568.22 ",GB918510332,103800005031
Department of Health,NHS West Lancashire CCG,11/30/2018,Hcare Srv Rec NHS Trust,AMBULANCE SERVICES,NORTH WEST AMBULANCE SERVICE NHS TRUST,24683613,"262,380.00 ",654435138,4110042033
Department of Health,NHS West Lancashire CCG,11/30/2018,Hlthcre-Foundation Trsts,ACUTE COMMISSIONING,WRIGHTINGTON WIGAN & LEIGH NHS FOUNDATION TRUST,24683622,"796,603.00 ",GB654951509,55582743
Department of Health,NHS West Lancashire CCG,11/30/2018,Other Transport Costs,PATIENT TRANSPORT,NORTH WEST AMBULANCE SERVICE NHS TRUST,24683642,"54,620.00 ",654435138,4110042110
Department of Health,NHS West Lancashire CCG,11/30/2018,Hlthcre-Foundation Trsts,ACUTE COMMISSIONING,AINTREE UNIVERSITY HOSPITALS NHS FOUNDATION TRUST,24686092,"533,878.33 ",654910626,8410041234
Department of Health,NHS West Lancashire CCG,11/30/2018,Hlthcre-Foundation Trsts,MENTAL HEALTH CONTRACTS,MERSEY CARE NHS TRUST,24721837,"(25,455.00)",654 412 841,C0002476
Department of Health,NHS West Lancashire CCG,11/30/2018,Income tax <1Yr,BALANCE SHEET,HMRC,24742985,"28,623.60 ",,475PX004406621907
Department of Health,NHS West Lancashire CCG,11/30/2018,Income tax <1Yr-Student Loans,BALANCE SHEET,HMRC,24742985,487.00 ,,475PX004406621907
Department of Health,NHS West Lancashire CCG,11/30/2018,National Insurance < 1 yr-NI- ERS,BALANCE SHEET,HMRC,24742985,"18,630.50 ",,475PX004406621907
Department of Health,NHS West Lancashire CCG,11/30/2018,National Insurance < 1 yr-NI-EES,BALANCE SHEET,HMRC,24742985,"13,312.00 ",,475PX004406621907
Department of Health,NHS West Lancashire CCG,11/30/2018,Clinical&Medical-Commercial Sector,PLANNED CARE,PDS MEDICAL,24743255,"27,371.54 ",,00230
Department of Health,NHS West Lancashire CCG,11/30/2018,Cont Care-Physical Disab (<65),CHC AD FULL FUND PERS HLTH BUD,WEST LANCS PEER SUPPORT,24762214,"31,073.25 ",,TN0013
Department of Health,NHS West Lancashire CCG,11/30/2018,Charges from CSU,CONTINUING HEALTHCARE ASSESSMENT & SUPPORT,NHS MIDLANDS AND LANCASHIRE CSU,24808327,"25,588.00 ",GB 654442045,7312311722
Department of Health,NHS West Lancashire CCG,11/30/2018,Charges from CSU,CORPORATE COSTS & SERVICES,NHS MIDLANDS AND LANCASHIRE CSU,24808327,"47,826.44 ",GB 654442045,7312311722
Department of Health,NHS West Lancashire CCG,11/30/2018,Charges from CSU,MEDICINES MANAGEMENT - CLINICAL,NHS MIDLANDS AND LANCASHIRE CSU,24808327,"4,046.50 ",GB 654442045,7312311722
Department of Health,NHS West Lancashire CCG,11/30/2018,Charges from CSU,PRIMARY CARE IT,NHS MIDLANDS AND LANCASHIRE CSU,24808327,"24,070.83 ",GB 654442045,7312311722
Department of Health,NHS West Lancashire CCG,11/30/2018,Charges from CSU,PROGRAMME PROJECTS,NHS MIDLANDS AND LANCASHIRE CSU,24808327,"3,865.92 ",GB 654442045,7312311722
Department of Health,NHS West Lancashire CCG,11/30/2018,Hlthcre-Foundation Trsts,MENTAL HEALTH CONTRACTS,LANCASHIRE CARE NHS FOUNDATION TRUST,24808430,"870,026.00 ",654923319,I0061590
Department of Health,NHS West Lancashire CCG,11/30/2018,Hlthcre-Foundation Trsts,COMMUNITY SERVICES,LANCASHIRE CARE NHS FOUNDATION TRUST,24808433,"134,459.00 ",654923319,I0061614
Department of Health,NHS West Lancashire CCG,11/30/2018,Clinical&Medical-Othe Public Sector,COMMUNITY SERVICES,LANCASHIRE COUNTY COUNCIL,24808528,"640,927.95 ",,5200176554
Department of Health,NHS West Lancashire CCG,11/30/2018,Clinical&Medical-Independent Sector,MENTAL HEALTH SERVICES - NOT CONTRACTED ACTIVITY,ELYSIUM HEALTHCARE LTD,24866163,"40,007.67 ",GB257732580,HLH00188
Department of Health,NHS West Lancashire CCG,11/30/2018,Clinical&Medical-Independent Sector,MENTAL HEALTH SERVICES - NOT CONTRACTED ACTIVITY,ELYSIUM HEALTHCARE LTD,24866199,"40,007.67 ",GB257732580,HLH00215
Department of Health,NHS West Lancashire CCG,11/30/2018,Clinical&Medical-Independent Sector,MENTAL HEALTH SERVICES - NOT CONTRACTED ACTIVITY,ELYSIUM HEALTHCARE LTD,24866205,"38,717.10 ",GB257732580,HLH00237
Department of Health,NHS West Lancashire CCG,11/30/2018,Clinical&Medical-Independent Sector,MENTAL HEALTH SERVICES - NOT CONTRACTED ACTIVITY,ELYSIUM HEALTHCARE LTD,24866226,"40,007.67 ",GB257732580,HLH00259
Department of Health,NHS West Lancashire CCG,11/30/2018,Clinical&Medical-Independent Sector,MENTAL HEALTH SERVICES - NOT CONTRACTED ACTIVITY,ELYSIUM HEALTHCARE LTD,24866243,"38,717.10 ",GB257732580,HLH00284
Department of Health,NHS West Lancashire CCG,11/30/2018,C&M-GMS Cost of Drugs -Prescribing,LOCAL ENHANCED SERVICES,ASHURST PRIMARY CARE,24910312,"4,503.86 ",,LA000045508
Department of Health,NHS West Lancashire CCG,11/30/2018,C&M-GMS DES Extended Hours Access,PRC DELEGATED CO-COMMISSIONING,ASHURST PRIMARY CARE,24910312,809.00 ,,LA000045508
Department of Health,NHS West Lancashire CCG,11/30/2018,C&M-GMS DES Learn Dsblty Hlth Chk,PRC DELEGATED CO-COMMISSIONING,ASHURST PRIMARY CARE,24910312,980.00 ,,LA000045508
Department of Health,NHS West Lancashire CCG,11/30/2018,C&M-GMS Global Sum,PRC DELEGATED CO-COMMISSIONING,ASHURST PRIMARY CARE,24910312,"36,889.85 ",,LA000045508
Department of Health,NHS West Lancashire CCG,11/30/2018,C&M-GMS Prof Fees Prescribing,PRC DELEGATED CO-COMMISSIONING,ASHURST PRIMARY CARE,24910312,791.20 ,,LA000045508
Department of Health,NHS West Lancashire CCG,11/30/2018,C&M-GMS QOF Aspiration,PRC DELEGATED CO-COMMISSIONING,ASHURST PRIMARY CARE,24910312,"3,633.07 ",,LA000045508
Department of Health,NHS West Lancashire CCG,11/30/2018,C&M-GMS Cost of Drugs -Prescribing,LOCAL ENHANCED SERVICES,AUGHTON SURGERY,24910314,"3,667.16 ",,LA000045510
Department of Health,NHS West Lancashire CCG,11/30/2018,C&M-GMS DES Extended Hours Access,PRC DELEGATED CO-COMMISSIONING,AUGHTON SURGERY,24910314,943.00 ,,LA000045510
Department of Health,NHS West Lancashire CCG,11/30/2018,C&M-GMS Global Sum,PRC DELEGATED CO-COMMISSIONING,AUGHTON SURGERY,24910314,"43,273.09 ",,LA000045510
Department of Health,NHS West Lancashire CCG,11/30/2018,C&M-GMS PCO Other,PRC DELEGATED CO-COMMISSIONING,AUGHTON SURGERY,24910314,433.85 ,,LA000045510
Department of Health,NHS West Lancashire CCG,11/30/2018,C&M-GMS Prem Notional Rent,PRC DELEGATED CO-COMMISSIONING,AUGHTON SURGERY,24910314,"2,625.00 ",,LA000045510
Department of Health,NHS West Lancashire CCG,11/30/2018,C&M-GMS Prof Fees Prescribing,PRC DELEGATED CO-COMMISSIONING,AUGHTON SURGERY,24910314,800.40 ,,LA000045510
Department of Health,NHS West Lancashire CCG,11/30/2018,C&M-GMS QOF Aspiration,PRC DELEGATED CO-COMMISSIONING,AUGHTON SURGERY,24910314,"4,474.01 ",,LA000045510
Department of Health,NHS West Lancashire CCG,11/30/2018,C&M-GMS Cost of Drugs -Prescribing,LOCAL ENHANCED SERVICES,BURSCOUGH FAMILY PRACTICE,24910316,"5,390.52 ",,LA000045512
Department of Health,NHS West Lancashire CCG,11/30/2018,C&M-GMS DES Learn Dsblty Hlth Chk,PRC DELEGATED CO-COMMISSIONING,BURSCOUGH FAMILY PRACTICE,24910316,140.00 ,,LA000045512
Department of Health,NHS West Lancashire CCG,11/30/2018,C&M-GMS Global Sum,PRC DELEGATED CO-COMMISSIONING,BURSCOUGH FAMILY PRACTICE,24910316,"22,106.37 ",,LA000045512
Department of Health,NHS West Lancashire CCG,11/30/2018,C&M-GMS Prof Fees Prescribing,PRC DELEGATED CO-COMMISSIONING,BURSCOUGH FAMILY PRACTICE,24910316,890.10 ,,LA000045512
Department of Health,NHS West Lancashire CCG,11/30/2018,C&M-GMS QOF Aspiration,PRC DELEGATED CO-COMMISSIONING,BURSCOUGH FAMILY PRACTICE,24910316,"2,421.27 ",,LA000045512
Department of Health,NHS West Lancashire CCG,11/30/2018,C&M-GMS Cost of Drugs -Prescribing,LOCAL ENHANCED SERVICES,DR S BISWAS & PARTNERS,24910320,"1,201.06 ",,LA000045516
Department of Health,NHS West Lancashire CCG,11/30/2018,C&M-GMS DES Extended Hours Access,PRC DELEGATED CO-COMMISSIONING,DR S BISWAS & PARTNERS,24910320,"2,582.00 ",,LA000045516
Department of Health,NHS West Lancashire CCG,11/30/2018,C&M-GMS Global Sum,PRC DELEGATED CO-COMMISSIONING,DR S BISWAS & PARTNERS,24910320,"124,131.80 ",,LA000045516
Department of Health,NHS West Lancashire CCG,11/30/2018,C&M-GMS Prem Notional Rent,PRC DELEGATED CO-COMMISSIONING,DR S BISWAS & PARTNERS,24910320,"3,331.25 ",,LA000045516
Department of Health,NHS West Lancashire CCG,11/30/2018,C&M-GMS Prem Rates,PRC DELEGATED CO-COMMISSIONING,DR S BISWAS & PARTNERS,24910320,"1,433.00 ",,LA000045516
Department of Health,NHS West Lancashire CCG,11/30/2018,C&M-GMS Prof Fees Prescribing,PRC DELEGATED CO-COMMISSIONING,DR S BISWAS & PARTNERS,24910320,158.70 ,,LA000045516
Department of Health,NHS West Lancashire CCG,11/30/2018,C&M-GMS QOF Aspiration,PRC DELEGATED CO-COMMISSIONING,DR S BISWAS & PARTNERS,24910320,"14,237.45 ",,LA000045516
Department of Health,NHS West Lancashire CCG,11/30/2018,C&M-GMS Cost of Drugs -Prescribing,LOCAL ENHANCED SERVICES,ELMS,24910322,"1,773.70 ",,LA000045518
Department of Health,NHS West Lancashire CCG,11/30/2018,C&M-GMS Global Sum,PRC DELEGATED CO-COMMISSIONING,ELMS,24910322,"38,993.51 ",,LA000045518
Department of Health,NHS West Lancashire CCG,11/30/2018,C&M-GMS PCO Other,PRC DELEGATED CO-COMMISSIONING,ELMS,24910322,417.51 ,,LA000045518
Department of Health,NHS West Lancashire CCG,11/30/2018,C&M-GMS Prem Notional Rent,PRC DELEGATED CO-COMMISSIONING,ELMS,24910322,"1,916.67 ",,LA000045518
Department of Health,NHS West Lancashire CCG,11/30/2018,C&M-GMS Prem Rates,PRC DELEGATED CO-COMMISSIONING,ELMS,24910322,610.00 ,,LA000045518
Department of Health,NHS West Lancashire CCG,11/30/2018,C&M-GMS Prof Fees Prescribing,PRC DELEGATED CO-COMMISSIONING,ELMS,24910322,372.60 ,,LA000045518
Department of Health,NHS West Lancashire CCG,11/30/2018,C&M-GMS QOF Aspiration,PRC DELEGATED CO-COMMISSIONING,ELMS,24910322,"4,681.51 ",,LA000045518
Department of Health,NHS West Lancashire CCG,11/30/2018,C&M-GMS Cost of Drugs -Prescribing,LOCAL ENHANCED SERVICES,HALL GREEN SURGERY,24910324,"4,026.79 ",,LA000045520
Department of Health,NHS West Lancashire CCG,11/30/2018,C&M-GMS Global Sum,PRC DELEGATED CO-COMMISSIONING,HALL GREEN SURGERY,24910324,"59,447.51 ",,LA000045520
Department of Health,NHS West Lancashire CCG,11/30/2018,C&M-GMS Prem Notional Rent,PRC DELEGATED CO-COMMISSIONING,HALL GREEN SURGERY,24910324,"2,856.25 ",,LA000045520
Department of Health,NHS West Lancashire CCG,11/30/2018,C&M-GMS Prem Rates,PRC DELEGATED CO-COMMISSIONING,HALL GREEN SURGERY,24910324,552.00 ,,LA000045520
Department of Health,NHS West Lancashire CCG,11/30/2018,C&M-GMS Prof Fees Prescribing,PRC DELEGATED CO-COMMISSIONING,HALL GREEN SURGERY,24910324,188.60 ,,LA000045520
Department of Health,NHS West Lancashire CCG,11/30/2018,C&M-GMS QOF Aspiration,PRC DELEGATED CO-COMMISSIONING,HALL GREEN SURGERY,24910324,"6,329.11 ",,LA000045520
Department of Health,NHS West Lancashire CCG,11/30/2018,C&M-GMS Cost of Drugs -Prescribing,LOCAL ENHANCED SERVICES,LATHOM HOUSE SURGERY,24910326,"4,697.68 ",,LA000045522
Department of Health,NHS West Lancashire CCG,11/30/2018,C&M-GMS DES Learn Dsblty Hlth Chk,PRC DELEGATED CO-COMMISSIONING,LATHOM HOUSE SURGERY,24910326,140.00 ,,LA000045522
Department of Health,NHS West Lancashire CCG,11/30/2018,C&M-GMS Global Sum,PRC DELEGATED CO-COMMISSIONING,LATHOM HOUSE SURGERY,24910326,"32,947.86 ",,LA000045522
Department of Health,NHS West Lancashire CCG,11/30/2018,C&M-GMS Prem Cost Rent,PRC DELEGATED CO-COMMISSIONING,LATHOM HOUSE SURGERY,24910326,"2,082.25 ",,LA000045522
Department of Health,NHS West Lancashire CCG,11/30/2018,C&M-GMS Prem Rates,PRC DELEGATED CO-COMMISSIONING,LATHOM HOUSE SURGERY,24910326,392.00 ,,LA000045522
Department of Health,NHS West Lancashire CCG,11/30/2018,C&M-GMS Prem Water Rates,PRC DELEGATED CO-COMMISSIONING,LATHOM HOUSE SURGERY,24910326,290.60 ,,LA000045522
Department of Health,NHS West Lancashire CCG,11/30/2018,C&M-GMS Prof Fees Prescribing,PRC DELEGATED CO-COMMISSIONING,LATHOM HOUSE SURGERY,24910326,853.30 ,,LA000045522
Department of Health,NHS West Lancashire CCG,11/30/2018,C&M-GMS QOF Aspiration,PRC DELEGATED CO-COMMISSIONING,LATHOM HOUSE SURGERY,24910326,"3,799.19 ",,LA000045522
Department of Health,NHS West Lancashire CCG,11/30/2018,C&M-GMS Cost of Drugs -Prescribing,LOCAL ENHANCED SERVICES,MANOR PRIMARY CARE,24910328,"1,482.92 ",,LA000045524
Department of Health,NHS West Lancashire CCG,11/30/2018,C&M-GMS DES Learn Dsblty Hlth Chk,PRC DELEGATED CO-COMMISSIONING,MANOR PRIMARY CARE,24910328,140.00 ,,LA000045524
Department of Health,NHS West Lancashire CCG,11/30/2018,C&M-GMS Global Sum,PRC DELEGATED CO-COMMISSIONING,MANOR PRIMARY CARE,24910328,"40,335.72 ",,LA000045524
Department of Health,NHS West Lancashire CCG,11/30/2018,C&M-GMS MPIG Correction Factor,PRC DELEGATED CO-COMMISSIONING,MANOR PRIMARY CARE,24910328,270.40 ,,LA000045524
Department of Health,NHS West Lancashire CCG,11/30/2018,C&M-GMS Prof Fees Prescribing,PRC DELEGATED CO-COMMISSIONING,MANOR PRIMARY CARE,24910328,319.70 ,,LA000045524
Department of Health,NHS West Lancashire CCG,11/30/2018,C&M-GMS QOF Aspiration,PRC DELEGATED CO-COMMISSIONING,MANOR PRIMARY CARE,24910328,"3,863.87 ",,LA000045524
Department of Health,NHS West Lancashire CCG,11/30/2018,C&M-GMS Cost of Drugs -Prescribing,LOCAL ENHANCED SERVICES,PARBOLD SURGERY,24910330,"1,074.42 ",,LA000045526
Department of Health,NHS West Lancashire CCG,11/30/2018,C&M-GMS Global Sum,PRC DELEGATED CO-COMMISSIONING,PARBOLD SURGERY,24910330,"52,074.78 ",,LA000045526
Department of Health,NHS West Lancashire CCG,11/30/2018,C&M-GMS MPIG Correction Factor,PRC DELEGATED CO-COMMISSIONING,PARBOLD SURGERY,24910330,58.78 ,,LA000045526
Department of Health,NHS West Lancashire CCG,11/30/2018,C&M-GMS Other Addtl Staff Paymts,PRC DELEGATED CO-COMMISSIONING,PARBOLD SURGERY,24910330,62.00 ,,LA000045526
Department of Health,NHS West Lancashire CCG,11/30/2018,C&M-GMS Prem Notional Rent,PRC DELEGATED CO-COMMISSIONING,PARBOLD SURGERY,24910330,"4,162.50 ",,LA000045526
Department of Health,NHS West Lancashire CCG,11/30/2018,C&M-GMS Prem Water Rates,PRC DELEGATED CO-COMMISSIONING,PARBOLD SURGERY,24910330,526.41 ,,LA000045526
Department of Health,NHS West Lancashire CCG,11/30/2018,C&M-GMS Prof Fees Prescribing,PRC DELEGATED CO-COMMISSIONING,PARBOLD SURGERY,24910330,172.50 ,,LA000045526
Department of Health,NHS West Lancashire CCG,11/30/2018,C&M-GMS QOF Aspiration,PRC DELEGATED CO-COMMISSIONING,PARBOLD SURGERY,24910330,"5,640.90 ",,LA000045526
Department of Health,NHS West Lancashire CCG,11/30/2018,C&M-GMS Cost of Drugs -Prescribing,LOCAL ENHANCED SERVICES,PARKGATE SURGERY ORMSKIRK,24910332,"7,777.79 ",,LA000045528
Department of Health,NHS West Lancashire CCG,11/30/2018,C&M-GMS DES Minor Surgery,PRC DELEGATED CO-COMMISSIONING,PARKGATE SURGERY ORMSKIRK,24910332,"4,081.12 ",,LA000045528
Department of Health,NHS West Lancashire CCG,11/30/2018,C&M-GMS Global Sum,PRC DELEGATED CO-COMMISSIONING,PARKGATE SURGERY ORMSKIRK,24910332,"52,982.71 ",,LA000045528
Department of Health,NHS West Lancashire CCG,11/30/2018,C&M-GMS Prem Notional Rent,PRC DELEGATED CO-COMMISSIONING,PARKGATE SURGERY ORMSKIRK,24910332,"2,062.50 ",,LA000045528
Department of Health,NHS West Lancashire CCG,11/30/2018,C&M-GMS Prof Fees Prescribing,PRC DELEGATED CO-COMMISSIONING,PARKGATE SURGERY ORMSKIRK,24910332,"1,514.88 ",,LA000045528
Department of Health,NHS West Lancashire CCG,11/30/2018,C&M-GMS QOF Aspiration,PRC DELEGATED CO-COMMISSIONING,PARKGATE SURGERY ORMSKIRK,24910332,"6,206.24 ",,LA000045528
Department of Health,NHS West Lancashire CCG,11/30/2018,C&M-GMS Cost of Drugs -Prescribing,LOCAL ENHANCED SERVICES,ORMSKIRK MEDICAL PRACTICE,24910334,"9,995.17 ",,LA000045530
Department of Health,NHS West Lancashire CCG,11/30/2018,C&M-GMS Global Sum,PRC DELEGATED CO-COMMISSIONING,ORMSKIRK MEDICAL PRACTICE,24910334,"67,374.37 ",,LA000045530
Department of Health,NHS West Lancashire CCG,11/30/2018,C&M-GMS Prem Notional Rent,PRC DELEGATED CO-COMMISSIONING,ORMSKIRK MEDICAL PRACTICE,24910334,"2,785.00 ",,LA000045530
Department of Health,NHS West Lancashire CCG,11/30/2018,C&M-GMS Prof Fees Prescribing,PRC DELEGATED CO-COMMISSIONING,ORMSKIRK MEDICAL PRACTICE,24910334,"2,178.10 ",,LA000045530
Department of Health,NHS West Lancashire CCG,11/30/2018,C&M-GMS QOF Aspiration,PRC DELEGATED CO-COMMISSIONING,ORMSKIRK MEDICAL PRACTICE,24910334,"7,132.93 ",,LA000045530
Department of Health,NHS West Lancashire CCG,11/30/2018,C&M-GMS Cost of Drugs -Prescribing,LOCAL ENHANCED SERVICES,STANLEY COURT SURGERY,24910336,"6,021.90 ",,LA000045532
Department of Health,NHS West Lancashire CCG,11/30/2018,C&M-GMS DES Learn Dsblty Hlth Chk,PRC DELEGATED CO-COMMISSIONING,STANLEY COURT SURGERY,24910336,560.00 ,,LA000045532
Department of Health,NHS West Lancashire CCG,11/30/2018,C&M-GMS Global Sum,PRC DELEGATED CO-COMMISSIONING,STANLEY COURT SURGERY,24910336,"41,725.53 ",,LA000045532
Department of Health,NHS West Lancashire CCG,11/30/2018,C&M-GMS Prof Fees Prescribing,PRC DELEGATED CO-COMMISSIONING,STANLEY COURT SURGERY,24910336,892.40 ,,LA000045532
Department of Health,NHS West Lancashire CCG,11/30/2018,C&M-GMS QOF Aspiration,PRC DELEGATED CO-COMMISSIONING,STANLEY COURT SURGERY,24910336,"4,104.58 ",,LA000045532
Department of Health,NHS West Lancashire CCG,11/30/2018,C&M-GMS Cost of Drugs -Prescribing,LOCAL ENHANCED SERVICES,TARLETON GROUP PRACTICE,24910338,"1,581.50 ",,LA000045534
Department of Health,NHS West Lancashire CCG,11/30/2018,C&M-GMS DES Minor Surgery,PRC DELEGATED CO-COMMISSIONING,TARLETON GROUP PRACTICE,24910338,"1,375.16 ",,LA000045534
Department of Health,NHS West Lancashire CCG,11/30/2018,C&M-GMS Global Sum,PRC DELEGATED CO-COMMISSIONING,TARLETON GROUP PRACTICE,24910338,"62,860.27 ",,LA000045534
Department of Health,NHS West Lancashire CCG,11/30/2018,C&M-GMS MPIG Correction Factor,PRC DELEGATED CO-COMMISSIONING,TARLETON GROUP PRACTICE,24910338,124.03 ,,LA000045534
Department of Health,NHS West Lancashire CCG,11/30/2018,C&M-GMS Prof Fees Prescribing,PRC DELEGATED CO-COMMISSIONING,TARLETON GROUP PRACTICE,24910338,243.80 ,,LA000045534
Department of Health,NHS West Lancashire CCG,11/30/2018,C&M-GMS QOF Aspiration,PRC DELEGATED CO-COMMISSIONING,TARLETON GROUP PRACTICE,24910338,"6,751.53 ",,LA000045534
Department of Health,NHS West Lancashire CCG,11/30/2018,C&M-GMS Cost of Drugs -Prescribing,LOCAL ENHANCED SERVICES,SKELMERSDALE FAMILY PRACTICE,24913001,"17,721.58 ",,LA000045538
Department of Health,NHS West Lancashire CCG,11/30/2018,C&M-GMS DES Extended Hours Access,PRC DELEGATED CO-COMMISSIONING,SKELMERSDALE FAMILY PRACTICE,24913001,"2,881.00 ",,LA000045538
Department of Health,NHS West Lancashire CCG,11/30/2018,C&M-GMS Global Sum,PRC DELEGATED CO-COMMISSIONING,SKELMERSDALE FAMILY PRACTICE,24913001,"140,347.27 ",,LA000045538
Department of Health,NHS West Lancashire CCG,11/30/2018,C&M-GMS Prem Notional Rent,PRC DELEGATED CO-COMMISSIONING,SKELMERSDALE FAMILY PRACTICE,24913001,"1,509.17 ",,LA000045538
Department of Health,NHS West Lancashire CCG,11/30/2018,C&M-GMS Prem Rates,PRC DELEGATED CO-COMMISSIONING,SKELMERSDALE FAMILY PRACTICE,24913001,413.00 ,,LA000045538
Department of Health,NHS West Lancashire CCG,11/30/2018,C&M-GMS Prem Water Rates,PRC DELEGATED CO-COMMISSIONING,SKELMERSDALE FAMILY PRACTICE,24913001,104.20 ,,LA000045538
Department of Health,NHS West Lancashire CCG,11/30/2018,C&M-GMS Prof Fees Prescribing,PRC DELEGATED CO-COMMISSIONING,SKELMERSDALE FAMILY PRACTICE,24913001,"3,184.98 ",,LA000045538
Department of Health,NHS West Lancashire CCG,11/30/2018,C&M-GMS QOF Aspiration,PRC DELEGATED CO-COMMISSIONING,SKELMERSDALE FAMILY PRACTICE,24913001,"13,778.18 ",,LA000045538
Department of Health,NHS West Lancashire CCG,11/30/2018,Hlthcre-Foundation Trsts,ACUTE COMMISSIONING,MANCHESTER UNIVERSITY NHS FOUNDATION TRUST,24915561,"30,990.00 ",654415538,0000411313
Department of Health,NHS West Lancashire CCG,11/30/2018,Hcare Srv Rec NHS Trust,ACUTE COMMISSIONING,ROYAL LIVERPOOL AND BROADGREEN UNIVERSITY HOSPITALS NHS TRUST,24915659,"30,109.00 ",654966000,8610089118
Department of Health,NHS West Lancashire CCG,11/30/2018,Hlthcre-Foundation Trsts,ACUTE COMMISSIONING,ALDER HEY CHILDRENS NHS FOUNDATION TRUST,24953681,"31,672.00 ",654938985,9110025832
Department of Health,NHS West Lancashire CCG,11/30/2018,Hlthcre-Foundation Trsts,ACUTE COMMISSIONING,WRIGHTINGTON WIGAN & LEIGH NHS FOUNDATION TRUST,24953722,"671,902.00 ",GB654951509,55578426
Department of Health,NHS West Lancashire CCG,11/30/2018,Hlthcre-Foundation Trsts,ACUTE COMMISSIONING,ALDER HEY CHILDRENS NHS FOUNDATION TRUST,24953733,"(37,825.00)",654938985,1710
Department of Health,NHS West Lancashire CCG,11/30/2018,Hlthcre-Foundation Trsts,ACUTE COMMISSIONING,WRIGHTINGTON WIGAN & LEIGH NHS FOUNDATION TRUST,24953768,"(25,500.00)",GB654951509,55582799
Department of Health,NHS West Lancashire CCG,11/30/2018,Hlthcre-Foundation Trsts,ACUTE COMMISSIONING,AINTREE UNIVERSITY HOSPITALS NHS FOUNDATION TRUST,24953779,"533,878.33 ",654910626,8410041776
Department of Health,NHS West Lancashire CCG,11/30/2018,Hcare Srv Rec NHS Trust,ACUTE COMMISSIONING,SOUTHPORT AND ORMSKIRK HOSPITAL NHS TRUST,24953786,"3,776,942.00 ",654970308,7528842
Department of Health,NHS West Lancashire CCG,11/30/2018,Clinical&Medical-Othe Public Sector,MENTAL HEALTH SERVICES - NOT CONTRACTED ACTIVITY,LANCASHIRE COUNTY COUNCIL,24953801,"267,171.00 ",,5200176293
Department of Health,NHS West Lancashire CCG,11/30/2018,Hlthcre-Foundation Trsts,ACUTE COMMISSIONING,AINTREE UNIVERSITY HOSPITALS NHS FOUNDATION TRUST,24969995,"46,957.00 ",654910626,8410042027
Department of Health,NHS West Lancashire CCG,11/30/2018,Hlthcre-Foundation Trsts,ACUTE COMMISSIONING,AINTREE UNIVERSITY HOSPITALS NHS FOUNDATION TRUST,24969996,"(46,957.00)",654910626,4194
,,,,,,,,,
