Department family,Entity,Date,Expense Type,Expense area,Supplier,Transaction number,AP Amount (�),VAT registration number,Purchase invoice number
Department of Health,NHS West Lancashire CCG,10/31/2018,Computer Network Costs,PRIMARY CARE IT,LANCASHIRE CARE NHS FOUNDATION TRUST,24115482,"27,753.96 ",654923319,I0059349
Department of Health,NHS West Lancashire CCG,10/31/2018,Hlthcre-Foundation Trsts,ACUTE COMMISSIONING,SALFORD ROYAL NHS FOUNDATION TRUST,24136974,"25,210.00 ",654939786,S0019345
Department of Health,NHS West Lancashire CCG,10/31/2018,Hlthcre-Foundation Trsts,ACUTE COMMISSIONING,MANCHESTER UNIVERSITY NHS FOUNDATION TRUST,24136980,"35,634.59 ",654415538,0000412163
Department of Health,NHS West Lancashire CCG,10/31/2018,Clinical&Medical-Independent Sector,ACUTE COMMISSIONING,GUY PILKINGTON MEMORIAL HOME LTD,24153967,"(42,160.00)",,102571
Department of Health,NHS West Lancashire CCG,10/31/2018,Hlthcre-Foundation Trsts,ACUTE COMMISSIONING,LIVERPOOL WOMENS HOSPITAL NHS FOUNDATION TRUST,24153985,"55,567.41 ",654928891,9410020105
Department of Health,NHS West Lancashire CCG,10/31/2018,Clinical&Medical-Independent Sector,ACUTE COMMISSIONING,GUY PILKINGTON MEMORIAL HOME LTD,24154010,"72,435.00 ",,102670
Department of Health,NHS West Lancashire CCG,10/31/2018,Hlthcre-Foundation Trsts,ACUTE COMMISSIONING,ALDER HEY CHILDRENS NHS FOUNDATION TRUST,24154022,"73,231.00 ",654938985,9110027598
Department of Health,NHS West Lancashire CCG,10/31/2018,Hcare Srv Rec NHS Trust,ACUTE COMMISSIONING,ROYAL LIVERPOOL AND BROADGREEN UNIVERSITY HOSPITALS NHS TRUST,24154026,"202,144.00 ",654966000,8610087491
Department of Health,NHS West Lancashire CCG,10/31/2018,Hlthcre-Foundation Trsts,ACUTE COMMISSIONING,LIVERPOOL HEART AND CHEST HOSPITAL NHS TRUST,24154033,"84,259.83 ",654914712,12773939
Department of Health,NHS West Lancashire CCG,10/31/2018,C&M-GMS Practice Transformational Support,LOCAL ENHANCED SERVICES,OUT OF HOURS WEST LANCASHIRE CIC,24154045,"68,390.00 ",,3PERHEADOCT18Y00972
Department of Health,NHS West Lancashire CCG,10/31/2018,Clinical&Medical-Independent Sector,ACUTE COMMISSIONING,RENACRES HOSPITAL,24154055,"287,327.42 ",,WL1018
Department of Health,NHS West Lancashire CCG,10/31/2018,Hcare Srv Rec NHS Trust,ACUTE COMMISSIONING,ST HELENS AND KNOWSLEY HOSPITALS NHS TRUST,24154077,"177,173.00 ",654943996,16778172
Department of Health,NHS West Lancashire CCG,10/31/2018,Other Transport Costs,PATIENT TRANSPORT,NORTH WEST AMBULANCE SERVICE NHS TRUST,24154096,"54,620.00 ",654435138,4110040873
Department of Health,NHS West Lancashire CCG,10/31/2018,Hcare Srv Rec NHS Trust,AMBULANCE SERVICES,NORTH WEST AMBULANCE SERVICE NHS TRUST,24154106,"262,380.00 ",654435138,4110040815
Department of Health,NHS West Lancashire CCG,10/31/2018,Hlthcre-Foundation Trsts,ACUTE COMMISSIONING,LANCASHIRE TEACHING HOSPITALS NHS FOUNDATION TRUST,24154113,"190,661.00 ",,15319001
Department of Health,NHS West Lancashire CCG,10/31/2018,Clinical&Medical-Commercial Sector,COMMUNITY SERVICES,VIRGIN CARE SERVICES LTD,24154154,"698,790.97 ",GB918510332,10380003028
Department of Health,NHS West Lancashire CCG,10/31/2018,Clinical&Medical-Commercial Sector,URGENT CARE,VIRGIN CARE SERVICES LTD,24154159,"301,568.22 ",GB918510332,10380003029
Department of Health,NHS West Lancashire CCG,10/31/2018,Hlthcre-Foundation Trsts,ACUTE COMMISSIONING,WRIGHTINGTON WIGAN & LEIGH NHS FOUNDATION TRUST,24154170,"796,603.00 ",GB654951509,55581841
Department of Health,NHS West Lancashire CCG,10/31/2018,Cont Care-Physical Disab (65+),CHC AD FULL FUND PERS HLTH BUD,SALVERE SOCIAL ENTERPRISE CIC,24228127,"26,696.56 ",,PHB036
Department of Health,NHS West Lancashire CCG,10/31/2018,Income tax <1Yr,BALANCE SHEET,HMRC,24276007,"26,952.40 ",,475PX004406621906
Department of Health,NHS West Lancashire CCG,10/31/2018,Income tax <1Yr-Student Loans,BALANCE SHEET,HMRC,24276007,721.00 ,,475PX004406621906
Department of Health,NHS West Lancashire CCG,10/31/2018,National Insurance < 1 yr-NI- ERS,BALANCE SHEET,HMRC,24276007,"17,765.57 ",,475PX004406621906
Department of Health,NHS West Lancashire CCG,10/31/2018,National Insurance < 1 yr-NI-EES,BALANCE SHEET,HMRC,24276007,"12,190.99 ",,475PX004406621906
Department of Health,NHS West Lancashire CCG,10/31/2018,Charges from CSU,CONTINUING HEALTHCARE ASSESSMENT & SUPPORT,NHS MIDLANDS AND LANCASHIRE CSU,24276428,"25,588.00 ",GB 654442045,7312311453
Department of Health,NHS West Lancashire CCG,10/31/2018,Charges from CSU,CORPORATE COSTS & SERVICES,NHS MIDLANDS AND LANCASHIRE CSU,24276428,"47,826.44 ",GB 654442045,7312311453
Department of Health,NHS West Lancashire CCG,10/31/2018,Charges from CSU,MEDICINES MANAGEMENT - CLINICAL,NHS MIDLANDS AND LANCASHIRE CSU,24276428,"4,046.50 ",GB 654442045,7312311453
Department of Health,NHS West Lancashire CCG,10/31/2018,Charges from CSU,PRIMARY CARE IT,NHS MIDLANDS AND LANCASHIRE CSU,24276428,"24,070.83 ",GB 654442045,7312311453
Department of Health,NHS West Lancashire CCG,10/31/2018,Charges from CSU,PROGRAMME PROJECTS,NHS MIDLANDS AND LANCASHIRE CSU,24276428,"3,865.92 ",GB 654442045,7312311453
Department of Health,NHS West Lancashire CCG,10/31/2018,Clinical&Medical-Othe Public Sector,LEARNING DIFFICULTIES,LANCASHIRE COUNTY COUNCIL,24284519,"267,171.00 ",,5200171844
Department of Health,NHS West Lancashire CCG,10/31/2018,Clinical&Medical-Independent Sector,MENTAL HEALTH SERVICES - NOT CONTRACTED ACTIVITY,ELYSIUM HEALTHCARE LTD,24352549,"41,333.54 ",GB257732580,FDH00005
Department of Health,NHS West Lancashire CCG,10/31/2018,Clinical&Medical-Independent Sector,MENTAL HEALTH SERVICES - NOT CONTRACTED ACTIVITY,ELYSIUM HEALTHCARE LTD,24352557,"40,000.20 ",GB257732580,FDH00003
Department of Health,NHS West Lancashire CCG,10/31/2018,Clinical&Medical-Independent Sector,ACUTE COMMISSIONING,EUXTON HALL HOSPITAL,24352565,"53,289.86 ",,WLOCT18
Department of Health,NHS West Lancashire CCG,10/31/2018,Hcare Srv Rec NHS Trust,ACUTE COMMISSIONING,ROYAL LIVERPOOL AND BROADGREEN UNIVERSITY HOSPITALS NHS TRUST,24352566,"65,251.00 ",654966000,8610086883
Department of Health,NHS West Lancashire CCG,10/31/2018,Clinical&Medical-Drugs,COMMUNITY SERVICES,SOUTHPORT AND ORMSKIRK HOSPITAL NHS TRUST,24352591,"76,911.23 ",654970308,7528057
Department of Health,NHS West Lancashire CCG,10/31/2018,Cont Care-Physical Disab (<65),CHC AD FULL FUND PERS HLTH BUD,YOUR LIFE YOUR WAY,24352597,"39,951.92 ",,171118
Department of Health,NHS West Lancashire CCG,10/31/2018,Hlthcre-Foundation Trsts,ACUTE COMMISSIONING,WALTON CENTRE NHS FOUNDATION TRUST,24352679,"58,137.49 ",,N0020285
Department of Health,NHS West Lancashire CCG,10/31/2018,Clinical&Medical-Independent Sector,MENTAL HEALTH SERVICES - NOT CONTRACTED ACTIVITY,ELYSIUM HEALTHCARE LTD,24352682,"(35,482.06)",GB257732580,FDH60005
Department of Health,NHS West Lancashire CCG,10/31/2018,Hlthcre-Foundation Trsts,MENTAL HEALTH CONTRACTS,LANCASHIRE CARE NHS FOUNDATION TRUST,24352705,"881,834.00 ",654923319,I0060999
Department of Health,NHS West Lancashire CCG,10/31/2018,Hlthcre-Foundation Trsts,COMMUNITY SERVICES,LANCASHIRE CARE NHS FOUNDATION TRUST,24352719,"136,851.00 ",654923319,I0061005
Department of Health,NHS West Lancashire CCG,10/31/2018,Clinical&Medical-Independent Sector,COMMUNITY SERVICES,MEDEQUIP ASSISTIVE TECHNOLOGY LTD,24352723,"43,659.89 ",218788662,42883
Department of Health,NHS West Lancashire CCG,10/31/2018,Clinical&Medical-Othe Public Sector,COMMUNITY SERVICES,LANCASHIRE COUNTY COUNCIL,24359548,"640,927.95 ",,5200172516
Department of Health,NHS West Lancashire CCG,10/31/2018,Hcare Srv Rec NHS Trust,ACUTE COMMISSIONING,SOUTHPORT AND ORMSKIRK HOSPITAL NHS TRUST,24359549,"3,776,942.00 ",654970308,7528126
Department of Health,NHS West Lancashire CCG,10/31/2018,Hlthcre-Foundation Trsts,MENTAL HEALTH CONTRACTS,LANCASHIRE CARE NHS FOUNDATION TRUST,24380265,"25,965.00 ",654923319,I0060579
Department of Health,NHS West Lancashire CCG,10/31/2018,Hlthcre-Foundation Trsts,ACUTE COMMISSIONING,LANCASHIRE TEACHING HOSPITALS NHS FOUNDATION TRUST,24380306,"(27,978.56)",,15319255
Department of Health,NHS West Lancashire CCG,10/31/2018,Clinical&Medical-Independent Sector,PRIMARY CARE INVESTMENTS,OUT OF HOURS WEST LANCASHIRE CIC,24380325,"34,825.66 ",,INV0082
Department of Health,NHS West Lancashire CCG,10/31/2018,Hcare Srv Rec NHS Trust,ACUTE COMMISSIONING,EAST LANCASHIRE HOSPITALS NHS TRUST,24380429,"(53,016.28)",654913225,K0011058
Department of Health,NHS West Lancashire CCG,10/31/2018,Clinical&Medical-Othe Public Sector,MENTAL HEALTH SERVICES - ADULTS,LANCASHIRE COUNTY COUNCIL,24437398,"25,000.78 ",,5200161468
Department of Health,NHS West Lancashire CCG,10/31/2018,C&M-GMS Cost of Drugs -Prescribing,LOCAL ENHANCED SERVICES,ASHURST PRIMARY CARE,24454412,671.57 ,,LA000044957
Department of Health,NHS West Lancashire CCG,10/31/2018,C&M-GMS DES Extended Hours Access,PRC DELEGATED CO-COMMISSIONING,ASHURST PRIMARY CARE,24454412,809.00 ,,LA000044957
Department of Health,NHS West Lancashire CCG,10/31/2018,C&M-GMS DES Minor Surgery,PRC DELEGATED CO-COMMISSIONING,ASHURST PRIMARY CARE,24454412,"1,907.48 ",,LA000044957
Department of Health,NHS West Lancashire CCG,10/31/2018,C&M-GMS Global Sum,PRC DELEGATED CO-COMMISSIONING,ASHURST PRIMARY CARE,24454412,"39,449.25 ",,LA000044957
Department of Health,NHS West Lancashire CCG,10/31/2018,C&M-GMS Prem Healthcentre Rates,PRC DELEGATED CO-COMMISSIONING,ASHURST PRIMARY CARE,24454412,"1,546.77 ",,LA000044957
Department of Health,NHS West Lancashire CCG,10/31/2018,C&M-GMS Prem Healthcentre Rent,PRC DELEGATED CO-COMMISSIONING,ASHURST PRIMARY CARE,24454412,"6,468.00 ",,LA000044957
Department of Health,NHS West Lancashire CCG,10/31/2018,C&M-GMS Prof Fees Prescribing,PRC DELEGATED CO-COMMISSIONING,ASHURST PRIMARY CARE,24454412,82.80 ,,LA000044957
Department of Health,NHS West Lancashire CCG,10/31/2018,C&M-GMS QOF Aspiration,PRC DELEGATED CO-COMMISSIONING,ASHURST PRIMARY CARE,24454412,"3,633.07 ",,LA000044957
Department of Health,NHS West Lancashire CCG,10/31/2018,C&M-GMS Cost of Drugs -Prescribing,LOCAL ENHANCED SERVICES,AUGHTON SURGERY,24454414,374.34 ,,LA000044959
Department of Health,NHS West Lancashire CCG,10/31/2018,C&M-GMS DES Extended Hours Access,PRC DELEGATED CO-COMMISSIONING,AUGHTON SURGERY,24454414,943.00 ,,LA000044959
Department of Health,NHS West Lancashire CCG,10/31/2018,C&M-GMS Global Sum,PRC DELEGATED CO-COMMISSIONING,AUGHTON SURGERY,24454414,"46,308.50 ",,LA000044959
Department of Health,NHS West Lancashire CCG,10/31/2018,C&M-GMS PCO Other,PRC DELEGATED CO-COMMISSIONING,AUGHTON SURGERY,24454414,433.85 ,,LA000044959
Department of Health,NHS West Lancashire CCG,10/31/2018,C&M-GMS Prem Notional Rent,PRC DELEGATED CO-COMMISSIONING,AUGHTON SURGERY,24454414,"2,625.00 ",,LA000044959
Department of Health,NHS West Lancashire CCG,10/31/2018,C&M-GMS Prof Fees Prescribing,PRC DELEGATED CO-COMMISSIONING,AUGHTON SURGERY,24454414,96.60 ,,LA000044959
Department of Health,NHS West Lancashire CCG,10/31/2018,C&M-GMS QOF Aspiration,PRC DELEGATED CO-COMMISSIONING,AUGHTON SURGERY,24454414,"4,474.01 ",,LA000044959
Department of Health,NHS West Lancashire CCG,10/31/2018,C&M-GMS DES Minor Surgery,PRC DELEGATED CO-COMMISSIONING,BURSCOUGH FAMILY PRACTICE,24454416,576.68 ,,LA000044961
Department of Health,NHS West Lancashire CCG,10/31/2018,C&M-GMS Global Sum,PRC DELEGATED CO-COMMISSIONING,BURSCOUGH FAMILY PRACTICE,24454416,"23,663.40 ",,LA000044961
Department of Health,NHS West Lancashire CCG,10/31/2018,C&M-GMS Prem Healthcentre Rates,PRC DELEGATED CO-COMMISSIONING,BURSCOUGH FAMILY PRACTICE,24454416,687.89 ,,LA000044961
Department of Health,NHS West Lancashire CCG,10/31/2018,C&M-GMS Prem Healthcentre Rent,PRC DELEGATED CO-COMMISSIONING,BURSCOUGH FAMILY PRACTICE,24454416,"3,226.14 ",,LA000044961
Department of Health,NHS West Lancashire CCG,10/31/2018,C&M-GMS QOF Aspiration,PRC DELEGATED CO-COMMISSIONING,BURSCOUGH FAMILY PRACTICE,24454416,"2,421.27 ",,LA000044961
Department of Health,NHS West Lancashire CCG,10/31/2018,C&M-GMS Cost of Drugs -Prescribing,LOCAL ENHANCED SERVICES,DR S BISWAS & PARTNERS,24454419,"3,069.80 ",,LA000044965
Department of Health,NHS West Lancashire CCG,10/31/2018,C&M-GMS DES Extended Hours Access,PRC DELEGATED CO-COMMISSIONING,DR S BISWAS & PARTNERS,24454419,"2,582.00 ",,LA000044965
Department of Health,NHS West Lancashire CCG,10/31/2018,C&M-GMS Global Sum,PRC DELEGATED CO-COMMISSIONING,DR S BISWAS & PARTNERS,24454419,"132,820.25 ",,LA000044965
Department of Health,NHS West Lancashire CCG,10/31/2018,C&M-GMS Prem Healthcentre Rates,PRC DELEGATED CO-COMMISSIONING,DR S BISWAS & PARTNERS,24454419,"1,469.54 ",,LA000044965
Department of Health,NHS West Lancashire CCG,10/31/2018,C&M-GMS Prem Healthcentre Rent,PRC DELEGATED CO-COMMISSIONING,DR S BISWAS & PARTNERS,24454419,"10,808.70 ",,LA000044965
Department of Health,NHS West Lancashire CCG,10/31/2018,C&M-GMS Prem Notional Rent,PRC DELEGATED CO-COMMISSIONING,DR S BISWAS & PARTNERS,24454419,"3,331.25 ",,LA000044965
Department of Health,NHS West Lancashire CCG,10/31/2018,C&M-GMS Prem Rates,PRC DELEGATED CO-COMMISSIONING,DR S BISWAS & PARTNERS,24454419,"1,433.00 ",,LA000044965
Department of Health,NHS West Lancashire CCG,10/31/2018,C&M-GMS Prof Fees Prescribing,PRC DELEGATED CO-COMMISSIONING,DR S BISWAS & PARTNERS,24454419,193.20 ,,LA000044965
Department of Health,NHS West Lancashire CCG,10/31/2018,C&M-GMS QOF Aspiration,PRC DELEGATED CO-COMMISSIONING,DR S BISWAS & PARTNERS,24454419,"14,237.45 ",,LA000044965
Department of Health,NHS West Lancashire CCG,10/31/2018,C&M-GMS Cost of Drugs -Prescribing,LOCAL ENHANCED SERVICES,ELMS,24454421,"2,224.04 ",,LA000044967
Department of Health,NHS West Lancashire CCG,10/31/2018,C&M-GMS DES Learn Dsblty Hlth Chk,PRC DELEGATED CO-COMMISSIONING,ELMS,24454421,700.00 ,,LA000044967
Department of Health,NHS West Lancashire CCG,10/31/2018,C&M-GMS DES Minor Surgery,PRC DELEGATED CO-COMMISSIONING,ELMS,24454421,"1,863.12 ",,LA000044967
Department of Health,NHS West Lancashire CCG,10/31/2018,C&M-GMS Global Sum,PRC DELEGATED CO-COMMISSIONING,ELMS,24454421,"41,752.13 ",,LA000044967
Department of Health,NHS West Lancashire CCG,10/31/2018,C&M-GMS PCO Other,PRC DELEGATED CO-COMMISSIONING,ELMS,24454421,417.51 ,,LA000044967
Department of Health,NHS West Lancashire CCG,10/31/2018,C&M-GMS Prem Notional Rent,PRC DELEGATED CO-COMMISSIONING,ELMS,24454421,"1,916.67 ",,LA000044967
Department of Health,NHS West Lancashire CCG,10/31/2018,C&M-GMS Prem Rates,PRC DELEGATED CO-COMMISSIONING,ELMS,24454421,610.00 ,,LA000044967
Department of Health,NHS West Lancashire CCG,10/31/2018,C&M-GMS Prof Fees Prescribing,PRC DELEGATED CO-COMMISSIONING,ELMS,24454421,161.00 ,,LA000044967
Department of Health,NHS West Lancashire CCG,10/31/2018,C&M-GMS QOF Aspiration,PRC DELEGATED CO-COMMISSIONING,ELMS,24454421,"4,681.51 ",,LA000044967
Department of Health,NHS West Lancashire CCG,10/31/2018,C&M-GMS Cost of Drugs -Prescribing,LOCAL ENHANCED SERVICES,HALL GREEN SURGERY,24454423,"1,279.06 ",,LA000044969
Department of Health,NHS West Lancashire CCG,10/31/2018,C&M-GMS DES Minor Surgery,PRC DELEGATED CO-COMMISSIONING,HALL GREEN SURGERY,24454423,"1,596.96 ",,LA000044969
Department of Health,NHS West Lancashire CCG,10/31/2018,C&M-GMS Global Sum,PRC DELEGATED CO-COMMISSIONING,HALL GREEN SURGERY,24454423,"63,594.95 ",,LA000044969
Department of Health,NHS West Lancashire CCG,10/31/2018,C&M-GMS Prem Notional Rent,PRC DELEGATED CO-COMMISSIONING,HALL GREEN SURGERY,24454423,"2,856.25 ",,LA000044969
Department of Health,NHS West Lancashire CCG,10/31/2018,C&M-GMS Prem Rates,PRC DELEGATED CO-COMMISSIONING,HALL GREEN SURGERY,24454423,552.00 ,,LA000044969
Department of Health,NHS West Lancashire CCG,10/31/2018,C&M-GMS Prof Fees Prescribing,PRC DELEGATED CO-COMMISSIONING,HALL GREEN SURGERY,24454423,85.10 ,,LA000044969
Department of Health,NHS West Lancashire CCG,10/31/2018,C&M-GMS QOF Aspiration,PRC DELEGATED CO-COMMISSIONING,HALL GREEN SURGERY,24454423,"6,329.11 ",,LA000044969
Department of Health,NHS West Lancashire CCG,10/31/2018,C&M-GMS Cost of Drugs -Prescribing,LOCAL ENHANCED SERVICES,LATHOM HOUSE SURGERY,24454425,782.15 ,,LA000044971
Department of Health,NHS West Lancashire CCG,10/31/2018,C&M-GMS DES Minor Surgery,PRC DELEGATED CO-COMMISSIONING,LATHOM HOUSE SURGERY,24454425,"1,109.00 ",,LA000044971
Department of Health,NHS West Lancashire CCG,10/31/2018,C&M-GMS Global Sum,PRC DELEGATED CO-COMMISSIONING,LATHOM HOUSE SURGERY,24454425,"35,247.53 ",,LA000044971
Department of Health,NHS West Lancashire CCG,10/31/2018,C&M-GMS Prem Cost Rent,PRC DELEGATED CO-COMMISSIONING,LATHOM HOUSE SURGERY,24454425,"2,082.25 ",,LA000044971
Department of Health,NHS West Lancashire CCG,10/31/2018,C&M-GMS Prem Rates,PRC DELEGATED CO-COMMISSIONING,LATHOM HOUSE SURGERY,24454425,392.00 ,,LA000044971
Department of Health,NHS West Lancashire CCG,10/31/2018,C&M-GMS Prof Fees Prescribing,PRC DELEGATED CO-COMMISSIONING,LATHOM HOUSE SURGERY,24454425,112.70 ,,LA000044971
Department of Health,NHS West Lancashire CCG,10/31/2018,C&M-GMS QOF Aspiration,PRC DELEGATED CO-COMMISSIONING,LATHOM HOUSE SURGERY,24454425,"3,799.19 ",,LA000044971
Department of Health,NHS West Lancashire CCG,10/31/2018,C&M-GMS Cost of Drugs -Prescribing,LOCAL ENHANCED SERVICES,MANOR PRIMARY CARE,24454427,315.54 ,,LA000044973
Department of Health,NHS West Lancashire CCG,10/31/2018,C&M-GMS Global Sum,PRC DELEGATED CO-COMMISSIONING,MANOR PRIMARY CARE,24454427,"43,148.43 ",,LA000044973
Department of Health,NHS West Lancashire CCG,10/31/2018,C&M-GMS MPIG Correction Factor,PRC DELEGATED CO-COMMISSIONING,MANOR PRIMARY CARE,24454427,270.40 ,,LA000044973
Department of Health,NHS West Lancashire CCG,10/31/2018,C&M-GMS Prem Healthcentre Rates,PRC DELEGATED CO-COMMISSIONING,MANOR PRIMARY CARE,24454427,903.21 ,,LA000044973
Department of Health,NHS West Lancashire CCG,10/31/2018,C&M-GMS Prem Healthcentre Rent,PRC DELEGATED CO-COMMISSIONING,MANOR PRIMARY CARE,24454427,"6,228.00 ",,LA000044973
Department of Health,NHS West Lancashire CCG,10/31/2018,C&M-GMS Prof Fees Prescribing,PRC DELEGATED CO-COMMISSIONING,MANOR PRIMARY CARE,24454427,110.40 ,,LA000044973
Department of Health,NHS West Lancashire CCG,10/31/2018,C&M-GMS QOF Aspiration,PRC DELEGATED CO-COMMISSIONING,MANOR PRIMARY CARE,24454427,"3,863.87 ",,LA000044973
Department of Health,NHS West Lancashire CCG,10/31/2018,C&M-GMS Cost of Drugs -Prescribing,LOCAL ENHANCED SERVICES,PARBOLD SURGERY,24454429,"3,850.68 ",,LA000044975
Department of Health,NHS West Lancashire CCG,10/31/2018,C&M-GMS DES Minor Surgery,PRC DELEGATED CO-COMMISSIONING,PARBOLD SURGERY,24454429,"3,060.84 ",,LA000044975
Department of Health,NHS West Lancashire CCG,10/31/2018,C&M-GMS Global Sum,PRC DELEGATED CO-COMMISSIONING,PARBOLD SURGERY,24454429,"55,680.40 ",,LA000044975
Department of Health,NHS West Lancashire CCG,10/31/2018,C&M-GMS MPIG Correction Factor,PRC DELEGATED CO-COMMISSIONING,PARBOLD SURGERY,24454429,58.78 ,,LA000044975
Department of Health,NHS West Lancashire CCG,10/31/2018,C&M-GMS Other Addtl Staff Paymts,PRC DELEGATED CO-COMMISSIONING,PARBOLD SURGERY,24454429,62.00 ,,LA000044975
Department of Health,NHS West Lancashire CCG,10/31/2018,C&M-GMS Prem Notional Rent,PRC DELEGATED CO-COMMISSIONING,PARBOLD SURGERY,24454429,"4,162.50 ",,LA000044975
Department of Health,NHS West Lancashire CCG,10/31/2018,C&M-GMS Prof Fees Prescribing,PRC DELEGATED CO-COMMISSIONING,PARBOLD SURGERY,24454429,248.40 ,,LA000044975
Department of Health,NHS West Lancashire CCG,10/31/2018,C&M-GMS QOF Aspiration,PRC DELEGATED CO-COMMISSIONING,PARBOLD SURGERY,24454429,"5,640.90 ",,LA000044975
Department of Health,NHS West Lancashire CCG,10/31/2018,C&M-GMS Cost of Drugs -Prescribing,LOCAL ENHANCED SERVICES,PARKGATE SURGERY ORMSKIRK,24454431,"1,769.69 ",,LA000044977
Department of Health,NHS West Lancashire CCG,10/31/2018,C&M-GMS DES Learn Dsblty Hlth Chk,PRC DELEGATED CO-COMMISSIONING,PARKGATE SURGERY ORMSKIRK,24454431,560.00 ,,LA000044977
Department of Health,NHS West Lancashire CCG,10/31/2018,C&M-GMS Global Sum,PRC DELEGATED CO-COMMISSIONING,PARKGATE SURGERY ORMSKIRK,24454431,"56,664.98 ",,LA000044977
Department of Health,NHS West Lancashire CCG,10/31/2018,C&M-GMS Prem Notional Rent,PRC DELEGATED CO-COMMISSIONING,PARKGATE SURGERY ORMSKIRK,24454431,"2,062.50 ",,LA000044977
Department of Health,NHS West Lancashire CCG,10/31/2018,C&M-GMS Prof Fees Prescribing,PRC DELEGATED CO-COMMISSIONING,PARKGATE SURGERY ORMSKIRK,24454431,124.20 ,,LA000044977
Department of Health,NHS West Lancashire CCG,10/31/2018,C&M-GMS QOF Aspiration,PRC DELEGATED CO-COMMISSIONING,PARKGATE SURGERY ORMSKIRK,24454431,"6,206.24 ",,LA000044977
Department of Health,NHS West Lancashire CCG,10/31/2018,C&M-GMS Cost of Drugs -Prescribing,LOCAL ENHANCED SERVICES,STANLEY COURT SURGERY,24454434,885.00 ,,LA000044981
Department of Health,NHS West Lancashire CCG,10/31/2018,C&M-GMS DES Minor Surgery,PRC DELEGATED CO-COMMISSIONING,STANLEY COURT SURGERY,24454434,"3,105.20 ",,LA000044981
Department of Health,NHS West Lancashire CCG,10/31/2018,C&M-GMS Global Sum,PRC DELEGATED CO-COMMISSIONING,STANLEY COURT SURGERY,24454434,"44,629.10 ",,LA000044981
Department of Health,NHS West Lancashire CCG,10/31/2018,C&M-GMS Prem Healthcentre Rates,PRC DELEGATED CO-COMMISSIONING,STANLEY COURT SURGERY,24454434,"1,210.69 ",,LA000044981
Department of Health,NHS West Lancashire CCG,10/31/2018,C&M-GMS Prem Healthcentre Rent,PRC DELEGATED CO-COMMISSIONING,STANLEY COURT SURGERY,24454434,"5,677.54 ",,LA000044981
Department of Health,NHS West Lancashire CCG,10/31/2018,C&M-GMS Prof Fees Prescribing,PRC DELEGATED CO-COMMISSIONING,STANLEY COURT SURGERY,24454434,89.70 ,,LA000044981
Department of Health,NHS West Lancashire CCG,10/31/2018,C&M-GMS QOF Aspiration,PRC DELEGATED CO-COMMISSIONING,STANLEY COURT SURGERY,24454434,"4,104.58 ",,LA000044981
Department of Health,NHS West Lancashire CCG,10/31/2018,C&M-GMS Cost of Drugs -Prescribing,LOCAL ENHANCED SERVICES,TARLETON GROUP PRACTICE,24454436,"2,642.69 ",,LA000044983
Department of Health,NHS West Lancashire CCG,10/31/2018,C&M-GMS Global Sum,PRC DELEGATED CO-COMMISSIONING,TARLETON GROUP PRACTICE,24454436,"67,182.66 ",,LA000044983
Department of Health,NHS West Lancashire CCG,10/31/2018,C&M-GMS MPIG Correction Factor,PRC DELEGATED CO-COMMISSIONING,TARLETON GROUP PRACTICE,24454436,124.03 ,,LA000044983
Department of Health,NHS West Lancashire CCG,10/31/2018,C&M-GMS Prem Healthcentre Rates,PRC DELEGATED CO-COMMISSIONING,TARLETON GROUP PRACTICE,24454436,"2,016.57 ",,LA000044983
Department of Health,NHS West Lancashire CCG,10/31/2018,C&M-GMS Prem Healthcentre Rent,PRC DELEGATED CO-COMMISSIONING,TARLETON GROUP PRACTICE,24454436,"8,796.70 ",,LA000044983
Department of Health,NHS West Lancashire CCG,10/31/2018,C&M-GMS Prof Fees Prescribing,PRC DELEGATED CO-COMMISSIONING,TARLETON GROUP PRACTICE,24454436,138.00 ,,LA000044983
Department of Health,NHS West Lancashire CCG,10/31/2018,C&M-GMS QOF Aspiration,PRC DELEGATED CO-COMMISSIONING,TARLETON GROUP PRACTICE,24454436,"6,751.53 ",,LA000044983
Department of Health,NHS West Lancashire CCG,10/31/2018,ME-GMS GP Pension EEs Adjustments,PRC DELEGATED CO-COMMISSIONING,TARLETON GROUP PRACTICE,24454436,154.23 ,,LA000044983
Department of Health,NHS West Lancashire CCG,10/31/2018,ME-GMS GP Pension ERs Adjustments,PRC DELEGATED CO-COMMISSIONING,TARLETON GROUP PRACTICE,24454436,164.29 ,,LA000044983
Department of Health,NHS West Lancashire CCG,10/31/2018,C&M-GMS DES Extended Hours Access,PRC DELEGATED CO-COMMISSIONING,DR A K BISARYA & PARTNERS,24458174,392.00 ,,LA000044985
Department of Health,NHS West Lancashire CCG,10/31/2018,C&M-GMS Global Sum,PRC DELEGATED CO-COMMISSIONING,DR A K BISARYA & PARTNERS,24458174,"21,697.62 ",,LA000044985
Department of Health,NHS West Lancashire CCG,10/31/2018,C&M-GMS Prem Healthcentre Rates,PRC DELEGATED CO-COMMISSIONING,DR A K BISARYA & PARTNERS,24458174,503.35 ,,LA000044985
Department of Health,NHS West Lancashire CCG,10/31/2018,C&M-GMS Prem Healthcentre Rent,PRC DELEGATED CO-COMMISSIONING,DR A K BISARYA & PARTNERS,24458174,"3,892.66 ",,LA000044985
Department of Health,NHS West Lancashire CCG,10/31/2018,C&M-GMS QOF Aspiration,PRC DELEGATED CO-COMMISSIONING,DR A K BISARYA & PARTNERS,24458174,"2,310.31 ",,LA000044985
Department of Health,NHS West Lancashire CCG,10/31/2018,C&M-GMS Cost of Drugs -Prescribing,LOCAL ENHANCED SERVICES,ORMSKIRK MEDICAL PRACTICE,24474055,"1,771.93 ",,LA000044979
Department of Health,NHS West Lancashire CCG,10/31/2018,C&M-GMS Global Sum,PRC DELEGATED CO-COMMISSIONING,ORMSKIRK MEDICAL PRACTICE,24474055,"72,098.25 ",,LA000044979
Department of Health,NHS West Lancashire CCG,10/31/2018,C&M-GMS Prem Notional Rent,PRC DELEGATED CO-COMMISSIONING,ORMSKIRK MEDICAL PRACTICE,24474055,"2,785.00 ",,LA000044979
Department of Health,NHS West Lancashire CCG,10/31/2018,C&M-GMS Prof Fees Prescribing,PRC DELEGATED CO-COMMISSIONING,ORMSKIRK MEDICAL PRACTICE,24474055,255.30 ,,LA000044979
Department of Health,NHS West Lancashire CCG,10/31/2018,C&M-GMS QOF Aspiration,PRC DELEGATED CO-COMMISSIONING,ORMSKIRK MEDICAL PRACTICE,24474055,"7,132.93 ",,LA000044979
Department of Health,NHS West Lancashire CCG,10/31/2018,ME-GMS GP Pension EEs Adjustments,PRC DELEGATED CO-COMMISSIONING,ORMSKIRK MEDICAL PRACTICE,24474055,"4,712.49 ",,LA000044979
Department of Health,NHS West Lancashire CCG,10/31/2018,ME-GMS GP Pension ERs Adjustments,PRC DELEGATED CO-COMMISSIONING,ORMSKIRK MEDICAL PRACTICE,24474055,"4,673.49 ",,LA000044979
Department of Health,NHS West Lancashire CCG,10/31/2018,C&M-GMS Cost of Drugs -Prescribing,LOCAL ENHANCED SERVICES,SKELMERSDALE FAMILY PRACTICE,24474056,"2,029.03 ",,LA000044987
Department of Health,NHS West Lancashire CCG,10/31/2018,C&M-GMS DES Extended Hours Access,PRC DELEGATED CO-COMMISSIONING,SKELMERSDALE FAMILY PRACTICE,24474056,"2,881.00 ",,LA000044987
Department of Health,NHS West Lancashire CCG,10/31/2018,C&M-GMS DES Minor Surgery,PRC DELEGATED CO-COMMISSIONING,SKELMERSDALE FAMILY PRACTICE,24474056,"5,899.88 ",,LA000044987
Department of Health,NHS West Lancashire CCG,10/31/2018,C&M-GMS Global Sum,PRC DELEGATED CO-COMMISSIONING,SKELMERSDALE FAMILY PRACTICE,24474056,"150,173.25 ",,LA000044987
Department of Health,NHS West Lancashire CCG,10/31/2018,C&M-GMS PCO Locum Adop/Pat/Mat,PRC DELEGATED CO-COMMISSIONING,SKELMERSDALE FAMILY PRACTICE,24474056,"2,286.12 ",,LA000044987
Department of Health,NHS West Lancashire CCG,10/31/2018,C&M-GMS Prem Healthcentre Rates,PRC DELEGATED CO-COMMISSIONING,SKELMERSDALE FAMILY PRACTICE,24474056,"3,116.05 ",,LA000044987
Department of Health,NHS West Lancashire CCG,10/31/2018,C&M-GMS Prem Healthcentre Rent,PRC DELEGATED CO-COMMISSIONING,SKELMERSDALE FAMILY PRACTICE,24474056,"17,696.95 ",,LA000044987
Department of Health,NHS West Lancashire CCG,10/31/2018,C&M-GMS Prem Notional Rent,PRC DELEGATED CO-COMMISSIONING,SKELMERSDALE FAMILY PRACTICE,24474056,"1,509.17 ",,LA000044987
Department of Health,NHS West Lancashire CCG,10/31/2018,C&M-GMS Prem Rates,PRC DELEGATED CO-COMMISSIONING,SKELMERSDALE FAMILY PRACTICE,24474056,413.00 ,,LA000044987
Department of Health,NHS West Lancashire CCG,10/31/2018,C&M-GMS Prem Water Rates,PRC DELEGATED CO-COMMISSIONING,SKELMERSDALE FAMILY PRACTICE,24474056,340.06 ,,LA000044987
Department of Health,NHS West Lancashire CCG,10/31/2018,C&M-GMS Prof Fees Prescribing,PRC DELEGATED CO-COMMISSIONING,SKELMERSDALE FAMILY PRACTICE,24474056,179.40 ,,LA000044987
Department of Health,NHS West Lancashire CCG,10/31/2018,C&M-GMS QOF Aspiration,PRC DELEGATED CO-COMMISSIONING,SKELMERSDALE FAMILY PRACTICE,24474056,"13,778.18 ",,LA000044987
Department of Health,NHS West Lancashire CCG,10/31/2018,Cont Care-Physical Disab (<65),CHC AD FULL FUND PERS HLTH BUD,YOUR LIFE YOUR WAY,24523844,"68,180.28 ",,650621
Department of Health,NHS West Lancashire CCG,10/31/2018,Hcare Srv Rec NHS Trust,ACUTE COMMISSIONING,SOUTHPORT AND ORMSKIRK HOSPITAL NHS TRUST,24523855,"3,776,942.00 ",654970308,7528447
Department of Health,NHS West Lancashire CCG,10/31/2018,Hcare Srv Rec NHS Trust,ACUTE COMMISSIONING,SOUTHPORT AND ORMSKIRK HOSPITAL NHS TRUST,24523858,"200,508.00 ",654970308,7528570
Department of Health,NHS West Lancashire CCG,10/31/2018,Hlthcre-Foundation Trsts,ACUTE COMMISSIONING,WRIGHTINGTON WIGAN & LEIGH NHS FOUNDATION TRUST,24523907,"314,191.00 ",GB654951509,55582287
Department of Health,NHS West Lancashire CCG,10/31/2018,Clinical&Medical-Othe Public Sector,COMMUNITY SERVICES,LANCASHIRE COUNTY COUNCIL,24525333,"640,927.95 ",,5200174584
,,,,,,,,,
