A3131 - Expenditure Over Threshold,,,,,,,,
Department family,Entity,Date,Expense Type,Expense area,Supplier,Transaction number,AP Amount (�),VAT registration number
Department of Health,NHS Nottingham West CCG,6/30/2018,ME-GMS GP Pension ERs Adjustments,PRC DELEGATED CO-COMMISSIONING,ABBEY MEDICAL CENTRE,22680160,"(26,976.74)",
Department of Health,NHS Nottingham West CCG,6/30/2018,C&M-GMS QOF Aspiration,PRC DELEGATED CO-COMMISSIONING,ABBEY MEDICAL CENTRE,22697967,"72,506.54 ",
Department of Health,NHS Nottingham West CCG,6/30/2018,Clinical&Medical-Independent Sector,PATIENT TRANSPORT,ARRIVA TRANSPORT SOLUTIONS,22515111,"41,263.22 ",
Department of Health,NHS Nottingham West CCG,6/30/2018,C&M-GMS QOF Aspiration,PRC DELEGATED CO-COMMISSIONING,BRAMCOTE SURGERY,22680168,"47,499.01 ",
Department of Health,NHS Nottingham West CCG,6/30/2018,C&M-GMS Voluntary Levy,PRC DELEGATED CO-COMMISSIONING,CHURCH STREET MEDICAL CENTRE,22680163,"(100,472.21)",
Department of Health,NHS Nottingham West CCG,6/30/2018,C&M-GMS QOF Aspiration,PRC DELEGATED CO-COMMISSIONING,CHURCH STREET MEDICAL CENTRE,22680164,"288,544.87 ",
Department of Health,NHS Nottingham West CCG,6/30/2018,Clinical&Medical-Independent Sector,CLINICAL ASSESSMENT AND TREATMENT CENTRES,CIRCLE NOTTINGHAM LTD,22489091,"681,101.97 ",157231127
Department of Health,NHS Nottingham West CCG,6/30/2018,Clinical&Medical-Independent Sector,CLINICAL ASSESSMENT AND TREATMENT CENTRES,CIRCLE NOTTINGHAM LTD,22645370,"(29,949.01)",157231127
Department of Health,NHS Nottingham West CCG,6/30/2018,Clinical&Medical-Independent Sector,CLINICAL ASSESSMENT AND TREATMENT CENTRES,CIRCLE NOTTINGHAM LTD,22839708,"29,949.01 ",157231127
Department of Health,NHS Nottingham West CCG,6/30/2018,Rent,RECHARGES NHS PROPERTY SERVICES LTD,COMMUNITY HEALTH PARTNERSHIPS LTD,22709424,"33,418.12 ",GB782562113
Department of Health,NHS Nottingham West CCG,6/30/2018,Clinical&Medical-Commercial Sector,COMMUNITY SERVICES,CONNECT PHYSICAL HEALTH CENTRES LTD,22501128,"42,225.96 ",
Department of Health,NHS Nottingham West CCG,6/30/2018,Hcare Srv Rec Fdtn Trust-Contract Baseline,ACUTE COMMISSIONING,DERBY TEACHING HOSPITALS NHS FT,22515153,"147,512.34 ",GB654967976
Department of Health,NHS Nottingham West CCG,6/30/2018,Hcare Srv Rec Fdtn Trust-Contract Baseline,ACUTE COMMISSIONING,DERBY TEACHING HOSPITALS NHS FT,22515135,"147,512.34 ",GB654967976
Department of Health,NHS Nottingham West CCG,6/30/2018,Hcare Srv Rec Fdtn Trust-Contract Baseline,ACUTE COMMISSIONING,DERBY TEACHING HOSPITALS NHS FT,22515148,"(168,972.80)",GB654967976
Department of Health,NHS Nottingham West CCG,6/30/2018,Hcare Srv Rec Fdtn Trust-Contract Baseline,COMMUNITY SERVICES,DERBYSHIRE COMMUNITY HEALTH SERVICES NHS FOUNDATION TRUST,22792173,"71,297.00 ",
Department of Health,NHS Nottingham West CCG,6/30/2018,Hcare Srv Rec NHS Trust-Contract Baseline,AMBULANCE SERVICES,EAST MIDLANDS AMBULANCE SERVICE NHS TRUST,22533413,"250,049.00 ",
Department of Health,NHS Nottingham West CCG,6/30/2018,Hcare Srv Rec NHS Trust-Contract Baseline,AMBULANCE SERVICES,EAST MIDLANDS AMBULANCE SERVICE NHS TRUST,22824212,"250,049.00 ",
Department of Health,NHS Nottingham West CCG,6/30/2018,Hcare Srv Rec NHS Trust-Contract Baseline,AMBULANCE SERVICES,EAST MIDLANDS AMBULANCE SERVICE NHS TRUST,22824216,"250,049.00 ",
Department of Health,NHS Nottingham West CCG,6/30/2018,Hcare Srv Rec NHS Trust-Contract Baseline,AMBULANCE SERVICES,EAST MIDLANDS AMBULANCE SERVICE NHS TRUST,22824189,"(248,924.00)",
Department of Health,NHS Nottingham West CCG,6/30/2018,Hcare Srv Rec NHS Trust-Contract Baseline,AMBULANCE SERVICES,EAST MIDLANDS AMBULANCE SERVICE NHS TRUST,22824190,"(248,924.00)",
Department of Health,NHS Nottingham West CCG,6/30/2018,C&M-PMS QOF Aspiration,PRC DELEGATED CO-COMMISSIONING,HAMA MEDICAL CENTRE,22575536,"61,298.12 ",
Department of Health,NHS Nottingham West CCG,6/30/2018,C&M-PMS QOF Aspiration,PRC DELEGATED CO-COMMISSIONING,HICKINGS LANE MEDICAL CENTRE,22575532,"79,387.97 ",
Department of Health,NHS Nottingham West CCG,6/30/2018,Clinical&Medical-Clinical Other,COMMISSIONING SCHEMES,NHS NOTTINGHAM NORTH & EAST CCG,22728432,"150,000.00 ",
Department of Health,NHS Nottingham West CCG,6/30/2018,Clinical&Medical-Clinical Other,COMMISSIONING SCHEMES,NHS NOTTINGHAM NORTH & EAST CCG,22827619,"200,000.00 ",
Department of Health,NHS Nottingham West CCG,6/30/2018,Clinical&Medical-Clinical Other,COMMISSIONING SCHEMES,NHS RUSHCLIFFE CCG,22827620,"500,000.00 ",
Department of Health,NHS Nottingham West CCG,6/30/2018,Clinical&Medical-Serv Recd-CCGs,CHC ADULT FULLY FUNDED,NHS RUSHCLIFFE CCG,22609488,"868,052.00 ",
Department of Health,NHS Nottingham West CCG,6/30/2018,Clinical&Medical-Serv Recd-CCGs,FUNDED NURSING CARE,NHS RUSHCLIFFE CCG,22609490,"111,482.00 ",
Department of Health,NHS Nottingham West CCG,6/30/2018,Hcare Srv Rec NHS Trust,ACUTE COMMISSIONING,NOTTINGHAM UNIVERSITY HOSPITALS NHS TRUST,22709417,"(332,386.00)",
Department of Health,NHS Nottingham West CCG,6/30/2018,Hcare Srv Rec NHS Trust-Contract Baseline,ACUTE COMMISSIONING,NOTTINGHAM UNIVERSITY HOSPITALS NHS TRUST,22491466,"3,722,108.91 ",
Department of Health,NHS Nottingham West CCG,6/30/2018,Clinical&Medical-Independent Sector,ACUTE COMMISSIONING,NOTTINGHAM WOODTHORPE HOSPITAL,22489096,"(32,927.33)",
Department of Health,NHS Nottingham West CCG,6/30/2018,Clinical&Medical-Independent Sector,ACUTE COMMISSIONING,NOTTINGHAM WOODTHORPE HOSPITAL,22547174,"38,626.83 ",
Department of Health,NHS Nottingham West CCG,6/30/2018,Clinical&Medical-Othe Public Sector,COMMISSIONING - NON ACUTE,NOTTINGHAMSHIRE COUNTY COUNCIL,22502302,"234,589.00 ",
Department of Health,NHS Nottingham West CCG,6/30/2018,Hcare Srv Rec Fdtn Trust-Contract Baseline,COMMUNITY SERVICES,NOTTINGHAMSHIRE HEALTHCARE NHS TRUST,22533399,"761,494.50 ",
Department of Health,NHS Nottingham West CCG,6/30/2018,Hcare Srv Rec Fdtn Trust-Contract Baseline,MENTAL HEALTH CONTRACTS,NOTTINGHAMSHIRE HEALTHCARE NHS TRUST,22533406,"668,592.53 ",
Department of Health,NHS Nottingham West CCG,6/30/2018,Clinical&Medical-Independent Sector,COMMUNITY SERVICES,PRIMARY INTEGRATED COMMUNITY SERVICES LTD,22623383,"238,673.00 ",
Department of Health,NHS Nottingham West CCG,6/30/2018,ME-PMS GP Pension ERs Adjs - PMS,PRC DELEGATED CO-COMMISSIONING,SAXON CROSS SURGERY,22575537,"(36,361.19)",
Department of Health,NHS Nottingham West CCG,6/30/2018,C&M-PMS QOF Aspiration,PRC DELEGATED CO-COMMISSIONING,SAXON CROSS SURGERY,22575538,"104,043.69 ",
Department of Health,NHS Nottingham West CCG,6/30/2018,Hcare Srv Rec Fdtn Trust-Contract Baseline,ACUTE COMMISSIONING,SHERWOOD FOREST HOSPITALS NHS FOUNDATION TRUST,22533404,"159,376.17 ",
Department of Health,NHS Nottingham West CCG,6/30/2018,Hcare Srv Rec Fdtn Trust-Contract Baseline,ACUTE COMMISSIONING,SHERWOOD FOREST HOSPITALS NHS FOUNDATION TRUST,22547188,"44,882.57 ",
Department of Health,NHS Nottingham West CCG,6/30/2018,C&M-GMS Voluntary Levy,PRC DELEGATED CO-COMMISSIONING,THE LINDEN MEDICAL GROUP,22680170,"(29,001.78)",
Department of Health,NHS Nottingham West CCG,6/30/2018,ME-GMS GP Pension ERs Adjustments,PRC DELEGATED CO-COMMISSIONING,THE LINDEN MEDICAL GROUP,22680171,"124,369.64 ",
Department of Health,NHS Nottingham West CCG,6/30/2018,ME-PMS GP Pension ERs Adjs - PMS,PRC DELEGATED CO-COMMISSIONING,THE MANOR SURGERY,22575533,"(72,204.49)",
Department of Health,NHS Nottingham West CCG,6/30/2018,C&M-PMS QOF Aspiration,PRC DELEGATED CO-COMMISSIONING,THE MANOR SURGERY,22575534,"196,213.00 ",
Department of Health,NHS Nottingham West CCG,6/30/2018,ME-GMS GP Pension ERs Adjustments,PRC DELEGATED CO-COMMISSIONING,THE OAKS MEDICAL CENTRE,22680169,"(40,442.45)",
Department of Health,NHS Nottingham West CCG,6/30/2018,ME-GMS GP Prior Year EEs,PRC DELEGATED CO-COMMISSIONING,THE OAKS MEDICAL CENTRE,22697968,"126,248.85 ",
Department of Health,NHS Nottingham West CCG,6/30/2018,ME-GMS GP Pension ERs Adjustments,PRC DELEGATED CO-COMMISSIONING,THE VALLEY SURGERY,22680165,"(72,984.63)",
Department of Health,NHS Nottingham West CCG,6/30/2018,ME-GMS GP Prior Year EEs,PRC DELEGATED CO-COMMISSIONING,THE VALLEY SURGERY,22680166,"229,304.54 ",
Department of Health,NHS Nottingham West CCG,6/30/2018,C&M-GMS QOF Aspiration,PRC DELEGATED CO-COMMISSIONING,WEST END SURGERY,22680162,"36,550.09 ",
,,,,,,,,
,,,,,,,"9,567,744.16 ",9567744.16
