A3131 - Expenditure Over Threshold,,,,,,,,
Department family,Entity,Date,Expense Type,Expense area,Supplier,Transaction number,AP Amount (�),VAT registration number
Department of Health,NHS Nottingham West CCG,10/31/2018,Clinical&Medical-Independent Sector,PATIENT TRANSPORT,ARRIVA TRANSPORT SOLUTIONS,24137217,"40,864.28 ",
Department of Health,NHS Nottingham West CCG,10/31/2018,C&M-GMS QOF Aspiration,PRC DELEGATED CO-COMMISSIONING,BRAMCOTE SURGERY,24330155,"33,723.13 ",
Department of Health,NHS Nottingham West CCG,10/31/2018,Clinical&Medical-Clinical Other,COMMISSIONING SCHEMES,BRITISH RED CROSS SOCIETY,24088703,"37,360.75 ",GB706926227
Department of Health,NHS Nottingham West CCG,10/31/2018,C&M-GMS QOF Aspiration,PRC DELEGATED CO-COMMISSIONING,CHURCH STREET MEDICAL CENTRE,24330151,"230,645.29 ",
Department of Health,NHS Nottingham West CCG,10/31/2018,C&M-GMS PrscrptnChrgsColl&RmttdbyGP,LOCAL ENHANCED SERVICES,CHURCH STREET MEDICAL CENTRE,24456205,"38,493.03 ",
Department of Health,NHS Nottingham West CCG,10/31/2018,Clinical&Medical-Independent Sector,CLINICAL ASSESSMENT AND TREATMENT CENTRES,CIRCLE NOTTINGHAM LTD,24137210,"681,101.97 ",157231127
Department of Health,NHS Nottingham West CCG,10/31/2018,Rent,RECHARGES NHS PROPERTY SERVICES LTD,COMMUNITY HEALTH PARTNERSHIPS LTD,24198839,"33,418.12 ",GB782562113
Department of Health,NHS Nottingham West CCG,10/31/2018,Clinical&Medical-Commercial Sector,COMMUNITY SERVICES,CONNECT HEALTH LTD,24198823,"45,187.73 ",
Department of Health,NHS Nottingham West CCG,10/31/2018,Hcare Srv Rec Fdtn Trust-Contract Baseline,COMMUNITY SERVICES,DERBYSHIRE COMMUNITY HEALTH SERVICES NHS FOUNDATION TRUST,24464311,"71,297.00 ",654441286
Department of Health,NHS Nottingham West CCG,10/31/2018,Clinical&Medical-Not For Profit,ACUTE COMMISSIONING,DHU 111 (EAST MIDLANDS) CIC,24247145,"29,894.00 ",GB257028406
Department of Health,NHS Nottingham West CCG,10/31/2018,Clinical&Medical-Not For Profit,ACUTE COMMISSIONING,DHU 111 (EAST MIDLANDS) CIC,24284498,"33,996.58 ",GB257028406
Department of Health,NHS Nottingham West CCG,10/31/2018,Clinical&Medical-Not For Profit,ACUTE COMMISSIONING,DHU 111 (EAST MIDLANDS) CIC,24262059,"74,356.16 ",GB257028406
Department of Health,NHS Nottingham West CCG,10/31/2018,ME-GMS GP Prior Year EEs,PRC DELEGATED CO-COMMISSIONING,DR BROWNE & PARTNERS NOTTINGHAM,24330147,"52,456.71 ",
Department of Health,NHS Nottingham West CCG,10/31/2018,Hcare Srv Rec NHS Trust-Contract Baseline,AMBULANCE SERVICES,EAST MIDLANDS AMBULANCE SERVICE NHS TRUST,24137293,"250,049.00 ",
Department of Health,NHS Nottingham West CCG,10/31/2018,Hcare Srv Rec NHS Trust-Contract Baseline,AMBULANCE SERVICES,EAST MIDLANDS AMBULANCE SERVICE NHS TRUST,24247266,"28,918.00 ",
Department of Health,NHS Nottingham West CCG,10/31/2018,Clinical&Medical-Clinical Other,COMMISSIONING SCHEMES,EVERYONE HEALTH LTD,24247163,"94,928.64 ",04215584
Department of Health,NHS Nottingham West CCG,10/31/2018,"Books, Journals & Subscr",PRESCRIBING,FIRST DATABANK UK LTD,24137247,"37,186.78 ",585 826 589
Department of Health,NHS Nottingham West CCG,10/31/2018,C&M-PMS QOF Aspiration,PRC DELEGATED CO-COMMISSIONING,HAMA MEDICAL CENTRE,24212849,"49,307.51 ",
Department of Health,NHS Nottingham West CCG,10/31/2018,C&M-PMS QOF Aspiration,PRC DELEGATED CO-COMMISSIONING,HICKINGS LANE MEDICAL CENTRE,24212845,"53,808.72 ",
Department of Health,NHS Nottingham West CCG,10/31/2018,Clinical&Medical-Independent Sector,IMPROVING ACCESS TO PSYCHOLOGICAL THERAPIES,INSIGHT HEALTHCARE LTD,24222427,"38,000.00 ",108270045
Department of Health,NHS Nottingham West CCG,10/31/2018,Clinical&Medical-Commercial Sector,OUT OF HOURS,NEMS COMMUNITY BENEFIT SERVICE,24247328,"68,982.26 ",
Department of Health,NHS Nottingham West CCG,10/31/2018,Healthcare Srv Rec CCG,MENTAL HEALTH SERVICES - OTHER,NHS NEWARK & SHERWOOD CCG,24518406,"142,032.00 ",
Department of Health,NHS Nottingham West CCG,10/31/2018,Basic Sal-Rechgs to-from Other NHS,QUALITY ASSURANCE,NHS NOTTINGHAM NORTH & EAST CCG,24299924,"102,561.00 ",
Department of Health,NHS Nottingham West CCG,10/31/2018,Clinical&Medical-Serv Recd-CCGs,CHC ADULT FULLY FUNDED,NHS RUSHCLIFFE CCG,24337967,"756,652.00 ",
Department of Health,NHS Nottingham West CCG,10/31/2018,Clinical&Medical-Serv Recd-CCGs,COMMUNITY SERVICES,NHS RUSHCLIFFE CCG,24284490,"106,337.00 ",
Department of Health,NHS Nottingham West CCG,10/31/2018,Clinical&Medical-Serv Recd-CCGs,CHC ADULT FULLY FUNDED,NHS RUSHCLIFFE CCG,24354475,"131,894.00 ",
Department of Health,NHS Nottingham West CCG,10/31/2018,Programme Support Costs,NON RECURRENT PROGRAMMES,NHS RUSHCLIFFE CCG,24435894,"144,949.00 ",
Department of Health,NHS Nottingham West CCG,10/31/2018,Programme Support Costs,PRIMARY CARE DEVELOPMENT,NOTTINGHAM CITY CARE PARTNERSHIP CIC,24137205,"29,059.22 ",
Department of Health,NHS Nottingham West CCG,10/31/2018,Hcare Srv Rec NHS Trust-Contract Baseline,ACUTE COMMISSIONING,NOTTINGHAM UNIVERSITY HOSPITALS NHS TRUST,24138860,"3,727,212.00 ",
Department of Health,NHS Nottingham West CCG,10/31/2018,Hcare Srv Rec NHS Trust-Contract Baseline,ACUTE COMMISSIONING,NOTTINGHAM UNIVERSITY HOSPITALS NHS TRUST,24284496,"369,039.00 ",
Department of Health,NHS Nottingham West CCG,10/31/2018,Clinical&Medical-Independent Sector,ACUTE COMMISSIONING,NOTTINGHAM WOODTHORPE HOSPITAL,24137261,"38,626.83 ",
Department of Health,NHS Nottingham West CCG,10/31/2018,Clinical&Medical-Othe Public Sector,COMMISSIONING - NON ACUTE,NOTTINGHAMSHIRE COUNTY COUNCIL,24117530,"234,589.00 ",
Department of Health,NHS Nottingham West CCG,10/31/2018,Hcare Srv Rec Fdtn Trust-Contract Baseline,COMMUNITY SERVICES,NOTTINGHAMSHIRE HEALTHCARE NHS TRUST,24152859,"(27,000.00)",
Department of Health,NHS Nottingham West CCG,10/31/2018,Hcare Srv Rec Fdtn Trust-Contract Baseline,COMMUNITY SERVICES,NOTTINGHAMSHIRE HEALTHCARE NHS TRUST,24165025,"27,000.00 ",
Department of Health,NHS Nottingham West CCG,10/31/2018,Hcare Srv Rec Fdtn Trust-Contract Baseline,COMMUNITY SERVICES,NOTTINGHAMSHIRE HEALTHCARE NHS TRUST,24137266,"762,116.00 ",
Department of Health,NHS Nottingham West CCG,10/31/2018,Hcare Srv Rec Fdtn Trust-Contract Baseline,MENTAL HEALTH CONTRACTS,NOTTINGHAMSHIRE HEALTHCARE NHS TRUST,24247220,"668,592.53 ",
Department of Health,NHS Nottingham West CCG,10/31/2018,Clinical&Medical-Serv Recd-F Trsts,IMPROVING ACCESS TO PSYCHOLOGICAL THERAPIES,NOTTINGHAMSHIRE HEALTHCARE NHS TRUST,24247238,"30,238.00 ",
Department of Health,NHS Nottingham West CCG,10/31/2018,Clinical&Medical-Independent Sector,COMMISSIONING - NON ACUTE,NOTTINGHAMSHIRE HOSPICE,24337977,"47,444.32 ",
Department of Health,NHS Nottingham West CCG,10/31/2018,Programme Support Costs,GP FORWARD VIEW,PRIMARY INTEGRATED COMMUNITY SERVICES LTD,24316387,"35,246.25 ",
Department of Health,NHS Nottingham West CCG,10/31/2018,C&M-PMS QOF Aspiration,PRC DELEGATED CO-COMMISSIONING,SAXON CROSS SURGERY,24212851,"90,587.27 ",
Department of Health,NHS Nottingham West CCG,10/31/2018,Hcare Srv Rec Fdtn Trust-Contract Baseline,COMMUNITY SERVICES,SHERWOOD FOREST HOSPITALS NHS FOUNDATION TRUST,24137265,"159,376.17 ",654927013
Department of Health,NHS Nottingham West CCG,10/31/2018,C&M-GMS QOF Aspiration,PRC DELEGATED CO-COMMISSIONING,THE LINDEN MEDICAL GROUP,24330159,"94,960.55 ",
Department of Health,NHS Nottingham West CCG,10/31/2018,ME-PMS GP Pension ERs Adjs - PMS,PRC DELEGATED CO-COMMISSIONING,THE MANOR SURGERY,24212846,"(28,033.28)",
Department of Health,NHS Nottingham West CCG,10/31/2018,C&M-PMS QOF Aspiration,PRC DELEGATED CO-COMMISSIONING,THE MANOR SURGERY,24212847,"126,461.10 ",
Department of Health,NHS Nottingham West CCG,10/31/2018,C&M-GMS QOF Aspiration,PRC DELEGATED CO-COMMISSIONING,THE OAKS MEDICAL CENTRE,24330157,"94,440.67 ",
Department of Health,NHS Nottingham West CCG,10/31/2018,C&M-GMS QOF Aspiration,PRC DELEGATED CO-COMMISSIONING,THE VALLEY SURGERY,24330153,"137,287.47 ",
Department of Health,NHS Nottingham West CCG,10/31/2018,Hcare Srv Rec Fdtn Trust-Contract Baseline,ACUTE COMMISSIONING,UNIVERSITY HOSPITALS OF DERBY & BURTON NHS FOUNDATION TRUST,24137227,"147,512.34 ",654967976
Department of Health,NHS Nottingham West CCG,10/31/2018,Hcare Srv Rec Fdtn Trust-Contract Baseline,ACUTE COMMISSIONING,UNIVERSITY HOSPITALS OF DERBY & BURTON NHS FOUNDATION TRUST,24518428,"58,061.78 ",654967976
,,,,,,,"10,231,217.88 ",
