,Spend over �25k - January 2019,,,,,,,,,,,
Department family,Entity,Date,Expense Type,Expense area,Supplier,Transaction number,AP Amount (�),VAT registration number,Purchase invoice number,,Supplier post code,Supplier type
Department of Health,NHS Vale Of York CCG,1/31/2019,Clinical&Medical-Independent Sector,PROGRAMME PROJECTS,PRIORY MEDICAL GROUP,25410991,"62,500.00 ",,439835,,YO24 3WX,SME
Department of Health,NHS Vale Of York CCG,1/31/2019,Hcare Srv Rec NHS CCG-Non Contract,NCAS/OATS,NHS ENGLAND,25411046,"48,333.38 ",654 442 045,7000030365,,WF3 1WE,Public Sector
Department of Health,NHS Vale Of York CCG,1/31/2019,Clinical&Medical-Independent Sector,PROGRAMME PROJECTS,PRIORY MEDICAL GROUP,25411310,"(62,500.00)",,170,,YO24 3WX,SME
Department of Health,NHS Vale Of York CCG,1/31/2019,Hcare Srv Rec NHS CCG-Non Contract,NCAS/OATS,NHS ENGLAND,25411365,"(48,333.38)",654 442 045,7000030745,,WF3 1WE,Public Sector
Department of Health,NHS Vale Of York CCG,1/31/2019,Basic Sal-Executive MedicalDirector,STRATEGY & DEVELOPMENT,NHS BUSINESS SERVICES AUTHORITY,25415704,"129,155.06 ",GB 654434729,2000000349,,BL6 9JS,Public Sector
Department of Health,NHS Vale Of York CCG,1/31/2019,Clinical&Medical-Commercial Sector,PRESCRIBING,NORTH WEST OSTOMY SUPPLIES,25465780,"33,601.71 ",391 5320 58,0008000169,,M28 3PT,SME
Department of Health,NHS Vale Of York CCG,1/31/2019,Hlthcre-Foundation Trsts,COMMUNITY SERVICES,HARROGATE & DISTRICT NHS FOUNDATION NHS TRUST,25465833,"100,540.83 ",654923907,2510024716,,HG2 7UG,Public Sector
Department of Health,NHS Vale Of York CCG,1/31/2019,Hlthcre-Foundation Trsts,ACUTE COMMISSIONING,HARROGATE & DISTRICT NHS FOUNDATION NHS TRUST,25465858,"190,269.67 ",654923907,2510024718,,HG2 7UG,Public Sector
Department of Health,NHS Vale Of York CCG,1/31/2019,Hlthcre-Foundation Trsts,COMMUNITY SERVICES,HARROGATE & DISTRICT NHS FOUNDATION NHS TRUST,25465862,"113,740.50 ",654923907,2510024717,,HG2 7UG,Public Sector
Department of Health,NHS Vale Of York CCG,1/31/2019,Hcare Srv Rec NHS Trust,ACUTE COMMISSIONING,LEEDS TEACHING HOSPITALS NHS TRUST,25465924,"717,003.00 ",654944112,1410111212,,LS9 7TF,Public Sector
Department of Health,NHS Vale Of York CCG,1/31/2019,Hlthcre-Foundation Trsts,ACUTE COMMISSIONING,NORTHERN LINCOLNSHIRE AND GOOLE HOSPITALS NHS FOUNDATION TRUST,25465963,"35,770.00 ",654977580,2400021984,,DN33 2BA,Public Sector
Department of Health,NHS Vale Of York CCG,1/31/2019,Hlthcre-Foundation Trsts,ACUTE COMMISSIONING,SOUTH TEES HOSPITALS NHS FOUNDATION TRUST,25466002,"110,551.00 ",GB654931517,D0025814,,BB3 0FG,Public Sector
Department of Health,NHS Vale Of York CCG,1/31/2019,Clinical&Medical-Independent Sector,ACUTE COMMISSIONING,NORTHERN DOCTORS URGENT CARE,25466025,"70,104.66 ",GB124571918,ARIN0100003944,,NE12 8EW,SME
Department of Health,NHS Vale Of York CCG,1/31/2019,Clinical&Medical-Independent Sector,OUT OF HOURS,NORTHERN DOCTORS URGENT CARE,25466072,"259,417.00 ",GB124571918,ARIN0100003927,,NE12 8EW,SME
Department of Health,NHS Vale Of York CCG,1/31/2019,Hcare Srv Rec NHS Trust,PATIENT TRANSPORT,YORKSHIRE AMBULANCE SERVICE NHS TRUST,25466094,"157,104.33 ",654971305,2810025174,,WF2 0XQ,Public Sector
Department of Health,NHS Vale Of York CCG,1/31/2019,Hcare Srv Rec NHS Trust,NHS 111,YORKSHIRE AMBULANCE SERVICE NHS TRUST,25466109,"74,505.00 ",654971305,2810025155,,WF2 0XQ,Public Sector
Department of Health,NHS Vale Of York CCG,1/31/2019,Hcare Srv Rec NHS Trust,PROGRAMME PROJECTS,YORKSHIRE AMBULANCE SERVICE NHS TRUST,25466133,"66,645.42 ",654971305,2810025211,,WF2 0XQ,Public Sector
Department of Health,NHS Vale Of York CCG,1/31/2019,Hcare Srv Rec NHS Trust,AMBULANCE SERVICES,YORKSHIRE AMBULANCE SERVICE NHS TRUST,25466142,"1,058,968.00 ",654971305,2810025102,,WF2 0XQ,Public Sector
Department of Health,NHS Vale Of York CCG,1/31/2019,Hcare Srv Rec NHS Trust,ACUTE COMMISSIONING,HULL AND EAST YORKSHIRE HOSPITALS NHS TRUST,25466183,"(37,148.00)",654972204,C0002260,,HU17 0FA ,Public Sector
Department of Health,NHS Vale Of York CCG,1/31/2019,Recharge : Received,PRC DELEGATED CO-COMMISSIONING,NHS ENGLAND,25466229,"43,889.58 ",654 442 045,7000030747,,WF3 1WE,Public Sector
Department of Health,NHS Vale Of York CCG,1/31/2019,Hcare Srv Rec NHS Trust,ACUTE COMMISSIONING,HULL AND EAST YORKSHIRE HOSPITALS NHS TRUST,25466237,"264,426.00 ",654972204,H0020545,,HU17 0FA ,Public Sector
Department of Health,NHS Vale Of York CCG,1/31/2019,Chrgs from SLA,CONTRACT MANAGEMENT,KIER BUSINESS SERVICES LTD,25466273,"89,344.80 ",GB900540375,10128804,,SG19 2BD,SME
Department of Health,NHS Vale Of York CCG,1/31/2019,Hcare Srv Rec NHS Trust,ACUTE COMMISSIONING,MID YORKSHIRE HOSPITALS NHS TRUST,25466355,"197,096.00 ",654967780,1600005342,,WF1 4DG,Public Sector
Department of Health,NHS Vale Of York CCG,1/31/2019,Clinical&Medical-Independent Sector,ACUTE COMMISSIONING,NUFFIELD HEALTH,25466395,"263,235.00 ",564291137,012019VOYCCG,,YO318TA,SME
Department of Health,NHS Vale Of York CCG,1/31/2019,Hlthcre-Foundation Trsts,MENTAL HEALTH CONTRACTS,TEES ESK & WEAR VALLEYS NHS FOUNDATION TRUST,25466470,"3,535,462.56 ",654967878,4810014988,,TS6 0SZ,Public Sector
Department of Health,NHS Vale Of York CCG,1/31/2019,Hlthcre-Foundation Trsts,MENTAL HEALTH CONTRACTS,TEES ESK & WEAR VALLEYS NHS FOUNDATION TRUST,25466482,"25,698.33 ",654967878,4810014991,,TS6 0SZ,Public Sector
Department of Health,NHS Vale Of York CCG,1/31/2019,Hlthcre-Foundation Trsts,COMMUNITY SERVICES,HUMBER TEACHING NHS FOUNDATION TRUST,25466485,"85,108.90 ",GB 654 972 106,59883507,,HU10 6ED,Public Sector
Department of Health,NHS Vale Of York CCG,1/31/2019,Hlthcre-Foundation Trsts,COMMUNITY SERVICES,HUMBER TEACHING NHS FOUNDATION TRUST,25466493,"92,554.55 ",GB 654 972 106,59883511,,HU10 6ED,Public Sector
Department of Health,NHS Vale Of York CCG,1/31/2019,Clinical&Medical-Independent Sector,COMMUNITY SERVICES,NRS HEALTHCARE,25466499,"55,099.10 ",GB156919571,1800106827,,LE67 1UB,SME
Department of Health,NHS Vale Of York CCG,1/31/2019,Rent,FINANCE,CITY OF YORK COUNCIL,25466527,"29,858.40 ",,9001787682,,YO1 6GA,Public Sector
Department of Health,NHS Vale Of York CCG,1/31/2019,Primary Medical Service,PRC DELEGATED CO-COMMISSIONING,POSTERNGATE SURGERY,25482569,"139,062.54 ",,YN000028385,,YO8 4QH,SME
Department of Health,NHS Vale Of York CCG,1/31/2019,Primary Medical Service,PRC DELEGATED CO-COMMISSIONING,PRIORY MEDICAL GROUP,25482571,"433,983.54 ",,YN000028387,,YO24 3WX,SME
Department of Health,NHS Vale Of York CCG,1/31/2019,Primary Medical Service,PRC DELEGATED CO-COMMISSIONING,SCOTT ROAD MEDICAL CENTRE,25482574,"104,035.58 ",,YN000028390,,YO8 4BL,SME
Department of Health,NHS Vale Of York CCG,1/31/2019,Primary Medical Service,PRC DELEGATED CO-COMMISSIONING,SHERBURN GROUP PRACTICE,25482576,"97,699.45 ",,YN000028392,,LS25 6ED,SME
Department of Health,NHS Vale Of York CCG,1/31/2019,Primary Medical Service,PRC DELEGATED CO-COMMISSIONING,TADCASTER MEDICAL CENTRE,25482578,"84,558.53 ",,YN000028394,,LS24 8HD,SME
Department of Health,NHS Vale Of York CCG,1/31/2019,Clinical&Medical-Independent Sector,PROGRAMME PROJECTS,PRIORY MEDICAL GROUP,25498256,"45,000.00 ",,439838,,YO24 3WX,SME
Department of Health,NHS Vale Of York CCG,1/31/2019,Hcare Srv Rec Fdtn Trust-Non Contract,NCAS/OATS,YORK TEACHING HOSPITAL NHS FOUNDATION TRUST,25498358,"56,026.77 ",GB 654952604,1010067155,,YO30 4RY,Public Sector
Department of Health,NHS Vale Of York CCG,1/31/2019,Hcare Srv Rec Fdtn Trust-Non Contract,NCAS/OATS,YORK TEACHING HOSPITAL NHS FOUNDATION TRUST,25498361,"45,175.16 ",GB 654952604,1010067156,,YO30 4RY,Public Sector
Department of Health,NHS Vale Of York CCG,1/31/2019,Clinical&Medical-Independent Sector,PROGRAMME PROJECTS,PRIORY MEDICAL GROUP,25498461,"62,500.00 ",,440214,,YO24 3WX,SME
Department of Health,NHS Vale Of York CCG,1/31/2019,Services From Local Authorities,COMMUNITY SERVICES,NORTH YORKSHIRE COUNTY COUNCIL,25498604,"107,978.89 ",,600006426,,DL7 8AL,Public Sector
Department of Health,NHS Vale Of York CCG,1/31/2019,"Books, Journals & Subscr",CEO/ BOARD OFFICE,YORKSHIRE & HUMBER AHSN LTD,25527936,"25,916.40 ",,497,,WF2 7BJ,SME
Department of Health,NHS Vale Of York CCG,1/31/2019,Healthcare Srv Rec CCG,RECHARGES,NHS HULL CCG,25527945,"56,807.00 ",,7015500635,,WF3 1WE,Public Sector
Department of Health,NHS Vale Of York CCG,1/31/2019,Hcare Srv Rec Fdtn Trust-Non Contract,NCAS/OATS,BRADFORD TEACHING HOSPITALS NHS FOUNDATION TRUST,25527955,"26,263.65 ",654913617,308583,,WF3 1WE,Public Sector
Department of Health,NHS Vale Of York CCG,1/31/2019,Clinical&Medical-Independent Sector,MENTAL HEALTH SERVICES - SPECIALIST SERVICES,EAST RIDING OF YORKSHIRE COUNCIL,25552436,"147,691.86 ",647471123,61063447,,HU17 9BA,Public Sector
Department of Health,NHS Vale Of York CCG,1/31/2019,Clinical&Medical-Independent Sector,ACUTE COMMISSIONING,YORKSHIRE HEALTH SOLUTIONS LTD,25552738,"41,780.88 ",,646,,BB18 5DR,SME
Department of Health,NHS Vale Of York CCG,1/31/2019,Clinical&Medical-Independent Sector,PRIMARY CARE IT,NYNET LTD,25552776,"56,745.00 ",123407056,PUB922,,HG2 7LW,SME
Department of Health,NHS Vale Of York CCG,1/31/2019,Clinical&Medical-Independent Sector,ACUTE COMMISSIONING,CLIFTON PARK TREATMENT CENTRE,25552790,"400,000.00 ",,SAC101477,,YO30 5RA,SME
Department of Health,NHS Vale Of York CCG,1/31/2019,Apprenticeship Levy Payable,BALANCE SHEET,HMRC,25577175,"116,976.39 ",,120PV005648301909,,HU2  8LP,Public Sector
Department of Health,NHS Vale Of York CCG,1/31/2019,Cont Care-Funded Nursing Care Allow,FUNDED NURSING CARE,BARCHESTER HEALTHCARE HOMES LTD,25608657,"28,197.56 ",796642084,QA2642/1A,,YO30 5PD,SME
Department of Health,NHS Vale Of York CCG,1/31/2019,Clinical&Medical-Independent Sector,ACUTE COMMISSIONING,NUFFIELD HEALTH,25615962,"114,076.00 ",564291137,VOYCCGOCT18REC,,YO318TA,SME
Department of Health,NHS Vale Of York CCG,1/31/2019,Clinical&Medical-Independent Sector,MENTAL HEALTH SERVICES - COLLABORATIVE COMMISSIONING,CITY OF YORK COUNCIL,25632147,"673,397.71 ",,9102608411,,YO1 6GA,Public Sector
Department of Health,NHS Vale Of York CCG,1/31/2019,Cont Care- Prior Year Payments,CHC ADULT FULLY FUNDED,NHS SCARBOROUGH AND RYEDALE CCG,25658489,"282,596.54 ",654454427,7016101997,,WF3 1WE,Public Sector
Department of Health,NHS Vale Of York CCG,1/31/2019,Cont Care- Prior Year Payments,CHC ADULT FULLY FUNDED,NHS SCARBOROUGH AND RYEDALE CCG,25658494,"(26,596.54)",654454427,7016101999,,WF3 1WE,Public Sector
Department of Health,NHS Vale Of York CCG,1/31/2019,Clinical&Medical-Independent Sector,ACUTE COMMISSIONING,SPIRE HEALTHCARE LTD,25658530,"46,226.72 ",915970991,03QNCA181908,,RG1 9PL,SME
Department of Health,NHS Vale Of York CCG,1/31/2019,Healthcare Srv Rec CCG,HOSPICES,NHS SCARBOROUGH AND RYEDALE CCG,25658578,"36,584.00 ",654454427,7016102036,,WF3 1WE,Public Sector
Department of Health,NHS Vale Of York CCG,1/31/2019,Clinical&Medical-Independent Sector,NCAS/OATS,SPAMEDICA LTD,25658853,"39,719.87 ",,NHSVYO032,,M154SQ,SME
Department of Health,NHS Vale Of York CCG,1/31/2019,Cont Care-Funded Nursing Care Allow,FUNDED NURSING CARE,FOUR SEASONS HEALTH CARE LTD,25669017,"53,864.64 ",927365991,QA2661/1B,,YO30 5NH,SME
Department of Health,NHS Vale Of York CCG,1/31/2019,General Medical Service,LOCAL ENHANCED SERVICES,DR BROOKE J P & PARTNERS,25726595,"293,403.16 ",,KHU000033166,,YO42 2BS,SME
Department of Health,NHS Vale Of York CCG,1/31/2019,General Medical Service,LOCAL ENHANCED SERVICES,BEECH TREE SURGERY,25727487,"205,159.07 ",,YN000028515,,YO89AJ,SME
Department of Health,NHS Vale Of York CCG,1/31/2019,General Medical Service,LOCAL ENHANCED SERVICES,DALTON TERRACE SURGERY,25727490,"83,668.80 ",,YN000028518,,YO24 4DB,SME
Department of Health,NHS Vale Of York CCG,1/31/2019,General Medical Service,LOCAL ENHANCED SERVICES,DR E M BRADLEY,25727494,"43,515.12 ",,YN000028522,,YO60 6PS,SME
Department of Health,NHS Vale Of York CCG,1/31/2019,General Medical Service,LOCAL ENHANCED SERVICES,DR NJ WILSON & DR JF MATTHEWS,25727496,"43,075.74 ",,YN000028524,,YO62 5HF,SME
Department of Health,NHS Vale Of York CCG,1/31/2019,General Medical Service,LOCAL ENHANCED SERVICES,DR R WESTERMAN & PARTNERS,25727497,"97,615.68 ",,YN000028525,,YO61 3JR,SME
Department of Health,NHS Vale Of York CCG,1/31/2019,General Medical Service,LOCAL ENHANCED SERVICES,DRS POTRYKUS & UTTING,25727499,"61,416.06 ",,YN000028527,,YO61 1QW,SME
Department of Health,NHS Vale Of York CCG,1/31/2019,General Medical Service,LOCAL ENHANCED SERVICES,DRS PR JONES & B MCPHERSON,25727501,"67,884.72 ",,YN000028529,,YO61 1LL,SME
Department of Health,NHS Vale Of York CCG,1/31/2019,General Medical Service,LOCAL ENHANCED SERVICES,ELVINGTON MEDICAL PRACTICE,25727503,"135,183.53 ",,YN000028531,,YO41 4DY,SME
Department of Health,NHS Vale Of York CCG,1/31/2019,General Medical Service,LOCAL ENHANCED SERVICES,ESCRICK SURGERY,25727505,"114,516.80 ",,YN000028533,,YO19 6 LE,SME
Department of Health,NHS Vale Of York CCG,1/31/2019,General Medical Service,LOCAL ENHANCED SERVICES,FRONT STREET SURGERY,25727508,"86,422.79 ",,YN000028536,,YO24 3BZ,SME
Department of Health,NHS Vale Of York CCG,1/31/2019,General Medical Service,LOCAL ENHANCED SERVICES,HAXBY GROUP PRACTICE,25727509,"352,910.46 ",879087365,YN000028537,,YO243BU,SME
Department of Health,NHS Vale Of York CCG,1/31/2019,General Medical Service,LOCAL ENHANCED SERVICES,KIRKBYMOORSIDE SURGERY,25727512,"67,296.88 ",,YN000028540,,YO62 6AR,SME
Department of Health,NHS Vale Of York CCG,1/31/2019,General Medical Service,LOCAL ENHANCED SERVICES,MY HEALTH,25727513,"217,334.58 ",,YN000028541,,YO32 5UA,SME
Department of Health,NHS Vale Of York CCG,1/31/2019,General Medical Service,LOCAL ENHANCED SERVICES,OLD SCHOOL MEDICAL PRACTICE,25727516,"94,534.48 ",,YN000028544,,YO23 3UA,SME
Department of Health,NHS Vale Of York CCG,1/31/2019,General Medical Service,LOCAL ENHANCED SERVICES,PICKERING MEDICAL PRACTICE,25727517,"140,014.82 ",,YN000028545,,YO18 8BL,SME
Department of Health,NHS Vale Of York CCG,1/31/2019,General Medical Service,LOCAL ENHANCED SERVICES,POSTERNGATE SURGERY,25727519,"27,366.61 ",,YN000028547,,YO8 4QH,SME
Department of Health,NHS Vale Of York CCG,1/31/2019,General Medical Service,LOCAL ENHANCED SERVICES,PRIORY MEDICAL GROUP,25727521,"54,127.63 ",,YN000028549,,YO24 3WX,SME
Department of Health,NHS Vale Of York CCG,1/31/2019,General Medical Service,LOCAL ENHANCED SERVICES,SOUTH MILFORD SURGERY,25727523,"134,914.05 ",,YN000028551,,YO8 9NA,SME
Department of Health,NHS Vale Of York CCG,1/31/2019,Primary Medical Service,LOCAL ENHANCED SERVICES,SHERBURN GROUP PRACTICE,25727525,"48,712.08 ",,YN000028553,,LS25 6ED,SME
Department of Health,NHS Vale Of York CCG,1/31/2019,Primary Medical Service,LOCAL ENHANCED SERVICES,TADCASTER MEDICAL CENTRE,25727527,"39,300.07 ",,YN000028555,,LS24 8HD,SME
Department of Health,NHS Vale Of York CCG,1/31/2019,General Medical Service,LOCAL ENHANCED SERVICES,UNITY HEALTH,25727530,"132,038.36 ",,YN000028558,,TS6 0SZ,SME
Department of Health,NHS Vale Of York CCG,1/31/2019,General Medical Service,PRC DELEGATED CO-COMMISSIONING,YORK MEDICAL GROUP,25727531,"337,275.65 ",,YN000028559,,YO24 4HD,SME
Department of Health,NHS Vale Of York CCG,1/31/2019,General Medical Service,LOCAL ENHANCED SERVICES,JORVIK GILLYGATE PRACTICE,25727534,"192,078.74 ",,YN000028562,,YO1 7NP,SME
Department of Health,NHS Vale Of York CCG,1/31/2019,Services From Local Authorities,PROGRAMME PROJECTS,CITY OF YORK COUNCIL,25732393,"2,018,000.00 ",,9102660190,,YO1 6GA,Public Sector
Department of Health,NHS Vale Of York CCG,1/31/2019,Hcare Srv Rec NHS Trust,AMBULANCE SERVICES,YORKSHIRE AMBULANCE SERVICE NHS TRUST,25732395,"106,000.00 ",654971305,2810025724,,WF2 0XQ,Public Sector
Department of Health,NHS Vale Of York CCG,1/31/2019,Cont Care- Prior Year Payments,CHC ADULT FULLY FUNDED,CITY OF YORK COUNCIL,25732397,"204,152.25 ",,9102660844,,YO1 6GA,Public Sector
Department of Health,NHS Vale Of York CCG,1/31/2019,Cont Care-Learning Disab(<65),CHC ADULT FULLY FUNDED,CITY OF YORK COUNCIL,25732397,"71,888.34 ",,9102660844,,YO1 6GA,Public Sector
Department of Health,NHS Vale Of York CCG,1/31/2019,Clinical&Medical-Independent Sector,GP FORWARD VIEW,NIMBUSCARE LTD,25732435,"113,916.00 ",,301,,YO24 3BU,SME
Department of Health,NHS Vale Of York CCG,1/31/2019,General Medical Service,LOCAL ENHANCED SERVICES,NIMBUSCARE LTD,25739674,"45,493.35 ",,106217-24-JAN-2019,,YO24 3BU,SME
Department of Health,NHS Vale Of York CCG,1/31/2019,Hlthcre-Foundation Trsts,PROGRAMME PROJECTS,YORK TEACHING HOSPITAL NHS FOUNDATION TRUST,25752721,"39,651.00 ",GB 654952604,1010068123,,YO30 4RY,Public Sector
Department of Health,NHS Vale Of York CCG,1/31/2019,Clinical&Medical-Independent Sector,MENTAL HEALTH SERVICES - SPECIALIST SERVICES,EAST RIDING OF YORKSHIRE COUNCIL,25761320,"153,704.58 ",647471123,61849041,,HU17 9BA,Public Sector
Department of Health,NHS Vale Of York CCG,1/31/2019,Clinical&Medical-Independent Sector,MENTAL HEALTH SERVICES - SPECIALIST SERVICES,EAST RIDING OF YORKSHIRE COUNCIL,25761326,"169,325.48 ",647471123,62374535,,HU17 9BA,Public Sector
Department of Health,NHS Vale Of York CCG,1/31/2019,Clinical&Medical-Independent Sector,MENTAL HEALTH SERVICES - SPECIALIST SERVICES,EAST RIDING OF YORKSHIRE COUNCIL,25761330,"141,484.33 ",647471123,62591692,,HU17 9BA,Public Sector
Department of Health,NHS Vale Of York CCG,1/31/2019,Clinical&Medical-Independent Sector,MENTAL HEALTH SERVICES - SPECIALIST SERVICES,CITY OF YORK COUNCIL,25787038,"6,861.70 ",,DCN0204521,,YO1 6GA,Public Sector
Department of Health,NHS Vale Of York CCG,1/31/2019,Hcare Srv Rec Fdtn Trust-Contract Cost per Case,COMMUNITY SERVICES,YORK TEACHING HOSPITAL NHS FOUNDATION TRUST,25787296,"18,133,025.00 ",GB 654952604,1010068100,,YO30 4RY,Public Sector
,,,,,,,,35331537.45,,,,
