Spend over �25k - October 2018,,,,,,,,,,,,
Department family,Entity,Date,Expense Type,Expense area,Supplier,Transaction number,AP Amount (�),VAT registration number,Purchase invoice number,,Supplier post code,Supplier type
Department of Health,NHS Vale Of York CCG,10/31/2018,Hcare Srv Rec Fdtn Trust-Contract Cost per Case,COMMUNITY SERVICES,YORK TEACHING HOSPITAL NHS FOUNDATION TRUST,24090421,"18,179,900.00 ",GB 654952604,1010065065,,YO30 4RY,Public Sector
Department of Health,NHS Vale Of York CCG,10/31/2018,Clinical&Medical-Independent Sector,PROGRAMME PROJECTS,PRIORY MEDICAL GROUP,24116134,"62,500.00 ",,439837,,YO24 3WX,SME
Department of Health,NHS Vale Of York CCG,10/31/2018,Clinical&Medical-Independent Sector,PROGRAMME PROJECTS,PRIORY MEDICAL GROUP,24116136,"62,500.00 ",,439836,,YO24 3WX,SME
Department of Health,NHS Vale Of York CCG,10/31/2018,Clinical&Medical-Independent Sector,OUT OF HOURS,NORTHERN DOCTORS URGENT CARE,24116137,"259,417.00 ",GB124571918,ARIN0100003835,,NE12 8EW,SME
Department of Health,NHS Vale Of York CCG,10/31/2018,Hlthcre-Foundation Trsts,COMMUNITY SERVICES,HARROGATE & DISTRICT NHS FOUNDATION NHS TRUST,24131721,"113,740.50 ",654923907,2510021076,,HG2 7UG,Public Sector
Department of Health,NHS Vale Of York CCG,10/31/2018,Hcare Srv Rec NHS Trust,ACUTE COMMISSIONING,HULL AND EAST YORKSHIRE HOSPITALS NHS TRUST,24131795,"186,141.92 ",654972204,H0018604,,HU17 0FA ,Public Sector
Department of Health,NHS Vale Of York CCG,10/31/2018,Hcare Srv Rec NHS Trust,PROGRAMME PROJECTS,YORKSHIRE AMBULANCE SERVICE NHS TRUST,24131813,"66,645.42 ",,2810024163,,WF2 0XQ,Public Sector
Department of Health,NHS Vale Of York CCG,10/31/2018,Hcare Srv Rec NHS Trust,AMBULANCE SERVICES,YORKSHIRE AMBULANCE SERVICE NHS TRUST,24131817,"1,058,968.00 ",,2810024052,,WF2 0XQ,Public Sector
Department of Health,NHS Vale Of York CCG,10/31/2018,Hcare Srv Rec NHS Trust,PATIENT TRANSPORT,YORKSHIRE AMBULANCE SERVICE NHS TRUST,24131842,"157,104.33 ",,2810024124,,WF2 0XQ,Public Sector
Department of Health,NHS Vale Of York CCG,10/31/2018,Hcare Srv Rec NHS Trust,NHS 111,YORKSHIRE AMBULANCE SERVICE NHS TRUST,24131844,"74,505.00 ",,2810024105,,WF2 0XQ,Public Sector
Department of Health,NHS Vale Of York CCG,10/31/2018,Clinical&Medical-Independent Sector,ACUTE COMMISSIONING,NORTHERN DOCTORS URGENT CARE,24131846,"70,104.66 ",GB124571918,ARIN0100003849,,NE12 8EW,SME
Department of Health,NHS Vale Of York CCG,10/31/2018,Hlthcre-Foundation Trsts,ACUTE COMMISSIONING,SOUTH TEES HOSPITALS NHS FOUNDATION TRUST,24131881,"110,551.00 ",GB654931517,D0024277,,BB3 0FG,Public Sector
Department of Health,NHS Vale Of York CCG,10/31/2018,Hlthcre-Foundation Trsts,PROGRAMME PROJECTS,YORK TEACHING HOSPITAL NHS FOUNDATION TRUST,24152565,"39,651.00 ",GB 654952604,1010065343,,YO30 4RY,Public Sector
Department of Health,NHS Vale Of York CCG,10/31/2018,Hlthcre-Foundation Trsts,MENTAL HEALTH CONTRACTS,TEES ESK & WEAR VALLEYS NHS FOUNDATION TRUST,24152573,"3,385,920.00 ",654967878,4810013763,,TS6 0SZ,Public Sector
Department of Health,NHS Vale Of York CCG,10/31/2018,Clinical&Medical-Independent Sector,PRIMARY CARE IT,NYNET LTD,24166857,"55,845.00 ",123407056,PUB901,,HG2 7LW,SME
Department of Health,NHS Vale Of York CCG,10/31/2018,Cont Care-Funded Nursing Care Allow,FUNDED NURSING CARE,BARCHESTER HEALTHCARE HOMES LTD,24172715,"28,807.77 ",796642084,QA00004990,,YO30 5PD,SME
Department of Health,NHS Vale Of York CCG,10/31/2018,Cont Care-Funded Nursing Care Allow,FUNDED NURSING CARE,FOUR SEASONS HEALTH CARE LTD,24172723,"45,768.95 ",927365991,QA00004998,,YO30 5NH,SME
Department of Health,NHS Vale Of York CCG,10/31/2018,Cont Care-Funded Nursing Care Allow,FUNDED NURSING CARE,LIFE STYLE CARE PLC,24172728,"27,497.29 ",,QA00005003,,YO31 8TA,SME
Department of Health,NHS Vale Of York CCG,10/31/2018,Primary Medical Services,PRC DELEGATED CO-COMMISSIONING,POSTERNGATE SURGERY,24215917,"152,399.05 ",,YN000027577,,YO8 4QH,SME
Department of Health,NHS Vale Of York CCG,10/31/2018,Primary Medical Services,PRC DELEGATED CO-COMMISSIONING,PRIORY MEDICAL GROUP,24215919,"544,751.65 ",,YN000027579,,YO24 3WX,SME
Department of Health,NHS Vale Of York CCG,10/31/2018,Primary Medical Services,PRC DELEGATED CO-COMMISSIONING,SCOTT ROAD MEDICAL CENTRE,24215921,"99,670.42 ",,YN000027581,,YO8 4BL,SME
Department of Health,NHS Vale Of York CCG,10/31/2018,Primary Medical Services,PRC DELEGATED CO-COMMISSIONING,SHERBURN GROUP PRACTICE,24215924,"101,525.64 ",,YN000027584,,LS25 6ED,SME
Department of Health,NHS Vale Of York CCG,10/31/2018,Primary Medical Services,PRC DELEGATED CO-COMMISSIONING,TADCASTER MEDICAL CENTRE,24215926,"91,344.96 ",,YN000027586,,LS24 8HD,SME
Department of Health,NHS Vale Of York CCG,10/31/2018,Hlthcre-Foundation Trsts,ACUTE COMMISSIONING,HARROGATE & DISTRICT NHS FOUNDATION NHS TRUST,24221680,"190,269.67 ",654923907,2510021077,,HG2 7UG,Public Sector
Department of Health,NHS Vale Of York CCG,10/31/2018,Hlthcre-Foundation Trsts,COMMUNITY SERVICES,HARROGATE & DISTRICT NHS FOUNDATION NHS TRUST,24221686,"100,540.83 ",654923907,2510021075,,HG2 7UG,Public Sector
Department of Health,NHS Vale Of York CCG,10/31/2018,Hcare Srv Rec NHS Trust,ACUTE COMMISSIONING,LEEDS TEACHING HOSPITALS NHS TRUST,24221703,"717,003.00 ",654944112,1410104392,,LS9 7TF,Public Sector
Department of Health,NHS Vale Of York CCG,10/31/2018,Hlthcre-Foundation Trsts,ACUTE COMMISSIONING,NORTHERN LINCOLNSHIRE AND GOOLE HOSPITALS NHS FOUNDATION TRUST,24221754,"37,584.00 ",654977580,2400021019,,DN33 2BA,Public Sector
Department of Health,NHS Vale Of York CCG,10/31/2018,Hlthcre-Foundation Trsts,MENTAL HEALTH CONTRACTS,TEES ESK & WEAR VALLEYS NHS FOUNDATION TRUST,24221811,"25,698.33 ",654967878,4810013766,,TS6 0SZ,Public Sector
Department of Health,NHS Vale Of York CCG,10/31/2018,Hlthcre-Foundation Trsts,COMMUNITY SERVICES,HUMBER TEACHING NHS FOUNDATION TRUST,24221860,"85,108.90 ",,59882551,,HU10 6ED,Public Sector
Department of Health,NHS Vale Of York CCG,10/31/2018,Hlthcre-Foundation Trsts,COMMUNITY SERVICES,HUMBER TEACHING NHS FOUNDATION TRUST,24221867,"92,554.55 ",,59882555,,HU10 6ED,Public Sector
Department of Health,NHS Vale Of York CCG,10/31/2018,Hcare Srv Rec NHS Trust,ACUTE COMMISSIONING,MID YORKSHIRE HOSPITALS NHS TRUST,24221870,"197,096.00 ",654967780,1600003569,,WF1 4DG,Public Sector
Department of Health,NHS Vale Of York CCG,10/31/2018,Clinical&Medical-Independent Sector,ACUTE COMMISSIONING,NUFFIELD HEALTH,24221883,"263,235.00 ",564291137,102018VOYCCG,,YO318TA,SME
Department of Health,NHS Vale Of York CCG,10/31/2018,Rent,FINANCE,CITY OF YORK COUNCIL,24221924,"29,858.40 ",,9001764456,,YO1 6GA,Public Sector
Department of Health,NHS Vale Of York CCG,10/31/2018,Chrgs from SLA,CONTRACT MANAGEMENT,KIER BUSINESS SERVICES LTD,24260813,"89,344.80 ",GB900540375,10110580,,SG19 2BD,SME
Department of Health,NHS Vale Of York CCG,10/31/2018,Clinical&Medical-Independent Sector,ACUTE COMMISSIONING,YORKSHIRE HEALTH SOLUTIONS LTD,24260846,"63,681.48 ",,622,,BB18 5DR,SME
Department of Health,NHS Vale Of York CCG,10/31/2018,Clinical&Medical-Independent Sector,COMMUNITY SERVICES,NRS HEALTHCARE,24260896,"55,099.10 ",GB156919571,1800105881,,LE671UB,SME
Department of Health,NHS Vale Of York CCG,10/31/2018,Clinical&Medical-Independent Sector,ACUTE COMMISSIONING,NUFFIELD HEALTH,24283710,"43,356.00 ",564291137,VOYCCGJUL18REC,,YO318TA,SME
Department of Health,NHS Vale Of York CCG,10/31/2018,Cont Care- Palliative Care,CHC ADULT FULLY FUNDED,LIFE STYLE CARE PLC,24283719,"48,484.20 ",,MIN09661MTOMIN09669M,,YO31 8TA,SME
Department of Health,NHS Vale Of York CCG,10/31/2018,Clinical&Medical-Independent Sector,ACUTE COMMISSIONING,CLIFTON PARK TREATMENT CENTRE,24283723,"368,350.00 ",,SAC101444,,YO30 5RA,SME
Department of Health,NHS Vale Of York CCG,10/31/2018,Tax and NI,BALANCE SHEET,HMRC,24300017,"109,948.26 ",,120PV005648301906,,HU2  8LP,Public Sector
Department of Health,NHS Vale Of York CCG,10/31/2018,Healthcare Srv Rec CCG,BUSINESS DEVELOPMENT,"NHS HAMBLETON, RICHMONDSHIRE AND WHITBY CCG",24315583,"47,084.10 ",654448811,7015300461,,WF31WE,Public Sector
Department of Health,NHS Vale Of York CCG,10/31/2018,Clinical&Medical-Independent Sector,GP FORWARD VIEW,NIMBUSCARE LTD,24373871,"74,280.00 ",,268,,YO24 3BU,SME
Department of Health,NHS Vale Of York CCG,10/31/2018,Clinical&Medical-Independent Sector,PRESCRIBING,NIMBUSCARE LTD,24373882,"53,114.00 ",,270,,YO24 3BU,SME
Department of Health,NHS Vale Of York CCG,10/31/2018,Clinical&Medical-Independent Sector,PRESCRIBING,NIMBUSCARE LTD,24373900,"47,998.00 ",,271,,YO24 3BU,SME
Department of Health,NHS Vale Of York CCG,10/31/2018,Cont Care- Prior Year Payments,CHC ADULT FULLY FUNDED,Adult Fully Funded Patient,24382310,"32,638.44 ",,105902-19-OCT-2018,,N/A,N/A
Department of Health,NHS Vale Of York CCG,10/31/2018,Clinical&Medical-Independent Sector,GP FORWARD VIEW,NIMBUSCARE LTD,24435825,"109,234.00 ",,269,,YO24 3BU,SME
Department of Health,NHS Vale Of York CCG,10/31/2018,Services From Local Authorities,PROGRAMME PROJECTS,CITY OF YORK COUNCIL,24435828,"50,000.00 ",,9102579375,,YO1 6GA,Public Sector
Department of Health,NHS Vale Of York CCG,10/31/2018,Clinical&Medical-Independent Sector,COMMUNITY SERVICES,NRS HEALTHCARE,24435863,"55,099.10 ",GB156919571,1800105331,,LE671UB,SME
Department of Health,NHS Vale Of York CCG,10/31/2018,General Medical Services,LOCAL ENHANCED SERVICES,DR BROOKE J P & PARTNERS,24451718,"223,592.46 ",,KHU000031925,,YO42 2BS,SME
Department of Health,NHS Vale Of York CCG,10/31/2018,General Medical Services,LOCAL ENHANCED SERVICES,BEECH TREE SURGERY,24456473,"207,731.14 ",,YN000027705,,YO89AJ,SME
Department of Health,NHS Vale Of York CCG,10/31/2018,General Medical Services,LOCAL ENHANCED SERVICES,DALTON TERRACE SURGERY,24456476,"69,445.72 ",,YN000027708,,YO24 4DB,SME
Department of Health,NHS Vale Of York CCG,10/31/2018,General Medical Services,LOCAL ENHANCED SERVICES,DR E M BRADLEY,24456480,"26,795.84 ",,YN000027712,,YO60 6PS,SME
Department of Health,NHS Vale Of York CCG,10/31/2018,General Medical Services,LOCAL ENHANCED SERVICES,DR NJ WILSON & DR JF MATTHEWS,24456482,"40,318.11 ",,YN000027714,,YO62 5HF,SME
Department of Health,NHS Vale Of York CCG,10/31/2018,General Medical Services,LOCAL ENHANCED SERVICES,DR R WESTERMAN & PARTNERS,24456483,"90,969.45 ",,YN000027715,,YO61 3JR,SME
Department of Health,NHS Vale Of York CCG,10/31/2018,General Medical Services,LOCAL ENHANCED SERVICES,DRS POTRYKUS & UTTING,24456485,"65,430.97 ",,YN000027717,,YO61 1QW,SME
Department of Health,NHS Vale Of York CCG,10/31/2018,General Medical Services,LOCAL ENHANCED SERVICES,DRS PR JONES & B MCPHERSON,24456487,"66,376.97 ",,YN000027719,,YO61 1LL,SME
Department of Health,NHS Vale Of York CCG,10/31/2018,General Medical Services,LOCAL ENHANCED SERVICES,ELVINGTON MEDICAL PRACTICE,24456489,"122,941.43 ",,YN000027721,,YO41 4DY,SME
Department of Health,NHS Vale Of York CCG,10/31/2018,General Medical Services,LOCAL ENHANCED SERVICES,ESCRICK SURGERY,24456491,"107,808.55 ",,YN000027723,,YO19 6 LE,SME
Department of Health,NHS Vale Of York CCG,10/31/2018,General Medical Services,LOCAL ENHANCED SERVICES,FRONT STREET SURGERY,24456494,"72,068.48 ",,YN000027726,,YO24 3BZ,SME
Department of Health,NHS Vale Of York CCG,10/31/2018,General Medical Services,LOCAL ENHANCED SERVICES,HAXBY GROUP PRACTICE,24456495,"332,640.17 ",879087365,YN000027727,,YO243BU,SME
Department of Health,NHS Vale Of York CCG,10/31/2018,General Medical Services,LOCAL ENHANCED SERVICES,KIRKBYMOORSIDE SURGERY,24456497,"54,797.69 ",,YN000027730,,YO62 6AR,SME
Department of Health,NHS Vale Of York CCG,10/31/2018,General Medical Services,LOCAL ENHANCED SERVICES,MY HEALTH,24456498,"232,382.14 ",,YN000027731,,YO32 5UA,SME
Department of Health,NHS Vale Of York CCG,10/31/2018,General Medical Services,LOCAL ENHANCED SERVICES,OLD SCHOOL MEDICAL PRACTICE,24456501,"80,704.89 ",,YN000027734,,YO23 3UA,SME
Department of Health,NHS Vale Of York CCG,10/31/2018,General Medical Services,LOCAL ENHANCED SERVICES,PICKERING MEDICAL PRACTICE,24456503,"141,353.68 ",,YN000027736,,YO18 8BL,SME
Department of Health,NHS Vale Of York CCG,10/31/2018,General Medical Services,LOCAL ENHANCED SERVICES,POSTERNGATE SURGERY,24456505,"29,145.46 ",,YN000027738,,YO8 4QH,SME
Department of Health,NHS Vale Of York CCG,10/31/2018,General Medical Services,LOCAL ENHANCED SERVICES,SOUTH MILFORD SURGERY,24456508,"145,092.52 ",,YN000027741,,YO8 9NA,SME
Department of Health,NHS Vale Of York CCG,10/31/2018,General Medical Services,LOCAL ENHANCED SERVICES,SHERBURN GROUP PRACTICE,24456510,"40,030.81 ",,YN000027743,,LS25 6ED,SME
Department of Health,NHS Vale Of York CCG,10/31/2018,General Medical Services,LOCAL ENHANCED SERVICES,TADCASTER MEDICAL CENTRE,24456512,"28,903.22 ",,YN000027745,,LS24 8HD,SME
Department of Health,NHS Vale Of York CCG,10/31/2018,General Medical Services,LOCAL ENHANCED SERVICES,UNITY HEALTH,24456515,"104,290.35 ",,YN000027748,,TS6 0SZ,SME
Department of Health,NHS Vale Of York CCG,10/31/2018,General Medical Services,PRC DELEGATED CO-COMMISSIONING,YORK MEDICAL GROUP,24456516,"337,416.28 ",,YN000027749,,YO24 4HD,SME
Department of Health,NHS Vale Of York CCG,10/31/2018,General Medical Services,PRC DELEGATED CO-COMMISSIONING,JORVIK GILLYGATE PRACTICE,24456518,"165,294.72 ",,YN000027751,,YO1 7NP,SME
Department of Health,NHS Vale Of York CCG,10/31/2018,Healthcare Srv Rec CCG,HOSPICES,NHS SCARBOROUGH AND RYEDALE CCG,24463899,"36,584.00 ",654454427,7016101944,,WF3 1WE,Public Sector
Department of Health,NHS Vale Of York CCG,10/31/2018,Services From Local Authorities,PROGRAMME PROJECTS,NORTH YORKSHIRE COUNTY COUNCIL,24467039,"729,555.00 ",,600006002,,DL7 8AL,Public Sector
Department of Health,NHS Vale Of York CCG,10/31/2018,Hcare Srv Rec Fdtn Trust-Contract Cost per Case,ACUTE COMMISSIONING,YORK TEACHING HOSPITAL NHS FOUNDATION TRUST,24502878,"18,179,900.00 ",GB 654952604,1010065942,,YO30 4RY,Public Sector
Department of Health,NHS Vale Of York CCG,10/31/2018,Hcare Srv Rec Fdtn Trust-Contract Cost per Case,COMMUNITY SERVICES,YORK TEACHING HOSPITAL NHS FOUNDATION TRUST,24502880,"1,337,264.00 ",GB 654952604,1010065956,,YO30 4RY,Public Sector
Department of Health,NHS Vale Of York CCG,10/31/2018,PREPYMT OVERSEAS NON EEA PATIENTS,ACUTE COMMISSIONING,YORK TEACHING HOSPITAL NHS FOUNDATION TRUST,24502927,"32,635.63 ",GB 654952604,1010066059,,YO30 4RY,Public Sector
Department of Health,NHS Vale Of York CCG,10/31/2018,Clinical&Medical-Independent Sector,NCAS/OATS,SPAMEDICA LTD,24517683,"34,160.85 ",,NHSVYO028,,M154SQ,SME
,,,,,,,,,,,,
,,,,,,,,,,,,
