Expenditure Over �25k Threshold - M03 2018/19,,,
,,,
,,,
SheetMonth,Supplier,Purchase Invoice Number,Total (�)
6/1/2018,ADDACTION,22756031,"27,810.00"
6/1/2018,ALLIANCE FOR BETTER CARE LTD,22731085,"40,700.00"
6/1/2018,ALLIANCE FOR BETTER CARE LTD,22731102,"45,685.02"
6/1/2018,BARTS HEALTH NHS TRUST,22551586,"29,991.89"
6/1/2018,BRIGHTON AND SUSSEX UNIVERSITY HOSPITALS NHS TRUST,22627080,"45,182.00"
6/1/2018,CHILDREN & FAMILY HEALTH SURREY,22691238,"189,982.00"
6/1/2018,CROYDON HEALTH SERVICES NHS TRUST,22627066,"181,475.02"
6/1/2018,DIAGNOSTIC ULTRASOUND SERVICES,22756025,"29,806.20"
6/1/2018,DORKING HEALTHCARE LTD,22627062,"134,361.58"
6/1/2018,EPSOM & ST HELIER UNIVERSITY HOSPITALS NHS TRUST,22627082,"201,490.00"
6/1/2018,FIRST COMMUNITY HEALTH & CARE CIC,22530794,"203,377.00"
6/1/2018,FIRST COMMUNITY HEALTH & CARE CIC,22551535,"41,450.45"
6/1/2018,FIRST COMMUNITY HEALTH & CARE CIC,22607575,"39,143.63"
6/1/2018,FIRST COMMUNITY HEALTH & CARE CIC,22607577,"1,305,150.80"
6/1/2018,FIRST COMMUNITY HEALTH & CARE CIC,22609494,"39,143.63"
6/1/2018,FIRST COMMUNITY HEALTH & CARE CIC,22630824,"1,305,150.80"
6/1/2018,FIRST COMMUNITY HEALTH & CARE CIC,22756034,"49,609.52"
6/1/2018,FIRST COMMUNITY HEALTH & CARE CIC,22756035,"41,212.23"
6/1/2018,FIRST COMMUNITY HEALTH & CARE CIC,22756053,"63,545.45"
6/1/2018,GUYS & ST THOMAS HOSPITAL NHS FOUNDATION TRUST,22627064,"145,668.00"
6/1/2018,HMRC,22633845,"63,491.69"
6/1/2018,KING`S COLLEGE HOSPITAL NHS FOUNDATION TRUST,22627061,"81,998.00"
6/1/2018,MAIDSTONE AND TUNBRIDGE WELLS NHS TRUST,22627079,"62,347.96"
6/1/2018,MOORFIELDS EYE HOSPITAL NHS FOUNDATION TRUST,22627060,"44,464.00"
6/1/2018,NHS GUILDFORD AND WAVERLEY CCG,22756007,"516,581.00"
6/1/2018,NHS SOUTH CENTRAL AND WEST COMMISSIONING SUPPORT UNIT,22584425,"54,885.23"
6/1/2018,NHS SURREY DOWNS CCG,22691239,"1,362,929.38"
6/1/2018,NORTH DOWNS HOSPITAL,22627067,"388,120.54"
6/1/2018,QUEEN ELIZABETHS FOUNDATION FOR DISABLED PEOPLE,22746147,"67,797.00"
6/1/2018,QUEEN VICTORIA HOSPITAL NHS FOUNDATION TRUST,22627081,"222,527.12"
6/1/2018,ROYAL MARSDEN NHS FOUNDATION TRUST (THE),22627074,"70,884.73"
6/1/2018,ROYAL NATIONAL ORTHOPAEDIC HOSPITAL NHS TRUST,22627069,"32,707.00"
6/1/2018,SOUTH CENTRAL AMBULANCE SERVICE NHS FOUNDATION TRUST,22627058,"82,518.27"
6/1/2018,SOUTH EAST COAST AMBULANCE SERVICE NHS FOUNDATION TRUST,22627077,"524,874.78"
6/1/2018,SOUTH EAST COAST AMBULANCE SERVICE NHS FOUNDATION TRUST,22627078,"36,811.17"
6/1/2018,SPIRE HEALTHCARE LTD,22627057,"58,779.50"
6/1/2018,SPIRE HEALTHCARE LTD,22627070,"58,779.50"
6/1/2018,ST GEORGES UNIVERSITY HOSPITALS NHS FOUNDATION TRUST,22691236,"444,751.98"
6/1/2018,ST GEORGES UNIVERSITY HOSPITALS NHS FOUNDATION TRUST,22756055,"-69,622.15"
6/1/2018,SURREY & BORDERS PARTNERSHIP NHS FOUNDATION TRUST,22627065,"40,035.00"
6/1/2018,SURREY & BORDERS PARTNERSHIP NHS FOUNDATION TRUST,22627075,"1,064,027.00"
6/1/2018,SURREY & BORDERS PARTNERSHIP NHS FOUNDATION TRUST,22627076,"104,238.00"
6/1/2018,SURREY & BORDERS PARTNERSHIP NHS FOUNDATION TRUST,22647196,"34,695.00"
6/1/2018,SURREY & BORDERS PARTNERSHIP NHS FOUNDATION TRUST,22647223,"38,410.00"
6/1/2018,SURREY & BORDERS PARTNERSHIP NHS FOUNDATION TRUST,22647321,"38,860.00"
6/1/2018,SURREY AND SUSSEX HEALTHCARE NHS TRUST,22607570,"-87,863.00"
6/1/2018,SURREY AND SUSSEX HEALTHCARE NHS TRUST,22627073,"7,980,615.00"
6/1/2018,SURREY COUNTY COUNCIL,22647351,"497,940.74"
6/1/2018,SURREY COUNTY COUNCIL,22756015,"497,940.70"
6/1/2018,SURREY COUNTY COUNCIL,22756018,"497,940.70"
6/1/2018,SURREY COUNTY COUNCIL,22841392,"162,392.00"
6/1/2018,UNIVERSITY COLLEGE LONDON HOSPITALS NHS FOUNDATION TRUST,22627072,"58,213.00"
