Expenditure Over �25k Threshold - M08 2018/19,,,
,,,
SheetMonth,Supplier,Purchase Invoice Number,Total (�)
11/1/2018,ADDACTION,24888684,"29,300.00"
11/1/2018,ADDACTION,24888738,"29,150.00"
11/1/2018,ALLIANCE FOR BETTER CARE LTD,24810354,"50,180.19"
11/1/2018,ALLIANCE FOR BETTER CARE LTD,24810360,"40,920.00"
11/1/2018,BRIGHTON AND SUSSEX UNIVERSITY HOSPITALS NHS TRUST,24749545,"48,394.00"
11/1/2018,CHELSEA AND WESTMINSTER HOSPITAL NHS FOUNDATION TRUST,24888680,"34,275.63"
11/1/2018,CHILDREN & FAMILY HEALTH SURREY,24749411,"193,553.00"
11/1/2018,CROYDON HEALTH SERVICES NHS TRUST,24749351,"180,181.09"
11/1/2018,CROYDON HEALTH SERVICES NHS TRUST,24888664,"339,353.71"
11/1/2018,CROYDON HEALTH SERVICES NHS TRUST,24888676,"173,605.52"
11/1/2018,CROYDON HEALTH SERVICES NHS TRUST,24888697,"40,673.82"
11/1/2018,CROYDON HEALTH SERVICES NHS TRUST,24888734,"-122,033.49"
11/1/2018,CROYDON HEALTH SERVICES NHS TRUST,24888753,"-40,673.82"
11/1/2018,DIAGNOSTIC ULTRASOUND SERVICES,24571974,"30,324.72"
11/1/2018,DORKING HEALTHCARE LTD,24888774,"134,361.58"
11/1/2018,DR DA HINKES & PARTNERS,24880087,"29,717.19"
11/1/2018,DR P D KERR & PARTNERS,24572845,"70,857.30"
11/1/2018,EPSOM & ST HELIER UNIVERSITY HOSPITALS NHS TRUST,24749474,"228,890.98"
11/1/2018,FIRST COMMUNITY HEALTH & CARE CIC,24571723,"25,500.00"
11/1/2018,FIRST COMMUNITY HEALTH & CARE CIC,24617239,"60,000.00"
11/1/2018,FIRST COMMUNITY HEALTH & CARE CIC,24628592,"46,326.54"
11/1/2018,FIRST COMMUNITY HEALTH & CARE CIC,24628595,"34,718.57"
11/1/2018,FIRST COMMUNITY HEALTH & CARE CIC,24749392,"1,409,533.00"
11/1/2018,FIRST COMMUNITY HEALTH & CARE CIC,24749432,"96,631.20"
11/1/2018,FIRST COMMUNITY HEALTH & CARE CIC,24749438,"100,215.20"
11/1/2018,FIRST COMMUNITY HEALTH & CARE CIC,24749441,"96,632.20"
11/1/2018,FIRST COMMUNITY HEALTH & CARE CIC,24749443,"496,632.20"
11/1/2018,FIRST COMMUNITY HEALTH & CARE CIC,24749457,"100,217.20"
11/1/2018,FIRST COMMUNITY HEALTH & CARE CIC,24832169,"28,490.24"
11/1/2018,FIRST COMMUNITY HEALTH & CARE CIC,24832183,"44,570.83"
11/1/2018,FIRST COMMUNITY HEALTH & CARE CIC,24832185,"35,035.62"
11/1/2018,FIRST COMMUNITY HEALTH & CARE CIC,24832200,"104,382.20"
11/1/2018,FIRST COMMUNITY HEALTH & CARE CIC,24832202,"104,382.20"
11/1/2018,FIRST COMMUNITY HEALTH & CARE CIC,24832208,"-153,255.40"
11/1/2018,GUYS & ST THOMAS HOSPITAL NHS FOUNDATION TRUST,24749375,"133,320.00"
11/1/2018,HILLINGDON HOSPITALS NHS FOUNDATION TRUST,24968147,"28,037.00"
11/1/2018,HMRC,24740189,"63,074.34"
11/1/2018,KING`S COLLEGE HOSPITAL NHS FOUNDATION TRUST,24749366,"78,274.00"
11/1/2018,MAIDSTONE AND TUNBRIDGE WELLS NHS TRUST,24749521,"70,438.20"
11/1/2018,MOORFIELDS EYE HOSPITAL NHS FOUNDATION TRUST,24749335,"44,464.00"
11/1/2018,NHS GUILDFORD AND WAVERLEY CCG,24617225,"111,554.00"
11/1/2018,NHS GUILDFORD AND WAVERLEY CCG,24628586,"111,554.00"
11/1/2018,NHS GUILDFORD AND WAVERLEY CCG,24749402,"517,296.00"
11/1/2018,NHS GUILDFORD AND WAVERLEY CCG,24749408,"118,313.00"
11/1/2018,NHS HIGH WEALD LEWES HAVENS CCG,24810368,"31,892.00"
11/1/2018,NHS HORSHAM AND MID SUSSEX CCG,24749321,"202,721.82"
11/1/2018,NHS LINCOLNSHIRE WEST CCG,24832204,"-129,200.00"
11/1/2018,NHS LINCOLNSHIRE WEST CCG,24888671,"129,200.00"
11/1/2018,NHS SOUTH CENTRAL AND WEST COMMISSIONING SUPPORT UNIT,24654513,"37,894.43"
11/1/2018,NHS SOUTH CENTRAL AND WEST COMMISSIONING SUPPORT UNIT,24678897,"54,885.23"
11/1/2018,NHS SURREY DOWNS CCG,24598144,"42,661.00"
11/1/2018,NHS SURREY DOWNS CCG,24749554,"1,362,929.38"
11/1/2018,NORTH DOWNS HOSPITAL,24749381,"388,120.54"
11/1/2018,POND TAIL SURGERY,24942827,"28,664.91"
11/1/2018,QUEEN VICTORIA HOSPITAL NHS FOUNDATION TRUST,24749532,"240,109.00"
11/1/2018,ROYAL MARSDEN NHS FOUNDATION TRUST (THE),24749477,"195,482.34"
11/1/2018,ROYAL NATIONAL ORTHOPAEDIC HOSPITAL NHS TRUST,24749463,"27,904.00"
11/1/2018,ROYAL SURREY COUNTY HOSPITAL NHS FOUNDATION TRUST,24749470,"87,532.00"
11/1/2018,SMALLFIELD SURGERY,24942828,"32,357.85"
11/1/2018,SOUTH CENTRAL AMBULANCE SERVICE NHS FOUNDATION TRUST,24749446,"82,518.27"
11/1/2018,SOUTH EAST COAST AMBULANCE SERVICE NHS FOUNDATION TRUST,24749500,"35,549.83"
11/1/2018,SOUTH EAST COAST AMBULANCE SERVICE NHS FOUNDATION TRUST,24749550,"554,010.25"
11/1/2018,SOUTH EAST COAST AMBULANCE SERVICE NHS FOUNDATION TRUST,24749558,"143,864.98"
11/1/2018,SPIRE HEALTHCARE LTD,24749426,"58,779.50"
11/1/2018,ST CATHERINES HOSPICE,24628585,"388,750.00"
11/1/2018,ST GEORGES UNIVERSITY HOSPITALS NHS FOUNDATION TRUST,24749359,"326,069.77"
11/1/2018,SURREY & BORDERS PARTNERSHIP NHS FOUNDATION TRUST,24571647,"69,625.00"
11/1/2018,SURREY & BORDERS PARTNERSHIP NHS FOUNDATION TRUST,24598188,"29,120.00"
11/1/2018,SURREY & BORDERS PARTNERSHIP NHS FOUNDATION TRUST,24729262,"143,738.00"
11/1/2018,SURREY & BORDERS PARTNERSHIP NHS FOUNDATION TRUST,24729284,"-126,537.00"
11/1/2018,SURREY & BORDERS PARTNERSHIP NHS FOUNDATION TRUST,24729288,"-126,537.00"
11/1/2018,SURREY & BORDERS PARTNERSHIP NHS FOUNDATION TRUST,24749483,"1,064,027.00"
11/1/2018,SURREY & BORDERS PARTNERSHIP NHS FOUNDATION TRUST,24749491,"116,580.00"
11/1/2018,SURREY & BORDERS PARTNERSHIP NHS FOUNDATION TRUST,24749496,"104,238.00"
11/1/2018,SURREY & BORDERS PARTNERSHIP NHS FOUNDATION TRUST,24888783,"40,275.00"
11/1/2018,SURREY AND SUSSEX HEALTHCARE NHS TRUST,24729279,"8,707,891.00"
11/1/2018,TANDRIDGE DISTRICT COUNCIL,24749547,"123,000.00"
11/1/2018,UNIVERSITY COLLEGE LONDON HOSPITALS NHS FOUNDATION TRUST,24749460,"58,213.00"
