Expenditure Over �25k Threshold - M10 2018/19,,,
,,,
SheetMonth,Supplier,Purchase Invoice Number,Total (�)
1/1/2019,ADDACTION,25583418,"40,255.00"
1/1/2019,ALLIANCE FOR BETTER CARE LTD,25677326,"50,180.19"
1/1/2019,BIRCHWOOD MEDICAL PRACTICE HORLEY,25695828,"72,170.80"
1/1/2019,BRIGHTON AND SUSSEX UNIVERSITY HOSPITALS NHS TRUST,25583465,"48,394.00"
1/1/2019,CATERHAM VALLEY MEDICAL PRACTICE,25636140,"38,799.76"
1/1/2019,CHILDREN & FAMILY HEALTH SURREY,25583596,"193,553.00"
1/1/2019,CROYDON HEALTH SERVICES NHS TRUST,25583301,"180,181.09"
1/1/2019,DORKING HEALTHCARE LTD,25583562,"35,085.00"
1/1/2019,DORKING HEALTHCARE LTD,25583580,"134,361.58"
1/1/2019,DR P D KERR & PARTNERS,25695805,"74,838.13"
1/1/2019,DR V TUN & PARTNERS,25695780,"29,679.36"
1/1/2019,EPSOM & ST HELIER UNIVERSITY HOSPITALS NHS TRUST,25583288,"-169,702.50"
1/1/2019,EPSOM & ST HELIER UNIVERSITY HOSPITALS NHS TRUST,25583491,"228,890.98"
1/1/2019,FIRST COMMUNITY HEALTH & CARE CIC,25453996,"86,220.00"
1/1/2019,FIRST COMMUNITY HEALTH & CARE CIC,25555780,"1,409,533.00"
1/1/2019,FIRST COMMUNITY HEALTH & CARE CIC,25636117,"68,549.25"
1/1/2019,FIRST COMMUNITY HEALTH & CARE CIC,25636118,"65,997.20"
1/1/2019,FIRST COMMUNITY HEALTH & CARE CIC,25636122,"64,750.85"
1/1/2019,GREYSTONE HOUSE SURGERY,25695761,"72,053.84"
1/1/2019,GUYS & ST THOMAS HOSPITAL NHS FOUNDATION TRUST,25583327,"133,320.00"
1/1/2019,HAWTHORNS SURGERY,25695785,"44,201.14"
1/1/2019,HMRC,25552239,"59,924.94"
1/1/2019,HOLMHURST MEDICAL CENTRE,25695820,"48,975.52"
1/1/2019,KING`S COLLEGE HOSPITAL NHS FOUNDATION TRUST,25583311,"78,273.00"
1/1/2019,LINGFIELD SURGERY,25695809,"46,657.18"
1/1/2019,MAIDSTONE AND TUNBRIDGE WELLS NHS TRUST,25583666,"70,438.20"
1/1/2019,MOAT HOUSE SURGERY,25695790,"54,512.06"
1/1/2019,MOORFIELDS EYE HOSPITAL NHS FOUNDATION TRUST,25583276,"41,123.00"
1/1/2019,NHS NORTH WEST SURREY CCG,25583683,"121,071.00"
1/1/2019,NHS PROPERTY SERVICES LTD,25583356,"28,065.73"
1/1/2019,NHS PROPERTY SERVICES LTD,25583670,"-28,065.73"
1/1/2019,NHS SOUTH CENTRAL AND WEST COMMISSIONING SUPPORT UNIT,25555870,"54,885.19"
1/1/2019,NHS SURREY DOWNS CCG,25555833,"1,362,929.38"
1/1/2019,NORTH DOWNS HOSPITAL,25583260,"388,120.54"
1/1/2019,OXTED HEALTH CENTRE,25695767,"61,339.09"
1/1/2019,POND TAIL SURGERY,25695784,"25,871.28"
1/1/2019,QUEEN ELIZABETHS FOUNDATION FOR DISABLED PEOPLE,25659890,"62,460.00"
1/1/2019,QUEEN VICTORIA HOSPITAL NHS FOUNDATION TRUST,25583729,"240,109.00"
1/1/2019,ROYAL MARSDEN NHS FOUNDATION TRUST (THE),25583156,"46,474.00"
1/1/2019,ROYAL MARSDEN NHS FOUNDATION TRUST (THE),25583496,"102,034.13"
1/1/2019,ROYAL NATIONAL ORTHOPAEDIC HOSPITAL NHS TRUST,25583457,"27,904.00"
1/1/2019,ROYAL SURREY COUNTY HOSPITAL NHS FOUNDATION TRUST,25583484,"87,532.00"
1/1/2019,SMALLFIELD SURGERY,25695816,"36,367.41"
1/1/2019,SOUTH CENTRAL AMBULANCE SERVICE NHS FOUNDATION TRUST,25583470,"82,518.27"
1/1/2019,SOUTH EAST COAST AMBULANCE SERVICE NHS FOUNDATION TRUST,25583510,"35,549.83"
1/1/2019,SOUTH EAST COAST AMBULANCE SERVICE NHS FOUNDATION TRUST,25583520,"554,010.25"
1/1/2019,SPIRE HEALTHCARE LTD,25583445,"58,779.50"
1/1/2019,ST CATHERINES HOSPICE,25695753,"388,750.00"
1/1/2019,ST GEORGES UNIVERSITY HOSPITALS NHS FOUNDATION TRUST,25583103,"39,435.00"
1/1/2019,ST GEORGES UNIVERSITY HOSPITALS NHS FOUNDATION TRUST,25583116,"47,539.00"
1/1/2019,ST GEORGES UNIVERSITY HOSPITALS NHS FOUNDATION TRUST,25583126,"-44,593.11"
1/1/2019,ST GEORGES UNIVERSITY HOSPITALS NHS FOUNDATION TRUST,25583131,"88,177.55"
1/1/2019,ST GEORGES UNIVERSITY HOSPITALS NHS FOUNDATION TRUST,25583241,"-200,643.85"
1/1/2019,ST GEORGES UNIVERSITY HOSPITALS NHS FOUNDATION TRUST,25583306,"326,883.93"
1/1/2019,SURREY & BORDERS PARTNERSHIP NHS FOUNDATION TRUST,25555827,"1,064,027.00"
1/1/2019,SURREY & BORDERS PARTNERSHIP NHS FOUNDATION TRUST,25583500,"116,580.00"
1/1/2019,SURREY & BORDERS PARTNERSHIP NHS FOUNDATION TRUST,25583505,"104,238.00"
1/1/2019,SURREY COUNTY COUNCIL,25583364,"488,690.74"
1/1/2019,TOWNHILL MEDICAL PRACTICE,25695810,"69,311.56"
1/1/2019,UNIVERSITY COLLEGE LONDON HOSPITALS NHS FOUNDATION TRUST,25583323,"58,213.00"
1/1/2019,WARLINGHAM MEDICAL PRACTICE,25695794,"73,003.52"
1/1/2019,WOODLAND SURGERY REDHILL,25636136,"38,767.34"
