NHS South Tyneside CCG - Invoices Over �25k Report - August 2018,,,,,,,
Department family,Entity,Date,Expense Type,Expense area,Supplier,Transaction number,AP Amount �
Department of Health,NHS South Tyneside CCG,8/31/2018,Clinical&Medical-Independent Sector,ACUTE COMMISSIONING,SPIRE HEALTHCARE LTD,23300362,57788.00
Department of Health,NHS South Tyneside CCG,8/31/2018,Clinical&Medical-Independent Sector,COMMUNITY SERVICES,CONNECT HEALTH LTD,23699267,88792.06
Department of Health,NHS South Tyneside CCG,8/31/2018,Clinical&Medical-Independent Sector,COMMUNITY SERVICES,CONNECT PHYSICAL HEALTH CENTRES LTD,23300366,88792.06
Department of Health,NHS South Tyneside CCG,8/31/2018,Clinical&Medical-Independent Sector,COMMUNITY SERVICES,SPECSAVERS HEARCARE LTD,23220170,32086.00
Department of Health,NHS South Tyneside CCG,8/31/2018,Clinical&Medical-Independent Sector,OUT OF HOURS,SOUTH TYNESIDE HEALTH COLLABORATION LTD,23274718,73647.75
Department of Health,NHS South Tyneside CCG,8/31/2018,Hcare Srv Rec Fdtn Trust-Contract Baseline,ACUTE COMMISSIONING,CITY HOSPITALS SUNDERLAND FOUNDATION NHS TRUST,23390041,2184779.00
Department of Health,NHS South Tyneside CCG,8/31/2018,Hcare Srv Rec Fdtn Trust-Contract Baseline,ACUTE COMMISSIONING,CITY HOSPITALS SUNDERLAND FOUNDATION NHS TRUST,23613972,-92378.00
Department of Health,NHS South Tyneside CCG,8/31/2018,Hcare Srv Rec Fdtn Trust-Contract Baseline,ACUTE COMMISSIONING,COUNTY DURHAM AND DARLINGTON NHS FOUNDATION TRUST,23643250,107118.00
Department of Health,NHS South Tyneside CCG,8/31/2018,Hcare Srv Rec Fdtn Trust-Contract Baseline,ACUTE COMMISSIONING,GATESHEAD HEALTH NHS FOUNDATION TRUST,23297737,741667.00
Department of Health,NHS South Tyneside CCG,8/31/2018,Hcare Srv Rec Fdtn Trust-Contract Baseline,ACUTE COMMISSIONING,NEWCASTLE UPON TYNE HOSPITALS NHS FOUNDATION TRUST,23372219,1195232.91
Department of Health,NHS South Tyneside CCG,8/31/2018,Hcare Srv Rec Fdtn Trust-Contract Baseline,ACUTE COMMISSIONING,NORTHUMBRIA HEALTHCARE NHS FOUNDATION TRUST,23352136,38282.00
Department of Health,NHS South Tyneside CCG,8/31/2018,Hcare Srv Rec Fdtn Trust-Contract Baseline,ACUTE COMMISSIONING,SOUTH TYNESIDE NHS FOUNDATION TRUST,23371819,6561434.00
Department of Health,NHS South Tyneside CCG,8/31/2018,Hcare Srv Rec Fdtn Trust-Contract Baseline,AMBULANCE SERVICES,NORTH EAST AMBULANCE SERVICES NHS TRUST,23459616,582958.00
Department of Health,NHS South Tyneside CCG,8/31/2018,Hcare Srv Rec Fdtn Trust-Contract Baseline,COMMUNITY SERVICES,SOUTH TYNESIDE NHS FOUNDATION TRUST,23297736,41415.00
Department of Health,NHS South Tyneside CCG,8/31/2018,Hcare Srv Rec Fdtn Trust-Contract Baseline,COMMUNITY SERVICES,SOUTH TYNESIDE NHS FOUNDATION TRUST,23371824,1168182.00
Department of Health,NHS South Tyneside CCG,8/31/2018,Hcare Srv Rec Fdtn Trust-Contract Baseline,MENTAL HEALTH CONTRACTS,NORTHUMBERLAND TYNE AND WEAR NHS FOUNDATION TRUST,23352133,123555.25
Department of Health,NHS South Tyneside CCG,8/31/2018,Hcare Srv Rec Fdtn Trust-Contract Baseline,MENTAL HEALTH CONTRACTS,NORTHUMBERLAND TYNE AND WEAR NHS FOUNDATION TRUST,23668748,1784122.00
Department of Health,NHS South Tyneside CCG,8/31/2018,Hcare Srv Rec Fdtn Trust-Contract Baseline,MENTAL HEALTH CONTRACTS,SOUTH TYNESIDE NHS FOUNDATION TRUST,23371822,279877.00
Department of Health,NHS South Tyneside CCG,8/31/2018,Hcare Srv Rec Fdtn Trust-Contract Baseline,NHS 111,NORTH EAST AMBULANCE SERVICES NHS TRUST,23459613,43309.83
Department of Health,NHS South Tyneside CCG,8/31/2018,Hcare Srv Rec Fdtn Trust-Contract Baseline,OUT OF HOURS,NORTH EAST AMBULANCE SERVICES NHS TRUST,23459618,62202.56
Department of Health,NHS South Tyneside CCG,8/31/2018,Charges from CSU,ADMINISTRATION & BUSINESS SUPPORT,NHS NORTH OF ENGLAND CSU,23352138,136245.00
Department of Health,NHS South Tyneside CCG,8/31/2018,Clinical&Medical-Othe Public Sector,COMMUNITY SERVICES,SOUTH TYNESIDE COUNCIL,23372220,60833.00
Department of Health,NHS South Tyneside CCG,8/31/2018,Clinical&Medical-Othe Public Sector,COMMUNITY SERVICES,SOUTH TYNESIDE COUNCIL,23372224,372917.00
Department of Health,NHS South Tyneside CCG,8/31/2018,Clinical&Medical-Othe Public Sector,CONTINUING HEALTHCARE ASSESSMENT & SUPPORT,SOUTH TYNESIDE COUNCIL,23372221,25000.00
Department of Health,NHS South Tyneside CCG,8/31/2018,Cont Care- Children,CHC CHILDREN,SOUTH TYNESIDE COUNCIL,23372223,225000.00
Department of Health,NHS South Tyneside CCG,8/31/2018,C&M-GMS/PMS,PRC DELEGATED CO-COMMISSIONING,DR AT ST GEORGE MEDICAL PRACTICE,23391561,102861.50
Department of Health,NHS South Tyneside CCG,8/31/2018,C&M-GMS/PMS,PRC DELEGATED CO-COMMISSIONING,DR BHALLA & PARTNERS,23391559,91527.62
Department of Health,NHS South Tyneside CCG,8/31/2018,C&M-GMS/PMS,PRC DELEGATED CO-COMMISSIONING,DR CERVENAK & ONEILL,23391565,55029.53
Department of Health,NHS South Tyneside CCG,8/31/2018,C&M-GMS/PMS,PRC DELEGATED CO-COMMISSIONING,DR DOWSETT & PARTNERS,23391563,48145.06
Department of Health,NHS South Tyneside CCG,8/31/2018,C&M-GMS/PMS,PRC DELEGATED CO-COMMISSIONING,DR GALLAGHER & PARTNERS SOUTH SHIELDS,23391569,182700.87
Department of Health,NHS South Tyneside CCG,8/31/2018,C&M-GMS/PMS,PRC DELEGATED CO-COMMISSIONING,DR HAQUE & PARTNER,23391567,40169.92
Department of Health,NHS South Tyneside CCG,8/31/2018,C&M-GMS/PMS,PRC DELEGATED CO-COMMISSIONING,DR MCMANUS & PARTNER,23391571,33824.48
Department of Health,NHS South Tyneside CCG,8/31/2018,C&M-GMS/PMS,PRC DELEGATED CO-COMMISSIONING,DR MUCHALL & PARTNERS,23391572,-33977.46
Department of Health,NHS South Tyneside CCG,8/31/2018,C&M-GMS/PMS,PRC DELEGATED CO-COMMISSIONING,DR MUCHALL & PARTNERS,23391573,188652.14
Department of Health,NHS South Tyneside CCG,8/31/2018,C&M-GMS/PMS,PRC DELEGATED CO-COMMISSIONING,DR PERRINS & PARTNERS,23421040,62437.02
Department of Health,NHS South Tyneside CCG,8/31/2018,C&M-GMS/PMS,PRC DELEGATED CO-COMMISSIONING,DR SIMPSON & PARTNERS BOLDON COLLIERY,23391575,68285.11
Department of Health,NHS South Tyneside CCG,8/31/2018,C&M-GMS/PMS,PRC DELEGATED CO-COMMISSIONING,DR THORNILEY WALKER & PARTNERS,23391579,57379.39
Department of Health,NHS South Tyneside CCG,8/31/2018,C&M-GMS/PMS,PRC DELEGATED CO-COMMISSIONING,DR VINAYAK & PARTNER,23391581,32200.14
Department of Health,NHS South Tyneside CCG,8/31/2018,C&M-GMS/PMS,PRC DELEGATED CO-COMMISSIONING,DR ZAIDI & PARTNER,23391577,41129.98
Department of Health,NHS South Tyneside CCG,8/31/2018,C&M-GMS/PMS,PRC DELEGATED CO-COMMISSIONING,ELLISON VIEW SURGERY,23421044,-25416.77
Department of Health,NHS South Tyneside CCG,8/31/2018,C&M-GMS/PMS,PRC DELEGATED CO-COMMISSIONING,ELLISON VIEW SURGERY,23421045,115994.35
Department of Health,NHS South Tyneside CCG,8/31/2018,C&M-GMS/PMS,PRC DELEGATED CO-COMMISSIONING,FARNHAM MEDICAL CENTRE,23421042,-39777.72
Department of Health,NHS South Tyneside CCG,8/31/2018,C&M-GMS/PMS,PRC DELEGATED CO-COMMISSIONING,FARNHAM MEDICAL CENTRE,23421043,175396.53
Department of Health,NHS South Tyneside CCG,8/31/2018,C&M-GMS/PMS,PRC DELEGATED CO-COMMISSIONING,GLEN MEDICAL GROUP,23391583,67308.61
Department of Health,NHS South Tyneside CCG,8/31/2018,C&M-GMS/PMS,PRC DELEGATED CO-COMMISSIONING,IMEARY STREET SURGERY,23391591,28977.72
Department of Health,NHS South Tyneside CCG,8/31/2018,C&M-GMS/PMS,PRC DELEGATED CO-COMMISSIONING,MAYFIELD MEDICAL CENTRE JARROW,23391585,84997.72
Department of Health,NHS South Tyneside CCG,8/31/2018,C&M-GMS/PMS,PRC DELEGATED CO-COMMISSIONING,RAVENSWORTH SURGERY,23391589,69140.02
Department of Health,NHS South Tyneside CCG,8/31/2018,C&M-GMS/PMS,PRC DELEGATED CO-COMMISSIONING,TALBOT MEDICAL CENTRE,23400178,73604.94
Department of Health,NHS South Tyneside CCG,8/31/2018,Income tax <1Yr,BALANCE SHEET,HMRC,23455698,22519.57
Department of Health,NHS South Tyneside CCG,8/31/2018,Income tax <1Yr-Student Loans,BALANCE SHEET,HMRC,23455698,72.00
Department of Health,NHS South Tyneside CCG,8/31/2018,National Insurance < 1 yr-NI- ERS,BALANCE SHEET,HMRC,23455698,12477.59
Department of Health,NHS South Tyneside CCG,8/31/2018,National Insurance < 1 yr-NI-EES,BALANCE SHEET,HMRC,23455698,8352.74
Department of Health,NHS South Tyneside CCG,8/31/2018,Cont Care- Adult 100% Fully Funded,CHC ADULT FULLY FUNDED,SOUTH TYNESIDE COUNCIL,23613975,1232400.00
Department of Health,NHS South Tyneside CCG,8/31/2018,legal fees,MEDICINES MANAGEMENT - CLINICAL,MILLS & REEVE LLP,23658726,123510.25
Department of Health,NHS South Tyneside CCG,8/31/2018,Hcare Srv Rec Fdtn Trust-Non Contract,MENTAL HEALTH CONTRACTS,NORTHUMBERLAND TYNE AND WEAR NHS FOUNDATION TRUST,23698757,84180.50
,,,,,,,
,,,,,,,
,,,,,,,
,,,,,,,
,,,,,,,
,,,,,,,
,,,,,,,
,,,,,,,
