A3131,,Expenditure Over Threshold,,,,,,
,,,,,,,,
,,,,,,,,
,,,,,,,,
,,,,,,,,
,,,,,,,,
RUN AT 21/03/2019 11:03:50,,,,,,,,
,,,,,,,,
Department family,Entity,Date,Expense Type,Expense area,Supplier,Transaction number,AP Amount (�),Purchase invoice number
Department of Health,NHS Lincolnshire East CCG,31/01/2019,Computer Software/License,ADMIN PROJECTS,LINCS COMMUNITY HEALTH SERVICES NHS TRUST,25388594,"247,327.20 ",4000042763
Department of Health,NHS Lincolnshire East CCG,31/01/2019,Hcare Srv Rec Fdtn Trust-Non Contract,NCAS/OATS,ROYAL MARSDEN NHS FOUNDATION TRUST (THE),25388605,"29,245.00 ",45756454
Department of Health,NHS Lincolnshire East CCG,31/01/2019,Hcare Srv Rec NHS Trust-CQUIN,ACUTE COMMISSIONING,HULL AND EAST YORKSHIRE HOSPITALS NHS TRUST,25388626,"1,639.17 ",H0020546
Department of Health,NHS Lincolnshire East CCG,31/01/2019,Hcare Srv Rec NHS Trust-Contract Baseline,ACUTE COMMISSIONING,HULL AND EAST YORKSHIRE HOSPITALS NHS TRUST,25388626,"134,405.83 ",H0020546
Department of Health,NHS Lincolnshire East CCG,31/01/2019,Clinical&Medical-Clinical Other,COMMUNITY SERVICES,GRANTHAM SPECSAVERS HEARCARE LTD,25388648,"25,863.50 ",21560091
Department of Health,NHS Lincolnshire East CCG,31/01/2019,Clinical&Medical-Clinical Other,COMMUNITY SERVICES,LOUTH SPECSAVERS HEARCARE LTD,25388664,"32,318.75 ",22090020
Department of Health,NHS Lincolnshire East CCG,31/01/2019,Clinical&Medical-Independent Sector,GP FORWARD VIEW,LINCOLNSHIRE AND DISTRICT MEDICAL SERVICES LTD,25392681,"28,666.42 ",103365-27-DEC-2018
Department of Health,NHS Lincolnshire East CCG,31/01/2019,Clinical&Medical-Independent Sector,OUT OF HOURS,DHU 111 (EAST MIDLANDS) CIC,25410577,"64,445.94 ",982
Department of Health,NHS Lincolnshire East CCG,31/01/2019,Clinical&Medical-Independent Sector - Contract Baseline,ACUTE COMMISSIONING,BMI HEALTHCARE LTD,25410591,"33,558.13 ",0000101364
Department of Health,NHS Lincolnshire East CCG,31/01/2019,Hcare Srv Rec Fdtn Trust-Contract Baseline,ACUTE COMMISSIONING,SHEFFIELD TEACHING HOSPITALS NHS FOUNDATION TRUST,25410606,"61,580.00 ",4000550621
Department of Health,NHS Lincolnshire East CCG,31/01/2019,Hcare Srv Rec Fdtn Trust-CQUIN,ACUTE COMMISSIONING,NORTH WEST ANGLIA NHS FOUNDATION TRUST,25410609,"1,288.58 ",17444241
Department of Health,NHS Lincolnshire East CCG,31/01/2019,Hcare Srv Rec Fdtn Trust-Contract Baseline,ACUTE COMMISSIONING,NORTH WEST ANGLIA NHS FOUNDATION TRUST,25410609,"114,746.83 ",17444241
Department of Health,NHS Lincolnshire East CCG,31/01/2019,Clinical&Medical-Independent Sector - Contract Baseline,ACUTE COMMISSIONING,ORTHOPAEDICS & SPINE SPECIALIST HOSPITAL,25410614,"62,500.00 ",M89SLA69E
Department of Health,NHS Lincolnshire East CCG,31/01/2019,Clinical&Medical-Independent Sector - Contract Baseline,ACUTE COMMISSIONING,FITZWILLIAM HOSPITAL,25410622,"182,865.83 ",JAN19FW03TSC01
Department of Health,NHS Lincolnshire East CCG,31/01/2019,Clinical&Medical-Independent Sector - Contract Baseline,ACUTE COMMISSIONING,BOSTON WEST HOSPITAL,25410636,"328,750.95 ",JAN1903TBWH01
Department of Health,NHS Lincolnshire East CCG,31/01/2019,Clinical&Medical-Independent Sector - Contract Baseline,ACUTE COMMISSIONING,CARE UK CLINICAL SERVICES LTD,25410647,"53,217.33 ",100084234
Department of Health,NHS Lincolnshire East CCG,31/01/2019,Clinical&Medical-Independent Sector,WHEELCHAIR SERVICE,MILLBROOK HEALTHCARE LTD,25410652,"45,854.11 ",20913
Department of Health,NHS Lincolnshire East CCG,31/01/2019,Clinical&Medical-Independent Sector,WHEELCHAIR SERVICE,MILLBROOK HEALTHCARE LTD,25410660,"53,504.26 ",20917
Department of Health,NHS Lincolnshire East CCG,31/01/2019,Clinical&Medical-Independent Sector,ACUTE COMMISSIONING,OPTUM HEALTH SOLUTIONS (UK) LTD,25445153,"46,899.53 ",0001096862
Department of Health,NHS Lincolnshire East CCG,31/01/2019,Clinical&Medical-Independent Sector,ACUTE COMMISSIONING,OPTUM HEALTH SOLUTIONS (UK) LTD,25445196,"46,899.53 ",0001099349
Department of Health,NHS Lincolnshire East CCG,31/01/2019,Clinical&Medical-Independent Sector,NCAS/OATS,BMI HEALTHCARE LTD,25445257,"27,172.24 ",0000102064
Department of Health,NHS Lincolnshire East CCG,31/01/2019,Hcare Srv Rec Fdtn Trust-Non Contract,NCAS/OATS,SHERWOOD FOREST HOSPITALS NHS FOUNDATION TRUST,25445374,"25,449.94 ",0000170324
Department of Health,NHS Lincolnshire East CCG,31/01/2019,Hcare Srv Rec Fdtn Trust-Non Contract,NCAS/OATS,YORK TEACHING HOSPITAL NHS FOUNDATION TRUST,25445504,"34,336.70 ",1010067542
Department of Health,NHS Lincolnshire East CCG,31/01/2019,Clinical&Medical-Independent Sector,ACUTE COMMISSIONING,OPTUM HEALTH SOLUTIONS (UK) LTD,25445576,"(46,899.53)",0001101699
Department of Health,NHS Lincolnshire East CCG,31/01/2019,Chrgs from SLA,MEDICINES MANAGEMENT - CLINICAL,OPTUM HEALTH SOLUTIONS (UK) LTD,25445581,"26,847.40 ",0001101840
Department of Health,NHS Lincolnshire East CCG,31/01/2019,Clinical&Medical-Independent Sector,ACUTE COMMISSIONING,OPTUM HEALTH SOLUTIONS (UK) LTD,25445587,"(46,899.53)",0001101701
Department of Health,NHS Lincolnshire East CCG,31/01/2019,Hcare Srv Rec NHS Trust-Over/ Under Performance,ACUTE COMMISSIONING,HULL AND EAST YORKSHIRE HOSPITALS NHS TRUST,25445614,"105,486.00 ",H0020783
Department of Health,NHS Lincolnshire East CCG,31/01/2019,Hcare Srv Rec NHS Trust-Over/ Under Performance,ACUTE COMMISSIONING,UNIVERSITY HOSPITALS OF LEICESTER NHS TRUST,25466962,"35,572.76 ",L0219864
Department of Health,NHS Lincolnshire East CCG,31/01/2019,Clinical&Medical-Voluntary Sector,AMBULANCE SERVICES,L I V E S,25498173,"31,165.09 ",743
Department of Health,NHS Lincolnshire East CCG,31/01/2019,Clinical&Medical-Independent Sector,COMMUNITY SERVICES,CARE UK CLINICAL SERVICES LTD,25498218,"55,048.74 ",100082974
Department of Health,NHS Lincolnshire East CCG,31/01/2019,Clinical&Medical-Independent Sector,COMMUNITY SERVICES,CARE UK CLINICAL SERVICES LTD,25498228,"37,577.46 ",100082977
Department of Health,NHS Lincolnshire East CCG,31/01/2019,Clinical&Medical-Independent Sector,COMMUNITY SERVICES,CARE UK CLINICAL SERVICES LTD,25498231,"30,393.00 ",100082976
Department of Health,NHS Lincolnshire East CCG,31/01/2019,Hcare Srv Rec Fdtn Trust-CQUIN,ACUTE COMMISSIONING,UNIVERSITY HOSPITALS OF DERBY & BURTON NHS FOUNDATION TRUST,25498258,"1,563.00 ",800007117
Department of Health,NHS Lincolnshire East CCG,31/01/2019,Hcare Srv Rec Fdtn Trust-Contract Baseline,ACUTE COMMISSIONING,UNIVERSITY HOSPITALS OF DERBY & BURTON NHS FOUNDATION TRUST,25498258,"63,771.41 ",800007117
Department of Health,NHS Lincolnshire East CCG,31/01/2019,Hcare Srv Rec NHS Trust-CQUIN,AMBULANCE SERVICES,EAST MIDLANDS AMBULANCE SERVICE NHS TRUST,25498342,"9,709.00 ",11313124
Department of Health,NHS Lincolnshire East CCG,31/01/2019,Hcare Srv Rec NHS Trust-Contract Baseline,AMBULANCE SERVICES,EAST MIDLANDS AMBULANCE SERVICE NHS TRUST,25498342,"776,721.00 ",11313124
Department of Health,NHS Lincolnshire East CCG,31/01/2019,Hcare Srv Rec Fdtn Trust-CQUIN,MENTAL HEALTH CONTRACTS,LINCOLNSHIRE PARTNERSHIP NHS FOUNDATION TRUST,25498441,"22,942.54 ",2000018681
Department of Health,NHS Lincolnshire East CCG,31/01/2019,Hcare Srv Rec Fdtn Trust-Contract Baseline,MENTAL HEALTH CONTRACTS,LINCOLNSHIRE PARTNERSHIP NHS FOUNDATION TRUST,25498441,"1,854,403.71 ",2000018681
Department of Health,NHS Lincolnshire East CCG,31/01/2019,Charges from CSU,PRIMARY CARE IT,NHS ARDEN AND GEM CSU,25498485,"52,338.00 ",7312612839
Department of Health,NHS Lincolnshire East CCG,31/01/2019,Hcare Srv Rec NHS Trust-CQUIN,COMMUNITY SERVICES,LINCS COMMUNITY HEALTH SERVICES NHS TRUST,25498524,"31,800.75 ",4000043217
Department of Health,NHS Lincolnshire East CCG,31/01/2019,Hcare Srv Rec NHS Trust-Contract Baseline,COMMUNITY SERVICES,LINCS COMMUNITY HEALTH SERVICES NHS TRUST,25498524,"2,596,799.25 ",4000043217
Department of Health,NHS Lincolnshire East CCG,31/01/2019,Hcare Srv Rec NHS Trust-Contract Baseline,END OF LIFE,LINCS COMMUNITY HEALTH SERVICES NHS TRUST,25498535,"50,000.00 ",4000043202
Department of Health,NHS Lincolnshire East CCG,31/01/2019,Hcare Srv Rec NHS Trust-CQUIN,ACUTE COMMISSIONING,UNIVERSITY HOSPITALS OF LEICESTER NHS TRUST,25500680,"2,887.00 ",L0219387
Department of Health,NHS Lincolnshire East CCG,31/01/2019,Hcare Srv Rec NHS Trust-Contract Baseline,ACUTE COMMISSIONING,UNIVERSITY HOSPITALS OF LEICESTER NHS TRUST,25500680,"156,149.00 ",L0219387
Department of Health,NHS Lincolnshire East CCG,31/01/2019,Hcare Srv Rec NHS Trust-Non Contract,ACUTE COMMISSIONING,UNITED LINCOLNSHIRE HOSPITALS NHS TRUST,25500681,"247,913.69 ",0000196262
Department of Health,NHS Lincolnshire East CCG,31/01/2019,Clinical&Medical-Independent Sector,ACUTE COMMISSIONING,OPTUM HEALTH SOLUTIONS (UK) LTD,25513157,"72,360.00 ",0001097042
Department of Health,NHS Lincolnshire East CCG,31/01/2019,Clinical&Medical-Independent Sector,Mental Health Services - S117 Mental Health,CHENGUN CARE HOMES LTD,25513182,"6,044.46 ",201812
Department of Health,NHS Lincolnshire East CCG,31/01/2019,Cont Care-Mental Health (65+),CHC ADULT FULLY FUNDED,CHENGUN CARE HOMES LTD,25513182,"44,252.19 ",201812
Department of Health,NHS Lincolnshire East CCG,31/01/2019,Cont Care-Physical Disab (65+),CHC ADULT FULLY FUNDED,CHENGUN CARE HOMES LTD,25513182,"9,746.74 ",201812
Department of Health,NHS Lincolnshire East CCG,31/01/2019,Cont Care-Physical Disab (<65),CHC ADULT FULLY FUNDED,CHENGUN CARE HOMES LTD,25513182,"3,022.23 ",201812
Department of Health,NHS Lincolnshire East CCG,31/01/2019,Clinical&Medical-Independent Sector,ACUTE COMMISSIONING,OPTUM HEALTH SOLUTIONS (UK) LTD,25513204,"38,859.53 ",0001101841
Department of Health,NHS Lincolnshire East CCG,31/01/2019,Clinical&Medical-Independent Sector,ACUTE COMMISSIONING,OPTUM HEALTH SOLUTIONS (UK) LTD,25513211,"38,859.53 ",0001101700
Department of Health,NHS Lincolnshire East CCG,31/01/2019,Clinical&Medical-Independent Sector,ACUTE COMMISSIONING,OPTUM HEALTH SOLUTIONS (UK) LTD,25513215,"38,859.53 ",0001101702
Department of Health,NHS Lincolnshire East CCG,31/01/2019,Charges from CSU,NON RECURRENT PROGRAMMES,NHS ARDEN AND GEM CSU,25542985,"28,017.36 ",7312612880
Department of Health,NHS Lincolnshire East CCG,31/01/2019,Hcare Srv Rec NHS Trust,ACUTE COMMISSIONING,UNITED LINCOLNSHIRE HOSPITALS NHS TRUST,25542986,"102,240.00 ",0000196357
Department of Health,NHS Lincolnshire East CCG,31/01/2019,C&M-GMS DES Minor Surgery,PRC DELEGATED CO-COMMISSIONING,DR AI BELL & PARTNERS,25547263,874.72 ,LL000036718
Department of Health,NHS Lincolnshire East CCG,31/01/2019,C&M-GMS Global Sum,PRC DELEGATED CO-COMMISSIONING,DR AI BELL & PARTNERS,25547263,"64,447.21 ",LL000036718
Department of Health,NHS Lincolnshire East CCG,31/01/2019,C&M-GMS Prem Actual Rent,PRC DELEGATED CO-COMMISSIONING,DR AI BELL & PARTNERS,25547263,165.05 ,LL000036718
Department of Health,NHS Lincolnshire East CCG,31/01/2019,C&M-GMS Prem Notional Rent,PRC DELEGATED CO-COMMISSIONING,DR AI BELL & PARTNERS,25547263,"2,666.67 ",LL000036718
Department of Health,NHS Lincolnshire East CCG,31/01/2019,C&M-GMS QOF Aspiration,PRC DELEGATED CO-COMMISSIONING,DR AI BELL & PARTNERS,25547263,"7,162.30 ",LL000036718
Department of Health,NHS Lincolnshire East CCG,31/01/2019,C&M-GMS Global Sum,PRC DELEGATED CO-COMMISSIONING,DR BACKHOUSE,25547265,"44,376.16 ",LL000036720
Department of Health,NHS Lincolnshire East CCG,31/01/2019,C&M-GMS QOF Aspiration,PRC DELEGATED CO-COMMISSIONING,DR BACKHOUSE,25547265,"4,850.62 ",LL000036720
Department of Health,NHS Lincolnshire East CCG,31/01/2019,C&M-GMS DES Extended Hours Access,PRC DELEGATED CO-COMMISSIONING,DR BULL & PARTNERS,25547267,"3,156.85 ",LL000036722
Department of Health,NHS Lincolnshire East CCG,31/01/2019,C&M-GMS DES Minor Surgery,PRC DELEGATED CO-COMMISSIONING,DR BULL & PARTNERS,25547267,"1,400.63 ",LL000036722
Department of Health,NHS Lincolnshire East CCG,31/01/2019,C&M-GMS Global Sum,PRC DELEGATED CO-COMMISSIONING,DR BULL & PARTNERS,25547267,"57,537.85 ",LL000036722
Department of Health,NHS Lincolnshire East CCG,31/01/2019,C&M-GMS Prem Notional Rent,PRC DELEGATED CO-COMMISSIONING,DR BULL & PARTNERS,25547267,"5,500.00 ",LL000036722
Department of Health,NHS Lincolnshire East CCG,31/01/2019,C&M-GMS QOF Aspiration,PRC DELEGATED CO-COMMISSIONING,DR BULL & PARTNERS,25547267,"7,085.62 ",LL000036722
Department of Health,NHS Lincolnshire East CCG,31/01/2019,C&M-GMS DES Extended Hours Access,PRC DELEGATED CO-COMMISSIONING,DR DODDRELL & PARTNERS,25547269,"5,634.45 ",LL000036724
Department of Health,NHS Lincolnshire East CCG,31/01/2019,C&M-GMS DES Minor Surgery,PRC DELEGATED CO-COMMISSIONING,DR DODDRELL & PARTNERS,25547269,"2,446.08 ",LL000036724
Department of Health,NHS Lincolnshire East CCG,31/01/2019,C&M-GMS Global Sum,PRC DELEGATED CO-COMMISSIONING,DR DODDRELL & PARTNERS,25547269,"83,197.15 ",LL000036724
Department of Health,NHS Lincolnshire East CCG,31/01/2019,C&M-GMS QOF Aspiration,PRC DELEGATED CO-COMMISSIONING,DR DODDRELL & PARTNERS,25547269,"8,584.31 ",LL000036724
Department of Health,NHS Lincolnshire East CCG,31/01/2019,C&M-GMS DES Extended Hours Access,PRC DELEGATED CO-COMMISSIONING,DR DWYER & PARTNERS,25547271,"5,288.65 ",LL000036726
Department of Health,NHS Lincolnshire East CCG,31/01/2019,C&M-GMS Global Sum,PRC DELEGATED CO-COMMISSIONING,DR DWYER & PARTNERS,25547271,"110,978.45 ",LL000036726
Department of Health,NHS Lincolnshire East CCG,31/01/2019,C&M-GMS MPIG Correction Factor,PRC DELEGATED CO-COMMISSIONING,DR DWYER & PARTNERS,25547271,957.35 ,LL000036726
Department of Health,NHS Lincolnshire East CCG,31/01/2019,C&M-GMS PCO Other,PRC DELEGATED CO-COMMISSIONING,DR DWYER & PARTNERS,25547271,"6,828.00 ",LL000036726
Department of Health,NHS Lincolnshire East CCG,31/01/2019,C&M-GMS Prem Actual Rent,PRC DELEGATED CO-COMMISSIONING,DR DWYER & PARTNERS,25547271,434.58 ,LL000036726
Department of Health,NHS Lincolnshire East CCG,31/01/2019,C&M-GMS Prem Notional Rent,PRC DELEGATED CO-COMMISSIONING,DR DWYER & PARTNERS,25547271,"3,145.83 ",LL000036726
Department of Health,NHS Lincolnshire East CCG,31/01/2019,C&M-GMS QOF Aspiration,PRC DELEGATED CO-COMMISSIONING,DR DWYER & PARTNERS,25547271,"12,546.72 ",LL000036726
Department of Health,NHS Lincolnshire East CCG,31/01/2019,C&M-GMS DES Minor Surgery,PRC DELEGATED CO-COMMISSIONING,DR I CARTER & PARTNERS,25547273,"16,496.83 ",LL000036728
Department of Health,NHS Lincolnshire East CCG,31/01/2019,C&M-GMS Global Sum,PRC DELEGATED CO-COMMISSIONING,DR I CARTER & PARTNERS,25547273,"153,134.50 ",LL000036728
Department of Health,NHS Lincolnshire East CCG,31/01/2019,C&M-GMS Prem Actual Rent,PRC DELEGATED CO-COMMISSIONING,DR I CARTER & PARTNERS,25547273,205.17 ,LL000036728
Department of Health,NHS Lincolnshire East CCG,31/01/2019,C&M-GMS Prem Water Rates,PRC DELEGATED CO-COMMISSIONING,DR I CARTER & PARTNERS,25547273,"1,069.26 ",LL000036728
Department of Health,NHS Lincolnshire East CCG,31/01/2019,C&M-GMS QOF Aspiration,PRC DELEGATED CO-COMMISSIONING,DR I CARTER & PARTNERS,25547273,"20,576.17 ",LL000036728
Department of Health,NHS Lincolnshire East CCG,31/01/2019,C&M-GMS Global Sum,PRC DELEGATED CO-COMMISSIONING,DR MASSEY & PARTNERS,25547278,"75,586.17 ",LL000036734
Department of Health,NHS Lincolnshire East CCG,31/01/2019,C&M-GMS MPIG Correction Factor,PRC DELEGATED CO-COMMISSIONING,DR MASSEY & PARTNERS,25547278,88.90 ,LL000036734
Department of Health,NHS Lincolnshire East CCG,31/01/2019,C&M-GMS PCO Seniority,PRC DELEGATED CO-COMMISSIONING,DR MASSEY & PARTNERS,25547278,"13,277.88 ",LL000036734
Department of Health,NHS Lincolnshire East CCG,31/01/2019,C&M-GMS Prem Notional Rent,PRC DELEGATED CO-COMMISSIONING,DR MASSEY & PARTNERS,25547278,"6,491.67 ",LL000036734
Department of Health,NHS Lincolnshire East CCG,31/01/2019,C&M-GMS QOF Aspiration,PRC DELEGATED CO-COMMISSIONING,DR MASSEY & PARTNERS,25547278,"8,602.66 ",LL000036734
Department of Health,NHS Lincolnshire East CCG,31/01/2019,C&M-GMS DES Extended Hours Access,PRC DELEGATED CO-COMMISSIONING,DR MATITI & PARTNERS,25547280,"5,481.98 ",LL000036736
Department of Health,NHS Lincolnshire East CCG,31/01/2019,C&M-GMS DES Minor Surgery,PRC DELEGATED CO-COMMISSIONING,DR MATITI & PARTNERS,25547280,"1,401.12 ",LL000036736
Department of Health,NHS Lincolnshire East CCG,31/01/2019,C&M-GMS Global Sum,PRC DELEGATED CO-COMMISSIONING,DR MATITI & PARTNERS,25547280,"84,542.27 ",LL000036736
Department of Health,NHS Lincolnshire East CCG,31/01/2019,C&M-GMS MPIG Correction Factor,PRC DELEGATED CO-COMMISSIONING,DR MATITI & PARTNERS,25547280,"2,386.39 ",LL000036736
Department of Health,NHS Lincolnshire East CCG,31/01/2019,C&M-GMS Prem Notional Rent,PRC DELEGATED CO-COMMISSIONING,DR MATITI & PARTNERS,25547280,"6,403.55 ",LL000036736
Department of Health,NHS Lincolnshire East CCG,31/01/2019,C&M-GMS QOF Aspiration,PRC DELEGATED CO-COMMISSIONING,DR MATITI & PARTNERS,25547280,"8,790.83 ",LL000036736
Department of Health,NHS Lincolnshire East CCG,31/01/2019,C&M-GMS DES Extended Hours Access,PRC DELEGATED CO-COMMISSIONING,DR PARKER & PARTNERS LOUTH,25547282,"2,742.18 ",LL000036738
Department of Health,NHS Lincolnshire East CCG,31/01/2019,C&M-GMS DES Minor Surgery,PRC DELEGATED CO-COMMISSIONING,DR PARKER & PARTNERS LOUTH,25547282,"1,354.64 ",LL000036738
Department of Health,NHS Lincolnshire East CCG,31/01/2019,C&M-GMS Global Sum,PRC DELEGATED CO-COMMISSIONING,DR PARKER & PARTNERS LOUTH,25547282,"53,830.23 ",LL000036738
Department of Health,NHS Lincolnshire East CCG,31/01/2019,C&M-GMS LES Pymnts re Choice GP,LOCAL ENHANCED SERVICES,DR PARKER & PARTNERS LOUTH,25547282,60.00 ,LL000036738
Department of Health,NHS Lincolnshire East CCG,31/01/2019,C&M-GMS MPIG Correction Factor,PRC DELEGATED CO-COMMISSIONING,DR PARKER & PARTNERS LOUTH,25547282,"2,559.98 ",LL000036738
Department of Health,NHS Lincolnshire East CCG,31/01/2019,C&M-GMS Prem Notional Rent,PRC DELEGATED CO-COMMISSIONING,DR PARKER & PARTNERS LOUTH,25547282,"5,166.66 ",LL000036738
Department of Health,NHS Lincolnshire East CCG,31/01/2019,C&M-GMS QOF Aspiration,PRC DELEGATED CO-COMMISSIONING,DR PARKER & PARTNERS LOUTH,25547282,"7,204.43 ",LL000036738
Department of Health,NHS Lincolnshire East CCG,31/01/2019,C&M-GMS DES Minor Surgery,PRC DELEGATED CO-COMMISSIONING,DR O KELLY & PARTNERS,25547284,217.70 ,LL000036740
Department of Health,NHS Lincolnshire East CCG,31/01/2019,C&M-GMS Global Sum,PRC DELEGATED CO-COMMISSIONING,DR O KELLY & PARTNERS,25547284,"66,580.93 ",LL000036740
Department of Health,NHS Lincolnshire East CCG,31/01/2019,C&M-GMS MPIG Correction Factor,PRC DELEGATED CO-COMMISSIONING,DR O KELLY & PARTNERS,25547284,831.68 ,LL000036740
Department of Health,NHS Lincolnshire East CCG,31/01/2019,C&M-GMS Prem Notional Rent,PRC DELEGATED CO-COMMISSIONING,DR O KELLY & PARTNERS,25547284,"4,250.00 ",LL000036740
Department of Health,NHS Lincolnshire East CCG,31/01/2019,C&M-GMS QOF Aspiration,PRC DELEGATED CO-COMMISSIONING,DR O KELLY & PARTNERS,25547284,"8,676.43 ",LL000036740
Department of Health,NHS Lincolnshire East CCG,31/01/2019,C&M-GMS DES Minor Surgery,PRC DELEGATED CO-COMMISSIONING,DR MITCHELL & PARTNERS,25547286,"1,787.59 ",LL000036742
Department of Health,NHS Lincolnshire East CCG,31/01/2019,C&M-GMS Global Sum,PRC DELEGATED CO-COMMISSIONING,DR MITCHELL & PARTNERS,25547286,"30,729.60 ",LL000036742
Department of Health,NHS Lincolnshire East CCG,31/01/2019,C&M-GMS PCO Other,PRC DELEGATED CO-COMMISSIONING,DR MITCHELL & PARTNERS,25547286,"2,549.00 ",LL000036742
Department of Health,NHS Lincolnshire East CCG,31/01/2019,C&M-GMS Prem Notional Rent,PRC DELEGATED CO-COMMISSIONING,DR MITCHELL & PARTNERS,25547286,"3,333.33 ",LL000036742
Department of Health,NHS Lincolnshire East CCG,31/01/2019,C&M-GMS QOF Aspiration,PRC DELEGATED CO-COMMISSIONING,DR MITCHELL & PARTNERS,25547286,"3,504.07 ",LL000036742
Department of Health,NHS Lincolnshire East CCG,31/01/2019,C&M-GMS DES Extended Hours Access,PRC DELEGATED CO-COMMISSIONING,DR RAMON & PARTNERS,25547288,"3,804.28 ",LL000036744
Department of Health,NHS Lincolnshire East CCG,31/01/2019,C&M-GMS DES Minor Surgery,PRC DELEGATED CO-COMMISSIONING,DR RAMON & PARTNERS,25547288,"1,224.02 ",LL000036744
Department of Health,NHS Lincolnshire East CCG,31/01/2019,C&M-GMS Global Sum,PRC DELEGATED CO-COMMISSIONING,DR RAMON & PARTNERS,25547288,"59,874.37 ",LL000036744
Department of Health,NHS Lincolnshire East CCG,31/01/2019,C&M-GMS Prem Actual Rent,PRC DELEGATED CO-COMMISSIONING,DR RAMON & PARTNERS,25547288,284.42 ,LL000036744
Department of Health,NHS Lincolnshire East CCG,31/01/2019,C&M-GMS QOF Aspiration,PRC DELEGATED CO-COMMISSIONING,DR RAMON & PARTNERS,25547288,"6,115.50 ",LL000036744
Department of Health,NHS Lincolnshire East CCG,31/01/2019,C&M-GMS DES Minor Surgery,PRC DELEGATED CO-COMMISSIONING,DR ROGERS & PARTNERS,25547290,"1,133.02 ",LL000036748
Department of Health,NHS Lincolnshire East CCG,31/01/2019,C&M-GMS Global Sum,PRC DELEGATED CO-COMMISSIONING,DR ROGERS & PARTNERS,25547290,"153,315.33 ",LL000036748
Department of Health,NHS Lincolnshire East CCG,31/01/2019,C&M-GMS Prem Actual Rent,PRC DELEGATED CO-COMMISSIONING,DR ROGERS & PARTNERS,25547290,"37,653.50 ",LL000036748
Department of Health,NHS Lincolnshire East CCG,31/01/2019,C&M-GMS Prem Notional Rent,PRC DELEGATED CO-COMMISSIONING,DR ROGERS & PARTNERS,25547290,"1,166.67 ",LL000036748
Department of Health,NHS Lincolnshire East CCG,31/01/2019,C&M-GMS QOF Aspiration,PRC DELEGATED CO-COMMISSIONING,DR ROGERS & PARTNERS,25547290,"16,794.22 ",LL000036748
Department of Health,NHS Lincolnshire East CCG,31/01/2019,C&M-GMS DES Extended Hours Access,PRC DELEGATED CO-COMMISSIONING,DR PJ HARRIS & PARTNERS,25547292,"7,537.78 ",LL000036750
Department of Health,NHS Lincolnshire East CCG,31/01/2019,C&M-GMS DES Minor Surgery,PRC DELEGATED CO-COMMISSIONING,DR PJ HARRIS & PARTNERS,25547292,"3,052.70 ",LL000036750
Department of Health,NHS Lincolnshire East CCG,31/01/2019,C&M-GMS Global Sum,PRC DELEGATED CO-COMMISSIONING,DR PJ HARRIS & PARTNERS,25547292,"109,942.93 ",LL000036750
Department of Health,NHS Lincolnshire East CCG,31/01/2019,C&M-GMS MPIG Correction Factor,PRC DELEGATED CO-COMMISSIONING,DR PJ HARRIS & PARTNERS,25547292,92.13 ,LL000036750
Department of Health,NHS Lincolnshire East CCG,31/01/2019,C&M-GMS QOF Aspiration,PRC DELEGATED CO-COMMISSIONING,DR PJ HARRIS & PARTNERS,25547292,"8,490.85 ",LL000036750
Department of Health,NHS Lincolnshire East CCG,31/01/2019,C&M-GMS Global Sum,PRC DELEGATED CO-COMMISSIONING,DR SR BAXTER & PARTNERS,25547294,"225,862.01 ",LL000036752
Department of Health,NHS Lincolnshire East CCG,31/01/2019,C&M-GMS Prem Actual Rent,PRC DELEGATED CO-COMMISSIONING,DR SR BAXTER & PARTNERS,25547294,103.00 ,LL000036752
Department of Health,NHS Lincolnshire East CCG,31/01/2019,C&M-GMS QOF Aspiration,PRC DELEGATED CO-COMMISSIONING,DR SR BAXTER & PARTNERS,25547294,"23,024.31 ",LL000036752
Department of Health,NHS Lincolnshire East CCG,31/01/2019,C&M-GMS DES Extended Hours Access,PRC DELEGATED CO-COMMISSIONING,DR WOOLLARD & PARTNERS,25547296,"3,671.28 ",LL000036754
Department of Health,NHS Lincolnshire East CCG,31/01/2019,C&M-GMS Global Sum,PRC DELEGATED CO-COMMISSIONING,DR WOOLLARD & PARTNERS,25547296,"70,698.08 ",LL000036754
Department of Health,NHS Lincolnshire East CCG,31/01/2019,C&M-GMS Prem Notional Rent,PRC DELEGATED CO-COMMISSIONING,DR WOOLLARD & PARTNERS,25547296,"4,416.67 ",LL000036754
Department of Health,NHS Lincolnshire East CCG,31/01/2019,C&M-GMS Prem Water Rates,PRC DELEGATED CO-COMMISSIONING,DR WOOLLARD & PARTNERS,25547296,245.50 ,LL000036754
Department of Health,NHS Lincolnshire East CCG,31/01/2019,C&M-GMS QOF Aspiration,PRC DELEGATED CO-COMMISSIONING,DR WOOLLARD & PARTNERS,25547296,"7,151.80 ",LL000036754
Department of Health,NHS Lincolnshire East CCG,31/01/2019,C&M-GMS Global Sum,PRC DELEGATED CO-COMMISSIONING,DR T WATKINS & PARTNERS,25547298,"76,419.75 ",LL000036756
Department of Health,NHS Lincolnshire East CCG,31/01/2019,C&M-GMS NES Minor Injury Services,LOCAL ENHANCED SERVICES,DR T WATKINS & PARTNERS,25547298,"4,985.73 ",LL000036756
Department of Health,NHS Lincolnshire East CCG,31/01/2019,C&M-GMS Prem Actual Rent,PRC DELEGATED CO-COMMISSIONING,DR T WATKINS & PARTNERS,25547298,285.00 ,LL000036756
Department of Health,NHS Lincolnshire East CCG,31/01/2019,C&M-GMS QOF Aspiration,PRC DELEGATED CO-COMMISSIONING,DR T WATKINS & PARTNERS,25547298,"8,568.76 ",LL000036756
Department of Health,NHS Lincolnshire East CCG,31/01/2019,C&M-GMS DES Extended Hours Access,PRC DELEGATED CO-COMMISSIONING,DR TELFER & PARTNERS,25547300,"4,927.18 ",LL000036758
Department of Health,NHS Lincolnshire East CCG,31/01/2019,C&M-GMS Global Sum,PRC DELEGATED CO-COMMISSIONING,DR TELFER & PARTNERS,25547300,"90,105.88 ",LL000036758
Department of Health,NHS Lincolnshire East CCG,31/01/2019,C&M-GMS Prem Actual Rent,PRC DELEGATED CO-COMMISSIONING,DR TELFER & PARTNERS,25547300,"17,102.50 ",LL000036758
Department of Health,NHS Lincolnshire East CCG,31/01/2019,C&M-GMS QOF Aspiration,PRC DELEGATED CO-COMMISSIONING,DR TELFER & PARTNERS,25547300,"8,900.25 ",LL000036758
Department of Health,NHS Lincolnshire East CCG,31/01/2019,C&M-GMS Global Sum,PRC DELEGATED CO-COMMISSIONING,KIRTON MEDICAL CENTRE,25547302,"51,453.94 ",LL000036760
Department of Health,NHS Lincolnshire East CCG,31/01/2019,C&M-GMS QOF Aspiration,PRC DELEGATED CO-COMMISSIONING,KIRTON MEDICAL CENTRE,25547302,"4,091.90 ",LL000036760
Department of Health,NHS Lincolnshire East CCG,31/01/2019,C&M-GMS DES Extended Hours Access,PRC DELEGATED CO-COMMISSIONING,JAMES STREET FAMILY PRACTICE,25547304,"3,968.15 ",LL000036762
Department of Health,NHS Lincolnshire East CCG,31/01/2019,C&M-GMS DES Violent Patients,PRC DELEGATED CO-COMMISSIONING,JAMES STREET FAMILY PRACTICE,25547304,500.00 ,LL000036762
Department of Health,NHS Lincolnshire East CCG,31/01/2019,C&M-GMS Global Sum,PRC DELEGATED CO-COMMISSIONING,JAMES STREET FAMILY PRACTICE,25547304,"87,884.18 ",LL000036762
Department of Health,NHS Lincolnshire East CCG,31/01/2019,C&M-GMS MPIG Correction Factor,PRC DELEGATED CO-COMMISSIONING,JAMES STREET FAMILY PRACTICE,25547304,"1,674.60 ",LL000036762
Department of Health,NHS Lincolnshire East CCG,31/01/2019,C&M-GMS Prem Notional Rent,PRC DELEGATED CO-COMMISSIONING,JAMES STREET FAMILY PRACTICE,25547304,"6,012.50 ",LL000036762
Department of Health,NHS Lincolnshire East CCG,31/01/2019,C&M-GMS QOF Aspiration,PRC DELEGATED CO-COMMISSIONING,JAMES STREET FAMILY PRACTICE,25547304,"11,046.64 ",LL000036762
Department of Health,NHS Lincolnshire East CCG,31/01/2019,C&M-GMS DES Extended Hours Access,PRC DELEGATED CO-COMMISSIONING,TASBURGH LODGE SURGERY,25547306,"1,889.55 ",LL000036764
Department of Health,NHS Lincolnshire East CCG,31/01/2019,C&M-GMS DES Learn Dsblty Hlth Chk,PRC DELEGATED CO-COMMISSIONING,TASBURGH LODGE SURGERY,25547306,420.00 ,LL000036764
Department of Health,NHS Lincolnshire East CCG,31/01/2019,C&M-GMS DES Minor Surgery,PRC DELEGATED CO-COMMISSIONING,TASBURGH LODGE SURGERY,25547306,"3,665.69 ",LL000036764
Department of Health,NHS Lincolnshire East CCG,31/01/2019,C&M-GMS Global Sum,PRC DELEGATED CO-COMMISSIONING,TASBURGH LODGE SURGERY,25547306,"36,706.82 ",LL000036764
Department of Health,NHS Lincolnshire East CCG,31/01/2019,C&M-GMS Prem Actual Rent,PRC DELEGATED CO-COMMISSIONING,TASBURGH LODGE SURGERY,25547306,"2,941.67 ",LL000036764
Department of Health,NHS Lincolnshire East CCG,31/01/2019,C&M-GMS QOF Aspiration,PRC DELEGATED CO-COMMISSIONING,TASBURGH LODGE SURGERY,25547306,"4,778.86 ",LL000036764
Department of Health,NHS Lincolnshire East CCG,31/01/2019,C&M-GMS DES Minor Surgery,PRC DELEGATED CO-COMMISSIONING,WOODHALL SPA NEW SURGERY,25547308,"2,709.77 ",LL000036766
Department of Health,NHS Lincolnshire East CCG,31/01/2019,C&M-GMS Global Sum,PRC DELEGATED CO-COMMISSIONING,WOODHALL SPA NEW SURGERY,25547308,"53,327.62 ",LL000036766
Department of Health,NHS Lincolnshire East CCG,31/01/2019,C&M-GMS Prem Actual Rent,PRC DELEGATED CO-COMMISSIONING,WOODHALL SPA NEW SURGERY,25547308,"11,500.00 ",LL000036766
Department of Health,NHS Lincolnshire East CCG,31/01/2019,C&M-GMS Prem Notional Rent,PRC DELEGATED CO-COMMISSIONING,WOODHALL SPA NEW SURGERY,25547308,"3,583.33 ",LL000036766
Department of Health,NHS Lincolnshire East CCG,31/01/2019,C&M-GMS QOF Aspiration,PRC DELEGATED CO-COMMISSIONING,WOODHALL SPA NEW SURGERY,25547308,"6,609.95 ",LL000036766
Department of Health,NHS Lincolnshire East CCG,31/01/2019,C&M-GMS Global Sum,PRC DELEGATED CO-COMMISSIONING,SIDINGS MEDICAL PRACTICE (THE),25547310,"123,172.05 ",LL000036768
Department of Health,NHS Lincolnshire East CCG,31/01/2019,C&M-GMS Prem Water Rates,PRC DELEGATED CO-COMMISSIONING,SIDINGS MEDICAL PRACTICE (THE),25547310,276.37 ,LL000036768
Department of Health,NHS Lincolnshire East CCG,31/01/2019,C&M-GMS QOF Aspiration,PRC DELEGATED CO-COMMISSIONING,SIDINGS MEDICAL PRACTICE (THE),25547310,"15,206.54 ",LL000036768
Department of Health,NHS Lincolnshire East CCG,31/01/2019,Hcare Srv Rec Fdtn Trust-CQUIN,MENTAL HEALTH CONTRACTS,LINCOLNSHIRE PARTNERSHIP NHS FOUNDATION TRUST,25552384,"53,137.32 ",2000018715
Department of Health,NHS Lincolnshire East CCG,31/01/2019,Hcare Srv Rec NHS Trust-CQUIN,ACUTE COMMISSIONING,NOTTINGHAM UNIVERSITY HOSPITALS NHS TRUST,25552928,"7,760.00 ",2000098782
Department of Health,NHS Lincolnshire East CCG,31/01/2019,Hcare Srv Rec NHS Trust-Contract Baseline,ACUTE COMMISSIONING,NOTTINGHAM UNIVERSITY HOSPITALS NHS TRUST,25552928,"324,637.00 ",2000098782
Department of Health,NHS Lincolnshire East CCG,31/01/2019,C&M-GMS DES Minor Surgery,PRC DELEGATED CO-COMMISSIONING,DR KELLY & PARTNERS,25570996,"5,675.39 ",LL000036730
Department of Health,NHS Lincolnshire East CCG,31/01/2019,C&M-GMS Global Sum,PRC DELEGATED CO-COMMISSIONING,DR KELLY & PARTNERS,25570996,"74,284.55 ",LL000036730
Department of Health,NHS Lincolnshire East CCG,31/01/2019,C&M-GMS LES Pymnts re Choice GP,LOCAL ENHANCED SERVICES,DR KELLY & PARTNERS,25570996,31.74 ,LL000036730
Department of Health,NHS Lincolnshire East CCG,31/01/2019,C&M-GMS Prem Water Rates,PRC DELEGATED CO-COMMISSIONING,DR KELLY & PARTNERS,25570996,304.23 ,LL000036730
Department of Health,NHS Lincolnshire East CCG,31/01/2019,C&M-GMS QOF Aspiration,PRC DELEGATED CO-COMMISSIONING,DR KELLY & PARTNERS,25570996,"6,764.25 ",LL000036730
Department of Health,NHS Lincolnshire East CCG,31/01/2019,C&M-GMS DES Learn Dsblty Hlth Chk,PRC DELEGATED CO-COMMISSIONING,STICKNEY SURGERY,25570997,560.00 ,LL000036746
Department of Health,NHS Lincolnshire East CCG,31/01/2019,C&M-GMS Global Sum,PRC DELEGATED CO-COMMISSIONING,STICKNEY SURGERY,25570997,"48,353.49 ",LL000036746
Department of Health,NHS Lincolnshire East CCG,31/01/2019,C&M-GMS QOF Aspiration,PRC DELEGATED CO-COMMISSIONING,STICKNEY SURGERY,25570997,"4,777.09 ",LL000036746
Department of Health,NHS Lincolnshire East CCG,31/01/2019,ME - GMS GP Prior Year ERs,PRC DELEGATED CO-COMMISSIONING,STICKNEY SURGERY,25570997,"3,600.18 ",LL000036746
Department of Health,NHS Lincolnshire East CCG,31/01/2019,ME-GMS GP Prior Year EEs,PRC DELEGATED CO-COMMISSIONING,STICKNEY SURGERY,25570997,"3,650.59 ",LL000036746
Department of Health,NHS Lincolnshire East CCG,31/01/2019,Hcare Srv Rec NHS Trust-Over/ Under Performance,ACUTE COMMISSIONING,UNITED LINCOLNSHIRE HOSPITALS NHS TRUST,25580680,"638,409.29 ",0000196049
Department of Health,NHS Lincolnshire East CCG,31/01/2019,Clinical&Medical-Independent Sector - Non Contract,PATIENT TRANSPORT,THAMES AMBULANCE SERVICE LTD,25585641,"31,647.00 ",20833
Department of Health,NHS Lincolnshire East CCG,31/01/2019,Charges from CSU,CONTINUING HEALTHCARE ASSESSMENT & SUPPORT,NHS ARDEN AND GEM CSU,25585661,"56,380.75 ",7312612748
Department of Health,NHS Lincolnshire East CCG,31/01/2019,Charges from CSU,CONTRACT MANAGEMENT,NHS ARDEN AND GEM CSU,25585661,"29,436.08 ",7312612748
Department of Health,NHS Lincolnshire East CCG,31/01/2019,Charges from CSU,CORPORATE GOVERNANCE,NHS ARDEN AND GEM CSU,25585661,"1,100.00 ",7312612748
Department of Health,NHS Lincolnshire East CCG,31/01/2019,Charges from CSU,HUMAN RESOURCES,NHS ARDEN AND GEM CSU,25585661,"3,210.17 ",7312612748
Department of Health,NHS Lincolnshire East CCG,31/01/2019,Charges from CSU,IM&T,NHS ARDEN AND GEM CSU,25585661,"66,211.75 ",7312612748
Department of Health,NHS Lincolnshire East CCG,31/01/2019,Charges from CSU,PROCUREMENT,NHS ARDEN AND GEM CSU,25585661,"5,997.50 ",7312612748
Department of Health,NHS Lincolnshire East CCG,31/01/2019,Hcare Srv Rec NHS Trust-Prior Year,ACUTE COMMISSIONING,UNITED LINCOLNSHIRE HOSPITALS NHS TRUST,25585685,"(410,296.69)",0000209925
Department of Health,NHS Lincolnshire East CCG,31/01/2019,Clinical&Medical-Independent Sector - Non Contract,PATIENT TRANSPORT,THAMES AMBULANCE SERVICE LTD,25585692,"(31,647.00)",1493
Department of Health,NHS Lincolnshire East CCG,31/01/2019,Cont Care-Mental Health (65+),CHC ADULT FULLY FUNDED,CHENGUN CARE HOMES LTD,25585719,"22,281.72 ",201901B
Department of Health,NHS Lincolnshire East CCG,31/01/2019,Cont Care-Physical Disab (65+),CHC ADULT FULLY FUNDED,CHENGUN CARE HOMES LTD,25585719,"3,022.23 ",201901B
Department of Health,NHS Lincolnshire East CCG,31/01/2019,Cont Care-Learning Disab(<65),CHC ADULT FULLY FUNDED,AUTISM CARE UK LTD,25614917,"30,000.00 ",D690008703
Department of Health,NHS Lincolnshire East CCG,31/01/2019,Cont Care-Learning Disab(<65),CHC ADULT FULLY FUNDED,AUTISM CARE UK LTD,25614938,"30,000.00 ",D690008702
Department of Health,NHS Lincolnshire East CCG,31/01/2019,Clinical&Medical-Independent Sector,PALLIATIVE CARE,MARIE CURIE,25614958,"27,583.17 ",508274
Department of Health,NHS Lincolnshire East CCG,31/01/2019,Hcare Srv Rec Fdtn Trust-CQUIN,ACUTE COMMISSIONING,QUEEN ELIZABETH HOSPITAL KINGS LYNN NHS FOUNDATION TRUST,25615066,"1,902.00 ",900902
Department of Health,NHS Lincolnshire East CCG,31/01/2019,Hcare Srv Rec Fdtn Trust-Contract Baseline,ACUTE COMMISSIONING,QUEEN ELIZABETH HOSPITAL KINGS LYNN NHS FOUNDATION TRUST,25615066,"76,803.00 ",900902
Department of Health,NHS Lincolnshire East CCG,31/01/2019,Clinical&Medical-Independent Sector,MENTAL HEALTH SERVICES - ADULTS,PRIORY CLINIC NOTTINGHAM,25658541,"44,959.00 ",316CBEDEC18
Department of Health,NHS Lincolnshire East CCG,31/01/2019,Hcare Srv Rec Fdtn Trust-CQUIN,ACUTE COMMISSIONING,NORTHERN LINCOLNSHIRE AND GOOLE HOSPITALS NHS FOUNDATION TRUST,25658653,"1,819.84 ",2400022321
Department of Health,NHS Lincolnshire East CCG,31/01/2019,Hcare Srv Rec Fdtn Trust-Over/ Under Performance,ACUTE COMMISSIONING,NORTHERN LINCOLNSHIRE AND GOOLE HOSPITALS NHS FOUNDATION TRUST,25658653,"149,621.16 ",2400022321
Department of Health,NHS Lincolnshire East CCG,31/01/2019,Cont Care-Learning Disab(<65),CHC ADULT FULLY FUNDED,AUTISM CARE UK LTD,25658699,"27,706.80 ",D690008775
Department of Health,NHS Lincolnshire East CCG,31/01/2019,Cont Care-Learning Disab(<65),CHC ADULT FULLY FUNDED,AUTISM CARE UK LTD,25658708,"27,706.80 ",D690008776
Department of Health,NHS Lincolnshire East CCG,31/01/2019,Clinical&Medical-Independent Sector - Over/ Under Performance,ACUTE COMMISSIONING,CARE UK CLINICAL SERVICES LTD,25658800,"26,813.62 ",100085241
Department of Health,NHS Lincolnshire East CCG,31/01/2019,C&M-GMS Cost of Drugs -Dispensing,LOCAL ENHANCED SERVICES,DR AI BELL & PARTNERS,25672192,"(34,660.34)",LL000036959
Department of Health,NHS Lincolnshire East CCG,31/01/2019,C&M-GMS PrscChrgsCll&RmttdbyGPCntra,PRC DELEGATED CO-COMMISSIONING,DR AI BELL & PARTNERS,25672192,"(1,795.20)",LL000036959
Department of Health,NHS Lincolnshire East CCG,31/01/2019,C&M-GMS Cost of Drugs -Dispensing,LOCAL ENHANCED SERVICES,DR AI BELL & PARTNERS,25672193,"59,189.10 ",LL000036960
Department of Health,NHS Lincolnshire East CCG,31/01/2019,C&M-GMS Prof Fees Dispensing,PRC DELEGATED CO-COMMISSIONING,DR AI BELL & PARTNERS,25672193,"12,586.06 ",LL000036960
Department of Health,NHS Lincolnshire East CCG,31/01/2019,C&M-GMS PrscrptnChrgsColl&RmttdbyGP,LOCAL ENHANCED SERVICES,DR AI BELL & PARTNERS,25672193,"1,795.20 ",LL000036960
Department of Health,NHS Lincolnshire East CCG,31/01/2019,C&M-GMS Cost of Drugs -Dispensing,LOCAL ENHANCED SERVICES,DR BACKHOUSE,25672194,"(36,155.78)",LL000036961
Department of Health,NHS Lincolnshire East CCG,31/01/2019,C&M-GMS PrscChrgsCll&RmttdbyGPCntra,PRC DELEGATED CO-COMMISSIONING,DR BACKHOUSE,25672194,"(1,302.40)",LL000036961
Department of Health,NHS Lincolnshire East CCG,31/01/2019,C&M-GMS Cost of Drugs -Dispensing,LOCAL ENHANCED SERVICES,DR BACKHOUSE,25672195,"55,407.79 ",LL000036962
Department of Health,NHS Lincolnshire East CCG,31/01/2019,C&M-GMS Prof Fees Dispensing,PRC DELEGATED CO-COMMISSIONING,DR BACKHOUSE,25672195,"11,587.47 ",LL000036962
Department of Health,NHS Lincolnshire East CCG,31/01/2019,C&M-GMS PrscrptnChrgsColl&RmttdbyGP,LOCAL ENHANCED SERVICES,DR BACKHOUSE,25672195,"1,302.40 ",LL000036962
Department of Health,NHS Lincolnshire East CCG,31/01/2019,C&M-GMS Cost of Drugs -Dispensing,LOCAL ENHANCED SERVICES,DR BULL & PARTNERS,25672196,"(107,494.16)",LL000036963
Department of Health,NHS Lincolnshire East CCG,31/01/2019,C&M-GMS PrscChrgsCll&RmttdbyGPCntra,PRC DELEGATED CO-COMMISSIONING,DR BULL & PARTNERS,25672196,"(3,634.40)",LL000036963
Department of Health,NHS Lincolnshire East CCG,31/01/2019,C&M-GMS Cost of Drugs -Dispensing,LOCAL ENHANCED SERVICES,DR BULL & PARTNERS,25672197,"192,637.21 ",LL000036964
Department of Health,NHS Lincolnshire East CCG,31/01/2019,C&M-GMS Prof Fees Dispensing,PRC DELEGATED CO-COMMISSIONING,DR BULL & PARTNERS,25672197,"38,782.58 ",LL000036964
Department of Health,NHS Lincolnshire East CCG,31/01/2019,C&M-GMS PrscrptnChrgsColl&RmttdbyGP,LOCAL ENHANCED SERVICES,DR BULL & PARTNERS,25672197,"3,634.40 ",LL000036964
Department of Health,NHS Lincolnshire East CCG,31/01/2019,C&M-GMS Cost of Drugs -Dispensing,LOCAL ENHANCED SERVICES,DR DWYER & PARTNERS,25672199,"(84,237.48)",LL000036966
Department of Health,NHS Lincolnshire East CCG,31/01/2019,C&M-GMS PrscChrgsCll&RmttdbyGPCntra,PRC DELEGATED CO-COMMISSIONING,DR DWYER & PARTNERS,25672199,"(3,203.20)",LL000036966
Department of Health,NHS Lincolnshire East CCG,31/01/2019,C&M-GMS Cost of Drugs -Dispensing,LOCAL ENHANCED SERVICES,DR DWYER & PARTNERS,25672200,"160,543.59 ",LL000036967
Department of Health,NHS Lincolnshire East CCG,31/01/2019,C&M-GMS Prof Fees Dispensing,PRC DELEGATED CO-COMMISSIONING,DR DWYER & PARTNERS,25672200,"28,942.04 ",LL000036967
Department of Health,NHS Lincolnshire East CCG,31/01/2019,C&M-GMS PrscrptnChrgsColl&RmttdbyGP,LOCAL ENHANCED SERVICES,DR DWYER & PARTNERS,25672200,"3,203.20 ",LL000036967
Department of Health,NHS Lincolnshire East CCG,31/01/2019,C&M-GMS Cost of Drugs -Dispensing,LOCAL ENHANCED SERVICES,DR KELLY & PARTNERS,25672202,"(56,525.20)",LL000036969
Department of Health,NHS Lincolnshire East CCG,31/01/2019,C&M-GMS PrscChrgsCll&RmttdbyGPCntra,PRC DELEGATED CO-COMMISSIONING,DR KELLY & PARTNERS,25672202,"(1,645.60)",LL000036969
Department of Health,NHS Lincolnshire East CCG,31/01/2019,C&M-GMS Cost of Drugs -Dispensing,LOCAL ENHANCED SERVICES,DR KELLY & PARTNERS,25672203,"95,550.13 ",LL000036970
Department of Health,NHS Lincolnshire East CCG,31/01/2019,C&M-GMS Prof Fees Dispensing,PRC DELEGATED CO-COMMISSIONING,DR KELLY & PARTNERS,25672203,"21,933.32 ",LL000036970
Department of Health,NHS Lincolnshire East CCG,31/01/2019,C&M-GMS PrscrptnChrgsColl&RmttdbyGP,LOCAL ENHANCED SERVICES,DR KELLY & PARTNERS,25672203,"1,645.60 ",LL000036970
Department of Health,NHS Lincolnshire East CCG,31/01/2019,C&M-GMS Cost of Drugs -Dispensing,LOCAL ENHANCED SERVICES,DR MEIWALD & PARTNERS,25672204,"(41,783.44)",LL000036971
Department of Health,NHS Lincolnshire East CCG,31/01/2019,C&M-GMS PrscChrgsCll&RmttdbyGPCntra,PRC DELEGATED CO-COMMISSIONING,DR MEIWALD & PARTNERS,25672204,"(1,091.20)",LL000036971
Department of Health,NHS Lincolnshire East CCG,31/01/2019,C&M-GMS Cost of Drugs -Dispensing,LOCAL ENHANCED SERVICES,DR MEIWALD & PARTNERS,25672205,"70,654.34 ",LL000036972
Department of Health,NHS Lincolnshire East CCG,31/01/2019,C&M-GMS Prof Fees Dispensing,PRC DELEGATED CO-COMMISSIONING,DR MEIWALD & PARTNERS,25672205,"16,171.39 ",LL000036972
Department of Health,NHS Lincolnshire East CCG,31/01/2019,C&M-GMS PrscrptnChrgsColl&RmttdbyGP,LOCAL ENHANCED SERVICES,DR MEIWALD & PARTNERS,25672205,"1,091.20 ",LL000036972
Department of Health,NHS Lincolnshire East CCG,31/01/2019,C&M-GMS Cost of Drugs -Dispensing,LOCAL ENHANCED SERVICES,DR MASSEY & PARTNERS,25672206,"(68,416.00)",LL000036973
Department of Health,NHS Lincolnshire East CCG,31/01/2019,C&M-GMS PrscChrgsCll&RmttdbyGPCntra,PRC DELEGATED CO-COMMISSIONING,DR MASSEY & PARTNERS,25672206,"(3,229.60)",LL000036973
Department of Health,NHS Lincolnshire East CCG,31/01/2019,C&M-GMS Cost of Drugs -Dispensing,LOCAL ENHANCED SERVICES,DR MASSEY & PARTNERS,25672207,"137,335.15 ",LL000036974
Department of Health,NHS Lincolnshire East CCG,31/01/2019,C&M-GMS Prof Fees Dispensing,PRC DELEGATED CO-COMMISSIONING,DR MASSEY & PARTNERS,25672207,"25,469.79 ",LL000036974
Department of Health,NHS Lincolnshire East CCG,31/01/2019,C&M-GMS PrscrptnChrgsColl&RmttdbyGP,LOCAL ENHANCED SERVICES,DR MASSEY & PARTNERS,25672207,"3,229.60 ",LL000036974
Department of Health,NHS Lincolnshire East CCG,31/01/2019,C&M-GMS Cost of Drugs -Dispensing,LOCAL ENHANCED SERVICES,DR PARKER & PARTNERS LOUTH,25672209,"(107,779.12)",LL000036976
Department of Health,NHS Lincolnshire East CCG,31/01/2019,C&M-GMS PrscChrgsCll&RmttdbyGPCntra,PRC DELEGATED CO-COMMISSIONING,DR PARKER & PARTNERS LOUTH,25672209,"(3,194.40)",LL000036976
Department of Health,NHS Lincolnshire East CCG,31/01/2019,C&M-GMS Cost of Drugs -Dispensing,LOCAL ENHANCED SERVICES,DR PARKER & PARTNERS LOUTH,25672210,"193,710.43 ",LL000036977
Department of Health,NHS Lincolnshire East CCG,31/01/2019,C&M-GMS Prof Fees Dispensing,PRC DELEGATED CO-COMMISSIONING,DR PARKER & PARTNERS LOUTH,25672210,"40,295.03 ",LL000036977
Department of Health,NHS Lincolnshire East CCG,31/01/2019,C&M-GMS PrscrptnChrgsColl&RmttdbyGP,LOCAL ENHANCED SERVICES,DR PARKER & PARTNERS LOUTH,25672210,"3,194.40 ",LL000036977
Department of Health,NHS Lincolnshire East CCG,31/01/2019,C&M-GMS Cost of Drugs -Dispensing,LOCAL ENHANCED SERVICES,DR O KELLY & PARTNERS,25672211,"(79,579.04)",LL000036978
Department of Health,NHS Lincolnshire East CCG,31/01/2019,C&M-GMS PrscChrgsCll&RmttdbyGPCntra,PRC DELEGATED CO-COMMISSIONING,DR O KELLY & PARTNERS,25672211,"(1,830.40)",LL000036978
Department of Health,NHS Lincolnshire East CCG,31/01/2019,C&M-GMS Cost of Drugs -Dispensing,LOCAL ENHANCED SERVICES,DR O KELLY & PARTNERS,25672212,"136,794.68 ",LL000036979
Department of Health,NHS Lincolnshire East CCG,31/01/2019,C&M-GMS Prof Fees Dispensing,PRC DELEGATED CO-COMMISSIONING,DR O KELLY & PARTNERS,25672212,"29,575.37 ",LL000036979
Department of Health,NHS Lincolnshire East CCG,31/01/2019,C&M-GMS PrscrptnChrgsColl&RmttdbyGP,LOCAL ENHANCED SERVICES,DR O KELLY & PARTNERS,25672212,"1,830.40 ",LL000036979
Department of Health,NHS Lincolnshire East CCG,31/01/2019,C&M-GMS Cost of Drugs -Dispensing,LOCAL ENHANCED SERVICES,DR MITCHELL & PARTNERS,25672213,"(69,675.20)",LL000036980
Department of Health,NHS Lincolnshire East CCG,31/01/2019,C&M-GMS PrscChrgsCll&RmttdbyGPCntra,PRC DELEGATED CO-COMMISSIONING,DR MITCHELL & PARTNERS,25672213,"(2,824.80)",LL000036980
Department of Health,NHS Lincolnshire East CCG,31/01/2019,C&M-GMS Cost of Drugs -Dispensing,LOCAL ENHANCED SERVICES,DR MITCHELL & PARTNERS,25672214,"122,301.92 ",LL000036981
Department of Health,NHS Lincolnshire East CCG,31/01/2019,C&M-GMS Prof Fees Dispensing,PRC DELEGATED CO-COMMISSIONING,DR MITCHELL & PARTNERS,25672214,"27,427.39 ",LL000036981
Department of Health,NHS Lincolnshire East CCG,31/01/2019,C&M-GMS PrscrptnChrgsColl&RmttdbyGP,LOCAL ENHANCED SERVICES,DR MITCHELL & PARTNERS,25672214,"2,824.80 ",LL000036981
Department of Health,NHS Lincolnshire East CCG,31/01/2019,C&M-GMS Cost of Drugs -Dispensing,LOCAL ENHANCED SERVICES,DR RAMON & PARTNERS,25672215,"(46,503.70)",LL000036982
Department of Health,NHS Lincolnshire East CCG,31/01/2019,C&M-GMS PrscChrgsCll&RmttdbyGPCntra,PRC DELEGATED CO-COMMISSIONING,DR RAMON & PARTNERS,25672215,"(1,258.40)",LL000036982
Department of Health,NHS Lincolnshire East CCG,31/01/2019,C&M-GMS Cost of Drugs -Dispensing,LOCAL ENHANCED SERVICES,DR RAMON & PARTNERS,25672216,"99,518.18 ",LL000036983
Department of Health,NHS Lincolnshire East CCG,31/01/2019,C&M-GMS Prof Fees Dispensing,PRC DELEGATED CO-COMMISSIONING,DR RAMON & PARTNERS,25672216,"18,191.71 ",LL000036983
Department of Health,NHS Lincolnshire East CCG,31/01/2019,C&M-GMS PrscrptnChrgsColl&RmttdbyGP,LOCAL ENHANCED SERVICES,DR RAMON & PARTNERS,25672216,"1,258.40 ",LL000036983
Department of Health,NHS Lincolnshire East CCG,31/01/2019,C&M-GMS Cost of Drugs -Dispensing,LOCAL ENHANCED SERVICES,DR ROGERS & PARTNERS,25672217,"(31,121.62)",LL000036986
Department of Health,NHS Lincolnshire East CCG,31/01/2019,C&M-GMS PrscChrgsCll&RmttdbyGPCntra,PRC DELEGATED CO-COMMISSIONING,DR ROGERS & PARTNERS,25672217,"(1,047.20)",LL000036986
Department of Health,NHS Lincolnshire East CCG,31/01/2019,C&M-GMS Cost of Drugs -Dispensing,LOCAL ENHANCED SERVICES,DR ROGERS & PARTNERS,25672218,"48,778.61 ",LL000036987
Department of Health,NHS Lincolnshire East CCG,31/01/2019,C&M-GMS Prof Fees Dispensing,PRC DELEGATED CO-COMMISSIONING,DR ROGERS & PARTNERS,25672218,"9,832.80 ",LL000036987
Department of Health,NHS Lincolnshire East CCG,31/01/2019,C&M-GMS PrscrptnChrgsColl&RmttdbyGP,LOCAL ENHANCED SERVICES,DR ROGERS & PARTNERS,25672218,"1,047.20 ",LL000036987
Department of Health,NHS Lincolnshire East CCG,31/01/2019,C&M-GMS Cost of Drugs -Dispensing,LOCAL ENHANCED SERVICES,DR SR BAXTER & PARTNERS,25672220,"(31,409.80)",LL000036989
Department of Health,NHS Lincolnshire East CCG,31/01/2019,C&M-GMS PrscChrgsCll&RmttdbyGPCntra,PRC DELEGATED CO-COMMISSIONING,DR SR BAXTER & PARTNERS,25672220,(712.80),LL000036989
Department of Health,NHS Lincolnshire East CCG,31/01/2019,C&M-GMS Cost of Drugs -Dispensing,LOCAL ENHANCED SERVICES,DR SR BAXTER & PARTNERS,25672221,"72,016.53 ",LL000036990
Department of Health,NHS Lincolnshire East CCG,31/01/2019,C&M-GMS Prof Fees Dispensing,PRC DELEGATED CO-COMMISSIONING,DR SR BAXTER & PARTNERS,25672221,"15,521.70 ",LL000036990
Department of Health,NHS Lincolnshire East CCG,31/01/2019,C&M-GMS PrscrptnChrgsColl&RmttdbyGP,LOCAL ENHANCED SERVICES,DR SR BAXTER & PARTNERS,25672221,712.80 ,LL000036990
Department of Health,NHS Lincolnshire East CCG,31/01/2019,C&M-GMS Cost of Drugs -Dispensing,LOCAL ENHANCED SERVICES,DR WOOLLARD & PARTNERS,25672222,"(37,759.80)",LL000036991
Department of Health,NHS Lincolnshire East CCG,31/01/2019,C&M-GMS PrscChrgsCll&RmttdbyGPCntra,PRC DELEGATED CO-COMMISSIONING,DR WOOLLARD & PARTNERS,25672222,"(1,672.00)",LL000036991
Department of Health,NHS Lincolnshire East CCG,31/01/2019,C&M-GMS Cost of Drugs -Dispensing,LOCAL ENHANCED SERVICES,DR WOOLLARD & PARTNERS,25672223,"82,985.95 ",LL000036992
Department of Health,NHS Lincolnshire East CCG,31/01/2019,C&M-GMS Prof Fees Dispensing,PRC DELEGATED CO-COMMISSIONING,DR WOOLLARD & PARTNERS,25672223,"14,287.83 ",LL000036992
Department of Health,NHS Lincolnshire East CCG,31/01/2019,C&M-GMS PrscrptnChrgsColl&RmttdbyGP,LOCAL ENHANCED SERVICES,DR WOOLLARD & PARTNERS,25672223,"1,672.00 ",LL000036992
Department of Health,NHS Lincolnshire East CCG,31/01/2019,C&M-GMS Cost of Drugs -Dispensing,LOCAL ENHANCED SERVICES,DR T WATKINS & PARTNERS,25672224,"(41,153.20)",LL000036993
Department of Health,NHS Lincolnshire East CCG,31/01/2019,C&M-GMS PrscChrgsCll&RmttdbyGPCntra,PRC DELEGATED CO-COMMISSIONING,DR T WATKINS & PARTNERS,25672224,"(1,443.20)",LL000036993
Department of Health,NHS Lincolnshire East CCG,31/01/2019,C&M-GMS Cost of Drugs -Dispensing,LOCAL ENHANCED SERVICES,DR T WATKINS & PARTNERS,25672225,"77,886.03 ",LL000036994
Department of Health,NHS Lincolnshire East CCG,31/01/2019,C&M-GMS Prof Fees Dispensing,PRC DELEGATED CO-COMMISSIONING,DR T WATKINS & PARTNERS,25672225,"12,470.07 ",LL000036994
Department of Health,NHS Lincolnshire East CCG,31/01/2019,C&M-GMS PrscrptnChrgsColl&RmttdbyGP,LOCAL ENHANCED SERVICES,DR T WATKINS & PARTNERS,25672225,"1,443.20 ",LL000036994
Department of Health,NHS Lincolnshire East CCG,31/01/2019,C&M-GMS Cost of Drugs -Dispensing,LOCAL ENHANCED SERVICES,DR TELFER & PARTNERS,25672226,"(72,599.32)",LL000036995
Department of Health,NHS Lincolnshire East CCG,31/01/2019,C&M-GMS PrscChrgsCll&RmttdbyGPCntra,PRC DELEGATED CO-COMMISSIONING,DR TELFER & PARTNERS,25672226,"(2,191.20)",LL000036995
Department of Health,NHS Lincolnshire East CCG,31/01/2019,C&M-GMS Cost of Drugs -Dispensing,LOCAL ENHANCED SERVICES,DR TELFER & PARTNERS,25672227,"135,240.18 ",LL000036996
Department of Health,NHS Lincolnshire East CCG,31/01/2019,C&M-GMS Prof Fees Dispensing,PRC DELEGATED CO-COMMISSIONING,DR TELFER & PARTNERS,25672227,"27,623.09 ",LL000036996
Department of Health,NHS Lincolnshire East CCG,31/01/2019,C&M-GMS PrscrptnChrgsColl&RmttdbyGP,LOCAL ENHANCED SERVICES,DR TELFER & PARTNERS,25672227,"2,191.20 ",LL000036996
Department of Health,NHS Lincolnshire East CCG,31/01/2019,C&M-GMS Cost of Drugs -Dispensing,LOCAL ENHANCED SERVICES,KIRTON MEDICAL CENTRE,25672229,"40,055.52 ",LL000036998
Department of Health,NHS Lincolnshire East CCG,31/01/2019,C&M-GMS Prof Fees Dispensing,PRC DELEGATED CO-COMMISSIONING,KIRTON MEDICAL CENTRE,25672229,"6,609.61 ",LL000036998
Department of Health,NHS Lincolnshire East CCG,31/01/2019,C&M-GMS PrscrptnChrgsColl&RmttdbyGP,LOCAL ENHANCED SERVICES,KIRTON MEDICAL CENTRE,25672229,827.20 ,LL000036998
Department of Health,NHS Lincolnshire East CCG,31/01/2019,C&M-GMS Cost of Drugs -Dispensing,LOCAL ENHANCED SERVICES,JAMES STREET FAMILY PRACTICE,25672230,"(51,661.36)",LL000036999
Department of Health,NHS Lincolnshire East CCG,31/01/2019,C&M-GMS PrscChrgsCll&RmttdbyGPCntra,PRC DELEGATED CO-COMMISSIONING,JAMES STREET FAMILY PRACTICE,25672230,(475.20),LL000036999
Department of Health,NHS Lincolnshire East CCG,31/01/2019,C&M-GMS Cost of Drugs -Dispensing,LOCAL ENHANCED SERVICES,JAMES STREET FAMILY PRACTICE,25672231,"81,567.64 ",LL000037000
Department of Health,NHS Lincolnshire East CCG,31/01/2019,C&M-GMS Prof Fees Dispensing,PRC DELEGATED CO-COMMISSIONING,JAMES STREET FAMILY PRACTICE,25672231,"19,346.34 ",LL000037000
Department of Health,NHS Lincolnshire East CCG,31/01/2019,C&M-GMS PrscrptnChrgsColl&RmttdbyGP,LOCAL ENHANCED SERVICES,JAMES STREET FAMILY PRACTICE,25672231,475.20 ,LL000037000
Department of Health,NHS Lincolnshire East CCG,31/01/2019,C&M-GMS Cost of Drugs -Dispensing,LOCAL ENHANCED SERVICES,TASBURGH LODGE SURGERY,25672233,"32,105.72 ",LL000037002
Department of Health,NHS Lincolnshire East CCG,31/01/2019,C&M-GMS Prof Fees Dispensing,PRC DELEGATED CO-COMMISSIONING,TASBURGH LODGE SURGERY,25672233,"7,763.84 ",LL000037002
Department of Health,NHS Lincolnshire East CCG,31/01/2019,C&M-GMS PrscrptnChrgsColl&RmttdbyGP,LOCAL ENHANCED SERVICES,TASBURGH LODGE SURGERY,25672233,299.20 ,LL000037002
Department of Health,NHS Lincolnshire East CCG,31/01/2019,C&M-GMS Cost of Drugs -Dispensing,LOCAL ENHANCED SERVICES,WOODHALL SPA NEW SURGERY,25672234,"(61,204.50)",LL000037003
Department of Health,NHS Lincolnshire East CCG,31/01/2019,C&M-GMS PrscChrgsCll&RmttdbyGPCntra,PRC DELEGATED CO-COMMISSIONING,WOODHALL SPA NEW SURGERY,25672234,"(1,733.60)",LL000037003
Department of Health,NHS Lincolnshire East CCG,31/01/2019,C&M-GMS Cost of Drugs -Dispensing,LOCAL ENHANCED SERVICES,WOODHALL SPA NEW SURGERY,25672235,"114,373.77 ",LL000037004
Department of Health,NHS Lincolnshire East CCG,31/01/2019,C&M-GMS Prof Fees Dispensing,PRC DELEGATED CO-COMMISSIONING,WOODHALL SPA NEW SURGERY,25672235,"19,887.88 ",LL000037004
Department of Health,NHS Lincolnshire East CCG,31/01/2019,C&M-GMS PrscrptnChrgsColl&RmttdbyGP,LOCAL ENHANCED SERVICES,WOODHALL SPA NEW SURGERY,25672235,"1,733.60 ",LL000037004
Department of Health,NHS Lincolnshire East CCG,31/01/2019,C&M-GMS Cost of Drugs -Dispensing,LOCAL ENHANCED SERVICES,STICKNEY SURGERY,25673042,"(87,822.70)",LL000036984
Department of Health,NHS Lincolnshire East CCG,31/01/2019,C&M-GMS PrscChrgsCll&RmttdbyGPCntra,PRC DELEGATED CO-COMMISSIONING,STICKNEY SURGERY,25673042,"(4,065.60)",LL000036984
Department of Health,NHS Lincolnshire East CCG,31/01/2019,C&M-GMS Cost of Drugs -Dispensing,LOCAL ENHANCED SERVICES,STICKNEY SURGERY,25673043,"153,678.13 ",LL000036985
Department of Health,NHS Lincolnshire East CCG,31/01/2019,C&M-GMS Prof Fees Dispensing,PRC DELEGATED CO-COMMISSIONING,STICKNEY SURGERY,25673043,"30,482.77 ",LL000036985
Department of Health,NHS Lincolnshire East CCG,31/01/2019,C&M-GMS PrscrptnChrgsColl&RmttdbyGP,LOCAL ENHANCED SERVICES,STICKNEY SURGERY,25673043,"4,065.60 ",LL000036985
Department of Health,NHS Lincolnshire East CCG,31/01/2019,Clinical&Medical-Independent Sector - Contract Baseline,HOSPICES,ST BARNABAS HOSPICE TRUST,25679730,"104,415.38 ",SIN01670
Department of Health,NHS Lincolnshire East CCG,31/01/2019,Clinical&Medical-Independent Sector - Contract Baseline,ACUTE COMMISSIONING,ST HUGHS HOSPITAL,25679814,"156,069.25 ",LINCOJAN2019
Department of Health,NHS Lincolnshire East CCG,31/01/2019,Hcare Srv Rec Fdtn Trust-CQUIN,ACUTE COMMISSIONING,CAMBRIDGE UNIVERSITY HOSPITALS NHS FOUNDATION TRUST,25679836,408.04 ,70022204
Department of Health,NHS Lincolnshire East CCG,31/01/2019,Hcare Srv Rec Fdtn Trust-Contract Baseline,ACUTE COMMISSIONING,CAMBRIDGE UNIVERSITY HOSPITALS NHS FOUNDATION TRUST,25679836,"34,583.33 ",70022204
Department of Health,NHS Lincolnshire East CCG,31/01/2019,Clinical&Medical-Commercial Sector,COMMUNITY SERVICES,LINCOLNSHIRE COUNTY COUNCIL,25683272,"87,543.00 ",10072810
Department of Health,NHS Lincolnshire East CCG,31/01/2019,Clinical&Medical-Othe Public Sector,CARERS,LINCOLNSHIRE COUNTY COUNCIL,25683272,"298,353.00 ",10072810
Department of Health,NHS Lincolnshire East CCG,31/01/2019,Clinical&Medical-Othe Public Sector,CHILD AND ADOLESCENT MENTAL HEALTH,LINCOLNSHIRE COUNTY COUNCIL,25683272,"190,223.00 ",10072810
Department of Health,NHS Lincolnshire East CCG,31/01/2019,Clinical&Medical-Othe Public Sector,LEARNING DIFFICULTIES,LINCOLNSHIRE COUNTY COUNCIL,25683272,"540,249.00 ",10072810
Department of Health,NHS Lincolnshire East CCG,31/01/2019,Hcare Srv Rec NHS Trust-Over/ Under Performance,ACUTE COMMISSIONING,NOTTINGHAM UNIVERSITY HOSPITALS NHS TRUST,25730318,"102,245.00 ",2000098158
Department of Health,NHS Lincolnshire East CCG,31/01/2019,Hcare Srv Rec NHS Trust-CQUIN,ACUTE COMMISSIONING,UNITED LINCOLNSHIRE HOSPITALS NHS TRUST,25730344,"110,629.22 ",0000196506
Department of Health,NHS Lincolnshire East CCG,31/01/2019,Hcare Srv Rec NHS Trust-Contract Baseline,ACUTE COMMISSIONING,UNITED LINCOLNSHIRE HOSPITALS NHS TRUST,25730344,"9,284,849.34 ",0000196506
Department of Health,NHS Lincolnshire East CCG,31/01/2019,Clinical&Medical-Independent Sector - Contract Baseline,PATIENT TRANSPORT,THAMES AMBULANCE SERVICE LTD,25730349,"163,792.00 ",20906
Department of Health,NHS Lincolnshire East CCG,31/01/2019,Hcare Srv Rec NHS Trust-Over/ Under Performance,AMBULANCE SERVICES,EAST MIDLANDS AMBULANCE SERVICE NHS TRUST,25730353,"30,317.00 ",11313218
Department of Health,NHS Lincolnshire East CCG,31/01/2019,Hcare Srv Rec NHS Trust-Over/ Under Performance,ACUTE COMMISSIONING,NOTTINGHAM UNIVERSITY HOSPITALS NHS TRUST,25730355,"131,522.00 ",2000098890
Department of Health,NHS Lincolnshire East CCG,31/01/2019,Cont Care- Children,CHC CHILDREN,LINCOLNSHIRE COUNTY COUNCIL,25730368,"26,351.45 ",10073103
Department of Health,NHS Lincolnshire East CCG,31/01/2019,Hcare Srv Rec NHS Trust-CQUIN,ACUTE COMMISSIONING,HULL AND EAST YORKSHIRE HOSPITALS NHS TRUST,25782924,"1,639.17 ",H0021229
Department of Health,NHS Lincolnshire East CCG,31/01/2019,Hcare Srv Rec NHS Trust-Contract Baseline,ACUTE COMMISSIONING,HULL AND EAST YORKSHIRE HOSPITALS NHS TRUST,25782924,"134,405.62 ",H0021229
Department of Health,NHS Lincolnshire East CCG,31/01/2019,Hcare Srv Rec Fdtn Trust-CQUIN,ACUTE COMMISSIONING,NORTHERN LINCOLNSHIRE AND GOOLE HOSPITALS NHS FOUNDATION TRUST,25782960,"28,674.00 ",2400022523
Department of Health,NHS Lincolnshire East CCG,31/01/2019,Hcare Srv Rec Fdtn Trust-Contract Baseline,ACUTE COMMISSIONING,NORTHERN LINCOLNSHIRE AND GOOLE HOSPITALS NHS FOUNDATION TRUST,25782960,"2,449,165.00 ",2400022523
Department of Health,NHS Lincolnshire East CCG,31/01/2019,Clinical&Medical-Independent Sector - Contract Baseline,ACUTE COMMISSIONING,BMI HEALTHCARE LTD,25798638,"33,558.13 ",0000103651
Department of Health,NHS Lincolnshire East CCG,31/01/2019,Clinical&Medical-Independent Sector - Contract Baseline,ACUTE COMMISSIONING,ORTHOPAEDICS & SPINE SPECIALIST HOSPITAL,25798648,"62,500.00 ",M90SLA70E
