A3131,,Expenditure Over Threshold,,,,,,
,,,,,,,,
,,,,,,,,
,,,,,,,,
,,,,,,,,
,,,,,,,,
RUN AT 15/01/2019 12:51:35,,,,,,,,
,,,,,,,,
Department family,Entity,Date,Expense Type,Expense area,Supplier,Transaction number,AP Amount (�),Purchase invoice number
Department of Health,NHS Lincolnshire East CCG,30/11/2018,Hcare Srv Rec Fdtn Trust-Non Contract,CHILD AND ADOLESCENT MENTAL HEALTH,LINCOLNSHIRE PARTNERSHIP NHS FOUNDATION TRUST,24546132,"25,975.00 ",2000018317
Department of Health,NHS Lincolnshire East CCG,30/11/2018,Hcare Srv Rec Fdtn Trust-CQUIN,MENTAL HEALTH CONTRACTS,LINCOLNSHIRE PARTNERSHIP NHS FOUNDATION TRUST,24546280,"69,105.34 ",2000018419
Department of Health,NHS Lincolnshire East CCG,30/11/2018,Hcare Srv Rec NHS Trust-Over/ Under Performance,ACUTE COMMISSIONING,HULL AND EAST YORKSHIRE HOSPITALS NHS TRUST,24592866,"98,790.00 ",H0018582
Department of Health,NHS Lincolnshire East CCG,30/11/2018,Clinical&Medical-Independent Sector,LEARNING DIFFICULTIES,ELYSIUM HEALTHCARE LTD,24592917,"41,700.30 ",BRW00100
Department of Health,NHS Lincolnshire East CCG,30/11/2018,Hcare Srv Rec Fdtn Trust-CQUIN,ACUTE COMMISSIONING,UNIVERSITY HOSPITALS OF DERBY & BURTON NHS FOUNDATION TRUST,24616316,"1,563.00 ",800005113
Department of Health,NHS Lincolnshire East CCG,30/11/2018,Hcare Srv Rec Fdtn Trust-Contract Baseline,ACUTE COMMISSIONING,UNIVERSITY HOSPITALS OF DERBY & BURTON NHS FOUNDATION TRUST,24616316,"63,771.41 ",800005113
Department of Health,NHS Lincolnshire East CCG,30/11/2018,Clinical&Medical-Clinical Other,COMMUNITY SERVICES,SPECSAVERS HEARCARE GROUP LTD,24616331,"31,258.00 ",22090018
Department of Health,NHS Lincolnshire East CCG,30/11/2018,Clinical&Medical-Independent Sector,WHEELCHAIR SERVICE,MILLBROOK HEALTHCARE LTD,24616337,"45,854.11 ",19973
Department of Health,NHS Lincolnshire East CCG,30/11/2018,Clinical&Medical-Independent Sector,WHEELCHAIR SERVICE,MILLBROOK HEALTHCARE LTD,24616342,"53,504.26 ",19977
Department of Health,NHS Lincolnshire East CCG,30/11/2018,Clinical&Medical-Independent Sector - Contract Baseline,ACUTE COMMISSIONING,CARE UK CLINICAL SERVICES LTD,24616347,"53,217.33 ",100080454
Department of Health,NHS Lincolnshire East CCG,30/11/2018,Hcare Srv Rec NHS Trust-CQUIN,AMBULANCE SERVICES,EAST MIDLANDS AMBULANCE SERVICE NHS TRUST,24616350,"9,709.00 ",11312786
Department of Health,NHS Lincolnshire East CCG,30/11/2018,Hcare Srv Rec NHS Trust-Contract Baseline,AMBULANCE SERVICES,EAST MIDLANDS AMBULANCE SERVICE NHS TRUST,24616350,"776,721.00 ",11312786
Department of Health,NHS Lincolnshire East CCG,30/11/2018,Clinical&Medical-Independent Sector,COMMUNITY SERVICES,CARE UK CLINICAL SERVICES LTD,24632720,"49,397.60 ",100077102
Department of Health,NHS Lincolnshire East CCG,30/11/2018,Clinical&Medical-Independent Sector,COMMUNITY SERVICES,CARE UK CLINICAL SERVICES LTD,24632726,"26,928.00 ",100077101
Department of Health,NHS Lincolnshire East CCG,30/11/2018,Clinical&Medical-Independent Sector,OUT OF HOURS,DHU 111 (EAST MIDLANDS) CIC,24632808,"59,843.58 ",INV00890
Department of Health,NHS Lincolnshire East CCG,30/11/2018,Clinical&Medical-Independent Sector - Contract Baseline,ACUTE COMMISSIONING,ST HUGHS HOSPITAL,24633498,"156,069.25 ",LINCONOV2018
Department of Health,NHS Lincolnshire East CCG,30/11/2018,Hcare Srv Rec NHS Trust-Contract Baseline,END OF LIFE,LINCS COMMUNITY HEALTH SERVICES NHS TRUST,24633622,"50,000.00 ",4000042162
Department of Health,NHS Lincolnshire East CCG,30/11/2018,Hcare Srv Rec NHS Trust-CQUIN,COMMUNITY SERVICES,LINCS COMMUNITY HEALTH SERVICES NHS TRUST,24633645,"31,800.75 ",4000042156
Department of Health,NHS Lincolnshire East CCG,30/11/2018,Hcare Srv Rec NHS Trust-Contract Baseline,COMMUNITY SERVICES,LINCS COMMUNITY HEALTH SERVICES NHS TRUST,24633645,"2,596,799.25 ",4000042156
Department of Health,NHS Lincolnshire East CCG,30/11/2018,Charges from CSU,CONTINUING HEALTHCARE ASSESSMENT & SUPPORT,NHS ARDEN AND GEM CSU,24651035,"56,380.75 ",7312612204
Department of Health,NHS Lincolnshire East CCG,30/11/2018,Charges from CSU,CONTRACT MANAGEMENT,NHS ARDEN AND GEM CSU,24651035,"29,436.08 ",7312612204
Department of Health,NHS Lincolnshire East CCG,30/11/2018,Charges from CSU,HUMAN RESOURCES,NHS ARDEN AND GEM CSU,24651035,"3,210.17 ",7312612204
Department of Health,NHS Lincolnshire East CCG,30/11/2018,Charges from CSU,IM&T,NHS ARDEN AND GEM CSU,24651035,"66,211.75 ",7312612204
Department of Health,NHS Lincolnshire East CCG,30/11/2018,Charges from CSU,PROCUREMENT,NHS ARDEN AND GEM CSU,24651035,"5,997.50 ",7312612204
Department of Health,NHS Lincolnshire East CCG,30/11/2018,Clinical&Medical-Serv Recd-CCGs,MENTAL HEALTH SERVICES - OTHER,NHS LINCOLNSHIRE WEST CCG,24709783,"125,120.00 ",7017100998
Department of Health,NHS Lincolnshire East CCG,30/11/2018,Clinical&Medical-Serv Recd-CCGs,MENTAL HEALTH SERVICES - OTHER,NHS LINCOLNSHIRE WEST CCG,24709788,"25,024.00 ",7017101022
Department of Health,NHS Lincolnshire East CCG,30/11/2018,Computer Network Costs,ADMIN PROJECTS,INSIGHT DIRECT (UK) LTD,24714963,"50,665.20 ",4123667
Department of Health,NHS Lincolnshire East CCG,30/11/2018,Charges from CSU,PRIMARY CARE IT,NHS ARDEN AND GEM CSU,24723655,"52,338.00 ",7312612205
Department of Health,NHS Lincolnshire East CCG,30/11/2018,Hcare Srv Rec Fdtn Trust-CQUIN,MENTAL HEALTH CONTRACTS,LINCOLNSHIRE PARTNERSHIP NHS FOUNDATION TRUST,24723690,"22,942.54 ",2000018446
Department of Health,NHS Lincolnshire East CCG,30/11/2018,Hcare Srv Rec Fdtn Trust-Contract Baseline,MENTAL HEALTH CONTRACTS,LINCOLNSHIRE PARTNERSHIP NHS FOUNDATION TRUST,24723690,"1,893,122.54 ",2000018446
Department of Health,NHS Lincolnshire East CCG,30/11/2018,Clinical&Medical-Independent Sector - Contract Baseline,ACUTE COMMISSIONING,FITZWILLIAM HOSPITAL,24723713,"182,865.83 ",NOV18FW03TSC01
Department of Health,NHS Lincolnshire East CCG,30/11/2018,Clinical&Medical-Independent Sector - Contract Baseline,ACUTE COMMISSIONING,BOSTON WEST HOSPITAL,24723717,"328,750.95 ",NOV1803TBWH01
Department of Health,NHS Lincolnshire East CCG,30/11/2018,Clinical&Medical-Independent Sector,PALLIATIVE CARE,MARIE CURIE,24723765,"27,583.17 ",508089
Department of Health,NHS Lincolnshire East CCG,30/11/2018,Hcare Srv Rec NHS Trust-CQUIN,ACUTE COMMISSIONING,UNIVERSITY HOSPITALS OF LEICESTER NHS TRUST,24731496,"2,887.00 ",L0216797
Department of Health,NHS Lincolnshire East CCG,30/11/2018,Hcare Srv Rec NHS Trust-Contract Baseline,ACUTE COMMISSIONING,UNIVERSITY HOSPITALS OF LEICESTER NHS TRUST,24731496,"156,149.00 ",L0216797
Department of Health,NHS Lincolnshire East CCG,30/11/2018,Hcare Srv Rec NHS Trust-Non Contract,ACUTE COMMISSIONING,UNITED LINCOLNSHIRE HOSPITALS NHS TRUST,24731497,"167,936.70 ",0000195135
Department of Health,NHS Lincolnshire East CCG,30/11/2018,Hcare Srv Rec NHS Trust-CQUIN,ACUTE COMMISSIONING,NOTTINGHAM UNIVERSITY HOSPITALS NHS TRUST,24731498,"7,760.00 ",2000097314
Department of Health,NHS Lincolnshire East CCG,30/11/2018,Hcare Srv Rec NHS Trust-Contract Baseline,ACUTE COMMISSIONING,NOTTINGHAM UNIVERSITY HOSPITALS NHS TRUST,24731498,"324,637.00 ",2000097314
Department of Health,NHS Lincolnshire East CCG,30/11/2018,C&M-GMS Global Sum,PRC DELEGATED CO-COMMISSIONING,DR AI BELL & PARTNERS,24738258,"65,109.55 ",LL000035921
Department of Health,NHS Lincolnshire East CCG,30/11/2018,C&M-GMS Prem Actual Rent,PRC DELEGATED CO-COMMISSIONING,DR AI BELL & PARTNERS,24738258,165.05 ,LL000035921
Department of Health,NHS Lincolnshire East CCG,30/11/2018,C&M-GMS Prem Notional Rent,PRC DELEGATED CO-COMMISSIONING,DR AI BELL & PARTNERS,24738258,"2,666.67 ",LL000035921
Department of Health,NHS Lincolnshire East CCG,30/11/2018,C&M-GMS QOF Aspiration,PRC DELEGATED CO-COMMISSIONING,DR AI BELL & PARTNERS,24738258,"7,162.30 ",LL000035921
Department of Health,NHS Lincolnshire East CCG,30/11/2018,C&M-GMS Global Sum,PRC DELEGATED CO-COMMISSIONING,DR BACKHOUSE,24738260,"44,738.36 ",LL000035923
Department of Health,NHS Lincolnshire East CCG,30/11/2018,C&M-GMS QOF Aspiration,PRC DELEGATED CO-COMMISSIONING,DR BACKHOUSE,24738260,"4,850.62 ",LL000035923
Department of Health,NHS Lincolnshire East CCG,30/11/2018,C&M-GMS Global Sum,PRC DELEGATED CO-COMMISSIONING,DR BULL & PARTNERS,24738262,"57,343.57 ",LL000035925
Department of Health,NHS Lincolnshire East CCG,30/11/2018,C&M-GMS Prem Notional Rent,PRC DELEGATED CO-COMMISSIONING,DR BULL & PARTNERS,24738262,"5,500.00 ",LL000035925
Department of Health,NHS Lincolnshire East CCG,30/11/2018,C&M-GMS Prem Water Rates,PRC DELEGATED CO-COMMISSIONING,DR BULL & PARTNERS,24738262,324.96 ,LL000035925
Department of Health,NHS Lincolnshire East CCG,30/11/2018,C&M-GMS QOF Aspiration,PRC DELEGATED CO-COMMISSIONING,DR BULL & PARTNERS,24738262,"7,085.62 ",LL000035925
Department of Health,NHS Lincolnshire East CCG,30/11/2018,C&M-GMS Global Sum,PRC DELEGATED CO-COMMISSIONING,DR DODDRELL & PARTNERS,24738264,"82,893.54 ",LL000035927
Department of Health,NHS Lincolnshire East CCG,30/11/2018,C&M-GMS Prem Water Rates,PRC DELEGATED CO-COMMISSIONING,DR DODDRELL & PARTNERS,24738264,317.79 ,LL000035927
Department of Health,NHS Lincolnshire East CCG,30/11/2018,C&M-GMS QOF Aspiration,PRC DELEGATED CO-COMMISSIONING,DR DODDRELL & PARTNERS,24738264,"8,584.31 ",LL000035927
Department of Health,NHS Lincolnshire East CCG,30/11/2018,C&M-GMS Global Sum,PRC DELEGATED CO-COMMISSIONING,DR DWYER & PARTNERS,24738266,"110,556.92 ",LL000035929
Department of Health,NHS Lincolnshire East CCG,30/11/2018,C&M-GMS MPIG Correction Factor,PRC DELEGATED CO-COMMISSIONING,DR DWYER & PARTNERS,24738266,957.35 ,LL000035929
Department of Health,NHS Lincolnshire East CCG,30/11/2018,C&M-GMS Prem Actual Rent,PRC DELEGATED CO-COMMISSIONING,DR DWYER & PARTNERS,24738266,"30,260.09 ",LL000035929
Department of Health,NHS Lincolnshire East CCG,30/11/2018,C&M-GMS Prem Notional Rent,PRC DELEGATED CO-COMMISSIONING,DR DWYER & PARTNERS,24738266,"3,145.83 ",LL000035929
Department of Health,NHS Lincolnshire East CCG,30/11/2018,C&M-GMS QOF Aspiration,PRC DELEGATED CO-COMMISSIONING,DR DWYER & PARTNERS,24738266,"12,546.72 ",LL000035929
Department of Health,NHS Lincolnshire East CCG,30/11/2018,C&M-GMS Global Sum,PRC DELEGATED CO-COMMISSIONING,DR I CARTER & PARTNERS,24738268,"153,009.20 ",LL000035931
Department of Health,NHS Lincolnshire East CCG,30/11/2018,C&M-GMS Prem Actual Rent,PRC DELEGATED CO-COMMISSIONING,DR I CARTER & PARTNERS,24738268,"8,213.69 ",LL000035931
Department of Health,NHS Lincolnshire East CCG,30/11/2018,C&M-GMS Prem Water Rates,PRC DELEGATED CO-COMMISSIONING,DR I CARTER & PARTNERS,24738268,271.44 ,LL000035931
Department of Health,NHS Lincolnshire East CCG,30/11/2018,C&M-GMS QOF Aspiration,PRC DELEGATED CO-COMMISSIONING,DR I CARTER & PARTNERS,24738268,"20,576.17 ",LL000035931
Department of Health,NHS Lincolnshire East CCG,30/11/2018,C&M-GMS Global Sum,PRC DELEGATED CO-COMMISSIONING,DR KELLY & PARTNERS,24738270,"74,294.74 ",LL000035933
Department of Health,NHS Lincolnshire East CCG,30/11/2018,C&M-GMS Prem Actual Rent,PRC DELEGATED CO-COMMISSIONING,DR KELLY & PARTNERS,24738270,"41,580.00 ",LL000035933
Department of Health,NHS Lincolnshire East CCG,30/11/2018,C&M-GMS Prem Water Rates,PRC DELEGATED CO-COMMISSIONING,DR KELLY & PARTNERS,24738270,198.25 ,LL000035933
Department of Health,NHS Lincolnshire East CCG,30/11/2018,C&M-GMS QOF Aspiration,PRC DELEGATED CO-COMMISSIONING,DR KELLY & PARTNERS,24738270,"6,764.25 ",LL000035933
Department of Health,NHS Lincolnshire East CCG,30/11/2018,C&M-GMS Global Sum,PRC DELEGATED CO-COMMISSIONING,DR MEIWALD & PARTNERS,24738272,"20,034.65 ",LL000035935
Department of Health,NHS Lincolnshire East CCG,30/11/2018,C&M-GMS MPIG Correction Factor,PRC DELEGATED CO-COMMISSIONING,DR MEIWALD & PARTNERS,24738272,896.47 ,LL000035935
Department of Health,NHS Lincolnshire East CCG,30/11/2018,C&M-GMS Prem Notional Rent,PRC DELEGATED CO-COMMISSIONING,DR MEIWALD & PARTNERS,24738272,"1,583.33 ",LL000035935
Department of Health,NHS Lincolnshire East CCG,30/11/2018,C&M-GMS Prem Water Rates,PRC DELEGATED CO-COMMISSIONING,DR MEIWALD & PARTNERS,24738272,95.05 ,LL000035935
Department of Health,NHS Lincolnshire East CCG,30/11/2018,C&M-GMS QOF Aspiration,PRC DELEGATED CO-COMMISSIONING,DR MEIWALD & PARTNERS,24738272,"2,548.71 ",LL000035935
Department of Health,NHS Lincolnshire East CCG,30/11/2018,C&M-GMS Global Sum,PRC DELEGATED CO-COMMISSIONING,DR MASSEY & PARTNERS,24738273,"75,442.42 ",LL000035937
Department of Health,NHS Lincolnshire East CCG,30/11/2018,C&M-GMS MPIG Correction Factor,PRC DELEGATED CO-COMMISSIONING,DR MASSEY & PARTNERS,24738273,88.90 ,LL000035937
Department of Health,NHS Lincolnshire East CCG,30/11/2018,C&M-GMS Prem Notional Rent,PRC DELEGATED CO-COMMISSIONING,DR MASSEY & PARTNERS,24738273,"6,491.67 ",LL000035937
Department of Health,NHS Lincolnshire East CCG,30/11/2018,C&M-GMS QOF Aspiration,PRC DELEGATED CO-COMMISSIONING,DR MASSEY & PARTNERS,24738273,"8,602.66 ",LL000035937
Department of Health,NHS Lincolnshire East CCG,30/11/2018,C&M-GMS Global Sum,PRC DELEGATED CO-COMMISSIONING,DR MATITI & PARTNERS,24738275,"84,461.00 ",LL000035939
Department of Health,NHS Lincolnshire East CCG,30/11/2018,C&M-GMS MPIG Correction Factor,PRC DELEGATED CO-COMMISSIONING,DR MATITI & PARTNERS,24738275,"2,386.39 ",LL000035939
Department of Health,NHS Lincolnshire East CCG,30/11/2018,C&M-GMS Prem Notional Rent,PRC DELEGATED CO-COMMISSIONING,DR MATITI & PARTNERS,24738275,"6,403.55 ",LL000035939
Department of Health,NHS Lincolnshire East CCG,30/11/2018,C&M-GMS Prem Water Rates,PRC DELEGATED CO-COMMISSIONING,DR MATITI & PARTNERS,24738275,282.64 ,LL000035939
Department of Health,NHS Lincolnshire East CCG,30/11/2018,C&M-GMS QOF Aspiration,PRC DELEGATED CO-COMMISSIONING,DR MATITI & PARTNERS,24738275,"8,790.83 ",LL000035939
Department of Health,NHS Lincolnshire East CCG,30/11/2018,C&M-GMS Global Sum,PRC DELEGATED CO-COMMISSIONING,DR PARKER & PARTNERS LOUTH,24738277,"53,020.95 ",LL000035941
Department of Health,NHS Lincolnshire East CCG,30/11/2018,C&M-GMS MPIG Correction Factor,PRC DELEGATED CO-COMMISSIONING,DR PARKER & PARTNERS LOUTH,24738277,"2,559.98 ",LL000035941
Department of Health,NHS Lincolnshire East CCG,30/11/2018,C&M-GMS Prem Notional Rent,PRC DELEGATED CO-COMMISSIONING,DR PARKER & PARTNERS LOUTH,24738277,"5,166.66 ",LL000035941
Department of Health,NHS Lincolnshire East CCG,30/11/2018,C&M-GMS Prem Water Rates,PRC DELEGATED CO-COMMISSIONING,DR PARKER & PARTNERS LOUTH,24738277,102.19 ,LL000035941
Department of Health,NHS Lincolnshire East CCG,30/11/2018,C&M-GMS QOF Aspiration,PRC DELEGATED CO-COMMISSIONING,DR PARKER & PARTNERS LOUTH,24738277,"7,204.43 ",LL000035941
Department of Health,NHS Lincolnshire East CCG,30/11/2018,C&M-GMS Global Sum,PRC DELEGATED CO-COMMISSIONING,DR MITCHELL & PARTNERS,24738280,"30,489.26 ",LL000035945
Department of Health,NHS Lincolnshire East CCG,30/11/2018,C&M-GMS Prem Notional Rent,PRC DELEGATED CO-COMMISSIONING,DR MITCHELL & PARTNERS,24738280,"3,333.33 ",LL000035945
Department of Health,NHS Lincolnshire East CCG,30/11/2018,C&M-GMS QOF Aspiration,PRC DELEGATED CO-COMMISSIONING,DR MITCHELL & PARTNERS,24738280,"3,504.07 ",LL000035945
Department of Health,NHS Lincolnshire East CCG,30/11/2018,C&M-GMS Global Sum,PRC DELEGATED CO-COMMISSIONING,DR RAMON & PARTNERS,24738282,"59,694.82 ",LL000035947
Department of Health,NHS Lincolnshire East CCG,30/11/2018,C&M-GMS Prem Actual Rent,PRC DELEGATED CO-COMMISSIONING,DR RAMON & PARTNERS,24738282,284.42 ,LL000035947
Department of Health,NHS Lincolnshire East CCG,30/11/2018,C&M-GMS QOF Aspiration,PRC DELEGATED CO-COMMISSIONING,DR RAMON & PARTNERS,24738282,"6,115.50 ",LL000035947
Department of Health,NHS Lincolnshire East CCG,30/11/2018,C&M-GMS Global Sum,PRC DELEGATED CO-COMMISSIONING,DR PJ HARRIS & PARTNERS,24738285,"109,454.02 ",LL000035953
Department of Health,NHS Lincolnshire East CCG,30/11/2018,C&M-GMS MPIG Correction Factor,PRC DELEGATED CO-COMMISSIONING,DR PJ HARRIS & PARTNERS,24738285,92.13 ,LL000035953
Department of Health,NHS Lincolnshire East CCG,30/11/2018,C&M-GMS QOF Aspiration,PRC DELEGATED CO-COMMISSIONING,DR PJ HARRIS & PARTNERS,24738285,"8,490.85 ",LL000035953
Department of Health,NHS Lincolnshire East CCG,30/11/2018,C&M-GMS DES Learn Dsblty Hlth Chk,PRC DELEGATED CO-COMMISSIONING,DR SR BAXTER & PARTNERS,24738287,"2,800.00 ",LL000035955
Department of Health,NHS Lincolnshire East CCG,30/11/2018,C&M-GMS Global Sum,PRC DELEGATED CO-COMMISSIONING,DR SR BAXTER & PARTNERS,24738287,"225,982.12 ",LL000035955
Department of Health,NHS Lincolnshire East CCG,30/11/2018,C&M-GMS Prem Actual Rent,PRC DELEGATED CO-COMMISSIONING,DR SR BAXTER & PARTNERS,24738287,103.00 ,LL000035955
Department of Health,NHS Lincolnshire East CCG,30/11/2018,C&M-GMS QOF Aspiration,PRC DELEGATED CO-COMMISSIONING,DR SR BAXTER & PARTNERS,24738287,"23,024.31 ",LL000035955
Department of Health,NHS Lincolnshire East CCG,30/11/2018,ME - GMS GP Prior Year ERs,PRC DELEGATED CO-COMMISSIONING,DR SR BAXTER & PARTNERS,24738287,"1,526.93 ",LL000035955
Department of Health,NHS Lincolnshire East CCG,30/11/2018,ME-GMS GP Prior Year EEs,PRC DELEGATED CO-COMMISSIONING,DR SR BAXTER & PARTNERS,24738287,"1,718.69 ",LL000035955
Department of Health,NHS Lincolnshire East CCG,30/11/2018,C&M-GMS DES Learn Dsblty Hlth Chk,PRC DELEGATED CO-COMMISSIONING,DR WOOLLARD & PARTNERS,24738288,"1,960.00 ",LL000035957
Department of Health,NHS Lincolnshire East CCG,30/11/2018,C&M-GMS Global Sum,PRC DELEGATED CO-COMMISSIONING,DR WOOLLARD & PARTNERS,24738288,"70,920.70 ",LL000035957
Department of Health,NHS Lincolnshire East CCG,30/11/2018,C&M-GMS Prem Notional Rent,PRC DELEGATED CO-COMMISSIONING,DR WOOLLARD & PARTNERS,24738288,"4,416.67 ",LL000035957
Department of Health,NHS Lincolnshire East CCG,30/11/2018,C&M-GMS QOF Aspiration,PRC DELEGATED CO-COMMISSIONING,DR WOOLLARD & PARTNERS,24738288,"7,151.80 ",LL000035957
Department of Health,NHS Lincolnshire East CCG,30/11/2018,C&M-GMS DES Learn Dsblty Hlth Chk,PRC DELEGATED CO-COMMISSIONING,DR T WATKINS & PARTNERS,24738290,840.00 ,LL000035959
Department of Health,NHS Lincolnshire East CCG,30/11/2018,C&M-GMS Global Sum,PRC DELEGATED CO-COMMISSIONING,DR T WATKINS & PARTNERS,24738290,"76,146.30 ",LL000035959
Department of Health,NHS Lincolnshire East CCG,30/11/2018,C&M-GMS NES Minor Injury Services,LOCAL ENHANCED SERVICES,DR T WATKINS & PARTNERS,24738290,"4,765.21 ",LL000035959
Department of Health,NHS Lincolnshire East CCG,30/11/2018,C&M-GMS PCO Other,PRC DELEGATED CO-COMMISSIONING,DR T WATKINS & PARTNERS,24738290,"5,742.00 ",LL000035959
Department of Health,NHS Lincolnshire East CCG,30/11/2018,C&M-GMS Prem Actual Rent,PRC DELEGATED CO-COMMISSIONING,DR T WATKINS & PARTNERS,24738290,285.00 ,LL000035959
Department of Health,NHS Lincolnshire East CCG,30/11/2018,C&M-GMS Prem Water Rates,PRC DELEGATED CO-COMMISSIONING,DR T WATKINS & PARTNERS,24738290,"2,111.49 ",LL000035959
Department of Health,NHS Lincolnshire East CCG,30/11/2018,C&M-GMS QOF Aspiration,PRC DELEGATED CO-COMMISSIONING,DR T WATKINS & PARTNERS,24738290,"8,568.76 ",LL000035959
Department of Health,NHS Lincolnshire East CCG,30/11/2018,C&M-GMS DES Learn Dsblty Hlth Chk,PRC DELEGATED CO-COMMISSIONING,DR TELFER & PARTNERS,24738292,"1,400.00 ",LL000035961
Department of Health,NHS Lincolnshire East CCG,30/11/2018,C&M-GMS Global Sum,PRC DELEGATED CO-COMMISSIONING,DR TELFER & PARTNERS,24738292,"90,067.82 ",LL000035961
Department of Health,NHS Lincolnshire East CCG,30/11/2018,C&M-GMS Prem Actual Rent,PRC DELEGATED CO-COMMISSIONING,DR TELFER & PARTNERS,24738292,293.75 ,LL000035961
Department of Health,NHS Lincolnshire East CCG,30/11/2018,C&M-GMS QOF Aspiration,PRC DELEGATED CO-COMMISSIONING,DR TELFER & PARTNERS,24738292,"8,900.25 ",LL000035961
Department of Health,NHS Lincolnshire East CCG,30/11/2018,C&M-GMS Global Sum,PRC DELEGATED CO-COMMISSIONING,KIRTON MEDICAL CENTRE,24738293,"50,909.09 ",LL000035963
Department of Health,NHS Lincolnshire East CCG,30/11/2018,C&M-GMS QOF Aspiration,PRC DELEGATED CO-COMMISSIONING,KIRTON MEDICAL CENTRE,24738293,"4,091.90 ",LL000035963
Department of Health,NHS Lincolnshire East CCG,30/11/2018,C&M-GMS DES Violent Patients,PRC DELEGATED CO-COMMISSIONING,JAMES STREET FAMILY PRACTICE,24738295,500.00 ,LL000035965
Department of Health,NHS Lincolnshire East CCG,30/11/2018,C&M-GMS Global Sum,PRC DELEGATED CO-COMMISSIONING,JAMES STREET FAMILY PRACTICE,24738295,"88,108.01 ",LL000035965
Department of Health,NHS Lincolnshire East CCG,30/11/2018,C&M-GMS MPIG Correction Factor,PRC DELEGATED CO-COMMISSIONING,JAMES STREET FAMILY PRACTICE,24738295,"1,674.60 ",LL000035965
Department of Health,NHS Lincolnshire East CCG,30/11/2018,C&M-GMS Prem Notional Rent,PRC DELEGATED CO-COMMISSIONING,JAMES STREET FAMILY PRACTICE,24738295,"6,012.50 ",LL000035965
Department of Health,NHS Lincolnshire East CCG,30/11/2018,C&M-GMS Prem Water Rates,PRC DELEGATED CO-COMMISSIONING,JAMES STREET FAMILY PRACTICE,24738295,"3,247.13 ",LL000035965
Department of Health,NHS Lincolnshire East CCG,30/11/2018,C&M-GMS QOF Aspiration,PRC DELEGATED CO-COMMISSIONING,JAMES STREET FAMILY PRACTICE,24738295,"11,046.64 ",LL000035965
Department of Health,NHS Lincolnshire East CCG,30/11/2018,ME-GMS GP Pension EEs Adjustments,PRC DELEGATED CO-COMMISSIONING,JAMES STREET FAMILY PRACTICE,24738295,"10,231.26 ",LL000035965
Department of Health,NHS Lincolnshire East CCG,30/11/2018,ME-GMS GP Pension ERs Adjustments,PRC DELEGATED CO-COMMISSIONING,JAMES STREET FAMILY PRACTICE,24738295,"11,396.16 ",LL000035965
Department of Health,NHS Lincolnshire East CCG,30/11/2018,C&M-GMS Global Sum,PRC DELEGATED CO-COMMISSIONING,TASBURGH LODGE SURGERY,24738297,"36,642.28 ",LL000035967
Department of Health,NHS Lincolnshire East CCG,30/11/2018,C&M-GMS PCO Other,PRC DELEGATED CO-COMMISSIONING,TASBURGH LODGE SURGERY,24738297,"2,773.00 ",LL000035967
Department of Health,NHS Lincolnshire East CCG,30/11/2018,C&M-GMS Prem Actual Rent,PRC DELEGATED CO-COMMISSIONING,TASBURGH LODGE SURGERY,24738297,"2,941.67 ",LL000035967
Department of Health,NHS Lincolnshire East CCG,30/11/2018,C&M-GMS Prem Water Rates,PRC DELEGATED CO-COMMISSIONING,TASBURGH LODGE SURGERY,24738297,161.88 ,LL000035967
Department of Health,NHS Lincolnshire East CCG,30/11/2018,C&M-GMS QOF Aspiration,PRC DELEGATED CO-COMMISSIONING,TASBURGH LODGE SURGERY,24738297,"4,778.86 ",LL000035967
Department of Health,NHS Lincolnshire East CCG,30/11/2018,C&M-GMS DES Learn Dsblty Hlth Chk,PRC DELEGATED CO-COMMISSIONING,SIDINGS MEDICAL PRACTICE (THE),24738300,"1,680.00 ",LL000035971
Department of Health,NHS Lincolnshire East CCG,30/11/2018,C&M-GMS Global Sum,PRC DELEGATED CO-COMMISSIONING,SIDINGS MEDICAL PRACTICE (THE),24738300,"125,236.63 ",LL000035971
Department of Health,NHS Lincolnshire East CCG,30/11/2018,C&M-GMS Prem Actual Rent,PRC DELEGATED CO-COMMISSIONING,SIDINGS MEDICAL PRACTICE (THE),24738300,"2,150.00 ",LL000035971
Department of Health,NHS Lincolnshire East CCG,30/11/2018,C&M-GMS Prem Water Rates,PRC DELEGATED CO-COMMISSIONING,SIDINGS MEDICAL PRACTICE (THE),24738300,104.07 ,LL000035971
Department of Health,NHS Lincolnshire East CCG,30/11/2018,C&M-GMS QOF Aspiration,PRC DELEGATED CO-COMMISSIONING,SIDINGS MEDICAL PRACTICE (THE),24738300,"15,206.54 ",LL000035971
Department of Health,NHS Lincolnshire East CCG,30/11/2018,C&M-GMS Global Sum,PRC DELEGATED CO-COMMISSIONING,STICKNEY SURGERY,24744119,"48,589.29 ",LL000035949
Department of Health,NHS Lincolnshire East CCG,30/11/2018,C&M-GMS QOF Aspiration,PRC DELEGATED CO-COMMISSIONING,STICKNEY SURGERY,24744119,"4,777.09 ",LL000035949
Department of Health,NHS Lincolnshire East CCG,30/11/2018,Clinical&Medical-Independent Sector - Over/ Under Performance,ACUTE COMMISSIONING,ORTHOPAEDICS & SPINE SPECIALIST HOSPITAL,24744674,"(35,679.87)",JTOCT1809CN
Department of Health,NHS Lincolnshire East CCG,30/11/2018,C&M-GMS GP Statutory Levy,PRC DELEGATED CO-COMMISSIONING,DR MASSEY & PARTNERS,24756010,(335.86),LL000035936
Department of Health,NHS Lincolnshire East CCG,30/11/2018,C&M-GMS Voluntary Levy,PRC DELEGATED CO-COMMISSIONING,DR MASSEY & PARTNERS,24756010,(47.56),LL000035936
Department of Health,NHS Lincolnshire East CCG,30/11/2018,ME - GMS GP Prior Year ERs,PRC DELEGATED CO-COMMISSIONING,DR MASSEY & PARTNERS,24756010,"(8,596.33)",LL000035936
Department of Health,NHS Lincolnshire East CCG,30/11/2018,ME-GMS GP Pension AVCs,PRC DELEGATED CO-COMMISSIONING,DR MASSEY & PARTNERS,24756010,(562.50),LL000035936
Department of Health,NHS Lincolnshire East CCG,30/11/2018,ME-GMS GP Pension EEs,PRC DELEGATED CO-COMMISSIONING,DR MASSEY & PARTNERS,24756010,"(3,518.75)",LL000035936
Department of Health,NHS Lincolnshire East CCG,30/11/2018,ME-GMS GP Pension ERs Adjustments,PRC DELEGATED CO-COMMISSIONING,DR MASSEY & PARTNERS,24756010,"(3,630.95)",LL000035936
Department of Health,NHS Lincolnshire East CCG,30/11/2018,ME-GMS GP Prior Year AVCs,PRC DELEGATED CO-COMMISSIONING,DR MASSEY & PARTNERS,24756010,"(5,886.08)",LL000035936
Department of Health,NHS Lincolnshire East CCG,30/11/2018,ME-GMS GP Prior Year EEs,PRC DELEGATED CO-COMMISSIONING,DR MASSEY & PARTNERS,24756010,"(8,693.02)",LL000035936
Department of Health,NHS Lincolnshire East CCG,30/11/2018,C&M-GMS DES Learn Dsblty Hlth Chk,PRC DELEGATED CO-COMMISSIONING,DR O KELLY & PARTNERS,24756011,420.00 ,LL000035943
Department of Health,NHS Lincolnshire East CCG,30/11/2018,C&M-GMS Global Sum,PRC DELEGATED CO-COMMISSIONING,DR O KELLY & PARTNERS,24756011,"66,633.36 ",LL000035943
Department of Health,NHS Lincolnshire East CCG,30/11/2018,C&M-GMS MPIG Correction Factor,PRC DELEGATED CO-COMMISSIONING,DR O KELLY & PARTNERS,24756011,831.68 ,LL000035943
Department of Health,NHS Lincolnshire East CCG,30/11/2018,C&M-GMS Prem Notional Rent,PRC DELEGATED CO-COMMISSIONING,DR O KELLY & PARTNERS,24756011,"4,250.00 ",LL000035943
Department of Health,NHS Lincolnshire East CCG,30/11/2018,C&M-GMS QOF Aspiration,PRC DELEGATED CO-COMMISSIONING,DR O KELLY & PARTNERS,24756011,"8,676.43 ",LL000035943
Department of Health,NHS Lincolnshire East CCG,30/11/2018,ME-GMS GP Pension EEs Adjustments,PRC DELEGATED CO-COMMISSIONING,DR O KELLY & PARTNERS,24756011,728.75 ,LL000035943
Department of Health,NHS Lincolnshire East CCG,30/11/2018,ME-GMS GP Pension ERs Adjustments,PRC DELEGATED CO-COMMISSIONING,DR O KELLY & PARTNERS,24756011,838.35 ,LL000035943
Department of Health,NHS Lincolnshire East CCG,30/11/2018,C&M-GMS Global Sum,PRC DELEGATED CO-COMMISSIONING,DR ROGERS & PARTNERS,24756012,"153,293.31 ",LL000035951
Department of Health,NHS Lincolnshire East CCG,30/11/2018,C&M-GMS Prem Notional Rent,PRC DELEGATED CO-COMMISSIONING,DR ROGERS & PARTNERS,24756012,"1,166.67 ",LL000035951
Department of Health,NHS Lincolnshire East CCG,30/11/2018,C&M-GMS Prem Water Rates,PRC DELEGATED CO-COMMISSIONING,DR ROGERS & PARTNERS,24756012,411.57 ,LL000035951
Department of Health,NHS Lincolnshire East CCG,30/11/2018,C&M-GMS QOF Aspiration,PRC DELEGATED CO-COMMISSIONING,DR ROGERS & PARTNERS,24756012,"16,794.22 ",LL000035951
Department of Health,NHS Lincolnshire East CCG,30/11/2018,ME-GMS GP Pension EEs Adjustments,PRC DELEGATED CO-COMMISSIONING,DR ROGERS & PARTNERS,24756012,851.52 ,LL000035951
Department of Health,NHS Lincolnshire East CCG,30/11/2018,ME-GMS GP Pension ERs Adjustments,PRC DELEGATED CO-COMMISSIONING,DR ROGERS & PARTNERS,24756012,844.48 ,LL000035951
Department of Health,NHS Lincolnshire East CCG,30/11/2018,C&M-GMS Global Sum,PRC DELEGATED CO-COMMISSIONING,WOODHALL SPA NEW SURGERY,24756015,"53,216.64 ",LL000035969
Department of Health,NHS Lincolnshire East CCG,30/11/2018,C&M-GMS Prem Actual Rent,PRC DELEGATED CO-COMMISSIONING,WOODHALL SPA NEW SURGERY,24756015,"11,500.00 ",LL000035969
Department of Health,NHS Lincolnshire East CCG,30/11/2018,C&M-GMS Prem Notional Rent,PRC DELEGATED CO-COMMISSIONING,WOODHALL SPA NEW SURGERY,24756015,"3,583.33 ",LL000035969
Department of Health,NHS Lincolnshire East CCG,30/11/2018,C&M-GMS Prem Water Rates,PRC DELEGATED CO-COMMISSIONING,WOODHALL SPA NEW SURGERY,24756015,73.88 ,LL000035969
Department of Health,NHS Lincolnshire East CCG,30/11/2018,C&M-GMS QOF Aspiration,PRC DELEGATED CO-COMMISSIONING,WOODHALL SPA NEW SURGERY,24756015,"6,609.95 ",LL000035969
Department of Health,NHS Lincolnshire East CCG,30/11/2018,ME-GMS GP Pension EEs Adjustments,PRC DELEGATED CO-COMMISSIONING,WOODHALL SPA NEW SURGERY,24756015,"6,480.00 ",LL000035969
Department of Health,NHS Lincolnshire East CCG,30/11/2018,ME-GMS GP Pension ERs Adjustments,PRC DELEGATED CO-COMMISSIONING,WOODHALL SPA NEW SURGERY,24756015,"6,902.40 ",LL000035969
Department of Health,NHS Lincolnshire East CCG,30/11/2018,Cont Care-Funded Nursing Care Allow,FUNDED NURSING CARE,LINCOLNSHIRE COUNTY COUNCIL,24783398,"521,637.27 ",10067967
Department of Health,NHS Lincolnshire East CCG,30/11/2018,Hcare Srv Rec Fdtn Trust-CQUIN,ACUTE COMMISSIONING,NORTHERN LINCOLNSHIRE AND GOOLE HOSPITALS NHS FOUNDATION TRUST,24809834,"28,674.00 ",2400021672
Department of Health,NHS Lincolnshire East CCG,30/11/2018,Hcare Srv Rec Fdtn Trust-Contract Baseline,ACUTE COMMISSIONING,NORTHERN LINCOLNSHIRE AND GOOLE HOSPITALS NHS FOUNDATION TRUST,24809834,"2,449,165.00 ",2400021672
Department of Health,NHS Lincolnshire East CCG,30/11/2018,Clinical&Medical-Commercial Sector,COMMUNITY SERVICES,LINCOLNSHIRE COUNTY COUNCIL,24814851,"87,543.00 ",10069333
Department of Health,NHS Lincolnshire East CCG,30/11/2018,Clinical&Medical-Othe Public Sector,CARERS,LINCOLNSHIRE COUNTY COUNCIL,24814851,"298,353.00 ",10069333
Department of Health,NHS Lincolnshire East CCG,30/11/2018,Clinical&Medical-Othe Public Sector,CHILD AND ADOLESCENT MENTAL HEALTH,LINCOLNSHIRE COUNTY COUNCIL,24814851,"190,223.00 ",10069333
Department of Health,NHS Lincolnshire East CCG,30/11/2018,Clinical&Medical-Othe Public Sector,LEARNING DIFFICULTIES,LINCOLNSHIRE COUNTY COUNCIL,24814851,"540,249.00 ",10069333
Department of Health,NHS Lincolnshire East CCG,30/11/2018,C&M-GMS Cost of Drugs -Dispensing,LOCAL ENHANCED SERVICES,DR AI BELL & PARTNERS,24823881,"(26,781.40)",LL000036154
Department of Health,NHS Lincolnshire East CCG,30/11/2018,C&M-GMS PrscChrgsCll&RmttdbyGPCntra,PRC DELEGATED CO-COMMISSIONING,DR AI BELL & PARTNERS,24823881,"(1,548.80)",LL000036154
Department of Health,NHS Lincolnshire East CCG,30/11/2018,C&M-GMS Cost of Drugs -Dispensing,LOCAL ENHANCED SERVICES,DR AI BELL & PARTNERS,24823882,"53,140.66 ",LL000036155
Department of Health,NHS Lincolnshire East CCG,30/11/2018,C&M-GMS Prof Fees Dispensing,PRC DELEGATED CO-COMMISSIONING,DR AI BELL & PARTNERS,24823882,"9,533.77 ",LL000036155
Department of Health,NHS Lincolnshire East CCG,30/11/2018,C&M-GMS PrscrptnChrgsColl&RmttdbyGP,LOCAL ENHANCED SERVICES,DR AI BELL & PARTNERS,24823882,"1,548.80 ",LL000036155
Department of Health,NHS Lincolnshire East CCG,30/11/2018,C&M-GMS Cost of Drugs -Dispensing,LOCAL ENHANCED SERVICES,DR BACKHOUSE,24823883,"(28,728.24)",LL000036156
Department of Health,NHS Lincolnshire East CCG,30/11/2018,C&M-GMS PrscChrgsCll&RmttdbyGPCntra,PRC DELEGATED CO-COMMISSIONING,DR BACKHOUSE,24823883,"(1,751.20)",LL000036156
Department of Health,NHS Lincolnshire East CCG,30/11/2018,C&M-GMS Cost of Drugs -Dispensing,LOCAL ENHANCED SERVICES,DR BACKHOUSE,24823884,"54,737.55 ",LL000036157
Department of Health,NHS Lincolnshire East CCG,30/11/2018,C&M-GMS Prof Fees Dispensing,PRC DELEGATED CO-COMMISSIONING,DR BACKHOUSE,24823884,"9,047.43 ",LL000036157
Department of Health,NHS Lincolnshire East CCG,30/11/2018,C&M-GMS PrscrptnChrgsColl&RmttdbyGP,LOCAL ENHANCED SERVICES,DR BACKHOUSE,24823884,"1,751.20 ",LL000036157
Department of Health,NHS Lincolnshire East CCG,30/11/2018,C&M-GMS Cost of Drugs -Dispensing,LOCAL ENHANCED SERVICES,DR BULL & PARTNERS,24823885,"(89,878.72)",LL000036158
Department of Health,NHS Lincolnshire East CCG,30/11/2018,C&M-GMS PrscChrgsCll&RmttdbyGPCntra,PRC DELEGATED CO-COMMISSIONING,DR BULL & PARTNERS,24823885,"(3,528.80)",LL000036158
Department of Health,NHS Lincolnshire East CCG,30/11/2018,C&M-GMS Cost of Drugs -Dispensing,LOCAL ENHANCED SERVICES,DR BULL & PARTNERS,24823886,"193,077.42 ",LL000036159
Department of Health,NHS Lincolnshire East CCG,30/11/2018,C&M-GMS Prof Fees Dispensing,PRC DELEGATED CO-COMMISSIONING,DR BULL & PARTNERS,24823886,"30,749.72 ",LL000036159
Department of Health,NHS Lincolnshire East CCG,30/11/2018,C&M-GMS PrscrptnChrgsColl&RmttdbyGP,LOCAL ENHANCED SERVICES,DR BULL & PARTNERS,24823886,"3,528.80 ",LL000036159
Department of Health,NHS Lincolnshire East CCG,30/11/2018,C&M-GMS Cost of Drugs -Dispensing,LOCAL ENHANCED SERVICES,DR DWYER & PARTNERS,24823888,"(65,212.42)",LL000036161
Department of Health,NHS Lincolnshire East CCG,30/11/2018,C&M-GMS PrscChrgsCll&RmttdbyGPCntra,PRC DELEGATED CO-COMMISSIONING,DR DWYER & PARTNERS,24823888,"(2,992.00)",LL000036161
Department of Health,NHS Lincolnshire East CCG,30/11/2018,C&M-GMS Cost of Drugs -Dispensing,LOCAL ENHANCED SERVICES,DR DWYER & PARTNERS,24823889,"135,935.62 ",LL000036162
Department of Health,NHS Lincolnshire East CCG,30/11/2018,C&M-GMS Prof Fees Dispensing,PRC DELEGATED CO-COMMISSIONING,DR DWYER & PARTNERS,24823889,"21,094.37 ",LL000036162
Department of Health,NHS Lincolnshire East CCG,30/11/2018,C&M-GMS PrscrptnChrgsColl&RmttdbyGP,LOCAL ENHANCED SERVICES,DR DWYER & PARTNERS,24823889,"2,992.00 ",LL000036162
Department of Health,NHS Lincolnshire East CCG,30/11/2018,C&M-GMS Cost of Drugs -Dispensing,LOCAL ENHANCED SERVICES,DR KELLY & PARTNERS,24823891,"(43,184.40)",LL000036164
Department of Health,NHS Lincolnshire East CCG,30/11/2018,C&M-GMS PrscChrgsCll&RmttdbyGPCntra,PRC DELEGATED CO-COMMISSIONING,DR KELLY & PARTNERS,24823891,"(1,452.00)",LL000036164
Department of Health,NHS Lincolnshire East CCG,30/11/2018,C&M-GMS Cost of Drugs -Dispensing,LOCAL ENHANCED SERVICES,DR KELLY & PARTNERS,24823892,"99,688.80 ",LL000036165
Department of Health,NHS Lincolnshire East CCG,30/11/2018,C&M-GMS Prof Fees Dispensing,PRC DELEGATED CO-COMMISSIONING,DR KELLY & PARTNERS,24823892,"16,936.20 ",LL000036165
Department of Health,NHS Lincolnshire East CCG,30/11/2018,C&M-GMS PrscrptnChrgsColl&RmttdbyGP,LOCAL ENHANCED SERVICES,DR KELLY & PARTNERS,24823892,"1,452.00 ",LL000036165
Department of Health,NHS Lincolnshire East CCG,30/11/2018,C&M-GMS Cost of Drugs -Dispensing,LOCAL ENHANCED SERVICES,DR MEIWALD & PARTNERS,24823893,"(32,542.40)",LL000036166
Department of Health,NHS Lincolnshire East CCG,30/11/2018,C&M-GMS PrscChrgsCll&RmttdbyGPCntra,PRC DELEGATED CO-COMMISSIONING,DR MEIWALD & PARTNERS,24823893,(880.00),LL000036166
Department of Health,NHS Lincolnshire East CCG,30/11/2018,C&M-GMS Cost of Drugs -Dispensing,LOCAL ENHANCED SERVICES,DR MEIWALD & PARTNERS,24823894,"62,397.14 ",LL000036167
Department of Health,NHS Lincolnshire East CCG,30/11/2018,C&M-GMS Prof Fees Dispensing,PRC DELEGATED CO-COMMISSIONING,DR MEIWALD & PARTNERS,24823894,"12,457.69 ",LL000036167
Department of Health,NHS Lincolnshire East CCG,30/11/2018,C&M-GMS PrscrptnChrgsColl&RmttdbyGP,LOCAL ENHANCED SERVICES,DR MEIWALD & PARTNERS,24823894,880.00 ,LL000036167
Department of Health,NHS Lincolnshire East CCG,30/11/2018,C&M-GMS Cost of Drugs -Dispensing,LOCAL ENHANCED SERVICES,DR MASSEY & PARTNERS,24823895,"(61,843.25)",LL000036168
Department of Health,NHS Lincolnshire East CCG,30/11/2018,C&M-GMS PrscChrgsCll&RmttdbyGPCntra,PRC DELEGATED CO-COMMISSIONING,DR MASSEY & PARTNERS,24823895,"(2,613.60)",LL000036168
Department of Health,NHS Lincolnshire East CCG,30/11/2018,C&M-GMS Cost of Drugs -Dispensing,LOCAL ENHANCED SERVICES,DR MASSEY & PARTNERS,24823896,"134,442.63 ",LL000036169
Department of Health,NHS Lincolnshire East CCG,30/11/2018,C&M-GMS Prof Fees Dispensing,PRC DELEGATED CO-COMMISSIONING,DR MASSEY & PARTNERS,24823896,"23,536.78 ",LL000036169
Department of Health,NHS Lincolnshire East CCG,30/11/2018,C&M-GMS PrscrptnChrgsColl&RmttdbyGP,LOCAL ENHANCED SERVICES,DR MASSEY & PARTNERS,24823896,"2,613.60 ",LL000036169
Department of Health,NHS Lincolnshire East CCG,30/11/2018,C&M-GMS Cost of Drugs -Dispensing,LOCAL ENHANCED SERVICES,DR PARKER & PARTNERS LOUTH,24823898,"(99,582.78)",LL000036171
Department of Health,NHS Lincolnshire East CCG,30/11/2018,C&M-GMS PrscChrgsCll&RmttdbyGPCntra,PRC DELEGATED CO-COMMISSIONING,DR PARKER & PARTNERS LOUTH,24823898,"(2,956.80)",LL000036171
Department of Health,NHS Lincolnshire East CCG,30/11/2018,C&M-GMS Cost of Drugs -Dispensing,LOCAL ENHANCED SERVICES,DR PARKER & PARTNERS LOUTH,24823899,"193,190.04 ",LL000036172
Department of Health,NHS Lincolnshire East CCG,30/11/2018,C&M-GMS Prof Fees Dispensing,PRC DELEGATED CO-COMMISSIONING,DR PARKER & PARTNERS LOUTH,24823899,"33,350.61 ",LL000036172
Department of Health,NHS Lincolnshire East CCG,30/11/2018,C&M-GMS PrscrptnChrgsColl&RmttdbyGP,LOCAL ENHANCED SERVICES,DR PARKER & PARTNERS LOUTH,24823899,"2,956.80 ",LL000036172
Department of Health,NHS Lincolnshire East CCG,30/11/2018,C&M-GMS Cost of Drugs -Dispensing,LOCAL ENHANCED SERVICES,DR O KELLY & PARTNERS,24823900,"(62,552.06)",LL000036173
Department of Health,NHS Lincolnshire East CCG,30/11/2018,C&M-GMS PrscChrgsCll&RmttdbyGPCntra,PRC DELEGATED CO-COMMISSIONING,DR O KELLY & PARTNERS,24823900,"(1,777.60)",LL000036173
Department of Health,NHS Lincolnshire East CCG,30/11/2018,C&M-GMS Cost of Drugs -Dispensing,LOCAL ENHANCED SERVICES,DR O KELLY & PARTNERS,24823901,"114,027.64 ",LL000036174
Department of Health,NHS Lincolnshire East CCG,30/11/2018,C&M-GMS Prof Fees Dispensing,PRC DELEGATED CO-COMMISSIONING,DR O KELLY & PARTNERS,24823901,"22,248.68 ",LL000036174
Department of Health,NHS Lincolnshire East CCG,30/11/2018,C&M-GMS PrscrptnChrgsColl&RmttdbyGP,LOCAL ENHANCED SERVICES,DR O KELLY & PARTNERS,24823901,"1,777.60 ",LL000036174
Department of Health,NHS Lincolnshire East CCG,30/11/2018,C&M-GMS Cost of Drugs -Dispensing,LOCAL ENHANCED SERVICES,DR MITCHELL & PARTNERS,24823902,"(43,159.00)",LL000036175
Department of Health,NHS Lincolnshire East CCG,30/11/2018,C&M-GMS PrscChrgsCll&RmttdbyGPCntra,PRC DELEGATED CO-COMMISSIONING,DR MITCHELL & PARTNERS,24823902,"(1,997.60)",LL000036175
Department of Health,NHS Lincolnshire East CCG,30/11/2018,C&M-GMS Cost of Drugs -Dispensing,LOCAL ENHANCED SERVICES,DR MITCHELL & PARTNERS,24823903,"82,115.66 ",LL000036176
Department of Health,NHS Lincolnshire East CCG,30/11/2018,C&M-GMS Prof Fees Dispensing,PRC DELEGATED CO-COMMISSIONING,DR MITCHELL & PARTNERS,24823903,"14,992.09 ",LL000036176
Department of Health,NHS Lincolnshire East CCG,30/11/2018,C&M-GMS PrscrptnChrgsColl&RmttdbyGP,LOCAL ENHANCED SERVICES,DR MITCHELL & PARTNERS,24823903,"1,997.60 ",LL000036176
Department of Health,NHS Lincolnshire East CCG,30/11/2018,C&M-GMS Cost of Drugs -Dispensing,LOCAL ENHANCED SERVICES,DR RAMON & PARTNERS,24823904,"(52,656.60)",LL000036177
Department of Health,NHS Lincolnshire East CCG,30/11/2018,C&M-GMS PrscChrgsCll&RmttdbyGPCntra,PRC DELEGATED CO-COMMISSIONING,DR RAMON & PARTNERS,24823904,"(1,161.60)",LL000036177
Department of Health,NHS Lincolnshire East CCG,30/11/2018,C&M-GMS Cost of Drugs -Dispensing,LOCAL ENHANCED SERVICES,DR RAMON & PARTNERS,24823905,"109,239.93 ",LL000036178
Department of Health,NHS Lincolnshire East CCG,30/11/2018,C&M-GMS Prof Fees Dispensing,PRC DELEGATED CO-COMMISSIONING,DR RAMON & PARTNERS,24823905,"19,018.05 ",LL000036178
Department of Health,NHS Lincolnshire East CCG,30/11/2018,C&M-GMS PrscrptnChrgsColl&RmttdbyGP,LOCAL ENHANCED SERVICES,DR RAMON & PARTNERS,24823905,"1,161.60 ",LL000036178
Department of Health,NHS Lincolnshire East CCG,30/11/2018,C&M-GMS Cost of Drugs -Dispensing,LOCAL ENHANCED SERVICES,DR ROGERS & PARTNERS,24823906,"(28,464.80)",LL000036181
Department of Health,NHS Lincolnshire East CCG,30/11/2018,C&M-GMS PrscChrgsCll&RmttdbyGPCntra,PRC DELEGATED CO-COMMISSIONING,DR ROGERS & PARTNERS,24823906,(853.60),LL000036181
Department of Health,NHS Lincolnshire East CCG,30/11/2018,C&M-GMS Cost of Drugs -Dispensing,LOCAL ENHANCED SERVICES,DR ROGERS & PARTNERS,24823907,"78,887.94 ",LL000036182
Department of Health,NHS Lincolnshire East CCG,30/11/2018,C&M-GMS Prof Fees Dispensing,PRC DELEGATED CO-COMMISSIONING,DR ROGERS & PARTNERS,24823907,"9,624.89 ",LL000036182
Department of Health,NHS Lincolnshire East CCG,30/11/2018,C&M-GMS PrscrptnChrgsColl&RmttdbyGP,LOCAL ENHANCED SERVICES,DR ROGERS & PARTNERS,24823907,853.60 ,LL000036182
Department of Health,NHS Lincolnshire East CCG,30/11/2018,C&M-GMS Cost of Drugs -Dispensing,LOCAL ENHANCED SERVICES,DR SR BAXTER & PARTNERS,24823910,"106,211.01 ",LL000036185
Department of Health,NHS Lincolnshire East CCG,30/11/2018,C&M-GMS Prof Fees Dispensing,PRC DELEGATED CO-COMMISSIONING,DR SR BAXTER & PARTNERS,24823910,"11,572.64 ",LL000036185
Department of Health,NHS Lincolnshire East CCG,30/11/2018,C&M-GMS PrscrptnChrgsColl&RmttdbyGP,LOCAL ENHANCED SERVICES,DR SR BAXTER & PARTNERS,24823910,704.00 ,LL000036185
Department of Health,NHS Lincolnshire East CCG,30/11/2018,C&M-GMS Cost of Drugs -Dispensing,LOCAL ENHANCED SERVICES,DR WOOLLARD & PARTNERS,24823911,"(38,340.50)",LL000036186
Department of Health,NHS Lincolnshire East CCG,30/11/2018,C&M-GMS PrscChrgsCll&RmttdbyGPCntra,PRC DELEGATED CO-COMMISSIONING,DR WOOLLARD & PARTNERS,24823911,"(1,654.40)",LL000036186
Department of Health,NHS Lincolnshire East CCG,30/11/2018,C&M-GMS Cost of Drugs -Dispensing,LOCAL ENHANCED SERVICES,DR WOOLLARD & PARTNERS,24823912,"74,288.77 ",LL000036187
Department of Health,NHS Lincolnshire East CCG,30/11/2018,C&M-GMS Prof Fees Dispensing,PRC DELEGATED CO-COMMISSIONING,DR WOOLLARD & PARTNERS,24823912,"12,677.99 ",LL000036187
Department of Health,NHS Lincolnshire East CCG,30/11/2018,C&M-GMS PrscrptnChrgsColl&RmttdbyGP,LOCAL ENHANCED SERVICES,DR WOOLLARD & PARTNERS,24823912,"1,654.40 ",LL000036187
Department of Health,NHS Lincolnshire East CCG,30/11/2018,C&M-GMS Cost of Drugs -Dispensing,LOCAL ENHANCED SERVICES,DR T WATKINS & PARTNERS,24823913,"(31,241.28)",LL000036188
Department of Health,NHS Lincolnshire East CCG,30/11/2018,C&M-GMS PrscChrgsCll&RmttdbyGPCntra,PRC DELEGATED CO-COMMISSIONING,DR T WATKINS & PARTNERS,24823913,"(1,416.80)",LL000036188
Department of Health,NHS Lincolnshire East CCG,30/11/2018,C&M-GMS Cost of Drugs -Dispensing,LOCAL ENHANCED SERVICES,DR T WATKINS & PARTNERS,24823914,"72,649.55 ",LL000036189
Department of Health,NHS Lincolnshire East CCG,30/11/2018,C&M-GMS Prof Fees Dispensing,PRC DELEGATED CO-COMMISSIONING,DR T WATKINS & PARTNERS,24823914,"8,883.69 ",LL000036189
Department of Health,NHS Lincolnshire East CCG,30/11/2018,C&M-GMS PrscrptnChrgsColl&RmttdbyGP,LOCAL ENHANCED SERVICES,DR T WATKINS & PARTNERS,24823914,"1,416.80 ",LL000036189
Department of Health,NHS Lincolnshire East CCG,30/11/2018,C&M-GMS Cost of Drugs -Dispensing,LOCAL ENHANCED SERVICES,DR TELFER & PARTNERS,24823915,"(58,635.12)",LL000036190
Department of Health,NHS Lincolnshire East CCG,30/11/2018,C&M-GMS PrscChrgsCll&RmttdbyGPCntra,PRC DELEGATED CO-COMMISSIONING,DR TELFER & PARTNERS,24823915,"(2,631.20)",LL000036190
Department of Health,NHS Lincolnshire East CCG,30/11/2018,C&M-GMS Cost of Drugs -Dispensing,LOCAL ENHANCED SERVICES,DR TELFER & PARTNERS,24823916,"130,996.64 ",LL000036191
Department of Health,NHS Lincolnshire East CCG,30/11/2018,C&M-GMS Prof Fees Dispensing,PRC DELEGATED CO-COMMISSIONING,DR TELFER & PARTNERS,24823916,"21,743.65 ",LL000036191
Department of Health,NHS Lincolnshire East CCG,30/11/2018,C&M-GMS PrscrptnChrgsColl&RmttdbyGP,LOCAL ENHANCED SERVICES,DR TELFER & PARTNERS,24823916,"2,631.20 ",LL000036191
Department of Health,NHS Lincolnshire East CCG,30/11/2018,C&M-GMS Cost of Drugs -Dispensing,LOCAL ENHANCED SERVICES,KIRTON MEDICAL CENTRE,24823918,"31,808.34 ",LL000036193
Department of Health,NHS Lincolnshire East CCG,30/11/2018,C&M-GMS Prof Fees Dispensing,PRC DELEGATED CO-COMMISSIONING,KIRTON MEDICAL CENTRE,24823918,"4,169.66 ",LL000036193
Department of Health,NHS Lincolnshire East CCG,30/11/2018,C&M-GMS PrscrptnChrgsColl&RmttdbyGP,LOCAL ENHANCED SERVICES,KIRTON MEDICAL CENTRE,24823918,800.80 ,LL000036193
Department of Health,NHS Lincolnshire East CCG,30/11/2018,C&M-GMS Cost of Drugs -Dispensing,LOCAL ENHANCED SERVICES,JAMES STREET FAMILY PRACTICE,24823919,"(40,954.58)",LL000036194
Department of Health,NHS Lincolnshire East CCG,30/11/2018,C&M-GMS PrscChrgsCll&RmttdbyGPCntra,PRC DELEGATED CO-COMMISSIONING,JAMES STREET FAMILY PRACTICE,24823919,(475.20),LL000036194
Department of Health,NHS Lincolnshire East CCG,30/11/2018,C&M-GMS Cost of Drugs -Dispensing,LOCAL ENHANCED SERVICES,JAMES STREET FAMILY PRACTICE,24823920,"95,396.65 ",LL000036195
Department of Health,NHS Lincolnshire East CCG,30/11/2018,C&M-GMS Prof Fees Dispensing,PRC DELEGATED CO-COMMISSIONING,JAMES STREET FAMILY PRACTICE,24823920,"16,412.03 ",LL000036195
Department of Health,NHS Lincolnshire East CCG,30/11/2018,C&M-GMS PrscrptnChrgsColl&RmttdbyGP,LOCAL ENHANCED SERVICES,JAMES STREET FAMILY PRACTICE,24823920,475.20 ,LL000036195
Department of Health,NHS Lincolnshire East CCG,30/11/2018,C&M-GMS Cost of Drugs -Dispensing,LOCAL ENHANCED SERVICES,TASBURGH LODGE SURGERY,24823922,"35,947.09 ",LL000036197
Department of Health,NHS Lincolnshire East CCG,30/11/2018,C&M-GMS Prof Fees Dispensing,PRC DELEGATED CO-COMMISSIONING,TASBURGH LODGE SURGERY,24823922,"5,736.38 ",LL000036197
Department of Health,NHS Lincolnshire East CCG,30/11/2018,C&M-GMS PrscrptnChrgsColl&RmttdbyGP,LOCAL ENHANCED SERVICES,TASBURGH LODGE SURGERY,24823922,343.20 ,LL000036197
Department of Health,NHS Lincolnshire East CCG,30/11/2018,C&M-GMS Cost of Drugs -Dispensing,LOCAL ENHANCED SERVICES,WOODHALL SPA NEW SURGERY,24823923,"(55,790.92)",LL000036198
Department of Health,NHS Lincolnshire East CCG,30/11/2018,C&M-GMS PrscChrgsCll&RmttdbyGPCntra,PRC DELEGATED CO-COMMISSIONING,WOODHALL SPA NEW SURGERY,24823923,"(1,654.40)",LL000036198
Department of Health,NHS Lincolnshire East CCG,30/11/2018,C&M-GMS Cost of Drugs -Dispensing,LOCAL ENHANCED SERVICES,WOODHALL SPA NEW SURGERY,24823924,"117,422.27 ",LL000036199
Department of Health,NHS Lincolnshire East CCG,30/11/2018,C&M-GMS Prof Fees Dispensing,PRC DELEGATED CO-COMMISSIONING,WOODHALL SPA NEW SURGERY,24823924,"17,866.63 ",LL000036199
Department of Health,NHS Lincolnshire East CCG,30/11/2018,C&M-GMS PrscrptnChrgsColl&RmttdbyGP,LOCAL ENHANCED SERVICES,WOODHALL SPA NEW SURGERY,24823924,"1,654.40 ",LL000036199
Department of Health,NHS Lincolnshire East CCG,30/11/2018,Clinical&Medical-Independent Sector,COMMUNITY SERVICES,CARE UK CLINICAL SERVICES LTD,24829584,"30,393.00 ",100079086
Department of Health,NHS Lincolnshire East CCG,30/11/2018,Clinical&Medical-Independent Sector,COMMUNITY SERVICES,CARE UK CLINICAL SERVICES LTD,24829597,"45,339.94 ",100079087
Department of Health,NHS Lincolnshire East CCG,30/11/2018,Hcare Srv Rec Fdtn Trust-CQUIN,ACUTE COMMISSIONING,QUEEN ELIZABETH HOSPITAL KINGS LYNN NHS FOUNDATION TRUST,24829780,"1,902.00 ",900874
Department of Health,NHS Lincolnshire East CCG,30/11/2018,Hcare Srv Rec Fdtn Trust-Contract Baseline,ACUTE COMMISSIONING,QUEEN ELIZABETH HOSPITAL KINGS LYNN NHS FOUNDATION TRUST,24829780,"76,803.00 ",900874
Department of Health,NHS Lincolnshire East CCG,30/11/2018,Hcare Srv Rec Fdtn Trust-CQUIN,ACUTE COMMISSIONING,CAMBRIDGE UNIVERSITY HOSPITALS NHS FOUNDATION TRUST,24829839,408.04 ,70022202
Department of Health,NHS Lincolnshire East CCG,30/11/2018,Hcare Srv Rec Fdtn Trust-Contract Baseline,ACUTE COMMISSIONING,CAMBRIDGE UNIVERSITY HOSPITALS NHS FOUNDATION TRUST,24829839,"34,583.33 ",70022202
Department of Health,NHS Lincolnshire East CCG,30/11/2018,Clinical&Medical-Serv Recd-CCGs,ADMIN PROJECTS,NHS SOUTH LINCOLNSHIRE CCG,24829878,"40,000.00 ",7030100822
Department of Health,NHS Lincolnshire East CCG,30/11/2018,C&M-GMS Cost of Drugs -Dispensing,LOCAL ENHANCED SERVICES,STICKNEY SURGERY,24830140,"(69,997.52)",LL000036179
Department of Health,NHS Lincolnshire East CCG,30/11/2018,C&M-GMS PrscChrgsCll&RmttdbyGPCntra,PRC DELEGATED CO-COMMISSIONING,STICKNEY SURGERY,24830140,"(3,176.80)",LL000036179
Department of Health,NHS Lincolnshire East CCG,30/11/2018,C&M-GMS Cost of Drugs -Dispensing,LOCAL ENHANCED SERVICES,STICKNEY SURGERY,24830141,"151,774.84 ",LL000036180
Department of Health,NHS Lincolnshire East CCG,30/11/2018,C&M-GMS Prof Fees Dispensing,PRC DELEGATED CO-COMMISSIONING,STICKNEY SURGERY,24830141,"23,761.61 ",LL000036180
Department of Health,NHS Lincolnshire East CCG,30/11/2018,C&M-GMS PrscrptnChrgsColl&RmttdbyGP,LOCAL ENHANCED SERVICES,STICKNEY SURGERY,24830141,"3,176.80 ",LL000036180
Department of Health,NHS Lincolnshire East CCG,30/11/2018,Clinical&Medical-Serv Recd-CCGs,SAFEGUARDING,NHS SOUTH WEST LINCOLNSHIRE CCG,24856869,"45,567.21 ",7018101537
Department of Health,NHS Lincolnshire East CCG,30/11/2018,Clinical&Medical-Serv Recd-CCGs,COMMISSIONING,NHS SOUTH WEST LINCOLNSHIRE CCG,24856871,"9,293.23 ",7018101540
Department of Health,NHS Lincolnshire East CCG,30/11/2018,Clinical&Medical-Serv Recd-CCGs,LEARNING DIFFICULTIES,NHS SOUTH WEST LINCOLNSHIRE CCG,24856871,"59,031.51 ",7018101540
Department of Health,NHS Lincolnshire East CCG,30/11/2018,Clinical&Medical-Serv Recd-CCGs,MENTAL HEALTH SERVICES - COLLABORATIVE COMMISSIONING,NHS SOUTH WEST LINCOLNSHIRE CCG,24856871,"6,399.72 ",7018101540
Department of Health,NHS Lincolnshire East CCG,30/11/2018,Hcare Srv Rec NHS Trust-Non Contract,URGENT CARE,LINCS COMMUNITY HEALTH SERVICES NHS TRUST,24856878,"170,000.00 ",4000042177
Department of Health,NHS Lincolnshire East CCG,30/11/2018,Chrgs from SLA,MEDICINES MANAGEMENT - CLINICAL,OPTUM HEALTH SOLUTIONS (UK) LTD,24891252,"26,847.40 ",0001099348
Department of Health,NHS Lincolnshire East CCG,30/11/2018,Hcare Srv Rec NHS Trust-CQUIN,ACUTE COMMISSIONING,UNITED LINCOLNSHIRE HOSPITALS NHS TRUST,24915342,"110,629.22 ",0000195437
Department of Health,NHS Lincolnshire East CCG,30/11/2018,Hcare Srv Rec NHS Trust-Contract Baseline,ACUTE COMMISSIONING,UNITED LINCOLNSHIRE HOSPITALS NHS TRUST,24915342,"9,284,849.34 ",0000195437
Department of Health,NHS Lincolnshire East CCG,30/11/2018,Clinical&Medical-Independent Sector,Mental Health Services - S117 Mental Health,CHENGUN CARE HOMES LTD,24915377,"5,849.48 ",201811
Department of Health,NHS Lincolnshire East CCG,30/11/2018,Cont Care-Mental Health (65+),CHC ADULT FULLY FUNDED,CHENGUN CARE HOMES LTD,24915377,"42,824.71 ",201811
Department of Health,NHS Lincolnshire East CCG,30/11/2018,Cont Care-Physical Disab (65+),CHC ADULT FULLY FUNDED,CHENGUN CARE HOMES LTD,24915377,"9,432.34 ",201811
Department of Health,NHS Lincolnshire East CCG,30/11/2018,Cont Care-Physical Disab (<65),CHC ADULT FULLY FUNDED,CHENGUN CARE HOMES LTD,24915377,"2,924.74 ",201811
Department of Health,NHS Lincolnshire East CCG,30/11/2018,Clinical&Medical-Independent Sector - Contract Baseline,ACUTE COMMISSIONING,BMI HEALTHCARE LTD,24915586,"33,558.13 ",0000101135
Department of Health,NHS Lincolnshire East CCG,30/11/2018,Hcare Srv Rec Fdtn Trust-Non Contract,MENTAL HEALTH SERVICES - NOT CONTRACTED ACTIVITY,NOTTINGHAMSHIRE HEALTHCARE NHS TRUST,24938626,"38,694.65 ",1000047312
Department of Health,NHS Lincolnshire East CCG,30/11/2018,Hcare Srv Rec Fdtn Trust-Non Contract,MENTAL HEALTH SERVICES - NOT CONTRACTED ACTIVITY,NOTTINGHAMSHIRE HEALTHCARE NHS TRUST,24938633,"37,821.66 ",1000047730
Department of Health,NHS Lincolnshire East CCG,30/11/2018,Clinical&Medical-Independent Sector,ACUTE COMMISSIONING,ONEHEALTH GROUP,24938647,"42,513.49 ",1900
Department of Health,NHS Lincolnshire East CCG,30/11/2018,Clinical&Medical-Independent Sector - Over/ Under Performance,ACUTE COMMISSIONING,BMI HEALTHCARE LTD,24938653,"64,491.43 ",0000100581
Department of Health,NHS Lincolnshire East CCG,30/11/2018,Hcare Srv Rec NHS Trust-Over/ Under Performance,ACUTE COMMISSIONING,UNITED LINCOLNSHIRE HOSPITALS NHS TRUST,24938660,"1,123,667.75 ",0000195482
Department of Health,NHS Lincolnshire East CCG,30/11/2018,Hcare Srv Rec NHS Trust-Non Contract,COMMUNITY SERVICES,LINCS COMMUNITY HEALTH SERVICES NHS TRUST,24938663,"55,680.01 ",4000042186
Department of Health,NHS Lincolnshire East CCG,30/11/2018,Hcare Srv Rec NHS Trust-Over/ Under Performance,ACUTE COMMISSIONING,UNITED LINCOLNSHIRE HOSPITALS NHS TRUST,24938672,"(1,123,667.75)",0000209834
Department of Health,NHS Lincolnshire East CCG,30/11/2018,Hcare Srv Rec NHS Trust-CQUIN,ACUTE COMMISSIONING,HULL AND EAST YORKSHIRE HOSPITALS NHS TRUST,24938695,"1,639.17 ",H0019975
Department of Health,NHS Lincolnshire East CCG,30/11/2018,Hcare Srv Rec NHS Trust-Contract Baseline,ACUTE COMMISSIONING,HULL AND EAST YORKSHIRE HOSPITALS NHS TRUST,24938695,"134,405.62 ",H0019975
Department of Health,NHS Lincolnshire East CCG,30/11/2018,Hcare Srv Rec Fdtn Trust-Non Contract,MENTAL HEALTH SERVICES - NOT CONTRACTED ACTIVITY,NOTTINGHAMSHIRE HEALTHCARE NHS TRUST,24938738,"36,915.97 ",1000048058
Department of Health,NHS Lincolnshire East CCG,30/11/2018,Clinical&Medical-Independent Sector - Contract Baseline,ACUTE COMMISSIONING,ORTHOPAEDICS & SPINE SPECIALIST HOSPITAL,24938773,"62,500.00 ",M88SLA68E
Department of Health,NHS Lincolnshire East CCG,30/11/2018,Clinical&Medical-Independent Sector - Over/ Under Performance,ACUTE COMMISSIONING,BOSTON WEST HOSPITAL,24954423,"(60,161.32)",JULY18BW03TSC03
Department of Health,NHS Lincolnshire East CCG,30/11/2018,Clinical&Medical-Independent Sector - Over/ Under Performance,ACUTE COMMISSIONING,BOSTON WEST HOSPITAL,24954430,"(110,353.83)",AUGUST18BW03TSC03
Department of Health,NHS Lincolnshire East CCG,30/11/2018,Clinical&Medical-Independent Sector - Over/ Under Performance,ACUTE COMMISSIONING,BOSTON WEST HOSPITAL,24954433,"(127,293.18)",JUNE18BW03TSC03
Department of Health,NHS Lincolnshire East CCG,30/11/2018,Clinical&Medical-Independent Sector,COMMUNITY SERVICES,CARE UK CLINICAL SERVICES LTD,24968195,"36,695.36 ",100080708
Department of Health,NHS Lincolnshire East CCG,30/11/2018,Clinical&Medical-Independent Sector,COMMUNITY SERVICES,CARE UK CLINICAL SERVICES LTD,24968196,"33,363.00 ",100080707
Department of Health,NHS Lincolnshire East CCG,30/11/2018,Clinical&Medical-Independent Sector,COMMUNITY SERVICES,CARE UK CLINICAL SERVICES LTD,24968215,"52,961.83 ",100080705
Department of Health,NHS Lincolnshire East CCG,30/11/2018,Clinical&Medical-Independent Sector - Contract Baseline,PATIENT TRANSPORT,THAMES AMBULANCE SERVICE LTD,24968216,"163,792.00 ",20761
Department of Health,NHS Lincolnshire East CCG,30/11/2018,Clinical&Medical-Independent Sector,COMMUNITY SERVICES,NHS SOUTH LINCOLNSHIRE CCG,24968218,"29,520.00 ",7030100827
Department of Health,NHS Lincolnshire East CCG,30/11/2018,Clinical&Medical-Independent Sector - Over/ Under Performance,ACUTE COMMISSIONING,FITZWILLIAM HOSPITAL,24968230,"(25,942.48)",JULY18FW03TSC03A
Department of Health,NHS Lincolnshire East CCG,30/11/2018,Clinical&Medical-Independent Sector - Over/ Under Performance,ACUTE COMMISSIONING,FITZWILLIAM HOSPITAL,24968238,"(43,001.43)",JUNE18FW03TSC03
Department of Health,NHS Lincolnshire East CCG,30/11/2018,Clinical&Medical-Clinical Other,COMMUNITY SERVICES,LOUTH SPECSAVERS HEARCARE LTD,24968250,"38,226.00 ",22090019
Department of Health,NHS Lincolnshire East CCG,30/11/2018,Hcare Srv Rec Fdtn Trust-CQUIN,ACUTE COMMISSIONING,NORTH WEST ANGLIA NHS FOUNDATION TRUST,24968254,"1,288.58 ",17443663
Department of Health,NHS Lincolnshire East CCG,30/11/2018,Hcare Srv Rec Fdtn Trust-Contract Baseline,ACUTE COMMISSIONING,NORTH WEST ANGLIA NHS FOUNDATION TRUST,24968254,"114,746.83 ",17443663
Department of Health,NHS Lincolnshire East CCG,30/11/2018,Clinical&Medical-Clinical Other,COMMUNITY SERVICES,GRANTHAM SPECSAVERS HEARCARE LTD,24968265,"26,267.00 ",21560088
