A3131,,Expenditure Over Threshold,,,,,,
,,,,,,,,
,,,,,,,,
,,,,,,,,
,,,,,,,,
,,,,,,,,
RUN AT 15/01/2019 12:51:35,,,,,,,,
,,,,,,,,
Department family,Entity,Date,Expense Type,Expense area,Supplier,Transaction number,AP Amount (�),Purchase invoice number
Department of Health,NHS Lincolnshire East CCG,31/12/2018,Clinical&Medical-Independent Sector,LEARNING DIFFICULTIES,ELYSIUM HEALTHCARE LTD,25023817,"43,090.31 ",BRW00119
Department of Health,NHS Lincolnshire East CCG,31/12/2018,Clinical&Medical-Independent Sector,GP FORWARD VIEW,JAMES STREET FAMILY PRACTICE,25049455,"28,183.62 ",103335-04-DEC-2018
Department of Health,NHS Lincolnshire East CCG,31/12/2018,Clinical&Medical-Independent Sector,GP FORWARD VIEW,LINCOLNSHIRE AND DISTRICT MEDICAL SERVICES LTD,25049456,"28,666.42 ",103337-04-DEC-2018
Department of Health,NHS Lincolnshire East CCG,31/12/2018,Clinical&Medical-Independent Sector,OUT OF HOURS,DHU 111 (EAST MIDLANDS) CIC,25058804,"64,425.78 ",914
Department of Health,NHS Lincolnshire East CCG,31/12/2018,Hcare Srv Rec Fdtn Trust-Contract Baseline,ACUTE COMMISSIONING,SHEFFIELD TEACHING HOSPITALS NHS FOUNDATION TRUST,25058807,"61,579.00 ",4000549523
Department of Health,NHS Lincolnshire East CCG,31/12/2018,Clinical&Medical-Independent Sector,OUT OF HOURS,DHU 111 (EAST MIDLANDS) CIC,25058812,"73,650.66 ",934
Department of Health,NHS Lincolnshire East CCG,31/12/2018,Clinical&Medical-Independent Sector,OUT OF HOURS,DHU 111 (EAST MIDLANDS) CIC,25058814,"(64,425.78)",CM212
Department of Health,NHS Lincolnshire East CCG,31/12/2018,Clinical&Medical-Independent Sector - Contract Baseline,ACUTE COMMISSIONING,CARE UK CLINICAL SERVICES LTD,25058824,"53,217.33 ",100082384
Department of Health,NHS Lincolnshire East CCG,31/12/2018,Hcare Srv Rec NHS Trust-CQUIN,AMBULANCE SERVICES,EAST MIDLANDS AMBULANCE SERVICE NHS TRUST,25058830,"9,709.00 ",11312999
Department of Health,NHS Lincolnshire East CCG,31/12/2018,Hcare Srv Rec NHS Trust-Contract Baseline,AMBULANCE SERVICES,EAST MIDLANDS AMBULANCE SERVICE NHS TRUST,25058830,"776,721.00 ",11312999
Department of Health,NHS Lincolnshire East CCG,31/12/2018,Clinical&Medical-Independent Sector - Contract Baseline,ACUTE COMMISSIONING,ST HUGHS HOSPITAL,25058831,"156,069.25 ",LINCODEC2018
Department of Health,NHS Lincolnshire East CCG,31/12/2018,Clinical&Medical-Independent Sector,WHEELCHAIR SERVICE,MILLBROOK HEALTHCARE LTD,25058833,"45,854.11 ",20547
Department of Health,NHS Lincolnshire East CCG,31/12/2018,Clinical&Medical-Independent Sector,WHEELCHAIR SERVICE,MILLBROOK HEALTHCARE LTD,25058837,"53,504.26 ",20551
Department of Health,NHS Lincolnshire East CCG,31/12/2018,Clinical&Medical-Independent Sector - Contract Baseline,ACUTE COMMISSIONING,FITZWILLIAM HOSPITAL,25058881,"182,865.83 ",DEC18FW03TSC01
Department of Health,NHS Lincolnshire East CCG,31/12/2018,Clinical&Medical-Independent Sector - Contract Baseline,PATIENT TRANSPORT,THAMES AMBULANCE SERVICE LTD,25080279,"50,402.85 ",20784
Department of Health,NHS Lincolnshire East CCG,31/12/2018,Clinical&Medical-Independent Sector,MENTAL HEALTH SERVICES - ADULTS,PRIORY CLINIC NOTTINGHAM,25080399,"39,392.00 ",316CBENOV18
Department of Health,NHS Lincolnshire East CCG,31/12/2018,Clinical&Medical-Independent Sector - Contract Baseline,PATIENT TRANSPORT,THAMES AMBULANCE SERVICE LTD,25080402,"(50,402.85)",1473
Department of Health,NHS Lincolnshire East CCG,31/12/2018,Hcare Srv Rec NHS Trust-Non Contract,PROGRAMME PROJECTS,UNITED LINCOLNSHIRE HOSPITALS NHS TRUST,25128325,"100,586.27 ",0000193796
Department of Health,NHS Lincolnshire East CCG,31/12/2018,Hcare Srv Rec NHS Trust-Non Contract,PROGRAMME PROJECTS,UNITED LINCOLNSHIRE HOSPITALS NHS TRUST,25128340,"99,203.21 ",0000194373
Department of Health,NHS Lincolnshire East CCG,31/12/2018,Hcare Srv Rec NHS Trust-Over/ Under Performance,ACUTE COMMISSIONING,UNIVERSITY HOSPITALS OF LEICESTER NHS TRUST,25128553,"(39,213.90)",C0022054
Department of Health,NHS Lincolnshire East CCG,31/12/2018,Clinical&Medical-Independent Sector - Contract Baseline,HOSPICES,ST BARNABAS HOSPICE TRUST,25171198,"104,415.38 ",SIN001662
Department of Health,NHS Lincolnshire East CCG,31/12/2018,Hcare Srv Rec Fdtn Trust-CQUIN,ACUTE COMMISSIONING,UNIVERSITY HOSPITALS OF DERBY & BURTON NHS FOUNDATION TRUST,25171216,"1,563.00 ",800006084
Department of Health,NHS Lincolnshire East CCG,31/12/2018,Hcare Srv Rec Fdtn Trust-Contract Baseline,ACUTE COMMISSIONING,UNIVERSITY HOSPITALS OF DERBY & BURTON NHS FOUNDATION TRUST,25171216,"63,771.41 ",800006084
Department of Health,NHS Lincolnshire East CCG,31/12/2018,Charges from CSU,CONTINUING HEALTHCARE ASSESSMENT & SUPPORT,NHS ARDEN AND GEM CSU,25171300,"56,380.75 ",7312612519
Department of Health,NHS Lincolnshire East CCG,31/12/2018,Charges from CSU,CONTRACT MANAGEMENT,NHS ARDEN AND GEM CSU,25171300,"29,436.08 ",7312612519
Department of Health,NHS Lincolnshire East CCG,31/12/2018,Charges from CSU,CORPORATE GOVERNANCE,NHS ARDEN AND GEM CSU,25171300,"1,100.00 ",7312612519
Department of Health,NHS Lincolnshire East CCG,31/12/2018,Charges from CSU,HUMAN RESOURCES,NHS ARDEN AND GEM CSU,25171300,"3,210.17 ",7312612519
Department of Health,NHS Lincolnshire East CCG,31/12/2018,Charges from CSU,IM&T,NHS ARDEN AND GEM CSU,25171300,"66,211.75 ",7312612519
Department of Health,NHS Lincolnshire East CCG,31/12/2018,Charges from CSU,PROCUREMENT,NHS ARDEN AND GEM CSU,25171300,"5,997.50 ",7312612519
Department of Health,NHS Lincolnshire East CCG,31/12/2018,Charges from CSU,PRIMARY CARE IT,NHS ARDEN AND GEM CSU,25171301,"52,338.00 ",7312612520
Department of Health,NHS Lincolnshire East CCG,31/12/2018,Clinical&Medical-Independent Sector - Contract Baseline,ACUTE COMMISSIONING,BOSTON WEST HOSPITAL,25171316,"328,750.95 ",DEC1803TBWH01
Department of Health,NHS Lincolnshire East CCG,31/12/2018,Hcare Srv Rec NHS Trust-Contract Baseline,END OF LIFE,LINCS COMMUNITY HEALTH SERVICES NHS TRUST,25171323,"50,000.00 ",4000042637
Department of Health,NHS Lincolnshire East CCG,31/12/2018,Hcare Srv Rec NHS Trust-CQUIN,COMMUNITY SERVICES,LINCS COMMUNITY HEALTH SERVICES NHS TRUST,25171326,"31,800.75 ",4000042631
Department of Health,NHS Lincolnshire East CCG,31/12/2018,Hcare Srv Rec NHS Trust-Contract Baseline,COMMUNITY SERVICES,LINCS COMMUNITY HEALTH SERVICES NHS TRUST,25171326,"2,596,799.25 ",4000042631
Department of Health,NHS Lincolnshire East CCG,31/12/2018,Hcare Srv Rec Fdtn Trust-CQUIN,MENTAL HEALTH CONTRACTS,LINCOLNSHIRE PARTNERSHIP NHS FOUNDATION TRUST,25171329,"22,942.54 ",2000018524
Department of Health,NHS Lincolnshire East CCG,31/12/2018,Hcare Srv Rec Fdtn Trust-Contract Baseline,MENTAL HEALTH CONTRACTS,LINCOLNSHIRE PARTNERSHIP NHS FOUNDATION TRUST,25171329,"1,855,122.54 ",2000018524
Department of Health,NHS Lincolnshire East CCG,31/12/2018,Hcare Srv Rec Fdtn Trust-Non Contract,CHILD AND ADOLESCENT MENTAL HEALTH,LINCOLNSHIRE PARTNERSHIP NHS FOUNDATION TRUST,25171335,"56,000.00 ",2000018541
Department of Health,NHS Lincolnshire East CCG,31/12/2018,Hcare Srv Rec NHS Trust-CQUIN,ACUTE COMMISSIONING,UNIVERSITY HOSPITALS OF LEICESTER NHS TRUST,25179443,"2,887.00 ",L0218000
Department of Health,NHS Lincolnshire East CCG,31/12/2018,Hcare Srv Rec NHS Trust-Contract Baseline,ACUTE COMMISSIONING,UNIVERSITY HOSPITALS OF LEICESTER NHS TRUST,25179443,"156,149.00 ",L0218000
Department of Health,NHS Lincolnshire East CCG,31/12/2018,Hcare Srv Rec NHS Trust-CQUIN,ACUTE COMMISSIONING,NOTTINGHAM UNIVERSITY HOSPITALS NHS TRUST,25179449,"7,760.00 ",2000097997
Department of Health,NHS Lincolnshire East CCG,31/12/2018,Hcare Srv Rec NHS Trust-Contract Baseline,ACUTE COMMISSIONING,NOTTINGHAM UNIVERSITY HOSPITALS NHS TRUST,25179449,"324,637.00 ",2000097997
Department of Health,NHS Lincolnshire East CCG,31/12/2018,Clinical&Medical-Serv Recd-CCGs,MENTAL HEALTH SERVICES - ADULTS,NHS SOUTH WEST LINCOLNSHIRE CCG,25195043,"39,071.77 ",7018101552
Department of Health,NHS Lincolnshire East CCG,31/12/2018,Clinical&Medical-Independent Sector,PALLIATIVE CARE,MARIE CURIE,25195159,"27,583.17 ",508201
Department of Health,NHS Lincolnshire East CCG,31/12/2018,C&M-GMS DES Learn Dsblty Hlth Chk,PRC DELEGATED CO-COMMISSIONING,DR AI BELL & PARTNERS,25208522,420.00 ,LL000036313
Department of Health,NHS Lincolnshire East CCG,31/12/2018,C&M-GMS Global Sum,PRC DELEGATED CO-COMMISSIONING,DR AI BELL & PARTNERS,25208522,"65,109.55 ",LL000036313
Department of Health,NHS Lincolnshire East CCG,31/12/2018,C&M-GMS PCO Seniority,PRC DELEGATED CO-COMMISSIONING,DR AI BELL & PARTNERS,25208522,"3,776.73 ",LL000036313
Department of Health,NHS Lincolnshire East CCG,31/12/2018,C&M-GMS Prem Actual Rent,PRC DELEGATED CO-COMMISSIONING,DR AI BELL & PARTNERS,25208522,165.05 ,LL000036313
Department of Health,NHS Lincolnshire East CCG,31/12/2018,C&M-GMS Prem Notional Rent,PRC DELEGATED CO-COMMISSIONING,DR AI BELL & PARTNERS,25208522,"2,666.67 ",LL000036313
Department of Health,NHS Lincolnshire East CCG,31/12/2018,C&M-GMS QOF Aspiration,PRC DELEGATED CO-COMMISSIONING,DR AI BELL & PARTNERS,25208522,"7,162.30 ",LL000036313
Department of Health,NHS Lincolnshire East CCG,31/12/2018,C&M-GMS Global Sum,PRC DELEGATED CO-COMMISSIONING,DR BACKHOUSE,25208524,"44,738.36 ",LL000036315
Department of Health,NHS Lincolnshire East CCG,31/12/2018,C&M-GMS PCO Other,PRC DELEGATED CO-COMMISSIONING,DR BACKHOUSE,25208524,"3,530.00 ",LL000036315
Department of Health,NHS Lincolnshire East CCG,31/12/2018,C&M-GMS PCO Seniority,PRC DELEGATED CO-COMMISSIONING,DR BACKHOUSE,25208524,397.98 ,LL000036315
Department of Health,NHS Lincolnshire East CCG,31/12/2018,C&M-GMS QOF Aspiration,PRC DELEGATED CO-COMMISSIONING,DR BACKHOUSE,25208524,"4,850.62 ",LL000036315
Department of Health,NHS Lincolnshire East CCG,31/12/2018,C&M-GMS Global Sum,PRC DELEGATED CO-COMMISSIONING,DR BULL & PARTNERS,25208526,"57,343.57 ",LL000036317
Department of Health,NHS Lincolnshire East CCG,31/12/2018,C&M-GMS PCO Seniority,PRC DELEGATED CO-COMMISSIONING,DR BULL & PARTNERS,25208526,"1,094.43 ",LL000036317
Department of Health,NHS Lincolnshire East CCG,31/12/2018,C&M-GMS Prem Notional Rent,PRC DELEGATED CO-COMMISSIONING,DR BULL & PARTNERS,25208526,"5,500.00 ",LL000036317
Department of Health,NHS Lincolnshire East CCG,31/12/2018,C&M-GMS QOF Aspiration,PRC DELEGATED CO-COMMISSIONING,DR BULL & PARTNERS,25208526,"7,085.62 ",LL000036317
Department of Health,NHS Lincolnshire East CCG,31/12/2018,C&M-GMS Global Sum,PRC DELEGATED CO-COMMISSIONING,DR DODDRELL & PARTNERS,25208528,"82,893.54 ",LL000036319
Department of Health,NHS Lincolnshire East CCG,31/12/2018,C&M-GMS PCO Seniority,PRC DELEGATED CO-COMMISSIONING,DR DODDRELL & PARTNERS,25208528,"1,163.93 ",LL000036319
Department of Health,NHS Lincolnshire East CCG,31/12/2018,C&M-GMS Prem Actual Rent,PRC DELEGATED CO-COMMISSIONING,DR DODDRELL & PARTNERS,25208528,"40,757.50 ",LL000036319
Department of Health,NHS Lincolnshire East CCG,31/12/2018,C&M-GMS QOF Aspiration,PRC DELEGATED CO-COMMISSIONING,DR DODDRELL & PARTNERS,25208528,"8,584.31 ",LL000036319
Department of Health,NHS Lincolnshire East CCG,31/12/2018,C&M-GMS DES Learn Dsblty Hlth Chk,PRC DELEGATED CO-COMMISSIONING,DR DWYER & PARTNERS,25208530,"4,200.00 ",LL000036321
Department of Health,NHS Lincolnshire East CCG,31/12/2018,C&M-GMS Global Sum,PRC DELEGATED CO-COMMISSIONING,DR DWYER & PARTNERS,25208530,"110,556.92 ",LL000036321
Department of Health,NHS Lincolnshire East CCG,31/12/2018,C&M-GMS MPIG Correction Factor,PRC DELEGATED CO-COMMISSIONING,DR DWYER & PARTNERS,25208530,957.35 ,LL000036321
Department of Health,NHS Lincolnshire East CCG,31/12/2018,C&M-GMS PCO Seniority,PRC DELEGATED CO-COMMISSIONING,DR DWYER & PARTNERS,25208530,"1,782.37 ",LL000036321
Department of Health,NHS Lincolnshire East CCG,31/12/2018,C&M-GMS Prem Actual Rent,PRC DELEGATED CO-COMMISSIONING,DR DWYER & PARTNERS,25208530,434.58 ,LL000036321
Department of Health,NHS Lincolnshire East CCG,31/12/2018,C&M-GMS Prem Notional Rent,PRC DELEGATED CO-COMMISSIONING,DR DWYER & PARTNERS,25208530,"3,145.83 ",LL000036321
Department of Health,NHS Lincolnshire East CCG,31/12/2018,C&M-GMS Prem Water Rates,PRC DELEGATED CO-COMMISSIONING,DR DWYER & PARTNERS,25208530,256.79 ,LL000036321
Department of Health,NHS Lincolnshire East CCG,31/12/2018,C&M-GMS QOF Aspiration,PRC DELEGATED CO-COMMISSIONING,DR DWYER & PARTNERS,25208530,"12,546.72 ",LL000036321
Department of Health,NHS Lincolnshire East CCG,31/12/2018,C&M-GMS Global Sum,PRC DELEGATED CO-COMMISSIONING,DR KELLY & PARTNERS,25208536,"74,294.74 ",LL000036325
Department of Health,NHS Lincolnshire East CCG,31/12/2018,C&M-GMS PCO Seniority,PRC DELEGATED CO-COMMISSIONING,DR KELLY & PARTNERS,25208536,"1,651.89 ",LL000036325
Department of Health,NHS Lincolnshire East CCG,31/12/2018,C&M-GMS QOF Aspiration,PRC DELEGATED CO-COMMISSIONING,DR KELLY & PARTNERS,25208536,"6,764.25 ",LL000036325
Department of Health,NHS Lincolnshire East CCG,31/12/2018,C&M-GMS Global Sum,PRC DELEGATED CO-COMMISSIONING,DR MEIWALD & PARTNERS,25208539,"20,034.65 ",LL000036327
Department of Health,NHS Lincolnshire East CCG,31/12/2018,C&M-GMS MPIG Correction Factor,PRC DELEGATED CO-COMMISSIONING,DR MEIWALD & PARTNERS,25208539,896.47 ,LL000036327
Department of Health,NHS Lincolnshire East CCG,31/12/2018,C&M-GMS PCO Other,PRC DELEGATED CO-COMMISSIONING,DR MEIWALD & PARTNERS,25208539,"1,803.00 ",LL000036327
Department of Health,NHS Lincolnshire East CCG,31/12/2018,C&M-GMS PCO Seniority,PRC DELEGATED CO-COMMISSIONING,DR MEIWALD & PARTNERS,25208539,490.44 ,LL000036327
Department of Health,NHS Lincolnshire East CCG,31/12/2018,C&M-GMS Prem Notional Rent,PRC DELEGATED CO-COMMISSIONING,DR MEIWALD & PARTNERS,25208539,"1,583.33 ",LL000036327
Department of Health,NHS Lincolnshire East CCG,31/12/2018,C&M-GMS Prem Water Rates,PRC DELEGATED CO-COMMISSIONING,DR MEIWALD & PARTNERS,25208539,96.45 ,LL000036327
Department of Health,NHS Lincolnshire East CCG,31/12/2018,C&M-GMS QOF Aspiration,PRC DELEGATED CO-COMMISSIONING,DR MEIWALD & PARTNERS,25208539,"2,548.71 ",LL000036327
Department of Health,NHS Lincolnshire East CCG,31/12/2018,C&M-GMS Global Sum,PRC DELEGATED CO-COMMISSIONING,DR MASSEY & PARTNERS,25208543,"75,442.42 ",LL000036329
Department of Health,NHS Lincolnshire East CCG,31/12/2018,C&M-GMS MPIG Correction Factor,PRC DELEGATED CO-COMMISSIONING,DR MASSEY & PARTNERS,25208543,88.90 ,LL000036329
Department of Health,NHS Lincolnshire East CCG,31/12/2018,C&M-GMS PCO Other,PRC DELEGATED CO-COMMISSIONING,DR MASSEY & PARTNERS,25208543,"6,050.00 ",LL000036329
Department of Health,NHS Lincolnshire East CCG,31/12/2018,C&M-GMS PCO Seniority,PRC DELEGATED CO-COMMISSIONING,DR MASSEY & PARTNERS,25208543,"4,203.77 ",LL000036329
Department of Health,NHS Lincolnshire East CCG,31/12/2018,C&M-GMS Prem Notional Rent,PRC DELEGATED CO-COMMISSIONING,DR MASSEY & PARTNERS,25208543,"6,491.67 ",LL000036329
Department of Health,NHS Lincolnshire East CCG,31/12/2018,C&M-GMS Prem Water Rates,PRC DELEGATED CO-COMMISSIONING,DR MASSEY & PARTNERS,25208543,260.50 ,LL000036329
Department of Health,NHS Lincolnshire East CCG,31/12/2018,C&M-GMS QOF Aspiration,PRC DELEGATED CO-COMMISSIONING,DR MASSEY & PARTNERS,25208543,"8,602.66 ",LL000036329
Department of Health,NHS Lincolnshire East CCG,31/12/2018,C&M-GMS DES Learn Dsblty Hlth Chk,PRC DELEGATED CO-COMMISSIONING,DR MATITI & PARTNERS,25208547,"1,820.00 ",LL000036331
Department of Health,NHS Lincolnshire East CCG,31/12/2018,C&M-GMS Global Sum,PRC DELEGATED CO-COMMISSIONING,DR MATITI & PARTNERS,25208547,"84,461.00 ",LL000036331
Department of Health,NHS Lincolnshire East CCG,31/12/2018,C&M-GMS MPIG Correction Factor,PRC DELEGATED CO-COMMISSIONING,DR MATITI & PARTNERS,25208547,"2,386.39 ",LL000036331
Department of Health,NHS Lincolnshire East CCG,31/12/2018,C&M-GMS PCO Seniority,PRC DELEGATED CO-COMMISSIONING,DR MATITI & PARTNERS,25208547,"2,743.64 ",LL000036331
Department of Health,NHS Lincolnshire East CCG,31/12/2018,C&M-GMS Prem Notional Rent,PRC DELEGATED CO-COMMISSIONING,DR MATITI & PARTNERS,25208547,"6,403.55 ",LL000036331
Department of Health,NHS Lincolnshire East CCG,31/12/2018,C&M-GMS QOF Aspiration,PRC DELEGATED CO-COMMISSIONING,DR MATITI & PARTNERS,25208547,"8,790.83 ",LL000036331
Department of Health,NHS Lincolnshire East CCG,31/12/2018,C&M-GMS DES Learn Dsblty Hlth Chk,PRC DELEGATED CO-COMMISSIONING,DR PARKER & PARTNERS LOUTH,25208549,560.00 ,LL000036333
Department of Health,NHS Lincolnshire East CCG,31/12/2018,C&M-GMS Global Sum,PRC DELEGATED CO-COMMISSIONING,DR PARKER & PARTNERS LOUTH,25208549,"53,020.95 ",LL000036333
Department of Health,NHS Lincolnshire East CCG,31/12/2018,C&M-GMS MPIG Correction Factor,PRC DELEGATED CO-COMMISSIONING,DR PARKER & PARTNERS LOUTH,25208549,"2,559.98 ",LL000036333
Department of Health,NHS Lincolnshire East CCG,31/12/2018,C&M-GMS Prem Notional Rent,PRC DELEGATED CO-COMMISSIONING,DR PARKER & PARTNERS LOUTH,25208549,"5,166.66 ",LL000036333
Department of Health,NHS Lincolnshire East CCG,31/12/2018,C&M-GMS QOF Aspiration,PRC DELEGATED CO-COMMISSIONING,DR PARKER & PARTNERS LOUTH,25208549,"7,204.43 ",LL000036333
Department of Health,NHS Lincolnshire East CCG,31/12/2018,C&M-GMS Global Sum,PRC DELEGATED CO-COMMISSIONING,DR O KELLY & PARTNERS,25208554,"66,633.36 ",LL000036335
Department of Health,NHS Lincolnshire East CCG,31/12/2018,C&M-GMS MPIG Correction Factor,PRC DELEGATED CO-COMMISSIONING,DR O KELLY & PARTNERS,25208554,831.68 ,LL000036335
Department of Health,NHS Lincolnshire East CCG,31/12/2018,C&M-GMS PCO Seniority,PRC DELEGATED CO-COMMISSIONING,DR O KELLY & PARTNERS,25208554,"2,907.81 ",LL000036335
Department of Health,NHS Lincolnshire East CCG,31/12/2018,C&M-GMS Prem Notional Rent,PRC DELEGATED CO-COMMISSIONING,DR O KELLY & PARTNERS,25208554,"4,250.00 ",LL000036335
Department of Health,NHS Lincolnshire East CCG,31/12/2018,C&M-GMS QOF Aspiration,PRC DELEGATED CO-COMMISSIONING,DR O KELLY & PARTNERS,25208554,"8,676.43 ",LL000036335
Department of Health,NHS Lincolnshire East CCG,31/12/2018,C&M-GMS Global Sum,PRC DELEGATED CO-COMMISSIONING,DR MITCHELL & PARTNERS,25208557,"30,489.26 ",LL000036337
Department of Health,NHS Lincolnshire East CCG,31/12/2018,C&M-GMS Prem Notional Rent,PRC DELEGATED CO-COMMISSIONING,DR MITCHELL & PARTNERS,25208557,"3,333.33 ",LL000036337
Department of Health,NHS Lincolnshire East CCG,31/12/2018,C&M-GMS Prem Water Rates,PRC DELEGATED CO-COMMISSIONING,DR MITCHELL & PARTNERS,25208557,93.63 ,LL000036337
Department of Health,NHS Lincolnshire East CCG,31/12/2018,C&M-GMS QOF Aspiration,PRC DELEGATED CO-COMMISSIONING,DR MITCHELL & PARTNERS,25208557,"3,504.07 ",LL000036337
Department of Health,NHS Lincolnshire East CCG,31/12/2018,C&M-GMS Global Sum,PRC DELEGATED CO-COMMISSIONING,DR RAMON & PARTNERS,25208561,"59,694.82 ",LL000036339
Department of Health,NHS Lincolnshire East CCG,31/12/2018,C&M-GMS PCO Seniority,PRC DELEGATED CO-COMMISSIONING,DR RAMON & PARTNERS,25208561,"1,053.32 ",LL000036339
Department of Health,NHS Lincolnshire East CCG,31/12/2018,C&M-GMS Prem Actual Rent,PRC DELEGATED CO-COMMISSIONING,DR RAMON & PARTNERS,25208561,"13,397.42 ",LL000036339
Department of Health,NHS Lincolnshire East CCG,31/12/2018,C&M-GMS QOF Aspiration,PRC DELEGATED CO-COMMISSIONING,DR RAMON & PARTNERS,25208561,"6,115.50 ",LL000036339
Department of Health,NHS Lincolnshire East CCG,31/12/2018,C&M-GMS Global Sum,PRC DELEGATED CO-COMMISSIONING,DR ROGERS & PARTNERS,25208564,"153,293.31 ",LL000036343
Department of Health,NHS Lincolnshire East CCG,31/12/2018,C&M-GMS Prem Notional Rent,PRC DELEGATED CO-COMMISSIONING,DR ROGERS & PARTNERS,25208564,"1,166.67 ",LL000036343
Department of Health,NHS Lincolnshire East CCG,31/12/2018,C&M-GMS QOF Aspiration,PRC DELEGATED CO-COMMISSIONING,DR ROGERS & PARTNERS,25208564,"16,794.22 ",LL000036343
Department of Health,NHS Lincolnshire East CCG,31/12/2018,C&M-GMS Global Sum,PRC DELEGATED CO-COMMISSIONING,DR SR BAXTER & PARTNERS,25208569,"225,982.12 ",LL000036347
Department of Health,NHS Lincolnshire East CCG,31/12/2018,C&M-GMS PCO Seniority,PRC DELEGATED CO-COMMISSIONING,DR SR BAXTER & PARTNERS,25208569,"7,808.77 ",LL000036347
Department of Health,NHS Lincolnshire East CCG,31/12/2018,C&M-GMS Prem Actual Rent,PRC DELEGATED CO-COMMISSIONING,DR SR BAXTER & PARTNERS,25208569,103.00 ,LL000036347
Department of Health,NHS Lincolnshire East CCG,31/12/2018,C&M-GMS Prem Water Rates,PRC DELEGATED CO-COMMISSIONING,DR SR BAXTER & PARTNERS,25208569,539.05 ,LL000036347
Department of Health,NHS Lincolnshire East CCG,31/12/2018,C&M-GMS QOF Aspiration,PRC DELEGATED CO-COMMISSIONING,DR SR BAXTER & PARTNERS,25208569,"23,024.31 ",LL000036347
Department of Health,NHS Lincolnshire East CCG,31/12/2018,C&M-GMS Global Sum,PRC DELEGATED CO-COMMISSIONING,DR WOOLLARD & PARTNERS,25208573,"70,920.70 ",LL000036349
Department of Health,NHS Lincolnshire East CCG,31/12/2018,C&M-GMS PCO Seniority,PRC DELEGATED CO-COMMISSIONING,DR WOOLLARD & PARTNERS,25208573,"1,300.38 ",LL000036349
Department of Health,NHS Lincolnshire East CCG,31/12/2018,C&M-GMS Prem Notional Rent,PRC DELEGATED CO-COMMISSIONING,DR WOOLLARD & PARTNERS,25208573,"4,416.67 ",LL000036349
Department of Health,NHS Lincolnshire East CCG,31/12/2018,C&M-GMS QOF Aspiration,PRC DELEGATED CO-COMMISSIONING,DR WOOLLARD & PARTNERS,25208573,"7,151.80 ",LL000036349
Department of Health,NHS Lincolnshire East CCG,31/12/2018,C&M-GMS Global Sum,PRC DELEGATED CO-COMMISSIONING,DR T WATKINS & PARTNERS,25208576,"76,146.30 ",LL000036351
Department of Health,NHS Lincolnshire East CCG,31/12/2018,C&M-GMS NES Minor Injury Services,LOCAL ENHANCED SERVICES,DR T WATKINS & PARTNERS,25208576,"4,985.73 ",LL000036351
Department of Health,NHS Lincolnshire East CCG,31/12/2018,C&M-GMS PCO Seniority,PRC DELEGATED CO-COMMISSIONING,DR T WATKINS & PARTNERS,25208576,"15,825.44 ",LL000036351
Department of Health,NHS Lincolnshire East CCG,31/12/2018,C&M-GMS Prem Actual Rent,PRC DELEGATED CO-COMMISSIONING,DR T WATKINS & PARTNERS,25208576,"17,385.00 ",LL000036351
Department of Health,NHS Lincolnshire East CCG,31/12/2018,C&M-GMS QOF Aspiration,PRC DELEGATED CO-COMMISSIONING,DR T WATKINS & PARTNERS,25208576,"8,568.76 ",LL000036351
Department of Health,NHS Lincolnshire East CCG,31/12/2018,C&M-GMS Global Sum,PRC DELEGATED CO-COMMISSIONING,DR TELFER & PARTNERS,25208580,"90,067.82 ",LL000036353
Department of Health,NHS Lincolnshire East CCG,31/12/2018,C&M-GMS PCO Other,PRC DELEGATED CO-COMMISSIONING,DR TELFER & PARTNERS,25208580,"6,410.00 ",LL000036353
Department of Health,NHS Lincolnshire East CCG,31/12/2018,C&M-GMS PCO Seniority,PRC DELEGATED CO-COMMISSIONING,DR TELFER & PARTNERS,25208580,"2,189.26 ",LL000036353
Department of Health,NHS Lincolnshire East CCG,31/12/2018,C&M-GMS Prem Actual Rent,PRC DELEGATED CO-COMMISSIONING,DR TELFER & PARTNERS,25208580,293.75 ,LL000036353
Department of Health,NHS Lincolnshire East CCG,31/12/2018,C&M-GMS QOF Aspiration,PRC DELEGATED CO-COMMISSIONING,DR TELFER & PARTNERS,25208580,"8,900.25 ",LL000036353
Department of Health,NHS Lincolnshire East CCG,31/12/2018,C&M-GMS Global Sum,PRC DELEGATED CO-COMMISSIONING,KIRTON MEDICAL CENTRE,25208583,"50,909.09 ",LL000036355
Department of Health,NHS Lincolnshire East CCG,31/12/2018,C&M-GMS PCO Seniority,PRC DELEGATED CO-COMMISSIONING,KIRTON MEDICAL CENTRE,25208583,"1,872.44 ",LL000036355
Department of Health,NHS Lincolnshire East CCG,31/12/2018,C&M-GMS Prem Actual Rent,PRC DELEGATED CO-COMMISSIONING,KIRTON MEDICAL CENTRE,25208583,"32,174.60 ",LL000036355
Department of Health,NHS Lincolnshire East CCG,31/12/2018,C&M-GMS Prem Water Rates,PRC DELEGATED CO-COMMISSIONING,KIRTON MEDICAL CENTRE,25208583,137.90 ,LL000036355
Department of Health,NHS Lincolnshire East CCG,31/12/2018,C&M-GMS QOF Aspiration,PRC DELEGATED CO-COMMISSIONING,KIRTON MEDICAL CENTRE,25208583,"4,091.90 ",LL000036355
Department of Health,NHS Lincolnshire East CCG,31/12/2018,C&M-GMS DES Learn Dsblty Hlth Chk,PRC DELEGATED CO-COMMISSIONING,JAMES STREET FAMILY PRACTICE,25208587,"4,900.00 ",LL000036357
Department of Health,NHS Lincolnshire East CCG,31/12/2018,C&M-GMS DES Violent Patients,PRC DELEGATED CO-COMMISSIONING,JAMES STREET FAMILY PRACTICE,25208587,500.00 ,LL000036357
Department of Health,NHS Lincolnshire East CCG,31/12/2018,C&M-GMS Global Sum,PRC DELEGATED CO-COMMISSIONING,JAMES STREET FAMILY PRACTICE,25208587,"88,108.01 ",LL000036357
Department of Health,NHS Lincolnshire East CCG,31/12/2018,C&M-GMS MPIG Correction Factor,PRC DELEGATED CO-COMMISSIONING,JAMES STREET FAMILY PRACTICE,25208587,"1,674.60 ",LL000036357
Department of Health,NHS Lincolnshire East CCG,31/12/2018,C&M-GMS PCO Seniority,PRC DELEGATED CO-COMMISSIONING,JAMES STREET FAMILY PRACTICE,25208587,"1,424.64 ",LL000036357
Department of Health,NHS Lincolnshire East CCG,31/12/2018,C&M-GMS Prem Notional Rent,PRC DELEGATED CO-COMMISSIONING,JAMES STREET FAMILY PRACTICE,25208587,"6,012.50 ",LL000036357
Department of Health,NHS Lincolnshire East CCG,31/12/2018,C&M-GMS QOF Aspiration,PRC DELEGATED CO-COMMISSIONING,JAMES STREET FAMILY PRACTICE,25208587,"11,046.64 ",LL000036357
Department of Health,NHS Lincolnshire East CCG,31/12/2018,C&M-GMS Global Sum,PRC DELEGATED CO-COMMISSIONING,TASBURGH LODGE SURGERY,25208592,"36,642.28 ",LL000036359
Department of Health,NHS Lincolnshire East CCG,31/12/2018,C&M-GMS Prem Actual Rent,PRC DELEGATED CO-COMMISSIONING,TASBURGH LODGE SURGERY,25208592,"2,941.67 ",LL000036359
Department of Health,NHS Lincolnshire East CCG,31/12/2018,C&M-GMS QOF Aspiration,PRC DELEGATED CO-COMMISSIONING,TASBURGH LODGE SURGERY,25208592,"4,778.86 ",LL000036359
Department of Health,NHS Lincolnshire East CCG,31/12/2018,C&M-GMS DES Learn Dsblty Hlth Chk,PRC DELEGATED CO-COMMISSIONING,WOODHALL SPA NEW SURGERY,25208595,980.00 ,LL000036361
Department of Health,NHS Lincolnshire East CCG,31/12/2018,C&M-GMS Global Sum,PRC DELEGATED CO-COMMISSIONING,WOODHALL SPA NEW SURGERY,25208595,"53,216.64 ",LL000036361
Department of Health,NHS Lincolnshire East CCG,31/12/2018,C&M-GMS PCO Other,PRC DELEGATED CO-COMMISSIONING,WOODHALL SPA NEW SURGERY,25208595,"3,841.00 ",LL000036361
Department of Health,NHS Lincolnshire East CCG,31/12/2018,C&M-GMS PCO Seniority,PRC DELEGATED CO-COMMISSIONING,WOODHALL SPA NEW SURGERY,25208595,469.21 ,LL000036361
Department of Health,NHS Lincolnshire East CCG,31/12/2018,C&M-GMS Prem Notional Rent,PRC DELEGATED CO-COMMISSIONING,WOODHALL SPA NEW SURGERY,25208595,"3,583.33 ",LL000036361
Department of Health,NHS Lincolnshire East CCG,31/12/2018,C&M-GMS Prem Water Rates,PRC DELEGATED CO-COMMISSIONING,WOODHALL SPA NEW SURGERY,25208595,155.69 ,LL000036361
Department of Health,NHS Lincolnshire East CCG,31/12/2018,C&M-GMS QOF Aspiration,PRC DELEGATED CO-COMMISSIONING,WOODHALL SPA NEW SURGERY,25208595,"6,609.95 ",LL000036361
Department of Health,NHS Lincolnshire East CCG,31/12/2018,C&M-GMS Global Sum,PRC DELEGATED CO-COMMISSIONING,SIDINGS MEDICAL PRACTICE (THE),25208598,"125,236.63 ",LL000036363
Department of Health,NHS Lincolnshire East CCG,31/12/2018,C&M-GMS PCO Seniority,PRC DELEGATED CO-COMMISSIONING,SIDINGS MEDICAL PRACTICE (THE),25208598,"1,299.84 ",LL000036363
Department of Health,NHS Lincolnshire East CCG,31/12/2018,C&M-GMS Prem Actual Rent,PRC DELEGATED CO-COMMISSIONING,SIDINGS MEDICAL PRACTICE (THE),25208598,"57,186.25 ",LL000036363
Department of Health,NHS Lincolnshire East CCG,31/12/2018,C&M-GMS Prem Water Rates,PRC DELEGATED CO-COMMISSIONING,SIDINGS MEDICAL PRACTICE (THE),25208598,103.60 ,LL000036363
Department of Health,NHS Lincolnshire East CCG,31/12/2018,C&M-GMS QOF Aspiration,PRC DELEGATED CO-COMMISSIONING,SIDINGS MEDICAL PRACTICE (THE),25208598,"15,206.54 ",LL000036363
Department of Health,NHS Lincolnshire East CCG,31/12/2018,ME-GMS GP Pension EEs Adjustments,PRC DELEGATED CO-COMMISSIONING,SIDINGS MEDICAL PRACTICE (THE),25208598,"2,250.00 ",LL000036363
Department of Health,NHS Lincolnshire East CCG,31/12/2018,ME-GMS GP Pension ERs Adjustments,PRC DELEGATED CO-COMMISSIONING,SIDINGS MEDICAL PRACTICE (THE),25208598,"2,588.40 ",LL000036363
Department of Health,NHS Lincolnshire East CCG,31/12/2018,C&M-GMS Global Sum,PRC DELEGATED CO-COMMISSIONING,STICKNEY SURGERY,25211987,"48,589.29 ",LL000036341
Department of Health,NHS Lincolnshire East CCG,31/12/2018,C&M-GMS PCO Seniority,PRC DELEGATED CO-COMMISSIONING,STICKNEY SURGERY,25211987,"2,075.20 ",LL000036341
Department of Health,NHS Lincolnshire East CCG,31/12/2018,C&M-GMS QOF Aspiration,PRC DELEGATED CO-COMMISSIONING,STICKNEY SURGERY,25211987,"4,777.09 ",LL000036341
Department of Health,NHS Lincolnshire East CCG,31/12/2018,Clinical&Medical-Independent Sector,LEARNING DIFFICULTIES,ELYSIUM HEALTHCARE LTD,25221028,"(29,190.21)",BRW70019
Department of Health,NHS Lincolnshire East CCG,31/12/2018,Hcare Srv Rec Fdtn Trust-Non Contract,NCAS/OATS,DONCASTER AND BASSETLAW HOSPITALS NHS FOUNDATION TRUST,25221039,"33,624.01 ",56396502
Department of Health,NHS Lincolnshire East CCG,31/12/2018,C&M-GMS Global Sum,PRC DELEGATED CO-COMMISSIONING,DR I CARTER & PARTNERS,25225030,"153,009.20 ",LL000036323
Department of Health,NHS Lincolnshire East CCG,31/12/2018,C&M-GMS PCO Other,PRC DELEGATED CO-COMMISSIONING,DR I CARTER & PARTNERS,25225030,"8,523.00 ",LL000036323
Department of Health,NHS Lincolnshire East CCG,31/12/2018,C&M-GMS PCO Seniority,PRC DELEGATED CO-COMMISSIONING,DR I CARTER & PARTNERS,25225030,"1,012.67 ",LL000036323
Department of Health,NHS Lincolnshire East CCG,31/12/2018,C&M-GMS Prem Actual Rent,PRC DELEGATED CO-COMMISSIONING,DR I CARTER & PARTNERS,25225030,"298,646.75 ",LL000036323
Department of Health,NHS Lincolnshire East CCG,31/12/2018,C&M-GMS QOF Aspiration,PRC DELEGATED CO-COMMISSIONING,DR I CARTER & PARTNERS,25225030,"20,576.17 ",LL000036323
Department of Health,NHS Lincolnshire East CCG,31/12/2018,ME-GMS GP Pension EEs Adjustments,PRC DELEGATED CO-COMMISSIONING,DR I CARTER & PARTNERS,25225030,"2,970.00 ",LL000036323
Department of Health,NHS Lincolnshire East CCG,31/12/2018,ME-GMS GP Pension ERs Adjustments,PRC DELEGATED CO-COMMISSIONING,DR I CARTER & PARTNERS,25225030,"3,163.59 ",LL000036323
Department of Health,NHS Lincolnshire East CCG,31/12/2018,C&M-GMS Global Sum,PRC DELEGATED CO-COMMISSIONING,DR PJ HARRIS & PARTNERS,25225032,"109,454.02 ",LL000036345
Department of Health,NHS Lincolnshire East CCG,31/12/2018,C&M-GMS MPIG Correction Factor,PRC DELEGATED CO-COMMISSIONING,DR PJ HARRIS & PARTNERS,25225032,92.13 ,LL000036345
Department of Health,NHS Lincolnshire East CCG,31/12/2018,C&M-GMS PCO Locum Sickness,PRC DELEGATED CO-COMMISSIONING,DR PJ HARRIS & PARTNERS,25225032,"8,934.56 ",LL000036345
Department of Health,NHS Lincolnshire East CCG,31/12/2018,C&M-GMS PCO Seniority,PRC DELEGATED CO-COMMISSIONING,DR PJ HARRIS & PARTNERS,25225032,"2,782.25 ",LL000036345
Department of Health,NHS Lincolnshire East CCG,31/12/2018,C&M-GMS Prem Actual Rent,PRC DELEGATED CO-COMMISSIONING,DR PJ HARRIS & PARTNERS,25225032,"66,600.00 ",LL000036345
Department of Health,NHS Lincolnshire East CCG,31/12/2018,C&M-GMS Prem Water Rates,PRC DELEGATED CO-COMMISSIONING,DR PJ HARRIS & PARTNERS,25225032,598.60 ,LL000036345
Department of Health,NHS Lincolnshire East CCG,31/12/2018,C&M-GMS QOF Aspiration,PRC DELEGATED CO-COMMISSIONING,DR PJ HARRIS & PARTNERS,25225032,"8,490.85 ",LL000036345
Department of Health,NHS Lincolnshire East CCG,31/12/2018,C&M-GMS Cost of Drugs -Dispensing,LOCAL ENHANCED SERVICES,DR AI BELL & PARTNERS,25257349,"(28,752.61)",LL000036558
Department of Health,NHS Lincolnshire East CCG,31/12/2018,C&M-GMS PrscChrgsCll&RmttdbyGPCntra,PRC DELEGATED CO-COMMISSIONING,DR AI BELL & PARTNERS,25257349,"(1,425.60)",LL000036558
Department of Health,NHS Lincolnshire East CCG,31/12/2018,C&M-GMS Cost of Drugs -Dispensing,LOCAL ENHANCED SERVICES,DR AI BELL & PARTNERS,25257350,"61,057.36 ",LL000036559
Department of Health,NHS Lincolnshire East CCG,31/12/2018,C&M-GMS Prof Fees Dispensing,PRC DELEGATED CO-COMMISSIONING,DR AI BELL & PARTNERS,25257350,"11,294.81 ",LL000036559
Department of Health,NHS Lincolnshire East CCG,31/12/2018,C&M-GMS PrscrptnChrgsColl&RmttdbyGP,LOCAL ENHANCED SERVICES,DR AI BELL & PARTNERS,25257350,"1,425.60 ",LL000036559
Department of Health,NHS Lincolnshire East CCG,31/12/2018,C&M-GMS Cost of Drugs -Dispensing,LOCAL ENHANCED SERVICES,DR BACKHOUSE,25257351,"(26,594.48)",LL000036560
Department of Health,NHS Lincolnshire East CCG,31/12/2018,C&M-GMS PrscChrgsCll&RmttdbyGPCntra,PRC DELEGATED CO-COMMISSIONING,DR BACKHOUSE,25257351,"(1,443.20)",LL000036560
Department of Health,NHS Lincolnshire East CCG,31/12/2018,C&M-GMS Cost of Drugs -Dispensing,LOCAL ENHANCED SERVICES,DR BACKHOUSE,25257352,"61,846.70 ",LL000036561
Department of Health,NHS Lincolnshire East CCG,31/12/2018,C&M-GMS Prof Fees Dispensing,PRC DELEGATED CO-COMMISSIONING,DR BACKHOUSE,25257352,"9,109.33 ",LL000036561
Department of Health,NHS Lincolnshire East CCG,31/12/2018,C&M-GMS PrscrptnChrgsColl&RmttdbyGP,LOCAL ENHANCED SERVICES,DR BACKHOUSE,25257352,"1,443.20 ",LL000036561
Department of Health,NHS Lincolnshire East CCG,31/12/2018,C&M-GMS Cost of Drugs -Dispensing,LOCAL ENHANCED SERVICES,DR BULL & PARTNERS,25257353,"(109,071.90)",LL000036562
Department of Health,NHS Lincolnshire East CCG,31/12/2018,C&M-GMS PrscChrgsCll&RmttdbyGPCntra,PRC DELEGATED CO-COMMISSIONING,DR BULL & PARTNERS,25257353,"(4,690.40)",LL000036562
Department of Health,NHS Lincolnshire East CCG,31/12/2018,C&M-GMS Cost of Drugs -Dispensing,LOCAL ENHANCED SERVICES,DR BULL & PARTNERS,25257354,"208,653.85 ",LL000036563
Department of Health,NHS Lincolnshire East CCG,31/12/2018,C&M-GMS Prof Fees Dispensing,PRC DELEGATED CO-COMMISSIONING,DR BULL & PARTNERS,25257354,"40,997.41 ",LL000036563
Department of Health,NHS Lincolnshire East CCG,31/12/2018,C&M-GMS PrscrptnChrgsColl&RmttdbyGP,LOCAL ENHANCED SERVICES,DR BULL & PARTNERS,25257354,"4,690.40 ",LL000036563
Department of Health,NHS Lincolnshire East CCG,31/12/2018,C&M-GMS Cost of Drugs -Dispensing,LOCAL ENHANCED SERVICES,DR DWYER & PARTNERS,25257356,"(75,174.85)",LL000036565
Department of Health,NHS Lincolnshire East CCG,31/12/2018,C&M-GMS PrscChrgsCll&RmttdbyGPCntra,PRC DELEGATED CO-COMMISSIONING,DR DWYER & PARTNERS,25257356,"(3,273.60)",LL000036565
Department of Health,NHS Lincolnshire East CCG,31/12/2018,C&M-GMS Cost of Drugs -Dispensing,LOCAL ENHANCED SERVICES,DR DWYER & PARTNERS,25257357,"154,570.65 ",LL000036566
Department of Health,NHS Lincolnshire East CCG,31/12/2018,C&M-GMS Prof Fees Dispensing,PRC DELEGATED CO-COMMISSIONING,DR DWYER & PARTNERS,25257357,"25,859.70 ",LL000036566
Department of Health,NHS Lincolnshire East CCG,31/12/2018,C&M-GMS PrscrptnChrgsColl&RmttdbyGP,LOCAL ENHANCED SERVICES,DR DWYER & PARTNERS,25257357,"3,273.60 ",LL000036566
Department of Health,NHS Lincolnshire East CCG,31/12/2018,C&M-GMS Cost of Drugs -Dispensing,LOCAL ENHANCED SERVICES,DR KELLY & PARTNERS,25257359,"(58,224.34)",LL000036568
Department of Health,NHS Lincolnshire East CCG,31/12/2018,C&M-GMS PrscChrgsCll&RmttdbyGPCntra,PRC DELEGATED CO-COMMISSIONING,DR KELLY & PARTNERS,25257359,"(1,434.40)",LL000036568
Department of Health,NHS Lincolnshire East CCG,31/12/2018,C&M-GMS Cost of Drugs -Dispensing,LOCAL ENHANCED SERVICES,DR KELLY & PARTNERS,25257360,"109,756.80 ",LL000036569
Department of Health,NHS Lincolnshire East CCG,31/12/2018,C&M-GMS Prof Fees Dispensing,PRC DELEGATED CO-COMMISSIONING,DR KELLY & PARTNERS,25257360,"23,479.99 ",LL000036569
Department of Health,NHS Lincolnshire East CCG,31/12/2018,C&M-GMS PrscrptnChrgsColl&RmttdbyGP,LOCAL ENHANCED SERVICES,DR KELLY & PARTNERS,25257360,"1,434.40 ",LL000036569
Department of Health,NHS Lincolnshire East CCG,31/12/2018,C&M-GMS Cost of Drugs -Dispensing,LOCAL ENHANCED SERVICES,DR MEIWALD & PARTNERS,25257361,"(32,383.74)",LL000036570
Department of Health,NHS Lincolnshire East CCG,31/12/2018,C&M-GMS PrscChrgsCll&RmttdbyGPCntra,PRC DELEGATED CO-COMMISSIONING,DR MEIWALD & PARTNERS,25257361,"(1,082.40)",LL000036570
Department of Health,NHS Lincolnshire East CCG,31/12/2018,C&M-GMS Cost of Drugs -Dispensing,LOCAL ENHANCED SERVICES,DR MEIWALD & PARTNERS,25257362,"69,631.79 ",LL000036571
Department of Health,NHS Lincolnshire East CCG,31/12/2018,C&M-GMS Prof Fees Dispensing,PRC DELEGATED CO-COMMISSIONING,DR MEIWALD & PARTNERS,25257362,"13,488.14 ",LL000036571
Department of Health,NHS Lincolnshire East CCG,31/12/2018,C&M-GMS PrscrptnChrgsColl&RmttdbyGP,LOCAL ENHANCED SERVICES,DR MEIWALD & PARTNERS,25257362,"1,082.40 ",LL000036571
Department of Health,NHS Lincolnshire East CCG,31/12/2018,C&M-GMS Cost of Drugs -Dispensing,LOCAL ENHANCED SERVICES,DR MASSEY & PARTNERS,25257363,"(72,755.78)",LL000036572
Department of Health,NHS Lincolnshire East CCG,31/12/2018,C&M-GMS PrscChrgsCll&RmttdbyGPCntra,PRC DELEGATED CO-COMMISSIONING,DR MASSEY & PARTNERS,25257363,"(3,352.80)",LL000036572
Department of Health,NHS Lincolnshire East CCG,31/12/2018,C&M-GMS Cost of Drugs -Dispensing,LOCAL ENHANCED SERVICES,DR MASSEY & PARTNERS,25257364,"138,771.89 ",LL000036573
Department of Health,NHS Lincolnshire East CCG,31/12/2018,C&M-GMS Prof Fees Dispensing,PRC DELEGATED CO-COMMISSIONING,DR MASSEY & PARTNERS,25257364,"28,773.34 ",LL000036573
Department of Health,NHS Lincolnshire East CCG,31/12/2018,C&M-GMS PrscrptnChrgsColl&RmttdbyGP,LOCAL ENHANCED SERVICES,DR MASSEY & PARTNERS,25257364,"3,352.80 ",LL000036573
Department of Health,NHS Lincolnshire East CCG,31/12/2018,C&M-GMS Cost of Drugs -Dispensing,LOCAL ENHANCED SERVICES,DR PARKER & PARTNERS LOUTH,25257366,"(100,919.90)",LL000036575
Department of Health,NHS Lincolnshire East CCG,31/12/2018,C&M-GMS PrscChrgsCll&RmttdbyGPCntra,PRC DELEGATED CO-COMMISSIONING,DR PARKER & PARTNERS LOUTH,25257366,"(3,088.80)",LL000036575
Department of Health,NHS Lincolnshire East CCG,31/12/2018,C&M-GMS Cost of Drugs -Dispensing,LOCAL ENHANCED SERVICES,DR PARKER & PARTNERS LOUTH,25257367,"205,543.35 ",LL000036576
Department of Health,NHS Lincolnshire East CCG,31/12/2018,C&M-GMS Prof Fees Dispensing,PRC DELEGATED CO-COMMISSIONING,DR PARKER & PARTNERS LOUTH,25257367,"39,877.91 ",LL000036576
Department of Health,NHS Lincolnshire East CCG,31/12/2018,C&M-GMS PrscrptnChrgsColl&RmttdbyGP,LOCAL ENHANCED SERVICES,DR PARKER & PARTNERS LOUTH,25257367,"3,088.80 ",LL000036576
Department of Health,NHS Lincolnshire East CCG,31/12/2018,C&M-GMS Cost of Drugs -Dispensing,LOCAL ENHANCED SERVICES,DR O KELLY & PARTNERS,25257368,"(62,087.30)",LL000036577
Department of Health,NHS Lincolnshire East CCG,31/12/2018,C&M-GMS PrscChrgsCll&RmttdbyGPCntra,PRC DELEGATED CO-COMMISSIONING,DR O KELLY & PARTNERS,25257368,"(1,812.80)",LL000036577
Department of Health,NHS Lincolnshire East CCG,31/12/2018,C&M-GMS Cost of Drugs -Dispensing,LOCAL ENHANCED SERVICES,DR O KELLY & PARTNERS,25257369,"142,802.25 ",LL000036578
Department of Health,NHS Lincolnshire East CCG,31/12/2018,C&M-GMS Prof Fees Dispensing,PRC DELEGATED CO-COMMISSIONING,DR O KELLY & PARTNERS,25257369,"26,238.19 ",LL000036578
Department of Health,NHS Lincolnshire East CCG,31/12/2018,C&M-GMS PrscrptnChrgsColl&RmttdbyGP,LOCAL ENHANCED SERVICES,DR O KELLY & PARTNERS,25257369,"1,812.80 ",LL000036578
Department of Health,NHS Lincolnshire East CCG,31/12/2018,C&M-GMS Cost of Drugs -Dispensing,LOCAL ENHANCED SERVICES,DR MITCHELL & PARTNERS,25257370,"(42,328.29)",LL000036579
Department of Health,NHS Lincolnshire East CCG,31/12/2018,C&M-GMS PrscChrgsCll&RmttdbyGPCntra,PRC DELEGATED CO-COMMISSIONING,DR MITCHELL & PARTNERS,25257370,"(1,768.80)",LL000036579
Department of Health,NHS Lincolnshire East CCG,31/12/2018,C&M-GMS Cost of Drugs -Dispensing,LOCAL ENHANCED SERVICES,DR MITCHELL & PARTNERS,25257371,"109,667.07 ",LL000036580
Department of Health,NHS Lincolnshire East CCG,31/12/2018,C&M-GMS Prof Fees Dispensing,PRC DELEGATED CO-COMMISSIONING,DR MITCHELL & PARTNERS,25257371,"17,136.75 ",LL000036580
Department of Health,NHS Lincolnshire East CCG,31/12/2018,C&M-GMS PrscrptnChrgsColl&RmttdbyGP,LOCAL ENHANCED SERVICES,DR MITCHELL & PARTNERS,25257371,"1,768.80 ",LL000036580
Department of Health,NHS Lincolnshire East CCG,31/12/2018,C&M-GMS Cost of Drugs -Dispensing,LOCAL ENHANCED SERVICES,DR RAMON & PARTNERS,25257372,"(51,681.50)",LL000036581
Department of Health,NHS Lincolnshire East CCG,31/12/2018,C&M-GMS PrscChrgsCll&RmttdbyGPCntra,PRC DELEGATED CO-COMMISSIONING,DR RAMON & PARTNERS,25257372,"(1,390.40)",LL000036581
Department of Health,NHS Lincolnshire East CCG,31/12/2018,C&M-GMS Cost of Drugs -Dispensing,LOCAL ENHANCED SERVICES,DR RAMON & PARTNERS,25257373,"94,644.39 ",LL000036582
Department of Health,NHS Lincolnshire East CCG,31/12/2018,C&M-GMS Prof Fees Dispensing,PRC DELEGATED CO-COMMISSIONING,DR RAMON & PARTNERS,25257373,"19,362.37 ",LL000036582
Department of Health,NHS Lincolnshire East CCG,31/12/2018,C&M-GMS PrscrptnChrgsColl&RmttdbyGP,LOCAL ENHANCED SERVICES,DR RAMON & PARTNERS,25257373,"1,390.40 ",LL000036582
Department of Health,NHS Lincolnshire East CCG,31/12/2018,C&M-GMS Cost of Drugs -Dispensing,LOCAL ENHANCED SERVICES,DR ROGERS & PARTNERS,25257374,"(49,002.58)",LL000036585
Department of Health,NHS Lincolnshire East CCG,31/12/2018,C&M-GMS PrscChrgsCll&RmttdbyGPCntra,PRC DELEGATED CO-COMMISSIONING,DR ROGERS & PARTNERS,25257374,(959.20),LL000036585
Department of Health,NHS Lincolnshire East CCG,31/12/2018,C&M-GMS Cost of Drugs -Dispensing,LOCAL ENHANCED SERVICES,DR ROGERS & PARTNERS,25257375,"82,415.66 ",LL000036586
Department of Health,NHS Lincolnshire East CCG,31/12/2018,C&M-GMS Prof Fees Dispensing,PRC DELEGATED CO-COMMISSIONING,DR ROGERS & PARTNERS,25257375,"16,254.69 ",LL000036586
Department of Health,NHS Lincolnshire East CCG,31/12/2018,C&M-GMS PrscrptnChrgsColl&RmttdbyGP,LOCAL ENHANCED SERVICES,DR ROGERS & PARTNERS,25257375,959.20 ,LL000036586
Department of Health,NHS Lincolnshire East CCG,31/12/2018,C&M-GMS Cost of Drugs -Dispensing,LOCAL ENHANCED SERVICES,DR SR BAXTER & PARTNERS,25257377,"(68,365.84)",LL000036588
Department of Health,NHS Lincolnshire East CCG,31/12/2018,C&M-GMS PrscChrgsCll&RmttdbyGPCntra,PRC DELEGATED CO-COMMISSIONING,DR SR BAXTER & PARTNERS,25257377,"(1,003.20)",LL000036588
Department of Health,NHS Lincolnshire East CCG,31/12/2018,C&M-GMS Cost of Drugs -Dispensing,LOCAL ENHANCED SERVICES,DR SR BAXTER & PARTNERS,25257378,"88,866.26 ",LL000036589
Department of Health,NHS Lincolnshire East CCG,31/12/2018,C&M-GMS Prof Fees Dispensing,PRC DELEGATED CO-COMMISSIONING,DR SR BAXTER & PARTNERS,25257378,"24,737.55 ",LL000036589
Department of Health,NHS Lincolnshire East CCG,31/12/2018,C&M-GMS PrscrptnChrgsColl&RmttdbyGP,LOCAL ENHANCED SERVICES,DR SR BAXTER & PARTNERS,25257378,"1,003.20 ",LL000036589
Department of Health,NHS Lincolnshire East CCG,31/12/2018,C&M-GMS Cost of Drugs -Dispensing,LOCAL ENHANCED SERVICES,DR WOOLLARD & PARTNERS,25257379,"(38,968.20)",LL000036590
Department of Health,NHS Lincolnshire East CCG,31/12/2018,C&M-GMS PrscChrgsCll&RmttdbyGPCntra,PRC DELEGATED CO-COMMISSIONING,DR WOOLLARD & PARTNERS,25257379,"(1,760.00)",LL000036590
Department of Health,NHS Lincolnshire East CCG,31/12/2018,C&M-GMS Cost of Drugs -Dispensing,LOCAL ENHANCED SERVICES,DR WOOLLARD & PARTNERS,25257380,"73,307.35 ",LL000036591
Department of Health,NHS Lincolnshire East CCG,31/12/2018,C&M-GMS Prof Fees Dispensing,PRC DELEGATED CO-COMMISSIONING,DR WOOLLARD & PARTNERS,25257380,"14,821.23 ",LL000036591
Department of Health,NHS Lincolnshire East CCG,31/12/2018,C&M-GMS PrscrptnChrgsColl&RmttdbyGP,LOCAL ENHANCED SERVICES,DR WOOLLARD & PARTNERS,25257380,"1,760.00 ",LL000036591
Department of Health,NHS Lincolnshire East CCG,31/12/2018,C&M-GMS Cost of Drugs -Dispensing,LOCAL ENHANCED SERVICES,DR T WATKINS & PARTNERS,25257381,"(43,405.45)",LL000036592
Department of Health,NHS Lincolnshire East CCG,31/12/2018,C&M-GMS PrscChrgsCll&RmttdbyGPCntra,PRC DELEGATED CO-COMMISSIONING,DR T WATKINS & PARTNERS,25257381,"(1,777.60)",LL000036592
Department of Health,NHS Lincolnshire East CCG,31/12/2018,C&M-GMS Cost of Drugs -Dispensing,LOCAL ENHANCED SERVICES,DR T WATKINS & PARTNERS,25257382,"86,111.91 ",LL000036593
Department of Health,NHS Lincolnshire East CCG,31/12/2018,C&M-GMS Prof Fees Dispensing,PRC DELEGATED CO-COMMISSIONING,DR T WATKINS & PARTNERS,25257382,"14,226.80 ",LL000036593
Department of Health,NHS Lincolnshire East CCG,31/12/2018,C&M-GMS PrscrptnChrgsColl&RmttdbyGP,LOCAL ENHANCED SERVICES,DR T WATKINS & PARTNERS,25257382,"1,777.60 ",LL000036593
Department of Health,NHS Lincolnshire East CCG,31/12/2018,C&M-GMS Cost of Drugs -Dispensing,LOCAL ENHANCED SERVICES,DR TELFER & PARTNERS,25257383,"(72,835.23)",LL000036594
Department of Health,NHS Lincolnshire East CCG,31/12/2018,C&M-GMS PrscChrgsCll&RmttdbyGPCntra,PRC DELEGATED CO-COMMISSIONING,DR TELFER & PARTNERS,25257383,"(2,525.60)",LL000036594
Department of Health,NHS Lincolnshire East CCG,31/12/2018,C&M-GMS Cost of Drugs -Dispensing,LOCAL ENHANCED SERVICES,DR TELFER & PARTNERS,25257384,"139,388.90 ",LL000036595
Department of Health,NHS Lincolnshire East CCG,31/12/2018,C&M-GMS Prof Fees Dispensing,PRC DELEGATED CO-COMMISSIONING,DR TELFER & PARTNERS,25257384,"28,508.61 ",LL000036595
Department of Health,NHS Lincolnshire East CCG,31/12/2018,C&M-GMS PrscrptnChrgsColl&RmttdbyGP,LOCAL ENHANCED SERVICES,DR TELFER & PARTNERS,25257384,"2,525.60 ",LL000036595
Department of Health,NHS Lincolnshire East CCG,31/12/2018,C&M-GMS Cost of Drugs -Dispensing,LOCAL ENHANCED SERVICES,KIRTON MEDICAL CENTRE,25257386,"43,405.13 ",LL000036597
Department of Health,NHS Lincolnshire East CCG,31/12/2018,C&M-GMS Prof Fees Dispensing,PRC DELEGATED CO-COMMISSIONING,KIRTON MEDICAL CENTRE,25257386,"6,491.93 ",LL000036597
Department of Health,NHS Lincolnshire East CCG,31/12/2018,C&M-GMS PrscrptnChrgsColl&RmttdbyGP,LOCAL ENHANCED SERVICES,KIRTON MEDICAL CENTRE,25257386,968.00 ,LL000036597
Department of Health,NHS Lincolnshire East CCG,31/12/2018,C&M-GMS Cost of Drugs -Dispensing,LOCAL ENHANCED SERVICES,JAMES STREET FAMILY PRACTICE,25257387,"(58,379.20)",LL000036598
Department of Health,NHS Lincolnshire East CCG,31/12/2018,C&M-GMS PrscChrgsCll&RmttdbyGPCntra,PRC DELEGATED CO-COMMISSIONING,JAMES STREET FAMILY PRACTICE,25257387,(484.00),LL000036598
Department of Health,NHS Lincolnshire East CCG,31/12/2018,C&M-GMS Cost of Drugs -Dispensing,LOCAL ENHANCED SERVICES,JAMES STREET FAMILY PRACTICE,25257388,"104,762.14 ",LL000036599
Department of Health,NHS Lincolnshire East CCG,31/12/2018,C&M-GMS Prof Fees Dispensing,PRC DELEGATED CO-COMMISSIONING,JAMES STREET FAMILY PRACTICE,25257388,"24,067.70 ",LL000036599
Department of Health,NHS Lincolnshire East CCG,31/12/2018,C&M-GMS PrscrptnChrgsColl&RmttdbyGP,LOCAL ENHANCED SERVICES,JAMES STREET FAMILY PRACTICE,25257388,484.00 ,LL000036599
Department of Health,NHS Lincolnshire East CCG,31/12/2018,C&M-GMS Cost of Drugs -Dispensing,LOCAL ENHANCED SERVICES,TASBURGH LODGE SURGERY,25257390,"41,187.08 ",LL000036601
Department of Health,NHS Lincolnshire East CCG,31/12/2018,C&M-GMS Prof Fees Dispensing,PRC DELEGATED CO-COMMISSIONING,TASBURGH LODGE SURGERY,25257390,"8,408.43 ",LL000036601
Department of Health,NHS Lincolnshire East CCG,31/12/2018,C&M-GMS PrscrptnChrgsColl&RmttdbyGP,LOCAL ENHANCED SERVICES,TASBURGH LODGE SURGERY,25257390,237.60 ,LL000036601
Department of Health,NHS Lincolnshire East CCG,31/12/2018,C&M-GMS Cost of Drugs -Dispensing,LOCAL ENHANCED SERVICES,WOODHALL SPA NEW SURGERY,25257391,"(59,989.72)",LL000036602
Department of Health,NHS Lincolnshire East CCG,31/12/2018,C&M-GMS PrscChrgsCll&RmttdbyGPCntra,PRC DELEGATED CO-COMMISSIONING,WOODHALL SPA NEW SURGERY,25257391,"(1,918.40)",LL000036602
Department of Health,NHS Lincolnshire East CCG,31/12/2018,C&M-GMS Cost of Drugs -Dispensing,LOCAL ENHANCED SERVICES,WOODHALL SPA NEW SURGERY,25257392,"118,752.60 ",LL000036603
Department of Health,NHS Lincolnshire East CCG,31/12/2018,C&M-GMS Prof Fees Dispensing,PRC DELEGATED CO-COMMISSIONING,WOODHALL SPA NEW SURGERY,25257392,"20,056.82 ",LL000036603
Department of Health,NHS Lincolnshire East CCG,31/12/2018,C&M-GMS PrscrptnChrgsColl&RmttdbyGP,LOCAL ENHANCED SERVICES,WOODHALL SPA NEW SURGERY,25257392,"1,918.40 ",LL000036603
Department of Health,NHS Lincolnshire East CCG,31/12/2018,C&M-GMS Cost of Drugs -Dispensing,LOCAL ENHANCED SERVICES,STICKNEY SURGERY,25259752,"(84,979.32)",LL000036583
Department of Health,NHS Lincolnshire East CCG,31/12/2018,C&M-GMS PrscChrgsCll&RmttdbyGPCntra,PRC DELEGATED CO-COMMISSIONING,STICKNEY SURGERY,25259752,"(3,898.40)",LL000036583
Department of Health,NHS Lincolnshire East CCG,31/12/2018,C&M-GMS Cost of Drugs -Dispensing,LOCAL ENHANCED SERVICES,STICKNEY SURGERY,25259753,"176,676.65 ",LL000036584
Department of Health,NHS Lincolnshire East CCG,31/12/2018,C&M-GMS Prof Fees Dispensing,PRC DELEGATED CO-COMMISSIONING,STICKNEY SURGERY,25259753,"33,189.71 ",LL000036584
Department of Health,NHS Lincolnshire East CCG,31/12/2018,C&M-GMS PrscrptnChrgsColl&RmttdbyGP,LOCAL ENHANCED SERVICES,STICKNEY SURGERY,25259753,"3,898.40 ",LL000036584
Department of Health,NHS Lincolnshire East CCG,31/12/2018,Hcare Srv Rec Fdtn Trust-Non Contract,MENTAL HEALTH SERVICES - NOT CONTRACTED ACTIVITY,NOTTINGHAMSHIRE HEALTHCARE NHS TRUST,25267783,"134,566.82 ",1000045643
Department of Health,NHS Lincolnshire East CCG,31/12/2018,Hcare Srv Rec NHS Trust-Non Contract,PROGRAMME PROJECTS,UNITED LINCOLNSHIRE HOSPITALS NHS TRUST,25267823,"101,990.42 ",0000194906
Department of Health,NHS Lincolnshire East CCG,31/12/2018,Hcare Srv Rec NHS Trust-Over/ Under Performance,ACUTE COMMISSIONING,UNITED LINCOLNSHIRE HOSPITALS NHS TRUST,25310394,"1,106,749.65 ",0000195499
Department of Health,NHS Lincolnshire East CCG,31/12/2018,Hcare Srv Rec NHS Trust-Non Contract,ACUTE COMMISSIONING,UNITED LINCOLNSHIRE HOSPITALS NHS TRUST,25310396,"327,112.69 ",0000195888
Department of Health,NHS Lincolnshire East CCG,31/12/2018,Clinical&Medical-Commercial Sector,COMMUNITY SERVICES,LINCOLNSHIRE COUNTY COUNCIL,25310397,"87,543.00 ",10071063
Department of Health,NHS Lincolnshire East CCG,31/12/2018,Clinical&Medical-Othe Public Sector,CARERS,LINCOLNSHIRE COUNTY COUNCIL,25310397,"298,353.00 ",10071063
Department of Health,NHS Lincolnshire East CCG,31/12/2018,Clinical&Medical-Othe Public Sector,CHILD AND ADOLESCENT MENTAL HEALTH,LINCOLNSHIRE COUNTY COUNCIL,25310397,"190,223.00 ",10071063
Department of Health,NHS Lincolnshire East CCG,31/12/2018,Clinical&Medical-Othe Public Sector,LEARNING DIFFICULTIES,LINCOLNSHIRE COUNTY COUNCIL,25310397,"540,249.00 ",10071063
Department of Health,NHS Lincolnshire East CCG,31/12/2018,Clinical&Medical-Independent Sector - Contract Baseline,PATIENT TRANSPORT,THAMES AMBULANCE SERVICE LTD,25311015,"163,792.00 ",20798
Department of Health,NHS Lincolnshire East CCG,31/12/2018,Hcare Srv Rec Fdtn Trust-CQUIN,ACUTE COMMISSIONING,CAMBRIDGE UNIVERSITY HOSPITALS NHS FOUNDATION TRUST,25311060,408.04 ,70022203
Department of Health,NHS Lincolnshire East CCG,31/12/2018,Hcare Srv Rec Fdtn Trust-Contract Baseline,ACUTE COMMISSIONING,CAMBRIDGE UNIVERSITY HOSPITALS NHS FOUNDATION TRUST,25311060,"34,583.33 ",70022203
Department of Health,NHS Lincolnshire East CCG,31/12/2018,Hcare Srv Rec Fdtn Trust-CQUIN,ACUTE COMMISSIONING,NORTHERN LINCOLNSHIRE AND GOOLE HOSPITALS NHS FOUNDATION TRUST,25311137,"28,674.00 ",2400021987
Department of Health,NHS Lincolnshire East CCG,31/12/2018,Hcare Srv Rec Fdtn Trust-Contract Baseline,ACUTE COMMISSIONING,NORTHERN LINCOLNSHIRE AND GOOLE HOSPITALS NHS FOUNDATION TRUST,25311137,"2,449,165.00 ",2400021987
Department of Health,NHS Lincolnshire East CCG,31/12/2018,Hcare Srv Rec Fdtn Trust-Contract Baseline,ACUTE COMMISSIONING,QUEEN ELIZABETH HOSPITAL KINGS LYNN NHS FOUNDATION TRUST,25311212,"78,705.00 ",900888
Department of Health,NHS Lincolnshire East CCG,31/12/2018,Cont Care-Physical Disab (65+),CHC ADULT FULLY FUNDED,TANGLEWOOD HEALTH CARE,25311330,"25,885.80 ",0000027432
Department of Health,NHS Lincolnshire East CCG,31/12/2018,Hcare Srv Rec NHS Trust-Non Contract,COMMUNITY SERVICES,LINCS COMMUNITY HEALTH SERVICES NHS TRUST,25311337,"48,111.40 ",4000042740
Department of Health,NHS Lincolnshire East CCG,31/12/2018,Clinical&Medical-Independent Sector,ACUTE COMMISSIONING,ONEHEALTH GROUP,25331329,"27,014.58 ",1941
Department of Health,NHS Lincolnshire East CCG,31/12/2018,Hcare Srv Rec NHS Trust-CQUIN,ACUTE COMMISSIONING,UNITED LINCOLNSHIRE HOSPITALS NHS TRUST,25331370,"110,629.22 ",0000196025
Department of Health,NHS Lincolnshire East CCG,31/12/2018,Hcare Srv Rec NHS Trust-Contract Baseline,ACUTE COMMISSIONING,UNITED LINCOLNSHIRE HOSPITALS NHS TRUST,25331370,"9,284,849.34 ",0000196025
Department of Health,NHS Lincolnshire East CCG,31/12/2018,Clinical&Medical-Independent Sector - Over/ Under Performance,ACUTE COMMISSIONING,BMI HEALTHCARE LTD,25331477,"34,500.25 ",0000102067
