A3131,,Expenditure Over Threshold,,,,,,
,,,,,,,,
,,,,,,,,
,,,,,,,,
,,,,,,,,
,,,,,,,,
RUN AT 14/06/2018 10:38:46,,,,,,,,
,,,,,,,,
Department family,Entity,Date,Expense Type,Expense area,Supplier,Transaction number,AP Amount (�),Purchase invoice number
Department of Health,NHS Lincolnshire East CCG,5/31/2018,Hcare Srv Rec NHS Trust-Over/ Under Performance,ACUTE COMMISSIONING,UNITED LINCOLNSHIRE HOSPITALS NHS TRUST,21991579,"284,926.27 ",0000190863
Department of Health,NHS Lincolnshire East CCG,,,,,21991579,"284,926.27 ",
Department of Health,NHS Lincolnshire East CCG,5/31/2018,Hcare Srv Rec Fdtn Trust-Prior Year,NCAS/OATS,UNIVERSITY COLLEGE LONDON HOSPITALS NHS FOUNDATION TRUST,21991619,"40,133.00 ",NCA5430
Department of Health,NHS Lincolnshire East CCG,,,,,21991619,"40,133.00 ",
Department of Health,NHS Lincolnshire East CCG,5/31/2018,Hcare Srv Rec Fdtn Trust-Contract Baseline,ACUTE COMMISSIONING,CAMBRIDGE UNIVERSITY HOSPITALS NHS FOUNDATION TRUST,21995047,"35,094.00 ",70022195
Department of Health,NHS Lincolnshire East CCG,,,,,21995047,"35,094.00 ",
Department of Health,NHS Lincolnshire East CCG,5/31/2018,Charges from CSU,CONTRACT MANAGEMENT,NHS ARDEN AND GEM CSU,22040977,"(65,000.00)",7312610699
Department of Health,NHS Lincolnshire East CCG,,,,,22040977,"(65,000.00)",
Department of Health,NHS Lincolnshire East CCG,5/31/2018,C&M-GMS Practice Transformational Support,LOCAL ENHANCED SERVICES,PRIMARY CARE LINCOLNSHIRE MEDICAL SERVICES LTD,22050838,"25,000.00 ",LH003
Department of Health,NHS Lincolnshire East CCG,,,,,22050838,"25,000.00 ",
Department of Health,NHS Lincolnshire East CCG,5/31/2018,C&M-GMS Practice Transformational Support,LOCAL ENHANCED SERVICES,PRIMARY CARE LINCOLNSHIRE MEDICAL SERVICES LTD,22050849,"25,000.00 ",LH002
Department of Health,NHS Lincolnshire East CCG,,,,,22050849,"25,000.00 ",
Department of Health,NHS Lincolnshire East CCG,5/31/2018,Hcare Srv Rec NHS Trust-Prior Year,ACUTE COMMISSIONING,UNIVERSITY HOSPITALS OF LEICESTER NHS TRUST,22050857,"(48,174.66)",C0020580
Department of Health,NHS Lincolnshire East CCG,,,,,22050857,"(48,174.66)",
Department of Health,NHS Lincolnshire East CCG,5/31/2018,Hcare Srv Rec NHS Trust-Prior Year,ACUTE COMMISSIONING,UNITED LINCOLNSHIRE HOSPITALS NHS TRUST,22051013,"(175,721.53)",0000209420
Department of Health,NHS Lincolnshire East CCG,,,,,22051013,"(175,721.53)",
Department of Health,NHS Lincolnshire East CCG,5/31/2018,Charges from CSU,PRIMARY CARE IT,NHS ARDEN AND GEM CSU,22051294,"52,338.00 ",7312610723
Department of Health,NHS Lincolnshire East CCG,,,,,22051294,"52,338.00 ",
Department of Health,NHS Lincolnshire East CCG,5/31/2018,Hcare Srv Rec NHS Trust-Prior Year,ACUTE COMMISSIONING,UNITED LINCOLNSHIRE HOSPITALS NHS TRUST,22059095,"1,317,982.58 ",0000191215
Department of Health,NHS Lincolnshire East CCG,,,,,22059095,"1,317,982.58 ",
Department of Health,NHS Lincolnshire East CCG,5/31/2018,Hcare Srv Rec NHS Trust-CQUIN,ACUTE COMMISSIONING,HULL AND EAST YORKSHIRE HOSPITALS NHS TRUST,22091090,"1,639.17 ",H0015178
Department of Health,NHS Lincolnshire East CCG,5/31/2018,Hcare Srv Rec NHS Trust-Contract Baseline,ACUTE COMMISSIONING,HULL AND EAST YORKSHIRE HOSPITALS NHS TRUST,22091090,"134,405.83 ",H0015178
Department of Health,NHS Lincolnshire East CCG,,,,,22091090,"136,045.00 ",
Department of Health,NHS Lincolnshire East CCG,5/31/2018,C&M-Independent Sector - CQUIN,HOSPICES,ST BARNABAS HOSPICE TRUST,22091118,"1,357.58 ",SIN001594
Department of Health,NHS Lincolnshire East CCG,5/31/2018,Clinical&Medical-Independent Sector - Contract Baseline,HOSPICES,ST BARNABAS HOSPICE TRUST,22091118,"103,057.80 ",SIN001594
Department of Health,NHS Lincolnshire East CCG,,,,,22091118,"104,415.38 ",
Department of Health,NHS Lincolnshire East CCG,5/31/2018,Clinical&Medical-Independent Sector - Contract Baseline,ACUTE COMMISSIONING,FITZWILLIAM HOSPITAL,22091169,"182,865.83 ",MAY18FW03TSC01
Department of Health,NHS Lincolnshire East CCG,,,,,22091169,"182,865.83 ",
Department of Health,NHS Lincolnshire East CCG,5/31/2018,Clinical&Medical-Independent Sector - Contract Baseline,ACUTE COMMISSIONING,BOSTON WEST HOSPITAL,22091175,"328,750.95 ",MAY1803TBWH01
Department of Health,NHS Lincolnshire East CCG,,,,,22091175,"328,750.95 ",
Department of Health,NHS Lincolnshire East CCG,5/31/2018,Hcare Srv Rec Fdtn Trust-CQUIN,MENTAL HEALTH CONTRACTS,LINCOLNSHIRE PARTNERSHIP NHS FOUNDATION TRUST,22091228,"22,942.54 ",2000017737
Department of Health,NHS Lincolnshire East CCG,5/31/2018,Hcare Srv Rec Fdtn Trust-Contract Baseline,MENTAL HEALTH CONTRACTS,LINCOLNSHIRE PARTNERSHIP NHS FOUNDATION TRUST,22091228,"1,835,403.71 ",2000017737
Department of Health,NHS Lincolnshire East CCG,,,,,22091228,"1,858,346.25 ",
Department of Health,NHS Lincolnshire East CCG,5/31/2018,Hcare Srv Rec NHS Trust-Contract Baseline,END OF LIFE,LINCS COMMUNITY HEALTH SERVICES NHS TRUST,22116179,"51,035.33 ",4000038786
Department of Health,NHS Lincolnshire East CCG,,,,,22116179,"51,035.33 ",
Department of Health,NHS Lincolnshire East CCG,5/31/2018,Clinical&Medical-Independent Sector - Contract Baseline,ACUTE COMMISSIONING,BMI HEALTHCARE COLLECTIONS,22116187,"33,558.13 ",0000090690
Department of Health,NHS Lincolnshire East CCG,,,,,22116187,"33,558.13 ",
Department of Health,NHS Lincolnshire East CCG,5/31/2018,Hcare Srv Rec Fdtn Trust-Prior Year,NCAS/OATS,UNIVERSITY COLLEGE LONDON HOSPITALS NHS FOUNDATION TRUST,22136304,"56,295.00 ",NCA3246
Department of Health,NHS Lincolnshire East CCG,,,,,22136304,"56,295.00 ",
Department of Health,NHS Lincolnshire East CCG,5/31/2018,Hcare Srv Rec NHS Trust-Prior Year,NCAS/OATS,UNITED LINCOLNSHIRE HOSPITALS NHS TRUST,22136340,"28,899.18 ",0000187345
Department of Health,NHS Lincolnshire East CCG,,,,,22136340,"28,899.18 ",
Department of Health,NHS Lincolnshire East CCG,5/31/2018,Clinical&Medical-Independent Sector - Prior Year,COMMUNITY SERVICES,CARE UK CLINICAL SERVICES LTD,22136352,"58,747.86 ",100058686
Department of Health,NHS Lincolnshire East CCG,,,,,22136352,"58,747.86 ",
Department of Health,NHS Lincolnshire East CCG,5/31/2018,Clinical&Medical-Independent Sector - Prior Year,COMMUNITY SERVICES,CARE UK CLINICAL SERVICES LTD,22136384,"28,116.00 ",100063143
Department of Health,NHS Lincolnshire East CCG,,,,,22136384,"28,116.00 ",
Department of Health,NHS Lincolnshire East CCG,5/31/2018,Clinical&Medical-Independent Sector - Prior Year,COMMUNITY SERVICES,CARE UK CLINICAL SERVICES LTD,22136470,"30,344.24 ",100064440
Department of Health,NHS Lincolnshire East CCG,,,,,22136470,"30,344.24 ",
Department of Health,NHS Lincolnshire East CCG,5/31/2018,Hcare Srv Rec NHS Trust-Non Contract,URGENT CARE,LINCS COMMUNITY HEALTH SERVICES NHS TRUST,22136504,"170,000.00 ",4000038257
Department of Health,NHS Lincolnshire East CCG,,,,,22136504,"170,000.00 ",
Department of Health,NHS Lincolnshire East CCG,5/31/2018,Clinical&Medical-Independent Sector - Prior Year,COMMUNITY SERVICES,CARE UK CLINICAL SERVICES LTD,22136637,"36,166.10 ",100066627
Department of Health,NHS Lincolnshire East CCG,,,,,22136637,"36,166.10 ",
Department of Health,NHS Lincolnshire East CCG,5/31/2018,Clinical&Medical-Independent Sector,OUT OF HOURS,DHU 111 (EAST MIDLANDS) CIC,22136652,"48,669.01 ",SINV00591
Department of Health,NHS Lincolnshire East CCG,,,,,22136652,"48,669.01 ",
Department of Health,NHS Lincolnshire East CCG,5/31/2018,Clinical&Medical-Independent Sector,COMMUNITY SERVICES,DMC HEALTHCARE LTD,22136685,"32,372.00 ",106020
Department of Health,NHS Lincolnshire East CCG,,,,,22136685,"32,372.00 ",
Department of Health,NHS Lincolnshire East CCG,5/31/2018,Clinical&Medical-Independent Sector,WHEELCHAIR SERVICE,MILLBROOK HEALTHCARE LTD,22136700,"53,504.26 ",17577
Department of Health,NHS Lincolnshire East CCG,,,,,22136700,"53,504.26 ",
Department of Health,NHS Lincolnshire East CCG,5/31/2018,Clinical&Medical-Independent Sector,WHEELCHAIR SERVICE,MILLBROOK HEALTHCARE LTD,22136717,"45,854.11 ",17600
Department of Health,NHS Lincolnshire East CCG,,,,,22136717,"45,854.11 ",
Department of Health,NHS Lincolnshire East CCG,5/31/2018,Hcare Srv Rec Fdtn Trust-Contract Baseline,ACUTE COMMISSIONING,SHEFFIELD TEACHING HOSPITALS NHS FOUNDATION TRUST,22136739,"82,513.00 ",4000526753
Department of Health,NHS Lincolnshire East CCG,,,,,22136739,"82,513.00 ",
Department of Health,NHS Lincolnshire East CCG,5/31/2018,Hcare Srv Rec NHS Trust-CQUIN,AMBULANCE SERVICES,EAST MIDLANDS AMBULANCE SERVICE NHS TRUST,22136762,"793,338.00 ",11311644
Department of Health,NHS Lincolnshire East CCG,,,,,22136762,"793,338.00 ",
Department of Health,NHS Lincolnshire East CCG,5/31/2018,Hcare Srv Rec NHS Trust-Non Contract,URGENT CARE,LINCS COMMUNITY HEALTH SERVICES NHS TRUST,22136766,"(170,000.00)",4440001839
Department of Health,NHS Lincolnshire East CCG,,,,,22136766,"(170,000.00)",
Department of Health,NHS Lincolnshire East CCG,5/31/2018,Clinical&Medical-Independent Sector - Contract Baseline,ACUTE COMMISSIONING,CARE UK CLINICAL SERVICES LTD,22136785,"53,217.33 ",100068105
Department of Health,NHS Lincolnshire East CCG,,,,,22136785,"53,217.33 ",
Department of Health,NHS Lincolnshire East CCG,5/31/2018,Clinical&Medical-Independent Sector - Contract Baseline,ACUTE COMMISSIONING,ST HUGHS HOSPITAL,22136878,"156,069.25 ",MAY2018
Department of Health,NHS Lincolnshire East CCG,,,,,22136878,"156,069.25 ",
Department of Health,NHS Lincolnshire East CCG,5/31/2018,C&M-GMS PCO Other,PRC DELEGATED CO-COMMISSIONING,PRIMARY CARE LINCOLNSHIRE MEDICAL SERVICES LTD,22136897,"(25,000.00)",LH001A
Department of Health,NHS Lincolnshire East CCG,,,,,22136897,"(25,000.00)",
Department of Health,NHS Lincolnshire East CCG,5/31/2018,Hcare Srv Rec Fdtn Trust-Prior Year,ACUTE COMMISSIONING,NORTHERN LINCOLNSHIRE AND GOOLE HOSPITALS NHS FOUNDATION TRUST,22143535,"335,350.00 ",2400019512
Department of Health,NHS Lincolnshire East CCG,,,,,22143535,"335,350.00 ",
Department of Health,NHS Lincolnshire East CCG,5/31/2018,Clinical&Medical-Independent Sector - Contract Baseline,ACUTE COMMISSIONING,ORTHOPAEDICS & SPINE SPECIALIST HOSPITAL,22143554,"62,500.00 ",M02SLA61E
Department of Health,NHS Lincolnshire East CCG,,,,,22143554,"62,500.00 ",
Department of Health,NHS Lincolnshire East CCG,5/31/2018,Clinical&Medical-Independent Sector - Contract Baseline,PATIENT TRANSPORT,THAMES AMBULANCE SERVICE LTD,22143559,"163,792.00 ",20033
Department of Health,NHS Lincolnshire East CCG,,,,,22143559,"163,792.00 ",
Department of Health,NHS Lincolnshire East CCG,5/31/2018,C&M-GMS DES Learn Dsblty Hlth Chk,PRC DELEGATED CO-COMMISSIONING,DR AI BELL & PARTNERS,22179798,280.00 ,LL000033362
Department of Health,NHS Lincolnshire East CCG,5/31/2018,C&M-GMS Dispensing Quality Sch,PRC DELEGATED CO-COMMISSIONING,DR AI BELL & PARTNERS,22179798,"7,020.18 ",LL000033362
Department of Health,NHS Lincolnshire East CCG,5/31/2018,C&M-GMS Global Sum,PRC DELEGATED CO-COMMISSIONING,DR AI BELL & PARTNERS,22179798,"64,574.23 ",LL000033362
Department of Health,NHS Lincolnshire East CCG,5/31/2018,C&M-GMS Prem Actual Rent,PRC DELEGATED CO-COMMISSIONING,DR AI BELL & PARTNERS,22179798,165.05 ,LL000033362
Department of Health,NHS Lincolnshire East CCG,5/31/2018,C&M-GMS Prem Notional Rent,PRC DELEGATED CO-COMMISSIONING,DR AI BELL & PARTNERS,22179798,"2,625.00 ",LL000033362
Department of Health,NHS Lincolnshire East CCG,5/31/2018,C&M-GMS QOF Aspiration,PRC DELEGATED CO-COMMISSIONING,DR AI BELL & PARTNERS,22179798,"7,162.30 ",LL000033362
Department of Health,NHS Lincolnshire East CCG,,,,,22179798,"81,826.76 ",
Department of Health,NHS Lincolnshire East CCG,5/31/2018,C&M-GMS Global Sum,PRC DELEGATED CO-COMMISSIONING,DR BACKHOUSE,22179800,"44,555.05 ",LL000033364
Department of Health,NHS Lincolnshire East CCG,5/31/2018,C&M-GMS QOF Aspiration,PRC DELEGATED CO-COMMISSIONING,DR BACKHOUSE,22179800,"4,850.62 ",LL000033364
Department of Health,NHS Lincolnshire East CCG,,,,,22179800,"49,405.67 ",
Department of Health,NHS Lincolnshire East CCG,5/31/2018,C&M-GMS Dispensing Quality Sch,PRC DELEGATED CO-COMMISSIONING,DR BULL & PARTNERS,22179802,"16,321.08 ",LL000033366
Department of Health,NHS Lincolnshire East CCG,5/31/2018,C&M-GMS Global Sum,PRC DELEGATED CO-COMMISSIONING,DR BULL & PARTNERS,22179802,"56,544.07 ",LL000033366
Department of Health,NHS Lincolnshire East CCG,5/31/2018,C&M-GMS Prem Notional Rent,PRC DELEGATED CO-COMMISSIONING,DR BULL & PARTNERS,22179802,"5,500.00 ",LL000033366
Department of Health,NHS Lincolnshire East CCG,5/31/2018,C&M-GMS Prem Rates,PRC DELEGATED CO-COMMISSIONING,DR BULL & PARTNERS,22179802,"9,600.00 ",LL000033366
Department of Health,NHS Lincolnshire East CCG,5/31/2018,C&M-GMS Prem Water Rates,PRC DELEGATED CO-COMMISSIONING,DR BULL & PARTNERS,22179802,233.82 ,LL000033366
Department of Health,NHS Lincolnshire East CCG,5/31/2018,C&M-GMS QOF Aspiration,PRC DELEGATED CO-COMMISSIONING,DR BULL & PARTNERS,22179802,"7,085.62 ",LL000033366
Department of Health,NHS Lincolnshire East CCG,,,,,22179802,"95,284.59 ",
Department of Health,NHS Lincolnshire East CCG,5/31/2018,C&M-GMS Global Sum,PRC DELEGATED CO-COMMISSIONING,DR DODDRELL & PARTNERS,22179804,"81,031.56 ",LL000033368
Department of Health,NHS Lincolnshire East CCG,5/31/2018,C&M-GMS QOF Aspiration,PRC DELEGATED CO-COMMISSIONING,DR DODDRELL & PARTNERS,22179804,"8,584.31 ",LL000033368
Department of Health,NHS Lincolnshire East CCG,,,,,22179804,"89,615.87 ",
Department of Health,NHS Lincolnshire East CCG,5/31/2018,C&M-GMS DES Learn Dsblty Hlth Chk,PRC DELEGATED CO-COMMISSIONING,DR DWYER & PARTNERS,22179806,"2,100.00 ",LL000033370
Department of Health,NHS Lincolnshire East CCG,5/31/2018,C&M-GMS Dispensing Quality Sch,PRC DELEGATED CO-COMMISSIONING,DR DWYER & PARTNERS,22179806,"12,156.96 ",LL000033370
Department of Health,NHS Lincolnshire East CCG,5/31/2018,C&M-GMS Global Sum,PRC DELEGATED CO-COMMISSIONING,DR DWYER & PARTNERS,22179806,"107,213.94 ",LL000033370
Department of Health,NHS Lincolnshire East CCG,5/31/2018,C&M-GMS MPIG Correction Factor,PRC DELEGATED CO-COMMISSIONING,DR DWYER & PARTNERS,22179806,957.35 ,LL000033370
Department of Health,NHS Lincolnshire East CCG,5/31/2018,C&M-GMS Prem Actual Rent,PRC DELEGATED CO-COMMISSIONING,DR DWYER & PARTNERS,22179806,"5,649.58 ",LL000033370
Department of Health,NHS Lincolnshire East CCG,5/31/2018,C&M-GMS Prem Rates,PRC DELEGATED CO-COMMISSIONING,DR DWYER & PARTNERS,22179806,"10,353.47 ",LL000033370
Department of Health,NHS Lincolnshire East CCG,5/31/2018,C&M-GMS QOF Aspiration,PRC DELEGATED CO-COMMISSIONING,DR DWYER & PARTNERS,22179806,"12,546.72 ",LL000033370
Department of Health,NHS Lincolnshire East CCG,,,,,22179806,"150,978.02 ",
Department of Health,NHS Lincolnshire East CCG,5/31/2018,C&M-GMS DES Learn Dsblty Hlth Chk,PRC DELEGATED CO-COMMISSIONING,DR HOLMES & PARTNERS,22179808,560.00 ,LL000033372
Department of Health,NHS Lincolnshire East CCG,5/31/2018,C&M-GMS Global Sum,PRC DELEGATED CO-COMMISSIONING,DR HOLMES & PARTNERS,22179808,"57,703.35 ",LL000033372
Department of Health,NHS Lincolnshire East CCG,5/31/2018,C&M-GMS Prem Rates,PRC DELEGATED CO-COMMISSIONING,DR HOLMES & PARTNERS,22179808,"7,897.89 ",LL000033372
Department of Health,NHS Lincolnshire East CCG,5/31/2018,C&M-GMS Prem Water Rates,PRC DELEGATED CO-COMMISSIONING,DR HOLMES & PARTNERS,22179808,166.37 ,LL000033372
Department of Health,NHS Lincolnshire East CCG,5/31/2018,C&M-GMS QOF Aspiration,PRC DELEGATED CO-COMMISSIONING,DR HOLMES & PARTNERS,22179808,"7,303.35 ",LL000033372
Department of Health,NHS Lincolnshire East CCG,,,,,22179808,"73,630.96 ",
Department of Health,NHS Lincolnshire East CCG,5/31/2018,C&M-GMS Global Sum,PRC DELEGATED CO-COMMISSIONING,DR I CARTER & PARTNERS,22179810,"150,812.45 ",LL000033374
Department of Health,NHS Lincolnshire East CCG,5/31/2018,C&M-GMS Prem Rates,PRC DELEGATED CO-COMMISSIONING,DR I CARTER & PARTNERS,22179810,"28,704.81 ",LL000033374
Department of Health,NHS Lincolnshire East CCG,5/31/2018,C&M-GMS Prem Water Rates,PRC DELEGATED CO-COMMISSIONING,DR I CARTER & PARTNERS,22179810,141.71 ,LL000033374
Department of Health,NHS Lincolnshire East CCG,5/31/2018,C&M-GMS QOF Aspiration,PRC DELEGATED CO-COMMISSIONING,DR I CARTER & PARTNERS,22179810,"20,576.17 ",LL000033374
Department of Health,NHS Lincolnshire East CCG,,,,,22179810,"200,235.14 ",
Department of Health,NHS Lincolnshire East CCG,5/31/2018,C&M-GMS Global Sum,PRC DELEGATED CO-COMMISSIONING,DR KELLY & PARTNERS,22179812,"72,601.10 ",LL000033376
Department of Health,NHS Lincolnshire East CCG,5/31/2018,C&M-GMS Prem Rates,PRC DELEGATED CO-COMMISSIONING,DR KELLY & PARTNERS,22179812,"11,541.93 ",LL000033376
Department of Health,NHS Lincolnshire East CCG,5/31/2018,C&M-GMS QOF Aspiration,PRC DELEGATED CO-COMMISSIONING,DR KELLY & PARTNERS,22179812,"6,764.25 ",LL000033376
Department of Health,NHS Lincolnshire East CCG,,,,,22179812,"90,907.28 ",
Department of Health,NHS Lincolnshire East CCG,5/31/2018,C&M-GMS Dispensing Quality Sch,PRC DELEGATED CO-COMMISSIONING,DR MASSEY & PARTNERS,22179816,"13,302.48 ",LL000033380
Department of Health,NHS Lincolnshire East CCG,5/31/2018,C&M-GMS Global Sum,PRC DELEGATED CO-COMMISSIONING,DR MASSEY & PARTNERS,22179816,"74,215.55 ",LL000033380
Department of Health,NHS Lincolnshire East CCG,5/31/2018,C&M-GMS MPIG Correction Factor,PRC DELEGATED CO-COMMISSIONING,DR MASSEY & PARTNERS,22179816,88.90 ,LL000033380
Department of Health,NHS Lincolnshire East CCG,5/31/2018,C&M-GMS Prem Notional Rent,PRC DELEGATED CO-COMMISSIONING,DR MASSEY & PARTNERS,22179816,"6,491.67 ",LL000033380
Department of Health,NHS Lincolnshire East CCG,5/31/2018,C&M-GMS Prem Rates,PRC DELEGATED CO-COMMISSIONING,DR MASSEY & PARTNERS,22179816,"21,952.22 ",LL000033380
Department of Health,NHS Lincolnshire East CCG,5/31/2018,C&M-GMS QOF Aspiration,PRC DELEGATED CO-COMMISSIONING,DR MASSEY & PARTNERS,22179816,"8,602.66 ",LL000033380
Department of Health,NHS Lincolnshire East CCG,,,,,22179816,"124,653.48 ",
Department of Health,NHS Lincolnshire East CCG,5/31/2018,C&M-GMS DES Learn Dsblty Hlth Chk,PRC DELEGATED CO-COMMISSIONING,DR MATITI & PARTNERS,22179817,140.00 ,LL000033382
Department of Health,NHS Lincolnshire East CCG,5/31/2018,C&M-GMS Global Sum,PRC DELEGATED CO-COMMISSIONING,DR MATITI & PARTNERS,22179817,"82,425.00 ",LL000033382
Department of Health,NHS Lincolnshire East CCG,5/31/2018,C&M-GMS MPIG Correction Factor,PRC DELEGATED CO-COMMISSIONING,DR MATITI & PARTNERS,22179817,"2,386.39 ",LL000033382
Department of Health,NHS Lincolnshire East CCG,5/31/2018,C&M-GMS Prem Notional Rent,PRC DELEGATED CO-COMMISSIONING,DR MATITI & PARTNERS,22179817,"6,403.55 ",LL000033382
Department of Health,NHS Lincolnshire East CCG,5/31/2018,C&M-GMS Prem Rates,PRC DELEGATED CO-COMMISSIONING,DR MATITI & PARTNERS,22179817,"2,783.70 ",LL000033382
Department of Health,NHS Lincolnshire East CCG,5/31/2018,C&M-GMS QOF Aspiration,PRC DELEGATED CO-COMMISSIONING,DR MATITI & PARTNERS,22179817,"8,790.83 ",LL000033382
Department of Health,NHS Lincolnshire East CCG,,,,,22179817,"102,929.47 ",
Department of Health,NHS Lincolnshire East CCG,5/31/2018,C&M-GMS DES Learn Dsblty Hlth Chk,PRC DELEGATED CO-COMMISSIONING,DR PARKER & PARTNERS LOUTH,22179819,"1,540.00 ",LL000033384
Department of Health,NHS Lincolnshire East CCG,5/31/2018,C&M-GMS Dispensing Quality Sch,PRC DELEGATED CO-COMMISSIONING,DR PARKER & PARTNERS LOUTH,22179819,"13,539.84 ",LL000033384
Department of Health,NHS Lincolnshire East CCG,5/31/2018,C&M-GMS Global Sum,PRC DELEGATED CO-COMMISSIONING,DR PARKER & PARTNERS LOUTH,22179819,"51,215.07 ",LL000033384
Department of Health,NHS Lincolnshire East CCG,5/31/2018,C&M-GMS MPIG Correction Factor,PRC DELEGATED CO-COMMISSIONING,DR PARKER & PARTNERS LOUTH,22179819,"2,559.98 ",LL000033384
Department of Health,NHS Lincolnshire East CCG,5/31/2018,C&M-GMS Prem Notional Rent,PRC DELEGATED CO-COMMISSIONING,DR PARKER & PARTNERS LOUTH,22179819,"4,687.50 ",LL000033384
Department of Health,NHS Lincolnshire East CCG,5/31/2018,C&M-GMS Prem Rates,PRC DELEGATED CO-COMMISSIONING,DR PARKER & PARTNERS LOUTH,22179819,"4,624.18 ",LL000033384
Department of Health,NHS Lincolnshire East CCG,5/31/2018,C&M-GMS Prem Water Rates,PRC DELEGATED CO-COMMISSIONING,DR PARKER & PARTNERS LOUTH,22179819,576.89 ,LL000033384
Department of Health,NHS Lincolnshire East CCG,5/31/2018,C&M-GMS QOF Aspiration,PRC DELEGATED CO-COMMISSIONING,DR PARKER & PARTNERS LOUTH,22179819,"7,204.43 ",LL000033384
Department of Health,NHS Lincolnshire East CCG,,,,,22179819,"85,947.89 ",
Department of Health,NHS Lincolnshire East CCG,5/31/2018,C&M-GMS DES Learn Dsblty Hlth Chk,PRC DELEGATED CO-COMMISSIONING,DR O KELLY & PARTNERS,22179821,140.00 ,LL000033386
Department of Health,NHS Lincolnshire East CCG,5/31/2018,C&M-GMS Dispensing Quality Sch,PRC DELEGATED CO-COMMISSIONING,DR O KELLY & PARTNERS,22179821,"9,540.84 ",LL000033386
Department of Health,NHS Lincolnshire East CCG,5/31/2018,C&M-GMS Global Sum,PRC DELEGATED CO-COMMISSIONING,DR O KELLY & PARTNERS,22179821,"66,415.31 ",LL000033386
Department of Health,NHS Lincolnshire East CCG,5/31/2018,C&M-GMS MPIG Correction Factor,PRC DELEGATED CO-COMMISSIONING,DR O KELLY & PARTNERS,22179821,831.68 ,LL000033386
Department of Health,NHS Lincolnshire East CCG,5/31/2018,C&M-GMS Prem Notional Rent,PRC DELEGATED CO-COMMISSIONING,DR O KELLY & PARTNERS,22179821,"4,250.00 ",LL000033386
Department of Health,NHS Lincolnshire East CCG,5/31/2018,C&M-GMS Prem Rates,PRC DELEGATED CO-COMMISSIONING,DR O KELLY & PARTNERS,22179821,"9,259.08 ",LL000033386
Department of Health,NHS Lincolnshire East CCG,5/31/2018,C&M-GMS QOF Aspiration,PRC DELEGATED CO-COMMISSIONING,DR O KELLY & PARTNERS,22179821,"8,676.43 ",LL000033386
Department of Health,NHS Lincolnshire East CCG,,,,,22179821,"99,113.34 ",
Department of Health,NHS Lincolnshire East CCG,5/31/2018,C&M-GMS Dispensing Quality Sch,PRC DELEGATED CO-COMMISSIONING,DR RAMON & PARTNERS,22179823,"7,332.36 ",LL000033390
Department of Health,NHS Lincolnshire East CCG,5/31/2018,C&M-GMS Global Sum,PRC DELEGATED CO-COMMISSIONING,DR RAMON & PARTNERS,22179823,"58,844.98 ",LL000033390
Department of Health,NHS Lincolnshire East CCG,5/31/2018,C&M-GMS Prem Actual Rent,PRC DELEGATED CO-COMMISSIONING,DR RAMON & PARTNERS,22179823,284.42 ,LL000033390
Department of Health,NHS Lincolnshire East CCG,5/31/2018,C&M-GMS Prem Rates,PRC DELEGATED CO-COMMISSIONING,DR RAMON & PARTNERS,22179823,"7,217.34 ",LL000033390
Department of Health,NHS Lincolnshire East CCG,5/31/2018,C&M-GMS QOF Aspiration,PRC DELEGATED CO-COMMISSIONING,DR RAMON & PARTNERS,22179823,"6,115.50 ",LL000033390
Department of Health,NHS Lincolnshire East CCG,,,,,22179823,"79,794.60 ",
Department of Health,NHS Lincolnshire East CCG,5/31/2018,C&M-GMS Global Sum,PRC DELEGATED CO-COMMISSIONING,DR ROGERS & PARTNERS,22179825,"149,455.65 ",LL000033394
Department of Health,NHS Lincolnshire East CCG,5/31/2018,C&M-GMS Prem Notional Rent,PRC DELEGATED CO-COMMISSIONING,DR ROGERS & PARTNERS,22179825,"1,166.67 ",LL000033394
Department of Health,NHS Lincolnshire East CCG,5/31/2018,C&M-GMS Prem Rates,PRC DELEGATED CO-COMMISSIONING,DR ROGERS & PARTNERS,22179825,"12,223.66 ",LL000033394
Department of Health,NHS Lincolnshire East CCG,5/31/2018,C&M-GMS QOF Aspiration,PRC DELEGATED CO-COMMISSIONING,DR ROGERS & PARTNERS,22179825,"16,794.22 ",LL000033394
Department of Health,NHS Lincolnshire East CCG,,,,,22179825,"179,640.20 ",
Department of Health,NHS Lincolnshire East CCG,5/31/2018,C&M-GMS GP Statutory Levy,PRC DELEGATED CO-COMMISSIONING,DR PJ HARRIS & PARTNERS,22179826,(549.07),LL000033395
Department of Health,NHS Lincolnshire East CCG,5/31/2018,C&M-GMS Voluntary Levy,PRC DELEGATED CO-COMMISSIONING,DR PJ HARRIS & PARTNERS,22179826,(77.76),LL000033395
Department of Health,NHS Lincolnshire East CCG,5/31/2018,ME - GMS GP Prior Year ERs,PRC DELEGATED CO-COMMISSIONING,DR PJ HARRIS & PARTNERS,22179826,"(9,335.00)",LL000033395
Department of Health,NHS Lincolnshire East CCG,5/31/2018,ME-GMS GP Pension EEs,PRC DELEGATED CO-COMMISSIONING,DR PJ HARRIS & PARTNERS,22179826,"(3,738.37)",LL000033395
Department of Health,NHS Lincolnshire East CCG,5/31/2018,ME-GMS GP Pension ERs Adjustments,PRC DELEGATED CO-COMMISSIONING,DR PJ HARRIS & PARTNERS,22179826,"(3,911.87)",LL000033395
Department of Health,NHS Lincolnshire East CCG,5/31/2018,ME-GMS GP Prior Year EEs,PRC DELEGATED CO-COMMISSIONING,DR PJ HARRIS & PARTNERS,22179826,"(8,125.00)",LL000033395
Department of Health,NHS Lincolnshire East CCG,,,,,22179826,"(25,737.07)",
Department of Health,NHS Lincolnshire East CCG,5/31/2018,C&M-GMS Global Sum,PRC DELEGATED CO-COMMISSIONING,DR PJ HARRIS & PARTNERS,22179827,"107,775.09 ",LL000033396
Department of Health,NHS Lincolnshire East CCG,5/31/2018,C&M-GMS MPIG Correction Factor,PRC DELEGATED CO-COMMISSIONING,DR PJ HARRIS & PARTNERS,22179827,92.13 ,LL000033396
Department of Health,NHS Lincolnshire East CCG,5/31/2018,C&M-GMS Prem Rates,PRC DELEGATED CO-COMMISSIONING,DR PJ HARRIS & PARTNERS,22179827,"20,782.32 ",LL000033396
Department of Health,NHS Lincolnshire East CCG,5/31/2018,C&M-GMS QOF Aspiration,PRC DELEGATED CO-COMMISSIONING,DR PJ HARRIS & PARTNERS,22179827,"8,490.85 ",LL000033396
Department of Health,NHS Lincolnshire East CCG,,,,,22179827,"137,140.39 ",
Department of Health,NHS Lincolnshire East CCG,5/31/2018,C&M-GMS DES Learn Dsblty Hlth Chk,PRC DELEGATED CO-COMMISSIONING,DR SR BAXTER & PARTNERS,22179829,560.00 ,LL000033398
Department of Health,NHS Lincolnshire East CCG,5/31/2018,C&M-GMS Dispensing Quality Sch,PRC DELEGATED CO-COMMISSIONING,DR SR BAXTER & PARTNERS,22179829,"3,529.44 ",LL000033398
Department of Health,NHS Lincolnshire East CCG,5/31/2018,C&M-GMS Global Sum,PRC DELEGATED CO-COMMISSIONING,DR SR BAXTER & PARTNERS,22179829,"223,351.09 ",LL000033398
Department of Health,NHS Lincolnshire East CCG,5/31/2018,C&M-GMS Prem Actual Rent,PRC DELEGATED CO-COMMISSIONING,DR SR BAXTER & PARTNERS,22179829,103.00 ,LL000033398
Department of Health,NHS Lincolnshire East CCG,5/31/2018,C&M-GMS Prem Rates,PRC DELEGATED CO-COMMISSIONING,DR SR BAXTER & PARTNERS,22179829,"23,824.46 ",LL000033398
Department of Health,NHS Lincolnshire East CCG,5/31/2018,C&M-GMS QOF Aspiration,PRC DELEGATED CO-COMMISSIONING,DR SR BAXTER & PARTNERS,22179829,"23,024.31 ",LL000033398
Department of Health,NHS Lincolnshire East CCG,,,,,22179829,"274,392.30 ",
Department of Health,NHS Lincolnshire East CCG,5/31/2018,C&M-GMS DES Learn Dsblty Hlth Chk,PRC DELEGATED CO-COMMISSIONING,DR WOOLLARD & PARTNERS,22179831,"1,260.00 ",LL000033400
Department of Health,NHS Lincolnshire East CCG,5/31/2018,C&M-GMS Dispensing Quality Sch,PRC DELEGATED CO-COMMISSIONING,DR WOOLLARD & PARTNERS,22179831,"8,640.42 ",LL000033400
Department of Health,NHS Lincolnshire East CCG,5/31/2018,C&M-GMS Global Sum,PRC DELEGATED CO-COMMISSIONING,DR WOOLLARD & PARTNERS,22179831,"70,467.98 ",LL000033400
Department of Health,NHS Lincolnshire East CCG,5/31/2018,C&M-GMS Prem Notional Rent,PRC DELEGATED CO-COMMISSIONING,DR WOOLLARD & PARTNERS,22179831,"4,416.67 ",LL000033400
Department of Health,NHS Lincolnshire East CCG,5/31/2018,C&M-GMS Prem Rates,PRC DELEGATED CO-COMMISSIONING,DR WOOLLARD & PARTNERS,22179831,"5,220.00 ",LL000033400
Department of Health,NHS Lincolnshire East CCG,5/31/2018,C&M-GMS QOF Aspiration,PRC DELEGATED CO-COMMISSIONING,DR WOOLLARD & PARTNERS,22179831,"7,151.80 ",LL000033400
Department of Health,NHS Lincolnshire East CCG,,,,,22179831,"97,156.87 ",
Department of Health,NHS Lincolnshire East CCG,5/31/2018,C&M-GMS DES Learn Dsblty Hlth Chk,PRC DELEGATED CO-COMMISSIONING,DR T WATKINS & PARTNERS,22179833,"2,240.00 ",LL000033402
Department of Health,NHS Lincolnshire East CCG,5/31/2018,C&M-GMS Dispensing Quality Sch,PRC DELEGATED CO-COMMISSIONING,DR T WATKINS & PARTNERS,22179833,"6,233.28 ",LL000033402
Department of Health,NHS Lincolnshire East CCG,5/31/2018,C&M-GMS Global Sum,PRC DELEGATED CO-COMMISSIONING,DR T WATKINS & PARTNERS,22179833,"74,871.75 ",LL000033402
Department of Health,NHS Lincolnshire East CCG,5/31/2018,C&M-GMS Prem Actual Rent,PRC DELEGATED CO-COMMISSIONING,DR T WATKINS & PARTNERS,22179833,285.00 ,LL000033402
Department of Health,NHS Lincolnshire East CCG,5/31/2018,C&M-GMS Prem Rates,PRC DELEGATED CO-COMMISSIONING,DR T WATKINS & PARTNERS,22179833,"15,000.00 ",LL000033402
Department of Health,NHS Lincolnshire East CCG,5/31/2018,C&M-GMS QOF Aspiration,PRC DELEGATED CO-COMMISSIONING,DR T WATKINS & PARTNERS,22179833,"8,568.76 ",LL000033402
Department of Health,NHS Lincolnshire East CCG,,,,,22179833,"107,198.79 ",
Department of Health,NHS Lincolnshire East CCG,5/31/2018,C&M-GMS DES Learn Dsblty Hlth Chk,PRC DELEGATED CO-COMMISSIONING,DR TELFER & PARTNERS,22179835,"8,260.00 ",LL000033404
Department of Health,NHS Lincolnshire East CCG,5/31/2018,C&M-GMS Dispensing Quality Sch,PRC DELEGATED CO-COMMISSIONING,DR TELFER & PARTNERS,22179835,"11,904.12 ",LL000033404
Department of Health,NHS Lincolnshire East CCG,5/31/2018,C&M-GMS Global Sum,PRC DELEGATED CO-COMMISSIONING,DR TELFER & PARTNERS,22179835,"88,146.81 ",LL000033404
Department of Health,NHS Lincolnshire East CCG,5/31/2018,C&M-GMS Prem Actual Rent,PRC DELEGATED CO-COMMISSIONING,DR TELFER & PARTNERS,22179835,"18,277.50 ",LL000033404
Department of Health,NHS Lincolnshire East CCG,5/31/2018,C&M-GMS Prem Rates,PRC DELEGATED CO-COMMISSIONING,DR TELFER & PARTNERS,22179835,"7,057.69 ",LL000033404
Department of Health,NHS Lincolnshire East CCG,5/31/2018,C&M-GMS Prem Water Rates,PRC DELEGATED CO-COMMISSIONING,DR TELFER & PARTNERS,22179835,552.69 ,LL000033404
Department of Health,NHS Lincolnshire East CCG,5/31/2018,C&M-GMS QOF Aspiration,PRC DELEGATED CO-COMMISSIONING,DR TELFER & PARTNERS,22179835,"8,900.25 ",LL000033404
Department of Health,NHS Lincolnshire East CCG,,,,,22179835,"143,099.06 ",
Department of Health,NHS Lincolnshire East CCG,5/31/2018,C&M-GMS Dispensing Quality Sch,PRC DELEGATED CO-COMMISSIONING,KIRTON MEDICAL CENTRE,22179837,"3,088.26 ",LL000033406
Department of Health,NHS Lincolnshire East CCG,5/31/2018,C&M-GMS Global Sum,PRC DELEGATED CO-COMMISSIONING,KIRTON MEDICAL CENTRE,22179837,"48,961.09 ",LL000033406
Department of Health,NHS Lincolnshire East CCG,5/31/2018,C&M-GMS QOF Aspiration,PRC DELEGATED CO-COMMISSIONING,KIRTON MEDICAL CENTRE,22179837,"4,091.90 ",LL000033406
Department of Health,NHS Lincolnshire East CCG,,,,,22179837,"56,141.25 ",
Department of Health,NHS Lincolnshire East CCG,5/31/2018,C&M-GMS Dispensing Quality Sch,PRC DELEGATED CO-COMMISSIONING,JAMES STREET FAMILY PRACTICE,22179839,"7,796.76 ",LL000033408
Department of Health,NHS Lincolnshire East CCG,5/31/2018,C&M-GMS Global Sum,PRC DELEGATED CO-COMMISSIONING,JAMES STREET FAMILY PRACTICE,22179839,"89,133.31 ",LL000033408
Department of Health,NHS Lincolnshire East CCG,5/31/2018,C&M-GMS MPIG Correction Factor,PRC DELEGATED CO-COMMISSIONING,JAMES STREET FAMILY PRACTICE,22179839,"1,674.60 ",LL000033408
Department of Health,NHS Lincolnshire East CCG,5/31/2018,C&M-GMS Prem Notional Rent,PRC DELEGATED CO-COMMISSIONING,JAMES STREET FAMILY PRACTICE,22179839,"6,012.50 ",LL000033408
Department of Health,NHS Lincolnshire East CCG,5/31/2018,C&M-GMS Prem Rates,PRC DELEGATED CO-COMMISSIONING,JAMES STREET FAMILY PRACTICE,22179839,"6,364.28 ",LL000033408
Department of Health,NHS Lincolnshire East CCG,5/31/2018,C&M-GMS QOF Aspiration,PRC DELEGATED CO-COMMISSIONING,JAMES STREET FAMILY PRACTICE,22179839,"11,046.64 ",LL000033408
Department of Health,NHS Lincolnshire East CCG,,,,,22179839,"122,028.09 ",
Department of Health,NHS Lincolnshire East CCG,5/31/2018,C&M-GMS Dispensing Quality Sch,PRC DELEGATED CO-COMMISSIONING,TASBURGH LODGE SURGERY,22179841,"2,164.62 ",LL000033410
Department of Health,NHS Lincolnshire East CCG,5/31/2018,C&M-GMS Global Sum,PRC DELEGATED CO-COMMISSIONING,TASBURGH LODGE SURGERY,22179841,"35,586.26 ",LL000033410
Department of Health,NHS Lincolnshire East CCG,5/31/2018,C&M-GMS Prem Actual Rent,PRC DELEGATED CO-COMMISSIONING,TASBURGH LODGE SURGERY,22179841,"5,575.03 ",LL000033410
Department of Health,NHS Lincolnshire East CCG,5/31/2018,C&M-GMS Prem Water Rates,PRC DELEGATED CO-COMMISSIONING,TASBURGH LODGE SURGERY,22179841,280.86 ,LL000033410
Department of Health,NHS Lincolnshire East CCG,5/31/2018,C&M-GMS QOF Aspiration,PRC DELEGATED CO-COMMISSIONING,TASBURGH LODGE SURGERY,22179841,"4,778.86 ",LL000033410
Department of Health,NHS Lincolnshire East CCG,,,,,22179841,"48,385.63 ",
Department of Health,NHS Lincolnshire East CCG,5/31/2018,C&M-GMS Global Sum,PRC DELEGATED CO-COMMISSIONING,WOODHALL SPA NEW SURGERY,22179843,"53,347.62 ",LL000033412
Department of Health,NHS Lincolnshire East CCG,5/31/2018,C&M-GMS Prem Actual Rent,PRC DELEGATED CO-COMMISSIONING,WOODHALL SPA NEW SURGERY,22179843,"11,500.00 ",LL000033412
Department of Health,NHS Lincolnshire East CCG,5/31/2018,C&M-GMS Prem Notional Rent,PRC DELEGATED CO-COMMISSIONING,WOODHALL SPA NEW SURGERY,22179843,"3,576.25 ",LL000033412
Department of Health,NHS Lincolnshire East CCG,5/31/2018,C&M-GMS Prem Rates,PRC DELEGATED CO-COMMISSIONING,WOODHALL SPA NEW SURGERY,22179843,"8,141.43 ",LL000033412
Department of Health,NHS Lincolnshire East CCG,5/31/2018,C&M-GMS QOF Aspiration,PRC DELEGATED CO-COMMISSIONING,WOODHALL SPA NEW SURGERY,22179843,"6,609.95 ",LL000033412
Department of Health,NHS Lincolnshire East CCG,,,,,22179843,"83,175.25 ",
Department of Health,NHS Lincolnshire East CCG,5/31/2018,C&M-GMS Global Sum,PRC DELEGATED CO-COMMISSIONING,WESTSIDE SURGERY,22179845,"67,931.06 ",LL000033414
Department of Health,NHS Lincolnshire East CCG,5/31/2018,C&M-GMS Prem Rates,PRC DELEGATED CO-COMMISSIONING,WESTSIDE SURGERY,22179845,"7,897.89 ",LL000033414
Department of Health,NHS Lincolnshire East CCG,5/31/2018,C&M-GMS QOF Aspiration,PRC DELEGATED CO-COMMISSIONING,WESTSIDE SURGERY,22179845,"7,903.25 ",LL000033414
Department of Health,NHS Lincolnshire East CCG,,,,,22179845,"83,732.20 ",
Department of Health,NHS Lincolnshire East CCG,5/31/2018,C&M-GMS DES Learn Dsblty Hlth Chk,PRC DELEGATED CO-COMMISSIONING,STICKNEY SURGERY,22179902,560.00 ,LL000033392
Department of Health,NHS Lincolnshire East CCG,5/31/2018,C&M-GMS Dispensing Quality Sch,PRC DELEGATED CO-COMMISSIONING,STICKNEY SURGERY,22179902,"13,485.66 ",LL000033392
Department of Health,NHS Lincolnshire East CCG,5/31/2018,C&M-GMS Global Sum,PRC DELEGATED CO-COMMISSIONING,STICKNEY SURGERY,22179902,"47,403.92 ",LL000033392
Department of Health,NHS Lincolnshire East CCG,5/31/2018,C&M-GMS Prem Rates,PRC DELEGATED CO-COMMISSIONING,STICKNEY SURGERY,22179902,"15,894.24 ",LL000033392
Department of Health,NHS Lincolnshire East CCG,5/31/2018,C&M-GMS QOF Aspiration,PRC DELEGATED CO-COMMISSIONING,STICKNEY SURGERY,22179902,"4,777.09 ",LL000033392
Department of Health,NHS Lincolnshire East CCG,,,,,22179902,"82,120.91 ",
Department of Health,NHS Lincolnshire East CCG,5/31/2018,Hcare Srv Rec NHS Trust-Prior Year,URGENT CARE,LINCS COMMUNITY HEALTH SERVICES NHS TRUST,22183836,"171,445.00 ",4000038765
Department of Health,NHS Lincolnshire East CCG,,,,,22183836,"171,445.00 ",
Department of Health,NHS Lincolnshire East CCG,5/31/2018,Hcare Srv Rec Fdtn Trust-Prior Year,NCAS/OATS,NEWCASTLE UPON TYNE HOSPITALS NHS FOUNDATION TRUST,22183902,"49,873.00 ",R0298413
Department of Health,NHS Lincolnshire East CCG,,,,,22183902,"49,873.00 ",
Department of Health,NHS Lincolnshire East CCG,5/31/2018,Hcare Srv Rec NHS Trust-CQUIN,COMMUNITY SERVICES,LINCS COMMUNITY HEALTH SERVICES NHS TRUST,22183916,"31,563.37 ",4000038782
Department of Health,NHS Lincolnshire East CCG,5/31/2018,Hcare Srv Rec NHS Trust-Contract Baseline,COMMUNITY SERVICES,LINCS COMMUNITY HEALTH SERVICES NHS TRUST,22183916,"2,575,075.81 ",4000038782
Department of Health,NHS Lincolnshire East CCG,,,,,22183916,"2,606,639.18 ",
Department of Health,NHS Lincolnshire East CCG,5/31/2018,Charges from CSU,CONTINUING HEALTHCARE ASSESSMENT & SUPPORT,NHS ARDEN AND GEM CSU,22191971,"53,530.67 ",7312610722
Department of Health,NHS Lincolnshire East CCG,5/31/2018,Charges from CSU,CONTRACT MANAGEMENT,NHS ARDEN AND GEM CSU,22191971,"28,499.41 ",7312610722
Department of Health,NHS Lincolnshire East CCG,5/31/2018,Charges from CSU,HUMAN RESOURCES,NHS ARDEN AND GEM CSU,22191971,"7,041.00 ",7312610722
Department of Health,NHS Lincolnshire East CCG,5/31/2018,Charges from CSU,IM&T,NHS ARDEN AND GEM CSU,22191971,"63,728.00 ",7312610722
Department of Health,NHS Lincolnshire East CCG,5/31/2018,Charges from CSU,PROCUREMENT,NHS ARDEN AND GEM CSU,22191971,"8,436.00 ",7312610722
Department of Health,NHS Lincolnshire East CCG,,,,,22191971,"161,235.08 ",
Department of Health,NHS Lincolnshire East CCG,5/31/2018,C&M-GMS DES Learn Dsblty Hlth Chk,PRC DELEGATED CO-COMMISSIONING,DR MITCHELL & PARTNERS,22196176,140.00 ,LL000033388
Department of Health,NHS Lincolnshire East CCG,5/31/2018,C&M-GMS Dispensing Quality Sch,PRC DELEGATED CO-COMMISSIONING,DR MITCHELL & PARTNERS,22196176,"8,911.32 ",LL000033388
Department of Health,NHS Lincolnshire East CCG,5/31/2018,C&M-GMS Global Sum,PRC DELEGATED CO-COMMISSIONING,DR MITCHELL & PARTNERS,22196176,"30,208.38 ",LL000033388
Department of Health,NHS Lincolnshire East CCG,5/31/2018,C&M-GMS Prem Notional Rent,PRC DELEGATED CO-COMMISSIONING,DR MITCHELL & PARTNERS,22196176,"3,333.33 ",LL000033388
Department of Health,NHS Lincolnshire East CCG,5/31/2018,C&M-GMS QOF Aspiration,PRC DELEGATED CO-COMMISSIONING,DR MITCHELL & PARTNERS,22196176,"3,504.07 ",LL000033388
Department of Health,NHS Lincolnshire East CCG,5/31/2018,ME - GMS GP Prior Year ERs,PRC DELEGATED CO-COMMISSIONING,DR MITCHELL & PARTNERS,22196176,"2,516.49 ",LL000033388
Department of Health,NHS Lincolnshire East CCG,5/31/2018,ME-GMS GP Prior Year EEs,PRC DELEGATED CO-COMMISSIONING,DR MITCHELL & PARTNERS,22196176,"2,187.51 ",LL000033388
Department of Health,NHS Lincolnshire East CCG,,,,,22196176,"50,801.10 ",
Department of Health,NHS Lincolnshire East CCG,5/31/2018,Hcare Srv Rec Fdtn Trust-CQUIN,ACUTE COMMISSIONING,NORTH WEST ANGLIA NHS FOUNDATION TRUST,22207991,"1,288.58 ",17439543
Department of Health,NHS Lincolnshire East CCG,5/31/2018,Hcare Srv Rec Fdtn Trust-Contract Baseline,ACUTE COMMISSIONING,NORTH WEST ANGLIA NHS FOUNDATION TRUST,22207991,"114,746.83 ",17439543
Department of Health,NHS Lincolnshire East CCG,,,,,22207991,"116,035.41 ",
Department of Health,NHS Lincolnshire East CCG,5/31/2018,Hcare Srv Rec Fdtn Trust-CQUIN,ACUTE COMMISSIONING,QUEEN ELIZABETH HOSPITAL KINGS LYNN NHS FOUNDATION TRUST,22213383,"1,799.42 ",900774
Department of Health,NHS Lincolnshire East CCG,5/31/2018,Hcare Srv Rec Fdtn Trust-Contract Baseline,ACUTE COMMISSIONING,QUEEN ELIZABETH HOSPITAL KINGS LYNN NHS FOUNDATION TRUST,22213383,"80,516.58 ",900774
Department of Health,NHS Lincolnshire East CCG,,,,,22213383,"82,316.00 ",
Department of Health,NHS Lincolnshire East CCG,5/31/2018,Hcare Srv Rec NHS Trust-CQUIN,ACUTE COMMISSIONING,UNIVERSITY HOSPITALS OF LEICESTER NHS TRUST,22213384,"1,899.46 ",L0207321
Department of Health,NHS Lincolnshire East CCG,5/31/2018,Hcare Srv Rec NHS Trust-Contract Baseline,ACUTE COMMISSIONING,UNIVERSITY HOSPITALS OF LEICESTER NHS TRUST,22213384,"157,136.54 ",L0207321
Department of Health,NHS Lincolnshire East CCG,,,,,22213384,"159,036.00 ",
Department of Health,NHS Lincolnshire East CCG,5/31/2018,Hcare Srv Rec NHS Trust-CQUIN,ACUTE COMMISSIONING,NOTTINGHAM UNIVERSITY HOSPITALS NHS TRUST,22213386,"7,228.00 ",2000092649
Department of Health,NHS Lincolnshire East CCG,5/31/2018,Hcare Srv Rec NHS Trust-Contract Baseline,ACUTE COMMISSIONING,NOTTINGHAM UNIVERSITY HOSPITALS NHS TRUST,22213386,"325,169.00 ",2000092649
Department of Health,NHS Lincolnshire East CCG,,,,,22213386,"332,397.00 ",
Department of Health,NHS Lincolnshire East CCG,5/31/2018,Hcare Srv Rec NHS Trust-Prior Year,COMMUNITY SERVICES,LINCS COMMUNITY HEALTH SERVICES NHS TRUST,22256528,"26,489.19 ",4000038255
Department of Health,NHS Lincolnshire East CCG,,,,,22256528,"26,489.19 ",
Department of Health,NHS Lincolnshire East CCG,5/31/2018,Hcare Srv Rec NHS Trust-Prior Year,COMMUNITY SERVICES,LINCS COMMUNITY HEALTH SERVICES NHS TRUST,22256572,"(86,284.10)",4440001840
Department of Health,NHS Lincolnshire East CCG,,,,,22256572,"(86,284.10)",
Department of Health,NHS Lincolnshire East CCG,5/31/2018,Hcare Srv Rec Fdtn Trust-Prior Year,MENTAL HEALTH CONTRACTS,LINCOLNSHIRE PARTNERSHIP NHS FOUNDATION TRUST,22256721,"51,700.00 ",2000017781
Department of Health,NHS Lincolnshire East CCG,,,,,22256721,"51,700.00 ",
Department of Health,NHS Lincolnshire East CCG,5/31/2018,Clinical&Medical-Independent Sector,ACUTE COMMISSIONING,ONEHEALTH GROUP,22284857,"33,454.51 ",1593
Department of Health,NHS Lincolnshire East CCG,,,,,22284857,"33,454.51 ",
Department of Health,NHS Lincolnshire East CCG,5/31/2018,C&M-GMS Cost of Drugs -Dispensing,LOCAL ENHANCED SERVICES,DR AI BELL & PARTNERS,22293049,"(29,641.30)",LL000033613
Department of Health,NHS Lincolnshire East CCG,5/31/2018,C&M-GMS PrscChrgsCll&RmttdbyGPCntra,PRC DELEGATED CO-COMMISSIONING,DR AI BELL & PARTNERS,22293049,"(1,642.60)",LL000033613
Department of Health,NHS Lincolnshire East CCG,,,,,22293049,"(31,283.90)",
Department of Health,NHS Lincolnshire East CCG,5/31/2018,C&M-GMS Cost of Drugs -Dispensing,LOCAL ENHANCED SERVICES,DR AI BELL & PARTNERS,22293051,"55,435.85 ",LL000033614
Department of Health,NHS Lincolnshire East CCG,5/31/2018,C&M-GMS Prof Fees Dispensing,PRC DELEGATED CO-COMMISSIONING,DR AI BELL & PARTNERS,22293051,"9,639.72 ",LL000033614
Department of Health,NHS Lincolnshire East CCG,5/31/2018,C&M-GMS PrscrptnChrgsColl&RmttdbyGP,LOCAL ENHANCED SERVICES,DR AI BELL & PARTNERS,22293051,"1,642.60 ",LL000033614
Department of Health,NHS Lincolnshire East CCG,,,,,22293051,"66,718.17 ",
Department of Health,NHS Lincolnshire East CCG,5/31/2018,C&M-GMS Cost of Drugs -Dispensing,LOCAL ENHANCED SERVICES,DR BACKHOUSE,22293053,"(24,591.69)",LL000033615
Department of Health,NHS Lincolnshire East CCG,5/31/2018,C&M-GMS PrscChrgsCll&RmttdbyGPCntra,PRC DELEGATED CO-COMMISSIONING,DR BACKHOUSE,22293053,"(1,505.00)",LL000033615
Department of Health,NHS Lincolnshire East CCG,,,,,22293053,"(26,096.69)",
Department of Health,NHS Lincolnshire East CCG,5/31/2018,C&M-GMS Cost of Drugs -Dispensing,LOCAL ENHANCED SERVICES,DR BACKHOUSE,22293054,"51,497.66 ",LL000033616
Department of Health,NHS Lincolnshire East CCG,5/31/2018,C&M-GMS Prof Fees Dispensing,PRC DELEGATED CO-COMMISSIONING,DR BACKHOUSE,22293054,"7,500.02 ",LL000033616
Department of Health,NHS Lincolnshire East CCG,5/31/2018,C&M-GMS PrscrptnChrgsColl&RmttdbyGP,LOCAL ENHANCED SERVICES,DR BACKHOUSE,22293054,"1,505.00 ",LL000033616
Department of Health,NHS Lincolnshire East CCG,,,,,22293054,"60,502.68 ",
Department of Health,NHS Lincolnshire East CCG,5/31/2018,C&M-GMS Cost of Drugs -Dispensing,LOCAL ENHANCED SERVICES,DR BULL & PARTNERS,22293055,"(98,867.52)",LL000033617
Department of Health,NHS Lincolnshire East CCG,5/31/2018,C&M-GMS PrscChrgsCll&RmttdbyGPCntra,PRC DELEGATED CO-COMMISSIONING,DR BULL & PARTNERS,22293055,"(3,096.00)",LL000033617
Department of Health,NHS Lincolnshire East CCG,,,,,22293055,"(101,963.52)",
Department of Health,NHS Lincolnshire East CCG,5/31/2018,C&M-GMS Cost of Drugs -Dispensing,LOCAL ENHANCED SERVICES,DR BULL & PARTNERS,22293056,"193,185.73 ",LL000033618
Department of Health,NHS Lincolnshire East CCG,5/31/2018,C&M-GMS Prof Fees Dispensing,PRC DELEGATED CO-COMMISSIONING,DR BULL & PARTNERS,22293056,"30,607.62 ",LL000033618
Department of Health,NHS Lincolnshire East CCG,5/31/2018,C&M-GMS PrscrptnChrgsColl&RmttdbyGP,LOCAL ENHANCED SERVICES,DR BULL & PARTNERS,22293056,"3,096.00 ",LL000033618
Department of Health,NHS Lincolnshire East CCG,,,,,22293056,"226,889.35 ",
Department of Health,NHS Lincolnshire East CCG,5/31/2018,C&M-GMS Cost of Drugs -Dispensing,LOCAL ENHANCED SERVICES,DR DWYER & PARTNERS,22293058,"(62,286.72)",LL000033620
Department of Health,NHS Lincolnshire East CCG,5/31/2018,C&M-GMS PrscChrgsCll&RmttdbyGPCntra,PRC DELEGATED CO-COMMISSIONING,DR DWYER & PARTNERS,22293058,"(2,150.00)",LL000033620
Department of Health,NHS Lincolnshire East CCG,,,,,22293058,"(64,436.72)",
Department of Health,NHS Lincolnshire East CCG,5/31/2018,C&M-GMS Cost of Drugs -Dispensing,LOCAL ENHANCED SERVICES,DR DWYER & PARTNERS,22293059,"105,992.93 ",LL000033621
Department of Health,NHS Lincolnshire East CCG,5/31/2018,C&M-GMS Prof Fees Dispensing,PRC DELEGATED CO-COMMISSIONING,DR DWYER & PARTNERS,22293059,"27,171.92 ",LL000033621
Department of Health,NHS Lincolnshire East CCG,5/31/2018,C&M-GMS PrscrptnChrgsColl&RmttdbyGP,LOCAL ENHANCED SERVICES,DR DWYER & PARTNERS,22293059,"2,150.00 ",LL000033621
Department of Health,NHS Lincolnshire East CCG,,,,,22293059,"135,314.85 ",
Department of Health,NHS Lincolnshire East CCG,5/31/2018,C&M-GMS Cost of Drugs -Dispensing,LOCAL ENHANCED SERVICES,DR KELLY & PARTNERS,22293062,"(41,320.58)",LL000033624
Department of Health,NHS Lincolnshire East CCG,5/31/2018,C&M-GMS PrscChrgsCll&RmttdbyGPCntra,PRC DELEGATED CO-COMMISSIONING,DR KELLY & PARTNERS,22293062,"(1,780.00)",LL000033624
Department of Health,NHS Lincolnshire East CCG,,,,,22293062,"(43,100.58)",
Department of Health,NHS Lincolnshire East CCG,5/31/2018,C&M-GMS Cost of Drugs -Dispensing,LOCAL ENHANCED SERVICES,DR KELLY & PARTNERS,22293063,"91,386.36 ",LL000033625
Department of Health,NHS Lincolnshire East CCG,5/31/2018,C&M-GMS Prof Fees Dispensing,PRC DELEGATED CO-COMMISSIONING,DR KELLY & PARTNERS,22293063,"15,612.70 ",LL000033625
Department of Health,NHS Lincolnshire East CCG,5/31/2018,C&M-GMS PrscrptnChrgsColl&RmttdbyGP,LOCAL ENHANCED SERVICES,DR KELLY & PARTNERS,22293063,"1,780.00 ",LL000033625
Department of Health,NHS Lincolnshire East CCG,,,,,22293063,"108,779.06 ",
Department of Health,NHS Lincolnshire East CCG,5/31/2018,C&M-GMS Cost of Drugs -Dispensing,LOCAL ENHANCED SERVICES,DR MEIWALD & PARTNERS,22293064,"(36,061.25)",LL000033626
Department of Health,NHS Lincolnshire East CCG,5/31/2018,C&M-GMS PrscChrgsCll&RmttdbyGPCntra,PRC DELEGATED CO-COMMISSIONING,DR MEIWALD & PARTNERS,22293064,(963.20),LL000033626
Department of Health,NHS Lincolnshire East CCG,,,,,22293064,"(37,024.45)",
Department of Health,NHS Lincolnshire East CCG,5/31/2018,C&M-GMS Cost of Drugs -Dispensing,LOCAL ENHANCED SERVICES,DR MEIWALD & PARTNERS,22293065,"62,936.39 ",LL000033627
Department of Health,NHS Lincolnshire East CCG,5/31/2018,C&M-GMS Prof Fees Dispensing,PRC DELEGATED CO-COMMISSIONING,DR MEIWALD & PARTNERS,22293065,"12,438.23 ",LL000033627
Department of Health,NHS Lincolnshire East CCG,5/31/2018,C&M-GMS PrscrptnChrgsColl&RmttdbyGP,LOCAL ENHANCED SERVICES,DR MEIWALD & PARTNERS,22293065,963.20 ,LL000033627
Department of Health,NHS Lincolnshire East CCG,,,,,22293065,"76,337.82 ",
Department of Health,NHS Lincolnshire East CCG,5/31/2018,C&M-GMS Cost of Drugs -Dispensing,LOCAL ENHANCED SERVICES,DR MASSEY & PARTNERS,22293066,"(62,498.80)",LL000033628
Department of Health,NHS Lincolnshire East CCG,5/31/2018,C&M-GMS PrscChrgsCll&RmttdbyGPCntra,PRC DELEGATED CO-COMMISSIONING,DR MASSEY & PARTNERS,22293066,"(3,612.00)",LL000033628
Department of Health,NHS Lincolnshire East CCG,,,,,22293066,"(66,110.80)",
Department of Health,NHS Lincolnshire East CCG,5/31/2018,C&M-GMS Cost of Drugs -Dispensing,LOCAL ENHANCED SERVICES,DR MASSEY & PARTNERS,22293067,"128,683.32 ",LL000033629
Department of Health,NHS Lincolnshire East CCG,5/31/2018,C&M-GMS Prof Fees Dispensing,PRC DELEGATED CO-COMMISSIONING,DR MASSEY & PARTNERS,22293067,"22,225.75 ",LL000033629
Department of Health,NHS Lincolnshire East CCG,5/31/2018,C&M-GMS PrscrptnChrgsColl&RmttdbyGP,LOCAL ENHANCED SERVICES,DR MASSEY & PARTNERS,22293067,"3,612.00 ",LL000033629
Department of Health,NHS Lincolnshire East CCG,,,,,22293067,"154,521.07 ",
Department of Health,NHS Lincolnshire East CCG,5/31/2018,C&M-GMS Cost of Drugs -Dispensing,LOCAL ENHANCED SERVICES,DR PARKER & PARTNERS LOUTH,22293069,"(91,385.08)",LL000033631
Department of Health,NHS Lincolnshire East CCG,5/31/2018,C&M-GMS PrscChrgsCll&RmttdbyGPCntra,PRC DELEGATED CO-COMMISSIONING,DR PARKER & PARTNERS LOUTH,22293069,"(3,569.00)",LL000033631
Department of Health,NHS Lincolnshire East CCG,,,,,22293069,"(94,954.08)",
Department of Health,NHS Lincolnshire East CCG,5/31/2018,C&M-GMS Cost of Drugs -Dispensing,LOCAL ENHANCED SERVICES,DR PARKER & PARTNERS LOUTH,22293070,"182,918.04 ",LL000033632
Department of Health,NHS Lincolnshire East CCG,5/31/2018,C&M-GMS Prof Fees Dispensing,PRC DELEGATED CO-COMMISSIONING,DR PARKER & PARTNERS LOUTH,22293070,"31,360.92 ",LL000033632
Department of Health,NHS Lincolnshire East CCG,5/31/2018,C&M-GMS PrscrptnChrgsColl&RmttdbyGP,LOCAL ENHANCED SERVICES,DR PARKER & PARTNERS LOUTH,22293070,"3,569.00 ",LL000033632
Department of Health,NHS Lincolnshire East CCG,,,,,22293070,"217,847.96 ",
Department of Health,NHS Lincolnshire East CCG,5/31/2018,C&M-GMS Cost of Drugs -Dispensing,LOCAL ENHANCED SERVICES,DR O KELLY & PARTNERS,22293071,"(56,317.40)",LL000033633
Department of Health,NHS Lincolnshire East CCG,5/31/2018,C&M-GMS PrscChrgsCll&RmttdbyGPCntra,PRC DELEGATED CO-COMMISSIONING,DR O KELLY & PARTNERS,22293071,"(1,728.40)",LL000033633
Department of Health,NHS Lincolnshire East CCG,,,,,22293071,"(58,045.80)",
Department of Health,NHS Lincolnshire East CCG,5/31/2018,C&M-GMS Cost of Drugs -Dispensing,LOCAL ENHANCED SERVICES,DR O KELLY & PARTNERS,22293072,"117,539.85 ",LL000033634
Department of Health,NHS Lincolnshire East CCG,5/31/2018,C&M-GMS Prof Fees Dispensing,PRC DELEGATED CO-COMMISSIONING,DR O KELLY & PARTNERS,22293072,"19,981.73 ",LL000033634
Department of Health,NHS Lincolnshire East CCG,5/31/2018,C&M-GMS PrscrptnChrgsColl&RmttdbyGP,LOCAL ENHANCED SERVICES,DR O KELLY & PARTNERS,22293072,"1,728.40 ",LL000033634
Department of Health,NHS Lincolnshire East CCG,,,,,22293072,"139,249.98 ",
Department of Health,NHS Lincolnshire East CCG,5/31/2018,C&M-GMS Cost of Drugs -Dispensing,LOCAL ENHANCED SERVICES,DR MITCHELL & PARTNERS,22293073,"(58,509.84)",LL000033635
Department of Health,NHS Lincolnshire East CCG,5/31/2018,C&M-GMS PrscChrgsCll&RmttdbyGPCntra,PRC DELEGATED CO-COMMISSIONING,DR MITCHELL & PARTNERS,22293073,"(1,909.00)",LL000033635
Department of Health,NHS Lincolnshire East CCG,,,,,22293073,"(60,418.84)",
Department of Health,NHS Lincolnshire East CCG,5/31/2018,C&M-GMS Cost of Drugs -Dispensing,LOCAL ENHANCED SERVICES,DR MITCHELL & PARTNERS,22293074,"102,154.20 ",LL000033636
Department of Health,NHS Lincolnshire East CCG,5/31/2018,C&M-GMS Prof Fees Dispensing,PRC DELEGATED CO-COMMISSIONING,DR MITCHELL & PARTNERS,22293074,"19,032.77 ",LL000033636
Department of Health,NHS Lincolnshire East CCG,5/31/2018,C&M-GMS PrscrptnChrgsColl&RmttdbyGP,LOCAL ENHANCED SERVICES,DR MITCHELL & PARTNERS,22293074,"1,909.00 ",LL000033636
Department of Health,NHS Lincolnshire East CCG,,,,,22293074,"123,095.97 ",
Department of Health,NHS Lincolnshire East CCG,5/31/2018,C&M-GMS Cost of Drugs -Dispensing,LOCAL ENHANCED SERVICES,DR RAMON & PARTNERS,22293075,"(42,418.57)",LL000033637
Department of Health,NHS Lincolnshire East CCG,5/31/2018,C&M-GMS PrscChrgsCll&RmttdbyGPCntra,PRC DELEGATED CO-COMMISSIONING,DR RAMON & PARTNERS,22293075,"(1,350.20)",LL000033637
Department of Health,NHS Lincolnshire East CCG,,,,,22293075,"(43,768.77)",
Department of Health,NHS Lincolnshire East CCG,5/31/2018,C&M-GMS Cost of Drugs -Dispensing,LOCAL ENHANCED SERVICES,DR RAMON & PARTNERS,22293076,"96,759.46 ",LL000033638
Department of Health,NHS Lincolnshire East CCG,5/31/2018,C&M-GMS Prof Fees Dispensing,PRC DELEGATED CO-COMMISSIONING,DR RAMON & PARTNERS,22293076,"13,756.52 ",LL000033638
Department of Health,NHS Lincolnshire East CCG,5/31/2018,C&M-GMS PrscrptnChrgsColl&RmttdbyGP,LOCAL ENHANCED SERVICES,DR RAMON & PARTNERS,22293076,"1,350.20 ",LL000033638
Department of Health,NHS Lincolnshire East CCG,,,,,22293076,"111,866.18 ",
Department of Health,NHS Lincolnshire East CCG,5/31/2018,C&M-GMS Cost of Drugs -Dispensing,LOCAL ENHANCED SERVICES,DR ROGERS & PARTNERS,22293078,"47,916.43 ",LL000033642
Department of Health,NHS Lincolnshire East CCG,5/31/2018,C&M-GMS Prof Fees Dispensing,PRC DELEGATED CO-COMMISSIONING,DR ROGERS & PARTNERS,22293078,"7,910.56 ",LL000033642
Department of Health,NHS Lincolnshire East CCG,5/31/2018,C&M-GMS PrscrptnChrgsColl&RmttdbyGP,LOCAL ENHANCED SERVICES,DR ROGERS & PARTNERS,22293078,584.60 ,LL000033642
Department of Health,NHS Lincolnshire East CCG,,,,,22293078,"56,411.59 ",
Department of Health,NHS Lincolnshire East CCG,5/31/2018,C&M-GMS Cost of Drugs -Dispensing,LOCAL ENHANCED SERVICES,DR SR BAXTER & PARTNERS,22293081,"50,622.56 ",LL000033645
Department of Health,NHS Lincolnshire East CCG,5/31/2018,C&M-GMS Prof Fees Dispensing,PRC DELEGATED CO-COMMISSIONING,DR SR BAXTER & PARTNERS,22293081,"8,757.19 ",LL000033645
Department of Health,NHS Lincolnshire East CCG,5/31/2018,C&M-GMS PrscrptnChrgsColl&RmttdbyGP,LOCAL ENHANCED SERVICES,DR SR BAXTER & PARTNERS,22293081,490.20 ,LL000033645
Department of Health,NHS Lincolnshire East CCG,,,,,22293081,"59,869.95 ",
Department of Health,NHS Lincolnshire East CCG,5/31/2018,C&M-GMS Cost of Drugs -Dispensing,LOCAL ENHANCED SERVICES,DR WOOLLARD & PARTNERS,22293082,"(40,102.10)",LL000033646
Department of Health,NHS Lincolnshire East CCG,5/31/2018,C&M-GMS PrscChrgsCll&RmttdbyGPCntra,PRC DELEGATED CO-COMMISSIONING,DR WOOLLARD & PARTNERS,22293082,"(1,771.60)",LL000033646
Department of Health,NHS Lincolnshire East CCG,,,,,22293082,"(41,873.70)",
Department of Health,NHS Lincolnshire East CCG,5/31/2018,C&M-GMS Cost of Drugs -Dispensing,LOCAL ENHANCED SERVICES,DR WOOLLARD & PARTNERS,22293083,"76,851.97 ",LL000033647
Department of Health,NHS Lincolnshire East CCG,5/31/2018,C&M-GMS Prof Fees Dispensing,PRC DELEGATED CO-COMMISSIONING,DR WOOLLARD & PARTNERS,22293083,"13,218.21 ",LL000033647
Department of Health,NHS Lincolnshire East CCG,5/31/2018,C&M-GMS PrscrptnChrgsColl&RmttdbyGP,LOCAL ENHANCED SERVICES,DR WOOLLARD & PARTNERS,22293083,"1,771.60 ",LL000033647
Department of Health,NHS Lincolnshire East CCG,,,,,22293083,"91,841.78 ",
Department of Health,NHS Lincolnshire East CCG,5/31/2018,C&M-GMS Cost of Drugs -Dispensing,LOCAL ENHANCED SERVICES,DR T WATKINS & PARTNERS,22293084,"(37,711.92)",LL000033648
Department of Health,NHS Lincolnshire East CCG,5/31/2018,C&M-GMS PrscChrgsCll&RmttdbyGPCntra,PRC DELEGATED CO-COMMISSIONING,DR T WATKINS & PARTNERS,22293084,"(1,444.80)",LL000033648
Department of Health,NHS Lincolnshire East CCG,,,,,22293084,"(39,156.72)",
Department of Health,NHS Lincolnshire East CCG,5/31/2018,C&M-GMS Cost of Drugs -Dispensing,LOCAL ENHANCED SERVICES,DR T WATKINS & PARTNERS,22293085,"65,612.10 ",LL000033649
Department of Health,NHS Lincolnshire East CCG,5/31/2018,C&M-GMS Prof Fees Dispensing,PRC DELEGATED CO-COMMISSIONING,DR T WATKINS & PARTNERS,22293085,"10,070.00 ",LL000033649
Department of Health,NHS Lincolnshire East CCG,5/31/2018,C&M-GMS PrscrptnChrgsColl&RmttdbyGP,LOCAL ENHANCED SERVICES,DR T WATKINS & PARTNERS,22293085,"1,444.80 ",LL000033649
Department of Health,NHS Lincolnshire East CCG,,,,,22293085,"77,126.90 ",
Department of Health,NHS Lincolnshire East CCG,5/31/2018,C&M-GMS Cost of Drugs -Dispensing,LOCAL ENHANCED SERVICES,DR TELFER & PARTNERS,22293086,"(60,008.60)",LL000033650
Department of Health,NHS Lincolnshire East CCG,5/31/2018,C&M-GMS PrscChrgsCll&RmttdbyGPCntra,PRC DELEGATED CO-COMMISSIONING,DR TELFER & PARTNERS,22293086,"(2,210.20)",LL000033650
Department of Health,NHS Lincolnshire East CCG,,,,,22293086,"(62,218.80)",
Department of Health,NHS Lincolnshire East CCG,5/31/2018,C&M-GMS Cost of Drugs -Dispensing,LOCAL ENHANCED SERVICES,DR TELFER & PARTNERS,22293087,"118,173.13 ",LL000033651
Department of Health,NHS Lincolnshire East CCG,5/31/2018,C&M-GMS Prof Fees Dispensing,PRC DELEGATED CO-COMMISSIONING,DR TELFER & PARTNERS,22293087,"21,783.89 ",LL000033651
Department of Health,NHS Lincolnshire East CCG,5/31/2018,C&M-GMS PrscrptnChrgsColl&RmttdbyGP,LOCAL ENHANCED SERVICES,DR TELFER & PARTNERS,22293087,"2,210.20 ",LL000033651
Department of Health,NHS Lincolnshire East CCG,,,,,22293087,"142,167.22 ",
Department of Health,NHS Lincolnshire East CCG,5/31/2018,C&M-GMS Cost of Drugs -Dispensing,LOCAL ENHANCED SERVICES,KIRTON MEDICAL CENTRE,22293089,"28,768.40 ",LL000033653
Department of Health,NHS Lincolnshire East CCG,5/31/2018,C&M-GMS Prof Fees Dispensing,PRC DELEGATED CO-COMMISSIONING,KIRTON MEDICAL CENTRE,22293089,"3,961.80 ",LL000033653
Department of Health,NHS Lincolnshire East CCG,5/31/2018,C&M-GMS PrscrptnChrgsColl&RmttdbyGP,LOCAL ENHANCED SERVICES,KIRTON MEDICAL CENTRE,22293089,860.00 ,LL000033653
Department of Health,NHS Lincolnshire East CCG,,,,,22293089,"33,590.20 ",
Department of Health,NHS Lincolnshire East CCG,5/31/2018,C&M-GMS Cost of Drugs -Dispensing,LOCAL ENHANCED SERVICES,JAMES STREET FAMILY PRACTICE,22293090,"(26,845.44)",LL000033654
Department of Health,NHS Lincolnshire East CCG,5/31/2018,C&M-GMS PrscChrgsCll&RmttdbyGPCntra,PRC DELEGATED CO-COMMISSIONING,JAMES STREET FAMILY PRACTICE,22293090,(223.60),LL000033654
Department of Health,NHS Lincolnshire East CCG,,,,,22293090,"(27,069.04)",
Department of Health,NHS Lincolnshire East CCG,5/31/2018,C&M-GMS Cost of Drugs -Dispensing,LOCAL ENHANCED SERVICES,JAMES STREET FAMILY PRACTICE,22293091,"57,191.98 ",LL000033655
Department of Health,NHS Lincolnshire East CCG,5/31/2018,C&M-GMS Prof Fees Dispensing,PRC DELEGATED CO-COMMISSIONING,JAMES STREET FAMILY PRACTICE,22293091,"16,050.39 ",LL000033655
Department of Health,NHS Lincolnshire East CCG,5/31/2018,C&M-GMS PrscrptnChrgsColl&RmttdbyGP,LOCAL ENHANCED SERVICES,JAMES STREET FAMILY PRACTICE,22293091,223.60 ,LL000033655
Department of Health,NHS Lincolnshire East CCG,,,,,22293091,"73,465.97 ",
Department of Health,NHS Lincolnshire East CCG,5/31/2018,C&M-GMS Cost of Drugs -Dispensing,LOCAL ENHANCED SERVICES,TASBURGH LODGE SURGERY,22293093,"27,038.36 ",LL000033657
Department of Health,NHS Lincolnshire East CCG,5/31/2018,C&M-GMS Prof Fees Dispensing,PRC DELEGATED CO-COMMISSIONING,TASBURGH LODGE SURGERY,22293093,"5,342.40 ",LL000033657
Department of Health,NHS Lincolnshire East CCG,5/31/2018,C&M-GMS PrscrptnChrgsColl&RmttdbyGP,LOCAL ENHANCED SERVICES,TASBURGH LODGE SURGERY,22293093,378.40 ,LL000033657
Department of Health,NHS Lincolnshire East CCG,,,,,22293093,"32,759.16 ",
Department of Health,NHS Lincolnshire East CCG,5/31/2018,C&M-GMS Cost of Drugs -Dispensing,LOCAL ENHANCED SERVICES,WOODHALL SPA NEW SURGERY,22293094,"(56,216.86)",LL000033658
Department of Health,NHS Lincolnshire East CCG,5/31/2018,C&M-GMS PrscChrgsCll&RmttdbyGPCntra,PRC DELEGATED CO-COMMISSIONING,WOODHALL SPA NEW SURGERY,22293094,"(1,444.80)",LL000033658
Department of Health,NHS Lincolnshire East CCG,,,,,22293094,"(57,661.66)",
Department of Health,NHS Lincolnshire East CCG,5/31/2018,C&M-GMS Cost of Drugs -Dispensing,LOCAL ENHANCED SERVICES,WOODHALL SPA NEW SURGERY,22293095,"101,707.24 ",LL000033659
Department of Health,NHS Lincolnshire East CCG,5/31/2018,C&M-GMS Prof Fees Dispensing,PRC DELEGATED CO-COMMISSIONING,WOODHALL SPA NEW SURGERY,22293095,"17,003.33 ",LL000033659
Department of Health,NHS Lincolnshire East CCG,5/31/2018,C&M-GMS PrscrptnChrgsColl&RmttdbyGP,LOCAL ENHANCED SERVICES,WOODHALL SPA NEW SURGERY,22293095,"1,444.80 ",LL000033659
Department of Health,NHS Lincolnshire East CCG,,,,,22293095,"120,155.37 ",
Department of Health,NHS Lincolnshire East CCG,5/31/2018,C&M-GMS Cost of Drugs -Dispensing,LOCAL ENHANCED SERVICES,STICKNEY SURGERY,22295795,"(67,279.24)",LL000033639
Department of Health,NHS Lincolnshire East CCG,5/31/2018,C&M-GMS PrscChrgsCll&RmttdbyGPCntra,PRC DELEGATED CO-COMMISSIONING,STICKNEY SURGERY,22295795,"(3,035.80)",LL000033639
Department of Health,NHS Lincolnshire East CCG,,,,,22295795,"(70,315.04)",
Department of Health,NHS Lincolnshire East CCG,5/31/2018,C&M-GMS Cost of Drugs -Dispensing,LOCAL ENHANCED SERVICES,STICKNEY SURGERY,22295797,"135,147.45 ",LL000033640
Department of Health,NHS Lincolnshire East CCG,5/31/2018,C&M-GMS Prof Fees Dispensing,PRC DELEGATED CO-COMMISSIONING,STICKNEY SURGERY,22295797,"22,226.09 ",LL000033640
Department of Health,NHS Lincolnshire East CCG,5/31/2018,C&M-GMS PrscrptnChrgsColl&RmttdbyGP,LOCAL ENHANCED SERVICES,STICKNEY SURGERY,22295797,"3,035.80 ",LL000033640
Department of Health,NHS Lincolnshire East CCG,,,,,22295797,"160,409.34 ",
Department of Health,NHS Lincolnshire East CCG,5/31/2018,Clinical&Medical-Independent Sector - Prior Year,ACUTE COMMISSIONING,ONEHEALTH GROUP,22307765,"33,409.89 ",1552
Department of Health,NHS Lincolnshire East CCG,,,,,22307765,"33,409.89 ",
Department of Health,NHS Lincolnshire East CCG,5/31/2018,Clinical&Medical-Independent Sector,COMMUNITY SERVICES,CARE UK CLINICAL SERVICES LTD,22312840,"37,224.62 ",100068985
Department of Health,NHS Lincolnshire East CCG,,,,,22312840,"37,224.62 ",
Department of Health,NHS Lincolnshire East CCG,5/31/2018,Clinical&Medical-Independent Sector,COMMUNITY SERVICES,CARE UK CLINICAL SERVICES LTD,22312849,"38,630.64 ",100068982
Department of Health,NHS Lincolnshire East CCG,,,,,22312849,"38,630.64 ",
Department of Health,NHS Lincolnshire East CCG,5/31/2018,Clinical&Medical-Independent Sector,PALLIATIVE CARE,MARIE CURIE,22312886,"27,583.17 ",507215
Department of Health,NHS Lincolnshire East CCG,,,,,22312886,"27,583.17 ",
Department of Health,NHS Lincolnshire East CCG,5/31/2018,Clinical&Medical-Independent Sector,MENTAL HEALTH SERVICES - ADULTS,ELYSIUM HEALTHCARE LTD,22312977,"84,790.61 ",BRW00006
Department of Health,NHS Lincolnshire East CCG,,,,,22312977,"84,790.61 ",
Department of Health,NHS Lincolnshire East CCG,5/31/2018,Hcare Srv Rec NHS Trust-Prior Year,COMMUNITY SERVICES,LINCS COMMUNITY HEALTH SERVICES NHS TRUST,22334855,"121,335.00 ",4000038242
Department of Health,NHS Lincolnshire East CCG,,,,,22334855,"121,335.00 ",
Department of Health,NHS Lincolnshire East CCG,5/31/2018,Clinical&Medical-Commercial Sector,COMMUNITY SERVICES,LINCOLNSHIRE COUNTY COUNCIL,22334865,"175,085.00 ",10058996
Department of Health,NHS Lincolnshire East CCG,5/31/2018,Clinical&Medical-Othe Public Sector,CARERS,LINCOLNSHIRE COUNTY COUNCIL,22334865,"596,706.00 ",10058996
Department of Health,NHS Lincolnshire East CCG,5/31/2018,Clinical&Medical-Othe Public Sector,CHILD AND ADOLESCENT MENTAL HEALTH,LINCOLNSHIRE COUNTY COUNCIL,22334865,"380,446.00 ",10058996
Department of Health,NHS Lincolnshire East CCG,5/31/2018,Clinical&Medical-Othe Public Sector,LEARNING DIFFICULTIES,LINCOLNSHIRE COUNTY COUNCIL,22334865,"1,052,548.00 ",10058996
Department of Health,NHS Lincolnshire East CCG,,,,,22334865,"2,204,785.00 ",
Department of Health,NHS Lincolnshire East CCG,5/31/2018,Hcare Srv Rec Fdtn Trust-Prior Year,MENTAL HEALTH CONTRACTS,LINCOLNSHIRE PARTNERSHIP NHS FOUNDATION TRUST,22334897,"53,572.00 ",2000017786
Department of Health,NHS Lincolnshire East CCG,,,,,22334897,"53,572.00 ",
Department of Health,NHS Lincolnshire East CCG,5/31/2018,Charges from CSU,PRIMARY CARE IT,NHS ARDEN AND GEM CSU,22353325,"52,338.00 ",7312610084
Department of Health,NHS Lincolnshire East CCG,,,,,22353325,"52,338.00 ",
Department of Health,NHS Lincolnshire East CCG,5/31/2018,Clinical&Medical-Independent Sector - Prior Year,COMMUNITY SERVICES,CARE UK CLINICAL SERVICES LTD,22353365,"39,942.75 ",100066624
Department of Health,NHS Lincolnshire East CCG,,,,,22353365,"39,942.75 ",
Department of Health,NHS Lincolnshire East CCG,5/31/2018,Recharge : Received,COMMUNITY SERVICES,NHS LINCOLNSHIRE WEST CCG,22353384,"26,739.00 ",7017101067
Department of Health,NHS Lincolnshire East CCG,,,,,22353384,"26,739.00 ",
Department of Health,NHS Lincolnshire East CCG,5/31/2018,Clinical&Medical-Independent Sector,OUT OF HOURS,DHU 111 (EAST MIDLANDS) CIC,22353725,"48,075.49 ",SINV00625
Department of Health,NHS Lincolnshire East CCG,,,,,22353725,"48,075.49 ",
Department of Health,NHS Lincolnshire East CCG,5/31/2018,Charges from CSU,FINANCE,NHS ARDEN AND GEM CSU,22353776,"28,670.00 ",7312610829
Department of Health,NHS Lincolnshire East CCG,,,,,22353776,"28,670.00 ",
Department of Health,NHS Lincolnshire East CCG,5/31/2018,Hcare Srv Rec NHS Trust-CQUIN,ACUTE COMMISSIONING,UNITED LINCOLNSHIRE HOSPITALS NHS TRUST,22424329,"110,629.22 ",0000191887
Department of Health,NHS Lincolnshire East CCG,5/31/2018,Hcare Srv Rec NHS Trust-Contract Baseline,ACUTE COMMISSIONING,UNITED LINCOLNSHIRE HOSPITALS NHS TRUST,22424329,"9,284,849.34 ",0000191887
Department of Health,NHS Lincolnshire East CCG,,,,,22424329,"9,395,478.56 ",
Department of Health,NHS Lincolnshire East CCG,5/31/2018,Hcare Srv Rec Fdtn Trust-CQUIN,ACUTE COMMISSIONING,NORTHERN LINCOLNSHIRE AND GOOLE HOSPITALS NHS FOUNDATION TRUST,22424350,"27,946.00 ",2400019836
Department of Health,NHS Lincolnshire East CCG,5/31/2018,Hcare Srv Rec Fdtn Trust-Contract Baseline,ACUTE COMMISSIONING,NORTHERN LINCOLNSHIRE AND GOOLE HOSPITALS NHS FOUNDATION TRUST,22424350,"2,394,284.00 ",2400019836
Department of Health,NHS Lincolnshire East CCG,,,,,22424350,"2,422,230.00 ",
Department of Health,NHS Lincolnshire East CCG,5/31/2018,Hcare Srv Rec Fdtn Trust-CQUIN,ACUTE COMMISSIONING,CAMBRIDGE UNIVERSITY HOSPITALS NHS FOUNDATION TRUST,22424367,408.04 ,70022196
Department of Health,NHS Lincolnshire East CCG,5/31/2018,Hcare Srv Rec Fdtn Trust-Contract Baseline,ACUTE COMMISSIONING,CAMBRIDGE UNIVERSITY HOSPITALS NHS FOUNDATION TRUST,22424367,"34,583.33 ",70022196
Department of Health,NHS Lincolnshire East CCG,,,,,22424367,"34,991.37 ",
Department of Health,NHS Lincolnshire East CCG,5/31/2018,Cont Care-Physical Disab (<65),CHC AD FULL FUND PERS HLTH BUD,CLARISSA THACKER 03T,22445152,"28,649.48 ",103182-30-MAY-2018
Department of Health,NHS Lincolnshire East CCG,,,,,22445152,"28,649.48 ",
Department of Health,NHS Lincolnshire East CCG,5/31/2018,Hcare Srv Rec NHS Trust-Non Contract,COMMUNITY SERVICES,LINCS COMMUNITY HEALTH SERVICES NHS TRUST,22450318,"48,866.50 ",4000038829
Department of Health,NHS Lincolnshire East CCG,,,,,22450318,"48,866.50 ",
