A3131,,Expenditure Over Threshold,,,,,,
,,,,,,,,
,,,,,,,,
,,,,,,,,
,,,,,,,,
,,,,,,,,
RUN AT 24/04/2019 10:32:43,,,,,,,,
,,,,,,,,
Department family,Entity,Date,Expense Type,Expense area,Supplier,Transaction number,AP Amount (�),Purchase invoice number
Department of Health,NHS Lincolnshire East CCG,31/03/2019,Hcare Srv Rec NHS Trust-Non Contract,COMMUNITY SERVICES,LINCS COMMUNITY HEALTH SERVICES NHS TRUST,26220037,"85,656.46",4000043672
Department of Health,NHS Lincolnshire East CCG,31/03/2019,Charges from CSU,PRIMARY CARE IT,NHS ARDEN AND GEM CSU,26220046,"36,988.23",7312613082
Department of Health,NHS Lincolnshire East CCG,31/03/2019,Charges from CSU,ADMIN PROJECTS,NHS ARDEN AND GEM CSU,26220114,"37,880.42",7312613223
Department of Health,NHS Lincolnshire East CCG,31/03/2019,Hcare Srv Rec NHS Trust-Non Contract,NCAS/OATS,SURREY AND SUSSEX HEALTHCARE NHS TRUST,26220205,"35,139.89",11969654
Department of Health,NHS Lincolnshire East CCG,31/03/2019,Chrgs from SLA,MEDICINES MANAGEMENT - CLINICAL,OPTUM HEALTH SOLUTIONS (UK) LTD,26220247,"26,847.40",1107946
Department of Health,NHS Lincolnshire East CCG,31/03/2019,Clinical&Medical-Independent Sector,ACUTE COMMISSIONING,OPTUM HEALTH SOLUTIONS (UK) LTD,26220263,"38,859.53",1107947
Department of Health,NHS Lincolnshire East CCG,31/03/2019,Clinical&Medical-Independent Sector - Over/ Under Performance,ACUTE COMMISSIONING,ST HUGHS HOSPITAL,26220342,"70,382.92",JANXS2019
Department of Health,NHS Lincolnshire East CCG,31/03/2019,Hcare Srv Rec Fdtn Trust-Non Contract,NCAS/OATS,UNIVERSITY COLLEGE LONDON HOSPITALS NHS FOUNDATION TRUST,26274196,"31,172.00",5010189999
Department of Health,NHS Lincolnshire East CCG,31/03/2019,Clinical&Medical-Independent Sector,COMMUNITY SERVICES,DMC HEALTHCARE LTD,26274235,"26,092.00",106448
Department of Health,NHS Lincolnshire East CCG,31/03/2019,Clinical&Medical-Independent Sector - Over/ Under Performance,ACUTE COMMISSIONING,FITZWILLIAM HOSPITAL,26274259,"-46,043.52",OCTOBER18FW03TSC03
Department of Health,NHS Lincolnshire East CCG,31/03/2019,Clinical&Medical-Independent Sector - Over/ Under Performance,ACUTE COMMISSIONING,FITZWILLIAM HOSPITAL,26274264,"-33,374.52",SEPTEMBER18FW03TSC03
Department of Health,NHS Lincolnshire East CCG,31/03/2019,Clinical&Medical-Independent Sector - Over/ Under Performance,ACUTE COMMISSIONING,BOSTON WEST HOSPITAL,26274267,"-89,921.55",SEPTEMBER18BW03TSC03
Department of Health,NHS Lincolnshire East CCG,31/03/2019,Clinical&Medical-Independent Sector - Over/ Under Performance,ACUTE COMMISSIONING,FITZWILLIAM HOSPITAL,26274271,"-80,547.40",NOVEMBER18FW03TSC03
Department of Health,NHS Lincolnshire East CCG,31/03/2019,Hcare Srv Rec Fdtn Trust-Non Contract,NCAS/OATS,SHERWOOD FOREST HOSPITALS NHS FOUNDATION TRUST,26274274,"40,498.54",171952
Department of Health,NHS Lincolnshire East CCG,31/03/2019,Hcare Srv Rec Fdtn Trust-Non Contract,NCAS/OATS,UNIVERSITY COLLEGE LONDON HOSPITALS NHS FOUNDATION TRUST,26274280,"27,120.00",5010194217
Department of Health,NHS Lincolnshire East CCG,31/03/2019,Computer Network Costs,ADMIN PROJECTS,INSIGHT DIRECT (UK) LTD,26276991,"30,000.00",4272903
Department of Health,NHS Lincolnshire East CCG,31/03/2019,Computer Network Costs,ADMIN PROJECTS,INSIGHT DIRECT (UK) LTD,26276992,"30,000.00",4272910
Department of Health,NHS Lincolnshire East CCG,31/03/2019,Computer Network Costs,ADMIN PROJECTS,INSIGHT DIRECT (UK) LTD,26276993,"300,770.40",4272922
Department of Health,NHS Lincolnshire East CCG,31/03/2019,Computer Network Costs,ADMIN PROJECTS,INSIGHT DIRECT (UK) LTD,26276994,"192,343.20",4272916
Department of Health,NHS Lincolnshire East CCG,31/03/2019,Computer Network Costs,ADMIN PROJECTS,INSIGHT DIRECT (UK) LTD,26276995,"239,656.80",4272931
Department of Health,NHS Lincolnshire East CCG,31/03/2019,Computer Network Costs,ADMIN PROJECTS,INSIGHT DIRECT (UK) LTD,26276996,"184,229.60",4272912
Department of Health,NHS Lincolnshire East CCG,31/03/2019,Hcare Srv Rec Fdtn Trust-Contract Baseline,ACUTE COMMISSIONING,SHEFFIELD TEACHING HOSPITALS NHS FOUNDATION TRUST,26288613,"61,580.00",4000556011
Department of Health,NHS Lincolnshire East CCG,31/03/2019,Clinical&Medical-Independent Sector - Contract Baseline,ACUTE COMMISSIONING,BMI HEALTHCARE LTD,26288617,"33,558.13",104881
Department of Health,NHS Lincolnshire East CCG,31/03/2019,Hcare Srv Rec Fdtn Trust-CQUIN,ACUTE COMMISSIONING,UNIVERSITY HOSPITALS OF DERBY & BURTON NHS FOUNDATION TRUST,26288757,"1,563.00",800008900
Department of Health,NHS Lincolnshire East CCG,31/03/2019,Hcare Srv Rec Fdtn Trust-Contract Baseline,ACUTE COMMISSIONING,UNIVERSITY HOSPITALS OF DERBY & BURTON NHS FOUNDATION TRUST,26288757,"63,771.41",800008900
Department of Health,NHS Lincolnshire East CCG,31/03/2019,Clinical&Medical-Independent Sector - Contract Baseline,ACUTE COMMISSIONING,ORTHOPAEDICS & SPINE SPECIALIST HOSPITAL,26288774,"62,500.00",M12SLA71E
Department of Health,NHS Lincolnshire East CCG,31/03/2019,Hcare Srv Rec Fdtn Trust-CQUIN,ACUTE COMMISSIONING,NORTH WEST ANGLIA NHS FOUNDATION TRUST,26288803,"1,288.58",17445505
Department of Health,NHS Lincolnshire East CCG,31/03/2019,Hcare Srv Rec Fdtn Trust-Contract Baseline,ACUTE COMMISSIONING,NORTH WEST ANGLIA NHS FOUNDATION TRUST,26288803,"114,746.83",17445505
Department of Health,NHS Lincolnshire East CCG,31/03/2019,Hcare Srv Rec NHS Trust-CQUIN,AMBULANCE SERVICES,EAST MIDLANDS AMBULANCE SERVICE NHS TRUST,26289995,"9,709.00",11313535
Department of Health,NHS Lincolnshire East CCG,31/03/2019,Hcare Srv Rec NHS Trust-Contract Baseline,AMBULANCE SERVICES,EAST MIDLANDS AMBULANCE SERVICE NHS TRUST,26289995,"776,721.00",11313535
Department of Health,NHS Lincolnshire East CCG,31/03/2019,Clinical&Medical-Independent Sector - Contract Baseline,ACUTE COMMISSIONING,CARE UK CLINICAL SERVICES LTD,26290006,"53,217.33",100088782
Department of Health,NHS Lincolnshire East CCG,31/03/2019,Clinical&Medical-Independent Sector - Contract Baseline,ACUTE COMMISSIONING,FITZWILLIAM HOSPITAL,26290130,"238,788.75",MAR19FW03TSC01
Department of Health,NHS Lincolnshire East CCG,31/03/2019,Clinical&Medical-Independent Sector - Contract Baseline,ACUTE COMMISSIONING,BOSTON WEST HOSPITAL,26290167,"328,038.00",MAR1903TBWH01
Department of Health,NHS Lincolnshire East CCG,31/03/2019,Charges from CSU,CONTINUING HEALTHCARE ASSESSMENT & SUPPORT,NHS ARDEN AND GEM CSU,26290260,"56,380.75",7312613461
Department of Health,NHS Lincolnshire East CCG,31/03/2019,Charges from CSU,CONTRACT MANAGEMENT,NHS ARDEN AND GEM CSU,26290260,"29,436.08",7312613461
Department of Health,NHS Lincolnshire East CCG,31/03/2019,Charges from CSU,CORPORATE GOVERNANCE,NHS ARDEN AND GEM CSU,26290260,"1,100.00",7312613461
Department of Health,NHS Lincolnshire East CCG,31/03/2019,Charges from CSU,HUMAN RESOURCES,NHS ARDEN AND GEM CSU,26290260,"3,210.17",7312613461
Department of Health,NHS Lincolnshire East CCG,31/03/2019,Charges from CSU,IM&T,NHS ARDEN AND GEM CSU,26290260,"66,211.75",7312613461
Department of Health,NHS Lincolnshire East CCG,31/03/2019,Charges from CSU,PROCUREMENT,NHS ARDEN AND GEM CSU,26290260,"5,997.50",7312613461
Department of Health,NHS Lincolnshire East CCG,31/03/2019,Charges from CSU,PRIMARY CARE IT,NHS ARDEN AND GEM CSU,26290264,"52,338.00",7312613462
Department of Health,NHS Lincolnshire East CCG,31/03/2019,Hcare Srv Rec NHS Trust-CQUIN,ACUTE COMMISSIONING,NOTTINGHAM UNIVERSITY HOSPITALS NHS TRUST,26290291,"7,760.00",2000100165
Department of Health,NHS Lincolnshire East CCG,31/03/2019,Hcare Srv Rec NHS Trust-Contract Baseline,ACUTE COMMISSIONING,NOTTINGHAM UNIVERSITY HOSPITALS NHS TRUST,26290291,"324,637.00",2000100165
Department of Health,NHS Lincolnshire East CCG,31/03/2019,Clinical&Medical-Independent Sector - Contract Baseline,ACUTE COMMISSIONING,ST HUGHS HOSPITAL,26290388,"156,069.25",LINCOMAR2019
Department of Health,NHS Lincolnshire East CCG,31/03/2019,Hcare Srv Rec NHS Trust-Over/ Under Performance,ACUTE COMMISSIONING,UNIVERSITY HOSPITALS OF LEICESTER NHS TRUST,26290435,"31,962.60",L0222814
Department of Health,NHS Lincolnshire East CCG,31/03/2019,Hcare Srv Rec NHS Trust-CQUIN,ACUTE COMMISSIONING,UNIVERSITY HOSPITALS OF LEICESTER NHS TRUST,26292766,"2,887.00",L0221881
Department of Health,NHS Lincolnshire East CCG,31/03/2019,Hcare Srv Rec NHS Trust-Contract Baseline,ACUTE COMMISSIONING,UNIVERSITY HOSPITALS OF LEICESTER NHS TRUST,26292766,"156,149.00",L0221881
Department of Health,NHS Lincolnshire East CCG,31/03/2019,Clinical&Medical-Independent Sector,GP FORWARD VIEW,JAMES STREET FAMILY PRACTICE,26292887,"26,075.27",103419-04-MAR-2019
Department of Health,NHS Lincolnshire East CCG,31/03/2019,Hcare Srv Rec NHS Trust-Non Contract,PROGRAMME PROJECTS,UNITED LINCOLNSHIRE HOSPITALS NHS TRUST,26313289,"104,462.41",195483
Department of Health,NHS Lincolnshire East CCG,31/03/2019,Hcare Srv Rec NHS Trust-Non Contract,PROGRAMME PROJECTS,UNITED LINCOLNSHIRE HOSPITALS NHS TRUST,26313302,"100,229.91",196050
Department of Health,NHS Lincolnshire East CCG,31/03/2019,Hcare Srv Rec NHS Trust-Non Contract,PROGRAMME PROJECTS,UNITED LINCOLNSHIRE HOSPITALS NHS TRUST,26313306,"89,294.25",196559
Department of Health,NHS Lincolnshire East CCG,31/03/2019,Computer Hardware Purch,ADMIN PROJECTS,K2 HEALTHCARE LTD,26313398,"65,000.00",20
Department of Health,NHS Lincolnshire East CCG,31/03/2019,Clinical&Medical-Clinical Other,COMMUNITY SERVICES,LOUTH SPECSAVERS HEARCARE LTD,26313426,"42,788.50",22090022
Department of Health,NHS Lincolnshire East CCG,31/03/2019,Clinical&Medical-Clinical Other,COMMUNITY SERVICES,GRANTHAM SPECSAVERS HEARCARE LTD,26313432,"43,721.50",21560098
Department of Health,NHS Lincolnshire East CCG,31/03/2019,Clinical&Medical-Independent Sector,COMMUNITY SERVICES,CARE UK CLINICAL SERVICES LTD,26371030,"43,046.48",100086646
Department of Health,NHS Lincolnshire East CCG,31/03/2019,Clinical&Medical-Independent Sector,COMMUNITY SERVICES,CARE UK CLINICAL SERVICES LTD,26371039,"28,512.00",100086645
Department of Health,NHS Lincolnshire East CCG,31/03/2019,Hcare Srv Rec Fdtn Trust-CQUIN,ACUTE COMMISSIONING,NORTHERN LINCOLNSHIRE AND GOOLE HOSPITALS NHS FOUNDATION TRUST,26371113,"1,193.69",2400022909
Department of Health,NHS Lincolnshire East CCG,31/03/2019,Hcare Srv Rec Fdtn Trust-Over/ Under Performance,ACUTE COMMISSIONING,NORTHERN LINCOLNSHIRE AND GOOLE HOSPITALS NHS FOUNDATION TRUST,26371113,"25,623.31",2400022909
Department of Health,NHS Lincolnshire East CCG,31/03/2019,Clinical&Medical-Independent Sector,WHEELCHAIR SERVICE,MILLBROOK HEALTHCARE LTD,26371235,"45,854.11",21838
Department of Health,NHS Lincolnshire East CCG,31/03/2019,Clinical&Medical-Independent Sector,WHEELCHAIR SERVICE,MILLBROOK HEALTHCARE LTD,26371247,"45,128.23",21842
Department of Health,NHS Lincolnshire East CCG,31/03/2019,Hcare Srv Rec NHS Trust-CQUIN,COMMUNITY SERVICES,LINCS COMMUNITY HEALTH SERVICES NHS TRUST,26391577,"31,800.75",4000044138
Department of Health,NHS Lincolnshire East CCG,31/03/2019,Hcare Srv Rec NHS Trust-Contract Baseline,COMMUNITY SERVICES,LINCS COMMUNITY HEALTH SERVICES NHS TRUST,26391577,"2,447,531.25",4000044138
Department of Health,NHS Lincolnshire East CCG,31/03/2019,Hcare Srv Rec NHS Trust-Contract Baseline,END OF LIFE,LINCS COMMUNITY HEALTH SERVICES NHS TRUST,26391582,"50,000.00",4000044123
Department of Health,NHS Lincolnshire East CCG,31/03/2019,Hcare Srv Rec Fdtn Trust-CQUIN,MENTAL HEALTH CONTRACTS,LINCOLNSHIRE PARTNERSHIP NHS FOUNDATION TRUST,26391592,"22,942.54",2000018977
Department of Health,NHS Lincolnshire East CCG,31/03/2019,Hcare Srv Rec Fdtn Trust-Contract Baseline,MENTAL HEALTH CONTRACTS,LINCOLNSHIRE PARTNERSHIP NHS FOUNDATION TRUST,26391592,"1,854,403.71",2000018977
Department of Health,NHS Lincolnshire East CCG,31/03/2019,Clinical&Medical-Independent Sector,OUT OF HOURS,DHU 111 (EAST MIDLANDS) CIC,26391751,"64,445.94",SINV1085
Department of Health,NHS Lincolnshire East CCG,31/03/2019,Hcare Srv Rec NHS Trust-Over/ Under Performance,ACUTE COMMISSIONING,UNITED LINCOLNSHIRE HOSPITALS NHS TRUST,26413263,"1,199,697.92",197147
Department of Health,NHS Lincolnshire East CCG,31/03/2019,Charges from CSU,CONTINUING HEALTHCARE ASSESSMENT & SUPPORT,NHS ARDEN AND GEM CSU,26416058,"63,849.00",7312613048
Department of Health,NHS Lincolnshire East CCG,31/03/2019,Clinical&Medical-Independent Sector,MENTAL HEALTH SERVICES - OTHER,NHS SOUTH WEST LINCOLNSHIRE CCG,26416074,"307,000.00",7018101615
Department of Health,NHS Lincolnshire East CCG,31/03/2019,Hcare Srv Rec NHS Trust-Non Contract,ACUTE COMMISSIONING,UNITED LINCOLNSHIRE HOSPITALS NHS TRUST,26416101,"190,972.57",197329
Department of Health,NHS Lincolnshire East CCG,31/03/2019,C&M-GMS Global Sum,PRC DELEGATED CO-COMMISSIONING,DR AI BELL & PARTNERS,26426559,"64,447.21",LL000037557
Department of Health,NHS Lincolnshire East CCG,31/03/2019,C&M-GMS PCO Seniority,PRC DELEGATED CO-COMMISSIONING,DR AI BELL & PARTNERS,26426559,"1,936.22",LL000037557
Department of Health,NHS Lincolnshire East CCG,31/03/2019,C&M-GMS Prem Actual Rent,PRC DELEGATED CO-COMMISSIONING,DR AI BELL & PARTNERS,26426559,165.05,LL000037557
Department of Health,NHS Lincolnshire East CCG,31/03/2019,C&M-GMS Prem Notional Rent,PRC DELEGATED CO-COMMISSIONING,DR AI BELL & PARTNERS,26426559,"2,666.67",LL000037557
Department of Health,NHS Lincolnshire East CCG,31/03/2019,C&M-GMS QOF Aspiration,PRC DELEGATED CO-COMMISSIONING,DR AI BELL & PARTNERS,26426559,"7,162.30",LL000037557
Department of Health,NHS Lincolnshire East CCG,31/03/2019,C&M-GMS Global Sum,PRC DELEGATED CO-COMMISSIONING,DR BACKHOUSE,26426561,"44,376.16",LL000037559
Department of Health,NHS Lincolnshire East CCG,31/03/2019,C&M-GMS PCO Seniority,PRC DELEGATED CO-COMMISSIONING,DR BACKHOUSE,26426561,397.98,LL000037559
Department of Health,NHS Lincolnshire East CCG,31/03/2019,C&M-GMS QOF Aspiration,PRC DELEGATED CO-COMMISSIONING,DR BACKHOUSE,26426561,"4,850.62",LL000037559
Department of Health,NHS Lincolnshire East CCG,31/03/2019,C&M-GMS Global Sum,PRC DELEGATED CO-COMMISSIONING,DR BULL & PARTNERS,26426563,"57,537.85",LL000037561
Department of Health,NHS Lincolnshire East CCG,31/03/2019,C&M-GMS PCO Seniority,PRC DELEGATED CO-COMMISSIONING,DR BULL & PARTNERS,26426563,"1,106.68",LL000037561
Department of Health,NHS Lincolnshire East CCG,31/03/2019,C&M-GMS Prem Notional Rent,PRC DELEGATED CO-COMMISSIONING,DR BULL & PARTNERS,26426563,"5,500.00",LL000037561
Department of Health,NHS Lincolnshire East CCG,31/03/2019,C&M-GMS QOF Aspiration,PRC DELEGATED CO-COMMISSIONING,DR BULL & PARTNERS,26426563,"7,085.62",LL000037561
Department of Health,NHS Lincolnshire East CCG,31/03/2019,C&M-GMS Global Sum,PRC DELEGATED CO-COMMISSIONING,DR DODDRELL & PARTNERS,26426565,"83,197.15",LL000037563
Department of Health,NHS Lincolnshire East CCG,31/03/2019,C&M-GMS PCO Seniority,PRC DELEGATED CO-COMMISSIONING,DR DODDRELL & PARTNERS,26426565,"1,163.93",LL000037563
Department of Health,NHS Lincolnshire East CCG,31/03/2019,C&M-GMS QOF Aspiration,PRC DELEGATED CO-COMMISSIONING,DR DODDRELL & PARTNERS,26426565,"8,584.31",LL000037563
Department of Health,NHS Lincolnshire East CCG,31/03/2019,C&M-GMS DES Learn Dsblty Hlth Chk,PRC DELEGATED CO-COMMISSIONING,DR DWYER & PARTNERS,26426567,"3,080.00",LL000037565
Department of Health,NHS Lincolnshire East CCG,31/03/2019,C&M-GMS Global Sum,PRC DELEGATED CO-COMMISSIONING,DR DWYER & PARTNERS,26426567,"110,978.45",LL000037565
Department of Health,NHS Lincolnshire East CCG,31/03/2019,C&M-GMS MPIG Correction Factor,PRC DELEGATED CO-COMMISSIONING,DR DWYER & PARTNERS,26426567,957.35,LL000037565
Department of Health,NHS Lincolnshire East CCG,31/03/2019,C&M-GMS PCO Seniority,PRC DELEGATED CO-COMMISSIONING,DR DWYER & PARTNERS,26426567,"4,366.81",LL000037565
Department of Health,NHS Lincolnshire East CCG,31/03/2019,C&M-GMS Prem Actual Rent,PRC DELEGATED CO-COMMISSIONING,DR DWYER & PARTNERS,26426567,"30,260.09",LL000037565
Department of Health,NHS Lincolnshire East CCG,31/03/2019,C&M-GMS Prem Notional Rent,PRC DELEGATED CO-COMMISSIONING,DR DWYER & PARTNERS,26426567,"3,145.83",LL000037565
Department of Health,NHS Lincolnshire East CCG,31/03/2019,C&M-GMS Prem Water Rates,PRC DELEGATED CO-COMMISSIONING,DR DWYER & PARTNERS,26426567,"1,020.44",LL000037565
Department of Health,NHS Lincolnshire East CCG,31/03/2019,C&M-GMS QOF Aspiration,PRC DELEGATED CO-COMMISSIONING,DR DWYER & PARTNERS,26426567,"12,546.72",LL000037565
Department of Health,NHS Lincolnshire East CCG,31/03/2019,ME - GMS GP Prior Year ERs,PRC DELEGATED CO-COMMISSIONING,DR DWYER & PARTNERS,26426567,"3,571.16",LL000037565
Department of Health,NHS Lincolnshire East CCG,31/03/2019,ME-GMS GP Prior Year EEs,PRC DELEGATED CO-COMMISSIONING,DR DWYER & PARTNERS,26426567,"4,541.07",LL000037565
Department of Health,NHS Lincolnshire East CCG,31/03/2019,C&M-GMS DES Learn Dsblty Hlth Chk,PRC DELEGATED CO-COMMISSIONING,DR I CARTER & PARTNERS,26426569,"11,480.00",LL000037567
Department of Health,NHS Lincolnshire East CCG,31/03/2019,C&M-GMS Global Sum,PRC DELEGATED CO-COMMISSIONING,DR I CARTER & PARTNERS,26426569,"153,134.50",LL000037567
Department of Health,NHS Lincolnshire East CCG,31/03/2019,C&M-GMS PCO Seniority,PRC DELEGATED CO-COMMISSIONING,DR I CARTER & PARTNERS,26426569,"1,012.67",LL000037567
Department of Health,NHS Lincolnshire East CCG,31/03/2019,C&M-GMS Prem Actual Rent,PRC DELEGATED CO-COMMISSIONING,DR I CARTER & PARTNERS,26426569,"14,740.17",LL000037567
Department of Health,NHS Lincolnshire East CCG,31/03/2019,C&M-GMS QOF Aspiration,PRC DELEGATED CO-COMMISSIONING,DR I CARTER & PARTNERS,26426569,"20,576.17",LL000037567
Department of Health,NHS Lincolnshire East CCG,31/03/2019,C&M-GMS Global Sum,PRC DELEGATED CO-COMMISSIONING,DR KELLY & PARTNERS,26426571,"74,284.55",LL000037569
Department of Health,NHS Lincolnshire East CCG,31/03/2019,C&M-GMS PCO Seniority,PRC DELEGATED CO-COMMISSIONING,DR KELLY & PARTNERS,26426571,"1,933.42",LL000037569
Department of Health,NHS Lincolnshire East CCG,31/03/2019,C&M-GMS Prem Actual Rent,PRC DELEGATED CO-COMMISSIONING,DR KELLY & PARTNERS,26426571,"41,580.00",LL000037569
Department of Health,NHS Lincolnshire East CCG,31/03/2019,C&M-GMS QOF Aspiration,PRC DELEGATED CO-COMMISSIONING,DR KELLY & PARTNERS,26426571,"6,764.25",LL000037569
Department of Health,NHS Lincolnshire East CCG,31/03/2019,C&M-GMS Global Sum,PRC DELEGATED CO-COMMISSIONING,DR MEIWALD & PARTNERS,26426573,"19,709.12",LL000037571
Department of Health,NHS Lincolnshire East CCG,31/03/2019,C&M-GMS MPIG Correction Factor,PRC DELEGATED CO-COMMISSIONING,DR MEIWALD & PARTNERS,26426573,896.47,LL000037571
Department of Health,NHS Lincolnshire East CCG,31/03/2019,C&M-GMS PCO Seniority,PRC DELEGATED CO-COMMISSIONING,DR MEIWALD & PARTNERS,26426573,625.49,LL000037571
Department of Health,NHS Lincolnshire East CCG,31/03/2019,C&M-GMS Prem Notional Rent,PRC DELEGATED CO-COMMISSIONING,DR MEIWALD & PARTNERS,26426573,"1,583.33",LL000037571
Department of Health,NHS Lincolnshire East CCG,31/03/2019,C&M-GMS QOF Aspiration,PRC DELEGATED CO-COMMISSIONING,DR MEIWALD & PARTNERS,26426573,"2,548.71",LL000037571
Department of Health,NHS Lincolnshire East CCG,31/03/2019,C&M-GMS Global Sum,PRC DELEGATED CO-COMMISSIONING,DR MASSEY & PARTNERS,26426575,"75,586.17",LL000037573
Department of Health,NHS Lincolnshire East CCG,31/03/2019,C&M-GMS MPIG Correction Factor,PRC DELEGATED CO-COMMISSIONING,DR MASSEY & PARTNERS,26426575,88.9,LL000037573
Department of Health,NHS Lincolnshire East CCG,31/03/2019,C&M-GMS PCO Seniority,PRC DELEGATED CO-COMMISSIONING,DR MASSEY & PARTNERS,26426575,"4,203.77",LL000037573
Department of Health,NHS Lincolnshire East CCG,31/03/2019,C&M-GMS Prem Notional Rent,PRC DELEGATED CO-COMMISSIONING,DR MASSEY & PARTNERS,26426575,"6,491.67",LL000037573
Department of Health,NHS Lincolnshire East CCG,31/03/2019,C&M-GMS Prem Water Rates,PRC DELEGATED CO-COMMISSIONING,DR MASSEY & PARTNERS,26426575,230.22,LL000037573
Department of Health,NHS Lincolnshire East CCG,31/03/2019,C&M-GMS QOF Aspiration,PRC DELEGATED CO-COMMISSIONING,DR MASSEY & PARTNERS,26426575,"8,602.66",LL000037573
Department of Health,NHS Lincolnshire East CCG,31/03/2019,C&M-GMS Global Sum,PRC DELEGATED CO-COMMISSIONING,DR MATITI & PARTNERS,26426577,"84,542.27",LL000037575
Department of Health,NHS Lincolnshire East CCG,31/03/2019,C&M-GMS MPIG Correction Factor,PRC DELEGATED CO-COMMISSIONING,DR MATITI & PARTNERS,26426577,"2,386.39",LL000037575
Department of Health,NHS Lincolnshire East CCG,31/03/2019,C&M-GMS PCO Seniority,PRC DELEGATED CO-COMMISSIONING,DR MATITI & PARTNERS,26426577,"2,761.59",LL000037575
Department of Health,NHS Lincolnshire East CCG,31/03/2019,C&M-GMS Prem Notional Rent,PRC DELEGATED CO-COMMISSIONING,DR MATITI & PARTNERS,26426577,"6,403.55",LL000037575
Department of Health,NHS Lincolnshire East CCG,31/03/2019,C&M-GMS QOF Aspiration,PRC DELEGATED CO-COMMISSIONING,DR MATITI & PARTNERS,26426577,"8,790.83",LL000037575
Department of Health,NHS Lincolnshire East CCG,31/03/2019,C&M-GMS Global Sum,PRC DELEGATED CO-COMMISSIONING,DR PARKER & PARTNERS LOUTH,26426579,"53,830.23",LL000037577
Department of Health,NHS Lincolnshire East CCG,31/03/2019,C&M-GMS MPIG Correction Factor,PRC DELEGATED CO-COMMISSIONING,DR PARKER & PARTNERS LOUTH,26426579,"2,559.98",LL000037577
Department of Health,NHS Lincolnshire East CCG,31/03/2019,C&M-GMS Prem Notional Rent,PRC DELEGATED CO-COMMISSIONING,DR PARKER & PARTNERS LOUTH,26426579,"5,166.66",LL000037577
Department of Health,NHS Lincolnshire East CCG,31/03/2019,C&M-GMS QOF Aspiration,PRC DELEGATED CO-COMMISSIONING,DR PARKER & PARTNERS LOUTH,26426579,"7,204.43",LL000037577
Department of Health,NHS Lincolnshire East CCG,31/03/2019,ME - GMS GP Prior Year ERs,PRC DELEGATED CO-COMMISSIONING,DR PARKER & PARTNERS LOUTH,26426579,"4,388.33",LL000037577
Department of Health,NHS Lincolnshire East CCG,31/03/2019,ME-GMS GP Prior Year EEs,PRC DELEGATED CO-COMMISSIONING,DR PARKER & PARTNERS LOUTH,26426579,"4,388.33",LL000037577
Department of Health,NHS Lincolnshire East CCG,31/03/2019,C&M-GMS Global Sum,PRC DELEGATED CO-COMMISSIONING,DR O KELLY & PARTNERS,26426581,"66,580.93",LL000037579
Department of Health,NHS Lincolnshire East CCG,31/03/2019,C&M-GMS MPIG Correction Factor,PRC DELEGATED CO-COMMISSIONING,DR O KELLY & PARTNERS,26426581,831.68,LL000037579
Department of Health,NHS Lincolnshire East CCG,31/03/2019,C&M-GMS PCO Seniority,PRC DELEGATED CO-COMMISSIONING,DR O KELLY & PARTNERS,26426581,"2,938.32",LL000037579
Department of Health,NHS Lincolnshire East CCG,31/03/2019,C&M-GMS Prem Notional Rent,PRC DELEGATED CO-COMMISSIONING,DR O KELLY & PARTNERS,26426581,"4,250.00",LL000037579
Department of Health,NHS Lincolnshire East CCG,31/03/2019,C&M-GMS QOF Aspiration,PRC DELEGATED CO-COMMISSIONING,DR O KELLY & PARTNERS,26426581,"8,676.43",LL000037579
Department of Health,NHS Lincolnshire East CCG,31/03/2019,C&M-GMS Global Sum,PRC DELEGATED CO-COMMISSIONING,DR MITCHELL & PARTNERS,26426583,"30,729.60",LL000037581
Department of Health,NHS Lincolnshire East CCG,31/03/2019,C&M-GMS Prem Notional Rent,PRC DELEGATED CO-COMMISSIONING,DR MITCHELL & PARTNERS,26426583,"3,333.33",LL000037581
Department of Health,NHS Lincolnshire East CCG,31/03/2019,C&M-GMS Prem Water Rates,PRC DELEGATED CO-COMMISSIONING,DR MITCHELL & PARTNERS,26426583,291.1,LL000037581
Department of Health,NHS Lincolnshire East CCG,31/03/2019,C&M-GMS QOF Aspiration,PRC DELEGATED CO-COMMISSIONING,DR MITCHELL & PARTNERS,26426583,"3,504.07",LL000037581
Department of Health,NHS Lincolnshire East CCG,31/03/2019,C&M-GMS Global Sum,PRC DELEGATED CO-COMMISSIONING,DR RAMON & PARTNERS,26426585,"59,874.37",LL000037583
Department of Health,NHS Lincolnshire East CCG,31/03/2019,C&M-GMS PCO Seniority,PRC DELEGATED CO-COMMISSIONING,DR RAMON & PARTNERS,26426585,"1,053.32",LL000037583
Department of Health,NHS Lincolnshire East CCG,31/03/2019,C&M-GMS Prem Actual Rent,PRC DELEGATED CO-COMMISSIONING,DR RAMON & PARTNERS,26426585,284.42,LL000037583
Department of Health,NHS Lincolnshire East CCG,31/03/2019,C&M-GMS QOF Aspiration,PRC DELEGATED CO-COMMISSIONING,DR RAMON & PARTNERS,26426585,"6,115.50",LL000037583
Department of Health,NHS Lincolnshire East CCG,31/03/2019,C&M-GMS Global Sum,PRC DELEGATED CO-COMMISSIONING,DR ROGERS & PARTNERS,26426587,"153,315.33",LL000037587
Department of Health,NHS Lincolnshire East CCG,31/03/2019,C&M-GMS Prem Notional Rent,PRC DELEGATED CO-COMMISSIONING,DR ROGERS & PARTNERS,26426587,"1,166.67",LL000037587
Department of Health,NHS Lincolnshire East CCG,31/03/2019,C&M-GMS QOF Aspiration,PRC DELEGATED CO-COMMISSIONING,DR ROGERS & PARTNERS,26426587,"16,794.22",LL000037587
Department of Health,NHS Lincolnshire East CCG,31/03/2019,C&M-GMS Global Sum,PRC DELEGATED CO-COMMISSIONING,DR PJ HARRIS & PARTNERS,26426588,"109,942.93",LL000037589
Department of Health,NHS Lincolnshire East CCG,31/03/2019,C&M-GMS MPIG Correction Factor,PRC DELEGATED CO-COMMISSIONING,DR PJ HARRIS & PARTNERS,26426588,92.13,LL000037589
Department of Health,NHS Lincolnshire East CCG,31/03/2019,C&M-GMS PCO Seniority,PRC DELEGATED CO-COMMISSIONING,DR PJ HARRIS & PARTNERS,26426588,"2,193.95",LL000037589
Department of Health,NHS Lincolnshire East CCG,31/03/2019,C&M-GMS Prem Actual Rent,PRC DELEGATED CO-COMMISSIONING,DR PJ HARRIS & PARTNERS,26426588,"66,600.00",LL000037589
Department of Health,NHS Lincolnshire East CCG,31/03/2019,C&M-GMS Prem Water Rates,PRC DELEGATED CO-COMMISSIONING,DR PJ HARRIS & PARTNERS,26426588,251.61,LL000037589
Department of Health,NHS Lincolnshire East CCG,31/03/2019,C&M-GMS QOF Aspiration,PRC DELEGATED CO-COMMISSIONING,DR PJ HARRIS & PARTNERS,26426588,"8,490.85",LL000037589
Department of Health,NHS Lincolnshire East CCG,31/03/2019,C&M-GMS Global Sum,PRC DELEGATED CO-COMMISSIONING,DR SR BAXTER & PARTNERS,26426590,"225,862.01",LL000037591
Department of Health,NHS Lincolnshire East CCG,31/03/2019,C&M-GMS PCO Seniority,PRC DELEGATED CO-COMMISSIONING,DR SR BAXTER & PARTNERS,26426590,"5,641.40",LL000037591
Department of Health,NHS Lincolnshire East CCG,31/03/2019,C&M-GMS Prem Actual Rent,PRC DELEGATED CO-COMMISSIONING,DR SR BAXTER & PARTNERS,26426590,"71,498.30",LL000037591
Department of Health,NHS Lincolnshire East CCG,31/03/2019,C&M-GMS QOF Aspiration,PRC DELEGATED CO-COMMISSIONING,DR SR BAXTER & PARTNERS,26426590,"23,024.31",LL000037591
Department of Health,NHS Lincolnshire East CCG,31/03/2019,ME - GMS GP Prior Year ERs,PRC DELEGATED CO-COMMISSIONING,DR SR BAXTER & PARTNERS,26426590,"4,959.42",LL000037591
Department of Health,NHS Lincolnshire East CCG,31/03/2019,ME-GMS GP Prior Year EEs,PRC DELEGATED CO-COMMISSIONING,DR SR BAXTER & PARTNERS,26426590,"5,028.71",LL000037591
Department of Health,NHS Lincolnshire East CCG,31/03/2019,C&M-GMS Global Sum,PRC DELEGATED CO-COMMISSIONING,DR WOOLLARD & PARTNERS,26426592,"70,698.08",LL000037593
Department of Health,NHS Lincolnshire East CCG,31/03/2019,C&M-GMS PCO Seniority,PRC DELEGATED CO-COMMISSIONING,DR WOOLLARD & PARTNERS,26426592,"1,300.38",LL000037593
Department of Health,NHS Lincolnshire East CCG,31/03/2019,C&M-GMS Prem Notional Rent,PRC DELEGATED CO-COMMISSIONING,DR WOOLLARD & PARTNERS,26426592,"4,416.67",LL000037593
Department of Health,NHS Lincolnshire East CCG,31/03/2019,C&M-GMS QOF Aspiration,PRC DELEGATED CO-COMMISSIONING,DR WOOLLARD & PARTNERS,26426592,"7,151.80",LL000037593
Department of Health,NHS Lincolnshire East CCG,31/03/2019,ME-GMS GP Pension EEs Adjustments,PRC DELEGATED CO-COMMISSIONING,DR WOOLLARD & PARTNERS,26426592,918,LL000037593
Department of Health,NHS Lincolnshire East CCG,31/03/2019,ME-GMS GP Pension ERs Adjustments,PRC DELEGATED CO-COMMISSIONING,DR WOOLLARD & PARTNERS,26426592,977.84,LL000037593
Department of Health,NHS Lincolnshire East CCG,31/03/2019,C&M-GMS Global Sum,PRC DELEGATED CO-COMMISSIONING,DR T WATKINS & PARTNERS,26426594,"76,419.75",LL000037595
Department of Health,NHS Lincolnshire East CCG,31/03/2019,C&M-GMS NES Minor Injury Services,LOCAL ENHANCED SERVICES,DR T WATKINS & PARTNERS,26426594,"4,985.73",LL000037595
Department of Health,NHS Lincolnshire East CCG,31/03/2019,C&M-GMS PCO Seniority,PRC DELEGATED CO-COMMISSIONING,DR T WATKINS & PARTNERS,26426594,"2,588.37",LL000037595
Department of Health,NHS Lincolnshire East CCG,31/03/2019,C&M-GMS Prem Actual Rent,PRC DELEGATED CO-COMMISSIONING,DR T WATKINS & PARTNERS,26426594,"17,385.00",LL000037595
Department of Health,NHS Lincolnshire East CCG,31/03/2019,C&M-GMS QOF Aspiration,PRC DELEGATED CO-COMMISSIONING,DR T WATKINS & PARTNERS,26426594,"8,568.76",LL000037595
Department of Health,NHS Lincolnshire East CCG,31/03/2019,C&M-GMS Global Sum,PRC DELEGATED CO-COMMISSIONING,DR TELFER & PARTNERS,26426596,"90,105.88",LL000037597
Department of Health,NHS Lincolnshire East CCG,31/03/2019,C&M-GMS PCO Seniority,PRC DELEGATED CO-COMMISSIONING,DR TELFER & PARTNERS,26426596,"2,213.16",LL000037597
Department of Health,NHS Lincolnshire East CCG,31/03/2019,C&M-GMS Prem Actual Rent,PRC DELEGATED CO-COMMISSIONING,DR TELFER & PARTNERS,26426596,293.75,LL000037597
Department of Health,NHS Lincolnshire East CCG,31/03/2019,C&M-GMS QOF Aspiration,PRC DELEGATED CO-COMMISSIONING,DR TELFER & PARTNERS,26426596,"8,900.25",LL000037597
Department of Health,NHS Lincolnshire East CCG,31/03/2019,C&M-GMS Global Sum,PRC DELEGATED CO-COMMISSIONING,KIRTON MEDICAL CENTRE,26426598,"51,453.94",LL000037599
Department of Health,NHS Lincolnshire East CCG,31/03/2019,C&M-GMS PCO Seniority,PRC DELEGATED CO-COMMISSIONING,KIRTON MEDICAL CENTRE,26426598,"1,891.08",LL000037599
Department of Health,NHS Lincolnshire East CCG,31/03/2019,C&M-GMS QOF Aspiration,PRC DELEGATED CO-COMMISSIONING,KIRTON MEDICAL CENTRE,26426598,"4,091.90",LL000037599
Department of Health,NHS Lincolnshire East CCG,31/03/2019,C&M-GMS DES Violent Patients,PRC DELEGATED CO-COMMISSIONING,JAMES STREET FAMILY PRACTICE,26426600,500,LL000037601
Department of Health,NHS Lincolnshire East CCG,31/03/2019,C&M-GMS Global Sum,PRC DELEGATED CO-COMMISSIONING,JAMES STREET FAMILY PRACTICE,26426600,"87,884.18",LL000037601
Department of Health,NHS Lincolnshire East CCG,31/03/2019,C&M-GMS MPIG Correction Factor,PRC DELEGATED CO-COMMISSIONING,JAMES STREET FAMILY PRACTICE,26426600,"1,674.60",LL000037601
Department of Health,NHS Lincolnshire East CCG,31/03/2019,C&M-GMS PCO Seniority,PRC DELEGATED CO-COMMISSIONING,JAMES STREET FAMILY PRACTICE,26426600,"1,446.99",LL000037601
Department of Health,NHS Lincolnshire East CCG,31/03/2019,C&M-GMS Prem Notional Rent,PRC DELEGATED CO-COMMISSIONING,JAMES STREET FAMILY PRACTICE,26426600,"6,012.50",LL000037601
Department of Health,NHS Lincolnshire East CCG,31/03/2019,C&M-GMS QOF Aspiration,PRC DELEGATED CO-COMMISSIONING,JAMES STREET FAMILY PRACTICE,26426600,"11,046.64",LL000037601
Department of Health,NHS Lincolnshire East CCG,31/03/2019,C&M-GMS Global Sum,PRC DELEGATED CO-COMMISSIONING,TASBURGH LODGE SURGERY,26426602,"36,706.82",LL000037603
Department of Health,NHS Lincolnshire East CCG,31/03/2019,C&M-GMS Prem Actual Rent,PRC DELEGATED CO-COMMISSIONING,TASBURGH LODGE SURGERY,26426602,"2,941.67",LL000037603
Department of Health,NHS Lincolnshire East CCG,31/03/2019,C&M-GMS QOF Aspiration,PRC DELEGATED CO-COMMISSIONING,TASBURGH LODGE SURGERY,26426602,"4,778.86",LL000037603
Department of Health,NHS Lincolnshire East CCG,31/03/2019,C&M-GMS DES Learn Dsblty Hlth Chk,PRC DELEGATED CO-COMMISSIONING,WOODHALL SPA NEW SURGERY,26426604,140,LL000037605
Department of Health,NHS Lincolnshire East CCG,31/03/2019,C&M-GMS Global Sum,PRC DELEGATED CO-COMMISSIONING,WOODHALL SPA NEW SURGERY,26426604,"53,327.62",LL000037605
Department of Health,NHS Lincolnshire East CCG,31/03/2019,C&M-GMS PCO Locum Adop/Pat/Mat,PRC DELEGATED CO-COMMISSIONING,WOODHALL SPA NEW SURGERY,26426604,"6,649.44",LL000037605
Department of Health,NHS Lincolnshire East CCG,31/03/2019,C&M-GMS PCO Seniority,PRC DELEGATED CO-COMMISSIONING,WOODHALL SPA NEW SURGERY,26426604,516.08,LL000037605
Department of Health,NHS Lincolnshire East CCG,31/03/2019,C&M-GMS Prem Notional Rent,PRC DELEGATED CO-COMMISSIONING,WOODHALL SPA NEW SURGERY,26426604,"3,583.33",LL000037605
Department of Health,NHS Lincolnshire East CCG,31/03/2019,C&M-GMS Prem Water Rates,PRC DELEGATED CO-COMMISSIONING,WOODHALL SPA NEW SURGERY,26426604,155.69,LL000037605
Department of Health,NHS Lincolnshire East CCG,31/03/2019,C&M-GMS QOF Aspiration,PRC DELEGATED CO-COMMISSIONING,WOODHALL SPA NEW SURGERY,26426604,"6,609.95",LL000037605
Department of Health,NHS Lincolnshire East CCG,31/03/2019,C&M-GMS Global Sum,PRC DELEGATED CO-COMMISSIONING,SIDINGS MEDICAL PRACTICE (THE),26426606,"123,172.05",LL000037607
Department of Health,NHS Lincolnshire East CCG,31/03/2019,C&M-GMS PCO Seniority,PRC DELEGATED CO-COMMISSIONING,SIDINGS MEDICAL PRACTICE (THE),26426606,"1,299.84",LL000037607
Department of Health,NHS Lincolnshire East CCG,31/03/2019,C&M-GMS Prem Actual Rent,PRC DELEGATED CO-COMMISSIONING,SIDINGS MEDICAL PRACTICE (THE),26426606,"56,167.50",LL000037607
Department of Health,NHS Lincolnshire East CCG,31/03/2019,C&M-GMS QOF Aspiration,PRC DELEGATED CO-COMMISSIONING,SIDINGS MEDICAL PRACTICE (THE),26426606,"15,206.54",LL000037607
Department of Health,NHS Lincolnshire East CCG,31/03/2019,C&M-GMS Global Sum,PRC DELEGATED CO-COMMISSIONING,STICKNEY SURGERY,26429989,"48,353.49",LL000037585
Department of Health,NHS Lincolnshire East CCG,31/03/2019,C&M-GMS PCO Seniority,PRC DELEGATED CO-COMMISSIONING,STICKNEY SURGERY,26429989,"2,117.48",LL000037585
Department of Health,NHS Lincolnshire East CCG,31/03/2019,C&M-GMS Prem Water Rates,PRC DELEGATED CO-COMMISSIONING,STICKNEY SURGERY,26429989,88.22,LL000037585
Department of Health,NHS Lincolnshire East CCG,31/03/2019,C&M-GMS QOF Aspiration,PRC DELEGATED CO-COMMISSIONING,STICKNEY SURGERY,26429989,"4,777.09",LL000037585
Department of Health,NHS Lincolnshire East CCG,31/03/2019,Hcare Srv Rec NHS Trust-Non Contract,NCAS/OATS,IMPERIAL COLLEGE HEALTHCARE NHS TRUST,26436063,"29,462.65",H0168457
Department of Health,NHS Lincolnshire East CCG,31/03/2019,Cont Care-FNC Client Continence Allow,FUNDED NURSING CARE,CHENGUN CARE HOMES LTD,26436095,181.2,201903A
Department of Health,NHS Lincolnshire East CCG,31/03/2019,Cont Care-Funded Nursing Care Allow,FUNDED NURSING CARE,CHENGUN CARE HOMES LTD,26436095,"3,411.69",201903A
Department of Health,NHS Lincolnshire East CCG,31/03/2019,Cont Care-Mental Health (65+),CHC ADULT FULLY FUNDED,CHENGUN CARE HOMES LTD,26436095,"3,022.23",201903A
Department of Health,NHS Lincolnshire East CCG,31/03/2019,Cont Care-Mental Health (<65),CHC ADULT FULLY FUNDED,CHENGUN CARE HOMES LTD,26436095,"3,022.23",201903A
Department of Health,NHS Lincolnshire East CCG,31/03/2019,Cont Care-Physical Disab (65+),CHC ADULT FULLY FUNDED,CHENGUN CARE HOMES LTD,26436095,"12,618.99",201903A
Department of Health,NHS Lincolnshire East CCG,31/03/2019,Cont Care-Physical Disab (<65),CHC ADULT FULLY FUNDED,CHENGUN CARE HOMES LTD,26436095,"3,022.23",201903A
Department of Health,NHS Lincolnshire East CCG,31/03/2019,Clinical&Medical-Independent Sector,MENTAL HEALTH SERVICES - ADULTS,PRIORY CLINIC NOTTINGHAM,26436112,"33,496.00",316CBEFEB19
Department of Health,NHS Lincolnshire East CCG,31/03/2019,Hcare Srv Rec NHS Trust-Non Contract,MENTAL HEALTH SERVICES - OTHER,EAST MIDLANDS AMBULANCE SERVICE NHS TRUST,26436119,"45,001.00",11313558
Department of Health,NHS Lincolnshire East CCG,31/03/2019,Clinical&Medical-Independent Sector,MENTAL HEALTH SERVICES - ADULTS,JEESAL AKMAN CARE CORP LTD,26436137,"26,177.64",4503
Department of Health,NHS Lincolnshire East CCG,31/03/2019,Cont Care- Children,CHC CHILDREN,LINCOLNSHIRE COUNTY COUNCIL,26436163,"27,418.04",10076425
Department of Health,NHS Lincolnshire East CCG,31/03/2019,Clinical&Medical-Independent Sector,PALLIATIVE CARE,MARIE CURIE,26436192,"27,583.17",508567
Department of Health,NHS Lincolnshire East CCG,31/03/2019,Clinical&Medical-Independent Sector,ACUTE COMMISSIONING,ONEHEALTH GROUP,26436330,"77,225.19",2024
Department of Health,NHS Lincolnshire East CCG,31/03/2019,Clinical&Medical-Independent Sector,URGENT CARE,LACE HOUSING LTD,26511162,"110,000.00",SL5531
Department of Health,NHS Lincolnshire East CCG,31/03/2019,Computer Network Costs,ADMIN PROJECTS,INSIGHT DIRECT (UK) LTD,26514741,"90,698.22",4291171
Department of Health,NHS Lincolnshire East CCG,31/03/2019,Computer Software/License,ADMIN PROJECTS,INSIGHT DIRECT (UK) LTD,26516123,"27,503.69",4293850
Department of Health,NHS Lincolnshire East CCG,31/03/2019,Computer Software/License,ADMIN PROJECTS,INSIGHT DIRECT (UK) LTD,26516124,"187,000.01",4293861
Department of Health,NHS Lincolnshire East CCG,31/03/2019,C&M-GMS Cost of Drugs -Dispensing,LOCAL ENHANCED SERVICES,DR AI BELL & PARTNERS,26520888,"-29,030.61",LL000037805
Department of Health,NHS Lincolnshire East CCG,31/03/2019,C&M-GMS PrscChrgsCll&RmttdbyGPCntra,PRC DELEGATED CO-COMMISSIONING,DR AI BELL & PARTNERS,26520888,"-2,120.80",LL000037805
Department of Health,NHS Lincolnshire East CCG,31/03/2019,C&M-GMS Cost of Drugs -Dispensing,LOCAL ENHANCED SERVICES,DR AI BELL & PARTNERS,26520889,"56,087.70",LL000037806
Department of Health,NHS Lincolnshire East CCG,31/03/2019,C&M-GMS Prof Fees Dispensing,PRC DELEGATED CO-COMMISSIONING,DR AI BELL & PARTNERS,26520889,"11,362.27",LL000037806
Department of Health,NHS Lincolnshire East CCG,31/03/2019,C&M-GMS PrscrptnChrgsColl&RmttdbyGP,LOCAL ENHANCED SERVICES,DR AI BELL & PARTNERS,26520889,"2,120.80",LL000037806
Department of Health,NHS Lincolnshire East CCG,31/03/2019,C&M-GMS Cost of Drugs -Dispensing,LOCAL ENHANCED SERVICES,DR BACKHOUSE,26520890,"-33,011.56",LL000037807
Department of Health,NHS Lincolnshire East CCG,31/03/2019,C&M-GMS PrscChrgsCll&RmttdbyGPCntra,PRC DELEGATED CO-COMMISSIONING,DR BACKHOUSE,26520890,"-1,689.60",LL000037807
Department of Health,NHS Lincolnshire East CCG,31/03/2019,C&M-GMS Cost of Drugs -Dispensing,LOCAL ENHANCED SERVICES,DR BACKHOUSE,26520891,"61,412.76",LL000037808
Department of Health,NHS Lincolnshire East CCG,31/03/2019,C&M-GMS Prof Fees Dispensing,PRC DELEGATED CO-COMMISSIONING,DR BACKHOUSE,26520891,"10,608.88",LL000037808
Department of Health,NHS Lincolnshire East CCG,31/03/2019,C&M-GMS PrscrptnChrgsColl&RmttdbyGP,LOCAL ENHANCED SERVICES,DR BACKHOUSE,26520891,"1,689.60",LL000037808
Department of Health,NHS Lincolnshire East CCG,31/03/2019,C&M-GMS Cost of Drugs -Dispensing,LOCAL ENHANCED SERVICES,DR BULL & PARTNERS,26520892,"-115,299.84",LL000037809
Department of Health,NHS Lincolnshire East CCG,31/03/2019,C&M-GMS PrscChrgsCll&RmttdbyGPCntra,PRC DELEGATED CO-COMMISSIONING,DR BULL & PARTNERS,26520892,"-3,960.00",LL000037809
Department of Health,NHS Lincolnshire East CCG,31/03/2019,C&M-GMS Cost of Drugs -Dispensing,LOCAL ENHANCED SERVICES,DR BULL & PARTNERS,26520893,"182,962.48",LL000037810
Department of Health,NHS Lincolnshire East CCG,31/03/2019,C&M-GMS Prof Fees Dispensing,PRC DELEGATED CO-COMMISSIONING,DR BULL & PARTNERS,26520893,"40,588.38",LL000037810
Department of Health,NHS Lincolnshire East CCG,31/03/2019,C&M-GMS PrscrptnChrgsColl&RmttdbyGP,LOCAL ENHANCED SERVICES,DR BULL & PARTNERS,26520893,"3,960.00",LL000037810
Department of Health,NHS Lincolnshire East CCG,31/03/2019,C&M-GMS Cost of Drugs -Dispensing,LOCAL ENHANCED SERVICES,DR DWYER & PARTNERS,26520895,"-73,464.43",LL000037812
Department of Health,NHS Lincolnshire East CCG,31/03/2019,C&M-GMS PrscChrgsCll&RmttdbyGPCntra,PRC DELEGATED CO-COMMISSIONING,DR DWYER & PARTNERS,26520895,"-3,572.80",LL000037812
Department of Health,NHS Lincolnshire East CCG,31/03/2019,C&M-GMS Cost of Drugs -Dispensing,LOCAL ENHANCED SERVICES,DR DWYER & PARTNERS,26520896,"129,632.02",LL000037813
Department of Health,NHS Lincolnshire East CCG,31/03/2019,C&M-GMS Prof Fees Dispensing,PRC DELEGATED CO-COMMISSIONING,DR DWYER & PARTNERS,26520896,"25,394.46",LL000037813
Department of Health,NHS Lincolnshire East CCG,31/03/2019,C&M-GMS PrscrptnChrgsColl&RmttdbyGP,LOCAL ENHANCED SERVICES,DR DWYER & PARTNERS,26520896,"3,572.80",LL000037813
Department of Health,NHS Lincolnshire East CCG,31/03/2019,C&M-GMS Cost of Drugs -Dispensing,LOCAL ENHANCED SERVICES,DR KELLY & PARTNERS,26520898,"-52,207.00",LL000037815
Department of Health,NHS Lincolnshire East CCG,31/03/2019,C&M-GMS PrscChrgsCll&RmttdbyGPCntra,PRC DELEGATED CO-COMMISSIONING,DR KELLY & PARTNERS,26520898,"-1,689.60",LL000037815
Department of Health,NHS Lincolnshire East CCG,31/03/2019,C&M-GMS Cost of Drugs -Dispensing,LOCAL ENHANCED SERVICES,DR KELLY & PARTNERS,26520899,"87,939.27",LL000037816
Department of Health,NHS Lincolnshire East CCG,31/03/2019,C&M-GMS Prof Fees Dispensing,PRC DELEGATED CO-COMMISSIONING,DR KELLY & PARTNERS,26520899,"19,935.23",LL000037816
Department of Health,NHS Lincolnshire East CCG,31/03/2019,C&M-GMS PrscrptnChrgsColl&RmttdbyGP,LOCAL ENHANCED SERVICES,DR KELLY & PARTNERS,26520899,"1,689.60",LL000037816
Department of Health,NHS Lincolnshire East CCG,31/03/2019,C&M-GMS Cost of Drugs -Dispensing,LOCAL ENHANCED SERVICES,DR MEIWALD & PARTNERS,26520900,"-33,456.86",LL000037817
Department of Health,NHS Lincolnshire East CCG,31/03/2019,C&M-GMS PrscChrgsCll&RmttdbyGPCntra,PRC DELEGATED CO-COMMISSIONING,DR MEIWALD & PARTNERS,26520900,"-1,179.20",LL000037817
Department of Health,NHS Lincolnshire East CCG,31/03/2019,C&M-GMS Cost of Drugs -Dispensing,LOCAL ENHANCED SERVICES,DR MEIWALD & PARTNERS,26520901,"59,364.52",LL000037818
Department of Health,NHS Lincolnshire East CCG,31/03/2019,C&M-GMS Prof Fees Dispensing,PRC DELEGATED CO-COMMISSIONING,DR MEIWALD & PARTNERS,26520901,"13,866.11",LL000037818
Department of Health,NHS Lincolnshire East CCG,31/03/2019,C&M-GMS PrscrptnChrgsColl&RmttdbyGP,LOCAL ENHANCED SERVICES,DR MEIWALD & PARTNERS,26520901,"1,179.20",LL000037818
Department of Health,NHS Lincolnshire East CCG,31/03/2019,C&M-GMS Cost of Drugs -Dispensing,LOCAL ENHANCED SERVICES,DR MASSEY & PARTNERS,26520902,"-51,721.00",LL000037819
Department of Health,NHS Lincolnshire East CCG,31/03/2019,C&M-GMS PrscChrgsCll&RmttdbyGPCntra,PRC DELEGATED CO-COMMISSIONING,DR MASSEY & PARTNERS,26520902,"-3,106.40",LL000037819
Department of Health,NHS Lincolnshire East CCG,31/03/2019,C&M-GMS Cost of Drugs -Dispensing,LOCAL ENHANCED SERVICES,DR MASSEY & PARTNERS,26520903,"121,031.91",LL000037820
Department of Health,NHS Lincolnshire East CCG,31/03/2019,C&M-GMS Prof Fees Dispensing,PRC DELEGATED CO-COMMISSIONING,DR MASSEY & PARTNERS,26520903,"21,436.81",LL000037820
Department of Health,NHS Lincolnshire East CCG,31/03/2019,C&M-GMS PrscrptnChrgsColl&RmttdbyGP,LOCAL ENHANCED SERVICES,DR MASSEY & PARTNERS,26520903,"3,106.40",LL000037820
Department of Health,NHS Lincolnshire East CCG,31/03/2019,C&M-GMS Cost of Drugs -Dispensing,LOCAL ENHANCED SERVICES,DR PARKER & PARTNERS LOUTH,26520906,"-103,612.78",LL000037823
Department of Health,NHS Lincolnshire East CCG,31/03/2019,C&M-GMS PrscChrgsCll&RmttdbyGPCntra,PRC DELEGATED CO-COMMISSIONING,DR PARKER & PARTNERS LOUTH,26520906,"-3,511.20",LL000037823
Department of Health,NHS Lincolnshire East CCG,31/03/2019,C&M-GMS Cost of Drugs -Dispensing,LOCAL ENHANCED SERVICES,DR PARKER & PARTNERS LOUTH,26520907,"183,155.05",LL000037824
Department of Health,NHS Lincolnshire East CCG,31/03/2019,C&M-GMS Prof Fees Dispensing,PRC DELEGATED CO-COMMISSIONING,DR PARKER & PARTNERS LOUTH,26520907,"37,636.34",LL000037824
Department of Health,NHS Lincolnshire East CCG,31/03/2019,C&M-GMS PrscrptnChrgsColl&RmttdbyGP,LOCAL ENHANCED SERVICES,DR PARKER & PARTNERS LOUTH,26520907,"3,511.20",LL000037824
Department of Health,NHS Lincolnshire East CCG,31/03/2019,C&M-GMS Cost of Drugs -Dispensing,LOCAL ENHANCED SERVICES,DR O KELLY & PARTNERS,26520908,"-63,160.34",LL000037825
Department of Health,NHS Lincolnshire East CCG,31/03/2019,C&M-GMS PrscChrgsCll&RmttdbyGPCntra,PRC DELEGATED CO-COMMISSIONING,DR O KELLY & PARTNERS,26520908,"-2,006.40",LL000037825
Department of Health,NHS Lincolnshire East CCG,31/03/2019,C&M-GMS Cost of Drugs -Dispensing,LOCAL ENHANCED SERVICES,DR O KELLY & PARTNERS,26520909,"113,625.89",LL000037826
Department of Health,NHS Lincolnshire East CCG,31/03/2019,C&M-GMS Prof Fees Dispensing,PRC DELEGATED CO-COMMISSIONING,DR O KELLY & PARTNERS,26520909,"25,205.93",LL000037826
Department of Health,NHS Lincolnshire East CCG,31/03/2019,C&M-GMS PrscrptnChrgsColl&RmttdbyGP,LOCAL ENHANCED SERVICES,DR O KELLY & PARTNERS,26520909,"2,006.40",LL000037826
Department of Health,NHS Lincolnshire East CCG,31/03/2019,C&M-GMS Cost of Drugs -Dispensing,LOCAL ENHANCED SERVICES,DR MITCHELL & PARTNERS,26520910,"-51,428.16",LL000037827
Department of Health,NHS Lincolnshire East CCG,31/03/2019,C&M-GMS PrscChrgsCll&RmttdbyGPCntra,PRC DELEGATED CO-COMMISSIONING,DR MITCHELL & PARTNERS,26520910,"-1,900.80",LL000037827
Department of Health,NHS Lincolnshire East CCG,31/03/2019,C&M-GMS Cost of Drugs -Dispensing,LOCAL ENHANCED SERVICES,DR MITCHELL & PARTNERS,26520911,"90,933.46",LL000037828
Department of Health,NHS Lincolnshire East CCG,31/03/2019,C&M-GMS Prof Fees Dispensing,PRC DELEGATED CO-COMMISSIONING,DR MITCHELL & PARTNERS,26520911,"19,179.37",LL000037828
Department of Health,NHS Lincolnshire East CCG,31/03/2019,C&M-GMS PrscrptnChrgsColl&RmttdbyGP,LOCAL ENHANCED SERVICES,DR MITCHELL & PARTNERS,26520911,"1,900.80",LL000037828
Department of Health,NHS Lincolnshire East CCG,31/03/2019,C&M-GMS Cost of Drugs -Dispensing,LOCAL ENHANCED SERVICES,DR RAMON & PARTNERS,26520912,"-55,888.44",LL000037829
Department of Health,NHS Lincolnshire East CCG,31/03/2019,C&M-GMS PrscChrgsCll&RmttdbyGPCntra,PRC DELEGATED CO-COMMISSIONING,DR RAMON & PARTNERS,26520912,"-1,355.20",LL000037829
Department of Health,NHS Lincolnshire East CCG,31/03/2019,C&M-GMS Cost of Drugs -Dispensing,LOCAL ENHANCED SERVICES,DR RAMON & PARTNERS,26520913,"92,399.74",LL000037830
Department of Health,NHS Lincolnshire East CCG,31/03/2019,C&M-GMS Prof Fees Dispensing,PRC DELEGATED CO-COMMISSIONING,DR RAMON & PARTNERS,26520913,"19,601.09",LL000037830
Department of Health,NHS Lincolnshire East CCG,31/03/2019,C&M-GMS PrscrptnChrgsColl&RmttdbyGP,LOCAL ENHANCED SERVICES,DR RAMON & PARTNERS,26520913,"1,355.20",LL000037830
Department of Health,NHS Lincolnshire East CCG,31/03/2019,C&M-GMS Cost of Drugs -Dispensing,LOCAL ENHANCED SERVICES,DR ROGERS & PARTNERS,26520914,"-24,507.65",LL000037833
Department of Health,NHS Lincolnshire East CCG,31/03/2019,C&M-GMS PrscChrgsCll&RmttdbyGPCntra,PRC DELEGATED CO-COMMISSIONING,DR ROGERS & PARTNERS,26520914,"-1,196.80",LL000037833
Department of Health,NHS Lincolnshire East CCG,31/03/2019,C&M-GMS Cost of Drugs -Dispensing,LOCAL ENHANCED SERVICES,DR ROGERS & PARTNERS,26520915,"39,920.64",LL000037834
Department of Health,NHS Lincolnshire East CCG,31/03/2019,C&M-GMS Prof Fees Dispensing,PRC DELEGATED CO-COMMISSIONING,DR ROGERS & PARTNERS,26520915,"9,366.12",LL000037834
Department of Health,NHS Lincolnshire East CCG,31/03/2019,C&M-GMS PrscrptnChrgsColl&RmttdbyGP,LOCAL ENHANCED SERVICES,DR ROGERS & PARTNERS,26520915,"1,196.80",LL000037834
Department of Health,NHS Lincolnshire East CCG,31/03/2019,C&M-GMS Cost of Drugs -Dispensing,LOCAL ENHANCED SERVICES,DR SR BAXTER & PARTNERS,26520917,"-30,686.72",LL000037836
Department of Health,NHS Lincolnshire East CCG,31/03/2019,C&M-GMS PrscChrgsCll&RmttdbyGPCntra,PRC DELEGATED CO-COMMISSIONING,DR SR BAXTER & PARTNERS,26520917,-545.6,LL000037836
Department of Health,NHS Lincolnshire East CCG,31/03/2019,C&M-GMS Cost of Drugs -Dispensing,LOCAL ENHANCED SERVICES,DR SR BAXTER & PARTNERS,26520918,"53,286.55",LL000037837
Department of Health,NHS Lincolnshire East CCG,31/03/2019,C&M-GMS Prof Fees Dispensing,PRC DELEGATED CO-COMMISSIONING,DR SR BAXTER & PARTNERS,26520918,"13,289.23",LL000037837
Department of Health,NHS Lincolnshire East CCG,31/03/2019,C&M-GMS PrscrptnChrgsColl&RmttdbyGP,LOCAL ENHANCED SERVICES,DR SR BAXTER & PARTNERS,26520918,545.6,LL000037837
Department of Health,NHS Lincolnshire East CCG,31/03/2019,C&M-GMS Cost of Drugs -Dispensing,LOCAL ENHANCED SERVICES,DR WOOLLARD & PARTNERS,26520919,"-39,907.70",LL000037838
Department of Health,NHS Lincolnshire East CCG,31/03/2019,C&M-GMS PrscChrgsCll&RmttdbyGPCntra,PRC DELEGATED CO-COMMISSIONING,DR WOOLLARD & PARTNERS,26520919,"-1,760.00",LL000037838
Department of Health,NHS Lincolnshire East CCG,31/03/2019,C&M-GMS Cost of Drugs -Dispensing,LOCAL ENHANCED SERVICES,DR WOOLLARD & PARTNERS,26520920,"68,040.93",LL000037839
Department of Health,NHS Lincolnshire East CCG,31/03/2019,C&M-GMS Prof Fees Dispensing,PRC DELEGATED CO-COMMISSIONING,DR WOOLLARD & PARTNERS,26520920,"14,838.65",LL000037839
Department of Health,NHS Lincolnshire East CCG,31/03/2019,C&M-GMS PrscrptnChrgsColl&RmttdbyGP,LOCAL ENHANCED SERVICES,DR WOOLLARD & PARTNERS,26520920,"1,760.00",LL000037839
Department of Health,NHS Lincolnshire East CCG,31/03/2019,C&M-GMS Cost of Drugs -Dispensing,LOCAL ENHANCED SERVICES,DR T WATKINS & PARTNERS,26520921,"-36,805.56",LL000037840
Department of Health,NHS Lincolnshire East CCG,31/03/2019,C&M-GMS PrscChrgsCll&RmttdbyGPCntra,PRC DELEGATED CO-COMMISSIONING,DR T WATKINS & PARTNERS,26520921,"-2,006.40",LL000037840
Department of Health,NHS Lincolnshire East CCG,31/03/2019,C&M-GMS Cost of Drugs -Dispensing,LOCAL ENHANCED SERVICES,DR T WATKINS & PARTNERS,26520922,"63,799.75",LL000037841
Department of Health,NHS Lincolnshire East CCG,31/03/2019,C&M-GMS Prof Fees Dispensing,PRC DELEGATED CO-COMMISSIONING,DR T WATKINS & PARTNERS,26520922,"12,048.61",LL000037841
Department of Health,NHS Lincolnshire East CCG,31/03/2019,C&M-GMS PrscrptnChrgsColl&RmttdbyGP,LOCAL ENHANCED SERVICES,DR T WATKINS & PARTNERS,26520922,"2,006.40",LL000037841
Department of Health,NHS Lincolnshire East CCG,31/03/2019,C&M-GMS Cost of Drugs -Dispensing,LOCAL ENHANCED SERVICES,DR TELFER & PARTNERS,26520923,"-69,225.88",LL000037842
Department of Health,NHS Lincolnshire East CCG,31/03/2019,C&M-GMS PrscChrgsCll&RmttdbyGPCntra,PRC DELEGATED CO-COMMISSIONING,DR TELFER & PARTNERS,26520923,"-2,560.80",LL000037842
Department of Health,NHS Lincolnshire East CCG,31/03/2019,C&M-GMS Cost of Drugs -Dispensing,LOCAL ENHANCED SERVICES,DR TELFER & PARTNERS,26520924,"136,770.42",LL000037843
Department of Health,NHS Lincolnshire East CCG,31/03/2019,C&M-GMS Prof Fees Dispensing,PRC DELEGATED CO-COMMISSIONING,DR TELFER & PARTNERS,26520924,"25,881.58",LL000037843
Department of Health,NHS Lincolnshire East CCG,31/03/2019,C&M-GMS PrscrptnChrgsColl&RmttdbyGP,LOCAL ENHANCED SERVICES,DR TELFER & PARTNERS,26520924,"2,560.80",LL000037843
Department of Health,NHS Lincolnshire East CCG,31/03/2019,C&M-GMS Cost of Drugs -Dispensing,LOCAL ENHANCED SERVICES,KIRTON MEDICAL CENTRE,26520926,"31,085.66",LL000037845
Department of Health,NHS Lincolnshire East CCG,31/03/2019,C&M-GMS Prof Fees Dispensing,PRC DELEGATED CO-COMMISSIONING,KIRTON MEDICAL CENTRE,26520926,"5,578.12",LL000037845
Department of Health,NHS Lincolnshire East CCG,31/03/2019,C&M-GMS PrscrptnChrgsColl&RmttdbyGP,LOCAL ENHANCED SERVICES,KIRTON MEDICAL CENTRE,26520926,"1,126.40",LL000037845
Department of Health,NHS Lincolnshire East CCG,31/03/2019,C&M-GMS Cost of Drugs -Dispensing,LOCAL ENHANCED SERVICES,JAMES STREET FAMILY PRACTICE,26520927,"-46,394.24",LL000037846
Department of Health,NHS Lincolnshire East CCG,31/03/2019,C&M-GMS PrscChrgsCll&RmttdbyGPCntra,PRC DELEGATED CO-COMMISSIONING,JAMES STREET FAMILY PRACTICE,26520927,-360.8,LL000037846
Department of Health,NHS Lincolnshire East CCG,31/03/2019,C&M-GMS Cost of Drugs -Dispensing,LOCAL ENHANCED SERVICES,JAMES STREET FAMILY PRACTICE,26520928,"72,346.29",LL000037847
Department of Health,NHS Lincolnshire East CCG,31/03/2019,C&M-GMS Prof Fees Dispensing,PRC DELEGATED CO-COMMISSIONING,JAMES STREET FAMILY PRACTICE,26520928,"18,684.98",LL000037847
Department of Health,NHS Lincolnshire East CCG,31/03/2019,C&M-GMS PrscrptnChrgsColl&RmttdbyGP,LOCAL ENHANCED SERVICES,JAMES STREET FAMILY PRACTICE,26520928,360.8,LL000037847
Department of Health,NHS Lincolnshire East CCG,31/03/2019,C&M-GMS Cost of Drugs -Dispensing,LOCAL ENHANCED SERVICES,TASBURGH LODGE SURGERY,26520930,"26,585.75",LL000037849
Department of Health,NHS Lincolnshire East CCG,31/03/2019,C&M-GMS Prof Fees Dispensing,PRC DELEGATED CO-COMMISSIONING,TASBURGH LODGE SURGERY,26520930,"6,263.71",LL000037849
Department of Health,NHS Lincolnshire East CCG,31/03/2019,C&M-GMS PrscrptnChrgsColl&RmttdbyGP,LOCAL ENHANCED SERVICES,TASBURGH LODGE SURGERY,26520930,272.8,LL000037849
Department of Health,NHS Lincolnshire East CCG,31/03/2019,C&M-GMS Cost of Drugs -Dispensing,LOCAL ENHANCED SERVICES,WOODHALL SPA NEW SURGERY,26520931,"-55,869.46",LL000037850
Department of Health,NHS Lincolnshire East CCG,31/03/2019,C&M-GMS PrscChrgsCll&RmttdbyGPCntra,PRC DELEGATED CO-COMMISSIONING,WOODHALL SPA NEW SURGERY,26520931,"-1,812.80",LL000037850
Department of Health,NHS Lincolnshire East CCG,31/03/2019,C&M-GMS Cost of Drugs -Dispensing,LOCAL ENHANCED SERVICES,WOODHALL SPA NEW SURGERY,26520932,"103,291.14",LL000037851
Department of Health,NHS Lincolnshire East CCG,31/03/2019,C&M-GMS Prof Fees Dispensing,PRC DELEGATED CO-COMMISSIONING,WOODHALL SPA NEW SURGERY,26520932,"19,442.85",LL000037851
Department of Health,NHS Lincolnshire East CCG,31/03/2019,C&M-GMS PrscrptnChrgsColl&RmttdbyGP,LOCAL ENHANCED SERVICES,WOODHALL SPA NEW SURGERY,26520932,"1,812.80",LL000037851
Department of Health,NHS Lincolnshire East CCG,31/03/2019,C&M-GMS Cost of Drugs -Dispensing,LOCAL ENHANCED SERVICES,STICKNEY SURGERY,26520934,"-82,510.40",LL000037831
Department of Health,NHS Lincolnshire East CCG,31/03/2019,C&M-GMS PrscChrgsCll&RmttdbyGPCntra,PRC DELEGATED CO-COMMISSIONING,STICKNEY SURGERY,26520934,"-4,901.60",LL000037831
Department of Health,NHS Lincolnshire East CCG,31/03/2019,C&M-GMS Cost of Drugs -Dispensing,LOCAL ENHANCED SERVICES,STICKNEY SURGERY,26520935,"143,966.21",LL000037832
Department of Health,NHS Lincolnshire East CCG,31/03/2019,C&M-GMS Prof Fees Dispensing,PRC DELEGATED CO-COMMISSIONING,STICKNEY SURGERY,26520935,"31,287.04",LL000037832
Department of Health,NHS Lincolnshire East CCG,31/03/2019,C&M-GMS PrscrptnChrgsColl&RmttdbyGP,LOCAL ENHANCED SERVICES,STICKNEY SURGERY,26520935,"4,901.60",LL000037832
Department of Health,NHS Lincolnshire East CCG,31/03/2019,C&M-GMS LES Basket of Procedures,LOCAL ENHANCED SERVICES,PARKSIDE SURGICAL CENTRE,26525579,"32,474.00",03T67471DEC18E
Department of Health,NHS Lincolnshire East CCG,31/03/2019,Clinical&Medical-Othe Public Sector,CHILD AND ADOLESCENT MENTAL HEALTH,LINCOLNSHIRE COUNTY COUNCIL,26525609,"68,760.00",10076419
Department of Health,NHS Lincolnshire East CCG,31/03/2019,Clinical&Medical-Independent Sector,URGENT CARE,ALLIED HEALTH SOUTH LINCOLNSHIRE LTD,26569659,"26,000.00",33
Department of Health,NHS Lincolnshire East CCG,31/03/2019,Computer Network Costs,ADMIN PROJECTS,LINCOLNSHIRE COUNTY COUNCIL,26569695,"36,000.00",10073585
Department of Health,NHS Lincolnshire East CCG,31/03/2019,Clinical&Medical-Independent Sector,COMMUNITY SERVICES,CARE UK CLINICAL SERVICES LTD,26569741,"32,140.25",100089156
Department of Health,NHS Lincolnshire East CCG,31/03/2019,Computer Software/License,ADMIN PROJECTS,LINCOLNSHIRE COUNTY COUNCIL,26569778,"36,360.00",10076925
Department of Health,NHS Lincolnshire East CCG,31/03/2019,Charges from CSU,ADMIN PROJECTS,NHS ARDEN AND GEM CSU,26569914,"27,664.54",7312613837
Department of Health,NHS Lincolnshire East CCG,31/03/2019,Charges from CSU,CONTINUING HEALTHCARE ASSESSMENT & SUPPORT,NHS ARDEN AND GEM CSU,26569914,337.43,7312613837
Department of Health,NHS Lincolnshire East CCG,31/03/2019,Charges from CSU,CORPORATE COSTS & SERVICES,NHS ARDEN AND GEM CSU,26569914,"3,323.09",7312613837
Department of Health,NHS Lincolnshire East CCG,31/03/2019,Charges from CSU,INNOVATION FUND,NHS ARDEN AND GEM CSU,26569914,788.82,7312613837
Department of Health,NHS Lincolnshire East CCG,31/03/2019,Charges from CSU,NON RECURRENT PROGRAMMES,NHS ARDEN AND GEM CSU,26569914,49.5,7312613837
Department of Health,NHS Lincolnshire East CCG,31/03/2019,Charges from CSU,Nursing and Quality Programme,NHS ARDEN AND GEM CSU,26569914,63,7312613837
Department of Health,NHS Lincolnshire East CCG,31/03/2019,Charges from CSU,Service Planning & Reform,NHS ARDEN AND GEM CSU,26569914,186.38,7312613837
Department of Health,NHS Lincolnshire East CCG,31/03/2019,Clinical&Medical-Independent Sector,URGENT CARE,ALLIED HEALTH SOUTH LINCOLNSHIRE LTD,26569926,"-26,000.00",37
Department of Health,NHS Lincolnshire East CCG,31/03/2019,Computer Software/License,ADMIN PROJECTS,LINCOLNSHIRE COUNTY COUNCIL,26569931,"-36,360.00",10077391
Department of Health,NHS Lincolnshire East CCG,31/03/2019,Computer Network Costs,ADMIN PROJECTS,LINCOLNSHIRE COUNTY COUNCIL,26569954,"-36,000.00",10077389
Department of Health,NHS Lincolnshire East CCG,31/03/2019,Clinical&Medical-Commercial Sector,COMMUNITY SERVICES,LINCOLNSHIRE COUNTY COUNCIL,26577105,"87,543.00",10076869
Department of Health,NHS Lincolnshire East CCG,31/03/2019,Clinical&Medical-Othe Public Sector,CARERS,LINCOLNSHIRE COUNTY COUNCIL,26577105,"344,938.00",10076869
Department of Health,NHS Lincolnshire East CCG,31/03/2019,Clinical&Medical-Othe Public Sector,CHILD AND ADOLESCENT MENTAL HEALTH,LINCOLNSHIRE COUNTY COUNCIL,26577105,"190,223.00",10076869
Department of Health,NHS Lincolnshire East CCG,31/03/2019,Clinical&Medical-Othe Public Sector,LEARNING DIFFICULTIES,LINCOLNSHIRE COUNTY COUNCIL,26577105,"493,300.00",10076869
Department of Health,NHS Lincolnshire East CCG,31/03/2019,External Contractors,URGENT CARE,NESTA,26578904,"90,000.00",2106
Department of Health,NHS Lincolnshire East CCG,31/03/2019,C&M-GMS Practice Transformational Support,LOCAL ENHANCED SERVICES,DR O KELLY & PARTNERS,26579357,"29,300.00",103449-22-MAR-2019
Department of Health,NHS Lincolnshire East CCG,31/03/2019,C&M-GMS Practice Transformational Support,LOCAL ENHANCED SERVICES,DR SR BAXTER & PARTNERS,26579358,"29,300.00",103448-22-MAR-2019
Department of Health,NHS Lincolnshire East CCG,31/03/2019,C&M-GMS Practice Transformational Support,LOCAL ENHANCED SERVICES,ALFORD GROUP DOCTORS,26579359,"80,575.00",103450-22-MAR-2019
Department of Health,NHS Lincolnshire East CCG,31/03/2019,C&M-GMS Practice Transformational Support,LOCAL ENHANCED SERVICES,TASBURGH LODGE SURGERY,26579360,"225,248.00",103447-22-MAR-2019
Department of Health,NHS Lincolnshire East CCG,31/03/2019,Seconded-Basic Sal-Staff fm oth org,PRIMARY CARE DEVELOPMENT,LINCS COMMUNITY HEALTH SERVICES NHS TRUST,26603841,"33,535.32",4000042588
Department of Health,NHS Lincolnshire East CCG,31/03/2019,Clinical&Medical-Independent Sector - Contract Baseline,HOSPICES,ST BARNABAS HOSPICE TRUST,26603878,"104,415.38",SIN001696
Department of Health,NHS Lincolnshire East CCG,31/03/2019,Clinical&Medical-Independent Sector,PRIMARY CARE DEVELOPMENT,ST BARNABAS HOSPICE TRUST,26606055,"35,000.00",SIN001725
Department of Health,NHS Lincolnshire East CCG,31/03/2019,Cont Care-Funded Nursing Care Allow,FUNDED NURSING CARE,LINCOLNSHIRE COUNTY COUNCIL,26606175,"544,087.30",10077456
Department of Health,NHS Lincolnshire East CCG,31/03/2019,Computer Software/License,ADMIN PROJECTS,LINCOLNSHIRE COUNTY COUNCIL,26606291,"30,300.00",10077366
Department of Health,NHS Lincolnshire East CCG,31/03/2019,Computer Network Costs,ADMIN PROJECTS,LINCOLNSHIRE COUNTY COUNCIL,26606308,"30,000.00",10077361
Department of Health,NHS Lincolnshire East CCG,31/03/2019,C&M-GMS Practice Transformational Support,LOCAL ENHANCED SERVICES,DR KELLY & PARTNERS,26613057,"35,072.00",103455-22-MAR-2019
Department of Health,NHS Lincolnshire East CCG,31/03/2019,C&M-GMS Practice Transformational Support,LOCAL ENHANCED SERVICES,DR DODDRELL & PARTNERS,26613059,"133,073.00",103452-22-MAR-2019
Department of Health,NHS Lincolnshire East CCG,31/03/2019,C&M-GMS Practice Transformational Support,LOCAL ENHANCED SERVICES,DR PJ HARRIS & PARTNERS,26613061,"31,030.00",103454-22-MAR-2019
Department of Health,NHS Lincolnshire East CCG,31/03/2019,Hcare Srv Rec Fdtn Trust-Prior Year,ACUTE COMMISSIONING,NORTHERN LINCOLNSHIRE AND GOOLE HOSPITALS NHS FOUNDATION TRUST,26635230,"104,800.00",2400019524
Department of Health,NHS Lincolnshire East CCG,31/03/2019,Hcare Srv Rec Fdtn Trust-Prior Year,ACUTE COMMISSIONING,NORTHERN LINCOLNSHIRE AND GOOLE HOSPITALS NHS FOUNDATION TRUST,26635242,"125,543.00",2400019860
Department of Health,NHS Lincolnshire East CCG,31/03/2019,Hcare Srv Rec NHS Trust,COMMUNITY SERVICES,LINCS COMMUNITY HEALTH SERVICES NHS TRUST,26635409,"506,377.92",4000044167
Department of Health,NHS Lincolnshire East CCG,31/03/2019,Hcare Srv Rec NHS Trust-CQUIN,ACUTE COMMISSIONING,UNITED LINCOLNSHIRE HOSPITALS NHS TRUST,26635417,"110,629.22",197481
Department of Health,NHS Lincolnshire East CCG,31/03/2019,Hcare Srv Rec NHS Trust-Contract Baseline,ACUTE COMMISSIONING,UNITED LINCOLNSHIRE HOSPITALS NHS TRUST,26635417,"9,284,849.34",197481
Department of Health,NHS Lincolnshire East CCG,31/03/2019,Hcare Srv Rec Fdtn Trust-Prior Year,ACUTE COMMISSIONING,NORTHERN LINCOLNSHIRE AND GOOLE HOSPITALS NHS FOUNDATION TRUST,26635492,"-350,083.78",2500002880
Department of Health,NHS Lincolnshire East CCG,31/03/2019,Clinical&Medical-Independent Sector - Over/ Under Performance,ACUTE COMMISSIONING,BOSTON WEST HOSPITAL,26635504,"-63,070.65",OCTOBER18BW03TSC03
Department of Health,NHS Lincolnshire East CCG,31/03/2019,Clinical&Medical-Clinical Other,COMMUNITY SERVICES,LOUTH SPECSAVERS HEARCARE LTD,26635557,"45,076.75",22090023
Department of Health,NHS Lincolnshire East CCG,31/03/2019,Clinical&Medical-Clinical Other,COMMUNITY SERVICES,GRANTHAM SPECSAVERS HEARCARE LTD,26635562,"47,641.00",21560101
Department of Health,NHS Lincolnshire East CCG,31/03/2019,Hcare Srv Rec Fdtn Trust-CQUIN,ACUTE COMMISSIONING,NORTHERN LINCOLNSHIRE AND GOOLE HOSPITALS NHS FOUNDATION TRUST,26640799,"34,341.27",2400023294
Department of Health,NHS Lincolnshire East CCG,31/03/2019,Hcare Srv Rec Fdtn Trust-Contract Baseline,ACUTE COMMISSIONING,NORTHERN LINCOLNSHIRE AND GOOLE HOSPITALS NHS FOUNDATION TRUST,26640799,"2,747,301.73",2400023294
Department of Health,NHS Lincolnshire East CCG,31/03/2019,Clinical&Medical-Independent Sector - Contract Baseline,HOSPICES,ST BARNABAS HOSPICE TRUST,26649937,"104,415.38",SIN001708
Department of Health,NHS Lincolnshire East CCG,31/03/2019,C&M-GMS Practice Transformational Support,LOCAL ENHANCED SERVICES,DR O KELLY & PARTNERS,26649938,"43,180.00",103457-27-MAR-2019
Department of Health,NHS Lincolnshire East CCG,31/03/2019,Hcare Srv Rec Fdtn Trust-Non Contract,NCAS/OATS,ROYAL PAPWORTH HOSPITAL NHS FOUNDATION TRUST,26653278,"26,833.26",57795827
Department of Health,NHS Lincolnshire East CCG,31/03/2019,Hcare Srv Rec Fdtn Trust-CQUIN,ACUTE COMMISSIONING,CAMBRIDGE UNIVERSITY HOSPITALS NHS FOUNDATION TRUST,26653437,408.04,70024804
Department of Health,NHS Lincolnshire East CCG,31/03/2019,Hcare Srv Rec Fdtn Trust-Contract Baseline,ACUTE COMMISSIONING,CAMBRIDGE UNIVERSITY HOSPITALS NHS FOUNDATION TRUST,26653437,"34,583.33",70024804
