Department family,Entity,Date,Expense Type,Expense area,Supplier,Transaction number,AP Amount (�),VAT registration number,Purchase invoice number
Department of Health,NHS Sutton CCG,7/31/2018,C&M-GMS Global Sum,PRC DELEGATED CO-COMMISSIONING,A F FROLEY,23123540,"38,946.05 ",,LNP000028742
Department of Health,NHS Sutton CCG,7/31/2018,C&M-PMS Contract Value,PRC DELEGATED CO-COMMISSIONING,A HAFEEZ,22948754,"28,369.41 ",,LNP000028494
Department of Health,NHS Sutton CCG,7/31/2018,Clinical&Medical-Independent Sector,DEMENTIA,ALZHEIMERS SOCIETY,23229540,"27,500.00 ",GB974843571,PSI162942
Department of Health,NHS Sutton CCG,7/31/2018,Hlthcre-Foundation Trsts,NCAS/OATS,ASHFORD & ST PETERS HOSPITALS NHSFT,23079055,"39,517.00 ",GB654969284,14502082
Department of Health,NHS Sutton CCG,7/31/2018,C&M-PMS Contract Value,PRC DELEGATED CO-COMMISSIONING,B HUDSON,22948756,"59,516.97 ",,LNP000028496
Department of Health,NHS Sutton CCG,7/31/2018,C&M-PMS Contract Value,PRC DELEGATED CO-COMMISSIONING,BISHOPSFORD ROAD MEDICAL CENTRE,22948800,"34,694.12 ",,LNP000028540
Department of Health,NHS Sutton CCG,7/31/2018,C&M-PMS Contract Value,PRC DELEGATED CO-COMMISSIONING,C J ELLIOTT,22948758,"77,227.08 ",,LNP000028498
Department of Health,NHS Sutton CCG,7/31/2018,C&M-PMS Contract Value,PRC DELEGATED CO-COMMISSIONING,CHEAM FAMILY PRACTICE,22948760,"81,013.85 ",,LNP000028500
Department of Health,NHS Sutton CCG,7/31/2018,Hlthcre-Foundation Trsts,ACUTE COMMISSIONING,CHELSEA AND WESTMINSTER HOSPITAL NHS FOUNDATION TRUST,22907586,"28,406.63 ",654915415,N0023654
Department of Health,NHS Sutton CCG,7/31/2018,Hlthcre-Foundation Trsts,ACUTE COMMISSIONING,CHELSEA AND WESTMINSTER HOSPITAL NHS FOUNDATION TRUST,23245741,"28,406.63 ",654915415,N0024546
Department of Health,NHS Sutton CCG,7/31/2018,Hcare Srv Rec NHS Trust,ACUTE COMMISSIONING,CROYDON HEALTH SERVICES NHS TRUST,22879820,"134,203.25 ",654929301,I0120491
Department of Health,NHS Sutton CCG,7/31/2018,Hcare Srv Rec NHS Trust,ACUTE COMMISSIONING,CROYDON HEALTH SERVICES NHS TRUST,23112404,"146,240.67 ",654929301,I0121190
Department of Health,NHS Sutton CCG,7/31/2018,C&M-PMS Contract Value,PRC DELEGATED CO-COMMISSIONING,DR A DITRI & PARTNERS,22948762,"44,926.46 ",,LNP000028502
Department of Health,NHS Sutton CCG,7/31/2018,C&M-PMS Contract Value,PRC DELEGATED CO-COMMISSIONING,DR A GALLOWAY & PARTNERS,22948764,"101,136.80 ",,LNP000028504
Department of Health,NHS Sutton CCG,7/31/2018,C&M-PMS Contract Value,PRC DELEGATED CO-COMMISSIONING,DR A J FREE,22948766,"57,322.71 ",,LNP000028506
Department of Health,NHS Sutton CCG,7/31/2018,C&M-PMS Contract Value,PRC DELEGATED CO-COMMISSIONING,DR C A M BRENNAN & PARTNER,22948768,"32,834.06 ",,LNP000028508
Department of Health,NHS Sutton CCG,7/31/2018,C&M-PMS Funding Differential Review,PRC DELEGATED CO-COMMISSIONING,DR I M WILSON,22948770,"25,524.72 ",,LNP000028510
Department of Health,NHS Sutton CCG,7/31/2018,C&M-PMS Contract Value,PRC DELEGATED CO-COMMISSIONING,DR I M WILSON,22948770,"109,471.55 ",,LNP000028510
Department of Health,NHS Sutton CCG,7/31/2018,C&M-PMS Contract Value,PRC DELEGATED CO-COMMISSIONING,DR T H TOOSY,22948772,"26,696.36 ",,LNP000028512
Department of Health,NHS Sutton CCG,7/31/2018,C&M-PMS Contract Value,PRC DELEGATED CO-COMMISSIONING,ELLIOTT GRICE & PARTNERS,22948774,"88,796.09 ",,LNP000028514
Department of Health,NHS Sutton CCG,7/31/2018,Hcare Srv Rec NHS Trust,PLANNED CARE,EPSOM & ST HELIER UNIVERSITY HOSPITALS NHS TRUST,23112403,"8,772,799.00 ",,19750780
Department of Health,NHS Sutton CCG,7/31/2018,C&M-PMS Contract Value,PRC DELEGATED CO-COMMISSIONING,FACCINI HOUSE SURGERY,22948776,"36,548.10 ",,LNP000028516
Department of Health,NHS Sutton CCG,7/31/2018,C&M-PMS Prem Healthcentre Rent,PRC DELEGATED CO-COMMISSIONING,GREEN WRYTHE SURGERY,22948798,"43,919.80 ",,LNP000028538
Department of Health,NHS Sutton CCG,7/31/2018,C&M-PMS Contract Value,PRC DELEGATED CO-COMMISSIONING,GREEN WRYTHE SURGERY,22948798,"72,882.08 ",,LNP000028538
Department of Health,NHS Sutton CCG,7/31/2018,C&M-PMS Contract Value,PRC DELEGATED CO-COMMISSIONING,H R LINGS,22948778,"94,790.38 ",,LNP000028518
Department of Health,NHS Sutton CCG,7/31/2018,C&M-PMS Contract Value,PRC DELEGATED CO-COMMISSIONING,HACKBRIDGE MEDICAL CENTRE,22948780,"33,357.10 ",,LNP000028520
Department of Health,NHS Sutton CCG,7/31/2018,Clinical&Medical-Voluntary Sector,MENTAL HEALTH SERVICES - OLDER PEOPLE,HEXAGON HOUSING ASSOCIATION,23238043,"63,687.50 ",,10083
Department of Health,NHS Sutton CCG,7/31/2018,National Insurance < 1 yr-NI- ERS,BALANCE SHEET,HMRC,22998967,"32,855.69 ",,475PN004447001903
Department of Health,NHS Sutton CCG,7/31/2018,Income tax <1Yr,BALANCE SHEET,HMRC,22998967,"50,614.55 ",,475PN004447001903
Department of Health,NHS Sutton CCG,7/31/2018,Hlthcre-Foundation Trsts,NCAS/OATS,HOMERTON UNIVERSITY HOSPITAL NHS FOUNDATION TRUST,22858591,"25,618.68 ",654965884,153521
Department of Health,NHS Sutton CCG,7/31/2018,Clinical&Medical-Independent Sector,INTERMEDIATE CARE,HOPELIT UK LTD,23075949,"66,634.29 ",,390618
Department of Health,NHS Sutton CCG,7/31/2018,C&M-PMS Practice Transformational Support,LOCAL ENHANCED SERVICES,HOUNSLOW AND RICHMOND COMMUNITY HEALTHCARE NHS TRUST,23229513,"30,000.00 ",,HI15067
Department of Health,NHS Sutton CCG,7/31/2018,C&M-PMS Practice Transformational Support,LOCAL ENHANCED SERVICES,HOUNSLOW AND RICHMOND COMMUNITY HEALTHCARE NHS TRUST,23229472,"50,000.00 ",,HI14884
Department of Health,NHS Sutton CCG,7/31/2018,C&M-PMS Contract Value,PRC DELEGATED CO-COMMISSIONING,JM LONGLEY,22948782,"32,217.56 ",,LNP000028522
Department of Health,NHS Sutton CCG,7/31/2018,C&M-PMS Contract Value,PRC DELEGATED CO-COMMISSIONING,K KO,22948786,"56,898.64 ",,LNP000028526
Department of Health,NHS Sutton CCG,7/31/2018,Hlthcre-Foundation Trsts,ACUTE COMMISSIONING,KING'S COLLEGE HOSPITAL NHS FOUNDATION TRUST,23157412,"50,604.00 ",,00261080
Department of Health,NHS Sutton CCG,7/31/2018,Hlthcre-Foundation Trsts,ACUTE COMMISSIONING,KINGSTON HOSPITAL NHS FOUNDATION TRUST,23112405,"107,839.00 ",654927209,1400017640
Department of Health,NHS Sutton CCG,7/31/2018,C&M-PMS Contract Value,PRC DELEGATED CO-COMMISSIONING,LEGHARI & MUKTAR PRACTICE,22948788,"31,148.56 ",,LNP000028528
Department of Health,NHS Sutton CCG,7/31/2018,Hcare Srv Rec NHS Trust,AMBULANCE SERVICES,LONDON AMBULANCE SERVICE NHS TRUST,23075945,"84,744.00 ",654967192,L0017502
Department of Health,NHS Sutton CCG,7/31/2018,Hcare Srv Rec NHS Trust,AMBULANCE SERVICES,LONDON AMBULANCE SERVICE NHS TRUST,23057734,"595,720.00 ",654967192,L0018285
Department of Health,NHS Sutton CCG,7/31/2018,Services From Local Authorities,PRIMARY CARE INVESTMENTS,LONDON BOROUGH OF SUTTON,23238039,"60,656.03 ",,3184821298
Department of Health,NHS Sutton CCG,7/31/2018,C&M-PMS Contract Value,PRC DELEGATED CO-COMMISSIONING,MALDON ROAD SURGERY,22948794,"25,432.43 ",,LNP000028534
Department of Health,NHS Sutton CCG,7/31/2018,Hlthcre-Foundation Trsts,ACUTE COMMISSIONING,MOORFIELDS EYE HOSPITAL NHS FOUNDATION TRUST,23231344,"82,736.00 ",,IC0034744
Department of Health,NHS Sutton CCG,7/31/2018,Charges from CSU,PRIMARY CARE IT,NHS NEL CSU,23010528,"31,215.45 ",,7312806253
Department of Health,NHS Sutton CCG,7/31/2018,Charges from CSU,RECHARGES,NHS NEL CSU,22965962,"110,921.16 ",,7312806203
Department of Health,NHS Sutton CCG,7/31/2018,Healthcare Srv Rec CCG,ACUTE COMMISSIONING,NHS WANDSWORTH CCG,23173756,"32,000.00 ",654454133,7025201814
Department of Health,NHS Sutton CCG,7/31/2018,Healthcare Srv Rec CCG,AMBULANCE SERVICES,NHS WANDSWORTH CCG,23173627,"34,903.00 ",654454133,7025200996
Department of Health,NHS Sutton CCG,7/31/2018,Healthcare Srv Rec CCG,AMBULANCE SERVICES,NHS WANDSWORTH CCG,23173634,"44,125.00 ",654454133,7025201082
Department of Health,NHS Sutton CCG,7/31/2018,Healthcare Srv Rec CCG,ACUTE COMMISSIONING,NHS WANDSWORTH CCG,23173755,"47,000.00 ",654454133,7025201813
Department of Health,NHS Sutton CCG,7/31/2018,Clinical&Medical-Serv Recd-CCGs,GP FORWARD VIEW,NHS WANDSWORTH CCG,23229507,"64,579.00 ",654454133,7025201802
Department of Health,NHS Sutton CCG,7/31/2018,Healthcare Srv Rec CCG,AMBULANCE SERVICES,NHS WANDSWORTH CCG,23173770,"127,262.24 ",654454133,7025201818
Department of Health,NHS Sutton CCG,7/31/2018,C&M-PMS Contract Value,PRC DELEGATED CO-COMMISSIONING,R S A SEYAN,22948790,"78,848.18 ",,LNP000028530
Department of Health,NHS Sutton CCG,7/31/2018,Clinical&Medical-Serv Recd-F Trsts,PROGRAMME PROJECTS,ROYAL MARSDEN NHS FOUNDATION TRUST (THE),23079046,"284,597.00 ",,45750750
Department of Health,NHS Sutton CCG,7/31/2018,Hlthcre-Foundation Trsts,ACUTE COMMISSIONING,ROYAL MARSDEN NHS FOUNDATION TRUST (THE),22894117,"414,920.47 ",,45750676
Department of Health,NHS Sutton CCG,7/31/2018,Clinical&Medical-Serv Recd-F Trsts,PROGRAMME PROJECTS,ROYAL MARSDEN NHS FOUNDATION TRUST (THE),23079036,"504,000.00 ",,45750744
Department of Health,NHS Sutton CCG,7/31/2018,Hlthcre-Foundation Trsts,COMMUNITY SERVICES,ROYAL MARSDEN NHS FOUNDATION TRUST (THE),23041009,"1,345,992.00 ",,45750733
Department of Health,NHS Sutton CCG,7/31/2018,Clinical&Medical-Serv Recd-F Trsts,PROGRAMME PROJECTS,ROYAL MARSDEN NHS FOUNDATION TRUST (THE),23079043,"2,216,000.00 ",,45750749
Department of Health,NHS Sutton CCG,7/31/2018,Hcare Srv Rec NHS Trust,MENTAL HEALTH CONTRACTS,SOUTH WEST LONDON AND ST GEORGE`S MENTAL HEALTH NHS TRUST,22942024,"1,219,495.00 ",654964789,P0062328
Department of Health,NHS Sutton CCG,7/31/2018,Hlthcre-Foundation Trsts,CLINICAL ASSESSMENT AND TREATMENT CENTRES,ST GEORGES UNIVERSITY HOSPITALS NHS FOUNDATION TRUST,23112401,"1,184,978.29 ",GB654461922,6435577
Department of Health,NHS Sutton CCG,7/31/2018,Cont Care- Adult 100% Fully Funded,CHC ADULT FULLY FUNDED,ST JUDES NURSING HOME,23092868,"25,650.03 ",,4183
Department of Health,NHS Sutton CCG,7/31/2018,Clinical&Medical-Independent Sector,GP FORWARD VIEW,SUTTON GP SERVICES LTD,22942020,"50,000.00 ",,54
Department of Health,NHS Sutton CCG,7/31/2018,Clinical&Medical-Independent Sector,GP FORWARD VIEW,SUTTON GP SERVICES LTD,23238040,"50,000.00 ",,55
Department of Health,NHS Sutton CCG,7/31/2018,Clinical&Medical-Independent Sector,OUT OF HOURS,VOCARE LTD,23020058,"105,067.42 ",GB-1254 719 18,ARIN2600007896
Department of Health,NHS Sutton CCG,7/31/2018,C&M-PMS Out of Hours Opt Outs,OUT OF HOURS,VOCARE LTD,23229542,"105,067.42 ",GB-1254 719 18,ARIN2600008115
Department of Health,NHS Sutton CCG,7/31/2018,Clinical&Medical-Independent Sector,NHS 111,VOCARE LTD,23020058,"106,772.75 ",GB-1254 719 18,ARIN2600007896
Department of Health,NHS Sutton CCG,7/31/2018,Clinical&Medical-Independent Sector,NHS 111,VOCARE LTD,23229542,"106,772.75 ",GB-1254 719 18,ARIN2600008115
Department of Health,NHS Sutton CCG,7/31/2018,Hlthcre-Foundation Trsts,NCAS/OATS,WESTERN SUSSEX HOSPITALS NHS FOUNDATION TRUST,23229414,"44,324.49 ",65 4439322,1500028502
,,,,,,,,,
