Department family,Entity,Date,Expense Type,Expense area,Supplier,Transaction number,AP Amount (�),VAT registration number,Purchase invoice number
Department of Health,NHS Sutton CCG,11/30/2018,C&M-GMS Global Sum,PRC DELEGATED CO-COMMISSIONING,A F FROLEY,24827984,"39,482.74 ",,LNP000030202
Department of Health,NHS Sutton CCG,11/30/2018,C&M-PMS Contract Value,PRC DELEGATED CO-COMMISSIONING,A HAFEEZ,24666112,"28,816.97 ",,LNP000029952
Department of Health,NHS Sutton CCG,11/30/2018,Clinical&Medical-Independent Sector,INTERMEDIATE CARE,AGE UK SUTTON,24856576,"56,297.40 ",,0261819
Department of Health,NHS Sutton CCG,11/30/2018,Clinical&Medical-Independent Sector,DEMENTIA,ALZHEIMERS SOCIETY,24598042,"27,500.00 ",GB974843571,PSI165539
Department of Health,NHS Sutton CCG,11/30/2018,Clinical&Medical-Independent Sector - Non Contract,NCAS/OATS,ASHTEAD HOSPITAL,24856590,"53,689.00 ",426505170,SUTTCCG67
Department of Health,NHS Sutton CCG,11/30/2018,C&M-PMS Contract Value,PRC DELEGATED CO-COMMISSIONING,B HUDSON,24666114,"60,961.61 ",,LNP000029954
Department of Health,NHS Sutton CCG,11/30/2018,C&M-PMS Contract Value,PRC DELEGATED CO-COMMISSIONING,BISHOPSFORD ROAD MEDICAL CENTRE,24666155,"35,131.73 ",,LNP000029996
Department of Health,NHS Sutton CCG,11/30/2018,Clinical&Medical-Independent Sector - Non Contract,NCAS/OATS,BMI HEALTHCARE LTD,24654459,"25,120.34 ",GB235134980,0000095762
Department of Health,NHS Sutton CCG,11/30/2018,Clinical&Medical-Independent Sector - Non Contract,NCAS/OATS,BMI HEALTHCARE LTD,24654520,"27,895.49 ",GB235134980,0000099854
Department of Health,NHS Sutton CCG,11/30/2018,C&M-PMS Contract Value,PRC DELEGATED CO-COMMISSIONING,C J ELLIOTT,24666116,"77,581.02 ",,LNP000029956
Department of Health,NHS Sutton CCG,11/30/2018,C&M-PMS Contract Value,PRC DELEGATED CO-COMMISSIONING,CARSHALTON FIELDS SURGERY,24666151,"25,042.44 ",,LNP000029992
Department of Health,NHS Sutton CCG,11/30/2018,C&M-PMS Contract Value,PRC DELEGATED CO-COMMISSIONING,CHEAM FAMILY PRACTICE,24666118,"82,365.32 ",,LNP000029958
Department of Health,NHS Sutton CCG,11/30/2018,Cont Care-Funded Nursing Care Allow,FUNDED NURSING CARE,CHEGWORTH NURSING HOME,24955700,"25,576.67 ",,1018FNC1
Department of Health,NHS Sutton CCG,11/30/2018,Hlthcre-Foundation Trsts,ACUTE COMMISSIONING,CHELSEA AND WESTMINSTER HOSPITAL NHS FOUNDATION TRUST,24557494,"28,406.63 ",654915415,N0026704
Department of Health,NHS Sutton CCG,11/30/2018,Cont Care-Mental Health (65+),CHC ADULT FULLY FUNDED,CLAREMONT CARE SERVICES LTD,24955703,"48,465.05 ",,WAROCT18
Department of Health,NHS Sutton CCG,11/30/2018,Clinical&Medical-Independent Sector,CHILD AND ADOLESCENT MENTAL HEALTH,COGNUS LTD,24654494,"30,000.00 ",248319882,COG1047
Department of Health,NHS Sutton CCG,11/30/2018,Clinical&Medical-Independent Sector,CHILD AND ADOLESCENT MENTAL HEALTH,COGNUS LTD,24654498,"30,000.00 ",248319882,COG1046
Department of Health,NHS Sutton CCG,11/30/2018,Hcare Srv Rec NHS Trust,ACUTE COMMISSIONING,CROYDON HEALTH SERVICES NHS TRUST,24838593,"146,240.67 ",654929301,I0123254
Department of Health,NHS Sutton CCG,11/30/2018,C&M-PMS Contract Value,PRC DELEGATED CO-COMMISSIONING,DR A DITRI & PARTNERS,24666120,"45,449.63 ",,LNP000029960
Department of Health,NHS Sutton CCG,11/30/2018,C&M-PMS Contract Value,PRC DELEGATED CO-COMMISSIONING,DR A GALLOWAY & PARTNERS,24666122,"103,074.83 ",,LNP000029962
Department of Health,NHS Sutton CCG,11/30/2018,C&M-PMS Contract Value,PRC DELEGATED CO-COMMISSIONING,DR A J FREE,24666124,"58,188.64 ",,LNP000029964
Department of Health,NHS Sutton CCG,11/30/2018,C&M-PMS Contract Value,PRC DELEGATED CO-COMMISSIONING,DR C A M BRENNAN & PARTNER,24666126,"33,394.15 ",,LNP000029966
Department of Health,NHS Sutton CCG,11/30/2018,C&M-PMS Funding Differential Review,PRC DELEGATED CO-COMMISSIONING,DR I M WILSON,24666128,"25,572.67 ",,LNP000029968
Department of Health,NHS Sutton CCG,11/30/2018,C&M-PMS Prem Actual Rent,PRC DELEGATED CO-COMMISSIONING,DR I M WILSON,24666128,"54,438.48 ",,LNP000029968
Department of Health,NHS Sutton CCG,11/30/2018,C&M-PMS Contract Value,PRC DELEGATED CO-COMMISSIONING,DR I M WILSON,24666128,"110,814.50 ",,LNP000029968
Department of Health,NHS Sutton CCG,11/30/2018,C&M-PMS Contract Value,PRC DELEGATED CO-COMMISSIONING,DR T H TOOSY,24666130,"27,187.03 ",,LNP000029970
Department of Health,NHS Sutton CCG,11/30/2018,C&M-PMS Contract Value,PRC DELEGATED CO-COMMISSIONING,ELLIOTT GRICE & PARTNERS,24666132,"89,836.41 ",,LNP000029972
Department of Health,NHS Sutton CCG,11/30/2018,Hcare Srv Rec NHS Trust,ACUTE ELDERLY SERVICES,EPSOM & ST HELIER UNIVERSITY HOSPITALS NHS TRUST,24937450,"83,333.33 ",654970602,19754388
Department of Health,NHS Sutton CCG,11/30/2018,Hcare Srv Rec NHS Trust,PLANNED CARE,EPSOM & ST HELIER UNIVERSITY HOSPITALS NHS TRUST,24816374,"8,773,688.13 ",654970602,19754387
Department of Health,NHS Sutton CCG,11/30/2018,C&M-PMS Contract Value,PRC DELEGATED CO-COMMISSIONING,FACCINI HOUSE SURGERY,24666134,"36,521.86 ",,LNP000029974
Department of Health,NHS Sutton CCG,11/30/2018,C&M-PMS Contract Value,PRC DELEGATED CO-COMMISSIONING,GREEN WRYTHE SURGERY,24666153,"73,613.48 ",,LNP000029994
Department of Health,NHS Sutton CCG,11/30/2018,C&M-PMS Prem Actual Rent,PRC DELEGATED CO-COMMISSIONING,H R LINGS,24666136,"50,023.35 ",,LNP000029976
Department of Health,NHS Sutton CCG,11/30/2018,C&M-PMS Contract Value,PRC DELEGATED CO-COMMISSIONING,H R LINGS,24666136,"96,248.87 ",,LNP000029976
Department of Health,NHS Sutton CCG,11/30/2018,C&M-PMS Contract Value,PRC DELEGATED CO-COMMISSIONING,HACKBRIDGE MEDICAL CENTRE,24666138,"34,171.38 ",,LNP000029978
Department of Health,NHS Sutton CCG,11/30/2018,National Insurance < 1 yr-NI- ERS,BALANCE SHEET,HMRC,24755028,"34,510.26 ",,475PN004447001907
Department of Health,NHS Sutton CCG,11/30/2018,Income tax <1Yr,BALANCE SHEET,HMRC,24755028,"55,772.15 ",,475PN004447001907
Department of Health,NHS Sutton CCG,11/30/2018,C&M-PMS Contract Value,PRC DELEGATED CO-COMMISSIONING,JAMES O`RIORDAN MEDICAL CENTRE(THE),24666157,"60,968.49 ",,LNP000029998
Department of Health,NHS Sutton CCG,11/30/2018,C&M-PMS Contract Value,PRC DELEGATED CO-COMMISSIONING,JM LONGLEY,24666140,"32,452.58 ",,LNP000029980
Department of Health,NHS Sutton CCG,11/30/2018,C&M-PMS Contract Value,PRC DELEGATED CO-COMMISSIONING,K KO,24693999,"57,814.16 ",,LNP000029982
Department of Health,NHS Sutton CCG,11/30/2018,Hlthcre-Foundation Trsts,ACUTE COMMISSIONING,KING'S COLLEGE HOSPITAL NHS FOUNDATION TRUST,24872842,"50,604.00 ",,00265040
Department of Health,NHS Sutton CCG,11/30/2018,Hlthcre-Foundation Trsts,ACUTE COMMISSIONING,KINGSTON HOSPITAL NHS FOUNDATION TRUST,24557497,"107,839.00 ",654927209,1400018510
Department of Health,NHS Sutton CCG,11/30/2018,Hlthcre-Foundation Trsts,ACUTE COMMISSIONING,KINGSTON HOSPITAL NHS FOUNDATION TRUST,24942973,"107,839.00 ",654927209,1400018791
Department of Health,NHS Sutton CCG,11/30/2018,C&M-PMS Contract Value,PRC DELEGATED CO-COMMISSIONING,LEGHARI & MUKTAR PRACTICE,24666143,"31,483.15 ",,LNP000029984
Department of Health,NHS Sutton CCG,11/30/2018,Cont Care- Adult 100% Fully Funded,CHC ADULT FULLY FUNDED,LODORE NURSING HOME,24746786,"29,800.06 ",,105333
Department of Health,NHS Sutton CCG,11/30/2018,Hcare Srv Rec NHS Trust,AMBULANCE SERVICES,LONDON AMBULANCE SERVICE NHS TRUST,24753249,"595,720.00 ",654967192,L0019135
Department of Health,NHS Sutton CCG,11/30/2018,Clinical&Medical-Othe Public Sector,CARERS,LONDON BOROUGH OF SUTTON,24937431,"29,583.00 ",,3184911850
Department of Health,NHS Sutton CCG,11/30/2018,Services From Local Authorities,PRIMARY CARE INVESTMENTS,LONDON BOROUGH OF SUTTON,24536367,"33,633.60 ",,3184865971
Department of Health,NHS Sutton CCG,11/30/2018,Clinical&Medical-Othe Public Sector,CHC CHILDREN,LONDON BOROUGH OF SUTTON,24598029,"55,918.24 ",,3184899110
Department of Health,NHS Sutton CCG,11/30/2018,Clinical&Medical-Othe Public Sector,MENTAL HEALTH SERVICES - COLLABORATIVE COMMISSIONING,LONDON BOROUGH OF SUTTON,24937431,"110,000.00 ",,3184911850
Department of Health,NHS Sutton CCG,11/30/2018,Clinical&Medical-Othe Public Sector,CARERS,LONDON BOROUGH OF SUTTON,24546677,"139,583.00 ",,3184900060
Department of Health,NHS Sutton CCG,11/30/2018,Clinical&Medical-Othe Public Sector,CARERS,LONDON BOROUGH OF SUTTON,24546679,"140,482.00 ",,3184900050
Department of Health,NHS Sutton CCG,11/30/2018,Clinical&Medical-Othe Public Sector,REABLEMENT,LONDON BOROUGH OF SUTTON,24546679,"395,850.00 ",,3184900050
Department of Health,NHS Sutton CCG,11/30/2018,Clinical&Medical-Othe Public Sector,REABLEMENT,LONDON BOROUGH OF SUTTON,24546677,"396,750.00 ",,3184900060
Department of Health,NHS Sutton CCG,11/30/2018,Clinical&Medical-Othe Public Sector,REABLEMENT,LONDON BOROUGH OF SUTTON,24937431,"396,750.00 ",,3184911850
Department of Health,NHS Sutton CCG,11/30/2018,Clinical&Medical-Othe Public Sector,COMMUNITY SERVICES,LONDON BOROUGH OF SUTTON,24546677,"485,834.00 ",,3184900060
Department of Health,NHS Sutton CCG,11/30/2018,Clinical&Medical-Othe Public Sector,COMMUNITY SERVICES,LONDON BOROUGH OF SUTTON,24937431,"485,834.00 ",,3184911850
Department of Health,NHS Sutton CCG,11/30/2018,Clinical&Medical-Othe Public Sector,COMMUNITY SERVICES,LONDON BOROUGH OF SUTTON,24546679,"485,835.00 ",,3184900050
Department of Health,NHS Sutton CCG,11/30/2018,C&M-PMS Contract Value,PRC DELEGATED CO-COMMISSIONING,MALDON ROAD SURGERY,24666149,"25,690.30 ",,LNP000029990
Department of Health,NHS Sutton CCG,11/30/2018,Cont Care-Learning Disab(<65),CHC ADULT FULLY FUNDED,MCCH SOCIETY LTD,24763387,"30,699.90 ",,SIN421289
Department of Health,NHS Sutton CCG,11/30/2018,Hlthcre-Foundation Trsts,ACUTE COMMISSIONING,MOORFIELDS EYE HOSPITAL NHS FOUNDATION TRUST,24872844,"82,736.00 ",654930716,IC0035856
Department of Health,NHS Sutton CCG,11/30/2018,Charges from CSU,PRIMARY CARE IT,NHS NEL CSU,24829141,"29,869.17 ",GB654442045,7312807651
Department of Health,NHS Sutton CCG,11/30/2018,Charges from CSU,RECHARGES,NHS NEL CSU,24763384,"110,485.51 ",GB654442045,7312807622
Department of Health,NHS Sutton CCG,11/30/2018,C&M-PMS Contract Value,PRC DELEGATED CO-COMMISSIONING,R S A SEYAN,24666145,"79,878.33 ",,LNP000029986
Department of Health,NHS Sutton CCG,11/30/2018,C&M-PMS Prem Actual Rent,PRC DELEGATED CO-COMMISSIONING,R S A SEYAN,24666145,"122,400.00 ",,LNP000029986
Department of Health,NHS Sutton CCG,11/30/2018,Hlthcre-Foundation Trsts,ACUTE COMMISSIONING,ROYAL BROMPTON & HAREFIELD NHS FOUNDATION TRUST,24557486,"43,555.64 ",654968091,S004679
Department of Health,NHS Sutton CCG,11/30/2018,Hcare Srv Rec Fdtn Trust-Over/ Under Performance,ACUTE COMMISSIONING,ROYAL MARSDEN NHS FOUNDATION TRUST (THE),24889150,"33,815.00 ",65 4947396,45752127
Department of Health,NHS Sutton CCG,11/30/2018,Hlthcre-Foundation Trsts,ACUTE COMMISSIONING,ROYAL MARSDEN NHS FOUNDATION TRUST (THE),24889158,"90,397.05 ",65 4947396,45750187
Department of Health,NHS Sutton CCG,11/30/2018,Hlthcre-Foundation Trsts,COLLABORATIVE COMMISSIONING,ROYAL MARSDEN NHS FOUNDATION TRUST (THE),24746776,"93,827.00 ",65 4947396,45749237
Department of Health,NHS Sutton CCG,11/30/2018,Clinical&Medical-Independent Sector,COLLABORATIVE COMMISSIONING,ROYAL MARSDEN NHS FOUNDATION TRUST (THE),24784952,"93,827.00 ",65 4947396,45748281
Department of Health,NHS Sutton CCG,11/30/2018,Hlthcre-Foundation Trsts,COMMUNITY SERVICES,ROYAL MARSDEN NHS FOUNDATION TRUST (THE),24746777,"103,539.00 ",65 4947396,45753649
Department of Health,NHS Sutton CCG,11/30/2018,Clinical&Medical-Serv Recd-F Trsts,PROGRAMME PROJECTS,ROYAL MARSDEN NHS FOUNDATION TRUST (THE),24763380,"214,154.00 ",65 4947396,45754780
Department of Health,NHS Sutton CCG,11/30/2018,Hlthcre-Foundation Trsts,ACUTE COMMISSIONING,ROYAL MARSDEN NHS FOUNDATION TRUST (THE),24574590,"414,949.58 ",65 4947396,45754866
Department of Health,NHS Sutton CCG,11/30/2018,Hlthcre-Foundation Trsts,COMMUNITY SERVICES,ROYAL MARSDEN NHS FOUNDATION TRUST (THE),24786047,"1,345,992.00 ",65 4947396,45754874
Department of Health,NHS Sutton CCG,11/30/2018,Clinical&Medical-Serv Recd-F Trsts,PROGRAMME PROJECTS,ROYAL MARSDEN NHS FOUNDATION TRUST (THE),24763379,"2,216,000.00 ",65 4947396,45754777
Department of Health,NHS Sutton CCG,11/30/2018,Hcare Srv Rec NHS Trust,IMPROVING ACCESS TO PSYCHOLOGICAL THERAPIES,SOUTH WEST LONDON AND ST GEORGE`S MENTAL HEALTH NHS TRUST,24856497,"215,563.00 ",654964789,P0063327
Department of Health,NHS Sutton CCG,11/30/2018,Hcare Srv Rec NHS Trust,IMPROVING ACCESS TO PSYCHOLOGICAL THERAPIES,SOUTH WEST LONDON AND ST GEORGE`S MENTAL HEALTH NHS TRUST,24654473,"278,563.00 ",654964789,P0063075
Department of Health,NHS Sutton CCG,11/30/2018,Hcare Srv Rec NHS Trust,MENTAL HEALTH CONTRACTS,SOUTH WEST LONDON AND ST GEORGE`S MENTAL HEALTH NHS TRUST,24654535,"865,634.60 ",654964789,P0063323
Department of Health,NHS Sutton CCG,11/30/2018,Hcare Srv Rec NHS Trust,MENTAL HEALTH CONTRACTS,SOUTH WEST LONDON AND ST GEORGE`S MENTAL HEALTH NHS TRUST,24856569,"1,110,335.00 ",654964789,P00633230
Department of Health,NHS Sutton CCG,11/30/2018,Hlthcre-Foundation Trsts,CLINICAL ASSESSMENT AND TREATMENT CENTRES,ST GEORGES UNIVERSITY HOSPITALS NHS FOUNDATION TRUST,24858158,"1,339,461.40 ",GB654461922,6444605
Department of Health,NHS Sutton CCG,11/30/2018,Clinical&Medical-Independent Sector,GP FORWARD VIEW,SUTTON GP SERVICES LTD,24856510,"51,354.00 ",,59
Department of Health,NHS Sutton CCG,11/30/2018,Cont Care-Learning Disab(<65),CHC AD FULL FUND PERS HLTH BUD,THOMPSON SNELL&PASSMORE,24597995,"67,850.89 ",,048
Department of Health,NHS Sutton CCG,11/30/2018,Hlthcre-Foundation Trsts,ACUTE COMMISSIONING,UNIVERSITY COLLEGE LONDON HOSPITALS NHS FOUNDATION TRUST,24574582,"39,370.00 ",654948687,5010182406
Department of Health,NHS Sutton CCG,11/30/2018,C&M-PMS Out of Hours Opt Outs,OUT OF HOURS,VOCARE LTD,24613794,"105,067.42 ",GB-1254 719 18,ARIN2600008641
Department of Health,NHS Sutton CCG,11/30/2018,Clinical&Medical-Independent Sector,NHS 111,VOCARE LTD,24613794,"106,772.75 ",GB-1254 719 18,ARIN2600008641
